"mail"|"password"
"melodie.vandervlies@edu.tbz.ch"|"WFbMJZ-eEwSh0-UE%bo5"
"angele.edgecumbe@edu.tbz.ch"|"wfPxUQ-i@vP1I-4eJ1lw"
"zhi.andreasson@edu.tbz.ch"|"#bTolt-1U#3@0-LyXyP5"
"judicael.koppeck@edu.tbz.ch"|"R0DFuU-mQzs@U-c1XF3R"
"berengere.capron@edu.tbz.ch"|"fWac1N-d2x@b4-VySfAW"
"leonie.brosini@edu.tbz.ch"|"IzFwD7-zt92Ow-wLbiyZ"
"venus.garfit@edu.tbz.ch"|"wrQAcB-loeLyM-XlpHKe"
"melina.janota@edu.tbz.ch"|"fruW8N-6inzG0-2Qp2bf"
"laurene.bake@edu.tbz.ch"|"gaAuI$-%wEMB8-wbw9KU"
"regine.dorkins@edu.tbz.ch"|"J$M4xK-89P$rT-h%R5L7"
"cecile.moffet@edu.tbz.ch"|"j#RmNf-48&lr8-jSwbES"
"maelann.labrone@edu.tbz.ch"|"Q6oROg-PB5CtH-uznexc"
"melinda.newbold@edu.tbz.ch"|"SRyvCQ-puhI&L-4i%3eQ"
"mans.itzhak@edu.tbz.ch"|"bqNatp-w&573o-wPdHT4"
"melodie.pattlel@edu.tbz.ch"|"0&D4Yo-6ZIwwH-hSM00g"
"celine.bonett@edu.tbz.ch"|"dMPMcP-eE0PKa-c8peDw"
"adelie.mcgreal@edu.tbz.ch"|"fver&s-hRTWgh-nJCumA"
"helene.soldan@edu.tbz.ch"|"aSZ@P0-L$YNBk-LI0Kc&"
"michele.cluer@edu.tbz.ch"|"sP#Jzx-&9zwGf-DQMdfW"
"maeline.mueller@edu.tbz.ch"|"wi5cj1-X1scSA-UBJCft"
"maelann.benedito@edu.tbz.ch"|"bKb8Wi-CvlLy2-uY1vVS"
"nuo.gransden@edu.tbz.ch"|"tgj@4e-7vLoU8-%aLaww"
"berengere.stainton@edu.tbz.ch"|"Q@w1n7-E3VSHo-Cf3Uze"
"wa.sabater@edu.tbz.ch"|"rMiUJ&-xcL&5&-3Ts$VY"
"anais.cochran@edu.tbz.ch"|"jaj%tD-3vq83#-H5MA1t"
"gerald.bessant@edu.tbz.ch"|"Yw&z11-#kKXTG-qx2nQb"
"ruo.coffin@edu.tbz.ch"|"$oMd67-qHo8WP-pGE3Yz"
"melodie.mustill@edu.tbz.ch"|"aupS$2-6p6NBQ-NkbpB9"
"ruo.stanesby@edu.tbz.ch"|"GbuQl#-6A49mg-wo0lrQ"
"noemie.antognelli@edu.tbz.ch"|"gdPi@o-X%2hoW-IM$708"
"maelann.hughson@edu.tbz.ch"|"$CSAsJ-M&m26W-Ww1@uT"
"milena.mieville@edu.tbz.ch"|"CuhOS#-e4X%Bj-HSusle"
"mailys.chamberlin@edu.tbz.ch"|"tCQI9l-QC@Ik8-hO42@z"
"nadege.tomalin@edu.tbz.ch"|"jnHweL-IokSny-OSipSW"
"oceane.omara@edu.tbz.ch"|"b@l0e@-cSSLnw-1EOG14"
"cecile.aguirrezabala@edu.tbz.ch"|"LuMI1A-mmdXyp-L%%k$y"
"maella.gwillim@edu.tbz.ch"|"J@ItZZ-UFsV3w-Ye70DV"
"lea.mcgahey@edu.tbz.ch"|"5K5IWo-ZwN#Ik-yUOk8U"
"laurene.hagerty@edu.tbz.ch"|"5r$aJz-JFtwQW-U3gUCE"
"dorothee.link@edu.tbz.ch"|"jSpYvM-nHa5t8-ez32RE"
"clementine.kynsey@edu.tbz.ch"|"w9ndFa-NhWiyl-ZUOXz8"
"lorene.smitherman@edu.tbz.ch"|"rkodkZ-uMrTs#-LTdW8K"
"cleopatre.klulicek@edu.tbz.ch"|"#1zWpD-fPhgCZ-R9CKT$"
"laurene.castaneda@edu.tbz.ch"|"ixu5kk-gde2bJ-Evq2P@"
"melia.constant@edu.tbz.ch"|"ztZfXq-wEOX@z-yYpX5Y"
"lucrece.clunie@edu.tbz.ch"|"&iV4#U-GhiNIR-YMAeid"
"eleonore.mcmurthy@edu.tbz.ch"|"%mAgbB-lDzYGA-zY8e%A"
"melia.bevar@edu.tbz.ch"|"yN%zZq-XZlKy7-oYG7qg"
"camelia.bontine@edu.tbz.ch"|"JgP4pP-cA3WFw-PJMPrl"
"methode.jozefczak@edu.tbz.ch"|"AnpFKe-hORKOh-IN8vyF"
"audreanne.hinsche@edu.tbz.ch"|"AAF65p-yvgqDL-tWM6hF"
"andree.varne@edu.tbz.ch"|"idZ1%J-TDyGEL-PFHkwM"
"marten.kinleyside@edu.tbz.ch"|"d&vp&U-&YLwbG-&%oLJG"
"esteve.mcewan@edu.tbz.ch"|"mh3j8P-YudQFb-8FH6Qe"
"leane.dibbert@edu.tbz.ch"|"JBSkMj-d0%uwT-hvJ$tQ"
"ma.thewlis@edu.tbz.ch"|"3XcA%8-GIL26j-2w4#Xd"
"clea.djurkovic@edu.tbz.ch"|"7jL8i5-lLEk4d-mkSKIn"
"rachele.reburn@edu.tbz.ch"|"9siBwn-mhGgr5-i19Pjy"
"gerald.gowling@edu.tbz.ch"|"yQ7Dsd-ofH4tU-Ctn5wg"
"cleopatre.jackson@edu.tbz.ch"|"kI@1C7-UxV$SX-%EjGov"
"desiree.haskins@edu.tbz.ch"|"2hcbys-dZ6WDd-Rp4aJJ"
"eleonore.longson@edu.tbz.ch"|"wD4%Sj-Dk@Axq-kG342b"
"leane.dybell@edu.tbz.ch"|"@vhjAm-Wstz%k-g2aQJ@"
"becassine.grzesiak@edu.tbz.ch"|"cpe7ol-%KrKhz-TK#3GC"
"marie-josee.pickin@edu.tbz.ch"|"Q2GoL#-iv%%$u-WlWd6S"
"marie-josee.roxby@edu.tbz.ch"|"207HqH-PLaQUZ-MWcsX8"
"leonie.feenan@edu.tbz.ch"|"4%VBKX-Q1OH9M-ICFVHz"
"valerie.ellum@edu.tbz.ch"|"mPmWdx-XpTrgp-6T47md"
"ju.caseri@edu.tbz.ch"|"eK4&2V-FHbMaF-Nv3VOO"
"boerje.strangman@edu.tbz.ch"|"6uFIP$-2pX#T3-WEFBk2"
"beatrice.ghidelli@edu.tbz.ch"|"$EgMeB-8uJgs7-T&wY3l"
"da.jablonski@edu.tbz.ch"|"#Z4IFP-GyT9nU-8gguIo"
"uo.beveridge@edu.tbz.ch"|"pJz$0L-NY8g2O-sSKSN%"
"valerie.bestman@edu.tbz.ch"|"Gun9lO-XKgtev-dQQkSn"
"marlene.pohls@edu.tbz.ch"|"BbV17N-KHEdLG-l2sgy3"
"ma.nolda@edu.tbz.ch"|"qZtTNm-SWIAqt-qhcygC"
"marlene.bisiker@edu.tbz.ch"|"03ULPq-ol4#Z5-faHUYp"
"estee.babon@edu.tbz.ch"|"87iI7Y-oSIfwQ-5G%ogA"
"simplifies.dmisek@edu.tbz.ch"|"lMNiTI-$U6yYo-rNqgoC"
"selene.ganing@edu.tbz.ch"|"6H3tHa-reMN0z-AVZLpQ"
"meryl.penke@edu.tbz.ch"|"socEL9-ooSK3W-ig$hVD"
"anais.rawcliff@edu.tbz.ch"|"PldrR$-1qui5v-59oWSB"
"melina.andri@edu.tbz.ch"|"W$Pl2I-2L4Ear-0J2AT9"
"audreanne.fodden@edu.tbz.ch"|"4Lb18y-rJK$We-vDL@w1"
"bjoern.spellesy@edu.tbz.ch"|"efjsQp-M7z%&g-&H1aT9"
"francoise.summerscales@edu.tbz.ch"|"jCmK3Y-PbO3w%-kXh8#H"
"laurene.ashtonhurst@edu.tbz.ch"|"Lemw#Z-2ZQGmS-j3qUH9"
"valerie.petters@edu.tbz.ch"|"yUjEbz-kIzUt0-EYlSUB"
"anael.spenclay@edu.tbz.ch"|"M5bmaY-duarX$-PtOVo1"
"stephanie.keech@edu.tbz.ch"|"DuVTmI-Whtk4P-m4ooDi"
"ines.deveril@edu.tbz.ch"|"UMzHrr-QEMYzz-$B5tSC"
"berenice.gelder@edu.tbz.ch"|"YioRiM-ngWEr0-3vLUXm"
"melanie.ofogerty@edu.tbz.ch"|"CH&#oU-DKGI8#-E%1T%E"
"frederique.canepe@edu.tbz.ch"|"m4#U4N-f@oKWL-M4hCnt"
"nuo.otton@edu.tbz.ch"|"5ka4NN-lZnM6o-2zVGeq"
"genevieve.trusler@edu.tbz.ch"|"g9Gc69-ksVPKu-p3Rfc9"
"ju.boag@edu.tbz.ch"|"cvVx5i-AreMrQ-3#MTIP"
"josephine.dilucia@edu.tbz.ch"|"#Qhx86-8UcsG1-LGtaSp"
"laurene.armsden@edu.tbz.ch"|"SuKow4-4YdloR-5NZjyd"
"becassine.griffe@edu.tbz.ch"|"CjTN5x-wJE@O2-B8VxKd"
"alois.parres@edu.tbz.ch"|"@qQ%Cn-w%x4Ar-0HoBQ@"
"cleopatre.gaffey@edu.tbz.ch"|"cyN0W4-woHmun-IrM57e"
"andre.stiger@edu.tbz.ch"|"3fYhYq-pfbydo-FNrkub"
"beatrice.godleman@edu.tbz.ch"|"Pp7AYD-xe8mKs-xvTR8N"
"hakan.harrhy@edu.tbz.ch"|"dTbOY4-60%qUl-uWAOv0"
"celestine.dagnan@edu.tbz.ch"|"0Cr$vj-B@FcKW-U@BWq8"
"clemence.haggart@edu.tbz.ch"|"FuM$rk-mN1gzr-zHm#7m"
"long.caban@edu.tbz.ch"|"sRP&@2-f$zyPU-5De#v3"
"gaetane.grimble@edu.tbz.ch"|"@Z5jtg-iU64$G-eqT5zP"
"maelann.piwall@edu.tbz.ch"|"%a94&d-6mv4v%-xz053r"
"magdalene.loble@edu.tbz.ch"|"o8M9a1-Enq2PN-ksH8sf"
"veronique.domaschke@edu.tbz.ch"|"25G3l5-03tdil-N%33vL"
"clea.herity@edu.tbz.ch"|"%lfNdC-E1rJf&-pludmm"
"maelann.bambrough@edu.tbz.ch"|"B#ICml-JwY&lb-AViyjS"
"clea.goulstone@edu.tbz.ch"|"XMUkXA-Qv3pRG-NjEWNg"
"renee.deleek@edu.tbz.ch"|"iRSMgT-SqQAh8-XJz@bu"
"boerje.rudderham@edu.tbz.ch"|"7kQSjv-4u3zTK-WLdu#c"
"marylene.broune@edu.tbz.ch"|"&G#@l&-@m5dtO-jIbWv2"
"nadege.mccuish@edu.tbz.ch"|"gXdIzO-RWN5wK-FEcjAq"
"anael.littleover@edu.tbz.ch"|"ALFjbs-looCV1-jJL@VW"
"lie.baume@edu.tbz.ch"|"VDsD$2-BxoC@D-upewuu"
"maella.murrow@edu.tbz.ch"|"wE$fOq-Vt36j2-U4Oj2D"
"cleopatre.pettifor@edu.tbz.ch"|"LpBTGE-kkEWyt-f1x0ZZ"
"geraldine.asker@edu.tbz.ch"|"9BGPoD-rb5$Wp-Izhm4l"
"gaetane.smedmore@edu.tbz.ch"|"a9Mqeb-@&mvti-#K3Me9"
"meryl.blencoe@edu.tbz.ch"|"JLGcT@-9uT8TT-rfBPgM"
"aurelie.chastaing@edu.tbz.ch"|"HKXNIz-If01UC-qwIPZ%"
"oceanne.marthen@edu.tbz.ch"|"TXqd&g-i4MZri-uRmJxX"
"dorothee.burrill@edu.tbz.ch"|"tUSV1B-uABX9E-t%$A0b"
"hakan.belden@edu.tbz.ch"|"Sn1wdp-EKavjp-wnhKaP"
"celine.brunning@edu.tbz.ch"|"4w6@ub-RS6g1Q-9RQT7x"
"anael.lapides@edu.tbz.ch"|"WL&wcI-eX6LJP-iGE#u#"
"ruo.saffran@edu.tbz.ch"|"BtQ@zz-sr7S#M-#zDPS4"
"loic.gerretsen@edu.tbz.ch"|"Yo2e4&-Pkyf&r-UqNz@q"
"rui.fitzer@edu.tbz.ch"|"Ef9Hc8-S#Pol#-p8w$F8"
"annotee.ogers@edu.tbz.ch"|"#UXYfQ-Avz7t9-rCIm68"
"boerje.bindin@edu.tbz.ch"|"223Lu5-vCD362-bUQ8Lu"
"ma.cronchey@edu.tbz.ch"|"Z@8gjx-#0@rbu-T$$y#Y"
"laurelie.baiyle@edu.tbz.ch"|"lh4W6Q-99rIe6-rKxzN$"
"dorothee.older@edu.tbz.ch"|"B3Y@o0-WaABBY-eaPSE0"
"laurena.wile@edu.tbz.ch"|"uo4Mc8-QKBgzp-EE6mYy"
"clemence.brito@edu.tbz.ch"|"wYdVI@-bJQ8N&-2Jy5Cw"
"nadege.dallin@edu.tbz.ch"|"bKeGy@-p@zXNt-G@Qzk8"
"mailis.matley@edu.tbz.ch"|"#rU2Qw-U4zmir-9u7JzD"
"daniele.screaton@edu.tbz.ch"|"vWHFLa-&12YLG-5H%ebV"
"mediamass.godly@edu.tbz.ch"|"n38Ul8-ICG5Db-065d8P"
"leone.kremer@edu.tbz.ch"|"&ngLnx-eHD6lM-wJpSNi"
"asa.adrian@edu.tbz.ch"|"uPOc1D-ql6Anm-MbQk7#"
"adele.doley@edu.tbz.ch"|"gerVTS-EFPuNK-0uru1h"
"fei.sidney@edu.tbz.ch"|"8Kf@CU-HJFCKo-RChtMf"
"marie-josee.walisiak@edu.tbz.ch"|"R%dI8o-%BWyx4-PlmReV"
"desiree.diplock@edu.tbz.ch"|"Fz@N0M-RuLDWg-Li8jks"
"gisele.schust@edu.tbz.ch"|"sjOhkr-GVT4TN-vf030E"
"ma.longshaw@edu.tbz.ch"|"3ZiJn2-%Quzi5-zpflAd"
"da.boother@edu.tbz.ch"|"QefCi8-f&6Qn0-6%X7Nn"
"simplifies.chaudhry@edu.tbz.ch"|"SGMqho-J0DZBX-3qJiFx"
"garcon.baniard@edu.tbz.ch"|"0$wEbP-iBUwQW-j5s7Xb"
"gaetane.elphee@edu.tbz.ch"|"rSEFPX-IiaB%N-CTEDVP"
"gisele.hassey@edu.tbz.ch"|"thQ#sX-tqTibB-pzwfHP"
"oceanne.booley@edu.tbz.ch"|"SK@WfZ-x0AlBO-V$GTzK"
"oerjan.dibden@edu.tbz.ch"|"cOO4vP-0Ig%SZ-1D#msN"
"regine.ocleary@edu.tbz.ch"|"PRyXUu-CzsyvQ-ZJSNwT"
"selene.persse@edu.tbz.ch"|"#uAQIz-7TFljV-HFent8"
"helena.adenot@edu.tbz.ch"|"VesEB7-C@dymT-oREH%L"
"maelann.wassung@edu.tbz.ch"|"9&Sa8y-Dvw2IK-OSF@3U"
"frederique.ackermann@edu.tbz.ch"|"uxHQc4-VHkMxe-&KFGgA"
"audreanne.kahen@edu.tbz.ch"|"JwXha$-Rk@av$-zmyULO"
"maiwenn.lasty@edu.tbz.ch"|"93&t3G-ZKvn3p-qwiSx9"
"yu.dictus@edu.tbz.ch"|"%bCwMh-u8BqPZ-hi$FU7"
"anae.dukes@edu.tbz.ch"|"MizkR8-nK5E%e-JMt9KO"
"yenora.warr@edu.tbz.ch"|"mfvUn$-o8KBrS-gFT7uk"
"esbjoern.archibold@edu.tbz.ch"|"USYrsH-J#CTy3-SzOM#i"
"milena.pardal@edu.tbz.ch"|"wva0RY-Zin5N%-h1ArtC"
"celestine.graveston@edu.tbz.ch"|"UcS2vh-dM#MG5-252vJ1"
"maena.dallas@edu.tbz.ch"|"S4fqyx-rYVwWP-3&sU9$"
"andree.tuke@edu.tbz.ch"|"dPFrB2-11aAoY-adaeeh"
"methode.seldner@edu.tbz.ch"|"Ttwcj6-OVTpaR-Ef&Ust"
"venus.bullas@edu.tbz.ch"|"j#V10y-WUhWY0-PRiWMy"
"mans.aguirrezabal@edu.tbz.ch"|"RfLJI8-Z0WWP4-8d1zKN"
"gaelle.eadington@edu.tbz.ch"|"3#ilF&-cYcncG-NahzF7"
"anaelle.falkner@edu.tbz.ch"|"c7gQ1D-ImvowB-BqI5XF"
"ophelie.height@edu.tbz.ch"|"ff0mhx-HYOO5Y-WwpV@$"
"marten.bolding@edu.tbz.ch"|"sU4EI&-8RnykL-ITo7cT"
"pelagie.guswell@edu.tbz.ch"|"o8BB52-qWUm6@-AO72Mr"
"gwenaelle.lecount@edu.tbz.ch"|"$sRVCS-2%4Mnv-5LI5UW"
"hakan.laden@edu.tbz.ch"|"XbzvKU-r3IIyA-Fg4fb8"
"marie-josee.hylands@edu.tbz.ch"|"gwc3Er-QNKPXO-ysRrMT"
"zoe.kingshott@edu.tbz.ch"|"o0#7X0-dLlEwk-vV7LY4"
"josee.janous@edu.tbz.ch"|"KEwFaL-1bp8sr-L#XBuy"
"laurene.gallally@edu.tbz.ch"|"yWFXJc-J2PSdd-MCnJH&"
"anael.bickle@edu.tbz.ch"|"&l1Hp%-uIHLlp-E&im%5"
"mediamass.lebbern@edu.tbz.ch"|"cIBSay-0H@5st-J52sQR"
"berengere.hovy@edu.tbz.ch"|"8fWGxl-TYws&@-xojqZG"
"oerjan.kilmurray@edu.tbz.ch"|"TzpqbV-W4UyBA-LglaE6"
"asloeg.venny@edu.tbz.ch"|"B@fY0q-HhW7fV-NWUM8w"
"marie-noel.stoad@edu.tbz.ch"|"CMUO92-4lgc6o-7Ykey2"
"hakan.pettifor@edu.tbz.ch"|"Ve&4Uf-RT&0E1-KhauCQ"
"maella.willgrass@edu.tbz.ch"|"Cjdw#M-$PK%XV-o1M$kA"
"therese.ludovici@edu.tbz.ch"|"dLdPNN-bV75y0-Vd6FZN"
"stephanie.trewhitt@edu.tbz.ch"|"GrJDfY-R3E3Kd-Q#udbi"
"maerta.bauduccio@edu.tbz.ch"|"4phEN$-wOe@2B-UULRzM"
"gaetane.glaisner@edu.tbz.ch"|"caB8i$-hZo3z0-n6ah6V"
"naeva.pargeter@edu.tbz.ch"|"Q8HmfV-1UYOs4-feaQPv"
"salome.venable@edu.tbz.ch"|"dSNEDe-UVQPRv-XJ04fA"
"boerje.thickett@edu.tbz.ch"|"Ua57O7-#l4Ask-rl9CE5"
"lucrece.prendergrass@edu.tbz.ch"|"q%9re%-268lQ%-3306KB"
"laurene.ockleshaw@edu.tbz.ch"|"y8X$hm-sr7BAs-KfqPX6"
"cecilia.pasticznyk@edu.tbz.ch"|"KTXpHj-qz6XFn-XCQOKZ"
"stevina.mackey@edu.tbz.ch"|"4qo#c%-z60zxd-5#KSaD"
"marie-noel.reven@edu.tbz.ch"|"RQj3am-byYyYr-8qfq7P"
"melina.quilkin@edu.tbz.ch"|"FBqNy5-W$BRE$-3SQC$Y"
"marie-noel.ferrie@edu.tbz.ch"|"GdN7f1-GHi4Dq-%a3$Nr"
"leone.alphege@edu.tbz.ch"|"Vcl%ni-HOnzA5-epSmoI"
"zoe.leverson@edu.tbz.ch"|"&0OM&G-73QdYf-f9P2uY"
"annotes.grayne@edu.tbz.ch"|"mRJVrT-dNGu4u-0@NUTW"
"faites.lalley@edu.tbz.ch"|"f#vraf-BgvdZO-g2nzxl"
"adele.wallis@edu.tbz.ch"|"Oxgab6-&BQoGD-vLUMfY"
"severine.madill@edu.tbz.ch"|"N9Vosu-x03ugx-12B&Ht"
"valerie.tebb@edu.tbz.ch"|"O&7J0G-zDn1a%-#sKNRj"
"kalliste.rasper@edu.tbz.ch"|"pAjdmE-kdRGn%-bBoIM0"
"audreanne.palomba@edu.tbz.ch"|"LCfQGz-@atD2j-NoNmy0"
"elea.adamik@edu.tbz.ch"|"u7%Qky-XsinuT-7q$1Go"
"reserves.jakuszewski@edu.tbz.ch"|"@0rUQJ-9HCQQ#-rg6cbZ"
"athena.belhomme@edu.tbz.ch"|"9MbzGl-OjBX5W-wBx1CL"
"rebecca.crippin@edu.tbz.ch"|"ThXvwn-aOx#0O-nMWQPt"
"maiwenn.curman@edu.tbz.ch"|"q4nWbZ-T2kC0e-HNLPfe"
"andree.bunner@edu.tbz.ch"|"0qP$wB-Sjh4Vj-E%TWtl"
"ruo.winckles@edu.tbz.ch"|"L8onak-Luj00T-%jvDSE"
"naeva.buntine@edu.tbz.ch"|"YQcVjM-Q@d@Ry-rZNrJ8"
"boerje.dollard@edu.tbz.ch"|"F5EUKS-BZQxrW-kadmTq"
"penelope.gorman@edu.tbz.ch"|"#tnsQ8-6xflMq-d52AUS"
"alois.robelin@edu.tbz.ch"|"LWaA5C-L43D8x-z32thQ"
"anaelle.tindle@edu.tbz.ch"|"x4Eibp-0bjsSB-&0FT4w"
"ye.frears@edu.tbz.ch"|"KgzbnP-m4f&Cd-7m$CGx"
"andree.ovid@edu.tbz.ch"|"goA&Gy-$DDkdq-0iFw@9"
"hakan.peat@edu.tbz.ch"|"$7tOVg-n5LxZm-TUqnDV"
"andre.januszewski@edu.tbz.ch"|"2tAs@F-A@qnI9-qcs2jO"
"annotes.clemmett@edu.tbz.ch"|"3B7sTI-@Zjiiv-&9attW"
"pal.lambswood@edu.tbz.ch"|"cfvM01-GE3ohU-dmkL16"
"yao.lenton@edu.tbz.ch"|"ptdgw&-xHJa@#-TF28Mh"
"hakan.boyton@edu.tbz.ch"|"8qheu9-TzS6rV-NBsTcD"
"nelie.forsey@edu.tbz.ch"|"0kCIVf-wiKpq0-eHY$k#"
"hakan.horche@edu.tbz.ch"|"rT8gyi-myO#QF-Lj#wgd"
"lorene.sinkings@edu.tbz.ch"|"lSp3XK-50hAun-GPjyg8"
"marie-therese.creddon@edu.tbz.ch"|"iweN6f-&AX2Ot-wD5oX3"
"berenice.tolworthy@edu.tbz.ch"|"UiV#aZ-fdhcCF-x%w8kb"
"theresa.land@edu.tbz.ch"|"3F07Ql-cixZEQ-qUk#Zq"
"marie-therese.gianilli@edu.tbz.ch"|"XRgAki-N5hi8C-RKyRQ3"
"meryl.glew@edu.tbz.ch"|"W@c2DF-bdf7Pe-h20BHv"
"adele.debling@edu.tbz.ch"|"M1oFkT-YqPP6H-KRnW#9"
"anae.metzke@edu.tbz.ch"|"LvMiCP-1eGW5G-NTtyHm"
"gaetane.gooden@edu.tbz.ch"|"OSl3%m-Fd1F1Q-k#Ba%H"
"laila.bootland@edu.tbz.ch"|"YIiBwQ-E7Rhg0-L24@Hl"
"maite.helsdon@edu.tbz.ch"|"ny2228-wV0m4l-JA3KIx"
"andree.malley@edu.tbz.ch"|"7Ipv#b-wm$NcG-fouhlz"
"pal.simmens@edu.tbz.ch"|"fh%aZ2-YL9Pko-TKl@5H"
"maelys.nuccitelli@edu.tbz.ch"|"gVm$pF-Yp5YJP-fte%fp"
"dafnee.sibary@edu.tbz.ch"|"AMCCfV-&IY1oo-DjHbX9"
"alois.harsnep@edu.tbz.ch"|"g6WUWD-j8Yqcc-Xq9pQd"
"marie-helene.lacky@edu.tbz.ch"|"rfgx5w-LmuPe7-NSjr3M"
"mylene.youthed@edu.tbz.ch"|"N8op8b-mIHBrR-6U61@G"
"marie-helene.dehmel@edu.tbz.ch"|"5s8ZqC-Oc6XqG-bxFP0N"
"angele.batman@edu.tbz.ch"|"eA1a25-E0qj%N-qnb57l"
"melia.younghusband@edu.tbz.ch"|"TkaAKr-S1kq@Q-h#jg&y"
"eloise.baldi@edu.tbz.ch"|"Gx7bB6-n1dVaY-9RtNaW"
"illustree.dun@edu.tbz.ch"|"@aJ4JK-DhlR%F-aozUiE"
"genevieve.late@edu.tbz.ch"|"WSJCR9-1o1LD3-OMp&p1"
"celestine.colville@edu.tbz.ch"|"fCese%-3B9z#A-B#x4&v"
"gwenaelle.scarlon@edu.tbz.ch"|"k5mYi3-77XkIi-L7VJCM"
"regine.boddie@edu.tbz.ch"|"EzD2UW-KzrgBp-ftfUbH"
"creez.gaughan@edu.tbz.ch"|"9x4NXF-yAm82e-7&c4Wa"
"gaia.longford@edu.tbz.ch"|"6G27nb-iJ$tFo-yPeiWc"
"mailis.buckby@edu.tbz.ch"|"wbUKwp-gOA&wE-omPb2J"
"song.parbrook@edu.tbz.ch"|"B%gAzQ-g0qMwD-BaFLz9"
"frederique.heddan@edu.tbz.ch"|"pVqfG1-EZcNQM-$8dgC8"
"ake.kirtlan@edu.tbz.ch"|"FhwHV7-qXcxC#-VJsDed"
"nelie.runciman@edu.tbz.ch"|"OXaQMK-LJe&SG-AxJE0v"
"mailis.cardnell@edu.tbz.ch"|"qJgzWk-Junk4S-8xkH2p"
"irene.navarro@edu.tbz.ch"|"OJtsHt-WGlVkV-Cw%Yun"
"maite.cough@edu.tbz.ch"|"YMPk3g-mvg5$6-iZb%Lb"
"anaelle.stocky@edu.tbz.ch"|"4rTtC@-Y1A2N8-W&T11v"
"methode.moulder@edu.tbz.ch"|"ixoJso-zbNnWj-CSOhOj"
"po.stafford@edu.tbz.ch"|"z0cFux-llcleo-r0Wbqk"
"faites.scraggs@edu.tbz.ch"|"c&NINj-YyWtlW-eABxMY"
"adelaide.dullard@edu.tbz.ch"|"7&AkrZ-Hbktcx-Ml%Gdc"
"desiree.leonard@edu.tbz.ch"|"BO4Nus-RxMs0L-KwZPMZ"
"geraldine.badgers@edu.tbz.ch"|"cb@KwT-qCeOsZ-pQc9ZK"
"ruo.masic@edu.tbz.ch"|"v5mMRT-jXTC3X-M$g8sw"
"aurelie.lieber@edu.tbz.ch"|"jUeppW-OEA7rA-CX1y6p"
"naelle.balcock@edu.tbz.ch"|"p3oObc-3kvjBD-sUN2Ah"
"camelia.elger@edu.tbz.ch"|"jpyTyO-FD3yn&-3HmhEL"
"publicite.oakeshott@edu.tbz.ch"|"C0f4Yu-ALueTL-cKH4w&"
"cleopatre.fawley@edu.tbz.ch"|"PgO8GK-k7dOx$-4TX8ua"
"laurene.bruckmann@edu.tbz.ch"|"rV5gHA-NOKxJT-Wv&Y8i"
"rui.haughton@edu.tbz.ch"|"zhWiRd-kkK2FQ-cJhXCm"
"asa.ladewig@edu.tbz.ch"|"c6AcJO-8Gexkn-ThtJdu"
"gisele.janecek@edu.tbz.ch"|"CnweBO-Oze$N$-bZKG3n"
"maily.loveridge@edu.tbz.ch"|"NU0@px-m&E&nf-$4oPzg"
"marie-eve.yurkiewicz@edu.tbz.ch"|"P6#QzH-#Lh3lV-0sBJ0W"
"fei.roder@edu.tbz.ch"|"j#Zgi5-CYxl0i-10pYa0"
"edmee.chatburn@edu.tbz.ch"|"sQ47%F-68NQ9f-aCQv4@"
"geraldine.darke@edu.tbz.ch"|"CHfxSE-4qnrMv-H&URUv"
"ye.jira@edu.tbz.ch"|"wIpvZi-n5UFva-0Ni#yO"
"publicite.persent@edu.tbz.ch"|"ueDwpm-7gtaVk-aax2&b"
"severine.wilcox@edu.tbz.ch"|"yhzkom-cKgCK#-pDeaSp"
"yao.mcclaren@edu.tbz.ch"|"K3V%xw-aFhnm$-smyFb&"
"theresa.foynes@edu.tbz.ch"|"XQRm6Y-P7gvXe-E7sHH&"
"stephanie.isley@edu.tbz.ch"|"@DUQvW-fafnuJ-R2B#HD"
"torbjoern.growy@edu.tbz.ch"|"HMbyGn-w2pOCq-L0x0ZG"
"eloise.tunnadine@edu.tbz.ch"|"pPbjZg-CN303t-@Cs#x2"
"maeline.cossentine@edu.tbz.ch"|"JPzsg2-GH8k#Z-lc1cYR"
"nelie.desantos@edu.tbz.ch"|"WqFC14-Ep%MHu-1D5c6@"
"gaetane.axston@edu.tbz.ch"|"ktmbBY-kjv%sq-ibq8Gn"
"aimee.merman@edu.tbz.ch"|"JyIfvW-Gs8OTK-JA39$2"
"oerjan.drivers@edu.tbz.ch"|"jEEDS4-GU3oHr-fwDSId"
"aimee.miroy@edu.tbz.ch"|"4$AuYy-DkVhOk-J1MR6Q"
"nelie.glyde@edu.tbz.ch"|"xQz6&X-ZBEn0Q-BPZEnN"
"hakan.kapelhof@edu.tbz.ch"|"f4cLS0-f@mNdI-&Q$Z$f"
"maelyss.cauley@edu.tbz.ch"|"@c@cA$-hjISFt-rFcQoi"
"elea.vaggs@edu.tbz.ch"|"XUnVWp-w4owh$-zv0cV2"
"maelys.but@edu.tbz.ch"|"TP6Xf8-PQFiFv-3vzcOX"
"maella.arthurs@edu.tbz.ch"|"W&GjuJ-w&$HlT-2ESjCH"
"adele.liebrecht@edu.tbz.ch"|"SsO6Xd-EcT4od-#iIU0Q"
"meline.lomasny@edu.tbz.ch"|"6yC5et-0sCyJx-4dgbxu"
"mediamass.schwant@edu.tbz.ch"|"bavjZk-1UHhJW-LyR3yb"
"leone.saunt@edu.tbz.ch"|"YyL%N&-D4c#Ar-Nagnt$"
"annotes.gouch@edu.tbz.ch"|"XP3oY@-MJwIa5-y4XBYX"
"gaetane.bowich@edu.tbz.ch"|"UMf5az-IVYgz%-GCQadE"
"alizee.strelitzki@edu.tbz.ch"|"o8rJ1a-j1Zksi-6Gg5mR"
"leone.poile@edu.tbz.ch"|"hcA0Ru-xdLyVU-fc$980"
"amelie.saban@edu.tbz.ch"|"53x6HF-B1PENZ-GjceD4"
"marten.mcmenamin@edu.tbz.ch"|"5xuWuU-YFF1uR-CyppQF"
"becassine.keets@edu.tbz.ch"|"PO5SHN-oLnqlv-iEFlUt"
"celine.million@edu.tbz.ch"|"zbTVMK-hwdkEs-znG8#M"
"geraldine.belitz@edu.tbz.ch"|"7l5nDM-q4VGjj-eOa&RK"
"salome.mardling@edu.tbz.ch"|"CEeza2-fUVsum-IuKsOu"
"melia.blakemore@edu.tbz.ch"|"M6fFe6-RfGs2v-%@LLLL"
"dafnee.mcaulay@edu.tbz.ch"|"xGWuAy-Qaj#4$-2qMn8Y"
"garcon.dennett@edu.tbz.ch"|"9vQodC-GBHGPT-&dEOaf"
"interessant.lesor@edu.tbz.ch"|"39Lssx-oixXQL-ijBvZa"
"annotee.wasbrough@edu.tbz.ch"|"HJ0e&2-fm8MrM-wFKzOX"
"asa.ibbeson@edu.tbz.ch"|"Q7rA#Z-ohGIZC-PI&ACM"
"maily.kennealy@edu.tbz.ch"|"WeHp9J-1W9B$V-7wG8l4"
"ye.seares@edu.tbz.ch"|"3U2uxM-fc74l5-n7Ev&d"
"athena.harbron@edu.tbz.ch"|"uUU$Da-ne5buq-4AouaU"
"andreanne.portail@edu.tbz.ch"|"Apz91H-puG&58-Sep1YP"
"goeran.zannelli@edu.tbz.ch"|"B01Px1-455vyO-n$6zgh"
"gerald.leathlay@edu.tbz.ch"|"GWq14J-Sb$d3n-jq$xUU"
"andreanne.chown@edu.tbz.ch"|"VFtxTy-1dg3s8-zJtRrh"
"esteve.clementel@edu.tbz.ch"|"sYAWQA-OrqFk@-ncfATz"
"leone.legan@edu.tbz.ch"|"dpExMg-BBeS&0-kZ#zLV"
"maena.pownall@edu.tbz.ch"|"nw7ZVd-fgzZrl-rJSXh$"
"andree.rettie@edu.tbz.ch"|"BEtuU6-h&8J9@-ZuLyI%"
"ines.kenwrick@edu.tbz.ch"|"%cPiH5-umae0L-SM52EP"
"marie-helene.yarnall@edu.tbz.ch"|"dcLWP4-q3vM2q-%5zjIs"
"po.martin@edu.tbz.ch"|"Fc6BET-S5D@BM-UP8S13"
"ruo.celiz@edu.tbz.ch"|"Xhx0RE-8DVm67-P%%iKE"
"po.bissett@edu.tbz.ch"|"WOGc1Z-Y0vN%n-wnoSuj"
"du.swindon@edu.tbz.ch"|"oqDjt%-brfkyT-bhftbX"
"interessant.gouldthorp@edu.tbz.ch"|"JwYkzF-KZVtLa-gDMAR1"
"leandre.lilburn@edu.tbz.ch"|"ORGcGw-4&g9s5-EE1OPV"
"bjoern.whales@edu.tbz.ch"|"u#R$F%-DmbZE4-Mjqgse"
"interessant.dieton@edu.tbz.ch"|"huswda-&qdzoM-xmSQzy"
"celestine.redhills@edu.tbz.ch"|"3efPFe-53RxBN-3OKaUK"
"tan.yakovlev@edu.tbz.ch"|"K9J7YX-t8qQ&l-P1RwMU"
"regine.mcdowell@edu.tbz.ch"|"RWg5rV-L0oN83-AJFb%T"
"ju.coysh@edu.tbz.ch"|"TTo#jk-UMNJmS-3&cFS4"
"reserves.ofallon@edu.tbz.ch"|"TbyK#v-8phPV2-LM3o77"
"frederique.sobey@edu.tbz.ch"|"@ANbOe-9xXN6$-ROCjvR"
"marie-eve.garstang@edu.tbz.ch"|"XSKO99-#SKT75-ZZmFTo"
"andre.tapin@edu.tbz.ch"|"GVUYpo-gz0YDa-Qjpb5y"
"esbjoern.eynon@edu.tbz.ch"|"ftCIgw-#GbDmB-RROwdR"
"maella.duffy@edu.tbz.ch"|"$xILD@-0%f8%4-NjmvFT"
"leandre.twinning@edu.tbz.ch"|"u#Hz07-XM1f2K-DIul3M"
"mai.whittingham@edu.tbz.ch"|"LCUO@W-4hsBo@-o7YMOJ"
"rachele.shevelin@edu.tbz.ch"|"mc4zow-yUTOMe-DPCOv$"
"cecile.mcure@edu.tbz.ch"|"@ZDFWb-q96ggZ-LdF1Yf"
"marie-eve.yurkevich@edu.tbz.ch"|"UAYupM-EpgbII-YbxGqu"
"almerinda.paice@edu.tbz.ch"|"tFLC7a-uz9fdi-07m0RU"
"rao.howkins@edu.tbz.ch"|"da5j74-Gnq1f%-UTHtnj"
"serena.pack@edu.tbz.ch"|"M7XYxe-@Ma4u7-pDV4tq"
"rebecca.mant@edu.tbz.ch"|"6mTAD0-&qA91y-vlP1fC"
"reserves.spitell@edu.tbz.ch"|"DyBfOO-GZnGN&-@Vjrv4"
"garcon.hamfleet@edu.tbz.ch"|"tVKgLY-byMZ7S-RZWdzH"
"methode.kerkham@edu.tbz.ch"|"FN9#G1-o&NWxE-qpm1Ca"
"pelagie.camies@edu.tbz.ch"|"Mbdeno-Pg4m7e-p@gwD2"
"josephine.macpharlain@edu.tbz.ch"|"j%cR1%-dYDtY5-32@%wl"
"eugenie.mathet@edu.tbz.ch"|"thguZm-KQHkWG-bBdmIr"
"gaetane.brangan@edu.tbz.ch"|"ALgSvU-UUq$sh-iAv9Hg"
"michele.dewbury@edu.tbz.ch"|"wtkSIf-NNYJrP-18WsUB"
"eugenie.elcott@edu.tbz.ch"|"oKR58a-uqXgLx-zE4mR5"
"megane.harniman@edu.tbz.ch"|"Ji4OCc-$gbxU5-MOC5eS"
"agnes.cluney@edu.tbz.ch"|"fHME&G-dduzPC-XaA00X"
"marie-helene.angear@edu.tbz.ch"|"CJswg3-B#%VTN-oFaTaJ"
"melia.dolphin@edu.tbz.ch"|"WCGSE2-6GX6pu-9jbK2Q"
"lois.ruseworth@edu.tbz.ch"|"85l9OE-8UmCaS-&y1tk2"
"mailys.ryding@edu.tbz.ch"|"h#DzWf-LHXSVw-B3H#nM"
"rachele.wulfinger@edu.tbz.ch"|"kJ8P2&-RT2Bcu-zkPnjP"
"gwenaelle.talton@edu.tbz.ch"|"i8%zVw-Y6j5P3-9WzJwI"
"long.ronchetti@edu.tbz.ch"|"6OP&yM-D@9yhZ-CWrL#q"
"styrbjoern.kloska@edu.tbz.ch"|"u$qlR&-x0aJLH-1rZKid"
"len.sudran@edu.tbz.ch"|"n30aqo-OlONAn-mYZ$sI"
"maelle.andrysek@edu.tbz.ch"|"d&Su4s-5veahw-Tqze$%"
"selene.senior@edu.tbz.ch"|"S@aS4J-qyRu7Q-#gy&g3"
"anais.joskovitch@edu.tbz.ch"|"hAcUdb-mmr&pl-8G6Ukw"
"marie-noel.dally@edu.tbz.ch"|"8wXCtO-NrmSFs-tNH$kw"
"marie-helene.laurence@edu.tbz.ch"|"pTnze1-qLjwzS-G7va2&"
"camelia.foxon@edu.tbz.ch"|"bIAv&J-7OWj0s-hhu#yU"
"helene.cankett@edu.tbz.ch"|"lVQ3LV-crvceo-9HavFS"
"marten.mitchelson@edu.tbz.ch"|"TZCNMZ-9mj%7c-rKY7uU"
"helena.stirtle@edu.tbz.ch"|"tVPgtL-RdhNUk-4@B#ZX"
"leane.barmby@edu.tbz.ch"|"98gmkS-R5jWjy-eBM$9B"
"goeran.ofinan@edu.tbz.ch"|"QQw6j0-dXafU1-F6oWHi"
"styrbjoern.proby@edu.tbz.ch"|"U6Uy7V-fAoY%0-akB5EB"
"zoe.halse@edu.tbz.ch"|"ZJJ@hQ-u#Huer-rK2z0P"
"kui.drable@edu.tbz.ch"|"tkYkM4-3SVCDq-K48AmQ"
"desiree.bamford@edu.tbz.ch"|"1TT0Rf-7mmN29-QAKoHs"
"zoe.suller@edu.tbz.ch"|"#doFD4-N8VaW$-@OBQKg"
"marylene.audiss@edu.tbz.ch"|"@@8hwa-cMyd5h-r9DjED"
"adelaide.poznanski@edu.tbz.ch"|"HC2257-o8lRB2-%ekfWS"
"maella.coleyshaw@edu.tbz.ch"|"yfrTey-$HHTZE-%n9KaD"
"marie-francoise.gelder@edu.tbz.ch"|"gQ3E%u-335s9H-$@bhPl"
"eleonore.chaffyn@edu.tbz.ch"|"c@aiVm-v2aL@9-3ZN7KU"
"celestine.sikorsky@edu.tbz.ch"|"Akw1yJ-E#cbC3-DtqgsA"
"stevina.londsdale@edu.tbz.ch"|"IKisl0-qEWND&-z#pr8y"
"maiwenn.nevitt@edu.tbz.ch"|"VbXgMJ-0WQxbC-rRXpJa"
"magdalene.gerrey@edu.tbz.ch"|"ReD##x-yOzCF0-7n1sxt"
"becassine.latimer@edu.tbz.ch"|"IYrNzJ-B#inmm-aCX77a"
"da.lethibridge@edu.tbz.ch"|"jTpv&U-eEZJD5-POc1be"
"mailys.claige@edu.tbz.ch"|"GN@@VX-jr6bcg-9IPq&s"
"maena.torbard@edu.tbz.ch"|"kqli5Q-9okBtc-vgR$YG"
"solene.lyvon@edu.tbz.ch"|"EmCcds-53vrpH-jUSu1P"
"marie-therese.benbrick@edu.tbz.ch"|"cq9cPj-X6pN@G-xPExi&"
"gerald.edmonson@edu.tbz.ch"|"SyMwel-HHtxv0-MTH08F"
"ake.messruther@edu.tbz.ch"|"KrPJyh-PXcVGw-dKsN8z"
"men.gosneye@edu.tbz.ch"|"KqR30#-ppgH4X-XnWPa8"
"anais.jefferys@edu.tbz.ch"|"nD8AL#-kw5nrc-y0DVOv"
"publicite.tregale@edu.tbz.ch"|"yeAnhW-Wmqk7t-3zEQdl"
"maily.santorini@edu.tbz.ch"|"Te87RZ-4P2Zei-PUPXpX"
"ines.pioch@edu.tbz.ch"|"z1o6Wb-UVfOT%-4y$nU7"
"noemie.marklew@edu.tbz.ch"|"rZVa1T-ZzGrQW-0mE4Ly"
"meghane.maccaffrey@edu.tbz.ch"|"Km77Aq-dTW4eJ-CvxHU@"
"berangere.ambrogio@edu.tbz.ch"|"ihAqnJ-#n#PtE-GGADhz"
"mediamass.ryce@edu.tbz.ch"|"kU2r%T-O5npa$-7PXcES"
"oesten.ubank@edu.tbz.ch"|"&eLyl7-mnKCAN-jCTrHb"
"melina.mackee@edu.tbz.ch"|"dCG5ls-l6TDJ1-FBZNXf"
"theresa.livezey@edu.tbz.ch"|"awmf#A-djUv7r-6SyPu&"
"clemence.weal@edu.tbz.ch"|"z#&GkB-nxzzOX-GkkMLd"
"faites.overton@edu.tbz.ch"|"rTLKmw-XUw%aE-QOGdOC"
"clea.lindblad@edu.tbz.ch"|"4isx@T-H&na$K-l&AnHq"
"josephine.roseaman@edu.tbz.ch"|"RH1%Y8-iWa%mk-mE$9aa"
"oesten.lowbridge@edu.tbz.ch"|"$Go#Gs-Q&wmWf-no@cm7"
"marie-josee.brion@edu.tbz.ch"|"X1jsam-5zxdIY-G$h&ue"
"therese.basili@edu.tbz.ch"|"dC52xx-K&qFHC-SLkucP"
"melia.vertigan@edu.tbz.ch"|"kS8KpB-PBCKf&-YGCgm5"
"judicael.saull@edu.tbz.ch"|"1M7lZi-SCj1kx-dmahw7"
"selene.valentine@edu.tbz.ch"|"mMc&40-fcc%73-WT18kV"
"verane.dunlap@edu.tbz.ch"|"I#ZoOn-tjHRDB-9ipsNZ"
"meline.kinnear@edu.tbz.ch"|"nSV&9%-WpJzde-xOox4R"
"lei.luttgert@edu.tbz.ch"|"aHWF%5-74aQqs-LrN9Ct"
"styrbjoern.lathleiffure@edu.tbz.ch"|"@uih$F-W$WpfC-TiB#Jr"
"marlene.blasi@edu.tbz.ch"|"KfkbRv-RXmeLZ-rA2%&l"
"mai.begwell@edu.tbz.ch"|"8a1KHM-YMewM6-37$jWM"
"gwenaelle.kaines@edu.tbz.ch"|"jHhkg7-N9XDly-2W24bt"
"gerald.adamthwaite@edu.tbz.ch"|"T8HL@%-jVMXG9-&UkKGh"
"kui.hartfield@edu.tbz.ch"|"C6Rglg-i@i02c-I%@2Di"
"salome.currao@edu.tbz.ch"|"@qd5YH-2L14m3-bpDiAi"
"angelique.tixier@edu.tbz.ch"|"WmqMXe-C9QpqZ-qJ2WDE"
"ju.mcgragh@edu.tbz.ch"|"1upMkL-SVp9uM-HTaolx"
"dafnee.beachem@edu.tbz.ch"|"DrMz2U-YOGMC@-j5Bo4b"
"creez.terlinden@edu.tbz.ch"|"#Jny0o-yFtaz7-c@ZvxV"
"uo.mcskeagan@edu.tbz.ch"|"ZPjUZW-NlsLJ6-MBGl%U"
"edmee.mccaughren@edu.tbz.ch"|"vI2V1M-V6ZA#I-CtyaaV"
"asloeg.cozby@edu.tbz.ch"|"xetT&O-EWJnAF-PJnAt@"
"melodie.traite@edu.tbz.ch"|"YrU94n-xcrnkm-YjQn10"
"dorothee.aindriu@edu.tbz.ch"|"k#KhY8-B%biRZ-2r#Kdg"
"daniele.doley@edu.tbz.ch"|"wslaXM-zPf3nC-MijMPm"
"mediamass.fairclough@edu.tbz.ch"|"ZaVUYp-HdTeau-peZ7xZ"
"lorene.rainforth@edu.tbz.ch"|"a3EgBi-#Peea0-0Wpu2Y"
"leonore.eyer@edu.tbz.ch"|"6w5Xda-EB&l8g-qm5ZgF"
"po.spillman@edu.tbz.ch"|"t8tpKv-q$zJua-2mSuZX"
"cecilia.plitz@edu.tbz.ch"|"Ezd@Gh-oL7p%k-8DMklt"
"lorene.ludlow@edu.tbz.ch"|"IZW9WU-Df1px@-G$WH54"
"berangere.neligan@edu.tbz.ch"|"V14uAa-YmFYqZ-2HPYAl"
"simplifies.huggan@edu.tbz.ch"|"fud5yg-H%hEAd-3yAdoH"
"clelia.prandy@edu.tbz.ch"|"%VTafb-73DSt5-V$VZB3"
"ake.osban@edu.tbz.ch"|"gWIyP2-VZkyd4-D$9MKj"
"cunegonde.brunn@edu.tbz.ch"|"C&0PM9-7jzhzt-cmS0yD"
"long.grizard@edu.tbz.ch"|"xtE%HC-46armr-S$YVv0"
"meghane.diss@edu.tbz.ch"|"SNtPDP-lLJEis-yrCf4M"
"therese.oldman@edu.tbz.ch"|"IEeoL1-Rq2Imb-t3f5R$"
"boerje.scamerdine@edu.tbz.ch"|"L$EjMQ-BPf3MU-Ev4dN%"
"du.saban@edu.tbz.ch"|"X372F&-z$S3xB-KUQTq4"
"hakan.clynmans@edu.tbz.ch"|"M#mVD3-GyfH6C-lUWi3A"
"wa.macdowal@edu.tbz.ch"|"kB#Ai&-JFN9Gt-bS1@FO"
"venus.hatrey@edu.tbz.ch"|"LyGFXi-jBqhsE-Ih#GF8"
"anaelle.vispo@edu.tbz.ch"|"nPwRlr-5Ogvki-@yyaVx"
"mahelie.ollcott@edu.tbz.ch"|"Zh$xmB-N5OujC-P&yJUW"
"mediamass.whyman@edu.tbz.ch"|"bNvuNS-WfY4Ks-BQKr#2"
"esbjoern.basson@edu.tbz.ch"|"B%g998-0foQD0-x8aBgU"
"andrea.morrill@edu.tbz.ch"|"63grhE-yeiYju-nsqZlH"
"melys.grassi@edu.tbz.ch"|"aPHCYU-kzuEGs-Uff4Kl"
"leone.poleye@edu.tbz.ch"|"TCME&R-wGG6h&-R5CLxM"
"francoise.penny@edu.tbz.ch"|"nQU2$o-y70MYg-0wD&&p"
"rebecca.edney@edu.tbz.ch"|"PYH7oS-HGDr4w-okRDsQ"
"adelaide.murtagh@edu.tbz.ch"|"St6sEM-W7&593-gOnBHE"
"stevina.winterbourne@edu.tbz.ch"|"4jynEM-Kl5o$V-BJMyri"
"ma.cottom@edu.tbz.ch"|"1#swQc-Xs%EvG-vNvYl3"
"tan.harold@edu.tbz.ch"|"tVqdi&-2seqIh-U%&o$A"
"venus.forte@edu.tbz.ch"|"ZXuAdd-j@gjr4-dB4fmb"
"almerinda.oluney@edu.tbz.ch"|"F6528K-I@zKJT-f75&dQ"
"cleopatre.brehault@edu.tbz.ch"|"AyKcq&-B6etgy-9&4Dht"
"interessant.lapides@edu.tbz.ch"|"ewD77r-Ul3srm-HITFzB"
"reserves.hallatt@edu.tbz.ch"|"gOGvKF-8ickBg-lMKNJV"
"annotes.birdwhistle@edu.tbz.ch"|"JPLU9z-KIdvdy-PK9&YO"
"ai.dredge@edu.tbz.ch"|"4s6Cix-gThG&s-rv@iGx"
"megane.mussard@edu.tbz.ch"|"dkoKAq-jUUFDc-XwzJjG"
"esbjoern.gowrich@edu.tbz.ch"|"qHkxb#-KY2klv-TQvkd9"
"boerje.brislawn@edu.tbz.ch"|"FBrq2u-OA$$mA-bDdE8h"
"becassine.wilce@edu.tbz.ch"|"WM8IuW-up7Rb3-38oiaW"
"personnalisee.oels@edu.tbz.ch"|"OM$tfp-aULp5d-ZPuywl"
"verane.pett@edu.tbz.ch"|"I7SVNv-Vf2UQf-kc@U2N"
"marylene.glewe@edu.tbz.ch"|"w#wEqx-OJ2VVN-DxE%kl"
"lai.elson@edu.tbz.ch"|"&D#jt8-WNFd0i-EoKA4r"
"serena.difranceschi@edu.tbz.ch"|"%W93Xy-leVTdP-lmIQv4"
"lie.espinel@edu.tbz.ch"|"C7xRzR-0fEoem-@RzVoT"
"marylene.fantini@edu.tbz.ch"|"ZuhY@o-z&3z1H-lnDbju"
"andre.archdeckne@edu.tbz.ch"|"5Qvfq2-5dbQCR-222pO1"
"goeran.bohlingolsen@edu.tbz.ch"|"qkZXRq-aGyG2b-e#7fW#"
"cunegonde.heffer@edu.tbz.ch"|"Q3trKz-KdYWni-tzDEsa"
"tan.fechnie@edu.tbz.ch"|"o7vehW-hFSDfy-lLL53j"
"marie-noel.brammar@edu.tbz.ch"|"rbpk&D-uS3eef-&WjxR&"
"simplifies.aven@edu.tbz.ch"|"JR4LYJ-xvx1n4-u1mzZW"
"melys.pinchen@edu.tbz.ch"|"o3fq2r-JwwIGh-u2GAl@"
"edmee.joyner@edu.tbz.ch"|"9Lo$XI-5qQg0y-o6R1WY"
"berengere.edess@edu.tbz.ch"|"1UsB81-p9wKSn-wlgbeI"
"marie-noel.goward@edu.tbz.ch"|"SMk&M4-IsusNu-z49EEf"
"ju.edmons@edu.tbz.ch"|"GuiK4i-lSsEKp-V#dwUc"
"frederique.airds@edu.tbz.ch"|"OKt#uo-Y58Fn8-riaDzu"
"reserves.dauby@edu.tbz.ch"|"Hmei0M-GwuUp@-@pKxny"
"hakan.gynni@edu.tbz.ch"|"inCUx3-W#NP5c-gO&EGe"
"leonore.pinwill@edu.tbz.ch"|"2EBdzG-OzDjV@-Pb&14Q"
"marie-eve.mcallan@edu.tbz.ch"|"%JNcAW-Akkd&G-5xxOlh"
"naelle.yeabsley@edu.tbz.ch"|"s0L42q-Y9DQ3F-u%ueGw"
"nelie.jacobovitz@edu.tbz.ch"|"lc#Giw-952hT2-tK3&R5"
"adele.conelly@edu.tbz.ch"|"MYE%xg-SwIzdV-4HCrra"
"clementine.dondon@edu.tbz.ch"|"FKAmTI-m%bPCE-snx4la"
"zhi.willcot@edu.tbz.ch"|"Tblogu-pK%dKw-7t8sZG"
"chloe.janicki@edu.tbz.ch"|"xzD97i-xNcQNa-zaCPWp"
"meng.linde@edu.tbz.ch"|"u0XY0r-9NNz@W-1rK6Fu"
"celine.janisson@edu.tbz.ch"|"T5$ndi-pSWOzw-1ma%pS"
"clelia.crow@edu.tbz.ch"|"kizd2X-Lo6uzM-xeC6qf"
"cecile.pyott@edu.tbz.ch"|"nQnA5a-Mc@UY4-NgCT4l"
"ma.fidelus@edu.tbz.ch"|"35eg5E-S2sgSA-53JUMs"
"marie-helene.poore@edu.tbz.ch"|"JTEpoA-8gMayx-j0pgbi"
"elies.blanket@edu.tbz.ch"|"blhidF-e7rySH-GoN28%"
"yu.boyer@edu.tbz.ch"|"xM$2AN-AP$fr3-TTR0#v"
"celia.welds@edu.tbz.ch"|"A7aSbU-zlNOf9-Bzwr8z"
"du.gunney@edu.tbz.ch"|"BBQuim-cXw6cX-zBJgoj"
"goerel.crush@edu.tbz.ch"|"&axiGl-L5uAVs-Gv9wsO"
"marie-josee.brosius@edu.tbz.ch"|"aaJYyq-jBOcXf-ZtuKWq"
"camelia.adds@edu.tbz.ch"|"3LirBu-sQEEfW-2#7on&"
"anae.irwin@edu.tbz.ch"|"nYJ6%t-@3U9TP-wVqPb9"
"cleopatre.skeffington@edu.tbz.ch"|"9UEkz5-lJRJEl-Fwfi0V"
"gerald.suggate@edu.tbz.ch"|"KKKHMq-KF85Fy-l9&1x%"
"laurene.tailour@edu.tbz.ch"|"1wYvXf-Bx1e7&-7mpa#0"
"amelie.hoble@edu.tbz.ch"|"EhgbxP-%9W%&M-vzNbe6"
"venus.getch@edu.tbz.ch"|"l1CO67-T6BHgr-aQ0RrF"
"renee.treby@edu.tbz.ch"|"JA1ABQ-ABPPH7-we2LhA"
"almerinda.stait@edu.tbz.ch"|"jr1FYA-nxiZK3-px@syz"
"andree.reddecliffe@edu.tbz.ch"|"nbQRRg-JRXJAY-NidRw6"
"leone.wintle@edu.tbz.ch"|"@$NzQt-XaK&C6-zVDBBp"
"gerald.fellow@edu.tbz.ch"|"HWeZbV-5e3c$$-rqg6&J"
"ju.gudger@edu.tbz.ch"|"em8NWH-G1CqGj-0ICfUH"
"meng.ohaire@edu.tbz.ch"|"rLSZm6-VqZU9M-slRc&K"
"cleopatre.missington@edu.tbz.ch"|"MhhyYv-0h&BAN-%ImOmC"
"annotes.debruyn@edu.tbz.ch"|"oazVBZ-c9Ma49-xis9dJ"
"gerald.sinisbury@edu.tbz.ch"|"n@t7VW-QpPetM-GGcgwc"
"creez.slora@edu.tbz.ch"|"78Dnsu-8ZnC1D-BP14ub"
"gisele.benbow@edu.tbz.ch"|"ucUOdY-udA%qb-47M@7v"
"pal.dossit@edu.tbz.ch"|"K2MAc&-hNIU#H-qxMob6"
"nelie.stirrip@edu.tbz.ch"|"vmhgZV-qDbdBC-89Y5w@"
"alois.ocrigane@edu.tbz.ch"|"1faX7K-kThCkd-0b7k%O"
"kui.mcterry@edu.tbz.ch"|"o#xeOI-EeS6Ch-XuIILa"
"long.willgoss@edu.tbz.ch"|"8ytLig-Ous4xI-SZSLnS"
"francoise.sumpner@edu.tbz.ch"|"DHeBNX-36zndA-D7mwrR"
"maely.grinstead@edu.tbz.ch"|"prDclG-nHRjl@-@fyZy@"
"creez.langeren@edu.tbz.ch"|"WES7Xl-B9QpOa-SPApXn"
"adele.dungate@edu.tbz.ch"|"ZQs6gE-GupVWi-MaxaRx"
"cleopatre.noirel@edu.tbz.ch"|"Kz&4Uk-yqd8wd-4pLDst"
"interessant.daverin@edu.tbz.ch"|"ensoiu-fq5GUa-u&%zN%"
"naeva.kalderon@edu.tbz.ch"|"vhenLq-T6Su#O-dyxIK9"
"anais.oshesnan@edu.tbz.ch"|"ka1pqD-LG3hmX-9JZiy2"
"judicael.anelay@edu.tbz.ch"|"bsRcOD-mzd1JQ-5PouBM"
"eloise.braxton@edu.tbz.ch"|"2fXbZB-sfuLDp-NHhobs"
"desiree.greguol@edu.tbz.ch"|"w$KWRE-8kfoL5-lUl5rM"
"maite.mcclenaghan@edu.tbz.ch"|"9@1n1e-KaZbGP-P#Awnp"
"meng.doret@edu.tbz.ch"|"hKgePL-kI7Wgu-U3s$cT"
"frederique.chippendale@edu.tbz.ch"|"HCgKE3-k8S6yM-VTLRdY"
"andreanne.lanney@edu.tbz.ch"|"uo5lGT-wXArdg-Mz%f6I"
"aurelie.claus@edu.tbz.ch"|"svwT3z-9lubIC-TAC$Jw"
"renee.pabel@edu.tbz.ch"|"ZGd8r5-UnyABT-kXgQNB"
"maena.roust@edu.tbz.ch"|"APYfWl-SVMEBv-iwleMS"
"nadege.carwithim@edu.tbz.ch"|"1pFxO7-OFc4AY-#MT638"
"solene.geyton@edu.tbz.ch"|"hLm7rm-g#UVQ#-mw4Hov"
"dafnee.avraham@edu.tbz.ch"|"nQbWfC-KkP#@c-OJd8yB"
"leane.woolvin@edu.tbz.ch"|"OLDZTM-8Ad$6t-nb0Q8K"
"adele.macadie@edu.tbz.ch"|"wU01bK-F&YaIG-fhUDLz"
"meline.rubica@edu.tbz.ch"|"L@fBZJ-fa4ARf-rOqe5o"
"marie-noel.speeding@edu.tbz.ch"|"tlk8BD-0x9t6p-k&nN6X"
"nelie.mix@edu.tbz.ch"|"7eNopL-d8$hqZ-NzAu1#"
"clea.ollett@edu.tbz.ch"|"NuUHJg-j4Q6w6-zo02bL"
"leandre.mcgavin@edu.tbz.ch"|"ty3rc@-u%ye@6-1PezeH"
"cecile.behne@edu.tbz.ch"|"DRQQYv-YjqLGg-JH6fes"
"melanie.polle@edu.tbz.ch"|"wYcwf&-ucbcBM-fEDOa$"
"marie-josee.titmuss@edu.tbz.ch"|"jxviZx-gGaSWt-Vy7GNb"
"helena.guest@edu.tbz.ch"|"bzSuvF-Vp&nZh-5K7Tc1"
"annotes.chicchetto@edu.tbz.ch"|"lLVA3O-giAaYW-CpBPIc"
"melia.tubb@edu.tbz.ch"|"0@QZaw-b@O#Hz-F58u66"
"angelique.casetti@edu.tbz.ch"|"Vjqadb-s4722f-duNQbB"
"cunegonde.cleall@edu.tbz.ch"|"npGcF6-U3%roR-g8KI25"
"camelia.oaker@edu.tbz.ch"|"MEe@Bd-cApCKj-%Oy4BL"
"you.searight@edu.tbz.ch"|"DC0MBk-8#qVIn-62WWP4"
"kevina.dederick@edu.tbz.ch"|"ZKYjcp-cw&34S-$meqPm"
"milena.jeffrey@edu.tbz.ch"|"1kxOLQ-U7bq37-TtV#Tj"
"melodie.barkshire@edu.tbz.ch"|"GwC%Wz-h@$pT%-pnb15b"
"gaelle.kreutzer@edu.tbz.ch"|"O#8J9b-ePq98J-JlOlPp"
"kalliste.kleinpeltz@edu.tbz.ch"|"oleH@@-9qOW#R-fw#$#v"
"clementine.danat@edu.tbz.ch"|"affgrq-wVlLKg-JfxPuI"
"andrea.wabb@edu.tbz.ch"|"8Jft#w-nE$vDn-B4xq%@"
"geraldine.piesold@edu.tbz.ch"|"754548-P1AvgM-xj9jZz"
"tan.fiveash@edu.tbz.ch"|"jksj2z-gyr49D-e2PAtc"
"meline.yuranovev@edu.tbz.ch"|"f5G2vp-G65UdS-xSfQIW"
"therese.holme@edu.tbz.ch"|"APpKjv-gwl5@k-o7FXdU"
"salome.vaney@edu.tbz.ch"|"MYZuA&-MOXDVB-o14ac2"
"anae.abramson@edu.tbz.ch"|"DUgwH1-Tg7&EP-k$qshZ"
"kalliste.jimson@edu.tbz.ch"|"8H&od8-&nWd#Y-BKpTV$"
"selene.yole@edu.tbz.ch"|"myy3UW-RT%NFI-PdI%6G"
"agnes.defraine@edu.tbz.ch"|"iYdN8c-OqAEtk-0lKIQv"
"faites.mccluin@edu.tbz.ch"|"dzpU0B-4P1HO5-p#Sz4Z"
"athena.deme@edu.tbz.ch"|"Y&z&kr-H92j1n-rR1K$V"
"daphnee.brigstock@edu.tbz.ch"|"nlqpTQ-F@frKI-cNZL6x"
"goesta.skaif@edu.tbz.ch"|"t#kPWP-5GbB&K-W@VJPr"
"oceane.jagoe@edu.tbz.ch"|"olycMN-zoOiTI-T5u%Xc"
"annotes.broomhall@edu.tbz.ch"|"HMBiU%-JaRkbB-5O1z6x"
"marie-eve.ballendine@edu.tbz.ch"|"0eTAvT-8&uNmm-8qM6SO"
"melina.spykings@edu.tbz.ch"|"2@IDGX-50owb0-oePy5W"
"laurene.ticehurst@edu.tbz.ch"|"P32LoL-3CYETY-RppDom"
"fei.avramovic@edu.tbz.ch"|"SAU@Ph-GdIWd@-I0Qy#0"
"publicite.strathearn@edu.tbz.ch"|"A4mdw@-9OjX&Q-HIXtLS"
"torbjoern.garrow@edu.tbz.ch"|"b0@bow-D$CaIm-RPEClN"
"chloe.rubinsztein@edu.tbz.ch"|"es9Yxl-ABRMwl-Fk@8ga"
"mylene.demanche@edu.tbz.ch"|"qQr7oG-@gCR7z-tI&39b"
"mediamass.godlonton@edu.tbz.ch"|"XRwjPc-92y1Gi-WYhYRj"
"renee.shurrocks@edu.tbz.ch"|"QpE&og-FzONIV-iN9AS5"
"maiwenn.jedras@edu.tbz.ch"|"1c@cD0-LQ#tmA-mh4CBC"
"genevieve.castells@edu.tbz.ch"|"jfdshn-xhQwii-XF5Pe6"
"renee.sneden@edu.tbz.ch"|"9iY6Qx-$muW6V-cK3QHr"
"lai.mccallion@edu.tbz.ch"|"DaaoPN-9%yyzz-7#HQnt"
"kevina.impleton@edu.tbz.ch"|"MozY&F-RgFeR7-Go%zlj"
"oesten.fresson@edu.tbz.ch"|"P$@ym4-#kiMpB-uw#6fv"
"verane.shawley@edu.tbz.ch"|"t$xg%t-vEa6zZ-qZU#EG"
"uo.sjostrom@edu.tbz.ch"|"k6@QZN-Ex9Atr-mJCYKz"
"gisele.gothup@edu.tbz.ch"|"IRULPZ-K$8bVO-fjKrK4"
"renee.beauman@edu.tbz.ch"|"#2zRwl-z4QZhm-$djcVy"
"elies.loton@edu.tbz.ch"|"V2dN8a-O7Rr6q-YoCcxC"
"valerie.elsmore@edu.tbz.ch"|"33j9FV-4%qY&5-McsQAY"
"berangere.delafeld@edu.tbz.ch"|"2D3AA@-&l@0AE-Vl2s4P"
"bjoern.schimke@edu.tbz.ch"|"4jn2cP-BLB3vW-DFMz1W"
"loic.ericssen@edu.tbz.ch"|"eIshkc-oheSih-TNcmvA"
"creez.richarz@edu.tbz.ch"|"pZvA8Q-3r9qvi-xgy28F"
"athena.grocott@edu.tbz.ch"|"LqOa5c-3hB9ua-sgg4uh"
"naelle.piotr@edu.tbz.ch"|"HrJaT0-i#lR6j-0oZ9@o"
"maella.paulson@edu.tbz.ch"|"6YqfF2-P@Ifd0-#Kt1h9"
"song.perot@edu.tbz.ch"|"ucdt&i-#Y$flA-QoKkQ$"
"kalliste.heckney@edu.tbz.ch"|"aEQF3T-srbsw%-GLHIzm"
"ake.vasyutkin@edu.tbz.ch"|"QBG6I0-NM1uLS-BW%@us"
"ma.castles@edu.tbz.ch"|"RSwamS-fEL5Ge-meEsn8"
"maely.monget@edu.tbz.ch"|"u0$r4h-ORMQP7-ic@WiC"
"tang.durbridge@edu.tbz.ch"|"Hs8sBW-ksHe3F-mLMzGs"
"laurene.andrew@edu.tbz.ch"|"EszBxv-DOZvYk-MsmB3r"
"lysea.beacon@edu.tbz.ch"|"nWQuTd-Ly#KxZ-0TU0q7"
"leandre.peyntue@edu.tbz.ch"|"5S5cRR-N6sJ6D-IHVyWH"
"rao.trever@edu.tbz.ch"|"77SXZs-6inmd9-boQV7x"
"mahelie.streader@edu.tbz.ch"|"4iKDNp-sr7rOs-sJwmlw"
"maerta.andrejevic@edu.tbz.ch"|"rXQnQy-tLFgxd-d4sO5l"
"goesta.tompkins@edu.tbz.ch"|"n8C8#t-UVKNoV-PwlrW2"
"helena.agates@edu.tbz.ch"|"mhrNqi-M3Yr&&-9Fc$Pf"
"therese.glass@edu.tbz.ch"|"biiy3H-ef12vP-2BaJ&g"
"alois.foan@edu.tbz.ch"|"MKd76W-x7Yn7q-38B80Z"
"becassine.melchior@edu.tbz.ch"|"cvc64V-37VUPX-4@VfHq"
"cloe.robart@edu.tbz.ch"|"moRmdp-0tTb2Z-VPev$V"
"daniele.puckinghorne@edu.tbz.ch"|"6VpzjF-@U1Y@1-v6%la8"
"selene.cammidge@edu.tbz.ch"|"#l6y$G-MLA@XX-2MJZXs"
"regine.conochie@edu.tbz.ch"|"dr@Y8%-ESTjCp-7O3VOf"
"interessant.tuiller@edu.tbz.ch"|"9xRrrf-Yzlw51-yEm358"
"long.tiebe@edu.tbz.ch"|"Fj4@%S-PwaIpe-h2Tk&G"
"mans.yele@edu.tbz.ch"|"ntjAq5-uMpb$T-7xWycr"
"ai.giles@edu.tbz.ch"|"EPQICq-PZVejS-67Ji86"
"gaetane.hamberston@edu.tbz.ch"|"FiIr4V-P5hw@N-a&h8tT"
"marylene.fenix@edu.tbz.ch"|"Jsc#i1-Vj@tF#-#FdowX"
"geraldine.graeme@edu.tbz.ch"|"G8vhDf-I2gTF$-OnjUQD"
"tang.kinglake@edu.tbz.ch"|"haTuU6-nVNZ3j-MHH8mC"
"lai.challoner@edu.tbz.ch"|"gnl4bm-RZW@CS-19y4J4"
"desiree.mattei@edu.tbz.ch"|"CSxWXY-t$4huU-SwUISd"
"ake.erley@edu.tbz.ch"|"wTbhvm-sY6uCV-AIU#W7"
"edmee.cavil@edu.tbz.ch"|"0hhx@5-Ogy0Cb-E4Scws"
"alois.moyes@edu.tbz.ch"|"sdR2Pu-QbK665-Vbxp61"
"becassine.pitman@edu.tbz.ch"|"xYMFhq-ETn3ES-d92IFQ"
"ai.giacovelli@edu.tbz.ch"|"N8lg%i-HuldPS-fA@7@w"
"judicael.fruchter@edu.tbz.ch"|"y2VAuS-HtPnKX-UT3LSN"
"mans.mogg@edu.tbz.ch"|"AVeG4T-AqfMAO-TX7mq7"
"gerald.foyle@edu.tbz.ch"|"kMMpt2-W2BKsY-mVe%kv"
"wa.androletti@edu.tbz.ch"|"FV7$NZ-U0we$x-T#1M9E"
"meng.ollett@edu.tbz.ch"|"nkkciM-poOnme-3yhnDh"
"naelle.macmenamy@edu.tbz.ch"|"wUXnqZ-f61kTx-&DbfdA"
"gisele.mcramsey@edu.tbz.ch"|"QPd%n3-MF7zdn-cXhmQD"
"meryl.scolts@edu.tbz.ch"|"yFvYsF-wu&Mm$-FoWBiz"
"celia.bloxsome@edu.tbz.ch"|"DgOaw%-z%0Sq$-AqyKwn"
"styrbjoern.stuke@edu.tbz.ch"|"uu8xxQ-8rIg4%-84eVow"
"felicie.gwilliam@edu.tbz.ch"|"V67u&8-g2weh1-H90Ssp"
"da.harms@edu.tbz.ch"|"dvuvdI-5Wu1WZ-4cZrxa"
"celestine.baulk@edu.tbz.ch"|"w6vMHY-5hio0g-wIJy&S"
"mahelie.blackledge@edu.tbz.ch"|"DmIN09-imabif-%hjt%u"
"meghane.salt@edu.tbz.ch"|"AzjwnJ-ng82RO-Gyq9Fo"
"methode.paxeford@edu.tbz.ch"|"EH3luY-RqvsRJ-ISeSAJ"
"asloeg.milligan@edu.tbz.ch"|"EXnUpN-IhjV96-z2V0W7"
"you.pellman@edu.tbz.ch"|"4ool4O-w@p7kE-gqzd7P"
"loic.regenhardt@edu.tbz.ch"|"@vXrhg-s2DD2w-uO0MRI"
"daniele.savill@edu.tbz.ch"|"IDKd43-1WKDdd-xZv9VT"
"alois.cornu@edu.tbz.ch"|"eW$zGe-Wxj22o-tok1B0"
"oesten.govey@edu.tbz.ch"|"GBF4r&-im7vhv-Z4cmXQ"
"marie-eve.louch@edu.tbz.ch"|"48MKAc-7GwnxC-J5mXPC"
"theresa.wenn@edu.tbz.ch"|"GrOppY-eTGNnb-hkgTjN"
"andree.eul@edu.tbz.ch"|"kM#p9R-Yiv7mO-IRedEv"
"lie.paynton@edu.tbz.ch"|"IUD1Bo-b3d$8i-dGbS0a"
"marie-eve.girodier@edu.tbz.ch"|"5v5dpV-wS&pJk-pB1&&s"
"marie-noel.smithe@edu.tbz.ch"|"mnoR$c-c2K0#3-#ma6jZ"
"men.bootyman@edu.tbz.ch"|"fy#1mU-t1O%J$-GrU4M&"
"ku.sugg@edu.tbz.ch"|"5OUQoC-L&oxOb-s#%ee2"
"lucrece.roseman@edu.tbz.ch"|"PXDb0X-ysz@Qv-QWmG%6"
"zoe.annear@edu.tbz.ch"|"h4b65K-7rYFRY-&f2xK1"
"marie-helene.rennebach@edu.tbz.ch"|"OxK&5e-g9&85E-nh&yhG"
"lea.djurdjevic@edu.tbz.ch"|"OzHaq5-t65i8h-TigvNW"
"goerel.robert@edu.tbz.ch"|"OpY%Y4-mq8QPb-&kWH2F"
"mylene.foldes@edu.tbz.ch"|"W8iUS1-Z3S4I$-6Jhyzl"
"faites.clegg@edu.tbz.ch"|"#nv@Es-@SDi75-a%em3B"
"marylene.crowcher@edu.tbz.ch"|"LFy89R-OOEuHD-VLqAzr"
"aimee.wimpeney@edu.tbz.ch"|"F7qssf-rDbvi5-w%pMUx"
"renee.atkins@edu.tbz.ch"|"szruer-jk&tav-zqPGR8"
"rejane.cainey@edu.tbz.ch"|"Uw7wcQ-W6t2T5-S$tS08"
"solene.britney@edu.tbz.ch"|"QS7k94-tL0oay-2jG3yf"
"marten.shatliffe@edu.tbz.ch"|"BjkWiV-n&7Feh-@AfdyA"
"maite.issatt@edu.tbz.ch"|"WJzxF7-rm0$Re-GQ#Sql"
"maelyss.edon@edu.tbz.ch"|"aSDSq7-MYqls&-qTr7v1"
"nuo.bamling@edu.tbz.ch"|"BrL8jP-qU20vR-Gl#Ppa"
"anais.edards@edu.tbz.ch"|"eee8mY-MYZbws-m#ZMp&"
"mediamass.bromet@edu.tbz.ch"|"Tfja2Y-V4Jtrr-ZCO8Dn"
"beatrice.kimbrey@edu.tbz.ch"|"8Xnh9L-5Tgogm-Ko9gy5"
"ines.lawranson@edu.tbz.ch"|"c6jeec-Y5JHZQ-utpuZ8"
"kalliste.scandroot@edu.tbz.ch"|"VT#i7B-L@84L#-#i1e7Z"
"mans.barrowcliffe@edu.tbz.ch"|"OU$49r-xC&%ms-FWmFi7"
"irene.couves@edu.tbz.ch"|"8nebvZ-FK%E2n-C%nkoS"
"milena.mucci@edu.tbz.ch"|"3okts8-kKAYNj-aO04E5"
"naeva.cow@edu.tbz.ch"|"TDr#1y-ZHS7Oi-H&T7Lp"
"audreanne.mournian@edu.tbz.ch"|"NCW9JF-gp5Q7x-ahASuM"
"melia.sinnatt@edu.tbz.ch"|"rr9s#u-E2KFRB-zvbMeD"
"nelie.burnard@edu.tbz.ch"|"djOPht-iF$GfP-ZIvUzk"
"clelia.ashfull@edu.tbz.ch"|"sXwouo-ZTBKY$-#Nq2%d"
"lie.macard@edu.tbz.ch"|"wM$B0s-#QRsBh-PQv59l"
"valerie.matoshin@edu.tbz.ch"|"6WxX1$-1DjYKO-wWOzYD"
"anael.hatherleigh@edu.tbz.ch"|"wgSwQ#-0wM$ul-e1rOnZ"
"interessant.warratt@edu.tbz.ch"|"VuwxeY-dTv9t0-OSmnA%"
"eleonore.volage@edu.tbz.ch"|"bc2l@S-xy$$#$-eBb&qS"
"zoe.stebbing@edu.tbz.ch"|"dXw3ch-xDLjn4-c@dK6c"
"alizee.nye@edu.tbz.ch"|"Zc4jRw-2lzfQD-GdFh0E"
"celestine.bramley@edu.tbz.ch"|"Cbiq4p-VVbO1O-k0rLdV"
"selene.philcott@edu.tbz.ch"|"Ot4pjW-U4V2Oi-vEoxXv"
"tang.newens@edu.tbz.ch"|"@Ss$GM-uxWTiu-W6CSwI"
"annotes.powys@edu.tbz.ch"|"6eGch1-FTjoTw-ndYJua"
"lea.matthesius@edu.tbz.ch"|"r6aTkb-rSNB51-DMaNKw"
"illustree.garlett@edu.tbz.ch"|"qMGD1w-YCUTax-aHgCfR"
"maiwenn.meachem@edu.tbz.ch"|"K#YqoL-PEym$k-TQE#Pm"
"marie-francoise.mcbrady@edu.tbz.ch"|"D9%KpV-jpmWlf-EfDx8s"
"illustree.gimbart@edu.tbz.ch"|"pyY5wu-BMc&1V-CXwCDY"
"melys.lyosik@edu.tbz.ch"|"QM&B6L-w2NZuu-QuiN3d"
"marylene.mcnab@edu.tbz.ch"|"Y$%7Th-x2xK5f-QmuA5I"
"gerald.blount@edu.tbz.ch"|"WEGR&u-lQf2pE-IQLu9S"
"clelia.shakelade@edu.tbz.ch"|"Dnc2uQ-bOrXsI-n18MnO"
"penelope.cridlin@edu.tbz.ch"|"MzgbEO-$Lk7H&-wFmFrQ"
"maena.okuddyhy@edu.tbz.ch"|"qXcS1p-1z63ZY-Lf$0vg"
"athena.keynd@edu.tbz.ch"|"sCf7Y8-O2gZG2-eaj7YD"
"cloe.dwine@edu.tbz.ch"|"l06C1N-Qhpt1i-cfwa6x"
"josephine.browett@edu.tbz.ch"|"CGYQxm-DeaOQC-t@OAiE"
"audreanne.oscanlon@edu.tbz.ch"|"2v8ou7-H6bkuM-W6Fjv5"
"fei.jeanequin@edu.tbz.ch"|"W5An0f-cTuhbO-ZXzi4r"
"lois.gormally@edu.tbz.ch"|"y0FNQF-BI3it%-1TR85U"
"marie-francoise.finnigan@edu.tbz.ch"|"KOPT5U-DTLGyM-rbZLnt"
"leonore.trussman@edu.tbz.ch"|"xl&6cG-46vakX-Zw@hVE"
"anaelle.trumper@edu.tbz.ch"|"l1Z%YM-7xdAlo-QsbRwq"
"clemence.dionis@edu.tbz.ch"|"mAjglb-j$tWx#-GSHiB8"
"lois.tranmer@edu.tbz.ch"|"BIIdjs-GzKCwU-&Acygt"
"interessant.volett@edu.tbz.ch"|"d0y2cz-rT614q-&tK5oR"
"personnalisee.deackes@edu.tbz.ch"|"J7eWPl-zQu6fX-xA8kaw"
"lie.vasiliu@edu.tbz.ch"|"Oz4g6G-PsKmZa-BEiTDq"
"dafnee.lamputt@edu.tbz.ch"|"618$XV-wxhalK-AHjgso"
"elies.bromige@edu.tbz.ch"|"Fx0SwG-LqsHrV-XdmkNK"
"helena.klosser@edu.tbz.ch"|"#JTwnc-&XIQf2-fiBz1w"
"andree.grim@edu.tbz.ch"|"1PmRt9-PstRAy-z$WdVm"
"verane.coldbath@edu.tbz.ch"|"&HZQOE-o@5O#S-raE1Ub"
"helena.bethell@edu.tbz.ch"|"AjJ3as-pA54xt-G&#uXy"
"kalliste.carefull@edu.tbz.ch"|"YIV07w-unGoJI-ymbMPs"
"regine.odams@edu.tbz.ch"|"uzI7G2-K5t5Nu-YQCPH$"
"len.stannus@edu.tbz.ch"|"aYDbEo-tDBMKp-cOMhl1"
"angelique.works@edu.tbz.ch"|"gJwLi2-V8yicy-pwx3XL"
"goesta.rheaume@edu.tbz.ch"|"htBHtR-62#k9N-HlH37k"
"maelys.tynnan@edu.tbz.ch"|"k5YSu@-fd5ikl-vHNExC"
"maelle.carlesi@edu.tbz.ch"|"Ti1bhk-uKK8Ls-8juXzY"
"anael.spurden@edu.tbz.ch"|"eFse4G-zE&Xju-C&p0mu"
"helene.pumfrett@edu.tbz.ch"|"$K7V9%-6PkhNb-2FmME6"
"goerel.pearn@edu.tbz.ch"|"Z5g4yo-%M1bFR-gaP%MN"
"laurelie.dezamora@edu.tbz.ch"|"&mcIe@-iuuL8C-Ku7h#l"
"yao.twidale@edu.tbz.ch"|"gF0Ai1-sTfitU-$#z71N"
"berengere.sola@edu.tbz.ch"|"lQSlfy-8Hkora-60SfDZ"
"maelann.hardistry@edu.tbz.ch"|"XkdT7D-HrMQmn-jFRkFN"
"severine.littlefield@edu.tbz.ch"|"Xxk%qF-Chx9cB-eeT4KL"
"salome.heinl@edu.tbz.ch"|"DKUVPz-SNmB2W-1F5Jm6"
"meryl.warbey@edu.tbz.ch"|"UDudN0-NmXts6-pkOIK6"
"da.hunstone@edu.tbz.ch"|"#lLlZV-MYjAwG-IJeoQj"
"venus.broadbury@edu.tbz.ch"|"Shsoce-zghfV#-qiIP@%"
"meghane.rentelll@edu.tbz.ch"|"o@ZRO9-OkdggL-qVuqmO"
"marylene.drewitt@edu.tbz.ch"|"xpBLsV-8fsFq6-G%j@Nn"
"melinda.jacquemet@edu.tbz.ch"|"Wl1Ix#-#LH8TZ-UhqJNl"
"marie-josee.keyden@edu.tbz.ch"|"$Ae331-p4DLEh-#D9D8H"
"asloeg.montacute@edu.tbz.ch"|"3pUC3B-NOjdoR-dVO6H1"
"ku.andreou@edu.tbz.ch"|"&0e9g1-vJIO2A-4vyRvi"
"personnalisee.feaveer@edu.tbz.ch"|"h&JlAb-$ZN4Xl-IX7nlp"
"laila.emptage@edu.tbz.ch"|"3OwTiJ-UmkLep-LAbSy5"
"bjoern.dawdry@edu.tbz.ch"|"HIZPMp-ys#ckS-dUNUUk"
"marie-eve.dinsell@edu.tbz.ch"|"Sjl#oJ-jBL7js-P9NdpE"
"helene.follett@edu.tbz.ch"|"EgZECJ-77Ckpv-WQXiIP"
"penelope.cordero@edu.tbz.ch"|"KdM0uR-2NTKAf-aGgL0R"
"boerje.beedell@edu.tbz.ch"|"E&Wpeq-WU8k5V-6gczFO"
"nelie.ferne@edu.tbz.ch"|"tqXZV$-KPwUUo-v9qDzu"
"celine.ahmed@edu.tbz.ch"|"bm5&$s-@%LWCz-S0xcuH"
"stevina.pimblett@edu.tbz.ch"|"SjX$v&-FJQa2w-xgJCiv"
"chloe.langlands@edu.tbz.ch"|"9TI6HM-41I1h8-2fTk2x"
"simplifies.maude@edu.tbz.ch"|"vYWOKo-w2lkW&-RCPjDT"
"genevieve.decarteret@edu.tbz.ch"|"HqlUDy-4zpH3K-T%wZYU"
"marylene.mughal@edu.tbz.ch"|"IKxnaI-EUgEO7-o6tUuI"
"goeran.guttridge@edu.tbz.ch"|"zOY@69-4#E$s7-kv%9XG"
"michele.smurfitt@edu.tbz.ch"|"IlaTpD-$m%ii%-YSNzm$"
"methode.hadeke@edu.tbz.ch"|"A7Do2I-XK%dRd-tLnUhn"
"therese.rispine@edu.tbz.ch"|"Caz$@H-nwgXB$-&W1wpw"
"goerel.plumley@edu.tbz.ch"|"ktx4qF-grXzpj-SfMhl7"
"oceane.friett@edu.tbz.ch"|"wp@s1j-Wlsg8y-YKknT8"
"marie-noel.achromov@edu.tbz.ch"|"@#inPS-h6rNsm-kRx3oe"
"dorothee.storek@edu.tbz.ch"|"QgouyS-e#LMKH-evJATC"
"goesta.whittle@edu.tbz.ch"|"b096&H-Ofj3Cx-T@rN38"
"desiree.casely@edu.tbz.ch"|"PXVvnk-dR@Ul4-4DWjIa"
"felicie.condon@edu.tbz.ch"|"%XeLe%-Wk06Na-tD1XWs"
"maelyss.frisdick@edu.tbz.ch"|"4J7%Cf-gO%Vx%-E4942&"
"aimee.banke@edu.tbz.ch"|"cRWVwX-jrRuC2-N$dKwg"
"naeva.hodcroft@edu.tbz.ch"|"2uFIe4-qG6w5H-BOmfsI"
"laila.gerrans@edu.tbz.ch"|"L8JITW-ebnaxF-3hqeU&"
"daniele.scrimshire@edu.tbz.ch"|"i2kLix-aJlMB%-OiQhB5"
"daphnee.sheerin@edu.tbz.ch"|"TFVUpi-RXTbbE-1olX5P"
"pal.vanyukov@edu.tbz.ch"|"2B0grG-&cm85L-SUVifJ"
"zoe.childs@edu.tbz.ch"|"FncFbZ-8muCgn-B4NJPr"
"ai.corde@edu.tbz.ch"|"i2PEjC-FknVwx-71MW5P"
"maelys.berryann@edu.tbz.ch"|"aNH%qt-dfeGXj-icLtaC"
"cloe.gladding@edu.tbz.ch"|"zVy5XW-#u0p3P-dB3mU5"
"wa.kinnaird@edu.tbz.ch"|"NN%&s2-Vxq15b-ZuaOFR"
"publicite.brittoner@edu.tbz.ch"|"aQMD7e-uzJEyL-uKWqtM"
"rao.windress@edu.tbz.ch"|"OXFizX-Sw5mU&-SNps1g"
"uo.kollach@edu.tbz.ch"|"i18$CQ-JfYDM0-eBAUO5"
"josee.peskett@edu.tbz.ch"|"QpH$Dc-KT#qFV-k7nplj"
"annotee.hasel@edu.tbz.ch"|"5UKBCU-F8&@QL-@GD5Lg"
"cinema.lee@edu.tbz.ch"|"v7r0dD-2EyGqb-h6sh$N"
"lai.vedeshkin@edu.tbz.ch"|"gIcCst-YTFt0M-KCEpwP"
"renee.brisbane@edu.tbz.ch"|"tdg%tE-nrteyS-diFIzu"
"ophelie.blincoe@edu.tbz.ch"|"LQt7vI-TPxr@$-KZVQcW"
"zhi.prazor@edu.tbz.ch"|"Rg7SR9-bE2&eP-ce$Aru"
"annotee.maddicks@edu.tbz.ch"|"#1p$lW-LMAihi-p0x%5%"
"maelyss.codd@edu.tbz.ch"|"m7F%lG-#bnQL9-#I28Xu"
"celia.peplay@edu.tbz.ch"|"wi3nKH-rpQsf#-TiRUQS"
"interessant.skone@edu.tbz.ch"|"WaIxsZ-ppcN0l-JQGN$P"
"audreanne.hebdon@edu.tbz.ch"|"4@dIvp-f5qO0u-ZBKIc7"
"oceane.glen@edu.tbz.ch"|"3x6LRv-EuELzc-2jk0c@"
"daniele.vanyushkin@edu.tbz.ch"|"6eMJpi-xU1ypv-Pfo4JU"
"daphnee.ayce@edu.tbz.ch"|"bH&Kc3-Km#uLV-DnfTsy"
"andrea.attride@edu.tbz.ch"|"rSH1Vh-$e0tsg-LrxzGI"
"penelope.bridgwood@edu.tbz.ch"|"xJOobd-lZUOWR-sBcsKx"
"mailis.drewitt@edu.tbz.ch"|"svicsy-6i9pww-Gut%VY"
"penelope.mollene@edu.tbz.ch"|"1tTPDL-PRmlu7-n2ZBRt"
"illustree.keely@edu.tbz.ch"|"YB8kFz-#oVaYG-sOPUx8"
"meng.brisseau@edu.tbz.ch"|"%tJlN8-We7Wjn-Pt9tMV"
"ruo.cleiment@edu.tbz.ch"|"dVCX5p-dKo@Hp-BSlfS5"
"maite.krammer@edu.tbz.ch"|"K#EHxm-WHCjEB-ccwl2N"
"genevieve.verry@edu.tbz.ch"|"Jch&&B-WGSW0x-Lykw$e"
"lea.olochan@edu.tbz.ch"|"aXxwSN-9giEmp-dnXXvY"
"naelle.brunnen@edu.tbz.ch"|"fHkBga-Rw70bl-2PLHep"
"goesta.bragginton@edu.tbz.ch"|"Cb$N3W-3gFKlP-sB6Q7u"
"fei.danilyuk@edu.tbz.ch"|"GYZsT1-khR4bX-0canKy"
"adelie.turbitt@edu.tbz.ch"|"zyD1t@-fZpvhs-H%zGj8"
"marylene.nutman@edu.tbz.ch"|"YOF#sL-cCVf3x-QdJ4X3"
"therese.barbrick@edu.tbz.ch"|"5pvhfD-%qncLi-iX28sI"
"melys.kolodziej@edu.tbz.ch"|"aHC2SA-83vF#e-1yZ$#%"
"melanie.runchman@edu.tbz.ch"|"6KFmbP-QEOQvD-OySxOX"
"serena.lafond@edu.tbz.ch"|"x@Hs1K-OkkeN%-AwjXse"
"pelagie.desmond@edu.tbz.ch"|"imbiuC-WTFmGS-szm39@"
"wa.spickett@edu.tbz.ch"|"rl%JWv-UJk$Nh-IGa@4T"
"po.shave@edu.tbz.ch"|"45lTbn-pYXaVY-hKhuR6"
"song.huikerby@edu.tbz.ch"|"#cntNQ-wdh5&9-1B7D0j"
"melinda.bimson@edu.tbz.ch"|"aSPHz%-VJV&4G-plb0a#"
"personnalisee.toffanelli@edu.tbz.ch"|"&Bh@#8-9ppOAV-UJATBm"
"leandre.hurn@edu.tbz.ch"|"1J5Xu#-1w@tyP-i5fzaq"
"oesten.standell@edu.tbz.ch"|"LntNoj-8cC4H0-PXDWg2"
"naelle.smaleman@edu.tbz.ch"|"&s5RP1-hmo$EF-bphbqE"
"berenice.tayt@edu.tbz.ch"|"RAC1cL-T6hYO5-8MwYB8"
"kui.popplewell@edu.tbz.ch"|"pbWmzC-xsMVCV-2Vl@iH"
"melodie.ferandez@edu.tbz.ch"|"ccqAsD-PGl9RH-hDPBYO"
"josee.negal@edu.tbz.ch"|"&EZ5VD-1uuhot-znc4ho"
"melissandre.ferrelli@edu.tbz.ch"|"L01a&i-ITcH%Z-mTco@H"
"josephine.kemmer@edu.tbz.ch"|"wyZxYw-cYTDS8-IrkBJe"
"maely.cayette@edu.tbz.ch"|"HW&jJl-BY#42X-Zc7eD&"
"nelie.vela@edu.tbz.ch"|"8Phg@c-Gt6VZT-9ZCRHi"
"melina.cortes@edu.tbz.ch"|"qLoG2C-8D6muJ-rUFZkU"
"megane.leyshon@edu.tbz.ch"|"lmb#Ce-foDQ8F-nxU%92"
"regine.harrie@edu.tbz.ch"|"OmqXi$-SlrUpt-In1XRi"
"mylene.widdison@edu.tbz.ch"|"jhc2J%-1Ycv%8-SmqG9y"
"pelagie.vivash@edu.tbz.ch"|"yDmjoQ-khDdQo-JnIHRI"
"styrbjoern.vicarey@edu.tbz.ch"|"l9%wpC-cPX6IH-pHhKi%"
"long.kyles@edu.tbz.ch"|"lAm&E9-4UIEXr-rfPUjY"
"stephanie.gipps@edu.tbz.ch"|"lamr&x-peUACL-hI3CLF"
"clea.constantine@edu.tbz.ch"|"0KNZD3-FfuSQa-Acoo8W"
"maella.cometto@edu.tbz.ch"|"Xy2xLI-8I@n3g-x1bG1U"
"laila.aubrun@edu.tbz.ch"|"Vi4F%Q-XzBOrD-AGOORF"
"yao.austins@edu.tbz.ch"|"URP6GQ-6#Bl3Q-wo6Zc0"
"mailys.rylstone@edu.tbz.ch"|"Nw7PUP-bZpuUx-flEWPH"
"adelie.curuclis@edu.tbz.ch"|"mXXCo#-KO5UMF-LOoLfF"
"celine.longhurst@edu.tbz.ch"|"ehv5Rm-57cum6-84jP4d"
"gisele.hazell@edu.tbz.ch"|"w8#wTN-Oykh&M-PrTtJX"
"celestine.ciccone@edu.tbz.ch"|"6n$oY6-gATC09-nb5APD"
"maelyss.doole@edu.tbz.ch"|"N2oUjl-vtYcFo-HJwkqn"
"helene.grimsdike@edu.tbz.ch"|"u1eIUL-b2AXuE-eNJQ9@"
"lie.macer@edu.tbz.ch"|"OT#taq-0G1CBC-8clPvj"
"maely.izard@edu.tbz.ch"|"m31e9L-wf@Cb4-l7@%jo"
"erwei.breewood@edu.tbz.ch"|"6Ydmm6-4NIN#g-0iiP5t"
"chloe.woolford@edu.tbz.ch"|"8iJyl@-K11a2f-AKRUdC"
"cleopatre.turpin@edu.tbz.ch"|"jDTEzB-JlLZsf-d5%km&"
"melodie.surgison@edu.tbz.ch"|"RFUMPu-gC3WZv-mzwn@h"
"elies.leander@edu.tbz.ch"|"g0HsEN-&v1Uxh-wUOs3G"
"mediamass.reignould@edu.tbz.ch"|"ZR%oAL-yoIo%T-#CGavH"
"celestine.wasmuth@edu.tbz.ch"|"r1BP0O-#BvfXW-WjDXrS"
"marten.jervis@edu.tbz.ch"|"Vey0X9-Y0C47@-4bm3Ca"
"daphnee.bour@edu.tbz.ch"|"I2sx4b-5Wu&rx-L%cM5W"
"regine.harlett@edu.tbz.ch"|"CLzl$N-Js6xo4-3NPZRr"
"noemie.macaskie@edu.tbz.ch"|"ozVR7f-W1KBu6-7vrxKk"
"loic.renfield@edu.tbz.ch"|"7RoJAI-SxHKxP-PYZs4k"
"venus.kleinert@edu.tbz.ch"|"uzL$yV-tv%A&n-zfwcYB"
"marten.burlay@edu.tbz.ch"|"ngzrH8-x#86rH-lJakOP"
"berengere.radsdale@edu.tbz.ch"|"MmjYRz-EqtY9s-4GHP24"
"genevieve.duckit@edu.tbz.ch"|"9SRoSg-xWDcGe-gRr@cV"
"maely.ligerton@edu.tbz.ch"|"Use&Os-VqIqXk-yHIGvV"
"maeline.ricciardelli@edu.tbz.ch"|"ze@oT$-wN64RT-ueX3us"
"personnalisee.yggo@edu.tbz.ch"|"V3sWa@-JSg4KS-504nkD"
"alizee.pettinger@edu.tbz.ch"|"If4x34-$#C%@x-Qq0Ik@"
"desiree.curnnokk@edu.tbz.ch"|"08QbHn-7nmpGo-5Mr98g"
"dorothee.minors@edu.tbz.ch"|"8Am7HB-YYxmtH-DTDKpY"
"oceanne.kopmann@edu.tbz.ch"|"lh3f@Z-IQTQ@E-zT7O7m"
"almerinda.brodbin@edu.tbz.ch"|"KthoOG-Sxsn#s-pdYkRQ"
"yenora.carsberg@edu.tbz.ch"|"qEUOnD-a2Z#Jf-zF@1vK"
"wa.beetles@edu.tbz.ch"|"eYQ0TJ-ctyV@e-BHtkmb"
"audreanne.abbot@edu.tbz.ch"|"FejDBR-OOv8Nz-U6$9Vv"
"noemie.capper@edu.tbz.ch"|"ImQVED-U7tl#U-G2BMIB"
"mans.abramamov@edu.tbz.ch"|"C1PxVr-VODjWW-pNM0t7"
"audreanne.blakey@edu.tbz.ch"|"wUU6uw-iixmm5-8agq83"
"leone.klimpke@edu.tbz.ch"|"VBu%0j-w%Q2r$-BnckyR"
"lie.croston@edu.tbz.ch"|"K7ewJI-o$iqAd-ru0cTQ"
"anaelle.baistow@edu.tbz.ch"|"606zVF-hWWkJR-Vx2QLb"
"michele.garwood@edu.tbz.ch"|"IG&PFi-cuP7&5-QTTXUC"
"interessant.albion@edu.tbz.ch"|"CGaTAa-VSkCCl-VM%MRF"
"andre.brisco@edu.tbz.ch"|"1qHmri-%SwP6u-57cE&d"
"tang.totterdill@edu.tbz.ch"|"%ewPm1-COMJfN-W1iddp"
"marie-josee.braundt@edu.tbz.ch"|"5DiG0U-UZR%4r-eBr50r"
"lois.galer@edu.tbz.ch"|"2Er5Iz-IvlZI#-8&ArBc"
"faites.pellamonuten@edu.tbz.ch"|"NJPB1s-7xwyMS-40dK%W"
"mai.barfford@edu.tbz.ch"|"%D2fQ9-rP43Db-bNMAko"
"laurene.macilory@edu.tbz.ch"|"Oh1&rQ-Qv9EPc-YX5Fhp"
"elea.peak@edu.tbz.ch"|"njuADl-kuS@dp-qkkNmC"
"rejane.doni@edu.tbz.ch"|"7y&ah8-5mmo%l-7jt16l"
"mahelie.ector@edu.tbz.ch"|"qe@wkT-ujrNGb-WmyS8E"
"rachele.allum@edu.tbz.ch"|"oSfxD0-otX6Cz-b1ASUo"
"laila.gerretsen@edu.tbz.ch"|"phSe21-0rKckK-$YmgCD"
"ines.bowman@edu.tbz.ch"|"5czoZ6-PJPEkJ-YUM&6t"
"publicite.barbary@edu.tbz.ch"|"GrAQXT-GmrQ$s-NzJW9x"
"mailys.smooth@edu.tbz.ch"|"&ufPtI-Lfz2%t-PBu9LC"
"mailis.huguenet@edu.tbz.ch"|"sjfvMS-79Ln#k-K4tImr"
"lea.ewer@edu.tbz.ch"|"2EMTzd-0dsvIu-cvsk0r"
