"email"|"password"
"melodie.vandervlies@edu.tbz.ch"|"kxfRit-y7@aLP-Xp0Ifn"
"angele.edgecumbe@edu.tbz.ch"|"k9YZW4-p%Bb2K-8zutFj"
"zhi.andreasson@edu.tbz.ch"|"7wwFSv-QC$SFT-OP&I&Q"
"judicael.koppeck@edu.tbz.ch"|"v1zLQK-9&V#sg-CJaYqu"
"berengere.capron@edu.tbz.ch"|"T1X2ag-$SgEG1-nZ$zBn"
"leonie.brosini@edu.tbz.ch"|"#U3Zkg-BYhlTq-kqZzVh"
"venus.garfit@edu.tbz.ch"|"Wrelq$-Kv#xlA-Tc1mjX"
"melina.janota@edu.tbz.ch"|"XkBQpP-566Q%1-I$#Y@w"
"laurene.bake@edu.tbz.ch"|"3Dkp1&-0BWc7E-TYIJmi"
"regine.dorkins@edu.tbz.ch"|"yDen88-Gltjle-VMoGzV"
"cecile.moffet@edu.tbz.ch"|"1Vcu0S-AMm%7f-LEtujo"
"maelann.labrone@edu.tbz.ch"|"Ot9i25-&Y#f4w-3lLipv"
"melinda.newbold@edu.tbz.ch"|"AbE05K-EC6y6F-VvA4$4"
"mans.itzhak@edu.tbz.ch"|"CJW@Lx-Ro#V3O-akJUUE"
"melodie.pattlel@edu.tbz.ch"|"@rgEtd-Jzt&1y-Uzfv$j"
"celine.bonett@edu.tbz.ch"|"aQs8jo-V&e$%S-QQ9&9Y"
"adelie.mcgreal@edu.tbz.ch"|"#Bo6@W-CTNITp-RZ5f&P"
"helene.soldan@edu.tbz.ch"|"ZquLPR-Jj8YjA-1GAyKa"
"michele.cluer@edu.tbz.ch"|"q2JKps-za0ouC-4bdGou"
"maeline.mueller@edu.tbz.ch"|"Ek#WtX-PQUlaf-&T$TU0"
"maelann.benedito@edu.tbz.ch"|"Qdo2$r-oeUxPY-xmTldi"
"nuo.gransden@edu.tbz.ch"|"f@YFNf-dqtPL2-Y8mmN&"
"berengere.stainton@edu.tbz.ch"|"jYb7IY-wiUxYe-Seck2R"
"wa.sabater@edu.tbz.ch"|"kiDukm-a3ujwx-M8Pf@w"
"anais.cochran@edu.tbz.ch"|"wdAZIw-I%9AOD-P#OHPX"
"gerald.bessant@edu.tbz.ch"|"p#4sF7-Jl06G#-0vSjQI"
"ruo.coffin@edu.tbz.ch"|"8qiOvX-dS36uF-2$%@WO"
"melodie.mustill@edu.tbz.ch"|"ynT3HR-WaS7eC-Fo6193"
"ruo.stanesby@edu.tbz.ch"|"xX$w3m-J5SR31-Dp1Ih4"
"noemie.antognelli@edu.tbz.ch"|"iCu5dA-fxdVqi-fo$4fy"
"maelann.hughson@edu.tbz.ch"|"xonQHC-dqchB@-IvYszO"
"milena.mieville@edu.tbz.ch"|"SAkT$Q-dgGaob-aaRehv"
"mailys.chamberlin@edu.tbz.ch"|"Tr22Yl-2TMYLG-KmbXXi"
"nadege.tomalin@edu.tbz.ch"|"jVJKVd-v@%8%u-pf0$hy"
"oceane.omara@edu.tbz.ch"|"MP%Gk0-oX%hm0-Sg7%up"
"cecile.aguirrezabala@edu.tbz.ch"|"qMf7TW-s98wkf-VW&tDq"
"maella.gwillim@edu.tbz.ch"|"KvVCyT-$eE3M2-WaM4q#"
"lea.mcgahey@edu.tbz.ch"|"W2ud5L-MGGiq$-%A7@aj"
"laurene.hagerty@edu.tbz.ch"|"QWy11X-Gh#Oww-85koKS"
"dorothee.link@edu.tbz.ch"|"rIMT3D-c$9tw5-%wyUaQ"
"clementine.kynsey@edu.tbz.ch"|"pqO&C4-SJxUHG-2xLLWf"
"lorene.smitherman@edu.tbz.ch"|"Xl7Fhi-D%duWA-kR&mlq"
"cleopatre.klulicek@edu.tbz.ch"|"W%e4OF-aCU5ni-F9ACo8"
"laurene.castaneda@edu.tbz.ch"|"fZ9Drh-wTk%g2-jAE2xF"
"melia.constant@edu.tbz.ch"|"v7gWqM-f7HEPn-y5QDUt"
"lucrece.clunie@edu.tbz.ch"|"%UfdRd-djRBFG-mlC9df"
"eleonore.mcmurthy@edu.tbz.ch"|"wpMpV8-0RIo%C-gMcLRB"
"melia.bevar@edu.tbz.ch"|"v&Fa&H-AHQUEp-Dv2P3l"
"camelia.bontine@edu.tbz.ch"|"n0spvW-bMd65o-5D4#cY"
"methode.jozefczak@edu.tbz.ch"|"P6q@Jo-JZqUoS-HnYOpq"
"audreanne.hinsche@edu.tbz.ch"|"orBJit-@TrmLj-7w#RsD"
"andree.varne@edu.tbz.ch"|"R1cV0z-mBmvDF-KBD0cj"
"marten.kinleyside@edu.tbz.ch"|"6ZNS6O-8hTiaN-diYQo0"
"esteve.mcewan@edu.tbz.ch"|"f%gNFg-#e58GW-9yoh$v"
"leane.dibbert@edu.tbz.ch"|"FKXNo2-I&3Yo0-5vAp9m"
"ma.thewlis@edu.tbz.ch"|"FQCnqy-E9jFO0-Il9sgg"
"clea.djurkovic@edu.tbz.ch"|"vHTiK3-gUv3wu-UNTI8b"
"rachele.reburn@edu.tbz.ch"|"yVmT5M-BFdMuk-w2dMa$"
"gerald.gowling@edu.tbz.ch"|"kp%42F-EfyDM3-lrjz%J"
"cleopatre.jackson@edu.tbz.ch"|"ugu%Zy-gj1aWp-M1%V3t"
"desiree.haskins@edu.tbz.ch"|"OVJG6l-$0bDu0-Rgbb0X"
"eleonore.longson@edu.tbz.ch"|"6xqP83-LmI&NS-eD3OWN"
"leane.dybell@edu.tbz.ch"|"YxgzH7-hY75hQ-4ct%51"
"becassine.grzesiak@edu.tbz.ch"|"gQZNyN-tDlTj1-BpUPEw"
"marie-josee.pickin@edu.tbz.ch"|"RHOu3b-o#NhqT-7biege"
"marie-josee.roxby@edu.tbz.ch"|"0gwoLT-N9WVkS-AijGSv"
"leonie.feenan@edu.tbz.ch"|"hoMe#l-5btkCN-&F58Pm"
"valerie.ellum@edu.tbz.ch"|"p&cVxX-vjyX8T-neAI@Z"
"ju.caseri@edu.tbz.ch"|"W2@Qh#-$j84MA-UO0WRg"
"boerje.strangman@edu.tbz.ch"|"&fbSpB-nd$EGr-Lr&wSD"
"beatrice.ghidelli@edu.tbz.ch"|"yIGoLm-14hOVX-S2bbmJ"
"da.jablonski@edu.tbz.ch"|"W1veKm-1ec9GT-pJQ3Vp"
"uo.beveridge@edu.tbz.ch"|"H0#hZN-kGli&c-Br3s%l"
"valerie.bestman@edu.tbz.ch"|"K%aKD@-Xcbej6-cbrJyn"
"marlene.pohls@edu.tbz.ch"|"OyrewA-BWURN&-lxHBG0"
"ma.nolda@edu.tbz.ch"|"Ljj$fI-uO2KpG-wRkj3i"
"marlene.bisiker@edu.tbz.ch"|"2hTVKb-VNGLX$-5$J3UI"
"estee.babon@edu.tbz.ch"|"iXEXtd-l187lX-@tGc@y"
"simplifies.dmisek@edu.tbz.ch"|"n@$QH1-4ULuV0-vkZ@%z"
"selene.ganing@edu.tbz.ch"|"qAd1z$-xlXgdl-QRPtyj"
"meryl.penke@edu.tbz.ch"|"iUlMBN-SO7@5a-q3hH3L"
"anais.rawcliff@edu.tbz.ch"|"RfIVW2-DGmCbc-hPNO1X"
"melina.andri@edu.tbz.ch"|"QBGeSN-ymGQ0p-BpmF76"
"audreanne.fodden@edu.tbz.ch"|"Risl5I-6#%aof-SJqCdC"
"bjoern.spellesy@edu.tbz.ch"|"VMmWnw-P5qaf#-5A2BYE"
"francoise.summerscales@edu.tbz.ch"|"oQnQCL-0#ozKR-CYP7w&"
"laurene.ashtonhurst@edu.tbz.ch"|"7Lui2w-byg#Ur-4rv9$O"
"valerie.petters@edu.tbz.ch"|"9d@yUd-Yur5b5-Rk7qif"
"anael.spenclay@edu.tbz.ch"|"7cFf7%-%8u6um-F6xcwI"
"stephanie.keech@edu.tbz.ch"|"Nqt7fQ-o#&wKU-970p6b"
"ines.deveril@edu.tbz.ch"|"KHjMJC-93atuj-OTcg5&"
"berenice.gelder@edu.tbz.ch"|"Y2Wf0s-$59R%b-N7tGpI"
"melanie.ofogerty@edu.tbz.ch"|"uI1TTg-Jf3igJ-3WHbvz"
"frederique.canepe@edu.tbz.ch"|"KwIWQu-z9PGJi-RGjmIQ"
"nuo.otton@edu.tbz.ch"|"A7ODiV-FNBIsI-xt$iPE"
"genevieve.trusler@edu.tbz.ch"|"OFtgfN-WE&MlN-n9pN6l"
"ju.boag@edu.tbz.ch"|"dljn&q-$vgtot-6Q3c8i"
"josephine.dilucia@edu.tbz.ch"|"w&IP2u-CR9jFz-WuwysB"
"laurene.armsden@edu.tbz.ch"|"rXW3Yp-2kVedY-W7gYso"
"becassine.griffe@edu.tbz.ch"|"Z$5ALz-Pl9Czd-aVo6wD"
"alois.parres@edu.tbz.ch"|"bOg1bs-&Q4h&2-dhRlrC"
"cleopatre.gaffey@edu.tbz.ch"|"vMqO0w-&esrVI-8Jw96h"
"andre.stiger@edu.tbz.ch"|"N2jSK6-OUylzX-KUKfwB"
"beatrice.godleman@edu.tbz.ch"|"k4SxEI-b5&U9I-zRiHLc"
"hakan.harrhy@edu.tbz.ch"|"qSvCOd-y1%vhC-QdXHRb"
"celestine.dagnan@edu.tbz.ch"|"OW6Hak-GsX0hN-nbHOje"
"clemence.haggart@edu.tbz.ch"|"u886$K-2fVpyn-ixRQQI"
"long.caban@edu.tbz.ch"|"8d&933-4rsjFO-UwLhFQ"
"gaetane.grimble@edu.tbz.ch"|"XO9Ac&-KsBmP#-#lF0t8"
"maelann.piwall@edu.tbz.ch"|"oZHK5D-8iG&oP-MAqRKa"
"magdalene.loble@edu.tbz.ch"|"t1&INK-8#SwON-FtUM&i"
"veronique.domaschke@edu.tbz.ch"|"#NJdzV-plUXEl-tnBxcu"
"clea.herity@edu.tbz.ch"|"sZ7kd3-t$%SFo-1Ghqwl"
"maelann.bambrough@edu.tbz.ch"|"daak%B-pNpl%Y-hwyLsb"
"clea.goulstone@edu.tbz.ch"|"Nq6xMI-Qmd7P8-kp6ulz"
"renee.deleek@edu.tbz.ch"|"FTUd2i-U7JJtU-SeZT5g"
"boerje.rudderham@edu.tbz.ch"|"Nxo26d-LikK0a-a9wKPq"
"marylene.broune@edu.tbz.ch"|"d@t#c9-D@tL8e-IrX0l7"
"nadege.mccuish@edu.tbz.ch"|"a1CSno-zYFMCm-3N%NRE"
"anael.littleover@edu.tbz.ch"|"XE8dNz-uMjMWY-QcfcfJ"
"lie.baume@edu.tbz.ch"|"iS9EMg-G6klID-uacieo"
"maella.murrow@edu.tbz.ch"|"XfJ#Ml-t@@9hV-#H9cKt"
"cleopatre.pettifor@edu.tbz.ch"|"Ej31QY-W#S%lQ-iMVQcG"
"geraldine.asker@edu.tbz.ch"|"FQlMsL-IuOQVi-AQZbR9"
"gaetane.smedmore@edu.tbz.ch"|"%RM7gz-6HslO#-gactLW"
"meryl.blencoe@edu.tbz.ch"|"RTEmja-qJzSmN-CEhzt1"
"aurelie.chastaing@edu.tbz.ch"|"YlECEd-WF7eqh-PMOsiV"
"oceanne.marthen@edu.tbz.ch"|"0FVeuo-PNmUy3-gYBgj%"
"dorothee.burrill@edu.tbz.ch"|"yT0IsF-rS&&PT-AhyXoB"
"hakan.belden@edu.tbz.ch"|"6pHnlX-AWhGE%-2kTODh"
"celine.brunning@edu.tbz.ch"|"7TdwMr-ZVcY6N-n@0Le6"
"anael.lapides@edu.tbz.ch"|"bUTeTQ-o3UUC0-j@LJ2m"
"ruo.saffran@edu.tbz.ch"|"CPX%Y#-vKGbyg-9r3gXH"
"loic.gerretsen@edu.tbz.ch"|"uv43EY-WNbk&K-0TZGhP"
"rui.fitzer@edu.tbz.ch"|"AF@bVm-%l0iVQ-Vxp4F%"
"annotee.ogers@edu.tbz.ch"|"wfy$MH-WFP1wd-WIqwc@"
"boerje.bindin@edu.tbz.ch"|"hzahqZ-i%2hXi-jRYGkh"
"ma.cronchey@edu.tbz.ch"|"LWJ0v3-BZmQ4k-XJRN06"
"laurelie.baiyle@edu.tbz.ch"|"1y5kEk-kz80xK-8f2AVU"
"dorothee.older@edu.tbz.ch"|"ywa10X-enYhGV-J27rLh"
"laurena.wile@edu.tbz.ch"|"%W5yMS-90g5Sn-PS#xIn"
"clemence.brito@edu.tbz.ch"|"qvMMKw-Y7Xw1a-6@pnDL"
"nadege.dallin@edu.tbz.ch"|"$od6pd-UZu97I-7#9dI#"
"mailis.matley@edu.tbz.ch"|"yfZj%F-C5%6@1-VhHrbj"
"daniele.screaton@edu.tbz.ch"|"ZsLtxQ-yMKd7n-6bB5qS"
"mediamass.godly@edu.tbz.ch"|"Je#0X6-xRJv3N-jkq3HI"
"leone.kremer@edu.tbz.ch"|"kyS8DA-7CqVSo-uZ0bwS"
"asa.adrian@edu.tbz.ch"|"HZq%W3-MEdS&4-vbT%9f"
"adele.doley@edu.tbz.ch"|"J%PRf5-&TqLx9-leQa#@"
"fei.sidney@edu.tbz.ch"|"ipCkyN-k5nURb-u2uhds"
"marie-josee.walisiak@edu.tbz.ch"|"wocAfa-i8uMzI-wdV1FE"
"desiree.diplock@edu.tbz.ch"|"SeDTWl-p4wu9m-lm$h8p"
"gisele.schust@edu.tbz.ch"|"rKMtjI-BOQi3H-TfqH31"
"ma.longshaw@edu.tbz.ch"|"axzppI-Wny0JI-MZ$ZaT"
"da.boother@edu.tbz.ch"|"7v3aml-bC&SEX-BNOIwM"
"simplifies.chaudhry@edu.tbz.ch"|"XJoqcg-7yoBoc-TOrnoN"
"garcon.baniard@edu.tbz.ch"|"6NOk$0-N85QYQ-%s@7WV"
"gaetane.elphee@edu.tbz.ch"|"yzZlGn-GjuG$A-QeK8L#"
"gisele.hassey@edu.tbz.ch"|"BUhEQ1-36uisO-bSVCQP"
"oceanne.booley@edu.tbz.ch"|"FAk6k4-GG&53B-rTN6TW"
"oerjan.dibden@edu.tbz.ch"|"mXUecQ-EfbB86-&@#pTJ"
"regine.ocleary@edu.tbz.ch"|"QUXwTr-1&JaDa-JTUo8v"
"selene.persse@edu.tbz.ch"|"4Uzm&J-TQiiwn-pPK2#I"
"helena.adenot@edu.tbz.ch"|"@jRl2l-HSeVX7-udKl@V"
"maelann.wassung@edu.tbz.ch"|"Zy9hI$-MNQTvu-9PwIyD"
"frederique.ackermann@edu.tbz.ch"|"oKfOZ7-WTF1Ug-qf4lb%"
"audreanne.kahen@edu.tbz.ch"|"qi6Bc1-ow5EdI-ps5HGi"
"maiwenn.lasty@edu.tbz.ch"|"BTfwQX-7G8f7r-wewIWR"
"yu.dictus@edu.tbz.ch"|"iaEC2V-u#a8C&-xziXtz"
"anae.dukes@edu.tbz.ch"|"z#d%FX-oHRJvc-VX5Vq@"
"yenora.warr@edu.tbz.ch"|"ZVu4nF-38LfxZ-Ne3pUw"
"esbjoern.archibold@edu.tbz.ch"|"Jpa8At-T#G$%q-cd@AW&"
"milena.pardal@edu.tbz.ch"|"VYmlkI-u@&VLT-z2JDKX"
"celestine.graveston@edu.tbz.ch"|"GYluah-J43EFU-saJy0h"
"maena.dallas@edu.tbz.ch"|"JAl%kv-xGXsbc-tu54rD"
"andree.tuke@edu.tbz.ch"|"dTfMLE-RGKYLy-M4x8zv"
"methode.seldner@edu.tbz.ch"|"f$&g7a-A#$JqV-VTPWIY"
"venus.bullas@edu.tbz.ch"|"r1dEFB-c$9xUU-v@r#FA"
"mans.aguirrezabal@edu.tbz.ch"|"TrGggJ-fRk1r0-VCyudx"
"gaelle.eadington@edu.tbz.ch"|"bZVSKP-5wRMkV-hoAGmR"
"anaelle.falkner@edu.tbz.ch"|"S@VfGL-WT4kVA-zJQdlP"
"ophelie.height@edu.tbz.ch"|"Ptyuyh-rdI$2p-WZuF2L"
"marten.bolding@edu.tbz.ch"|"flsJ9Q-Sq20fN-a#GUak"
"pelagie.guswell@edu.tbz.ch"|"s7W$$X-vBolP9-wbLnj@"
"gwenaelle.lecount@edu.tbz.ch"|"i9A#6o-EL9wdM-KKecb1"
"hakan.laden@edu.tbz.ch"|"tCUPna-CnCuEZ-f4Oouv"
"marie-josee.hylands@edu.tbz.ch"|"kDuCm3-Z4bq5J-iQGAtX"
"zoe.kingshott@edu.tbz.ch"|"Aid$h6-qrV5Do-98cW#0"
"josee.janous@edu.tbz.ch"|"ildUQs-Nll5Bx-X#Kvcw"
"laurene.gallally@edu.tbz.ch"|"T@yP$G-1jZ84N-EXYyc0"
"anael.bickle@edu.tbz.ch"|"Y2rSTA-XotEDV-JFSc4m"
"mediamass.lebbern@edu.tbz.ch"|"9uyi4G-P4w6bV-jqLuUO"
"berengere.hovy@edu.tbz.ch"|"GQS5OA-QW1LgE-swo6FT"
"oerjan.kilmurray@edu.tbz.ch"|"p0&t08-mpuyje-EwdCcv"
"asloeg.venny@edu.tbz.ch"|"I@CVx2-hAULJ0-Mf1eXP"
"marie-noel.stoad@edu.tbz.ch"|"cSD74C-P@r5tL-Z#@5H@"
"hakan.pettifor@edu.tbz.ch"|"b2RjZG-aCj0hE-8B7G$f"
"maella.willgrass@edu.tbz.ch"|"8HH@0$-2Hmyid-UWUGhy"
"therese.ludovici@edu.tbz.ch"|"HYLU5A-b6M4a&-QKfki9"
"stephanie.trewhitt@edu.tbz.ch"|"RZzKO6-P4$hGU-USZP&C"
"maerta.bauduccio@edu.tbz.ch"|"6G5Y%T-&6R9s9-ymdLt3"
"gaetane.glaisner@edu.tbz.ch"|"48VLPY-idg9mj-ZmWVRM"
"naeva.pargeter@edu.tbz.ch"|"uuhFXP-skaxgS-gxTvLj"
"salome.venable@edu.tbz.ch"|"otn$qh-jtOLoF-iLqzih"
"boerje.thickett@edu.tbz.ch"|"DFf7JF-yClZ#q-38qf7r"
"lucrece.prendergrass@edu.tbz.ch"|"EbGz@F-ShKHRe-93ch45"
"laurene.ockleshaw@edu.tbz.ch"|"AHCTEx-EciOur-E7kvTZ"
"cecilia.pasticznyk@edu.tbz.ch"|"QZ##kH-owDGeY-6YgK1B"
"stevina.mackey@edu.tbz.ch"|"HHi2WR-vn2YaT-83Vzf0"
"marie-noel.reven@edu.tbz.ch"|"82K4&6-nqdhpt-0@qEre"
"melina.quilkin@edu.tbz.ch"|"8ExtTz-8yKc6V-u0IKvO"
"marie-noel.ferrie@edu.tbz.ch"|"mi6@3O-VWBN4K-kOx6G6"
"leone.alphege@edu.tbz.ch"|"a0BPki-an&kSX-3TIRN7"
"zoe.leverson@edu.tbz.ch"|"0MUdjr-yq@xXl-#zLcom"
"annotes.grayne@edu.tbz.ch"|"PzlOYH-kMsUXY-5VRw7W"
"faites.lalley@edu.tbz.ch"|"$GW836-ynTFK9-s7L9ZQ"
"adele.wallis@edu.tbz.ch"|"iy4u$%-7wXeab-rh0dgV"
"severine.madill@edu.tbz.ch"|"wF4yJt-1Qzs@v-meHw&x"
"valerie.tebb@edu.tbz.ch"|"JS79Hs-YaCsTk-MMzzk3"
"kalliste.rasper@edu.tbz.ch"|"9PL0EE-msuo@H-$yci4b"
"audreanne.palomba@edu.tbz.ch"|"3#AyAW-JdDt1d-xYPSu6"
"elea.adamik@edu.tbz.ch"|"JeCINW-uW3YAl-$jWBI6"
"reserves.jakuszewski@edu.tbz.ch"|"eZ17Se-rfTTTT-jRCiZJ"
"athena.belhomme@edu.tbz.ch"|"6VwoGk-yFlIY2-8NMqCs"
"rebecca.crippin@edu.tbz.ch"|"xAqiZD-$IUfhP-MkrXSn"
"maiwenn.curman@edu.tbz.ch"|"XZzmc&-QD6iWX-@EmikW"
"andree.bunner@edu.tbz.ch"|"ujQm5E-BDn6@j-8al4Ne"
"ruo.winckles@edu.tbz.ch"|"1EgsCA-ouPvzX-XU2%pk"
"naeva.buntine@edu.tbz.ch"|"jF7kfC-jRFHgD-xBz81r"
"boerje.dollard@edu.tbz.ch"|"66wuDQ-gsXKkJ-MrkLh2"
"penelope.gorman@edu.tbz.ch"|"YR@UQv-rBGfwC-Cjo@nT"
"alois.robelin@edu.tbz.ch"|"vawd7J-FdjkDQ-hdqWCd"
"anaelle.tindle@edu.tbz.ch"|"aU0VIr-Ng47Ew-ieUJtl"
"ye.frears@edu.tbz.ch"|"n%Yg5e-hn8GGY-vuU%UG"
"andree.ovid@edu.tbz.ch"|"qSn%t%-8ovanA-DyL%YW"
"hakan.peat@edu.tbz.ch"|"xy6DNk-OLvvdy-XKBMGO"
"andre.januszewski@edu.tbz.ch"|"3qR8k9-tnyMBV-g%uqRq"
"annotes.clemmett@edu.tbz.ch"|"dNXYnM-#Kt3Mb-2j1u#F"
"pal.lambswood@edu.tbz.ch"|"XzIdIL-8KWock-VkQuj#"
"yao.lenton@edu.tbz.ch"|"Rhfmzb-J8LObj-I5ZiBX"
"hakan.boyton@edu.tbz.ch"|"DkF3dd-nlzuGc-thLTbj"
"nelie.forsey@edu.tbz.ch"|"hmVgKD-oXPWLP-@1iIph"
"hakan.horche@edu.tbz.ch"|"YgWO&A-#i6&gG-3c79$x"
"lorene.sinkings@edu.tbz.ch"|"Z%&9yQ-gyaYYn-g74Da5"
"marie-therese.creddon@edu.tbz.ch"|"wCz3O@-Vys%84-SliiqL"
"berenice.tolworthy@edu.tbz.ch"|"MpiufS-&Gz2Xc-eedPxq"
"theresa.land@edu.tbz.ch"|"3zLkn9-ELOja9-S5PG%Q"
"marie-therese.gianilli@edu.tbz.ch"|"sQuEyF-4DUl@K-hru4EH"
"meryl.glew@edu.tbz.ch"|"6zIC87-IxmuxW-pO$Il@"
"adele.debling@edu.tbz.ch"|"&&VnT6-legEc3-@60u83"
"anae.metzke@edu.tbz.ch"|"48Ua64-IZUQpp-m14K1@"
"gaetane.gooden@edu.tbz.ch"|"eHgHm0-oCdhDP-6L3l7J"
"laila.bootland@edu.tbz.ch"|"pSGfbo-3y#jLh-RZ%tWE"
"maite.helsdon@edu.tbz.ch"|"Dnf%DJ-df81@X-2tL&@i"
"andree.malley@edu.tbz.ch"|"K7T2c2-YJWeyR-Q7mIRI"
"pal.simmens@edu.tbz.ch"|"RxSDTn-z$AXyV-5NEeE&"
"maelys.nuccitelli@edu.tbz.ch"|"9ok4ai-C6N@NG-5HTCub"
"dafnee.sibary@edu.tbz.ch"|"fFqrJo-2HRxFu-af1&T7"
"alois.harsnep@edu.tbz.ch"|"#L&UKx-Ez#vdL-6xWsys"
"marie-helene.lacky@edu.tbz.ch"|"uam%x&-2bJco&-q57ccy"
"mylene.youthed@edu.tbz.ch"|"9eJo&c-LUPW7b-raXRlG"
"marie-helene.dehmel@edu.tbz.ch"|"3wfLL%-v5AqHj-55GPqa"
"angele.batman@edu.tbz.ch"|"%JM3tS-HbEPle-df@$68"
"melia.younghusband@edu.tbz.ch"|"lN02mn-OXssKR-vcRGVy"
"eloise.baldi@edu.tbz.ch"|"AojSIb-cVqKJ6-hyx99t"
"illustree.dun@edu.tbz.ch"|"b3NMsG-M&2PBx-P&vH8p"
"genevieve.late@edu.tbz.ch"|"IZO0Dh-QTtsj3-iFKDOW"
"celestine.colville@edu.tbz.ch"|"ijsH5X-8$Een#-6yILrB"
"gwenaelle.scarlon@edu.tbz.ch"|"EU4prm-15epGI-YdaPMf"
"regine.boddie@edu.tbz.ch"|"hFaoXj-4yfsh@-KqZGfQ"
"creez.gaughan@edu.tbz.ch"|"06C3&J-WoHRan-SscbvE"
"gaia.longford@edu.tbz.ch"|"S@OLrn-vnpCDo-mPHL#M"
"mailis.buckby@edu.tbz.ch"|"YSNT#U-1vAh8g-O$ZKSi"
"song.parbrook@edu.tbz.ch"|"O6c57r-sBcpfA-YgDTq#"
"frederique.heddan@edu.tbz.ch"|"dSFFac-BnMLaV-KvNpp1"
"ake.kirtlan@edu.tbz.ch"|"$Yv#M0-wJu2rQ-%mZR1v"
"nelie.runciman@edu.tbz.ch"|"8H#Twx-e%KGa7-SVcnQi"
"mailis.cardnell@edu.tbz.ch"|"Na@XsA-XeArje-6jwaT3"
"irene.navarro@edu.tbz.ch"|"1qWDz2-Lhlvrq-Xgi5H5"
"maite.cough@edu.tbz.ch"|"TY1gaj-wuoCj3-Z#AA6j"
"anaelle.stocky@edu.tbz.ch"|"RrIF0y-uXATNn-%jS3d2"
"methode.moulder@edu.tbz.ch"|"iRQJef-vJkSpI-P3t$mC"
"po.stafford@edu.tbz.ch"|"3#tIcM-667Pg7-gJr78t"
"faites.scraggs@edu.tbz.ch"|"p0gMcN-WpGqAk-F@V%EA"
"adelaide.dullard@edu.tbz.ch"|"b3V21r-Ni7i#p-Kf9cAL"
"desiree.leonard@edu.tbz.ch"|"syWYfe-BoVy1y-S5u1Dr"
"geraldine.badgers@edu.tbz.ch"|"Y%Z&gz-OLKBvR-1Vojsy"
"ruo.masic@edu.tbz.ch"|"xXqeLY-d$x#bA-N6c1%#"
"aurelie.lieber@edu.tbz.ch"|"OfAE@4-jqmtKK-0@TF2n"
"naelle.balcock@edu.tbz.ch"|"99nIoS-1TISU0-u78y&o"
"camelia.elger@edu.tbz.ch"|"8NLzm9-rEvTw#-5SWSKi"
"publicite.oakeshott@edu.tbz.ch"|"Pldhwf-4IYUgE-H@xvCZ"
"cleopatre.fawley@edu.tbz.ch"|"5buo5k-J54ily-$$i7@s"
"laurene.bruckmann@edu.tbz.ch"|"d@khxd-sNfUcl-ZvoT5B"
"rui.haughton@edu.tbz.ch"|"M#Z$C3-@GQ27p-Mrux7A"
"asa.ladewig@edu.tbz.ch"|"1&R3ac-4bDvZZ-&J8TNu"
"gisele.janecek@edu.tbz.ch"|"Uj$via-yPRWI#-ysIokU"
"maily.loveridge@edu.tbz.ch"|"SCRMlb-id@AG1-vHno64"
"marie-eve.yurkiewicz@edu.tbz.ch"|"MyNH&&-kSFYxh-HvedO6"
"fei.roder@edu.tbz.ch"|"e6w6xw-YD2JpJ-G3EEbs"
"edmee.chatburn@edu.tbz.ch"|"8RnD%q-MHpW9Z-i&gepI"
"geraldine.darke@edu.tbz.ch"|"Rduh4F-M@ZRPT-X$%5RQ"
"ye.jira@edu.tbz.ch"|"ozOEu0-azAEU4-Qs8me4"
"publicite.persent@edu.tbz.ch"|"&ctnZ$-ISpNvj-nmJmQq"
"severine.wilcox@edu.tbz.ch"|"s3HqUr-yxQtmO-7T&YKU"
"yao.mcclaren@edu.tbz.ch"|"GWn61h-zx7fFn-s@B&S#"
"theresa.foynes@edu.tbz.ch"|"thM9fA-%mjr8x-lB7C5u"
"stephanie.isley@edu.tbz.ch"|"xvX$jg-jIGWDP-%w8noO"
"torbjoern.growy@edu.tbz.ch"|"DmLEk5-4gi6lV-OF6sA#"
"eloise.tunnadine@edu.tbz.ch"|"ozrGRB-250p&y-AALpju"
"maeline.cossentine@edu.tbz.ch"|"P8CtZi-UtbEXQ-#8LcEn"
"nelie.desantos@edu.tbz.ch"|"h#fFSd-besR#B-uU&Fux"
"gaetane.axston@edu.tbz.ch"|"aVfNVf-jO@FkP-CeiTmO"
"aimee.merman@edu.tbz.ch"|"howjaB-NIC0u5-SirM@N"
"oerjan.drivers@edu.tbz.ch"|"pRDigY-eMnGgW-7IX3%V"
"aimee.miroy@edu.tbz.ch"|"bqCg6K-3JSL$j-xMkGat"
"nelie.glyde@edu.tbz.ch"|"zpZRAQ-1YzsJZ-AlWAa9"
"hakan.kapelhof@edu.tbz.ch"|"eYJzmc-zYbZ&Q-A7LgBY"
"maelyss.cauley@edu.tbz.ch"|"JV&8W0-RzIsnx-aeKdw5"
"elea.vaggs@edu.tbz.ch"|"sVK1Ir-punjw7-i1dWs2"
"maelys.but@edu.tbz.ch"|"YRIQwj-8$awhf-WB0HY6"
"maella.arthurs@edu.tbz.ch"|"z7d6dI-n2g0t&-uiloGi"
"adele.liebrecht@edu.tbz.ch"|"hTFBMn-scS8Qv-Hq7JpU"
"meline.lomasny@edu.tbz.ch"|"kEXUdD-JNdivj-Cm#7eu"
"mediamass.schwant@edu.tbz.ch"|"pFNWYr-y@QndV-TA&BQO"
"leone.saunt@edu.tbz.ch"|"9mkBSA-aEN%U2-IsbDQG"
"annotes.gouch@edu.tbz.ch"|"X@&uLe-QnkSfy-x8HXBc"
"gaetane.bowich@edu.tbz.ch"|"RVsC%6-GTWY0v-s%xKr4"
"alizee.strelitzki@edu.tbz.ch"|"0u4JYt-K2TOfJ-idgWV$"
"leone.poile@edu.tbz.ch"|"WzlSXS-Ky9qT5-LN9z1W"
"amelie.saban@edu.tbz.ch"|"%PKzKD-tGd#47-&7FcZE"
"marten.mcmenamin@edu.tbz.ch"|"7wQKrA-3IV@Yd-DwWSPU"
"becassine.keets@edu.tbz.ch"|"%CAc&P-rxJG&B-0EBV7I"
"celine.million@edu.tbz.ch"|"qAD3pv-RoycQw-xwfbpo"
"geraldine.belitz@edu.tbz.ch"|"DP79aA-ICf&bg-BCTu&p"
"salome.mardling@edu.tbz.ch"|"PC6x6P-9zDxht-rn@oAC"
"melia.blakemore@edu.tbz.ch"|"y9EYae-Bl1K9l-J4VVn&"
"dafnee.mcaulay@edu.tbz.ch"|"byUfIz-AZuicx-F%Iuql"
"garcon.dennett@edu.tbz.ch"|"Z1rm$O-LdrbIX-zCvlEN"
"interessant.lesor@edu.tbz.ch"|"UUeu&m-khNu78-FxSC$n"
"annotee.wasbrough@edu.tbz.ch"|"KToDoI-IOP7Gd-i&B%#e"
"asa.ibbeson@edu.tbz.ch"|"CAtfYG-puQQX@-B9GqLG"
"maily.kennealy@edu.tbz.ch"|"D#HPt1-ddfKKH-#4ltiF"
"ye.seares@edu.tbz.ch"|"n2lJZI-2xC$qV-%caZIv"
"athena.harbron@edu.tbz.ch"|"2$Ymsk-R9qwP&-9vnR6u"
"andreanne.portail@edu.tbz.ch"|"UH%gQE-6ZC$aa-Joh&OU"
"goeran.zannelli@edu.tbz.ch"|"DhVXDJ-GOM9@D-iKSZ5u"
"gerald.leathlay@edu.tbz.ch"|"K@ZM7W-P@I@2g-xkyJZ4"
"andreanne.chown@edu.tbz.ch"|"tIpGor-MjyZGc-nSUM$6"
"esteve.clementel@edu.tbz.ch"|"Vdc#a#-BcGCFA-nsUIfK"
"leone.legan@edu.tbz.ch"|"L5Is@H-Xwwxhr-Vg8zD6"
"maena.pownall@edu.tbz.ch"|"vo5R0U-cOmYQn-Xj6w5f"
"andree.rettie@edu.tbz.ch"|"Pu9c7q-NpMoTf-hd$c36"
"ines.kenwrick@edu.tbz.ch"|"PHwtD#-YKkUNU-%0l7&v"
"marie-helene.yarnall@edu.tbz.ch"|"QxDf02-WU7zWc-8Or0VI"
"po.martin@edu.tbz.ch"|"2vI7JT-67uSy%-5eTst1"
"ruo.celiz@edu.tbz.ch"|"HYkPEA-Rbu8vX-A7nzjp"
"po.bissett@edu.tbz.ch"|"VddJG1-nFu1Ef-GCVkx7"
"du.swindon@edu.tbz.ch"|"i5IRk5-rkIkVP-214$9E"
"interessant.gouldthorp@edu.tbz.ch"|"oiEeEo-cHxBLt-&fA&O&"
"leandre.lilburn@edu.tbz.ch"|"i%iB$t-i$hN0K-9bhmE&"
"bjoern.whales@edu.tbz.ch"|"6eGYgz-7I817b-HYjLn7"
"interessant.dieton@edu.tbz.ch"|"s1kf$a-cpEOEr-Ptx8fZ"
"celestine.redhills@edu.tbz.ch"|"S3vByv-HKiIoK-O4qpdc"
"tan.yakovlev@edu.tbz.ch"|"dAoh@j-Mov24k-e0oxJ3"
"regine.mcdowell@edu.tbz.ch"|"K5NVl2-Qe6qzL-lD31$r"
"ju.coysh@edu.tbz.ch"|"50frp2-u%lwKB-OGCw44"
"reserves.ofallon@edu.tbz.ch"|"%&@W1M-CZHmr&-#dKHPT"
"frederique.sobey@edu.tbz.ch"|"@Esx41-kXLqnn-w7LBDW"
"marie-eve.garstang@edu.tbz.ch"|"s8hy0j-xSquZU-ce0i89"
"andre.tapin@edu.tbz.ch"|"SRYj@K-kHkK9H-Drywcl"
"esbjoern.eynon@edu.tbz.ch"|"LZp6Fb-LQhhLN-NB9H&#"
"maella.duffy@edu.tbz.ch"|"sTZng5-N9Y7vQ-q@FApa"
"leandre.twinning@edu.tbz.ch"|"Z2a$&$-$GV4Kw-OAI6bc"
"mai.whittingham@edu.tbz.ch"|"T1TZVy-WwP&@j-aqPIHT"
"rachele.shevelin@edu.tbz.ch"|"Vj3fte-o6yAu$-4mxxbw"
"cecile.mcure@edu.tbz.ch"|"q8rorK-y$4Ous-NrVt04"
"marie-eve.yurkevich@edu.tbz.ch"|"NBpS49-sTo&1S-KGWWwC"
"almerinda.paice@edu.tbz.ch"|"ixj1OJ-YYXshc-gZWQdf"
"rao.howkins@edu.tbz.ch"|"B@4rzG-#hNfew-srJQcX"
"serena.pack@edu.tbz.ch"|"npkJDJ-3gfNOR-uolcDi"
"rebecca.mant@edu.tbz.ch"|"9Td$aD-DTKyXL-XY5TVu"
"reserves.spitell@edu.tbz.ch"|"MDVwrK-902tlS-3TyCk5"
"garcon.hamfleet@edu.tbz.ch"|"NBSC1A-6DRMs3-uGxCLa"
"methode.kerkham@edu.tbz.ch"|"r8ErTH-XSpDh9-dE2XvI"
"pelagie.camies@edu.tbz.ch"|"oAvZpW-Ug3EJn-Bkv0Se"
"josephine.macpharlain@edu.tbz.ch"|"ijdrkc-HYoPBl-VKheh8"
"eugenie.mathet@edu.tbz.ch"|"CPmc3l-GG%5l%-Lun@I8"
"gaetane.brangan@edu.tbz.ch"|"pc9PKc-b$TQVr-EsC31D"
"michele.dewbury@edu.tbz.ch"|"78QQTT-2m5@Gk-Vg#csm"
"eugenie.elcott@edu.tbz.ch"|"Ye027t-e6Oz7B-Hz@dUe"
"megane.harniman@edu.tbz.ch"|"iB&Vtw-6xGRXf-sw05wE"
"agnes.cluney@edu.tbz.ch"|"IR#E44-eqpygi-u@6x08"
"marie-helene.angear@edu.tbz.ch"|"VbvAMC-z5PBr5-TTEJxX"
"melia.dolphin@edu.tbz.ch"|"PU9xzP-8KA$uM-kJlbgu"
"lois.ruseworth@edu.tbz.ch"|"@C7xc%-@8Y3Sr-&pqRb5"
"mailys.ryding@edu.tbz.ch"|"tUXQie-4heJxq-3wZM$g"
"rachele.wulfinger@edu.tbz.ch"|"qEfdCI-SbSiwP-q8HlFF"
"gwenaelle.talton@edu.tbz.ch"|"LExAQQ-wl5H56-%Ui9H7"
"long.ronchetti@edu.tbz.ch"|"gNoQ#d-#QXRZH-t7bmnT"
"styrbjoern.kloska@edu.tbz.ch"|"1g17eB-1$GxLf-SNtCfl"
"len.sudran@edu.tbz.ch"|"#cDrSQ-tmfqMp-aQTJ0$"
"maelle.andrysek@edu.tbz.ch"|"asclan-E#eUtH-rTP&ms"
"selene.senior@edu.tbz.ch"|"ZYqEMJ-PfJTo1-5&3Rwu"
"anais.joskovitch@edu.tbz.ch"|"v#Yh#v-8D0z3I-zI0$Ar"
"marie-noel.dally@edu.tbz.ch"|"&J7SXn-1ZfnAX-vQlHyF"
"marie-helene.laurence@edu.tbz.ch"|"0G7Sp&-XBjapS-Zr&FTS"
"camelia.foxon@edu.tbz.ch"|"4fBbVu-NyNcHH-Sfkh8T"
"helene.cankett@edu.tbz.ch"|"JUvPTA-8v$Dl3-@ens60"
"marten.mitchelson@edu.tbz.ch"|"tb6IA5-BQNPzA-IvAGz6"
"helena.stirtle@edu.tbz.ch"|"9755#p-&o9b&Q-pA&ItR"
"leane.barmby@edu.tbz.ch"|"NGP$np-b6hCsF-mth5of"
"goeran.ofinan@edu.tbz.ch"|"exV4$S-OY&xJ0-0is@Vx"
"styrbjoern.proby@edu.tbz.ch"|"e1jxGF-lLb@FX-kimKbH"
"zoe.halse@edu.tbz.ch"|"#Nv3#r-GZMFbE-syG%Ds"
"kui.drable@edu.tbz.ch"|"JGJFYX-A@ZIzA-D6Qj%o"
"desiree.bamford@edu.tbz.ch"|"BR72XS-U7Y1V$-op2YHN"
"zoe.suller@edu.tbz.ch"|"c50CEP-2tTCGB-f4AT7o"
"marylene.audiss@edu.tbz.ch"|"7xh#Xl-MSaUcr-m7bl%W"
"adelaide.poznanski@edu.tbz.ch"|"bRRrNT-QIKDPD-yvZOmP"
"maella.coleyshaw@edu.tbz.ch"|"ui%Lsk-@xLSgL-sGSziF"
"marie-francoise.gelder@edu.tbz.ch"|"CuHF@U-8XvCtZ-6Lchho"
"eleonore.chaffyn@edu.tbz.ch"|"@$70$6-MTn7NU-ha72&D"
"celestine.sikorsky@edu.tbz.ch"|"tZT$E@-lNziIZ-BxZ$XE"
"stevina.londsdale@edu.tbz.ch"|"xdWgBw-&T8tNR-qsFqLO"
"maiwenn.nevitt@edu.tbz.ch"|"GYZit4-6Yb#2$-7GdJ4n"
"magdalene.gerrey@edu.tbz.ch"|"ZeeLen-ky%Hl7-c3xs#x"
"becassine.latimer@edu.tbz.ch"|"bW5FCJ-EyhAFO-O1wDv#"
"da.lethibridge@edu.tbz.ch"|"mIPv5N-V3UU9s-@GYiWn"
"mailys.claige@edu.tbz.ch"|"ft6zlg-rn@ZGG-wxaX1y"
"maena.torbard@edu.tbz.ch"|"36RBkw-WNJcND-xF&9TE"
"solene.lyvon@edu.tbz.ch"|"JbSBcu-H22odm-CNVwo%"
"marie-therese.benbrick@edu.tbz.ch"|"ghzzs6-6tm2A9-v%D2Fh"
"gerald.edmonson@edu.tbz.ch"|"PVadFv-Z6F#ii-K$jgBr"
"ake.messruther@edu.tbz.ch"|"b05IW4-@nrWRs-t7cfDi"
"men.gosneye@edu.tbz.ch"|"dNdsrt-E6#j7H-ZwqLG2"
"anais.jefferys@edu.tbz.ch"|"&nV881-4t0$Ut-49GHG%"
"publicite.tregale@edu.tbz.ch"|"ZoA0zD-fs958q-#WvXga"
"maily.santorini@edu.tbz.ch"|"N%APA7-9sEC#Z-@Kz6A%"
"ines.pioch@edu.tbz.ch"|"7Xhsl9-e@KgcW-XK2yr5"
"noemie.marklew@edu.tbz.ch"|"%g9#hc-$PhTzS-mj$O2E"
"meghane.maccaffrey@edu.tbz.ch"|"MnHWs3-jOqDOw-9FfdXH"
"berangere.ambrogio@edu.tbz.ch"|"dBvERz-#10wd$-$k3l@f"
"mediamass.ryce@edu.tbz.ch"|"w$Thxg-rNmE4a-OVPdk7"
"oesten.ubank@edu.tbz.ch"|"k#QLoo-uaNb2c-At7eJn"
"melina.mackee@edu.tbz.ch"|"JpNe1e-2gu3AC-l3G3nO"
"theresa.livezey@edu.tbz.ch"|"ScT$5j-N09@%0-QiiA2v"
"clemence.weal@edu.tbz.ch"|"fIJjSC-O%6iLf-qf6B@d"
"faites.overton@edu.tbz.ch"|"y&GcO7-NO7Nba-1GRI6p"
"clea.lindblad@edu.tbz.ch"|"3PN78b-UgztLH-RTY$Ei"
"josephine.roseaman@edu.tbz.ch"|"FbQ4xc-8QK9Wr-SCUSgT"
"oesten.lowbridge@edu.tbz.ch"|"jrcwiN-a149dq-CEcI#D"
"marie-josee.brion@edu.tbz.ch"|"mImrzH-BBJ5t1-uZFjtG"
"therese.basili@edu.tbz.ch"|"7fcyWg-JG&agu-YJZYCa"
"melia.vertigan@edu.tbz.ch"|"&m1xQq-R@b7Fj-F%faPt"
"judicael.saull@edu.tbz.ch"|"2NVGLW-LQmY0m-2$@wCl"
"selene.valentine@edu.tbz.ch"|"WQ9hKD-bwPP6L-9#L%z2"
"verane.dunlap@edu.tbz.ch"|"b7OKjH-#%7@oa-k8YV&z"
"meline.kinnear@edu.tbz.ch"|"ObI&8r-2bU2BR-v@v4N8"
"lei.luttgert@edu.tbz.ch"|"2#rfg8-yJFVPf-WuGZZ#"
"styrbjoern.lathleiffure@edu.tbz.ch"|"Bjnmcv-NfeJwC-5XD&Ex"
"marlene.blasi@edu.tbz.ch"|"wrniIv-GPycM#-kN6d7F"
"mai.begwell@edu.tbz.ch"|"%N7xNE-P1oawC-5tMGKY"
"gwenaelle.kaines@edu.tbz.ch"|"vCuZoy-xvEgW2-cqgJ9x"
"gerald.adamthwaite@edu.tbz.ch"|"j$pokf-YkwXtY-FTTIr1"
"kui.hartfield@edu.tbz.ch"|"t$JP5a-Jx1a6M-MbqCFG"
"salome.currao@edu.tbz.ch"|"cONyw3-9PNh&S-&Ef8tE"
"angelique.tixier@edu.tbz.ch"|"tgVrmq-nhySFc-M4mT#K"
"ju.mcgragh@edu.tbz.ch"|"WNffAq-8%9$SG-5CJI1j"
"dafnee.beachem@edu.tbz.ch"|"xDH#R8-PTB#zl-$OU@Lp"
"creez.terlinden@edu.tbz.ch"|"IYz4ap-iTEspT-4eoExO"
"uo.mcskeagan@edu.tbz.ch"|"4b&uOs-TWaXQO-oMpw9n"
"edmee.mccaughren@edu.tbz.ch"|"TZW&Dc-LOLJP8-y3CJUP"
"asloeg.cozby@edu.tbz.ch"|"#coWCg-IzqSml-%9tOaO"
"melodie.traite@edu.tbz.ch"|"wSRuz4-3mljNa-Qd6Att"
"dorothee.aindriu@edu.tbz.ch"|"tYp$KD-it#pVb-Kshgpp"
"daniele.doley@edu.tbz.ch"|"vplUwv-CspTFH-s35aYJ"
"mediamass.fairclough@edu.tbz.ch"|"FtlxNP-f#ua4$-pvZ8WV"
"lorene.rainforth@edu.tbz.ch"|"tqc4Ay-HkWKUj-xptPaI"
"leonore.eyer@edu.tbz.ch"|"8Tx1%$-j@#ILl-YY8Tkx"
"po.spillman@edu.tbz.ch"|"klxnEa-hPIvcj-Kbh6xk"
"cecilia.plitz@edu.tbz.ch"|"Clp4U4-9lvYMf-C1msgj"
"lorene.ludlow@edu.tbz.ch"|"ObKGS%-o3O8zb-4CHDCW"
"berangere.neligan@edu.tbz.ch"|"$LKAAB-Ib8a0l-tQ&6P%"
"simplifies.huggan@edu.tbz.ch"|"y2q884-B@NjiO-GnrZcI"
"clelia.prandy@edu.tbz.ch"|"eUKa9s-5c%KEZ-8BiF&v"
"ake.osban@edu.tbz.ch"|"@%SYPP-&vc3@$-%aySBo"
"cunegonde.brunn@edu.tbz.ch"|"Uxs1h3-NdOO@U-DEnS3f"
"long.grizard@edu.tbz.ch"|"pQJA3E-JNMOOo-dBXJeZ"
"meghane.diss@edu.tbz.ch"|"r2BjZi-83WYtO-brKMNr"
"therese.oldman@edu.tbz.ch"|"61Rw2M-jg0CMu-a&CcAx"
"boerje.scamerdine@edu.tbz.ch"|"mOESSb-OytOEg-rLwIHT"
"du.saban@edu.tbz.ch"|"wDf4E3-MOVAJZ-OWYNpS"
"hakan.clynmans@edu.tbz.ch"|"c5Ii$6-&Z8P31-XVozT1"
"wa.macdowal@edu.tbz.ch"|"lafGPL-M9D6mW-QLB8@Q"
"venus.hatrey@edu.tbz.ch"|"LgjS0K-3N&eiQ-4wG8Sj"
"anaelle.vispo@edu.tbz.ch"|"a0lcsp-PrO5OC-8X0V4e"
"mahelie.ollcott@edu.tbz.ch"|"TeYTz@-@mYVm0-4x8JB3"
"mediamass.whyman@edu.tbz.ch"|"hMTjyi-YWZwws-Zgkx5K"
"esbjoern.basson@edu.tbz.ch"|"nIt$8g-pFQll0-qf78lt"
"andrea.morrill@edu.tbz.ch"|"6tqAz9-JW3oVV-7dt28Y"
"melys.grassi@edu.tbz.ch"|"sIXqVc-uD0fr8-cMSlGk"
"leone.poleye@edu.tbz.ch"|"ubv&eQ-k1mDj&-TPF%%9"
"francoise.penny@edu.tbz.ch"|"FF7Cfm-4Gx5w$-XjI83F"
"rebecca.edney@edu.tbz.ch"|"njgB7R-Iw$4I9-D8mw2m"
"adelaide.murtagh@edu.tbz.ch"|"l0TBlY-qlYldW-V5OSDw"
"stevina.winterbourne@edu.tbz.ch"|"ovWPzk-Am2%gL-hyWC5N"
"ma.cottom@edu.tbz.ch"|"1G&oQb-GB%34Y-fUc5b1"
"tan.harold@edu.tbz.ch"|"#tfWim-&1ssUA-vNxpHm"
"venus.forte@edu.tbz.ch"|"wvMwDN-WlyiRQ-TwUKD&"
"almerinda.oluney@edu.tbz.ch"|"KwW6Ny-UZ5d#V-z3zg0f"
"cleopatre.brehault@edu.tbz.ch"|"8TIrO8-&zO&$e-w%6vsb"
"interessant.lapides@edu.tbz.ch"|"%LjLDJ-aD&Ulj-2#Hl$h"
"reserves.hallatt@edu.tbz.ch"|"x6RWAC-y@kTL0-tt605X"
"annotes.birdwhistle@edu.tbz.ch"|"ibhyek-HUhc0b-kCE9ob"
"ai.dredge@edu.tbz.ch"|"iCIt4a-5jhtA9-6n7xt0"
"megane.mussard@edu.tbz.ch"|"DbWlHk-TQ6@zc-aXKFYi"
"esbjoern.gowrich@edu.tbz.ch"|"E61C$h-tWKmPG-r#D1vS"
"boerje.brislawn@edu.tbz.ch"|"INas3V-9HBPq4-A#$oiQ"
"becassine.wilce@edu.tbz.ch"|"F1sWsZ-&Zppyt-fDNg#Q"
"personnalisee.oels@edu.tbz.ch"|"#j&Q%W-NQxS0j-XC$zh7"
"verane.pett@edu.tbz.ch"|"ONEBTb-ff1sl9-&nCbCO"
"marylene.glewe@edu.tbz.ch"|"NbJ#3V-tXknLK-gk746f"
"lai.elson@edu.tbz.ch"|"V8QJtl-EmiGGr-vC3oVy"
"serena.difranceschi@edu.tbz.ch"|"VVAn1d-PyJC1O-IrCqOm"
"lie.espinel@edu.tbz.ch"|"BL4iZY-izTb9c-RV40U%"
"marylene.fantini@edu.tbz.ch"|"zZmaZx-JKuO$h-nUsYQh"
"andre.archdeckne@edu.tbz.ch"|"G84G0J-0ezOgi-Ry5gay"
"goeran.bohlingolsen@edu.tbz.ch"|"Hyre6b-ZPx@O0-NuK6Tm"
"cunegonde.heffer@edu.tbz.ch"|"4Tc1f0-taKE8K-NAPCcS"
"tan.fechnie@edu.tbz.ch"|"fCwLc#-5vfx@p-OR$xvi"
"marie-noel.brammar@edu.tbz.ch"|"&g8kiq-Cwc&YM-RQNXzq"
"simplifies.aven@edu.tbz.ch"|"GXfLQ6-Z8KMbc-1c&Raf"
"melys.pinchen@edu.tbz.ch"|"rL7szU-B74VTb-r2Q5gA"
"edmee.joyner@edu.tbz.ch"|"F&tS8x-gDSVFf-94894B"
"berengere.edess@edu.tbz.ch"|"a2liAP-pkK0gr-TwxOog"
"marie-noel.goward@edu.tbz.ch"|"vVm%XA-O9wiWM-&&pDks"
"ju.edmons@edu.tbz.ch"|"ZpjZP7-PQ31mX-bceyIx"
"frederique.airds@edu.tbz.ch"|"eMMeDS-uGhRit-fHjECt"
"reserves.dauby@edu.tbz.ch"|"V9uE@Z-mUllWj-h%BitK"
"hakan.gynni@edu.tbz.ch"|"q3rZGH-ZrpjKQ-5mMzhS"
"leonore.pinwill@edu.tbz.ch"|"INgIZp-NCCws5-ySoO2W"
"marie-eve.mcallan@edu.tbz.ch"|"pO&%hs-B&9XLB-js@6Y3"
"naelle.yeabsley@edu.tbz.ch"|"2$xL&E-MHgH4B-VXO2tp"
"nelie.jacobovitz@edu.tbz.ch"|"fbpSnP-NUX@%9-h8DOY3"
"adele.conelly@edu.tbz.ch"|"Vrllwl-6VcQj7-OLqFNe"
"clementine.dondon@edu.tbz.ch"|"hw8WV2-AY3a1u-NqLf6i"
"zhi.willcot@edu.tbz.ch"|"CBu%n5-YEK@2P-rkDRwo"
"chloe.janicki@edu.tbz.ch"|"ZJiaDU-eWKyUR-DqE4Mz"
"meng.linde@edu.tbz.ch"|"fg@SOL-MsSd5L-GuH03Y"
"celine.janisson@edu.tbz.ch"|"MKw5wk-PSqotW-DVijWp"
"clelia.crow@edu.tbz.ch"|"#SViNU-e0iO7U-uj$RCs"
"cecile.pyott@edu.tbz.ch"|"uQnWrD-dZFZSn-CSQ$W8"
"ma.fidelus@edu.tbz.ch"|"aSkvY3-mso2ep-6w8JoK"
"marie-helene.poore@edu.tbz.ch"|"HUHD9L-GRS0nt-fM9Oa#"
"elies.blanket@edu.tbz.ch"|"uUx0Ic-rdU3Wv-WygYfU"
"yu.boyer@edu.tbz.ch"|"M9#hbC-zMiB93-foopfz"
"celia.welds@edu.tbz.ch"|"RK2fAg-ERrEf#-OxhxNJ"
"du.gunney@edu.tbz.ch"|"YvzF#o-nAu9H@-nqY%91"
"goerel.crush@edu.tbz.ch"|"@&AAIR-I%LNKB-XEOdWv"
"marie-josee.brosius@edu.tbz.ch"|"HL3Efq-ln4bpT-ro9CVA"
"camelia.adds@edu.tbz.ch"|"OByNPX-0IK@2o-u@#b0S"
"anae.irwin@edu.tbz.ch"|"vmuX71-r1zfPn-gSabgx"
"cleopatre.skeffington@edu.tbz.ch"|"#vOThl-HBstE7-7rM#&6"
"gerald.suggate@edu.tbz.ch"|"1%n9X%-wgvW9P-gKXgz9"
"laurene.tailour@edu.tbz.ch"|"46%QFE-3OtbqK-sv#zGl"
"amelie.hoble@edu.tbz.ch"|"Ofa0Uf-SXu&0p-WDmj96"
"venus.getch@edu.tbz.ch"|"hthfkN-A9Y7jG-&QZRtp"
"renee.treby@edu.tbz.ch"|"kZbD8R-glLwp0-TteTwM"
"almerinda.stait@edu.tbz.ch"|"CYo5z7-qONvXL-b%9Iw2"
"andree.reddecliffe@edu.tbz.ch"|"Qgi3VN-ORekl4-LTZccJ"
"leone.wintle@edu.tbz.ch"|"KIr78i-vFaFXm-zNukMf"
"gerald.fellow@edu.tbz.ch"|"wHVZsR-V0SJwb-xzpQlp"
"ju.gudger@edu.tbz.ch"|"%oJVki-qT6OPq-yHebw1"
"meng.ohaire@edu.tbz.ch"|"2RS#ba-u9Cxjc-WFdjkY"
"cleopatre.missington@edu.tbz.ch"|"ySRZ7$-2bEM5d-Evvtxq"
"annotes.debruyn@edu.tbz.ch"|"7ksFAP-8MQ@hp-KbIjQg"
"gerald.sinisbury@edu.tbz.ch"|"I@z@Uc-VUjD5f-HscabA"
"creez.slora@edu.tbz.ch"|"37Yd$l-ZEJaVY-bWdAak"
"gisele.benbow@edu.tbz.ch"|"KACCay-EPmbsn-yrvX@6"
"pal.dossit@edu.tbz.ch"|"1xqTlt-JN9C1Q-u%aC9&"
"nelie.stirrip@edu.tbz.ch"|"TJ0g$H-J35r8a-BIF7sY"
"alois.ocrigane@edu.tbz.ch"|"Ja0g$u-h72G3k-@aQY%o"
"kui.mcterry@edu.tbz.ch"|"Pdsx9Z-ldT3$S-0@SN0g"
"long.willgoss@edu.tbz.ch"|"1sW9CP-wLgYNf-c1&8dL"
"francoise.sumpner@edu.tbz.ch"|"kTntGB-V6K5$a-nF4nh5"
"maely.grinstead@edu.tbz.ch"|"t29vwv-&4GFMu-0%fVCh"
"creez.langeren@edu.tbz.ch"|"hVwFwN-DZtlbe-0&nZip"
"adele.dungate@edu.tbz.ch"|"S&mCN6-CeEK4u-P2Nhtn"
"cleopatre.noirel@edu.tbz.ch"|"WlSO66-InMgSY-xHWPov"
"interessant.daverin@edu.tbz.ch"|"nlEefo-6GkXCF-8s#0Q1"
"naeva.kalderon@edu.tbz.ch"|"QIsNYV-FnHOuf-m#sOeb"
"anais.oshesnan@edu.tbz.ch"|"x6eOVm-@sxh1q-5vR#IY"
"judicael.anelay@edu.tbz.ch"|"QF4PiJ-Meagwg-sSS&A%"
"eloise.braxton@edu.tbz.ch"|"DYwK#h-kJUcW7-wUZnqZ"
"desiree.greguol@edu.tbz.ch"|"4iinGZ-qzqbur-Nw6T2z"
"maite.mcclenaghan@edu.tbz.ch"|"8C2fQb-PyfpeJ-djSfl&"
"meng.doret@edu.tbz.ch"|"ZqnGis-E%lXtm-9iG4#1"
"frederique.chippendale@edu.tbz.ch"|"oVK%0h-pVkIP8-52OM2O"
"andreanne.lanney@edu.tbz.ch"|"Uc8Jj@-9$U6ZB-3JUVSL"
"aurelie.claus@edu.tbz.ch"|"dIgHyX-V#T%91-HxI5Da"
"renee.pabel@edu.tbz.ch"|"7tGHa7-4rGDzU-9MvVQ6"
"maena.roust@edu.tbz.ch"|"r7o0Lf-1FBWv2-lSR7xN"
"nadege.carwithim@edu.tbz.ch"|"fzV@Q9-By2Hcr-LFFGVm"
"solene.geyton@edu.tbz.ch"|"U31TTr-C$1QWJ-aiY8Xd"
"dafnee.avraham@edu.tbz.ch"|"Tu50Vk-cVst28-clfdZx"
"leane.woolvin@edu.tbz.ch"|"Y3r5Mp-FEJBRe-KzBTkU"
"adele.macadie@edu.tbz.ch"|"z2xM4Z-zi10P&-$M@mGg"
"meline.rubica@edu.tbz.ch"|"l6f05g-rFmmLb-KgVHCr"
"marie-noel.speeding@edu.tbz.ch"|"TIMkLv-H@sw@W-OYAD6@"
"nelie.mix@edu.tbz.ch"|"4yAzOW-7DdfSx-bCfQDl"
"clea.ollett@edu.tbz.ch"|"Z2mfh3-FOIv9v-Jbc0XH"
"leandre.mcgavin@edu.tbz.ch"|"25lCfH-oXLl97-Xfn1kZ"
"cecile.behne@edu.tbz.ch"|"yhs70d-TNhr2c-YOrgkW"
"melanie.polle@edu.tbz.ch"|"NaggFn-rUhdnf-uGfama"
"marie-josee.titmuss@edu.tbz.ch"|"0lrlK4-gqlrpf-uq1eNH"
"helena.guest@edu.tbz.ch"|"MeCVI5-XSgUl#-JFnCcq"
"annotes.chicchetto@edu.tbz.ch"|"zlgRN1-H#h@GF-dVX8qv"
"melia.tubb@edu.tbz.ch"|"8M8kx0-Vizv3q-VYu$2T"
"angelique.casetti@edu.tbz.ch"|"ogesMC-cIsdq0-Bz91j4"
"cunegonde.cleall@edu.tbz.ch"|"G4U@D2-6C32yf-Mc#gkl"
"camelia.oaker@edu.tbz.ch"|"auISqh-8tOQDT-2E7#e$"
"you.searight@edu.tbz.ch"|"KgOaae-sfgUtN-8Juxzt"
"kevina.dederick@edu.tbz.ch"|"3zWM1U-ObbgTv-KmsQ17"
"milena.jeffrey@edu.tbz.ch"|"Lf90bQ-MOde6U-vNhC%e"
"melodie.barkshire@edu.tbz.ch"|"x@Tt7H-7ERjws-VBhikN"
"gaelle.kreutzer@edu.tbz.ch"|"qiqa30-aBGDqR-01I2@1"
"kalliste.kleinpeltz@edu.tbz.ch"|"E1T@X&-3SfbHW-x3uGyO"
"clementine.danat@edu.tbz.ch"|"HKaCmb-3ntB64-z3N$Ld"
"andrea.wabb@edu.tbz.ch"|"3v#xnf-r2#oqY-Y@aY3Z"
"geraldine.piesold@edu.tbz.ch"|"h8d$U0-aHFSU9-R&T5Lw"
"tan.fiveash@edu.tbz.ch"|"03agom-cF3YKb-Poyswh"
"meline.yuranovev@edu.tbz.ch"|"2QHPzA-KFI&5#-rO6bdV"
"therese.holme@edu.tbz.ch"|"cE5QYO-$qbr2X-2jN%$a"
"salome.vaney@edu.tbz.ch"|"rKgUeX-VLCzoz-gRmfcN"
"anae.abramson@edu.tbz.ch"|"Ri50OC-mui&jz-qSbwt8"
"kalliste.jimson@edu.tbz.ch"|"22g1L%-f0MwYz-Hx&Yaa"
"selene.yole@edu.tbz.ch"|"N7xnLu-i87rdg-P46ECM"
"agnes.defraine@edu.tbz.ch"|"U9RzRQ-LLah6u-H5jlCp"
"faites.mccluin@edu.tbz.ch"|"gErfsr-H#@Lry-1u%dnw"
"athena.deme@edu.tbz.ch"|"wsh1Pr-oiqx7w-5Y8QFN"
"daphnee.brigstock@edu.tbz.ch"|"$QqHAj-AZ4Ft$-ihyCcH"
"goesta.skaif@edu.tbz.ch"|"2Fy9x4-PJlxj7-GyTkFk"
"oceane.jagoe@edu.tbz.ch"|"ldbAHL-lO2UE2-FmqIvY"
"annotes.broomhall@edu.tbz.ch"|"@z0u8m-PFqoxp-HO7uNC"
"marie-eve.ballendine@edu.tbz.ch"|"bnS2JM-tDxb&e-FUkgGx"
"melina.spykings@edu.tbz.ch"|"qiBDrn-sgF6H&-C%IDBq"
"laurene.ticehurst@edu.tbz.ch"|"DfM57z-sMfFxd-kbKE1P"
"fei.avramovic@edu.tbz.ch"|"XL17cT-DEj%U8-6kgJsT"
"publicite.strathearn@edu.tbz.ch"|"ZW@#Ng-V8CgdJ-GLfB3Q"
"torbjoern.garrow@edu.tbz.ch"|"XJGGMA-JMB4CO-KFsnhd"
"chloe.rubinsztein@edu.tbz.ch"|"XsXusE-M&ufnT-#I8&5d"
"mylene.demanche@edu.tbz.ch"|"XnN2Bj-mNUr%f-7bbIci"
"mediamass.godlonton@edu.tbz.ch"|"YuQeKn-oFdvsu-ogzOyo"
"renee.shurrocks@edu.tbz.ch"|"zeCSml-sar23h-Acg8uQ"
"maiwenn.jedras@edu.tbz.ch"|"aJya4e-#X#AO3-JmRVXF"
"genevieve.castells@edu.tbz.ch"|"WTfkfL-BS$itB-vNw3RV"
"renee.sneden@edu.tbz.ch"|"@A5hbC-DIeKnq-&5KicG"
"lai.mccallion@edu.tbz.ch"|"Iqafv3-jkUscw-iY&Ofe"
"kevina.impleton@edu.tbz.ch"|"mflBH7-@oP7gX-dJjjyB"
"oesten.fresson@edu.tbz.ch"|"eB@rVt-sRtopl-08ITKh"
"verane.shawley@edu.tbz.ch"|"Oiq7G&-t3TuT$-TDEV4C"
"uo.sjostrom@edu.tbz.ch"|"iJgWeS-5Z98a2-45R0pN"
"gisele.gothup@edu.tbz.ch"|"xkvS1j-xkBbBp-jgbUax"
"renee.beauman@edu.tbz.ch"|"os14HL-&2CGEQ-D6Olor"
"elies.loton@edu.tbz.ch"|"cvh0Rx-qnB%JL-qFD@jt"
"valerie.elsmore@edu.tbz.ch"|"UYaHqM-e8pheO-o2ROIB"
"berangere.delafeld@edu.tbz.ch"|"WoEhTx-jdGC1u-@ZWN#F"
"bjoern.schimke@edu.tbz.ch"|"Yc6MFx-q3bbJh-bluJCL"
"loic.ericssen@edu.tbz.ch"|"0BnRf2-GgN9jr-XXy2C6"
"creez.richarz@edu.tbz.ch"|"4l4GWz-Ixj$r9-REI4fo"
"athena.grocott@edu.tbz.ch"|"rr&qZZ-WkPHZi-3pe7Nx"
"naelle.piotr@edu.tbz.ch"|"RkF9H&-Fv2YPc-Ld4EKK"
"maella.paulson@edu.tbz.ch"|"P$HguA-BK@Jp8-Z8sQHF"
"song.perot@edu.tbz.ch"|"YZUAJe-fXAart-5OIKfB"
"kalliste.heckney@edu.tbz.ch"|"RRkMxg-QytPem-i6hL&g"
"ake.vasyutkin@edu.tbz.ch"|"7bgcMl-j9Hxy5-WkeQBw"
"ma.castles@edu.tbz.ch"|"xXxrXm-48yMz&-R%kSFl"
"maely.monget@edu.tbz.ch"|"VtJYMR-cwa4QG-HvCq$F"
"tang.durbridge@edu.tbz.ch"|"8QpO2p-erc%Ze-f6j8rX"
"laurene.andrew@edu.tbz.ch"|"l#KDo@-MBZm%S-SWmR0M"
"lysea.beacon@edu.tbz.ch"|"jQ4cJD-haPNkp-%3qNRR"
"leandre.peyntue@edu.tbz.ch"|"421%f5-yltZ%p-vdZM1Q"
"rao.trever@edu.tbz.ch"|"hL3@53-Kaj41$-NX0uu$"
"mahelie.streader@edu.tbz.ch"|"y8hBYY-h8D576-Mu2C4K"
"maerta.andrejevic@edu.tbz.ch"|"Lrz@4N-TQy$Y3-d%8Sb5"
"goesta.tompkins@edu.tbz.ch"|"FJm6ka-iHrc21-6H@x@@"
"helena.agates@edu.tbz.ch"|"s6ss%R-%Yysjw-Jmt4jX"
"therese.glass@edu.tbz.ch"|"5Z013S-FFFrUS-x3@a6G"
"alois.foan@edu.tbz.ch"|"eu6hKM-GDgAb&-4vsD2X"
"becassine.melchior@edu.tbz.ch"|"RwSm2o-gMjVwI-yQoPaw"
"cloe.robart@edu.tbz.ch"|"hpexzS-BsueQF-BH2BXL"
"daniele.puckinghorne@edu.tbz.ch"|"pWSkUF-20k#iC-ulqkY#"
"selene.cammidge@edu.tbz.ch"|"MANWnu-9Ca8P#-jxynY3"
"regine.conochie@edu.tbz.ch"|"l8bAbD-bSUItj-T4p4lo"
"interessant.tuiller@edu.tbz.ch"|"BTJLPN-egG2sa-Rw5&qb"
"long.tiebe@edu.tbz.ch"|"r2FJse-BENGHm-iijJES"
"mans.yele@edu.tbz.ch"|"FCKyZ8-Dt&n08-ItcEpv"
"ai.giles@edu.tbz.ch"|"P@I0cn-%nG7Mo-eUzIgB"
"gaetane.hamberston@edu.tbz.ch"|"EHb#JP-ckgKJ8-jWEZGh"
"marylene.fenix@edu.tbz.ch"|"K8v5Ux-QBYOsD-eRsM19"
"geraldine.graeme@edu.tbz.ch"|"x0ChEG-n%#yfx-EZqwUB"
"tang.kinglake@edu.tbz.ch"|"9E2rFo-a8GJOH-m6DPDr"
"lai.challoner@edu.tbz.ch"|"ikfl7v-DN$HCC-ys%d5A"
"desiree.mattei@edu.tbz.ch"|"&oW6qg-En0lrw-afw0@o"
"ake.erley@edu.tbz.ch"|"BCMbF2-DDct66-drEum3"
"edmee.cavil@edu.tbz.ch"|"FTTtLT-ZGB2yX-CzNUbL"
"alois.moyes@edu.tbz.ch"|"&$AI5v-qUi7$J-QBQ%cX"
"becassine.pitman@edu.tbz.ch"|"yyjDY5-TuWTpc-&kYljh"
"ai.giacovelli@edu.tbz.ch"|"5mFKAN-&iGEjN-WfdbCr"
"judicael.fruchter@edu.tbz.ch"|"8TipzM-U2otM9-q%u2vq"
"mans.mogg@edu.tbz.ch"|"wo#IbQ-hnI2jg-0KWFXl"
"gerald.foyle@edu.tbz.ch"|"An%VWj-9CvktQ-CrQxvD"
"wa.androletti@edu.tbz.ch"|"DzYXhk-L1UPhr-1$mRpJ"
"meng.ollett@edu.tbz.ch"|"arxZP0-guQG@C-2ALmjc"
"naelle.macmenamy@edu.tbz.ch"|"QCrdze-G0otSM-HrB4%m"
"gisele.mcramsey@edu.tbz.ch"|"Z0IMIN-taPUyn-ymyf7M"
"meryl.scolts@edu.tbz.ch"|"RGnzLw-zJYuGJ-hw0o7h"
"celia.bloxsome@edu.tbz.ch"|"sPgCaE-MGGveN-zE@Wla"
"styrbjoern.stuke@edu.tbz.ch"|"gd82iA-WvCe%3-OAHBQv"
"felicie.gwilliam@edu.tbz.ch"|"31q8jM-muHIur-KiTB8E"
"da.harms@edu.tbz.ch"|"UhbQvr-Jy&HVF-q7Jrc5"
"celestine.baulk@edu.tbz.ch"|"bdD$6E-DWWcr0-RcmkF4"
"mahelie.blackledge@edu.tbz.ch"|"WIfy4&-XAhFcu-uNaW&9"
"meghane.salt@edu.tbz.ch"|"uybX5G-@2KYJt-Gg72m@"
"methode.paxeford@edu.tbz.ch"|"74G2n9-el3Lek-W#T%cR"
"asloeg.milligan@edu.tbz.ch"|"Jj6Qq9-#bDs@H-x2E%ab"
"you.pellman@edu.tbz.ch"|"7@qvTK-bt0@8A-rplI6G"
"loic.regenhardt@edu.tbz.ch"|"Y77Ot2-hpCPVG-AHz21V"
"daniele.savill@edu.tbz.ch"|"ZTFZV0-3Cn0Ek-7GZ0Vb"
"alois.cornu@edu.tbz.ch"|"VgJkQp-d&tx10-3PNvoP"
"oesten.govey@edu.tbz.ch"|"LaL6ax-MXPA99-nefwul"
"marie-eve.louch@edu.tbz.ch"|"IoHQW$-BWlpZz-AqyWHK"
"theresa.wenn@edu.tbz.ch"|"j0j9g7-DAHo1t-tOGn0W"
"andree.eul@edu.tbz.ch"|"qk97Rt-GH7I4N-d5quiS"
"lie.paynton@edu.tbz.ch"|"spk&Ps-fErJOj-l8DjUa"
"marie-eve.girodier@edu.tbz.ch"|"&KFdnk-KuHneC-4qbR9q"
"marie-noel.smithe@edu.tbz.ch"|"3nC2V0-W$#%AH-UyfTyL"
"men.bootyman@edu.tbz.ch"|"oXfh7W-BUva8P-5OYl4u"
"ku.sugg@edu.tbz.ch"|"%s48If-9ymEqQ-u$ysua"
"lucrece.roseman@edu.tbz.ch"|"b%RZLS-J$UACM-XieL09"
"zoe.annear@edu.tbz.ch"|"L4sV&m-Ytix7s-byAa%Z"
"marie-helene.rennebach@edu.tbz.ch"|"uEuRUo-AapJDN-xbeJib"
"lea.djurdjevic@edu.tbz.ch"|"ppFRRR-4fLkfY-mX3Zd3"
"goerel.robert@edu.tbz.ch"|"@7KsKW-pT2tqe-g7oCTr"
"mylene.foldes@edu.tbz.ch"|"a2Mg%f-3y5GSW-NJ0Kv2"
"faites.clegg@edu.tbz.ch"|"fL8E2&-xaRJzR-TkM$GP"
"marylene.crowcher@edu.tbz.ch"|"tYIM&4-Xb7vFA-9tpg1G"
"aimee.wimpeney@edu.tbz.ch"|"1%tkkz-4yTSGW-XwDlir"
"renee.atkins@edu.tbz.ch"|"wJpMp@-NXGqZh-5XBjJu"
"rejane.cainey@edu.tbz.ch"|"@vcDpY-FWOPiz-o2G12u"
"solene.britney@edu.tbz.ch"|"QKNk1I-Xc1DPh-Pz5nSF"
"marten.shatliffe@edu.tbz.ch"|"5Q1Ym9-xCCE@@-EOmRKw"
"maite.issatt@edu.tbz.ch"|"KRx4yO-$2bFTb-U@$tvO"
"maelyss.edon@edu.tbz.ch"|"1c11GV-&OPc&B-l$GwYu"
"nuo.bamling@edu.tbz.ch"|"p9BfME-vxfZfe-#ZeqRO"
"anais.edards@edu.tbz.ch"|"6YGBUr-u$8S9o-zf#gdd"
"mediamass.bromet@edu.tbz.ch"|"XhXE#9-HMLCSw-x$U9DP"
"beatrice.kimbrey@edu.tbz.ch"|"61vl#8-eUi1h4-SXDsQ9"
"ines.lawranson@edu.tbz.ch"|"Xr57LK-p8Ka8I-MWAGRQ"
"kalliste.scandroot@edu.tbz.ch"|"6Bm433-FR1c5q-Ar2%iP"
"mans.barrowcliffe@edu.tbz.ch"|"WSERoB-qZ39v1-CEXH9v"
"irene.couves@edu.tbz.ch"|"DFd5rZ-gd#$Fi-uCs6Gw"
"milena.mucci@edu.tbz.ch"|"9ZGvBx-srO0t6-FV&vmb"
"naeva.cow@edu.tbz.ch"|"O8DZ#M-9NDt37-EN61vx"
"audreanne.mournian@edu.tbz.ch"|"k%xOji-s9gCwe-soOh3y"
"melia.sinnatt@edu.tbz.ch"|"QBEh&d-kcFYJM-pY8@kU"
"nelie.burnard@edu.tbz.ch"|"DmgoW4-K6S9g9-#okFWK"
"clelia.ashfull@edu.tbz.ch"|"aTsSMq-Vvg8h5-HCm5vq"
"lie.macard@edu.tbz.ch"|"1yq388-YFlT5E-5aA05B"
"valerie.matoshin@edu.tbz.ch"|"da0O6m-u$6EbU-Q20wWF"
"anael.hatherleigh@edu.tbz.ch"|"lcxNws-2I37yZ-18QHEF"
"interessant.warratt@edu.tbz.ch"|"4S@Tvy-CmpsBj-Pu9&VJ"
"eleonore.volage@edu.tbz.ch"|"HdR5Pf-w#R6En-W1u54D"
"zoe.stebbing@edu.tbz.ch"|"1WaCVC-eg#0Zc-AbyHdm"
"alizee.nye@edu.tbz.ch"|"7a9lO4-&6EnL7-w6gUIL"
"celestine.bramley@edu.tbz.ch"|"semyMF-9EZavv-sOui%d"
"selene.philcott@edu.tbz.ch"|"V2r0&e-F$404m-qzNB0F"
"tang.newens@edu.tbz.ch"|"#qrtk%-d2DrXY-hwy&Vv"
"annotes.powys@edu.tbz.ch"|"hXjWbt-W7z8GB-HnYMZ@"
"lea.matthesius@edu.tbz.ch"|"85YZo5-yODper-6r%TOu"
"illustree.garlett@edu.tbz.ch"|"NnHpN&-1WhZXY-dBZKta"
"maiwenn.meachem@edu.tbz.ch"|"eeGUZO-L7Dqms-Y$NQJB"
"marie-francoise.mcbrady@edu.tbz.ch"|"ev2ANY-1xTJ$j-hFjqxS"
"illustree.gimbart@edu.tbz.ch"|"RCSTQv-UTtNkS-BlAD@R"
"melys.lyosik@edu.tbz.ch"|"GlJ5dQ-4uMfPP-UkHelQ"
"marylene.mcnab@edu.tbz.ch"|"XSa$N9-V1#jIR-op#Dxr"
"gerald.blount@edu.tbz.ch"|"hm7evh-dOdv4G-KlDHue"
"clelia.shakelade@edu.tbz.ch"|"OuCd02-VdHr#8-JdBkz2"
"penelope.cridlin@edu.tbz.ch"|"$M90fw-PvcA2C-HMjnBY"
"maena.okuddyhy@edu.tbz.ch"|"0M#vgW-R0AKfU-0bYtXZ"
"athena.keynd@edu.tbz.ch"|"TCfj2g-InyKcP-qp2XH0"
"cloe.dwine@edu.tbz.ch"|"nnSVgN-gnjKRP-afbWYH"
"josephine.browett@edu.tbz.ch"|"&qs663-#66hgb-q%e%kr"
"audreanne.oscanlon@edu.tbz.ch"|"JR1vhW-Fk7Sg9-r#czT4"
"fei.jeanequin@edu.tbz.ch"|"usDJev-bP@lYB-UWQmCY"
"lois.gormally@edu.tbz.ch"|"gsjm37-g9odVw-%eRR3s"
"marie-francoise.finnigan@edu.tbz.ch"|"2wSyoH-j08UH6-$tdwDa"
"leonore.trussman@edu.tbz.ch"|"6zLA1i-3OsrDL-zWDbln"
"anaelle.trumper@edu.tbz.ch"|"%2XuEy-8GQOf4-wo5nrF"
"clemence.dionis@edu.tbz.ch"|"9ZPTpc-UqQCuC-ItggTO"
"lois.tranmer@edu.tbz.ch"|"2E2eHz-L3IOuE-pZ4wGA"
"interessant.volett@edu.tbz.ch"|"j@okns-EX1esF-dDUmTI"
"personnalisee.deackes@edu.tbz.ch"|"##H3Ms-Zyl%so-v@3566"
"lie.vasiliu@edu.tbz.ch"|"7#fMKj-&k3v%h-qMPFM8"
"dafnee.lamputt@edu.tbz.ch"|"oCB2dT-zqKL&V-N3pjxz"
"elies.bromige@edu.tbz.ch"|"8qWRPK-F#Nj$D-UjrtBh"
"helena.klosser@edu.tbz.ch"|"cwM1Gd-%4FuW7-quHgzD"
"andree.grim@edu.tbz.ch"|"6$Tia$-1O0rae-gAGvxv"
"verane.coldbath@edu.tbz.ch"|"ceYzhE-jlv&tf-M3Lb8H"
"helena.bethell@edu.tbz.ch"|"5&PxXz-405Usz-cZCAQA"
"kalliste.carefull@edu.tbz.ch"|"U9tXKG-nBaNDr-hNOMmv"
"regine.odams@edu.tbz.ch"|"wq1onz-OcmBU8-LEtq1K"
"len.stannus@edu.tbz.ch"|"6mQpBO-Lei4h#-&3qqli"
"angelique.works@edu.tbz.ch"|"fFLK0c-zPl#C$-OZRqKd"
"goesta.rheaume@edu.tbz.ch"|"yDlT4x-bRTDsa-ZUC@X$"
"maelys.tynnan@edu.tbz.ch"|"3e19fr-#&HZCm-rvnveZ"
"maelle.carlesi@edu.tbz.ch"|"NeNqKp-h&wKSN-L@jxzc"
"anael.spurden@edu.tbz.ch"|"n00yt5-c3rIA8-&mkZTd"
"helene.pumfrett@edu.tbz.ch"|"c7LlIm-0wy4Mo-qV4XWI"
"goerel.pearn@edu.tbz.ch"|"&x%fUj-HRghkg-ilDQNK"
"laurelie.dezamora@edu.tbz.ch"|"mDJ%jB-j4K4vg-%Tcdjf"
"yao.twidale@edu.tbz.ch"|"$0HaJr-YgT7Y7-1Yyn%J"
"berengere.sola@edu.tbz.ch"|"Q7G$y2-epxNtV-EVVgZT"
"maelann.hardistry@edu.tbz.ch"|"hWKHDP-$qlvkD-bVsDAK"
"severine.littlefield@edu.tbz.ch"|"m4IHSA-r5j#Hg-tO$DJg"
"salome.heinl@edu.tbz.ch"|"RyA22b-blpIJS-3KDffS"
"meryl.warbey@edu.tbz.ch"|"AgymWZ-8swUKb-3KDqua"
"da.hunstone@edu.tbz.ch"|"6ZDNXD-vCd6w0-P2b6CN"
"venus.broadbury@edu.tbz.ch"|"Kmd1Mr-4xG4r7-X1Tnij"
"meghane.rentelll@edu.tbz.ch"|"$1eo6L-mQ6tlD-hfo&bg"
"marylene.drewitt@edu.tbz.ch"|"pIpja0-x3x07$-J&WU1C"
"melinda.jacquemet@edu.tbz.ch"|"cfnpmt-kilswz-Y2ecEn"
"marie-josee.keyden@edu.tbz.ch"|"LO@UxF-s@zu80-qWzp9l"
"asloeg.montacute@edu.tbz.ch"|"67Ruec-TbYDMU-0M$lms"
"ku.andreou@edu.tbz.ch"|"IHgEEy-wa9qA5-kU514S"
"personnalisee.feaveer@edu.tbz.ch"|"iTy1Xs-FNO6SH-j9xVuj"
"laila.emptage@edu.tbz.ch"|"wpIDN%-jxtnKS-gIcT2X"
"bjoern.dawdry@edu.tbz.ch"|"&QDOEs-5&PCbs-9lgeDL"
"marie-eve.dinsell@edu.tbz.ch"|"svZc&n-gJfRfv-wfo6zy"
"helene.follett@edu.tbz.ch"|"3Y1ZNF-x118aS-xjTDn%"
"penelope.cordero@edu.tbz.ch"|"Y1pX#N-XrKuOM-mXd$bP"
"boerje.beedell@edu.tbz.ch"|"rbtVZS-yqMKvX-kxdSTA"
"nelie.ferne@edu.tbz.ch"|"Acpp0d-plwv%V-wbA%HR"
"celine.ahmed@edu.tbz.ch"|"7c6%H@-6BYLjG-zJ9DwB"
"stevina.pimblett@edu.tbz.ch"|"QJhhRw-&IF5sl-GALEWe"
"chloe.langlands@edu.tbz.ch"|"%Xd9xI-rq1NTs-klyGDH"
"simplifies.maude@edu.tbz.ch"|"vPkLlQ-ta$rvf-XD8pVr"
"genevieve.decarteret@edu.tbz.ch"|"AlJ04I-AeKVsF-&fQ0IO"
"marylene.mughal@edu.tbz.ch"|"zEHBaa-7@W76z-iV5LOG"
"goeran.guttridge@edu.tbz.ch"|"W$guuq-063daV-LesPF5"
"michele.smurfitt@edu.tbz.ch"|"zjPoqC-RZQiQW-h%I4bF"
"methode.hadeke@edu.tbz.ch"|"tN&NAv-6CjUhs-TnxM73"
"therese.rispine@edu.tbz.ch"|"YEVa7g-dpG%GP-zgifQL"
"goerel.plumley@edu.tbz.ch"|"APOEl2-Tf47CF-78tP&V"
"oceane.friett@edu.tbz.ch"|"OqiJwF-cf15sY-%ZX2Iu"
"marie-noel.achromov@edu.tbz.ch"|"MMRA08-aYm#JD-qrZKQ#"
"dorothee.storek@edu.tbz.ch"|"gaggqD-WRKsst-uatiF&"
"goesta.whittle@edu.tbz.ch"|"rrSEYZ-EsXT@A-PwM5hf"
"desiree.casely@edu.tbz.ch"|"MH9kr4-QgKOBp-nSzYm5"
"felicie.condon@edu.tbz.ch"|"KPfwWg-Ee9x8s-WxjYdl"
"maelyss.frisdick@edu.tbz.ch"|"PxXp6v-nYB$Cp-pEp4Kz"
"aimee.banke@edu.tbz.ch"|"uteSxA-FbESXx-P4TLEI"
"naeva.hodcroft@edu.tbz.ch"|"zEle$H-eEkgAN-fQ2kO5"
"laila.gerrans@edu.tbz.ch"|"JTcJAB-2qdev5-e1Ytc2"
"daniele.scrimshire@edu.tbz.ch"|"FS062A-fAs6Eh-BODcj6"
"daphnee.sheerin@edu.tbz.ch"|"8FGtYL-aTvFPE-Qwhdqy"
"pal.vanyukov@edu.tbz.ch"|"&kvDxj-HSHto3-sfnZ$$"
"zoe.childs@edu.tbz.ch"|"Xgd17P-VeUKnZ-dgY@#B"
"ai.corde@edu.tbz.ch"|"zt2ipr-14t8gH-rn2RD8"
"maelys.berryann@edu.tbz.ch"|"U6$Xy6-8sQTDU-s6q6Fc"
"cloe.gladding@edu.tbz.ch"|"e8R0nJ-#gx#C4-I1S7Nz"
"wa.kinnaird@edu.tbz.ch"|"rs54YC-3$8N8o-NcD#RM"
"publicite.brittoner@edu.tbz.ch"|"Ony0uO-@hbF0Z-Rb3Emb"
"rao.windress@edu.tbz.ch"|"oIF%c@-IKDRuN-J4LGBM"
"uo.kollach@edu.tbz.ch"|"lRMUzC-uQpseE-fBj%0n"
"josee.peskett@edu.tbz.ch"|"bY$CFe-EYT#Pi-hTj8m7"
"annotee.hasel@edu.tbz.ch"|"h&oxTD-u%QLoO-Lv9jOg"
"cinema.lee@edu.tbz.ch"|"E0jyrA-pW%Uj5-lD3dC4"
"lai.vedeshkin@edu.tbz.ch"|"r&A@Dq-A57Snw-s4nvFe"
"renee.brisbane@edu.tbz.ch"|"u5K1ht-2SVFSI-PnEQ6H"
"ophelie.blincoe@edu.tbz.ch"|"P5Eswb-Tz1RKw-&Q@47v"
"zhi.prazor@edu.tbz.ch"|"@uO%dX-wT24p5-dbbwK7"
"annotee.maddicks@edu.tbz.ch"|"g%JL$K-GLP$bb-dfiqRQ"
"maelyss.codd@edu.tbz.ch"|"oFLppS-CobjdK-yOatlT"
"celia.peplay@edu.tbz.ch"|"vu1HKy-tSgJVI-CDmY6Q"
"interessant.skone@edu.tbz.ch"|"hcYiOW-ubMFuK-oOtY&P"
"audreanne.hebdon@edu.tbz.ch"|"AIOnx9-TROJ&X-uwxXHC"
"oceane.glen@edu.tbz.ch"|"wphgQJ-kXxOpA-T#720y"
"daniele.vanyushkin@edu.tbz.ch"|"4vLsYo-JjucPX-ark%mF"
"daphnee.ayce@edu.tbz.ch"|"K3y%y#-Oz&4CL-6myw1A"
"andrea.attride@edu.tbz.ch"|"gtM0WP-eG@8i2-WLs$ZY"
"penelope.bridgwood@edu.tbz.ch"|"scXg@j-dqS4Gs-9wUNg%"
"mailis.drewitt@edu.tbz.ch"|"px7PfM-O8GGnl-dz$U8v"
"penelope.mollene@edu.tbz.ch"|"kaFaV%-A6fPYb-f7eL7U"
"illustree.keely@edu.tbz.ch"|"&NZ$Ja-wnsqBJ-O$x2Ik"
"meng.brisseau@edu.tbz.ch"|"zM@c8$-THvOLl-ev47um"
"ruo.cleiment@edu.tbz.ch"|"XLEEH@-3m%zX3-owXoDA"
"maite.krammer@edu.tbz.ch"|"wTTElO-zCPc64-0TYebx"
"genevieve.verry@edu.tbz.ch"|"OPB&Kn-3JVIDf-nx3p40"
"lea.olochan@edu.tbz.ch"|"cO3n1P-h3G7rq-Oi13z%"
"naelle.brunnen@edu.tbz.ch"|"&3IZub-Ivck6x-gnjBpL"
"goesta.bragginton@edu.tbz.ch"|"T$NQ7C-Z$Cfxk-D1e7$m"
"fei.danilyuk@edu.tbz.ch"|"rt1eOQ-pRjoJ0-bpkF32"
"adelie.turbitt@edu.tbz.ch"|"QQzqMT-%WubHz-9rpsJa"
"marylene.nutman@edu.tbz.ch"|"jLrZft-Dmku1C-y&%5$$"
"therese.barbrick@edu.tbz.ch"|"dzABBZ-YqL3iP-2#UY2S"
"melys.kolodziej@edu.tbz.ch"|"fc8&$P-66HtdZ-W3XrNz"
"melanie.runchman@edu.tbz.ch"|"6xgjNN-e1RuIP-KcJ2a2"
"serena.lafond@edu.tbz.ch"|"buVWEq-sJe%Ou-9DtYiH"
"pelagie.desmond@edu.tbz.ch"|"$ODcCk-iHCUSW-2bcy%C"
"wa.spickett@edu.tbz.ch"|"soGREH-b63F%@-hfKcwZ"
"po.shave@edu.tbz.ch"|"fKer7E-yTuj0m-BZ&VMP"
"song.huikerby@edu.tbz.ch"|"6ui9Do-RweGYo-hfH5Od"
"melinda.bimson@edu.tbz.ch"|"KN5Xrx-vcQkuG-simfk2"
"personnalisee.toffanelli@edu.tbz.ch"|"4Os3%h-46EB#W-QNT85#"
"leandre.hurn@edu.tbz.ch"|"TWs$ho-AhpkEc-85RHHg"
"oesten.standell@edu.tbz.ch"|"H4e6uh-s8Oc9l-jkmcb9"
"naelle.smaleman@edu.tbz.ch"|"Oy%DR%-6pjDOR-puO08z"
"berenice.tayt@edu.tbz.ch"|"VFw0vZ-U2iBoZ-&pklef"
"kui.popplewell@edu.tbz.ch"|"4rkuwa-@o3ye&-kaM0MZ"
"melodie.ferandez@edu.tbz.ch"|"j$Dyyv-mUjuA7-VuZv4h"
"josee.negal@edu.tbz.ch"|"OLJpyF-tgijW&-4GwFvH"
"melissandre.ferrelli@edu.tbz.ch"|"3kr%ZW-2ETB5T-M&us&w"
"josephine.kemmer@edu.tbz.ch"|"KmoFed-fA160w-ciS&sC"
"maely.cayette@edu.tbz.ch"|"5F6gvN-oPsvTc-MKPmwO"
"nelie.vela@edu.tbz.ch"|"tAyABC-#xZBm0-FmKxh#"
"melina.cortes@edu.tbz.ch"|"5s8d&P-uzH0$k-uEh%8g"
"megane.leyshon@edu.tbz.ch"|"bt$2JM-wo70Fa-o$tBQV"
"regine.harrie@edu.tbz.ch"|"$ir4fF-9xKLxq-&aY%TJ"
"mylene.widdison@edu.tbz.ch"|"4EU85f-2xDVwa-hgyyE#"
"pelagie.vivash@edu.tbz.ch"|"bBiD8K-oI&M#a-Nl@b%2"
"styrbjoern.vicarey@edu.tbz.ch"|"sOtCao-@yMnsP-IfKaXq"
"long.kyles@edu.tbz.ch"|"s58CPq-mIfbKl-xudoRl"
"stephanie.gipps@edu.tbz.ch"|"p1Y&8@-a5FCkp-lm$8Gz"
"clea.constantine@edu.tbz.ch"|"Zup7&3-rYGSaf-TrATX2"
"maella.cometto@edu.tbz.ch"|"awfva0-58HuQ&-Lm0GP4"
"laila.aubrun@edu.tbz.ch"|"0L5%lj-8MM67@-neOZkJ"
"yao.austins@edu.tbz.ch"|"&80$c4-Sf#YKE-BqvD$8"
"mailys.rylstone@edu.tbz.ch"|"aGx0C6-IyDitG-ugNs5i"
"adelie.curuclis@edu.tbz.ch"|"YK5X1q-GF3KyS-D&yviI"
"celine.longhurst@edu.tbz.ch"|"BfqbUi-rZDkQP-u%E6CJ"
"gisele.hazell@edu.tbz.ch"|"VWO5YR-Ar5qzF-ffa6XC"
"celestine.ciccone@edu.tbz.ch"|"9PBB80-WaYwhz-wysucd"
"maelyss.doole@edu.tbz.ch"|"ldavhe-cc6H2d-hfUsop"
"helene.grimsdike@edu.tbz.ch"|"@bpHFR-5wWYpY-aNTGka"
"lie.macer@edu.tbz.ch"|"ZDKY9x-3ipG8a-$6ziMr"
"maely.izard@edu.tbz.ch"|"4PgKnl-O@8FN3-vzizr4"
"erwei.breewood@edu.tbz.ch"|"EOWPAV-5hUfdk-7gh2Gq"
"chloe.woolford@edu.tbz.ch"|"M@33Cx-G61peD-9xfl$P"
"cleopatre.turpin@edu.tbz.ch"|"ICxQPc-QfYBwi-5hUxA#"
"melodie.surgison@edu.tbz.ch"|"YhPMIA-$A8eL2-%zFm9L"
"elies.leander@edu.tbz.ch"|"uHu%yE-t#vrLc-$ZbjFa"
"mediamass.reignould@edu.tbz.ch"|"pAnfnS-ObPsF@-9dWUi2"
"celestine.wasmuth@edu.tbz.ch"|"D6Bflh-t%Rdo5-r2PDzQ"
"marten.jervis@edu.tbz.ch"|"mh&W0S-KONpwA-mWLX$2"
"daphnee.bour@edu.tbz.ch"|"0s#fM$-nIFW&L-fW49hz"
"regine.harlett@edu.tbz.ch"|"GFoEGc-VxLs&a-sRUnGF"
"noemie.macaskie@edu.tbz.ch"|"lTyLRw-2jKrj@-JJ0b99"
"loic.renfield@edu.tbz.ch"|"sJbKHc-@#U%oQ-5ZQO$1"
"venus.kleinert@edu.tbz.ch"|"O50S%i-uvuZ1F-sB#V8#"
"marten.burlay@edu.tbz.ch"|"Kgh1kD-UhWzgd-uFSNc2"
"berengere.radsdale@edu.tbz.ch"|"xoI4Jl-&GtzGJ-iSHcPy"
"genevieve.duckit@edu.tbz.ch"|"fgEH5f-Tsg%k#-Ivt$m%"
"maely.ligerton@edu.tbz.ch"|"pC1C4k-PORYIc-TVWQ4#"
"maeline.ricciardelli@edu.tbz.ch"|"oS$qRN-NHkGZh-XXfyp7"
"personnalisee.yggo@edu.tbz.ch"|"J%zgUi-7phzaA-hbjw3G"
"alizee.pettinger@edu.tbz.ch"|"IpqHwL-TlEXX#-8RSh5b"
"desiree.curnnokk@edu.tbz.ch"|"jXZRxw-DLf0Mk-nSWe85"
"dorothee.minors@edu.tbz.ch"|"mjumYx-1nOJrx-2hASzR"
"oceanne.kopmann@edu.tbz.ch"|"GOD4Rp-c1%$7i-VEAsaX"
"almerinda.brodbin@edu.tbz.ch"|"NRsOgg-02TyNe-UcWw25"
"yenora.carsberg@edu.tbz.ch"|"d&4rQN-FecDaf-YJJ90n"
"wa.beetles@edu.tbz.ch"|"bxGxc#-G28k3C-1#om8P"
"audreanne.abbot@edu.tbz.ch"|"4vcMri-&8qNzK-gwn8Hy"
"noemie.capper@edu.tbz.ch"|"q6dxIp-dfC6xS-vYxtdW"
"mans.abramamov@edu.tbz.ch"|"Id8G%R-Y35FMe-lB9bgW"
"audreanne.blakey@edu.tbz.ch"|"Qtwy1q-0&e&uW-%bQSL5"
"leone.klimpke@edu.tbz.ch"|"NqzheM-3KqjpC-j#FDnN"
"lie.croston@edu.tbz.ch"|"L#TKu%-rr#tTn-Iie1va"
"anaelle.baistow@edu.tbz.ch"|"3WjNyy-AKwmMd-spc9VQ"
"michele.garwood@edu.tbz.ch"|"V3IysS-MqNd#f-h$B5u2"
"interessant.albion@edu.tbz.ch"|"QGV&37-XsmN1X-qZgexK"
"andre.brisco@edu.tbz.ch"|"UgOlZo-0TSYp2-g3rMTK"
"tang.totterdill@edu.tbz.ch"|"JdiDAh-MPgu09-autwid"
"marie-josee.braundt@edu.tbz.ch"|"6joV&O-wkEuk1-dX9o16"
"lois.galer@edu.tbz.ch"|"D4brzp-6e2EGB-jEBUHs"
"faites.pellamonuten@edu.tbz.ch"|"@izoTL-Rrfmr4-8f&ct@"
"mai.barfford@edu.tbz.ch"|"uGBSNY-$c3j6Q-nCyWDY"
"laurene.macilory@edu.tbz.ch"|"zPx40r-X0iBNN-jB2wGt"
"elea.peak@edu.tbz.ch"|"Ia8ISN-YAsv0B-qRZIS@"
"rejane.doni@edu.tbz.ch"|"5%@9C9-%PzUnZ-jmvnZ6"
"mahelie.ector@edu.tbz.ch"|"u0K4U0-#%cxLT-i4Q@$p"
"rachele.allum@edu.tbz.ch"|"Ds7&vR-gVltrK-4q0$6C"
"laila.gerretsen@edu.tbz.ch"|"q1yDxK-VqKAfc-WMJn5a"
"ines.bowman@edu.tbz.ch"|"MZKhx2-EDx6$9-Sg4sV&"
"publicite.barbary@edu.tbz.ch"|"sn%3Ex-g%ZVH2-jymbiK"
"mailys.smooth@edu.tbz.ch"|"%B&vTE-hSEk%f-QrnJYg"
"mailis.huguenet@edu.tbz.ch"|"WthEbB-UzqzvF-s3sbdf"
"lea.ewer@edu.tbz.ch"|"vj0gLe-FPvkzw-89&EA8"
