"email"|"password"
"melodie.vandervlies@edu.tbz.ch"|"v$2LHD-csg4HM-p1uuN8"
"angele.edgecumbe@edu.tbz.ch"|"Rn4vjf-YCTDIm-8zMs05"
"zhi.andreasson@edu.tbz.ch"|"j$#Lud-l9A$5n-0mko0y"
"judicael.koppeck@edu.tbz.ch"|"Ec#H&7-qkq4PQ-VECK65"
"berengere.capron@edu.tbz.ch"|"$@%2ei-$yjOcv-z7&ERK"
"leonie.brosini@edu.tbz.ch"|"gU4yDe-9yee7R-LrCn6K"
"venus.garfit@edu.tbz.ch"|"spXFFb-33kPlT-rG44DK"
"melina.janota@edu.tbz.ch"|"7tdgrm-6ihoqA-&X2LQU"
"laurene.bake@edu.tbz.ch"|"P4naC8-rdiAvA-goV%JA"
"regine.dorkins@edu.tbz.ch"|"Hm86qk-zdnKM4-K%zoHW"
"cecile.moffet@edu.tbz.ch"|"@rJ7Zd-pTPQAe-5D%r0w"
"maelann.labrone@edu.tbz.ch"|"E@Cfsd-6C4SXM-LFCtlL"
"melinda.newbold@edu.tbz.ch"|"IAkxjP-WYn6x0-w@6aVA"
"mans.itzhak@edu.tbz.ch"|"KKDg$Z-cxu4aY-EC8Z&T"
"melodie.pattlel@edu.tbz.ch"|"bwk&#R-BpkUYf-U4%o3t"
"celine.bonett@edu.tbz.ch"|"rs2AZJ-K90az%-ieupf4"
"adelie.mcgreal@edu.tbz.ch"|"g9IXWx-K6Scr&-$xGo#g"
"helene.soldan@edu.tbz.ch"|"cXzFpm-ar&t02-xEq$EE"
"michele.cluer@edu.tbz.ch"|"Q1RfUK-7ZQ2ZG-aXvJ1R"
"maeline.mueller@edu.tbz.ch"|"MgKODU-SQvET%-21Dyj8"
"maelann.benedito@edu.tbz.ch"|"5vDaDm-UTApho-u7tcNG"
"nuo.gransden@edu.tbz.ch"|"Ik9npL-Zr$zda-srIG9e"
"berengere.stainton@edu.tbz.ch"|"qwUaSr-oV@GKi-ZCWZ3r"
"wa.sabater@edu.tbz.ch"|"842IqX-M#lq2Z-2PAItM"
"anais.cochran@edu.tbz.ch"|"2bCp1D-MsXkli-wB3Q&1"
"gerald.bessant@edu.tbz.ch"|"VK59D$-&&rRvs-t5nVtC"
"ruo.coffin@edu.tbz.ch"|"8E27uq-#aK&Qs-ck%lqW"
"melodie.mustill@edu.tbz.ch"|"Cft1e#-7CgZ3g-JdQvEs"
"ruo.stanesby@edu.tbz.ch"|"C4p54b-e1P#%W-QBRw%#"
"noemie.antognelli@edu.tbz.ch"|"3pAVUe-WiMXgA-OCk5ad"
"maelann.hughson@edu.tbz.ch"|"dmNgvD-SosYUt-wY6YKi"
"milena.mieville@edu.tbz.ch"|"zNL5Ln-#x$Z62-67oZ1i"
"mailys.chamberlin@edu.tbz.ch"|"xiX7Da-PO1d%N-jSxYn4"
"nadege.tomalin@edu.tbz.ch"|"KhN1cL-xmU9G5-lCmcYG"
"oceane.omara@edu.tbz.ch"|"V4sxM8-QwZuDM-dSUQsy"
"cecile.aguirrezabala@edu.tbz.ch"|"K@hY4v-a0GIFO-eeU%&Y"
"maella.gwillim@edu.tbz.ch"|"udi%eV-Ih4ZES-o8iVUu"
"lea.mcgahey@edu.tbz.ch"|"8Vsqe2-m694ZK-nwZc9j"
"laurene.hagerty@edu.tbz.ch"|"RFlTJx-77uMjo-00asRF"
"dorothee.link@edu.tbz.ch"|"swNHXD-1M5HPi-OHHgkB"
"clementine.kynsey@edu.tbz.ch"|"7@Oj5Q-4jGTl1-QWJ3ck"
"lorene.smitherman@edu.tbz.ch"|"Rutt47-MMapJV-cvCh53"
"cleopatre.klulicek@edu.tbz.ch"|"rblojO-e$e6cg-slodMw"
"laurene.castaneda@edu.tbz.ch"|"0RRfI7-7U%B7p-jr4a$C"
"melia.constant@edu.tbz.ch"|"VoCNlJ-4ka$WH-HKfwFN"
"lucrece.clunie@edu.tbz.ch"|"$1ALMG-pbO3T2-A%SWf5"
"eleonore.mcmurthy@edu.tbz.ch"|"VFL@iO-mTXITS-g7i2lN"
"melia.bevar@edu.tbz.ch"|"XDun#A-95w51C-bcK$Ju"
"camelia.bontine@edu.tbz.ch"|"ry$Ilp-x&rRQW-FtuZB@"
"methode.jozefczak@edu.tbz.ch"|"$PrK%9-#Hnh5q-P8Qc@b"
"audreanne.hinsche@edu.tbz.ch"|"0Lgy%E-$#j&cV-40DYlg"
"andree.varne@edu.tbz.ch"|"1f&bge-1cI1pB-8DlANz"
"marten.kinleyside@edu.tbz.ch"|"9FB3zD-OnQ5Qk-0cply7"
"esteve.mcewan@edu.tbz.ch"|"&Ko5TW-CCKV&h-7dwIsP"
"leane.dibbert@edu.tbz.ch"|"3JyHWU-@Rggc0-n3RGo6"
"ma.thewlis@edu.tbz.ch"|"@bH3vl-FTNsOd-FlF5E#"
"clea.djurkovic@edu.tbz.ch"|"K6b@4K-$5z9uZ-2Af50D"
"rachele.reburn@edu.tbz.ch"|"8ACTRw-xIWpMv-iJtJ&f"
"gerald.gowling@edu.tbz.ch"|"yKcRvr-3Kk1ZH-06IYkX"
"cleopatre.jackson@edu.tbz.ch"|"BYxxhh-m1fOF2-TZPFba"
"desiree.haskins@edu.tbz.ch"|"QfYztN-NsU9Ks-a13zo@"
"eleonore.longson@edu.tbz.ch"|"dzZz#y-6tOwYs-25&vy$"
"leane.dybell@edu.tbz.ch"|"dtM36u-8&oMfq-UTC7wn"
"becassine.grzesiak@edu.tbz.ch"|"CJNdQt-e#FSrJ-MPQs#L"
"marie-josee.pickin@edu.tbz.ch"|"%&R8Dk-e7o@Y#-M0#$KH"
"marie-josee.roxby@edu.tbz.ch"|"kusTdU-kolsOy-pU57Ud"
"leonie.feenan@edu.tbz.ch"|"%RinPT-DpTCFg-075DO#"
"valerie.ellum@edu.tbz.ch"|"auw&vB-Aw%spV-wis9Bc"
"ju.caseri@edu.tbz.ch"|"feUf55-X#GVVS-vKWKJO"
"boerje.strangman@edu.tbz.ch"|"qcBJCs-XYknWn-40LLG9"
"beatrice.ghidelli@edu.tbz.ch"|"EHLX6f-xE0VkC-Q2jIBZ"
"da.jablonski@edu.tbz.ch"|"pZhqt&-yZJeSP-rbdZy1"
"uo.beveridge@edu.tbz.ch"|"OQ&6qZ-BTKIo3-lt0t2L"
"valerie.bestman@edu.tbz.ch"|"Dg7gij-v$f6qZ-bXuWcX"
"marlene.pohls@edu.tbz.ch"|"N21#sL-IT9HGk-Eds0Wi"
"ma.nolda@edu.tbz.ch"|"AjcpKF-18XnN4-#Nti#1"
"marlene.bisiker@edu.tbz.ch"|"wSa8I$-#@f3EB-D$iyPC"
"estee.babon@edu.tbz.ch"|"EWB8tQ-3BLUel-6D0aMi"
"simplifies.dmisek@edu.tbz.ch"|"YiHSlY-f3KPHF-g%H$c6"
"selene.ganing@edu.tbz.ch"|"RXqCKw-y#C698-WVI@La"
"meryl.penke@edu.tbz.ch"|"OK2%8a-BRC#Gv-@A9J#4"
"anais.rawcliff@edu.tbz.ch"|"CeScWw-$2Wx0M-16vbHd"
"melina.andri@edu.tbz.ch"|"1ug8Ez-$e$6Cu-&kU5XM"
"audreanne.fodden@edu.tbz.ch"|"$Zyn3b-aIGZI7-nil#%b"
"bjoern.spellesy@edu.tbz.ch"|"3yz$9p-innrrz-2I#HVk"
"francoise.summerscales@edu.tbz.ch"|"zcD5QY-Gh4pM0-ERbPY0"
"laurene.ashtonhurst@edu.tbz.ch"|"YUg1gv-sn2U2c-8e1gDj"
"valerie.petters@edu.tbz.ch"|"5q@Is&-OP0ca%-DC$bA8"
"anael.spenclay@edu.tbz.ch"|"h5o7OX-nbinLi-FUa6j7"
"stephanie.keech@edu.tbz.ch"|"WLy9yO-gnWtSE-hA4sO2"
"ines.deveril@edu.tbz.ch"|"0vPDd2-MnUoqN-W#EEAR"
"berenice.gelder@edu.tbz.ch"|"v1jMqu-yI7b6p-YSDxBe"
"melanie.ofogerty@edu.tbz.ch"|"Eide4O-V04nJn-Hwe#m0"
"frederique.canepe@edu.tbz.ch"|"WlxO3J-QuVGhD-J3a6dA"
"nuo.otton@edu.tbz.ch"|"gnyrlp-Djstdz-Z6Lshn"
"genevieve.trusler@edu.tbz.ch"|"FKKz4j-FuU0v2-lsl#96"
"ju.boag@edu.tbz.ch"|"TB%iml-9JJ5gI-WyEnJv"
"josephine.dilucia@edu.tbz.ch"|"0N8VKY-M2TNp0-V8X0SY"
"laurene.armsden@edu.tbz.ch"|"ddgeKa-OwpvVW-i&24TA"
"becassine.griffe@edu.tbz.ch"|"XkaC&H-UMyUBu-laOJMO"
"alois.parres@edu.tbz.ch"|"bf%nV#-3hUfN8-Z@N$sl"
"cleopatre.gaffey@edu.tbz.ch"|"1jOCLy-b%WA&D-vyxLWI"
"andre.stiger@edu.tbz.ch"|"OgzFMg-9A21fs-AfV4oM"
"beatrice.godleman@edu.tbz.ch"|"TjGKyT-HV8z4&-UINUWg"
"hakan.harrhy@edu.tbz.ch"|"ncQWMd-&iSp%K-1aO4dL"
"celestine.dagnan@edu.tbz.ch"|"dq3mXl-zjlRCL-&hJ%q9"
"clemence.haggart@edu.tbz.ch"|"P6XFoC-LI5Qw8-uULhkI"
"long.caban@edu.tbz.ch"|"nrzu53-aW75hW-7oo1iU"
"gaetane.grimble@edu.tbz.ch"|"SoAejR-z3E&JY-4PkNmL"
"maelann.piwall@edu.tbz.ch"|"Y9INZg-@HX@6g-2lY#tv"
"magdalene.loble@edu.tbz.ch"|"OEoR&H-iTVU3M-jNWOqI"
"veronique.domaschke@edu.tbz.ch"|"U$K@EN-sD1THu-7Ab9aj"
"clea.herity@edu.tbz.ch"|"Slb4CT-XJ4gh3-0WTTik"
"maelann.bambrough@edu.tbz.ch"|"FbhDDR-G6yGsJ-ku75&J"
"clea.goulstone@edu.tbz.ch"|"HpUvJE-5#FFsu-E@RALG"
"renee.deleek@edu.tbz.ch"|"DqBWAu-8altYH-KS&EZG"
"boerje.rudderham@edu.tbz.ch"|"Hhmqzt-Hjzg$5-ub%tDS"
"marylene.broune@edu.tbz.ch"|"KS6Pgl-rYdlgF-Taugr$"
"nadege.mccuish@edu.tbz.ch"|"si0r5x-Rk6XDt-QT#S4G"
"anael.littleover@edu.tbz.ch"|"kB9Zk3-iHiPdC-JCIM&A"
"lie.baume@edu.tbz.ch"|"3fo5SU-SrDU3#-Fg3p%e"
"maella.murrow@edu.tbz.ch"|"BEUG5W-lR&vJ8-7d1JNz"
"cleopatre.pettifor@edu.tbz.ch"|"aFlCrD-CPBmO#-$HPeXP"
"geraldine.asker@edu.tbz.ch"|"$yD%3S-qVhfSC-RKvkEE"
"gaetane.smedmore@edu.tbz.ch"|"crDmXV-LBcc9t-rZjPdQ"
"meryl.blencoe@edu.tbz.ch"|"CiiE1s-e3P6tw-GwsTDq"
"aurelie.chastaing@edu.tbz.ch"|"XG&pF1-mNHrJq-pOq5u4"
"oceanne.marthen@edu.tbz.ch"|"ssI$p1-5g7ORS-2bpmkG"
"dorothee.burrill@edu.tbz.ch"|"DM927%-0CMZ#w-1NFZZo"
"hakan.belden@edu.tbz.ch"|"CeXz2x-X6hkOS-f6WHUV"
"celine.brunning@edu.tbz.ch"|"W6QKvC-GCzs6p-pveCoo"
"anael.lapides@edu.tbz.ch"|"C$%D9V-KMPaNC-By46G5"
"ruo.saffran@edu.tbz.ch"|"3aDMy$-ut$bkY-Yzzvih"
"loic.gerretsen@edu.tbz.ch"|"Cb1HRW-5xzTK8-anc$pM"
"rui.fitzer@edu.tbz.ch"|"#uTZwl-9c9z1A-7j4m&x"
"annotee.ogers@edu.tbz.ch"|"WH4krn-2SsPza-yeLiU9"
"boerje.bindin@edu.tbz.ch"|"UC5pmB-LP4Eg7-yrljyC"
"ma.cronchey@edu.tbz.ch"|"TDRHIP-aH$lbx-ivbVN#"
"laurelie.baiyle@edu.tbz.ch"|"gSibCk-icQF6G-LcAZkI"
"dorothee.older@edu.tbz.ch"|"kkyjSS-%PQRd6-Nx#%et"
"laurena.wile@edu.tbz.ch"|"3&kBw5-LyGC93-Hyg%pz"
"clemence.brito@edu.tbz.ch"|"mjr2yd-Z$$f2G-4Dq@0t"
"nadege.dallin@edu.tbz.ch"|"V5WZ2y-I4XW&4-c$L#HM"
"mailis.matley@edu.tbz.ch"|"rqrIFK-Qfp5Ox-wfJH49"
"daniele.screaton@edu.tbz.ch"|"TbgIXc-MiYOQN-hvd$zB"
"mediamass.godly@edu.tbz.ch"|"Cd4rYj-o4mQVk-K&#pok"
"leone.kremer@edu.tbz.ch"|"bKkjDX-hEI397-I5Cg0W"
"asa.adrian@edu.tbz.ch"|"FMIaPX-%o1dTz-clOOKC"
"adele.doley@edu.tbz.ch"|"tL10Mo-1jaQk$-sD6$zj"
"fei.sidney@edu.tbz.ch"|"af#N#c-CN&Fr#-8jwjhi"
"marie-josee.walisiak@edu.tbz.ch"|"mIr@d1-qF3hg8-xWNwDJ"
"desiree.diplock@edu.tbz.ch"|"$xSs72-VorEXJ-0LajFB"
"gisele.schust@edu.tbz.ch"|"q&kYq9-EG1pyP-0tGQis"
"ma.longshaw@edu.tbz.ch"|"7nMQCG-QpjAhF-mSgIlH"
"da.boother@edu.tbz.ch"|"TOTM&i-U%&%cF-919L2b"
"simplifies.chaudhry@edu.tbz.ch"|"oklpsz-OUk1IH-TR$ig5"
"garcon.baniard@edu.tbz.ch"|"X5eyRl-HnS32m-oBIBu7"
"gaetane.elphee@edu.tbz.ch"|"a25$bt-l$hKWl-3ssuRW"
"gisele.hassey@edu.tbz.ch"|"FS6A4z-BFC1Hh-rE#%Nw"
"oceanne.booley@edu.tbz.ch"|"Wjn6uT-73kA34-Czkg2Q"
"oerjan.dibden@edu.tbz.ch"|"pOMC6O-D4zdVy-BU7JiO"
"regine.ocleary@edu.tbz.ch"|"K$&@JV-7jYcJm-MXbhGn"
"selene.persse@edu.tbz.ch"|"9fowu1-k27#5U-0URMJm"
"helena.adenot@edu.tbz.ch"|"PqRo2$-KGJRi9-3e1SeP"
"maelann.wassung@edu.tbz.ch"|"uTiWsd-hk4dIv-eYOdW8"
"frederique.ackermann@edu.tbz.ch"|"4&Q6Ay-zqNPyc-ADYG7Q"
"audreanne.kahen@edu.tbz.ch"|"0oNIaY-9woq0H-XYtTyo"
"maiwenn.lasty@edu.tbz.ch"|"xS%lCN-ao0laE-urONnx"
"yu.dictus@edu.tbz.ch"|"DZHHJI-gnRZ%j-xP5&Sd"
"anae.dukes@edu.tbz.ch"|"CBK%jO-Whb2Kn-qgKLW3"
"yenora.warr@edu.tbz.ch"|"J%XhyF-ypKb0C-ha42o0"
"esbjoern.archibold@edu.tbz.ch"|"TcoKr$-soAr@4-F46TWa"
"milena.pardal@edu.tbz.ch"|"NI@BTd-Az3psj-praEyY"
"celestine.graveston@edu.tbz.ch"|"SaBtPN-WvDewP-XYLfoG"
"maena.dallas@edu.tbz.ch"|"MfbhiD-Ds5Nh%-9ROuJe"
"andree.tuke@edu.tbz.ch"|"3r0A0N-@Wx5m@-o5YzEV"
"methode.seldner@edu.tbz.ch"|"zJtXRd-69jl$H-lSk#zs"
"venus.bullas@edu.tbz.ch"|"lxT4s&-tnq$OJ-0cV9%w"
"mans.aguirrezabal@edu.tbz.ch"|"3pYefh-YEOt%x-Y6RSAu"
"gaelle.eadington@edu.tbz.ch"|"cpRgj@-92Z8b7-dgYBIg"
"anaelle.falkner@edu.tbz.ch"|"MD@70e-a3D@Xb-ntVH3n"
"ophelie.height@edu.tbz.ch"|"ZYSklM-C2fsKW-Ehx78h"
"marten.bolding@edu.tbz.ch"|"$y%FZe-Q99W9G-0jPOa#"
"pelagie.guswell@edu.tbz.ch"|"hZIU2p-qe7Hyg-zaH&R@"
"gwenaelle.lecount@edu.tbz.ch"|"uKzagW-N0feF4-hjAgkk"
"hakan.laden@edu.tbz.ch"|"1QIcBo-XpsRm$-bQRBfi"
"marie-josee.hylands@edu.tbz.ch"|"V77nk$-1TspY6-FrWeXf"
"zoe.kingshott@edu.tbz.ch"|"XwxaYC-H2GszJ-huMAdJ"
"josee.janous@edu.tbz.ch"|"dAhcXe-ResS6u-U6sDO9"
"laurene.gallally@edu.tbz.ch"|"$ME&p$-Acnz@U-3Q$B@N"
"anael.bickle@edu.tbz.ch"|"kWDwfA-YDHfh1-#NTBCH"
"mediamass.lebbern@edu.tbz.ch"|"9k8&LY-CVZYt#-o5wwRo"
"berengere.hovy@edu.tbz.ch"|"pndwaY-qqtU7G-iJAg&o"
"oerjan.kilmurray@edu.tbz.ch"|"KPKxX#-EZws0g-bytpZm"
"asloeg.venny@edu.tbz.ch"|"S%dOaL-uZ6lyM-6lsOiA"
"marie-noel.stoad@edu.tbz.ch"|"kxndIh-ydz8R7-b#waPU"
"hakan.pettifor@edu.tbz.ch"|"jOKJLA-4rghtS-G4YEBN"
"maella.willgrass@edu.tbz.ch"|"7IFyip-UlpHEF-L%&v1G"
"therese.ludovici@edu.tbz.ch"|"GqccP#-PgvMGo-trWu1B"
"stephanie.trewhitt@edu.tbz.ch"|"3EuqW7-vo1JQL-cv8%@r"
"maerta.bauduccio@edu.tbz.ch"|"9K%@%y-1eoCQ2-afv0AL"
"gaetane.glaisner@edu.tbz.ch"|"aRcutY-zLyv6D-lecQ5N"
"naeva.pargeter@edu.tbz.ch"|"a5WT8u-GE&&sm-WitGAC"
"salome.venable@edu.tbz.ch"|"Li@Do$-DuHWpP-R75Nf8"
"boerje.thickett@edu.tbz.ch"|"rb1$zS-U@LgD6-lWJFE2"
"lucrece.prendergrass@edu.tbz.ch"|"lo4iUw-AzKwNV-nrBP$8"
"laurene.ockleshaw@edu.tbz.ch"|"qcTjR9-7B%&GW-jRaDqi"
"cecilia.pasticznyk@edu.tbz.ch"|"B1aYwL-lRLN9B-5YD8bM"
"stevina.mackey@edu.tbz.ch"|"T&h3us-7G&E3k-EpF%kX"
"marie-noel.reven@edu.tbz.ch"|"tW7lcW-&1$nUI-MHw9f5"
"melina.quilkin@edu.tbz.ch"|"HOict&-FWrefP-L&eTp8"
"marie-noel.ferrie@edu.tbz.ch"|"oE3QdX-aWDQam-UCytOK"
"leone.alphege@edu.tbz.ch"|"%meqZK-&IoFW&-JAhVpw"
"zoe.leverson@edu.tbz.ch"|"36LI3L-Uw7srb-R#2DkL"
"annotes.grayne@edu.tbz.ch"|"koqMO1-D%ctEb-R$SG1p"
"faites.lalley@edu.tbz.ch"|"cc@3fU-Ju7SW9-twI&ME"
"adele.wallis@edu.tbz.ch"|"mQrYgf-3aXDjE-upzHeK"
"severine.madill@edu.tbz.ch"|"FcdAJ6-@KB33k-po0dTw"
"valerie.tebb@edu.tbz.ch"|"eGNqLJ-#F8jnn-Mn@@fh"
"kalliste.rasper@edu.tbz.ch"|"8mqLGC-NDSwfi-x%e1QG"
"audreanne.palomba@edu.tbz.ch"|"NX3ai@-Avc%S@-OcHIW$"
"elea.adamik@edu.tbz.ch"|"f$k9PG-H%Ml4d-O%01u5"
"reserves.jakuszewski@edu.tbz.ch"|"8WTo%S-0agf2a-gh1CsE"
"athena.belhomme@edu.tbz.ch"|"ebMu#@-7DZt3U-BhvuX$"
"rebecca.crippin@edu.tbz.ch"|"AA&T%C-331a%e-xRggId"
"maiwenn.curman@edu.tbz.ch"|"ZU1Q7Z-49NEyt-pYcoUw"
"andree.bunner@edu.tbz.ch"|"oYR1J9-qL&oom-S$NlbK"
"ruo.winckles@edu.tbz.ch"|"Jmaz$E-2EuHcN-UZOF&c"
"naeva.buntine@edu.tbz.ch"|"pDWKqS-@84rnJ-rbmsBa"
"boerje.dollard@edu.tbz.ch"|"#4j0Xg-n1oDuA-QIWXNi"
"penelope.gorman@edu.tbz.ch"|"wTvXC3-hO0%@c-TzpZ$m"
"alois.robelin@edu.tbz.ch"|"n@jBUV-g49aHW-Z0Pyy1"
"anaelle.tindle@edu.tbz.ch"|"GokeVr-MqPXM7-vl0BEa"
"ye.frears@edu.tbz.ch"|"4asLHx-le1yQ&-6BdHOy"
"andree.ovid@edu.tbz.ch"|"IW7F5A-hel4vz-F4e$s@"
"hakan.peat@edu.tbz.ch"|"WX%dhG-SUDUM5-fwEVIA"
"andre.januszewski@edu.tbz.ch"|"yPncm&-HUD&QU-fT4$7Z"
"annotes.clemmett@edu.tbz.ch"|"VDlrUM-M7xkfj-SSckJo"
"pal.lambswood@edu.tbz.ch"|"mlzU1%-mC5Qhv-wi5s4u"
"yao.lenton@edu.tbz.ch"|"0V$GYQ-m4bnFU-SgcDzr"
"hakan.boyton@edu.tbz.ch"|"aSYOxT-9J789v-FVlXGV"
"nelie.forsey@edu.tbz.ch"|"OuCOFo-2l%aNi-9sZOUS"
"hakan.horche@edu.tbz.ch"|"MJ&Bab-4rk#nt-l@5rpN"
"lorene.sinkings@edu.tbz.ch"|"C7mZTM-gd%RV&-yL5gHw"
"marie-therese.creddon@edu.tbz.ch"|"30MfVU-lmSrYo-rF89e5"
"berenice.tolworthy@edu.tbz.ch"|"fixXQk-Y%rHgK-zFffjE"
"theresa.land@edu.tbz.ch"|"fq@rCr-U5H0Mp-%Wyvxf"
"marie-therese.gianilli@edu.tbz.ch"|"Lb5#oI-QUZm1T-uBWqJi"
"meryl.glew@edu.tbz.ch"|"bQHZcN-DJQcsz-yueAZO"
"adele.debling@edu.tbz.ch"|"T$hSq#-t0FSpd-2qwIRb"
"anae.metzke@edu.tbz.ch"|"kVhr98-5IIz2C-ep1P7&"
"gaetane.gooden@edu.tbz.ch"|"fIc7Er-FjClkj-r$CHD@"
"laila.bootland@edu.tbz.ch"|"$pHiT9-7wvDU1-YrYCj0"
"maite.helsdon@edu.tbz.ch"|"$6R7j4-Q9gEgk-2gQ1NI"
"andree.malley@edu.tbz.ch"|"Rx8yWH-KXkzIa-qf3WBV"
"pal.simmens@edu.tbz.ch"|"QXkAND-hmE0Hf-Cxgfjz"
"maelys.nuccitelli@edu.tbz.ch"|"Q5eYys-F60zzt-9mxm3T"
"dafnee.sibary@edu.tbz.ch"|"UzhZOd-%Yc0Hf-wNuL4v"
"alois.harsnep@edu.tbz.ch"|"UaonSM-3HZ6Vv-z&IU#j"
"marie-helene.lacky@edu.tbz.ch"|"PuZ&Ml-$GyHb7-7SzP#m"
"mylene.youthed@edu.tbz.ch"|"j#Qlum-H&6q5W-6Oo0gx"
"marie-helene.dehmel@edu.tbz.ch"|"UP%iAe-NISYEg-9RD5Eb"
"angele.batman@edu.tbz.ch"|"5Mxj6V-3fhe@N-A8u2Ll"
"melia.younghusband@edu.tbz.ch"|"ZO5vJm-TJ8Qvz-eMugKf"
"eloise.baldi@edu.tbz.ch"|"fc5%NR-WSdRsn-xJjie$"
"illustree.dun@edu.tbz.ch"|"Sd13TS-ueM5w8-PZ$AS9"
"genevieve.late@edu.tbz.ch"|"o7f@Fm-f2gbp#-qZU8CV"
"celestine.colville@edu.tbz.ch"|"B523CZ-Ac2ny4-KuyBiG"
"gwenaelle.scarlon@edu.tbz.ch"|"Xsfq#E-kPt###-l@ZP3k"
"regine.boddie@edu.tbz.ch"|"PlUvdp-pt6TaS-d5B371"
"creez.gaughan@edu.tbz.ch"|"0Wnxlf-gWQ7T@-Xc#HXn"
"gaia.longford@edu.tbz.ch"|"cus40$-26vToa-Fc1ton"
"mailis.buckby@edu.tbz.ch"|"bszeP%-5FT&%6-8yJ46A"
"song.parbrook@edu.tbz.ch"|"0gEpGe-i$EVir-XWdd7x"
"frederique.heddan@edu.tbz.ch"|"FplPXC-jpGTiA-4KjnwN"
"ake.kirtlan@edu.tbz.ch"|"Uv0G@4-U2vYTy-xTJLxp"
"nelie.runciman@edu.tbz.ch"|"U2xyZ9-oBqZf%-Tpp@v2"
"mailis.cardnell@edu.tbz.ch"|"&7hLob-cd89fA-htGohN"
"irene.navarro@edu.tbz.ch"|"0$5#KJ-Pj6kIH-DA8Y4I"
"maite.cough@edu.tbz.ch"|"88R&8g-J@VXXt-dfiAu6"
"anaelle.stocky@edu.tbz.ch"|"jHlSVx-Yzv$FJ-j8VLAc"
"methode.moulder@edu.tbz.ch"|"g12s1w-OzySR2-N5v@pT"
"po.stafford@edu.tbz.ch"|"LN#x7V-BNqegE-56o1ZG"
"faites.scraggs@edu.tbz.ch"|"g4pR@I-wZwNhZ-JlkKCi"
"adelaide.dullard@edu.tbz.ch"|"cI%Pae-uOmBQ&-b1nOdI"
"desiree.leonard@edu.tbz.ch"|"O7eVJ1-TQlVHJ-T%ZKtQ"
"geraldine.badgers@edu.tbz.ch"|"pf&I6O-U$55VA-aJ6KG8"
"ruo.masic@edu.tbz.ch"|"C8wUqx-FlhG5X-YQZNAo"
"aurelie.lieber@edu.tbz.ch"|"Y4CPKR-2J0d%P-aiql@z"
"naelle.balcock@edu.tbz.ch"|"0JLEKd-98MmI0-X3hj0D"
"camelia.elger@edu.tbz.ch"|"j01TlA-jJPc1r-ZVq7SI"
"publicite.oakeshott@edu.tbz.ch"|"PRFyec-BCePVT-xu3cA6"
"cleopatre.fawley@edu.tbz.ch"|"83Xjrm-O6bXXi-zUE2#m"
"laurene.bruckmann@edu.tbz.ch"|"47kQp5-dH&m#j-kZtq0J"
"rui.haughton@edu.tbz.ch"|"6WCoe6-c7la@#-tHHp7W"
"asa.ladewig@edu.tbz.ch"|"ak0iF1-Lvgcy&-AJWdW$"
"gisele.janecek@edu.tbz.ch"|"6X6MhI-5Fm0nO-bBfJNX"
"maily.loveridge@edu.tbz.ch"|"Shzn59-s#xB8I-1%sxvg"
"marie-eve.yurkiewicz@edu.tbz.ch"|"f8ZmI%-F5K#2C-%1IFC4"
"fei.roder@edu.tbz.ch"|"AOBecX-60HHc3-394vNp"
"edmee.chatburn@edu.tbz.ch"|"1tI97#-GCgcgA-P1ZDSY"
"geraldine.darke@edu.tbz.ch"|"b644WN-hQvCOJ-svcbs4"
"ye.jira@edu.tbz.ch"|"D@RZH9-3K$oaT-8f$&VF"
"publicite.persent@edu.tbz.ch"|"$mvdBJ-EdwbST-@HUHUb"
"severine.wilcox@edu.tbz.ch"|"BKIVRj-1gQRXk-kyA$Hp"
"yao.mcclaren@edu.tbz.ch"|"xzT9rO-Ds3123-#8PwDq"
"theresa.foynes@edu.tbz.ch"|"pcMaED-gjAA6$-lKbXch"
"stephanie.isley@edu.tbz.ch"|"eBsgLy-$uNI@6-rpRu5v"
"torbjoern.growy@edu.tbz.ch"|"J9VIfI-He6mgc-da4pKX"
"eloise.tunnadine@edu.tbz.ch"|"6VfBLK-UpE%T#-wMxjSg"
"maeline.cossentine@edu.tbz.ch"|"393VH4-Pks5mE-VTAsUx"
"nelie.desantos@edu.tbz.ch"|"KqQIdM-e4CbKP-wPwQaF"
"gaetane.axston@edu.tbz.ch"|"%k$Zhc-06aT7%-p5KB&3"
"aimee.merman@edu.tbz.ch"|"awCQtU-ysSThI-@rRjhs"
"oerjan.drivers@edu.tbz.ch"|"5j$1S2-M6xrMN-RmvJi6"
"aimee.miroy@edu.tbz.ch"|"wnpHWV-5OQVmC-C3@xDy"
"nelie.glyde@edu.tbz.ch"|"d#BQRd-oEfbm1-cRZ9I5"
"hakan.kapelhof@edu.tbz.ch"|"OIU3Wa-3rUBtm-bFb4aL"
"maelyss.cauley@edu.tbz.ch"|"qdzhwc-LiA%rj-&&XBDr"
"elea.vaggs@edu.tbz.ch"|"thCLeo-OMaWX4-kiK@6W"
"maelys.but@edu.tbz.ch"|"9YcNPX-lYjShe-P8IWyB"
"maella.arthurs@edu.tbz.ch"|"8G$ysx-vEvxDk-oH$j7J"
"adele.liebrecht@edu.tbz.ch"|"QVVkh6-HZ@oQ5-FJ34JH"
"meline.lomasny@edu.tbz.ch"|"1yQLt1-gW#R$q-&TmoG@"
"mediamass.schwant@edu.tbz.ch"|"epmxlc-8Bu9qM-FtzA1B"
"leone.saunt@edu.tbz.ch"|"WRsrV3-mShMUc-H2GlaI"
"annotes.gouch@edu.tbz.ch"|"0DambJ-TeVBx2-J$7sZo"
"gaetane.bowich@edu.tbz.ch"|"5fBt6r-aR2Pu0-1F94Qt"
"alizee.strelitzki@edu.tbz.ch"|"WAYXtD-wP3qtv-NvakPc"
"leone.poile@edu.tbz.ch"|"93sIQx-be&0lr-fat3bW"
"amelie.saban@edu.tbz.ch"|"VDzCl$-5$WvOW-Q5sWjs"
"marten.mcmenamin@edu.tbz.ch"|"gCCRwI-9GZLWZ-AWciW1"
"becassine.keets@edu.tbz.ch"|"r85ZSj-nvb&Bv-f8hbRM"
"celine.million@edu.tbz.ch"|"2KW1X&-0$cz@D-WyWj1v"
"geraldine.belitz@edu.tbz.ch"|"SJLz7O-#Ex&gJ-fPEdOB"
"salome.mardling@edu.tbz.ch"|"jnLvXP-ZoTu4%-njCFKQ"
"melia.blakemore@edu.tbz.ch"|"V22c2Z-9VsPa7-uRKPfM"
"dafnee.mcaulay@edu.tbz.ch"|"asDEaQ-oMrbbq-HyM@rb"
"garcon.dennett@edu.tbz.ch"|"vflnGH-aqFKsV-fuxkM#"
"interessant.lesor@edu.tbz.ch"|"RWa%$W-MIlSpO-FVtZGf"
"annotee.wasbrough@edu.tbz.ch"|"eOlmQM-#fqtDw-E#Mj8f"
"asa.ibbeson@edu.tbz.ch"|"neOi7q-B7PX8#-9#sSe0"
"maily.kennealy@edu.tbz.ch"|"35QMdZ-07pJ5H-yi&8cy"
"ye.seares@edu.tbz.ch"|"4m&7e5-68s1V$-mR#7Hi"
"athena.harbron@edu.tbz.ch"|"qLXFk@-$f0Wjf-URJFUU"
"andreanne.portail@edu.tbz.ch"|"I%X6rK-GTJERO-CgbnOm"
"goeran.zannelli@edu.tbz.ch"|"d1xgCY-jLaH3H-Knmxuh"
"gerald.leathlay@edu.tbz.ch"|"uwN&2x-&Hphqo-97jfOO"
"andreanne.chown@edu.tbz.ch"|"JcDHvC-wo0Hip-Utttb%"
"esteve.clementel@edu.tbz.ch"|"dMROWM-4JOp#R-l5UIRx"
"leone.legan@edu.tbz.ch"|"rHoTiE-#53IWM-S8MWJu"
"maena.pownall@edu.tbz.ch"|"YmNjlS-M%97Ky-LPxvIh"
"andree.rettie@edu.tbz.ch"|"3Qte%0-KvZZgE-ZqiDKR"
"ines.kenwrick@edu.tbz.ch"|"55JAnE-TH71sK-#oD$Wn"
"marie-helene.yarnall@edu.tbz.ch"|"iR40Eb-7G#@L3-7@TFL6"
"po.martin@edu.tbz.ch"|"%zXXFQ-vEubXl-PMt9mJ"
"ruo.celiz@edu.tbz.ch"|"5MiI%p-0M1HEF-ECqR7L"
"po.bissett@edu.tbz.ch"|"#6Y7nz-aIcEd5-GA45iH"
"du.swindon@edu.tbz.ch"|"&iAlwc-8k5pv2-9h#AAW"
"interessant.gouldthorp@edu.tbz.ch"|"cwNoRL-yeFE@B-9@zJpC"
"leandre.lilburn@edu.tbz.ch"|"Lee4Q7-ZAdUJY-MU5HAt"
"bjoern.whales@edu.tbz.ch"|"EPOQGZ-VU95mA-4tUXtW"
"interessant.dieton@edu.tbz.ch"|"rV6gDD-JIxeK8-gUwNVe"
"celestine.redhills@edu.tbz.ch"|"SH7MHD-afd7xq-lQdu13"
"tan.yakovlev@edu.tbz.ch"|"c7mwen-eDCRu0-iqHa8l"
"regine.mcdowell@edu.tbz.ch"|"rJu425-5o7QBi-tUsAjs"
"ju.coysh@edu.tbz.ch"|"Pgu5Zf-FQ%t0R-uhj@P3"
"reserves.ofallon@edu.tbz.ch"|"@d0mV%-GcUiS#-8eN$sl"
"frederique.sobey@edu.tbz.ch"|"QS3mnW-y@Qllo-7Sej9c"
"marie-eve.garstang@edu.tbz.ch"|"l%tl4$-JmeSiu-@zm8ia"
"andre.tapin@edu.tbz.ch"|"g$cT5m-ZX4cCc-AQTpHR"
"esbjoern.eynon@edu.tbz.ch"|"TB&Sox-YVhl$W-30MDnW"
"maella.duffy@edu.tbz.ch"|"$%Fspd-sk8AKk-nPkZvL"
"leandre.twinning@edu.tbz.ch"|"#CaZl%-D0PPuR-OZ#6Lp"
"mai.whittingham@edu.tbz.ch"|"$Yy2t3-XU8$$8-3&YQXI"
"rachele.shevelin@edu.tbz.ch"|"ngzpZH-E8tgHE-JtlGZy"
"cecile.mcure@edu.tbz.ch"|"dg2OhR-jeyHM$-hkUjkz"
"marie-eve.yurkevich@edu.tbz.ch"|"Je%Zhm-UrlG9c-YYytuG"
"almerinda.paice@edu.tbz.ch"|"phUMIR-Qkumg9-rG$Hhn"
"rao.howkins@edu.tbz.ch"|"5myl@l-ACzlUD-IbH4Yc"
"serena.pack@edu.tbz.ch"|"IfKlOB-2GeZij-UBf5c2"
"rebecca.mant@edu.tbz.ch"|"$6XnOs-gx8HX7-pdKZcQ"
"reserves.spitell@edu.tbz.ch"|"T2RSoQ-YlCCBJ-Y1RKwe"
"garcon.hamfleet@edu.tbz.ch"|"MZOMnq-Tcd$f4-K%aBlw"
"methode.kerkham@edu.tbz.ch"|"cZ2JJH-Dv2nnt-hJzZjS"
"pelagie.camies@edu.tbz.ch"|"8Vct1A-$u%rhB-4&J$R6"
"josephine.macpharlain@edu.tbz.ch"|"PhM7NV-cB@PDo-SK%%MY"
"eugenie.mathet@edu.tbz.ch"|"RBMDOG-7a4k9f-AUvNw2"
"gaetane.brangan@edu.tbz.ch"|"qRrk9y-MeLDo7-Ld#DX7"
"michele.dewbury@edu.tbz.ch"|"RrmZxf-e4zQ@&-#gAQvN"
"eugenie.elcott@edu.tbz.ch"|"ROauuG-4ivbpO-y2xGpZ"
"megane.harniman@edu.tbz.ch"|"qYOBCy-y&TooI-ajjJi1"
"agnes.cluney@edu.tbz.ch"|"GVrg2w-%guxxb-lWFOEp"
"marie-helene.angear@edu.tbz.ch"|"TWB1gP-SHQ$KI-mX8reA"
"melia.dolphin@edu.tbz.ch"|"h1K&gu-Wb@h9Y-tN7ehn"
"lois.ruseworth@edu.tbz.ch"|"w#%1&Z-1vQoZR-K49ABl"
"mailys.ryding@edu.tbz.ch"|"Ev#fkj-e1tDYs-hwpm7E"
"rachele.wulfinger@edu.tbz.ch"|"CKgVHu-8YUDJm-3#5ZUd"
"gwenaelle.talton@edu.tbz.ch"|"jOKwp6-4&#aUS-Bxt5ni"
"long.ronchetti@edu.tbz.ch"|"q&43JC-udNfkz-R%x1TM"
"styrbjoern.kloska@edu.tbz.ch"|"aA2m&7-qJyp4x-OePOJH"
"len.sudran@edu.tbz.ch"|"H#KcOr-vvvvxz-5RGVMI"
"maelle.andrysek@edu.tbz.ch"|"Z6avzp-IK7&9T-$wSIPJ"
"selene.senior@edu.tbz.ch"|"78TQQo-c1jfoG-2CNX@j"
"anais.joskovitch@edu.tbz.ch"|"eRMhxd-6FxchA-#&6l%N"
"marie-noel.dally@edu.tbz.ch"|"7KSY3E-9emLhM-INOBdr"
"marie-helene.laurence@edu.tbz.ch"|"A5RYC#-H#B3VM-7K8N61"
"camelia.foxon@edu.tbz.ch"|"QP3ZJ@-bV8$aW-z2MFRD"
"helene.cankett@edu.tbz.ch"|"sa$xp%-2ut87U-HzoHTs"
"marten.mitchelson@edu.tbz.ch"|"Aws0Fj-fVjb2p-iSgebx"
"helena.stirtle@edu.tbz.ch"|"pUD8MD-ze%uBY-gKdbh%"
"leane.barmby@edu.tbz.ch"|"9WnmPE-yf#LDB-45NvsH"
"goeran.ofinan@edu.tbz.ch"|"2XGhjd-m9l#ps-g4ehcR"
"styrbjoern.proby@edu.tbz.ch"|"6tGD$h-uVl@4B-$aZTH4"
"zoe.halse@edu.tbz.ch"|"XnUc0X-E5#$BZ-EUXuqj"
"kui.drable@edu.tbz.ch"|"RZP8yn-mx2q3E-qZwgdd"
"desiree.bamford@edu.tbz.ch"|"9Q4qkR-vN0ZaF-vybgVJ"
"zoe.suller@edu.tbz.ch"|"DRT5iV-Ab118%-OHYnBy"
"marylene.audiss@edu.tbz.ch"|"TZ8nf@-K4B#xy-j&2zo4"
"adelaide.poznanski@edu.tbz.ch"|"EYLTFA-Yjnq1a-us1U9p"
"maella.coleyshaw@edu.tbz.ch"|"71CNku-I9pecQ-NZnAtk"
"marie-francoise.gelder@edu.tbz.ch"|"vIgv2s-wpvJXu-v4gc@w"
"eleonore.chaffyn@edu.tbz.ch"|"$VRsgw-VVfJgY-LfCx8g"
"celestine.sikorsky@edu.tbz.ch"|"bv5aXh-A$NgyK-QI5RgU"
"stevina.londsdale@edu.tbz.ch"|"Vb9@e#-qUGx#T-$cnLO5"
"maiwenn.nevitt@edu.tbz.ch"|"uX9WL1-FvltcO-N@EKpj"
"magdalene.gerrey@edu.tbz.ch"|"k1F5LI-G#vSDB-bJLdOp"
"becassine.latimer@edu.tbz.ch"|"lxJsbs-s0RuLv-uoEBWP"
"da.lethibridge@edu.tbz.ch"|"cfYSgV-6elueA-vHRIXF"
"mailys.claige@edu.tbz.ch"|"0dqs8G-FPBEEb-5Ay9LE"
"maena.torbard@edu.tbz.ch"|"fi5&Dl-%nJOUf-OwXsqc"
"solene.lyvon@edu.tbz.ch"|"RpaokD-K9baib-J#TcLN"
"marie-therese.benbrick@edu.tbz.ch"|"Z8eebO-GOp5Vy-aCzOJY"
"gerald.edmonson@edu.tbz.ch"|"$LPLlQ-&fAfZU-3$uS$U"
"ake.messruther@edu.tbz.ch"|"FjKpj6-lJoX&M-tftZ@V"
"men.gosneye@edu.tbz.ch"|"POPo&0-ORGTaD-vrk14I"
"anais.jefferys@edu.tbz.ch"|"#sA@Bh-K$4O%q-%vYkZx"
"publicite.tregale@edu.tbz.ch"|"Q9e80O-Alc5y4-TdNbpX"
"maily.santorini@edu.tbz.ch"|"WTgjHE-9qS%r@-FTjgi6"
"ines.pioch@edu.tbz.ch"|"BvN4PD-Z3A55t-@ZlIi6"
"noemie.marklew@edu.tbz.ch"|"zZ3jzm-UvL9&N-hiIb6S"
"meghane.maccaffrey@edu.tbz.ch"|"xccsuj-v1Q$Rc-VXan7g"
"berangere.ambrogio@edu.tbz.ch"|"&&O8Yh-WOEcWv-3wqPcy"
"mediamass.ryce@edu.tbz.ch"|"3zkbgM-0&vAKO-#nxO4o"
"oesten.ubank@edu.tbz.ch"|"t4AJN4-jbWwBh-Jege&I"
"melina.mackee@edu.tbz.ch"|"N7OXI2-Rnm@BF-ZmAd3n"
"theresa.livezey@edu.tbz.ch"|"ufwgdu-5$RXbQ-64KPMD"
"clemence.weal@edu.tbz.ch"|"3TCpJg-&mkxL%-Qp&MOw"
"faites.overton@edu.tbz.ch"|"IoTsjI-esJ9og-jzz0Fa"
"clea.lindblad@edu.tbz.ch"|"L62RJm-vW%Hg5-sooWX5"
"josephine.roseaman@edu.tbz.ch"|"NUfNjy-Y#Z14r-8Tf&sL"
"oesten.lowbridge@edu.tbz.ch"|"6ctx1@-ZO9MDP-iNh7Oa"
"marie-josee.brion@edu.tbz.ch"|"nw7eu%-wcDvYn-jxcOAM"
"therese.basili@edu.tbz.ch"|"v&IlU1-TsZSa8-EXgh99"
"melia.vertigan@edu.tbz.ch"|"SZbBhG-1SW5IB-ZZq1GU"
"judicael.saull@edu.tbz.ch"|"ZVV#iE-XQZ29d-VKhsAP"
"selene.valentine@edu.tbz.ch"|"Y6Ep5Y-rFIdbC-HcvPG@"
"verane.dunlap@edu.tbz.ch"|"flyO#E-jzSx#w-Rs0iaV"
"meline.kinnear@edu.tbz.ch"|"Q4UWg3-VESPob-$Wp2tr"
"lei.luttgert@edu.tbz.ch"|"0Hp%xO-ihdz0&-z5NoXu"
"styrbjoern.lathleiffure@edu.tbz.ch"|"qO@&5d-N5NvmN-e0ZKod"
"marlene.blasi@edu.tbz.ch"|"G6KIoD-Z688jE-f4vREk"
"mai.begwell@edu.tbz.ch"|"hUKCSm-4mSPJY-d6%4QB"
"gwenaelle.kaines@edu.tbz.ch"|"xtku@5-9WL1MO-7WlO$d"
"gerald.adamthwaite@edu.tbz.ch"|"JpC3bh-gr16p6-A8ef#k"
"kui.hartfield@edu.tbz.ch"|"G1Fi3Z-#AmV6x-VRNkU%"
"salome.currao@edu.tbz.ch"|"Tb1ARO-$KaWpv-DhXfW@"
"angelique.tixier@edu.tbz.ch"|"SHLGsS-BZOvN2-$#r9C&"
"ju.mcgragh@edu.tbz.ch"|"tQ391j-8fD5MP-5M&oRM"
"dafnee.beachem@edu.tbz.ch"|"MlLEsP-p#aMq6-SgnXoM"
"creez.terlinden@edu.tbz.ch"|"pXvQuO-Ah&CY1-NZBcAt"
"uo.mcskeagan@edu.tbz.ch"|"B3jwZt-8tlk0E-8lq#uQ"
"edmee.mccaughren@edu.tbz.ch"|"NKGvfj-4%VY2m-Gn7%Hw"
"asloeg.cozby@edu.tbz.ch"|"5s%kO9-6cfBxL-Z$0H5u"
"melodie.traite@edu.tbz.ch"|"QRIHEa-XP8LqV-dtDG$n"
"dorothee.aindriu@edu.tbz.ch"|"n4VjOD-YOe@pW-xuzU8Q"
"daniele.doley@edu.tbz.ch"|"YTQkXX-JPfFpS-wUSWZv"
"mediamass.fairclough@edu.tbz.ch"|"7MIHGr-CL$Drv-RZchGN"
"lorene.rainforth@edu.tbz.ch"|"u6iVP%-5ax#Eu-EoeuIZ"
"leonore.eyer@edu.tbz.ch"|"2uppH@-wdA9cQ-xpdNEY"
"po.spillman@edu.tbz.ch"|"CywNgG-rj@2xD-UzGmiD"
"cecilia.plitz@edu.tbz.ch"|"V35qmi-tWd16x-9aI1$t"
"lorene.ludlow@edu.tbz.ch"|"uLaCh8-vtjH0a-anCNHi"
"berangere.neligan@edu.tbz.ch"|"XPuf3u-#XLP&K-EEsEy0"
"simplifies.huggan@edu.tbz.ch"|"IAtdBS-JVbanh-pOrjd&"
"clelia.prandy@edu.tbz.ch"|"6eZc49-mbATiT-fpbm5D"
"ake.osban@edu.tbz.ch"|"G4$8ND-DjMXH&-hzQ185"
"cunegonde.brunn@edu.tbz.ch"|"bE2o6R-sE&#5C-DbOa4W"
"long.grizard@edu.tbz.ch"|"F0FUSJ-J0tjNh-7JqNDt"
"meghane.diss@edu.tbz.ch"|"$Pjb53-u9eMVC-wA#2eO"
"therese.oldman@edu.tbz.ch"|"XhLC#n-LT8%Ky-oJ$TvG"
"boerje.scamerdine@edu.tbz.ch"|"@VabE6-ccfE@t-4FKPiI"
"du.saban@edu.tbz.ch"|"ru7kIj-CbLoUc-4hOKsy"
"hakan.clynmans@edu.tbz.ch"|"THOvU8-b8Q$lm-1y%1eO"
"wa.macdowal@edu.tbz.ch"|"&g0X&7-X3f34y-3f29Li"
"venus.hatrey@edu.tbz.ch"|"QBev2n-bU%8m4-WvIdDX"
"anaelle.vispo@edu.tbz.ch"|"vEEGbf-##A0Hs-WxRDVC"
"mahelie.ollcott@edu.tbz.ch"|"hNPqFe-dt%Fvg-VoGgJ3"
"mediamass.whyman@edu.tbz.ch"|"XF#uN&-4IYpkY-2#LSxI"
"esbjoern.basson@edu.tbz.ch"|"d7#JTl-SvWUnJ-pa2jaH"
"andrea.morrill@edu.tbz.ch"|"Xl30FF-MRaQx@-G&5WpB"
"melys.grassi@edu.tbz.ch"|"ZAJ2vn-PLcK8l-q@egpV"
"leone.poleye@edu.tbz.ch"|"I6kvPJ-1hEyFB-rFcutK"
"francoise.penny@edu.tbz.ch"|"7579h7-WbiQJM-hpr4D6"
"rebecca.edney@edu.tbz.ch"|"fBiu&m-PFtprZ-6b69b&"
"adelaide.murtagh@edu.tbz.ch"|"6bJjvf-%YjQyX-j8Z#mZ"
"stevina.winterbourne@edu.tbz.ch"|"TkfywO-kMjwvC-qf0ZBE"
"ma.cottom@edu.tbz.ch"|"aAQY9B-kKDs9j-iduS@m"
"tan.harold@edu.tbz.ch"|"Bo6VoJ-RhW9C7-SXs$sP"
"venus.forte@edu.tbz.ch"|"ov%Pfb-XN91rE-w4wi$r"
"almerinda.oluney@edu.tbz.ch"|"9EhBh2-UN%KIG-@7v@iZ"
"cleopatre.brehault@edu.tbz.ch"|"#UHg1@-Ryh#xz-eDl&C1"
"interessant.lapides@edu.tbz.ch"|"nFMY17-F%aVKW-lIR&jI"
"reserves.hallatt@edu.tbz.ch"|"rd&oes-qum6mB-ljAFL2"
"annotes.birdwhistle@edu.tbz.ch"|"YAvXQE-5c0OqZ-Q$@KJa"
"ai.dredge@edu.tbz.ch"|"SvZJ5y-ky@de$-TTnuOQ"
"megane.mussard@edu.tbz.ch"|"@V9HTx-OTwj@n-Ex7kns"
"esbjoern.gowrich@edu.tbz.ch"|"TIoyvK-&mu$Ud-mX3V&V"
"boerje.brislawn@edu.tbz.ch"|"Z10ngB-qsLNiF-S#4BEY"
"becassine.wilce@edu.tbz.ch"|"P&ij@x-cXopN3-493&zx"
"personnalisee.oels@edu.tbz.ch"|"ihSkOH-Dn4o3z-n5jTmT"
"verane.pett@edu.tbz.ch"|"laKYjx-9Qj7db-U30hZE"
"marylene.glewe@edu.tbz.ch"|"9LEXzo-2bsZa0-g65$9y"
"lai.elson@edu.tbz.ch"|"X2If8q-uWvdZ6-l76qkx"
"serena.difranceschi@edu.tbz.ch"|"eBSQ2x-uBoMK@-f9&DMI"
"lie.espinel@edu.tbz.ch"|"C&O2aJ-Cbhk%R-Zzw83R"
"marylene.fantini@edu.tbz.ch"|"DslnMa-1Vq7HN-Niy1NW"
"andre.archdeckne@edu.tbz.ch"|"w@3Kub-@9Och2-nIxxKb"
"goeran.bohlingolsen@edu.tbz.ch"|"Dx%4Fa-5Y$Ftd-uGnPg&"
"cunegonde.heffer@edu.tbz.ch"|"9FYOGX-coT4QL-1jmV8g"
"tan.fechnie@edu.tbz.ch"|"%1rH8&-0Ba@Y$-eMsKVZ"
"marie-noel.brammar@edu.tbz.ch"|"ANuAMR-&$fgzn-F%hrps"
"simplifies.aven@edu.tbz.ch"|"EM00cz-TIVIMS-8leZbJ"
"melys.pinchen@edu.tbz.ch"|"qPFckq-&VV5wz-FNtWvy"
"edmee.joyner@edu.tbz.ch"|"H&bn1#-QPlf1V-fPK&NW"
"berengere.edess@edu.tbz.ch"|"t63I$u-dM&lep-&C@YOv"
"marie-noel.goward@edu.tbz.ch"|"46l8R@-AC9SSh-hCS&Y%"
"ju.edmons@edu.tbz.ch"|"SUc9yU-2lAfxp-o#IVmc"
"frederique.airds@edu.tbz.ch"|"UbH#o0-SOq2Kb-@&kJp&"
"reserves.dauby@edu.tbz.ch"|"c8l0Vj-fAlx2W-ncnsLr"
"hakan.gynni@edu.tbz.ch"|"uKs6AB-KUJxCy-vJ4v55"
"leonore.pinwill@edu.tbz.ch"|"CWiXwY-w6c82$-NKVO&v"
"marie-eve.mcallan@edu.tbz.ch"|"fOK4VY-a1i$Kw-7aoK4t"
"naelle.yeabsley@edu.tbz.ch"|"lzG8DK-odL%n7-9NPFf2"
"nelie.jacobovitz@edu.tbz.ch"|"v7hiVO-UMNS7B-imGPQF"
"adele.conelly@edu.tbz.ch"|"n2rm6q-%r&Jy&-LwOhYr"
"clementine.dondon@edu.tbz.ch"|"FT5AiP-Au%Mo0-k&CauK"
"zhi.willcot@edu.tbz.ch"|"w6sIaL-U8JghQ-5PngW5"
"chloe.janicki@edu.tbz.ch"|"8WVdv3-1jJ#y8-#6D&vD"
"meng.linde@edu.tbz.ch"|"5yo2pj-taIoad-wpuh@4"
"celine.janisson@edu.tbz.ch"|"EfoYKT-bJk$8i-WlBSoN"
"clelia.crow@edu.tbz.ch"|"HJguN$-2VqwfQ-G8FCMt"
"cecile.pyott@edu.tbz.ch"|"HVpFbR-bhe#yS-AQElLV"
"ma.fidelus@edu.tbz.ch"|"Jp4ygS-5nuM6t-WE43ml"
"marie-helene.poore@edu.tbz.ch"|"B7LLJ2-X&4GPl-KMqRa$"
"elies.blanket@edu.tbz.ch"|"S6j7RZ-JYndDH-$v3JUe"
"yu.boyer@edu.tbz.ch"|"bl@#Nh-NSSn5A-oMRn0U"
"celia.welds@edu.tbz.ch"|"8fbh@k-LMz6JR-FANOBT"
"du.gunney@edu.tbz.ch"|"Ja$w#c-toC&g@-iIz6V2"
"goerel.crush@edu.tbz.ch"|"B2U4RI-YJBffI-UMxtNy"
"marie-josee.brosius@edu.tbz.ch"|"gb2QGu-2m7c77-VcIThC"
"camelia.adds@edu.tbz.ch"|"gyMnpO-mi#YPA-Giz5UJ"
"anae.irwin@edu.tbz.ch"|"VSu&YH-Vgta5r-OqDHFE"
"cleopatre.skeffington@edu.tbz.ch"|"rXIX&%-%gru0i-m3rFen"
"gerald.suggate@edu.tbz.ch"|"T$VAV9-uFb3@$-7Spb34"
"laurene.tailour@edu.tbz.ch"|"ccN9aq-qmvfcG-w%YKCm"
"amelie.hoble@edu.tbz.ch"|"0c6XJ6-v4jcLf-xJvQQf"
"venus.getch@edu.tbz.ch"|"VPHJb6-ITUDPu-YNRdaY"
"renee.treby@edu.tbz.ch"|"p7@9a%-WYBdjB-EzoUQN"
"almerinda.stait@edu.tbz.ch"|"PScBrk-8mi1t6-%D@zrJ"
"andree.reddecliffe@edu.tbz.ch"|"Cy2KWi-Po63aB-WIuK0F"
"leone.wintle@edu.tbz.ch"|"GLikTy-8pZBBf-mZO0bv"
"gerald.fellow@edu.tbz.ch"|"7&ITTu-H82A7%-7jIu%J"
"ju.gudger@edu.tbz.ch"|"e%&q$l-3paG4T-zAbIEO"
"meng.ohaire@edu.tbz.ch"|"d%dm%i-zgPX5H-QoHo5D"
"cleopatre.missington@edu.tbz.ch"|"xmJNRW-3IueBe-0WDuxu"
"annotes.debruyn@edu.tbz.ch"|"jeBE8O-5qWKB1-1R90SC"
"gerald.sinisbury@edu.tbz.ch"|"aHGgah-F8pcjK-OABiVN"
"creez.slora@edu.tbz.ch"|"yBE4uD-ILdlnW-VOTxq5"
"gisele.benbow@edu.tbz.ch"|"eTWgLS-vJX7o$-3Sy8IG"
"pal.dossit@edu.tbz.ch"|"TnXdBi-2a#a03-pH0G$$"
"nelie.stirrip@edu.tbz.ch"|"eoGQ@C-0XDub3-pOJoK@"
"alois.ocrigane@edu.tbz.ch"|"XrU9Q#-OL8Qa$-BPSYCM"
"kui.mcterry@edu.tbz.ch"|"L$N3Tr-29z#aO-pPWfsZ"
"long.willgoss@edu.tbz.ch"|"1tPxmd-cPujcX-YdR%QV"
"francoise.sumpner@edu.tbz.ch"|"08BYsX-gHavs$-#cAjYE"
"maely.grinstead@edu.tbz.ch"|"28y&Gl-U8emsU-UkQ6U8"
"creez.langeren@edu.tbz.ch"|"gmp$LY-KXbfJG-qOUucL"
"adele.dungate@edu.tbz.ch"|"%hBtrc-TaHzuN-wnaWMM"
"cleopatre.noirel@edu.tbz.ch"|"@EvjfX-0@PN1q-mfiCzw"
"interessant.daverin@edu.tbz.ch"|"ZBgfhq-5mvb$v-H1bnFi"
"naeva.kalderon@edu.tbz.ch"|"DAn9&3-Da&RBh-P0i0aV"
"anais.oshesnan@edu.tbz.ch"|"2InTm$-gD7rlG-aEb6IF"
"judicael.anelay@edu.tbz.ch"|"Ongfod-8pOLOP-TkG%Lw"
"eloise.braxton@edu.tbz.ch"|"O@6VxM-7sLeUi-osLm@D"
"desiree.greguol@edu.tbz.ch"|"kyfOWW-IXgSXl-TG6b1l"
"maite.mcclenaghan@edu.tbz.ch"|"mO7z8c-eTt&q1-oJiQVi"
"meng.doret@edu.tbz.ch"|"NLs#Uf-Ob#&rU-fGMqIj"
"frederique.chippendale@edu.tbz.ch"|"IkMdwa-m7AG9G-%c5#uJ"
"andreanne.lanney@edu.tbz.ch"|"S#3#tH-G&Qytt-pM8Z8L"
"aurelie.claus@edu.tbz.ch"|"B0s8%o-kNnSFg-xpT@zj"
"renee.pabel@edu.tbz.ch"|"2v5&99-fg4%xB-42Zm3K"
"maena.roust@edu.tbz.ch"|"nE1hHq-%RA9CX-C@m@Np"
"nadege.carwithim@edu.tbz.ch"|"0ZuV@7-xC%J5v-z9a$ZN"
"solene.geyton@edu.tbz.ch"|"vYsziM-%MWGGY-C9YV1F"
"dafnee.avraham@edu.tbz.ch"|"PwYaKU-IaB0OH-&ND@f@"
"leane.woolvin@edu.tbz.ch"|"3oigyu-qkUBmt-XIWT2m"
"adele.macadie@edu.tbz.ch"|"ELdany-EhTQwA-pfNVBr"
"meline.rubica@edu.tbz.ch"|"r06fhw-H&DMDw-$BKxdu"
"marie-noel.speeding@edu.tbz.ch"|"bo&6eU-DThcXu-qFGGjf"
"nelie.mix@edu.tbz.ch"|"55OGC$-PWp$RL-IRFpWr"
"clea.ollett@edu.tbz.ch"|"JBkpJg-Ht06oW-Ud1qHH"
"leandre.mcgavin@edu.tbz.ch"|"EuanvT-hkH5w@-nejalE"
"cecile.behne@edu.tbz.ch"|"fqUtTP-GB@uB3-Z7Z5ZX"
"melanie.polle@edu.tbz.ch"|"57te5g-@p9tOo-&kt5Cp"
"marie-josee.titmuss@edu.tbz.ch"|"jdjSfc-RuPYQX-cYDg3i"
"helena.guest@edu.tbz.ch"|"E0$DKw-lcCpyj-a93#oE"
"annotes.chicchetto@edu.tbz.ch"|"trYlNa-p@$Xnx-6rC#iF"
"melia.tubb@edu.tbz.ch"|"j7S3@D-503fvY-%gIh1q"
"angelique.casetti@edu.tbz.ch"|"OAS4EK-EK76Gx-vL30fm"
"cunegonde.cleall@edu.tbz.ch"|"aqEL8j-uLZrzk-QQDb3O"
"camelia.oaker@edu.tbz.ch"|"N88KJH-VOJl5e-d4hxMl"
"you.searight@edu.tbz.ch"|"v6O8Rk-12q%vG-H4U1ND"
"kevina.dederick@edu.tbz.ch"|"idQ8mC-jZSYYT-foiwb7"
"milena.jeffrey@edu.tbz.ch"|"7ZBtOS-rlrXTT-A&a8xy"
"melodie.barkshire@edu.tbz.ch"|"IFJBwz-FZoU1o-7zdHoG"
"gaelle.kreutzer@edu.tbz.ch"|"2PYMox-vGMCLT-TcnB7j"
"kalliste.kleinpeltz@edu.tbz.ch"|"%1ZA8a-VTDT3s-QOM6kn"
"clementine.danat@edu.tbz.ch"|"0am7lS-hydwfG-VHHNeQ"
"andrea.wabb@edu.tbz.ch"|"k$SoqO-nhBkQf-Ji8Sdv"
"geraldine.piesold@edu.tbz.ch"|"Jkgb$q-4P2xYL-LOD@gh"
"tan.fiveash@edu.tbz.ch"|"ivcGE2-rNJYdd-EngEJg"
"meline.yuranovev@edu.tbz.ch"|"x%PH8v-QBpdUL-99kavu"
"therese.holme@edu.tbz.ch"|"QC8m0L-m0YUyv-Sz3l8k"
"salome.vaney@edu.tbz.ch"|"hI76cm-%$B02g-XEhERq"
"anae.abramson@edu.tbz.ch"|"47V$F2-WFzH@m-@uju&a"
"kalliste.jimson@edu.tbz.ch"|"yk9xcJ-O8U7Ly-Q4ygVJ"
"selene.yole@edu.tbz.ch"|"TjdXyp-TP%wPU-RQ58T0"
"agnes.defraine@edu.tbz.ch"|"Gkba#U-rT2SEM-W%a$s%"
"faites.mccluin@edu.tbz.ch"|"VfPfyp-XTm$ja-keYL@$"
"athena.deme@edu.tbz.ch"|"i3XoLK-2YWFi6-2ZL%OE"
"daphnee.brigstock@edu.tbz.ch"|"CfzsQm-baIXKu-3RGxr$"
"goesta.skaif@edu.tbz.ch"|"rINvHf-agJFHR-A8%4MA"
"oceane.jagoe@edu.tbz.ch"|"wrJcxz-JxSH6w-GuyHC#"
"annotes.broomhall@edu.tbz.ch"|"LB6$i9-5lM#Xn-U036HJ"
"marie-eve.ballendine@edu.tbz.ch"|"Nz#6RE-OjX#Vx-Mpn4kJ"
"melina.spykings@edu.tbz.ch"|"d7n2O0-GWucOO-t8CzuR"
"laurene.ticehurst@edu.tbz.ch"|"h1XSvF-xh$Ze4-uPVkO3"
"fei.avramovic@edu.tbz.ch"|"gfvys$-sCLrVM-9BKHnt"
"publicite.strathearn@edu.tbz.ch"|"GOoMPE-h5e9m4-ktOtNg"
"torbjoern.garrow@edu.tbz.ch"|"NeXYmP-JKPlS5-U5p&82"
"chloe.rubinsztein@edu.tbz.ch"|"y0CJKn-G51pWx-vTggnq"
"mylene.demanche@edu.tbz.ch"|"bBYPqd-BVzL7u-L31TbP"
"mediamass.godlonton@edu.tbz.ch"|"O@vFFK-aOFH6r-0d@$82"
"renee.shurrocks@edu.tbz.ch"|"#cFq$3-BD0Uck-oA6og8"
"maiwenn.jedras@edu.tbz.ch"|"T0R1%4-ue2eWh-wLqD0s"
"genevieve.castells@edu.tbz.ch"|"c&#%ly-hDNgsL-XAq7Ph"
"renee.sneden@edu.tbz.ch"|"eAL$qn-hPA1zJ-psNlf2"
"lai.mccallion@edu.tbz.ch"|"NwwwGo-tFruJU-34kdPD"
"kevina.impleton@edu.tbz.ch"|"H1@0Kn-LhpZbI-0$29gF"
"oesten.fresson@edu.tbz.ch"|"lin4fI-ONsTqL-GGO%T@"
"verane.shawley@edu.tbz.ch"|"0j8pLK-SH#8po-O&uWeL"
"uo.sjostrom@edu.tbz.ch"|"GA3okA-Pq6kLs-E%3EGI"
"gisele.gothup@edu.tbz.ch"|"aUjEEq-0yBwkA-OJQuKE"
"renee.beauman@edu.tbz.ch"|"X2%NhU-0#teik-7usqw1"
"elies.loton@edu.tbz.ch"|"1GsG2y-5cvYB9-zlMB7#"
"valerie.elsmore@edu.tbz.ch"|"gFahxj-27cLMm-83YHkp"
"berangere.delafeld@edu.tbz.ch"|"mlT6E2-8lPpop-ag#hES"
"bjoern.schimke@edu.tbz.ch"|"117DSL-5IE%y8-NabX5a"
"loic.ericssen@edu.tbz.ch"|"&iIzkf-Y#Sua7-yLuNv&"
"creez.richarz@edu.tbz.ch"|"SBD7SR-88pRU0-IN67@G"
"athena.grocott@edu.tbz.ch"|"jN4eW3-W15QN$-Xba6Cw"
"naelle.piotr@edu.tbz.ch"|"HEGeJM-smyUGu-VEFlPL"
"maella.paulson@edu.tbz.ch"|"6TnsaK-gRT6N8-1rTz6$"
"song.perot@edu.tbz.ch"|"UGix9a-#CitOV-OC1xb#"
"kalliste.heckney@edu.tbz.ch"|"F$Cz5Y-a7KNMy-SsfTrF"
"ake.vasyutkin@edu.tbz.ch"|"SpUmjJ-O5&mKO-&6mcj&"
"ma.castles@edu.tbz.ch"|"KaAhtn-Y&W5Me-bqoeP7"
"maely.monget@edu.tbz.ch"|"c0&jp8-uf2Kqt-AxKGpO"
"tang.durbridge@edu.tbz.ch"|"PLLsEQ-RQ%RL$-d@glh8"
"laurene.andrew@edu.tbz.ch"|"E6qUrM-yHh4UG-DcATC@"
"lysea.beacon@edu.tbz.ch"|"Ctb7RZ-bRUYT8-a#dqph"
"leandre.peyntue@edu.tbz.ch"|"csvaoB-GDUY5y-9p%#48"
"rao.trever@edu.tbz.ch"|"FwIIwu-pHyf&j-EHItGn"
"mahelie.streader@edu.tbz.ch"|"WNz5SO-oJD#ii-Hug13s"
"maerta.andrejevic@edu.tbz.ch"|"#uk5i0-r&uS2X-UwulG$"
"goesta.tompkins@edu.tbz.ch"|"AJMhh#-meYh5S-b6g7nv"
"helena.agates@edu.tbz.ch"|"OVmc90-mU$qWn-Hr1fN#"
"therese.glass@edu.tbz.ch"|"W771ix-xyOR7i-V&@1$3"
"alois.foan@edu.tbz.ch"|"to5914-hxWRxi-7@RrM3"
"becassine.melchior@edu.tbz.ch"|"43grl6-%PrRvb-D4%c91"
"cloe.robart@edu.tbz.ch"|"a@2Ber-5%#W&$-qh@kYN"
"daniele.puckinghorne@edu.tbz.ch"|"#wbyIS-v6Zawv-zGMz7L"
"selene.cammidge@edu.tbz.ch"|"JWU6ke-VidIFq-a$e1cU"
"regine.conochie@edu.tbz.ch"|"F0b#2A-AQoCfh-HSIXlU"
"interessant.tuiller@edu.tbz.ch"|"G7Bdbn-Rux38S-&fM6MA"
"long.tiebe@edu.tbz.ch"|"6obHeR-O7nvXD-3SnRwD"
"mans.yele@edu.tbz.ch"|"2U12%N-m$8OHV-rwWdqk"
"ai.giles@edu.tbz.ch"|"y9Zvup-YMyC@7-hiT87p"
"gaetane.hamberston@edu.tbz.ch"|"u5UMEA-&KCCKQ-kkkkjl"
"marylene.fenix@edu.tbz.ch"|"tveuWE-um%asS-qYysaX"
"geraldine.graeme@edu.tbz.ch"|"@bW4$O-gEvm6b-eNKK4N"
"tang.kinglake@edu.tbz.ch"|"WXRJDe-ClLH0m-FBSOoh"
"lai.challoner@edu.tbz.ch"|"mdS%lu-414Kqn-@lJ1Oy"
"desiree.mattei@edu.tbz.ch"|"eN$lQR-fo7pTF-r1yYxi"
"ake.erley@edu.tbz.ch"|"giezs4-MpzA&7-P1iYSU"
"edmee.cavil@edu.tbz.ch"|"g&F&bf-hi0LBH-N&@me9"
"alois.moyes@edu.tbz.ch"|"dsJkM@-7t3OB6-xxv#Q3"
"becassine.pitman@edu.tbz.ch"|"mfn8Hf-bVR4lo-#PX5Q$"
"ai.giacovelli@edu.tbz.ch"|"hYXdnN-rNp7X1-4dPVdK"
"judicael.fruchter@edu.tbz.ch"|"kFjW&Z-$mHlDy-$HvNYk"
"mans.mogg@edu.tbz.ch"|"k07bg%-Ym6lw8-OAt8Qp"
"gerald.foyle@edu.tbz.ch"|"&jTVfS-#1ytiD-hVt#Qi"
"wa.androletti@edu.tbz.ch"|"E4o0zX-EgQHuT-$LLeAU"
"meng.ollett@edu.tbz.ch"|"Y&cf@@-ctWh%G-@ml%#v"
"naelle.macmenamy@edu.tbz.ch"|"kB9#hs-voCV1e-KGOF3E"
"gisele.mcramsey@edu.tbz.ch"|"keJ#WH-BCp&a@-IgPSJs"
"meryl.scolts@edu.tbz.ch"|"x&lIx#-YI9r#u-&zYInb"
"celia.bloxsome@edu.tbz.ch"|"s@Gvev-5Ur1P#-rvYEcm"
"styrbjoern.stuke@edu.tbz.ch"|"jaxTXE-$mmt@I-Yg05iM"
"felicie.gwilliam@edu.tbz.ch"|"A9FxRb-%I2EOB-2ektnN"
"da.harms@edu.tbz.ch"|"dZoK3Q-Y3nOry-YmZBHW"
"celestine.baulk@edu.tbz.ch"|"oanN%m-yAUf53-L7kA1v"
"mahelie.blackledge@edu.tbz.ch"|"lPR8pN-cfOSXb-W%uBAG"
"meghane.salt@edu.tbz.ch"|"LKxCUd-#Rb62d-iymQWt"
"methode.paxeford@edu.tbz.ch"|"OSb0Ht-n@wW@Z-gH#cI8"
"asloeg.milligan@edu.tbz.ch"|"HarObd-tAHnTP-1QGwAS"
"you.pellman@edu.tbz.ch"|"wiC5H2-v5%cM6-yN$ZdM"
"loic.regenhardt@edu.tbz.ch"|"4ZFuyg-2Trita-AEcwKJ"
"daniele.savill@edu.tbz.ch"|"WjpNjd-fCWjb&-9KnrIs"
"alois.cornu@edu.tbz.ch"|"Yevd%Z-yKNfk5-wcm#63"
"oesten.govey@edu.tbz.ch"|"kkrQxi-BKjihL-5wYNL1"
"marie-eve.louch@edu.tbz.ch"|"5zCtzM-hcl&wc-JE1b9B"
"theresa.wenn@edu.tbz.ch"|"T5ZozR-cA$hcg-hISRgI"
"andree.eul@edu.tbz.ch"|"U%#4ay-REQiud-NvW5Ma"
"lie.paynton@edu.tbz.ch"|"3KX@BD-IJthU@-31M@zH"
"marie-eve.girodier@edu.tbz.ch"|"US30C8-DkRJmw-QRtmwZ"
"marie-noel.smithe@edu.tbz.ch"|"C5JfEc-v@Vv#G-&IVQfu"
"men.bootyman@edu.tbz.ch"|"tXpxYJ-cfqLTB-pxRl7R"
"ku.sugg@edu.tbz.ch"|"mViGUJ-GikYjL-%QBkGi"
"lucrece.roseman@edu.tbz.ch"|"SVA7am-A7$uqy-L%hdAA"
"zoe.annear@edu.tbz.ch"|"Vg5Cb9-gM4iC8-2XZEsO"
"marie-helene.rennebach@edu.tbz.ch"|"K$UQ9n-bBV5$6-Q5zDOi"
"lea.djurdjevic@edu.tbz.ch"|"ks4hnd-In#Opb-OLM4QK"
"goerel.robert@edu.tbz.ch"|"EEat$9-1P0WiY-D2JNMJ"
"mylene.foldes@edu.tbz.ch"|"AE8iWm-K3Ok1h-ocVQ4m"
"faites.clegg@edu.tbz.ch"|"TdhZd%-y9Odq7-U94KE@"
"marylene.crowcher@edu.tbz.ch"|"@LdlLr-FXuQ2j-MEwuU%"
"aimee.wimpeney@edu.tbz.ch"|"7ZIKUe-AiZVSH-GuhfhD"
"renee.atkins@edu.tbz.ch"|"OTQOCd-DxSjvI-2f5&VF"
"rejane.cainey@edu.tbz.ch"|"4Y%49a-&PFi1F-UO$rxR"
"solene.britney@edu.tbz.ch"|"3twnFg-QnTszM-D5#Z7F"
"marten.shatliffe@edu.tbz.ch"|"#0%lzu-NWmkkh-miK14U"
"maite.issatt@edu.tbz.ch"|"DtVKO7-9U3LBI-ogtL&a"
"maelyss.edon@edu.tbz.ch"|"#ZvDDQ-sR0x5k-E2yl@%"
"nuo.bamling@edu.tbz.ch"|"23K%F9-Shvd7A-csXZ30"
"anais.edards@edu.tbz.ch"|"mW4uL6-RHXwbZ-@$p6qp"
"mediamass.bromet@edu.tbz.ch"|"N#BxHk-O5QTpG-@gJjgc"
"beatrice.kimbrey@edu.tbz.ch"|"lle5v7-dSnHPa-qDdvvt"
"ines.lawranson@edu.tbz.ch"|"HySxnd-ig53J#-O1EY8n"
"kalliste.scandroot@edu.tbz.ch"|"EqNaVZ-KEm%dz-VCeJlc"
"mans.barrowcliffe@edu.tbz.ch"|"UxgmzE-lSPI13-1$Yydn"
"irene.couves@edu.tbz.ch"|"WzoWOs-7UYkjv-o%AAkK"
"milena.mucci@edu.tbz.ch"|"#lZC4%-dWgIZk-X8eC1X"
"naeva.cow@edu.tbz.ch"|"EOriWi-m3@&c&-3LsLA1"
"audreanne.mournian@edu.tbz.ch"|"jvE&5a-uxAIAH-ez90GL"
"melia.sinnatt@edu.tbz.ch"|"e6peRA-ytm&PQ-w95hSs"
"nelie.burnard@edu.tbz.ch"|"9uLUw$-SBbNPg-ch2XKa"
"clelia.ashfull@edu.tbz.ch"|"AxCpgy-x%vMLB-xvTL#1"
"lie.macard@edu.tbz.ch"|"0C@t#q-8xOF7g-LDw7Ux"
"valerie.matoshin@edu.tbz.ch"|"e1TIX3-OYdiIl-HgBeCN"
"anael.hatherleigh@edu.tbz.ch"|"BUwIE3-HQn9#x-8kpbRi"
"interessant.warratt@edu.tbz.ch"|"$xJTfN-A0rHO0-ljRhK3"
"eleonore.volage@edu.tbz.ch"|"y#8FjL-9PtDBt-hEyeGL"
"zoe.stebbing@edu.tbz.ch"|"oM244u-vDkX&C-S77Bo8"
"alizee.nye@edu.tbz.ch"|"Z38jYc-5QIpiO-e1g%cO"
"celestine.bramley@edu.tbz.ch"|"UsdQS2-oGCSvm-rO5owB"
"selene.philcott@edu.tbz.ch"|"9UUK$h-k9m7Gz-5TDJ6Q"
"tang.newens@edu.tbz.ch"|"#lEI8g-ZFr49z-APprfd"
"annotes.powys@edu.tbz.ch"|"Gvh28Y-vq&KjP-NJ0mYs"
"lea.matthesius@edu.tbz.ch"|"uGzfid-rIfiqn-Mg%jnr"
"illustree.garlett@edu.tbz.ch"|"nDwFjt-YRLlO2-GmemHH"
"maiwenn.meachem@edu.tbz.ch"|"1b4MFX-DWnLUK-A5y9oC"
"marie-francoise.mcbrady@edu.tbz.ch"|"#5fEUd-zxVf8s-ZAb76v"
"illustree.gimbart@edu.tbz.ch"|"QOTcax-KPeqUX-%ciG2f"
"melys.lyosik@edu.tbz.ch"|"#QpjEs-VWXO9#-c7Si2e"
"marylene.mcnab@edu.tbz.ch"|"qf$9n$-#IEVXo-9lSJWI"
"gerald.blount@edu.tbz.ch"|"#3lRTR-4O$l6j-HEeUXL"
"clelia.shakelade@edu.tbz.ch"|"@b%8Dr-Ga9iG&-Xh5X7&"
"penelope.cridlin@edu.tbz.ch"|"gyNB%f-rT5q#y-FmTQ5B"
"maena.okuddyhy@edu.tbz.ch"|"7Tzc36-DLvhiN-IPx&lI"
"athena.keynd@edu.tbz.ch"|"1rQ&tv-KO1ghj-dP6uoY"
"cloe.dwine@edu.tbz.ch"|"tCu4YG-lYjvFI-B&567F"
"josephine.browett@edu.tbz.ch"|"AcFNl&-oHjyRF-rtbpjR"
"audreanne.oscanlon@edu.tbz.ch"|"nB%w81-cJTd7J-i7#zld"
"fei.jeanequin@edu.tbz.ch"|"P3z1LG-xEw@aO-mj9Jsa"
"lois.gormally@edu.tbz.ch"|"0jy%og-PjgeuZ-n3qxC1"
"marie-francoise.finnigan@edu.tbz.ch"|"nYrq#R-KhrPEZ-&0DPeo"
"leonore.trussman@edu.tbz.ch"|"YotX2G-bc6P$X-V3D0ml"
"anaelle.trumper@edu.tbz.ch"|"XA&X1D-ep&4F4-ssiTUI"
"clemence.dionis@edu.tbz.ch"|"%8gZVV-3LU3Rl-cbtuKa"
"lois.tranmer@edu.tbz.ch"|"GZb$dq-iTP8AK-q#ynvN"
"interessant.volett@edu.tbz.ch"|"YUvP7l-MdRE7F-MM32bO"
"personnalisee.deackes@edu.tbz.ch"|"DUylUD-ObJ8BO-bb#6zM"
"lie.vasiliu@edu.tbz.ch"|"#zPoGU-UZB%M7-DxfZzV"
"dafnee.lamputt@edu.tbz.ch"|"c1SCnq-9@2dee-ZiY&$Y"
"elies.bromige@edu.tbz.ch"|"LNQtKn-NLuXGr-I%S$%s"
"helena.klosser@edu.tbz.ch"|"UdJrpS-$Zspo#-SfU908"
"andree.grim@edu.tbz.ch"|"&TnBQs-gEj%eE-njj%$l"
"verane.coldbath@edu.tbz.ch"|"i38O$s-INJpTv-gA9FyT"
"helena.bethell@edu.tbz.ch"|"i0A%mz-&PS6Fd-Q#tCRu"
"kalliste.carefull@edu.tbz.ch"|"rWTFAz-lObK2X-u7#mMH"
"regine.odams@edu.tbz.ch"|"@DA1Ly-Rb7aCo-WbzB#$"
"len.stannus@edu.tbz.ch"|"8S2GtG-rFF30J-u2REcU"
"angelique.works@edu.tbz.ch"|"V@qK%n-e$VoRV-MpDPK8"
"goesta.rheaume@edu.tbz.ch"|"U60H5E-9kzH43-O%#NYx"
"maelys.tynnan@edu.tbz.ch"|"$R6$%A-i$uVIo-0diyJ7"
"maelle.carlesi@edu.tbz.ch"|"B&Ok8@-6DoP0j-89Ifph"
"anael.spurden@edu.tbz.ch"|"M#qSkl-9PUCeC-xC8qdl"
"helene.pumfrett@edu.tbz.ch"|"esUIf$-%ht5z4-Ygk6@h"
"goerel.pearn@edu.tbz.ch"|"rpx4Px-07OYGr-3Hivf0"
"laurelie.dezamora@edu.tbz.ch"|"HF@K7M-%nIsnc-rmDf@q"
"yao.twidale@edu.tbz.ch"|"5uY$pe-3zjc$B-HPvxll"
"berengere.sola@edu.tbz.ch"|"a30rTg-f&HxH9-82j9S&"
"maelann.hardistry@edu.tbz.ch"|"i3xnA4-BkBu2J-couIiY"
"severine.littlefield@edu.tbz.ch"|"ZJcl8E-SIaP22-mXny#M"
"salome.heinl@edu.tbz.ch"|"zxC3Ld-Us0dM4-CjzAA$"
"meryl.warbey@edu.tbz.ch"|"cyltG7-a%xnvO-%qb7Yd"
"da.hunstone@edu.tbz.ch"|"d9ep%X-Ji78PV-wE#0#e"
"venus.broadbury@edu.tbz.ch"|"nbUpsB-gfwGFZ-c3yizq"
"meghane.rentelll@edu.tbz.ch"|"P7$HOF-UVAGuK-u@He98"
"marylene.drewitt@edu.tbz.ch"|"uiLjj2-NcZaQr-9IU&ej"
"melinda.jacquemet@edu.tbz.ch"|"BJvwfg-H%o0zF-mPzvm2"
"marie-josee.keyden@edu.tbz.ch"|"j4$$1F-ua@QlU-B9s#&A"
"asloeg.montacute@edu.tbz.ch"|"Ejh%SD-#42GS4-xP%x@S"
"ku.andreou@edu.tbz.ch"|"vbfvvx-7m5xsf-hMB#Ov"
"personnalisee.feaveer@edu.tbz.ch"|"Oi&oCe-19hLUz-@#mgNi"
"laila.emptage@edu.tbz.ch"|"BnALov-usN&uE-qBlwG5"
"bjoern.dawdry@edu.tbz.ch"|"py1hbU-TtwUlg-taXIR&"
"marie-eve.dinsell@edu.tbz.ch"|"%$sMLP-GNVhhU-IPkjwz"
"helene.follett@edu.tbz.ch"|"qKt&i$-kHCJ@1-XdWeDE"
"penelope.cordero@edu.tbz.ch"|"%2p8BW-3ix%qj-@Auzz%"
"boerje.beedell@edu.tbz.ch"|"aMTNrw-U9x&z1-rKLTjX"
"nelie.ferne@edu.tbz.ch"|"kg4yU7-nHxnUz-v$lu3d"
"celine.ahmed@edu.tbz.ch"|"izxgNB-SL$%PS-EJ$s$&"
"stevina.pimblett@edu.tbz.ch"|"BCpl$G-TSsTFU-WEsFsn"
"chloe.langlands@edu.tbz.ch"|"2hn6YN-aymCP3-BHH@0E"
"simplifies.maude@edu.tbz.ch"|"gS0lbl-LgDMje-hI#Xov"
"genevieve.decarteret@edu.tbz.ch"|"5@1&%4-Lj#WDm-UPUkbU"
"marylene.mughal@edu.tbz.ch"|"oTQFSR-cMqjZh-w7UCnb"
"goeran.guttridge@edu.tbz.ch"|"@duUme-w0VN&b-DP&XKn"
"michele.smurfitt@edu.tbz.ch"|"an5BGQ-k#IWYr-aELr6P"
"methode.hadeke@edu.tbz.ch"|"$or8L%-wGG@Wc-M3r&yb"
"therese.rispine@edu.tbz.ch"|"xyburw-rbCirO-m0Fqyr"
"goerel.plumley@edu.tbz.ch"|"3#&03U-Gi&J0k-7&r%uk"
"oceane.friett@edu.tbz.ch"|"MC%Qog-epjJSF-0rEJ2A"
"marie-noel.achromov@edu.tbz.ch"|"M&Fjs#-INQE&i-0$Epkn"
"dorothee.storek@edu.tbz.ch"|"7r3sJx-BNNdd&-MMRSb1"
"goesta.whittle@edu.tbz.ch"|"RUKpB%-Bq3Sxm-TssO9j"
"desiree.casely@edu.tbz.ch"|"A&Y01g-uCvJcH-KVGTUx"
"felicie.condon@edu.tbz.ch"|"f9RSHN-EgPWW2-7&Z$2O"
"maelyss.frisdick@edu.tbz.ch"|"UqPfBX-n5yXG3-%b0Tnj"
"aimee.banke@edu.tbz.ch"|"ZrljbE-v8ig&Y-TdV9Le"
"naeva.hodcroft@edu.tbz.ch"|"@1dlXR-hv9d3C-TObPkB"
"laila.gerrans@edu.tbz.ch"|"XSwUmF-yBsL$C-WbrFEn"
"daniele.scrimshire@edu.tbz.ch"|"MpTC8U-w7DXzY-4a%hfG"
"daphnee.sheerin@edu.tbz.ch"|"HY$t1b-D#yhYC-@OBMj%"
"pal.vanyukov@edu.tbz.ch"|"&r@Hgm-GlLhAT-uRyACv"
"zoe.childs@edu.tbz.ch"|"sLaxGZ-V&8K5B-Y&qfCd"
"ai.corde@edu.tbz.ch"|"GTYkDk-n4Vugn-Z2HXbU"
"maelys.berryann@edu.tbz.ch"|"2Ddwqw-9LLfwG-J6ilq$"
"cloe.gladding@edu.tbz.ch"|"9SSq0F-0Ojc1L-xPQgql"
"wa.kinnaird@edu.tbz.ch"|"oqX4pi-L@8#gg-YmNvrF"
"publicite.brittoner@edu.tbz.ch"|"sbuKn2-hvWq#&-PHnUvQ"
"rao.windress@edu.tbz.ch"|"MITNW2-U6dYVu-WMsRya"
"uo.kollach@edu.tbz.ch"|"vdAJJ#-zb5$FI-2i$uV3"
"josee.peskett@edu.tbz.ch"|"3oJLnj-WjPc@F-c&d7K7"
"annotee.hasel@edu.tbz.ch"|"P8SD&%-uIP7R@-JDgghF"
"cinema.lee@edu.tbz.ch"|"l8vsDa-QiPx@E-rIFpTN"
"lai.vedeshkin@edu.tbz.ch"|"AORSNw-5&Exc7-LgC#cg"
"renee.brisbane@edu.tbz.ch"|"Mk7NaT-3fKkxu-Gm5oXH"
"ophelie.blincoe@edu.tbz.ch"|"IBR7mx-9K#fLO-DQnkRB"
"zhi.prazor@edu.tbz.ch"|"lH6Ipp-whWO&3-A7kH5O"
"annotee.maddicks@edu.tbz.ch"|"HlNfGz-PyP7P3-nanSLT"
"maelyss.codd@edu.tbz.ch"|"PI1wT#-sNlRk&-JHfLk%"
"celia.peplay@edu.tbz.ch"|"9%2aJQ-9ADxG%-BxkQI9"
"interessant.skone@edu.tbz.ch"|"IjN8eZ-7UJqEp-0LmF2%"
"audreanne.hebdon@edu.tbz.ch"|"t$il1T-lJfD2M-Xe5#6j"
"oceane.glen@edu.tbz.ch"|"q8oCgX-U%Y7iN-T%p3xE"
"daniele.vanyushkin@edu.tbz.ch"|"YIc7YH-sOD&nS-EWd#p6"
"daphnee.ayce@edu.tbz.ch"|"D3OicB-SZ8Pa2-bXPOxY"
"andrea.attride@edu.tbz.ch"|"Lyuhf4-QAmoSH-BOdtTT"
"penelope.bridgwood@edu.tbz.ch"|"wQcs%2-4@V@SD-VqNc0c"
"mailis.drewitt@edu.tbz.ch"|"gsrDUH-C6PQFR-g5qk4z"
"penelope.mollene@edu.tbz.ch"|"vTgZD7-BVww#W-2rpQyT"
"illustree.keely@edu.tbz.ch"|"2KU&$W-i$Qgrz-IGm%So"
"meng.brisseau@edu.tbz.ch"|"gE&D&l-kG&js8-@h2M9H"
"ruo.cleiment@edu.tbz.ch"|"Pd8xxt-cZmGWr-Ffmtj@"
"maite.krammer@edu.tbz.ch"|"uix1EW-DqPjES-Kvs@sK"
"genevieve.verry@edu.tbz.ch"|"Enz6aG-39kgrN-Or8rDw"
"lea.olochan@edu.tbz.ch"|"w1MhO9-jTzdkw-RBIcDH"
"naelle.brunnen@edu.tbz.ch"|"4%OPHO-hSUe0t-lF4OqC"
"goesta.bragginton@edu.tbz.ch"|"b%Q9rw-FLTLWE-Chw%sT"
"fei.danilyuk@edu.tbz.ch"|"cAA@GU-nSa9q7-qUc0WX"
"adelie.turbitt@edu.tbz.ch"|"T1UxV%-sEJ#yw-EDXXc5"
"marylene.nutman@edu.tbz.ch"|"gpH0&L-awZ@na-$#bt8f"
"therese.barbrick@edu.tbz.ch"|"jYbIIe-mZUoWK-r7VamP"
"melys.kolodziej@edu.tbz.ch"|"39LZaM-JjAh$7-jKnyoF"
"melanie.runchman@edu.tbz.ch"|"OZ5Auk-JX%jpe-@hT0RE"
"serena.lafond@edu.tbz.ch"|"29U&is-6AbIL1-ALQuE4"
"pelagie.desmond@edu.tbz.ch"|"FiHOuD-lRIn57-dk2LUL"
"wa.spickett@edu.tbz.ch"|"kErq1F-OiG@Gr-JUka5e"
"po.shave@edu.tbz.ch"|"2K&%bv-Za&7HR-skBSI2"
"song.huikerby@edu.tbz.ch"|"8Btv6W-JasMti-5i8TNY"
"melinda.bimson@edu.tbz.ch"|"#cVd$L-dF4nKk-xeS7rt"
"personnalisee.toffanelli@edu.tbz.ch"|"EB1U%p-NLZyZ8-vc1Q8q"
"leandre.hurn@edu.tbz.ch"|"mcvayA-V#eC9O-ZJrIV9"
"oesten.standell@edu.tbz.ch"|"ENnT&4-z8loMA-x7#7f2"
"naelle.smaleman@edu.tbz.ch"|"afcm9B-a6lIV#-tJLMIx"
"berenice.tayt@edu.tbz.ch"|"3XpRj0-YBZ4&Z-XZFzJR"
"kui.popplewell@edu.tbz.ch"|"jV5@CS-u#Tu&t-Vsd2M5"
"melodie.ferandez@edu.tbz.ch"|"C7CWWE-W@Hnma-@gjWf&"
"josee.negal@edu.tbz.ch"|"1L9riM-OMsfRS-sFhHi&"
"melissandre.ferrelli@edu.tbz.ch"|"5seQKI-JMhibz-Ryw02r"
"josephine.kemmer@edu.tbz.ch"|"aDB7vL-mqLPD6-TtUWXI"
"maely.cayette@edu.tbz.ch"|"48SYFy-@oY%Y#-OsX14S"
"nelie.vela@edu.tbz.ch"|"iwjgjp-iPLrem-CbeT&t"
"melina.cortes@edu.tbz.ch"|"fWexPp-YKnJuN-8MT&mc"
"megane.leyshon@edu.tbz.ch"|"qStjCq-7#aLhw-YRrJTe"
"regine.harrie@edu.tbz.ch"|"AEvoFf-t0fLlL-JwE3DK"
"mylene.widdison@edu.tbz.ch"|"iF6LeO-XtY0Fp-Vi8Sdm"
"pelagie.vivash@edu.tbz.ch"|"tii@@@-C4nJel-LOK5Oi"
"styrbjoern.vicarey@edu.tbz.ch"|"I2rzRU-7U5mci-Xp9SRJ"
"long.kyles@edu.tbz.ch"|"0UJTap-Fz4g@o-XPi&al"
"stephanie.gipps@edu.tbz.ch"|"usLsJb-zOeSbq-VcW15L"
"clea.constantine@edu.tbz.ch"|"zFWYs5-&ujPZ2-V6$8w%"
"maella.cometto@edu.tbz.ch"|"uwmexF-eeBcN@-NrTvt$"
"laila.aubrun@edu.tbz.ch"|"CvP4Ya-aUQ##@-XHkTco"
"yao.austins@edu.tbz.ch"|"wKZ39j-S74SiE-xCUxFr"
"mailys.rylstone@edu.tbz.ch"|"frtviP-i87f%k-Uf&bJP"
"adelie.curuclis@edu.tbz.ch"|"3%b2bB-QUc8Ei-GJVd2K"
"celine.longhurst@edu.tbz.ch"|"VN$Zco-l2YcDW-1QmvRc"
"gisele.hazell@edu.tbz.ch"|"Z6l2ta-2lekR9-X0aCbB"
"celestine.ciccone@edu.tbz.ch"|"oeXbBR-pHTs&6-i8MK#w"
"maelyss.doole@edu.tbz.ch"|"Ao5bTq-#b#0vs-$@4uUa"
"helene.grimsdike@edu.tbz.ch"|"sDGj2e-nbwHUg-WbpCs$"
"lie.macer@edu.tbz.ch"|"D@ThUJ-fsDZ46-z@6AC%"
"maely.izard@edu.tbz.ch"|"iCIvXT-8ZKIZF-lloH&%"
"erwei.breewood@edu.tbz.ch"|"h&Hzwm-5%c46y-%BSWqo"
"chloe.woolford@edu.tbz.ch"|"q4hUB%-dvbqjL-Vp3c4G"
"cleopatre.turpin@edu.tbz.ch"|"D@1YNf-jISDGb-dsEdNs"
"melodie.surgison@edu.tbz.ch"|"#6LFNB-DdV9zF-nFn7c4"
"elies.leander@edu.tbz.ch"|"z1iG0Y-aBHuhp-Wu8KBd"
"mediamass.reignould@edu.tbz.ch"|"tjioKG-8vcZwF-b%01Et"
"celestine.wasmuth@edu.tbz.ch"|"33k#Fe-zG8jX8-QIU2Gz"
"marten.jervis@edu.tbz.ch"|"6%Dx2x-4g0d16-4U79Mb"
"daphnee.bour@edu.tbz.ch"|"Yl&aLD-%DHS2y-2C$CUN"
"regine.harlett@edu.tbz.ch"|"cYkmqA-RPPkuY-V5vy8g"
"noemie.macaskie@edu.tbz.ch"|"4HOuXz-gJlVRB-e&WkbY"
"loic.renfield@edu.tbz.ch"|"LSw0%K-3oKt$I-I&d&r4"
"venus.kleinert@edu.tbz.ch"|"2Jrub4-6gWg1H-XSqtcX"
"marten.burlay@edu.tbz.ch"|"rzOjyW-0TSdVF-hIeqoF"
"berengere.radsdale@edu.tbz.ch"|"L1sov%-Zbf5uB-Ecz4Nc"
"genevieve.duckit@edu.tbz.ch"|"Br9c3Q-C$Va2R-pGB8R6"
"maely.ligerton@edu.tbz.ch"|"MtgV$r-6r@rnJ-FPZhh8"
"maeline.ricciardelli@edu.tbz.ch"|"LM7ovN-y03ifI-RRYnpa"
"personnalisee.yggo@edu.tbz.ch"|"$ndoIv-yL@vVO-hY9@fr"
"alizee.pettinger@edu.tbz.ch"|"Ar23Cn-Vwdp7B-nndXLa"
"desiree.curnnokk@edu.tbz.ch"|"z86bP0-Ew3%cX-86p&et"
"dorothee.minors@edu.tbz.ch"|"FlIFbT-ndQjA0-wBKQrY"
"oceanne.kopmann@edu.tbz.ch"|"7aEeBn-4Vd248-gPH0XA"
"almerinda.brodbin@edu.tbz.ch"|"@n0OhE-GswVsa-WTrweR"
"yenora.carsberg@edu.tbz.ch"|"v07qx6-UgxCFK-r5XHUp"
"wa.beetles@edu.tbz.ch"|"$EMG6w-l4amf&-UQ&6hH"
"audreanne.abbot@edu.tbz.ch"|"h4xV22-OLESeC-dCDnjM"
"noemie.capper@edu.tbz.ch"|"hZ1hkF-sTxAF1-UXepPE"
"mans.abramamov@edu.tbz.ch"|"KJAyz&-Xs8@FY-N@B%rC"
"audreanne.blakey@edu.tbz.ch"|"Ip@KfF-nZ6GUz-S3Nk@f"
"leone.klimpke@edu.tbz.ch"|"fvgnQY-q&0FZ9-PnlcqC"
"lie.croston@edu.tbz.ch"|"oTYRON-4VR#Mx-l35qR@"
"anaelle.baistow@edu.tbz.ch"|"RAMmYa-zEGPG6-SdNwrV"
"michele.garwood@edu.tbz.ch"|"ckf2y9-8Fg#B0-2UhE%2"
"interessant.albion@edu.tbz.ch"|"w2GKMx-#%1VEP-rvgM0A"
"andre.brisco@edu.tbz.ch"|"aG$jBb-12o41L-lBvLe4"
"tang.totterdill@edu.tbz.ch"|"yx1Sy3-XMJqtr-Lsu1$n"
"marie-josee.braundt@edu.tbz.ch"|"yWwjwm-1qGVBV-1GRcxw"
"lois.galer@edu.tbz.ch"|"h5GHcg-JJ1Cf#-LMkxp1"
"faites.pellamonuten@edu.tbz.ch"|"GnV8Tf-DFCr08-@vt7N8"
"mai.barfford@edu.tbz.ch"|"gYfS37-IeMUmm-kuAIs5"
"laurene.macilory@edu.tbz.ch"|"38ATyx-62U%ib-%9F0ew"
"elea.peak@edu.tbz.ch"|"ptYxqR-NFDZe6-PXl8Ao"
"rejane.doni@edu.tbz.ch"|"Uijb6Y-UFRChI-F2z9hB"
"mahelie.ector@edu.tbz.ch"|"$0qNpD-26@%y$-9ABP09"
"rachele.allum@edu.tbz.ch"|"C8CA@Y-PdeD0F-%n00U9"
"laila.gerretsen@edu.tbz.ch"|"DCv345-jALW&@-jTm2uW"
"ines.bowman@edu.tbz.ch"|"gAQlY4-TatK59-Cj5qLp"
"publicite.barbary@edu.tbz.ch"|"oeZx7A-oI9DkR-Q5OIIZ"
"mailys.smooth@edu.tbz.ch"|"rdDE4B-XgM#FC-Zz@Hsx"
"mailis.huguenet@edu.tbz.ch"|"%WjQW0-lNI0ip-0P#1gx"
"lea.ewer@edu.tbz.ch"|"gZFrbb-iU2gxe-4AYr9J"
