"email"|"password"
"melodie.vandervlies@edu.tbz.ch"|"@m3QB4-#NVP71-1obMBN"
"angele.edgecumbe@edu.tbz.ch"|"V5s1dT-WrmmQW-nsU9MQ"
"zhi.andreasson@edu.tbz.ch"|"dMr0Bl-UuxJGV-EB1H6g"
"judicael.koppeck@edu.tbz.ch"|"ljoQPF-WNmr8Y-EMahl@"
"berengere.capron@edu.tbz.ch"|"N6eNu6-GFRPOQ-7DRR9S"
"leonie.brosini@edu.tbz.ch"|"nztRC3-amcEgY-fgxK6p"
"venus.garfit@edu.tbz.ch"|"M8VtZX-abfYB4-Se5pDK"
"melina.janota@edu.tbz.ch"|"Fz@B3q-HzmruL-Sf3DBt"
"laurene.bake@edu.tbz.ch"|"xcR$jW-P50VRu-u@bJC#"
"regine.dorkins@edu.tbz.ch"|"7i@RMY-P3MtJ&-v%ZsOs"
"cecile.moffet@edu.tbz.ch"|"0WUa&i-i3FaQh-zJxNI9"
"maelann.labrone@edu.tbz.ch"|"7lO%WX-9D#O97-LSoi96"
"melinda.newbold@edu.tbz.ch"|"uadsp#-32cMNN-#8YKlJ"
"mans.itzhak@edu.tbz.ch"|"i2INiD-VUWPC5-NqQUU@"
"melodie.pattlel@edu.tbz.ch"|"tkY%Xe-$TP7t3-zL07pX"
"celine.bonett@edu.tbz.ch"|"ot8u7q-HJ7yOr-Z0xIwX"
"adelie.mcgreal@edu.tbz.ch"|"&#1FRD-FhLIWQ-UpZlEf"
"helene.soldan@edu.tbz.ch"|"v2y4Xp-SMZTo3-#spXga"
"michele.cluer@edu.tbz.ch"|"gmpcKf-&6zH4q-G@t8nN"
"maeline.mueller@edu.tbz.ch"|"T8vK@7-MSlXI3-gc2sKh"
"maelann.benedito@edu.tbz.ch"|"jLIkZT-L#EU#b-W8u34@"
"nuo.gransden@edu.tbz.ch"|"LxKrra-xOdvVK-DwlFVj"
"berengere.stainton@edu.tbz.ch"|"Kxfq@S-qkiXdB-d$2vOA"
"wa.sabater@edu.tbz.ch"|"AQuY2e-7AJNsj-&qpBiD"
"anais.cochran@edu.tbz.ch"|"EL9lHH-S%6jlm-%DI%$G"
"gerald.bessant@edu.tbz.ch"|"Q%thbe-eblPDG-YhmK56"
"ruo.coffin@edu.tbz.ch"|"D0DZUu-Rs14vP-EIcHn@"
"melodie.mustill@edu.tbz.ch"|"KSN1J7-LIfc3t-7woeG1"
"ruo.stanesby@edu.tbz.ch"|"deUB$I-J5sJB$-PapfzC"
"noemie.antognelli@edu.tbz.ch"|"VVNTLE-hdbS#X-ttadWv"
"maelann.hughson@edu.tbz.ch"|"$52iri-XnttZ%-&BjAH$"
"milena.mieville@edu.tbz.ch"|"#G4Lb3-XmUdES-UPEHhy"
"mailys.chamberlin@edu.tbz.ch"|"lc02d$-w1A8eI-JW@CwE"
"nadege.tomalin@edu.tbz.ch"|"8tcOC0-PJAk1o-fP6ZWv"
"oceane.omara@edu.tbz.ch"|"pCiaH9-MrHbLl-0kG6Fp"
"cecile.aguirrezabala@edu.tbz.ch"|"MfxM84-rGYWFl-5xrBKO"
"maella.gwillim@edu.tbz.ch"|"sMZuQK-zodDR2-svRSBf"
"lea.mcgahey@edu.tbz.ch"|"FyWhAK-DU6Nmt-9jft4f"
"laurene.hagerty@edu.tbz.ch"|"LTCgPY-h#KmYa-TGCdT9"
"dorothee.link@edu.tbz.ch"|"IYsG$q-Kh2aUq-NWRrjp"
"clementine.kynsey@edu.tbz.ch"|"j1PGWM-$&yLvN-Vcw32H"
"lorene.smitherman@edu.tbz.ch"|"ycTgiH-k0sP7d-ypXm2T"
"cleopatre.klulicek@edu.tbz.ch"|"iL#Qw$-ON33Ie-8LVHfA"
"laurene.castaneda@edu.tbz.ch"|"OAmHy#-VRk1Xe-O1Z&@q"
"melia.constant@edu.tbz.ch"|"DPYtdL-2C9EwF-oikekf"
"lucrece.clunie@edu.tbz.ch"|"0KMqdc-N7TO9&-hYHIaw"
"eleonore.mcmurthy@edu.tbz.ch"|"U7Rd2Y-FLzMrJ-iOK00v"
"melia.bevar@edu.tbz.ch"|"5VCXWv-&MG57v-M#pCK6"
"camelia.bontine@edu.tbz.ch"|"i@UY&x-1C3@Nm-6yV0oL"
"methode.jozefczak@edu.tbz.ch"|"qfK8u9-#Ff9dy-qCiLDb"
"audreanne.hinsche@edu.tbz.ch"|"b4pVHv-iBhhj3-WLCJOd"
"andree.varne@edu.tbz.ch"|"qzLit$-x0PpS3-rFl1gE"
"marten.kinleyside@edu.tbz.ch"|"6G6DKh-18jGLG-xtE4jU"
"esteve.mcewan@edu.tbz.ch"|"O4TM81-Eb03Zv-DYARZO"
"leane.dibbert@edu.tbz.ch"|"C7S0En-f0R&jm-S&DAX2"
"ma.thewlis@edu.tbz.ch"|"3G7m$p-F9FQs%-gnsvUO"
"clea.djurkovic@edu.tbz.ch"|"L8dAWT-W9mWfi-ST@lZo"
"rachele.reburn@edu.tbz.ch"|"cklR7P-OWhaJL-@F%UvS"
"gerald.gowling@edu.tbz.ch"|"Tcaiqj-ESSZaq-puKWNe"
"cleopatre.jackson@edu.tbz.ch"|"ogZADP-hOALs4-GN1m0d"
"desiree.haskins@edu.tbz.ch"|"UijdA8-9&YcA0-1QEbWq"
"eleonore.longson@edu.tbz.ch"|"QiDF%1-9IQ4Oc-umibB9"
"leane.dybell@edu.tbz.ch"|"aV%LEI-$AUDkO-YRm3Lk"
"becassine.grzesiak@edu.tbz.ch"|"F4gthL-BnSS30-am9lol"
"marie-josee.pickin@edu.tbz.ch"|"1r&B&B-4lANfu-%T3k8Z"
"marie-josee.roxby@edu.tbz.ch"|"ceoL3J-&EOM@u-560bEr"
"leonie.feenan@edu.tbz.ch"|"XCcjOI-TUktVv-03TPiU"
"valerie.ellum@edu.tbz.ch"|"klundg-T4Lg8A-zOObZQ"
"ju.caseri@edu.tbz.ch"|"Kp4yr@-eNNEpa-xBnNav"
"boerje.strangman@edu.tbz.ch"|"4cz37l-lxCDkz-5vLeme"
"beatrice.ghidelli@edu.tbz.ch"|"$SkC@S-ArWZLl-VMdz7K"
"da.jablonski@edu.tbz.ch"|"SWDOGL-Bn1Bs$-KBGhTW"
"uo.beveridge@edu.tbz.ch"|"Tba0&i-%CkH4N-pGzqj&"
"valerie.bestman@edu.tbz.ch"|"lwdh$v-3g7@jJ-1xIFic"
"marlene.pohls@edu.tbz.ch"|"RdN3G3-lH@bto-tZpOnM"
"ma.nolda@edu.tbz.ch"|"d9RSvK-d8H2Q&-CSI1Ph"
"marlene.bisiker@edu.tbz.ch"|"1xlsTZ-h3moBK-EEcdEk"
"estee.babon@edu.tbz.ch"|"QMsqzo-gCEzBY-JVQMBG"
"simplifies.dmisek@edu.tbz.ch"|"$wPPvG-SVBlEs-EyXDr@"
"selene.ganing@edu.tbz.ch"|"#9n4lz-B&WiLx-9Sx59b"
"meryl.penke@edu.tbz.ch"|"2NDjFQ-iSB3$v-oqy6fS"
"anais.rawcliff@edu.tbz.ch"|"H&Lk67-UFuy5Z-#htgL6"
"melina.andri@edu.tbz.ch"|"OnSwgB-@&tZ@R-g&l9sO"
"audreanne.fodden@edu.tbz.ch"|"VK&o$M-0KEiDn-CXfr3%"
"bjoern.spellesy@edu.tbz.ch"|"yqMnO8-##K8sT-giw8Fi"
"francoise.summerscales@edu.tbz.ch"|"U6&bmN-qt2x&n-TFlzJE"
"laurene.ashtonhurst@edu.tbz.ch"|"kc9&5g-ZV%Qwv-MKoe$y"
"valerie.petters@edu.tbz.ch"|"oy5cNs-0fa$4M-YdfL9i"
"anael.spenclay@edu.tbz.ch"|"d99CPa-WZNEGK-D$FwBK"
"stephanie.keech@edu.tbz.ch"|"Syrp6d-uD1$G5-#shsy6"
"ines.deveril@edu.tbz.ch"|"@q@Jxz-f0TwpT-RNCIEl"
"berenice.gelder@edu.tbz.ch"|"MzOqXD-LG6t8s-98PQ5j"
"melanie.ofogerty@edu.tbz.ch"|"hG68M2-b@w@XT-eFnI6M"
"frederique.canepe@edu.tbz.ch"|"QO3eoj-oN%%Xx-PgkXtF"
"nuo.otton@edu.tbz.ch"|"pw7Chv-3GDom2-irwhSj"
"genevieve.trusler@edu.tbz.ch"|"$rwaWo-uyVYR#-ia1eVR"
"ju.boag@edu.tbz.ch"|"lgf4AW-6tmiR9-L$aX56"
"josephine.dilucia@edu.tbz.ch"|"W3M4&q-V09xUW-au%qIT"
"laurene.armsden@edu.tbz.ch"|"qI9B#J-Q%qf77-CQR%jZ"
"becassine.griffe@edu.tbz.ch"|"LIfLzI-#SytDV-rUoinH"
"alois.parres@edu.tbz.ch"|"v%9q7S-8x@0Pc-hrZaqI"
"cleopatre.gaffey@edu.tbz.ch"|"%XLrg%-5W3uny-pe$NIU"
"andre.stiger@edu.tbz.ch"|"FgU$6J-QXCArN-#V@Vs&"
"beatrice.godleman@edu.tbz.ch"|"FevwUx-@jC7Da-n&Vb&i"
"hakan.harrhy@edu.tbz.ch"|"yU6Rxb-#LnPtb-DyK3cB"
"celestine.dagnan@edu.tbz.ch"|"XCA$&V-qhN%dg-&3y%H2"
"clemence.haggart@edu.tbz.ch"|"K2cEjA-JUvPvE-S#TO5E"
"long.caban@edu.tbz.ch"|"t657CD-C3pOvg-yNI0UU"
"gaetane.grimble@edu.tbz.ch"|"jcpRGG-Px4w3$-Lz1N0N"
"maelann.piwall@edu.tbz.ch"|"rhlKqJ-Bf6#8m-sszmOR"
"magdalene.loble@edu.tbz.ch"|"0fzv4T-uRQ7UO-Ygut#A"
"veronique.domaschke@edu.tbz.ch"|"kCRraa-CT21lD-zRaV6y"
"clea.herity@edu.tbz.ch"|"HPVONo-47Bx8x-IosWYS"
"maelann.bambrough@edu.tbz.ch"|"tRuSPf-Td#M0&-GPftG$"
"clea.goulstone@edu.tbz.ch"|"U8ZmTs-O18VTf-YNmCat"
"renee.deleek@edu.tbz.ch"|"c4Y8nl-#p2y2r-UXSIOk"
"boerje.rudderham@edu.tbz.ch"|"eQpztY-#F93lV-Tri2#v"
"marylene.broune@edu.tbz.ch"|"8NtavV-#t0Kfy-CLmclI"
"nadege.mccuish@edu.tbz.ch"|"nJNSHs-HcX145-27gCX7"
"anael.littleover@edu.tbz.ch"|"EC#TXD-T5#W6Q-U8soc5"
"lie.baume@edu.tbz.ch"|"D#YlnG-uD5H1l-nVc7Eu"
"maella.murrow@edu.tbz.ch"|"#5Zt6H-scgBFV-WWfwUw"
"cleopatre.pettifor@edu.tbz.ch"|"pOQAnk-6LPklF-Yh7EwG"
"geraldine.asker@edu.tbz.ch"|"F42uBr-sMKxnU-R9qX#4"
"gaetane.smedmore@edu.tbz.ch"|"6kHjhi-ry%O#R-wSho&m"
"meryl.blencoe@edu.tbz.ch"|"WK4r04-%u2d%S-Ggdc%V"
"aurelie.chastaing@edu.tbz.ch"|"EktUER-enx#Tg-VJfbh7"
"oceanne.marthen@edu.tbz.ch"|"OYOz8i-f%@fdo-Qubub4"
"dorothee.burrill@edu.tbz.ch"|"xBue2O-ywihvO-@$PoK%"
"hakan.belden@edu.tbz.ch"|"WBRe2H-qoUe0p-n0pSpI"
"celine.brunning@edu.tbz.ch"|"FL0Zb1-tBQVe6-I9%r&P"
"anael.lapides@edu.tbz.ch"|"Bq4xPZ-8A1Z9S-CJnZJj"
"ruo.saffran@edu.tbz.ch"|"Sw97jy-5Zp4C$-kPMOzP"
"loic.gerretsen@edu.tbz.ch"|"eFlk%W-UJQoP2-CbYb@&"
"rui.fitzer@edu.tbz.ch"|"W5nvvC-m04517-whC7rI"
"annotee.ogers@edu.tbz.ch"|"A2bjno-YTjtD4-@zwC17"
"boerje.bindin@edu.tbz.ch"|"##SEB#-Tb@mtD-b1zRel"
"ma.cronchey@edu.tbz.ch"|"&@Y%gY-rywNYO-hBoE&T"
"laurelie.baiyle@edu.tbz.ch"|"%qRQRu-j99Qif-ZIt9IZ"
"dorothee.older@edu.tbz.ch"|"uo0irN-qSXvv6-DZ$uSZ"
"laurena.wile@edu.tbz.ch"|"N$MkKj-l%ZrnM-A2g93m"
"clemence.brito@edu.tbz.ch"|"DCdqZ@-7M$F%5-m8ItLL"
"nadege.dallin@edu.tbz.ch"|"2eVDUD-KJwCRn-V4b%9v"
"mailis.matley@edu.tbz.ch"|"glGlnR-m&kpiL-zV49pV"
"daniele.screaton@edu.tbz.ch"|"hIreGt-uk0w3I-w0Sdk9"
"mediamass.godly@edu.tbz.ch"|"uXfr29-6FSw8e-k%05M7"
"leone.kremer@edu.tbz.ch"|"TObaBZ-GLnByz-yAWhUi"
"asa.adrian@edu.tbz.ch"|"D54MCw-KlR3nX-Y2sv@Z"
"adele.doley@edu.tbz.ch"|"#fok27-yIA&oi-cUvRHn"
"fei.sidney@edu.tbz.ch"|"1EVTln-h5853K-%InNDc"
"marie-josee.walisiak@edu.tbz.ch"|"ahc88P-tmt76x-745w6R"
"desiree.diplock@edu.tbz.ch"|"mS7@RG-UMe9eO-ngF2@g"
"gisele.schust@edu.tbz.ch"|"QwjXSq-j9JuKY-h0wjsC"
"ma.longshaw@edu.tbz.ch"|"oCv@KM-SqbdsE-2vHr1y"
"da.boother@edu.tbz.ch"|"cGlVSZ-hLe@2B-9f$2YX"
"simplifies.chaudhry@edu.tbz.ch"|"V@1veA-E8305t-FyyvIa"
"garcon.baniard@edu.tbz.ch"|"LwTJg$-t#VhO$-NbKOO8"
"gaetane.elphee@edu.tbz.ch"|"N$HAqz-jYNY75-d6Q#69"
"gisele.hassey@edu.tbz.ch"|"Qt@rI%-BsaiRT-8LbJUw"
"oceanne.booley@edu.tbz.ch"|"S540dj-R$N%U3-E7ZJv4"
"oerjan.dibden@edu.tbz.ch"|"7YUwk2-p2x88m-LGdoBb"
"regine.ocleary@edu.tbz.ch"|"Xv&Nj1-DeD%Hk-pkYkF5"
"selene.persse@edu.tbz.ch"|"8YVrSM-dZITs4-br95t8"
"helena.adenot@edu.tbz.ch"|"9pzhLZ-i%Go@&-cqZK4E"
"maelann.wassung@edu.tbz.ch"|"F3HxbE-q0X6yW-3fWc7n"
"frederique.ackermann@edu.tbz.ch"|"CNh4Ol-MmXGFX-Spksex"
"audreanne.kahen@edu.tbz.ch"|"8KXE$b-dlDuNy-9BQwZG"
"maiwenn.lasty@edu.tbz.ch"|"pAxmx1-sY2MsD-tKeRsN"
"yu.dictus@edu.tbz.ch"|"EJWwqO-3vV0N&-4kNUM%"
"anae.dukes@edu.tbz.ch"|"y%nMh0-qUoNkX-R3SItZ"
"yenora.warr@edu.tbz.ch"|"Y$op7F-fpzOa9-YmvLSa"
"esbjoern.archibold@edu.tbz.ch"|"GaUtsK-FFHtbH-pQoJqI"
"milena.pardal@edu.tbz.ch"|"73z453-$5Bx2T-IY#Vnn"
"celestine.graveston@edu.tbz.ch"|"#ASDL3-qbkE@M-Nn%rwV"
"maena.dallas@edu.tbz.ch"|"1jCF%Z-vLGX5z-qNNsU2"
"andree.tuke@edu.tbz.ch"|"m%0K1y-02QzUQ-wMLeEE"
"methode.seldner@edu.tbz.ch"|"wxwRuc-&B#J$L-vRDkZv"
"venus.bullas@edu.tbz.ch"|"up5RPg-ODE7au-L3m@1P"
"mans.aguirrezabal@edu.tbz.ch"|"bawfUY-bTY8&K-sVlGGn"
"gaelle.eadington@edu.tbz.ch"|"TkVv2T-o94ojf-so8tSQ"
"anaelle.falkner@edu.tbz.ch"|"BDCHlC-t2$TS#-gKtlfs"
"ophelie.height@edu.tbz.ch"|"v9nFZt-ha0qVr-TY3AfI"
"marten.bolding@edu.tbz.ch"|"IgVi7J-HiUEmj-bllLUS"
"pelagie.guswell@edu.tbz.ch"|"E2tn&Z-XCdAO7-tlQcoY"
"gwenaelle.lecount@edu.tbz.ch"|"o81my5-w4Rbkh-JAPcpS"
"hakan.laden@edu.tbz.ch"|"HqEENe-V@P@La-hKb7U%"
"marie-josee.hylands@edu.tbz.ch"|"%JygJn-SuvXR%-plm5dx"
"zoe.kingshott@edu.tbz.ch"|"@VS%6T-H7w46y-lj0XpZ"
"josee.janous@edu.tbz.ch"|"uqJN8e-ISSAqd-RfSW6D"
"laurene.gallally@edu.tbz.ch"|"F8cO4J-DZpB1F-chehVd"
"anael.bickle@edu.tbz.ch"|"H4EFd$-0&7B@k-Im$U2t"
"mediamass.lebbern@edu.tbz.ch"|"Wf3YVC-WDl&Bw-7mxHnZ"
"berengere.hovy@edu.tbz.ch"|"ZpaPYL-aUqGPA-Opm36G"
"oerjan.kilmurray@edu.tbz.ch"|"JGEQF7-VXAPN1-ljk8vy"
"asloeg.venny@edu.tbz.ch"|"ITBEGj-Nmw$vS-HBlEnL"
"marie-noel.stoad@edu.tbz.ch"|"6B7mxA-j$WXwv-NKGO2C"
"hakan.pettifor@edu.tbz.ch"|"RCCkjg-H4TCjd-R&c9f3"
"maella.willgrass@edu.tbz.ch"|"dQf45A-#y49FK-hcMlhf"
"therese.ludovici@edu.tbz.ch"|"BxuKil-ecu@e6-D9P#7%"
"stephanie.trewhitt@edu.tbz.ch"|"pKzIAX-yU2KTL-%JZROb"
"maerta.bauduccio@edu.tbz.ch"|"tTiCoc-#mcrIY-GW3&d#"
"gaetane.glaisner@edu.tbz.ch"|"KNudCm-L8xzYo-l7G#iD"
"naeva.pargeter@edu.tbz.ch"|"vvatcM-KsAmIe-HpA0gx"
"salome.venable@edu.tbz.ch"|"tkhkDA-rFS$72-bQgP6l"
"boerje.thickett@edu.tbz.ch"|"oyQ6Uf-EyquYB-nbru%r"
"lucrece.prendergrass@edu.tbz.ch"|"fH4n55-gVH5rZ-JKXS7f"
"laurene.ockleshaw@edu.tbz.ch"|"NTnXX3-nwlxX4-JR#Ysy"
"cecilia.pasticznyk@edu.tbz.ch"|"O47Dqt-w$nn%S-7b2cB2"
"stevina.mackey@edu.tbz.ch"|"FQwJ71-uxXI$d-QUc7eK"
"marie-noel.reven@edu.tbz.ch"|"$JBOsU-QDK$$g-JkT$pa"
"melina.quilkin@edu.tbz.ch"|"j1lXSx-3QeZOy-Dpb9%o"
"marie-noel.ferrie@edu.tbz.ch"|"kw6u8a-zK#ZFc-if3d3M"
"leone.alphege@edu.tbz.ch"|"Xr0ER&-5qqEW9-IQXpf%"
"zoe.leverson@edu.tbz.ch"|"eqQZk6-E#BxYn-znUz48"
"annotes.grayne@edu.tbz.ch"|"Mjcecr-t&y8Od-x6QqxN"
"faites.lalley@edu.tbz.ch"|"xrngpR-MzXf&c-Z9LeXQ"
"adele.wallis@edu.tbz.ch"|"CmBx3%-94@&3R-IKZVUT"
"severine.madill@edu.tbz.ch"|"mLX7jZ-LBfky6-ZLitis"
"valerie.tebb@edu.tbz.ch"|"rzsCGK-sKUN0I-MJQWzH"
"kalliste.rasper@edu.tbz.ch"|"AY@36p-s201qA-&Vtm1N"
"audreanne.palomba@edu.tbz.ch"|"0cWJXZ-&TyDt0-bw%a0S"
"elea.adamik@edu.tbz.ch"|"t0ucTL-BGguS5-2sTrW$"
"reserves.jakuszewski@edu.tbz.ch"|"61@WCW-y&@d0P-BoyDjo"
"athena.belhomme@edu.tbz.ch"|"a&kiBY-wO3GR4-KgpPtC"
"rebecca.crippin@edu.tbz.ch"|"S6G&Ip-EP3x1#-byCpi6"
"maiwenn.curman@edu.tbz.ch"|"1YorwM-2Wb7Hi-YmqVd5"
"andree.bunner@edu.tbz.ch"|"yQYU3o-kyiL2T-andTMp"
"ruo.winckles@edu.tbz.ch"|"MNG5yX-45lXl7-d0Q8CQ"
"naeva.buntine@edu.tbz.ch"|"cfAiZD-awAB$$-ED2vzR"
"boerje.dollard@edu.tbz.ch"|"SMkPc%-tiCemZ-rgOh1B"
"penelope.gorman@edu.tbz.ch"|"YQO$Dg-gig0IA-FpgHiu"
"alois.robelin@edu.tbz.ch"|"gp8Lw8-Dj&98l-5BGhFU"
"anaelle.tindle@edu.tbz.ch"|"Xq8yiJ-95S$Ty-UZSM5W"
"ye.frears@edu.tbz.ch"|"5QmNnS-YWNf1&-zsrVq%"
"andree.ovid@edu.tbz.ch"|"OiZq59-Bjc@GZ-fTZWFU"
"hakan.peat@edu.tbz.ch"|"Wcf&nz-9d@WKj-o3Y#pr"
"andre.januszewski@edu.tbz.ch"|"D0GDyh-31C1wN-zuJIPK"
"annotes.clemmett@edu.tbz.ch"|"5MjE7M-NUFBBU-kTWQV0"
"pal.lambswood@edu.tbz.ch"|"BrntH0-3NLALn-Ca14tG"
"yao.lenton@edu.tbz.ch"|"5vtUxh-VOOsaJ-nBciA$"
"hakan.boyton@edu.tbz.ch"|"1hs8SX-4Kma8k-PisP@t"
"nelie.forsey@edu.tbz.ch"|"DJ2Xxn-2eafo5-N0RQQ1"
"hakan.horche@edu.tbz.ch"|"%K5uMk-Zh09C6-mzM5bw"
"lorene.sinkings@edu.tbz.ch"|"qHBBK4-o5xzR$-EhQJQb"
"marie-therese.creddon@edu.tbz.ch"|"DiISKJ-NeNZKj-q3DMyP"
"berenice.tolworthy@edu.tbz.ch"|"hbE4#P-7jvErA-pqjTwc"
"theresa.land@edu.tbz.ch"|"GwQJM&-xaUnwV-BIyGam"
"marie-therese.gianilli@edu.tbz.ch"|"eq6m0c-wrGg1Z-eTvFeR"
"meryl.glew@edu.tbz.ch"|"H@3&1m-YRsmhE-a4wmrU"
"adele.debling@edu.tbz.ch"|"QgU1o@-o3Tq9t-gdCSgZ"
"anae.metzke@edu.tbz.ch"|"zkh8kd-8vVbft-u#vNK&"
"gaetane.gooden@edu.tbz.ch"|"Bov3g0-KUagaj-jQungC"
"laila.bootland@edu.tbz.ch"|"Q8GR$t-jBP4NU-CFLgp6"
"maite.helsdon@edu.tbz.ch"|"ClUk%D-lYxqZ3-Jzc$&q"
"andree.malley@edu.tbz.ch"|"gT3hPH-u$AF95-a5Q0Vs"
"pal.simmens@edu.tbz.ch"|"TyfchW-h1v5y%-RHwZ@y"
"maelys.nuccitelli@edu.tbz.ch"|"PrW0kT-tFWncl-kYMEAD"
"dafnee.sibary@edu.tbz.ch"|"yaeTjl-#R#tqV-VR$UWw"
"alois.harsnep@edu.tbz.ch"|"xvruHA-8tZsyq-bYzLtE"
"marie-helene.lacky@edu.tbz.ch"|"mM4bOR-gBZwQQ-aK$Pls"
"mylene.youthed@edu.tbz.ch"|"liGxRP-uv3MkC-NqKNqO"
"marie-helene.dehmel@edu.tbz.ch"|"cD1wgq-wDZZVA-&8SNb0"
"angele.batman@edu.tbz.ch"|"TB7XT7-9wIf9Q-e7dcz$"
"melia.younghusband@edu.tbz.ch"|"2XE$DD-MS#Z0z-cSJ7tl"
"eloise.baldi@edu.tbz.ch"|"D$j8Pb-bXYCJY-EGcZnP"
"illustree.dun@edu.tbz.ch"|"F#&TWz-#HlRXh-LNSFMd"
"genevieve.late@edu.tbz.ch"|"zEsk&6-gyVuGi-Am24b4"
"celestine.colville@edu.tbz.ch"|"wSrAt%-m3fQ@i-Mx%EL%"
"gwenaelle.scarlon@edu.tbz.ch"|"rxo6Bf-vS@Ve0-Klurlu"
"regine.boddie@edu.tbz.ch"|"DjPvzh-Ss8Atp-9WZhfs"
"creez.gaughan@edu.tbz.ch"|"0V8T04-g9yE@t-EwaN%i"
"gaia.longford@edu.tbz.ch"|"iJYKjb-#K33&2-2nn9BP"
"mailis.buckby@edu.tbz.ch"|"H2WpJP-8hfxRX-ZRhckQ"
"song.parbrook@edu.tbz.ch"|"3kOWN0-wwmcYs-U0otg@"
"frederique.heddan@edu.tbz.ch"|"BWNmax-JemHiT-MVxGJ2"
"ake.kirtlan@edu.tbz.ch"|"ON6mjk-#NntHZ-H6wA7P"
"nelie.runciman@edu.tbz.ch"|"Xx7ogg-y@i22g-wLkR%y"
"mailis.cardnell@edu.tbz.ch"|"O9Ylhl-6j9uU#-4ztqGx"
"irene.navarro@edu.tbz.ch"|"akWJYG-RQQbNT-vyhw%2"
"maite.cough@edu.tbz.ch"|"@aCN0E-ApAgLV-1PH6RA"
"anaelle.stocky@edu.tbz.ch"|"T#JIDY-g$BmEw-Z9Ssnj"
"methode.moulder@edu.tbz.ch"|"sggxxZ-&iNtME-KD8#N3"
"po.stafford@edu.tbz.ch"|"sT5AqE-nGSopW-ZTsEVn"
"faites.scraggs@edu.tbz.ch"|"PWm99A-QTMzvu-ObBAPF"
"adelaide.dullard@edu.tbz.ch"|"9XDSJl-FUH&vH-mnh2DH"
"desiree.leonard@edu.tbz.ch"|"Gn@P%U-ugo3j8-mhl0Yd"
"geraldine.badgers@edu.tbz.ch"|"%rdk1c-IGvkv#-EK&wwb"
"ruo.masic@edu.tbz.ch"|"9W1lGk-6%HuPZ-DqNP2f"
"aurelie.lieber@edu.tbz.ch"|"Sh2q15-MewOKa-l2Qc#v"
"naelle.balcock@edu.tbz.ch"|"crZQvb-$XUGc0-oyump3"
"camelia.elger@edu.tbz.ch"|"P5YaMf-YvHpcB-gneqYJ"
"publicite.oakeshott@edu.tbz.ch"|"lPiO2o-XSpefb-Rp8hg2"
"cleopatre.fawley@edu.tbz.ch"|"I4wchP-Rrs&KE-%q6Vga"
"laurene.bruckmann@edu.tbz.ch"|"H0DIvb-&bDeZm-QPBO#t"
"rui.haughton@edu.tbz.ch"|"1Gzksw-NJjuw7-5L7IGn"
"asa.ladewig@edu.tbz.ch"|"yRxV0p-6n1YlK-eY##B&"
"gisele.janecek@edu.tbz.ch"|"ZbK2Y7-QXwKiZ-S%Cne9"
"maily.loveridge@edu.tbz.ch"|"dyu42q-D#MAlz-&Eu1be"
"marie-eve.yurkiewicz@edu.tbz.ch"|"wTtJPN-Y5XFCr-sq9BXg"
"fei.roder@edu.tbz.ch"|"AbOBAP-v0DN@0-Gh@uCw"
"edmee.chatburn@edu.tbz.ch"|"mxZ80R-fX5SKe-nJ&CiR"
"geraldine.darke@edu.tbz.ch"|"j$AUFY-BWvZHk-S8ELxh"
"ye.jira@edu.tbz.ch"|"It&1YD-MQWo7@-fvlQWp"
"publicite.persent@edu.tbz.ch"|"I32s1Y-q9Cjzu-%qzdPH"
"severine.wilcox@edu.tbz.ch"|"SIO0TF-258OCR-OIfK20"
"yao.mcclaren@edu.tbz.ch"|"sFwIse-&0pisw-EZWE&8"
"theresa.foynes@edu.tbz.ch"|"S@Bz9i-A2JG7r-CLvOXo"
"stephanie.isley@edu.tbz.ch"|"z52M&I-03cRqX-AQPQ1m"
"torbjoern.growy@edu.tbz.ch"|"jHw8te-O&X9AI-fW8BR@"
"eloise.tunnadine@edu.tbz.ch"|"gtPJ7P-eFk309-rb92Hc"
"maeline.cossentine@edu.tbz.ch"|"EJRVqM-u4Cq#U-I740$@"
"nelie.desantos@edu.tbz.ch"|"BIroHj-3aAHij-DROItP"
"gaetane.axston@edu.tbz.ch"|"c$SKac-krdV32-%Gk6h@"
"aimee.merman@edu.tbz.ch"|"XMi#80-UeHIY7-VwKKOT"
"oerjan.drivers@edu.tbz.ch"|"bC87X9-Y@YKNJ-&SU4$K"
"aimee.miroy@edu.tbz.ch"|"483zsD-EhIr4G-AUKW45"
"nelie.glyde@edu.tbz.ch"|"BQE&jM-8UA9I2-VaGeDL"
"hakan.kapelhof@edu.tbz.ch"|"A5ck$P-OhZsO9-BPXWPW"
"maelyss.cauley@edu.tbz.ch"|"c5Pmsg-IzUGkl-Xx@c32"
"elea.vaggs@edu.tbz.ch"|"Z2DmyH-83dYkO-lAojx$"
"maelys.but@edu.tbz.ch"|"&gbSS6-sQriw8-mPwGBW"
"maella.arthurs@edu.tbz.ch"|"CQ5GX2-X5WCoH-G@Yktt"
"adele.liebrecht@edu.tbz.ch"|"Wm@87v-sHjghn-DFjIaD"
"meline.lomasny@edu.tbz.ch"|"ak#wES-pROrCi-&lMz$x"
"mediamass.schwant@edu.tbz.ch"|"pAfX%u-BBK0ev-tk6JXA"
"leone.saunt@edu.tbz.ch"|"72$cJK-jkiKAN-xlRU41"
"annotes.gouch@edu.tbz.ch"|"f3TlH5-Iosv95-ZwIOFU"
"gaetane.bowich@edu.tbz.ch"|"MJbLuS-SKFxIa-uy&WV6"
"alizee.strelitzki@edu.tbz.ch"|"hhNrA7-pFZYm8-nzcZ2Y"
"leone.poile@edu.tbz.ch"|"FWpmJI-AY$XkG-F6IWVw"
"amelie.saban@edu.tbz.ch"|"&X@1bJ-e7xydN-lmkkKu"
"marten.mcmenamin@edu.tbz.ch"|"E6itbU-xNhrzf-w9nfcW"
"becassine.keets@edu.tbz.ch"|"2#ScCV-2GpG1U-awia3&"
"celine.million@edu.tbz.ch"|"Tgn02U-DTy%Hs-ZckcmF"
"geraldine.belitz@edu.tbz.ch"|"ngG7FR-MOivgv-keI8aG"
"salome.mardling@edu.tbz.ch"|"oaZrV$-sz7PMH-QijBFu"
"melia.blakemore@edu.tbz.ch"|"vp1d6u-$7K$K&-o&$mCE"
"dafnee.mcaulay@edu.tbz.ch"|"bzBOFZ-LJuEb0-DnE3oV"
"garcon.dennett@edu.tbz.ch"|"ozm3BZ-&vmMeB-sWbb5S"
"interessant.lesor@edu.tbz.ch"|"pZSwxC-wktZHm-8hskrp"
"annotee.wasbrough@edu.tbz.ch"|"AhfZVJ-7&gulv-A3M%Jc"
"asa.ibbeson@edu.tbz.ch"|"jAPl6H-Llnn5O-tzqg5u"
"maily.kennealy@edu.tbz.ch"|"ct#YqC-NsQuE9-%lvNA1"
"ye.seares@edu.tbz.ch"|"tTj8xv-sHUe6Q-Ne%61O"
"athena.harbron@edu.tbz.ch"|"E1t3$w-oElce7-35jzHZ"
"andreanne.portail@edu.tbz.ch"|"9cNKmh-1x$#R%-2QVe4T"
"goeran.zannelli@edu.tbz.ch"|"gUFjz9-JpAjKy-0W8&cT"
"gerald.leathlay@edu.tbz.ch"|"iqVU9B-#gySKJ-yKLebL"
"andreanne.chown@edu.tbz.ch"|"Khj2DZ-2AXueb-lm%VZv"
"esteve.clementel@edu.tbz.ch"|"R2zyCU-fyIhKc-wmE1LB"
"leone.legan@edu.tbz.ch"|"f23D5i-f#dHJk-CRD%2h"
"maena.pownall@edu.tbz.ch"|"Xh7J4O-jVRUqs-TRpISi"
"andree.rettie@edu.tbz.ch"|"%qp1pR-QPkHsx-G9DnM4"
"ines.kenwrick@edu.tbz.ch"|"Ku53UP-&OyKeX-RxCgaS"
"marie-helene.yarnall@edu.tbz.ch"|"xKlfLz-T2Y3W7-IFWioz"
"po.martin@edu.tbz.ch"|"quFce1-7$T5mT-hB9ItD"
"ruo.celiz@edu.tbz.ch"|"8EOR96-pYVlg7-JbmY06"
"po.bissett@edu.tbz.ch"|"Q2N@iC-Dl7gmp-5$j5SF"
"du.swindon@edu.tbz.ch"|"MB@q8m-X2xyBv-rF892F"
"interessant.gouldthorp@edu.tbz.ch"|"ZTVK8Q-OoudJX-pYuvoF"
"leandre.lilburn@edu.tbz.ch"|"M@GN%q-O7v&5M-co1fAC"
"bjoern.whales@edu.tbz.ch"|"p6EnRO-HAIYZb-hZWMit"
"interessant.dieton@edu.tbz.ch"|"RATG63-DBjXid-&&EvrI"
"celestine.redhills@edu.tbz.ch"|"bmTTNh-&YS3T&-ts@mia"
"tan.yakovlev@edu.tbz.ch"|"FfvlV5-#JcT%b-Tnej2Y"
"regine.mcdowell@edu.tbz.ch"|"iHfk5o-cMxT%8-hTxsgF"
"ju.coysh@edu.tbz.ch"|"$7f3rp-MQv#9q-ekCiZg"
"reserves.ofallon@edu.tbz.ch"|"c2$7yz-FRz99k-@c@6Vv"
"frederique.sobey@edu.tbz.ch"|"J@NlrS-eSg&OH-1uARoT"
"marie-eve.garstang@edu.tbz.ch"|"N2mm&r-yxq@gx-e#GN@r"
"andre.tapin@edu.tbz.ch"|"unY%sW-MkeE31-BT0B6m"
"esbjoern.eynon@edu.tbz.ch"|"rDm0ww-SQcTvr-l4CFDV"
"maella.duffy@edu.tbz.ch"|"iZ1kxJ-gp#sdm-9Yh&N0"
"leandre.twinning@edu.tbz.ch"|"@XA%LC-p#RYjT-2KEEKn"
"mai.whittingham@edu.tbz.ch"|"eSFWvn-51CD%x-ehfYkw"
"rachele.shevelin@edu.tbz.ch"|"7SxeRK-lSmR4K-P%4$jB"
"cecile.mcure@edu.tbz.ch"|"4DNrac-sDQ5lD-f2qUVf"
"marie-eve.yurkevich@edu.tbz.ch"|"S4n83O-I@O1Jt-&KJfoD"
"almerinda.paice@edu.tbz.ch"|"XGqkAG-aH#vws-81Bmop"
"rao.howkins@edu.tbz.ch"|"wyMc0F-ry@bMY-fRFB5h"
"serena.pack@edu.tbz.ch"|"ySZ$vO-184qo5-wAU%o1"
"rebecca.mant@edu.tbz.ch"|"kKz4qC-&UVH0k-QCyReC"
"reserves.spitell@edu.tbz.ch"|"AQ&vZT-L9Q5KE-TuTZ0m"
"garcon.hamfleet@edu.tbz.ch"|"UNZIvU-E7YWSf-8w$Gss"
"methode.kerkham@edu.tbz.ch"|"nF630y-&IISXA-Q#YjMO"
"pelagie.camies@edu.tbz.ch"|"IoYkf0-iN%p9p-R4iFd6"
"josephine.macpharlain@edu.tbz.ch"|"CwB4Jf-bQw09z-yR9ewR"
"eugenie.mathet@edu.tbz.ch"|"SUYf6R-yJDf0l-Vazez&"
"gaetane.brangan@edu.tbz.ch"|"@NGyp7-b#smUn-s0OYKv"
"michele.dewbury@edu.tbz.ch"|"KkHIvb-vuUPTe-HQ1TjW"
"eugenie.elcott@edu.tbz.ch"|"tQbzSm-B$0wec-bjFC$V"
"megane.harniman@edu.tbz.ch"|"VOV@Xr-gCHNjd-fnH9$t"
"agnes.cluney@edu.tbz.ch"|"Fy8t9x-5JQcvS-7f8n9d"
"marie-helene.angear@edu.tbz.ch"|"YTSe@x-2YEG%#-el$NV$"
"melia.dolphin@edu.tbz.ch"|"Ppx$9L-9gsjbk-ez00Qo"
"lois.ruseworth@edu.tbz.ch"|"PAsI8B-&#G#oN-&wV271"
"mailys.ryding@edu.tbz.ch"|"78eCss-e0&i5Z-C4LdY3"
"rachele.wulfinger@edu.tbz.ch"|"YLl#8@-&1%l%z-$WgKpn"
"gwenaelle.talton@edu.tbz.ch"|"VRlEEj-@m@XKT-$4%d4n"
"long.ronchetti@edu.tbz.ch"|"oycdLs-K16#B2-7X&vkM"
"styrbjoern.kloska@edu.tbz.ch"|"RUMQeA-O@qQce-ANuso5"
"len.sudran@edu.tbz.ch"|"EaQKg4-@69BDh-Bc1tx3"
"maelle.andrysek@edu.tbz.ch"|"FUpL3f-$NpXHf-s%WgER"
"selene.senior@edu.tbz.ch"|"ZYdbak-mGpsVL-qNk28H"
"anais.joskovitch@edu.tbz.ch"|"aCcwLR-WAZ4Kz-K9T7sk"
"marie-noel.dally@edu.tbz.ch"|"yUBuyx-a#XKn0-8k8w4F"
"marie-helene.laurence@edu.tbz.ch"|"t23I5y-G5t9TK-xp7k74"
"camelia.foxon@edu.tbz.ch"|"@B$KjL-d3A%&g-guVGlh"
"helene.cankett@edu.tbz.ch"|"ZOL4eY-PuyuKd-&IIK@W"
"marten.mitchelson@edu.tbz.ch"|"FcdqOJ-c2j@eR-Fr$nH@"
"helena.stirtle@edu.tbz.ch"|"voR1ps-RnniZF-pCGPYd"
"leane.barmby@edu.tbz.ch"|"NEkcDi-D0mWeH-EOqbyz"
"goeran.ofinan@edu.tbz.ch"|"bM2RGs-iO%DcO-elN8MH"
"styrbjoern.proby@edu.tbz.ch"|"$NkBeQ-X7anNt-Os813i"
"zoe.halse@edu.tbz.ch"|"9R3Ovl-qUgQxp-tsllvW"
"kui.drable@edu.tbz.ch"|"RlmKG#-EtavKJ-CJbv3N"
"desiree.bamford@edu.tbz.ch"|"6DF49k-Tn%joJ-a8acVJ"
"zoe.suller@edu.tbz.ch"|"dTil6c-kntC9g-oKY$jE"
"marylene.audiss@edu.tbz.ch"|"L%@1QP-07Ywap-YbIbPI"
"adelaide.poznanski@edu.tbz.ch"|"MyGtCY-qNJQB@-fEbxgZ"
"maella.coleyshaw@edu.tbz.ch"|"@Puhpl-4WcfmP-yYWolz"
"marie-francoise.gelder@edu.tbz.ch"|"BF8@%6-Hz7wTK-LXyW0w"
"eleonore.chaffyn@edu.tbz.ch"|"U6y#@N-TU3bLP-KZh7cM"
"celestine.sikorsky@edu.tbz.ch"|"Nl8br8-ow3P1q-J6XyPv"
"stevina.londsdale@edu.tbz.ch"|"4sFxc3-e8Gimj-tS33ft"
"maiwenn.nevitt@edu.tbz.ch"|"WXoYW1-D0ET8Q-$tL77R"
"magdalene.gerrey@edu.tbz.ch"|"SQgD#1-y4L4XT-ggxOcp"
"becassine.latimer@edu.tbz.ch"|"d1vmRE-w7&xWz-KqO&uR"
"da.lethibridge@edu.tbz.ch"|"ajSi8Q-Q9FBo5-rLkHP4"
"mailys.claige@edu.tbz.ch"|"r7P3LU-fBd0sR-OZ8eBW"
"maena.torbard@edu.tbz.ch"|"H8g8PZ-#ysrf3-Irw0SJ"
"solene.lyvon@edu.tbz.ch"|"6#7Kpg-8gMxc5-74oXWJ"
"marie-therese.benbrick@edu.tbz.ch"|"eRfOW1-XYLBV9-dhtLUx"
"gerald.edmonson@edu.tbz.ch"|"2dfqHr-TAVehx-UjLNYW"
"ake.messruther@edu.tbz.ch"|"ihwTpo-aovoVE-YdEEdR"
"men.gosneye@edu.tbz.ch"|"0Qcde3-1&yJ1t-3HiJ2W"
"anais.jefferys@edu.tbz.ch"|"hGcVbP-1JxvoL-&15ISD"
"publicite.tregale@edu.tbz.ch"|"nZB8nK-qHreP2-6itTlR"
"maily.santorini@edu.tbz.ch"|"UrVoZW-AKe&PE-jfiXTm"
"ines.pioch@edu.tbz.ch"|"rW%Coi-Ial4b7-dHJ5Pc"
"noemie.marklew@edu.tbz.ch"|"Fcu%h5-zLiwvY-eBB5F$"
"meghane.maccaffrey@edu.tbz.ch"|"2WogHB-7oiHib-OMhw0n"
"berangere.ambrogio@edu.tbz.ch"|"lzMTF1-rZRy4w-IKQD%h"
"mediamass.ryce@edu.tbz.ch"|"VcCwtq-HEmZtk-VK&g5W"
"oesten.ubank@edu.tbz.ch"|"Ymz&I&-R1fCHB-JigBWP"
"melina.mackee@edu.tbz.ch"|"NlcXMD-XYeQcE-yI66%1"
"theresa.livezey@edu.tbz.ch"|"q&KmTO-8PUU$h-RWX9mL"
"clemence.weal@edu.tbz.ch"|"E71k$g-&wxLPz-vPbPu#"
"faites.overton@edu.tbz.ch"|"QYmOC8-wl4m8Y-3hgB$i"
"clea.lindblad@edu.tbz.ch"|"pCmJP%-zmUJM6-Nj5%sa"
"josephine.roseaman@edu.tbz.ch"|"RpF@x7-oGMhb3-owt13O"
"oesten.lowbridge@edu.tbz.ch"|"0#v@5i-j@gc4R-o40A07"
"marie-josee.brion@edu.tbz.ch"|"dk7THV-2H2hAF-NRaW%W"
"therese.basili@edu.tbz.ch"|"Kn4hxZ-waySMB-nVO9nv"
"melia.vertigan@edu.tbz.ch"|"Gc7OIP-hEYtyL-sMf%g@"
"judicael.saull@edu.tbz.ch"|"ZIWBeQ-G%0YCr-BjHsXu"
"selene.valentine@edu.tbz.ch"|"M8yiXu-tB41PK-fJnu4z"
"verane.dunlap@edu.tbz.ch"|"TDsMOx-jiROqk-M3fsxv"
"meline.kinnear@edu.tbz.ch"|"kcjc@#-0N2vJH-nxGGXX"
"lei.luttgert@edu.tbz.ch"|"GkzETs-pvl6w0-IkzfFG"
"styrbjoern.lathleiffure@edu.tbz.ch"|"vJpaFT-6DJMx4-%QdL#E"
"marlene.blasi@edu.tbz.ch"|"#PTLSM-$PsC2r-AV4tNQ"
"mai.begwell@edu.tbz.ch"|"T6vER#-Ujrlpw-tlKUnm"
"gwenaelle.kaines@edu.tbz.ch"|"ck34Xz-O6dtcO-&FEm$v"
"gerald.adamthwaite@edu.tbz.ch"|"#wLUCq-$ChDHU-j@lv7U"
"kui.hartfield@edu.tbz.ch"|"RHDuln-z%bkmW-g@9%fp"
"salome.currao@edu.tbz.ch"|"ofQ6@S-qzFUYs-xK4%eK"
"angelique.tixier@edu.tbz.ch"|"m0Px$B-#7@0E%-9m9HX8"
"ju.mcgragh@edu.tbz.ch"|"xqtVa8-iCT7Bo-Q7krlF"
"dafnee.beachem@edu.tbz.ch"|"CEJZC6-@AwwIS-a&ejAk"
"creez.terlinden@edu.tbz.ch"|"t2w&BV-yIli1#-XANITv"
"uo.mcskeagan@edu.tbz.ch"|"LnrN7T-G7XTtJ-P@GUvJ"
"edmee.mccaughren@edu.tbz.ch"|"UiI7rb-okD7ct-jWtWv3"
"asloeg.cozby@edu.tbz.ch"|"EYx#4k-&5X9%d-N6Q328"
"melodie.traite@edu.tbz.ch"|"yqQFFH-zKBZFy-M@wvuI"
"dorothee.aindriu@edu.tbz.ch"|"AcKwnI-5kebYT-Et18%8"
"daniele.doley@edu.tbz.ch"|"jrtGhp-S5dGzA-PjsKwW"
"mediamass.fairclough@edu.tbz.ch"|"gwpn1@-k2tdlM-Az4tq8"
"lorene.rainforth@edu.tbz.ch"|"KfHEy@-owu0Sn-Gg1WQz"
"leonore.eyer@edu.tbz.ch"|"mMQvHK-g1SPFh-fJKt0K"
"po.spillman@edu.tbz.ch"|"ivw0K3-#U#l6B-HD%f&N"
"cecilia.plitz@edu.tbz.ch"|"xP&M9D-BGTcsJ-H7GaQ0"
"lorene.ludlow@edu.tbz.ch"|"SbW%bS-ln0jfJ-%YxBud"
"berangere.neligan@edu.tbz.ch"|"WZN&wK-@W7hRd-riwu1m"
"simplifies.huggan@edu.tbz.ch"|"DvxO2l-QkOeaz-5dL79$"
"clelia.prandy@edu.tbz.ch"|"ryJfCB-LLLMU7-G7$mk$"
"ake.osban@edu.tbz.ch"|"5wp$LT-E$EOQg-QixzoY"
"cunegonde.brunn@edu.tbz.ch"|"&BU8Gc-P0NI2o-slZy@2"
"long.grizard@edu.tbz.ch"|"UYbH7$-zdoH4F-7yRDfH"
"meghane.diss@edu.tbz.ch"|"6QkDrU-rhLLQk-goW4mH"
"therese.oldman@edu.tbz.ch"|"Ox5jTg-$rCYKS-JnVg#9"
"boerje.scamerdine@edu.tbz.ch"|"%EP2XY-97w8d7-XTn6EB"
"du.saban@edu.tbz.ch"|"YKzjJf-42AW6t-hFJO77"
"hakan.clynmans@edu.tbz.ch"|"rzbHhQ-$My6i$-DRWjMm"
"wa.macdowal@edu.tbz.ch"|"YXCCNy-Xj8cc$-dag&#L"
"venus.hatrey@edu.tbz.ch"|"25Pu%z-S#PD%f-Dw#gbn"
"anaelle.vispo@edu.tbz.ch"|"fnbF35-82rSCV-pR5pU@"
"mahelie.ollcott@edu.tbz.ch"|"8%Dk2K-TQEcwb-tTpp0Z"
"mediamass.whyman@edu.tbz.ch"|"9ZovOj-Gyn9Yv-8bg&ZM"
"esbjoern.basson@edu.tbz.ch"|"tQyP31-y48VhA-xYcYJP"
"andrea.morrill@edu.tbz.ch"|"s$hn55-#JwtEu-XXRagW"
"melys.grassi@edu.tbz.ch"|"3yjM7&-J1I1SU-KJmWn$"
"leone.poleye@edu.tbz.ch"|"2XJnle-sJ3St5-$@PKzh"
"francoise.penny@edu.tbz.ch"|"P28@ZF-&xJQ&W-0O97FA"
"rebecca.edney@edu.tbz.ch"|"OMaoMz-FwpMr0-8o2zy&"
"adelaide.murtagh@edu.tbz.ch"|"JN8$si-K8UjP9-NgL2Zo"
"stevina.winterbourne@edu.tbz.ch"|"Yi43@w-wYaSAx-NsTNYS"
"ma.cottom@edu.tbz.ch"|"R2p78y-Hkqort-V@xzr7"
"tan.harold@edu.tbz.ch"|"xvh3YJ-%$2zBL-PbkwNg"
"venus.forte@edu.tbz.ch"|"Brw2v6-DwK0PO-Mnc7yC"
"almerinda.oluney@edu.tbz.ch"|"%Dle1W-5m3QYg-b@WYj8"
"cleopatre.brehault@edu.tbz.ch"|"y08#&W-Cg8Az2-8nThDc"
"interessant.lapides@edu.tbz.ch"|"pxWWug-0jUs%y-H2Y65f"
"reserves.hallatt@edu.tbz.ch"|"iK4sHi-RL#QB@-z8GQIx"
"annotes.birdwhistle@edu.tbz.ch"|"YmimVJ-mGQTda-sAX2ks"
"ai.dredge@edu.tbz.ch"|"kneCEi-5Xtma&-o9HLJY"
"megane.mussard@edu.tbz.ch"|"XOXulC-TUQhUG-6kxKbX"
"esbjoern.gowrich@edu.tbz.ch"|"k29x&3-muyQAP-jbCW2G"
"boerje.brislawn@edu.tbz.ch"|"xln#1Y-i#i6Uu-t#Al8v"
"becassine.wilce@edu.tbz.ch"|"zkB4jD-%iO0mN-JXi&l$"
"personnalisee.oels@edu.tbz.ch"|"6N8I7p-#C6jxH-Jv9#$t"
"verane.pett@edu.tbz.ch"|"9tGJeF-&&GjFt-oK39qt"
"marylene.glewe@edu.tbz.ch"|"h#Ga%Z-OI3ttp-xQZq0P"
"lai.elson@edu.tbz.ch"|"Ay#CWJ-@WTy5h-mo$IIR"
"serena.difranceschi@edu.tbz.ch"|"rrhgZb-g0Jkym-zpyNIC"
"lie.espinel@edu.tbz.ch"|"dMhvgu-8mC2x6-QLcPPe"
"marylene.fantini@edu.tbz.ch"|"fArC6D-EzMDGl-u0wnpy"
"andre.archdeckne@edu.tbz.ch"|"x7yMKl-xiGsx4-s3c1y0"
"goeran.bohlingolsen@edu.tbz.ch"|"DJO#7P-tdw3Sb-riPiuC"
"cunegonde.heffer@edu.tbz.ch"|"k&rWd6-MRm@or-kAaLHy"
"tan.fechnie@edu.tbz.ch"|"i4Xh@b-FAg7yP-e1w8gc"
"marie-noel.brammar@edu.tbz.ch"|"#YT4Bd-QiA%72-HVloSg"
"simplifies.aven@edu.tbz.ch"|"8RoKFW-CRM&o#-QfcW86"
"melys.pinchen@edu.tbz.ch"|"QBmrhQ-ivDbAX-npcMd1"
"edmee.joyner@edu.tbz.ch"|"1zj268-6jbSld-Vrp8dZ"
"berengere.edess@edu.tbz.ch"|"e1iNue-Rwunk4-h7fAQl"
"marie-noel.goward@edu.tbz.ch"|"csQoUt-W0N4Mk-10XL%4"
"ju.edmons@edu.tbz.ch"|"U#uurn-kZTkn#-#d8j17"
"frederique.airds@edu.tbz.ch"|"VgFr0a-BIjozB-AzcTIg"
"reserves.dauby@edu.tbz.ch"|"YD$o&Y-3BhLe$-teDURi"
"hakan.gynni@edu.tbz.ch"|"7Qd2Yi-AhyKLe-dD6nu1"
"leonore.pinwill@edu.tbz.ch"|"aahjMG-nK#5ZK-h&okTM"
"marie-eve.mcallan@edu.tbz.ch"|"$JSLOe-VX06XZ-cBgw7b"
"naelle.yeabsley@edu.tbz.ch"|"VNAc5G-Gd@xAg-UDEV@E"
"nelie.jacobovitz@edu.tbz.ch"|"4DcQ5W-rN&6kH-yCeaWi"
"adele.conelly@edu.tbz.ch"|"ISZ&0@-K7hpGH-HJY@Au"
"clementine.dondon@edu.tbz.ch"|"nYq1l4-EGzdeR-RTZik9"
"zhi.willcot@edu.tbz.ch"|"aam1Gh-ear@9C-ANfOdO"
"chloe.janicki@edu.tbz.ch"|"uw6eYO-v&N940-CGa$Wk"
"meng.linde@edu.tbz.ch"|"77T#GM-ZDQ8&3-shaYbn"
"celine.janisson@edu.tbz.ch"|"hu2y86-mGAmli-uI3TlM"
"clelia.crow@edu.tbz.ch"|"jKgouj-CB81Q2-5AAeMl"
"cecile.pyott@edu.tbz.ch"|"uXvCpw-bG7@7f-OVK251"
"ma.fidelus@edu.tbz.ch"|"avqN%P-tXdUD5-wIx6%R"
"marie-helene.poore@edu.tbz.ch"|"%5@dJU-kpeElN-oDIS2X"
"elies.blanket@edu.tbz.ch"|"xmFlBY-X00puw-KH@QnU"
"yu.boyer@edu.tbz.ch"|"riV26I-PRxkM9-S4lcJd"
"celia.welds@edu.tbz.ch"|"nFzIe0-%4Qaow-9GcNK9"
"du.gunney@edu.tbz.ch"|"4Z6j8y-fXhtA7-PUy8Xj"
"goerel.crush@edu.tbz.ch"|"3L1n@L-mneCjV-8b%d2s"
"marie-josee.brosius@edu.tbz.ch"|"jqHjm8-%1O1e6-o28OSu"
"camelia.adds@edu.tbz.ch"|"aA##z$-yJ&FpG-uy%zPu"
"anae.irwin@edu.tbz.ch"|"te5mvr-f$uYUc-crv$H1"
"cleopatre.skeffington@edu.tbz.ch"|"wRbIAo-IAAM82-CwooCP"
"gerald.suggate@edu.tbz.ch"|"$PBGcb-lKnDW4-nHj9qX"
"laurene.tailour@edu.tbz.ch"|"QXZzcF-C8VPXl-hVjB7d"
"amelie.hoble@edu.tbz.ch"|"@4SQ43-m%JGP&-9uRaLG"
"venus.getch@edu.tbz.ch"|"a0o1fQ-gR9EXY-GLaY%P"
"renee.treby@edu.tbz.ch"|"UHeFyG-KbPpaJ-2uFc&P"
"almerinda.stait@edu.tbz.ch"|"iGMPM&-UdC0RO-Q4y%H#"
"andree.reddecliffe@edu.tbz.ch"|"uXlKne-O$@PDy-ZJXmBc"
"leone.wintle@edu.tbz.ch"|"HJBSxg-I4t0Ry-Ho0pNp"
"gerald.fellow@edu.tbz.ch"|"p8kECE-ELI1EH-H#UB1D"
"ju.gudger@edu.tbz.ch"|"M3WGbX-nBLZF&-UJw4@k"
"meng.ohaire@edu.tbz.ch"|"gA5DH4-e%zZWk-yp80u#"
"cleopatre.missington@edu.tbz.ch"|"avMmm&-8Sq5k1-WM8FjF"
"annotes.debruyn@edu.tbz.ch"|"7c6ads-OgyeVu-fRcqUL"
"gerald.sinisbury@edu.tbz.ch"|"sRMiKK-pyr0Nk-T1go9b"
"creez.slora@edu.tbz.ch"|"EHxDyE-0a8xk4-4zEdiY"
"gisele.benbow@edu.tbz.ch"|"RqexwN-B7YLfa-yq8HOc"
"pal.dossit@edu.tbz.ch"|"tCgSSn-o$c2dn-dayc#2"
"nelie.stirrip@edu.tbz.ch"|"%VNoVS-Y8sLbO-vdzffP"
"alois.ocrigane@edu.tbz.ch"|"G0SBDw-Rd#lKt-%Mn%Z6"
"kui.mcterry@edu.tbz.ch"|"HmVuB6-3%TEqd-Lu&7Gn"
"long.willgoss@edu.tbz.ch"|"l1oNLo-B&g8W7-$OH5lZ"
"francoise.sumpner@edu.tbz.ch"|"60Xeo&-fY2BA#-3JWZ36"
"maely.grinstead@edu.tbz.ch"|"F5jHT&-CBPlRG-4Oc1eQ"
"creez.langeren@edu.tbz.ch"|"iIco3z-iEMFxe-KqED$L"
"adele.dungate@edu.tbz.ch"|"mi9X4z-JcCw42-EX%1O8"
"cleopatre.noirel@edu.tbz.ch"|"IaVCrd-B0n$NE-MIvb$7"
"interessant.daverin@edu.tbz.ch"|"LiaWYR-fF0fDf-HQ8YDf"
"naeva.kalderon@edu.tbz.ch"|"GG0aBe-BBElS$-I0eyeu"
"anais.oshesnan@edu.tbz.ch"|"LCHAHk-So9iBq-jGxM7$"
"judicael.anelay@edu.tbz.ch"|"w@eac1-3xs8Am-#q2YBI"
"eloise.braxton@edu.tbz.ch"|"J%wJEj-H1t0N7-f$CLIH"
"desiree.greguol@edu.tbz.ch"|"q7FHo2-ZFN53$-n$QVY8"
"maite.mcclenaghan@edu.tbz.ch"|"gN1@3Y-NGJgn0-%Y$8oF"
"meng.doret@edu.tbz.ch"|"ceVKNO-4JahYH-EmDW0i"
"frederique.chippendale@edu.tbz.ch"|"OTZEFo-bCc&ai-27IR71"
"andreanne.lanney@edu.tbz.ch"|"LZmiSM-26zYuc-Yj8AWW"
"aurelie.claus@edu.tbz.ch"|"kKcCrl-ulnWsm-8cCz&r"
"renee.pabel@edu.tbz.ch"|"StFfoy-WNKpKL-$1ldU1"
"maena.roust@edu.tbz.ch"|"D0a#ST-u6dECf-i97m6t"
"nadege.carwithim@edu.tbz.ch"|"hd7jzM-dpMBHz-wOp1YZ"
"solene.geyton@edu.tbz.ch"|"An#0UK-dDZ%do-M2E16r"
"dafnee.avraham@edu.tbz.ch"|"TlP&c9-pj5XW2-l%C#3t"
"leane.woolvin@edu.tbz.ch"|"#OPau5-Lduy6@-$r2o3U"
"adele.macadie@edu.tbz.ch"|"ps%1v%-0ne5jK-FwfD2g"
"meline.rubica@edu.tbz.ch"|"xpQ&ML-&7SYwk-YzvdbG"
"marie-noel.speeding@edu.tbz.ch"|"wwYJzK-1ACWgS-Z2675L"
"nelie.mix@edu.tbz.ch"|"DrUs7r-90HxWf-3kewSg"
"clea.ollett@edu.tbz.ch"|"wRQG&%-JLF6dQ-UQsMio"
"leandre.mcgavin@edu.tbz.ch"|"cRmk8s-7fPJFj-5bMdbU"
"cecile.behne@edu.tbz.ch"|"1XQ9DP-2WeNiH-uspe3@"
"melanie.polle@edu.tbz.ch"|"dk7hlT-NFMpnk-j&hkMJ"
"marie-josee.titmuss@edu.tbz.ch"|"ikbqCT-Y3$4@s-NSFrlL"
"helena.guest@edu.tbz.ch"|"DfOKbe-jRcVUq-BIQyAR"
"annotes.chicchetto@edu.tbz.ch"|"VU9x06-7Dx2yg-DkElDW"
"melia.tubb@edu.tbz.ch"|"bF%Ap2-BU1$#d-Hrp04I"
"angelique.casetti@edu.tbz.ch"|"zVad0B-%q4S1C-3fyEuC"
"cunegonde.cleall@edu.tbz.ch"|"aq3CCC-8KASbz-p3m@Oq"
"camelia.oaker@edu.tbz.ch"|"yVBejK-f$lQaf-YexESk"
"you.searight@edu.tbz.ch"|"LBrXBL-lb3q@&-dM8diO"
"kevina.dederick@edu.tbz.ch"|"sbFhkB-de0#pU-cXLkdS"
"milena.jeffrey@edu.tbz.ch"|"PJUUtM-iinunJ-5mw528"
"melodie.barkshire@edu.tbz.ch"|"rSmH#A-SAQTKr-w&tI3g"
"gaelle.kreutzer@edu.tbz.ch"|"QHJfZ6-ZglTrT-MVccE4"
"kalliste.kleinpeltz@edu.tbz.ch"|"%tn0%z-8hANF8-JOUQT9"
"clementine.danat@edu.tbz.ch"|"OT0ZNk-VtSi@q-A5aj0V"
"andrea.wabb@edu.tbz.ch"|"y95IYn-Nmtrt#-PiR$Z3"
"geraldine.piesold@edu.tbz.ch"|"ug&cxD-0uni4h-Xd5x%t"
"tan.fiveash@edu.tbz.ch"|"%qsfTd-7Vl3z5-xmbcIY"
"meline.yuranovev@edu.tbz.ch"|"abSU@v-O0UU4J-UEd1ur"
"therese.holme@edu.tbz.ch"|"CA5cJm-27uYyS-c35$gR"
"salome.vaney@edu.tbz.ch"|"KE@FEz-i1bOvf-J4cruI"
"anae.abramson@edu.tbz.ch"|"5GwAq%-kFXQH@-FuWhJr"
"kalliste.jimson@edu.tbz.ch"|"HBC$xG-0cCTc8-T&GJJw"
"selene.yole@edu.tbz.ch"|"oCj#un-lvoNK&-AvU3L7"
"agnes.defraine@edu.tbz.ch"|"wjFtI$-E31MVy-#K5lRQ"
"faites.mccluin@edu.tbz.ch"|"vMAn%2-jCzTVm-4T2b08"
"athena.deme@edu.tbz.ch"|"VW929m-P62iIK-fufZ66"
"daphnee.brigstock@edu.tbz.ch"|"YUKQn3-#qBO#Y-utdyQt"
"goesta.skaif@edu.tbz.ch"|"QoR9Qm-d8Dlwx-9WN51R"
"oceane.jagoe@edu.tbz.ch"|"P7Ico%-32xh$l-OBIjg7"
"annotes.broomhall@edu.tbz.ch"|"jXywiJ-&g0WYr-$uYZuQ"
"marie-eve.ballendine@edu.tbz.ch"|"vFA87%-f02hzn-vUtV74"
"melina.spykings@edu.tbz.ch"|"YZ$5Dm-&jX814-FsSXHe"
"laurene.ticehurst@edu.tbz.ch"|"AFON1C-Jg8kZl-pLj&An"
"fei.avramovic@edu.tbz.ch"|"jbfBaV-H0Sbr9-dQxvgF"
"publicite.strathearn@edu.tbz.ch"|"d1AUU1-Nq&gmm-FOye5E"
"torbjoern.garrow@edu.tbz.ch"|"Bcu&#V-bysr&4-WxGlw1"
"chloe.rubinsztein@edu.tbz.ch"|"m8q&0r-KJk%Q1-kp@KEi"
"mylene.demanche@edu.tbz.ch"|"DZ9Kg8-xI6A#F-SpgxbX"
"mediamass.godlonton@edu.tbz.ch"|"hluSqm-SXlJZ3-fHzUEq"
"renee.shurrocks@edu.tbz.ch"|"LT$&t#-@1#oUv-3$shXg"
"maiwenn.jedras@edu.tbz.ch"|"PkQg06-M1oEE$-LGfBqG"
"genevieve.castells@edu.tbz.ch"|"e1tva@-yZSYD#-pEiW4%"
"renee.sneden@edu.tbz.ch"|"LepqTz-mWuHWS-oXzxH5"
"lai.mccallion@edu.tbz.ch"|"YHeV4C-TC2mNW-tWwKbF"
"kevina.impleton@edu.tbz.ch"|"HLXQdk-ZzOfrc-Ep$JAF"
"oesten.fresson@edu.tbz.ch"|"RQ$DN0-pvE1lf-w4a2cg"
"verane.shawley@edu.tbz.ch"|"QEUhUC-uqGbj6-bOfa%8"
"uo.sjostrom@edu.tbz.ch"|"fOki9y-XZVofX-N1JhgK"
"gisele.gothup@edu.tbz.ch"|"$fIcPs-mHaA4M-oFcBUo"
"renee.beauman@edu.tbz.ch"|"wJ8ajO-if6h%t-gEWrk7"
"elies.loton@edu.tbz.ch"|"6ab$y#-fvO2Eo-$r#23D"
"valerie.elsmore@edu.tbz.ch"|"inTmOS-En&anY-PvlbaB"
"berangere.delafeld@edu.tbz.ch"|"l1vCj6-u$r$O&-ILrxfb"
"bjoern.schimke@edu.tbz.ch"|"mdEHa6-LEh$cC-7EsHZ2"
"loic.ericssen@edu.tbz.ch"|"R6E9nz-ZUX@#b-$j2Auu"
"creez.richarz@edu.tbz.ch"|"ukQDQl-PhHSlR-A0On1P"
"athena.grocott@edu.tbz.ch"|"$vj&1m-x421l5-AwNS#&"
"naelle.piotr@edu.tbz.ch"|"WjnzhD-MZ4Q8R-83KGBA"
"maella.paulson@edu.tbz.ch"|"DpWmBu-zxAum7-yF0B&t"
"song.perot@edu.tbz.ch"|"E8kn6O-OiwvKx-MKnjua"
"kalliste.heckney@edu.tbz.ch"|"7CLX8e-z0r9yx-ZyhVx3"
"ake.vasyutkin@edu.tbz.ch"|"gIbpd@-XLcF4P-uKBoi4"
"ma.castles@edu.tbz.ch"|"uV&U1I-GQVF4H-@mCHaK"
"maely.monget@edu.tbz.ch"|"u6VeQP-8OdAQx-WQU2xc"
"tang.durbridge@edu.tbz.ch"|"LhQ&%6-QNl5X%-YxffAM"
"laurene.andrew@edu.tbz.ch"|"F@u2g&-8ddTUL-l6AptY"
"lysea.beacon@edu.tbz.ch"|"B0hH8v-099Dc%-fSy$EV"
"leandre.peyntue@edu.tbz.ch"|"3BxpM2-Gy8iP%-ob0lab"
"rao.trever@edu.tbz.ch"|"LHOcFV-7k3Zmr-Iyt#i1"
"mahelie.streader@edu.tbz.ch"|"F%U6z6-cE7vDS-z9cET6"
"maerta.andrejevic@edu.tbz.ch"|"AtGVCm-Csb%hL-$ZLK&G"
"goesta.tompkins@edu.tbz.ch"|"DtXYTE-8kWq9P-CI14YJ"
"helena.agates@edu.tbz.ch"|"CwNyoZ-$nU2w%-6hQb0x"
"therese.glass@edu.tbz.ch"|"VB#mm6-lAWisy-jq1VPz"
"alois.foan@edu.tbz.ch"|"$cPvA6-j51m3Q-laGq6h"
"becassine.melchior@edu.tbz.ch"|"lNBC$j-tDoJWt-vUqruP"
"cloe.robart@edu.tbz.ch"|"SzrNA9-rzWROw-QaPuUi"
"daniele.puckinghorne@edu.tbz.ch"|"mjbqEM-9zBHKN-dZTS&5"
"selene.cammidge@edu.tbz.ch"|"otwDRu-h0qdk%-Z5YOLl"
"regine.conochie@edu.tbz.ch"|"h@TO9r-zUC&rr-fSBqjS"
"interessant.tuiller@edu.tbz.ch"|"$AOYtY-&Efc1o-JQfPqe"
"long.tiebe@edu.tbz.ch"|"krlVeV-ot1mOH-8wN3D1"
"mans.yele@edu.tbz.ch"|"YeD7%D-JABNDF-kO5UBC"
"ai.giles@edu.tbz.ch"|"gzKGhu-vgYJrx-GvU73l"
"gaetane.hamberston@edu.tbz.ch"|"xP$qaS-#6XML5-usF4#Y"
"marylene.fenix@edu.tbz.ch"|"zfv8g7-EbH0Tw-INRBF#"
"geraldine.graeme@edu.tbz.ch"|"2Xe96J-DbFcmG-zlkLoG"
"tang.kinglake@edu.tbz.ch"|"6xyBmM-lp6PzC-@fafc2"
"lai.challoner@edu.tbz.ch"|"UZFwAr-#ObeT1-pZ&Z5p"
"desiree.mattei@edu.tbz.ch"|"%maN$E-yYkmYo-0q5NS4"
"ake.erley@edu.tbz.ch"|"YTvO$k-Y7jm4&-zyBpqe"
"edmee.cavil@edu.tbz.ch"|"nWJs6E-bnXEOW-hHLucG"
"alois.moyes@edu.tbz.ch"|"JW$eoB-UpZnu1-2NBImE"
"becassine.pitman@edu.tbz.ch"|"AKvi2E-lCE8dD-K6@xpp"
"ai.giacovelli@edu.tbz.ch"|"f5eyVw-LvQz5d-vIXYf5"
"judicael.fruchter@edu.tbz.ch"|"e%NTBc-Dgp8t5-hIA8M6"
"mans.mogg@edu.tbz.ch"|"@ozOA%-@XtDtL-vyA#Ac"
"gerald.foyle@edu.tbz.ch"|"Liv%tB-fzaCHQ-45lbox"
"wa.androletti@edu.tbz.ch"|"7L@1we-B#sacC-8so2QX"
"meng.ollett@edu.tbz.ch"|"FiE&w%-6JuG$M-owmpjI"
"naelle.macmenamy@edu.tbz.ch"|"eRZT2z-YXrmL#-BCtVy8"
"gisele.mcramsey@edu.tbz.ch"|"$W6urw-gcJw3U-hx36@7"
"meryl.scolts@edu.tbz.ch"|"LJqEIx-24EXsD-&o38Op"
"celia.bloxsome@edu.tbz.ch"|"WWjBmL-6LmBiD-i#togs"
"styrbjoern.stuke@edu.tbz.ch"|"8jToB7-50eqeH-SR$N@P"
"felicie.gwilliam@edu.tbz.ch"|"RGFLg1-X4&Umh-Xtqm0t"
"da.harms@edu.tbz.ch"|"hZYafn-j2$V%5-wd$Spp"
"celestine.baulk@edu.tbz.ch"|"Ie0R1M-e883us-P@qpTy"
"mahelie.blackledge@edu.tbz.ch"|"f9mlJx-1Y6lIm-M#9&Ai"
"meghane.salt@edu.tbz.ch"|"d0PJd@-ecgGGS-esxwmt"
"methode.paxeford@edu.tbz.ch"|"RDi63i-W#i&#F-8uEyhc"
"asloeg.milligan@edu.tbz.ch"|"r3%T07-%0VRz&-nh84pY"
"you.pellman@edu.tbz.ch"|"0JCoSF-oHi7J3-&APpls"
"loic.regenhardt@edu.tbz.ch"|"dNQ5$7-zKERay-VidJs5"
"daniele.savill@edu.tbz.ch"|"avoDz8-b79iH5-t2q7xi"
"alois.cornu@edu.tbz.ch"|"3FivHw-L5FP@F-2ISFdu"
"oesten.govey@edu.tbz.ch"|"m@VMBf-3q30mE-YwcnAz"
"marie-eve.louch@edu.tbz.ch"|"#h@dSA-nHgjw7-aV0%J$"
"theresa.wenn@edu.tbz.ch"|"tdwj#q-AUP@6I-e@2fle"
"andree.eul@edu.tbz.ch"|"FObvWx-qqLXWZ-LeaC3y"
"lie.paynton@edu.tbz.ch"|"p8H24E-YKEDVX-Ju@Vqb"
"marie-eve.girodier@edu.tbz.ch"|"0cBLj8-OY9Xh5-fpR@0D"
"marie-noel.smithe@edu.tbz.ch"|"RcJlug-g13WOx-Un4PSS"
"men.bootyman@edu.tbz.ch"|"pgjv9b-64HfLl-#zA&bf"
"ku.sugg@edu.tbz.ch"|"do@iwS-cAg802-A5Jbzy"
"lucrece.roseman@edu.tbz.ch"|"pzYaD3-5&UaYa-UCNLr8"
"zoe.annear@edu.tbz.ch"|"dL9Qrx-GSzXDe-dWF%ps"
"marie-helene.rennebach@edu.tbz.ch"|"9cEoFB-KK6@3Q-tiJyDC"
"lea.djurdjevic@edu.tbz.ch"|"tfNXBy-mDhyoh-gIG1dh"
"goerel.robert@edu.tbz.ch"|"ES5PON-Ayb#mQ-9kv1cN"
"mylene.foldes@edu.tbz.ch"|"iq7wou-TMNIUr-tyJ2eT"
"faites.clegg@edu.tbz.ch"|"7hk&kX-wePBVs-MtIET&"
"marylene.crowcher@edu.tbz.ch"|"1#%sap-ufeIsN-Z@1jfQ"
"aimee.wimpeney@edu.tbz.ch"|"4XmOw3-ZBqmOW-wsGP5&"
"renee.atkins@edu.tbz.ch"|"xLiIF7-YwmwxO-CO252A"
"rejane.cainey@edu.tbz.ch"|"OVMgin-Py58r5-0X1agG"
"solene.britney@edu.tbz.ch"|"GdZaFP-jdrZ$M-BUeQ58"
"marten.shatliffe@edu.tbz.ch"|"f170%R-BEjv$b-2iapZ2"
"maite.issatt@edu.tbz.ch"|"1H#87f-sb77DD-FmVVqh"
"maelyss.edon@edu.tbz.ch"|"lLcuhu-RbSJ6u-QCLxUv"
"nuo.bamling@edu.tbz.ch"|"BlwN#M-FH5alg-HqV$d8"
"anais.edards@edu.tbz.ch"|"ghekne-9Xeinn-CpEeBO"
"mediamass.bromet@edu.tbz.ch"|"t6KMfj-GybIIc-4mGM3h"
"beatrice.kimbrey@edu.tbz.ch"|"wbiLxk-jitZhd-O5nw28"
"ines.lawranson@edu.tbz.ch"|"yVD5&h-%p5O%X-qmv$6R"
"kalliste.scandroot@edu.tbz.ch"|"&HPLxT-Iwrbh2-dMJcJb"
"mans.barrowcliffe@edu.tbz.ch"|"1ad3%1-&A28yu-avx&fa"
"irene.couves@edu.tbz.ch"|"s@Amic-RssAbw-aRnSmq"
"milena.mucci@edu.tbz.ch"|"b$hRUd-e88uHO-mrPhm0"
"naeva.cow@edu.tbz.ch"|"hFQmk9-LGVrce-AFk12&"
"audreanne.mournian@edu.tbz.ch"|"sHhAe@-cJ0krU-g4RTfk"
"melia.sinnatt@edu.tbz.ch"|"0UUz9Q-whnCD9-Oh69L8"
"nelie.burnard@edu.tbz.ch"|"ErSEXY-xYoAbY-t5HH#8"
"clelia.ashfull@edu.tbz.ch"|"Mo3Hdi-wSxQsk-all@ZG"
"lie.macard@edu.tbz.ch"|"j3WmTK-HBeIqz-ahNAwe"
"valerie.matoshin@edu.tbz.ch"|"LGu74T-IrzowE-1s$YcF"
"anael.hatherleigh@edu.tbz.ch"|"KJw3FQ-iGw0bg-gp#Pyi"
"interessant.warratt@edu.tbz.ch"|"rsFwGz-JzCRkj-1WB6cP"
"eleonore.volage@edu.tbz.ch"|"&OV4A$-PfKvqr-tMJNPZ"
"zoe.stebbing@edu.tbz.ch"|"4Fyhzh-amAW%S-IEws1r"
"alizee.nye@edu.tbz.ch"|"S#HDJj-ooDYL4-BHGgWy"
"celestine.bramley@edu.tbz.ch"|"#BuXBt-ER#L2K-T5hnjM"
"selene.philcott@edu.tbz.ch"|"kHyv@a-wf&XGx-JP6X#z"
"tang.newens@edu.tbz.ch"|"%6gj6&-a4bqXv-7dVePx"
"annotes.powys@edu.tbz.ch"|"mG6RPy-N6SYM9-ZcBcmj"
"lea.matthesius@edu.tbz.ch"|"HpGiMu-OgiHvi-JKUa4y"
"illustree.garlett@edu.tbz.ch"|"Xnw9cI-l5PqYf-xt%Nom"
"maiwenn.meachem@edu.tbz.ch"|"VDMewm-QwQgl6-wby68U"
"marie-francoise.mcbrady@edu.tbz.ch"|"5DSlGE-MWmIbd-NgrtDG"
"illustree.gimbart@edu.tbz.ch"|"k01Xfx-Thg$6%-PpAlhP"
"melys.lyosik@edu.tbz.ch"|"zxVfls-u#cnwO-UGccOL"
"marylene.mcnab@edu.tbz.ch"|"5u7B8L-n0MoxY-9dtzTV"
"gerald.blount@edu.tbz.ch"|"qd@HBV-%WUrd7-0IHpXD"
"clelia.shakelade@edu.tbz.ch"|"6phgJp-cgHwvv-%hOl3O"
"penelope.cridlin@edu.tbz.ch"|"t&5JKg-l$r87p-nCok75"
"maena.okuddyhy@edu.tbz.ch"|"JCWqJ$-t1e7yo-u8c6AV"
"athena.keynd@edu.tbz.ch"|"1KSD#o-MGc&xt-d3T6P&"
"cloe.dwine@edu.tbz.ch"|"#jPUXg-3U3fK6-Hgg8Ij"
"josephine.browett@edu.tbz.ch"|"yM$fZZ-H54mM5-AA%ugq"
"audreanne.oscanlon@edu.tbz.ch"|"FXqINQ-Q&ZPye-ksCK%V"
"fei.jeanequin@edu.tbz.ch"|"6e%%nx-ps9edX-Kr0Z2w"
"lois.gormally@edu.tbz.ch"|"WDl9xF-I$4E9P-$q28#d"
"marie-francoise.finnigan@edu.tbz.ch"|"mN8lgi-8mHcQ&-rHQ2o1"
"leonore.trussman@edu.tbz.ch"|"%Zonhg-MhKaz6-nRamlG"
"anaelle.trumper@edu.tbz.ch"|"cVuW05-PRMS2K-P4NM4F"
"clemence.dionis@edu.tbz.ch"|"LTHia&-4fc6Ex-UjdqTN"
"lois.tranmer@edu.tbz.ch"|"9wqVkM-EOi621-ZR&#rE"
"interessant.volett@edu.tbz.ch"|"n7GCrs-FwzOc6-ga@FoH"
"personnalisee.deackes@edu.tbz.ch"|"m94qjD-KVr7WW-aU1LOV"
"lie.vasiliu@edu.tbz.ch"|"zeq6&r-v3Iv$g-X@Dtt0"
"dafnee.lamputt@edu.tbz.ch"|"Nop7Pd-FQpEyk-fRdbS2"
"elies.bromige@edu.tbz.ch"|"VH#$vK-50SA#k-IQ8@UL"
"helena.klosser@edu.tbz.ch"|"hXvYL%-wNDW0x-6thSDH"
"andree.grim@edu.tbz.ch"|"%maL6u-eDDScN-1zXWTo"
"verane.coldbath@edu.tbz.ch"|"PxT4YN-r7W@Rr-zP9b0R"
"helena.bethell@edu.tbz.ch"|"N0cj$&-FOjwIp-Qz8qBY"
"kalliste.carefull@edu.tbz.ch"|"2MskNg-Hqnx9G-SOe#Lv"
"regine.odams@edu.tbz.ch"|"PzQdSv-hloVD4-FVCgQH"
"len.stannus@edu.tbz.ch"|"bRIbMq-OlJwvC-Csv@lO"
"angelique.works@edu.tbz.ch"|"5xiWn@-0iAo6N-ySXLLH"
"goesta.rheaume@edu.tbz.ch"|"PInP8@-5KgYAE-xdzEES"
"maelys.tynnan@edu.tbz.ch"|"nql8k4-@QEpsI-cEXJKJ"
"maelle.carlesi@edu.tbz.ch"|"ECb0vs-jktSxP-ufa08H"
"anael.spurden@edu.tbz.ch"|"BNycwk-cCNGOh-mHUbmP"
"helene.pumfrett@edu.tbz.ch"|"mkkisr-$BFzXH-3xJPMH"
"goerel.pearn@edu.tbz.ch"|"BGbb1F-bgidYL-vqm6xz"
"laurelie.dezamora@edu.tbz.ch"|"orn#ug-53CYX@-3k9oZJ"
"yao.twidale@edu.tbz.ch"|"&UUJ2M-QWAGGv-oHv1wd"
"berengere.sola@edu.tbz.ch"|"SBaEBi-PTnMNf-oKAITF"
"maelann.hardistry@edu.tbz.ch"|"r8%ild-#0#O$t-CNCE1a"
"severine.littlefield@edu.tbz.ch"|"HS@xIp-%apD1O-f75k54"
"salome.heinl@edu.tbz.ch"|"&gA4KI-9UhMG$-NV&h#4"
"meryl.warbey@edu.tbz.ch"|"5tuRSe-0V@cE5-6xIh&9"
"da.hunstone@edu.tbz.ch"|"3zUXkz-D4r&&D-iePinC"
"venus.broadbury@edu.tbz.ch"|"5Ftiy@-sxWm&5-zY4jWn"
"meghane.rentelll@edu.tbz.ch"|"XZJuEI-Bk1yZ6-JzgQZ9"
"marylene.drewitt@edu.tbz.ch"|"30uwGQ-YfgcCt-rUUBl$"
"melinda.jacquemet@edu.tbz.ch"|"w$z@Hq-gcy#Q7-IlB@YD"
"marie-josee.keyden@edu.tbz.ch"|"cl%hTg-yEZeQd-ZtDuMR"
"asloeg.montacute@edu.tbz.ch"|"BlflAd-RlI2MJ-xY5CO9"
"ku.andreou@edu.tbz.ch"|"jNYM&P-heTRRo-HGc$wm"
"personnalisee.feaveer@edu.tbz.ch"|"DnJYg8-VsyuFj-f7mxso"
"laila.emptage@edu.tbz.ch"|"V3TXBP-GT03$x-A@VMZY"
"bjoern.dawdry@edu.tbz.ch"|"a@8w9j-Zcmo@e-EIO8aa"
"marie-eve.dinsell@edu.tbz.ch"|"0g9Oli-ce8KM3-f3wMbc"
"helene.follett@edu.tbz.ch"|"UYhxGr-5VK5G0-F2tTkU"
"penelope.cordero@edu.tbz.ch"|"JTgX#p-gXdpF$-%eJVYM"
"boerje.beedell@edu.tbz.ch"|"xBydEK-sDydqD-uvVeB7"
"nelie.ferne@edu.tbz.ch"|"u2yt&8-fJh5M5-#aXpTQ"
"celine.ahmed@edu.tbz.ch"|"rgCTTg-thfcDi-7ELZQd"
"stevina.pimblett@edu.tbz.ch"|"Nj7hWL-1Wg6L&-kD9Dfo"
"chloe.langlands@edu.tbz.ch"|"F5PXlU-4gg$Fg-E9STnK"
"simplifies.maude@edu.tbz.ch"|"XYGsdZ-j0j8BA-%N8$gC"
"genevieve.decarteret@edu.tbz.ch"|"MF5hIK-lSGftc-QQTTm&"
"marylene.mughal@edu.tbz.ch"|"EAYLk$-q89Io9-n&u37W"
"goeran.guttridge@edu.tbz.ch"|"iwLuov-XGZrUq-x43qFV"
"michele.smurfitt@edu.tbz.ch"|"%BLdD8-WveB68-N%Pz8t"
"methode.hadeke@edu.tbz.ch"|"K0fM1m-@QqyOH-LUmhY8"
"therese.rispine@edu.tbz.ch"|"h98EfD-6tjmnN-gNu3Jf"
"goerel.plumley@edu.tbz.ch"|"uWvsVL-kE5oH&-&VtYWc"
"oceane.friett@edu.tbz.ch"|"wPQknv-o6VNQ3-xY4CN%"
"marie-noel.achromov@edu.tbz.ch"|"tyV$KG-JYtcSi-HR#xXO"
"dorothee.storek@edu.tbz.ch"|"l$og0u-A2KUHQ-hYxWWA"
"goesta.whittle@edu.tbz.ch"|"#CPZ6n-tKN2fP-#AuLET"
"desiree.casely@edu.tbz.ch"|"dX8ZfP-$jjXjO-Xq1LDy"
"felicie.condon@edu.tbz.ch"|"54wWjV-NCsCKx-sXIEhT"
"maelyss.frisdick@edu.tbz.ch"|"joPVpX-@$KG5&-UkeDUx"
"aimee.banke@edu.tbz.ch"|"#rZFyU-zKo0oL-TxknWl"
"naeva.hodcroft@edu.tbz.ch"|"lg7@Jb-rY0oDJ-srhaUA"
"laila.gerrans@edu.tbz.ch"|"p4k6Bz-&JEJmj-B5Dwv#"
"daniele.scrimshire@edu.tbz.ch"|"IjkxPU-V#0plW-GDHZD6"
"daphnee.sheerin@edu.tbz.ch"|"3jI79I-XEx5yk-imeYo#"
"pal.vanyukov@edu.tbz.ch"|"JI#UEh-i92fe1-ghQmSg"
"zoe.childs@edu.tbz.ch"|"h3@vxm-BBN2f5-STbLdn"
"ai.corde@edu.tbz.ch"|"k$#gY2-spg61m-26efPm"
"maelys.berryann@edu.tbz.ch"|"qHGwJM-FfHKro-9irXFL"
"cloe.gladding@edu.tbz.ch"|"XQWjjq-o5o%z3-2Ys67M"
"wa.kinnaird@edu.tbz.ch"|"$NXUjn-lheYOg-YZ5Ieb"
"publicite.brittoner@edu.tbz.ch"|"J2hTbv-E@cwQ&-zkL6fq"
"rao.windress@edu.tbz.ch"|"#2byNS-ApYCJ2-SRv4oh"
"uo.kollach@edu.tbz.ch"|"@Xe$@n-ItaU$Z-pDqAh0"
"josee.peskett@edu.tbz.ch"|"EBpn7H-6j9SQ1-aBrrCV"
"annotee.hasel@edu.tbz.ch"|"JP%GzI-sdc5PK-R7YZpE"
"cinema.lee@edu.tbz.ch"|"7WCjAv-TSKgDg-n%U6Lc"
"lai.vedeshkin@edu.tbz.ch"|"FMsHta-6uR9Ch-rAUAE7"
"renee.brisbane@edu.tbz.ch"|"ZmlQI2-@q#2ip-LX7XUn"
"ophelie.blincoe@edu.tbz.ch"|"gkRClC-uRSztr-6c1JRs"
"zhi.prazor@edu.tbz.ch"|"jh2K%j-KSqdQN-ffdIvx"
"annotee.maddicks@edu.tbz.ch"|"RG%xL&-bqkgK5-GuiZUq"
"maelyss.codd@edu.tbz.ch"|"sdO%rq-JK1pug-Nj7veM"
"celia.peplay@edu.tbz.ch"|"iIaYCa-Q#tZjU-DgnqOQ"
"interessant.skone@edu.tbz.ch"|"%TwS8R-qoHPVx-5PyWEY"
"audreanne.hebdon@edu.tbz.ch"|"eRSeiL-80cGqs-MiXo4G"
"oceane.glen@edu.tbz.ch"|"Zd3x#W-r7QxZJ-%qeFrw"
"daniele.vanyushkin@edu.tbz.ch"|"aKzB&o-tt0Pbr-b@L%mG"
"daphnee.ayce@edu.tbz.ch"|"47Wnt$-nhD0aJ-VcVjYS"
"andrea.attride@edu.tbz.ch"|"QRAL29-WafYVC-5N5IN5"
"penelope.bridgwood@edu.tbz.ch"|"DJYkyg-&zH0Hs-ht0rcF"
"mailis.drewitt@edu.tbz.ch"|"21oZci-A%a1t3-zZ9PId"
"penelope.mollene@edu.tbz.ch"|"lyXHie-0E2PYd-82TW#y"
"illustree.keely@edu.tbz.ch"|"Obg4Rz-QWqacy-cv5APY"
"meng.brisseau@edu.tbz.ch"|"MG0Zis-qYeF1f-#D0Rj9"
"ruo.cleiment@edu.tbz.ch"|"N88srY-&Pk3iI-m5%hZc"
"maite.krammer@edu.tbz.ch"|"vgt#th-cdG8Cw-yKptKR"
"genevieve.verry@edu.tbz.ch"|"qv5MaH-LgAb88-iiEnzm"
"lea.olochan@edu.tbz.ch"|"AFnC8M-ClGp0e-14FrY1"
"naelle.brunnen@edu.tbz.ch"|"eSV6cZ-evYqQc-g9lDdv"
"goesta.bragginton@edu.tbz.ch"|"aXmCWW-3XpSVi-L#0Kpo"
"fei.danilyuk@edu.tbz.ch"|"#h2#9l-Wp87#y-SwKidt"
"adelie.turbitt@edu.tbz.ch"|"WugPaB-xG7AdX-3mTiSS"
"marylene.nutman@edu.tbz.ch"|"n7kiaV-3HwZ5%-2u&uuz"
"therese.barbrick@edu.tbz.ch"|"fsGaKS-UHeiIO-s3YWYu"
"melys.kolodziej@edu.tbz.ch"|"84TZII-q30Az%-GnbezI"
"melanie.runchman@edu.tbz.ch"|"dfE24f-RcP%0y-VfoOJ@"
"serena.lafond@edu.tbz.ch"|"d7v9g6-LYnpmX-yS8EeD"
"pelagie.desmond@edu.tbz.ch"|"Oor8vi-M$r%oF-C@pbSw"
"wa.spickett@edu.tbz.ch"|"17K0ik-9eeInZ-SiuGw3"
"po.shave@edu.tbz.ch"|"NLspku-EWP7e9-axNqAI"
"song.huikerby@edu.tbz.ch"|"cz#urq-iouN1M-Vs5P7x"
"melinda.bimson@edu.tbz.ch"|"vfLbKj-55o9nR-t6A2F7"
"personnalisee.toffanelli@edu.tbz.ch"|"AoB16L-6vY#jN-8FzWsN"
"leandre.hurn@edu.tbz.ch"|"vnBUVZ-23ig#W-eMXBy%"
"oesten.standell@edu.tbz.ch"|"MrS34$-birUNG-uvomA%"
"naelle.smaleman@edu.tbz.ch"|"yIcTVz-8C$%bm-gm45l$"
"berenice.tayt@edu.tbz.ch"|"cwle1g-oGlmy9-cVRfnc"
"kui.popplewell@edu.tbz.ch"|"%L68od-oTh@x1-CULpm3"
"melodie.ferandez@edu.tbz.ch"|"jHm0jz-C302al-cpVcCD"
"josee.negal@edu.tbz.ch"|"TsnXi@-2j3%Cn-7yJhBe"
"melissandre.ferrelli@edu.tbz.ch"|"K1%g7C-0uRBZO-GW3wM#"
"josephine.kemmer@edu.tbz.ch"|"KJR6l6-QLlusA-m1J$1X"
"maely.cayette@edu.tbz.ch"|"1%LMcJ-Vzlu3B-FeWFBU"
"nelie.vela@edu.tbz.ch"|"#xdSUn-zr$mFY-i3M5%%"
"melina.cortes@edu.tbz.ch"|"%iXM4n-PVroc5-CpR@UQ"
"megane.leyshon@edu.tbz.ch"|"TLBqD3-M2OVuZ-kM1Nv4"
"regine.harrie@edu.tbz.ch"|"fom4ay-yK2Nie-I1qvEA"
"mylene.widdison@edu.tbz.ch"|"rnSVxU-Dsx2GQ-6uT&6s"
"pelagie.vivash@edu.tbz.ch"|"C0x%l#-Pb5N$m-ATVslP"
"styrbjoern.vicarey@edu.tbz.ch"|"NTKdiy-afxMQp-FGGCet"
"long.kyles@edu.tbz.ch"|"79AVtj-$Kotck-9Bpfha"
"stephanie.gipps@edu.tbz.ch"|"DemeEY-E5RjFi-JjuuwZ"
"clea.constantine@edu.tbz.ch"|"KYGL#V-bxU&dF-2Ys1sB"
"maella.cometto@edu.tbz.ch"|"42CbqP-h11c9J-e3LBze"
"laila.aubrun@edu.tbz.ch"|"29S98T-alYNJ@-FkbU$Z"
"yao.austins@edu.tbz.ch"|"1Ttcf%-XsPY#W-Hl75IX"
"mailys.rylstone@edu.tbz.ch"|"IMqQRc-Y6kaDm-J%1f#&"
"adelie.curuclis@edu.tbz.ch"|"ibKYlB-28tfg4-g$rmXa"
"celine.longhurst@edu.tbz.ch"|"nfP#Bk-Y7eY7o-p6LaXJ"
"gisele.hazell@edu.tbz.ch"|"tEIV%T-iXjPrW-KCCLuv"
"celestine.ciccone@edu.tbz.ch"|"i1SaGn-TLT7R#-Xq6keZ"
"maelyss.doole@edu.tbz.ch"|"06twdo-5PewYB-GqUm58"
"helene.grimsdike@edu.tbz.ch"|"HCF#9n-iE2A3t-AHUQM3"
"lie.macer@edu.tbz.ch"|"y@yg5%-uEfttd-D9fziD"
"maely.izard@edu.tbz.ch"|"%1lFuE-OGMG8O-1exf#k"
"erwei.breewood@edu.tbz.ch"|"ows3K0-F6iUdd-LMehAd"
"chloe.woolford@edu.tbz.ch"|"EuYsWW-Ry@yoZ-qxakkW"
"cleopatre.turpin@edu.tbz.ch"|"P9hLkz-vGlx7$-Nrz@$4"
"melodie.surgison@edu.tbz.ch"|"wc6hoU-&VDaV&-cRiULi"
"elies.leander@edu.tbz.ch"|"EkjDkJ-ezPbb4-JLEPqP"
"mediamass.reignould@edu.tbz.ch"|"nvsY%V-g3tuyB-gZB5Xh"
"celestine.wasmuth@edu.tbz.ch"|"sLpzmt-&febRd-Y#Skcl"
"marten.jervis@edu.tbz.ch"|"wfy2PK-7W3EEZ-8yfF&F"
"daphnee.bour@edu.tbz.ch"|"J6LSSD-8D2Q%S-J2%Ru4"
"regine.harlett@edu.tbz.ch"|"MsWPrm-PHame4-Q9mbi3"
"noemie.macaskie@edu.tbz.ch"|"OC8HHA-4s4X5W-L7XNU@"
"loic.renfield@edu.tbz.ch"|"N0NiB8-99@LUv-JvTSDu"
"venus.kleinert@edu.tbz.ch"|"lQhbrK-P3iTq%-Cl%2aQ"
"marten.burlay@edu.tbz.ch"|"yOe7L7-LwxpLt-0x9qX5"
"berengere.radsdale@edu.tbz.ch"|"UlrqGO-lTLBQR-tDEUxM"
"genevieve.duckit@edu.tbz.ch"|"jozDcy-#D7na@-XGmaLf"
"maely.ligerton@edu.tbz.ch"|"qz9H74-h@H6ie-COe9J9"
"maeline.ricciardelli@edu.tbz.ch"|"JWVe5i-6kIxUY-NoXEpz"
"personnalisee.yggo@edu.tbz.ch"|"Da1#43-FSd%Iv-83XKbf"
"alizee.pettinger@edu.tbz.ch"|"pWQls&-jfiXhq-jqcpyg"
"desiree.curnnokk@edu.tbz.ch"|"c&7e39-rxHLY#-RvRc19"
"dorothee.minors@edu.tbz.ch"|"JCwL6M-y1h7FV-W#HVq%"
"oceanne.kopmann@edu.tbz.ch"|"7#V0a9-cdzc4M-R2qqE7"
"almerinda.brodbin@edu.tbz.ch"|"HqvAzS-t%bAud-So7I&W"
"yenora.carsberg@edu.tbz.ch"|"ALt4Ay-W%Myg2-$3YCKy"
"wa.beetles@edu.tbz.ch"|"3FFfZ2-zGepH%-G7n6Z6"
"audreanne.abbot@edu.tbz.ch"|"jNgcLY-l$PNGQ-Wf0YWd"
"noemie.capper@edu.tbz.ch"|"G9%I0j-wnrl&r-z@UDiG"
"mans.abramamov@edu.tbz.ch"|"@Zp$&c-e$ps%6-$cmY&N"
"audreanne.blakey@edu.tbz.ch"|"9cJf3N-x1Ouns-GD3s9B"
"leone.klimpke@edu.tbz.ch"|"xOYWeR-%kRmCo-rs$2Br"
"lie.croston@edu.tbz.ch"|"9A#3R4-sum0gC-1IrPXg"
"anaelle.baistow@edu.tbz.ch"|"Hgage1-PyM&u2-%xY@Ql"
"michele.garwood@edu.tbz.ch"|"#&ZQUQ-m9MnWC-23yuHS"
"interessant.albion@edu.tbz.ch"|"KqESNv-IifDy5-39kZ9q"
"andre.brisco@edu.tbz.ch"|"dt496F-8f&&%D-UE%twy"
"tang.totterdill@edu.tbz.ch"|"i%K9PJ-HzPp@l-3w4NYx"
"marie-josee.braundt@edu.tbz.ch"|"%1tfJU-#TUuRh-aPJvxJ"
"lois.galer@edu.tbz.ch"|"7IVxDH-NqZN$k-#3cYNR"
"faites.pellamonuten@edu.tbz.ch"|"f5kB$E-zMoc$5-QPfa8V"
"mai.barfford@edu.tbz.ch"|"orkyoG-FMEm4K-8SFYzF"
"laurene.macilory@edu.tbz.ch"|"R4mfkm-B7ZEId-GnNBsb"
"elea.peak@edu.tbz.ch"|"EYjTSz-UU7W#W-uBS$1@"
"rejane.doni@edu.tbz.ch"|"g@f9qm-RWBSzK-QoFIFe"
"mahelie.ector@edu.tbz.ch"|"k6pOzM-CVwfEF-VmqZ7I"
"rachele.allum@edu.tbz.ch"|"59XzOv-nX@frL-D3coDR"
"laila.gerretsen@edu.tbz.ch"|"Kn$FQj-A1$3pI-W4XBPI"
"ines.bowman@edu.tbz.ch"|"4oPlVT-Xyk9J6-4Drgit"
"publicite.barbary@edu.tbz.ch"|"Q7$t14-ECjaxh-btHA8E"
"mailys.smooth@edu.tbz.ch"|"rxqRfM-VEP9V%-E%6mT4"
"mailis.huguenet@edu.tbz.ch"|"&NHqtl-eSyy3e-V$$JzC"
"lea.ewer@edu.tbz.ch"|"Aie3ki-8mGxIb-uhVJib"
