"email"|"password"
"melodie.vandervlies@edu.tbz.ch"|"BQr7E6-Ygqem3-PaF4B2"
"angele.edgecumbe@edu.tbz.ch"|"1uxXvz-rA93rF-l7yuiS"
"zhi.andreasson@edu.tbz.ch"|"ve9$DW-8S0q34-Ba6sai"
"judicael.koppeck@edu.tbz.ch"|"ZBH0OF-eeV8Y2-frTW$t"
"berengere.capron@edu.tbz.ch"|"r0M#sW-@j9fNK-Sr@p&3"
"leonie.brosini@edu.tbz.ch"|"y1Eui&-3Ks51o-MXEEMK"
"venus.garfit@edu.tbz.ch"|"32ONs%-hLTGSQ-2EXRUi"
"melina.janota@edu.tbz.ch"|"fNBOhD-NyuqDR-akokq%"
"laurene.bake@edu.tbz.ch"|"ZSacz2-Zf@PXF-tFa8Ul"
"regine.dorkins@edu.tbz.ch"|"l6twa9-Usmx5i-MJ9PRZ"
"cecile.moffet@edu.tbz.ch"|"@SryA#-Nh7VuA-It2A5I"
"maelann.labrone@edu.tbz.ch"|"eoPb9d-2XaQt$-6lbHE#"
"melinda.newbold@edu.tbz.ch"|"qRyhc0-B46we%-y$EHAW"
"mans.itzhak@edu.tbz.ch"|"8YRE2r-gu@fOU-0KbQ0x"
"melodie.pattlel@edu.tbz.ch"|"bwf3HD-tfMnJI-FwuanO"
"celine.bonett@edu.tbz.ch"|"NT8%os-J55F58-mzeF&S"
"adelie.mcgreal@edu.tbz.ch"|"KRudcc-Hu44wR-FbLe5V"
"helene.soldan@edu.tbz.ch"|"%Z8x45-N1huq3-IA2k57"
"michele.cluer@edu.tbz.ch"|"@%58X@-rIfxlZ-2supY9"
"maeline.mueller@edu.tbz.ch"|"s7xrcb-uRHAdD-uUijND"
"maelann.benedito@edu.tbz.ch"|"Wk1PGP-ti1Vby-ZckrkO"
"nuo.gransden@edu.tbz.ch"|"JU%fB9-t6cv8g-yMZq8z"
"berengere.stainton@edu.tbz.ch"|"XxFfSn-Q2Gi7I-MpZGoE"
"wa.sabater@edu.tbz.ch"|"Utrk4J-b$sAmg-KsiT%2"
"anais.cochran@edu.tbz.ch"|"hUw7Vh-XqaSYC-BEMvn$"
"gerald.bessant@edu.tbz.ch"|"C0dMRr-5T4OuE-RBNKzd"
"ruo.coffin@edu.tbz.ch"|"alEqPk-japa5C-eOdaTy"
"melodie.mustill@edu.tbz.ch"|"2R4Y&p-HAJROF-ij0XKm"
"ruo.stanesby@edu.tbz.ch"|"0@OMNc-Uh$5yr-1WHAkR"
"noemie.antognelli@edu.tbz.ch"|"6G6JEb-0p#zzP-UVMXsA"
"maelann.hughson@edu.tbz.ch"|"H4bHv@-pTgNFO-HdWPsK"
"milena.mieville@edu.tbz.ch"|"hfw7bl-U@Kb7M-r9c19v"
"mailys.chamberlin@edu.tbz.ch"|"i900@6-0mFcv@-reMKAj"
"nadege.tomalin@edu.tbz.ch"|"l4&47h-&QZ4k@-FOOk@o"
"oceane.omara@edu.tbz.ch"|"uZGLdh-HzJkez-FOrZ@j"
"cecile.aguirrezabala@edu.tbz.ch"|"$w9ZEe-EuXjHF-ah%e@G"
"maella.gwillim@edu.tbz.ch"|"$nXDSZ-3ktTPh-Je5t8J"
"lea.mcgahey@edu.tbz.ch"|"pQbYNY-dsilRQ-StXZvh"
"laurene.hagerty@edu.tbz.ch"|"70apJn-q$TmK4-02$Tgz"
"dorothee.link@edu.tbz.ch"|"jUwe2$-1@5DyB-Cnwzhg"
"clementine.kynsey@edu.tbz.ch"|"0fqIjl-y5F7MF-FuCmGf"
"lorene.smitherman@edu.tbz.ch"|"m#Zq7h-NLnIIx-K3vUWn"
"cleopatre.klulicek@edu.tbz.ch"|"q3ifLo-FC&Bio-eprdg@"
"laurene.castaneda@edu.tbz.ch"|"@sljiN-CB$Qk6-He$gwp"
"melia.constant@edu.tbz.ch"|"tfqIEW-Rvz53A-YAY9Sx"
"lucrece.clunie@edu.tbz.ch"|"zkVwkE-mZ@Ona-8xECSn"
"eleonore.mcmurthy@edu.tbz.ch"|"uJMtKa-wB6a1S-ZUlhiB"
"melia.bevar@edu.tbz.ch"|"YK70E2-KRxv#N-Rom9U2"
"camelia.bontine@edu.tbz.ch"|"mgWaKf-QZTbXz-P#OjFv"
"methode.jozefczak@edu.tbz.ch"|"KIojaq-425Wuf-LT2uyr"
"audreanne.hinsche@edu.tbz.ch"|"floDm6-09orjM-@AB3CT"
"andree.varne@edu.tbz.ch"|"TC7v38-brStqe-Zovo4k"
"marten.kinleyside@edu.tbz.ch"|"RnD3w2-mzN$&3-L%7QVJ"
"esteve.mcewan@edu.tbz.ch"|"PkYd&Z-btSI#8-0vccfm"
"leane.dibbert@edu.tbz.ch"|"R8F29Y-fKD%pX-$o15RQ"
"ma.thewlis@edu.tbz.ch"|"4qD1rY-7ya6AP-5AmaIQ"
"clea.djurkovic@edu.tbz.ch"|"@&6DH5-CO9TJB-mJI1&R"
"rachele.reburn@edu.tbz.ch"|"RSYrr%-QIh&mJ-wcoO9i"
"gerald.gowling@edu.tbz.ch"|"8Ql9VE-dzb5wV-TfPjjs"
"cleopatre.jackson@edu.tbz.ch"|"BoaTo9-J98RAM-c4TBpE"
"desiree.haskins@edu.tbz.ch"|"egvCyZ-A$9Vgt-cqBttR"
"eleonore.longson@edu.tbz.ch"|"w9VH5o-9cr88H-k0WFDq"
"leane.dybell@edu.tbz.ch"|"BS2yM9-XO%A4N-n74K9k"
"becassine.grzesiak@edu.tbz.ch"|"YVL@$K-DFAAcC-8tpt$x"
"marie-josee.pickin@edu.tbz.ch"|"e7gR&l-hl%r&b-a$V45E"
"marie-josee.roxby@edu.tbz.ch"|"P&ozyD-GcT&Zh-151asu"
"leonie.feenan@edu.tbz.ch"|"z2&XzD-02T8im-zHLbR7"
"valerie.ellum@edu.tbz.ch"|"z3ITUj-WVxQSx-YGNnGI"
"ju.caseri@edu.tbz.ch"|"en@pwE-ZAItx7-IgDjHB"
"boerje.strangman@edu.tbz.ch"|"SpxCIX-pVM#lx-cKlEk8"
"beatrice.ghidelli@edu.tbz.ch"|"d0vYac-7Vder7-F1FExX"
"da.jablonski@edu.tbz.ch"|"77BEha-6C9JWM-dB&Tq6"
"uo.beveridge@edu.tbz.ch"|"JmmeGN-KT8#CY-tZjHeo"
"valerie.bestman@edu.tbz.ch"|"pbsqN$-pGp1a#-vzfvRg"
"marlene.pohls@edu.tbz.ch"|"wKFAAZ-bcLHMA-Ccj$gJ"
"ma.nolda@edu.tbz.ch"|"KYXBQE-9zvJXn-$TZMmk"
"marlene.bisiker@edu.tbz.ch"|"dmOPCU-L%rbNE-LGYJQi"
"estee.babon@edu.tbz.ch"|"dS5CrZ-r7uHjx-GKJCoq"
"simplifies.dmisek@edu.tbz.ch"|"Uw4oL%-qg1BF9-HeNeL9"
"selene.ganing@edu.tbz.ch"|"tJQCca-v03Zod-rKviTy"
"meryl.penke@edu.tbz.ch"|"2V%xpz-K7LddA-eqsS8e"
"anais.rawcliff@edu.tbz.ch"|"C@@uKF-WP4o9c-0F1kZ9"
"melina.andri@edu.tbz.ch"|"hiXiDK-S3c6og-%C@805"
"audreanne.fodden@edu.tbz.ch"|"qAYJhp-MSWEQz-$am67M"
"bjoern.spellesy@edu.tbz.ch"|"cFJlq$-Bj8Oer-NshUmX"
"francoise.summerscales@edu.tbz.ch"|"ehq1tr-B9Ytpu-In&E7W"
"laurene.ashtonhurst@edu.tbz.ch"|"572@r&-OuI&2$-WweInk"
"valerie.petters@edu.tbz.ch"|"N2a8Vt-5QGJiD-KhJOGv"
"anael.spenclay@edu.tbz.ch"|"1yBFR%-ECFB%k-$dJ2kM"
"stephanie.keech@edu.tbz.ch"|"sssu8P-f%gG1X-T7j5Ml"
"ines.deveril@edu.tbz.ch"|"yguNjH-ZdiDzv-4&RCE4"
"berenice.gelder@edu.tbz.ch"|"ghixth-Sv4Xz9-T85KA@"
"melanie.ofogerty@edu.tbz.ch"|"AXeDH9-s$4hO4-eXHE6D"
"frederique.canepe@edu.tbz.ch"|"pA3Y@2-yEA4me-dCqP@j"
"nuo.otton@edu.tbz.ch"|"$ZWBuN-1l&HEZ-Ft2FR@"
"genevieve.trusler@edu.tbz.ch"|"LhrSiI-H%9yRM-0v72K0"
"ju.boag@edu.tbz.ch"|"e8xuwf-Xv$b80-RD&zsT"
"josephine.dilucia@edu.tbz.ch"|"eqel@0-HrWgI7-GvgCaS"
"laurene.armsden@edu.tbz.ch"|"6SEwl&-gDiol7-tOudxw"
"becassine.griffe@edu.tbz.ch"|"pem6H%-%&4Gw@-i6a@cF"
"alois.parres@edu.tbz.ch"|"qbnirw-MIjHXW-#wH8Ut"
"cleopatre.gaffey@edu.tbz.ch"|"CMl&Qj-gcWCf1-DbuEUR"
"andre.stiger@edu.tbz.ch"|"tzE%%5-U$q8Ib-yxZSpd"
"beatrice.godleman@edu.tbz.ch"|"te%QOD-P&WKXO-Vf7JJa"
"hakan.harrhy@edu.tbz.ch"|"Ez&jsM-r4buL%-v3O3zy"
"celestine.dagnan@edu.tbz.ch"|"tqkpz%-kE5U4Q-UHEYxL"
"clemence.haggart@edu.tbz.ch"|"HQDirC-i#26tX-@wj#Ci"
"long.caban@edu.tbz.ch"|"&lLjMx-fz%Mc2-8t&zL$"
"gaetane.grimble@edu.tbz.ch"|"C9Ltnu-9$iDVD-1D2S6E"
"maelann.piwall@edu.tbz.ch"|"PHskg8-4$9j$1-aW2gLw"
"magdalene.loble@edu.tbz.ch"|"QT#w@4-u8f3n@-P@W2uu"
"veronique.domaschke@edu.tbz.ch"|"VB4dIy-J7zEKs-9DZZi$"
"clea.herity@edu.tbz.ch"|"eEcI$$-nIT8E$-u%QCn%"
"maelann.bambrough@edu.tbz.ch"|"7fN7G4-EbsQit-9Yf&v@"
"clea.goulstone@edu.tbz.ch"|"bDSIbH-J8#tHQ-TAloSJ"
"renee.deleek@edu.tbz.ch"|"CeHe@J-wMQsHZ-QIysxt"
"boerje.rudderham@edu.tbz.ch"|"pv5r9A-Lh$bzt-@K4DoT"
"marylene.broune@edu.tbz.ch"|"MwBqXx-jrRJ6s-2Uruec"
"nadege.mccuish@edu.tbz.ch"|"tBeopp-esp1v6-&px5f1"
"anael.littleover@edu.tbz.ch"|"lieLTr-6sbvFb-aKdpeO"
"lie.baume@edu.tbz.ch"|"a408EH-zPoGVO-2GD9Wt"
"maella.murrow@edu.tbz.ch"|"oBQC6a-ii8fyW-qplDOF"
"cleopatre.pettifor@edu.tbz.ch"|"6cqAke-DCVVA@-ZIB@$l"
"geraldine.asker@edu.tbz.ch"|"lVYVgw-iqF8qB-v3J0bQ"
"gaetane.smedmore@edu.tbz.ch"|"pk66q#-r&WCHY-zN5ygk"
"meryl.blencoe@edu.tbz.ch"|"Lks1vA-v1PDZn-Z0FpHd"
"aurelie.chastaing@edu.tbz.ch"|"XGoo32-7%Tj$@-IY%l#W"
"oceanne.marthen@edu.tbz.ch"|"jYo&my-3xmt9r-Bi@rfX"
"dorothee.burrill@edu.tbz.ch"|"R&zWqF-Dx#xJj-IKx3gt"
"hakan.belden@edu.tbz.ch"|"l$&VzS-CymMzI-BuUx6E"
"celine.brunning@edu.tbz.ch"|"KMyEfb-gYU@aG-GXRSXr"
"anael.lapides@edu.tbz.ch"|"Jp0yZ0-9UA4Wx-iZjax#"
"ruo.saffran@edu.tbz.ch"|"5nu3hD-Z9D1HR-4dAIG#"
"loic.gerretsen@edu.tbz.ch"|"i&bl@z-6Ju2eG-yfJj4q"
"rui.fitzer@edu.tbz.ch"|"tpVI7l-Bo7gB5-vxs7A6"
"annotee.ogers@edu.tbz.ch"|"5xANze-D4s5gF-QzUB&F"
"boerje.bindin@edu.tbz.ch"|"@H3%cv-%g0uJx-qwc$7y"
"ma.cronchey@edu.tbz.ch"|"5uw2bE-5a6cJt-sFzh58"
"laurelie.baiyle@edu.tbz.ch"|"xcJvAX-i6HCK5-OMC&tz"
"dorothee.older@edu.tbz.ch"|"gGL5Tx-X%J0Sg-1h7gME"
"laurena.wile@edu.tbz.ch"|"y0VtuT-@%&8F1-3akdJq"
"clemence.brito@edu.tbz.ch"|"LczxEq-fAoEhF-nh&rRQ"
"nadege.dallin@edu.tbz.ch"|"aI2BTz-hnLVew-gC9X0w"
"mailis.matley@edu.tbz.ch"|"oakK6#-mIFTOE-NykE8I"
"daniele.screaton@edu.tbz.ch"|"xIXQpI-MgDvjg-nsO4M8"
"mediamass.godly@edu.tbz.ch"|"xWnm9j-IJ0fkR-LcBTZ@"
"leone.kremer@edu.tbz.ch"|"yTtxuS-OhYell-sBJ05b"
"asa.adrian@edu.tbz.ch"|"UBseHI-lvedik-ux3T&V"
"adele.doley@edu.tbz.ch"|"Rn4sWk-tZv&ox-35u5qG"
"fei.sidney@edu.tbz.ch"|"@VM$YE-kTQxhO-x1IGf1"
"marie-josee.walisiak@edu.tbz.ch"|"HALxKd-GITVwd-VMI%jq"
"desiree.diplock@edu.tbz.ch"|"DEk3o1-2eFfDH-b1UqP#"
"gisele.schust@edu.tbz.ch"|"V@K%o8-cveqRs-WwNaq4"
"ma.longshaw@edu.tbz.ch"|"Jqlnk6-#8sR6e-GDrnIY"
"da.boother@edu.tbz.ch"|"#%rVdH-EbUm5J-oxZVVF"
"simplifies.chaudhry@edu.tbz.ch"|"4Lh&jX-N$6AiX-&6$EBg"
"garcon.baniard@edu.tbz.ch"|"hBpMEl-O$sQ#j-IsuHRd"
"gaetane.elphee@edu.tbz.ch"|"F2@Sn6-Omgr8T-gfI3jk"
"gisele.hassey@edu.tbz.ch"|"3Rx@Ce-DlpWQA-AnE9Y9"
"oceanne.booley@edu.tbz.ch"|"ZfUpc5-K8cUQE-HpmBzL"
"oerjan.dibden@edu.tbz.ch"|"fTA$tZ-@mP7H@-4NHccr"
"regine.ocleary@edu.tbz.ch"|"ckLuLO-7hQk9y-cefLF%"
"selene.persse@edu.tbz.ch"|"u2Wkft-09CXk2-M5yrZ&"
"helena.adenot@edu.tbz.ch"|"4&byMQ-p9iCrg-TOiu5t"
"maelann.wassung@edu.tbz.ch"|"CDc@JH-A8@t6v-ZBVwc2"
"frederique.ackermann@edu.tbz.ch"|"LR4sWQ-KBG9Q#-eg0c7l"
"audreanne.kahen@edu.tbz.ch"|"1oxMf&-vfNXwn-1Ml7m6"
"maiwenn.lasty@edu.tbz.ch"|"#zGTPC-FFB1Xl-#xRxMk"
"yu.dictus@edu.tbz.ch"|"9ju&p#-3iMdEs-UtKPcN"
"anae.dukes@edu.tbz.ch"|"RYYiEG-#x%SNv-4&dZPY"
"yenora.warr@edu.tbz.ch"|"%uLipa-nnFjI&-#&2pDD"
"esbjoern.archibold@edu.tbz.ch"|"$A9nAn-g5Jzyh-YnYtfr"
"milena.pardal@edu.tbz.ch"|"SolcOn-mJcy1x-j1Z@$8"
"celestine.graveston@edu.tbz.ch"|"E8mBtF-$DGsqn-E@3YLy"
"maena.dallas@edu.tbz.ch"|"I8ogao-2lYeQr-IHWTkM"
"andree.tuke@edu.tbz.ch"|"NZokOR-8hiTNQ-mLk#jI"
"methode.seldner@edu.tbz.ch"|"qvgrMI-SevS03-c2Sbwj"
"venus.bullas@edu.tbz.ch"|"awoFIL-cDwJ9w-1Ih4c$"
"mans.aguirrezabal@edu.tbz.ch"|"5HYmOA-UQSI8U-D25Odi"
"gaelle.eadington@edu.tbz.ch"|"Kh9U&N-8%Qu@3-itHRx1"
"anaelle.falkner@edu.tbz.ch"|"2ig@UV-5oHocM-4yVW6&"
"ophelie.height@edu.tbz.ch"|"kg@Ncg-7MMOrY-4cS%Qz"
"marten.bolding@edu.tbz.ch"|"EXqj08-PBQDEF-Wdq#S&"
"pelagie.guswell@edu.tbz.ch"|"@cj&TN-X51v&5-c9pARV"
"gwenaelle.lecount@edu.tbz.ch"|"k57D04-pi&51G-D$46wU"
"hakan.laden@edu.tbz.ch"|"m@c01Z-Ym9Nu%-ekHYXS"
"marie-josee.hylands@edu.tbz.ch"|"XWpIWM-uePgqI-$7nN7M"
"zoe.kingshott@edu.tbz.ch"|"0eF%LN-0cz$Vv-1YCfl8"
"josee.janous@edu.tbz.ch"|"MfR5BN-c8o7@F-Xd1azK"
"laurene.gallally@edu.tbz.ch"|"ihoB$d-0xXpC0-N2K61B"
"anael.bickle@edu.tbz.ch"|"ph4$30-i#h&Uo-Dd&4uV"
"mediamass.lebbern@edu.tbz.ch"|"1MFk2K-etMaGf-GWA$AZ"
"berengere.hovy@edu.tbz.ch"|"d%@v%r-DH1Brx-5sHI3o"
"oerjan.kilmurray@edu.tbz.ch"|"@8yFFa-C47D7A-f7uU6b"
"asloeg.venny@edu.tbz.ch"|"a28XN$-y80hal-Js2z6&"
"marie-noel.stoad@edu.tbz.ch"|"JzmTo%-rXMhtx-vjIEV@"
"hakan.pettifor@edu.tbz.ch"|"KO7&Sv-HJn%%3-GpO&Ue"
"maella.willgrass@edu.tbz.ch"|"Jy1m$U-p#c9Xc-MG#YWJ"
"therese.ludovici@edu.tbz.ch"|"oaIisT-SVukWb-uTiY@h"
"stephanie.trewhitt@edu.tbz.ch"|"W5Vdqr-0T8th0-@zkBO5"
"maerta.bauduccio@edu.tbz.ch"|"plJJI&-xR4Xom-hIYqMi"
"gaetane.glaisner@edu.tbz.ch"|"5znz$M-393Sei-47LL7@"
"naeva.pargeter@edu.tbz.ch"|"70fq3b-0JO#wu-t6EYxD"
"salome.venable@edu.tbz.ch"|"JbiZu%-EzxD$I-JKjN4#"
"boerje.thickett@edu.tbz.ch"|"PszAIE-tvRWft-qVvHKG"
"lucrece.prendergrass@edu.tbz.ch"|"2GljNS-Cru9$D-kB$FrH"
"laurene.ockleshaw@edu.tbz.ch"|"7RLn01-AyRpbu-$APoxG"
"cecilia.pasticznyk@edu.tbz.ch"|"$j&n2W-97OqWh-4Qnop#"
"stevina.mackey@edu.tbz.ch"|"VX6w9z-5CBAO3-LKMkt@"
"marie-noel.reven@edu.tbz.ch"|"TrlEKV-8YR1N6-@U&sXL"
"melina.quilkin@edu.tbz.ch"|"hRIhXe-zEBkTD-Eh%IFB"
"marie-noel.ferrie@edu.tbz.ch"|"nUpWaB-VyQwxP-3#udFC"
"leone.alphege@edu.tbz.ch"|"kIceZR-uT7GTL-$mxIZr"
"zoe.leverson@edu.tbz.ch"|"CCY5L4-CfUVkq-FvgnRy"
"annotes.grayne@edu.tbz.ch"|"pKyCvW-kQsx%6-ngGd&m"
"faites.lalley@edu.tbz.ch"|"sdbJGJ-WyISkY-@3Jph&"
"adele.wallis@edu.tbz.ch"|"5cANPo-$TtVI$-Lw9rsN"
"severine.madill@edu.tbz.ch"|"Z@VF5D-0Q7U&b-V3nPnu"
"valerie.tebb@edu.tbz.ch"|"#FC%F2-eVIUbg-yHj1Cp"
"kalliste.rasper@edu.tbz.ch"|"lpTmq6-orAogT-OkdUoH"
"audreanne.palomba@edu.tbz.ch"|"rXFb7I-9hGhP5-khMKRk"
"elea.adamik@edu.tbz.ch"|"ub@6&$-h%Du%D-w7Z$T3"
"reserves.jakuszewski@edu.tbz.ch"|"SqSR@8-iWOycX-@jamre"
"athena.belhomme@edu.tbz.ch"|"ErwyJ5-@aGJ8e-0eSQ&j"
"rebecca.crippin@edu.tbz.ch"|"8NZS$6-dJD1FC-UmVa$v"
"maiwenn.curman@edu.tbz.ch"|"#LFV3X-o6jP5J-Bsfxjf"
"andree.bunner@edu.tbz.ch"|"grKxLA-UNoUaO-gZoQXX"
"ruo.winckles@edu.tbz.ch"|"Cw3val-ZCkK6B-FOplf8"
"naeva.buntine@edu.tbz.ch"|"GxUOBf-7WvS#V-nOG4lR"
"boerje.dollard@edu.tbz.ch"|"TTwKY3-u$VaWn-YKi6ak"
"penelope.gorman@edu.tbz.ch"|"yILXC&-ywBYEq-vDArwN"
"alois.robelin@edu.tbz.ch"|"w90Z3V-%Iw%sE-WEV2sb"
"anaelle.tindle@edu.tbz.ch"|"x2$HuU-bBcOvU-7ZAtLO"
"ye.frears@edu.tbz.ch"|"Y47ebr-95InOx-iwi9l$"
"andree.ovid@edu.tbz.ch"|"bXNowc-hjHLfc-ZRU8A3"
"hakan.peat@edu.tbz.ch"|"d$f$ak-eALvoO-nP21lp"
"andre.januszewski@edu.tbz.ch"|"SsIgrS-HOdGL9-XoZLWJ"
"annotes.clemmett@edu.tbz.ch"|"$gAAFs-21FgfO-wltnTQ"
"pal.lambswood@edu.tbz.ch"|"amg&2Q-aHvl6a-IkJ%3G"
"yao.lenton@edu.tbz.ch"|"pXMQcf-E5nAPY-3OqJcq"
"hakan.boyton@edu.tbz.ch"|"pMkEI6-mSYhaj-#VZo5H"
"nelie.forsey@edu.tbz.ch"|"%dJbGi-Ns1jdB-ev9ExG"
"hakan.horche@edu.tbz.ch"|"4J3&pO-%QZW@x-ECNeMv"
"lorene.sinkings@edu.tbz.ch"|"44RjKu-QC5kln-i5AgdL"
"marie-therese.creddon@edu.tbz.ch"|"uCZCou-f%PTNM-Rd9ioV"
"berenice.tolworthy@edu.tbz.ch"|"AJKpQB-JqY8DQ-qw%#gX"
"theresa.land@edu.tbz.ch"|"86S%tO-hrPoVE-p2ZY9G"
"marie-therese.gianilli@edu.tbz.ch"|"9SsoP%-u9J&ou-xohYbU"
"meryl.glew@edu.tbz.ch"|"B6@sZo-1PWc1t-tn9AIo"
"adele.debling@edu.tbz.ch"|"TDDFkv-V%z%J9-MMtE4o"
"anae.metzke@edu.tbz.ch"|"vbDXTv-wHVpHi-cX%0yh"
"gaetane.gooden@edu.tbz.ch"|"ZVg53$-mg876G-m#Wv2G"
"laila.bootland@edu.tbz.ch"|"aVnqHI-%z1bD7-o0nBfh"
"maite.helsdon@edu.tbz.ch"|"9Xi#3v-O3GKf6-@8v$rP"
"andree.malley@edu.tbz.ch"|"f4xCMM-V3rF#h-wLJ11u"
"pal.simmens@edu.tbz.ch"|"93NK#$-$2CIjS-mDiabN"
"maelys.nuccitelli@edu.tbz.ch"|"QDd#1R-is6bHY-o%EFEy"
"dafnee.sibary@edu.tbz.ch"|"G87H1i-MnqHaV-mrn4pE"
"alois.harsnep@edu.tbz.ch"|"mTKaiU-L8s6px-cX$@Tl"
"marie-helene.lacky@edu.tbz.ch"|"&T@sph-4gDQ8C-c$Ra1J"
"mylene.youthed@edu.tbz.ch"|"hSmTZF-HbRKtw-QlU%e4"
"marie-helene.dehmel@edu.tbz.ch"|"ZTAthL-UwwRqR-JC&o3t"
"angele.batman@edu.tbz.ch"|"B59CMF-5VPc1j-zogCk7"
"melia.younghusband@edu.tbz.ch"|"QvWO1Q-sZJTiw-osOag6"
"eloise.baldi@edu.tbz.ch"|"d$C7Rt-#Q4szB-$tn&DB"
"illustree.dun@edu.tbz.ch"|"InUU&y-#U28xo-BWIxLc"
"genevieve.late@edu.tbz.ch"|"Yfjd7R-yjOYkP-jOclh$"
"celestine.colville@edu.tbz.ch"|"SeETMk-q7SKhm-WHPIJe"
"gwenaelle.scarlon@edu.tbz.ch"|"AaXs#S-Qlm&zl-ETuUoQ"
"regine.boddie@edu.tbz.ch"|"PMH49k-hMxv3l-bf1brc"
"creez.gaughan@edu.tbz.ch"|"7iZyoq-AtHC7l-EoDshN"
"gaia.longford@edu.tbz.ch"|"DSx8nT-88VjSb-C9ioAC"
"mailis.buckby@edu.tbz.ch"|"L$FeTK-R&%LsN-4$PC3B"
"song.parbrook@edu.tbz.ch"|"EBaCKo-m8MbkF-euXY6c"
"frederique.heddan@edu.tbz.ch"|"755yTY-mlI53k-IlA51J"
"ake.kirtlan@edu.tbz.ch"|"jagZUc-JvcUtT-DVLlSY"
"nelie.runciman@edu.tbz.ch"|"vb4g1e-TAddoq-#QkSWz"
"mailis.cardnell@edu.tbz.ch"|"&4xAzM-E0Xr60-KMnY&3"
"irene.navarro@edu.tbz.ch"|"SFhaA0-6pJhnQ-1xlxnY"
"maite.cough@edu.tbz.ch"|"qFKKeD-vkS3H@-txNfpt"
"anaelle.stocky@edu.tbz.ch"|"ZX3gfa-ECs#t9-MhFA2J"
"methode.moulder@edu.tbz.ch"|"wqOBsT-1t0hiZ-ZRYFt3"
"po.stafford@edu.tbz.ch"|"m5SDnb-wlXZwO-DUeDC5"
"faites.scraggs@edu.tbz.ch"|"AcU#Z%-lR@svO-ENaY&G"
"adelaide.dullard@edu.tbz.ch"|"C#JBPY-q1B7LR-SrA$EI"
"desiree.leonard@edu.tbz.ch"|"mBpm6q-59dH1r-8dXcGb"
"geraldine.badgers@edu.tbz.ch"|"lTjo01-bxUDte-gRkQEI"
"ruo.masic@edu.tbz.ch"|"IG$vUB-PWlQ6p-nSRbAc"
"aurelie.lieber@edu.tbz.ch"|"aes07g-uC8Z6%-rq52zy"
"naelle.balcock@edu.tbz.ch"|"3@uSWU-SsU4k1-0@EjLc"
"camelia.elger@edu.tbz.ch"|"pwy@IM-xko2QW-0@rZOn"
"publicite.oakeshott@edu.tbz.ch"|"pboAi#-s2$$U#-a00%Hj"
"cleopatre.fawley@edu.tbz.ch"|"ylsZnX-UMHnjZ-TistTe"
"laurene.bruckmann@edu.tbz.ch"|"9DCwR0-HJcAA4-aHBtGg"
"rui.haughton@edu.tbz.ch"|"TI#f4w-F6LC1t-rMljHv"
"asa.ladewig@edu.tbz.ch"|"vWlm$L-5i#QAm-X#QIdl"
"gisele.janecek@edu.tbz.ch"|"ZEKh#M-hf0EKk-44vnVI"
"maily.loveridge@edu.tbz.ch"|"DWLRFT-5uGHHA-z1&rMh"
"marie-eve.yurkiewicz@edu.tbz.ch"|"6Dag7Q-ysc4W6-KWoOBE"
"fei.roder@edu.tbz.ch"|"4dFwcT-4brB0H-K&Zq$s"
"edmee.chatburn@edu.tbz.ch"|"hQa&BR-xNOSON-hXHrNM"
"geraldine.darke@edu.tbz.ch"|"AXSK1B-IggphC-B0Q33c"
"ye.jira@edu.tbz.ch"|"hy@Xk7-%&rdo4-YLPF#r"
"publicite.persent@edu.tbz.ch"|"DqcVk#-56MxZX-yJ74U9"
"severine.wilcox@edu.tbz.ch"|"LA$FPC-fe8YDh-NkB8CW"
"yao.mcclaren@edu.tbz.ch"|"sdw4DR-MYlmLJ-RXp#dx"
"theresa.foynes@edu.tbz.ch"|"2lax#z-m4j7hT-FEqNCk"
"stephanie.isley@edu.tbz.ch"|"TMNsr0-L11hRY-FHAmxu"
"torbjoern.growy@edu.tbz.ch"|"1rh%f7-bINnzp-ScD1P9"
"eloise.tunnadine@edu.tbz.ch"|"N4m8hx-sSNGQH-4kiIim"
"maeline.cossentine@edu.tbz.ch"|"$B&@DJ-eklPR%-QGFK%9"
"nelie.desantos@edu.tbz.ch"|"yiz71L-10w@@Z-yUggaM"
"gaetane.axston@edu.tbz.ch"|"c97exJ-b570@x-BP@WBt"
"aimee.merman@edu.tbz.ch"|"EjMjhn-EkTwBT-f#EpEy"
"oerjan.drivers@edu.tbz.ch"|"cnpXTb-LrRHMF-&hIm&q"
"aimee.miroy@edu.tbz.ch"|"jXaaE3-$QaWFc-4E7an3"
"nelie.glyde@edu.tbz.ch"|"q@3n32-TL49K3-lR80gA"
"hakan.kapelhof@edu.tbz.ch"|"zX@5u%-mXNFqp-Zct90R"
"maelyss.cauley@edu.tbz.ch"|"knwdXA-dulkRf-HM%nhV"
"elea.vaggs@edu.tbz.ch"|"JMsMF4-v5kOW3-ZHZOlx"
"maelys.but@edu.tbz.ch"|"0Xo5Qw-3WnBig-jcLVef"
"maella.arthurs@edu.tbz.ch"|"wCNQk4-h30PKx-m6BPY7"
"adele.liebrecht@edu.tbz.ch"|"B$@DLE-YRNrWe-NS&IuW"
"meline.lomasny@edu.tbz.ch"|"9LsoKN-5uHAds-WxDpAN"
"mediamass.schwant@edu.tbz.ch"|"jAkR7Y-PA8f46-itl5Ov"
"leone.saunt@edu.tbz.ch"|"gH&7fn-nDv5qD-nmKKY&"
"annotes.gouch@edu.tbz.ch"|"Rx1Ji8-F#T2@%-66j9F1"
"gaetane.bowich@edu.tbz.ch"|"E$ODKH-MjeWoq-cJzfw3"
"alizee.strelitzki@edu.tbz.ch"|"gvK&$U-EBh@nQ-mgud7j"
"leone.poile@edu.tbz.ch"|"CdCZqK-KU1db%-%vXq5s"
"amelie.saban@edu.tbz.ch"|"YcD8UG-BTkHym-ZZcSOb"
"marten.mcmenamin@edu.tbz.ch"|"TQgHEk-NEiDxk-86aWkC"
"becassine.keets@edu.tbz.ch"|"GFfEc5-tHv@vp-n06Xi%"
"celine.million@edu.tbz.ch"|"5VM%VR-Rd&KJ0-ndQkuP"
"geraldine.belitz@edu.tbz.ch"|"vo3otv-FIgMHD-CJVEQ%"
"salome.mardling@edu.tbz.ch"|"mW5SHd-32T89L-iY%Iq9"
"melia.blakemore@edu.tbz.ch"|"FD#RZN-d7@c&a-IkgGn3"
"dafnee.mcaulay@edu.tbz.ch"|"8YkuRm-vDC%7R-2rtyni"
"garcon.dennett@edu.tbz.ch"|"I@TpeL-@BKAcP-filyXl"
"interessant.lesor@edu.tbz.ch"|"f@7HnD-vxLvDb-HXr1AP"
"annotee.wasbrough@edu.tbz.ch"|"ZqDEGY-gIBPBF-uKGf8q"
"asa.ibbeson@edu.tbz.ch"|"J68mtZ-hpJDoN-Aw57uy"
"maily.kennealy@edu.tbz.ch"|"7SK6So-0EOLcb-KY7WP%"
"ye.seares@edu.tbz.ch"|"0bHgDf-H4DtO6-pVh%$F"
"athena.harbron@edu.tbz.ch"|"MMtvOU-PAGeDU-m6iZgi"
"andreanne.portail@edu.tbz.ch"|"m22PJ%-jprE8g-bLut$l"
"goeran.zannelli@edu.tbz.ch"|"SJIh6P-EJXY3@-#TbaTw"
"gerald.leathlay@edu.tbz.ch"|"kMCCx2-0A#bgL-hpQDRf"
"andreanne.chown@edu.tbz.ch"|"&@I8zh-PzsC41-s8upe1"
"esteve.clementel@edu.tbz.ch"|"dMxnsG-LtlP1U-m2Ebzr"
"leone.legan@edu.tbz.ch"|"P4ZJx$-JZiTx1-dnLeAe"
"maena.pownall@edu.tbz.ch"|"JimXZ6-P$a5Vi-C&%j$e"
"andree.rettie@edu.tbz.ch"|"EW$eJ6-cDi3uu-PFufAx"
"ines.kenwrick@edu.tbz.ch"|"7EnO6C-#1AGjy-pAD2jL"
"marie-helene.yarnall@edu.tbz.ch"|"Hf9pSi-O#w8mE-QtR7LM"
"po.martin@edu.tbz.ch"|"t0S0H$-DF8&Ji-OFTnRa"
"ruo.celiz@edu.tbz.ch"|"8qPphv-7ZyXIl-LPURc9"
"po.bissett@edu.tbz.ch"|"rwmk7c-LHKTrx-b5NqOH"
"du.swindon@edu.tbz.ch"|"ynTakA-OV&gUi-ww&o#5"
"interessant.gouldthorp@edu.tbz.ch"|"KpHPBX-ZEX85j-9J04P@"
"leandre.lilburn@edu.tbz.ch"|"y&$PvN-0Y@%Me-%3zVKS"
"bjoern.whales@edu.tbz.ch"|"710bfl-64po7T-C1QXIc"
"interessant.dieton@edu.tbz.ch"|"pIHdxF-@UKgvo-a5$8qg"
"celestine.redhills@edu.tbz.ch"|"89GXrh-Ejjy1@-hHKdMV"
"tan.yakovlev@edu.tbz.ch"|"jcQL3&-rTAhHi-qTO4yR"
"regine.mcdowell@edu.tbz.ch"|"GALeO7-84&gw9-yXb2eh"
"ju.coysh@edu.tbz.ch"|"N94YU2-KQ4tf0-AsLgyh"
"reserves.ofallon@edu.tbz.ch"|"qSGX42-scyAnf-SV6J8i"
"frederique.sobey@edu.tbz.ch"|"t7lWs#-wI1asy-ku1b@n"
"marie-eve.garstang@edu.tbz.ch"|"4v9Kro-MIYFsN-n%Z5U#"
"andre.tapin@edu.tbz.ch"|"O6&4Se-sDfjj8-1M5#CY"
"esbjoern.eynon@edu.tbz.ch"|"oyOPDg-RcM4M0-n$BBOC"
"maella.duffy@edu.tbz.ch"|"Mj#UZW-$wSSQU-0zsz&W"
"leandre.twinning@edu.tbz.ch"|"zTJiWi-BcZsZH-IMQz9y"
"mai.whittingham@edu.tbz.ch"|"x3Ft1T-egJ7Jw-XlaiW$"
"rachele.shevelin@edu.tbz.ch"|"WIOTQE-UJiWiH-D3bhy%"
"cecile.mcure@edu.tbz.ch"|"EJI$Ni-3kRWSA-%g$ifg"
"marie-eve.yurkevich@edu.tbz.ch"|"xdGJv7-7Kxzf9-yZU3Z8"
"almerinda.paice@edu.tbz.ch"|"WWm1&P-rbNlSm-tkqYa3"
"rao.howkins@edu.tbz.ch"|"b5Ls@1-%Pmrqk-ZiBvV8"
"serena.pack@edu.tbz.ch"|"%HnsrA-DBy9tk-I88rrX"
"rebecca.mant@edu.tbz.ch"|"Wx2cxe-O#q&g#-sEPrby"
"reserves.spitell@edu.tbz.ch"|"Qv1FWY-CdubY3-LOIwvA"
"garcon.hamfleet@edu.tbz.ch"|"Gg2xdo-Z@ezRw-N7wHs6"
"methode.kerkham@edu.tbz.ch"|"S1KocU-ScE9S&-qJ4M8S"
"pelagie.camies@edu.tbz.ch"|"fDMMvV-VDGiK@-Dd7wmQ"
"josephine.macpharlain@edu.tbz.ch"|"%HnvSV-IBprcL-LXAD1q"
"eugenie.mathet@edu.tbz.ch"|"q0w5L&-z%fMCj-zF$pdP"
"gaetane.brangan@edu.tbz.ch"|"fMtPh%-jy1qk0-DQbQBj"
"michele.dewbury@edu.tbz.ch"|"SGy2ax-xCZ%as-Czicvb"
"eugenie.elcott@edu.tbz.ch"|"v4wPtm-zyc%mX-df0H5X"
"megane.harniman@edu.tbz.ch"|"IoNfrM-cg6Dev-hPl%Cl"
"agnes.cluney@edu.tbz.ch"|"#9Q2nv-9xUSX3-8t2dKt"
"marie-helene.angear@edu.tbz.ch"|"d7xRHx-fnV%xk-ejZMXW"
"melia.dolphin@edu.tbz.ch"|"$qi19b-@W@gB0-LSVMhJ"
"lois.ruseworth@edu.tbz.ch"|"emaoV9-#q9Oy4-MP9JKy"
"mailys.ryding@edu.tbz.ch"|"D&CsYV-N3ELSn-90PJdL"
"rachele.wulfinger@edu.tbz.ch"|"qgUX4X-0VfIyj-eWzzUh"
"gwenaelle.talton@edu.tbz.ch"|"$n$Z5@-pSXOK9-RykVKt"
"long.ronchetti@edu.tbz.ch"|"UxAo2z-C6Amoi-TaUvYv"
"styrbjoern.kloska@edu.tbz.ch"|"w7JFdc-I0@lhC-yUUX&W"
"len.sudran@edu.tbz.ch"|"36NfZ2-4WoneC-TNm58g"
"maelle.andrysek@edu.tbz.ch"|"x@HWJz-4L2U6b-0pz$DP"
"selene.senior@edu.tbz.ch"|"4AgR&b-lPnhNG-hrQ#SF"
"anais.joskovitch@edu.tbz.ch"|"AfGwp4-DO9wgQ-jN6vAe"
"marie-noel.dally@edu.tbz.ch"|"jJMtvz-pTDKxr-qznspN"
"marie-helene.laurence@edu.tbz.ch"|"4&n1DY-oaeuoG-JWNgnZ"
"camelia.foxon@edu.tbz.ch"|"fhP4pa-6J9hbo-kLLe35"
"helene.cankett@edu.tbz.ch"|"ilOjtA-iySoMe-$BIwzh"
"marten.mitchelson@edu.tbz.ch"|"V@4qJL-lBN0ev-I@K5J&"
"helena.stirtle@edu.tbz.ch"|"STkYYa-8oR%aF-RI$Ej1"
"leane.barmby@edu.tbz.ch"|"wQsSPw-nBiTEv-JGr6XN"
"goeran.ofinan@edu.tbz.ch"|"ivizUz-tLKLIz-Z$5Umg"
"styrbjoern.proby@edu.tbz.ch"|"NV@Dr@-avY75I-2cZjqT"
"zoe.halse@edu.tbz.ch"|"vOCIC0-U2q6ir-$qEjGE"
"kui.drable@edu.tbz.ch"|"NGucT6-6H2ONN-$NSff#"
"desiree.bamford@edu.tbz.ch"|"g#HFvJ-8q7q40-5RX0hZ"
"zoe.suller@edu.tbz.ch"|"ELt@#y-wMTp46-RHgLeN"
"marylene.audiss@edu.tbz.ch"|"uIUli6-nVWXKs-fz@9r@"
"adelaide.poznanski@edu.tbz.ch"|"fjM&WE-Uu9EFK-GvPa1X"
"maella.coleyshaw@edu.tbz.ch"|"HMcW4j-ZWRqS2-LhjoK@"
"marie-francoise.gelder@edu.tbz.ch"|"tzTCHb-L9%r1J-Ix@2kl"
"eleonore.chaffyn@edu.tbz.ch"|"%eudbp-kziEi@-LNRNIA"
"celestine.sikorsky@edu.tbz.ch"|"R4iV%A-LD4FQW-svgDuI"
"stevina.londsdale@edu.tbz.ch"|"Gx#zPI-Osi5Ub-M6LII#"
"maiwenn.nevitt@edu.tbz.ch"|"iT0K3D-4o3FcP-$dzD9i"
"magdalene.gerrey@edu.tbz.ch"|"lK9tIC-KqFEO%-twNKq3"
"becassine.latimer@edu.tbz.ch"|"FZh4Jn-1A6Nvx-czKWUI"
"da.lethibridge@edu.tbz.ch"|"koRWEo-se1IDr-YMtkSD"
"mailys.claige@edu.tbz.ch"|"HEUQQp-oST3XF-Xt8AfX"
"maena.torbard@edu.tbz.ch"|"Vk5Hw3-mkN2eV-64G6v8"
"solene.lyvon@edu.tbz.ch"|"RLGu@c-8#NGOa-zbITD3"
"marie-therese.benbrick@edu.tbz.ch"|"@pIAhl-9FaiNZ-vqMOaJ"
"gerald.edmonson@edu.tbz.ch"|"1&$oDm-JQYZHo-#3ui57"
"ake.messruther@edu.tbz.ch"|"n4ieZ%-dIfYn4-@uwJYo"
"men.gosneye@edu.tbz.ch"|"zff$E4-fD9l9R-poTcmn"
"anais.jefferys@edu.tbz.ch"|"GuYMJk-hNMfwM-rDmNCX"
"publicite.tregale@edu.tbz.ch"|"gJyGyD-eND7#w-GFmisK"
"maily.santorini@edu.tbz.ch"|"kVGxlb-P9bOFx-YDe%Tc"
"ines.pioch@edu.tbz.ch"|"jmu6zB-HJKbS2-bafTW%"
"noemie.marklew@edu.tbz.ch"|"0WH4YS-$rhDIg-Qzopgi"
"meghane.maccaffrey@edu.tbz.ch"|"5hG5pl-IAs&jX-9vvWQT"
"berangere.ambrogio@edu.tbz.ch"|"CA0WZu-uiwUl4-#SKRNS"
"mediamass.ryce@edu.tbz.ch"|"xbDBwU-M4Z6xt-aFgXnC"
"oesten.ubank@edu.tbz.ch"|"shWHaL-rwzF4y-RQQa1c"
"melina.mackee@edu.tbz.ch"|"25jI&s-VhwUrS-2&o8s6"
"theresa.livezey@edu.tbz.ch"|"GtoorV-G&zV%A-1d710S"
"clemence.weal@edu.tbz.ch"|"8zEjjg-A1Qw8N-SdymD8"
"faites.overton@edu.tbz.ch"|"ZgYKiP-ponTK5-QHM$j@"
"clea.lindblad@edu.tbz.ch"|"LpVHah-lld5ep-fWtbch"
"josephine.roseaman@edu.tbz.ch"|"HVCn5L-FKi%e1-2EaVji"
"oesten.lowbridge@edu.tbz.ch"|"Uh7Kgp-CApJJu-ebPCXh"
"marie-josee.brion@edu.tbz.ch"|"OwfoQC-uJ9Cfo-hdXjL&"
"therese.basili@edu.tbz.ch"|"yN3U37-Xh#WoR-71vRwU"
"melia.vertigan@edu.tbz.ch"|"xjxL6z-y@0O#o-y#r1X%"
"judicael.saull@edu.tbz.ch"|"OCHSWC-7vGKjP-KncdBb"
"selene.valentine@edu.tbz.ch"|"xss$JJ-8QXqHZ-JOg&28"
"verane.dunlap@edu.tbz.ch"|"4b7L8h-upD%Te-MOViC9"
"meline.kinnear@edu.tbz.ch"|"mL5qeV-vYtx70-QnheyM"
"lei.luttgert@edu.tbz.ch"|"S@wDmO-tA&PQi-WVMDsH"
"styrbjoern.lathleiffure@edu.tbz.ch"|"4f#m6f-Gby$p$-219n1p"
"marlene.blasi@edu.tbz.ch"|"RpNmf0-&fpC5J-k&4srZ"
"mai.begwell@edu.tbz.ch"|"HBn&Rt-Qx0@Ob-a2t#Zv"
"gwenaelle.kaines@edu.tbz.ch"|"DrhV8A-dTnxB4-zNuGA$"
"gerald.adamthwaite@edu.tbz.ch"|"3SyCjk-FQTBJF-out#sn"
"kui.hartfield@edu.tbz.ch"|"nSnzk@-3L3nW3-ja&I1P"
"salome.currao@edu.tbz.ch"|"vA9VEZ-gFUSZP-PDIgDQ"
"angelique.tixier@edu.tbz.ch"|"u2m&LX-sM6lq$-0x6Yc4"
"ju.mcgragh@edu.tbz.ch"|"xwO#Yr-afrLSO-uFUYaG"
"dafnee.beachem@edu.tbz.ch"|"c$PXBg-hUqZAu-#3Yf2m"
"creez.terlinden@edu.tbz.ch"|"Ds47do-g5BZm2-qH$5V4"
"uo.mcskeagan@edu.tbz.ch"|"6yp1Ms-La75Iu-vYFg58"
"edmee.mccaughren@edu.tbz.ch"|"$xDZxL-qFDm8b-xF#tJA"
"asloeg.cozby@edu.tbz.ch"|"QKbYvS-blH86P-ZQ5wX3"
"melodie.traite@edu.tbz.ch"|"fIfvGE-jb6pba-TckHFT"
"dorothee.aindriu@edu.tbz.ch"|"bOZK8M-B4c2K8-dwPTVK"
"daniele.doley@edu.tbz.ch"|"JaBDbm-vqJelS-rkzO%j"
"mediamass.fairclough@edu.tbz.ch"|"jtzmGP-wtVPl7-E&2JO0"
"lorene.rainforth@edu.tbz.ch"|"1SxYKU-1yV#us-O7hF2c"
"leonore.eyer@edu.tbz.ch"|"wWPPgF-WQbW1z-cfNdpc"
"po.spillman@edu.tbz.ch"|"K1ckay-JPBwSW-hJoVeH"
"cecilia.plitz@edu.tbz.ch"|"qQ0zWp-P411m&-g2TeSC"
"lorene.ludlow@edu.tbz.ch"|"j@bU1U-IOxMiJ-98dg%u"
"berangere.neligan@edu.tbz.ch"|"ijJjL%-74Y0JZ-49j$3Y"
"simplifies.huggan@edu.tbz.ch"|"rdM0BT-LY$hTT-EehHCl"
"clelia.prandy@edu.tbz.ch"|"%LP1za-FTT9iH-4ZrEa8"
"ake.osban@edu.tbz.ch"|"1uc8XG-x%QTTm-BTz8NL"
"cunegonde.brunn@edu.tbz.ch"|"ohlKO0-CBAPJQ-SSDNhG"
"long.grizard@edu.tbz.ch"|"2TE@G9-Nszwio-a9QlEH"
"meghane.diss@edu.tbz.ch"|"lEafd2-$JtJll-6Lf8kG"
"therese.oldman@edu.tbz.ch"|"u%Q54j-AET8FA-K7UCC@"
"boerje.scamerdine@edu.tbz.ch"|"ZxTKQr-fsrj55-m&iENE"
"du.saban@edu.tbz.ch"|"8QK09A-5KTb6c-@ycNs9"
"hakan.clynmans@edu.tbz.ch"|"McnGGV-EKgaCD-D6n6K1"
"wa.macdowal@edu.tbz.ch"|"U&40Nj-1Wr@QF-%Z@a4Q"
"venus.hatrey@edu.tbz.ch"|"DSzN6R-aq6thr-KwgsCF"
"anaelle.vispo@edu.tbz.ch"|"h8TJd$-zqRnGp-FhAYWF"
"mahelie.ollcott@edu.tbz.ch"|"kGet0n-t06MjW-DB1jyX"
"mediamass.whyman@edu.tbz.ch"|"d&oOmI-zXpWAY-o68tFX"
"esbjoern.basson@edu.tbz.ch"|"KCfBb2-6ahXkL-TNqn69"
"andrea.morrill@edu.tbz.ch"|"G40k&@-PSVfo4-44DmIa"
"melys.grassi@edu.tbz.ch"|"fpMTjT-M$j4we-5nvuKQ"
"leone.poleye@edu.tbz.ch"|"fPr8sy-IvoXG0-eF$G@e"
"francoise.penny@edu.tbz.ch"|"av8uBd-sk04Ir-TR2Ts1"
"rebecca.edney@edu.tbz.ch"|"1JbcF5-0NiJ9Z-NSTV6x"
"adelaide.murtagh@edu.tbz.ch"|"hQKH%t-DnON#p-m@%Fhp"
"stevina.winterbourne@edu.tbz.ch"|"IfRKP3-oisIv2-s#i0XR"
"ma.cottom@edu.tbz.ch"|"Mt1sGu-kr9IEh-KownVL"
"tan.harold@edu.tbz.ch"|"7QfW6Z-3KxPrv-nD8xcu"
"venus.forte@edu.tbz.ch"|"gbtfec-GY76MB-&taWd4"
"almerinda.oluney@edu.tbz.ch"|"1icmXL-eh2uTR-oWljVE"
"cleopatre.brehault@edu.tbz.ch"|"89hTpx-R@1u3p-SMOtjg"
"interessant.lapides@edu.tbz.ch"|"s@b@6R-MNXKdW-vMzeZb"
"reserves.hallatt@edu.tbz.ch"|"BuKqv6-8MoLN7-w05VOu"
"annotes.birdwhistle@edu.tbz.ch"|"rxvLsw-Z1pI9t-uJBG@v"
"ai.dredge@edu.tbz.ch"|"AININd-Fn%Qu6-pKaiHW"
"megane.mussard@edu.tbz.ch"|"ioNQB@-7R1yp3-EPdQ5o"
"esbjoern.gowrich@edu.tbz.ch"|"gAXAs4-eHdNKQ-lqiiR8"
"boerje.brislawn@edu.tbz.ch"|"S3Bw0r-gIyCVC-cDopA8"
"becassine.wilce@edu.tbz.ch"|"Mp934G-3@o&oD-DUA$j$"
"personnalisee.oels@edu.tbz.ch"|"9JQJAc-cTKAom-iA#j%$"
"verane.pett@edu.tbz.ch"|"5MAX#h-$hYqaK-7gXxcH"
"marylene.glewe@edu.tbz.ch"|"JI3XkA-UWgRF6-bmIxxm"
"lai.elson@edu.tbz.ch"|"HzUQ3#-RHFNBJ-UIDsCS"
"serena.difranceschi@edu.tbz.ch"|"&5T9UF-iZ#W%H-2W5s8$"
"lie.espinel@edu.tbz.ch"|"maHO&l-5ZmuvE-ZpfCOO"
"marylene.fantini@edu.tbz.ch"|"#yzBiy-Haxkq0-Wb9WRm"
"andre.archdeckne@edu.tbz.ch"|"2kKHm5-%mK$#T-gSy0Oh"
"goeran.bohlingolsen@edu.tbz.ch"|"Lqkddp-D7suaO-g&B2Md"
"cunegonde.heffer@edu.tbz.ch"|"2dRHSv-LWJ%cN-Dp6Fc9"
"tan.fechnie@edu.tbz.ch"|"JbVIaW-L1fILw-TEVuAW"
"marie-noel.brammar@edu.tbz.ch"|"&waOwB-zQqYQp-FwBbYe"
"simplifies.aven@edu.tbz.ch"|"9Y4SbF-vLXnS5-qNFnZC"
"melys.pinchen@edu.tbz.ch"|"Y&REuf-pSTui1-6vKri&"
"edmee.joyner@edu.tbz.ch"|"aTqQ%q-VIL%aO-%H3%pG"
"berengere.edess@edu.tbz.ch"|"ok@K#Z-EU4#V@-m0Kews"
"marie-noel.goward@edu.tbz.ch"|"27p@Sm-OfdiHG-jqo8fw"
"ju.edmons@edu.tbz.ch"|"9Ffa%w-%Dn#E@-xMglvX"
"frederique.airds@edu.tbz.ch"|"o&bKWj-vomyaI-Fxl%pU"
"reserves.dauby@edu.tbz.ch"|"RmXdVq-TUH47M-lsxy7v"
"hakan.gynni@edu.tbz.ch"|"&MKzNX-yypqtP-$uGIW@"
"leonore.pinwill@edu.tbz.ch"|"oZX15l-2gT@7K-fyW%Zv"
"marie-eve.mcallan@edu.tbz.ch"|"4AEKG%-g8E#RX-A6089$"
"naelle.yeabsley@edu.tbz.ch"|"5DgI6%-8$#O@h-L3VF8D"
"nelie.jacobovitz@edu.tbz.ch"|"sRDiYS-oFwL72-3jdbDQ"
"adele.conelly@edu.tbz.ch"|"F4$yki-m&wF7P-wpF$uA"
"clementine.dondon@edu.tbz.ch"|"v8Wx6d-hAaSP$-gVu1tD"
"zhi.willcot@edu.tbz.ch"|"l0##Mg-AMIbm2-AD0wnl"
"chloe.janicki@edu.tbz.ch"|"AyTA$7-TpmtrI-%&LpZl"
"meng.linde@edu.tbz.ch"|"8GtW1f-@&geMw-ubD4%S"
"celine.janisson@edu.tbz.ch"|"sT1D0x-Z%qapo-77JjyN"
"clelia.crow@edu.tbz.ch"|"1L7wbI-84A7cC-kuN7af"
"cecile.pyott@edu.tbz.ch"|"nCbN6r-WmClgg-AiTc7y"
"ma.fidelus@edu.tbz.ch"|"1Et$A9-yY62SY-&LetxO"
"marie-helene.poore@edu.tbz.ch"|"RLuRKL-IgN4gV-8&mB&B"
"elies.blanket@edu.tbz.ch"|"Q4FFXV-zsXD6C-@cRAa7"
"yu.boyer@edu.tbz.ch"|"CruDd%-rrO6L2-I1j2c8"
"celia.welds@edu.tbz.ch"|"2@W1ub-Tr80ea-aXd8HK"
"du.gunney@edu.tbz.ch"|"zYp9ny-4#z$k0-Leqb&t"
"goerel.crush@edu.tbz.ch"|"fOi2BI-jzJKJF-f9lCG3"
"marie-josee.brosius@edu.tbz.ch"|"n#ERV3-G@q26m-SrdVao"
"camelia.adds@edu.tbz.ch"|"#NZJhe-d&2Rz4-BRS3Ot"
"anae.irwin@edu.tbz.ch"|"9qqo9y-dci4Cj-MvddUr"
"cleopatre.skeffington@edu.tbz.ch"|"N57HHU-TXpEAS-$5tt0I"
"gerald.suggate@edu.tbz.ch"|"YWwT8y-M#VsbN-Yk9$2e"
"laurene.tailour@edu.tbz.ch"|"YG4HNY-dCImbV-U5mkW1"
"amelie.hoble@edu.tbz.ch"|"%FBwW@-nl5aqW-kCEc9m"
"venus.getch@edu.tbz.ch"|"2GOMI&-op9q91-4IeKTG"
"renee.treby@edu.tbz.ch"|"YJZUop-&74UuY-Pdni6U"
"almerinda.stait@edu.tbz.ch"|"lC0s29-Da0WU0-KdZ3xn"
"andree.reddecliffe@edu.tbz.ch"|"$QcQ6K-Me2Dg1-6qzmMw"
"leone.wintle@edu.tbz.ch"|"%xFfv@-C#SINI-venSAO"
"gerald.fellow@edu.tbz.ch"|"F45iJm-3HRDCW-KHj856"
"ju.gudger@edu.tbz.ch"|"oax8Ge-eKgqk@-qFP6vJ"
"meng.ohaire@edu.tbz.ch"|"384rKg-yvlDH2-nU7y2W"
"cleopatre.missington@edu.tbz.ch"|"gm2ocv-le@KT&-IRijm%"
"annotes.debruyn@edu.tbz.ch"|"cjdh8X-dYfNke-wBRKd4"
"gerald.sinisbury@edu.tbz.ch"|"M2$@le-YAxe&Z-&$JGAI"
"creez.slora@edu.tbz.ch"|"ZF5TlU-0ptn&u-e9STtt"
"gisele.benbow@edu.tbz.ch"|"E#sZM#-GBe5Nc-0IzbX3"
"pal.dossit@edu.tbz.ch"|"cZuJ#C-m0134P-aoekq@"
"nelie.stirrip@edu.tbz.ch"|"5JfO1z-X6DU4K-kv&P3h"
"alois.ocrigane@edu.tbz.ch"|"EXse$a-1g3@9V-A98kK7"
"kui.mcterry@edu.tbz.ch"|"7JUb8k-Y49WuI-J#&Tm@"
"long.willgoss@edu.tbz.ch"|"0Bin9D-7uEobx-9dwchc"
"francoise.sumpner@edu.tbz.ch"|"WVSX$S-juTItk-B6m3Z@"
"maely.grinstead@edu.tbz.ch"|"bxPYKo-MqiW3c-PBNDbc"
"creez.langeren@edu.tbz.ch"|"$Us1Ii-73dGg#-Gj@VWO"
"adele.dungate@edu.tbz.ch"|"yVm#3q-wlYXl0-tGiBMW"
"cleopatre.noirel@edu.tbz.ch"|"E39nFl-HJNgs3-E%kht0"
"interessant.daverin@edu.tbz.ch"|"c@q&sT-0L8m4x-P$peQD"
"naeva.kalderon@edu.tbz.ch"|"xVUfM5-#4HrsL-pW&LVe"
"anais.oshesnan@edu.tbz.ch"|"4CtKWe-d1CV2S-yhq#5g"
"judicael.anelay@edu.tbz.ch"|"r@TBED-1V#QX8-xE4c9&"
"eloise.braxton@edu.tbz.ch"|"c%cR5J-XqA2FB-Fk&rE#"
"desiree.greguol@edu.tbz.ch"|"KzGMK5-KFZ0t5-Thxe@W"
"maite.mcclenaghan@edu.tbz.ch"|"x1YNp1-Sb67#3-9d$@Hm"
"meng.doret@edu.tbz.ch"|"2GMZ9f-@vi22I-jNMW6C"
"frederique.chippendale@edu.tbz.ch"|"#uEhBO-w3GU3c-ZRrsm1"
"andreanne.lanney@edu.tbz.ch"|"NKdCt5-ghpn8W-88I9I9"
"aurelie.claus@edu.tbz.ch"|"#WXnMW-EdTOaA-ie6ygK"
"renee.pabel@edu.tbz.ch"|"Aonri@-UpgP9h-u5$CGq"
"maena.roust@edu.tbz.ch"|"wrXocd-L@6Aik-oUgYNw"
"nadege.carwithim@edu.tbz.ch"|"iZn&pO-#QTUWM-KX@j%U"
"solene.geyton@edu.tbz.ch"|"aEnErP-WRztaH-I9GKkN"
"dafnee.avraham@edu.tbz.ch"|"$8OfET-MCy$5t-R@ZEPJ"
"leane.woolvin@edu.tbz.ch"|"cxEYaF-%rP4LF-BM3rMu"
"adele.macadie@edu.tbz.ch"|"nloNnI-56quQH-KuLGy#"
"meline.rubica@edu.tbz.ch"|"W6DgpH-$7DHVU-i4D2N0"
"marie-noel.speeding@edu.tbz.ch"|"gBrtQy-iYn5g4-xoN%TY"
"nelie.mix@edu.tbz.ch"|"BFai@d-alfdwF-2opFWX"
"clea.ollett@edu.tbz.ch"|"&iV%w@-V0X76y-#7y#aS"
"leandre.mcgavin@edu.tbz.ch"|"WrCU9@-5pmN3@-THFFiY"
"cecile.behne@edu.tbz.ch"|"ue@vKS-h4tdv4-i&ZGXS"
"melanie.polle@edu.tbz.ch"|"2x1ft7-DI1$2Q-z$JGyD"
"marie-josee.titmuss@edu.tbz.ch"|"XjPP8T-mFl7Bl-2wjztj"
"helena.guest@edu.tbz.ch"|"QtVL6t-kpNll#-qhmupg"
"annotes.chicchetto@edu.tbz.ch"|"%X1#Yp-EwtVEd-Xj1MhD"
"melia.tubb@edu.tbz.ch"|"5o0b&C-bDqO5i-rHifB6"
"angelique.casetti@edu.tbz.ch"|"6w8d79-svFkug-@#IB2m"
"cunegonde.cleall@edu.tbz.ch"|"oPaW82-MMeitg-e4pMdI"
"camelia.oaker@edu.tbz.ch"|"M9BKgr-AFvf9h-Mc$bzS"
"you.searight@edu.tbz.ch"|"@cdv#8-p@hjQH-OdXDmH"
"kevina.dederick@edu.tbz.ch"|"9vzUAG-4yrRjd-SGd%ei"
"milena.jeffrey@edu.tbz.ch"|"9s21M@-b35BCq-$7#T92"
"melodie.barkshire@edu.tbz.ch"|"4Ax4OB-Y%@gfJ-HLE34J"
"gaelle.kreutzer@edu.tbz.ch"|"q&lmO1-5#XrR0-4ty3Nl"
"kalliste.kleinpeltz@edu.tbz.ch"|"H68xRB-FQQaAz-gP9orv"
"clementine.danat@edu.tbz.ch"|"e8$OhG-IcEUzB-xH17q9"
"andrea.wabb@edu.tbz.ch"|"l2Z2O6-gWH775-TBaxsf"
"geraldine.piesold@edu.tbz.ch"|"B27yTY-qyXJLc-e1kau7"
"tan.fiveash@edu.tbz.ch"|"JuslDJ-#gR4gD-#D235q"
"meline.yuranovev@edu.tbz.ch"|"wSuLVC-#F%JSC-x0@c6D"
"therese.holme@edu.tbz.ch"|"AimOrh-skiZqM-HxROMk"
"salome.vaney@edu.tbz.ch"|"NCFBIv-RhJENf-fPrJGi"
"anae.abramson@edu.tbz.ch"|"%%0Zfr-VekwkD-Rs&UJ6"
"kalliste.jimson@edu.tbz.ch"|"MLcEnm-DoNJl9-hJvDbh"
"selene.yole@edu.tbz.ch"|"BQGMym-BE1K00-wzSLm4"
"agnes.defraine@edu.tbz.ch"|"yzb#Qs-ugaplj-9PjD0Y"
"faites.mccluin@edu.tbz.ch"|"menRpf-TXBU@r-6WT&u@"
"athena.deme@edu.tbz.ch"|"I3LMWg-@ma6TS-UB8gz4"
"daphnee.brigstock@edu.tbz.ch"|"xgrRCz-3QxYzC-NBKZJ5"
"goesta.skaif@edu.tbz.ch"|"eunloh-hav&Th-BukzfI"
"oceane.jagoe@edu.tbz.ch"|"PyO4&C-XrGO5w-Upz1di"
"annotes.broomhall@edu.tbz.ch"|"jQ6uiX-15qw0G-vXhkce"
"marie-eve.ballendine@edu.tbz.ch"|"VIdJoq-Nj7wVz-6pAVUM"
"melina.spykings@edu.tbz.ch"|"8Ru1zf-JyVxIA-S82F#t"
"laurene.ticehurst@edu.tbz.ch"|"7YnxoO-%iu2mV-JiF2iB"
"fei.avramovic@edu.tbz.ch"|"7KmED#-##9NJR-yPLIrA"
"publicite.strathearn@edu.tbz.ch"|"TetymP-ChuYG@-UXvoT3"
"torbjoern.garrow@edu.tbz.ch"|"Xr4WEL-pIig%6-1tpH&d"
"chloe.rubinsztein@edu.tbz.ch"|"vXS$o6-1pe1KN-%nYWau"
"mylene.demanche@edu.tbz.ch"|"ULd3wm-DMjETv-Pj$sRW"
"mediamass.godlonton@edu.tbz.ch"|"UpTeT%-DsFfmw-3nPt8u"
"renee.shurrocks@edu.tbz.ch"|"C9Z76@-RLFicW-C0mtRj"
"maiwenn.jedras@edu.tbz.ch"|"rQ9hl%-ULGtWb-LOaN$W"
"genevieve.castells@edu.tbz.ch"|"Rq8jKB-UkbqAD-RAY#RB"
"renee.sneden@edu.tbz.ch"|"LPt6EY-sylmJ&-LNX%dk"
"lai.mccallion@edu.tbz.ch"|"Dy$NWV-2GSxWh-wxBumS"
"kevina.impleton@edu.tbz.ch"|"lLJQvy-ZKpE&Q-MWYVon"
"oesten.fresson@edu.tbz.ch"|"50jLpM-s#TTsw-eoAhry"
"verane.shawley@edu.tbz.ch"|"rJFp7V-zrQbXd-LcCV9z"
"uo.sjostrom@edu.tbz.ch"|"zuLmIh-XY8Cz$-6SJBtx"
"gisele.gothup@edu.tbz.ch"|"6%C8G@-vneGFb-lDL9d4"
"renee.beauman@edu.tbz.ch"|"PZs@Ut-DcRPWU-$vsXxC"
"elies.loton@edu.tbz.ch"|"9mhp5T-IZjXL0-c8bONV"
"valerie.elsmore@edu.tbz.ch"|"s$IGA3-g07$2x-6Ng6Bd"
"berangere.delafeld@edu.tbz.ch"|"$YGhoN-1l@t#e-wv5zC1"
"bjoern.schimke@edu.tbz.ch"|"DoqpH#-T6koAi-Aqfydd"
"loic.ericssen@edu.tbz.ch"|"0lkx4a-%OKQC8-$J7yff"
"creez.richarz@edu.tbz.ch"|"T6oTkE-w0BhuN-2wd%1v"
"athena.grocott@edu.tbz.ch"|"$b5WjM-qNSaL1-9srvSz"
"naelle.piotr@edu.tbz.ch"|"SU%uq1-IpNwct-OI2KHy"
"maella.paulson@edu.tbz.ch"|"PFoedH-r8ZO1k-YIJvj0"
"song.perot@edu.tbz.ch"|"8LwGFJ-yA7xVA-BSORma"
"kalliste.heckney@edu.tbz.ch"|"#qmKOU-XG#WDy-bKElWX"
"ake.vasyutkin@edu.tbz.ch"|"fW2Ph9-Fn5$qk-1gZKXN"
"ma.castles@edu.tbz.ch"|"CntamS-ee$ux#-P&wXY#"
"maely.monget@edu.tbz.ch"|"@&QpDY-Kk3gpd-DM42Bb"
"tang.durbridge@edu.tbz.ch"|"Bi@2zS-E%8uj9-Nx2R#o"
"laurene.andrew@edu.tbz.ch"|"#l0syx-L04$LL-y4JXyM"
"lysea.beacon@edu.tbz.ch"|"9tQg8f-xSSKum-rUWxCp"
"leandre.peyntue@edu.tbz.ch"|"nF#rY1-gSKtVz-vI5YGd"
"rao.trever@edu.tbz.ch"|"bJu0k8-DUiJ6W-I%tsEb"
"mahelie.streader@edu.tbz.ch"|"eKRxwe-&rLsv6-oDw4e@"
"maerta.andrejevic@edu.tbz.ch"|"G5irII-MLNX6u-XyG&79"
"goesta.tompkins@edu.tbz.ch"|"PQkGMs-Pp5O8i-0WCe#V"
"helena.agates@edu.tbz.ch"|"kpp%BR-Fxy4It-GskaN5"
"therese.glass@edu.tbz.ch"|"BgUGpV-beYJOZ-hOHXih"
"alois.foan@edu.tbz.ch"|"ianxXN-u$C1pw-Kq5kHo"
"becassine.melchior@edu.tbz.ch"|"aRNd$G-tUaFT%-GP%#Yn"
"cloe.robart@edu.tbz.ch"|"x27Ftu-MrVdwF-%FDGqR"
"daniele.puckinghorne@edu.tbz.ch"|"9RtZv9-%UUZ3N-c#GvV0"
"selene.cammidge@edu.tbz.ch"|"nICTGy-Mn51&F-dQQk@e"
"regine.conochie@edu.tbz.ch"|"mUC0JL-f1kSdd-inKDIM"
"interessant.tuiller@edu.tbz.ch"|"9gR3jV-iAEdbt-mqOgLM"
"long.tiebe@edu.tbz.ch"|"u21q9g-egImD@-hyPWZy"
"mans.yele@edu.tbz.ch"|"sIjPQZ-4dJtfS-1HT#mp"
"ai.giles@edu.tbz.ch"|"ga@v4b-4NJGI%-7hV&@b"
"gaetane.hamberston@edu.tbz.ch"|"OTkuLJ-oFEEmk-5kLaOf"
"marylene.fenix@edu.tbz.ch"|"0#NzrT-eMFwIx-qYtyJl"
"geraldine.graeme@edu.tbz.ch"|"jlQC7n-KY$H&f-$STiLg"
"tang.kinglake@edu.tbz.ch"|"pPYIa4-Zcw9of-rnsmVu"
"lai.challoner@edu.tbz.ch"|"oyS4K3-N8iV%e-0SLw50"
"desiree.mattei@edu.tbz.ch"|"c1AuYF-vRL8X@-3ztRxF"
"ake.erley@edu.tbz.ch"|"4GV8P2-8@OcyI-r5K9$q"
"edmee.cavil@edu.tbz.ch"|"qvmTrm-dLge7d-UkJ7h7"
"alois.moyes@edu.tbz.ch"|"mFOG5R-jFAonR-DftLXu"
"becassine.pitman@edu.tbz.ch"|"AxW7p5-9vfiUb-pK7$D@"
"ai.giacovelli@edu.tbz.ch"|"7brpt2-f4ti%m-uRhNaE"
"judicael.fruchter@edu.tbz.ch"|"8QRseh-wbhc1L-uCscnw"
"mans.mogg@edu.tbz.ch"|"5d1Yj9-MwW8sD-dQDKGr"
"gerald.foyle@edu.tbz.ch"|"Muf%2D-sIoob#-MI%lr&"
"wa.androletti@edu.tbz.ch"|"H#OLes-kiNlrq-XjBjoD"
"meng.ollett@edu.tbz.ch"|"3oZQ2k-jhOuI5-jDX9#J"
"naelle.macmenamy@edu.tbz.ch"|"q8qUwH-N@&iQD-1X2jmv"
"gisele.mcramsey@edu.tbz.ch"|"a6HS4q-@VJ03&-VmPoEy"
"meryl.scolts@edu.tbz.ch"|"kTsVcJ-oS2oSA-aKX1oQ"
"celia.bloxsome@edu.tbz.ch"|"TkFr3W-4xZ7IG-gr2uMg"
"styrbjoern.stuke@edu.tbz.ch"|"r86c1t-FPt$rN-@oe%FJ"
"felicie.gwilliam@edu.tbz.ch"|"nJXurG-Ix8muu-0%fSQe"
"da.harms@edu.tbz.ch"|"SoHcgu-IK#aIe-yiADS6"
"celestine.baulk@edu.tbz.ch"|"4KBTVc-P8YmAr-o5epO5"
"mahelie.blackledge@edu.tbz.ch"|"788MQc-orjxUv-mMrWVF"
"meghane.salt@edu.tbz.ch"|"g5gsQg-uTMqOU-v9&HJc"
"methode.paxeford@edu.tbz.ch"|"EISrcw-T0a%L$-qyOWl3"
"asloeg.milligan@edu.tbz.ch"|"CmB#$z-WzVTcj-WySCjV"
"you.pellman@edu.tbz.ch"|"@3qLxV-pIPGIa-KtUJd5"
"loic.regenhardt@edu.tbz.ch"|"8w2ZRL-ubpTL6-a7oLE@"
"daniele.savill@edu.tbz.ch"|"rDPLfy-qamE$g-D%9rcI"
"alois.cornu@edu.tbz.ch"|"UftTSS-&z7frm-ZoBZwD"
"oesten.govey@edu.tbz.ch"|"OerL0n-PO9vHq-pmlUOD"
"marie-eve.louch@edu.tbz.ch"|"kH4lh8-U$U0GU-ROyrTW"
"theresa.wenn@edu.tbz.ch"|"xpJXjC-S00qaB-4J8i$d"
"andree.eul@edu.tbz.ch"|"$Gyasx-W@BuvM-N5adaw"
"lie.paynton@edu.tbz.ch"|"LBAoCm-ZwnFcl-@NzZzN"
"marie-eve.girodier@edu.tbz.ch"|"ye#b1T-PLRTFA-yTUrmM"
"marie-noel.smithe@edu.tbz.ch"|"veSu0m-%%0lw2-qwS4Ki"
"men.bootyman@edu.tbz.ch"|"KevuGw-$ABkPI-FqUF64"
"ku.sugg@edu.tbz.ch"|"$LEJJq-OTYiQZ-ZGcFDa"
"lucrece.roseman@edu.tbz.ch"|"k5#fSo-wzThkA-FoN%8p"
"zoe.annear@edu.tbz.ch"|"CW@2&f-dC#GsG-sDfYHP"
"marie-helene.rennebach@edu.tbz.ch"|"g20FKP-Xt3fTR-3c4JTQ"
"lea.djurdjevic@edu.tbz.ch"|"WDP&AK-qlj3ga-Nf2xGT"
"goerel.robert@edu.tbz.ch"|"YZd90X-Pbruzm-4gjLLl"
"mylene.foldes@edu.tbz.ch"|"x@7Tqf-JVAEBE-wEI0Q#"
"faites.clegg@edu.tbz.ch"|"u%CqPd-3CWtc6-jWMpGu"
"marylene.crowcher@edu.tbz.ch"|"MXJzpZ-015fmx-V8xQLx"
"aimee.wimpeney@edu.tbz.ch"|"Pqao5e-U0n%YH-XIql77"
"renee.atkins@edu.tbz.ch"|"re9s0l-w@3sLP-fKn1%e"
"rejane.cainey@edu.tbz.ch"|"sTUoB2-MtIX1G-6jk8K&"
"solene.britney@edu.tbz.ch"|"CnfMHe-c5kPt%-z9ccW&"
"marten.shatliffe@edu.tbz.ch"|"ickSK8-xFajOZ-2lf$uZ"
"maite.issatt@edu.tbz.ch"|"t#2DM&-bbFwOM-4$rD4p"
"maelyss.edon@edu.tbz.ch"|"IKtM33-uG@OBt-aPVr@j"
"nuo.bamling@edu.tbz.ch"|"o8B#sZ-Zkvdq6-ASVqws"
"anais.edards@edu.tbz.ch"|"xqdeyd-gov7xa-errVV9"
"mediamass.bromet@edu.tbz.ch"|"GohbGH-xvGG$V-ir69MW"
"beatrice.kimbrey@edu.tbz.ch"|"SSmwUy-LtEl$l-K14pLa"
"ines.lawranson@edu.tbz.ch"|"%zub5G-sBIEzC-m7P#PF"
"kalliste.scandroot@edu.tbz.ch"|"5vGNiA-VM2MLk-BD5rbY"
"mans.barrowcliffe@edu.tbz.ch"|"mkPFpc-nLhXz0-I2#P$k"
"irene.couves@edu.tbz.ch"|"@@bAUH-yjG2N&-diixKh"
"milena.mucci@edu.tbz.ch"|"YoyUzc-5fXDVY-82D1oV"
"naeva.cow@edu.tbz.ch"|"qpgzZU-uUJ7cw-O1ml7c"
"audreanne.mournian@edu.tbz.ch"|"iLVQgk-FLOtZo-BrsIjC"
"melia.sinnatt@edu.tbz.ch"|"EpwbWL-a0$ESR-o2dgvG"
"nelie.burnard@edu.tbz.ch"|"YOEsqj-8hBkVF-wSF8wF"
"clelia.ashfull@edu.tbz.ch"|"E%1sdB-BiPpxI-PlSmgu"
"lie.macard@edu.tbz.ch"|"Ope3$4-0$g@dH-K0qOuL"
"valerie.matoshin@edu.tbz.ch"|"AwZvGG-$gnQsd-Im16Nu"
"anael.hatherleigh@edu.tbz.ch"|"5LJePR-kUWTZ0-vBpEsh"
"interessant.warratt@edu.tbz.ch"|"NLaUYQ-O$qmMF-rNN9X9"
"eleonore.volage@edu.tbz.ch"|"gfTMj3-u1flKB-UNXR06"
"zoe.stebbing@edu.tbz.ch"|"iaPx5$-4TchBZ-B6m1AW"
"alizee.nye@edu.tbz.ch"|"j7psND-N5HuE5-KZphPb"
"celestine.bramley@edu.tbz.ch"|"OWPDu4-shZutR-mp4&ex"
"selene.philcott@edu.tbz.ch"|"QXeB@j-v&erMi-eGCK3K"
"tang.newens@edu.tbz.ch"|"yHf%RW-gBS@ol-axLPYf"
"annotes.powys@edu.tbz.ch"|"dKz5ZP-W4Ps0Z-wRqSTr"
"lea.matthesius@edu.tbz.ch"|"7gDbUF-hIDkKy-9jCjUa"
"illustree.garlett@edu.tbz.ch"|"R8LXDx-&99IS8-lY1bZD"
"maiwenn.meachem@edu.tbz.ch"|"OBragi-$tQbe#-xWv9Pc"
"marie-francoise.mcbrady@edu.tbz.ch"|"XWkTI2-ygNeXt-%7k%#j"
"illustree.gimbart@edu.tbz.ch"|"985Tm1-DUkph&-duoKQr"
"melys.lyosik@edu.tbz.ch"|"dWu##q-v38ia$-7XErJB"
"marylene.mcnab@edu.tbz.ch"|"aANUFn-25uFNN-aIkob7"
"gerald.blount@edu.tbz.ch"|"gHlb4B-vu5HVx-7R%gZk"
"clelia.shakelade@edu.tbz.ch"|"v5PvW8-dFXlD@-hrR0II"
"penelope.cridlin@edu.tbz.ch"|"QSdhmh-ao5n$O-cEr@P2"
"maena.okuddyhy@edu.tbz.ch"|"&ANe1g-s1eCb%-WqcP9x"
"athena.keynd@edu.tbz.ch"|"6&iM0l-a%1ZcZ-HclM0%"
"cloe.dwine@edu.tbz.ch"|"2xyba#-YMT&#O-AKezWh"
"josephine.browett@edu.tbz.ch"|"CGK$lG-i#tOLp-1UuTM&"
"audreanne.oscanlon@edu.tbz.ch"|"Kqw5d#-FEErX%-d4x5&T"
"fei.jeanequin@edu.tbz.ch"|"3BtVWE-u7mOKk-e$K2Ga"
"lois.gormally@edu.tbz.ch"|"ply1ap-&7ituF-LQsFv0"
"marie-francoise.finnigan@edu.tbz.ch"|"H8gYgN-MrMxpV-F@hyid"
"leonore.trussman@edu.tbz.ch"|"f5mGT&-OSZIfP-nXnGy9"
"anaelle.trumper@edu.tbz.ch"|"Cq5YMd-NEu6#4-JADm%a"
"clemence.dionis@edu.tbz.ch"|"Ot@f&L-HhshBV-cNOTIb"
"lois.tranmer@edu.tbz.ch"|"WXBqBL-hbfuvH-FG7xSM"
"interessant.volett@edu.tbz.ch"|"KSgLvA-q#5Itt-F1ABfU"
"personnalisee.deackes@edu.tbz.ch"|"W6QkI3-oSM7Yx-LAxuBE"
"lie.vasiliu@edu.tbz.ch"|"qj33Bd-Ym1ePq-FlSUhQ"
"dafnee.lamputt@edu.tbz.ch"|"DBOITp-rwTDc@-a6CSgu"
"elies.bromige@edu.tbz.ch"|"UR$4oZ-Y9s4XV-bq&Z96"
"helena.klosser@edu.tbz.ch"|"4owCPz-IkfHd0-3bVfA2"
"andree.grim@edu.tbz.ch"|"3ckAkg-fdTG9N-s7yv2x"
"verane.coldbath@edu.tbz.ch"|"RvWTYO-Ap@w$p-EqO45o"
"helena.bethell@edu.tbz.ch"|"sKThpI-#J3YN$-a8%r6F"
"kalliste.carefull@edu.tbz.ch"|"rvI&uA-cXo9cY-aYDR&u"
"regine.odams@edu.tbz.ch"|"ueRrHO-BzWAwZ-qgR7gO"
"len.stannus@edu.tbz.ch"|"g91Lxv-wZ4ptw-g6bOP7"
"angelique.works@edu.tbz.ch"|"6eTYpb-o3Il2k-cii1Tu"
"goesta.rheaume@edu.tbz.ch"|"&NVkbQ-O@b5mw-alJ%HH"
"maelys.tynnan@edu.tbz.ch"|"771liK-VN3Hdt-@UJIaB"
"maelle.carlesi@edu.tbz.ch"|"tRdrbj-HKvgV3-hF2o0d"
"anael.spurden@edu.tbz.ch"|"kpnLSk-KckYde-$CCIqj"
"helene.pumfrett@edu.tbz.ch"|"XfTfiK-trRIQt-&lKapN"
"goerel.pearn@edu.tbz.ch"|"6jnMPY-CRZ8Qd-sIK7cb"
"laurelie.dezamora@edu.tbz.ch"|"Z%azXE-t3uGQt-h6RcFG"
"yao.twidale@edu.tbz.ch"|"$VsO2p-KyCUf7-aTf3Ea"
"berengere.sola@edu.tbz.ch"|"TVsaTR-KKsXyy-TydP&8"
"maelann.hardistry@edu.tbz.ch"|"dFGWYU-xPhMsa-C8o#9Y"
"severine.littlefield@edu.tbz.ch"|"uQpBNC-cNY0ox-FgPLVi"
"salome.heinl@edu.tbz.ch"|"tN94Ou-OmjHF$-ywspPE"
"meryl.warbey@edu.tbz.ch"|"x$qyOd-S6fWei-yWQsg@"
"da.hunstone@edu.tbz.ch"|"jvtCIK-avQlnE-HhFfmb"
"venus.broadbury@edu.tbz.ch"|"jSOYs0-M8peyY-tvIOvc"
"meghane.rentelll@edu.tbz.ch"|"II7g4y-IzuHUb-ecGSeX"
"marylene.drewitt@edu.tbz.ch"|"OA5MI5-DfBB8j-iilDTY"
"melinda.jacquemet@edu.tbz.ch"|"J9bF5g-lZl6Mj-TBTDXu"
"marie-josee.keyden@edu.tbz.ch"|"a@b@SB-RjbuTn-xsW3&F"
"asloeg.montacute@edu.tbz.ch"|"H6Ny$O-vPsvT8-OIJnz7"
"ku.andreou@edu.tbz.ch"|"P0bu0B-YI%4tK-Bcvgtv"
"personnalisee.feaveer@edu.tbz.ch"|"8B0d&c-5PX02J-U9DuW$"
"laila.emptage@edu.tbz.ch"|"osaos6-#WB$5i-95YM&2"
"bjoern.dawdry@edu.tbz.ch"|"%puOxp-TNq#So-SeHTHN"
"marie-eve.dinsell@edu.tbz.ch"|"pCIcQW-56e#@q-ytYKO#"
"helene.follett@edu.tbz.ch"|"Y4MhKG-08Ml1e-UbOTG#"
"penelope.cordero@edu.tbz.ch"|"DXxr5j-GSXeaa-ffbpQ4"
"boerje.beedell@edu.tbz.ch"|"PLywXO-@mUqE#-i&4Zr9"
"nelie.ferne@edu.tbz.ch"|"qy0Roz-hCSTfM-gVZF3&"
"celine.ahmed@edu.tbz.ch"|"oaUq9C-%7mBDk-&QAQ62"
"stevina.pimblett@edu.tbz.ch"|"abOMxT-QJhVO#-MLF&WU"
"chloe.langlands@edu.tbz.ch"|"T1jXLl-SiHvWs-Q6B02e"
"simplifies.maude@edu.tbz.ch"|"$86rYb-oHhlcD-Zb$1HN"
"genevieve.decarteret@edu.tbz.ch"|"7bu5OQ-uCcM8C-Yr1QCq"
"marylene.mughal@edu.tbz.ch"|"dQCs5m-4@3b@q-4kEK%e"
"goeran.guttridge@edu.tbz.ch"|"XPE9nz-FTSVh$-VIFX3T"
"michele.smurfitt@edu.tbz.ch"|"p8omz6-f9C7u6-ELOuwa"
"methode.hadeke@edu.tbz.ch"|"3#dvLX-VGReNf-3Cm@ls"
"therese.rispine@edu.tbz.ch"|"F6O3l3-S%Y7gG-mokp&r"
"goerel.plumley@edu.tbz.ch"|"DlJ&0l-vszsIW-XWuK@%"
"oceane.friett@edu.tbz.ch"|"H1SuEJ-IsXcMg-On&4#q"
"marie-noel.achromov@edu.tbz.ch"|"CYGX#3-OTpV#I-0$bevV"
"dorothee.storek@edu.tbz.ch"|"h6xrnR-ZlSHfe-RLEJ4E"
"goesta.whittle@edu.tbz.ch"|"tLwAs2-NxLmNu-54b0WQ"
"desiree.casely@edu.tbz.ch"|"7GLK2d-4&#h%Q-dy3NA9"
"felicie.condon@edu.tbz.ch"|"4h6lHm-CmT6Sq-AVHh0m"
"maelyss.frisdick@edu.tbz.ch"|"v1HWAf-qWf6vs-p0SEX2"
"aimee.banke@edu.tbz.ch"|"Q3I3Ek-4RNMNv-x#aRi9"
"naeva.hodcroft@edu.tbz.ch"|"GavCxf-qQ#AiH-GDn3$@"
"laila.gerrans@edu.tbz.ch"|"MPrUY3-LyM6tH-p45Lxy"
"daniele.scrimshire@edu.tbz.ch"|"nwc2Zc-uMaib4-eP7h6r"
"daphnee.sheerin@edu.tbz.ch"|"wGfdXj-36S45p-z2aht1"
"pal.vanyukov@edu.tbz.ch"|"5z6NvR-PSb@qn-0t52I#"
"zoe.childs@edu.tbz.ch"|"KzVJGr-UG6Yxf-2cghcp"
"ai.corde@edu.tbz.ch"|"e3QsvL-rLe$wS-yjRZ0u"
"maelys.berryann@edu.tbz.ch"|"XPnfbO-93S3MY-Zdxq$1"
"cloe.gladding@edu.tbz.ch"|"jLptrQ-8zRx0r-YserQR"
"wa.kinnaird@edu.tbz.ch"|"b@B4Hp-2jmD2C-j6aX&z"
"publicite.brittoner@edu.tbz.ch"|"$Uhp47-F7KEkV-@b5O38"
"rao.windress@edu.tbz.ch"|"rwtlNY-HbMieP-yFOqOG"
"uo.kollach@edu.tbz.ch"|"krvfCX-ZsTpAk-$pE4xz"
"josee.peskett@edu.tbz.ch"|"wBumOJ-mVJCkS-WNifeo"
"annotee.hasel@edu.tbz.ch"|"iyias@-iyR91a-f4gE&t"
"cinema.lee@edu.tbz.ch"|"CugDl7-GJbGff-xM8l@r"
"lai.vedeshkin@edu.tbz.ch"|"XqX4F6-iKnxhq-fu3vR$"
"renee.brisbane@edu.tbz.ch"|"4#$ssc-#2eyI2-seD0mC"
"ophelie.blincoe@edu.tbz.ch"|"t#$fHs-Ye%II9-wdmw3P"
"zhi.prazor@edu.tbz.ch"|"VTaWY4-Od62GO-ZiDkIm"
"annotee.maddicks@edu.tbz.ch"|"k#ERXT-6%XTD&-WAtwvV"
"maelyss.codd@edu.tbz.ch"|"$0ziDp-uG2aYe-ieseko"
"celia.peplay@edu.tbz.ch"|"tfImhg-po80Uz-r21viU"
"interessant.skone@edu.tbz.ch"|"Jn0FAz-BanCLv-ovc3OG"
"audreanne.hebdon@edu.tbz.ch"|"Al8AlI-cykzXD-s0K8rK"
"oceane.glen@edu.tbz.ch"|"U&QN#P-1@35#W-BZ5pYA"
"daniele.vanyushkin@edu.tbz.ch"|"#nKjZf-50i3qL-xcIGHz"
"daphnee.ayce@edu.tbz.ch"|"N1r2LA-uPYE9M-dLXlJ7"
"andrea.attride@edu.tbz.ch"|"7Fv#7W-pBpqyn-gktN&J"
"penelope.bridgwood@edu.tbz.ch"|"EGh$iu-v2l99d-ARnomO"
"mailis.drewitt@edu.tbz.ch"|"Y85wm6-WMaCNH-n5heV7"
"penelope.mollene@edu.tbz.ch"|"nxK231-zPzsw7-liLMaJ"
"illustree.keely@edu.tbz.ch"|"DQ1JIF-edQBui-9#RoTR"
"meng.brisseau@edu.tbz.ch"|"yw0WGT-GOk8Ni-tTXm$J"
"ruo.cleiment@edu.tbz.ch"|"z%cgSb-sLCEwp-w#y3rB"
"maite.krammer@edu.tbz.ch"|"cLoy69-88fBWR-HD$Ki4"
"genevieve.verry@edu.tbz.ch"|"8Py5Bz-jSYUYF-eUVgYq"
"lea.olochan@edu.tbz.ch"|"ot3%Rz-rc@8WP-CI9TOg"
"naelle.brunnen@edu.tbz.ch"|"7YpApx-&%b%RG-QN6syH"
"goesta.bragginton@edu.tbz.ch"|"fNe3On-FWnJCq-mF#XzQ"
"fei.danilyuk@edu.tbz.ch"|"k#BHLV-2#1LTa-wHcFw4"
"adelie.turbitt@edu.tbz.ch"|"BNYYiE-DYicV5-Up8@$w"
"marylene.nutman@edu.tbz.ch"|"atA256-jq8jeW-AhsuOl"
"therese.barbrick@edu.tbz.ch"|"LEOjV&-XBlo5X-GKtKa0"
"melys.kolodziej@edu.tbz.ch"|"z4RfOc-%ccaA8-@jzXZU"
"melanie.runchman@edu.tbz.ch"|"923q9x-s7YcKQ-192gwj"
"serena.lafond@edu.tbz.ch"|"2gd7HD-20almJ-Nn0DiA"
"pelagie.desmond@edu.tbz.ch"|"tuenos-saCJku-k89%Al"
"wa.spickett@edu.tbz.ch"|"80xk%E-SsaGK#-WKUiJ6"
"po.shave@edu.tbz.ch"|"YB8kPR-D9a5SP-%%sMcH"
"song.huikerby@edu.tbz.ch"|"kFs5xP-$aLluT-PgZQqi"
"melinda.bimson@edu.tbz.ch"|"i1ScEW-MCEq8P-3zBhrz"
"personnalisee.toffanelli@edu.tbz.ch"|"yehou@-QKy&NC-i7NLpZ"
"leandre.hurn@edu.tbz.ch"|"kxmtLR-h9&FhR-hpXERk"
"oesten.standell@edu.tbz.ch"|"IxgVP&-%f4r#i-luyTUL"
"naelle.smaleman@edu.tbz.ch"|"k5D69k-e&W$JL-j0w#41"
"berenice.tayt@edu.tbz.ch"|"MrLU8l-ow44me-X1URYY"
"kui.popplewell@edu.tbz.ch"|"f8QwT9-2ar80W-Y2pAJ8"
"melodie.ferandez@edu.tbz.ch"|"yqlLl9-T4jbk5-SUFOTF"
"josee.negal@edu.tbz.ch"|"ISlGzB-vB8B3G-DVjFpD"
"melissandre.ferrelli@edu.tbz.ch"|"05hSnH-Ihcw%l-alcEJs"
"josephine.kemmer@edu.tbz.ch"|"YaBa92-DahYep-fx79#k"
"maely.cayette@edu.tbz.ch"|"7%YIIj-BDNA8E-ZGW5vs"
"nelie.vela@edu.tbz.ch"|"J@F&h%-TJl3Jq-WpzKhr"
"melina.cortes@edu.tbz.ch"|"%ep#U5-o2V9rb-0uJGG1"
"megane.leyshon@edu.tbz.ch"|"3DY3@j-ztX2sL-s1gFju"
"regine.harrie@edu.tbz.ch"|"c@zUHO-$nrwMD-Jo1bCt"
"mylene.widdison@edu.tbz.ch"|"7bkTWP-hj$oJA-lPkI4O"
"pelagie.vivash@edu.tbz.ch"|"6lCbdi-Fk5STJ-EZV6kD"
"styrbjoern.vicarey@edu.tbz.ch"|"tBaOpm-zA9xL5-aXJC89"
"long.kyles@edu.tbz.ch"|"D5vsOT-OLjN85-ytN1x%"
"stephanie.gipps@edu.tbz.ch"|"N0yt1k-g@ns&#-#5@yC0"
"clea.constantine@edu.tbz.ch"|"EyxsXv-W7XLIT-6@fq#Q"
"maella.cometto@edu.tbz.ch"|"wFm%@P-qkO1No-QMlrBe"
"laila.aubrun@edu.tbz.ch"|"mXjone-qszaF#-xMENK#"
"yao.austins@edu.tbz.ch"|"tVMbON-D3@jwf-stE&wm"
"mailys.rylstone@edu.tbz.ch"|"UYBze%-RB7&&w-MW&UVX"
"adelie.curuclis@edu.tbz.ch"|"wTVuIR-ySopZV-8uevfj"
"celine.longhurst@edu.tbz.ch"|"RYaacr-DhfHqb-vzdGG&"
"gisele.hazell@edu.tbz.ch"|"4F2$TG-@QTGxU-yXU6BQ"
"celestine.ciccone@edu.tbz.ch"|"6vpNDV-x5Ewid-cE1fqr"
"maelyss.doole@edu.tbz.ch"|"XlkmFz-5auRgq-qqjIq#"
"helene.grimsdike@edu.tbz.ch"|"pAc&zk-EMNpf&-KO7Cur"
"lie.macer@edu.tbz.ch"|"aQTQmW-9B38GK-#7jr3N"
"maely.izard@edu.tbz.ch"|"zqmJXZ-NArK9d-ofSEP0"
"erwei.breewood@edu.tbz.ch"|"xdQK#l-B9lp2L-myCzBl"
"chloe.woolford@edu.tbz.ch"|"G@mrxt-Wl6Yfn-eENCYf"
"cleopatre.turpin@edu.tbz.ch"|"x6z8Hy-17X9Gu-LUrseD"
"melodie.surgison@edu.tbz.ch"|"2qdO4n-5wvZXd-R&egjq"
"elies.leander@edu.tbz.ch"|"n0c9Xc-Kg2GlT-6FXqmo"
"mediamass.reignould@edu.tbz.ch"|"%LPH#z-##fSoX-1x#AhP"
"celestine.wasmuth@edu.tbz.ch"|"CUjStN-kE1wGF-eMzdGE"
"marten.jervis@edu.tbz.ch"|"3d@gq$-05pIH4-IYDpPD"
"daphnee.bour@edu.tbz.ch"|"Zi$U20-iNblLq-mFPJ%f"
"regine.harlett@edu.tbz.ch"|"g7If$e-ovVTU6-#vMQB4"
"noemie.macaskie@edu.tbz.ch"|"LmEUnR-vD5T16-l&&DEQ"
"loic.renfield@edu.tbz.ch"|"ASUSrv-%4@mEi-zZTz0x"
"venus.kleinert@edu.tbz.ch"|"9Y3fiq-uRuhQ1-gw6Z0#"
"marten.burlay@edu.tbz.ch"|"wp9$&w-J8#WFr-dVeLnR"
"berengere.radsdale@edu.tbz.ch"|"etKok9-R5i1P#-TBqf1l"
"genevieve.duckit@edu.tbz.ch"|"%mIZNm-Vrd$2k-Ffvo8s"
"maely.ligerton@edu.tbz.ch"|"NUD4vn-v#qzrG-6YVxwD"
"maeline.ricciardelli@edu.tbz.ch"|"IkdziH-dkpGhv-EDp6Mw"
"personnalisee.yggo@edu.tbz.ch"|"7nlG4U-Kkwkpp-kuK%L5"
"alizee.pettinger@edu.tbz.ch"|"J9qzv%-W&Sxl$-BpQmA@"
"desiree.curnnokk@edu.tbz.ch"|"uvLfJr-h0pmjK-kM5TJ@"
"dorothee.minors@edu.tbz.ch"|"FD1xa5-&cCQi@-gKO5#p"
"oceanne.kopmann@edu.tbz.ch"|"R4w8Ly-pLA3p7-$rpcG@"
"almerinda.brodbin@edu.tbz.ch"|"#%rbDt-EpZQ5K-wLLN05"
"yenora.carsberg@edu.tbz.ch"|"O5EMs7-h@63pM-5I4fta"
"wa.beetles@edu.tbz.ch"|"y8i5yX-eUekx6-DEOR@f"
"audreanne.abbot@edu.tbz.ch"|"MDrD7K-3MvRHl-M@hawj"
"noemie.capper@edu.tbz.ch"|"m0v2ih-TopyZf-0is1Eo"
"mans.abramamov@edu.tbz.ch"|"X5bLYZ-UjSWzV-C4iJuM"
"audreanne.blakey@edu.tbz.ch"|"2pe$wp-95sVNk-4vc7aL"
"leone.klimpke@edu.tbz.ch"|"9ocVdv-xFW3mj-fX%jxs"
"lie.croston@edu.tbz.ch"|"dj9MWx-YprTyB-aBsiU$"
"anaelle.baistow@edu.tbz.ch"|"QbrZIG-b#REQg-xemoKS"
"michele.garwood@edu.tbz.ch"|"k1I8bV-#HnTMu-V&JV1G"
"interessant.albion@edu.tbz.ch"|"4E7CUv-Cqe#9D-oP248s"
"andre.brisco@edu.tbz.ch"|"qSIRJ6-djfdIE-V7AU1k"
"tang.totterdill@edu.tbz.ch"|"DMrZ7p-ltlgMN-VrN3ua"
"marie-josee.braundt@edu.tbz.ch"|"yXYl#g-B6cOO5-gFv3Mi"
"lois.galer@edu.tbz.ch"|"bsC3MO-SuO47B-iRsSdw"
"faites.pellamonuten@edu.tbz.ch"|"FrTUzG-nm1CFQ-FMu@ZS"
"mai.barfford@edu.tbz.ch"|"jzlVz9-tTXDc@-ulIl4M"
"laurene.macilory@edu.tbz.ch"|"z9#O4O-v0DC7J-kfUsYz"
"elea.peak@edu.tbz.ch"|"GBDETZ-&km9vz-gwQcBf"
"rejane.doni@edu.tbz.ch"|"ich1R2-L%jLUt-B$aHoc"
"mahelie.ector@edu.tbz.ch"|"L339f6-CHQD0T-w3XBd&"
"rachele.allum@edu.tbz.ch"|"NOXWzj-1%aBpp-BahrW6"
"laila.gerretsen@edu.tbz.ch"|"4figWB-zp8LmU-2cHJ$Y"
"ines.bowman@edu.tbz.ch"|"qCg&4w-k%%1Dh-p8desk"
"publicite.barbary@edu.tbz.ch"|"XAYsHQ-@zA#v8-$bVZA4"
"mailys.smooth@edu.tbz.ch"|"ZOH9Um-T5pFwZ-UHp8HG"
"mailis.huguenet@edu.tbz.ch"|"xmNnUv-KXM%i#-J6c%ng"
"lea.ewer@edu.tbz.ch"|"Vj3sVW-m&09n5-25lh#4"
