"email"|"password"
"melodie.vandervlies@edu.tbz.ch"|"Ilv@x1-lclPDs-5I&0h8"
"angele.edgecumbe@edu.tbz.ch"|"UI0bBD-yG45QA-hBvGr3"
"zhi.andreasson@edu.tbz.ch"|"7Aa8vH-3JtnWB-RC&4AL"
"judicael.koppeck@edu.tbz.ch"|"sEJprd-VazhXl-Hv3cYU"
"berengere.capron@edu.tbz.ch"|"RPZuxP-N%fcQp-v8pL93"
"leonie.brosini@edu.tbz.ch"|"f93zzR-YlHAyY-uTd$Dk"
"venus.garfit@edu.tbz.ch"|"dhavg1-wy8hD2-Uj3KIF"
"melina.janota@edu.tbz.ch"|"QDBjnn-7kgmcq-q7lz80"
"laurene.bake@edu.tbz.ch"|"O#t@YR-U#1gU5-qNjHkV"
"regine.dorkins@edu.tbz.ch"|"%w5zz8-OF8rHf-L7qfFi"
"cecile.moffet@edu.tbz.ch"|"@hvVCR-EQ6Z4J-sLgf0C"
"maelann.labrone@edu.tbz.ch"|"%s#ive-cUIt#m-wL%F7U"
"melinda.newbold@edu.tbz.ch"|"r6V@P1-w$nl7X-ZE3lBt"
"mans.itzhak@edu.tbz.ch"|"CU4e&&-nkHHfb-ZOq3Ln"
"melodie.pattlel@edu.tbz.ch"|"VCYDve-IG6zW1-4BZuXM"
"celine.bonett@edu.tbz.ch"|"mzLBzk-r$qLcw-GwEk#5"
"adelie.mcgreal@edu.tbz.ch"|"TzZ&VH-9SVOYe-WF%9vm"
"helene.soldan@edu.tbz.ch"|"AabOFS-EaB3@n-ws4irH"
"michele.cluer@edu.tbz.ch"|"rRYre3-QM0w0m-JwX3td"
"maeline.mueller@edu.tbz.ch"|"iaz%NY-RuAepb-6ltH@P"
"maelann.benedito@edu.tbz.ch"|"rel$x@-5Ro8IM-F055a7"
"nuo.gransden@edu.tbz.ch"|"vpn$XK-GZLKQY-v$55m9"
"berengere.stainton@edu.tbz.ch"|"XusNnx-GX8Okv-Hd8tUy"
"wa.sabater@edu.tbz.ch"|"W4a4Fd-XVKZay-$E6Lf8"
"anais.cochran@edu.tbz.ch"|"YwaeER-frFm4Y-$kJwA%"
"gerald.bessant@edu.tbz.ch"|"wO52V&-hitzRS-NyMaGH"
"ruo.coffin@edu.tbz.ch"|"HRQKtG-alzvb5-G$JGmf"
"melodie.mustill@edu.tbz.ch"|"$loy%#-c%hFYl-XCbU@W"
"ruo.stanesby@edu.tbz.ch"|"2kYY6J-0X7IBJ-5h3OpQ"
"noemie.antognelli@edu.tbz.ch"|"o5OyIJ-1tXn9m-jmKNB1"
"maelann.hughson@edu.tbz.ch"|"IKXZ@n-mkC8%3-1qYtfB"
"milena.mieville@edu.tbz.ch"|"2H3sdU-WzUX&d-eIN3bV"
"mailys.chamberlin@edu.tbz.ch"|"uGIaQd-n#mBOy-1eP83x"
"nadege.tomalin@edu.tbz.ch"|"srPBhr-&pNIRi-Xw5fzh"
"oceane.omara@edu.tbz.ch"|"WM0KbN-QOoO00-9BjgrK"
"cecile.aguirrezabala@edu.tbz.ch"|"oLiBhk-BosGBj-CxV2cP"
"maella.gwillim@edu.tbz.ch"|"XSYa#8-x3SDUm-pYFaXR"
"lea.mcgahey@edu.tbz.ch"|"f1sw64-9AzDcf-IvgIQL"
"laurene.hagerty@edu.tbz.ch"|"uQ%ycY-jiE938-DUHW@p"
"dorothee.link@edu.tbz.ch"|"nR@Eh%-RSh4D#-lIa$OC"
"clementine.kynsey@edu.tbz.ch"|"qDF90%-2ou14n-Ikagwv"
"lorene.smitherman@edu.tbz.ch"|"pScS3r-8GF8g6-Oqi3US"
"cleopatre.klulicek@edu.tbz.ch"|"gfu48V-Fv90Lh-9@8kzC"
"laurene.castaneda@edu.tbz.ch"|"iC@&bb-@4knT%-$YLKx3"
"melia.constant@edu.tbz.ch"|"GrNxIW-T3qllP-Lhon6$"
"lucrece.clunie@edu.tbz.ch"|"66DuVo-ZnXvkZ-khHPnU"
"eleonore.mcmurthy@edu.tbz.ch"|"jRkCy3-pseB0K-$b0qNo"
"melia.bevar@edu.tbz.ch"|"zBXBXi-C6yYk7-O5azUC"
"camelia.bontine@edu.tbz.ch"|"KFk002-NRKKTx-fyz2m0"
"methode.jozefczak@edu.tbz.ch"|"z019Ng-kK%$DU-LTby3F"
"audreanne.hinsche@edu.tbz.ch"|"0LL$7o-d@Wrcd-R#uxCG"
"andree.varne@edu.tbz.ch"|"oFQO4n-L7ZmJG-kikM&y"
"marten.kinleyside@edu.tbz.ch"|"PDIAqI-2%e3B@-OfG%1l"
"esteve.mcewan@edu.tbz.ch"|"sn$@4S-LfyJ@v-f1eo60"
"leane.dibbert@edu.tbz.ch"|"sWTvM%-vU@zxo-oZbVNK"
"ma.thewlis@edu.tbz.ch"|"vtDkcl-te1pev-sOXl8C"
"clea.djurkovic@edu.tbz.ch"|"QJCRj3-#2ih9I-h9e%cg"
"rachele.reburn@edu.tbz.ch"|"UZiSCW-MsdHt@-fccH$0"
"gerald.gowling@edu.tbz.ch"|"%RAat6-nmIKWL-RzEsPA"
"cleopatre.jackson@edu.tbz.ch"|"3Et3vl-osUBV2-yniNER"
"desiree.haskins@edu.tbz.ch"|"VfWlP2-C2KfM$-64dX%i"
"eleonore.longson@edu.tbz.ch"|"ZIY8hX-M7cn@T-3nzV2%"
"leane.dybell@edu.tbz.ch"|"t&rXKX-8@UHXP-aUmP$u"
"becassine.grzesiak@edu.tbz.ch"|"ZrHBOC-hHO1nX-09hW$l"
"marie-josee.pickin@edu.tbz.ch"|"FuW4on-CqU6ST-KvHJUC"
"marie-josee.roxby@edu.tbz.ch"|"UmaCux-rJR8#x-r@LS8o"
"leonie.feenan@edu.tbz.ch"|"hFzhd7-SR@6lT-Y3D@wT"
"valerie.ellum@edu.tbz.ch"|"8VZE#Q-J0rZI2-IcVORs"
"ju.caseri@edu.tbz.ch"|"lq@N0X-yxAhFC-szB&F7"
"boerje.strangman@edu.tbz.ch"|"gTAyTJ-bWiv3o-qqFFOB"
"beatrice.ghidelli@edu.tbz.ch"|"OKj0Gu-HmE9jt-kyy&j4"
"da.jablonski@edu.tbz.ch"|"0RUC@X-uWXv7T-CR6zPs"
"uo.beveridge@edu.tbz.ch"|"Yw3xgZ-M%G@Ox-tiix1M"
"valerie.bestman@edu.tbz.ch"|"GpJTfa-9kpKoI-uycUFl"
"marlene.pohls@edu.tbz.ch"|"$1D1c$-XNOuMp-fv5jL7"
"ma.nolda@edu.tbz.ch"|"g%z89q-kMA3QL-%ICHqL"
"marlene.bisiker@edu.tbz.ch"|"c#hoPs-FrDfV$-9r@vZy"
"estee.babon@edu.tbz.ch"|"xUsayL-BECsbt-vDE5Pl"
"simplifies.dmisek@edu.tbz.ch"|"jmT9Lr-ruRVLc-#xuIjJ"
"selene.ganing@edu.tbz.ch"|"5R3LhP-RMc$RB-RzAdf7"
"meryl.penke@edu.tbz.ch"|"5eE0#8-Tlc4&M-Wl2tvX"
"anais.rawcliff@edu.tbz.ch"|"DLb#j9-Ow&1ws-gITehD"
"melina.andri@edu.tbz.ch"|"Q6NsLk-&z0@Xt-3y#bmy"
"audreanne.fodden@edu.tbz.ch"|"h@MTfW-E@FDj#-@T$g11"
"bjoern.spellesy@edu.tbz.ch"|"dh74zH-sTG2pT-N8tMG2"
"francoise.summerscales@edu.tbz.ch"|"9aj$ta-w0xuMp-Ofbqkd"
"laurene.ashtonhurst@edu.tbz.ch"|"c921Cf-9p#yKU-BHs9%d"
"valerie.petters@edu.tbz.ch"|"33Gqx8-6SV6Gn-sv9Vw0"
"anael.spenclay@edu.tbz.ch"|"5iC9P#-BoTpP@-in3Q27"
"stephanie.keech@edu.tbz.ch"|"etWkBM-bRIdLp-ANtK2$"
"ines.deveril@edu.tbz.ch"|"9%f58H-FrcbHH-#KOUsp"
"berenice.gelder@edu.tbz.ch"|"QzfM@4-eM$ivp-#hNZvJ"
"melanie.ofogerty@edu.tbz.ch"|"GIHgmL-njZxnL-Wfos34"
"frederique.canepe@edu.tbz.ch"|"i0z8WS-FoA8G2-2Q@MJU"
"nuo.otton@edu.tbz.ch"|"LV1#gp-jld$tA-p%QOYW"
"genevieve.trusler@edu.tbz.ch"|"UWFC3f-Qvfgvl-PY6x7u"
"ju.boag@edu.tbz.ch"|"0IdTvM-pv5reB-fxw4gj"
"josephine.dilucia@edu.tbz.ch"|"I5xY3m-%FMXBn-n7oY6V"
"laurene.armsden@edu.tbz.ch"|"Cr07RW-gkcDvJ-ZmXo48"
"becassine.griffe@edu.tbz.ch"|"9FefO3-SvgM7$-aBPkw#"
"alois.parres@edu.tbz.ch"|"AjLtdA-YaNbD7-2XH01s"
"cleopatre.gaffey@edu.tbz.ch"|"KGirLi-TIkbPO-idMV7o"
"andre.stiger@edu.tbz.ch"|"TF4dsX-ivT#Lz-C5#0bL"
"beatrice.godleman@edu.tbz.ch"|"CgINcr-4m5o%z-5Ch6O2"
"hakan.harrhy@edu.tbz.ch"|"SguV5k-eKqxRi-Li4jVv"
"celestine.dagnan@edu.tbz.ch"|"A&bSiM-@neGQG-IultxX"
"clemence.haggart@edu.tbz.ch"|"ph9GRr-pWvbim-taXGwq"
"long.caban@edu.tbz.ch"|"Z7#Os@-R1bkiC-A%MHpX"
"gaetane.grimble@edu.tbz.ch"|"@kJu#Z-OGyLVQ-M4W6fc"
"maelann.piwall@edu.tbz.ch"|"Z9RyTb-l4bfpB-ovuSqq"
"magdalene.loble@edu.tbz.ch"|"OiPWpS-AtP4Ih-GRAvdn"
"veronique.domaschke@edu.tbz.ch"|"JMalU0-LYgVeg-jwJKN5"
"clea.herity@edu.tbz.ch"|"j4OTS6-u7jfbM-uvHgCD"
"maelann.bambrough@edu.tbz.ch"|"L@9zM6-hgS4@3-lQlHaP"
"clea.goulstone@edu.tbz.ch"|"7le&LO-dF&f@B-5%gejA"
"renee.deleek@edu.tbz.ch"|"E924pJ-cGN%fR-xs50wh"
"boerje.rudderham@edu.tbz.ch"|"W2hvYi-O0l8Id-FN6jNn"
"marylene.broune@edu.tbz.ch"|"0PfpA&-5flf$i-pBoI#8"
"nadege.mccuish@edu.tbz.ch"|"#z1pgi-MtN4pe-QQ2tLQ"
"anael.littleover@edu.tbz.ch"|"So0@g9-fdb$or-%p86Ys"
"lie.baume@edu.tbz.ch"|"AfemB@-3GApYN-qlA&WH"
"maella.murrow@edu.tbz.ch"|"&2am&S-1DPyst-SrnYSM"
"cleopatre.pettifor@edu.tbz.ch"|"x5o0Zz-PAXI@H-3b8PrF"
"geraldine.asker@edu.tbz.ch"|"786WUP-2GSzJO-hwUsWB"
"gaetane.smedmore@edu.tbz.ch"|"dGd3vB-BQpp6M-gNcsOk"
"meryl.blencoe@edu.tbz.ch"|"J17@2O-BE3VrB-45KLiM"
"aurelie.chastaing@edu.tbz.ch"|"bUJYGq-L28FcP-9fMhYF"
"oceanne.marthen@edu.tbz.ch"|"JGLgNP-TnaGhn-SLyLcF"
"dorothee.burrill@edu.tbz.ch"|"9HDXS0-vb0vF2-zil1iy"
"hakan.belden@edu.tbz.ch"|"y$&sI5-dLKqmw-76jVsM"
"celine.brunning@edu.tbz.ch"|"H9tqne-MJ7iNw-gr3hzI"
"anael.lapides@edu.tbz.ch"|"9c4G2u-rOk56f-sF%%jB"
"ruo.saffran@edu.tbz.ch"|"oEDJW6-U&sxTV-S1QR4U"
"loic.gerretsen@edu.tbz.ch"|"&mFcu@-QCr3tK-qKOG8T"
"rui.fitzer@edu.tbz.ch"|"jp2BhL-gqEyQT-6Q0RZH"
"annotee.ogers@edu.tbz.ch"|"r&JwgQ-77I4&P-ahh0%1"
"boerje.bindin@edu.tbz.ch"|"X5RAqy-XJtn9G-LhTfDN"
"ma.cronchey@edu.tbz.ch"|"h46JWn-@Nx7VG-R20Us%"
"laurelie.baiyle@edu.tbz.ch"|"l0aPWG-rdVrqs-p20zzD"
"dorothee.older@edu.tbz.ch"|"GAuv$e-SJwrFs-AtVzHz"
"laurena.wile@edu.tbz.ch"|"9SXGcR-SlYrA2-FUMm%j"
"clemence.brito@edu.tbz.ch"|"PYKNVy-cTS6z3-gWuI%o"
"nadege.dallin@edu.tbz.ch"|"VjmRzW-7r2oRJ-2lg@tZ"
"mailis.matley@edu.tbz.ch"|"BdMIII-Zcl#5b-0oVi6P"
"daniele.screaton@edu.tbz.ch"|"sBIQPt-pM#FAd-pESdT#"
"mediamass.godly@edu.tbz.ch"|"ZddT8@-If2Vo#-TCzoY6"
"leone.kremer@edu.tbz.ch"|"iQRMlK-rfzl&z-are3Ic"
"asa.adrian@edu.tbz.ch"|"3O2JzX-ULf8UD-#@KmHn"
"adele.doley@edu.tbz.ch"|"N@%#WN-Wvtcn1-9Q@d@5"
"fei.sidney@edu.tbz.ch"|"0GqM&y-mNsDPB-rlU7f6"
"marie-josee.walisiak@edu.tbz.ch"|"DToSpB-aP2yxR-J&Y5#r"
"desiree.diplock@edu.tbz.ch"|"tmgP7G-GlnDgJ-z4I2n@"
"gisele.schust@edu.tbz.ch"|"7UcOWo-pHcpgD-Of32oS"
"ma.longshaw@edu.tbz.ch"|"CQPS%e-Fuhg89-@5K3Nt"
"da.boother@edu.tbz.ch"|"c8B1tV-U&dF6V-#D5vkw"
"simplifies.chaudhry@edu.tbz.ch"|"9zwUaI-o4KhqJ-uIzO6J"
"garcon.baniard@edu.tbz.ch"|"aqx%ut-ak&3Zf-8GQZ1E"
"gaetane.elphee@edu.tbz.ch"|"A7icNi-25obaJ-ffTPuE"
"gisele.hassey@edu.tbz.ch"|"&xR5O0-LcvI8X-p%O9KN"
"oceanne.booley@edu.tbz.ch"|"p&MVbY-a$dcaD-UKnnY6"
"oerjan.dibden@edu.tbz.ch"|"Q&r%P2-t%cN6B-In8gBd"
"regine.ocleary@edu.tbz.ch"|"uEo3px-FWUlXM-B34cW#"
"selene.persse@edu.tbz.ch"|"4VY0zu-lj9QTl-wkZ%Oq"
"helena.adenot@edu.tbz.ch"|"UwC7zy-cH3Q8v-DsyGCG"
"maelann.wassung@edu.tbz.ch"|"mf3IfK-CVgWn$-zPhFSM"
"frederique.ackermann@edu.tbz.ch"|"Bjlaf4-4V3CVu-ahLE75"
"audreanne.kahen@edu.tbz.ch"|"KaGK%I-xlEtIq-CnDzY%"
"maiwenn.lasty@edu.tbz.ch"|"bPsZz@-d8f4S8-U&CNAq"
"yu.dictus@edu.tbz.ch"|"CH9qq0-aELpzz-waOxo#"
"anae.dukes@edu.tbz.ch"|"%UGFc&-Ud0xt8-@YSV3E"
"yenora.warr@edu.tbz.ch"|"qgqjlX-hZKbby-Kz1ats"
"esbjoern.archibold@edu.tbz.ch"|"uFFpX#-2UFW4s-#laK#1"
"milena.pardal@edu.tbz.ch"|"WI@K%u-VcsL28-B1cose"
"celestine.graveston@edu.tbz.ch"|"J@crbH-Bhi9AB-B1xALT"
"maena.dallas@edu.tbz.ch"|"GXNuc9-CM$g52-exXz0f"
"andree.tuke@edu.tbz.ch"|"pzAWMj-1C577k-b3d7kU"
"methode.seldner@edu.tbz.ch"|"huxGxu-h#7Q7d-fh$8D3"
"venus.bullas@edu.tbz.ch"|"rcWyHC-wwSb%T-o5MeaX"
"mans.aguirrezabal@edu.tbz.ch"|"$m6YyO-YWU@r1-1OwGov"
"gaelle.eadington@edu.tbz.ch"|"s@8&yI-%8qmqt-SKc5Z1"
"anaelle.falkner@edu.tbz.ch"|"Jq4cbn-B9gULw-a0t%s9"
"ophelie.height@edu.tbz.ch"|"Ih7W$t-6UEG6g-I@aX7k"
"marten.bolding@edu.tbz.ch"|"%qy6DR-aPHoS3-g9V1Mo"
"pelagie.guswell@edu.tbz.ch"|"l7emUq-#Yrnux-&ZUqDa"
"gwenaelle.lecount@edu.tbz.ch"|"@LhxTY-LPWGRD-fQ4QU7"
"hakan.laden@edu.tbz.ch"|"sq96Y7-YDmM%7-hYVwqh"
"marie-josee.hylands@edu.tbz.ch"|"WZ%BgP-DXA&XO-KZyaOA"
"zoe.kingshott@edu.tbz.ch"|"7z#xHq-0XVriL-aAo0OU"
"josee.janous@edu.tbz.ch"|"d$QreH-L9QQrc-BCh10E"
"laurene.gallally@edu.tbz.ch"|"KPuLWX-JXYFXk-E%vgHp"
"anael.bickle@edu.tbz.ch"|"COw5RM-WhL0cd-WcKGVo"
"mediamass.lebbern@edu.tbz.ch"|"VbnzwI-E9f8TN-nN&sht"
"berengere.hovy@edu.tbz.ch"|"qzPF%Z-pV&tns-YgNB8h"
"oerjan.kilmurray@edu.tbz.ch"|"L&@YgA-7xlHh9-qtQ0xh"
"asloeg.venny@edu.tbz.ch"|"mSyp0f-CRQk9S-A8tLS3"
"marie-noel.stoad@edu.tbz.ch"|"EAvMl9-@&&p2o-fwOn6j"
"hakan.pettifor@edu.tbz.ch"|"23dGpX-7FlzZ8-OCuN0v"
"maella.willgrass@edu.tbz.ch"|"Ko9hxN-ARiYpl-hACW0i"
"therese.ludovici@edu.tbz.ch"|"oguVBs-$$hekb-MOD0lX"
"stephanie.trewhitt@edu.tbz.ch"|"hR#Fqw-4ZZ4cg-tMVWoJ"
"maerta.bauduccio@edu.tbz.ch"|"HlRgMe-RiwVfM-@7oxbF"
"gaetane.glaisner@edu.tbz.ch"|"8C9s#u-GQVdK7-MMoSdL"
"naeva.pargeter@edu.tbz.ch"|"Wy7qc8-YVIiii-W5usBk"
"salome.venable@edu.tbz.ch"|"rMeU%0-nme%Bi-uWQLAe"
"boerje.thickett@edu.tbz.ch"|"dsx$Ci-L@gR8y-V#ruVO"
"lucrece.prendergrass@edu.tbz.ch"|"x#vreY-x8vAo7-8bKUdH"
"laurene.ockleshaw@edu.tbz.ch"|"@&GOfy-cmkuRu-VG@L@4"
"cecilia.pasticznyk@edu.tbz.ch"|"mZz&cH-@05t$P-e4KHa0"
"stevina.mackey@edu.tbz.ch"|"o#zbO5-LldVIx-A9mV1a"
"marie-noel.reven@edu.tbz.ch"|"59gWss-hs7h$t-XcF32a"
"melina.quilkin@edu.tbz.ch"|"s#@B#P-c1Fl1Z-tEySdN"
"marie-noel.ferrie@edu.tbz.ch"|"Em%Dpk-KCUEH1-3s%OB@"
"leone.alphege@edu.tbz.ch"|"$E&LvC-Q4lPU$-Bq0Yye"
"zoe.leverson@edu.tbz.ch"|"0axh28-sX5r4#-5JKx8D"
"annotes.grayne@edu.tbz.ch"|"4g1fhI-BX%Xzc-ZZTavq"
"faites.lalley@edu.tbz.ch"|"YF#ySP-WhBrs%-%SO5r1"
"adele.wallis@edu.tbz.ch"|"24jDOo-ctnhjq-3GhPS4"
"severine.madill@edu.tbz.ch"|"ACeVmq-M7fDr0-CNr9ir"
"valerie.tebb@edu.tbz.ch"|"w70I2a-UN3pDb-&byUyU"
"kalliste.rasper@edu.tbz.ch"|"0CdavI-kJe0Cv-5C3qyn"
"audreanne.palomba@edu.tbz.ch"|"2RS1J8-I01jKz-7Bxwwy"
"elea.adamik@edu.tbz.ch"|"x%BBhV-c24@2q-IbCxk9"
"reserves.jakuszewski@edu.tbz.ch"|"VROh6r-M#%g2W-z8hThs"
"athena.belhomme@edu.tbz.ch"|"OsxSfQ-EK4lQQ-VMG8nw"
"rebecca.crippin@edu.tbz.ch"|"toW6t5-@ifPP7-oSH5uj"
"maiwenn.curman@edu.tbz.ch"|"Q1#wlS-Bz@pGJ-w4N3Q6"
"andree.bunner@edu.tbz.ch"|"w#N5Rm-pz3fI#-@%8O4n"
"ruo.winckles@edu.tbz.ch"|"KYxjMT-Pmgqu4-uSZudP"
"naeva.buntine@edu.tbz.ch"|"wxvYjc-Xbl0OF-FE7uUM"
"boerje.dollard@edu.tbz.ch"|"#Yn&7S-jSOZUq-BlppKl"
"penelope.gorman@edu.tbz.ch"|"Fq%dfo-5M9X%6-b@#&78"
"alois.robelin@edu.tbz.ch"|"$02W49-yATkN#-mg118j"
"anaelle.tindle@edu.tbz.ch"|"W98#$D-OlHN#2-32Unoi"
"ye.frears@edu.tbz.ch"|"5uf6c&-Z1MsWU-A9&w#a"
"andree.ovid@edu.tbz.ch"|"2gw$su-xUn&Zt-xw4mYZ"
"hakan.peat@edu.tbz.ch"|"tE44&b-n%rGMd-5NLkeW"
"andre.januszewski@edu.tbz.ch"|"YQg9Wx-6JPWY4-#vpgNc"
"annotes.clemmett@edu.tbz.ch"|"vfoSwR-bVKnoQ-pYOZMV"
"pal.lambswood@edu.tbz.ch"|"N2CyOw-kRYPoq-YEQuZT"
"yao.lenton@edu.tbz.ch"|"O5LZmy-serBfy-p@Snc9"
"hakan.boyton@edu.tbz.ch"|"zciV4Y-nKNhAn-kDbDSc"
"nelie.forsey@edu.tbz.ch"|"mhyzHp-6PcUMo-br@s#h"
"hakan.horche@edu.tbz.ch"|"ox9F&C-j0gaOY-1p3hDh"
"lorene.sinkings@edu.tbz.ch"|"4t$IXo-m6z0nJ-9tmiKz"
"marie-therese.creddon@edu.tbz.ch"|"nNc52Q-thfLgl-zVE4cp"
"berenice.tolworthy@edu.tbz.ch"|"V$$z3U-O18kDI-%3Ybfd"
"theresa.land@edu.tbz.ch"|"AR9srz-#Su8Qt-2qbMQe"
"marie-therese.gianilli@edu.tbz.ch"|"8UEpGg-lk&BZM-1T%a&E"
"meryl.glew@edu.tbz.ch"|"UJ1B8E-1%tF2q-aNzSPT"
"adele.debling@edu.tbz.ch"|"H1kmGj-V76IcY-O&PpFA"
"anae.metzke@edu.tbz.ch"|"%i8oet-tk@8l5-$V%@5F"
"gaetane.gooden@edu.tbz.ch"|"Q1Az94-C0UEn&-HTg8V5"
"laila.bootland@edu.tbz.ch"|"vCiXKJ-25k@kt-gEDiSH"
"maite.helsdon@edu.tbz.ch"|"F0Z2aR-pqql9r-GMM$qu"
"andree.malley@edu.tbz.ch"|"9IaAUk-gZyie$-mFwR&c"
"pal.simmens@edu.tbz.ch"|"D6HP37-CuJWmX-#oOcTj"
"maelys.nuccitelli@edu.tbz.ch"|"twM@0$-dXk7EU-tacH0e"
"dafnee.sibary@edu.tbz.ch"|"EPZYTz-@yixoW-S&h55S"
"alois.harsnep@edu.tbz.ch"|"@KWrp&-#Wxy7i-DMYDwG"
"marie-helene.lacky@edu.tbz.ch"|"64mmO&-wgAeh0-ns34vU"
"mylene.youthed@edu.tbz.ch"|"lQVu28-WihZZC-es&2m$"
"marie-helene.dehmel@edu.tbz.ch"|"m&hxHf-AKV$@a-H2@z3&"
"angele.batman@edu.tbz.ch"|"YXXPlO-&mVsQW-nmT7dN"
"melia.younghusband@edu.tbz.ch"|"aDK21m-kRJyE5-yq&WAE"
"eloise.baldi@edu.tbz.ch"|"k6VcWt-uly5Kz-2VOp&%"
"illustree.dun@edu.tbz.ch"|"ZZk&#m-dmtJcl-sKi$9G"
"genevieve.late@edu.tbz.ch"|"QA8ZF3-FljNL&-#vQAVm"
"celestine.colville@edu.tbz.ch"|"6pu2sf-ej$&Fa-T%PLh@"
"gwenaelle.scarlon@edu.tbz.ch"|"S5fR$r-GC@vyE-2&XztV"
"regine.boddie@edu.tbz.ch"|"b0quIT-I%rpl3-dw#$Fx"
"creez.gaughan@edu.tbz.ch"|"MS&Zqr-pFirPt-kRn6b@"
"gaia.longford@edu.tbz.ch"|"M3Jb%6-uWErl4-rB5H$S"
"mailis.buckby@edu.tbz.ch"|"aczw5p-VGFXHA-mfVZGL"
"song.parbrook@edu.tbz.ch"|"Z$wDKr-CIRL5A-Te8weP"
"frederique.heddan@edu.tbz.ch"|"Dr&MBF-qJn6nR-MR$2Cc"
"ake.kirtlan@edu.tbz.ch"|"8f9p09-BLayc9-gddAzP"
"nelie.runciman@edu.tbz.ch"|"y$vSU@-Sw1&t8-DDdMob"
"mailis.cardnell@edu.tbz.ch"|"rCk%XI-$$cG$4-aXzeIm"
"irene.navarro@edu.tbz.ch"|"S@l%hv-vc48g&-t6nEKx"
"maite.cough@edu.tbz.ch"|"Ps0LqG-MVkdAI-V2DC2@"
"anaelle.stocky@edu.tbz.ch"|"M8jX7V-vwKaUH-Na&1Kp"
"methode.moulder@edu.tbz.ch"|"B7KlzX-tlMpDO-Ir1ppo"
"po.stafford@edu.tbz.ch"|"jr7PoG-zy0Q8O-SdyPok"
"faites.scraggs@edu.tbz.ch"|"VsfGYM-8gIzus-7o$QnK"
"adelaide.dullard@edu.tbz.ch"|"xeUHtl-TagA7c-%8qWV2"
"desiree.leonard@edu.tbz.ch"|"74neZ9-M8t0SF-Yfccrl"
"geraldine.badgers@edu.tbz.ch"|"1r9sMc-ZMSrOj-qhN4Fo"
"ruo.masic@edu.tbz.ch"|"ANqRq@-18q$v2-JDd36%"
"aurelie.lieber@edu.tbz.ch"|"i63zjP-pGStU9-qy69Ql"
"naelle.balcock@edu.tbz.ch"|"rOVEXU-LHfElZ-Q%fa0s"
"camelia.elger@edu.tbz.ch"|"%mAqlN-38A%xn-zA92yR"
"publicite.oakeshott@edu.tbz.ch"|"jIpjZ6-i9HGd4-w36IU1"
"cleopatre.fawley@edu.tbz.ch"|"qlYIG$-#N7gzN-MntYCB"
"laurene.bruckmann@edu.tbz.ch"|"Vnyh2l-PvL9Mh-p0@eQ%"
"rui.haughton@edu.tbz.ch"|"&ldG#2-F0Uv4m-HquXta"
"asa.ladewig@edu.tbz.ch"|"sQRGaO-OHcFVS-V4#D7q"
"gisele.janecek@edu.tbz.ch"|"2THX7e-JWCBkN-TmtML1"
"maily.loveridge@edu.tbz.ch"|"3i09sm-Dg1#DD-Kgp5tH"
"marie-eve.yurkiewicz@edu.tbz.ch"|"PWC63R-7n7ojX-d2%3VL"
"fei.roder@edu.tbz.ch"|"Z80cZy-7RyURL-QhnUWa"
"edmee.chatburn@edu.tbz.ch"|"Ux41Ik-6dsiSP-2S@J2#"
"geraldine.darke@edu.tbz.ch"|"nB4W2R-sMtt3n-Q3t@Va"
"ye.jira@edu.tbz.ch"|"0Ak3$u-42WfoX-grLHCE"
"publicite.persent@edu.tbz.ch"|"eOrb2M-t8KQD3-1gKfXO"
"severine.wilcox@edu.tbz.ch"|"BqPDbn-&DnBK&-2GcOAR"
"yao.mcclaren@edu.tbz.ch"|"smx3R@-%zzyyN-ZUpHTQ"
"theresa.foynes@edu.tbz.ch"|"2cF$iy-AZFBjY-T#@YE#"
"stephanie.isley@edu.tbz.ch"|"Ai#Wa5-$HZ$TN-9C6sbp"
"torbjoern.growy@edu.tbz.ch"|"uZ0@tV-G5TKuw-kIQZ%I"
"eloise.tunnadine@edu.tbz.ch"|"%&1BSX-lkhMAU-I$#wk1"
"maeline.cossentine@edu.tbz.ch"|"yA%@wP-FnHjZW-JNft9d"
"nelie.desantos@edu.tbz.ch"|"$AZwrx-pph4Hr-S2#u8T"
"gaetane.axston@edu.tbz.ch"|"uBehR3-Ad6qKO-pQVQjC"
"aimee.merman@edu.tbz.ch"|"Q6A1D4-CisZkJ-u@zThJ"
"oerjan.drivers@edu.tbz.ch"|"v7&cP&-d9vBwf-YhUgKN"
"aimee.miroy@edu.tbz.ch"|"DX9o4S-vy5%hF-2qWNRJ"
"nelie.glyde@edu.tbz.ch"|"y44U1j-$j&MpM-MOkIx4"
"hakan.kapelhof@edu.tbz.ch"|"53Offq-u4L2h6-sU304i"
"maelyss.cauley@edu.tbz.ch"|"PKe#@k-LPH95M-7T683I"
"elea.vaggs@edu.tbz.ch"|"j$b7y@-Vp1u2o-Cu6b%g"
"maelys.but@edu.tbz.ch"|"AhqrAZ-ek7Iej-HlaFzp"
"maella.arthurs@edu.tbz.ch"|"CDzD48-mQW$PY-bD7Evm"
"adele.liebrecht@edu.tbz.ch"|"nF38nd-FNaWh6-Xj6&&V"
"meline.lomasny@edu.tbz.ch"|"55843O-gGroir-pwgPd2"
"mediamass.schwant@edu.tbz.ch"|"2Gc3qp-Mbm6C2-#izEqU"
"leone.saunt@edu.tbz.ch"|"N%H392-L1g52y-@1UxnJ"
"annotes.gouch@edu.tbz.ch"|"&@UvmC-aVR2x4-fvEI$c"
"gaetane.bowich@edu.tbz.ch"|"R0Jydv-9Q8v1i-nd8Vn$"
"alizee.strelitzki@edu.tbz.ch"|"izT4Zw-4BEbow-SOvMVf"
"leone.poile@edu.tbz.ch"|"gs2#rz-BNxcIG-gG$RH4"
"amelie.saban@edu.tbz.ch"|"ly0VnN-zhu7l5-#IW$$Q"
"marten.mcmenamin@edu.tbz.ch"|"yDSFXn-BP6iia-QHkWvl"
"becassine.keets@edu.tbz.ch"|"88gXr9-BTXdff-R3zqo@"
"celine.million@edu.tbz.ch"|"tk$U9i-5qQSib-bbXkX%"
"geraldine.belitz@edu.tbz.ch"|"dUJIhB-htC%Bu-3Oj4Y%"
"salome.mardling@edu.tbz.ch"|"NKmFUQ-t5GTHr-BI5ODq"
"melia.blakemore@edu.tbz.ch"|"A69dAM-P%DAtm-HFB1WG"
"dafnee.mcaulay@edu.tbz.ch"|"ianawX-K#YZNP-spzL0g"
"garcon.dennett@edu.tbz.ch"|"WwFD24-C4bOrP-W0w%cG"
"interessant.lesor@edu.tbz.ch"|"uYhOlk-2zdzOP-y53Y3J"
"annotee.wasbrough@edu.tbz.ch"|"K%tbXW-uiMg@g-QW3rGk"
"asa.ibbeson@edu.tbz.ch"|"CpprWf-jsKvRr-B3hKAj"
"maily.kennealy@edu.tbz.ch"|"ZfAuHH-hP2sJf-Lx9Dea"
"ye.seares@edu.tbz.ch"|"W1Bwqh-kaOuGz-a0E3GT"
"athena.harbron@edu.tbz.ch"|"5@1Yor-fu6kiF-toJ&EQ"
"andreanne.portail@edu.tbz.ch"|"PzsNju-qkIboG-WhAWtT"
"goeran.zannelli@edu.tbz.ch"|"3B7sMc-GjWHHn-@8S5yZ"
"gerald.leathlay@edu.tbz.ch"|"iTIK$0-l77Rj8-cgzOrF"
"andreanne.chown@edu.tbz.ch"|"QF@R6&-N$$a&G-qAKgoz"
"esteve.clementel@edu.tbz.ch"|"7grIWA-S@vsJo-b&sPN3"
"leone.legan@edu.tbz.ch"|"2C1eDw-r6dM$N-nje$wk"
"maena.pownall@edu.tbz.ch"|"tPpgcm-MIBDGN-kgk06y"
"andree.rettie@edu.tbz.ch"|"rcKOov-nKBJ4z-gJC4Mg"
"ines.kenwrick@edu.tbz.ch"|"HYqGBH-ey61eU-K7Cnn4"
"marie-helene.yarnall@edu.tbz.ch"|"RwGu$Z-kRYIqj-%m4rFT"
"po.martin@edu.tbz.ch"|"DUAQJ7-al9MOX-TuXgxJ"
"ruo.celiz@edu.tbz.ch"|"CqvL3q-KHu3N4-gQmDrW"
"po.bissett@edu.tbz.ch"|"0KTupJ-Pv5zxh-hlQs0D"
"du.swindon@edu.tbz.ch"|"THXSYG-tLoIAY-beb&Y&"
"interessant.gouldthorp@edu.tbz.ch"|"Pu1t4A-j$IT#@-VyTwei"
"leandre.lilburn@edu.tbz.ch"|"GEiwTS-s%NrrN-dA@rPU"
"bjoern.whales@edu.tbz.ch"|"4E#q3R-kDF1k4-usmZan"
"interessant.dieton@edu.tbz.ch"|"E4u%g8-gG7#O9-e%LeM4"
"celestine.redhills@edu.tbz.ch"|"w%H%Ix-eP7rv&-bxAZtG"
"tan.yakovlev@edu.tbz.ch"|"HnAPaT-GMab&0-3kxe4e"
"regine.mcdowell@edu.tbz.ch"|"raHhVr-4ACoAS-DXFEvm"
"ju.coysh@edu.tbz.ch"|"kRWkgo-%UInKu-UquvK@"
"reserves.ofallon@edu.tbz.ch"|"g0Lu44-620$tX-1lYFiz"
"frederique.sobey@edu.tbz.ch"|"K2&GaB-Y1n0pk-klOZeg"
"marie-eve.garstang@edu.tbz.ch"|"aenodE-dO#LV7-PgDaWj"
"andre.tapin@edu.tbz.ch"|"WI%xFQ-D9msTe-J9lbTA"
"esbjoern.eynon@edu.tbz.ch"|"PkMSMp-pYiLXD-qsXCBl"
"maella.duffy@edu.tbz.ch"|"L7%zVM-9xAW#1-JvvQPP"
"leandre.twinning@edu.tbz.ch"|"QERCFe-jol31Z-ZEIgJq"
"mai.whittingham@edu.tbz.ch"|"hJG8kv-e@Fk$e-p5Q0kD"
"rachele.shevelin@edu.tbz.ch"|"BivF$w-F5tHRD-qVx#hb"
"cecile.mcure@edu.tbz.ch"|"uuYVi1-5o@hiJ-OhK@5O"
"marie-eve.yurkevich@edu.tbz.ch"|"J&LN5l-JsExvG-6FL%Cg"
"almerinda.paice@edu.tbz.ch"|"ee@gZE-oxX4wR-&X@EPG"
"rao.howkins@edu.tbz.ch"|"gHkMuL-50IZh7-6Y4lqx"
"serena.pack@edu.tbz.ch"|"0Ty6bN-A#wNVe-qBImfE"
"rebecca.mant@edu.tbz.ch"|"mut7EY-u53a0v-sCZ#P2"
"reserves.spitell@edu.tbz.ch"|"JDcpoq-79ICpW-dzexI9"
"garcon.hamfleet@edu.tbz.ch"|"&3I48H-OplY4o-7XPP0z"
"methode.kerkham@edu.tbz.ch"|"RS#P2p-&48f5l-tAJaSs"
"pelagie.camies@edu.tbz.ch"|"Y3iVFC-Sgc$fJ-l5rmTr"
"josephine.macpharlain@edu.tbz.ch"|"nMo5Qh-kcsFta-T5#V54"
"eugenie.mathet@edu.tbz.ch"|"4oAQI1-&Px&PE-Wjr&WP"
"gaetane.brangan@edu.tbz.ch"|"&vs80E-sNk$jJ-wGXJeF"
"michele.dewbury@edu.tbz.ch"|"lV6Whq-6fAh5r-qLgv&w"
"eugenie.elcott@edu.tbz.ch"|"#UOFlB-WoBJ5Y-K0eaVB"
"megane.harniman@edu.tbz.ch"|"bVy8OU-IsMMz5-Rqcmzi"
"agnes.cluney@edu.tbz.ch"|"ND%HZS-&QrKmW-QAdj3L"
"marie-helene.angear@edu.tbz.ch"|"NcZv0O-RgghI3-km6M1p"
"melia.dolphin@edu.tbz.ch"|"TFaVwA-HpQrii-IhY0bc"
"lois.ruseworth@edu.tbz.ch"|"&1TlwF-qcgy5L-J1lKDV"
"mailys.ryding@edu.tbz.ch"|"1pi8Ax-E2qBS2-LwnAa%"
"rachele.wulfinger@edu.tbz.ch"|"aaiZ28-D45Axg-nTkVbO"
"gwenaelle.talton@edu.tbz.ch"|"YA163t-m8H%yA-qKVre6"
"long.ronchetti@edu.tbz.ch"|"1kFUk6-s7DNzF-Opizws"
"styrbjoern.kloska@edu.tbz.ch"|"zFCZ#7-JVfWtb-sstnjX"
"len.sudran@edu.tbz.ch"|"1y1h3V-zRDQs1-%cTS11"
"maelle.andrysek@edu.tbz.ch"|"W4PhAE-FJWIhg-YgdCca"
"selene.senior@edu.tbz.ch"|"kSF%yM-RzvSHb-hpmP6$"
"anais.joskovitch@edu.tbz.ch"|"&MYeji-mIi8dU-#96DKN"
"marie-noel.dally@edu.tbz.ch"|"qun&a3-3sRNm%-KPbPjM"
"marie-helene.laurence@edu.tbz.ch"|"L3$Fk5-EV6W%l-ea8SdB"
"camelia.foxon@edu.tbz.ch"|"r5Umi7-D%GKRl-ZgvjHN"
"helene.cankett@edu.tbz.ch"|"COS%Jt-4n03Xb-rD39OL"
"marten.mitchelson@edu.tbz.ch"|"7xYvIU-TfYlL1-aIyhY7"
"helena.stirtle@edu.tbz.ch"|"ayC#Gy-uNXzsX-q0qp58"
"leane.barmby@edu.tbz.ch"|"N90eE7-9Wpg2k-4c42wq"
"goeran.ofinan@edu.tbz.ch"|"FvGYwu-$PfXxC-35Zs2y"
"styrbjoern.proby@edu.tbz.ch"|"%MC@OT-0F%Li0-bKp13H"
"zoe.halse@edu.tbz.ch"|"Udf#5&-LRna0N-qhw7xS"
"kui.drable@edu.tbz.ch"|"PrkFaj-9ez4fD-P8HeCz"
"desiree.bamford@edu.tbz.ch"|"Q1d2ja-yNiJhf-IbXCRH"
"zoe.suller@edu.tbz.ch"|"pf&gGI-Zprjl1-2NX5I9"
"marylene.audiss@edu.tbz.ch"|"F4xmAu-8z1sOg-uwaooq"
"adelaide.poznanski@edu.tbz.ch"|"dX&ZzI-cVtSBM-5oseF8"
"maella.coleyshaw@edu.tbz.ch"|"QX@%OW-%Noans-#COPDg"
"marie-francoise.gelder@edu.tbz.ch"|"ogFtm6-drcB1u-QKNpCn"
"eleonore.chaffyn@edu.tbz.ch"|"d3zBx@-FWaJI@-kZxaox"
"celestine.sikorsky@edu.tbz.ch"|"%NwNYl-M76nEc-LkzRSP"
"stevina.londsdale@edu.tbz.ch"|"$HsWJR-llNwk$-$NzwWY"
"maiwenn.nevitt@edu.tbz.ch"|"RaZMYA-q9WE3y-e&M%6w"
"magdalene.gerrey@edu.tbz.ch"|"dpCpxi-h80tiH-0BX6v5"
"becassine.latimer@edu.tbz.ch"|"lPt1vi-B1Jju7-RJIbu@"
"da.lethibridge@edu.tbz.ch"|"lJfK4H-CGzG&%-Q#pF7w"
"mailys.claige@edu.tbz.ch"|"4%45cs-mxwNlX-hnrojA"
"maena.torbard@edu.tbz.ch"|"bsr0vf-4K@UwJ-RxGHIJ"
"solene.lyvon@edu.tbz.ch"|"vINBS5-wren&a-HS3MTY"
"marie-therese.benbrick@edu.tbz.ch"|"N3Ld6g-Pu91Kk-%Ofg0$"
"gerald.edmonson@edu.tbz.ch"|"$kU9l$-sMGPY6-lXSuIx"
"ake.messruther@edu.tbz.ch"|"Hr7yNo-9s&z#E-6@2bZL"
"men.gosneye@edu.tbz.ch"|"DUo&kV-iI%J5r-QE1mMK"
"anais.jefferys@edu.tbz.ch"|"rKEwy%-somZ$E-cv9Tkg"
"publicite.tregale@edu.tbz.ch"|"JFWoYo-IQ0rHr-Ue1Wz7"
"maily.santorini@edu.tbz.ch"|"rPSTnA-x&U6tE-Fai2I8"
"ines.pioch@edu.tbz.ch"|"CXQO2O-vCbjnt-46hzb0"
"noemie.marklew@edu.tbz.ch"|"QIK5Qg-HB6dCk-nZeY&O"
"meghane.maccaffrey@edu.tbz.ch"|"sxTy1t-F%xVIp-WrpmPS"
"berangere.ambrogio@edu.tbz.ch"|"9eVOKD-bkqZy9-6nVDf0"
"mediamass.ryce@edu.tbz.ch"|"yCcqgr-l@tYsL-U6OqOw"
"oesten.ubank@edu.tbz.ch"|"PEU390-E12AWC-V#l3na"
"melina.mackee@edu.tbz.ch"|"wvJHSS-L2UpvC-lsovVA"
"theresa.livezey@edu.tbz.ch"|"H@r$@X-JOapZ1-4tuGwD"
"clemence.weal@edu.tbz.ch"|"5EVnku-PYrU@m-gfubB1"
"faites.overton@edu.tbz.ch"|"MOwkRD-ky7LFV-NC0IZz"
"clea.lindblad@edu.tbz.ch"|"Wpr560-AZ3sn$-2tnBDV"
"josephine.roseaman@edu.tbz.ch"|"jiMsHO-Bdf%1f-oB#YmK"
"oesten.lowbridge@edu.tbz.ch"|"IksdQS-yyAx%R-m6CpY1"
"marie-josee.brion@edu.tbz.ch"|"5jeLT1-&rdlt3-LI@Ew7"
"therese.basili@edu.tbz.ch"|"Ep66OL-dErrUu-nb5UiD"
"melia.vertigan@edu.tbz.ch"|"MyfIOt-1YjH7M-1myO5E"
"judicael.saull@edu.tbz.ch"|"bFVfKJ-wT5Xex-eb1KW&"
"selene.valentine@edu.tbz.ch"|"tM$vV@-UNRl8W-xiRGdG"
"verane.dunlap@edu.tbz.ch"|"Y&LkIL-dD@PkX-B4Ak0C"
"meline.kinnear@edu.tbz.ch"|"tvPDMD-DnSkx6-$iNTxk"
"lei.luttgert@edu.tbz.ch"|"ZL$YZQ-HQxVSM-dmnChV"
"styrbjoern.lathleiffure@edu.tbz.ch"|"m2uFfa-FIsAmE-te74Ch"
"marlene.blasi@edu.tbz.ch"|"M6pIJX-T1sAec-Jz0xuy"
"mai.begwell@edu.tbz.ch"|"Qqgu4R-H#nOXd-8xqxUq"
"gwenaelle.kaines@edu.tbz.ch"|"Na8sZJ-tojTLY-ea4uwn"
"gerald.adamthwaite@edu.tbz.ch"|"1H0uBJ-7NFlPo-AAfN%P"
"kui.hartfield@edu.tbz.ch"|"e60kWc-TCb1Id-Grgjx3"
"salome.currao@edu.tbz.ch"|"N6qrTl-S&PgAE-6znzg2"
"angelique.tixier@edu.tbz.ch"|"KAP8jJ-5M@ZhP-LLSfMk"
"ju.mcgragh@edu.tbz.ch"|"2Mj8tl-z761uq-jIZgYT"
"dafnee.beachem@edu.tbz.ch"|"NX22ZA-vpoAHk-nvzlPA"
"creez.terlinden@edu.tbz.ch"|"pxMc4W-6MWupv-wmRgpu"
"uo.mcskeagan@edu.tbz.ch"|"N#MfJ%-FP3YaK-Oe9Ue$"
"edmee.mccaughren@edu.tbz.ch"|"$x$Pul-h2ws4I-8uZR7h"
"asloeg.cozby@edu.tbz.ch"|"AHx&4k-@GqQ5v-$uzHkw"
"melodie.traite@edu.tbz.ch"|"9CzTM7-ZL2nJU-7BPJgx"
"dorothee.aindriu@edu.tbz.ch"|"B8NbK4-jY92gG-Bc6xii"
"daniele.doley@edu.tbz.ch"|"zNHh8N-OvPoJn-9DZ37y"
"mediamass.fairclough@edu.tbz.ch"|"H4@8t8-XHomIV-nqJLfD"
"lorene.rainforth@edu.tbz.ch"|"HzN07C-wP#HG#-okhBAJ"
"leonore.eyer@edu.tbz.ch"|"nqoeWN-uQ53kH-zUcI1@"
"po.spillman@edu.tbz.ch"|"u8U&xY-CbUwug-nt3Ib@"
"cecilia.plitz@edu.tbz.ch"|"lQ45pF-iqW1%T-WppuvW"
"lorene.ludlow@edu.tbz.ch"|"5Z8jTn-#2GL6Q-N2ITSO"
"berangere.neligan@edu.tbz.ch"|"U&iD0I-zl$rgU-Rps1fT"
"simplifies.huggan@edu.tbz.ch"|"m5bM$Q-Mg9FxF-%Kk1&A"
"clelia.prandy@edu.tbz.ch"|"&J2i8v-D4Nmto-ijSSp9"
"ake.osban@edu.tbz.ch"|"ib#O#A-b%fs1b-sWhXxq"
"cunegonde.brunn@edu.tbz.ch"|"GJ67oT-Qi6$Ut-kc573l"
"long.grizard@edu.tbz.ch"|"AtSLLx-HurPcx-FmjI&1"
"meghane.diss@edu.tbz.ch"|"TDiuTk-f19yQB-RohI$E"
"therese.oldman@edu.tbz.ch"|"65rmdZ-FPWky6-1u@hsQ"
"boerje.scamerdine@edu.tbz.ch"|"ysMLV6-Gsfdxz-#uKbDV"
"du.saban@edu.tbz.ch"|"%Ge4#4-J7P$zX-n06XlJ"
"hakan.clynmans@edu.tbz.ch"|"0i3pTu-VN%dyG-LgqVed"
"wa.macdowal@edu.tbz.ch"|"EjU9k3-WAwL&b-5htPAC"
"venus.hatrey@edu.tbz.ch"|"6ElSQc-Qys4Zd-8UKxaU"
"anaelle.vispo@edu.tbz.ch"|"5yxeRk-$mkA1Z-JHnY3K"
"mahelie.ollcott@edu.tbz.ch"|"j3q2Oc-rMS%6G-MI2VQj"
"mediamass.whyman@edu.tbz.ch"|"VbFGeu-K6P2H6-TVc7$N"
"esbjoern.basson@edu.tbz.ch"|"6yNDRu-JTOrNg-i1zHI%"
"andrea.morrill@edu.tbz.ch"|"ahXGOP-wRI59p-xqe$#B"
"melys.grassi@edu.tbz.ch"|"0kj1p4-RLp&SY-#nulZk"
"leone.poleye@edu.tbz.ch"|"OBUbds-bFXjIx-Pt@rA3"
"francoise.penny@edu.tbz.ch"|"Gv7ZBM-ZZlsBh-xtSH64"
"rebecca.edney@edu.tbz.ch"|"aZmzgY-VmxOEv-ODWH@i"
"adelaide.murtagh@edu.tbz.ch"|"8WD0UN-Ncsfty-demDpg"
"stevina.winterbourne@edu.tbz.ch"|"LkDcqw-WLHSPn-5wHbMW"
"ma.cottom@edu.tbz.ch"|"IjN5fS-zN0N$e-RDZYJ8"
"tan.harold@edu.tbz.ch"|"hIkhuV-ukVOgG-20nxGZ"
"venus.forte@edu.tbz.ch"|"OOQplV-6OfQV4-5Wj$ZS"
"almerinda.oluney@edu.tbz.ch"|"JaBxA4-H@Gzys-%9i9Lm"
"cleopatre.brehault@edu.tbz.ch"|"2wpyav-YaglEo-&qVEwE"
"interessant.lapides@edu.tbz.ch"|"ci68s6-TamXgZ-1K@CXC"
"reserves.hallatt@edu.tbz.ch"|"Gn1WC@-G6LH4J-O1rI4I"
"annotes.birdwhistle@edu.tbz.ch"|"9kUqlw-yP7%PI-ZPmK@r"
"ai.dredge@edu.tbz.ch"|"KlX&k%-kR$0te-A7cSd4"
"megane.mussard@edu.tbz.ch"|"CMtQP4-35udjW-Zi18se"
"esbjoern.gowrich@edu.tbz.ch"|"#VKv21-KwY38u-EzDNAK"
"boerje.brislawn@edu.tbz.ch"|"NDBYSh-b3NpFe-#HKoSi"
"becassine.wilce@edu.tbz.ch"|"48s$Mx-w9tiuQ-XnwWFG"
"personnalisee.oels@edu.tbz.ch"|"epGYwQ-lBXuq&-Fwd#N5"
"verane.pett@edu.tbz.ch"|"XytnSZ-f4UVwD-B8Fe5P"
"marylene.glewe@edu.tbz.ch"|"mbdf54-%V8zAR-ZB#tKx"
"lai.elson@edu.tbz.ch"|"mNVMWA-4qBGwK-Qga@lo"
"serena.difranceschi@edu.tbz.ch"|"ugF1@#-evh7$j-PCzhyk"
"lie.espinel@edu.tbz.ch"|"c1R@XQ-yOOyVW-5@BpT1"
"marylene.fantini@edu.tbz.ch"|"p9SkRF-43o6@q-LN&VMT"
"andre.archdeckne@edu.tbz.ch"|"someqk-oOoWpw-QYjF8#"
"goeran.bohlingolsen@edu.tbz.ch"|"YqhSff-sh@7vq-AAj@cr"
"cunegonde.heffer@edu.tbz.ch"|"p@$&Ub-QZiKZy-nnC3S$"
"tan.fechnie@edu.tbz.ch"|"kJ@412-EGIFoY-v$Tmzy"
"marie-noel.brammar@edu.tbz.ch"|"@CsbsI-@Wh8sc-RFMYsZ"
"simplifies.aven@edu.tbz.ch"|"Cb%F%p-mfs$Eq-qGtSh&"
"melys.pinchen@edu.tbz.ch"|"tCjZyb-CXQF#d-MNC%Bk"
"edmee.joyner@edu.tbz.ch"|"Z%vMMO-LnKH&7-MH8n1O"
"berengere.edess@edu.tbz.ch"|"iarvR#-$zMYq0-NhPnLk"
"marie-noel.goward@edu.tbz.ch"|"686KM2-P4UOCw-8GH6rb"
"ju.edmons@edu.tbz.ch"|"hg1bi0-n4BWDU-oAS4Jk"
"frederique.airds@edu.tbz.ch"|"WI9ZoK-kPUDp7-H%9yzC"
"reserves.dauby@edu.tbz.ch"|"FQ6up4-dBu1#G-l%Ccy4"
"hakan.gynni@edu.tbz.ch"|"vorodS-alSlb4-dsJgQb"
"leonore.pinwill@edu.tbz.ch"|"Zf$AYm-DxTcBG-PXO5X4"
"marie-eve.mcallan@edu.tbz.ch"|"h2jY%U-nFPgx$-r2TTdL"
"naelle.yeabsley@edu.tbz.ch"|"1HtQz6-iA9fc#-cuNV@D"
"nelie.jacobovitz@edu.tbz.ch"|"y7wh5t-TFIG#Z-QzZ5el"
"adele.conelly@edu.tbz.ch"|"ybYcEw-MD578Z-I0oO@E"
"clementine.dondon@edu.tbz.ch"|"kx6to7-8eLBw0-nWDKq9"
"zhi.willcot@edu.tbz.ch"|"c3H&UJ-osLXZ5-4LcOjd"
"chloe.janicki@edu.tbz.ch"|"WZ3$3y-e2dRpk-burZxx"
"meng.linde@edu.tbz.ch"|"2&GjDU-RfF2cF-N&RqtA"
"celine.janisson@edu.tbz.ch"|"xp7ned-CF78Fa-zfcULZ"
"clelia.crow@edu.tbz.ch"|"oVFoPN-@r4Ifc-%ZSKhA"
"cecile.pyott@edu.tbz.ch"|"K@QQhO-ZJX3wI-OOTcB6"
"ma.fidelus@edu.tbz.ch"|"JcEyjT-FBKVMT-0qqE%O"
"marie-helene.poore@edu.tbz.ch"|"dbNdqK-VTh79F-O4UjU7"
"elies.blanket@edu.tbz.ch"|"PHgX44-&a0GSg-VZret8"
"yu.boyer@edu.tbz.ch"|"8smEei-eLmLxp-a&Vb0s"
"celia.welds@edu.tbz.ch"|"qnXSqj-wryqQ0-4RfPWE"
"du.gunney@edu.tbz.ch"|"y21iz3-QSxB4i-%JwyY4"
"goerel.crush@edu.tbz.ch"|"B&#xbT-RX2LzM-3oyiMj"
"marie-josee.brosius@edu.tbz.ch"|"tBcYv&-NOeBWf-U$&ZaQ"
"camelia.adds@edu.tbz.ch"|"Q5UF$V-CLIFIG-sXLM2x"
"anae.irwin@edu.tbz.ch"|"cSYzJR-Qm6UC2-Qod&WA"
"cleopatre.skeffington@edu.tbz.ch"|"Y%0#4T-WyTo0a-7QVTV3"
"gerald.suggate@edu.tbz.ch"|"FUyVH9-HmVedx-SkOSC$"
"laurene.tailour@edu.tbz.ch"|"1A3MVv-dqwW&E-9SbPkx"
"amelie.hoble@edu.tbz.ch"|"f#IQZe-ja1IdE-7V9&cq"
"venus.getch@edu.tbz.ch"|"Qb7LBJ-8XqDeA-%bbf%S"
"renee.treby@edu.tbz.ch"|"qYQENe-fGw#DG-LaY2u&"
"almerinda.stait@edu.tbz.ch"|"TypvTJ-1MpdrT-8Q9aD9"
"andree.reddecliffe@edu.tbz.ch"|"x9ILeZ-D19KA0-3BSV9a"
"leone.wintle@edu.tbz.ch"|"GIUdDc-oO32yk-wRC4sG"
"gerald.fellow@edu.tbz.ch"|"6OriDx-O#Mn@f-dd08v$"
"ju.gudger@edu.tbz.ch"|"&DmcQ&-9bT7eU-39dy@h"
"meng.ohaire@edu.tbz.ch"|"XZpz0r-rF9vei-C3L3m@"
"cleopatre.missington@edu.tbz.ch"|"M4xXSX-jKhdgP-oCE2a2"
"annotes.debruyn@edu.tbz.ch"|"BGv3L@-h8A%kO-FJG8Mi"
"gerald.sinisbury@edu.tbz.ch"|"CkjXN5-M%vlX%-EQ6Tz@"
"creez.slora@edu.tbz.ch"|"PwrrNH-uHTeTN-k@gQui"
"gisele.benbow@edu.tbz.ch"|"i%mQ6d-UY&CtW-oEHosY"
"pal.dossit@edu.tbz.ch"|"yEvvGm-r2pPEk-e8jOU4"
"nelie.stirrip@edu.tbz.ch"|"DlhBD1-sUT4rJ-jVGko1"
"alois.ocrigane@edu.tbz.ch"|"EAhJEz-biwV@S-cE3BKj"
"kui.mcterry@edu.tbz.ch"|"%GuL6D-GN$pMO-%t0NXI"
"long.willgoss@edu.tbz.ch"|"BpRgTv-snG5lE-H%#qMi"
"francoise.sumpner@edu.tbz.ch"|"#&BJXy-GsrEyw-IwZM7X"
"maely.grinstead@edu.tbz.ch"|"bsW#Mg-6m0WB0-FqPA33"
"creez.langeren@edu.tbz.ch"|"E%PU@N-#iVcRi-hE@MoC"
"adele.dungate@edu.tbz.ch"|"aUQRYu-Ln%qs4-s#aZMF"
"cleopatre.noirel@edu.tbz.ch"|"9Oq%Ip-pzjVyg-jC&qPL"
"interessant.daverin@edu.tbz.ch"|"o08syp-3074qJ-PBS4lW"
"naeva.kalderon@edu.tbz.ch"|"#M5Kmp-4q5TPV-N5weie"
"anais.oshesnan@edu.tbz.ch"|"8xL%Zl-Y8E0#z-bJw0Ey"
"judicael.anelay@edu.tbz.ch"|"DFG@9o-nnJEac-HjOZ6d"
"eloise.braxton@edu.tbz.ch"|"jEckh5-L37KOa-BJTL70"
"desiree.greguol@edu.tbz.ch"|"X4dR%m-kNhEkF-I7FOsn"
"maite.mcclenaghan@edu.tbz.ch"|"OcPFgj-TdTZXE-zouD6S"
"meng.doret@edu.tbz.ch"|"NClodC-lf1pAo-84pabl"
"frederique.chippendale@edu.tbz.ch"|"1YZUg2-9MpJEU-I$JRIv"
"andreanne.lanney@edu.tbz.ch"|"AId82F-2QkM5e-ZxqvJv"
"aurelie.claus@edu.tbz.ch"|"PKLd1&-fhhLK&-1fGlDI"
"renee.pabel@edu.tbz.ch"|"SA2mnO-Kd6$uL-F#NxSw"
"maena.roust@edu.tbz.ch"|"Pdu@de-vp4Og7-pmXNoE"
"nadege.carwithim@edu.tbz.ch"|"H@pXhI-kAHFde-FtAKcN"
"solene.geyton@edu.tbz.ch"|"zU#2gg-Z3XTHN-F2pPD3"
"dafnee.avraham@edu.tbz.ch"|"gpHoOF-JSnEOS-S@uZKb"
"leane.woolvin@edu.tbz.ch"|"&AJEah-5jowqx-EBeqXb"
"adele.macadie@edu.tbz.ch"|"B5c@vl-S5dkb#-h&fRO&"
"meline.rubica@edu.tbz.ch"|"dHe9mE-laPJYv-FoCnaN"
"marie-noel.speeding@edu.tbz.ch"|"Yj@ECp-7zlslI-dHJs7F"
"nelie.mix@edu.tbz.ch"|"ht%z0A-5Np&TD-NLEoZS"
"clea.ollett@edu.tbz.ch"|"ECtaCh-rY9EiF-v4iz4a"
"leandre.mcgavin@edu.tbz.ch"|"3kP0BT-C&wYpu-sbqeI%"
"cecile.behne@edu.tbz.ch"|"UAkWuj-WFNnau-XpSnT6"
"melanie.polle@edu.tbz.ch"|"npc@sq-j4JI25-V7TJAD"
"marie-josee.titmuss@edu.tbz.ch"|"eAzNVU-Zs1#VH-wjFaV5"
"helena.guest@edu.tbz.ch"|"Sz2RMg-nj%yrr-qERY1r"
"annotes.chicchetto@edu.tbz.ch"|"B$RNO%-NHlOTN-JSaX@v"
"melia.tubb@edu.tbz.ch"|"EJMP#6-22j7&Y-lbsMoZ"
"angelique.casetti@edu.tbz.ch"|"TFsADK-1CUXgX-8jhQ9O"
"cunegonde.cleall@edu.tbz.ch"|"Ciu7#&-pxmFm$-DL7Fsd"
"camelia.oaker@edu.tbz.ch"|"Dsnieo-&lyALn-vxErGY"
"you.searight@edu.tbz.ch"|"CnPT1p-zCM4@n-#JEKS6"
"kevina.dederick@edu.tbz.ch"|"Pt98Fw-NGVeTj-AcIUlR"
"milena.jeffrey@edu.tbz.ch"|"5tFlgF-Is7jVT-x26juE"
"melodie.barkshire@edu.tbz.ch"|"rBLErn-#962AV-pd#9Ax"
"gaelle.kreutzer@edu.tbz.ch"|"2GMIMz-@Dwelt-PCs#%t"
"kalliste.kleinpeltz@edu.tbz.ch"|"2Tevrw-pILhCE-FklCiu"
"clementine.danat@edu.tbz.ch"|"fhZ78G-akqvlC-tYKeRA"
"andrea.wabb@edu.tbz.ch"|"Hj0DBB-YHWGGh-A0&J5R"
"geraldine.piesold@edu.tbz.ch"|"o2@i%1-SYYAoP-j#bWG7"
"tan.fiveash@edu.tbz.ch"|"PM1JIN-#kFaoG-5dQTCV"
"meline.yuranovev@edu.tbz.ch"|"8gz@Hl-f0J0F3-PAK#e1"
"therese.holme@edu.tbz.ch"|"RmKPy8-k6Dzs1-gkWN0h"
"salome.vaney@edu.tbz.ch"|"8J0XAI-wZ58SH-3AO6fd"
"anae.abramson@edu.tbz.ch"|"eo4ZP6-RyNG&4-l%Jy$B"
"kalliste.jimson@edu.tbz.ch"|"XQIvjB-eckDpy-xr0qEp"
"selene.yole@edu.tbz.ch"|"ZVZJsd-&J@L@O-hIJrQg"
"agnes.defraine@edu.tbz.ch"|"iGXWyW-br7smd-D7jhvb"
"faites.mccluin@edu.tbz.ch"|"pE9XkU-y%SCw2-S3gQrT"
"athena.deme@edu.tbz.ch"|"@HJgpj-uSmH2H-EEiD@g"
"daphnee.brigstock@edu.tbz.ch"|"RiiMp9-v@x4Cf-OXcFVq"
"goesta.skaif@edu.tbz.ch"|"oek#$w-ja2nJt-C0&ZV4"
"oceane.jagoe@edu.tbz.ch"|"8ikU1D-3OlXKG-3&PyF9"
"annotes.broomhall@edu.tbz.ch"|"t5om9d-oZXJyp-HUf#GN"
"marie-eve.ballendine@edu.tbz.ch"|"BZ6N3E-WLFFmJ-ya4R8i"
"melina.spykings@edu.tbz.ch"|"bPUd8y-StQ@#&-anvqQf"
"laurene.ticehurst@edu.tbz.ch"|"EV3Fs2-At0x8a-@#$hyp"
"fei.avramovic@edu.tbz.ch"|"aQIXaC-$5SQPd-CO1dfF"
"publicite.strathearn@edu.tbz.ch"|"cQ71$t-wDtviD-qrMjim"
"torbjoern.garrow@edu.tbz.ch"|"GHfda1-c1awgT-HyIT3z"
"chloe.rubinsztein@edu.tbz.ch"|"PeZjrC-73zWKF-2@EQGD"
"mylene.demanche@edu.tbz.ch"|"$7wGa1-JeJl@L-He#DPk"
"mediamass.godlonton@edu.tbz.ch"|"DqUVQP-8Ir%wN-MGG5SI"
"renee.shurrocks@edu.tbz.ch"|"ShyXlN-GZ2#XB-U2wRiM"
"maiwenn.jedras@edu.tbz.ch"|"JmEOgp-OQ77gB-dKf%X#"
"genevieve.castells@edu.tbz.ch"|"5KYicN-Q8TX&8-iVAc&p"
"renee.sneden@edu.tbz.ch"|"wShExQ-W&yLId-S%u#nW"
"lai.mccallion@edu.tbz.ch"|"iRLf$A-0EK0$P-w1x8G$"
"kevina.impleton@edu.tbz.ch"|"TH9V@S-$kZ97i-3nTvRp"
"oesten.fresson@edu.tbz.ch"|"%kpyi5-zdn#c6-QGo5tB"
"verane.shawley@edu.tbz.ch"|"b8FgHc-$#LM&f-AphfR8"
"uo.sjostrom@edu.tbz.ch"|"bNT4oy-ccbF@F-$J@X4n"
"gisele.gothup@edu.tbz.ch"|"UPH4kr-orReML-ubyBQS"
"renee.beauman@edu.tbz.ch"|"XiBd8r-X1cSbi-TYa2zc"
"elies.loton@edu.tbz.ch"|"pruK65-2O6D&O-ltjBt3"
"valerie.elsmore@edu.tbz.ch"|"VnCA4u-mH7#uP-PMtM72"
"berangere.delafeld@edu.tbz.ch"|"B68vs9-qQ1gN6-vso#$R"
"bjoern.schimke@edu.tbz.ch"|"XA6VGt-aq8hp@-IKQ285"
"loic.ericssen@edu.tbz.ch"|"@MO7Wh-cFZWqM-mydlaL"
"creez.richarz@edu.tbz.ch"|"6WJ@S2-f&bH9p-4$i8ba"
"athena.grocott@edu.tbz.ch"|"m#w8ej-uwZrDb-1QDoZU"
"naelle.piotr@edu.tbz.ch"|"cfGoFG-63imFt-3mu%Gt"
"maella.paulson@edu.tbz.ch"|"MoSON5-IjS5sO-$DRj$t"
"song.perot@edu.tbz.ch"|"Aorcl4-iylJGi-t#M5D2"
"kalliste.heckney@edu.tbz.ch"|"tpqOlo-ne5WxE-jHIEVX"
"ake.vasyutkin@edu.tbz.ch"|"E#HM7v-rnu2h8-1XW5Ry"
"ma.castles@edu.tbz.ch"|"3wo7V&-qL43k5-rTyErp"
"maely.monget@edu.tbz.ch"|"g%23t4-X8WJQz-O$wvY7"
"tang.durbridge@edu.tbz.ch"|"1@KPat-Ii8rpZ-baspyh"
"laurene.andrew@edu.tbz.ch"|"9nTa9S-Qygwph-v0H#u0"
"lysea.beacon@edu.tbz.ch"|"BfHyP9-e2m7d0-CTMcld"
"leandre.peyntue@edu.tbz.ch"|"i&15KE-9owLb0-gugHYs"
"rao.trever@edu.tbz.ch"|"Js9iBM-WAIcXU-54xllC"
"mahelie.streader@edu.tbz.ch"|"bvRNfx-4pU2II-LIMyd6"
"maerta.andrejevic@edu.tbz.ch"|"vmkm5L-xwVv@r-huIfmC"
"goesta.tompkins@edu.tbz.ch"|"TFzwMT-JPM&BB-8wff4R"
"helena.agates@edu.tbz.ch"|"Pl6o4J-5Wu6ZL-&Ml0#U"
"therese.glass@edu.tbz.ch"|"K5nLDU-vceL0E-W0xny8"
"alois.foan@edu.tbz.ch"|"UBnoCn-6CE%@w-PCGkcH"
"becassine.melchior@edu.tbz.ch"|"kdg9ae-2QzwNZ-Au3P&d"
"cloe.robart@edu.tbz.ch"|"d#CJlt-yTOxy2-uYpNYT"
"daniele.puckinghorne@edu.tbz.ch"|"N1RY4d-H3y8LM-EOXaz6"
"selene.cammidge@edu.tbz.ch"|"b8pZr3-RKe0DS-JC8OF1"
"regine.conochie@edu.tbz.ch"|"T47lZx-lhxSn@-dI6cGT"
"interessant.tuiller@edu.tbz.ch"|"iITTHz-litEOc-4Hiz9v"
"long.tiebe@edu.tbz.ch"|"OLyHGI-pTMCiD-fn1fIR"
"mans.yele@edu.tbz.ch"|"9tF111-n8tA$t-LEKKXF"
"ai.giles@edu.tbz.ch"|"oRKR0G-b$pqhA-O0u#%w"
"gaetane.hamberston@edu.tbz.ch"|"fyzdZ4-Tnvg7q-5L%hgA"
"marylene.fenix@edu.tbz.ch"|"IbFc8g-p#fuf3-h4RFob"
"geraldine.graeme@edu.tbz.ch"|"PJO%tL-XZG9oz-MgvW$I"
"tang.kinglake@edu.tbz.ch"|"fFfAw8-z@6hcY-rW6JZC"
"lai.challoner@edu.tbz.ch"|"aMLxdL-jqWhGr-EkRb@H"
"desiree.mattei@edu.tbz.ch"|"JzJ%yv-Jdm#Q&-TKcix2"
"ake.erley@edu.tbz.ch"|"HsChRk-#AJx9G-@p$Ugk"
"edmee.cavil@edu.tbz.ch"|"iRcAIW-ZNFmSe-yS3DZp"
"alois.moyes@edu.tbz.ch"|"EZkk45-Hf6MTp-z&aXXm"
"becassine.pitman@edu.tbz.ch"|"mOPKmX-eycsPh-TEuavu"
"ai.giacovelli@edu.tbz.ch"|"e5Ib&d-r0$qjQ-%qx@yS"
"judicael.fruchter@edu.tbz.ch"|"C1zrFI-hcTz5c-JRGgT$"
"mans.mogg@edu.tbz.ch"|"uFD8S9-GR$MMw-DEC1DZ"
"gerald.foyle@edu.tbz.ch"|"XwM0TH-DN7wbL-BX2ixj"
"wa.androletti@edu.tbz.ch"|"pctSEE-3vg38u-YCV&6k"
"meng.ollett@edu.tbz.ch"|"Gxmj78-EBdTW6-xPSRP5"
"naelle.macmenamy@edu.tbz.ch"|"IZ2LFs-vFRyfU-pCvZ&O"
"gisele.mcramsey@edu.tbz.ch"|"GrWVse-GWsx3@-P7O&GT"
"meryl.scolts@edu.tbz.ch"|"fZPEFK-9G5@#i-taPGyx"
"celia.bloxsome@edu.tbz.ch"|"hlsUT@-pTQe9e-gG2wuG"
"styrbjoern.stuke@edu.tbz.ch"|"1qmhgq-Tc2A3x-F3Qe&p"
"felicie.gwilliam@edu.tbz.ch"|"dD@iLm-Z@GToZ-yT8jjZ"
"da.harms@edu.tbz.ch"|"IOJ1ex-EsYMnc-CPMU83"
"celestine.baulk@edu.tbz.ch"|"tMpaqy-VwuQ&z-FIMwKP"
"mahelie.blackledge@edu.tbz.ch"|"0pHPKT-pJ8RPx-d9mZ6F"
"meghane.salt@edu.tbz.ch"|"kj%djO-UHAO0#-Uurkix"
"methode.paxeford@edu.tbz.ch"|"j6@3gp-jWAc2y-FiAbNy"
"asloeg.milligan@edu.tbz.ch"|"0C#1Z$-&#djwb-GC7Dj%"
"you.pellman@edu.tbz.ch"|"Ab8qvf-KT3Hn8-hnJtY1"
"loic.regenhardt@edu.tbz.ch"|"rxrfTC-Yis9ms-7XgSQL"
"daniele.savill@edu.tbz.ch"|"Bs8VEM-086@JU-OaLAIP"
"alois.cornu@edu.tbz.ch"|"T0ZBk0-FCTBub-SrFBRc"
"oesten.govey@edu.tbz.ch"|"98TSmK-qvck1A-OExq6j"
"marie-eve.louch@edu.tbz.ch"|"cf3gOi-iCuzzl-7hwYQo"
"theresa.wenn@edu.tbz.ch"|"1$Dlj9-%%sALT-G7OIyY"
"andree.eul@edu.tbz.ch"|"Y7xnAg-g$nr4H-W9Kh#S"
"lie.paynton@edu.tbz.ch"|"E1Yc4i-Umqu5c-bYC&My"
"marie-eve.girodier@edu.tbz.ch"|"l2RnnO-dTdcZP-kfQkht"
"marie-noel.smithe@edu.tbz.ch"|"CFdSfs-AHGwWl-oNFxbs"
"men.bootyman@edu.tbz.ch"|"YwfX&x-GqQGRf-ts83a$"
"ku.sugg@edu.tbz.ch"|"qwP#5Q-HCsFwZ-F1P&tg"
"lucrece.roseman@edu.tbz.ch"|"B7UlK2-gxmyQn-u8OQvv"
"zoe.annear@edu.tbz.ch"|"%B@eG&-4Cl62&-9CbFlu"
"marie-helene.rennebach@edu.tbz.ch"|"nP@$Uw-u4CggQ-WWD9Qr"
"lea.djurdjevic@edu.tbz.ch"|"OpLHbj-YPvF0y-brab$u"
"goerel.robert@edu.tbz.ch"|"1v&oUH-A8%bP0-@K#Uhi"
"mylene.foldes@edu.tbz.ch"|"ARuUW6-UBoWDZ-Ez1bLZ"
"faites.clegg@edu.tbz.ch"|"3bU4Mi-S&Ox56-wYbPo0"
"marylene.crowcher@edu.tbz.ch"|"P@cqXB-25eeCa-PasiKF"
"aimee.wimpeney@edu.tbz.ch"|"946I&@-n63V4x-ahGtH2"
"renee.atkins@edu.tbz.ch"|"AqhcCm-Z5CXzW-F&JY2C"
"rejane.cainey@edu.tbz.ch"|"AX8QbV-Rw54&c-N93kM6"
"solene.britney@edu.tbz.ch"|"xkHYGN-VbB2%P-yClpuy"
"marten.shatliffe@edu.tbz.ch"|"&3D4E1-hdNRW6-IkjZCv"
"maite.issatt@edu.tbz.ch"|"Nq$mCj-yRFj5D-sth%b9"
"maelyss.edon@edu.tbz.ch"|"9e6saG-HXVbe4-uUX#Bn"
"nuo.bamling@edu.tbz.ch"|"iVrr&&-VbnqUn-sDF704"
"anais.edards@edu.tbz.ch"|"F5PAae-aoNAat-&NTvMN"
"mediamass.bromet@edu.tbz.ch"|"0V20iw-A#85$N-yD8CVq"
"beatrice.kimbrey@edu.tbz.ch"|"KTFwWc-CV7N9r-vChYl7"
"ines.lawranson@edu.tbz.ch"|"@nsNpx-K&Q7pr-P@eQRU"
"kalliste.scandroot@edu.tbz.ch"|"TpGXgc-H7EkYm-oAfK1U"
"mans.barrowcliffe@edu.tbz.ch"|"R6zqB3-F3Wj%&-xW&WYw"
"irene.couves@edu.tbz.ch"|"V2z5#T-yPu8FV-mdCh4Z"
"milena.mucci@edu.tbz.ch"|"pY2%@9-8%agGP-VnZO26"
"naeva.cow@edu.tbz.ch"|"sf5bUK-LvgiJe-kBIVbQ"
"audreanne.mournian@edu.tbz.ch"|"mGPNk8-78avxp-dY87To"
"melia.sinnatt@edu.tbz.ch"|"X2m%cP-j1urdr-v5pGN7"
"nelie.burnard@edu.tbz.ch"|"ytQL#B-lIewD6-@VTt$b"
"clelia.ashfull@edu.tbz.ch"|"DNlkQ2-zQMBK#-@Sol0U"
"lie.macard@edu.tbz.ch"|"5VCN#f-Vo7rNg-HQpWxn"
"valerie.matoshin@edu.tbz.ch"|"L$MhIu-X0Tw1k-ONyqyv"
"anael.hatherleigh@edu.tbz.ch"|"$Y2sDD-61yiB3-so1aMX"
"interessant.warratt@edu.tbz.ch"|"40Q%9l-kw$jmW-0ZwyF4"
"eleonore.volage@edu.tbz.ch"|"xTgR3n-lj8fl4-S9I%lk"
"zoe.stebbing@edu.tbz.ch"|"BPRYho-8jtWh%-lOEhsI"
"alizee.nye@edu.tbz.ch"|"WAwF4Q-8HiFzG-tTj8Oe"
"celestine.bramley@edu.tbz.ch"|"dTXvlx-fo2Y%C-C0c&XL"
"selene.philcott@edu.tbz.ch"|"DRZh88-LF$LbS-8nTbZQ"
"tang.newens@edu.tbz.ch"|"z2kqMP-b1dEvl-D@3Xtw"
"annotes.powys@edu.tbz.ch"|"A&hTEk-@fiTi1-owTXi2"
"lea.matthesius@edu.tbz.ch"|"ZgOQQ3-c$n%5Y-Yhn&Tz"
"illustree.garlett@edu.tbz.ch"|"Dhv4M6-9TOmcv-DhAFw2"
"maiwenn.meachem@edu.tbz.ch"|"h1pP5$-Dy7usO-7pB7#t"
"marie-francoise.mcbrady@edu.tbz.ch"|"MH7xI$-%q7c#S-5Q1r8K"
"illustree.gimbart@edu.tbz.ch"|"RpJ#UB-yw1p1z-rs%117"
"melys.lyosik@edu.tbz.ch"|"J1KtLy-K@JK4N-9mj@aN"
"marylene.mcnab@edu.tbz.ch"|"0MB1#m-CqP5Uy-d2y7co"
"gerald.blount@edu.tbz.ch"|"SyhrRq-6PFDz%-NAMLFi"
"clelia.shakelade@edu.tbz.ch"|"nhdj8m-Qxdn@8-JIc#mS"
"penelope.cridlin@edu.tbz.ch"|"0DEesu-9A5T4R-dCoaYV"
"maena.okuddyhy@edu.tbz.ch"|"f1ealI-jNyhf&-sLbJt@"
"athena.keynd@edu.tbz.ch"|"HqxgO0-%dLNWJ-G91UUH"
"cloe.dwine@edu.tbz.ch"|"t8Q@0M-B6yA00-aNWC3T"
"josephine.browett@edu.tbz.ch"|"YIENpu-ZP1j7P-G71fOZ"
"audreanne.oscanlon@edu.tbz.ch"|"DUadpa-Dz6AC8-dCcXAf"
"fei.jeanequin@edu.tbz.ch"|"O9u6An-gI3Sr@-DUB&Sq"
"lois.gormally@edu.tbz.ch"|"r91pvc-O13sDN-wRPhcg"
"marie-francoise.finnigan@edu.tbz.ch"|"4WGym1-#CpAOQ-HBBZ5W"
"leonore.trussman@edu.tbz.ch"|"@1qh#2-p6l3hZ-JV8ai&"
"anaelle.trumper@edu.tbz.ch"|"ox#v&2-1GXKZT-$eTaVf"
"clemence.dionis@edu.tbz.ch"|"u6$F36-2Nha2J-qK43pL"
"lois.tranmer@edu.tbz.ch"|"R5fkNw-I6oWmZ-6%l92q"
"interessant.volett@edu.tbz.ch"|"@Qq2de-zcBhJY-TgJxhR"
"personnalisee.deackes@edu.tbz.ch"|"x&3A%j-NRv04J-7a0XxC"
"lie.vasiliu@edu.tbz.ch"|"$o@vv#-GDzpfZ-iHqR7E"
"dafnee.lamputt@edu.tbz.ch"|"iqFeQo-Z7IYiW-cC6xxT"
"elies.bromige@edu.tbz.ch"|"PZQphg-9kikR8-DND2Iv"
"helena.klosser@edu.tbz.ch"|"J0neKG-T&ch&3-ecNBf&"
"andree.grim@edu.tbz.ch"|"bx1yiq-&$2Dln-HBh9uV"
"verane.coldbath@edu.tbz.ch"|"wuonAI-VL0FT5-&kG0@c"
"helena.bethell@edu.tbz.ch"|"s4$LXX-w727%e-iDsOak"
"kalliste.carefull@edu.tbz.ch"|"i4nDwy-kTyleG-AH18Dt"
"regine.odams@edu.tbz.ch"|"dgb72K-@0lxph-7w7E1@"
"len.stannus@edu.tbz.ch"|"e0aH1p-fepCve-vIchZL"
"angelique.works@edu.tbz.ch"|"EqxsN5-IExCm3-z9ROM#"
"goesta.rheaume@edu.tbz.ch"|"FQbvyH-awL@Eb-RK5SeD"
"maelys.tynnan@edu.tbz.ch"|"D11U3x-@np6by-pcGfOo"
"maelle.carlesi@edu.tbz.ch"|"S@3DVY-HcUyQ8-YMhdvY"
"anael.spurden@edu.tbz.ch"|"TxiI%h-pxTyJm-9hKQoQ"
"helene.pumfrett@edu.tbz.ch"|"pXIrPL-glV6jh-22y3Oc"
"goerel.pearn@edu.tbz.ch"|"iGmnqT-tmhGqa-1wHi4&"
"laurelie.dezamora@edu.tbz.ch"|"5$nrhV-0ujAJs-8ii@VJ"
"yao.twidale@edu.tbz.ch"|"iR8uOB-JoHd0q-L#ti8R"
"berengere.sola@edu.tbz.ch"|"OGauGC-s&u04d-6Gl%Jb"
"maelann.hardistry@edu.tbz.ch"|"9aDqV4-NrHkJv-eCTfw@"
"severine.littlefield@edu.tbz.ch"|"1A5tOM-rDBayQ-p6EkkF"
"salome.heinl@edu.tbz.ch"|"nJzbrC-5BHIqv-q5PLTj"
"meryl.warbey@edu.tbz.ch"|"dtf%81-gnaQF&-NmAlGu"
"da.hunstone@edu.tbz.ch"|"fUY6eq-2KuJzh-N&i#cA"
"venus.broadbury@edu.tbz.ch"|"sfVp&x-m9Bs6A-whp7ff"
"meghane.rentelll@edu.tbz.ch"|"#4kS4p-dzvyYp-6U7VUL"
"marylene.drewitt@edu.tbz.ch"|"bXlYgm-wjprwx-1#&aF$"
"melinda.jacquemet@edu.tbz.ch"|"wiKR%Z-mehhFb-BsoYm6"
"marie-josee.keyden@edu.tbz.ch"|"F#GzYz-qnqfN1-H36ufc"
"asloeg.montacute@edu.tbz.ch"|"vbuAVa-L4i9GX-jZgbJ2"
"ku.andreou@edu.tbz.ch"|"qy40pP-MAGv2M-Qhqmfb"
"personnalisee.feaveer@edu.tbz.ch"|"l0Hkhc-u@71tt-fA97Bq"
"laila.emptage@edu.tbz.ch"|"&UagBE-$WN5xm-Je@3lx"
"bjoern.dawdry@edu.tbz.ch"|"fn8CL5-VLolZ#-I0uFQC"
"marie-eve.dinsell@edu.tbz.ch"|"F1En&f-av$MQR-7A&GGT"
"helene.follett@edu.tbz.ch"|"xQavH$-U1surV-Hwy7cj"
"penelope.cordero@edu.tbz.ch"|"ziAa7%-8g&N8k-eJrTtP"
"boerje.beedell@edu.tbz.ch"|"bn4g$4-1PDu&f-hovMOV"
"nelie.ferne@edu.tbz.ch"|"1j791C-AAtBqK-R9TD%r"
"celine.ahmed@edu.tbz.ch"|"sYX9@y-e@5Q%O-VuEiJl"
"stevina.pimblett@edu.tbz.ch"|"6ICFRz-XwVnjz-2ka1pu"
"chloe.langlands@edu.tbz.ch"|"l1IXuu-elUSCP-9Bvoy5"
"simplifies.maude@edu.tbz.ch"|"m%GVA$-VJWwIk-Y61$fY"
"genevieve.decarteret@edu.tbz.ch"|"ojULxF-ReQCLc-X9H3fx"
"marylene.mughal@edu.tbz.ch"|"@Nnjom-1BGNfK-P3zTBP"
"goeran.guttridge@edu.tbz.ch"|"z0qinO-loYjCT-o0Sia@"
"michele.smurfitt@edu.tbz.ch"|"Bn%B2H-tUXevI-D3kTe&"
"methode.hadeke@edu.tbz.ch"|"nP675t-F7%l%z-OqShOj"
"therese.rispine@edu.tbz.ch"|"gxL8B0-DjtEDa-CN41fi"
"goerel.plumley@edu.tbz.ch"|"1SRuv0-C7$beo-O9AJwE"
"oceane.friett@edu.tbz.ch"|"rZsMBP-txXwjk-ohw$IG"
"marie-noel.achromov@edu.tbz.ch"|"2iTkOC-Kf84zF-rhkRDd"
"dorothee.storek@edu.tbz.ch"|"4K#@le-8Slv$f-DNHyjn"
"goesta.whittle@edu.tbz.ch"|"d44MJx-XI#iu2-%sQB@A"
"desiree.casely@edu.tbz.ch"|"tSKYNJ-TUvoCk-47vJXt"
"felicie.condon@edu.tbz.ch"|"7jhW1l-jV9d8h-H@Da1#"
"maelyss.frisdick@edu.tbz.ch"|"%Mn0$$-LMvYTf-Mug9bz"
"aimee.banke@edu.tbz.ch"|"3rI5bc-ct9TR8-OH8EJi"
"naeva.hodcroft@edu.tbz.ch"|"vu6GLt-t0Iocw-25Uff7"
"laila.gerrans@edu.tbz.ch"|"oKmoHp-S71Sba-7jm8Nn"
"daniele.scrimshire@edu.tbz.ch"|"VL0zvn-g75POE-Ihdj1t"
"daphnee.sheerin@edu.tbz.ch"|"bDZYH%-xNS9XI-W3GQm5"
"pal.vanyukov@edu.tbz.ch"|"i0sohY-%ECKAq-LmOA@8"
"zoe.childs@edu.tbz.ch"|"%RTcdQ-lTXZjf-IlmBaa"
"ai.corde@edu.tbz.ch"|"fEHhus-TvyE5D-ZqSmxA"
"maelys.berryann@edu.tbz.ch"|"CN8rBX-lp1PhD-#61hri"
"cloe.gladding@edu.tbz.ch"|"$sS8lx-V3zkTO-N3ec0F"
"wa.kinnaird@edu.tbz.ch"|"MdTDsL-Tb5ZED-3NkOPQ"
"publicite.brittoner@edu.tbz.ch"|"RveFjt-FqYlvV-MhUmpX"
"rao.windress@edu.tbz.ch"|"x1IB#h-tuI$tm-6B8X7m"
"uo.kollach@edu.tbz.ch"|"k7CsAz-jAUzF5-yq63LC"
"josee.peskett@edu.tbz.ch"|"R4zONo-VBUPFw-v4O&tl"
"annotee.hasel@edu.tbz.ch"|"AyYF&H-Eqdjxw-zd3Jit"
"cinema.lee@edu.tbz.ch"|"@FAWP8-h$h718-RO2PqZ"
"lai.vedeshkin@edu.tbz.ch"|"I4N@AK-MlCoLH-@2%Hg0"
"renee.brisbane@edu.tbz.ch"|"poqh$a-TXt5eh-kunDV&"
"ophelie.blincoe@edu.tbz.ch"|"hREI1O-AMngbY-O8@jIr"
"zhi.prazor@edu.tbz.ch"|"cItlQw-OM1kLl-GFg9eD"
"annotee.maddicks@edu.tbz.ch"|"0gKPh&-v1QhJj-ntBp43"
"maelyss.codd@edu.tbz.ch"|"qlRWRv-w3ziNP-Rjuk9n"
"celia.peplay@edu.tbz.ch"|"b04nXx-MXsWo@-ftggQj"
"interessant.skone@edu.tbz.ch"|"1fxDBg-XDdWmG-RI&D1$"
"audreanne.hebdon@edu.tbz.ch"|"2&83fh-enj5K0-vXQ1d&"
"oceane.glen@edu.tbz.ch"|"8O4ez%-4OlifE-floxzH"
"daniele.vanyushkin@edu.tbz.ch"|"I3NL4F-g8dG0@-Zz4v6K"
"daphnee.ayce@edu.tbz.ch"|"Bfrts5-IWk933-Tnoufo"
"andrea.attride@edu.tbz.ch"|"8oTYDb-qvOH&M-dNbly5"
"penelope.bridgwood@edu.tbz.ch"|"T&9k$q-uMJF#Z-r@7Fj5"
"mailis.drewitt@edu.tbz.ch"|"fi3s1t-uqVSeu-g9MUtF"
"penelope.mollene@edu.tbz.ch"|"Z4rQ9Y-IRooZP-NksIhu"
"illustree.keely@edu.tbz.ch"|"GmnpjH-oe9nhh-%%v&ZC"
"meng.brisseau@edu.tbz.ch"|"SDMwDx-%XMRTo-VYMN#K"
"ruo.cleiment@edu.tbz.ch"|"YXDNzx-zqXQSb-iwN$M8"
"maite.krammer@edu.tbz.ch"|"WIoMmc-YbsLWE-LpRAq6"
"genevieve.verry@edu.tbz.ch"|"p@ohes-YQ#sz6-Tq%$NR"
"lea.olochan@edu.tbz.ch"|"rPKbNA-TGkSSi-ds77JH"
"naelle.brunnen@edu.tbz.ch"|"mKdwB$-DkdGQ5-DzGNEd"
"goesta.bragginton@edu.tbz.ch"|"zj5nhN-qNEzAy-Sx81$v"
"fei.danilyuk@edu.tbz.ch"|"I&zzWj-5@Ff27-3bNMR1"
"adelie.turbitt@edu.tbz.ch"|"cvgYkE-POX04t-t%N1Uj"
"marylene.nutman@edu.tbz.ch"|"DJsIEK-vutgIa-aN7Y4p"
"therese.barbrick@edu.tbz.ch"|"7G@hDc-h%$yf%-SO9ADb"
"melys.kolodziej@edu.tbz.ch"|"MuvF%H-e4rC8N-Xf6Cld"
"melanie.runchman@edu.tbz.ch"|"QNq7#O-fEgAOD-i4xHEI"
"serena.lafond@edu.tbz.ch"|"TyLWGS-CqNtze-ua3K7@"
"pelagie.desmond@edu.tbz.ch"|"oClADs-4IFDyz-Cj9T&Q"
"wa.spickett@edu.tbz.ch"|"119oOQ-%0g8fZ-CA#@SE"
"po.shave@edu.tbz.ch"|"enTunP-jJWoXH-DxYYDx"
"song.huikerby@edu.tbz.ch"|"&aZ3nG-FlUqbi-yE$xau"
"melinda.bimson@edu.tbz.ch"|"HkeiYL-HlWfSI-3JtTbp"
"personnalisee.toffanelli@edu.tbz.ch"|"oqK&um-pwVJ02-kDE9%I"
"leandre.hurn@edu.tbz.ch"|"yqwW$f-CTMmSK-a0noMW"
"oesten.standell@edu.tbz.ch"|"ipy9$F-9eR16R-Zdr9Ss"
"naelle.smaleman@edu.tbz.ch"|"FUCpdF-Z0u70m-ekFBzi"
"berenice.tayt@edu.tbz.ch"|"UkMaJr-DwWQ6d-6@rLN6"
"kui.popplewell@edu.tbz.ch"|"sy2dcG-nrNZ%v-LWWNjf"
"melodie.ferandez@edu.tbz.ch"|"%7kgF6-ZBkdcU-ubU3Aj"
"josee.negal@edu.tbz.ch"|"J0Whb8-8bd8Jt-BoUP5P"
"melissandre.ferrelli@edu.tbz.ch"|"1uVcyx-6AtNJ&-sT4kPb"
"josephine.kemmer@edu.tbz.ch"|"y68ZeX-@YS1De-R0$tNE"
"maely.cayette@edu.tbz.ch"|"NVjAzy-pmivNY-hAiiyy"
"nelie.vela@edu.tbz.ch"|"q6HTdk-miVM3y-OujYh4"
"melina.cortes@edu.tbz.ch"|"2oxBqX-J2h3xx-qehnFI"
"megane.leyshon@edu.tbz.ch"|"yhkRQK-LjzkaU-nFnQDU"
"regine.harrie@edu.tbz.ch"|"iF8jaE-K5xuXK-H76lq0"
"mylene.widdison@edu.tbz.ch"|"ZYd338-gbuwdQ-&lN&yy"
"pelagie.vivash@edu.tbz.ch"|"zZXJr7-k9vGkl-vz&qXu"
"styrbjoern.vicarey@edu.tbz.ch"|"BlPNbF-WbpFg$-NDKJ5F"
"long.kyles@edu.tbz.ch"|"zZd$8v-SIlw1@-qc@BmJ"
"stephanie.gipps@edu.tbz.ch"|"C6E1UT-e0PZ@G-ZnM92D"
"clea.constantine@edu.tbz.ch"|"FfyoUl-&9s2ZT-hJTPxV"
"maella.cometto@edu.tbz.ch"|"syYLHI-U0rive-6&Hilu"
"laila.aubrun@edu.tbz.ch"|"XCntV4-nkPc0Z-8KwKb8"
"yao.austins@edu.tbz.ch"|"OClYAO-5XGIR6-1LjDLV"
"mailys.rylstone@edu.tbz.ch"|"43dOB$-KNxeu3-98TRnw"
"adelie.curuclis@edu.tbz.ch"|"sdzL4S-YuLHZF-Vr9usB"
"celine.longhurst@edu.tbz.ch"|"bWJ651-f8sdSu-uf3z&q"
"gisele.hazell@edu.tbz.ch"|"#2#79j-CL7rHi-xz0%Ua"
"celestine.ciccone@edu.tbz.ch"|"qmad9I-YZ0jCZ-IxQwJQ"
"maelyss.doole@edu.tbz.ch"|"UePE@y-Crb3R%-F3&f1k"
"helene.grimsdike@edu.tbz.ch"|"BA3cxy-maprP0-1$DgeX"
"lie.macer@edu.tbz.ch"|"Ojjr5P-mwMCKD-NdcoaA"
"maely.izard@edu.tbz.ch"|"TlCVS#-Oxqexk-XvJrxk"
"erwei.breewood@edu.tbz.ch"|"60L$DS-m1CIM4-EAHRm$"
"chloe.woolford@edu.tbz.ch"|"FQYO9N-YawQC%-y#ibg3"
"cleopatre.turpin@edu.tbz.ch"|"z32Ujw-7jrDL2-agMdHn"
"melodie.surgison@edu.tbz.ch"|"PhXNoE-bwTr7O-bpeC&V"
"elies.leander@edu.tbz.ch"|"FePxz7-ba42N8-yJD#Iy"
"mediamass.reignould@edu.tbz.ch"|"FUys4v-1#$niU-JPX#6v"
"celestine.wasmuth@edu.tbz.ch"|"AK@xgC-FqCEdJ-tqi6%7"
"marten.jervis@edu.tbz.ch"|"ajQ&cF-8LcGS3-ynjU@A"
"daphnee.bour@edu.tbz.ch"|"QmGF0e-YiyHyD-1hgj52"
"regine.harlett@edu.tbz.ch"|"tNSiI&-aTJtK4-ZruAhI"
"noemie.macaskie@edu.tbz.ch"|"pfbV6Y-jHeg7Q-c4#uMC"
"loic.renfield@edu.tbz.ch"|"9fqivk-TL6OwZ-wA&V4Y"
"venus.kleinert@edu.tbz.ch"|"OMtSk2-ErQZfb-w2%g&L"
"marten.burlay@edu.tbz.ch"|"U952ae-9LqqQ3-4#LvZ9"
"berengere.radsdale@edu.tbz.ch"|"cLqD9K-2vMnu8-iRnQlM"
"genevieve.duckit@edu.tbz.ch"|"GjiN1F-j&Mng4-ZwS5#U"
"maely.ligerton@edu.tbz.ch"|"#DWE7c-Az%MpE-rs&Tgc"
"maeline.ricciardelli@edu.tbz.ch"|"jjqQ%p-@I7E$B-%GKw0Z"
"personnalisee.yggo@edu.tbz.ch"|"a4SsfY-OVECGU-1eCMYO"
"alizee.pettinger@edu.tbz.ch"|"c$mVSr-jotG1D-iDbUIN"
"desiree.curnnokk@edu.tbz.ch"|"5T96pg-intCck-$ZqrWN"
"dorothee.minors@edu.tbz.ch"|"ErTLa$-VldljK-i3GuoB"
"oceanne.kopmann@edu.tbz.ch"|"OQROew-fnuCpW-1CKRw&"
"almerinda.brodbin@edu.tbz.ch"|"kZXQ69-pAvU0R-PAXHFk"
"yenora.carsberg@edu.tbz.ch"|"zMqUgo-7&NKdU-P7UAeP"
"wa.beetles@edu.tbz.ch"|"niHnp2-UTtA07-$qncxk"
"audreanne.abbot@edu.tbz.ch"|"3AP7FA-qEoyjx-@MC4g4"
"noemie.capper@edu.tbz.ch"|"HNpdxX-R#z7@y-vrscE&"
"mans.abramamov@edu.tbz.ch"|"tBJaq@-1RxuJp-G%z#UW"
"audreanne.blakey@edu.tbz.ch"|"2u6vzQ-r7T0g1-8F3uzu"
"leone.klimpke@edu.tbz.ch"|"7EdgOl-P8OKky-xPeHTi"
"lie.croston@edu.tbz.ch"|"r&LVwe-I3sjTQ-xFQITF"
"anaelle.baistow@edu.tbz.ch"|"d4OV$T-ZLKHI#-lGA6e5"
"michele.garwood@edu.tbz.ch"|"YW&TEA-5ibakC-kYA8jV"
"interessant.albion@edu.tbz.ch"|"pfD1IG-g$Icm3-7w9ZdK"
"andre.brisco@edu.tbz.ch"|"XhNqnK-8@32I7-l@p%hu"
"tang.totterdill@edu.tbz.ch"|"#EH5RB-yFAwrl-cOxApq"
"marie-josee.braundt@edu.tbz.ch"|"RYwy9S-qgoqda-1YUFsU"
"lois.galer@edu.tbz.ch"|"@tfUTe-@$HcS2-YWy1&z"
"faites.pellamonuten@edu.tbz.ch"|"vFsUh@-@9ece9-&AFTF0"
"mai.barfford@edu.tbz.ch"|"Z4reXU-trCM5x-L0#Cf6"
"laurene.macilory@edu.tbz.ch"|"zV%Kpk-ArcoDw-IYHG%L"
"elea.peak@edu.tbz.ch"|"1z#efT-2f7b7e-3wPWzX"
"rejane.doni@edu.tbz.ch"|"80sltU-O%HOCz-KBBXmg"
"mahelie.ector@edu.tbz.ch"|"TpByqj-WIA4kH-ivRKt%"
"rachele.allum@edu.tbz.ch"|"#WFnUT-1Vj3dm-Tk0frY"
"laila.gerretsen@edu.tbz.ch"|"g#R9gf-p&ccmc-NbxWvL"
"ines.bowman@edu.tbz.ch"|"wg0axh-d0y1pz-LbkG1C"
"publicite.barbary@edu.tbz.ch"|"dZckvD-3tUAyU-1gs0kd"
"mailys.smooth@edu.tbz.ch"|"tp5uk5-M$IaRg-r1xC$H"
"mailis.huguenet@edu.tbz.ch"|"qX0gRM-9rfI@E-aVWeTF"
"lea.ewer@edu.tbz.ch"|"lJMcqS-TFRV5d-tRbRjg"
