"email"|"password"
"melodie.vandervlies@edu.tbz.ch"|"CcOwYz-4Vixw0-UdtSn3"
"angele.edgecumbe@edu.tbz.ch"|"frv%hT-Dq2bQi-EI3E0g"
"zhi.andreasson@edu.tbz.ch"|"M2E@Wd-wk%iPB-LqO94e"
"judicael.koppeck@edu.tbz.ch"|"4Y65ay-5Cappr-N0LZDg"
"berengere.capron@edu.tbz.ch"|"gYgNTJ-wzjFMb-XMI1TH"
"leonie.brosini@edu.tbz.ch"|"K8HuAo-SoTcqX-uw%HbO"
"venus.garfit@edu.tbz.ch"|"y&6wMh-LDC1#n-yhg#Cn"
"melina.janota@edu.tbz.ch"|"U$YiJ6-5JH&hy-y&sdAN"
"laurene.bake@edu.tbz.ch"|"BEbpZg-VQw#x%-tFx3ga"
"regine.dorkins@edu.tbz.ch"|"7#9kzy-KWMUVa-77jIG5"
"cecile.moffet@edu.tbz.ch"|"L&TkL8-rauRvs-nZxiFK"
"maelann.labrone@edu.tbz.ch"|"dwdMHe-r$BRNt-Lj#vIF"
"melinda.newbold@edu.tbz.ch"|"4$Rf6j-gISzeS-@3fU@@"
"mans.itzhak@edu.tbz.ch"|"Qdjp8s-vgnsy0-VGKuUx"
"melodie.pattlel@edu.tbz.ch"|"U6#nL@-#9Ir%i-s17H2B"
"celine.bonett@edu.tbz.ch"|"g66W0Y-PHwlVb-ZTgLWf"
"adelie.mcgreal@edu.tbz.ch"|"a867Dv-yel#VC-7DxLZC"
"helene.soldan@edu.tbz.ch"|"kb3ges-7nPae&-L&&wXu"
"michele.cluer@edu.tbz.ch"|"nXbQRu-k1sSNw-fDnNZ5"
"maeline.mueller@edu.tbz.ch"|"Ke6yfU-TMuzH3-UK1fja"
"maelann.benedito@edu.tbz.ch"|"T2KkxD-dpN8WS-Bvqshx"
"nuo.gransden@edu.tbz.ch"|"xN9pU&-uqGLwz-gEq0kW"
"berengere.stainton@edu.tbz.ch"|"sKtokI-#cWX$n-d26xO3"
"wa.sabater@edu.tbz.ch"|"eKYsuW-ce@9ji-xA41PW"
"anais.cochran@edu.tbz.ch"|"C2w&CS-BH69y1-hpP@bi"
"gerald.bessant@edu.tbz.ch"|"a4MWJv-0&yixX-$grdn#"
"ruo.coffin@edu.tbz.ch"|"Zvliqd-MeTLGZ-lmlZtJ"
"melodie.mustill@edu.tbz.ch"|"sPc8@Z-8o#FkG-tLm%38"
"ruo.stanesby@edu.tbz.ch"|"xrggRe-%OMTfe-1JBhQm"
"noemie.antognelli@edu.tbz.ch"|"OPXSAU-zSy@px-VpOZWv"
"maelann.hughson@edu.tbz.ch"|"sOF2FU-EA7h4H-vMOEUO"
"milena.mieville@edu.tbz.ch"|"K54&7#-rWph6u-#Nl4l$"
"mailys.chamberlin@edu.tbz.ch"|"pQNLi7-V1L%#i-s0cnqU"
"nadege.tomalin@edu.tbz.ch"|"yR#6lW-xeSpL1-f7peIy"
"oceane.omara@edu.tbz.ch"|"JICkpw-1dPDAs-oE5mz$"
"cecile.aguirrezabala@edu.tbz.ch"|"Gu&Z7d-o$B&mA-KhAAgw"
"maella.gwillim@edu.tbz.ch"|"9ZkbJy-hnC&kd-QHBxLA"
"lea.mcgahey@edu.tbz.ch"|"OobNAM-LBOLVC-i9xfKx"
"laurene.hagerty@edu.tbz.ch"|"NvKxr%-OfWStm-WR9g#@"
"dorothee.link@edu.tbz.ch"|"a186%L-y%SA#H-$@2ACz"
"clementine.kynsey@edu.tbz.ch"|"LYQDLe-d#$mcP-90OBDp"
"lorene.smitherman@edu.tbz.ch"|"vswHBK-Ml8Ndn-&oJn%Y"
"cleopatre.klulicek@edu.tbz.ch"|"oeq0Fp-bZgrV0-&2ouCJ"
"laurene.castaneda@edu.tbz.ch"|"anwpQf-YV&$Hp-63b6cj"
"melia.constant@edu.tbz.ch"|"KIPwUY-tu6%FX-nVCS2d"
"lucrece.clunie@edu.tbz.ch"|"iRC&uK-&lbFwC-cN6#Q8"
"eleonore.mcmurthy@edu.tbz.ch"|"U2Gozy-qntL1C-uo0d7E"
"melia.bevar@edu.tbz.ch"|"gh@zib-0Z@Hri-pq%Q5m"
"camelia.bontine@edu.tbz.ch"|"%7Jw8b-3aT3vm-bchCuu"
"methode.jozefczak@edu.tbz.ch"|"nIzUhW-B0UyH@-rt#$3V"
"audreanne.hinsche@edu.tbz.ch"|"f32S@q-RzmSS8-245Nsq"
"andree.varne@edu.tbz.ch"|"B7%AL%-gGk6q9-#NcNya"
"marten.kinleyside@edu.tbz.ch"|"jaoDo9-nd1spg-1khkjh"
"esteve.mcewan@edu.tbz.ch"|"04jgNX-6Z&&6q-R%IMRB"
"leane.dibbert@edu.tbz.ch"|"OBJ77E-ZWPwDN-emtUp0"
"ma.thewlis@edu.tbz.ch"|"aSu@&n-@4lnyD-aObi6x"
"clea.djurkovic@edu.tbz.ch"|"hk4o#d-FcaipD-3tuln2"
"rachele.reburn@edu.tbz.ch"|"xTujoL-EjKWh6-mgS4Jz"
"gerald.gowling@edu.tbz.ch"|"5GIf8C-g9ozkI-Wl4AAq"
"cleopatre.jackson@edu.tbz.ch"|"&SgBv1-Zkt2ue-1OE5sQ"
"desiree.haskins@edu.tbz.ch"|"q@yAp6-K3p5h&-E@HuWF"
"eleonore.longson@edu.tbz.ch"|"h3Kba9-&LTmjW-tl4jJZ"
"leane.dybell@edu.tbz.ch"|"TxnSAb-@NYIOI-aUn#3J"
"becassine.grzesiak@edu.tbz.ch"|"nbCydr-8q0yr8-N61ij8"
"marie-josee.pickin@edu.tbz.ch"|"U4uR4l-KX7rjs-ze&uV6"
"marie-josee.roxby@edu.tbz.ch"|"1GngZF-@p@Vhd-LTebjW"
"leonie.feenan@edu.tbz.ch"|"EFnYkG-M5h0xd-&&rrq%"
"valerie.ellum@edu.tbz.ch"|"yg2V$Y-TcY3$Q-MNorcj"
"ju.caseri@edu.tbz.ch"|"7#fIPa-iHcpRk-dyYWl3"
"boerje.strangman@edu.tbz.ch"|"YRJtgv-LagoWe-b1sHgD"
"beatrice.ghidelli@edu.tbz.ch"|"6rL@qk-Rob4Zy-SFLKNB"
"da.jablonski@edu.tbz.ch"|"8@XpJ@-IBpC7Q-rPx@&m"
"uo.beveridge@edu.tbz.ch"|"CKzEx$-720Jbv-ESy@v2"
"valerie.bestman@edu.tbz.ch"|"$f0Mzx-OO&s&O-8eUP9G"
"marlene.pohls@edu.tbz.ch"|"pBnWwc-TC#nsh-tKZ@HS"
"ma.nolda@edu.tbz.ch"|"xDpwcH-I%4gZl-&aCy16"
"marlene.bisiker@edu.tbz.ch"|"6EOUe9-JhQaXS-9DesN2"
"estee.babon@edu.tbz.ch"|"3Ov4di-0ADZQr-6DAfb#"
"simplifies.dmisek@edu.tbz.ch"|"No45ur-@mcog3-85Qmkt"
"selene.ganing@edu.tbz.ch"|"j4jbNY-#57Qpn-0TQOGC"
"meryl.penke@edu.tbz.ch"|"yKqodO-&NqZrk-yh0lVC"
"anais.rawcliff@edu.tbz.ch"|"K%7sAU-ss95Qo-2#ffTy"
"melina.andri@edu.tbz.ch"|"LcFAOz-bbDvOk-Dv#KzN"
"audreanne.fodden@edu.tbz.ch"|"kyzHPW-@RnSYL-3$jCdr"
"bjoern.spellesy@edu.tbz.ch"|"R#hirr-Zf6rW1-nAaw2e"
"francoise.summerscales@edu.tbz.ch"|"OeXbIZ-b7n4Hm-ZnUT4g"
"laurene.ashtonhurst@edu.tbz.ch"|"Hp1pHV-PdON&E-6%7WOn"
"valerie.petters@edu.tbz.ch"|"tZYVj$-9@6j6l-X%l2nq"
"anael.spenclay@edu.tbz.ch"|"ZDl6sP-yMRFgI-%h4nOS"
"stephanie.keech@edu.tbz.ch"|"mnDG34-uDCQkC-35qBy0"
"ines.deveril@edu.tbz.ch"|"80CvYo-Dj41sE-I94r7i"
"berenice.gelder@edu.tbz.ch"|"Glvtcj-n9mN#h-JHx2pp"
"melanie.ofogerty@edu.tbz.ch"|"HbLd41-2STFXZ-UnR8Z@"
"frederique.canepe@edu.tbz.ch"|"$PwxIq-TLtHqk-S#Xw8Z"
"nuo.otton@edu.tbz.ch"|"0&Uc&E-OonJ$b-HL569g"
"genevieve.trusler@edu.tbz.ch"|"vRqxCR-pRCzpw-IWwSAz"
"ju.boag@edu.tbz.ch"|"QId2%r-@$a7G&-RmxC#r"
"josephine.dilucia@edu.tbz.ch"|"XpqD29-SfwM6V-bjA&9K"
"laurene.armsden@edu.tbz.ch"|"b@LGee-ak%SuE-dgRHT2"
"becassine.griffe@edu.tbz.ch"|"Zy2cd3-Z1H8H#-XHL6y7"
"alois.parres@edu.tbz.ch"|"ZfaTti-mKsQ38-yceNVq"
"cleopatre.gaffey@edu.tbz.ch"|"6IS7e&-@2$5Ex-nNB&@v"
"andre.stiger@edu.tbz.ch"|"vXqE&0-Ld4dd0-D90y%N"
"beatrice.godleman@edu.tbz.ch"|"SFCuS2-aQo@PD-oOOZXg"
"hakan.harrhy@edu.tbz.ch"|"h2Fo@8-G3TFl7-vSrgCf"
"celestine.dagnan@edu.tbz.ch"|"DOTZo%-1GEGZK-1Neldr"
"clemence.haggart@edu.tbz.ch"|"2ze6hx-SN1owW-LY&ogu"
"long.caban@edu.tbz.ch"|"aLT@la-slacPB-WBOzCx"
"gaetane.grimble@edu.tbz.ch"|"4#2DQf-0lpZB9-LGmYUj"
"maelann.piwall@edu.tbz.ch"|"1znGCC-VxFPnm-hJwOzX"
"magdalene.loble@edu.tbz.ch"|"UHK5$j-2$%b9F-DR@VMm"
"veronique.domaschke@edu.tbz.ch"|"$1y$mR-qEgZYP-JfUyJm"
"clea.herity@edu.tbz.ch"|"QqHYhB-5bMBNb-%HuXqr"
"maelann.bambrough@edu.tbz.ch"|"R2TQZR-dKT7oG-rK$FMM"
"clea.goulstone@edu.tbz.ch"|"vP7izl-RU8Oz%-QlZ119"
"renee.deleek@edu.tbz.ch"|"X@G1&n-biLUlr-sK7u@S"
"boerje.rudderham@edu.tbz.ch"|"77jk4B-uruPCH-5NCzTh"
"marylene.broune@edu.tbz.ch"|"gMVdSc-qvMi@c-Zqx6be"
"nadege.mccuish@edu.tbz.ch"|"pkwnqQ-@7aAqR-A37G7G"
"anael.littleover@edu.tbz.ch"|"RB13o3-bCSxZB-YW2VGB"
"lie.baume@edu.tbz.ch"|"OJlVCf-vZsT&t-dBxrcV"
"maella.murrow@edu.tbz.ch"|"zGkdCj-T&sFCb-tsk4EI"
"cleopatre.pettifor@edu.tbz.ch"|"6@OEc5-%d0vW5-Qfnc05"
"geraldine.asker@edu.tbz.ch"|"XvlSKM-46fS02-oS9p5v"
"gaetane.smedmore@edu.tbz.ch"|"7ErxTh-x4tI92-xR%wpU"
"meryl.blencoe@edu.tbz.ch"|"xYooET-UcekCD-3K&X#5"
"aurelie.chastaing@edu.tbz.ch"|"olU6EG-OqJWjC-eh$%#g"
"oceanne.marthen@edu.tbz.ch"|"rkRL2m-g4K4lP-$dRqWw"
"dorothee.burrill@edu.tbz.ch"|"c#d3bg-EYA78R-qqiT%M"
"hakan.belden@edu.tbz.ch"|"@Yk2Gt-qifzNo-jzbUad"
"celine.brunning@edu.tbz.ch"|"KGouYt-hUM4a&-HSsnZE"
"anael.lapides@edu.tbz.ch"|"m@wJsE-WPi2Le-OgmCg#"
"ruo.saffran@edu.tbz.ch"|"mqWPaw-XdJxuq-H&OHRy"
"loic.gerretsen@edu.tbz.ch"|"vUrsYL-yNhP04-ODJiGc"
"rui.fitzer@edu.tbz.ch"|"MQsMtQ-eT%n6R-2eM5w4"
"annotee.ogers@edu.tbz.ch"|"8oLKaG-s#MrW8-Y8x3DV"
"boerje.bindin@edu.tbz.ch"|"fZ%lYn-azWAtA-Uiahai"
"ma.cronchey@edu.tbz.ch"|"wwc$l7-agMzpv-evpJ5p"
"laurelie.baiyle@edu.tbz.ch"|"r5vqBO-EXcPbn-XDcqMY"
"dorothee.older@edu.tbz.ch"|"%RD&U1-M5sSZg-bUgUPT"
"laurena.wile@edu.tbz.ch"|"tNYdsk-XIpS4L-@W%JOM"
"clemence.brito@edu.tbz.ch"|"NYd5RR-OYHrxn-sN2ieD"
"nadege.dallin@edu.tbz.ch"|"FmG50n-ChMzP7-EzjpiT"
"mailis.matley@edu.tbz.ch"|"MLNPQE-x@jsaA-ZpmgEA"
"daniele.screaton@edu.tbz.ch"|"TEL2uW-DQMijX-@XV3p3"
"mediamass.godly@edu.tbz.ch"|"VK8n6p-$W#sKJ-lD8DgV"
"leone.kremer@edu.tbz.ch"|"NFkJf8-0lxlmo-Tx$OU9"
"asa.adrian@edu.tbz.ch"|"mFLG8b-O4lAPm-5fi0nP"
"adele.doley@edu.tbz.ch"|"EGc49O-Mg5WOP-PbZYW4"
"fei.sidney@edu.tbz.ch"|"4DM89A-rgIyMm-qezdy4"
"marie-josee.walisiak@edu.tbz.ch"|"vN@TEP-abasAa-D7rn7T"
"desiree.diplock@edu.tbz.ch"|"PFFZrj-YvaxdM-BU1KMq"
"gisele.schust@edu.tbz.ch"|"pGutOd-tvzQm#-sPVxoD"
"ma.longshaw@edu.tbz.ch"|"e05&Co-NxgCBq-o4fJ8M"
"da.boother@edu.tbz.ch"|"K3f#Lo-Zk5KTs-LOvaoV"
"simplifies.chaudhry@edu.tbz.ch"|"bsHoL8-RP4w$i-@19PHF"
"garcon.baniard@edu.tbz.ch"|"WrMx6l-0MQVty-mFf&ky"
"gaetane.elphee@edu.tbz.ch"|"7ddLy9-2Ui6V&-i$K&TT"
"gisele.hassey@edu.tbz.ch"|"2NQ&Av-cNejud-aGlHoi"
"oceanne.booley@edu.tbz.ch"|"y3lAbV-8Oeqrk-Q$D$wa"
"oerjan.dibden@edu.tbz.ch"|"rhbvOM-qzMZxG-Kzo7yz"
"regine.ocleary@edu.tbz.ch"|"5N4kW$-XF@neT-gmQc#7"
"selene.persse@edu.tbz.ch"|"2SqHwE-VpvBiF-GH5JxN"
"helena.adenot@edu.tbz.ch"|"luWQGj-e$v8IQ-w&yq8a"
"maelann.wassung@edu.tbz.ch"|"4bYSbn-oIh8Sj-fEGsgO"
"frederique.ackermann@edu.tbz.ch"|"Vlrt9y-#pc2fj-ZSf2u%"
"audreanne.kahen@edu.tbz.ch"|"ImmKdM-mcarta-g&DZRz"
"maiwenn.lasty@edu.tbz.ch"|"i@iU3b-z4ILTp-I9ZwcP"
"yu.dictus@edu.tbz.ch"|"veb7Z0-K26gp1-QqH1Q2"
"anae.dukes@edu.tbz.ch"|"NviKV#-WI@iMY-A5@sam"
"yenora.warr@edu.tbz.ch"|"DJXgIy-Szrg3i-5gMu#%"
"esbjoern.archibold@edu.tbz.ch"|"WoE46a-c9Hc55-O3P%Iu"
"milena.pardal@edu.tbz.ch"|"Ku9ncu-my24Hz-wuI2r6"
"celestine.graveston@edu.tbz.ch"|"imj#Na-F8fJDQ-U#bmDB"
"maena.dallas@edu.tbz.ch"|"ugPSqd-yvTxzO-gPDdn%"
"andree.tuke@edu.tbz.ch"|"QYf6ql-6@RF4T-41ZJTD"
"methode.seldner@edu.tbz.ch"|"#LeO0o-BxEORn-JA##9C"
"venus.bullas@edu.tbz.ch"|"o#uHEW-iNIyHJ-Cfwty$"
"mans.aguirrezabal@edu.tbz.ch"|"cWJNtl-u4LDL$-5wiWSI"
"gaelle.eadington@edu.tbz.ch"|"o@Dcac-vO8NiI-g$9wqF"
"anaelle.falkner@edu.tbz.ch"|"Asfobc-UMo2kh-J%I1b&"
"ophelie.height@edu.tbz.ch"|"xN4jtU-mFMDL5-c##Xwi"
"marten.bolding@edu.tbz.ch"|"tAON9w-s7hpbg-PbBawO"
"pelagie.guswell@edu.tbz.ch"|"qex7iL-LyT6I4-E6%M3F"
"gwenaelle.lecount@edu.tbz.ch"|"XUEhtN-QtIYG&-ydwN@a"
"hakan.laden@edu.tbz.ch"|"er4aV3-$HcCwX-Pr$BpD"
"marie-josee.hylands@edu.tbz.ch"|"i2NgW5-Q%GrAU-Lme7Jr"
"zoe.kingshott@edu.tbz.ch"|"erEFD8-9li7zG-BHfF%0"
"josee.janous@edu.tbz.ch"|"WquP0J-ozJE9Y-ZQsHOA"
"laurene.gallally@edu.tbz.ch"|"&Uyiiq-t%9Juq-l5j#E&"
"anael.bickle@edu.tbz.ch"|"NVGpTw-qC0cT9-tye9R&"
"mediamass.lebbern@edu.tbz.ch"|"5fJHpW-yVjK5N-deUQzj"
"berengere.hovy@edu.tbz.ch"|"IKnbE2-4Eu@E4-anRJNj"
"oerjan.kilmurray@edu.tbz.ch"|"Ak7FGW-AxM62x-odKw&k"
"asloeg.venny@edu.tbz.ch"|"8FaIvL-YTyPz5-d9EaKA"
"marie-noel.stoad@edu.tbz.ch"|"wv%a3K-WJfu#H-aS%2Tw"
"hakan.pettifor@edu.tbz.ch"|"Z8K%L7-gNPkN@-s@zpYp"
"maella.willgrass@edu.tbz.ch"|"&SwpQ6-3m2nl7-Hu5onx"
"therese.ludovici@edu.tbz.ch"|"nA$dlx-6o6XlC-UKmOgw"
"stephanie.trewhitt@edu.tbz.ch"|"gAgHRT-mPVd4#-SebdIh"
"maerta.bauduccio@edu.tbz.ch"|"3RED2F-Z6Cf0F-FK%Cbs"
"gaetane.glaisner@edu.tbz.ch"|"@@Ceww-HRMILs-ooiZr0"
"naeva.pargeter@edu.tbz.ch"|"HePh@L-OfSJSu-28BrjU"
"salome.venable@edu.tbz.ch"|"IWJIto-$rac2#-vjvquC"
"boerje.thickett@edu.tbz.ch"|"mKhTiG-ZEmsdg-BPWmjR"
"lucrece.prendergrass@edu.tbz.ch"|"41YHZ8-fzZmhW-1RZ5cq"
"laurene.ockleshaw@edu.tbz.ch"|"QcS56a-IA@Kvz-rPXR5o"
"cecilia.pasticznyk@edu.tbz.ch"|"2qQyyL-aOs@2M-grVM77"
"stevina.mackey@edu.tbz.ch"|"X%y@Sl-&fkGEK-&T6tUv"
"marie-noel.reven@edu.tbz.ch"|"HQfuSj-JKHFrc-2FYGOX"
"melina.quilkin@edu.tbz.ch"|"OJ&jc$-V8IcNN-tiDgGx"
"marie-noel.ferrie@edu.tbz.ch"|"VOSjyk-pCeVBU-cBn%cO"
"leone.alphege@edu.tbz.ch"|"5BlAYN-VMNyUX-3xjB&y"
"zoe.leverson@edu.tbz.ch"|"WS0mjd-s2s9PX-GLrGeK"
"annotes.grayne@edu.tbz.ch"|"AQ#a6e-2wva%1-h@zWTB"
"faites.lalley@edu.tbz.ch"|"EhbQpO-rYRcm5-AgoR8R"
"adele.wallis@edu.tbz.ch"|"0dkyA4-tJpca7-@jmHty"
"severine.madill@edu.tbz.ch"|"iyu@bX-g#PWu3-yGQvWo"
"valerie.tebb@edu.tbz.ch"|"LcUwpt-GE7id8-ZWi9mi"
"kalliste.rasper@edu.tbz.ch"|"q&eWUW-V5b9nd-kp1&yN"
"audreanne.palomba@edu.tbz.ch"|"hsPii9-jiKRex-$#H$ph"
"elea.adamik@edu.tbz.ch"|"4s5s#N-hm0MSk-OcN1cL"
"reserves.jakuszewski@edu.tbz.ch"|"SKuq26-u#rTgu-e%a8Qc"
"athena.belhomme@edu.tbz.ch"|"j6sQvm-14seqi-aivBOO"
"rebecca.crippin@edu.tbz.ch"|"LpWy2l-L3W0&6-bnLcEr"
"maiwenn.curman@edu.tbz.ch"|"aehUzG-jgb3C5-&QcCvU"
"andree.bunner@edu.tbz.ch"|"MiYVtZ-wBCFpP-m3r#2b"
"ruo.winckles@edu.tbz.ch"|"Q#Zk$4-$b2tAU-yH4FVR"
"naeva.buntine@edu.tbz.ch"|"W%PcRj-zh6Id7-L33FV4"
"boerje.dollard@edu.tbz.ch"|"QukgGs-4D71VZ-UWoyBT"
"penelope.gorman@edu.tbz.ch"|"BzdE#%-dBfaQr-#MIYh6"
"alois.robelin@edu.tbz.ch"|"JbOOy6-nVBJjd-hh8Ow9"
"anaelle.tindle@edu.tbz.ch"|"XocoD2-&5AkGw-uZny#4"
"ye.frears@edu.tbz.ch"|"#71rqX-b&BtZ7-4e9Hh4"
"andree.ovid@edu.tbz.ch"|"X6Frd1-9LBAxG-AZik%w"
"hakan.peat@edu.tbz.ch"|"yy&xpd-oAmsWK-7rGfYG"
"andre.januszewski@edu.tbz.ch"|"yqVntO-r1lJOr-vkR0MY"
"annotes.clemmett@edu.tbz.ch"|"RMTFGh-d7URuY-DpWlPF"
"pal.lambswood@edu.tbz.ch"|"dZxP2R-G&p9E$-r1tuze"
"yao.lenton@edu.tbz.ch"|"7WUSlj-gNXxBP-Copv9D"
"hakan.boyton@edu.tbz.ch"|"OXqW%I-74QX9c-Md9$Tr"
"nelie.forsey@edu.tbz.ch"|"ijFQDQ-9z7KyH-Yzv%qQ"
"hakan.horche@edu.tbz.ch"|"llc@gI-z@npT9-EVT6jn"
"lorene.sinkings@edu.tbz.ch"|"R4BLZ$-TK1zA8-5@h4$F"
"marie-therese.creddon@edu.tbz.ch"|"%U24ga-GwAenP-oMLVzZ"
"berenice.tolworthy@edu.tbz.ch"|"mo6QyH-%9FI3l-eZMgBI"
"theresa.land@edu.tbz.ch"|"5IQNI7-XIuWzX-RDiwgy"
"marie-therese.gianilli@edu.tbz.ch"|"1Wx1q8-NOQGmK-eV%AEF"
"meryl.glew@edu.tbz.ch"|"Q0cVlp-4R82EM-ojJabD"
"adele.debling@edu.tbz.ch"|"GbP9Jm-MAPR78-e9jL33"
"anae.metzke@edu.tbz.ch"|"CKSG4o-sA0RTM-ImpGwZ"
"gaetane.gooden@edu.tbz.ch"|"ppI6h1-&T1SqW-3Ctsmo"
"laila.bootland@edu.tbz.ch"|"7x6558-3i%qDf-vcYY#B"
"maite.helsdon@edu.tbz.ch"|"AUwwx1-hPr6$B-d4OX7i"
"andree.malley@edu.tbz.ch"|"ixJeen-E756gL-iwf7Yw"
"pal.simmens@edu.tbz.ch"|"CTOl%D-rMO34k-1FD3#F"
"maelys.nuccitelli@edu.tbz.ch"|"0c#XrI-4@uoTz-LxskzB"
"dafnee.sibary@edu.tbz.ch"|"kd&z0s-pmUPwb-dQV7&3"
"alois.harsnep@edu.tbz.ch"|"gerKyi-BPcstf-JNh3rU"
"marie-helene.lacky@edu.tbz.ch"|"cTE3rH-Sua193-eawxl6"
"mylene.youthed@edu.tbz.ch"|"t0QvN5-h0M%%z-rWW0DI"
"marie-helene.dehmel@edu.tbz.ch"|"#ZhM1T-V2rhdC-5XQGAe"
"angele.batman@edu.tbz.ch"|"fUfDcS-hHs@rp-Tqqwjk"
"melia.younghusband@edu.tbz.ch"|"Qb$6yI-iHN%0c-SY0PEn"
"eloise.baldi@edu.tbz.ch"|"yVhbpH-JJJzZz-Mx@DBW"
"illustree.dun@edu.tbz.ch"|"T2psNt-o#X&rM-POlz%M"
"genevieve.late@edu.tbz.ch"|"Qd1NEp-r#Ukdu-Ra5700"
"celestine.colville@edu.tbz.ch"|"OdL4N4-Km4LSL-BJUobe"
"gwenaelle.scarlon@edu.tbz.ch"|"S11RuI-KjZBN&-IpLc5@"
"regine.boddie@edu.tbz.ch"|"CW0ZO7-EZHZm%-RFln2c"
"creez.gaughan@edu.tbz.ch"|"c16XRZ-fcmh4c-wQDXMG"
"gaia.longford@edu.tbz.ch"|"t7gW99-yg8RMI-kuPklg"
"mailis.buckby@edu.tbz.ch"|"OsFGFi-nwePCE-JdNX8D"
"song.parbrook@edu.tbz.ch"|"70$mnp-TmdK5n-tUe1K4"
"frederique.heddan@edu.tbz.ch"|"@XMALw-slxwg8-CWCr6R"
"ake.kirtlan@edu.tbz.ch"|"S55tIW-5CywFF-Exe9c0"
"nelie.runciman@edu.tbz.ch"|"UOomB$-TFP1tU-KjPvKO"
"mailis.cardnell@edu.tbz.ch"|"BVl5yI-zpCmsj-BkjGDV"
"irene.navarro@edu.tbz.ch"|"D4CxwN-1voCym-Q7G@5M"
"maite.cough@edu.tbz.ch"|"x0lHKq-qdOw%x-P6RPvx"
"anaelle.stocky@edu.tbz.ch"|"r1PMbU-vGLS3i-mtTrg8"
"methode.moulder@edu.tbz.ch"|"k2fytt-gI4d6r-s$mzN9"
"po.stafford@edu.tbz.ch"|"8Jkzu1-6V@Cjw-@q3S3q"
"faites.scraggs@edu.tbz.ch"|"jdwONt-77dx5y-GFOci%"
"adelaide.dullard@edu.tbz.ch"|"rd6z71-NtAtaD-XI6v85"
"desiree.leonard@edu.tbz.ch"|"UPQ7Bn-8#uDYE-jOe2DE"
"geraldine.badgers@edu.tbz.ch"|"Xj#MW$-z&%w2Z-Kksrf$"
"ruo.masic@edu.tbz.ch"|"LKfiuS-LG28hl-1%2UEB"
"aurelie.lieber@edu.tbz.ch"|"dYNDOm-pi28kC-QmC$zS"
"naelle.balcock@edu.tbz.ch"|"sP7lU1-oSgSkE-GUwwV5"
"camelia.elger@edu.tbz.ch"|"dguHqu-ps$7T@-$8mjZN"
"publicite.oakeshott@edu.tbz.ch"|"qNcmia-iEVozH-nLa5KE"
"cleopatre.fawley@edu.tbz.ch"|"qfSGWi-f1jVzu-HKMWpn"
"laurene.bruckmann@edu.tbz.ch"|"UWKtHw-o8Am8U-zct8d4"
"rui.haughton@edu.tbz.ch"|"SY2Q52-e2N3%s-CE6@x6"
"asa.ladewig@edu.tbz.ch"|"ALs1Jt-&J0Vzz-@bfYjv"
"gisele.janecek@edu.tbz.ch"|"2Xh$U1-HESWxX-xygDAF"
"maily.loveridge@edu.tbz.ch"|"tngjg$-m1Zv$T-NlEnEI"
"marie-eve.yurkiewicz@edu.tbz.ch"|"OAq3$I-2vbPb0-wSp8Ul"
"fei.roder@edu.tbz.ch"|"EqQK3u-1Ml2ua-d0dtNq"
"edmee.chatburn@edu.tbz.ch"|"GG$bjs-S%9GBX-g1%R#N"
"geraldine.darke@edu.tbz.ch"|"aF1t&M-5NSgTv-WhhV#w"
"ye.jira@edu.tbz.ch"|"MgWh35-IB4fzE-RUQ#Nc"
"publicite.persent@edu.tbz.ch"|"g9sDFR-trfpbr-bxMrxb"
"severine.wilcox@edu.tbz.ch"|"ButZ4g-uwMHYc-lHGjCy"
"yao.mcclaren@edu.tbz.ch"|"JW7@xM-gBo$f@-jG1eZa"
"theresa.foynes@edu.tbz.ch"|"wI4EZ8-#3GQ%I-xmcH$a"
"stephanie.isley@edu.tbz.ch"|"i04r&h-F364r8-vSvECG"
"torbjoern.growy@edu.tbz.ch"|"eMJfSr-@4NKhL-PTd@rl"
"eloise.tunnadine@edu.tbz.ch"|"4OWw@2-HHDfPx-tMsXSG"
"maeline.cossentine@edu.tbz.ch"|"WQ2LNo-POZu2Z-QcCx3&"
"nelie.desantos@edu.tbz.ch"|"h2kJbE-jFDANB-Je6iJl"
"gaetane.axston@edu.tbz.ch"|"4SMtlj-8x5N45-rXS9fB"
"aimee.merman@edu.tbz.ch"|"cJRlfm-#@Lhbr-pVBs5B"
"oerjan.drivers@edu.tbz.ch"|"Eyoj%R-Vpce0@-OBKDoQ"
"aimee.miroy@edu.tbz.ch"|"RNvWu5-fXZEKV-5OTsl2"
"nelie.glyde@edu.tbz.ch"|"CJ4LzM-o@Jp2R-ob9qI%"
"hakan.kapelhof@edu.tbz.ch"|"gpI939-#CFlig-7Swx99"
"maelyss.cauley@edu.tbz.ch"|"#UZaDY-pmxLxf-MyxMo$"
"elea.vaggs@edu.tbz.ch"|"TXd6eb-FZkIcU-bEbdXq"
"maelys.but@edu.tbz.ch"|"Bh6CsC-i299mt-TNkr8F"
"maella.arthurs@edu.tbz.ch"|"xuq0z4-suszjI-&#h4gu"
"adele.liebrecht@edu.tbz.ch"|"CWM6da-OkXHE9-dZiIEF"
"meline.lomasny@edu.tbz.ch"|"tGeAaU-6N5ZU4-uRhet9"
"mediamass.schwant@edu.tbz.ch"|"ch7JC3-nK8Uza-64dub%"
"leone.saunt@edu.tbz.ch"|"uDY%QQ-BjE#gR-uT0%Ue"
"annotes.gouch@edu.tbz.ch"|"X6DU8u-2ivHZ5-l#s8mm"
"gaetane.bowich@edu.tbz.ch"|"%0TaLp-efdu89-EqU@0U"
"alizee.strelitzki@edu.tbz.ch"|"Y0k30r-Ysq%T5-BNVSTY"
"leone.poile@edu.tbz.ch"|"Yoq9bQ-jLOQ9q-QGIBI0"
"amelie.saban@edu.tbz.ch"|"ee7Mvx-M7hOf4-s12wve"
"marten.mcmenamin@edu.tbz.ch"|"9rIuJb-lVA@$F-sn256%"
"becassine.keets@edu.tbz.ch"|"DybzWu-mAV2a$-y7aadJ"
"celine.million@edu.tbz.ch"|"ZsPt2q-JJb7he-L#P0kQ"
"geraldine.belitz@edu.tbz.ch"|"rLjsVe-jp8Iyt-jattO5"
"salome.mardling@edu.tbz.ch"|"bT3fbH-qdDQpX-R&RHbD"
"melia.blakemore@edu.tbz.ch"|"R&H56$-e%&&9V-8Lj9cU"
"dafnee.mcaulay@edu.tbz.ch"|"@XMBqd-3cLw&$-hLwYwS"
"garcon.dennett@edu.tbz.ch"|"Iy#bUq-zgUtsR-nxSopY"
"interessant.lesor@edu.tbz.ch"|"JWtudg-yf#fiE-iVaIf1"
"annotee.wasbrough@edu.tbz.ch"|"z1LF#a-wYK6nw-jAfpZ%"
"asa.ibbeson@edu.tbz.ch"|"oxkMHI-9#xE2E-4I@Gc7"
"maily.kennealy@edu.tbz.ch"|"PM4nJe-She@Yb-5qKmRU"
"ye.seares@edu.tbz.ch"|"H138g3-lp5Wd%-Y95XMc"
"athena.harbron@edu.tbz.ch"|"IhNpEn-c@nxKV-9PbA@u"
"andreanne.portail@edu.tbz.ch"|"0y@0Z7-i3A0Jk-SwrLgI"
"goeran.zannelli@edu.tbz.ch"|"HU@hh0-0gX%yj-d28Ebl"
"gerald.leathlay@edu.tbz.ch"|"YRyYrv-&lH0H%-pgZ7L8"
"andreanne.chown@edu.tbz.ch"|"4eHoem-i1&PH#-telVWz"
"esteve.clementel@edu.tbz.ch"|"Z0yW0y-nmCxqA-EWqw$g"
"leone.legan@edu.tbz.ch"|"%8LK$c-@2$k%h-55TJ7#"
"maena.pownall@edu.tbz.ch"|"yDxyn7-3lQp56-AeYfnh"
"andree.rettie@edu.tbz.ch"|"cFhYpu-nMOP6U-z5p8DP"
"ines.kenwrick@edu.tbz.ch"|"4e5aZ8-oPPBxP-sYJG1@"
"marie-helene.yarnall@edu.tbz.ch"|"3Kd544-MytUh@-LdlmdN"
"po.martin@edu.tbz.ch"|"BR7BcT-Z&bceh-jHR#p2"
"ruo.celiz@edu.tbz.ch"|"4wsaDd-Pbfs&N-MltCEP"
"po.bissett@edu.tbz.ch"|"HQSL4J-Png9Jo-VGFDQC"
"du.swindon@edu.tbz.ch"|"JjYaDV-34cWPx-IdvRmh"
"interessant.gouldthorp@edu.tbz.ch"|"JVKnwK-EEwwoo-KZyE0V"
"leandre.lilburn@edu.tbz.ch"|"nfJoSF-p%8qq1-W9noZD"
"bjoern.whales@edu.tbz.ch"|"yLEBSU-n0i%P4-joom98"
"interessant.dieton@edu.tbz.ch"|"tWs$#1-iz0SWh-uigaR0"
"celestine.redhills@edu.tbz.ch"|"OaUfYT-C6j$4d-oojkD5"
"tan.yakovlev@edu.tbz.ch"|"Iocikp-&lJ#kf-x8DoOZ"
"regine.mcdowell@edu.tbz.ch"|"ZuMN7M-vXUXlH-1Raypt"
"ju.coysh@edu.tbz.ch"|"YBfetB-%gTyFX-IDanmA"
"reserves.ofallon@edu.tbz.ch"|"7eGPVU-$heff0-P@WsoW"
"frederique.sobey@edu.tbz.ch"|"XTHz6S-Pdhy#k-%cs8ao"
"marie-eve.garstang@edu.tbz.ch"|"W4hzJJ-C1Fewi-HMMbgk"
"andre.tapin@edu.tbz.ch"|"N$HD9D-4i&WWE-F1nULv"
"esbjoern.eynon@edu.tbz.ch"|"QD6RMi-&oI$Ck-Srgxny"
"maella.duffy@edu.tbz.ch"|"71Sfc3-vN4eag-@tV&Ei"
"leandre.twinning@edu.tbz.ch"|"$6mo4e-AHNtS8-1NOBaq"
"mai.whittingham@edu.tbz.ch"|"ztvu9@-$dy1B$-pe7HnD"
"rachele.shevelin@edu.tbz.ch"|"X0Skw%-lk4Ue4-DyK3QI"
"cecile.mcure@edu.tbz.ch"|"OikB$C-Fic3pR-N$PUAq"
"marie-eve.yurkevich@edu.tbz.ch"|"fSUgaB-Qqut5J-0Roh7g"
"almerinda.paice@edu.tbz.ch"|"me6tSv-vmXFeD-fUZDWT"
"rao.howkins@edu.tbz.ch"|"VpyfI4-3v%WOh-xaZRo#"
"serena.pack@edu.tbz.ch"|"N2%6dv-I&Fere-SV&64I"
"rebecca.mant@edu.tbz.ch"|"5K8LiP-w6orTS-dO&1cB"
"reserves.spitell@edu.tbz.ch"|"&zKmqq-H7gYX1-ls3Jvu"
"garcon.hamfleet@edu.tbz.ch"|"bx99pK-TMN2I@-cyucOW"
"methode.kerkham@edu.tbz.ch"|"8oUCJx-$8hZb1-PTq#c%"
"pelagie.camies@edu.tbz.ch"|"2mEPJ@-B9HQfx-odDsku"
"josephine.macpharlain@edu.tbz.ch"|"qC3N9Z-XjwR3x-RnhnJT"
"eugenie.mathet@edu.tbz.ch"|"jMQxBP-DPXLeg-lb3Zum"
"gaetane.brangan@edu.tbz.ch"|"Gnq2Ft-ijLVRV-NoRwLE"
"michele.dewbury@edu.tbz.ch"|"9Pmq#V-jmvK4E-Y4aqpW"
"eugenie.elcott@edu.tbz.ch"|"3TQ@pp-fDoNjj-yzgYRM"
"megane.harniman@edu.tbz.ch"|"$pUA#Q-lIdund-duMgyl"
"agnes.cluney@edu.tbz.ch"|"G8ChdL-VJZPlH-v21hlW"
"marie-helene.angear@edu.tbz.ch"|"fe6sVc-g4I4d&-NsnyDk"
"melia.dolphin@edu.tbz.ch"|"P4mFSG-PrKZ8s-oG3mwE"
"lois.ruseworth@edu.tbz.ch"|"ob5WYo-yS9Ovw-5wBDRK"
"mailys.ryding@edu.tbz.ch"|"0du1sl-Ai6OxD-oFLoN2"
"rachele.wulfinger@edu.tbz.ch"|"iW1WlU-BoJUiM-yqNmDQ"
"gwenaelle.talton@edu.tbz.ch"|"FafrsP-In2F%z-6&J60L"
"long.ronchetti@edu.tbz.ch"|"dlufIM-dUHzSt-lwDR&Z"
"styrbjoern.kloska@edu.tbz.ch"|"wkDk4w-uURS0f-wA&fkr"
"len.sudran@edu.tbz.ch"|"&C5EmE-eT5@36-47H8a#"
"maelle.andrysek@edu.tbz.ch"|"7P2gDg-C9QG5j-1WRR8d"
"selene.senior@edu.tbz.ch"|"wuxJAz-VqYaz8-&veyeV"
"anais.joskovitch@edu.tbz.ch"|"l9dsbT-KNgQZd-Y8@TLL"
"marie-noel.dally@edu.tbz.ch"|"Tory$X-aZAR%d-bIQrsw"
"marie-helene.laurence@edu.tbz.ch"|"pmabPU-j8i6b#-uX$YyC"
"camelia.foxon@edu.tbz.ch"|"zI@@qn-7aZpWL-h41e4I"
"helene.cankett@edu.tbz.ch"|"Nmbby3-yoAerl-jzQ98N"
"marten.mitchelson@edu.tbz.ch"|"s8JfFH-eYsAoz-C9ua6o"
"helena.stirtle@edu.tbz.ch"|"8nMSCs-h2ziqI-6$nSKT"
"leane.barmby@edu.tbz.ch"|"yj1MXr-#7m7%U-TeaoSw"
"goeran.ofinan@edu.tbz.ch"|"yGPjEu-utZ10G-JFboL3"
"styrbjoern.proby@edu.tbz.ch"|"P3Sau$-5nFcYz-e@gBp2"
"zoe.halse@edu.tbz.ch"|"sTAx5T-0pKyyk-aStKK2"
"kui.drable@edu.tbz.ch"|"$ZaL2l-c7yCRa-7R@DsM"
"desiree.bamford@edu.tbz.ch"|"uDN5lq-b&9ttS-qLFOw#"
"zoe.suller@edu.tbz.ch"|"o%4mJH-jGBcWR-YdNX&u"
"marylene.audiss@edu.tbz.ch"|"u9WXl1-@a#nn7-30pzBn"
"adelaide.poznanski@edu.tbz.ch"|"fWSaVF-jd0SQr-py2ESC"
"maella.coleyshaw@edu.tbz.ch"|"ZLYdXU-LYsQtT-HP4esC"
"marie-francoise.gelder@edu.tbz.ch"|"LzNsMy-5KbSHO-gj74T#"
"eleonore.chaffyn@edu.tbz.ch"|"7L0yqm-SBuJ7W-VHo0sP"
"celestine.sikorsky@edu.tbz.ch"|"qn190u-3ou#lx-nRwVm0"
"stevina.londsdale@edu.tbz.ch"|"KP766R-LpRUAT-bYmzTZ"
"maiwenn.nevitt@edu.tbz.ch"|"DRrpkk-z$S1iu-sQ#3BO"
"magdalene.gerrey@edu.tbz.ch"|"KfDGYB-wXvb0H-&DHw8E"
"becassine.latimer@edu.tbz.ch"|"g3tTK3-3o6blj-$xMMX2"
"da.lethibridge@edu.tbz.ch"|"Y$3DOK-5Ab%8D-8ChG5h"
"mailys.claige@edu.tbz.ch"|"4x8lq0-8dHCT1-3ZG4hs"
"maena.torbard@edu.tbz.ch"|"64wa21-XBfihZ-t4miuX"
"solene.lyvon@edu.tbz.ch"|"bT%KRI-mlW2JG-nBGbLe"
"marie-therese.benbrick@edu.tbz.ch"|"pzvvj&-G&gQRz-i3ra%H"
"gerald.edmonson@edu.tbz.ch"|"DUg@$l-gpdzFK-zN3rRQ"
"ake.messruther@edu.tbz.ch"|"nyBfCB-ws#ylB-@7S26n"
"men.gosneye@edu.tbz.ch"|"gbPDWT-OXVR%p-6ia$l6"
"anais.jefferys@edu.tbz.ch"|"0TA#Wb-gChg3@-iN%%IE"
"publicite.tregale@edu.tbz.ch"|"pEMMGZ-0N15Fl-gSrfbc"
"maily.santorini@edu.tbz.ch"|"YOe$o4-LYX1CJ-ZFSNQr"
"ines.pioch@edu.tbz.ch"|"DqVW5l-Wb4n@m-7N9nnA"
"noemie.marklew@edu.tbz.ch"|"vHBbvd-QHefWg-&REjiQ"
"meghane.maccaffrey@edu.tbz.ch"|"IQWaX8-DBKoew-mLEXK#"
"berangere.ambrogio@edu.tbz.ch"|"ljhkxB-#anNbn-iUqDCz"
"mediamass.ryce@edu.tbz.ch"|"d8EH&0-728ygQ-luECSQ"
"oesten.ubank@edu.tbz.ch"|"#fX4Gg-V@sUkf-zINeOy"
"melina.mackee@edu.tbz.ch"|"Yj37@G-m8SUXe-w5fY%%"
"theresa.livezey@edu.tbz.ch"|"pWVQ1x-JtkOT@-cfY$NZ"
"clemence.weal@edu.tbz.ch"|"xqLLbW-@loTes-sQt1TO"
"faites.overton@edu.tbz.ch"|"i&cwGr-l7fy%T-RS7zyH"
"clea.lindblad@edu.tbz.ch"|"LJSsSw-iBFFVl-ISCTnR"
"josephine.roseaman@edu.tbz.ch"|"TL%H#N-fhSZjq-0cS7Hi"
"oesten.lowbridge@edu.tbz.ch"|"Gb@oAm-qpM9IN-fP1lOH"
"marie-josee.brion@edu.tbz.ch"|"V$1EZp-BmfmZQ-6oWMqq"
"therese.basili@edu.tbz.ch"|"qnpO03-zr6izr-t8aK%$"
"melia.vertigan@edu.tbz.ch"|"AkQqiO-tl1smW-&pg6ZE"
"judicael.saull@edu.tbz.ch"|"qp#Lg3-t%uLBq-AF9bHQ"
"selene.valentine@edu.tbz.ch"|"ko&D0F-rgP2MH-Ep@jN9"
"verane.dunlap@edu.tbz.ch"|"$tq3zm-cc72sj-YAz@6L"
"meline.kinnear@edu.tbz.ch"|"g4hsnh-wBxHvM-EkQXF%"
"lei.luttgert@edu.tbz.ch"|"X00fm6-yvnXf1-17yjBK"
"styrbjoern.lathleiffure@edu.tbz.ch"|"sdC0#@-nvb%sO-OCURzD"
"marlene.blasi@edu.tbz.ch"|"vPEMH8-41DznF-JYQnlW"
"mai.begwell@edu.tbz.ch"|"A029z3-#4PDpa-N9kmQB"
"gwenaelle.kaines@edu.tbz.ch"|"8EVwuT-3Vx5jf-6Qh#m1"
"gerald.adamthwaite@edu.tbz.ch"|"e&nJBu-6ZFmGu-EfyWrV"
"kui.hartfield@edu.tbz.ch"|"6$8P9q-rfNeSY-vc@fqu"
"salome.currao@edu.tbz.ch"|"Dl@T2X-cWFCuH-uw%3Wx"
"angelique.tixier@edu.tbz.ch"|"mt@8Eu-ogddBM-%o%1Od"
"ju.mcgragh@edu.tbz.ch"|"bNa$kg-Nq$5jw-KAfq8l"
"dafnee.beachem@edu.tbz.ch"|"uOwG0k-aMYSAn-o4PMxE"
"creez.terlinden@edu.tbz.ch"|"8HFOSu-yVmNBi-F#Q8ha"
"uo.mcskeagan@edu.tbz.ch"|"kDzeHR-dC%qDY-chSSOy"
"edmee.mccaughren@edu.tbz.ch"|"HRkJkA-4cY$k0-EK&GjQ"
"asloeg.cozby@edu.tbz.ch"|"7ocm@A-r2gBKt-hmHS$3"
"melodie.traite@edu.tbz.ch"|"LOPk@D-psVcPT-ZyT$Fa"
"dorothee.aindriu@edu.tbz.ch"|"D@Q0nv-T6NOX$-zr7Wy8"
"daniele.doley@edu.tbz.ch"|"yFRAOJ-oYzhMa-c#rBnY"
"mediamass.fairclough@edu.tbz.ch"|"#J6onn-kDTIF4-tnnrZQ"
"lorene.rainforth@edu.tbz.ch"|"CVudwj-SCBZVG-0rD62p"
"leonore.eyer@edu.tbz.ch"|"N6SZc6-CSuQ8h-J7bTn6"
"po.spillman@edu.tbz.ch"|"fMo8T4-KyyI6w-BSeHHC"
"cecilia.plitz@edu.tbz.ch"|"JO@nP$-@w6g5L-e6pPGe"
"lorene.ludlow@edu.tbz.ch"|"#AE$uu-EnV13H-%dR%ZD"
"berangere.neligan@edu.tbz.ch"|"cUrjQ#-YvuX0K-Z03Yx%"
"simplifies.huggan@edu.tbz.ch"|"h8vawB-f6E%RB-sI&6Ky"
"clelia.prandy@edu.tbz.ch"|"V&8I89-xfTBwH-1mf79h"
"ake.osban@edu.tbz.ch"|"P$IsxU-4KKrkU-gK4Zs7"
"cunegonde.brunn@edu.tbz.ch"|"LkUBCK-7Gg7Eh-@sipga"
"long.grizard@edu.tbz.ch"|"daumnu-GERQ8m-9HP&@k"
"meghane.diss@edu.tbz.ch"|"c8PXcE-cN1cxB-jQs8J%"
"therese.oldman@edu.tbz.ch"|"%H9@p0-lV6HAj-8sQyQI"
"boerje.scamerdine@edu.tbz.ch"|"Aa9eL4-S#Ojfb-zxvwtz"
"du.saban@edu.tbz.ch"|"955CIf-7hc3nR-8qYYJ4"
"hakan.clynmans@edu.tbz.ch"|"Ia1ekK-ArylXy-y9Wi2$"
"wa.macdowal@edu.tbz.ch"|"DJhmkt-S7Cr7Y-G@RYuo"
"venus.hatrey@edu.tbz.ch"|"AZmppm-oS0$SP-CszUb2"
"anaelle.vispo@edu.tbz.ch"|"jF#CUP-xZQJZ6-Dkzl6L"
"mahelie.ollcott@edu.tbz.ch"|"WrdBqt-UvdIav-1&kMyd"
"mediamass.whyman@edu.tbz.ch"|"G3h0iB-zAAoH%-ej1V7h"
"esbjoern.basson@edu.tbz.ch"|"SN&CfH-AOndPg-UH3qtG"
"andrea.morrill@edu.tbz.ch"|"PWzluh-BLPkbH-9Iuvw1"
"melys.grassi@edu.tbz.ch"|"ke3w$6-wPVosO-p5u25r"
"leone.poleye@edu.tbz.ch"|"rgL8Cg-i0lLUa-Ofa4me"
"francoise.penny@edu.tbz.ch"|"ZEsD97-jmBZke-xAhRD1"
"rebecca.edney@edu.tbz.ch"|"pKE434-b0R11M-fZ3Nmh"
"adelaide.murtagh@edu.tbz.ch"|"eE9RiR-BexXQg-7N&c1j"
"stevina.winterbourne@edu.tbz.ch"|"ZNAqX2-Nu@okV-I2WM&o"
"ma.cottom@edu.tbz.ch"|"oK$HeL-sAE@z2-nztK@L"
"tan.harold@edu.tbz.ch"|"%0mzdX-zDMjq3-HJgExr"
"venus.forte@edu.tbz.ch"|"$4uzU2-JAJVJm-DhNw6t"
"almerinda.oluney@edu.tbz.ch"|"RmUM@A-#XXPAe-y7yt0v"
"cleopatre.brehault@edu.tbz.ch"|"35q$Hn-$2iUam-SFS%9k"
"interessant.lapides@edu.tbz.ch"|"appIT9-Z@z1JH-@9xJgP"
"reserves.hallatt@edu.tbz.ch"|"ZfxgDi-adgWHT-s2eBmF"
"annotes.birdwhistle@edu.tbz.ch"|"$wo7E6-cQg2Xh-%G9u5g"
"ai.dredge@edu.tbz.ch"|"n1&3jw-ZNf4LG-roLgA&"
"megane.mussard@edu.tbz.ch"|"1RxIAU-uyFi%m-CG&zJq"
"esbjoern.gowrich@edu.tbz.ch"|"igFk0i-eGB6mW-5TjtN8"
"boerje.brislawn@edu.tbz.ch"|"iy@xbx-erIVpz-VCQh8R"
"becassine.wilce@edu.tbz.ch"|"PX1rAI-lbKAF7-Yrt@GY"
"personnalisee.oels@edu.tbz.ch"|"Jdgym1-IHPwZh-uIOc54"
"verane.pett@edu.tbz.ch"|"dtB5gG-$kQt0U-Kr6C8g"
"marylene.glewe@edu.tbz.ch"|"z9TiUc-%LBPjG-OK$mLb"
"lai.elson@edu.tbz.ch"|"##1IS#-LhoZn%-s2yOIs"
"serena.difranceschi@edu.tbz.ch"|"yRL$2n-Ow#8z%-lfQUCW"
"lie.espinel@edu.tbz.ch"|"M9S$62-URS#gV-8y1qGH"
"marylene.fantini@edu.tbz.ch"|"5Ra&%I-t#rrVc-LG8Xv4"
"andre.archdeckne@edu.tbz.ch"|"Tyd0bY-rLyR1C-EJa2h2"
"goeran.bohlingolsen@edu.tbz.ch"|"HgT%LZ-1t3C%7-dbxR%w"
"cunegonde.heffer@edu.tbz.ch"|"zfM%GH-9Fn&WS-%siXju"
"tan.fechnie@edu.tbz.ch"|"EtFuba-X4%bpk-0H7dey"
"marie-noel.brammar@edu.tbz.ch"|"yWoRKa-ZWLnm3-$h9bMD"
"simplifies.aven@edu.tbz.ch"|"GqXVQP-dppbBp-qZsyfL"
"melys.pinchen@edu.tbz.ch"|"YEH&yd-uUOLZ#-&QMSj1"
"edmee.joyner@edu.tbz.ch"|"rCp3OM-NT4GZd-2&Fbvn"
"berengere.edess@edu.tbz.ch"|"dbC3Kx-wIxkFU-qiUzMg"
"marie-noel.goward@edu.tbz.ch"|"dX6gm@-v7XvNV-bzYd6r"
"ju.edmons@edu.tbz.ch"|"gx$w&u-QD09Pu-2@plLx"
"frederique.airds@edu.tbz.ch"|"kdf$WQ-wUPvWc-UBNFLe"
"reserves.dauby@edu.tbz.ch"|"@dzONV-bpLscy-1cG77#"
"hakan.gynni@edu.tbz.ch"|"xQTTor-byApG2-ufS9Kr"
"leonore.pinwill@edu.tbz.ch"|"Huhc4M-snMK4Q-mJjq9i"
"marie-eve.mcallan@edu.tbz.ch"|"uocHGh-4RBIY9-CtJhPN"
"naelle.yeabsley@edu.tbz.ch"|"Tt1Vj@-tHiiPn-ARyfaf"
"nelie.jacobovitz@edu.tbz.ch"|"Onrt@o-M2gj#C-7F%R$0"
"adele.conelly@edu.tbz.ch"|"ibXoPk-X%vF2J-L0XdzX"
"clementine.dondon@edu.tbz.ch"|"LZQjF@-zDcHF0-EaiNXT"
"zhi.willcot@edu.tbz.ch"|"92tAWY-XqNeE3-v2x@RT"
"chloe.janicki@edu.tbz.ch"|"Z$5IwK-TWuQyg-e7%sGj"
"meng.linde@edu.tbz.ch"|"9%F0ii-Ev3kw1-f@fdAa"
"celine.janisson@edu.tbz.ch"|"fSHMAU-SsARLi-pLQU4P"
"clelia.crow@edu.tbz.ch"|"EpyooQ-GQ7F2Y-3AWwW0"
"cecile.pyott@edu.tbz.ch"|"aCaQC1-#D1aBA-tsQMFQ"
"ma.fidelus@edu.tbz.ch"|"H%vyDC-5P1EJ&-32x$iv"
"marie-helene.poore@edu.tbz.ch"|"TdB7xS-anPPfu-ed$u#N"
"elies.blanket@edu.tbz.ch"|"BJrASO-avT2%&-NvDaBm"
"yu.boyer@edu.tbz.ch"|"CSbXyc-tXkiiO-YUrgOb"
"celia.welds@edu.tbz.ch"|"XeADGI-O2EuAW-6WfQ5J"
"du.gunney@edu.tbz.ch"|"zIh3U4-hxeJMK-6vUGr0"
"goerel.crush@edu.tbz.ch"|"w4m72P-&wvg4#-syHwsZ"
"marie-josee.brosius@edu.tbz.ch"|"$az04@-LKZ6gd-5g17zM"
"camelia.adds@edu.tbz.ch"|"pdTY3c-U%U$kd-NjgRA4"
"anae.irwin@edu.tbz.ch"|"lXV1zd-qdOKJM-1Jn5vc"
"cleopatre.skeffington@edu.tbz.ch"|"OA3sQt-o5OcTT-WPjQks"
"gerald.suggate@edu.tbz.ch"|"LN9qDo-ujqXOp-6EgGRj"
"laurene.tailour@edu.tbz.ch"|"AtMBe#-FsHxqm-ATZIpy"
"amelie.hoble@edu.tbz.ch"|"U$VoBY-uOO0A@-l3jl4B"
"venus.getch@edu.tbz.ch"|"JbAqKH-Ir%i0L-n@u1SM"
"renee.treby@edu.tbz.ch"|"fCeBhF-NnyB08-0b1&cZ"
"almerinda.stait@edu.tbz.ch"|"83q5Tt-nIzrSg-3ylKhA"
"andree.reddecliffe@edu.tbz.ch"|"eMT#Ds-nUY7o@-mHNYh1"
"leone.wintle@edu.tbz.ch"|"wh&DBu-f$iekZ-j59jzM"
"gerald.fellow@edu.tbz.ch"|"$5kuSp-SJ1No$-pUu#hm"
"ju.gudger@edu.tbz.ch"|"oMvcMF-El$Dhp-Ip&368"
"meng.ohaire@edu.tbz.ch"|"o86FgR-GmKq4g-3caciH"
"cleopatre.missington@edu.tbz.ch"|"uP$b3w-1wYTgd-EOnXWN"
"annotes.debruyn@edu.tbz.ch"|"bCAsCz-GtCBSG-U@rMzv"
"gerald.sinisbury@edu.tbz.ch"|"CWyU%i-5OdEJq-ODc%cY"
"creez.slora@edu.tbz.ch"|"0LJVBa-%jnZ$h-HveCIy"
"gisele.benbow@edu.tbz.ch"|"4DrgYn-EnBsEw-7HB4BK"
"pal.dossit@edu.tbz.ch"|"dzDHrs-IMg1xp-#QHAlY"
"nelie.stirrip@edu.tbz.ch"|"yi3mPH-JD7%RV-5MOA5#"
"alois.ocrigane@edu.tbz.ch"|"42Gkkh-KMjW@Z-hE3jtl"
"kui.mcterry@edu.tbz.ch"|"h%v89G-O6V#nS-8DWt5b"
"long.willgoss@edu.tbz.ch"|"ngYrMX-5ny%%Z-0cF5ru"
"francoise.sumpner@edu.tbz.ch"|"&R6S91-$HgqUR-9PIraQ"
"maely.grinstead@edu.tbz.ch"|"BfUOfF-CbJroU-5dX$@5"
"creez.langeren@edu.tbz.ch"|"m&0Tx7-WfjQWu-74KqYX"
"adele.dungate@edu.tbz.ch"|"nXNr8R-825RQc-0LWe9U"
"cleopatre.noirel@edu.tbz.ch"|"Guw078-GDDqBo-XG9FhW"
"interessant.daverin@edu.tbz.ch"|"aeLy&t-mvhrRV-N9du&N"
"naeva.kalderon@edu.tbz.ch"|"&l@bVW-PHsBHY-H&xbuo"
"anais.oshesnan@edu.tbz.ch"|"L8yrAm-i4IqK#-kJ@Q3T"
"judicael.anelay@edu.tbz.ch"|"pJq72N-6QMr0B-t9B0ar"
"eloise.braxton@edu.tbz.ch"|"TOZLJ@-eUzuA%-bN@gfB"
"desiree.greguol@edu.tbz.ch"|"iVdMl8-dNu0@1-FM12bZ"
"maite.mcclenaghan@edu.tbz.ch"|"FBqGpn-asVf2y-dttnJy"
"meng.doret@edu.tbz.ch"|"UJ%@lI-YagAs9-QkN5g#"
"frederique.chippendale@edu.tbz.ch"|"SjuyT$-BjwySY-T1b39f"
"andreanne.lanney@edu.tbz.ch"|"jDc578-OP7ejf-eAs&1T"
"aurelie.claus@edu.tbz.ch"|"cCNX38-YYAODx-%CKB$&"
"renee.pabel@edu.tbz.ch"|"VR0CDE-0mmamo-B7ya%G"
"maena.roust@edu.tbz.ch"|"Jkht8t-lll9Mq-PzytBc"
"nadege.carwithim@edu.tbz.ch"|"GU1&xL-RM3ZYt-jdLuzD"
"solene.geyton@edu.tbz.ch"|"i4BjAj-jl#qTa-eBLKlu"
"dafnee.avraham@edu.tbz.ch"|"zY@aMv-4sat8x-Qufvx$"
"leane.woolvin@edu.tbz.ch"|"a0Sw#j-1OfgW4-#@jUa8"
"adele.macadie@edu.tbz.ch"|"3yj48H-%W@u&@-nhhEG@"
"meline.rubica@edu.tbz.ch"|"l84nPd-sSuCin-yd7&Gi"
"marie-noel.speeding@edu.tbz.ch"|"DKSJ1c-lem29t-4jqSs@"
"nelie.mix@edu.tbz.ch"|"GhpexC-Epp9on-fI6&9E"
"clea.ollett@edu.tbz.ch"|"iTSftW-US#Qb$-%nA@FJ"
"leandre.mcgavin@edu.tbz.ch"|"@$FniY-crrCox-ZxVI4f"
"cecile.behne@edu.tbz.ch"|"Q0bAcH-tycltB-j$h@5T"
"melanie.polle@edu.tbz.ch"|"x03Qc%-4F3UcD-w6AblS"
"marie-josee.titmuss@edu.tbz.ch"|"msRaAV-FG2MMr-byUB#s"
"helena.guest@edu.tbz.ch"|"Fj3fj0-XyQMN1-dxiay8"
"annotes.chicchetto@edu.tbz.ch"|"2ZsPct-lbxhT8-&MGki3"
"melia.tubb@edu.tbz.ch"|"rPST@X-q2PKcE-$vPg6X"
"angelique.casetti@edu.tbz.ch"|"4AW36Y-PaqMM#-1y&OOa"
"cunegonde.cleall@edu.tbz.ch"|"Y3xFEF-7H2Y$G-nIZgJ&"
"camelia.oaker@edu.tbz.ch"|"#Iwh9J-K@OlL$-CfhcSS"
"you.searight@edu.tbz.ch"|"iejmXS-dn2KbA-n1hNBz"
"kevina.dederick@edu.tbz.ch"|"YCm6h0-i9UvM7-e$#sMT"
"milena.jeffrey@edu.tbz.ch"|"qNxNwh-Bu@qvw-Yxw$5t"
"melodie.barkshire@edu.tbz.ch"|"yIdnsb-GfiFgB-0TfAL@"
"gaelle.kreutzer@edu.tbz.ch"|"sKrFqB-$VM0ZM-KBZiKD"
"kalliste.kleinpeltz@edu.tbz.ch"|"95&iL&-D2&qi9-7vxPPg"
"clementine.danat@edu.tbz.ch"|"2hwP$F-tN1nfA-j4#St%"
"andrea.wabb@edu.tbz.ch"|"w3Zj6F-EXRUlV-jDg7bW"
"geraldine.piesold@edu.tbz.ch"|"vbI8gE-TtadPk-NGEEHw"
"tan.fiveash@edu.tbz.ch"|"2%1d#Y-meT7Um-Vyfx8F"
"meline.yuranovev@edu.tbz.ch"|"JpPZzx-TGzPqG-LD2h2e"
"therese.holme@edu.tbz.ch"|"7UfJ3X-Ya7Kci-un48RG"
"salome.vaney@edu.tbz.ch"|"iIlLK3-xkUODd-wAT5MF"
"anae.abramson@edu.tbz.ch"|"SP2Syu-6mf6GQ-S2Qoos"
"kalliste.jimson@edu.tbz.ch"|"J2wuiJ-yXPGVp-4OY$K9"
"selene.yole@edu.tbz.ch"|"x7jVDA-5EzQgM-MnZniK"
"agnes.defraine@edu.tbz.ch"|"dyBcSE-0FGRS$-%SDE#S"
"faites.mccluin@edu.tbz.ch"|"9vFbQq-RW6gVw-oMkVC9"
"athena.deme@edu.tbz.ch"|"abiQ2k-dTY6UF-JWUlRu"
"daphnee.brigstock@edu.tbz.ch"|"6YKp3P-oUKeGb-8wLRDb"
"goesta.skaif@edu.tbz.ch"|"v6yvZp-$ISLZz-e3EJ5X"
"oceane.jagoe@edu.tbz.ch"|"rpZT#4-CK7Mte-Ji3Fow"
"annotes.broomhall@edu.tbz.ch"|"yjrZaK-RjCVVW-961dW6"
"marie-eve.ballendine@edu.tbz.ch"|"#fuXWv-1mBpCa-@o@C%J"
"melina.spykings@edu.tbz.ch"|"mySSpe-oKG&wg-na4T0%"
"laurene.ticehurst@edu.tbz.ch"|"tQTCh8-dA&WO8-K@9ecz"
"fei.avramovic@edu.tbz.ch"|"dYL%Mo-RTk10G-kYIaGH"
"publicite.strathearn@edu.tbz.ch"|"nhi7mR-Awt8q%-xKIM@&"
"torbjoern.garrow@edu.tbz.ch"|"gaNsGO-lnV#0n-EGndsj"
"chloe.rubinsztein@edu.tbz.ch"|"#jMPLx-qnjFBU-l#Z2sY"
"mylene.demanche@edu.tbz.ch"|"FDrN1a-dM&iw@-bX4x9j"
"mediamass.godlonton@edu.tbz.ch"|"rAyADK-hiR3G2-gO%yOA"
"renee.shurrocks@edu.tbz.ch"|"B73YO@-fX3XtX-PCBO%5"
"maiwenn.jedras@edu.tbz.ch"|"eg9q6j-w3D89A-Jh4hZ2"
"genevieve.castells@edu.tbz.ch"|"@lXMjr-tE10rN-c1Luwr"
"renee.sneden@edu.tbz.ch"|"IAqVXw-KsGR8C-0Bs0VL"
"lai.mccallion@edu.tbz.ch"|"mk09jx-AUZiuS-tPi%ff"
"kevina.impleton@edu.tbz.ch"|"2GSRS3-lGiHl1-a2omZY"
"oesten.fresson@edu.tbz.ch"|"erv3NT-Iy77n3-0HHXh8"
"verane.shawley@edu.tbz.ch"|"H8VuDr-$sJqNh-Z0%jC8"
"uo.sjostrom@edu.tbz.ch"|"RVVtm7-ZkN0#I-8uE&mT"
"gisele.gothup@edu.tbz.ch"|"gzezq9-pTp1Sf-BLgQEr"
"renee.beauman@edu.tbz.ch"|"bmJSYr-GdSmb3-26YqNQ"
"elies.loton@edu.tbz.ch"|"z1o6Gr-jcKMpb-&U8#xn"
"valerie.elsmore@edu.tbz.ch"|"@Z&tjB-nCkVtG-OO1Z%B"
"berangere.delafeld@edu.tbz.ch"|"N1RgO2-DoVWzj-PacDN&"
"bjoern.schimke@edu.tbz.ch"|"xkHiDw-Vmccqu-jaC1dj"
"loic.ericssen@edu.tbz.ch"|"@sFfqj-UL3OL$-zinnW0"
"creez.richarz@edu.tbz.ch"|"zb#Cvj-qn1qw#-4HqwbR"
"athena.grocott@edu.tbz.ch"|"KMqQ4m-bFYjvl-5fRuqP"
"naelle.piotr@edu.tbz.ch"|"BDEaeB-CwIFzR-mrh2lu"
"maella.paulson@edu.tbz.ch"|"MiBJQX-RWNkyR-zX3Km2"
"song.perot@edu.tbz.ch"|"gNNTM0-4VJIug-fOrxtN"
"kalliste.heckney@edu.tbz.ch"|"FQipw7-#YNglq-SBNy4s"
"ake.vasyutkin@edu.tbz.ch"|"qNyhmy-ACk6y5-TZg%z3"
"ma.castles@edu.tbz.ch"|"#izret-gvC%mO-VWVmo@"
"maely.monget@edu.tbz.ch"|"b3rkKT-vdj#Xg-vacfSC"
"tang.durbridge@edu.tbz.ch"|"G#mrts-8gLmTi-bZeMzq"
"laurene.andrew@edu.tbz.ch"|"ENU0Rt-vPFU9l-B2iXaQ"
"lysea.beacon@edu.tbz.ch"|"y0ldfX-A9@0DR-3H2nPK"
"leandre.peyntue@edu.tbz.ch"|"pYMKyX-6jKflj-ezSRj4"
"rao.trever@edu.tbz.ch"|"%MO02y-LdGqsW-gGmotH"
"mahelie.streader@edu.tbz.ch"|"3xJOSB-bPGL99-Ifh7LU"
"maerta.andrejevic@edu.tbz.ch"|"2IXZWb-NdTD8$-o@BElX"
"goesta.tompkins@edu.tbz.ch"|"I#qRh%-N1L6@h-rdJG9q"
"helena.agates@edu.tbz.ch"|"5O7@wn-k&kl44-THu1Md"
"therese.glass@edu.tbz.ch"|"BmX@EN-%H9nuf-SOSoTG"
"alois.foan@edu.tbz.ch"|"AWmRtK-uM1jdp-QZvVdT"
"becassine.melchior@edu.tbz.ch"|"@nXkLf-xw2DD7-8Qksq9"
"cloe.robart@edu.tbz.ch"|"oSZ0Wk-3%u1v2-re@t0t"
"daniele.puckinghorne@edu.tbz.ch"|"lSm3qd-w9EwhH-X@CaSs"
"selene.cammidge@edu.tbz.ch"|"XFXw3T-lQInHc-&bokTa"
"regine.conochie@edu.tbz.ch"|"kNrJ3j-MjJ8B%-ZzGdIt"
"interessant.tuiller@edu.tbz.ch"|"jC#wE%-tCR8UT-SwwoZm"
"long.tiebe@edu.tbz.ch"|"B$Nknu-jUtjQp-T5xUnr"
"mans.yele@edu.tbz.ch"|"eomvZ$-vluKAZ-X#EJ2R"
"ai.giles@edu.tbz.ch"|"r1zgyw-YJr3Wr-vVbwYX"
"gaetane.hamberston@edu.tbz.ch"|"bAsTDJ-347q3I-JzlUlT"
"marylene.fenix@edu.tbz.ch"|"qKZa@q-5xbuAK-AjqKO3"
"geraldine.graeme@edu.tbz.ch"|"@1ybP0-@cDkcx-$fBNJT"
"tang.kinglake@edu.tbz.ch"|"BO55xe-xVXWmB-PmyhW1"
"lai.challoner@edu.tbz.ch"|"Z%CUYL-gF%Mkg-J1aqsw"
"desiree.mattei@edu.tbz.ch"|"paF#0s-Y5mFKj-m$lsAB"
"ake.erley@edu.tbz.ch"|"YWdVBF-isisK4-WPnF2%"
"edmee.cavil@edu.tbz.ch"|"K6zz4H-GzGlJh-aRbJww"
"alois.moyes@edu.tbz.ch"|"Hp@XwD-na0&li-EKSX6#"
"becassine.pitman@edu.tbz.ch"|"RU8KPb-9ao2JC-otZfyz"
"ai.giacovelli@edu.tbz.ch"|"HSK61j-%FEORq-BnNbqJ"
"judicael.fruchter@edu.tbz.ch"|"84PvsA-qlvqZ8-YQkxin"
"mans.mogg@edu.tbz.ch"|"7$pefw-AyiTNv-r6o3Vd"
"gerald.foyle@edu.tbz.ch"|"$&dOCp-IYhRKB-QnBoBp"
"wa.androletti@edu.tbz.ch"|"YYHNcb-SZ8%xL-Sq3p8E"
"meng.ollett@edu.tbz.ch"|"3VBbvU-WHxW2%-hfDzo$"
"naelle.macmenamy@edu.tbz.ch"|"dzOLm2-GMkrHW-Ea8vZj"
"gisele.mcramsey@edu.tbz.ch"|"TaVT90-hvoltE-Ia$NW9"
"meryl.scolts@edu.tbz.ch"|"$2Qc0H-Codtzn-zKz#4g"
"celia.bloxsome@edu.tbz.ch"|"&zioCJ-P#uKHX-XrpPWW"
"styrbjoern.stuke@edu.tbz.ch"|"Wm5URx-bZt9E9-zDkGoE"
"felicie.gwilliam@edu.tbz.ch"|"8C3TUb-ODtiUO-TIIfS$"
"da.harms@edu.tbz.ch"|"62E1Ew-VIkeFS-DBIY%I"
"celestine.baulk@edu.tbz.ch"|"E4FM7f-no2Ax2-DzpnoI"
"mahelie.blackledge@edu.tbz.ch"|"4q7UIo-lD5ocL-VLc4rX"
"meghane.salt@edu.tbz.ch"|"48Nx1S-&TxzvL-hVqchV"
"methode.paxeford@edu.tbz.ch"|"%@Fwhl-hLH4V3-mf81y@"
"asloeg.milligan@edu.tbz.ch"|"xHLGt8-LQTTry-kuPljP"
"you.pellman@edu.tbz.ch"|"mfZ9uA-uigUl%-MY7gND"
"loic.regenhardt@edu.tbz.ch"|"ckJcKe-k9bEzb-RxphOc"
"daniele.savill@edu.tbz.ch"|"p9vSge-NP2uBr-lxKwjY"
"alois.cornu@edu.tbz.ch"|"W9R7v&-KemPvE-@n8UKF"
"oesten.govey@edu.tbz.ch"|"PLFD11-b8Odyb-QNJe94"
"marie-eve.louch@edu.tbz.ch"|"b61Bn6-$5D4k2-4w1b$e"
"theresa.wenn@edu.tbz.ch"|"8Ks$JF-4iQ6e5-3J3mKN"
"andree.eul@edu.tbz.ch"|"OBUCal-kPpRgY-9CcAnD"
"lie.paynton@edu.tbz.ch"|"xSbqM5-VCO0tI-aF51S0"
"marie-eve.girodier@edu.tbz.ch"|"HqgNuN-9A%s&J-SNdt4R"
"marie-noel.smithe@edu.tbz.ch"|"&tcOgV-MP5X$U-0@IDNV"
"men.bootyman@edu.tbz.ch"|"Wg%j&$-U5TjqI-rySfmc"
"ku.sugg@edu.tbz.ch"|"XFXW4k-dqjb1g-32cZ6Y"
"lucrece.roseman@edu.tbz.ch"|"0pddHc-Eo@Jb8-3AfJ1r"
"zoe.annear@edu.tbz.ch"|"#DEOVR-jw5OD0-wh4Sr4"
"marie-helene.rennebach@edu.tbz.ch"|"uqlLKV-ytsVc@-aufAA5"
"lea.djurdjevic@edu.tbz.ch"|"k51tzx-Q6RLeL-C1KwIb"
"goerel.robert@edu.tbz.ch"|"9iOQf5-Y@f&OH-kOJGI7"
"mylene.foldes@edu.tbz.ch"|"osyJgG-kgq#ym-@MGS0R"
"faites.clegg@edu.tbz.ch"|"RFrgdg-sifs6t-tbelpr"
"marylene.crowcher@edu.tbz.ch"|"JX4HlS-qm4Zkh-PEEfEp"
"aimee.wimpeney@edu.tbz.ch"|"qDQJ&g-cXgad#-e0PU#v"
"renee.atkins@edu.tbz.ch"|"hww9Jn-md%5ir-TOF0E8"
"rejane.cainey@edu.tbz.ch"|"NdQkBH-5&OS2c-jjHYey"
"solene.britney@edu.tbz.ch"|"rmhZMl-m0UyYw-XYM&uD"
"marten.shatliffe@edu.tbz.ch"|"jteDph-ePVAa6-knYSHg"
"maite.issatt@edu.tbz.ch"|"hZ4z2i-29bLTz-9q9SbP"
"maelyss.edon@edu.tbz.ch"|"R@iUI$-tdPwAs-vS30le"
"nuo.bamling@edu.tbz.ch"|"jYoMp4-tV314E-T0KUm7"
"anais.edards@edu.tbz.ch"|"SMzbLm-Xfp#Fk-C0yAFh"
"mediamass.bromet@edu.tbz.ch"|"ERWCRJ-ZoEIrZ-gufMrS"
"beatrice.kimbrey@edu.tbz.ch"|"uEi7HY-p832WE-CFUN$m"
"ines.lawranson@edu.tbz.ch"|"eHURiQ-v0Qv6c-gSPOKQ"
"kalliste.scandroot@edu.tbz.ch"|"Kl0TVK-BTNR8&-ioM5uY"
"mans.barrowcliffe@edu.tbz.ch"|"BpS5Ah-&KFeGl-FnmlJs"
"irene.couves@edu.tbz.ch"|"XoSDnV-ZNpjDP-TlESC2"
"milena.mucci@edu.tbz.ch"|"u8VUl3-jC@Vgg-urEDzB"
"naeva.cow@edu.tbz.ch"|"#DLDq%-aNDRUP-#Idxsi"
"audreanne.mournian@edu.tbz.ch"|"mj4Te$-Jl@7Xq-aVs875"
"melia.sinnatt@edu.tbz.ch"|"bu5zMb-S5G4#a-H%vVoa"
"nelie.burnard@edu.tbz.ch"|"mDD&Kd-BK2zis-jKIJ#b"
"clelia.ashfull@edu.tbz.ch"|"LlchVq-H5p#yj-danSEb"
"lie.macard@edu.tbz.ch"|"OU0bXw-$nq8Fm-K7kCDj"
"valerie.matoshin@edu.tbz.ch"|"PXUi1E-UqstCZ-D5JA$n"
"anael.hatherleigh@edu.tbz.ch"|"s&gL@O-paOgHe-LMh69%"
"interessant.warratt@edu.tbz.ch"|"Hmp@IJ-3zbCFp-kDiSM4"
"eleonore.volage@edu.tbz.ch"|"onGlBu-yVIHKU-vSlot3"
"zoe.stebbing@edu.tbz.ch"|"2i#RPw-0n5y&S-QJ%HEK"
"alizee.nye@edu.tbz.ch"|"mFu%65-Qgrgyr-bnxutv"
"celestine.bramley@edu.tbz.ch"|"z2FTvM-%OWbr3-iCL$eC"
"selene.philcott@edu.tbz.ch"|"ovgQkA-9MTWrv-7CdOEm"
"tang.newens@edu.tbz.ch"|"D1#hXX-yP0omL-Tsux$Z"
"annotes.powys@edu.tbz.ch"|"JyS7WJ-2##3f6-SUiTSI"
"lea.matthesius@edu.tbz.ch"|"nAFCMu-wLnzMO-6qUfDd"
"illustree.garlett@edu.tbz.ch"|"YjlfDV-DbY0&G-lSPS0F"
"maiwenn.meachem@edu.tbz.ch"|"4cytJx-SjpkJV-iK64Se"
"marie-francoise.mcbrady@edu.tbz.ch"|"khnt6g-IZa1YH-47g&pI"
"illustree.gimbart@edu.tbz.ch"|"obrn@Q-nyH4oP-vh9dWO"
"melys.lyosik@edu.tbz.ch"|"q7Sbgf-f6u6Ls-LaE@VB"
"marylene.mcnab@edu.tbz.ch"|"RmiEPs-jzJfJl-KwVHIF"
"gerald.blount@edu.tbz.ch"|"#4n2Nv-Xbyl6c-VSndc1"
"clelia.shakelade@edu.tbz.ch"|"mMGd5D-iiYVHH-4Bo2F#"
"penelope.cridlin@edu.tbz.ch"|"3TqJUA-GBw1YC-Z3Nv$s"
"maena.okuddyhy@edu.tbz.ch"|"Q8wY$o-C#sZzr-4%PuMx"
"athena.keynd@edu.tbz.ch"|"0N#9rF-3z&9gG-T2oFeM"
"cloe.dwine@edu.tbz.ch"|"wvHsaq-gcCJyE-VEAJo%"
"josephine.browett@edu.tbz.ch"|"OkOdTK-yME$Ji-yVzdgt"
"audreanne.oscanlon@edu.tbz.ch"|"EYthEt-&A%VuR-8NKG7B"
"fei.jeanequin@edu.tbz.ch"|"&@h29G-&q@zzI-ifWz0T"
"lois.gormally@edu.tbz.ch"|"UJ5DUR-JqCibr-GFpoOd"
"marie-francoise.finnigan@edu.tbz.ch"|"WKGG&#-Ifwzyl-c11Diz"
"leonore.trussman@edu.tbz.ch"|"oe27vJ-If&MeR-eKxfEM"
"anaelle.trumper@edu.tbz.ch"|"K&NISQ-sq6&Ie-Q4pPXq"
"clemence.dionis@edu.tbz.ch"|"Q@G8El-PJ2D3Y-v38K0M"
"lois.tranmer@edu.tbz.ch"|"x1mPzd-$PZAhr-V$zl0B"
"interessant.volett@edu.tbz.ch"|"1W@stX-J%Q7Tf-OeNkQ6"
"personnalisee.deackes@edu.tbz.ch"|"XIq78#-Aqg0w$-0Sp#4R"
"lie.vasiliu@edu.tbz.ch"|"hdu@gS-mqxEZV-YIxt9J"
"dafnee.lamputt@edu.tbz.ch"|"lPxIKA-Y9jvZn-828zUe"
"elies.bromige@edu.tbz.ch"|"@&R$84-7CyvXs-OYcvO1"
"helena.klosser@edu.tbz.ch"|"83jyGT-M$iyPV-r4VZgs"
"andree.grim@edu.tbz.ch"|"4bUfPU-wX@bYv-b7Jpe8"
"verane.coldbath@edu.tbz.ch"|"4x1Hj1-uC129O-NMFRkf"
"helena.bethell@edu.tbz.ch"|"TBIz2L-2X96OQ-Rnw&2a"
"kalliste.carefull@edu.tbz.ch"|"g96Lb6-jkoOLS-a%c@uL"
"regine.odams@edu.tbz.ch"|"eYHYmf-vmyyD5-#@E4HT"
"len.stannus@edu.tbz.ch"|"Uajnoo-ZlYa8W-mUE4de"
"angelique.works@edu.tbz.ch"|"s6WRfD-2vuVqE-jwEVjB"
"goesta.rheaume@edu.tbz.ch"|"j6Z5pk-KVE%Zj-gB%Wj1"
"maelys.tynnan@edu.tbz.ch"|"8mPfNP-72iFOy-d6JntL"
"maelle.carlesi@edu.tbz.ch"|"BS&C#M-C5KlKw-OGx1C2"
"anael.spurden@edu.tbz.ch"|"y#d#3%-zzV1KR-PVPDsv"
"helene.pumfrett@edu.tbz.ch"|"nK9syK-31E#Id-XGVfZ$"
"goerel.pearn@edu.tbz.ch"|"jbzFa0-Eb8wXe-b#GwPN"
"laurelie.dezamora@edu.tbz.ch"|"8$OG8G-d%7VyX-yuvjqw"
"yao.twidale@edu.tbz.ch"|"wm&#D3-fRiQ#D-bXI%i%"
"berengere.sola@edu.tbz.ch"|"SC4W@I-6ZXHJu-gJOVAH"
"maelann.hardistry@edu.tbz.ch"|"ATM%oQ-Z19Qv5-%tVhke"
"severine.littlefield@edu.tbz.ch"|"%Ho@91-Vsi5JF-w9SbyX"
"salome.heinl@edu.tbz.ch"|"Pa@v6N-EGH1dz-#Uq6tQ"
"meryl.warbey@edu.tbz.ch"|"bVRJ1n-XC0oBP-D8%Qrn"
"da.hunstone@edu.tbz.ch"|"99GH2E-5b#dXB-Yg5yf8"
"venus.broadbury@edu.tbz.ch"|"6e#OgC-JThOb#-4DKmSs"
"meghane.rentelll@edu.tbz.ch"|"oW4R6@-hKDRvt-V@@SSz"
"marylene.drewitt@edu.tbz.ch"|"uy8d%V-cmFuoR-okpdcH"
"melinda.jacquemet@edu.tbz.ch"|"yDPbkD-eZfrjQ-OKvh1C"
"marie-josee.keyden@edu.tbz.ch"|"isS7Vx-7IqW&t-a2TH30"
"asloeg.montacute@edu.tbz.ch"|"ETaJfl-Rbj%UJ-E$STLe"
"ku.andreou@edu.tbz.ch"|"juRiCP-$Cl7v&-1OoNtd"
"personnalisee.feaveer@edu.tbz.ch"|"M1Bp7Q-osb$kD-rvHJ23"
"laila.emptage@edu.tbz.ch"|"BymLin-eCTXOo-YBFZ6m"
"bjoern.dawdry@edu.tbz.ch"|"mAZXu0-Z34Ue4-C3cjk%"
"marie-eve.dinsell@edu.tbz.ch"|"SJzvZ%-7SiM3q-ToO3$t"
"helene.follett@edu.tbz.ch"|"L$4ATM-PhYsWQ-oVqMPH"
"penelope.cordero@edu.tbz.ch"|"HJfjf3-K8bqIn-Hq%1a7"
"boerje.beedell@edu.tbz.ch"|"RdQ99g-VztQdf-l3ef1e"
"nelie.ferne@edu.tbz.ch"|"I4P$eZ-lsiB1O-n40nfS"
"celine.ahmed@edu.tbz.ch"|"TloG@c-Js4n8L-ZBGvlK"
"stevina.pimblett@edu.tbz.ch"|"N8%bzj-RGvmKC-shQ2Ba"
"chloe.langlands@edu.tbz.ch"|"YFKd6U-Tewq1C-ZBk4Pf"
"simplifies.maude@edu.tbz.ch"|"vSMQhU-qfDaLD-FpBUlu"
"genevieve.decarteret@edu.tbz.ch"|"0ogLP&-HI81&k-QgTxU0"
"marylene.mughal@edu.tbz.ch"|"y0Q6sX-aWcWCr-KXnW0K"
"goeran.guttridge@edu.tbz.ch"|"52Cq@i-RsP0q6-bYwSfG"
"michele.smurfitt@edu.tbz.ch"|"nVE2gb-Z0Zjf4-tYj5js"
"methode.hadeke@edu.tbz.ch"|"oe0J77-XFaJWq-NiYAnC"
"therese.rispine@edu.tbz.ch"|"6n0MEd-&oqLIM-#ow10I"
"goerel.plumley@edu.tbz.ch"|"6nxRNl-zo@Jrc-h&$yo&"
"oceane.friett@edu.tbz.ch"|"2327pQ-ebx$m6-RZH6Xl"
"marie-noel.achromov@edu.tbz.ch"|"@fk8#@-Jauj8K-Qt35w@"
"dorothee.storek@edu.tbz.ch"|"xBPpU2-$shqoe-KZPs4X"
"goesta.whittle@edu.tbz.ch"|"S&Lxaf-Uad2#G-BhMTo2"
"desiree.casely@edu.tbz.ch"|"4ovHdP-Wy$z9W-1#Cxta"
"felicie.condon@edu.tbz.ch"|"cwF23g-0j&IKs-zSzAm2"
"maelyss.frisdick@edu.tbz.ch"|"Qbvhb3-fZr@Qy-woxNXg"
"aimee.banke@edu.tbz.ch"|"0CJfbF-3p&$br-#C@idn"
"naeva.hodcroft@edu.tbz.ch"|"LEyHr2-GZzZEX-WEaDtO"
"laila.gerrans@edu.tbz.ch"|"bqkIKt-wuuVNv-bw6hv0"
"daniele.scrimshire@edu.tbz.ch"|"y8eTSb-0egD$r-@xGPJt"
"daphnee.sheerin@edu.tbz.ch"|"uOa8mx-G4VveS-5IYZQ4"
"pal.vanyukov@edu.tbz.ch"|"77#y&r-LOGuXi-5Lxiy6"
"zoe.childs@edu.tbz.ch"|"ZXDbCv-XILib7-I&qTru"
"ai.corde@edu.tbz.ch"|"pw5t7p-3X3O9W-5sGWlo"
"maelys.berryann@edu.tbz.ch"|"3SSwRX-cIBtuD-4KFvLa"
"cloe.gladding@edu.tbz.ch"|"L7X3Vz-zjfRkC-CmHZ06"
"wa.kinnaird@edu.tbz.ch"|"J3NVjZ-aILyaP-V1i139"
"publicite.brittoner@edu.tbz.ch"|"Y&PxsU-gcct9r-zLPxv0"
"rao.windress@edu.tbz.ch"|"9&FHkN-KTB9M1-b7A3po"
"uo.kollach@edu.tbz.ch"|"8uSNZE-$aouAh-UDItr5"
"josee.peskett@edu.tbz.ch"|"#WY7D4-7zSWoc-@rNYwJ"
"annotee.hasel@edu.tbz.ch"|"$3rRIV-RgWN2z-&tbA95"
"cinema.lee@edu.tbz.ch"|"3xkkQy-mmilhm-bAZxI8"
"lai.vedeshkin@edu.tbz.ch"|"yWdOCl-zlitXf-GTUk9o"
"renee.brisbane@edu.tbz.ch"|"i8ZoFh-PSRKwe-hrQ0Lb"
"ophelie.blincoe@edu.tbz.ch"|"@Xm&%D-Am6ecf-h3ZHBr"
"zhi.prazor@edu.tbz.ch"|"kg1mx1-8#N8Sy-M$hlra"
"annotee.maddicks@edu.tbz.ch"|"W$YVV3-feaPMY-Cy@2Vj"
"maelyss.codd@edu.tbz.ch"|"PO#4gM-ZP4kzf-cnlY&f"
"celia.peplay@edu.tbz.ch"|"wRrhZ6-nAT8qt-4J$JMG"
"interessant.skone@edu.tbz.ch"|"olOlm6-8K4t7l-tU&JiV"
"audreanne.hebdon@edu.tbz.ch"|"XNLp7Y-$y18NC-PXWpMm"
"oceane.glen@edu.tbz.ch"|"Ef7vw$-Le2SfJ-5j4M6i"
"daniele.vanyushkin@edu.tbz.ch"|"Zd6vBa-%RB&au-BF9eVR"
"daphnee.ayce@edu.tbz.ch"|"ecW7KH-l7yzSo-5TLzty"
"andrea.attride@edu.tbz.ch"|"gv976d-pnhNIi-Nd3iTC"
"penelope.bridgwood@edu.tbz.ch"|"Gb5CIV-0V8it#-9yXL8D"
"mailis.drewitt@edu.tbz.ch"|"dIypiO-4ObDoR-NHrMAP"
"penelope.mollene@edu.tbz.ch"|"H1XBM2-xE21Ur-dk1c4g"
"illustree.keely@edu.tbz.ch"|"EGulh$-M7eETM-vC2xcE"
"meng.brisseau@edu.tbz.ch"|"f8#G23-niIA%G-FEUj9z"
"ruo.cleiment@edu.tbz.ch"|"BdE@4X-lS@H#u-LZlF1k"
"maite.krammer@edu.tbz.ch"|"274EUc-HFnMa5-SAZSa7"
"genevieve.verry@edu.tbz.ch"|"tTCyIm-hNDT3b-x79oN1"
"lea.olochan@edu.tbz.ch"|"MItYA&-ehFWRQ-YVuFbt"
"naelle.brunnen@edu.tbz.ch"|"s7ZZ87-#o&6&x-IezAVR"
"goesta.bragginton@edu.tbz.ch"|"spq3OI-V8%%jN-hVMGoA"
"fei.danilyuk@edu.tbz.ch"|"bgK0KY-ZKCPZl-TN8g60"
"adelie.turbitt@edu.tbz.ch"|"q0Uciu-0esjVa-aGDtQX"
"marylene.nutman@edu.tbz.ch"|"OeIfht-81UtYX-$MjheK"
"therese.barbrick@edu.tbz.ch"|"SZtpv1-MNRZ6r-XFiJ0I"
"melys.kolodziej@edu.tbz.ch"|"4&jNGc-&8T5KM-XfMt00"
"melanie.runchman@edu.tbz.ch"|"sjTLDl-xTYQje-QAeAZu"
"serena.lafond@edu.tbz.ch"|"OFl3tn-%4O5&9-tQ4Ouk"
"pelagie.desmond@edu.tbz.ch"|"Kej8L#-5Pr3X8-jMwHGm"
"wa.spickett@edu.tbz.ch"|"m%2KFK-I9eXI@-5vyzN9"
"po.shave@edu.tbz.ch"|"um6Sd1-4Wzu@j-QSR4bp"
"song.huikerby@edu.tbz.ch"|"SzqDQP-OJsae0-CP@Fh#"
"melinda.bimson@edu.tbz.ch"|"wjtFFJ-AYhpdi-dkoXeM"
"personnalisee.toffanelli@edu.tbz.ch"|"Cj7dDs-rO69k5-DXF%vG"
"leandre.hurn@edu.tbz.ch"|"07dUxs-ZFup#y-#$6M6s"
"oesten.standell@edu.tbz.ch"|"LA#vDu-J@5SL&-%0@F&o"
"naelle.smaleman@edu.tbz.ch"|"AZvovQ-yhaiCQ-a1N9R9"
"berenice.tayt@edu.tbz.ch"|"%2P#5#-Oy3s4m-Bux@6g"
"kui.popplewell@edu.tbz.ch"|"tbpW7j-aX2Jni-ibbJIz"
"melodie.ferandez@edu.tbz.ch"|"MEShv2-pcz$8w-oc7yK7"
"josee.negal@edu.tbz.ch"|"UU7W5I-oo%%cA-QxYYDF"
"melissandre.ferrelli@edu.tbz.ch"|"fmsr9g-s0XMLl-hrFXux"
"josephine.kemmer@edu.tbz.ch"|"AoX7xa-T&c1cO-OR&7JK"
"maely.cayette@edu.tbz.ch"|"PMXfBe-6Pl6jw-Tu0av&"
"nelie.vela@edu.tbz.ch"|"vNeWIQ-%ngrwW-Mkm&Ur"
"melina.cortes@edu.tbz.ch"|"g%b7WT-3hs6nH-8yqQuK"
"megane.leyshon@edu.tbz.ch"|"rVyEg4-jnVf52-AefILy"
"regine.harrie@edu.tbz.ch"|"zLJm#q-T#dn&X-iE#Ypg"
"mylene.widdison@edu.tbz.ch"|"JMPHe2-1&wkXy-akSrXA"
"pelagie.vivash@edu.tbz.ch"|"M1qUoK-GHrjol-9$4ZYO"
"styrbjoern.vicarey@edu.tbz.ch"|"heNLw#-4%SWC5-iPLeP9"
"long.kyles@edu.tbz.ch"|"I6b36V-z14ctr-1yYbK&"
"stephanie.gipps@edu.tbz.ch"|"Sm6ezI-AQT0ql-9z1TJ%"
"clea.constantine@edu.tbz.ch"|"LSQSRV-b6PC36-Co1Ihb"
"maella.cometto@edu.tbz.ch"|"7CY8aT-ZOVbvJ-OyifU3"
"laila.aubrun@edu.tbz.ch"|"vbk4lf-sq#t9E-ta@V5s"
"yao.austins@edu.tbz.ch"|"SEOnAG-#dcU4i-JpHQhq"
"mailys.rylstone@edu.tbz.ch"|"wjhi60-5OnfuC-@QCKU0"
"adelie.curuclis@edu.tbz.ch"|"A1KGhB-mJ@2hm-Vd7QcN"
"celine.longhurst@edu.tbz.ch"|"HZL@Hi-coXcox-cFkEeS"
"gisele.hazell@edu.tbz.ch"|"ikYrqf-UsKo7a-jXhu1@"
"celestine.ciccone@edu.tbz.ch"|"G$$GS%-ds6DA%-VYpkJR"
"maelyss.doole@edu.tbz.ch"|"tD8FfY-%Zb2Bd-J9CfU#"
"helene.grimsdike@edu.tbz.ch"|"P1dKiK-RoUL@2-yPTNnC"
"lie.macer@edu.tbz.ch"|"XLB&wB-qrSN%m-YkJ1Ia"
"maely.izard@edu.tbz.ch"|"iZ6kw#-P7RXv9-hjhpTR"
"erwei.breewood@edu.tbz.ch"|"3OLg1W-HOXfYT-WPzU7z"
"chloe.woolford@edu.tbz.ch"|"66wBtj-0QzHXl-p5SvqX"
"cleopatre.turpin@edu.tbz.ch"|"ZOrO$F-4IT4Qb-SalC3g"
"melodie.surgison@edu.tbz.ch"|"Cm&tRL-nOcvg#-y&%&8H"
"elies.leander@edu.tbz.ch"|"%cniNJ-9DM4aa-2JR9S$"
"mediamass.reignould@edu.tbz.ch"|"O#JIYf-iLBeaQ-V&an39"
"celestine.wasmuth@edu.tbz.ch"|"onn#xN-FY&cyz-jg1$OW"
"marten.jervis@edu.tbz.ch"|"%9IGj@-cF3Zhs-B#LMZy"
"daphnee.bour@edu.tbz.ch"|"4Avi69-X$AVeg-XJiLq#"
"regine.harlett@edu.tbz.ch"|"0eyU3@-M8HAsJ-FBFpDh"
"noemie.macaskie@edu.tbz.ch"|"QJKWHz-a2wwV2-0r@zv3"
"loic.renfield@edu.tbz.ch"|"yy3vcW-m5jG%F-3Puzme"
"venus.kleinert@edu.tbz.ch"|"rd%4%3-YOn4Mz-CAUS7A"
"marten.burlay@edu.tbz.ch"|"KNlwSW-RrcE4X-lRJL2K"
"berengere.radsdale@edu.tbz.ch"|"FdT8zP-2Ag@K&-rip9a8"
"genevieve.duckit@edu.tbz.ch"|"C7d9fG-YLZqE%-ss2Sga"
"maely.ligerton@edu.tbz.ch"|"ZZunD6-Txv10q-Ds%&Cl"
"maeline.ricciardelli@edu.tbz.ch"|"#DFbk1-@L@XF@-5jifR4"
"personnalisee.yggo@edu.tbz.ch"|"ECss7#-Sl8neN-@4#6Li"
"alizee.pettinger@edu.tbz.ch"|"bIcGg7-Ux41ND-5UfP@S"
"desiree.curnnokk@edu.tbz.ch"|"f9$&zC-E3av8&-GY6$ne"
"dorothee.minors@edu.tbz.ch"|"l5k3oz-AK&5b5-2R3qJO"
"oceanne.kopmann@edu.tbz.ch"|"Z@Vyri-%2%wFY-jh08XR"
"almerinda.brodbin@edu.tbz.ch"|"VD@mdy-66l%BT-leI7PX"
"yenora.carsberg@edu.tbz.ch"|"17jS%$-%MDwA2-IsN6%f"
"wa.beetles@edu.tbz.ch"|"ZO$cE$-Dur3PD-XsM@W9"
"audreanne.abbot@edu.tbz.ch"|"QRAmxa-m5uut%-Zl7&rk"
"noemie.capper@edu.tbz.ch"|"pNmxh#-UvlvY#-bogNX1"
"mans.abramamov@edu.tbz.ch"|"W2wWuY-t3GZ@j-#cAr2G"
"audreanne.blakey@edu.tbz.ch"|"ZdeEBN-nSDJvX-tDsY@c"
"leone.klimpke@edu.tbz.ch"|"dGYA7Y-klWyF%-kEJ9$#"
"lie.croston@edu.tbz.ch"|"$iueos-uKcDjl-00VfTZ"
"anaelle.baistow@edu.tbz.ch"|"jjeHqc-nSFSXD-@3Gsfo"
"michele.garwood@edu.tbz.ch"|"Qwd2%h-rPa3hW-SEgKVP"
"interessant.albion@edu.tbz.ch"|"voYRcq-BjLDS5-Suo3FL"
"andre.brisco@edu.tbz.ch"|"vr7t0A-IXDhXB-vgchAJ"
"tang.totterdill@edu.tbz.ch"|"rM7$lX-3Enh7y-dphdvN"
"marie-josee.braundt@edu.tbz.ch"|"QylaQO-ainqrX-hRsHWp"
"lois.galer@edu.tbz.ch"|"mT$Yn1-TvadfJ-5d9$Q6"
"faites.pellamonuten@edu.tbz.ch"|"9vvGGX-kDUP$z-0ENzOO"
"mai.barfford@edu.tbz.ch"|"4$U5Yu-9husnG-KsPi@h"
"laurene.macilory@edu.tbz.ch"|"yAJAEX-ERHA$g-kLJjHH"
"elea.peak@edu.tbz.ch"|"FmpHgO-5vL#R2-MS7JbH"
"rejane.doni@edu.tbz.ch"|"NToM0#-mF4GU1-zMYPoY"
"mahelie.ector@edu.tbz.ch"|"wxElZq-7yi#L6-t8D#n8"
"rachele.allum@edu.tbz.ch"|"9f7HtI-@5DYMU-w#RDmX"
"laila.gerretsen@edu.tbz.ch"|"4llHue-QJAsq%-HrEIcl"
"ines.bowman@edu.tbz.ch"|"CGP@ie-@5NDco-tGxgh0"
"publicite.barbary@edu.tbz.ch"|"cyRGYr-s8Mz3p-$D%sMK"
"mailys.smooth@edu.tbz.ch"|"FQarbJ-zOmnWW-Phapbm"
"mailis.huguenet@edu.tbz.ch"|"5WDa0E-BClhLw-pbN4FR"
"lea.ewer@edu.tbz.ch"|"@SuuCf-41XhfT-W6CsQb"
