"email"|"password"
"melodie.vandervlies@edu.tbz.ch"|"nQCdE&-KoOhO3-2&Wi0%"
"angele.edgecumbe@edu.tbz.ch"|"GOLaoU-uchh9S-6OfpP0"
"zhi.andreasson@edu.tbz.ch"|"VoGF6h-BcQgXe-F8bzzW"
"judicael.koppeck@edu.tbz.ch"|"HM%ZDf-%Iyx$k-$xr$KT"
"berengere.capron@edu.tbz.ch"|"Cfj7OQ-9nX3mi-3&foIC"
"leonie.brosini@edu.tbz.ch"|"P4P$MW-ijV&XM-dG3hrx"
"venus.garfit@edu.tbz.ch"|"0cWiCa-R&UNMA-%K&Uwl"
"melina.janota@edu.tbz.ch"|"hvrt&9-j$&QKl-1RG$W3"
"laurene.bake@edu.tbz.ch"|"JVrvNi-93&kYP-NsAmkw"
"regine.dorkins@edu.tbz.ch"|"8w&p75-&QAsoB-m6CHjp"
"cecile.moffet@edu.tbz.ch"|"lGhrsW-A%SYmV-R$TDSd"
"maelann.labrone@edu.tbz.ch"|"$xAkwW-K02wzF-P#eFEe"
"melinda.newbold@edu.tbz.ch"|"Kk2c24-2Fxq9b-$o8#m9"
"mans.itzhak@edu.tbz.ch"|"WTcEqF-DNYENB-SghtAp"
"melodie.pattlel@edu.tbz.ch"|"G%WJlT-7dtrCB-KIr5VR"
"celine.bonett@edu.tbz.ch"|"NtTH#L-6tInrs-EhJRPW"
"adelie.mcgreal@edu.tbz.ch"|"CtSdMA-CFNKAP-TNjD@X"
"helene.soldan@edu.tbz.ch"|"ctlskg-RbhdEU-dHI9qu"
"michele.cluer@edu.tbz.ch"|"jLjbtU-1xZZYA-$Cz9gX"
"maeline.mueller@edu.tbz.ch"|"zySU0q-3@WGn0-KI20&H"
"maelann.benedito@edu.tbz.ch"|"p5Ye2c-AoWNNf-Qu7onQ"
"nuo.gransden@edu.tbz.ch"|"63OFvM-mE9L%p-2yZjxY"
"berengere.stainton@edu.tbz.ch"|"9PA7Gi-O%hZr4-Z62C$h"
"wa.sabater@edu.tbz.ch"|"emekuZ-hIzLLe-Qb5HI6"
"anais.cochran@edu.tbz.ch"|"VdrqQN-y00qC2-OD533x"
"gerald.bessant@edu.tbz.ch"|"dmzN$K-oKFh0t-yUXsLX"
"ruo.coffin@edu.tbz.ch"|"h6PBL2-a80yzC-DZY7YE"
"melodie.mustill@edu.tbz.ch"|"kWxcaU-YNPKxt-Yb7$#p"
"ruo.stanesby@edu.tbz.ch"|"&lB9Z1-1MEl47-l&#$Di"
"noemie.antognelli@edu.tbz.ch"|"eu6@bU-xVMqPu-uWSCwQ"
"maelann.hughson@edu.tbz.ch"|"GmSa0l-NjRoYb-g6zm&W"
"milena.mieville@edu.tbz.ch"|"1VaGGv-nHZna2-4tCrAk"
"mailys.chamberlin@edu.tbz.ch"|"SMh0L6-j%Nslp-NSZmQB"
"nadege.tomalin@edu.tbz.ch"|"#grBJ7-SUUzmd-&1Dw9n"
"oceane.omara@edu.tbz.ch"|"wNZw&%-tVzWjE-I6i&Oy"
"cecile.aguirrezabala@edu.tbz.ch"|"i0u3By-mVyARy-Fme$lk"
"maella.gwillim@edu.tbz.ch"|"eW$dHu-%C987A-wzQe%w"
"lea.mcgahey@edu.tbz.ch"|"2qEv%@-mIcY08-m#1DoC"
"laurene.hagerty@edu.tbz.ch"|"$7a9kn-9yGm6w-7dL5$%"
"dorothee.link@edu.tbz.ch"|"P1b&jM-jUx&G4-XT4V1T"
"clementine.kynsey@edu.tbz.ch"|"wjpPIr-AL5Q1v-rqhSrs"
"lorene.smitherman@edu.tbz.ch"|"L4CD@p-HSSLMf-8lCiYV"
"cleopatre.klulicek@edu.tbz.ch"|"cynP0k-41Ou8c-2RUIVK"
"laurene.castaneda@edu.tbz.ch"|"n@yerW-X21mTQ-KmYlWr"
"melia.constant@edu.tbz.ch"|"pxZrQU-qewXyh-Husts%"
"lucrece.clunie@edu.tbz.ch"|"2zSioJ-SwcqE5-L0u3nc"
"eleonore.mcmurthy@edu.tbz.ch"|"cD$w1M-mVVfUB-EJbEps"
"melia.bevar@edu.tbz.ch"|"tY$wgU-OvUyE8-kH31dR"
"camelia.bontine@edu.tbz.ch"|"gR0f&d-MJSTsD-$a4Liu"
"methode.jozefczak@edu.tbz.ch"|"fzfNyD-a#ExsG-#s05zV"
"audreanne.hinsche@edu.tbz.ch"|"MLh4yr-4xdrSJ-R6ATj@"
"andree.varne@edu.tbz.ch"|"5p%##K-zEUxyt-OHx%aO"
"marten.kinleyside@edu.tbz.ch"|"gottRS-ydLtKz-TfhyhL"
"esteve.mcewan@edu.tbz.ch"|"AN0YEP-Ce7YEp-dH6XWk"
"leane.dibbert@edu.tbz.ch"|"&X#CaK-qCsTXB-zZXCXr"
"ma.thewlis@edu.tbz.ch"|"9ov77i-NJl9K1-YDCzO5"
"clea.djurkovic@edu.tbz.ch"|"BYx0g@-bcgU4k-Kf5Pq$"
"rachele.reburn@edu.tbz.ch"|"TVhQM$-OUSERj-#PsKDF"
"gerald.gowling@edu.tbz.ch"|"H4g$yB-vtlSbR-qV1mG8"
"cleopatre.jackson@edu.tbz.ch"|"iqHVK0-0lDCGy-o5rAXv"
"desiree.haskins@edu.tbz.ch"|"o7eR0V-TTVvvn-iBc$NE"
"eleonore.longson@edu.tbz.ch"|"g%qQPt-1vkuhs-Bn9gXo"
"leane.dybell@edu.tbz.ch"|"uAXc6k-9xYVIV-F0YV28"
"becassine.grzesiak@edu.tbz.ch"|"py77wZ-4dh1B9-eW3Orf"
"marie-josee.pickin@edu.tbz.ch"|"aE#GkR-JSzhI0-Q76eDy"
"marie-josee.roxby@edu.tbz.ch"|"kwt$#D-w&uf8w-PiaFNZ"
"leonie.feenan@edu.tbz.ch"|"v#WrW8-x5vFEl-6mhqpr"
"valerie.ellum@edu.tbz.ch"|"mZ#HJy-zO3t2F-Rp6I@U"
"ju.caseri@edu.tbz.ch"|"1ElZKw-Dd9Voz-CdWq9M"
"boerje.strangman@edu.tbz.ch"|"CH8Ky4-E9RUmm-&MfrL4"
"beatrice.ghidelli@edu.tbz.ch"|"$@Z1ta-wsx3f4-gWg4Xs"
"da.jablonski@edu.tbz.ch"|"0&URPA-#5b@JS-MEKC%j"
"uo.beveridge@edu.tbz.ch"|"D442oa-%QCkU4-khjpCd"
"valerie.bestman@edu.tbz.ch"|"At#7xL-VtWS2J-&Vz#NL"
"marlene.pohls@edu.tbz.ch"|"Mw78$u-2&5Mm&-n8D129"
"ma.nolda@edu.tbz.ch"|"4Dl9GW-U@0A1w-vYmQ%S"
"marlene.bisiker@edu.tbz.ch"|"pEkDjN-N6E3Zu-st@pWB"
"estee.babon@edu.tbz.ch"|"z&pz9t-scwBvE-04uxdN"
"simplifies.dmisek@edu.tbz.ch"|"66hZ49-e879Pm-4ADmCY"
"selene.ganing@edu.tbz.ch"|"tQhq9v-&LY2%e-aXii5d"
"meryl.penke@edu.tbz.ch"|"@yeEov-eLdc6m-9DcZPp"
"anais.rawcliff@edu.tbz.ch"|"0zI2N4-q2l8$x-Y#Kw24"
"melina.andri@edu.tbz.ch"|"58HsYP-Vh4vin-lq4o0h"
"audreanne.fodden@edu.tbz.ch"|"LnboYy-vMyRpH-f&J@XQ"
"bjoern.spellesy@edu.tbz.ch"|"ZSqU5v-ObXyjg-yzsWev"
"francoise.summerscales@edu.tbz.ch"|"NaWfQp-atj$e6-$6e@Dg"
"laurene.ashtonhurst@edu.tbz.ch"|"SmaE$w-1VH1tf-XoJtml"
"valerie.petters@edu.tbz.ch"|"BSrJBz-qb8300-y$Phl5"
"anael.spenclay@edu.tbz.ch"|"pYzp2O-sPqSVd-Np4iZG"
"stephanie.keech@edu.tbz.ch"|"E3BzbR-FOUxeu-qZ@61J"
"ines.deveril@edu.tbz.ch"|"0rCbNG-4B@1OD-oCt8zg"
"berenice.gelder@edu.tbz.ch"|"oaoTjU-SkyWuK-b%9QPh"
"melanie.ofogerty@edu.tbz.ch"|"WghUi2-wQyvU0-Br6Id1"
"frederique.canepe@edu.tbz.ch"|"J6lGau-&pF9RT-N6kZ5T"
"nuo.otton@edu.tbz.ch"|"0teyEi-TEnIxk-PczeHg"
"genevieve.trusler@edu.tbz.ch"|"cBmdWK-xGpUZy-GQIGrJ"
"ju.boag@edu.tbz.ch"|"ccPeFo-wQs7mA-WXf7wS"
"josephine.dilucia@edu.tbz.ch"|"Ea#Wqd-y$$6vq-H4zeun"
"laurene.armsden@edu.tbz.ch"|"0WEvIM-DGI8DY-93oO0C"
"becassine.griffe@edu.tbz.ch"|"EIt%MU-WayS@d-sZmPZl"
"alois.parres@edu.tbz.ch"|"cfRivi-GZn9hb-n5&7WX"
"cleopatre.gaffey@edu.tbz.ch"|"2o5eke-aoeeql-GgOi&I"
"andre.stiger@edu.tbz.ch"|"CuTZwM-bE#l$f-NuL5vT"
"beatrice.godleman@edu.tbz.ch"|"K50s%t-BA3ab4-FtO%jb"
"hakan.harrhy@edu.tbz.ch"|"0oqbiV-ZmE42P-@G84&y"
"celestine.dagnan@edu.tbz.ch"|"smBhvo-csahFB-yeqZoM"
"clemence.haggart@edu.tbz.ch"|"XcphxZ-q8J#sZ-3Bi@uQ"
"long.caban@edu.tbz.ch"|"eOiSYT-bF8%D3-vdXHVL"
"gaetane.grimble@edu.tbz.ch"|"8ABfOy-POlZsO-a@hPop"
"maelann.piwall@edu.tbz.ch"|"qCJ#xj-11lU7#-LUNJ4g"
"magdalene.loble@edu.tbz.ch"|"#UGEdP-3@EiaO-CXHzAl"
"veronique.domaschke@edu.tbz.ch"|"JHhI5w-tQ0qRF-YZRbON"
"clea.herity@edu.tbz.ch"|"T4iE95-x61F%s-Wk#nuR"
"maelann.bambrough@edu.tbz.ch"|"vppjoI-VI%0Gw-p5m8JR"
"clea.goulstone@edu.tbz.ch"|"ijC5wx-MZuBbI-cTSED1"
"renee.deleek@edu.tbz.ch"|"GSzq#w-bdwaq3-iuihxt"
"boerje.rudderham@edu.tbz.ch"|"W@bM7%-Gw0nb3-MpSJO6"
"marylene.broune@edu.tbz.ch"|"g@t$9T-9E4gSQ-c8tb#F"
"nadege.mccuish@edu.tbz.ch"|"BUFJPc-bUDjvW-9NCW0f"
"anael.littleover@edu.tbz.ch"|"tYioXh-sM74ZR-#4qrJw"
"lie.baume@edu.tbz.ch"|"wotgqU-la%HLI-oxsxKG"
"maella.murrow@edu.tbz.ch"|"TAza3l-q1aMYH-bQ0CQn"
"cleopatre.pettifor@edu.tbz.ch"|"fPEngi-GI4r7Q-QrFFoV"
"geraldine.asker@edu.tbz.ch"|"$Z1c1%-QO8hzz-5qj4Ft"
"gaetane.smedmore@edu.tbz.ch"|"Qwc66v-iOeM28-Jlt9vr"
"meryl.blencoe@edu.tbz.ch"|"A53fM0-kJr95@-Q21oJJ"
"aurelie.chastaing@edu.tbz.ch"|"NcJK9R-H$kM#S-DceZIy"
"oceanne.marthen@edu.tbz.ch"|"uoj&cq-5y0g%U-$ttmqc"
"dorothee.burrill@edu.tbz.ch"|"h$W8CK-Vjd6Df-T7D5&D"
"hakan.belden@edu.tbz.ch"|"y$t%yM-2uKCZ&-EeFAMy"
"celine.brunning@edu.tbz.ch"|"I3p66O-KzXMEy-PyOUiS"
"anael.lapides@edu.tbz.ch"|"ejNmFR-N8ZhF7-3$7226"
"ruo.saffran@edu.tbz.ch"|"59HfTw-eX$y$A-kKfPXP"
"loic.gerretsen@edu.tbz.ch"|"wni&y&-c1QNEI-uaThq@"
"rui.fitzer@edu.tbz.ch"|"hhUOBR-HaV5eP-5BKjtK"
"annotee.ogers@edu.tbz.ch"|"UwE&DR-kTNBxN-sBFQ0o"
"boerje.bindin@edu.tbz.ch"|"%mnurr-K94IBv-c@Ou39"
"ma.cronchey@edu.tbz.ch"|"#XKve#-$sj&#u-eMId$Z"
"laurelie.baiyle@edu.tbz.ch"|"vQM&@e-cglmlS-PNJHkK"
"dorothee.older@edu.tbz.ch"|"y9H3&y-J6rfuz-NZ%sSS"
"laurena.wile@edu.tbz.ch"|"$WsSTA-702WDx-QR%Ofg"
"clemence.brito@edu.tbz.ch"|"sjlQCT-fSLhnp-BvJAM#"
"nadege.dallin@edu.tbz.ch"|"Z$gPDY-p7y&wC-4m7wsE"
"mailis.matley@edu.tbz.ch"|"wIdyH5-qmsUlF-wn5yzO"
"daniele.screaton@edu.tbz.ch"|"Il6pvr-h6Um&k-m9rCVk"
"mediamass.godly@edu.tbz.ch"|"uuwNet-9ccuZj-cUhaDw"
"leone.kremer@edu.tbz.ch"|"VwbuQk-WvBEL6-5KUoqH"
"asa.adrian@edu.tbz.ch"|"NahwSd-CVi3jH-cfChjN"
"adele.doley@edu.tbz.ch"|"2FCkGf-NI5cX9-o@i9eU"
"fei.sidney@edu.tbz.ch"|"f$TuLM-y7Q3UK-H5#vK%"
"marie-josee.walisiak@edu.tbz.ch"|"RJjeHy-%nd6qQ-dm1omB"
"desiree.diplock@edu.tbz.ch"|"&pRCI$-U@SAP&-xvcOHX"
"gisele.schust@edu.tbz.ch"|"YAyT8y-5NVHY@-8CqemF"
"ma.longshaw@edu.tbz.ch"|"gkbi#9-SauQ27-Gokq&H"
"da.boother@edu.tbz.ch"|"tWzdYS-myYvQ9-XBF3QJ"
"simplifies.chaudhry@edu.tbz.ch"|"@yP7D9-pbKg3Y-hAdaEf"
"garcon.baniard@edu.tbz.ch"|"UKqZoC-OwYI#&-QwkY4c"
"gaetane.elphee@edu.tbz.ch"|"ieKEjF-ZjTL0f-GJ$nP8"
"gisele.hassey@edu.tbz.ch"|"IC$Yrc-fyyyRn-lhxQwM"
"oceanne.booley@edu.tbz.ch"|"wef9ex-olP90D-xB3OLY"
"oerjan.dibden@edu.tbz.ch"|"syTdQ$-8CjGGz-SC83F0"
"regine.ocleary@edu.tbz.ch"|"&tYaow-HS7MVn-ZAR@BP"
"selene.persse@edu.tbz.ch"|"m@PC30-GnyHZT-w&qT9G"
"helena.adenot@edu.tbz.ch"|"F6ouzX-eozwgI-niEkyT"
"maelann.wassung@edu.tbz.ch"|"HA6Qnk-CZeL5%-gIxZ&L"
"frederique.ackermann@edu.tbz.ch"|"IC$cZl-d5U1rB-w9H8MH"
"audreanne.kahen@edu.tbz.ch"|"1Ribv9-SdpCE&-1bSC3c"
"maiwenn.lasty@edu.tbz.ch"|"Q#uiIc-nh7o%B-36d&gP"
"yu.dictus@edu.tbz.ch"|"RTDvdm-Pam@Oz-WZHBbv"
"anae.dukes@edu.tbz.ch"|"2JILOu-MyMxWh-Fb6SGX"
"yenora.warr@edu.tbz.ch"|"25gwIS-4p3w2H-LmaYTe"
"esbjoern.archibold@edu.tbz.ch"|"Ce3mkV-Cuo$Ts-TXYAkS"
"milena.pardal@edu.tbz.ch"|"7PyszY-L9DtoN-nJPDcL"
"celestine.graveston@edu.tbz.ch"|"O0bjbe-jp5AO#-3ucphx"
"maena.dallas@edu.tbz.ch"|"LO5UwC-inE2zw-oEshHD"
"andree.tuke@edu.tbz.ch"|"dMfcHn-Kw8xA7-YD583c"
"methode.seldner@edu.tbz.ch"|"YSOYa1-AiFEtm-T6QKP3"
"venus.bullas@edu.tbz.ch"|"1@iJps-%Fl449-fvjry0"
"mans.aguirrezabal@edu.tbz.ch"|"kMdDal-JTuG6F-x1LJ$G"
"gaelle.eadington@edu.tbz.ch"|"gOjVl6-uriccp-D8Jw&C"
"anaelle.falkner@edu.tbz.ch"|"Tgd5iS-EKWryB-&Fo%QE"
"ophelie.height@edu.tbz.ch"|"W1hGun-b08#N5-NNbV$U"
"marten.bolding@edu.tbz.ch"|"4JvOhG-V9iehQ-EwB0Ia"
"pelagie.guswell@edu.tbz.ch"|"1dA9v%-S1#Eo$-AYxk8h"
"gwenaelle.lecount@edu.tbz.ch"|"vM5@FB-Ej3wuh-7AYbd1"
"hakan.laden@edu.tbz.ch"|"UKNrub-e7t6H9-SaNrNl"
"marie-josee.hylands@edu.tbz.ch"|"8dyHh7-zct$wb-T&f1Bj"
"zoe.kingshott@edu.tbz.ch"|"VIjHLJ-$RXNg2-IZ93DV"
"josee.janous@edu.tbz.ch"|"AQn06V-%9t@LW-AH4jOn"
"laurene.gallally@edu.tbz.ch"|"IAoqmL-TGCDoj-afi0Cq"
"anael.bickle@edu.tbz.ch"|"OJFPeb-X@QWwT-PWVzna"
"mediamass.lebbern@edu.tbz.ch"|"AuTBTI-bQ@4Vj-$Bzx3L"
"berengere.hovy@edu.tbz.ch"|"2bZkzH-M%obaf-zGd@qg"
"oerjan.kilmurray@edu.tbz.ch"|"qYynoa-RYJIqL-GW3I6X"
"asloeg.venny@edu.tbz.ch"|"4JCBVa-b4Y@1v-9JNVWi"
"marie-noel.stoad@edu.tbz.ch"|"RqNKIF-5QlhZ#-hGyx1s"
"hakan.pettifor@edu.tbz.ch"|"bOIYk0-WAnJc9-SGv#0%"
"maella.willgrass@edu.tbz.ch"|"at6aMA-WRyNZX-E02bQg"
"therese.ludovici@edu.tbz.ch"|"7PJ40R-HeWNNY-dpggYm"
"stephanie.trewhitt@edu.tbz.ch"|"PaE3py-l1TzF&-EZxvsH"
"maerta.bauduccio@edu.tbz.ch"|"b@Y0tq-HRpxF#-C%Tfwn"
"gaetane.glaisner@edu.tbz.ch"|"vEfMSI-O9&40W-Dg%qL7"
"naeva.pargeter@edu.tbz.ch"|"3DQC26-wR8h9r-uzyw51"
"salome.venable@edu.tbz.ch"|"tG9vAh-Yr%DwQ-$HrJa9"
"boerje.thickett@edu.tbz.ch"|"e2GC7N-B8sg0L-P1&HuO"
"lucrece.prendergrass@edu.tbz.ch"|"DYrx80-ZSVWDM-urUWke"
"laurene.ockleshaw@edu.tbz.ch"|"3CcK%K-#rj8qA-qygsGt"
"cecilia.pasticznyk@edu.tbz.ch"|"6rR2x5-4iTaR0-vGVy7N"
"stevina.mackey@edu.tbz.ch"|"sDSlzT-2d1QF5-R7aPZ6"
"marie-noel.reven@edu.tbz.ch"|"WA6Bil-lg%qRO-5J0&OO"
"melina.quilkin@edu.tbz.ch"|"cC$P4u-T#th%m-uhBXmr"
"marie-noel.ferrie@edu.tbz.ch"|"LlczGy-LqUq9d-whe73q"
"leone.alphege@edu.tbz.ch"|"6uXlEy-$HteK$-qrjWKR"
"zoe.leverson@edu.tbz.ch"|"3PDoKM-N%SxeJ-1Jx6Nd"
"annotes.grayne@edu.tbz.ch"|"Hdih7o-@kR2d4-WSjuEw"
"faites.lalley@edu.tbz.ch"|"#MovuB-IyY@Kz-ndWErg"
"adele.wallis@edu.tbz.ch"|"JH6zJB-c&kwvk-dpEjnp"
"severine.madill@edu.tbz.ch"|"yZM#Vn-AuO%EL-ncz%b5"
"valerie.tebb@edu.tbz.ch"|"sQ0OL7-%Td3oo-JVOF8c"
"kalliste.rasper@edu.tbz.ch"|"OCjOm2-vk0mII-1arAQ8"
"audreanne.palomba@edu.tbz.ch"|"7t%KND-s9Acuq-GXMDkz"
"elea.adamik@edu.tbz.ch"|"tmtHn6-ffiSKL-lkpmo0"
"reserves.jakuszewski@edu.tbz.ch"|"S@24yS-kHhqFS-nJKhWt"
"athena.belhomme@edu.tbz.ch"|"ri4O42-zl#wNu-qnEZti"
"rebecca.crippin@edu.tbz.ch"|"E$Mclm-mGa%Aa-KmFo$E"
"maiwenn.curman@edu.tbz.ch"|"XhgNcd-PX5645-CY&1Ej"
"andree.bunner@edu.tbz.ch"|"rRIYeo-nq1#Qw-onMdQ0"
"ruo.winckles@edu.tbz.ch"|"cVhXer-vQ48qo-NjMNzJ"
"naeva.buntine@edu.tbz.ch"|"ZK3A&i-dMd0#L-9IE9v$"
"boerje.dollard@edu.tbz.ch"|"wXwIVr-fjzr0k-dl0Xqt"
"penelope.gorman@edu.tbz.ch"|"4RZ$fE-yAFE7X-Pd3QQQ"
"alois.robelin@edu.tbz.ch"|"3SgMGb-H8Jo8P-YgAhny"
"anaelle.tindle@edu.tbz.ch"|"dTjAjW-5r8zky-%DdBag"
"ye.frears@edu.tbz.ch"|"FfnqSE-4c@eza-&kFhEY"
"andree.ovid@edu.tbz.ch"|"jK369g-ZHtBdE-H%o4m7"
"hakan.peat@edu.tbz.ch"|"&Vp0CP-GAQc&#-ebs&AN"
"andre.januszewski@edu.tbz.ch"|"jrPo#T-LrsfTy-2mYv55"
"annotes.clemmett@edu.tbz.ch"|"HLCwXb-enY6KN-82qK%R"
"pal.lambswood@edu.tbz.ch"|"JyPj9i-xoWGqU-h2b1jF"
"yao.lenton@edu.tbz.ch"|"l$brFU-4pTAGg-sErJi&"
"hakan.boyton@edu.tbz.ch"|"AW7jFI-RSgMrP-G1tuS0"
"nelie.forsey@edu.tbz.ch"|"pQlV$1-ClINcm-Rae#h3"
"hakan.horche@edu.tbz.ch"|"39A#4D-aP1d$T-D%NB#e"
"lorene.sinkings@edu.tbz.ch"|"h3OZBV-4wxN2B-I@8ByT"
"marie-therese.creddon@edu.tbz.ch"|"4ml@Pp-R0jjX8-mw6$qb"
"berenice.tolworthy@edu.tbz.ch"|"ZlPq0E-ee6Guo-pcfa6Q"
"theresa.land@edu.tbz.ch"|"8DOFG0-oI4WJs-aXT9l5"
"marie-therese.gianilli@edu.tbz.ch"|"9GnZED-yC#2pa-vghDfl"
"meryl.glew@edu.tbz.ch"|"csQoQe-o6xOFL-@kZYNE"
"adele.debling@edu.tbz.ch"|"vBkyTS-SHu5r6-H1UWIR"
"anae.metzke@edu.tbz.ch"|"NdY$BW-MVf6$d-udcN4j"
"gaetane.gooden@edu.tbz.ch"|"JfJP2j-AHjsWL-Oy3RjH"
"laila.bootland@edu.tbz.ch"|"1iocz%-0FMt2V-bGN0Oq"
"maite.helsdon@edu.tbz.ch"|"8rfODP-Wyr5nh-4D2pW7"
"andree.malley@edu.tbz.ch"|"DFudKo-wMn3mF-yLf&Ye"
"pal.simmens@edu.tbz.ch"|"d91Sb3-kQ$cBL-&m9gX9"
"maelys.nuccitelli@edu.tbz.ch"|"01cwxv-Ydy0pt-lHA7bL"
"dafnee.sibary@edu.tbz.ch"|"Fdt@jJ-h6bJ%I-bLM$qJ"
"alois.harsnep@edu.tbz.ch"|"uI4b8P-PDUiIh-$%#s0#"
"marie-helene.lacky@edu.tbz.ch"|"AUuhJF-Luosa8-x9f$Sn"
"mylene.youthed@edu.tbz.ch"|"y$QC8W-Wz1xa&-oqE10E"
"marie-helene.dehmel@edu.tbz.ch"|"nVRalf-uRHfLs-ySdMn#"
"angele.batman@edu.tbz.ch"|"FGPp2A-WC0mvr-91p%X1"
"melia.younghusband@edu.tbz.ch"|"%EjdAN-%ndhTO-FYq7mE"
"eloise.baldi@edu.tbz.ch"|"S7HcSs-AZurWE-ys5rgD"
"illustree.dun@edu.tbz.ch"|"vZinh8-6F6fDW-%f%kuu"
"genevieve.late@edu.tbz.ch"|"#h8#Mw-kvJQx0-oFhR6e"
"celestine.colville@edu.tbz.ch"|"&CLirA-1qWCYg-dry6yB"
"gwenaelle.scarlon@edu.tbz.ch"|"YLtEza-p6wOGW-uVyXa5"
"regine.boddie@edu.tbz.ch"|"AegfXz-a&yBBC-r&vSek"
"creez.gaughan@edu.tbz.ch"|"F1#TtM-Dif%2T-tLa#9F"
"gaia.longford@edu.tbz.ch"|"lUSnfH-VBwPOP-oO9cA%"
"mailis.buckby@edu.tbz.ch"|"A%iQyM-uSEmiW-MWEWrr"
"song.parbrook@edu.tbz.ch"|"GdjA0z-Qb7AfD-&2@Yas"
"frederique.heddan@edu.tbz.ch"|"wZG5Sq-bdpv#W-G$4jlI"
"ake.kirtlan@edu.tbz.ch"|"Obn9LM-03QbZY-&RHibF"
"nelie.runciman@edu.tbz.ch"|"xWgN7C-80&UbF-g&w&60"
"mailis.cardnell@edu.tbz.ch"|"UlhT5n-1kC9lm-dOxsf$"
"irene.navarro@edu.tbz.ch"|"CPIBcd-BbA4In-WLgVwe"
"maite.cough@edu.tbz.ch"|"YMDOu7-UHu2iO-Ak0xSB"
"anaelle.stocky@edu.tbz.ch"|"HcQpO6-AXPOif-43O#9O"
"methode.moulder@edu.tbz.ch"|"EOfqk@-py43wo-QJdBGj"
"po.stafford@edu.tbz.ch"|"HdK@ev-aWjA1B-ma&h1F"
"faites.scraggs@edu.tbz.ch"|"fexrfp-UFc34l-J49Yzp"
"adelaide.dullard@edu.tbz.ch"|"GZRT%g-Sw$z$#-PyjIc%"
"desiree.leonard@edu.tbz.ch"|"JH7rnk-Dn%Q9T-W7qCiW"
"geraldine.badgers@edu.tbz.ch"|"xx@dPS-bMmdfk-YmYFQO"
"ruo.masic@edu.tbz.ch"|"1m6jB3-pHHilA-ceBa#O"
"aurelie.lieber@edu.tbz.ch"|"0VsADS-#K0&cl-Rw$WcV"
"naelle.balcock@edu.tbz.ch"|"b7ufI1-PTwNb@-ElSA0Y"
"camelia.elger@edu.tbz.ch"|"9ziIsH-FtxKzS-@yS2$A"
"publicite.oakeshott@edu.tbz.ch"|"qkc%mc-RheiJ8-@F47%L"
"cleopatre.fawley@edu.tbz.ch"|"XT4emA-%xSc4I-kw09ph"
"laurene.bruckmann@edu.tbz.ch"|"tF#6v@-dOr9Ls-t2uOIj"
"rui.haughton@edu.tbz.ch"|"UeIz64-GbEp2W-5lr@zN"
"asa.ladewig@edu.tbz.ch"|"VyNocl-ClUpws-G2pPIG"
"gisele.janecek@edu.tbz.ch"|"Mb0MEI-@41E8E-8u0WLU"
"maily.loveridge@edu.tbz.ch"|"UgyjKA-lM1@2M-sIgtav"
"marie-eve.yurkiewicz@edu.tbz.ch"|"de%zy6-Fvii&H-NTIbVT"
"fei.roder@edu.tbz.ch"|"EVkF8w-sop840-r039Hw"
"edmee.chatburn@edu.tbz.ch"|"JhkSU9-yp5FtA-CQRiiX"
"geraldine.darke@edu.tbz.ch"|"jO@M38-v#IQZq-@OZ0$o"
"ye.jira@edu.tbz.ch"|"H@uBx8-F6lay2-UK%nnz"
"publicite.persent@edu.tbz.ch"|"Wb%Hz7-r7Ic%i-v#gqVO"
"severine.wilcox@edu.tbz.ch"|"#@1krb-%wPNlH-OVN38&"
"yao.mcclaren@edu.tbz.ch"|"q2TWZ6-&nYVg8-$wVVor"
"theresa.foynes@edu.tbz.ch"|"0QJyub-JEBkP4-rwy&MB"
"stephanie.isley@edu.tbz.ch"|"##WxU6-UiWAN3-OZzPy2"
"torbjoern.growy@edu.tbz.ch"|"hIPx#u-npOQhI-dsI#um"
"eloise.tunnadine@edu.tbz.ch"|"$hFh#f-0FTxGr-mtJT$5"
"maeline.cossentine@edu.tbz.ch"|"Qt0Rnj-PegEHP-UYtHm2"
"nelie.desantos@edu.tbz.ch"|"u@RXjn-8TFZUc-Nv1kgA"
"gaetane.axston@edu.tbz.ch"|"rxnLJR-UPXbH6-9#wt@G"
"aimee.merman@edu.tbz.ch"|"qf0D4%-SIwpUY-Syll@V"
"oerjan.drivers@edu.tbz.ch"|"vRdziz-ZA2Pc0-AkozOQ"
"aimee.miroy@edu.tbz.ch"|"BEnYEA-I2oofj-W9nkcp"
"nelie.glyde@edu.tbz.ch"|"99x#xF-z9xr$T-#P2vGn"
"hakan.kapelhof@edu.tbz.ch"|"3eEB9D-xJFWzS-BPsth4"
"maelyss.cauley@edu.tbz.ch"|"EcK7W0-BOsTvK-@H@zzn"
"elea.vaggs@edu.tbz.ch"|"ns2534-Gs$FEK-bAWYLp"
"maelys.but@edu.tbz.ch"|"HjrOo&-QlAw$q-QnXc$U"
"maella.arthurs@edu.tbz.ch"|"DBKKJg-LLa1gt-KFmP#X"
"adele.liebrecht@edu.tbz.ch"|"FIHchc-J@HA0Y-fF%BBm"
"meline.lomasny@edu.tbz.ch"|"Vv0pI%-CRRDi3-u#SB#c"
"mediamass.schwant@edu.tbz.ch"|"V0pnnj-UhF$fn-JdIPId"
"leone.saunt@edu.tbz.ch"|"yA2ftJ-@0TNpW-YmHhwm"
"annotes.gouch@edu.tbz.ch"|"x3VbvU-IvW8TD-M#5yMD"
"gaetane.bowich@edu.tbz.ch"|"WyTE06-%Meo80-He1CEl"
"alizee.strelitzki@edu.tbz.ch"|"Z17Ue7-q6TIM0-8oB1oK"
"leone.poile@edu.tbz.ch"|"myoprf-6gT2#v-fyjiZz"
"amelie.saban@edu.tbz.ch"|"7BX&Wj-4rwivp-tVBgu5"
"marten.mcmenamin@edu.tbz.ch"|"hHuFrE-TVxHE%-PWbnqO"
"becassine.keets@edu.tbz.ch"|"dA$d8P-rqkkjS-cdwhME"
"celine.million@edu.tbz.ch"|"lkDvJj-pe5GD2-axTiSQ"
"geraldine.belitz@edu.tbz.ch"|"SJwdlj-xO7me%-qCACeU"
"salome.mardling@edu.tbz.ch"|"&5r&m5-qKAOoK-f0pAud"
"melia.blakemore@edu.tbz.ch"|"m4qY$2-sbAISE-4#H2J9"
"dafnee.mcaulay@edu.tbz.ch"|"P#H4ut-rizvn9-D9D7cN"
"garcon.dennett@edu.tbz.ch"|"@BK0yd-kScsNt-hCtjr9"
"interessant.lesor@edu.tbz.ch"|"Xn3vD@-6vNISb-K&##lS"
"annotee.wasbrough@edu.tbz.ch"|"rpUhrK-am@Jox-MAIgAp"
"asa.ibbeson@edu.tbz.ch"|"5iMc@$-HBa7s0-E#BKN$"
"maily.kennealy@edu.tbz.ch"|"kXEhWY-N0TLP8-%1sJvh"
"ye.seares@edu.tbz.ch"|"j3X049-P$ESq%-DUxKg6"
"athena.harbron@edu.tbz.ch"|"HRet@h-BjLtN#-eNKUZP"
"andreanne.portail@edu.tbz.ch"|"D5MEBn-1x3YSI-TLNcPp"
"goeran.zannelli@edu.tbz.ch"|"vtT7d@-5yP@eu-n%dMBp"
"gerald.leathlay@edu.tbz.ch"|"kEDLRc-wtrp5S-D5LTPQ"
"andreanne.chown@edu.tbz.ch"|"WczRky-2S6S71-4le5B6"
"esteve.clementel@edu.tbz.ch"|"PzS17A-PUWbPj-OHqa2d"
"leone.legan@edu.tbz.ch"|"E0he5X-zB4eMD-iFbZgv"
"maena.pownall@edu.tbz.ch"|"2AAatI-NHFlt3-g%imlP"
"andree.rettie@edu.tbz.ch"|"%4VK2z-wmSkyh-$AIuIP"
"ines.kenwrick@edu.tbz.ch"|"hDlIYS-TgkTwn-X9EX6B"
"marie-helene.yarnall@edu.tbz.ch"|"TSWi00-sT7KcP-IQB1C1"
"po.martin@edu.tbz.ch"|"SeEBmr-PbJs%4-51hGEI"
"ruo.celiz@edu.tbz.ch"|"VV9ZJS-tHaQjc-Ho8SMy"
"po.bissett@edu.tbz.ch"|"8g40%z-i0X#3y-ny&Ycf"
"du.swindon@edu.tbz.ch"|"M7Arf3-7ErmYn-0ezVnc"
"interessant.gouldthorp@edu.tbz.ch"|"3eZCaF-fv0Ihp-bYSKFt"
"leandre.lilburn@edu.tbz.ch"|"d#MoBG-furlNS-$QA9SK"
"bjoern.whales@edu.tbz.ch"|"pH$QVR-d1DQsz-fzRsaA"
"interessant.dieton@edu.tbz.ch"|"Kx@SF6-btg%gH-fnn$mw"
"celestine.redhills@edu.tbz.ch"|"7dQMp$-3%kYJe-CGcC7E"
"tan.yakovlev@edu.tbz.ch"|"n76uey-vM%944-3oFGtn"
"regine.mcdowell@edu.tbz.ch"|"4b3SpR-iIbfNx-wVYp%A"
"ju.coysh@edu.tbz.ch"|"OTwmUb-XX1J$y-z9ps0%"
"reserves.ofallon@edu.tbz.ch"|"N1Ak7q-MSrvLq-#uDANy"
"frederique.sobey@edu.tbz.ch"|"tOrG01-wFBgX@-%oQT4J"
"marie-eve.garstang@edu.tbz.ch"|"X3eu0X-Xbse2b-lEUIe7"
"andre.tapin@edu.tbz.ch"|"HQTIRt-VqFdhG-Ot$rF6"
"esbjoern.eynon@edu.tbz.ch"|"uRhQh$-U%Cq@5-&G6ND&"
"maella.duffy@edu.tbz.ch"|"6qkG&K-5Tk&Y6-N3zLJO"
"leandre.twinning@edu.tbz.ch"|"molaVh-tjsoMr-suCCLE"
"mai.whittingham@edu.tbz.ch"|"fGCdo6-uebVKI-T0lMtp"
"rachele.shevelin@edu.tbz.ch"|"SIBheK-ch%&nY-xPhaF&"
"cecile.mcure@edu.tbz.ch"|"ZYbZ$p-HvYQ0e-S0uVvu"
"marie-eve.yurkevich@edu.tbz.ch"|"CzMBHC-Wo9evj-Uc6@R8"
"almerinda.paice@edu.tbz.ch"|"@Ro18M-m6EkCq-OgyUn5"
"rao.howkins@edu.tbz.ch"|"ld2YSW-4eDHtb-wm#vPb"
"serena.pack@edu.tbz.ch"|"mXJ0s#-Rcu$SI-El&R5X"
"rebecca.mant@edu.tbz.ch"|"a$zK3R-reLBgM-YcP7DF"
"reserves.spitell@edu.tbz.ch"|"GOuvg4-GlS4eF-27YCqy"
"garcon.hamfleet@edu.tbz.ch"|"AsEdmR-m@E2MY-5&HimX"
"methode.kerkham@edu.tbz.ch"|"I#L#lu-zrXCsR-AdLLw5"
"pelagie.camies@edu.tbz.ch"|"HEfDOx-02FPHY-Nwl9WD"
"josephine.macpharlain@edu.tbz.ch"|"2dnnuY-AzuZ2k-v%7jlh"
"eugenie.mathet@edu.tbz.ch"|"@2JHP9-OZ@0v4-OQKxa#"
"gaetane.brangan@edu.tbz.ch"|"LyvZTx-GhVjnk-e3wquX"
"michele.dewbury@edu.tbz.ch"|"xPhh6G-dBkEcK-b8$$L0"
"eugenie.elcott@edu.tbz.ch"|"nBtWsS-cbi#Wc-K1x@EY"
"megane.harniman@edu.tbz.ch"|"&rN&sC-%&lMm#-X%60yt"
"agnes.cluney@edu.tbz.ch"|"xLHezr-puh71f-gOT8Rr"
"marie-helene.angear@edu.tbz.ch"|"W3Gh$h-6zsxiM-p$@c2U"
"melia.dolphin@edu.tbz.ch"|"A$bSWy-7IN#$E-fX#wDJ"
"lois.ruseworth@edu.tbz.ch"|"ThPgPS-#PEB%C-aPVRw9"
"mailys.ryding@edu.tbz.ch"|"xX6P4A-$057by-0kq@vv"
"rachele.wulfinger@edu.tbz.ch"|"kfMYfD-B#&B6I-BSSMRM"
"gwenaelle.talton@edu.tbz.ch"|"uqHvu&-ObLaOY-F9Wrgt"
"long.ronchetti@edu.tbz.ch"|"%$BqEx-#WNlPO-#0$OJ#"
"styrbjoern.kloska@edu.tbz.ch"|"y2Izki-Iu9TXa-XbQpfr"
"len.sudran@edu.tbz.ch"|"Dy%IYm-N3pHpW-2mB5Wm"
"maelle.andrysek@edu.tbz.ch"|"LrIZo&-XRBfLA-6YcKmm"
"selene.senior@edu.tbz.ch"|"i#@DtV-j@lv26-z0#VE3"
"anais.joskovitch@edu.tbz.ch"|"yROXhD-eBlFCQ-zFZtr@"
"marie-noel.dally@edu.tbz.ch"|"8ZNuLF-UTaVAW-NxLCl&"
"marie-helene.laurence@edu.tbz.ch"|"N#kpeS-AJZfvH-0@ohrp"
"camelia.foxon@edu.tbz.ch"|"EGBrlV-FV@1fw-@zIp8Q"
"helene.cankett@edu.tbz.ch"|"mGJgLU-dC#s0x-S4%0gw"
"marten.mitchelson@edu.tbz.ch"|"ku8GWb-#$NFjO-6lBnax"
"helena.stirtle@edu.tbz.ch"|"2zMf8g-5HQKZS-EC9esY"
"leane.barmby@edu.tbz.ch"|"m1SFhp-BrOL3S-V89zQS"
"goeran.ofinan@edu.tbz.ch"|"ke3LX$-cRk9Ih-ci4q%J"
"styrbjoern.proby@edu.tbz.ch"|"PXoBpD-9sXfFy-WoJ1Ct"
"zoe.halse@edu.tbz.ch"|"KZEuT@-YsF3m3-X7DoOS"
"kui.drable@edu.tbz.ch"|"MKsr1d-QL0tD8-AJPr4j"
"desiree.bamford@edu.tbz.ch"|"kzokym-E2Z&pJ-L%RbL#"
"zoe.suller@edu.tbz.ch"|"1ZmwkD-JG%vb1-D3c58T"
"marylene.audiss@edu.tbz.ch"|"$x4GmD-FcAdyS-QF%h#D"
"adelaide.poznanski@edu.tbz.ch"|"Zx%5#o-hrccne-%nCrvY"
"maella.coleyshaw@edu.tbz.ch"|"XGAQxe-wszJry-xTEF8I"
"marie-francoise.gelder@edu.tbz.ch"|"%hveVd-wtxU7q-@&3tqB"
"eleonore.chaffyn@edu.tbz.ch"|"8REs$4-ZDhRa1-KuQJPO"
"celestine.sikorsky@edu.tbz.ch"|"4kKi6Y-3GUz49-OP8#Hu"
"stevina.londsdale@edu.tbz.ch"|"CWj&vb-LbaL91-wxr6sS"
"maiwenn.nevitt@edu.tbz.ch"|"&4cpsv-nIadXu-@iJXXb"
"magdalene.gerrey@edu.tbz.ch"|"4q4806-xPe37C-mswTB6"
"becassine.latimer@edu.tbz.ch"|"Qv85Xi-YbB9X4-iY7MdB"
"da.lethibridge@edu.tbz.ch"|"qgxg73-LprwkZ-d82Vs#"
"mailys.claige@edu.tbz.ch"|"V6CnqB-1q$fBG-QWk%x7"
"maena.torbard@edu.tbz.ch"|"E0&VIp-u@PU#t-A1rcTG"
"solene.lyvon@edu.tbz.ch"|"jAKW5b-YVLk$u-MlB1gF"
"marie-therese.benbrick@edu.tbz.ch"|"GR2WP#-h7yM80-4B0s@w"
"gerald.edmonson@edu.tbz.ch"|"KPlJj1-DihSS0-32$2QW"
"ake.messruther@edu.tbz.ch"|"pRQfOL-l8NE#p-OHGBEo"
"men.gosneye@edu.tbz.ch"|"kAKYg%-C&BQaw-e2X2oE"
"anais.jefferys@edu.tbz.ch"|"mGHAMn-LSemzO-QmCgIe"
"publicite.tregale@edu.tbz.ch"|"mP2g8O-tMPNei-yQ2Hwe"
"maily.santorini@edu.tbz.ch"|"&0ycFJ-#x1fC%-%yc7V9"
"ines.pioch@edu.tbz.ch"|"Wtsjev-F0Z0fU-$Qs0DI"
"noemie.marklew@edu.tbz.ch"|"1W2H%n-Lh3uYQ-25nDkg"
"meghane.maccaffrey@edu.tbz.ch"|"a7BV8z-3tMjms-c7IHdb"
"berangere.ambrogio@edu.tbz.ch"|"UpKUq7-jnfno2-c#5lmm"
"mediamass.ryce@edu.tbz.ch"|"KW&RNA-ESU9xO-HP2HSG"
"oesten.ubank@edu.tbz.ch"|"cH&ndc-HE13xB-iuMcxb"
"melina.mackee@edu.tbz.ch"|"bczqSi-7&@N5V-tkz#bd"
"theresa.livezey@edu.tbz.ch"|"mddb8U-W3Ovw2-nIfMvq"
"clemence.weal@edu.tbz.ch"|"x7bTfe-9b@NcZ-S4#UdR"
"faites.overton@edu.tbz.ch"|"q5#zx7-tGg0uC-JDSF@$"
"clea.lindblad@edu.tbz.ch"|"#6BwBR-5TEcZ$-b4m%2g"
"josephine.roseaman@edu.tbz.ch"|"@DqovP-Ded8Lf-$sgd4P"
"oesten.lowbridge@edu.tbz.ch"|"nKn84&-%qS3Fu-$4taZp"
"marie-josee.brion@edu.tbz.ch"|"9Vu@Cz-N1fAl6-4y6Y#4"
"therese.basili@edu.tbz.ch"|"svmHZS-94#P@I-Pom2qF"
"melia.vertigan@edu.tbz.ch"|"xMjeX5-TvbjVR-JKsjOI"
"judicael.saull@edu.tbz.ch"|"7k3GVd-F79iYI-DLflyp"
"selene.valentine@edu.tbz.ch"|"Aadi&Z-8FpgJH-u57BEM"
"verane.dunlap@edu.tbz.ch"|"kff0m5-HMiycP-iclBKO"
"meline.kinnear@edu.tbz.ch"|"#@sv9E-bDN#Gf-2FhZLI"
"lei.luttgert@edu.tbz.ch"|"EQp5QS-5x@HSV-DaOpf3"
"styrbjoern.lathleiffure@edu.tbz.ch"|"4IWTkk-Qj2mVI-Kju%73"
"marlene.blasi@edu.tbz.ch"|"@Ra#ey-W5oLr2-twk%0@"
"mai.begwell@edu.tbz.ch"|"Vgk66P-TThN$B-Cd7nLq"
"gwenaelle.kaines@edu.tbz.ch"|"aR2oJH-T4b#Dw-91&r$4"
"gerald.adamthwaite@edu.tbz.ch"|"s48U50-wD2mW2-kES36z"
"kui.hartfield@edu.tbz.ch"|"@i2gCv-bHOtbY-N6i87@"
"salome.currao@edu.tbz.ch"|"nk2rtr-MMBis9-RI5KP2"
"angelique.tixier@edu.tbz.ch"|"zdvlBI-eQSm2G-YTCFkx"
"ju.mcgragh@edu.tbz.ch"|"3U6$1#-BV3FSA-MH4FO0"
"dafnee.beachem@edu.tbz.ch"|"kfT6Qy-HxxvzY-whbyze"
"creez.terlinden@edu.tbz.ch"|"9OXjsE-&FKi5#-mMdKUR"
"uo.mcskeagan@edu.tbz.ch"|"uE6qb8-IdcmxL-xL3yQb"
"edmee.mccaughren@edu.tbz.ch"|"SxRg#D-j4VoEp-Ww@pds"
"asloeg.cozby@edu.tbz.ch"|"dm5Bm6-%7t6kq-60dpH6"
"melodie.traite@edu.tbz.ch"|"Ebf%Q2-empU1Y-5NEK5W"
"dorothee.aindriu@edu.tbz.ch"|"f%d$#H-ojZkNk-2V1BN&"
"daniele.doley@edu.tbz.ch"|"QiT7jM-$ur#AW-rJODoN"
"mediamass.fairclough@edu.tbz.ch"|"aal4fp-vHtSgM-grDAXl"
"lorene.rainforth@edu.tbz.ch"|"WdjY&d-KD2QMD-CiNyNp"
"leonore.eyer@edu.tbz.ch"|"CwioK2-u3Nb8e-IDacIB"
"po.spillman@edu.tbz.ch"|"S8SyyJ-DGmtGi-T6zzIS"
"cecilia.plitz@edu.tbz.ch"|"saM90C-EL1jpR-yIJ0UC"
"lorene.ludlow@edu.tbz.ch"|"y2pEWQ-CzzzX3-Wo1K@J"
"berangere.neligan@edu.tbz.ch"|"BZos4h-m7@I9a-DMlmYI"
"simplifies.huggan@edu.tbz.ch"|"KF8fzH-Ld%mTt-VzFFms"
"clelia.prandy@edu.tbz.ch"|"bz15fc-9fwoCm-lkRwE7"
"ake.osban@edu.tbz.ch"|"Q@%ns#-#y&bEE-8ybYq&"
"cunegonde.brunn@edu.tbz.ch"|"d@jqat-U4wsms-u#W5JM"
"long.grizard@edu.tbz.ch"|"aqiiAC-KejUC4-3$B4SO"
"meghane.diss@edu.tbz.ch"|"3OnmPz-zHM53T-Vm&i2s"
"therese.oldman@edu.tbz.ch"|"4kj@#d-&$W1Aw-B0bLh4"
"boerje.scamerdine@edu.tbz.ch"|"TZYKLO-sOdJF1-rIKIcp"
"du.saban@edu.tbz.ch"|"XtvNU9-WcAB7c-Dt#AUf"
"hakan.clynmans@edu.tbz.ch"|"YyqZsJ-G&ircS-EZ11kP"
"wa.macdowal@edu.tbz.ch"|"jkiM29-23f7jW-iQAyO1"
"venus.hatrey@edu.tbz.ch"|"INk$kA-ioUf@Z-cMo6td"
"anaelle.vispo@edu.tbz.ch"|"t8rZqn-WVX0i3-@4TVTM"
"mahelie.ollcott@edu.tbz.ch"|"gKh6Zx-bVqL6p-zGum%J"
"mediamass.whyman@edu.tbz.ch"|"V%gqN@-HcHl6j-0aQ#w8"
"esbjoern.basson@edu.tbz.ch"|"sjLmPw-Nfe%Ee-uuWa0r"
"andrea.morrill@edu.tbz.ch"|"c&$hll-WRU6lG-7ya4JZ"
"melys.grassi@edu.tbz.ch"|"x23Isc-RWd88Q-fMwxX9"
"leone.poleye@edu.tbz.ch"|"CfOnbw-VtGTEy-MyyQli"
"francoise.penny@edu.tbz.ch"|"9LoSnn-&HKCoY-oHyzIe"
"rebecca.edney@edu.tbz.ch"|"ntjVbV-14$WVY-plPHJ6"
"adelaide.murtagh@edu.tbz.ch"|"#u@8Iy-%Nf1RG-XTGryT"
"stevina.winterbourne@edu.tbz.ch"|"BOxuC#-ehnShc-gq%2L$"
"ma.cottom@edu.tbz.ch"|"&qzcgw-YrljLO-NIUAGN"
"tan.harold@edu.tbz.ch"|"%A0x7t-KYzxOB-agxTI&"
"venus.forte@edu.tbz.ch"|"pVS@tA-&x6ZPw-X&zT1#"
"almerinda.oluney@edu.tbz.ch"|"vwfeLP-GEdgOU-c%4fud"
"cleopatre.brehault@edu.tbz.ch"|"Mw45Di-ZOwzIp-jFzKe6"
"interessant.lapides@edu.tbz.ch"|"on&u$O-VDG&N&-6Dv&5C"
"reserves.hallatt@edu.tbz.ch"|"dFSBVW-etbUjI-x$ROOz"
"annotes.birdwhistle@edu.tbz.ch"|"KkI38z-&NjscL-z3O4z#"
"ai.dredge@edu.tbz.ch"|"oP&boX-pMLcxv-8rO1iK"
"megane.mussard@edu.tbz.ch"|"C4M7aN-#EQeJD-w0AwYF"
"esbjoern.gowrich@edu.tbz.ch"|"tU%o#D-fteXn8-wXiYor"
"boerje.brislawn@edu.tbz.ch"|"99Av9t-r8HCFl-BN2r5u"
"becassine.wilce@edu.tbz.ch"|"w9yY1@-9qj1uy-anTH$s"
"personnalisee.oels@edu.tbz.ch"|"81KAE$-gysaek-wIvRD5"
"verane.pett@edu.tbz.ch"|"RTrsYX-KJmew%-6ELgg8"
"marylene.glewe@edu.tbz.ch"|"9JO1HR-3IKjWe-u8YDu7"
"lai.elson@edu.tbz.ch"|"jrU%l5-G$aJKg-gFQePT"
"serena.difranceschi@edu.tbz.ch"|"5dVgwh-bcFq&o-PbIEF5"
"lie.espinel@edu.tbz.ch"|"NPIT0m-DcDbuY-AzQY0g"
"marylene.fantini@edu.tbz.ch"|"W9PxOi-2My#WL-kPa8Oh"
"andre.archdeckne@edu.tbz.ch"|"oL6mwR-e%8XMH-vx3$r7"
"goeran.bohlingolsen@edu.tbz.ch"|"R$cLTC-NmGZs@-U&NNvU"
"cunegonde.heffer@edu.tbz.ch"|"rh91Wg-0SATDz-7W$bPM"
"tan.fechnie@edu.tbz.ch"|"VAEXgb-D%cilr-BtLsPU"
"marie-noel.brammar@edu.tbz.ch"|"pqJP8B-FTeUDO-OxWqYv"
"simplifies.aven@edu.tbz.ch"|"75wSNF-HCqUKb-U3wtq6"
"melys.pinchen@edu.tbz.ch"|"Dc9RA9-IXdr3i-vGOT0%"
"edmee.joyner@edu.tbz.ch"|"PjU1Ed-Cs$zm%-DvbA1k"
"berengere.edess@edu.tbz.ch"|"9KViPz-QWOGO#-vp9K#%"
"marie-noel.goward@edu.tbz.ch"|"qBgk#y-9Y38RL-TmGyUZ"
"ju.edmons@edu.tbz.ch"|"ksK7Se-9yeOrv-Xyyid2"
"frederique.airds@edu.tbz.ch"|"jM%9WY-SfvBr$-Pgc6br"
"reserves.dauby@edu.tbz.ch"|"4KWlFs-EA&%y@-KbuUZa"
"hakan.gynni@edu.tbz.ch"|"pLiDWx-Kr@seJ-ctQjbj"
"leonore.pinwill@edu.tbz.ch"|"OY%Jgu-bLrBGp-QyuERC"
"marie-eve.mcallan@edu.tbz.ch"|"B4voy&-b#9yQg-GpnY&3"
"naelle.yeabsley@edu.tbz.ch"|"qA%SIx-eHp2kx-qxcPA#"
"nelie.jacobovitz@edu.tbz.ch"|"YZd%SJ-rsX02c-KA8E9G"
"adele.conelly@edu.tbz.ch"|"O7RZMG-$@YkJ1-6p68HS"
"clementine.dondon@edu.tbz.ch"|"V92YEz-fyunb1-Qvqplp"
"zhi.willcot@edu.tbz.ch"|"hko78@-HDIt#@-CYBpAX"
"chloe.janicki@edu.tbz.ch"|"$$$AzS-lefXvN-mUUINM"
"meng.linde@edu.tbz.ch"|"1Eg4WD-DOeSIA-ZRBXnN"
"celine.janisson@edu.tbz.ch"|"fw05JF-@qOKN4-dqhKw&"
"clelia.crow@edu.tbz.ch"|"M6L@Ui-vDBgfE-c71NL$"
"cecile.pyott@edu.tbz.ch"|"pCPd%x-n3t#&6-%XkeR$"
"ma.fidelus@edu.tbz.ch"|"9nsRxU-BEFjkT-mm1CpK"
"marie-helene.poore@edu.tbz.ch"|"21t2e4-udmfB&-@Nr7iw"
"elies.blanket@edu.tbz.ch"|"@&OKA$-AeE%pK-&KSJHV"
"yu.boyer@edu.tbz.ch"|"6AKN@N-E@jBT0-tTYUuq"
"celia.welds@edu.tbz.ch"|"1gCrpF-jVwp4C-3GIAgW"
"du.gunney@edu.tbz.ch"|"IGWLM&-LSeHbm-$epZ41"
"goerel.crush@edu.tbz.ch"|"lnyCAL-L#tMxC-VrQU8#"
"marie-josee.brosius@edu.tbz.ch"|"$N#v&Q-CZIIWP-kz%&W9"
"camelia.adds@edu.tbz.ch"|"0uJPii-pH3GHK-CnApjo"
"anae.irwin@edu.tbz.ch"|"6#Z3zN-M0Yym&-kjYuWz"
"cleopatre.skeffington@edu.tbz.ch"|"h$CAfD-Bl&%fE-7225g4"
"gerald.suggate@edu.tbz.ch"|"$u3PR4-Y80$S7-9hjK%1"
"laurene.tailour@edu.tbz.ch"|"yAsxLG-0JBOUp-5lGSBB"
"amelie.hoble@edu.tbz.ch"|"tccVXX-@7TESX-74v9jj"
"venus.getch@edu.tbz.ch"|"Uqige4-ze7sUC-cvUfrg"
"renee.treby@edu.tbz.ch"|"JdrK4S-3np6jQ-Qs2X#v"
"almerinda.stait@edu.tbz.ch"|"bfc6rB-VMkF18-u0mcNJ"
"andree.reddecliffe@edu.tbz.ch"|"4vnFMg-bWtDyW-HYTfnU"
"leone.wintle@edu.tbz.ch"|"07EwP9-H&KT38-7vo%@V"
"gerald.fellow@edu.tbz.ch"|"OM0Uom-TLC@4s-iX1fxg"
"ju.gudger@edu.tbz.ch"|"skzqSK-1lss@9-xrkiu4"
"meng.ohaire@edu.tbz.ch"|"rnH@2o-t9Bu%x-&Dd$ik"
"cleopatre.missington@edu.tbz.ch"|"9KR@MZ-gWsa3K-7B@6n3"
"annotes.debruyn@edu.tbz.ch"|"BMgA$i-2TQ#9C-nNu2E7"
"gerald.sinisbury@edu.tbz.ch"|"#fqLHc-cP76t$-NsnZuc"
"creez.slora@edu.tbz.ch"|"EXOvDE-k&KgX8-9$&EQ9"
"gisele.benbow@edu.tbz.ch"|"8xED9a-#5CGDz-b2YIxV"
"pal.dossit@edu.tbz.ch"|"ozEA$1-xH@kHr-0b0G01"
"nelie.stirrip@edu.tbz.ch"|"E%%#0E-EncJV4-8Gmbab"
"alois.ocrigane@edu.tbz.ch"|"gYD4gb-qzU@nG-0IvgWt"
"kui.mcterry@edu.tbz.ch"|"qHXxTZ-qlGE%A-ga&dQ8"
"long.willgoss@edu.tbz.ch"|"ue47Qe-zWZHGI-v9pLg#"
"francoise.sumpner@edu.tbz.ch"|"Cblr3i-26tC%d-ViHhL4"
"maely.grinstead@edu.tbz.ch"|"ohqOOo-@hHo2@-pBUrHB"
"creez.langeren@edu.tbz.ch"|"7y7Kqi-$0EB7j-XIDC9o"
"adele.dungate@edu.tbz.ch"|"gSbuei-42kfW$-xBjfUu"
"cleopatre.noirel@edu.tbz.ch"|"41wR@f-LFCZNz-04l0U&"
"interessant.daverin@edu.tbz.ch"|"RM4Oyf-Q1%Rjz-EV&xAF"
"naeva.kalderon@edu.tbz.ch"|"37l4pJ-YDmkFa-o72w#1"
"anais.oshesnan@edu.tbz.ch"|"E6kfL8-Fd#x2V-R%tBcB"
"judicael.anelay@edu.tbz.ch"|"IN%&wh-PUFRgf-RrZkel"
"eloise.braxton@edu.tbz.ch"|"@cY5@n-dLdRhV-firPgJ"
"desiree.greguol@edu.tbz.ch"|"B74jXA-0a#ln3-5QTvQq"
"maite.mcclenaghan@edu.tbz.ch"|"BQRpPf-AtLIRu-Cbpfa9"
"meng.doret@edu.tbz.ch"|"0FI6hB-NEHCJF-%bWl8e"
"frederique.chippendale@edu.tbz.ch"|"Rt9@Ya-hB8V5s-UsknQ2"
"andreanne.lanney@edu.tbz.ch"|"NHvf6r-9vlKH9-$5IhTG"
"aurelie.claus@edu.tbz.ch"|"JEOfQ&-xdrb#@-Hs9rx&"
"renee.pabel@edu.tbz.ch"|"8tS6jF-%DTgeK-uFjTne"
"maena.roust@edu.tbz.ch"|"V234r0-MItoGf-mCXFq5"
"nadege.carwithim@edu.tbz.ch"|"s7lyQ3-TMWILc-sCIHAc"
"solene.geyton@edu.tbz.ch"|"oSikXd-XgeesC-Hyq0#C"
"dafnee.avraham@edu.tbz.ch"|"22BOxW-UgGAty-l$xYqE"
"leane.woolvin@edu.tbz.ch"|"jKxhdg-ifOGyL-ec4Vbq"
"adele.macadie@edu.tbz.ch"|"BiuwTO-juwxoS-9AzoKG"
"meline.rubica@edu.tbz.ch"|"WETs8D-NAmJCA-@9jBmC"
"marie-noel.speeding@edu.tbz.ch"|"hT%U7c-KbcE%H-quHNwc"
"nelie.mix@edu.tbz.ch"|"UhzCZH-tP78ZF-SuMTSY"
"clea.ollett@edu.tbz.ch"|"JaG1dS-b7WxT1-zgm%CQ"
"leandre.mcgavin@edu.tbz.ch"|"QoXvvz-nqwTMu-#Bg&gE"
"cecile.behne@edu.tbz.ch"|"QukSol-FGtpKe-NL4qRp"
"melanie.polle@edu.tbz.ch"|"EtDKV4-KYLGWA-52QXyz"
"marie-josee.titmuss@edu.tbz.ch"|"fKDVqU-Lk#vHp-2fLKXR"
"helena.guest@edu.tbz.ch"|"DGILIM-tbvEOD-pa$MfX"
"annotes.chicchetto@edu.tbz.ch"|"GA@hAA-ysQpM@-ptc%Dc"
"melia.tubb@edu.tbz.ch"|"cC0GUu-FVTHp9-JIGdLt"
"angelique.casetti@edu.tbz.ch"|"jKn8Ln-%cEO6B-9Ueb&c"
"cunegonde.cleall@edu.tbz.ch"|"6&UVTF-bCBgqF-HCXcCt"
"camelia.oaker@edu.tbz.ch"|"FjupKl-87Ud7z-MvO2la"
"you.searight@edu.tbz.ch"|"aaMSa&-ZJlRcy-b5S6qr"
"kevina.dederick@edu.tbz.ch"|"T7Ebol-56zb18-UP7rm@"
"milena.jeffrey@edu.tbz.ch"|"St6rLp-V1XlUB-OHp7Yq"
"melodie.barkshire@edu.tbz.ch"|"KD2L&R-QYwKwg-4cZNhO"
"gaelle.kreutzer@edu.tbz.ch"|"J3B1Be-dgPUBw-Rybm98"
"kalliste.kleinpeltz@edu.tbz.ch"|"6lmiL0-GIpRS$-Jtumh3"
"clementine.danat@edu.tbz.ch"|"sU8&0a-8PxZyr-ZG2Cdo"
"andrea.wabb@edu.tbz.ch"|"qAz%zB-5WYgkQ-7rp4vP"
"geraldine.piesold@edu.tbz.ch"|"QUaPFF-uXakeB-5rD1DF"
"tan.fiveash@edu.tbz.ch"|"mUJh@n-7n2i0m-J6O%QV"
"meline.yuranovev@edu.tbz.ch"|"BzB48E-JFQpdi-AgSNeF"
"therese.holme@edu.tbz.ch"|"xO$6as-sPVY1r-cPgq#t"
"salome.vaney@edu.tbz.ch"|"Z71866-4gaef9-ZxC6kE"
"anae.abramson@edu.tbz.ch"|"vzly$m-UPPDQQ-@S3bT1"
"kalliste.jimson@edu.tbz.ch"|"Kk2DOw-L@Tcvp-52#doD"
"selene.yole@edu.tbz.ch"|"mbZhV0-Sx41sn-@MVVvM"
"agnes.defraine@edu.tbz.ch"|"yq2a47-Pbb4fb-rgm@9g"
"faites.mccluin@edu.tbz.ch"|"wEY%KO-AFJIEO-1SbBCe"
"athena.deme@edu.tbz.ch"|"xg9T2S-@9J1Az-hhIcof"
"daphnee.brigstock@edu.tbz.ch"|"4KQgWE-7sBvbl-XdwD70"
"goesta.skaif@edu.tbz.ch"|"SuQN2i-Y#WYpi-ind#t8"
"oceane.jagoe@edu.tbz.ch"|"ddIpLa-u5M7IZ-mT%5o0"
"annotes.broomhall@edu.tbz.ch"|"W85aeB-6InWhZ-ugGGpT"
"marie-eve.ballendine@edu.tbz.ch"|"IstQea-Spw@uK-hrjbHz"
"melina.spykings@edu.tbz.ch"|"BMJtt5-4Iw9ER-vmNR0L"
"laurene.ticehurst@edu.tbz.ch"|"wDO31q-YC9LPc-gKUBPD"
"fei.avramovic@edu.tbz.ch"|"nN&o#U-#AZxaa-bxeDjf"
"publicite.strathearn@edu.tbz.ch"|"A9#MXm-U@hk#$-7#hdiA"
"torbjoern.garrow@edu.tbz.ch"|"jFS&i0-pgB3K8-D8%Lib"
"chloe.rubinsztein@edu.tbz.ch"|"4XK6ID-1h&tcf-n$wM5J"
"mylene.demanche@edu.tbz.ch"|"Dpi7f3-yV1m1t-FTXv@i"
"mediamass.godlonton@edu.tbz.ch"|"&sqDsV-bVQ@uo-lkYD1C"
"renee.shurrocks@edu.tbz.ch"|"OusmlQ-$e20sB-G4NzhT"
"maiwenn.jedras@edu.tbz.ch"|"kkQUmS-%YmGbi-oiIf$2"
"genevieve.castells@edu.tbz.ch"|"eL7wuy-MUBKI%-eKm6qz"
"renee.sneden@edu.tbz.ch"|"C2qo4f-H&WCKO-HNbinm"
"lai.mccallion@edu.tbz.ch"|"&HD&rr-$nQgmW-OBGnLO"
"kevina.impleton@edu.tbz.ch"|"nv6d8m-CABEkH-ZSMxhs"
"oesten.fresson@edu.tbz.ch"|"7tjfRH-3uLtU9-spVDOL"
"verane.shawley@edu.tbz.ch"|"h8aSHh-ANA7iF-YXDXw&"
"uo.sjostrom@edu.tbz.ch"|"CeMYgf-6OHG5I-H@VL&z"
"gisele.gothup@edu.tbz.ch"|"dTI%lA-UtEd0S-Mpd3Cm"
"renee.beauman@edu.tbz.ch"|"#wloRz-yzEhFv-p@ksww"
"elies.loton@edu.tbz.ch"|"eDjT&H-Kyb@zD-k7C15t"
"valerie.elsmore@edu.tbz.ch"|"#ytywe-DQHr5E-mgoEZN"
"berangere.delafeld@edu.tbz.ch"|"Ltlwt9-K3TTWq-@WkxDx"
"bjoern.schimke@edu.tbz.ch"|"QELw6C-7fQ825-ilPp3o"
"loic.ericssen@edu.tbz.ch"|"Kvb6T4-%&RQgL-Wr5dOx"
"creez.richarz@edu.tbz.ch"|"QlkJXo-t#aEiL-1K9e#O"
"athena.grocott@edu.tbz.ch"|"7eJqbR-73BIOg-rHP9S%"
"naelle.piotr@edu.tbz.ch"|"0eZ7nR-%SZc5p-96Ux5M"
"maella.paulson@edu.tbz.ch"|"C0Of#y-8e4600-V5UTdl"
"song.perot@edu.tbz.ch"|"sqhIMG-FNR5Gz-m@H7V7"
"kalliste.heckney@edu.tbz.ch"|"$vqCmJ-41cf$z-UGgwsN"
"ake.vasyutkin@edu.tbz.ch"|"OML$HB-IbasB4-3pHCQ%"
"ma.castles@edu.tbz.ch"|"FuucVa-J0TRVv-YU%uBn"
"maely.monget@edu.tbz.ch"|"pC6Hbj-2iAbKS-BYzNOk"
"tang.durbridge@edu.tbz.ch"|"zPL5GN-mF4DmM-35IFEU"
"laurene.andrew@edu.tbz.ch"|"XldHks-huwSAp-U@0CHb"
"lysea.beacon@edu.tbz.ch"|"Wi6YTW-K31d%j-WqwNMy"
"leandre.peyntue@edu.tbz.ch"|"8S6Ezb-96F1s4-LRjWmZ"
"rao.trever@edu.tbz.ch"|"Jg2d9L-Oa78yk-VYrKBD"
"mahelie.streader@edu.tbz.ch"|"a4CUzr-hkAzqN-4#&VPl"
"maerta.andrejevic@edu.tbz.ch"|"R0res4-DzUD#m-OITiQu"
"goesta.tompkins@edu.tbz.ch"|"e1upRX-pQfC3S-HgJ7K2"
"helena.agates@edu.tbz.ch"|"r92EiC-p#a5kv-B3UG@A"
"therese.glass@edu.tbz.ch"|"94uXnc-s7tsAx-#UzZt5"
"alois.foan@edu.tbz.ch"|"b5ur6b-&oX6Yc-kFjkN0"
"becassine.melchior@edu.tbz.ch"|"AyLnoh-rksPa1-YzI@QC"
"cloe.robart@edu.tbz.ch"|"ucCBzq-8ZD%9H-mpWCGb"
"daniele.puckinghorne@edu.tbz.ch"|"%lgfa5-4$hGjR-4K&z$u"
"selene.cammidge@edu.tbz.ch"|"MoAEV0-$tAYlh-@a%5cc"
"regine.conochie@edu.tbz.ch"|"oFsw0m-YY#F%Z-KBL9Uo"
"interessant.tuiller@edu.tbz.ch"|"7Z$ydl-gxlax$-ndM3@C"
"long.tiebe@edu.tbz.ch"|"ybXokk-StFXK2-mcW7Y#"
"mans.yele@edu.tbz.ch"|"nlBvIh-4briE2-S3D94h"
"ai.giles@edu.tbz.ch"|"mUEWGo-YVxXx8-Md4UV&"
"gaetane.hamberston@edu.tbz.ch"|"OAK5EL-IQgOqE-72P7e%"
"marylene.fenix@edu.tbz.ch"|"6bfX%x-kZFoO8-iZE@Y4"
"geraldine.graeme@edu.tbz.ch"|"WmrTci-n8IFY2-pA0CBO"
"tang.kinglake@edu.tbz.ch"|"1Pd3&8-iarIvj-YS32tj"
"lai.challoner@edu.tbz.ch"|"zYml$f-Ngl#v7-%3SvSN"
"desiree.mattei@edu.tbz.ch"|"f6w69@-CL#EPP-A49dk@"
"ake.erley@edu.tbz.ch"|"2yZRa&-n2ubrL-Vz#R5j"
"edmee.cavil@edu.tbz.ch"|"q15jZO-&cdhus-PzSahI"
"alois.moyes@edu.tbz.ch"|"VCHoAJ-y8e@7l-e8h%7N"
"becassine.pitman@edu.tbz.ch"|"3XQ@r0-nK8wPI-SMJR$0"
"ai.giacovelli@edu.tbz.ch"|"4O79ON-Ob8phm-B50WmA"
"judicael.fruchter@edu.tbz.ch"|"c0nBY4-7AlwNR-eIlf#K"
"mans.mogg@edu.tbz.ch"|"XfG9$e-ape5FA-HBleCf"
"gerald.foyle@edu.tbz.ch"|"$pwipE-erGdhM-Ma&30P"
"wa.androletti@edu.tbz.ch"|"QEIYp0-XfgBGG-W9NRtU"
"meng.ollett@edu.tbz.ch"|"GsU1Y2-qdLoGw-OC1@N8"
"naelle.macmenamy@edu.tbz.ch"|"Op&vkN-29Y6gn-kCoFTA"
"gisele.mcramsey@edu.tbz.ch"|"zgnLQ1-XYLbJr-T&JUXn"
"meryl.scolts@edu.tbz.ch"|"qpc9dZ-tcj@RI-N%ldEU"
"celia.bloxsome@edu.tbz.ch"|"Ph%asK-uVjqDG-yP9Zb$"
"styrbjoern.stuke@edu.tbz.ch"|"RdflWe-xoGDan-1n7%9K"
"felicie.gwilliam@edu.tbz.ch"|"HYwSOe-kxn4uT-m#oicf"
"da.harms@edu.tbz.ch"|"Q1GXkd-Pma3&$-STWKkr"
"celestine.baulk@edu.tbz.ch"|"ZURrzA-iSEyaT-&NVDaD"
"mahelie.blackledge@edu.tbz.ch"|"apf57Q-vnuOck-wlIlaf"
"meghane.salt@edu.tbz.ch"|"dG8Lk8-toGv5s-N%g5xI"
"methode.paxeford@edu.tbz.ch"|"%C6g98-mBMWJx-Z8ZTq%"
"asloeg.milligan@edu.tbz.ch"|"HUS&O@-vuS6Fb-J3umXP"
"you.pellman@edu.tbz.ch"|"2gTR9@-2gUWE4-dszO@k"
"loic.regenhardt@edu.tbz.ch"|"max5AH-qk4UbB-o7vfjn"
"daniele.savill@edu.tbz.ch"|"hOeJwt-H&V&jt-M2cexl"
"alois.cornu@edu.tbz.ch"|"3#zZ8S-wAVnll-Rfe2D0"
"oesten.govey@edu.tbz.ch"|"%f3hzL-gsWD0Z-iGycG9"
"marie-eve.louch@edu.tbz.ch"|"ru5o&X-pB4x0B-$Uvt6a"
"theresa.wenn@edu.tbz.ch"|"ChkOL6-6T0#hB-&0NYIl"
"andree.eul@edu.tbz.ch"|"HFwA0B-k7yHkz-AA9WBu"
"lie.paynton@edu.tbz.ch"|"7$vT49-OqyGiC-G#jFhl"
"marie-eve.girodier@edu.tbz.ch"|"h$8AtO-s@V3Ph-Qygq5X"
"marie-noel.smithe@edu.tbz.ch"|"#tEezy-fIrg$7-A2bCPq"
"men.bootyman@edu.tbz.ch"|"D4dczQ-QKfWHG-&kcq7W"
"ku.sugg@edu.tbz.ch"|"AkIlQV-&@gRcs-rngwVS"
"lucrece.roseman@edu.tbz.ch"|"v&2w9A-fPQoJh-uOrQJF"
"zoe.annear@edu.tbz.ch"|"k7R@D%-ZECc8@-HtFRAI"
"marie-helene.rennebach@edu.tbz.ch"|"jMeDRr-VM4t5S-hZuLbp"
"lea.djurdjevic@edu.tbz.ch"|"mNc6#D-7HKdyC-pZQwUI"
"goerel.robert@edu.tbz.ch"|"Snxqqc-a&Ge32-B%PITk"
"mylene.foldes@edu.tbz.ch"|"WotM&d-$g9%dN-2pHr&5"
"faites.clegg@edu.tbz.ch"|"5CW8S0-OsR32i-fd%ekb"
"marylene.crowcher@edu.tbz.ch"|"qgJNQC-Zp&5XC-JAUJ9H"
"aimee.wimpeney@edu.tbz.ch"|"liFZcw-f&R8EQ-dM$VgT"
"renee.atkins@edu.tbz.ch"|"3AzilJ-3rJRzM-xQltuB"
"rejane.cainey@edu.tbz.ch"|"cTwHfX-Jt34Jq-&jpKAk"
"solene.britney@edu.tbz.ch"|"bgkWu9-B&M&Ft-O0PwFz"
"marten.shatliffe@edu.tbz.ch"|"r87ZWN-Lk2dSf-$dkvd1"
"maite.issatt@edu.tbz.ch"|"qCearu-W@TYXu-1jF5ZD"
"maelyss.edon@edu.tbz.ch"|"58&X%O-Ro3#C5-KptFdX"
"nuo.bamling@edu.tbz.ch"|"cJCp9z-CC&BNb-JzlNx@"
"anais.edards@edu.tbz.ch"|"7WVqSv-CYmDne-U88kuQ"
"mediamass.bromet@edu.tbz.ch"|"K0j%bN-g3vXmI-9FAR&r"
"beatrice.kimbrey@edu.tbz.ch"|"tr1u7w-i4wQQI-8OOxiW"
"ines.lawranson@edu.tbz.ch"|"IcLtIp-p&L90a-QCEkD2"
"kalliste.scandroot@edu.tbz.ch"|"bWh84@-pp8$6R-3z995I"
"mans.barrowcliffe@edu.tbz.ch"|"BttDFs-h%xSm3-gGU4Ho"
"irene.couves@edu.tbz.ch"|"QuZfw$-8RLHos-LpJPmk"
"milena.mucci@edu.tbz.ch"|"j&WNtN-jRXBp9-4&US45"
"naeva.cow@edu.tbz.ch"|"51U9uL-4AW7Ru-1rWZ@#"
"audreanne.mournian@edu.tbz.ch"|"JFfBjz-RlAsAu-8oqI8s"
"melia.sinnatt@edu.tbz.ch"|"K2fMvp-qeFva%-16Tg&7"
"nelie.burnard@edu.tbz.ch"|"qd1tL@-N##QcI-f6t5un"
"clelia.ashfull@edu.tbz.ch"|"P41p&f-2Kukpp-vqX5cW"
"lie.macard@edu.tbz.ch"|"RJiohS-3dky1x-7B%aol"
"valerie.matoshin@edu.tbz.ch"|"9ovW$A-QmNzmg-GEJVOm"
"anael.hatherleigh@edu.tbz.ch"|"&SoWAl-YfBQNz-I&KUd1"
"interessant.warratt@edu.tbz.ch"|"6LjDyM-VLfZRw-86D47e"
"eleonore.volage@edu.tbz.ch"|"f@BH7r-q9q6@9-fbS8n9"
"zoe.stebbing@edu.tbz.ch"|"jV7$WO-T9X%Gi-aDIAC&"
"alizee.nye@edu.tbz.ch"|"n4jZ1R-6JCjn0-mL%7GV"
"celestine.bramley@edu.tbz.ch"|"lgPMGv-2YFpE#-C4I21Y"
"selene.philcott@edu.tbz.ch"|"hw7@Cv-euYIo2-znU5ql"
"tang.newens@edu.tbz.ch"|"TiVo5h-6JsZFK-2Rew2&"
"annotes.powys@edu.tbz.ch"|"Hvlr8N-O&0tOS-rD76Jc"
"lea.matthesius@edu.tbz.ch"|"XUz41I-ZC9W7m-pbebVH"
"illustree.garlett@edu.tbz.ch"|"ibCKSc-a4q4My-b#h#QZ"
"maiwenn.meachem@edu.tbz.ch"|"&rGf8I-BeEMET-&X2IUe"
"marie-francoise.mcbrady@edu.tbz.ch"|"n$GECZ-G%YyMf-wK@2Ut"
"illustree.gimbart@edu.tbz.ch"|"6KR4dy-F@5WN3-i2kgZQ"
"melys.lyosik@edu.tbz.ch"|"RKNjOO-CHMm2f-onct@R"
"marylene.mcnab@edu.tbz.ch"|"XeEbFN-p6VAva-EEu7pW"
"gerald.blount@edu.tbz.ch"|"0ZS1U2-YtSZ#x-7JBccY"
"clelia.shakelade@edu.tbz.ch"|"8&iBbB-nM2$bO-5sKKc&"
"penelope.cridlin@edu.tbz.ch"|"8rXGL&-OIZf#k-4pt$lI"
"maena.okuddyhy@edu.tbz.ch"|"FicbBz-y1x@6C-pjz@CR"
"athena.keynd@edu.tbz.ch"|"EzOCuk-IBXjp@-IdnY$S"
"cloe.dwine@edu.tbz.ch"|"PIsVjP-aVoe6S-K6@pGb"
"josephine.browett@edu.tbz.ch"|"6lrUl3-JTZEa1-#&&zBE"
"audreanne.oscanlon@edu.tbz.ch"|"BGX50t-$Y35dg-tPldF6"
"fei.jeanequin@edu.tbz.ch"|"C1mrZB-jCuqb7-atBmkJ"
"lois.gormally@edu.tbz.ch"|"Kp8U%H-ntgNYu-GC4WUf"
"marie-francoise.finnigan@edu.tbz.ch"|"I#KNhh-q$kTIV-I3a1Qb"
"leonore.trussman@edu.tbz.ch"|"b6rjHL-GGvi6V-1W1Ax6"
"anaelle.trumper@edu.tbz.ch"|"$2Q86L-ke8cUK-RTHbjK"
"clemence.dionis@edu.tbz.ch"|"VwAIKc-o#T&Jp-J5HWmN"
"lois.tranmer@edu.tbz.ch"|"C8MOW1-rGFjT7-h&cn%N"
"interessant.volett@edu.tbz.ch"|"h%s$h2-tCN4LD-nqV3FF"
"personnalisee.deackes@edu.tbz.ch"|"Urpob#-5fkDf2-v@2X#x"
"lie.vasiliu@edu.tbz.ch"|"wtNzOI-Vv4WLo-15wsh5"
"dafnee.lamputt@edu.tbz.ch"|"jMIyUW-qd6%fn-E%wyCw"
"elies.bromige@edu.tbz.ch"|"xBENan-@8gTJb-loyH0C"
"helena.klosser@edu.tbz.ch"|"0ftyRq-p@s%O6-ybLzfU"
"andree.grim@edu.tbz.ch"|"AexPcD-4Y3beP-RIs6b#"
"verane.coldbath@edu.tbz.ch"|"%X5m1x-iVkEMH-TWHmgj"
"helena.bethell@edu.tbz.ch"|"N&1hlh-9nvK%U-V#$0lP"
"kalliste.carefull@edu.tbz.ch"|"Mvt&F$-WNrzYH-RXhfdM"
"regine.odams@edu.tbz.ch"|"XOnbk9-P6pavx-bQ4XRn"
"len.stannus@edu.tbz.ch"|"6d7iKO-6QUKLR-2kiK6O"
"angelique.works@edu.tbz.ch"|"YjnNFi-#$IAuA-H4n%@k"
"goesta.rheaume@edu.tbz.ch"|"aJOlIT-xYVvXg-mnUoCU"
"maelys.tynnan@edu.tbz.ch"|"nRbJeR-pXX%cX-US8l$P"
"maelle.carlesi@edu.tbz.ch"|"MjhL9k-F3I8j#-qbFyX3"
"anael.spurden@edu.tbz.ch"|"%y%tsN-5oZCFQ-0Y0pi6"
"helene.pumfrett@edu.tbz.ch"|"7Wond#-5J0GBZ-Uxern%"
"goerel.pearn@edu.tbz.ch"|"4PgCWF-ogaFk2-03e%Wo"
"laurelie.dezamora@edu.tbz.ch"|"2%$H54-%bri79-2GJYbQ"
"yao.twidale@edu.tbz.ch"|"I&N39t-J72DZW-e16MLq"
"berengere.sola@edu.tbz.ch"|"#ngWTA-YqG4dS-heEn0i"
"maelann.hardistry@edu.tbz.ch"|"O7HOO&-lwwIPS-IhxSdi"
"severine.littlefield@edu.tbz.ch"|"PhwEo$-e4r2wi-Z3gv&Z"
"salome.heinl@edu.tbz.ch"|"Zs1siT-0pY8zc-JSyM%2"
"meryl.warbey@edu.tbz.ch"|"uf6Mgc-E6FdrI-x0XVp8"
"da.hunstone@edu.tbz.ch"|"#7&SXN-k#WeBr-MA7GKs"
"venus.broadbury@edu.tbz.ch"|"4%GHh7-EhkuB1-@kosv3"
"meghane.rentelll@edu.tbz.ch"|"cqC#I0-z0QIVl-SQ57%S"
"marylene.drewitt@edu.tbz.ch"|"9pN1T6-NPmOKc-337@Km"
"melinda.jacquemet@edu.tbz.ch"|"m4@LHD-REbffb-oKIAt8"
"marie-josee.keyden@edu.tbz.ch"|"3b6KEa-kcTMw@-9fhw3y"
"asloeg.montacute@edu.tbz.ch"|"DN&xQr-lC#nsb-z%AxHp"
"ku.andreou@edu.tbz.ch"|"O4ij7o-QGfbS6-l0GPas"
"personnalisee.feaveer@edu.tbz.ch"|"Q6Szyw-fV33&8-PYx4X%"
"laila.emptage@edu.tbz.ch"|"N62uQ%-dKUNH8-C@Y63d"
"bjoern.dawdry@edu.tbz.ch"|"xuJcjs-2%nMez-t#13CR"
"marie-eve.dinsell@edu.tbz.ch"|"p3sFtn-dzAgrH-YZKFyI"
"helene.follett@edu.tbz.ch"|"kCsaL1-yt1cgK-DNqMXY"
"penelope.cordero@edu.tbz.ch"|"Kc$I&M-DPSvW2-Vl$FLo"
"boerje.beedell@edu.tbz.ch"|"dIBxHj-1ui906-oq9Pku"
"nelie.ferne@edu.tbz.ch"|"2lW8dD-%Y2nb$-8UNg$Y"
"celine.ahmed@edu.tbz.ch"|"PkZNsN-HGOzHl-%HCODN"
"stevina.pimblett@edu.tbz.ch"|"@$k9ea-rctzvR-5uF5Fm"
"chloe.langlands@edu.tbz.ch"|"Pr@Bv5-7NsMD%-TpNiOm"
"simplifies.maude@edu.tbz.ch"|"sH#gK4-thUCSL-lV8WIa"
"genevieve.decarteret@edu.tbz.ch"|"zHYWOr-UV3Gdy-QoqaWY"
"marylene.mughal@edu.tbz.ch"|"6$RVO3-InZpqy-bCM63g"
"goeran.guttridge@edu.tbz.ch"|"MYKegT-9vNCW&-LUZB4w"
"michele.smurfitt@edu.tbz.ch"|"b@amaP-dDHNs9-SYKnQD"
"methode.hadeke@edu.tbz.ch"|"NiyJnp-dpdcTk-NRZN01"
"therese.rispine@edu.tbz.ch"|"KdaQv7-t2yO%H-vWV57m"
"goerel.plumley@edu.tbz.ch"|"X#9B0A-i8Qa7&-YIx#ls"
"oceane.friett@edu.tbz.ch"|"$MdFqO-ucgqka-sokqpH"
"marie-noel.achromov@edu.tbz.ch"|"quSN4T-i%a&Sa-iV@U&m"
"dorothee.storek@edu.tbz.ch"|"r01wgm-Ee#A2o-JVCc$H"
"goesta.whittle@edu.tbz.ch"|"KpVCVW-l4qzWl-lNhtAz"
"desiree.casely@edu.tbz.ch"|"qGfWwu-MrXLZG-B18xMr"
"felicie.condon@edu.tbz.ch"|"eh&E3I-zT&TO%-tM8Y3N"
"maelyss.frisdick@edu.tbz.ch"|"6M8uGz-xiZ6bX-BHNKyG"
"aimee.banke@edu.tbz.ch"|"Gen6pi-IKUdhS-oPoPLJ"
"naeva.hodcroft@edu.tbz.ch"|"h6BM%c-FfywPV-ycX%0%"
"laila.gerrans@edu.tbz.ch"|"B$uecg-6wPopm-2oGPmm"
"daniele.scrimshire@edu.tbz.ch"|"mQyo5j-eUyqos-KFFX0m"
"daphnee.sheerin@edu.tbz.ch"|"7zc0au-L#j7Ud-afNP0u"
"pal.vanyukov@edu.tbz.ch"|"p#UR48-TOEtUH-NS7oTv"
"zoe.childs@edu.tbz.ch"|"EUfuaT-YKKiZk-%X3jhg"
"ai.corde@edu.tbz.ch"|"8a1oGx-SLDezz-L4TbfQ"
"maelys.berryann@edu.tbz.ch"|"h1tubK-Sz@vsL-wghMxL"
"cloe.gladding@edu.tbz.ch"|"BZHKlc-E0kuCQ-FRTg5%"
"wa.kinnaird@edu.tbz.ch"|"npcrMK-EOOM&P-FS6nXO"
"publicite.brittoner@edu.tbz.ch"|"w67N7a-VnC&CS-59PhHD"
"rao.windress@edu.tbz.ch"|"Q4EZbv-yCyMCe-QdmJ#C"
"uo.kollach@edu.tbz.ch"|"9#Q6nQ-d5okww-VEdu6U"
"josee.peskett@edu.tbz.ch"|"8vgVFA-8ZaSsA-UuSMJ0"
"annotee.hasel@edu.tbz.ch"|"BfJga5-3oy&9T-AVogW5"
"cinema.lee@edu.tbz.ch"|"JHgr&y-a0oCV3-PzW2j#"
"lai.vedeshkin@edu.tbz.ch"|"EJ%zvo-2pKdol-It%YxD"
"renee.brisbane@edu.tbz.ch"|"Oo9zYB-WSGqq0-CStGEn"
"ophelie.blincoe@edu.tbz.ch"|"n3U68B-1In2gY-LEpVN4"
"zhi.prazor@edu.tbz.ch"|"dxDWEu-ysKXCB-D8@813"
"annotee.maddicks@edu.tbz.ch"|"vVeXgN-68IzhD-AC3ZGi"
"maelyss.codd@edu.tbz.ch"|"1HE#94-gN$J4g-COlV7j"
"celia.peplay@edu.tbz.ch"|"kWMKBV-i9Pqo5-EyrNNm"
"interessant.skone@edu.tbz.ch"|"agMhOG-Y%3Q&s-BLZR32"
"audreanne.hebdon@edu.tbz.ch"|"JbNcJp-u0K5v4-1zndvv"
"oceane.glen@edu.tbz.ch"|"ZJGBrq-8cR79q-Anq77t"
"daniele.vanyushkin@edu.tbz.ch"|"$mVlFW-wq1JCC-nsM7Cn"
"daphnee.ayce@edu.tbz.ch"|"YVdA3f-wLxv4f-E5MGWu"
"andrea.attride@edu.tbz.ch"|"H4tcyX-53nljp-eiCUjW"
"penelope.bridgwood@edu.tbz.ch"|"hNe6hk-BVj7Lk-R15FMi"
"mailis.drewitt@edu.tbz.ch"|"p2OeWh-M9m%Vl-lHABQD"
"penelope.mollene@edu.tbz.ch"|"QkvQBy-HX5q3d-KQprtd"
"illustree.keely@edu.tbz.ch"|"e%mAk6-jv6lzq-qm4pUs"
"meng.brisseau@edu.tbz.ch"|"$U9&Bf-4XZ3fz-qyK$GR"
"ruo.cleiment@edu.tbz.ch"|"q9QRFq-4oLFh8-58vU46"
"maite.krammer@edu.tbz.ch"|"Wv4#NV-dK0Fwi-1lWFRU"
"genevieve.verry@edu.tbz.ch"|"Z56r2H-VQc51i-p#iocV"
"lea.olochan@edu.tbz.ch"|"IBYgO5-k%qyOd-riqYjC"
"naelle.brunnen@edu.tbz.ch"|"WfKe5t-MrbVIo-LMb5&z"
"goesta.bragginton@edu.tbz.ch"|"x8nPxf-6ZqzUP-26UV0i"
"fei.danilyuk@edu.tbz.ch"|"sMzNPE-wOPfxV-8eiJFQ"
"adelie.turbitt@edu.tbz.ch"|"xSkQFh-@OO&u2-vO$FNt"
"marylene.nutman@edu.tbz.ch"|"kkiv14-acGN%w-CqgfXv"
"therese.barbrick@edu.tbz.ch"|"xjnaED-$7kT2L-u%ERaX"
"melys.kolodziej@edu.tbz.ch"|"0vlcGk-bkpYNH-vfqiub"
"melanie.runchman@edu.tbz.ch"|"pry2Or-$uX@J#-G0LpuA"
"serena.lafond@edu.tbz.ch"|"6pJFbZ-nR#Ay%-W5daGN"
"pelagie.desmond@edu.tbz.ch"|"j@v4D%-&VtoRo-eZMkeX"
"wa.spickett@edu.tbz.ch"|"e$UkKg-hEZYY7-vStFT1"
"po.shave@edu.tbz.ch"|"QjyE94-pvphtC-jZK&x3"
"song.huikerby@edu.tbz.ch"|"mRD9iM-h9&9H6-Y9J7Rv"
"melinda.bimson@edu.tbz.ch"|"p$4hYF-@yklEb-js3XZi"
"personnalisee.toffanelli@edu.tbz.ch"|"xzLcQd-uWXWfA-JGISNy"
"leandre.hurn@edu.tbz.ch"|"X0RrSQ-jfQQjk-$$lgj2"
"oesten.standell@edu.tbz.ch"|"D8SlxY-ScV4b9-ZQ7B56"
"naelle.smaleman@edu.tbz.ch"|"gY6fV%-kvG4#Q-7w@Sp1"
"berenice.tayt@edu.tbz.ch"|"W#cYSp-s4M9je-m4ER%k"
"kui.popplewell@edu.tbz.ch"|"kDhg$U-BMZ&%c-yh@Z12"
"melodie.ferandez@edu.tbz.ch"|"cI&#P&-79Onof-YjGzj@"
"josee.negal@edu.tbz.ch"|"4mlOz$-sWqgGe-w&nKi0"
"melissandre.ferrelli@edu.tbz.ch"|"X&IAFU-V6SF2j-0euUJ2"
"josephine.kemmer@edu.tbz.ch"|"Exm9zH-baXjB#-CR66RJ"
"maely.cayette@edu.tbz.ch"|"oyH$Jt-LR@g5E-t4qq6f"
"nelie.vela@edu.tbz.ch"|"C7MyDY-zG6kg5-zUEAuv"
"melina.cortes@edu.tbz.ch"|"3ymwsE-YJYq1y-1Xznx9"
"megane.leyshon@edu.tbz.ch"|"XS8vs%-em&eRd-yPsmuz"
"regine.harrie@edu.tbz.ch"|"xwC8bO-pF$qai-YnDyMh"
"mylene.widdison@edu.tbz.ch"|"xYTNfT-rbJW&b-ZaxYjJ"
"pelagie.vivash@edu.tbz.ch"|"U46GVP-L7qy0B-3#9c2%"
"styrbjoern.vicarey@edu.tbz.ch"|"i107yn-Uy#FpK-@UjI1@"
"long.kyles@edu.tbz.ch"|"rU5qv@-ddy7Dk-eEti1C"
"stephanie.gipps@edu.tbz.ch"|"oObvjY-4cvsfN-WdnkmI"
"clea.constantine@edu.tbz.ch"|"BxyVF6-soIK4f-K6@0PI"
"maella.cometto@edu.tbz.ch"|"we5vAo-U8IzQh-aEVTWv"
"laila.aubrun@edu.tbz.ch"|"4Ncb@1-0L39nu-1H9WGa"
"yao.austins@edu.tbz.ch"|"wJ%yQH-PqXQ0W-83nrea"
"mailys.rylstone@edu.tbz.ch"|"6TE&hN-L3vW7l-P$3rAW"
"adelie.curuclis@edu.tbz.ch"|"QcnIvn-cDGSdx-tqWny7"
"celine.longhurst@edu.tbz.ch"|"qC7If9-5RRI4&-JiXJKu"
"gisele.hazell@edu.tbz.ch"|"B7Jehp-kJJBML-b$YulW"
"celestine.ciccone@edu.tbz.ch"|"cI#MUM-0F$pnj-2wActv"
"maelyss.doole@edu.tbz.ch"|"WvdtaV-ScBTFP-6gY0Ev"
"helene.grimsdike@edu.tbz.ch"|"e%um3h-ouV5B4-evErGg"
"lie.macer@edu.tbz.ch"|"xCsHEI-WJ$qIu-xA@Gc4"
"maely.izard@edu.tbz.ch"|"spD2lU-0U3Z#k-Gg34$m"
"erwei.breewood@edu.tbz.ch"|"1TMjrf-8MpOde-1WOEmk"
"chloe.woolford@edu.tbz.ch"|"fH1#Ld-EiJmBw-yDGN7z"
"cleopatre.turpin@edu.tbz.ch"|"mjQiHU-d$W2Av-0zVNzP"
"melodie.surgison@edu.tbz.ch"|"Plf#w@-mZfDEn-bWa$FJ"
"elies.leander@edu.tbz.ch"|"L5PkhG-2sqgqn-08os86"
"mediamass.reignould@edu.tbz.ch"|"WVOj4c-AaqK%6-rxuI&h"
"celestine.wasmuth@edu.tbz.ch"|"QkO7W0-ly%Ggs-vuW4My"
"marten.jervis@edu.tbz.ch"|"phJq$r-esbEc#-ga8UB@"
"daphnee.bour@edu.tbz.ch"|"HHyjk9-tP%#oG-&ERUG5"
"regine.harlett@edu.tbz.ch"|"7zy77b-aHZRk9-DfxL7&"
"noemie.macaskie@edu.tbz.ch"|"hXYiQ0-AOzORT-g2Vi6Q"
"loic.renfield@edu.tbz.ch"|"ndRE3U-qoJQ54-KGXrnl"
"venus.kleinert@edu.tbz.ch"|"Vbw&8u-dRJccW-5wkdJ%"
"marten.burlay@edu.tbz.ch"|"pW@pXw-S00FKn-xN2y$m"
"berengere.radsdale@edu.tbz.ch"|"hNniqs-h$4I1a-uvOEex"
"genevieve.duckit@edu.tbz.ch"|"NBB6o0-bMl0lI-U10FUo"
"maely.ligerton@edu.tbz.ch"|"KG#igT-vMI8y1-6xTaOx"
"maeline.ricciardelli@edu.tbz.ch"|"WdwCvU-t0XdCP-pea0Sa"
"personnalisee.yggo@edu.tbz.ch"|"IRel0o-i8aFNa-CyXKCI"
"alizee.pettinger@edu.tbz.ch"|"p6EEhf-goDrkF-N6tCg#"
"desiree.curnnokk@edu.tbz.ch"|"9M@FHY-5VW&6e-s91I@A"
"dorothee.minors@edu.tbz.ch"|"4DBvG4-nL&nfx-HNmDUK"
"oceanne.kopmann@edu.tbz.ch"|"YwYTQ%-ApkxTU-XW@dhm"
"almerinda.brodbin@edu.tbz.ch"|"2sltLv-BUeTJ3-ttetPs"
"yenora.carsberg@edu.tbz.ch"|"WZRa%%-&izfY3-5ky#p8"
"wa.beetles@edu.tbz.ch"|"Z@DxQv-T%Re81-H&leN4"
"audreanne.abbot@edu.tbz.ch"|"ZAZ8iI-HHQ@1X-snYYq0"
"noemie.capper@edu.tbz.ch"|"3n8X6d-6bprHG-gAfNTe"
"mans.abramamov@edu.tbz.ch"|"@M7IiX-f2e2BG-%Kltps"
"audreanne.blakey@edu.tbz.ch"|"ps7pbb-mZZRkM-k#jljN"
"leone.klimpke@edu.tbz.ch"|"Op$U3E-I#iW@X-S3@8nb"
"lie.croston@edu.tbz.ch"|"c5EKTl-%XRjrh-sTTVJr"
"anaelle.baistow@edu.tbz.ch"|"x3ST%b-p2YYqO-Rbzv&H"
"michele.garwood@edu.tbz.ch"|"BIH2wh-k$qOLl-DB3Y$u"
"interessant.albion@edu.tbz.ch"|"42n7#8-dmwKKS-WWBMgP"
"andre.brisco@edu.tbz.ch"|"j6&C$y-lckEcN-mVeEcS"
"tang.totterdill@edu.tbz.ch"|"XkUvH@-v4Y$Mn-jn#yO@"
"marie-josee.braundt@edu.tbz.ch"|"cHi@cw-Jqn$Sf-3OWg%g"
"lois.galer@edu.tbz.ch"|"mMz0x&-zuRssp-7VRNmX"
"faites.pellamonuten@edu.tbz.ch"|"nPC1hd-&JOfB@-IvH8#1"
"mai.barfford@edu.tbz.ch"|"S%dGKR-F3H6hB-YOJ32S"
"laurene.macilory@edu.tbz.ch"|"SnYK8Z-vjYo7a-ZIO0Ga"
"elea.peak@edu.tbz.ch"|"eW9lB3-7&hNEQ-&HAUjp"
"rejane.doni@edu.tbz.ch"|"memIJe-$Rsjam-b4hnI6"
"mahelie.ector@edu.tbz.ch"|"X6U9&1-fJ$0i@-28oW72"
"rachele.allum@edu.tbz.ch"|"MhTQTp-ocagvL-8w2ohW"
"laila.gerretsen@edu.tbz.ch"|"yYiwS$-c1J@&c-NpRMJq"
"ines.bowman@edu.tbz.ch"|"egk1tq-s$KHkF-IU4pt0"
"publicite.barbary@edu.tbz.ch"|"rlN&t7-&oxQ$K-OwVd9Q"
"mailys.smooth@edu.tbz.ch"|"iZ1x68-uu@#7I-9W7tl3"
"mailis.huguenet@edu.tbz.ch"|"Z$5nku-hnFc39-wvMKLO"
"lea.ewer@edu.tbz.ch"|"4e6EVl-wFqrI5-3yZxKN"
