"email"|"password"
"melodie.vandervlies@edu.tbz.ch"|"ZvKIbe-&6MHlg-s04kK@"
"angele.edgecumbe@edu.tbz.ch"|"JbUw%6-TQ0flU-nyy4TT"
"zhi.andreasson@edu.tbz.ch"|"dnBNE6-%BIAb2-y1UueW"
"judicael.koppeck@edu.tbz.ch"|"bU78Fs-z2w0wg-C@hK&6"
"berengere.capron@edu.tbz.ch"|"O8wku3-w96DLu-9#Z7TP"
"leonie.brosini@edu.tbz.ch"|"npINa2-hMVMa4-%mLw60"
"venus.garfit@edu.tbz.ch"|"&ATYku-upI$VU-1&sUPY"
"melina.janota@edu.tbz.ch"|"lGZ#yG-Jc6@Jj-6##Rlf"
"laurene.bake@edu.tbz.ch"|"P$$r4t-5p$bYp-2#c6uI"
"regine.dorkins@edu.tbz.ch"|"hHRIxN-GMOVBK-EZ%okm"
"cecile.moffet@edu.tbz.ch"|"NVjYJd-et4e0r-nhqddu"
"maelann.labrone@edu.tbz.ch"|"&CI&0U-enV$dp-$swHCa"
"melinda.newbold@edu.tbz.ch"|"2LYhE5-#ws60c-lUqkH@"
"mans.itzhak@edu.tbz.ch"|"QFtmRf-oKb0w%-cGHWHY"
"melodie.pattlel@edu.tbz.ch"|"pBJALQ-87oh$&-CZzX28"
"celine.bonett@edu.tbz.ch"|"ZtF$Q0-8QKxJK-LcAk@B"
"adelie.mcgreal@edu.tbz.ch"|"g@2Zez-D1JX78-2Qv4%m"
"helene.soldan@edu.tbz.ch"|"cVHQXE-ZKvf$a-jWhdKK"
"michele.cluer@edu.tbz.ch"|"BP0aiE-%0uYH9-01JDAD"
"maeline.mueller@edu.tbz.ch"|"7zJqEe-iWZeE$-aef1UU"
"maelann.benedito@edu.tbz.ch"|"#tBEPA-BfKit1-7Cd#0l"
"nuo.gransden@edu.tbz.ch"|"0RNAz5-Dl2KgX-ouUUxA"
"berengere.stainton@edu.tbz.ch"|"QgDUPe-MYTVE9-NZWRAC"
"wa.sabater@edu.tbz.ch"|"x6U&Y0-#fqJZ5-gM%D3u"
"anais.cochran@edu.tbz.ch"|"&O6Cc2-S$se2n-ZPAGB$"
"gerald.bessant@edu.tbz.ch"|"gs2qEV-&$H6R7-rBSwJX"
"ruo.coffin@edu.tbz.ch"|"alty8P-TBBX2p-gP8sxJ"
"melodie.mustill@edu.tbz.ch"|"gedpSL-Bfmfap-xEDo$m"
"ruo.stanesby@edu.tbz.ch"|"mFekQg-oTvqY#-zRgozd"
"noemie.antognelli@edu.tbz.ch"|"$r9Bau-haTmN8-anqO%x"
"maelann.hughson@edu.tbz.ch"|"kS@eli-I0PQZ5-QOLUaP"
"milena.mieville@edu.tbz.ch"|"j7r9kY-kUfTNr-8k1NFG"
"mailys.chamberlin@edu.tbz.ch"|"retzxl-kcnTOC-Fppv$L"
"nadege.tomalin@edu.tbz.ch"|"hDnvfr-NV1PhG-R$6FF3"
"oceane.omara@edu.tbz.ch"|"NSOGO3-dDkASC-ix$fB9"
"cecile.aguirrezabala@edu.tbz.ch"|"PVZtyh-MhpBAn-l$SxBL"
"maella.gwillim@edu.tbz.ch"|"j$@c7n-y7kO4m-jG1Rft"
"lea.mcgahey@edu.tbz.ch"|"u&WoeD-c47w#A-X4giGO"
"laurene.hagerty@edu.tbz.ch"|"r1nIOs-a51Wt2-L2ZlR1"
"dorothee.link@edu.tbz.ch"|"KQGCH5-UXYIWU-D$k5Hi"
"clementine.kynsey@edu.tbz.ch"|"VHB@La-cXYMuV-d#TODm"
"lorene.smitherman@edu.tbz.ch"|"3%0#st-zQeS$#-J5xGnP"
"cleopatre.klulicek@edu.tbz.ch"|"Ea88mZ-hQ902J-dy2nmE"
"laurene.castaneda@edu.tbz.ch"|"pMCkd@-fIP2xM-KWTU9i"
"melia.constant@edu.tbz.ch"|"0HWc1l-YB6jVh-x$ucN#"
"lucrece.clunie@edu.tbz.ch"|"a2OVO$-1349Tb-dXK#6K"
"eleonore.mcmurthy@edu.tbz.ch"|"%$qpvQ-FFqFbG-tMZTfn"
"melia.bevar@edu.tbz.ch"|"Ic8CRA-Hjp1Yb-ImFLL2"
"camelia.bontine@edu.tbz.ch"|"o00W7V-uS5AZw-bb77qO"
"methode.jozefczak@edu.tbz.ch"|"DI5TWz-#YBcZO-KeQSvu"
"audreanne.hinsche@edu.tbz.ch"|"317u5m-oCwhsM-g4XL3K"
"andree.varne@edu.tbz.ch"|"D1K&7n-46PCg@-EU@2Cg"
"marten.kinleyside@edu.tbz.ch"|"Pql1Xw-tAkMS7-48Hs@2"
"esteve.mcewan@edu.tbz.ch"|"CBY4TT-Ra4eh#-pYiv#7"
"leane.dibbert@edu.tbz.ch"|"#kelAO-yl9czC-V#G&&u"
"ma.thewlis@edu.tbz.ch"|"3QkFqY-#A&z7s-R05HZl"
"clea.djurkovic@edu.tbz.ch"|"E4rm5x-g2&bZr-hs#D6$"
"rachele.reburn@edu.tbz.ch"|"gFv7sc-35UQnP-ScyKWl"
"gerald.gowling@edu.tbz.ch"|"ZVki4C-TO&7UJ-mKpQcp"
"cleopatre.jackson@edu.tbz.ch"|"Xe0KUo-%3ZAgH-$ENxi$"
"desiree.haskins@edu.tbz.ch"|"pen2zv-jDksMu-nrTvZV"
"eleonore.longson@edu.tbz.ch"|"DfJuZY-hgp9a%-YBzGLX"
"leane.dybell@edu.tbz.ch"|"GGCb7k-MdyCC&-SqabXy"
"becassine.grzesiak@edu.tbz.ch"|"8x0FB0-$EypOH-b0WqXz"
"marie-josee.pickin@edu.tbz.ch"|"3eVmql-AiYRwc-EuQokN"
"marie-josee.roxby@edu.tbz.ch"|"GGmrSR-nyuJ%Q-hI0UF#"
"leonie.feenan@edu.tbz.ch"|"gzci1h-hf%aGo-Y2lvzv"
"valerie.ellum@edu.tbz.ch"|"ciZ2wc-RdUY#8-ucd5OO"
"ju.caseri@edu.tbz.ch"|"&%cekA-zHFAdq-o2VB%i"
"boerje.strangman@edu.tbz.ch"|"j3nno0-w@c#mw-qIaScy"
"beatrice.ghidelli@edu.tbz.ch"|"mr@Jg9-sMkBsv-4EAJvZ"
"da.jablonski@edu.tbz.ch"|"lJ6NtL-JlNB6l-K1CMkD"
"uo.beveridge@edu.tbz.ch"|"l%QJjr-NcjZC7-U3sa5&"
"valerie.bestman@edu.tbz.ch"|"sDwC6H-M7ehUR-Ceq6GO"
"marlene.pohls@edu.tbz.ch"|"Q3rLVp-@$%Nh#-sGCw8w"
"ma.nolda@edu.tbz.ch"|"uhJvc@-NaQnk7-K&y&Wi"
"marlene.bisiker@edu.tbz.ch"|"NjrYdH-vV%lwi-JgT950"
"estee.babon@edu.tbz.ch"|"sdj9Ah-jodPN3-jJVv#n"
"simplifies.dmisek@edu.tbz.ch"|"ll%hKe-FibXTW-mQTumV"
"selene.ganing@edu.tbz.ch"|"Cr3QgY-vc4YSM-R7hYbh"
"meryl.penke@edu.tbz.ch"|"UkNdxS-tuA5Vf-DFCdh4"
"anais.rawcliff@edu.tbz.ch"|"5T1H&J-joaPf4-8Cc%72"
"melina.andri@edu.tbz.ch"|"U4p$RF-7bkbHb-X&loq2"
"audreanne.fodden@edu.tbz.ch"|"ToYWCk-Rmz1aN-lewKdl"
"bjoern.spellesy@edu.tbz.ch"|"H6ilNk-xCRwDH-aIXrxa"
"francoise.summerscales@edu.tbz.ch"|"wg6VxL-IJlMHi-IvNLLQ"
"laurene.ashtonhurst@edu.tbz.ch"|"4qeWc@-rBBrfs-xR3mpK"
"valerie.petters@edu.tbz.ch"|"lcujjd-Ck&fF6-@Dl3bC"
"anael.spenclay@edu.tbz.ch"|"VWnWC9-TDeeqa-IZ$JdB"
"stephanie.keech@edu.tbz.ch"|"#yF@WP-Sr@5Sd-mBRbHP"
"ines.deveril@edu.tbz.ch"|"l#%P21-Cop2Aw-e4Ed0c"
"berenice.gelder@edu.tbz.ch"|"Osf8Ca-UZ6YZX-rimfiz"
"melanie.ofogerty@edu.tbz.ch"|"supnYB-@svtvk-kag2Hz"
"frederique.canepe@edu.tbz.ch"|"@e8Dv&-v@qB72-TJTPpD"
"nuo.otton@edu.tbz.ch"|"jtwMun-sgo&5M-suYKDV"
"genevieve.trusler@edu.tbz.ch"|"mVWli#-1LRUCV-FLQCjx"
"ju.boag@edu.tbz.ch"|"P7BFnA-QQ#slI-385Fiw"
"josephine.dilucia@edu.tbz.ch"|"TRiJc5-Z&2n48-NuSB1p"
"laurene.armsden@edu.tbz.ch"|"1mLD@V-JPVIoN-%jBo5t"
"becassine.griffe@edu.tbz.ch"|"IPahNn-R4qEfS-4Ka6sY"
"alois.parres@edu.tbz.ch"|"#cvu46-mX#Qy@-s7sgMc"
"cleopatre.gaffey@edu.tbz.ch"|"%9FLVo-SG5A&7-v@T6Pj"
"andre.stiger@edu.tbz.ch"|"vnlNgk-MFcl6E-rJO3BF"
"beatrice.godleman@edu.tbz.ch"|"zrRfMr-ppNXLk-SfOZLZ"
"hakan.harrhy@edu.tbz.ch"|"Z8k$ow-e96lH9-ojnuqU"
"celestine.dagnan@edu.tbz.ch"|"kqDr#x-$os3ru-FywWM9"
"clemence.haggart@edu.tbz.ch"|"CxpYGK-pGLn%e-Q1Aylh"
"long.caban@edu.tbz.ch"|"FiHqVr-nXeGWZ-6bBIOV"
"gaetane.grimble@edu.tbz.ch"|"36pjQ0-$DGAw2-Wjyadn"
"maelann.piwall@edu.tbz.ch"|"XUaqTh-@VjQJi-QcfIEC"
"magdalene.loble@edu.tbz.ch"|"DZ9kVU-@l7#Qn-JERr0e"
"veronique.domaschke@edu.tbz.ch"|"1KtP$0-$rAmIz-Yj9fYZ"
"clea.herity@edu.tbz.ch"|"X%zptQ-to%Emt-PqXpK#"
"maelann.bambrough@edu.tbz.ch"|"OPfUE0-cbGjyl-ZrbTY1"
"clea.goulstone@edu.tbz.ch"|"CiKx1q-Ai1#%w-I3dkVX"
"renee.deleek@edu.tbz.ch"|"wDmrm8-2egj1&-gKrUS9"
"boerje.rudderham@edu.tbz.ch"|"KHmxKN-&wBC$q-zezXob"
"marylene.broune@edu.tbz.ch"|"TyAua%-$KH84$-0jAnRa"
"nadege.mccuish@edu.tbz.ch"|"Ihfk#L-$69iWj-VYG#EC"
"anael.littleover@edu.tbz.ch"|"rnD@xI-eeZy0d-gQr@0F"
"lie.baume@edu.tbz.ch"|"Pllvma-7pC4qX-yAhIyG"
"maella.murrow@edu.tbz.ch"|"$8GwGW-BM4IyV-drs76I"
"cleopatre.pettifor@edu.tbz.ch"|"J80J6I-3p@1Y@-8Ho1@J"
"geraldine.asker@edu.tbz.ch"|"wxn0gP-bvUsRN-V%ntyt"
"gaetane.smedmore@edu.tbz.ch"|"RyZNBC-J&@fh1-mqJSSJ"
"meryl.blencoe@edu.tbz.ch"|"aO56By-3mYNVA-07t9Sd"
"aurelie.chastaing@edu.tbz.ch"|"GT11kl-VV02i$-ivGmio"
"oceanne.marthen@edu.tbz.ch"|"Lb7tRe-3Iak%b-4%A3u1"
"dorothee.burrill@edu.tbz.ch"|"OpkfVX-0A&a@7-B0TeIp"
"hakan.belden@edu.tbz.ch"|"l3kWFq-VQ2c3z-jNnZ2A"
"celine.brunning@edu.tbz.ch"|"AQcb$P-h#ZJPY-nYRQQG"
"anael.lapides@edu.tbz.ch"|"ozCJJh-#RCoME-aUFx7L"
"ruo.saffran@edu.tbz.ch"|"SibYfR-iGY%&R-FJCnEl"
"loic.gerretsen@edu.tbz.ch"|"Oc7sUB-FyLopz-&7SBAC"
"rui.fitzer@edu.tbz.ch"|"$Phsx3-LJ53wj-9Cgh0v"
"annotee.ogers@edu.tbz.ch"|"08YEr@-NJeI$Z-5khBXD"
"boerje.bindin@edu.tbz.ch"|"&yp99@-1I#Vlp-8op1e%"
"ma.cronchey@edu.tbz.ch"|"lnZxQ@-aZl3C3-QsDAZo"
"laurelie.baiyle@edu.tbz.ch"|"#6qdNm-MhKu7V-6ibJlp"
"dorothee.older@edu.tbz.ch"|"4Tfys2-$poLMF-uK22b0"
"laurena.wile@edu.tbz.ch"|"kgT0Me-iXXGuR-C2GDB6"
"clemence.brito@edu.tbz.ch"|"%%2Q7d-jHSEhI-yr@L9K"
"nadege.dallin@edu.tbz.ch"|"QsdrTv-8QsIn8-eb%&&L"
"mailis.matley@edu.tbz.ch"|"Iv1vOy-j&iN%T-crogl$"
"daniele.screaton@edu.tbz.ch"|"yYOdAR-cCghAm-QpbXS7"
"mediamass.godly@edu.tbz.ch"|"Z4saOQ-BCTpkz-3uSrBR"
"leone.kremer@edu.tbz.ch"|"ZggysY-9FBlCn-GuOhiH"
"asa.adrian@edu.tbz.ch"|"w@1#Ku-pI$56n-T@cz&y"
"adele.doley@edu.tbz.ch"|"3rWHFt-@a4OXK-Y@029R"
"fei.sidney@edu.tbz.ch"|"t0CDr%-ysuS1Z-qNurbn"
"marie-josee.walisiak@edu.tbz.ch"|"1mSWuQ-xg7mm6-smPx4q"
"desiree.diplock@edu.tbz.ch"|"2k4s6v-czCkjC-pWfk%A"
"gisele.schust@edu.tbz.ch"|"JwF&JC-i$kQ1i-CT$p$7"
"ma.longshaw@edu.tbz.ch"|"BXt61X-yNUW#X-x5nCJ0"
"da.boother@edu.tbz.ch"|"bR@jvo-QbIwaR-s4Okw&"
"simplifies.chaudhry@edu.tbz.ch"|"Z7I8nz-44qCn5-ocf$cH"
"garcon.baniard@edu.tbz.ch"|"C4EESa-QNaLkH-WbPX75"
"gaetane.elphee@edu.tbz.ch"|"A0emrD-9ocacJ-gTG1z$"
"gisele.hassey@edu.tbz.ch"|"46i$sD-deb&zh-@j4Z3s"
"oceanne.booley@edu.tbz.ch"|"eRZs$J-Pnqa0v-1bbTEK"
"oerjan.dibden@edu.tbz.ch"|"KVQV3c-ZVG$op-CFgDqH"
"regine.ocleary@edu.tbz.ch"|"rD5nl&-2NedEk-jSavOq"
"selene.persse@edu.tbz.ch"|"Ktm8t7-5O$NA6-hkbG3E"
"helena.adenot@edu.tbz.ch"|"NM$R40-#T2NcZ-D6#0&T"
"maelann.wassung@edu.tbz.ch"|"xrRlQD-%M928p-0Rh5D9"
"frederique.ackermann@edu.tbz.ch"|"HDHH7J-2NW#gf-9EHB5%"
"audreanne.kahen@edu.tbz.ch"|"ESSB7#-DtcPTS-tH&tpG"
"maiwenn.lasty@edu.tbz.ch"|"4o1NFJ-ALV#wP-f3ZH#g"
"yu.dictus@edu.tbz.ch"|"XBFFM2-b4WSKH-T0Uv$F"
"anae.dukes@edu.tbz.ch"|"uws3fY-PluCEY-0oUP7Y"
"yenora.warr@edu.tbz.ch"|"Dn0e5q-EhLPc$-Sg9odb"
"esbjoern.archibold@edu.tbz.ch"|"D90RND-FZ%MH%-d6Qsj8"
"milena.pardal@edu.tbz.ch"|"eK1WhA-dfsmTA-vFx9CM"
"celestine.graveston@edu.tbz.ch"|"$xUJWk-aQ%$ou-zC00iL"
"maena.dallas@edu.tbz.ch"|"cIbZRC-O2N$Hh-5cAjEz"
"andree.tuke@edu.tbz.ch"|"l#Yk8b-@#y#Ry-FVYmB6"
"methode.seldner@edu.tbz.ch"|"2D9SvQ-iNlKE%-vpsMiZ"
"venus.bullas@edu.tbz.ch"|"dJWVAS-7fJuNa-X3o1ht"
"mans.aguirrezabal@edu.tbz.ch"|"$TUXJO-iboAOt-GHzmod"
"gaelle.eadington@edu.tbz.ch"|"z4ube&-oNqK#m-7&I8ys"
"anaelle.falkner@edu.tbz.ch"|"NxhPcZ-hbaRk$-4GQPV5"
"ophelie.height@edu.tbz.ch"|"ITDiD#-ntH0tM-yJrOGD"
"marten.bolding@edu.tbz.ch"|"BAwGVE-vn2s0%-85AqyM"
"pelagie.guswell@edu.tbz.ch"|"hjksde-WOAyEe-K0DA%Y"
"gwenaelle.lecount@edu.tbz.ch"|"SLJ255-pXk$1C-P3iLmf"
"hakan.laden@edu.tbz.ch"|"XS%LjD-XzV30s-hAkyna"
"marie-josee.hylands@edu.tbz.ch"|"qtVOP6-#$h6Ht-cnQTOK"
"zoe.kingshott@edu.tbz.ch"|"tXd3rG-0eFS#Y-a8JS75"
"josee.janous@edu.tbz.ch"|"wop@hp-NXLixG-isc@D8"
"laurene.gallally@edu.tbz.ch"|"Uj0I%u-5TLhs3-IOwI0e"
"anael.bickle@edu.tbz.ch"|"oxLm$f-nG9whN-9Dve@F"
"mediamass.lebbern@edu.tbz.ch"|"%QfmFR-iyiOjK-BRZbWI"
"berengere.hovy@edu.tbz.ch"|"mWS6$P-quc4MA-tDYTsS"
"oerjan.kilmurray@edu.tbz.ch"|"KbkLcg-2Sm&vD-FYCZxC"
"asloeg.venny@edu.tbz.ch"|"23#lw9-mzTDAF-UEOFTK"
"marie-noel.stoad@edu.tbz.ch"|"uLY4IC-xB#k$R-H#JHDa"
"hakan.pettifor@edu.tbz.ch"|"sbTSVZ-WRTix$-$UeHNG"
"maella.willgrass@edu.tbz.ch"|"noRvIr-TkE1%H-NNORyo"
"therese.ludovici@edu.tbz.ch"|"uCt6ve-Kc9QqL-b$Z5sD"
"stephanie.trewhitt@edu.tbz.ch"|"LDwuxV-Ev1Y20-izhN6F"
"maerta.bauduccio@edu.tbz.ch"|"p#kvPe-#nQxMz-1QJata"
"gaetane.glaisner@edu.tbz.ch"|"xSm7YD-Z11tT#-JrlUy$"
"naeva.pargeter@edu.tbz.ch"|"#Gvfzf-ERUqW9-s$Xj0b"
"salome.venable@edu.tbz.ch"|"CCmQsG-YFrUz$-xrhowA"
"boerje.thickett@edu.tbz.ch"|"kJFoi1-p0y8%K-ICW0Dd"
"lucrece.prendergrass@edu.tbz.ch"|"1HuutW-fvR#ww-B7A7yo"
"laurene.ockleshaw@edu.tbz.ch"|"8gPHin-b99Q1P-Xd3q9p"
"cecilia.pasticznyk@edu.tbz.ch"|"LSoVUn-3C7Bdv-ILbm%y"
"stevina.mackey@edu.tbz.ch"|"uF74eE-GmqAcD-PvuHGR"
"marie-noel.reven@edu.tbz.ch"|"U2keDb-u#hmJM-C&Ut07"
"melina.quilkin@edu.tbz.ch"|"jKz1gW-C@5NKQ-K0aNdd"
"marie-noel.ferrie@edu.tbz.ch"|"Eq04yi-BX%4oX-#4DKWx"
"leone.alphege@edu.tbz.ch"|"24O&oB-0QxJhW-inctPQ"
"zoe.leverson@edu.tbz.ch"|"i%417@-CZuXBp-KZ7jmw"
"annotes.grayne@edu.tbz.ch"|"cNSskd-4F3pZL-yJzvDp"
"faites.lalley@edu.tbz.ch"|"6y&QZo-kbm07$-iB@c0y"
"adele.wallis@edu.tbz.ch"|"$JqLvs-gMtSOU-&4TETy"
"severine.madill@edu.tbz.ch"|"uH5qhY-N$nD&z-oAJjoG"
"valerie.tebb@edu.tbz.ch"|"sKJH7W-y0mpP3-L%uEhb"
"kalliste.rasper@edu.tbz.ch"|"dkXxb5-OolS&q-IJY$zn"
"audreanne.palomba@edu.tbz.ch"|"sLfCNS-TdNeK5-DA79be"
"elea.adamik@edu.tbz.ch"|"l2o$X&-MI52ra-pCu56Q"
"reserves.jakuszewski@edu.tbz.ch"|"W&cIyu-Kg@9cW-XkvzM2"
"athena.belhomme@edu.tbz.ch"|"#GXckL-hyqYc8-quXila"
"rebecca.crippin@edu.tbz.ch"|"guTLZT-lQ74Ck-waxyTQ"
"maiwenn.curman@edu.tbz.ch"|"$G548p-adHvpS-&$0r0N"
"andree.bunner@edu.tbz.ch"|"9Zmwno-rcAdBR-@IM553"
"ruo.winckles@edu.tbz.ch"|"M@QH60-1E3HkS-kax6ty"
"naeva.buntine@edu.tbz.ch"|"Lm0X&s-8T93St-FtXxJB"
"boerje.dollard@edu.tbz.ch"|"oN3jDq-tFC9Wp-UPK&uF"
"penelope.gorman@edu.tbz.ch"|"4BtqDg-4Aw7Np-D#lceT"
"alois.robelin@edu.tbz.ch"|"BdjPY4-jQ5D$%-tQSK3p"
"anaelle.tindle@edu.tbz.ch"|"cnSYhV-4tsu5P-FsfwQC"
"ye.frears@edu.tbz.ch"|"fC&ygY-skn9Sa-5vQ@nh"
"andree.ovid@edu.tbz.ch"|"yAGLnT-&x74dX-MY@nR3"
"hakan.peat@edu.tbz.ch"|"5o3GG2-tA9&yW-zFgvol"
"andre.januszewski@edu.tbz.ch"|"Ay8v4W-E8BoFn-cHk@XG"
"annotes.clemmett@edu.tbz.ch"|"VS&G53-Ko@LIJ-p7$UTw"
"pal.lambswood@edu.tbz.ch"|"837OCi-UUWVo5-jCpytQ"
"yao.lenton@edu.tbz.ch"|"IH7m3J-Xgrx0y-RK3Lik"
"hakan.boyton@edu.tbz.ch"|"45fzli-fGM4Lc-eeBbQ9"
"nelie.forsey@edu.tbz.ch"|"oduqnz-u28yVW-ibQaCu"
"hakan.horche@edu.tbz.ch"|"m%VlNx-yLYS5O-IF3135"
"lorene.sinkings@edu.tbz.ch"|"Sy4moX-dnShkh-ZiRNFT"
"marie-therese.creddon@edu.tbz.ch"|"IvwwPM-uLVIXL-0@OkHz"
"berenice.tolworthy@edu.tbz.ch"|"MhWxJ@-BBirrI-7ZSQ$J"
"theresa.land@edu.tbz.ch"|"&Wu$KP-oQazgm-tMIWom"
"marie-therese.gianilli@edu.tbz.ch"|"t@CRhq-G%ydI#-oS0XZJ"
"meryl.glew@edu.tbz.ch"|"VaFvnI-yo%mYf-KA7iG4"
"adele.debling@edu.tbz.ch"|"uc2Z&t-EIqO83-NcxGVv"
"anae.metzke@edu.tbz.ch"|"8ZXVSf-gwHoA%-YgVZ49"
"gaetane.gooden@edu.tbz.ch"|"NeL9kz-gSaXNU-GEYqS4"
"laila.bootland@edu.tbz.ch"|"#1Nks6-bEM0xK-gIXh%i"
"maite.helsdon@edu.tbz.ch"|"Nt7Y2C-CQbbEZ-tn7sDG"
"andree.malley@edu.tbz.ch"|"kMeG9Z-g3R@Cm-nzaN&Q"
"pal.simmens@edu.tbz.ch"|"WLmU$b-7WK8f8-gFMv9f"
"maelys.nuccitelli@edu.tbz.ch"|"7muTrc-66hX2g-k8rNE9"
"dafnee.sibary@edu.tbz.ch"|"qu1E15-C2ekKh-X4bp2F"
"alois.harsnep@edu.tbz.ch"|"Vp1M7&-G$0x2F-Zqg4mD"
"marie-helene.lacky@edu.tbz.ch"|"XRc3Im-&r6YBM-xFoygj"
"mylene.youthed@edu.tbz.ch"|"J&1qin-HnKqUG-e1g7My"
"marie-helene.dehmel@edu.tbz.ch"|"QK8OH@-Qfda3q-9YIDsy"
"angele.batman@edu.tbz.ch"|"CDQxZD-SMndGH-4XRHtW"
"melia.younghusband@edu.tbz.ch"|"Lvmm0C-JUatab-3LT%P6"
"eloise.baldi@edu.tbz.ch"|"ko5LU8-ggrry8-CkBMYv"
"illustree.dun@edu.tbz.ch"|"4BTIiA-I&LAI8-NeAigz"
"genevieve.late@edu.tbz.ch"|"CwWvCO-81A2@r-BsL#s4"
"celestine.colville@edu.tbz.ch"|"QlUU&%-ok$58g-RJYuqL"
"gwenaelle.scarlon@edu.tbz.ch"|"%AZ0%Q-cdlX1U-PbSaeV"
"regine.boddie@edu.tbz.ch"|"fQklIa-IK1Nu9-wWF5uP"
"creez.gaughan@edu.tbz.ch"|"0bT&Mj-EZWqmx-lJVOJ@"
"gaia.longford@edu.tbz.ch"|"%$v&Yy-@Jroq8-Wsyl#p"
"mailis.buckby@edu.tbz.ch"|"x38Kkp-n$eE1V-bIGWrh"
"song.parbrook@edu.tbz.ch"|"Su6it9-SRSklx-j9ncNb"
"frederique.heddan@edu.tbz.ch"|"qBABXp-Ccge8t-iozw%i"
"ake.kirtlan@edu.tbz.ch"|"m$HUjQ-UsERV2-N04wm8"
"nelie.runciman@edu.tbz.ch"|"SfNk64-gZQGIR-@c##ea"
"mailis.cardnell@edu.tbz.ch"|"9wi3Ha-&Ch$fo-cpu2Ot"
"irene.navarro@edu.tbz.ch"|"d#q@hv-u1Vjc6-QHTs8e"
"maite.cough@edu.tbz.ch"|"9#FOLy-WWByfE-TTpH2Y"
"anaelle.stocky@edu.tbz.ch"|"uK42Zb-QEV0w6-qgCRfl"
"methode.moulder@edu.tbz.ch"|"kOF6m&-1Vdwob-I0Y99Y"
"po.stafford@edu.tbz.ch"|"NqIw4I-eYlwi1-9LNeDi"
"faites.scraggs@edu.tbz.ch"|"Wj%#k%-6r&Pgm-SOu2mp"
"adelaide.dullard@edu.tbz.ch"|"gpGwjx-Q6zPrv-WRfgve"
"desiree.leonard@edu.tbz.ch"|"f5#HV6-mD1Oqw-gE6888"
"geraldine.badgers@edu.tbz.ch"|"%Fo@Hs-mxVpJ&-h0EwRa"
"ruo.masic@edu.tbz.ch"|"7D6@ZR-BHM12i-0zDs7N"
"aurelie.lieber@edu.tbz.ch"|"t8Yv7u-R#@aDj-BkktuN"
"naelle.balcock@edu.tbz.ch"|"TM8eZY-XteHfH-vuENmo"
"camelia.elger@edu.tbz.ch"|"Pe2c37-kBIk8&-8%#dry"
"publicite.oakeshott@edu.tbz.ch"|"irffng-B1jJyf-H&pcwg"
"cleopatre.fawley@edu.tbz.ch"|"ZLdP#l-0J7i3v-m0%3az"
"laurene.bruckmann@edu.tbz.ch"|"oncBWK-TBj4Rq-H&Oi8B"
"rui.haughton@edu.tbz.ch"|"zn3T#@-Bjk0wh-sRRRC#"
"asa.ladewig@edu.tbz.ch"|"7VJ0HE-5Io73r-3OrSD2"
"gisele.janecek@edu.tbz.ch"|"BEIW6k-mE3$rj-jbhnT0"
"maily.loveridge@edu.tbz.ch"|"VaK677-ZK6g7i-Zd7Yz&"
"marie-eve.yurkiewicz@edu.tbz.ch"|"kPB@jj-ZAiNlN-wboN4F"
"fei.roder@edu.tbz.ch"|"IpV0Lq-CRIw7u-WdpS14"
"edmee.chatburn@edu.tbz.ch"|"Ls1Wk1-0JUZXJ-ym6OZ7"
"geraldine.darke@edu.tbz.ch"|"t0w%J2-1M#ByW-Fd3SSD"
"ye.jira@edu.tbz.ch"|"lRaIXN-ul6rl%-v2%v&J"
"publicite.persent@edu.tbz.ch"|"2wEMhT-i9i3YL-pk3S1W"
"severine.wilcox@edu.tbz.ch"|"AVUqD7-Juw6%h-XYFBV5"
"yao.mcclaren@edu.tbz.ch"|"o9OGj8-qyw2jG-0vT$wv"
"theresa.foynes@edu.tbz.ch"|"CgCNIq-JVqFS4-sUjk8n"
"stephanie.isley@edu.tbz.ch"|"ECQ@LO-tlF9kt-kq%Sf9"
"torbjoern.growy@edu.tbz.ch"|"27OCYv-FnJE#H-vha8GC"
"eloise.tunnadine@edu.tbz.ch"|"kp9RKV-nYUS@J-ElA#cW"
"maeline.cossentine@edu.tbz.ch"|"zwK4tY-D8PqS8-g45ZFC"
"nelie.desantos@edu.tbz.ch"|"Aodh2C-f1AgB7-JAAMuf"
"gaetane.axston@edu.tbz.ch"|"PjaE5z-gM$xO1-$TKZHK"
"aimee.merman@edu.tbz.ch"|"GL%OYP-EeFmAi-ZtK%1r"
"oerjan.drivers@edu.tbz.ch"|"XfH2Lz-mQQElb-SZZql1"
"aimee.miroy@edu.tbz.ch"|"VI7HlM-WK#5UG-lufqpI"
"nelie.glyde@edu.tbz.ch"|"QfqEV2-ncU5q@-4wLAOO"
"hakan.kapelhof@edu.tbz.ch"|"zfXSbK-FT8AoK-4w6jnt"
"maelyss.cauley@edu.tbz.ch"|"OKNeb0-rXcG&M-R799I$"
"elea.vaggs@edu.tbz.ch"|"ZXsJIz-eJXUAx-Hk3cb&"
"maelys.but@edu.tbz.ch"|"v1H$sL-pzEM9n-9tn45D"
"maella.arthurs@edu.tbz.ch"|"A7c0&l-rp%9uR-H0ku7J"
"adele.liebrecht@edu.tbz.ch"|"JJvQF#-lE%p9p-KZw2Bu"
"meline.lomasny@edu.tbz.ch"|"Nx4#nz-2@Ky8W-A9fzMK"
"mediamass.schwant@edu.tbz.ch"|"71SOSm-kMsAB&-Qa&De@"
"leone.saunt@edu.tbz.ch"|"7aPODz-DNr9f%-IoJB#O"
"annotes.gouch@edu.tbz.ch"|"5cbZ6D-JXbzNx-%k8MST"
"gaetane.bowich@edu.tbz.ch"|"bjadjv-AU3tbH-#UlxGR"
"alizee.strelitzki@edu.tbz.ch"|"rMq3l7-$WtmOC-4N%EYR"
"leone.poile@edu.tbz.ch"|"y#8RLf-giXK&e-4rZuI3"
"amelie.saban@edu.tbz.ch"|"vPIhF@-Eq2%Kg-W$a8Cm"
"marten.mcmenamin@edu.tbz.ch"|"#XC3Gf-9QXoeg-z4@g@Y"
"becassine.keets@edu.tbz.ch"|"Nl15$j-#VKNUK-pNI9eQ"
"celine.million@edu.tbz.ch"|"o&LTiu-JIN#yL-3b%GYF"
"geraldine.belitz@edu.tbz.ch"|"24bTZ3-mqdcPd-YJeI8R"
"salome.mardling@edu.tbz.ch"|"Crn@p5-wWkLJr-Q&LZFO"
"melia.blakemore@edu.tbz.ch"|"K3LdHA-$IMjKz-gf6b1C"
"dafnee.mcaulay@edu.tbz.ch"|"IZ#GkK-GZ8Wwg-u%yT8K"
"garcon.dennett@edu.tbz.ch"|"FLr$dt-gn5sFL-AOxI7R"
"interessant.lesor@edu.tbz.ch"|"6Re3$D-2bVk#$-pDdZY8"
"annotee.wasbrough@edu.tbz.ch"|"$I&WNO-F7F&3h-eC6usY"
"asa.ibbeson@edu.tbz.ch"|"8E5DPB-3%FW86-WW2c0A"
"maily.kennealy@edu.tbz.ch"|"GZ$AAF-Vz3N1V-3yRzbL"
"ye.seares@edu.tbz.ch"|"qHkoZw-WfQq9N-0E4Zl@"
"athena.harbron@edu.tbz.ch"|"#@EX9D-0pvlaz-Rp4HoX"
"andreanne.portail@edu.tbz.ch"|"ajUd$v-5YdY%f-@RS8Xg"
"goeran.zannelli@edu.tbz.ch"|"zIY7$I-3IpL4$-v6Sxxv"
"gerald.leathlay@edu.tbz.ch"|"hNTCri-nl#SM8-SP@Zyr"
"andreanne.chown@edu.tbz.ch"|"@nnIUh-xn8s9A-GUE5g$"
"esteve.clementel@edu.tbz.ch"|"0ceUmx-zhVhBi-KiogS3"
"leone.legan@edu.tbz.ch"|"gvFWcF-vmrx7P-iZuDUS"
"maena.pownall@edu.tbz.ch"|"&h3kb$-s7ZfnG-lI585l"
"andree.rettie@edu.tbz.ch"|"%tQ7&R-fXjpfs-03ayNf"
"ines.kenwrick@edu.tbz.ch"|"ArfxJT-jY0jNq-@&NASQ"
"marie-helene.yarnall@edu.tbz.ch"|"c3TVF7-Q9ak3s-XlG5aD"
"po.martin@edu.tbz.ch"|"@iQd#v-PNC7CC-BdYj1u"
"ruo.celiz@edu.tbz.ch"|"BiH4OU-T&%Muy-pZDsuf"
"po.bissett@edu.tbz.ch"|"LW6a&s-U8X%1V-OcaxyC"
"du.swindon@edu.tbz.ch"|"bJCjNe-qKdDRg-#eBOd6"
"interessant.gouldthorp@edu.tbz.ch"|"fFiI&@-TlbOdW-Nl3SQq"
"leandre.lilburn@edu.tbz.ch"|"j7D@nj-MmrwNc-QgSwxg"
"bjoern.whales@edu.tbz.ch"|"#soKcW-yj76SW-0$C@@q"
"interessant.dieton@edu.tbz.ch"|"sPWiDv-3RJ3Yw-YmknMJ"
"celestine.redhills@edu.tbz.ch"|"oKqmXC-E#@7QE-vt@1GW"
"tan.yakovlev@edu.tbz.ch"|"6RK0Ne-rxap#t-e5PM0K"
"regine.mcdowell@edu.tbz.ch"|"0unobN-FzUHZf-Vb%rf0"
"ju.coysh@edu.tbz.ch"|"4Cy46F-@R##f9-gQoTFG"
"reserves.ofallon@edu.tbz.ch"|"pmDA5V-1dFhZQ-BTPWlL"
"frederique.sobey@edu.tbz.ch"|"3QYPE3-#zZgmF-%l1OWB"
"marie-eve.garstang@edu.tbz.ch"|"z$xv&H-&#gVVJ-Onwpot"
"andre.tapin@edu.tbz.ch"|"qP&YO$-aOLpeI-wdaI7x"
"esbjoern.eynon@edu.tbz.ch"|"UT6tLF-llnpW@-B4odvS"
"maella.duffy@edu.tbz.ch"|"Gx5Xvm-LN7hRb-#7cjhE"
"leandre.twinning@edu.tbz.ch"|"tS0X7o-xCZd5D-qDcrJH"
"mai.whittingham@edu.tbz.ch"|"yfL4nm-o0bRkC-bbyNlv"
"rachele.shevelin@edu.tbz.ch"|"yEV5QH-yVnxDu-VttC3G"
"cecile.mcure@edu.tbz.ch"|"tAemoU-gPeLwB-cgPTIe"
"marie-eve.yurkevich@edu.tbz.ch"|"DbTGe9-KYGB1B-iR42R0"
"almerinda.paice@edu.tbz.ch"|"xO5Z#B-Ayt&al-ErlWlc"
"rao.howkins@edu.tbz.ch"|"6RnA7j-w%wW%N-dx4zkQ"
"serena.pack@edu.tbz.ch"|"60PBEi-D%RKRL-rtsv6e"
"rebecca.mant@edu.tbz.ch"|"nX#2PC-Wcuj50-AcFDc$"
"reserves.spitell@edu.tbz.ch"|"DeYc9z-QmxVAR-fnIr32"
"garcon.hamfleet@edu.tbz.ch"|"fcePH1-pZT#3t-l%JW%n"
"methode.kerkham@edu.tbz.ch"|"FN@bHI-egthps-i4M$Fj"
"pelagie.camies@edu.tbz.ch"|"XbtR1E-xZXz#U-j1VTem"
"josephine.macpharlain@edu.tbz.ch"|"wCrsL4-rHKYDh-p&Gi1Z"
"eugenie.mathet@edu.tbz.ch"|"seo7t#-&DU4r&-KQFvf%"
"gaetane.brangan@edu.tbz.ch"|"QNXWdr-uCT3sg-JhE0d3"
"michele.dewbury@edu.tbz.ch"|"Al1uy8-Li95bv-t6bf7B"
"eugenie.elcott@edu.tbz.ch"|"9S77YT-9&Sl4J-7@bzu7"
"megane.harniman@edu.tbz.ch"|"#uh32q-rvyyin-ujBJ5Z"
"agnes.cluney@edu.tbz.ch"|"qDMEbi-K#L9I1-JK9%Kb"
"marie-helene.angear@edu.tbz.ch"|"$is3RZ-Flm#TF-MxQe4S"
"melia.dolphin@edu.tbz.ch"|"Nbxu#l-LlrvW2-EPX8w&"
"lois.ruseworth@edu.tbz.ch"|"g2G0EV-eMswR1-Lf7v&%"
"mailys.ryding@edu.tbz.ch"|"Z%qtHx-YHWTKo-qtRsBD"
"rachele.wulfinger@edu.tbz.ch"|"QSPOO5-W2A0GN-@HCRjP"
"gwenaelle.talton@edu.tbz.ch"|"b$sNq2-61nmIA-KJRr0m"
"long.ronchetti@edu.tbz.ch"|"6SBABA-fB9owG-JXy#D3"
"styrbjoern.kloska@edu.tbz.ch"|"LdvDS&-Jt@XtN-CDYZG2"
"len.sudran@edu.tbz.ch"|"05YL9a-qFG1T0-aw33bB"
"maelle.andrysek@edu.tbz.ch"|"u8f9jM-kM0&C$-o6Ggh6"
"selene.senior@edu.tbz.ch"|"$mzGGS-9wl5GI-%Lq2lw"
"anais.joskovitch@edu.tbz.ch"|"PJR&Nu-BfjUUZ-foQ2q#"
"marie-noel.dally@edu.tbz.ch"|"P#g$$m-25qnZg-IcTIGp"
"marie-helene.laurence@edu.tbz.ch"|"V4NZ8g-CIDtvM-kxtdR2"
"camelia.foxon@edu.tbz.ch"|"XbxVWW-PzTlRT-r3Gkpn"
"helene.cankett@edu.tbz.ch"|"kCD%2Z-ityX7b-oUQNNQ"
"marten.mitchelson@edu.tbz.ch"|"hu9Hxy-Mq@WCg-ne6%Sn"
"helena.stirtle@edu.tbz.ch"|"u@bzGF-#q$%WV-4fi9qK"
"leane.barmby@edu.tbz.ch"|"L7L9Z5-a&V#k%-hIYxzO"
"goeran.ofinan@edu.tbz.ch"|"$QrngM-Ofnx5V-F5WaFh"
"styrbjoern.proby@edu.tbz.ch"|"@dPTsv-dkHiE2-UKIFER"
"zoe.halse@edu.tbz.ch"|"qvSynd-8oOimE-ydJJ18"
"kui.drable@edu.tbz.ch"|"TTxpfp-Yz$&c3-fBCxTF"
"desiree.bamford@edu.tbz.ch"|"$sOkqR-kYE8&G-245moa"
"zoe.suller@edu.tbz.ch"|"yie397-Da2i05-Jbu3YT"
"marylene.audiss@edu.tbz.ch"|"7@9bGq-FASHQ&-bTh3nJ"
"adelaide.poznanski@edu.tbz.ch"|"aDAlo7-vXR8JN-O5sa%i"
"maella.coleyshaw@edu.tbz.ch"|"v3%3IC-e7u1Af-cKb$mp"
"marie-francoise.gelder@edu.tbz.ch"|"s$gEkf-NvfPg3-RnXAK6"
"eleonore.chaffyn@edu.tbz.ch"|"$gUrF9-0jemH&-FdG5Qh"
"celestine.sikorsky@edu.tbz.ch"|"95hEa0-kwNhwA-1r4Io1"
"stevina.londsdale@edu.tbz.ch"|"sqChtm-Tq#LQs-PCXEQ@"
"maiwenn.nevitt@edu.tbz.ch"|"XkLhoO-jks9hb-BEGfOA"
"magdalene.gerrey@edu.tbz.ch"|"JnXocJ-6478ao-oolhuf"
"becassine.latimer@edu.tbz.ch"|"w9KqeQ-BamcRr-rjjGv4"
"da.lethibridge@edu.tbz.ch"|"3qfprd-eA2tWk-#ao4cd"
"mailys.claige@edu.tbz.ch"|"i9lOpc-fHV5qS-jYWfa&"
"maena.torbard@edu.tbz.ch"|"sBd7V4-%vZCIs-XY6t3w"
"solene.lyvon@edu.tbz.ch"|"N2WaqZ-CPLCrZ-dO#18%"
"marie-therese.benbrick@edu.tbz.ch"|"5YXChM-0ODOHq-EJCvjl"
"gerald.edmonson@edu.tbz.ch"|"vIehpQ-cK8j%q-%oWlNA"
"ake.messruther@edu.tbz.ch"|"UlXNzF-XACcsD-pkd08j"
"men.gosneye@edu.tbz.ch"|"Y8WuOR-2mu&AZ-x2k#7@"
"anais.jefferys@edu.tbz.ch"|"NZw#Rv-h@Cx&6-0lJ6%D"
"publicite.tregale@edu.tbz.ch"|"#5oMNR-CFOl%M-7pGHZp"
"maily.santorini@edu.tbz.ch"|"4ZbE69-B0DL3U-$CQd0E"
"ines.pioch@edu.tbz.ch"|"DGKLas-TmbpZi-hLvkXO"
"noemie.marklew@edu.tbz.ch"|"2XluW4-wcaqZj-kfYv0&"
"meghane.maccaffrey@edu.tbz.ch"|"HJQk9z-xargBs-YZn0#6"
"berangere.ambrogio@edu.tbz.ch"|"I7LFNA-f41V3I-SzRzdf"
"mediamass.ryce@edu.tbz.ch"|"xIB#SV-t$POyC-ATCwYa"
"oesten.ubank@edu.tbz.ch"|"FZLBO8-&0PCjd-fbkMQ1"
"melina.mackee@edu.tbz.ch"|"nU8%Nt-z1L7ZB-ocoyRV"
"theresa.livezey@edu.tbz.ch"|"5RZEBi-FAh5vn-7a8KfN"
"clemence.weal@edu.tbz.ch"|"mvimOV-O7lt3Z-yjuF5s"
"faites.overton@edu.tbz.ch"|"COo3LN-%nzhQG-Iky074"
"clea.lindblad@edu.tbz.ch"|"0fTJgu-wM4r@R-vmn&Y0"
"josephine.roseaman@edu.tbz.ch"|"9pmh9k-LY&IA4-Vq5lxQ"
"oesten.lowbridge@edu.tbz.ch"|"$bwCjU-ZZJ@s8-Uvegy4"
"marie-josee.brion@edu.tbz.ch"|"L@5UU8-lQryTB-xVjMzt"
"therese.basili@edu.tbz.ch"|"ULvvTN-@pevMi-CE8BkW"
"melia.vertigan@edu.tbz.ch"|"0IygA3-sHTW0S-EPWYbz"
"judicael.saull@edu.tbz.ch"|"mATbKG-BCbkN6-t#@nk0"
"selene.valentine@edu.tbz.ch"|"G9mGt7-UokIjB-rlYFhY"
"verane.dunlap@edu.tbz.ch"|"ZddDuL-%M4sjP-V$Xo@i"
"meline.kinnear@edu.tbz.ch"|"77CNDs-GsUFLX-psdLsM"
"lei.luttgert@edu.tbz.ch"|"pvcO8r-bxBOHi-MC696r"
"styrbjoern.lathleiffure@edu.tbz.ch"|"zgp63a-K#BCay-40EjzZ"
"marlene.blasi@edu.tbz.ch"|"lF8ReL-BSNL1q-o0#vf&"
"mai.begwell@edu.tbz.ch"|"yqyrfR-BEAEnY-TUu@kX"
"gwenaelle.kaines@edu.tbz.ch"|"KQ6hT6-N3AMhA-0ku4s3"
"gerald.adamthwaite@edu.tbz.ch"|"p90D$U-k@P%sl-hT#YYt"
"kui.hartfield@edu.tbz.ch"|"b1Rwz7-pC2Cas-un4Yb9"
"salome.currao@edu.tbz.ch"|"iTX2AX-@BKlRu-XhyzEo"
"angelique.tixier@edu.tbz.ch"|"t0njTZ-nqDEFU-Yw8a78"
"ju.mcgragh@edu.tbz.ch"|"NN9mhf-9#9LYJ-Tio8mP"
"dafnee.beachem@edu.tbz.ch"|"umZdKB-uLX#@Q-VEC3tx"
"creez.terlinden@edu.tbz.ch"|"0@jltA-fRny5c-Fccv#Y"
"uo.mcskeagan@edu.tbz.ch"|"fjHyjI-uDrYJv-Ev$OB0"
"edmee.mccaughren@edu.tbz.ch"|"NleTLw-2rg3QE-hKgy1k"
"asloeg.cozby@edu.tbz.ch"|"l$qews-$MabL%-nWLZNt"
"melodie.traite@edu.tbz.ch"|"aN&1Zu-P1JX8x-4mEy4I"
"dorothee.aindriu@edu.tbz.ch"|"iDwQ8o-w2g0nK-bPKLfU"
"daniele.doley@edu.tbz.ch"|"Yy9LgS-SX95mg-yJnK9g"
"mediamass.fairclough@edu.tbz.ch"|"HQJf9u-bW9WVK-Qy2hFv"
"lorene.rainforth@edu.tbz.ch"|"w9v7eW-MPz@LT-8wUspU"
"leonore.eyer@edu.tbz.ch"|"Y3QWaH-EsK9fX-WQdIRu"
"po.spillman@edu.tbz.ch"|"QVTU3M-AfI&yN-DUfSrG"
"cecilia.plitz@edu.tbz.ch"|"eZjhy0-wVMaOh-Im@%qI"
"lorene.ludlow@edu.tbz.ch"|"2s84A@-uIN6@j-$4FnP@"
"berangere.neligan@edu.tbz.ch"|"0YWc6n-YuMMb%-ysdKwg"
"simplifies.huggan@edu.tbz.ch"|"YVdx0S-zg66sD-rbKk&K"
"clelia.prandy@edu.tbz.ch"|"IHpf0F-i6$zYa-K$HgU%"
"ake.osban@edu.tbz.ch"|"31Zp$d-d6$otI-$dL$ks"
"cunegonde.brunn@edu.tbz.ch"|"E0QK9m-ue#MHh-Bm1a&Z"
"long.grizard@edu.tbz.ch"|"K9Z@3D-5MHE@a-EVboPY"
"meghane.diss@edu.tbz.ch"|"ir1447-MsJ3@z-Ltlxwy"
"therese.oldman@edu.tbz.ch"|"hHF6Q&-IUtUgW-rXYhsz"
"boerje.scamerdine@edu.tbz.ch"|"M5Y4Nt-yei#fG-U#xF1&"
"du.saban@edu.tbz.ch"|"98ktoo-1#awlg-sVM@96"
"hakan.clynmans@edu.tbz.ch"|"M$Ik0z-ef7GxA-11LUCE"
"wa.macdowal@edu.tbz.ch"|"3E7AdG-8kJR08-PmkhYa"
"venus.hatrey@edu.tbz.ch"|"TpDat6-dYt80m-Rce$ek"
"anaelle.vispo@edu.tbz.ch"|"kJsarl-osTTGS-Sv&0BO"
"mahelie.ollcott@edu.tbz.ch"|"mv9dN#-6tDy1a-H6gx%$"
"mediamass.whyman@edu.tbz.ch"|"#aU#YW-S8smOY-l7dA4e"
"esbjoern.basson@edu.tbz.ch"|"JI4TVO-eb0cdy-EVsdh&"
"andrea.morrill@edu.tbz.ch"|"pdX3oe-#AIS3I-ldWVAM"
"melys.grassi@edu.tbz.ch"|"iHnQVr-xXPGeF-SvhrEJ"
"leone.poleye@edu.tbz.ch"|"u%FshC-HUVhY@-zLTqYJ"
"francoise.penny@edu.tbz.ch"|"u0t2Tv-4$h8%U-7qg&4%"
"rebecca.edney@edu.tbz.ch"|"L1yjUC-fQO&hy-s9T$Mp"
"adelaide.murtagh@edu.tbz.ch"|"EFIVt4-Xk%sj3-8rBMPI"
"stevina.winterbourne@edu.tbz.ch"|"iWKvy4-6uWuyd-VKl6Ag"
"ma.cottom@edu.tbz.ch"|"gtyBw3-vyxbP&-7#M9q&"
"tan.harold@edu.tbz.ch"|"khZkbN-rQob2w-x0hS&u"
"venus.forte@edu.tbz.ch"|"r@fNSG-GI@t8U-yRRJDy"
"almerinda.oluney@edu.tbz.ch"|"XMkw%d-kGhya@-SLY8uq"
"cleopatre.brehault@edu.tbz.ch"|"6yJgC%-4d1b69-u0P3FQ"
"interessant.lapides@edu.tbz.ch"|"x3ck1V-3FoIXG-2NOdUt"
"reserves.hallatt@edu.tbz.ch"|"BRcEAd-kJi%Av-im6OLM"
"annotes.birdwhistle@edu.tbz.ch"|"uB8UdO-atUf76-Ub3d7Z"
"ai.dredge@edu.tbz.ch"|"N6P$H2-ULbbhR-hrbP#w"
"megane.mussard@edu.tbz.ch"|"Q9#QzB-nog2hR-dqLVOY"
"esbjoern.gowrich@edu.tbz.ch"|"H90zT5-KoohET-KAHaeG"
"boerje.brislawn@edu.tbz.ch"|"qDmTh8-909tv%-YbLPcF"
"becassine.wilce@edu.tbz.ch"|"E5igA5-YCwdi1-Kavq86"
"personnalisee.oels@edu.tbz.ch"|"W$&EVx-3jG5oY-2sYYiD"
"verane.pett@edu.tbz.ch"|"PrL2b$-4YP3Ov-16y%VN"
"marylene.glewe@edu.tbz.ch"|"0CJVOa-oo6ZGD-W@e5N8"
"lai.elson@edu.tbz.ch"|"$Rvd6A-#PpdtM-jlBubw"
"serena.difranceschi@edu.tbz.ch"|"jPBu@E-NY8xfn-FJQ#RJ"
"lie.espinel@edu.tbz.ch"|"sRkyBM-nmMz&T-5gdsN$"
"marylene.fantini@edu.tbz.ch"|"TrznmT-LvNCQa-fLnOhi"
"andre.archdeckne@edu.tbz.ch"|"8ehJrJ-4a5Vdd-3R1dVm"
"goeran.bohlingolsen@edu.tbz.ch"|"u%Dn5X-ygVAtP-3kvdV7"
"cunegonde.heffer@edu.tbz.ch"|"qDT0DV-waWkSR-03Zrgd"
"tan.fechnie@edu.tbz.ch"|"KvUBD2-62G8Y9-zAkE1L"
"marie-noel.brammar@edu.tbz.ch"|"zGOkiL-#TNmR3-8ka&Dj"
"simplifies.aven@edu.tbz.ch"|"XhOe0I-NcADrh-dJT74A"
"melys.pinchen@edu.tbz.ch"|"mFxcBR-yD&iMI-#PMF%C"
"edmee.joyner@edu.tbz.ch"|"SRlZwB-MDFhRw-JaadFI"
"berengere.edess@edu.tbz.ch"|"$RgBmT-6z2ZbP-EK$x50"
"marie-noel.goward@edu.tbz.ch"|"Vv%GoN-%rgG6h-9oiuLo"
"ju.edmons@edu.tbz.ch"|"l7SrIf-U$eigr-J0n1Y4"
"frederique.airds@edu.tbz.ch"|"KH3Ven-1MohQl-XXQkM1"
"reserves.dauby@edu.tbz.ch"|"#@8iN5-kz7jzB-b@b9vZ"
"hakan.gynni@edu.tbz.ch"|"oh&RAo-p36LiG-gtiNPs"
"leonore.pinwill@edu.tbz.ch"|"ht93fF-289Tg&-TWf9aO"
"marie-eve.mcallan@edu.tbz.ch"|"Yh#l9b-9JNfVT-lj4Pm4"
"naelle.yeabsley@edu.tbz.ch"|"&mSPi4-%gnf7J-dWxfBd"
"nelie.jacobovitz@edu.tbz.ch"|"aTfNm5-qQRTgl-e8#11d"
"adele.conelly@edu.tbz.ch"|"$wqKsX-ofBHop-EOaxXu"
"clementine.dondon@edu.tbz.ch"|"I8LjL@-vH80KQ-dUYYUv"
"zhi.willcot@edu.tbz.ch"|"8xGKwg-as7%2j-9i3Xfs"
"chloe.janicki@edu.tbz.ch"|"ww3@v1-$9t9Mr-mtVz8f"
"meng.linde@edu.tbz.ch"|"bhd#v1-wEN7Wj-MP@WKh"
"celine.janisson@edu.tbz.ch"|"%awuiE-2LYIKM-onRlJ4"
"clelia.crow@edu.tbz.ch"|"LLCJMb-S7fLBH-js9Jys"
"cecile.pyott@edu.tbz.ch"|"ainur7-RnjwCd-&lMmM@"
"ma.fidelus@edu.tbz.ch"|"c5U8fF-UjH3j@-R88ZoQ"
"marie-helene.poore@edu.tbz.ch"|"@rgne%-aFzBAL-XXzuC%"
"elies.blanket@edu.tbz.ch"|"5%$wMC-Uztz3Z-6S#6D3"
"yu.boyer@edu.tbz.ch"|"7y$F@o-&9rAgC-IvAQQQ"
"celia.welds@edu.tbz.ch"|"xLeNI6-ZX#wr0-SbUmKt"
"du.gunney@edu.tbz.ch"|"bq4u#B-llfhnC-li@7H%"
"goerel.crush@edu.tbz.ch"|"R@Yoxu-cg$9lp-IBvjD%"
"marie-josee.brosius@edu.tbz.ch"|"BDJZWR-%1YTq$-pOK$GJ"
"camelia.adds@edu.tbz.ch"|"JUz3AU-eH5Wup-RRZjLy"
"anae.irwin@edu.tbz.ch"|"Y7sNnM-aHfQlL-LLr1av"
"cleopatre.skeffington@edu.tbz.ch"|"cq9K7k-Wd40Y3-fEV@gI"
"gerald.suggate@edu.tbz.ch"|"tihtiN-HUlJHc-CBuBFQ"
"laurene.tailour@edu.tbz.ch"|"y#dXP$-P1AXvL-@lgLYq"
"amelie.hoble@edu.tbz.ch"|"1r#A10-fHrV3P-mo$oUh"
"venus.getch@edu.tbz.ch"|"4SwNhw-&RU6w$-VhgRJM"
"renee.treby@edu.tbz.ch"|"sfZhwg-gbgfHE-PQOU5q"
"almerinda.stait@edu.tbz.ch"|"NfU5oc-HGrAyl-TCF@iD"
"andree.reddecliffe@edu.tbz.ch"|"1VNnW@-mecKr#-RP5%Da"
"leone.wintle@edu.tbz.ch"|"9zJPgO-e@fmQ0-w1uyMD"
"gerald.fellow@edu.tbz.ch"|"bTDINh-rviDzF-WO$fIO"
"ju.gudger@edu.tbz.ch"|"an5OWV-0GC@LL-&z6but"
"meng.ohaire@edu.tbz.ch"|"adccxF-czH1s7-7QfV@g"
"cleopatre.missington@edu.tbz.ch"|"6mgUdk-pV$4Vh-tNowYA"
"annotes.debruyn@edu.tbz.ch"|"Safx5k-sADJbe-bCOaCJ"
"gerald.sinisbury@edu.tbz.ch"|"UKqX9k-3$%FN9-MRH0Lx"
"creez.slora@edu.tbz.ch"|"%MqbBC-8$c7TX-E#7YBj"
"gisele.benbow@edu.tbz.ch"|"p%lCSo-9nOWYI-w9sRhX"
"pal.dossit@edu.tbz.ch"|"35kmEV-LoMFjf-HariNI"
"nelie.stirrip@edu.tbz.ch"|"FrNIuQ-l6Ekm0-ry%$PF"
"alois.ocrigane@edu.tbz.ch"|"xY41wz-XvkS7L-CyJ7YX"
"kui.mcterry@edu.tbz.ch"|"%qWCeK-1AR1xP-m%U4CR"
"long.willgoss@edu.tbz.ch"|"gpeGMT-a7iRgz-S7TVny"
"francoise.sumpner@edu.tbz.ch"|"7mmEMe-pRin9E-V8SniE"
"maely.grinstead@edu.tbz.ch"|"i8uYg&-ySpK#F-zNgXO9"
"creez.langeren@edu.tbz.ch"|"lSVBJX-0S@Y2g-1wWyTq"
"adele.dungate@edu.tbz.ch"|"mbxkis-U7Lj2f-IDwF#S"
"cleopatre.noirel@edu.tbz.ch"|"DuIlHl-DdQJJ2-WGmMBv"
"interessant.daverin@edu.tbz.ch"|"cFH360-IHIKr6-8AYHVT"
"naeva.kalderon@edu.tbz.ch"|"tYLLM9-Hcf3Uw-T%fIJ0"
"anais.oshesnan@edu.tbz.ch"|"KU9%%t-P6uRCl-aiWSLQ"
"judicael.anelay@edu.tbz.ch"|"kECThx-7ItJ4d-kZQR&A"
"eloise.braxton@edu.tbz.ch"|"G&%yI#-Lf&XS0-@HGEbL"
"desiree.greguol@edu.tbz.ch"|"IxSx8B-xG5jmi-9JjsWk"
"maite.mcclenaghan@edu.tbz.ch"|"3qs@9t-ty5M6a-@HmDMJ"
"meng.doret@edu.tbz.ch"|"DUC2qP-ayEL7S-FOPpIa"
"frederique.chippendale@edu.tbz.ch"|"C4L2di-52chu&-7d7Zkv"
"andreanne.lanney@edu.tbz.ch"|"ohFRiH-tMjqR0-R59LR#"
"aurelie.claus@edu.tbz.ch"|"Wc&4gy-wa3dMq-&CRqu2"
"renee.pabel@edu.tbz.ch"|"t6@q3H-SwVYkk-HCSwCj"
"maena.roust@edu.tbz.ch"|"&8tQH&-Oj6WxY-$@$cgs"
"nadege.carwithim@edu.tbz.ch"|"8&0wYS-6o%VtA-CWPd#Z"
"solene.geyton@edu.tbz.ch"|"R%hZ$Z-KlMMYY-OlEgME"
"dafnee.avraham@edu.tbz.ch"|"SmK3Oj-T@uRiG-1BtVWr"
"leane.woolvin@edu.tbz.ch"|"%&IPmO-n1laJD-D0VQ4p"
"adele.macadie@edu.tbz.ch"|"Lw%GAF-JF$HJP-J5G&fW"
"meline.rubica@edu.tbz.ch"|"5jThS&-XA&8&F-%zRpJ0"
"marie-noel.speeding@edu.tbz.ch"|"apBHmB-U7j3rz-OGW6Vy"
"nelie.mix@edu.tbz.ch"|"SzHyAh-w4h1%Y-rUmNxh"
"clea.ollett@edu.tbz.ch"|"PVbw09-YYmMUx-5KZcvH"
"leandre.mcgavin@edu.tbz.ch"|"xsWZRH-%xn0G2-K4$JWo"
"cecile.behne@edu.tbz.ch"|"UVsFPl-piNeEG-ayOL%s"
"melanie.polle@edu.tbz.ch"|"tV1jXE-zK5lrK-L9F%Rh"
"marie-josee.titmuss@edu.tbz.ch"|"JPVkVl-CPaftT-HmTdt5"
"helena.guest@edu.tbz.ch"|"iiXV0M-b%oeKy-gQ@XXv"
"annotes.chicchetto@edu.tbz.ch"|"i0vRen-MQEK4D-O6vQgW"
"melia.tubb@edu.tbz.ch"|"&fnJvl-$BlOIP-2aZK5A"
"angelique.casetti@edu.tbz.ch"|"164f%#-DbX%EK-TB19F6"
"cunegonde.cleall@edu.tbz.ch"|"Jh@FEU-gSepE9-JB6KDR"
"camelia.oaker@edu.tbz.ch"|"PiXl8u-r%uZ0W-IVJkEV"
"you.searight@edu.tbz.ch"|"$JYlIM-zlYV8v-ilId05"
"kevina.dederick@edu.tbz.ch"|"$dCwPA-hh1e2h-nsq4f&"
"milena.jeffrey@edu.tbz.ch"|"nwKbGq-kp@cE5-BccL12"
"melodie.barkshire@edu.tbz.ch"|"0gBbeD-4p9nRh-lWf%2z"
"gaelle.kreutzer@edu.tbz.ch"|"XR%4uC-lrClVM-esiM93"
"kalliste.kleinpeltz@edu.tbz.ch"|"b$K7o5-NZOton-D6Cmbo"
"clementine.danat@edu.tbz.ch"|"8rYD1d-xmGi7B-ucJAsO"
"andrea.wabb@edu.tbz.ch"|"L#tJ0c-zRpXYH-0Dpysc"
"geraldine.piesold@edu.tbz.ch"|"B$Hdhi-av5yqj-cIbk3f"
"tan.fiveash@edu.tbz.ch"|"#DYUkp-Ih30DI-iOkf$8"
"meline.yuranovev@edu.tbz.ch"|"VaB08w-gUDFmA-@6%gte"
"therese.holme@edu.tbz.ch"|"oM$mis-IjKh06-Ixy4d3"
"salome.vaney@edu.tbz.ch"|"jQwxvA-dtf#$t-f@JhIb"
"anae.abramson@edu.tbz.ch"|"rYzLde-GX8hY7-jnnDTt"
"kalliste.jimson@edu.tbz.ch"|"wYN865-&pS$hG-zH0Yoy"
"selene.yole@edu.tbz.ch"|"$UhW1U-UfxyiH-zSckDd"
"agnes.defraine@edu.tbz.ch"|"3jRAug-VXvbRq-4e6KoL"
"faites.mccluin@edu.tbz.ch"|"8GfcL$-dNAlAG-hnrFZa"
"athena.deme@edu.tbz.ch"|"A$ZQ4q-7vX4gq-dquATw"
"daphnee.brigstock@edu.tbz.ch"|"@yrGqc-#NwZO#-9xKmvd"
"goesta.skaif@edu.tbz.ch"|"SSO$U1-TkdYcE-SWDL5S"
"oceane.jagoe@edu.tbz.ch"|"MM6XXZ-OSaqwX-%Fs$2$"
"annotes.broomhall@edu.tbz.ch"|"8FMKeS-m7H9Eb-Dj3hF&"
"marie-eve.ballendine@edu.tbz.ch"|"ydf4tV-hrzkHs-0pg$sT"
"melina.spykings@edu.tbz.ch"|"oa0bWp-5xuNVB-2oQNWD"
"laurene.ticehurst@edu.tbz.ch"|"P8lX$s-I#sQPF-Bs$XdQ"
"fei.avramovic@edu.tbz.ch"|"fdRwpg-EqAe&@-&kH2#%"
"publicite.strathearn@edu.tbz.ch"|"eNNgx5-3cOuY5-x$PRvg"
"torbjoern.garrow@edu.tbz.ch"|"gpKod9-e7phf6-pVAp@U"
"chloe.rubinsztein@edu.tbz.ch"|"ZaI54$-FvbVMx-oF63Ze"
"mylene.demanche@edu.tbz.ch"|"2Ga#Mn-hVOAK%-Us5aSP"
"mediamass.godlonton@edu.tbz.ch"|"p&aNk2-xqxsps-bTO3Wd"
"renee.shurrocks@edu.tbz.ch"|"dHn3uG-TPPLHE-%DKyR&"
"maiwenn.jedras@edu.tbz.ch"|"4Kwxgh-vS@D19-aaHOWL"
"genevieve.castells@edu.tbz.ch"|"HUsRGn-L5375h-031@NJ"
"renee.sneden@edu.tbz.ch"|"2Q4$db-4ahW6y-RwaTEg"
"lai.mccallion@edu.tbz.ch"|"VooFWq-@%hkLG-vZXz$o"
"kevina.impleton@edu.tbz.ch"|"Hi@FaY-2wMN9y-zHE2Ic"
"oesten.fresson@edu.tbz.ch"|"ufqJWS-W0cGBx-9OFSZ7"
"verane.shawley@edu.tbz.ch"|"YqpzS5-MV0KZX-pUt5en"
"uo.sjostrom@edu.tbz.ch"|"Dvg4QC-ODi@4y-5hj@26"
"gisele.gothup@edu.tbz.ch"|"c5Twd8-AGcEAr-3#7eG6"
"renee.beauman@edu.tbz.ch"|"4cGLY7-MY9lDS-ti0sdP"
"elies.loton@edu.tbz.ch"|"ZH#t7#-zqun96-9RKDtT"
"valerie.elsmore@edu.tbz.ch"|"Bh7#AD-4PGdwp-bxSTmX"
"berangere.delafeld@edu.tbz.ch"|"CUl8TR-fQNI3%-aU%ID$"
"bjoern.schimke@edu.tbz.ch"|"WA0S@C-V0X6Vz-5ZBoa1"
"loic.ericssen@edu.tbz.ch"|"50Zha3-dDf@76-1DXhpW"
"creez.richarz@edu.tbz.ch"|"1@$CTv-2odIJ&-ZKVDfH"
"athena.grocott@edu.tbz.ch"|"%hyH7m-jwTMeW-%lTJaX"
"naelle.piotr@edu.tbz.ch"|"uq6IkV-%cARM1-9L$5Q#"
"maella.paulson@edu.tbz.ch"|"N1Krla-9HZ38M-&lFowg"
"song.perot@edu.tbz.ch"|"IzrNCY-Xt%m1E-qj8&E#"
"kalliste.heckney@edu.tbz.ch"|"wu2fWB-lNwh3M-txjrZE"
"ake.vasyutkin@edu.tbz.ch"|"hB$kRn-DerK65-@EcRhT"
"ma.castles@edu.tbz.ch"|"WS4cYC-KS1ciZ-CHsGPL"
"maely.monget@edu.tbz.ch"|"oEINk3-L7QLxb-X#9T68"
"tang.durbridge@edu.tbz.ch"|"cft%A1-7ccH&@-bD9wZQ"
"laurene.andrew@edu.tbz.ch"|"nJMhmE-$G30rz-v0OFmy"
"lysea.beacon@edu.tbz.ch"|"GsGp&x-k83NsT-5nmRBT"
"leandre.peyntue@edu.tbz.ch"|"u4FGpx-q0fJIS-Dwo7Gl"
"rao.trever@edu.tbz.ch"|"M3#bqX-&$SLEe-@&JTGJ"
"mahelie.streader@edu.tbz.ch"|"bba%HT-qnNAJf-nqVseA"
"maerta.andrejevic@edu.tbz.ch"|"Wwh9DU-%#3dD3-qONFSS"
"goesta.tompkins@edu.tbz.ch"|"5&j9gm-KnhuFx-JN1Yu%"
"helena.agates@edu.tbz.ch"|"x$WUqF-GSxlLJ-OD@&rX"
"therese.glass@edu.tbz.ch"|"SP6kmQ-NhE0#l-qRoffg"
"alois.foan@edu.tbz.ch"|"BZD6So-T2a$xF-YTDtee"
"becassine.melchior@edu.tbz.ch"|"eaYMnJ-Yyoqwq-TnPfC9"
"cloe.robart@edu.tbz.ch"|"&vx%B8-LRvSwg-RZBeuw"
"daniele.puckinghorne@edu.tbz.ch"|"ALhrXV-N%giNu-bRUs#P"
"selene.cammidge@edu.tbz.ch"|"CPwhuB-jtf&pa-6YOpAU"
"regine.conochie@edu.tbz.ch"|"xM&mH%-n&giFr-xv#B5X"
"interessant.tuiller@edu.tbz.ch"|"mmXEXn-teBPCC-fsbpeI"
"long.tiebe@edu.tbz.ch"|"U1Zzzr-c98HYa-RPvN@a"
"mans.yele@edu.tbz.ch"|"Vy4N3m-hGtT3D-D02UOA"
"ai.giles@edu.tbz.ch"|"ktroGe-@Rsujo-YOt@AM"
"gaetane.hamberston@edu.tbz.ch"|"bGTv4g-tTirfq-IxaUNs"
"marylene.fenix@edu.tbz.ch"|"Wdz@Xu-ng&P&S-4Asy#k"
"geraldine.graeme@edu.tbz.ch"|"gF$Uch-RTQSFc-t7aGfd"
"tang.kinglake@edu.tbz.ch"|"anPdqU-ZDfoyP-H8JX09"
"lai.challoner@edu.tbz.ch"|"QPKz9F-gkEzzs-p0WKNi"
"desiree.mattei@edu.tbz.ch"|"uyXlG1-68d@9Y-fiYx7J"
"ake.erley@edu.tbz.ch"|"60o4&5-UHSWn1-08XlJv"
"edmee.cavil@edu.tbz.ch"|"YYvBW#-ha6aRI-Aotypf"
"alois.moyes@edu.tbz.ch"|"9o34c#-FORjMQ-fRVWjb"
"becassine.pitman@edu.tbz.ch"|"P3zH4U-KTpN22-nAeuXb"
"ai.giacovelli@edu.tbz.ch"|"FU6fY0-1RZZGz-20IrzR"
"judicael.fruchter@edu.tbz.ch"|"POWqU8-T9KdeQ-WVkn3Z"
"mans.mogg@edu.tbz.ch"|"gl3NyJ-QxjQHj-ngUmyT"
"gerald.foyle@edu.tbz.ch"|"sxWlq@-9Sc%tD-3OWyJr"
"wa.androletti@edu.tbz.ch"|"Nw7bCH-4MoJAS-kP8Spy"
"meng.ollett@edu.tbz.ch"|"5mOX2Q-VMqHo5-rMoBa1"
"naelle.macmenamy@edu.tbz.ch"|"Bk7%Df-wN84vr-D%jUOS"
"gisele.mcramsey@edu.tbz.ch"|"%wG#Tn-HY6j&G-2H1Tse"
"meryl.scolts@edu.tbz.ch"|"Kv33CN-B974UA-TqQN#a"
"celia.bloxsome@edu.tbz.ch"|"hbuJx3-d7bkCR-Mcs%ym"
"styrbjoern.stuke@edu.tbz.ch"|"U$%nLd-pSXS%p-jqR3FA"
"felicie.gwilliam@edu.tbz.ch"|"U#LxZa-LyWKpW-jV9$d9"
"da.harms@edu.tbz.ch"|"eg$@$C-rVHzqY-hGbctb"
"celestine.baulk@edu.tbz.ch"|"Eij%Gh-rAP1s0-0WV@1d"
"mahelie.blackledge@edu.tbz.ch"|"FkpQjR-pHHTbs-PAZ@0%"
"meghane.salt@edu.tbz.ch"|"%8dK%t-EFg9Rv-9d6TXl"
"methode.paxeford@edu.tbz.ch"|"QvqJam-uPOa20-lGM@Eb"
"asloeg.milligan@edu.tbz.ch"|"AXSy9p-zz4RIm-ndwVQs"
"you.pellman@edu.tbz.ch"|"Y19uHh-&v6rbo-LSE24r"
"loic.regenhardt@edu.tbz.ch"|"DQw9EE-Lq@ywL-CLrGYq"
"daniele.savill@edu.tbz.ch"|"@Z6XGm-LP8Lt%-x34pT%"
"alois.cornu@edu.tbz.ch"|"1TbnHO-git07P-e5XupO"
"oesten.govey@edu.tbz.ch"|"NnDrRf-oTwDMi-bpddLW"
"marie-eve.louch@edu.tbz.ch"|"7C1ciu-QwhUO$-QwDWYh"
"theresa.wenn@edu.tbz.ch"|"vGnOVp-B3AuuU-MGFyXV"
"andree.eul@edu.tbz.ch"|"6R#gTh-QMGTJL-Ty9V0J"
"lie.paynton@edu.tbz.ch"|"cZWiqR-S$%Z$z-8AlTn$"
"marie-eve.girodier@edu.tbz.ch"|"H5mRap-tguz8Z-$vwkvu"
"marie-noel.smithe@edu.tbz.ch"|"N$Hzd5-fjU9@#-P03yMD"
"men.bootyman@edu.tbz.ch"|"Uy@%y9-7%@EEX-4ltL0j"
"ku.sugg@edu.tbz.ch"|"SvKM49-7lQebt-Ix&&GW"
"lucrece.roseman@edu.tbz.ch"|"xV#WT&-0BlVpz-MQEkG@"
"zoe.annear@edu.tbz.ch"|"@mvXu4-L$KPd5-gdhglB"
"marie-helene.rennebach@edu.tbz.ch"|"jcNUbY-0uvaMT-#&aa0O"
"lea.djurdjevic@edu.tbz.ch"|"n9jyNl-nLSZyM-PFM#Bv"
"goerel.robert@edu.tbz.ch"|"G7Qj5g-ImMqiH-qrtQGz"
"mylene.foldes@edu.tbz.ch"|"3R@qLb-Ts&wfA-and#tN"
"faites.clegg@edu.tbz.ch"|"YFFs8B-HnCUiw-KyUJX4"
"marylene.crowcher@edu.tbz.ch"|"HC9@99-@bXBHC-Gim4#@"
"aimee.wimpeney@edu.tbz.ch"|"@YKwpD-tfnSfK-$e8nYR"
"renee.atkins@edu.tbz.ch"|"Nx4YV5-&IKSua-FAoq&X"
"rejane.cainey@edu.tbz.ch"|"8Cd7ZK-VIsupv-guZ6j7"
"solene.britney@edu.tbz.ch"|"N74$75-yjiEXZ-UYBz61"
"marten.shatliffe@edu.tbz.ch"|"Vsg8Bb-GFoUjh-WfaHCH"
"maite.issatt@edu.tbz.ch"|"TzpZge-QzqIdh-xGJLQ3"
"maelyss.edon@edu.tbz.ch"|"y@5sL4-AA3Zu1-cLnFXH"
"nuo.bamling@edu.tbz.ch"|"DmzGSs-m@En3I-&yZx2D"
"anais.edards@edu.tbz.ch"|"E8UeF$-1hnF0F-#6$fpe"
"mediamass.bromet@edu.tbz.ch"|"z1XBmp-QNsW9Q-PBS2WE"
"beatrice.kimbrey@edu.tbz.ch"|"mlqBlr-yh1fDn-@fvWJi"
"ines.lawranson@edu.tbz.ch"|"p&Ee2d-$4epby-IdRadJ"
"kalliste.scandroot@edu.tbz.ch"|"7im9oW-HVgrar-L68CCt"
"mans.barrowcliffe@edu.tbz.ch"|"KBItcF-CZDxdP-sq0tAE"
"irene.couves@edu.tbz.ch"|"vSYe3@-OEafy0-8HiELr"
"milena.mucci@edu.tbz.ch"|"AcvSAb-W1Mif8-R&q#PP"
"naeva.cow@edu.tbz.ch"|"jZBjPS-XY1sTN-aH#cRa"
"audreanne.mournian@edu.tbz.ch"|"qiCJRG-BuutWr-62btP$"
"melia.sinnatt@edu.tbz.ch"|"al6IvB-bS%IqN-G#ns2n"
"nelie.burnard@edu.tbz.ch"|"0kN8XU-BXSVuW-#OwXfs"
"clelia.ashfull@edu.tbz.ch"|"wDN6&z-MmCL5H-FK2pl$"
"lie.macard@edu.tbz.ch"|"iRz&vt-L$WNxD-zxCCwM"
"valerie.matoshin@edu.tbz.ch"|"Su&SxR-iuDq7J-@T0oUX"
"anael.hatherleigh@edu.tbz.ch"|"6PNbsN-GCT3L3-OnEra5"
"interessant.warratt@edu.tbz.ch"|"dSLH1Y-wcy0OL-nqyW2C"
"eleonore.volage@edu.tbz.ch"|"FyOT&F-j8uZK0-7UUWiG"
"zoe.stebbing@edu.tbz.ch"|"$mBlg7-WLSNN0-WTZhmF"
"alizee.nye@edu.tbz.ch"|"@hU@4w-f#LBCL-op7LZU"
"celestine.bramley@edu.tbz.ch"|"SracmA-imBnz9-tHiy0M"
"selene.philcott@edu.tbz.ch"|"BPOktJ-lkQcla-OyCyfT"
"tang.newens@edu.tbz.ch"|"0z@RQr-$SuT6$-8$Qg%I"
"annotes.powys@edu.tbz.ch"|"9WIR8E-Uz$9uk-4xo1Xh"
"lea.matthesius@edu.tbz.ch"|"HjkyQT-kWxwsZ-S%tJW5"
"illustree.garlett@edu.tbz.ch"|"jVW5dM-DeKbeX-8B5D6g"
"maiwenn.meachem@edu.tbz.ch"|"1SCzT$-uA7Rif-vWr2ic"
"marie-francoise.mcbrady@edu.tbz.ch"|"A$zqlx-w4aAWZ-2PWQWS"
"illustree.gimbart@edu.tbz.ch"|"Wh1LGv-Nk8Acw-WxZU88"
"melys.lyosik@edu.tbz.ch"|"iwIFci-IF$8Gz-Tqkjil"
"marylene.mcnab@edu.tbz.ch"|"$kY%#e-Flxpmp-K&&RBn"
"gerald.blount@edu.tbz.ch"|"2I%bxR-rkDi9r-YnFD#Z"
"clelia.shakelade@edu.tbz.ch"|"1GPQWe-BL1IAg-fjVDwC"
"penelope.cridlin@edu.tbz.ch"|"C4ifu2-9SinBa-nM67Ir"
"maena.okuddyhy@edu.tbz.ch"|"9DONxL-pLugnc-F$&lTQ"
"athena.keynd@edu.tbz.ch"|"Jp9FnO-029fu7-cR27Ne"
"cloe.dwine@edu.tbz.ch"|"TN0pxg-&BJbSV-AR6ZsV"
"josephine.browett@edu.tbz.ch"|"7FZMFs-iHaA@&-aoy4UP"
"audreanne.oscanlon@edu.tbz.ch"|"0k9zUO-CfPgeB-qlARd@"
"fei.jeanequin@edu.tbz.ch"|"LuK$H0-Z#wKcN-AQW0&e"
"lois.gormally@edu.tbz.ch"|"$RGG8u-EHO1iP-$aGZk6"
"marie-francoise.finnigan@edu.tbz.ch"|"L1yz1e-J10IJ3-EdNlYr"
"leonore.trussman@edu.tbz.ch"|"iIvGl5-Tprxy5-BGAckJ"
"anaelle.trumper@edu.tbz.ch"|"rOqcpZ-x4DTQo-FT4sxc"
"clemence.dionis@edu.tbz.ch"|"sQymEj-defibp-TCRMcD"
"lois.tranmer@edu.tbz.ch"|"mU22sr-I1HmTj-adnnbM"
"interessant.volett@edu.tbz.ch"|"@lbR0g-ztj%SD-CX7wh7"
"personnalisee.deackes@edu.tbz.ch"|"MCpovq-2@T6Xl-FTb0TU"
"lie.vasiliu@edu.tbz.ch"|"ZhbyHm-PwgH&Z-bFbcb&"
"dafnee.lamputt@edu.tbz.ch"|"DKS5SM-hbeqt1-tEBFUt"
"elies.bromige@edu.tbz.ch"|"cUS3Gg-k&nMlN-jXOcRu"
"helena.klosser@edu.tbz.ch"|"pABMyN-fZGxa@-XLQG58"
"andree.grim@edu.tbz.ch"|"pOOPNe-$nL5nU-Vxi8hg"
"verane.coldbath@edu.tbz.ch"|"mjpmJw-Tvj0CL-5Dw%Lf"
"helena.bethell@edu.tbz.ch"|"zTTVa4-Qw0A3t-l5B%50"
"kalliste.carefull@edu.tbz.ch"|"36WSJ7-A@vs$f-mnv0RS"
"regine.odams@edu.tbz.ch"|"U0Q3c1-50EVGR-miCUC9"
"len.stannus@edu.tbz.ch"|"#i#TqU-fwYtBa-8d3zre"
"angelique.works@edu.tbz.ch"|"YGSJ9B-AmR0bz-Iz7VU8"
"goesta.rheaume@edu.tbz.ch"|"NSeapv-VCaWdq-rgC7dm"
"maelys.tynnan@edu.tbz.ch"|"KonfSg-wGw&j6-20jrej"
"maelle.carlesi@edu.tbz.ch"|"lboQA3-A5JqK6-2B0eeE"
"anael.spurden@edu.tbz.ch"|"gvEjnM-AIBMY2-sY@GHP"
"helene.pumfrett@edu.tbz.ch"|"hGTPQL-gKG@Bd-yeBDG9"
"goerel.pearn@edu.tbz.ch"|"q&VHz2-2Q5Qpj-EPryDM"
"laurelie.dezamora@edu.tbz.ch"|"oz5m8w-p5a#ap-yEqVJ1"
"yao.twidale@edu.tbz.ch"|"bE9fJD-%%fwNM-URp&TL"
"berengere.sola@edu.tbz.ch"|"2ugS%P-2adpaD-zq2P2Z"
"maelann.hardistry@edu.tbz.ch"|"OXi4hD-8qf8AY-mlk21Z"
"severine.littlefield@edu.tbz.ch"|"%iws79-VOHXIl-JE85zE"
"salome.heinl@edu.tbz.ch"|"dILnLN-4SMydw-KOE4vE"
"meryl.warbey@edu.tbz.ch"|"tlUE2C-uBgVBf-2Z#Ck0"
"da.hunstone@edu.tbz.ch"|"&ikufX-LiXgPZ-kJ0wIA"
"venus.broadbury@edu.tbz.ch"|"XPeDSA-n#Paja-LQTx%e"
"meghane.rentelll@edu.tbz.ch"|"zSljRh-WsoB69-wlE%Vj"
"marylene.drewitt@edu.tbz.ch"|"dq21io-63GQ9H-if&Y7b"
"melinda.jacquemet@edu.tbz.ch"|"6PNQeQ-A#H7PU-CCks%9"
"marie-josee.keyden@edu.tbz.ch"|"&8c9ei-pcw3gB-la1rg%"
"asloeg.montacute@edu.tbz.ch"|"k4g%wK-IuGHkj-L%YTLn"
"ku.andreou@edu.tbz.ch"|"m5m9XL-pyPBgv-NnkCVf"
"personnalisee.feaveer@edu.tbz.ch"|"BFrySM-GRYQsr-rx$l1a"
"laila.emptage@edu.tbz.ch"|"nfsc5q-mf%uPj-9GWPxJ"
"bjoern.dawdry@edu.tbz.ch"|"4hOz@U-Ndp2pA-&DR%s2"
"marie-eve.dinsell@edu.tbz.ch"|"iVNOEo-jHso&B-OAP92d"
"helene.follett@edu.tbz.ch"|"KJvk6C-fb7W8S-%sfhiu"
"penelope.cordero@edu.tbz.ch"|"zLIsyT-DMvfDZ-l9DxhQ"
"boerje.beedell@edu.tbz.ch"|"3HQKMf-E#ZLxb-hNW0Nx"
"nelie.ferne@edu.tbz.ch"|"DW8qvB-aa%3Eu-2%RN9P"
"celine.ahmed@edu.tbz.ch"|"G7VQom-ey$WQ@-jI&6kG"
"stevina.pimblett@edu.tbz.ch"|"v7W5&e-3mID4%-Zy%Ap@"
"chloe.langlands@edu.tbz.ch"|"yOEYiQ-&xsLma-AmEmIs"
"simplifies.maude@edu.tbz.ch"|"wocaZw-S2@4Ul-pyDQ0T"
"genevieve.decarteret@edu.tbz.ch"|"As4mh8-v8%dc#-gupPV9"
"marylene.mughal@edu.tbz.ch"|"Eydgqg-ncJvOA-uTUibR"
"goeran.guttridge@edu.tbz.ch"|"FFZ%11-SK#xN3-7GxjZA"
"michele.smurfitt@edu.tbz.ch"|"s$iFpN-daH5ab-lEXrJ4"
"methode.hadeke@edu.tbz.ch"|"Zi&7fB-V7QvOe-$Kmgpx"
"therese.rispine@edu.tbz.ch"|"VYEAWP-A6SSqs-zJ7WHp"
"goerel.plumley@edu.tbz.ch"|"wWQANc-jW58v@-eemvQ3"
"oceane.friett@edu.tbz.ch"|"E84dML-ucS#l&-9RYxzH"
"marie-noel.achromov@edu.tbz.ch"|"u9E9$n-4ZAyUq-qX10Hg"
"dorothee.storek@edu.tbz.ch"|"txYzNY-PIVVtb-&9TvbB"
"goesta.whittle@edu.tbz.ch"|"RXU20e-0EJREm-hJ$yOc"
"desiree.casely@edu.tbz.ch"|"RXPxJH-Ne#ml0-E%njd9"
"felicie.condon@edu.tbz.ch"|"18XJjk-FFkbfM-UhGCfP"
"maelyss.frisdick@edu.tbz.ch"|"9jr$qz-8sJrHO-C6FPVq"
"aimee.banke@edu.tbz.ch"|"Gk5AHO-2HiCt2-OzwDBx"
"naeva.hodcroft@edu.tbz.ch"|"I7E2YM-VELnhM-a8Clph"
"laila.gerrans@edu.tbz.ch"|"E6j#Og-rDv#UQ-4Ft967"
"daniele.scrimshire@edu.tbz.ch"|"tUTph7-i6$MSM-MZtCxY"
"daphnee.sheerin@edu.tbz.ch"|"L5dirK-aIM%&i-vat8Gj"
"pal.vanyukov@edu.tbz.ch"|"nwLP3E-#%79Wf-kzhJ4D"
"zoe.childs@edu.tbz.ch"|"TJHpsI-W8pzM3-RHxtq2"
"ai.corde@edu.tbz.ch"|"emK3Ac-y4YdX9-VSZxw%"
"maelys.berryann@edu.tbz.ch"|"Jgc@s1-3#LVoa-dCmCfP"
"cloe.gladding@edu.tbz.ch"|"WtnFaX-nyWEdv-tfVCKM"
"wa.kinnaird@edu.tbz.ch"|"F7w@pT-c%3cIl-WJo8vl"
"publicite.brittoner@edu.tbz.ch"|"s@T7DO-#$GG1$-y1G%#H"
"rao.windress@edu.tbz.ch"|"D0XDEu-Z2WTQ0-5%Zzrd"
"uo.kollach@edu.tbz.ch"|"SSzU6t-@%dHs%-3V1Wjo"
"josee.peskett@edu.tbz.ch"|"dH7jiR-MrjtXt-o8Ue6Y"
"annotee.hasel@edu.tbz.ch"|"oSNSMG-7G7Op1-y7qHI$"
"cinema.lee@edu.tbz.ch"|"vA@tU5-&FfVzU-k1LE0D"
"lai.vedeshkin@edu.tbz.ch"|"85FSUd-qeKZ5D-BHXUQH"
"renee.brisbane@edu.tbz.ch"|"mSOL$Y-iwGEqJ-I&IF3x"
"ophelie.blincoe@edu.tbz.ch"|"l$re$Q-hTAekf-LxK056"
"zhi.prazor@edu.tbz.ch"|"6RpsaU-YVCNhr-E8dtVZ"
"annotee.maddicks@edu.tbz.ch"|"fZBr1q-h40lP#-#XBGF4"
"maelyss.codd@edu.tbz.ch"|"7jd6TX-RYWXHB-&OJ$m1"
"celia.peplay@edu.tbz.ch"|"ACyEjn-@%EOno-QHBY3#"
"interessant.skone@edu.tbz.ch"|"YLOzJs-7Cyxjb-S22TSE"
"audreanne.hebdon@edu.tbz.ch"|"&R0cvu-FrFDnC-XNstC8"
"oceane.glen@edu.tbz.ch"|"26x%ck-COAP4D-oezP9f"
"daniele.vanyushkin@edu.tbz.ch"|"cGvCxs-U6qFKK-rO@rbI"
"daphnee.ayce@edu.tbz.ch"|"90gAZu-a#WIza-7mOMzg"
"andrea.attride@edu.tbz.ch"|"2zF9mr-7dWALE-%0lDQ5"
"penelope.bridgwood@edu.tbz.ch"|"bIjj2s-sPtsbv-Bg@WFE"
"mailis.drewitt@edu.tbz.ch"|"F0XLz%-QbVOBF-u&jqhE"
"penelope.mollene@edu.tbz.ch"|"R&V@rU-XYVBxc-Oi60z3"
"illustree.keely@edu.tbz.ch"|"D1Ag43-X4CN2q-2jyw48"
"meng.brisseau@edu.tbz.ch"|"dOZ83#-tBfxIZ-eDx0BO"
"ruo.cleiment@edu.tbz.ch"|"E2aJC%-W0gy41-EQLmKx"
"maite.krammer@edu.tbz.ch"|"stTXER-kWBom5-yh4k0n"
"genevieve.verry@edu.tbz.ch"|"q5oh@2-Y&@KeV-M11Y&5"
"lea.olochan@edu.tbz.ch"|"oPXLTd-F%AwlQ-Tj&pSF"
"naelle.brunnen@edu.tbz.ch"|"iuDUr1-$C5fgR-wB6xJO"
"goesta.bragginton@edu.tbz.ch"|"T8SVN5-#mL4XZ-vFDxN6"
"fei.danilyuk@edu.tbz.ch"|"9Hws6u-gvX8c&-HF2Cn2"
"adelie.turbitt@edu.tbz.ch"|"$DfoYh-#B1&#O-pCQg2o"
"marylene.nutman@edu.tbz.ch"|"4NTjSZ-KrT@oB-gxUTVV"
"therese.barbrick@edu.tbz.ch"|"9I0dEZ-kP@VFV-KFh1P9"
"melys.kolodziej@edu.tbz.ch"|"8NP4Bo-x3m43B-WOtljf"
"melanie.runchman@edu.tbz.ch"|"cQGgRN-ZwXjw8-33xsTb"
"serena.lafond@edu.tbz.ch"|"xUuE@Y-o%kLVG-#FC0ar"
"pelagie.desmond@edu.tbz.ch"|"1UEril-8bAU6$-fMmYuk"
"wa.spickett@edu.tbz.ch"|"UV6ulm-aMu3S3-Mn%7aU"
"po.shave@edu.tbz.ch"|"PNjLT$-#4Ti6f-erX8po"
"song.huikerby@edu.tbz.ch"|"pjB98S-xlbPOb-HRwTxp"
"melinda.bimson@edu.tbz.ch"|"YBl0@2-R1QY7O-sAlKEg"
"personnalisee.toffanelli@edu.tbz.ch"|"@&Yvmy-PP#@Yn-7S3Sqb"
"leandre.hurn@edu.tbz.ch"|"u0TqFO-VDrVcC-oC%D2Y"
"oesten.standell@edu.tbz.ch"|"MMdsbk-r$Gs5p-Oy%OQa"
"naelle.smaleman@edu.tbz.ch"|"dTSXRq-$9F#nm-seRd@q"
"berenice.tayt@edu.tbz.ch"|"dP69WW-nr#RpA-r9A85$"
"kui.popplewell@edu.tbz.ch"|"SphEQz-iKKXYW-f7r4Q#"
"melodie.ferandez@edu.tbz.ch"|"5DYQ7g-qXW5m5-ycM2uJ"
"josee.negal@edu.tbz.ch"|"wKLAMN-%0%giF-9rMQD#"
"melissandre.ferrelli@edu.tbz.ch"|"IMFx@L-Emmyvq-%KYZcw"
"josephine.kemmer@edu.tbz.ch"|"TAQxpg-DKym&H-WAJ6l0"
"maely.cayette@edu.tbz.ch"|"gU86#n-d@YKCx-Jw&@jR"
"nelie.vela@edu.tbz.ch"|"@%9Vzf-t#c5n$-#IBr$L"
"melina.cortes@edu.tbz.ch"|"alvuuN-fE27pb-Uj6uX$"
"megane.leyshon@edu.tbz.ch"|"Dz2HW8-2xcrbu-HkTb70"
"regine.harrie@edu.tbz.ch"|"2oCmFx-l3QZua-B9rN5N"
"mylene.widdison@edu.tbz.ch"|"pD1T0c-sGyhli-FF6Jzq"
"pelagie.vivash@edu.tbz.ch"|"$sEeL2-DQRU8e-GRG&4X"
"styrbjoern.vicarey@edu.tbz.ch"|"v$CLD5-dEJHp@-5MOAP5"
"long.kyles@edu.tbz.ch"|"UuU@VT-$SZkx1-ZIN8i#"
"stephanie.gipps@edu.tbz.ch"|"OqdUIe-EaXd4M-wB1T07"
"clea.constantine@edu.tbz.ch"|"&Ry8c7-oi3yEC-s5A1RS"
"maella.cometto@edu.tbz.ch"|"VK$j4I-JnOPWS-DGn$Bx"
"laila.aubrun@edu.tbz.ch"|"muhERu-d$1#Eb-qI7IIL"
"yao.austins@edu.tbz.ch"|"@E9MNl-EKftmr-js%tZP"
"mailys.rylstone@edu.tbz.ch"|"Zt5Ysm-NvQq5g-wXZ@5O"
"adelie.curuclis@edu.tbz.ch"|"uo$ZVl-NzD4Xr-ywsEIl"
"celine.longhurst@edu.tbz.ch"|"dPYDjX-imIEsR-cpz35L"
"gisele.hazell@edu.tbz.ch"|"2gOsmC-l$A$lT-zQIYd8"
"celestine.ciccone@edu.tbz.ch"|"VaqSPd-IbJPWM-ixMARP"
"maelyss.doole@edu.tbz.ch"|"bgMONU-S6JsnR-jejkzY"
"helene.grimsdike@edu.tbz.ch"|"Dv#oAq-$Mt0In-wvQQz9"
"lie.macer@edu.tbz.ch"|"Mji@wa-HRNahn-0gMcTl"
"maely.izard@edu.tbz.ch"|"Y87O1m-Z$08PS-8hyLdZ"
"erwei.breewood@edu.tbz.ch"|"2WM&c5-A8pjic-izBk8t"
"chloe.woolford@edu.tbz.ch"|"8YvD#Z-aSO$sQ-FNlRWA"
"cleopatre.turpin@edu.tbz.ch"|"ZI&O&V-iH$ZGR-CTNNmL"
"melodie.surgison@edu.tbz.ch"|"BXujzW-h7QK3@-3ztZG#"
"elies.leander@edu.tbz.ch"|"$XP9XJ-H80XLw-qreFHU"
"mediamass.reignould@edu.tbz.ch"|"DVdmRk-BCFmRT-zDvH7b"
"celestine.wasmuth@edu.tbz.ch"|"9T4hYC-CEfEMZ-JUyXxl"
"marten.jervis@edu.tbz.ch"|"3wQZu$-Hi0SlG-BDy0TS"
"daphnee.bour@edu.tbz.ch"|"RYvY4F-OcmFpC-&FJQIF"
"regine.harlett@edu.tbz.ch"|"tsP@1c-nxTm2#-stbVwn"
"noemie.macaskie@edu.tbz.ch"|"6P7bU1-U8v9Gd-#pK3f#"
"loic.renfield@edu.tbz.ch"|"OZQc9g-UWSznI-kyRgCL"
"venus.kleinert@edu.tbz.ch"|"91FQeU-UX4yz2-6w9XMU"
"marten.burlay@edu.tbz.ch"|"qSh0gI-vhrJt@-o2TlZj"
"berengere.radsdale@edu.tbz.ch"|"ajvvYe-%ZmC&l-iOMCnL"
"genevieve.duckit@edu.tbz.ch"|"JNt8DO-bEe1t2-vA9gGC"
"maely.ligerton@edu.tbz.ch"|"d$hV$c-GaCSfA-6WoDRu"
"maeline.ricciardelli@edu.tbz.ch"|"ceqjAF-YjO8ye-no0A4z"
"personnalisee.yggo@edu.tbz.ch"|"2LXvHU-rVmvDg-SsNmEO"
"alizee.pettinger@edu.tbz.ch"|"8djXyg-7EULNv-vIvlQR"
"desiree.curnnokk@edu.tbz.ch"|"vMmd1B-FiPj&X-FdsvGY"
"dorothee.minors@edu.tbz.ch"|"FPYSJi-T$7IT0-SXvtY$"
"oceanne.kopmann@edu.tbz.ch"|"XD4Ycv-l&sH&M-kAPB@f"
"almerinda.brodbin@edu.tbz.ch"|"8C2rk9-y#rwI4-a7ney8"
"yenora.carsberg@edu.tbz.ch"|"Pz7p4%-cthsYS-21u4j3"
"wa.beetles@edu.tbz.ch"|"JKcSx@-ve3066-@gwYpO"
"audreanne.abbot@edu.tbz.ch"|"xDoM$A-aa3K5p-DY%WQJ"
"noemie.capper@edu.tbz.ch"|"i$yBTr-aoR89N-36j%By"
"mans.abramamov@edu.tbz.ch"|"lDkKLq-btia@L-Akmc4c"
"audreanne.blakey@edu.tbz.ch"|"eJTZT1-yjQk$7-@Sy3tE"
"leone.klimpke@edu.tbz.ch"|"32v6mc-f@2Ioh-6DKizo"
"lie.croston@edu.tbz.ch"|"SAqx7Z-#DWx&I-ZPy63Z"
"anaelle.baistow@edu.tbz.ch"|"egQvcB-#NoUpy-g&Ts@$"
"michele.garwood@edu.tbz.ch"|"ztn74$-tfU6bh-V2TeKU"
"interessant.albion@edu.tbz.ch"|"YUh$h8-A6EOQx-TSOE1k"
"andre.brisco@edu.tbz.ch"|"Zw#jrT-QYXy6p-DXp$aF"
"tang.totterdill@edu.tbz.ch"|"n08iDo-&PjSTt-zKnCOj"
"marie-josee.braundt@edu.tbz.ch"|"2%%ddC-HPtp2K-VO9x29"
"lois.galer@edu.tbz.ch"|"jPQ0KZ-10rdtZ-X71U2K"
"faites.pellamonuten@edu.tbz.ch"|"vm5zlQ-L2ngk4-DhJJMa"
"mai.barfford@edu.tbz.ch"|"NCofMN-3dd18p-eGJb&V"
"laurene.macilory@edu.tbz.ch"|"sSbkBk-d9WGNr-CYz2UX"
"elea.peak@edu.tbz.ch"|"ZgPE8Q-cY5EfB-oRRo0l"
"rejane.doni@edu.tbz.ch"|"wnNa55-WLHvFB-Yk$7yh"
"mahelie.ector@edu.tbz.ch"|"krofHD-MzZqIQ-WpAQ9B"
"rachele.allum@edu.tbz.ch"|"#goHn#-blJMPb-sUJj1w"
"laila.gerretsen@edu.tbz.ch"|"cP$$CV-JDp1Mx-DvFAd2"
"ines.bowman@edu.tbz.ch"|"Dwnn%d-sPRcVa-HuxEXA"
"publicite.barbary@edu.tbz.ch"|"2&PAYD-sCkKOf-laJbOD"
"mailys.smooth@edu.tbz.ch"|"dYCAXB-2bFfQG-aINJvH"
"mailis.huguenet@edu.tbz.ch"|"h7H$0s-2nTX2p-RZl1hv"
"lea.ewer@edu.tbz.ch"|"DIlMR$-wxvxUk-vsmpz4"
