"email"|"password"
"melodie.vandervlies@edu.tbz.ch"|"H8Tb3@-%SbqLr-geaUAj"
"angele.edgecumbe@edu.tbz.ch"|"6obtvT-QkJyeV-Ex9#Sc"
"zhi.andreasson@edu.tbz.ch"|"lpc#dT-3FeTPj-$B%cQ1"
"judicael.koppeck@edu.tbz.ch"|"sE2#QH-TvE#xX-$hhPMv"
"berengere.capron@edu.tbz.ch"|"7rqiIn-eA5yT4-#PUv8k"
"leonie.brosini@edu.tbz.ch"|"gdHcCE-xAnisx-cEhbYX"
"venus.garfit@edu.tbz.ch"|"KCNGra-NAgA09-WBByBk"
"melina.janota@edu.tbz.ch"|"0Am8FI-OQSOy&-VDedvj"
"laurene.bake@edu.tbz.ch"|"SzUp9u-CurPgu-&74o0Y"
"regine.dorkins@edu.tbz.ch"|"qaamtd-kMOKeS-qQPRpw"
"cecile.moffet@edu.tbz.ch"|"LxBCAR-CZqKaC-D&5QDa"
"maelann.labrone@edu.tbz.ch"|"EJs&v0-%pWtVW-DBzZzD"
"melinda.newbold@edu.tbz.ch"|"ifYTqn-YwCgjQ-Q&36zK"
"mans.itzhak@edu.tbz.ch"|"jzB2l8-rHsYx&-fSGwWb"
"melodie.pattlel@edu.tbz.ch"|"4agxfG-25rr$I-$Q&HUn"
"celine.bonett@edu.tbz.ch"|"#Ld#Me-aAxD8%-3Y6nOd"
"adelie.mcgreal@edu.tbz.ch"|"8AnOGZ-jGPzgY-1ytEmh"
"helene.soldan@edu.tbz.ch"|"R#Zjd4-iQQhss-c6RhIf"
"michele.cluer@edu.tbz.ch"|"svAYtK-weaWww-XP&t2Q"
"maeline.mueller@edu.tbz.ch"|"Ijt3@a-HqgzZt-Xtvnur"
"maelann.benedito@edu.tbz.ch"|"Y@6w86-v8hzf5-wg5VPX"
"nuo.gransden@edu.tbz.ch"|"QBCZ1D-SKYq2C-7E@fuh"
"berengere.stainton@edu.tbz.ch"|"598JkL-vdzKXq-Y8Ykc&"
"wa.sabater@edu.tbz.ch"|"jO1swP-1Xby62-2H3lpb"
"anais.cochran@edu.tbz.ch"|"wwVx$5-ezUlSv-d1GEJE"
"gerald.bessant@edu.tbz.ch"|"6$PI%d-nfmXbS-0lf5TG"
"ruo.coffin@edu.tbz.ch"|"hBx6Wi-qhc6hv-sy9G3G"
"melodie.mustill@edu.tbz.ch"|"aE46Ub-#C9t28-Bi#n%7"
"ruo.stanesby@edu.tbz.ch"|"f5qRBI-U$gtnU-kAdSna"
"noemie.antognelli@edu.tbz.ch"|"EkeNFb-JONcU@-HHJu%d"
"maelann.hughson@edu.tbz.ch"|"#Ot#9Y-SK#&Q5-svNkxW"
"milena.mieville@edu.tbz.ch"|"%RmKtC-vsWb#1-bq9PHR"
"mailys.chamberlin@edu.tbz.ch"|"hQZLW3-l@vTGx-F7gTol"
"nadege.tomalin@edu.tbz.ch"|"Q7&&KJ-MxYapk-wW4q7@"
"oceane.omara@edu.tbz.ch"|"@OpFc%-qV4ikJ-IhSd$D"
"cecile.aguirrezabala@edu.tbz.ch"|"f9wQh2-UFgX$0-$OI1$#"
"maella.gwillim@edu.tbz.ch"|"lrsRjO-R&CMdt-W@Q#1&"
"lea.mcgahey@edu.tbz.ch"|"7rjwj7-fIE@ra-Cb06&f"
"laurene.hagerty@edu.tbz.ch"|"Rss&6S-mSUSD3-VllQUj"
"dorothee.link@edu.tbz.ch"|"CNUbSk-LZYuao-BygW2f"
"clementine.kynsey@edu.tbz.ch"|"5N8#9f-zKLy6B-jnwtVe"
"lorene.smitherman@edu.tbz.ch"|"6bmVzw-VN4YlG-RlXESN"
"cleopatre.klulicek@edu.tbz.ch"|"FFkb09-%lPZ7A-VGGOuY"
"laurene.castaneda@edu.tbz.ch"|"b&PVkk-OyG0cT-XYtBl5"
"melia.constant@edu.tbz.ch"|"Td%l3@-H&a#%X-irYWXw"
"lucrece.clunie@edu.tbz.ch"|"GsPfXC-tjRdvP-$7O8AS"
"eleonore.mcmurthy@edu.tbz.ch"|"@TywTX-dKOGfX-kqqQff"
"melia.bevar@edu.tbz.ch"|"hHhsCc-QPL@9L-BHOM18"
"camelia.bontine@edu.tbz.ch"|"Z3gSdv-NClVPt-Du%L#S"
"methode.jozefczak@edu.tbz.ch"|"p0ZF9#-#sHEqY-dLkt49"
"audreanne.hinsche@edu.tbz.ch"|"t$#3MC-g3bY7I-pKGzDx"
"andree.varne@edu.tbz.ch"|"wJ3Drh-2w2A2n-YA3ujj"
"marten.kinleyside@edu.tbz.ch"|"zkdNyi-ZGgVxS-55S2I1"
"esteve.mcewan@edu.tbz.ch"|"vU@0K7-D#%ePc-hcG8%z"
"leane.dibbert@edu.tbz.ch"|"xQNd9Q-aP6HRp-ZxLTZl"
"ma.thewlis@edu.tbz.ch"|"ujVmso-P3mD@@-4H7d2o"
"clea.djurkovic@edu.tbz.ch"|"MthiW4-%@p#ej-mhQwTG"
"rachele.reburn@edu.tbz.ch"|"Y08v#W-btbgeM-elHQXL"
"gerald.gowling@edu.tbz.ch"|"%A4sak-nyV7&I-woRCa%"
"cleopatre.jackson@edu.tbz.ch"|"YEH97b-RLuWgu-Y@Z7Nt"
"desiree.haskins@edu.tbz.ch"|"rrQC1v-$lvGAi-xOIpOI"
"eleonore.longson@edu.tbz.ch"|"omNwZ3-IjcN@$-$QK%T9"
"leane.dybell@edu.tbz.ch"|"fk4ptH-1uzykg-UJpyA8"
"becassine.grzesiak@edu.tbz.ch"|"SxSpS9-RM0A0r-KAVGRa"
"marie-josee.pickin@edu.tbz.ch"|"rMyOQi-kvpQsE-H%MVn2"
"marie-josee.roxby@edu.tbz.ch"|"&0#jkx-y9BG$J-r@&T3Z"
"leonie.feenan@edu.tbz.ch"|"QqP4NR-JC%OEr-#O62$F"
"valerie.ellum@edu.tbz.ch"|"21#ghe-MI85VA-Q@8f8Y"
"ju.caseri@edu.tbz.ch"|"hnal%R-6XtKYx-R@OqDy"
"boerje.strangman@edu.tbz.ch"|"OcXtE$-&dqehy-xVc0sS"
"beatrice.ghidelli@edu.tbz.ch"|"r6PABb-KiM3H1-MykI@0"
"da.jablonski@edu.tbz.ch"|"rRLaE&-IUZfqd-95aYnS"
"uo.beveridge@edu.tbz.ch"|"llK2CX-@wzoHB-QcwEsw"
"valerie.bestman@edu.tbz.ch"|"H4VZyC-04Dm5j-Z%Qnuc"
"marlene.pohls@edu.tbz.ch"|"%kbZI@-Fv&hyd-o0vsEN"
"ma.nolda@edu.tbz.ch"|"%W#9Fd-m6zzIT-0ctPOB"
"marlene.bisiker@edu.tbz.ch"|"F@rvuf-a2B#QI-Dg8ZTn"
"estee.babon@edu.tbz.ch"|"FSLlZZ-#NwDlv-Hm5UWH"
"simplifies.dmisek@edu.tbz.ch"|"VEddnx-RbPp%Y-9TECix"
"selene.ganing@edu.tbz.ch"|"xXEutQ-A5uFS3-YRFw12"
"meryl.penke@edu.tbz.ch"|"Nf#Rga-DGUZU4-Dmfh1A"
"anais.rawcliff@edu.tbz.ch"|"itUGIH-bIjGsN-fZ2zwd"
"melina.andri@edu.tbz.ch"|"37ZUeg-56Z9@i-vH2NZZ"
"audreanne.fodden@edu.tbz.ch"|"8sW0Hw-WW1cf6-IZ0AGW"
"bjoern.spellesy@edu.tbz.ch"|"4qol3a-2U6UKD-Bhsqtz"
"francoise.summerscales@edu.tbz.ch"|"A8YYeh-IL8pB7-yay6Ex"
"laurene.ashtonhurst@edu.tbz.ch"|"c0txi9-EvMOIA-GgQV@F"
"valerie.petters@edu.tbz.ch"|"zxI%TU-jony%m-h&8vU%"
"anael.spenclay@edu.tbz.ch"|"XOvG3S-Rbt8XT-bMhhuW"
"stephanie.keech@edu.tbz.ch"|"khSiX&-UAi5a#-MlN3rb"
"ines.deveril@edu.tbz.ch"|"t99O16-b#fQRD-PQEVdZ"
"berenice.gelder@edu.tbz.ch"|"A21pp2-nN3jmK-VNx5wz"
"melanie.ofogerty@edu.tbz.ch"|"YVr%e&-hBhz2g-gmCjoU"
"frederique.canepe@edu.tbz.ch"|"VqmVDw-bX$cF2-9K4zmc"
"nuo.otton@edu.tbz.ch"|"3xffPO-v0WUD#-6cCnBU"
"genevieve.trusler@edu.tbz.ch"|"Hk5Kpe-eGu6OJ-p4ux3S"
"ju.boag@edu.tbz.ch"|"tusmlM-LCT6MS-n#O%Xn"
"josephine.dilucia@edu.tbz.ch"|"j5BJlp-2#6S5j-lPBCX&"
"laurene.armsden@edu.tbz.ch"|"e@ZGJC-qa9Ey9-bj1d04"
"becassine.griffe@edu.tbz.ch"|"ANyL9I-myRHiA-eUVFQQ"
"alois.parres@edu.tbz.ch"|"HMnnEl-yqTPg2-SyF81b"
"cleopatre.gaffey@edu.tbz.ch"|"T%xmDq-a%GG8o-WSKxI9"
"andre.stiger@edu.tbz.ch"|"n$q9h2-IV8zRZ-qavi3a"
"beatrice.godleman@edu.tbz.ch"|"&&Lb7Z-EcOfA9-c2xYz0"
"hakan.harrhy@edu.tbz.ch"|"7RN@z%-Ijubzg-safWRM"
"celestine.dagnan@edu.tbz.ch"|"pX4%fg-%voFOf-K@u6$9"
"clemence.haggart@edu.tbz.ch"|"7JOJQi-Mb5CgY-w%7L5M"
"long.caban@edu.tbz.ch"|"pEiBaO-HElTOZ-$nd3wv"
"gaetane.grimble@edu.tbz.ch"|"D2s4aq-w3C&a8-Av2Rzz"
"maelann.piwall@edu.tbz.ch"|"OSmg@U-qmLA2a-14USwu"
"magdalene.loble@edu.tbz.ch"|"N7z695-wPS2DX-Nq$uWr"
"veronique.domaschke@edu.tbz.ch"|"Xg&Y%d-hEw&TV-3#j7pp"
"clea.herity@edu.tbz.ch"|"ckaYVu-K24bt0-7LYxk#"
"maelann.bambrough@edu.tbz.ch"|"LrS%ti-4cKGNU-Xm8O#e"
"clea.goulstone@edu.tbz.ch"|"DIxB00-s29Cac-6UL$ZE"
"renee.deleek@edu.tbz.ch"|"lvvm$b-vwbqQL-tCvClt"
"boerje.rudderham@edu.tbz.ch"|"VVExRV-dB9JUr-&PoAuR"
"marylene.broune@edu.tbz.ch"|"mMVoPG-D6GKTa-DOw2fO"
"nadege.mccuish@edu.tbz.ch"|"Z%7AuR-lm2#3w-v&ujOc"
"anael.littleover@edu.tbz.ch"|"G#KBza-%qU@c1-U3jKIb"
"lie.baume@edu.tbz.ch"|"tKfFDz-$ucV15-hyiWjJ"
"maella.murrow@edu.tbz.ch"|"exAR8m-AoVKF0-yWlbLi"
"cleopatre.pettifor@edu.tbz.ch"|"z&dnYs-uyuz#@-0j3UUs"
"geraldine.asker@edu.tbz.ch"|"cTCMkN-uO4Fv7-KSIySZ"
"gaetane.smedmore@edu.tbz.ch"|"G9N&7Y-jll24c-xOh6&q"
"meryl.blencoe@edu.tbz.ch"|"ogsG7t-uBM7dH-%Hry5w"
"aurelie.chastaing@edu.tbz.ch"|"pNTLNx-Byxxog-7eR#Mg"
"oceanne.marthen@edu.tbz.ch"|"Jvp8Lw-su4gLC-p5uT@$"
"dorothee.burrill@edu.tbz.ch"|"nzE2LU-B%StOP-$ij$E4"
"hakan.belden@edu.tbz.ch"|"yg#Hy&-GQLwmS-zZfjQz"
"celine.brunning@edu.tbz.ch"|"VYnKSD-rD7Aab-OykWOS"
"anael.lapides@edu.tbz.ch"|"SFW8Ck-tzGd@l-5zoDAl"
"ruo.saffran@edu.tbz.ch"|"yHV3Af-Y6eUx$-sXoZZ4"
"loic.gerretsen@edu.tbz.ch"|"%32F5N-L59M3H-@Ua%x5"
"rui.fitzer@edu.tbz.ch"|"&%@fq9-HdSDAo-sh#5Ng"
"annotee.ogers@edu.tbz.ch"|"pFs%T6-gf5gwy-FYkLA8"
"boerje.bindin@edu.tbz.ch"|"OS%yt3-MW%BNt-WesRbF"
"ma.cronchey@edu.tbz.ch"|"a6SMa9-s9WuNm-&GG4YC"
"laurelie.baiyle@edu.tbz.ch"|"ZuhFDH-7OCfzb-ulFhVA"
"dorothee.older@edu.tbz.ch"|"jxl6hB-fa8pnD-ZLI6@S"
"laurena.wile@edu.tbz.ch"|"mufs$3-drnS@E-22Nj5r"
"clemence.brito@edu.tbz.ch"|"%@m2wo-W&MvXa-LJ0Ldp"
"nadege.dallin@edu.tbz.ch"|"Rob4#M-BKqirK-wF#X8F"
"mailis.matley@edu.tbz.ch"|"bZ4NiL-Dl68i9-042Hjj"
"daniele.screaton@edu.tbz.ch"|"V0ojnb-hbTrou-y0ChIm"
"mediamass.godly@edu.tbz.ch"|"ilBcn@-5ivZnX-8k7GwL"
"leone.kremer@edu.tbz.ch"|"Yj66XF-sagUe4-N%rTAe"
"asa.adrian@edu.tbz.ch"|"vLgD5y-oF@nHr-KJTA72"
"adele.doley@edu.tbz.ch"|"Hg6hfl-$s#HbB-$%Ki65"
"fei.sidney@edu.tbz.ch"|"V$GIoi-$6xJnU-wyXE8r"
"marie-josee.walisiak@edu.tbz.ch"|"@9NHu2-dCDJfZ-#rrkfQ"
"desiree.diplock@edu.tbz.ch"|"xozcs@-@LAK5D-ZTo%B$"
"gisele.schust@edu.tbz.ch"|"JtQItp-WdVyEm-qr0pnV"
"ma.longshaw@edu.tbz.ch"|"64PSI1-kYg$iV-NSk8Q0"
"da.boother@edu.tbz.ch"|"L#xKbd-RKAaJT-r2@QQA"
"simplifies.chaudhry@edu.tbz.ch"|"xZsFmJ-3L@Y3g-3U%O&1"
"garcon.baniard@edu.tbz.ch"|"lD%jc4-ZQTiIR-DbH678"
"gaetane.elphee@edu.tbz.ch"|"jRHQWF-8Eoj&7-9R8xsF"
"gisele.hassey@edu.tbz.ch"|"dVd69Y-vEl6ed-@wvP6t"
"oceanne.booley@edu.tbz.ch"|"t6q8$T-4UwWtN-URVKt@"
"oerjan.dibden@edu.tbz.ch"|"VZw6c5-ThgvaQ-4IBcn8"
"regine.ocleary@edu.tbz.ch"|"GWvt9h-KUfzeW-Y6qb7n"
"selene.persse@edu.tbz.ch"|"xyKcsg-I0x#H5-$dA5F&"
"helena.adenot@edu.tbz.ch"|"gnKPh%-MkEaki-XRIsu1"
"maelann.wassung@edu.tbz.ch"|"aLyvsL-xKtU#R-Kkk$jc"
"frederique.ackermann@edu.tbz.ch"|"YxSxE5-REVDTz-NBEFRk"
"audreanne.kahen@edu.tbz.ch"|"wh%wnI-0vHCis-nmByg%"
"maiwenn.lasty@edu.tbz.ch"|"6fCwEz-wa5Zmz-x5Qajc"
"yu.dictus@edu.tbz.ch"|"S2K0@r-FA3jFc-wb3A7C"
"anae.dukes@edu.tbz.ch"|"vntapv-B%EbnB-FNDh7p"
"yenora.warr@edu.tbz.ch"|"rm4@CY-j@F3iS-IaDJ#E"
"esbjoern.archibold@edu.tbz.ch"|"0iyGsb-mmtYDL-0gxbkg"
"milena.pardal@edu.tbz.ch"|"RGHUoo-FC4hwt-ldDjK7"
"celestine.graveston@edu.tbz.ch"|"FfNF&w-qRzq0B-f6%pnY"
"maena.dallas@edu.tbz.ch"|"htHvr$-syJ0hs-wB8TFO"
"andree.tuke@edu.tbz.ch"|"7BrjCV-zcdaHA-Xpcnrp"
"methode.seldner@edu.tbz.ch"|"i7lE@b-sVPw5c-v&6sKb"
"venus.bullas@edu.tbz.ch"|"5jIClF-JbmVR9-7i@4uN"
"mans.aguirrezabal@edu.tbz.ch"|"MoMadl-&6r#js-D7vPYN"
"gaelle.eadington@edu.tbz.ch"|"HjdVt1-kyIsTG-yhXgTP"
"anaelle.falkner@edu.tbz.ch"|"lp1Zho-4ggbyN-fJ9jRP"
"ophelie.height@edu.tbz.ch"|"kFif69-C7puq8-j%qgEn"
"marten.bolding@edu.tbz.ch"|"p4iDR8-pt5IRU-5az1BY"
"pelagie.guswell@edu.tbz.ch"|"ViAYe3-0KC764-qM0loV"
"gwenaelle.lecount@edu.tbz.ch"|"q3#@nF-3SR3o8-5DL8OG"
"hakan.laden@edu.tbz.ch"|"n%kg@c-l61L2b-01I8EE"
"marie-josee.hylands@edu.tbz.ch"|"EFZh1D-M%NJSU-g#0&ZC"
"zoe.kingshott@edu.tbz.ch"|"6H63gy-0wT02w-$ko9Uz"
"josee.janous@edu.tbz.ch"|"UrseTB-RmKNn6-hzv6wm"
"laurene.gallally@edu.tbz.ch"|"gRk3KQ-MYJ4#k-8x$ekU"
"anael.bickle@edu.tbz.ch"|"9KGBfu-bzbqh#-S36Z2z"
"mediamass.lebbern@edu.tbz.ch"|"Bjqu5l-0N5T$M-GV$%6B"
"berengere.hovy@edu.tbz.ch"|"cFvMct-79fOmw-wd28T7"
"oerjan.kilmurray@edu.tbz.ch"|"iq2jIP-3MHvR3-o#n661"
"asloeg.venny@edu.tbz.ch"|"9w0Nd1-I2La@n-M4HA3m"
"marie-noel.stoad@edu.tbz.ch"|"3W%qrN-KDV3wS-sRJRyt"
"hakan.pettifor@edu.tbz.ch"|"r1#jmR-mI8pP2-xlOztq"
"maella.willgrass@edu.tbz.ch"|"aQkek1-3wBGMX-UXl@V@"
"therese.ludovici@edu.tbz.ch"|"tICEFa-QaI7QG-2FA8gx"
"stephanie.trewhitt@edu.tbz.ch"|"#@cW6$-IGqR8z-EpViqG"
"maerta.bauduccio@edu.tbz.ch"|"ad@ArM-jHn#Yq-M4NuG@"
"gaetane.glaisner@edu.tbz.ch"|"0bFdBi-FUN%KW-#EKD50"
"naeva.pargeter@edu.tbz.ch"|"YcHuMh-UBOvZk-O%Sx9w"
"salome.venable@edu.tbz.ch"|"GcR1hJ-7m#7Tx-eBQj$#"
"boerje.thickett@edu.tbz.ch"|"Mblv@T-@eQ&@T-s7hv#b"
"lucrece.prendergrass@edu.tbz.ch"|"r@WiIW-bl%pKo-wMN62S"
"laurene.ockleshaw@edu.tbz.ch"|"HRJ3G7-0gt2x7-wqGW56"
"cecilia.pasticznyk@edu.tbz.ch"|"kUj7Oz-vWUHbs-8Kd8R9"
"stevina.mackey@edu.tbz.ch"|"dPDv&J-wQ$zMI-D4$ZHA"
"marie-noel.reven@edu.tbz.ch"|"G95I93-49H&4e-KnAy1&"
"melina.quilkin@edu.tbz.ch"|"h@DCbv-&qcqQ4-h9q%C5"
"marie-noel.ferrie@edu.tbz.ch"|"U2Djl0-LckOkK-5HBZ4w"
"leone.alphege@edu.tbz.ch"|"@ReiI1-O8KL@v-oTQ#hx"
"zoe.leverson@edu.tbz.ch"|"tQApte-Xt&$CT-FXkk@y"
"annotes.grayne@edu.tbz.ch"|"MlYGyv-oI@slf-0#Os9q"
"faites.lalley@edu.tbz.ch"|"4GSveE-&tkU3t-bdn8Pr"
"adele.wallis@edu.tbz.ch"|"yC0Acm-PMxoQO-I$p4xh"
"severine.madill@edu.tbz.ch"|"noIZRW-Xc$zP#-x&AMbJ"
"valerie.tebb@edu.tbz.ch"|"FLhHVu-y2MyK4-G3WR@d"
"kalliste.rasper@edu.tbz.ch"|"HFtR1d-Z3WoIT-j5BC47"
"audreanne.palomba@edu.tbz.ch"|"0xdbAE-4E8#jU-$ag8wq"
"elea.adamik@edu.tbz.ch"|"DgUVL2-BghFOX-@oXg7D"
"reserves.jakuszewski@edu.tbz.ch"|"s7CcBK-859Y5F-M4f1nQ"
"athena.belhomme@edu.tbz.ch"|"gnBxkr-spRW$i-mbtRP%"
"rebecca.crippin@edu.tbz.ch"|"W%YXJD-Ru9ffd-Ghvuen"
"maiwenn.curman@edu.tbz.ch"|"lkhWQE-WHeg8w-D$s3&G"
"andree.bunner@edu.tbz.ch"|"9yd7$4-DDes#e-n5F%32"
"ruo.winckles@edu.tbz.ch"|"bJ73sN-Uy7Nfq-m&H9Iy"
"naeva.buntine@edu.tbz.ch"|"GzizRU-#6IE1b-BEj634"
"boerje.dollard@edu.tbz.ch"|"7hfZto-ce3Qqq-Tu03YJ"
"penelope.gorman@edu.tbz.ch"|"RJWK#$-ZejHse-QjwSee"
"alois.robelin@edu.tbz.ch"|"5SCGRN-S7FAf&-S1tI5P"
"anaelle.tindle@edu.tbz.ch"|"J8%Arh-k1IwMm-CY&nEq"
"ye.frears@edu.tbz.ch"|"5&KXJz-CkkeKe-@nVEyG"
"andree.ovid@edu.tbz.ch"|"IAmNYI-4vhIkv-3KgNar"
"hakan.peat@edu.tbz.ch"|"#bH9Wp-$HK1Ml-NfgRUY"
"andre.januszewski@edu.tbz.ch"|"cr3VFb-pFa8sm-&Cfl8v"
"annotes.clemmett@edu.tbz.ch"|"nt1iSM-oZ%Zks-BDF2HC"
"pal.lambswood@edu.tbz.ch"|"FwxYwx-f5kMG@-CIW7lw"
"yao.lenton@edu.tbz.ch"|"Ni$LDf-X48dNQ-T4SGg%"
"hakan.boyton@edu.tbz.ch"|"LFA@if-RtVnl6-ahfQuP"
"nelie.forsey@edu.tbz.ch"|"$8BqxR-1FmeL6-VwrLdI"
"hakan.horche@edu.tbz.ch"|"hH391H-0#xd9S-QNF#i1"
"lorene.sinkings@edu.tbz.ch"|"Jf14xL-5axBtR-gty@M&"
"marie-therese.creddon@edu.tbz.ch"|"W65Fbd-sU7lrF-AcHLk8"
"berenice.tolworthy@edu.tbz.ch"|"F3vU&U-ItRkjV-9ISCMK"
"theresa.land@edu.tbz.ch"|"%yTP%e-LbzPhi-K7PaCr"
"marie-therese.gianilli@edu.tbz.ch"|"C%PzyW-B%OOvc-$mvW&X"
"meryl.glew@edu.tbz.ch"|"YqfZ2M-42Z@K2-J8k6YF"
"adele.debling@edu.tbz.ch"|"S5zT4Z-Dz11L2-UE3HYe"
"anae.metzke@edu.tbz.ch"|"UPv2k2-vjF8r5-EaBu3U"
"gaetane.gooden@edu.tbz.ch"|"&RIEr@-W3xlEX-CtIG1D"
"laila.bootland@edu.tbz.ch"|"hd9y@#-8u&uPA-@8SEfj"
"maite.helsdon@edu.tbz.ch"|"RqmxNe-o326Nn-722jOx"
"andree.malley@edu.tbz.ch"|"oTL7Ue-E1WyId-VzmhfZ"
"pal.simmens@edu.tbz.ch"|"f%17mY-qvd7UW-@XdGtL"
"maelys.nuccitelli@edu.tbz.ch"|"faqxMH-%r%L@v-4Lu1TQ"
"dafnee.sibary@edu.tbz.ch"|"FnEVzV-%BB0C6-nlPDvo"
"alois.harsnep@edu.tbz.ch"|"QsOWrU-%rXY7X-gBBjMl"
"marie-helene.lacky@edu.tbz.ch"|"jPEKPl-DvXQsd-ieg7DZ"
"mylene.youthed@edu.tbz.ch"|"tCDiSp-zQRx#%-yQlioP"
"marie-helene.dehmel@edu.tbz.ch"|"ziL%WW-CDiaum-c%DkF%"
"angele.batman@edu.tbz.ch"|"Zat5M3-gaA$hD-v&dcOr"
"melia.younghusband@edu.tbz.ch"|"4@uS&0-pqz#Fb-hE4Va%"
"eloise.baldi@edu.tbz.ch"|"y47ud&-N8M7ZZ-sxe9zk"
"illustree.dun@edu.tbz.ch"|"wReE7s-ZPiv%4-MJ@IYx"
"genevieve.late@edu.tbz.ch"|"tSiVz$-JU756O-ESw$94"
"celestine.colville@edu.tbz.ch"|"mMUIv%-dvfwla-FXQhfJ"
"gwenaelle.scarlon@edu.tbz.ch"|"$dh@Cd-30dE3%-GRgo8v"
"regine.boddie@edu.tbz.ch"|"fy0UiE-#NCvOu-gXeDTE"
"creez.gaughan@edu.tbz.ch"|"zKuPEO-yj1g3V-XOC$z&"
"gaia.longford@edu.tbz.ch"|"$#OE0r-ekelW5-ZMrjSX"
"mailis.buckby@edu.tbz.ch"|"3FFLR#-iV4xoX-qV4zdN"
"song.parbrook@edu.tbz.ch"|"0WnRMi-YZJxvl-IDTghk"
"frederique.heddan@edu.tbz.ch"|"yIt$wq-zp&rpD-Ff2bMs"
"ake.kirtlan@edu.tbz.ch"|"ND8ySm-zHjAjB-ZLVmig"
"nelie.runciman@edu.tbz.ch"|"C9SBxT-aytI@F-@Hm3D1"
"mailis.cardnell@edu.tbz.ch"|"g5ZiPf-6Ih57D-PW$Mdj"
"irene.navarro@edu.tbz.ch"|"FpEeC4-VKvPnQ-M4Cneh"
"maite.cough@edu.tbz.ch"|"s3xlss-ksX4ih-k0Moq5"
"anaelle.stocky@edu.tbz.ch"|"&r#Gh@-f&Adcq-UMkM#a"
"methode.moulder@edu.tbz.ch"|"El3eKR-tTnzn@-i4F&fW"
"po.stafford@edu.tbz.ch"|"tr@IGb-jysQya-bn8fr1"
"faites.scraggs@edu.tbz.ch"|"mcbJs3-jnxPdL-6@4uDo"
"adelaide.dullard@edu.tbz.ch"|"TSOS4A-69D6MY-R7gSpw"
"desiree.leonard@edu.tbz.ch"|"j83mWD-$TjFZM-2@8$7R"
"geraldine.badgers@edu.tbz.ch"|"KgM7V8-fN7RtC-mZ5t&n"
"ruo.masic@edu.tbz.ch"|"0FlJCo-0JZoqh-nJaMEA"
"aurelie.lieber@edu.tbz.ch"|"EtgkwV-Y0UZGC-CEsx3j"
"naelle.balcock@edu.tbz.ch"|"lY@yDd-rOvK8J-seYlOc"
"camelia.elger@edu.tbz.ch"|"lU4HnB-5bt#P@-9@tAT#"
"publicite.oakeshott@edu.tbz.ch"|"6dK$IF-%ZYatq-Q6VgOj"
"cleopatre.fawley@edu.tbz.ch"|"FHuR0L-Svd0QR-p7BJO%"
"laurene.bruckmann@edu.tbz.ch"|"8bCP21-K69&74-kf&ku%"
"rui.haughton@edu.tbz.ch"|"9BkyMr-tFgGSn-j&TKzX"
"asa.ladewig@edu.tbz.ch"|"dL&zNZ-ub&BxE-9%07Mm"
"gisele.janecek@edu.tbz.ch"|"J295#O-LfH%gI-1SmwmE"
"maily.loveridge@edu.tbz.ch"|"cw58oO-PvZiIq-Uea0fl"
"marie-eve.yurkiewicz@edu.tbz.ch"|"RENxvl-zoI1Iw-gA12wm"
"fei.roder@edu.tbz.ch"|"%B67wb-HQs0TW-xIih5m"
"edmee.chatburn@edu.tbz.ch"|"IwRMTZ-RF9jHx-kywudu"
"geraldine.darke@edu.tbz.ch"|"R%odW9-DD%WvX-%PMiHQ"
"ye.jira@edu.tbz.ch"|"vyH$08-0Wlv2O-3ZZGLN"
"publicite.persent@edu.tbz.ch"|"kJVeLe-xxsDA6-VXiMSl"
"severine.wilcox@edu.tbz.ch"|"rtaV%A-DNT2WK-iFvMg@"
"yao.mcclaren@edu.tbz.ch"|"xCmfRX-a6N@X5-u%ltvA"
"theresa.foynes@edu.tbz.ch"|"$cVEqY-m9C6zE-l$ZRSU"
"stephanie.isley@edu.tbz.ch"|"GVZfNV-D6%OU%-ZVkfn3"
"torbjoern.growy@edu.tbz.ch"|"Or$@@0-FLZf%4-7LX81a"
"eloise.tunnadine@edu.tbz.ch"|"dU9@$z-ZYy%eT-$xmy5e"
"maeline.cossentine@edu.tbz.ch"|"@Xd2gL-Fa5%HG-aVrjXP"
"nelie.desantos@edu.tbz.ch"|"eL3rGe-EK3xLZ-xmpsBG"
"gaetane.axston@edu.tbz.ch"|"jv0Td#-l2VBR@-Kat6l#"
"aimee.merman@edu.tbz.ch"|"uUgBIb-Pm$nud-0oT8V#"
"oerjan.drivers@edu.tbz.ch"|"HHpwEY-dz6MP&-QM2KJj"
"aimee.miroy@edu.tbz.ch"|"xP%Hh9-8ySXu#-FVhnOI"
"nelie.glyde@edu.tbz.ch"|"WukqVj-qBfiHC-fL48Ln"
"hakan.kapelhof@edu.tbz.ch"|"OGuy1@-sKp7cB-Oy4%eU"
"maelyss.cauley@edu.tbz.ch"|"syUdze-xoX&0l-4LTo%3"
"elea.vaggs@edu.tbz.ch"|"Usxt06-5VH0wQ-zFzWsr"
"maelys.but@edu.tbz.ch"|"&EKDiW-QVd3Si-z$w5KO"
"maella.arthurs@edu.tbz.ch"|"9uF6yS-yJeI6C-8w0fb%"
"adele.liebrecht@edu.tbz.ch"|"3%WjTX-xs&mQu-qBN967"
"meline.lomasny@edu.tbz.ch"|"MAS2dI-L9AfsA-5cIR7M"
"mediamass.schwant@edu.tbz.ch"|"DAoSTP-aELxGK-kEqxK0"
"leone.saunt@edu.tbz.ch"|"dVQ71S-R@3&vY-Monmde"
"annotes.gouch@edu.tbz.ch"|"f3H3Y4-QALtwn-&V6qPw"
"gaetane.bowich@edu.tbz.ch"|"fkkdz7-dm2MAm-g&vy2T"
"alizee.strelitzki@edu.tbz.ch"|"NxoFvO-SFtn6N-ai5o99"
"leone.poile@edu.tbz.ch"|"tvwCyF-wSYGuc-GF2yWl"
"amelie.saban@edu.tbz.ch"|"6ap%Pc-UGiYg8-omBNlq"
"marten.mcmenamin@edu.tbz.ch"|"zW3fAu-iIGpSh-&0J$Gw"
"becassine.keets@edu.tbz.ch"|"kx&XgV-5Z2tPL-L7dOJR"
"celine.million@edu.tbz.ch"|"eC4xaI-Lztxmo-EzfCly"
"geraldine.belitz@edu.tbz.ch"|"XHe2yR-jfA3mW-09rDed"
"salome.mardling@edu.tbz.ch"|"TIXIMW-HnNSxJ-RJwdV7"
"melia.blakemore@edu.tbz.ch"|"nsxZa%-ZPAmTV-IZm6ig"
"dafnee.mcaulay@edu.tbz.ch"|"cJL$3p-5zuYtr-Fs9pJG"
"garcon.dennett@edu.tbz.ch"|"AOYXXb-UzkON&-xcrfZp"
"interessant.lesor@edu.tbz.ch"|"hAs&zl-0Imvd%-S70U9k"
"annotee.wasbrough@edu.tbz.ch"|"kHMLtz-9vvIjy-Wbz2Ov"
"asa.ibbeson@edu.tbz.ch"|"uuMMyU-Nku@Rl-%uCgGd"
"maily.kennealy@edu.tbz.ch"|"NTkBVY-pQa@t6-3I8qNN"
"ye.seares@edu.tbz.ch"|"Twl02#-gQrcbR-VN4frY"
"athena.harbron@edu.tbz.ch"|"NK6Rk0-ifLwfV-1R4AQU"
"andreanne.portail@edu.tbz.ch"|"Ul@YXV-wGh4u9-GTa7US"
"goeran.zannelli@edu.tbz.ch"|"aIVknh-%P&e58-MzjgiL"
"gerald.leathlay@edu.tbz.ch"|"uAv1TM-fSZBSM-L1NqE&"
"andreanne.chown@edu.tbz.ch"|"fjLhP1-4QOkmm-63LDSS"
"esteve.clementel@edu.tbz.ch"|"yr#360-I3euJ1-8AnI4m"
"leone.legan@edu.tbz.ch"|"JeN%FH-y3bl5$-o83JTr"
"maena.pownall@edu.tbz.ch"|"#T624p-GKSs1b-s9c4gK"
"andree.rettie@edu.tbz.ch"|"$b7XJe-j$3BM3-XgzQ#5"
"ines.kenwrick@edu.tbz.ch"|"ZXmoZs-9aRAz&-HUYH5H"
"marie-helene.yarnall@edu.tbz.ch"|"e8HF8X-UYWHkY-1p52Sy"
"po.martin@edu.tbz.ch"|"dQVwNj-1cIIfR-eL#YXY"
"ruo.celiz@edu.tbz.ch"|"aMeRwj-pIiYO2-@$nZRr"
"po.bissett@edu.tbz.ch"|"zAHeJ&-OVe&sl-7Xa6Jx"
"du.swindon@edu.tbz.ch"|"V%GQqk-gUxFVU-bkDisA"
"interessant.gouldthorp@edu.tbz.ch"|"c%Kev9-eLP1iV-0lgmdt"
"leandre.lilburn@edu.tbz.ch"|"l37glX-1lwFA2-XqKl2&"
"bjoern.whales@edu.tbz.ch"|"%lRRjs-0L5nqy-uN#%d4"
"interessant.dieton@edu.tbz.ch"|"KFxfiq-lL6VX0-j0IEXF"
"celestine.redhills@edu.tbz.ch"|"thnr#7-McXgeO-bmE8lx"
"tan.yakovlev@edu.tbz.ch"|"gNfPfd-y4WCNY-zs0BeT"
"regine.mcdowell@edu.tbz.ch"|"ZUH5HZ-&PpxEm-nXPjY9"
"ju.coysh@edu.tbz.ch"|"TeQuP#-TnSI8&-EynxWe"
"reserves.ofallon@edu.tbz.ch"|"xtHXdJ-njWCp$-fd@Bi4"
"frederique.sobey@edu.tbz.ch"|"ofYFUf-Cpmu@2-$bXVFs"
"marie-eve.garstang@edu.tbz.ch"|"V@tjfL-tzjML0-#N5a0s"
"andre.tapin@edu.tbz.ch"|"hs1kgL-ioJx1W-1ZyFe#"
"esbjoern.eynon@edu.tbz.ch"|"gSSFXz-FIKhOt-rCGHF%"
"maella.duffy@edu.tbz.ch"|"A3nDzL-@2hZNE-d4vZBz"
"leandre.twinning@edu.tbz.ch"|"vHST5D-ySi%P$-@1JmOE"
"mai.whittingham@edu.tbz.ch"|"AAZXj8-Nqw46g-#mUzP7"
"rachele.shevelin@edu.tbz.ch"|"M4aYpE-pE5fWD-eg$I$s"
"cecile.mcure@edu.tbz.ch"|"NlwNRb-6l179E-D04B&s"
"marie-eve.yurkevich@edu.tbz.ch"|"A5H1oH-wq04ax-KCB1Y3"
"almerinda.paice@edu.tbz.ch"|"dSBsD4-jMl367-I08rf0"
"rao.howkins@edu.tbz.ch"|"eLj64I-95eUkL-V77wSp"
"serena.pack@edu.tbz.ch"|"lJMF$P-B&$Hhl-LvgXwz"
"rebecca.mant@edu.tbz.ch"|"o9%SMH-P7lZv6-zRzU8A"
"reserves.spitell@edu.tbz.ch"|"DYk%gc-#Hz#yK-oAW7eH"
"garcon.hamfleet@edu.tbz.ch"|"wAkdm4-zE08R4-WgzFwP"
"methode.kerkham@edu.tbz.ch"|"CuCJIK-Dob7pN-Fri5dh"
"pelagie.camies@edu.tbz.ch"|"UthYKU-Ij$NiD-7Mug6f"
"josephine.macpharlain@edu.tbz.ch"|"zVZJG&-1WHz#5-uW3UEt"
"eugenie.mathet@edu.tbz.ch"|"Ja&prh-JeweRz-dUwgGR"
"gaetane.brangan@edu.tbz.ch"|"@es3#f-SHmedo-a5YK4y"
"michele.dewbury@edu.tbz.ch"|"pnWm%5-G7pLKd-@#0fiQ"
"eugenie.elcott@edu.tbz.ch"|"2yDq9t-oIaXH4-Qf6oth"
"megane.harniman@edu.tbz.ch"|"R6Me9h-fAjuOu-tbFV78"
"agnes.cluney@edu.tbz.ch"|"VoVtcw-av0yQt-MrWRan"
"marie-helene.angear@edu.tbz.ch"|"eiiJJ9-1ywkWx-3HKh2I"
"melia.dolphin@edu.tbz.ch"|"zTli6a-ZAxdtw-Kqp4wz"
"lois.ruseworth@edu.tbz.ch"|"#Xc1uV-vEpVUA-#kRddh"
"mailys.ryding@edu.tbz.ch"|"dhjY$X-qZTcOr-Ny07QV"
"rachele.wulfinger@edu.tbz.ch"|"h%9jId-XcIGQj-XxhGb2"
"gwenaelle.talton@edu.tbz.ch"|"ufFKFO-ONs3KK-Itnc7H"
"long.ronchetti@edu.tbz.ch"|"Qlrg0w-Ic2@Wq-OtAm9X"
"styrbjoern.kloska@edu.tbz.ch"|"@XIvsP-A9iL5R-PiF5iB"
"len.sudran@edu.tbz.ch"|"GxkcFn-bI2W76-3Z$0dD"
"maelle.andrysek@edu.tbz.ch"|"s4OuYU-dXg#l2-bYiZCw"
"selene.senior@edu.tbz.ch"|"Xiyahn-G6M#yW-%K3Y$C"
"anais.joskovitch@edu.tbz.ch"|"S@$ThE-cl2C0r-r8$IhR"
"marie-noel.dally@edu.tbz.ch"|"l@kbzE-FAfErP-Nn0&vM"
"marie-helene.laurence@edu.tbz.ch"|"Ec5mOG-Sz@Kqh-vkU@32"
"camelia.foxon@edu.tbz.ch"|"%A$ab6-y%4I2W-#ZN2zo"
"helene.cankett@edu.tbz.ch"|"@AeFpy-q82bfw-SYGkS1"
"marten.mitchelson@edu.tbz.ch"|"nEeHJ#-b%ViMN-5rOf&1"
"helena.stirtle@edu.tbz.ch"|"ogyHM3-ui45Fs-125npB"
"leane.barmby@edu.tbz.ch"|"OAbA8U-VJW$9P-H%9Aa2"
"goeran.ofinan@edu.tbz.ch"|"AasaR&-4wf6$r-YVrca%"
"styrbjoern.proby@edu.tbz.ch"|"JdGDXB-KRD2TU-yNS@Aq"
"zoe.halse@edu.tbz.ch"|"I%IB8p-B29zB@-gYR4sp"
"kui.drable@edu.tbz.ch"|"e%Mt7a-qV75&P-&s8YgP"
"desiree.bamford@edu.tbz.ch"|"VQrtHM-@QgY#X-z3e%RO"
"zoe.suller@edu.tbz.ch"|"lFfViX-ec7&w3-WHPuds"
"marylene.audiss@edu.tbz.ch"|"HX9#nJ-wsSjAW-dFguOi"
"adelaide.poznanski@edu.tbz.ch"|"I83gYv-FuriuJ-V@a#Kp"
"maella.coleyshaw@edu.tbz.ch"|"5&2Itk-m4yWlC-PqcnSP"
"marie-francoise.gelder@edu.tbz.ch"|"12OVY3-hZvVeS-uhAVir"
"eleonore.chaffyn@edu.tbz.ch"|"oyKr99-wk4gig-uFEdz2"
"celestine.sikorsky@edu.tbz.ch"|"4LLs6E-ytCm84-o8$Trz"
"stevina.londsdale@edu.tbz.ch"|"lgXSPC-AP%hLa-%&L#CE"
"maiwenn.nevitt@edu.tbz.ch"|"UQRuGq-dWx%6r-0NAl%p"
"magdalene.gerrey@edu.tbz.ch"|"xj7kkR-BM&pBe-0WcbtX"
"becassine.latimer@edu.tbz.ch"|"5u3WB0-%rZG1F-h2i2Kf"
"da.lethibridge@edu.tbz.ch"|"hxkKif-yI7kq&-&bO4eu"
"mailys.claige@edu.tbz.ch"|"S7FTEg-5VPUWl-laqGFu"
"maena.torbard@edu.tbz.ch"|"Oh4bwS-yvg38t-xTz1ir"
"solene.lyvon@edu.tbz.ch"|"Whk5$b-$WNr@Z-zkqrA1"
"marie-therese.benbrick@edu.tbz.ch"|"@rEXRl-imCSEo-YSleIl"
"gerald.edmonson@edu.tbz.ch"|"gg3tAk-MQ4Ff@-DS94GH"
"ake.messruther@edu.tbz.ch"|"QMVR1Q-KVvYYr-l&f5Yw"
"men.gosneye@edu.tbz.ch"|"29Chzb-pzb8Kl-aP$2K6"
"anais.jefferys@edu.tbz.ch"|"CmV6fL-$L%0yM-Ch5l3l"
"publicite.tregale@edu.tbz.ch"|"pqej0z-AcUjsg-u6mb$C"
"maily.santorini@edu.tbz.ch"|"%iv2Tn-WQc7dm-vlFME7"
"ines.pioch@edu.tbz.ch"|"4$jwGI-8x6&wm-VvO&s9"
"noemie.marklew@edu.tbz.ch"|"pTK&wr-c#vcLP-4vpiLk"
"meghane.maccaffrey@edu.tbz.ch"|"#cplnD-kKC2Jj-ZonRI8"
"berangere.ambrogio@edu.tbz.ch"|"GwmIq7-qRcyKZ-3f7myQ"
"mediamass.ryce@edu.tbz.ch"|"guAhkZ-A2cDbj-6Fvm6N"
"oesten.ubank@edu.tbz.ch"|"kgx4Z3-x7DbIX-k@dMPZ"
"melina.mackee@edu.tbz.ch"|"dfYFV6-yls9dc-GjlEWw"
"theresa.livezey@edu.tbz.ch"|"l6y29c-8P%VTf-6axFw7"
"clemence.weal@edu.tbz.ch"|"JeIOq0-GIuBFD-9U3Lz8"
"faites.overton@edu.tbz.ch"|"QuJytL-j8cNPd-E898@g"
"clea.lindblad@edu.tbz.ch"|"GlJTDV-QlNFZz-sYaSkG"
"josephine.roseaman@edu.tbz.ch"|"TrImVH-9y$#KS-3SK#eo"
"oesten.lowbridge@edu.tbz.ch"|"K85pVW-4UO5C&-dvCin@"
"marie-josee.brion@edu.tbz.ch"|"BvA3Kn-OdEWTC-ZtT&4L"
"therese.basili@edu.tbz.ch"|"1MYMst-vF9qF6-94zsOm"
"melia.vertigan@edu.tbz.ch"|"4Gj6kG-fcDgYC-hE393J"
"judicael.saull@edu.tbz.ch"|"3nAZ%A-9Qtx&T-IVc18R"
"selene.valentine@edu.tbz.ch"|"9OmBbh-mC0Kmx-YvqxwD"
"verane.dunlap@edu.tbz.ch"|"&KPDAW-JiGUnr-gBePFX"
"meline.kinnear@edu.tbz.ch"|"SaBBeY-zjuXcw-vtjtaG"
"lei.luttgert@edu.tbz.ch"|"SpCSk@-Sr3E42-yjkCyv"
"styrbjoern.lathleiffure@edu.tbz.ch"|"bw8U30-A2V#mE-VuGFSl"
"marlene.blasi@edu.tbz.ch"|"hTLZm5-HBLpdv-%GgBBf"
"mai.begwell@edu.tbz.ch"|"TPCMD0-HHs#fl-ixf6K#"
"gwenaelle.kaines@edu.tbz.ch"|"Haeyvy-FO4EI0-iy0bDR"
"gerald.adamthwaite@edu.tbz.ch"|"ZSYUt$-o0veoJ-SE6@iw"
"kui.hartfield@edu.tbz.ch"|"YSC9fH-qQx$xX-zgGXxg"
"salome.currao@edu.tbz.ch"|"NmGnEV-gAHhqh-%$fj$h"
"angelique.tixier@edu.tbz.ch"|"5CXYXJ-4gMfmh-5NnYOq"
"ju.mcgragh@edu.tbz.ch"|"PwTME$-9MIzr&-l2P&jD"
"dafnee.beachem@edu.tbz.ch"|"AqiqlF-Pu&B@l-5cE#Gy"
"creez.terlinden@edu.tbz.ch"|"JYP5Pb-unrGx7-5K8hMM"
"uo.mcskeagan@edu.tbz.ch"|"mpTVE0-yrJqv1-wXzX8h"
"edmee.mccaughren@edu.tbz.ch"|"Px3sU2-iaRGHW-3WEg8k"
"asloeg.cozby@edu.tbz.ch"|"$@Ruh3-Y&qeCs-EZIe@W"
"melodie.traite@edu.tbz.ch"|"P7FfxC-LBLN#A-@204$u"
"dorothee.aindriu@edu.tbz.ch"|"zNLjaw-tt0kv1-gJcU6b"
"daniele.doley@edu.tbz.ch"|"OIZN3@-J4iW1B-HfkCW$"
"mediamass.fairclough@edu.tbz.ch"|"60bJ8P-lYHFpo-Dq3HaE"
"lorene.rainforth@edu.tbz.ch"|"PRf55B-xoMVem-5LYRP9"
"leonore.eyer@edu.tbz.ch"|"slvH7d-x0n7N9-U%esML"
"po.spillman@edu.tbz.ch"|"aU$rHI-SJMZKT-078gCV"
"cecilia.plitz@edu.tbz.ch"|"0GkiF0-@5tIrM-%X5%GG"
"lorene.ludlow@edu.tbz.ch"|"&lM6Mz-r4Uplu-AhHTba"
"berangere.neligan@edu.tbz.ch"|"kQP0fY-xP2eDv-Gb4HvY"
"simplifies.huggan@edu.tbz.ch"|"70ol3R-dW50mc-Vh#c$l"
"clelia.prandy@edu.tbz.ch"|"ffFOOp-VYBiw@-kWhURn"
"ake.osban@edu.tbz.ch"|"RT6Ons-6oazT5-mCFtiP"
"cunegonde.brunn@edu.tbz.ch"|"rjX9V7-MlxY1N-gtBmhX"
"long.grizard@edu.tbz.ch"|"B3eLSg-F#zGFk-lFPLIh"
"meghane.diss@edu.tbz.ch"|"10JW1o-HATGg$-%XHAMP"
"therese.oldman@edu.tbz.ch"|"3dH$Ap-kBwueP-0Hp8Vj"
"boerje.scamerdine@edu.tbz.ch"|"avWIqp-kEYRkz-Kew4&Y"
"du.saban@edu.tbz.ch"|"hJ4W4L-nzNXR0-iXmO4S"
"hakan.clynmans@edu.tbz.ch"|"Yi$RXo-yCeG23-sGMKCr"
"wa.macdowal@edu.tbz.ch"|"ZX@Fuq-iVOuoa-ET@hNe"
"venus.hatrey@edu.tbz.ch"|"obyY&d-t@lAsy-0#ZL&y"
"anaelle.vispo@edu.tbz.ch"|"03ujF5-gwcSn#-6AYGK3"
"mahelie.ollcott@edu.tbz.ch"|"NorvKc-U4s5UF-ATc2$N"
"mediamass.whyman@edu.tbz.ch"|"LqAEiP-zKX&u0-52ij4B"
"esbjoern.basson@edu.tbz.ch"|"2Y5Oup-qVOSli-sra&$k"
"andrea.morrill@edu.tbz.ch"|"r1jxWT-xt&Amd-j%iL&R"
"melys.grassi@edu.tbz.ch"|"bNaS6p-##0V03-e0oHrV"
"leone.poleye@edu.tbz.ch"|"50@2Vf-N2tZj0-LNRhBU"
"francoise.penny@edu.tbz.ch"|"BfkwmA-d6fxe1-xTIqUT"
"rebecca.edney@edu.tbz.ch"|"DeUHfN-tJhuSw-kgXQ0e"
"adelaide.murtagh@edu.tbz.ch"|"V6gQ2C-6#nDvk-15Ttc2"
"stevina.winterbourne@edu.tbz.ch"|"VkrpA3-8peASF-6DI0J1"
"ma.cottom@edu.tbz.ch"|"G5&QCV-ohY13#-pEpxt%"
"tan.harold@edu.tbz.ch"|"bP3#7D-Gr9qQz-XNJ7x3"
"venus.forte@edu.tbz.ch"|"d#DlYI-#r8F30-fOkWLZ"
"almerinda.oluney@edu.tbz.ch"|"urRz8h-fZ$79s-ZK4lTC"
"cleopatre.brehault@edu.tbz.ch"|"e8v97l-cD07Nk-uh%dhF"
"interessant.lapides@edu.tbz.ch"|"HWiS3j-vW&0kP-EUJJ1a"
"reserves.hallatt@edu.tbz.ch"|"BOnv1b-4A$DWj-BFkFk9"
"annotes.birdwhistle@edu.tbz.ch"|"qxXIm#-S$l6Kg-lyjRqE"
"ai.dredge@edu.tbz.ch"|"OsDwKH-TMv#AB-linWBt"
"megane.mussard@edu.tbz.ch"|"eaB1Ic-MPiEk2-$7oVm4"
"esbjoern.gowrich@edu.tbz.ch"|"iyPhii-#NGN@h-#5K6RX"
"boerje.brislawn@edu.tbz.ch"|"yMDZ@g-akHEDG-J5zmum"
"becassine.wilce@edu.tbz.ch"|"4et4Nc-CbV&Ln-PDCPOV"
"personnalisee.oels@edu.tbz.ch"|"FgsvOS-Ot00e1-uF$2zE"
"verane.pett@edu.tbz.ch"|"mWlKfZ-iqXJdV-3FLNi9"
"marylene.glewe@edu.tbz.ch"|"syqf36-$j8yiB-9yFVKP"
"lai.elson@edu.tbz.ch"|"E3SsNZ-B0Rmbb-#4RAOR"
"serena.difranceschi@edu.tbz.ch"|"t4$KAM-ZJAu%Z-GEC0TK"
"lie.espinel@edu.tbz.ch"|"osfiNW-#hPwAR-#Vu3Mx"
"marylene.fantini@edu.tbz.ch"|"egVXoZ-Ei34bu-h0LFWf"
"andre.archdeckne@edu.tbz.ch"|"ELbX#p-EP89nc-#rGtSL"
"goeran.bohlingolsen@edu.tbz.ch"|"mrQdVJ-Tq6YpZ-d85qFc"
"cunegonde.heffer@edu.tbz.ch"|"o@Jvaa-9yf11b-U6R@1z"
"tan.fechnie@edu.tbz.ch"|"yUZCwq-XYjolm-3ya8Xo"
"marie-noel.brammar@edu.tbz.ch"|"SIsiMx-oGbBdz-sQqCsM"
"simplifies.aven@edu.tbz.ch"|"ObaDuB-YB4kAA-1ZydCc"
"melys.pinchen@edu.tbz.ch"|"R9Q$f#-n#WXtM-2cRCF&"
"edmee.joyner@edu.tbz.ch"|"LXjmX4-yt3xOt-3saZxW"
"berengere.edess@edu.tbz.ch"|"L&nkw7-k$je&a-X#IF50"
"marie-noel.goward@edu.tbz.ch"|"86lZ%@-$9NYAl-3ciT7I"
"ju.edmons@edu.tbz.ch"|"zOYbZc-7keYz&-ecVlc5"
"frederique.airds@edu.tbz.ch"|"RwXW1p-qiR2#u-GyHGFr"
"reserves.dauby@edu.tbz.ch"|"Xddw0t-4Sn9$F-SOopeY"
"hakan.gynni@edu.tbz.ch"|"1&dFAk-p9Vx$Y-maEBxh"
"leonore.pinwill@edu.tbz.ch"|"$z2aLc-31zMr5-fXjbTE"
"marie-eve.mcallan@edu.tbz.ch"|"ZO37Yk-F9jO5J-ho94K5"
"naelle.yeabsley@edu.tbz.ch"|"S1oIFL-tofglG-UA0sNU"
"nelie.jacobovitz@edu.tbz.ch"|"MEj9eA-LzMsEV-PIvi#A"
"adele.conelly@edu.tbz.ch"|"9G9sQz-zjFspl-$5AD%d"
"clementine.dondon@edu.tbz.ch"|"ez6oNe-SLw9g9-6xQ#N9"
"zhi.willcot@edu.tbz.ch"|"bkOqfo-nXRVFg-ZRYKpI"
"chloe.janicki@edu.tbz.ch"|"xx6MVD-STYplR-w8I1Bd"
"meng.linde@edu.tbz.ch"|"zFxCIx-Bxwlc2-m715#1"
"celine.janisson@edu.tbz.ch"|"urIRd0-Uwjz9J-i2vPa2"
"clelia.crow@edu.tbz.ch"|"TBOOhT-flMGEm-PIe2s7"
"cecile.pyott@edu.tbz.ch"|"tq3amp-Rzbzpw-Ri8tVp"
"ma.fidelus@edu.tbz.ch"|"dU4P%Q-0&SYLL-GlAvDB"
"marie-helene.poore@edu.tbz.ch"|"$GHdU8-ZrjarR-M%ZMn3"
"elies.blanket@edu.tbz.ch"|"ViaatK-sHEEKj-MBfFrD"
"yu.boyer@edu.tbz.ch"|"@4h%lE-f0nIxg-#tCC@m"
"celia.welds@edu.tbz.ch"|"l7qB24-rxZnG$-XFnQVk"
"du.gunney@edu.tbz.ch"|"l#q#LJ-HlcKt5-mqs4#4"
"goerel.crush@edu.tbz.ch"|"VGeq#C-IY3TbU-hQ486b"
"marie-josee.brosius@edu.tbz.ch"|"UDJJQV-Td$b4I-encIhp"
"camelia.adds@edu.tbz.ch"|"jQ6#%u-KE1&j&-E2b2Wv"
"anae.irwin@edu.tbz.ch"|"Mm01ff-u%1gaf-MkCl4c"
"cleopatre.skeffington@edu.tbz.ch"|"YtVdNA-pPhKkb-6TrZtT"
"gerald.suggate@edu.tbz.ch"|"MNlu#N-CO6zsr-N89WCq"
"laurene.tailour@edu.tbz.ch"|"e0$jw8-w40av#-Uddcym"
"amelie.hoble@edu.tbz.ch"|"$96mUy-0$QSnI-Fj4fY3"
"venus.getch@edu.tbz.ch"|"norSux-cYOsc0-k0udBQ"
"renee.treby@edu.tbz.ch"|"UUWrk$-XabUb4-a75x2d"
"almerinda.stait@edu.tbz.ch"|"nHzjfx-8EpXOa-E7COdk"
"andree.reddecliffe@edu.tbz.ch"|"%eWEXV-A0sLES-vtPQYM"
"leone.wintle@edu.tbz.ch"|"ssIZj1-MHCGQ#-N#ZKCN"
"gerald.fellow@edu.tbz.ch"|"$ZEdQv-@kG#lg-9C%vKA"
"ju.gudger@edu.tbz.ch"|"EFX&1A-N3Re$&-ZOu#D#"
"meng.ohaire@edu.tbz.ch"|"dv85PN-Y$FkJs-Kg85R5"
"cleopatre.missington@edu.tbz.ch"|"RYy$yB-A8a#6g-MJ0UT@"
"annotes.debruyn@edu.tbz.ch"|"jNCFGW-I2#X9B-38I4rG"
"gerald.sinisbury@edu.tbz.ch"|"oKvYLM-ZQ2sBw-EVi6Ua"
"creez.slora@edu.tbz.ch"|"Sd$2AL-GHfGLG-Ro22@v"
"gisele.benbow@edu.tbz.ch"|"K3vNn4-IbNZS%-%i5s8V"
"pal.dossit@edu.tbz.ch"|"dlpdkh-xOLvH5-MsyGn@"
"nelie.stirrip@edu.tbz.ch"|"d9s$QO-TGXE34-rgqzCT"
"alois.ocrigane@edu.tbz.ch"|"mOQN2W-m5vGdw-6hnf6N"
"kui.mcterry@edu.tbz.ch"|"$Or2qn-HBq@#Q-q$qGSb"
"long.willgoss@edu.tbz.ch"|"eAlUjl-R$vcfM-RRL#tn"
"francoise.sumpner@edu.tbz.ch"|"0FsvGX-KrJr#a-FDB0ND"
"maely.grinstead@edu.tbz.ch"|"PbQ8@P-Z6xqc%-403OSi"
"creez.langeren@edu.tbz.ch"|"o#hfsY-k&6OAH-tEW3@U"
"adele.dungate@edu.tbz.ch"|"fx@M9s-rm4Dy$-Sk&old"
"cleopatre.noirel@edu.tbz.ch"|"sKCuCH-GKFGxM-&lBLvq"
"interessant.daverin@edu.tbz.ch"|"n#$taN-0LGj6D-wFS6YI"
"naeva.kalderon@edu.tbz.ch"|"wKe72J-G9QO0j-2JmKJn"
"anais.oshesnan@edu.tbz.ch"|"TkVvih-wzuLPR-OeLV&N"
"judicael.anelay@edu.tbz.ch"|"vGTXBC-32wHpk-djA6jZ"
"eloise.braxton@edu.tbz.ch"|"M9rfa7-7bvfM3-1vlx&w"
"desiree.greguol@edu.tbz.ch"|"YJY5Zh-lPK$Zd-bYjSKX"
"maite.mcclenaghan@edu.tbz.ch"|"oHYOUt-bBbUU5-R8oiaM"
"meng.doret@edu.tbz.ch"|"n3aF3I-sj8pwy-v1hKg3"
"frederique.chippendale@edu.tbz.ch"|"kZnoq#-m3EpHI-uajZM1"
"andreanne.lanney@edu.tbz.ch"|"Ou&Z%X-fAgjVD-tKQVDn"
"aurelie.claus@edu.tbz.ch"|"EJUQAg-csKVDg-U6JO75"
"renee.pabel@edu.tbz.ch"|"GV0IOR-L%hJTv-DsS8j$"
"maena.roust@edu.tbz.ch"|"WMeuSf-ac$jFs-$O8Ohe"
"nadege.carwithim@edu.tbz.ch"|"ll%6#N-EARFLp-sCAtxK"
"solene.geyton@edu.tbz.ch"|"JfcOk#-o7@wy2-e7KJ0A"
"dafnee.avraham@edu.tbz.ch"|"LQ6xHj-Wetm@Y-2YcDTQ"
"leane.woolvin@edu.tbz.ch"|"oNQx1P-ShFoNc-ShvSlq"
"adele.macadie@edu.tbz.ch"|"izlpry-x7h#P1-u55Iax"
"meline.rubica@edu.tbz.ch"|"bw2ozr-vj5Ldi-qLUM&W"
"marie-noel.speeding@edu.tbz.ch"|"aym6Z1-Rsi4WY-NvvpN#"
"nelie.mix@edu.tbz.ch"|"Znw4AE-fHkyjP-1avIeC"
"clea.ollett@edu.tbz.ch"|"fG8mw0-Z1u4ur-tins8H"
"leandre.mcgavin@edu.tbz.ch"|"Vk6PaD-3WOllg-mY334i"
"cecile.behne@edu.tbz.ch"|"y@#VDk-8GEkms-&&94HJ"
"melanie.polle@edu.tbz.ch"|"%3g8JY-Wg08I5-gFjDHU"
"marie-josee.titmuss@edu.tbz.ch"|"4K42JD-DfLSJb-W3z0nT"
"helena.guest@edu.tbz.ch"|"8klyy@-G&e$GG-Q#oB0e"
"annotes.chicchetto@edu.tbz.ch"|"x6IOcw-ED6cdN-hs1MvF"
"melia.tubb@edu.tbz.ch"|"@wC13e-cTTCEt-YuWNeD"
"angelique.casetti@edu.tbz.ch"|"6RQPSp-1t#8gP-Hh6sFb"
"cunegonde.cleall@edu.tbz.ch"|"R0p3jU-2J1hPx-WAcdRf"
"camelia.oaker@edu.tbz.ch"|"%NsSBS-d%vqS6-kWv1xv"
"you.searight@edu.tbz.ch"|"WMKf1Z-5xFTkc-&DJfB3"
"kevina.dederick@edu.tbz.ch"|"SWPg$#-#@FnCz-W$btGH"
"milena.jeffrey@edu.tbz.ch"|"jeHQW%-F8&OCZ-e9iVsP"
"melodie.barkshire@edu.tbz.ch"|"jABKnv-%A@ohe-Tw04IQ"
"gaelle.kreutzer@edu.tbz.ch"|"&CAOIi-Xd&&D$-Tq2tv1"
"kalliste.kleinpeltz@edu.tbz.ch"|"12PY0x-O#P0F8-37ohFQ"
"clementine.danat@edu.tbz.ch"|"o6xwVu-ZYuRUo-m4@VDh"
"andrea.wabb@edu.tbz.ch"|"ZeZ2%X-eT%%M#-wR&iBR"
"geraldine.piesold@edu.tbz.ch"|"er%s60-Jqtls#-j7pLeq"
"tan.fiveash@edu.tbz.ch"|"kTOJQ8-$H2Vu$-4QdKFn"
"meline.yuranovev@edu.tbz.ch"|"4x1BJX-oARsRH-5kf&m#"
"therese.holme@edu.tbz.ch"|"W@9WBL-s3Sw5D-nslQyl"
"salome.vaney@edu.tbz.ch"|"MkyzB$-6259F#-kj&&ov"
"anae.abramson@edu.tbz.ch"|"SFPU7K-$x1070-hQ04Dk"
"kalliste.jimson@edu.tbz.ch"|"xyb3zW-VrVo92-c44um%"
"selene.yole@edu.tbz.ch"|"yBbvI6-#fLDj0-tW8yhN"
"agnes.defraine@edu.tbz.ch"|"%hSK$u-xT3qk2-efhn1Z"
"faites.mccluin@edu.tbz.ch"|"EjDm$s-XyeqU3-#FUZNr"
"athena.deme@edu.tbz.ch"|"2vEJ%f-Knujbv-61DWJm"
"daphnee.brigstock@edu.tbz.ch"|"%71ipi-ghRF#l-#JIa&2"
"goesta.skaif@edu.tbz.ch"|"puopSg-4SKnNu-ux@%C$"
"oceane.jagoe@edu.tbz.ch"|"eSFgK0-Wf4tEl-s53DzK"
"annotes.broomhall@edu.tbz.ch"|"Sv9vNH-v$$lue-Bv0alP"
"marie-eve.ballendine@edu.tbz.ch"|"@koHua-dz#gLr-4#IUuF"
"melina.spykings@edu.tbz.ch"|"qshl3U-pjraKp-cjRHV7"
"laurene.ticehurst@edu.tbz.ch"|"3wYIn&-r@jmxU-WLz3Jj"
"fei.avramovic@edu.tbz.ch"|"06IDub-yEw7qX-nLdAWL"
"publicite.strathearn@edu.tbz.ch"|"8yNM6v-7b8es4-%1mVj%"
"torbjoern.garrow@edu.tbz.ch"|"Rg#DRW-KginRX-VRmN&6"
"chloe.rubinsztein@edu.tbz.ch"|"OcF1es-$yv#PQ-G$$8f4"
"mylene.demanche@edu.tbz.ch"|"Upz@Uc-#pbCtM-QBn3JJ"
"mediamass.godlonton@edu.tbz.ch"|"0Y2bvX-xnhZtR-pvpmNQ"
"renee.shurrocks@edu.tbz.ch"|"pQdgZ5-cLofWg-JsSqF6"
"maiwenn.jedras@edu.tbz.ch"|"V7M4hC-E1THyR-76Ra&A"
"genevieve.castells@edu.tbz.ch"|"kxHN8o-2RoW%5-X6#qBq"
"renee.sneden@edu.tbz.ch"|"Y$q0W3-f#ITzV-NTQv4P"
"lai.mccallion@edu.tbz.ch"|"lVrJ93-@PRZB5-f1FSuZ"
"kevina.impleton@edu.tbz.ch"|"12NQUe-EyMMUl-#Prj&&"
"oesten.fresson@edu.tbz.ch"|"5BhOs0-BIZA@x-kxMnDJ"
"verane.shawley@edu.tbz.ch"|"HDkTZx-mfGFhl-QlRkw7"
"uo.sjostrom@edu.tbz.ch"|"TrWXwy-PqXeiR-5s54Z2"
"gisele.gothup@edu.tbz.ch"|"1H@6#3-h28$7V-IFr7#9"
"renee.beauman@edu.tbz.ch"|"3J%Ef2-IqHXtd-e6vhFi"
"elies.loton@edu.tbz.ch"|"GPjn9w-oKEsSY-BGIl5A"
"valerie.elsmore@edu.tbz.ch"|"WK7Fb&-AlSM3G-s6@JpG"
"berangere.delafeld@edu.tbz.ch"|"b5aytI-UwpZnO-N$ckcI"
"bjoern.schimke@edu.tbz.ch"|"$pB2gd-cGv0K5-V4#SIk"
"loic.ericssen@edu.tbz.ch"|"x$@Jmn-8Dt%Ze-xPeDfF"
"creez.richarz@edu.tbz.ch"|"C4DhFd-m%uawO-j6ccn6"
"athena.grocott@edu.tbz.ch"|"nh$sx&-nDDyEA-AahimM"
"naelle.piotr@edu.tbz.ch"|"P%4FPc-GUjlGu-uOUmrY"
"maella.paulson@edu.tbz.ch"|"Hos70Z-2ha7wd-I7BDLt"
"song.perot@edu.tbz.ch"|"$y@&NR-XjQyG2-qiO68b"
"kalliste.heckney@edu.tbz.ch"|"udMAT%-0IVxx4-YE#ZYa"
"ake.vasyutkin@edu.tbz.ch"|"DUkBNO-ssD$Fb-d5blLy"
"ma.castles@edu.tbz.ch"|"1S2Mbo-2FlLKV-R9I59A"
"maely.monget@edu.tbz.ch"|"gp&I44-cAh2A@-GHYEmX"
"tang.durbridge@edu.tbz.ch"|"d2aJmO-EpH&Bg-nz2mfk"
"laurene.andrew@edu.tbz.ch"|"o4$hch-@cYmS0-QWPYSa"
"lysea.beacon@edu.tbz.ch"|"vOJG#S-uUHc%O-0lCQoR"
"leandre.peyntue@edu.tbz.ch"|"$3g@LF-qMjFHK-nGXP2g"
"rao.trever@edu.tbz.ch"|"W&kxA4-I80Kg3-5Roxf9"
"mahelie.streader@edu.tbz.ch"|"rg9sld-8sS6ne-5ALS2p"
"maerta.andrejevic@edu.tbz.ch"|"SNtJlx-NR%i@R-qhsHI2"
"goesta.tompkins@edu.tbz.ch"|"c5Mfl%-qBD7#0-CmCLHL"
"helena.agates@edu.tbz.ch"|"th#QCh-IaeFV8-QRLesR"
"therese.glass@edu.tbz.ch"|"$@UZv4-2eW5OR-iBZ0on"
"alois.foan@edu.tbz.ch"|"IAr&Hf-zcSGCW-cE#18m"
"becassine.melchior@edu.tbz.ch"|"OXh$uU-@ClJbD-PCjhp5"
"cloe.robart@edu.tbz.ch"|"65$hvi-2dWmWS-dJHCiq"
"daniele.puckinghorne@edu.tbz.ch"|"tTPJIv-uI&YxC-eO%BSd"
"selene.cammidge@edu.tbz.ch"|"Icyid5-sAn7Pe-KKiL#M"
"regine.conochie@edu.tbz.ch"|"g0$igU-qUk5kB-sq2R9O"
"interessant.tuiller@edu.tbz.ch"|"SVnMJd-SF#vG3-oOqdbh"
"long.tiebe@edu.tbz.ch"|"hD$h1A-dQaPVy-rZYSjk"
"mans.yele@edu.tbz.ch"|"TB1ze%-E7VLvy-m%wc#T"
"ai.giles@edu.tbz.ch"|"5GLtzC-R$uv@g-uI$y8v"
"gaetane.hamberston@edu.tbz.ch"|"gsct8t-43foFT-nfcsZF"
"marylene.fenix@edu.tbz.ch"|"yZn1V$-WkiRgy-r4jpXb"
"geraldine.graeme@edu.tbz.ch"|"ndg58S-wn@T0o-JHrMoq"
"tang.kinglake@edu.tbz.ch"|"uniwa%-Sbk828-$#rFUJ"
"lai.challoner@edu.tbz.ch"|"UEo91q-x3%D2v-LosbA1"
"desiree.mattei@edu.tbz.ch"|"2q6k&7-UvK$Iu-gdHcmZ"
"ake.erley@edu.tbz.ch"|"gk@5LM-u1tIZ4-7o2yE1"
"edmee.cavil@edu.tbz.ch"|"APhZEW-NYuKAc-wrh6xf"
"alois.moyes@edu.tbz.ch"|"zm$wMc-T@ettK-zoFdSE"
"becassine.pitman@edu.tbz.ch"|"KoxE5g-F@OlAs-MNmngm"
"ai.giacovelli@edu.tbz.ch"|"NhDOwr-BOtuT5-Bowe4g"
"judicael.fruchter@edu.tbz.ch"|"C0lsmy-pW0lk2-vxQ%%7"
"mans.mogg@edu.tbz.ch"|"q8pG&1-K7FBSo-ZoXpvi"
"gerald.foyle@edu.tbz.ch"|"o69Tmv-Wh3BCS-wPLeqo"
"wa.androletti@edu.tbz.ch"|"RkLFA2-Yx63kJ-i02%%K"
"meng.ollett@edu.tbz.ch"|"oFXBhg-DBFtEO-bZCpl4"
"naelle.macmenamy@edu.tbz.ch"|"&mXfqN-oV&Pez-SzWyib"
"gisele.mcramsey@edu.tbz.ch"|"iaQuji-uxuC36-armoo@"
"meryl.scolts@edu.tbz.ch"|"&Y0c14-uqnBEb-$e11om"
"celia.bloxsome@edu.tbz.ch"|"4oOkyS-HtcfSb-Kx9Uq4"
"styrbjoern.stuke@edu.tbz.ch"|"9jIO%3-mrfRa#-yXv3H@"
"felicie.gwilliam@edu.tbz.ch"|"BMXutW-2T62do-MiCJSo"
"da.harms@edu.tbz.ch"|"hB&qdl-o7BH6z-Wr%gnW"
"celestine.baulk@edu.tbz.ch"|"%AsDUh-eWROT1-OhZ$oS"
"mahelie.blackledge@edu.tbz.ch"|"xTBTu5-Azz@nd-QHMz5m"
"meghane.salt@edu.tbz.ch"|"ZmZCc#-Q6JX84-KrwoqM"
"methode.paxeford@edu.tbz.ch"|"eOnLSb-Ubw7OX-Fv0Tan"
"asloeg.milligan@edu.tbz.ch"|"lol9D3-HUpDhg-hiRi1f"
"you.pellman@edu.tbz.ch"|"v70K@s-jaQ8WY-znOR98"
"loic.regenhardt@edu.tbz.ch"|"9q4max-d1A1$V-ZVeBuW"
"daniele.savill@edu.tbz.ch"|"SctCW2-tzloRD-OuF3Fs"
"alois.cornu@edu.tbz.ch"|"0lCENh-QlIfFB-OH4Wh2"
"oesten.govey@edu.tbz.ch"|"IAK359-RzkFQr-i4DVfH"
"marie-eve.louch@edu.tbz.ch"|"YHHEqJ-TTYz0C-E3hhSN"
"theresa.wenn@edu.tbz.ch"|"nrBL24-ssYi%P-8OP4$Y"
"andree.eul@edu.tbz.ch"|"BT#&CK-Ubsg4X-j2oa07"
"lie.paynton@edu.tbz.ch"|"gxxa3p-G9tppR-5VTO$F"
"marie-eve.girodier@edu.tbz.ch"|"1i28OM-5Tu6Ik-K4LBwj"
"marie-noel.smithe@edu.tbz.ch"|"HclkLz-PsABuM-BNZBWX"
"men.bootyman@edu.tbz.ch"|"LFTdN5-rIOpG6-%63hvP"
"ku.sugg@edu.tbz.ch"|"tWhu$r-FgbXQX-c1EiMU"
"lucrece.roseman@edu.tbz.ch"|"UK#7qh-zjxm1V-KIKRiu"
"zoe.annear@edu.tbz.ch"|"u7su21-$mp6rR-AYvus2"
"marie-helene.rennebach@edu.tbz.ch"|"dMth4q-yXRyJ1-2tawaP"
"lea.djurdjevic@edu.tbz.ch"|"GUZFD$-6wbkgc-ODna1B"
"goerel.robert@edu.tbz.ch"|"MPB1Q0-eWGNMf-51PZ5Q"
"mylene.foldes@edu.tbz.ch"|"Uv3iU$-U6uybw-C#yM62"
"faites.clegg@edu.tbz.ch"|"8Wbugc-5lMe6I-GKB05D"
"marylene.crowcher@edu.tbz.ch"|"HjJfbl-2rFJW8-@qS3TX"
"aimee.wimpeney@edu.tbz.ch"|"kpehZ#-#3Aobz-CvTn@S"
"renee.atkins@edu.tbz.ch"|"dSJfs@-OlKxqH-7nh&tj"
"rejane.cainey@edu.tbz.ch"|"j8Kyom-c6YQWN-W$8FIr"
"solene.britney@edu.tbz.ch"|"kS6b&b-b%0rh3-l$BV0T"
"marten.shatliffe@edu.tbz.ch"|"BoBM0S-jAdjDH-2#x06&"
"maite.issatt@edu.tbz.ch"|"%vAGQ%-UdOKB1-BIL&sF"
"maelyss.edon@edu.tbz.ch"|"QyyK69-kuHt%d-&lh1l0"
"nuo.bamling@edu.tbz.ch"|"fHXqcM-eV2eTY-aBzTH9"
"anais.edards@edu.tbz.ch"|"cJqvHp-#CnbqR-&RM2SR"
"mediamass.bromet@edu.tbz.ch"|"u1vWr@-H2&9QP-OxX9mg"
"beatrice.kimbrey@edu.tbz.ch"|"y$emHr-FWgSed-rUrZmq"
"ines.lawranson@edu.tbz.ch"|"KSj4Bh-euHMzb-qLpCpC"
"kalliste.scandroot@edu.tbz.ch"|"j%P8Ad-4vEtJB-tg%tBg"
"mans.barrowcliffe@edu.tbz.ch"|"IqLpaQ-4SFYFc-7WAN13"
"irene.couves@edu.tbz.ch"|"aWj1A4-xT6GMw-I3Hgjs"
"milena.mucci@edu.tbz.ch"|"#WrnnF-HGUCLb-x%U0Pp"
"naeva.cow@edu.tbz.ch"|"$nvsOW-hlC#3#-SXtBoe"
"audreanne.mournian@edu.tbz.ch"|"i8aAol-TNU8y5-fUSts4"
"melia.sinnatt@edu.tbz.ch"|"X$PFhV-wOW2vX-1ioMHT"
"nelie.burnard@edu.tbz.ch"|"XhzSJp-ndkfGm-WRVwPI"
"clelia.ashfull@edu.tbz.ch"|"x0gwct-zj3E7n-&m9ZMh"
"lie.macard@edu.tbz.ch"|"xf2i2E-7m&YuX-DuIeZO"
"valerie.matoshin@edu.tbz.ch"|"TG$rQK-qzNm65-HA@sZ4"
"anael.hatherleigh@edu.tbz.ch"|"C0UJ#D-D3PiiW-yTmShw"
"interessant.warratt@edu.tbz.ch"|"3sRVn0-AyQt6#-th1muR"
"eleonore.volage@edu.tbz.ch"|"dBm2ej-tspLcB-M2Aqqd"
"zoe.stebbing@edu.tbz.ch"|"1cyWGF-HATGN#-gzzF$D"
"alizee.nye@edu.tbz.ch"|"svG8%R-66k2xl-slPrsQ"
"celestine.bramley@edu.tbz.ch"|"CiUb9V-CY79rv-3s$vo6"
"selene.philcott@edu.tbz.ch"|"OC7g7P-X009XA-VB@Mfs"
"tang.newens@edu.tbz.ch"|"qItKQc-483hWd-G46$f6"
"annotes.powys@edu.tbz.ch"|"aaAIFE-F3gwxP-2airQO"
"lea.matthesius@edu.tbz.ch"|"wAAqRy-@o%qSC-Xk4#t&"
"illustree.garlett@edu.tbz.ch"|"4ZXRVP-E3YzOt-gzrhkb"
"maiwenn.meachem@edu.tbz.ch"|"xlSIt$-nm%tR6-@q8Ipf"
"marie-francoise.mcbrady@edu.tbz.ch"|"CwvKof-TZYX3j-Q0B#dy"
"illustree.gimbart@edu.tbz.ch"|"ctRek%-kRMNAK-OMmao8"
"melys.lyosik@edu.tbz.ch"|"CtPZm0-XnVUb7-QWf3gB"
"marylene.mcnab@edu.tbz.ch"|"k1KpHr-%n$nMk-$N&#Vo"
"gerald.blount@edu.tbz.ch"|"7yQxzD-eqR7TD-FFSQI9"
"clelia.shakelade@edu.tbz.ch"|"sQAB$j-wW7pvk-hiHrVQ"
"penelope.cridlin@edu.tbz.ch"|"L3PeMo-Ovn4XX-XG26Tk"
"maena.okuddyhy@edu.tbz.ch"|"nuv$8x-2jTEz4-ivKZFV"
"athena.keynd@edu.tbz.ch"|"YwpbWf-9xTnCM-KYb2jG"
"cloe.dwine@edu.tbz.ch"|"3eRE6i-GWQtE&-sN53Yh"
"josephine.browett@edu.tbz.ch"|"&gm5n9-qF8zBS-yd@TsL"
"audreanne.oscanlon@edu.tbz.ch"|"X42gKj-3bHl2#-XelPFf"
"fei.jeanequin@edu.tbz.ch"|"Sk2E0j-BnX7tV-PU3t8i"
"lois.gormally@edu.tbz.ch"|"hD$z4Z-a#Zv35-C@Rzf1"
"marie-francoise.finnigan@edu.tbz.ch"|"EKHzod-B6G&fp-21wUe#"
"leonore.trussman@edu.tbz.ch"|"XeYzJL-G#W1pT-s5fCCq"
"anaelle.trumper@edu.tbz.ch"|"y2ZCCE-lwxXRs-o2Ig2H"
"clemence.dionis@edu.tbz.ch"|"pv7Z$6-BCISd0-vAF#it"
"lois.tranmer@edu.tbz.ch"|"eb%F%b-4w346U-Y6cEtU"
"interessant.volett@edu.tbz.ch"|"3ntghM-%T@ciG-5as4s@"
"personnalisee.deackes@edu.tbz.ch"|"l3D6&n-IY5OPa-1ma@0D"
"lie.vasiliu@edu.tbz.ch"|"hchM3j-1E2MYf-P%p1RL"
"dafnee.lamputt@edu.tbz.ch"|"0bEMxp-8YjaDP-Qe4uzH"
"elies.bromige@edu.tbz.ch"|"QzkIRA-2s0JnZ-wCUmnc"
"helena.klosser@edu.tbz.ch"|"kqRwCk-UmiuCr-v1zdiS"
"andree.grim@edu.tbz.ch"|"&dEm4U-J15nzS-S&qoBL"
"verane.coldbath@edu.tbz.ch"|"CBT&gf-NeI9ah-1qto#j"
"helena.bethell@edu.tbz.ch"|"c&777&-3aRr$U-2d&K&m"
"kalliste.carefull@edu.tbz.ch"|"KaXAWm-mwCC@&-TwSmGl"
"regine.odams@edu.tbz.ch"|"mZv6Vw-xvstiV-lQbeEG"
"len.stannus@edu.tbz.ch"|"0FiCOf-zq9Ktg-E5SnQG"
"angelique.works@edu.tbz.ch"|"6KcNjK-B5MFOc-gVm1B6"
"goesta.rheaume@edu.tbz.ch"|"LpzPS3-xEZsKB-2efTpW"
"maelys.tynnan@edu.tbz.ch"|"f4j0wS-JoiPiX-UvWz9V"
"maelle.carlesi@edu.tbz.ch"|"vXVrS$-N0TbL&-6VCd&#"
"anael.spurden@edu.tbz.ch"|"rGJWZo-6wdRrN-naTzS#"
"helene.pumfrett@edu.tbz.ch"|"A4so6S-W7b$By-zu#dVr"
"goerel.pearn@edu.tbz.ch"|"aVGryK-pDt7f6-hTc7Od"
"laurelie.dezamora@edu.tbz.ch"|"Zixwg8-EUSfIQ-QfX#tx"
"yao.twidale@edu.tbz.ch"|"wf2C%Q-pfI%Mi-Wahbum"
"berengere.sola@edu.tbz.ch"|"5C0rbx-jZoLL7-Sd8awG"
"maelann.hardistry@edu.tbz.ch"|"69VsDu-FQiEaQ-t8jRCJ"
"severine.littlefield@edu.tbz.ch"|"AvO7I1-H58AIU-5iCqxx"
"salome.heinl@edu.tbz.ch"|"MKXOE4-8gMyTP-BnNdCp"
"meryl.warbey@edu.tbz.ch"|"vMksou-uORkfG-4Af0ae"
"da.hunstone@edu.tbz.ch"|"kS%EU$-o@Rjhs-f&bPv#"
"venus.broadbury@edu.tbz.ch"|"20z@Gv-LzIhQd-je3UtN"
"meghane.rentelll@edu.tbz.ch"|"mmHsPG-mzc6rb-5b@yeA"
"marylene.drewitt@edu.tbz.ch"|"xu&ANc-2nqxZ&-sV2C&s"
"melinda.jacquemet@edu.tbz.ch"|"Z3rH6L-F9Mvv3-wxJoIV"
"marie-josee.keyden@edu.tbz.ch"|"0@h#kB-$XqLc&-0HjY65"
"asloeg.montacute@edu.tbz.ch"|"HwAfNG-%JM@Wv-fcUDij"
"ku.andreou@edu.tbz.ch"|"aB2oEr-As$xv4-SmC8da"
"personnalisee.feaveer@edu.tbz.ch"|"QKz$BK-Qu5Om$-4Ilz7A"
"laila.emptage@edu.tbz.ch"|"Bu@4ki-TJmhK8-&aUmCC"
"bjoern.dawdry@edu.tbz.ch"|"r@Z9fd-a8g@AH-kIv2x1"
"marie-eve.dinsell@edu.tbz.ch"|"w7Scnn-XNiyO@-y5aRpa"
"helene.follett@edu.tbz.ch"|"$reKIw-%ddSaY-RL3aoI"
"penelope.cordero@edu.tbz.ch"|"n3nshL-FHEFw$-$L6Zcx"
"boerje.beedell@edu.tbz.ch"|"okGluB-BT243@-mss&xf"
"nelie.ferne@edu.tbz.ch"|"4q0JP3-WENGF&-oE%q@k"
"celine.ahmed@edu.tbz.ch"|"N0ftBo-GXQioj-OvLjH8"
"stevina.pimblett@edu.tbz.ch"|"oKruTJ-X4h5&R-jr0xSP"
"chloe.langlands@edu.tbz.ch"|"JRHaOD-hKWMBm-$R1Y4z"
"simplifies.maude@edu.tbz.ch"|"#B#TiU-Yht2k$-jsFGR&"
"genevieve.decarteret@edu.tbz.ch"|"cfHq4d-XuZYkQ-qVT6mW"
"marylene.mughal@edu.tbz.ch"|"iVKY$u-9wh7K&-4qxs$m"
"goeran.guttridge@edu.tbz.ch"|"U%mEjx-p2QFgO-W#fm%c"
"michele.smurfitt@edu.tbz.ch"|"%z4EIi-%c99gW-7RyOlx"
"methode.hadeke@edu.tbz.ch"|"bSZM$1-2UtF9v-8dOnI%"
"therese.rispine@edu.tbz.ch"|"uH&Wv4-%jDjRF-fIz2mG"
"goerel.plumley@edu.tbz.ch"|"OMD1o8-lWy0O#-0rt%jS"
"oceane.friett@edu.tbz.ch"|"91DEO6-dkkAB#-e&MOuM"
"marie-noel.achromov@edu.tbz.ch"|"pEiwY1-EurS8N-aPjxtW"
"dorothee.storek@edu.tbz.ch"|"nuU9g0-xfPTw9-wO3HDD"
"goesta.whittle@edu.tbz.ch"|"MbKZ4s-4JygZW-5BMs8j"
"desiree.casely@edu.tbz.ch"|"GC19Uk-Qx4A@Q-45u8PK"
"felicie.condon@edu.tbz.ch"|"Zo@w85-C1dLt2-c6JPk7"
"maelyss.frisdick@edu.tbz.ch"|"e$EDat-jvJ5TM-pYYXKv"
"aimee.banke@edu.tbz.ch"|"O@x0F0-JbwEUk-o58aYS"
"naeva.hodcroft@edu.tbz.ch"|"0YAin9-YCrE4y-Bl&P8S"
"laila.gerrans@edu.tbz.ch"|"3UmzDC-pM7wyb-qzeSy4"
"daniele.scrimshire@edu.tbz.ch"|"PXPwLw-3YpKcy-7pmteA"
"daphnee.sheerin@edu.tbz.ch"|"&tdXAf-0O2HpD-aXZCI9"
"pal.vanyukov@edu.tbz.ch"|"fsiO9@-$d6Kfr-z7BC&k"
"zoe.childs@edu.tbz.ch"|"sbWbiy-nxy9am-kVFG0a"
"ai.corde@edu.tbz.ch"|"wPXv86-wdnowt-IVvYMY"
"maelys.berryann@edu.tbz.ch"|"XiuY3O-o9F@pm-5VANKX"
"cloe.gladding@edu.tbz.ch"|"dg32&o-yu8q@o-fp8p&O"
"wa.kinnaird@edu.tbz.ch"|"I$ahT8-ezf%iv-O7uwQY"
"publicite.brittoner@edu.tbz.ch"|"MEd1et-s$$HNR-1c1p$m"
"rao.windress@edu.tbz.ch"|"nTuLku-4Xq&qD-95A#vk"
"uo.kollach@edu.tbz.ch"|"JWSRCt-AQc&fG-v2r9yY"
"josee.peskett@edu.tbz.ch"|"9i76Fb-yZVl83-kVQxl%"
"annotee.hasel@edu.tbz.ch"|"3K5SUx-mclAA0-e7HKHa"
"cinema.lee@edu.tbz.ch"|"xCk$MQ-5RZO@c-JpCG6P"
"lai.vedeshkin@edu.tbz.ch"|"Po@y@1-$a5nvo-l3xDR9"
"renee.brisbane@edu.tbz.ch"|"3$odOv-93xZ0M-eWd5%n"
"ophelie.blincoe@edu.tbz.ch"|"G4tLvp-UWBg0R-1XkZbA"
"zhi.prazor@edu.tbz.ch"|"WwnQ1v-h3SpDe-DsfAJJ"
"annotee.maddicks@edu.tbz.ch"|"1pfjIE-tA7Tgx-bOMfun"
"maelyss.codd@edu.tbz.ch"|"wrBjlV-&K4BQ&-yb51jP"
"celia.peplay@edu.tbz.ch"|"GKN%h3-FgBu@l-VH%DB8"
"interessant.skone@edu.tbz.ch"|"gjqt0@-Rt#LbU-@YXKBE"
"audreanne.hebdon@edu.tbz.ch"|"nw$7Ow-n50BtL-5ABoD%"
"oceane.glen@edu.tbz.ch"|"V56Z28-14iAfH-IhDe$q"
"daniele.vanyushkin@edu.tbz.ch"|"cpQnmg-5jLP0B-$vleHv"
"daphnee.ayce@edu.tbz.ch"|"$W7ByS-PoIw%2-Rr%j&d"
"andrea.attride@edu.tbz.ch"|"nCALPW-DIGaY$-Io6LOV"
"penelope.bridgwood@edu.tbz.ch"|"k2w9Pp-xFsTIO-oCvG53"
"mailis.drewitt@edu.tbz.ch"|"nP$Scv-ABy1IJ-Knmhyz"
"penelope.mollene@edu.tbz.ch"|"#rvonR-#cbrnS-pykQEb"
"illustree.keely@edu.tbz.ch"|"$X&lGX-Ey2eWm-toGyfI"
"meng.brisseau@edu.tbz.ch"|"aycMdy-9k%%QB-yESc4W"
"ruo.cleiment@edu.tbz.ch"|"0VK@Mn-9Q3rLB-YDv40J"
"maite.krammer@edu.tbz.ch"|"4dMkm9-PsMmp5-Nla6LP"
"genevieve.verry@edu.tbz.ch"|"y8oiVF-JOx&bB-dX@s8a"
"lea.olochan@edu.tbz.ch"|"kV7Lwf-EIyWC5-6YcSWd"
"naelle.brunnen@edu.tbz.ch"|"4Dqxhe-T97k0e-JF$$X0"
"goesta.bragginton@edu.tbz.ch"|"&iivYb-kxuAWe-W%Exw$"
"fei.danilyuk@edu.tbz.ch"|"vqgYJG-ATRItx-gRIcE$"
"adelie.turbitt@edu.tbz.ch"|"@WoPVu-lXddsL-QjiGQR"
"marylene.nutman@edu.tbz.ch"|"3IlZXf-5ps8W$-E1CkL5"
"therese.barbrick@edu.tbz.ch"|"5#GZLR-@eGhnx-K%QZOa"
"melys.kolodziej@edu.tbz.ch"|"@kBMKA-TixSb8-xbkYPn"
"melanie.runchman@edu.tbz.ch"|"e0%nyI-3qMB#j-t7T0ys"
"serena.lafond@edu.tbz.ch"|"qJlp8a-KWW4Yv-M4rI#m"
"pelagie.desmond@edu.tbz.ch"|"zz@I2G-EGEWwB-O5f448"
"wa.spickett@edu.tbz.ch"|"Zv1W3C-FU4Km#-wuGr3@"
"po.shave@edu.tbz.ch"|"cv4JJ@-xy3c82-WdGz2z"
"song.huikerby@edu.tbz.ch"|"sdD1uS-8AZTxr-3Xpf#b"
"melinda.bimson@edu.tbz.ch"|"$O7A0H-h19BmW-hAvrgo"
"personnalisee.toffanelli@edu.tbz.ch"|"LA8F8c-wdbUG3-ILkVdt"
"leandre.hurn@edu.tbz.ch"|"d6b&ir-QqFU5j-pB2&KB"
"oesten.standell@edu.tbz.ch"|"NFAbA7-Y8t5fm-9IqB99"
"naelle.smaleman@edu.tbz.ch"|"XH0qcz-RpPAQR-R&CEnu"
"berenice.tayt@edu.tbz.ch"|"CjXV2N-$F4NfK-ZJ79Yx"
"kui.popplewell@edu.tbz.ch"|"lItZ0s-Yo#5a8-MCG8Um"
"melodie.ferandez@edu.tbz.ch"|"nNX3S#-UY9@ep-V#GyPP"
"josee.negal@edu.tbz.ch"|"WY9zJN-Bntvfe-lPO2Ud"
"melissandre.ferrelli@edu.tbz.ch"|"OJXa9o-OXmgrh-zfvj%b"
"josephine.kemmer@edu.tbz.ch"|"KBtIy8-0YDciQ-$NOqdS"
"maely.cayette@edu.tbz.ch"|"kNrusT-nu$@cx-PTkRvD"
"nelie.vela@edu.tbz.ch"|"8iy6Pk-wb7xOc-N@A2bD"
"melina.cortes@edu.tbz.ch"|"TiHz3s-l80qEo-%FoTlr"
"megane.leyshon@edu.tbz.ch"|"KT2wMf-c75OGB-FrW#Z3"
"regine.harrie@edu.tbz.ch"|"m1T%SC-L%Gm4#-FA%wpq"
"mylene.widdison@edu.tbz.ch"|"YrefM6-I5$HmR-TW17c$"
"pelagie.vivash@edu.tbz.ch"|"$6a0nI-x%Il#a-vaR#mq"
"styrbjoern.vicarey@edu.tbz.ch"|"S4DRRq-lBilpz-Ma0wuY"
"long.kyles@edu.tbz.ch"|"veuEOC-44lxX@-eAnFtI"
"stephanie.gipps@edu.tbz.ch"|"%bVDJP-5ZT7DY-GMdEqd"
"clea.constantine@edu.tbz.ch"|"7q5Vcl-A2LAdw-k065#H"
"maella.cometto@edu.tbz.ch"|"mBs4cg-9Xj3iz-J3$@En"
"laila.aubrun@edu.tbz.ch"|"wiMobB-lMxwwd-2gSQkM"
"yao.austins@edu.tbz.ch"|"AL0vPi-p5SDxJ-$P3Xed"
"mailys.rylstone@edu.tbz.ch"|"&C%DIf-bh6EMf-6bJu@#"
"adelie.curuclis@edu.tbz.ch"|"3gwf4w-lvijUI-VlHDWM"
"celine.longhurst@edu.tbz.ch"|"NHfZle-WvnEMj-bph083"
"gisele.hazell@edu.tbz.ch"|"dh75am-j8cfJC-&3tLJC"
"celestine.ciccone@edu.tbz.ch"|"kX@Qw2-52vPis-dFA&P#"
"maelyss.doole@edu.tbz.ch"|"GAsAIj-my9%&k-lPnprU"
"helene.grimsdike@edu.tbz.ch"|"hHpdE#-VI0Lsw-kNqu3u"
"lie.macer@edu.tbz.ch"|"&o7qsd-jU9Sic-DMIB%s"
"maely.izard@edu.tbz.ch"|"qa2%0W-0t4MSA-74%$Hx"
"erwei.breewood@edu.tbz.ch"|"H%9PkL-jSkxDz-3E1pk0"
"chloe.woolford@edu.tbz.ch"|"lOD9MC-QUFYCq-MLcQqM"
"cleopatre.turpin@edu.tbz.ch"|"jP4fmm-fRHcVS-zx@&my"
"melodie.surgison@edu.tbz.ch"|"%aPlNk-Q1r72C-C&fTAf"
"elies.leander@edu.tbz.ch"|"ajC$c3-LSm4Jv-%&Wjz2"
"mediamass.reignould@edu.tbz.ch"|"4UbOog-ltZWJ5-qo63ln"
"celestine.wasmuth@edu.tbz.ch"|"fdy0nO-jjMc9r-BC5g%a"
"marten.jervis@edu.tbz.ch"|"gSQLj7-RWuoEB-U1LIdF"
"daphnee.bour@edu.tbz.ch"|"6cApdt-IWlGIb-Aq@DWy"
"regine.harlett@edu.tbz.ch"|"gYkHn7-knIWHh-Jx5Khl"
"noemie.macaskie@edu.tbz.ch"|"$zr5Sl-%HIlOf-0ScWKZ"
"loic.renfield@edu.tbz.ch"|"0V1MNR-&l19mq-rRRDk0"
"venus.kleinert@edu.tbz.ch"|"ECxFYQ-$Q1OBE-uOerYf"
"marten.burlay@edu.tbz.ch"|"wUAhUu-VVPDNS-O2p$TG"
"berengere.radsdale@edu.tbz.ch"|"F%8stS-xdoSFP-embczb"
"genevieve.duckit@edu.tbz.ch"|"9X7u8v-F7v$Qp-uhZ4Ou"
"maely.ligerton@edu.tbz.ch"|"6v39Z4-9%J7f9-&J3pI3"
"maeline.ricciardelli@edu.tbz.ch"|"N8KJkn-GTvX#Z-cr6%SI"
"personnalisee.yggo@edu.tbz.ch"|"sO1SJE-4%z9ww-96HP8x"
"alizee.pettinger@edu.tbz.ch"|"d90P0X-zBSQm4-SeVAiF"
"desiree.curnnokk@edu.tbz.ch"|"CDAkYW-#K5UO#-iNMu1$"
"dorothee.minors@edu.tbz.ch"|"S%G9dT-111LoB-uS#LTB"
"oceanne.kopmann@edu.tbz.ch"|"sr1%0F-N7xkJY-aBPHpW"
"almerinda.brodbin@edu.tbz.ch"|"AJMFEp-Amr#V9-N@5e5k"
"yenora.carsberg@edu.tbz.ch"|"Tjexeh-q7CRgK-c@aovc"
"wa.beetles@edu.tbz.ch"|"H$ee2s-VEVqXi-$MkafQ"
"audreanne.abbot@edu.tbz.ch"|"FKu&RR-qI8Ct@-Z219QW"
"noemie.capper@edu.tbz.ch"|"HLyp@q-7oennF-8sFdnf"
"mans.abramamov@edu.tbz.ch"|"MO9hwA-b7FdF8-zHdGBG"
"audreanne.blakey@edu.tbz.ch"|"puFIuJ-zSa0aO-nU$DVA"
"leone.klimpke@edu.tbz.ch"|"fwHmKp-jDnD46-wPx@WP"
"lie.croston@edu.tbz.ch"|"gd#IiU-9wP&DO-3xE@YB"
"anaelle.baistow@edu.tbz.ch"|"B1Lsuf-1aRfyd-CxWHXM"
"michele.garwood@edu.tbz.ch"|"YKkTfA-r@NvEq-T&1Cg@"
"interessant.albion@edu.tbz.ch"|"50mT5&-z1vtXf-LCt%#3"
"andre.brisco@edu.tbz.ch"|"7KOw8B-YRa%eK-ez&QMJ"
"tang.totterdill@edu.tbz.ch"|"A3jB0C-mlP6q0-UQl3@S"
"marie-josee.braundt@edu.tbz.ch"|"4k#JoS-o0@spd-2pOtQh"
"lois.galer@edu.tbz.ch"|"6qNZP8-lGNdfN-whXguD"
"faites.pellamonuten@edu.tbz.ch"|"Lxz1b3-GS#tZt-E3Ksua"
"mai.barfford@edu.tbz.ch"|"Z4YvSl-TqBb3D-Tcby&N"
"laurene.macilory@edu.tbz.ch"|"qsHnAm-Xb44FY-DHeo&y"
"elea.peak@edu.tbz.ch"|"sHvI$l-aIQ$5a-5kcBHy"
"rejane.doni@edu.tbz.ch"|"#hhdOY-CZqV4H-hF3N1C"
"mahelie.ector@edu.tbz.ch"|"bGBDAO-3Ub&p$-2mEk8W"
"rachele.allum@edu.tbz.ch"|"EFY0oe-VJc@9v-z6U@Sa"
"laila.gerretsen@edu.tbz.ch"|"T$rn$V-@aZuVx-jzV4%0"
"ines.bowman@edu.tbz.ch"|"jqy9L5-Zrg%NT-iSXlaI"
"publicite.barbary@edu.tbz.ch"|"fiCS4q-emB2Cr-9xT9QR"
"mailys.smooth@edu.tbz.ch"|"h3dCu$-3wtVLN-lER2qN"
"mailis.huguenet@edu.tbz.ch"|"hsfMo1-jsN2i7-smt@49"
"lea.ewer@edu.tbz.ch"|"ybaY6I-4MyJtd-1wrZ9d"
