"email"|"password"
"melodie.vandervlies@edu.tbz.ch"|"J#juKr-K6OorK-7yTfXu"
"angele.edgecumbe@edu.tbz.ch"|"lNYn4N-cXgCYL-r1fROL"
"zhi.andreasson@edu.tbz.ch"|"I4IdQU-S3CyT9-LHl8e&"
"judicael.koppeck@edu.tbz.ch"|"lPKKr@-$TWeyf-egYcRp"
"berengere.capron@edu.tbz.ch"|"eYreHP-$LqfoF-Bkm@og"
"leonie.brosini@edu.tbz.ch"|"Y6buBi-0KSq1p-I#lOE5"
"venus.garfit@edu.tbz.ch"|"cEduCe-aRKrkE-R78i5y"
"melina.janota@edu.tbz.ch"|"pgW8OV-9jqr6z-De5cWC"
"laurene.bake@edu.tbz.ch"|"I2kTw5-2emxdo-88Z7kn"
"regine.dorkins@edu.tbz.ch"|"kEpaJV-7c0rpg-NQuvCQ"
"cecile.moffet@edu.tbz.ch"|"lWtGUW-yt0pxz-VR3WCL"
"maelann.labrone@edu.tbz.ch"|"ofdHJJ-NCcBK5-obrlna"
"melinda.newbold@edu.tbz.ch"|"CYY$&Y-3tdRvT-WXoYFc"
"mans.itzhak@edu.tbz.ch"|"P$T1j%-X%TRK$-&r6yKk"
"melodie.pattlel@edu.tbz.ch"|"7#NmRJ-@6Ubfv-Gs$K$W"
"celine.bonett@edu.tbz.ch"|"IQMll1-XgPWh%-xlEg#p"
"adelie.mcgreal@edu.tbz.ch"|"iupKF%-ya7zZg-Lhkdwr"
"helene.soldan@edu.tbz.ch"|"#vcHYn-xlPUDo-s84Pym"
"michele.cluer@edu.tbz.ch"|"iWeCsu-noBvQ@-6FR$vT"
"maeline.mueller@edu.tbz.ch"|"fPj#WY-MouSnI-RbiYUF"
"maelann.benedito@edu.tbz.ch"|"IUcG0N-LW1sTy-b1wV8Z"
"nuo.gransden@edu.tbz.ch"|"jzmU#Z-R39deW-Cf%i3J"
"berengere.stainton@edu.tbz.ch"|"U&Szf4-cMBwg0-E7obzN"
"wa.sabater@edu.tbz.ch"|"AMzJO4-KElMJl-&&hM4K"
"anais.cochran@edu.tbz.ch"|"&ZE&$#-NVJPXX-ZrfNzg"
"gerald.bessant@edu.tbz.ch"|"YVhn31-epKV74-h1ic4L"
"ruo.coffin@edu.tbz.ch"|"vtnyIr-C8m4AM-Wr2%C8"
"melodie.mustill@edu.tbz.ch"|"nWK92k-6R0Hze-@TfXXR"
"ruo.stanesby@edu.tbz.ch"|"8VPF%X-mc3Ezu-zEIDi4"
"noemie.antognelli@edu.tbz.ch"|"o2paqZ-rW1hiW-R2LZ$n"
"maelann.hughson@edu.tbz.ch"|"qZP7YF-Ya7TKu-gGTpxd"
"milena.mieville@edu.tbz.ch"|"TMAnKX-$p2il9-kNJtrA"
"mailys.chamberlin@edu.tbz.ch"|"$1YKB5-tEOMhk-2D9PFv"
"nadege.tomalin@edu.tbz.ch"|"vYVEvH-rXVT%O-vStiKd"
"oceane.omara@edu.tbz.ch"|"Tmw6Ap-&xc13O-m$Bii@"
"cecile.aguirrezabala@edu.tbz.ch"|"DsSXNV-Ax9MG2-OScJ7y"
"maella.gwillim@edu.tbz.ch"|"UiCGWT-BA4hX@-F@6hBv"
"lea.mcgahey@edu.tbz.ch"|"Z$8R&O-wGGZ9L-5YKhWi"
"laurene.hagerty@edu.tbz.ch"|"39$0AQ-UldC&7-fl7Hho"
"dorothee.link@edu.tbz.ch"|"B2XiMw-VzClgG-tGb1CW"
"clementine.kynsey@edu.tbz.ch"|"ovJ09t-HiVxmt-gN9acj"
"lorene.smitherman@edu.tbz.ch"|"pp&2HL-M$M4UY-zZXJRc"
"cleopatre.klulicek@edu.tbz.ch"|"L&Khms-EjoDEI-uPk1sk"
"laurene.castaneda@edu.tbz.ch"|"AJDxsF-hNNN0i-aF3coq"
"melia.constant@edu.tbz.ch"|"9HA8rk-rWKTKo-1rbud&"
"lucrece.clunie@edu.tbz.ch"|"ypZ$hp-gOK$rp-0BawC4"
"eleonore.mcmurthy@edu.tbz.ch"|"6SBrIr-3wJ2gx-F6wOBD"
"melia.bevar@edu.tbz.ch"|"IOEl0T-WjC9$s-o8CGJv"
"camelia.bontine@edu.tbz.ch"|"givITG-zCHttd-9o$32o"
"methode.jozefczak@edu.tbz.ch"|"4W7fT&-eIBZ%S-wyX9uq"
"audreanne.hinsche@edu.tbz.ch"|"m8I4sO-6LNl4i-NiFfE7"
"andree.varne@edu.tbz.ch"|"jW1rZK-hnLBNn-BEfxwZ"
"marten.kinleyside@edu.tbz.ch"|"1jt9CX-A7AVYg-dIlfoI"
"esteve.mcewan@edu.tbz.ch"|"xdEFWb-dPESNX-vO4l2C"
"leane.dibbert@edu.tbz.ch"|"I%gr92-iOfNwf-0pzMCa"
"ma.thewlis@edu.tbz.ch"|"N5BWJp-SO2FBD-hBrzh1"
"clea.djurkovic@edu.tbz.ch"|"UHDeKw-BpiBHj-9zDd3g"
"rachele.reburn@edu.tbz.ch"|"CE&N%E-yVUKCu-Ul%FSJ"
"gerald.gowling@edu.tbz.ch"|"2#q7kO-b5A@iI-e%4GNa"
"cleopatre.jackson@edu.tbz.ch"|"Ryuf84-c6lWiX-rBwz$q"
"desiree.haskins@edu.tbz.ch"|"W81QEJ-L8wUWx-nM2vte"
"eleonore.longson@edu.tbz.ch"|"SIe&Z#-XUI$9p-DWNRiF"
"leane.dybell@edu.tbz.ch"|"Wvxsr6-344FxY-V9Vjm#"
"becassine.grzesiak@edu.tbz.ch"|"iYYJd7-DEOVYm-#E6K&X"
"marie-josee.pickin@edu.tbz.ch"|"VvIUuS-tGt#v7-G7K2eW"
"marie-josee.roxby@edu.tbz.ch"|"24E2By-8Jbza%-NXqMB8"
"leonie.feenan@edu.tbz.ch"|"vb2Rgq-6LUp@7-kqwv$d"
"valerie.ellum@edu.tbz.ch"|"OyobCy-82N3#4-i9ucEb"
"ju.caseri@edu.tbz.ch"|"$6&w8%-%0FX3C-IOECdi"
"boerje.strangman@edu.tbz.ch"|"dRj0Ze-&lzSz@-FIotfW"
"beatrice.ghidelli@edu.tbz.ch"|"y84&Vd-z#NkED-hW4lLB"
"da.jablonski@edu.tbz.ch"|"xAWPf9-Hv9eVG-P#VxjO"
"uo.beveridge@edu.tbz.ch"|"g$1h2e-TjoD2A-BKABtt"
"valerie.bestman@edu.tbz.ch"|"ajcnNZ-ntg@nF-csMdMA"
"marlene.pohls@edu.tbz.ch"|"zB@QrJ-GwIIGw-Z&Q0IW"
"ma.nolda@edu.tbz.ch"|"#Q7omP-sBO7wt-q4hgR7"
"marlene.bisiker@edu.tbz.ch"|"pwA5S5-hWLK1F-QBi1wc"
"estee.babon@edu.tbz.ch"|"Rshp1H-fOdeZP-u9l4KX"
"simplifies.dmisek@edu.tbz.ch"|"Gw6M9V-cU5Z&2-KGBQnD"
"selene.ganing@edu.tbz.ch"|"mph@RF-ic47zb-DCmG%#"
"meryl.penke@edu.tbz.ch"|"hmmVn&-qEq6bf-iOO&iT"
"anais.rawcliff@edu.tbz.ch"|"rjfHrZ-apRug1-T58xFs"
"melina.andri@edu.tbz.ch"|"i32N4J-5egAnB-TuAYB2"
"audreanne.fodden@edu.tbz.ch"|"uC%ZSk-&0f@MZ-pnvdAT"
"bjoern.spellesy@edu.tbz.ch"|"mqDvu4-106eXe-ypj6cs"
"francoise.summerscales@edu.tbz.ch"|"GAk4CY-RGGQs&-xzOAOD"
"laurene.ashtonhurst@edu.tbz.ch"|"KjRTaV-0vY0A8-M6SUDV"
"valerie.petters@edu.tbz.ch"|"B8GQlV-nd2aIy-WwZkHE"
"anael.spenclay@edu.tbz.ch"|"7dfSUC-qzQsEW-qtK8to"
"stephanie.keech@edu.tbz.ch"|"HpBcOu-ys9m6n-8peUAN"
"ines.deveril@edu.tbz.ch"|"kd%Sy%-nsOKgQ-fHxMKo"
"berenice.gelder@edu.tbz.ch"|"2fCmpj-gHM4LB-uVTZO7"
"melanie.ofogerty@edu.tbz.ch"|"3Bp#Sv-%bONqR-8QXPKI"
"frederique.canepe@edu.tbz.ch"|"L%fLrZ-1fs7s3-JJ9ILs"
"nuo.otton@edu.tbz.ch"|"oF&EZy-spI8lq-vJdxwZ"
"genevieve.trusler@edu.tbz.ch"|"PpCBCG-%EdZ$@-fyJTLS"
"ju.boag@edu.tbz.ch"|"Yb3yru-eb@kqn-&Nagn4"
"josephine.dilucia@edu.tbz.ch"|"HjV$OX-l9qK3q-gLzZf2"
"laurene.armsden@edu.tbz.ch"|"aQ9$aZ-8cn14a-kLC30A"
"becassine.griffe@edu.tbz.ch"|"mGV1rT-8e81wR-frKWds"
"alois.parres@edu.tbz.ch"|"GFNDP8-GSh7O0-6UHXi6"
"cleopatre.gaffey@edu.tbz.ch"|"OoJvEc-ou#r9C-m5ZEjD"
"andre.stiger@edu.tbz.ch"|"PPBl1x-OpEX8&-B#4AFN"
"beatrice.godleman@edu.tbz.ch"|"Juo0cQ-K38vdf-ZP3w69"
"hakan.harrhy@edu.tbz.ch"|"QSG80C-$1#r2G-lkmxFT"
"celestine.dagnan@edu.tbz.ch"|"UMbM2B-ne#Ntb-u32Eu8"
"clemence.haggart@edu.tbz.ch"|"4lOUIo-WKqWiQ-FJ$ZAZ"
"long.caban@edu.tbz.ch"|"7PdCls-7Us&sh-&ibEnC"
"gaetane.grimble@edu.tbz.ch"|"1T8Yd4-C#dfSP-eAmNjn"
"maelann.piwall@edu.tbz.ch"|"mvr9%h-X7TuC5-5W7@mn"
"magdalene.loble@edu.tbz.ch"|"MJxvSj-jXS5Lu-0n40qv"
"veronique.domaschke@edu.tbz.ch"|"lcK%ho-OQklf2-#aZSk7"
"clea.herity@edu.tbz.ch"|"yWNDfo-Kj80%8-PWeVLz"
"maelann.bambrough@edu.tbz.ch"|"WL00Yo-LrbQ3J-f6zLPC"
"clea.goulstone@edu.tbz.ch"|"dkD@xP-jbASjH-VniQrX"
"renee.deleek@edu.tbz.ch"|"iIrYEz-B28ycz-7XuxBa"
"boerje.rudderham@edu.tbz.ch"|"0h$w6X-vQ9#fb-OZZNAH"
"marylene.broune@edu.tbz.ch"|"o960sR-Ps0iJL-q5uJTP"
"nadege.mccuish@edu.tbz.ch"|"K%RblC-J47rDD-eGi&TR"
"anael.littleover@edu.tbz.ch"|"jEa&d&-ZUndFK-ZcP7P3"
"lie.baume@edu.tbz.ch"|"@r63X8-g2V%LQ-erWEJ@"
"maella.murrow@edu.tbz.ch"|"U1EnpB-p5sgmk-XO#UN4"
"cleopatre.pettifor@edu.tbz.ch"|"wt&U6#-@VdxwY-KadkVv"
"geraldine.asker@edu.tbz.ch"|"PSwv23-N7$xA1-B6XXPl"
"gaetane.smedmore@edu.tbz.ch"|"XyDd6g-VklAJ&-E4zVc8"
"meryl.blencoe@edu.tbz.ch"|"CNLuj7-frq&&K-vvD8uv"
"aurelie.chastaing@edu.tbz.ch"|"M12zy3-l1KCgo-ldXm5G"
"oceanne.marthen@edu.tbz.ch"|"f@RH6h-@7S0FA-9jFoUA"
"dorothee.burrill@edu.tbz.ch"|"cpjSzO-G3AN&W-RJlgYf"
"hakan.belden@edu.tbz.ch"|"I3ZB$Y-Si&QL%-yU@wqH"
"celine.brunning@edu.tbz.ch"|"KQ1X9R-au#drS-YWTZHr"
"anael.lapides@edu.tbz.ch"|"i@lxdg-@$wn03-y58beD"
"ruo.saffran@edu.tbz.ch"|"HsAk@x-PfmutR-M2lNkx"
"loic.gerretsen@edu.tbz.ch"|"1IVyzc-AsSvtX-m0aUtu"
"rui.fitzer@edu.tbz.ch"|"xvcFTr-4zX8%q-H%9SRN"
"annotee.ogers@edu.tbz.ch"|"idwX28-emn@%y-Sv3i6f"
"boerje.bindin@edu.tbz.ch"|"mcXhHT-GmUR$%-inzmps"
"ma.cronchey@edu.tbz.ch"|"J6o9j5-LeNQKp-X6zAL7"
"laurelie.baiyle@edu.tbz.ch"|"$OzKbF-%l%ooK-9f0GXr"
"dorothee.older@edu.tbz.ch"|"BIlPXH-sKgKkC-AmBknA"
"laurena.wile@edu.tbz.ch"|"CgHSak-xi6IUR-kK#OhL"
"clemence.brito@edu.tbz.ch"|"bGHeG%-ENbHce-PRzIHA"
"nadege.dallin@edu.tbz.ch"|"7ZZFaO-GTp9z@-v75qW8"
"mailis.matley@edu.tbz.ch"|"jS2idg-obkYxA-CLXNOF"
"daniele.screaton@edu.tbz.ch"|"AOM5mk-3enOVf-nkH$zQ"
"mediamass.godly@edu.tbz.ch"|"KQ7pwL-FGcThE-3LCD4p"
"leone.kremer@edu.tbz.ch"|"iFIoD0-UbD7tc-H9t60i"
"asa.adrian@edu.tbz.ch"|"#Eo7Fa-PaO9mA-K#SpHo"
"adele.doley@edu.tbz.ch"|"0ylISd-mWUVz1-BrYGcD"
"fei.sidney@edu.tbz.ch"|"xP%UQz-y&%SLs-klzRCf"
"marie-josee.walisiak@edu.tbz.ch"|"YhC7qe-D$Jepc-wpbUd%"
"desiree.diplock@edu.tbz.ch"|"TRxfQW-LnN$y2-tC&j8p"
"gisele.schust@edu.tbz.ch"|"7ea53x-qSgtzc-l0bH9j"
"ma.longshaw@edu.tbz.ch"|"dG6Gvv-&0aa2R-9zUccO"
"da.boother@edu.tbz.ch"|"iKJ#np-pA8FjS-gOWbMV"
"simplifies.chaudhry@edu.tbz.ch"|"54mP%M-eKdddO-$1Eq%4"
"garcon.baniard@edu.tbz.ch"|"6ak7sT-ONvbFm-b&fOPo"
"gaetane.elphee@edu.tbz.ch"|"%XXnXP-W49nB5-H33N#L"
"gisele.hassey@edu.tbz.ch"|"gpNgMO-h&1ltn-o5sO4k"
"oceanne.booley@edu.tbz.ch"|"3Fs5bz-kr8Sv4-TpEFQN"
"oerjan.dibden@edu.tbz.ch"|"er&E@k-6a6FRS-WFUvFp"
"regine.ocleary@edu.tbz.ch"|"auab#k-rDM$$g-TZ7CQz"
"selene.persse@edu.tbz.ch"|"aWZj8I-LRlfwX-AfW60$"
"helena.adenot@edu.tbz.ch"|"y3WHMJ-uv385k-FHGMM3"
"maelann.wassung@edu.tbz.ch"|"kgA4T2-OrE$Q#-IbSYqB"
"frederique.ackermann@edu.tbz.ch"|"llT&ej-Ox8Xeb-HwRF6m"
"audreanne.kahen@edu.tbz.ch"|"tTs8Pq-Z0s&uV-hyRf76"
"maiwenn.lasty@edu.tbz.ch"|"ywt7Af-1qrEoJ-TzoXR%"
"yu.dictus@edu.tbz.ch"|"QqgFZP-6bMwY$-fARyao"
"anae.dukes@edu.tbz.ch"|"2UtqbL-z4L@Xe-$c1m9$"
"yenora.warr@edu.tbz.ch"|"E&JK0z-X3ScTw-OqM3H8"
"esbjoern.archibold@edu.tbz.ch"|"HZwKbl-vWW%fO-1tPj2N"
"milena.pardal@edu.tbz.ch"|"vy7VCC-m$9quy-W&d$#0"
"celestine.graveston@edu.tbz.ch"|"QI3pug-jhg5l5-dPzdIP"
"maena.dallas@edu.tbz.ch"|"z6cw&M-BkuZqp-NDe&K&"
"andree.tuke@edu.tbz.ch"|"DaB1#O-sRhJgQ-a&2yxI"
"methode.seldner@edu.tbz.ch"|"%ZWqqD-e7jdlG-4iHMnP"
"venus.bullas@edu.tbz.ch"|"jnXHrl-WZwrnp-vx6iFY"
"mans.aguirrezabal@edu.tbz.ch"|"qwJVVd-507cic-1g8KCT"
"gaelle.eadington@edu.tbz.ch"|"hoabj1-p66Svs-bk7tTa"
"anaelle.falkner@edu.tbz.ch"|"ALHCOg-tGe%9z-Q0YF2L"
"ophelie.height@edu.tbz.ch"|"2%wUtW-27rqFg-31cUpb"
"marten.bolding@edu.tbz.ch"|"eGZLG%-$FTyI9-FGZ%OE"
"pelagie.guswell@edu.tbz.ch"|"oFUZ5b-uVptWO-pnGxy3"
"gwenaelle.lecount@edu.tbz.ch"|"3M352O-lq7O0$-%@dW0m"
"hakan.laden@edu.tbz.ch"|"t8Ogkf-0K3hkg-8ig1fS"
"marie-josee.hylands@edu.tbz.ch"|"BKGHWm-tv&6Pc-AZrWwz"
"zoe.kingshott@edu.tbz.ch"|"R9yMVF-Bu60%g-5XhnNA"
"josee.janous@edu.tbz.ch"|"RsFu6a-$bRNZZ-bdcAN9"
"laurene.gallally@edu.tbz.ch"|"06MR&t-suoe9W-5puMuv"
"anael.bickle@edu.tbz.ch"|"Nu5Jn3-6NA&GN-fcHv4y"
"mediamass.lebbern@edu.tbz.ch"|"YAbURe-$l%2OY-i@aDZ%"
"berengere.hovy@edu.tbz.ch"|"1TOzPF-32ITKb-IZ17oy"
"oerjan.kilmurray@edu.tbz.ch"|"LyOLe#-8PWmwd-HmG#vy"
"asloeg.venny@edu.tbz.ch"|"mAAJ9P-Ls&lW%-6@0El#"
"marie-noel.stoad@edu.tbz.ch"|"2UDikT-X&OT3v-Iy@i#C"
"hakan.pettifor@edu.tbz.ch"|"HFP%rV-pwc9tw-UKmSk2"
"maella.willgrass@edu.tbz.ch"|"a99$Sw-yUV8F#-82y%T#"
"therese.ludovici@edu.tbz.ch"|"FTRXc$-Ns5hS7-I@u1W2"
"stephanie.trewhitt@edu.tbz.ch"|"lzwmf6-Wn1QNZ-b@9%Yr"
"maerta.bauduccio@edu.tbz.ch"|"#fci$&-8@6@E4-S6rVxQ"
"gaetane.glaisner@edu.tbz.ch"|"DUMm@i-CnAH%%-xER2ny"
"naeva.pargeter@edu.tbz.ch"|"g3k#y#-$2RJVO-gO@nE%"
"salome.venable@edu.tbz.ch"|"2Vd07W-sLFmFS-KU9TU9"
"boerje.thickett@edu.tbz.ch"|"%oKyxi-BHiBQi-nzuxHP"
"lucrece.prendergrass@edu.tbz.ch"|"b5866v-aZjy5N-mbZ6LJ"
"laurene.ockleshaw@edu.tbz.ch"|"zDfWF2-S0wJ92-L4NbHM"
"cecilia.pasticznyk@edu.tbz.ch"|"yQNGTR-Q41Y$z-2fkh4D"
"stevina.mackey@edu.tbz.ch"|"WeFfCZ-4LpUB@-apxjDa"
"marie-noel.reven@edu.tbz.ch"|"BxSuAv-V#rvlc-fKKmFQ"
"melina.quilkin@edu.tbz.ch"|"$TtL#5-9BzRD6-iitSuS"
"marie-noel.ferrie@edu.tbz.ch"|"I2gn6&-eucN8u-hhTCAY"
"leone.alphege@edu.tbz.ch"|"mVrRPU-SQKA5Y-EyHdmD"
"zoe.leverson@edu.tbz.ch"|"9bPULL-MEE3ou-7KVcRI"
"annotes.grayne@edu.tbz.ch"|"61Wg5E-G2B@0j-DAm345"
"faites.lalley@edu.tbz.ch"|"xD1jaS-5RR7Ry-B3bX21"
"adele.wallis@edu.tbz.ch"|"AwlGXB-YRCsQx-n4O4Rh"
"severine.madill@edu.tbz.ch"|"ZCvaP7-F$%dna-pF2PHJ"
"valerie.tebb@edu.tbz.ch"|"oY0nQB-Iie1fo-Msnca&"
"kalliste.rasper@edu.tbz.ch"|"v#6Oen-UxtOvO-tngDMn"
"audreanne.palomba@edu.tbz.ch"|"AuelSt-EI&QgN-Fsd1Tx"
"elea.adamik@edu.tbz.ch"|"NbyaqM-835BUI-qmZI3M"
"reserves.jakuszewski@edu.tbz.ch"|"#Br22R-KFLYn3-1$eBS9"
"athena.belhomme@edu.tbz.ch"|"AKwGWN-6VD&Ip-zHvbxf"
"rebecca.crippin@edu.tbz.ch"|"DZJYTG-qz0G2b-jNTCug"
"maiwenn.curman@edu.tbz.ch"|"VAFmsg-s6Vign-pm53HE"
"andree.bunner@edu.tbz.ch"|"@0Ed8j-QHNP7n-s6ib0%"
"ruo.winckles@edu.tbz.ch"|"xuLAWg-RoNONZ-Wfj%rG"
"naeva.buntine@edu.tbz.ch"|"79IJUT-bdwvi1-dtf7LX"
"boerje.dollard@edu.tbz.ch"|"gSCVqj-RH0VDh-XWms3X"
"penelope.gorman@edu.tbz.ch"|"#&yqga-PcauEk-F5nkOi"
"alois.robelin@edu.tbz.ch"|"5Y6i1I-GqWcYw-YQl5qG"
"anaelle.tindle@edu.tbz.ch"|"VfeO$L-T7BuGr-KHiAsu"
"ye.frears@edu.tbz.ch"|"EhAX&k-wjGW7t-DA17Jz"
"andree.ovid@edu.tbz.ch"|"93EP78-LRTRPI-1kWo&P"
"hakan.peat@edu.tbz.ch"|"zF8NvB-oaW&EJ-vptEUb"
"andre.januszewski@edu.tbz.ch"|"WVETZd-mW5t6l-wl3%uc"
"annotes.clemmett@edu.tbz.ch"|"XtNGOj-hV8SXx-#b7&J#"
"pal.lambswood@edu.tbz.ch"|"4O$HbQ-anBigM-4hqkEz"
"yao.lenton@edu.tbz.ch"|"KSjmOK-nTsaSl-PB4iRy"
"hakan.boyton@edu.tbz.ch"|"4ZAsIz-OCavN&-@KgeBy"
"nelie.forsey@edu.tbz.ch"|"mLU4jq-KbfAEt-SUotJ8"
"hakan.horche@edu.tbz.ch"|"sARGCq-LlTAt&-J6CMzp"
"lorene.sinkings@edu.tbz.ch"|"epeJag-3l%3DD-ENB@%X"
"marie-therese.creddon@edu.tbz.ch"|"A6Qcjz-Thpy2C-7NMCnP"
"berenice.tolworthy@edu.tbz.ch"|"3VYh%B-Pux#Hx-k7v$c2"
"theresa.land@edu.tbz.ch"|"%5%3gb-S2OoMe-v2nnaw"
"marie-therese.gianilli@edu.tbz.ch"|"0Wr5nc-uvr@R5-g8qouc"
"meryl.glew@edu.tbz.ch"|"ZhsHJv-IHbrva-xgTtI%"
"adele.debling@edu.tbz.ch"|"Fxh5xR-hsWs61-D%&qzr"
"anae.metzke@edu.tbz.ch"|"Fp%P%N-WKtUYQ-R&njwS"
"gaetane.gooden@edu.tbz.ch"|"m#OqwW-RI1qHg-GQ2DLy"
"laila.bootland@edu.tbz.ch"|"WEpdBQ-6ec#wU-hgk0LJ"
"maite.helsdon@edu.tbz.ch"|"N&JTaw-NR5CrQ-Ckn0Ha"
"andree.malley@edu.tbz.ch"|"%fag6a-nEScQ#-CGq&yM"
"pal.simmens@edu.tbz.ch"|"KF9kLi-VcpsaG-By965X"
"maelys.nuccitelli@edu.tbz.ch"|"Hg4jrF-ZwPhQX-OFn%7O"
"dafnee.sibary@edu.tbz.ch"|"A@W698-7U%AgS-HPNbLR"
"alois.harsnep@edu.tbz.ch"|"W6Hkcd-q12t1z-l#WyEH"
"marie-helene.lacky@edu.tbz.ch"|"c$wyel-s8jJdQ-JveEfr"
"mylene.youthed@edu.tbz.ch"|"%ENTTU-u5gOUE-lyHxgS"
"marie-helene.dehmel@edu.tbz.ch"|"w4P3SV-7t#6b0-X%cHm7"
"angele.batman@edu.tbz.ch"|"HeYK8k-Zf6FCc-Ui#$xf"
"melia.younghusband@edu.tbz.ch"|"IYiAAU-l8siX5-T&tZ2N"
"eloise.baldi@edu.tbz.ch"|"ix2GVB-RDcwgJ-p0mRyl"
"illustree.dun@edu.tbz.ch"|"%4h%AC-kiE7Bc-Wk$QNj"
"genevieve.late@edu.tbz.ch"|"NaF7$3-zKJD4m-S4Vfjv"
"celestine.colville@edu.tbz.ch"|"n3M1KG-X5l7Ic-BwV8eG"
"gwenaelle.scarlon@edu.tbz.ch"|"67Sp&9-zFIDs3-NroSVE"
"regine.boddie@edu.tbz.ch"|"vZVnyO-D&lczr-wp&3rz"
"creez.gaughan@edu.tbz.ch"|"5Ar40U-QF@T2l-7m%y4O"
"gaia.longford@edu.tbz.ch"|"0N%x9C-&tyNIp-@G6LBy"
"mailis.buckby@edu.tbz.ch"|"#ngUdk-bsXT1w-#dCmyX"
"song.parbrook@edu.tbz.ch"|"9Z43SS-owsZzN-PBvE&$"
"frederique.heddan@edu.tbz.ch"|"B0stE3-NmpMfu-Mas%rt"
"ake.kirtlan@edu.tbz.ch"|"xycIF3-ijufuZ-M1jkp5"
"nelie.runciman@edu.tbz.ch"|"EOR8A&-xw4u0b-3TW9#S"
"mailis.cardnell@edu.tbz.ch"|"Q86q5#-Yc@&NO-e#@prU"
"irene.navarro@edu.tbz.ch"|"hGIqvT-uiE5rj-TOhFw1"
"maite.cough@edu.tbz.ch"|"5nnNT1-rg1huc-1ZM26P"
"anaelle.stocky@edu.tbz.ch"|"g8aWPt-#x&Ftr-DOv0P8"
"methode.moulder@edu.tbz.ch"|"%@JyY5-Ns&DyD-7dx#oL"
"po.stafford@edu.tbz.ch"|"b8NDvF-UWxixd-edyl7r"
"faites.scraggs@edu.tbz.ch"|"VQGr@O-hSTrkt-qEE9%q"
"adelaide.dullard@edu.tbz.ch"|"qcbqqi-0yNAFM-qe$OuY"
"desiree.leonard@edu.tbz.ch"|"ZXQnqP-dRXylv-&KaGxm"
"geraldine.badgers@edu.tbz.ch"|"6gRCZs-SMw6fM-Jmg8AG"
"ruo.masic@edu.tbz.ch"|"aUVJma-tUECs7-H0gzf@"
"aurelie.lieber@edu.tbz.ch"|"Irtx@O-N5QRYv-8dgv#x"
"naelle.balcock@edu.tbz.ch"|"8tGL9n-WxmmZ6-jo$BoM"
"camelia.elger@edu.tbz.ch"|"8PqI3U-Oxoxyc-XpP%Cc"
"publicite.oakeshott@edu.tbz.ch"|"994bTc-fS&ed6-kfBVUg"
"cleopatre.fawley@edu.tbz.ch"|"F9AwlM-QPxTo3-I5u#Em"
"laurene.bruckmann@edu.tbz.ch"|"y@CCsh-fiaFhi-AhTIxp"
"rui.haughton@edu.tbz.ch"|"dRW6wE-V9N7zC-NAcNw9"
"asa.ladewig@edu.tbz.ch"|"p1ZDLu-bJ6k#h-Rgo2#%"
"gisele.janecek@edu.tbz.ch"|"tnDFfR-e8gR09-RdDEt0"
"maily.loveridge@edu.tbz.ch"|"qTIkYC-OyirvG-55KZNp"
"marie-eve.yurkiewicz@edu.tbz.ch"|"FGSnLb-zhbepJ-Xen&vQ"
"fei.roder@edu.tbz.ch"|"yJawpV-NL3Dmy-OG8#bs"
"edmee.chatburn@edu.tbz.ch"|"ZKirNQ-uryQPT-KVb8uP"
"geraldine.darke@edu.tbz.ch"|"Eyr$#J-ydxAMu-Y$ES3c"
"ye.jira@edu.tbz.ch"|"OZ@sbA-Wlh9b9-UBwSkd"
"publicite.persent@edu.tbz.ch"|"0N50n#-jwimlF-KXusm7"
"severine.wilcox@edu.tbz.ch"|"5GapnO-xE6vw&-Evkfu3"
"yao.mcclaren@edu.tbz.ch"|"HCAIeQ-M5LLRJ-Kw0Fhg"
"theresa.foynes@edu.tbz.ch"|"Jm8BPm-lRHrQO-kyhZL5"
"stephanie.isley@edu.tbz.ch"|"wN2%gc-LhSFU0-t2vnxm"
"torbjoern.growy@edu.tbz.ch"|"8O&bVg-IxxqlU-PIH1ue"
"eloise.tunnadine@edu.tbz.ch"|"GrnQnq-GaYDa4-KXE65z"
"maeline.cossentine@edu.tbz.ch"|"MAMWm&-zdf50g-kd39NY"
"nelie.desantos@edu.tbz.ch"|"6TgLvQ-YKPbfF-fa1fSy"
"gaetane.axston@edu.tbz.ch"|"SojL98-$ACxSy-6qa&dx"
"aimee.merman@edu.tbz.ch"|"Y5EBA8-eIgRmM-j#E8Wb"
"oerjan.drivers@edu.tbz.ch"|"ddy4Py-qPPIt1-7SQLQ2"
"aimee.miroy@edu.tbz.ch"|"A1K$Va-6bEIEG-G8qi7U"
"nelie.glyde@edu.tbz.ch"|"OkVbv8-I9HyPs-JTPuyi"
"hakan.kapelhof@edu.tbz.ch"|"N4K%l8-C#V%JB-LwYW$X"
"maelyss.cauley@edu.tbz.ch"|"n9J2IU-ABtcG5-YXsYgT"
"elea.vaggs@edu.tbz.ch"|"&0Abz&-kMsbBj-J8lBo7"
"maelys.but@edu.tbz.ch"|"#b1suE-acZfMQ-j$Du0R"
"maella.arthurs@edu.tbz.ch"|"g#7Bq4-6bcocI-6Hvfem"
"adele.liebrecht@edu.tbz.ch"|"UG7OrO-42ZONW-gvgyFP"
"meline.lomasny@edu.tbz.ch"|"vtdsed-w1dkmO-$2Thq6"
"mediamass.schwant@edu.tbz.ch"|"rT#aOF-QivNdU-bm%bYb"
"leone.saunt@edu.tbz.ch"|"3wQOoE-pqFfTY-@%8QI9"
"annotes.gouch@edu.tbz.ch"|"oTmp8&-yRM9jI-QGxny5"
"gaetane.bowich@edu.tbz.ch"|"JkIuox-SGlbdd-8aq34A"
"alizee.strelitzki@edu.tbz.ch"|"Kvax9v-dks#nN-$d7%t$"
"leone.poile@edu.tbz.ch"|"LgycUz-p1KDpD-0#euBX"
"amelie.saban@edu.tbz.ch"|"6lEev6-eNrGm9-3N3EA7"
"marten.mcmenamin@edu.tbz.ch"|"YCooce-F@u$Q6-x03VJs"
"becassine.keets@edu.tbz.ch"|"OvBIj9-iC%CM1-PhAevR"
"celine.million@edu.tbz.ch"|"U$HnSx-tJg8G6-MolSUd"
"geraldine.belitz@edu.tbz.ch"|"pbbLTw-ljevuA-LYvoLu"
"salome.mardling@edu.tbz.ch"|"f0zPDc-arvKzT-@AnBYj"
"melia.blakemore@edu.tbz.ch"|"K@SClT-6eAVa#-IE@RQ6"
"dafnee.mcaulay@edu.tbz.ch"|"&PDb1T-ib%MXB-oDjsRV"
"garcon.dennett@edu.tbz.ch"|"t1ULWS-paDc4v-D2p225"
"interessant.lesor@edu.tbz.ch"|"Q###7q-leuuqK-Dz2scp"
"annotee.wasbrough@edu.tbz.ch"|"aeFyl3-dGtcqd-tUiES1"
"asa.ibbeson@edu.tbz.ch"|"Oo6xgu-RhqR#f-JJ#oIz"
"maily.kennealy@edu.tbz.ch"|"YSyT7%-b8MTP5-7hnjAn"
"ye.seares@edu.tbz.ch"|"TQRV$3-urJ018-eMkDYZ"
"athena.harbron@edu.tbz.ch"|"kOGSzl-qohnth-KE8NBT"
"andreanne.portail@edu.tbz.ch"|"4lp9Gd-QpwBHL-pjeSci"
"goeran.zannelli@edu.tbz.ch"|"1NcUnJ-MP3w3#-Wrdvlw"
"gerald.leathlay@edu.tbz.ch"|"yze4qf-D@f223-OzEdhr"
"andreanne.chown@edu.tbz.ch"|"Lqus6M-XMhJKM-TVCipY"
"esteve.clementel@edu.tbz.ch"|"BrX47q-YjjG3D-Njdiha"
"leone.legan@edu.tbz.ch"|"NDJqa%-z7hDWz-a0X3K1"
"maena.pownall@edu.tbz.ch"|"eKqkbl-8ITeru-TIwo70"
"andree.rettie@edu.tbz.ch"|"VK9tQh-xsE$$I-If6Nys"
"ines.kenwrick@edu.tbz.ch"|"Pb0whO-1CJASd-8OnUgx"
"marie-helene.yarnall@edu.tbz.ch"|"TZ7pJG-ul8$Bg-rh8rP5"
"po.martin@edu.tbz.ch"|"%D&jLa-QXswuz-rOLJk5"
"ruo.celiz@edu.tbz.ch"|"4S8knc-MtEoFx-iQP3h9"
"po.bissett@edu.tbz.ch"|"n2UDk4-3YtKuV-IItBRu"
"du.swindon@edu.tbz.ch"|"gi1gq0-J%cFYk-XEuNp6"
"interessant.gouldthorp@edu.tbz.ch"|"LTwP1I-n3bpHK-fuaKKb"
"leandre.lilburn@edu.tbz.ch"|"qQx#Ch-Jkb7m@-MakdPf"
"bjoern.whales@edu.tbz.ch"|"79vFtY-49%I1y-hVdKBE"
"interessant.dieton@edu.tbz.ch"|"Vy&vA&-oaOZ@c-Ld10$l"
"celestine.redhills@edu.tbz.ch"|"bABg8v-TRcOSM-%88Pss"
"tan.yakovlev@edu.tbz.ch"|"USKuXP-y47oaF-qQ&CYr"
"regine.mcdowell@edu.tbz.ch"|"Om%EoA-%cibEG-qAM@DZ"
"ju.coysh@edu.tbz.ch"|"Q@n7Hb-6r5Ark-Nh7H6&"
"reserves.ofallon@edu.tbz.ch"|"CJD%q#-sUYwD7-C%N@G8"
"frederique.sobey@edu.tbz.ch"|"bng@7z-w%i2dp-a@MA$t"
"marie-eve.garstang@edu.tbz.ch"|"p$#rIN-DRy1V5-1OpcCE"
"andre.tapin@edu.tbz.ch"|"%xFTAc-@hmHSh-RH$dc%"
"esbjoern.eynon@edu.tbz.ch"|"5k2zmo-m21u5d-obSl%g"
"maella.duffy@edu.tbz.ch"|"sPAQ7u-%d#dlg-$obkxg"
"leandre.twinning@edu.tbz.ch"|"0K5ssl-AU7YvC-GPsv1y"
"mai.whittingham@edu.tbz.ch"|"SW6xOT-QjErgi-fKUu1R"
"rachele.shevelin@edu.tbz.ch"|"X6q%M4-w5P7Jm-10TJ#R"
"cecile.mcure@edu.tbz.ch"|"7N1aqp-fxYrRW-b9Sbkc"
"marie-eve.yurkevich@edu.tbz.ch"|"yrM#hl-teWEaS-aeyLaY"
"almerinda.paice@edu.tbz.ch"|"&cVaea-#UsAav-7ztj6x"
"rao.howkins@edu.tbz.ch"|"PKeaFL-QBj2sO-5ChPr9"
"serena.pack@edu.tbz.ch"|"AJRo4o-Q$d0#C-BPSQv1"
"rebecca.mant@edu.tbz.ch"|"3d9NL7-Luov@#-FPzH2o"
"reserves.spitell@edu.tbz.ch"|"XEMYiL-0uO3si-aKsyQI"
"garcon.hamfleet@edu.tbz.ch"|"$#FS8P-vi7oNx-4NVGKX"
"methode.kerkham@edu.tbz.ch"|"RjmFFx-#v23EZ-gKjd3u"
"pelagie.camies@edu.tbz.ch"|"U0Ii2h-Gt3k&n-RDPI%d"
"josephine.macpharlain@edu.tbz.ch"|"&kWJMg-hsIk$d-Mdd9zx"
"eugenie.mathet@edu.tbz.ch"|"$a1&4&-@aTX69-al47po"
"gaetane.brangan@edu.tbz.ch"|"AMf@KR-raKHeF-9EF&oe"
"michele.dewbury@edu.tbz.ch"|"rj&o9L-%cpMWD-f@03ta"
"eugenie.elcott@edu.tbz.ch"|"iJDVp@-Bz&wNm-jHE5cS"
"megane.harniman@edu.tbz.ch"|"zm8xlq-tZi6j6-6qdcmB"
"agnes.cluney@edu.tbz.ch"|"IQ1ZFF-80$wtW-gfSbWU"
"marie-helene.angear@edu.tbz.ch"|"ZTfF4J-LbxNPx-insq8C"
"melia.dolphin@edu.tbz.ch"|"Lgmt8v-nzql1w-Hozp1Y"
"lois.ruseworth@edu.tbz.ch"|"PQ2OXK-#HTcb7-h9cwsh"
"mailys.ryding@edu.tbz.ch"|"ZYFa3i-%sFmm&-XDBZTa"
"rachele.wulfinger@edu.tbz.ch"|"GMP@go-qs0r16-ctcfwp"
"gwenaelle.talton@edu.tbz.ch"|"29u#aJ-NwXAdy-HGtss$"
"long.ronchetti@edu.tbz.ch"|"ekRMPO-rYxuvt-lWIkEQ"
"styrbjoern.kloska@edu.tbz.ch"|"YKEL7R-c6YAp0-pmhZjV"
"len.sudran@edu.tbz.ch"|"%SViQA-Vhd#kf-BvGpn@"
"maelle.andrysek@edu.tbz.ch"|"VHi95f-GKWskK-b%%A8d"
"selene.senior@edu.tbz.ch"|"hP3sm6-VXD4CH-byT$oA"
"anais.joskovitch@edu.tbz.ch"|"Sf%JM@-8yCiju-FMG9bG"
"marie-noel.dally@edu.tbz.ch"|"1cwcH#-VkcQWo-W3yPIE"
"marie-helene.laurence@edu.tbz.ch"|"uiDXeA-d@QRp1-9v81sS"
"camelia.foxon@edu.tbz.ch"|"9GBL0V-y19IBH-hNyqQp"
"helene.cankett@edu.tbz.ch"|"Hy1nLR-M00H$0-%tl76&"
"marten.mitchelson@edu.tbz.ch"|"g5pFep-g6HdDs-BThu%G"
"helena.stirtle@edu.tbz.ch"|"6kq0qG-w@$cKv-m$iQNa"
"leane.barmby@edu.tbz.ch"|"4O7CqE-z59X9e-s@IRsy"
"goeran.ofinan@edu.tbz.ch"|"Humj77-4swbTk-zh$a42"
"styrbjoern.proby@edu.tbz.ch"|"K92XmB-5147EU-ppSBKE"
"zoe.halse@edu.tbz.ch"|"NA@WqX-No8qYG-d0iF3P"
"kui.drable@edu.tbz.ch"|"gzan9e-9Q3#iX-2CF08h"
"desiree.bamford@edu.tbz.ch"|"i2Tb&K-51KvZ%-NshfAP"
"zoe.suller@edu.tbz.ch"|"qUBbD@-3ucfUZ-uDNzlD"
"marylene.audiss@edu.tbz.ch"|"2s&T9B-5fGYR4-O23Y0W"
"adelaide.poznanski@edu.tbz.ch"|"J6g75j-ezxB7v-0azPjD"
"maella.coleyshaw@edu.tbz.ch"|"RpsL3h-WQOZ%A-nTJPZ&"
"marie-francoise.gelder@edu.tbz.ch"|"4$4a7X-EK4#F6-1ywbfS"
"eleonore.chaffyn@edu.tbz.ch"|"nBfuR2-czTrQ#-1r$T5#"
"celestine.sikorsky@edu.tbz.ch"|"NjP0FZ-&GgWVA-lyq3JF"
"stevina.londsdale@edu.tbz.ch"|"9Ui1yz-%3Z3K8-@WMHLQ"
"maiwenn.nevitt@edu.tbz.ch"|"aEhn2v-jk20jN-LXLRxc"
"magdalene.gerrey@edu.tbz.ch"|"B6MR45-LU68yd-vH#1Cd"
"becassine.latimer@edu.tbz.ch"|"T%@dA%-QGOemp-Iau#B1"
"da.lethibridge@edu.tbz.ch"|"4bTpT5-AKKl9P-mJY@sC"
"mailys.claige@edu.tbz.ch"|"%@&@uw-Gqh3ex-%J7kUg"
"maena.torbard@edu.tbz.ch"|"RcLkOA-OoDhWJ-0MYijJ"
"solene.lyvon@edu.tbz.ch"|"ay@3L@-MMUVHc-oj6qYs"
"marie-therese.benbrick@edu.tbz.ch"|"N91C8a-9j3VNq-XDAhD@"
"gerald.edmonson@edu.tbz.ch"|"r29auI-#okc7#-$sget7"
"ake.messruther@edu.tbz.ch"|"m1kHC4-jySDMH-ettwdx"
"men.gosneye@edu.tbz.ch"|"CmawA1-%hUwzN-TaziDT"
"anais.jefferys@edu.tbz.ch"|"ZUJqrP-6loCQx-ecVAPp"
"publicite.tregale@edu.tbz.ch"|"iZPxCo-2ooTvN-wh3lD8"
"maily.santorini@edu.tbz.ch"|"CluQfO-5&&Nox-gRjsgH"
"ines.pioch@edu.tbz.ch"|"Ut4LSM-y&Bh&t-i5QEM5"
"noemie.marklew@edu.tbz.ch"|"FCWpLo-i$4wan-f&mpQ3"
"meghane.maccaffrey@edu.tbz.ch"|"ZnXlSi-69Lmtf-EV4yTt"
"berangere.ambrogio@edu.tbz.ch"|"vE1rnw-0IVmZB-PT#5g2"
"mediamass.ryce@edu.tbz.ch"|"gV2IbG-8JH4TL-DdOaAD"
"oesten.ubank@edu.tbz.ch"|"G&ZFm8-KmV7Ho-0k#xpV"
"melina.mackee@edu.tbz.ch"|"ColO$f-o3%L#Q-2NDkLx"
"theresa.livezey@edu.tbz.ch"|"o%mnzm-tlk5Pc-AYkWfS"
"clemence.weal@edu.tbz.ch"|"YjepA#-TjRUT#-a3wagy"
"faites.overton@edu.tbz.ch"|"mfxBu8-4Pw7Zb-yDHHfp"
"clea.lindblad@edu.tbz.ch"|"Fzu1zY-wcP$iS-UvEXDh"
"josephine.roseaman@edu.tbz.ch"|"EWm28j-8dayE2-oqRKyC"
"oesten.lowbridge@edu.tbz.ch"|"xGxF2j-O$O#PC-CtLL07"
"marie-josee.brion@edu.tbz.ch"|"B%&Pd7-X0AnBl-bXUIc3"
"therese.basili@edu.tbz.ch"|"acEi8v-sD0q7m-YcGn7y"
"melia.vertigan@edu.tbz.ch"|"qFUqxN-Yip&Cw-rMlGKQ"
"judicael.saull@edu.tbz.ch"|"MB%Mls-JVukeT-$FKFXm"
"selene.valentine@edu.tbz.ch"|"w@UrYT-L3NTNh-l0l5yT"
"verane.dunlap@edu.tbz.ch"|"EYVE6%-#RL2qa-z1eeib"
"meline.kinnear@edu.tbz.ch"|"ujt9z3-yVYArm-BJ#jsX"
"lei.luttgert@edu.tbz.ch"|"Bm7vfn-ec73I0-9s6oxW"
"styrbjoern.lathleiffure@edu.tbz.ch"|"#K8AP3-UekiQx-Zdf7u7"
"marlene.blasi@edu.tbz.ch"|"BmFqOp-z608jm-yYazT@"
"mai.begwell@edu.tbz.ch"|"1ics&s-FU1AHq-lxRxgF"
"gwenaelle.kaines@edu.tbz.ch"|"PRkXxr-V5@XHt-OQU#g@"
"gerald.adamthwaite@edu.tbz.ch"|"4cPjaV-nIJV9E-i2GuQx"
"kui.hartfield@edu.tbz.ch"|"NwsplP-sInmAO-&k&c2u"
"salome.currao@edu.tbz.ch"|"9voA4V-1#1ZT@-fzCsAp"
"angelique.tixier@edu.tbz.ch"|"FTCDDb-irRn8i-jDOY#M"
"ju.mcgragh@edu.tbz.ch"|"fu3IgH-LE1s@2-ICioqO"
"dafnee.beachem@edu.tbz.ch"|"ptiD1D-ymIInS-CVaG3G"
"creez.terlinden@edu.tbz.ch"|"Z79DhM-Glef@f-#1DB9O"
"uo.mcskeagan@edu.tbz.ch"|"SD%oZZ-W3tREQ-ju3p9b"
"edmee.mccaughren@edu.tbz.ch"|"##yuS#-CPUUFa-pTmGil"
"asloeg.cozby@edu.tbz.ch"|"lu7K4C-Vzf9B7-bAvfY#"
"melodie.traite@edu.tbz.ch"|"Ppu$QI-p$0iBl-WXVofs"
"dorothee.aindriu@edu.tbz.ch"|"dYfQhV-&pl75Z-q47GI&"
"daniele.doley@edu.tbz.ch"|"ctLQ#o-k2mcfB-qpWYYS"
"mediamass.fairclough@edu.tbz.ch"|"32h91T-YORO5w-ARs%p@"
"lorene.rainforth@edu.tbz.ch"|"4Bnvb@-cDTwAu-v30Z36"
"leonore.eyer@edu.tbz.ch"|"UTIDLX-TOKsZl-%cJWFM"
"po.spillman@edu.tbz.ch"|"J#pkp&-rBZeFQ-D6Y@ca"
"cecilia.plitz@edu.tbz.ch"|"xP8OJE-55gDO5-NyXUeU"
"lorene.ludlow@edu.tbz.ch"|"x76ZHz-qai6@r-CFq4y@"
"berangere.neligan@edu.tbz.ch"|"Ti$RSd-xaWoZv-zdkkbL"
"simplifies.huggan@edu.tbz.ch"|"LIhKp$-n6z8vs-hR99He"
"clelia.prandy@edu.tbz.ch"|"Wa$Llm-$bgh$d-OvGMYg"
"ake.osban@edu.tbz.ch"|"aMT5cL-$gFVol-xqwx2g"
"cunegonde.brunn@edu.tbz.ch"|"ckIBQp-eFEhtU-lCsY7j"
"long.grizard@edu.tbz.ch"|"bn&FLn-RmsxQd-jZcviy"
"meghane.diss@edu.tbz.ch"|"ZZFzb9-j1fFb2-U7qED2"
"therese.oldman@edu.tbz.ch"|"ThbEZ$-kLpsHT-At@tPy"
"boerje.scamerdine@edu.tbz.ch"|"iJsT1M-l#b%Pn-ANt&U&"
"du.saban@edu.tbz.ch"|"xmcC4t-6ii5pP-nZh45l"
"hakan.clynmans@edu.tbz.ch"|"bDOcUO-v$kh3c-60E6&k"
"wa.macdowal@edu.tbz.ch"|"$jtCyf-8mqYrX-ZH3GXq"
"venus.hatrey@edu.tbz.ch"|"&ZsD7y-CsQTpA-JRucF@"
"anaelle.vispo@edu.tbz.ch"|"oBmaET-2er&ii-k5BXmV"
"mahelie.ollcott@edu.tbz.ch"|"PHH%oz-&7bdp1-&$cp@w"
"mediamass.whyman@edu.tbz.ch"|"Et8O1Z-UCJnnR-eO8saj"
"esbjoern.basson@edu.tbz.ch"|"LLqouV-aNcx%h-1BWwfq"
"andrea.morrill@edu.tbz.ch"|"RNFF2Z-MSAmLP-cxK0u&"
"melys.grassi@edu.tbz.ch"|"aChC8m-45i$T4-jqyMbl"
"leone.poleye@edu.tbz.ch"|"i&169D-8pu12l-91fecM"
"francoise.penny@edu.tbz.ch"|"A6VNkK-@qwDSI-U$34EF"
"rebecca.edney@edu.tbz.ch"|"fzpbBK-w1ip7P-UQPJhr"
"adelaide.murtagh@edu.tbz.ch"|"0%cWWj-#%fJUW-FSf9xI"
"stevina.winterbourne@edu.tbz.ch"|"&E7h9C-%ztB$t-kaUDxc"
"ma.cottom@edu.tbz.ch"|"QO9ImA-hmQ@2G-vmWjmE"
"tan.harold@edu.tbz.ch"|"V3n%2J-hHvbuk-y@E15n"
"venus.forte@edu.tbz.ch"|"MZ9zGG-S9SfCx-tCRq7l"
"almerinda.oluney@edu.tbz.ch"|"WTF7w%-dKxiGh-5iw#YW"
"cleopatre.brehault@edu.tbz.ch"|"Xm4DBG-$C6r$#-tjVXCU"
"interessant.lapides@edu.tbz.ch"|"&qkAfJ-MlCB1P-5J&i2L"
"reserves.hallatt@edu.tbz.ch"|"rdeyYT-oT&H9E-xJ99cn"
"annotes.birdwhistle@edu.tbz.ch"|"BmvWEi-c0FeII-DTts0h"
"ai.dredge@edu.tbz.ch"|"YS#yCO-8M%kFy-z&&&V$"
"megane.mussard@edu.tbz.ch"|"4lRAVP-E9cyAO-%k6nLe"
"esbjoern.gowrich@edu.tbz.ch"|"pRgKz%-Kb@ZRj-buGfkH"
"boerje.brislawn@edu.tbz.ch"|"&IBqeX-7n7SDr-P2W1@m"
"becassine.wilce@edu.tbz.ch"|"GGMEUE-U$9Vd1-#FVIQ1"
"personnalisee.oels@edu.tbz.ch"|"mh0V%h-bH0o7X-8E1PVV"
"verane.pett@edu.tbz.ch"|"enFAUs-cUM6n@-fYu4jb"
"marylene.glewe@edu.tbz.ch"|"Sh5l$Z-0C7hm#-mRfl#T"
"lai.elson@edu.tbz.ch"|"#GNXJS-qC&06#-4m&aLe"
"serena.difranceschi@edu.tbz.ch"|"KqAfF5-4e@K3N-oy2W&R"
"lie.espinel@edu.tbz.ch"|"wspz5U-SHR5js-C5qMmN"
"marylene.fantini@edu.tbz.ch"|"dDnicf-4H6Nwe-PJg%RN"
"andre.archdeckne@edu.tbz.ch"|"Vef07$-hiJfCF-Aw4tH6"
"goeran.bohlingolsen@edu.tbz.ch"|"rxKQkU-Qb82k%-e2u7CT"
"cunegonde.heffer@edu.tbz.ch"|"Bg72Gz-cFLptv-OERxj%"
"tan.fechnie@edu.tbz.ch"|"#D8Gka-%EbNB8-y6AEdS"
"marie-noel.brammar@edu.tbz.ch"|"aJgbq7-f8KxE$-D5kc$z"
"simplifies.aven@edu.tbz.ch"|"uy0II0-FCWWLS-5o#2gD"
"melys.pinchen@edu.tbz.ch"|"osCINn-Rb%F9V-1shVcl"
"edmee.joyner@edu.tbz.ch"|"brXtpS-4pD5e7-w8caNc"
"berengere.edess@edu.tbz.ch"|"733K5u-vS4byZ-7QVBn8"
"marie-noel.goward@edu.tbz.ch"|"pbZilr-Lb3c@M-1JJANV"
"ju.edmons@edu.tbz.ch"|"jg4PtH-E18O%c-nR0a9C"
"frederique.airds@edu.tbz.ch"|"QTyJHA-EKrm9Z-nQuivh"
"reserves.dauby@edu.tbz.ch"|"qs1Tcq-GkpKCR-Iw0nPO"
"hakan.gynni@edu.tbz.ch"|"z%KsSm-qSKlCv-sjFLoE"
"leonore.pinwill@edu.tbz.ch"|"J5H1h5-BNs58N-ek&RcW"
"marie-eve.mcallan@edu.tbz.ch"|"hrUuyT-dp$vt1-4QfRQ&"
"naelle.yeabsley@edu.tbz.ch"|"xX2JXl-mZPQHe-z2VAdy"
"nelie.jacobovitz@edu.tbz.ch"|"Gox0ow-wKGaHB-TFgic#"
"adele.conelly@edu.tbz.ch"|"Qa0Ggk-yJ7EFO-kw3%E0"
"clementine.dondon@edu.tbz.ch"|"w#bW8M-v$VDfy-#$1v%Q"
"zhi.willcot@edu.tbz.ch"|"tULZ#x-q6Kd5&-S$K$F4"
"chloe.janicki@edu.tbz.ch"|"DLe8eS-U2cH#$-CNT6g0"
"meng.linde@edu.tbz.ch"|"6$fyi3-6p%XUW-S#PIOc"
"celine.janisson@edu.tbz.ch"|"IvfRBd-cTz01F-QKdCQc"
"clelia.crow@edu.tbz.ch"|"7jzc5h-I0YAlU-7czO5r"
"cecile.pyott@edu.tbz.ch"|"L7qAtt-6gHMUn-t3qXow"
"ma.fidelus@edu.tbz.ch"|"Wpwq7V-JMHwIZ-PPpA75"
"marie-helene.poore@edu.tbz.ch"|"DNoROu-mMK2Fx-4XovYi"
"elies.blanket@edu.tbz.ch"|"iJIMz0-detV5o-3KLf6d"
"yu.boyer@edu.tbz.ch"|"QGulkm-aXOAnq-VgxOgI"
"celia.welds@edu.tbz.ch"|"$joRR5-@IWjj4-89krzd"
"du.gunney@edu.tbz.ch"|"$EHT6J-VmP&25-Fi&l@I"
"goerel.crush@edu.tbz.ch"|"t2uc7f-MQ692q-C2nOQ0"
"marie-josee.brosius@edu.tbz.ch"|"g1it1T-B7fjbY-TUDDNJ"
"camelia.adds@edu.tbz.ch"|"WR1IkR-9XDYUA-PGJ#sS"
"anae.irwin@edu.tbz.ch"|"Gxd3Fq-@QUfjk-09pipi"
"cleopatre.skeffington@edu.tbz.ch"|"7FGqqy-E3klxo-sLAmi7"
"gerald.suggate@edu.tbz.ch"|"ciC9Mh-6@mzl5-ma3rNG"
"laurene.tailour@edu.tbz.ch"|"JgZayi-VfNAss-o3pOnX"
"amelie.hoble@edu.tbz.ch"|"MRJb33-FSku0o-bDeEr9"
"venus.getch@edu.tbz.ch"|"Exr2#a-pqqIlY-0fcX%O"
"renee.treby@edu.tbz.ch"|"CiiP9g-Tj8cL3-tueb0%"
"almerinda.stait@edu.tbz.ch"|"3ltzls-@YyynN-G8c#gH"
"andree.reddecliffe@edu.tbz.ch"|"due%GF-GlZkT%-wqc6Gh"
"leone.wintle@edu.tbz.ch"|"I$0gey-galmCD-ptFaLi"
"gerald.fellow@edu.tbz.ch"|"5SbKL7-c9s$48-apttJR"
"ju.gudger@edu.tbz.ch"|"da$c0p-FPurwR-hzT5Bs"
"meng.ohaire@edu.tbz.ch"|"gpGgtG-gqhPf5-bobA$t"
"cleopatre.missington@edu.tbz.ch"|"Bj1QQx-VuHAj7-K0DfWR"
"annotes.debruyn@edu.tbz.ch"|"iacLxJ-Lz85BW-wC2cGC"
"gerald.sinisbury@edu.tbz.ch"|"QtPpGH-fnyfjN-wm9XM7"
"creez.slora@edu.tbz.ch"|"X7IdlO-5ysRXL-gF2MFe"
"gisele.benbow@edu.tbz.ch"|"MLhOpx-ZX#bF5-ISu7VW"
"pal.dossit@edu.tbz.ch"|"c9R7%M-25E4W5-tBw7le"
"nelie.stirrip@edu.tbz.ch"|"kH9DbE-sBQOum-3mP2qf"
"alois.ocrigane@edu.tbz.ch"|"8oxd2F-2DRI80-oohbVR"
"kui.mcterry@edu.tbz.ch"|"ciFNHG-EBlriW-$mBgF5"
"long.willgoss@edu.tbz.ch"|"SQ5JRj-E2mDwX-Rdn2oX"
"francoise.sumpner@edu.tbz.ch"|"wrREf#-XKb0lN-7jWNoE"
"maely.grinstead@edu.tbz.ch"|"qnYR#K-clbMen-Lr@Br#"
"creez.langeren@edu.tbz.ch"|"b@C24L-3tvsvb-9nczZn"
"adele.dungate@edu.tbz.ch"|"fqpxO@-bIqUHS-htshAE"
"cleopatre.noirel@edu.tbz.ch"|"MF&PAB-YwjJJV-uk@RtU"
"interessant.daverin@edu.tbz.ch"|"s6K60r-l$77Ww-i@FZV5"
"naeva.kalderon@edu.tbz.ch"|"h1YYjt-%w&1h6-zx0kif"
"anais.oshesnan@edu.tbz.ch"|"bd@zZh-vhiDQt-5y0%64"
"judicael.anelay@edu.tbz.ch"|"7JwYTa-ijiY3S-8cSzES"
"eloise.braxton@edu.tbz.ch"|"9VcPN6-3RiogO-armbxl"
"desiree.greguol@edu.tbz.ch"|"739Zs&-ftI2Q0-VIH1mY"
"maite.mcclenaghan@edu.tbz.ch"|"dU6Pvq-9n1gy@-rwRuN9"
"meng.doret@edu.tbz.ch"|"wxnbS0-g&BZB6-8@zbiV"
"frederique.chippendale@edu.tbz.ch"|"mtO6$Q-Jx$HvF-muGE8s"
"andreanne.lanney@edu.tbz.ch"|"@zv5wh-P$2IqV-rCgM0e"
"aurelie.claus@edu.tbz.ch"|"fq&SNa-QopkMf-NgYBrX"
"renee.pabel@edu.tbz.ch"|"cool@i-b6GmE3-Q13oDJ"
"maena.roust@edu.tbz.ch"|"9$GP4d-8x5wAt-Q@xoAk"
"nadege.carwithim@edu.tbz.ch"|"kPkMQ#-962YH7-Vm&%dE"
"solene.geyton@edu.tbz.ch"|"C$plv%-GO3p7V-GLGMrm"
"dafnee.avraham@edu.tbz.ch"|"#vRGd7-nuNCJ0-cG@78t"
"leane.woolvin@edu.tbz.ch"|"Vn#20K-X@mFWw-jvTtyB"
"adele.macadie@edu.tbz.ch"|"IaxIKo-ziMCaa-pMyguk"
"meline.rubica@edu.tbz.ch"|"0&LsxK-T6Yvuq-lrwyVp"
"marie-noel.speeding@edu.tbz.ch"|"ic#e%M-Se6CSx-laqphv"
"nelie.mix@edu.tbz.ch"|"$ki%F8-6Im9m2-&EslWz"
"clea.ollett@edu.tbz.ch"|"&5NjwY-9Pf@bP-DRfLIR"
"leandre.mcgavin@edu.tbz.ch"|"%&ZuOt-0ZhByt-d5%ckb"
"cecile.behne@edu.tbz.ch"|"kA@bf8-Cx$fzy-SXuF5X"
"melanie.polle@edu.tbz.ch"|"7yt%PR-yNEnVz-jrB2s2"
"marie-josee.titmuss@edu.tbz.ch"|"CbSqww-It8m@w-IpAgnf"
"helena.guest@edu.tbz.ch"|"oD5HFm-qM6rLK-P6LDox"
"annotes.chicchetto@edu.tbz.ch"|"T2su4a-YOZoRf-I5t@ZV"
"melia.tubb@edu.tbz.ch"|"T8NvBF-iE@3TQ-04X08w"
"angelique.casetti@edu.tbz.ch"|"@iTJJ%-U22zA#-D4oW%Y"
"cunegonde.cleall@edu.tbz.ch"|"si92&y-E5jpoP-8Uwvpa"
"camelia.oaker@edu.tbz.ch"|"aH1CoE-4dnzyD-G%60bJ"
"you.searight@edu.tbz.ch"|"Q&%nmK-1lLTS@-IURxIT"
"kevina.dederick@edu.tbz.ch"|"#1io4e-dXGM62-vD@PYb"
"milena.jeffrey@edu.tbz.ch"|"33YL#L-ndRSPy-X2Vr3G"
"melodie.barkshire@edu.tbz.ch"|"o8RaRQ-ZvDDU3-1q2ziL"
"gaelle.kreutzer@edu.tbz.ch"|"oxHziG-JcCONS-LGCMAr"
"kalliste.kleinpeltz@edu.tbz.ch"|"PLfIH8-YhF0Ip-2ajy@b"
"clementine.danat@edu.tbz.ch"|"H8U50@-SzLBdR-AFyKhB"
"andrea.wabb@edu.tbz.ch"|"Q51opv-%A0nix-kl9NLE"
"geraldine.piesold@edu.tbz.ch"|"oXePSG-VWrD5e-l4Jtb$"
"tan.fiveash@edu.tbz.ch"|"fJAM90-GlmupC-ExYO@E"
"meline.yuranovev@edu.tbz.ch"|"e$Kr11-Vam%DV-T0N5xK"
"therese.holme@edu.tbz.ch"|"DUW%pS-$VYNMS-dF79lf"
"salome.vaney@edu.tbz.ch"|"BjDg2w-iavu9A-kcemez"
"anae.abramson@edu.tbz.ch"|"A%wBAj-2tMXr7-fJkCJf"
"kalliste.jimson@edu.tbz.ch"|"wO2MUX-v7Sw82-af0AiV"
"selene.yole@edu.tbz.ch"|"KlunVE-oTmr2x-D$LTJ8"
"agnes.defraine@edu.tbz.ch"|"a&N5RE-a1FjCl-6btrQo"
"faites.mccluin@edu.tbz.ch"|"fED$8i-pZ6BPX-4@zGLM"
"athena.deme@edu.tbz.ch"|"fkX3yO-MUmixU-7V0R3y"
"daphnee.brigstock@edu.tbz.ch"|"s&LZuf-3jX46r-zFgql1"
"goesta.skaif@edu.tbz.ch"|"SiEB9Y-d2@gaf-Ih6T7S"
"oceane.jagoe@edu.tbz.ch"|"F@TuSv-q28rif-smerWZ"
"annotes.broomhall@edu.tbz.ch"|"GmL8QV-vboqEv-bG5x1Q"
"marie-eve.ballendine@edu.tbz.ch"|"a@2zz2-#5EEaD-waw4#y"
"melina.spykings@edu.tbz.ch"|"oyzrWa-Fp#oxH-qu0k0h"
"laurene.ticehurst@edu.tbz.ch"|"ZrBUMT-ip%3b3-9pzJNO"
"fei.avramovic@edu.tbz.ch"|"9l4GO$-HNhOS&-@56LAe"
"publicite.strathearn@edu.tbz.ch"|"m$GYvM-@xvQ&A-wYtDWZ"
"torbjoern.garrow@edu.tbz.ch"|"tHv6Ox-Q5zoWw-I57nCG"
"chloe.rubinsztein@edu.tbz.ch"|"AfVnzJ-QmylVX-xnAfzo"
"mylene.demanche@edu.tbz.ch"|"n#R#12-PYMcPX-UXE7wx"
"mediamass.godlonton@edu.tbz.ch"|"SaTrZS-o@BJT7-&FaFOZ"
"renee.shurrocks@edu.tbz.ch"|"0wboRz-eI$U5n-1oy$1v"
"maiwenn.jedras@edu.tbz.ch"|"f#3duU-ncUekl-0X#Qae"
"genevieve.castells@edu.tbz.ch"|"jSmOgp-0XNxuw-nug0sW"
"renee.sneden@edu.tbz.ch"|"oD7FOz-LqiCxj-7zlrud"
"lai.mccallion@edu.tbz.ch"|"S8Ur9f-SOxytB-o#bbah"
"kevina.impleton@edu.tbz.ch"|"wF00Oq-CjKAPW-2mO8dB"
"oesten.fresson@edu.tbz.ch"|"vKWtxp-MgOkan-jrM1aR"
"verane.shawley@edu.tbz.ch"|"XerFg@-MWW@70-9xaMQ8"
"uo.sjostrom@edu.tbz.ch"|"Bw19pu-HAi$T3-K3f##@"
"gisele.gothup@edu.tbz.ch"|"&byvc%-QaCgi9-G%PTeN"
"renee.beauman@edu.tbz.ch"|"SDIyMn-by6VQq-rz6wCw"
"elies.loton@edu.tbz.ch"|"Fs5ycg-7Ga$#P-Izgsvd"
"valerie.elsmore@edu.tbz.ch"|"r%Qj3o-3PROdy-i0smVD"
"berangere.delafeld@edu.tbz.ch"|"eM50&Z-FhE$ly-HD52AP"
"bjoern.schimke@edu.tbz.ch"|"SiLSOp-nLzgJ%-z7%YOi"
"loic.ericssen@edu.tbz.ch"|"X75#Dp-Pou4Cu-@9$9fv"
"creez.richarz@edu.tbz.ch"|"LwSAgB-SSBZF8-2Mua@K"
"athena.grocott@edu.tbz.ch"|"w3IbF5-Sit4M4-sr&wxJ"
"naelle.piotr@edu.tbz.ch"|"IMC3uB-0#3A4W-MjlHnO"
"maella.paulson@edu.tbz.ch"|"GupQQ#-dLyo4r-aY6xlA"
"song.perot@edu.tbz.ch"|"cQ0CXm-Cg@Fbb-9%K$k5"
"kalliste.heckney@edu.tbz.ch"|"Z13qeJ-x&Aa9Q-Tq&TNs"
"ake.vasyutkin@edu.tbz.ch"|"x8gah0-eJmKOz-Msunpa"
"ma.castles@edu.tbz.ch"|"ZaBxw#-BfcBQE-PM2pIP"
"maely.monget@edu.tbz.ch"|"k5v@iN-uDCkuD-ve7S%$"
"tang.durbridge@edu.tbz.ch"|"0d0kBi-jkc#Ju-m6GoYg"
"laurene.andrew@edu.tbz.ch"|"1yP4hQ-Wpg07E-y3j#PD"
"lysea.beacon@edu.tbz.ch"|"7G1vuC-cgihPW-EkOyNp"
"leandre.peyntue@edu.tbz.ch"|"oq%Mk7-P0NGc#-11Wmfm"
"rao.trever@edu.tbz.ch"|"FskIQd-82eAH9-nJqU4x"
"mahelie.streader@edu.tbz.ch"|"urDMQZ-492wum-c$TXxN"
"maerta.andrejevic@edu.tbz.ch"|"znSPbJ-8qThV5-CaFqxp"
"goesta.tompkins@edu.tbz.ch"|"o0yo0y-mEnZ$t-IveSRL"
"helena.agates@edu.tbz.ch"|"kUMtqk-l4%xTp-mLmA#i"
"therese.glass@edu.tbz.ch"|"8Pirba-ppDZ&%-ylGAPu"
"alois.foan@edu.tbz.ch"|"ps0TDY-Z%kBrS-wfFs7v"
"becassine.melchior@edu.tbz.ch"|"jrCD7u-40f7mr-SkS5hv"
"cloe.robart@edu.tbz.ch"|"pCaqYa-OI#t#r-XwAGM3"
"daniele.puckinghorne@edu.tbz.ch"|"oFcKnj-F40W1C-3dxGv4"
"selene.cammidge@edu.tbz.ch"|"Ew&FG5-HXRKc7-tvWVWS"
"regine.conochie@edu.tbz.ch"|"Eb38tY-Yy7WQ9-9WoI$z"
"interessant.tuiller@edu.tbz.ch"|"YyD3o2-R&WZfg-o3bspH"
"long.tiebe@edu.tbz.ch"|"gka7eU-nG5Eq7-BvEej&"
"mans.yele@edu.tbz.ch"|"F3@SDY-FgxEYg-XFOoWn"
"ai.giles@edu.tbz.ch"|"KVtq$#-#X%t5j-uPqsCv"
"gaetane.hamberston@edu.tbz.ch"|"zy%Crl-upTCXd-5HE4xl"
"marylene.fenix@edu.tbz.ch"|"00fXCD-DNOVfZ-xNFXIv"
"geraldine.graeme@edu.tbz.ch"|"mv#O2&-H3ax9X-$ceH#Z"
"tang.kinglake@edu.tbz.ch"|"OQ1qGh-s#bbQ8-bc8p68"
"lai.challoner@edu.tbz.ch"|"bM$U$z-VNM2GH-5$QUtn"
"desiree.mattei@edu.tbz.ch"|"ODMuG2-S8lFdD-eSRJBF"
"ake.erley@edu.tbz.ch"|"nPYMo8-MPslbn-k#FhJ4"
"edmee.cavil@edu.tbz.ch"|"XUjzIB-uuJWJh-SBOSa8"
"alois.moyes@edu.tbz.ch"|"FeMAu6-S&RYv1-I8s3r$"
"becassine.pitman@edu.tbz.ch"|"ZDp%pT-yq93a2-0c@tNm"
"ai.giacovelli@edu.tbz.ch"|"bW@5Xe-HAoEbL-4mvJwR"
"judicael.fruchter@edu.tbz.ch"|"Y@5uk1-lOqFH5-LDimYV"
"mans.mogg@edu.tbz.ch"|"S1Wi6T-&HMo23-Yx7gt2"
"gerald.foyle@edu.tbz.ch"|"T86C4c-AsX3AQ-SRcKRH"
"wa.androletti@edu.tbz.ch"|"U1TZ@P-lmQ6DG-x56kyG"
"meng.ollett@edu.tbz.ch"|"dmBN8w-P1nwLj-hHP7cP"
"naelle.macmenamy@edu.tbz.ch"|"8l5ZF4-VXKu73-2ZoO2t"
"gisele.mcramsey@edu.tbz.ch"|"Lf$dvm-3YJ7Kr-X6aMgc"
"meryl.scolts@edu.tbz.ch"|"jc06l9-euf92G-mt26IB"
"celia.bloxsome@edu.tbz.ch"|"FyRYPp-RBjU#Y-8AIa#w"
"styrbjoern.stuke@edu.tbz.ch"|"BAJ@nF-UsT&HV-MP$qrP"
"felicie.gwilliam@edu.tbz.ch"|"NwzgP8-r%sUrU-UHaTEE"
"da.harms@edu.tbz.ch"|"H#lJJj-JtoiUA-2mCXkq"
"celestine.baulk@edu.tbz.ch"|"pksCLe-w31ik3-2E7&#S"
"mahelie.blackledge@edu.tbz.ch"|"W5NUil-wvoRT9-eXyks@"
"meghane.salt@edu.tbz.ch"|"txgK$S-hw59ju-4l#3vM"
"methode.paxeford@edu.tbz.ch"|"V0UWdc-#BscdK-9EaMYC"
"asloeg.milligan@edu.tbz.ch"|"X@Ez8G-3q$xKH-CoqYso"
"you.pellman@edu.tbz.ch"|"Cj@B@r-6t7pib-%pgCg8"
"loic.regenhardt@edu.tbz.ch"|"VmEhFP-gnt4fT-&4J#lx"
"daniele.savill@edu.tbz.ch"|"ftnH1d-1&fARR-iw%X52"
"alois.cornu@edu.tbz.ch"|"XALnZo-hTWBzZ-Ej9GvD"
"oesten.govey@edu.tbz.ch"|"IAkTL&-IO1w8T-93TL$R"
"marie-eve.louch@edu.tbz.ch"|"mKhrAk-0UHSy8-FcT&ww"
"theresa.wenn@edu.tbz.ch"|"wdeA05-@bmk5z-vCtx43"
"andree.eul@edu.tbz.ch"|"yokswA-rijjDr-lJa@lX"
"lie.paynton@edu.tbz.ch"|"G#fbuZ-FKMbuH-9uC%9#"
"marie-eve.girodier@edu.tbz.ch"|"IDkfAP-1RKhQj-w0lIxW"
"marie-noel.smithe@edu.tbz.ch"|"G&iCHr-NlhhIR-@#PbCM"
"men.bootyman@edu.tbz.ch"|"#8X5qc-xmxQgL-I2jsUM"
"ku.sugg@edu.tbz.ch"|"@f4PYM-@PgRyG-W%1b35"
"lucrece.roseman@edu.tbz.ch"|"isGNF6-#x5Ei$-MB7B%L"
"zoe.annear@edu.tbz.ch"|"qUyK$#-7maKNb-XuhMl@"
"marie-helene.rennebach@edu.tbz.ch"|"VHIQSe-aC$I@d-5X4sed"
"lea.djurdjevic@edu.tbz.ch"|"pQKwJx-zgAcJV-5hcO$m"
"goerel.robert@edu.tbz.ch"|"0C$2Au-6IzdrH-S4JdUR"
"mylene.foldes@edu.tbz.ch"|"k&p1z9-toeFmx-5Pb0SG"
"faites.clegg@edu.tbz.ch"|"vFXBad-hSVRuv-JYJq&w"
"marylene.crowcher@edu.tbz.ch"|"kT5h$z-wFn2GX-jEyH1$"
"aimee.wimpeney@edu.tbz.ch"|"3o3UkI-KNOYN$-f6Njt%"
"renee.atkins@edu.tbz.ch"|"GoEQax-stexIb-lod3G8"
"rejane.cainey@edu.tbz.ch"|"nFrRM6-JE93GV-RYoeQj"
"solene.britney@edu.tbz.ch"|"dsqCkh-iWjcTz-x8IpP1"
"marten.shatliffe@edu.tbz.ch"|"yBUEg0-eVSy@L-kMvGWu"
"maite.issatt@edu.tbz.ch"|"k%4ezk-YWVNv0-zCCSDf"
"maelyss.edon@edu.tbz.ch"|"6#M%Xr-jWIrdx-DkwWMl"
"nuo.bamling@edu.tbz.ch"|"QLZSad-oONAEz-IPg8Tn"
"anais.edards@edu.tbz.ch"|"wDBthE-QLokFb-VPhB7q"
"mediamass.bromet@edu.tbz.ch"|"CK0zNH-4zH0Ss-RfXNxo"
"beatrice.kimbrey@edu.tbz.ch"|"CP4dDG-&RptM%-YxK%uk"
"ines.lawranson@edu.tbz.ch"|"acaTBL-jBHZkm-o9St&n"
"kalliste.scandroot@edu.tbz.ch"|"YHE8Vu-ZYpl@L-HPXqm7"
"mans.barrowcliffe@edu.tbz.ch"|"83e#Jw-UeFCVq-7GCdtM"
"irene.couves@edu.tbz.ch"|"oUfPuW-MrWG3Z-DWLy@a"
"milena.mucci@edu.tbz.ch"|"1ThmJJ-e6xx%2-tI#Dpi"
"naeva.cow@edu.tbz.ch"|"EaNyfl-yt7yoP-xEMuXn"
"audreanne.mournian@edu.tbz.ch"|"4%XtlE-YVygEj-8xsJcM"
"melia.sinnatt@edu.tbz.ch"|"emteun-bL2yQh-hq2h$6"
"nelie.burnard@edu.tbz.ch"|"3u#VVi-vrp%&&-$rj9Mc"
"clelia.ashfull@edu.tbz.ch"|"f1#Qic-iuVyo&-KoTAD2"
"lie.macard@edu.tbz.ch"|"kefo5l-$Ep0oD-jOi1Yx"
"valerie.matoshin@edu.tbz.ch"|"6RAnV#-iLm9un-EAgPs&"
"anael.hatherleigh@edu.tbz.ch"|"Y0Au0U-W&514F-SO%cxY"
"interessant.warratt@edu.tbz.ch"|"tvvfQM-2W9nxt-w9Ustv"
"eleonore.volage@edu.tbz.ch"|"KaG&ew-LRWthy-LZjGdj"
"zoe.stebbing@edu.tbz.ch"|"ovdBKU-uwNmr2-D9UFE4"
"alizee.nye@edu.tbz.ch"|"$0ngUB-wkLLlV-HYbNao"
"celestine.bramley@edu.tbz.ch"|"5UFNsW-mFyCTi-YcNuu2"
"selene.philcott@edu.tbz.ch"|"CWFZSV-tLCb8d-OI$pRJ"
"tang.newens@edu.tbz.ch"|"Kx9vOY-84I4wa-Y5533o"
"annotes.powys@edu.tbz.ch"|"ZHD#dw-V1ApZ1-SAs@72"
"lea.matthesius@edu.tbz.ch"|"0Y8ChW-9lxYlA-9ZFIwd"
"illustree.garlett@edu.tbz.ch"|"H@@fmc-KNYxU6-tMPgyC"
"maiwenn.meachem@edu.tbz.ch"|"MH8VKD-2&o%hj-iqV2s5"
"marie-francoise.mcbrady@edu.tbz.ch"|"aOLA3k-uJbfbm-#WupvJ"
"illustree.gimbart@edu.tbz.ch"|"5P0RDu-mOO$8H-dRwNnm"
"melys.lyosik@edu.tbz.ch"|"v%7Az4-54H%qB-kLQ&N9"
"marylene.mcnab@edu.tbz.ch"|"gASo7k-EzKQXY-T9ww8h"
"gerald.blount@edu.tbz.ch"|"WCoyop-F36Xu$-d0n@Oa"
"clelia.shakelade@edu.tbz.ch"|"feSy2D-nxVBzT-BrP&or"
"penelope.cridlin@edu.tbz.ch"|"2LXIuT-AoFh8g-EB0g6X"
"maena.okuddyhy@edu.tbz.ch"|"ieHoFo-XFpk5y-%ul0Hs"
"athena.keynd@edu.tbz.ch"|"xylDUp-E13a%I-0YCu6d"
"cloe.dwine@edu.tbz.ch"|"BLsw0u-zs2LC9-3S5sbf"
"josephine.browett@edu.tbz.ch"|"0hT1Qd-K#OACN-L9BlR%"
"audreanne.oscanlon@edu.tbz.ch"|"pv#HSW-5K7xrp-igz0L7"
"fei.jeanequin@edu.tbz.ch"|"spqdBd-Cvu6BC-Vx&4I%"
"lois.gormally@edu.tbz.ch"|"YE0HGV-N&4pcD-JUtVq4"
"marie-francoise.finnigan@edu.tbz.ch"|"2YOAVO-BSgkru-tcQutg"
"leonore.trussman@edu.tbz.ch"|"tg4YrB-T8MeBG-ePmHGS"
"anaelle.trumper@edu.tbz.ch"|"ZfNf#m-qn4X6q-omzlU8"
"clemence.dionis@edu.tbz.ch"|"eq68H4-9gnWA9-VoU6i%"
"lois.tranmer@edu.tbz.ch"|"SbMR&4-M@c&1$-jWYeng"
"interessant.volett@edu.tbz.ch"|"85%@$T-WaHdgn-lhK&ZT"
"personnalisee.deackes@edu.tbz.ch"|"OLRpua-9DYCbh-XMds3n"
"lie.vasiliu@edu.tbz.ch"|"KruotE-yc$2o0-Q8NihU"
"dafnee.lamputt@edu.tbz.ch"|"OXJtQw-uWMpqo-xg&dAP"
"elies.bromige@edu.tbz.ch"|"6&kV30-gf6DPn-q$k#Bp"
"helena.klosser@edu.tbz.ch"|"mEncsN-uT$1o%-VF4Drc"
"andree.grim@edu.tbz.ch"|"K0A$Nx-ofc&an-MJ9yqz"
"verane.coldbath@edu.tbz.ch"|"2YWFYq-TZnRcR-Y076kd"
"helena.bethell@edu.tbz.ch"|"zeYI4S-sqPP&g-plURqW"
"kalliste.carefull@edu.tbz.ch"|"2Zxds&-tI@3f4-2j@%Qz"
"regine.odams@edu.tbz.ch"|"&sFPcC-6YrX95-2qQ8zt"
"len.stannus@edu.tbz.ch"|"XSvE#q-Lo$aPa-eihroh"
"angelique.works@edu.tbz.ch"|"q&8d$z-&hnLba-xbxGFJ"
"goesta.rheaume@edu.tbz.ch"|"erdjnA-Uut1zK-#Eua#O"
"maelys.tynnan@edu.tbz.ch"|"x3MU5z-ejJPqO-h1@xOy"
"maelle.carlesi@edu.tbz.ch"|"jfBUDw-mdIVMx-u2Kfol"
"anael.spurden@edu.tbz.ch"|"G4suLw-38LYxH-uEH@tA"
"helene.pumfrett@edu.tbz.ch"|"EwjbHZ-08SCNq-m$F4I9"
"goerel.pearn@edu.tbz.ch"|"8Xj4Cf-62Mn1t-eeJ2Jm"
"laurelie.dezamora@edu.tbz.ch"|"VjEd11-8qrh8p-QNI@5U"
"yao.twidale@edu.tbz.ch"|"Siwgj8-uA5I96-X@3y3&"
"berengere.sola@edu.tbz.ch"|"ZnMw1z-I3nvef-LCBKw0"
"maelann.hardistry@edu.tbz.ch"|"OJpaLf-gWAagI-SPSlCZ"
"severine.littlefield@edu.tbz.ch"|"dnuzeP-d$Ydas-ipnEZ2"
"salome.heinl@edu.tbz.ch"|"i2bIXe-xfwt%k-ibSbs@"
"meryl.warbey@edu.tbz.ch"|"4ULx6W-a51SWA-0TR%eF"
"da.hunstone@edu.tbz.ch"|"sxcZ$V-VaC#eZ-XwSfdo"
"venus.broadbury@edu.tbz.ch"|"76DoCD-tGTj&H-z05%cJ"
"meghane.rentelll@edu.tbz.ch"|"FMcuZl-lVyfId-ZbqDaj"
"marylene.drewitt@edu.tbz.ch"|"Zbi6Kk-dT%h3y-97Etdy"
"melinda.jacquemet@edu.tbz.ch"|"MnZsFk-LYxLhQ-ZfTd$G"
"marie-josee.keyden@edu.tbz.ch"|"MMCnlw-7wA@uC-O#16EJ"
"asloeg.montacute@edu.tbz.ch"|"&D86s6-v5HdyM-eNGD$z"
"ku.andreou@edu.tbz.ch"|"6a#rpX-9yCx4s-@kv@vP"
"personnalisee.feaveer@edu.tbz.ch"|"7QkkyG-5kKZE$-%uF8hB"
"laila.emptage@edu.tbz.ch"|"WprZR#-5tfj2R-uWWULx"
"bjoern.dawdry@edu.tbz.ch"|"xSpREk-h2Wu1C-6vwlrB"
"marie-eve.dinsell@edu.tbz.ch"|"S5sjCK-Qf@zum-x2iEMC"
"helene.follett@edu.tbz.ch"|"8vqNqL-JgdP2h-SKE&Ec"
"penelope.cordero@edu.tbz.ch"|"GUN7bd-Lw6R6b-b9SHQ4"
"boerje.beedell@edu.tbz.ch"|"x3%#dF-Bb35O7-#oAiP7"
"nelie.ferne@edu.tbz.ch"|"dO6I75-J6zN8r-3VYBhk"
"celine.ahmed@edu.tbz.ch"|"Aw&l2z-@zKYp3-kJp9VJ"
"stevina.pimblett@edu.tbz.ch"|"aNaI$h-NZKe4u-0@NdSC"
"chloe.langlands@edu.tbz.ch"|"AjTBR1-1xx2f5-VnZ2mZ"
"simplifies.maude@edu.tbz.ch"|"xlRysD-wVYqy4-vFR&QG"
"genevieve.decarteret@edu.tbz.ch"|"39#%9x-z2fNME-Jpf2B%"
"marylene.mughal@edu.tbz.ch"|"edCeSn-f#Uq26-kNbH16"
"goeran.guttridge@edu.tbz.ch"|"u#ruBg-3%#g7B-jW#9Ey"
"michele.smurfitt@edu.tbz.ch"|"lH9J7w-iJhIw7-YbAeta"
"methode.hadeke@edu.tbz.ch"|"g&%Q%#-bnDGXU-PaHr$K"
"therese.rispine@edu.tbz.ch"|"wKBZla-ZEal&G-fei@IR"
"goerel.plumley@edu.tbz.ch"|"n$HrYc-X4qv13-yNhLn2"
"oceane.friett@edu.tbz.ch"|"ACAx$B-SAcZlY-krFW@F"
"marie-noel.achromov@edu.tbz.ch"|"w478u6-78U@#n-7KTZut"
"dorothee.storek@edu.tbz.ch"|"0yHiH$-0&Nb@2-ntL4rQ"
"goesta.whittle@edu.tbz.ch"|"dVwS4W-&wPnFJ-0UepDJ"
"desiree.casely@edu.tbz.ch"|"6v6L%i-zyEk$l-QiYhgP"
"felicie.condon@edu.tbz.ch"|"6@DM9O-S0Sm$4-L0RJbS"
"maelyss.frisdick@edu.tbz.ch"|"JWDnAa-xgPjsq-hEBADt"
"aimee.banke@edu.tbz.ch"|"tz2E&r-Id4TCG-l9VBe9"
"naeva.hodcroft@edu.tbz.ch"|"2tBRt#-pn1hUU-b6D0Dd"
"laila.gerrans@edu.tbz.ch"|"o1$5d2-AeHath-BFIeMI"
"daniele.scrimshire@edu.tbz.ch"|"WWE2lJ-2ANJNN-#M@gFf"
"daphnee.sheerin@edu.tbz.ch"|"M3ZifJ-B4eqgp-Cjg7oM"
"pal.vanyukov@edu.tbz.ch"|"%g3ZS4-@Ip9c@-kc$b27"
"zoe.childs@edu.tbz.ch"|"hQIyD9-#117yF-TMjs0F"
"ai.corde@edu.tbz.ch"|"oCWRvl-z703YM-qXyf%V"
"maelys.berryann@edu.tbz.ch"|"obeuQZ-GJ7CR2-PZgbNk"
"cloe.gladding@edu.tbz.ch"|"ps9wqj-chTnqR-ZqaU52"
"wa.kinnaird@edu.tbz.ch"|"@pXipZ-7C$EHc-%gpAt9"
"publicite.brittoner@edu.tbz.ch"|"nYcmZi-OPbSdk-rlZx8L"
"rao.windress@edu.tbz.ch"|"ZNBhgo-OwkNOi-NJr4oB"
"uo.kollach@edu.tbz.ch"|"L81jJ8-xGI$N9-ea5sGU"
"josee.peskett@edu.tbz.ch"|"T3SkzZ-rTuasN-jacY2d"
"annotee.hasel@edu.tbz.ch"|"zakH9l-Rl6$8$-46cPj%"
"cinema.lee@edu.tbz.ch"|"7Lf6Va-mNuuk0-$ym0xO"
"lai.vedeshkin@edu.tbz.ch"|"65jm8@-KHXYay-AY&e4k"
"renee.brisbane@edu.tbz.ch"|"r2Hn8b-$BVixs-BOqcZh"
"ophelie.blincoe@edu.tbz.ch"|"2ZIV6Y-bi79bD-qcf4qt"
"zhi.prazor@edu.tbz.ch"|"lbSHX7-8eEjuo-vH@puQ"
"annotee.maddicks@edu.tbz.ch"|"CycMZE-OL7xMP-XiAUoA"
"maelyss.codd@edu.tbz.ch"|"xrn3FL-NaAEX9-EgKC4R"
"celia.peplay@edu.tbz.ch"|"D6$Exh-l881%L-5z@lBQ"
"interessant.skone@edu.tbz.ch"|"6EEame-9&Im&s-aUU2h@"
"audreanne.hebdon@edu.tbz.ch"|"S6J$Ch-nCb002-0CT@vp"
"oceane.glen@edu.tbz.ch"|"qmdAD1-9v6DFd-h&XjG0"
"daniele.vanyushkin@edu.tbz.ch"|"UyXFTO-LEIXPA-qf1SHE"
"daphnee.ayce@edu.tbz.ch"|"QymtDG-&qzsHs-g#9$TD"
"andrea.attride@edu.tbz.ch"|"PuEZPj-G@4U3z-M6%BP@"
"penelope.bridgwood@edu.tbz.ch"|"Hf4jVX-AWpMqq-ADmzyZ"
"mailis.drewitt@edu.tbz.ch"|"K7rL8O-gcnVIb-#9hLmD"
"penelope.mollene@edu.tbz.ch"|"CQHC24-RX2FM%-5clg5o"
"illustree.keely@edu.tbz.ch"|"ba8bHU-FDMkrO-7JNGt6"
"meng.brisseau@edu.tbz.ch"|"RNu1wF-ZDKMD$-d%XFaz"
"ruo.cleiment@edu.tbz.ch"|"VkSS8y-PPPPD6-1R5dI$"
"maite.krammer@edu.tbz.ch"|"Actn@J-N&N1Iz-LHoNJW"
"genevieve.verry@edu.tbz.ch"|"25FA$G-63dyEH-XzUwzU"
"lea.olochan@edu.tbz.ch"|"vCmSN2-UgTu3m-$eWoDj"
"naelle.brunnen@edu.tbz.ch"|"tUBh4M-R&1eI&-pfdkH8"
"goesta.bragginton@edu.tbz.ch"|"nWn3J1-3U#rIn-r72LgV"
"fei.danilyuk@edu.tbz.ch"|"qbo0G3-YXumrM-O4Xvzs"
"adelie.turbitt@edu.tbz.ch"|"orxLFW-P$nLkK-G5xTAZ"
"marylene.nutman@edu.tbz.ch"|"h9c0RC-xOz5xL-MAoZ#K"
"therese.barbrick@edu.tbz.ch"|"$N6YUA-gqZxLv-$LHjl3"
"melys.kolodziej@edu.tbz.ch"|"xRtkL@-yoia#X-492I#k"
"melanie.runchman@edu.tbz.ch"|"3MVVFA-BrOHHx-Dfb7%R"
"serena.lafond@edu.tbz.ch"|"5sz1qs-K&6XxV-#@nCqV"
"pelagie.desmond@edu.tbz.ch"|"yk5OTN-k9bh$V-aQeOdp"
"wa.spickett@edu.tbz.ch"|"%Kfbpj-rBAfA$-$PAYt7"
"po.shave@edu.tbz.ch"|"LVaRM8-MTTykF-FFpyYs"
"song.huikerby@edu.tbz.ch"|"NqzaYi-ZtciOK-CMLfKB"
"melinda.bimson@edu.tbz.ch"|"V0bhn7-8&x6Gb-VYFglV"
"personnalisee.toffanelli@edu.tbz.ch"|"3O5i&t-B%kvT&-RCMOo0"
"leandre.hurn@edu.tbz.ch"|"fTMKzX-WzaB2A-gCNpVi"
"oesten.standell@edu.tbz.ch"|"Vo2XSd-0NtcLa-5ZgQNL"
"naelle.smaleman@edu.tbz.ch"|"lP8E4a-#jU0rc-Li81m4"
"berenice.tayt@edu.tbz.ch"|"@7pGme-rTBJJc-70@7pl"
"kui.popplewell@edu.tbz.ch"|"EVgaT8-GZvbA%-y4EWB2"
"melodie.ferandez@edu.tbz.ch"|"a0EEV7-tAw%ci-MDPKah"
"josee.negal@edu.tbz.ch"|"ObPSLQ-zQa0cG-0ZgBv#"
"melissandre.ferrelli@edu.tbz.ch"|"8XAQvY-bO9KVN-hSgc%v"
"josephine.kemmer@edu.tbz.ch"|"1u0aya-ayEB&8-tUk&Ub"
"maely.cayette@edu.tbz.ch"|"gcW51d-plYEKr-0wZ2$G"
"nelie.vela@edu.tbz.ch"|"FgXrLM-P0fpoP-%ADUiH"
"melina.cortes@edu.tbz.ch"|"SwDqoa-aZb@KT-fmcVDI"
"megane.leyshon@edu.tbz.ch"|"kEPn0G-rWizW0-S$QszR"
"regine.harrie@edu.tbz.ch"|"eSTbhZ-UnPwN%-79xtbv"
"mylene.widdison@edu.tbz.ch"|"pNpOS$-9p37u1-xkTp93"
"pelagie.vivash@edu.tbz.ch"|"GZ@Ega-g6kb4p-ivY#go"
"styrbjoern.vicarey@edu.tbz.ch"|"4kdfjL-xcqPfp-HtYG9V"
"long.kyles@edu.tbz.ch"|"921uLZ-2j7q4&-h&pdXs"
"stephanie.gipps@edu.tbz.ch"|"KOkxIY-phBRkZ-ri$@Gu"
"clea.constantine@edu.tbz.ch"|"NUv40j-0Kq8f9-F0R&9j"
"maella.cometto@edu.tbz.ch"|"I5kC6s-vNGyku-EweTs@"
"laila.aubrun@edu.tbz.ch"|"6XQFti-4ND&GO-Hi$vz6"
"yao.austins@edu.tbz.ch"|"Pnormy-$@@JV@-SS#&Nd"
"mailys.rylstone@edu.tbz.ch"|"MrZmD8-75eixW-ZruNkI"
"adelie.curuclis@edu.tbz.ch"|"fQbI4%-g&hnQE-6CTjNe"
"celine.longhurst@edu.tbz.ch"|"echfb2-WR1HgB-cyF%KG"
"gisele.hazell@edu.tbz.ch"|"kM33cg-TY7%D2-XwTa$3"
"celestine.ciccone@edu.tbz.ch"|"S&&ZqA-abOZc0-9LLsp3"
"maelyss.doole@edu.tbz.ch"|"xS37mc-8vhlWh-KgmcUz"
"helene.grimsdike@edu.tbz.ch"|"%wYtO1-uu7bic-i&TGFC"
"lie.macer@edu.tbz.ch"|"Sqxk7k-VmqhzF-6r&yXV"
"maely.izard@edu.tbz.ch"|"9Itabi-l7ojM5-&srInU"
"erwei.breewood@edu.tbz.ch"|"Do@lVv-l9zGoE-VWC$sc"
"chloe.woolford@edu.tbz.ch"|"RwhhRn-8Rnslr-q3SwWf"
"cleopatre.turpin@edu.tbz.ch"|"dvT8zH-M%96ZL-nneh8b"
"melodie.surgison@edu.tbz.ch"|"sHE9A9-j4IvPp-ms2Vau"
"elies.leander@edu.tbz.ch"|"AgJFoG-iW7CQJ-5y0cMS"
"mediamass.reignould@edu.tbz.ch"|"KJ7f0O-py4Z20-6JNz#E"
"celestine.wasmuth@edu.tbz.ch"|"8o%7eU-cRoznw-amq2Ko"
"marten.jervis@edu.tbz.ch"|"yuv4mq-AtGrxC-HaTjnZ"
"daphnee.bour@edu.tbz.ch"|"VW4O5J-83j6p&-u2Vgch"
"regine.harlett@edu.tbz.ch"|"LYWIg6-meajQ3-qo8V0q"
"noemie.macaskie@edu.tbz.ch"|"DTz0co-lnczo4-Qs&y3Q"
"loic.renfield@edu.tbz.ch"|"mQWNYN-gqL4N#-viR$5M"
"venus.kleinert@edu.tbz.ch"|"jZk%iW-Mc6HXg-J1qsC8"
"marten.burlay@edu.tbz.ch"|"oyYOhe-ZeOBXS-fsdgxT"
"berengere.radsdale@edu.tbz.ch"|"h@FIkr-vqX78k-Y5VieC"
"genevieve.duckit@edu.tbz.ch"|"6kVKxV-9HGmT3-2O0REp"
"maely.ligerton@edu.tbz.ch"|"onUPPY-fhDYJX-7SCRmS"
"maeline.ricciardelli@edu.tbz.ch"|"sJISoL-eYMGJ8-WV3T61"
"personnalisee.yggo@edu.tbz.ch"|"h@#D%$-%vIB65-03ZJLA"
"alizee.pettinger@edu.tbz.ch"|"OaoJHf-LtdiTW-ChCkmN"
"desiree.curnnokk@edu.tbz.ch"|"ZmQsgs-WX8qJm-Xc9xt7"
"dorothee.minors@edu.tbz.ch"|"nN7YqM-DrwQuE-@2hGoO"
"oceanne.kopmann@edu.tbz.ch"|"xTafjU-&B7v1f-#P9gRu"
"almerinda.brodbin@edu.tbz.ch"|"%OK36U-8daPK#-CFg2LG"
"yenora.carsberg@edu.tbz.ch"|"QWlEk4-osY4Je-ZWg64v"
"wa.beetles@edu.tbz.ch"|"z6l$K6-Fo9f73-#Nr6yT"
"audreanne.abbot@edu.tbz.ch"|"KYPlwI-VGhd#3-r6lqfR"
"noemie.capper@edu.tbz.ch"|"@ZIR&D-RL#LF3-0rCUJV"
"mans.abramamov@edu.tbz.ch"|"%mUVmY-UlH7EI-6B6PZO"
"audreanne.blakey@edu.tbz.ch"|"ACiXYo-4GQqRc-nWusiv"
"leone.klimpke@edu.tbz.ch"|"SyJEGO-Xwl&5q-zu6oFk"
"lie.croston@edu.tbz.ch"|"mR6$Fm-UlOKkB-WXbrvJ"
"anaelle.baistow@edu.tbz.ch"|"R7OKzg-ouz33S-@#2Iuj"
"michele.garwood@edu.tbz.ch"|"6PHDwO-bHNUwn-qz&457"
"interessant.albion@edu.tbz.ch"|"3ByaM@-vz8JGy-ptQCsb"
"andre.brisco@edu.tbz.ch"|"ow4uMU-GBeB2E-VPiB45"
"tang.totterdill@edu.tbz.ch"|"qy90FK-YS8iht-Zg2rj$"
"marie-josee.braundt@edu.tbz.ch"|"h2g4$N-pOwkn9-uYG@Gc"
"lois.galer@edu.tbz.ch"|"uuPEMa-871KFv-#y5HJj"
"faites.pellamonuten@edu.tbz.ch"|"lA#&Gq-1#3eGk-eRlnHS"
"mai.barfford@edu.tbz.ch"|"GKNcLz-R0jpWs-ZMKNqw"
"laurene.macilory@edu.tbz.ch"|"Hoagpe-OE$7Al-A#Kqj1"
"elea.peak@edu.tbz.ch"|"fA8yRd-Be@L7i-OF3Brn"
"rejane.doni@edu.tbz.ch"|"h2c1nh-H1@OSo-o88Z0n"
"mahelie.ector@edu.tbz.ch"|"EFjX0$-Lob9rQ-nhpwA8"
"rachele.allum@edu.tbz.ch"|"Pde&je-KK4qO7-CtUdVP"
"laila.gerretsen@edu.tbz.ch"|"pdu$@S-iukoOP-JoZoo#"
"ines.bowman@edu.tbz.ch"|"iP%XgJ-v9benz-pLe2Bj"
"publicite.barbary@edu.tbz.ch"|"AbYYOF-GVer%Y-X5ufKX"
"mailys.smooth@edu.tbz.ch"|"4QMhM2-odBWPq-KiKcBa"
"mailis.huguenet@edu.tbz.ch"|"3GsPzx-j0wloN-4e7OND"
"lea.ewer@edu.tbz.ch"|"qyFOl6-bNC2ei-VdtImi"
