"email"|"password"
"melodie.vandervlies@edu.tbz.ch"|"q3ZG4r-N7zQ3T-SGcKYL"
"angele.edgecumbe@edu.tbz.ch"|"ET3D&s-ijrtpV-s7hwVt"
"zhi.andreasson@edu.tbz.ch"|"2Y%rlj-jChkYR-eQ6dBp"
"judicael.koppeck@edu.tbz.ch"|"db6imY-QuGPyE-58@&oK"
"berengere.capron@edu.tbz.ch"|"$UdOYx-Z&f53o-blpO44"
"leonie.brosini@edu.tbz.ch"|"uX&g8U-$m29Ja-xTkOR2"
"venus.garfit@edu.tbz.ch"|"zexyuX-a0ahif-TKc09T"
"melina.janota@edu.tbz.ch"|"$X2u%M-4tx577-v0Xq9i"
"laurene.bake@edu.tbz.ch"|"6yx@zN-@drZoh-Ug0jJB"
"regine.dorkins@edu.tbz.ch"|"M#U3iv-bu828y-G05w%K"
"cecile.moffet@edu.tbz.ch"|"3#YYlJ-&AuXqG-USWOs7"
"maelann.labrone@edu.tbz.ch"|"iO0cFh-s2PStL-Cap3sk"
"melinda.newbold@edu.tbz.ch"|"fptb9v-VJDAL%-obuvnO"
"mans.itzhak@edu.tbz.ch"|"IAEpdK-N24O6I-UsTOJN"
"melodie.pattlel@edu.tbz.ch"|"law1Rm-LvaqYk-dB5V@8"
"celine.bonett@edu.tbz.ch"|"3YdO2h-AxhCH4-EnP&JC"
"adelie.mcgreal@edu.tbz.ch"|"JuM%nQ-MKVWVe-jd6X99"
"helene.soldan@edu.tbz.ch"|"xVZvFX-6Ul6QW-dXgPhQ"
"michele.cluer@edu.tbz.ch"|"Hqkc@Y-vF8DnC-@TBtAI"
"maeline.mueller@edu.tbz.ch"|"e7xkNz-4MKEDK-%giLjL"
"maelann.benedito@edu.tbz.ch"|"A3E9xK-&t7o4H-j6Bkvh"
"nuo.gransden@edu.tbz.ch"|"MGePU7-KSB2iG-xIH1t6"
"berengere.stainton@edu.tbz.ch"|"q1ZAZJ-krKA%P-ktQfM5"
"wa.sabater@edu.tbz.ch"|"18gyoK-GUfM$J-dHcR5b"
"anais.cochran@edu.tbz.ch"|"rpdel&-NrAP#&-nRmQoR"
"gerald.bessant@edu.tbz.ch"|"ZM&04O-Jk4Aqq-gIEOh&"
"ruo.coffin@edu.tbz.ch"|"qhlyi@-E$WH1H-K9PEf9"
"melodie.mustill@edu.tbz.ch"|"nK%P2R-fKQhmx-#kz&W1"
"ruo.stanesby@edu.tbz.ch"|"Jhowrl-7rz$YX-@#HtTm"
"noemie.antognelli@edu.tbz.ch"|"Rphp3S-zoRPY&-smX06&"
"maelann.hughson@edu.tbz.ch"|"sxrFdm-@$vpxL-n#Xupk"
"milena.mieville@edu.tbz.ch"|"nGeb4e-eSD64e-Bs$NMR"
"mailys.chamberlin@edu.tbz.ch"|"Ig&Dtj-w1eU%G-4amoMj"
"nadege.tomalin@edu.tbz.ch"|"C1HDgO-%NW47Y-3zikcN"
"oceane.omara@edu.tbz.ch"|"Wc4%Yr-Pk#tnn-c&Aj5i"
"cecile.aguirrezabala@edu.tbz.ch"|"Wz%O@l-aipnNn-BhE8kR"
"maella.gwillim@edu.tbz.ch"|"1fRzBq-hlRjje-7Yonzs"
"lea.mcgahey@edu.tbz.ch"|"UgAPTL-BH989M-Py88uO"
"laurene.hagerty@edu.tbz.ch"|"Yn6DGI-Kc#p3V-l#h@8r"
"dorothee.link@edu.tbz.ch"|"u1HniM-6SgBjr-RU9XEA"
"clementine.kynsey@edu.tbz.ch"|"5@kDuW-Ju8YP4-z3pVxr"
"lorene.smitherman@edu.tbz.ch"|"bdlHdH-%rTci8-yXMCpN"
"cleopatre.klulicek@edu.tbz.ch"|"pm7hP5-xfomjm-OxUOD&"
"laurene.castaneda@edu.tbz.ch"|"2k&kLb-e0S6Iz-bbfAu@"
"melia.constant@edu.tbz.ch"|"CVqdtO-@YYo%x-l6ZDyS"
"lucrece.clunie@edu.tbz.ch"|"CKsgkF-v1#L%#-2rNcj9"
"eleonore.mcmurthy@edu.tbz.ch"|"$iCPHa-l7Nzys-cDi5Tv"
"melia.bevar@edu.tbz.ch"|"Pxb4sn-%qqIbo-%j5397"
"camelia.bontine@edu.tbz.ch"|"wR%H%%-wI9xDE-pjVUDY"
"methode.jozefczak@edu.tbz.ch"|"O&MeL%-BQnm$f-O$j56k"
"audreanne.hinsche@edu.tbz.ch"|"MWVE92-s4babt-0l3Kqe"
"andree.varne@edu.tbz.ch"|"kae4JY-y0ublA-TWvnrg"
"marten.kinleyside@edu.tbz.ch"|"6A#WBI-HwQIWB-cmHxT7"
"esteve.mcewan@edu.tbz.ch"|"avNG9y-IzQpdF-n8%0J$"
"leane.dibbert@edu.tbz.ch"|"JawyEZ-rRSAbQ-3ZnoOR"
"ma.thewlis@edu.tbz.ch"|"Jhe$6p-fUU@rJ-zP1sDb"
"clea.djurkovic@edu.tbz.ch"|"zxhYI6-8#pgB%-pvBIgI"
"rachele.reburn@edu.tbz.ch"|"IO7C8P-8%m73J-QbDAu7"
"gerald.gowling@edu.tbz.ch"|"HwSXMM-l75477-Ffq1fb"
"cleopatre.jackson@edu.tbz.ch"|"$n%$@q-7Exzdl-EuqMc4"
"desiree.haskins@edu.tbz.ch"|"GY%#WJ-89GZl%-MmyWSp"
"eleonore.longson@edu.tbz.ch"|"SY21Mb-YLLkME-n3zOng"
"leane.dybell@edu.tbz.ch"|"EUhHD2-WJ41KQ-uKHYIZ"
"becassine.grzesiak@edu.tbz.ch"|"aAw%S&-pqIbLF-Tbfo#t"
"marie-josee.pickin@edu.tbz.ch"|"ePLD7L-F9Sa4I-G9&FzH"
"marie-josee.roxby@edu.tbz.ch"|"Uk1UQv-Kbg8J1-Bh3jCW"
"leonie.feenan@edu.tbz.ch"|"sNYWHN-rSOMwn-lF$aI8"
"valerie.ellum@edu.tbz.ch"|"ZDQ0#L-3WYyK#-yuMKNM"
"ju.caseri@edu.tbz.ch"|"98d2ty-UadGkM-patygo"
"boerje.strangman@edu.tbz.ch"|"O64&xt-3oHHrA-Y3a@z1"
"beatrice.ghidelli@edu.tbz.ch"|"wV8eS&-vW2w5C-KN7nvY"
"da.jablonski@edu.tbz.ch"|"TeIFRY-%pklR#-h8ECDz"
"uo.beveridge@edu.tbz.ch"|"mbsXq8-$7ebkb-FUH7UH"
"valerie.bestman@edu.tbz.ch"|"W3gtkm-W4z$eG-H1d3zO"
"marlene.pohls@edu.tbz.ch"|"IfQ2cS-iT@qKZ-mc8JnD"
"ma.nolda@edu.tbz.ch"|"a61NBz-U2%&bI-sTEop4"
"marlene.bisiker@edu.tbz.ch"|"UrIjtz-4NdA1X-V&myZd"
"estee.babon@edu.tbz.ch"|"XgTNBl-6vERhL-DLRAJ6"
"simplifies.dmisek@edu.tbz.ch"|"1$dFT8-JaaRs8-MfuD7D"
"selene.ganing@edu.tbz.ch"|"lb@H9p-ulDufF-MvYV%U"
"meryl.penke@edu.tbz.ch"|"zf9aM#-SrGEg%-2oC$7Z"
"anais.rawcliff@edu.tbz.ch"|"uAp$ka-pHqafl-kZYi$a"
"melina.andri@edu.tbz.ch"|"Awo6no-k1mE4F-xwXq@X"
"audreanne.fodden@edu.tbz.ch"|"BoNAbx-rQD%vy-8FtwGZ"
"bjoern.spellesy@edu.tbz.ch"|"3FbOq8-u0#E&4-g15zT8"
"francoise.summerscales@edu.tbz.ch"|"KPU8$$-g2l5DO-MC40hC"
"laurene.ashtonhurst@edu.tbz.ch"|"JCTInd-wxhfWR-R0MwPi"
"valerie.petters@edu.tbz.ch"|"L2m%dQ-B2JhyZ-37Gp@U"
"anael.spenclay@edu.tbz.ch"|"D40x08-@HLyML-YYgi#j"
"stephanie.keech@edu.tbz.ch"|"9paC7c-oS&S#k-PCDs@H"
"ines.deveril@edu.tbz.ch"|"kCII5y-GFL$Cm-CD%Us$"
"berenice.gelder@edu.tbz.ch"|"1ZYJqN-2pjawR-#wS$ZX"
"melanie.ofogerty@edu.tbz.ch"|"0ZvBH1-9h%8Y5-7bG#Hc"
"frederique.canepe@edu.tbz.ch"|"i8aen$-OyFQle-YeJ4SL"
"nuo.otton@edu.tbz.ch"|"eORhjf-ucMkct-dGG@Oa"
"genevieve.trusler@edu.tbz.ch"|"v05l@4-AzXRZm-kPUuSI"
"ju.boag@edu.tbz.ch"|"j96V08-B&BAKN-&638Gl"
"josephine.dilucia@edu.tbz.ch"|"3OvBop-FkMErg-f%GmzK"
"laurene.armsden@edu.tbz.ch"|"hiVQjB-gwXiep-a28SnY"
"becassine.griffe@edu.tbz.ch"|"bR6skG-y7IgjM-W0YWQL"
"alois.parres@edu.tbz.ch"|"T@XWVz-y6yMAK-TOfr@T"
"cleopatre.gaffey@edu.tbz.ch"|"rqoIFe-Hf8VqI-x30i7K"
"andre.stiger@edu.tbz.ch"|"zMNnpN-uksuXR-bfWj3P"
"beatrice.godleman@edu.tbz.ch"|"rBs@%f-mwHtF%-QVKkJB"
"hakan.harrhy@edu.tbz.ch"|"M$w6YT-f&&qln-eTocNx"
"celestine.dagnan@edu.tbz.ch"|"q50MHY-qXdKYT-oN@0Ds"
"clemence.haggart@edu.tbz.ch"|"&4THSe-gVsBHi-Cbr5in"
"long.caban@edu.tbz.ch"|"Vhky5T-Em1Nez-bxX@GA"
"gaetane.grimble@edu.tbz.ch"|"lcRT5D-LFxUJk-aOlqk1"
"maelann.piwall@edu.tbz.ch"|"0YOUfY-JKM#XQ-TdF$eZ"
"magdalene.loble@edu.tbz.ch"|"i$Z@Rb-q5Jat%-kRhbQm"
"veronique.domaschke@edu.tbz.ch"|"QVjkAO-cYSwIM-Z@aeeS"
"clea.herity@edu.tbz.ch"|"K%g6cM-1xseWL-iwLFgs"
"maelann.bambrough@edu.tbz.ch"|"%Hi#qD-U#zAHa-hcT79y"
"clea.goulstone@edu.tbz.ch"|"6#cmvL-CmI2&q-QBdJ6n"
"renee.deleek@edu.tbz.ch"|"UsenNv-RLpvjM-qfg3pW"
"boerje.rudderham@edu.tbz.ch"|"01dYpQ-Ps%ofd-fdDr@i"
"marylene.broune@edu.tbz.ch"|"beo&Fp-%sYA#X-s7nFHk"
"nadege.mccuish@edu.tbz.ch"|"GGoPTB-x1D3Aj-#vgf9X"
"anael.littleover@edu.tbz.ch"|"PqQp2%-jXK54N-qNpNjl"
"lie.baume@edu.tbz.ch"|"dvu5k$-UHWi#%-6DYuRs"
"maella.murrow@edu.tbz.ch"|"3bC@HH-GOX7oc-7aYL3S"
"cleopatre.pettifor@edu.tbz.ch"|"c3@kDU-oV@V5D-15V4i@"
"geraldine.asker@edu.tbz.ch"|"OSpB&b-Sm$&@H-5Ik2vs"
"gaetane.smedmore@edu.tbz.ch"|"IU3hJX-O$Ht8t-@jAStj"
"meryl.blencoe@edu.tbz.ch"|"u1xXKE-JMVBLt-UTfbeC"
"aurelie.chastaing@edu.tbz.ch"|"Pytdv#-@wz2tb-I@aEMQ"
"oceanne.marthen@edu.tbz.ch"|"uN2D7V-$m18r7-xLtvLx"
"dorothee.burrill@edu.tbz.ch"|"BMVY0b-VGStwW-QUgj#U"
"hakan.belden@edu.tbz.ch"|"aqsk&h-ZdlX@l-o%Ztg7"
"celine.brunning@edu.tbz.ch"|"iCRMA4-7Y4D76-01UN%%"
"anael.lapides@edu.tbz.ch"|"#7L4ML-A91DLY-wLoZxt"
"ruo.saffran@edu.tbz.ch"|"qYBYV6-alZ3Vj-zXcguk"
"loic.gerretsen@edu.tbz.ch"|"U6YZPo-jbQ2B@-9rJVV%"
"rui.fitzer@edu.tbz.ch"|"ZXkmrI-2j4WAS-MokMiC"
"annotee.ogers@edu.tbz.ch"|"N6QYxH-jM3guR-YfSjC0"
"boerje.bindin@edu.tbz.ch"|"TMdp25-Opn2eI-FkU9ON"
"ma.cronchey@edu.tbz.ch"|"PnnDSa-JD#3zj-QGLX8C"
"laurelie.baiyle@edu.tbz.ch"|"iW&Utw-6PavH4-DcPz73"
"dorothee.older@edu.tbz.ch"|"zKPEKZ-K1S4p4-ozZ0vi"
"laurena.wile@edu.tbz.ch"|"IRCs41-ekEwih-097KPS"
"clemence.brito@edu.tbz.ch"|"PXW&D@-LIzP%T-nopdV2"
"nadege.dallin@edu.tbz.ch"|"XDlvIX-DQ53ME-WwKe8r"
"mailis.matley@edu.tbz.ch"|"cA1L8y-XAv7f0-zi5ztn"
"daniele.screaton@edu.tbz.ch"|"u0e83r-oWrc&o-&T75dJ"
"mediamass.godly@edu.tbz.ch"|"d9&VC7-MbxBwn-EAtzXq"
"leone.kremer@edu.tbz.ch"|"b#iFUm-Rq92vd-TCQI&1"
"asa.adrian@edu.tbz.ch"|"&i7BMd-gkyuFn-c3K5hd"
"adele.doley@edu.tbz.ch"|"qB6PTj-XeiNp9-ilSENu"
"fei.sidney@edu.tbz.ch"|"UoMla9-eqqC2y-cP09DY"
"marie-josee.walisiak@edu.tbz.ch"|"rlnF#A-SBWKMw-9pwOv%"
"desiree.diplock@edu.tbz.ch"|"todDO&-&ooYFs-CCK6K$"
"gisele.schust@edu.tbz.ch"|"LVAWx6-&Dk951-0@imuF"
"ma.longshaw@edu.tbz.ch"|"fgX$PJ-$ZrAOC-j55qY7"
"da.boother@edu.tbz.ch"|"vK%7HP-O9hoC0-6pAM5&"
"simplifies.chaudhry@edu.tbz.ch"|"OG51Wi-wDFWT3-%v9bNO"
"garcon.baniard@edu.tbz.ch"|"2N&WEc-uTSg@L-nnugeU"
"gaetane.elphee@edu.tbz.ch"|"OdZHqP-XK8SIr-hTmVwr"
"gisele.hassey@edu.tbz.ch"|"L7Dp9#-1vxrS5-j6z5Wm"
"oceanne.booley@edu.tbz.ch"|"LtDCEv-J$JE07-MPs#AL"
"oerjan.dibden@edu.tbz.ch"|"TgA8mH-8@QJtp-FVZ3dn"
"regine.ocleary@edu.tbz.ch"|"$A0XFa-kf@WTX-bT%FaF"
"selene.persse@edu.tbz.ch"|"9NK5kL-F6bC%p-PBK3qb"
"helena.adenot@edu.tbz.ch"|"ElomJR-&FrKgX-@va&NQ"
"maelann.wassung@edu.tbz.ch"|"yswhrA-Doya#j-joJoW2"
"frederique.ackermann@edu.tbz.ch"|"CwpoNd-@7GxVv-OymQyQ"
"audreanne.kahen@edu.tbz.ch"|"E2$k%M-hM9vD5-fmVrpt"
"maiwenn.lasty@edu.tbz.ch"|"L2WQmM-hC060t-mPt4vI"
"yu.dictus@edu.tbz.ch"|"jO5S49-7s@xc5-iVuHMO"
"anae.dukes@edu.tbz.ch"|"0tt%te-j87jmT-$jKkqQ"
"yenora.warr@edu.tbz.ch"|"c16kgB-PDlYMj-8ZVg4s"
"esbjoern.archibold@edu.tbz.ch"|"gWE5Nz-aVIfYR-ANvK&1"
"milena.pardal@edu.tbz.ch"|"SJGBoc-cqyGWJ-rZHtVP"
"celestine.graveston@edu.tbz.ch"|"UlYA5X-DXg@1E-XSbCLh"
"maena.dallas@edu.tbz.ch"|"Cf@tOm-@NcqHB-dGYd4l"
"andree.tuke@edu.tbz.ch"|"p&heV1-f8&ssK-Wu%brQ"
"methode.seldner@edu.tbz.ch"|"QlrQqK-smfkRW-3#k%@H"
"venus.bullas@edu.tbz.ch"|"v&0%tL-LWldV5-dSBcWZ"
"mans.aguirrezabal@edu.tbz.ch"|"ZYvy#K-np1xAT-CpiBDy"
"gaelle.eadington@edu.tbz.ch"|"bY&u4V-5Ky1US-0u19Az"
"anaelle.falkner@edu.tbz.ch"|"Noe9ha-dftnGh-8dpaog"
"ophelie.height@edu.tbz.ch"|"lXdLmt-piALzJ-gHkQX0"
"marten.bolding@edu.tbz.ch"|"CT$19m-TR##mB-nyCqYr"
"pelagie.guswell@edu.tbz.ch"|"ic4b79-UPhYTX-IhtlTp"
"gwenaelle.lecount@edu.tbz.ch"|"ywPs50-slSKEq-WrSNph"
"hakan.laden@edu.tbz.ch"|"gldY1N-hzcoFJ-sCFrow"
"marie-josee.hylands@edu.tbz.ch"|"%CAFeG-pMuTU8-5gtdz$"
"zoe.kingshott@edu.tbz.ch"|"1NT#rt-vszF&G-Ij7nDM"
"josee.janous@edu.tbz.ch"|"#0cWus-2yu6pE-Qwb0CJ"
"laurene.gallally@edu.tbz.ch"|"0c0onf-kjUDPF-XNlHzH"
"anael.bickle@edu.tbz.ch"|"diLiHk-6o8HvY-vZDleq"
"mediamass.lebbern@edu.tbz.ch"|"75#oql-gehvX6-gnPhUI"
"berengere.hovy@edu.tbz.ch"|"hy5m8F-rVGvor-FCV@g8"
"oerjan.kilmurray@edu.tbz.ch"|"YZ#rMo-e5C6my-I0u8SB"
"asloeg.venny@edu.tbz.ch"|"UXDTTs-Vc#FwA-VM9dUO"
"marie-noel.stoad@edu.tbz.ch"|"oPcR%A-LAcHlB-x7tL2j"
"hakan.pettifor@edu.tbz.ch"|"d8E0Ck-8mqX6N-und4wM"
"maella.willgrass@edu.tbz.ch"|"HshbM@-E3Ze@r-DItD@H"
"therese.ludovici@edu.tbz.ch"|"zlrcee-fULl$O-eyw7Qc"
"stephanie.trewhitt@edu.tbz.ch"|"qVJ9wp-gtSN&M-woTVdp"
"maerta.bauduccio@edu.tbz.ch"|"9MutrL-gyU8i#-mB0z%P"
"gaetane.glaisner@edu.tbz.ch"|"rV#n0g-wp$EyZ-7sDvo$"
"naeva.pargeter@edu.tbz.ch"|"OcL%Nl-EjSi8X-CN$RIT"
"salome.venable@edu.tbz.ch"|"GAL4kq-bp55LY-WNgCK8"
"boerje.thickett@edu.tbz.ch"|"oCund6-p2nrqX-LHuVLI"
"lucrece.prendergrass@edu.tbz.ch"|"CufNZ6-evVszb-biUNJD"
"laurene.ockleshaw@edu.tbz.ch"|"qPGli0-ohEaMc-LKOUHP"
"cecilia.pasticznyk@edu.tbz.ch"|"sTb0aS-7tQYKN-PuEbpH"
"stevina.mackey@edu.tbz.ch"|"URFJMh-w@OpTt-zIqLZ$"
"marie-noel.reven@edu.tbz.ch"|"CtHgu%-6TC%P3-CZfcRw"
"melina.quilkin@edu.tbz.ch"|"2ur9Y9-kiNp83-J4lL5C"
"marie-noel.ferrie@edu.tbz.ch"|"u@TCxF-oRMZrf-F09jNu"
"leone.alphege@edu.tbz.ch"|"Dp$%lH-lDWYmc-&@ozlx"
"zoe.leverson@edu.tbz.ch"|"A4Vxm5-l#GZaJ-Nw8L&c"
"annotes.grayne@edu.tbz.ch"|"ZH5zTC-F6K$zo-KNJWpv"
"faites.lalley@edu.tbz.ch"|"sNc#0D-R9Jevp-gYpNtx"
"adele.wallis@edu.tbz.ch"|"YVoEUp-BbE@w&-eTM@t5"
"severine.madill@edu.tbz.ch"|"czlxEU-&mM&PK-zHNHOa"
"valerie.tebb@edu.tbz.ch"|"6FXUCp-3Oe&%B-vJ@GkW"
"kalliste.rasper@edu.tbz.ch"|"K#JS$y-Sthndq-KNr%2g"
"audreanne.palomba@edu.tbz.ch"|"7pH2Zo-GaeB0F-ghFFxx"
"elea.adamik@edu.tbz.ch"|"pynz@@-MUJE5w-qFK#KV"
"reserves.jakuszewski@edu.tbz.ch"|"1oUMCp-&W5s6o-PN5aEX"
"athena.belhomme@edu.tbz.ch"|"LzPG7H-Uvs@TF-hwb#az"
"rebecca.crippin@edu.tbz.ch"|"IT1SIk-Ut3TIV-adIaa4"
"maiwenn.curman@edu.tbz.ch"|"JFj3Dn-0WokQW-vBLdoE"
"andree.bunner@edu.tbz.ch"|"L9V7lL-VaIwQE-qI$hCU"
"ruo.winckles@edu.tbz.ch"|"G7KyKQ-mCu@Pt-btazMd"
"naeva.buntine@edu.tbz.ch"|"Szf7pR-EwB1Ep-Y$yW9V"
"boerje.dollard@edu.tbz.ch"|"4fkPcX-S0JEgE-NtzWPp"
"penelope.gorman@edu.tbz.ch"|"ETc&qj-N7TP63-hEnZoH"
"alois.robelin@edu.tbz.ch"|"aZxfQD-%cJmM$-ptB&DN"
"anaelle.tindle@edu.tbz.ch"|"D@sVYP-%p4Si6-tVJh#i"
"ye.frears@edu.tbz.ch"|"fho$Gc-DJG@%S-NyUU5f"
"andree.ovid@edu.tbz.ch"|"EA%p&I-XXA4lc-VgzwvE"
"hakan.peat@edu.tbz.ch"|"%1PmhK-13uZcT-oWhyQZ"
"andre.januszewski@edu.tbz.ch"|"HUZ1b9-U2dllp-gReTW&"
"annotes.clemmett@edu.tbz.ch"|"MWmeJP-vtpevd-#oPvJm"
"pal.lambswood@edu.tbz.ch"|"U3vyAk-5yS$62-h3P8zP"
"yao.lenton@edu.tbz.ch"|"8RgLpJ-jm4hKk-C%Ieb0"
"hakan.boyton@edu.tbz.ch"|"rGxJ&S-6@ttpS-gGsM1k"
"nelie.forsey@edu.tbz.ch"|"EPIs6o-11kkkG-8mVBZX"
"hakan.horche@edu.tbz.ch"|"cSqZN6-@xduNq-OJtI5Y"
"lorene.sinkings@edu.tbz.ch"|"kjG5$f-iLr@#&-GScwT@"
"marie-therese.creddon@edu.tbz.ch"|"djT&q5-TvM3ij-IVAFux"
"berenice.tolworthy@edu.tbz.ch"|"mO9P0O-AZy#67-78CKs5"
"theresa.land@edu.tbz.ch"|"#aOAW9-#XxCbM-i9wH%j"
"marie-therese.gianilli@edu.tbz.ch"|"ZLu1Dw-bk$Xm1-c@F$z5"
"meryl.glew@edu.tbz.ch"|"ZhTSN&-KoaOfm-F5Icvy"
"adele.debling@edu.tbz.ch"|"QfZC$9-0CiY1n-s7Uum9"
"anae.metzke@edu.tbz.ch"|"muEWy5-%LCuAL-@%6H2M"
"gaetane.gooden@edu.tbz.ch"|"pVdVw2-@FrkJ6-i$u@zZ"
"laila.bootland@edu.tbz.ch"|"zTwTpi-6oU9a1-&nsHNn"
"maite.helsdon@edu.tbz.ch"|"jNp5Ua-cs#P4r-szU2qQ"
"andree.malley@edu.tbz.ch"|"hr@N89-eOJfnP-MlTR87"
"pal.simmens@edu.tbz.ch"|"Mb&e2y-qxNqbh-tnlBch"
"maelys.nuccitelli@edu.tbz.ch"|"uzy57g-v2a2I#-044%EU"
"dafnee.sibary@edu.tbz.ch"|"dItHog-m1e%tT-g@qzz3"
"alois.harsnep@edu.tbz.ch"|"1#qf5a-qr96kv-2dWYyg"
"marie-helene.lacky@edu.tbz.ch"|"7valfL-kce8MV-qvs8Kz"
"mylene.youthed@edu.tbz.ch"|"Zp2f%Y-bUeQzn-9MiKZj"
"marie-helene.dehmel@edu.tbz.ch"|"715EgG-BjVxd1-vTHms4"
"angele.batman@edu.tbz.ch"|"KN8Ina-AQikf8-wjhvZT"
"melia.younghusband@edu.tbz.ch"|"DSgm0U-TsbXXN-kI2SqS"
"eloise.baldi@edu.tbz.ch"|"rnpJTU-Ti117q-ik&$Wk"
"illustree.dun@edu.tbz.ch"|"yVS&y1-HSP3Eh-uyUR1P"
"genevieve.late@edu.tbz.ch"|"WLNYkE-oyCNAA-bztH%z"
"celestine.colville@edu.tbz.ch"|"gqAzbN-u%R14X-@#qr$L"
"gwenaelle.scarlon@edu.tbz.ch"|"GbHjMg-QuFTdQ-$81jdb"
"regine.boddie@edu.tbz.ch"|"Fl3w@R-v$kmQG-%JYfrF"
"creez.gaughan@edu.tbz.ch"|"M4OuT8-8slAE8-CHt0y6"
"gaia.longford@edu.tbz.ch"|"CfWa$y-P&My$8-8aZNNZ"
"mailis.buckby@edu.tbz.ch"|"ERtT41-86AjEG-brbDlD"
"song.parbrook@edu.tbz.ch"|"CfCsVH-P#GOUE-h9hvHX"
"frederique.heddan@edu.tbz.ch"|"w3pR$X-8&2WtZ-qSR@ie"
"ake.kirtlan@edu.tbz.ch"|"qzGPnD-I&k64z-$aQpAS"
"nelie.runciman@edu.tbz.ch"|"fBlx8G-QY3pTE-mW1f$3"
"mailis.cardnell@edu.tbz.ch"|"vvFqvX-le2Y&E-qGlSMK"
"irene.navarro@edu.tbz.ch"|"FC$QS#-UGKJFK-cg3H&V"
"maite.cough@edu.tbz.ch"|"ffW1v5-dGBLSO-EzGR60"
"anaelle.stocky@edu.tbz.ch"|"@#@J1B-iyK8mf-jt0WuX"
"methode.moulder@edu.tbz.ch"|"H9NE&7-JKlYii-yf@jNK"
"po.stafford@edu.tbz.ch"|"C2VrC6-V$&uvy-wxziOn"
"faites.scraggs@edu.tbz.ch"|"h8PBFV-tCGhm5-iNkC$A"
"adelaide.dullard@edu.tbz.ch"|"zgdeGb-rLY7VU-GR0&cb"
"desiree.leonard@edu.tbz.ch"|"W8YpXB-6m0FF2-D14eS1"
"geraldine.badgers@edu.tbz.ch"|"hjljZx-ElWhe4-9mStHI"
"ruo.masic@edu.tbz.ch"|"yOR%OS-2VumGP-7QGsHB"
"aurelie.lieber@edu.tbz.ch"|"9HuxgR-yyiD7b-Ue$rLm"
"naelle.balcock@edu.tbz.ch"|"L&slyH-R&@E8f-$3bWRg"
"camelia.elger@edu.tbz.ch"|"IcksHW-K9qpk2-1ySBK5"
"publicite.oakeshott@edu.tbz.ch"|"6h3bKO-s7vtm%-iD2Jbl"
"cleopatre.fawley@edu.tbz.ch"|"iY8&P3-q#Hjz6-jBpXCi"
"laurene.bruckmann@edu.tbz.ch"|"7QvaCJ-MLkixd-ZFkxkF"
"rui.haughton@edu.tbz.ch"|"WTLYBk-wkHily-FcDoun"
"asa.ladewig@edu.tbz.ch"|"G4&f8B-C17Hae-rcQQBK"
"gisele.janecek@edu.tbz.ch"|"tlhvet-wcZdRN-CM7I22"
"maily.loveridge@edu.tbz.ch"|"rtWXw0-gPkSmg-1F#5Xq"
"marie-eve.yurkiewicz@edu.tbz.ch"|"ISMxSE-MfbTm9-r#n0vA"
"fei.roder@edu.tbz.ch"|"xWAgZq-E#XFu%-2EoblU"
"edmee.chatburn@edu.tbz.ch"|"yTivD3-K1kERW-0Zz0SA"
"geraldine.darke@edu.tbz.ch"|"1$DiEY-JtR1$V-AByx2c"
"ye.jira@edu.tbz.ch"|"5HLYlX-gQboxR-EmUZVS"
"publicite.persent@edu.tbz.ch"|"KyI8VL-T#&I@x-zPSpDU"
"severine.wilcox@edu.tbz.ch"|"Va1Bz0-7M7Rq$-XsGcM4"
"yao.mcclaren@edu.tbz.ch"|"s7HNPK-GJoFhQ-VdH9&n"
"theresa.foynes@edu.tbz.ch"|"xXPRGK-69nXUt-3lwFpl"
"stephanie.isley@edu.tbz.ch"|"wtar75-ZJiac%-ub6%4i"
"torbjoern.growy@edu.tbz.ch"|"EmHV1v-giWyRM-hX&rjK"
"eloise.tunnadine@edu.tbz.ch"|"sJh22a-S%p7b&-umx%&G"
"maeline.cossentine@edu.tbz.ch"|"rstgwj-xjX&ii-KpTL&M"
"nelie.desantos@edu.tbz.ch"|"2@@zw8-pZiks4-t8SZ1r"
"gaetane.axston@edu.tbz.ch"|"0kkZG5-vfN5rY-d03tRW"
"aimee.merman@edu.tbz.ch"|"jrs#@M-JAq#CZ-$m0f&7"
"oerjan.drivers@edu.tbz.ch"|"rA8CMB-vn3muG-Wd2gu2"
"aimee.miroy@edu.tbz.ch"|"kY9NdN-ot@h$2-f6BPbE"
"nelie.glyde@edu.tbz.ch"|"OJwe9f-UWfTxa-gUZ0rr"
"hakan.kapelhof@edu.tbz.ch"|"srt4Zz-DV@dKc-$PB5wn"
"maelyss.cauley@edu.tbz.ch"|"2WD$q%-dos7$v-coWknH"
"elea.vaggs@edu.tbz.ch"|"2K2CTv-ueavsw-%Tn3bK"
"maelys.but@edu.tbz.ch"|"h4ZlMh-nbatS5-KsbLm%"
"maella.arthurs@edu.tbz.ch"|"PvPLov-DM548r-ccVzWA"
"adele.liebrecht@edu.tbz.ch"|"UiQQbZ-Q2Y4xY-DPg&2D"
"meline.lomasny@edu.tbz.ch"|"@%#giL-n6vRph-cIKVI$"
"mediamass.schwant@edu.tbz.ch"|"QvFufj-Kfsc1d-tP3KDy"
"leone.saunt@edu.tbz.ch"|"Dyp@tK-Ye&Gob-i&ocDR"
"annotes.gouch@edu.tbz.ch"|"8mt5fC-zZQgx3-DSoAz4"
"gaetane.bowich@edu.tbz.ch"|"w6WSis-0$CxgW-vmnfV9"
"alizee.strelitzki@edu.tbz.ch"|"UBLDkV-jTe9n2-5fo$ZQ"
"leone.poile@edu.tbz.ch"|"J7&J4L-pop&z&-&MGPCW"
"amelie.saban@edu.tbz.ch"|"Dg2lFx-UWdJ@A-bPUmFk"
"marten.mcmenamin@edu.tbz.ch"|"FJa1H1-z9BAOo-Wzf$KL"
"becassine.keets@edu.tbz.ch"|"RE0EsX-maOA4V-F&WJD%"
"celine.million@edu.tbz.ch"|"YXShEU-8Vpi0K-qElz10"
"geraldine.belitz@edu.tbz.ch"|"alT47o-lz8qG6-vCIX@D"
"salome.mardling@edu.tbz.ch"|"2w87MB-FP5bKR-FiyXOF"
"melia.blakemore@edu.tbz.ch"|"t5#20a-8W5Pvb-c5qbrN"
"dafnee.mcaulay@edu.tbz.ch"|"4P&Wy&-n&DNkf-wyavm0"
"garcon.dennett@edu.tbz.ch"|"Hawtfr-aRn%tG-4r#jB&"
"interessant.lesor@edu.tbz.ch"|"NEvviL-nDheq8-HkA&mh"
"annotee.wasbrough@edu.tbz.ch"|"6Ai5EC-JC&xNG-w3TX6@"
"asa.ibbeson@edu.tbz.ch"|"UAHHFN-SoqDX&-rQp2c%"
"maily.kennealy@edu.tbz.ch"|"JWJJbt-mEBf5z-0TBa0P"
"ye.seares@edu.tbz.ch"|"V&603M-ffpLbp-#KmbUG"
"athena.harbron@edu.tbz.ch"|"JYCCfs-kEOhmK-a81&sk"
"andreanne.portail@edu.tbz.ch"|"8nXrkd-#wqkCX-2YHu@e"
"goeran.zannelli@edu.tbz.ch"|"vyGbWE-BVe38W-iW5NS4"
"gerald.leathlay@edu.tbz.ch"|"y&zLl8-cFVqMO-TS$r8j"
"andreanne.chown@edu.tbz.ch"|"c61SVG-9xF09&-Rf#A@k"
"esteve.clementel@edu.tbz.ch"|"E7P%eg-PJUDhp-%d9c$J"
"leone.legan@edu.tbz.ch"|"3LKgDe-fINcdD-DWIgAG"
"maena.pownall@edu.tbz.ch"|"p3snLE-iOi4Yr-2zlHMd"
"andree.rettie@edu.tbz.ch"|"ZC6oQx-Cb$zuJ-H8PswJ"
"ines.kenwrick@edu.tbz.ch"|"8I0Vp2-kC1JLe-KOnPM2"
"marie-helene.yarnall@edu.tbz.ch"|"SHYEHP-p$iUfm-Ai%at7"
"po.martin@edu.tbz.ch"|"3K1I#K-e$mbQw-L6w2Ql"
"ruo.celiz@edu.tbz.ch"|"3JLn4E-urWrsE-bpSR2i"
"po.bissett@edu.tbz.ch"|"%8NxrV-rAzzV0-fTIcTA"
"du.swindon@edu.tbz.ch"|"mRydcX-mDiEm2-iKS3T#"
"interessant.gouldthorp@edu.tbz.ch"|"O4Wrrx-AftNn6-xFkbAS"
"leandre.lilburn@edu.tbz.ch"|"u6IUxF-lGxhWT-R$z7AH"
"bjoern.whales@edu.tbz.ch"|"HgmmMe-qLJb#g-gjCJCL"
"interessant.dieton@edu.tbz.ch"|"jELuLI-uJl7%E-bdR4rk"
"celestine.redhills@edu.tbz.ch"|"4@kxLh-pC11lK-RGgJdI"
"tan.yakovlev@edu.tbz.ch"|"Bn@61C-08YFoK-$Jn2qT"
"regine.mcdowell@edu.tbz.ch"|"jsvZze-$4pa@w-I8ZTZA"
"ju.coysh@edu.tbz.ch"|"7Xjwhv-#BAv%y-rWK7Os"
"reserves.ofallon@edu.tbz.ch"|"V2%wJe-Wt0Njz-JV9JPP"
"frederique.sobey@edu.tbz.ch"|"zSy4Fx-E%RjwI-e&K4FF"
"marie-eve.garstang@edu.tbz.ch"|"K4UWCQ-#rUw0$-VtmYf8"
"andre.tapin@edu.tbz.ch"|"T8h2d%-#dz5$q-K%z4$@"
"esbjoern.eynon@edu.tbz.ch"|"C0&rto-IJk#g3-96#CrD"
"maella.duffy@edu.tbz.ch"|"EfJ6XX-WmYA6c-3xmLTg"
"leandre.twinning@edu.tbz.ch"|"ReYetF-z32ZCM-a4mHeP"
"mai.whittingham@edu.tbz.ch"|"lNA&ai-%pqKLp-cqbmu@"
"rachele.shevelin@edu.tbz.ch"|"$YtNmJ-HHhWW9-Rd9htD"
"cecile.mcure@edu.tbz.ch"|"UICz6L-EG8zeB-pG%y%1"
"marie-eve.yurkevich@edu.tbz.ch"|"ncG1Aw-umKzez-K9jdNl"
"almerinda.paice@edu.tbz.ch"|"sp&h30-GV05jc-OrOjv1"
"rao.howkins@edu.tbz.ch"|"bpjk0H-Bzn5y8-c10Z&@"
"serena.pack@edu.tbz.ch"|"WE$qOj-BBGS&j-XK8HN1"
"rebecca.mant@edu.tbz.ch"|"2$b#%m-c1G7x3-lNDNP#"
"reserves.spitell@edu.tbz.ch"|"&5mlfi-$57dxT-YP3ybB"
"garcon.hamfleet@edu.tbz.ch"|"tZeC5V-VewkgH-wlnQCP"
"methode.kerkham@edu.tbz.ch"|"8$yMCm-butylX-lMomZB"
"pelagie.camies@edu.tbz.ch"|"KZvAGF-lq7LTK-1wo1nn"
"josephine.macpharlain@edu.tbz.ch"|"b2IKqp-KK%zjC-j3pxC4"
"eugenie.mathet@edu.tbz.ch"|"1KwwVQ-N%%dX7-%%bWi2"
"gaetane.brangan@edu.tbz.ch"|"SY%Gb4-RBiRGs-m&GEWr"
"michele.dewbury@edu.tbz.ch"|"2WYnUz-Xn@oIu-N7pMyW"
"eugenie.elcott@edu.tbz.ch"|"Pez4mZ-sbEtkL-RiwGzS"
"megane.harniman@edu.tbz.ch"|"FUH12z-5M@gGM-4PHOtk"
"agnes.cluney@edu.tbz.ch"|"tC8koZ-OyFMwU-j8lhiG"
"marie-helene.angear@edu.tbz.ch"|"&c&K#t-VLIEN9-TeYAtP"
"melia.dolphin@edu.tbz.ch"|"JaBfwo-Ne9IWh-V0342A"
"lois.ruseworth@edu.tbz.ch"|"fN&YgK-H@pbZK-nLqsVE"
"mailys.ryding@edu.tbz.ch"|"Ee%Nq8-WFvAwH-8lwOXT"
"rachele.wulfinger@edu.tbz.ch"|"azve3T-4nEm@G-lkb4v4"
"gwenaelle.talton@edu.tbz.ch"|"IorFCi-udmo7B-uqUQCG"
"long.ronchetti@edu.tbz.ch"|"Fph#KX-Ey%9R4-cL7piW"
"styrbjoern.kloska@edu.tbz.ch"|"5&0BWk-yq8Q&p-DZ%5Wd"
"len.sudran@edu.tbz.ch"|"SLi7rO-ldu&UN-jwcEYR"
"maelle.andrysek@edu.tbz.ch"|"uHDQJV-rk0098-6o$Tr#"
"selene.senior@edu.tbz.ch"|"8ge@rk-EWIgVo-2MfL2s"
"anais.joskovitch@edu.tbz.ch"|"Fzi9NP-ivx8$0-gDSo0t"
"marie-noel.dally@edu.tbz.ch"|"VQTnMn-NZCqHK-Mzikak"
"marie-helene.laurence@edu.tbz.ch"|"7Nydz@-7yM2#B-fCAz3I"
"camelia.foxon@edu.tbz.ch"|"uc&npS-OtjQOt-nVJ1U7"
"helene.cankett@edu.tbz.ch"|"mWgVAc-S2uXnJ-hGQRfk"
"marten.mitchelson@edu.tbz.ch"|"WaXM8#-#ONpqj-zmTSJr"
"helena.stirtle@edu.tbz.ch"|"YN@44q-qAT@6&-0rPgDq"
"leane.barmby@edu.tbz.ch"|"dAa2PV-9M6Hb&-KU2Yx@"
"goeran.ofinan@edu.tbz.ch"|"Qk&1rW-SJwjIo-Ayy@ld"
"styrbjoern.proby@edu.tbz.ch"|"Oewj$0-fe61H#-I4f4xf"
"zoe.halse@edu.tbz.ch"|"Es#GvS-Npvpp&-K$9EfJ"
"kui.drable@edu.tbz.ch"|"P%9HRU-%gug4d-QjMQkK"
"desiree.bamford@edu.tbz.ch"|"uzWUM0-T&N4R7-GWAi@$"
"zoe.suller@edu.tbz.ch"|"q6EdRP-rE608X-VnnmL&"
"marylene.audiss@edu.tbz.ch"|"hGsrkA-sXNSrU-Qg@9U0"
"adelaide.poznanski@edu.tbz.ch"|"mFvN6k-Bse4y2-LOYJ1c"
"maella.coleyshaw@edu.tbz.ch"|"uff&z2-$1fq35-Bj7K#C"
"marie-francoise.gelder@edu.tbz.ch"|"1#Mb2a-H4INP1-dmzTxW"
"eleonore.chaffyn@edu.tbz.ch"|"d572rO-j%Mkg&-ySBilQ"
"celestine.sikorsky@edu.tbz.ch"|"ZOH&t2-%gh82n-7Dqk60"
"stevina.londsdale@edu.tbz.ch"|"&%L4HU-Nu%k2L-THKySR"
"maiwenn.nevitt@edu.tbz.ch"|"hWTWfX-8bT2zc-7z8zpG"
"magdalene.gerrey@edu.tbz.ch"|"JwiAfr-TLg3@L-IT3r1O"
"becassine.latimer@edu.tbz.ch"|"y2ZBFA-poGRDb-FIiMJq"
"da.lethibridge@edu.tbz.ch"|"9ClgoE-4YAQj1-AmC%uh"
"mailys.claige@edu.tbz.ch"|"DKpC0G-Z1ONdU-jM&Iu4"
"maena.torbard@edu.tbz.ch"|"LJ0lA1-VxEkbU-ftINlX"
"solene.lyvon@edu.tbz.ch"|"bk09jC-a5kiwC-YfFfD8"
"marie-therese.benbrick@edu.tbz.ch"|"lNh0QL-hxCPpj-KGMcOq"
"gerald.edmonson@edu.tbz.ch"|"MPrMKQ-YSCx12-9ShY6a"
"ake.messruther@edu.tbz.ch"|"GVo$&&-aaP5Mf-TZLC7o"
"men.gosneye@edu.tbz.ch"|"dFXcV@-mu0Kla-TYun2A"
"anais.jefferys@edu.tbz.ch"|"z3uBbP-KAakIF-3#$0Ue"
"publicite.tregale@edu.tbz.ch"|"tdRxZJ-sgAGI3-KErIM#"
"maily.santorini@edu.tbz.ch"|"70hMEI-KjAdQl-VyIp5#"
"ines.pioch@edu.tbz.ch"|"#G#OzZ-oCVpfJ-uZ0gXG"
"noemie.marklew@edu.tbz.ch"|"m2VUKY-9sy#&8-5B7qY6"
"meghane.maccaffrey@edu.tbz.ch"|"ieaIwu-%%#e2P-4RmYIU"
"berangere.ambrogio@edu.tbz.ch"|"Jh80U%-12xWBd-N&qoOt"
"mediamass.ryce@edu.tbz.ch"|"4%$PIZ-p@jhym-J0O$RW"
"oesten.ubank@edu.tbz.ch"|"NZiJFn-Kt8j74-XZIHzl"
"melina.mackee@edu.tbz.ch"|"Ce%O3L-nXn&8b-vnuSBe"
"theresa.livezey@edu.tbz.ch"|"GueOpk-RBpg5v-7PrccS"
"clemence.weal@edu.tbz.ch"|"16nGex-M$mhcs-gTe$z6"
"faites.overton@edu.tbz.ch"|"XHcQMN-wnBB5q-Bbu2%d"
"clea.lindblad@edu.tbz.ch"|"eW#akr-5UpEtz-M9DIDD"
"josephine.roseaman@edu.tbz.ch"|"AY4Dpd-Gs2@ok-hK@5d6"
"oesten.lowbridge@edu.tbz.ch"|"T1olEd-$eFaQt-AdR#V3"
"marie-josee.brion@edu.tbz.ch"|"5ob51h-VH@Asn-0C#Uaf"
"therese.basili@edu.tbz.ch"|"$9diym-pcZgbw-4JW4Y8"
"melia.vertigan@edu.tbz.ch"|"wOlZoC-ycgPuh-SqG5cd"
"judicael.saull@edu.tbz.ch"|"09X%cw-u$fFCp-Wb4l1l"
"selene.valentine@edu.tbz.ch"|"&3vYul-tORYOe-%sKWzF"
"verane.dunlap@edu.tbz.ch"|"wzJ7DQ-uwYW8U-rZXxMv"
"meline.kinnear@edu.tbz.ch"|"pUBdcH-evKvrd-w2SG2y"
"lei.luttgert@edu.tbz.ch"|"6TacP3-JfaW4d-6EyqeC"
"styrbjoern.lathleiffure@edu.tbz.ch"|"sFYXbo-OdgZo8-rzhq0a"
"marlene.blasi@edu.tbz.ch"|"3s5nte-Z2gKXM-8MB7HA"
"mai.begwell@edu.tbz.ch"|"nLKSMg-OZNDdH-y7ANfm"
"gwenaelle.kaines@edu.tbz.ch"|"k1hwia-LnPyfE-9$#2XH"
"gerald.adamthwaite@edu.tbz.ch"|"l$QVAg-yWX@Rf-24BIM%"
"kui.hartfield@edu.tbz.ch"|"K4ZMdV-bIZW4L-2FN81s"
"salome.currao@edu.tbz.ch"|"Gv25My-DBJ$r0-YUMQ6a"
"angelique.tixier@edu.tbz.ch"|"N8ff0M-k3#h&5-9$sxFH"
"ju.mcgragh@edu.tbz.ch"|"MdqvUb-hMWURr-w2Xh$e"
"dafnee.beachem@edu.tbz.ch"|"YzmREp-#SXHXO-t%vGZj"
"creez.terlinden@edu.tbz.ch"|"1ftHnv-a#Jh5r-6FOGQc"
"uo.mcskeagan@edu.tbz.ch"|"oRCFLm-QO4kAA-zua3Lj"
"edmee.mccaughren@edu.tbz.ch"|"9nP#WR-$Gb83Z-KwsKAt"
"asloeg.cozby@edu.tbz.ch"|"9tnrQH-Su9BWp-KrkiLB"
"melodie.traite@edu.tbz.ch"|"xbFJRz-oEeD5o-Dz74oI"
"dorothee.aindriu@edu.tbz.ch"|"@rM@jL-NLr$l1-0JR&4X"
"daniele.doley@edu.tbz.ch"|"f#NEg6-ipES9Y-WfIq9B"
"mediamass.fairclough@edu.tbz.ch"|"Zm633Z-jcpA5A-usxrmR"
"lorene.rainforth@edu.tbz.ch"|"6UTfTU-5xo%EP-cMALsK"
"leonore.eyer@edu.tbz.ch"|"#XtjDJ-EF5T75-jwgjXv"
"po.spillman@edu.tbz.ch"|"Op299w-t7Ry#u-NDIL1f"
"cecilia.plitz@edu.tbz.ch"|"hiG7pM-O4Sd$a-9ll7mc"
"lorene.ludlow@edu.tbz.ch"|"c6UKRU-h4Fm#Q-9s1zIX"
"berangere.neligan@edu.tbz.ch"|"E@y2ki-vzsb6&-&tE8bi"
"simplifies.huggan@edu.tbz.ch"|"#asGQo-3gzhHo-honT&V"
"clelia.prandy@edu.tbz.ch"|"Y6phxW-E$4ae0-EXgwqk"
"ake.osban@edu.tbz.ch"|"J9#MXf-gkzVXK-Ytc4Ng"
"cunegonde.brunn@edu.tbz.ch"|"fs7go4-d1fAUb-wJxLeb"
"long.grizard@edu.tbz.ch"|"I@%6Ss-@&0c$d-FQSKm5"
"meghane.diss@edu.tbz.ch"|"OE6DTj-9Tq3#q-gUOKgT"
"therese.oldman@edu.tbz.ch"|"dKqUpU-ThW3fH-m&XR&k"
"boerje.scamerdine@edu.tbz.ch"|"3oPxxf-zNGw2$-nwk@1P"
"du.saban@edu.tbz.ch"|"qdiMQ6-8IZIVO-xrD3ef"
"hakan.clynmans@edu.tbz.ch"|"vd19Nv-yqDayw-7%K1AU"
"wa.macdowal@edu.tbz.ch"|"NZ#sEz-TLFzW$-T5#k30"
"venus.hatrey@edu.tbz.ch"|"imv#KC-2kT2CJ-8rzfjt"
"anaelle.vispo@edu.tbz.ch"|"YEBe7l-7EhsMU-r16Cy7"
"mahelie.ollcott@edu.tbz.ch"|"CubWap-3VuY3T-i$tixE"
"mediamass.whyman@edu.tbz.ch"|"GNMpjp-7U2p6g-RRwsmC"
"esbjoern.basson@edu.tbz.ch"|"$dtr6u-lrKvwz-WQhWTC"
"andrea.morrill@edu.tbz.ch"|"fRFPXK-2budRK-Zv$80j"
"melys.grassi@edu.tbz.ch"|"GoMu@3-qSE#xe-br5zYH"
"leone.poleye@edu.tbz.ch"|"nshVWq-ZF7l5A-oa&vMU"
"francoise.penny@edu.tbz.ch"|"UR#gES-y18Q0i-aklts#"
"rebecca.edney@edu.tbz.ch"|"Zj9k#s-hvBQOl-ojXd9#"
"adelaide.murtagh@edu.tbz.ch"|"YpEYn5-AKoz7s-EY@sAA"
"stevina.winterbourne@edu.tbz.ch"|"VKoasY-GbTvmH-Sr3S$Q"
"ma.cottom@edu.tbz.ch"|"pkji4K-QQeKUz-Ga8YWD"
"tan.harold@edu.tbz.ch"|"$Zzv2N-vtfTh1-SBVv9D"
"venus.forte@edu.tbz.ch"|"Q#p9Pi-tKSZvk-AHK7%N"
"almerinda.oluney@edu.tbz.ch"|"F8xM6e-&86e&7-ji#Q4Q"
"cleopatre.brehault@edu.tbz.ch"|"t&@mEq-CGuBwX-6VOgcj"
"interessant.lapides@edu.tbz.ch"|"rVMCK6-3Vnpxv-kYFogv"
"reserves.hallatt@edu.tbz.ch"|"Yb%X43-Qe&vGM-7WV%vA"
"annotes.birdwhistle@edu.tbz.ch"|"6MxFEJ-EjsOIc-vAU@fH"
"ai.dredge@edu.tbz.ch"|"Wcerz6-DsVlHe-NNllq2"
"megane.mussard@edu.tbz.ch"|"QKY1l1-EWz8pf-T6mMpE"
"esbjoern.gowrich@edu.tbz.ch"|"iAr50j-Wa0Amf-6K9EGB"
"boerje.brislawn@edu.tbz.ch"|"xznAQj-iWhY5t-P&LU95"
"becassine.wilce@edu.tbz.ch"|"Ju9qYW-@Umnc%-O$sDI5"
"personnalisee.oels@edu.tbz.ch"|"hPX@VO-aU7uaa-Z1rLts"
"verane.pett@edu.tbz.ch"|"KVN9Z6-@opG@z-aYbgZ@"
"marylene.glewe@edu.tbz.ch"|"6VlY52-4fogg4-QopF5N"
"lai.elson@edu.tbz.ch"|"&rgdkH-VrvJ2f-iTxmal"
"serena.difranceschi@edu.tbz.ch"|"Eo0mKM-n$HWWz-TXeRRZ"
"lie.espinel@edu.tbz.ch"|"g@15hp-u8QGl4-P1@XEP"
"marylene.fantini@edu.tbz.ch"|"MIBDB@-RGuMgR-%0DyNy"
"andre.archdeckne@edu.tbz.ch"|"3XgLOs-sv1HVw-uDRHGK"
"goeran.bohlingolsen@edu.tbz.ch"|"N7l$17-Yj0#rA-8PN0M6"
"cunegonde.heffer@edu.tbz.ch"|"uOZXRk-20w7O3-emOSSY"
"tan.fechnie@edu.tbz.ch"|"ACAOdt-PMIG5a-l@95%O"
"marie-noel.brammar@edu.tbz.ch"|"az65@E-lH#wIW-%p0vbF"
"simplifies.aven@edu.tbz.ch"|"kjL3Ju-AccFkN-bWb4ry"
"melys.pinchen@edu.tbz.ch"|"VnUf%s-UsSdKd-UjZ$gg"
"edmee.joyner@edu.tbz.ch"|"ipL$Ie-zddYj6-D4L8u0"
"berengere.edess@edu.tbz.ch"|"dV@N21-2IcyVT-dXVgL6"
"marie-noel.goward@edu.tbz.ch"|"VPDCaJ-sKCLjg-jEGzMH"
"ju.edmons@edu.tbz.ch"|"9cxvke-XN1e4j-2Mfb$6"
"frederique.airds@edu.tbz.ch"|"eUgdFR-A$dJZe-LB4NiJ"
"reserves.dauby@edu.tbz.ch"|"wiOXrd-ieJ2w2-aAeS2e"
"hakan.gynni@edu.tbz.ch"|"9@29GL-iFo2PH-gCK7gM"
"leonore.pinwill@edu.tbz.ch"|"lflb4z-kBHcXv-&&aOv9"
"marie-eve.mcallan@edu.tbz.ch"|"vFgJe$-$qtMBn-G0gQqZ"
"naelle.yeabsley@edu.tbz.ch"|"PxvJpU-R0v@KO-UFHYjv"
"nelie.jacobovitz@edu.tbz.ch"|"%&gBdD-BiNSAk-AnsgL8"
"adele.conelly@edu.tbz.ch"|"jgobW2-9JDiUL-MgxL7b"
"clementine.dondon@edu.tbz.ch"|"bfQBEG-3WpXS&-EZyfo7"
"zhi.willcot@edu.tbz.ch"|"#V&IhL-cjZsUy-yIk4Rc"
"chloe.janicki@edu.tbz.ch"|"Jfw5cF-OB46OZ-dMtQJR"
"meng.linde@edu.tbz.ch"|"AwkyzW-Wpq0u#-ePp%6S"
"celine.janisson@edu.tbz.ch"|"A2ubCr-wi4BEP-P6zalS"
"clelia.crow@edu.tbz.ch"|"KNoJyK-$tDbwT-eWU4me"
"cecile.pyott@edu.tbz.ch"|"ZYI5U4-VAr@lt-hXvJP5"
"ma.fidelus@edu.tbz.ch"|"Am$&mm-#DCFmM-fDgc@k"
"marie-helene.poore@edu.tbz.ch"|"fAi1t2-uuGCVT-JKQHfh"
"elies.blanket@edu.tbz.ch"|"2wIg6g-#rs2rs-rg9tzR"
"yu.boyer@edu.tbz.ch"|"9lh3i%-O$uiub-RBn0o7"
"celia.welds@edu.tbz.ch"|"TL@PHI-Lv7LBY-C@ceMW"
"du.gunney@edu.tbz.ch"|"$RgAXl-rIc#w8-wHNK%4"
"goerel.crush@edu.tbz.ch"|"memSYB-JOfiJS-OT7HSA"
"marie-josee.brosius@edu.tbz.ch"|"1DDKO$-EZFYhr-K78&8e"
"camelia.adds@edu.tbz.ch"|"yokST1-uO$w$d-8CGLgv"
"anae.irwin@edu.tbz.ch"|"I9dnTZ-BcyOfp-0wpOgJ"
"cleopatre.skeffington@edu.tbz.ch"|"hgYdmC-WkO&Rd-PYOuhL"
"gerald.suggate@edu.tbz.ch"|"kP$Ip2-pQ2M2v-HZg&D9"
"laurene.tailour@edu.tbz.ch"|"vCc73E-w$0k4u-C3W1#G"
"amelie.hoble@edu.tbz.ch"|"P4f2P0-WFP6nL-H&hSTy"
"venus.getch@edu.tbz.ch"|"eaUzKN-C9hqz0-Cg5lU@"
"renee.treby@edu.tbz.ch"|"bgZtTs-wkpK0m-DcSbSi"
"almerinda.stait@edu.tbz.ch"|"jTnmth-13hD4p-azjWC7"
"andree.reddecliffe@edu.tbz.ch"|"bewfAc-dD#Nzu-wKjeX7"
"leone.wintle@edu.tbz.ch"|"RzqGuj-fqbpIW-kVNtL1"
"gerald.fellow@edu.tbz.ch"|"k8pTbf-cqTf6k-@CENCR"
"ju.gudger@edu.tbz.ch"|"K5q5vv-kwMNtY-Fn5rfA"
"meng.ohaire@edu.tbz.ch"|"JKSQCk-&bFa$R-dAG5IN"
"cleopatre.missington@edu.tbz.ch"|"PtBeXe-VZm6YI-RLniAa"
"annotes.debruyn@edu.tbz.ch"|"T3zks1-yrywDj-#2f04e"
"gerald.sinisbury@edu.tbz.ch"|"GYkYAE-SOGGA3-Y5f18U"
"creez.slora@edu.tbz.ch"|"SmvmSL-XiJyl9-TY6CT@"
"gisele.benbow@edu.tbz.ch"|"mfoY5V-G7pfm1-Rqg4&5"
"pal.dossit@edu.tbz.ch"|"Y3nM1C-7jDS1U-A2X98j"
"nelie.stirrip@edu.tbz.ch"|"LbcLQB-SPvb8Q-G9jO#v"
"alois.ocrigane@edu.tbz.ch"|"muX2Ya-YYtbHx-Zr4FgB"
"kui.mcterry@edu.tbz.ch"|"%1GZeU-bPPqu1-QikotM"
"long.willgoss@edu.tbz.ch"|"IMCswm-FL0d&S-uvhxni"
"francoise.sumpner@edu.tbz.ch"|"nI8JY5-Qc8qoM-PfH%iA"
"maely.grinstead@edu.tbz.ch"|"lm0IG$-c02O6Q-uBB2CD"
"creez.langeren@edu.tbz.ch"|"T5ja1W-rBMvHf-&vkKVp"
"adele.dungate@edu.tbz.ch"|"j@ggGC-NhyiHX-EPiUrM"
"cleopatre.noirel@edu.tbz.ch"|"M7rG3N-tXQEh0-AyNySj"
"interessant.daverin@edu.tbz.ch"|"0oE0RO-&nu#hp-3r4ZVK"
"naeva.kalderon@edu.tbz.ch"|"mRBv24-kmKt07-GS8AzM"
"anais.oshesnan@edu.tbz.ch"|"BfSjVM-okq2iv-7hmfj0"
"judicael.anelay@edu.tbz.ch"|"#8rsCO-3gIIvK-2O%VnB"
"eloise.braxton@edu.tbz.ch"|"WR$Vgn-0IFuE2-983g3H"
"desiree.greguol@edu.tbz.ch"|"XQr7CX-QxRf2a-6W38wT"
"maite.mcclenaghan@edu.tbz.ch"|"zoL#ho-fD90Jv-ap1rOE"
"meng.doret@edu.tbz.ch"|"pcu#ce-pnIkbi-NwPN8R"
"frederique.chippendale@edu.tbz.ch"|"IhOzMh-9mjT#@-rByQ@N"
"andreanne.lanney@edu.tbz.ch"|"P9cw&D-8NAW3Z-R&&ol8"
"aurelie.claus@edu.tbz.ch"|"M&iOt&-yd#T3p-arZji8"
"renee.pabel@edu.tbz.ch"|"UYjlTk-kgnZBd-XaG$pG"
"maena.roust@edu.tbz.ch"|"c5d6zg-RWPkrI-JwACu2"
"nadege.carwithim@edu.tbz.ch"|"OhS9iu-Pvhjdt-rwi7VK"
"solene.geyton@edu.tbz.ch"|"64AeY1-GAmtUd-U%EK9i"
"dafnee.avraham@edu.tbz.ch"|"zv#zlE-BzrLVt-sl9rBj"
"leane.woolvin@edu.tbz.ch"|"KPsQbp-kW91bM-Rf45PN"
"adele.macadie@edu.tbz.ch"|"GS7oxk-LL$dJ0-#cBC#@"
"meline.rubica@edu.tbz.ch"|"u3nQuw-Ne0y4J-StsaVP"
"marie-noel.speeding@edu.tbz.ch"|"EmVvXh-GFOGyG-z4T4ex"
"nelie.mix@edu.tbz.ch"|"N4j#ni-5&q554-r#ozJU"
"clea.ollett@edu.tbz.ch"|"eMrjML-v3Sb@s-SlCMRI"
"leandre.mcgavin@edu.tbz.ch"|"wRB9JF-f#6NX&-pO&5FB"
"cecile.behne@edu.tbz.ch"|"dvaICR-SBeKQj-S3Vc4Z"
"melanie.polle@edu.tbz.ch"|"VC6cE8-VWiMBJ-2bRfvK"
"marie-josee.titmuss@edu.tbz.ch"|"OMVEpF-tnk@Oc-iUYyim"
"helena.guest@edu.tbz.ch"|"XsbhCy-NzNw5g-vzQ5a6"
"annotes.chicchetto@edu.tbz.ch"|"geUCnE-7Z5rFO-l9BVeq"
"melia.tubb@edu.tbz.ch"|"eboh9w-tUIi%T-iUX$HR"
"angelique.casetti@edu.tbz.ch"|"nfxaMS-x2STIH-cwfL9k"
"cunegonde.cleall@edu.tbz.ch"|"%tC85S-9rB5yn-jEt80E"
"camelia.oaker@edu.tbz.ch"|"Zc&VN%-L@Fuiy-B#dDVx"
"you.searight@edu.tbz.ch"|"pVvR4S-TVNvxe-iR15aO"
"kevina.dederick@edu.tbz.ch"|"9&ouhd-e9Zwg#-jpJTiP"
"milena.jeffrey@edu.tbz.ch"|"rB1YqK-MX7wU6-TfuOpd"
"melodie.barkshire@edu.tbz.ch"|"zENnXc-vw6UAH-Bz0co9"
"gaelle.kreutzer@edu.tbz.ch"|"ebIc&P-xaDo4J-hT8lSy"
"kalliste.kleinpeltz@edu.tbz.ch"|"7%afmu-Nn&DDS-mWPVh#"
"clementine.danat@edu.tbz.ch"|"fIGwpb-#jJV8f-ZNcN$B"
"andrea.wabb@edu.tbz.ch"|"hsx#wz-Ll7BEF-U%3vyH"
"geraldine.piesold@edu.tbz.ch"|"4BE4N2-ncxvrl-q5yoV1"
"tan.fiveash@edu.tbz.ch"|"KfR69o-Qo&3Qu-u9T7pY"
"meline.yuranovev@edu.tbz.ch"|"NV$N$A-zGFc51-rs6@8h"
"therese.holme@edu.tbz.ch"|"AQ#y9B-EQoOti-Po5odc"
"salome.vaney@edu.tbz.ch"|"OFGcmg-Qx7Db&-DJRqn9"
"anae.abramson@edu.tbz.ch"|"z08Mze-fUF5n&-KUKvYG"
"kalliste.jimson@edu.tbz.ch"|"LCh#BR-5tzhlS-gDdeRC"
"selene.yole@edu.tbz.ch"|"Ic$0ka-WKGQdb-@oaFTN"
"agnes.defraine@edu.tbz.ch"|"kDPi09-l2I3DG-aWuDDC"
"faites.mccluin@edu.tbz.ch"|"hge9tJ-q7iTFf-JFiZNG"
"athena.deme@edu.tbz.ch"|"jxx6Ew-rVjBuo-X4Lhul"
"daphnee.brigstock@edu.tbz.ch"|"n@Bu#u-9m3h#c-KCm6$p"
"goesta.skaif@edu.tbz.ch"|"jn#$Az-uyWzXA-qELLn3"
"oceane.jagoe@edu.tbz.ch"|"VXefoJ-z6oVJU-OdM6QU"
"annotes.broomhall@edu.tbz.ch"|"C8g1cU-EcNRIW-s61gyC"
"marie-eve.ballendine@edu.tbz.ch"|"d7BaTG-WH8s9C-z#TQOZ"
"melina.spykings@edu.tbz.ch"|"5dYa%l-vUvbps-7yQ$8Z"
"laurene.ticehurst@edu.tbz.ch"|"ub%v1b-v9lKik-x4XrOG"
"fei.avramovic@edu.tbz.ch"|"D0KgVq-Baf#p@-rWbkS3"
"publicite.strathearn@edu.tbz.ch"|"JN3yXi-KjMftA-GQWMTf"
"torbjoern.garrow@edu.tbz.ch"|"q@#&rb-5Fy$P@-E1mRtx"
"chloe.rubinsztein@edu.tbz.ch"|"RM0nN4-e753bV-W@7Kei"
"mylene.demanche@edu.tbz.ch"|"nqkH8M-MjUVaJ-8yu5O1"
"mediamass.godlonton@edu.tbz.ch"|"tt70UJ-B2ypOt-@Rg1GL"
"renee.shurrocks@edu.tbz.ch"|"b5gOH0-YBbTKo-mZ2ewT"
"maiwenn.jedras@edu.tbz.ch"|"gAz0@1-v2Mpbz-ND1vee"
"genevieve.castells@edu.tbz.ch"|"6hemxQ-e1&9%C-l44NrC"
"renee.sneden@edu.tbz.ch"|"G&vPu@-YNvEb$-%rl9FE"
"lai.mccallion@edu.tbz.ch"|"1$QaMs-wqU%ix-$SIH3k"
"kevina.impleton@edu.tbz.ch"|"&kreWl-Tsg9qg-s5zixk"
"oesten.fresson@edu.tbz.ch"|"SAXX%Y-%kQpV0-g7RFyV"
"verane.shawley@edu.tbz.ch"|"3@FelR-gTcg@M-uW#p5a"
"uo.sjostrom@edu.tbz.ch"|"JygERN-xLeHOz-v2grpn"
"gisele.gothup@edu.tbz.ch"|"F3AqIu-u%RNUv-xNVh@r"
"renee.beauman@edu.tbz.ch"|"f@hNqe-#KwmIb-WZ@zad"
"elies.loton@edu.tbz.ch"|"53b@F0-8Gl6uh-0XcJoY"
"valerie.elsmore@edu.tbz.ch"|"4ubKq1-imVcXk-runCW9"
"berangere.delafeld@edu.tbz.ch"|"lwuCCT-5mP1cW-$a9KYV"
"bjoern.schimke@edu.tbz.ch"|"1oNVhW-H@hXMq-T0LcDy"
"loic.ericssen@edu.tbz.ch"|"ECjvyg-JTuK@@-nGLsZL"
"creez.richarz@edu.tbz.ch"|"mB%#FK-&Khqbs-PXnvI9"
"athena.grocott@edu.tbz.ch"|"oguvLx-Fs%XfX-YBU6GB"
"naelle.piotr@edu.tbz.ch"|"bs3o4%-ouun79-1TdofQ"
"maella.paulson@edu.tbz.ch"|"&q#CkB-1nIK#e-JN4SQP"
"song.perot@edu.tbz.ch"|"fDy7lG-EPQtCs-&apMOu"
"kalliste.heckney@edu.tbz.ch"|"oaQME2-3%OEB6-9I4SER"
"ake.vasyutkin@edu.tbz.ch"|"Dt1hmK-dxa%CC-ItgDbH"
"ma.castles@edu.tbz.ch"|"ydftg6-egnHjQ-u0&t9a"
"maely.monget@edu.tbz.ch"|"9J6FF$-llTdRJ-R$6LMA"
"tang.durbridge@edu.tbz.ch"|"%OCOsZ-cbxVnP-A6raT1"
"laurene.andrew@edu.tbz.ch"|"g#x8dB-I4Fvyv-yV0V8C"
"lysea.beacon@edu.tbz.ch"|"hohImV-cW%GFC-nUEmxF"
"leandre.peyntue@edu.tbz.ch"|"UNbCqm-A2xns#-LswTAR"
"rao.trever@edu.tbz.ch"|"pqfzGY-9W$PA&-hZlWLs"
"mahelie.streader@edu.tbz.ch"|"mREMsP-E7gh3C-%tMc@v"
"maerta.andrejevic@edu.tbz.ch"|"#3ewGS-8QNqDx-cBeJL2"
"goesta.tompkins@edu.tbz.ch"|"b3&XjI-fNJALf-CfZQbC"
"helena.agates@edu.tbz.ch"|"xoWCQ6-SkDEUm-o7K1Kz"
"therese.glass@edu.tbz.ch"|"m1fRxO-sTKW%E-8Ed0bO"
"alois.foan@edu.tbz.ch"|"3x5tc3-ivGdEA-9Dn4hC"
"becassine.melchior@edu.tbz.ch"|"uq1Nx#-aYMAVp-iJCdM@"
"cloe.robart@edu.tbz.ch"|"n&bHQu-5pmNA0-uUyrAg"
"daniele.puckinghorne@edu.tbz.ch"|"GIQk8v-1R9yed-0opppD"
"selene.cammidge@edu.tbz.ch"|"M1f9lk-@CThqj-bH2dFy"
"regine.conochie@edu.tbz.ch"|"DMiG%1-OWqwTA-DC$jsS"
"interessant.tuiller@edu.tbz.ch"|"u5Ki5h-dHeYG&-9$$#FY"
"long.tiebe@edu.tbz.ch"|"A27vvW-O@12fK-tRH56&"
"mans.yele@edu.tbz.ch"|"gq#WoI-8rpgR2-BLxFJL"
"ai.giles@edu.tbz.ch"|"XAnX95-CUYl&5-A5xL#4"
"gaetane.hamberston@edu.tbz.ch"|"u%dgYZ-5nSBYk-aulZwr"
"marylene.fenix@edu.tbz.ch"|"0aVr1g-OXAWAD-yrf4$R"
"geraldine.graeme@edu.tbz.ch"|"pSsWg0-Wy22eO-I3lOTk"
"tang.kinglake@edu.tbz.ch"|"aQ764f-c#1Ny@-bLhEe@"
"lai.challoner@edu.tbz.ch"|"zOsM0s-%cuiom-aOub#0"
"desiree.mattei@edu.tbz.ch"|"EBRiE1-TRRQG1-pN1oNy"
"ake.erley@edu.tbz.ch"|"tTOmB9-NL#Q0b-m6@rUk"
"edmee.cavil@edu.tbz.ch"|"DtuFzz-fPF72i-zmIpUC"
"alois.moyes@edu.tbz.ch"|"7fZ$FN-$nTmUb-9RLWpL"
"becassine.pitman@edu.tbz.ch"|"0mJqlw-vAg11h-JO&M&C"
"ai.giacovelli@edu.tbz.ch"|"5VRzzr-VBN7p7-7DKRp@"
"judicael.fruchter@edu.tbz.ch"|"K0i8tn-OIsek7-yfB7$K"
"mans.mogg@edu.tbz.ch"|"EBunT7-p7FLX2-7tkrl2"
"gerald.foyle@edu.tbz.ch"|"pzjWXc-m&xMBV-zi6eUz"
"wa.androletti@edu.tbz.ch"|"GT%Dds-J2xJKl-LZMt9B"
"meng.ollett@edu.tbz.ch"|"cjUl5f-AjIews-yrhClW"
"naelle.macmenamy@edu.tbz.ch"|"I@V7Oz-HUJ#tM-auO&Nb"
"gisele.mcramsey@edu.tbz.ch"|"LZgTx6-CxZT7Y-q4F%vg"
"meryl.scolts@edu.tbz.ch"|"t1u04e-H$ARUt-GI$MEo"
"celia.bloxsome@edu.tbz.ch"|"HRTFsU-PsJ5df-guKLfA"
"styrbjoern.stuke@edu.tbz.ch"|"hMvhxE-EEZbpv-z&p5xb"
"felicie.gwilliam@edu.tbz.ch"|"yUgrSj-j8JTUX-30s9ku"
"da.harms@edu.tbz.ch"|"cuyfQx-I0T6bq-kqXV5b"
"celestine.baulk@edu.tbz.ch"|"$m9Xo8-VDud#g-XXlmnj"
"mahelie.blackledge@edu.tbz.ch"|"EBYZHL-SbjN$R-EewTWV"
"meghane.salt@edu.tbz.ch"|"D2oN66-EWkIs3-QELkGI"
"methode.paxeford@edu.tbz.ch"|"AH2$A9-NIo2TX-BdNFUG"
"asloeg.milligan@edu.tbz.ch"|"FuVu7H-Jyrc0F-DISuvO"
"you.pellman@edu.tbz.ch"|"58ptou-3@Seo1-uYL71S"
"loic.regenhardt@edu.tbz.ch"|"aL6aN2-8Eh1$e-FMCv%8"
"daniele.savill@edu.tbz.ch"|"rHw6Uy-aEy&iJ-B4gcaD"
"alois.cornu@edu.tbz.ch"|"u6#@cr-NgyARy-FEHy4E"
"oesten.govey@edu.tbz.ch"|"6hp8Zf-VQ4#hH-5hiW@z"
"marie-eve.louch@edu.tbz.ch"|"v$vltV-2U&ys1-6vDR&q"
"theresa.wenn@edu.tbz.ch"|"fi8EaN-$mhEHL-asUn1y"
"andree.eul@edu.tbz.ch"|"H%1$3h-Skp4eM-0OhEnJ"
"lie.paynton@edu.tbz.ch"|"FdJ3jR-ipf46%-Wsdem9"
"marie-eve.girodier@edu.tbz.ch"|"0Q3qVU-K1XrL5-v%agGI"
"marie-noel.smithe@edu.tbz.ch"|"qwaHJS-264Lsb-%wY69J"
"men.bootyman@edu.tbz.ch"|"hY#d3a-tpyKgN-rN&Kxm"
"ku.sugg@edu.tbz.ch"|"5SKCcs-4IuzEM-QpP2yN"
"lucrece.roseman@edu.tbz.ch"|"i7IID8-zOj7oD-#3LlHZ"
"zoe.annear@edu.tbz.ch"|"D5bkFA-4BtZ5a-@Hch34"
"marie-helene.rennebach@edu.tbz.ch"|"6g%m&0-PtPk$O-CtSf%O"
"lea.djurdjevic@edu.tbz.ch"|"o38H$g-yQTaMm-tWSdX#"
"goerel.robert@edu.tbz.ch"|"qqBnoq-4dV#vz-UQMWZ$"
"mylene.foldes@edu.tbz.ch"|"qzFsMv-WD$JPD-K4PHAZ"
"faites.clegg@edu.tbz.ch"|"i#jnKX-voVeYB-YUI4D2"
"marylene.crowcher@edu.tbz.ch"|"osKsDu-sQ3poE-zq1RJE"
"aimee.wimpeney@edu.tbz.ch"|"zZT3Ee-s0NZj6-ULXLWg"
"renee.atkins@edu.tbz.ch"|"$JkL22-h2bWdz-DMOTat"
"rejane.cainey@edu.tbz.ch"|"YJoZOC-Z2MaiX-wYyANA"
"solene.britney@edu.tbz.ch"|"a%VbCm-PclCRb-lyY1pU"
"marten.shatliffe@edu.tbz.ch"|"w32dD2-$UMh90-A1O9Mt"
"maite.issatt@edu.tbz.ch"|"dXRV51-2br8h3-6@Jh%j"
"maelyss.edon@edu.tbz.ch"|"JSLS7L-3YAUdD-Yo4fLz"
"nuo.bamling@edu.tbz.ch"|"a5fYqW-ZDasqK-EQAq@Y"
"anais.edards@edu.tbz.ch"|"2Klq6N-sBpdip-AHOmPd"
"mediamass.bromet@edu.tbz.ch"|"&23Wpo-id@Y2x-3zc%J7"
"beatrice.kimbrey@edu.tbz.ch"|"JmN&UE-HAI@LL-tZDB$K"
"ines.lawranson@edu.tbz.ch"|"MHw@#D-e71wkJ-SUUp$0"
"kalliste.scandroot@edu.tbz.ch"|"@iZp3P-bG04i%-LAv&mR"
"mans.barrowcliffe@edu.tbz.ch"|"lfEZcD-llse$1-xbBsit"
"irene.couves@edu.tbz.ch"|"LLfIUR-WHEtXn-jm2oP2"
"milena.mucci@edu.tbz.ch"|"4WBTGR-$5J8%7-KN2DRF"
"naeva.cow@edu.tbz.ch"|"s&DUAP-3VNCN8-R$$gME"
"audreanne.mournian@edu.tbz.ch"|"OJGjCF-&TbYL0-U3XzKM"
"melia.sinnatt@edu.tbz.ch"|"I3q7id-R#cTdu-FW60kB"
"nelie.burnard@edu.tbz.ch"|"4UUpqe-nIM&@J-ZDSLPL"
"clelia.ashfull@edu.tbz.ch"|"8kskNu-YqUbu9-riRVr4"
"lie.macard@edu.tbz.ch"|"D#Tm5v-jWP2Nk-VPRMYq"
"valerie.matoshin@edu.tbz.ch"|"Fo6j4G-9tprtd-Zt2vPI"
"anael.hatherleigh@edu.tbz.ch"|"@sClEl-6DFJn4-WwZfhW"
"interessant.warratt@edu.tbz.ch"|"xrABy%-rd7aMt-iXGqzt"
"eleonore.volage@edu.tbz.ch"|"$IdnVC-UCcqXP-ZqlpCq"
"zoe.stebbing@edu.tbz.ch"|"Su8IGm-&CHL86-@Dxron"
"alizee.nye@edu.tbz.ch"|"UBkITt-bZViDG-Lkp5Z5"
"celestine.bramley@edu.tbz.ch"|"hpLq7D-NH$@y7-D2UuG%"
"selene.philcott@edu.tbz.ch"|"zYNHkf-KsQkn5-8kTzHQ"
"tang.newens@edu.tbz.ch"|"nRjWe2-khRWNa-WTrqhB"
"annotes.powys@edu.tbz.ch"|"ckiSLV-I0OLIK-#lg0RT"
"lea.matthesius@edu.tbz.ch"|"JUrY9t-oh1SD@-se5g7n"
"illustree.garlett@edu.tbz.ch"|"eYKOTe-Kaa9TO-WdqrN#"
"maiwenn.meachem@edu.tbz.ch"|"4x5meH-eqpBmy-wwqtHE"
"marie-francoise.mcbrady@edu.tbz.ch"|"cHWaZG-bXL4vz-B9qL5j"
"illustree.gimbart@edu.tbz.ch"|"SkLgnQ-FOJMPc-y#ELaj"
"melys.lyosik@edu.tbz.ch"|"J6oZ%H-WxFWIr-vTB1JZ"
"marylene.mcnab@edu.tbz.ch"|"hd4QVM-0YSrr2-uVTymj"
"gerald.blount@edu.tbz.ch"|"h5PE3Y-UjYDL8-BXId8E"
"clelia.shakelade@edu.tbz.ch"|"koTTxO-f693%C-vGglrL"
"penelope.cridlin@edu.tbz.ch"|"N&exhI-PNcPea-Hygb&G"
"maena.okuddyhy@edu.tbz.ch"|"eqcuHl-G2sQuf-K6v3Ve"
"athena.keynd@edu.tbz.ch"|"qSJL87-Me0fBh-2%SXNM"
"cloe.dwine@edu.tbz.ch"|"ZXZUPn-xo6S0v-ls2uB5"
"josephine.browett@edu.tbz.ch"|"IGGfAZ-zjJ8gq-1b&bSA"
"audreanne.oscanlon@edu.tbz.ch"|"MbOV1O-V6burx-j7T3ZO"
"fei.jeanequin@edu.tbz.ch"|"3Q8F$S-62eWdM-jt6cJ0"
"lois.gormally@edu.tbz.ch"|"mZWHib-eci0@T-QXS7vU"
"marie-francoise.finnigan@edu.tbz.ch"|"2lMgC@-v94jBU-xBl2HI"
"leonore.trussman@edu.tbz.ch"|"#ZDHuz-M1RHjI-#@7vLV"
"anaelle.trumper@edu.tbz.ch"|"NqE9fn-vb2hbK-vDNtsg"
"clemence.dionis@edu.tbz.ch"|"LdhiWz-Q1jnZN-3OM03s"
"lois.tranmer@edu.tbz.ch"|"HVSq%m-sy4iY8-tmVONu"
"interessant.volett@edu.tbz.ch"|"9dC7um-5rvwsK-@bU$u$"
"personnalisee.deackes@edu.tbz.ch"|"AnUV8I-0vMUOr-W7hruO"
"lie.vasiliu@edu.tbz.ch"|"5uA$xc-njNSsU-Zfh1wD"
"dafnee.lamputt@edu.tbz.ch"|"y4$Q&X-ahZvKl-B%T#5w"
"elies.bromige@edu.tbz.ch"|"UYgl&&-NVAVHM-iH22kU"
"helena.klosser@edu.tbz.ch"|"8SdO2J-kh679C-fYbE95"
"andree.grim@edu.tbz.ch"|"disoze-yk&#I%-i0Unck"
"verane.coldbath@edu.tbz.ch"|"Hoz#DI-Y3H6op-ROJM7R"
"helena.bethell@edu.tbz.ch"|"OSk7FP-v0UazK-VdCzOs"
"kalliste.carefull@edu.tbz.ch"|"uDHNbA-L6u1fu-4cE%lL"
"regine.odams@edu.tbz.ch"|"5mrDaa-4v3NKH-Uonv1A"
"len.stannus@edu.tbz.ch"|"YFUi7Y-VbrXH@-hmV8S&"
"angelique.works@edu.tbz.ch"|"fY5QQp-poPK9n-i86i%N"
"goesta.rheaume@edu.tbz.ch"|"XL2@XX-wssp4K-1TuZtE"
"maelys.tynnan@edu.tbz.ch"|"$g6wIW-997oRW-SIr8%L"
"maelle.carlesi@edu.tbz.ch"|"FLE5ln-KDxBz2-PXkfQw"
"anael.spurden@edu.tbz.ch"|"jVJn@j-0sBQNM-wdozVY"
"helene.pumfrett@edu.tbz.ch"|"cfy16u-f07l96-Stcgtn"
"goerel.pearn@edu.tbz.ch"|"zn4gd@-cI&7hI-hSVZyd"
"laurelie.dezamora@edu.tbz.ch"|"V4#&6R-l5r3Kl-I6j6F&"
"yao.twidale@edu.tbz.ch"|"XUIsl8-RC4Ucc-lOeAue"
"berengere.sola@edu.tbz.ch"|"h0&XbW-Yol2cb-@DwBUI"
"maelann.hardistry@edu.tbz.ch"|"cusGz1-Mo3oXD-Jz7XNR"
"severine.littlefield@edu.tbz.ch"|"fS$2WP-I4MHKX-BoGDss"
"salome.heinl@edu.tbz.ch"|"qaOvBg-2B7u28-@cda%#"
"meryl.warbey@edu.tbz.ch"|"9UaAnM-zU2B$1-wDcPgw"
"da.hunstone@edu.tbz.ch"|"ROwaHr-1FaHqN-bm0d1T"
"venus.broadbury@edu.tbz.ch"|"bN0lv%-Zs$Vem-TZAntu"
"meghane.rentelll@edu.tbz.ch"|"Ngdmak-F2FRv1-hQ0fBK"
"marylene.drewitt@edu.tbz.ch"|"nY5$Mg-4iszul-q0sy4G"
"melinda.jacquemet@edu.tbz.ch"|"WWaSLT-96KgMP-2BeVz9"
"marie-josee.keyden@edu.tbz.ch"|"S7wODP-LGfoPU-9vHVes"
"asloeg.montacute@edu.tbz.ch"|"gCK%tn-0FPGQ0-hr1kE1"
"ku.andreou@edu.tbz.ch"|"WYoAEe-nbzb5h-gLwCPm"
"personnalisee.feaveer@edu.tbz.ch"|"GxBBm$-8&0dXE-d$m0MY"
"laila.emptage@edu.tbz.ch"|"ax6x2u-zQbRYV-45g#Fu"
"bjoern.dawdry@edu.tbz.ch"|"3QvugI-F6kiyM-SvN0z2"
"marie-eve.dinsell@edu.tbz.ch"|"qASIW#-1HjK1U-Ve6gL8"
"helene.follett@edu.tbz.ch"|"Hkd#83-Jc@O4L-uwi6Ek"
"penelope.cordero@edu.tbz.ch"|"SKCzxT-3XoiX3-y%2@53"
"boerje.beedell@edu.tbz.ch"|"XRUH9Q-l0Gmeq-8LNj&n"
"nelie.ferne@edu.tbz.ch"|"55mEw1-yERW0d-&0MHLB"
"celine.ahmed@edu.tbz.ch"|"kmIP7&-MCNdcj-C#wghc"
"stevina.pimblett@edu.tbz.ch"|"opaTUQ-qJ9kBH-B61$z@"
"chloe.langlands@edu.tbz.ch"|"cmO2Kk-Ife$Of-mY0Jvq"
"simplifies.maude@edu.tbz.ch"|"pJyQaH-WBsVnO-6zvi@5"
"genevieve.decarteret@edu.tbz.ch"|"t#Ws0M-y14kRx-9s8Xvo"
"marylene.mughal@edu.tbz.ch"|"FmQ5xV-pk%hO9-5SE#qQ"
"goeran.guttridge@edu.tbz.ch"|"A7Vmiy-6qsVZs-62$Il$"
"michele.smurfitt@edu.tbz.ch"|"PYv6u2-4F366d-KCtZME"
"methode.hadeke@edu.tbz.ch"|"Jy4XNF-sgcjVc-eTrB1L"
"therese.rispine@edu.tbz.ch"|"Fw$dn6-HRkcqG-5Phw6c"
"goerel.plumley@edu.tbz.ch"|"Kj35Ma-oQTZCE-Mi2DbT"
"oceane.friett@edu.tbz.ch"|"yyd4vm-gMOcXd-qMF1bn"
"marie-noel.achromov@edu.tbz.ch"|"0H9@SN-3R5Jxo-Bn5LGJ"
"dorothee.storek@edu.tbz.ch"|"xqgNpN-WS43BU-A#8GUt"
"goesta.whittle@edu.tbz.ch"|"cjvg5e-$lOEqt-XTig#D"
"desiree.casely@edu.tbz.ch"|"VvzgQL-2vNUIe-GiwwxG"
"felicie.condon@edu.tbz.ch"|"30LvZK-WzIpUo-aAT9k9"
"maelyss.frisdick@edu.tbz.ch"|"vyF69q-y$rEc3-xqmwgz"
"aimee.banke@edu.tbz.ch"|"a6iGcE-A9E4Ho-EP0bkg"
"naeva.hodcroft@edu.tbz.ch"|"8jICco-fdI1&@-U%GbHa"
"laila.gerrans@edu.tbz.ch"|"3RjWMQ-@Qd29d-&HInlc"
"daniele.scrimshire@edu.tbz.ch"|"bKYgY7-uYZN%v-@8TCrx"
"daphnee.sheerin@edu.tbz.ch"|"yNDb@x-vNP8B#-AFXE&r"
"pal.vanyukov@edu.tbz.ch"|"RCTM7V-6Qmaf0-wHUNyf"
"zoe.childs@edu.tbz.ch"|"2i@Auv-ERE#Z2-9ED8Dm"
"ai.corde@edu.tbz.ch"|"%ylB$W-LfRwuT-b$9E0A"
"maelys.berryann@edu.tbz.ch"|"z0KcLS-F%Kxq5-HRh6NW"
"cloe.gladding@edu.tbz.ch"|"0#eeD5-HjvzD6-Z24zF9"
"wa.kinnaird@edu.tbz.ch"|"AOdrUI-xbcVzH-M1xaRc"
"publicite.brittoner@edu.tbz.ch"|"LYTSa2-vfY0L8-MSHFYD"
"rao.windress@edu.tbz.ch"|"Kku2WK-L24hu4-YAoED7"
"uo.kollach@edu.tbz.ch"|"ESyxdU-O4oVc5-#BWC41"
"josee.peskett@edu.tbz.ch"|"kxAu1C-Cr2tJ1-m26EpB"
"annotee.hasel@edu.tbz.ch"|"#$bJH$-PtBcar-Y%a42X"
"cinema.lee@edu.tbz.ch"|"XOVmuq-4ybFk%-1AKcBF"
"lai.vedeshkin@edu.tbz.ch"|"WyayK@-dgvfdq-1Fp00a"
"renee.brisbane@edu.tbz.ch"|"aV2Jpl-JlP%R%-LyWAEz"
"ophelie.blincoe@edu.tbz.ch"|"P5W6Uu-5zEowY-W59SHZ"
"zhi.prazor@edu.tbz.ch"|"cLnOGS-FVA$5O-HGCEFl"
"annotee.maddicks@edu.tbz.ch"|"pu#Dt3-8DbQ3r-E@w24o"
"maelyss.codd@edu.tbz.ch"|"JNr6DE-t%DJCQ-4qaTTC"
"celia.peplay@edu.tbz.ch"|"XL98Eq-8UpjKi-6qNJH3"
"interessant.skone@edu.tbz.ch"|"01TKTm-yuYMqf-LGoYoS"
"audreanne.hebdon@edu.tbz.ch"|"y6&$DW-Ilqqb&-uTe0Ax"
"oceane.glen@edu.tbz.ch"|"Fy$a97-v@xkyC-8PAj@A"
"daniele.vanyushkin@edu.tbz.ch"|"2u&0lU-NPBhAU-MFREHu"
"daphnee.ayce@edu.tbz.ch"|"d3&7yn-ssJAI0-OLK8fQ"
"andrea.attride@edu.tbz.ch"|"zIhhaU-vbfPTs-sIZphb"
"penelope.bridgwood@edu.tbz.ch"|"WAPH@4-cBctD2-X$MPEu"
"mailis.drewitt@edu.tbz.ch"|"WqgBcp-xtXOOQ-&2d#Jr"
"penelope.mollene@edu.tbz.ch"|"ODPUNb-1WCRRv-Evi91O"
"illustree.keely@edu.tbz.ch"|"zvjY$r-ZkRHc7-TMYykL"
"meng.brisseau@edu.tbz.ch"|"a#%aDp-D%B3dv-NmTQS9"
"ruo.cleiment@edu.tbz.ch"|"SUabUT-yJkGpl-VigYp5"
"maite.krammer@edu.tbz.ch"|"$3x#jV-fdG5L6-mLaXNf"
"genevieve.verry@edu.tbz.ch"|"5Q6ZmU-pB%Fa7-dWV5XS"
"lea.olochan@edu.tbz.ch"|"gAATiG-5W94%6-Y&dgo@"
"naelle.brunnen@edu.tbz.ch"|"EruCFv-@wBdz0-3lGoQ4"
"goesta.bragginton@edu.tbz.ch"|"2mmCBu-ewwOEK-CT1Xy3"
"fei.danilyuk@edu.tbz.ch"|"Nlrq9e-3O2aO7-VEzHIK"
"adelie.turbitt@edu.tbz.ch"|"4xZKfd-T96uxp-uAcgRH"
"marylene.nutman@edu.tbz.ch"|"mJ1$tV-Fu48Cb-enFvFP"
"therese.barbrick@edu.tbz.ch"|"Al&tZ6-26dhvd-v8sQqR"
"melys.kolodziej@edu.tbz.ch"|"Bz0$JO-6oBF1m-pl#CYG"
"melanie.runchman@edu.tbz.ch"|"V%gKO6-5mvCnY-6KDJkF"
"serena.lafond@edu.tbz.ch"|"l&pJoB-5yCzuW-9MIalB"
"pelagie.desmond@edu.tbz.ch"|"fVMjdq-6Nhgww-$2%z21"
"wa.spickett@edu.tbz.ch"|"IRS&ZN-pFrOBb-NvGOmq"
"po.shave@edu.tbz.ch"|"&rtbOK-oU#N2R-476xL3"
"song.huikerby@edu.tbz.ch"|"U6OSE7-ISZldq-o3OfIX"
"melinda.bimson@edu.tbz.ch"|"Oma8Yu-rL1fe6-2P1%Ra"
"personnalisee.toffanelli@edu.tbz.ch"|"n#1l9n-U0HqnI-CTs5Z7"
"leandre.hurn@edu.tbz.ch"|"7dAirR-6vfzum-3lf4tE"
"oesten.standell@edu.tbz.ch"|"3mBPG3-G4VgKZ-vC$2Dn"
"naelle.smaleman@edu.tbz.ch"|"Gy7yss-degIKI-N3zOOx"
"berenice.tayt@edu.tbz.ch"|"k@ps@7-65@Nih-N2ESs2"
"kui.popplewell@edu.tbz.ch"|"M%M0RY-zhEM#6-KwX$Qw"
"melodie.ferandez@edu.tbz.ch"|"&Phlym-dQmPM7-SB%Anl"
"josee.negal@edu.tbz.ch"|"O7tReI-QhJM9o-7sEhny"
"melissandre.ferrelli@edu.tbz.ch"|"0pf1a4-rc2W2T-9FG%vK"
"josephine.kemmer@edu.tbz.ch"|"rLIo2R-riWs05-gXleoh"
"maely.cayette@edu.tbz.ch"|"BrH5Tx-aqw1VP-CMtLDx"
"nelie.vela@edu.tbz.ch"|"0Gc9oW-tbYN%w-Lf1z7Y"
"melina.cortes@edu.tbz.ch"|"ya@GxV-&NQ$ZT-ly0twv"
"megane.leyshon@edu.tbz.ch"|"W%BNe@-M6T90X-FuVHaj"
"regine.harrie@edu.tbz.ch"|"jT@STx-oib7#&-cVcBK1"
"mylene.widdison@edu.tbz.ch"|"GHZGqZ-JFKaDY-%jfgXO"
"pelagie.vivash@edu.tbz.ch"|"q3NFt%-KN25MW-oJFoaT"
"styrbjoern.vicarey@edu.tbz.ch"|"g%lVfT-BLCF@J-XYhPsn"
"long.kyles@edu.tbz.ch"|"%zDrko-xg4%3r-&7M3zT"
"stephanie.gipps@edu.tbz.ch"|"&zzuXG-IQce@T-nSkQgL"
"clea.constantine@edu.tbz.ch"|"TvYnQW-rXbRsu-VYckqx"
"maella.cometto@edu.tbz.ch"|"BJJdFp-OD@Qyp-ipQ3H1"
"laila.aubrun@edu.tbz.ch"|"fG51QS-LcI5WY-g4v@mT"
"yao.austins@edu.tbz.ch"|"5K9Cb#-lk4Q&1-rXlFlJ"
"mailys.rylstone@edu.tbz.ch"|"L5bXY3-WDESTE-mIm2HC"
"adelie.curuclis@edu.tbz.ch"|"kLx7m4-iv6Bax-7wZy@7"
"celine.longhurst@edu.tbz.ch"|"SdkXP$-0RpQky-9F$dtk"
"gisele.hazell@edu.tbz.ch"|"NYUcKf-gUgwdZ-45rM#U"
"celestine.ciccone@edu.tbz.ch"|"QZyJSi-i57sH1-41mDWb"
"maelyss.doole@edu.tbz.ch"|"kor6JY-Zysdt$-JvlHXa"
"helene.grimsdike@edu.tbz.ch"|"H7cOud-3S%lEB-vsNIYa"
"lie.macer@edu.tbz.ch"|"#9Wexc-gQ#a8R-kzWKJj"
"maely.izard@edu.tbz.ch"|"2mLQb0-j27bLC-KB3OMM"
"erwei.breewood@edu.tbz.ch"|"KjPxTa-obK9Wj-QWk@94"
"chloe.woolford@edu.tbz.ch"|"P1vn67-W&O4l0-&Vg&h7"
"cleopatre.turpin@edu.tbz.ch"|"OLiWdh-CG%Y0O-Mq6d2v"
"melodie.surgison@edu.tbz.ch"|"l9Yvqj-DgZHys-r6yqRc"
"elies.leander@edu.tbz.ch"|"ZrWgT@-@mxg09-B1ao6f"
"mediamass.reignould@edu.tbz.ch"|"90ioE#-ZWCcy8-zuq5Y8"
"celestine.wasmuth@edu.tbz.ch"|"f%D8vY-gly@TH-XbWAZV"
"marten.jervis@edu.tbz.ch"|"xeK$3e-bIFrU@-B2rznk"
"daphnee.bour@edu.tbz.ch"|"iQl9@l-&TgB1n-T21sSK"
"regine.harlett@edu.tbz.ch"|"8vOdCK-Owl6X&-BH2A3K"
"noemie.macaskie@edu.tbz.ch"|"gwD1S4-ZVWM#q-slXnd#"
"loic.renfield@edu.tbz.ch"|"OaMYQk-F2q3xy-kksht5"
"venus.kleinert@edu.tbz.ch"|"wejOzD-NTTHVe-F0HQaZ"
"marten.burlay@edu.tbz.ch"|"h&9rmJ-@gTYME-gVuKUa"
"berengere.radsdale@edu.tbz.ch"|"&8Mrdt-D0@3WU-vvHVv4"
"genevieve.duckit@edu.tbz.ch"|"@nEoK$-IJJ$Bf-JNQZlk"
"maely.ligerton@edu.tbz.ch"|"%VR6d7-29wzKO-%d6#u%"
"maeline.ricciardelli@edu.tbz.ch"|"fVi6bN-2FmVuj-$l475t"
"personnalisee.yggo@edu.tbz.ch"|"dZJo7F-yQw8UH-Kbw1h5"
"alizee.pettinger@edu.tbz.ch"|"ZTgY7x-OP6Nkj-6vg%vE"
"desiree.curnnokk@edu.tbz.ch"|"cwPlIg-lnO6Lq-7liaro"
"dorothee.minors@edu.tbz.ch"|"wnxSEt-sFReWs-OMKNaD"
"oceanne.kopmann@edu.tbz.ch"|"W5Gvct-43nFxj-S$0Ut3"
"almerinda.brodbin@edu.tbz.ch"|"9izUgK-4SHqAu-p4t@LN"
"yenora.carsberg@edu.tbz.ch"|"bP4quT-ePmdam-kUHQbJ"
"wa.beetles@edu.tbz.ch"|"PQul1b-P9Wcs6-sX5t7z"
"audreanne.abbot@edu.tbz.ch"|"#Sk%@3-PGMhBr-msQxTE"
"noemie.capper@edu.tbz.ch"|"0sG47N-G9d8@3-z3DtYG"
"mans.abramamov@edu.tbz.ch"|"d0zQP1-Mg4DZW-D4IATf"
"audreanne.blakey@edu.tbz.ch"|"vGoc$3-%cmtXB-cxU32h"
"leone.klimpke@edu.tbz.ch"|"9ac&3%-YtuHaA-CIzK88"
"lie.croston@edu.tbz.ch"|"zYNjy5-t2&KJ8-66s4Zm"
"anaelle.baistow@edu.tbz.ch"|"w9Op#H-OGYWJ@-nrg8L2"
"michele.garwood@edu.tbz.ch"|"Vbcw6b-rvN4zo-jjRzlH"
"interessant.albion@edu.tbz.ch"|"2@O$My-NiiZ5r-%Oe2NV"
"andre.brisco@edu.tbz.ch"|"03d5fR-hyxGWK-CNivtC"
"tang.totterdill@edu.tbz.ch"|"4NMxIt-7TfsIu-&eZ2i0"
"marie-josee.braundt@edu.tbz.ch"|"HmWdvc-bn&sGE-hYlgT@"
"lois.galer@edu.tbz.ch"|"$qLjtW-wKEnVh-szrCM#"
"faites.pellamonuten@edu.tbz.ch"|"dxKR5m-%TbDHy-zlv6@c"
"mai.barfford@edu.tbz.ch"|"B9g9go-MKL4Gf-AIoCiZ"
"laurene.macilory@edu.tbz.ch"|"IyTCnR-AxNYOB-DRdyjD"
"elea.peak@edu.tbz.ch"|"0vpjlZ-2PAwJA-uE4Glu"
"rejane.doni@edu.tbz.ch"|"UmJxZD-xPO6B@-bxSUwy"
"mahelie.ector@edu.tbz.ch"|"e5jtfY-3KygWX-0B&#K3"
"rachele.allum@edu.tbz.ch"|"mhk6IB-zDMgoC-OF$xXY"
"laila.gerretsen@edu.tbz.ch"|"52h#o7-sds2vR-kTbGQG"
"ines.bowman@edu.tbz.ch"|"63FAjX-J3TvHL-DjHFou"
"publicite.barbary@edu.tbz.ch"|"6irTYk-tZSdtU-S18vD8"
"mailys.smooth@edu.tbz.ch"|"DqvYy7-5%Lzly-ExsIBO"
"mailis.huguenet@edu.tbz.ch"|"3#l7K4-xCxW45-0rGvez"
"lea.ewer@edu.tbz.ch"|"ERyXRy-U3B8F8-Uq4kIy"
