"mail"|"password"
"melodie.vandervlies@edu.tbz.ch"|"OyFxeX-zvG2tt-xcuwLW"
"angele.edgecumbe@edu.tbz.ch"|"gSHev6-#Q90iT-Cwj6fY"
"zhi.andreasson@edu.tbz.ch"|"F%I0lU-DazKkj-y1MyuJ"
"judicael.koppeck@edu.tbz.ch"|"Cm&mav-GC3MpQ-YMBfFW"
"berengere.capron@edu.tbz.ch"|"hePJEZ-NcmZr#-ObJuvw"
"leonie.brosini@edu.tbz.ch"|"ZOnS25-4M40eF-ad@6hD"
"venus.garfit@edu.tbz.ch"|"hxJRTL-rEVvnq-oGEk@R"
"melina.janota@edu.tbz.ch"|"1qXcBY-#S4cW8-#w5X6b"
"laurene.bake@edu.tbz.ch"|"FPjM5V-ZfEdv8-n#fllR"
"regine.dorkins@edu.tbz.ch"|"WH$xjV-6AQAVm-Pod0d$"
"cecile.moffet@edu.tbz.ch"|"dMrIfp-$vDgXk-RNV1Kj"
"maelann.labrone@edu.tbz.ch"|"b1Bx2I-5jgRJh-fx7him"
"melinda.newbold@edu.tbz.ch"|"%ZzQ8L-PCwFMH-jDQTV8"
"mans.itzhak@edu.tbz.ch"|"DKedIB-jJj31$-nyu6ei"
"melodie.pattlel@edu.tbz.ch"|"cBzgQr-7nK3Th-D@6pBZ"
"celine.bonett@edu.tbz.ch"|"X90JvQ-2lftoU-$oNPE8"
"adelie.mcgreal@edu.tbz.ch"|"F7G9X6-RLBgkT-L8c#uu"
"helene.soldan@edu.tbz.ch"|"nMBEJA-oJKJuq-$yw0yd"
"michele.cluer@edu.tbz.ch"|"mRjyYz-KbjB9@-aK9SdT"
"maeline.mueller@edu.tbz.ch"|"zePVBc-DqeeN#-WsD0ub"
"maelann.benedito@edu.tbz.ch"|"3yW&Dz-O@VowS-$Pa$lu"
"nuo.gransden@edu.tbz.ch"|"iYJQqQ-gJUCYB-BmIHT5"
"berengere.stainton@edu.tbz.ch"|"ZkRVNn-@lCGTn-mexkEr"
"wa.sabater@edu.tbz.ch"|"TbZAfs-7vrJMn-geH9&0"
"anais.cochran@edu.tbz.ch"|"VvR3Y8-ZjgS4m-7gp9Z9"
"gerald.bessant@edu.tbz.ch"|"CstHtD-9cp7vg-p77l7R"
"ruo.coffin@edu.tbz.ch"|"a62F0F-TbcyZy-Eb3TBX"
"melodie.mustill@edu.tbz.ch"|"a8epq0-3bHofI-Mwvbpq"
"ruo.stanesby@edu.tbz.ch"|"@VuCjD-7cVvz1-$SOHlY"
"noemie.antognelli@edu.tbz.ch"|"6gp5PV-&QfBK8-GJQ8v@"
"maelann.hughson@edu.tbz.ch"|"QeE@7x-&vEAs4-RULc%n"
"milena.mieville@edu.tbz.ch"|"G5JLbK-PS9e6B-p91u$y"
"mailys.chamberlin@edu.tbz.ch"|"#gs#ox-abWjL7-PoY38$"
"nadege.tomalin@edu.tbz.ch"|"dnxxS8-pbkkRZ-7bCPM5"
"oceane.omara@edu.tbz.ch"|"IY4qXb-C3TQbO-jZsjeK"
"cecile.aguirrezabala@edu.tbz.ch"|"O87DjJ-xNc8GF-bcxh&#"
"maella.gwillim@edu.tbz.ch"|"ZssGAb-RuXIFS-qXIom1"
"lea.mcgahey@edu.tbz.ch"|"mdOiDX-0jf%yO-BGON@0"
"laurene.hagerty@edu.tbz.ch"|"42BXrm-WWnbb@-iXBQ#M"
"dorothee.link@edu.tbz.ch"|"QRJvQT-1iiRXw-viAv9Q"
"clementine.kynsey@edu.tbz.ch"|"vnJbx5-NWHmxN-uPU%df"
"lorene.smitherman@edu.tbz.ch"|"t5gUsG-DXbIjE-%HW7VI"
"cleopatre.klulicek@edu.tbz.ch"|"ihUC#e-9HniM&-xeFdJj"
"laurene.castaneda@edu.tbz.ch"|"aw9ts#-J0ms4N-EA9CeJ"
"melia.constant@edu.tbz.ch"|"c$rtQh-1yUWFC-BoMWB8"
"lucrece.clunie@edu.tbz.ch"|"A4%Z1p-@Io2q#-g7b&6%"
"eleonore.mcmurthy@edu.tbz.ch"|"7@iXhg-QvDFaG-ZibLEM"
"melia.bevar@edu.tbz.ch"|"3FSGsv-S9WndA-JgsCUz"
"camelia.bontine@edu.tbz.ch"|"@zARP0-pL1#0m-WPDrYN"
"methode.jozefczak@edu.tbz.ch"|"09$Kxn-HOddFn-Lv9OpZ"
"audreanne.hinsche@edu.tbz.ch"|"&@HW2o-au0z@v-nsv1@D"
"andree.varne@edu.tbz.ch"|"F4eJIq-IYvZUc-0ibu98"
"marten.kinleyside@edu.tbz.ch"|"pm5JPq-48pSWA-NMBG#S"
"esteve.mcewan@edu.tbz.ch"|"Ow9@dR-E$7wwm-w@aAPB"
"leane.dibbert@edu.tbz.ch"|"Oqtf&5-c1XqnS-lG6l9Q"
"ma.thewlis@edu.tbz.ch"|"&vKsYo-5%ptGg-i2@K2S"
"clea.djurkovic@edu.tbz.ch"|"#OGrsR-U9RG2x-vCdbIh"
"rachele.reburn@edu.tbz.ch"|"qFwVcM-37WyA3-JBU9yO"
"gerald.gowling@edu.tbz.ch"|"dEV0kQ-l46Hvz-pEGRTe"
"cleopatre.jackson@edu.tbz.ch"|"S&HMHI-P5Pjq7-ARZ#C6"
"desiree.haskins@edu.tbz.ch"|"bYr7aT-4kV1lw-Uv6k7r"
"eleonore.longson@edu.tbz.ch"|"#hL69@-9l@tzt-YjEozJ"
"leane.dybell@edu.tbz.ch"|"XXetuf-GpIfgU-kcQlAn"
"becassine.grzesiak@edu.tbz.ch"|"AiZ4b3-3OsIjn-#2Au5B"
"marie-josee.pickin@edu.tbz.ch"|"ubCMJm-mXW&$j-Bsgt7u"
"marie-josee.roxby@edu.tbz.ch"|"MeBarC-&7fIBj-R2c#iv"
"leonie.feenan@edu.tbz.ch"|"oV&rN7-vkrAvY-P1TGvk"
"valerie.ellum@edu.tbz.ch"|"A4rXvS-94dYOz-cc6oD6"
"ju.caseri@edu.tbz.ch"|"%pBwy6-zorH9R-zXQA8q"
"boerje.strangman@edu.tbz.ch"|"iIctnL-0LG$Yx-mIeYSZ"
"beatrice.ghidelli@edu.tbz.ch"|"bMiuQc-JN%d9X-1FtixJ"
"da.jablonski@edu.tbz.ch"|"bq8aY7-hjFGtS-TQDB6x"
"uo.beveridge@edu.tbz.ch"|"521IYo-W372%I-XQHYDj"
"valerie.bestman@edu.tbz.ch"|"WXk1QL-a%uuWF-8MfitI"
"marlene.pohls@edu.tbz.ch"|"iXQIW%-1Ui4s1-13#kah"
"ma.nolda@edu.tbz.ch"|"ayMJMq-gFN6yb-Yxdj0@"
"marlene.bisiker@edu.tbz.ch"|"p4n@t4-OtKFQk-Sy$Bx$"
"estee.babon@edu.tbz.ch"|"5I@FgI-@bWrph-Y5mWVP"
"simplifies.dmisek@edu.tbz.ch"|"84ig1L-Wps&tN-akLDcj"
"selene.ganing@edu.tbz.ch"|"kO1@EJ-bei3cn-yGujQS"
"meryl.penke@edu.tbz.ch"|"LM9aSZ-$OaOdw-tIGtpR"
"anais.rawcliff@edu.tbz.ch"|"dFOXZ6-8k0qKs-w@hHtW"
"melina.andri@edu.tbz.ch"|"cGLQxe-2w$0Yf-Q$FmnQ"
"audreanne.fodden@edu.tbz.ch"|"SWr5N8-NgNDay-UAyuH8"
"bjoern.spellesy@edu.tbz.ch"|"B9WPc0-Hgdbtu-JWIhqy"
"francoise.summerscales@edu.tbz.ch"|"TbpUXN-uk$9gN-V9F@SQ"
"laurene.ashtonhurst@edu.tbz.ch"|"W4&0M7-yqq0Ng-RWO$gj"
"valerie.petters@edu.tbz.ch"|"VKDXe7-ABAKPb-j%8eiN"
"anael.spenclay@edu.tbz.ch"|"vrTiiG-jXtbXg-4ISsuS"
"stephanie.keech@edu.tbz.ch"|"%XNt86-hQyIDQ-Yw9bOp"
"ines.deveril@edu.tbz.ch"|"BSNBYw-L1HBGB-8GzW7D"
"berenice.gelder@edu.tbz.ch"|"kMi280-pjyXg@-cWKIYA"
"melanie.ofogerty@edu.tbz.ch"|"MeITen-aBcV66-jjxoQC"
"frederique.canepe@edu.tbz.ch"|"09cOjI-Tl16AY-tTNfu#"
"nuo.otton@edu.tbz.ch"|"rsvIFs-pnwKnj-tc146F"
"genevieve.trusler@edu.tbz.ch"|"RsxmI2-CV@SOm-w25lCe"
"ju.boag@edu.tbz.ch"|"D8zom3-Fmr9nl-oTt@IY"
"josephine.dilucia@edu.tbz.ch"|"YKQSNB-xYDsgQ-DwvP0f"
"laurene.armsden@edu.tbz.ch"|"6sRGzA-QID866-kfcEXB"
"becassine.griffe@edu.tbz.ch"|"GELjOh-u7DlUi-fcthCM"
"alois.parres@edu.tbz.ch"|"mUEEGZ-N5WRM@-#GNsEA"
"cleopatre.gaffey@edu.tbz.ch"|"EbHKRJ-yPaND0-eb1qsf"
"andre.stiger@edu.tbz.ch"|"JhOhhQ-8rj5a7-Nilx66"
"beatrice.godleman@edu.tbz.ch"|"SayYlC-RFs@Ut-oJPNSE"
"hakan.harrhy@edu.tbz.ch"|"hdyMTS-VbzZyu-x9N0qa"
"celestine.dagnan@edu.tbz.ch"|"QuUai7-H%FXKt-p6MQfO"
"clemence.haggart@edu.tbz.ch"|"TNU7xn-TCkIEl-IK8AKd"
"long.caban@edu.tbz.ch"|"sH1Pk7-gyiJGm-4A0O2m"
"gaetane.grimble@edu.tbz.ch"|"51XByG-AjABf5-&QzhWK"
"maelann.piwall@edu.tbz.ch"|"P6#C#P-AjwAF4-O8gIxo"
"magdalene.loble@edu.tbz.ch"|"1n1iec-Xpjll4-QWi1lp"
"veronique.domaschke@edu.tbz.ch"|"ZWAH6P-wVxlLQ-kp2d8J"
"clea.herity@edu.tbz.ch"|"mtlDlD-6Byo4o-ZG5bxm"
"maelann.bambrough@edu.tbz.ch"|"$eQ15K-Vh3%GQ-Uob4$7"
"clea.goulstone@edu.tbz.ch"|"oSWvLI-9J8b$c-Qvc68R"
"renee.deleek@edu.tbz.ch"|"VAFM#v-1RpBXf-YzW4gE"
"boerje.rudderham@edu.tbz.ch"|"AMVIg@-S4AP@#-ovT8ZR"
"marylene.broune@edu.tbz.ch"|"ebLwmE-6w1q%8-boezg0"
"nadege.mccuish@edu.tbz.ch"|"vsiqqR-x2Ws@Z-FvDAg#"
"anael.littleover@edu.tbz.ch"|"v9&hbV-C23Qv3-SMjCPI"
"lie.baume@edu.tbz.ch"|"tY@VsV-JcYLkS-Z1Xs5R"
"maella.murrow@edu.tbz.ch"|"HdoNeb-ipOrwR-enW#cP"
"cleopatre.pettifor@edu.tbz.ch"|"b$32$s-uLrI@x-4fgCsh"
"geraldine.asker@edu.tbz.ch"|"kj5Bh&-tQllp$-1gykFj"
"gaetane.smedmore@edu.tbz.ch"|"lDm0Le-B86ibE-o3Jo7n"
"meryl.blencoe@edu.tbz.ch"|"1L2l9Q-Cc0j0R-mqdMcx"
"aurelie.chastaing@edu.tbz.ch"|"1GEhWW-dd9i9o-9KHAQI"
"oceanne.marthen@edu.tbz.ch"|"bEkxDd-J9&VL$-G2#T6H"
"dorothee.burrill@edu.tbz.ch"|"bWpkG%-DE8qS3-DflVT7"
"hakan.belden@edu.tbz.ch"|"iiCjjl-VTFg1o-r5qvsK"
"celine.brunning@edu.tbz.ch"|"D3kzrd-5VyXHb-D$IJQ#"
"anael.lapides@edu.tbz.ch"|"0oMXhg-FKaI@8-h$QIb@"
"ruo.saffran@edu.tbz.ch"|"C6q6S1-WVdJuu-nidh62"
"loic.gerretsen@edu.tbz.ch"|"bNQN0N-C5#9dL-o9Gw0Y"
"rui.fitzer@edu.tbz.ch"|"1g#hyq-opO#uD-L3RH$1"
"annotee.ogers@edu.tbz.ch"|"efJzrL-86c9%L-rr&qmj"
"boerje.bindin@edu.tbz.ch"|"tqP5xB-yNCCNM-xFs46%"
"ma.cronchey@edu.tbz.ch"|"7TY#6P-xEeoZf-X4@kTG"
"laurelie.baiyle@edu.tbz.ch"|"&jaZJY-4Iwz4U-owKFF&"
"dorothee.older@edu.tbz.ch"|"1$wrRC-D2@#72-yKJhs6"
"laurena.wile@edu.tbz.ch"|"8RQd1q-udER8Z-FpugmF"
"clemence.brito@edu.tbz.ch"|"bR4m9Q-KhvaKj-JtmM@n"
"nadege.dallin@edu.tbz.ch"|"temDEI-LQefP8-mHwbB9"
"mailis.matley@edu.tbz.ch"|"7t&%Xp-xhuDfP-Xhy15s"
"daniele.screaton@edu.tbz.ch"|"DZRPnr-KGSYmA-pYmATv"
"mediamass.godly@edu.tbz.ch"|"16P%RR-9OeQMv-xl1X#$"
"leone.kremer@edu.tbz.ch"|"j3rn08-A#4dgS-3lD5Gj"
"asa.adrian@edu.tbz.ch"|"2uq2u$-54augA-$ragY@"
"adele.doley@edu.tbz.ch"|"NMS#Ux-msL2G$-$G#$v$"
"fei.sidney@edu.tbz.ch"|"uiGdGP-0D9M%8-&XLAK6"
"marie-josee.walisiak@edu.tbz.ch"|"Tg@DTD-DGSv8s-A5nFwi"
"desiree.diplock@edu.tbz.ch"|"CUNGHe-jAIbwj-&Vh1gN"
"gisele.schust@edu.tbz.ch"|"r7mJkM-6KFIDU-TGDoC3"
"ma.longshaw@edu.tbz.ch"|"b8nW8J-#eIPob-UUG7y$"
"da.boother@edu.tbz.ch"|"#Y08oj-YtIWcS-IvQIbo"
"simplifies.chaudhry@edu.tbz.ch"|"DN9$Bp-i2TN1Q-KUnH44"
"garcon.baniard@edu.tbz.ch"|"0FvDvX-kSOtjq-n5367V"
"gaetane.elphee@edu.tbz.ch"|"1tCx6J-Z%nuvd-61yXeo"
"gisele.hassey@edu.tbz.ch"|"OdhvNQ-5cnWJb-BuiTpB"
"oceanne.booley@edu.tbz.ch"|"rKAgMG-k&Z1eh-65cO2c"
"oerjan.dibden@edu.tbz.ch"|"tAfbmH-5bghFM-aIFpcO"
"regine.ocleary@edu.tbz.ch"|"8hAnzU-Vk3wmC-3T$htn"
"selene.persse@edu.tbz.ch"|"FCDB3k-@zFm3Y-FW#E0A"
"helena.adenot@edu.tbz.ch"|"7y#Lcd-h$plgp-Zlhu6c"
"maelann.wassung@edu.tbz.ch"|"pWAph4-pk0IoS-se1cS3"
"frederique.ackermann@edu.tbz.ch"|"fHkEwD-YsITam-2yZ3DN"
"audreanne.kahen@edu.tbz.ch"|"GSHQlR-6aQ&s%-@lqGCU"
"maiwenn.lasty@edu.tbz.ch"|"ml1FV2-&PU@#3-$Wf1pZ"
"yu.dictus@edu.tbz.ch"|"p#xglV-$kCAII-JMQ5Se"
"anae.dukes@edu.tbz.ch"|"mnwvFk-9yA1m%-AG$b7S"
"yenora.warr@edu.tbz.ch"|"#PhaTN-D42HCz-Kxw8iG"
"esbjoern.archibold@edu.tbz.ch"|"bxOmQy-#vp9hx-Tz0W9h"
"milena.pardal@edu.tbz.ch"|"WPpels-uYZI9i-6f&g3O"
"celestine.graveston@edu.tbz.ch"|"A&MPpR-KnCZIL-ltXT77"
"maena.dallas@edu.tbz.ch"|"PM8WEF-UP%BWl-ycB6n5"
"andree.tuke@edu.tbz.ch"|"YFYuhk-zK$Bgo-MdWAnW"
"methode.seldner@edu.tbz.ch"|"Qn7fVX-eAMJfK-DG7XvC"
"venus.bullas@edu.tbz.ch"|"#5SvPs-$R54Pw-6E2cQ4"
"mans.aguirrezabal@edu.tbz.ch"|"JhIefN-S366$L-4@qCEW"
"gaelle.eadington@edu.tbz.ch"|"gFsOBn-Biqd37-rNhr@1"
"anaelle.falkner@edu.tbz.ch"|"8mfiSl-jKGR4Z-8gnUSY"
"ophelie.height@edu.tbz.ch"|"jkCbwH-dKijuL-%11pUA"
"marten.bolding@edu.tbz.ch"|"icD98I-Ti1@#D-j64ndD"
"pelagie.guswell@edu.tbz.ch"|"4HQn#s-LIRSHW-OFSQeg"
"gwenaelle.lecount@edu.tbz.ch"|"SOdoXe-QNMtVR-0vOExg"
"hakan.laden@edu.tbz.ch"|"O4zgET-$CtYcC-vYnyju"
"marie-josee.hylands@edu.tbz.ch"|"l&MyhC-Iihir#-@GuDmA"
"zoe.kingshott@edu.tbz.ch"|"ql$yYt-5b&uqg-Z3op%D"
"josee.janous@edu.tbz.ch"|"el&ptZ-KL6nim-xPHOZ$"
"laurene.gallally@edu.tbz.ch"|"pt2CG#-mgZel6-YYT2cc"
"anael.bickle@edu.tbz.ch"|"ECL8EM-rvSq0q-vPfnvi"
"mediamass.lebbern@edu.tbz.ch"|"zRIkfB-7L6Zet-866Y7L"
"berengere.hovy@edu.tbz.ch"|"q7&oRS-9i&4O&-DOwrSb"
"oerjan.kilmurray@edu.tbz.ch"|"xWcJL0-hA$4&%-PtKUMa"
"asloeg.venny@edu.tbz.ch"|"O3qATM-Iq1#1K-1twLOV"
"marie-noel.stoad@edu.tbz.ch"|"NWkWq1-0A6Zj&-jj46fV"
"hakan.pettifor@edu.tbz.ch"|"LKww&5-FF4y65-A$Yxf#"
"maella.willgrass@edu.tbz.ch"|"EIsmnU-4@EVWM-9OW9A5"
"therese.ludovici@edu.tbz.ch"|"QaoC75-5E#U&Z-1vspPm"
"stephanie.trewhitt@edu.tbz.ch"|"JEyPqS-TFVrj@-hUYGor"
"maerta.bauduccio@edu.tbz.ch"|"@$C#5t-VOaQjP-DfNiOP"
"gaetane.glaisner@edu.tbz.ch"|"Yhuas6-UqDqAW-7O$g9J"
"naeva.pargeter@edu.tbz.ch"|"#rIL9M-efJi1y-mssMPc"
"salome.venable@edu.tbz.ch"|"$yPFIQ-2NWPq#-NjMKmW"
"boerje.thickett@edu.tbz.ch"|"vCNkAl-Q#7$Ri-AHQx4p"
"lucrece.prendergrass@edu.tbz.ch"|"kudp7s-Cwxcbd-#BJFO8"
"laurene.ockleshaw@edu.tbz.ch"|"XCommm-9Ia4l4-qN1#Pt"
"cecilia.pasticznyk@edu.tbz.ch"|"sBWrGI-3S0W%c-zRpI31"
"stevina.mackey@edu.tbz.ch"|"hMePEF-GvsWNt-t&aRMo"
"marie-noel.reven@edu.tbz.ch"|"TD08Ui-duq6bV-K3srbN"
"melina.quilkin@edu.tbz.ch"|"tyq66&-5A22T7-YFG@7R"
"marie-noel.ferrie@edu.tbz.ch"|"m&bI5j-CRL0Re-1Q9toe"
"leone.alphege@edu.tbz.ch"|"Z@BtiO-K4SR7p-K$bvJJ"
"zoe.leverson@edu.tbz.ch"|"IwVEBt-qjaGf7-4EO#eD"
"annotes.grayne@edu.tbz.ch"|"3J0tJi-h1sa#Z-JHrX8a"
"faites.lalley@edu.tbz.ch"|"M#rZ21-9GfLVu-9FZ&PK"
"adele.wallis@edu.tbz.ch"|"NVF74&-t2VJeO-9BKvg5"
"severine.madill@edu.tbz.ch"|"Q$B6Pa-#3EEfx-zYHk6X"
"valerie.tebb@edu.tbz.ch"|"taUAAa-7Qp5U$-Wa8N$0"
"kalliste.rasper@edu.tbz.ch"|"2ntjM&-QQgN0m-ZMo6cp"
"audreanne.palomba@edu.tbz.ch"|"au8Sy9-iY7dXM-Sz#Ymt"
"elea.adamik@edu.tbz.ch"|"UU&XNF-hcVi2n-E89jVC"
"reserves.jakuszewski@edu.tbz.ch"|"LqzrsF-AK$Nff-h7Wb&y"
"athena.belhomme@edu.tbz.ch"|"wlPTaP-ScGM44-2Xuod$"
"rebecca.crippin@edu.tbz.ch"|"tMEI6i-xglAaN-H5EJ@d"
"maiwenn.curman@edu.tbz.ch"|"ywRU41-BzFFHZ-&sgizn"
"andree.bunner@edu.tbz.ch"|"l%M5W#-NtZirq-XgMK2a"
"ruo.winckles@edu.tbz.ch"|"wUGUrl-HDKrUc-%3GFj5"
"naeva.buntine@edu.tbz.ch"|"5usuXD-Hr0nQt-MTsHIG"
"boerje.dollard@edu.tbz.ch"|"X6DPwc-ZIQ#Ug-sIqtKk"
"penelope.gorman@edu.tbz.ch"|"x1pAcr-#RKm$D-#QlXs&"
"alois.robelin@edu.tbz.ch"|"gMqzkg-uKc9P#-WxSqtC"
"anaelle.tindle@edu.tbz.ch"|"FBzKFH-09GJmo-iNTATS"
"ye.frears@edu.tbz.ch"|"FJNL$J-xLn3oZ-4ovj0&"
"andree.ovid@edu.tbz.ch"|"hzZZl$-o2tVs5-QSQRKD"
"hakan.peat@edu.tbz.ch"|"PJ7Hzd-4l6KqX-xkLqos"
"andre.januszewski@edu.tbz.ch"|"OpDAl6-m645ZW-B36T1b"
"annotes.clemmett@edu.tbz.ch"|"frJpnM-x$bcM8-HiMDcN"
"pal.lambswood@edu.tbz.ch"|"0pMwWf-4BqYH6-Vsn%w3"
"yao.lenton@edu.tbz.ch"|"RaqK24-5FfWC&-3UeMQP"
"hakan.boyton@edu.tbz.ch"|"w8xd6x-H$7ZRe-Azq98M"
"nelie.forsey@edu.tbz.ch"|"S1fjCx-mg2QUV-UKeN9U"
"hakan.horche@edu.tbz.ch"|"iXWLX#-BDW1Sp-B$MiTF"
"lorene.sinkings@edu.tbz.ch"|"i3%dzw-cr6qTy-gyuLxx"
"marie-therese.creddon@edu.tbz.ch"|"cQsLap-RaA2Ke-@WwZk%"
"berenice.tolworthy@edu.tbz.ch"|"ReWeVG-ksktim-HUOVqd"
"theresa.land@edu.tbz.ch"|"sDjHje-bww0fv-BtiT9J"
"marie-therese.gianilli@edu.tbz.ch"|"FjWJB$-$GIoLI-utUx@9"
"meryl.glew@edu.tbz.ch"|"Np4U@3-SGUL84-N6$NS4"
"adele.debling@edu.tbz.ch"|"OujmA3-KnI7DI-Ds#BZ%"
"anae.metzke@edu.tbz.ch"|"xTEFpn-LZeE@m-F1D6MP"
"gaetane.gooden@edu.tbz.ch"|"OV5aoq-s@7@74-GMJN5F"
"laila.bootland@edu.tbz.ch"|"dhFac9-0oqu0x-tOj5g3"
"maite.helsdon@edu.tbz.ch"|"49BWAB-mUp1I2-6$ffSO"
"andree.malley@edu.tbz.ch"|"KEs$B&-0@ZqQT-q0dO94"
"pal.simmens@edu.tbz.ch"|"QOuc1c-rxG5V9-3Na8yC"
"maelys.nuccitelli@edu.tbz.ch"|"H3fwlM-2yMaf4-l7IFBi"
"dafnee.sibary@edu.tbz.ch"|"yN%Xp#-wSe#Mb-a5Fubx"
"alois.harsnep@edu.tbz.ch"|"s6I&ud-GHUNzM-RWrGbv"
"marie-helene.lacky@edu.tbz.ch"|"mB@E$a-gTAKXa-%Rs8fS"
"mylene.youthed@edu.tbz.ch"|"azuwGo-0yxf3N-ub&Rnd"
"marie-helene.dehmel@edu.tbz.ch"|"fNazD1-TWNyUM-b@0HJE"
"angele.batman@edu.tbz.ch"|"XqVxQI-sicAlB-s07I7w"
"melia.younghusband@edu.tbz.ch"|"@phTvP-qAU6CT-q%32iM"
"eloise.baldi@edu.tbz.ch"|"wj573$-xQ&@v5-SZexTc"
"illustree.dun@edu.tbz.ch"|"2TyLSw-201h2@-6q9IUS"
"genevieve.late@edu.tbz.ch"|"A49bfk-@yIPLP-$E@riv"
"celestine.colville@edu.tbz.ch"|"3T9Gp0-NQcFl%-$tSWXO"
"gwenaelle.scarlon@edu.tbz.ch"|"Qqksty-6Vd@6A-rwKiFH"
"regine.boddie@edu.tbz.ch"|"8etwbI-rhn@vA-oqKHFS"
"creez.gaughan@edu.tbz.ch"|"yQYgnO-eOqJ9L-fr9@FY"
"gaia.longford@edu.tbz.ch"|"FEHI$Q-RoxX69-4Usz$x"
"mailis.buckby@edu.tbz.ch"|"nSuZHo-saNmpj-4oInof"
"song.parbrook@edu.tbz.ch"|"&3#UHT-UVM$He-nuYVRF"
"frederique.heddan@edu.tbz.ch"|"2SB0MU-Imz&s7-xYN2EW"
"ake.kirtlan@edu.tbz.ch"|"3WgXJ&-eSAvlB-nvSQDS"
"nelie.runciman@edu.tbz.ch"|"KT45jQ-aC4#d6-8lkyVr"
"mailis.cardnell@edu.tbz.ch"|"bMJV2&-OBzUi2-LRt&mv"
"irene.navarro@edu.tbz.ch"|"#9MeYH-paUa1L-QJ$$AH"
"maite.cough@edu.tbz.ch"|"UgRVtB-1OJtNy-FZYai@"
"anaelle.stocky@edu.tbz.ch"|"#zwG0j-F50GNn-aa%8oy"
"methode.moulder@edu.tbz.ch"|"KH5hae-bnzUm@-qbpe1x"
"po.stafford@edu.tbz.ch"|"nf5SSb-o&Nd&%-nsjKCm"
"faites.scraggs@edu.tbz.ch"|"hM6CL4-4sLOhL-J#zImN"
"adelaide.dullard@edu.tbz.ch"|"P2yHtO-P56H4H-Oj4IyT"
"desiree.leonard@edu.tbz.ch"|"S3Iicq-z%Eo9N-Q4m0&Q"
"geraldine.badgers@edu.tbz.ch"|"zvGG5R-UVGx#N-$Ww#cJ"
"ruo.masic@edu.tbz.ch"|"x9At0k-84FwEV-Ss7TAr"
"aurelie.lieber@edu.tbz.ch"|"8GSBx&-V7IB1z-@wR883"
"naelle.balcock@edu.tbz.ch"|"N8jiWd-FCaIpr-Umm3K0"
"camelia.elger@edu.tbz.ch"|"dzbjJT-mkoW34-3L&dyo"
"publicite.oakeshott@edu.tbz.ch"|"A@h7KU-BAu&I9-Z6KLhR"
"cleopatre.fawley@edu.tbz.ch"|"eptcri-5AX%qx-lKNctJ"
"laurene.bruckmann@edu.tbz.ch"|"$YptLo-$xqO4Q-jiy#bs"
"rui.haughton@edu.tbz.ch"|"eVl5vv-VVQ5Nf-2V3ImC"
"asa.ladewig@edu.tbz.ch"|"p370Sj-AQb#3T-Tk8%3X"
"gisele.janecek@edu.tbz.ch"|"m#t2&r-Dgn0&c-8BuytO"
"maily.loveridge@edu.tbz.ch"|"Lhf@N4-U4FWE8-%PNx7Q"
"marie-eve.yurkiewicz@edu.tbz.ch"|"mAJE0C-IKRhh7-nkT#Jh"
"fei.roder@edu.tbz.ch"|"0MDMcX-31vYWS-2TTAQG"
"edmee.chatburn@edu.tbz.ch"|"@C7DXu-N3MlFe-tIL6&l"
"geraldine.darke@edu.tbz.ch"|"9XIJlG-C%f3Ny-UDOpD5"
"ye.jira@edu.tbz.ch"|"ja453n-EblSfx-LdVZv7"
"publicite.persent@edu.tbz.ch"|"5gj@W9-6BPOHa-16Nzdl"
"severine.wilcox@edu.tbz.ch"|"YOb5I&-kF1SGT-gS#w#E"
"yao.mcclaren@edu.tbz.ch"|"nrfx3S-Cib4O4-fT9RKJ"
"theresa.foynes@edu.tbz.ch"|"G2M2#C-N4pfbO-vpHO%L"
"stephanie.isley@edu.tbz.ch"|"NANoRa-xY5v3h-i7PWwG"
"torbjoern.growy@edu.tbz.ch"|"FhbO9i-NebY9H-Fy4CPB"
"eloise.tunnadine@edu.tbz.ch"|"@Gg8NZ-Um7DyY-jhI@lp"
"maeline.cossentine@edu.tbz.ch"|"n&aAvY-L33U$o-RqwPIl"
"nelie.desantos@edu.tbz.ch"|"hTdnOw-b14SNc-4sP#MZ"
"gaetane.axston@edu.tbz.ch"|"pjZbup-DrsK8P-v2Bu#m"
"aimee.merman@edu.tbz.ch"|"D5aIuA-XJNAFV-gi$3Zh"
"oerjan.drivers@edu.tbz.ch"|"eQRQ3x-XYf0s7-cT@QPI"
"aimee.miroy@edu.tbz.ch"|"DIPnpF-OGW&Qr-NWfiPK"
"nelie.glyde@edu.tbz.ch"|"UM4l06-Yl17F2-eq&v3m"
"hakan.kapelhof@edu.tbz.ch"|"e4vyqF-MpqhqF-wAymy4"
"maelyss.cauley@edu.tbz.ch"|"o7J%8c-q0SP8D-Jd7B6l"
"elea.vaggs@edu.tbz.ch"|"$L3YSV-eT3KJL-uyeVko"
"maelys.but@edu.tbz.ch"|"6pIikA-9UJhu3-3%x#CM"
"maella.arthurs@edu.tbz.ch"|"s$6BY5-HvZIZ8-UWxMN8"
"adele.liebrecht@edu.tbz.ch"|"AtHQ8T-ACWT5y-Nbc%3b"
"meline.lomasny@edu.tbz.ch"|"XOcU1g-RXJFv6-LQBneb"
"mediamass.schwant@edu.tbz.ch"|"4xY350-uHiHiN-CR#bqm"
"leone.saunt@edu.tbz.ch"|"%qm%dS-e5vB&F-QUKYt7"
"annotes.gouch@edu.tbz.ch"|"qf$r6B-k2Y6bM-@DsKLL"
"gaetane.bowich@edu.tbz.ch"|"E7#9H7-$Rgns4-DQE0#m"
"alizee.strelitzki@edu.tbz.ch"|"25BBvo-aGgSw5-n97RL4"
"leone.poile@edu.tbz.ch"|"8XfGFI-7zI4iq-$gAUvo"
"amelie.saban@edu.tbz.ch"|"dZfBt3-Fleqe1-leJ6l#"
"marten.mcmenamin@edu.tbz.ch"|"PcDT7@-EUOFVf-WqWBHc"
"becassine.keets@edu.tbz.ch"|"a$6EkV-fwW2F3-YrzAtu"
"celine.million@edu.tbz.ch"|"ycs5hm-kDQA8j-XZ8O7K"
"geraldine.belitz@edu.tbz.ch"|"%4u3eP-4VALIK-tFF@OF"
"salome.mardling@edu.tbz.ch"|"kCVqrZ-pNYeI0-C$$P#u"
"melia.blakemore@edu.tbz.ch"|"jEPWQG-@X5H$v-O9fJ2F"
"dafnee.mcaulay@edu.tbz.ch"|"jVPsDZ-2vpJrT-hFkB2X"
"garcon.dennett@edu.tbz.ch"|"to9XTq-PU2a01-G7Q@&s"
"interessant.lesor@edu.tbz.ch"|"G7MP@&-N6PkxM-vhjd&O"
"annotee.wasbrough@edu.tbz.ch"|"ZiBaj%-5RJnJi-iOBxmh"
"asa.ibbeson@edu.tbz.ch"|"TiDGYm-5hb%68-vUk2SA"
"maily.kennealy@edu.tbz.ch"|"dT%nqY-Lzs&zR-rlP6p3"
"ye.seares@edu.tbz.ch"|"KHavVK-45Q#fG-$wswVM"
"athena.harbron@edu.tbz.ch"|"Hfr4Ih-ghLH1Z-CryyOt"
"andreanne.portail@edu.tbz.ch"|"Ig8gta-AnL3i4-To6Dyw"
"goeran.zannelli@edu.tbz.ch"|"ArIl7e-tnPxgX-MXNbUg"
"gerald.leathlay@edu.tbz.ch"|"6pGZUR-0K3&61-OUZKeQ"
"andreanne.chown@edu.tbz.ch"|"9%rd6S-Zl@rkq-OtBvh@"
"esteve.clementel@edu.tbz.ch"|"azm&U0-sLcciB-92aNMK"
"leone.legan@edu.tbz.ch"|"sYh4Kk-aVYYu9-OD&#gP"
"maena.pownall@edu.tbz.ch"|"snDWNM-FyM013-RYfoo0"
"andree.rettie@edu.tbz.ch"|"fblku9-tx4vtU-poSy0R"
"ines.kenwrick@edu.tbz.ch"|"$UmzRj-f5sG@6-MN81qM"
"marie-helene.yarnall@edu.tbz.ch"|"Wh5tw%-&lRUPE-$t8XIw"
"po.martin@edu.tbz.ch"|"G2EgC4-Yu4QO$-d8&jau"
"ruo.celiz@edu.tbz.ch"|"EZ$@Wn-fta%Mt-#LOTny"
"po.bissett@edu.tbz.ch"|"WeXczk-wKlqrY-ph1%Jr"
"du.swindon@edu.tbz.ch"|"AjxhHk-Ac5@Mf-sCHryv"
"interessant.gouldthorp@edu.tbz.ch"|"xyzHA%-%J5FNB-ZRnk0v"
"leandre.lilburn@edu.tbz.ch"|"9nLQU2-sPJp5%-$OsB5d"
"bjoern.whales@edu.tbz.ch"|"JFlliK-4WlDCI-ox%O1C"
"interessant.dieton@edu.tbz.ch"|"#ETPaX-5gos0H-L@IIjn"
"celestine.redhills@edu.tbz.ch"|"Y4E#hT-E0RKG4-hcc%6i"
"tan.yakovlev@edu.tbz.ch"|"9g%9Ga-@NFtvS-%Wha@o"
"regine.mcdowell@edu.tbz.ch"|"4&iODE-VNu0el-QpCePG"
"ju.coysh@edu.tbz.ch"|"itA9zX-v7Y&vz-@QTcSp"
"reserves.ofallon@edu.tbz.ch"|"HFYSnN-wBMNsv-uG#HLe"
"frederique.sobey@edu.tbz.ch"|"moGbiZ-&Ljdpf-jeSR2i"
"marie-eve.garstang@edu.tbz.ch"|"k0YNj&-tDYjPk-%rc2hj"
"andre.tapin@edu.tbz.ch"|"LuCrdX-BWM7aO-nHiLU8"
"esbjoern.eynon@edu.tbz.ch"|"qWPt1y-8AQ0r2-&AdvwR"
"maella.duffy@edu.tbz.ch"|"bKfX$O-Mq2FlR-5f1tHm"
"leandre.twinning@edu.tbz.ch"|"cEXqPH-mSstd4-kSW$mp"
"mai.whittingham@edu.tbz.ch"|"0BKPwB-$owh84-Z9Mx#5"
"rachele.shevelin@edu.tbz.ch"|"KbRGs@-duoL@0-Hn0jHV"
"cecile.mcure@edu.tbz.ch"|"6Jb1sJ-H9C6ns-Y%MFhI"
"marie-eve.yurkevich@edu.tbz.ch"|"VQYUHV-K71Y%D-$w9DaN"
"almerinda.paice@edu.tbz.ch"|"uggaKk-ypwPdt-1nFywJ"
"rao.howkins@edu.tbz.ch"|"JzM&SK-6dump0-@nwFgN"
"serena.pack@edu.tbz.ch"|"trt#0z-8FHFA4-qa7VPE"
"rebecca.mant@edu.tbz.ch"|"5ks$%u-t20Jgw-ac$2z7"
"reserves.spitell@edu.tbz.ch"|"48%fpW-Nb3ipD-L%2lry"
"garcon.hamfleet@edu.tbz.ch"|"5msz$N-97f#4d-#0ZQSM"
"methode.kerkham@edu.tbz.ch"|"mabp%g-#z71WN-rvCtk9"
"pelagie.camies@edu.tbz.ch"|"2%KOt2-cSCuTS-qp4ZW8"
"josephine.macpharlain@edu.tbz.ch"|"hVLQv2-Dg1ZI4-Yp5EEg"
"eugenie.mathet@edu.tbz.ch"|"kwwReG-cuB1un-B0dRYV"
"gaetane.brangan@edu.tbz.ch"|"$5kyOB-k&P7DU-lCU$y6"
"michele.dewbury@edu.tbz.ch"|"n@JW&7-rhR2C5-%MhApb"
"eugenie.elcott@edu.tbz.ch"|"M7rr@A-tL$iwq-Hiexzb"
"megane.harniman@edu.tbz.ch"|"RzI$RV-HITEYZ-0c6L5K"
"agnes.cluney@edu.tbz.ch"|"zk%iWQ-%lY@H4-OcadXc"
"marie-helene.angear@edu.tbz.ch"|"yuwAs3-MOJXO4-0LFDXJ"
"melia.dolphin@edu.tbz.ch"|"4h4Siy-Qh#MlC-$pZP#8"
"lois.ruseworth@edu.tbz.ch"|"F#BbhR-yHz@yw-2iVFwO"
"mailys.ryding@edu.tbz.ch"|"7FbsPI-eMdWM6-jQ$nvT"
"rachele.wulfinger@edu.tbz.ch"|"dT7N&S-UVvS2K-nd8yit"
"gwenaelle.talton@edu.tbz.ch"|"YQDGT1-oveJdE-vQY88q"
"long.ronchetti@edu.tbz.ch"|"bzqtzn-Xqnq3I-$ub#Gx"
"styrbjoern.kloska@edu.tbz.ch"|"xes84u-iGUDxE-I42pom"
"len.sudran@edu.tbz.ch"|"#wzEsN-u1G9dc-lu#rEk"
"maelle.andrysek@edu.tbz.ch"|"CvndDA-vQH7qW-n4L02M"
"selene.senior@edu.tbz.ch"|"oLgPgl-KF7m6j-9SjX7X"
"anais.joskovitch@edu.tbz.ch"|"1yYRhU-AMp4dg-cr2372"
"marie-noel.dally@edu.tbz.ch"|"f5IcMV-ALsab4-2#NnrP"
"marie-helene.laurence@edu.tbz.ch"|"Xx#M5T-66La34-pfNCQU"
"camelia.foxon@edu.tbz.ch"|"jnu$Cq-O7N&ZJ-&ro9LC"
"helene.cankett@edu.tbz.ch"|"h4M#L#-GoLh86-QvJ4iF"
"marten.mitchelson@edu.tbz.ch"|"4UWBZ@-O&aYug-LPUJii"
"helena.stirtle@edu.tbz.ch"|"7odSPH-eWi3X#-w$kMxa"
"leane.barmby@edu.tbz.ch"|"1Xtau8-48SZoE-x%oYnp"
"goeran.ofinan@edu.tbz.ch"|"aMFVn@-&WVlZM-2U6vIJ"
"styrbjoern.proby@edu.tbz.ch"|"EkB8IY-pezx5W-Ou4hlz"
"zoe.halse@edu.tbz.ch"|"0GPEO1-qPhfI1-ZpZJD6"
"kui.drable@edu.tbz.ch"|"oZComI-#u&B4u-Q%JAPJ"
"desiree.bamford@edu.tbz.ch"|"YxhMdr-cTHg8r-$ATQun"
"zoe.suller@edu.tbz.ch"|"FhmgoC-zd5Wp@-eOvWLF"
"marylene.audiss@edu.tbz.ch"|"CVtVJM-FeNj6W-g30wdA"
"adelaide.poznanski@edu.tbz.ch"|"@PC6Vd-%D#K8Q-tfOA&p"
"maella.coleyshaw@edu.tbz.ch"|"VeG@7R-RsIVQn-NwB9z7"
"marie-francoise.gelder@edu.tbz.ch"|"d4#9T4-Vo#Q0w-kv82rB"
"eleonore.chaffyn@edu.tbz.ch"|"NeXlji-GNa@4m-K4v5D2"
"celestine.sikorsky@edu.tbz.ch"|"qR$o1V-@cUXZq-2VRNuy"
"stevina.londsdale@edu.tbz.ch"|"#soMeA-8A15yQ-V8K5ir"
"maiwenn.nevitt@edu.tbz.ch"|"PDGP5@-iABY&h-nWGt$G"
"magdalene.gerrey@edu.tbz.ch"|"eG5Qja-&rjVM6-XAzYpo"
"becassine.latimer@edu.tbz.ch"|"RUwRNp-pkb#Hm-umKo98"
"da.lethibridge@edu.tbz.ch"|"Zt8dDX-OatuYT-ia$zO4"
"mailys.claige@edu.tbz.ch"|"qxPmc7-LZHQtT-5NO3A6"
"maena.torbard@edu.tbz.ch"|"Tir#rI-LkYe@u-Jp2%tS"
"solene.lyvon@edu.tbz.ch"|"LqrZNv-UkhrvR-dKT8pL"
"marie-therese.benbrick@edu.tbz.ch"|"T4zvMy-S#Isdz-SIiQDK"
"gerald.edmonson@edu.tbz.ch"|"U@tYCg-Tb%FnM-uY210%"
"ake.messruther@edu.tbz.ch"|"8njaa9-oUW%NB-bElS6K"
"men.gosneye@edu.tbz.ch"|"lJCKF8-Qol6jz-OG$tGM"
"anais.jefferys@edu.tbz.ch"|"TSBk3d-nbDyxZ-YgW&Ue"
"publicite.tregale@edu.tbz.ch"|"&HWOoV-LufuTs-YROnpI"
"maily.santorini@edu.tbz.ch"|"87wQVc-DZtzGZ-kHBfZI"
"ines.pioch@edu.tbz.ch"|"DN&Flp-1sev1K-J9Qbzf"
"noemie.marklew@edu.tbz.ch"|"tC2u8a-dHZvOc-yE%CTP"
"meghane.maccaffrey@edu.tbz.ch"|"38rsXS-2%cxb&-Zvf0c&"
"berangere.ambrogio@edu.tbz.ch"|"S7&3at-aivGtV-w$nJcu"
"mediamass.ryce@edu.tbz.ch"|"@l$4L@-8nC3Sk-5rixIn"
"oesten.ubank@edu.tbz.ch"|"hqYdNX-9IILBf-1QpRLf"
"melina.mackee@edu.tbz.ch"|"4Q7ol3-3pOB95-bT3Rzu"
"theresa.livezey@edu.tbz.ch"|"1zZBu$-uXGbGS-i&ogDq"
"clemence.weal@edu.tbz.ch"|"EsPck#-5b#DGR-5F%@ce"
"faites.overton@edu.tbz.ch"|"cbpaSC-cv3zMU-Djfvf0"
"clea.lindblad@edu.tbz.ch"|"l%oF#k-k#pwcs-nWrU4w"
"josephine.roseaman@edu.tbz.ch"|"lBse0z-t#bWG4-2wcWUK"
"oesten.lowbridge@edu.tbz.ch"|"3&ZbrY-CAvYbb-xDxbhH"
"marie-josee.brion@edu.tbz.ch"|"Ca2xJY-pYNhlr-Z9xIzz"
"therese.basili@edu.tbz.ch"|"6@w140-1fCX0G-HK55zb"
"melia.vertigan@edu.tbz.ch"|"$SX8@D-zf&Htz-Bn8QnX"
"judicael.saull@edu.tbz.ch"|"hhbfV@-&BW8BT-mK%YFb"
"selene.valentine@edu.tbz.ch"|"Wy8z6l-k0F4Ut-OeYI#u"
"verane.dunlap@edu.tbz.ch"|"eyfBNN-PHTdzS-i0V3Ox"
"meline.kinnear@edu.tbz.ch"|"j8#y$m-mm%zj9-DPIRfe"
"lei.luttgert@edu.tbz.ch"|"Cz2Rc3-Tr1nEj-8QWwiK"
"styrbjoern.lathleiffure@edu.tbz.ch"|"2PFDb0-b3WHQx-nz6o5#"
"marlene.blasi@edu.tbz.ch"|"chfmWp-%fhWkx-@HnFSY"
"mai.begwell@edu.tbz.ch"|"a3KdAC-jPFuHN-qFsxyb"
"gwenaelle.kaines@edu.tbz.ch"|"TqxofO-mtnAGO-eonAk$"
"gerald.adamthwaite@edu.tbz.ch"|"eeHDc0-4B2SKe-LzcFZr"
"kui.hartfield@edu.tbz.ch"|"rjEzHq-3pMArZ-9CTx0Q"
"salome.currao@edu.tbz.ch"|"02S@Ue-#&AbyQ-ISYpq#"
"angelique.tixier@edu.tbz.ch"|"GaumVJ-qxmL1I-%4Lf&b"
"ju.mcgragh@edu.tbz.ch"|"gQhH$E-orEm3@-WELvS4"
"dafnee.beachem@edu.tbz.ch"|"@kKXuJ-i8#vFU-BYKK8m"
"creez.terlinden@edu.tbz.ch"|"o36fsb-SDvQ8Z-H@8ZzM"
"uo.mcskeagan@edu.tbz.ch"|"yWVFMS-NUDw@V-Yh8p4@"
"edmee.mccaughren@edu.tbz.ch"|"K7W9l%-WPvB5d-FSL%S3"
"asloeg.cozby@edu.tbz.ch"|"BrjayZ-Uew7Su-clczSL"
"melodie.traite@edu.tbz.ch"|"AycSRx-Hml&D9-W9A76W"
"dorothee.aindriu@edu.tbz.ch"|"@XrcxI-mClDrE-TW2oHl"
"daniele.doley@edu.tbz.ch"|"2OKNOG-ivbX0W-FzKP0H"
"mediamass.fairclough@edu.tbz.ch"|"wQUXxJ-ED8rV0-#J1mfs"
"lorene.rainforth@edu.tbz.ch"|"5&eiO5-SdkrFi-Ve7rfl"
"leonore.eyer@edu.tbz.ch"|"mq4TG3-LuB$n$-KG5TlQ"
"po.spillman@edu.tbz.ch"|"Dh%HEE-x61YJ6-DL4N2M"
"cecilia.plitz@edu.tbz.ch"|"usOVc#-1t6WlS-IxY6K0"
"lorene.ludlow@edu.tbz.ch"|"aoTvd2-4hbc3@-t90kNK"
"berangere.neligan@edu.tbz.ch"|"XTbtdD-jX8xMP-P4fBz&"
"simplifies.huggan@edu.tbz.ch"|"XZJ1dW-i355XP-8YWWHf"
"clelia.prandy@edu.tbz.ch"|"kDP6Vv-r2YbiE-giopWa"
"ake.osban@edu.tbz.ch"|"aO$&5&-kzkEKi-2y4NmD"
"cunegonde.brunn@edu.tbz.ch"|"V1ggtl-Qb@HkP-jHvI%7"
"long.grizard@edu.tbz.ch"|"03nu2g-tJp&qP-ipul7C"
"meghane.diss@edu.tbz.ch"|"pNBNSm-kUtn42-oKwnuG"
"therese.oldman@edu.tbz.ch"|"luvjGk-@D@z0N-6V&9sV"
"boerje.scamerdine@edu.tbz.ch"|"aNIik#-iz6njA-M0BI4I"
"du.saban@edu.tbz.ch"|"D&NlJA-L8DInd-y&TLB4"
"hakan.clynmans@edu.tbz.ch"|"xLT6cU-%z1CvO-uBeEJG"
"wa.macdowal@edu.tbz.ch"|"BZ2EKM-UK@q6W-kNkvI%"
"venus.hatrey@edu.tbz.ch"|"VR2R8B-EXw9C8-YKqIQj"
"anaelle.vispo@edu.tbz.ch"|"cXWAfQ-Exq@$H-CBAEJi"
"mahelie.ollcott@edu.tbz.ch"|"ut#9Lm-#fVC6d-z9IO3t"
"mediamass.whyman@edu.tbz.ch"|"8blAvE-3mYzKb-&8n9i4"
"esbjoern.basson@edu.tbz.ch"|"4C3sCN-cay35%-AgEYEL"
"andrea.morrill@edu.tbz.ch"|"j8#di#-1nV3r7-rk8W2E"
"melys.grassi@edu.tbz.ch"|"sHfLFr-k4qQxd-8zvvrB"
"leone.poleye@edu.tbz.ch"|"Iuu08d-%WV#79-eKsBIJ"
"francoise.penny@edu.tbz.ch"|"cPCiUo-iCtFsL-wxxNv6"
"rebecca.edney@edu.tbz.ch"|"V$U#jt-ClJrqi-Fd9Eot"
"adelaide.murtagh@edu.tbz.ch"|"&oJkL#-AGT2ek-fTHuy3"
"stevina.winterbourne@edu.tbz.ch"|"fKKeUb-2W@$rX-nMysIe"
"ma.cottom@edu.tbz.ch"|"P5$QIT-qZ%oHx-qY%bWX"
"tan.harold@edu.tbz.ch"|"nYrU@e-FBB$cl-PsXF%5"
"venus.forte@edu.tbz.ch"|"LD3qA$-bfGWa4-aWsQAO"
"almerinda.oluney@edu.tbz.ch"|"Gm0go5-KW1upz-jMIjHT"
"cleopatre.brehault@edu.tbz.ch"|"bMjYTZ-AGqY1y-pNncG%"
"interessant.lapides@edu.tbz.ch"|"q7k6ra-WJ1kDY-OPVvAU"
"reserves.hallatt@edu.tbz.ch"|"3$TaXp-bsW#E&-y0A4f#"
"annotes.birdwhistle@edu.tbz.ch"|"VyVRHs-#0SG2O-x0Lcuh"
"ai.dredge@edu.tbz.ch"|"0vx8BZ-pDBr0n-25NWwT"
"megane.mussard@edu.tbz.ch"|"RtMp7Z-$ml9uo-6oFEfq"
"esbjoern.gowrich@edu.tbz.ch"|"Ecjm@P-nvzZtD-KMnytc"
"boerje.brislawn@edu.tbz.ch"|"Ogxer8-XO$Y1P-4bGYRc"
"becassine.wilce@edu.tbz.ch"|"1rJdz$-wyVv01-UYhlmz"
"personnalisee.oels@edu.tbz.ch"|"77d@kB-TrDpnO-Qel$X9"
"verane.pett@edu.tbz.ch"|"S9I0nu-AlZa4k-Ll@lSw"
"marylene.glewe@edu.tbz.ch"|"Ou1S@4-fDLCQz-P5AMPT"
"lai.elson@edu.tbz.ch"|"9So0Op-XatG@6-eNyWVN"
"serena.difranceschi@edu.tbz.ch"|"lJ#4TG-aGjxdE-ExPbfS"
"lie.espinel@edu.tbz.ch"|"55G$k#-CQ#@cN-nVn9pp"
"marylene.fantini@edu.tbz.ch"|"Scfwuo-aPZPr7-UX&Nnr"
"andre.archdeckne@edu.tbz.ch"|"taL2e9-CuGZDu-6D9dJN"
"goeran.bohlingolsen@edu.tbz.ch"|"KLVtHq-IK#rd1-L8vJJW"
"cunegonde.heffer@edu.tbz.ch"|"lGYT#Z-y6yors-5x1UFE"
"tan.fechnie@edu.tbz.ch"|"fN6qZB-Z%vJp8-D99&Wy"
"marie-noel.brammar@edu.tbz.ch"|"bLEEAT-r%VCif-vaLt42"
"simplifies.aven@edu.tbz.ch"|"393KMX-ZFTGnu-9rAxam"
"melys.pinchen@edu.tbz.ch"|"xa05WD-l$szu0-0ppGnG"
"edmee.joyner@edu.tbz.ch"|"PUbu06-ladnwK-qjgjO6"
"berengere.edess@edu.tbz.ch"|"1dxify-S&&GD#-Wp3v3z"
"marie-noel.goward@edu.tbz.ch"|"7ovM2f-FXqUO#-g$uKK2"
"ju.edmons@edu.tbz.ch"|"QuHvdJ-1Wv7Lk-Q6QQcp"
"frederique.airds@edu.tbz.ch"|"pcaCYN-Wii6va-yj3Ebi"
"reserves.dauby@edu.tbz.ch"|"IVYcl@-eF0Uy5-7oQri3"
"hakan.gynni@edu.tbz.ch"|"UwrDsN-znau%7-t6qigE"
"leonore.pinwill@edu.tbz.ch"|"VxEkVX-EepPEt-cLoAhA"
"marie-eve.mcallan@edu.tbz.ch"|"Dt$RWb-MY1D7h-h@G8C9"
"naelle.yeabsley@edu.tbz.ch"|"7J5j#L-g9GiAh-YE4AQi"
"nelie.jacobovitz@edu.tbz.ch"|"T0KLVC-DtSeeG-9XfHPf"
"adele.conelly@edu.tbz.ch"|"uBswaH-E#aAbN-2wp1qd"
"clementine.dondon@edu.tbz.ch"|"bkZdq9-HEuq2T-4W&oST"
"zhi.willcot@edu.tbz.ch"|"XYvJl1-8fiqmC-qHDOIV"
"chloe.janicki@edu.tbz.ch"|"n&Y4PI-hvXPUa-8tCdyD"
"meng.linde@edu.tbz.ch"|"AGciIQ-eBcU1R-k5s&4i"
"celine.janisson@edu.tbz.ch"|"&fXvQZ-gtOvOH-JBytFh"
"clelia.crow@edu.tbz.ch"|"GLx9J#-HvCWyt-DT3T34"
"cecile.pyott@edu.tbz.ch"|"&68aGj-vMCFuK-7usz%8"
"ma.fidelus@edu.tbz.ch"|"5a2tH0-KafpV2-@B0uoA"
"marie-helene.poore@edu.tbz.ch"|"AA630t-ncfqPx-gUpTj8"
"elies.blanket@edu.tbz.ch"|"N64b3#-Nbv4UR-xO$iJu"
"yu.boyer@edu.tbz.ch"|"8I4iGs-ByinPa-OQHjh1"
"celia.welds@edu.tbz.ch"|"NsTP$1-B0V$jO-P5QDtG"
"du.gunney@edu.tbz.ch"|"GF80N$-c@rhZ&-dq$4CA"
"goerel.crush@edu.tbz.ch"|"oNWoL0-oqTYdw-4tlSm%"
"marie-josee.brosius@edu.tbz.ch"|"MM@B9Z-TJ1a2D-Tbq0ss"
"camelia.adds@edu.tbz.ch"|"yJde2S-YWCR%o-N2429w"
"anae.irwin@edu.tbz.ch"|"9FEC&x-hSW$cy-tg2CIc"
"cleopatre.skeffington@edu.tbz.ch"|"uHm6Dt-5Anq4f-V5ybH9"
"gerald.suggate@edu.tbz.ch"|"8Lu1U9-62plga-7JCw6m"
"laurene.tailour@edu.tbz.ch"|"u2UQwQ-UYygBT-gBl@Oz"
"amelie.hoble@edu.tbz.ch"|"ov@K8E-p#dLRr-ArBEWj"
"venus.getch@edu.tbz.ch"|"LHJ2ic-RHO&7j-nSGiHo"
"renee.treby@edu.tbz.ch"|"s#hGm$-KP5YYO-y@vnU0"
"almerinda.stait@edu.tbz.ch"|"UR52SK-wNAleL-82UlrM"
"andree.reddecliffe@edu.tbz.ch"|"5FqlfH-kAyTJB-&q2$2o"
"leone.wintle@edu.tbz.ch"|"G6W2HK-oDXhoN-18OBCk"
"gerald.fellow@edu.tbz.ch"|"1aq8Rq-4oYNg0-BSLbT8"
"ju.gudger@edu.tbz.ch"|"lLAFDB-aboClx-1ad447"
"meng.ohaire@edu.tbz.ch"|"Zwr9KL-1qApQN-lk9Twx"
"cleopatre.missington@edu.tbz.ch"|"mC63xV-kOVmkJ-iK7vfP"
"annotes.debruyn@edu.tbz.ch"|"fZwb5f-MH#93D-P7E8pM"
"gerald.sinisbury@edu.tbz.ch"|"K527VP-CPyFaZ-mIMtcQ"
"creez.slora@edu.tbz.ch"|"LHfEbz-oa%WLO-DFRXK9"
"gisele.benbow@edu.tbz.ch"|"u1lizW-dhIfTX-6Hi@ER"
"pal.dossit@edu.tbz.ch"|"HX49G%-TZ4tCR-@H70O8"
"nelie.stirrip@edu.tbz.ch"|"a5xDlA-4JPyL5-5Ay7$R"
"alois.ocrigane@edu.tbz.ch"|"o0E9Wl-cGrqW4-$x@$EZ"
"kui.mcterry@edu.tbz.ch"|"SZui1C-nEXNAG-EQNR06"
"long.willgoss@edu.tbz.ch"|"1Tm2Jp-AXkI5c-SBxL#3"
"francoise.sumpner@edu.tbz.ch"|"LiToCG-90iPm@-OcLzR%"
"maely.grinstead@edu.tbz.ch"|"d8n&y8-9H5v#V-mJ&GPI"
"creez.langeren@edu.tbz.ch"|"fcvB2T-nLajeB-tiq2Ji"
"adele.dungate@edu.tbz.ch"|"EsdN1u-QCro2d-xqsp1L"
"cleopatre.noirel@edu.tbz.ch"|"vGM04o-liZt4r-KyAKqZ"
"interessant.daverin@edu.tbz.ch"|"PvhXum-9LCXvX-%23UbE"
"naeva.kalderon@edu.tbz.ch"|"5UI&or-XeHzSq-NbivIK"
"anais.oshesnan@edu.tbz.ch"|"EStS%7-#eGgOq-tGQWxH"
"judicael.anelay@edu.tbz.ch"|"7EvNUE-ho9o#c-DrsQ1C"
"eloise.braxton@edu.tbz.ch"|"NrZ1P7-QhFiEM-Jp3hUr"
"desiree.greguol@edu.tbz.ch"|"YZwu4Z-1GH5dZ-&Kr0DF"
"maite.mcclenaghan@edu.tbz.ch"|"JYoIRa-ECS87v-vJ5WDG"
"meng.doret@edu.tbz.ch"|"c%7K%z-wMHrTq-%7#%C$"
"frederique.chippendale@edu.tbz.ch"|"7o85mj-12Mp#v-G1s%QI"
"andreanne.lanney@edu.tbz.ch"|"KHm$Cm-f$@m8@-Qwv58$"
"aurelie.claus@edu.tbz.ch"|"aI$Of1-zyLam@-CasAZu"
"renee.pabel@edu.tbz.ch"|"g&ARZN-9j$ezb-gfNKqc"
"maena.roust@edu.tbz.ch"|"j0AM@j-ulYdbq-XEUa5c"
"nadege.carwithim@edu.tbz.ch"|"6lkaQf-cuLcgv-5wUgVc"
"solene.geyton@edu.tbz.ch"|"N@teTN-RfhKH3-vy9UYK"
"dafnee.avraham@edu.tbz.ch"|"XTSVGH-JsXDzR-Mwz&YO"
"leane.woolvin@edu.tbz.ch"|"nXkKEd-eXTjzI-InfZee"
"adele.macadie@edu.tbz.ch"|"UdiaMD-BJpdT2-Ltg6c7"
"meline.rubica@edu.tbz.ch"|"&Pa2oC-iDFS7i-uVV6R0"
"marie-noel.speeding@edu.tbz.ch"|"9yIJwV-kmlfjd-bTNrLi"
"nelie.mix@edu.tbz.ch"|"R@mhgB-DYGg$K-b0TX0$"
"clea.ollett@edu.tbz.ch"|"V25Bf%-BOi@XW-QO1OEF"
"leandre.mcgavin@edu.tbz.ch"|"3vu@KG-@GJAI%-bCG$wQ"
"cecile.behne@edu.tbz.ch"|"S46@G0-$NuD0@-lMymAN"
"melanie.polle@edu.tbz.ch"|"YTnpNy-KYN7Ut-Gwv9yf"
"marie-josee.titmuss@edu.tbz.ch"|"&ulKtB-rOyNQy-4K2CLi"
"helena.guest@edu.tbz.ch"|"wq32LK-TTGl45-TfeQCu"
"annotes.chicchetto@edu.tbz.ch"|"SC9zOI-hqCBrP-Vm$Pqx"
"melia.tubb@edu.tbz.ch"|"@$GCVg-Jd1C1U-c#suhp"
"angelique.casetti@edu.tbz.ch"|"AhQrJu-seGE1Y-E&A1Uo"
"cunegonde.cleall@edu.tbz.ch"|"npbLa@-XLAvC#-Dg&k%i"
"camelia.oaker@edu.tbz.ch"|"autKk2-%cvUrr-e3pCBS"
"you.searight@edu.tbz.ch"|"KqZ9M7-JvoXuJ-@A%TcZ"
"kevina.dederick@edu.tbz.ch"|"ZZ7BFM-slKOIv-L%Ss2j"
"milena.jeffrey@edu.tbz.ch"|"RIACCq-ePKU$f-BGLn5A"
"melodie.barkshire@edu.tbz.ch"|"uK7ncS-w#CYUQ-lFB$6Y"
"gaelle.kreutzer@edu.tbz.ch"|"SDlygX-PGlf40-cXaaZz"
"kalliste.kleinpeltz@edu.tbz.ch"|"TLD0Wu-%sY%0n-%2zqW$"
"clementine.danat@edu.tbz.ch"|"TeERW@-i2V&fi-rOLubQ"
"andrea.wabb@edu.tbz.ch"|"8h$q&u-K#Zg&&-aEva&O"
"geraldine.piesold@edu.tbz.ch"|"&RTHi0-78Zhxx-CcOaqM"
"tan.fiveash@edu.tbz.ch"|"823Cmy-YztOgt-reIDwD"
"meline.yuranovev@edu.tbz.ch"|"b4lC7Z-%5uZPF-8X7E6b"
"therese.holme@edu.tbz.ch"|"zaKgw0-ofaeko-RlUjwV"
"salome.vaney@edu.tbz.ch"|"87wYd5-CMf%Uv-9hKrrQ"
"anae.abramson@edu.tbz.ch"|"1G$Oad-4orxYv-C8#gzY"
"kalliste.jimson@edu.tbz.ch"|"nOGSqV-5FmsO1-lO5ny5"
"selene.yole@edu.tbz.ch"|"WWQXLG-ur5T5f-Hkoic7"
"agnes.defraine@edu.tbz.ch"|"K7Xge$-mI5nVq-H@DoFp"
"faites.mccluin@edu.tbz.ch"|"s0T5y1-bImEyH-kg671P"
"athena.deme@edu.tbz.ch"|"ZaHGws-nSComg-023fJJ"
"daphnee.brigstock@edu.tbz.ch"|"FsyftE-yCusS2-33zNs0"
"goesta.skaif@edu.tbz.ch"|"4LbrBf-%d0LZA-h&RHv%"
"oceane.jagoe@edu.tbz.ch"|"0j74IN-ZuyM59-LYv7CG"
"annotes.broomhall@edu.tbz.ch"|"SAEM&p-ERP8&q-jC#PD%"
"marie-eve.ballendine@edu.tbz.ch"|"XoMzsf-$Anhvq-O7estX"
"melina.spykings@edu.tbz.ch"|"Z$K1Cq-e7qPBW-wODH9x"
"laurene.ticehurst@edu.tbz.ch"|"0F@jRe-xkz@0u-VEaDLS"
"fei.avramovic@edu.tbz.ch"|"b@Yzmy-imedZw-GW6hg7"
"publicite.strathearn@edu.tbz.ch"|"9J8gD&-IJzoXu-21v8xx"
"torbjoern.garrow@edu.tbz.ch"|"#NpYNX-G3Vi3#-&wV8Ii"
"chloe.rubinsztein@edu.tbz.ch"|"ueHdtA-Ef4LG$-u0QwNP"
"mylene.demanche@edu.tbz.ch"|"0CpIIU-ibz10Q-D$#n1I"
"mediamass.godlonton@edu.tbz.ch"|"Qmdhr#-ZaFNL6-xEsDZQ"
"renee.shurrocks@edu.tbz.ch"|"FmVYAz-NhEE@y-@1hHgn"
"maiwenn.jedras@edu.tbz.ch"|"C%Rhpn-FLqf8L-s4#%wQ"
"genevieve.castells@edu.tbz.ch"|"HA5tl@-Ya9N4$-mtFzw#"
"renee.sneden@edu.tbz.ch"|"g0Dxz2-nbZI$R-pyb5B6"
"lai.mccallion@edu.tbz.ch"|"23mg%k-#lEck2-ML4Lp0"
"kevina.impleton@edu.tbz.ch"|"smCT%O-MH51A#-oiiye9"
"oesten.fresson@edu.tbz.ch"|"LVgr9S-$quz$R-b2R8A2"
"verane.shawley@edu.tbz.ch"|"C6oL6b-QjftK8-CZu16s"
"uo.sjostrom@edu.tbz.ch"|"HhK7K3-J@cGST-Y9yPsv"
"gisele.gothup@edu.tbz.ch"|"CN7zte-#6ZP%j-z8F7lS"
"renee.beauman@edu.tbz.ch"|"KaMeFY-Z4COHB-FA%&Lt"
"elies.loton@edu.tbz.ch"|"Aq8OOM-cpd$dV-wu5VCH"
"valerie.elsmore@edu.tbz.ch"|"Bf0@5c-rh2NZO-PAD3TI"
"berangere.delafeld@edu.tbz.ch"|"ZlUM5D-FU9MA6-Jk62OP"
"bjoern.schimke@edu.tbz.ch"|"9pQwpH-bbIay4-7nIAHE"
"loic.ericssen@edu.tbz.ch"|"6avVzQ-B7hiDM-njZqmL"
"creez.richarz@edu.tbz.ch"|"sIQuBa-5T%GP&-H63Zjg"
"athena.grocott@edu.tbz.ch"|"bMPkZM-gLXzpT-LtI#b&"
"naelle.piotr@edu.tbz.ch"|"q2$nO#-MLewxj-6KtJFK"
"maella.paulson@edu.tbz.ch"|"W5zHIa-g537%2-ExcKLA"
"song.perot@edu.tbz.ch"|"JLIQLN-E#Jlsr-aZo21a"
"kalliste.heckney@edu.tbz.ch"|"hebL%r-OniZg2-0uRfiC"
"ake.vasyutkin@edu.tbz.ch"|"jmJzNj-LYkEf#-@nZpSZ"
"ma.castles@edu.tbz.ch"|"h&Dr##-szLDyl-iJnOzl"
"maely.monget@edu.tbz.ch"|"U4Nr8c-1l##h&-QZgOhE"
"tang.durbridge@edu.tbz.ch"|"cXPH#9-$X7EHQ-n1uvCj"
"laurene.andrew@edu.tbz.ch"|"o2GbND-YP6l%B-4wyiQ@"
"lysea.beacon@edu.tbz.ch"|"eyWOqO-7a6pgn-E2NrH9"
"leandre.peyntue@edu.tbz.ch"|"oMY&$3-G3Ryuo-r2ye0Z"
"rao.trever@edu.tbz.ch"|"yw4uXH-#$@34A-tYFklR"
"mahelie.streader@edu.tbz.ch"|"95OI99-uGAlrL-%a0SqE"
"maerta.andrejevic@edu.tbz.ch"|"KEpGI@-1fX9Yg-lRFHUb"
"goesta.tompkins@edu.tbz.ch"|"egvhE4-hu2i5y-WUpx%T"
"helena.agates@edu.tbz.ch"|"z8wBr2-nL2yts-rr#b6T"
"therese.glass@edu.tbz.ch"|"jcXX6y-px#lJa-GAtz#W"
"alois.foan@edu.tbz.ch"|"c4ij0m-&KEkTN-IB4f@9"
"becassine.melchior@edu.tbz.ch"|"oBypk1-VB5gxO-WJmUqp"
"cloe.robart@edu.tbz.ch"|"2FGsPg-&clmL$-E0&w6@"
"daniele.puckinghorne@edu.tbz.ch"|"y7MP68-D8Z8FP-n3cVkT"
"selene.cammidge@edu.tbz.ch"|"#TEi&y-0&SpYW-9JsbZw"
"regine.conochie@edu.tbz.ch"|"6Hydz6-3bOAFi-cdXEvy"
"interessant.tuiller@edu.tbz.ch"|"vQ3Tei-zfIQ7D-BaaX3l"
"long.tiebe@edu.tbz.ch"|"1SBPG2-YAOZAQ-$fPdNV"
"mans.yele@edu.tbz.ch"|"wImJRN-yWT17x-EV2K$8"
"ai.giles@edu.tbz.ch"|"DrJJW$-AML$AD-m@I34p"
"gaetane.hamberston@edu.tbz.ch"|"Z3NaVa-OhrATS-ERDbwk"
"marylene.fenix@edu.tbz.ch"|"Mi6UvZ-#TQpof-6#w#gq"
"geraldine.graeme@edu.tbz.ch"|"C4L9XC-xMf7Vw-RH7cZT"
"tang.kinglake@edu.tbz.ch"|"gTJVOX-@nluOc-EMhkMM"
"lai.challoner@edu.tbz.ch"|"VTo1Xs-anSkED-&ITNF8"
"desiree.mattei@edu.tbz.ch"|"QrXnLf-Yhflfj-%UQVSE"
"ake.erley@edu.tbz.ch"|"HN4Oli-#kO9NS-j$nl9@"
"edmee.cavil@edu.tbz.ch"|"pstDTY-zo9DE7-zxLq0U"
"alois.moyes@edu.tbz.ch"|"H41NN2-q3gPvC-X@RTbD"
"becassine.pitman@edu.tbz.ch"|"c4IYZi-pDPK22-4MSUNA"
"ai.giacovelli@edu.tbz.ch"|"4uXzGm-snPvYT-3ywArl"
"judicael.fruchter@edu.tbz.ch"|"pvaUi7-wgZq%X-SUJQmH"
"mans.mogg@edu.tbz.ch"|"EZdS1@-&ykJxa-mmV@rF"
"gerald.foyle@edu.tbz.ch"|"0QZa67-1dKQmn-RjOK7r"
"wa.androletti@edu.tbz.ch"|"19C9Qu-t99%@a-C939XS"
"meng.ollett@edu.tbz.ch"|"nZJt$Y-W7gzjT-W5$ULE"
"naelle.macmenamy@edu.tbz.ch"|"JWewTu-28y1T9-4oJ#IL"
"gisele.mcramsey@edu.tbz.ch"|"jntALp-gRExgu-Rn0FYq"
"meryl.scolts@edu.tbz.ch"|"zWsKIC-ZHcSzW-x&T2qI"
"celia.bloxsome@edu.tbz.ch"|"oRbgLu-aLW$&5-8IkS2s"
"styrbjoern.stuke@edu.tbz.ch"|"S2aFQG-gsd&W0-bZYB7@"
"felicie.gwilliam@edu.tbz.ch"|"E#sUUp-VScG$e-raLBPH"
"da.harms@edu.tbz.ch"|"W6U10e-J17Avz-di0OMT"
"celestine.baulk@edu.tbz.ch"|"rHP&lo-nVT%UJ-YICCIE"
"mahelie.blackledge@edu.tbz.ch"|"K6bWpH-UI5lWg-MkLuVQ"
"meghane.salt@edu.tbz.ch"|"8%PuzW-8yveae-5mHAdQ"
"methode.paxeford@edu.tbz.ch"|"PoJaiQ-1FJrZ&-tao%S0"
"asloeg.milligan@edu.tbz.ch"|"yMWXSp-XWpZKw-2Kd%Q@"
"you.pellman@edu.tbz.ch"|"gLseMu-jh3@5z-4CFNM$"
"loic.regenhardt@edu.tbz.ch"|"Yy4ayg-FpR&4b-FKqOGW"
"daniele.savill@edu.tbz.ch"|"Fx9WTQ-4gg@S3-0Y4VCP"
"alois.cornu@edu.tbz.ch"|"t7BINl-XezhRR-3DIa6N"
"oesten.govey@edu.tbz.ch"|"Cm9LmI-ZBC$Bs-C4nFbM"
"marie-eve.louch@edu.tbz.ch"|"2U3Ou7-VkyQh6-vU1jJy"
"theresa.wenn@edu.tbz.ch"|"QM4o0$-wV3Bdp-dkkHNv"
"andree.eul@edu.tbz.ch"|"YieUzy-myFzCV-6aF70G"
"lie.paynton@edu.tbz.ch"|"axaugg-5INvhX-81aMox"
"marie-eve.girodier@edu.tbz.ch"|"@0IwNc-cAw&ro-CvvBiy"
"marie-noel.smithe@edu.tbz.ch"|"hzs@KP-26ajDi-EJKEPM"
"men.bootyman@edu.tbz.ch"|"HrL%rg-xEGj8p-cJvt@x"
"ku.sugg@edu.tbz.ch"|"FTFZBu-oXsNx7-XVtzXY"
"lucrece.roseman@edu.tbz.ch"|"U0jvCS-g4IoXR-cncY3P"
"zoe.annear@edu.tbz.ch"|"nBw4MY-utlGhH-OSN3DO"
"marie-helene.rennebach@edu.tbz.ch"|"9GFDRl-c8Tx6s-9dOfi#"
"lea.djurdjevic@edu.tbz.ch"|"5@um#a-fejffM-UOTJ81"
"goerel.robert@edu.tbz.ch"|"U$GFjg-8uliz&-hrU7hw"
"mylene.foldes@edu.tbz.ch"|"Bk66Py-Lv0@8s-QkeJ3q"
"faites.clegg@edu.tbz.ch"|"MHsNio-ffSCx@-WWHVZ6"
"marylene.crowcher@edu.tbz.ch"|"Z%dMXr-tD92j&-$vs7KY"
"aimee.wimpeney@edu.tbz.ch"|"rBc951-VWe7nx-d#TL2T"
"renee.atkins@edu.tbz.ch"|"$$tB@J-&LLI#n-NyLaOl"
"rejane.cainey@edu.tbz.ch"|"A%iEI%-e4qqtM-m0$vm4"
"solene.britney@edu.tbz.ch"|"5QLjxb-6jzVyn-C7U#ut"
"marten.shatliffe@edu.tbz.ch"|"pr%LVh-TQdvIE-&gmFWG"
"maite.issatt@edu.tbz.ch"|"hfZo0h-ECQXk%-RZpNPv"
"maelyss.edon@edu.tbz.ch"|"tD#KtI-RuebWo-Rwz0fM"
"nuo.bamling@edu.tbz.ch"|"DEHX8A-CnL4W8-BH3CLI"
"anais.edards@edu.tbz.ch"|"JAJ%Ww-Dwpjeb-0VnuNg"
"mediamass.bromet@edu.tbz.ch"|"jR3dhG-KAB2O&-%$lFE&"
"beatrice.kimbrey@edu.tbz.ch"|"LntIrr-2L#HSW-bF55Nc"
"ines.lawranson@edu.tbz.ch"|"93YA@c-K$x6x%-8uzodA"
"kalliste.scandroot@edu.tbz.ch"|"gnlmLb-ZLE9Ra-ObZii#"
"mans.barrowcliffe@edu.tbz.ch"|"p8qQLr-2hVZ1r-cqMWau"
"irene.couves@edu.tbz.ch"|"4jTrje-R&s3oc-wTbEUZ"
"milena.mucci@edu.tbz.ch"|"EbSIvL-r8InuC-CZlrKP"
"naeva.cow@edu.tbz.ch"|"lcHjIv-BOoMYk-lC2oKI"
"audreanne.mournian@edu.tbz.ch"|"7UtqFe-G1a4aE-36b$zJ"
"melia.sinnatt@edu.tbz.ch"|"4wS#$T-skP7CQ-%Z7TcD"
"nelie.burnard@edu.tbz.ch"|"NGIIIh-eBz4xW-@oq0Kq"
"clelia.ashfull@edu.tbz.ch"|"t4yO%X-adJFdz-rPwb#1"
"lie.macard@edu.tbz.ch"|"%g#55r-kIAbG1-Xw@S0E"
"valerie.matoshin@edu.tbz.ch"|"%IcU5j-qHi0$0-EtWcZ7"
"anael.hatherleigh@edu.tbz.ch"|"%sX7MV-pcF@6l-RReIS%"
"interessant.warratt@edu.tbz.ch"|"6YOb#Q-4PjxPq-3pHq&I"
"eleonore.volage@edu.tbz.ch"|"05PNaR-Cjb1g7-iSTcmm"
"zoe.stebbing@edu.tbz.ch"|"MAADvo-%n5fx5-eC6qfC"
"alizee.nye@edu.tbz.ch"|"AvAjEu-vnVGl7-oT1iZi"
"celestine.bramley@edu.tbz.ch"|"Sd7IxG-VNjn8G-5@C7m$"
"selene.philcott@edu.tbz.ch"|"c1Q4ID-1TYDUk-8NUo4R"
"tang.newens@edu.tbz.ch"|"vH$CAX-t8r23v-C4vWn5"
"annotes.powys@edu.tbz.ch"|"VjjIX1-OniE7k-hafiZa"
"lea.matthesius@edu.tbz.ch"|"cO3dvv-$S0N$9-tskyDo"
"illustree.garlett@edu.tbz.ch"|"vn4d56-8vM2uc-jPa1pK"
"maiwenn.meachem@edu.tbz.ch"|"QHpuWu-Qv3g1g-4FHxpT"
"marie-francoise.mcbrady@edu.tbz.ch"|"505qnc-X4$KvO-%GrLe1"
"illustree.gimbart@edu.tbz.ch"|"gYfpRp-%tBxoS-q2pLso"
"melys.lyosik@edu.tbz.ch"|"Q@t5sg-QpxzZh-jOWN@#"
"marylene.mcnab@edu.tbz.ch"|"%E%oDB-$mt0TC-70PKu$"
"gerald.blount@edu.tbz.ch"|"D%Sx$n-vtF#rg-hL2@@e"
"clelia.shakelade@edu.tbz.ch"|"6cNv%i-Xq3lhm-Emkb&h"
"penelope.cridlin@edu.tbz.ch"|"&MnDHU-V1Rliz-XN@Y41"
"maena.okuddyhy@edu.tbz.ch"|"b0KC9m-vv&c2R-oeK&7B"
"athena.keynd@edu.tbz.ch"|"RZ#5#c-94UH0M-sZNnTI"
"cloe.dwine@edu.tbz.ch"|"xo%Y05-t8G$GZ-6hPfyx"
"josephine.browett@edu.tbz.ch"|"jZ7Lr5-mGZ$Nf-r1bH3u"
"audreanne.oscanlon@edu.tbz.ch"|"G&5oTb-Yb%tAH-37vHi2"
"fei.jeanequin@edu.tbz.ch"|"NsowqR-fmHzi9-6HnJeG"
"lois.gormally@edu.tbz.ch"|"3ubW3P-wXVlLd-iX4Y4t"
"marie-francoise.finnigan@edu.tbz.ch"|"vdJOdX-Fs5W6O-8Nikct"
"leonore.trussman@edu.tbz.ch"|"OO&aZF-&ghFPr-oKcXeu"
"anaelle.trumper@edu.tbz.ch"|"SutUzs-jr#PBo-ld$P46"
"clemence.dionis@edu.tbz.ch"|"9#wpPB-uFC12Y-j03qT6"
"lois.tranmer@edu.tbz.ch"|"1EISya-h3#X4v-pPxXJd"
"interessant.volett@edu.tbz.ch"|"4rommo-dPJswU-5Jv%bA"
"personnalisee.deackes@edu.tbz.ch"|"Tx$rz0-nvu5E0-jguwl4"
"lie.vasiliu@edu.tbz.ch"|"UM2gGt-&9gXL4-bycii4"
"dafnee.lamputt@edu.tbz.ch"|"C9EqXs-WnTXHF-CS$1ZV"
"elies.bromige@edu.tbz.ch"|"fm7mV#-MFUCqK-GmfIgC"
"helena.klosser@edu.tbz.ch"|"eoFUMl-ibw9#r-wd#KBN"
"andree.grim@edu.tbz.ch"|"aEo1Y#-hMz&ZC-p$FGI6"
"verane.coldbath@edu.tbz.ch"|"viD#Zj-NkQKEE-wwsunr"
"helena.bethell@edu.tbz.ch"|"hDe3P3-pkssjD-lLsZyg"
"kalliste.carefull@edu.tbz.ch"|"mzl@hl-x%9sUi-HiPBCb"
"regine.odams@edu.tbz.ch"|"0K%uEk-QQAKq@-Dxjm4U"
"len.stannus@edu.tbz.ch"|"8N7vmq-KfDZm9-jasa$N"
"angelique.works@edu.tbz.ch"|"b2iQ8w-DFww3i-6FlV8F"
"goesta.rheaume@edu.tbz.ch"|"XMtKAl-rGEm2s-VeZABx"
"maelys.tynnan@edu.tbz.ch"|"rTpHMp-fQEwCi-vvs2Rv"
"maelle.carlesi@edu.tbz.ch"|"XDhi&v-9&1b6j-3m6A%c"
"anael.spurden@edu.tbz.ch"|"XwGjLB-OKYWFY-hlgUZy"
"helene.pumfrett@edu.tbz.ch"|"zQBOyM-ZEdO5K-MeOkpf"
"goerel.pearn@edu.tbz.ch"|"WjW93X-2mjSnp-oDMav4"
"laurelie.dezamora@edu.tbz.ch"|"5v#ejr-YEn40A-8VFKb%"
"yao.twidale@edu.tbz.ch"|"L6pGOP-9w06Ae-DxJu3c"
"berengere.sola@edu.tbz.ch"|"mYlB2m-KnZalD-HxwBPA"
"maelann.hardistry@edu.tbz.ch"|"hvD7Ul-UglJl6-CpoRH8"
"severine.littlefield@edu.tbz.ch"|"cZgRUa-XsXKjh-Bdu2eA"
"salome.heinl@edu.tbz.ch"|"@M0c0&-Y964Br-4XXp4W"
"meryl.warbey@edu.tbz.ch"|"JOQBCN-1LtR7O-2GNu#u"
"da.hunstone@edu.tbz.ch"|"IWG6#b-0CtrJh-mxKnkA"
"venus.broadbury@edu.tbz.ch"|"e&17W@-U1zyKp-r6KP1u"
"meghane.rentelll@edu.tbz.ch"|"ipbO&8-CvpG8n-uzhahW"
"marylene.drewitt@edu.tbz.ch"|"ijr#6K-FA5cUv-mKuqDf"
"melinda.jacquemet@edu.tbz.ch"|"#QTQra-uGjwE1-43j3Hk"
"marie-josee.keyden@edu.tbz.ch"|"kmfwhU-pAb&vf-$TMgWy"
"asloeg.montacute@edu.tbz.ch"|"QUC3zO-@ZxJWy-Z7d5GQ"
"ku.andreou@edu.tbz.ch"|"Ogm4cq-apeqcw-ehtDOl"
"personnalisee.feaveer@edu.tbz.ch"|"xE2@&p-h8ev3Z-%6QOV6"
"laila.emptage@edu.tbz.ch"|"$IQyPd-#3KEdS-32nvYZ"
"bjoern.dawdry@edu.tbz.ch"|"kga$Ta-v@n@0V-Jc2YGs"
"marie-eve.dinsell@edu.tbz.ch"|"ZdRZI9-fsP2We-OQK29z"
"helene.follett@edu.tbz.ch"|"YDlN@%-PITUPr-25Nv&O"
"penelope.cordero@edu.tbz.ch"|"qvRorB-eKG$pL-5UENRo"
"boerje.beedell@edu.tbz.ch"|"D3Ts9R-3ILw$9-Csbp7j"
"nelie.ferne@edu.tbz.ch"|"2QjE&I-Sx$mIZ-x@Ky4@"
"celine.ahmed@edu.tbz.ch"|"YFOry6-N3rWh8-dUPMY#"
"stevina.pimblett@edu.tbz.ch"|"RFuj7B-#zlsGW-yFIU1r"
"chloe.langlands@edu.tbz.ch"|"ovpjKz-EZfVgW-41tJ4U"
"simplifies.maude@edu.tbz.ch"|"9Y5c0l-7TIZs7-r7AR4o"
"genevieve.decarteret@edu.tbz.ch"|"ykqWRT-fBsRMM-bae#57"
"marylene.mughal@edu.tbz.ch"|"J27TFa-qgiGry-rw$cg%"
"goeran.guttridge@edu.tbz.ch"|"xRQ0EG-k2H6Z4-x$Xv7H"
"michele.smurfitt@edu.tbz.ch"|"GX&6$w-&EPe%H-657zWg"
"methode.hadeke@edu.tbz.ch"|"azbSdg-FcY%3#-%6JKzM"
"therese.rispine@edu.tbz.ch"|"%WLEv6-NMPkOr-hYgtNp"
"goerel.plumley@edu.tbz.ch"|"peDaWs-LnFM0m-qfinKk"
"oceane.friett@edu.tbz.ch"|"VfD&4t-13v5ln-aRmE9J"
"marie-noel.achromov@edu.tbz.ch"|"66lpkW-8Z%B2h-HsMd9Q"
"dorothee.storek@edu.tbz.ch"|"6YyuBM-WLNPtj-FrEnjp"
"goesta.whittle@edu.tbz.ch"|"fvjzWM-JdX2#q-unwaFX"
"desiree.casely@edu.tbz.ch"|"5OL$&g-d6ayZz-G4DTP5"
"felicie.condon@edu.tbz.ch"|"fzpmes-dOeOnu-Yi%gYt"
"maelyss.frisdick@edu.tbz.ch"|"I@rFQO-2uvC&8-Ak&hXg"
"aimee.banke@edu.tbz.ch"|"4ozJdf-brs@Sy-CqDHiD"
"naeva.hodcroft@edu.tbz.ch"|"1URj@&-k$$AkO-UYOb0R"
"laila.gerrans@edu.tbz.ch"|"%l2Onb-#nFBC7-7tedPf"
"daniele.scrimshire@edu.tbz.ch"|"E5C5WK-yO&FsX-sWchyG"
"daphnee.sheerin@edu.tbz.ch"|"tEFft#-f&B#@A-7n2zsK"
"pal.vanyukov@edu.tbz.ch"|"IkcedL-iPyzEA-wM5tzr"
"zoe.childs@edu.tbz.ch"|"VypH&X-MXKPIi-QGzO7$"
"ai.corde@edu.tbz.ch"|"qlgVtS-mtYQ2I-6UubNw"
"maelys.berryann@edu.tbz.ch"|"zIrP8r-BnqOLQ-cOrJ@y"
"cloe.gladding@edu.tbz.ch"|"EE5qxM-M#msuO-z%ZOtO"
"wa.kinnaird@edu.tbz.ch"|"q1oAgW-bZB7$u-BCQr0p"
"publicite.brittoner@edu.tbz.ch"|"ot6xN7-rpZv#Q-IPFHez"
"rao.windress@edu.tbz.ch"|"&CeQ76-qqN&VW-6dEKPt"
"uo.kollach@edu.tbz.ch"|"9dxR1&-MX0clA-5ZHBfh"
"josee.peskett@edu.tbz.ch"|"mEJ4RB-5NhiDZ-9vxQuL"
"annotee.hasel@edu.tbz.ch"|"PFQ3EZ-o@VEVB-bNIA$f"
"cinema.lee@edu.tbz.ch"|"y%Xqca-SLe3Sl-7up5Iw"
"lai.vedeshkin@edu.tbz.ch"|"deTGm$-UGdeyh-@ceM%$"
"renee.brisbane@edu.tbz.ch"|"%aY0AS-ZrJPOn-qim14k"
"ophelie.blincoe@edu.tbz.ch"|"Nv6you-T5%P%@-nAMdHG"
"zhi.prazor@edu.tbz.ch"|"LHgKGY-fTOmYl-V9OdwY"
"annotee.maddicks@edu.tbz.ch"|"ODkZC@-DW4hj1-9v8V@2"
"maelyss.codd@edu.tbz.ch"|"oFuR6K-y3FgIH-7KMfaZ"
"celia.peplay@edu.tbz.ch"|"bZrCbR-fM&jUB-uyO&DG"
"interessant.skone@edu.tbz.ch"|"IN#wG%-Cp&3sl-z0det#"
"audreanne.hebdon@edu.tbz.ch"|"IIwb%h-uDjXWr-pr%ki&"
"oceane.glen@edu.tbz.ch"|"UuDBwH-W%6mj3-PgiVyj"
"daniele.vanyushkin@edu.tbz.ch"|"PDypS@-6GH5QS-bPV0TS"
"daphnee.ayce@edu.tbz.ch"|"Brpdjn-V24zfz-vxYzZW"
"andrea.attride@edu.tbz.ch"|"Rfq&bt-&i1Nr$-XTrLyT"
"penelope.bridgwood@edu.tbz.ch"|"30E5Ao-NNmsQy-9p2vlr"
"mailis.drewitt@edu.tbz.ch"|"vCdoXU-%aSW$g-Rh9SK@"
"penelope.mollene@edu.tbz.ch"|"2QBpYV-wrcX9S-a&XIWe"
"illustree.keely@edu.tbz.ch"|"kAI1V5-b4MsTP-dws6gg"
"meng.brisseau@edu.tbz.ch"|"TEo6b&-t7$cHe-&X3RlL"
"ruo.cleiment@edu.tbz.ch"|"MFNZwl-L7v2VV-t1&nu7"
"maite.krammer@edu.tbz.ch"|"rJfqgh-pftmCH-qKwfG&"
"genevieve.verry@edu.tbz.ch"|"NQb5$0-tk#cz8-QbqQ2A"
"lea.olochan@edu.tbz.ch"|"bSEvvq-q08#3N-xXDvXX"
"naelle.brunnen@edu.tbz.ch"|"h0n6Hs-ThWzzD-@MR9Eq"
"goesta.bragginton@edu.tbz.ch"|"GOoCU7-f2IyIY-gBKjEE"
"fei.danilyuk@edu.tbz.ch"|"YQiHNt-VhiAIx-KwSd3s"
"adelie.turbitt@edu.tbz.ch"|"wdgX@o-$MEWEF-%gHPEq"
"marylene.nutman@edu.tbz.ch"|"EaE0Ui-7kXxjw-7Gai$I"
"therese.barbrick@edu.tbz.ch"|"R&9tz4-bAv0tK-urUXmX"
"melys.kolodziej@edu.tbz.ch"|"U$KSfa-fJGEiv-WnWH2L"
"melanie.runchman@edu.tbz.ch"|"HsrreM-gYotN3-JyvevR"
"serena.lafond@edu.tbz.ch"|"ee3Q&w-wVP#nH-RSPA#M"
"pelagie.desmond@edu.tbz.ch"|"Ony0X8-fhEQDe-Nexf4M"
"wa.spickett@edu.tbz.ch"|"ljoQ%&-acVl%H-K0wqLm"
"po.shave@edu.tbz.ch"|"iLuDc6-IlNPbA-HYk0OH"
"song.huikerby@edu.tbz.ch"|"mnRLPw-uSvGRd-LqPtZa"
"melinda.bimson@edu.tbz.ch"|"VnOuPS-SgqYvJ-e&RNS3"
"personnalisee.toffanelli@edu.tbz.ch"|"xvK1dD-XeNfHV-rpZsQM"
"leandre.hurn@edu.tbz.ch"|"srih0L-PP9v2p-1mQvax"
"oesten.standell@edu.tbz.ch"|"mY6MRT-6bSR7s-EzA3EF"
"naelle.smaleman@edu.tbz.ch"|"W$JxK%-CErqgP-KcByUK"
"berenice.tayt@edu.tbz.ch"|"bwbieq-3X399X-AJdfm1"
"kui.popplewell@edu.tbz.ch"|"#CL&gs-713Ivb-ip4Nam"
"melodie.ferandez@edu.tbz.ch"|"8oyauu-jkWorO-TOb#@p"
"josee.negal@edu.tbz.ch"|"hznby1-WPRB03-fzl8AJ"
"melissandre.ferrelli@edu.tbz.ch"|"dR75Gz-x736&h-mLEcn8"
"josephine.kemmer@edu.tbz.ch"|"j$ldkW-&vaJ@z-q$&Urv"
"maely.cayette@edu.tbz.ch"|"ENPcTV-E%@854-s4z@gC"
"nelie.vela@edu.tbz.ch"|"40%ujA-0RFEcT-u3hfys"
"melina.cortes@edu.tbz.ch"|"ZC05zQ-vYfy#U-AnAXCx"
"megane.leyshon@edu.tbz.ch"|"GQB@mu-ZThhsU-mLygs0"
"regine.harrie@edu.tbz.ch"|"tTa%3r-nd8N7Q-UV7wdP"
"mylene.widdison@edu.tbz.ch"|"I5GhD9-YHaK6d-lJKNVV"
"pelagie.vivash@edu.tbz.ch"|"aO#T#4-&bmOqF-T0qEtE"
"styrbjoern.vicarey@edu.tbz.ch"|"PCxJQb-73DTz4-QYwhj$"
"long.kyles@edu.tbz.ch"|"Q@9Vh9-KGMRTO-5i0w$a"
"stephanie.gipps@edu.tbz.ch"|"vvgCH9-bY1TUm-Rlk67a"
"clea.constantine@edu.tbz.ch"|"nFMAMa-qEJTwL-KzO%OG"
"maella.cometto@edu.tbz.ch"|"%7PB@4-G@XP2G-ZR$$D3"
"laila.aubrun@edu.tbz.ch"|"u&mvz&-fh1F9U-EnZ&xh"
"yao.austins@edu.tbz.ch"|"3W1N1R-9yUvn4-dgkKNv"
"mailys.rylstone@edu.tbz.ch"|"VhRIMo-mBp7g2-LPyGBf"
"adelie.curuclis@edu.tbz.ch"|"JxV$Qs-8AA6SH-x$&L9j"
"celine.longhurst@edu.tbz.ch"|"#nLlTG-O1jVUw-7eE8uC"
"gisele.hazell@edu.tbz.ch"|"7oCAw7-akNF7e-48OB45"
"celestine.ciccone@edu.tbz.ch"|"DR3iqS-5PftRT-rK59W$"
"maelyss.doole@edu.tbz.ch"|"SlpvcN-xJfhf@-MU6RJ8"
"helene.grimsdike@edu.tbz.ch"|"bJW7TZ-OwjUwb-xhu#mE"
"lie.macer@edu.tbz.ch"|"shlQgZ-CGj4fi-$ocev%"
"maely.izard@edu.tbz.ch"|"WII1aT-xC6Dse-WL#PTf"
"erwei.breewood@edu.tbz.ch"|"h%Kr3s-uzZIhk-a1ivY6"
"chloe.woolford@edu.tbz.ch"|"502Any-gRgOyx-khtx3t"
"cleopatre.turpin@edu.tbz.ch"|"zeTMqk-ry0aZ6-8todrj"
"melodie.surgison@edu.tbz.ch"|"iGS5AR-H&gx$j-BwvYay"
"elies.leander@edu.tbz.ch"|"ZTz1U@-l0EnlS-HqM4u9"
"mediamass.reignould@edu.tbz.ch"|"tI%j&E-nlJ@GP-WYD$5U"
"celestine.wasmuth@edu.tbz.ch"|"X3Sc@c-fbB8N&-FterRe"
"marten.jervis@edu.tbz.ch"|"Q$HFvC-ZSyewr-Jp2Lc&"
"daphnee.bour@edu.tbz.ch"|"dcq5Oz-nmXaYk-JrOo$e"
"regine.harlett@edu.tbz.ch"|"yIHCJZ-MANlB7-Lp@$ig"
"noemie.macaskie@edu.tbz.ch"|"nbVAu3-JYD@hG-xmtYw6"
"loic.renfield@edu.tbz.ch"|"uzv6ay-TAAnCn-E3pfcR"
"venus.kleinert@edu.tbz.ch"|"3HI%zu-AlSika-gXpug9"
"marten.burlay@edu.tbz.ch"|"CGuj4U-2&mGqd-a5sn$M"
"berengere.radsdale@edu.tbz.ch"|"wn8c$b-NpQG#a-CV9Ehp"
"genevieve.duckit@edu.tbz.ch"|"EYKlve-OUyPpV-cjEi&#"
"maely.ligerton@edu.tbz.ch"|"i%aJs0-Hw@Jwu-L3cqTK"
"maeline.ricciardelli@edu.tbz.ch"|"@1YAhx-RIksgv-aN5LfV"
"personnalisee.yggo@edu.tbz.ch"|"rwOPIr-E@uRam-csc27l"
"alizee.pettinger@edu.tbz.ch"|"gJZMu#-@s6hM7-Stcc9Z"
"desiree.curnnokk@edu.tbz.ch"|"JSqpBV-eqIazC-0vt&G6"
"dorothee.minors@edu.tbz.ch"|"o&Ipvi-rBj1jJ-TiT1VJ"
"oceanne.kopmann@edu.tbz.ch"|"tI3PU9-R46TvU-IVAlCT"
"almerinda.brodbin@edu.tbz.ch"|"MDk4PT-vrmy4u-wHHL4f"
"yenora.carsberg@edu.tbz.ch"|"aQE1xw-zFSWti-8uVafF"
"wa.beetles@edu.tbz.ch"|"4hhlA#-kCOQCi-#V0pK2"
"audreanne.abbot@edu.tbz.ch"|"US1gc7-K8mZPK-Mu@bFK"
"noemie.capper@edu.tbz.ch"|"pyZ6CG-g@q7o8-5gQAza"
"mans.abramamov@edu.tbz.ch"|"yu4vRg-yLw&YM-W01mI3"
"audreanne.blakey@edu.tbz.ch"|"f1z@s@-YLJbG@-r42w7J"
"leone.klimpke@edu.tbz.ch"|"dtHjFc-8dxsvM-Id@7VS"
"lie.croston@edu.tbz.ch"|"s&nQlG-BQXbEa-JPMJLB"
"anaelle.baistow@edu.tbz.ch"|"LBkYe8-7c5yPU-sZeCDA"
"michele.garwood@edu.tbz.ch"|"YCuvO$-qqzbz$-PxSxeR"
"interessant.albion@edu.tbz.ch"|"FuTDJw-Uw1TIi-ZewMIj"
"andre.brisco@edu.tbz.ch"|"%wbzzR-hN8NLR-jHq4kV"
"tang.totterdill@edu.tbz.ch"|"WzMCft-GI2LNA-Mm&M1L"
"marie-josee.braundt@edu.tbz.ch"|"ZLdOGQ-N1$$x3-BAAPC%"
"lois.galer@edu.tbz.ch"|"Rnmvnl-WCRaRu-hfkvr3"
"faites.pellamonuten@edu.tbz.ch"|"&11hQ6-viv4h3-YDKCAn"
"mai.barfford@edu.tbz.ch"|"b3hSPV-X75FLr-7ZYliV"
"laurene.macilory@edu.tbz.ch"|"jz2YBF-X%DnbB-3ye&Bp"
"elea.peak@edu.tbz.ch"|"L#P7V6-ebnB6I-ilMyMl"
"rejane.doni@edu.tbz.ch"|"PDgUjH-c80W3h-uZd4mT"
"mahelie.ector@edu.tbz.ch"|"Z5novx-XjpJOM-8ZK1s0"
"rachele.allum@edu.tbz.ch"|"L1KvwP-rypbZc-NHLigz"
"laila.gerretsen@edu.tbz.ch"|"%$AjLP-1v&kAD-oQ1%KY"
"ines.bowman@edu.tbz.ch"|"vS@PXB-GIYV5A-kZKMfa"
"publicite.barbary@edu.tbz.ch"|"&z%W0r-lOfbKZ-haJI3&"
"mailys.smooth@edu.tbz.ch"|"UnVpjK-9W6sgM-J5G4%G"
"mailis.huguenet@edu.tbz.ch"|"z1KdRP-ti5WrX-8tYYqU"
"lea.ewer@edu.tbz.ch"|"B2kt7s-60yNyd-IvMPLA"
