"email"|"password"
"melodie.vandervlies@edu.tbz.ch"|"V5h&I2-0Wl2PY-N7T2Rn"
"angele.edgecumbe@edu.tbz.ch"|"28sSep-4M4m@f-#UixL$"
"zhi.andreasson@edu.tbz.ch"|"yWK%Oj-tXb%lM-Z@Snic"
"judicael.koppeck@edu.tbz.ch"|"0pdHvJ-gANW7z-vi27Gw"
"berengere.capron@edu.tbz.ch"|"UQt%p9-nPnKgu-aT9LoE"
"leonie.brosini@edu.tbz.ch"|"X&UsyL-x%UTI%-xMt@qk"
"venus.garfit@edu.tbz.ch"|"R6akWx-OfK&Dv-KFnIhX"
"melina.janota@edu.tbz.ch"|"yuTDqi-#mdZN2-l1EKjV"
"laurene.bake@edu.tbz.ch"|"qXM366-s9NBZB-m41J%e"
"regine.dorkins@edu.tbz.ch"|"3n5dXd-2XM6AT-OtR9Or"
"cecile.moffet@edu.tbz.ch"|"uSsbf@-PA3hVD-lih&Z2"
"maelann.labrone@edu.tbz.ch"|"lXaFV@-E226kZ-zE9DBf"
"melinda.newbold@edu.tbz.ch"|"@bVAJV-0axeKH-onXU#c"
"mans.itzhak@edu.tbz.ch"|"o$xAVx-7KHUFH-AZlsx1"
"melodie.pattlel@edu.tbz.ch"|"J#@B4I-4x@9yb-ng7xW#"
"celine.bonett@edu.tbz.ch"|"Q1UnRX-xP1$3U-Y3gRH6"
"adelie.mcgreal@edu.tbz.ch"|"jcXU7h-T#%30P-5yK5%L"
"helene.soldan@edu.tbz.ch"|"eXkmi7-GAwLxj-PuLjhS"
"michele.cluer@edu.tbz.ch"|"@WXotr-ml2K&9-kyYVcd"
"maeline.mueller@edu.tbz.ch"|"UOIUPt-mxDlc$-kPRB7C"
"maelann.benedito@edu.tbz.ch"|"X1Fp#Q-Ulk1$W-KtBZa8"
"nuo.gransden@edu.tbz.ch"|"%6LwWH-7csfrI-lw8laR"
"berengere.stainton@edu.tbz.ch"|"%UV3%H-wUsij@-EvmHN8"
"wa.sabater@edu.tbz.ch"|"Kbe@if-hSG0xh-O&XLHm"
"anais.cochran@edu.tbz.ch"|"Ie@9AF-49b5fa-04nT#j"
"gerald.bessant@edu.tbz.ch"|"8kgpe1-mZSbwi-wEiJiV"
"ruo.coffin@edu.tbz.ch"|"ZlwNVF-LYAFO0-S8WSfu"
"melodie.mustill@edu.tbz.ch"|"1zsjUA-4n521e-XqHnWT"
"ruo.stanesby@edu.tbz.ch"|"ocJp46-u03Ri2-UbL41W"
"noemie.antognelli@edu.tbz.ch"|"hRsotH-fBX@U7-3GO$8W"
"maelann.hughson@edu.tbz.ch"|"&Y4g#b-t0AUkA-Fmwmw6"
"milena.mieville@edu.tbz.ch"|"apN5lK-RErkuG-GShqp2"
"mailys.chamberlin@edu.tbz.ch"|"L10FXt-jdKSam-ojITkv"
"nadege.tomalin@edu.tbz.ch"|"Fgs@id-TRkWW8-exIBIr"
"oceane.omara@edu.tbz.ch"|"azO3YC-yyhqFJ-zqAls7"
"cecile.aguirrezabala@edu.tbz.ch"|"n8aQpT-sI$sE1-ji5&7V"
"maella.gwillim@edu.tbz.ch"|"ujMsG3-&oM@JS-c6aW2U"
"lea.mcgahey@edu.tbz.ch"|"OR0rxa-7S9xQj-DPyG&@"
"laurene.hagerty@edu.tbz.ch"|"0HFI&B-3OReg$-Ausrt5"
"dorothee.link@edu.tbz.ch"|"1WuEu6-5g@708-ZkvrQG"
"clementine.kynsey@edu.tbz.ch"|"Kyy&z7-Uay8Ot-Swuh1G"
"lorene.smitherman@edu.tbz.ch"|"i0uaG6-hNwVtY-ZG45TV"
"cleopatre.klulicek@edu.tbz.ch"|"Ljxp8h-96y5M4-1afdko"
"laurene.castaneda@edu.tbz.ch"|"A4zN%Z-fYe8kM-3O5rVw"
"melia.constant@edu.tbz.ch"|"4015cM-efoYVY-2g3ydo"
"lucrece.clunie@edu.tbz.ch"|"EEiBRN-WKKkmf-hI%v0H"
"eleonore.mcmurthy@edu.tbz.ch"|"Q2cQA1-WWcDHc-C0SYty"
"melia.bevar@edu.tbz.ch"|"co47&z-dwD#1J-QguTeD"
"camelia.bontine@edu.tbz.ch"|"sGVGtF-jJL@dU-bhTS4#"
"methode.jozefczak@edu.tbz.ch"|"bR$li#-y8YoO@-IgPQTu"
"audreanne.hinsche@edu.tbz.ch"|"7&pIC3-OxHyP#-auGso#"
"andree.varne@edu.tbz.ch"|"Dt1xPE-E02Qxx-6LIbBQ"
"marten.kinleyside@edu.tbz.ch"|"Ha$kk$-#97PmI-FhG$3f"
"esteve.mcewan@edu.tbz.ch"|"zQ&ao3-xED@o4-OIodRJ"
"leane.dibbert@edu.tbz.ch"|"GGozlC-kKjH7o-ow$7#X"
"ma.thewlis@edu.tbz.ch"|"E8zFnk-Isl3mI-pUXUre"
"clea.djurkovic@edu.tbz.ch"|"2JdiRm-iHFRCD-modpgX"
"rachele.reburn@edu.tbz.ch"|"#pnmi%-#Bt9b1-WfAWRn"
"gerald.gowling@edu.tbz.ch"|"g85UCM-8FumWG-Ocdx&$"
"cleopatre.jackson@edu.tbz.ch"|"76PsuL-H$iHZ%-m1kRrG"
"desiree.haskins@edu.tbz.ch"|"n5@kpx-sjEErI-9iySr6"
"eleonore.longson@edu.tbz.ch"|"1Qrnoy-SxZaC@-uhMvpn"
"leane.dybell@edu.tbz.ch"|"f81xyM-pkKCY2-GLN3WB"
"becassine.grzesiak@edu.tbz.ch"|"QUTgiP-n2y9cr-oq@TMf"
"marie-josee.pickin@edu.tbz.ch"|"iF#dOQ-q4lhh0-0tdkrA"
"marie-josee.roxby@edu.tbz.ch"|"gs5ZPe-R9JrX7-65BGWY"
"leonie.feenan@edu.tbz.ch"|"X$mPxZ-6%5vY6-pgQPNs"
"valerie.ellum@edu.tbz.ch"|"##OVDp-hZFX9v-6a548B"
"ju.caseri@edu.tbz.ch"|"Fj@eno-Ty6ZOB-vbVA&O"
"boerje.strangman@edu.tbz.ch"|"PITvcf-qCenyA-$QLi#1"
"beatrice.ghidelli@edu.tbz.ch"|"1ycyfs-qdHfw5-gqZdAw"
"da.jablonski@edu.tbz.ch"|"QteFXn-G7g2ia-CcW2#6"
"uo.beveridge@edu.tbz.ch"|"4sJBA0-oMrZ%K-TzEE6o"
"valerie.bestman@edu.tbz.ch"|"jlPV$k-g%lPwX-vfzvtC"
"marlene.pohls@edu.tbz.ch"|"ll3bVW-gH6O4I-V06YpX"
"ma.nolda@edu.tbz.ch"|"663q5F-R1AI3l-DVhofl"
"marlene.bisiker@edu.tbz.ch"|"HM#He8-1We%9O-NKWg2G"
"estee.babon@edu.tbz.ch"|"%PPj7G-jNb#DY-Oy%Dqe"
"simplifies.dmisek@edu.tbz.ch"|"r4nHIL-gbFc2X-Cg4yo2"
"selene.ganing@edu.tbz.ch"|"RscgJK-0l9LD5-SY@QoL"
"meryl.penke@edu.tbz.ch"|"IEM05L-CIxl4@-aMFIc@"
"anais.rawcliff@edu.tbz.ch"|"Sty26k-teitk#-5q7c7m"
"melina.andri@edu.tbz.ch"|"8j8KTr-E%PvBu-h&n6c4"
"audreanne.fodden@edu.tbz.ch"|"xk$7fc-jZAJDb-Ms$nhu"
"bjoern.spellesy@edu.tbz.ch"|"$qaLv5-WBhsuy-7KPPsu"
"francoise.summerscales@edu.tbz.ch"|"BoA$ge-N4MFQ9-8Y7m&T"
"laurene.ashtonhurst@edu.tbz.ch"|"1UR$kC-&nnMMP-g3&NQ1"
"valerie.petters@edu.tbz.ch"|"$HUmC4-6&60s&-TLSnk@"
"anael.spenclay@edu.tbz.ch"|"TpEk6a-pjbcCS-QbeG$3"
"stephanie.keech@edu.tbz.ch"|"XMRoch-9Ec4bM-up2@e1"
"ines.deveril@edu.tbz.ch"|"%r9##o-xZrEyc-8sjKMI"
"berenice.gelder@edu.tbz.ch"|"gpB2gx-MohgIg-p0nh5v"
"melanie.ofogerty@edu.tbz.ch"|"XAU5De-XVXr7Y-%giHhM"
"frederique.canepe@edu.tbz.ch"|"EivP&x-wZUo&E-bJCO8T"
"nuo.otton@edu.tbz.ch"|"jwPtc9-NkTxo6-Us0Mgo"
"genevieve.trusler@edu.tbz.ch"|"u&w1%4-6gt0qh-#oJ&MJ"
"ju.boag@edu.tbz.ch"|"@O#dZH-mCfbBe-JMFvj4"
"josephine.dilucia@edu.tbz.ch"|"Rx0bQB-WaO$gX-tr%Kbo"
"laurene.armsden@edu.tbz.ch"|"bQtaUI-zS92oy-tlN7z9"
"becassine.griffe@edu.tbz.ch"|"nXZ8Az-lPTPyf-PvdonA"
"alois.parres@edu.tbz.ch"|"CEI$i6-Wf37Mh-@ZQ9N4"
"cleopatre.gaffey@edu.tbz.ch"|"vDRwal-3CGLq1-x1hTTc"
"andre.stiger@edu.tbz.ch"|"V6WzPR-e%adcI-fcne%F"
"beatrice.godleman@edu.tbz.ch"|"DnGEfH-thBTCK-Cko74w"
"hakan.harrhy@edu.tbz.ch"|"%bMSI#-29AOgV-JcHf&w"
"celestine.dagnan@edu.tbz.ch"|"mLOYO3-6QkUIL-#1P71g"
"clemence.haggart@edu.tbz.ch"|"MfB1Jq-9ApLvJ-Civa#$"
"long.caban@edu.tbz.ch"|"fhy6yc-EJRrrB-Qt2ytB"
"gaetane.grimble@edu.tbz.ch"|"duR7D5-VyYqNR-M&ymyW"
"maelann.piwall@edu.tbz.ch"|"Dfav5h-ITLp%t-gvNz%F"
"magdalene.loble@edu.tbz.ch"|"QXdcdD-It7EMf-LCuIJ3"
"veronique.domaschke@edu.tbz.ch"|"GlVy4v-PlPDvF-cFAVvO"
"clea.herity@edu.tbz.ch"|"637b7o-Qx4sbF-c$RYMV"
"maelann.bambrough@edu.tbz.ch"|"&nOrL2-wWp&hv-QZY7Fa"
"clea.goulstone@edu.tbz.ch"|"Sj0XW8-@#OU3Z-fcU4@a"
"renee.deleek@edu.tbz.ch"|"Z0ymki-l77HvG-JUpHdM"
"boerje.rudderham@edu.tbz.ch"|"oA%Ry5-6Lpn#g-M&GJZ%"
"marylene.broune@edu.tbz.ch"|"43ZlC2-l3$AU3-hC0KpT"
"nadege.mccuish@edu.tbz.ch"|"mXUWoE-KDDqIU-RfXdmg"
"anael.littleover@edu.tbz.ch"|"PU&qgX-yzPgW4-EeRADH"
"lie.baume@edu.tbz.ch"|"C$nlW#-T39K1%-9z6Iyz"
"maella.murrow@edu.tbz.ch"|"SRdL$Z-VGOt83-39@mzp"
"cleopatre.pettifor@edu.tbz.ch"|"ENLTyS-ryVbi4-6JJ%Zx"
"geraldine.asker@edu.tbz.ch"|"YMHR2L-IPUF@R-8@Nke7"
"gaetane.smedmore@edu.tbz.ch"|"KEwwzX-M6R11O-b8GGP7"
"meryl.blencoe@edu.tbz.ch"|"%8PBD%-BmbDuq-&RpAE3"
"aurelie.chastaing@edu.tbz.ch"|"wo#9K7-n0oatL-%MO0&#"
"oceanne.marthen@edu.tbz.ch"|"h2NPvE-@e9LPx-0bVXFG"
"dorothee.burrill@edu.tbz.ch"|"b5%sfJ-F6dp0N-SXrACL"
"hakan.belden@edu.tbz.ch"|"NvAWo5-1wEl%D-7PiGc#"
"celine.brunning@edu.tbz.ch"|"gqRs1L-cw02m4-Fi5$%E"
"anael.lapides@edu.tbz.ch"|"LS1xHl-1OHIwt-0AQrYV"
"ruo.saffran@edu.tbz.ch"|"pGyG2O-81Cyl#-26#MoY"
"loic.gerretsen@edu.tbz.ch"|"0O@Ir#-ECEBmA-PLkawD"
"rui.fitzer@edu.tbz.ch"|"azpJn3-0@R%y7-fDOJWK"
"annotee.ogers@edu.tbz.ch"|"5iiU81-h@0tQw-U3$7BC"
"boerje.bindin@edu.tbz.ch"|"ut7ZCd-boX4LS-NDP63K"
"ma.cronchey@edu.tbz.ch"|"C#EcTP-hJWOCG-jKWSkv"
"laurelie.baiyle@edu.tbz.ch"|"wh0os0-jWPo%r-GdD0Gu"
"dorothee.older@edu.tbz.ch"|"tUdCb1-&nwQzR-PQyyiS"
"laurena.wile@edu.tbz.ch"|"OWPDF1-5gC7RJ-2z3o#x"
"clemence.brito@edu.tbz.ch"|"fXn9I$-XgbrFR-XOI4wJ"
"nadege.dallin@edu.tbz.ch"|"@rUYPB-5BY5Ex-JUbW&9"
"mailis.matley@edu.tbz.ch"|"6OFhZ%-hAUT7f-5ISJ#1"
"daniele.screaton@edu.tbz.ch"|"oUCIO7-$@U$F9-%@X31Z"
"mediamass.godly@edu.tbz.ch"|"fGJ3@5-#cYfQQ-UIrDvc"
"leone.kremer@edu.tbz.ch"|"aZq9xl-BqO9xV-dQQt5S"
"asa.adrian@edu.tbz.ch"|"Hp810G-e2%Loz-4h6XWG"
"adele.doley@edu.tbz.ch"|"j1sYxt-7@oAFd-N7NP1k"
"fei.sidney@edu.tbz.ch"|"OWk05r-CWbVYU-WcCdVG"
"marie-josee.walisiak@edu.tbz.ch"|"QcvPEh-YAB$Sg-WF%GDd"
"desiree.diplock@edu.tbz.ch"|"ZwDJ49-uINsMh-tiHPEy"
"gisele.schust@edu.tbz.ch"|"Dn@ygw-A7SrXD-%d8mO6"
"ma.longshaw@edu.tbz.ch"|"lX&CUL-f6o7eW-BZj#ld"
"da.boother@edu.tbz.ch"|"Uz2hyB-994KiE-IxKdqF"
"simplifies.chaudhry@edu.tbz.ch"|"#1#5FQ-Bp%&0g-Fiswxt"
"garcon.baniard@edu.tbz.ch"|"2zr18Q-k&b2kI-Vi2p&v"
"gaetane.elphee@edu.tbz.ch"|"&%&i#&-D8hv7O-ZUvyYB"
"gisele.hassey@edu.tbz.ch"|"WIoRkW-$Ht0NT-5idufO"
"oceanne.booley@edu.tbz.ch"|"bx0Aoz-Q2Zbcv-XgR9kW"
"oerjan.dibden@edu.tbz.ch"|"3@RW@V-Jx@4Rj-kYVaFb"
"regine.ocleary@edu.tbz.ch"|"Qa1vJr-Ko%tZ3-pw1mya"
"selene.persse@edu.tbz.ch"|"%XGhyf-U@9t0A-cY@jNk"
"helena.adenot@edu.tbz.ch"|"pdz#HH-VKBt@i-lApNxz"
"maelann.wassung@edu.tbz.ch"|"cOdkkI-BuzJqp-vK5pXh"
"frederique.ackermann@edu.tbz.ch"|"StLNqG-o8hP0F-yTdGO3"
"audreanne.kahen@edu.tbz.ch"|"1SdE9R-tq8PV5-T&EQ&q"
"maiwenn.lasty@edu.tbz.ch"|"37MN$z-f@nnD@-eLMbwU"
"yu.dictus@edu.tbz.ch"|"qhnHWH-LMvh@k-3Gd02o"
"anae.dukes@edu.tbz.ch"|"7WjUGF-Eb$O1W-c9SROM"
"yenora.warr@edu.tbz.ch"|"$GhNpi-1CYGgW-bWli3&"
"esbjoern.archibold@edu.tbz.ch"|"axJ7c5-XF#c1m-HgOdNs"
"milena.pardal@edu.tbz.ch"|"aiJxov-9##vrE-&zsXo2"
"celestine.graveston@edu.tbz.ch"|"@LJx8d-iB9$6r-v@zNHp"
"maena.dallas@edu.tbz.ch"|"D%bwkj-IyPxlG-nwY&$B"
"andree.tuke@edu.tbz.ch"|"lvtS7k-Za8fam-qNEbJB"
"methode.seldner@edu.tbz.ch"|"IQcty$-GJUQyb-5W3KEB"
"venus.bullas@edu.tbz.ch"|"%FmMJ6-5IsloS-9t1x@3"
"mans.aguirrezabal@edu.tbz.ch"|"oBJ0q9-abyayL-17hHIK"
"gaelle.eadington@edu.tbz.ch"|"4nHPN4-oQ1nM7-XDPanC"
"anaelle.falkner@edu.tbz.ch"|"0hLVfl-K&m7u6-oht6NA"
"ophelie.height@edu.tbz.ch"|"UhhZn%-jcTo6l-AyU6F&"
"marten.bolding@edu.tbz.ch"|"ulRyKT-ALB$9P-RzbYsS"
"pelagie.guswell@edu.tbz.ch"|"0UtHyI-v5Bb#l-0XbiPi"
"gwenaelle.lecount@edu.tbz.ch"|"6hUk5P-FQD1U$-%Xx09v"
"hakan.laden@edu.tbz.ch"|"Xz0r1Z-O0IfNh-@C7zvt"
"marie-josee.hylands@edu.tbz.ch"|"JjkZA4-$Fr0RY-DNiCUN"
"zoe.kingshott@edu.tbz.ch"|"g1C&$r-F5dEOs-hGtAa%"
"josee.janous@edu.tbz.ch"|"&&HC$D-akwSL%-h5Tl%F"
"laurene.gallally@edu.tbz.ch"|"usSzSi-D#Z#jP-WqTwvB"
"anael.bickle@edu.tbz.ch"|"y@9b6A-xT73iu-gzr#Wz"
"mediamass.lebbern@edu.tbz.ch"|"ykd8yT-UaKJCn-rlOMkU"
"berengere.hovy@edu.tbz.ch"|"lSt&3s-#WjHL1-40M0Za"
"oerjan.kilmurray@edu.tbz.ch"|"7#@Iny-QLa$1L-S4t858"
"asloeg.venny@edu.tbz.ch"|"YP6xM$-Fa2LUv-ln%Rcx"
"marie-noel.stoad@edu.tbz.ch"|"FnAEZ2-2OTxqO-yC#lao"
"hakan.pettifor@edu.tbz.ch"|"65Io@d-Ih6Vy3-9vVZHb"
"maella.willgrass@edu.tbz.ch"|"kuarpr-dDZeoH-vfMCif"
"therese.ludovici@edu.tbz.ch"|"rVJiSI-JW4KpG-SpFWKP"
"stephanie.trewhitt@edu.tbz.ch"|"M99Rb8-7phSRp-eV30QM"
"maerta.bauduccio@edu.tbz.ch"|"ssh6kF-qWbFir-UlHmM3"
"gaetane.glaisner@edu.tbz.ch"|"o@B%qF-3LwU5F-k7d7&1"
"naeva.pargeter@edu.tbz.ch"|"ro&Hhe-E@B$Gi-Q2jFzo"
"salome.venable@edu.tbz.ch"|"9faOr3-%Q@l3#-UFZ0W7"
"boerje.thickett@edu.tbz.ch"|"$i2zaQ-ahgF7#-Msf2xD"
"lucrece.prendergrass@edu.tbz.ch"|"$X9gF@-reYpZH-LKc3IL"
"laurene.ockleshaw@edu.tbz.ch"|"iDOFGW-7%&L&&-g5HRZ5"
"cecilia.pasticznyk@edu.tbz.ch"|"%Q1bY5-ta2&rH-Br47#f"
"stevina.mackey@edu.tbz.ch"|"gcrc@k-&8CSNF-5GHAYW"
"marie-noel.reven@edu.tbz.ch"|"kaNjIC-GEJuYf-r6Kscs"
"melina.quilkin@edu.tbz.ch"|"Oepbga-9uXOL2-HSV6Sx"
"marie-noel.ferrie@edu.tbz.ch"|"9GM$fZ-9T3qDI-#3NM86"
"leone.alphege@edu.tbz.ch"|"ES2K3S-Us3u8L-DegxU5"
"zoe.leverson@edu.tbz.ch"|"l74usO-era2f2-8wws%R"
"annotes.grayne@edu.tbz.ch"|"Pe&$fx-ujmG4L-oxyler"
"faites.lalley@edu.tbz.ch"|"mlgXAT-IK8ZxK-sCon5n"
"adele.wallis@edu.tbz.ch"|"utuV3x-uzx&xC-bkmjJg"
"severine.madill@edu.tbz.ch"|"BjZsBv-WYl%JN-@KFSf%"
"valerie.tebb@edu.tbz.ch"|"sx%zff-Na2vEs-CQ&N@M"
"kalliste.rasper@edu.tbz.ch"|"Ay3Jql-VXxXmc-2c&Ybf"
"audreanne.palomba@edu.tbz.ch"|"Dzhjq5-VGJWfb-YLPYr4"
"elea.adamik@edu.tbz.ch"|"02cmo7-bM2oFp-3w9WBf"
"reserves.jakuszewski@edu.tbz.ch"|"XCby@6-sKOV$2-SVr6Ik"
"athena.belhomme@edu.tbz.ch"|"mc2dN9-#kAGea-rfhOY4"
"rebecca.crippin@edu.tbz.ch"|"HNz1Z3-aO#$xQ-gNJdKU"
"maiwenn.curman@edu.tbz.ch"|"3epUYB-yu7LKb-lUtNgJ"
"andree.bunner@edu.tbz.ch"|"9U3PnS-Xw2Len-@o5w0R"
"ruo.winckles@edu.tbz.ch"|"V78i0H-QCZoyM-EtC9l0"
"naeva.buntine@edu.tbz.ch"|"mKv4PL-2Pgj2A-xNUNPF"
"boerje.dollard@edu.tbz.ch"|"9aJWEG-#EEMOF-2uJdc@"
"penelope.gorman@edu.tbz.ch"|"$N0d5M-4%w2aa-83x7p4"
"alois.robelin@edu.tbz.ch"|"ejhYd$-s1gNva-kpU34&"
"anaelle.tindle@edu.tbz.ch"|"3&dw3f-2u60Qk-KGn%SC"
"ye.frears@edu.tbz.ch"|"IZkmBX-kZXyAg-nD391W"
"andree.ovid@edu.tbz.ch"|"IqmXKe-9P3n10-g8cg2v"
"hakan.peat@edu.tbz.ch"|"x%o0sa-Vq1UgV-Pzja4F"
"andre.januszewski@edu.tbz.ch"|"k6Q2f%-Pvx6Ld-ns&FKl"
"annotes.clemmett@edu.tbz.ch"|"uuk@2D-ypJiBs-hB&XEN"
"pal.lambswood@edu.tbz.ch"|"QmEad#-8#bUnh-bl&MVY"
"yao.lenton@edu.tbz.ch"|"27g$mF-zowi#U-a8WgDi"
"hakan.boyton@edu.tbz.ch"|"hnqAMx-&#w%mT-h&VH3s"
"nelie.forsey@edu.tbz.ch"|"ROBtR2-4d6mJ4-a2up0G"
"hakan.horche@edu.tbz.ch"|"TAIor%-DCTKFi-430tAX"
"lorene.sinkings@edu.tbz.ch"|"a$Ilh@-Te8Hcp-HqChhG"
"marie-therese.creddon@edu.tbz.ch"|"hV9J0E-jygE@@-UCH51t"
"berenice.tolworthy@edu.tbz.ch"|"z8KCUX-QhMOoA-sI@4OZ"
"theresa.land@edu.tbz.ch"|"Tm%$F1-xWsN@Y-SsOT3v"
"marie-therese.gianilli@edu.tbz.ch"|"hxNE&#-xPxTTd-K69GuJ"
"meryl.glew@edu.tbz.ch"|"I7Gk#W-SbhJ91-6OeZVZ"
"adele.debling@edu.tbz.ch"|"w0&dzn-55Lhiv-Z9$Ur4"
"anae.metzke@edu.tbz.ch"|"QKDXEi-z%zfdH-5r9Y7N"
"gaetane.gooden@edu.tbz.ch"|"XZAAnc-FGpxQY-Pn@k3%"
"laila.bootland@edu.tbz.ch"|"58fBMQ-slt5c#-v&jdu7"
"maite.helsdon@edu.tbz.ch"|"a8LPoD-ZH30w8-WYYJYN"
"andree.malley@edu.tbz.ch"|"3$j5M1-mEWtP3-7s6U7w"
"pal.simmens@edu.tbz.ch"|"qIwZil-te2pE2-QRu0qy"
"maelys.nuccitelli@edu.tbz.ch"|"p9RcTG-r5hM&d-Avxu&L"
"dafnee.sibary@edu.tbz.ch"|"c5oPkp-fO1Got-p4vTon"
"alois.harsnep@edu.tbz.ch"|"9AuZrK-oWD57T-hXeL2Z"
"marie-helene.lacky@edu.tbz.ch"|"&YEFBa-S9g6%%-ZoH3Hu"
"mylene.youthed@edu.tbz.ch"|"RLHOt4-uEaJMG-4yc%7X"
"marie-helene.dehmel@edu.tbz.ch"|"A#N@cE-S9JKys-FM%Xew"
"angele.batman@edu.tbz.ch"|"Ug#oVi-aTxFJh-FPHx1B"
"melia.younghusband@edu.tbz.ch"|"j%ElQO-5vV#W6-A2AUP1"
"eloise.baldi@edu.tbz.ch"|"ULNhgs-RhRfqC-yh0Te&"
"illustree.dun@edu.tbz.ch"|"Xlr9bG-yiObvV-%fh2ld"
"genevieve.late@edu.tbz.ch"|"QCAMbE-@RRw0n-%8WCgV"
"celestine.colville@edu.tbz.ch"|"T%UfWY-Jzo73e-b@bTEo"
"gwenaelle.scarlon@edu.tbz.ch"|"gUG5oe-bc2xS$-K9oGZC"
"regine.boddie@edu.tbz.ch"|"3HnntM-GxiCwW-1u7bR@"
"creez.gaughan@edu.tbz.ch"|"QOWxLM-6waFI0-JEa29V"
"gaia.longford@edu.tbz.ch"|"kIwMvg-$4j$U2-iN@oIn"
"mailis.buckby@edu.tbz.ch"|"kX6ylj-m1TgRL-&hirm3"
"song.parbrook@edu.tbz.ch"|"OhN83T-gchLTI-dWfc9Q"
"frederique.heddan@edu.tbz.ch"|"jeNaW@-eMOjoi-MJAsWh"
"ake.kirtlan@edu.tbz.ch"|"25yQMj-G6xvXa-eCHXDv"
"nelie.runciman@edu.tbz.ch"|"B#UVRG-Q1R4M8-83KZyD"
"mailis.cardnell@edu.tbz.ch"|"B@myV1-dwiyyy-qehO3d"
"irene.navarro@edu.tbz.ch"|"XmqRCB-EZ#SSG-qRHLnq"
"maite.cough@edu.tbz.ch"|"pG#W2h-1ngEpO-HMlMUS"
"anaelle.stocky@edu.tbz.ch"|"6$pL$M-ZeX3RS-eeUTRB"
"methode.moulder@edu.tbz.ch"|"KcQZVP-dH5IWx-jcwQLp"
"po.stafford@edu.tbz.ch"|"49bwEN-$wniAN-@nXL4l"
"faites.scraggs@edu.tbz.ch"|"3uw2qz-R8MKuG-P5hY3P"
"adelaide.dullard@edu.tbz.ch"|"QNZMOK-IA9PBu-bn5nYR"
"desiree.leonard@edu.tbz.ch"|"I%Saiy-b8eEuh-JqvTsq"
"geraldine.badgers@edu.tbz.ch"|"%HwETn-1ZBW2s-PihDx@"
"ruo.masic@edu.tbz.ch"|"lHr8ob-F1SvXS-Wl#d00"
"aurelie.lieber@edu.tbz.ch"|"UjfLU0-ePejHd-JCt#A&"
"naelle.balcock@edu.tbz.ch"|"EIZry2-nPt&Xs-H4Y@nB"
"camelia.elger@edu.tbz.ch"|"v%dyFX-7PYEPg-nfyFEO"
"publicite.oakeshott@edu.tbz.ch"|"PopgO2-oLAA@W-HM36@P"
"cleopatre.fawley@edu.tbz.ch"|"DM@p@D-MX#LJO-OzzmqG"
"laurene.bruckmann@edu.tbz.ch"|"#I2SpC-N&VDU6-aE$H#6"
"rui.haughton@edu.tbz.ch"|"phMIHN-J$H9UA-TNO6On"
"asa.ladewig@edu.tbz.ch"|"F@inYV-tH1vrD-cb2yWz"
"gisele.janecek@edu.tbz.ch"|"2RRqQt-5#b5Ww-WJJ&Ye"
"maily.loveridge@edu.tbz.ch"|"&cYArG-d6tchf-L%meIl"
"marie-eve.yurkiewicz@edu.tbz.ch"|"92IRuS-U9hcbC-NcDwBu"
"fei.roder@edu.tbz.ch"|"08yex5-7DwwAL-wXFdat"
"edmee.chatburn@edu.tbz.ch"|"kkY0RF-H$nLWH-xrv2IR"
"geraldine.darke@edu.tbz.ch"|"KXt%Fp-7wq4pG-I0WOXX"
"ye.jira@edu.tbz.ch"|"NIf$o%-V&b@2t-jS0Owj"
"publicite.persent@edu.tbz.ch"|"4$l#kL-&oJP5D-Cmd&Ri"
"severine.wilcox@edu.tbz.ch"|"BpsMzT-dJqArw-DuvoW7"
"yao.mcclaren@edu.tbz.ch"|"ZnC#Tl-sdmzj#-s#q8c#"
"theresa.foynes@edu.tbz.ch"|"PGVRZ9-CP3amn-zw@elo"
"stephanie.isley@edu.tbz.ch"|"VZsHWJ-JFclBR-DIdAjI"
"torbjoern.growy@edu.tbz.ch"|"i6SGgR-kz3g3r-MyGo8$"
"eloise.tunnadine@edu.tbz.ch"|"gsPtiD-bcS5eF-CxOIxs"
"maeline.cossentine@edu.tbz.ch"|"klK&B1-lt6ll6-FrAQFA"
"nelie.desantos@edu.tbz.ch"|"YnZMVH-C@qzQ0-oSpo12"
"gaetane.axston@edu.tbz.ch"|"4QQe7w-Zi@SXc-7KBd%@"
"aimee.merman@edu.tbz.ch"|"2L#R0@-6saUbV-ms0JGX"
"oerjan.drivers@edu.tbz.ch"|"6D8zm#-CMBVOP-9kpkf2"
"aimee.miroy@edu.tbz.ch"|"w%KdB6-z2O1LV-dQhVgg"
"nelie.glyde@edu.tbz.ch"|"ab$CU6-cqvvVF-$V46za"
"hakan.kapelhof@edu.tbz.ch"|"t7oLan-JVRyhz-GpDX2o"
"maelyss.cauley@edu.tbz.ch"|"vpnT7y-qRpAL&-P%lNnZ"
"elea.vaggs@edu.tbz.ch"|"ANY6Ny-ISLiIR-F4d$2C"
"maelys.but@edu.tbz.ch"|"TqwmZ4-Y600lM-5mGBg9"
"maella.arthurs@edu.tbz.ch"|"CPX8Mk-X#uwra-#TQves"
"adele.liebrecht@edu.tbz.ch"|"D0NUuK-kkMI4V-&K7Ua7"
"meline.lomasny@edu.tbz.ch"|"RozMZ%-WuMbbk-4xFw@8"
"mediamass.schwant@edu.tbz.ch"|"ePgOjQ-m%$E1H-xZmRDi"
"leone.saunt@edu.tbz.ch"|"zvqHr%-i06XxH-Q8abku"
"annotes.gouch@edu.tbz.ch"|"$mZf8C-UFK$nT-RsNtCU"
"gaetane.bowich@edu.tbz.ch"|"YpUq8K-vGC%z6-28TV%d"
"alizee.strelitzki@edu.tbz.ch"|"#Txb6B-15w47C-T8xibE"
"leone.poile@edu.tbz.ch"|"EfR@jT-jQA#kD-GD#o&x"
"amelie.saban@edu.tbz.ch"|"l36JhY-46IzPJ-%7YoPm"
"marten.mcmenamin@edu.tbz.ch"|"a2GnJl-Fnvfge-cD&y0W"
"becassine.keets@edu.tbz.ch"|"Gylxjo-sGUjWo-o&VV&J"
"celine.million@edu.tbz.ch"|"RbPp$%-rOkFRQ-F2v2MI"
"geraldine.belitz@edu.tbz.ch"|"n%IgJk-pLSjac-M59t8o"
"salome.mardling@edu.tbz.ch"|"#9u7sa-Jik6nM-EP1FQC"
"melia.blakemore@edu.tbz.ch"|"aSZdk1-S4qi#o-3B1895"
"dafnee.mcaulay@edu.tbz.ch"|"nLzsbx-uedXSM-bSNPFD"
"garcon.dennett@edu.tbz.ch"|"Vf%I14-iDqyTv-MMAw5L"
"interessant.lesor@edu.tbz.ch"|"fK3SIO-2eovjm-EXY$&x"
"annotee.wasbrough@edu.tbz.ch"|"ZMpirp-vI8S22-vk$COT"
"asa.ibbeson@edu.tbz.ch"|"&h2k@E-6io%EM-wadlYn"
"maily.kennealy@edu.tbz.ch"|"0btAbQ-$C3iZI-%nr5NJ"
"ye.seares@edu.tbz.ch"|"#HWBZX-w0Tq#r-fYIgPP"
"athena.harbron@edu.tbz.ch"|"5%gJvy-C2rRXj-0kWiz%"
"andreanne.portail@edu.tbz.ch"|"X@s75z-5h7C%B-8YLZ$D"
"goeran.zannelli@edu.tbz.ch"|"vf6lbr-NnMdYx-XZot@J"
"gerald.leathlay@edu.tbz.ch"|"TjtoQe-oaE@kJ-CTLz&b"
"andreanne.chown@edu.tbz.ch"|"lUceNf-Kl8hsU-9diFtP"
"esteve.clementel@edu.tbz.ch"|"30r58$-Kw0JOP-ZAjXN$"
"leone.legan@edu.tbz.ch"|"q1zRvd-UeAfCP-J0sD2u"
"maena.pownall@edu.tbz.ch"|"LmpX13-hZbSoX-PpjJ@8"
"andree.rettie@edu.tbz.ch"|"LvdXUh-yx3e12-cQ%RPh"
"ines.kenwrick@edu.tbz.ch"|"FejDsn-BZ&J11-lpNrzb"
"marie-helene.yarnall@edu.tbz.ch"|"9YhOBb-1uz1Ks-#UMO$v"
"po.martin@edu.tbz.ch"|"55dqsI-#KV13O-BHzPIa"
"ruo.celiz@edu.tbz.ch"|"W9$9QU-2LhL5N-o5Iq5H"
"po.bissett@edu.tbz.ch"|"ebv1y4-tI%UAr-$mHvn0"
"du.swindon@edu.tbz.ch"|"EpGNRK-u3O7KH-mMFpU&"
"interessant.gouldthorp@edu.tbz.ch"|"dFv3pi-AX0Cyn-F6q408"
"leandre.lilburn@edu.tbz.ch"|"wE3MCp-tjb3r3-JVqoIz"
"bjoern.whales@edu.tbz.ch"|"D1pC2D-VlsvrQ-vj9kbq"
"interessant.dieton@edu.tbz.ch"|"X&U39j-V@D5gj-gG4S1k"
"celestine.redhills@edu.tbz.ch"|"ZAY#ei-9DaLBA-fmXpBJ"
"tan.yakovlev@edu.tbz.ch"|"G7viMn-$m$&ym-8mAS0v"
"regine.mcdowell@edu.tbz.ch"|"zqx7JZ-#WGojY-#NXONt"
"ju.coysh@edu.tbz.ch"|"zi1efL-QfpH&@-#Zj9VX"
"reserves.ofallon@edu.tbz.ch"|"te7JKP-ztv8DG-twk1SP"
"frederique.sobey@edu.tbz.ch"|"ybhh4z-@v0ew1-VXOF##"
"marie-eve.garstang@edu.tbz.ch"|"JaORlK-h@lM1Y-Q&2Xf#"
"andre.tapin@edu.tbz.ch"|"KHJtp4-oMnnu9-Hcgz9v"
"esbjoern.eynon@edu.tbz.ch"|"Esv71C-AHKFj5-f@dTj%"
"maella.duffy@edu.tbz.ch"|"lLvrcd-UIVe@k-v81hBJ"
"leandre.twinning@edu.tbz.ch"|"uXoXFv-LykhGs-39U81C"
"mai.whittingham@edu.tbz.ch"|"kmlS#N-p1KT7@-O4ZMAR"
"rachele.shevelin@edu.tbz.ch"|"KE@Pf9-#iSdlI-AvTUEF"
"cecile.mcure@edu.tbz.ch"|"Wo0h#g-ZAM2Za-%M3W45"
"marie-eve.yurkevich@edu.tbz.ch"|"KhYWCs-t1vmt&-OlYs00"
"almerinda.paice@edu.tbz.ch"|"o545TE-7bx6dY-n#Bpv$"
"rao.howkins@edu.tbz.ch"|"32f06b-9y1nUD-PJs&aw"
"serena.pack@edu.tbz.ch"|"kW8#C7-V#j1&M-bOjkic"
"rebecca.mant@edu.tbz.ch"|"eNJB%v-dx@uH2-54MtCf"
"reserves.spitell@edu.tbz.ch"|"#viZCY-XCoE1&-X8YEN5"
"garcon.hamfleet@edu.tbz.ch"|"4QZog0-F0jyNZ-U7XTmS"
"methode.kerkham@edu.tbz.ch"|"wr3R3U-J&63oe-SX8JCK"
"pelagie.camies@edu.tbz.ch"|"o80Zgd-W7UzWB-he#$B&"
"josephine.macpharlain@edu.tbz.ch"|"IoRRyN-7Ug#9f-zEgZ5p"
"eugenie.mathet@edu.tbz.ch"|"ufCHdR-1FeaJC-HrRn$T"
"gaetane.brangan@edu.tbz.ch"|"j1U1A1-TCPQRx-4oexOq"
"michele.dewbury@edu.tbz.ch"|"tP8mFP-obpV83-TjD7Ka"
"eugenie.elcott@edu.tbz.ch"|"f$VFY6-eKQysC-@2sWB%"
"megane.harniman@edu.tbz.ch"|"OWqNyZ-GzkZ0a-eVvdxc"
"agnes.cluney@edu.tbz.ch"|"Q8NZeP-1LL0Ht-f$%$FC"
"marie-helene.angear@edu.tbz.ch"|"RELy32-BnlcZA-L99nYW"
"melia.dolphin@edu.tbz.ch"|"uy1iY9-H0pLhu-xnn47T"
"lois.ruseworth@edu.tbz.ch"|"UBGnQB-#LdyeB-ZD5gLg"
"mailys.ryding@edu.tbz.ch"|"3Anjf7-y7AFP2-HkUAtn"
"rachele.wulfinger@edu.tbz.ch"|"Hv3EbI-M4C8vp-NHquAX"
"gwenaelle.talton@edu.tbz.ch"|"a7i1mT-WG04D7-2pIBYE"
"long.ronchetti@edu.tbz.ch"|"#U$5SX-EmC$5t-JBiSZv"
"styrbjoern.kloska@edu.tbz.ch"|"BODPB4-N9AoQ@-p4l2Hg"
"len.sudran@edu.tbz.ch"|"zBwYCn-j2ucyP-2i2#br"
"maelle.andrysek@edu.tbz.ch"|"fdDgkm-oO4PmQ-KTRZaP"
"selene.senior@edu.tbz.ch"|"pMt9ie-v%HU%z-6PoDw6"
"anais.joskovitch@edu.tbz.ch"|"FJg5pU-vEk6Hy-FIzBiu"
"marie-noel.dally@edu.tbz.ch"|"DX%WhI-sS3k8F-sKSJ0e"
"marie-helene.laurence@edu.tbz.ch"|"xr3kgN-JvuElK-%6T5yg"
"camelia.foxon@edu.tbz.ch"|"z%k6vg-mygSXq-c96Et9"
"helene.cankett@edu.tbz.ch"|"uKdQCj-5P2ft7-GSPlhy"
"marten.mitchelson@edu.tbz.ch"|"Kvhpub-6Ls1J2-2dA@nO"
"helena.stirtle@edu.tbz.ch"|"Ykkzr#-VFnoj1-qvJ1eQ"
"leane.barmby@edu.tbz.ch"|"tQO1P3-Jrm2gP-Z3mzrX"
"goeran.ofinan@edu.tbz.ch"|"LhX1MV-F48Oxs-sU9yy2"
"styrbjoern.proby@edu.tbz.ch"|"DQPMYN-afSPkw-oiwjGI"
"zoe.halse@edu.tbz.ch"|"%OcETJ-5mWPMK-KWetbJ"
"kui.drable@edu.tbz.ch"|"bA@XC8-YVLRg1-4C8eTo"
"desiree.bamford@edu.tbz.ch"|"0R2zuH-xrcp%Q-uwAHn6"
"zoe.suller@edu.tbz.ch"|"AdWxvZ-J@TdGN-HcaVCG"
"marylene.audiss@edu.tbz.ch"|"WRoPDb-R#@n8F-xMF@zZ"
"adelaide.poznanski@edu.tbz.ch"|"@QMH0@-OckY%n-5b1UG$"
"maella.coleyshaw@edu.tbz.ch"|"H3vqQM-3bALCX-#JRpTC"
"marie-francoise.gelder@edu.tbz.ch"|"Ji0Mr%-eIdV5z-GpDob6"
"eleonore.chaffyn@edu.tbz.ch"|"sD8XZg-DZIupH-mAYCC1"
"celestine.sikorsky@edu.tbz.ch"|"rUMgGO-F&3N0a-uPch#O"
"stevina.londsdale@edu.tbz.ch"|"4piglQ-Vk@4%R-iJ8uua"
"maiwenn.nevitt@edu.tbz.ch"|"XCvxq2-DPenJW-VifrbN"
"magdalene.gerrey@edu.tbz.ch"|"X#dY5E-NXVV1S-nATiYN"
"becassine.latimer@edu.tbz.ch"|"aOjYKy-&0I24M-G0suyP"
"da.lethibridge@edu.tbz.ch"|"H5y@2L-xxL@Ho-Sr8SrG"
"mailys.claige@edu.tbz.ch"|"YOxrRR-UR#x$O-aOk@&6"
"maena.torbard@edu.tbz.ch"|"xhe0@8-Yh&r0L-gbgUiS"
"solene.lyvon@edu.tbz.ch"|"ruWwjN-lLWfZZ-@L$@5%"
"marie-therese.benbrick@edu.tbz.ch"|"qqA%m1-Ev2ktM-C1mjIH"
"gerald.edmonson@edu.tbz.ch"|"TmW11i-pCVEGa-G2KBw9"
"ake.messruther@edu.tbz.ch"|"oxDS8@-5la$CE-785jdT"
"men.gosneye@edu.tbz.ch"|"RgjZ3G-A7Kyp9-mGWAvz"
"anais.jefferys@edu.tbz.ch"|"pSw4dH-sv$teN-IxpoKs"
"publicite.tregale@edu.tbz.ch"|"kICPCl-2mOJJs-Elf6H2"
"maily.santorini@edu.tbz.ch"|"2wOtLB-@YE1eQ-xc0JS7"
"ines.pioch@edu.tbz.ch"|"2@8fAy-P5r@bR-MbJjVp"
"noemie.marklew@edu.tbz.ch"|"1Lr24z-Ja0cNF-IdrERb"
"meghane.maccaffrey@edu.tbz.ch"|"4uB6U8-x$I$VV-WC#pkA"
"berangere.ambrogio@edu.tbz.ch"|"C0@Bfh-vYVbA6-ksf5%L"
"mediamass.ryce@edu.tbz.ch"|"jTWM&E-T0Ohyf-$UMtje"
"oesten.ubank@edu.tbz.ch"|"4VmxhD-pAcwoY-iMqzI&"
"melina.mackee@edu.tbz.ch"|"SSjjw5-3oPGyR-vKNl%e"
"theresa.livezey@edu.tbz.ch"|"fDhFJ#-v2d9ue-3AzZVB"
"clemence.weal@edu.tbz.ch"|"baZ8FN-7yJRE%-LH4fR7"
"faites.overton@edu.tbz.ch"|"ou%jcR-dev$&1-QiEcRz"
"clea.lindblad@edu.tbz.ch"|"zqBWeu-QNdy0&-oxpEZD"
"josephine.roseaman@edu.tbz.ch"|"ovMZ#A-pCs$Tx-zueHE7"
"oesten.lowbridge@edu.tbz.ch"|"P$lJc5-xZGcGB-BihblM"
"marie-josee.brion@edu.tbz.ch"|"@jaxX6-reKeDL-#ad9YO"
"therese.basili@edu.tbz.ch"|"ORou2&-Sd@bJq-2wKORv"
"melia.vertigan@edu.tbz.ch"|"GUYTy#-Nf#qU0-vw7Iad"
"judicael.saull@edu.tbz.ch"|"5M6BCu-TbC@IY-af7hQi"
"selene.valentine@edu.tbz.ch"|"PY#zUy-wqgwTx-HoX@0o"
"verane.dunlap@edu.tbz.ch"|"61Bi2#-GoKvI2-foJ#tk"
"meline.kinnear@edu.tbz.ch"|"OU5hFg-rCdyho-J7giQm"
"lei.luttgert@edu.tbz.ch"|"E9pWl5-yPIvY@-ZLdUWO"
"styrbjoern.lathleiffure@edu.tbz.ch"|"vQ1TXH-v6G17A-Kzvb%y"
"marlene.blasi@edu.tbz.ch"|"p33q3u-dLlMKA-oSFse9"
"mai.begwell@edu.tbz.ch"|"mB#FcR-wafQCt-q4jVJ@"
"gwenaelle.kaines@edu.tbz.ch"|"q9B3LG-fYHciP-qT7$go"
"gerald.adamthwaite@edu.tbz.ch"|"3TsxB#-3jCVyS-89$13H"
"kui.hartfield@edu.tbz.ch"|"O8Q7hP-%plBo8-wYlF0#"
"salome.currao@edu.tbz.ch"|"VIEOFq-u4bkow-LoqaoK"
"angelique.tixier@edu.tbz.ch"|"u1GvBw-s1j%kR-AYnNVj"
"ju.mcgragh@edu.tbz.ch"|"CkO9d%-VMOfmn-dr#zqB"
"dafnee.beachem@edu.tbz.ch"|"z&&%va-ASia7k-8N#EtT"
"creez.terlinden@edu.tbz.ch"|"iZM5dx-YB7J&V-z3k8e%"
"uo.mcskeagan@edu.tbz.ch"|"VilWwV-hQM@bQ-ATImfd"
"edmee.mccaughren@edu.tbz.ch"|"nXSEQb-hW41Wa-OZryCm"
"asloeg.cozby@edu.tbz.ch"|"C@3jNB-FrMR2O-Unxvgr"
"melodie.traite@edu.tbz.ch"|"f7hUgx-drbeFL-rzJTZ5"
"dorothee.aindriu@edu.tbz.ch"|"lNImgH-$FP$ii-9vaUBA"
"daniele.doley@edu.tbz.ch"|"2Xj1x0-0KD4uc-JzrOEo"
"mediamass.fairclough@edu.tbz.ch"|"su0c6g-rmIrWy-@Cb$zI"
"lorene.rainforth@edu.tbz.ch"|"#wah#p-H@LsZ0-jHeoWA"
"leonore.eyer@edu.tbz.ch"|"eQ9hwk-KLefxi-Vdqbx@"
"po.spillman@edu.tbz.ch"|"A6LESH-H@yJlZ-Q#W2zZ"
"cecilia.plitz@edu.tbz.ch"|"yDcWZ9-ceMv9n-56fecJ"
"lorene.ludlow@edu.tbz.ch"|"V2yoCb-dJFQVW-nS#CNB"
"berangere.neligan@edu.tbz.ch"|"iFu40w-JUCOJe-lWQHNL"
"simplifies.huggan@edu.tbz.ch"|"BcHTXu-3&FHB7-bx65MI"
"clelia.prandy@edu.tbz.ch"|"5HWpVw-156Un@-vmPgNl"
"ake.osban@edu.tbz.ch"|"XpWB76-BTCxj@-EXHuvz"
"cunegonde.brunn@edu.tbz.ch"|"ZrYCAt-YyUIJw-wFKJoV"
"long.grizard@edu.tbz.ch"|"qruVRi-CBF7fM-#KdM&b"
"meghane.diss@edu.tbz.ch"|"m466oO-0wg@E6-zFVU2a"
"therese.oldman@edu.tbz.ch"|"jc&kmS-woSqwK-bMk2UO"
"boerje.scamerdine@edu.tbz.ch"|"nMSHI$-LjjLPT-raTj@8"
"du.saban@edu.tbz.ch"|"X#r7RR-RtC#PC-BvwK16"
"hakan.clynmans@edu.tbz.ch"|"Dup9$6-9BYJnj-RhkEts"
"wa.macdowal@edu.tbz.ch"|"anzwmA-tb1yKk-AWLeeD"
"venus.hatrey@edu.tbz.ch"|"g%b@CS-SjyxzU-Nt1BBv"
"anaelle.vispo@edu.tbz.ch"|"OcLNa5-4%DUOh-h&4%hp"
"mahelie.ollcott@edu.tbz.ch"|"eHUWZX-gqUhpq-7yM4z@"
"mediamass.whyman@edu.tbz.ch"|"&TFk8S-KpXQU1-5%Yvrz"
"esbjoern.basson@edu.tbz.ch"|"dnFTDM-szLiHw-DWj2F0"
"andrea.morrill@edu.tbz.ch"|"DUj#TL-NhpSyM-iKfdHJ"
"melys.grassi@edu.tbz.ch"|"%q$veK-CXkeAp-GLIhIe"
"leone.poleye@edu.tbz.ch"|"JfwM1C-RMFpJw-3mpyzy"
"francoise.penny@edu.tbz.ch"|"SFfRwn-Ye0NuX-58qsTK"
"rebecca.edney@edu.tbz.ch"|"T$6wcT-u9j@t%-kOYOw0"
"adelaide.murtagh@edu.tbz.ch"|"%rA8aH-o3Zw3f-7IXfFH"
"stevina.winterbourne@edu.tbz.ch"|"rRdKvG-Y9viTU-hEu1Rc"
"ma.cottom@edu.tbz.ch"|"Dffd&C-$VgqCV-JTQ828"
"tan.harold@edu.tbz.ch"|"vkPbrc-fGq8cU-tX$Wdw"
"venus.forte@edu.tbz.ch"|"NHdfhQ-jmwc6Z-OXu6I1"
"almerinda.oluney@edu.tbz.ch"|"Ta3Xk5-t3c$WV-tqxDKa"
"cleopatre.brehault@edu.tbz.ch"|"9MvbC@-sznIMi-&PVQKD"
"interessant.lapides@edu.tbz.ch"|"82h4VS-6S5rB7-SDjr4p"
"reserves.hallatt@edu.tbz.ch"|"VrctD#-Q8FU43-3t8qkd"
"annotes.birdwhistle@edu.tbz.ch"|"rxXpgH-B@AbON-H&ro3L"
"ai.dredge@edu.tbz.ch"|"xpe0D0-hxu4Zn-ROY#iu"
"megane.mussard@edu.tbz.ch"|"cMy2%j-AivTPB-RJ@7Ee"
"esbjoern.gowrich@edu.tbz.ch"|"K@4S2j-mO%@75-BSxRKn"
"boerje.brislawn@edu.tbz.ch"|"e5B7S6-hA3kHI-gI4Dlr"
"becassine.wilce@edu.tbz.ch"|"u61Jj0-X7&Pjm-s5xomR"
"personnalisee.oels@edu.tbz.ch"|"dEX5y5-4zaYLm-@@t8Fo"
"verane.pett@edu.tbz.ch"|"2qObLS-$Jo4cA-dKW&uu"
"marylene.glewe@edu.tbz.ch"|"ZaEnIR-XiWjE9-F4jKuO"
"lai.elson@edu.tbz.ch"|"apr7KT-V03qV&-qbIccO"
"serena.difranceschi@edu.tbz.ch"|"byf30u-b48bQZ-ug8g&D"
"lie.espinel@edu.tbz.ch"|"IJ2Yii-RD39j#-3XJoNA"
"marylene.fantini@edu.tbz.ch"|"25yEiX-RUEZrL-EDP4Qn"
"andre.archdeckne@edu.tbz.ch"|"n4Wipf-Lo$Vzr-@Jfc3@"
"goeran.bohlingolsen@edu.tbz.ch"|"x@3vth-unespU-M&Cfa3"
"cunegonde.heffer@edu.tbz.ch"|"#5wuAJ-7xOfIJ-5Clsx1"
"tan.fechnie@edu.tbz.ch"|"ILx6xB-9Aw&4J-4LWLEm"
"marie-noel.brammar@edu.tbz.ch"|"8WzOe%-tdxWov-66mNwW"
"simplifies.aven@edu.tbz.ch"|"r2Sl7C-dVSKAr-0ipTbb"
"melys.pinchen@edu.tbz.ch"|"YVe$7R-7dqsDS-$oUjYt"
"edmee.joyner@edu.tbz.ch"|"nCzWS7-$3&Jtu-Mh1y2k"
"berengere.edess@edu.tbz.ch"|"3e#BJH-qIVrOS-d1CeJV"
"marie-noel.goward@edu.tbz.ch"|"u&KQ3F-c7bMXM-7jbDvj"
"ju.edmons@edu.tbz.ch"|"dJjeXl-w87JNl-WV#gH&"
"frederique.airds@edu.tbz.ch"|"h7Nj9T-ZZV9B@-fUt%B&"
"reserves.dauby@edu.tbz.ch"|"6dsFsa-5uEfOY-ov%NGj"
"hakan.gynni@edu.tbz.ch"|"vbEZEj-%1Xj2m-YLAOtb"
"leonore.pinwill@edu.tbz.ch"|"UgyaA&-$WwNNo-gRjmJ&"
"marie-eve.mcallan@edu.tbz.ch"|"4GKbW%-#jLocK-f&taam"
"naelle.yeabsley@edu.tbz.ch"|"xYiYY%-jVvZQr-aXzHF#"
"nelie.jacobovitz@edu.tbz.ch"|"%K9c%d-LyI$LP-iSfSW5"
"adele.conelly@edu.tbz.ch"|"$44Nw0-zQ3pP@-x0bq0d"
"clementine.dondon@edu.tbz.ch"|"2zfU1#-OyyDHP-%c&81v"
"zhi.willcot@edu.tbz.ch"|"rlVnje-4nQGl9-UatVke"
"chloe.janicki@edu.tbz.ch"|"jRHY8v-8gGRO9-U#3Jhc"
"meng.linde@edu.tbz.ch"|"ieLuAh-stolW2-PGnS1p"
"celine.janisson@edu.tbz.ch"|"jTcrHq-5upNn8-fjO3C9"
"clelia.crow@edu.tbz.ch"|"sVJdw@-%q9$R6-eeaPY1"
"cecile.pyott@edu.tbz.ch"|"nmcyGX-MAOXcT-Mf2Iax"
"ma.fidelus@edu.tbz.ch"|"H$&@iS-Ai$oQ6-%$pp@Y"
"marie-helene.poore@edu.tbz.ch"|"xpDuqk-uITTgI-4kQ@6Z"
"elies.blanket@edu.tbz.ch"|"W#bEUA-hz6WOg-pZIDWs"
"yu.boyer@edu.tbz.ch"|"5nsbYN-ouGU@2-HhNPg#"
"celia.welds@edu.tbz.ch"|"9S9L8S-ADXccl-FTnPEB"
"du.gunney@edu.tbz.ch"|"F5%p3P-H567HC-ucQ7Fh"
"goerel.crush@edu.tbz.ch"|"EPcO6o-Fpi591-kmgs@L"
"marie-josee.brosius@edu.tbz.ch"|"EspwVL-Zr4KqQ-uaHWxr"
"camelia.adds@edu.tbz.ch"|"3AIhox-jn2M&w-DSbuCP"
"anae.irwin@edu.tbz.ch"|"elnHQl-X69Nb2-&PpZeR"
"cleopatre.skeffington@edu.tbz.ch"|"#MyE7q-o7w4m@-oq4U@t"
"gerald.suggate@edu.tbz.ch"|"d0gkk$-DWzKuP-rg13bX"
"laurene.tailour@edu.tbz.ch"|"b$aAdt-mRjryW-iVmxy2"
"amelie.hoble@edu.tbz.ch"|"8OepCq-nPMecI-ZxeDV8"
"venus.getch@edu.tbz.ch"|"qc9y#c-8lfQXL-@Myp&O"
"renee.treby@edu.tbz.ch"|"EMH2fa-2c4uR9-vlsfA0"
"almerinda.stait@edu.tbz.ch"|"XOwMVG-le9icm-MzZ2aM"
"andree.reddecliffe@edu.tbz.ch"|"QRLpEO-CsHyvx-hWdTXM"
"leone.wintle@edu.tbz.ch"|"0pUGAQ-xvCbv8-2IlePy"
"gerald.fellow@edu.tbz.ch"|"N%ukH$-HA#saQ-NJ6HN%"
"ju.gudger@edu.tbz.ch"|"VB40sU-ojP%XG-riH%zm"
"meng.ohaire@edu.tbz.ch"|"iAFHKv-&1S8$k-VeXfZ8"
"cleopatre.missington@edu.tbz.ch"|"v98Gd@-%KlI3B-Kxk$b0"
"annotes.debruyn@edu.tbz.ch"|"QrTGSS-OR55aw-tt2Isy"
"gerald.sinisbury@edu.tbz.ch"|"EOjGxN-v6A53g-G4LSy$"
"creez.slora@edu.tbz.ch"|"DofyrV-&ks88&-en6DEy"
"gisele.benbow@edu.tbz.ch"|"DLw1hN-bRe3vq-I09L9B"
"pal.dossit@edu.tbz.ch"|"woxAsu-bwARPK-8xBQSz"
"nelie.stirrip@edu.tbz.ch"|"8lTCmt-xg2WLu-5B0&rl"
"alois.ocrigane@edu.tbz.ch"|"vZ1la$-H7TL2y-Jo&mfB"
"kui.mcterry@edu.tbz.ch"|"v$VMU9-IsA$CK-dJFUXS"
"long.willgoss@edu.tbz.ch"|"$3BME%-Y&#N78-a&&gb%"
"francoise.sumpner@edu.tbz.ch"|"kewwmO-czGmR7-lSYRiw"
"maely.grinstead@edu.tbz.ch"|"80lRuC-HxAXyY-8vdI6A"
"creez.langeren@edu.tbz.ch"|"@T22Iu-FYJnOP-R8RbD$"
"adele.dungate@edu.tbz.ch"|"g1a5De-O&PEah-gDT@Xr"
"cleopatre.noirel@edu.tbz.ch"|"fbZGqI-kPE18b-TsEZ$L"
"interessant.daverin@edu.tbz.ch"|"08K#R7-LA6ylj-vxClg7"
"naeva.kalderon@edu.tbz.ch"|"k8GT48-EQFp6o-wb54N%"
"anais.oshesnan@edu.tbz.ch"|"k%8Pk0-Oeq3Mq-IxE6aS"
"judicael.anelay@edu.tbz.ch"|"OHMFTP-68ksfz-uC8hR%"
"eloise.braxton@edu.tbz.ch"|"%%95aV-AA1ML&-d1lqNQ"
"desiree.greguol@edu.tbz.ch"|"gfaaHi-DeCXWk-WScHfa"
"maite.mcclenaghan@edu.tbz.ch"|"d8hBJ7-E5$9gA-vy9XRt"
"meng.doret@edu.tbz.ch"|"tuC%kh-D6xs8@-w$4x%f"
"frederique.chippendale@edu.tbz.ch"|"trEC0b-06FWMd-23Ozol"
"andreanne.lanney@edu.tbz.ch"|"vTu2OT-f8OiVV-9qxt@r"
"aurelie.claus@edu.tbz.ch"|"nHko$c-vFvQku-M46TDc"
"renee.pabel@edu.tbz.ch"|"WrOgd6-zophqs-3E97G&"
"maena.roust@edu.tbz.ch"|"CHb4zR-&RGL4g-VQk8Xm"
"nadege.carwithim@edu.tbz.ch"|"4xWp4U-I9L&1P-2PXH76"
"solene.geyton@edu.tbz.ch"|"O8o1ke-N7Leun-AjkDad"
"dafnee.avraham@edu.tbz.ch"|"NJwS5W-2G%jM5-LYz4R$"
"leane.woolvin@edu.tbz.ch"|"jDS8gl-j3Z7qD-O8j93l"
"adele.macadie@edu.tbz.ch"|"iVrXmS-S@Y#Ep-T9Vj1J"
"meline.rubica@edu.tbz.ch"|"aYhO%6-&XGj$w-6iLa&p"
"marie-noel.speeding@edu.tbz.ch"|"48AYQt-5qrkr7-#tvDHl"
"nelie.mix@edu.tbz.ch"|"VuTi3m-fjgA#6-3AU%6U"
"clea.ollett@edu.tbz.ch"|"yuZq3u-el&X45-CGScbo"
"leandre.mcgavin@edu.tbz.ch"|"d7NgkX-bE&Ygw-idfOHQ"
"cecile.behne@edu.tbz.ch"|"08FI9m-5Q6LS@-OawSp5"
"melanie.polle@edu.tbz.ch"|"mrHsdK-jqaniK-wVtbGh"
"marie-josee.titmuss@edu.tbz.ch"|"trzFPU-bBt@E#-9VPwWf"
"helena.guest@edu.tbz.ch"|"7j3Jgl-qBrpz%-#0JRDO"
"annotes.chicchetto@edu.tbz.ch"|"n&bI5q-2lC%sx-f@ME&l"
"melia.tubb@edu.tbz.ch"|"3s19th-cS&Xwb-y3B&Da"
"angelique.casetti@edu.tbz.ch"|"0b#io8-hqPrQE-8%8vsI"
"cunegonde.cleall@edu.tbz.ch"|"jKsv71-h5wkNn-jUsGB$"
"camelia.oaker@edu.tbz.ch"|"3X8rhf-OKoM4h-A1Cq6R"
"you.searight@edu.tbz.ch"|"YZyhmj-uA4QbU-$iJG4z"
"kevina.dederick@edu.tbz.ch"|"EUJ3Z6-KIfLah-1I#fy6"
"milena.jeffrey@edu.tbz.ch"|"rWW8bl-5nFtJc-kU5wUy"
"melodie.barkshire@edu.tbz.ch"|"o8A9VD-EeKbc7-wImjTk"
"gaelle.kreutzer@edu.tbz.ch"|"oZIo4I-PyYM5H-0IIgh3"
"kalliste.kleinpeltz@edu.tbz.ch"|"PeI6DX-7AMCPP-5mY4eW"
"clementine.danat@edu.tbz.ch"|"kcHdfS-Numytq-si7tfU"
"andrea.wabb@edu.tbz.ch"|"J1$SS%-EG6Gfg-9J3C%Z"
"geraldine.piesold@edu.tbz.ch"|"NC%%9x-rMt$%Y-@Z&mw@"
"tan.fiveash@edu.tbz.ch"|"FmB2b@-rdL%70-Ct#jUN"
"meline.yuranovev@edu.tbz.ch"|"BZIoz@-m1bBPz-BkEZMJ"
"therese.holme@edu.tbz.ch"|"FTFh8d-qkMXZf-dszn59"
"salome.vaney@edu.tbz.ch"|"DtjMd1-8m3jD#-WLT@74"
"anae.abramson@edu.tbz.ch"|"PZc4L8-g8zFnY-WnqC0E"
"kalliste.jimson@edu.tbz.ch"|"rC#I&P-OLH@jM-9u223K"
"selene.yole@edu.tbz.ch"|"hnAEHg-IishSY-hJ@0@6"
"agnes.defraine@edu.tbz.ch"|"4#aMcg-@Z60II-f#W#iU"
"faites.mccluin@edu.tbz.ch"|"H#xQya-0xWTQH-R9gOFn"
"athena.deme@edu.tbz.ch"|"HC7Av$-x#IJa&-bXQu$v"
"daphnee.brigstock@edu.tbz.ch"|"bpbhtR-UIn$Fq-#3vTzc"
"goesta.skaif@edu.tbz.ch"|"ZlPXWx-boje8q-e&AlJS"
"oceane.jagoe@edu.tbz.ch"|"vdB4ZH-E5WtfM-0YHS6f"
"annotes.broomhall@edu.tbz.ch"|"ZCKwbc-u7%Fv7-Y5nIyF"
"marie-eve.ballendine@edu.tbz.ch"|"PQ9#WP-8&fWN8-qAgOfe"
"melina.spykings@edu.tbz.ch"|"GkvtiJ-HPWRyX-3QWP29"
"laurene.ticehurst@edu.tbz.ch"|"%lGgad-kQyf2%-sIzYst"
"fei.avramovic@edu.tbz.ch"|"y#XY6%-4cHV12-GgTEP#"
"publicite.strathearn@edu.tbz.ch"|"d9DCE2-jxa7WJ-PMSszt"
"torbjoern.garrow@edu.tbz.ch"|"PNy31h-X2j%4N-NuoaUP"
"chloe.rubinsztein@edu.tbz.ch"|"X3AT63-0p4Vtm-&zEYEI"
"mylene.demanche@edu.tbz.ch"|"zexuJw-1cnSNR-2m#Kr@"
"mediamass.godlonton@edu.tbz.ch"|"1%OHB@-TvMuel-sl2i75"
"renee.shurrocks@edu.tbz.ch"|"KAZ80Z-Lh7bGj-BRdF2V"
"maiwenn.jedras@edu.tbz.ch"|"@qbwgM-DSer84-1%YMY3"
"genevieve.castells@edu.tbz.ch"|"0lvGEW-DU4yVc-T@%ByG"
"renee.sneden@edu.tbz.ch"|"rTiM4q-XqiOqd-pjo42V"
"lai.mccallion@edu.tbz.ch"|"jrgHHi-tnGwfn-uI5vmM"
"kevina.impleton@edu.tbz.ch"|"OSEi9i-2M2dbk-tuvZQY"
"oesten.fresson@edu.tbz.ch"|"Qy#X3v-&yCeZ%-7Ok3rw"
"verane.shawley@edu.tbz.ch"|"8fiYa3-Nsq4rV-4SlMb3"
"uo.sjostrom@edu.tbz.ch"|"9S$Edc-cW@aup-Q8$0IX"
"gisele.gothup@edu.tbz.ch"|"q1O70w-qZtQ2o-ELLa&s"
"renee.beauman@edu.tbz.ch"|"TRf8zq-oeLyX@-1A5om0"
"elies.loton@edu.tbz.ch"|"cbh@Z2-bvjheO-wFbGOH"
"valerie.elsmore@edu.tbz.ch"|"Iki15D-UfIuL6-t904@8"
"berangere.delafeld@edu.tbz.ch"|"8&CmoJ-gr92pm-TsiRo6"
"bjoern.schimke@edu.tbz.ch"|"zfYPxj-de&s$%-Cr&%31"
"loic.ericssen@edu.tbz.ch"|"I7iJdG-&QtB8h-E1TJOH"
"creez.richarz@edu.tbz.ch"|"@%CulO-t0UQeI-Knwukl"
"athena.grocott@edu.tbz.ch"|"vSLSGU-bk$tSX-Dm$%Em"
"naelle.piotr@edu.tbz.ch"|"9DhbEK-woFCrx-eV%4uZ"
"maella.paulson@edu.tbz.ch"|"8Y3s&I-GI@DQR-Ya87BJ"
"song.perot@edu.tbz.ch"|"eVMnyN-c3KR3B-NTT48t"
"kalliste.heckney@edu.tbz.ch"|"pk$zGP-70fiLZ-jYzvq0"
"ake.vasyutkin@edu.tbz.ch"|"6fWtcS-3E6$97-&JLVqr"
"ma.castles@edu.tbz.ch"|"u6a767-qDyOVT-enZlw6"
"maely.monget@edu.tbz.ch"|"jG8lrZ-W6Hp0&-@8gG71"
"tang.durbridge@edu.tbz.ch"|"24Nelh-WJuv&Q-61Y%OE"
"laurene.andrew@edu.tbz.ch"|"tqQ6GZ-BBh32u-oOCL1R"
"lysea.beacon@edu.tbz.ch"|"Y@Y2%0-kX#B6a-@jAJus"
"leandre.peyntue@edu.tbz.ch"|"Qzp&$Q-wP@sYM-E2rmeZ"
"rao.trever@edu.tbz.ch"|"6o9hKd-c3rP8H-m9HrPx"
"mahelie.streader@edu.tbz.ch"|"NcTtBM-mNuZPn-dkDvLr"
"maerta.andrejevic@edu.tbz.ch"|"AmHJp8-qXa$q7-8O710g"
"goesta.tompkins@edu.tbz.ch"|"kkzTg$-8UEKr&-vUmktS"
"helena.agates@edu.tbz.ch"|"XEluym-Jl603N-0L$gEb"
"therese.glass@edu.tbz.ch"|"n#S3wz-MK$hnH-J9LiZ2"
"alois.foan@edu.tbz.ch"|"1uq6E5-eopE87-M5ufgh"
"becassine.melchior@edu.tbz.ch"|"YsMl2V-g3A0hE-Ob6bge"
"cloe.robart@edu.tbz.ch"|"LsUSTn-dMmG1g-P9E4cM"
"daniele.puckinghorne@edu.tbz.ch"|"3fE4ff-fbyc6A-w5gCjS"
"selene.cammidge@edu.tbz.ch"|"YN@vfJ-R5ip$%-y7%25A"
"regine.conochie@edu.tbz.ch"|"GtTy7p-EVYD71-JDfHGr"
"interessant.tuiller@edu.tbz.ch"|"y1lZc7-%JIyj$-KQxG&a"
"long.tiebe@edu.tbz.ch"|"Pk8j@2-CS7Qe#-mxeiSq"
"mans.yele@edu.tbz.ch"|"mxWEE0-xVpuc9-n8oHcq"
"ai.giles@edu.tbz.ch"|"aZGU4o-F&dIfG-GeQK5w"
"gaetane.hamberston@edu.tbz.ch"|"0f9vbY-dFmsCp-8@XWdn"
"marylene.fenix@edu.tbz.ch"|"RJUnPi-ivZQe5-1zS91V"
"geraldine.graeme@edu.tbz.ch"|"p7iYFI-x3$dVj-qXkDfJ"
"tang.kinglake@edu.tbz.ch"|"r9uGZU-CV#UIb-bkQ4n2"
"lai.challoner@edu.tbz.ch"|"Rq3gox-4gNZvy-LbFdhE"
"desiree.mattei@edu.tbz.ch"|"c1JzmL-kswMAI-H%1@yU"
"ake.erley@edu.tbz.ch"|"38P#0%-oy1xXc-E#24vy"
"edmee.cavil@edu.tbz.ch"|"cqKv7j-j4WI1m-C4VTlw"
"alois.moyes@edu.tbz.ch"|"KSYSL6-3enQim-Vpp8rl"
"becassine.pitman@edu.tbz.ch"|"av2Z8Y-RUZjWi-Au5SRS"
"ai.giacovelli@edu.tbz.ch"|"AJ90%c-666w2J-%5Szur"
"judicael.fruchter@edu.tbz.ch"|"J4bp%f-e6e7U#-D74Vzk"
"mans.mogg@edu.tbz.ch"|"yUYE%Y-W2P$i9-DJuMGI"
"gerald.foyle@edu.tbz.ch"|"wrw0Ei-pDRx8A-wqbvES"
"wa.androletti@edu.tbz.ch"|"GvS$BB-mBat8M-hcVN@m"
"meng.ollett@edu.tbz.ch"|"CmTj%6-ho9H9p-kAa@@K"
"naelle.macmenamy@edu.tbz.ch"|"UD7j9D-jttCp2-Iql7Gj"
"gisele.mcramsey@edu.tbz.ch"|"AKrY6m-lDqwUq-02geUl"
"meryl.scolts@edu.tbz.ch"|"#uaH%@-OeYV0R-%8wwpy"
"celia.bloxsome@edu.tbz.ch"|"J9Qdzz-nR80Z5-7hTlum"
"styrbjoern.stuke@edu.tbz.ch"|"WcAXgo-CStpiy-QPZ7XO"
"felicie.gwilliam@edu.tbz.ch"|"vkfVN2-TqPCxe-0deG5W"
"da.harms@edu.tbz.ch"|"qyyqzu-LbCO9T-wf29t9"
"celestine.baulk@edu.tbz.ch"|"sKJYgo-xRNAKS-paCbhL"
"mahelie.blackledge@edu.tbz.ch"|"Maoma7-SCbnw6-&i4qrD"
"meghane.salt@edu.tbz.ch"|"pgKvwi-ssevXX-GiF5f&"
"methode.paxeford@edu.tbz.ch"|"4MJOR5-4i3E&a-XieTdA"
"asloeg.milligan@edu.tbz.ch"|"O5TolL-@u4s6d-%&AGSF"
"you.pellman@edu.tbz.ch"|"$X2Kkt-MFSj4G-YXX#VY"
"loic.regenhardt@edu.tbz.ch"|"sE%Naw-32zPDL-8v@j7B"
"daniele.savill@edu.tbz.ch"|"fJ36fO-q5l&i6-nvM1c7"
"alois.cornu@edu.tbz.ch"|"6OZm%U-feYaN$-53YUgB"
"oesten.govey@edu.tbz.ch"|"SAr5G8-sFlpN&-GxpKbd"
"marie-eve.louch@edu.tbz.ch"|"9n6c5y-3OhX@p-BC$SCL"
"theresa.wenn@edu.tbz.ch"|"y9MoZG-fFfuqL-yhkWd9"
"andree.eul@edu.tbz.ch"|"IIAp3@-toGUj&-0Sfoxy"
"lie.paynton@edu.tbz.ch"|"Slvu7V-sXYDwr-CUL@P@"
"marie-eve.girodier@edu.tbz.ch"|"3@a@ns-CSzRg&-eag9WI"
"marie-noel.smithe@edu.tbz.ch"|"1WUrrt-cVvYMH-Ssd8rQ"
"men.bootyman@edu.tbz.ch"|"u%lMIm-tUogcz-lpsSXR"
"ku.sugg@edu.tbz.ch"|"eTYWkF-$ATjyH-CMsz7P"
"lucrece.roseman@edu.tbz.ch"|"l1EASq-lqJuP%-H&rvmV"
"zoe.annear@edu.tbz.ch"|"fElA$2-$IFj2@-wK1Rf%"
"marie-helene.rennebach@edu.tbz.ch"|"2w0geJ-WwUXm9-KLovv5"
"lea.djurdjevic@edu.tbz.ch"|"T7fAE2-HIhRb%-mqw&zf"
"goerel.robert@edu.tbz.ch"|"FI3VkU-NXYf#P-QbmL%Y"
"mylene.foldes@edu.tbz.ch"|"zE@hOA-#SLe#q-$ll@68"
"faites.clegg@edu.tbz.ch"|"w8Q6IY-GNrcag-6uiChK"
"marylene.crowcher@edu.tbz.ch"|"TODpVP-Y@xSTF-dF1zWT"
"aimee.wimpeney@edu.tbz.ch"|"GbN1aY-FwoYVK-$p7HPf"
"renee.atkins@edu.tbz.ch"|"YV%OYw-v#aSZb-K@ydaw"
"rejane.cainey@edu.tbz.ch"|"Mr$yjs-1uRYW9-FwAYu5"
"solene.britney@edu.tbz.ch"|"PEHjZc-5EShPU-YXr9dF"
"marten.shatliffe@edu.tbz.ch"|"ljBnCM-522CN1-pjgunz"
"maite.issatt@edu.tbz.ch"|"egclaR-gQ56sF-QDj9bi"
"maelyss.edon@edu.tbz.ch"|"n65RMu-OBizHB-4efzIj"
"nuo.bamling@edu.tbz.ch"|"RWLPau-vyX6Ad-9&atLH"
"anais.edards@edu.tbz.ch"|"3JUM1j-OL5v&t-2so8%V"
"mediamass.bromet@edu.tbz.ch"|"sy4RmL-jDnH5@-MTYMFF"
"beatrice.kimbrey@edu.tbz.ch"|"QiUiYf-HZ1uSU-ZE#KyR"
"ines.lawranson@edu.tbz.ch"|"lyOz%H-INXY1e-ZatM4y"
"kalliste.scandroot@edu.tbz.ch"|"2C5R5q-&Rv6LX-&9B%2m"
"mans.barrowcliffe@edu.tbz.ch"|"FrHnbP-#iiTd&-8oo$GD"
"irene.couves@edu.tbz.ch"|"cxUJQN-H$qJ4C-hX9$BJ"
"milena.mucci@edu.tbz.ch"|"2&tlB&-e$Zvdi-ZvslTu"
"naeva.cow@edu.tbz.ch"|"B5jAlR-Im4ioW-Wq3NxK"
"audreanne.mournian@edu.tbz.ch"|"ALnaUC-th1MTs-PHH1bz"
"melia.sinnatt@edu.tbz.ch"|"uba9ki-oR2&o2-S6GiOl"
"nelie.burnard@edu.tbz.ch"|"OEdvTZ-@p1KPu-u6lf%Q"
"clelia.ashfull@edu.tbz.ch"|"tt8JAZ-4%aQHB-N0w8G2"
"lie.macard@edu.tbz.ch"|"EVr7nq-qbHdde-IRnEoH"
"valerie.matoshin@edu.tbz.ch"|"36AAO@-ZnxXIc-cs665m"
"anael.hatherleigh@edu.tbz.ch"|"G#@vku-aC0j%Z-U#OVxi"
"interessant.warratt@edu.tbz.ch"|"mAM5LP-@zkzQY-$XOhPz"
"eleonore.volage@edu.tbz.ch"|"5j73Bx-SuKSTt-CNofLa"
"zoe.stebbing@edu.tbz.ch"|"s5lNdG-FiBZoP-qmfntu"
"alizee.nye@edu.tbz.ch"|"XKaGXE-ZY4SqO-BUZ8QC"
"celestine.bramley@edu.tbz.ch"|"TTlTq&-iLSrmy-6Qyd#O"
"selene.philcott@edu.tbz.ch"|"U%gsIR-YKWLZr-h&J0WJ"
"tang.newens@edu.tbz.ch"|"GmpI0q-V7OG8c-YrO75M"
"annotes.powys@edu.tbz.ch"|"n#gv51-xK%Ug#-kxmx4e"
"lea.matthesius@edu.tbz.ch"|"&X5yVA-#fDdpB-LN6dlw"
"illustree.garlett@edu.tbz.ch"|"CFMAD4-GUdKO8-r5cP8O"
"maiwenn.meachem@edu.tbz.ch"|"4PNEiF-G@G5js-a&sKUt"
"marie-francoise.mcbrady@edu.tbz.ch"|"v%Q6cx-Y&lWjD-PeEKax"
"illustree.gimbart@edu.tbz.ch"|"x$rpvp-l7eLt9-L&c&E$"
"melys.lyosik@edu.tbz.ch"|"zJxfdS-3uZpSC-cad&6W"
"marylene.mcnab@edu.tbz.ch"|"Amfhed-#dsrNG-Ia#y8t"
"gerald.blount@edu.tbz.ch"|"Ny7pKJ-NW9tEb-&x3%$2"
"clelia.shakelade@edu.tbz.ch"|"wvbTDV-dw$g8X-ohtfnQ"
"penelope.cridlin@edu.tbz.ch"|"Kg9SN2-2rQgDy-o&kk0W"
"maena.okuddyhy@edu.tbz.ch"|"lCETnv-arOogG-wJ6Gzq"
"athena.keynd@edu.tbz.ch"|"l#6g0Z-6G1CvY-WS53Hl"
"cloe.dwine@edu.tbz.ch"|"%5u3Jk-GDodnV-pt5P7E"
"josephine.browett@edu.tbz.ch"|"DJm0Ws-vFI#mX-tB94Ak"
"audreanne.oscanlon@edu.tbz.ch"|"yTEdU3-GEPi27-VLD&%S"
"fei.jeanequin@edu.tbz.ch"|"jKw7DW-mcBE5b-vh0tSB"
"lois.gormally@edu.tbz.ch"|"b5E#5o-D2UBff-@FQJJH"
"marie-francoise.finnigan@edu.tbz.ch"|"kQ@Rvq-QeVZ#K-lcUBb%"
"leonore.trussman@edu.tbz.ch"|"7sLpdI-Z5H&qQ-$Iv7ks"
"anaelle.trumper@edu.tbz.ch"|"gOT8IU-MrN4gy-OPzLXU"
"clemence.dionis@edu.tbz.ch"|"SYal1i-dfZPf@-bJxvb0"
"lois.tranmer@edu.tbz.ch"|"PLBO1%-8Ba&H$-BofR9W"
"interessant.volett@edu.tbz.ch"|"4t0Few-61KJT4-IH9Iej"
"personnalisee.deackes@edu.tbz.ch"|"qsJNB%-Zzncc3-3t22lk"
"lie.vasiliu@edu.tbz.ch"|"ZDx7K#-KSx2dO-Qb5ImT"
"dafnee.lamputt@edu.tbz.ch"|"s7$cKR-&J%Rjs-%#$Gtk"
"elies.bromige@edu.tbz.ch"|"ysgPCq-H426JF-TSgBkr"
"helena.klosser@edu.tbz.ch"|"nRugsv-Kz4k35-@gze#B"
"andree.grim@edu.tbz.ch"|"pN9Khe-6WU%iC-BddoUr"
"verane.coldbath@edu.tbz.ch"|"MjLUag-1225CA-pqdQLs"
"helena.bethell@edu.tbz.ch"|"UIfhZg-HRTngu-M@ngac"
"kalliste.carefull@edu.tbz.ch"|"Pk7&su-8Qu0Xt-eJYOE@"
"regine.odams@edu.tbz.ch"|"p%GC@g-wgAiGf-rI1VK4"
"len.stannus@edu.tbz.ch"|"LYpXbM-nTK%&H-6FltSD"
"angelique.works@edu.tbz.ch"|"VC2$oq-yZdkOn-KHE&NZ"
"goesta.rheaume@edu.tbz.ch"|"&Hh&DC-9zA@1n-gT$hUY"
"maelys.tynnan@edu.tbz.ch"|"%GiOtC-quqJJ5-7ix904"
"maelle.carlesi@edu.tbz.ch"|"cRdsn&-wIghyY-T$Mvnl"
"anael.spurden@edu.tbz.ch"|"RC1qIy-lHWnuM-1DA6fw"
"helene.pumfrett@edu.tbz.ch"|"gJEDH4-cWD7LP-Zay1Ve"
"goerel.pearn@edu.tbz.ch"|"lIh9Q@-gPYImV-A&@N6a"
"laurelie.dezamora@edu.tbz.ch"|"xzG&on-eu5czf-BgnUlL"
"yao.twidale@edu.tbz.ch"|"GyMQb0-WJQ9mX-GRnKkb"
"berengere.sola@edu.tbz.ch"|"kpZpsx-hAa5@G-Qrju8J"
"maelann.hardistry@edu.tbz.ch"|"ZboK4m-72r4&d-Q6cW&1"
"severine.littlefield@edu.tbz.ch"|"VtcxDk-n6MyNS-B5VjqV"
"salome.heinl@edu.tbz.ch"|"gRuGi8-8Z0cPU-uqTq1c"
"meryl.warbey@edu.tbz.ch"|"2Cw4vh-PsDqtF-YCIH%o"
"da.hunstone@edu.tbz.ch"|"$NYjWP-uOqb2i-5IBDho"
"venus.broadbury@edu.tbz.ch"|"UW$ZXB-&1wXIa-M8bGx1"
"meghane.rentelll@edu.tbz.ch"|"Vu&R@m-cheSk2-#s3vYW"
"marylene.drewitt@edu.tbz.ch"|"IjKB4@-StRBJb-PwGEpU"
"melinda.jacquemet@edu.tbz.ch"|"X42xxl-URqr0f-aAr165"
"marie-josee.keyden@edu.tbz.ch"|"pKeRf8-PvTZUZ-wQI4vC"
"asloeg.montacute@edu.tbz.ch"|"6wQ5dO-e2vSzL-f2DJ5G"
"ku.andreou@edu.tbz.ch"|"2ZvTBo-pwWMUM-uLs@TA"
"personnalisee.feaveer@edu.tbz.ch"|"1hK%To-au2LTV-YNUC1j"
"laila.emptage@edu.tbz.ch"|"uOO3Dp-NHZ#aR-2sZH6u"
"bjoern.dawdry@edu.tbz.ch"|"TdpWKZ-GehH3%-D2gVOi"
"marie-eve.dinsell@edu.tbz.ch"|"lwYhL$-@yQnij-M3oV2o"
"helene.follett@edu.tbz.ch"|"r#$2HX-ii59rd-O@S7D@"
"penelope.cordero@edu.tbz.ch"|"Ee19bM-QpWuT$-aCMIOk"
"boerje.beedell@edu.tbz.ch"|"PJdACY-lfhnL&-isKB3F"
"nelie.ferne@edu.tbz.ch"|"T%RFi1-o5yGbr-4va&@u"
"celine.ahmed@edu.tbz.ch"|"$B&kNw-fYxWa@-wwH2kH"
"stevina.pimblett@edu.tbz.ch"|"KUo11c-OKT@&T-lIlopH"
"chloe.langlands@edu.tbz.ch"|"hDpuhO-M7ty%W-r8trGr"
"simplifies.maude@edu.tbz.ch"|"HULkID-YB8sHg-v9Ngbf"
"genevieve.decarteret@edu.tbz.ch"|"ylEkYh-hxWsMI-U0upkw"
"marylene.mughal@edu.tbz.ch"|"QJP@JH-CoTnMB-ng11Vt"
"goeran.guttridge@edu.tbz.ch"|"6Gsj1m-MhfyEB-ILgcAf"
"michele.smurfitt@edu.tbz.ch"|"CKUvIA-Ri3$T2-ou3dR7"
"methode.hadeke@edu.tbz.ch"|"bDA%vz-2%QCex-BZAeEh"
"therese.rispine@edu.tbz.ch"|"%eOiP#-t7V6EZ-FqBcx4"
"goerel.plumley@edu.tbz.ch"|"Z$BUQ4-nCvA%k-nEE@rq"
"oceane.friett@edu.tbz.ch"|"drzk4A-Gk4RT6-Kuhk8q"
"marie-noel.achromov@edu.tbz.ch"|"6&lDj&-z7vtCN-3$Z7dT"
"dorothee.storek@edu.tbz.ch"|"#cv0FA-dP7v@6-YP#uF0"
"goesta.whittle@edu.tbz.ch"|"v&BXp6-5WTUwW-8wNl@z"
"desiree.casely@edu.tbz.ch"|"C&xfcM-Hg95h7-CAeUhp"
"felicie.condon@edu.tbz.ch"|"WScmnx-5oIK9Q-Ipkxw8"
"maelyss.frisdick@edu.tbz.ch"|"RSXysz-OQBixT-L$ydto"
"aimee.banke@edu.tbz.ch"|"FMJPJG-Fh8%sF-gE@Aaw"
"naeva.hodcroft@edu.tbz.ch"|"0SdqLi-BuOa#o-cTUDjg"
"laila.gerrans@edu.tbz.ch"|"2cIL@0-ProHC2-5Iy$Qf"
"daniele.scrimshire@edu.tbz.ch"|"%Ekqp@-nCS0X3-610%TQ"
"daphnee.sheerin@edu.tbz.ch"|"0cGlMJ-irOo6G-1NCXDz"
"pal.vanyukov@edu.tbz.ch"|"zyyBWV-jbTfBD-REwyna"
"zoe.childs@edu.tbz.ch"|"GBI%Fs-hDuIxW-U1wETp"
"ai.corde@edu.tbz.ch"|"I%MBZQ-y6H3$n-NtNuUl"
"maelys.berryann@edu.tbz.ch"|"FJTMLB-n%#vmn-5X#iTB"
"cloe.gladding@edu.tbz.ch"|"jz#87g-m91o55-qwTLXJ"
"wa.kinnaird@edu.tbz.ch"|"upp1Ay-WSkjrj-xfVlVD"
"publicite.brittoner@edu.tbz.ch"|"VJ5T#0-lNuO&5-glrD1a"
"rao.windress@edu.tbz.ch"|"oMavq1-Hvr&v@-6$RUlM"
"uo.kollach@edu.tbz.ch"|"wMBm7j-4UVhbh-gyK72U"
"josee.peskett@edu.tbz.ch"|"i3f3Nu-IebAOU-w#eLzo"
"annotee.hasel@edu.tbz.ch"|"0PR&oT-%8ex0L-#ppP55"
"cinema.lee@edu.tbz.ch"|"mcjwzs-UC6Chc-42Hj8c"
"lai.vedeshkin@edu.tbz.ch"|"GEC76p-VOogiC-s40E2o"
"renee.brisbane@edu.tbz.ch"|"pxjAuf-Aw7teB-TJ6#e1"
"ophelie.blincoe@edu.tbz.ch"|"khruGh-94aT5T-oisVgb"
"zhi.prazor@edu.tbz.ch"|"sTnFwm-wUuNN#-LT@l5I"
"annotee.maddicks@edu.tbz.ch"|"mirQBN-Yoxqd2-BwG%Iv"
"maelyss.codd@edu.tbz.ch"|"Cn&KL1-zP0lFG-DvOAGv"
"celia.peplay@edu.tbz.ch"|"sonkNn-BQ3sj5-Yy3zTN"
"interessant.skone@edu.tbz.ch"|"$Wkd0p-odK8gm-Q361@9"
"audreanne.hebdon@edu.tbz.ch"|"WqCW5k-OE0D8a-Jqybk%"
"oceane.glen@edu.tbz.ch"|"B2r%3l-T&eK37-5Jlmzb"
"daniele.vanyushkin@edu.tbz.ch"|"pkxUJf-ToXVs0-gsSrpr"
"daphnee.ayce@edu.tbz.ch"|"gLJljS-xBqTs3-dxEdtJ"
"andrea.attride@edu.tbz.ch"|"$7QwY1-8Mxe5@-hkCJ8M"
"penelope.bridgwood@edu.tbz.ch"|"URFy2L-6d93&@-@v$sfw"
"mailis.drewitt@edu.tbz.ch"|"A3WeqE-tB1uZq-GakCwp"
"penelope.mollene@edu.tbz.ch"|"DONs4v-ixW&k4-GHX6sY"
"illustree.keely@edu.tbz.ch"|"pcmoHL-BN6kXu-VZgbil"
"meng.brisseau@edu.tbz.ch"|"T3WoXy-V62YAT-BRIiSP"
"ruo.cleiment@edu.tbz.ch"|"fFtl0T-xnj@07-%IPRtI"
"maite.krammer@edu.tbz.ch"|"AUoPTE-a4@asz-0hGMip"
"genevieve.verry@edu.tbz.ch"|"j#2&E8-JA6BRC-G7%4OP"
"lea.olochan@edu.tbz.ch"|"Rl0SSp-g&LkAR-U&OKOc"
"naelle.brunnen@edu.tbz.ch"|"GvGs9Y-jct%nh-QW$9ut"
"goesta.bragginton@edu.tbz.ch"|"gTIuUT-kbpoYm-SBh$Um"
"fei.danilyuk@edu.tbz.ch"|"Hh7sSz-O&fJw3-H$MnHX"
"adelie.turbitt@edu.tbz.ch"|"3cHJHQ-UQCe8K-dZDMlv"
"marylene.nutman@edu.tbz.ch"|"tHpuko-ZN1UXM-7zBlhm"
"therese.barbrick@edu.tbz.ch"|"HNAqeC-B3lv#S-C4xXZD"
"melys.kolodziej@edu.tbz.ch"|"7S9Wku-QUZf@s-lHj8jP"
"melanie.runchman@edu.tbz.ch"|"yp8bQY-dImy2K-Dn38uf"
"serena.lafond@edu.tbz.ch"|"ARYSmb-#y#yNO-IHL2MO"
"pelagie.desmond@edu.tbz.ch"|"CNUI@A-p7iUE$-bzl7SG"
"wa.spickett@edu.tbz.ch"|"5RsbS6-KAYTlh-6a9pek"
"po.shave@edu.tbz.ch"|"X7L0MN-K9hTNT-nz7NDZ"
"song.huikerby@edu.tbz.ch"|"$1Q$1I-uAw9Wt-ljR3F#"
"melinda.bimson@edu.tbz.ch"|"c1eWDw-UX6Jxz-1vplj&"
"personnalisee.toffanelli@edu.tbz.ch"|"xxT%@m-fgkAGp-7dYVMn"
"leandre.hurn@edu.tbz.ch"|"CFUaQC-&F#Wl@-DBd2tI"
"oesten.standell@edu.tbz.ch"|"zj8vJl-vMKxfX-Srs34@"
"naelle.smaleman@edu.tbz.ch"|"vbVckW-g6L&zX-yWV4t3"
"berenice.tayt@edu.tbz.ch"|"Ty4Hfb-6oErWo-HZC$vd"
"kui.popplewell@edu.tbz.ch"|"Zglm4E-E6HsWD-D4q1F&"
"melodie.ferandez@edu.tbz.ch"|"pK7pK6-SvAbS3-$A#Ln@"
"josee.negal@edu.tbz.ch"|"qN44Gs-wUkQtg-2y7wAn"
"melissandre.ferrelli@edu.tbz.ch"|"zKL@Ua-s7an7u-43Pi#1"
"josephine.kemmer@edu.tbz.ch"|"hyOn1E-lbwHZV-9D$h$P"
"maely.cayette@edu.tbz.ch"|"IQrRlI-J4D5g@-ZlfuhH"
"nelie.vela@edu.tbz.ch"|"LO@Q94-TlC@uu-rW8SxG"
"melina.cortes@edu.tbz.ch"|"8aFYBz-6kMtqm-PdG%kl"
"megane.leyshon@edu.tbz.ch"|"BtPpnU-grLbx2-rlcunW"
"regine.harrie@edu.tbz.ch"|"XUc@@y-a9mU#m-3xzOHI"
"mylene.widdison@edu.tbz.ch"|"G#GObS-oByfpP-RLTO1I"
"pelagie.vivash@edu.tbz.ch"|"lrGOh1-DGQQpe-s80CGC"
"styrbjoern.vicarey@edu.tbz.ch"|"pVTgr5-zZCNS8-U%54em"
"long.kyles@edu.tbz.ch"|"uL%LT&-fxC$sA-H3gjJx"
"stephanie.gipps@edu.tbz.ch"|"nb4iLC-F&x%eV-Ua@Unz"
"clea.constantine@edu.tbz.ch"|"nWndBh-i50sov-I#1PqJ"
"maella.cometto@edu.tbz.ch"|"gP%JeQ-oJtsQG-UtMhPZ"
"laila.aubrun@edu.tbz.ch"|"2aoTNj-du7HPk-qfUN#Z"
"yao.austins@edu.tbz.ch"|"Z8WQvy-0Xm##U-1oubl9"
"mailys.rylstone@edu.tbz.ch"|"OBk7qp-Nao1sF-$LHt9I"
"adelie.curuclis@edu.tbz.ch"|"Ni2P#w-asVCYV-N3lK$r"
"celine.longhurst@edu.tbz.ch"|"fCJiEW-na&O%r-5SnNC2"
"gisele.hazell@edu.tbz.ch"|"B6mgny-WMD8KH-c2ofxN"
"celestine.ciccone@edu.tbz.ch"|"vciLMT-6BWYPb-dYnXfh"
"maelyss.doole@edu.tbz.ch"|"2ZrM1B-FQW1@@-Gza#Gj"
"helene.grimsdike@edu.tbz.ch"|"9w1Ps6-eCKMc#-DpOER7"
"lie.macer@edu.tbz.ch"|"SlI1M&-KLJrmq-aQh0hn"
"maely.izard@edu.tbz.ch"|"tcbqBd-TQHMEF-0PtU4i"
"erwei.breewood@edu.tbz.ch"|"AI2KUr-8@ML9A-6$U8PV"
"chloe.woolford@edu.tbz.ch"|"hJZb4u-rHmGnd-%ENm%G"
"cleopatre.turpin@edu.tbz.ch"|"MUsvlr-f28TeB-0TRaw6"
"melodie.surgison@edu.tbz.ch"|"8%6L6U-z7Fk#b-VdBOhe"
"elies.leander@edu.tbz.ch"|"HpvaeQ-#5@JXx-O3GFb$"
"mediamass.reignould@edu.tbz.ch"|"K%Gyol-Mbdpu5-wBT1@V"
"celestine.wasmuth@edu.tbz.ch"|"iT#tsm-Kle@1T-IacDlI"
"marten.jervis@edu.tbz.ch"|"LzuZXq-BAVkR1-5koiMe"
"daphnee.bour@edu.tbz.ch"|"LDMKqi-THMV@M-qtHZ4p"
"regine.harlett@edu.tbz.ch"|"To9h4n-dt#kQP-o5xVX9"
"noemie.macaskie@edu.tbz.ch"|"NDgwPL-wHbGVJ-v$7APB"
"loic.renfield@edu.tbz.ch"|"6kUD@G-q@rs17-C4ihGf"
"venus.kleinert@edu.tbz.ch"|"#h4nv&-SGxRpL-i$hhDZ"
"marten.burlay@edu.tbz.ch"|"j&mZUz-QyEqTt-u#SXh%"
"berengere.radsdale@edu.tbz.ch"|"Ad7hFw-7eJEMB-QI70ML"
"genevieve.duckit@edu.tbz.ch"|"NtutZB-SxJQEj-&mWOIB"
"maely.ligerton@edu.tbz.ch"|"12sIW8-&hz&aa-iql0MK"
"maeline.ricciardelli@edu.tbz.ch"|"jbsydy-OhbA0@-QSxaaV"
"personnalisee.yggo@edu.tbz.ch"|"9#@7Gc-mG%1ri-kBY8s&"
"alizee.pettinger@edu.tbz.ch"|"vS39&G-IJ7B9$-itww1f"
"desiree.curnnokk@edu.tbz.ch"|"3M0LiK-6Le9ok-L8FCX2"
"dorothee.minors@edu.tbz.ch"|"rkjH2#-iuuLWL-l&QsgG"
"oceanne.kopmann@edu.tbz.ch"|"uJCxK4-u7UKXW-plfTD9"
"almerinda.brodbin@edu.tbz.ch"|"5u#5hN-EYiIQu-rqcSV9"
"yenora.carsberg@edu.tbz.ch"|"Q4LGjM-AQcSQQ-23&oEK"
"wa.beetles@edu.tbz.ch"|"0M&oLE-P#bh9B-rYhxas"
"audreanne.abbot@edu.tbz.ch"|"azH787-Bjy&sP-R7a6m4"
"noemie.capper@edu.tbz.ch"|"YWFfxX-3XMah6-SKMqfg"
"mans.abramamov@edu.tbz.ch"|"N7D74U-gveROr-8cW&EW"
"audreanne.blakey@edu.tbz.ch"|"gdMnWp-TgpNeo-oVi@Ql"
"leone.klimpke@edu.tbz.ch"|"q0AZyx-PqPhBQ-bfPVxU"
"lie.croston@edu.tbz.ch"|"nlGL2F-EVOmzn-uVHUh3"
"anaelle.baistow@edu.tbz.ch"|"HvbIKg-Qruvvs-23UW7@"
"michele.garwood@edu.tbz.ch"|"x027Kc-aLVPpm-3L0ZM7"
"interessant.albion@edu.tbz.ch"|"CZfTJL-S$o&rq-U&xuFz"
"andre.brisco@edu.tbz.ch"|"RZoPaK-zrbEN@-mBeA12"
"tang.totterdill@edu.tbz.ch"|"Ky#Rus-wfovLr-plkCxr"
"marie-josee.braundt@edu.tbz.ch"|"6KiCeg-08y%V6-qM9WiA"
"lois.galer@edu.tbz.ch"|"sipkXJ-pEbN9k-BlXkeL"
"faites.pellamonuten@edu.tbz.ch"|"sQhd0i-G9&9Vl-@4eCoA"
"mai.barfford@edu.tbz.ch"|"btCgBl-vPYHaO-gjg9Le"
"laurene.macilory@edu.tbz.ch"|"JvM1Oo-EG06Hb-t8#ueO"
"elea.peak@edu.tbz.ch"|"11oAcS-Q@UVyk-Q6n&Z4"
"rejane.doni@edu.tbz.ch"|"$05eNh-CYCvUC-ISeGCn"
"mahelie.ector@edu.tbz.ch"|"&gag%t-81h35a-I$sVUT"
"rachele.allum@edu.tbz.ch"|"2dfNqu-cA2u9x-r7jEfz"
"laila.gerretsen@edu.tbz.ch"|"cD8igV-6i9vDq-GTK5rH"
"ines.bowman@edu.tbz.ch"|"FAVNzr-5Z3oa1-ckhbNU"
"publicite.barbary@edu.tbz.ch"|"JxkAqV-&yxtTT-gmI5NT"
"mailys.smooth@edu.tbz.ch"|"0rx5yL-Djmyut-U%TakP"
"mailis.huguenet@edu.tbz.ch"|"aYFU3G-WB8zV5-Jznas$"
"lea.ewer@edu.tbz.ch"|"LVX0GZ-YaWEW5-EKN$Bb"
