"mail"|"password"
"melodie.vandervlies@edu.tbz.ch"|"BoZORV-MSd829-kxaiBF"
"angele.edgecumbe@edu.tbz.ch"|"yvY6Rz-II2L9x-S9sN3a"
"zhi.andreasson@edu.tbz.ch"|"MtCsKo-bzo5W3-#AGx0F"
"judicael.koppeck@edu.tbz.ch"|"gX8s2O-edEjf4-wxUyeO"
"berengere.capron@edu.tbz.ch"|"y&dFBT-hSjL4j-k#20qt"
"leonie.brosini@edu.tbz.ch"|"KnoBx$-@74e@v-#w@njJ"
"venus.garfit@edu.tbz.ch"|"H8gsTt-VSiGjQ-6HSBVV"
"melina.janota@edu.tbz.ch"|"x#NY8p-J#b5GB-Fcux85"
"laurene.bake@edu.tbz.ch"|"6$A5m5-9L68D@-LMRLxm"
"regine.dorkins@edu.tbz.ch"|"qqRqVP-6$bZlF-xhJiTE"
"cecile.moffet@edu.tbz.ch"|"Quwnpn-Z#P%&P-NhZIRl"
"maelann.labrone@edu.tbz.ch"|"HoDRoT-#6k8v4-5Ds68i"
"melinda.newbold@edu.tbz.ch"|"Q#3Qba-9@CVwr-bPN$06"
"mans.itzhak@edu.tbz.ch"|"uD7kZh-08INVa-LYnO7l"
"melodie.pattlel@edu.tbz.ch"|"8NjAu@-mCQhZ#-4Mxm8&"
"celine.bonett@edu.tbz.ch"|"S38Bpv-O5VzsP-DF1ibT"
"adelie.mcgreal@edu.tbz.ch"|"KkgXPQ-7rm80S-%TVuUR"
"helene.soldan@edu.tbz.ch"|"yDtMZl-tZ9qYV-cp1rhQ"
"michele.cluer@edu.tbz.ch"|"x@pu7G-xUrHs&-KtY8GW"
"maeline.mueller@edu.tbz.ch"|"UipGwt-1dyi1N-1&aszC"
"maelann.benedito@edu.tbz.ch"|"Ac%8l1-NqYkq&-H7jIqY"
"nuo.gransden@edu.tbz.ch"|"Xgz3SJ-HBsrN1-jX5p0Z"
"berengere.stainton@edu.tbz.ch"|"if2mcp-C1XsV#-3H79zx"
"wa.sabater@edu.tbz.ch"|"BvQTlK-$zxp7I-pTBVMT"
"anais.cochran@edu.tbz.ch"|"DI7@hu-UYbpk9-D&96uB"
"gerald.bessant@edu.tbz.ch"|"25&Uae-bNoCSE-GAJY2J"
"ruo.coffin@edu.tbz.ch"|"lmbd4D-$84w0x-DVEn#T"
"melodie.mustill@edu.tbz.ch"|"4cWI3h-&YO327-Qi&fJT"
"ruo.stanesby@edu.tbz.ch"|"t3qNoa-@BbGTR-THkADR"
"noemie.antognelli@edu.tbz.ch"|"VX2h7K-Q05Pgv-RgVGIP"
"maelann.hughson@edu.tbz.ch"|"s%C5L0-Mf9W77-qAynS@"
"milena.mieville@edu.tbz.ch"|"Qz&X4J-XIqwtl-sSeIp%"
"mailys.chamberlin@edu.tbz.ch"|"ZnAx$6-mgs9Jv-NKggiR"
"nadege.tomalin@edu.tbz.ch"|"ZPx@0P-p3Di9X-TSJNfL"
"oceane.omara@edu.tbz.ch"|"Ya$z3y-Pbdzsu-LFibmh"
"cecile.aguirrezabala@edu.tbz.ch"|"PVDj&N-1wRELv-9otjcG"
"maella.gwillim@edu.tbz.ch"|"f9qolE-uM7RPB-4fSerW"
"lea.mcgahey@edu.tbz.ch"|"OAsYI7-G$bIuc-qhPGAR"
"laurene.hagerty@edu.tbz.ch"|"d4Zisy-IPVR1x-GOTwVZ"
"dorothee.link@edu.tbz.ch"|"6llfWs-y270U6-sENjdN"
"clementine.kynsey@edu.tbz.ch"|"iUBR#K-%7LPha-JiCFGX"
"lorene.smitherman@edu.tbz.ch"|"mymNGu-mV%@2u-R&7PgA"
"cleopatre.klulicek@edu.tbz.ch"|"#T%1qn-vMZaoj-@fovjz"
"laurene.castaneda@edu.tbz.ch"|"UFi%Db-XJ&qxL-oqb7Gw"
"melia.constant@edu.tbz.ch"|"x7dA#9-vpsVhS-cvRs#k"
"lucrece.clunie@edu.tbz.ch"|"GDiEIv-wqNgKM-Bqh3ex"
"eleonore.mcmurthy@edu.tbz.ch"|"tVqN26-FcfWwI-OXuagH"
"melia.bevar@edu.tbz.ch"|"BV3JyU-1&aurf-NxtpYk"
"camelia.bontine@edu.tbz.ch"|"giM6ZV-cidiWA-vEJIH7"
"methode.jozefczak@edu.tbz.ch"|"p1IawF-p&s3Yv-ySo85G"
"audreanne.hinsche@edu.tbz.ch"|"k%SmYc-uiAcDj-ixwR2l"
"andree.varne@edu.tbz.ch"|"LzmXDl-7FolLv-qeTmO0"
"marten.kinleyside@edu.tbz.ch"|"N6qBvX-Z%rO9R-rt1HuW"
"esteve.mcewan@edu.tbz.ch"|"bAK5du-%GDEjp-G3MJkg"
"leane.dibbert@edu.tbz.ch"|"7y$EM#-UI7zir-pvEoqu"
"ma.thewlis@edu.tbz.ch"|"qIkNVK-0zdNMH-bJjtfR"
"clea.djurkovic@edu.tbz.ch"|"5fdUN%-Inpqa5-WxB@Lo"
"rachele.reburn@edu.tbz.ch"|"1Dtdzz-OqkvES-WY31Nk"
"gerald.gowling@edu.tbz.ch"|"&sCGs8-VM#f3n-ma$wMs"
"cleopatre.jackson@edu.tbz.ch"|"uJM5HS-UXCp4@-rz6nqZ"
"desiree.haskins@edu.tbz.ch"|"eflBOf-@T8dCH-7v6x&w"
"eleonore.longson@edu.tbz.ch"|"YG6kyT-x7%Ire-c3w3jr"
"leane.dybell@edu.tbz.ch"|"YBpxOq-u9Q4@D-XS1D1T"
"becassine.grzesiak@edu.tbz.ch"|"2oI1yh-aAIiXM-qnFuum"
"marie-josee.pickin@edu.tbz.ch"|"b7P24E-%n&avN-2$FPei"
"marie-josee.roxby@edu.tbz.ch"|"LjW0Km-IhJh#J-g$AEcK"
"leonie.feenan@edu.tbz.ch"|"ohxnHb-DcHJGL-StyN0a"
"valerie.ellum@edu.tbz.ch"|"SDtmux-4JPBEX-oo$6JB"
"ju.caseri@edu.tbz.ch"|"DOSIh9-3Ja1ja-8Fv$3@"
"boerje.strangman@edu.tbz.ch"|"4giHP8-fBjBEa-m@IQ8B"
"beatrice.ghidelli@edu.tbz.ch"|"UIBC6j-AJ0MMe-Q9hV%I"
"da.jablonski@edu.tbz.ch"|"nJMN6%-V%oIAD-WCNtDw"
"uo.beveridge@edu.tbz.ch"|"68Bzg4-hFcFGa-8nFILC"
"valerie.bestman@edu.tbz.ch"|"UqiH2r-F2SdAh-JO1pbn"
"marlene.pohls@edu.tbz.ch"|"1oKTkN-CK0J9u-em5YvG"
"ma.nolda@edu.tbz.ch"|"cUGApL-rTu%zv-Pwjb0t"
"marlene.bisiker@edu.tbz.ch"|"zbi4Tk-lIGqyb-lxOQl7"
"estee.babon@edu.tbz.ch"|"lGQBLy-WIF4Dr-BpdIGZ"
"simplifies.dmisek@edu.tbz.ch"|"3&Pg7S-c9OoQ6-SmnKtu"
"selene.ganing@edu.tbz.ch"|"m6D@##-avSMW6-h#MRU4"
"meryl.penke@edu.tbz.ch"|"sQJwc@-HV68TE-TiNE1i"
"anais.rawcliff@edu.tbz.ch"|"sEKGT6-F9Qbsa-zLBvFo"
"melina.andri@edu.tbz.ch"|"GFC$31-bis968-h%YUOj"
"audreanne.fodden@edu.tbz.ch"|"tHhVmb-8wk$m3-DkIva$"
"bjoern.spellesy@edu.tbz.ch"|"zwF6u3-ODZvH1-#jXzvA"
"francoise.summerscales@edu.tbz.ch"|"sYy$JU-300pRH-IZllB9"
"laurene.ashtonhurst@edu.tbz.ch"|"FoAKbZ-bMB9#T-DPgs6q"
"valerie.petters@edu.tbz.ch"|"SROS@Y-lBYyME-&DViLW"
"anael.spenclay@edu.tbz.ch"|"LTACnG-TV$Ril-Efo%lB"
"stephanie.keech@edu.tbz.ch"|"BQX@HO-QKNJHf-vlGyc6"
"ines.deveril@edu.tbz.ch"|"jVJaa2-DFUIWQ-1Ilhc7"
"berenice.gelder@edu.tbz.ch"|"fcn7hA-tOMiL1-1Srr1x"
"melanie.ofogerty@edu.tbz.ch"|"9$Bc59-2e%5Ol-tG4ldO"
"frederique.canepe@edu.tbz.ch"|"k52SpZ-%TNqHm-1eQC6o"
"nuo.otton@edu.tbz.ch"|"o1ISqZ-pfiirn-$TA8JA"
"genevieve.trusler@edu.tbz.ch"|"2KL1WZ-y7A#ZE-#m#XNH"
"ju.boag@edu.tbz.ch"|"CI0BNZ-s0tI$1-pS2QPu"
"josephine.dilucia@edu.tbz.ch"|"Gu@KNH-K6%RRO-G7mbuS"
"laurene.armsden@edu.tbz.ch"|"t85S2a-$N#kEr-%7qz2y"
"becassine.griffe@edu.tbz.ch"|"HCMtFa-p2mMbc-WwV#jr"
"alois.parres@edu.tbz.ch"|"Eu1&wv-xNeGye-zhUyIE"
"cleopatre.gaffey@edu.tbz.ch"|"k&gAK#-G%ns2W-FYUMy%"
"andre.stiger@edu.tbz.ch"|"M@B3#G-aPG$6H-reecGt"
"beatrice.godleman@edu.tbz.ch"|"cc75GU-%rtf9S-x3Mb20"
"hakan.harrhy@edu.tbz.ch"|"8EOSNR-si0xvA-zRprj5"
"celestine.dagnan@edu.tbz.ch"|"a448c$-kqvlF4-KDLMi9"
"clemence.haggart@edu.tbz.ch"|"%92zYl-rJ3%PM-#J$6xU"
"long.caban@edu.tbz.ch"|"iCUZ2C-r@zrfr-2blvM$"
"gaetane.grimble@edu.tbz.ch"|"rcsiGE-bLQ2YE-fEqJvJ"
"maelann.piwall@edu.tbz.ch"|"xKxHZK-5mjbHS-fPPUHx"
"magdalene.loble@edu.tbz.ch"|"uxb#2s-uv@2ym-H9%gEO"
"veronique.domaschke@edu.tbz.ch"|"u&C1Mg-yvL7rD-Q808Kl"
"clea.herity@edu.tbz.ch"|"H1v9KW-y4vm@3-FfdWtU"
"maelann.bambrough@edu.tbz.ch"|"iJSbPR-7Co1w8-QLV3z6"
"clea.goulstone@edu.tbz.ch"|"D$aR8K-ij#mGe-O8Rthe"
"renee.deleek@edu.tbz.ch"|"HGMXDm-sYJ$JW-uRPcyx"
"boerje.rudderham@edu.tbz.ch"|"OcuIQM-bym0i0-Q4X8G$"
"marylene.broune@edu.tbz.ch"|"dHrDzI-0MMFn$-O&uSDT"
"nadege.mccuish@edu.tbz.ch"|"W7g4@i-ywvOhp-RdbcOX"
"anael.littleover@edu.tbz.ch"|"qS&$7W-PaNPuc-JbQY$B"
"lie.baume@edu.tbz.ch"|"f0JVo3-$Byxbj-XPzsFK"
"maella.murrow@edu.tbz.ch"|"oouFyx-mei66r-#7rXVo"
"cleopatre.pettifor@edu.tbz.ch"|"Hy1BpA-jmwEYu-%0CCBv"
"geraldine.asker@edu.tbz.ch"|"Busek4-Ebj2mf-8qrrSh"
"gaetane.smedmore@edu.tbz.ch"|"&UWrTB-wHileH-2pXdRx"
"meryl.blencoe@edu.tbz.ch"|"WILrgd-5lgN@Q-vyjmUN"
"aurelie.chastaing@edu.tbz.ch"|"$SYVgZ-e8NOo6-TvHsAs"
"oceanne.marthen@edu.tbz.ch"|"WwDrkI-FIv&tR-3dLUkI"
"dorothee.burrill@edu.tbz.ch"|"dkfZpw-h#fpZv-4KirmF"
"hakan.belden@edu.tbz.ch"|"mGfc$$-paaO6I-qqgzBw"
"celine.brunning@edu.tbz.ch"|"AvxPS9-tfaVZu-g6t#Ax"
"anael.lapides@edu.tbz.ch"|"XqF4F4-dV%kgU-LHhWSS"
"ruo.saffran@edu.tbz.ch"|"B5MMXn-DZgx#A-zIpcIo"
"loic.gerretsen@edu.tbz.ch"|"sZZDew-r6oM8R-J1yiQd"
"rui.fitzer@edu.tbz.ch"|"TZ05lb-14s%Hb-XU0ri8"
"annotee.ogers@edu.tbz.ch"|"N98H3z-#wLEVR-yhblo6"
"boerje.bindin@edu.tbz.ch"|"Ss7WOK-@iY67W-SeYwFq"
"ma.cronchey@edu.tbz.ch"|"gbtyrK-%xvII@-GHNp6x"
"laurelie.baiyle@edu.tbz.ch"|"DnZnoP-WeXeQp-meNA9&"
"dorothee.older@edu.tbz.ch"|"a4wKNb-v%g6K6-Npp77@"
"laurena.wile@edu.tbz.ch"|"R%s%f9-oOGcaO-b1o&pn"
"clemence.brito@edu.tbz.ch"|"rcEi6B-tfHD7o-cPsQx$"
"nadege.dallin@edu.tbz.ch"|"chlF9p-wg8m&W-M7IQhO"
"mailis.matley@edu.tbz.ch"|"kee0mN-uyXXcu-e%mEAa"
"daniele.screaton@edu.tbz.ch"|"Bn#9uz-KaqFyC-VdZzw3"
"mediamass.godly@edu.tbz.ch"|"vR%H$P-Nc@ENU-mWR0Z8"
"leone.kremer@edu.tbz.ch"|"LC4$zb-b2wIEn-gMvT5v"
"asa.adrian@edu.tbz.ch"|"hQqRDK-fxRWLM-g5Trf&"
"adele.doley@edu.tbz.ch"|"iq3xx8-7TWxnR-DbJ3NR"
"fei.sidney@edu.tbz.ch"|"pGdGZu-3CoLi0-1IR%th"
"marie-josee.walisiak@edu.tbz.ch"|"dkgDK4-OE7Vg%-2C01eG"
"desiree.diplock@edu.tbz.ch"|"MN@508-qmcJJk-aCxDIO"
"gisele.schust@edu.tbz.ch"|"kByVj3-G2Ny8x-VpJujs"
"ma.longshaw@edu.tbz.ch"|"6Q4zBD-SDLEId-pTbKxK"
"da.boother@edu.tbz.ch"|"jaHplE-x532&2-9WV3s5"
"simplifies.chaudhry@edu.tbz.ch"|"zWRi$4-uDugoo-kVL$b9"
"garcon.baniard@edu.tbz.ch"|"l2O38f-bXSpAb-EXwvXG"
"gaetane.elphee@edu.tbz.ch"|"0KWve0-CGqu7c-dgTiqO"
"gisele.hassey@edu.tbz.ch"|"i9B%QC-gcvHQc-iM#poU"
"oceanne.booley@edu.tbz.ch"|"Mahum2-5m$&bk-VpJAak"
"oerjan.dibden@edu.tbz.ch"|"V8st1u-K0dfXd-PN3XRl"
"regine.ocleary@edu.tbz.ch"|"ITNkVe-7ekWBO-Dt&w$Q"
"selene.persse@edu.tbz.ch"|"tFlcNl-$qVgwl-Im@FOk"
"helena.adenot@edu.tbz.ch"|"pf4H@c-PYxp&u-sr3bl2"
"maelann.wassung@edu.tbz.ch"|"pYAk7K-9VA0Iw-zHvZ3Q"
"frederique.ackermann@edu.tbz.ch"|"b3C&tK-sr3lZi-Q#3y@O"
"audreanne.kahen@edu.tbz.ch"|"ytZq%z-32cDHA-GefJ6h"
"maiwenn.lasty@edu.tbz.ch"|"bETdzI-&JrrYF-VrDfeU"
"yu.dictus@edu.tbz.ch"|"gU#lOF-mF10Xn-&MApEP"
"anae.dukes@edu.tbz.ch"|"$$eu0F-@fBWnv-@h6Ff$"
"yenora.warr@edu.tbz.ch"|"roNGKY-ecnhNI-tcumIN"
"esbjoern.archibold@edu.tbz.ch"|"2vjZ0A-9#JU8M-Z&6C#6"
"milena.pardal@edu.tbz.ch"|"j$2HjR-h2fzXL-ZGkRVk"
"celestine.graveston@edu.tbz.ch"|"KhWQKB-OwUYbF-thX61$"
"maena.dallas@edu.tbz.ch"|"0tA%u6-rO3ckc-fMt4aJ"
"andree.tuke@edu.tbz.ch"|"Gk%A8l-2o%iXJ-j6l#jw"
"methode.seldner@edu.tbz.ch"|"%Kyh1X-naRbgT-aMS$VY"
"venus.bullas@edu.tbz.ch"|"mgfUxy-g7eklZ-xSMEiL"
"mans.aguirrezabal@edu.tbz.ch"|"TCCKvp-0fyi3E-Urm#EP"
"gaelle.eadington@edu.tbz.ch"|"#uAP#M-wVOz0e-ctCDG6"
"anaelle.falkner@edu.tbz.ch"|"UPncRj-KzgXNd-HQF867"
"ophelie.height@edu.tbz.ch"|"fWs6Pj-jGPyhG-EpQqv3"
"marten.bolding@edu.tbz.ch"|"0VQOx&-xvem%Y-MlnB@w"
"pelagie.guswell@edu.tbz.ch"|"BZ7qWl-v&ScIj-21dTbD"
"gwenaelle.lecount@edu.tbz.ch"|"ZhJ1#o-T4aeYx-G@tkDg"
"hakan.laden@edu.tbz.ch"|"Dod&zV-58lWlk-UjjOnO"
"marie-josee.hylands@edu.tbz.ch"|"jgSK1F-BLbM%$-4Khq61"
"zoe.kingshott@edu.tbz.ch"|"Ci&9IS-4mKWhN-o0pjob"
"josee.janous@edu.tbz.ch"|"FfPCYq-4Gpyzr-ID26PN"
"laurene.gallally@edu.tbz.ch"|"#fhmco-eJ#Gyt-AQlerp"
"anael.bickle@edu.tbz.ch"|"YrZv@d-enWQgP-xYQ7V5"
"mediamass.lebbern@edu.tbz.ch"|"cOIlbl-7vJK77-PD%9l1"
"berengere.hovy@edu.tbz.ch"|"tjClS1-WqN6UF-WM74ii"
"oerjan.kilmurray@edu.tbz.ch"|"BzvSEQ-SzK@0H-qDV0rV"
"asloeg.venny@edu.tbz.ch"|"W5Y8Ux-wr&GzI-@q4L9@"
"marie-noel.stoad@edu.tbz.ch"|"j6abvq-DPENVe-gWGxHw"
"hakan.pettifor@edu.tbz.ch"|"05aAOq-wRaLXq-U0BtJt"
"maella.willgrass@edu.tbz.ch"|"9V#Gft-KZN1Ss-%ZI@E0"
"therese.ludovici@edu.tbz.ch"|"QXAAZR-7#@s0L-5or&Zy"
"stephanie.trewhitt@edu.tbz.ch"|"NficI5-WzobVY-$aOIcW"
"maerta.bauduccio@edu.tbz.ch"|"H&EF8F-BrJSrZ-lThTj6"
"gaetane.glaisner@edu.tbz.ch"|"KfSw#H-jYzSBN-5gM5CG"
"naeva.pargeter@edu.tbz.ch"|"Zy1yqv-dS0&5Q-5%p8D3"
"salome.venable@edu.tbz.ch"|"062KRO-nn@y4B-uC6XGM"
"boerje.thickett@edu.tbz.ch"|"mkzk4c-Y4e4yz-Jmy54$"
"lucrece.prendergrass@edu.tbz.ch"|"dnghJK-YKYqdM-B8Nm5x"
"laurene.ockleshaw@edu.tbz.ch"|"QhJ8CC-ukgu#w-kcLa9z"
"cecilia.pasticznyk@edu.tbz.ch"|"SLb0Xu-nvYqQ8-v@8ZUw"
"stevina.mackey@edu.tbz.ch"|"6BNpmC-PfeYjm-wgFJKj"
"marie-noel.reven@edu.tbz.ch"|"75WxUu-D4G5jk-n1Y7pd"
"melina.quilkin@edu.tbz.ch"|"ZKoeTD-7rNMMS-g9#GL8"
"marie-noel.ferrie@edu.tbz.ch"|"QfT%g7-UGL0$n-F4uz4L"
"leone.alphege@edu.tbz.ch"|"U5A8Qn-VSo@Ht-zgqWxT"
"zoe.leverson@edu.tbz.ch"|"VVBhKs-G#6bXw-NkNlfa"
"annotes.grayne@edu.tbz.ch"|"1O9kzG-sgIdIj-ufI0Br"
"faites.lalley@edu.tbz.ch"|"gV6L&U-GRXdpD-T5hvO$"
"adele.wallis@edu.tbz.ch"|"m8Z%Zh-P@#dB%-MpDoTk"
"severine.madill@edu.tbz.ch"|"n$k6%r-UC2xiV-2MOTe6"
"valerie.tebb@edu.tbz.ch"|"z3d1DH-sE$qL#-9AhxXe"
"kalliste.rasper@edu.tbz.ch"|"W5zWB8-4pQqws-8#kUMB"
"audreanne.palomba@edu.tbz.ch"|"0z1Rz$-B1EvzV-4Kyta5"
"elea.adamik@edu.tbz.ch"|"Cnp$bW-eJN%Y6-fm59e9"
"reserves.jakuszewski@edu.tbz.ch"|"FpF5FO-0@@a#M-yI&r6s"
"athena.belhomme@edu.tbz.ch"|"mfwYA@-gSq6CW-lnMw4Z"
"rebecca.crippin@edu.tbz.ch"|"dorBWc-E4Qgzu-2EUBlA"
"maiwenn.curman@edu.tbz.ch"|"04LcBl-CElRrw-31Qhvy"
"andree.bunner@edu.tbz.ch"|"Q3UilC-QOmEjs-PgOacU"
"ruo.winckles@edu.tbz.ch"|"ZpIIVC-gPVL$l-wzIo&N"
"naeva.buntine@edu.tbz.ch"|"VNETvk-0fNJA6-oEsavo"
"boerje.dollard@edu.tbz.ch"|"A8MF#l-dt#5YF-X1FAKx"
"penelope.gorman@edu.tbz.ch"|"GcWUXY-2G#LIR-iKqWq3"
"alois.robelin@edu.tbz.ch"|"udErGd-6jdugK-0$vp74"
"anaelle.tindle@edu.tbz.ch"|"g8rhQG-wrU66S-UyH$1E"
"ye.frears@edu.tbz.ch"|"zEza$1-g9ZF4B-ZGkn$E"
"andree.ovid@edu.tbz.ch"|"XM1qZa-pfmgrp-x8dnA9"
"hakan.peat@edu.tbz.ch"|"%ioU5%-9B0m#9-U8P#PK"
"andre.januszewski@edu.tbz.ch"|"yJmQt8-$8tNIA-ztOYaI"
"annotes.clemmett@edu.tbz.ch"|"RIPiiS-UXeL$#-jIT85p"
"pal.lambswood@edu.tbz.ch"|"NLZqcI-DnkUp3-s6st4h"
"yao.lenton@edu.tbz.ch"|"7tEZqE-#AT6aC-jpNke$"
"hakan.boyton@edu.tbz.ch"|"cvOj70-aCvfYX-xIdiaI"
"nelie.forsey@edu.tbz.ch"|"Isgkq5-89KCvU-6Wa0jA"
"hakan.horche@edu.tbz.ch"|"Sqt8H%-BIG5&Y-xJrDLY"
"lorene.sinkings@edu.tbz.ch"|"XPq#jF-&@EobW-kpYNBB"
"marie-therese.creddon@edu.tbz.ch"|"21%Xed-USSRcf-W&X%@L"
"berenice.tolworthy@edu.tbz.ch"|"BJocOj-x&huLV-WBUzSH"
"theresa.land@edu.tbz.ch"|"yKBE0W-#Njq#r-@qtiGw"
"marie-therese.gianilli@edu.tbz.ch"|"1tqUZ%-KKDmCz-ETJ&n5"
"meryl.glew@edu.tbz.ch"|"4DDqw5-S%YocF-hHMfX@"
"adele.debling@edu.tbz.ch"|"S7ebTL-$XlFun-NG7qEt"
"anae.metzke@edu.tbz.ch"|"0pkQIO-BAMQza-tWG3k2"
"gaetane.gooden@edu.tbz.ch"|"K5zia7-myw6aE-lzYwO8"
"laila.bootland@edu.tbz.ch"|"wXmdyC-%V3BEK-2P0&kN"
"maite.helsdon@edu.tbz.ch"|"Sr6blg-p8sokk-rRzcuj"
"andree.malley@edu.tbz.ch"|"mVGn7l-nSC3@l-Rk1&%x"
"pal.simmens@edu.tbz.ch"|"arxb3p-n#LQKr-i2rr#q"
"maelys.nuccitelli@edu.tbz.ch"|"4ak@Q$-oOYdUn-c1sdaK"
"dafnee.sibary@edu.tbz.ch"|"RS5iv8-&Um&cX-4Nj#3d"
"alois.harsnep@edu.tbz.ch"|"Vm$6cW-rp2vdo-7cU39H"
"marie-helene.lacky@edu.tbz.ch"|"a@TDSH-b56YIp-DFcocr"
"mylene.youthed@edu.tbz.ch"|"MjhxWl-X%RmuD-MCN$vz"
"marie-helene.dehmel@edu.tbz.ch"|"zn%czi-p6A&oM-qVIYt$"
"angele.batman@edu.tbz.ch"|"HBFvWG-eiD$KX-fjoddr"
"melia.younghusband@edu.tbz.ch"|"HpjFhE-vPwDkE-5Una2I"
"eloise.baldi@edu.tbz.ch"|"Mvz7OF-1dqM4U-l9r5lI"
"illustree.dun@edu.tbz.ch"|"Zo4D8f-u1huC7-ernD9g"
"genevieve.late@edu.tbz.ch"|"NqAhqF-mM$jls-AuR1iG"
"celestine.colville@edu.tbz.ch"|"MM5n@v-Ro$9rZ-NZPB5G"
"gwenaelle.scarlon@edu.tbz.ch"|"i2wZhH-00J3TM-HQ7hO6"
"regine.boddie@edu.tbz.ch"|"R1keMB-229yYy-5ZmGiq"
"creez.gaughan@edu.tbz.ch"|"oALrKV-8Tti@b-M2W$CN"
"gaia.longford@edu.tbz.ch"|"vpXVug-9rgxbe-U%G4Sm"
"mailis.buckby@edu.tbz.ch"|"0ezZx1-xvS6uN-Lk7guX"
"song.parbrook@edu.tbz.ch"|"Li49y7-C0XRCZ-X@rsoX"
"frederique.heddan@edu.tbz.ch"|"c#YRz2-YCRedf-&2xCb9"
"ake.kirtlan@edu.tbz.ch"|"QjTHUC-atDzJ6-5CrxJb"
"nelie.runciman@edu.tbz.ch"|"9n2wx5-sVOIPH-X7li5w"
"mailis.cardnell@edu.tbz.ch"|"dGnvKo-Y@YO5e-IC7Tkv"
"irene.navarro@edu.tbz.ch"|"nmsK3b-kECYYH-1a3D7T"
"maite.cough@edu.tbz.ch"|"q$&irn-4R1O41-FwXyPO"
"anaelle.stocky@edu.tbz.ch"|"Ml7fbW-0HvNgI-DV2a%h"
"methode.moulder@edu.tbz.ch"|"7ciCb0-T6wRXe-zYjoNB"
"po.stafford@edu.tbz.ch"|"RRv&an-AVT6nQ-n5J1Yd"
"faites.scraggs@edu.tbz.ch"|"ZtHNph-BY8St3-wSoDHv"
"adelaide.dullard@edu.tbz.ch"|"SQEVbX-3WWJ8t-CFYv&T"
"desiree.leonard@edu.tbz.ch"|"q1mYQk-XV7yNL-ybcEXO"
"geraldine.badgers@edu.tbz.ch"|"MxX7Js-9zeIRn-D$QoTZ"
"ruo.masic@edu.tbz.ch"|"qz$KX2-5Y&OSV-2t&l@7"
"aurelie.lieber@edu.tbz.ch"|"$NAJ$s-wIfzs%-GMj2#S"
"naelle.balcock@edu.tbz.ch"|"jA#AFm-zcG3Qw-C2BTIC"
"camelia.elger@edu.tbz.ch"|"BeQKBh-ow@CLe-%&mKHq"
"publicite.oakeshott@edu.tbz.ch"|"4Ojdqp-1nKSbE-9Sfn4V"
"cleopatre.fawley@edu.tbz.ch"|"r%tpDF-N9jet8-tLg&C5"
"laurene.bruckmann@edu.tbz.ch"|"toZYtt-E6Su8b-nMsNYf"
"rui.haughton@edu.tbz.ch"|"#kILN7-Qdv%pX-pku5Q9"
"asa.ladewig@edu.tbz.ch"|"2ji@wk-961yiV-jZo&n$"
"gisele.janecek@edu.tbz.ch"|"yhCNaO-2qvk#L-x%&RZh"
"maily.loveridge@edu.tbz.ch"|"yC0Qwc-9&JPMm-5Yluy4"
"marie-eve.yurkiewicz@edu.tbz.ch"|"c#iEf$-xm85UX-HmuzSo"
"fei.roder@edu.tbz.ch"|"2hZ0A5-7RfN5b-ALI#Jp"
"edmee.chatburn@edu.tbz.ch"|"8JDjR3-O7nNoR-DqjlbO"
"geraldine.darke@edu.tbz.ch"|"FYSeMP-bVKbgA-Ci&w#n"
"ye.jira@edu.tbz.ch"|"umvsxj-jM0$nk-zRV98u"
"publicite.persent@edu.tbz.ch"|"3ZuoAW-mG1CH3-hy69RF"
"severine.wilcox@edu.tbz.ch"|"8uLKc6-5CikjZ-xXPazM"
"yao.mcclaren@edu.tbz.ch"|"hP%kJV-086$Ge-jVMMv6"
"theresa.foynes@edu.tbz.ch"|"xn6IFx-BG1ZA7-mHMkuZ"
"stephanie.isley@edu.tbz.ch"|"0iTEqg-phQrPK-MgQ&h5"
"torbjoern.growy@edu.tbz.ch"|"uCSXRg-viHaj2-eDqfln"
"eloise.tunnadine@edu.tbz.ch"|"GbuvWV-sTNCPc-2BCTSR"
"maeline.cossentine@edu.tbz.ch"|"&UnEPy-j8Tg3@-cKgX8C"
"nelie.desantos@edu.tbz.ch"|"3QAgFp-T9nbVV-an6rHh"
"gaetane.axston@edu.tbz.ch"|"db&Gr8-GjsSKn-sXPE9S"
"aimee.merman@edu.tbz.ch"|"8WkUo3-3SW0G&-shr31N"
"oerjan.drivers@edu.tbz.ch"|"3M#JE1-MMRYZi-VQU#uB"
"aimee.miroy@edu.tbz.ch"|"hxpLrX-6ByPIq-dN$#D#"
"nelie.glyde@edu.tbz.ch"|"%EAu8a-IZKOoy-ov7ZOn"
"hakan.kapelhof@edu.tbz.ch"|"Q7kQqC-06fdMz-vTQRvZ"
"maelyss.cauley@edu.tbz.ch"|"xOlZLV-NT2lAM-KvgmrW"
"elea.vaggs@edu.tbz.ch"|"x@BhcI-F08n7m-g&97Ze"
"maelys.but@edu.tbz.ch"|"Qj3Zjq-nn0l#H-1B8hBB"
"maella.arthurs@edu.tbz.ch"|"XOESg8-hbxrVE-VR8Nxk"
"adele.liebrecht@edu.tbz.ch"|"3NsR#m-gav9Su-DxaOeg"
"meline.lomasny@edu.tbz.ch"|"QPUELj-%d%bdG-dpdKuH"
"mediamass.schwant@edu.tbz.ch"|"DAZc0R-j4e0BW-HHV175"
"leone.saunt@edu.tbz.ch"|"4Tx8Qp-N1r5Hs-h2YlC3"
"annotes.gouch@edu.tbz.ch"|"N#tabk-4yacf5-Tq9C4K"
"gaetane.bowich@edu.tbz.ch"|"md1Fm2-#et4%5-vQ$NlT"
"alizee.strelitzki@edu.tbz.ch"|"9RU8vh-%4FAo0-kRhhlz"
"leone.poile@edu.tbz.ch"|"yJVDnI-CQqe4L-lWshz1"
"amelie.saban@edu.tbz.ch"|"$44Y6k-r%fTh&-x3WTI9"
"marten.mcmenamin@edu.tbz.ch"|"bey3zW-kgAO@Z-6oahQE"
"becassine.keets@edu.tbz.ch"|"HfVlH#-e3xyvB-Xi@QvP"
"celine.million@edu.tbz.ch"|"BcONT3-yN1Jzp-D4a#Uk"
"geraldine.belitz@edu.tbz.ch"|"JBYud$-i%LRU5-GUeSsu"
"salome.mardling@edu.tbz.ch"|"YLTavS-Qly%Mz-Txa%KN"
"melia.blakemore@edu.tbz.ch"|"2G1B%d-X5@L@l-Ysw0WK"
"dafnee.mcaulay@edu.tbz.ch"|"tQM27M-ix6Mav-sPHpvN"
"garcon.dennett@edu.tbz.ch"|"aCsl5h-eFbr%Y-A&P&UE"
"interessant.lesor@edu.tbz.ch"|"g8C6$L-7#W$q#-7ZcrJg"
"annotee.wasbrough@edu.tbz.ch"|"Jn3YCe-1fvae1-#baEGp"
"asa.ibbeson@edu.tbz.ch"|"wkTpnG-wMVLRB-oc5a9b"
"maily.kennealy@edu.tbz.ch"|"IXk@Yq-cRuoS%-M$36Ev"
"ye.seares@edu.tbz.ch"|"fMImFF-NVECfJ-To@uzo"
"athena.harbron@edu.tbz.ch"|"hG8l0%-9p4zcM-uq0@B5"
"andreanne.portail@edu.tbz.ch"|"%Lk38R-xsuESt-i7aiFh"
"goeran.zannelli@edu.tbz.ch"|"fYEmze-fjzRF$-O$yn$X"
"gerald.leathlay@edu.tbz.ch"|"ZXq5dK-nSf#oe-wxU@1u"
"andreanne.chown@edu.tbz.ch"|"kl37bN-YoPQ9r-5kLMD3"
"esteve.clementel@edu.tbz.ch"|"h5&mPt-hl40Nm-HH&$lD"
"leone.legan@edu.tbz.ch"|"Abtm&u-s1R3bC-mAKYzs"
"maena.pownall@edu.tbz.ch"|"N&FuOK-iFz9YR-Jp%@0J"
"andree.rettie@edu.tbz.ch"|"yHjO8i-5H3gkF-OWkamj"
"ines.kenwrick@edu.tbz.ch"|"@rpXF4-054Y0q-ABkbrF"
"marie-helene.yarnall@edu.tbz.ch"|"oECt&6-&k32&q-XWfo82"
"po.martin@edu.tbz.ch"|"$ehxQ9-8VmGSz-Aa6TJr"
"ruo.celiz@edu.tbz.ch"|"$fP411-s5coaO-&sGA6e"
"po.bissett@edu.tbz.ch"|"$wjcgh-6$Bhus-AFN79V"
"du.swindon@edu.tbz.ch"|"QK2Mfl-Ci8mep-gRgb@T"
"interessant.gouldthorp@edu.tbz.ch"|"KjdfbA-o&%J5D-WMvKbs"
"leandre.lilburn@edu.tbz.ch"|"xO2i5t-%&O2sz-&uqSl7"
"bjoern.whales@edu.tbz.ch"|"pBTWbK-xfQNl5-U&d7Dq"
"interessant.dieton@edu.tbz.ch"|"NAu89h-tvmQ0f-wN0G9B"
"celestine.redhills@edu.tbz.ch"|"Lo%GRg-fCiAOz-xK5DP$"
"tan.yakovlev@edu.tbz.ch"|"gSrvJU-G81T9n-f2sXZY"
"regine.mcdowell@edu.tbz.ch"|"7HjmUz-M0ja$1-@aECR0"
"ju.coysh@edu.tbz.ch"|"QGbsR1-k&J7dm-xfng4j"
"reserves.ofallon@edu.tbz.ch"|"OAKjoQ-4lfBb8-$7ia9S"
"frederique.sobey@edu.tbz.ch"|"VI8pRJ-#iZj#5-jT0haU"
"marie-eve.garstang@edu.tbz.ch"|"m3iwtT-ugItc2-Z#05qN"
"andre.tapin@edu.tbz.ch"|"z&cy43-&blc8T-mCEeNj"
"esbjoern.eynon@edu.tbz.ch"|"aFvOgp-&#9D8$-uUwrLx"
"maella.duffy@edu.tbz.ch"|"871n#Y-0isQM&-xq1TIX"
"leandre.twinning@edu.tbz.ch"|"Lu#woA-aYk$qN-Gaw1QD"
"mai.whittingham@edu.tbz.ch"|"B2$P4F-V6tP%p-1Pya9$"
"rachele.shevelin@edu.tbz.ch"|"8U%dxQ-hLE7@j-jkvDhS"
"cecile.mcure@edu.tbz.ch"|"2iS&Q2-t7zylI-$jG4DU"
"marie-eve.yurkevich@edu.tbz.ch"|"mEBz4w-tjHwik-IkS7I8"
"almerinda.paice@edu.tbz.ch"|"B0BDQP-31JKjD-yd8rIo"
"rao.howkins@edu.tbz.ch"|"eRbEAS-ug4y5m-uId3Bm"
"serena.pack@edu.tbz.ch"|"0eiV9O-RtB%pG-3z8h$k"
"rebecca.mant@edu.tbz.ch"|"Ob8350-dQpwZK-nKxJek"
"reserves.spitell@edu.tbz.ch"|"jsiHCg-#m#B%g-Yt#gzw"
"garcon.hamfleet@edu.tbz.ch"|"Tl2BgS-f@a08F-2i3PKX"
"methode.kerkham@edu.tbz.ch"|"xT#oTs-M3RsHY-6Zijgk"
"pelagie.camies@edu.tbz.ch"|"zeXUXY-%jmeeK-%vPw@s"
"josephine.macpharlain@edu.tbz.ch"|"OQ#lBU-r9iOZ#-vl&xWp"
"eugenie.mathet@edu.tbz.ch"|"sV0D2O-urnjrj-JENs%P"
"gaetane.brangan@edu.tbz.ch"|"dBgsNh-nB&Zd0-faXEIu"
"michele.dewbury@edu.tbz.ch"|"RqVQdl-Qa%FLT-#N@TF&"
"eugenie.elcott@edu.tbz.ch"|"n&gPHR-KGiG$@-xVbvKc"
"megane.harniman@edu.tbz.ch"|"I4m8f2-gqF&8@-214YUU"
"agnes.cluney@edu.tbz.ch"|"6E53Wj-m@$1AA-aX%SI&"
"marie-helene.angear@edu.tbz.ch"|"mCD%2Z-x2Y0tF-#h7jsN"
"melia.dolphin@edu.tbz.ch"|"21I#pY-zgSWPR-67C&Lf"
"lois.ruseworth@edu.tbz.ch"|"7nZy8U-aYXiru-%AdPD&"
"mailys.ryding@edu.tbz.ch"|"d9JQ5e-YE60Du-JZkAOB"
"rachele.wulfinger@edu.tbz.ch"|"ZxB6QD-8clVz4-TL2ho4"
"gwenaelle.talton@edu.tbz.ch"|"PeT%vk-L%0t&O-W1PVM1"
"long.ronchetti@edu.tbz.ch"|"jF%#o0-A%Th4R-H@7kaq"
"styrbjoern.kloska@edu.tbz.ch"|"DKwqSc-KIPGLN-4DLKO1"
"len.sudran@edu.tbz.ch"|"oNsCdw-CmClmJ-5gzdTt"
"maelle.andrysek@edu.tbz.ch"|"3pvcT4-Bmom$O-WFm2Yb"
"selene.senior@edu.tbz.ch"|"F&qz%t-TQ@wJ4-5HhQXB"
"anais.joskovitch@edu.tbz.ch"|"Nq5#@e-npC#h1-Ho@XOG"
"marie-noel.dally@edu.tbz.ch"|"C#LCnz-Xi9Gvy-8%xOz5"
"marie-helene.laurence@edu.tbz.ch"|"NwXCYR-aht9$$-8tyF@b"
"camelia.foxon@edu.tbz.ch"|"FMa99E-3hl%Me-Rkovag"
"helene.cankett@edu.tbz.ch"|"EhTplH-ZlbdDA-ezW@Xp"
"marten.mitchelson@edu.tbz.ch"|"Sd30i5-$f1Z7f-4ojdhz"
"helena.stirtle@edu.tbz.ch"|"9CRUdK-#GryRX-OJeYvj"
"leane.barmby@edu.tbz.ch"|"kfrp28-B%w6UT-dB@aC6"
"goeran.ofinan@edu.tbz.ch"|"ohJ%I&-P7aS1Q-YzU6oU"
"styrbjoern.proby@edu.tbz.ch"|"5C%@OQ-oSjJhV-L$E919"
"zoe.halse@edu.tbz.ch"|"14e6Qd-mg8jHf-FTseyX"
"kui.drable@edu.tbz.ch"|"Ra6d7s-i7Nojr-s2xpHL"
"desiree.bamford@edu.tbz.ch"|"fzs28P-tpU@lV-c#mQsl"
"zoe.suller@edu.tbz.ch"|"#8YzgU-$YWEAW-@8XVnZ"
"marylene.audiss@edu.tbz.ch"|"Yp6TUO-s9Jzda-naTO6p"
"adelaide.poznanski@edu.tbz.ch"|"2pB853-EJ%8iJ-8ScZTF"
"maella.coleyshaw@edu.tbz.ch"|"t9DEih-F0Bblu-TQovZE"
"marie-francoise.gelder@edu.tbz.ch"|"ZeNA1$-gpeZQc-r&%ZHT"
"eleonore.chaffyn@edu.tbz.ch"|"&LKF%5-0yX7ng-T&Fqql"
"celestine.sikorsky@edu.tbz.ch"|"sxCOkm-PKJwK$-&O1Kih"
"stevina.londsdale@edu.tbz.ch"|"WTJj7t-Dc&g@%-9VsSa5"
"maiwenn.nevitt@edu.tbz.ch"|"@rwlGS-ewLcON-L$VyUG"
"magdalene.gerrey@edu.tbz.ch"|"aO5rBr-Y8&J2s-dlm7AN"
"becassine.latimer@edu.tbz.ch"|"UqRhP0-#jRnBB-Le7EzI"
"da.lethibridge@edu.tbz.ch"|"h1V2ur-vkEBY1-L5Dhnl"
"mailys.claige@edu.tbz.ch"|"0LM0QW-n@$vsw-e&wla$"
"maena.torbard@edu.tbz.ch"|"9VDOph-tNcDsV-I2qz1&"
"solene.lyvon@edu.tbz.ch"|"oppel1-yX41AL-XY0Ih2"
"marie-therese.benbrick@edu.tbz.ch"|"AZ14gI-b7RMo0-266v#7"
"gerald.edmonson@edu.tbz.ch"|"WI4L5p-@UQsV$-ilCg1x"
"ake.messruther@edu.tbz.ch"|"Dhf1VX-NOCwNR-refzXT"
"men.gosneye@edu.tbz.ch"|"X1HRnf-%phR$b-9o7NMP"
"anais.jefferys@edu.tbz.ch"|"krGlqD-f#aVr1-EPkGaX"
"publicite.tregale@edu.tbz.ch"|"r@0i@P-o8BBju-ibyMq7"
"maily.santorini@edu.tbz.ch"|"CpPim5-otWza@-eXR&dF"
"ines.pioch@edu.tbz.ch"|"uizx@N-Tx5Y8%-Zuh7Vh"
"noemie.marklew@edu.tbz.ch"|"JW6JT0-wLUjA0-scYX9q"
"meghane.maccaffrey@edu.tbz.ch"|"WyCf#&-8wCAvn-exDxL@"
"berangere.ambrogio@edu.tbz.ch"|"lPh1nK-QfPEzN-cnhN&4"
"mediamass.ryce@edu.tbz.ch"|"zrumkl-CYOl%y-UCYzZ4"
"oesten.ubank@edu.tbz.ch"|"N3#YyU-#XT2tb-MZ5vq1"
"melina.mackee@edu.tbz.ch"|"251Y&5-RH5h0q-eO1ofq"
"theresa.livezey@edu.tbz.ch"|"73GGLu-kSuCZ1-CbWw5z"
"clemence.weal@edu.tbz.ch"|"cs2Hfu-qXsR3C-d@L8f1"
"faites.overton@edu.tbz.ch"|"0fNk1K-cSKLyg-a3t5al"
"clea.lindblad@edu.tbz.ch"|"GglyFk-K$Fu6y-cyXVX2"
"josephine.roseaman@edu.tbz.ch"|"#8ViBw-8tM$bV-7BiQlI"
"oesten.lowbridge@edu.tbz.ch"|"FnObmF-TX0wE6-e4Ix@h"
"marie-josee.brion@edu.tbz.ch"|"Q@$0gg-lbS4qb-xWG0sE"
"therese.basili@edu.tbz.ch"|"HCRUCQ-JDklg$-B29V8j"
"melia.vertigan@edu.tbz.ch"|"iVyW@5-ZccA%5-caNCAO"
"judicael.saull@edu.tbz.ch"|"ah%qut-2M1MDG-NjpRX6"
"selene.valentine@edu.tbz.ch"|"hmt#1k-0IW59D-JKSz4c"
"verane.dunlap@edu.tbz.ch"|"ABYeR8-XgPsfJ-P3IY#A"
"meline.kinnear@edu.tbz.ch"|"nq1FRE-icQiv1-5YR$mQ"
"lei.luttgert@edu.tbz.ch"|"G9pyT2-eyHwxs-EG%fkT"
"styrbjoern.lathleiffure@edu.tbz.ch"|"%5#0SD-p$MToB-5JCAn3"
"marlene.blasi@edu.tbz.ch"|"X5NFgE-AFhVr#-vbgvrS"
"mai.begwell@edu.tbz.ch"|"zgtCYx-qYdeJ4-8lRhBb"
"gwenaelle.kaines@edu.tbz.ch"|"J&#7iq-EE5wMm-jp91PO"
"gerald.adamthwaite@edu.tbz.ch"|"EeQ4B3-c0Rqle-Tf66ZK"
"kui.hartfield@edu.tbz.ch"|"&fC8QB-Yj%s0j-32PO8E"
"salome.currao@edu.tbz.ch"|"wAu%$w-rLT19k-s@54je"
"angelique.tixier@edu.tbz.ch"|"9qe86O-F7av3a-0$aCII"
"ju.mcgragh@edu.tbz.ch"|"4uoEsi-3vjbSt-7t%W0a"
"dafnee.beachem@edu.tbz.ch"|"JvnyAg-LeQ@6w-A&&dGE"
"creez.terlinden@edu.tbz.ch"|"PsJCtl-aikBI0-evIG3%"
"uo.mcskeagan@edu.tbz.ch"|"#ex4F1-n1vcA@-wBZf$Q"
"edmee.mccaughren@edu.tbz.ch"|"F8SRbD-pT1Rut-jQ$Gul"
"asloeg.cozby@edu.tbz.ch"|"aWA8V2-q$fKHJ-002Bw0"
"melodie.traite@edu.tbz.ch"|"sIXOJJ-d6hZ2$-sEgJU#"
"dorothee.aindriu@edu.tbz.ch"|"E@SNgl-PqbJoB-dc7RWO"
"daniele.doley@edu.tbz.ch"|"sJRiud-@lj&%y-WFROKp"
"mediamass.fairclough@edu.tbz.ch"|"R2#YAk-ZW@h36-EdXuL$"
"lorene.rainforth@edu.tbz.ch"|"cn6vXE-GB4QCz-eh4Pkl"
"leonore.eyer@edu.tbz.ch"|"sh6b2K-HD5X18-205gow"
"po.spillman@edu.tbz.ch"|"6gpu#L-OnSE7v-5HJuyW"
"cecilia.plitz@edu.tbz.ch"|"IghPRh-jB0OxF-0&m6vq"
"lorene.ludlow@edu.tbz.ch"|"i9Dq#r-Xe8HdM-pILh9w"
"berangere.neligan@edu.tbz.ch"|"7ogjvb-$wNky1-U%0Zau"
"simplifies.huggan@edu.tbz.ch"|"c5GRe1-5DLMlE-OzUahZ"
"clelia.prandy@edu.tbz.ch"|"rr5m0C-JtBEsO-gz81G9"
"ake.osban@edu.tbz.ch"|"gdMgQo-aNDl$W-TC4BCw"
"cunegonde.brunn@edu.tbz.ch"|"X%GmAS-RXyakt-8rysVH"
"long.grizard@edu.tbz.ch"|"p@nSYR-#$0x&#-K$iC2w"
"meghane.diss@edu.tbz.ch"|"mJL0k3-MBktjY-8eECvo"
"therese.oldman@edu.tbz.ch"|"syJc$Z-nxpTit-&5cpuu"
"boerje.scamerdine@edu.tbz.ch"|"hvJIVm-DwuH35-2&tWs7"
"du.saban@edu.tbz.ch"|"#5dYq&-&xXsVG-h3%pEj"
"hakan.clynmans@edu.tbz.ch"|"IhdeRd-AAJ6G6-kO8sCQ"
"wa.macdowal@edu.tbz.ch"|"AS0rOb-iQv7G4-&oL2km"
"venus.hatrey@edu.tbz.ch"|"LdPJWj-9j0crB-b29##6"
"anaelle.vispo@edu.tbz.ch"|"t1Ppn&-P$q#F3-aUW7%3"
"mahelie.ollcott@edu.tbz.ch"|"iWxueA-gBP7x3-9bKmcQ"
"mediamass.whyman@edu.tbz.ch"|"tqcnnJ-qFOMSb-5IO#A9"
"esbjoern.basson@edu.tbz.ch"|"y3zHoE-ZsQ7vb-lsaVgB"
"andrea.morrill@edu.tbz.ch"|"sf%KwL-4W6uB0-7fEkmv"
"melys.grassi@edu.tbz.ch"|"WT3b8Z-Kv6D2R-55&dHx"
"leone.poleye@edu.tbz.ch"|"7T&ZLP-Y9rC6V-#@Lm30"
"francoise.penny@edu.tbz.ch"|"1ebYAD-&Ri0OE-j5Dkrr"
"rebecca.edney@edu.tbz.ch"|"@@nhES-mph3Ag-W#Zpew"
"adelaide.murtagh@edu.tbz.ch"|"mBJgfC-9f57&Q-t5igSj"
"stevina.winterbourne@edu.tbz.ch"|"N%tkNH-YlNbgy-A5xP#F"
"ma.cottom@edu.tbz.ch"|"qVe24O-l585Rn-tq&pJ8"
"tan.harold@edu.tbz.ch"|"kOUwAQ-GR6zq%-6ALG$M"
"venus.forte@edu.tbz.ch"|"RYYbes-BCWa9@-Sl0RGW"
"almerinda.oluney@edu.tbz.ch"|"YlwG%H-#aZ@aN-2veKgl"
"cleopatre.brehault@edu.tbz.ch"|"&Z07TB-BJ3d3Y-kCDIWB"
"interessant.lapides@edu.tbz.ch"|"5v$PtE-vQxwhv-KF3k%r"
"reserves.hallatt@edu.tbz.ch"|"5IbyuS-qJiNL$-udb6RC"
"annotes.birdwhistle@edu.tbz.ch"|"N35T0o-UPcEzx-U&Ikxv"
"ai.dredge@edu.tbz.ch"|"ngBQjX-wtDumy-5uLoDo"
"megane.mussard@edu.tbz.ch"|"2gbxYg-MAf3Mp-6BxaBv"
"esbjoern.gowrich@edu.tbz.ch"|"g5va7P-@CMPgX-8oD0Mc"
"boerje.brislawn@edu.tbz.ch"|"jUKz9D-BRCtXt-&7alOx"
"becassine.wilce@edu.tbz.ch"|"3Lmyr6-n#VUni-O2vuxT"
"personnalisee.oels@edu.tbz.ch"|"n2y@%C-gdT@z0-G0xEr#"
"verane.pett@edu.tbz.ch"|"KJQjCz-upS6ax-dW2lvb"
"marylene.glewe@edu.tbz.ch"|"s@#Llj-qRa$et-vqe9Zj"
"lai.elson@edu.tbz.ch"|"vImGyq-u@ldYQ-UowTqZ"
"serena.difranceschi@edu.tbz.ch"|"LfgR8M-8bj6kX-weuIT1"
"lie.espinel@edu.tbz.ch"|"9BU32a-Jvh4ZL-gp8BT3"
"marylene.fantini@edu.tbz.ch"|"mA&8Xf-RRfWBP-1fcFjn"
"andre.archdeckne@edu.tbz.ch"|"A6XWn4-nd8D7Q-lkuvph"
"goeran.bohlingolsen@edu.tbz.ch"|"OEhtGd-Eo%$hj-e7cbQb"
"cunegonde.heffer@edu.tbz.ch"|"$qVAJG-zLPhKo-rTd0e6"
"tan.fechnie@edu.tbz.ch"|"XUFBug-7w1X3P-gj2p8m"
"marie-noel.brammar@edu.tbz.ch"|"WZ1T$8-16$xnP-E2yOHj"
"simplifies.aven@edu.tbz.ch"|"$&36Eo-63vtip-YHvan0"
"melys.pinchen@edu.tbz.ch"|"#@YzY&-MOUsB5-E7DW#W"
"edmee.joyner@edu.tbz.ch"|"ww1%jM-HLf&%r-d8Rhku"
"berengere.edess@edu.tbz.ch"|"iWmZqx-dGBlAa-@Hk1ws"
"marie-noel.goward@edu.tbz.ch"|"txZ1Bu-yJhRmn-e5O0IL"
"ju.edmons@edu.tbz.ch"|"lUm%Yy-c3aJY5-X&LCth"
"frederique.airds@edu.tbz.ch"|"MfMRRz-ch&DDq-ype&&D"
"reserves.dauby@edu.tbz.ch"|"%vSJ7t-Zb7GA5-%5EPkB"
"hakan.gynni@edu.tbz.ch"|"@CLIkM-dH@ZD&-QkNq@t"
"leonore.pinwill@edu.tbz.ch"|"N3hflx-qIxZMx-8%%U7D"
"marie-eve.mcallan@edu.tbz.ch"|"PL7oP%-YjSpKZ-2mAn5V"
"naelle.yeabsley@edu.tbz.ch"|"9vQ2s6-j@f@B1-lZP#ol"
"nelie.jacobovitz@edu.tbz.ch"|"7U0SGB-dgJOp@-#0dcka"
"adele.conelly@edu.tbz.ch"|"yNVwSZ-iYcfeL-n$V$p@"
"clementine.dondon@edu.tbz.ch"|"ULwnxL-8kFI1d-tK%nT$"
"zhi.willcot@edu.tbz.ch"|"uX0A6v-4Didz4-uDR4A&"
"chloe.janicki@edu.tbz.ch"|"oCWq8M-W@UJv7-V0svhJ"
"meng.linde@edu.tbz.ch"|"tN94KY-clfb8L-T7Am4V"
"celine.janisson@edu.tbz.ch"|"Q0EHLd-unt8W9-EQ7WO1"
"clelia.crow@edu.tbz.ch"|"ofiXsY-jntAqu-Pp38OF"
"cecile.pyott@edu.tbz.ch"|"KsJSI#-GJFoFg-z4aw9h"
"ma.fidelus@edu.tbz.ch"|"Xwpt15-hw2IAt-Ml20@V"
"marie-helene.poore@edu.tbz.ch"|"F$87Nb-fLWeF5-cviipF"
"elies.blanket@edu.tbz.ch"|"mZCPoo-OJSye1-0LdsXX"
"yu.boyer@edu.tbz.ch"|"t25tYU-AHm&t@-uQevT3"
"celia.welds@edu.tbz.ch"|"F8KFtY-kG%@F8-Qx1w%z"
"du.gunney@edu.tbz.ch"|"JfyABB-WAETEZ-Duhyy5"
"goerel.crush@edu.tbz.ch"|"9r8lPe-&ynsSz-8ne#y7"
"marie-josee.brosius@edu.tbz.ch"|"RtcYim-7Be32m-tdSLe5"
"camelia.adds@edu.tbz.ch"|"j4%Rgq-iFLA@9-LZq#c#"
"anae.irwin@edu.tbz.ch"|"3bpiVJ-8Q%%QF-mMcbHT"
"cleopatre.skeffington@edu.tbz.ch"|"5YK&5O-zc#Qi@-4BD9bd"
"gerald.suggate@edu.tbz.ch"|"k%3s#V-hzh5zd-kOw6b9"
"laurene.tailour@edu.tbz.ch"|"kbIxrL-Lb2#fW-c9Kn9h"
"amelie.hoble@edu.tbz.ch"|"mU1Zc$-OcalHf-T09P#y"
"venus.getch@edu.tbz.ch"|"x1Twu6-d&7I1@-d2KmG1"
"renee.treby@edu.tbz.ch"|"37lpde-RQBteZ-DW8wmp"
"almerinda.stait@edu.tbz.ch"|"@&X1FS-QSOGlk-q4#Tz0"
"andree.reddecliffe@edu.tbz.ch"|"TEK0t&-ipXMfE-gE8xUh"
"leone.wintle@edu.tbz.ch"|"Bx$cQJ-p32jXj-iVE8#h"
"gerald.fellow@edu.tbz.ch"|"vUmbNf-WHhQEQ-SCelVk"
"ju.gudger@edu.tbz.ch"|"sxgGjy-6ihCxS-RUZ62n"
"meng.ohaire@edu.tbz.ch"|"0cY%Ad-hiWhoG-%b@FkZ"
"cleopatre.missington@edu.tbz.ch"|"pqIqiU-IkOGby-JYOPIr"
"annotes.debruyn@edu.tbz.ch"|"0WzV2&-t8jRCm-RnJk6i"
"gerald.sinisbury@edu.tbz.ch"|"eDvVgd-BtDqCU-m9rs%g"
"creez.slora@edu.tbz.ch"|"hIbWuK-tkyPM$-cOifjB"
"gisele.benbow@edu.tbz.ch"|"t0XloL-LHbmgl-N#IUVP"
"pal.dossit@edu.tbz.ch"|"Q@Jtc7-YIJt1O-kAB9yG"
"nelie.stirrip@edu.tbz.ch"|"xhDgSQ-$b1eDQ-Jxca0u"
"alois.ocrigane@edu.tbz.ch"|"eJthY&-2wmEtB-$hDoBK"
"kui.mcterry@edu.tbz.ch"|"mOuBK$-sGeccb-RiUF@G"
"long.willgoss@edu.tbz.ch"|"Cq&mOp-gH0wyR-zPZ5fY"
"francoise.sumpner@edu.tbz.ch"|"dN2TR&-ZqJlJ1-ZZhvr7"
"maely.grinstead@edu.tbz.ch"|"%3&MMW-JF$4Tn-KEYoCY"
"creez.langeren@edu.tbz.ch"|"e$2m7m-CGdjct-eoM3bj"
"adele.dungate@edu.tbz.ch"|"5gQc6i-Dg63iH-NbsciF"
"cleopatre.noirel@edu.tbz.ch"|"zVwfGf-8b#PsA-vu7C2N"
"interessant.daverin@edu.tbz.ch"|"tWLOaS-uw1Cxa-ZWemQn"
"naeva.kalderon@edu.tbz.ch"|"Ji7XN9-$iKAFz-dOXer4"
"anais.oshesnan@edu.tbz.ch"|"i#zKLa-RXxige-OqyHi1"
"judicael.anelay@edu.tbz.ch"|"1QUSBx-0jRn1I-L8zfWh"
"eloise.braxton@edu.tbz.ch"|"WUVI06-NvQEs&-c$u3&f"
"desiree.greguol@edu.tbz.ch"|"uFAciP-vZBsU3-k0#FEc"
"maite.mcclenaghan@edu.tbz.ch"|"@46C83-5XtuSi-$v5DUX"
"meng.doret@edu.tbz.ch"|"@ll@3T-efmWKi-WfCFWg"
"frederique.chippendale@edu.tbz.ch"|"ozCQGB-Cfj%5x-F3rchS"
"andreanne.lanney@edu.tbz.ch"|"Bw3c@C-OW9ORb-#Vl#XK"
"aurelie.claus@edu.tbz.ch"|"Shs#oT-r67zxO-&jnbP1"
"renee.pabel@edu.tbz.ch"|"Bkk7rY-zH$f51-zHBe9Z"
"maena.roust@edu.tbz.ch"|"Fsu0mW-7Nax9k-DeSKiq"
"nadege.carwithim@edu.tbz.ch"|"Avb2Y@-$vwEa%-U68jP%"
"solene.geyton@edu.tbz.ch"|"T4kHr&-m6Ihdv-KNPNrP"
"dafnee.avraham@edu.tbz.ch"|"lh38ps-ht5oVF-#53aq%"
"leane.woolvin@edu.tbz.ch"|"H3LVeh-JuP7p2-yfa#Kg"
"adele.macadie@edu.tbz.ch"|"Lj5nXk-ZBPSdE-uvZYMn"
"meline.rubica@edu.tbz.ch"|"olwlIN-3ogHuj-S#3gFG"
"marie-noel.speeding@edu.tbz.ch"|"aEVedK-CreDtB-d77vgi"
"nelie.mix@edu.tbz.ch"|"E$bM9X-B@Hl#H-Vxizki"
"clea.ollett@edu.tbz.ch"|"uN4yw@-KC5wP3-dFgAp%"
"leandre.mcgavin@edu.tbz.ch"|"MynpWP-6ySb#w-f@ENqZ"
"cecile.behne@edu.tbz.ch"|"PYREFT-dEo3Qc-VZriRA"
"melanie.polle@edu.tbz.ch"|"0yK4lA-FgY3fW-YIj1d1"
"marie-josee.titmuss@edu.tbz.ch"|"ThBf0e-C$sUP8-b%QB9S"
"helena.guest@edu.tbz.ch"|"W0aAvB-#1@WG0-zRfRxc"
"annotes.chicchetto@edu.tbz.ch"|"#SezRR-QRGquD-n%mPDX"
"melia.tubb@edu.tbz.ch"|"B0B#B#-VprLfz-9M&qvb"
"angelique.casetti@edu.tbz.ch"|"ahsAZD-J1lrUI-c%rFXb"
"cunegonde.cleall@edu.tbz.ch"|"wjbEbv-1q2EMY-IgnyDg"
"camelia.oaker@edu.tbz.ch"|"X91T3b-mH000s-GFaSyS"
"you.searight@edu.tbz.ch"|"9lH8EH-6eG9Yh-eHv6Eu"
"kevina.dederick@edu.tbz.ch"|"ayk4L@-LaWAXu-czuRhB"
"milena.jeffrey@edu.tbz.ch"|"NILdZ1-xF6$qi-M9vQdM"
"melodie.barkshire@edu.tbz.ch"|"60Fm8P-CQcxpX-Ah#CUO"
"gaelle.kreutzer@edu.tbz.ch"|"ZEHqJb-NianOm-ox&wWI"
"kalliste.kleinpeltz@edu.tbz.ch"|"TYbiXe-Y4Q2hP-gQf8gN"
"clementine.danat@edu.tbz.ch"|"E0InfH-YyeLC8-7ytECV"
"andrea.wabb@edu.tbz.ch"|"DqmODK-&RSsOC-ef008Y"
"geraldine.piesold@edu.tbz.ch"|"WlqdTK-E3PY0@-Jtr8a5"
"tan.fiveash@edu.tbz.ch"|"hb3D25-W8LeAO-Bo5Y#%"
"meline.yuranovev@edu.tbz.ch"|"ENgEW%-T83RnZ-MA7JV2"
"therese.holme@edu.tbz.ch"|"TZyQ5k-Rk2xWW-j6YZgz"
"salome.vaney@edu.tbz.ch"|"gLVT81-1jDZFM-t$#zYG"
"anae.abramson@edu.tbz.ch"|"jsMN1q-eWTfzh-YYDO%N"
"kalliste.jimson@edu.tbz.ch"|"%At#Z8-tdc4bW-$ph5oW"
"selene.yole@edu.tbz.ch"|"VxEvTK-8WcH#a-Pm8F#1"
"agnes.defraine@edu.tbz.ch"|"1p51Ur-zYQV&g-qWWSr2"
"faites.mccluin@edu.tbz.ch"|"%SZH@Q-2rddG2-33jbgz"
"athena.deme@edu.tbz.ch"|"ZqLb9g-dGzGye-dGpc4%"
"daphnee.brigstock@edu.tbz.ch"|"by9%dH-bNifXK-Ez6E6e"
"goesta.skaif@edu.tbz.ch"|"7oCk@M-O9aM5n-LF&zy0"
"oceane.jagoe@edu.tbz.ch"|"arYwjw-1sImW4-&OuP%2"
"annotes.broomhall@edu.tbz.ch"|"uQKs4b-dtu6Qg-@CHch8"
"marie-eve.ballendine@edu.tbz.ch"|"JItqbu-kzQEP4-O86cU$"
"melina.spykings@edu.tbz.ch"|"t2jaGb-MODJ9o-FBZEJE"
"laurene.ticehurst@edu.tbz.ch"|"rcSTzm-D0Vc@e-S9V95e"
"fei.avramovic@edu.tbz.ch"|"9LFLef-qni@AD-QJ1k$n"
"publicite.strathearn@edu.tbz.ch"|"vKISS&-a&JCCl-R@JE&x"
"torbjoern.garrow@edu.tbz.ch"|"IaB$HS-cL8anE-UPkCjT"
"chloe.rubinsztein@edu.tbz.ch"|"QuZvVB-OTb71i-RRaYJw"
"mylene.demanche@edu.tbz.ch"|"lmSva2-64ixwL-CebwNo"
"mediamass.godlonton@edu.tbz.ch"|"XOW3U1-rBu&rz-pt4H8E"
"renee.shurrocks@edu.tbz.ch"|"lZ8Zdr-bP%eru-g1ENK&"
"maiwenn.jedras@edu.tbz.ch"|"BxGTky-e6vrm1-y36OVu"
"genevieve.castells@edu.tbz.ch"|"LIAYZu-Dt$c8X-0UEUQ8"
"renee.sneden@edu.tbz.ch"|"DLCjzJ-8AVgeD-uUJjyG"
"lai.mccallion@edu.tbz.ch"|"qVJncE-XQAp9s-u3RbHP"
"kevina.impleton@edu.tbz.ch"|"OAkt4b-$q0&%V-U9ufSg"
"oesten.fresson@edu.tbz.ch"|"@uwIgs-8Ruxev-@8VEQU"
"verane.shawley@edu.tbz.ch"|"E3h6zN-jd5jWo-$PMlFw"
"uo.sjostrom@edu.tbz.ch"|"IdO6y@-ZjNit&-sVfRtA"
"gisele.gothup@edu.tbz.ch"|"GGXstm-NGmOyd-arnz%&"
"renee.beauman@edu.tbz.ch"|"6InDBU-nbv7h3-BpjSl1"
"elies.loton@edu.tbz.ch"|"buhYa1-LRriPa-lTFUFp"
"valerie.elsmore@edu.tbz.ch"|"RtUPWT-2nFUXE-#gRtFk"
"berangere.delafeld@edu.tbz.ch"|"d8hu5C-t7JxCY-g5usSy"
"bjoern.schimke@edu.tbz.ch"|"Y7929k-&xcZ#p-GMdlLW"
"loic.ericssen@edu.tbz.ch"|"uoqbbJ-aA0ODz-aN&wLg"
"creez.richarz@edu.tbz.ch"|"RFYoBq-$3JzoN-wWppnz"
"athena.grocott@edu.tbz.ch"|"Mm&ab@-x1c&iB-Eg5pC&"
"naelle.piotr@edu.tbz.ch"|"5paXWi-18@eb2-iT009Y"
"maella.paulson@edu.tbz.ch"|"JB1ZIf-@6IU5o-f#Ybgo"
"song.perot@edu.tbz.ch"|"ee6KAe-ocZQIg-Z7Ay&t"
"kalliste.heckney@edu.tbz.ch"|"6GR&u8-&%8cCd-ycUBI5"
"ake.vasyutkin@edu.tbz.ch"|"LuunOu-%oG9Ld-SUBbWH"
"ma.castles@edu.tbz.ch"|"#3DumY-HfhZWP-H$GP$@"
"maely.monget@edu.tbz.ch"|"8RhBqo-iaLz1m-4Vx1Qm"
"tang.durbridge@edu.tbz.ch"|"Vue%o7-KvJCcC-lQINdY"
"laurene.andrew@edu.tbz.ch"|"Cd1z#i-MdxgB2-Wc9OLB"
"lysea.beacon@edu.tbz.ch"|"Fn8jFE-UjpYJp-s%0ZCe"
"leandre.peyntue@edu.tbz.ch"|"vbmG#f-1$ro$e-KW$Szr"
"rao.trever@edu.tbz.ch"|"M$qxPI-x1QWXo-9l#@Yn"
"mahelie.streader@edu.tbz.ch"|"VwWjvU-OoK8ku-TEqlxD"
"maerta.andrejevic@edu.tbz.ch"|"xFMA0V-TKGL%8-YV$VcV"
"goesta.tompkins@edu.tbz.ch"|"po1s8c-yj4G$V-ee6%%@"
"helena.agates@edu.tbz.ch"|"bpU#S3-8cXMoV-rE4@&q"
"therese.glass@edu.tbz.ch"|"@eP19x-bzdIlI-Lq9U#n"
"alois.foan@edu.tbz.ch"|"Z0S&F2-pKtoZX-4KafJT"
"becassine.melchior@edu.tbz.ch"|"clxf6s-K1T1V1-T3rVZZ"
"cloe.robart@edu.tbz.ch"|"bZ%rhC-c1sGhR-0uH7T5"
"daniele.puckinghorne@edu.tbz.ch"|"0W8rKV-K6Pcny-WSDPxO"
"selene.cammidge@edu.tbz.ch"|"qesvjo-5#Zx$m-Z#f6Im"
"regine.conochie@edu.tbz.ch"|"nkorP7-AwTBzo-MZzpKz"
"interessant.tuiller@edu.tbz.ch"|"z4$2hl-rN@K0t-%qr2wb"
"long.tiebe@edu.tbz.ch"|"iWjsDW-%ZbH%N-68vSdp"
"mans.yele@edu.tbz.ch"|"@%PCIe-7u7xPM-A8%4pV"
"ai.giles@edu.tbz.ch"|"fUQ##4-ipcjwV-BPNPFD"
"gaetane.hamberston@edu.tbz.ch"|"ng2S2u-DSEQ5#-b1ffhm"
"marylene.fenix@edu.tbz.ch"|"X1OEeG-xJbV@T-9BzM$C"
"geraldine.graeme@edu.tbz.ch"|"HPaX%y-avN6WD-D3od#N"
"tang.kinglake@edu.tbz.ch"|"&$opn%-RPDXd$-Z#C#i8"
"lai.challoner@edu.tbz.ch"|"XPywN7-SMMZvO-iunWvK"
"desiree.mattei@edu.tbz.ch"|"GPiqr6-ltNzeH-IO8BdK"
"ake.erley@edu.tbz.ch"|"nqtQ2T-0XJnr$-uePfos"
"edmee.cavil@edu.tbz.ch"|"%ACgNn-fFhlgx-w8PNsA"
"alois.moyes@edu.tbz.ch"|"HIayyj-fA6cHl-j5950O"
"becassine.pitman@edu.tbz.ch"|"cB5VpR-xFihP%-y5wcyX"
"ai.giacovelli@edu.tbz.ch"|"ZAJLBa-yJeLJb-#4fNH@"
"judicael.fruchter@edu.tbz.ch"|"AUTwtu-SaCVQu-iJLeAh"
"mans.mogg@edu.tbz.ch"|"aCaNwN-LewX2A-c#G6to"
"gerald.foyle@edu.tbz.ch"|"LxxoFc-OFkCZR-f8kLdx"
"wa.androletti@edu.tbz.ch"|"aFH6EH-zG6iop-or&Lh7"
"meng.ollett@edu.tbz.ch"|"ui&aFX-GjgK6d-sgeKRb"
"naelle.macmenamy@edu.tbz.ch"|"TNvM#z-juHg$0-QpGqTc"
"gisele.mcramsey@edu.tbz.ch"|"KsvXJN-jt7Yun-X#Kia&"
"meryl.scolts@edu.tbz.ch"|"$9UIF7-knkWBp-MChwY3"
"celia.bloxsome@edu.tbz.ch"|"3aLp7g-9@vABM-h&d$M@"
"styrbjoern.stuke@edu.tbz.ch"|"VoKrlk-QBkh60-5viX9k"
"felicie.gwilliam@edu.tbz.ch"|"i1i7CW-HaUqpj-d2m$Ba"
"da.harms@edu.tbz.ch"|"fPjUsm-80G$u2-wBbcfP"
"celestine.baulk@edu.tbz.ch"|"mePLRC-8i7G8A-2LW42S"
"mahelie.blackledge@edu.tbz.ch"|"x7xzMi-J93kCq-yNA%YP"
"meghane.salt@edu.tbz.ch"|"av$Muk-w@E%tS-%AJSQx"
"methode.paxeford@edu.tbz.ch"|"4t8xon-b4Cubh-X9taFM"
"asloeg.milligan@edu.tbz.ch"|"eIz@Wq-$7r322-LoagaI"
"you.pellman@edu.tbz.ch"|"diBGC5-$ywcU1-NxzvWX"
"loic.regenhardt@edu.tbz.ch"|"6xo%C1-4Qx&ik-kVhT2X"
"daniele.savill@edu.tbz.ch"|"%DVaE%-1R1yQR-NUcu6s"
"alois.cornu@edu.tbz.ch"|"J7kCNk-lJRubf-DH@6ZH"
"oesten.govey@edu.tbz.ch"|"Za6nBd-i7her9-fzD97a"
"marie-eve.louch@edu.tbz.ch"|"VyB&0E-C3OJUh-Z9#X5e"
"theresa.wenn@edu.tbz.ch"|"5%s8Iv-yzmH99-SbVbQP"
"andree.eul@edu.tbz.ch"|"h5aWeK-1uQmub-0lY2a#"
"lie.paynton@edu.tbz.ch"|"RK2K%q-J7slxd-xI4xi3"
"marie-eve.girodier@edu.tbz.ch"|"J8%bo4-T6Yiaw-4IU%jI"
"marie-noel.smithe@edu.tbz.ch"|"hbPa2K-EIiw@$-kpZrjY"
"men.bootyman@edu.tbz.ch"|"OlqKUj-h#XA$z-pP%zZK"
"ku.sugg@edu.tbz.ch"|"Ssoujm-xe%VEq-inp0yD"
"lucrece.roseman@edu.tbz.ch"|"RhcGQ9-78i75j-Z8v@sX"
"zoe.annear@edu.tbz.ch"|"M7AMFo-pu4vRO-VTdAAQ"
"marie-helene.rennebach@edu.tbz.ch"|"yHyu@m-SsxXxB-HrVZT#"
"lea.djurdjevic@edu.tbz.ch"|"@l&CK8-mvUWyB-WLIDjs"
"goerel.robert@edu.tbz.ch"|"DqVEbK-LT@4qK-8sIgq7"
"mylene.foldes@edu.tbz.ch"|"S#Dp3b-&CO43E-b&yxjc"
"faites.clegg@edu.tbz.ch"|"Z$$gKN-kqb%7b-#Xnd#c"
"marylene.crowcher@edu.tbz.ch"|"r@9MTR-NICePJ-25l77g"
"aimee.wimpeney@edu.tbz.ch"|"wh4hFV-%3zNly-n#eVHj"
"renee.atkins@edu.tbz.ch"|"blhYH@-yIRqaI-ZH$ega"
"rejane.cainey@edu.tbz.ch"|"Lp$%xI-1QGqa8-Z%55J9"
"solene.britney@edu.tbz.ch"|"x6F@wm-In0LWP-rqVUgv"
"marten.shatliffe@edu.tbz.ch"|"haJ1ka-HYVRng-5tDk#3"
"maite.issatt@edu.tbz.ch"|"X&6MmE-BYzX6S-XqmZAK"
"maelyss.edon@edu.tbz.ch"|"dpNXQ1-w$FQA@-uLo@YC"
"nuo.bamling@edu.tbz.ch"|"fF&ICV-lzOIiA-QH&J%g"
"anais.edards@edu.tbz.ch"|"7Fy$9c-mc4RVJ-vtiEep"
"mediamass.bromet@edu.tbz.ch"|"dQYan4-U7f$#0-YWuNmG"
"beatrice.kimbrey@edu.tbz.ch"|"6G3ef7-Kj#avJ-AVjX1S"
"ines.lawranson@edu.tbz.ch"|"zHqnFw-ZFdq9h-x%jeP#"
"kalliste.scandroot@edu.tbz.ch"|"i4qCxU-15cPOG-Iw0nSi"
"mans.barrowcliffe@edu.tbz.ch"|"b%6BGu-Bz7n&A-h1H6Qo"
"irene.couves@edu.tbz.ch"|"$7I8zC-8ZJtkv-6rBwQu"
"milena.mucci@edu.tbz.ch"|"CjVzpG-Ii16lC-#2LvLU"
"naeva.cow@edu.tbz.ch"|"y32fOK-oNHndm-11UrEy"
"audreanne.mournian@edu.tbz.ch"|"NfTk2v-IUpPUv-NcTvUx"
"melia.sinnatt@edu.tbz.ch"|"W3MjFn-wahFS7-sT47LY"
"nelie.burnard@edu.tbz.ch"|"4YB$LV-o8r&rj-YxQMxu"
"clelia.ashfull@edu.tbz.ch"|"yRo3I2-d#ipp6-DBZPRL"
"lie.macard@edu.tbz.ch"|"c03Znp-eW0El5-BZN@2M"
"valerie.matoshin@edu.tbz.ch"|"9cv%3G-iZ5&ve-QTMoaU"
"anael.hatherleigh@edu.tbz.ch"|"StTbjD-#eLdVO-gzxXOz"
"interessant.warratt@edu.tbz.ch"|"ripx@a-HRkEwE-O#N6KL"
"eleonore.volage@edu.tbz.ch"|"H99XNW-E$5RMQ-zYavkh"
"zoe.stebbing@edu.tbz.ch"|"x6EGLH-lRZm4j-nRioF@"
"alizee.nye@edu.tbz.ch"|"g$w2F#-5Krakv-&rg5$4"
"celestine.bramley@edu.tbz.ch"|"CMBCTM-yNxtAf-qVkKPw"
"selene.philcott@edu.tbz.ch"|"9@lumZ-hP4r&W-mZ3bRi"
"tang.newens@edu.tbz.ch"|"RkBB#U-#KPjMf-PuLCG8"
"annotes.powys@edu.tbz.ch"|"71sr7C-A8jxu3-8ckgRI"
"lea.matthesius@edu.tbz.ch"|"JY@lWE-Apc0bY-FB$bV8"
"illustree.garlett@edu.tbz.ch"|"4eGD1H-uOSttr-ZYWIJk"
"maiwenn.meachem@edu.tbz.ch"|"FQ&M@4-mpFtbo-bwUmAI"
"marie-francoise.mcbrady@edu.tbz.ch"|"22t7yr-l3ysWx-b@bUnz"
"illustree.gimbart@edu.tbz.ch"|"24qoqc-u#&WIB-kbkq$c"
"melys.lyosik@edu.tbz.ch"|"EDP#S4-HY4JZk-rqq1gz"
"marylene.mcnab@edu.tbz.ch"|"JYYOY1-NyJUN4-hoqMnU"
"gerald.blount@edu.tbz.ch"|"JGYS%5-t$&&%Y-$ke@5h"
"clelia.shakelade@edu.tbz.ch"|"Rm5GYZ-CFWOhP-aOgys6"
"penelope.cridlin@edu.tbz.ch"|"ShwqLp-UjMG@c-cRZtth"
"maena.okuddyhy@edu.tbz.ch"|"FmT7gU-gilbo$-FiT5wd"
"athena.keynd@edu.tbz.ch"|"QgH004-9cmgWy-Gp&n&S"
"cloe.dwine@edu.tbz.ch"|"1vGzm1-fSwBS$-McEykq"
"josephine.browett@edu.tbz.ch"|"3DkfCf-P7jI8y-SnEhkx"
"audreanne.oscanlon@edu.tbz.ch"|"1YQUep-$R1n29-yu01eX"
"fei.jeanequin@edu.tbz.ch"|"XmBatN-utldo7-hyZ%o8"
"lois.gormally@edu.tbz.ch"|"$IUpNM-9LhivM-mGshfW"
"marie-francoise.finnigan@edu.tbz.ch"|"pS8KwU-0vW7Of-tt0ZBM"
"leonore.trussman@edu.tbz.ch"|"0aO3jZ-UX%w5h-b3eIhy"
"anaelle.trumper@edu.tbz.ch"|"jaLwAt-NCTlY&-W11oma"
"clemence.dionis@edu.tbz.ch"|"4bics4-7lW3eY-SW3F0G"
"lois.tranmer@edu.tbz.ch"|"zYAZXZ-5wispO-GQ4XsA"
"interessant.volett@edu.tbz.ch"|"MR@OfC-U$V37A-GMM2rg"
"personnalisee.deackes@edu.tbz.ch"|"aRXI8B-jK0nPp-PNV@%Z"
"lie.vasiliu@edu.tbz.ch"|"2THOg7-nGxoQl-%MSkMH"
"dafnee.lamputt@edu.tbz.ch"|"xGyDn6-fs3#@h-#3YI0@"
"elies.bromige@edu.tbz.ch"|"BisjhU-$Pk@9y-u0ncpd"
"helena.klosser@edu.tbz.ch"|"g3EhyD-K$BVgh-p14A27"
"andree.grim@edu.tbz.ch"|"dn2n16-6u$Gn0-plislb"
"verane.coldbath@edu.tbz.ch"|"Bf#FTb-J@b$5b-vzpzka"
"helena.bethell@edu.tbz.ch"|"CEL4ia-4@ZTfB-$i2#AQ"
"kalliste.carefull@edu.tbz.ch"|"kaMEWg-hSu@DV-9ISDec"
"regine.odams@edu.tbz.ch"|"fXjWp9-DqYoLi-PKiOVq"
"len.stannus@edu.tbz.ch"|"l0K$@#-Dh4kJ9-mDOLz3"
"angelique.works@edu.tbz.ch"|"n5%1H2-#jZh9b-UWPYxY"
"goesta.rheaume@edu.tbz.ch"|"cOSkLI-ZOeI1N-lg&Ani"
"maelys.tynnan@edu.tbz.ch"|"WWsy7a-QywVHG-zg4WCl"
"maelle.carlesi@edu.tbz.ch"|"d81iN2-hxHTa6-QvXTay"
"anael.spurden@edu.tbz.ch"|"PrTc0D-@8V1dq-dP#Ds7"
"helene.pumfrett@edu.tbz.ch"|"NkunQ$-gme%wY-vGInN2"
"goerel.pearn@edu.tbz.ch"|"ig2M5I-ZfAcIZ-1NILHB"
"laurelie.dezamora@edu.tbz.ch"|"#UT6&P-FYqmlk-@J2z9d"
"yao.twidale@edu.tbz.ch"|"JrNjQP-y7a&Ou-x0HnfI"
"berengere.sola@edu.tbz.ch"|"2SemW%-uyRt2c-gEc7QZ"
"maelann.hardistry@edu.tbz.ch"|"Bh2X8K-DiAj9g-BVtvK0"
"severine.littlefield@edu.tbz.ch"|"e%b&w3-K3zTB7-tGRW&a"
"salome.heinl@edu.tbz.ch"|"jKxczs-n$KoD@-xBNzi4"
"meryl.warbey@edu.tbz.ch"|"3m6ugz-TbdGhM-gM4bEF"
"da.hunstone@edu.tbz.ch"|"Gi8p4V-d%AqOq-B#gpr2"
"venus.broadbury@edu.tbz.ch"|"pgfHuo-iIie1c-LnC2Vu"
"meghane.rentelll@edu.tbz.ch"|"1&bAzT-kFqzdd-9RCeq5"
"marylene.drewitt@edu.tbz.ch"|"74XjxT-vGMmks-Ont5SZ"
"melinda.jacquemet@edu.tbz.ch"|"VjEA4a-cz6vtV-QgNx83"
"marie-josee.keyden@edu.tbz.ch"|"F7UqNb-3QlPP8-U49Hnd"
"asloeg.montacute@edu.tbz.ch"|"xfOxgW-cVtHbO-e&Itg2"
"ku.andreou@edu.tbz.ch"|"7gKS36-DOpuu#-gcuUYZ"
"personnalisee.feaveer@edu.tbz.ch"|"mDmO%0-Agq2qW-%h#qxJ"
"laila.emptage@edu.tbz.ch"|"Aejslv-dPdBIG-o0&q&9"
"bjoern.dawdry@edu.tbz.ch"|"F9Gzpf-9ucW&n-4@FzEB"
"marie-eve.dinsell@edu.tbz.ch"|"C1Io4S-$jE7up-D8afpC"
"helene.follett@edu.tbz.ch"|"UD%LSb-A3RXE#-2XPp0w"
"penelope.cordero@edu.tbz.ch"|"O3D5Wl-dQW&M6-xKEjDh"
"boerje.beedell@edu.tbz.ch"|"n#0BLB-RHGXNY-ckh$t@"
"nelie.ferne@edu.tbz.ch"|"T%J86y-flYz$4-KZaNsa"
"celine.ahmed@edu.tbz.ch"|"dwgwUw-vHkm&e-qEjoiQ"
"stevina.pimblett@edu.tbz.ch"|"iHyKd%-Jsh2dz-7pRyoM"
"chloe.langlands@edu.tbz.ch"|"xVz6QD-SPONwt-F#I#YV"
"simplifies.maude@edu.tbz.ch"|"i$9&5V-fUloek-xtLpo6"
"genevieve.decarteret@edu.tbz.ch"|"&GAmZW-cO87Si-&s&PUJ"
"marylene.mughal@edu.tbz.ch"|"bDsHON-oGZDM%-a7JNh0"
"goeran.guttridge@edu.tbz.ch"|"LvdyDD-zjuup9-uiOkpt"
"michele.smurfitt@edu.tbz.ch"|"teD5cA-UgN6dn-vK9pwl"
"methode.hadeke@edu.tbz.ch"|"Fav5MF-RlV%FZ-%rc112"
"therese.rispine@edu.tbz.ch"|"Lup@p2-czxb7b-ApRnRS"
"goerel.plumley@edu.tbz.ch"|"ukEwbT-KPbD6j-a4J&KV"
"oceane.friett@edu.tbz.ch"|"R%hgTx-xoa9PT-%rfFPt"
"marie-noel.achromov@edu.tbz.ch"|"g4rtat-a5ZwQ1-U0wJm6"
"dorothee.storek@edu.tbz.ch"|"R5hH7G-%bQevw-0fX#LI"
"goesta.whittle@edu.tbz.ch"|"jEmeBE-Wop5tq-JKkLFo"
"desiree.casely@edu.tbz.ch"|"Rn66UG-C80GHT-4zW94&"
"felicie.condon@edu.tbz.ch"|"mZ$ZzF-KS62G$-wVVgp6"
"maelyss.frisdick@edu.tbz.ch"|"fs4Vco-BjKMkZ-zEda0%"
"aimee.banke@edu.tbz.ch"|"AITN#y-XazOXu-$ymWTn"
"naeva.hodcroft@edu.tbz.ch"|"cxsO2c-IF3%nM-ww2AfM"
"laila.gerrans@edu.tbz.ch"|"6Vtyr%-0M2lDM-NvkB&a"
"daniele.scrimshire@edu.tbz.ch"|"mHSqHQ-ny2Yi5-74NUH#"
"daphnee.sheerin@edu.tbz.ch"|"7wMGin-a5MTVq-6HXrZK"
"pal.vanyukov@edu.tbz.ch"|"Jr#xSI-O9fqnx-BNqyHJ"
"zoe.childs@edu.tbz.ch"|"YS6FtA-lM8Hp#-#5N1W$"
"ai.corde@edu.tbz.ch"|"&S@rF$-AOkRdd-QgDgae"
"maelys.berryann@edu.tbz.ch"|"d&BigV-qhTCtX-cLrv8y"
"cloe.gladding@edu.tbz.ch"|"tbY&rg-mLjE2G-RGdWGt"
"wa.kinnaird@edu.tbz.ch"|"u%MZkf-bTJFGd-EG%Bzj"
"publicite.brittoner@edu.tbz.ch"|"AlmIT4-xAW5aU-S#EA5e"
"rao.windress@edu.tbz.ch"|"Zv%x5T-Lm4DJE-Kp8AnX"
"uo.kollach@edu.tbz.ch"|"iqs8zz-NEs8fz-vpBATY"
"josee.peskett@edu.tbz.ch"|"K3x&9i-SHsvxs-mkQYU$"
"annotee.hasel@edu.tbz.ch"|"PiTgmn-uc74mC-BIMxVZ"
"cinema.lee@edu.tbz.ch"|"bT9xyF-ahXvDM-pVH#Q0"
"lai.vedeshkin@edu.tbz.ch"|"uz#&sf-7SJAPK-RM67D@"
"renee.brisbane@edu.tbz.ch"|"mgTj%$-w&hr50-Ng5bzb"
"ophelie.blincoe@edu.tbz.ch"|"3KgoU&-Ut4XOO-tD@o&Z"
"zhi.prazor@edu.tbz.ch"|"3Daw#i-vSLBbU-ZQgsIi"
"annotee.maddicks@edu.tbz.ch"|"62PL%6-T6zMD4-6p5QPu"
"maelyss.codd@edu.tbz.ch"|"%@XMJ2-i29PbZ-nq#KiG"
"celia.peplay@edu.tbz.ch"|"5wMjcK-s$7Z@T-5raNCc"
"interessant.skone@edu.tbz.ch"|"QHyKvc-@&rHP9-jV2OR4"
"audreanne.hebdon@edu.tbz.ch"|"oHES85-$L@8WZ-K#Sgr3"
"oceane.glen@edu.tbz.ch"|"wx5CgT-a#KOoY-XxQza#"
"daniele.vanyushkin@edu.tbz.ch"|"S89i1#-8DKKnP-sQ$SI0"
"daphnee.ayce@edu.tbz.ch"|"B@XsF6-qUhNIQ-6J8m6U"
"andrea.attride@edu.tbz.ch"|"m7CYup-ro#36e-DEOVd6"
"penelope.bridgwood@edu.tbz.ch"|"rIgJDY-#h6L7j-tbdm9V"
"mailis.drewitt@edu.tbz.ch"|"MU$OnO-HacsSj-rHajf4"
"penelope.mollene@edu.tbz.ch"|"&A@Bue-HjV5N5-cCgSH5"
"illustree.keely@edu.tbz.ch"|"fAFVWE-14g$yk-odATBv"
"meng.brisseau@edu.tbz.ch"|"Qk3nOo-KWJ&R3-QGpXDZ"
"ruo.cleiment@edu.tbz.ch"|"Rmqxph-VNlD%v-6Ud4J#"
"maite.krammer@edu.tbz.ch"|"8x0v0$-3w$A5C-An3iNp"
"genevieve.verry@edu.tbz.ch"|"Mt@b4F-BoDeJx-K5zbeh"
"lea.olochan@edu.tbz.ch"|"8Lo4$Q-Wu07vv-7Fck8Z"
"naelle.brunnen@edu.tbz.ch"|"0QCLU2-L7HtSx-jvw3M&"
"goesta.bragginton@edu.tbz.ch"|"8eSh@l-ld7l9f-IVzYsv"
"fei.danilyuk@edu.tbz.ch"|"ckULYi-@6gv&x-0P9heV"
"adelie.turbitt@edu.tbz.ch"|"zz7ke9-l4HQyi-thBKrx"
"marylene.nutman@edu.tbz.ch"|"eZzJvI-T5Va8%-YkGVNH"
"therese.barbrick@edu.tbz.ch"|"Occ6Rm-Dr@sKp-sA@YBr"
"melys.kolodziej@edu.tbz.ch"|"WuG0SE-JvD%Wo-@Nve0w"
"melanie.runchman@edu.tbz.ch"|"6ythSD-gA75c#-g#E$hi"
"serena.lafond@edu.tbz.ch"|"6jRQkL-p$wkf1-rvq@7w"
"pelagie.desmond@edu.tbz.ch"|"klMc1$-ghiRr4-bsu0w2"
"wa.spickett@edu.tbz.ch"|"x6g@F6-J&5Nhl-j1L8w2"
"po.shave@edu.tbz.ch"|"8wPpcg-o%rM3L-hPi9nR"
"song.huikerby@edu.tbz.ch"|"DSpAqZ-Vy6OJW-bjuiSY"
"melinda.bimson@edu.tbz.ch"|"jwEW0J-1TSNi%-nrZ9IY"
"personnalisee.toffanelli@edu.tbz.ch"|"C8o00i-ny9V&b-@qrweh"
"leandre.hurn@edu.tbz.ch"|"JV&RHc-zLlnHy-84F9hg"
"oesten.standell@edu.tbz.ch"|"3yO1BY-q2yeXC-uorwv4"
"naelle.smaleman@edu.tbz.ch"|"bJHxj8-01u0by-Wkjxsm"
"berenice.tayt@edu.tbz.ch"|"PbrSai-1@b8H2-60tuN9"
"kui.popplewell@edu.tbz.ch"|"ArB31C-1iZfAq-CpFBlU"
"melodie.ferandez@edu.tbz.ch"|"xGRTcH-unCBu3-8QAv9#"
"josee.negal@edu.tbz.ch"|"DrZY7Z-gV72gC-t#iTST"
"melissandre.ferrelli@edu.tbz.ch"|"#Ja$bI-LtHzG2-Wm#4@Z"
"josephine.kemmer@edu.tbz.ch"|"zq$zF1-7GUmwC-$7WHt5"
"maely.cayette@edu.tbz.ch"|"IcEfYJ-Z8COzp-cTVRGX"
"nelie.vela@edu.tbz.ch"|"ZO@vaV-vz78@E-SR$d9g"
"melina.cortes@edu.tbz.ch"|"oXZioh-x3P23m-3UDeY4"
"megane.leyshon@edu.tbz.ch"|"MS8MOx-$DYA9I-Nb9BEV"
"regine.harrie@edu.tbz.ch"|"b59J#I-ZhqpC@-X7RuTe"
"mylene.widdison@edu.tbz.ch"|"YxKvxu-cSxoaC-3DeajC"
"pelagie.vivash@edu.tbz.ch"|"JoKDWe-hStYEK-3Ml5df"
"styrbjoern.vicarey@edu.tbz.ch"|"OIBREm-qq32C9-0I#iyr"
"long.kyles@edu.tbz.ch"|"nExD9u-F13EyM-i3UJI0"
"stephanie.gipps@edu.tbz.ch"|"AbjEl@-9p6bhY-aXDGTY"
"clea.constantine@edu.tbz.ch"|"UI1pju-6UCB1e-uHvhyn"
"maella.cometto@edu.tbz.ch"|"8nZNlc-ouYwQw-q#dbi@"
"laila.aubrun@edu.tbz.ch"|"pp&A#g-ADEL8J-nKEeum"
"yao.austins@edu.tbz.ch"|"LjWB8z-lgUXCp-zlqL0#"
"mailys.rylstone@edu.tbz.ch"|"nU&XP3-ZT2w3I-MPVUE4"
"adelie.curuclis@edu.tbz.ch"|"VRyiMl-#zNdfZ-oyFUwz"
"celine.longhurst@edu.tbz.ch"|"S6ITxm-$%my55-R#nFc7"
"gisele.hazell@edu.tbz.ch"|"N&9S9K-I2eQF8-bdRmBj"
"celestine.ciccone@edu.tbz.ch"|"BYS49W-8qF8Hi-7zGd6A"
"maelyss.doole@edu.tbz.ch"|"zcdzWI-O2mZ6A-knBaN0"
"helene.grimsdike@edu.tbz.ch"|"#T@LW0-r1e7Vs-1K5&Rp"
"lie.macer@edu.tbz.ch"|"lI7ag%-Snmh@p-9CH&ny"
"maely.izard@edu.tbz.ch"|"PIst1H-KwFNrV-6yx2um"
"erwei.breewood@edu.tbz.ch"|"S4XSDM-fb#I&w-p#ntYh"
"chloe.woolford@edu.tbz.ch"|"h2JCdP-Pg&2SB-JWfbwE"
"cleopatre.turpin@edu.tbz.ch"|"ofET9C-XmTH0v-sNsmRl"
"melodie.surgison@edu.tbz.ch"|"pRSK&s-jvQ52G-b2Runy"
"elies.leander@edu.tbz.ch"|"paAywQ-X7M82E-Mm60ad"
"mediamass.reignould@edu.tbz.ch"|"aOkGqB-%A9dP&-x2R11e"
"celestine.wasmuth@edu.tbz.ch"|"8jx7$X-Bno7oD-5r#NDM"
"marten.jervis@edu.tbz.ch"|"B&0O#x-rPFNiG-Q27aT0"
"daphnee.bour@edu.tbz.ch"|"gmKIrM-xcKGlk-m3Gp7D"
"regine.harlett@edu.tbz.ch"|"nM2dK1-$PRYW1-xP0F3z"
"noemie.macaskie@edu.tbz.ch"|"n8AYkB-$OFbLT-TwEwdj"
"loic.renfield@edu.tbz.ch"|"y0DHtw-muvmzB-saxGP6"
"venus.kleinert@edu.tbz.ch"|"nLQ#TL-qvFPvK-hvO8#a"
"marten.burlay@edu.tbz.ch"|"vf6vFV-i#9PE7-B$qv&v"
"berengere.radsdale@edu.tbz.ch"|"bbex81-yLlmnh-BfSu4q"
"genevieve.duckit@edu.tbz.ch"|"lR0Er&-0iuhHl-nvB95V"
"maely.ligerton@edu.tbz.ch"|"bsz#Bv-MRm$Ae-HC3cNg"
"maeline.ricciardelli@edu.tbz.ch"|"Rr6kl%-oUXn%q-1WAMlD"
"personnalisee.yggo@edu.tbz.ch"|"DyWZH&-@1tkP5-DFmShL"
"alizee.pettinger@edu.tbz.ch"|"w0VMs5-z2Hk6p-pNAMHT"
"desiree.curnnokk@edu.tbz.ch"|"Ecjj4T-zbH3RU-gukG%s"
"dorothee.minors@edu.tbz.ch"|"97E#UC-9Un6H4-@I$#p#"
"oceanne.kopmann@edu.tbz.ch"|"0WkTFf-0Qh5H9-pohRef"
"almerinda.brodbin@edu.tbz.ch"|"szYawG-8vhIzf-SQaEfM"
"yenora.carsberg@edu.tbz.ch"|"2t@qs0-jQ0hP%-D5pdcT"
"wa.beetles@edu.tbz.ch"|"R#DQo@-bnM3Dq-O0IBdY"
"audreanne.abbot@edu.tbz.ch"|"iNmgms-y5VLs$-Bc2GIK"
"noemie.capper@edu.tbz.ch"|"thbMcY-BBZpik-SOQjag"
"mans.abramamov@edu.tbz.ch"|"tKC5hC-Y17&fu-i3qRrf"
"audreanne.blakey@edu.tbz.ch"|"6sky5%-CtBOUJ-Y3U1bU"
"leone.klimpke@edu.tbz.ch"|"COrxOH-H7i%ao-YHT5dd"
"lie.croston@edu.tbz.ch"|"U82gW&-GuNx1I-m7t@Zx"
"anaelle.baistow@edu.tbz.ch"|"7dzu9A-ovSr0A-7fVdUD"
"michele.garwood@edu.tbz.ch"|"UQIRzk-s4MFKd-Hs6sDl"
"interessant.albion@edu.tbz.ch"|"0UvwPs-l8%fFd-4%U#lT"
"andre.brisco@edu.tbz.ch"|"iUJWW0-u8cl%f-3gjmQ9"
"tang.totterdill@edu.tbz.ch"|"JVB7ns-gdyvNx-zJp8jG"
"marie-josee.braundt@edu.tbz.ch"|"N1bssd-WN4SLB-hMvr%9"
"lois.galer@edu.tbz.ch"|"$JwPJW-5SkyvB-6W#KwE"
"faites.pellamonuten@edu.tbz.ch"|"GVU&uN-XYmDss-XO0kY#"
"mai.barfford@edu.tbz.ch"|"Bx93ic-OfFzRP-4iWjE4"
"laurene.macilory@edu.tbz.ch"|"HeEmyO-aTjAYD-HeB2P7"
"elea.peak@edu.tbz.ch"|"I6yKU7-nWV4VS-v7wkOG"
"rejane.doni@edu.tbz.ch"|"lU3sWg-glUH8B-v%R2xF"
"mahelie.ector@edu.tbz.ch"|"WGQBQn-cdWLti-lSNLL2"
"rachele.allum@edu.tbz.ch"|"M8a0sl-RTJBE5-9Zhkq6"
"laila.gerretsen@edu.tbz.ch"|"cAzbBt-De7UAy-qclb$i"
"ines.bowman@edu.tbz.ch"|"Oz33qS-qJw3D1-KLI11&"
"publicite.barbary@edu.tbz.ch"|"r1gWpd-PY8mIN-2rHY$%"
"mailys.smooth@edu.tbz.ch"|"Zb7uFx-$gqmkZ-P1aS@&"
"mailis.huguenet@edu.tbz.ch"|"Ed&JMu-6KYkf&-yegBkm"
"lea.ewer@edu.tbz.ch"|"8@IgDH-8DvqYW-%Uo6xP"
