"email"|"password"
"melodie.vandervlies@edu.tbz.ch"|"LvJ2y8-irOZMQ-cYWqNw"
"angele.edgecumbe@edu.tbz.ch"|"PI%cvH-STc6oz-6$iaGn"
"zhi.andreasson@edu.tbz.ch"|"XColNu-f95Ofk-yQzm1c"
"judicael.koppeck@edu.tbz.ch"|"#g3iYK-HErFmZ-W%65ie"
"berengere.capron@edu.tbz.ch"|"&6T6cO-WQ3yOd-TnPVk2"
"leonie.brosini@edu.tbz.ch"|"bcHqov-U&u8tX-vZ&%M0"
"venus.garfit@edu.tbz.ch"|"N60coq-cVgy8L-ga9T2r"
"melina.janota@edu.tbz.ch"|"IRZ2Ou-z&TVDo-9ncswk"
"laurene.bake@edu.tbz.ch"|"VDU6T@-ELNV%r-Snwdqh"
"regine.dorkins@edu.tbz.ch"|"4oA$vl-Etu1I2-k0q0YX"
"cecile.moffet@edu.tbz.ch"|"jvDSgS-xLYmRN-UNh1nr"
"maelann.labrone@edu.tbz.ch"|"sr&cSq-Q2GaU3-AkjSwh"
"melinda.newbold@edu.tbz.ch"|"HfkjrF-mnIQwv-Ja&byr"
"mans.itzhak@edu.tbz.ch"|"Lu8kO5-fD7B35-la2IKM"
"melodie.pattlel@edu.tbz.ch"|"c#gkQq-bt@9Xm-#43Hdp"
"celine.bonett@edu.tbz.ch"|"jsfWSD-mazDYW-#mkWpU"
"adelie.mcgreal@edu.tbz.ch"|"amW#gc-RT3Zo&-XnR6wE"
"helene.soldan@edu.tbz.ch"|"hjUIE&-Nb$la2-Zo1g4d"
"michele.cluer@edu.tbz.ch"|"1KG$7S-#mu#T%-YOi#by"
"maeline.mueller@edu.tbz.ch"|"t3niC@-dRig6B-vmCJho"
"maelann.benedito@edu.tbz.ch"|"4aaYfR-keggxr-F5QgEK"
"nuo.gransden@edu.tbz.ch"|"bCQN9h-B9tM%@-NByheu"
"berengere.stainton@edu.tbz.ch"|"vUcb@U-3IVo@Z-tIdyfh"
"wa.sabater@edu.tbz.ch"|"@vqyd#-L%RMZY-lWIR7Z"
"anais.cochran@edu.tbz.ch"|"Arobbt-$onbYK-@ZaHVV"
"gerald.bessant@edu.tbz.ch"|"lbSI5O-LoxRk&-jPi5fu"
"ruo.coffin@edu.tbz.ch"|"Ih5Dt3-aMFkt&-v2ycx1"
"melodie.mustill@edu.tbz.ch"|"nyYvE3-PY7xQR-H%3LDp"
"ruo.stanesby@edu.tbz.ch"|"pGkSJN-KnIoWj-zt7YIE"
"noemie.antognelli@edu.tbz.ch"|"d$#xvB-%mdqCi-3ww2Ya"
"maelann.hughson@edu.tbz.ch"|"gvYRFs-9HWD@&-cBM9k6"
"milena.mieville@edu.tbz.ch"|"SfV3DH-#U1m0F-#BHF3S"
"mailys.chamberlin@edu.tbz.ch"|"UpZkz4-kvXCzX-M9HaVC"
"nadege.tomalin@edu.tbz.ch"|"UwS@mE-3@6#hf-@JVpqn"
"oceane.omara@edu.tbz.ch"|"0jBvD#-cgSaEA-KNIWM2"
"cecile.aguirrezabala@edu.tbz.ch"|"2W3V3t-oNA7Of-NTCt#R"
"maella.gwillim@edu.tbz.ch"|"6c$1FL-RpB29g-6Yz4&g"
"lea.mcgahey@edu.tbz.ch"|"QrGt&t-qB%A$N-bTqz3J"
"laurene.hagerty@edu.tbz.ch"|"rM0O@X-N@op6j-GRPcqo"
"dorothee.link@edu.tbz.ch"|"$@qZcB-Nq97c%-5DcaDv"
"clementine.kynsey@edu.tbz.ch"|"@jsLye-pgM@Y9-Ts69mX"
"lorene.smitherman@edu.tbz.ch"|"RqmQY$-e#PBLc-FfjUv%"
"cleopatre.klulicek@edu.tbz.ch"|"3&tBJg-qDgoed-194Ai8"
"laurene.castaneda@edu.tbz.ch"|"82$D7W-Ip1rnm-3P7skt"
"melia.constant@edu.tbz.ch"|"n5Ise6-A4D%OR-E#3u74"
"lucrece.clunie@edu.tbz.ch"|"wyuEW7-cIiMBV-ZvV8Bt"
"eleonore.mcmurthy@edu.tbz.ch"|"otH7d0-M5Ou6P-Pf2Hh@"
"melia.bevar@edu.tbz.ch"|"ER6M1J-iz#zxn-10wiwp"
"camelia.bontine@edu.tbz.ch"|"kwIWwy-5158gX-ShudCv"
"methode.jozefczak@edu.tbz.ch"|"7YPjmX-2FU9Kw-yINfAA"
"audreanne.hinsche@edu.tbz.ch"|"oSJycq-6tOsJ3-30ZtWW"
"andree.varne@edu.tbz.ch"|"u6M4jm-CXI6zz-PGa5Vi"
"marten.kinleyside@edu.tbz.ch"|"n&w9nl-keQX2F-eBzmt&"
"esteve.mcewan@edu.tbz.ch"|"c2O1Kd-3IQ9mL-%O4NUb"
"leane.dibbert@edu.tbz.ch"|"VQTAno-ZU&1j7-afGb#E"
"ma.thewlis@edu.tbz.ch"|"OcicFJ-wmlMxB-n9Au0P"
"clea.djurkovic@edu.tbz.ch"|"YITnRc-@XX#bV-D#PL9j"
"rachele.reburn@edu.tbz.ch"|"lIjOTk-#EB$zN-KfNRo%"
"gerald.gowling@edu.tbz.ch"|"nAVYJ&-Bn%xAq-N2YlJO"
"cleopatre.jackson@edu.tbz.ch"|"xJa42e-EAQabl-IUMvxy"
"desiree.haskins@edu.tbz.ch"|"weAZLt-W@Za33-s25%sw"
"eleonore.longson@edu.tbz.ch"|"fv&StK-&%%oy2-Wu%VIu"
"leane.dybell@edu.tbz.ch"|"e&KRwb-Wj#x6G-U3CD7L"
"becassine.grzesiak@edu.tbz.ch"|"ik5V&A-XTrikN-EN7@sr"
"marie-josee.pickin@edu.tbz.ch"|"sMLEbZ-MAZV9e-g44RYb"
"marie-josee.roxby@edu.tbz.ch"|"osOMOr-NekmP@-DVZfow"
"leonie.feenan@edu.tbz.ch"|"5ZX%gI-AB0G&l-Pvu30N"
"valerie.ellum@edu.tbz.ch"|"xinB1Y-6HqtGC-fj0iwy"
"ju.caseri@edu.tbz.ch"|"pohjA6-Z2XASC-c0nc2u"
"boerje.strangman@edu.tbz.ch"|"kItVBi-iD86rU-raWvn5"
"beatrice.ghidelli@edu.tbz.ch"|"2mZWzg-PN&MML-L%ANX%"
"da.jablonski@edu.tbz.ch"|"Uh8ush-TzTyWF-InJmZq"
"uo.beveridge@edu.tbz.ch"|"zAnYK&-T4&dG&-KFjS%y"
"valerie.bestman@edu.tbz.ch"|"oGyLNM-vjKPpD-nZa$K2"
"marlene.pohls@edu.tbz.ch"|"9&UTVA-bo8Dzq-Bm%X9l"
"ma.nolda@edu.tbz.ch"|"2xPe2D-80cgkt-iYC0zV"
"marlene.bisiker@edu.tbz.ch"|"PF4QMS-gboWlH-Eqlitx"
"estee.babon@edu.tbz.ch"|"fKa2M9-jQmagx-4PS5@9"
"simplifies.dmisek@edu.tbz.ch"|"CfX2w#-zZJdIr-QmOIg4"
"selene.ganing@edu.tbz.ch"|"8i3cE9-6QNp%I-X&tt6H"
"meryl.penke@edu.tbz.ch"|"d2t4x6-wTkmC8-gqG$rR"
"anais.rawcliff@edu.tbz.ch"|"rxTzdS-QArO13-l$OLr6"
"melina.andri@edu.tbz.ch"|"AZ3Mx1-oGfr4d-5tFi3r"
"audreanne.fodden@edu.tbz.ch"|"6zHB0P-oimymb-h$g61W"
"bjoern.spellesy@edu.tbz.ch"|"PG3fzv-3rlnht-tiUj3O"
"francoise.summerscales@edu.tbz.ch"|"OUIE#d-g#SCd#-&oJ9DA"
"laurene.ashtonhurst@edu.tbz.ch"|"@aRRSm-Rhi42x-pdsbdT"
"valerie.petters@edu.tbz.ch"|"X%E9iS-jyoGvZ-l&5pKR"
"anael.spenclay@edu.tbz.ch"|"8k1C&3-Sw&ms$-JI4Rdx"
"stephanie.keech@edu.tbz.ch"|"MuzljC-D$hCtf-smP&Co"
"ines.deveril@edu.tbz.ch"|"Dr6C8j-@Rz4ox-AgupUZ"
"berenice.gelder@edu.tbz.ch"|"V&QXyB-YvlRM3-KKNVTa"
"melanie.ofogerty@edu.tbz.ch"|"ppL%2N-Z2mwNO-W2G5y1"
"frederique.canepe@edu.tbz.ch"|"WI2IOw-O2#9sc-j%e7&A"
"nuo.otton@edu.tbz.ch"|"m9tfKj-ha8i5n-SvvIMr"
"genevieve.trusler@edu.tbz.ch"|"FDa&Q#-pZBqFI-ZquBlx"
"ju.boag@edu.tbz.ch"|"ntBGfH-uJhsBx-GfA3ZS"
"josephine.dilucia@edu.tbz.ch"|"eUsun&-fY6MwC-1J0xar"
"laurene.armsden@edu.tbz.ch"|"zls06%-Wo#E$D-wcSt3Q"
"becassine.griffe@edu.tbz.ch"|"H#m6Vf-nV$O9d-&NN0Yd"
"alois.parres@edu.tbz.ch"|"2ScRs$-L@8v&e-NAUaBM"
"cleopatre.gaffey@edu.tbz.ch"|"wCQu%N-SFgeQD-KbfuIy"
"andre.stiger@edu.tbz.ch"|"I%Vtr5-1MI@uf-Ihf38o"
"beatrice.godleman@edu.tbz.ch"|"m4G@be-g&xgWT-vFhZWa"
"hakan.harrhy@edu.tbz.ch"|"DfAaEU-YcKpMq-emjNx@"
"celestine.dagnan@edu.tbz.ch"|"6FCUeo-fn#ChC-nNnAk2"
"clemence.haggart@edu.tbz.ch"|"S2EpO2-QvfZqm-mx0O4G"
"long.caban@edu.tbz.ch"|"nf$9E2-v8ansh-GVWjI0"
"gaetane.grimble@edu.tbz.ch"|"&fprGQ-DqbboU-k@Gq7N"
"maelann.piwall@edu.tbz.ch"|"PKPh2%-n%ofL4-1U$Ft2"
"magdalene.loble@edu.tbz.ch"|"BACXbG-GnktB@-SmEz%I"
"veronique.domaschke@edu.tbz.ch"|"bQNcnA-a%bsTX-Ia$43Q"
"clea.herity@edu.tbz.ch"|"rhAuQl-Gizevt-z0@83i"
"maelann.bambrough@edu.tbz.ch"|"roWKCK-VA@Qnf-5458Vv"
"clea.goulstone@edu.tbz.ch"|"FHojmW-2PvIHs-jGl3fr"
"renee.deleek@edu.tbz.ch"|"NViyfH-P6kQfJ-fnT#F&"
"boerje.rudderham@edu.tbz.ch"|"QR6teW-%i4fBb-HdawAi"
"marylene.broune@edu.tbz.ch"|"HpVROR-P394Zn-RW4Pl1"
"nadege.mccuish@edu.tbz.ch"|"jBuyQG-V%5BiW-9ygHGQ"
"anael.littleover@edu.tbz.ch"|"4Ti5vC-WPdT$7-PmaFyt"
"lie.baume@edu.tbz.ch"|"RD8zG&-iFHaTI-$D@GSe"
"maella.murrow@edu.tbz.ch"|"0mY$u4-yXy9M#-&2i8Hf"
"cleopatre.pettifor@edu.tbz.ch"|"lZx99m-4w4xOi-S%NKzu"
"geraldine.asker@edu.tbz.ch"|"gwRasW-A4P%3n-YPemjc"
"gaetane.smedmore@edu.tbz.ch"|"F8ky1j-nhxNmT-HtXqw2"
"meryl.blencoe@edu.tbz.ch"|"1vI8uv-hcqMT$-8Y5Mcu"
"aurelie.chastaing@edu.tbz.ch"|"n4hRfC-O6Oj4X-LWWYm8"
"oceanne.marthen@edu.tbz.ch"|"wv3tLg-7MUiwQ-n%NTZy"
"dorothee.burrill@edu.tbz.ch"|"wOO0XW-OU5%WW-8pv2ep"
"hakan.belden@edu.tbz.ch"|"w10wbL-uf3RRZ-MwxK0H"
"celine.brunning@edu.tbz.ch"|"4xFtvE-GfgWCY-N@S$Fl"
"anael.lapides@edu.tbz.ch"|"rG2Tq1-#Ww5%k-J6q%1C"
"ruo.saffran@edu.tbz.ch"|"C4otfh-qydH2@-UcW2IC"
"loic.gerretsen@edu.tbz.ch"|"XFMJAr-#8but8-h#@wkV"
"rui.fitzer@edu.tbz.ch"|"sbg1e5-gxp4Mk-0BQyv0"
"annotee.ogers@edu.tbz.ch"|"1@nPrM-zPv7ox-ltY7Yz"
"boerje.bindin@edu.tbz.ch"|"0M%A9a-cxUFKW-szb7Zy"
"ma.cronchey@edu.tbz.ch"|"#wu6YF-bC4eAH-hzEucI"
"laurelie.baiyle@edu.tbz.ch"|"yZRQZY-dXWQha-%#GbXt"
"dorothee.older@edu.tbz.ch"|"QBBM@y-r5dFtE-HCuMlt"
"laurena.wile@edu.tbz.ch"|"vBSGH#-VXeTUg-ihi#jg"
"clemence.brito@edu.tbz.ch"|"a8k8pj-1VPTys-@5fW&w"
"nadege.dallin@edu.tbz.ch"|"YEWA#&-679i6c-dzfdLn"
"mailis.matley@edu.tbz.ch"|"RnspN@-2sNXYU-qNnxAH"
"daniele.screaton@edu.tbz.ch"|"XU1hoU-CsP&A9-&YDCx@"
"mediamass.godly@edu.tbz.ch"|"gCnAcg-QUWGM1-pd@6Ev"
"leone.kremer@edu.tbz.ch"|"w@Ltdf-MRXE8N-c61pzU"
"asa.adrian@edu.tbz.ch"|"&cBFh0-GNFRdw-kOpcy5"
"adele.doley@edu.tbz.ch"|"aZApRB-jhlvLF-5@9eY2"
"fei.sidney@edu.tbz.ch"|"JI7&nt-J7t0&6-lN%$5c"
"marie-josee.walisiak@edu.tbz.ch"|"X44Odu-y7YggG-nAPXsD"
"desiree.diplock@edu.tbz.ch"|"LnjD44-aU9WT$-sicWrF"
"gisele.schust@edu.tbz.ch"|"VhEser-2K29FC-xl2BEI"
"ma.longshaw@edu.tbz.ch"|"b$vgmq-jqFrPb-CfrxFB"
"da.boother@edu.tbz.ch"|"Oo@n2g-B9Yv4@-AiLUXQ"
"simplifies.chaudhry@edu.tbz.ch"|"m@8PmE-Ii%jfN-my@CET"
"garcon.baniard@edu.tbz.ch"|"bUuuFS-RDOgtm-5fXLV5"
"gaetane.elphee@edu.tbz.ch"|"pU&fjM-7LnxUh-dyBlsx"
"gisele.hassey@edu.tbz.ch"|"qRsY0b-R5$75n-QHP#lC"
"oceanne.booley@edu.tbz.ch"|"5vBjW#-skB0hw-0tDtXL"
"oerjan.dibden@edu.tbz.ch"|"71TC7N-O&2FYt-oP#YQ%"
"regine.ocleary@edu.tbz.ch"|"9NhUXS-6WxgIa-FCPARO"
"selene.persse@edu.tbz.ch"|"b5emL6-9ofdB&-Hz8fdV"
"helena.adenot@edu.tbz.ch"|"pUt7ta-zfkSo3-JmZKcj"
"maelann.wassung@edu.tbz.ch"|"QAMmUg-MbHkM&-AC3bCF"
"frederique.ackermann@edu.tbz.ch"|"@f$$2O-gmZ2D%-7KS9k0"
"audreanne.kahen@edu.tbz.ch"|"k#HnUd-FptTl5-P5492X"
"maiwenn.lasty@edu.tbz.ch"|"7I#G9d-c9LBnZ-YcVVUr"
"yu.dictus@edu.tbz.ch"|"LmamiP-WiLoo9-#Yyuy#"
"anae.dukes@edu.tbz.ch"|"X3yHto-IUQwEH-hPnS%s"
"yenora.warr@edu.tbz.ch"|"reO7E$-fG#9g2-kCGX21"
"esbjoern.archibold@edu.tbz.ch"|"WYEK76-e&XBIC-yF1R%B"
"milena.pardal@edu.tbz.ch"|"Tsf&QM-kSrNl%-rGBSUN"
"celestine.graveston@edu.tbz.ch"|"mIofi3-wAzt3s-fhoguz"
"maena.dallas@edu.tbz.ch"|"#eLGlD-sdE%Oo-CfS7KI"
"andree.tuke@edu.tbz.ch"|"jDEH&y-5MJhyY-$qA08K"
"methode.seldner@edu.tbz.ch"|"vA05Zs-sxDQm2-Gdm6zm"
"venus.bullas@edu.tbz.ch"|"foKNRH-KKjJ7X-6q7LAa"
"mans.aguirrezabal@edu.tbz.ch"|"QjcRr$-yunv%V-5DLgwG"
"gaelle.eadington@edu.tbz.ch"|"dhe3Rs-cFXasJ-imCDVi"
"anaelle.falkner@edu.tbz.ch"|"Noh4M8-ytkEmu-%WWtRf"
"ophelie.height@edu.tbz.ch"|"Ch9tBQ-ZXs1@4-P0&J@k"
"marten.bolding@edu.tbz.ch"|"CFeSpl-4OGQwr-UzxPrA"
"pelagie.guswell@edu.tbz.ch"|"YnsEwJ-GzNq%l-ZcZN%l"
"gwenaelle.lecount@edu.tbz.ch"|"owBfZy-zAWvj3-JwCdni"
"hakan.laden@edu.tbz.ch"|"hm2OUJ-d7bTqE-#tArr@"
"marie-josee.hylands@edu.tbz.ch"|"7F04YZ-wzgKQa-I0XLEO"
"zoe.kingshott@edu.tbz.ch"|"C7hD$D-R&nbn4-ySW254"
"josee.janous@edu.tbz.ch"|"HZ#jE$-fyKsPe-6j9tHl"
"laurene.gallally@edu.tbz.ch"|"BKPzgD-&OUL5C-%KQQtz"
"anael.bickle@edu.tbz.ch"|"TsqzGm-dGAfKT-6L$zir"
"mediamass.lebbern@edu.tbz.ch"|"Vcsi@S-80DQH3-xW3XSG"
"berengere.hovy@edu.tbz.ch"|"vgsk@T-bp0zrm-F&EH%q"
"oerjan.kilmurray@edu.tbz.ch"|"uP#Kee-NRtiCA-G45D2c"
"asloeg.venny@edu.tbz.ch"|"nplgZv-xSp8Ac-O1Y@7d"
"marie-noel.stoad@edu.tbz.ch"|"BV46&Z-KwRifE-Bnvt9k"
"hakan.pettifor@edu.tbz.ch"|"nSlUtR-9YvUMz-20mxys"
"maella.willgrass@edu.tbz.ch"|"rthT37-Vlv4Cn-tEXm$#"
"therese.ludovici@edu.tbz.ch"|"jQTNK%-LhDQQX-mEVHaZ"
"stephanie.trewhitt@edu.tbz.ch"|"NeQgvO-Td%@iu-5$NxY0"
"maerta.bauduccio@edu.tbz.ch"|"bq941&-Jp1kwP-HwV%X7"
"gaetane.glaisner@edu.tbz.ch"|"MfPVAE-1ErZTQ-xXL0&R"
"naeva.pargeter@edu.tbz.ch"|"ak2BOc-ZqWYm@-93RTiS"
"salome.venable@edu.tbz.ch"|"8RpgRn-nGz6Xd-%Nahgn"
"boerje.thickett@edu.tbz.ch"|"MzFOco-83oXRs-LRQk1m"
"lucrece.prendergrass@edu.tbz.ch"|"ww2q8P-eADKc0-i#etBv"
"laurene.ockleshaw@edu.tbz.ch"|"CQG6sG-JQgLTJ-Q6enqc"
"cecilia.pasticznyk@edu.tbz.ch"|"LLj&FO-heL5iE-rPYWOD"
"stevina.mackey@edu.tbz.ch"|"pLbvWe-K#hox&-xiViYd"
"marie-noel.reven@edu.tbz.ch"|"7qTd#K-QD$4#l-9ev91Y"
"melina.quilkin@edu.tbz.ch"|"iANO&p-2tk&Nv-m1zg4&"
"marie-noel.ferrie@edu.tbz.ch"|"oAm5by-HUn3PR-VWpGVz"
"leone.alphege@edu.tbz.ch"|"bDdavW-4Ng95O-Vdhef1"
"zoe.leverson@edu.tbz.ch"|"s#AVMf-9wSyZx-qpceOH"
"annotes.grayne@edu.tbz.ch"|"WIUDIS-UQByiI-F&JVyi"
"faites.lalley@edu.tbz.ch"|"vTNv5A-GI@CSi-tDH&dY"
"adele.wallis@edu.tbz.ch"|"UOfX5D-dTx9%u-1Sko&q"
"severine.madill@edu.tbz.ch"|"fv3US$-Uk4g6k-obvsj&"
"valerie.tebb@edu.tbz.ch"|"76UPTX-j5WOl4-wEhfrI"
"kalliste.rasper@edu.tbz.ch"|"b&G9&7-zMZUTG-f9n8L2"
"audreanne.palomba@edu.tbz.ch"|"IRO#Oy-PZr7hV-tJ7QRt"
"elea.adamik@edu.tbz.ch"|"AYDBjK-ULbxJD-UI0rOr"
"reserves.jakuszewski@edu.tbz.ch"|"nOuu6z-eBGRyl-zt%Ybo"
"athena.belhomme@edu.tbz.ch"|"0ls@JD-uY%ixX-e80qSE"
"rebecca.crippin@edu.tbz.ch"|"dDKJYB-bWhC@x-46Ls%v"
"maiwenn.curman@edu.tbz.ch"|"xomY8x-nO&@5x-tGQBNy"
"andree.bunner@edu.tbz.ch"|"yb5scE-teidmu-#BUZCI"
"ruo.winckles@edu.tbz.ch"|"Y1ZgdK-n06v57-r&E@sL"
"naeva.buntine@edu.tbz.ch"|"culaad-c5vVGU-SYL1D6"
"boerje.dollard@edu.tbz.ch"|"9xe%sD-4Pcq4I-J&EU21"
"penelope.gorman@edu.tbz.ch"|"bAne#h-hMQ#aP-ErvGPz"
"alois.robelin@edu.tbz.ch"|"xZ@W7E-0fonMY-7JVUmG"
"anaelle.tindle@edu.tbz.ch"|"vbgm9K-YfVGuH-XGfCJ9"
"ye.frears@edu.tbz.ch"|"56sFti-oO1rzf-ZRq$Qg"
"andree.ovid@edu.tbz.ch"|"KfBVkf-l4xk2J-glWYe$"
"hakan.peat@edu.tbz.ch"|"sH$$jW-L1ko@D-I79y#F"
"andre.januszewski@edu.tbz.ch"|"yl9p1c-y44r%0-F0qvXU"
"annotes.clemmett@edu.tbz.ch"|"sJ7afy-1dzt1l-X9Fp7C"
"pal.lambswood@edu.tbz.ch"|"PakHAR-E2R2Wi-L38C&N"
"yao.lenton@edu.tbz.ch"|"S5IS&f-6YVhN%-YtgoK4"
"hakan.boyton@edu.tbz.ch"|"soMQM1-$Ao0XO-l88Aox"
"nelie.forsey@edu.tbz.ch"|"TavrxH-xvpSu8-9THZml"
"hakan.horche@edu.tbz.ch"|"fphdq%-cT7R4Z-ft#H4s"
"lorene.sinkings@edu.tbz.ch"|"Q#tBf9-majuM4-5uXBUQ"
"marie-therese.creddon@edu.tbz.ch"|"CJKyqb-Q@%igB-90q&E4"
"berenice.tolworthy@edu.tbz.ch"|"O0@T@7-47TLS6-AS9hu#"
"theresa.land@edu.tbz.ch"|"40WDA4-6MImqd-iT@vaV"
"marie-therese.gianilli@edu.tbz.ch"|"85pnPA-&qIzdv-Ef69Gn"
"meryl.glew@edu.tbz.ch"|"WM42m6-u%u%$U-2RWINu"
"adele.debling@edu.tbz.ch"|"oGH7j4-jo1%Kv-uixQRq"
"anae.metzke@edu.tbz.ch"|"vi7zwS-6yiJaw-a4BgKZ"
"gaetane.gooden@edu.tbz.ch"|"VIGsB$-n1cWs$-hcfjMu"
"laila.bootland@edu.tbz.ch"|"cXyljD-54%1s9-e&KmLu"
"maite.helsdon@edu.tbz.ch"|"1C2AEz-Od%kA2-sEg0oG"
"andree.malley@edu.tbz.ch"|"SC815Z-a2c6D1-JIMWUv"
"pal.simmens@edu.tbz.ch"|"@qiTE#-Gs2Dcr-UBwm%l"
"maelys.nuccitelli@edu.tbz.ch"|"NMzfTl-K4OeU&-C&64$l"
"dafnee.sibary@edu.tbz.ch"|"z7dHWn-@s$EUM-B0n@FI"
"alois.harsnep@edu.tbz.ch"|"SNAjbm-h$iV@L-Jfd8K&"
"marie-helene.lacky@edu.tbz.ch"|"Oo@Z9n-k#JFnO-jV@Qx4"
"mylene.youthed@edu.tbz.ch"|"30eb$p-N84GjB-#JuZEM"
"marie-helene.dehmel@edu.tbz.ch"|"B05f7L-gMagwj-@ZXspk"
"angele.batman@edu.tbz.ch"|"6e@0mX-r0xp#j-fNWAxY"
"melia.younghusband@edu.tbz.ch"|"7ty7Kd-n#yZN6-mIgMuQ"
"eloise.baldi@edu.tbz.ch"|"K@tcby-Luck5p-hCz%M@"
"illustree.dun@edu.tbz.ch"|"peJj0N-g6Kgva-4yAMcI"
"genevieve.late@edu.tbz.ch"|"abWMlI-v70OgJ-bLBQ1D"
"celestine.colville@edu.tbz.ch"|"jKiaLS-2lU0H4-v2rkYV"
"gwenaelle.scarlon@edu.tbz.ch"|"BEQadd-B00aOQ-P6RC7S"
"regine.boddie@edu.tbz.ch"|"thkuIX-f6xy5E-0gXImw"
"creez.gaughan@edu.tbz.ch"|"2cS1vz-0d9ZeN-5s8kRd"
"gaia.longford@edu.tbz.ch"|"V$jjcd-tcc8E7-bsXsrv"
"mailis.buckby@edu.tbz.ch"|"uvBway-V67FB7-GW4czb"
"song.parbrook@edu.tbz.ch"|"dk$OLF-#kcFLr-TuhGRF"
"frederique.heddan@edu.tbz.ch"|"7hmlqf-aW4Whk-YK7$E6"
"ake.kirtlan@edu.tbz.ch"|"R&sbL5-ryRYNp-gD#Co@"
"nelie.runciman@edu.tbz.ch"|"31Zc6T-#fB#@v-OsaP9$"
"mailis.cardnell@edu.tbz.ch"|"A8qvMc-wHlL4K-CQRU$G"
"irene.navarro@edu.tbz.ch"|"RxB57k-XS5@3j-Ow1peK"
"maite.cough@edu.tbz.ch"|"dnsFYh-ZjXVVA-zK$R7R"
"anaelle.stocky@edu.tbz.ch"|"43#rRk-E1&@xN-YULr&$"
"methode.moulder@edu.tbz.ch"|"rVKdoK-hEBcnm-aLKz@1"
"po.stafford@edu.tbz.ch"|"PrVrvd-&PiSoN-mViDVx"
"faites.scraggs@edu.tbz.ch"|"2fajsH-rvUsyu-HSL%cc"
"adelaide.dullard@edu.tbz.ch"|"IVaW06-k%%rRp-BlbbW3"
"desiree.leonard@edu.tbz.ch"|"uewH$i-8x7axh-sfFrqQ"
"geraldine.badgers@edu.tbz.ch"|"b&592B-3ZFiB@-D$IV9f"
"ruo.masic@edu.tbz.ch"|"E0wlxv-1Z#MqP-@IaTb8"
"aurelie.lieber@edu.tbz.ch"|"AZMAWV-rFVwJV-SWHb#2"
"naelle.balcock@edu.tbz.ch"|"uQO6Au-@n%DS6-HfO4D8"
"camelia.elger@edu.tbz.ch"|"sfp7%I-sFeqjw-p$7dLe"
"publicite.oakeshott@edu.tbz.ch"|"g%5XYd-Ld8xYG-Pfw3Xu"
"cleopatre.fawley@edu.tbz.ch"|"N$biNf-7Ka69w-IZp6A0"
"laurene.bruckmann@edu.tbz.ch"|"nvEG&p-TZm4a%-kqd3$h"
"rui.haughton@edu.tbz.ch"|"rv%KRK-qWsHW4-lxxxgD"
"asa.ladewig@edu.tbz.ch"|"cf9bPG-xTN32V-s13jHK"
"gisele.janecek@edu.tbz.ch"|"K6e3N#-$5pora-U60pkz"
"maily.loveridge@edu.tbz.ch"|"RRnX1E-LY#3aj-fxMpGN"
"marie-eve.yurkiewicz@edu.tbz.ch"|"#p8kzE-T%woTE-BNI05O"
"fei.roder@edu.tbz.ch"|"YXE0Oi-LRKajt-MrgAj9"
"edmee.chatburn@edu.tbz.ch"|"jfiHZ&-p#alig-Fo9hOj"
"geraldine.darke@edu.tbz.ch"|"mh&bR3-%Cuto7-8wDS03"
"ye.jira@edu.tbz.ch"|"201nNn-2iZyBi-mBD3am"
"publicite.persent@edu.tbz.ch"|"MUOpCa-8yasR@-6qGmUD"
"severine.wilcox@edu.tbz.ch"|"Vt$tj&-wJuFKN-pY&xdL"
"yao.mcclaren@edu.tbz.ch"|"Mdr2vT-SndKj2-5M7$$%"
"theresa.foynes@edu.tbz.ch"|"sU8Isa-0hM#nm-PQwxLS"
"stephanie.isley@edu.tbz.ch"|"G97f1k-IAGszo-LC#%AJ"
"torbjoern.growy@edu.tbz.ch"|"ZJ7HZp-$yO08Z-UYYOsu"
"eloise.tunnadine@edu.tbz.ch"|"NoSMGx-2HeZu&-fr0Ohg"
"maeline.cossentine@edu.tbz.ch"|"9hUP@K-Y9nROm-jQ7NB0"
"nelie.desantos@edu.tbz.ch"|"GtQlNR-KLVch2-6vEh1H"
"gaetane.axston@edu.tbz.ch"|"4N4XDQ-ytrYcL-4Z7eXA"
"aimee.merman@edu.tbz.ch"|"ZE32XA-VFKqXI-80e5mQ"
"oerjan.drivers@edu.tbz.ch"|"ymGhjd-n#yBmF-A4f4A1"
"aimee.miroy@edu.tbz.ch"|"O490i5-v#gesE-I&xktY"
"nelie.glyde@edu.tbz.ch"|"qG4T9O-qj9Lz1-TDkRJP"
"hakan.kapelhof@edu.tbz.ch"|"vQs4CE-sYwWVT-aDtRcp"
"maelyss.cauley@edu.tbz.ch"|"Q3rw%t-o6LWsh-0Bz2YX"
"elea.vaggs@edu.tbz.ch"|"@ixJjg-V#sWkQ-HMGdrM"
"maelys.but@edu.tbz.ch"|"ZRAt6L-KdyLKS-@r4LQW"
"maella.arthurs@edu.tbz.ch"|"GK&h6y-89fvSD-plXwrJ"
"adele.liebrecht@edu.tbz.ch"|"OZjrOF-X9v&49-agm9ka"
"meline.lomasny@edu.tbz.ch"|"8o$dx6-vmMWsS-#PIFUR"
"mediamass.schwant@edu.tbz.ch"|"Zpw@2p-Kdv3w$-$KiOeZ"
"leone.saunt@edu.tbz.ch"|"bMz@QU-Mmb@48-lB12KE"
"annotes.gouch@edu.tbz.ch"|"1lT0vM-hs#ik#-B&mnP3"
"gaetane.bowich@edu.tbz.ch"|"blCJ2a-t6iMEs-2AcqY8"
"alizee.strelitzki@edu.tbz.ch"|"RrVG&9-BrINso-TDdRK&"
"leone.poile@edu.tbz.ch"|"xhTDQv-N3K74R-j$nOnx"
"amelie.saban@edu.tbz.ch"|"8Du@0#-Q2auSZ-2j444Z"
"marten.mcmenamin@edu.tbz.ch"|"j1UV%n-lg9FaI-SUranx"
"becassine.keets@edu.tbz.ch"|"COnXqc-jbyLVU-gxB&nI"
"celine.million@edu.tbz.ch"|"$jsvKb-9o%Mc4-dH7a4N"
"geraldine.belitz@edu.tbz.ch"|"AttlhL-%JRK@q-n%zv91"
"salome.mardling@edu.tbz.ch"|"t9%OR$-#nnJe6-x&vtD5"
"melia.blakemore@edu.tbz.ch"|"Dv&dId-#TDd15-Lh1Fy@"
"dafnee.mcaulay@edu.tbz.ch"|"MfTSYX-3NO8$J-edpLes"
"garcon.dennett@edu.tbz.ch"|"DfSzxZ-yqFlcF-Sp9AzQ"
"interessant.lesor@edu.tbz.ch"|"Eu5SlI-r6g@fQ-o1VCei"
"annotee.wasbrough@edu.tbz.ch"|"jQnlvl-Q4o4cu-N%sHwB"
"asa.ibbeson@edu.tbz.ch"|"WVOw7H-wkb4zh-87cr3h"
"maily.kennealy@edu.tbz.ch"|"6CxwJa-D4Am#e-&PgUcQ"
"ye.seares@edu.tbz.ch"|"h1AKG%-n3xJ6F-PYRVhs"
"athena.harbron@edu.tbz.ch"|"&MbSbj-Ds0U$g-9xkqE@"
"andreanne.portail@edu.tbz.ch"|"6XwJ5&-tjVZbS-yL6&zu"
"goeran.zannelli@edu.tbz.ch"|"fKxaob-wuhg76-YGrhTL"
"gerald.leathlay@edu.tbz.ch"|"CTGJ83-QEKIHl-xBko12"
"andreanne.chown@edu.tbz.ch"|"k2LssA-&KT1F0-DcCf8T"
"esteve.clementel@edu.tbz.ch"|"aGalMw-ZSi1gt-wnuD6f"
"leone.legan@edu.tbz.ch"|"nCZMTl-xIhEsR-Rxr&gy"
"maena.pownall@edu.tbz.ch"|"H8R7J5-Cg89VI-N1Eaed"
"andree.rettie@edu.tbz.ch"|"4KIq6@-XnGy9O-bc2Rab"
"ines.kenwrick@edu.tbz.ch"|"QTvdD0-HcNYJ2-4SeJun"
"marie-helene.yarnall@edu.tbz.ch"|"iobz16-LBXHl2-qG&I%G"
"po.martin@edu.tbz.ch"|"qE$oDc-qLSCS@-915S&1"
"ruo.celiz@edu.tbz.ch"|"pwUGHw-AFctfO-cX4i65"
"po.bissett@edu.tbz.ch"|"sS6zFg-Fq78sy-s3IAPW"
"du.swindon@edu.tbz.ch"|"S$H#wS-9JngFe-KB36c6"
"interessant.gouldthorp@edu.tbz.ch"|"Cs47GB-GyWfVY-DM418z"
"leandre.lilburn@edu.tbz.ch"|"qeORty-FvVpc%-09WMLC"
"bjoern.whales@edu.tbz.ch"|"89Tes5-JEQeQ1-XGeC83"
"interessant.dieton@edu.tbz.ch"|"m%JL3E-Z62#6&-BfBQXT"
"celestine.redhills@edu.tbz.ch"|"4Zkc$7-xJPkWX-gkqx0i"
"tan.yakovlev@edu.tbz.ch"|"kzXuqY-fizNSE-nD9Xu@"
"regine.mcdowell@edu.tbz.ch"|"yNgnkY-7o5kjQ-eKhYaZ"
"ju.coysh@edu.tbz.ch"|"rd87b8-#274yY-D4kcNf"
"reserves.ofallon@edu.tbz.ch"|"U$EaxM-YLW1Zu-mRg9KG"
"frederique.sobey@edu.tbz.ch"|"XFpGqV-hhtFjz-$Nlav2"
"marie-eve.garstang@edu.tbz.ch"|"ygQSeg-bj9ngj-GTlJB&"
"andre.tapin@edu.tbz.ch"|"#cznZP-H&3XA8-HZRJzN"
"esbjoern.eynon@edu.tbz.ch"|"miK6ui-gpMJOQ-B3PY8W"
"maella.duffy@edu.tbz.ch"|"48I$nz-1kLhrX-Wvd@b5"
"leandre.twinning@edu.tbz.ch"|"cZMHWS-FA%@SS-o9jSi2"
"mai.whittingham@edu.tbz.ch"|"4zGBDX-df8Ptp-8pG5Hp"
"rachele.shevelin@edu.tbz.ch"|"nSpO3@-bRVYwX-XR4qjA"
"cecile.mcure@edu.tbz.ch"|"7@h&Re-No&9jD-7tRkq0"
"marie-eve.yurkevich@edu.tbz.ch"|"rH9iMf-LqKp##-99W4IZ"
"almerinda.paice@edu.tbz.ch"|"ODBqnc-03Vmoa-9iNJbW"
"rao.howkins@edu.tbz.ch"|"%J&Om6-&$cLg7-X1If9V"
"serena.pack@edu.tbz.ch"|"qVIF5I-hdsX$@-0pfT#6"
"rebecca.mant@edu.tbz.ch"|"iLVr9u-&wWO6P-wKm&3s"
"reserves.spitell@edu.tbz.ch"|"Lhdejq-PJbYEZ-6Cat@v"
"garcon.hamfleet@edu.tbz.ch"|"P6j0SL-01fQ22-Q2fVjm"
"methode.kerkham@edu.tbz.ch"|"dZe8hG-b0dd6z-tlS@ln"
"pelagie.camies@edu.tbz.ch"|"2MR6sO-3KoDIE-%t4ame"
"josephine.macpharlain@edu.tbz.ch"|"QvzfEh-08DDBb-w8tce9"
"eugenie.mathet@edu.tbz.ch"|"W8kMCV-Af@ANa-m3fAk4"
"gaetane.brangan@edu.tbz.ch"|"IPpv7k-&mHI&1-tlENyy"
"michele.dewbury@edu.tbz.ch"|"NdaC2m-NPmmN2-KgAvIn"
"eugenie.elcott@edu.tbz.ch"|"dPwHiZ-zGx#gw-DXkCNx"
"megane.harniman@edu.tbz.ch"|"fku$vk-8EQxC7-C3GNB8"
"agnes.cluney@edu.tbz.ch"|"2qM2Ei-qlxjCx-udr8QQ"
"marie-helene.angear@edu.tbz.ch"|"ZFq%&7-I8jlh%-F&tgph"
"melia.dolphin@edu.tbz.ch"|"f1yThe-o2Mtb3-4%8VI2"
"lois.ruseworth@edu.tbz.ch"|"FdH&Vz-cnaJSo-JysP&$"
"mailys.ryding@edu.tbz.ch"|"BomjH5-j7HM9p-w2fcF4"
"rachele.wulfinger@edu.tbz.ch"|"D0qX7K-akdoo5-p3nrgJ"
"gwenaelle.talton@edu.tbz.ch"|"lwaP5I-s25wxH-lcLa3M"
"long.ronchetti@edu.tbz.ch"|"zBB9Uj-X48yOi-In7ssw"
"styrbjoern.kloska@edu.tbz.ch"|"6F3&pi-KVqWO0-LZ&@4D"
"len.sudran@edu.tbz.ch"|"##piIG-VBkbME-LoVDJY"
"maelle.andrysek@edu.tbz.ch"|"VdRqFc-G5W3&#-$s2tAj"
"selene.senior@edu.tbz.ch"|"X3MhD8-3Dp&Tm-bbZA$a"
"anais.joskovitch@edu.tbz.ch"|"DnMxu%-nSODBm-&AJms1"
"marie-noel.dally@edu.tbz.ch"|"5fmk8Y-e6bjeT-hDfYiX"
"marie-helene.laurence@edu.tbz.ch"|"RZpbqn-qaP$DG-jhUlo$"
"camelia.foxon@edu.tbz.ch"|"gfF9vz-d0wkAY-2yUpBC"
"helene.cankett@edu.tbz.ch"|"MxK5wc-gzcxcE-%455mC"
"marten.mitchelson@edu.tbz.ch"|"%YKcDU-TBfuxq-4TgWvk"
"helena.stirtle@edu.tbz.ch"|"aIm3$D-8faXD5-%KzKHA"
"leane.barmby@edu.tbz.ch"|"@jYYRT-JPMEKZ-45Ww%O"
"goeran.ofinan@edu.tbz.ch"|"h@d5Ng-n&ZtMi-YLWfId"
"styrbjoern.proby@edu.tbz.ch"|"49Sc4f-uuJ5DX-MxMKzF"
"zoe.halse@edu.tbz.ch"|"XlRtg$-REuu#Y-QP6fra"
"kui.drable@edu.tbz.ch"|"2D0tYx-CwC@VZ-5BUexy"
"desiree.bamford@edu.tbz.ch"|"3&d6I7-uSCOoV-rx@iJE"
"zoe.suller@edu.tbz.ch"|"BzzEqM-FLAsVD-rgoCv1"
"marylene.audiss@edu.tbz.ch"|"BQ%ftM-8jp5XT-noYRY2"
"adelaide.poznanski@edu.tbz.ch"|"TChkeW-&dBUle-ZzG6wS"
"maella.coleyshaw@edu.tbz.ch"|"hvbFgO-0LD9$O-k%z3Ci"
"marie-francoise.gelder@edu.tbz.ch"|"2O%P75-trn&jM-bEjap&"
"eleonore.chaffyn@edu.tbz.ch"|"47guI9-7c7rvZ-%0dtX2"
"celestine.sikorsky@edu.tbz.ch"|"8ZED0f-yXhVB6-#jUrar"
"stevina.londsdale@edu.tbz.ch"|"WG6iY#-1xlIg9-4pR&rw"
"maiwenn.nevitt@edu.tbz.ch"|"CzMhma-mV$Qdg-2oh4hC"
"magdalene.gerrey@edu.tbz.ch"|"Ft4$h5-i@x%Sy-aMMYyL"
"becassine.latimer@edu.tbz.ch"|"sty6g1-IfZ5MV-2fUwQs"
"da.lethibridge@edu.tbz.ch"|"mroiJ8-h9yCmh-XBe#T0"
"mailys.claige@edu.tbz.ch"|"AG0d3o-m0qa@7-wCKD%B"
"maena.torbard@edu.tbz.ch"|"ZBJ&Kb-LhHagh-70ajdp"
"solene.lyvon@edu.tbz.ch"|"6EZCjB-2fnHl6-$J7Fa#"
"marie-therese.benbrick@edu.tbz.ch"|"eP6IWT-nXRPKy-Usgqbv"
"gerald.edmonson@edu.tbz.ch"|"QA2%SV-TbLI%n-e#Rs@r"
"ake.messruther@edu.tbz.ch"|"uN8mfm-x$odqB-mPI$mZ"
"men.gosneye@edu.tbz.ch"|"BDTv0Z-Ya15RH-7a3L7d"
"anais.jefferys@edu.tbz.ch"|"e%2zd5-J@uefE-r%o%7E"
"publicite.tregale@edu.tbz.ch"|"8$kdri-2UZfl7-%wc1mB"
"maily.santorini@edu.tbz.ch"|"qV9siw-dl9MQn-eIvnwl"
"ines.pioch@edu.tbz.ch"|"HibB#B-%BV#Dz-1v$px1"
"noemie.marklew@edu.tbz.ch"|"t%D&gd-nJ5H&p-vp&PB5"
"meghane.maccaffrey@edu.tbz.ch"|"7IZQYz-hA1D4g-CHiSPU"
"berangere.ambrogio@edu.tbz.ch"|"U$vLyd-v$#2SZ-QTr0uT"
"mediamass.ryce@edu.tbz.ch"|"%M2T%@-%Aa8dj-wTownH"
"oesten.ubank@edu.tbz.ch"|"5wajV&-IyJbYo-qNNphS"
"melina.mackee@edu.tbz.ch"|"Xm2Od0-XV7q2e-7W3yO#"
"theresa.livezey@edu.tbz.ch"|"qWOcKq-Ddw27V-CoYZHd"
"clemence.weal@edu.tbz.ch"|"WuocBV-vp5mWw-TYckGu"
"faites.overton@edu.tbz.ch"|"hSfc@h-jJTEW0-f1H0wM"
"clea.lindblad@edu.tbz.ch"|"&ZLmLg-u#giXu-k1ur2Z"
"josephine.roseaman@edu.tbz.ch"|"rp2aI#-pM0M8X-R5J6r#"
"oesten.lowbridge@edu.tbz.ch"|"wUv1tq-f7@3pT-hWi7Jm"
"marie-josee.brion@edu.tbz.ch"|"aDn5Li-$gK0EK-pgbmat"
"therese.basili@edu.tbz.ch"|"UJ8dN1-zG12dJ-bKEEF3"
"melia.vertigan@edu.tbz.ch"|"@yILtN-qCaQQt-#v1FzP"
"judicael.saull@edu.tbz.ch"|"5GbHCY-pFCMPa-xU0dzf"
"selene.valentine@edu.tbz.ch"|"8hScs0-s82I@O-LExBMz"
"verane.dunlap@edu.tbz.ch"|"MrNYBQ-0HHGwd-ox2W1e"
"meline.kinnear@edu.tbz.ch"|"HLpZ17-kgN8&k-93JJUP"
"lei.luttgert@edu.tbz.ch"|"X4VskI-0IQLuW-@9jDnA"
"styrbjoern.lathleiffure@edu.tbz.ch"|"Rfi%K%-yruuhC-GnJ4NO"
"marlene.blasi@edu.tbz.ch"|"pWb@Ob-Qyfw@x-ovvP@r"
"mai.begwell@edu.tbz.ch"|"9Telk@-jVVWvG-S0hUY@"
"gwenaelle.kaines@edu.tbz.ch"|"jV#Mkg-h02zU3-a9oTd9"
"gerald.adamthwaite@edu.tbz.ch"|"FciooH-xVTtcQ-6qm7cu"
"kui.hartfield@edu.tbz.ch"|"6vdAeK-niC80s-wd81Nt"
"salome.currao@edu.tbz.ch"|"LhRmwj-ZRJ#JC-1Ij&rs"
"angelique.tixier@edu.tbz.ch"|"BhsLBo-67vZbB-EQV$SQ"
"ju.mcgragh@edu.tbz.ch"|"v#n7Dc-Yi&Qrj-7f70ic"
"dafnee.beachem@edu.tbz.ch"|"gok0pu-O2cl2f-bUB0DO"
"creez.terlinden@edu.tbz.ch"|"tk#%ZG-yuYXQ&-Q6Py3$"
"uo.mcskeagan@edu.tbz.ch"|"H&$Ed2-qhYmfV-PMQ1hU"
"edmee.mccaughren@edu.tbz.ch"|"KholRb-r3Wvtt-HB800i"
"asloeg.cozby@edu.tbz.ch"|"GGkFW2-@i2&RE-CWxfqx"
"melodie.traite@edu.tbz.ch"|"3t#CQB-ZDrUno-IPfP3E"
"dorothee.aindriu@edu.tbz.ch"|"OjN3f5-BQT&y#-56bMVF"
"daniele.doley@edu.tbz.ch"|"%@wcG5-#r4dTz-$L3nu8"
"mediamass.fairclough@edu.tbz.ch"|"C&5HxS-vLO5u6-TN%HxG"
"lorene.rainforth@edu.tbz.ch"|"lq7xV5-FruCJv-n5Scwj"
"leonore.eyer@edu.tbz.ch"|"nexSN9-EUveUr-v%iT7A"
"po.spillman@edu.tbz.ch"|"O4iOHP-&g8NGm-rV@2y&"
"cecilia.plitz@edu.tbz.ch"|"c9mPFZ-Oo#PW7-KdiGtL"
"lorene.ludlow@edu.tbz.ch"|"mdU0%@-4&SMOa-cPG@Xc"
"berangere.neligan@edu.tbz.ch"|"nQoEst-rbXZhq-KHmeMN"
"simplifies.huggan@edu.tbz.ch"|"8Mz8B6-Rp0nD#-te3upY"
"clelia.prandy@edu.tbz.ch"|"ZflRus-93zM9W-zyAchp"
"ake.osban@edu.tbz.ch"|"lOOv#8-Tbrwh7-ijWrDr"
"cunegonde.brunn@edu.tbz.ch"|"X23od2-prRfzE-%K&ukE"
"long.grizard@edu.tbz.ch"|"kRVy5n-%3$n%W-ZuYWJ1"
"meghane.diss@edu.tbz.ch"|"aqGpmm-n#rnl$-xLeTPX"
"therese.oldman@edu.tbz.ch"|"wCI4iD-TJfFGP-u%hUTV"
"boerje.scamerdine@edu.tbz.ch"|"62vUV2-0RY5BL-cQ#Bo2"
"du.saban@edu.tbz.ch"|"iz%u2H-YBv35b-Mvj0CA"
"hakan.clynmans@edu.tbz.ch"|"2u#2Zl-#BevBy-900s%T"
"wa.macdowal@edu.tbz.ch"|"s6qiD6-kUWerw-1rAQOb"
"venus.hatrey@edu.tbz.ch"|"jn86If-4%ka0i-uWjSKi"
"anaelle.vispo@edu.tbz.ch"|"n2AhXI-qSO@20-m%K99G"
"mahelie.ollcott@edu.tbz.ch"|"#7P6Xa-CoCMke-gKa5b0"
"mediamass.whyman@edu.tbz.ch"|"NOhxom-&c8yCv-kR$qV8"
"esbjoern.basson@edu.tbz.ch"|"9999Oo-ry&omV-JRyfrV"
"andrea.morrill@edu.tbz.ch"|"EO%uNP-K6FWCj-p#buhD"
"melys.grassi@edu.tbz.ch"|"rDnIw$-s5yusA-RbPms7"
"leone.poleye@edu.tbz.ch"|"oTwKdj-lmx2oo-P89gXg"
"francoise.penny@edu.tbz.ch"|"HqnsnF-f@ZJEn-ipg8tb"
"rebecca.edney@edu.tbz.ch"|"EH@lUQ-Kdfp6j-FzD8CE"
"adelaide.murtagh@edu.tbz.ch"|"79%UL%-T6Tk&f-XN4O%U"
"stevina.winterbourne@edu.tbz.ch"|"0FFVgo-oG7SKp-EqBGQu"
"ma.cottom@edu.tbz.ch"|"mXpLiF-BprW2b-F4T71t"
"tan.harold@edu.tbz.ch"|"8nfvD2-d@IM2O-tRcI52"
"venus.forte@edu.tbz.ch"|"HyfB0x-0wsAKV-r7JU2U"
"almerinda.oluney@edu.tbz.ch"|"@dlGdK-lVpx5W-psIZy1"
"cleopatre.brehault@edu.tbz.ch"|"OLXYb7-PuQLuO-JA9CIr"
"interessant.lapides@edu.tbz.ch"|"GIQalI-WVerD9-259QTo"
"reserves.hallatt@edu.tbz.ch"|"1bahza-B@b0QO-eZJenP"
"annotes.birdwhistle@edu.tbz.ch"|"memhQp-zshjP8-EiMuTi"
"ai.dredge@edu.tbz.ch"|"tS9wHx-sA0rz8-RTXEqo"
"megane.mussard@edu.tbz.ch"|"rGxdtu-WBgCYJ-w9o6@2"
"esbjoern.gowrich@edu.tbz.ch"|"o9w1av-HV%&JT-ihFXt8"
"boerje.brislawn@edu.tbz.ch"|"Z4E8Op-$OnLMW-#sRz4k"
"becassine.wilce@edu.tbz.ch"|"RP2fXq-##Uwk%-DaB%@n"
"personnalisee.oels@edu.tbz.ch"|"mKCFaS-7idfAt-yAa1sV"
"verane.pett@edu.tbz.ch"|"gf4dXU-zBBl#O-g#4KPB"
"marylene.glewe@edu.tbz.ch"|"MmWDVQ-ET9N1h-MxkW49"
"lai.elson@edu.tbz.ch"|"z#zHa$-AB@7Jz-u4Qutb"
"serena.difranceschi@edu.tbz.ch"|"cxGqHV-pR8m&a-CQnYq5"
"lie.espinel@edu.tbz.ch"|"tmVau2-S$ViKD-KxR2ut"
"marylene.fantini@edu.tbz.ch"|"7L8fGC-btvp5g-cVgnDI"
"andre.archdeckne@edu.tbz.ch"|"GeZy4E-4Xa4&F-to2QKg"
"goeran.bohlingolsen@edu.tbz.ch"|"lRQLBw-VSm@pJ-VkJm3Y"
"cunegonde.heffer@edu.tbz.ch"|"musvV1-tg#iVU-z4zyI9"
"tan.fechnie@edu.tbz.ch"|"iIaYVJ-QU7P2l-LcE2XF"
"marie-noel.brammar@edu.tbz.ch"|"t&vGIr-M24dsC-eRoVj1"
"simplifies.aven@edu.tbz.ch"|"CdeDuZ-oVAotj-ZMAULR"
"melys.pinchen@edu.tbz.ch"|"rO3sAf-9omPn&-p9BOFC"
"edmee.joyner@edu.tbz.ch"|"L&x1PY-wFaA1i-SbPj0g"
"berengere.edess@edu.tbz.ch"|"hKu&eO-HDF&1J-VPz6Xh"
"marie-noel.goward@edu.tbz.ch"|"g&psQ3-FhuHWo-$dpPg%"
"ju.edmons@edu.tbz.ch"|"v8JmNj-FTu&Y1-dk#1lm"
"frederique.airds@edu.tbz.ch"|"26OXto-1buoDO-1yO&OW"
"reserves.dauby@edu.tbz.ch"|"B77iUP-&zyZzl-EmpJ0z"
"hakan.gynni@edu.tbz.ch"|"PcIu&x-oyyK3o-5si0%6"
"leonore.pinwill@edu.tbz.ch"|"HRGUSq-tbKdic-i2OU5e"
"marie-eve.mcallan@edu.tbz.ch"|"1LGetB-%2Lk4J-Ll@oRl"
"naelle.yeabsley@edu.tbz.ch"|"i&mjXy-eT5Q9g-aEdaxK"
"nelie.jacobovitz@edu.tbz.ch"|"oL1iyo-RNeE#2-z&gVVK"
"adele.conelly@edu.tbz.ch"|"4POAdP-@wWW@U-FVUyDw"
"clementine.dondon@edu.tbz.ch"|"ngi35e-jS%Pr8-Kz1qfZ"
"zhi.willcot@edu.tbz.ch"|"W9EJ9B-7hfc0$-UK7YNp"
"chloe.janicki@edu.tbz.ch"|"W&6C24-bVymd$-D8hI$x"
"meng.linde@edu.tbz.ch"|"stCHfc-1ZJKL8-MY57Ua"
"celine.janisson@edu.tbz.ch"|"mjDV5#-qul3ul-yhPF&c"
"clelia.crow@edu.tbz.ch"|"2RmLvB-atAgVk-llazPu"
"cecile.pyott@edu.tbz.ch"|"uLDmg5-bnFpsV-$@cPbW"
"ma.fidelus@edu.tbz.ch"|"k3lVez-Du5sOy-UQuYr7"
"marie-helene.poore@edu.tbz.ch"|"$T1%PG-feH%9j-A%@yCc"
"elies.blanket@edu.tbz.ch"|"t$7IZl-tbLRna-FyoybM"
"yu.boyer@edu.tbz.ch"|"G9ZiKC-h7tF$b-IH&O%J"
"celia.welds@edu.tbz.ch"|"ZcZFul-37uSxO-ztXgdi"
"du.gunney@edu.tbz.ch"|"n3XS2l-Kbt00N-P1wNfg"
"goerel.crush@edu.tbz.ch"|"BCgHpv-mLAh0Y-%gqDXZ"
"marie-josee.brosius@edu.tbz.ch"|"nbnAxk-35JJ#@-jWku&3"
"camelia.adds@edu.tbz.ch"|"Eneur3-xq$a2x-l27aQE"
"anae.irwin@edu.tbz.ch"|"J4XMoM-3Q&$WZ-SNZd3x"
"cleopatre.skeffington@edu.tbz.ch"|"aHGtwh-dgp$Lf-UDQOEw"
"gerald.suggate@edu.tbz.ch"|"KLGb6n-O3ZG@t-6gsrsM"
"laurene.tailour@edu.tbz.ch"|"e6Uxob-#rRmKc-ceYH@9"
"amelie.hoble@edu.tbz.ch"|"3T65dv-kLuGi@-6HvaO5"
"venus.getch@edu.tbz.ch"|"WBynSM-jiZutP-Td0Umu"
"renee.treby@edu.tbz.ch"|"rUB5AO-aeQVqB-wJ76Fw"
"almerinda.stait@edu.tbz.ch"|"opmIxY-OS6@5Q-zrhvQ@"
"andree.reddecliffe@edu.tbz.ch"|"ChkhuT-6TAG1c-s3c7Fl"
"leone.wintle@edu.tbz.ch"|"sIrKrM-iM9$j4-eE9gcu"
"gerald.fellow@edu.tbz.ch"|"4RU76O-fNsIQo-3KfRAI"
"ju.gudger@edu.tbz.ch"|"IFTFVO-#xUPfc-kLp%BT"
"meng.ohaire@edu.tbz.ch"|"nvGg$5-bYOsK@-su@kNj"
"cleopatre.missington@edu.tbz.ch"|"z$3qqy-aQogF$-%j&pe5"
"annotes.debruyn@edu.tbz.ch"|"nkRQ40-uj$Tvs-TBbdcO"
"gerald.sinisbury@edu.tbz.ch"|"Wu2vGq-lF6g0N-4QGt9z"
"creez.slora@edu.tbz.ch"|"4r&P&x-KQju5$-W7tc1W"
"gisele.benbow@edu.tbz.ch"|"F#d&2w-8u7l9z-mEckjq"
"pal.dossit@edu.tbz.ch"|"F%dGAq-M6KzdM-OAJs9w"
"nelie.stirrip@edu.tbz.ch"|"HE4Ish-fBm%oT-YoZz&W"
"alois.ocrigane@edu.tbz.ch"|"3qEQCW-iso3Zt-PjjMuR"
"kui.mcterry@edu.tbz.ch"|"iXW2K%-liX8ck-AWf8F&"
"long.willgoss@edu.tbz.ch"|"hDsj6f-Ni5fBa-yn9yVE"
"francoise.sumpner@edu.tbz.ch"|"pM7FoX-pER$F1-FCI7kZ"
"maely.grinstead@edu.tbz.ch"|"CQ39rG-5kpTyk-iCrwih"
"creez.langeren@edu.tbz.ch"|"uOjL3@-JXeNed-EiTtuq"
"adele.dungate@edu.tbz.ch"|"j6qgMJ-9We19o-K1frU@"
"cleopatre.noirel@edu.tbz.ch"|"3e7ye4-vXLmsJ-76Kw1c"
"interessant.daverin@edu.tbz.ch"|"B8gcVH-tZfcQ%-Gda&%Q"
"naeva.kalderon@edu.tbz.ch"|"6AwC$S-bEYuDU-ihUyLQ"
"anais.oshesnan@edu.tbz.ch"|"x1v#qL-J$CZwu-80NCfI"
"judicael.anelay@edu.tbz.ch"|"ZyeYsz-K5XWJj-ddfxwP"
"eloise.braxton@edu.tbz.ch"|"rZo$lU-i%L0hb-YraVKj"
"desiree.greguol@edu.tbz.ch"|"77HUgD-5xUGB5-U6SnRE"
"maite.mcclenaghan@edu.tbz.ch"|"xxKCAp-4MIfDQ-DYG1@W"
"meng.doret@edu.tbz.ch"|"FgYOlk-1luh#s-$ZMHfA"
"frederique.chippendale@edu.tbz.ch"|"9JB97F-77Uyw$-X8rNz%"
"andreanne.lanney@edu.tbz.ch"|"RwHFz$-gJ27vl-A#P9B#"
"aurelie.claus@edu.tbz.ch"|"2jY5hH-Lf29wz-uxfmkz"
"renee.pabel@edu.tbz.ch"|"cbiLvi-fr6i#b-0YfbuO"
"maena.roust@edu.tbz.ch"|"tcaXui-@vEIoN-AZEvER"
"nadege.carwithim@edu.tbz.ch"|"1WYxfV-&3eSMn-rUKNfd"
"solene.geyton@edu.tbz.ch"|"dT3$Fa-9jHvn%-7FVkhA"
"dafnee.avraham@edu.tbz.ch"|"F6@KqN-FVvhJu-Mv0MER"
"leane.woolvin@edu.tbz.ch"|"kYkioA-@xSTdz-$nB%y1"
"adele.macadie@edu.tbz.ch"|"SSnK0p-NlCBxH-LIlEdX"
"meline.rubica@edu.tbz.ch"|"ZQLvyf-nmGW#E-KQyeKH"
"marie-noel.speeding@edu.tbz.ch"|"i2eQ1n-eIcDN%-awlRSW"
"nelie.mix@edu.tbz.ch"|"h1eItQ-FSWGQT-xNUZ9%"
"clea.ollett@edu.tbz.ch"|"5GuH%F-3OgYzg-&MUJlt"
"leandre.mcgavin@edu.tbz.ch"|"yS2iD5-qNHocv-UExOrg"
"cecile.behne@edu.tbz.ch"|"HZMXQt-iZJ1eE-CECmvB"
"melanie.polle@edu.tbz.ch"|"#yo8Sx-K49FJx-FXOKO$"
"marie-josee.titmuss@edu.tbz.ch"|"lRgrpR-LUvV47-MAEssP"
"helena.guest@edu.tbz.ch"|"2Aq9Ea-Ke8tzY-UQ@EO&"
"annotes.chicchetto@edu.tbz.ch"|"rk275Y-4hFnK@-5$$sok"
"melia.tubb@edu.tbz.ch"|"fLenV&-KR&mdg-N2OQxW"
"angelique.casetti@edu.tbz.ch"|"K9GB3O-6uvbCK-HXzwxf"
"cunegonde.cleall@edu.tbz.ch"|"5JqYcR-pvoV1e-cDT56q"
"camelia.oaker@edu.tbz.ch"|"NORjpi-XPr@J$-#bCmBx"
"you.searight@edu.tbz.ch"|"SYnC63-0lOTN%-0R8Awl"
"kevina.dederick@edu.tbz.ch"|"RWH%bq-3wMAU4-M26#@f"
"milena.jeffrey@edu.tbz.ch"|"Y6ih9Q-PdNQT2-$UGC$I"
"melodie.barkshire@edu.tbz.ch"|"Rdo9P@-fYZWe7-oomcuG"
"gaelle.kreutzer@edu.tbz.ch"|"oc$JfG-VdVTRC-4rw26a"
"kalliste.kleinpeltz@edu.tbz.ch"|"$vOjEX-$ZjfNM-80ATvy"
"clementine.danat@edu.tbz.ch"|"OL4vYp-UYY1%v-VHINMY"
"andrea.wabb@edu.tbz.ch"|"RmyOhF-9@yk##-@AbZ15"
"geraldine.piesold@edu.tbz.ch"|"lFcQUu-4#jIpZ-jWjH8P"
"tan.fiveash@edu.tbz.ch"|"oYzRax-X8B%ms-f5U3J2"
"meline.yuranovev@edu.tbz.ch"|"n6&7%k-wKTa9$-gmd9GL"
"therese.holme@edu.tbz.ch"|"&L33CL-RsF#kg-YCkr@k"
"salome.vaney@edu.tbz.ch"|"@#oWBm-@fRKMO-eGVVPQ"
"anae.abramson@edu.tbz.ch"|"O#tpCt-ms2zhn-wHYQbH"
"kalliste.jimson@edu.tbz.ch"|"VEjTR&-nWg5@7-p9Ydc&"
"selene.yole@edu.tbz.ch"|"gmrtTL-#@5fxN-9dHvvL"
"agnes.defraine@edu.tbz.ch"|"PZbBB4-jzXcI7-1Dnn$@"
"faites.mccluin@edu.tbz.ch"|"uxFCBk-Tyt4b@-fPbuXF"
"athena.deme@edu.tbz.ch"|"MNmUZm-3Nj@&e-FBt5zD"
"daphnee.brigstock@edu.tbz.ch"|"ad9EF$-RbgmJa-beF4&t"
"goesta.skaif@edu.tbz.ch"|"Oa$65i-iPU&yG-ZwTQQs"
"oceane.jagoe@edu.tbz.ch"|"bDzjdQ-yHLq77-$r$pkM"
"annotes.broomhall@edu.tbz.ch"|"&FmoTw-vw9bVs-fqkcBR"
"marie-eve.ballendine@edu.tbz.ch"|"YUWt#R-&R6iW#-zfaN2Y"
"melina.spykings@edu.tbz.ch"|"YwLp2i-ONxeO6-n30Zgm"
"laurene.ticehurst@edu.tbz.ch"|"lTskQ$-szwMlO-RwSQv%"
"fei.avramovic@edu.tbz.ch"|"FqFvcR-Lsx6Om-uW89tj"
"publicite.strathearn@edu.tbz.ch"|"uT0t7R-pP6#0P-loQb4g"
"torbjoern.garrow@edu.tbz.ch"|"23xWXX-N27AjV-q4Shol"
"chloe.rubinsztein@edu.tbz.ch"|"7sHp8n-ZlqbE@-&sG7By"
"mylene.demanche@edu.tbz.ch"|"$9s7k7-LVhQMC-MPL$32"
"mediamass.godlonton@edu.tbz.ch"|"8PJulW-CZfg%a-gMAnv0"
"renee.shurrocks@edu.tbz.ch"|"%o&Wt7-uZ8Jl5-EqoSh2"
"maiwenn.jedras@edu.tbz.ch"|"6blrWx-BhH766-@2E@Tc"
"genevieve.castells@edu.tbz.ch"|"lieN0s-n%04T3-ktOxoo"
"renee.sneden@edu.tbz.ch"|"PSkF8Y-OLYQYS-bYY4yg"
"lai.mccallion@edu.tbz.ch"|"NWiGha-brd3CG-&6rZVW"
"kevina.impleton@edu.tbz.ch"|"6MG#@r-rScvyk-qiB%#8"
"oesten.fresson@edu.tbz.ch"|"ihzC76-WwsJwB-Tpa3TV"
"verane.shawley@edu.tbz.ch"|"1XC0xg-ki5oYf-sqCE&&"
"uo.sjostrom@edu.tbz.ch"|"ujZ@08-TmGPkd-S7N7m0"
"gisele.gothup@edu.tbz.ch"|"uKPozA-M2dPtm-o3X4Op"
"renee.beauman@edu.tbz.ch"|"y8Mo45-A@o4m0-wc5x7p"
"elies.loton@edu.tbz.ch"|"V%&Lkq-zQfX6m-u1j0HP"
"valerie.elsmore@edu.tbz.ch"|"qnXHOw-xkA0J0-Gre3DF"
"berangere.delafeld@edu.tbz.ch"|"VeR5ku-B5&oF1-xA%Bhw"
"bjoern.schimke@edu.tbz.ch"|"Tc7ZA#-$zzhkB-6NTPfv"
"loic.ericssen@edu.tbz.ch"|"MjI7FC-bj#InJ-t8qvcl"
"creez.richarz@edu.tbz.ch"|"GX8RU2-pOwSXd-PP@iqz"
"athena.grocott@edu.tbz.ch"|"yTzgYw-NumPV3-TxjHQa"
"naelle.piotr@edu.tbz.ch"|"e9R&C7-CRQPai-VHLaMo"
"maella.paulson@edu.tbz.ch"|"S&ZMNs-9lHXzV-33Y7a%"
"song.perot@edu.tbz.ch"|"b%ER9f-A1wkdu-or&s6z"
"kalliste.heckney@edu.tbz.ch"|"grqVft-Sp$lqm-BEm6Lh"
"ake.vasyutkin@edu.tbz.ch"|"x&Z2N#-nX52MJ-xfKwcU"
"ma.castles@edu.tbz.ch"|"0EXcTt-8IomfP-uZ2Iis"
"maely.monget@edu.tbz.ch"|"f%l3c8-rZHZfd-Ti5yhz"
"tang.durbridge@edu.tbz.ch"|"80uj0f-s8kS2g-jHPDnt"
"laurene.andrew@edu.tbz.ch"|"0c%wZu-7TlnrE-Eo1jYB"
"lysea.beacon@edu.tbz.ch"|"j71UW2-fWZfP7-ykh82#"
"leandre.peyntue@edu.tbz.ch"|"Uk28nJ-TBBT%H-bLGflf"
"rao.trever@edu.tbz.ch"|"tiqIxZ-B%A&mP-8@UTXP"
"mahelie.streader@edu.tbz.ch"|"Hfr4XY-q5ENwI-5N472N"
"maerta.andrejevic@edu.tbz.ch"|"JrqoZ1-$CGLIM-MDBpFn"
"goesta.tompkins@edu.tbz.ch"|"4jzCpt-F1$#KK-pPfm%g"
"helena.agates@edu.tbz.ch"|"Kp&EH0-bvolfi-Bvx2yo"
"therese.glass@edu.tbz.ch"|"&KMCtc-o&uJ%f-02M%If"
"alois.foan@edu.tbz.ch"|"KVABCe-yP2g1P-wNscGo"
"becassine.melchior@edu.tbz.ch"|"ZaFSUb-vSuPsw-oxp5S7"
"cloe.robart@edu.tbz.ch"|"@SqBHu-h3Kxp0-pUTqpq"
"daniele.puckinghorne@edu.tbz.ch"|"LbY8l7-Oj4ocx-wZC7xZ"
"selene.cammidge@edu.tbz.ch"|"8ht9jW-AoaEbY-9AURZq"
"regine.conochie@edu.tbz.ch"|"g%&cSV-iA8LX0-XgBZV7"
"interessant.tuiller@edu.tbz.ch"|"ttXRvU-sCbX39-RNVAB&"
"long.tiebe@edu.tbz.ch"|"tgKJSO-eyZhi9-4ETMH1"
"mans.yele@edu.tbz.ch"|"RcOk@E-S@123I-H4OYgL"
"ai.giles@edu.tbz.ch"|"DiBe4T-x0PMgP-BvpF$X"
"gaetane.hamberston@edu.tbz.ch"|"fguV9x-jOUiih-HN9mXd"
"marylene.fenix@edu.tbz.ch"|"T5g@K$-NK6iVH-pmLyVh"
"geraldine.graeme@edu.tbz.ch"|"%1DVZ%-p@s24e-haQJap"
"tang.kinglake@edu.tbz.ch"|"%X&L00-fptMhN-cC2Fw6"
"lai.challoner@edu.tbz.ch"|"kiIeys-9y%nA#-muRwpz"
"desiree.mattei@edu.tbz.ch"|"FFEDtE-bJue96-HZZWKj"
"ake.erley@edu.tbz.ch"|"h1sfXT-iWWXKs-9&#4jv"
"edmee.cavil@edu.tbz.ch"|"qvDWAu-g96CHq-gdfoRa"
"alois.moyes@edu.tbz.ch"|"o5Z3&3-k8Z78K-fxqBAk"
"becassine.pitman@edu.tbz.ch"|"o4T9mB-DE92qD-woyPW#"
"ai.giacovelli@edu.tbz.ch"|"X9ecmE-Ci@HVS-9BkpFU"
"judicael.fruchter@edu.tbz.ch"|"nJnplE-qFxsAF-ss6BZW"
"mans.mogg@edu.tbz.ch"|"jfmSw6-FYhV3p-kfSREQ"
"gerald.foyle@edu.tbz.ch"|"u99f2f-u##a$#-2&jTo2"
"wa.androletti@edu.tbz.ch"|"SZRVN&-IzrF9g-LyHvTv"
"meng.ollett@edu.tbz.ch"|"IioYPS-CRZeEX-DRU4LQ"
"naelle.macmenamy@edu.tbz.ch"|"qk%Wj4-wCYIe1-OOGJbM"
"gisele.mcramsey@edu.tbz.ch"|"Zol1lI-lPrlF0-xtzznv"
"meryl.scolts@edu.tbz.ch"|"SMFym8-Xfb1Iw-gvcwHx"
"celia.bloxsome@edu.tbz.ch"|"t&sFc8-PMWeUP-1%w4AB"
"styrbjoern.stuke@edu.tbz.ch"|"IUo3pL-ek7IQH-D%Uwz2"
"felicie.gwilliam@edu.tbz.ch"|"m9tOnd-so@1#O-cqy8GC"
"da.harms@edu.tbz.ch"|"x9XV%$-by7uUm-fLqjN%"
"celestine.baulk@edu.tbz.ch"|"8cRWci-A3xrpi-nl8Eiu"
"mahelie.blackledge@edu.tbz.ch"|"FrsxRy-CgZ1aX-CnXEgY"
"meghane.salt@edu.tbz.ch"|"Ke@#Lc-2kJiWi-pNgfwr"
"methode.paxeford@edu.tbz.ch"|"HC7Ra7-4y0BdM-7sqepq"
"asloeg.milligan@edu.tbz.ch"|"j%7iGL-aPs9TH-5QTCBW"
"you.pellman@edu.tbz.ch"|"C&6CMv-i9R&Gj-fe61Xq"
"loic.regenhardt@edu.tbz.ch"|"qE@zjP-EZpztv-I6Vh&B"
"daniele.savill@edu.tbz.ch"|"oKunTu-IZN6vr-1ULu9k"
"alois.cornu@edu.tbz.ch"|"9spJdk-hHK9eR-nlMkC@"
"oesten.govey@edu.tbz.ch"|"r3MsWS-gTj8q2-X&6g52"
"marie-eve.louch@edu.tbz.ch"|"6813i0-57SELL-F3Ej&w"
"theresa.wenn@edu.tbz.ch"|"UpY8#5-kOfHXN-bNO4Wc"
"andree.eul@edu.tbz.ch"|"ZGoj8I-s%dOF3-IaQVEM"
"lie.paynton@edu.tbz.ch"|"o$8oYy-Ux8ZK2-1q@aPW"
"marie-eve.girodier@edu.tbz.ch"|"1GPhoq-NyFFk$-MTvXvf"
"marie-noel.smithe@edu.tbz.ch"|"c4f4LZ-G@hlhL-8j9vKv"
"men.bootyman@edu.tbz.ch"|"KLiFs5-jBYlHf-O7xAQs"
"ku.sugg@edu.tbz.ch"|"GtZVcY-D4Pj83-06en7v"
"lucrece.roseman@edu.tbz.ch"|"0%rPOd-VuFjc6-wFLad1"
"zoe.annear@edu.tbz.ch"|"1GVMnd-1Hb#F@-5geTc4"
"marie-helene.rennebach@edu.tbz.ch"|"FTyxbw-GLzTHA-QKn#nr"
"lea.djurdjevic@edu.tbz.ch"|"#@7R@m-VHc$UZ-4wahKU"
"goerel.robert@edu.tbz.ch"|"oqNEnV-hIDddW-XKylBk"
"mylene.foldes@edu.tbz.ch"|"GgqQi8-e4IJ%Y-$Vv2FO"
"faites.clegg@edu.tbz.ch"|"ZcceQa-NGrzLj-n4#s8U"
"marylene.crowcher@edu.tbz.ch"|"a%wwvn-evlf%u-nLanOt"
"aimee.wimpeney@edu.tbz.ch"|"&TdyYx-3%YaA6-nL5hLr"
"renee.atkins@edu.tbz.ch"|"dQaxZS-Q0Cv0&-Kg2aPj"
"rejane.cainey@edu.tbz.ch"|"Tch@26-Js5g4V-gcWju3"
"solene.britney@edu.tbz.ch"|"PastE7-yjNp%U-vBCr9C"
"marten.shatliffe@edu.tbz.ch"|"Gcq%N4-7h9gqI-ZDI1W1"
"maite.issatt@edu.tbz.ch"|"xSFO1E-O7x8Sl-YggzA1"
"maelyss.edon@edu.tbz.ch"|"8fMpV9-DlCqaQ-TTvank"
"nuo.bamling@edu.tbz.ch"|"r7#ngb-xGsCx&-YDJw@Z"
"anais.edards@edu.tbz.ch"|"tYfWQ4-gRKXsd-8l#URR"
"mediamass.bromet@edu.tbz.ch"|"nXPKaK-51ERGd-gqGCTq"
"beatrice.kimbrey@edu.tbz.ch"|"W124yw-$Ev&6R-8j2Y%t"
"ines.lawranson@edu.tbz.ch"|"X7W@Te-DGUqix-TD#XS4"
"kalliste.scandroot@edu.tbz.ch"|"uaK9Jh-0loRw%-llGl1O"
"mans.barrowcliffe@edu.tbz.ch"|"9gKE14-cx&XX4-J7I8Gi"
"irene.couves@edu.tbz.ch"|"PyBZpR-JajT%x-GStr6Y"
"milena.mucci@edu.tbz.ch"|"AHQFTB-HvY#LL-#zIJGb"
"naeva.cow@edu.tbz.ch"|"S3gavL-su$qgz-P8$PzF"
"audreanne.mournian@edu.tbz.ch"|"X0wPLP-VfmDXU-Pkmkk#"
"melia.sinnatt@edu.tbz.ch"|"XRvJMc-7vT5zb-5J0zyc"
"nelie.burnard@edu.tbz.ch"|"rZ%7l5-j#%JBO-mCy9uq"
"clelia.ashfull@edu.tbz.ch"|"mxf7l@-pMsbPo-EOUAVX"
"lie.macard@edu.tbz.ch"|"n2@2K2-eBz13x-s6mj8J"
"valerie.matoshin@edu.tbz.ch"|"UXDsBA-prrHNa-VN%gde"
"anael.hatherleigh@edu.tbz.ch"|"$Lh55h-$X6J#Y-m@cU3M"
"interessant.warratt@edu.tbz.ch"|"ItFBCE-BbWJQ&-ogDaCp"
"eleonore.volage@edu.tbz.ch"|"fd&XmV-aPVJ$a-7VIYFq"
"zoe.stebbing@edu.tbz.ch"|"V1pPx6-ya988i-hrlfY@"
"alizee.nye@edu.tbz.ch"|"2nM60z-0kgaRr-7s4x8R"
"celestine.bramley@edu.tbz.ch"|"0xsj1e-Ys4YFm-rtCuT8"
"selene.philcott@edu.tbz.ch"|"2XqY$9-RBo&d0-fD8mid"
"tang.newens@edu.tbz.ch"|"TqL@NO-1jucks-YoEp0l"
"annotes.powys@edu.tbz.ch"|"UQV7zM-BRb&mm-TYCJfB"
"lea.matthesius@edu.tbz.ch"|"pUm@tR-FXYbXW-8ArPs9"
"illustree.garlett@edu.tbz.ch"|"H@c0rx-pN3k9E-IDn3ua"
"maiwenn.meachem@edu.tbz.ch"|"0b@vNO-p#71dB-aLBvXt"
"marie-francoise.mcbrady@edu.tbz.ch"|"RZSjQ2-UzmD0Z-rWRF5n"
"illustree.gimbart@edu.tbz.ch"|"#czNSq-E5a&Eb-3yl@u2"
"melys.lyosik@edu.tbz.ch"|"R#&5Qh-LXbEzj-C7ynhR"
"marylene.mcnab@edu.tbz.ch"|"NCZ3IK-zs4soL-62G%vg"
"gerald.blount@edu.tbz.ch"|"zo$I9P-y&M7Yd-4bYUtT"
"clelia.shakelade@edu.tbz.ch"|"8MdlW9-g%50zg-I$2CZP"
"penelope.cridlin@edu.tbz.ch"|"5Hy9Vl-TXkto8-ZuZ1C%"
"maena.okuddyhy@edu.tbz.ch"|"UKypIa-FuRR8b-XSKntG"
"athena.keynd@edu.tbz.ch"|"K8bVA7-Z@8@x#-Ia@9e%"
"cloe.dwine@edu.tbz.ch"|"ts3mhq-lpJF0$-jjibQw"
"josephine.browett@edu.tbz.ch"|"D5@dUd-uphh8k-5c&5rS"
"audreanne.oscanlon@edu.tbz.ch"|"JfNKd1-0Js%lA-f1ar#H"
"fei.jeanequin@edu.tbz.ch"|"WVKqzQ-01pZ3Z-$TMiFU"
"lois.gormally@edu.tbz.ch"|"tk9NMr-oqzFh3-%aL34Y"
"marie-francoise.finnigan@edu.tbz.ch"|"rxhy0C-bzwzin-@b6ssw"
"leonore.trussman@edu.tbz.ch"|"mJiOQ%-yuRb&d-y@@U$h"
"anaelle.trumper@edu.tbz.ch"|"1@DNoK-oVXL0u-oPVXoc"
"clemence.dionis@edu.tbz.ch"|"vtfn1Z-o5TRIJ-J9kf&h"
"lois.tranmer@edu.tbz.ch"|"utkkor-FxxtHj-uqbnle"
"interessant.volett@edu.tbz.ch"|"9xJb3d-#embny-x0AxOA"
"personnalisee.deackes@edu.tbz.ch"|"AfOT4c-IJ%0NJ-PLfqy#"
"lie.vasiliu@edu.tbz.ch"|"ZferOV-hTZIr4-tOsw6g"
"dafnee.lamputt@edu.tbz.ch"|"V9Plav-MiNYDc-Px&@nV"
"elies.bromige@edu.tbz.ch"|"cmGOCN-pvflts-VO%Ocg"
"helena.klosser@edu.tbz.ch"|"@s%@uF-yx#mQF-HurDoH"
"andree.grim@edu.tbz.ch"|"6Fe9@Q-1GmcXQ-ihhHde"
"verane.coldbath@edu.tbz.ch"|"ACfz8Y-7a9idW-1EOocv"
"helena.bethell@edu.tbz.ch"|"KWcu49-JpQzWw-x7O0Rp"
"kalliste.carefull@edu.tbz.ch"|"xR85ck-HwVGb8-fK2%M#"
"regine.odams@edu.tbz.ch"|"5iyLoS-otlivG-mh0lYi"
"len.stannus@edu.tbz.ch"|"Ugm4rF-j&Ni&U-Td1qbZ"
"angelique.works@edu.tbz.ch"|"8hIzeA-uqfg1c-Y9mRs$"
"goesta.rheaume@edu.tbz.ch"|"QRakvz-Q88L8O-X5nPJR"
"maelys.tynnan@edu.tbz.ch"|"qK1X02-equXyd-lLGjV9"
"maelle.carlesi@edu.tbz.ch"|"yDdan&-wPs7MW-v$9hwz"
"anael.spurden@edu.tbz.ch"|"G4vSBv-YPzuvg-lSO9v8"
"helene.pumfrett@edu.tbz.ch"|"GWiqr3-OULcoP-k1S4y%"
"goerel.pearn@edu.tbz.ch"|"t#n3cq-6sN6aB-87$$kZ"
"laurelie.dezamora@edu.tbz.ch"|"xRwH1G-Wae6wI-bYNazX"
"yao.twidale@edu.tbz.ch"|"s5hjJF-Ic8sGF-sEX@Fz"
"berengere.sola@edu.tbz.ch"|"lSP$P3-5NJD1Q-f$JDF3"
"maelann.hardistry@edu.tbz.ch"|"uSDQg&-0v0ZVX-qAoKQO"
"severine.littlefield@edu.tbz.ch"|"rqD4YA-aJgoi1-GDkAMg"
"salome.heinl@edu.tbz.ch"|"Cp7CBY-KI#4rf-3GvAnJ"
"meryl.warbey@edu.tbz.ch"|"kKIbcC-zSISD6-WvtXW1"
"da.hunstone@edu.tbz.ch"|"tjK2KM-SoIKgI-ZrmipG"
"venus.broadbury@edu.tbz.ch"|"bronFZ-k%ES2a-@gRPgg"
"meghane.rentelll@edu.tbz.ch"|"#6P#ad-gDYKaB-pLWGxi"
"marylene.drewitt@edu.tbz.ch"|"Ab90Ts-%FzT$L-&QaAFI"
"melinda.jacquemet@edu.tbz.ch"|"S82pKY-tkaUUL-cjAtub"
"marie-josee.keyden@edu.tbz.ch"|"ybKYBS-@oQ0Ec-fC7jpi"
"asloeg.montacute@edu.tbz.ch"|"V5#IG0-qzyogv-W3zYFr"
"ku.andreou@edu.tbz.ch"|"A8SV97-87Aa&@-7VlpBD"
"personnalisee.feaveer@edu.tbz.ch"|"Mf3&O6-exB8R5-HZPCwN"
"laila.emptage@edu.tbz.ch"|"rBYMPi-%u6Go4-x7o#9I"
"bjoern.dawdry@edu.tbz.ch"|"g%b@wU-ntSdhC-ajlbX$"
"marie-eve.dinsell@edu.tbz.ch"|"yMcrH2-xN8fla-FY67yR"
"helene.follett@edu.tbz.ch"|"HTm6WE-FY@5ih-$Uf%jq"
"penelope.cordero@edu.tbz.ch"|"q1RSo7-roNa7a-mW5yKw"
"boerje.beedell@edu.tbz.ch"|"5m56ug-QdbU@x-Nm@caO"
"nelie.ferne@edu.tbz.ch"|"0viC8r-YQS6un-v8%drd"
"celine.ahmed@edu.tbz.ch"|"ZcsDFU-V&53xo-U7ZBGq"
"stevina.pimblett@edu.tbz.ch"|"3#WW$f-@JCpEV-7Lp61U"
"chloe.langlands@edu.tbz.ch"|"aighAu-pm4Lgw-YUXeWQ"
"simplifies.maude@edu.tbz.ch"|"T8bGV9-IXpIFw-7yPNQf"
"genevieve.decarteret@edu.tbz.ch"|"lbcm15-dno8hU-SuQWcZ"
"marylene.mughal@edu.tbz.ch"|"Gdt9Ao-Sdo0bS-fB6Rbp"
"goeran.guttridge@edu.tbz.ch"|"seF8NK-8FxIAx-478MWF"
"michele.smurfitt@edu.tbz.ch"|"ubr529-$Mz$cm-p1m%DG"
"methode.hadeke@edu.tbz.ch"|"&lZH%$-epyCnH-QCS9@n"
"therese.rispine@edu.tbz.ch"|"YQAF35-Obmazy-EZ9uwo"
"goerel.plumley@edu.tbz.ch"|"MlE8#b-&UiJgL-G$j#JI"
"oceane.friett@edu.tbz.ch"|"3vxP&P-Tn32xg-tEbvFc"
"marie-noel.achromov@edu.tbz.ch"|"VirlTF-emNF8k-wrb313"
"dorothee.storek@edu.tbz.ch"|"wV9Kiw-y2DUWL-iIEMNw"
"goesta.whittle@edu.tbz.ch"|"JzCFKr-Zjdtsn-z8HpKW"
"desiree.casely@edu.tbz.ch"|"Bep3fO-BX4#Yz-kzIAs2"
"felicie.condon@edu.tbz.ch"|"UQ3pcl-huKVK9-G2GrOm"
"maelyss.frisdick@edu.tbz.ch"|"4ay6sT-WcOGBM-Byqndg"
"aimee.banke@edu.tbz.ch"|"BlGiO$-JNe@FL-D7c0vY"
"naeva.hodcroft@edu.tbz.ch"|"bh54aa-3m2WWF-4%XSQE"
"laila.gerrans@edu.tbz.ch"|"&rheKL-6Mn1W&-zSjR81"
"daniele.scrimshire@edu.tbz.ch"|"h9X7H0-L8iSJp-frMqtZ"
"daphnee.sheerin@edu.tbz.ch"|"rd9In$-xwmBA5-yhM7cz"
"pal.vanyukov@edu.tbz.ch"|"ZJP6xw-qFoPgb-$26cAA"
"zoe.childs@edu.tbz.ch"|"$Xgnh8-ZDoj@W-D#4DLq"
"ai.corde@edu.tbz.ch"|"d6ZmY8-vVAMt3-BF4CmW"
"maelys.berryann@edu.tbz.ch"|"@7EYV3-EfMrFF-KAXrOr"
"cloe.gladding@edu.tbz.ch"|"#ZcSSs-cKlXKA-oW4TnV"
"wa.kinnaird@edu.tbz.ch"|"4M@tus-FcSs5G-PvjLBe"
"publicite.brittoner@edu.tbz.ch"|"u$Hfdn-WEVjCP-2kk116"
"rao.windress@edu.tbz.ch"|"eL4aVV-EmMaJQ-kMd%E2"
"uo.kollach@edu.tbz.ch"|"RKINPC-5DWYf4-aDFEVQ"
"josee.peskett@edu.tbz.ch"|"YKVrc2-e1P%5G-73lWq8"
"annotee.hasel@edu.tbz.ch"|"iMcMPd-ZZR4W4-6i68ZW"
"cinema.lee@edu.tbz.ch"|"pZ0hTr-R&A28m-PAWQ5n"
"lai.vedeshkin@edu.tbz.ch"|"#7E$g8-FUceUj-#Ju9vU"
"renee.brisbane@edu.tbz.ch"|"%DeFmL-lvVQN%-lQaSWc"
"ophelie.blincoe@edu.tbz.ch"|"Xa%RLv-rv6&Wb-l#F$Qa"
"zhi.prazor@edu.tbz.ch"|"SA3ZSr-Ib%V1#-zHuZOY"
"annotee.maddicks@edu.tbz.ch"|"LZoeEy-lpC4XL-q1W23N"
"maelyss.codd@edu.tbz.ch"|"vkZg7w-XTvcbC-$1hTI7"
"celia.peplay@edu.tbz.ch"|"Flq4Wl-bUsqCZ-tEu%@X"
"interessant.skone@edu.tbz.ch"|"efIHSI-6G9ToC-y8EpGn"
"audreanne.hebdon@edu.tbz.ch"|"Tq$s34-dm8BB2-uq6Ds&"
"oceane.glen@edu.tbz.ch"|"MEwJ%6-jDni&U-Fy3ZoJ"
"daniele.vanyushkin@edu.tbz.ch"|"9Yhg$9-@kUFaW-KzYk&J"
"daphnee.ayce@edu.tbz.ch"|"qgY&Gg-E9lHlm-phzsvF"
"andrea.attride@edu.tbz.ch"|"BRWo6H-K1BzT@-5Cs#It"
"penelope.bridgwood@edu.tbz.ch"|"fuRkwE-q3wd6C-B$2cMm"
"mailis.drewitt@edu.tbz.ch"|"65dim8-jeZpgA-Wf#Gkc"
"penelope.mollene@edu.tbz.ch"|"05paA$-iQzp6r-&%PYzv"
"illustree.keely@edu.tbz.ch"|"B1u@fc-iutuxp-ZGoY9b"
"meng.brisseau@edu.tbz.ch"|"Hm6%Zz-VohN7Q-MQ2p1t"
"ruo.cleiment@edu.tbz.ch"|"cQN1JJ-P5cxLk-8CAB1e"
"maite.krammer@edu.tbz.ch"|"V%Mv%Y-oQtZVA-z%brAs"
"genevieve.verry@edu.tbz.ch"|"#hgdlX-2iszRm-7hP4T5"
"lea.olochan@edu.tbz.ch"|"Sk0Kd9-q0lzz3-sflGc1"
"naelle.brunnen@edu.tbz.ch"|"sMUAWO-FP6zqs-wH7vKY"
"goesta.bragginton@edu.tbz.ch"|"&5CjMl-icpnLH-Dty$SH"
"fei.danilyuk@edu.tbz.ch"|"ChynVe-9F3&Lr-ZZABY4"
"adelie.turbitt@edu.tbz.ch"|"cHkNw#-ZLyHhQ-sKb8w7"
"marylene.nutman@edu.tbz.ch"|"Q3gddz-BzY8Yc-ud46A5"
"therese.barbrick@edu.tbz.ch"|"Xi2#9I-uAEp9b-JbhaFH"
"melys.kolodziej@edu.tbz.ch"|"17@brb-rZ1xd9-1ud84x"
"melanie.runchman@edu.tbz.ch"|"ijBDKj-6qwPty-r6zjNN"
"serena.lafond@edu.tbz.ch"|"KfPv25-Kw2XxJ-rrx70a"
"pelagie.desmond@edu.tbz.ch"|"Tx1V6&-dPD9Ie-mXCvKG"
"wa.spickett@edu.tbz.ch"|"reQial-cKhmM$-O1kBln"
"po.shave@edu.tbz.ch"|"XsXOT0-DBVnVe-t1nQ7K"
"song.huikerby@edu.tbz.ch"|"RakXMH-4veqjO-pw3Kvl"
"melinda.bimson@edu.tbz.ch"|"C$Q@Gx-ejF5Zq-#PO@vK"
"personnalisee.toffanelli@edu.tbz.ch"|"x9HinZ-ZkGG0P-d6PKO&"
"leandre.hurn@edu.tbz.ch"|"gKE0%6-IQu&%w-oQabah"
"oesten.standell@edu.tbz.ch"|"mznfeD-&r9EYb-sODff6"
"naelle.smaleman@edu.tbz.ch"|"&oPtda-XLqQCN-V4M2RR"
"berenice.tayt@edu.tbz.ch"|"oavuYg-fQTdZu-6zxM%k"
"kui.popplewell@edu.tbz.ch"|"C5YfTS-%Tr9T3-w&UnWY"
"melodie.ferandez@edu.tbz.ch"|"PMtj5n-RgLu#S-2V9ltV"
"josee.negal@edu.tbz.ch"|"U$8EOr-JsIiWZ-2hl0Mt"
"melissandre.ferrelli@edu.tbz.ch"|"k98ZHh-DXzdnq-SorEAz"
"josephine.kemmer@edu.tbz.ch"|"YEUgVU-HKRf7%-m#7@fA"
"maely.cayette@edu.tbz.ch"|"OURCpb-2AJ%xa-&yq$tS"
"nelie.vela@edu.tbz.ch"|"KmtjXV-ZWtkKe-bSwNXg"
"melina.cortes@edu.tbz.ch"|"@Blfn%-8g8m0N-D&MwpI"
"megane.leyshon@edu.tbz.ch"|"NaFt#G-&Ewkz@-dCCsUj"
"regine.harrie@edu.tbz.ch"|"d@3T#@-p0$Lj2-5EEd9D"
"mylene.widdison@edu.tbz.ch"|"T1v$m6-yl2HzS-j%dahW"
"pelagie.vivash@edu.tbz.ch"|"gkVejw-p4dSCK-MsRwPY"
"styrbjoern.vicarey@edu.tbz.ch"|"Sgc&Vg-aE2CMQ-kte6m0"
"long.kyles@edu.tbz.ch"|"dY89pk-@h1khF-LfwOxU"
"stephanie.gipps@edu.tbz.ch"|"C#C1hf-izVsKv-xza5vk"
"clea.constantine@edu.tbz.ch"|"k&QDo$-pILqbc-DCbbYw"
"maella.cometto@edu.tbz.ch"|"FvxJFn-d0nYSO-4@V7qu"
"laila.aubrun@edu.tbz.ch"|"gxHu01-16TEkf-lC0Er8"
"yao.austins@edu.tbz.ch"|"Pyr8aT-RU6G#5-V00zRn"
"mailys.rylstone@edu.tbz.ch"|"4MUxmx-eTDl%g-7UScs3"
"adelie.curuclis@edu.tbz.ch"|"QbeXsk-JIT2tw-Uh98Tp"
"celine.longhurst@edu.tbz.ch"|"Pddh6U-mhq956-0zkdrS"
"gisele.hazell@edu.tbz.ch"|"WLx1kM-rd7JZS-7amB8w"
"celestine.ciccone@edu.tbz.ch"|"hYK9cR-0vJyFM-$PU1i#"
"maelyss.doole@edu.tbz.ch"|"6b#NuS-A&TiWV-Ryaa$M"
"helene.grimsdike@edu.tbz.ch"|"&nVyhI-t%TiYn-AyThGW"
"lie.macer@edu.tbz.ch"|"brMEsC-ZgfLUV-18Gajb"
"maely.izard@edu.tbz.ch"|"wUyZYE-HlyyiX-YSPwy8"
"erwei.breewood@edu.tbz.ch"|"H0G8&F-YtuQea-rCNIbL"
"chloe.woolford@edu.tbz.ch"|"vXk6ct-JkVSKU-1qXLv6"
"cleopatre.turpin@edu.tbz.ch"|"njSoKp-QrVw$X-QK9Je%"
"melodie.surgison@edu.tbz.ch"|"jp1fsi-9914mR-UbBF&2"
"elies.leander@edu.tbz.ch"|"gxmS30-MY1X0w-SYhMRd"
"mediamass.reignould@edu.tbz.ch"|"SRetfX-GuyF#l-Kxb5kj"
"celestine.wasmuth@edu.tbz.ch"|"I$m6f3-&#jeKf-D4HIYV"
"marten.jervis@edu.tbz.ch"|"QX$Akm-MMLzKv-3QRJ#Q"
"daphnee.bour@edu.tbz.ch"|"nexX7g-j8JN#G-Q9mAcE"
"regine.harlett@edu.tbz.ch"|"WfA&Js-KVK#5K-TOEE7B"
"noemie.macaskie@edu.tbz.ch"|"9@Y&I%-zA%MT$-aokiD1"
"loic.renfield@edu.tbz.ch"|"8wh0fD-vTJWpH-FO$BJD"
"venus.kleinert@edu.tbz.ch"|"iekGof-&7erdz-5pa$qM"
"marten.burlay@edu.tbz.ch"|"K9ojEd-cAAt&G-jzpa1D"
"berengere.radsdale@edu.tbz.ch"|"5%P%mH-gXQlS#-&nZLS5"
"genevieve.duckit@edu.tbz.ch"|"27pFGm-wNl8s&-fXmbSu"
"maely.ligerton@edu.tbz.ch"|"Zc0O5a-XYz8$T-rlborz"
"maeline.ricciardelli@edu.tbz.ch"|"UG@#zi-b6NQjx-B$@6KV"
"personnalisee.yggo@edu.tbz.ch"|"OOSuB0-yDO2V4-RD64M5"
"alizee.pettinger@edu.tbz.ch"|"rqRkRs-kYsgNh-xTNUvY"
"desiree.curnnokk@edu.tbz.ch"|"kfe0C$-ZJCr#3-PAeJda"
"dorothee.minors@edu.tbz.ch"|"BDU9ka-rs$UXU-pE2o%5"
"oceanne.kopmann@edu.tbz.ch"|"iUdsjq-cmxENy-jkBjEE"
"almerinda.brodbin@edu.tbz.ch"|"Pxtt7d-PMkjRw-0WpK7h"
"yenora.carsberg@edu.tbz.ch"|"KOdk@3-BmxllJ-@ehN7y"
"wa.beetles@edu.tbz.ch"|"KOVya#-BeHyI0-SZsOTv"
"audreanne.abbot@edu.tbz.ch"|"kZoeos-VMFb$S-8dc@6N"
"noemie.capper@edu.tbz.ch"|"F1IqtO-81dxMW-FlcaCM"
"mans.abramamov@edu.tbz.ch"|"kl6mUL-oHFew8-sr0$H#"
"audreanne.blakey@edu.tbz.ch"|"1nJoxl-CMQTYv-stCQoQ"
"leone.klimpke@edu.tbz.ch"|"q4ozzY-iGTbB&-0bDk7%"
"lie.croston@edu.tbz.ch"|"vEFpQZ-jMTMgI-ZYc3N6"
"anaelle.baistow@edu.tbz.ch"|"$3gUm%-2jIxVk-T&7iwf"
"michele.garwood@edu.tbz.ch"|"LkjPDY-#Cge%R-dDSe@c"
"interessant.albion@edu.tbz.ch"|"&TaZOz-Zs6HmF-@N%guA"
"andre.brisco@edu.tbz.ch"|"Pv2lYR-wvKuzV-uKt%d@"
"tang.totterdill@edu.tbz.ch"|"Sznhn5-UUeROn-#IW%hL"
"marie-josee.braundt@edu.tbz.ch"|"Aqnz1Q-7IQoo6-qFCrQj"
"lois.galer@edu.tbz.ch"|"5$&Zjy-QAJbj9-DXHGGC"
"faites.pellamonuten@edu.tbz.ch"|"Hyey4s-6t31VC-Zhge$N"
"mai.barfford@edu.tbz.ch"|"%eI6E2-t9Goh9-FMKtYj"
"laurene.macilory@edu.tbz.ch"|"ZLg0w&-BP0vfh-EZ0PKO"
"elea.peak@edu.tbz.ch"|"wL%ong-1ZeL9N-#GJYHL"
"rejane.doni@edu.tbz.ch"|"N4i0FE-htZYy9-uSF$o1"
"mahelie.ector@edu.tbz.ch"|"PKXwxX-vuTDFi-#19XdZ"
"rachele.allum@edu.tbz.ch"|"%qGcEW-VC37i%-0Tz3%e"
"laila.gerretsen@edu.tbz.ch"|"Cm4$27-@IH7kE-AyOC27"
"ines.bowman@edu.tbz.ch"|"ZL0KZ4-HhVUAy-$r3OFA"
"publicite.barbary@edu.tbz.ch"|"skwerS-VB%6zW-9Y@jkW"
"mailys.smooth@edu.tbz.ch"|"EdWyTC-hmhZ#S-@WQn&z"
"mailis.huguenet@edu.tbz.ch"|"T#k@wm-5&9f2V-6oiHVP"
"lea.ewer@edu.tbz.ch"|"r7mZTk-lZ89E4-8pbJLi"
