"email"|"password"
"melodie.vandervlies@edu.tbz.ch"|"BZ@&$Q-5xqS#@-gMIrbA"
"angele.edgecumbe@edu.tbz.ch"|"0rmVGN-bu#KAf-aarguB"
"zhi.andreasson@edu.tbz.ch"|"hFYl9d-VXbV6O-euyoGb"
"judicael.koppeck@edu.tbz.ch"|"8FLRcP-lfhw5J-mgvFTq"
"berengere.capron@edu.tbz.ch"|"Ix2ixp-7nAK30-rd7UKl"
"leonie.brosini@edu.tbz.ch"|"gsAdDu-$KB65l-g@Z8Za"
"venus.garfit@edu.tbz.ch"|"vmcw2S-RJm@fT-GXK9Bp"
"melina.janota@edu.tbz.ch"|"o9C3Hs-il7eBP-PdQ&KQ"
"laurene.bake@edu.tbz.ch"|"sCcQiR-x&9AIV-MzW2kP"
"regine.dorkins@edu.tbz.ch"|"sn&HSd-PXkX8O-5cjubA"
"cecile.moffet@edu.tbz.ch"|"g6cWPf-q&UZQ#-bKODTF"
"maelann.labrone@edu.tbz.ch"|"9XwUbR-nROl56-MSJpwu"
"melinda.newbold@edu.tbz.ch"|"Cd%Zwp-3xWeZr-r&DX4J"
"mans.itzhak@edu.tbz.ch"|"quL4Ar-uwSdLt-YnqZLE"
"melodie.pattlel@edu.tbz.ch"|"q%Tq%5-Nq%Gvn-Wqbk&c"
"celine.bonett@edu.tbz.ch"|"7gpLWh-#M&BMG-w4mqy%"
"adelie.mcgreal@edu.tbz.ch"|"dm$#ki-zKgOiJ-Iu629M"
"helene.soldan@edu.tbz.ch"|"5l5Zkf-teg3ka-HyEzpf"
"michele.cluer@edu.tbz.ch"|"V9syOG-1hBb1c-A#QpKu"
"maeline.mueller@edu.tbz.ch"|"511qfH-9@2SbU-1HPoAI"
"maelann.benedito@edu.tbz.ch"|"CturlI-prEpDe-NalNar"
"nuo.gransden@edu.tbz.ch"|"Cpphyz-axdrim-Fj1lfq"
"berengere.stainton@edu.tbz.ch"|"MSEdMQ-mMtbkT-3qhI%i"
"wa.sabater@edu.tbz.ch"|"6sI4Ee-%4RI$b-@tz2vz"
"anais.cochran@edu.tbz.ch"|"mwCJj0-wgQ2qG-8kwT&j"
"gerald.bessant@edu.tbz.ch"|"XJQUN9-1#vb0P-1GV5QO"
"ruo.coffin@edu.tbz.ch"|"vx2@%A-3GXy3c-rK3xSV"
"melodie.mustill@edu.tbz.ch"|"lvC5b$-%51qGS-Wwemer"
"ruo.stanesby@edu.tbz.ch"|"cDeDM#-vSk#ta-oL67Da"
"noemie.antognelli@edu.tbz.ch"|"$tbCgb-YknxSe-6gmMDF"
"maelann.hughson@edu.tbz.ch"|"56zuaO-W2WG3R-AqM&uc"
"milena.mieville@edu.tbz.ch"|"9Y8UDQ-x7wUVo-HhEcT2"
"mailys.chamberlin@edu.tbz.ch"|"EUsiJ&-iRZ9mG-SNLvO6"
"nadege.tomalin@edu.tbz.ch"|"TaJUBu-NzyeNy-dYedYf"
"oceane.omara@edu.tbz.ch"|"udaAm9-Ieb8TB-bYRO#m"
"cecile.aguirrezabala@edu.tbz.ch"|"032hOr-Ob7w#0-Si7aI@"
"maella.gwillim@edu.tbz.ch"|"mEPjk3-kni6f5-iqPPmm"
"lea.mcgahey@edu.tbz.ch"|"muYgsq-$kFbO5-tvRbV4"
"laurene.hagerty@edu.tbz.ch"|"1Uqg%J-0h#jxR-uB33jd"
"dorothee.link@edu.tbz.ch"|"LTGvug-2qZnz9-T7ntKQ"
"clementine.kynsey@edu.tbz.ch"|"Wpnt3D-k#J1yg-e9zlXL"
"lorene.smitherman@edu.tbz.ch"|"rjny9b-lc%f#k-ICMbzE"
"cleopatre.klulicek@edu.tbz.ch"|"ou9G7&-aEuAPR-zLKe9r"
"laurene.castaneda@edu.tbz.ch"|"BKO7@O-#1cBiM-3W$205"
"melia.constant@edu.tbz.ch"|"AW2EuA-MsqZKY-@hj4Hm"
"lucrece.clunie@edu.tbz.ch"|"KW@MP7-mKdTPx-%bpism"
"eleonore.mcmurthy@edu.tbz.ch"|"piDfGv-D9kt$p-xS2eOL"
"melia.bevar@edu.tbz.ch"|"VgPcZi-5dS@Go-HSAz4b"
"camelia.bontine@edu.tbz.ch"|"2fdL0z-dcLTIr-75RM4Z"
"methode.jozefczak@edu.tbz.ch"|"naVb0y-rw5K6V-CX6jsO"
"audreanne.hinsche@edu.tbz.ch"|"9TGbRw-YJoTVJ-JGxj89"
"andree.varne@edu.tbz.ch"|"ooy01f-pzY3D%-ZyfsEM"
"marten.kinleyside@edu.tbz.ch"|"tBL%XC-dNeGUd-5cF&hj"
"esteve.mcewan@edu.tbz.ch"|"YGFWQQ-yWzpnW-8mBUT&"
"leane.dibbert@edu.tbz.ch"|"cgN3DO-sCkBpy-qa#jyc"
"ma.thewlis@edu.tbz.ch"|"xybged-Y$t9lc-&WW06A"
"clea.djurkovic@edu.tbz.ch"|"ltKsuL-cpQimK-DfFTv$"
"rachele.reburn@edu.tbz.ch"|"13C&wO-7vejI$-YWX3sG"
"gerald.gowling@edu.tbz.ch"|"a3NKCd-WdS91g-HvPbmx"
"cleopatre.jackson@edu.tbz.ch"|"Ln7X4G-PTJJ4q-UeyTpG"
"desiree.haskins@edu.tbz.ch"|"2$D$Hu-M6t8Ai-rwlYh8"
"eleonore.longson@edu.tbz.ch"|"Qpb6lX-XGa5JT-haFDov"
"leane.dybell@edu.tbz.ch"|"To2E0V-I82WkN-XYp&2P"
"becassine.grzesiak@edu.tbz.ch"|"HoFXGR-8q9L#L-qlRZWK"
"marie-josee.pickin@edu.tbz.ch"|"Y4O&@4-Q7pXpV-u2J5V2"
"marie-josee.roxby@edu.tbz.ch"|"flN35p-yXtVKt-MxoyQS"
"leonie.feenan@edu.tbz.ch"|"bQlMsh-chTUL5-WGUgma"
"valerie.ellum@edu.tbz.ch"|"C8SjpT-1cCLHf-23szXM"
"ju.caseri@edu.tbz.ch"|"$&&#N%-jNy@TT-6SBEo#"
"boerje.strangman@edu.tbz.ch"|"tB#ek6-HHnoMB-4a@uQS"
"beatrice.ghidelli@edu.tbz.ch"|"P633eT-&yrlC5-caZaKk"
"da.jablonski@edu.tbz.ch"|"QbkOvL-%p@X95-d2Xn0K"
"uo.beveridge@edu.tbz.ch"|"pxnAM0-UtDJ8g-QdXHRv"
"valerie.bestman@edu.tbz.ch"|"VG5ilh-Mce6rt-d1J0ij"
"marlene.pohls@edu.tbz.ch"|"Y77R9L-ywwN%F-msRMMa"
"ma.nolda@edu.tbz.ch"|"89b5Wb-eJ42&q-qM7ZyT"
"marlene.bisiker@edu.tbz.ch"|"FdgWm2-##@I0#-&U5#6@"
"estee.babon@edu.tbz.ch"|"FOKKag-zg81oR-0docMq"
"simplifies.dmisek@edu.tbz.ch"|"mWLxFE-Ggg#i7-kWOoTI"
"selene.ganing@edu.tbz.ch"|"IaqilK-Cq6zfO-v0wBXY"
"meryl.penke@edu.tbz.ch"|"rdvMnM-wUOSkX-Av9sqi"
"anais.rawcliff@edu.tbz.ch"|"UODlgU-uGdRco-OT8h$Y"
"melina.andri@edu.tbz.ch"|"zAj3fO-CiVSXA-mtbMlG"
"audreanne.fodden@edu.tbz.ch"|"3QUyUm-&i$NuN-&0S0R@"
"bjoern.spellesy@edu.tbz.ch"|"4nWhEk-&Ha7zv-LBW$KR"
"francoise.summerscales@edu.tbz.ch"|"%eE%0b-J17lWa-13FKQo"
"laurene.ashtonhurst@edu.tbz.ch"|"E5%7R@-OX&NvX-Gbqu8x"
"valerie.petters@edu.tbz.ch"|"9a12uU-8osyld-Z1l50n"
"anael.spenclay@edu.tbz.ch"|"zyjrCN-SR$8Pz-G7i0Ig"
"stephanie.keech@edu.tbz.ch"|"O5tkLS-VExMz0-LuV&B7"
"ines.deveril@edu.tbz.ch"|"KnKLrX-C8maTz-O4P&Av"
"berenice.gelder@edu.tbz.ch"|"mPx@f2-%1RHLv-0o5bIW"
"melanie.ofogerty@edu.tbz.ch"|"nHLIO&-5vNJgD-NFwo1&"
"frederique.canepe@edu.tbz.ch"|"QqTSII-Tl@Bs@-20tKT5"
"nuo.otton@edu.tbz.ch"|"GyaquS-gbvGAa-GTL#vD"
"genevieve.trusler@edu.tbz.ch"|"oAr0@s-ZpblyK-BN3XDg"
"ju.boag@edu.tbz.ch"|"PUROLM-H1QTDo-$xDEix"
"josephine.dilucia@edu.tbz.ch"|"qebAYR-d6cy#O-HOpvgw"
"laurene.armsden@edu.tbz.ch"|"L7OAJW-WyOALe-KdEu0F"
"becassine.griffe@edu.tbz.ch"|"4QUQw3-LJYumK-4TzBV4"
"alois.parres@edu.tbz.ch"|"aEqjd5-5C%2DT-RSv%ds"
"cleopatre.gaffey@edu.tbz.ch"|"2XoNGR-&LUgkd-0Saqs@"
"andre.stiger@edu.tbz.ch"|"4W3#AH-xOFgpU-1fe1av"
"beatrice.godleman@edu.tbz.ch"|"6V9mdV-x59OL#-H0MKIK"
"hakan.harrhy@edu.tbz.ch"|"fZYWVC-1Z$Lre-cQUVLC"
"celestine.dagnan@edu.tbz.ch"|"Pi9qdt-XAvjIL-qi3ayx"
"clemence.haggart@edu.tbz.ch"|"vFRcF0-VEOdLz-Y%rIKc"
"long.caban@edu.tbz.ch"|"lZBgiU-@Va1jQ-$U&S#4"
"gaetane.grimble@edu.tbz.ch"|"fQ#O20-FDVZYD-jGwuiq"
"maelann.piwall@edu.tbz.ch"|"A4ihz$-SGmlgx-3d2MpT"
"magdalene.loble@edu.tbz.ch"|"J8DEAR-lrLtt6-PPCAg8"
"veronique.domaschke@edu.tbz.ch"|"qvLKDZ-iB7&gg-bE90oy"
"clea.herity@edu.tbz.ch"|"%l3wp3-6GzGrN-c8@B7#"
"maelann.bambrough@edu.tbz.ch"|"4zb@o9-$F#so5-E2U3D1"
"clea.goulstone@edu.tbz.ch"|"eEebEA-ItdD@Q-icDCqn"
"renee.deleek@edu.tbz.ch"|"tX3eel-$dUA7l-R#K5vX"
"boerje.rudderham@edu.tbz.ch"|"1@3M$$-bd%jxS-SXSVo3"
"marylene.broune@edu.tbz.ch"|"chpiMR-Uvaw1h-fBsrLJ"
"nadege.mccuish@edu.tbz.ch"|"V3VBuk-mGGHgg-i$g6fj"
"anael.littleover@edu.tbz.ch"|"Q7&0mi-K3bsWK-zD9Zmz"
"lie.baume@edu.tbz.ch"|"QFB1UI-NJ7EdT-3Bgf4v"
"maella.murrow@edu.tbz.ch"|"vJJDFU-EPcUe9-3u74GQ"
"cleopatre.pettifor@edu.tbz.ch"|"%EN8p@-SGDB60-3b1b5M"
"geraldine.asker@edu.tbz.ch"|"bCEEOr-5DvSoj-nWHm6D"
"gaetane.smedmore@edu.tbz.ch"|"2EKa1L-MTHfgP-QbtLv4"
"meryl.blencoe@edu.tbz.ch"|"iLoY8O-y0Q2Q%-2kQool"
"aurelie.chastaing@edu.tbz.ch"|"qUqtAl-vHXzwF-VGwir&"
"oceanne.marthen@edu.tbz.ch"|"j2LJoI-aklzke-z5LlqU"
"dorothee.burrill@edu.tbz.ch"|"0sqrBW-hHASEK-BSgwJy"
"hakan.belden@edu.tbz.ch"|"e%BWUj-YGXzAt-Q4CAUL"
"celine.brunning@edu.tbz.ch"|"nSR2CT-Am3PLZ-lb343a"
"anael.lapides@edu.tbz.ch"|"SdlTsS-SFL$Zq-h2EM8a"
"ruo.saffran@edu.tbz.ch"|"pXEMSV-Xp9bTg-BxiJIC"
"loic.gerretsen@edu.tbz.ch"|"BvNKgB-TzaEuO-ZJqiFT"
"rui.fitzer@edu.tbz.ch"|"7646uU-en#MF#-8Q%UWy"
"annotee.ogers@edu.tbz.ch"|"zk&Lyl-76aQMA-6%yjXu"
"boerje.bindin@edu.tbz.ch"|"&t7cXN-$r$7Ln-3cfSVF"
"ma.cronchey@edu.tbz.ch"|"rSRttp-6EGJIt-YzYmcC"
"laurelie.baiyle@edu.tbz.ch"|"bA6dO7-BZs7bL-l6RY%w"
"dorothee.older@edu.tbz.ch"|"t6unuw-rtaVUe-iGqD0y"
"laurena.wile@edu.tbz.ch"|"bUV3sG-PH&bb9-e0p4oI"
"clemence.brito@edu.tbz.ch"|"$ZL5i5-L&gpvq-N4VBuC"
"nadege.dallin@edu.tbz.ch"|"T40U1l-hoHVMR-ptu5C0"
"mailis.matley@edu.tbz.ch"|"dbxYFz-YBZvLy-g%6Yji"
"daniele.screaton@edu.tbz.ch"|"m803Mb-0g9RmM-1IWB@$"
"mediamass.godly@edu.tbz.ch"|"&2OC1f-m5H3t#-ZizHwb"
"leone.kremer@edu.tbz.ch"|"Sxn3EY-Izh$7m-jo%Hxr"
"asa.adrian@edu.tbz.ch"|"3TLlz1-LkmOWb-Lvg#bz"
"adele.doley@edu.tbz.ch"|"rfXC$$-SbI06U-ja&xtx"
"fei.sidney@edu.tbz.ch"|"U2RnOy-iNwoVO-2w@2oF"
"marie-josee.walisiak@edu.tbz.ch"|"qtkb7I-iF4vdL-@Aq2@I"
"desiree.diplock@edu.tbz.ch"|"Ce27ga-M8OTEh-T0C7MP"
"gisele.schust@edu.tbz.ch"|"cB1wQR-cst3@s-fRytE0"
"ma.longshaw@edu.tbz.ch"|"bdIHuk-WRiJ5f-8c6XUj"
"da.boother@edu.tbz.ch"|"6ivb02-LDR2DG-u$8H6&"
"simplifies.chaudhry@edu.tbz.ch"|"x8QX%g-oXlZk#-zCr0BL"
"garcon.baniard@edu.tbz.ch"|"4z7il3-%1Mpc@-D@i0cE"
"gaetane.elphee@edu.tbz.ch"|"QgZFI8-jso7Ic-fL83zo"
"gisele.hassey@edu.tbz.ch"|"XKCMd4-NHLY16-3u0y%1"
"oceanne.booley@edu.tbz.ch"|"OIwG5T-4rlzko-YneaNJ"
"oerjan.dibden@edu.tbz.ch"|"PPT$Zh-XcJSlW-op5Qb9"
"regine.ocleary@edu.tbz.ch"|"Jzl#bk-Sz160U-EgfTEo"
"selene.persse@edu.tbz.ch"|"@S4@tL-&R9w%c-YDn&nW"
"helena.adenot@edu.tbz.ch"|"$M@LW3-lxu$qU-AIIrhW"
"maelann.wassung@edu.tbz.ch"|"xU8VJf-9mDUPZ-pyEVKa"
"frederique.ackermann@edu.tbz.ch"|"X47wQY-3hAZR2-DjVKOq"
"audreanne.kahen@edu.tbz.ch"|"tC6GIA-B99t79-yN1vf1"
"maiwenn.lasty@edu.tbz.ch"|"@ITX&r-TuQlXv-#FCRNl"
"yu.dictus@edu.tbz.ch"|"gQ2Ibe-gAOGR3-cWy&&s"
"anae.dukes@edu.tbz.ch"|"mEtUdd-PdJzy1-CS@f1E"
"yenora.warr@edu.tbz.ch"|"PDzEmj-WV9z1N-X3QPpT"
"esbjoern.archibold@edu.tbz.ch"|"Tg2@ve-NwwQ@z-nnWLzQ"
"milena.pardal@edu.tbz.ch"|"syJm2n-4YM2Zx-9v93pK"
"celestine.graveston@edu.tbz.ch"|"qZ@rsQ-BUBMDb-@F%tdC"
"maena.dallas@edu.tbz.ch"|"F49&g9-yMFaGA-YAzapj"
"andree.tuke@edu.tbz.ch"|"L$R9Br-KXTIgb-ajVUuk"
"methode.seldner@edu.tbz.ch"|"ZLb9SX-kWIAKJ-&BbbLa"
"venus.bullas@edu.tbz.ch"|"Li5XDz-bxq6$j-Abn7Bt"
"mans.aguirrezabal@edu.tbz.ch"|"PL4sjh-VF2vAc-x@jwg1"
"gaelle.eadington@edu.tbz.ch"|"83e2r@-E2msKw-W4PvnR"
"anaelle.falkner@edu.tbz.ch"|"yErcaO-RwO5b1-E%Suh&"
"ophelie.height@edu.tbz.ch"|"kWIAqR-rxJbKY-DYtS7E"
"marten.bolding@edu.tbz.ch"|"vC3c3S-sHhXMP-2mA@Id"
"pelagie.guswell@edu.tbz.ch"|"nPe6uO-AGasQF-Q%gQFO"
"gwenaelle.lecount@edu.tbz.ch"|"K$kO5i-2xG25T-GCUJ9V"
"hakan.laden@edu.tbz.ch"|"c14PQO-raTxtU-GaOf$J"
"marie-josee.hylands@edu.tbz.ch"|"Qm0o6W-4RQSuO-95DKNF"
"zoe.kingshott@edu.tbz.ch"|"CZcyuB-ar7bz@-AS$Ia3"
"josee.janous@edu.tbz.ch"|"IrOI$y-@kWZkd-zELQpB"
"laurene.gallally@edu.tbz.ch"|"v1cyI&-doqQbc-#DbXkV"
"anael.bickle@edu.tbz.ch"|"LgvUBN-L7XJa7-r2P#X7"
"mediamass.lebbern@edu.tbz.ch"|"5$4ItT-sHs8lN-jYAsbP"
"berengere.hovy@edu.tbz.ch"|"ArDUCA-JX&$jz-rNbG82"
"oerjan.kilmurray@edu.tbz.ch"|"TDpKQA-Q0#t@Y-ipbsN#"
"asloeg.venny@edu.tbz.ch"|"ZAGW9C-Pw7I@9-JuQ4cO"
"marie-noel.stoad@edu.tbz.ch"|"LtRDkJ-yDCy#P-Jlj3CC"
"hakan.pettifor@edu.tbz.ch"|"OK$Dop-NCB4J0-w8vJ8Z"
"maella.willgrass@edu.tbz.ch"|"6pL4%m-2KSRf4-gibsjZ"
"therese.ludovici@edu.tbz.ch"|"Vo4gP1-wmnKlZ-hAYrjN"
"stephanie.trewhitt@edu.tbz.ch"|"At2xvZ-X2D7YQ-jfyk4y"
"maerta.bauduccio@edu.tbz.ch"|"kSzuNy-ImxqOn-cM&fq1"
"gaetane.glaisner@edu.tbz.ch"|"mOmxrm-w3ZC0D-vW4yce"
"naeva.pargeter@edu.tbz.ch"|"2kjtmw-ZEP#oB-lE19CU"
"salome.venable@edu.tbz.ch"|"kNyChn-3N8zGn-wB%uK&"
"boerje.thickett@edu.tbz.ch"|"a0vlZL-hd7WXK-Sb@jYp"
"lucrece.prendergrass@edu.tbz.ch"|"eSPkSI-3gQcRc-SfZQEi"
"laurene.ockleshaw@edu.tbz.ch"|"H4lw8A-yJjM3O-BIo9Zx"
"cecilia.pasticznyk@edu.tbz.ch"|"ymmNFA-VSkxPx-ur@&tN"
"stevina.mackey@edu.tbz.ch"|"5%le&L-ginOj3-59tA@h"
"marie-noel.reven@edu.tbz.ch"|"ufwAVg-vpHi89-slNvA%"
"melina.quilkin@edu.tbz.ch"|"sYn5g%-IhFb@T-gJCdBv"
"marie-noel.ferrie@edu.tbz.ch"|"r569My-ogsTGw-DSJq#5"
"leone.alphege@edu.tbz.ch"|"0B6U8E-%9Qhf%-ptFZSU"
"zoe.leverson@edu.tbz.ch"|"elpv7#-zPSQTE-MldPW1"
"annotes.grayne@edu.tbz.ch"|"h3Nu1#-4OWR0q-t5oKkK"
"faites.lalley@edu.tbz.ch"|"Sv3eqW-7#9BX5-%yyd90"
"adele.wallis@edu.tbz.ch"|"F#Yuzy-M8s9tR-61as8g"
"severine.madill@edu.tbz.ch"|"LkdHi&-q6AJ5n-wH6mIZ"
"valerie.tebb@edu.tbz.ch"|"S1A5m$-d#FiR4-1QMImU"
"kalliste.rasper@edu.tbz.ch"|"t3DVUO-&kUtS2-EN1EIk"
"audreanne.palomba@edu.tbz.ch"|"GiYpb5-3rGeFr-oveQ3T"
"elea.adamik@edu.tbz.ch"|"ValVWK-FyD9qt-$YdX51"
"reserves.jakuszewski@edu.tbz.ch"|"ZWveHC-Gau1@C-x8@nga"
"athena.belhomme@edu.tbz.ch"|"i&33pj-rqNvWR-HG8MO8"
"rebecca.crippin@edu.tbz.ch"|"JNz@nK-Hw4j9m-X2&6dC"
"maiwenn.curman@edu.tbz.ch"|"a&N@fU-XEFSrc-orTMvi"
"andree.bunner@edu.tbz.ch"|"oVAuDn-bFpvsU-xrhus%"
"ruo.winckles@edu.tbz.ch"|"7yckBg-byoYPh-Ell0ew"
"naeva.buntine@edu.tbz.ch"|"tA2&KM-wqGA8R-7VLNe9"
"boerje.dollard@edu.tbz.ch"|"IqtS2c-iWaSq2-K2kw2c"
"penelope.gorman@edu.tbz.ch"|"KeVh%Y-k6Fr%@-N#cZCG"
"alois.robelin@edu.tbz.ch"|"5J6FA9-HxDMvQ-TH%wki"
"anaelle.tindle@edu.tbz.ch"|"dTs&8G-u9hw35-%Q5Jai"
"ye.frears@edu.tbz.ch"|"x&lArp-UBKfbO-Wi@GwK"
"andree.ovid@edu.tbz.ch"|"#u@Bo9-GL4Z7m-08Uevi"
"hakan.peat@edu.tbz.ch"|"@rBJl6-OAznPd-6bRKID"
"andre.januszewski@edu.tbz.ch"|"HBKHzQ-fQ#M@h-9AG4hS"
"annotes.clemmett@edu.tbz.ch"|"QeRejH-AaxSsN-awx6RF"
"pal.lambswood@edu.tbz.ch"|"V7SEfC-ThC8Y1-6JGaN%"
"yao.lenton@edu.tbz.ch"|"UR8#Xk-1RMSoc-4rxJJ9"
"hakan.boyton@edu.tbz.ch"|"8xZY7l-ift$Sq-ao1f%8"
"nelie.forsey@edu.tbz.ch"|"MKn@ps-QcO%dd-W2d7A$"
"hakan.horche@edu.tbz.ch"|"h0kXf9-eO2@jX-Ln7xit"
"lorene.sinkings@edu.tbz.ch"|"eMCSq#-5KFC%9-zQ&P10"
"marie-therese.creddon@edu.tbz.ch"|"o&6hfK-o8%q3v-Z&&tFF"
"berenice.tolworthy@edu.tbz.ch"|"kn65#w-R4Je@m-x3@kIZ"
"theresa.land@edu.tbz.ch"|"tKdlYZ-3hndcy-eSA@ii"
"marie-therese.gianilli@edu.tbz.ch"|"hVqJyo-VZ5HOy-C8C4j%"
"meryl.glew@edu.tbz.ch"|"swfCV8-yW%Uo$-jy8wgj"
"adele.debling@edu.tbz.ch"|"NtS68W-zaCyr%-ch$oFo"
"anae.metzke@edu.tbz.ch"|"nMgA0Q-FhN5xg-B85hQ8"
"gaetane.gooden@edu.tbz.ch"|"Asw23o-RxUQ1%-1BC454"
"laila.bootland@edu.tbz.ch"|"JZDCk&-wO0ETY-pS3ay$"
"maite.helsdon@edu.tbz.ch"|"26n7@t-lwbhXJ-kQ8Vui"
"andree.malley@edu.tbz.ch"|"xWbE3U-AF$i$K-g7olDW"
"pal.simmens@edu.tbz.ch"|"1BWaoC-azqIhT-W8eJ0S"
"maelys.nuccitelli@edu.tbz.ch"|"OxnR4m-E1Xhq#-du0aIa"
"dafnee.sibary@edu.tbz.ch"|"SYWA%d-GrUBlC-YbNZjf"
"alois.harsnep@edu.tbz.ch"|"RUh8rt-GsfJNc-SepI3H"
"marie-helene.lacky@edu.tbz.ch"|"#o754x-9C#R5x-u1e9uV"
"mylene.youthed@edu.tbz.ch"|"1RWJD#-2@pSsU-aShYFH"
"marie-helene.dehmel@edu.tbz.ch"|"caQoOO-NR2Bb9-FW1t&e"
"angele.batman@edu.tbz.ch"|"guyCh7-UOzHxp-jyhGFg"
"melia.younghusband@edu.tbz.ch"|"j2z$IA-UMk$7f-%dqRz4"
"eloise.baldi@edu.tbz.ch"|"oAhzJJ-b$pjiK-5mpWMV"
"illustree.dun@edu.tbz.ch"|"29koh4-nRmlbm-&akT7u"
"genevieve.late@edu.tbz.ch"|"HyM&OF-31vOEI-1nCbpY"
"celestine.colville@edu.tbz.ch"|"5YqRE1-S4D$o2-rYhVSU"
"gwenaelle.scarlon@edu.tbz.ch"|"@4qk%p-gyg&e$-PLhPyS"
"regine.boddie@edu.tbz.ch"|"FZqgyR-&Q6Ned-u@Ok@f"
"creez.gaughan@edu.tbz.ch"|"FPW$A$-UyD5hM-CDoNV7"
"gaia.longford@edu.tbz.ch"|"bAWlUo-NBavpA-0iJK6%"
"mailis.buckby@edu.tbz.ch"|"1Xy3n%-#0lfMY-vbtZDl"
"song.parbrook@edu.tbz.ch"|"@uG4HO-c6hNPr-Yi%fla"
"frederique.heddan@edu.tbz.ch"|"131PO@-BzXCaU-jyL9iZ"
"ake.kirtlan@edu.tbz.ch"|"ekGLy9-B5&mM%-8K15Xg"
"nelie.runciman@edu.tbz.ch"|"Cp9LqG-8ReHiA-fmRNwI"
"mailis.cardnell@edu.tbz.ch"|"6pc%j0-5JUxQq-EWClxc"
"irene.navarro@edu.tbz.ch"|"KfQ8QW-f9B#ap-Ukq0uN"
"maite.cough@edu.tbz.ch"|"8&TgEJ-09AJez-PZ$QXW"
"anaelle.stocky@edu.tbz.ch"|"3Ah@DI-rzpDKP-83XY3g"
"methode.moulder@edu.tbz.ch"|"DaFPUf-NWXIRA-wBIzBz"
"po.stafford@edu.tbz.ch"|"oOI3J3-Stgl8H-oOECiU"
"faites.scraggs@edu.tbz.ch"|"vds8Q3-pgo5c6-uujMdH"
"adelaide.dullard@edu.tbz.ch"|"6F$X%8-BNzFsU-LbOIXf"
"desiree.leonard@edu.tbz.ch"|"nJkZkB-TS15mN-UjdA#m"
"geraldine.badgers@edu.tbz.ch"|"#Hvs4U-Ja1ep1-9s2bIH"
"ruo.masic@edu.tbz.ch"|"oVFphH-pHGQr9-xLMeBd"
"aurelie.lieber@edu.tbz.ch"|"V4wf5n-&hG19s-MQByiu"
"naelle.balcock@edu.tbz.ch"|"upBceT-E046vm-BSfmWy"
"camelia.elger@edu.tbz.ch"|"1Iu6Wx-tu8Kxq-nXcJ%o"
"publicite.oakeshott@edu.tbz.ch"|"IXQRAa-x7tb%B-&q%CXx"
"cleopatre.fawley@edu.tbz.ch"|"5593#J-WyWRTC-#3K$Ag"
"laurene.bruckmann@edu.tbz.ch"|"1uHsjS-ID0aFN-D3JkkP"
"rui.haughton@edu.tbz.ch"|"uLYLoj-jLv7kz-fXXUxg"
"asa.ladewig@edu.tbz.ch"|"37$0r@-BOc2fv-baiiGY"
"gisele.janecek@edu.tbz.ch"|"pOar$&-FKqh8n-AAw2Od"
"maily.loveridge@edu.tbz.ch"|"DP#Ya1-VQ0ow3-0&zdil"
"marie-eve.yurkiewicz@edu.tbz.ch"|"llz@ux-8OcDbe-C7g0Aa"
"fei.roder@edu.tbz.ch"|"DYXFy3-nGMCkk-lJ&yqE"
"edmee.chatburn@edu.tbz.ch"|"5WD7vk-cEITcY-5a19aj"
"geraldine.darke@edu.tbz.ch"|"EeSG#T-WF%rHt-U64PaT"
"ye.jira@edu.tbz.ch"|"YnI8iv-xN7h7t-y01@lg"
"publicite.persent@edu.tbz.ch"|"qNJ67n-&43amh-H$SP73"
"severine.wilcox@edu.tbz.ch"|"Gairu0-myWSOn-Kzg1rp"
"yao.mcclaren@edu.tbz.ch"|"CPWQ7@-uJ56pj-dUR3su"
"theresa.foynes@edu.tbz.ch"|"F@ULBr-dYh0Pe-al7Bh5"
"stephanie.isley@edu.tbz.ch"|"O1hXTv-IhVW&7-4ajtj1"
"torbjoern.growy@edu.tbz.ch"|"X%V6fW-fLMEXZ-r9p9rD"
"eloise.tunnadine@edu.tbz.ch"|"YKgmmq-SkcVjn-h4JErH"
"maeline.cossentine@edu.tbz.ch"|"egOshj-XbMx6I-9Hs6uU"
"nelie.desantos@edu.tbz.ch"|"irZq3o-i@5Zxl-BkayOA"
"gaetane.axston@edu.tbz.ch"|"PyhFfV-2CW4Ea-5WHWtB"
"aimee.merman@edu.tbz.ch"|"ZlPr2@-7d&nsn-5u$2m%"
"oerjan.drivers@edu.tbz.ch"|"%6wJoB-SsH1fs-Z8@yfz"
"aimee.miroy@edu.tbz.ch"|"9O%FrT-ZOhhH7-IK3BNh"
"nelie.glyde@edu.tbz.ch"|"Ogf7JS-M8zIY4-wX5y2H"
"hakan.kapelhof@edu.tbz.ch"|"$kUF2o-ldaJeh-9PW%IO"
"maelyss.cauley@edu.tbz.ch"|"$2dY7X-f$uzGS-1Tyg8W"
"elea.vaggs@edu.tbz.ch"|"rcpSO@-r7FOTI-0zv&PO"
"maelys.but@edu.tbz.ch"|"sehZyc-qsjsYz-dF$2h8"
"maella.arthurs@edu.tbz.ch"|"&nA0%R-v6BSDt-kSvVsi"
"adele.liebrecht@edu.tbz.ch"|"PtMQlT-l&8y$l-HI$8Lq"
"meline.lomasny@edu.tbz.ch"|"Kcj#CX-gUKMim-OWtkcN"
"mediamass.schwant@edu.tbz.ch"|"409p0w-ALI8Eo-obXeT$"
"leone.saunt@edu.tbz.ch"|"bRYm@W-XBSmVP-K46Z8t"
"annotes.gouch@edu.tbz.ch"|"7lY2lt-mqQ6y7-3uM%py"
"gaetane.bowich@edu.tbz.ch"|"7OvzJu-eExajS-MfHvK1"
"alizee.strelitzki@edu.tbz.ch"|"EYQPB7-UA#HDu-y96j90"
"leone.poile@edu.tbz.ch"|"zh7Dnj-Cl&Mji-$eTojg"
"amelie.saban@edu.tbz.ch"|"#4JIf6-X0adV3-2OpyCU"
"marten.mcmenamin@edu.tbz.ch"|"Johd%5-x@ojiu-l@kqI7"
"becassine.keets@edu.tbz.ch"|"%NGsdc-SBO9t5-KnQZBM"
"celine.million@edu.tbz.ch"|"J9w&Fl-eZLz@t-cAXso#"
"geraldine.belitz@edu.tbz.ch"|"8BT0rK-4Efwpm-Arfc16"
"salome.mardling@edu.tbz.ch"|"tMY481-3&ghlw-vRVrET"
"melia.blakemore@edu.tbz.ch"|"V@srsA-ASjknA-ew4lXz"
"dafnee.mcaulay@edu.tbz.ch"|"F6ZP0L-2IRT#B-#Uymyg"
"garcon.dennett@edu.tbz.ch"|"v4SUHw-u8dzod-b6dYK3"
"interessant.lesor@edu.tbz.ch"|"JOw1Ix-l82K%a-5SXsk&"
"annotee.wasbrough@edu.tbz.ch"|"@sot32-2PwpK1-a@PGOr"
"asa.ibbeson@edu.tbz.ch"|"RNWYVC-hmJa&U-5$eeJ9"
"maily.kennealy@edu.tbz.ch"|"k1JR7m-2IdFIz-8bxk1U"
"ye.seares@edu.tbz.ch"|"0awM$0-SXyK&j-MOxeIC"
"athena.harbron@edu.tbz.ch"|"F#IlQ8-AylC7m-bwpeKi"
"andreanne.portail@edu.tbz.ch"|"S2D#A0-RBbNRN-HySlIR"
"goeran.zannelli@edu.tbz.ch"|"cRCoyz-SOe2Qy-ET4gKC"
"gerald.leathlay@edu.tbz.ch"|"U9iM21-j%CARZ-7#n%W9"
"andreanne.chown@edu.tbz.ch"|"QLoxSf-N5Oplu-X4$S7L"
"esteve.clementel@edu.tbz.ch"|"7Nz$0@-rwhvkg-SuagGM"
"leone.legan@edu.tbz.ch"|"z1fCs#-8AtJGG-XMJU6G"
"maena.pownall@edu.tbz.ch"|"m3bpvb-848o$w-cp&Ufa"
"andree.rettie@edu.tbz.ch"|"kHDKXg-br8N%P-&#KB3N"
"ines.kenwrick@edu.tbz.ch"|"v8Sd$J-SUgDlh-FgLnGT"
"marie-helene.yarnall@edu.tbz.ch"|"XCn#O&-h0ogJH-hH@OZs"
"po.martin@edu.tbz.ch"|"0lQ@qb-e3jrtw-2laz4o"
"ruo.celiz@edu.tbz.ch"|"JgjMv7-k1RiNW-EFRM9%"
"po.bissett@edu.tbz.ch"|"XObhJq-LzHDuC-B0Hgl9"
"du.swindon@edu.tbz.ch"|"o2lLvp-YzxF1a-WIGLXy"
"interessant.gouldthorp@edu.tbz.ch"|"JxYnVN-IrVBjS-UCx$7%"
"leandre.lilburn@edu.tbz.ch"|"Wn3lbu-VSGHPs-jadySQ"
"bjoern.whales@edu.tbz.ch"|"y1uHjL-B5jF5%-wKnC0m"
"interessant.dieton@edu.tbz.ch"|"qzbhyc-Kp#5xc-bI68iD"
"celestine.redhills@edu.tbz.ch"|"ut6HMo-&AfdKt-8m00nT"
"tan.yakovlev@edu.tbz.ch"|"pv47e&-mzOKAI-3W1aMM"
"regine.mcdowell@edu.tbz.ch"|"twR5uB-QmGPW3-ScRtqZ"
"ju.coysh@edu.tbz.ch"|"rKO$J9-aG#CG9-e%rFfv"
"reserves.ofallon@edu.tbz.ch"|"1wuueN-gzCWov-f1Lfu#"
"frederique.sobey@edu.tbz.ch"|"RV9Ifs-&ApXPI-pVJLZ2"
"marie-eve.garstang@edu.tbz.ch"|"GgUVf1-6AOt8m-pW7SCe"
"andre.tapin@edu.tbz.ch"|"$zM1YP-eDymIk-tRPvnV"
"esbjoern.eynon@edu.tbz.ch"|"2m4$K8-WJc5JL-08Hcho"
"maella.duffy@edu.tbz.ch"|"Ag3elb-%Ie12w-fYwINQ"
"leandre.twinning@edu.tbz.ch"|"2o0#fV-iX4rs9-bAV9g&"
"mai.whittingham@edu.tbz.ch"|"pzhwSc-VYhu1t-%PQhZa"
"rachele.shevelin@edu.tbz.ch"|"59pApv-T02D7V-rFgSlm"
"cecile.mcure@edu.tbz.ch"|"vPhcFY-Rlk5x9-qLiu5R"
"marie-eve.yurkevich@edu.tbz.ch"|"deh%rT-Pjt9Jb-vOcZEw"
"almerinda.paice@edu.tbz.ch"|"kImsbU-8IYT7L-7FnaYC"
"rao.howkins@edu.tbz.ch"|"@0cWC9-xCg#Jb-UDD89Q"
"serena.pack@edu.tbz.ch"|"OaZPTM-f&HNiB-fqvnk2"
"rebecca.mant@edu.tbz.ch"|"BVlo@C-yE6Ph#-W0xDXB"
"reserves.spitell@edu.tbz.ch"|"20FmRn-t7XWdn-UkvFiS"
"garcon.hamfleet@edu.tbz.ch"|"j$34Xv-4JQCA0-X&36sK"
"methode.kerkham@edu.tbz.ch"|"ny4prB-h2wNSC-Rt#GFz"
"pelagie.camies@edu.tbz.ch"|"OAYwgh-Ag3vye-ui9zTa"
"josephine.macpharlain@edu.tbz.ch"|"p5Bxf%-HLek6b-XZcI1S"
"eugenie.mathet@edu.tbz.ch"|"VuCZNs-JXWN5M-Pgx3H8"
"gaetane.brangan@edu.tbz.ch"|"RlG5CM-pyePwe-3rqp@p"
"michele.dewbury@edu.tbz.ch"|"aWYn&x-DNP8u$-K&E$zM"
"eugenie.elcott@edu.tbz.ch"|"QHL9yD-RT3REk-gKyoTO"
"megane.harniman@edu.tbz.ch"|"2LPq61-YaPgse-eyHkzl"
"agnes.cluney@edu.tbz.ch"|"r#&uXO-S1QW9K-DxhMvg"
"marie-helene.angear@edu.tbz.ch"|"EwhfVz-wFp#JG-1yCyPU"
"melia.dolphin@edu.tbz.ch"|"8SyQzo-Kebgwa-DJwSy&"
"lois.ruseworth@edu.tbz.ch"|"EeRA7Z-MCbp@e-n&eGe$"
"mailys.ryding@edu.tbz.ch"|"22MwGB-wPj0SS-h0APZT"
"rachele.wulfinger@edu.tbz.ch"|"mFdzbN-XtW$ye-Y@$x46"
"gwenaelle.talton@edu.tbz.ch"|"xlY%UG-Ta@eRr-VytTII"
"long.ronchetti@edu.tbz.ch"|"xpDg2&-ze2aW6-DuAk1G"
"styrbjoern.kloska@edu.tbz.ch"|"OJdgR9-BwO0e8-zAinBZ"
"len.sudran@edu.tbz.ch"|"6USvkw-Lb0TST-LTWYLs"
"maelle.andrysek@edu.tbz.ch"|"5qBs9J-3ENdC7-wAavJ5"
"selene.senior@edu.tbz.ch"|"TyCL0I-Ui05hf-&GUSX4"
"anais.joskovitch@edu.tbz.ch"|"eC#xCW-KwfDqm-%EmR2l"
"marie-noel.dally@edu.tbz.ch"|"yaXtBz-k$ldMu-sINAg#"
"marie-helene.laurence@edu.tbz.ch"|"GOVYuM-z9ZG$K-1trO2q"
"camelia.foxon@edu.tbz.ch"|"RJeE6j-$4dfU1-a#iuzO"
"helene.cankett@edu.tbz.ch"|"u0#V@d-cv5VuL-&bV2sx"
"marten.mitchelson@edu.tbz.ch"|"xsC0z#-LJQ%Bm-Np&#fz"
"helena.stirtle@edu.tbz.ch"|"WOJZm%-p2wFuE-LOF%Gv"
"leane.barmby@edu.tbz.ch"|"Z$7eWr-ZL4z@B-TOYp7n"
"goeran.ofinan@edu.tbz.ch"|"yIjBWV-S01cvN-ysYPHl"
"styrbjoern.proby@edu.tbz.ch"|"LcF70m-uqf&fw-bj90nM"
"zoe.halse@edu.tbz.ch"|"Knyl5W-GA2z%u-QYO69B"
"kui.drable@edu.tbz.ch"|"lzSiLb-3mwo9Q-$FNpC1"
"desiree.bamford@edu.tbz.ch"|"Ax0#x@-Rm7ykP-3NADPV"
"zoe.suller@edu.tbz.ch"|"U2wqho-zGINTq-6dvirH"
"marylene.audiss@edu.tbz.ch"|"w5jrAn-r2KP8p-8dbBJ9"
"adelaide.poznanski@edu.tbz.ch"|"A6gsHv-9zYKCk-Mjiv%d"
"maella.coleyshaw@edu.tbz.ch"|"#KjApX-ga@UXi-jC5iZ@"
"marie-francoise.gelder@edu.tbz.ch"|"PSurRn-mFqL9U-da1vYE"
"eleonore.chaffyn@edu.tbz.ch"|"NqUnJ0-vOCc2p-52o8T0"
"celestine.sikorsky@edu.tbz.ch"|"Krfsqm-MgWVfS-ihu7xI"
"stevina.londsdale@edu.tbz.ch"|"vfSEpc-@t#25m-MyioZw"
"maiwenn.nevitt@edu.tbz.ch"|"p4eQQe-hsVxmH-Ena0tE"
"magdalene.gerrey@edu.tbz.ch"|"CVqgl4-G2gZOg-fWFP%e"
"becassine.latimer@edu.tbz.ch"|"cfgLKD-FT7K&s-mYzq2Y"
"da.lethibridge@edu.tbz.ch"|"DiDVch-DTHRPA-QSb#0z"
"mailys.claige@edu.tbz.ch"|"z#rkTJ-Gu1fly-otRxRV"
"maena.torbard@edu.tbz.ch"|"H3DkLu-S#kxAp-Fb%kr0"
"solene.lyvon@edu.tbz.ch"|"H%%Giq-mov5Dp-TwgBve"
"marie-therese.benbrick@edu.tbz.ch"|"xhTIsX-K6@s83-20I1Km"
"gerald.edmonson@edu.tbz.ch"|"jLz125-IwV3q7-b8soMG"
"ake.messruther@edu.tbz.ch"|"BjKxn8-MtAft1-JsHK9h"
"men.gosneye@edu.tbz.ch"|"PIUI%r-u7%7a4-0VZQ9q"
"anais.jefferys@edu.tbz.ch"|"MLASpr-woVE&s-d7ec%O"
"publicite.tregale@edu.tbz.ch"|"LeFLZU-BcxilO-NCYjB#"
"maily.santorini@edu.tbz.ch"|"F3oTu%-Vp6sdY-kPwyRt"
"ines.pioch@edu.tbz.ch"|"isRb4g-0&fKpV-utpX4e"
"noemie.marklew@edu.tbz.ch"|"$t@xG3-pB47ou-7zpYDh"
"meghane.maccaffrey@edu.tbz.ch"|"7FtR5G-5LhHdp-L2#0%V"
"berangere.ambrogio@edu.tbz.ch"|"izEtqK-18bjRE-&OAapC"
"mediamass.ryce@edu.tbz.ch"|"4I5L@R-u@@bml-OGw1rO"
"oesten.ubank@edu.tbz.ch"|"l3HiYt-rc3FZm-ShmCBO"
"melina.mackee@edu.tbz.ch"|"R08Yh7-M5xWuK-KVzed2"
"theresa.livezey@edu.tbz.ch"|"ePJciW-R#k0p$-Cgxh8j"
"clemence.weal@edu.tbz.ch"|"1Veu@X-TTlrez-WZPRqh"
"faites.overton@edu.tbz.ch"|"%A#z%u-8su9Up-XP2awT"
"clea.lindblad@edu.tbz.ch"|"ime3bR-HDbOv#-kRm8%R"
"josephine.roseaman@edu.tbz.ch"|"1KMM5t-H7PVg6-B2s0Ra"
"oesten.lowbridge@edu.tbz.ch"|"HmiFbC-%wAROv-lD8aXh"
"marie-josee.brion@edu.tbz.ch"|"cSUopG-LzJtzW-CofrUq"
"therese.basili@edu.tbz.ch"|"4@Ij@R-iN&pIj-uU58Bu"
"melia.vertigan@edu.tbz.ch"|"ialiGC-#6MnjL-NKrYIL"
"judicael.saull@edu.tbz.ch"|"oyk#wd-4Pjigl-2c49tf"
"selene.valentine@edu.tbz.ch"|"SGx3l2-BrKIez-mZ54XL"
"verane.dunlap@edu.tbz.ch"|"bOFckT-xMuO1k-9kb4KM"
"meline.kinnear@edu.tbz.ch"|"v9A6pi-WpOo2Z-DZ$Qv6"
"lei.luttgert@edu.tbz.ch"|"0a5of1-7mzdvU-k8Ptxf"
"styrbjoern.lathleiffure@edu.tbz.ch"|"5NdLT9-LGz3ZE-NY7srj"
"marlene.blasi@edu.tbz.ch"|"JzN0j4-fX09Dt-po#yK&"
"mai.begwell@edu.tbz.ch"|"zyJFir-P$2$Rn-IQI@RO"
"gwenaelle.kaines@edu.tbz.ch"|"c1g4ih-&9&Z9j-GQD#xn"
"gerald.adamthwaite@edu.tbz.ch"|"2nZRh1-i1Anmw-#YabkN"
"kui.hartfield@edu.tbz.ch"|"oxv71T-uwpYwc-Ml4%kz"
"salome.currao@edu.tbz.ch"|"@p6kfg-XtS6Mx-8wKX&c"
"angelique.tixier@edu.tbz.ch"|"fJHOhG-1BzCp#-OcS2Ln"
"ju.mcgragh@edu.tbz.ch"|"q@FU4X-WAl4qc-7Y0zB$"
"dafnee.beachem@edu.tbz.ch"|"o9iG@X-FqDieN-h3XQIv"
"creez.terlinden@edu.tbz.ch"|"klu1XW-73PVBw-4K2oA2"
"uo.mcskeagan@edu.tbz.ch"|"aAAiJ#-OUgU%q-n5nQdZ"
"edmee.mccaughren@edu.tbz.ch"|"YzVLJD-NJtGTN-O9Op@f"
"asloeg.cozby@edu.tbz.ch"|"A#rHBm-ZidS0t-xwN1M5"
"melodie.traite@edu.tbz.ch"|"HPs$Jb-yE2$1a-mPsZJ3"
"dorothee.aindriu@edu.tbz.ch"|"c97ry5-fKgA7M-4hAl0p"
"daniele.doley@edu.tbz.ch"|"W0t63w-HsRYDd-Dmyths"
"mediamass.fairclough@edu.tbz.ch"|"6Oo5L2-6#@d1X-D#2bRV"
"lorene.rainforth@edu.tbz.ch"|"SqlKFR-9zhmZD-U$h7GB"
"leonore.eyer@edu.tbz.ch"|"bdH0oR-reSRDz-t$e#nL"
"po.spillman@edu.tbz.ch"|"Syq%6S-6KpTuo-Pv%TW6"
"cecilia.plitz@edu.tbz.ch"|"71ZW#g-oPavDh-ZDx#Ev"
"lorene.ludlow@edu.tbz.ch"|"4HoQRE-dVKVSR-Nb$Oxd"
"berangere.neligan@edu.tbz.ch"|"xnA0oo-9NFOIt-IzwUTF"
"simplifies.huggan@edu.tbz.ch"|"TQDKg%-y%wL%r-s5q7U3"
"clelia.prandy@edu.tbz.ch"|"yNeKpQ-@O2X@y-2qi8%n"
"ake.osban@edu.tbz.ch"|"%pSZ5d-YES3YC-ZKMl#3"
"cunegonde.brunn@edu.tbz.ch"|"matM47-HJ12%8-9H#tHb"
"long.grizard@edu.tbz.ch"|"RiEw%R-2@KIbf-#&R5t4"
"meghane.diss@edu.tbz.ch"|"8P09QL-3D4L8k-r8w0w@"
"therese.oldman@edu.tbz.ch"|"Papu&Z-%5cJYi-ZmE74O"
"boerje.scamerdine@edu.tbz.ch"|"l%Kr7x-vSK3ZF-Dk@UY5"
"du.saban@edu.tbz.ch"|"ZdGQYU-MhjdZ8-YMSPU8"
"hakan.clynmans@edu.tbz.ch"|"cbE0Ro-68bQbB-5HJbbX"
"wa.macdowal@edu.tbz.ch"|"9p0RtL-MEmC77-S6Gib7"
"venus.hatrey@edu.tbz.ch"|"Qoebzw-7TvivE-5LxST1"
"anaelle.vispo@edu.tbz.ch"|"tVfOE3-h1y1Tw-UokdXW"
"mahelie.ollcott@edu.tbz.ch"|"bewuWN-mgXKWW-Lsn0pT"
"mediamass.whyman@edu.tbz.ch"|"v7MUtl-dwGIyZ-A&$tj3"
"esbjoern.basson@edu.tbz.ch"|"%%fI@G-fv#FKO-OUA%Al"
"andrea.morrill@edu.tbz.ch"|"XGj@I#-#bLQbh-EvJDDj"
"melys.grassi@edu.tbz.ch"|"MAMf5y-PPqEiU-z%vhnG"
"leone.poleye@edu.tbz.ch"|"#qeqvV-Egv0qq-SyEV7g"
"francoise.penny@edu.tbz.ch"|"INxvLq-6OAH8s-%PHRlC"
"rebecca.edney@edu.tbz.ch"|"$tipD2-7r$V&#-gsxzMb"
"adelaide.murtagh@edu.tbz.ch"|"k86LrP-qtkg&D-hJoTuc"
"stevina.winterbourne@edu.tbz.ch"|"faFPYj-MS@tuj-L%#5A6"
"ma.cottom@edu.tbz.ch"|"q6KDjy-1UFLKr-X5wI%B"
"tan.harold@edu.tbz.ch"|"tw@V66-fAxHLl-QDUA0d"
"venus.forte@edu.tbz.ch"|"SFK56e-HBOOP2-3V1iyT"
"almerinda.oluney@edu.tbz.ch"|"x1h&i@-cdfehC-w66pTm"
"cleopatre.brehault@edu.tbz.ch"|"lndZ%a-RRsM31-G@djTj"
"interessant.lapides@edu.tbz.ch"|"xtT#VF-S3FCSr-DEg2Qi"
"reserves.hallatt@edu.tbz.ch"|"860Ssj-nhFjKs-PDCLGo"
"annotes.birdwhistle@edu.tbz.ch"|"yhSC#r-p0ZiPm-9WaUcO"
"ai.dredge@edu.tbz.ch"|"V8DF@R-#Wmuti-429yBJ"
"megane.mussard@edu.tbz.ch"|"H00cAc-#nSyvT-TpnVtn"
"esbjoern.gowrich@edu.tbz.ch"|"YMSUCy-akeUaf-K35b%t"
"boerje.brislawn@edu.tbz.ch"|"4mBlO4-0887f@-0$5D4w"
"becassine.wilce@edu.tbz.ch"|"YTFBg1-aVNRif-aVyu@5"
"personnalisee.oels@edu.tbz.ch"|"0xinH$-1cjTQ9-vDe$uf"
"verane.pett@edu.tbz.ch"|"$xGuda-62swU@-IPX4su"
"marylene.glewe@edu.tbz.ch"|"QF2gdL-AORBX5-&3hC2d"
"lai.elson@edu.tbz.ch"|"v&1Ee7-G3&pru-nlVVdX"
"serena.difranceschi@edu.tbz.ch"|"cDI$@C-nd7wgK-lRNFux"
"lie.espinel@edu.tbz.ch"|"F#LcyQ-p%KWWu-0dLeWE"
"marylene.fantini@edu.tbz.ch"|"nktKh4-2SngcJ-WF7&CN"
"andre.archdeckne@edu.tbz.ch"|"@Fhrsc-R4zzpJ-69BYli"
"goeran.bohlingolsen@edu.tbz.ch"|"TrSZ8T-n9V#Dd-MQKjss"
"cunegonde.heffer@edu.tbz.ch"|"s%RN6g-pYEmQt-uY65m2"
"tan.fechnie@edu.tbz.ch"|"xEH30G-4jFHhI-@4yuEI"
"marie-noel.brammar@edu.tbz.ch"|"bm6gZX-pnKGlY-7ZppTp"
"simplifies.aven@edu.tbz.ch"|"1661XQ-Yk9n2@-19hvl$"
"melys.pinchen@edu.tbz.ch"|"$KJW9d-Nd3Z0E-a5g6R@"
"edmee.joyner@edu.tbz.ch"|"3BLwOP-kbQGwb-dOYVTR"
"berengere.edess@edu.tbz.ch"|"K6wVoi-ImMqFa-TO8VsF"
"marie-noel.goward@edu.tbz.ch"|"TN&1j9-sQVBgl-%oK4YW"
"ju.edmons@edu.tbz.ch"|"DogjgS-tBprYg-T2fgbh"
"frederique.airds@edu.tbz.ch"|"DxJSw3-y5Ex%v-T5ESbX"
"reserves.dauby@edu.tbz.ch"|"LPL1YO-UqRCNs-60d3rn"
"hakan.gynni@edu.tbz.ch"|"z8$sXJ-E7oy$R-1PpmOB"
"leonore.pinwill@edu.tbz.ch"|"&K5cES-MGSszc-YspgU&"
"marie-eve.mcallan@edu.tbz.ch"|"hnl1km-lnLs14-zoF@oM"
"naelle.yeabsley@edu.tbz.ch"|"B2NnFV-5#jffi-Lgb1ry"
"nelie.jacobovitz@edu.tbz.ch"|"rK3pNP-2Y9eIp-hVDURT"
"adele.conelly@edu.tbz.ch"|"I7bEE&-%lfwt@-c68R2X"
"clementine.dondon@edu.tbz.ch"|"FmSUlz-LOlqfE-2N3Bm#"
"zhi.willcot@edu.tbz.ch"|"0jLz1w-#LW0Gg-gmzHm6"
"chloe.janicki@edu.tbz.ch"|"WSMhIM-X$5Cr%-TLqG%R"
"meng.linde@edu.tbz.ch"|"HVEWL4-V%gftu-PeqvoU"
"celine.janisson@edu.tbz.ch"|"@PPoLF-u%JF%#-G&fhFE"
"clelia.crow@edu.tbz.ch"|"iL79yG-ypsYpt-n$%Kk2"
"cecile.pyott@edu.tbz.ch"|"o323hI-tseVvw-D0c@vr"
"ma.fidelus@edu.tbz.ch"|"u%i1QQ-kllSRP-cFaqUh"
"marie-helene.poore@edu.tbz.ch"|"2Wt0@7-HSbktf-OjXM#J"
"elies.blanket@edu.tbz.ch"|"NC92ZG-Rt5EfV-0ZfIzC"
"yu.boyer@edu.tbz.ch"|"PJA@rx-BVsZuY-d@op1l"
"celia.welds@edu.tbz.ch"|"yGBQIp-U3o9NQ-aLuFs2"
"du.gunney@edu.tbz.ch"|"sAQ4Qq-TsUkAU-HNIPzs"
"goerel.crush@edu.tbz.ch"|"hwgG4Q-HlbmgT-LZ%Hi8"
"marie-josee.brosius@edu.tbz.ch"|"ksk&9i-dPGsuA-8VDXow"
"camelia.adds@edu.tbz.ch"|"xiXpqe-k$VhQD-IwvR39"
"anae.irwin@edu.tbz.ch"|"fKTqUB-iNMNtH-ho3JKj"
"cleopatre.skeffington@edu.tbz.ch"|"D&gjwS-J$ZMO9-IDDBC&"
"gerald.suggate@edu.tbz.ch"|"&nEkgU-pQmszF-LI#V5W"
"laurene.tailour@edu.tbz.ch"|"w7hSJ%-$Sw5dp-E07y6l"
"amelie.hoble@edu.tbz.ch"|"kfn8tn-wlgcB@-JeSpXB"
"venus.getch@edu.tbz.ch"|"Y$XXPd-bFpfFL-E#BvAB"
"renee.treby@edu.tbz.ch"|"d#V$&B-%Pl@Q#-Cd0cYy"
"almerinda.stait@edu.tbz.ch"|"g8Nx9%-m1D%Eo-zmCZ&f"
"andree.reddecliffe@edu.tbz.ch"|"Lw3JgJ-BbXZhS-A9QQJL"
"leone.wintle@edu.tbz.ch"|"eO9TPW-np5IUg-sg7zCN"
"gerald.fellow@edu.tbz.ch"|"P28e61-l1XcE$-T3qNp3"
"ju.gudger@edu.tbz.ch"|"Uc@nPR-5&g#LV-Km9816"
"meng.ohaire@edu.tbz.ch"|"8zhl5$-Yt5$GK-YP7fOP"
"cleopatre.missington@edu.tbz.ch"|"a2eMRx-KgqKGb-E%yDmG"
"annotes.debruyn@edu.tbz.ch"|"5eRt7X-o6Y1J4-mErA#S"
"gerald.sinisbury@edu.tbz.ch"|"0K6OcI-%tC@mc-at@prg"
"creez.slora@edu.tbz.ch"|"mKCHFN-wsb&#V-TPvT03"
"gisele.benbow@edu.tbz.ch"|"s9&5IO-cGLwCp-0Crda0"
"pal.dossit@edu.tbz.ch"|"Man8Ub-AIH8WK-0RC6t$"
"nelie.stirrip@edu.tbz.ch"|"u6vG&t-exc6vZ-EvZ14T"
"alois.ocrigane@edu.tbz.ch"|"csxGOl-zO$WVF-XsBBjQ"
"kui.mcterry@edu.tbz.ch"|"0kAH%7-U$Qkxj-hc4yKQ"
"long.willgoss@edu.tbz.ch"|"htg0xR-ySmMtJ-3gZm5K"
"francoise.sumpner@edu.tbz.ch"|"6$67aT-MCb2UJ-AiEFCJ"
"maely.grinstead@edu.tbz.ch"|"OEUhuF-XFCRHY-VnJq@r"
"creez.langeren@edu.tbz.ch"|"CjK8Of-In36sP-SHeYLb"
"adele.dungate@edu.tbz.ch"|"q6f7ge-gQgzQ$-Hs6B5b"
"cleopatre.noirel@edu.tbz.ch"|"wpUzy6-YnbE&%-u1leGV"
"interessant.daverin@edu.tbz.ch"|"VIaibF-hPSJwZ-EZYXzQ"
"naeva.kalderon@edu.tbz.ch"|"djU1RK-gfPfrl-u$oIFe"
"anais.oshesnan@edu.tbz.ch"|"S#iIsc-fi#70s-idMdro"
"judicael.anelay@edu.tbz.ch"|"r5UCXh-eWbhjH-esYfyy"
"eloise.braxton@edu.tbz.ch"|"243Peu-L&x#64-i#v&&J"
"desiree.greguol@edu.tbz.ch"|"BC%@Ln-%n8T$8-Y3oya2"
"maite.mcclenaghan@edu.tbz.ch"|"8G9RR%-$ybBRt-nSJ4oq"
"meng.doret@edu.tbz.ch"|"F$jxie-4bmZ12-c@Xqdb"
"frederique.chippendale@edu.tbz.ch"|"MDeNsX-&zOHE3-TzkM7n"
"andreanne.lanney@edu.tbz.ch"|"&85q3z-QSjrU8-m$RoUa"
"aurelie.claus@edu.tbz.ch"|"hu79$B-IYWg35-iWD0Du"
"renee.pabel@edu.tbz.ch"|"9j4ykG-6PvT9K-8F6Nx3"
"maena.roust@edu.tbz.ch"|"IactvC-JcjivJ-2EBtmI"
"nadege.carwithim@edu.tbz.ch"|"K3MnLN-lkCLTM-DYAU9U"
"solene.geyton@edu.tbz.ch"|"3iFcJC-otgDBe-#VJWvj"
"dafnee.avraham@edu.tbz.ch"|"bGQ&tB-r@m%i7-w0JgWl"
"leane.woolvin@edu.tbz.ch"|"@jkF$2-Uaz35q-Fes%J1"
"adele.macadie@edu.tbz.ch"|"pK$uX0-H3brTT-TZdNKW"
"meline.rubica@edu.tbz.ch"|"LZKNx9-8zt1dy-XmZqhk"
"marie-noel.speeding@edu.tbz.ch"|"86haGt-SgfKpe-Rl8TSM"
"nelie.mix@edu.tbz.ch"|"c2h5#5-UVQuxu-jTkECx"
"clea.ollett@edu.tbz.ch"|"sFUeVK-OLYNhk-ltzN8D"
"leandre.mcgavin@edu.tbz.ch"|"Ym#MwX-y6G%qr-Mgj@Zz"
"cecile.behne@edu.tbz.ch"|"W@%Am3-LbpgLh-BbXBgH"
"melanie.polle@edu.tbz.ch"|"2DxrhI-&1W7HQ-QJO8ZK"
"marie-josee.titmuss@edu.tbz.ch"|"p#Pr&0-GacbD2-rm0zZG"
"helena.guest@edu.tbz.ch"|"GLPhii-q#CR0u-An#qX4"
"annotes.chicchetto@edu.tbz.ch"|"fNMDsD-jzLn$P-0Th@z&"
"melia.tubb@edu.tbz.ch"|"Y503Dk-qcVOr8-&y8r%m"
"angelique.casetti@edu.tbz.ch"|"kvd9Sl-4Dqb0W-ue&Ja#"
"cunegonde.cleall@edu.tbz.ch"|"8Py564-fcpzaF-AihW8i"
"camelia.oaker@edu.tbz.ch"|"LsFaaZ-2r&aa1-kxE60Q"
"you.searight@edu.tbz.ch"|"B79E15-WpWJlo-y%#Y#1"
"kevina.dederick@edu.tbz.ch"|"J0MJ79-OlMkvL-Ll4$wB"
"milena.jeffrey@edu.tbz.ch"|"bPSTHP-FCBsxl-BWZvUq"
"melodie.barkshire@edu.tbz.ch"|"kI8QrP-gZgw5q-TDhSVr"
"gaelle.kreutzer@edu.tbz.ch"|"p@#mUJ-%xl@zd-b3tB#i"
"kalliste.kleinpeltz@edu.tbz.ch"|"UBv6i2-tTD40C-sCmZYK"
"clementine.danat@edu.tbz.ch"|"laGgYU-zwDy06-X0Q%zj"
"andrea.wabb@edu.tbz.ch"|"g&iiPS-ZZ2OZS-k4&tW6"
"geraldine.piesold@edu.tbz.ch"|"jalMg&-$TWN6d-7bV1AV"
"tan.fiveash@edu.tbz.ch"|"t6HQlk-dDdfrG-1BUFqI"
"meline.yuranovev@edu.tbz.ch"|"hJ9SVu-&kSlv@-#2&Z2@"
"therese.holme@edu.tbz.ch"|"KAMejS-C5kDLc-TXXkqn"
"salome.vaney@edu.tbz.ch"|"V6bA#8-nILJP3-&Ia2yR"
"anae.abramson@edu.tbz.ch"|"GKq5L9-UugtkV-#G8Bjl"
"kalliste.jimson@edu.tbz.ch"|"FpFCh@-cDRYL1-3QuUj9"
"selene.yole@edu.tbz.ch"|"eUjsQG-CKnGQA-iTt#5a"
"agnes.defraine@edu.tbz.ch"|"aJ#0u0-s88OpJ-L8z6Wr"
"faites.mccluin@edu.tbz.ch"|"$WfUNp-ZgKYgw-pLQwNC"
"athena.deme@edu.tbz.ch"|"SR87dB-HE4Xgw-0IDAO7"
"daphnee.brigstock@edu.tbz.ch"|"ulSG#s-XGZTBK-iw6SZ7"
"goesta.skaif@edu.tbz.ch"|"wWW2XZ-VWcObB-jn9AcI"
"oceane.jagoe@edu.tbz.ch"|"tswlLX-wYhSlt-l3P1V$"
"annotes.broomhall@edu.tbz.ch"|"t63BoF-Ds430P-q7@eLD"
"marie-eve.ballendine@edu.tbz.ch"|"6mNGn3-0Tu89C-WPjYnC"
"melina.spykings@edu.tbz.ch"|"ianmze-jKcfw$-X594bt"
"laurene.ticehurst@edu.tbz.ch"|"74LZlr-mnBey7-PkYh9A"
"fei.avramovic@edu.tbz.ch"|"gt16DM-ek4hhU-sLqcQl"
"publicite.strathearn@edu.tbz.ch"|"UWVo7Y-w%LIPh-n0PDDn"
"torbjoern.garrow@edu.tbz.ch"|"FcVrhZ-CQS@tk-z8VJCN"
"chloe.rubinsztein@edu.tbz.ch"|"SpOiGX-AnpQ6C-@cSLu8"
"mylene.demanche@edu.tbz.ch"|"xkALb#-Ld6Shn-c%yZZ3"
"mediamass.godlonton@edu.tbz.ch"|"#XX9Tx-xw#z8$-4Ee@PQ"
"renee.shurrocks@edu.tbz.ch"|"k%S#QJ-7paVw2-beFV0%"
"maiwenn.jedras@edu.tbz.ch"|"dMV#Rk-U0Z@3S-HTF3Rz"
"genevieve.castells@edu.tbz.ch"|"egHoWy-Ban%TY-i8HOjA"
"renee.sneden@edu.tbz.ch"|"78AM49-UE578#-4dRK@M"
"lai.mccallion@edu.tbz.ch"|"oketrq-ZOUswT-B6O7W$"
"kevina.impleton@edu.tbz.ch"|"wgOF%#-&awb4x-XYp9a1"
"oesten.fresson@edu.tbz.ch"|"2YG#$B-AoMcaw-vncq@G"
"verane.shawley@edu.tbz.ch"|"7iA#B0-6vw%l3-%A2c6x"
"uo.sjostrom@edu.tbz.ch"|"Fq4$Xv-iyrFZG-ui1LUX"
"gisele.gothup@edu.tbz.ch"|"RJY#2t-mw7Psv-8pgu9d"
"renee.beauman@edu.tbz.ch"|"vCWKWE-@u%0nM-XYvVXk"
"elies.loton@edu.tbz.ch"|"W1GSSW-mTtCjH-moQ6oO"
"valerie.elsmore@edu.tbz.ch"|"GyTEm0-sknOZF-NFRk77"
"berangere.delafeld@edu.tbz.ch"|"OO&cq6-U7$Lo@-Yh7@Rq"
"bjoern.schimke@edu.tbz.ch"|"VSc9p8-hNB3&T-enLOcJ"
"loic.ericssen@edu.tbz.ch"|"XXVLw8-I0akWn-8Xdnr8"
"creez.richarz@edu.tbz.ch"|"Re#k@e-SnMtqC-SOcxMN"
"athena.grocott@edu.tbz.ch"|"rJSA66-sIX54U-a%3cT0"
"naelle.piotr@edu.tbz.ch"|"15Rn6x-Ui416v-FhadSC"
"maella.paulson@edu.tbz.ch"|"Gxg0Xk-Qi5BBC-O8eJyn"
"song.perot@edu.tbz.ch"|"FCIiel-@J8pJw-aVq4L3"
"kalliste.heckney@edu.tbz.ch"|"tptNZB-ZmSvzz-xcc5KX"
"ake.vasyutkin@edu.tbz.ch"|"5hdqpu-ILVC%3-kny5v0"
"ma.castles@edu.tbz.ch"|"jY55&I-YD6%tj-EvwrXC"
"maely.monget@edu.tbz.ch"|"m$SqVH-T0YyAp-pTR0HG"
"tang.durbridge@edu.tbz.ch"|"Iiv690-UZkf6S-q2ioI$"
"laurene.andrew@edu.tbz.ch"|"FfyHG9-k7%x$u-MrUg9I"
"lysea.beacon@edu.tbz.ch"|"P2zrx0-B0mAvE-xhSltx"
"leandre.peyntue@edu.tbz.ch"|"K#2wFr-A8ED%3-ATEt2j"
"rao.trever@edu.tbz.ch"|"wvdwjj-$JKZRP-Kgh39A"
"mahelie.streader@edu.tbz.ch"|"VEEDFv-dAKILc-nLmZFK"
"maerta.andrejevic@edu.tbz.ch"|"XC9pBF-%JppZI-Bl5EXg"
"goesta.tompkins@edu.tbz.ch"|"Z6#NaS-#bV6qL-%wGB6l"
"helena.agates@edu.tbz.ch"|"yA##2r-fN@nm4-GQv69t"
"therese.glass@edu.tbz.ch"|"LVwnST-ZQfSA%-F6JzdE"
"alois.foan@edu.tbz.ch"|"ENkt&9-#uzYcT-KHjERb"
"becassine.melchior@edu.tbz.ch"|"mX1b$6-0QLCQS-3FpPZ2"
"cloe.robart@edu.tbz.ch"|"ehxBqn-M7Zufp-kP2pe6"
"daniele.puckinghorne@edu.tbz.ch"|"9DFbEh-lDd&0q-BR6W0o"
"selene.cammidge@edu.tbz.ch"|"JCaCR6-SpAlWM-$jBvSx"
"regine.conochie@edu.tbz.ch"|"iwKGBb-WYUyxu-EfAwvG"
"interessant.tuiller@edu.tbz.ch"|"F%gj29-GAiwu0-3RA$gT"
"long.tiebe@edu.tbz.ch"|"ShK5uV-&hcCXT-YvGPnI"
"mans.yele@edu.tbz.ch"|"7TIAzU-Mspnvx-TIr#tH"
"ai.giles@edu.tbz.ch"|"rIBG@0-uRUcM@-%z6p9T"
"gaetane.hamberston@edu.tbz.ch"|"bQQIzl-8R5ah&-A$rMxD"
"marylene.fenix@edu.tbz.ch"|"D02@@c-jMvW$3-YARvox"
"geraldine.graeme@edu.tbz.ch"|"BFUD7y-wA@55B-P1dM9Y"
"tang.kinglake@edu.tbz.ch"|"QxQ1mN-A8IgSe-&ybkKk"
"lai.challoner@edu.tbz.ch"|"U5VUvo-dgCYIe-a3OK1C"
"desiree.mattei@edu.tbz.ch"|"sX8PvB-aC$M7T-JpXw3u"
"ake.erley@edu.tbz.ch"|"AIVn88-wS4gpe-qwzJ8I"
"edmee.cavil@edu.tbz.ch"|"P1FJ0@-SMGCI@-KeXET#"
"alois.moyes@edu.tbz.ch"|"hjb8HL-4FaNgF-#1I4qs"
"becassine.pitman@edu.tbz.ch"|"enz8t@-8EsC4S-%5ALcL"
"ai.giacovelli@edu.tbz.ch"|"JfVN3E-tmXFyn-dLd1H#"
"judicael.fruchter@edu.tbz.ch"|"L01p4a-G2R39$-g43Jcp"
"mans.mogg@edu.tbz.ch"|"LVKqwK-2M2R4k-yG&ZJ&"
"gerald.foyle@edu.tbz.ch"|"TTubxX-wjCRxf-y6z0fW"
"wa.androletti@edu.tbz.ch"|"kaySfj-w6K8ks-ejN$&P"
"meng.ollett@edu.tbz.ch"|"WoOrar-0Yar37-92GSP7"
"naelle.macmenamy@edu.tbz.ch"|"ldC1kk-BEZ3Yh-gox03E"
"gisele.mcramsey@edu.tbz.ch"|"O5WCxw-1BXtj#-N2KrU7"
"meryl.scolts@edu.tbz.ch"|"e3OTp@-VdAflj-qAC1sW"
"celia.bloxsome@edu.tbz.ch"|"S85aqU-YtdNsP-ikBeqm"
"styrbjoern.stuke@edu.tbz.ch"|"Udr5Ll-KCvoZ9-&P#ppX"
"felicie.gwilliam@edu.tbz.ch"|"OSOF6Z-p9Pu8t-oB#eER"
"da.harms@edu.tbz.ch"|"aLU8zV-COHGyu-0k%LIs"
"celestine.baulk@edu.tbz.ch"|"%yA8@j-SExu23-r#ZDDS"
"mahelie.blackledge@edu.tbz.ch"|"FMOiq&-s@YFV1-gvhv6l"
"meghane.salt@edu.tbz.ch"|"J5rc&I-LMNqfG-6yWSbO"
"methode.paxeford@edu.tbz.ch"|"SvUHIt-%qmvXR-3OV$b%"
"asloeg.milligan@edu.tbz.ch"|"e@65X7-Q#Mth$-&eJ5rS"
"you.pellman@edu.tbz.ch"|"BaSbQj-Nubyjh-ggEKbB"
"loic.regenhardt@edu.tbz.ch"|"$C67NZ-6urL6N-fFPai3"
"daniele.savill@edu.tbz.ch"|"9HciNA-g#&#wX-gu18A8"
"alois.cornu@edu.tbz.ch"|"2GolZE-OMYd9D-UcLm7b"
"oesten.govey@edu.tbz.ch"|"M5RJws-Y5%opo-mdX7dE"
"marie-eve.louch@edu.tbz.ch"|"3%#0uk-u5M&d2-@z$M78"
"theresa.wenn@edu.tbz.ch"|"AE0wZP-bMB$U5-jru90i"
"andree.eul@edu.tbz.ch"|"9ABkVF-ADqry3-wC2xiV"
"lie.paynton@edu.tbz.ch"|"aUhvPd-OxW9e2-zjaNTa"
"marie-eve.girodier@edu.tbz.ch"|"XUOlsw-BOvfj#-H4D6Xk"
"marie-noel.smithe@edu.tbz.ch"|"gLr@nc-aAKIKv-sBOMXr"
"men.bootyman@edu.tbz.ch"|"s0Gn5J-7I&D$d-Ca0M6Q"
"ku.sugg@edu.tbz.ch"|"ZYdiUv-VwodWp-4xuwOv"
"lucrece.roseman@edu.tbz.ch"|"U%kuh6-BhWsRI-dZwCLH"
"zoe.annear@edu.tbz.ch"|"fLiJFg-a96cLe-$LdPrM"
"marie-helene.rennebach@edu.tbz.ch"|"xGaSWB-6gwRbu-sJoFFk"
"lea.djurdjevic@edu.tbz.ch"|"EG9CvK-jG2amk-uCI#tz"
"goerel.robert@edu.tbz.ch"|"%@VHt2-vqAMlI-3im1X&"
"mylene.foldes@edu.tbz.ch"|"bc9M6v-4q$i5&-TdtD6n"
"faites.clegg@edu.tbz.ch"|"@i#AM6-4HB&F4-hc#P8c"
"marylene.crowcher@edu.tbz.ch"|"8yVa09-tl1LPb-LGRitU"
"aimee.wimpeney@edu.tbz.ch"|"UovZsR-gf$DU$-2EYc0J"
"renee.atkins@edu.tbz.ch"|"3yLvES-hShlSM-LNaPyO"
"rejane.cainey@edu.tbz.ch"|"sw2Jhq-EgVSBK-T7b&B5"
"solene.britney@edu.tbz.ch"|"SlR4TO-@NU13F-4@@qZZ"
"marten.shatliffe@edu.tbz.ch"|"hJK6#E-A$rh0$-EN4Ckg"
"maite.issatt@edu.tbz.ch"|"mF@m9u-UA&qma-w1&CYT"
"maelyss.edon@edu.tbz.ch"|"m7Od#T-FTksMd-wChoPa"
"nuo.bamling@edu.tbz.ch"|"SmGism-kVHjm@-vRXHbz"
"anais.edards@edu.tbz.ch"|"rd&qh#-ADk@w&-VkCg9O"
"mediamass.bromet@edu.tbz.ch"|"CoE9SC-Q8QAPI-lFl&sl"
"beatrice.kimbrey@edu.tbz.ch"|"$CeUpe-Gzl2t%-0exuA%"
"ines.lawranson@edu.tbz.ch"|"RJzBJV-guqH6x-fWJ7Wi"
"kalliste.scandroot@edu.tbz.ch"|"cQZICb-hCm6MY-qnES6K"
"mans.barrowcliffe@edu.tbz.ch"|"7gib@v-NHGLSH-t5bRg#"
"irene.couves@edu.tbz.ch"|"NGJc4B-4eTmsL-XZEEtn"
"milena.mucci@edu.tbz.ch"|"zu1nGj-x94YJD-nPpgz4"
"naeva.cow@edu.tbz.ch"|"fBFtIZ-S512Zt-wV24Au"
"audreanne.mournian@edu.tbz.ch"|"wprusf-9V6$hX-02#%9l"
"melia.sinnatt@edu.tbz.ch"|"b&f9pY-8MJXcD-uaqYH3"
"nelie.burnard@edu.tbz.ch"|"iRr%3P-L5Bfqo-ed6X5k"
"clelia.ashfull@edu.tbz.ch"|"hzNm&9-FgSRxZ-k8#VpA"
"lie.macard@edu.tbz.ch"|"sEezz2-NuAUV%-2t&LXo"
"valerie.matoshin@edu.tbz.ch"|"i&#z4@-3A9f$m-iZ5H5v"
"anael.hatherleigh@edu.tbz.ch"|"MuSbPm-qateOn-nLOexJ"
"interessant.warratt@edu.tbz.ch"|"KOSkHf-%#w@2i-gKwTCv"
"eleonore.volage@edu.tbz.ch"|"S0u$Qo-MUOoNw-#D8oiw"
"zoe.stebbing@edu.tbz.ch"|"JQi$mN-d81zYO-Zec1ZJ"
"alizee.nye@edu.tbz.ch"|"mUuZnh-jNACk3-a7$vKl"
"celestine.bramley@edu.tbz.ch"|"nY65vC-CxeRoz-#3nF0b"
"selene.philcott@edu.tbz.ch"|"bR1vxR-Iew8ds-E4TSdx"
"tang.newens@edu.tbz.ch"|"R3RfO@-lzYCox-71Bsl&"
"annotes.powys@edu.tbz.ch"|"g$Iu%h-GTKEv2-@Ak380"
"lea.matthesius@edu.tbz.ch"|"EAfV#$-7#x#ks-&aWRhV"
"illustree.garlett@edu.tbz.ch"|"cZkC6z-VYBecO-&B57UA"
"maiwenn.meachem@edu.tbz.ch"|"W@5s#t-#ERC@R-VvSi0L"
"marie-francoise.mcbrady@edu.tbz.ch"|"xbzk5V-10i0@g-cjqe6f"
"illustree.gimbart@edu.tbz.ch"|"Dk0J2t-NK#4lc-DTTIVZ"
"melys.lyosik@edu.tbz.ch"|"RqvN0X-6hBFW1-ffGvdj"
"marylene.mcnab@edu.tbz.ch"|"wTgrRh-3dwKFo-UrJBMA"
"gerald.blount@edu.tbz.ch"|"9hUq&h-2sMil2-pEoVfc"
"clelia.shakelade@edu.tbz.ch"|"pZ5$Cm-Wh@MTq-QpYa74"
"penelope.cridlin@edu.tbz.ch"|"4tS6SO-rKVaS&-ksUEBQ"
"maena.okuddyhy@edu.tbz.ch"|"rxph&F-3c#$1e-8dYH#L"
"athena.keynd@edu.tbz.ch"|"P0MlVH-2%6PHC-8fbHqu"
"cloe.dwine@edu.tbz.ch"|"aboOeg-kTRAVe-L4mdCm"
"josephine.browett@edu.tbz.ch"|"p9mkNn-DoXtsk-bNIeCG"
"audreanne.oscanlon@edu.tbz.ch"|"4#lSDg-a6kU3E-v6J8ZA"
"fei.jeanequin@edu.tbz.ch"|"OOCp8j-m0x1gX-NkS%dx"
"lois.gormally@edu.tbz.ch"|"8Hs$CN-U@jLKL-rMeJGM"
"marie-francoise.finnigan@edu.tbz.ch"|"meMK2h-Mtm2R6-4jj1W@"
"leonore.trussman@edu.tbz.ch"|"Z6FGgC-9TH36#-&IQLFV"
"anaelle.trumper@edu.tbz.ch"|"fW&dGE-oxUz6u-PJI9$x"
"clemence.dionis@edu.tbz.ch"|"H&c#oV-krbyPn-NPsoDw"
"lois.tranmer@edu.tbz.ch"|"kks4S@-A9Tf1y-N9zovg"
"interessant.volett@edu.tbz.ch"|"wGbRRw-RbHzOU-D3Yvjy"
"personnalisee.deackes@edu.tbz.ch"|"E$96Iv-20l6uT-7HqAT3"
"lie.vasiliu@edu.tbz.ch"|"91#QvI-OHQ%8P-5L7&Lj"
"dafnee.lamputt@edu.tbz.ch"|"z7Lh87-JHLERZ-1W3Xji"
"elies.bromige@edu.tbz.ch"|"XFeCEh-cavyPz-6&eudo"
"helena.klosser@edu.tbz.ch"|"1mXYMr-MjT766-brTiTz"
"andree.grim@edu.tbz.ch"|"2Gs3km-5MK7IL-fKEYBy"
"verane.coldbath@edu.tbz.ch"|"wHNmpM-sUR%If-APm#FC"
"helena.bethell@edu.tbz.ch"|"U3PIA0-hP0t42-qdmRWv"
"kalliste.carefull@edu.tbz.ch"|"GRKON%-dAiq27-v&iEKX"
"regine.odams@edu.tbz.ch"|"Gf2Z7k-Sa7%pG-Ynq9d$"
"len.stannus@edu.tbz.ch"|"enySXl-lXP&Xa-TVQcmO"
"angelique.works@edu.tbz.ch"|"Igckf3-PpqI1y-RPfRF8"
"goesta.rheaume@edu.tbz.ch"|"mD8LOX-AXcKS$-iOsojY"
"maelys.tynnan@edu.tbz.ch"|"J1UcVP-mOFCd7-UiC5dB"
"maelle.carlesi@edu.tbz.ch"|"RDDeft-Lm3fPs-PGYWtU"
"anael.spurden@edu.tbz.ch"|"dym9$K-5MuTT@-Wy$V$0"
"helene.pumfrett@edu.tbz.ch"|"7OSiU8-My6wX6-2DleHq"
"goerel.pearn@edu.tbz.ch"|"e7xYAR-o6whwx-0NrN8u"
"laurelie.dezamora@edu.tbz.ch"|"FsNJ5Y-oUhnBR-h#ra96"
"yao.twidale@edu.tbz.ch"|"lKXoEY-9pNsC7-nTR1cd"
"berengere.sola@edu.tbz.ch"|"06OJca-ImR15A-PvSwbY"
"maelann.hardistry@edu.tbz.ch"|"ML6wBS-zDeLmy-6D2mqu"
"severine.littlefield@edu.tbz.ch"|"gmRZ5g-yY$6EN-cbefk7"
"salome.heinl@edu.tbz.ch"|"zXlRCJ-b@qH&@-sH29vu"
"meryl.warbey@edu.tbz.ch"|"UIMs1U-WAdE3%-AWQIgM"
"da.hunstone@edu.tbz.ch"|"5PLKBw-Rk%Jj4-XfCvUS"
"venus.broadbury@edu.tbz.ch"|"YdqODW-T$YaFP-AK$8vD"
"meghane.rentelll@edu.tbz.ch"|"WBH32h-yQ30E8-E$f%1c"
"marylene.drewitt@edu.tbz.ch"|"ed6YsO-yFglHp-9ndz%R"
"melinda.jacquemet@edu.tbz.ch"|"8imxwY-IPaOCp-EdYXoY"
"marie-josee.keyden@edu.tbz.ch"|"ot7sAr-4lhNvk-hTiLiN"
"asloeg.montacute@edu.tbz.ch"|"ssXUGu-CROT@A-K&kF$q"
"ku.andreou@edu.tbz.ch"|"yCd7Uc-zPEro0-wVpbFO"
"personnalisee.feaveer@edu.tbz.ch"|"f0h820-ws$v4T-jz7Vg3"
"laila.emptage@edu.tbz.ch"|"YD@9z6-4DPMZL-ZxLIjw"
"bjoern.dawdry@edu.tbz.ch"|"VXQXYr-tn@XLr-oKN5M6"
"marie-eve.dinsell@edu.tbz.ch"|"brJc@f-AV8dAm-ccnge$"
"helene.follett@edu.tbz.ch"|"tY&mbw-Nl$JYr-8$JL$g"
"penelope.cordero@edu.tbz.ch"|"H#E80u-@u&xk8-WF@Fhj"
"boerje.beedell@edu.tbz.ch"|"feISqN-FQ&9MD-mlUr3n"
"nelie.ferne@edu.tbz.ch"|"MmenlC-BETOql-sMsvVa"
"celine.ahmed@edu.tbz.ch"|"k2rkR5-5quZIk-Q&mPcE"
"stevina.pimblett@edu.tbz.ch"|"w2OAZv-bCRYDR-Fpcqgf"
"chloe.langlands@edu.tbz.ch"|"ydVIbC-H6bDUr-N&fPmb"
"simplifies.maude@edu.tbz.ch"|"$jrrnb-xM3RsL-vlgj9M"
"genevieve.decarteret@edu.tbz.ch"|"s2yr71-rd5z0P-2D4YTe"
"marylene.mughal@edu.tbz.ch"|"kN5bYD-MVq2GV-TjnDRr"
"goeran.guttridge@edu.tbz.ch"|"F0cpl8-fDl0m7-X4KR6p"
"michele.smurfitt@edu.tbz.ch"|"bLA&00-nzqZsu-usVW5r"
"methode.hadeke@edu.tbz.ch"|"FQpJyn-hDP5uU-qtErXl"
"therese.rispine@edu.tbz.ch"|"nn5hRU-8PAKkH-1U@Lzd"
"goerel.plumley@edu.tbz.ch"|"zr%P9$-CEHIVO-Ag6nns"
"oceane.friett@edu.tbz.ch"|"rmTP#c-DSJrhy-yo#VJx"
"marie-noel.achromov@edu.tbz.ch"|"BqNBok-M&T9Dq-L1VPoD"
"dorothee.storek@edu.tbz.ch"|"obf%3#-V9Fhtv-wspOX8"
"goesta.whittle@edu.tbz.ch"|"2VTPmC-rnqEQ5-k6sGYw"
"desiree.casely@edu.tbz.ch"|"vfeYhV-yRCYK1-N1cshB"
"felicie.condon@edu.tbz.ch"|"CJxgoa-W4h9VD-9Tnj$f"
"maelyss.frisdick@edu.tbz.ch"|"3iiYo%-n$5zdo-hNnqU&"
"aimee.banke@edu.tbz.ch"|"JzeMEu-Gw6I8#-fA4G#K"
"naeva.hodcroft@edu.tbz.ch"|"#6yVvm-9373Rk-U1O$%b"
"laila.gerrans@edu.tbz.ch"|"iKRQxc-xuXdHN-Kg$dJk"
"daniele.scrimshire@edu.tbz.ch"|"IG3NgJ-NT85jx-Vt2#LV"
"daphnee.sheerin@edu.tbz.ch"|"cOHZCs-2RdGqR-jBrigN"
"pal.vanyukov@edu.tbz.ch"|"JcecVL-ELTEd#-C7r2tG"
"zoe.childs@edu.tbz.ch"|"8HpPG6-hoMxs8-1WFGVr"
"ai.corde@edu.tbz.ch"|"9Jxu4E-27rnfz-qfvC9G"
"maelys.berryann@edu.tbz.ch"|"Cr3Iwo-1BwEv6-qZ6PW8"
"cloe.gladding@edu.tbz.ch"|"9Qu%fA-0w6iW3-rJ5NSS"
"wa.kinnaird@edu.tbz.ch"|"CIJRWm-h#oYDZ-JbpjPu"
"publicite.brittoner@edu.tbz.ch"|"oeJMda-M#anX8-FWG4cD"
"rao.windress@edu.tbz.ch"|"LY4m1J-@JniVy-pVMfi&"
"uo.kollach@edu.tbz.ch"|"hLUZxE-bftlTS-p0v3LL"
"josee.peskett@edu.tbz.ch"|"RZON7b-DZeIIT-YmW4rw"
"annotee.hasel@edu.tbz.ch"|"2@7W9S-30ZxsD-2YPBBp"
"cinema.lee@edu.tbz.ch"|"$2Giky-2%I9O5-FMcJ3U"
"lai.vedeshkin@edu.tbz.ch"|"1uAIVv-btdMwm-mQYyIa"
"renee.brisbane@edu.tbz.ch"|"F#nuSE-wO0N5c-01clKG"
"ophelie.blincoe@edu.tbz.ch"|"bAbnIA-wu@K7I-SYx1aM"
"zhi.prazor@edu.tbz.ch"|"N1u#lx-XXzV@w-gcjNfP"
"annotee.maddicks@edu.tbz.ch"|"v5Z139-HZ5Fei-WtK0k3"
"maelyss.codd@edu.tbz.ch"|"#weCkJ-5Iz2zN-mq@V2j"
"celia.peplay@edu.tbz.ch"|"R#mHjK-q8$ubs-zwWyg6"
"interessant.skone@edu.tbz.ch"|"$#s7EC-M%4Be4-ZVylbB"
"audreanne.hebdon@edu.tbz.ch"|"SzjDxc-Vul7m9-0JuRa@"
"oceane.glen@edu.tbz.ch"|"fZ&g8k-TNEc6T-ZAdloE"
"daniele.vanyushkin@edu.tbz.ch"|"kD1OI6-g0u82X-6aZl74"
"daphnee.ayce@edu.tbz.ch"|"Ad0ZRd-s@jbR4-xDaXtS"
"andrea.attride@edu.tbz.ch"|"A@YSMA-8TNcZi-#LDFGG"
"penelope.bridgwood@edu.tbz.ch"|"ZhxlgK-$GdxQy-R&i6CC"
"mailis.drewitt@edu.tbz.ch"|"MK&2iZ-J2#5Qq-yZdOHr"
"penelope.mollene@edu.tbz.ch"|"9#Oz1$-wjidO$-6mL%yf"
"illustree.keely@edu.tbz.ch"|"Rbf@Hh-32l4j5-Ts&xxN"
"meng.brisseau@edu.tbz.ch"|"1uhLt@-Rdv@5T-FwxuGM"
"ruo.cleiment@edu.tbz.ch"|"@qwrp6-cS@2NN-w#ZhJJ"
"maite.krammer@edu.tbz.ch"|"v4dTtB-0i5JDd-6GzgKy"
"genevieve.verry@edu.tbz.ch"|"AYnZ&$-50Itrv-@jp#@Q"
"lea.olochan@edu.tbz.ch"|"JWc@8#-#c5k0Q-#&PwpE"
"naelle.brunnen@edu.tbz.ch"|"&DSudG-vUj7Q0-ltNqaW"
"goesta.bragginton@edu.tbz.ch"|"JJddEZ-gPHeMn-i0Nn&b"
"fei.danilyuk@edu.tbz.ch"|"Qj8$LX-olrqou-eSpxYV"
"adelie.turbitt@edu.tbz.ch"|"Qs82wH-sJXqAP-JWgJ$P"
"marylene.nutman@edu.tbz.ch"|"dKhTRM-fQpR$W-j#KWyg"
"therese.barbrick@edu.tbz.ch"|"EDcJUH-Kcrz2Z-j9swUa"
"melys.kolodziej@edu.tbz.ch"|"SOge4&-kQNG5D-45Diuv"
"melanie.runchman@edu.tbz.ch"|"jm&g0a-6A5dLh-Cp2ahG"
"serena.lafond@edu.tbz.ch"|"r9LxLT-U@NSiY-RNpIjR"
"pelagie.desmond@edu.tbz.ch"|"IPxAlP-3gf&#m-5TrEJt"
"wa.spickett@edu.tbz.ch"|"nbifOf-H0dgN7-QYsDg@"
"po.shave@edu.tbz.ch"|"S&Jc7K-R2V%PP-@70VLu"
"song.huikerby@edu.tbz.ch"|"QTzbD5-L5s7@H-%9x@wT"
"melinda.bimson@edu.tbz.ch"|"CcxRlC-l0lnPC-RqnpsQ"
"personnalisee.toffanelli@edu.tbz.ch"|"F2O&gX-BaTDmj-&w$eKx"
"leandre.hurn@edu.tbz.ch"|"z9Eo0#-w1Zuu0-$lV8Vl"
"oesten.standell@edu.tbz.ch"|"l$G&fs-YsOPlL-ylhmxY"
"naelle.smaleman@edu.tbz.ch"|"w0ViY&-IMPbft-9x5zKH"
"berenice.tayt@edu.tbz.ch"|"jANddC-3UVB$j-An3Xc0"
"kui.popplewell@edu.tbz.ch"|"sph#z%-NauKbF-36quOj"
"melodie.ferandez@edu.tbz.ch"|"Hd#WFY-axiK30-%mCfJq"
"josee.negal@edu.tbz.ch"|"zgoOGA-LcpHVO-mSgzJP"
"melissandre.ferrelli@edu.tbz.ch"|"Ci%y79-ut#N$D-zcKafi"
"josephine.kemmer@edu.tbz.ch"|"HjdxHq-yuO0qi-F%QuDO"
"maely.cayette@edu.tbz.ch"|"bofcil-VSoLIU-2iADv4"
"nelie.vela@edu.tbz.ch"|"tardAr-&ulHZn-iCLrSf"
"melina.cortes@edu.tbz.ch"|"L3EyzC-X&%nTB-11r#Tx"
"megane.leyshon@edu.tbz.ch"|"ZnUIjL-CKilX0-Qk$TsP"
"regine.harrie@edu.tbz.ch"|"8Ka2SB-Yskqj0-1pTWMg"
"mylene.widdison@edu.tbz.ch"|"F&bDYk-JqPsrT-SRNnps"
"pelagie.vivash@edu.tbz.ch"|"aD0BrJ-wuC3yp-bc7n77"
"styrbjoern.vicarey@edu.tbz.ch"|"yw9jxi-v@Pw9Y-$QT#GN"
"long.kyles@edu.tbz.ch"|"#Jcg&f-PC3YVb-svgC6N"
"stephanie.gipps@edu.tbz.ch"|"ETbVyg-#Tf16s-dNH6jN"
"clea.constantine@edu.tbz.ch"|"L16Ykn-hIwTMo-zjuNof"
"maella.cometto@edu.tbz.ch"|"qL0rXP-5TPoKq-NtXUzj"
"laila.aubrun@edu.tbz.ch"|"bG0PwZ-ZxVMEN-sJbBdM"
"yao.austins@edu.tbz.ch"|"dBU&Ds-kSAqLQ-R%A1bT"
"mailys.rylstone@edu.tbz.ch"|"eJj6IW-3hlftv-ZtQCFJ"
"adelie.curuclis@edu.tbz.ch"|"tQPZcM-&Yi0Lg-Rw35B$"
"celine.longhurst@edu.tbz.ch"|"7ja59B-JJ9yD1-P%DeYf"
"gisele.hazell@edu.tbz.ch"|"T5j#jY-EuIWPK-w4Gko#"
"celestine.ciccone@edu.tbz.ch"|"8CLWyT-81lJSn-b2DvwP"
"maelyss.doole@edu.tbz.ch"|"WfIb98-H&NlDk-$P80PW"
"helene.grimsdike@edu.tbz.ch"|"1%nu5J-XQzku2-qwiwPc"
"lie.macer@edu.tbz.ch"|"ORbEs#-RQ#t53-YpVxnC"
"maely.izard@edu.tbz.ch"|"5anSYc-u6Av00-#C2xPU"
"erwei.breewood@edu.tbz.ch"|"m#AeUY-W4Il7Y-zt4Dwf"
"chloe.woolford@edu.tbz.ch"|"G%Od%g-Zbx9G3-6atrS7"
"cleopatre.turpin@edu.tbz.ch"|"5W%rlH-6#Lh4k-%JzD7C"
"melodie.surgison@edu.tbz.ch"|"0JFmBP-Khn2ji-VG&Chp"
"elies.leander@edu.tbz.ch"|"&kvyaM-xeUXzR-%Eh6c2"
"mediamass.reignould@edu.tbz.ch"|"GG3Jha-v$xG%n-&bS5C0"
"celestine.wasmuth@edu.tbz.ch"|"akJS#a-lCyo@V-Lg4@@V"
"marten.jervis@edu.tbz.ch"|"&JvnKz-TYCT5r-EocY3g"
"daphnee.bour@edu.tbz.ch"|"DAh7jD-8Klal6-3p%D$B"
"regine.harlett@edu.tbz.ch"|"UdibNl-f9QT%s-3ZvV17"
"noemie.macaskie@edu.tbz.ch"|"IR$zIj-fqi4nR-o2MeOS"
"loic.renfield@edu.tbz.ch"|"FaNMO8-&9uH6$-@n6Us7"
"venus.kleinert@edu.tbz.ch"|"ZNZXNS-XjduUP-y1O&zF"
"marten.burlay@edu.tbz.ch"|"rYTFed-rLElaM-ztl@2k"
"berengere.radsdale@edu.tbz.ch"|"KCjhFU-#HlZ1B-S%irCD"
"genevieve.duckit@edu.tbz.ch"|"lsFuS3-OEjP3p-vMa5$c"
"maely.ligerton@edu.tbz.ch"|"piJXD0-TtE3@E-m9s3sE"
"maeline.ricciardelli@edu.tbz.ch"|"ZvHY1r-%DC$UR-Pvn8Cm"
"personnalisee.yggo@edu.tbz.ch"|"ooWlJL-9IWLEC-YCz2NR"
"alizee.pettinger@edu.tbz.ch"|"O##$IN-kHmOcz-lUY&qU"
"desiree.curnnokk@edu.tbz.ch"|"DKCBK0-3XLA#V-vb4QN2"
"dorothee.minors@edu.tbz.ch"|"JORxV8-A6WUv@-FNvi81"
"oceanne.kopmann@edu.tbz.ch"|"0R&y2r-$QrOna-5G758l"
"almerinda.brodbin@edu.tbz.ch"|"fSS#K4-YriPf9-v04o0n"
"yenora.carsberg@edu.tbz.ch"|"zopzFx-KXEmbl-Z9%u#%"
"wa.beetles@edu.tbz.ch"|"tJhJpH-hMUkDb-82l$ql"
"audreanne.abbot@edu.tbz.ch"|"sxTOnB-zhFmwY-AD5fO0"
"noemie.capper@edu.tbz.ch"|"NEk6yv-z0A8Es-z3iLOi"
"mans.abramamov@edu.tbz.ch"|"159&hb-Ot&6w@-k1w1RM"
"audreanne.blakey@edu.tbz.ch"|"taVwz6-Dj3zn#-eLqMr@"
"leone.klimpke@edu.tbz.ch"|"tkyqj3-HBetVm-Z1rhwc"
"lie.croston@edu.tbz.ch"|"&w6#u1-hj@i6Y-U8jf2L"
"anaelle.baistow@edu.tbz.ch"|"zm7e#z-jVxfGQ-yerig4"
"michele.garwood@edu.tbz.ch"|"AzyWD4-H&UhLc-aryJXe"
"interessant.albion@edu.tbz.ch"|"jxAyAI-aW3aE0-TRYtiT"
"andre.brisco@edu.tbz.ch"|"oa#Uo5-R7l$wX-ajboIv"
"tang.totterdill@edu.tbz.ch"|"o1iUmL-bGgO75-5qzuU2"
"marie-josee.braundt@edu.tbz.ch"|"NTNvgd-@U3@db-zpWSg1"
"lois.galer@edu.tbz.ch"|"RMK0Cx-iDB38a-oh@&T7"
"faites.pellamonuten@edu.tbz.ch"|"eTjCg8-NqT$lO-c1xWeq"
"mai.barfford@edu.tbz.ch"|"0Dogdv-Hc1dq$-0iVccp"
"laurene.macilory@edu.tbz.ch"|"GsAo4i-KO1nmg-y0I#7J"
"elea.peak@edu.tbz.ch"|"90$6OV-BbP2Tv-w5T6I2"
"rejane.doni@edu.tbz.ch"|"3mqHNP-$Yakqk-cV2VM#"
"mahelie.ector@edu.tbz.ch"|"#@0ztE-okCNAM-7BrGMJ"
"rachele.allum@edu.tbz.ch"|"HFhKtT-w8hRXv-fhllKH"
"laila.gerretsen@edu.tbz.ch"|"3I8ylF-tifgZN-becyIc"
"ines.bowman@edu.tbz.ch"|"AYT%H@-9UPYD9-PHSAYk"
"publicite.barbary@edu.tbz.ch"|"tCglTW-9g$5dR-Iq#e8&"
"mailys.smooth@edu.tbz.ch"|"O6XfDx-gLLCW4-9Ti1v2"
"mailis.huguenet@edu.tbz.ch"|"@LhAWr-YV5Bvq-c0aEx7"
"lea.ewer@edu.tbz.ch"|"4mCSP$-Ml6V@6-8@M$JO"
