"email"|"password"
"melodie.vandervlies@edu.tbz.ch"|"7Ctsef-l2238q-wDvjyY"
"angele.edgecumbe@edu.tbz.ch"|"tk2nUB-8$keoF-FLPxzG"
"zhi.andreasson@edu.tbz.ch"|"xPfHBJ-vE$9&S-bezOo@"
"judicael.koppeck@edu.tbz.ch"|"HWzVAi-hdg#&x-jiAdFB"
"berengere.capron@edu.tbz.ch"|"qVwwEU-Qdt2#%-p7mOm3"
"leonie.brosini@edu.tbz.ch"|"scztLZ-eRux1H-uXj$xm"
"venus.garfit@edu.tbz.ch"|"QiV2UB-nkFSc4-NIAn5x"
"melina.janota@edu.tbz.ch"|"q5HigG-gCUnyo-YWuZk3"
"laurene.bake@edu.tbz.ch"|"XZ7IiE-jhb4ej-V1pI@3"
"regine.dorkins@edu.tbz.ch"|"NJ7MTu-uQLBmD-Xe6Hf7"
"cecile.moffet@edu.tbz.ch"|"5G@U$L-VcqR5K-UpOkOD"
"maelann.labrone@edu.tbz.ch"|"W5ptsf-hjlU#$-YzJMmi"
"melinda.newbold@edu.tbz.ch"|"X3&xzo-EKnqbP-B&Eo#@"
"mans.itzhak@edu.tbz.ch"|"RgJXSN-h@UUyK-bHbTt0"
"melodie.pattlel@edu.tbz.ch"|"E3Y780-rCBGpm-m3wmI&"
"celine.bonett@edu.tbz.ch"|"4SEO0$-&QSAZc-l7PiwI"
"adelie.mcgreal@edu.tbz.ch"|"2caWI4-94lZ9P-lF56iW"
"helene.soldan@edu.tbz.ch"|"Ut$JW5-GKzaPd-n1DjG1"
"michele.cluer@edu.tbz.ch"|"6z#McN-eRLY9n-fIlwro"
"maeline.mueller@edu.tbz.ch"|"oH4ZVY-%Ks%d1-YIFwyX"
"maelann.benedito@edu.tbz.ch"|"2b5dWt-gLUIfL-1Cc#A1"
"nuo.gransden@edu.tbz.ch"|"i7VW47-pEaJTy-%e78B6"
"berengere.stainton@edu.tbz.ch"|"CHgQpV-llQ5BY-rI#q7B"
"wa.sabater@edu.tbz.ch"|"BgAEDD-Hvmg9w-Ccr#&0"
"anais.cochran@edu.tbz.ch"|"h05GmW-uY1mCt-wfmvW5"
"gerald.bessant@edu.tbz.ch"|"YzV0Wf-BhOb6z-faA9CD"
"ruo.coffin@edu.tbz.ch"|"lWSJ1C-5E1oHM-dqsOx2"
"melodie.mustill@edu.tbz.ch"|"46jO7B-knm2me-#bs2TY"
"ruo.stanesby@edu.tbz.ch"|"oMBBUd-WUnpkx-ryKYTS"
"noemie.antognelli@edu.tbz.ch"|"F#5Y0J-g3I6pQ-m&PyWZ"
"maelann.hughson@edu.tbz.ch"|"cVNIEp-ZYeZJ6-kOT$uN"
"milena.mieville@edu.tbz.ch"|"ON0%wY-t03K8%-skgW78"
"mailys.chamberlin@edu.tbz.ch"|"QgorpJ-m5TkNe-fRd4z4"
"nadege.tomalin@edu.tbz.ch"|"@gAxJX-MVRaoW-DlSgEf"
"oceane.omara@edu.tbz.ch"|"CpV74K-sVLLEx-$%gNhk"
"cecile.aguirrezabala@edu.tbz.ch"|"cFDK8r-zJ3w@R-41V3jf"
"maella.gwillim@edu.tbz.ch"|"Z#65nd-TJk&gT-kW2Gi6"
"lea.mcgahey@edu.tbz.ch"|"ES1#J9-wDkR1u-OMC5Ka"
"laurene.hagerty@edu.tbz.ch"|"Pq#2zj-6@Ev8@-tRlsQY"
"dorothee.link@edu.tbz.ch"|"G5o51s-qYTmNu-y&AZds"
"clementine.kynsey@edu.tbz.ch"|"uBJivj-4XUYst-C&%hts"
"lorene.smitherman@edu.tbz.ch"|"MA0$xf-ivXtLf-B#zr3X"
"cleopatre.klulicek@edu.tbz.ch"|"tc6d35-2CaC52-fq58ZQ"
"laurene.castaneda@edu.tbz.ch"|"l#NapA-WZweBv-@n2KsK"
"melia.constant@edu.tbz.ch"|"p551XQ-KJ%2Zg-gfCKqZ"
"lucrece.clunie@edu.tbz.ch"|"%veEF5-yuA%7t-TQXBre"
"eleonore.mcmurthy@edu.tbz.ch"|"PTLJHO-X0TRNe-eaNRqc"
"melia.bevar@edu.tbz.ch"|"FHIKKg-B#gClp-imj2ds"
"camelia.bontine@edu.tbz.ch"|"Dvm%97-U%&p$R-uttpff"
"methode.jozefczak@edu.tbz.ch"|"ZQg7j%-tEPJKY-gJ5dXV"
"audreanne.hinsche@edu.tbz.ch"|"ZRUmLt-T2B%Qx-wUL5N1"
"andree.varne@edu.tbz.ch"|"KnGTD6-kFPSvQ-O0CMqZ"
"marten.kinleyside@edu.tbz.ch"|"mNn3DM-hkF@$#-KeXWwT"
"esteve.mcewan@edu.tbz.ch"|"uY@doH-jlZfG8-7iy%I9"
"leane.dibbert@edu.tbz.ch"|"fq7pb2-SW26AZ-L8SSu@"
"ma.thewlis@edu.tbz.ch"|"EP0uq8-$KIcAO-n8ABQV"
"clea.djurkovic@edu.tbz.ch"|"Jl2XFl-fukfL9-iFUnC6"
"rachele.reburn@edu.tbz.ch"|"2Yv@qc-LW4coY-IXPwuo"
"gerald.gowling@edu.tbz.ch"|"sYfTi7-tSVwuD-bhc2dZ"
"cleopatre.jackson@edu.tbz.ch"|"qDilfU-3C7wsR-S1jfD6"
"desiree.haskins@edu.tbz.ch"|"G#LG9w-m6CFws-BfD02b"
"eleonore.longson@edu.tbz.ch"|"O7dpkJ-N6mAVP-nyYT1J"
"leane.dybell@edu.tbz.ch"|"RO0584-og22et-KZxujG"
"becassine.grzesiak@edu.tbz.ch"|"FNkvLP-nfr28W-7b0u&2"
"marie-josee.pickin@edu.tbz.ch"|"azxIXk-@6t29i-ojybhd"
"marie-josee.roxby@edu.tbz.ch"|"&JzpG3-GyJ2K1-yX0TWJ"
"leonie.feenan@edu.tbz.ch"|"@@6Zw4-%f36Tw-t%mii7"
"valerie.ellum@edu.tbz.ch"|"2zv$LB-Bkds3G-FqkGiG"
"ju.caseri@edu.tbz.ch"|"Yw2sZp-cy4gl1-$IzemV"
"boerje.strangman@edu.tbz.ch"|"HMR2gg-JyF#9M-bCu6y6"
"beatrice.ghidelli@edu.tbz.ch"|"mU4HLt-hCYRsp-%HmLd5"
"da.jablonski@edu.tbz.ch"|"RK8ECY-td2CQD-vu1Ufs"
"uo.beveridge@edu.tbz.ch"|"N7RvEl-pV9ofU-x5SS0l"
"valerie.bestman@edu.tbz.ch"|"fqVY5&-p%VbUA-5t9KPb"
"marlene.pohls@edu.tbz.ch"|"75qIzH-rL&nX2-dBosS3"
"ma.nolda@edu.tbz.ch"|"79eE2A-Re@H6G-$B3tpB"
"marlene.bisiker@edu.tbz.ch"|"QW&&Mk-qXcdrc-EN18vF"
"estee.babon@edu.tbz.ch"|"YGgi4k-NSwzaY-DN$z2u"
"simplifies.dmisek@edu.tbz.ch"|"ziyumB-&13Neb-QQ%tY7"
"selene.ganing@edu.tbz.ch"|"Qv4zYW-13J326-d2Y@6M"
"meryl.penke@edu.tbz.ch"|"Y0A1Ak-P7XP0g-eZAMo6"
"anais.rawcliff@edu.tbz.ch"|"jrlb@I-47N6y#-QL13nB"
"melina.andri@edu.tbz.ch"|"#qY26C-e8t2Ho-fiQzQX"
"audreanne.fodden@edu.tbz.ch"|"pOLQJj-Z1p8$H-qBzPh&"
"bjoern.spellesy@edu.tbz.ch"|"HtgkzL-4gFT8u-kNfidT"
"francoise.summerscales@edu.tbz.ch"|"vspyE1-yte4N3-FS%rJ5"
"laurene.ashtonhurst@edu.tbz.ch"|"Ysgwqw-%TKaZv-1yxYrM"
"valerie.petters@edu.tbz.ch"|"zl%YzW-6n6snt-pt$maQ"
"anael.spenclay@edu.tbz.ch"|"NHr0%H-X5HGCX-khYvu1"
"stephanie.keech@edu.tbz.ch"|"Kzx&5R-Ri8XQ6-1aartZ"
"ines.deveril@edu.tbz.ch"|"cyCE90-Nra8Sd-oWMfrc"
"berenice.gelder@edu.tbz.ch"|"rWgfzi-bID5Q#-ySzs@t"
"melanie.ofogerty@edu.tbz.ch"|"x7lwpr-VaBeQk-2lWDcX"
"frederique.canepe@edu.tbz.ch"|"sEMVkq-sJgvEU-0Q#j8i"
"nuo.otton@edu.tbz.ch"|"zwpb9d-Nz#p5P-vCfwfO"
"genevieve.trusler@edu.tbz.ch"|"EVjuxh-O0chSq-#Vg9Ri"
"ju.boag@edu.tbz.ch"|"MVOlwb-vYYrOz-ScQzUg"
"josephine.dilucia@edu.tbz.ch"|"n8iGjc-e$44s$-$sa#os"
"laurene.armsden@edu.tbz.ch"|"ykYpeb-EQucYM-bU8i5@"
"becassine.griffe@edu.tbz.ch"|"3QR$Sn-0#A@L3-tEBlYx"
"alois.parres@edu.tbz.ch"|"m2@cSP-DL2pGJ-RqV6$n"
"cleopatre.gaffey@edu.tbz.ch"|"f&$D6L-ON0TkO-q#A9LF"
"andre.stiger@edu.tbz.ch"|"eRsbqG-5nnk#F-JcFiK8"
"beatrice.godleman@edu.tbz.ch"|"pslHJH-TtIwpb-rX13#q"
"hakan.harrhy@edu.tbz.ch"|"a9H9x#-zxMK$T-Gh@e@t"
"celestine.dagnan@edu.tbz.ch"|"7GoHC2-Xvl2KO-nHc1Rn"
"clemence.haggart@edu.tbz.ch"|"z6rkwg-flTfDj-Wo0LB3"
"long.caban@edu.tbz.ch"|"15D5mL-NLFWkM-pABIiO"
"gaetane.grimble@edu.tbz.ch"|"RObdDP-ZrdHtx-E4biuk"
"maelann.piwall@edu.tbz.ch"|"ve0yoK-j1Kxhu-iKVjyH"
"magdalene.loble@edu.tbz.ch"|"K$7nRr-aH4pbI-8nq6To"
"veronique.domaschke@edu.tbz.ch"|"&11Xyd-Y&CuG6-n%#3$k"
"clea.herity@edu.tbz.ch"|"BOglIW-ykR&fp-JGjFS1"
"maelann.bambrough@edu.tbz.ch"|"QtpFng-Uh5IPD-0Agqk4"
"clea.goulstone@edu.tbz.ch"|"WixSJw-4&p3m#-OzkL2i"
"renee.deleek@edu.tbz.ch"|"m7ayr4-PdnIJn-NP5Cws"
"boerje.rudderham@edu.tbz.ch"|"$uVV6t-hA#yEr-aB1%OU"
"marylene.broune@edu.tbz.ch"|"043Ydc-E0HTst-gEiLex"
"nadege.mccuish@edu.tbz.ch"|"8Z85DT-H7X@vJ-KsfZLj"
"anael.littleover@edu.tbz.ch"|"mPA%8m-QrJXG%-7P%T6X"
"lie.baume@edu.tbz.ch"|"F@qhH4-vHZNHR-BURGLL"
"maella.murrow@edu.tbz.ch"|"yd5Awq-qNBkmH-LSLxU6"
"cleopatre.pettifor@edu.tbz.ch"|"i$y0XP-jS8R$m-fRb29z"
"geraldine.asker@edu.tbz.ch"|"Hp2u&h-Y0bHVC-T6eZ%T"
"gaetane.smedmore@edu.tbz.ch"|"cV5X8q-e%K2wL-Txy@Rb"
"meryl.blencoe@edu.tbz.ch"|"le$Ak1-a$yzIb-uVgnjJ"
"aurelie.chastaing@edu.tbz.ch"|"24FOlo-#7tGy5-TLy%EA"
"oceanne.marthen@edu.tbz.ch"|"gatzB1-bJ$kU$-JD4GAs"
"dorothee.burrill@edu.tbz.ch"|"kPeUO%-LjaZWg-a9fgX6"
"hakan.belden@edu.tbz.ch"|"Lc9r%U-3BAVG6-37XsYZ"
"celine.brunning@edu.tbz.ch"|"yM@Y51-4$WZ7R-zrwbl4"
"anael.lapides@edu.tbz.ch"|"dMUE2o-5q57D3-lC#Foi"
"ruo.saffran@edu.tbz.ch"|"19mADq-KQNYi3-6G&Ama"
"loic.gerretsen@edu.tbz.ch"|"B@z03i-nN0ZjF-ZlTJ3O"
"rui.fitzer@edu.tbz.ch"|"V#k%CI-&#AFO7-TobJ6b"
"annotee.ogers@edu.tbz.ch"|"rCqmDi-0SHOoo-hb@CLM"
"boerje.bindin@edu.tbz.ch"|"87dzHp-6vlSii-sdvVgR"
"ma.cronchey@edu.tbz.ch"|"lYi8#n-lb&z4&-XcXIJL"
"laurelie.baiyle@edu.tbz.ch"|"tMRKbf-t5gQPP-l2vY74"
"dorothee.older@edu.tbz.ch"|"Ug6rTw-umXv3G-t2MH4i"
"laurena.wile@edu.tbz.ch"|"1T4xU0-p7$atC-dzzKZO"
"clemence.brito@edu.tbz.ch"|"Vo2r6u-c&&gq%-0BvM61"
"nadege.dallin@edu.tbz.ch"|"elKX7h-uJ52WA-AqQWE7"
"mailis.matley@edu.tbz.ch"|"YyNz7f-i8V32i-K5$ay%"
"daniele.screaton@edu.tbz.ch"|"%4ozW7-JL@f7T-5yfOMU"
"mediamass.godly@edu.tbz.ch"|"l$p1oy-Ar6vH@-C4Dpyr"
"leone.kremer@edu.tbz.ch"|"uH3arB-#D@4jS-t#7J17"
"asa.adrian@edu.tbz.ch"|"hsz%Z3-fCuK3V-2Ud1l7"
"adele.doley@edu.tbz.ch"|"PcCxMK-YJ24kE-KRqbG3"
"fei.sidney@edu.tbz.ch"|"PU3qAG-0z90dK-u#hc2W"
"marie-josee.walisiak@edu.tbz.ch"|"C6ppUb-zWacwV-#iZGOW"
"desiree.diplock@edu.tbz.ch"|"#tKZ5U-pH9kgr-b1egiZ"
"gisele.schust@edu.tbz.ch"|"beZEev-XSA@DI-r8P4ZE"
"ma.longshaw@edu.tbz.ch"|"ABu3Nr-6yVrPa-jtOR6s"
"da.boother@edu.tbz.ch"|"uB9#Va-vWPUt&-PJQbBq"
"simplifies.chaudhry@edu.tbz.ch"|"94E%IF-5Bi#nG-BDMojK"
"garcon.baniard@edu.tbz.ch"|"Jv9%U0-23BVIv-VUI@TS"
"gaetane.elphee@edu.tbz.ch"|"$BQVyj-9q4oIi-TOMieb"
"gisele.hassey@edu.tbz.ch"|"539@Tr-1meEyp-3UHf6E"
"oceanne.booley@edu.tbz.ch"|"pX5wyX-YcML8r-ywyGYc"
"oerjan.dibden@edu.tbz.ch"|"a#eL7J-&x85Mt-siBIyW"
"regine.ocleary@edu.tbz.ch"|"du3WKq-0VHW&s-a8r$CN"
"selene.persse@edu.tbz.ch"|"lgQRi@-ZT09c#-1gTo#I"
"helena.adenot@edu.tbz.ch"|"MOn2Vo-fGFFmH-UgEGkn"
"maelann.wassung@edu.tbz.ch"|"leypU5-yZwKow-HUzTbi"
"frederique.ackermann@edu.tbz.ch"|"CqmE0e-zTAiTd-7&CfTu"
"audreanne.kahen@edu.tbz.ch"|"wbDI5x-WA4IxH-hMpUfQ"
"maiwenn.lasty@edu.tbz.ch"|"hMWhmT-MPj07S-L2a#c2"
"yu.dictus@edu.tbz.ch"|"iN0fSS-ZmuJ4B-uHV1#k"
"anae.dukes@edu.tbz.ch"|"X2D52I-JhoOXu-h3uerz"
"yenora.warr@edu.tbz.ch"|"YAi8M5-n@kVJh-E5o6Ip"
"esbjoern.archibold@edu.tbz.ch"|"&mniO$-7TXs&O-YovANN"
"milena.pardal@edu.tbz.ch"|"QhXsXq-4Taf51-cBd&Rt"
"celestine.graveston@edu.tbz.ch"|"Xi&tMm-xYvm7T-WDjG7n"
"maena.dallas@edu.tbz.ch"|"94QO6q-%btgB6-9X9kE1"
"andree.tuke@edu.tbz.ch"|"NDjF1n-XpjPXs-QL0pg$"
"methode.seldner@edu.tbz.ch"|"Qz#dWa-tIGt3#-BI5maf"
"venus.bullas@edu.tbz.ch"|"y&02Hn-p#YQXq-c7GaGK"
"mans.aguirrezabal@edu.tbz.ch"|"qatqQu-xx4#bd-Avh5ux"
"gaelle.eadington@edu.tbz.ch"|"&yIkDl-7pyRjD-Tc0A9t"
"anaelle.falkner@edu.tbz.ch"|"hfF1WA-T#hfd7-sacqjO"
"ophelie.height@edu.tbz.ch"|"U3ExnP-5nfZDA-AQB&Oc"
"marten.bolding@edu.tbz.ch"|"e7Ni5Y-v3YsH6-%a5UvW"
"pelagie.guswell@edu.tbz.ch"|"c24h7H-tBn$OG-PiP6@R"
"gwenaelle.lecount@edu.tbz.ch"|"KIavjK-pFTjFH-$XF64C"
"hakan.laden@edu.tbz.ch"|"H9yA8n-4$HpQO-GenMo$"
"marie-josee.hylands@edu.tbz.ch"|"&1ZsCS-V@xhkA-J35Y7n"
"zoe.kingshott@edu.tbz.ch"|"LIzKCH-kwd4E0-PlxyIg"
"josee.janous@edu.tbz.ch"|"rlS536-Pvdov5-2gPMp9"
"laurene.gallally@edu.tbz.ch"|"n#MDBT-u9@UtF-iGg&m3"
"anael.bickle@edu.tbz.ch"|"if%bEW-lcLXZ3-doipY7"
"mediamass.lebbern@edu.tbz.ch"|"maPgM9-J%LpoT-00%K@m"
"berengere.hovy@edu.tbz.ch"|"5#XKjZ-519JBH-@cbq@r"
"oerjan.kilmurray@edu.tbz.ch"|"ycWwi#-XTt85y-lnUDPG"
"asloeg.venny@edu.tbz.ch"|"2H5De3-jBc$Xx-KS9Dl6"
"marie-noel.stoad@edu.tbz.ch"|"NIK2Wg-AwIZCx-DVuh4e"
"hakan.pettifor@edu.tbz.ch"|"vUTIOf-cs$XFc-SBYPAG"
"maella.willgrass@edu.tbz.ch"|"XhLk0W-ebcysy-lryZ2R"
"therese.ludovici@edu.tbz.ch"|"t$Q9Sf-r0z@5h-Hplm6$"
"stephanie.trewhitt@edu.tbz.ch"|"u219Dk-wNQuFh-&#eSrE"
"maerta.bauduccio@edu.tbz.ch"|"y1WqLK-QyRReh-dnKz8M"
"gaetane.glaisner@edu.tbz.ch"|"E&i@vr-al04@X-RuySr2"
"naeva.pargeter@edu.tbz.ch"|"Lg9KBl-JkluP5-$Cn%lB"
"salome.venable@edu.tbz.ch"|"sXxiZ#-Q7mprZ-5CIz1n"
"boerje.thickett@edu.tbz.ch"|"@uIzMP-A$VdyC-zoRELv"
"lucrece.prendergrass@edu.tbz.ch"|"0P6gUQ-R02Fuj-Zr2ls8"
"laurene.ockleshaw@edu.tbz.ch"|"aLPYxq-IWSQvf-ByljKb"
"cecilia.pasticznyk@edu.tbz.ch"|"uAbVEa-&9Zr6T-IhOsys"
"stevina.mackey@edu.tbz.ch"|"j%bZGY-8SY%BG-H3vgcq"
"marie-noel.reven@edu.tbz.ch"|"wNKicw-40V#Vy-ksXWgj"
"melina.quilkin@edu.tbz.ch"|"DOzbAF-PH%Tx&-hYyaK6"
"marie-noel.ferrie@edu.tbz.ch"|"$jkWeu-eL@Yps-VXCnts"
"leone.alphege@edu.tbz.ch"|"gU@uls-$H388s-e5DpHE"
"zoe.leverson@edu.tbz.ch"|"na38Os-IEjbB2-xXgZiE"
"annotes.grayne@edu.tbz.ch"|"y@O#RL-#pQHI6-UMFWhm"
"faites.lalley@edu.tbz.ch"|"3kozrj-FPkkC6-bC5pMH"
"adele.wallis@edu.tbz.ch"|"&ZlCgM-azPAna-$K03Vi"
"severine.madill@edu.tbz.ch"|"vaHkHN-0Aj3AM-LDbu5q"
"valerie.tebb@edu.tbz.ch"|"fDycpu-qos51v-JHL$Yw"
"kalliste.rasper@edu.tbz.ch"|"pBeCg1-PmE8a$-x5Y7Jm"
"audreanne.palomba@edu.tbz.ch"|"AhAD39-TqgKGR-$prCmC"
"elea.adamik@edu.tbz.ch"|"hUEemK-v6WS#a-88sqcS"
"reserves.jakuszewski@edu.tbz.ch"|"2gS%Gw-4k6HWx-3LcRXD"
"athena.belhomme@edu.tbz.ch"|"jvuvM1-xjj85F-d5@o%w"
"rebecca.crippin@edu.tbz.ch"|"Of8O#%-8ElQAX-u9E@oA"
"maiwenn.curman@edu.tbz.ch"|"0Xl@86-CSzVUf-RwNh3&"
"andree.bunner@edu.tbz.ch"|"oR2l$L-2@eGc$-UCm96V"
"ruo.winckles@edu.tbz.ch"|"Pjb2qE-SVNgBP-B#EJBJ"
"naeva.buntine@edu.tbz.ch"|"vXWnOx-ObusP#-k$ZynA"
"boerje.dollard@edu.tbz.ch"|"9d25Z1-5YKtfF-9XGT0B"
"penelope.gorman@edu.tbz.ch"|"mgtFxH-1zFcgu-%03ySl"
"alois.robelin@edu.tbz.ch"|"eG7k92-Q%OnuN-Xi1GhA"
"anaelle.tindle@edu.tbz.ch"|"Dy4A&V-&3mipM-KsvYqV"
"ye.frears@edu.tbz.ch"|"TrZM@E-IiOvof-K0GbNr"
"andree.ovid@edu.tbz.ch"|"v99b9#-CH#uhp-sCCBAR"
"hakan.peat@edu.tbz.ch"|"cu9MNR-9D7ph@-O8gZC1"
"andre.januszewski@edu.tbz.ch"|"PsgQvW-e83zRZ-lsoEt6"
"annotes.clemmett@edu.tbz.ch"|"rNPd&C-D$3nZY-nh%und"
"pal.lambswood@edu.tbz.ch"|"StBpPq-PC06LE-aT5r85"
"yao.lenton@edu.tbz.ch"|"8ZgYP@-h7RZiH-J3Vc0&"
"hakan.boyton@edu.tbz.ch"|"K4zyWQ-s8EtIv-8o#4g0"
"nelie.forsey@edu.tbz.ch"|"0&8A#X-cvBgLF-Cd5rsP"
"hakan.horche@edu.tbz.ch"|"xQq$p#-iUuRP1-2dKjcX"
"lorene.sinkings@edu.tbz.ch"|"nXj08O-UI3@xm-YVyNg9"
"marie-therese.creddon@edu.tbz.ch"|"JUhxRc-3Z6nbU-wN9FYC"
"berenice.tolworthy@edu.tbz.ch"|"c12dRo-tqnar$-aveeeZ"
"theresa.land@edu.tbz.ch"|"umEegE-vVp4pH-FSRVPT"
"marie-therese.gianilli@edu.tbz.ch"|"T&ug9V-j85luS-#5wlmO"
"meryl.glew@edu.tbz.ch"|"sWwft4-7GdqZS-$WII2n"
"adele.debling@edu.tbz.ch"|"oVJ5xh-pwpHnE-bTN7Zx"
"anae.metzke@edu.tbz.ch"|"YN4ptN-wXGW%o-aY4bBl"
"gaetane.gooden@edu.tbz.ch"|"X94#om-$7E#JT-ag&mTa"
"laila.bootland@edu.tbz.ch"|"d#XnY2-lsCW%T-AJPCh7"
"maite.helsdon@edu.tbz.ch"|"&URwuS-wxWT#V-sD7dH&"
"andree.malley@edu.tbz.ch"|"UctU&4-k@tce6-oC#7xr"
"pal.simmens@edu.tbz.ch"|"4i@sXj-EwkE%@-EuecHG"
"maelys.nuccitelli@edu.tbz.ch"|"2mzVW&-ElxSIH-qAiW5e"
"dafnee.sibary@edu.tbz.ch"|"xUoKkM-EZegjN-uttlWa"
"alois.harsnep@edu.tbz.ch"|"9Cg$@3-@ojrIf-MNhGwX"
"marie-helene.lacky@edu.tbz.ch"|"WI#5uJ-Tj5ntG-RKJNj2"
"mylene.youthed@edu.tbz.ch"|"pBhjvi-v0&6FC-jZa3ve"
"marie-helene.dehmel@edu.tbz.ch"|"&O0YNm-P&3N@9-o4uGzG"
"angele.batman@edu.tbz.ch"|"paeFe3-7S9AnQ-@6MsYe"
"melia.younghusband@edu.tbz.ch"|"ZPC1e4-Slvt1W-fmvx#K"
"eloise.baldi@edu.tbz.ch"|"g7vTT0-Jlr3BH-NTf1zM"
"illustree.dun@edu.tbz.ch"|"HBI3ju-kFQ&y3-@irYjV"
"genevieve.late@edu.tbz.ch"|"UAq4wP-QXnjBR-snJn#d"
"celestine.colville@edu.tbz.ch"|"Z0ws8%-FNQfns-qZh6Cp"
"gwenaelle.scarlon@edu.tbz.ch"|"usQYlw-43lYc@-Bz2iGN"
"regine.boddie@edu.tbz.ch"|"dkD03j-uOWyM2-n2oSoB"
"creez.gaughan@edu.tbz.ch"|"$f7y%F-5HD2nL-bLuOId"
"gaia.longford@edu.tbz.ch"|"rV@QT%-3jfemI-KfK21m"
"mailis.buckby@edu.tbz.ch"|"Q7gEi8-&xz6Dw-&Y&4M7"
"song.parbrook@edu.tbz.ch"|"j%lZdl-CuLwOP-v0hZiE"
"frederique.heddan@edu.tbz.ch"|"ZBF$ew-&r2Fr&-&7ilY9"
"ake.kirtlan@edu.tbz.ch"|"s4Z1ZS-5QhmjI-dCiOwr"
"nelie.runciman@edu.tbz.ch"|"jeiFHE-AO1h$E-6f&0Iu"
"mailis.cardnell@edu.tbz.ch"|"mLyrme-26@8k@-YBDcvE"
"irene.navarro@edu.tbz.ch"|"fp41#6-EBd9X@-%72H1x"
"maite.cough@edu.tbz.ch"|"zoQ6#D-sKon3o-T2kIZa"
"anaelle.stocky@edu.tbz.ch"|"sZP2CK-l5azx1-@f&QrZ"
"methode.moulder@edu.tbz.ch"|"8yf7$q-s#@0Eo-86uQdx"
"po.stafford@edu.tbz.ch"|"Fcl32%-e5cDoq-lug4m6"
"faites.scraggs@edu.tbz.ch"|"tcO63K-V@4nhc-WSAXVa"
"adelaide.dullard@edu.tbz.ch"|"5u@F@c-AsR%9V-5t0gih"
"desiree.leonard@edu.tbz.ch"|"Q2mBvm-z0ZAG5-VRgWYR"
"geraldine.badgers@edu.tbz.ch"|"LYLW0e-hWyxsK-FXLc&e"
"ruo.masic@edu.tbz.ch"|"By559m-CpPCI5-mM3Jqg"
"aurelie.lieber@edu.tbz.ch"|"RDsbEx-fgCxoU-8C3VPC"
"naelle.balcock@edu.tbz.ch"|"1$NjLF-wsOSG6-Dg$gVJ"
"camelia.elger@edu.tbz.ch"|"DatXlA-Sucrlv-tBixL@"
"publicite.oakeshott@edu.tbz.ch"|"fZ7BeN-Wel0on-0M%P#%"
"cleopatre.fawley@edu.tbz.ch"|"6eHyTS-1##&8Q-kP0%WF"
"laurene.bruckmann@edu.tbz.ch"|"3NVwm2-rT2J7W-0By7Gl"
"rui.haughton@edu.tbz.ch"|"6u%WiZ-V1rg4z-LkDLF#"
"asa.ladewig@edu.tbz.ch"|"$xcF40-PuEFAd-t72gMs"
"gisele.janecek@edu.tbz.ch"|"V9GPh%-usG74y-B2qV9v"
"maily.loveridge@edu.tbz.ch"|"HZiep%-HZJUiZ-x#unSa"
"marie-eve.yurkiewicz@edu.tbz.ch"|"f3LtiI-L&#450-k5av5S"
"fei.roder@edu.tbz.ch"|"icc1Gq-jB@@K7-Z&3mAg"
"edmee.chatburn@edu.tbz.ch"|"&YxFQE-7vXKdM-Z2wDVh"
"geraldine.darke@edu.tbz.ch"|"yP3m9a-wC9o1o-l4dx5o"
"ye.jira@edu.tbz.ch"|"EuuHh@-Jc7VOH-mTwe4U"
"publicite.persent@edu.tbz.ch"|"PKN0%Q-#UC$F6-8MsyfS"
"severine.wilcox@edu.tbz.ch"|"lEDy%1-e&Rw46-xE5zKo"
"yao.mcclaren@edu.tbz.ch"|"dPzdpr-niI31N-srREpJ"
"theresa.foynes@edu.tbz.ch"|"2c47yu-9%H%fZ-DLMZQk"
"stephanie.isley@edu.tbz.ch"|"bL@HKx-gL7dNd-w&lUtw"
"torbjoern.growy@edu.tbz.ch"|"IpyrY2-MMNiy@-NqH8hx"
"eloise.tunnadine@edu.tbz.ch"|"BFTueG-A9e1iU-MPYgwI"
"maeline.cossentine@edu.tbz.ch"|"HkCfSv-Q3SDay-rMv$kz"
"nelie.desantos@edu.tbz.ch"|"$E3kom-%yQ9oZ-0pnsgl"
"gaetane.axston@edu.tbz.ch"|"Vr&I$V-dNhu5x-Zqz@zY"
"aimee.merman@edu.tbz.ch"|"0U43a6-NNzuTB-kmjAJK"
"oerjan.drivers@edu.tbz.ch"|"74dZQW-OuFM7g-97zYqx"
"aimee.miroy@edu.tbz.ch"|"#SLV7y-1Gwy3Y-@4QRTq"
"nelie.glyde@edu.tbz.ch"|"tZPofn-7Dx4pR-&8EvFs"
"hakan.kapelhof@edu.tbz.ch"|"xNAoxx-UdlAP4-Fc2UkX"
"maelyss.cauley@edu.tbz.ch"|"cy3qpT-su5lzk-qlqqJW"
"elea.vaggs@edu.tbz.ch"|"3F@0mD-GiTxbd-oLm01j"
"maelys.but@edu.tbz.ch"|"3&rHzu-A8@$zL-XlFJoT"
"maella.arthurs@edu.tbz.ch"|"ImqrSJ-tdpXpd-8MR&ON"
"adele.liebrecht@edu.tbz.ch"|"8lAvou-oF%2CF-qz58p%"
"meline.lomasny@edu.tbz.ch"|"H%83@G-QtjdBp-#aa6&l"
"mediamass.schwant@edu.tbz.ch"|"Q@zv6a-m2xpqz-ozwfl2"
"leone.saunt@edu.tbz.ch"|"zpa6ek-Mqwek7-hUnPDB"
"annotes.gouch@edu.tbz.ch"|"hz9Cb&-1G7#1K-1NQfr1"
"gaetane.bowich@edu.tbz.ch"|"wyVXmV-wwWErl-SZSRKC"
"alizee.strelitzki@edu.tbz.ch"|"s#$Nbh-7zg2%z-8Aml0M"
"leone.poile@edu.tbz.ch"|"wN7sPu-VVMc7h-myfdld"
"amelie.saban@edu.tbz.ch"|"xb4qS&-XXrE44-&Bp8&Z"
"marten.mcmenamin@edu.tbz.ch"|"uYvJ3p-bYpyON-664&%w"
"becassine.keets@edu.tbz.ch"|"DiuBFh-biNBdL-2dr8h5"
"celine.million@edu.tbz.ch"|"Ax5CyW-7pI5ot-wG60pf"
"geraldine.belitz@edu.tbz.ch"|"#0ovEc-NPkPnf-edr3Yr"
"salome.mardling@edu.tbz.ch"|"C1#rcV-UMSY2n-2AsqGO"
"melia.blakemore@edu.tbz.ch"|"a0sS54-7iQJg2-JqKtuE"
"dafnee.mcaulay@edu.tbz.ch"|"GAPtm4-@hjtG%-Zt6Byz"
"garcon.dennett@edu.tbz.ch"|"ltU8df-2W$TkF-U2Kaoj"
"interessant.lesor@edu.tbz.ch"|"dAX#sm-&$6vrv-AwlecL"
"annotee.wasbrough@edu.tbz.ch"|"SV$fxf-Ax3A75-a6dC1C"
"asa.ibbeson@edu.tbz.ch"|"YInukz-5A4AGP-kFwOOc"
"maily.kennealy@edu.tbz.ch"|"HRqxD#-xdUKvF-Q@&NEJ"
"ye.seares@edu.tbz.ch"|"4P5qEF-dva&6g-EO9Jnv"
"athena.harbron@edu.tbz.ch"|"lzXUKr-uGZur9-WbPdXI"
"andreanne.portail@edu.tbz.ch"|"F&gxv%-O5dgEo-mWv9t4"
"goeran.zannelli@edu.tbz.ch"|"I$Jk6V-Yht0vN-lDP%vj"
"gerald.leathlay@edu.tbz.ch"|"D5UoXx-8&8a1p-&wBMXh"
"andreanne.chown@edu.tbz.ch"|"@qwE6l-KTGqXd-NUvQ7I"
"esteve.clementel@edu.tbz.ch"|"afhthr-IT6aBo-jztphs"
"leone.legan@edu.tbz.ch"|"rwdAtJ-If7c$g-aQWMA%"
"maena.pownall@edu.tbz.ch"|"KJ4Lt7-wWDDeD-mjcNiH"
"andree.rettie@edu.tbz.ch"|"oxbwzV-fVOfj2-a0TyDy"
"ines.kenwrick@edu.tbz.ch"|"444IkK-8XYT6e-s8iTsc"
"marie-helene.yarnall@edu.tbz.ch"|"JjU$PT-9ajtIB-ROFj2O"
"po.martin@edu.tbz.ch"|"MCdofU-8uzX%f-kyw$#&"
"ruo.celiz@edu.tbz.ch"|"yW8AVb-ffy4Zz-RlHDIp"
"po.bissett@edu.tbz.ch"|"wCCkBu-vzHFDZ-FuBO0w"
"du.swindon@edu.tbz.ch"|"Rje%JA-QlENMP-mhq3Ug"
"interessant.gouldthorp@edu.tbz.ch"|"rni4qz-b5Ukls-9dFLRc"
"leandre.lilburn@edu.tbz.ch"|"wEKsgh-uqTuIB-p4mhyY"
"bjoern.whales@edu.tbz.ch"|"V4wscl-&NPZEs-yo$2aV"
"interessant.dieton@edu.tbz.ch"|"v0ING$-Bqr$IJ-vJ4Krj"
"celestine.redhills@edu.tbz.ch"|"d99Iph-p#Kkj#-yp4Fm3"
"tan.yakovlev@edu.tbz.ch"|"fe6EqP-Bos9Wq-5a3mql"
"regine.mcdowell@edu.tbz.ch"|"dl0zU7-JTOftz-0w#d80"
"ju.coysh@edu.tbz.ch"|"Af#Cl5-2L7rW4-I&hubj"
"reserves.ofallon@edu.tbz.ch"|"4LjpCS-CyihcW-2uqYJw"
"frederique.sobey@edu.tbz.ch"|"cecQ$g-gkPjCc-9rltdv"
"marie-eve.garstang@edu.tbz.ch"|"N9UXx3-tZ&2WO-zhNMxj"
"andre.tapin@edu.tbz.ch"|"$AxFaZ-rMauS5-0x1a2H"
"esbjoern.eynon@edu.tbz.ch"|"vcvJjj-%sPJZ@-U1XRim"
"maella.duffy@edu.tbz.ch"|"t9uQWM-j0&qQl-@Jmioa"
"leandre.twinning@edu.tbz.ch"|"@Fg8P#-caSqPz-$BmERx"
"mai.whittingham@edu.tbz.ch"|"wHh8eI-Ss$P78-P#B15E"
"rachele.shevelin@edu.tbz.ch"|"slDGGt-JwRp9q-&javFg"
"cecile.mcure@edu.tbz.ch"|"10tUT4-%BxEG3-lpygRB"
"marie-eve.yurkevich@edu.tbz.ch"|"DXZLlc-uXDnyp-c#zk$G"
"almerinda.paice@edu.tbz.ch"|"vXx5JH-FE2w3L-QR7yQI"
"rao.howkins@edu.tbz.ch"|"9Fze#9-PJfk$J-lCB2OV"
"serena.pack@edu.tbz.ch"|"#&JzLD-MkaDzz-&#Jg@H"
"rebecca.mant@edu.tbz.ch"|"hXTgIb-F5XcGz-G@NOS&"
"reserves.spitell@edu.tbz.ch"|"rd#%Kz-w%LGXk-KPmwJa"
"garcon.hamfleet@edu.tbz.ch"|"YmyE#J-lDyfEr-JfiIE#"
"methode.kerkham@edu.tbz.ch"|"w#z$#f-bpVJMz-Ym$BS7"
"pelagie.camies@edu.tbz.ch"|"SmgDSU-vRXj3F-dbo&1O"
"josephine.macpharlain@edu.tbz.ch"|"V&jBgP-rQ4jBH-Knm2#A"
"eugenie.mathet@edu.tbz.ch"|"b5UX6h-MmuZWZ-ADcJMO"
"gaetane.brangan@edu.tbz.ch"|"ryw6mU-qJCuP6-M8MdVC"
"michele.dewbury@edu.tbz.ch"|"0T#8Tw-uARwAj-6U#niQ"
"eugenie.elcott@edu.tbz.ch"|"24muUD-TCa9AW-G%vlkk"
"megane.harniman@edu.tbz.ch"|"Bu@wqo-2yxZLD-cel@Ec"
"agnes.cluney@edu.tbz.ch"|"CxTeru-ddcNrf-1JZroN"
"marie-helene.angear@edu.tbz.ch"|"2so06a-KaJA37-nlruhM"
"melia.dolphin@edu.tbz.ch"|"KHU3rI-DVinm9-djkeY#"
"lois.ruseworth@edu.tbz.ch"|"gIWgmI-IFB3E&-JgLO83"
"mailys.ryding@edu.tbz.ch"|"CYJTC7-vXDvJD-PO2l73"
"rachele.wulfinger@edu.tbz.ch"|"$5kIm0-Dt4FAC-pwhFr#"
"gwenaelle.talton@edu.tbz.ch"|"FSTgT2-IJuE1n-P9IMDW"
"long.ronchetti@edu.tbz.ch"|"a6on44-OgHs1R-$5qv@$"
"styrbjoern.kloska@edu.tbz.ch"|"m@znFP-2r0&Iu-pIkFP#"
"len.sudran@edu.tbz.ch"|"lcxbIT-BMgIGY-Ry6k$R"
"maelle.andrysek@edu.tbz.ch"|"Qt@ix2-W@cbi&-#$qq&7"
"selene.senior@edu.tbz.ch"|"gRwl#R-YPEJmd-JXEJV8"
"anais.joskovitch@edu.tbz.ch"|"B9rQv#-TyUf5o-TfEXTe"
"marie-noel.dally@edu.tbz.ch"|"Np40W#-GrGWKc-sgglt8"
"marie-helene.laurence@edu.tbz.ch"|"#nkWxF-9ZQO#3-Hlbh$K"
"camelia.foxon@edu.tbz.ch"|"FOVHLZ-HUZq@S-j39NyJ"
"helene.cankett@edu.tbz.ch"|"@dZnAt-ZUF@YK-03L$xw"
"marten.mitchelson@edu.tbz.ch"|"gjj94%-9ecbZ%-@6sY15"
"helena.stirtle@edu.tbz.ch"|"C%UtYF-QGnQoE-XljZhS"
"leane.barmby@edu.tbz.ch"|"R4@N8n-y&98Op-kApEy@"
"goeran.ofinan@edu.tbz.ch"|"R&a4Y#-w0K6AW-MGAiGK"
"styrbjoern.proby@edu.tbz.ch"|"twr1Hn-V0$uRE-14dhA7"
"zoe.halse@edu.tbz.ch"|"djGRu1-C0rTos-FoeguC"
"kui.drable@edu.tbz.ch"|"JSgM3j-kGtn&S-AEfTi3"
"desiree.bamford@edu.tbz.ch"|"Ll@jCv-kFnhlp-PkYfJw"
"zoe.suller@edu.tbz.ch"|"XfTqGT-nq$s8&-BFl2cJ"
"marylene.audiss@edu.tbz.ch"|"O3ovB&-q$rQj2-%7WV1c"
"adelaide.poznanski@edu.tbz.ch"|"UOEHAD-zMIupH-Ac5EcI"
"maella.coleyshaw@edu.tbz.ch"|"aXxlCF-#d3YX9-4eClv#"
"marie-francoise.gelder@edu.tbz.ch"|"Rt4E&l-XT5A80-%jFyME"
"eleonore.chaffyn@edu.tbz.ch"|"takMl2-T3Amtd-Mgwp7J"
"celestine.sikorsky@edu.tbz.ch"|"8IdoIq-iu9wg5-R2sfKu"
"stevina.londsdale@edu.tbz.ch"|"MhhC%o-1vQbXx-nv5Hyh"
"maiwenn.nevitt@edu.tbz.ch"|"vJqMT5-Sj@fdL-mhQlIG"
"magdalene.gerrey@edu.tbz.ch"|"VSnxtQ-UtssCz-kzAWmy"
"becassine.latimer@edu.tbz.ch"|"%rnhW#-kM%thi-IhxMmk"
"da.lethibridge@edu.tbz.ch"|"PQRDYd-avHh0c-6$@QMr"
"mailys.claige@edu.tbz.ch"|"aY3xJt-0w9oqG-%aZrF$"
"maena.torbard@edu.tbz.ch"|"ysNMV9-nW2Zta-nvqJP#"
"solene.lyvon@edu.tbz.ch"|"GboiJr-u8Vt4l-8swC3S"
"marie-therese.benbrick@edu.tbz.ch"|"9DjjW0-w&BXto-MJC&p6"
"gerald.edmonson@edu.tbz.ch"|"rl9Eot-qeBpPq-euIzyu"
"ake.messruther@edu.tbz.ch"|"4MDFhp-EDe@fa-Q5T2LY"
"men.gosneye@edu.tbz.ch"|"9dB4P6-RRdjNI-P#6p10"
"anais.jefferys@edu.tbz.ch"|"Re03sc-iR4v$H-EV#6$x"
"publicite.tregale@edu.tbz.ch"|"qvwJyM-UceurC-8A$Q9P"
"maily.santorini@edu.tbz.ch"|"052@@F-68gSCc-HSk2aL"
"ines.pioch@edu.tbz.ch"|"1IgBru-G8szXd-bV@GWf"
"noemie.marklew@edu.tbz.ch"|"szw1la-aI9%D%-bhlxxx"
"meghane.maccaffrey@edu.tbz.ch"|"WNM3U9-lSD%$Q-p$FqRD"
"berangere.ambrogio@edu.tbz.ch"|"f613As-VHdCOA-lRQ%WY"
"mediamass.ryce@edu.tbz.ch"|"C&KK2e-ETs8Wo-ZjNyyL"
"oesten.ubank@edu.tbz.ch"|"uEPvk7-Vjjye@-WO#E&q"
"melina.mackee@edu.tbz.ch"|"o3RXLq-N#swfo-MiuuwP"
"theresa.livezey@edu.tbz.ch"|"kEsgI2-ZledCy-x#rpYQ"
"clemence.weal@edu.tbz.ch"|"yOl#Is-ILkCh1-1qnrR#"
"faites.overton@edu.tbz.ch"|"Os8F64-lvjcLG-l$YqY3"
"clea.lindblad@edu.tbz.ch"|"4cA6B%-rN#LFL-4ydEz$"
"josephine.roseaman@edu.tbz.ch"|"Hl2CTQ-4rb8yg-loWqRG"
"oesten.lowbridge@edu.tbz.ch"|"LE6H1Q-y1mkt5-i3ErN2"
"marie-josee.brion@edu.tbz.ch"|"z7KY5j-#HizVf-2XM9Tz"
"therese.basili@edu.tbz.ch"|"1NrP#y-&aVWAq-2qTCKH"
"melia.vertigan@edu.tbz.ch"|"wn$2oo-fi3u9i-RRtJ3K"
"judicael.saull@edu.tbz.ch"|"VZMDHS-iRfOrG-AoCghn"
"selene.valentine@edu.tbz.ch"|"W9$96x-spSZ1I-mL3B@@"
"verane.dunlap@edu.tbz.ch"|"NM4Lt$-a%7MvD-t2jHQU"
"meline.kinnear@edu.tbz.ch"|"AUFPW@-7Gjo2x-fJtd%Q"
"lei.luttgert@edu.tbz.ch"|"PzVKTe-kH6SAB-AsRn3R"
"styrbjoern.lathleiffure@edu.tbz.ch"|"63pdmk-IMmDPb-9ie9qv"
"marlene.blasi@edu.tbz.ch"|"Y8GAtW-oZOtQs-tuwo44"
"mai.begwell@edu.tbz.ch"|"1rykXq-8y$FNu-vP2lgn"
"gwenaelle.kaines@edu.tbz.ch"|"l&FEO3-dlUUkW-MLksJz"
"gerald.adamthwaite@edu.tbz.ch"|"fHFOY7-Z1qjel-2lbiu6"
"kui.hartfield@edu.tbz.ch"|"z6XiI6-Onqfw&-F0U8q#"
"salome.currao@edu.tbz.ch"|"G$BAMz-Vdmndp-DCVeCr"
"angelique.tixier@edu.tbz.ch"|"GRFo0e-&xynTg-y69aKt"
"ju.mcgragh@edu.tbz.ch"|"#x7&RN-FRXaip-u0KKiB"
"dafnee.beachem@edu.tbz.ch"|"$BtWL&-97x@pN-2R1Wrk"
"creez.terlinden@edu.tbz.ch"|"EQg5Lb-C46HG1-2G2hi%"
"uo.mcskeagan@edu.tbz.ch"|"5QseZx-$yAXia-Icm$NW"
"edmee.mccaughren@edu.tbz.ch"|"rE@LGH-9Y4zN3-uaHl2I"
"asloeg.cozby@edu.tbz.ch"|"QKCHkg-um2VG6-xyzw3Q"
"melodie.traite@edu.tbz.ch"|"ffCIiL-abFwQ7-Jme6Np"
"dorothee.aindriu@edu.tbz.ch"|"b0gXsB-oEfm7T-6t5Xpm"
"daniele.doley@edu.tbz.ch"|"RXk76x-QE0$@X-YMs4r6"
"mediamass.fairclough@edu.tbz.ch"|"sKxdU1-FvlFQ7-gDPjH0"
"lorene.rainforth@edu.tbz.ch"|"a69%e1-odWMwd-a5TMG%"
"leonore.eyer@edu.tbz.ch"|"XdQLAU-Zswuh@-u41M3j"
"po.spillman@edu.tbz.ch"|"t46HZ7-leW6KD-V71gXA"
"cecilia.plitz@edu.tbz.ch"|"3CJWdG-bC#$Gw-mkBGIm"
"lorene.ludlow@edu.tbz.ch"|"FtKv5J-&PAfix-Jx$3di"
"berangere.neligan@edu.tbz.ch"|"9j6JIH-JDIsaK-KSaDne"
"simplifies.huggan@edu.tbz.ch"|"1Ki0$n-6QC9hi-TgUd87"
"clelia.prandy@edu.tbz.ch"|"QHpPeS-FO4@@t-zpkC4K"
"ake.osban@edu.tbz.ch"|"HQ0RFx-BXDs3e-Mc#Wg@"
"cunegonde.brunn@edu.tbz.ch"|"2RYqy8-bifX5l-ButR9e"
"long.grizard@edu.tbz.ch"|"g$O%#0-zkHWF6-Ol5L%$"
"meghane.diss@edu.tbz.ch"|"YfvMyl-SOKygW-%YG@Qy"
"therese.oldman@edu.tbz.ch"|"QfZAyu-5NJ%jl-OOvRAL"
"boerje.scamerdine@edu.tbz.ch"|"XJLA5Y-RbiWZx-adGuaW"
"du.saban@edu.tbz.ch"|"hdsr1X-2XSER&-I7qG5f"
"hakan.clynmans@edu.tbz.ch"|"kPnlhv-WmL8t9-tqN1w9"
"wa.macdowal@edu.tbz.ch"|"0y91Bb-FPHsYG-DqVtC2"
"venus.hatrey@edu.tbz.ch"|"b9xfZc-seszWU-supVqr"
"anaelle.vispo@edu.tbz.ch"|"LPzTw8-pos@6K-y9kF$W"
"mahelie.ollcott@edu.tbz.ch"|"GfTWdv-Dt3c@0-nDY@#c"
"mediamass.whyman@edu.tbz.ch"|"he@Kj%-rl7&F8-ZB7T5u"
"esbjoern.basson@edu.tbz.ch"|"lvj2Gh-fr43Zl-Yp5gJF"
"andrea.morrill@edu.tbz.ch"|"TbUv0u-mIPc$n-UqR#3i"
"melys.grassi@edu.tbz.ch"|"JZmmPO-B7c1Cn-cG#C#H"
"leone.poleye@edu.tbz.ch"|"Y48d%s-9UL3vf-ks$JN6"
"francoise.penny@edu.tbz.ch"|"7zKiIG-qdHB0%-mdtB#d"
"rebecca.edney@edu.tbz.ch"|"Kpa38p-E7oJE%-CcUdpZ"
"adelaide.murtagh@edu.tbz.ch"|"jjZTEg-LH31Ma-HgBY$B"
"stevina.winterbourne@edu.tbz.ch"|"dD5S0C-b4G1lt-qAo3qe"
"ma.cottom@edu.tbz.ch"|"btLFLF-I#f18T-uN4Q2v"
"tan.harold@edu.tbz.ch"|"yiJ8t$-9pc%Ce-7jcKiv"
"venus.forte@edu.tbz.ch"|"LFVpOj-0C2Bk8-48iCRa"
"almerinda.oluney@edu.tbz.ch"|"DaJ2ri-LMXCqn-KUsiG1"
"cleopatre.brehault@edu.tbz.ch"|"pcJ3a1-hm8x7H-S3UR2h"
"interessant.lapides@edu.tbz.ch"|"cFeSPG-pb2s@s-LrT0Xw"
"reserves.hallatt@edu.tbz.ch"|"qanQF$-guJUMR-2%ESJV"
"annotes.birdwhistle@edu.tbz.ch"|"oMT6jj-WGyQqH-AhIgcN"
"ai.dredge@edu.tbz.ch"|"M#ZQaI-gLd62w-p%jb4@"
"megane.mussard@edu.tbz.ch"|"0fVB5L-PqNwyv-P3lmmh"
"esbjoern.gowrich@edu.tbz.ch"|"Mmvh#f-YqMN1s-w6BG5K"
"boerje.brislawn@edu.tbz.ch"|"vfTtt8-rbivM5-l2WO&u"
"becassine.wilce@edu.tbz.ch"|"hf5AbJ-MZdRRj-g@4eYH"
"personnalisee.oels@edu.tbz.ch"|"UTPkha-Vm7cHB-9Ulh2p"
"verane.pett@edu.tbz.ch"|"x7xMEf-QjzruX-7%p#EM"
"marylene.glewe@edu.tbz.ch"|"5RL%8j-wpWxji-ZsX3N0"
"lai.elson@edu.tbz.ch"|"h8msv9-USHktL-AugumG"
"serena.difranceschi@edu.tbz.ch"|"V&22sE-yhjR@2-HVpCm0"
"lie.espinel@edu.tbz.ch"|"LjFma4-r&7Hwt-WWNv&Q"
"marylene.fantini@edu.tbz.ch"|"ny5Z&g-LbOM$x-C$m9Yh"
"andre.archdeckne@edu.tbz.ch"|"ixhzUn-LtjnYY-%$cf64"
"goeran.bohlingolsen@edu.tbz.ch"|"tWddzu-h8kZxn-G5irX9"
"cunegonde.heffer@edu.tbz.ch"|"zn2%&W-UH8Tf4-%hRbMG"
"tan.fechnie@edu.tbz.ch"|"70mRaa-4B%SGN-3Ytkqe"
"marie-noel.brammar@edu.tbz.ch"|"@WNQ4&-FzArDR-7T6N$h"
"simplifies.aven@edu.tbz.ch"|"4@jm14-SoLOTG-XajYyk"
"melys.pinchen@edu.tbz.ch"|"h7Elq3-m7L$rG-roctHA"
"edmee.joyner@edu.tbz.ch"|"$OtYiE-5TV4M$-J6uygB"
"berengere.edess@edu.tbz.ch"|"urqhFA-YKwydi-qhnO9U"
"marie-noel.goward@edu.tbz.ch"|"RsmLIX-$exAJr-kA@pA2"
"ju.edmons@edu.tbz.ch"|"Z&XHPw-2EVUmC-Ncr7si"
"frederique.airds@edu.tbz.ch"|"GwZjRw-SoeDYo-t6Kk%i"
"reserves.dauby@edu.tbz.ch"|"JAIMxk-o#&ZoY-wz%YlL"
"hakan.gynni@edu.tbz.ch"|"gQOI7k-LoNXVc-GIMrlt"
"leonore.pinwill@edu.tbz.ch"|"QJdcTg-%j0H9b-dCjJFR"
"marie-eve.mcallan@edu.tbz.ch"|"dAK3NI-#g$fXv-sngmbn"
"naelle.yeabsley@edu.tbz.ch"|"OwpawK-NheB%O-$jTMlg"
"nelie.jacobovitz@edu.tbz.ch"|"litIKC-k%UHfV-zEuGpy"
"adele.conelly@edu.tbz.ch"|"@66YBs-yxYPTl-Fuk4bm"
"clementine.dondon@edu.tbz.ch"|"buJn5s-bKvId2-LDnEzW"
"zhi.willcot@edu.tbz.ch"|"jA9sgk-rOUOVZ-wYG5yw"
"chloe.janicki@edu.tbz.ch"|"GE56El-uoNM#W-OfgAqE"
"meng.linde@edu.tbz.ch"|"ND1f6W-hI8XOI-smA5EJ"
"celine.janisson@edu.tbz.ch"|"rekDdb-ymK%pY-FfJvVh"
"clelia.crow@edu.tbz.ch"|"sCt6rY-x4E5KT-K9QIBK"
"cecile.pyott@edu.tbz.ch"|"TFc7Gq-iX@j65-E$$@sp"
"ma.fidelus@edu.tbz.ch"|"p$dI5T-uUpf9y-NcibHk"
"marie-helene.poore@edu.tbz.ch"|"@fO#fx-tK$030-hxWxzv"
"elies.blanket@edu.tbz.ch"|"L$M9SL-91T@S#-VIrFol"
"yu.boyer@edu.tbz.ch"|"cmPaay-92Vgdu-zLI%0A"
"celia.welds@edu.tbz.ch"|"%KMG%n-TOPq@D-TJqFpb"
"du.gunney@edu.tbz.ch"|"en$j@6-bJZZE4-%wcJBV"
"goerel.crush@edu.tbz.ch"|"c8jhwN-urKRYE-zTuJdT"
"marie-josee.brosius@edu.tbz.ch"|"TshdDD-U1x03#-RHMbVe"
"camelia.adds@edu.tbz.ch"|"eQUPE3-TMyYg1-w2dKDq"
"anae.irwin@edu.tbz.ch"|"9Da&LM-OT5GnY-m%pHVV"
"cleopatre.skeffington@edu.tbz.ch"|"I5Mjy$-$ZCNJj-lUC1Ut"
"gerald.suggate@edu.tbz.ch"|"Z@@#wl-gW5@Tw-qGZr4a"
"laurene.tailour@edu.tbz.ch"|"WsiSYN-sR&GDf-RdvmUT"
"amelie.hoble@edu.tbz.ch"|"AnqQ5@-$$NU0j-I&fgld"
"venus.getch@edu.tbz.ch"|"Ly2gfP-8Z2FYr-ihrw5X"
"renee.treby@edu.tbz.ch"|"IDzshV-#OT%eV-e1hRPm"
"almerinda.stait@edu.tbz.ch"|"OS463Q-1Q8Trf-3&#rn%"
"andree.reddecliffe@edu.tbz.ch"|"VyDxOE-WJWd3X-TrXUOB"
"leone.wintle@edu.tbz.ch"|"raH%F$-LPOCKj-$XViOG"
"gerald.fellow@edu.tbz.ch"|"r0NUZo-gJor9G-&h#lZu"
"ju.gudger@edu.tbz.ch"|"UQ3l8u-vkpyJa-mx3xrV"
"meng.ohaire@edu.tbz.ch"|"VCw70h-DLPFaq-&kNkW%"
"cleopatre.missington@edu.tbz.ch"|"nlJm#B-v2GRRX-#KpdX&"
"annotes.debruyn@edu.tbz.ch"|"xGnCEV-vsdiuE-@jLs8P"
"gerald.sinisbury@edu.tbz.ch"|"Nk3NUj-%ikDDj-1RIX7u"
"creez.slora@edu.tbz.ch"|"RtTzrR-&UK7Zn-40FJ5t"
"gisele.benbow@edu.tbz.ch"|"w2xP&Q-GfYU4w-F#nzsG"
"pal.dossit@edu.tbz.ch"|"MlGQ@y-$swWgY-EGc3fj"
"nelie.stirrip@edu.tbz.ch"|"9TD0W6-&N7@r4-opCesE"
"alois.ocrigane@edu.tbz.ch"|"UHY9dL-we5&$v-HaXEBu"
"kui.mcterry@edu.tbz.ch"|"Cp9fbd-v@zsNd-oQsSH7"
"long.willgoss@edu.tbz.ch"|"uuk6TE-%fkpBe-AeMobt"
"francoise.sumpner@edu.tbz.ch"|"5q5D9L-aV2dJ8-YbGL2H"
"maely.grinstead@edu.tbz.ch"|"jEEOXm-Mm&$3I-vJhwwz"
"creez.langeren@edu.tbz.ch"|"LWRJdg-jGbYN2-aPzMbd"
"adele.dungate@edu.tbz.ch"|"&4$irf-ud%AbM-c9SQJI"
"cleopatre.noirel@edu.tbz.ch"|"&VAb8I-g3jXoG-fyAO4u"
"interessant.daverin@edu.tbz.ch"|"Lpyece-YJCpDI-J5u6Go"
"naeva.kalderon@edu.tbz.ch"|"lj6wtw-cm&u#g-FeE5Wy"
"anais.oshesnan@edu.tbz.ch"|"YxwnE#-UE3yKX-pAZoUo"
"judicael.anelay@edu.tbz.ch"|"kT59Ob-QaxKj0-XA0kz0"
"eloise.braxton@edu.tbz.ch"|"fs6Z4c-wuIJEo-t94Rui"
"desiree.greguol@edu.tbz.ch"|"v3IaLB-aFjk4F-izlfvY"
"maite.mcclenaghan@edu.tbz.ch"|"ODNb@W-bxPUQM-3tkhzq"
"meng.doret@edu.tbz.ch"|"P40vWK-pp3Ey%-pSYymt"
"frederique.chippendale@edu.tbz.ch"|"dlAF4G-VMtcz5-Yt02S&"
"andreanne.lanney@edu.tbz.ch"|"c1Mt#4-FkOW&i-xa8p3Y"
"aurelie.claus@edu.tbz.ch"|"PNefaw-6llanO-iVln4y"
"renee.pabel@edu.tbz.ch"|"qgBVa&-7@mML@-5ZevmP"
"maena.roust@edu.tbz.ch"|"Lf#Zrx-UT0IO@-pm9suK"
"nadege.carwithim@edu.tbz.ch"|"Opj2el-fYT#Ri-lG%bVv"
"solene.geyton@edu.tbz.ch"|"JXoXrr-ccCAqd-3W8xD5"
"dafnee.avraham@edu.tbz.ch"|"L7oInU-Y$aAEK-bKOJrD"
"leane.woolvin@edu.tbz.ch"|"En6&dR-OA%Ibt-TTy83Z"
"adele.macadie@edu.tbz.ch"|"qmrOVF-Yvg%FL-H5UzTD"
"meline.rubica@edu.tbz.ch"|"2c%P0q-z3nwzZ-BjCjia"
"marie-noel.speeding@edu.tbz.ch"|"MOggnC-GfqlpM-hol3Hr"
"nelie.mix@edu.tbz.ch"|"fKT9fW-tGC5EN-dFO$fC"
"clea.ollett@edu.tbz.ch"|"Nm36WL-qAZWzj-u%7qdS"
"leandre.mcgavin@edu.tbz.ch"|"wEsnV7-eZ@&Eo-qvM1bi"
"cecile.behne@edu.tbz.ch"|"3F2jbE-U0iska-WoGVlm"
"melanie.polle@edu.tbz.ch"|"%PoWku-Z8tffT-tW8J8O"
"marie-josee.titmuss@edu.tbz.ch"|"mKWxyr-CafFD2-fOGLqX"
"helena.guest@edu.tbz.ch"|"awdc9B-og2OUa-AAe8Eg"
"annotes.chicchetto@edu.tbz.ch"|"tQh98O-$W1hqj-Ul6wZU"
"melia.tubb@edu.tbz.ch"|"&#SYnO-20%&wT-KUyBfm"
"angelique.casetti@edu.tbz.ch"|"KwMUCN-E9K0Io-Hf97Fn"
"cunegonde.cleall@edu.tbz.ch"|"mOgERQ-w3CYoy-aosxgc"
"camelia.oaker@edu.tbz.ch"|"iy7stk-k1ZEKq-F9KAnO"
"you.searight@edu.tbz.ch"|"dEv&Eb-7xFo$L-lwGOLb"
"kevina.dederick@edu.tbz.ch"|"cqQGzn-RJtS#v-v9rrx0"
"milena.jeffrey@edu.tbz.ch"|"#78x%U-CzeOaZ-d#M386"
"melodie.barkshire@edu.tbz.ch"|"ItZuH8-8yk9QP-vRnBCM"
"gaelle.kreutzer@edu.tbz.ch"|"cLGKEv-tPulAJ-4EHMw4"
"kalliste.kleinpeltz@edu.tbz.ch"|"D&QI#a-#ySide-g0bCx8"
"clementine.danat@edu.tbz.ch"|"wF%PU1-wa#IdX-tJC1be"
"andrea.wabb@edu.tbz.ch"|"LIOvC9-6s2X4W-fuZPWr"
"geraldine.piesold@edu.tbz.ch"|"6fFhSN-kuq%&o-xYr0ky"
"tan.fiveash@edu.tbz.ch"|"n%&GGp-HY0SbN-gvuEQZ"
"meline.yuranovev@edu.tbz.ch"|"nEfCFt-CaXEYo-ukTrWD"
"therese.holme@edu.tbz.ch"|"2$q0v6-v7yMNQ-aO$psv"
"salome.vaney@edu.tbz.ch"|"vm14zp-Du69zX-3Z9ZZe"
"anae.abramson@edu.tbz.ch"|"035Lgu-jfPUnz-xK#1Ln"
"kalliste.jimson@edu.tbz.ch"|"GiFRN9-WC6Pem-qFmXS@"
"selene.yole@edu.tbz.ch"|"c$H@0b-uA$kK8-QdSLzC"
"agnes.defraine@edu.tbz.ch"|"RbHM%z-IUpvjF-u#mkHh"
"faites.mccluin@edu.tbz.ch"|"fV$iNz-s%aO&u-wSKbLF"
"athena.deme@edu.tbz.ch"|"e#DC&E-aNfRA6-PSa1su"
"daphnee.brigstock@edu.tbz.ch"|"2O907j-jScbI8-tIpuAF"
"goesta.skaif@edu.tbz.ch"|"lxW0ro-1o$Ow1-84&tZv"
"oceane.jagoe@edu.tbz.ch"|"EnL@3t-z8EHzx-oXL1QO"
"annotes.broomhall@edu.tbz.ch"|"@Iyia9-x03yst-orN3iI"
"marie-eve.ballendine@edu.tbz.ch"|"sRr$TW-t53XAD-&eFoSQ"
"melina.spykings@edu.tbz.ch"|"F7fx9b-ufs&sL-RBFbKt"
"laurene.ticehurst@edu.tbz.ch"|"SymixT-&%TVVA-VoQAr$"
"fei.avramovic@edu.tbz.ch"|"IJ#wR9-I3&OyC-IxmH&N"
"publicite.strathearn@edu.tbz.ch"|"BRW@rq-mvlprD-muolJ&"
"torbjoern.garrow@edu.tbz.ch"|"PVqPnc-kx#CBx-Awj$&4"
"chloe.rubinsztein@edu.tbz.ch"|"obPauK-v0oeWb-%PDVN@"
"mylene.demanche@edu.tbz.ch"|"veyYYw-#vh4NB-NK45BX"
"mediamass.godlonton@edu.tbz.ch"|"U2ePFc-xqO#4P-PUwGcs"
"renee.shurrocks@edu.tbz.ch"|"1i2wUb-#d7Xgi-PpdcZV"
"maiwenn.jedras@edu.tbz.ch"|"BfvIVM-Kwx1SB-j$I6Df"
"genevieve.castells@edu.tbz.ch"|"v81n1L-2KMrup-b7emeN"
"renee.sneden@edu.tbz.ch"|"Dwg6XQ-9XHELK-HWFuib"
"lai.mccallion@edu.tbz.ch"|"uE66u2-CsNtU0-5A@wZ6"
"kevina.impleton@edu.tbz.ch"|"JQvoFi-@kB3Gk-u47huo"
"oesten.fresson@edu.tbz.ch"|"&Y0Lpe-QWr&Tx-zIcQ8E"
"verane.shawley@edu.tbz.ch"|"3@VhDx-gL4llZ-vm51OA"
"uo.sjostrom@edu.tbz.ch"|"KpBvkb-5@x6Of-3ZSHfF"
"gisele.gothup@edu.tbz.ch"|"S7QQjc-mhuhx3-ImtSEf"
"renee.beauman@edu.tbz.ch"|"bTV2#a-7WOuUN-LOnEOT"
"elies.loton@edu.tbz.ch"|"pcMOkN-wIa#U#-ZQkN5i"
"valerie.elsmore@edu.tbz.ch"|"Buni@2-HOii0t-LFWd$8"
"berangere.delafeld@edu.tbz.ch"|"rWEStT-VNeW1U-SmHUac"
"bjoern.schimke@edu.tbz.ch"|"RNnQWT-RWBbTh-Z5F0n3"
"loic.ericssen@edu.tbz.ch"|"0eU4s4-1atVqn-J4gf#R"
"creez.richarz@edu.tbz.ch"|"42hXEn-9fJ3&6-fp9Mni"
"athena.grocott@edu.tbz.ch"|"xAPmfV-aq1hzz-o8L0PU"
"naelle.piotr@edu.tbz.ch"|"7N36L5-cR@wq$-Nf90mq"
"maella.paulson@edu.tbz.ch"|"JWe$jP-4o0KEV-EaVSvR"
"song.perot@edu.tbz.ch"|"&%ExMs-lACV4f-gn1%dS"
"kalliste.heckney@edu.tbz.ch"|"3Iiph$-g33TuK-h@mV6k"
"ake.vasyutkin@edu.tbz.ch"|"naX207-jjLI33-kz4i3Q"
"ma.castles@edu.tbz.ch"|"jmQEa0-F9DHwZ-q8IDj%"
"maely.monget@edu.tbz.ch"|"m&RxiN-W%3tWO-hA8%rP"
"tang.durbridge@edu.tbz.ch"|"skmjSL-eNJ4my-p5Ey&&"
"laurene.andrew@edu.tbz.ch"|"kh#a9c-1mPjGX-V0uqq&"
"lysea.beacon@edu.tbz.ch"|"wIHgLu-EoZyq0-M1VDNc"
"leandre.peyntue@edu.tbz.ch"|"QVaRbv-h569hB-hF3u6x"
"rao.trever@edu.tbz.ch"|"Qbld2R-KXpSo%-J2dCWG"
"mahelie.streader@edu.tbz.ch"|"MXb&yM-Sbfu2&-vICMmH"
"maerta.andrejevic@edu.tbz.ch"|"SwN1PF-BmtlvM-UuvgK8"
"goesta.tompkins@edu.tbz.ch"|"sP1LPc-KT6CI$-AFnJHm"
"helena.agates@edu.tbz.ch"|"zZn3hJ-cSRuei-XPqpdb"
"therese.glass@edu.tbz.ch"|"U0nAcK-FxJrcL-p7vNsM"
"alois.foan@edu.tbz.ch"|"ISD$d6-l6dsWY-Tpy@kI"
"becassine.melchior@edu.tbz.ch"|"Bf53JR-ZcxqNf-risfQH"
"cloe.robart@edu.tbz.ch"|"O4tJVy-CNSJuQ-7AOZIB"
"daniele.puckinghorne@edu.tbz.ch"|"kvr3vU-%X$dK%-AuaOyX"
"selene.cammidge@edu.tbz.ch"|"k4F9b1-QNp$3j-@8WMtW"
"regine.conochie@edu.tbz.ch"|"OtxBtH-ntmudk-M4unP5"
"interessant.tuiller@edu.tbz.ch"|"hR9jgI-AU3R$#-tk5jTc"
"long.tiebe@edu.tbz.ch"|"xsS7Oz-LFj3JL-#ev9@B"
"mans.yele@edu.tbz.ch"|"zdVvJz-s0FGnU-WK2Ig2"
"ai.giles@edu.tbz.ch"|"HVdfpc-hQQO92-1OB&xK"
"gaetane.hamberston@edu.tbz.ch"|"6LbO&x-XpF1kB-Fs$tGR"
"marylene.fenix@edu.tbz.ch"|"IscBHd-og%ezL-Y8SVug"
"geraldine.graeme@edu.tbz.ch"|"yliwLu-vH5Zyf-9XU6FM"
"tang.kinglake@edu.tbz.ch"|"Ut8@hN-5qTQ93-sqUv$@"
"lai.challoner@edu.tbz.ch"|"7FVvLd-0K1C$O-43pdL2"
"desiree.mattei@edu.tbz.ch"|"Z1EK5G-QpSCAo-Op3%Zn"
"ake.erley@edu.tbz.ch"|"lI6Noz-XQVkfI-zjmZB6"
"edmee.cavil@edu.tbz.ch"|"BLRGUd-DO#YkP-$@PetT"
"alois.moyes@edu.tbz.ch"|"$8bsq8-HQ#gxq-PcIN%a"
"becassine.pitman@edu.tbz.ch"|"ca6oY1-AQ6FEE-qrLHFR"
"ai.giacovelli@edu.tbz.ch"|"tD5BvV-KYcMpB-T7mnEO"
"judicael.fruchter@edu.tbz.ch"|"oE2#Do-LlNOmt-bmc1Q%"
"mans.mogg@edu.tbz.ch"|"O7cyDx-raPj@i-tw%h0y"
"gerald.foyle@edu.tbz.ch"|"rD4dKV-rcgiqn-zm2P08"
"wa.androletti@edu.tbz.ch"|"euNdE$-Cgisqt-sT6oGu"
"meng.ollett@edu.tbz.ch"|"uufkT0-KZ9ode-a@l9Hd"
"naelle.macmenamy@edu.tbz.ch"|"8@kQLL-UFvZjX-6ydXl4"
"gisele.mcramsey@edu.tbz.ch"|"GHDZfl-TkEmjV-I4aEih"
"meryl.scolts@edu.tbz.ch"|"lKISBX-p@yRti-jZSNKK"
"celia.bloxsome@edu.tbz.ch"|"O&npUa-tD2RkK-Zy5lcj"
"styrbjoern.stuke@edu.tbz.ch"|"phosHT-GXimUX-JQ@csj"
"felicie.gwilliam@edu.tbz.ch"|"pgZaGH-XTvtTu-hlDZsA"
"da.harms@edu.tbz.ch"|"cg@5UW-3I%$Dr-r8@fIe"
"celestine.baulk@edu.tbz.ch"|"#CzVV6-Rk6ksk-M0TRRJ"
"mahelie.blackledge@edu.tbz.ch"|"1XD8K&-jYuBiC-O#p3ez"
"meghane.salt@edu.tbz.ch"|"%tzg0q-4w0DSW-#QC6xt"
"methode.paxeford@edu.tbz.ch"|"x@#nIn-k5jj73-vS92NC"
"asloeg.milligan@edu.tbz.ch"|"2zg1R9-Mcpm2i-UwXjiP"
"you.pellman@edu.tbz.ch"|"WsoM9f-2F$Z4g-nFU3B#"
"loic.regenhardt@edu.tbz.ch"|"Q#RXkp-mu6hJ#-8tu7tf"
"daniele.savill@edu.tbz.ch"|"n5bTq&-hGMXxZ-aY6&zk"
"alois.cornu@edu.tbz.ch"|"UMDn1M-wZbDN3-yFqLSH"
"oesten.govey@edu.tbz.ch"|"Ew8aeY-F@YV7M-BKUxXu"
"marie-eve.louch@edu.tbz.ch"|"H49NY9-y7pyJg-bsNPJ2"
"theresa.wenn@edu.tbz.ch"|"FiSRIa-IVunvs-v1O4Oi"
"andree.eul@edu.tbz.ch"|"6nDZUj-#HBTbo-6TXYY8"
"lie.paynton@edu.tbz.ch"|"grHuPd-DOxD40-XhYm$r"
"marie-eve.girodier@edu.tbz.ch"|"dUjBYz-ahI4zc-aOG0Bl"
"marie-noel.smithe@edu.tbz.ch"|"ougGbS-9VYZLd-7nklaI"
"men.bootyman@edu.tbz.ch"|"pw9#r#-3yRoXO-NTVSkF"
"ku.sugg@edu.tbz.ch"|"LNSn@@-eq2Oa3-Usl9o9"
"lucrece.roseman@edu.tbz.ch"|"%C0tzW-UbhV$S-OtdE94"
"zoe.annear@edu.tbz.ch"|"jyONs5-H%VB9b-onQoVW"
"marie-helene.rennebach@edu.tbz.ch"|"ZrV2sw-jaIPiV-BSKbun"
"lea.djurdjevic@edu.tbz.ch"|"aqEeg7-kvN&6w-a2Jkc7"
"goerel.robert@edu.tbz.ch"|"WYbPN&-7fT7jL-OOtsOK"
"mylene.foldes@edu.tbz.ch"|"24nZdR-MoIhf3-u$JZON"
"faites.clegg@edu.tbz.ch"|"flnNYo-tCfRL9-iB1yqT"
"marylene.crowcher@edu.tbz.ch"|"MSbgA7-g#k$n3-#$nx0D"
"aimee.wimpeney@edu.tbz.ch"|"ljkKXe-$082qf-qTFZsq"
"renee.atkins@edu.tbz.ch"|"Z$eG5W-Kh5o@@-R#fXH6"
"rejane.cainey@edu.tbz.ch"|"$Ok4No-@ZH&Ca-II4HGI"
"solene.britney@edu.tbz.ch"|"C1OrV6-&2%kn&-oiF1uW"
"marten.shatliffe@edu.tbz.ch"|"X@ys%$-NLRsY8-Ck979x"
"maite.issatt@edu.tbz.ch"|"Gqb5@q-aVPjDl-4x#NVW"
"maelyss.edon@edu.tbz.ch"|"n5zeAi-NPaBCU-ymYeAA"
"nuo.bamling@edu.tbz.ch"|"UFlI7E-fbpPI#-xnh6Vp"
"anais.edards@edu.tbz.ch"|"Of4&9A-0Clpon-k4tvZ5"
"mediamass.bromet@edu.tbz.ch"|"ju&B4E-GbEvsj-Jrm5@$"
"beatrice.kimbrey@edu.tbz.ch"|"YHm9A6-bWoaz%-ZDzteu"
"ines.lawranson@edu.tbz.ch"|"enq0Sa-xvyxPg-7Li2e@"
"kalliste.scandroot@edu.tbz.ch"|"QShmbo-dtVedL-w1UTuc"
"mans.barrowcliffe@edu.tbz.ch"|"JYq5Zs-m0OdLI-7qKcAZ"
"irene.couves@edu.tbz.ch"|"p3CZGp-qRfB7B-7B@7mR"
"milena.mucci@edu.tbz.ch"|"eYJbPM-C4u&60-tM5@Wn"
"naeva.cow@edu.tbz.ch"|"WjdwhX-dzTqSG-UnxC6u"
"audreanne.mournian@edu.tbz.ch"|"LTZjs6-bLxNlQ-3Y%oXj"
"melia.sinnatt@edu.tbz.ch"|"b#a#qf-0kJjFN-k2DjvX"
"nelie.burnard@edu.tbz.ch"|"E71abz-FyVMaj-5KJ&fH"
"clelia.ashfull@edu.tbz.ch"|"tgjQrR-Lvd478-eT$I1S"
"lie.macard@edu.tbz.ch"|"ykblOR-mNvT3y-NvPmLB"
"valerie.matoshin@edu.tbz.ch"|"z2#n&&-uqTEL8-uxP0#Q"
"anael.hatherleigh@edu.tbz.ch"|"3J&XSs-#x6hpo-bW2dzo"
"interessant.warratt@edu.tbz.ch"|"z2565N-rORrz@-Rx4nmF"
"eleonore.volage@edu.tbz.ch"|"oC5M$1-GhERCQ-RevAU4"
"zoe.stebbing@edu.tbz.ch"|"@fZOY6-8VS&ej-THAiGI"
"alizee.nye@edu.tbz.ch"|"uBbE&F-uTEbic-qGRYBO"
"celestine.bramley@edu.tbz.ch"|"@Wt5Va-XLvw0M-#Xbg4h"
"selene.philcott@edu.tbz.ch"|"tVtq86-yQGRVO-&8@tBv"
"tang.newens@edu.tbz.ch"|"aeLmmU-BJD5Ek-OL5WmE"
"annotes.powys@edu.tbz.ch"|"w#aHsC-l&j4RL-72&UOv"
"lea.matthesius@edu.tbz.ch"|"Q58jb1-%0ReIP-DesMse"
"illustree.garlett@edu.tbz.ch"|"Pex$4Z-2gae8W-jgbXTk"
"maiwenn.meachem@edu.tbz.ch"|"MyAvmC-HxGE#d-fqkK#$"
"marie-francoise.mcbrady@edu.tbz.ch"|"bDf$SC-8DOBxm-9Rlx8r"
"illustree.gimbart@edu.tbz.ch"|"%u%8A4-RhNKek-d%bvd$"
"melys.lyosik@edu.tbz.ch"|"dZH4Ud-ylw9SI-TkU2Cc"
"marylene.mcnab@edu.tbz.ch"|"O4xkpI-seiIs7-BUpOvG"
"gerald.blount@edu.tbz.ch"|"@Sp9wN-byDPF6-$gzMgr"
"clelia.shakelade@edu.tbz.ch"|"EYrPoK-zhe9XP-Z$7HcI"
"penelope.cridlin@edu.tbz.ch"|"z%%KGv-U5EdqU-MDCzfE"
"maena.okuddyhy@edu.tbz.ch"|"3riXcK-n$QBdU-FGNg67"
"athena.keynd@edu.tbz.ch"|"QpXVRJ-dLgMrA-jkuCem"
"cloe.dwine@edu.tbz.ch"|"0TnrWJ-0gEJTl-37tSyd"
"josephine.browett@edu.tbz.ch"|"OLd&dc-zzdN39-cLFS8p"
"audreanne.oscanlon@edu.tbz.ch"|"38I#g8-pbD%CE-hZUed6"
"fei.jeanequin@edu.tbz.ch"|"sa3GW6-z0cxmp-V2dIQf"
"lois.gormally@edu.tbz.ch"|"FDzEAW-HIe#Jr-2sm4DU"
"marie-francoise.finnigan@edu.tbz.ch"|"d95BDo-18Hqf#-pC0Ygm"
"leonore.trussman@edu.tbz.ch"|"un#xpd-&sTxmn-0Dk#4O"
"anaelle.trumper@edu.tbz.ch"|"jwin87-Jch5WT-5z7TUJ"
"clemence.dionis@edu.tbz.ch"|"SGlXL5-erSJeZ-r#9NpS"
"lois.tranmer@edu.tbz.ch"|"KlmJmw-5LC&VW-ehJpxy"
"interessant.volett@edu.tbz.ch"|"xbbjJn-Vnivso-SSe6fQ"
"personnalisee.deackes@edu.tbz.ch"|"q066AN-kGZJbl-J%oMI3"
"lie.vasiliu@edu.tbz.ch"|"nkFwAP-LIb#V7-6T2Iib"
"dafnee.lamputt@edu.tbz.ch"|"m069qb-99#wpA-ib2XqQ"
"elies.bromige@edu.tbz.ch"|"5$H%ze-kgD15d-Rrvy1Y"
"helena.klosser@edu.tbz.ch"|"g@vBAB-iKuyh0-foQ6Mb"
"andree.grim@edu.tbz.ch"|"OrtCH8-ql3@sj-Q9AQvC"
"verane.coldbath@edu.tbz.ch"|"tfL$0h-IrxTnP-@ZzjgA"
"helena.bethell@edu.tbz.ch"|"ljfiDq-Db2lnp-rNGB03"
"kalliste.carefull@edu.tbz.ch"|"LGyNbe-scfUU&-@pQMgl"
"regine.odams@edu.tbz.ch"|"jbIQtu-pSG3Mr-9RK9kc"
"len.stannus@edu.tbz.ch"|"ylXT0Z-S&jhic-ixHw8w"
"angelique.works@edu.tbz.ch"|"cW$GfX-Kyqkt&-L3QNAj"
"goesta.rheaume@edu.tbz.ch"|"LGWIV9-OIlU3Z-10u%9Q"
"maelys.tynnan@edu.tbz.ch"|"Cl81ti-E7n1pO-&8MPCx"
"maelle.carlesi@edu.tbz.ch"|"j9ruWk-eU&Ls&-4%ndjg"
"anael.spurden@edu.tbz.ch"|"FIkj&C-ObptbZ-ENN0@f"
"helene.pumfrett@edu.tbz.ch"|"Zco3I3-@0G@ct-TCup#M"
"goerel.pearn@edu.tbz.ch"|"E9a41&-O23Zef-OxNm4p"
"laurelie.dezamora@edu.tbz.ch"|"wA6%tW-Q9441%-rcECXj"
"yao.twidale@edu.tbz.ch"|"XVm0FX-wu&Yzn-$zwmVU"
"berengere.sola@edu.tbz.ch"|"3EA#IS-VhLafJ-ZgbcK@"
"maelann.hardistry@edu.tbz.ch"|"6UstF5-72&hWY-efM5UY"
"severine.littlefield@edu.tbz.ch"|"lmDjm4-1%4dPm-R$s0cz"
"salome.heinl@edu.tbz.ch"|"25OC&k-VVKbmm-GqD&cw"
"meryl.warbey@edu.tbz.ch"|"&i1xKy-f&6alD-cdB@b%"
"da.hunstone@edu.tbz.ch"|"BoLR@v-sqwmBs-JwaIb#"
"venus.broadbury@edu.tbz.ch"|"p2ldfk-q&afx&-X0t9s2"
"meghane.rentelll@edu.tbz.ch"|"8TQeSt-5$w1Pu-xWbO7b"
"marylene.drewitt@edu.tbz.ch"|"xF%Jc6-rJWRO&-9@Wmsh"
"melinda.jacquemet@edu.tbz.ch"|"uxeDL9-PhYKko-dZJ9ah"
"marie-josee.keyden@edu.tbz.ch"|"U$nW0S-SJ4Rf%-MNkcJf"
"asloeg.montacute@edu.tbz.ch"|"qcwbf7-0zh4Ju-jzvnPv"
"ku.andreou@edu.tbz.ch"|"$kUuhi-OPrZL&-9Kz11W"
"personnalisee.feaveer@edu.tbz.ch"|"OaqIhe-E2hDIM-GhaIl9"
"laila.emptage@edu.tbz.ch"|"IgvAqs-GtHywq-ldhXul"
"bjoern.dawdry@edu.tbz.ch"|"wiNAJ8-HgkXKZ-m$LXST"
"marie-eve.dinsell@edu.tbz.ch"|"XPDvOb-SHZRZP-I4S%4X"
"helene.follett@edu.tbz.ch"|"e4S&RT-%JSFFt-ffs6vL"
"penelope.cordero@edu.tbz.ch"|"MRvz1$-44z0GF-bINc0n"
"boerje.beedell@edu.tbz.ch"|"NnskRl-hvAFSf-NvG1Q6"
"nelie.ferne@edu.tbz.ch"|"s88k3J-7%UHtm-8W3bTk"
"celine.ahmed@edu.tbz.ch"|"2juSdS-Tnvdbl-UY4ZMR"
"stevina.pimblett@edu.tbz.ch"|"ckkU6j-fKLs7V-O7OlgR"
"chloe.langlands@edu.tbz.ch"|"l5oXa6-0i16Rn-oNMHCK"
"simplifies.maude@edu.tbz.ch"|"lu4Wu%-W&F$$B-n4Cmmr"
"genevieve.decarteret@edu.tbz.ch"|"2I1QSH-@CML5C-7F14L$"
"marylene.mughal@edu.tbz.ch"|"XqifSD-5goBsO-v#58tY"
"goeran.guttridge@edu.tbz.ch"|"4Asm5l-VdPSJH-cnidWo"
"michele.smurfitt@edu.tbz.ch"|"HROa#Z-xWXHBw-DYK0mK"
"methode.hadeke@edu.tbz.ch"|"i@ncq8-knPBr2-$SM1M9"
"therese.rispine@edu.tbz.ch"|"wWdZ$0-Kr75Pr-B@9uxb"
"goerel.plumley@edu.tbz.ch"|"SuaYQ7-1F3lzs-9P%Exe"
"oceane.friett@edu.tbz.ch"|"dIldag-gBYpdc-0V1OsI"
"marie-noel.achromov@edu.tbz.ch"|"yMXw15-nHnHAp-kjEAyF"
"dorothee.storek@edu.tbz.ch"|"TNos&F-XLkJtI-B3G3bG"
"goesta.whittle@edu.tbz.ch"|"I$NRbx-PI&ruV-$TWeuW"
"desiree.casely@edu.tbz.ch"|"gOjkU0-0Mjrb7-iLRhos"
"felicie.condon@edu.tbz.ch"|"gZX@MS-OsStN#-nywej1"
"maelyss.frisdick@edu.tbz.ch"|"4yBCVk-PCkKZm-IBMFl9"
"aimee.banke@edu.tbz.ch"|"$63&2C-RHfdzG-M7z5Pz"
"naeva.hodcroft@edu.tbz.ch"|"nW1&FW-rkS@F5-PFIjMO"
"laila.gerrans@edu.tbz.ch"|"OSKv7o-ggZ73X-s2N$a#"
"daniele.scrimshire@edu.tbz.ch"|"aM1uyt-Q#yqh$-z03Sjc"
"daphnee.sheerin@edu.tbz.ch"|"3uMcQl-4iFzSP-cGf70&"
"pal.vanyukov@edu.tbz.ch"|"YAVf1X-LjPCSK-C9wV0h"
"zoe.childs@edu.tbz.ch"|"NERpEA-AZZ98O-odholT"
"ai.corde@edu.tbz.ch"|"jjwsJ@-XaErmX-0cYH8r"
"maelys.berryann@edu.tbz.ch"|"L@mg4Q-R%cx14-LWnO2i"
"cloe.gladding@edu.tbz.ch"|"dHDHeY-WxmlMU-Sjw8oy"
"wa.kinnaird@edu.tbz.ch"|"Xjuuzn-immZHB-B#%%V8"
"publicite.brittoner@edu.tbz.ch"|"rM5v5#-knW3Ws-2vFoqQ"
"rao.windress@edu.tbz.ch"|"fL@MeO-6yB5mh-A9bttB"
"uo.kollach@edu.tbz.ch"|"sFqpGG-A7kljs-EjIm13"
"josee.peskett@edu.tbz.ch"|"lOdnA&-RjTCfJ-$peFfR"
"annotee.hasel@edu.tbz.ch"|"mrZlc6-njVlgV-k5RPcd"
"cinema.lee@edu.tbz.ch"|"tFpT@R-&v0L&Y-%IVudq"
"lai.vedeshkin@edu.tbz.ch"|"dZZ25n-idMOXv-mkyRIO"
"renee.brisbane@edu.tbz.ch"|"UjFZiL-Lu@kIA-caq@o3"
"ophelie.blincoe@edu.tbz.ch"|"7E2hT@-kA8gro-Zc5VOb"
"zhi.prazor@edu.tbz.ch"|"DZdh9H-9p6&N4-@qGbvb"
"annotee.maddicks@edu.tbz.ch"|"cQA1Jp-Ugkzoc-0#MSw$"
"maelyss.codd@edu.tbz.ch"|"Zs43EX-&9p2Vf-xKdK9j"
"celia.peplay@edu.tbz.ch"|"oXpz&t-wyhr3L-LeOwl6"
"interessant.skone@edu.tbz.ch"|"IoyAL6-KQcgW7-zBpw@h"
"audreanne.hebdon@edu.tbz.ch"|"XGCATz-FDX7rZ-iCd12L"
"oceane.glen@edu.tbz.ch"|"YuZEUG-y2PUpN-SaQGij"
"daniele.vanyushkin@edu.tbz.ch"|"ZBcNqZ-NT@vs7-2u0dz6"
"daphnee.ayce@edu.tbz.ch"|"biOmcR-duiD4b-py1ziM"
"andrea.attride@edu.tbz.ch"|"hCCsXo-jTdTvs-dsbex3"
"penelope.bridgwood@edu.tbz.ch"|"ztVY4$-dbHbu3-%w8hag"
"mailis.drewitt@edu.tbz.ch"|"PYHhEM-y7n$Ah-1lmXpA"
"penelope.mollene@edu.tbz.ch"|"s4tNL5-3Y8@1R-45ju1H"
"illustree.keely@edu.tbz.ch"|"f7ephi-RWY@$h-0MRjFm"
"meng.brisseau@edu.tbz.ch"|"85d7pO-vkMhEH-FRoc&H"
"ruo.cleiment@edu.tbz.ch"|"$c7Lj4-7O1xUD-HtRlH4"
"maite.krammer@edu.tbz.ch"|"urY0qP-YUvKDG-8bWvxT"
"genevieve.verry@edu.tbz.ch"|"#R6qW5-aLz8JA-uGS9HN"
"lea.olochan@edu.tbz.ch"|"HI1jn%-CRaKTA-8A19JY"
"naelle.brunnen@edu.tbz.ch"|"t6yBOx-BExidI-ewOX%h"
"goesta.bragginton@edu.tbz.ch"|"C3B6y#-qKNfxl-SvYWR6"
"fei.danilyuk@edu.tbz.ch"|"VgiuLu-3bFOSc-J2szbP"
"adelie.turbitt@edu.tbz.ch"|"xWrc2#-dijhn6-nHL88v"
"marylene.nutman@edu.tbz.ch"|"OhpzYr-etMiqr-95Er%9"
"therese.barbrick@edu.tbz.ch"|"4LTMB@-BnbNBi-bbA&Po"
"melys.kolodziej@edu.tbz.ch"|"uKTIWs-y1Zw02-rH&sIQ"
"melanie.runchman@edu.tbz.ch"|"WgQK12-fanPMA-fT8Ly7"
"serena.lafond@edu.tbz.ch"|"dXGiux-jmdiLG-wXopzl"
"pelagie.desmond@edu.tbz.ch"|"WA4mzF-v8PpqX-y2LRBn"
"wa.spickett@edu.tbz.ch"|"P34iR8-JKDrR9-TFDKM$"
"po.shave@edu.tbz.ch"|"xcqm8w-9GKCqR-SdbW58"
"song.huikerby@edu.tbz.ch"|"CBrqAh-d5Sp3s-Q4DWkR"
"melinda.bimson@edu.tbz.ch"|"RZXVoL-lnfKMS-UrkQoF"
"personnalisee.toffanelli@edu.tbz.ch"|"pgeL@b-h5bV@p-#21CjM"
"leandre.hurn@edu.tbz.ch"|"XOScnK-Xj9$wI-hGy56E"
"oesten.standell@edu.tbz.ch"|"q9iK%j-mlfeh2-ZX37vi"
"naelle.smaleman@edu.tbz.ch"|"izrnm6-X1Bzn@-hb0ft8"
"berenice.tayt@edu.tbz.ch"|"cFP$Bt-PCsWb9-CT1Xy9"
"kui.popplewell@edu.tbz.ch"|"Y&ttny-TO4Yw7-DKqmRf"
"melodie.ferandez@edu.tbz.ch"|"t27nG4-bXbPDL-LdVZIS"
"josee.negal@edu.tbz.ch"|"xS2pyi-W%ykCw-OwO3WW"
"melissandre.ferrelli@edu.tbz.ch"|"@l3E#x-AZtftx-QeMlcO"
"josephine.kemmer@edu.tbz.ch"|"@XmVR$-mQQL&P-E5a9JA"
"maely.cayette@edu.tbz.ch"|"3d4KNF-TE0uPS-c5yqZE"
"nelie.vela@edu.tbz.ch"|"Kx7oOm-JlI%lf-Qz84KQ"
"melina.cortes@edu.tbz.ch"|"p7&Rwc-4IvtDE-BxIwwR"
"megane.leyshon@edu.tbz.ch"|"&Oywh1-vlKcKo-JI7N$@"
"regine.harrie@edu.tbz.ch"|"jU02%4-%7Hk9v-J3Dzx3"
"mylene.widdison@edu.tbz.ch"|"0#iClt-GDbt%V-8PSA4C"
"pelagie.vivash@edu.tbz.ch"|"KMJn3A-@sXW7q-K66KCs"
"styrbjoern.vicarey@edu.tbz.ch"|"#Nz71D-Dc&VZE-ejE5rI"
"long.kyles@edu.tbz.ch"|"KvAhzj-65XCjo-S2$e27"
"stephanie.gipps@edu.tbz.ch"|"Fe3GId-Chyx#G-bBUvJy"
"clea.constantine@edu.tbz.ch"|"5$eGi%-HYgXOw-Al3JcD"
"maella.cometto@edu.tbz.ch"|"cgrk#C-V@v1mm-V5&pwy"
"laila.aubrun@edu.tbz.ch"|"KVGPJL-oxAust-GUBCu2"
"yao.austins@edu.tbz.ch"|"T8&zi%-TrU#sP-r%Y69w"
"mailys.rylstone@edu.tbz.ch"|"w6eZNj-dLx16@-q24bju"
"adelie.curuclis@edu.tbz.ch"|"7gscee-kt$bcr-wn5NDX"
"celine.longhurst@edu.tbz.ch"|"QxnxZ5-u5n#eD-H0Y3Vs"
"gisele.hazell@edu.tbz.ch"|"fwMeWo-q3zWBR-l&ZXH#"
"celestine.ciccone@edu.tbz.ch"|"Z8iLas-aUg7#m-g9$PJI"
"maelyss.doole@edu.tbz.ch"|"nAwkHw-pGT4WS-806yKh"
"helene.grimsdike@edu.tbz.ch"|"2#cSEZ-%#uTfQ-ROrgM1"
"lie.macer@edu.tbz.ch"|"KXeIKn-dHBg@G-sA0Wfl"
"maely.izard@edu.tbz.ch"|"Xt6k1a-aDyz9j-zcH8GP"
"erwei.breewood@edu.tbz.ch"|"G64u&B-x86W&A-mlBAhk"
"chloe.woolford@edu.tbz.ch"|"7X4BNI-xmAiPB-BEYdtP"
"cleopatre.turpin@edu.tbz.ch"|"LIx0IP-zT#2o8-bTI4n0"
"melodie.surgison@edu.tbz.ch"|"X1%Y@9-#1cbvg-5ybK7$"
"elies.leander@edu.tbz.ch"|"hD5K2C-0lzR4h-HOaVnB"
"mediamass.reignould@edu.tbz.ch"|"dZUSp6-4Mc6BL-KRi3Mm"
"celestine.wasmuth@edu.tbz.ch"|"xq1vYm-3x92a1-hyG7nj"
"marten.jervis@edu.tbz.ch"|"fcIjs6-m1&iFq-b2WLcj"
"daphnee.bour@edu.tbz.ch"|"iS0Er3-YwwxMR-SP$x74"
"regine.harlett@edu.tbz.ch"|"7Q$3Ow-Qkiwb9-Q1&KDF"
"noemie.macaskie@edu.tbz.ch"|"osj244-cr#DZ$-6LJiM0"
"loic.renfield@edu.tbz.ch"|"Aff@Mj-UaP4sa-n7fa3f"
"venus.kleinert@edu.tbz.ch"|"RyNp0b-A6v%Ch-6IZonu"
"marten.burlay@edu.tbz.ch"|"&dx989-5lCg@@-eN0$5t"
"berengere.radsdale@edu.tbz.ch"|"XPK%Hk-gWb#M2-&VkI2W"
"genevieve.duckit@edu.tbz.ch"|"5sZ3WW-xbhb#H-henzvD"
"maely.ligerton@edu.tbz.ch"|"3FO6wo-F$27gi-zE2V%%"
"maeline.ricciardelli@edu.tbz.ch"|"MvQJnI-cyWX6F-qeM54C"
"personnalisee.yggo@edu.tbz.ch"|"$or%Gq-gN0Z$y-Ljv&NC"
"alizee.pettinger@edu.tbz.ch"|"uoog3v-ttJIXr-iLp1%e"
"desiree.curnnokk@edu.tbz.ch"|"Obvk@N-0LyBzW-DInSFY"
"dorothee.minors@edu.tbz.ch"|"0d$ljo-O8UQ@v-ZJU71Q"
"oceanne.kopmann@edu.tbz.ch"|"9YZiHC-3FbCI4-m3e5MR"
"almerinda.brodbin@edu.tbz.ch"|"Kjm7yU-ZZZnAN-Yqv$vo"
"yenora.carsberg@edu.tbz.ch"|"rhYcbQ-M&Sm&N-w0fG1s"
"wa.beetles@edu.tbz.ch"|"BQsmb&-pZk64v-PpCDXc"
"audreanne.abbot@edu.tbz.ch"|"MRVaQo-Hrt@m8-HwwL$F"
"noemie.capper@edu.tbz.ch"|"5gAg#b-%lKHum-%btWKw"
"mans.abramamov@edu.tbz.ch"|"FBfnK8-VnOFlX-Y0h30%"
"audreanne.blakey@edu.tbz.ch"|"st%SsH-IiFnbX-hUJ@7#"
"leone.klimpke@edu.tbz.ch"|"YTge%M-7kia3r-Lx4L8&"
"lie.croston@edu.tbz.ch"|"wiV2@8-KNKr7i-RdsZRN"
"anaelle.baistow@edu.tbz.ch"|"WkJ&wc-dOAFlU-lZiB$C"
"michele.garwood@edu.tbz.ch"|"&EITk%-yW&VgJ-kAd6ul"
"interessant.albion@edu.tbz.ch"|"c0nKoM-eBEy5R-hLygMo"
"andre.brisco@edu.tbz.ch"|"atHCpT-%1%E@8-81ugKu"
"tang.totterdill@edu.tbz.ch"|"d9b12y-&j6pe7-HP%7r2"
"marie-josee.braundt@edu.tbz.ch"|"RPYRLI-ECvAwI-ngBBMb"
"lois.galer@edu.tbz.ch"|"YoazVV-&mRADO-x4DS6S"
"faites.pellamonuten@edu.tbz.ch"|"1oukUa-DMWDs%-9@8QdZ"
"mai.barfford@edu.tbz.ch"|"V&%NBS-@9mA3n-sg@qjT"
"laurene.macilory@edu.tbz.ch"|"4Y2%tw-LIpKaT-@jOSP5"
"elea.peak@edu.tbz.ch"|"#FJeTS-FuzXn1-28E7To"
"rejane.doni@edu.tbz.ch"|"JpsFSh-phNQE#-GhSTUw"
"mahelie.ector@edu.tbz.ch"|"bEPrez-eo$eHE-XcQ3W$"
"rachele.allum@edu.tbz.ch"|"3QeiI4-8E1yJ6-eX&%GW"
"laila.gerretsen@edu.tbz.ch"|"cXghnp-rBee9x-Vff6vb"
"ines.bowman@edu.tbz.ch"|"JZ7Kn#-14Lk3k-qo$mlW"
"publicite.barbary@edu.tbz.ch"|"Gh@ic1-sj9QIp-OznCT5"
"mailys.smooth@edu.tbz.ch"|"R5V5qd-0uaVxO-ig6U&R"
"mailis.huguenet@edu.tbz.ch"|"zAGZO5-MbCkSN-#mkA7Y"
"lea.ewer@edu.tbz.ch"|"SC9X#N-80Xqpy-BWGDS6"
