"email"|"password"
"melodie.vandervlies@edu.tbz.ch"|"IEkPWb-OTu86b-dwD@Av"
"angele.edgecumbe@edu.tbz.ch"|"9xpRti-D0TTK4-Hm&dEY"
"zhi.andreasson@edu.tbz.ch"|"Nl3oJC-mixdJi-K@v7hY"
"judicael.koppeck@edu.tbz.ch"|"UDr8aV-FUf12G-X@1b3O"
"berengere.capron@edu.tbz.ch"|"mplYfd-#UmdQh-bZullh"
"leonie.brosini@edu.tbz.ch"|"18v5Od-hOuVFK-@drvjz"
"venus.garfit@edu.tbz.ch"|"9GyXyE-Ff8@jW-puUs82"
"melina.janota@edu.tbz.ch"|"hw8e%Q-cp4#iR-B9ZwD9"
"laurene.bake@edu.tbz.ch"|"Hsxdgj-W&Tdr0-u#&Ffg"
"regine.dorkins@edu.tbz.ch"|"qA&Jwm-h9@es#-sozReP"
"cecile.moffet@edu.tbz.ch"|"iP9F%s-yMkr4M-jxr%sB"
"maelann.labrone@edu.tbz.ch"|"ip25@2-no1a%H-Kl6$uS"
"melinda.newbold@edu.tbz.ch"|"6c#j7j-CN&lqN-bRULT2"
"mans.itzhak@edu.tbz.ch"|"gdKJDY-xmmo60-onHOZf"
"melodie.pattlel@edu.tbz.ch"|"YFzOHR-yZ3AVi-bpr3YU"
"celine.bonett@edu.tbz.ch"|"rQSwg%-FUHSpx-MfAO%g"
"adelie.mcgreal@edu.tbz.ch"|"vOSh5W-0N$mUs-sppNUB"
"helene.soldan@edu.tbz.ch"|"pXA6aV-65orst-#&mHfG"
"michele.cluer@edu.tbz.ch"|"aamr$i-xcLqsh-WdmJJ2"
"maeline.mueller@edu.tbz.ch"|"#bLWwB-jtc$AH-vcB4Bp"
"maelann.benedito@edu.tbz.ch"|"4@$9dn-isUJ6O-oZdlLv"
"nuo.gransden@edu.tbz.ch"|"2YjpDH-lITANg-IC0#p1"
"berengere.stainton@edu.tbz.ch"|"hmvAEq-AqQSQN-zrObPi"
"wa.sabater@edu.tbz.ch"|"#ocdsl-i61#L2-c@45sm"
"anais.cochran@edu.tbz.ch"|"hfPbj#-2@TkU@-VfGHE0"
"gerald.bessant@edu.tbz.ch"|"#$ZqR3-g5Nu%d-bqsz%@"
"ruo.coffin@edu.tbz.ch"|"zNbo#B-nD%XU@-u%TzFb"
"melodie.mustill@edu.tbz.ch"|"PcYnJR-#@FJ@t-34@$Pl"
"ruo.stanesby@edu.tbz.ch"|"&xlEyv-#qyBFE-LdABUm"
"noemie.antognelli@edu.tbz.ch"|"e1wFe#-iJ@sO$-p18Xsn"
"maelann.hughson@edu.tbz.ch"|"biDDwf-MZ3jn6-2%Wtf9"
"milena.mieville@edu.tbz.ch"|"LPn&7D-WkEqog-snpNZh"
"mailys.chamberlin@edu.tbz.ch"|"d$As9F-G%Ghnz-PQrcR8"
"nadege.tomalin@edu.tbz.ch"|"yU$y9$-u#j883-2XwW9g"
"oceane.omara@edu.tbz.ch"|"XfR6rv-s%FPs@-955eg%"
"cecile.aguirrezabala@edu.tbz.ch"|"PgrKTl-TKGk66-4EYnuE"
"maella.gwillim@edu.tbz.ch"|"yc30uJ-t8PvQ0-#aa08W"
"lea.mcgahey@edu.tbz.ch"|"F2MeTc-e%8gcR-v9LtGY"
"laurene.hagerty@edu.tbz.ch"|"vY2sQv-II7cZ1-u8vytw"
"dorothee.link@edu.tbz.ch"|"DexV6g-x434N4-jsivpJ"
"clementine.kynsey@edu.tbz.ch"|"5JoHry-sXGB5u-bbPGJe"
"lorene.smitherman@edu.tbz.ch"|"7Vij#@-2IMLos-3xjNSv"
"cleopatre.klulicek@edu.tbz.ch"|"MZF&VI-MuMJyL-uySgdL"
"laurene.castaneda@edu.tbz.ch"|"U#j1@1-sWMGeH-WpZZox"
"melia.constant@edu.tbz.ch"|"vmA3Ak-&BvC1d-JkpCSy"
"lucrece.clunie@edu.tbz.ch"|"tfzU2G-M7hlmD-$riWUG"
"eleonore.mcmurthy@edu.tbz.ch"|"yWN#mq-5&3qqR-wR8Wed"
"melia.bevar@edu.tbz.ch"|"Cho&VJ-kcRLrF-p6340D"
"camelia.bontine@edu.tbz.ch"|"bJqg9F-cQwQjo-AADKeL"
"methode.jozefczak@edu.tbz.ch"|"kliZ6R-ukfcqM-eN$@6n"
"audreanne.hinsche@edu.tbz.ch"|"4JSPhH-r8r6E7-evYC%N"
"andree.varne@edu.tbz.ch"|"sSu#iC-4TSRP1-yCKE@d"
"marten.kinleyside@edu.tbz.ch"|"CiVQr5-YOEy4E-sC#dYY"
"esteve.mcewan@edu.tbz.ch"|"gYc&j9-zFErFs-78kV1i"
"leane.dibbert@edu.tbz.ch"|"1IGD%#-mh9Lr%-RkWuhM"
"ma.thewlis@edu.tbz.ch"|"kqFaBU-5QkIvd-Jhg0#d"
"clea.djurkovic@edu.tbz.ch"|"L70lRG-8tQztg-MQfJht"
"rachele.reburn@edu.tbz.ch"|"$9iHLC-BmGXJa-bcaJYM"
"gerald.gowling@edu.tbz.ch"|"Tnx6ni-kcTep@-eGS6Y9"
"cleopatre.jackson@edu.tbz.ch"|"z21AR$-hKjOnf-G87Nj7"
"desiree.haskins@edu.tbz.ch"|"SfluVn-KEd0xY-SMWg3o"
"eleonore.longson@edu.tbz.ch"|"EatmLz-uuGRjk-oKIat4"
"leane.dybell@edu.tbz.ch"|"uXmzKS-OPBBkJ-I5xj9D"
"becassine.grzesiak@edu.tbz.ch"|"JH5GYc-hQ2Ty@-fG&XUs"
"marie-josee.pickin@edu.tbz.ch"|"QzQXeU-%cwkJ5-w7rQPU"
"marie-josee.roxby@edu.tbz.ch"|"pgN5@Y-pLB27l-1BvxRY"
"leonie.feenan@edu.tbz.ch"|"MG80X4-dp6t09-Lz7VET"
"valerie.ellum@edu.tbz.ch"|"PcDxNS-a@fEOn-qrj$D6"
"ju.caseri@edu.tbz.ch"|"Tng8b6-eZ$2M7-1L@zq1"
"boerje.strangman@edu.tbz.ch"|"JG638J-M26HQ8-NFYwhy"
"beatrice.ghidelli@edu.tbz.ch"|"hLw5F#-po9tjT-c#c1cs"
"da.jablonski@edu.tbz.ch"|"Z51ETH-MkT9MI-ohWs@T"
"uo.beveridge@edu.tbz.ch"|"gCN71I-Omy3MW-cG%gA@"
"valerie.bestman@edu.tbz.ch"|"O1vbZC-8u0sv4-C3D1pI"
"marlene.pohls@edu.tbz.ch"|"ypz3sD-3ssTBk-uchW02"
"ma.nolda@edu.tbz.ch"|"20vxSx-vzu9Zb-ttUlue"
"marlene.bisiker@edu.tbz.ch"|"xpP5EJ-xDV%BD-zkBeQG"
"estee.babon@edu.tbz.ch"|"md3c0B-pkcV&x-Se%POD"
"simplifies.dmisek@edu.tbz.ch"|"Gf3VJM-EJndQo-bjfmCM"
"selene.ganing@edu.tbz.ch"|"VMU183-1Uad4#-lIdLm9"
"meryl.penke@edu.tbz.ch"|"iqAAQz-8pCL5C-EVmGmC"
"anais.rawcliff@edu.tbz.ch"|"6GPZKj-U%2DmF-hesf8N"
"melina.andri@edu.tbz.ch"|"9UeHb3-jJOP$L-daJ#9L"
"audreanne.fodden@edu.tbz.ch"|"6DY$rY-rjnhMz-h#xrgf"
"bjoern.spellesy@edu.tbz.ch"|"%UwiNK-82mpTk-y$Siut"
"francoise.summerscales@edu.tbz.ch"|"&buK4D-C%1B&R-Q8eiNf"
"laurene.ashtonhurst@edu.tbz.ch"|"BTIj@W-NCPXcu-UEiEcV"
"valerie.petters@edu.tbz.ch"|"IbVBEe-l8Qqyq-VjANeE"
"anael.spenclay@edu.tbz.ch"|"r74crO-G@2VKt-OZs%Kk"
"stephanie.keech@edu.tbz.ch"|"TMs5Sr-o8Q4f5-HX#%R8"
"ines.deveril@edu.tbz.ch"|"5Pb2KO-hnPt#g-FAZKIj"
"berenice.gelder@edu.tbz.ch"|"@SiE#k-8GafiJ-WvcZAe"
"melanie.ofogerty@edu.tbz.ch"|"7I50tx-S82M$2-I4#3qY"
"frederique.canepe@edu.tbz.ch"|"MLUMRJ-5OPaWx-6YLEq1"
"nuo.otton@edu.tbz.ch"|"lVqw7r-wTkKHV-iSC2G$"
"genevieve.trusler@edu.tbz.ch"|"R7NaeU-1fF73v-MUirTe"
"ju.boag@edu.tbz.ch"|"BHonzT-jqSh9O-8SHzaS"
"josephine.dilucia@edu.tbz.ch"|"%FHgkh-wW0wks-0xD&GK"
"laurene.armsden@edu.tbz.ch"|"Mt1IjJ-T9Xo2O-XTUxW6"
"becassine.griffe@edu.tbz.ch"|"PVlvyD-ghQnhd-X74W%v"
"alois.parres@edu.tbz.ch"|"4CKePV-D8I33x-8QnQx7"
"cleopatre.gaffey@edu.tbz.ch"|"e8Pz%$-OJTgSI-MmhBLG"
"andre.stiger@edu.tbz.ch"|"$R&0SG-ZHj%M@-lgM8Qs"
"beatrice.godleman@edu.tbz.ch"|"8@7iRh-u05rBG-KhWIpT"
"hakan.harrhy@edu.tbz.ch"|"laaIKc-k&8ZzO-tCPnV6"
"celestine.dagnan@edu.tbz.ch"|"zY@NE#-$td#@5-J$rbbb"
"clemence.haggart@edu.tbz.ch"|"7$Mt@$-7yh$oj-8qFWTp"
"long.caban@edu.tbz.ch"|"8MCKbS-k78ucZ-f3X2DY"
"gaetane.grimble@edu.tbz.ch"|"egG6Ks-mmxybC-vlxCsj"
"maelann.piwall@edu.tbz.ch"|"Hfd6eN-&qtp7a-XZ7Q&1"
"magdalene.loble@edu.tbz.ch"|"lY5EY3-obCokO-Kc&PZX"
"veronique.domaschke@edu.tbz.ch"|"A6F0Hh-NBguaU-sabzMw"
"clea.herity@edu.tbz.ch"|"#2sCLV-bLdYC4-Wj1zIc"
"maelann.bambrough@edu.tbz.ch"|"ZLD2FM-tZrLrF-gwKCUJ"
"clea.goulstone@edu.tbz.ch"|"%4uzmD-CTN6l@-IB80mh"
"renee.deleek@edu.tbz.ch"|"ZRhNKo-Pw@PsF-a@DKJB"
"boerje.rudderham@edu.tbz.ch"|"73siek-1OC&xL-ho9ehx"
"marylene.broune@edu.tbz.ch"|"Ci%L7s-ysMYtF-3Uddj6"
"nadege.mccuish@edu.tbz.ch"|"0s6$j0-LJB021-6odokf"
"anael.littleover@edu.tbz.ch"|"mB2&5P-5oohlY-YxsM2g"
"lie.baume@edu.tbz.ch"|"cfWf41-pv@jws-jcBLqu"
"maella.murrow@edu.tbz.ch"|"5NOAzW-#7$pcT-t6Z9II"
"cleopatre.pettifor@edu.tbz.ch"|"SHL2Ug-@2qczW-zO8afC"
"geraldine.asker@edu.tbz.ch"|"YZej1B-kdIZI1-tU2Qxj"
"gaetane.smedmore@edu.tbz.ch"|"K%Impq-ZWDMcH-tqX58Y"
"meryl.blencoe@edu.tbz.ch"|"dm1xJw-CiGoQA-%ks@2d"
"aurelie.chastaing@edu.tbz.ch"|"sG6LFB-zvfIi6-tj&Q0F"
"oceanne.marthen@edu.tbz.ch"|"vZjK77-ST9P8M-ONkf&v"
"dorothee.burrill@edu.tbz.ch"|"kQW6h8-#7O9Nc-2b87eL"
"hakan.belden@edu.tbz.ch"|"&btSKz-7KNa4X-%kUe7C"
"celine.brunning@edu.tbz.ch"|"fDVgPU-L9vDiX-MBxm82"
"anael.lapides@edu.tbz.ch"|"UfKVi6-B3kId$-SzbuPa"
"ruo.saffran@edu.tbz.ch"|"3AuTyA-ELeg9@-okmyPH"
"loic.gerretsen@edu.tbz.ch"|"M49nAP-hr51tL-SDbbSC"
"rui.fitzer@edu.tbz.ch"|"b37&F4-Kn0ovf-x&iuHj"
"annotee.ogers@edu.tbz.ch"|"cxKeQj-95y4nI-WMT32V"
"boerje.bindin@edu.tbz.ch"|"a77Tzi-ojRk9M-EpeBWY"
"ma.cronchey@edu.tbz.ch"|"zh7fVg-hq2pN@-Qx$oMM"
"laurelie.baiyle@edu.tbz.ch"|"178QxG-IZPQ7y-acv2iN"
"dorothee.older@edu.tbz.ch"|"YIDzee-Qwbwki-y5XPk0"
"laurena.wile@edu.tbz.ch"|"n2RKck-GIiMWs-Xidpqz"
"clemence.brito@edu.tbz.ch"|"$IAIqc-6srkRa-Jm5%Nm"
"nadege.dallin@edu.tbz.ch"|"RJ1#EJ-cVRTIv-SHNfFv"
"mailis.matley@edu.tbz.ch"|"swS4Hy-0w$IYV-k%NvIE"
"daniele.screaton@edu.tbz.ch"|"M%hEjF-jqKJ4K-DFRwFo"
"mediamass.godly@edu.tbz.ch"|"Xl%eJY-%2QEiG-SPfzlS"
"leone.kremer@edu.tbz.ch"|"N&503R-yNX8t9-aCavGU"
"asa.adrian@edu.tbz.ch"|"JMMvrb-YAG3qc-3h@rnQ"
"adele.doley@edu.tbz.ch"|"UYpGcS-%7wDwV-9xbLOe"
"fei.sidney@edu.tbz.ch"|"c5tdwD-kXg7VI-c63njT"
"marie-josee.walisiak@edu.tbz.ch"|"dp2Bg@-CM9ho5-5bYG7q"
"desiree.diplock@edu.tbz.ch"|"IRUH#a-j$$Td5-6Q@5Ay"
"gisele.schust@edu.tbz.ch"|"CMNTMF-2FdJMl-IQg@Ph"
"ma.longshaw@edu.tbz.ch"|"XvJfIN-k1O6BV-$hS@b&"
"da.boother@edu.tbz.ch"|"%hCY6E-0ZbAeH-Yb&j5m"
"simplifies.chaudhry@edu.tbz.ch"|"z8uBbP-LMirAq-vWdJvA"
"garcon.baniard@edu.tbz.ch"|"rcLvHV-l0bxdA-ihx#iW"
"gaetane.elphee@edu.tbz.ch"|"tvfML4-RByjEf-mqRk07"
"gisele.hassey@edu.tbz.ch"|"oqdj9V-QpiOnh-X87U5E"
"oceanne.booley@edu.tbz.ch"|"PVCiJr-HcGbIP-gv$&aQ"
"oerjan.dibden@edu.tbz.ch"|"MDorLA-tSErls-l9F7oc"
"regine.ocleary@edu.tbz.ch"|"oZFOfT-lmhCHZ-JaxWKu"
"selene.persse@edu.tbz.ch"|"WdEOS#-pV$NQt-F9PId7"
"helena.adenot@edu.tbz.ch"|"jIL#Pq-dprs%Z-&Iq7Zl"
"maelann.wassung@edu.tbz.ch"|"Ym7j8I-xp#1w7-7Lt3Qq"
"frederique.ackermann@edu.tbz.ch"|"eAw%Nh-PZHid0-9WIObn"
"audreanne.kahen@edu.tbz.ch"|"LJoGj#-%0WBID-SiLBLr"
"maiwenn.lasty@edu.tbz.ch"|"FZCfaT-@d5q#Q-L2SGMM"
"yu.dictus@edu.tbz.ch"|"v%OP#J-5H9G%s-wEIEBJ"
"anae.dukes@edu.tbz.ch"|"oj8ztW-DMLw5K-ghY&vi"
"yenora.warr@edu.tbz.ch"|"Fgtx6z-85neLM-re3@LM"
"esbjoern.archibold@edu.tbz.ch"|"J$9Ejs-YI$8NL-FeC&c7"
"milena.pardal@edu.tbz.ch"|"96s9kj-X5#hCp-afXaBn"
"celestine.graveston@edu.tbz.ch"|"2UPCkc-79bydP-suF$Sf"
"maena.dallas@edu.tbz.ch"|"p%3L$u-P%rwin-VoX4TK"
"andree.tuke@edu.tbz.ch"|"E$d0zf-BHYPk8-SJf1tY"
"methode.seldner@edu.tbz.ch"|"XsydhL-LZvJzu-Jte8Zd"
"venus.bullas@edu.tbz.ch"|"Gd8t1J-CxzJ7Q-Qg0q9b"
"mans.aguirrezabal@edu.tbz.ch"|"oc#i90-PuJcKG-HoDf8F"
"gaelle.eadington@edu.tbz.ch"|"Dpxea4-wNwXxc-iWr#yN"
"anaelle.falkner@edu.tbz.ch"|"lTjdkf-VPdSZH-Zp4Xar"
"ophelie.height@edu.tbz.ch"|"PeZ%sG-jnB#jH-5k3bdd"
"marten.bolding@edu.tbz.ch"|"g#cV5R-K7@72P-cwjfam"
"pelagie.guswell@edu.tbz.ch"|"b4z6rp-QkXG9d-46vabQ"
"gwenaelle.lecount@edu.tbz.ch"|"#&JMG0-cYsHox-8$O5JE"
"hakan.laden@edu.tbz.ch"|"dCM&Qt-56s8cv-Cxi1&j"
"marie-josee.hylands@edu.tbz.ch"|"2P4XaW-VDrq9g-G8VW5B"
"zoe.kingshott@edu.tbz.ch"|"&brmxi-%jctQp-BqM0qc"
"josee.janous@edu.tbz.ch"|"1HFu72-MFI6yO-iN4r5l"
"laurene.gallally@edu.tbz.ch"|"ON0@wq-$d5Ia7-r&3aML"
"anael.bickle@edu.tbz.ch"|"pj&ib9-42rNom-bJ%8KR"
"mediamass.lebbern@edu.tbz.ch"|"ri33vB-DDFEuC-P&9QXb"
"berengere.hovy@edu.tbz.ch"|"&5O1Jz-8S4OVu-6uUnwA"
"oerjan.kilmurray@edu.tbz.ch"|"HkKou7-ftKCZ1-uwm0Le"
"asloeg.venny@edu.tbz.ch"|"l0rbP3-7BC1Nv-JbOT6Y"
"marie-noel.stoad@edu.tbz.ch"|"TMBHjs-#Ae6iU-@etuDZ"
"hakan.pettifor@edu.tbz.ch"|"QTBiMM-rB3MV1-%IsHuS"
"maella.willgrass@edu.tbz.ch"|"Hkbf$Y-rP9sUv-&#Vm6a"
"therese.ludovici@edu.tbz.ch"|"Odcsyc-CjscHa-PxGuJd"
"stephanie.trewhitt@edu.tbz.ch"|"9uXGoz-o3t6ID-D71C1h"
"maerta.bauduccio@edu.tbz.ch"|"V$04KR-5W4b14-Ewho&N"
"gaetane.glaisner@edu.tbz.ch"|"AP9EZw-n@mW2&-5M6@rd"
"naeva.pargeter@edu.tbz.ch"|"JE2WCA-DjCLNy-zX0RtB"
"salome.venable@edu.tbz.ch"|"VePYG#-J3lMzQ-C&ZCbD"
"boerje.thickett@edu.tbz.ch"|"wQa1@A-1j2P$V-UGFOV5"
"lucrece.prendergrass@edu.tbz.ch"|"iNRk1v-ChzBbl-PRolOj"
"laurene.ockleshaw@edu.tbz.ch"|"u%G2TQ-1yqRJ@-g8f%94"
"cecilia.pasticznyk@edu.tbz.ch"|"wA7eik-jViaDP-3kQ0Uo"
"stevina.mackey@edu.tbz.ch"|"B7&cJI-LgJbad-f3@zI6"
"marie-noel.reven@edu.tbz.ch"|"TKPSPj-7RnMzC-i&r90H"
"melina.quilkin@edu.tbz.ch"|"j0a42Y-8WF60t-KDNeUn"
"marie-noel.ferrie@edu.tbz.ch"|"KOwV87-IoM$ZX-JzClKT"
"leone.alphege@edu.tbz.ch"|"IHFozf-EQlexU-e4vEO4"
"zoe.leverson@edu.tbz.ch"|"#cNESo-MSJNM5-YQS9V9"
"annotes.grayne@edu.tbz.ch"|"jHyzLe-&cgjkt-ifDkKl"
"faites.lalley@edu.tbz.ch"|"pTjCwG-l8obU5-vTjuZ@"
"adele.wallis@edu.tbz.ch"|"&gWlK9-TWeIwZ-ZIBa1S"
"severine.madill@edu.tbz.ch"|"#Bqbx@-2Pa$FZ-1PFtuT"
"valerie.tebb@edu.tbz.ch"|"MmC8a5-rnfv68-Yhlcah"
"kalliste.rasper@edu.tbz.ch"|"YBv#oH-Rk26g0-ZLbTSI"
"audreanne.palomba@edu.tbz.ch"|"7T0Ou0-0UWARM-M0l5PE"
"elea.adamik@edu.tbz.ch"|"FXIIh&-71P$aM-pc8560"
"reserves.jakuszewski@edu.tbz.ch"|"vluWoB-AysJxJ-NVabxn"
"athena.belhomme@edu.tbz.ch"|"2DZ&0D-yVjYx4-@HS&Je"
"rebecca.crippin@edu.tbz.ch"|"ugfB5$-EiRttN-AUd#zw"
"maiwenn.curman@edu.tbz.ch"|"MR4Ctp-OiB2oG-&6NMQ1"
"andree.bunner@edu.tbz.ch"|"Np#VcW-jI4fdE-HXCmM#"
"ruo.winckles@edu.tbz.ch"|"AhK%2x-n#dY2V-Zn4h&u"
"naeva.buntine@edu.tbz.ch"|"7o2p%h-d0HjSd-CCnmJk"
"boerje.dollard@edu.tbz.ch"|"j2MDg$-aRh5ef-BZvWCF"
"penelope.gorman@edu.tbz.ch"|"#H&qp6-hbpn8N-mtGCGO"
"alois.robelin@edu.tbz.ch"|"7zJsMu-8ehxxD-DLzqnq"
"anaelle.tindle@edu.tbz.ch"|"2wF4rR-ogQ0rn-6LUXeb"
"ye.frears@edu.tbz.ch"|"ppsGud-8rpXwl-%cdkI3"
"andree.ovid@edu.tbz.ch"|"nADI&H-h4tlA@-ocs0OB"
"hakan.peat@edu.tbz.ch"|"%tEWH5-IPfbN$-AzrXnA"
"andre.januszewski@edu.tbz.ch"|"nEag%K-son##p-DqJ%V6"
"annotes.clemmett@edu.tbz.ch"|"De#C7a-FzjaIJ-61U&$I"
"pal.lambswood@edu.tbz.ch"|"8emKjw-Co9hh3-&m$yv5"
"yao.lenton@edu.tbz.ch"|"u#pP#T-l6AAZZ-4D#09B"
"hakan.boyton@edu.tbz.ch"|"JT5ImV-fLYktv-XTWN5x"
"nelie.forsey@edu.tbz.ch"|"A0qZuy-e0CPRE-G$4RmV"
"hakan.horche@edu.tbz.ch"|"Jdm$ud-NTPYlO-qT98ms"
"lorene.sinkings@edu.tbz.ch"|"7M%Uzt-qgvso&-MFppfu"
"marie-therese.creddon@edu.tbz.ch"|"G$KiJH-JUH6nn-GZp%p8"
"berenice.tolworthy@edu.tbz.ch"|"QZbuRS-mZqfaL-6epzmJ"
"theresa.land@edu.tbz.ch"|"lNQe9d-$l@ZOj-nNntif"
"marie-therese.gianilli@edu.tbz.ch"|"QME9B4-vdkNmS-1BvXv&"
"meryl.glew@edu.tbz.ch"|"xE75Dr-lPJy$H-wERpfH"
"adele.debling@edu.tbz.ch"|"9s@MsX-p#jiEC-VXS&CB"
"anae.metzke@edu.tbz.ch"|"W344Q&-ziT9%F-20fstp"
"gaetane.gooden@edu.tbz.ch"|"eN7sej-NIkhG$-QEMjb4"
"laila.bootland@edu.tbz.ch"|"r8Rqo7-4dzQA$-Gbu6e6"
"maite.helsdon@edu.tbz.ch"|"p6ZyeX-3Jp8Cp-@YA2$9"
"andree.malley@edu.tbz.ch"|"OK%f#a-mTQKrS-0TtnjR"
"pal.simmens@edu.tbz.ch"|"w%vtoX-VwsJ8W-YP@&KG"
"maelys.nuccitelli@edu.tbz.ch"|"UBmaYj-GNQTn8-HPAV7o"
"dafnee.sibary@edu.tbz.ch"|"cGBdg0-teekA3-kgt8Q6"
"alois.harsnep@edu.tbz.ch"|"92J1Ra-PDij%6-JHaAyZ"
"marie-helene.lacky@edu.tbz.ch"|"VhkBlK-ZJyKw6-d6fTwc"
"mylene.youthed@edu.tbz.ch"|"OPZN%r-kG#1HL-$D4%KM"
"marie-helene.dehmel@edu.tbz.ch"|"NJWQ6e-1@9L@#-7bh188"
"angele.batman@edu.tbz.ch"|"$DiKws-xD%wmU-vzvbj9"
"melia.younghusband@edu.tbz.ch"|"5Csl@R-jOHht7-a5rGvc"
"eloise.baldi@edu.tbz.ch"|"uJxxzU-j#vxG9-iT$IhJ"
"illustree.dun@edu.tbz.ch"|"8UC&A7-8hJnBJ-op$%FJ"
"genevieve.late@edu.tbz.ch"|"CrQQAf-LFGF#1-D6D02c"
"celestine.colville@edu.tbz.ch"|"gRJdKt-uO1pF$-eq0MFP"
"gwenaelle.scarlon@edu.tbz.ch"|"DDXyfJ-QVFqhv-iSnXGR"
"regine.boddie@edu.tbz.ch"|"tLEi4l-zEcnju-8CkAut"
"creez.gaughan@edu.tbz.ch"|"2E6aI0-@VcwGy-5b9Kd8"
"gaia.longford@edu.tbz.ch"|"YTHcqF-cFMXNj-%MEnxT"
"mailis.buckby@edu.tbz.ch"|"7LymC9-@amVnt-%4MQQm"
"song.parbrook@edu.tbz.ch"|"AnrXw3-HucYGA-wr3VdO"
"frederique.heddan@edu.tbz.ch"|"j7NLnx-Pz%$F#-n%op8j"
"ake.kirtlan@edu.tbz.ch"|"bKxE5p-&VJN5M-6VP858"
"nelie.runciman@edu.tbz.ch"|"bapGVs-PbYlP&-ymJ@C@"
"mailis.cardnell@edu.tbz.ch"|"NgZd$0-GD0nfz-JZgwKm"
"irene.navarro@edu.tbz.ch"|"2qAJGS-$a7ZHN-7XmS37"
"maite.cough@edu.tbz.ch"|"isrjcP-O$Xnou-l0h9%x"
"anaelle.stocky@edu.tbz.ch"|"RWUz5W-YIPT4x-hbOqv&"
"methode.moulder@edu.tbz.ch"|"dzIhId-XnhCAI-Jpf@4Q"
"po.stafford@edu.tbz.ch"|"oUBccx-aF%uWt-2uDdfa"
"faites.scraggs@edu.tbz.ch"|"d@aTf1-oNt&zz-xiJE47"
"adelaide.dullard@edu.tbz.ch"|"ogDKi7-%wtAnb-xaMS6G"
"desiree.leonard@edu.tbz.ch"|"JblXmo-@uxB6l-IQLWEb"
"geraldine.badgers@edu.tbz.ch"|"D#Swog-ID#hBd-7Fe%rZ"
"ruo.masic@edu.tbz.ch"|"d2Tz2I-@AcVnR-oD25eo"
"aurelie.lieber@edu.tbz.ch"|"sH4dew-&XqB&t-olUtsI"
"naelle.balcock@edu.tbz.ch"|"iTKGUF-ZU8x5#-W$at@%"
"camelia.elger@edu.tbz.ch"|"jBsynr-9IM9tJ-GbcGGh"
"publicite.oakeshott@edu.tbz.ch"|"elH0mA-7xfF5X-u&0Fm#"
"cleopatre.fawley@edu.tbz.ch"|"Lx&hYG-XJaknv-OOn%2U"
"laurene.bruckmann@edu.tbz.ch"|"OEB8G0-b2FoO1-RTlhQb"
"rui.haughton@edu.tbz.ch"|"2AQtWK-lAhvim-LYF$P$"
"asa.ladewig@edu.tbz.ch"|"d8eURu-z0%uu&-irlr4#"
"gisele.janecek@edu.tbz.ch"|"z293xn-r4gi8U-8R@Dq6"
"maily.loveridge@edu.tbz.ch"|"ZaBQKW-XmwLc6-IDM&hE"
"marie-eve.yurkiewicz@edu.tbz.ch"|"BUnaOJ-#L$r$b-O@UQng"
"fei.roder@edu.tbz.ch"|"M3CmB7-YB6ugq-7%mQFX"
"edmee.chatburn@edu.tbz.ch"|"Gd8NYQ-M%e&V1-yNCeQX"
"geraldine.darke@edu.tbz.ch"|"Oa7jkl-%sr9OK-n6pYsp"
"ye.jira@edu.tbz.ch"|"I&XJOT-BYBL74-#WDEC@"
"publicite.persent@edu.tbz.ch"|"DEHIZA-RZSnC4-6Geol2"
"severine.wilcox@edu.tbz.ch"|"MI&mSm-zyN@hh-lzJrdb"
"yao.mcclaren@edu.tbz.ch"|"icOsRf-3w61XT-T1o1qZ"
"theresa.foynes@edu.tbz.ch"|"1kt7Jq-hT$xjB-@PmnL2"
"stephanie.isley@edu.tbz.ch"|"a%epsL-tTfhZQ-YAlNuv"
"torbjoern.growy@edu.tbz.ch"|"M4sc3D-tcgIDo-HtLLaI"
"eloise.tunnadine@edu.tbz.ch"|"Ov58lD-JwiQqd-43cuw3"
"maeline.cossentine@edu.tbz.ch"|"vp#WBA-ahXMYI-QK7ole"
"nelie.desantos@edu.tbz.ch"|"iN&5DT-Y$EL$1-#3PKwt"
"gaetane.axston@edu.tbz.ch"|"T4oZpp-oVvIU8-wVXVK8"
"aimee.merman@edu.tbz.ch"|"jtOKAC-L970lw-wJeLJo"
"oerjan.drivers@edu.tbz.ch"|"hJcP2X-1T5olz-mOIqgU"
"aimee.miroy@edu.tbz.ch"|"C&7%Eh-Vv3EY0-iUQFCH"
"nelie.glyde@edu.tbz.ch"|"p@aU2g-tUCV0r-PnBLBZ"
"hakan.kapelhof@edu.tbz.ch"|"y#9VRw-0Kful9-UxG@Pz"
"maelyss.cauley@edu.tbz.ch"|"jEDMor-RH5NWa-3U9nwY"
"elea.vaggs@edu.tbz.ch"|"%DQyy7-MvK5#W-1WMDEM"
"maelys.but@edu.tbz.ch"|"k0j6cU-2RvuR#-IYd7&@"
"maella.arthurs@edu.tbz.ch"|"&psSef-S@5Ey6-vF%Di6"
"adele.liebrecht@edu.tbz.ch"|"XiK&Kg-spyBH2-x1PsM$"
"meline.lomasny@edu.tbz.ch"|"oMBVN1-9OzrYr-1lN1Ug"
"mediamass.schwant@edu.tbz.ch"|"mscWyQ-#39aha-96dNXh"
"leone.saunt@edu.tbz.ch"|"vAtzbY-R3cJ@K-y8Oppf"
"annotes.gouch@edu.tbz.ch"|"sWgsBI-1sPHaa-&jN3uT"
"gaetane.bowich@edu.tbz.ch"|"hbijw3-9GnVw6-tzJeaO"
"alizee.strelitzki@edu.tbz.ch"|"MPq5@e-&6E33m-33Q&qo"
"leone.poile@edu.tbz.ch"|"8n3lcy-l5K7Zx-xHkerX"
"amelie.saban@edu.tbz.ch"|"YOqmnO-lCBxyA-I#ROhp"
"marten.mcmenamin@edu.tbz.ch"|"8yf85O-Acc8jy-W@af$K"
"becassine.keets@edu.tbz.ch"|"aS$3pG-H@YK$U-uG8tvs"
"celine.million@edu.tbz.ch"|"2BMxr2-%Q%h58-kymrqB"
"geraldine.belitz@edu.tbz.ch"|"2lVdPH-myDo&q-hrTCGa"
"salome.mardling@edu.tbz.ch"|"D9rKKn-RUbsDr-S19AD@"
"melia.blakemore@edu.tbz.ch"|"sH96$M-Plu1ic-G6PNE9"
"dafnee.mcaulay@edu.tbz.ch"|"G5f6fS-Yfu96g-ZIMoTH"
"garcon.dennett@edu.tbz.ch"|"KBMB6r-34Byn$-qW20tx"
"interessant.lesor@edu.tbz.ch"|"Z7a7lc-fixDnZ-4DzQ85"
"annotee.wasbrough@edu.tbz.ch"|"3Cdsrd-3bXwaU-uOGHR2"
"asa.ibbeson@edu.tbz.ch"|"k&COOl-9wY7bt-mtIJDZ"
"maily.kennealy@edu.tbz.ch"|"%e%T$A-eo9#yd-qA5O$#"
"ye.seares@edu.tbz.ch"|"BRScou-%uSHBU-fzDbzC"
"athena.harbron@edu.tbz.ch"|"qozUUf-ty9K0k-#ME7ec"
"andreanne.portail@edu.tbz.ch"|"0j2aVv-k&Ny3G-aqf%ke"
"goeran.zannelli@edu.tbz.ch"|"7C%tMT-YSHxBU-uUIo57"
"gerald.leathlay@edu.tbz.ch"|"3J16Rh-V&Z2bi-J12ffO"
"andreanne.chown@edu.tbz.ch"|"Ng9PgS-xRbe8A-ch#iyT"
"esteve.clementel@edu.tbz.ch"|"OvcwSC-HE@xOf-X@1e$p"
"leone.legan@edu.tbz.ch"|"LF#pqG-$8yrpi-llIRJL"
"maena.pownall@edu.tbz.ch"|"97oTlO-bXcfvh-Ede#32"
"andree.rettie@edu.tbz.ch"|"dBCUkN-H4U3vl-UMOSNB"
"ines.kenwrick@edu.tbz.ch"|"qfsu&G-mQpWih-s9Vrfn"
"marie-helene.yarnall@edu.tbz.ch"|"uddQi8-HcomT#-ZJoyxF"
"po.martin@edu.tbz.ch"|"1$o#Nl-gGKKV6-Em0KjL"
"ruo.celiz@edu.tbz.ch"|"BEJw8n-ul@8mv-Ll1#f4"
"po.bissett@edu.tbz.ch"|"Y5QGCz-d0b52J-d@NsFf"
"du.swindon@edu.tbz.ch"|"rQ%E4V-psGRfr-EeylpF"
"interessant.gouldthorp@edu.tbz.ch"|"Q&Qd30-bYyFov-&N@@@j"
"leandre.lilburn@edu.tbz.ch"|"h$@jN#-qRBoGA-6YsqCQ"
"bjoern.whales@edu.tbz.ch"|"@yWRDy-XdqvM4-1mZ4nl"
"interessant.dieton@edu.tbz.ch"|"jiTNgl-G#GzD@-zcAgdi"
"celestine.redhills@edu.tbz.ch"|"y8vQtu-aSDbbS-nqJIQQ"
"tan.yakovlev@edu.tbz.ch"|"$kSxjE-NvMfhR-zsNVU#"
"regine.mcdowell@edu.tbz.ch"|"FgiXiq-b$1Fvm-oCbK$J"
"ju.coysh@edu.tbz.ch"|"TvcPEM-e3SkS@-zjx0z7"
"reserves.ofallon@edu.tbz.ch"|"a4SKfy-$P#B&2-rQStQy"
"frederique.sobey@edu.tbz.ch"|"TEUd7h-atca$3-YVFjpZ"
"marie-eve.garstang@edu.tbz.ch"|"3Dn%d%-78g%$f-Ff&NyM"
"andre.tapin@edu.tbz.ch"|"au%4yZ-r9lr$z-TTWVT6"
"esbjoern.eynon@edu.tbz.ch"|"qCI&x7-dNMbNB-JDF0Fr"
"maella.duffy@edu.tbz.ch"|"swO43o-J$cpEX-6xK@Y1"
"leandre.twinning@edu.tbz.ch"|"wG5UFY-f2kzOf-vVWPHd"
"mai.whittingham@edu.tbz.ch"|"dp0Rz3-&CP6yz-R01$Qp"
"rachele.shevelin@edu.tbz.ch"|"sY8e%4-4dg0o4-P5upyl"
"cecile.mcure@edu.tbz.ch"|"7PI6AH-&eHhj0-8d2hCR"
"marie-eve.yurkevich@edu.tbz.ch"|"cBOaW1-B6@Xw@-m@sGz5"
"almerinda.paice@edu.tbz.ch"|"U0c3P9-5qbGj6-g8eh6o"
"rao.howkins@edu.tbz.ch"|"c&5h1F-IX9zia-1AwmSX"
"serena.pack@edu.tbz.ch"|"Td4C05-gXKySX-Gkq3tV"
"rebecca.mant@edu.tbz.ch"|"wBXbn1-w%vvaX-kN@6Ok"
"reserves.spitell@edu.tbz.ch"|"7jMAot-ttyce$-Qiu1qw"
"garcon.hamfleet@edu.tbz.ch"|"B6O4CT-L19bRn-q4kNRX"
"methode.kerkham@edu.tbz.ch"|"7QHWCr-IssN%V-PSUMK5"
"pelagie.camies@edu.tbz.ch"|"u4xXBZ-e6&0o%-cFXPo0"
"josephine.macpharlain@edu.tbz.ch"|"XqDI%l-4V4ssS-ZBW6Ae"
"eugenie.mathet@edu.tbz.ch"|"yvQq%k-x&&59t-tARTqj"
"gaetane.brangan@edu.tbz.ch"|"M4O8d7-@Fl4y7-r8VAAm"
"michele.dewbury@edu.tbz.ch"|"IQ@Tw3-dDnudr-HCBbw8"
"eugenie.elcott@edu.tbz.ch"|"45hllL-DOgJ4N-319rZF"
"megane.harniman@edu.tbz.ch"|"mriYkh-ny12Ml-O79#$$"
"agnes.cluney@edu.tbz.ch"|"9@C1t6-VMWX12-%d%28H"
"marie-helene.angear@edu.tbz.ch"|"Jm#wFs-%cIEBm-lZJ%Zr"
"melia.dolphin@edu.tbz.ch"|"GbPBp7-DfqyAc-pysDcp"
"lois.ruseworth@edu.tbz.ch"|"t1&2g$-j2XdRv-amJ7Sg"
"mailys.ryding@edu.tbz.ch"|"AKkKIe-W5QKrX-Lo1JoC"
"rachele.wulfinger@edu.tbz.ch"|"zStgo3-fRJGw5-5G5r8H"
"gwenaelle.talton@edu.tbz.ch"|"xPu%Uz-styG#F-KN9Yv3"
"long.ronchetti@edu.tbz.ch"|"evHNkf-2#NqFL-4@#BfV"
"styrbjoern.kloska@edu.tbz.ch"|"G5AWye-9DWhee-qO2%nh"
"len.sudran@edu.tbz.ch"|"0VhFYX-0m4$JK-8R$o#h"
"maelle.andrysek@edu.tbz.ch"|"V6fzTJ-KbzN#9-eAGON0"
"selene.senior@edu.tbz.ch"|"T0&xTx-5UuA2c-oq1PCP"
"anais.joskovitch@edu.tbz.ch"|"rUtvCJ-%yfHM1-7OIfD%"
"marie-noel.dally@edu.tbz.ch"|"bGyzpb-W3kMMw-6#KoFu"
"marie-helene.laurence@edu.tbz.ch"|"z3SWU0-tfG#HD-FkaDNT"
"camelia.foxon@edu.tbz.ch"|"BvQ2Vq-pgBm76-B6aP1R"
"helene.cankett@edu.tbz.ch"|"J5fBPA-5LRaLG-rFQmyt"
"marten.mitchelson@edu.tbz.ch"|"7Au37U-u8L1#8-OytxCD"
"helena.stirtle@edu.tbz.ch"|"lJ1lZy-85d1MV-m#HVg0"
"leane.barmby@edu.tbz.ch"|"Ykd2#V-J@OG4w-Eh&EGB"
"goeran.ofinan@edu.tbz.ch"|"9QvHnu-B6Cy3L-84owjW"
"styrbjoern.proby@edu.tbz.ch"|"B%vW0W-sORy1p-uzKDaV"
"zoe.halse@edu.tbz.ch"|"aYYChl-yZaZn3-lmF#YE"
"kui.drable@edu.tbz.ch"|"U5OVFF-k4R2mN-L$2gmZ"
"desiree.bamford@edu.tbz.ch"|"wQiSN1-F43PQ4-2vzs%T"
"zoe.suller@edu.tbz.ch"|"gz@yto-TT&N0A-O3HXP6"
"marylene.audiss@edu.tbz.ch"|"Jvca3c-P#VnIr-CpN&KW"
"adelaide.poznanski@edu.tbz.ch"|"OhH1Ht-3%u3$b-HVvT@w"
"maella.coleyshaw@edu.tbz.ch"|"KrlGOj-0ohPIY-m3776t"
"marie-francoise.gelder@edu.tbz.ch"|"gr7BCb-GN&2L1-wSINME"
"eleonore.chaffyn@edu.tbz.ch"|"tRCIc&-Y3zlnG-kTd$oU"
"celestine.sikorsky@edu.tbz.ch"|"JcHMAp-6lXiAr-dMxnXR"
"stevina.londsdale@edu.tbz.ch"|"Ajqs&m-5OLsug-GV#w&x"
"maiwenn.nevitt@edu.tbz.ch"|"p&Ltlq-3QDuYH-@7TLki"
"magdalene.gerrey@edu.tbz.ch"|"cP8VoW-KxEVbN-UN0gw5"
"becassine.latimer@edu.tbz.ch"|"iEKePN-04YDrh-lPdn3L"
"da.lethibridge@edu.tbz.ch"|"6k%lSo-Sg$P42-WGWZUC"
"mailys.claige@edu.tbz.ch"|"myVy8b-vJC@jd-30YgmN"
"maena.torbard@edu.tbz.ch"|"Z8c0oq-M9bCyM-3KRJXe"
"solene.lyvon@edu.tbz.ch"|"ZG%a9h-aGt6rm-uON3WJ"
"marie-therese.benbrick@edu.tbz.ch"|"#%0HQT-m7@wPT-ccodLZ"
"gerald.edmonson@edu.tbz.ch"|"lsc#7R-Do0&zp-O$Fppb"
"ake.messruther@edu.tbz.ch"|"eFSBCN-3A4oOO-8MrXsV"
"men.gosneye@edu.tbz.ch"|"mj70X2-Dww3@v-WI7CfR"
"anais.jefferys@edu.tbz.ch"|"VEhnPT-dt6KNr-iOvxZ7"
"publicite.tregale@edu.tbz.ch"|"xIxSnv-2hca1$-jBNWuz"
"maily.santorini@edu.tbz.ch"|"IK#8CK-mJJdtc-%r91lD"
"ines.pioch@edu.tbz.ch"|"4H@sVd-b$4jbt-Fe#Y8v"
"noemie.marklew@edu.tbz.ch"|"evGUKX-$6XUyd-1hucg9"
"meghane.maccaffrey@edu.tbz.ch"|"@WA7F7-p%x$AZ-H8YkIr"
"berangere.ambrogio@edu.tbz.ch"|"jWQMXf-q4ZqOM-wBrHZ%"
"mediamass.ryce@edu.tbz.ch"|"sIz0WK-SHfzk$-qkI8%T"
"oesten.ubank@edu.tbz.ch"|"LFde$H-YeCX%J-KeT693"
"melina.mackee@edu.tbz.ch"|"tPh1DU-eeIOue-VzbGzC"
"theresa.livezey@edu.tbz.ch"|"X42vSu-i8tShi-6j$PF&"
"clemence.weal@edu.tbz.ch"|"rjJAoq-Vuc1$m-cO2VR@"
"faites.overton@edu.tbz.ch"|"vj@cqM-vB%UVL-ajYe$l"
"clea.lindblad@edu.tbz.ch"|"guRvuE-nSO59T-X1oust"
"josephine.roseaman@edu.tbz.ch"|"MlMq@x-HnKh%r-8f4trR"
"oesten.lowbridge@edu.tbz.ch"|"bTelF5-ZJ1@XP-skF64j"
"marie-josee.brion@edu.tbz.ch"|"oJuGTs-%SBVGj-#dHcYw"
"therese.basili@edu.tbz.ch"|"IbYaGK-DBF4Vk-hULxP&"
"melia.vertigan@edu.tbz.ch"|"JnDe#W-m7XodJ-hq&f&9"
"judicael.saull@edu.tbz.ch"|"VsCIS4-L%lN1V-#W#6dD"
"selene.valentine@edu.tbz.ch"|"CpnEAY-znp#0M-geQVVZ"
"verane.dunlap@edu.tbz.ch"|"7Z30fu-qKbDtO-$ihjep"
"meline.kinnear@edu.tbz.ch"|"jWlITw-xpE40U-kbmC39"
"lei.luttgert@edu.tbz.ch"|"FuVdWW-8DCQ0D-&PO4ER"
"styrbjoern.lathleiffure@edu.tbz.ch"|"1uGnIZ-q4bPd5-zdGeWl"
"marlene.blasi@edu.tbz.ch"|"xduIpY-RZqfbQ-sWflf2"
"mai.begwell@edu.tbz.ch"|"sPvaP2-3Fl71K-bUYZXJ"
"gwenaelle.kaines@edu.tbz.ch"|"p3m8Bx-u4V2qd-ooDZxN"
"gerald.adamthwaite@edu.tbz.ch"|"NOERoq-UXYL@5-PQuCXs"
"kui.hartfield@edu.tbz.ch"|"1g9sRn-7#VbTl-e7ut3q"
"salome.currao@edu.tbz.ch"|"lgJkXk-$v4c6d-aeXzt&"
"angelique.tixier@edu.tbz.ch"|"IjvpeE-9%c4dT-R4J6z@"
"ju.mcgragh@edu.tbz.ch"|"YqltYU-@jba@j-#3E#fq"
"dafnee.beachem@edu.tbz.ch"|"tQ5dC1-xCr0vj-s8Qpo$"
"creez.terlinden@edu.tbz.ch"|"ak7J$7-JGeiEl-P908fc"
"uo.mcskeagan@edu.tbz.ch"|"1oN703-K0XQV0-&1raEj"
"edmee.mccaughren@edu.tbz.ch"|"DUSfk9-P2qj#9-F#ii76"
"asloeg.cozby@edu.tbz.ch"|"tu3ILg-1b%xej-jCapWG"
"melodie.traite@edu.tbz.ch"|"rgvh9Q-@2uqFc-D32HvT"
"dorothee.aindriu@edu.tbz.ch"|"Uw5Qys-x%0r0m-DRg$@5"
"daniele.doley@edu.tbz.ch"|"q81GfF-5vOlM%-094Ap8"
"mediamass.fairclough@edu.tbz.ch"|"K6y0f8-kVoWNj-AfAjU$"
"lorene.rainforth@edu.tbz.ch"|"Tg$PA9-%%R&SR-aouPxK"
"leonore.eyer@edu.tbz.ch"|"4OKzK%-zo92Ns-iLqLqu"
"po.spillman@edu.tbz.ch"|"Fh1J3L-hU%V2X-Eshwah"
"cecilia.plitz@edu.tbz.ch"|"uYDYjV-&DHoIZ-cIQewW"
"lorene.ludlow@edu.tbz.ch"|"c&KML7-WpZP8x-lW$$m#"
"berangere.neligan@edu.tbz.ch"|"5dAfe%-zx#x20-PYht#r"
"simplifies.huggan@edu.tbz.ch"|"zjBhK1-78NKnc-EdUv8e"
"clelia.prandy@edu.tbz.ch"|"QgZkFS-1YLrcX-mxWEVU"
"ake.osban@edu.tbz.ch"|"4cim7Z-tEU0PG-L8uJgj"
"cunegonde.brunn@edu.tbz.ch"|"#UT%FY-c8BA&M-xefXul"
"long.grizard@edu.tbz.ch"|"WiREBo-fdzNAT-@de3Zi"
"meghane.diss@edu.tbz.ch"|"z4Q0&R-3xtOch-zWZd31"
"therese.oldman@edu.tbz.ch"|"iz4Db7-SGFI&@-yAkj6O"
"boerje.scamerdine@edu.tbz.ch"|"BxtgnS-@GchM7-Qn#pri"
"du.saban@edu.tbz.ch"|"0HSBox-jUu8pu-lvk%fS"
"hakan.clynmans@edu.tbz.ch"|"jaL3vB-bpkOD6-nHqQ0Z"
"wa.macdowal@edu.tbz.ch"|"lwGn2@-ghVEBS-Sns2nk"
"venus.hatrey@edu.tbz.ch"|"r@5Qks-u7jJOj-SBAmgB"
"anaelle.vispo@edu.tbz.ch"|"gPCTBm-hDHOUE-DoKP#I"
"mahelie.ollcott@edu.tbz.ch"|"ZI@1I0-wQPdqY-sVN%95"
"mediamass.whyman@edu.tbz.ch"|"xejxjV-g83gZR-ezV1f$"
"esbjoern.basson@edu.tbz.ch"|"5TcmRI-nBBJr@-FgB2yW"
"andrea.morrill@edu.tbz.ch"|"UqB9KB-I7c7Gq-M#3do3"
"melys.grassi@edu.tbz.ch"|"GpAkZ1-o#hvF9-GT8ZEG"
"leone.poleye@edu.tbz.ch"|"V%4bIs-mvS1Aa-qZkkcz"
"francoise.penny@edu.tbz.ch"|"@wz5wz-Z2RD@%-SWvPAl"
"rebecca.edney@edu.tbz.ch"|"E73d1q-jxNJ91-QjSreG"
"adelaide.murtagh@edu.tbz.ch"|"CQxa1Q-HwlRhT-k9C3cA"
"stevina.winterbourne@edu.tbz.ch"|"BCOS6B-QkE4SE-%OnVEh"
"ma.cottom@edu.tbz.ch"|"%hIGOJ-nsyZ32-$5n%pD"
"tan.harold@edu.tbz.ch"|"NBT9ob-n#nV@7-ROkqgV"
"venus.forte@edu.tbz.ch"|"tx5YMp-0PT&fK-y#d2gy"
"almerinda.oluney@edu.tbz.ch"|"UVMmA9-AMEPgD-9&ZX&z"
"cleopatre.brehault@edu.tbz.ch"|"1HM$eM-J1@vm#-9Q0LpQ"
"interessant.lapides@edu.tbz.ch"|"t6sJqe-tK%8Bj-k8xo34"
"reserves.hallatt@edu.tbz.ch"|"w2otKI-nWoyhs-uwBXtP"
"annotes.birdwhistle@edu.tbz.ch"|"35noAB-dgDYh9-%GwaGX"
"ai.dredge@edu.tbz.ch"|"XN&HIP-Ep9YJS-%qEJqb"
"megane.mussard@edu.tbz.ch"|"pzeoi7-$UvHRS-WP@8G8"
"esbjoern.gowrich@edu.tbz.ch"|"$y5XI0-O1#zYR-llHB85"
"boerje.brislawn@edu.tbz.ch"|"vrpPDl-6duwHM-7Xk@yP"
"becassine.wilce@edu.tbz.ch"|"abB&5H-WFCsME-Kw11VW"
"personnalisee.oels@edu.tbz.ch"|"WFi&d5-4YF@RX-KrIHMw"
"verane.pett@edu.tbz.ch"|"L$PU45-wvUM0N-xF%WWF"
"marylene.glewe@edu.tbz.ch"|"HcvnqX-DHcUd7-UatG8a"
"lai.elson@edu.tbz.ch"|"IzhKI9-#Vl6D2-gcOyvk"
"serena.difranceschi@edu.tbz.ch"|"$Gk3Nj-QdWgP1-I7rIxg"
"lie.espinel@edu.tbz.ch"|"yNe$@E-qAPNG5-5yF1tb"
"marylene.fantini@edu.tbz.ch"|"xaDR7Q-mhGUu@-8pnFHo"
"andre.archdeckne@edu.tbz.ch"|"45l%yL-viOrma-sDTtTC"
"goeran.bohlingolsen@edu.tbz.ch"|"vbiepS-RgL28z-m$eGyb"
"cunegonde.heffer@edu.tbz.ch"|"vy0#&J-mwVbJp-M&#tO9"
"tan.fechnie@edu.tbz.ch"|"BpFxF3-BW8&q#-jJxENQ"
"marie-noel.brammar@edu.tbz.ch"|"Wfq2vt-5#4TVC-hN3&VR"
"simplifies.aven@edu.tbz.ch"|"rB&DAm-so9Xh&-QVayIn"
"melys.pinchen@edu.tbz.ch"|"PGW$9s-&xcJc5-$A#IhK"
"edmee.joyner@edu.tbz.ch"|"eyKWjW-Ey7B0T-gCqQ4d"
"berengere.edess@edu.tbz.ch"|"DQ8AeL-VPMDRq-0COxzH"
"marie-noel.goward@edu.tbz.ch"|"fkVZ$E-ZJitbu-6Wyox6"
"ju.edmons@edu.tbz.ch"|"zt&8f%-iA#VwF-5exz2T"
"frederique.airds@edu.tbz.ch"|"7PzqAu-V1kqjY-rEekGv"
"reserves.dauby@edu.tbz.ch"|"kjct31-&aPMid-aG3ahZ"
"hakan.gynni@edu.tbz.ch"|"4%uIrT-XtRXta-JrGSzT"
"leonore.pinwill@edu.tbz.ch"|"kEtqCf-YplhHz-hndRDU"
"marie-eve.mcallan@edu.tbz.ch"|"#v0Z8V-IbtKQm-Pi5Lw6"
"naelle.yeabsley@edu.tbz.ch"|"Cm%YuG-5YgdT9-u0AC5%"
"nelie.jacobovitz@edu.tbz.ch"|"#bS0Ow-jlioow-40Tipg"
"adele.conelly@edu.tbz.ch"|"l8Gc3s-9DbsWg-ieIWv&"
"clementine.dondon@edu.tbz.ch"|"EF$Xkr-Pzad6J-9RPH2O"
"zhi.willcot@edu.tbz.ch"|"&PUfN8-Hrab@c-ocoGGF"
"chloe.janicki@edu.tbz.ch"|"O1mWQ9-tS4idB-Ui9OwZ"
"meng.linde@edu.tbz.ch"|"737ebD-%BdLJS-FadNmx"
"celine.janisson@edu.tbz.ch"|"QXkyAp-KIfEaO-214SoR"
"clelia.crow@edu.tbz.ch"|"iod%Fo-5WYyYK-zieP0w"
"cecile.pyott@edu.tbz.ch"|"pduq2U-1DzY%F-EUkjLe"
"ma.fidelus@edu.tbz.ch"|"nO8MDo-S%cw%L-ipmqnE"
"marie-helene.poore@edu.tbz.ch"|"TphWCa-2&Q1Un-SCAHYn"
"elies.blanket@edu.tbz.ch"|"FEiUsR-W&Bf49-7x#seg"
"yu.boyer@edu.tbz.ch"|"#WJw2x-uwwkxX-3%CWHp"
"celia.welds@edu.tbz.ch"|"fH@lPk-Mlc9@W-12&G#1"
"du.gunney@edu.tbz.ch"|"ku8oH6-uvJcho-0TSuCI"
"goerel.crush@edu.tbz.ch"|"vw1RkE-rKe44E-bLys7U"
"marie-josee.brosius@edu.tbz.ch"|"b1zhN$-6Yb@&8-ME%4cU"
"camelia.adds@edu.tbz.ch"|"0cfe8&-PZ#bNe-y#OVrH"
"anae.irwin@edu.tbz.ch"|"5c7v3&-YpdU@U-g@#x9D"
"cleopatre.skeffington@edu.tbz.ch"|"dzggc#-9DQdR$-yA@Omn"
"gerald.suggate@edu.tbz.ch"|"wS%nwg-X1uZVK-Gf1ngl"
"laurene.tailour@edu.tbz.ch"|"XzZsZ9-7VpMmB-tuY#4T"
"amelie.hoble@edu.tbz.ch"|"8Gjl%Y-4@bF3t-TO8ZFu"
"venus.getch@edu.tbz.ch"|"I6dDWF-AddKiT-fGtMag"
"renee.treby@edu.tbz.ch"|"y@GV@H-5sH0v6-xOwAmT"
"almerinda.stait@edu.tbz.ch"|"kVddQ0-Pb5jAV-aVekqQ"
"andree.reddecliffe@edu.tbz.ch"|"Nx0dkW-0Rb$&&-h4qYBi"
"leone.wintle@edu.tbz.ch"|"1z$45h-w1zj$b-uI1#fJ"
"gerald.fellow@edu.tbz.ch"|"bz@0ze-0EWg@k-N16d3T"
"ju.gudger@edu.tbz.ch"|"pLZeT9-i&QieQ-vd3JvI"
"meng.ohaire@edu.tbz.ch"|"Jmdnle-nFR$FM-ABm#av"
"cleopatre.missington@edu.tbz.ch"|"onRcKA-DZda1H-RFhZt2"
"annotes.debruyn@edu.tbz.ch"|"NlZlfF-#9xM&1-FW##DM"
"gerald.sinisbury@edu.tbz.ch"|"ISuPmo-NCe&Vw-b8#k52"
"creez.slora@edu.tbz.ch"|"%8YnQz-3#XNlN-z8HNpZ"
"gisele.benbow@edu.tbz.ch"|"z&HroY-XFPVBR-Rws2SH"
"pal.dossit@edu.tbz.ch"|"4a@xMW-39PU#8-vg21EP"
"nelie.stirrip@edu.tbz.ch"|"QgwVY$-EdVgqZ-Ccn2qR"
"alois.ocrigane@edu.tbz.ch"|"Sh0$kv-kf#dWi-12KDec"
"kui.mcterry@edu.tbz.ch"|"R4ngBY-#Dt1Om-bpTgF5"
"long.willgoss@edu.tbz.ch"|"vbX$OI-4jTar@-HQZTB#"
"francoise.sumpner@edu.tbz.ch"|"wAD&XX-R7yAwr-DG1aGY"
"maely.grinstead@edu.tbz.ch"|"jnr09k-z7DYnN-RjsmWw"
"creez.langeren@edu.tbz.ch"|"Oy9#Vm-i0@YvU-A3B6XK"
"adele.dungate@edu.tbz.ch"|"Gj1RLW-zZLs2q-5rkHRk"
"cleopatre.noirel@edu.tbz.ch"|"ug&RPH-DAl6xg-H%IEA7"
"interessant.daverin@edu.tbz.ch"|"6WGzxu-PfwWcS-v6nse&"
"naeva.kalderon@edu.tbz.ch"|"7rIYSb-H7OxDJ-ce4cRa"
"anais.oshesnan@edu.tbz.ch"|"@Irgm6-wNqq2Z-q$&aCD"
"judicael.anelay@edu.tbz.ch"|"7qp33x-Q7S%TU-70eezf"
"eloise.braxton@edu.tbz.ch"|"H4u7i@-FmXRKV-Q&FFwV"
"desiree.greguol@edu.tbz.ch"|"tvvVNw-dwP8O3-B7FUqq"
"maite.mcclenaghan@edu.tbz.ch"|"zZMxwJ-6qYTuZ-jwTQhC"
"meng.doret@edu.tbz.ch"|"URRT30-5V@RTv-UlmDSO"
"frederique.chippendale@edu.tbz.ch"|"nHWcV8-miOKxX-Dm7wF0"
"andreanne.lanney@edu.tbz.ch"|"eb29UT-5l3tm1-5WonNs"
"aurelie.claus@edu.tbz.ch"|"LItNIV-kCS8j@-30O1VI"
"renee.pabel@edu.tbz.ch"|"l9U2AY-gApBmS-mhMZ&t"
"maena.roust@edu.tbz.ch"|"SRzCoo-GAw7ff-NkQMVa"
"nadege.carwithim@edu.tbz.ch"|"Aa$4M@-GIALXM-HTw1bx"
"solene.geyton@edu.tbz.ch"|"cT89rP-F$B$Qd-EWeTuc"
"dafnee.avraham@edu.tbz.ch"|"LC5tOB-Ciu81Q-vAV@I9"
"leane.woolvin@edu.tbz.ch"|"8V#b8S-hVVCvz-CEi1bJ"
"adele.macadie@edu.tbz.ch"|"%sm1GG-4g7ZwZ-XxE7tb"
"meline.rubica@edu.tbz.ch"|"4Mz51b-$fr2cH-TbNaVQ"
"marie-noel.speeding@edu.tbz.ch"|"Lk87CG-HE3h0l-qCRolu"
"nelie.mix@edu.tbz.ch"|"CjvHBk-yPvBM8-ROQ9K0"
"clea.ollett@edu.tbz.ch"|"9UEUNt-2cVCXB-3TOO3o"
"leandre.mcgavin@edu.tbz.ch"|"wehXbO-u1QCIR-bOvi%z"
"cecile.behne@edu.tbz.ch"|"pUG72j-@l%DZ7-xN2HRE"
"melanie.polle@edu.tbz.ch"|"QCjCHw-e6xnNy-AvVW1l"
"marie-josee.titmuss@edu.tbz.ch"|"fxbAUG-QDidDt-d%%#3%"
"helena.guest@edu.tbz.ch"|"yPfY#U-rp@zLO-NIa%Go"
"annotes.chicchetto@edu.tbz.ch"|"lf#V3O-Z&6glW-a0O8Cw"
"melia.tubb@edu.tbz.ch"|"IlPudf-yWIbyj-ZxuCZB"
"angelique.casetti@edu.tbz.ch"|"8BKUwu-pHn1rD-ZqoAk9"
"cunegonde.cleall@edu.tbz.ch"|"ljUcHm-dRuExk-bR5de3"
"camelia.oaker@edu.tbz.ch"|"dm1VTu-YVaoyX-mJs1&C"
"you.searight@edu.tbz.ch"|"CHpqm8-z9cUSJ-$jVeQ9"
"kevina.dederick@edu.tbz.ch"|"&QsDfy-ZI60Iz-1q2Kjt"
"milena.jeffrey@edu.tbz.ch"|"OJ7x9Y-OMTvWy-@mxuIO"
"melodie.barkshire@edu.tbz.ch"|"ss75yC-LGul53-8pTGDd"
"gaelle.kreutzer@edu.tbz.ch"|"B$6Iy9-Y61MSM-43O4KG"
"kalliste.kleinpeltz@edu.tbz.ch"|"$9S7T#-SFm7V5-Rhdoui"
"clementine.danat@edu.tbz.ch"|"mvJR@k-gkMuTy-uUkc$g"
"andrea.wabb@edu.tbz.ch"|"Qhj38F-15V0zB-XkV48a"
"geraldine.piesold@edu.tbz.ch"|"OBiEwB-$MjWIL-sgT6BY"
"tan.fiveash@edu.tbz.ch"|"OwCyRj-gj1pEL-kZ7bSR"
"meline.yuranovev@edu.tbz.ch"|"WxfYHM-JUcfSy-ght&26"
"therese.holme@edu.tbz.ch"|"soIGxb-IvwGso-N1d%hG"
"salome.vaney@edu.tbz.ch"|"BExaV4-xmDpnO-2#$qN4"
"anae.abramson@edu.tbz.ch"|"uFwiTu-hJaUIb-kFQBP0"
"kalliste.jimson@edu.tbz.ch"|"we7mfC-9Z0sE&-bP80Qv"
"selene.yole@edu.tbz.ch"|"8GI6Sm-JP9SUo-@Sy485"
"agnes.defraine@edu.tbz.ch"|"b8xSt0-q1OpJN-D8Q461"
"faites.mccluin@edu.tbz.ch"|"XfUgN2-84t0vK-QfLICP"
"athena.deme@edu.tbz.ch"|"tPi4T6-%Qr5vu-8j%L&m"
"daphnee.brigstock@edu.tbz.ch"|"PHnUHd-n2ZLyv-QKIXC5"
"goesta.skaif@edu.tbz.ch"|"8J&ijL-EreV4$-nER8wi"
"oceane.jagoe@edu.tbz.ch"|"T#A@X6-0cma5m-wBOdjR"
"annotes.broomhall@edu.tbz.ch"|"fp@nxH-rgajq3-@UU%kl"
"marie-eve.ballendine@edu.tbz.ch"|"zIDvZ@-2aYbZx-nTn&L8"
"melina.spykings@edu.tbz.ch"|"CvdYDE-IFc98%-K7cOr2"
"laurene.ticehurst@edu.tbz.ch"|"AyR4Yf-GIPiGS-NXS7&w"
"fei.avramovic@edu.tbz.ch"|"70pL8e-dtF#st-ZfIrFp"
"publicite.strathearn@edu.tbz.ch"|"igdUQN-e872dC-#DTltG"
"torbjoern.garrow@edu.tbz.ch"|"ClJF2V-jnLbUb-HpwkFU"
"chloe.rubinsztein@edu.tbz.ch"|"@urC%S-ltRkGw-&isg35"
"mylene.demanche@edu.tbz.ch"|"vGewXu-8Y#jr6-nv1IiD"
"mediamass.godlonton@edu.tbz.ch"|"mDq2bb-6OrKCE-aFwvGf"
"renee.shurrocks@edu.tbz.ch"|"Y2YMPJ-N#yn8U-Laz1ku"
"maiwenn.jedras@edu.tbz.ch"|"eABFhY-#XJBn5-xl02@E"
"genevieve.castells@edu.tbz.ch"|"UjY3K6-nB1R8Z-XxgI1L"
"renee.sneden@edu.tbz.ch"|"tV%jlU-MjQqlY-bsQxWZ"
"lai.mccallion@edu.tbz.ch"|"F5emE$-tBaxOw-4fN40t"
"kevina.impleton@edu.tbz.ch"|"u9mR6v-VPpcly-P$bvrD"
"oesten.fresson@edu.tbz.ch"|"B&qn4k-Gnj%EZ-WI@uW0"
"verane.shawley@edu.tbz.ch"|"JBwYKD-&6l&tt-hppgvq"
"uo.sjostrom@edu.tbz.ch"|"i&G2fA-gWLViy-&D@#mD"
"gisele.gothup@edu.tbz.ch"|"YuU9n1-tTSXfQ-WeN5pX"
"renee.beauman@edu.tbz.ch"|"RswCg7-tLpDBv-9aqfrm"
"elies.loton@edu.tbz.ch"|"FO&crc-2YKY&x-UoO0eA"
"valerie.elsmore@edu.tbz.ch"|"E8okF9-4ku40i-fK%DMR"
"berangere.delafeld@edu.tbz.ch"|"8o%&se-Nne4Xk-rRB5%7"
"bjoern.schimke@edu.tbz.ch"|"PNm9Y5-FiUy@J-t$X8Ec"
"loic.ericssen@edu.tbz.ch"|"WdwlsA-HxUZHt-7bySHo"
"creez.richarz@edu.tbz.ch"|"e&YW0g-doAN2M-&L$GUg"
"athena.grocott@edu.tbz.ch"|"Q@XmiI-#43qVd-34jYBV"
"naelle.piotr@edu.tbz.ch"|"0PzFP#-c4CUPM-DbWzcn"
"maella.paulson@edu.tbz.ch"|"BOWFZ&-axZB7H-8pJLLb"
"song.perot@edu.tbz.ch"|"d@dDHX-M3iL6k-&#8dHU"
"kalliste.heckney@edu.tbz.ch"|"pdNa9P-&yOWGK-4KXesX"
"ake.vasyutkin@edu.tbz.ch"|"hlALe7-c9wsxV-sMWFcb"
"ma.castles@edu.tbz.ch"|"3OL1xp-DrUGd1-#7eTcQ"
"maely.monget@edu.tbz.ch"|"66H$Eh-gPntC5-Y83b0J"
"tang.durbridge@edu.tbz.ch"|"Bm8znv-$3MD@i-Bfy@z%"
"laurene.andrew@edu.tbz.ch"|"pq$Sso-q7U5TP-%&0wb$"
"lysea.beacon@edu.tbz.ch"|"I%o$@j-&H$zkw-hSGWGF"
"leandre.peyntue@edu.tbz.ch"|"ggCqOL-5r6xBU-kdYwVz"
"rao.trever@edu.tbz.ch"|"n#zq2N-DYhM6S-mJ5P5P"
"mahelie.streader@edu.tbz.ch"|"V1cjLi-Wa21f2-dF#yW#"
"maerta.andrejevic@edu.tbz.ch"|"YPh53%-dXD1#C-7ZdkBz"
"goesta.tompkins@edu.tbz.ch"|"totMS@-ZZnPDx-tC4k3F"
"helena.agates@edu.tbz.ch"|"6GqWIQ-0vEOSy-xhYx3F"
"therese.glass@edu.tbz.ch"|"SA9wq&-8uXhvP-Z@ogpA"
"alois.foan@edu.tbz.ch"|"SqyJCa-ud8FR4-mNrfZO"
"becassine.melchior@edu.tbz.ch"|"JsgOSV-r4w2Ab-PqVuHi"
"cloe.robart@edu.tbz.ch"|"m%9l35-sZnlg8-EzSV#A"
"daniele.puckinghorne@edu.tbz.ch"|"gsSN$P-TkFmhW-PgXod#"
"selene.cammidge@edu.tbz.ch"|"yAkRuQ-wZo5RX-OaOLrH"
"regine.conochie@edu.tbz.ch"|"lGNdDP-qhel4#-Rw4@GV"
"interessant.tuiller@edu.tbz.ch"|"uRjpX7-jO8fAR-hV19lb"
"long.tiebe@edu.tbz.ch"|"7CVWDP-lgYJfz-xGowEx"
"mans.yele@edu.tbz.ch"|"w$D1W9-vzzWWX-OZn&dg"
"ai.giles@edu.tbz.ch"|"4gq4@s-X3Kn0q-TsEcQb"
"gaetane.hamberston@edu.tbz.ch"|"7Wo$V6-cfv#zO-E2YpH#"
"marylene.fenix@edu.tbz.ch"|"bjjhm&-94XQ%w-Oed6st"
"geraldine.graeme@edu.tbz.ch"|"V5sAiG-##SDIz-ZCfoJL"
"tang.kinglake@edu.tbz.ch"|"I5luzU-oA8&$$-8EcK2U"
"lai.challoner@edu.tbz.ch"|"UnT2fj-JRl6i8-LXIywX"
"desiree.mattei@edu.tbz.ch"|"VjT&j#-n9nZ%e-mkJ9Ir"
"ake.erley@edu.tbz.ch"|"a9Cm&C-u7J6ql-YY&jtV"
"edmee.cavil@edu.tbz.ch"|"muFmtZ-ahsOKY-5JuE73"
"alois.moyes@edu.tbz.ch"|"YYP6mJ-zY#KM%-@o2A7C"
"becassine.pitman@edu.tbz.ch"|"qIKfP&-QO4EKU-P8R1k#"
"ai.giacovelli@edu.tbz.ch"|"ga9Sqa-AgG8Q0-E9160h"
"judicael.fruchter@edu.tbz.ch"|"ns8Muu-K85C84-WMrKub"
"mans.mogg@edu.tbz.ch"|"4wmqR9-6CY4&b-XU&WOP"
"gerald.foyle@edu.tbz.ch"|"p9b45l-rxkcSM-YBeJej"
"wa.androletti@edu.tbz.ch"|"rdBa0k-8ysTnE-4utMkg"
"meng.ollett@edu.tbz.ch"|"KlYn2c-kgdy5h-90Iu$a"
"naelle.macmenamy@edu.tbz.ch"|"o96Ib8-ZOydC0-w6JM%K"
"gisele.mcramsey@edu.tbz.ch"|"COg&PZ-8fagNE-d5Pl9J"
"meryl.scolts@edu.tbz.ch"|"lXd9nd-lvs%2E-uiu76q"
"celia.bloxsome@edu.tbz.ch"|"ekBGeN-5@jClL-BzD@B5"
"styrbjoern.stuke@edu.tbz.ch"|"j&&LTS-h7zJGh-Ub1Wsq"
"felicie.gwilliam@edu.tbz.ch"|"s1j@iA-1rHMeE-TaJkdB"
"da.harms@edu.tbz.ch"|"eoIMV&-mUZzhN-vEav%N"
"celestine.baulk@edu.tbz.ch"|"1&Rh4M-6hY&tS-vMEhMo"
"mahelie.blackledge@edu.tbz.ch"|"C8fI7r-OsgrNF-nh3JIK"
"meghane.salt@edu.tbz.ch"|"RX33nI-SN&nkf-fBz3#1"
"methode.paxeford@edu.tbz.ch"|"hJaPSj-e7OzlU-Zi$tow"
"asloeg.milligan@edu.tbz.ch"|"aeI1Mv-zFrz9K-puyWG4"
"you.pellman@edu.tbz.ch"|"@7ESTR-Ebj%6Q-Bw4O1s"
"loic.regenhardt@edu.tbz.ch"|"nhFfGb-68IxTO-SCOIVe"
"daniele.savill@edu.tbz.ch"|"ZgX%Gi-ZcxdU8-W1KNIb"
"alois.cornu@edu.tbz.ch"|"2HHZqP-mk7RlC-PFe#@2"
"oesten.govey@edu.tbz.ch"|"DZvpOW-yJ7uqB-Ns&mB5"
"marie-eve.louch@edu.tbz.ch"|"jtmdQ#-%6Xstp-Iw3Nko"
"theresa.wenn@edu.tbz.ch"|"%d9ujq-dI2ojh-843@nq"
"andree.eul@edu.tbz.ch"|"DKKZfl-v@gwaM-#LdkZ6"
"lie.paynton@edu.tbz.ch"|"CWymGG-#JsymG-7MEk@s"
"marie-eve.girodier@edu.tbz.ch"|"YG#OCh-PtEnj#-D0AO7o"
"marie-noel.smithe@edu.tbz.ch"|"u3uATE-UCNeTQ-au6cAL"
"men.bootyman@edu.tbz.ch"|"AoUw5J-sqr7@f-T4vAaD"
"ku.sugg@edu.tbz.ch"|"aFGHrr-DdjVGB-zgz8iJ"
"lucrece.roseman@edu.tbz.ch"|"QzGqae-vWkCIF-4k99Mf"
"zoe.annear@edu.tbz.ch"|"4Lg8Gt-%wnhH1-wGHtBd"
"marie-helene.rennebach@edu.tbz.ch"|"IyfWs6-wVjs3h-G&YGyG"
"lea.djurdjevic@edu.tbz.ch"|"lmc0FF-fGAZuB-hRWtKi"
"goerel.robert@edu.tbz.ch"|"2OJGCo-VMX56k-0PJiTc"
"mylene.foldes@edu.tbz.ch"|"nr9BFH-0wc3ll-rLIjjo"
"faites.clegg@edu.tbz.ch"|"gQrg4Y-gMDhlv-6WhWT5"
"marylene.crowcher@edu.tbz.ch"|"n%dapR-AmXd8h-VT%sVn"
"aimee.wimpeney@edu.tbz.ch"|"qIevLl-VBOwgy-&foN#7"
"renee.atkins@edu.tbz.ch"|"CEHQ1h-PHwaRp-s8yX3L"
"rejane.cainey@edu.tbz.ch"|"vnc&w4-$qSn%D-q4KJI4"
"solene.britney@edu.tbz.ch"|"edNa2x-eJXBJ1-8CBoxM"
"marten.shatliffe@edu.tbz.ch"|"1bGs6m-lJeM12-EVOSGb"
"maite.issatt@edu.tbz.ch"|"Y1uOW2-xkoeNM-$9Be4J"
"maelyss.edon@edu.tbz.ch"|"tySwe4-V6Up6#-HmJH3@"
"nuo.bamling@edu.tbz.ch"|"BaMdZk-Sxang&-@Zpqmu"
"anais.edards@edu.tbz.ch"|"uZ9w&j-Z%@quC-BMpOHj"
"mediamass.bromet@edu.tbz.ch"|"HWw2qw-37bo4p-#N82IK"
"beatrice.kimbrey@edu.tbz.ch"|"%o0GXz-Y9hp5S-9N2tNL"
"ines.lawranson@edu.tbz.ch"|"pU#OG8-7DZDnp-krz$e1"
"kalliste.scandroot@edu.tbz.ch"|"%2r5g8-jEhFD0-7dJlvT"
"mans.barrowcliffe@edu.tbz.ch"|"3oNTFC-09TnbN-RT$mTa"
"irene.couves@edu.tbz.ch"|"r0Frhk-znFNLd-pCj$x6"
"milena.mucci@edu.tbz.ch"|"cRXRn4-em@9Ux-P@b4k0"
"naeva.cow@edu.tbz.ch"|"c@GzF0-M$3D&q-57uL3i"
"audreanne.mournian@edu.tbz.ch"|"rc5p1m-bnIE1%-4l6yY5"
"melia.sinnatt@edu.tbz.ch"|"3Bh%aE-Tf42ix-tLD5sH"
"nelie.burnard@edu.tbz.ch"|"UU7LAF-lfKvkP-#hmpSN"
"clelia.ashfull@edu.tbz.ch"|"SzL38u-f8JRjx-77u8ct"
"lie.macard@edu.tbz.ch"|"YK9vMl-IJeeUa-AMQmI0"
"valerie.matoshin@edu.tbz.ch"|"5eKjN5-u2LTC$-Pw&lse"
"anael.hatherleigh@edu.tbz.ch"|"S0IdT$-SDspqF-N9uJkO"
"interessant.warratt@edu.tbz.ch"|"@XNkZx-E@JV1T-HL81&D"
"eleonore.volage@edu.tbz.ch"|"Tmi5OU-Y58yet-Lyi9Pe"
"zoe.stebbing@edu.tbz.ch"|"aFjDuN-&qXSeC-YSAsEt"
"alizee.nye@edu.tbz.ch"|"pJJ5k$-afG73m-OdXO1c"
"celestine.bramley@edu.tbz.ch"|"gt&Y7r-kT8qBq-EaDasO"
"selene.philcott@edu.tbz.ch"|"6fxU%g-zbfXSy-XSz99A"
"tang.newens@edu.tbz.ch"|"bu%oMy-o08Vv#-NwPjiW"
"annotes.powys@edu.tbz.ch"|"RLuBBe-4B4xZR-GQ775l"
"lea.matthesius@edu.tbz.ch"|"QByi%N-1mQKp#-jhr9um"
"illustree.garlett@edu.tbz.ch"|"iw49ZK-iRYCjV-8asw%F"
"maiwenn.meachem@edu.tbz.ch"|"UMgLQQ-wL1g4P-ZvN5by"
"marie-francoise.mcbrady@edu.tbz.ch"|"@uMFvc-zoZrq5-qLn29S"
"illustree.gimbart@edu.tbz.ch"|"z6f5xe-nmQi0p-fAWGdx"
"melys.lyosik@edu.tbz.ch"|"aiqQWH-shL2r0-T4t%nq"
"marylene.mcnab@edu.tbz.ch"|"cWUiO7-BZ8shI-$M#6KG"
"gerald.blount@edu.tbz.ch"|"P3tug4-XVpl@V-Uz0li8"
"clelia.shakelade@edu.tbz.ch"|"zX7$LL-KTdNgc-EjbipI"
"penelope.cridlin@edu.tbz.ch"|"OyoouM-8C6btt-73AGAm"
"maena.okuddyhy@edu.tbz.ch"|"Qe7mu6-EUwNP#-T32XHN"
"athena.keynd@edu.tbz.ch"|"0dUYm1-xZh80U-BYsDBS"
"cloe.dwine@edu.tbz.ch"|"yXAQjm-wgYqb9-d3lKS5"
"josephine.browett@edu.tbz.ch"|"L7Bevq-yRPM2T-Pe5eu@"
"audreanne.oscanlon@edu.tbz.ch"|"#oFjNf-XvWR$V-XUn@4I"
"fei.jeanequin@edu.tbz.ch"|"lNCswr-KLj3Zi-nQKAJT"
"lois.gormally@edu.tbz.ch"|"yCy9fH-zQYQK5-#jX1rt"
"marie-francoise.finnigan@edu.tbz.ch"|"XSmIyP-lxANZm-tHorcB"
"leonore.trussman@edu.tbz.ch"|"Xzq85S-H7Aijs-lYjNq6"
"anaelle.trumper@edu.tbz.ch"|"0IomIl-RIdO7D-9kIswf"
"clemence.dionis@edu.tbz.ch"|"O&xtn0-BBrYrA-bpE4X@"
"lois.tranmer@edu.tbz.ch"|"z1TSiM-hU9T8M-tDkXnb"
"interessant.volett@edu.tbz.ch"|"dwuRqE-wSZxoH-UTGBto"
"personnalisee.deackes@edu.tbz.ch"|"$Fpc7a-XbOcqF-kzuGsN"
"lie.vasiliu@edu.tbz.ch"|"lj9Q#7-SnPRIZ-&W1rP8"
"dafnee.lamputt@edu.tbz.ch"|"t#dhuJ-BwzIUN-XtqrmW"
"elies.bromige@edu.tbz.ch"|"NtGBQp-yyyPcH-rOywCI"
"helena.klosser@edu.tbz.ch"|"&FM5kB-im8E$k-QlUY9n"
"andree.grim@edu.tbz.ch"|"i2OBGx-JxSCCa-WJHHj@"
"verane.coldbath@edu.tbz.ch"|"Avssh6-woM6#Q-B#@OMI"
"helena.bethell@edu.tbz.ch"|"8Up&zj-TbgEe9-4oD1nI"
"kalliste.carefull@edu.tbz.ch"|"JETjnU-ylSafn-1qHlcY"
"regine.odams@edu.tbz.ch"|"xRu5F#-bTo6G@-zcg4Op"
"len.stannus@edu.tbz.ch"|"iOrg3r-VnSSqi-CJqohY"
"angelique.works@edu.tbz.ch"|"MdFI%K-4Zg8C8-uMcK6P"
"goesta.rheaume@edu.tbz.ch"|"L84rwn-BhdD5N-ck0y49"
"maelys.tynnan@edu.tbz.ch"|"3datht-9WzhOU-qUmg6v"
"maelle.carlesi@edu.tbz.ch"|"oy50rC-bHBJ&a-ZkAi0y"
"anael.spurden@edu.tbz.ch"|"zxSESA-KipxF#-@XQTHq"
"helene.pumfrett@edu.tbz.ch"|"zH#lBJ-hc7uC7-Mh9VyC"
"goerel.pearn@edu.tbz.ch"|"1Rta@N-X14XA7-J9GXvl"
"laurelie.dezamora@edu.tbz.ch"|"S04XG9-VzO5VK-jNw0d5"
"yao.twidale@edu.tbz.ch"|"gJtyjL-SAkOKY-puvJru"
"berengere.sola@edu.tbz.ch"|"G23U1J-mWry1A-7C6YJj"
"maelann.hardistry@edu.tbz.ch"|"pep9tc-yR4Xhx-MAU@z0"
"severine.littlefield@edu.tbz.ch"|"BS3%QX-0D4Q%d-YBXsSS"
"salome.heinl@edu.tbz.ch"|"ivVgTt-dAk2je-tMFl%S"
"meryl.warbey@edu.tbz.ch"|"q3Scp7-w0SPGc-G$MTgN"
"da.hunstone@edu.tbz.ch"|"hKmj6Z-0Myy8C-cM63&Y"
"venus.broadbury@edu.tbz.ch"|"3i@s#4-#LHCSQ-pR#DX1"
"meghane.rentelll@edu.tbz.ch"|"fDp&GP-Wn7dju-ok20#I"
"marylene.drewitt@edu.tbz.ch"|"8yD4xP-kCFOCF-vcNQgx"
"melinda.jacquemet@edu.tbz.ch"|"RLEDRu-h11XQM-a5dUAX"
"marie-josee.keyden@edu.tbz.ch"|"eOII57-xNKfOU-pNVrD#"
"asloeg.montacute@edu.tbz.ch"|"3Ho0nM-a3ZDSt-F7XBjh"
"ku.andreou@edu.tbz.ch"|"pXJOrN-YRQavw-UIJOVQ"
"personnalisee.feaveer@edu.tbz.ch"|"mj6#wu-ly$LYh-sj2Dqa"
"laila.emptage@edu.tbz.ch"|"PF3&ly-nPWVVc-Ueq&Zo"
"bjoern.dawdry@edu.tbz.ch"|"%nPyhs-3QJuou-&U4j@T"
"marie-eve.dinsell@edu.tbz.ch"|"H3S7i1-D$wYQX-RyonBq"
"helene.follett@edu.tbz.ch"|"lx9UaS-HjzNos-YscTSg"
"penelope.cordero@edu.tbz.ch"|"#BK4$R-Ha8n$6-C4oVlc"
"boerje.beedell@edu.tbz.ch"|"wUU4r5-Cbirfp-99DEG#"
"nelie.ferne@edu.tbz.ch"|"R6%F%H-f@J$T8-T3lmuP"
"celine.ahmed@edu.tbz.ch"|"sgbZwZ-IrjGPX-cR4YGJ"
"stevina.pimblett@edu.tbz.ch"|"tqd1$S-%3YdM2-AAiPJF"
"chloe.langlands@edu.tbz.ch"|"qC5Fi3-yc#9&s-m2Ed63"
"simplifies.maude@edu.tbz.ch"|"$fXRk2-lDu%bb-##0ZsH"
"genevieve.decarteret@edu.tbz.ch"|"9A3Q3a-Kb8I77-m9Mef5"
"marylene.mughal@edu.tbz.ch"|"ctol1h-7boVSf-TzsD@w"
"goeran.guttridge@edu.tbz.ch"|"T94MSr-vFwuFq-u8Ai0D"
"michele.smurfitt@edu.tbz.ch"|"TqREQy-D4RVwl-Nu63Oj"
"methode.hadeke@edu.tbz.ch"|"TFO928-XTOil%-O8blj8"
"therese.rispine@edu.tbz.ch"|"&Jxg$&-1%Wqs%-05UGzC"
"goerel.plumley@edu.tbz.ch"|"0mQTPw-bBWjJ@-pAwv00"
"oceane.friett@edu.tbz.ch"|"aA45s$-H1$bCa-$yZVzP"
"marie-noel.achromov@edu.tbz.ch"|"GjHetF-t8XrXq-Vn%Tnd"
"dorothee.storek@edu.tbz.ch"|"al2f2X-w8k$S0-9vGT%x"
"goesta.whittle@edu.tbz.ch"|"2hiLLM-Ejo0R2-eqwTkh"
"desiree.casely@edu.tbz.ch"|"%BoHwQ-pICsPn-iR$ztK"
"felicie.condon@edu.tbz.ch"|"rHgh$@-gEA1ou-4ii3Aa"
"maelyss.frisdick@edu.tbz.ch"|"$uHgDc-%cKZKb-#spD6L"
"aimee.banke@edu.tbz.ch"|"CIhOha-GVIIUc-KwA7$q"
"naeva.hodcroft@edu.tbz.ch"|"EZHvlo-h9&%Jm-7LLCB%"
"laila.gerrans@edu.tbz.ch"|"TSLVrA-EuLzFT-A$E#m2"
"daniele.scrimshire@edu.tbz.ch"|"gzCfkn-2plPEI-Ej6BvI"
"daphnee.sheerin@edu.tbz.ch"|"iXa5N6-56RtYI-vZ#fqY"
"pal.vanyukov@edu.tbz.ch"|"eK733K-pn693s-a857vz"
"zoe.childs@edu.tbz.ch"|"Xk5ur8-qBW5&C-D4Fj&L"
"ai.corde@edu.tbz.ch"|"s7nJdD-AMmUpS-jT5GED"
"maelys.berryann@edu.tbz.ch"|"IYW9oI-miP3Lk-$BEzC4"
"cloe.gladding@edu.tbz.ch"|"%0l0BJ-xgc%XT-ljLROQ"
"wa.kinnaird@edu.tbz.ch"|"8P%DMQ-8$vSA5-7@9m4H"
"publicite.brittoner@edu.tbz.ch"|"Bx8eeQ-nxNcnE-0PU%0s"
"rao.windress@edu.tbz.ch"|"%4HsPJ-2oOptq-o8$y4$"
"uo.kollach@edu.tbz.ch"|"niyal8-5qWaev-dp%jzV"
"josee.peskett@edu.tbz.ch"|"c8Hapk-iz%eJP-lgs0D7"
"annotee.hasel@edu.tbz.ch"|"wVVVjy-EXFgXI-4Kfz6j"
"cinema.lee@edu.tbz.ch"|"Mw5#I6-yO@F5t-iVeY5t"
"lai.vedeshkin@edu.tbz.ch"|"$vQp8A-l0L84J-t#6S11"
"renee.brisbane@edu.tbz.ch"|"6PRWB7-qvEgSV-iBKHbe"
"ophelie.blincoe@edu.tbz.ch"|"O0fg3e-CbFsTQ-4JhKUX"
"zhi.prazor@edu.tbz.ch"|"3Y7XMv-yavvFN-AcYBGs"
"annotee.maddicks@edu.tbz.ch"|"UB$dKN-LCdOAR-OeqO@J"
"maelyss.codd@edu.tbz.ch"|"7U60gz-1oL@Ez-iRPB1&"
"celia.peplay@edu.tbz.ch"|"voTbn8-$D7VZE-w4ZX4#"
"interessant.skone@edu.tbz.ch"|"AhGdwz-eBLnsa-gxr5Oj"
"audreanne.hebdon@edu.tbz.ch"|"y&T5pp-tCX9WN-7r8K8Z"
"oceane.glen@edu.tbz.ch"|"BFHaYm-O0tjoI-k$3RFV"
"daniele.vanyushkin@edu.tbz.ch"|"L1FCQD-IkYKkL-SWa5@Y"
"daphnee.ayce@edu.tbz.ch"|"TUsOo1-aBwp3K-AckVAZ"
"andrea.attride@edu.tbz.ch"|"Qamijq-Y44L6X-1JzZ$O"
"penelope.bridgwood@edu.tbz.ch"|"XE$z#Z-Sh#A2O-YtBVNf"
"mailis.drewitt@edu.tbz.ch"|"TZojSW-Rk5@bN-RgmWdW"
"penelope.mollene@edu.tbz.ch"|"pbDkFJ-lqJWAX-@lxZ2B"
"illustree.keely@edu.tbz.ch"|"sual$F-8wHr&d-u9aR7i"
"meng.brisseau@edu.tbz.ch"|"DPT6C3-RjBWot-DsXcX5"
"ruo.cleiment@edu.tbz.ch"|"8cGtV$-H@v#rs-O4deT5"
"maite.krammer@edu.tbz.ch"|"hcw972-V@V01D-ghvppf"
"genevieve.verry@edu.tbz.ch"|"q0eZDb-d9yxRc-pZfq6G"
"lea.olochan@edu.tbz.ch"|"f953@X-BbyXaW-91FLWO"
"naelle.brunnen@edu.tbz.ch"|"03t80O-aD8CgT-rA9WmW"
"goesta.bragginton@edu.tbz.ch"|"2Y#MRj-EPCsL5-RMfiJv"
"fei.danilyuk@edu.tbz.ch"|"lG96bJ-AAOAO1-0HyMNR"
"adelie.turbitt@edu.tbz.ch"|"IgRVAx-aAw$Mo-KLycOt"
"marylene.nutman@edu.tbz.ch"|"EiQSE6-dx8Piy-K6J#3O"
"therese.barbrick@edu.tbz.ch"|"uR9sGX-9&G6uB-RC%4O3"
"melys.kolodziej@edu.tbz.ch"|"l@bSm2-DnuyHv-tZ5VH2"
"melanie.runchman@edu.tbz.ch"|"N5p$10-DZu%dr-aEqT2c"
"serena.lafond@edu.tbz.ch"|"Q&fs@2-HJyn6s-llvmcr"
"pelagie.desmond@edu.tbz.ch"|"cJ%v$u-OjXHis-RUqrYU"
"wa.spickett@edu.tbz.ch"|"HAmnvC-z10lja-XD@uR1"
"po.shave@edu.tbz.ch"|"zj58sw-AZYo$$-hs3j#4"
"song.huikerby@edu.tbz.ch"|"8Gu4ao-RpnrPX-GuyfQO"
"melinda.bimson@edu.tbz.ch"|"T8C0oN-fg5ITV-$3NakU"
"personnalisee.toffanelli@edu.tbz.ch"|"1P1NWI-fO#M4F-A2Cndu"
"leandre.hurn@edu.tbz.ch"|"yU9L@h-Fw4zN8-dmX&l8"
"oesten.standell@edu.tbz.ch"|"oT8Seb-koWREE-qSvtZe"
"naelle.smaleman@edu.tbz.ch"|"6%ATuf-oi31my-VG@$aQ"
"berenice.tayt@edu.tbz.ch"|"ouDG$2-LrUZYL-4gcx$V"
"kui.popplewell@edu.tbz.ch"|"hSVHlL-7aQAXU-AoZlyt"
"melodie.ferandez@edu.tbz.ch"|"bG3cTB-zqmA1z-5yLHeV"
"josee.negal@edu.tbz.ch"|"1WYvKk-we&es%-C&BOMJ"
"melissandre.ferrelli@edu.tbz.ch"|"wDrHtt-I4qHbC-LByVmk"
"josephine.kemmer@edu.tbz.ch"|"@20ZsV-BjQtBx-LB#5mO"
"maely.cayette@edu.tbz.ch"|"oxkXJ5-rHpoPQ-tkrY$G"
"nelie.vela@edu.tbz.ch"|"Lap%7i-hWRxyb-y9y7UA"
"melina.cortes@edu.tbz.ch"|"VqnTA1-IT7Z03-NkU&WO"
"megane.leyshon@edu.tbz.ch"|"U%ab35-0EgIw5-vKV#Fn"
"regine.harrie@edu.tbz.ch"|"zmoqZa-J3l5SV-B&6JE$"
"mylene.widdison@edu.tbz.ch"|"x22uCe-#Uwrd7-ZFu8Vp"
"pelagie.vivash@edu.tbz.ch"|"RC6V@Z-nO43vD-B3ldNr"
"styrbjoern.vicarey@edu.tbz.ch"|"Fci#Yx-jXRvxP-AQE#Dj"
"long.kyles@edu.tbz.ch"|"bFyK4j-k4yM&o-xOz#Cw"
"stephanie.gipps@edu.tbz.ch"|"eHHTOQ-U6fl%M-Fr#PaG"
"clea.constantine@edu.tbz.ch"|"6PlBV#-0LZp5V-lhuJ9Q"
"maella.cometto@edu.tbz.ch"|"UzNC7n-qpnJSj-mHZVCl"
"laila.aubrun@edu.tbz.ch"|"t5C6Ty-NLwuUo-swbn9i"
"yao.austins@edu.tbz.ch"|"4ZwjLF-FVZLt6-YNBO@K"
"mailys.rylstone@edu.tbz.ch"|"wNNVpE-ZDXdf3-9rg7iq"
"adelie.curuclis@edu.tbz.ch"|"Av23s7-8KBNCn-MC3JR#"
"celine.longhurst@edu.tbz.ch"|"cF6@V9-BwuPwU-R&lZDh"
"gisele.hazell@edu.tbz.ch"|"YD8@li-yjXD4%-NeogB5"
"celestine.ciccone@edu.tbz.ch"|"8B9xLX-@6wZtg-kYU85s"
"maelyss.doole@edu.tbz.ch"|"nDZPDn-SLFAWE-BMCCeK"
"helene.grimsdike@edu.tbz.ch"|"6Q$57x-65&Q#w-a3T2IW"
"lie.macer@edu.tbz.ch"|"CxE5A@-BjMUf3-6JCbaZ"
"maely.izard@edu.tbz.ch"|"x@njj5-piT9Oc-MLcwXh"
"erwei.breewood@edu.tbz.ch"|"$D2rEX-TPte3V-%%0lk6"
"chloe.woolford@edu.tbz.ch"|"@pQFt2-@tw#EV-yLsIMx"
"cleopatre.turpin@edu.tbz.ch"|"@%wzj8-02#$nC-lcvhOf"
"melodie.surgison@edu.tbz.ch"|"0JfMtV-4mlvqF-#pJI27"
"elies.leander@edu.tbz.ch"|"Kwi0yj-relJxH-tOWCS@"
"mediamass.reignould@edu.tbz.ch"|"2DmGGw-ozSl3N-MuXVa4"
"celestine.wasmuth@edu.tbz.ch"|"UeVWET-mufFx7-0P6a#G"
"marten.jervis@edu.tbz.ch"|"STPBIK-96#B1W-I56x8Y"
"daphnee.bour@edu.tbz.ch"|"keswMx-5CPvou-27&c@6"
"regine.harlett@edu.tbz.ch"|"uAtspK-Sez#Jf-x7zke4"
"noemie.macaskie@edu.tbz.ch"|"8V8Wyq-aGpJrp-mslQbc"
"loic.renfield@edu.tbz.ch"|"GA6Y$I-dpEhKt-bsNAx9"
"venus.kleinert@edu.tbz.ch"|"X9Ghqb-%Z63lD-JuZwJN"
"marten.burlay@edu.tbz.ch"|"NZQ4X@-6HkG8I-Hi2%sK"
"berengere.radsdale@edu.tbz.ch"|"rU6NCC-iNDXTc-b17lc4"
"genevieve.duckit@edu.tbz.ch"|"7s88Hu-VgL&S&-TgCfE#"
"maely.ligerton@edu.tbz.ch"|"p9fEkZ-eYJ6bF-ILLT#G"
"maeline.ricciardelli@edu.tbz.ch"|"I$S4pA-HRP$OU-7EIh4U"
"personnalisee.yggo@edu.tbz.ch"|"pqLVfI-qb#Yto-xIIHo0"
"alizee.pettinger@edu.tbz.ch"|"XgR17S-9T6HMc-Dn@Zuy"
"desiree.curnnokk@edu.tbz.ch"|"r&C6B6-Ssplju-t5#xee"
"dorothee.minors@edu.tbz.ch"|"Jft9oB-#VToyT-e%7aYU"
"oceanne.kopmann@edu.tbz.ch"|"5#l&D@-%%CO2Q-yN5$HM"
"almerinda.brodbin@edu.tbz.ch"|"u0PwBR-Poxg$T-sh1c5B"
"yenora.carsberg@edu.tbz.ch"|"Vy3JNu-0cmAnl-e@S3&w"
"wa.beetles@edu.tbz.ch"|"ihSzzf-lB@HfV-WW2ioQ"
"audreanne.abbot@edu.tbz.ch"|"niQqR8-KrJtn8-ao$OOe"
"noemie.capper@edu.tbz.ch"|"o@DP%C-1uC6%v-VLEQgr"
"mans.abramamov@edu.tbz.ch"|"GNihfX-SoeyJT-oEe$xS"
"audreanne.blakey@edu.tbz.ch"|"x@WbB&-mZOLS7-WILRnp"
"leone.klimpke@edu.tbz.ch"|"x%KlFF-aLKlZM-LH8OLp"
"lie.croston@edu.tbz.ch"|"ZmdFtX-ppV3lE-WKmOiJ"
"anaelle.baistow@edu.tbz.ch"|"UrB0Cr-h8JSk6-9NqwUM"
"michele.garwood@edu.tbz.ch"|"&N@q7c-$J$qy7-VGlQhw"
"interessant.albion@edu.tbz.ch"|"Vo5PrR-bp&DQB-5dsiLu"
"andre.brisco@edu.tbz.ch"|"qe3ZAy-RPLc$9-gvT3fI"
"tang.totterdill@edu.tbz.ch"|"adbfJM-AfSlWa-Cpf2RN"
"marie-josee.braundt@edu.tbz.ch"|"RTOhAO-kwzsU4-nMDa#a"
"lois.galer@edu.tbz.ch"|"RrZdST-c2gdhM-HSUV$g"
"faites.pellamonuten@edu.tbz.ch"|"yli8EV-rDrmMC-GjK&tU"
"mai.barfford@edu.tbz.ch"|"GH4&QK-M008LK-c#6Szh"
"laurene.macilory@edu.tbz.ch"|"NJkCIW-RD&4Og-b3pBKC"
"elea.peak@edu.tbz.ch"|"bzVZay-cD@7ys-9bdIA&"
"rejane.doni@edu.tbz.ch"|"JoTUwh-7uNwDG-bOM&zN"
"mahelie.ector@edu.tbz.ch"|"rRMYIC-pELLB7-XpBk6y"
"rachele.allum@edu.tbz.ch"|"fexJAQ-NvTeP@-#pcmkL"
"laila.gerretsen@edu.tbz.ch"|"gGq3eM-vviQ@P-5CvmGb"
"ines.bowman@edu.tbz.ch"|"ova3Y2-0EWoFe-x@HaXb"
"publicite.barbary@edu.tbz.ch"|"ZDwT0u-xa6Q6H-QoBGTT"
"mailys.smooth@edu.tbz.ch"|"WeRWbd-P%OSJI-kN&EJp"
"mailis.huguenet@edu.tbz.ch"|"4R@UXi-r%SmxX-gEYI&9"
"lea.ewer@edu.tbz.ch"|"Kr9GSF-7zMW5B-r3HLQC"
