"email"|"password"
"melodie.vandervlies@edu.tbz.ch"|"Y7e9CE-94&H9X-nIWcTp"
"angele.edgecumbe@edu.tbz.ch"|"oKqHMv-EIyQJP-$h0LEc"
"zhi.andreasson@edu.tbz.ch"|"tZnEah-h%n6Y%-qVlaNk"
"judicael.koppeck@edu.tbz.ch"|"2g7eYq-GbFRZ5-qcuUgy"
"berengere.capron@edu.tbz.ch"|"UzXRIO-Eq1zE4-XM5@bG"
"leonie.brosini@edu.tbz.ch"|"E%wN$L-8edrqj-j9lLof"
"venus.garfit@edu.tbz.ch"|"lrT6YO-eJcbkB-ft0jZo"
"melina.janota@edu.tbz.ch"|"zb&Zor-FXCVF6-WVBegg"
"laurene.bake@edu.tbz.ch"|"c9jSRp-$hjRaX-UQo2#E"
"regine.dorkins@edu.tbz.ch"|"WbRUfM-b6q@bl-N0lhOd"
"cecile.moffet@edu.tbz.ch"|"RGz0M5-5WtRBL-NoEUHE"
"maelann.labrone@edu.tbz.ch"|"#UD%I8-ET#Jbp-jTY#t&"
"melinda.newbold@edu.tbz.ch"|"yR&0aJ-PXU8XY-ggK@js"
"mans.itzhak@edu.tbz.ch"|"eBIzVP-oEx3xi-oc2CM1"
"melodie.pattlel@edu.tbz.ch"|"hVLqrc-Mf&hcy-QYH5uI"
"celine.bonett@edu.tbz.ch"|"xGppcE-FdUqqr-0XL@7p"
"adelie.mcgreal@edu.tbz.ch"|"eS61sb-JOO1lk-3a75Y3"
"helene.soldan@edu.tbz.ch"|"hfWn5m-1bp@4j-qgcVD0"
"michele.cluer@edu.tbz.ch"|"0N7gdg-%1ZZCk-rPXFDZ"
"maeline.mueller@edu.tbz.ch"|"ON6ueT-$wUJJC-9vSq@V"
"maelann.benedito@edu.tbz.ch"|"jbW#rQ-U@HCO5-RPx62C"
"nuo.gransden@edu.tbz.ch"|"RrcvOZ-rI&rb@-iVgM8X"
"berengere.stainton@edu.tbz.ch"|"g5VlyM-cL5Em8-ogRDYl"
"wa.sabater@edu.tbz.ch"|"637RYJ-fqq3Fd-dw%8#t"
"anais.cochran@edu.tbz.ch"|"@I61p7-Npm@23-d7md4l"
"gerald.bessant@edu.tbz.ch"|"ekqi2%-bVyPTB-3l07ts"
"ruo.coffin@edu.tbz.ch"|"v$TeNw-jKkN%U-z4TQjX"
"melodie.mustill@edu.tbz.ch"|"pYJ#K%-s8wkP3-uDGw10"
"ruo.stanesby@edu.tbz.ch"|"AhjVz@-8$vyED-$pBIQp"
"noemie.antognelli@edu.tbz.ch"|"Hqrk2h-idpYrd-4p3K1%"
"maelann.hughson@edu.tbz.ch"|"px28sn-r0gxge-kNgaa$"
"milena.mieville@edu.tbz.ch"|"pywpA8-XOJ0RJ-v30wZB"
"mailys.chamberlin@edu.tbz.ch"|"u&Zq@Y-WFem&I-yORQhp"
"nadege.tomalin@edu.tbz.ch"|"jqJ1j0-mAcLPP-LUOlMG"
"oceane.omara@edu.tbz.ch"|"Cn8I#S-k%jA9w-UPkOh@"
"cecile.aguirrezabala@edu.tbz.ch"|"jXeLoI-GQosLG-LhaXlc"
"maella.gwillim@edu.tbz.ch"|"InI5%M-Tpdx4r-UU8K7y"
"lea.mcgahey@edu.tbz.ch"|"CAX9AN-QV8LWR-lMT2R8"
"laurene.hagerty@edu.tbz.ch"|"W73RMG-OfcwIM-VNFu%7"
"dorothee.link@edu.tbz.ch"|"qHriW&-j2SYgJ-1X7cZn"
"clementine.kynsey@edu.tbz.ch"|"Lt2hec-#EElJ1-35jWP$"
"lorene.smitherman@edu.tbz.ch"|"@2RMuq-5SqHgi-hy1rGC"
"cleopatre.klulicek@edu.tbz.ch"|"uFE23#-fKwV7v-JTJPMw"
"laurene.castaneda@edu.tbz.ch"|"zwv2jj-Lq60x5-YLvwX0"
"melia.constant@edu.tbz.ch"|"nEYayB-ptJDUJ-MGT#ER"
"lucrece.clunie@edu.tbz.ch"|"da46#8-lsY9dM-8wMqGd"
"eleonore.mcmurthy@edu.tbz.ch"|"waMpEz-UBdupl-iCbsOr"
"melia.bevar@edu.tbz.ch"|"6gkUm4-hGat5i-XU228B"
"camelia.bontine@edu.tbz.ch"|"vSkjBC-Pke5oP-4X1yZg"
"methode.jozefczak@edu.tbz.ch"|"2@yGAy-vOWGER-$#oPci"
"audreanne.hinsche@edu.tbz.ch"|"KOndl%-#ID%@y-glgRdo"
"andree.varne@edu.tbz.ch"|"&3x52H-9n9q22-993nT8"
"marten.kinleyside@edu.tbz.ch"|"Srl8aQ-RhKBJr-g4okt7"
"esteve.mcewan@edu.tbz.ch"|"QpNgxy-bqZKWN-rWFYSr"
"leane.dibbert@edu.tbz.ch"|"qtqgRx-Fxqq%1-3MOE8h"
"ma.thewlis@edu.tbz.ch"|"mP6Au%-oRA$Vb-rV3qkx"
"clea.djurkovic@edu.tbz.ch"|"WMvb5v-Z4lDf7-COkQLP"
"rachele.reburn@edu.tbz.ch"|"uILLEp-&3n$hp-gxOMTd"
"gerald.gowling@edu.tbz.ch"|"KvDDPs-@95bGe-hgCMx1"
"cleopatre.jackson@edu.tbz.ch"|"1Dp7Z3-@f4L%D-Z5D2f0"
"desiree.haskins@edu.tbz.ch"|"W6aKuc-R0xRtY-A5spvu"
"eleonore.longson@edu.tbz.ch"|"tw$EHX-HKJypT-G@Xzv8"
"leane.dybell@edu.tbz.ch"|"l#yaCE-jaBUqw-HxUvRU"
"becassine.grzesiak@edu.tbz.ch"|"pebMR6-LVxeBa-VX#xYE"
"marie-josee.pickin@edu.tbz.ch"|"gXvbd6-oqELM7-u4e0W2"
"marie-josee.roxby@edu.tbz.ch"|"T10a8y-sa%7Oy-P2@pP$"
"leonie.feenan@edu.tbz.ch"|"XDlEnu-X@o#1d-H5X4@b"
"valerie.ellum@edu.tbz.ch"|"Bc4r5K-4rf8Wy-50b@8M"
"ju.caseri@edu.tbz.ch"|"%L0Rl@-xxbNlu-dwmWDu"
"boerje.strangman@edu.tbz.ch"|"IhBd4w-saWY5d-&EZOj@"
"beatrice.ghidelli@edu.tbz.ch"|"$wAXwL-B9i1Xz-$PBlMs"
"da.jablonski@edu.tbz.ch"|"7LLi@G-cTeaqe-lhwehM"
"uo.beveridge@edu.tbz.ch"|"P6kPb@-zWa&C1-hQeN99"
"valerie.bestman@edu.tbz.ch"|"hCeYeo-BDIRp9-314IdA"
"marlene.pohls@edu.tbz.ch"|"jhk9Pb-OTDi7b-n7xuz5"
"ma.nolda@edu.tbz.ch"|"G8meBU-xv%ZH6-ayGkyL"
"marlene.bisiker@edu.tbz.ch"|"#H9C@u-ckH5G0-Uzkg4h"
"estee.babon@edu.tbz.ch"|"zs6l%x-wKL3TU-4D93yR"
"simplifies.dmisek@edu.tbz.ch"|"q5mp$9-02ycbq-I6Kinq"
"selene.ganing@edu.tbz.ch"|"HtmVXV-QXZftT-yeZ%e2"
"meryl.penke@edu.tbz.ch"|"w4a8Vq-YQKMfj-0k0lAv"
"anais.rawcliff@edu.tbz.ch"|"Nlo7Hz-vFo4$U-38aSc$"
"melina.andri@edu.tbz.ch"|"f%C2H8-pObgdr-mZIZTG"
"audreanne.fodden@edu.tbz.ch"|"YhMTj%-eiBhQo-oprY9X"
"bjoern.spellesy@edu.tbz.ch"|"GRlSkF-0RQJbw-g8uXUF"
"francoise.summerscales@edu.tbz.ch"|"&r8ul&-&MQQtS-k1npLV"
"laurene.ashtonhurst@edu.tbz.ch"|"9e4gQe-@8dsUd-on%Png"
"valerie.petters@edu.tbz.ch"|"rTThGv-i#f$CN-2DzOlV"
"anael.spenclay@edu.tbz.ch"|"K&Npav-9tc4&P-JXPrkZ"
"stephanie.keech@edu.tbz.ch"|"J1mnzG-ZSY@tP-jmNfmm"
"ines.deveril@edu.tbz.ch"|"zSZocR-QuJ565-J%KId4"
"berenice.gelder@edu.tbz.ch"|"1H@pcj-Q6CqWR-ziJNts"
"melanie.ofogerty@edu.tbz.ch"|"lu3isb-qk4HQY-9kWh#q"
"frederique.canepe@edu.tbz.ch"|"JE57Hn-p&$HRi-@VWPt5"
"nuo.otton@edu.tbz.ch"|"H@B0hT-cwudxQ-jg0#pb"
"genevieve.trusler@edu.tbz.ch"|"zgTDkr-r6j3ux-29k3Mk"
"ju.boag@edu.tbz.ch"|"saKX5j-$rGY1s-W5Fzyj"
"josephine.dilucia@edu.tbz.ch"|"riE7Vt-hOnzm0-WliXz3"
"laurene.armsden@edu.tbz.ch"|"jhb&gp-@p5jVq-Y&PG$E"
"becassine.griffe@edu.tbz.ch"|"HoPz%f-rM&oGQ-Cz143G"
"alois.parres@edu.tbz.ch"|"q4A&$l-crZDC7-VfZLzT"
"cleopatre.gaffey@edu.tbz.ch"|"3$xGYD-$tD1$w-UcjSFl"
"andre.stiger@edu.tbz.ch"|"IunZPx-@WaFHK-KtKG6l"
"beatrice.godleman@edu.tbz.ch"|"oM7E0W-tzIq7L-%JR&7X"
"hakan.harrhy@edu.tbz.ch"|"Hag7vA-8ecvvg-fWn9N1"
"celestine.dagnan@edu.tbz.ch"|"Za#Tns-7YBcUt-9yf9AG"
"clemence.haggart@edu.tbz.ch"|"f@7tH$-oGkzrC-lTu&nT"
"long.caban@edu.tbz.ch"|"ogWpjz-dGOOER-d7986j"
"gaetane.grimble@edu.tbz.ch"|"QjEu5u-hHR57V-b9Bd88"
"maelann.piwall@edu.tbz.ch"|"oy$w@z-tsXlVM-aN@9MW"
"magdalene.loble@edu.tbz.ch"|"F8rImZ-ESzjiU-ro3IG9"
"veronique.domaschke@edu.tbz.ch"|"D7xuFW-5w%tqr-3zxH7L"
"clea.herity@edu.tbz.ch"|"yVuQ6X-Q&rQfN-g3df7y"
"maelann.bambrough@edu.tbz.ch"|"mEX@i#-aWitDS-LPBCV%"
"clea.goulstone@edu.tbz.ch"|"RoouL3-$vboY3-Mgb9@h"
"renee.deleek@edu.tbz.ch"|"KjmsvX-e90bjc-9tefpy"
"boerje.rudderham@edu.tbz.ch"|"Qv0L3w-MBB5V2-oPpR&X"
"marylene.broune@edu.tbz.ch"|"Zt6k4o-Ovc42z-zBc6uu"
"nadege.mccuish@edu.tbz.ch"|"RW0n$W-M65qzm-%24o5q"
"anael.littleover@edu.tbz.ch"|"o@7xAO-nsj6Qw-$Lp1s3"
"lie.baume@edu.tbz.ch"|"0Kj59e-ISD5sy-GGc6XZ"
"maella.murrow@edu.tbz.ch"|"vMKuMu-vEQord-&TP0f%"
"cleopatre.pettifor@edu.tbz.ch"|"gOCjvS-4ZMOJw-cV95On"
"geraldine.asker@edu.tbz.ch"|"6xBgSq-qpGjFN-te8lbO"
"gaetane.smedmore@edu.tbz.ch"|"nL31I@-se$Bci-WjQWnr"
"meryl.blencoe@edu.tbz.ch"|"z#Egb$-Dnyw6K-rb8bv@"
"aurelie.chastaing@edu.tbz.ch"|"RKqTaO-$lRshR-VuekA@"
"oceanne.marthen@edu.tbz.ch"|"f@4yeG-XH0dSV-%$i8U%"
"dorothee.burrill@edu.tbz.ch"|"HsyF1m-VAA%nh-EccgY$"
"hakan.belden@edu.tbz.ch"|"x3s#k1-z#xJX5-qTcZiM"
"celine.brunning@edu.tbz.ch"|"5GIxHK-807xog-w$j4VD"
"anael.lapides@edu.tbz.ch"|"RzmGtE-#qRgxW-&9C5sX"
"ruo.saffran@edu.tbz.ch"|"hdwG6W-izgio3-RuxydA"
"loic.gerretsen@edu.tbz.ch"|"DGP0dt-&2Ypv#-FinwQB"
"rui.fitzer@edu.tbz.ch"|"piEnvx-dyjBF@-lYGcYL"
"annotee.ogers@edu.tbz.ch"|"aNrP3L-S6Tvd2-4ANWpI"
"boerje.bindin@edu.tbz.ch"|"W%V2qn-Bcv7J2-bDaqpe"
"ma.cronchey@edu.tbz.ch"|"7QLRXa-LXvmE@-6xr63i"
"laurelie.baiyle@edu.tbz.ch"|"t8NA9g-h00tVj-RhNd3Q"
"dorothee.older@edu.tbz.ch"|"dMmYiL-uQwDm3-Ex#PB8"
"laurena.wile@edu.tbz.ch"|"wybkRx-aYyKeM-Jt@uvz"
"clemence.brito@edu.tbz.ch"|"@Hlwqy-M#Qc8a-Ud5aez"
"nadege.dallin@edu.tbz.ch"|"1DV8RQ-Jttu&s-dcJ$jZ"
"mailis.matley@edu.tbz.ch"|"#6rkfC-HB$e5W-kcyu@0"
"daniele.screaton@edu.tbz.ch"|"fXzuDU-Z@vMs@-2&S$$R"
"mediamass.godly@edu.tbz.ch"|"x&kLnC-cL&V4m-22BkXo"
"leone.kremer@edu.tbz.ch"|"eAw3n3-PHcHEJ-8t&wm1"
"asa.adrian@edu.tbz.ch"|"PW6a2&-R7f&IX-xPdcGH"
"adele.doley@edu.tbz.ch"|"efmsOT-SJtkxl-UeY0Bl"
"fei.sidney@edu.tbz.ch"|"0LDcfb-4VbptD-CX0LBk"
"marie-josee.walisiak@edu.tbz.ch"|"9Qy9h2-2nPD7&-4yUwcA"
"desiree.diplock@edu.tbz.ch"|"2uY2Rv-B&X8l8-eHPanR"
"gisele.schust@edu.tbz.ch"|"E$esUD-FsQKxL-XYGRQR"
"ma.longshaw@edu.tbz.ch"|"gZ6qbI-BXC%Z4-6ojTav"
"da.boother@edu.tbz.ch"|"TAZWt6-x@LCLe-lthHfM"
"simplifies.chaudhry@edu.tbz.ch"|"6x5rzi-2lcYP4-q$g3oA"
"garcon.baniard@edu.tbz.ch"|"1Z&u1o-zcvK9v-rx$93f"
"gaetane.elphee@edu.tbz.ch"|"e4Mulk-DcIP2d-l9ciXD"
"gisele.hassey@edu.tbz.ch"|"Q51aP9-vbY5El-gQmdMU"
"oceanne.booley@edu.tbz.ch"|"HI@l@N-xGTHf%-vQakNI"
"oerjan.dibden@edu.tbz.ch"|"OWFumQ-@IWX6V-oe4kXl"
"regine.ocleary@edu.tbz.ch"|"JoLI1s-cGX0XW-vbSLuy"
"selene.persse@edu.tbz.ch"|"xSjOa#-AvoyAq-ISclty"
"helena.adenot@edu.tbz.ch"|"a@wAw4-v9hzgC-TX6f1a"
"maelann.wassung@edu.tbz.ch"|"x4oCHR-Nbzs3$-a1lAE0"
"frederique.ackermann@edu.tbz.ch"|"19o&#a-0$#ILs-DqiTi&"
"audreanne.kahen@edu.tbz.ch"|"lNxtXg-R05UX$-oZ#zip"
"maiwenn.lasty@edu.tbz.ch"|"pwUM1U-njAYT1-BcUdIw"
"yu.dictus@edu.tbz.ch"|"cW9DAP-iSxKM0-wwGoiZ"
"anae.dukes@edu.tbz.ch"|"kVs@pG-#ggaNz-9mPX@I"
"yenora.warr@edu.tbz.ch"|"RlxCQm-qFxlbQ-HUj$0i"
"esbjoern.archibold@edu.tbz.ch"|"w$WXxC-hgkHLF-aL%Boo"
"milena.pardal@edu.tbz.ch"|"Hj0Y0%-nR7w2F-jV3u&o"
"celestine.graveston@edu.tbz.ch"|"HQFfSG-y5f%Yr-l&c4oI"
"maena.dallas@edu.tbz.ch"|"2G3XYp-2ZSMOx-ucOsEg"
"andree.tuke@edu.tbz.ch"|"EGdSn@-6@v8Mn-VzJJCi"
"methode.seldner@edu.tbz.ch"|"RCDF2z-4i9xes-1tyskA"
"venus.bullas@edu.tbz.ch"|"tTs6Om-LEY@jJ-EAAQ0Q"
"mans.aguirrezabal@edu.tbz.ch"|"ZIaJsB-psOoc&-O#UPgr"
"gaelle.eadington@edu.tbz.ch"|"UHq8xE-Ut355Z-&%Ajks"
"anaelle.falkner@edu.tbz.ch"|"xrGh8%-fO7j@N-rWgZJu"
"ophelie.height@edu.tbz.ch"|"as1bwf-2l9C#9-13UYJ9"
"marten.bolding@edu.tbz.ch"|"$m9ytK-RXKoA8-Tn#XkO"
"pelagie.guswell@edu.tbz.ch"|"NnHa#U-35I@uF-$O1CRh"
"gwenaelle.lecount@edu.tbz.ch"|"8QTNue-HU2AO%-7H4@kW"
"hakan.laden@edu.tbz.ch"|"mT88zj-um5RqY-HhIV7P"
"marie-josee.hylands@edu.tbz.ch"|"Vi6rwE-XY$2ws-B5rkJD"
"zoe.kingshott@edu.tbz.ch"|"eJZzxQ-#p4wUG-YVF&n3"
"josee.janous@edu.tbz.ch"|"nXTUXz-bRlha6-vYA8Au"
"laurene.gallally@edu.tbz.ch"|"GdK@Vc-y3c%GV-GzJawH"
"anael.bickle@edu.tbz.ch"|"gLMnAK-oWOqg&-%MTQRC"
"mediamass.lebbern@edu.tbz.ch"|"AR7chZ-St9at#-hvo9KU"
"berengere.hovy@edu.tbz.ch"|"I&k1K$-6q78Xd-XIrFxL"
"oerjan.kilmurray@edu.tbz.ch"|"hZ#tFh-ysrot@-PqYFuW"
"asloeg.venny@edu.tbz.ch"|"KOLLZU-kAem5l-blK8Tr"
"marie-noel.stoad@edu.tbz.ch"|"ylpi7w-YZIAcO-tZpCuW"
"hakan.pettifor@edu.tbz.ch"|"imuboB-4wvAQh-xMQlZ@"
"maella.willgrass@edu.tbz.ch"|"KWlW3u-Ymwf39-BOYnK$"
"therese.ludovici@edu.tbz.ch"|"9HWpGT-u0OqUr-0ta50@"
"stephanie.trewhitt@edu.tbz.ch"|"9B6YAi-dJtO&I-WbfurY"
"maerta.bauduccio@edu.tbz.ch"|"B@N%Mq-A7Pg&H-bLa@eI"
"gaetane.glaisner@edu.tbz.ch"|"T63bP9-W11NkP-Kb$1xa"
"naeva.pargeter@edu.tbz.ch"|"rmdxQK-84uQ6b-g3j&&I"
"salome.venable@edu.tbz.ch"|"PQQ2zx-pF23fk-t5yL%Y"
"boerje.thickett@edu.tbz.ch"|"n7IEVZ-cd$9DB-dgaSxV"
"lucrece.prendergrass@edu.tbz.ch"|"YyyQdE-3OQpT8-JZ4s17"
"laurene.ockleshaw@edu.tbz.ch"|"hnVbHQ-MVS$Zq-V7IpKl"
"cecilia.pasticznyk@edu.tbz.ch"|"pjeiHu-8#KQW3-6UqVpL"
"stevina.mackey@edu.tbz.ch"|"rh%66%-sb@pgk-hjymTu"
"marie-noel.reven@edu.tbz.ch"|"5HSc0p-iEVI36-MLZ28#"
"melina.quilkin@edu.tbz.ch"|"MFsVf%-HjKk5%-jbDReT"
"marie-noel.ferrie@edu.tbz.ch"|"HIb0rn-6ZEcCe-iqwvKM"
"leone.alphege@edu.tbz.ch"|"4OKeE6-Bmrlke-Huf2VB"
"zoe.leverson@edu.tbz.ch"|"W$dK7n-PWHi10-gPaS5u"
"annotes.grayne@edu.tbz.ch"|"$l$XQA-1SJcjg-I6jC6L"
"faites.lalley@edu.tbz.ch"|"9%p9#a-@HLs%l-sThahF"
"adele.wallis@edu.tbz.ch"|"J1o$%J-WHZzHC-V$XD1S"
"severine.madill@edu.tbz.ch"|"XtXAuN-mJSg2i-BZW@dn"
"valerie.tebb@edu.tbz.ch"|"giulog-n@MfDz-k53bmS"
"kalliste.rasper@edu.tbz.ch"|"VJeHhV-ktTCpk-Rs1oM6"
"audreanne.palomba@edu.tbz.ch"|"JhaW#o-h#lyn#-ISBVR%"
"elea.adamik@edu.tbz.ch"|"sVu9vT-#pCD45-CmI#Il"
"reserves.jakuszewski@edu.tbz.ch"|"brOeIN-U6j9wZ-BTZ$mu"
"athena.belhomme@edu.tbz.ch"|"IG@uxt-bYuTYd-gOJETB"
"rebecca.crippin@edu.tbz.ch"|"ZCLJR#-8Y&fU$-JiYzVd"
"maiwenn.curman@edu.tbz.ch"|"4BLL3r-bGHmy0-eV1icu"
"andree.bunner@edu.tbz.ch"|"yibW8x-OlO5T0-NnWOq2"
"ruo.winckles@edu.tbz.ch"|"2fLK5c-6ffl1r-w7tZW0"
"naeva.buntine@edu.tbz.ch"|"ybSoSq-s@jDk$-DcQcO3"
"boerje.dollard@edu.tbz.ch"|"20IyRk-93Flcf-LH8Bbw"
"penelope.gorman@edu.tbz.ch"|"kLbUR6-M$9cou-BA#BZH"
"alois.robelin@edu.tbz.ch"|"tHnlee-yEDYLL-RpfzC6"
"anaelle.tindle@edu.tbz.ch"|"EKiOyp-m@2eZe-JHpW5O"
"ye.frears@edu.tbz.ch"|"Rhb72B-X37i3T-$IGiGr"
"andree.ovid@edu.tbz.ch"|"fh5M3x-UhPOns-io2v4K"
"hakan.peat@edu.tbz.ch"|"JjO7R@-DM5oNt-MiDZNL"
"andre.januszewski@edu.tbz.ch"|"QtMI9M-F7Anhu-snGW1z"
"annotes.clemmett@edu.tbz.ch"|"U4zizo-7blyMc-G5%hYN"
"pal.lambswood@edu.tbz.ch"|"i%j0eS-IO4%Oz-RgchF9"
"yao.lenton@edu.tbz.ch"|"oPxjz6-syfifY-#vSrMZ"
"hakan.boyton@edu.tbz.ch"|"RXoEC9-oJ@9Pi-AGDTAj"
"nelie.forsey@edu.tbz.ch"|"t@HXz$-vw5c0x-YFExAQ"
"hakan.horche@edu.tbz.ch"|"KO%i$B-qZkSFB-#XQUoi"
"lorene.sinkings@edu.tbz.ch"|"ONgiKE-NMS@E6-9vVXj$"
"marie-therese.creddon@edu.tbz.ch"|"Xiqb4p-yeW1%B-uigbI4"
"berenice.tolworthy@edu.tbz.ch"|"&xYhAJ-dJp9q$-PUVcYO"
"theresa.land@edu.tbz.ch"|"3HiW6s-GGOAjX-Zb0osd"
"marie-therese.gianilli@edu.tbz.ch"|"6r%M%#-WwRS5#-sg8CqV"
"meryl.glew@edu.tbz.ch"|"#SIhZt-y2I$Af-w1DViD"
"adele.debling@edu.tbz.ch"|"TEbSgu-j$Q%Sl-sv7wme"
"anae.metzke@edu.tbz.ch"|"Ef4qh6-8z4iyc-uAWswC"
"gaetane.gooden@edu.tbz.ch"|"s8woM5-EQZwIx-XT%IQA"
"laila.bootland@edu.tbz.ch"|"8&l&fo-4TfoAP-LaPT6Q"
"maite.helsdon@edu.tbz.ch"|"JRPFX3-LjrxPr-WRPXlv"
"andree.malley@edu.tbz.ch"|"VU2Wc4-pAkW1D-h1R8$9"
"pal.simmens@edu.tbz.ch"|"Q$Lkyb-lU$4qo-@Fmv2e"
"maelys.nuccitelli@edu.tbz.ch"|"fNLOXd-EZL8zK-eIy#Df"
"dafnee.sibary@edu.tbz.ch"|"coAGqS-Bs5IsC-OLQq1t"
"alois.harsnep@edu.tbz.ch"|"#999RP-C%aGSk-IAl3MF"
"marie-helene.lacky@edu.tbz.ch"|"HT25tH-u1Kq&i-$VW3iJ"
"mylene.youthed@edu.tbz.ch"|"rm#OuZ-aawSUC-XYkyFR"
"marie-helene.dehmel@edu.tbz.ch"|"%3F47m-ebQlMM-ia0$ns"
"angele.batman@edu.tbz.ch"|"edLNUx-l6GC$L-5h7@eV"
"melia.younghusband@edu.tbz.ch"|"%53gsp-YyHLzs-TF890@"
"eloise.baldi@edu.tbz.ch"|"sTYjk4-rUrWvw-G3ZHZL"
"illustree.dun@edu.tbz.ch"|"a$Gs1x-AMpa$g-$8QPRf"
"genevieve.late@edu.tbz.ch"|"p8Nzcb-REls2a-pTg6#I"
"celestine.colville@edu.tbz.ch"|"tl1D5K-E3KhJV-PxXs@e"
"gwenaelle.scarlon@edu.tbz.ch"|"CMKd29-jAC6lb-%Obhjy"
"regine.boddie@edu.tbz.ch"|"Q7lZeb-0USydK-j5&uBX"
"creez.gaughan@edu.tbz.ch"|"Vw8sX7-AkIcuL-Sut1R&"
"gaia.longford@edu.tbz.ch"|"Sg56oq-Ex5c3G-8bfI71"
"mailis.buckby@edu.tbz.ch"|"vB6Jil-3LcsX0-v9gKpu"
"song.parbrook@edu.tbz.ch"|"#b5FYO-UGfQ%o-UIlVA#"
"frederique.heddan@edu.tbz.ch"|"SRCVWi-9RMz%1-eXB84B"
"ake.kirtlan@edu.tbz.ch"|"R3xBZY-u%TuZ&-kYdkmU"
"nelie.runciman@edu.tbz.ch"|"aWuxy%-A%jdCj-Beef@l"
"mailis.cardnell@edu.tbz.ch"|"Wh@SUw-NDs63a-B84R5X"
"irene.navarro@edu.tbz.ch"|"%D#pVF-#TAUyk-UX&2Gi"
"maite.cough@edu.tbz.ch"|"oFyml@-gWSC6A-CwM$3x"
"anaelle.stocky@edu.tbz.ch"|"ejIRv$-41zc$L-xt1ITf"
"methode.moulder@edu.tbz.ch"|"JYhT5R-oO4Pl3-Nc0OiQ"
"po.stafford@edu.tbz.ch"|"ggBT3h-L9NH8b-venor9"
"faites.scraggs@edu.tbz.ch"|"bSRbOp-TjWFsH-@6uTc4"
"adelaide.dullard@edu.tbz.ch"|"8kof5a-Tmv$6v-D0UyKM"
"desiree.leonard@edu.tbz.ch"|"cZoQ7V-K3ol3m-IBu1#P"
"geraldine.badgers@edu.tbz.ch"|"vgeKO6-zMDB%3-leJM8C"
"ruo.masic@edu.tbz.ch"|"Al88v2-Y4ivSL-LG@UMR"
"aurelie.lieber@edu.tbz.ch"|"El&z1P-3ZZNAu-Mw@DCV"
"naelle.balcock@edu.tbz.ch"|"vhfV4I-CbDNbM-cFs%56"
"camelia.elger@edu.tbz.ch"|"ibggt&-I5ryRE-5g&l$5"
"publicite.oakeshott@edu.tbz.ch"|"48LAIv-2hekZL-Rm4$iu"
"cleopatre.fawley@edu.tbz.ch"|"OyMtfx-osZ5ty-GpAvKh"
"laurene.bruckmann@edu.tbz.ch"|"VVCOBK-6cCh2O-8tZlwn"
"rui.haughton@edu.tbz.ch"|"6mDluD-8ADzXh-$xXCYh"
"asa.ladewig@edu.tbz.ch"|"bzUD2p-VodxkT-WqXSmR"
"gisele.janecek@edu.tbz.ch"|"dpi6G@-$I$0MO-%rPqKf"
"maily.loveridge@edu.tbz.ch"|"mVledx-MabC4t-Irx3Fe"
"marie-eve.yurkiewicz@edu.tbz.ch"|"$yB6Qx-hMr8FR-oiijE5"
"fei.roder@edu.tbz.ch"|"Y4dA1X-ddCaoB-AXLt4M"
"edmee.chatburn@edu.tbz.ch"|"Kzb4C&-kd1U9g-Z@KU6x"
"geraldine.darke@edu.tbz.ch"|"NcC&vn-ifN4x2-UFFJ3q"
"ye.jira@edu.tbz.ch"|"IdD%OQ-mjTgSY-wiq07o"
"publicite.persent@edu.tbz.ch"|"iv034&-6LGBT6-x$HQUp"
"severine.wilcox@edu.tbz.ch"|"2FFhnS-xeHymS-OxlNsq"
"yao.mcclaren@edu.tbz.ch"|"L9%@$n-l9cGh9-omTtvS"
"theresa.foynes@edu.tbz.ch"|"dt3#qG-Iv3Y9N-49tE%4"
"stephanie.isley@edu.tbz.ch"|"&paN$P-XvbVeO-1ustro"
"torbjoern.growy@edu.tbz.ch"|"VDGzmR-Y@Wx8D-910VOf"
"eloise.tunnadine@edu.tbz.ch"|"KQ7XrP-ZyHpUX-g4X3Ns"
"maeline.cossentine@edu.tbz.ch"|"f4j#Cp-&48qXV-@P@Psh"
"nelie.desantos@edu.tbz.ch"|"6fWAql-xXp6yk-uOjkVg"
"gaetane.axston@edu.tbz.ch"|"tUA@td-K2s8Op-N4Lcok"
"aimee.merman@edu.tbz.ch"|"lt3QMS-kwo6Md-azGwav"
"oerjan.drivers@edu.tbz.ch"|"xYy1ie-2b8Q%s-MU%c0G"
"aimee.miroy@edu.tbz.ch"|"Dpag%O-VTeG9S-nbxwTV"
"nelie.glyde@edu.tbz.ch"|"@ijOlC-&DfNC&-jU%$mj"
"hakan.kapelhof@edu.tbz.ch"|"TaeIW&-yJpASY-PdMM3$"
"maelyss.cauley@edu.tbz.ch"|"rGbWfI-DuhfYd-lErVDh"
"elea.vaggs@edu.tbz.ch"|"XrtZ#A-zJ#@zz-rzbe6@"
"maelys.but@edu.tbz.ch"|"jm7DjN-aRS$#V-EBSc0F"
"maella.arthurs@edu.tbz.ch"|"qGaMPY-5kwmPb-gKVLnr"
"adele.liebrecht@edu.tbz.ch"|"l8iIM2-FTkozH-HhTIk7"
"meline.lomasny@edu.tbz.ch"|"7&LLcp-VFm9Q@-$rnxe1"
"mediamass.schwant@edu.tbz.ch"|"EC9ukV-OnRqm0-dRymT3"
"leone.saunt@edu.tbz.ch"|"1@5ciM-T3X%wG-NNClua"
"annotes.gouch@edu.tbz.ch"|"QsLxM6-iMhpiu-kdCBb4"
"gaetane.bowich@edu.tbz.ch"|"0wo2bk-atkMOw-6vreSn"
"alizee.strelitzki@edu.tbz.ch"|"QH&tBY-pG1twx-QQbI1n"
"leone.poile@edu.tbz.ch"|"aohwqx-BrPb0l-7uW$a0"
"amelie.saban@edu.tbz.ch"|"Gh%HZ#-F3Pdly-aNBWvC"
"marten.mcmenamin@edu.tbz.ch"|"6ywVAO-B3Uo1Q-bcK897"
"becassine.keets@edu.tbz.ch"|"h$@7rt-BWQ51o-uq%3po"
"celine.million@edu.tbz.ch"|"FCq8w4-B1NPTw-GdoNE$"
"geraldine.belitz@edu.tbz.ch"|"lH%Pt7-MAeH@X-PpbYE#"
"salome.mardling@edu.tbz.ch"|"Ezs8Bx-v91#gv-F7QX3D"
"melia.blakemore@edu.tbz.ch"|"fjSr1B-#fEobm-RRY94e"
"dafnee.mcaulay@edu.tbz.ch"|"8f4%oe-bBD0SQ-qV893K"
"garcon.dennett@edu.tbz.ch"|"i0RebB-jWP8Dd-EDSYsn"
"interessant.lesor@edu.tbz.ch"|"DpiRAo-g9ylj$-Kzf#Zb"
"annotee.wasbrough@edu.tbz.ch"|"ftdkhq-BlFDFq-ZX1RTz"
"asa.ibbeson@edu.tbz.ch"|"s#ey7d-sH6d0A-cihrs7"
"maily.kennealy@edu.tbz.ch"|"4QVjUL-Qip6#Q-Wy%WAY"
"ye.seares@edu.tbz.ch"|"sqIWZd-mpG7av-5NSafq"
"athena.harbron@edu.tbz.ch"|"KrRE7D-CzJl&4-Yj@hGs"
"andreanne.portail@edu.tbz.ch"|"z1D59D-$idNCe-Bw3Mlg"
"goeran.zannelli@edu.tbz.ch"|"hbkUdq-1XNvm@-cr3V51"
"gerald.leathlay@edu.tbz.ch"|"M7ORIB-nDKGJm-0@jY&T"
"andreanne.chown@edu.tbz.ch"|"4pr9Ts-nipwsg-JwUspa"
"esteve.clementel@edu.tbz.ch"|"QkGeCl-b09Fdk-Wj$I%y"
"leone.legan@edu.tbz.ch"|"Q&tdl5-gS6cQ@-4wd5HI"
"maena.pownall@edu.tbz.ch"|"bUbo4m-loVv@N-cGmB32"
"andree.rettie@edu.tbz.ch"|"St9V#r-F@z9XP-LQGNRD"
"ines.kenwrick@edu.tbz.ch"|"&7vTdR-wgnvEa-rVHb71"
"marie-helene.yarnall@edu.tbz.ch"|"5GNqfE-J%tHEf-h7giZD"
"po.martin@edu.tbz.ch"|"vQ%bSR-CyknU0-B%48vw"
"ruo.celiz@edu.tbz.ch"|"0X6Np8-7bB2h1-6MFvgW"
"po.bissett@edu.tbz.ch"|"qOOjnZ-xq#HrQ-EGHA1%"
"du.swindon@edu.tbz.ch"|"KJQ&#L-gcova3-$Yiz&F"
"interessant.gouldthorp@edu.tbz.ch"|"VUvXnE-qZ9Czx-ENQFh8"
"leandre.lilburn@edu.tbz.ch"|"yw9hRC-JQjEIz-%ej1Op"
"bjoern.whales@edu.tbz.ch"|"zWYVOc-sICicU-BBkqhy"
"interessant.dieton@edu.tbz.ch"|"HfZk81-iv4Nu7-%$Sjy6"
"celestine.redhills@edu.tbz.ch"|"r9gYgR-#mh8kC-VCA98c"
"tan.yakovlev@edu.tbz.ch"|"Ko@1pQ-B70GO1-XsDIQU"
"regine.mcdowell@edu.tbz.ch"|"ehrNbB-&liAN8-SgjF02"
"ju.coysh@edu.tbz.ch"|"o7nVoY-54QSm1-OGvzpj"
"reserves.ofallon@edu.tbz.ch"|"@tLvR8-wwk4Z0-&rS@%h"
"frederique.sobey@edu.tbz.ch"|"kX0GoR-fKTKiE-NB&dpi"
"marie-eve.garstang@edu.tbz.ch"|"$Z$m@a-IEqpQX-yhDrxW"
"andre.tapin@edu.tbz.ch"|"a&rl6U-lRYdOB-8p4elU"
"esbjoern.eynon@edu.tbz.ch"|"u$bX6v-MrO0rr-P$UDr0"
"maella.duffy@edu.tbz.ch"|"k7h#Si-K4EGDe-IMf$f3"
"leandre.twinning@edu.tbz.ch"|"2j&OZm-ODPzNo-QKi3@D"
"mai.whittingham@edu.tbz.ch"|"udF1Nl-KNjF12-bNVlA#"
"rachele.shevelin@edu.tbz.ch"|"LEao9W-K6%O0n-D%ct3L"
"cecile.mcure@edu.tbz.ch"|"@iRgVE-6nPzrU-mcKldr"
"marie-eve.yurkevich@edu.tbz.ch"|"Sg6xLO-WVJcLP-O895Mn"
"almerinda.paice@edu.tbz.ch"|"jnc%H%-KX3DVP-lR9Z$w"
"rao.howkins@edu.tbz.ch"|"qpwCom-%%WWdP-v5Yfb@"
"serena.pack@edu.tbz.ch"|"aI1s%e-CcrsG4-H5&cKy"
"rebecca.mant@edu.tbz.ch"|"eymrFX-VPYFPq-vqfMgK"
"reserves.spitell@edu.tbz.ch"|"RT60cJ-bClvuV-2p2sw#"
"garcon.hamfleet@edu.tbz.ch"|"jIX1K3-4BVWb0-NCPhj3"
"methode.kerkham@edu.tbz.ch"|"yiNyyI-4XGYpe-QRbPwd"
"pelagie.camies@edu.tbz.ch"|"qZupBf-sxGGd3-ct@IuZ"
"josephine.macpharlain@edu.tbz.ch"|"MEQL1#-H7bN8d-u1&Sl$"
"eugenie.mathet@edu.tbz.ch"|"@W0Jdg-I#A1kY-BHot5m"
"gaetane.brangan@edu.tbz.ch"|"nyOxlO-w@yfJV-ztB@ng"
"michele.dewbury@edu.tbz.ch"|"4P9yEs-cXthCT-3uQVsu"
"eugenie.elcott@edu.tbz.ch"|"NUj0hh-XJ2inZ-waenLQ"
"megane.harniman@edu.tbz.ch"|"e9LEkQ-&ii$zL-Kcyv6Y"
"agnes.cluney@edu.tbz.ch"|"r$j92z-1Wmtah-omv6JS"
"marie-helene.angear@edu.tbz.ch"|"kEPEJG-e$qY0V-vz4G0D"
"melia.dolphin@edu.tbz.ch"|"sAk0yh-eD#AB1-Olu8Zw"
"lois.ruseworth@edu.tbz.ch"|"vMGQxl-1lgamm-35dpsC"
"mailys.ryding@edu.tbz.ch"|"7TBZmk-iwGOvN-aO7jyl"
"rachele.wulfinger@edu.tbz.ch"|"oTwjmd-vsbzXC-nWUbp$"
"gwenaelle.talton@edu.tbz.ch"|"D0sn4G-lPx0ek-%%yd7I"
"long.ronchetti@edu.tbz.ch"|"KxAW5N-IWx4vB-1nHbyC"
"styrbjoern.kloska@edu.tbz.ch"|"QO8Zb&-61uH&J-HJ8u2f"
"len.sudran@edu.tbz.ch"|"xC7EqS-RjtZz0-xc9euG"
"maelle.andrysek@edu.tbz.ch"|"cOI4@j-o$yURG-PSRP7R"
"selene.senior@edu.tbz.ch"|"c8#hbw-4%iHt9-oIyHFZ"
"anais.joskovitch@edu.tbz.ch"|"gJO@p4-UgroDm-McxnhX"
"marie-noel.dally@edu.tbz.ch"|"XvF&Zy-f9MqpD-ACGznI"
"marie-helene.laurence@edu.tbz.ch"|"q2x0SN-GPbqdV-dbUE@K"
"camelia.foxon@edu.tbz.ch"|"lHX0h0-%Uw59r-N%Sr2@"
"helene.cankett@edu.tbz.ch"|"FmBrpN-ivHhYR-M0eqHJ"
"marten.mitchelson@edu.tbz.ch"|"#RIuS9-x66O8#-8KKacQ"
"helena.stirtle@edu.tbz.ch"|"e20Ije-nNc#2E-BFCZ9N"
"leane.barmby@edu.tbz.ch"|"Zf4T@I-p37jj%-5hwTUk"
"goeran.ofinan@edu.tbz.ch"|"hc#vL1-vfdVbE-NnEHmu"
"styrbjoern.proby@edu.tbz.ch"|"522dbF-okAZqL-96hsjH"
"zoe.halse@edu.tbz.ch"|"2DMSRf-Hlemg$-hT@9LE"
"kui.drable@edu.tbz.ch"|"Lia2n6-ICGAbK-#VTxzA"
"desiree.bamford@edu.tbz.ch"|"XgiU06-SLsnae-RvOePx"
"zoe.suller@edu.tbz.ch"|"&0WZCH-60hjJ9-bB7kyq"
"marylene.audiss@edu.tbz.ch"|"0EoncM-767V9g-e4MorN"
"adelaide.poznanski@edu.tbz.ch"|"X9Cydx-4@E@JF-exRfkV"
"maella.coleyshaw@edu.tbz.ch"|"wwtrpD-Bp9Pnc-897qCz"
"marie-francoise.gelder@edu.tbz.ch"|"optGl6-DgqgBZ-VcPsU1"
"eleonore.chaffyn@edu.tbz.ch"|"dNMOdx-bP8Ty0-cUFzya"
"celestine.sikorsky@edu.tbz.ch"|"ebCOFt-$OE$@#-B6MP9A"
"stevina.londsdale@edu.tbz.ch"|"AZXhF%-02ZvcZ-sZYcO@"
"maiwenn.nevitt@edu.tbz.ch"|"2u@9An-tCzmlC-Pcy9md"
"magdalene.gerrey@edu.tbz.ch"|"tw2E6U-8dDRJp-eVapac"
"becassine.latimer@edu.tbz.ch"|"BABdK6-JGal5S-M3V@4z"
"da.lethibridge@edu.tbz.ch"|"K66881-iNyTUC-MjCyKI"
"mailys.claige@edu.tbz.ch"|"V3KZMP-YEuDpl-K8fnR$"
"maena.torbard@edu.tbz.ch"|"jNLvQM-spXzWW-upepi@"
"solene.lyvon@edu.tbz.ch"|"$9E8S$-#aNZz8-$YDv$8"
"marie-therese.benbrick@edu.tbz.ch"|"msTgfW-0sp#lv-cdlEsC"
"gerald.edmonson@edu.tbz.ch"|"QajGo#-j0aMjg-b%p$zW"
"ake.messruther@edu.tbz.ch"|"AOe%ck-xs2oRE-E7oUyG"
"men.gosneye@edu.tbz.ch"|"17oubA-S1pwiS-8t#@pl"
"anais.jefferys@edu.tbz.ch"|"NNWFsw-NVOP4o-1AvKe#"
"publicite.tregale@edu.tbz.ch"|"Fp9FqA-Mizu5m-rEmjnB"
"maily.santorini@edu.tbz.ch"|"y@g3NP-z4jKcj-7ZLvkF"
"ines.pioch@edu.tbz.ch"|"&4j0fJ-w@PaSe-NED3F7"
"noemie.marklew@edu.tbz.ch"|"z3rgwu-wYvVEY-fLS%ip"
"meghane.maccaffrey@edu.tbz.ch"|"JcRVWz-cHLJOG-%ECrac"
"berangere.ambrogio@edu.tbz.ch"|"BMkDxE-q5QUdP-$HpD%w"
"mediamass.ryce@edu.tbz.ch"|"aEy%Ew-Cs7O72-ehs%L$"
"oesten.ubank@edu.tbz.ch"|"lq%XOm-1sGtpV-0m31#G"
"melina.mackee@edu.tbz.ch"|"HbCQ5V-c4Uhrj-1oQYMY"
"theresa.livezey@edu.tbz.ch"|"UcLXT0-bPpxuB-haY7zw"
"clemence.weal@edu.tbz.ch"|"CTgP4J-9vf4X4-2R7bGL"
"faites.overton@edu.tbz.ch"|"KZ%Maf-Nh#jG%-22k1O0"
"clea.lindblad@edu.tbz.ch"|"JjHVL#-t5vZrh-b1&ROj"
"josephine.roseaman@edu.tbz.ch"|"ZK6ye7-szAuWy-dJyLIw"
"oesten.lowbridge@edu.tbz.ch"|"6lH&6N-GRJTGF-gCkY$O"
"marie-josee.brion@edu.tbz.ch"|"$%gmPe-TPCfAN-BPCr#z"
"therese.basili@edu.tbz.ch"|"12jeOM-n8Ojtm-f#YCmq"
"melia.vertigan@edu.tbz.ch"|"dnXm&2-KpDBSl-$PRmla"
"judicael.saull@edu.tbz.ch"|"ywH3w6-fF@iF%-4&kId4"
"selene.valentine@edu.tbz.ch"|"0CkRvc-7b%JWU-okZ&0P"
"verane.dunlap@edu.tbz.ch"|"3t0DAV-4EzexH-C204ji"
"meline.kinnear@edu.tbz.ch"|"hV0dzz-h6YiF$-uwthoj"
"lei.luttgert@edu.tbz.ch"|"q3Xz@R-0tLJKO-LfA#DN"
"styrbjoern.lathleiffure@edu.tbz.ch"|"TCDp8z-i669my-Y4dEX9"
"marlene.blasi@edu.tbz.ch"|"GK&vgV-r4P9dz-JcbARK"
"mai.begwell@edu.tbz.ch"|"sk3zZv-jr62F2-@@$EOf"
"gwenaelle.kaines@edu.tbz.ch"|"JzCL@x-27zumU-dCUMhG"
"gerald.adamthwaite@edu.tbz.ch"|"a%5PEk-17QDJY-#ySbaH"
"kui.hartfield@edu.tbz.ch"|"YBiwW3-jH@bBF-KI#tTk"
"salome.currao@edu.tbz.ch"|"fAm4Yx-tbGdlK-gQS@Tj"
"angelique.tixier@edu.tbz.ch"|"%Q%%YE-qif123-PcpPnC"
"ju.mcgragh@edu.tbz.ch"|"Br1VCr-Hqfh6N-082Vk9"
"dafnee.beachem@edu.tbz.ch"|"7H0I8D-Et4JnE-FGX0S@"
"creez.terlinden@edu.tbz.ch"|"7IXqyz-VydbG3-YYy#HR"
"uo.mcskeagan@edu.tbz.ch"|"3TVY$G-A7Xz8$-wCtCgy"
"edmee.mccaughren@edu.tbz.ch"|"6LaRiR-qOIH@t-@4QBW2"
"asloeg.cozby@edu.tbz.ch"|"klgoCU-OD#oQX-3BRm2u"
"melodie.traite@edu.tbz.ch"|"ihAEi9-g@0PrB-FQD&sm"
"dorothee.aindriu@edu.tbz.ch"|"YC2QA5-#$4Jul-6wwmhZ"
"daniele.doley@edu.tbz.ch"|"EfiaOr-TULyQR-jjn9lY"
"mediamass.fairclough@edu.tbz.ch"|"bpZy8E-FqKLuc-KIaIvr"
"lorene.rainforth@edu.tbz.ch"|"ATapUN-y7cJL9-eZLL%h"
"leonore.eyer@edu.tbz.ch"|"P$jNRa-WfLSD6-c4h#a9"
"po.spillman@edu.tbz.ch"|"%r3NeF-jQtYhO-M5Bo53"
"cecilia.plitz@edu.tbz.ch"|"ObGP9D-4zOmQe-6ET6Rz"
"lorene.ludlow@edu.tbz.ch"|"&Ztbd&-jz@3Q%-1LQIh8"
"berangere.neligan@edu.tbz.ch"|"LZQqqO-rs5N7#-51Jzqn"
"simplifies.huggan@edu.tbz.ch"|"tyjLjU-#cP3%p-UYe6iA"
"clelia.prandy@edu.tbz.ch"|"&KpETW-LM4s4U-U4qeVW"
"ake.osban@edu.tbz.ch"|"MtdtJk-FM3NqT-1gjIIo"
"cunegonde.brunn@edu.tbz.ch"|"py5QAi-b#spGP-g9JwGO"
"long.grizard@edu.tbz.ch"|"Cr$Muk-qOlDVL-EpkIse"
"meghane.diss@edu.tbz.ch"|"hiPdEA-X&z40i-&YMWT4"
"therese.oldman@edu.tbz.ch"|"RukR06-@B4G0P-gKdhQH"
"boerje.scamerdine@edu.tbz.ch"|"eScw5S-DR4oOL-kaTSnh"
"du.saban@edu.tbz.ch"|"ZAp#Yd-sgpvoH-@InC95"
"hakan.clynmans@edu.tbz.ch"|"erTdpU-Lgr3&W-g1KQp4"
"wa.macdowal@edu.tbz.ch"|"V4U4&j-fA1#8m-7yD9vX"
"venus.hatrey@edu.tbz.ch"|"t0dYL@-LgfolV-G#6ziL"
"anaelle.vispo@edu.tbz.ch"|"#%6gfR-j2fqnf-c$12A@"
"mahelie.ollcott@edu.tbz.ch"|"3MGd9X-TuouWl-IscD3I"
"mediamass.whyman@edu.tbz.ch"|"ZJUOm9-zW7&&7-B@iCT0"
"esbjoern.basson@edu.tbz.ch"|"S0Qg35-bmtvQq-uWtIUR"
"andrea.morrill@edu.tbz.ch"|"ZECNrZ-%GyJju-nnH1io"
"melys.grassi@edu.tbz.ch"|"9I2cbL-VKADBQ-z4L5eY"
"leone.poleye@edu.tbz.ch"|"BMdYH#-@BhK&p-dDe5D$"
"francoise.penny@edu.tbz.ch"|"kPex#m-%GVUgo-Kx4Gzg"
"rebecca.edney@edu.tbz.ch"|"0BdVke-BN0iuI-RaHtUX"
"adelaide.murtagh@edu.tbz.ch"|"B#Z@21-Yf@HqY-cSmxCc"
"stevina.winterbourne@edu.tbz.ch"|"jPKOmu-mjz76a-dVsuei"
"ma.cottom@edu.tbz.ch"|"eIQnzT-gBnFE2-DR8l9$"
"tan.harold@edu.tbz.ch"|"3dSDL5-Suid8L-5W7Y1r"
"venus.forte@edu.tbz.ch"|"KLuJWR-mC2pLN-Ns9U7w"
"almerinda.oluney@edu.tbz.ch"|"o34cm5-L&sSJ#-&wyK0k"
"cleopatre.brehault@edu.tbz.ch"|"sOwIUo-8eIak1-4xC$xH"
"interessant.lapides@edu.tbz.ch"|"Hs@u3@-FQeW4q-Wirkhj"
"reserves.hallatt@edu.tbz.ch"|"SwI$3#-V4N29N-XAO6mZ"
"annotes.birdwhistle@edu.tbz.ch"|"1Hevc4-Wmefhn-5$YZxn"
"ai.dredge@edu.tbz.ch"|"JtNgGg-$9ctPZ-et0wq1"
"megane.mussard@edu.tbz.ch"|"l9b0mo-deVfUM-D4#J&6"
"esbjoern.gowrich@edu.tbz.ch"|"qJJuo5-aD6U&a-4URX&$"
"boerje.brislawn@edu.tbz.ch"|"ap%oeV-E@7ayf-D8To1%"
"becassine.wilce@edu.tbz.ch"|"VMiO6e-mrjfHv-HXtghW"
"personnalisee.oels@edu.tbz.ch"|"Y1v8AC-Ucfmqb-N@1M@C"
"verane.pett@edu.tbz.ch"|"nepdwp-F5vs6a-NEyXBB"
"marylene.glewe@edu.tbz.ch"|"qpg#4m-flddBS-wdQmZT"
"lai.elson@edu.tbz.ch"|"rTwKXm-hkX0I%-B@&G7h"
"serena.difranceschi@edu.tbz.ch"|"cK8gYg-YUwGZm-fcspZQ"
"lie.espinel@edu.tbz.ch"|"dILeOe-YkPy55-KBjFYB"
"marylene.fantini@edu.tbz.ch"|"MXUMP&-dspyoM-S9mLWU"
"andre.archdeckne@edu.tbz.ch"|"nF1vQr-HH%96C-@BGM4d"
"goeran.bohlingolsen@edu.tbz.ch"|"pbcYXn-E%2d12-Bc#Ty6"
"cunegonde.heffer@edu.tbz.ch"|"GKvpvP-uSK4hG-H6qW9r"
"tan.fechnie@edu.tbz.ch"|"R1EQ9b-GW2wLQ-pRXtqY"
"marie-noel.brammar@edu.tbz.ch"|"7I7OHr-61JJ4Y-bumTC#"
"simplifies.aven@edu.tbz.ch"|"rrOsX3-5LD9S8-RTAh47"
"melys.pinchen@edu.tbz.ch"|"PLNVjd-Tf6s&E-dpWkE2"
"edmee.joyner@edu.tbz.ch"|"X$yWVD-pNIjas-@gl83M"
"berengere.edess@edu.tbz.ch"|"W3wV#1-eLczzy-KCg3nR"
"marie-noel.goward@edu.tbz.ch"|"tvIiWO-%pyAgq-lmzrUu"
"ju.edmons@edu.tbz.ch"|"qIFBJh-c2Y%Ox-F15Cda"
"frederique.airds@edu.tbz.ch"|"#UeHr5-nseF4W-VIK#9E"
"reserves.dauby@edu.tbz.ch"|"xqEPMg-4T7$JY-epj7vP"
"hakan.gynni@edu.tbz.ch"|"4$zUL&-ODSTTi-QT#6yh"
"leonore.pinwill@edu.tbz.ch"|"f7DhZP-dU0yZp-AG8zN1"
"marie-eve.mcallan@edu.tbz.ch"|"IBAl8v-HKxmaV-VtYOqb"
"naelle.yeabsley@edu.tbz.ch"|"Kbf$3t-eZdl3N-&dRj#p"
"nelie.jacobovitz@edu.tbz.ch"|"H51ANM-I&ou$G-cnz9F5"
"adele.conelly@edu.tbz.ch"|"nEnzIX-AsUgj5-v&Usar"
"clementine.dondon@edu.tbz.ch"|"tKEfOF-i@8dTZ-aS%75G"
"zhi.willcot@edu.tbz.ch"|"VY36jX-y$k0zB-#e@HDz"
"chloe.janicki@edu.tbz.ch"|"xcHTqv-g1cXlk-x4jYbs"
"meng.linde@edu.tbz.ch"|"&2l7rM-gR$C#W-ClLEMD"
"celine.janisson@edu.tbz.ch"|"nIeNH2-9AtnqH-6kXHJX"
"clelia.crow@edu.tbz.ch"|"XdJIcv-#Mx4jx-U8JB12"
"cecile.pyott@edu.tbz.ch"|"Lmnmmd-fH$o$&-8Ia&6q"
"ma.fidelus@edu.tbz.ch"|"fe%ead-4jfmPa-WF3wD1"
"marie-helene.poore@edu.tbz.ch"|"bB38#6-&au3Ci-WM4IMH"
"elies.blanket@edu.tbz.ch"|"FSkIsH-f1Y@5P-iTFLaa"
"yu.boyer@edu.tbz.ch"|"U2lHTp-qqN7v5-vfD17Z"
"celia.welds@edu.tbz.ch"|"bAITwk-zo1Myc-wTe8RD"
"du.gunney@edu.tbz.ch"|"29tM80-AyPLQD-FdotVp"
"goerel.crush@edu.tbz.ch"|"FyZ4fd-ijI3Gf-Up6o2h"
"marie-josee.brosius@edu.tbz.ch"|"m8BOnS-lXHg#a-VkG%wr"
"camelia.adds@edu.tbz.ch"|"yKahbR-jaTFpx-I#$yqr"
"anae.irwin@edu.tbz.ch"|"QRnXBf-@5dHik-42C6D8"
"cleopatre.skeffington@edu.tbz.ch"|"UWJiDc-dQ73q7-rAOTSt"
"gerald.suggate@edu.tbz.ch"|"%OR82B-AuQOqW-QiCJLw"
"laurene.tailour@edu.tbz.ch"|"du1yNV-6pIvLP-GZEzWe"
"amelie.hoble@edu.tbz.ch"|"Uh8y55-0c4LPw-uJWvsj"
"venus.getch@edu.tbz.ch"|"lIyN5T-5g$jb8-H6ocI#"
"renee.treby@edu.tbz.ch"|"BUQ&SN-i#0qep-8VkjQ0"
"almerinda.stait@edu.tbz.ch"|"lzl8Tr-RA7cpR-62kY2p"
"andree.reddecliffe@edu.tbz.ch"|"0uvxQL-BZowsd-RW3ODN"
"leone.wintle@edu.tbz.ch"|"rnXqV1-y%hgwM-ynb2jc"
"gerald.fellow@edu.tbz.ch"|"f88f6p-MWgLgU-ZR6dr4"
"ju.gudger@edu.tbz.ch"|"07s9y6-J9E9dU-o8cHs9"
"meng.ohaire@edu.tbz.ch"|"h5mGw&-kciHa0-b4w8q#"
"cleopatre.missington@edu.tbz.ch"|"S2jw7C-UGsjFY-s&Gvwu"
"annotes.debruyn@edu.tbz.ch"|"ypEZgJ-RnamTt-uKYNPb"
"gerald.sinisbury@edu.tbz.ch"|"A6X9UI-%1I@8@-MRZcCD"
"creez.slora@edu.tbz.ch"|"WDim4w-qEOZEP-R6&mfc"
"gisele.benbow@edu.tbz.ch"|"e4jn%$-K%ZKoJ-xq9eCM"
"pal.dossit@edu.tbz.ch"|"FksSbS-c73gA0-DH0aF&"
"nelie.stirrip@edu.tbz.ch"|"$uhLpe-QG&cHE-&VQfpb"
"alois.ocrigane@edu.tbz.ch"|"jIeUkC-%PsGqV-YKxRVb"
"kui.mcterry@edu.tbz.ch"|"9V#xN8-hI3Re1-anfl9%"
"long.willgoss@edu.tbz.ch"|"u7iVKE-t4T&b%-ml8GtL"
"francoise.sumpner@edu.tbz.ch"|"liv0Sn-I@fBLZ-@d$odc"
"maely.grinstead@edu.tbz.ch"|"e9rJw8-ND56dy-eBngK2"
"creez.langeren@edu.tbz.ch"|"sLRiou-BlVZ5a-e8UE7m"
"adele.dungate@edu.tbz.ch"|"LYkUEz-puQXUz-CSxobl"
"cleopatre.noirel@edu.tbz.ch"|"xa8@j$-9GlRuo-&e&IlQ"
"interessant.daverin@edu.tbz.ch"|"DhGWYr-FDokLy-TGAX3a"
"naeva.kalderon@edu.tbz.ch"|"GIoAlb-fNAnHl-@Po5zv"
"anais.oshesnan@edu.tbz.ch"|"Yt4kes-qjvTjh-GCE7mG"
"judicael.anelay@edu.tbz.ch"|"wb@3gb-f7GQvJ-X3bsM6"
"eloise.braxton@edu.tbz.ch"|"2#5q1b-kRQhL$-kG#Uck"
"desiree.greguol@edu.tbz.ch"|"vXE2M5-soCt6c-@$coPR"
"maite.mcclenaghan@edu.tbz.ch"|"6hejx9-0x4tqh-1Isv64"
"meng.doret@edu.tbz.ch"|"2eOl7J-NwN#0T-&MpeKI"
"frederique.chippendale@edu.tbz.ch"|"C5YZ1e-vN#4@e-ocsj4K"
"andreanne.lanney@edu.tbz.ch"|"zVsuAD-4pp1hX-@MD9Ny"
"aurelie.claus@edu.tbz.ch"|"Fq&q1H-RJoCop-6X6qhU"
"renee.pabel@edu.tbz.ch"|"0nbHwN-btxaBk-$6v7y&"
"maena.roust@edu.tbz.ch"|"B66ZBW-X8RMiV-gUMUuG"
"nadege.carwithim@edu.tbz.ch"|"jsfbG7-an33vc-z@KnIi"
"solene.geyton@edu.tbz.ch"|"WkfaE6-PkIC$U-O$spPO"
"dafnee.avraham@edu.tbz.ch"|"HPtsgU-8rEMJR-9J#JbF"
"leane.woolvin@edu.tbz.ch"|"$bTR1M-V2kT3l-6jjYVe"
"adele.macadie@edu.tbz.ch"|"8aSpWL-fiuWl2-lCTnRI"
"meline.rubica@edu.tbz.ch"|"5CmX3B-gSt%bO-W2rv5t"
"marie-noel.speeding@edu.tbz.ch"|"DHSDKo-V&cWpr-U#23b$"
"nelie.mix@edu.tbz.ch"|"167oav-@4ru6f-MpMyFq"
"clea.ollett@edu.tbz.ch"|"qFB%Tl-Zvp$qG-0Gmydy"
"leandre.mcgavin@edu.tbz.ch"|"IIxbS%-7@NqlW-px5tRv"
"cecile.behne@edu.tbz.ch"|"4ke8hy-gzawgu-0HKk22"
"melanie.polle@edu.tbz.ch"|"6R3c2V-2ev69e-BhkMOJ"
"marie-josee.titmuss@edu.tbz.ch"|"8qUB0b-9ekikX-whO50u"
"helena.guest@edu.tbz.ch"|"3qzqhC-xtXo#e-aZo77i"
"annotes.chicchetto@edu.tbz.ch"|"5nawcB-9mNEv0-phTXVB"
"melia.tubb@edu.tbz.ch"|"0Qhtmq-dzSe&h-6NfgM3"
"angelique.casetti@edu.tbz.ch"|"Aa#BXU-mLNg$C-LllCyH"
"cunegonde.cleall@edu.tbz.ch"|"sP@xGr-XWWsPW-HmpT28"
"camelia.oaker@edu.tbz.ch"|"542PAh-7UC7Wt-WNcQbU"
"you.searight@edu.tbz.ch"|"eU%ooz-2I4WXg-h4T6Sv"
"kevina.dederick@edu.tbz.ch"|"oZc6#L-N06AmZ-miKXYX"
"milena.jeffrey@edu.tbz.ch"|"qDN9sg-9PSKzG-u40L3p"
"melodie.barkshire@edu.tbz.ch"|"L%ar4G-yQId&%-t#xw1Z"
"gaelle.kreutzer@edu.tbz.ch"|"sLwydP-7GpBpE-RSGnt%"
"kalliste.kleinpeltz@edu.tbz.ch"|"w2Gy5D-mUs1Bn-yZGsXJ"
"clementine.danat@edu.tbz.ch"|"GfEW#8-I3SCHc-SaY%DU"
"andrea.wabb@edu.tbz.ch"|"hlpM8G-tzNG0E-ms8ZmP"
"geraldine.piesold@edu.tbz.ch"|"VeS3eq-rQTHaS-PZiPyi"
"tan.fiveash@edu.tbz.ch"|"acaprM-1@cbYF-$J2T$h"
"meline.yuranovev@edu.tbz.ch"|"gL7#OX-OmRk0C-Yu#Ty6"
"therese.holme@edu.tbz.ch"|"A#kgoQ-kGzRw8-qQAlYr"
"salome.vaney@edu.tbz.ch"|"y%rit#-Ear0ey-ZLhkTW"
"anae.abramson@edu.tbz.ch"|"Xc4bv$-Da1qta-Q%jMOz"
"kalliste.jimson@edu.tbz.ch"|"rwxGSt-6XUjMg-kR8z#A"
"selene.yole@edu.tbz.ch"|"#u5fru-w8IsU0-bL&2nP"
"agnes.defraine@edu.tbz.ch"|"1NS6Pp-vKexr8-DAcsw8"
"faites.mccluin@edu.tbz.ch"|"0eqyDo-b$PCEh-0Y17sv"
"athena.deme@edu.tbz.ch"|"hQ40L7-l5hqVm-4Elhuu"
"daphnee.brigstock@edu.tbz.ch"|"yBOHnW-bBuEpl-G9tj@G"
"goesta.skaif@edu.tbz.ch"|"E9imFN-aams28-X3AmUN"
"oceane.jagoe@edu.tbz.ch"|"aUdeaQ-g8frlJ-vZFjeI"
"annotes.broomhall@edu.tbz.ch"|"W4m1y#-ug2evQ-ehHWdT"
"marie-eve.ballendine@edu.tbz.ch"|"vwaMdi-22j9kQ-G5vsuM"
"melina.spykings@edu.tbz.ch"|"LePp13-wIudG7-Kybh%a"
"laurene.ticehurst@edu.tbz.ch"|"7liOVO-PJXm6K-HpHlii"
"fei.avramovic@edu.tbz.ch"|"cqnWL$-qY1gMS-j63Ly@"
"publicite.strathearn@edu.tbz.ch"|"K&YyjQ-Vb55Wn-gN2by@"
"torbjoern.garrow@edu.tbz.ch"|"kZ$C%K-#YRt4O-E4QW53"
"chloe.rubinsztein@edu.tbz.ch"|"qbxW8O-p5rOgo-tX$pg2"
"mylene.demanche@edu.tbz.ch"|"feRU87-VMGzhh-d&qsVP"
"mediamass.godlonton@edu.tbz.ch"|"7QV7td-$TMc6n-cO7g26"
"renee.shurrocks@edu.tbz.ch"|"1oASlE-4vKuII-9jRdga"
"maiwenn.jedras@edu.tbz.ch"|"R4GKZ8-sJx6EJ-xNiV83"
"genevieve.castells@edu.tbz.ch"|"YsukCj-nwM2jc-QXeUoQ"
"renee.sneden@edu.tbz.ch"|"9W4%Yr-lhNW7b-YKLMlN"
"lai.mccallion@edu.tbz.ch"|"57&HHv-sDdYzu-j%e#rP"
"kevina.impleton@edu.tbz.ch"|"lf0&JW-atLqXE-kCd1oo"
"oesten.fresson@edu.tbz.ch"|"xMLMIs-pHVEY1-iiuan9"
"verane.shawley@edu.tbz.ch"|"MzGtlV-UlQjmE-9ANAFB"
"uo.sjostrom@edu.tbz.ch"|"0DogCP-$5jFM5-RJSRix"
"gisele.gothup@edu.tbz.ch"|"7%p2GB-Sa&EBz-r8Uht0"
"renee.beauman@edu.tbz.ch"|"A6XH7Y-vdK4&C-dr&J0n"
"elies.loton@edu.tbz.ch"|"hK5&AW-jh#Sl2-2wPYk9"
"valerie.elsmore@edu.tbz.ch"|"bXxEq9-9zaX&q-g3npt5"
"berangere.delafeld@edu.tbz.ch"|"euQu40-hWNNbf-&mbIvG"
"bjoern.schimke@edu.tbz.ch"|"Lv#v&W-0PUgou-YwKp%G"
"loic.ericssen@edu.tbz.ch"|"vofh2v-5gGjCz-Q6V1zC"
"creez.richarz@edu.tbz.ch"|"v$MB#B-dPnbAq-44d6Yc"
"athena.grocott@edu.tbz.ch"|"e$7i6o-@Di30K-rppmEG"
"naelle.piotr@edu.tbz.ch"|"ZtLciQ-yRGwE&-HN0z7x"
"maella.paulson@edu.tbz.ch"|"TQlK8#-DY0h&T-7Mrx4Q"
"song.perot@edu.tbz.ch"|"uGVbeT-5mR#zP-EPvF9P"
"kalliste.heckney@edu.tbz.ch"|"zJsOUG-1ph$bx-dkWNh@"
"ake.vasyutkin@edu.tbz.ch"|"8T8E8N-hLRnGT-0%Fthu"
"ma.castles@edu.tbz.ch"|"Sxgpii-gvlT@P-aTbIOH"
"maely.monget@edu.tbz.ch"|"mBvOB@-asy&3k-rCuSEE"
"tang.durbridge@edu.tbz.ch"|"6DybID-M3Rid$-KVr7GH"
"laurene.andrew@edu.tbz.ch"|"y91o2x-em6$Ad-pLgG4q"
"lysea.beacon@edu.tbz.ch"|"%mKh7Q-h3U0Mr-QrQVlj"
"leandre.peyntue@edu.tbz.ch"|"3hGGMJ-zH36@M-Ll38D3"
"rao.trever@edu.tbz.ch"|"Qe0ER2-kKWv4U-ExgY$S"
"mahelie.streader@edu.tbz.ch"|"lQ@0HZ-RzN6eU-fb2Pmo"
"maerta.andrejevic@edu.tbz.ch"|"cE@VCy-Omlh82-ppEVrF"
"goesta.tompkins@edu.tbz.ch"|"cjOWG&-CJb1zd-lZeW$F"
"helena.agates@edu.tbz.ch"|"48QFOX-I@Q%n9-lpGZ0m"
"therese.glass@edu.tbz.ch"|"#jIMgj-1l%O8Y-NGKNWZ"
"alois.foan@edu.tbz.ch"|"09CqIP-4ytgP1-5BtrYu"
"becassine.melchior@edu.tbz.ch"|"TgZmX9-Qj3ni3-kUw5%4"
"cloe.robart@edu.tbz.ch"|"#TXa$m-DU#nMs-kk3pRQ"
"daniele.puckinghorne@edu.tbz.ch"|"Y8RIbc-asS0ke-yT#WiD"
"selene.cammidge@edu.tbz.ch"|"9MLJXX-Y%AwIA-59@&OM"
"regine.conochie@edu.tbz.ch"|"1dOxzO-WCXElW-9kF5Rl"
"interessant.tuiller@edu.tbz.ch"|"zQ#3Fw-e#DA2j-mPxBmU"
"long.tiebe@edu.tbz.ch"|"4EBmB3-obxGZ7-KL@ZW9"
"mans.yele@edu.tbz.ch"|"wn1YXk-z4XUWp-&vvVHt"
"ai.giles@edu.tbz.ch"|"@gTyLw-0&V5qo-GsGvZV"
"gaetane.hamberston@edu.tbz.ch"|"Mrq3MY-M@6A2v-k1&&eW"
"marylene.fenix@edu.tbz.ch"|"Z$mxuQ-DjiL%A-OSWlkV"
"geraldine.graeme@edu.tbz.ch"|"96v8R7-3CE%03-gFN48n"
"tang.kinglake@edu.tbz.ch"|"WHZ%54-Dn56uY-YNxuus"
"lai.challoner@edu.tbz.ch"|"eQazFv-k6X$GG-Esd7Sm"
"desiree.mattei@edu.tbz.ch"|"lWmtkr-MZBVSL-z5xP4c"
"ake.erley@edu.tbz.ch"|"&4kgcS-eFTlD1-Semc0w"
"edmee.cavil@edu.tbz.ch"|"m1ie$g-1zAHt9-y8YzhX"
"alois.moyes@edu.tbz.ch"|"q@GPQt-LwDSLK-ckhohE"
"becassine.pitman@edu.tbz.ch"|"B8l0#h-S0E&ZI-xEtKr9"
"ai.giacovelli@edu.tbz.ch"|"tXIHI%-n4DFbN-Fgd9$8"
"judicael.fruchter@edu.tbz.ch"|"&ILEVU-VgcEu7-RKTIZ$"
"mans.mogg@edu.tbz.ch"|"PkmKF#-BnyK3w-$cWq5%"
"gerald.foyle@edu.tbz.ch"|"dYYm8v-XbCu5&-k8wCTt"
"wa.androletti@edu.tbz.ch"|"L8NM6U-YVmSg%-Y3XBRq"
"meng.ollett@edu.tbz.ch"|"Qt5L5x-8jZNKd-1P81kP"
"naelle.macmenamy@edu.tbz.ch"|"AxR2sO-AlQB7F-EMVY4j"
"gisele.mcramsey@edu.tbz.ch"|"@&i0k@-tJ3AAA-mLM7Su"
"meryl.scolts@edu.tbz.ch"|"8@fyLz-$P$8jo-&y#8dE"
"celia.bloxsome@edu.tbz.ch"|"4zWB8h-qUOUe3-3HywSH"
"styrbjoern.stuke@edu.tbz.ch"|"NK3FaC-AgU7ZI-7p9G0e"
"felicie.gwilliam@edu.tbz.ch"|"NItd3f-c4e85U-%dPo2#"
"da.harms@edu.tbz.ch"|"OmAuu7-Mqhrqb-l%3he9"
"celestine.baulk@edu.tbz.ch"|"jDVOzE-vewJk$-7YPUy6"
"mahelie.blackledge@edu.tbz.ch"|"NMi%Dm-cwY7x0-YsU$v5"
"meghane.salt@edu.tbz.ch"|"sb#aXI-1Nem$2-mO26Qd"
"methode.paxeford@edu.tbz.ch"|"vU1a@I-y3MA8T-cje7xe"
"asloeg.milligan@edu.tbz.ch"|"1@dZlO-qrNG3X-Lk1a6D"
"you.pellman@edu.tbz.ch"|"8R5#YW-g$h@CR-uYTdvh"
"loic.regenhardt@edu.tbz.ch"|"73kj5h-u6L9SM-&c%opH"
"daniele.savill@edu.tbz.ch"|"Di@u$t-FnSoRQ-5b1K8K"
"alois.cornu@edu.tbz.ch"|"KoXxcT-bmMBAQ-LxrGvz"
"oesten.govey@edu.tbz.ch"|"SKpQ1z-3JDy&%-bMc&fX"
"marie-eve.louch@edu.tbz.ch"|"c3nEYn-fkslft-xScTv8"
"theresa.wenn@edu.tbz.ch"|"rhmf1x-ChZw5y-3tZgQ$"
"andree.eul@edu.tbz.ch"|"q@reFx-ISumuT-VQFkDK"
"lie.paynton@edu.tbz.ch"|"cw3u@v-9zXNlE-74N4sb"
"marie-eve.girodier@edu.tbz.ch"|"PBk@&4-BeI$ok-ojvtxi"
"marie-noel.smithe@edu.tbz.ch"|"jp5Aoo-O13Orq-r8xjiK"
"men.bootyman@edu.tbz.ch"|"@bxU&9-#bIpGm-mEwRWB"
"ku.sugg@edu.tbz.ch"|"JJV%uO-2LZFiA-f&GEmQ"
"lucrece.roseman@edu.tbz.ch"|"mY9&ke-QAzLXT-yR@PJD"
"zoe.annear@edu.tbz.ch"|"ZMs&QL-aQ9jXA-W&Sm&y"
"marie-helene.rennebach@edu.tbz.ch"|"elA38N-ay6a3T-%Uvr7w"
"lea.djurdjevic@edu.tbz.ch"|"Oxcy27-za2FLk-waRvDi"
"goerel.robert@edu.tbz.ch"|"MDwocT-8#sLD7-u%edxO"
"mylene.foldes@edu.tbz.ch"|"duo8NJ-GlNfNl-10kS8q"
"faites.clegg@edu.tbz.ch"|"1iAFSv-BNDH#4-gNhC0s"
"marylene.crowcher@edu.tbz.ch"|"qXss5T-#ban8t-yvI$bP"
"aimee.wimpeney@edu.tbz.ch"|"$j$poS-0atJTA-8YOmhY"
"renee.atkins@edu.tbz.ch"|"OYEP32-7frPax-iv5QS8"
"rejane.cainey@edu.tbz.ch"|"xFnhuG-8jkh0w-HOlG2c"
"solene.britney@edu.tbz.ch"|"6luGdU-xASSJg-#VxE&W"
"marten.shatliffe@edu.tbz.ch"|"Aq8x0j-J16Ast-fIq9mv"
"maite.issatt@edu.tbz.ch"|"CXB7ml-XEQ#ZU-0nMPeu"
"maelyss.edon@edu.tbz.ch"|"SaZXxz-TVLfxa-dry6h6"
"nuo.bamling@edu.tbz.ch"|"9rLAIh-hRgQb8-tyLuLp"
"anais.edards@edu.tbz.ch"|"HZs@U$-#yyGMl-ZeLwjA"
"mediamass.bromet@edu.tbz.ch"|"p9qBwM-ml8RLW-p@5kn2"
"beatrice.kimbrey@edu.tbz.ch"|"HYIInE-gL4Vb9-V4Au6v"
"ines.lawranson@edu.tbz.ch"|"F94%CV-kMj6Mh-zvsj95"
"kalliste.scandroot@edu.tbz.ch"|"7&LJ&v-lf9QvL-sCh5y$"
"mans.barrowcliffe@edu.tbz.ch"|"GZN4LD-c1x5mU-V36X2c"
"irene.couves@edu.tbz.ch"|"gWqv4k-SBKjQR-P5BMAB"
"milena.mucci@edu.tbz.ch"|"d#ZjSG-JqD7wM-TWN9X4"
"naeva.cow@edu.tbz.ch"|"7#QecB-25qIKK-BLW3bX"
"audreanne.mournian@edu.tbz.ch"|"2#qteE-o&8&rB-Y1#zaH"
"melia.sinnatt@edu.tbz.ch"|"@WyYm4-zb2byH-#WrFOG"
"nelie.burnard@edu.tbz.ch"|"lJ9Hmp-wx2jk@-e@Apa5"
"clelia.ashfull@edu.tbz.ch"|"N8YKjr-#mSnp6-9MJR6U"
"lie.macard@edu.tbz.ch"|"CBH7#C-pc9cfW-t01U2p"
"valerie.matoshin@edu.tbz.ch"|"@72aQk-chpwso-Ismwzq"
"anael.hatherleigh@edu.tbz.ch"|"gcWpdt-Hf5xmJ-j4tMyl"
"interessant.warratt@edu.tbz.ch"|"vj7VYA-z0Aqv&-SxANp1"
"eleonore.volage@edu.tbz.ch"|"0%OFv6-%HDCsv-rgylgf"
"zoe.stebbing@edu.tbz.ch"|"pzGQB3-WRUyK#-zfQpO1"
"alizee.nye@edu.tbz.ch"|"Ah%Bhh-d1MxAS-xQNmAY"
"celestine.bramley@edu.tbz.ch"|"myczkt-#TRx2V-ysn8q@"
"selene.philcott@edu.tbz.ch"|"1QTPEQ-JY4saT-o6Tdep"
"tang.newens@edu.tbz.ch"|"g&#vGB-U5%ZpS-13kr1u"
"annotes.powys@edu.tbz.ch"|"62pUK4-@87Usc-Itkm%B"
"lea.matthesius@edu.tbz.ch"|"CUQmCg-E5SqQM-dGF9dy"
"illustree.garlett@edu.tbz.ch"|"Re1Ykq-34qjgl-JfjwR&"
"maiwenn.meachem@edu.tbz.ch"|"iYZo39-HRuaAN-AjU5bA"
"marie-francoise.mcbrady@edu.tbz.ch"|"&dP3%z-SMkB%2-ORN#s9"
"illustree.gimbart@edu.tbz.ch"|"WO42NX-Wz9Usf-rJgZGy"
"melys.lyosik@edu.tbz.ch"|"mrNEY$-3Z5shW-pOIX7L"
"marylene.mcnab@edu.tbz.ch"|"fZ711l-Y67ZdA-y#4zvf"
"gerald.blount@edu.tbz.ch"|"hLhato-I2e3@P-r7lZYM"
"clelia.shakelade@edu.tbz.ch"|"mqjkR6-@6k7lu-eeM1n9"
"penelope.cridlin@edu.tbz.ch"|"i2mdCQ-ADQAsx-T4KThH"
"maena.okuddyhy@edu.tbz.ch"|"Q6vw4H-EAjf@Q-mrcOXL"
"athena.keynd@edu.tbz.ch"|"ooNSRD-Sq#P6y-8RiuY5"
"cloe.dwine@edu.tbz.ch"|"uinqYN-&7CP%I-3a#hHt"
"josephine.browett@edu.tbz.ch"|"WTivvy-dfLDOe-X7CkIZ"
"audreanne.oscanlon@edu.tbz.ch"|"1UG5dk-gbD6Ga-aViOqm"
"fei.jeanequin@edu.tbz.ch"|"a6Knoa-GK&KMy-A5WuNK"
"lois.gormally@edu.tbz.ch"|"kUX4&U-gKPbp7-sHqVeP"
"marie-francoise.finnigan@edu.tbz.ch"|"LEhVAQ-fb8axW-cFb$Xd"
"leonore.trussman@edu.tbz.ch"|"IwQ5kf-1CTAqX-IR4&dL"
"anaelle.trumper@edu.tbz.ch"|"KIy8wL-OO7v5V-xcQfNe"
"clemence.dionis@edu.tbz.ch"|"$lFPoB-Ff0lNr-668r4#"
"lois.tranmer@edu.tbz.ch"|"4&%Pvo-1CbTCc-#HaT$X"
"interessant.volett@edu.tbz.ch"|"TBcY#P-C#Qn5a-Z8nQu&"
"personnalisee.deackes@edu.tbz.ch"|"ACY2fI-mYbGH4-LhBhEU"
"lie.vasiliu@edu.tbz.ch"|"P8H7lF-O7$9ob-PPEU6q"
"dafnee.lamputt@edu.tbz.ch"|"EDVw@w-jnpmQx-wDuK$z"
"elies.bromige@edu.tbz.ch"|"wMdYkL-2SlZme-l&Vqa3"
"helena.klosser@edu.tbz.ch"|"J1ZBU@-Uw7&8I-7TW#pt"
"andree.grim@edu.tbz.ch"|"bTKy&w-7N79Py-ADD$LV"
"verane.coldbath@edu.tbz.ch"|"w#AToV-CZKWAA-7jkhR$"
"helena.bethell@edu.tbz.ch"|"XMcbKg-oAEYTW-xyyA1Q"
"kalliste.carefull@edu.tbz.ch"|"E44SiY-iEVHIw-efPKlU"
"regine.odams@edu.tbz.ch"|"qhLHFg-nRJt9z-DjM6fb"
"len.stannus@edu.tbz.ch"|"8Una#p-zvJHLQ-ME&$qS"
"angelique.works@edu.tbz.ch"|"fQLLYT-&8RcP2-Kz&r&U"
"goesta.rheaume@edu.tbz.ch"|"ApujlP-fLidXZ-1xb$Op"
"maelys.tynnan@edu.tbz.ch"|"HUZWXU-761AdR-aC9F2M"
"maelle.carlesi@edu.tbz.ch"|"o6MakS-MyilH2-lM5Yxq"
"anael.spurden@edu.tbz.ch"|"QpaK9h-IEeH6W-1&knmN"
"helene.pumfrett@edu.tbz.ch"|"#qDmdW-4Kwego-Y9XliD"
"goerel.pearn@edu.tbz.ch"|"DcgSR1-lUoUfo-ep2y2Q"
"laurelie.dezamora@edu.tbz.ch"|"jSgWrt-FlP1t0-z%6PBs"
"yao.twidale@edu.tbz.ch"|"y%#aeq-GheHb@-eyy3vD"
"berengere.sola@edu.tbz.ch"|"0OsERO-2hN1CX-SMIJaN"
"maelann.hardistry@edu.tbz.ch"|"cMPL7X-w$SfIQ-zT8M5g"
"severine.littlefield@edu.tbz.ch"|"Oyi2p&-ygY8P5-EaGpE&"
"salome.heinl@edu.tbz.ch"|"bQNGrh-2E7N9s-wp@y01"
"meryl.warbey@edu.tbz.ch"|"io5Nsr-FtYpHv-rId4jL"
"da.hunstone@edu.tbz.ch"|"9jptJy-L0n4T9-QX68eE"
"venus.broadbury@edu.tbz.ch"|"NOYSrO-6Q77Sz-cXNuYk"
"meghane.rentelll@edu.tbz.ch"|"gxCwvZ-1DIp7Z-Sdc2FW"
"marylene.drewitt@edu.tbz.ch"|"n@o09m-ad$@U6-Wu99Sk"
"melinda.jacquemet@edu.tbz.ch"|"t47%nj-nC5g@G-mnyb@W"
"marie-josee.keyden@edu.tbz.ch"|"agvIR2-D1Abgx-LS8jY6"
"asloeg.montacute@edu.tbz.ch"|"XmjRIE-WwSwjX-G3&mG#"
"ku.andreou@edu.tbz.ch"|"FoaHJq-YDLr&S-BN5ACC"
"personnalisee.feaveer@edu.tbz.ch"|"ukrCWW-PNVIT&-@Mpydq"
"laila.emptage@edu.tbz.ch"|"FiW%3l-O$dQb6-Jd4ozT"
"bjoern.dawdry@edu.tbz.ch"|"GcDuHr-7dSIPL-tiE9sa"
"marie-eve.dinsell@edu.tbz.ch"|"Dmaytn-hQJD1j-QjB3CF"
"helene.follett@edu.tbz.ch"|"b#VxMz-NIZ2GI-Veez6a"
"penelope.cordero@edu.tbz.ch"|"N0hiMh-qWChS#-25ACFU"
"boerje.beedell@edu.tbz.ch"|"J7XhYv-6M7TaP-@jGG9V"
"nelie.ferne@edu.tbz.ch"|"A3dIzx-JPN@e#-LF6MY&"
"celine.ahmed@edu.tbz.ch"|"XvPKWP-fT%4fg-QF7Zt4"
"stevina.pimblett@edu.tbz.ch"|"a760TT-caWrCs-MzOgmZ"
"chloe.langlands@edu.tbz.ch"|"$V9vob-qaAnvR-Zt2AUd"
"simplifies.maude@edu.tbz.ch"|"13o$tL-HQJ%hC-DLZq7r"
"genevieve.decarteret@edu.tbz.ch"|"mrhCQo-HtSmR3-%upCBq"
"marylene.mughal@edu.tbz.ch"|"lv8n%B-HZQLnb-4kAs%i"
"goeran.guttridge@edu.tbz.ch"|"BALQuZ-NIPJc6-AvDDdT"
"michele.smurfitt@edu.tbz.ch"|"$fVAc@-TpBUpQ-3N%qqN"
"methode.hadeke@edu.tbz.ch"|"%%t9N7-SGv7yT-C%2W3%"
"therese.rispine@edu.tbz.ch"|"7L8Wpk-rfXyrk-AZjQM@"
"goerel.plumley@edu.tbz.ch"|"CZp9DE-hhSEzR-t9jCLO"
"oceane.friett@edu.tbz.ch"|"PjTVho-8SVaK0-%8yC6p"
"marie-noel.achromov@edu.tbz.ch"|"y@TR$K-ktHNDq-yFTd3r"
"dorothee.storek@edu.tbz.ch"|"XA%GKv-2IEeue-K3Xqhf"
"goesta.whittle@edu.tbz.ch"|"A%LD85-Z8KwY7-340Bzh"
"desiree.casely@edu.tbz.ch"|"%HpOe1-C9Leuf-iTLeYC"
"felicie.condon@edu.tbz.ch"|"2G6pqa-IjoNlY-dDObWK"
"maelyss.frisdick@edu.tbz.ch"|"eWJ1bd-RNu1ES-wMcDnw"
"aimee.banke@edu.tbz.ch"|"ppUka3-i5Wu7s-YuYtFc"
"naeva.hodcroft@edu.tbz.ch"|"a02z6C-fM8WeM-kD%F&l"
"laila.gerrans@edu.tbz.ch"|"1a0KRf-GLeBGN-xyNgNv"
"daniele.scrimshire@edu.tbz.ch"|"t8sDq&-e$$1sf-P4vz6#"
"daphnee.sheerin@edu.tbz.ch"|"Bq8INs-%ytxCs-k%Z9rI"
"pal.vanyukov@edu.tbz.ch"|"rI%qZE-PhxuKI-GzKITw"
"zoe.childs@edu.tbz.ch"|"cYzHb0-phev2j-OVxbzE"
"ai.corde@edu.tbz.ch"|"r1lsgR-adN2G@-Xp3rq7"
"maelys.berryann@edu.tbz.ch"|"6c7GRS-8l3#Vu-yHbLK7"
"cloe.gladding@edu.tbz.ch"|"VjmlG&-kHtth4-Xk3#1p"
"wa.kinnaird@edu.tbz.ch"|"LzYalM-O4dMHn-TTMKTp"
"publicite.brittoner@edu.tbz.ch"|"Ji83V3-@fuIrJ-Vplaa2"
"rao.windress@edu.tbz.ch"|"vWbZqF-gWP7gH-hxW#&B"
"uo.kollach@edu.tbz.ch"|"Y8k$@D-8LhgXR-gvO9n6"
"josee.peskett@edu.tbz.ch"|"fqQ25Z-e$JdIE-x9$0KW"
"annotee.hasel@edu.tbz.ch"|"OOuvQ%-YhCJid-xkiH@z"
"cinema.lee@edu.tbz.ch"|"aOtMKh-bhmcbV-lfhBi&"
"lai.vedeshkin@edu.tbz.ch"|"6ZQCHU-NOvDKS-SSXT3H"
"renee.brisbane@edu.tbz.ch"|"EoIEwe-&XQB#A-dnMCaS"
"ophelie.blincoe@edu.tbz.ch"|"JbIKzZ-Uxh$Ce-7%GATB"
"zhi.prazor@edu.tbz.ch"|"oI7JiE-Oh@PPe-nJqawr"
"annotee.maddicks@edu.tbz.ch"|"lBwBB8-Jg%ooq-LryukL"
"maelyss.codd@edu.tbz.ch"|"%ltayB-TmyMYy-7JqurH"
"celia.peplay@edu.tbz.ch"|"dzp2om-KM84@H-JSdoEb"
"interessant.skone@edu.tbz.ch"|"JZkfW%-RE$bor-7Kl6FS"
"audreanne.hebdon@edu.tbz.ch"|"zBr@DV-XRxSj0-tgp2eE"
"oceane.glen@edu.tbz.ch"|"5T@FKQ-ogtcZZ-sLHQtJ"
"daniele.vanyushkin@edu.tbz.ch"|"oLiAk1-NmMGO1-aP1K7t"
"daphnee.ayce@edu.tbz.ch"|"FQvOPi-IjbFVZ-hMf3WC"
"andrea.attride@edu.tbz.ch"|"3Od#Q@-BhnApl-tXdfHT"
"penelope.bridgwood@edu.tbz.ch"|"IV&mP2-6gFe9$-kuKXlj"
"mailis.drewitt@edu.tbz.ch"|"MzJzAm-D1s6qV-Gxo$vE"
"penelope.mollene@edu.tbz.ch"|"tKMxa1-Kd@ikv-jaQ1yt"
"illustree.keely@edu.tbz.ch"|"zdYjCf-LohCTN-B3PZvJ"
"meng.brisseau@edu.tbz.ch"|"TVur14-Q9s$mT-0CokKr"
"ruo.cleiment@edu.tbz.ch"|"0rR7rt-EBB6IL-HNnW7S"
"maite.krammer@edu.tbz.ch"|"OT0zoQ-1EIGkZ-qprPwv"
"genevieve.verry@edu.tbz.ch"|"A0aKEj-F$v6wJ-89vtJl"
"lea.olochan@edu.tbz.ch"|"kz$lJB-b$xEb7-M5M1eJ"
"naelle.brunnen@edu.tbz.ch"|"H3GHl0-&iHur@-HDPvXx"
"goesta.bragginton@edu.tbz.ch"|"kgR$D7-EbDto8-VEwX3J"
"fei.danilyuk@edu.tbz.ch"|"rTSV##-x9WHKv-ZFvZy$"
"adelie.turbitt@edu.tbz.ch"|"BMopFk-fpQgLy-8k#XbD"
"marylene.nutman@edu.tbz.ch"|"1aCD70-IuvhQB-%Gyyoh"
"therese.barbrick@edu.tbz.ch"|"e2lI4z-oSI4yh-X$0WCd"
"melys.kolodziej@edu.tbz.ch"|"D3ss3F-BzQ8Q6-j2Zh44"
"melanie.runchman@edu.tbz.ch"|"ULsE39-jnC@RE-RfmhR9"
"serena.lafond@edu.tbz.ch"|"@5WVDk-Fcm6jF-BNhmd3"
"pelagie.desmond@edu.tbz.ch"|"Sq3&Dc-%EuFhn-auC2bs"
"wa.spickett@edu.tbz.ch"|"i@4&jZ-utUOiB-99fgvJ"
"po.shave@edu.tbz.ch"|"NWJIcO-%HX#Nn-mf1t%7"
"song.huikerby@edu.tbz.ch"|"qPXS0K-cS6Gwz-Mt2UkO"
"melinda.bimson@edu.tbz.ch"|"DyjPUf-%Nd6nC-rw1fai"
"personnalisee.toffanelli@edu.tbz.ch"|"E92cv7-WOdKLQ-jogu#8"
"leandre.hurn@edu.tbz.ch"|"LHp@%9-tYml9f-fak&Uz"
"oesten.standell@edu.tbz.ch"|"NmAwBJ-WOpA@c-CEyUWV"
"naelle.smaleman@edu.tbz.ch"|"05vA%s-m6Bn2Z-POcK%W"
"berenice.tayt@edu.tbz.ch"|"voh#Re-6E@EQK-LlqodN"
"kui.popplewell@edu.tbz.ch"|"wD%W6k-WBnHQ1-AIj6FI"
"melodie.ferandez@edu.tbz.ch"|"wL6xYl-@VY7ZO-8hEVUm"
"josee.negal@edu.tbz.ch"|"X#ONTw-RnbokV-sG#x8v"
"melissandre.ferrelli@edu.tbz.ch"|"#x8LTx-6KIu#Y-U&G6Rj"
"josephine.kemmer@edu.tbz.ch"|"BiZ8en-Fcc$tA-l2MnnK"
"maely.cayette@edu.tbz.ch"|"%dc6Oc-EA2GUA-tLENu0"
"nelie.vela@edu.tbz.ch"|"q4SQS7-UeNJSl-#hvmEq"
"melina.cortes@edu.tbz.ch"|"d@ku3d-1WtXv#-y2J9Va"
"megane.leyshon@edu.tbz.ch"|"FDVrty-MZY7IR-WNetFi"
"regine.harrie@edu.tbz.ch"|"Uwx885-UD&mDb-fq%pnK"
"mylene.widdison@edu.tbz.ch"|"RQ2jbn-MmGF#D-fDh27j"
"pelagie.vivash@edu.tbz.ch"|"gSBhQU-n4dzBD-vh9tY%"
"styrbjoern.vicarey@edu.tbz.ch"|"IBE&vA-dR#iEH-82NXN2"
"long.kyles@edu.tbz.ch"|"RcuZfA-8Oqieg-QaLBj@"
"stephanie.gipps@edu.tbz.ch"|"3M79ze-mQRhQx-VxIkZo"
"clea.constantine@edu.tbz.ch"|"Z8pSrD-7DaHUX-titfKS"
"maella.cometto@edu.tbz.ch"|"dO8Sbp-2$a98O-8#n52b"
"laila.aubrun@edu.tbz.ch"|"L&kHZr-proAiB-@R8ebo"
"yao.austins@edu.tbz.ch"|"&V61Ri-dqU0tT-$WuOK5"
"mailys.rylstone@edu.tbz.ch"|"uHQAKu-mPK8Fi-uVCCAn"
"adelie.curuclis@edu.tbz.ch"|"QXS%iM-QNTNhl-TZMCiZ"
"celine.longhurst@edu.tbz.ch"|"cF4glj-JMMdYb-dZ3CtM"
"gisele.hazell@edu.tbz.ch"|"wr2vOA-sz0Kq&-jyY8nD"
"celestine.ciccone@edu.tbz.ch"|"HYiFd%-jnK7SV-8@QY8R"
"maelyss.doole@edu.tbz.ch"|"t5Groi-U&OMoA-69GM4w"
"helene.grimsdike@edu.tbz.ch"|"qPWzKB-&TYbrn-soIi5o"
"lie.macer@edu.tbz.ch"|"L3jxpy-$a3RW1-pwtz4n"
"maely.izard@edu.tbz.ch"|"FwvyZ%-7wng%x-M5s@lH"
"erwei.breewood@edu.tbz.ch"|"ROc&1O-0lIXOx-sZqRU9"
"chloe.woolford@edu.tbz.ch"|"S91Hve-qLh7Ni-7LBfmz"
"cleopatre.turpin@edu.tbz.ch"|"Si1j&d-A1mT2z-Q%0GQj"
"melodie.surgison@edu.tbz.ch"|"cA$ZWy-YRAB$N-5F&9bP"
"elies.leander@edu.tbz.ch"|"yWtB$b-UXaQ@h-0VIX#Z"
"mediamass.reignould@edu.tbz.ch"|"gfmwqf-MfEku$-x@3vQ$"
"celestine.wasmuth@edu.tbz.ch"|"#eDJdR-gyIgno-ATGI9q"
"marten.jervis@edu.tbz.ch"|"3ODPK3-ZTDSCK-NVvWf7"
"daphnee.bour@edu.tbz.ch"|"m&vGT%-zoPVAe-#jdg8J"
"regine.harlett@edu.tbz.ch"|"AOiFyN-o%bJnU-6I@H8b"
"noemie.macaskie@edu.tbz.ch"|"DA97hq-Y4xs@p-rBrE#W"
"loic.renfield@edu.tbz.ch"|"wd9#M9-1MRkZ9-@oKUFv"
"venus.kleinert@edu.tbz.ch"|"D7H6Tl-ESiQwc-PnpvEo"
"marten.burlay@edu.tbz.ch"|"AZQH5X-KrBUPN-kY1lSO"
"berengere.radsdale@edu.tbz.ch"|"H%IZ38-qtRBOH-PKUywc"
"genevieve.duckit@edu.tbz.ch"|"Lre&6&-6XzLdL-i#yMHO"
"maely.ligerton@edu.tbz.ch"|"%XsdAH-mDkCI7-eJdSxx"
"maeline.ricciardelli@edu.tbz.ch"|"ZcuucD-%XIzSj-tjU&mV"
"personnalisee.yggo@edu.tbz.ch"|"eCn4iJ-Q@nB3a-dp3ki@"
"alizee.pettinger@edu.tbz.ch"|"Od0tfc-y56UW1-Qpch7w"
"desiree.curnnokk@edu.tbz.ch"|"Si2yEl-xWJVI$-bSfXZr"
"dorothee.minors@edu.tbz.ch"|"vL7Vfy-NTJI$n-V06NRi"
"oceanne.kopmann@edu.tbz.ch"|"ghAk@t-8E0ozb-48NnoY"
"almerinda.brodbin@edu.tbz.ch"|"@S#nab-wSAIqy-R6OyCZ"
"yenora.carsberg@edu.tbz.ch"|"fiCSwc-DhFzTv-3DZndS"
"wa.beetles@edu.tbz.ch"|"g&TQ2U-XjRgLq-D6Xcld"
"audreanne.abbot@edu.tbz.ch"|"2zgmhY-FaG&&4-ufpuVj"
"noemie.capper@edu.tbz.ch"|"Zig9TW-WRgX6Z-UDB7eF"
"mans.abramamov@edu.tbz.ch"|"%U@2Yd-cIEzT%-Jkaqcg"
"audreanne.blakey@edu.tbz.ch"|"U@T%Uk-MVePnv-O1FI7R"
"leone.klimpke@edu.tbz.ch"|"PwCcUU-9mbh1i-dDQ4nI"
"lie.croston@edu.tbz.ch"|"l&OObO-HndZ9o-A6v@de"
"anaelle.baistow@edu.tbz.ch"|"m%@Wji-$4f%QQ-soPXga"
"michele.garwood@edu.tbz.ch"|"4RxeVm-EfeusF-OJVY$J"
"interessant.albion@edu.tbz.ch"|"qUu@Q@-AHm#4o-e0S6dW"
"andre.brisco@edu.tbz.ch"|"XI7Srl-Y@N529-TQZD8I"
"tang.totterdill@edu.tbz.ch"|"RFP6gQ-BkmKU#-@lynR0"
"marie-josee.braundt@edu.tbz.ch"|"KUu5zO-zncZ4z-H8GC%1"
"lois.galer@edu.tbz.ch"|"pDBqBY-jMId9&-SZWBGo"
"faites.pellamonuten@edu.tbz.ch"|"1&AZUj-ld3BOa-ZiqQ@X"
"mai.barfford@edu.tbz.ch"|"v3nd&E-qXEd7n-ceqmG9"
"laurene.macilory@edu.tbz.ch"|"GXnLkQ-5pQFUP-iRCkBV"
"elea.peak@edu.tbz.ch"|"45skKy-Dkny5w-Mtu4lN"
"rejane.doni@edu.tbz.ch"|"1xllBM-CLCqqu-5PwHnv"
"mahelie.ector@edu.tbz.ch"|"4hVoO&-cNnXeM-qwSjjk"
"rachele.allum@edu.tbz.ch"|"g@Att0-PY6G59-Hw2gR0"
"laila.gerretsen@edu.tbz.ch"|"KrmOt3-8RByMd-zsgA0T"
"ines.bowman@edu.tbz.ch"|"Y6MVqf-aWVgnS-MXvmzD"
"publicite.barbary@edu.tbz.ch"|"J8pO@v-fCHf2S-dqdo@$"
"mailys.smooth@edu.tbz.ch"|"TFrlz$-dDUNa&-yOs6Vm"
"mailis.huguenet@edu.tbz.ch"|"oSUBdj-$VasL@-Z#Z83m"
"lea.ewer@edu.tbz.ch"|"wyK27F-qAvCKF-JcoY8q"
