"email"|"password"
"melodie.vandervlies@edu.tbz.ch"|"MSHzyp-nxuSNm-Bgc%IX"
"angele.edgecumbe@edu.tbz.ch"|"hWjo70-5slruA-GQx8@z"
"zhi.andreasson@edu.tbz.ch"|"TP@M3v-5fUE0Z-1Q&YJc"
"judicael.koppeck@edu.tbz.ch"|"WXwf7S-h@Mxr9-sP7gkX"
"berengere.capron@edu.tbz.ch"|"6GC6hC-F@Uywa-U4tyYJ"
"leonie.brosini@edu.tbz.ch"|"N#r9vX-pRJfDB-wu3N#9"
"venus.garfit@edu.tbz.ch"|"gStDIl-VEatsX-xljEFE"
"melina.janota@edu.tbz.ch"|"nDWnhZ-t#Ir$6-BSn8HU"
"laurene.bake@edu.tbz.ch"|"WN3xnT-xCfF#T-2Dkszr"
"regine.dorkins@edu.tbz.ch"|"shsjjU-fily28-Ii#$Pd"
"cecile.moffet@edu.tbz.ch"|"M%pnEb-mCH6zu-3N&nDI"
"maelann.labrone@edu.tbz.ch"|"O%Y56Y-Vm$3R9-8whkSz"
"melinda.newbold@edu.tbz.ch"|"APO%ef-FEYBzS-szrYWM"
"mans.itzhak@edu.tbz.ch"|"5qYV3n-%KHeii-&5JIBV"
"melodie.pattlel@edu.tbz.ch"|"ufMtwD-11CVdH-TAuLuA"
"celine.bonett@edu.tbz.ch"|"y74ZEP-qocvTQ-6sA0Xn"
"adelie.mcgreal@edu.tbz.ch"|"KzSHDT-o$E0uA-nnQbQU"
"helene.soldan@edu.tbz.ch"|"$rt99p-oO@BP&-w7F0NR"
"michele.cluer@edu.tbz.ch"|"6B5z%M-&QO0sz-7HTRe8"
"maeline.mueller@edu.tbz.ch"|"cN2rNl-dyEqW5-UQby9q"
"maelann.benedito@edu.tbz.ch"|"$ioQN2-zJc2z5-3A5ERn"
"nuo.gransden@edu.tbz.ch"|"xpM%LM-nHXo8A-k44V%4"
"berengere.stainton@edu.tbz.ch"|"$@0CPS-u&%obV-GMzl$M"
"wa.sabater@edu.tbz.ch"|"T#gvzL-wl5rn3-Yl8%GZ"
"anais.cochran@edu.tbz.ch"|"n&aB@6-71V1do-#nTk9B"
"gerald.bessant@edu.tbz.ch"|"8PMKBa-fUI7Ui-ivi9%O"
"ruo.coffin@edu.tbz.ch"|"L60EuO-BsutgB-G3hvw&"
"melodie.mustill@edu.tbz.ch"|"%LEHr&-qNSe&D-c5Pc$Q"
"ruo.stanesby@edu.tbz.ch"|"9OFuxq-BOGAWy-fRCIfR"
"noemie.antognelli@edu.tbz.ch"|"kTTy5i-bRhve4-l3e5@A"
"maelann.hughson@edu.tbz.ch"|"Cpo1eX-0I95QE-tXuIHI"
"milena.mieville@edu.tbz.ch"|"7E5oER-wmNoAZ-@rtHY@"
"mailys.chamberlin@edu.tbz.ch"|"%DJhcA-b&Pbje-Lrve&3"
"nadege.tomalin@edu.tbz.ch"|"V7xk0e-Bu#aFT-k4DGVz"
"oceane.omara@edu.tbz.ch"|"jOWWR@-VGFhht-H7mfue"
"cecile.aguirrezabala@edu.tbz.ch"|"GQERad-UD6Uzo-75%5FJ"
"maella.gwillim@edu.tbz.ch"|"kXz#CZ-89YuM9-uICn0m"
"lea.mcgahey@edu.tbz.ch"|"wsBE82-BoYX0N-2A#MAn"
"laurene.hagerty@edu.tbz.ch"|"tupOCq-ykpVkc-c7upod"
"dorothee.link@edu.tbz.ch"|"sv4Yv&-47JRwL-WnsZn7"
"clementine.kynsey@edu.tbz.ch"|"U3nrxc-XaPYv7-pbn6$B"
"lorene.smitherman@edu.tbz.ch"|"1#Fwk3-62WlMC-h7wAGD"
"cleopatre.klulicek@edu.tbz.ch"|"b$GllB-BoOMaT-1pRHg5"
"laurene.castaneda@edu.tbz.ch"|"zFIQs%-yjqlYc-w@K12T"
"melia.constant@edu.tbz.ch"|"TlRF11-#hoZKq-rkq8wL"
"lucrece.clunie@edu.tbz.ch"|"#DrXGF-VYfVmh-ZM&#8a"
"eleonore.mcmurthy@edu.tbz.ch"|"deKfZY-2O%HY8-aCVGCI"
"melia.bevar@edu.tbz.ch"|"0dVmEv-xfN@4h-r$IsZd"
"camelia.bontine@edu.tbz.ch"|"RUKSsO-3qqNtG-OcUYMc"
"methode.jozefczak@edu.tbz.ch"|"Ces%GR-xBxra3-VCeIL#"
"audreanne.hinsche@edu.tbz.ch"|"x4tyls-XOYaf7-@vNqM6"
"andree.varne@edu.tbz.ch"|"bQjFse-K4dBk%-dxSD2Z"
"marten.kinleyside@edu.tbz.ch"|"&iOPgk-TqbLav-XTYNqA"
"esteve.mcewan@edu.tbz.ch"|"clCFrx-mRdh&B-HNSCEI"
"leane.dibbert@edu.tbz.ch"|"uiogbT-WYc4@d-$hwY$X"
"ma.thewlis@edu.tbz.ch"|"L$XjQ6-8jjW$C-kcAJf3"
"clea.djurkovic@edu.tbz.ch"|"&dUFDU-lGFCKj-46RhQ6"
"rachele.reburn@edu.tbz.ch"|"Oiqhnx-b6OeWc-CUTAsI"
"gerald.gowling@edu.tbz.ch"|"cfaQ8f-qsAPBf-i%zInm"
"cleopatre.jackson@edu.tbz.ch"|"l8i2@@-#Z4OPP-teTo3o"
"desiree.haskins@edu.tbz.ch"|"n#Zy5@-izRqXX-$OpaDa"
"eleonore.longson@edu.tbz.ch"|"ZA85tx-RyNAab-@kPsI3"
"leane.dybell@edu.tbz.ch"|"mbRvw%-TIcZAC-24BWRk"
"becassine.grzesiak@edu.tbz.ch"|"5WWLB6-cq35lw-ogK3Ki"
"marie-josee.pickin@edu.tbz.ch"|"Y4axWK-p6G6UD-#k1d%d"
"marie-josee.roxby@edu.tbz.ch"|"9o#ldQ-0YtFlV-r%DcRC"
"leonie.feenan@edu.tbz.ch"|"ght2pE-RqKhu#-0x@B@3"
"valerie.ellum@edu.tbz.ch"|"4Eog82-Myt7gN-d#pM$Z"
"ju.caseri@edu.tbz.ch"|"am%l76-KSVRmM-0U@Xtd"
"boerje.strangman@edu.tbz.ch"|"8NvOli-e3r4vL-W7luJy"
"beatrice.ghidelli@edu.tbz.ch"|"Bx3l%I-Nut$nb-NXCh7&"
"da.jablonski@edu.tbz.ch"|"UGYN&$-#5Mr$o-&u&Wp&"
"uo.beveridge@edu.tbz.ch"|"@uVXRu-9hF2YI-f6ZL7a"
"valerie.bestman@edu.tbz.ch"|"1tU2d6-eVjbxW-BbMLHr"
"marlene.pohls@edu.tbz.ch"|"##r05@-v9RqMU-YOfo1c"
"ma.nolda@edu.tbz.ch"|"ZUKeCh-5lt60m-MbqyEX"
"marlene.bisiker@edu.tbz.ch"|"8Kqwv7-nFqgns-h9l61&"
"estee.babon@edu.tbz.ch"|"QKR1YN-hFlgXZ-D3L$n%"
"simplifies.dmisek@edu.tbz.ch"|"EyOnaB-%jxjK4-21P37e"
"selene.ganing@edu.tbz.ch"|"qZmrl$-nZa@ay-LMxazo"
"meryl.penke@edu.tbz.ch"|"Eb0Fx2-f00Zdq-8pUvxS"
"anais.rawcliff@edu.tbz.ch"|"Gm1mJ4-RxzXfP-j8&Y82"
"melina.andri@edu.tbz.ch"|"qbS@&j-2m6@9r-nyelcN"
"audreanne.fodden@edu.tbz.ch"|"Nar36Y-A$Uy&7-U9Xj6A"
"bjoern.spellesy@edu.tbz.ch"|"&kfB9%-VJZggn-gSu0wm"
"francoise.summerscales@edu.tbz.ch"|"51cR01-@Y#A$i-7O7o1U"
"laurene.ashtonhurst@edu.tbz.ch"|"sqAcpQ-wIkJEQ-W%SyFH"
"valerie.petters@edu.tbz.ch"|"&bS$fH-eTq#J9-GgH$&c"
"anael.spenclay@edu.tbz.ch"|"7RJaQp-u00dK&-Aezy7Y"
"stephanie.keech@edu.tbz.ch"|"PDTk1J-HESFEs-UdayI9"
"ines.deveril@edu.tbz.ch"|"98lG1s-UTFjGX-uI&chA"
"berenice.gelder@edu.tbz.ch"|"476shU-&5hVtf-Zb2TV3"
"melanie.ofogerty@edu.tbz.ch"|"NmQyAg-5uRy7W-l1CX6E"
"frederique.canepe@edu.tbz.ch"|"7Ufe%k-&SbTnO-r1tAUv"
"nuo.otton@edu.tbz.ch"|"rEyiPe-UUFDfd-tGXG8p"
"genevieve.trusler@edu.tbz.ch"|"SZziej-VcoLrH-naxO4M"
"ju.boag@edu.tbz.ch"|"Y4IH88-9Ulyy9-V6U%vj"
"josephine.dilucia@edu.tbz.ch"|"0m683t-J#NxXe-v@25Mb"
"laurene.armsden@edu.tbz.ch"|"6Pr2kk-eTjzQp-33qYT%"
"becassine.griffe@edu.tbz.ch"|"kI@r&i-v9sRDh-IA38Wn"
"alois.parres@edu.tbz.ch"|"Kydo6Z-BzsY2x-w1nGJU"
"cleopatre.gaffey@edu.tbz.ch"|"F32MLc-KYCFN3-E$Xv%P"
"andre.stiger@edu.tbz.ch"|"%GQGs7-&eqPv&-OXXxiL"
"beatrice.godleman@edu.tbz.ch"|"kwBD5r-7MDQRb-Q4S34O"
"hakan.harrhy@edu.tbz.ch"|"eTSm0n-$RN5wX-WxAlE%"
"celestine.dagnan@edu.tbz.ch"|"Rk5ojk-CphDCM-RpYkO%"
"clemence.haggart@edu.tbz.ch"|"Hh7Fqu-rF&ggp-e0vEvg"
"long.caban@edu.tbz.ch"|"rI8k8y-XS5@09-UvL0@&"
"gaetane.grimble@edu.tbz.ch"|"AsmBKd-KyOgNb-I5i5%j"
"maelann.piwall@edu.tbz.ch"|"VqZe7$-FAVZCh-#jxcyO"
"magdalene.loble@edu.tbz.ch"|"v4XK1f-ZWyhZS-boslJw"
"veronique.domaschke@edu.tbz.ch"|"n3N%dt-ILL%PJ-pSB8vf"
"clea.herity@edu.tbz.ch"|"5aHw9T-5Pk75P-$f3mqF"
"maelann.bambrough@edu.tbz.ch"|"#6o$pH-lbnWRa-g#cJwL"
"clea.goulstone@edu.tbz.ch"|"Z9xUA%-F4MCQx-YK8FV5"
"renee.deleek@edu.tbz.ch"|"kOI2g6-w037m$-C&JGxm"
"boerje.rudderham@edu.tbz.ch"|"@dt7ep-R9NISx-5FuVN4"
"marylene.broune@edu.tbz.ch"|"VZ6TqA-Wn&aAm-5b9oB9"
"nadege.mccuish@edu.tbz.ch"|"MZnVOg-vOYuB%-DL0jL&"
"anael.littleover@edu.tbz.ch"|"klnokl-um29M#-6T9xg%"
"lie.baume@edu.tbz.ch"|"ZJdpK$-df0uHL-AVn4xb"
"maella.murrow@edu.tbz.ch"|"yR2lS#-H0vFx6-LF23dI"
"cleopatre.pettifor@edu.tbz.ch"|"zzJKZs-BTVEdf-@d3qi4"
"geraldine.asker@edu.tbz.ch"|"@fph$V-$7oLpR-@0meV5"
"gaetane.smedmore@edu.tbz.ch"|"pOZy$$-mX9apa-C154XH"
"meryl.blencoe@edu.tbz.ch"|"KuY1dR-ULnsNT-tqD@5S"
"aurelie.chastaing@edu.tbz.ch"|"2kFK04-Rv%g%B-MV5m9n"
"oceanne.marthen@edu.tbz.ch"|"ecdlXv-2K5y96-FVAjdd"
"dorothee.burrill@edu.tbz.ch"|"h1hGCb-0R&Ez7-kVCIam"
"hakan.belden@edu.tbz.ch"|"3n$oXy-hDWP#T-DkSZWF"
"celine.brunning@edu.tbz.ch"|"TebTb%-6tm@sH-prPMZc"
"anael.lapides@edu.tbz.ch"|"9Gu$E4-epOVJS-KdhQgV"
"ruo.saffran@edu.tbz.ch"|"k1zN7n-eOZUBW-JyfUsG"
"loic.gerretsen@edu.tbz.ch"|"B8DCu5-BqSjNF-3iCshl"
"rui.fitzer@edu.tbz.ch"|"%kBBpT-o7wKrX-E##KTo"
"annotee.ogers@edu.tbz.ch"|"#XJqPK-Lg6#ai-lMRJO9"
"boerje.bindin@edu.tbz.ch"|"c1pulK-599$c7-9bl8KE"
"ma.cronchey@edu.tbz.ch"|"oEL00%-0nXjCR-pw4b@4"
"laurelie.baiyle@edu.tbz.ch"|"w6HJ&v-wKeizH-O75iYk"
"dorothee.older@edu.tbz.ch"|"%v3tiY-RpGTfe-IIglp@"
"laurena.wile@edu.tbz.ch"|"UMAhE&-4p#9Wm-LX4s4q"
"clemence.brito@edu.tbz.ch"|"OQWRpl-wy@e#6-I3Uu2E"
"nadege.dallin@edu.tbz.ch"|"@en2Sr-rL1nMc-9oM5i%"
"mailis.matley@edu.tbz.ch"|"$4qjkx-pZ2v5%-dFkVq6"
"daniele.screaton@edu.tbz.ch"|"JI9GPW-$G$x4o-0t@YgG"
"mediamass.godly@edu.tbz.ch"|"QHn%8O-Qyycp6-nnbj&d"
"leone.kremer@edu.tbz.ch"|"qWex#O-7tkXJ0-tX@f1Y"
"asa.adrian@edu.tbz.ch"|"uP2wnZ-owO4@Z-HmfZxH"
"adele.doley@edu.tbz.ch"|"WflcRW-jMoR8J-NSLBfk"
"fei.sidney@edu.tbz.ch"|"C7%WV1-vBP$2c-uUZ200"
"marie-josee.walisiak@edu.tbz.ch"|"qjkVLU-EOi%U6-XdJ8J2"
"desiree.diplock@edu.tbz.ch"|"81rVk%-bEVJ98-p0k$zc"
"gisele.schust@edu.tbz.ch"|"okSSEO-%0EBF1-o&VoNS"
"ma.longshaw@edu.tbz.ch"|"QYjQrc-K$#8oE-8pteUZ"
"da.boother@edu.tbz.ch"|"UOzZQG-uY8#P2-y$Ii&s"
"simplifies.chaudhry@edu.tbz.ch"|"izt8Dx-1pKHAm-Khr14$"
"garcon.baniard@edu.tbz.ch"|"aWWavW-A&e#Vw-1AWR%a"
"gaetane.elphee@edu.tbz.ch"|"8fbPxG-mJuq2T-T3$lNM"
"gisele.hassey@edu.tbz.ch"|"kKnX75-2Bsegl-Zed6QX"
"oceanne.booley@edu.tbz.ch"|"fFAeWa-AIm#GV-%pHfu&"
"oerjan.dibden@edu.tbz.ch"|"YDHIgr-DpsqY3-jpuP&0"
"regine.ocleary@edu.tbz.ch"|"wMNcdL-KLWIj@-uvg&tL"
"selene.persse@edu.tbz.ch"|"UcuV&n-AGfFlv-n%qoBf"
"helena.adenot@edu.tbz.ch"|"EQ7RTr-1mZQa4-vkRg8&"
"maelann.wassung@edu.tbz.ch"|"WRNmIf-#xypwH-HF9Zw7"
"frederique.ackermann@edu.tbz.ch"|"KjSI$Z-OC%C8a-2xobnq"
"audreanne.kahen@edu.tbz.ch"|"#R5uKj-ZRTyWF-u3M8mh"
"maiwenn.lasty@edu.tbz.ch"|"IBW%CB-#jkC#q-7HMefz"
"yu.dictus@edu.tbz.ch"|"xgtvB$-odd9iQ-k3vpol"
"anae.dukes@edu.tbz.ch"|"Rts0Xf-dsmm6i-VBy7%o"
"yenora.warr@edu.tbz.ch"|"uK69mp-mspIJa-dBeCSd"
"esbjoern.archibold@edu.tbz.ch"|"d%fdTP-v3Yl@U-p6RA#2"
"milena.pardal@edu.tbz.ch"|"&%Mf2k-s&BndS-JKiCTO"
"celestine.graveston@edu.tbz.ch"|"KJwF71-731Ml7-TxsC1g"
"maena.dallas@edu.tbz.ch"|"wbLIQW-lLqMyw-TocIg8"
"andree.tuke@edu.tbz.ch"|"z4@mu0-WeC&gX-2HHTzO"
"methode.seldner@edu.tbz.ch"|"%peEeS-To1pLM-8CxtP3"
"venus.bullas@edu.tbz.ch"|"c%aTNA-1E2LU#-XeqYkj"
"mans.aguirrezabal@edu.tbz.ch"|"VgxU6K-AUgbFe-yO@bHU"
"gaelle.eadington@edu.tbz.ch"|"5wPU$A-8%Ch4g-5Jo4gp"
"anaelle.falkner@edu.tbz.ch"|"dHUgYd-5KzSPU-l1yMlO"
"ophelie.height@edu.tbz.ch"|"&r#pgW-nKBX#2-rmaL#c"
"marten.bolding@edu.tbz.ch"|"U6%xA6-RytlhU-6I4Fmp"
"pelagie.guswell@edu.tbz.ch"|"ujp0b4-0t4wrt-gO10rO"
"gwenaelle.lecount@edu.tbz.ch"|"RYFF1L-GCfWSS-aSbqA8"
"hakan.laden@edu.tbz.ch"|"QQt7B@-ZQz6iw-Cs5IOr"
"marie-josee.hylands@edu.tbz.ch"|"y525Mm-DwR%VU-imf0Zn"
"zoe.kingshott@edu.tbz.ch"|"Im9RNo-gjHBM2-FnEmlD"
"josee.janous@edu.tbz.ch"|"o#LjDD-L4N09$-cpvRY1"
"laurene.gallally@edu.tbz.ch"|"8SA5UG-4vfS@@-Ye7iha"
"anael.bickle@edu.tbz.ch"|"#YqaRE-TdBUz4-k%oGc%"
"mediamass.lebbern@edu.tbz.ch"|"GwmkP5-R8yMMs-TeRmAE"
"berengere.hovy@edu.tbz.ch"|"G63#Dp-AJVDz@-2%5w3F"
"oerjan.kilmurray@edu.tbz.ch"|"ajYkLR-%6OxxK-cccHdN"
"asloeg.venny@edu.tbz.ch"|"uBV8Nm-LCE5Ik-jT9fhR"
"marie-noel.stoad@edu.tbz.ch"|"B&P3az-Ru8Y&3-brdHGb"
"hakan.pettifor@edu.tbz.ch"|"YyqBPf-zUMHg5-L0DkT1"
"maella.willgrass@edu.tbz.ch"|"btcRnd-43@gwI-f$8HXP"
"therese.ludovici@edu.tbz.ch"|"#9BecV-Fk4byp-AOGT&r"
"stephanie.trewhitt@edu.tbz.ch"|"iG0etY-rqtiZj-MhKhK8"
"maerta.bauduccio@edu.tbz.ch"|"IOQLSI-g&ia3C-77#C3g"
"gaetane.glaisner@edu.tbz.ch"|"XzoFrF-XRb1K5-@GqJZo"
"naeva.pargeter@edu.tbz.ch"|"&JcAjf-tpqH38-i8wHNv"
"salome.venable@edu.tbz.ch"|"dSQxKQ-&KXDQJ-0w@tzm"
"boerje.thickett@edu.tbz.ch"|"AOuCiu-8Qg$$t-riKP2j"
"lucrece.prendergrass@edu.tbz.ch"|"rivUZ4-NTgqf0-S4Dsoh"
"laurene.ockleshaw@edu.tbz.ch"|"YxTKl4-%8laNz-Kimx5z"
"cecilia.pasticznyk@edu.tbz.ch"|"nIw$Ks-yd708F-ouxzFe"
"stevina.mackey@edu.tbz.ch"|"d7IVbW-rTnTjv-pVb7XN"
"marie-noel.reven@edu.tbz.ch"|"&cYmgd-qZj48y-fNH2Vc"
"melina.quilkin@edu.tbz.ch"|"5aoz#V-BrkJ71-R%PqC#"
"marie-noel.ferrie@edu.tbz.ch"|"9tzg1K-HZDWYt-Zbn4u#"
"leone.alphege@edu.tbz.ch"|"DoJ@d3-GY4A4g-sHqLBY"
"zoe.leverson@edu.tbz.ch"|"&X1mJ#-%FA64#-jjDtt0"
"annotes.grayne@edu.tbz.ch"|"s&Cd1o-s91Pw2-2CtrBB"
"faites.lalley@edu.tbz.ch"|"r6LMSf-CJzlei-J@GtJb"
"adele.wallis@edu.tbz.ch"|"LCpo9s-KWy4xI-Ea%2Uh"
"severine.madill@edu.tbz.ch"|"@bBxac-t3gH8$-V8dwwK"
"valerie.tebb@edu.tbz.ch"|"9kts0o-UrW023-I31lef"
"kalliste.rasper@edu.tbz.ch"|"PETSXZ-jpXNpO-rY96Ta"
"audreanne.palomba@edu.tbz.ch"|"LvW8i0-#fBkUd-bGH4ns"
"elea.adamik@edu.tbz.ch"|"o&Gz&O-iQoYsq-ujpN@M"
"reserves.jakuszewski@edu.tbz.ch"|"E2Jdn6-kXnmQu-l79&iG"
"athena.belhomme@edu.tbz.ch"|"gssmWX-i@NTZb-ZEdk4H"
"rebecca.crippin@edu.tbz.ch"|"qQYWR$-fuJpBj-pcgEV$"
"maiwenn.curman@edu.tbz.ch"|"qgEhFY-6dYamA-zUkJ1F"
"andree.bunner@edu.tbz.ch"|"8O6aM9-IkphIR-U#zEM8"
"ruo.winckles@edu.tbz.ch"|"qSOqFW-I5hyuR-pSKWNG"
"naeva.buntine@edu.tbz.ch"|"NeeGob-#11@ps-LNw#6N"
"boerje.dollard@edu.tbz.ch"|"CKBfgW-7P8nSb-Job5D5"
"penelope.gorman@edu.tbz.ch"|"4x6tad-JXg5h7-nkAjxx"
"alois.robelin@edu.tbz.ch"|"sde$qV-33fgDh-VWayuA"
"anaelle.tindle@edu.tbz.ch"|"n5iIe2-6Z3J7b-MaBFyK"
"ye.frears@edu.tbz.ch"|"u7NSYJ-5&In0f-%sPvEy"
"andree.ovid@edu.tbz.ch"|"U%KOyU-aa8cSU-K8Kx4M"
"hakan.peat@edu.tbz.ch"|"#QPXnT-pYHNIL-oDhDJc"
"andre.januszewski@edu.tbz.ch"|"t$kWxM-vVQX8h-SKoSsP"
"annotes.clemmett@edu.tbz.ch"|"KMkRuG-2VR2jM-#l9%8z"
"pal.lambswood@edu.tbz.ch"|"LAD879-zS4CHO-awKN6m"
"yao.lenton@edu.tbz.ch"|"#8ydMF-rQ6DO9-g&FS#w"
"hakan.boyton@edu.tbz.ch"|"clqsMS-YORpnd-fWQ@jz"
"nelie.forsey@edu.tbz.ch"|"sU5aMc-67DmRP-lx15%N"
"hakan.horche@edu.tbz.ch"|"iyZv1x-9DM8oR-yTxuZ0"
"lorene.sinkings@edu.tbz.ch"|"l#y8vr-Q0kzcH-Ng&Ajk"
"marie-therese.creddon@edu.tbz.ch"|"WT2ULE-VWt4n1-#V@884"
"berenice.tolworthy@edu.tbz.ch"|"lWR2gs-mbE7A0-EDlGfj"
"theresa.land@edu.tbz.ch"|"2lJf#0-b029X4-FXmSjg"
"marie-therese.gianilli@edu.tbz.ch"|"qgrd#9-IoHDpF-FllNuf"
"meryl.glew@edu.tbz.ch"|"q0LkSa-boCcN&-ylmUMr"
"adele.debling@edu.tbz.ch"|"3gu@Z3-yhHvsP-8R@YK1"
"anae.metzke@edu.tbz.ch"|"BuB$1Y-8Es6M&-ZDbQr3"
"gaetane.gooden@edu.tbz.ch"|"Et811l-xeQmZu-YlsbcJ"
"laila.bootland@edu.tbz.ch"|"D8WLjC-@w#ScD-woXlJu"
"maite.helsdon@edu.tbz.ch"|"LcmyI0-rf3jU4-lAZ5an"
"andree.malley@edu.tbz.ch"|"jlN$E7-MeRNcN-t5GIe$"
"pal.simmens@edu.tbz.ch"|"kA9zdi-0Q$WzX-bKM%cB"
"maelys.nuccitelli@edu.tbz.ch"|"Yxilbb-H4YQUp-Q5kwAd"
"dafnee.sibary@edu.tbz.ch"|"h1CL25-V@dv8D-V7YZwg"
"alois.harsnep@edu.tbz.ch"|"Wp9VLV-PjYWVt-v7vyIV"
"marie-helene.lacky@edu.tbz.ch"|"4d38&0-BbubnX-RQ09Ij"
"mylene.youthed@edu.tbz.ch"|"F&zu&q-ovOtOP-yHoez5"
"marie-helene.dehmel@edu.tbz.ch"|"Df1aCy-uPeRzA-znzM1S"
"angele.batman@edu.tbz.ch"|"tH2fkD-zZL40f-dU2HOw"
"melia.younghusband@edu.tbz.ch"|"SdHtNI-sUMmC@-ndJK7L"
"eloise.baldi@edu.tbz.ch"|"ZVIqED-bvQjGT-$MG56$"
"illustree.dun@edu.tbz.ch"|"S5C$ue-kTY4s0-3B%xld"
"genevieve.late@edu.tbz.ch"|"sStzIs-Kudl9g-L2Rpfk"
"celestine.colville@edu.tbz.ch"|"7vLjyn-7lNy1F-Bpj214"
"gwenaelle.scarlon@edu.tbz.ch"|"lIsdyM-wIVEc$-MDrpYJ"
"regine.boddie@edu.tbz.ch"|"tNgqsr-XAStjc-tD4AFX"
"creez.gaughan@edu.tbz.ch"|"f$5Byw-H%w#$N-N9Deex"
"gaia.longford@edu.tbz.ch"|"p@gugw-wg#&FF-Eo0N5J"
"mailis.buckby@edu.tbz.ch"|"5EuS6N-9UtVxb-HXgeg&"
"song.parbrook@edu.tbz.ch"|"vxbY#V-y9yMNQ-aykstW"
"frederique.heddan@edu.tbz.ch"|"BYjLlw-DVR6xH-3sLlL8"
"ake.kirtlan@edu.tbz.ch"|"dUoKnv-pDNNtO-I6TSw$"
"nelie.runciman@edu.tbz.ch"|"ZoRMGb-p3fsd$-kRMbgN"
"mailis.cardnell@edu.tbz.ch"|"xXqt8#-GMqMMA-p%h8Yl"
"irene.navarro@edu.tbz.ch"|"koh#dx-S7Kd83-qBHWL5"
"maite.cough@edu.tbz.ch"|"mu&dUC-Hn#TNI-4oGADd"
"anaelle.stocky@edu.tbz.ch"|"qKZE3Z-Z%AGnV-HPNTfJ"
"methode.moulder@edu.tbz.ch"|"1DyjuT-ek%ZxS-l3$dxw"
"po.stafford@edu.tbz.ch"|"POn7LS-mbNAuJ-HwFAlN"
"faites.scraggs@edu.tbz.ch"|"C4qy&B-lQ1juO-H4gvd3"
"adelaide.dullard@edu.tbz.ch"|"e7MZ7N-vH4T3A-kyIO#t"
"desiree.leonard@edu.tbz.ch"|"G2kTA7-O2uArw-yvTIjX"
"geraldine.badgers@edu.tbz.ch"|"sJ%cKG-7#GrSP-Fi4ake"
"ruo.masic@edu.tbz.ch"|"42T0dD-5BRgTO-W0K2iy"
"aurelie.lieber@edu.tbz.ch"|"j&aMi4-cWjOxw-7XSkMr"
"naelle.balcock@edu.tbz.ch"|"#KThlF-BU8#@U-cSk8#R"
"camelia.elger@edu.tbz.ch"|"@DXLeT-F6I7Dr-wi$c46"
"publicite.oakeshott@edu.tbz.ch"|"80jNR7-159piZ-ySxyed"
"cleopatre.fawley@edu.tbz.ch"|"yOfqQM-vBgpQd-zZlb3c"
"laurene.bruckmann@edu.tbz.ch"|"ee9%kD-viR6u6-XX3kNh"
"rui.haughton@edu.tbz.ch"|"S&v9H9-E7yk69-dCfCla"
"asa.ladewig@edu.tbz.ch"|"EBj9Gi-ZddXnA-b5a3Wo"
"gisele.janecek@edu.tbz.ch"|"Ui2%X@-Ysy7uW-bzfqC#"
"maily.loveridge@edu.tbz.ch"|"H4Mlwl-ywNGYF-@4gfqM"
"marie-eve.yurkiewicz@edu.tbz.ch"|"@o9UEE-a&D4C2-UvHRaO"
"fei.roder@edu.tbz.ch"|"quSSEk-u3ZSaF-iVJ6e&"
"edmee.chatburn@edu.tbz.ch"|"cICDIU-h49jSC-RI%NX9"
"geraldine.darke@edu.tbz.ch"|"P%$5xy-vN1T8I-Z@%QY&"
"ye.jira@edu.tbz.ch"|"pWCkyZ-E6NW$2-k$3BUC"
"publicite.persent@edu.tbz.ch"|"BOdz&W-4@w#HS-Z&Zs&Z"
"severine.wilcox@edu.tbz.ch"|"rl6If6-5nv07F-oSqvF%"
"yao.mcclaren@edu.tbz.ch"|"huyhsE-R36uvz-@TVn$w"
"theresa.foynes@edu.tbz.ch"|"f6XuYC-YrrLOk-ToFueX"
"stephanie.isley@edu.tbz.ch"|"5XDhZC-ihYKwE-exgTAM"
"torbjoern.growy@edu.tbz.ch"|"sT#2g1-8ZqT9w-OG9Z6Y"
"eloise.tunnadine@edu.tbz.ch"|"LriCoK-#dgQdC-9fDsjx"
"maeline.cossentine@edu.tbz.ch"|"RLZWt@-WQ$Qb@-LD%6uH"
"nelie.desantos@edu.tbz.ch"|"EJO5PK-IQ@UyY-dFiL3A"
"gaetane.axston@edu.tbz.ch"|"pmoL05-bN85Hf-X2$ZYy"
"aimee.merman@edu.tbz.ch"|"8hytO3-9#lEX6-HyE7D7"
"oerjan.drivers@edu.tbz.ch"|"6@ibFO-q5W4XA-8@4w8m"
"aimee.miroy@edu.tbz.ch"|"K18#tJ-5D8XNW-YW%&%A"
"nelie.glyde@edu.tbz.ch"|"lX87L$-W8H3R4-EvbzHI"
"hakan.kapelhof@edu.tbz.ch"|"QEM@qV-1D0UAv-y#805z"
"maelyss.cauley@edu.tbz.ch"|"@HVvIx-0C8EL0-Cb$CaO"
"elea.vaggs@edu.tbz.ch"|"ipzc4&-W3k6mT-Yx7AAH"
"maelys.but@edu.tbz.ch"|"skeNyf-yO$YT$-C&v7sE"
"maella.arthurs@edu.tbz.ch"|"rTI@92-7gK2de-9n60sR"
"adele.liebrecht@edu.tbz.ch"|"Fj5hgk-ADKSP#-T@wdRw"
"meline.lomasny@edu.tbz.ch"|"NEJxjf-yCRBui-Gr8Fth"
"mediamass.schwant@edu.tbz.ch"|"b7GfFx-T&31Dr-jkk3en"
"leone.saunt@edu.tbz.ch"|"fHtV9c-1Xs@27-rNbzCt"
"annotes.gouch@edu.tbz.ch"|"&Iml$0-72fKyf-t8b2CC"
"gaetane.bowich@edu.tbz.ch"|"D0uAsz-eX#ALx-Tsg50@"
"alizee.strelitzki@edu.tbz.ch"|"KanONj-LHv%H&-ImTtEa"
"leone.poile@edu.tbz.ch"|"QfVOSN-ZssyCV-0khWqE"
"amelie.saban@edu.tbz.ch"|"mvMsGa-nU5p0c-wTCYcz"
"marten.mcmenamin@edu.tbz.ch"|"Q$fFKl-LqxwsT-s%SEaC"
"becassine.keets@edu.tbz.ch"|"vC2pp3-FB91O1-JMcQNw"
"celine.million@edu.tbz.ch"|"1H7$KZ-v%Gi39-k&d2fk"
"geraldine.belitz@edu.tbz.ch"|"2#r@R$-0M0wvk-1Q@Ddq"
"salome.mardling@edu.tbz.ch"|"spQ&L&-6NZspV-ag8bpN"
"melia.blakemore@edu.tbz.ch"|"GrUz47-R@4XC@-y%mMB0"
"dafnee.mcaulay@edu.tbz.ch"|"av1CvM-rTVeC5-rAbwLU"
"garcon.dennett@edu.tbz.ch"|"vYIi8#-V0J@ak-C1L5@N"
"interessant.lesor@edu.tbz.ch"|"$y4kEL-Jyo@62-G96pee"
"annotee.wasbrough@edu.tbz.ch"|"7R%BTP-9Zj2wX-SQ7@l1"
"asa.ibbeson@edu.tbz.ch"|"cW2RpH-Z84qGg-7t&NTQ"
"maily.kennealy@edu.tbz.ch"|"Xf4N0E-JJuigh-oS@8uo"
"ye.seares@edu.tbz.ch"|"bEgoCO-soEbTo-FWyWAi"
"athena.harbron@edu.tbz.ch"|"G2SqW0-x3hd@@-wKoxKs"
"andreanne.portail@edu.tbz.ch"|"O$#Gvb-D5%NpY-pHdCcN"
"goeran.zannelli@edu.tbz.ch"|"cHUPlt-WpxiXP-%NCUsS"
"gerald.leathlay@edu.tbz.ch"|"R0%bus-4Z0qN2-jg99XE"
"andreanne.chown@edu.tbz.ch"|"RIbeez-bVQE@I-YeoB9K"
"esteve.clementel@edu.tbz.ch"|"ghg0tc-K79sv6-##&NLN"
"leone.legan@edu.tbz.ch"|"4VuWT7-U#D1PH-uBDQsI"
"maena.pownall@edu.tbz.ch"|"vby&&h-qJUkiY-lInLhS"
"andree.rettie@edu.tbz.ch"|"nzc58q-mnrnRE-7sevOx"
"ines.kenwrick@edu.tbz.ch"|"jO6YCC-HBTM@z-W332q1"
"marie-helene.yarnall@edu.tbz.ch"|"YZDBAV-&2#7Mg-vKN2cF"
"po.martin@edu.tbz.ch"|"eOWGbS-e$gSo6-w1Xm1V"
"ruo.celiz@edu.tbz.ch"|"IWdj$5-cGSHpT-#A0ceu"
"po.bissett@edu.tbz.ch"|"nYfYyB-IQ3O6N-iuk9Sw"
"du.swindon@edu.tbz.ch"|"txty8z-ia6fX&-n4XAjA"
"interessant.gouldthorp@edu.tbz.ch"|"no$cn#-zPZ9Ts-5ERDIZ"
"leandre.lilburn@edu.tbz.ch"|"tJUCim-2AP$5&-#ZRnFn"
"bjoern.whales@edu.tbz.ch"|"F5itSm-D7rUaw-hkKSLY"
"interessant.dieton@edu.tbz.ch"|"oCY0p7-r@NzNM-Me3@Gv"
"celestine.redhills@edu.tbz.ch"|"$rVQCq-WiO%G5-JzVusa"
"tan.yakovlev@edu.tbz.ch"|"qR3$Rx-JIESqq-4bb3@g"
"regine.mcdowell@edu.tbz.ch"|"G$2ETR-J1Ontt-o9$zBZ"
"ju.coysh@edu.tbz.ch"|"qR1#B7-UmmMuK-%ll$DI"
"reserves.ofallon@edu.tbz.ch"|"WaURmA-UgRDgo-my$CD6"
"frederique.sobey@edu.tbz.ch"|"8RpKmF-vLVx7f-&X%y1J"
"marie-eve.garstang@edu.tbz.ch"|"FVNOtf-TpqWJ5-vN60sv"
"andre.tapin@edu.tbz.ch"|"sUpmex-cQoyX%-cGS2L3"
"esbjoern.eynon@edu.tbz.ch"|"xkgC$h-PTDxjk-hGhNNg"
"maella.duffy@edu.tbz.ch"|"nnBhYE-BMfxFc-eRSqWR"
"leandre.twinning@edu.tbz.ch"|"J21lV%-0dC@WS-tOavv0"
"mai.whittingham@edu.tbz.ch"|"ULHf9A-onH8PP-fLU&eB"
"rachele.shevelin@edu.tbz.ch"|"sdKbt$-mR7BJj-IuN%83"
"cecile.mcure@edu.tbz.ch"|"ke#8cp-tJps7Y-ZZU9%C"
"marie-eve.yurkevich@edu.tbz.ch"|"0k9HZU-igQwme-skvwBb"
"almerinda.paice@edu.tbz.ch"|"eRbWq0-&7zyqc-hlRvUP"
"rao.howkins@edu.tbz.ch"|"7&q3hu-iJh@Ue-e@qH6c"
"serena.pack@edu.tbz.ch"|"6lhmGM-DkXFr5-U0nD3i"
"rebecca.mant@edu.tbz.ch"|"QezpGY-Tz3qv7-knyV7E"
"reserves.spitell@edu.tbz.ch"|"JAnBDL-T#14HI-U9U03M"
"garcon.hamfleet@edu.tbz.ch"|"%N%XtR-OL9QqT-ArL2FQ"
"methode.kerkham@edu.tbz.ch"|"9BH67u-52N959-XXEfgJ"
"pelagie.camies@edu.tbz.ch"|"8Vy&oh-k6#vnF-$0kcET"
"josephine.macpharlain@edu.tbz.ch"|"o8aA5S-QAqp0&-fmYANB"
"eugenie.mathet@edu.tbz.ch"|"#S1EyR-PxO2Ox-exr2gA"
"gaetane.brangan@edu.tbz.ch"|"Vzn3wa-WWUeLo-n1CzS%"
"michele.dewbury@edu.tbz.ch"|"lQ8Hya-OO$CO2-45hUsW"
"eugenie.elcott@edu.tbz.ch"|"P7BDkl-fFzWTw-4p$B9$"
"megane.harniman@edu.tbz.ch"|"WOuB2X-zOOln9-uJG&hN"
"agnes.cluney@edu.tbz.ch"|"v3dOKA-JMY7eC-awPAX#"
"marie-helene.angear@edu.tbz.ch"|"GlSkFX-7VGIgj-&0j$#b"
"melia.dolphin@edu.tbz.ch"|"1R%kU&-c1SeAk-my6&k@"
"lois.ruseworth@edu.tbz.ch"|"xfq5SW-mRO&Ot-AxInP#"
"mailys.ryding@edu.tbz.ch"|"dAWxJA-kYgqSm-@gGveQ"
"rachele.wulfinger@edu.tbz.ch"|"pNb1#L-jFa@45-2wuWdg"
"gwenaelle.talton@edu.tbz.ch"|"hX#@Yt-MqDv85-hpEowO"
"long.ronchetti@edu.tbz.ch"|"9ktxt5-KA3Ui0-UMW32@"
"styrbjoern.kloska@edu.tbz.ch"|"ulAQ@K-p9VI#u-fqyES&"
"len.sudran@edu.tbz.ch"|"&W4brH-Rd1ycu-ARCKGc"
"maelle.andrysek@edu.tbz.ch"|"vOfXhm-hkmUHW-7E6Oz7"
"selene.senior@edu.tbz.ch"|"YTt%3&-C0uXLo-jNbOoT"
"anais.joskovitch@edu.tbz.ch"|"MZluBa-9bQ348-mH812D"
"marie-noel.dally@edu.tbz.ch"|"HzJ#w3-yIaE7K-Blgzem"
"marie-helene.laurence@edu.tbz.ch"|"yVjg5A-6K2goe-h0d7v1"
"camelia.foxon@edu.tbz.ch"|"MxDbir-65T17P-14VlDd"
"helene.cankett@edu.tbz.ch"|"Atv%4h-eQ2%VO-3Lhju@"
"marten.mitchelson@edu.tbz.ch"|"MAUo3y-@arEMd-HjE3c8"
"helena.stirtle@edu.tbz.ch"|"ebZ8pz-bWRB5N-EPK&HQ"
"leane.barmby@edu.tbz.ch"|"lDliBc-I3KPeA-lOlscs"
"goeran.ofinan@edu.tbz.ch"|"QAY26u-tMlCYn-6nX$2p"
"styrbjoern.proby@edu.tbz.ch"|"Jqb5Zg-s87tdh-h67012"
"zoe.halse@edu.tbz.ch"|"VRgpjm-St56#H-yGyRjY"
"kui.drable@edu.tbz.ch"|"DC6kQf-06US3J-216p4b"
"desiree.bamford@edu.tbz.ch"|"V&SLdg-BcYZIN-ZtlYTT"
"zoe.suller@edu.tbz.ch"|"OE30NB-un7N7c-S0GQt&"
"marylene.audiss@edu.tbz.ch"|"#542iR-hu$co4-@lsQ0W"
"adelaide.poznanski@edu.tbz.ch"|"FU8XLb-jtn#hT-vhLIHb"
"maella.coleyshaw@edu.tbz.ch"|"PceOjg-JQB3y&-Yu1SHy"
"marie-francoise.gelder@edu.tbz.ch"|"$MCAJ6-BrQgLS-Og&XW0"
"eleonore.chaffyn@edu.tbz.ch"|"C8RHxl-3smJmH-C87B3$"
"celestine.sikorsky@edu.tbz.ch"|"fNm4kv-ne#vOW-ip6mLW"
"stevina.londsdale@edu.tbz.ch"|"xlK0cK-97QQzH-p96Qqu"
"maiwenn.nevitt@edu.tbz.ch"|"4a8mBC-9MYbb3-IiAYRh"
"magdalene.gerrey@edu.tbz.ch"|"K@W@fo-O1&5ny-vWOEoZ"
"becassine.latimer@edu.tbz.ch"|"9d$Bnl-&roI@d-6S2nWE"
"da.lethibridge@edu.tbz.ch"|"0pCxzu-bIqJvQ-HTYy6O"
"mailys.claige@edu.tbz.ch"|"LSvDEU-m&Kooe-ofYv@y"
"maena.torbard@edu.tbz.ch"|"g0xCw3-sEMCs@-Qpt66P"
"solene.lyvon@edu.tbz.ch"|"9#ScS1-P1AA5O-rSaVsM"
"marie-therese.benbrick@edu.tbz.ch"|"soPl7#-0i@4Ah-E&3#mJ"
"gerald.edmonson@edu.tbz.ch"|"93j$F#-CXoZHH-MyT6je"
"ake.messruther@edu.tbz.ch"|"rpHCj4-DiVrSL-5IWJTg"
"men.gosneye@edu.tbz.ch"|"$xWxnp-a7qJS#-SxKYjj"
"anais.jefferys@edu.tbz.ch"|"Q7&v56-8YnsGv-1$RCER"
"publicite.tregale@edu.tbz.ch"|"v@xokh-s9d0kM-0w4hUx"
"maily.santorini@edu.tbz.ch"|"JHyLB@-sgykWi-%PQ0xN"
"ines.pioch@edu.tbz.ch"|"AcPFyW-Bs$1bu-HljbbM"
"noemie.marklew@edu.tbz.ch"|"$xMk@0-xBI66v-oGN%MJ"
"meghane.maccaffrey@edu.tbz.ch"|"cype6v-SoQwd2-PXAr94"
"berangere.ambrogio@edu.tbz.ch"|"BCMWdf-oE27X6-@Qab#O"
"mediamass.ryce@edu.tbz.ch"|"K5#C8@-oUspM3-Y9jGlj"
"oesten.ubank@edu.tbz.ch"|"d1kjHf-YZWA9N-GgdL#g"
"melina.mackee@edu.tbz.ch"|"%0pObH-q%4Tyb-n&$%@A"
"theresa.livezey@edu.tbz.ch"|"AG8$3b-cdvpTY-S%qBbF"
"clemence.weal@edu.tbz.ch"|"#@n$ij-KBgtZ#-chET%Q"
"faites.overton@edu.tbz.ch"|"Lk%YK8-xRkLJV-RgCMNO"
"clea.lindblad@edu.tbz.ch"|"6XfA7r-$s4wJM-ixG#iY"
"josephine.roseaman@edu.tbz.ch"|"J7xa8x-SUqQv3-wCV%T8"
"oesten.lowbridge@edu.tbz.ch"|"u@a#jl-llT8Zm-I52i94"
"marie-josee.brion@edu.tbz.ch"|"ObAe6w-FUV#AZ-&jyw#1"
"therese.basili@edu.tbz.ch"|"79NC4W-sT60pr-cLvPxO"
"melia.vertigan@edu.tbz.ch"|"GWkzQ9-G0gt2Z-ifFqfC"
"judicael.saull@edu.tbz.ch"|"NHjbIl-u3Ae#F-P9$v2&"
"selene.valentine@edu.tbz.ch"|"o#Ps0d-wnc3cX-y#VQ5S"
"verane.dunlap@edu.tbz.ch"|"3YYCJU-BFNa0X-RfCCJh"
"meline.kinnear@edu.tbz.ch"|"u&x8a@-K61FfC-BsBRNe"
"lei.luttgert@edu.tbz.ch"|"eXFQRY-MdWTmh-eYtLnD"
"styrbjoern.lathleiffure@edu.tbz.ch"|"ZZD5yB-hnl30t-$krIrz"
"marlene.blasi@edu.tbz.ch"|"FEHxOD-HunoQ%-qLiyMc"
"mai.begwell@edu.tbz.ch"|"DvM&Zs-MmC9n#-2NptlQ"
"gwenaelle.kaines@edu.tbz.ch"|"SAMVgV-98eCfD-H4uWJl"
"gerald.adamthwaite@edu.tbz.ch"|"30&RZt-k6DM&n-51f5uy"
"kui.hartfield@edu.tbz.ch"|"#T@s1x-jbmoEj-UrMty6"
"salome.currao@edu.tbz.ch"|"10pss#-eTzT0$-dGVYFO"
"angelique.tixier@edu.tbz.ch"|"$VABb1-%l6yVI-cAXImN"
"ju.mcgragh@edu.tbz.ch"|"VSoJD&-N@7TE$-abyfzD"
"dafnee.beachem@edu.tbz.ch"|"ldS0ou-zPJvtR-HT9XG6"
"creez.terlinden@edu.tbz.ch"|"1GR5i0-rFlfef-SKjB#W"
"uo.mcskeagan@edu.tbz.ch"|"3DnAC@-9gqvNZ-CeKSzE"
"edmee.mccaughren@edu.tbz.ch"|"f%Sntc-SatAPw-H6bcPK"
"asloeg.cozby@edu.tbz.ch"|"%nt@s7-$Py8BV-7$b#PS"
"melodie.traite@edu.tbz.ch"|"S3Ol00-m85DHP-52F22P"
"dorothee.aindriu@edu.tbz.ch"|"3jaVv3-G5Cnx&-o5cRgK"
"daniele.doley@edu.tbz.ch"|"gaovkt-RQgT6h-B44Gl7"
"mediamass.fairclough@edu.tbz.ch"|"62sgnr-A@nd7T-@g@Ry7"
"lorene.rainforth@edu.tbz.ch"|"#8Z8L6-qoqAZu-4vQKzK"
"leonore.eyer@edu.tbz.ch"|"kf09nV-L$2%Pw-odEov4"
"po.spillman@edu.tbz.ch"|"4Fpw%J-boy8V&-I9h&TO"
"cecilia.plitz@edu.tbz.ch"|"PWsZVb-qW7Abv-$3rXo4"
"lorene.ludlow@edu.tbz.ch"|"LQ#wxJ-Ofj52T-CUt32c"
"berangere.neligan@edu.tbz.ch"|"Nqn4Dn-LEBdSu-QxDPBs"
"simplifies.huggan@edu.tbz.ch"|"ROsUWb-N5p85R-4S0M5J"
"clelia.prandy@edu.tbz.ch"|"&j4u36-yyiBwM-KrPE@8"
"ake.osban@edu.tbz.ch"|"pe2Tf9-Byj%cg-PB9G&n"
"cunegonde.brunn@edu.tbz.ch"|"ssT@KV-Twit#H-R$k7Ud"
"long.grizard@edu.tbz.ch"|"Vz7ZY$-g21#i&-s9cWMl"
"meghane.diss@edu.tbz.ch"|"bUmgIK-DaKwP5-$j%nr3"
"therese.oldman@edu.tbz.ch"|"l%WCEp-0ZBMd%-##31#T"
"boerje.scamerdine@edu.tbz.ch"|"3lcJR6-wedskT-FTrj5f"
"du.saban@edu.tbz.ch"|"ZzDX6y-lr7Cr8-Y6a6y2"
"hakan.clynmans@edu.tbz.ch"|"v@4HS1-wA7I03-TVaGVn"
"wa.macdowal@edu.tbz.ch"|"w4AyqT-wTbSNM-ZS1ux8"
"venus.hatrey@edu.tbz.ch"|"Jf&CU0-ocqn0M-xel$D#"
"anaelle.vispo@edu.tbz.ch"|"SxOe0i-ICY2IW-3aPUBQ"
"mahelie.ollcott@edu.tbz.ch"|"RzT6ZC-M0zE5W-ZgjVnV"
"mediamass.whyman@edu.tbz.ch"|"SNvIOS-Fc#xbp-Rv9Y&p"
"esbjoern.basson@edu.tbz.ch"|"0l7sdM-MdEKcj-mImIhP"
"andrea.morrill@edu.tbz.ch"|"y4ho1e-w$MFZZ-eB&BL9"
"melys.grassi@edu.tbz.ch"|"j9W%PO-y5g$Ux-xBL@&q"
"leone.poleye@edu.tbz.ch"|"9QHA2D-4Arqd9-2@5E0N"
"francoise.penny@edu.tbz.ch"|"mWZNkM-QQw6E8-0Jrdqq"
"rebecca.edney@edu.tbz.ch"|"A2Kr3t-cIwjsq-Hx2C@b"
"adelaide.murtagh@edu.tbz.ch"|"s8VN7D-ucqKzd-T8ZqYV"
"stevina.winterbourne@edu.tbz.ch"|"Cf0UFk-B#IZ7@-xij5MZ"
"ma.cottom@edu.tbz.ch"|"Xf3ES4-75IK6y-9DxZdH"
"tan.harold@edu.tbz.ch"|"DPWufA-wXNFRo-YKgIRK"
"venus.forte@edu.tbz.ch"|"D&cVkx-82IKAA-#WFMoQ"
"almerinda.oluney@edu.tbz.ch"|"LU$Ap@-4eEjbp-LI#@qH"
"cleopatre.brehault@edu.tbz.ch"|"u4OiV6-v$3psI-FWzTzU"
"interessant.lapides@edu.tbz.ch"|"OC7jFh-A$&Npb-as@fik"
"reserves.hallatt@edu.tbz.ch"|"N8AijO-8iwOvV-ynE1R3"
"annotes.birdwhistle@edu.tbz.ch"|"ZR78Ql-K37X11-CmFhm4"
"ai.dredge@edu.tbz.ch"|"SuDp5B-d#2Z6D-KZiruA"
"megane.mussard@edu.tbz.ch"|"qRDmsf-swbRas-WRjFqD"
"esbjoern.gowrich@edu.tbz.ch"|"VqLhN5-X%pm&q-kCvbCA"
"boerje.brislawn@edu.tbz.ch"|"wsSXfL-7&bPDq-gR7UoG"
"becassine.wilce@edu.tbz.ch"|"ht0FZY-Q#QVT8-IDzRe0"
"personnalisee.oels@edu.tbz.ch"|"i9LISB-5yaL&m-e0@XqV"
"verane.pett@edu.tbz.ch"|"GbcEWU-Orc4ro-WJ@lpu"
"marylene.glewe@edu.tbz.ch"|"w1z@4&-rbnm@7-9%%rRC"
"lai.elson@edu.tbz.ch"|"iQDacO-yESANy-02Cl7%"
"serena.difranceschi@edu.tbz.ch"|"GCpnuB-92k&x5-nrwS3o"
"lie.espinel@edu.tbz.ch"|"e&TzaG-MwoVN%-zJGfnV"
"marylene.fantini@edu.tbz.ch"|"#8hfAh-vAbFUz-iYvg%C"
"andre.archdeckne@edu.tbz.ch"|"l6wt5b-emJUFH-ljdHHG"
"goeran.bohlingolsen@edu.tbz.ch"|"PHc1wG-iDz#J3-LnX9gH"
"cunegonde.heffer@edu.tbz.ch"|"24wXxQ-8%#hiT-RTsqCO"
"tan.fechnie@edu.tbz.ch"|"18iwWt-qLxt0j-@ttCXQ"
"marie-noel.brammar@edu.tbz.ch"|"gi4cIu-#Cr%NH-#PvMeD"
"simplifies.aven@edu.tbz.ch"|"Yiy$9U-3FygXE-rVtU5L"
"melys.pinchen@edu.tbz.ch"|"qaq%8S-UwZ9kA-4BX3Jb"
"edmee.joyner@edu.tbz.ch"|"OOPmqf-#Cos$G-SIK0ea"
"berengere.edess@edu.tbz.ch"|"GxjC26-VqGu#m-QTU7xu"
"marie-noel.goward@edu.tbz.ch"|"g5xWW1-aOJZYF-uvpdPA"
"ju.edmons@edu.tbz.ch"|"LhTtMy-4FDuNs-DtIfgk"
"frederique.airds@edu.tbz.ch"|"BLpNfG-rThBAS-&APXMw"
"reserves.dauby@edu.tbz.ch"|"0Lu$Up-5x&AVy-RwOTgE"
"hakan.gynni@edu.tbz.ch"|"OpG9G1-kdjDee-8KmcUK"
"leonore.pinwill@edu.tbz.ch"|"HwqouT-o8ibdI-tHlYaE"
"marie-eve.mcallan@edu.tbz.ch"|"C#mxRW-ow2qQH-tVtfMV"
"naelle.yeabsley@edu.tbz.ch"|"FM$oxd-CMmWer-hj@Me2"
"nelie.jacobovitz@edu.tbz.ch"|"NyTB1n-cdFlVD-Yy2wlj"
"adele.conelly@edu.tbz.ch"|"dT2MIE-VZ$B64-OVwJzm"
"clementine.dondon@edu.tbz.ch"|"RBokv0-SfIV&8-Int$6K"
"zhi.willcot@edu.tbz.ch"|"fnnnpT-ZGY#DN-#GXYD@"
"chloe.janicki@edu.tbz.ch"|"gfUjsC-&SegH8-9WKqRi"
"meng.linde@edu.tbz.ch"|"qXUHUs-t0EVXz-SkpcND"
"celine.janisson@edu.tbz.ch"|"mHAR@a-9uV0lm-9$Z9f#"
"clelia.crow@edu.tbz.ch"|"guWDwq-SfQ06o-H3SfB6"
"cecile.pyott@edu.tbz.ch"|"dv@y5z-A1&Bf6-kZdgg3"
"ma.fidelus@edu.tbz.ch"|"q2nERU-NvP&uQ-Db2mp1"
"marie-helene.poore@edu.tbz.ch"|"IuFYPB-wG2sRd-ecYi3Z"
"elies.blanket@edu.tbz.ch"|"yDAzZ2-7F#LW$-Zw724A"
"yu.boyer@edu.tbz.ch"|"vMdTJQ-57CtIK-EDod%Q"
"celia.welds@edu.tbz.ch"|"PHc%7&-P7uY#A-Jm4BWn"
"du.gunney@edu.tbz.ch"|"RTgExT-CM7Gqn-DkA4WI"
"goerel.crush@edu.tbz.ch"|"owGDmQ-kc6ZfT-r@SHQG"
"marie-josee.brosius@edu.tbz.ch"|"Yn@#Pa-Z0Imj8-1G$zqx"
"camelia.adds@edu.tbz.ch"|"uTdA4d-3lEFZG-$437Up"
"anae.irwin@edu.tbz.ch"|"522Xc3-wLJfrk-JRP1nh"
"cleopatre.skeffington@edu.tbz.ch"|"P4PeXG-f%55v#-r6hG1f"
"gerald.suggate@edu.tbz.ch"|"%1CkC@-DWyeoS-rozZ3o"
"laurene.tailour@edu.tbz.ch"|"exlX3O-4$QLSZ-@3X8Nr"
"amelie.hoble@edu.tbz.ch"|"$7Iquz-Th8BcR-&6BZ1d"
"venus.getch@edu.tbz.ch"|"sY747E-S9LVaU-5fEKE6"
"renee.treby@edu.tbz.ch"|"Jp$4zT-AMAtzD-YdGSTY"
"almerinda.stait@edu.tbz.ch"|"bGCChJ-PP6uQ$-u7XunB"
"andree.reddecliffe@edu.tbz.ch"|"B4bzU9-Jsr$UV-MIPaM3"
"leone.wintle@edu.tbz.ch"|"0sC6LM-RLONxa-vv9jhd"
"gerald.fellow@edu.tbz.ch"|"QrYyr$-lk0n@8-r43edy"
"ju.gudger@edu.tbz.ch"|"3vxqFq-ZI12RR-T7ZMGZ"
"meng.ohaire@edu.tbz.ch"|"7xym8C-b6orx9-dwuSCu"
"cleopatre.missington@edu.tbz.ch"|"U3lEZD-h3oR50-xZ7zjb"
"annotes.debruyn@edu.tbz.ch"|"F0w%#D-zG8Al&-otHt#r"
"gerald.sinisbury@edu.tbz.ch"|"VZ&ouc-4Xo6EJ-8$LC5A"
"creez.slora@edu.tbz.ch"|"MOUuQ9-JvgrNu-g9$jk5"
"gisele.benbow@edu.tbz.ch"|"7QOf7A-8ho9z7-dgldYv"
"pal.dossit@edu.tbz.ch"|"ci1Q1L-H#qV@5-k9MwXE"
"nelie.stirrip@edu.tbz.ch"|"YmV77%-zL&ml0-$FTuqR"
"alois.ocrigane@edu.tbz.ch"|"zUFrGv-yL%gjz-oEQZ9a"
"kui.mcterry@edu.tbz.ch"|"LiHKqv-wrb&mO-14FmYu"
"long.willgoss@edu.tbz.ch"|"bkWgjQ-krHNFv-t8GsaR"
"francoise.sumpner@edu.tbz.ch"|"7RIM#h-jNwF8F-RDWpGr"
"maely.grinstead@edu.tbz.ch"|"do%J7R-DWIkOR-sPr4j#"
"creez.langeren@edu.tbz.ch"|"dOqN8L-%U#02d-gObWJX"
"adele.dungate@edu.tbz.ch"|"wwqATT-W7gOeM-Ilelb7"
"cleopatre.noirel@edu.tbz.ch"|"75VeLb-OKvv8&-6A$W1t"
"interessant.daverin@edu.tbz.ch"|"4g82s@-#Q1Iy$-WC2mMP"
"naeva.kalderon@edu.tbz.ch"|"kPuOlg-Wv$Awi-VFr0Lb"
"anais.oshesnan@edu.tbz.ch"|"Qfe%pQ-5SOFaZ-fL3K0e"
"judicael.anelay@edu.tbz.ch"|"tyDsTS-ScZuWS-4j#wgY"
"eloise.braxton@edu.tbz.ch"|"RZ7Lru-O%n8uW-jLoTEP"
"desiree.greguol@edu.tbz.ch"|"4J%D#M-iUuFTU-j&E@s5"
"maite.mcclenaghan@edu.tbz.ch"|"f9&leY-Jnl$$8-BpEMvz"
"meng.doret@edu.tbz.ch"|"zS@2jF-g3kCW7-iue%9M"
"frederique.chippendale@edu.tbz.ch"|"v%yiRw-f#W424-J#iE2Z"
"andreanne.lanney@edu.tbz.ch"|"r9Hwaf-S0QRmd-n9sKAz"
"aurelie.claus@edu.tbz.ch"|"aAChoW-XM9tw3-SAnoUT"
"renee.pabel@edu.tbz.ch"|"yMKjiF-#LdA#4-91ehuF"
"maena.roust@edu.tbz.ch"|"USzvb8-TSIa21-ZACMw1"
"nadege.carwithim@edu.tbz.ch"|"AsCVUR-Hze@QP-vbncj2"
"solene.geyton@edu.tbz.ch"|"bTWsYH-yKwCGI-Cz#yZT"
"dafnee.avraham@edu.tbz.ch"|"lS7ptW-PCZI6h-#bpCG#"
"leane.woolvin@edu.tbz.ch"|"mBzoA5-Lis6kv-Ss6JK&"
"adele.macadie@edu.tbz.ch"|"OX%GXS-8KMGbo-Cjvk$m"
"meline.rubica@edu.tbz.ch"|"@wG%w2-W8dbCg-mTb%w1"
"marie-noel.speeding@edu.tbz.ch"|"TYpjne-dNXdK5-URlvFd"
"nelie.mix@edu.tbz.ch"|"zlr0kd-wM8T$T-z1hVGr"
"clea.ollett@edu.tbz.ch"|"Vo3fJk-U7miuh-wjFT6K"
"leandre.mcgavin@edu.tbz.ch"|"3Ds9jb-Bv$aOx-Arlo1j"
"cecile.behne@edu.tbz.ch"|"7I&0iK-bxxsg5-$pUvW%"
"melanie.polle@edu.tbz.ch"|"FFh$cv-SBUe#8-cJeZFO"
"marie-josee.titmuss@edu.tbz.ch"|"YrpayB-AEqsJP-l69h5U"
"helena.guest@edu.tbz.ch"|"KpQ5G$-6o2aoq-b0Pprf"
"annotes.chicchetto@edu.tbz.ch"|"OUxemj-$4e4RJ-tRWXFg"
"melia.tubb@edu.tbz.ch"|"B$T0aw-kAo1bt-UvY7qR"
"angelique.casetti@edu.tbz.ch"|"fS&Vm%-eVmZhE-8b7ce&"
"cunegonde.cleall@edu.tbz.ch"|"WXA@G0-Xn4FSG-D67&HC"
"camelia.oaker@edu.tbz.ch"|"3$&jq@-sQfTlO-ypG9EV"
"you.searight@edu.tbz.ch"|"TYR7D8-3y@HcL-zTd76Q"
"kevina.dederick@edu.tbz.ch"|"uLsSwe-tC%&H#-TvG$jp"
"milena.jeffrey@edu.tbz.ch"|"vY1wON-8eL4vH-QG1#Ti"
"melodie.barkshire@edu.tbz.ch"|"FHUO4X-eyX$ml-Atmouw"
"gaelle.kreutzer@edu.tbz.ch"|"d4KVvz-o@OkWL-Gb4BYj"
"kalliste.kleinpeltz@edu.tbz.ch"|"12@ZV2-Hckcxz-FV1Mz9"
"clementine.danat@edu.tbz.ch"|"Qzx6g@-FKR4p@-cik4RM"
"andrea.wabb@edu.tbz.ch"|"&fK5Wf-Xpz6Ci-nTsy8O"
"geraldine.piesold@edu.tbz.ch"|"bgfK5e-0VM3XP-dFp&%M"
"tan.fiveash@edu.tbz.ch"|"L8n9Yx-nkjUq3-XIGczA"
"meline.yuranovev@edu.tbz.ch"|"XQTewW-urZXSc-1fJGZW"
"therese.holme@edu.tbz.ch"|"zhRDwN-aV%EPt-kUuQm4"
"salome.vaney@edu.tbz.ch"|"%RMAkE-I64Qkp-bqVa2w"
"anae.abramson@edu.tbz.ch"|"I%AtCr-OPk6jg-2tut&i"
"kalliste.jimson@edu.tbz.ch"|"1cle93-dwk#kB-8&77dr"
"selene.yole@edu.tbz.ch"|"CakNuD-#dQCXR-c0g17q"
"agnes.defraine@edu.tbz.ch"|"T1vPSK-FwDT1a-w0SaDf"
"faites.mccluin@edu.tbz.ch"|"OxYo3Y-vlLMqU-o76ark"
"athena.deme@edu.tbz.ch"|"eO6e6A-7&FxIX-TfubIO"
"daphnee.brigstock@edu.tbz.ch"|"xf@vee-xEU2#i-LGetAG"
"goesta.skaif@edu.tbz.ch"|"L54ygB-E38RFr-icVUVp"
"oceane.jagoe@edu.tbz.ch"|"w39uxo-UhPtjF-6ER1rx"
"annotes.broomhall@edu.tbz.ch"|"BkYIqq-%ZW72R-H0lNBx"
"marie-eve.ballendine@edu.tbz.ch"|"sg5p#L-jBuBTP-u%I8Cn"
"melina.spykings@edu.tbz.ch"|"6%lYWE-2RejaK-y0mlfw"
"laurene.ticehurst@edu.tbz.ch"|"4P08fp-p0AdNe-k#1$C7"
"fei.avramovic@edu.tbz.ch"|"UnDKU8-50c$1f-YF#rf@"
"publicite.strathearn@edu.tbz.ch"|"TadYtS-Qn5Sjd-6fUZol"
"torbjoern.garrow@edu.tbz.ch"|"%Xh@@a-dxo#Xj-uzyJy$"
"chloe.rubinsztein@edu.tbz.ch"|"AY6JRj-gsbvN7-gBX$i@"
"mylene.demanche@edu.tbz.ch"|"W6aI@n-AeRa6q-iyvu@L"
"mediamass.godlonton@edu.tbz.ch"|"Zgy9S2-Gk9i0L-qSiIJY"
"renee.shurrocks@edu.tbz.ch"|"b0h4IF-OVhI4L-WQPH4V"
"maiwenn.jedras@edu.tbz.ch"|"I%#Xl2-cbtVhh-EwEWVh"
"genevieve.castells@edu.tbz.ch"|"7d6WoV-JAu8Wk-rp@RXU"
"renee.sneden@edu.tbz.ch"|"7tDtb2-lVlH3o-qQ@R0z"
"lai.mccallion@edu.tbz.ch"|"#9FQsy-L@03ZJ-dDHqnv"
"kevina.impleton@edu.tbz.ch"|"2lmRZQ-2TbKUn-yans#N"
"oesten.fresson@edu.tbz.ch"|"xLIiyt-C&GGZC-nu1tBm"
"verane.shawley@edu.tbz.ch"|"LtzlM9-d%YXGv-0Vds2Z"
"uo.sjostrom@edu.tbz.ch"|"@N8L#a-htTOBh-2liU&X"
"gisele.gothup@edu.tbz.ch"|"3oXmT1-ZuiP$4-Km6V#4"
"renee.beauman@edu.tbz.ch"|"YhmlqH-FZiBam-qzzTDS"
"elies.loton@edu.tbz.ch"|"mcbL%O-XUea%D-3oE8C5"
"valerie.elsmore@edu.tbz.ch"|"%DRmN@-Y7wfWD-SNeWPb"
"berangere.delafeld@edu.tbz.ch"|"QQLr6@-EYebI5-x@$bG1"
"bjoern.schimke@edu.tbz.ch"|"8S$M8W-VGjmPX-deU5ot"
"loic.ericssen@edu.tbz.ch"|"#vuCLr-@1L9Ri-5GU7P$"
"creez.richarz@edu.tbz.ch"|"m3$GFd-$EOAsT-ywZ1pk"
"athena.grocott@edu.tbz.ch"|"GSyB7c-o2uObS-7mV2gU"
"naelle.piotr@edu.tbz.ch"|"o%HK9O-e83Hl3-Wgm2Tx"
"maella.paulson@edu.tbz.ch"|"8w09nG-eSfwVb-QszLFZ"
"song.perot@edu.tbz.ch"|"BOazF%-9g95eU-opvkoE"
"kalliste.heckney@edu.tbz.ch"|"#OG0YV-71Nyju-H#E4ex"
"ake.vasyutkin@edu.tbz.ch"|"F3Lpd0-L3M&pq-gLHZTA"
"ma.castles@edu.tbz.ch"|"%pbEJm-ByBrRl-oDlHft"
"maely.monget@edu.tbz.ch"|"U9eA#D-3y0s6Y-iirNQK"
"tang.durbridge@edu.tbz.ch"|"tL#WrS-Y9MwAM-Cja55@"
"laurene.andrew@edu.tbz.ch"|"7V3GJT-fOh%2e-sPBwt2"
"lysea.beacon@edu.tbz.ch"|"S0GcVn-CBRg%F-#FRbvQ"
"leandre.peyntue@edu.tbz.ch"|"3l8r%r-whPEHP-5Ibpg7"
"rao.trever@edu.tbz.ch"|"SQaDKj-T$Ap3v-Sj3ALf"
"mahelie.streader@edu.tbz.ch"|"VcuBZ1-R50g6x-cJZnJv"
"maerta.andrejevic@edu.tbz.ch"|"g6%mSv-POUmMk-zWd15v"
"goesta.tompkins@edu.tbz.ch"|"WuNf%r-Wh8Jhw-ZxQZCe"
"helena.agates@edu.tbz.ch"|"GsuM1Q-ewNUo3-OGupZ9"
"therese.glass@edu.tbz.ch"|"Bd$MH6-CXSSFo-LB2SZ0"
"alois.foan@edu.tbz.ch"|"NOCMXL-Le77Yp-ETfOV5"
"becassine.melchior@edu.tbz.ch"|"YSUNrq-%&gktP-9qTP&C"
"cloe.robart@edu.tbz.ch"|"VFCmD#-aP9wh&-pK6BfN"
"daniele.puckinghorne@edu.tbz.ch"|"wIitE%-DD8DZB-DIYrWQ"
"selene.cammidge@edu.tbz.ch"|"BsGTCa-Q&wsAA-1@pZ1P"
"regine.conochie@edu.tbz.ch"|"XMHqJ&-0HUBkO-lPh#OL"
"interessant.tuiller@edu.tbz.ch"|"J5nHTP-RQ6qvx-bXyRn6"
"long.tiebe@edu.tbz.ch"|"Gn6zwJ-jJhsJG-AcRgY%"
"mans.yele@edu.tbz.ch"|"STMSaH-NYhPjy-fZ%Rj1"
"ai.giles@edu.tbz.ch"|"djq#M%-gq01bP-0Ymi2I"
"gaetane.hamberston@edu.tbz.ch"|"JF9h$S-hW70yk-86&RLO"
"marylene.fenix@edu.tbz.ch"|"lOE#X4-qHC7DW-jAZE5X"
"geraldine.graeme@edu.tbz.ch"|"W12Doo-4jgSwB-dLVtNy"
"tang.kinglake@edu.tbz.ch"|"7ohjaY-glnbdJ-JGd#ti"
"lai.challoner@edu.tbz.ch"|"plKsd1-d&bi6X-U3l8$G"
"desiree.mattei@edu.tbz.ch"|"Y@J9uY-y@H3wF-NnZws4"
"ake.erley@edu.tbz.ch"|"MzNvaR-hsfvFu-GTE#C%"
"edmee.cavil@edu.tbz.ch"|"NyveEJ-uHH5vH-QRhNjn"
"alois.moyes@edu.tbz.ch"|"ajPi3#-tYpStf-e$NY$t"
"becassine.pitman@edu.tbz.ch"|"Nt4S2z-wi$Ii6-KxBGZO"
"ai.giacovelli@edu.tbz.ch"|"7kfnVE-I0eKz5-#J22kc"
"judicael.fruchter@edu.tbz.ch"|"ISa8de-wl@dBb-bps8@s"
"mans.mogg@edu.tbz.ch"|"Z4DTYW-HWgD8u-g63nlx"
"gerald.foyle@edu.tbz.ch"|"@P%vs1-hMLLnL-cR4M@X"
"wa.androletti@edu.tbz.ch"|"du25Kg-%PeTS%-$64UeJ"
"meng.ollett@edu.tbz.ch"|"bgF0af-fehEng-AeFhTM"
"naelle.macmenamy@edu.tbz.ch"|"$S7FEg-Jb3W@5-XimlJF"
"gisele.mcramsey@edu.tbz.ch"|"aBGKUc-vMzjqg-%dM$@&"
"meryl.scolts@edu.tbz.ch"|"aYZaX&-qV7n$6-iqMQAu"
"celia.bloxsome@edu.tbz.ch"|"K68Beu-mMpXGa-Y%NOQ6"
"styrbjoern.stuke@edu.tbz.ch"|"VMMYdD-FXNF%N-A35S%W"
"felicie.gwilliam@edu.tbz.ch"|"#ynFDp-qgqZBP-uay4aS"
"da.harms@edu.tbz.ch"|"i5Psqs-sDTL3P-4qoU7d"
"celestine.baulk@edu.tbz.ch"|"jzJQ1u-WMp$nC-fkFTwm"
"mahelie.blackledge@edu.tbz.ch"|"ZQ0bft-9tRMlj-UdTTdA"
"meghane.salt@edu.tbz.ch"|"wzr%LU-6ER4Pu-OXEmj7"
"methode.paxeford@edu.tbz.ch"|"wy%$Y5-0HQ7Nh-WskH7U"
"asloeg.milligan@edu.tbz.ch"|"LdO1G&-KgevvN-8an&Hu"
"you.pellman@edu.tbz.ch"|"RqOiJ4-v2vXJQ-&Ck5n9"
"loic.regenhardt@edu.tbz.ch"|"oqpNEJ-8d#GB0-@AHT9x"
"daniele.savill@edu.tbz.ch"|"m@Z4Vv-FP2YvT-rubFV%"
"alois.cornu@edu.tbz.ch"|"B0&P@&-ptNN3W-L#INpN"
"oesten.govey@edu.tbz.ch"|"xTsVyp-GE5%Ap-mVUl#t"
"marie-eve.louch@edu.tbz.ch"|"ggntZB-Gp4GCQ-tQ6Yzz"
"theresa.wenn@edu.tbz.ch"|"Gg5w%J-9&qsT#-PCD2Xg"
"andree.eul@edu.tbz.ch"|"a#JjiB-0zC5d9-Fs4Tx3"
"lie.paynton@edu.tbz.ch"|"2Itx%A-D4DxP6-tyFhSW"
"marie-eve.girodier@edu.tbz.ch"|"P9JnoP-QC82wx-0ErN&y"
"marie-noel.smithe@edu.tbz.ch"|"MO5jhA-wrs9Wh-GoqRsw"
"men.bootyman@edu.tbz.ch"|"vLGDBf-WeZQSu-&mbFFK"
"ku.sugg@edu.tbz.ch"|"X8$2yJ-9osfOQ-CQZy8T"
"lucrece.roseman@edu.tbz.ch"|"mhQ@GC-jE2TXJ-nV437m"
"zoe.annear@edu.tbz.ch"|"R6aOnJ-llyTjk-B53Qm9"
"marie-helene.rennebach@edu.tbz.ch"|"l3qu43-f65HIy-40OKCR"
"lea.djurdjevic@edu.tbz.ch"|"vc7PlP-%#efVD-FZCxPd"
"goerel.robert@edu.tbz.ch"|"j8GRW0-1IVIhT-eYhcON"
"mylene.foldes@edu.tbz.ch"|"Dudy1r-a&7zzZ-5GO0P@"
"faites.clegg@edu.tbz.ch"|"zByUVu-JC1ydq-NU@#Ez"
"marylene.crowcher@edu.tbz.ch"|"Uq2VtZ-SMox35-VlBPY@"
"aimee.wimpeney@edu.tbz.ch"|"JTVZRK-4%8$9q-8YkUh&"
"renee.atkins@edu.tbz.ch"|"h41$v5-2SKsMd-&tgYhw"
"rejane.cainey@edu.tbz.ch"|"HqfZXY-RtIj7P-j&ITAN"
"solene.britney@edu.tbz.ch"|"noe&w0-1ZIjjE-db@j0G"
"marten.shatliffe@edu.tbz.ch"|"mVVazn-Hdfsvx-iCLMEd"
"maite.issatt@edu.tbz.ch"|"i1cr@h-JEHwO1-PCGnjY"
"maelyss.edon@edu.tbz.ch"|"89jjlE-aIRF7X-kYzUTd"
"nuo.bamling@edu.tbz.ch"|"pzYpy&-nFxfRN-IiYzne"
"anais.edards@edu.tbz.ch"|"CC0n8P-ICSo3F-mdwrSQ"
"mediamass.bromet@edu.tbz.ch"|"DZQEC1-Dh@O2t-ETEkhv"
"beatrice.kimbrey@edu.tbz.ch"|"mOicgf-QV5V8Z-UEkrP3"
"ines.lawranson@edu.tbz.ch"|"S%xGhy-KAo05f-Ae#7jb"
"kalliste.scandroot@edu.tbz.ch"|"ldSXAQ-KZ%29H-7f7&DQ"
"mans.barrowcliffe@edu.tbz.ch"|"XggVxH-qkFg7h-e9DnY&"
"irene.couves@edu.tbz.ch"|"dzEgNp-8M8si3-IgS0Y&"
"milena.mucci@edu.tbz.ch"|"TkLXEC-ZLIvIX-Zynu7g"
"naeva.cow@edu.tbz.ch"|"cOJiD$-Cks7Su-k9EjGq"
"audreanne.mournian@edu.tbz.ch"|"p6tyb@-YOlxfn-lquXWE"
"melia.sinnatt@edu.tbz.ch"|"hlw4ke-oGIiTc-QCXl9L"
"nelie.burnard@edu.tbz.ch"|"ujjBzK-h#zsEE-skN&aQ"
"clelia.ashfull@edu.tbz.ch"|"nL8ZVi-dtpNoB-auh$8N"
"lie.macard@edu.tbz.ch"|"OBVB1q-NKtsHm-K5f$#v"
"valerie.matoshin@edu.tbz.ch"|"&w43Ms-a1aaQT-HotRDD"
"anael.hatherleigh@edu.tbz.ch"|"RCRqU8-OG61%L-$pofiD"
"interessant.warratt@edu.tbz.ch"|"EIMkPJ-m3w35c-fTGq42"
"eleonore.volage@edu.tbz.ch"|"2W9gpF-VeQk#w-am2uNP"
"zoe.stebbing@edu.tbz.ch"|"afSHf3-7wWAw8-rcnK#S"
"alizee.nye@edu.tbz.ch"|"ySR6CK-XqpKom-jOj8xB"
"celestine.bramley@edu.tbz.ch"|"x3KmCE-h4V&0V-NtQQQJ"
"selene.philcott@edu.tbz.ch"|"VckcIX-GW$SlP-empsvv"
"tang.newens@edu.tbz.ch"|"eq8pb5-im#bGO-#9pCJ$"
"annotes.powys@edu.tbz.ch"|"UInNxc-#il&8Y-9BE9h5"
"lea.matthesius@edu.tbz.ch"|"VTxqaZ-wswa9X-egK5Qh"
"illustree.garlett@edu.tbz.ch"|"riM0p0-Z@3zRS-lF37ns"
"maiwenn.meachem@edu.tbz.ch"|"1bMz4N-AhRCg2-GdRPC9"
"marie-francoise.mcbrady@edu.tbz.ch"|"nt1Nmt-wEVqpr-1RCSd9"
"illustree.gimbart@edu.tbz.ch"|"cMf2Z@-LT#dbi-LLF3jN"
"melys.lyosik@edu.tbz.ch"|"EZ@hDw-kVeFGi-l2Otlp"
"marylene.mcnab@edu.tbz.ch"|"%q$#Nr-J&L#Ak-vwpBS@"
"gerald.blount@edu.tbz.ch"|"o&u##n-rhhMWM-p3nIwN"
"clelia.shakelade@edu.tbz.ch"|"UhIDxK-HxXOw@-N54zbD"
"penelope.cridlin@edu.tbz.ch"|"c75ebj-sBVb&m-xKzZR6"
"maena.okuddyhy@edu.tbz.ch"|"9eWEbc-VDM3yP-Y%rhQT"
"athena.keynd@edu.tbz.ch"|"mvLIs7-wxqyhJ-3FMwHK"
"cloe.dwine@edu.tbz.ch"|"A3#6iI-ohr9i0-t6FvnT"
"josephine.browett@edu.tbz.ch"|"q&B0@j-h#aYL6-vhCQVY"
"audreanne.oscanlon@edu.tbz.ch"|"RkT@P%-1tQFEQ-KqK1MM"
"fei.jeanequin@edu.tbz.ch"|"nXEfTw-OHsxXe-Fl2Y@N"
"lois.gormally@edu.tbz.ch"|"fl3tHy-2Or23W-p8Ltfn"
"marie-francoise.finnigan@edu.tbz.ch"|"$Vi&VU-qmANWT-hiK4gh"
"leonore.trussman@edu.tbz.ch"|"h#9lvw-FccvHX-NQN4LQ"
"anaelle.trumper@edu.tbz.ch"|"@wzNMh-wOtJ4t-jiY3uE"
"clemence.dionis@edu.tbz.ch"|"kT&S#%-4AtrLN-g$%O6U"
"lois.tranmer@edu.tbz.ch"|"T#7Y#y-PZ8T6X-fJ6y&O"
"interessant.volett@edu.tbz.ch"|"tJESE9-YuX$PV-QY8ZHr"
"personnalisee.deackes@edu.tbz.ch"|"l%08fV-GSZ&DC-rtIqFh"
"lie.vasiliu@edu.tbz.ch"|"LVkKQY-CB$kzj-xgkwB@"
"dafnee.lamputt@edu.tbz.ch"|"g&sNSf-MiIZYT-zcpcfL"
"elies.bromige@edu.tbz.ch"|"rboQ5a-7v4F6D-9HlVNG"
"helena.klosser@edu.tbz.ch"|"rM8Ed6-0bw&q2-Kvpbu5"
"andree.grim@edu.tbz.ch"|"diMLQy-pecBNE-j@iXvU"
"verane.coldbath@edu.tbz.ch"|"Uet8nN-WE#Ldy-kGdq8b"
"helena.bethell@edu.tbz.ch"|"ACjOXO-EfmLkR-58Bwb5"
"kalliste.carefull@edu.tbz.ch"|"jR&2$l-bpM9tL-ATn#DD"
"regine.odams@edu.tbz.ch"|"3Vu93P-oUmJe3-8RLxlO"
"len.stannus@edu.tbz.ch"|"6YrDYx-1t69ql-fnQ9dv"
"angelique.works@edu.tbz.ch"|"lQpmR4-vVxqLS-pQnxI0"
"goesta.rheaume@edu.tbz.ch"|"x@fRXC-@WjVCE-Zd0tJv"
"maelys.tynnan@edu.tbz.ch"|"wFw&JT-4rqpwx-h7eZkP"
"maelle.carlesi@edu.tbz.ch"|"3QeJtD-lhivsm-PYhWS1"
"anael.spurden@edu.tbz.ch"|"wuVIeM-6G9rcF-zCoRI$"
"helene.pumfrett@edu.tbz.ch"|"ALDljS-OiF0hB-tVBhZB"
"goerel.pearn@edu.tbz.ch"|"uMOBWQ-jAREqS-JlgroL"
"laurelie.dezamora@edu.tbz.ch"|"9h1HvW-A5ieAN-eo$E0b"
"yao.twidale@edu.tbz.ch"|"WzuT5x-k2cX#E-11Z6pl"
"berengere.sola@edu.tbz.ch"|"XykeXS-o5CozM-MUpGFN"
"maelann.hardistry@edu.tbz.ch"|"stNck7-jxis5A-F$O5&6"
"severine.littlefield@edu.tbz.ch"|"6kNPET-bLSYGm-xkRZrp"
"salome.heinl@edu.tbz.ch"|"q2ZxhC-%Kq#KE-Jke@z#"
"meryl.warbey@edu.tbz.ch"|"0GO&sq-mrKDXf-u9LarA"
"da.hunstone@edu.tbz.ch"|"2#NqIO-c$hSS4-gQN66j"
"venus.broadbury@edu.tbz.ch"|"zmhyFw-uWC5Vk-wty#1b"
"meghane.rentelll@edu.tbz.ch"|"eFnU3L-mP8Jxu-ZotQV&"
"marylene.drewitt@edu.tbz.ch"|"lk821@-RJxK8Y-&jqS4a"
"melinda.jacquemet@edu.tbz.ch"|"N#i%6s-qw0LdN-mPRhyF"
"marie-josee.keyden@edu.tbz.ch"|"M3uZbA-Bu#z23-CTLSxv"
"asloeg.montacute@edu.tbz.ch"|"fx95Lb-6amD13-KmxnQf"
"ku.andreou@edu.tbz.ch"|"W4TeB6-mV2Obm-9m&cQx"
"personnalisee.feaveer@edu.tbz.ch"|"1sj37R-mJ6xcp-5fQbVv"
"laila.emptage@edu.tbz.ch"|"jJYDEx-8TkIr4-B@oeRB"
"bjoern.dawdry@edu.tbz.ch"|"f%A$6z-CnJcXS-rPGHgd"
"marie-eve.dinsell@edu.tbz.ch"|"4PfAJQ-mAskAY-cdFzxY"
"helene.follett@edu.tbz.ch"|"TMBQqU-e1beQg-%zCR6F"
"penelope.cordero@edu.tbz.ch"|"#SAoOe-cw81FF-3FwR1Z"
"boerje.beedell@edu.tbz.ch"|"aIKhsh-oQk@Px-rea3EW"
"nelie.ferne@edu.tbz.ch"|"ikq$M@-zafI1b-$NvT&3"
"celine.ahmed@edu.tbz.ch"|"uN1Dha-G#BzFy-WX7JoA"
"stevina.pimblett@edu.tbz.ch"|"of2ZAS-gx63YZ-JF6pgn"
"chloe.langlands@edu.tbz.ch"|"rn3C@W-QvDeva-&Q#Gt&"
"simplifies.maude@edu.tbz.ch"|"rHzRuQ-@N%thv-phe01G"
"genevieve.decarteret@edu.tbz.ch"|"2dgkID-@1B18P-yI4h%l"
"marylene.mughal@edu.tbz.ch"|"KApwEV-O&VX4n-qXM5tf"
"goeran.guttridge@edu.tbz.ch"|"QaUd@T-2lglDX-YtQn5H"
"michele.smurfitt@edu.tbz.ch"|"9xwZ6B-fgCtpG-RjRkox"
"methode.hadeke@edu.tbz.ch"|"fuF7H#-k&VvQV-$uacwV"
"therese.rispine@edu.tbz.ch"|"sy8b%z-DfL7vu-huvB%k"
"goerel.plumley@edu.tbz.ch"|"lKF$EA-blvaz$-IH3Yj6"
"oceane.friett@edu.tbz.ch"|"qi00af-AqN&$G-UW%#7&"
"marie-noel.achromov@edu.tbz.ch"|"OfWAKc-TsT41w-X#GxwV"
"dorothee.storek@edu.tbz.ch"|"rF89F7-eTA4HB-wO9Vfd"
"goesta.whittle@edu.tbz.ch"|"6pdRVH-ni2Jly-g7IUfk"
"desiree.casely@edu.tbz.ch"|"#kbBy7-B$TOGl-0Mm249"
"felicie.condon@edu.tbz.ch"|"A#yW1L-leZJ4l-RJUyxH"
"maelyss.frisdick@edu.tbz.ch"|"mlP3xi-yxQkZA-r1nfw3"
"aimee.banke@edu.tbz.ch"|"LY%qNK-rZ$3HD-9CQTdn"
"naeva.hodcroft@edu.tbz.ch"|"6cQt0c-mnA$jE-6pGifw"
"laila.gerrans@edu.tbz.ch"|"w$2j#M-YppG3V-9@Bkw1"
"daniele.scrimshire@edu.tbz.ch"|"qhWFP6-C6Dk0F-akmHCe"
"daphnee.sheerin@edu.tbz.ch"|"NZAep%-R#pvEl-TEN&KE"
"pal.vanyukov@edu.tbz.ch"|"bdUUxC-BNRMjH-R47Aka"
"zoe.childs@edu.tbz.ch"|"LqCV2Y-HGMSJJ-BsT%ye"
"ai.corde@edu.tbz.ch"|"z2fKre-vUl#Hb-QNoFqp"
"maelys.berryann@edu.tbz.ch"|"nC4vyD-YZ9ae2-$6WQQr"
"cloe.gladding@edu.tbz.ch"|"vo6hy5-2nX%7N-WUS#5m"
"wa.kinnaird@edu.tbz.ch"|"W0iMCY-pKqNzy-VW#2NV"
"publicite.brittoner@edu.tbz.ch"|"Ds4C51-I&lPsS-c2bSe2"
"rao.windress@edu.tbz.ch"|"mdyW4L-@ky&cw-v#O@Qt"
"uo.kollach@edu.tbz.ch"|"3kRZJq-3HPnXp-kBHEcI"
"josee.peskett@edu.tbz.ch"|"unjee%-EE1xQI-Avf5q#"
"annotee.hasel@edu.tbz.ch"|"kcve%n-2d@rjI-#&6k2p"
"cinema.lee@edu.tbz.ch"|"c03YS9-5MS4ym-kYbZ8d"
"lai.vedeshkin@edu.tbz.ch"|"Yud&L2-Nt#WWL-dr%VEB"
"renee.brisbane@edu.tbz.ch"|"1zT$DT-xr2D&Q-10bSpZ"
"ophelie.blincoe@edu.tbz.ch"|"k8G09U-kUeXKz-KaKX5w"
"zhi.prazor@edu.tbz.ch"|"mJ%Bua-$qcWyp-5p$i3s"
"annotee.maddicks@edu.tbz.ch"|"d35r8c-NBZ@tT-4#HPht"
"maelyss.codd@edu.tbz.ch"|"Ne1Fu9-6JksCu-lIiVDe"
"celia.peplay@edu.tbz.ch"|"A7GVv8-vW23dY-gx9ieD"
"interessant.skone@edu.tbz.ch"|"VZ6&gy-fk6ybd-Ht#Tk%"
"audreanne.hebdon@edu.tbz.ch"|"2pZLqK-kdtXLh-2FWqfY"
"oceane.glen@edu.tbz.ch"|"JGm%@W-v&R66g-C3L%rs"
"daniele.vanyushkin@edu.tbz.ch"|"4$OEUA-Qrmshz-45dC8p"
"daphnee.ayce@edu.tbz.ch"|"l4d@Rq-Asgq0t-LFxZyp"
"andrea.attride@edu.tbz.ch"|"97hBWW-LayZv0-FCzWbH"
"penelope.bridgwood@edu.tbz.ch"|"ZM0p@a-$ZFsef-isS$4p"
"mailis.drewitt@edu.tbz.ch"|"Rw%@&#-9aubqj-Z1kiN7"
"penelope.mollene@edu.tbz.ch"|"CH%LcH-r5ilP3-afjGQk"
"illustree.keely@edu.tbz.ch"|"hgZ31w-OdtDqz-3HvA64"
"meng.brisseau@edu.tbz.ch"|"3B&Gwa-F6$4SP-h7g3GK"
"ruo.cleiment@edu.tbz.ch"|"uC%0N@-z7im25-M$Lh1T"
"maite.krammer@edu.tbz.ch"|"HLkh%y-@mpVQk-GVaZ9j"
"genevieve.verry@edu.tbz.ch"|"dKMPTI-awMyOj-aYTGJW"
"lea.olochan@edu.tbz.ch"|"Jg%OSg-a@tgRg-f%eZSz"
"naelle.brunnen@edu.tbz.ch"|"aC%2Eh-ldonk4-uzf@yp"
"goesta.bragginton@edu.tbz.ch"|"l6oyBN-yjGFu7-JDvs$a"
"fei.danilyuk@edu.tbz.ch"|"@7cTQ8-@sZFvD-k7qYe3"
"adelie.turbitt@edu.tbz.ch"|"dmVzh6-K@Y2rB-NM$TGG"
"marylene.nutman@edu.tbz.ch"|"Pkc%61-rkhvnl-b4A#5F"
"therese.barbrick@edu.tbz.ch"|"ibS%MY-TOiXLI-ms7105"
"melys.kolodziej@edu.tbz.ch"|"DvyHWW-Pm7pWY-StPxGS"
"melanie.runchman@edu.tbz.ch"|"Rfo62T-3b8hv7-V3s2AX"
"serena.lafond@edu.tbz.ch"|"$Qb8kZ-A2CJjg-1Avsjk"
"pelagie.desmond@edu.tbz.ch"|"@Yor7E-Pc$HhD-MyNamd"
"wa.spickett@edu.tbz.ch"|"6%4oVn-lM3iYj-bIejn2"
"po.shave@edu.tbz.ch"|"3Nbnk4-dc$oa$-lGV5xv"
"song.huikerby@edu.tbz.ch"|"siEz2A-jlkQgW-%wIu73"
"melinda.bimson@edu.tbz.ch"|"7zMQp&-m724v5-cj8bUN"
"personnalisee.toffanelli@edu.tbz.ch"|"iifQQq-FIN29o-gSy8XE"
"leandre.hurn@edu.tbz.ch"|"nE5pbk-V0&0Sz-hSvs3s"
"oesten.standell@edu.tbz.ch"|"bA%Anf-udsRQB-tzNH6S"
"naelle.smaleman@edu.tbz.ch"|"$kY8#A-@M7ztJ-H60Phr"
"berenice.tayt@edu.tbz.ch"|"PPJM&T-pxvO3q-IH$Qsy"
"kui.popplewell@edu.tbz.ch"|"L7kJnw-qplkJH-$U%1Bc"
"melodie.ferandez@edu.tbz.ch"|"kxydSe-f&6zgD-OGDM9@"
"josee.negal@edu.tbz.ch"|"VNbufR-ZlGYha-n25Zj1"
"melissandre.ferrelli@edu.tbz.ch"|"AzuKe#-AcDZgh-Z88MBQ"
"josephine.kemmer@edu.tbz.ch"|"Hzmfbb-BH#%CR-1wUKQN"
"maely.cayette@edu.tbz.ch"|"YEoegE-8oS@gj-viJPFP"
"nelie.vela@edu.tbz.ch"|"q1d3&z-BC8KF9-He6DOu"
"melina.cortes@edu.tbz.ch"|"vAy1dO-mOuCWK-j3WQ@R"
"megane.leyshon@edu.tbz.ch"|"al6k4s-PtMFhp-r27Tsk"
"regine.harrie@edu.tbz.ch"|"Og4CZt-H$4nak-cYM&R9"
"mylene.widdison@edu.tbz.ch"|"EEjn$P-oHPza3-5z$ux&"
"pelagie.vivash@edu.tbz.ch"|"k92IYC-qeLhWd-@Bj5$n"
"styrbjoern.vicarey@edu.tbz.ch"|"j9pWXr-2Acnzf-eDjYmA"
"long.kyles@edu.tbz.ch"|"vhcOjK-ZxcjQ8-yEL#pA"
"stephanie.gipps@edu.tbz.ch"|"5KSb8%-zbeGHN-%l959z"
"clea.constantine@edu.tbz.ch"|"TLarFo-xXktMu-g&M%hw"
"maella.cometto@edu.tbz.ch"|"85IhtI-GBKFzR-fdJR$6"
"laila.aubrun@edu.tbz.ch"|"Bj4Ltl-GZNFlP-ZRTe4N"
"yao.austins@edu.tbz.ch"|"497OIA-LN3lLN-lQI5$H"
"mailys.rylstone@edu.tbz.ch"|"svN#y8-Ek$&DW-fS0Twc"
"adelie.curuclis@edu.tbz.ch"|"mXxV6l-N17z3I-Al17sf"
"celine.longhurst@edu.tbz.ch"|"T@DeDz-Pz7B5N-7eI6oS"
"gisele.hazell@edu.tbz.ch"|"U&oUsu-tf4qjf-pZELG4"
"celestine.ciccone@edu.tbz.ch"|"cO2XI1-EJDIBx-MaYumT"
"maelyss.doole@edu.tbz.ch"|"eKfHYz-wD#PmB-Jw4f%k"
"helene.grimsdike@edu.tbz.ch"|"UeAg4W-PBWPOB-OBCLRO"
"lie.macer@edu.tbz.ch"|"vxavnS-#@p9iL-T$jxR3"
"maely.izard@edu.tbz.ch"|"m2FBkp-HFwxqU-G$RHB2"
"erwei.breewood@edu.tbz.ch"|"ULpALu-3s$EK$-KlxWDy"
"chloe.woolford@edu.tbz.ch"|"t#8R8K-vNBikh-%Vagfs"
"cleopatre.turpin@edu.tbz.ch"|"hEn20J-uPU679-@FwDpt"
"melodie.surgison@edu.tbz.ch"|"LzKY9f-n0%rFN-IXkAF1"
"elies.leander@edu.tbz.ch"|"U3U3Bw-%&10n&-FeI%h0"
"mediamass.reignould@edu.tbz.ch"|"k&W$&N-jZHwft-9YRbdI"
"celestine.wasmuth@edu.tbz.ch"|"@NRTE@-ztoKO0-oHrhyg"
"marten.jervis@edu.tbz.ch"|"STbwUa-b93Tag-lWPiZx"
"daphnee.bour@edu.tbz.ch"|"vUk17W-6tbIoz-i9y#xK"
"regine.harlett@edu.tbz.ch"|"tO47a4-Wg&Rvg-hIRfIM"
"noemie.macaskie@edu.tbz.ch"|"9yEV3o-$n@BN2-%15Zv%"
"loic.renfield@edu.tbz.ch"|"3qqowb-fPxVlJ-R8daFV"
"venus.kleinert@edu.tbz.ch"|"1ZQAP&-B9haQD-sS6dKi"
"marten.burlay@edu.tbz.ch"|"wkyXxj-a3omzd-UN8P5q"
"berengere.radsdale@edu.tbz.ch"|"SxOmej-LKryP2-mAkH58"
"genevieve.duckit@edu.tbz.ch"|"QMO8Ev-n#oEyS-oEfPEl"
"maely.ligerton@edu.tbz.ch"|"ZWhHsE-JrvyNW-ZC9UxA"
"maeline.ricciardelli@edu.tbz.ch"|"TT2J88-xAHOJO-1hjvsB"
"personnalisee.yggo@edu.tbz.ch"|"tJT02C-dHJgYK-267dg3"
"alizee.pettinger@edu.tbz.ch"|"9S68Ny-4EIJOl-$1snhj"
"desiree.curnnokk@edu.tbz.ch"|"$9U29%-lwT#iQ-PGRC7S"
"dorothee.minors@edu.tbz.ch"|"$5Qkj#-Oy3mR4-W$8w1z"
"oceanne.kopmann@edu.tbz.ch"|"J#J9iy-2%Xm&9-$9TSV@"
"almerinda.brodbin@edu.tbz.ch"|"oDP@fj-hRmhOc-UcecEv"
"yenora.carsberg@edu.tbz.ch"|"wF2QRC-b4kzUc-C783RG"
"wa.beetles@edu.tbz.ch"|"NVOVb5-vyTCNf-HWwVPU"
"audreanne.abbot@edu.tbz.ch"|"DDDmtO-iTooBM-m4%$a3"
"noemie.capper@edu.tbz.ch"|"qzGdtv-bwbthO-e3X@F2"
"mans.abramamov@edu.tbz.ch"|"8$GyBT-Uj9Zda-yOKqa7"
"audreanne.blakey@edu.tbz.ch"|"mNJrWS-sz099g-G7O0cN"
"leone.klimpke@edu.tbz.ch"|"wp&CRj-sYwZfh-Lunf&V"
"lie.croston@edu.tbz.ch"|"iFCfwJ-%07oNa-BiwQF6"
"anaelle.baistow@edu.tbz.ch"|"sYIwQ%-ZiRKyT-a$nF2x"
"michele.garwood@edu.tbz.ch"|"6Nb@Yp-8aM5h3-NSNB3B"
"interessant.albion@edu.tbz.ch"|"gFkFML-xxwCgt-vBHdEr"
"andre.brisco@edu.tbz.ch"|"D6NCz9-tUSlri-UbBIvZ"
"tang.totterdill@edu.tbz.ch"|"ev3bbj-nqR2Ax-KNrHqK"
"marie-josee.braundt@edu.tbz.ch"|"J%bFAI-CbY1Ed-uBcd&V"
"lois.galer@edu.tbz.ch"|"nh$Pvs-&Abnd4-Vfks23"
"faites.pellamonuten@edu.tbz.ch"|"yO6%l4-V1t7TZ-fuwEs8"
"mai.barfford@edu.tbz.ch"|"eZ$Iim-3H%ems-ldMEbj"
"laurene.macilory@edu.tbz.ch"|"%9kq4h-tAscEf-l0&V7U"
"elea.peak@edu.tbz.ch"|"R5jHUv-4hsi3E-qvIH2Z"
"rejane.doni@edu.tbz.ch"|"1JtjfW-PBOWSC-qxkKUo"
"mahelie.ector@edu.tbz.ch"|"P&yT65-dTgn5G-0qAfLR"
"rachele.allum@edu.tbz.ch"|"Q$Pbel-lfkj5@-oDEkzG"
"laila.gerretsen@edu.tbz.ch"|"tc1hzD-XOU@wJ-bcfshj"
"ines.bowman@edu.tbz.ch"|"ABJTyV-5fC7Bo-ZbzS0K"
"publicite.barbary@edu.tbz.ch"|"5X8Qa8-Agu@Qk-k5wnwz"
"mailys.smooth@edu.tbz.ch"|"pkF4CF-v8bfrN-vtBPgD"
"mailis.huguenet@edu.tbz.ch"|"VtpPt%-aM%922-J1Acrs"
"lea.ewer@edu.tbz.ch"|"ZrfKfh-NArqpy-WmZeny"
