"email"|"password"
"melodie.vandervlies@edu.tbz.ch"|"$h50kq-t9wzK2-Odkffp"
"angele.edgecumbe@edu.tbz.ch"|"zNA%Rv-g7tH%A-vmikMY"
"zhi.andreasson@edu.tbz.ch"|"l@42N4-IeNZyj-A2JhsC"
"judicael.koppeck@edu.tbz.ch"|"alp0vt-evS8Xl-swv3Kj"
"berengere.capron@edu.tbz.ch"|"QynNHK-8uH#wI-Ob@QU$"
"leonie.brosini@edu.tbz.ch"|"5FYL0E-$Usrtg-0NouBI"
"venus.garfit@edu.tbz.ch"|"BCJVAB-$nV60d-7nzLgl"
"melina.janota@edu.tbz.ch"|"O@3cA2-amjPQf-vR$ALo"
"laurene.bake@edu.tbz.ch"|"f$W8i@-njdXt%-BJsmyk"
"regine.dorkins@edu.tbz.ch"|"rZMm@M-%Vs6G6-PoYCSr"
"cecile.moffet@edu.tbz.ch"|"Y1W#iL-N0PQOx-iUjgcA"
"maelann.labrone@edu.tbz.ch"|"Cke1eT-VtIRsf-Kg7OnD"
"melinda.newbold@edu.tbz.ch"|"YcsT7@-qNwjnv-zZmQ0j"
"mans.itzhak@edu.tbz.ch"|"5pvW$1-Uc%gUD-Mgp6X1"
"melodie.pattlel@edu.tbz.ch"|"VhWvk3-nNS38Q-6#3Kik"
"celine.bonett@edu.tbz.ch"|"K#rO9Z-qKr01x-u$V@h#"
"adelie.mcgreal@edu.tbz.ch"|"wfQmiQ-T61s0k-e7tUUK"
"helene.soldan@edu.tbz.ch"|"wdLd1&-iBXowm-@AOM%r"
"michele.cluer@edu.tbz.ch"|"mr2WEr-TTrBUa-aUsiwo"
"maeline.mueller@edu.tbz.ch"|"QsZNth-1Xp4S%-E79vin"
"maelann.benedito@edu.tbz.ch"|"e9MY3t-mR&5fo-P5XFNe"
"nuo.gransden@edu.tbz.ch"|"Xds8Oc-aMwMb4-mR5O8z"
"berengere.stainton@edu.tbz.ch"|"3VrnXA-P&4S%r-f%qPWl"
"wa.sabater@edu.tbz.ch"|"T#NGJ%-D&nok5-@H8Ms5"
"anais.cochran@edu.tbz.ch"|"GR&Bmy-KhUfsU-7$2Hq2"
"gerald.bessant@edu.tbz.ch"|"EiuxJi-jjGRUj-5Ciych"
"ruo.coffin@edu.tbz.ch"|"56iNNl-wb2H2c-y2OniR"
"melodie.mustill@edu.tbz.ch"|"B8E$EK-U0d6NJ-FcVOrY"
"ruo.stanesby@edu.tbz.ch"|"8Ta&Ub-JrDVaD-%&gtE7"
"noemie.antognelli@edu.tbz.ch"|"D%dvgM-s@s%G7-xLUHV9"
"maelann.hughson@edu.tbz.ch"|"2MK@MT-GvL8lC-deFH&I"
"milena.mieville@edu.tbz.ch"|"@FsK90-XuO3mr-COE07U"
"mailys.chamberlin@edu.tbz.ch"|"Ck&ryE-NoG6c3-DcF7n1"
"nadege.tomalin@edu.tbz.ch"|"YST39c-q3YB$W-JrZj8s"
"oceane.omara@edu.tbz.ch"|"a2f3Ae-BDAKtI-2K9cMY"
"cecile.aguirrezabala@edu.tbz.ch"|"3flfSo-ba#&fY-Sj@@HV"
"maella.gwillim@edu.tbz.ch"|"PYc#1z-#%nzL6-02E9fU"
"lea.mcgahey@edu.tbz.ch"|"FE8yLj-O0scY%-ypg3tb"
"laurene.hagerty@edu.tbz.ch"|"W2kQ@b-jTvNb5-CyIdvx"
"dorothee.link@edu.tbz.ch"|"7kZk3N-iqXPBP-%#53LA"
"clementine.kynsey@edu.tbz.ch"|"muGfr$-X&#evA-hG1oDp"
"lorene.smitherman@edu.tbz.ch"|"8wE&0l-eOcm$h-BGHbIi"
"cleopatre.klulicek@edu.tbz.ch"|"MSQDCX-e7V43M-L%4mmB"
"laurene.castaneda@edu.tbz.ch"|"hpjkas-0tQf0z-gJjjfB"
"melia.constant@edu.tbz.ch"|"litBc8-i1vh3R-J4tZQN"
"lucrece.clunie@edu.tbz.ch"|"vJsrR4-Zh%3Lu-2fFYZk"
"eleonore.mcmurthy@edu.tbz.ch"|"JTnT86-qUjOik-nhQl25"
"melia.bevar@edu.tbz.ch"|"Ew3Ez0-DyG6@T-Ozpxlp"
"camelia.bontine@edu.tbz.ch"|"Tkrbu#-Z1%ZDA-@qKl$5"
"methode.jozefczak@edu.tbz.ch"|"k$OsiS-Y1d2y1-uSrExw"
"audreanne.hinsche@edu.tbz.ch"|"cN#jYd-9RVmf2-@PA1n5"
"andree.varne@edu.tbz.ch"|"&$sKAt-xNwP$h-q@XrWD"
"marten.kinleyside@edu.tbz.ch"|"UPAff5-JSkkT%-nhPQ63"
"esteve.mcewan@edu.tbz.ch"|"G3ZaWO-3dpRTP-PlDDtm"
"leane.dibbert@edu.tbz.ch"|"6IT%OX-L8585s-RSZTeM"
"ma.thewlis@edu.tbz.ch"|"j6ri#M-ZREN&u-tLa@Wp"
"clea.djurkovic@edu.tbz.ch"|"%d#JSG-zRbXLp-jQ@O4I"
"rachele.reburn@edu.tbz.ch"|"8ZJ%eR-C1UKnW-9EUO0J"
"gerald.gowling@edu.tbz.ch"|"z60U8H-u@239p-dq3Sat"
"cleopatre.jackson@edu.tbz.ch"|"EfJE9c-ellLUW-zNEK#2"
"desiree.haskins@edu.tbz.ch"|"ZZamAF-bDu$j8-#S5f0K"
"eleonore.longson@edu.tbz.ch"|"t989#j-#wIOoi-DEvO1z"
"leane.dybell@edu.tbz.ch"|"XiFuf1-bQzFHd-HaVvrb"
"becassine.grzesiak@edu.tbz.ch"|"cZ7vmy-3BWD$$-GZmbD7"
"marie-josee.pickin@edu.tbz.ch"|"LBDB4J-YqpvTV-BqFlky"
"marie-josee.roxby@edu.tbz.ch"|"8KrKC1-Ho5GGS-s6Y@ur"
"leonie.feenan@edu.tbz.ch"|"Fdt&qn-K3khWj-OhbkwS"
"valerie.ellum@edu.tbz.ch"|"rM%r9s-Iv2bAC-31Dma2"
"ju.caseri@edu.tbz.ch"|"bjKjZi-GLrHmU-78cCSb"
"boerje.strangman@edu.tbz.ch"|"LmqDKS-7kYmxW-ppP63y"
"beatrice.ghidelli@edu.tbz.ch"|"j@SzT#-7eWIOz-jbIdgc"
"da.jablonski@edu.tbz.ch"|"SspaHV-m5Bszt-D%v#Mo"
"uo.beveridge@edu.tbz.ch"|"mrObiV-1rfQ3%-pFePww"
"valerie.bestman@edu.tbz.ch"|"cT@1xk-$ZqE%w-YEut39"
"marlene.pohls@edu.tbz.ch"|"JaZNHK-ELKX&b-55RTrz"
"ma.nolda@edu.tbz.ch"|"3tio9E-R#Hlsf-%uIFFu"
"marlene.bisiker@edu.tbz.ch"|"8tK&kX-uXT@RZ-&8RS6&"
"estee.babon@edu.tbz.ch"|"ilWnhI-qeqvkc-Rhm8Vg"
"simplifies.dmisek@edu.tbz.ch"|"ezfqHK-$yzxOW-UiY#ir"
"selene.ganing@edu.tbz.ch"|"JM0mtt-%vEnHl-q8$Q6#"
"meryl.penke@edu.tbz.ch"|"9c6VFm-UMxrzd-MD@$2g"
"anais.rawcliff@edu.tbz.ch"|"j129wq-m8IZ@r-cM8iGZ"
"melina.andri@edu.tbz.ch"|"lk$%u5-bcNPY5-8KD1eF"
"audreanne.fodden@edu.tbz.ch"|"d59vCa-PnZP6$-jb0PAs"
"bjoern.spellesy@edu.tbz.ch"|"leZ@YB-lsA&bf-UBC&sD"
"francoise.summerscales@edu.tbz.ch"|"OPDg4j-&NUR$E-PKxpwK"
"laurene.ashtonhurst@edu.tbz.ch"|"UIlhsJ-p8z23i-AOv7yi"
"valerie.petters@edu.tbz.ch"|"9w&HVt-76Kz##-YmGv1p"
"anael.spenclay@edu.tbz.ch"|"8akLVM-NC0tu$-cIgMzX"
"stephanie.keech@edu.tbz.ch"|"U%zOJ8-5oNmfM-gBrRL@"
"ines.deveril@edu.tbz.ch"|"wHp8Ye-U%rbmV-LJ1djt"
"berenice.gelder@edu.tbz.ch"|"olMYVe-vf#ZIf-H$46&$"
"melanie.ofogerty@edu.tbz.ch"|"rOX6Ch-e21&rO-T%r8XS"
"frederique.canepe@edu.tbz.ch"|"FEMuxI-vuXQ#z-yAXR8a"
"nuo.otton@edu.tbz.ch"|"BY@fXT-kjHWF3-vAvi49"
"genevieve.trusler@edu.tbz.ch"|"eB5lvM-t57W&1-a@EV9L"
"ju.boag@edu.tbz.ch"|"Nbf0QG-5DISlO-XBs1ja"
"josephine.dilucia@edu.tbz.ch"|"t%bEI7-V9@cvq-E1u63G"
"laurene.armsden@edu.tbz.ch"|"PSIK$H-vmRNmt-yznt9#"
"becassine.griffe@edu.tbz.ch"|"@3bTDq-%$vjq8-E12&bY"
"alois.parres@edu.tbz.ch"|"qowIxE-1sAoGi-JIJqB0"
"cleopatre.gaffey@edu.tbz.ch"|"oRY2Uh-CzM7zx-OQR$lx"
"andre.stiger@edu.tbz.ch"|"gkaomk-bvdfE9-U6I1tI"
"beatrice.godleman@edu.tbz.ch"|"nqmfnn-3l5Abl-i#m0#e"
"hakan.harrhy@edu.tbz.ch"|"MVkuvg-Ill3B#-5AyaKZ"
"celestine.dagnan@edu.tbz.ch"|"Q9ETfL-#Y6o%4-TxRwMu"
"clemence.haggart@edu.tbz.ch"|"p6vzyM-S@hVNN-WxakUy"
"long.caban@edu.tbz.ch"|"JTh1KT-%KvNSF-Jk3pPP"
"gaetane.grimble@edu.tbz.ch"|"475eXN-#3IXbP-ll&bZx"
"maelann.piwall@edu.tbz.ch"|"UJzRk$-P5zmMc-hU@T%N"
"magdalene.loble@edu.tbz.ch"|"2ThE9l-tssh3Z-EVWFTK"
"veronique.domaschke@edu.tbz.ch"|"wJ@CDp-@JL7%#-vd7D8i"
"clea.herity@edu.tbz.ch"|"yeNvFU-BnzXBM-tR&fk1"
"maelann.bambrough@edu.tbz.ch"|"H9nXHI-t77b8U-0CXLm7"
"clea.goulstone@edu.tbz.ch"|"qpACR3-AACHm7-Fnis3D"
"renee.deleek@edu.tbz.ch"|"o@8S4d-Mt@4jE-I#iOvY"
"boerje.rudderham@edu.tbz.ch"|"HeI@f4-O2f&qd-VTCJrd"
"marylene.broune@edu.tbz.ch"|"b1dJFL-57qvzy-FTC%J&"
"nadege.mccuish@edu.tbz.ch"|"f9IdET-tbX6VI-JDcf7h"
"anael.littleover@edu.tbz.ch"|"5#Q2Ta-1HF7Q1-dOal%e"
"lie.baume@edu.tbz.ch"|"38@Mdl-6DoyHg-JUt25&"
"maella.murrow@edu.tbz.ch"|"nYwqPc-JK&sEW-qrtr5t"
"cleopatre.pettifor@edu.tbz.ch"|"rAJm8x-tELQJ7-#5VVF$"
"geraldine.asker@edu.tbz.ch"|"JE$&xO-sFNLY#-et3WiX"
"gaetane.smedmore@edu.tbz.ch"|"2Xfiin-5TgOyh-KSu48X"
"meryl.blencoe@edu.tbz.ch"|"5MA@al-X@5y7z-&HwT2L"
"aurelie.chastaing@edu.tbz.ch"|"yfSKcx-C$TV5B-2d&kgv"
"oceanne.marthen@edu.tbz.ch"|"PdgOHS-dua9mL-om8d$i"
"dorothee.burrill@edu.tbz.ch"|"9kyOYB-eaOriv-RDGC0j"
"hakan.belden@edu.tbz.ch"|"doRmfy-LHS9BY-okX@oj"
"celine.brunning@edu.tbz.ch"|"21$MuJ-@&URvb-aMR9@I"
"anael.lapides@edu.tbz.ch"|"8lIEra-X%N9tR-Ify7hK"
"ruo.saffran@edu.tbz.ch"|"Ath16Z-WkdZ#7-go@XYN"
"loic.gerretsen@edu.tbz.ch"|"qYKhBI-9gZoX4-wPX3lV"
"rui.fitzer@edu.tbz.ch"|"IVS6Uq-AxHqn9-wfYzc4"
"annotee.ogers@edu.tbz.ch"|"TyEvPf-qlYP1v-8DdhhX"
"boerje.bindin@edu.tbz.ch"|"27rL2y-67G@40-aWBw7M"
"ma.cronchey@edu.tbz.ch"|"rg#Jpk-JBFs%Z-JqmNU7"
"laurelie.baiyle@edu.tbz.ch"|"wfVCCb-Ox1&Fv-qrIR8U"
"dorothee.older@edu.tbz.ch"|"v73mPh-R@H1uQ-SvfBq1"
"laurena.wile@edu.tbz.ch"|"kUpvze-ilElhE-#BzpIA"
"clemence.brito@edu.tbz.ch"|"z3SP@k-duXgat-wPXKjX"
"nadege.dallin@edu.tbz.ch"|"bgALHJ-j&#fsu-m#UG7R"
"mailis.matley@edu.tbz.ch"|"%pan&F-aVqTei-99mbjk"
"daniele.screaton@edu.tbz.ch"|"hTXhYl-HNyd%2-NMDw#S"
"mediamass.godly@edu.tbz.ch"|"bQsQFf-i7oe1$-888J7e"
"leone.kremer@edu.tbz.ch"|"FzJ1CI-imNlQ5-Dg7OPK"
"asa.adrian@edu.tbz.ch"|"uH6QPC-ChV2t3-WQ6W9i"
"adele.doley@edu.tbz.ch"|"rd4Zwc-&B5&vo-FGz5Z#"
"fei.sidney@edu.tbz.ch"|"yTP4BD-9#hUN5-MmeBPR"
"marie-josee.walisiak@edu.tbz.ch"|"$V#yw2-#yUU29-qUej$D"
"desiree.diplock@edu.tbz.ch"|"b7tJ0#-mVXA1h-8TUKFq"
"gisele.schust@edu.tbz.ch"|"MEeD&&-ychpnF-HI2&Xj"
"ma.longshaw@edu.tbz.ch"|"nLqc6J-iFQM2d-@0wD3R"
"da.boother@edu.tbz.ch"|"q3MoPM-KP#pwE-bz1vDe"
"simplifies.chaudhry@edu.tbz.ch"|"WBb4E9-3GDzBV-H1VUC#"
"garcon.baniard@edu.tbz.ch"|"ADIThw-Bp@uX1-puA6ad"
"gaetane.elphee@edu.tbz.ch"|"rMA9d9-6&fPXK-u4vVBl"
"gisele.hassey@edu.tbz.ch"|"YqOH2r-zPu4bi-klB$zL"
"oceanne.booley@edu.tbz.ch"|"98k$0j-&k2Bot-t6eGD0"
"oerjan.dibden@edu.tbz.ch"|"I2WX3p-aMdGlu-L8km0a"
"regine.ocleary@edu.tbz.ch"|"%9m2sc-Ep#z#x-5N7RMN"
"selene.persse@edu.tbz.ch"|"FhhCE0-iw2AQq-GLeP3#"
"helena.adenot@edu.tbz.ch"|"4kutlN-MXA#&W-G8jRdl"
"maelann.wassung@edu.tbz.ch"|"VThF1D-8o9Yz9-Mj6EFz"
"frederique.ackermann@edu.tbz.ch"|"&Ku%U@-3ks@@s-UveOfp"
"audreanne.kahen@edu.tbz.ch"|"r6gMbc-AYftm4-Veq%HV"
"maiwenn.lasty@edu.tbz.ch"|"GKNFda-B4%&4t-SF7UXC"
"yu.dictus@edu.tbz.ch"|"Obu83h-Kh84sF-zsTRdQ"
"anae.dukes@edu.tbz.ch"|"Ckfmii-J7s3Ej-RBj6SP"
"yenora.warr@edu.tbz.ch"|"aAIhVY-IaesMV-HGvT1L"
"esbjoern.archibold@edu.tbz.ch"|"etFlco-7#B&%O-IPCzFl"
"milena.pardal@edu.tbz.ch"|"tQiZma-o0Ztnk-eAI$92"
"celestine.graveston@edu.tbz.ch"|"pKilHH-05deSZ-YdGQ$O"
"maena.dallas@edu.tbz.ch"|"V#9ppq-XZ&Cbj-kmhcsc"
"andree.tuke@edu.tbz.ch"|"3oVSfH-ej&6af-#ItjoS"
"methode.seldner@edu.tbz.ch"|"8&SsS7-FSgzVd-I68xSa"
"venus.bullas@edu.tbz.ch"|"DrayNv-Mu7Xrd-3@V#H5"
"mans.aguirrezabal@edu.tbz.ch"|"%s0R8j-W%e@r8-s53Tvd"
"gaelle.eadington@edu.tbz.ch"|"qtQiQ&-Y2%n#3-euz%z2"
"anaelle.falkner@edu.tbz.ch"|"MWJKpf-WFHSc$-QO6Z@y"
"ophelie.height@edu.tbz.ch"|"ojXd%i-OGxw$z-FVSeW4"
"marten.bolding@edu.tbz.ch"|"Ve0UAv-kTOYrF-zOtevn"
"pelagie.guswell@edu.tbz.ch"|"p#adRe-dZkyM%-O4z3Cj"
"gwenaelle.lecount@edu.tbz.ch"|"vGZ@SX-Q#odjT-A4G2pp"
"hakan.laden@edu.tbz.ch"|"QITr0u-Vtf#QJ-ZW%tdC"
"marie-josee.hylands@edu.tbz.ch"|"QoAa#v-IpV@Nf-jK7Cu9"
"zoe.kingshott@edu.tbz.ch"|"mKoK1Z-u$J6tl-4Bfp&Q"
"josee.janous@edu.tbz.ch"|"%5l6HZ-MOuE&I-UtOMGx"
"laurene.gallally@edu.tbz.ch"|"#AQavn-l@iD9Z-iDoZwI"
"anael.bickle@edu.tbz.ch"|"TV7XtG-yBmAqo-6TYlK#"
"mediamass.lebbern@edu.tbz.ch"|"vgQgbM-F5EcZ3-qH43j&"
"berengere.hovy@edu.tbz.ch"|"Pw853y-%RKFC0-P1FW68"
"oerjan.kilmurray@edu.tbz.ch"|"q1X9NP-1Oxn1F-COuRpT"
"asloeg.venny@edu.tbz.ch"|"Ep7cXH-o8Iw0k-FmuBj#"
"marie-noel.stoad@edu.tbz.ch"|"I1tjh8-Xfo#BD-GWopjw"
"hakan.pettifor@edu.tbz.ch"|"J%7uZ4-HpYAFZ-NE8TAZ"
"maella.willgrass@edu.tbz.ch"|"p7H1kZ-T$Gx2y-&uBB5e"
"therese.ludovici@edu.tbz.ch"|"hRgJ0L-Q#OXfd-r$Ied@"
"stephanie.trewhitt@edu.tbz.ch"|"R6HwOp-G6wfR3-WLIA%t"
"maerta.bauduccio@edu.tbz.ch"|"D6fe2E-&My1QO-lOkj8s"
"gaetane.glaisner@edu.tbz.ch"|"8m2glQ-gXPCdp-VoBy79"
"naeva.pargeter@edu.tbz.ch"|"aAHhKX-7Oe&R3-U7m$$9"
"salome.venable@edu.tbz.ch"|"7Jm92b-uUDalm-v0k7KP"
"boerje.thickett@edu.tbz.ch"|"i$Y7SZ-PVeqH@-i#5Q&&"
"lucrece.prendergrass@edu.tbz.ch"|"$@YXeK-iOdJY4-$Ls%j#"
"laurene.ockleshaw@edu.tbz.ch"|"ecGJOz-$G2uWc-PS8n$z"
"cecilia.pasticznyk@edu.tbz.ch"|"HJHMLv-0DsJo9-v3b0K8"
"stevina.mackey@edu.tbz.ch"|"107&QE-4PviY3-QCHVED"
"marie-noel.reven@edu.tbz.ch"|"EyV53p-kKmIU@-yBP07L"
"melina.quilkin@edu.tbz.ch"|"@JQf7B-sa$Bj6-0UjL46"
"marie-noel.ferrie@edu.tbz.ch"|"B8M718-H2tLny-&u8Q4W"
"leone.alphege@edu.tbz.ch"|"CZGSK4-QM1pRd-TY3KbF"
"zoe.leverson@edu.tbz.ch"|"LOk1LW-9j$q#o-UyADwL"
"annotes.grayne@edu.tbz.ch"|"yPZOmS-q&J1zM-@JE6l5"
"faites.lalley@edu.tbz.ch"|"ezPTz&-PmE7qs-Iy14B8"
"adele.wallis@edu.tbz.ch"|"d#5f9Z-MWxxPy-$NNwRh"
"severine.madill@edu.tbz.ch"|"0w6pEM-HK9V3y-Np4hIC"
"valerie.tebb@edu.tbz.ch"|"a3bm&&-6AkMQ@-aY@aQz"
"kalliste.rasper@edu.tbz.ch"|"Jhx894-Zjwvg&-fNRy#$"
"audreanne.palomba@edu.tbz.ch"|"E58oQ9-NHoDok-mHlCbM"
"elea.adamik@edu.tbz.ch"|"DV@xbd-i8xPUZ-uLu%nk"
"reserves.jakuszewski@edu.tbz.ch"|"@n&jRp-QJVh8G-CxKb4H"
"athena.belhomme@edu.tbz.ch"|"%Urml1-pQoA9L-56I9FK"
"rebecca.crippin@edu.tbz.ch"|"At4RPB-LPu&1r-sHJmQD"
"maiwenn.curman@edu.tbz.ch"|"dN3bck-97qHs3-qmCJUh"
"andree.bunner@edu.tbz.ch"|"iZVWk3-0G#dN2-1QykCa"
"ruo.winckles@edu.tbz.ch"|"2lnDLg-Qu9J2@-V@$iN$"
"naeva.buntine@edu.tbz.ch"|"APaNzg-$DPLNA-cYaRqs"
"boerje.dollard@edu.tbz.ch"|"K&Qfkk-A6dGb2-$ffsqH"
"penelope.gorman@edu.tbz.ch"|"w@g5k%-w8qVK&-o3j26F"
"alois.robelin@edu.tbz.ch"|"sVjBTg-ZaHZ74-Aw5Ie2"
"anaelle.tindle@edu.tbz.ch"|"$2x0IK-X0$Boq-BL%zYQ"
"ye.frears@edu.tbz.ch"|"ebeCOD-bCdSfB-WHWQmO"
"andree.ovid@edu.tbz.ch"|"93f1Kd-2ZTf64-inq7bw"
"hakan.peat@edu.tbz.ch"|"F67zHa-xPpx%x-peBCos"
"andre.januszewski@edu.tbz.ch"|"1mz7SZ-eOK8Cj-p9N72e"
"annotes.clemmett@edu.tbz.ch"|"l87uvP-S4OzXb-gdc6Gg"
"pal.lambswood@edu.tbz.ch"|"$6niSV-YR@4GQ-HFpfCR"
"yao.lenton@edu.tbz.ch"|"mAidoh-WNmBuz-Eu@HtL"
"hakan.boyton@edu.tbz.ch"|"GMu9hW-9DizhX-q0rjGx"
"nelie.forsey@edu.tbz.ch"|"T@9n9d-07b@Ea-A&%Vks"
"hakan.horche@edu.tbz.ch"|"P3d4%B-IM619L-ig0tLL"
"lorene.sinkings@edu.tbz.ch"|"cSe5Tl-6zAT%0-yEOuyu"
"marie-therese.creddon@edu.tbz.ch"|"zUH2Yh-6RR1f@-G%PC%d"
"berenice.tolworthy@edu.tbz.ch"|"Byzkyb-B9h5Jt-7hP4DD"
"theresa.land@edu.tbz.ch"|"YXeozE-IPjjl1-tzjaJe"
"marie-therese.gianilli@edu.tbz.ch"|"MBQ#of-PfJMQG-%IXntZ"
"meryl.glew@edu.tbz.ch"|"40NFct-uHf4LE-Qh1gtk"
"adele.debling@edu.tbz.ch"|"&PXU7T-O9py34-@%cG%J"
"anae.metzke@edu.tbz.ch"|"htRphu-G&DLec-SAxh6q"
"gaetane.gooden@edu.tbz.ch"|"&U9V%Q-M@JO62-ebKVb0"
"laila.bootland@edu.tbz.ch"|"SiH6#h-Q#z9Ls-4rHVu6"
"maite.helsdon@edu.tbz.ch"|"7O$aN&-$PyrnB-qv&I6&"
"andree.malley@edu.tbz.ch"|"2WX4th-VwY9BG-r561Df"
"pal.simmens@edu.tbz.ch"|"Bl3Gh4-LhEb7D-XGNx3P"
"maelys.nuccitelli@edu.tbz.ch"|"xWsUxW-&h9ski-85M9JZ"
"dafnee.sibary@edu.tbz.ch"|"96#aEq-cV@7hM-UR9pG$"
"alois.harsnep@edu.tbz.ch"|"VulOxG-GtG1zf-08Iwl2"
"marie-helene.lacky@edu.tbz.ch"|"Pa4X$n-8Bu3Fu-NNJshY"
"mylene.youthed@edu.tbz.ch"|"&ztE$x-hHiKMo-DDfy69"
"marie-helene.dehmel@edu.tbz.ch"|"jz5Q$k-Jkhilm-Wk2ehs"
"angele.batman@edu.tbz.ch"|"BbuWx%-2xIeI4-l@kbjx"
"melia.younghusband@edu.tbz.ch"|"r4PV@I-ZhoX4x-mtdFc&"
"eloise.baldi@edu.tbz.ch"|"TayON5-SxeygG-CsE$i6"
"illustree.dun@edu.tbz.ch"|"JN3HLf-qk%AN7-5MwONY"
"genevieve.late@edu.tbz.ch"|"9c7dZv-vhFECS-i%dlQW"
"celestine.colville@edu.tbz.ch"|"#xxnAW-lIpSll-3#umFq"
"gwenaelle.scarlon@edu.tbz.ch"|"NoHwJ&-@qDTK$-npi3au"
"regine.boddie@edu.tbz.ch"|"pRksAp-zRodTD-S%gTwg"
"creez.gaughan@edu.tbz.ch"|"lguQOr-Vrt$DW-SVV#Gx"
"gaia.longford@edu.tbz.ch"|"#Pbis5-MZRGz%-b8CNF3"
"mailis.buckby@edu.tbz.ch"|"SwWhWf-F6TSqB-YURENK"
"song.parbrook@edu.tbz.ch"|"RD#7SH-wY$2QY-Pp#pa$"
"frederique.heddan@edu.tbz.ch"|"AHkWN2-qVo54l-cFpyn#"
"ake.kirtlan@edu.tbz.ch"|"EscqIO-l7qiXM-rDMEWe"
"nelie.runciman@edu.tbz.ch"|"Ho3&GE-C77Szu-UWEau2"
"mailis.cardnell@edu.tbz.ch"|"j3urwi-KB@%SH-KWXHHy"
"irene.navarro@edu.tbz.ch"|"WvVoF9-49z&4u-whmww@"
"maite.cough@edu.tbz.ch"|"t3nKkM-ESjkOW-cx$K3P"
"anaelle.stocky@edu.tbz.ch"|"hQ#FEO-%9wdA@-lJeiKS"
"methode.moulder@edu.tbz.ch"|"JpE7sG-M3hvwB-hhPiA3"
"po.stafford@edu.tbz.ch"|"oy&qY@-L139Fu-ns&NUL"
"faites.scraggs@edu.tbz.ch"|"FBWpmc-IXvJ5E-ISmIRv"
"adelaide.dullard@edu.tbz.ch"|"sNtUUb-W$5ZgL-CQY#sv"
"desiree.leonard@edu.tbz.ch"|"WHraq%-w@6$VA-lRbl#A"
"geraldine.badgers@edu.tbz.ch"|"5PwKjg-L6bl%n-jPKXQ0"
"ruo.masic@edu.tbz.ch"|"TLlLLA-tdJDmg-FIOikn"
"aurelie.lieber@edu.tbz.ch"|"je#5kt-aEicl2-KL9VDt"
"naelle.balcock@edu.tbz.ch"|"BPKanG-X2OlLn-gJaKSQ"
"camelia.elger@edu.tbz.ch"|"cv7jC6-&C8qb0-22ETBl"
"publicite.oakeshott@edu.tbz.ch"|"d5IQ%7-Lfgfi8-9PWtT8"
"cleopatre.fawley@edu.tbz.ch"|"#PzWDX-Wad3$C-uJbKlJ"
"laurene.bruckmann@edu.tbz.ch"|"iKZfGs-vwbz8A-uIQzM0"
"rui.haughton@edu.tbz.ch"|"kl5ByJ-G3CuK$-K3bkF2"
"asa.ladewig@edu.tbz.ch"|"fADS2#-59NTYO-1XIIw&"
"gisele.janecek@edu.tbz.ch"|"JfK00u-kZHuHu-uyJztR"
"maily.loveridge@edu.tbz.ch"|"v8I$1K-Q%Z@ML-6UMS%d"
"marie-eve.yurkiewicz@edu.tbz.ch"|"SivLK5-0qsmG#-fCrOzN"
"fei.roder@edu.tbz.ch"|"olGRDo-k3U28Y-f#GDmb"
"edmee.chatburn@edu.tbz.ch"|"wk#hf%-B60@dz-lxYaxK"
"geraldine.darke@edu.tbz.ch"|"%fm5WN-jEJD%c-Fzbbh2"
"ye.jira@edu.tbz.ch"|"z3xlvT-PMSNh%-M1ZAHO"
"publicite.persent@edu.tbz.ch"|"63@4WK-9SHVYJ-lgGO%9"
"severine.wilcox@edu.tbz.ch"|"$NiS5u-3r31ZR-ooW1O@"
"yao.mcclaren@edu.tbz.ch"|"@n4k1v-O13gvW-ppjZgo"
"theresa.foynes@edu.tbz.ch"|"aUOPPo-0fyCG2-3GohII"
"stephanie.isley@edu.tbz.ch"|"XGw3tX-$M$7&n-9Q&2RU"
"torbjoern.growy@edu.tbz.ch"|"xUKQSH-LW4DB9-KFG4Ck"
"eloise.tunnadine@edu.tbz.ch"|"bsba08-3Sb7Sh-KMxpDj"
"maeline.cossentine@edu.tbz.ch"|"0zTqWj-M&$qEx-CCpZcY"
"nelie.desantos@edu.tbz.ch"|"XZxpk1-Ek83@f-bYqcZP"
"gaetane.axston@edu.tbz.ch"|"TElhZk-va&2ZG-T%LXN3"
"aimee.merman@edu.tbz.ch"|"2U2rUs-9soGBM-p$XD0@"
"oerjan.drivers@edu.tbz.ch"|"FZ8rq&-ocdQXi-ReIC5v"
"aimee.miroy@edu.tbz.ch"|"i6e%vO-uw4dik-B75pJN"
"nelie.glyde@edu.tbz.ch"|"KC08zY-mDc2jP-Oxev$f"
"hakan.kapelhof@edu.tbz.ch"|"UqnPn%-BeOhVb-7btVmV"
"maelyss.cauley@edu.tbz.ch"|"lXCEXC-LmAsC%-RWL9r4"
"elea.vaggs@edu.tbz.ch"|"AyynYP-S83oDS-&D#qmc"
"maelys.but@edu.tbz.ch"|"#iGmFi-Jzcayv-qvU3Vu"
"maella.arthurs@edu.tbz.ch"|"IxZeHo-%ydTOF-aQ4oRK"
"adele.liebrecht@edu.tbz.ch"|"E&7u8h-GGFxC5-LQ0pII"
"meline.lomasny@edu.tbz.ch"|"mUewQq-Bd4nUv-Y@lYp6"
"mediamass.schwant@edu.tbz.ch"|"53$U5J-u6Glru-Ao6LOX"
"leone.saunt@edu.tbz.ch"|"$V1p2u-d$VilM-N2jfiz"
"annotes.gouch@edu.tbz.ch"|"ccsoDH-EzwkuF-mtdpfv"
"gaetane.bowich@edu.tbz.ch"|"&iK0IS-nke$MX-fEqf2w"
"alizee.strelitzki@edu.tbz.ch"|"LHy91I-KuNdgs-4o#jiY"
"leone.poile@edu.tbz.ch"|"GB@axc-hqirgG-Ivqh5Z"
"amelie.saban@edu.tbz.ch"|"qS6RK7-6I9sGO-mSjH1U"
"marten.mcmenamin@edu.tbz.ch"|"NRdwJf-NMxnz&-dvWV80"
"becassine.keets@edu.tbz.ch"|"GLUJpD-6SLJeg-Rdg4OB"
"celine.million@edu.tbz.ch"|"EiS0ry-%@8dyk-BDo1#s"
"geraldine.belitz@edu.tbz.ch"|"s5XohL-kXESeC-YyREuf"
"salome.mardling@edu.tbz.ch"|"GuC1pl-e2vXYr-vQl@I3"
"melia.blakemore@edu.tbz.ch"|"vR6ik4-y9tHd0-hhjzQM"
"dafnee.mcaulay@edu.tbz.ch"|"m$QlgT-lPZJSA-OEHhlt"
"garcon.dennett@edu.tbz.ch"|"fhTj2u-U0s$yl-w1KR%W"
"interessant.lesor@edu.tbz.ch"|"1GTfnd-EkY#5z-2hxpX7"
"annotee.wasbrough@edu.tbz.ch"|"8#l48y-o88UAD-qM658e"
"asa.ibbeson@edu.tbz.ch"|"3Vgont-sIzir2-9T&UVS"
"maily.kennealy@edu.tbz.ch"|"F6y5x7-kNeCc6-5VD69$"
"ye.seares@edu.tbz.ch"|"AljbWb-ayfwrO-8654Dc"
"athena.harbron@edu.tbz.ch"|"b1jYY9-w8zARm-1Yducu"
"andreanne.portail@edu.tbz.ch"|"&6uVfJ-cp0pal-Ilh81i"
"goeran.zannelli@edu.tbz.ch"|"3Vo&D%-c0smLV-nsd%UX"
"gerald.leathlay@edu.tbz.ch"|"ClVaAN-Gy#%J$-dXj7EJ"
"andreanne.chown@edu.tbz.ch"|"$huZ1q-tEm3ND-bQYhI8"
"esteve.clementel@edu.tbz.ch"|"qkTwYq-GWEjqR-se2%CW"
"leone.legan@edu.tbz.ch"|"y9I3Sn-BL$Pmx-Nmc$7U"
"maena.pownall@edu.tbz.ch"|"3kOGoD-wT0m49-yBZ&1A"
"andree.rettie@edu.tbz.ch"|"rYxmMM-616YS$-STCmeV"
"ines.kenwrick@edu.tbz.ch"|"vpmVcR-lcM2mo-gcpJD@"
"marie-helene.yarnall@edu.tbz.ch"|"WySQ3F-C8YbWe-@2@HUj"
"po.martin@edu.tbz.ch"|"w&Uf3F-slcCk5-7ueFR0"
"ruo.celiz@edu.tbz.ch"|"fkm9Hx-pP0J7Y-3ppd5m"
"po.bissett@edu.tbz.ch"|"YWdSCp-Wzxbmi-zGBUAv"
"du.swindon@edu.tbz.ch"|"wx577B-PfHEXb-PUDvVt"
"interessant.gouldthorp@edu.tbz.ch"|"8tw9Oi-2FFOez-zTYKLH"
"leandre.lilburn@edu.tbz.ch"|"zK3&K3-q7XXK0-VxGClp"
"bjoern.whales@edu.tbz.ch"|"wc$urT-slC$4B-6xL0lc"
"interessant.dieton@edu.tbz.ch"|"%AMJ7s-rWlthv-mqO8@T"
"celestine.redhills@edu.tbz.ch"|"msLfXQ-lFQrpx-J$sbi2"
"tan.yakovlev@edu.tbz.ch"|"&rvQXp-lI&b%x-tICyIe"
"regine.mcdowell@edu.tbz.ch"|"VRJcGS-JfTji9-qRasan"
"ju.coysh@edu.tbz.ch"|"X6O2lZ-sc8OMu-fqbb0O"
"reserves.ofallon@edu.tbz.ch"|"dKYjix-prk9Uw-9osuP5"
"frederique.sobey@edu.tbz.ch"|"shuhiZ-MvUX7v-ZHM#rt"
"marie-eve.garstang@edu.tbz.ch"|"PCPnjP-nZ$u@p-io@eH$"
"andre.tapin@edu.tbz.ch"|"kf1eUg-J7laLd-gpyHMs"
"esbjoern.eynon@edu.tbz.ch"|"ieeL8p-bbmRc$-9rFsC4"
"maella.duffy@edu.tbz.ch"|"CHsQbN-9f0JTy-F1wldL"
"leandre.twinning@edu.tbz.ch"|"YBnyzJ-9YksP$-ZP5rJu"
"mai.whittingham@edu.tbz.ch"|"n&lGrU-oYxj7V-W6QbcW"
"rachele.shevelin@edu.tbz.ch"|"AjKu$Y-D&F#c1-TFbjo%"
"cecile.mcure@edu.tbz.ch"|"3xbLbd-3ZUWsc-Zyb@3p"
"marie-eve.yurkevich@edu.tbz.ch"|"Zu&R%7-XZVNYp-N3MyMh"
"almerinda.paice@edu.tbz.ch"|"sUiYev-T0HVIY-eJ2BA2"
"rao.howkins@edu.tbz.ch"|"yEqOR7-qfHKBq-PqWTEj"
"serena.pack@edu.tbz.ch"|"rjczIr-1b7bmY-olnomz"
"rebecca.mant@edu.tbz.ch"|"Kcun#v-QTJNZr-$dLMh$"
"reserves.spitell@edu.tbz.ch"|"OB%49B-L7hIcc-MX$np2"
"garcon.hamfleet@edu.tbz.ch"|"@q06%#-%IZ7xw-8mgerO"
"methode.kerkham@edu.tbz.ch"|"VD@rHw-v1GnNa-UxbSQF"
"pelagie.camies@edu.tbz.ch"|"9a4OL5-4UxEbs-S7$6I8"
"josephine.macpharlain@edu.tbz.ch"|"kTT0%%-Z2JhXX-UuIcRT"
"eugenie.mathet@edu.tbz.ch"|"ohrGER-%w$1Fu-8JPS%c"
"gaetane.brangan@edu.tbz.ch"|"3LGtJ&-V@LJu2-Rrj8y0"
"michele.dewbury@edu.tbz.ch"|"1e4x4#-izcUiW-5yYNVW"
"eugenie.elcott@edu.tbz.ch"|"GcR2jA-zYm&2Y-LbgWgR"
"megane.harniman@edu.tbz.ch"|"ugjfdb-gPs8cF-pR@@rT"
"agnes.cluney@edu.tbz.ch"|"sUssU@-iu5v0A-Zd8ING"
"marie-helene.angear@edu.tbz.ch"|"gXtM1$-cEkJvm-xAOStO"
"melia.dolphin@edu.tbz.ch"|"9wMGlj-2jWE4P-PekPK2"
"lois.ruseworth@edu.tbz.ch"|"CQXttw-IOeNKQ-6jeE&1"
"mailys.ryding@edu.tbz.ch"|"m9o2wJ-lI7wYj-p2#bb9"
"rachele.wulfinger@edu.tbz.ch"|"xptAee-ot9bZR-mychUG"
"gwenaelle.talton@edu.tbz.ch"|"vuiEQU-TCzTDh-s@HOo%"
"long.ronchetti@edu.tbz.ch"|"GVDVnc-32EDKw-vgEIb4"
"styrbjoern.kloska@edu.tbz.ch"|"vzJP2%-qZiLdk-yxhv%b"
"len.sudran@edu.tbz.ch"|"@T9Gs3-&0YGtK-SK5X6j"
"maelle.andrysek@edu.tbz.ch"|"gptY&v-UfoQ76-11iE3d"
"selene.senior@edu.tbz.ch"|"YlLpu6-IU0WTI-kSjumS"
"anais.joskovitch@edu.tbz.ch"|"aUADMR-ZO2m2C-f1KH46"
"marie-noel.dally@edu.tbz.ch"|"xbh2#f-WdDq07-W&epED"
"marie-helene.laurence@edu.tbz.ch"|"$4VaZy-166E3r-Y3#TgK"
"camelia.foxon@edu.tbz.ch"|"Axsq8m-DufI5$-GJO&ba"
"helene.cankett@edu.tbz.ch"|"tPwZq7-FID0k1-m0Eejd"
"marten.mitchelson@edu.tbz.ch"|"dI%bDT-okcmtE-yN5BLJ"
"helena.stirtle@edu.tbz.ch"|"e4X53m-@UUuvn-wNdqV6"
"leane.barmby@edu.tbz.ch"|"JSIFqo-Cp5GPu-Z92Qee"
"goeran.ofinan@edu.tbz.ch"|"$iufYK-POg7XI-m3I5K7"
"styrbjoern.proby@edu.tbz.ch"|"U&QPo@-CW4&6K-smDwg9"
"zoe.halse@edu.tbz.ch"|"$Oc4tm-z9Fv6K-d00iB5"
"kui.drable@edu.tbz.ch"|"v2OFhE-l1lQZe-kqsM8x"
"desiree.bamford@edu.tbz.ch"|"U2KqiH-rXMjtD-S&owpd"
"zoe.suller@edu.tbz.ch"|"lhpNe4-@zqGcR-fz%8wf"
"marylene.audiss@edu.tbz.ch"|"ebMwdQ-OiSU21-6rbxMy"
"adelaide.poznanski@edu.tbz.ch"|"Z0fdz@-EcUdci-YObkPh"
"maella.coleyshaw@edu.tbz.ch"|"Via2mG-98#pi7-$HyH7d"
"marie-francoise.gelder@edu.tbz.ch"|"V9M77F-1amfX2-bGQ75X"
"eleonore.chaffyn@edu.tbz.ch"|"z&h5C9-eoj5AL-@K$7MI"
"celestine.sikorsky@edu.tbz.ch"|"cmxDyG-@zYz@z-pIluJV"
"stevina.londsdale@edu.tbz.ch"|"g1lqSs-PmkemF-$u@l5G"
"maiwenn.nevitt@edu.tbz.ch"|"I2DWLd-RBLGAF-PMwyMt"
"magdalene.gerrey@edu.tbz.ch"|"hbfdd5-01YGe&-e&7aIe"
"becassine.latimer@edu.tbz.ch"|"BLJ9P2-H@Qcl6-IEmNnN"
"da.lethibridge@edu.tbz.ch"|"hjhcIQ-#8dAGP-X#Lia9"
"mailys.claige@edu.tbz.ch"|"r0Fyo&-s&Ey#N-3FbZrE"
"maena.torbard@edu.tbz.ch"|"ZN%5Us-yzPHD0-kxLzH2"
"solene.lyvon@edu.tbz.ch"|"zdkskV-0Ugo1%-EQjj1U"
"marie-therese.benbrick@edu.tbz.ch"|"sJz@OX-edJ$pj-bg5iX$"
"gerald.edmonson@edu.tbz.ch"|"eOTGA$-V%cVd5-t2BMmw"
"ake.messruther@edu.tbz.ch"|"pKL3OH-FJK&W$-d#3R8Z"
"men.gosneye@edu.tbz.ch"|"$jl@&i-hMlxG2-if2f&E"
"anais.jefferys@edu.tbz.ch"|"9l9GeE-DMMVSq-#mBlv3"
"publicite.tregale@edu.tbz.ch"|"P1Fq#2-VYh%gr-0SFH1E"
"maily.santorini@edu.tbz.ch"|"2Q@DNL-f1oNX%-4lQdY8"
"ines.pioch@edu.tbz.ch"|"vmnCcb-u@kgHZ-D6SIV7"
"noemie.marklew@edu.tbz.ch"|"Uvxuaz-Jx8KGD-0IvlVJ"
"meghane.maccaffrey@edu.tbz.ch"|"unxqZD-pi$qbu-g55TWE"
"berangere.ambrogio@edu.tbz.ch"|"D4eAF1-%WP6NR-eqQfJw"
"mediamass.ryce@edu.tbz.ch"|"8hzAZR-kB&hun-ZE5rEc"
"oesten.ubank@edu.tbz.ch"|"ELA%S$-1CQjmE-CGFzT5"
"melina.mackee@edu.tbz.ch"|"i#&faN-gg9DOY-dWYGp2"
"theresa.livezey@edu.tbz.ch"|"e#G0dH-Ddyl$c-LB@LH#"
"clemence.weal@edu.tbz.ch"|"fwJ4NU-wjEmyM-hpm2qd"
"faites.overton@edu.tbz.ch"|"vCiGqb-tK#gN#-tJi$0P"
"clea.lindblad@edu.tbz.ch"|"v49ul8-FWkdCB-ONnZp1"
"josephine.roseaman@edu.tbz.ch"|"CkMXeM-GkbYox-WOJL@Q"
"oesten.lowbridge@edu.tbz.ch"|"6z%Dz5-7XBV&i-1Mofvg"
"marie-josee.brion@edu.tbz.ch"|"upWvz1-Iio7yT-P6rKj8"
"therese.basili@edu.tbz.ch"|"peUl$K-CKEDgZ-KF8s1R"
"melia.vertigan@edu.tbz.ch"|"SHtT3e-EPJTb9-QGZWF#"
"judicael.saull@edu.tbz.ch"|"N5oG2D-R0EBOD-HH#56u"
"selene.valentine@edu.tbz.ch"|"gCXho4-iI@gbT-blgAT3"
"verane.dunlap@edu.tbz.ch"|"UUD&tB-NnKHg8-CdGBSM"
"meline.kinnear@edu.tbz.ch"|"V@k4qS-GJTi$K-NaVFB#"
"lei.luttgert@edu.tbz.ch"|"Nbu8t2-#3UdVL-tCFWci"
"styrbjoern.lathleiffure@edu.tbz.ch"|"S8##sF-oc#O3A-tvQkCi"
"marlene.blasi@edu.tbz.ch"|"7Y%3pP-ww7Ofj-6d1wZd"
"mai.begwell@edu.tbz.ch"|"m@x9yq-IRg28V-QUu2sC"
"gwenaelle.kaines@edu.tbz.ch"|"xZ74LF-D#ewZP-KAKbDC"
"gerald.adamthwaite@edu.tbz.ch"|"cwPrPX-EG#Hg3-qcf6$5"
"kui.hartfield@edu.tbz.ch"|"clTI%j-UmdQZJ-$fqkj1"
"salome.currao@edu.tbz.ch"|"wmRCuj-ETx$fX-4pcBYl"
"angelique.tixier@edu.tbz.ch"|"Lh1Jfn-$YHo0G-lBNDMv"
"ju.mcgragh@edu.tbz.ch"|"RUEOgj-6GP9Vi-bbsax1"
"dafnee.beachem@edu.tbz.ch"|"ND&RM&-obl05x-xoZIbq"
"creez.terlinden@edu.tbz.ch"|"hCcpQ4-jF8a3W-h3pyDK"
"uo.mcskeagan@edu.tbz.ch"|"XXdybL-6PIPbW-NtG%er"
"edmee.mccaughren@edu.tbz.ch"|"cB2Scx-EGACDs-zXsKeE"
"asloeg.cozby@edu.tbz.ch"|"GoNTMt-CqRjKh-HQ4Mhk"
"melodie.traite@edu.tbz.ch"|"B$7h&5-%DPlI0-kO%xU6"
"dorothee.aindriu@edu.tbz.ch"|"UxfwpZ-$2wsui-rRzSlF"
"daniele.doley@edu.tbz.ch"|"1dkoUc-jx58nO-WuoHaR"
"mediamass.fairclough@edu.tbz.ch"|"1YRRRp-3@LFjY-NSbNJ$"
"lorene.rainforth@edu.tbz.ch"|"Cmr$%6-#sg$7A-TOiUQ1"
"leonore.eyer@edu.tbz.ch"|"xnifPu-Hk%hFU-Ge%stL"
"po.spillman@edu.tbz.ch"|"pvkr2K-8@sX8U-RzQ8MY"
"cecilia.plitz@edu.tbz.ch"|"4GXgIk-8Mw#wk-6PJflP"
"lorene.ludlow@edu.tbz.ch"|"lvPe6w-JhXLnD-&r$TsE"
"berangere.neligan@edu.tbz.ch"|"I8piYl-c@a0@v-xYxqbx"
"simplifies.huggan@edu.tbz.ch"|"$RovxN-Mo%hM@-YyJFit"
"clelia.prandy@edu.tbz.ch"|"k1YTY$-M6#uQ@-r3QuvP"
"ake.osban@edu.tbz.ch"|"$u2c4a-9xt%gZ-TCmMf8"
"cunegonde.brunn@edu.tbz.ch"|"0#J3ND-a1SU$8-HRmmEr"
"long.grizard@edu.tbz.ch"|"t4pe$%-cYA#ZP-%0LyIv"
"meghane.diss@edu.tbz.ch"|"iyv5hY-O2HFM1-G2lG9V"
"therese.oldman@edu.tbz.ch"|"TUvzg4-4VZRnu-7wYZWs"
"boerje.scamerdine@edu.tbz.ch"|"g6D4TL-VwLlM5-4o1u1M"
"du.saban@edu.tbz.ch"|"%mcm3I-FsTYhw-nQojuj"
"hakan.clynmans@edu.tbz.ch"|"qgYXvR-#x79$p-&XMFeN"
"wa.macdowal@edu.tbz.ch"|"z6z6UY-$8MalD-uVhvwk"
"venus.hatrey@edu.tbz.ch"|"0avLox-QO0it#-lKCZL4"
"anaelle.vispo@edu.tbz.ch"|"3UYPYy-SNn9rQ-nCCgwL"
"mahelie.ollcott@edu.tbz.ch"|"ZdofN4-WQXz2Z-GPZlma"
"mediamass.whyman@edu.tbz.ch"|"PN59ZB-ILmPQ5-g8Dp7A"
"esbjoern.basson@edu.tbz.ch"|"CkFA#u-g@yNtM-&Kqf7U"
"andrea.morrill@edu.tbz.ch"|"kt8Jnx-1UU7BI-h4oXE@"
"melys.grassi@edu.tbz.ch"|"ExP@l4-pAeQID-lkAbj8"
"leone.poleye@edu.tbz.ch"|"EDkoNV-2Y7FRD-s8zBvX"
"francoise.penny@edu.tbz.ch"|"XmbQRf-9vWMjM-UP#V&n"
"rebecca.edney@edu.tbz.ch"|"FeuTiE-QQFrnz-T4W3HA"
"adelaide.murtagh@edu.tbz.ch"|"gZ$m%Z-m$cjzi-sl6j##"
"stevina.winterbourne@edu.tbz.ch"|"1csKJS-C$zX5m-vMhVAh"
"ma.cottom@edu.tbz.ch"|"C%@gD8-Sj8Z1s-d#R&g%"
"tan.harold@edu.tbz.ch"|"qTQZ@R-ihIh&A-#ce07m"
"venus.forte@edu.tbz.ch"|"@fwjie-iNMKTK-sSKSPZ"
"almerinda.oluney@edu.tbz.ch"|"TY83g$-5hTrq%-qiel5n"
"cleopatre.brehault@edu.tbz.ch"|"kQpc5h-cNKFNi-HGQH5f"
"interessant.lapides@edu.tbz.ch"|"kCy$B0-WbSaA%-C3%Y6e"
"reserves.hallatt@edu.tbz.ch"|"tf&C&Y-gOJOc2-u99t%A"
"annotes.birdwhistle@edu.tbz.ch"|"1VIvDk-p9h0Uc-vTumeb"
"ai.dredge@edu.tbz.ch"|"Hy4qZU-r%T$1n-Ruj3@P"
"megane.mussard@edu.tbz.ch"|"RwhSf@-3kbn3V-O5EbI%"
"esbjoern.gowrich@edu.tbz.ch"|"a$mo35-nghWOE-X8e@9A"
"boerje.brislawn@edu.tbz.ch"|"soKJZY-S@@Q0a-bSi%hu"
"becassine.wilce@edu.tbz.ch"|"%FmvZK-k3hEAQ-3Jy5&t"
"personnalisee.oels@edu.tbz.ch"|"$J5#rE-2qiTDg-czpHvZ"
"verane.pett@edu.tbz.ch"|"E8lxTJ-Gwjyn4-oxXMbz"
"marylene.glewe@edu.tbz.ch"|"oyG8K7-T10Q6J-7&eP@3"
"lai.elson@edu.tbz.ch"|"n%76fo-@EgpMg-1ienAo"
"serena.difranceschi@edu.tbz.ch"|"vZ2uVE-eSDfMk-ZVddG8"
"lie.espinel@edu.tbz.ch"|"jZiwEb-RgEQ%#-SDA9MR"
"marylene.fantini@edu.tbz.ch"|"@YeusC-nSp@zh-uG@bco"
"andre.archdeckne@edu.tbz.ch"|"qh4fnY-$SvMwr-LZd3La"
"goeran.bohlingolsen@edu.tbz.ch"|"abdhyO-277gjh-KLXKd#"
"cunegonde.heffer@edu.tbz.ch"|"nTla@v-$EK$hd-16kqlQ"
"tan.fechnie@edu.tbz.ch"|"@Pihnn-7o5tdP-sKfmb1"
"marie-noel.brammar@edu.tbz.ch"|"qPlPqI-AmV6@R-FaLM2H"
"simplifies.aven@edu.tbz.ch"|"RgmJQy-Qf5UT$-%A5&fy"
"melys.pinchen@edu.tbz.ch"|"F7uYRK-wFG4gP-fgZalH"
"edmee.joyner@edu.tbz.ch"|"F51dLe-D3SXaU-ZTVwwy"
"berengere.edess@edu.tbz.ch"|"6nZECj-2d0z0w-&dMuTm"
"marie-noel.goward@edu.tbz.ch"|"#o8hpZ-lkEBH&-&fTOnq"
"ju.edmons@edu.tbz.ch"|"kI34Gr-ctntEQ-DegUnZ"
"frederique.airds@edu.tbz.ch"|"Ohru4A-OkkVM4-g0iNUf"
"reserves.dauby@edu.tbz.ch"|"h%KUtW-CX5@ZP-d88c$H"
"hakan.gynni@edu.tbz.ch"|"5nrztV-9z0hDm-7uV@bx"
"leonore.pinwill@edu.tbz.ch"|"UkVPgY-K%1USm-KEIX9I"
"marie-eve.mcallan@edu.tbz.ch"|"JfHJ&o-rfqXwr-2reXnW"
"naelle.yeabsley@edu.tbz.ch"|"4188sG-1@#VeM-9JjDPc"
"nelie.jacobovitz@edu.tbz.ch"|"BEJeIn-YVQnGh-XMXJ#l"
"adele.conelly@edu.tbz.ch"|"Dh#pQ6-Je0rjx-q@BXjB"
"clementine.dondon@edu.tbz.ch"|"jMemkW-tnzGUe-zvmEgc"
"zhi.willcot@edu.tbz.ch"|"aolMPs-zNi9md-vLz8Xd"
"chloe.janicki@edu.tbz.ch"|"nHV%Da-0jAGVD-ezqz6d"
"meng.linde@edu.tbz.ch"|"GoMT04-MSN27$-lndy2z"
"celine.janisson@edu.tbz.ch"|"MnodIo-ipCeIY-EuKTdt"
"clelia.crow@edu.tbz.ch"|"X6xF5s-8tTLNd-POQNtd"
"cecile.pyott@edu.tbz.ch"|"@s5xLI-vybDgs-3az1qn"
"ma.fidelus@edu.tbz.ch"|"Iy#UG&-C%dcP2-h27Dva"
"marie-helene.poore@edu.tbz.ch"|"QC9G1E-NuPv@S-6QZ#Mz"
"elies.blanket@edu.tbz.ch"|"iu#V#Q-1kRggH-wAaV#O"
"yu.boyer@edu.tbz.ch"|"dz7o6X-bWV20c-AyOi8X"
"celia.welds@edu.tbz.ch"|"hxkqgi-WAr$F6-fef9cl"
"du.gunney@edu.tbz.ch"|"T%m4zf-W2Iprf-MjPadF"
"goerel.crush@edu.tbz.ch"|"nS%KLy-n%gV%A-KWAjDy"
"marie-josee.brosius@edu.tbz.ch"|"1&6b6D-qrUX@#-2$O&HE"
"camelia.adds@edu.tbz.ch"|"ZIZ%Hj-Axs4bI-OfH7%n"
"anae.irwin@edu.tbz.ch"|"AedrJX-U&K@np-VzsL6d"
"cleopatre.skeffington@edu.tbz.ch"|"s2M43P-m#DFZr-FtOYxc"
"gerald.suggate@edu.tbz.ch"|"SbQgn%-JoF0fu-0ZSw52"
"laurene.tailour@edu.tbz.ch"|"3fBW80-r3Kg#i-pA0WyM"
"amelie.hoble@edu.tbz.ch"|"%qxwhE-bzXyWy-2SV4xK"
"venus.getch@edu.tbz.ch"|"D3Q&7l-pf2J1w-yApvbA"
"renee.treby@edu.tbz.ch"|"2%QzGc-ebbEF#-1SHCRj"
"almerinda.stait@edu.tbz.ch"|"W&Id1V-nH&rw2-izkUj5"
"andree.reddecliffe@edu.tbz.ch"|"krOF6u-i6xKeE-MtAKq#"
"leone.wintle@edu.tbz.ch"|"Dv$YYj-hifQFb-%a6Vl2"
"gerald.fellow@edu.tbz.ch"|"%gt6@@-5JBMPR-HG78ON"
"ju.gudger@edu.tbz.ch"|"6fesAB-wrUF54-7v0Vu9"
"meng.ohaire@edu.tbz.ch"|"p8P$Az-BY5sFq-ro1tjb"
"cleopatre.missington@edu.tbz.ch"|"w8%txY-Ys8RPb-FMNcXM"
"annotes.debruyn@edu.tbz.ch"|"O1X7#O-Hud0T0-EyEqrT"
"gerald.sinisbury@edu.tbz.ch"|"%Fh%uG-6e9sC$-sA1MK4"
"creez.slora@edu.tbz.ch"|"qjOF1e-9gTJ7l-ba@Gx1"
"gisele.benbow@edu.tbz.ch"|"j9Zn7G-E6zD1s-c&DDah"
"pal.dossit@edu.tbz.ch"|"7$r#2w-8&82xA-UtvRKo"
"nelie.stirrip@edu.tbz.ch"|"2XYKI&-6@4$@L-ICXP7u"
"alois.ocrigane@edu.tbz.ch"|"E6b#TH-n$OU$N-BgLnbl"
"kui.mcterry@edu.tbz.ch"|"D0xSUM-CYUtoZ-PbAoWl"
"long.willgoss@edu.tbz.ch"|"F&Rej6-UHjMsp-9rm4c4"
"francoise.sumpner@edu.tbz.ch"|"2EMmNs-h#3y@@-PGgOtJ"
"maely.grinstead@edu.tbz.ch"|"6kHccm-BDjPPn-zxZ&In"
"creez.langeren@edu.tbz.ch"|"LF9m@e-S0Jc%A-sCHnS#"
"adele.dungate@edu.tbz.ch"|"@YdDZV-lybJSZ-U8D53j"
"cleopatre.noirel@edu.tbz.ch"|"1lUrqU-cngdPR-l9&$Vl"
"interessant.daverin@edu.tbz.ch"|"OklyJh-K$Gs60-Q3ge76"
"naeva.kalderon@edu.tbz.ch"|"xZkVr7-hnd#pE-cc1Xg6"
"anais.oshesnan@edu.tbz.ch"|"e6FzAs-eZ7HTL-YbEYt$"
"judicael.anelay@edu.tbz.ch"|"WH8ll7-kDVXjo-jnuRkB"
"eloise.braxton@edu.tbz.ch"|"iVOKCi-zPjw#f-knwE3z"
"desiree.greguol@edu.tbz.ch"|"74O16%-ps4DwI-$qZ9tX"
"maite.mcclenaghan@edu.tbz.ch"|"&L50Zc-%JqL8m-3Z75cM"
"meng.doret@edu.tbz.ch"|"zCk1XY-1Thd4a-dIXHRf"
"frederique.chippendale@edu.tbz.ch"|"OkL&mR-iRfz0t-yBZdZQ"
"andreanne.lanney@edu.tbz.ch"|"wFHRo1-QXew81-AGnEl3"
"aurelie.claus@edu.tbz.ch"|"RVWoXL-5UEwEz-1Wj6Cp"
"renee.pabel@edu.tbz.ch"|"P%4@fa-jdyVqk-x9iuF$"
"maena.roust@edu.tbz.ch"|"%ebU#b-RQF6Y&-Aq7vpS"
"nadege.carwithim@edu.tbz.ch"|"$O76Y0-e0YK3K-EhUQL9"
"solene.geyton@edu.tbz.ch"|"D0KLP@-cizWQC-NBevMA"
"dafnee.avraham@edu.tbz.ch"|"vMtboi-KSS6hC-HZoVCr"
"leane.woolvin@edu.tbz.ch"|"gpKQsi-bIwQ12-qx&RYN"
"adele.macadie@edu.tbz.ch"|"&xs8Bs-RQETzl-dIezcP"
"meline.rubica@edu.tbz.ch"|"WelhOC-MKUNEB-wCq#sl"
"marie-noel.speeding@edu.tbz.ch"|"n@QDnd-e2GqSM-5MlhQk"
"nelie.mix@edu.tbz.ch"|"n7HWye-7WjEuA-h1dLo#"
"clea.ollett@edu.tbz.ch"|"dr24DA-FPLH@u-IzuHVn"
"leandre.mcgavin@edu.tbz.ch"|"RBs&lR-D#dhNU-TLphgn"
"cecile.behne@edu.tbz.ch"|"xBEQpn-BFFXRn-phmpjd"
"melanie.polle@edu.tbz.ch"|"dC8Kzb-AMNAm$-@30bR%"
"marie-josee.titmuss@edu.tbz.ch"|"a9kdLC-9&%2V1-LjcY9#"
"helena.guest@edu.tbz.ch"|"qwbv7V-H1ydO3-m6b3Vt"
"annotes.chicchetto@edu.tbz.ch"|"lY$JCV-AEhpMv-KuSLYU"
"melia.tubb@edu.tbz.ch"|"f5APy@-utqWcC-eGf&eX"
"angelique.casetti@edu.tbz.ch"|"ARb5W2-g3tQTl-Fkstjm"
"cunegonde.cleall@edu.tbz.ch"|"UitP2e-Jh21w0-yw5Xex"
"camelia.oaker@edu.tbz.ch"|"zAjNzG-3G#S3J-O9oYQv"
"you.searight@edu.tbz.ch"|"U7wkaX-%bwvqS-SxAmJo"
"kevina.dederick@edu.tbz.ch"|"J01CDX-8XXpg5-l%CAiO"
"milena.jeffrey@edu.tbz.ch"|"4WEtzQ-smTNKd-KulRAJ"
"melodie.barkshire@edu.tbz.ch"|"wAVc$f-mW8pKf-RQdI8e"
"gaelle.kreutzer@edu.tbz.ch"|"a4i7GC-Gd8IV6-bHFh3O"
"kalliste.kleinpeltz@edu.tbz.ch"|"o#SkaU-YA$vg$-%#47c7"
"clementine.danat@edu.tbz.ch"|"KHH58z-Ry7dBo-k103EX"
"andrea.wabb@edu.tbz.ch"|"&iwyKz-tW3%R#-w#vwoG"
"geraldine.piesold@edu.tbz.ch"|"yI5VeG-1gcxcb-fbQ#$O"
"tan.fiveash@edu.tbz.ch"|"ZwGGxh-NU$zx2-82kCkS"
"meline.yuranovev@edu.tbz.ch"|"RcNbbf-8N@Lyn-of&w1j"
"therese.holme@edu.tbz.ch"|"pTvBw2-koWp%v-giF%Fg"
"salome.vaney@edu.tbz.ch"|"sJWp1M-VFsTcw-tWYE4Y"
"anae.abramson@edu.tbz.ch"|"JlnOcv-WMCHl1-Xl5Z%s"
"kalliste.jimson@edu.tbz.ch"|"RrLkUw-gOUaj5-OlDF48"
"selene.yole@edu.tbz.ch"|"N&Nwb0-IoB3GM-SkYp6b"
"agnes.defraine@edu.tbz.ch"|"svFPUT-WSJQ7f-fcTESW"
"faites.mccluin@edu.tbz.ch"|"H%G#C6-rawU1C-Dji2Dg"
"athena.deme@edu.tbz.ch"|"CeVSOP-dX9JV@-51sPVC"
"daphnee.brigstock@edu.tbz.ch"|"hUuzhh-v$oB#&-bLao@c"
"goesta.skaif@edu.tbz.ch"|"s1PsV$-#h5bXI-rDVsxx"
"oceane.jagoe@edu.tbz.ch"|"50oPD7-j$aLBt-4f96Tx"
"annotes.broomhall@edu.tbz.ch"|"CT8WBc-$ID6#N-Ke3Kns"
"marie-eve.ballendine@edu.tbz.ch"|"dP##kz-1xfsYj-Ubx@##"
"melina.spykings@edu.tbz.ch"|"@1%Gb&-ywpk&t-sZW&jc"
"laurene.ticehurst@edu.tbz.ch"|"$#UvOe-4hzbO3-gWwC63"
"fei.avramovic@edu.tbz.ch"|"czT$UJ-P&K%MS-CbZZp2"
"publicite.strathearn@edu.tbz.ch"|"L$mlX@-SEjHOH-%#uJMb"
"torbjoern.garrow@edu.tbz.ch"|"13&3eH-K4@pO$-RQ%UKJ"
"chloe.rubinsztein@edu.tbz.ch"|"c2lTmz-ZTXHij-sACq#b"
"mylene.demanche@edu.tbz.ch"|"5DSpVh-25KjDf-C7#cFv"
"mediamass.godlonton@edu.tbz.ch"|"m#PgP5-uOb3tg-l92ezl"
"renee.shurrocks@edu.tbz.ch"|"@01Hgs-GUl9nl-Xu1vG6"
"maiwenn.jedras@edu.tbz.ch"|"S&cwCb-FKwVnp-L#oAqv"
"genevieve.castells@edu.tbz.ch"|"Abt1nO-tFjdAw-iedfj1"
"renee.sneden@edu.tbz.ch"|"Qm3e1t-mWStfC-Wmx#Um"
"lai.mccallion@edu.tbz.ch"|"h6rYSH-YxMxks-jDNBxH"
"kevina.impleton@edu.tbz.ch"|"BHQjw%-w0$%s3-LTNWjV"
"oesten.fresson@edu.tbz.ch"|"$XdjnA-eMd6Y2-M6CCQp"
"verane.shawley@edu.tbz.ch"|"%CYW4W-Q$YOWM-UuJHaj"
"uo.sjostrom@edu.tbz.ch"|"jBj2wZ-w&5fXS-2e6hzO"
"gisele.gothup@edu.tbz.ch"|"#2M$Z$-WsuvJM-$2&QBf"
"renee.beauman@edu.tbz.ch"|"L7Y9nu-CxEa@K-1YO2X4"
"elies.loton@edu.tbz.ch"|"kAj%r8-mV@$P3-rjAH5m"
"valerie.elsmore@edu.tbz.ch"|"rwzy$m-0RT#fC-ZyIYNW"
"berangere.delafeld@edu.tbz.ch"|"1@Z1dq-gcJBtT-m14wbW"
"bjoern.schimke@edu.tbz.ch"|"QB0p3&-BjbRJz-XTqTD5"
"loic.ericssen@edu.tbz.ch"|"JYmwbx-jom4CN-yVNfZq"
"creez.richarz@edu.tbz.ch"|"qjA7V8-PQwOUZ-#l3tHQ"
"athena.grocott@edu.tbz.ch"|"5MycBF-@r@z0O-PoYcil"
"naelle.piotr@edu.tbz.ch"|"AwfEAz-Y4$eof-GK@uXe"
"maella.paulson@edu.tbz.ch"|"ZOQ0pP-mGSjI&-H79FtC"
"song.perot@edu.tbz.ch"|"FgvzgE-WoCzII-&i0NKL"
"kalliste.heckney@edu.tbz.ch"|"H9xAxN-r1CdVr-mIJJlQ"
"ake.vasyutkin@edu.tbz.ch"|"G0TNRk-ZOJw&o-AGWikR"
"ma.castles@edu.tbz.ch"|"OunORG-IvAVga-UE#Zyx"
"maely.monget@edu.tbz.ch"|"oCrGMI-s$hA4v-D%3Cj2"
"tang.durbridge@edu.tbz.ch"|"v6AXM7-E8R7@L-X3wT9Z"
"laurene.andrew@edu.tbz.ch"|"xmISuQ-QGRZ2U-KjNqR8"
"lysea.beacon@edu.tbz.ch"|"pR1OWr-Jj4A3%-jDfO@B"
"leandre.peyntue@edu.tbz.ch"|"AFIB4T-ux77Al-CBfSJj"
"rao.trever@edu.tbz.ch"|"1gM18l-Q37SCG-li7r94"
"mahelie.streader@edu.tbz.ch"|"sIA7&Z-kiyDRW-&cC3OQ"
"maerta.andrejevic@edu.tbz.ch"|"W1OFOR-KfjEuB-gQtHKx"
"goesta.tompkins@edu.tbz.ch"|"ndYAI#-v55TSm-U&FbSE"
"helena.agates@edu.tbz.ch"|"vNYgNq-r7SI6A-U90XuJ"
"therese.glass@edu.tbz.ch"|"J8$6&6-vgY4&L-zhNxY8"
"alois.foan@edu.tbz.ch"|"V74zBQ-I#mHNC-Cy3TRc"
"becassine.melchior@edu.tbz.ch"|"pRjEmK-XRJwYo-JC0fP8"
"cloe.robart@edu.tbz.ch"|"a$U&fi-Jmy5lw-BQFFTQ"
"daniele.puckinghorne@edu.tbz.ch"|"jHs6aS-9JX1Pm-3UMyxz"
"selene.cammidge@edu.tbz.ch"|"VAJNvT-tiqHt@-vYe6yX"
"regine.conochie@edu.tbz.ch"|"3Z3iUM-dsUwRK-WxQtV%"
"interessant.tuiller@edu.tbz.ch"|"t$Q5ua-K@80&Q-LzxAkg"
"long.tiebe@edu.tbz.ch"|"@mvRwl-PtdygU-@#M#VM"
"mans.yele@edu.tbz.ch"|"$%fX&6-Q$guPe-Ez7us%"
"ai.giles@edu.tbz.ch"|"FHl%QS-7#thR3-jeDFyd"
"gaetane.hamberston@edu.tbz.ch"|"NI8tkc-z$gInv-dlY2Mg"
"marylene.fenix@edu.tbz.ch"|"VgWwVV-&Ffsqd-QapMFR"
"geraldine.graeme@edu.tbz.ch"|"Mx7HvP-NT#3Vt-4pnvTM"
"tang.kinglake@edu.tbz.ch"|"@IQYHY-lEnuht-aHbOJ#"
"lai.challoner@edu.tbz.ch"|"s@9adN-WpNi&B-wG&nd%"
"desiree.mattei@edu.tbz.ch"|"xw&6pP-Rd$qS%-wNvp%l"
"ake.erley@edu.tbz.ch"|"E2Yws&-vA2T9J-bRB#IH"
"edmee.cavil@edu.tbz.ch"|"IJpy2x-usLfH3-LT%A77"
"alois.moyes@edu.tbz.ch"|"RTUAbJ-hWWBXq-fidqmR"
"becassine.pitman@edu.tbz.ch"|"%GqI$$-GqgcNw-aCpK$F"
"ai.giacovelli@edu.tbz.ch"|"ebz3Vh-%W0a9N-2HN4BH"
"judicael.fruchter@edu.tbz.ch"|"7Gkvod-TXIn2D-onxA0X"
"mans.mogg@edu.tbz.ch"|"eptQT8-z1jH&V-i#z1m0"
"gerald.foyle@edu.tbz.ch"|"4Fjvo$-jHmLgj-xZJCn1"
"wa.androletti@edu.tbz.ch"|"lnGofn-LRNfhc-gwJ1Da"
"meng.ollett@edu.tbz.ch"|"OFl#Iw-eaLpu0-M@3WCg"
"naelle.macmenamy@edu.tbz.ch"|"$c53lk-tc2Ig&-5qAg2B"
"gisele.mcramsey@edu.tbz.ch"|"uyqdk&-vMX&x$-nx%sf4"
"meryl.scolts@edu.tbz.ch"|"zQC2TO-50lBL$-H5BCqU"
"celia.bloxsome@edu.tbz.ch"|"W4qBTO-tkzV@3-IReCBy"
"styrbjoern.stuke@edu.tbz.ch"|"y6c4TO-JIaJ34-$9EKZQ"
"felicie.gwilliam@edu.tbz.ch"|"VDOR@g-u$O4R6-fxcQ1k"
"da.harms@edu.tbz.ch"|"GjzrhO-oXqY4J-VxJlK4"
"celestine.baulk@edu.tbz.ch"|"FQT3M$-gnkdkx-1vzEQt"
"mahelie.blackledge@edu.tbz.ch"|"GTyleG-@dLap8-F$Je7b"
"meghane.salt@edu.tbz.ch"|"sk139c-LDRogz-13xi1H"
"methode.paxeford@edu.tbz.ch"|"KeYn2p-z&dc3D-m8aDBt"
"asloeg.milligan@edu.tbz.ch"|"hLRJ$C-N5ZCTJ-x9uXNU"
"you.pellman@edu.tbz.ch"|"@DPIMc-2fjE4T-t6XIqd"
"loic.regenhardt@edu.tbz.ch"|"GT6X%o-CsTM#1-K%#crz"
"daniele.savill@edu.tbz.ch"|"i8Dthf-kg2RJO-OzoTuU"
"alois.cornu@edu.tbz.ch"|"4J$UjR-NJjhZu-7l7EVR"
"oesten.govey@edu.tbz.ch"|"2&RyGU-sW4xoD-hCZfEk"
"marie-eve.louch@edu.tbz.ch"|"lv98IC-aSIHDc-q90x2#"
"theresa.wenn@edu.tbz.ch"|"NIBZ@&-TDfcom-tOvYEd"
"andree.eul@edu.tbz.ch"|"kfb66m-NK4iMx-TX#afI"
"lie.paynton@edu.tbz.ch"|"Jgd%@0-BRr@Cr-8F@SAu"
"marie-eve.girodier@edu.tbz.ch"|"faZ&ay-yb6nl$-SrI1&1"
"marie-noel.smithe@edu.tbz.ch"|"89QRB9-YFWNQP-5&kLZt"
"men.bootyman@edu.tbz.ch"|"sfI$io-c2iusX-IUmfXL"
"ku.sugg@edu.tbz.ch"|"M3Q3$w-yJeKCw-a3EHCX"
"lucrece.roseman@edu.tbz.ch"|"VHsMTC-kiCjhG-rmhOxD"
"zoe.annear@edu.tbz.ch"|"UwtFcr-FlQeIH-N$Btwx"
"marie-helene.rennebach@edu.tbz.ch"|"7ayq3R-lh97jm-iL1ADo"
"lea.djurdjevic@edu.tbz.ch"|"V#J1X7-KP7Bqr-IOS$4%"
"goerel.robert@edu.tbz.ch"|"p5ez#P-%%it7Z-SLCr5N"
"mylene.foldes@edu.tbz.ch"|"gImeRM-2g5leW-xyMp6i"
"faites.clegg@edu.tbz.ch"|"#KQm$z-DDf6Ty-8AOM8M"
"marylene.crowcher@edu.tbz.ch"|"IS4%jc-&0CyfS-iiVZQ4"
"aimee.wimpeney@edu.tbz.ch"|"PV3HO1-3MNiXa-jDq1o6"
"renee.atkins@edu.tbz.ch"|"@GoXMC-uX7OC5-#SWs1$"
"rejane.cainey@edu.tbz.ch"|"hbCJVT-Sg@gzN-nxLn24"
"solene.britney@edu.tbz.ch"|"AGLy2W-FQ#aTW-Re$x&h"
"marten.shatliffe@edu.tbz.ch"|"3hcFrX-fDYG9%-@eRqfZ"
"maite.issatt@edu.tbz.ch"|"sdq4FC-9nkYQG-fHNzky"
"maelyss.edon@edu.tbz.ch"|"ntFhVM-O$vlbC-CS8@p2"
"nuo.bamling@edu.tbz.ch"|"8YfVB8-YAmN3i-0Qeg%o"
"anais.edards@edu.tbz.ch"|"d8hnyp-2z6qy&-yMbVTs"
"mediamass.bromet@edu.tbz.ch"|"Ueh$Td-uxyyPR-jluiGu"
"beatrice.kimbrey@edu.tbz.ch"|"v@sxPo-t1VNtZ-wNv2$#"
"ines.lawranson@edu.tbz.ch"|"hlK$xJ-nRIf@D-ToIN@6"
"kalliste.scandroot@edu.tbz.ch"|"TTF2%2-kkPx&D-$R%9#o"
"mans.barrowcliffe@edu.tbz.ch"|"V7NM3f-JhFQ3J-ri9qjH"
"irene.couves@edu.tbz.ch"|"sOPtQK-PX9I&k-m7DsNg"
"milena.mucci@edu.tbz.ch"|"85jpw6-pQK7zK-$egqY0"
"naeva.cow@edu.tbz.ch"|"irhC&q-@7gqPU-FW&O#z"
"audreanne.mournian@edu.tbz.ch"|"SXMkpk-3R3NoZ-4c#q$&"
"melia.sinnatt@edu.tbz.ch"|"msBiYk-mQxWF2-hgqAh1"
"nelie.burnard@edu.tbz.ch"|"mOb8QJ-shzohC-u@ZMzu"
"clelia.ashfull@edu.tbz.ch"|"Pc3$lQ-odh$7w-p7mFwT"
"lie.macard@edu.tbz.ch"|"K4DF9u-tDV3ja-zRjh5s"
"valerie.matoshin@edu.tbz.ch"|"nnMU36-4COCg@-u#DH7m"
"anael.hatherleigh@edu.tbz.ch"|"UQIQvv-$li7PI-BSMU9%"
"interessant.warratt@edu.tbz.ch"|"JY8G9$-vuOacp-Xw6f2I"
"eleonore.volage@edu.tbz.ch"|"gGHKdZ-x3iqOQ-btnALJ"
"zoe.stebbing@edu.tbz.ch"|"BHwrpY-vT1zZ2-&Y8Wlv"
"alizee.nye@edu.tbz.ch"|"KhxuP4-A0H4EW-wcoKdP"
"celestine.bramley@edu.tbz.ch"|"VU%Xcg-KaXGis-O#BVsE"
"selene.philcott@edu.tbz.ch"|"2McDgz-9D@wZQ-%fBozZ"
"tang.newens@edu.tbz.ch"|"JSGY$b-OugwlS-89U92x"
"annotes.powys@edu.tbz.ch"|"$k6sQf-zl3DsL-#GZ6EA"
"lea.matthesius@edu.tbz.ch"|"#U8I69-mQ@C1X-hzdCtS"
"illustree.garlett@edu.tbz.ch"|"vGR&0k-zrN0g4-ZowWyV"
"maiwenn.meachem@edu.tbz.ch"|"nAbJ@q-w#T5B#-45BHQK"
"marie-francoise.mcbrady@edu.tbz.ch"|"8fuCut-VxW1&J-CCrZSR"
"illustree.gimbart@edu.tbz.ch"|"7gJvCt-SRSoMV-3kIZ&J"
"melys.lyosik@edu.tbz.ch"|"B3EuV%-FuNZ0n-m#srjw"
"marylene.mcnab@edu.tbz.ch"|"deMM&8-TNaiob-nccxSo"
"gerald.blount@edu.tbz.ch"|"fBPXp6-KlPEkR-yX1@@m"
"clelia.shakelade@edu.tbz.ch"|"hXvrKO-5VU#BG-mg#k@d"
"penelope.cridlin@edu.tbz.ch"|"F8ue84-5EXo4X-SP2RWU"
"maena.okuddyhy@edu.tbz.ch"|"Vs@tad-#BWuSi-xfRW#O"
"athena.keynd@edu.tbz.ch"|"iJ@9mO-A&MK&N-R#E9x8"
"cloe.dwine@edu.tbz.ch"|"Ie@8o2-1v8w0U-i271Q2"
"josephine.browett@edu.tbz.ch"|"ymSDm%-0WTTVO-pH94oG"
"audreanne.oscanlon@edu.tbz.ch"|"wrrAMX-ocXmbR-STiy16"
"fei.jeanequin@edu.tbz.ch"|"mlhy0u-RmqlcZ-51#Mau"
"lois.gormally@edu.tbz.ch"|"064@tw-5BekF6-cw%H2N"
"marie-francoise.finnigan@edu.tbz.ch"|"yZBaYZ-xW9uRf-Jh3qNh"
"leonore.trussman@edu.tbz.ch"|"E7det0-bbsfEO-P$zKWZ"
"anaelle.trumper@edu.tbz.ch"|"7GJRCm-S9Kz1W-Ogrnx0"
"clemence.dionis@edu.tbz.ch"|"3DiUdq-upH0Zy-rIZhnm"
"lois.tranmer@edu.tbz.ch"|"RlHKBx-B#wvu$-xSLWy9"
"interessant.volett@edu.tbz.ch"|"MKVl3t-qG%s0U-qDvew4"
"personnalisee.deackes@edu.tbz.ch"|"YlSoCU-SBDWO4-&2Qy4q"
"lie.vasiliu@edu.tbz.ch"|"cJ1Aai-4A#YGV-bMhbmz"
"dafnee.lamputt@edu.tbz.ch"|"OsK0ZP-SldyKS-j3Dkrt"
"elies.bromige@edu.tbz.ch"|"xXYHsk-Eb6HqM-n5xq6U"
"helena.klosser@edu.tbz.ch"|"n1EEXq-5D3rbK-@pwU&S"
"andree.grim@edu.tbz.ch"|"wEm8Zt-rjqpdu-cHYIjU"
"verane.coldbath@edu.tbz.ch"|"ok9%rn-DyMwvP-Lo@MIV"
"helena.bethell@edu.tbz.ch"|"AKWUCZ-elfe$F-cYnu$S"
"kalliste.carefull@edu.tbz.ch"|"FXsaPA-TYYqmD-qhszrw"
"regine.odams@edu.tbz.ch"|"Lyr2xm-sGwQmN-P6F5eH"
"len.stannus@edu.tbz.ch"|"vh2zC#-FLNV6J-0ArRX4"
"angelique.works@edu.tbz.ch"|"uz%2MY-jjsVaK-0X8Z@m"
"goesta.rheaume@edu.tbz.ch"|"5vIsok-ydgeMG-Cnl@ec"
"maelys.tynnan@edu.tbz.ch"|"2h%i5a-o@oHZy-TDfUh#"
"maelle.carlesi@edu.tbz.ch"|"H11OkT-LTN4dM-#Kwl%u"
"anael.spurden@edu.tbz.ch"|"qI0GpS-CHBMAV-xx&@nc"
"helene.pumfrett@edu.tbz.ch"|"5xgdpv-pHU8BM-It9Gsz"
"goerel.pearn@edu.tbz.ch"|"Nt#D9F-5TGb2v-BO2vRF"
"laurelie.dezamora@edu.tbz.ch"|"FEIESR-10U8Pj-%d5h09"
"yao.twidale@edu.tbz.ch"|"VEvvx1-pw6DmY-zMvMw8"
"berengere.sola@edu.tbz.ch"|"qv$ZJA-L03CdC-q5yqUM"
"maelann.hardistry@edu.tbz.ch"|"Cr%X8z-jbLR63-V$mdvg"
"severine.littlefield@edu.tbz.ch"|"Whnyse-j5OBeL-sM#0$A"
"salome.heinl@edu.tbz.ch"|"UsGgcf-RpH8F9-$luuXW"
"meryl.warbey@edu.tbz.ch"|"ujhsw8-%4ejfp-q&GuLc"
"da.hunstone@edu.tbz.ch"|"u5&XfH-rGdceW-7pSE$Z"
"venus.broadbury@edu.tbz.ch"|"HUoCHQ-$oKpMZ-uLM9qn"
"meghane.rentelll@edu.tbz.ch"|"OKtCxM-4ZDOkS-tTgXCE"
"marylene.drewitt@edu.tbz.ch"|"kDV0vi-3DWCZd-Z8bKoH"
"melinda.jacquemet@edu.tbz.ch"|"jZg20&-SyudHK-TmE6B$"
"marie-josee.keyden@edu.tbz.ch"|"JuvNTO-70hvFe-bi2Hfc"
"asloeg.montacute@edu.tbz.ch"|"VCH#u%-qg77Mp-Q7&ocn"
"ku.andreou@edu.tbz.ch"|"Ct69uk-nMmeoX-eXn3ii"
"personnalisee.feaveer@edu.tbz.ch"|"hGSv5H-MLUTfM-p6WflB"
"laila.emptage@edu.tbz.ch"|"HmLO@b-l#ooOv-o5qIBb"
"bjoern.dawdry@edu.tbz.ch"|"il9kNo-u0&Fiy-oBshNS"
"marie-eve.dinsell@edu.tbz.ch"|"k928t@-VpBapv-j$VJdA"
"helene.follett@edu.tbz.ch"|"3Wv1Rf-8ZSfp$-l9GMQY"
"penelope.cordero@edu.tbz.ch"|"gzH39I-R&U0Wv-YAcDhs"
"boerje.beedell@edu.tbz.ch"|"3FnYAb-2Lc@ol-B&hS2y"
"nelie.ferne@edu.tbz.ch"|"MNw0My-DSuRaH-Rr4fKu"
"celine.ahmed@edu.tbz.ch"|"jCcxJs-9Yv1hj-jlsRnY"
"stevina.pimblett@edu.tbz.ch"|"DeattZ-4su3M4-f%l1p@"
"chloe.langlands@edu.tbz.ch"|"fJ3YL7-eigY&X-eh9EyP"
"simplifies.maude@edu.tbz.ch"|"DRnvnV-hwvpWL-6EKgNI"
"genevieve.decarteret@edu.tbz.ch"|"hp3I6F-Pd3qHZ-#w$yJM"
"marylene.mughal@edu.tbz.ch"|"%LVwYe-W1ROX@-3PGEWd"
"goeran.guttridge@edu.tbz.ch"|"c35m55-qMcpO7-Yb@%iZ"
"michele.smurfitt@edu.tbz.ch"|"lkO49m-Fsu1k4-AW01wV"
"methode.hadeke@edu.tbz.ch"|"qn8C4g-ST@6Zn-wjy6dI"
"therese.rispine@edu.tbz.ch"|"RsmetD-Ec#JdJ-ZOcUt8"
"goerel.plumley@edu.tbz.ch"|"UgnSd@-OsFfb3-i7MV$m"
"oceane.friett@edu.tbz.ch"|"@WpuDi-7RKqdH-cEBsON"
"marie-noel.achromov@edu.tbz.ch"|"9o4IH9-tD5c8W-#Cb3lx"
"dorothee.storek@edu.tbz.ch"|"5xk4PB-s@$dU7-m$vj4c"
"goesta.whittle@edu.tbz.ch"|"Rk&LRH-xTcagk-ueS1HG"
"desiree.casely@edu.tbz.ch"|"lOLi&X-6SsN@D-$LkmBR"
"felicie.condon@edu.tbz.ch"|"%JG2wv-GRP&ba-rJvt&Y"
"maelyss.frisdick@edu.tbz.ch"|"IAOOll-MCL@0x-QtX6X3"
"aimee.banke@edu.tbz.ch"|"Gu6Ewu-dTslAu-rAx7o%"
"naeva.hodcroft@edu.tbz.ch"|"Th%ltQ-PSUnCt-pn8m8i"
"laila.gerrans@edu.tbz.ch"|"#Pk05Q-UnXYPt-SQatKf"
"daniele.scrimshire@edu.tbz.ch"|"hmKBJe-dH2aCN-030dcd"
"daphnee.sheerin@edu.tbz.ch"|"5iY8cO-hFzNIM-o@#PoM"
"pal.vanyukov@edu.tbz.ch"|"B6M6um-NS24t0-CJzkwh"
"zoe.childs@edu.tbz.ch"|"pZEL6S-jI#CsA-6B5TNd"
"ai.corde@edu.tbz.ch"|"aadiEE-WpmMzt-ub%Rse"
"maelys.berryann@edu.tbz.ch"|"6$RmAj-EeS2bN-kC4Rs1"
"cloe.gladding@edu.tbz.ch"|"K7gnbY-rspG9u-AXenZl"
"wa.kinnaird@edu.tbz.ch"|"Cmv5UM-XY8Raa-&hIt%h"
"publicite.brittoner@edu.tbz.ch"|"FBmbf2-VlIyEc-qH6$V9"
"rao.windress@edu.tbz.ch"|"nF88&9-jf7Pzg-7qu0Nz"
"uo.kollach@edu.tbz.ch"|"TWO5Qu-%c%H&V-npzRBt"
"josee.peskett@edu.tbz.ch"|"YOunw$-IMy$yO-XxfQ1N"
"annotee.hasel@edu.tbz.ch"|"rM7mXd-lEtbwV-&u7pol"
"cinema.lee@edu.tbz.ch"|"DEJGbQ-sO0azA-Clj8qo"
"lai.vedeshkin@edu.tbz.ch"|"PZtr$n-fLu4Zm-mVjtJ3"
"renee.brisbane@edu.tbz.ch"|"tOBIzr-dJteM4-IpV1EC"
"ophelie.blincoe@edu.tbz.ch"|"Zfjt7@-xNbiw9-JZ60UT"
"zhi.prazor@edu.tbz.ch"|"5MkAjD-bsC1sA-vZPy1s"
"annotee.maddicks@edu.tbz.ch"|"JajCTF-iWOJ9n-K4ywX8"
"maelyss.codd@edu.tbz.ch"|"@Wd#Zw-ZwFn78-ddCOy6"
"celia.peplay@edu.tbz.ch"|"VdDYj5-ltvYk6-VoSJHq"
"interessant.skone@edu.tbz.ch"|"IjsoQ3-T0V8VC-gGBEdD"
"audreanne.hebdon@edu.tbz.ch"|"wx7%C8-aXkqJt-j04V9V"
"oceane.glen@edu.tbz.ch"|"o5BsdZ-gW$Q1@-5xnmY2"
"daniele.vanyushkin@edu.tbz.ch"|"HF1xgv-Yxjqjz-eA7HRo"
"daphnee.ayce@edu.tbz.ch"|"2r22hK-kOyVTA-yxXRUH"
"andrea.attride@edu.tbz.ch"|"d@QhA9-jZnjbG-r0xWaW"
"penelope.bridgwood@edu.tbz.ch"|"Cd4CqF-ESTLt0-dlqnTk"
"mailis.drewitt@edu.tbz.ch"|"8uPbh4-RJYy$7-GILjd$"
"penelope.mollene@edu.tbz.ch"|"EHOx&g-cbL$n1-o0P9J@"
"illustree.keely@edu.tbz.ch"|"Guji#q-2EE821-XZMI8s"
"meng.brisseau@edu.tbz.ch"|"S&9a2R-FM&ZM&-YWr7wf"
"ruo.cleiment@edu.tbz.ch"|"NBO%wu-lFI%do-u6ddc1"
"maite.krammer@edu.tbz.ch"|"AhJCaw-2U24&g-&iXBiy"
"genevieve.verry@edu.tbz.ch"|"5Gtfgi-Jf4DgG-PKD@Eu"
"lea.olochan@edu.tbz.ch"|"Tybx8j-DqWub0-H9LQfY"
"naelle.brunnen@edu.tbz.ch"|"fnf0Tr-nxtaY8-Gg@PtR"
"goesta.bragginton@edu.tbz.ch"|"o%rgs3-mu9awi-T2zunW"
"fei.danilyuk@edu.tbz.ch"|"qN6cgt-6#Du4L-$kLFiJ"
"adelie.turbitt@edu.tbz.ch"|"v2SQaI-1%8cu@-4@KbG8"
"marylene.nutman@edu.tbz.ch"|"ZV26UX-b$vHQh-$nhnxK"
"therese.barbrick@edu.tbz.ch"|"DIJq@#-qPPb9o-S&8ETS"
"melys.kolodziej@edu.tbz.ch"|"j%yisx-hoe4UU-3BMjsl"
"melanie.runchman@edu.tbz.ch"|"zzx50u-4sZh%&-GwxwQd"
"serena.lafond@edu.tbz.ch"|"LMPPlH-6g90JC-TlAaaF"
"pelagie.desmond@edu.tbz.ch"|"VnilGJ-%BP83K-6m3DBi"
"wa.spickett@edu.tbz.ch"|"z3Uu1H-rw$8E1-Rv3U8B"
"po.shave@edu.tbz.ch"|"0kg9A3-F5KdP@-AVplZD"
"song.huikerby@edu.tbz.ch"|"oR6gHn-OG@csS-ns0z47"
"melinda.bimson@edu.tbz.ch"|"Ngqo#2-4uTu3t-DNKJTJ"
"personnalisee.toffanelli@edu.tbz.ch"|"2Ernko-NoNFgq-@%Ny#l"
"leandre.hurn@edu.tbz.ch"|"MKDWkT-kF8FUa-9Kd087"
"oesten.standell@edu.tbz.ch"|"J9ug8F-I1oLl@-$iu0Ox"
"naelle.smaleman@edu.tbz.ch"|"2v4Z7l-eBdu3j-utXd3A"
"berenice.tayt@edu.tbz.ch"|"ugxvVG-@Xq%v&-xY50$O"
"kui.popplewell@edu.tbz.ch"|"94xIEd-0E8d$B-p41XmZ"
"melodie.ferandez@edu.tbz.ch"|"%g1$ms-ZS1d@g-FYGa9K"
"josee.negal@edu.tbz.ch"|"PkDEY&-caY9WL-&Y5JR3"
"melissandre.ferrelli@edu.tbz.ch"|"MKyVWI-JSWkSn-vxs$#c"
"josephine.kemmer@edu.tbz.ch"|"iUdUnI-9B&Qr1-pS1jZb"
"maely.cayette@edu.tbz.ch"|"uQWdgx-uTqQKI-W5AYlQ"
"nelie.vela@edu.tbz.ch"|"Gv7SKD-utQaz3-eKO5vP"
"melina.cortes@edu.tbz.ch"|"j36qjf-v1J5tL-WXD8oo"
"megane.leyshon@edu.tbz.ch"|"7jESUa-vw8TXo-hsoFf#"
"regine.harrie@edu.tbz.ch"|"vYguN1-GlonZl-mWUqvp"
"mylene.widdison@edu.tbz.ch"|"eb@7LR-H8b3oz-sX6$B5"
"pelagie.vivash@edu.tbz.ch"|"QfMilr-E3XPgq-zoHz72"
"styrbjoern.vicarey@edu.tbz.ch"|"e6r1Um-@Tz#a$-knTsYM"
"long.kyles@edu.tbz.ch"|"$$OEm1-w2G7Gf-XNArOF"
"stephanie.gipps@edu.tbz.ch"|"uejSD1-tdSI9o-LzUujm"
"clea.constantine@edu.tbz.ch"|"OgYhFr-J3svD6-Up$YNc"
"maella.cometto@edu.tbz.ch"|"JwHaAu-CH5akp-b&JMPC"
"laila.aubrun@edu.tbz.ch"|"lZkBU5-lMmai1-CA9uOv"
"yao.austins@edu.tbz.ch"|"phMqsK-EJDRpo-PxJSPl"
"mailys.rylstone@edu.tbz.ch"|"0wMr&s-GZcevW-BNWRxz"
"adelie.curuclis@edu.tbz.ch"|"d8&e87-fUGgQ3-qtGJF6"
"celine.longhurst@edu.tbz.ch"|"PHHGLH-C1X@Aw-G1fAFY"
"gisele.hazell@edu.tbz.ch"|"%E4CBU-XGjK8@-R3KhTI"
"celestine.ciccone@edu.tbz.ch"|"WORz&6-q%mzyS-6$3DxI"
"maelyss.doole@edu.tbz.ch"|"RZywZe-zYk1UV-LnUJIg"
"helene.grimsdike@edu.tbz.ch"|"Gh6ZfR-U9U5Bu-ig6H1h"
"lie.macer@edu.tbz.ch"|"iCE0rC-9@dExU-vMb2VL"
"maely.izard@edu.tbz.ch"|"45XkOq-V7DTf%-mCBcF1"
"erwei.breewood@edu.tbz.ch"|"Z6hPOD-TKktX4-a9oYLR"
"chloe.woolford@edu.tbz.ch"|"qI9m6$-kbH%m7-c1Ojf3"
"cleopatre.turpin@edu.tbz.ch"|"5ZJPh%-rIg2Wi-Bdst4h"
"melodie.surgison@edu.tbz.ch"|"x@bRdY-OM&oqu-kilN4O"
"elies.leander@edu.tbz.ch"|"vPMfeS-fsBP8Q-bw&0dK"
"mediamass.reignould@edu.tbz.ch"|"95MxYk-VH7vyr-2b93f1"
"celestine.wasmuth@edu.tbz.ch"|"BiMULF-D&6&f%-bpBxsq"
"marten.jervis@edu.tbz.ch"|"sLVW%G-58eLDo-G0iIzh"
"daphnee.bour@edu.tbz.ch"|"pbJ#9b-sLKZ&i-6Xmb0O"
"regine.harlett@edu.tbz.ch"|"IbZfDz-crU#1v-kwY4xQ"
"noemie.macaskie@edu.tbz.ch"|"hCnVNJ-PNg1L5-zmr4g9"
"loic.renfield@edu.tbz.ch"|"i6@DMK-$Jhl$w-rs6hk%"
"venus.kleinert@edu.tbz.ch"|"ct6D5O-OvvIXw-0PBVdK"
"marten.burlay@edu.tbz.ch"|"7Hz3ej-cjb8h$-Uw6o2n"
"berengere.radsdale@edu.tbz.ch"|"MZNXDD-zqjOT8-dVvX84"
"genevieve.duckit@edu.tbz.ch"|"9MAMOx-OAkJ1B-Trc4K0"
"maely.ligerton@edu.tbz.ch"|"xa3vtG-MDX9LT-01U%kZ"
"maeline.ricciardelli@edu.tbz.ch"|"Ise0AC-v%%fz$-0PNr6M"
"personnalisee.yggo@edu.tbz.ch"|"#5JJIP-ln3Euh-a3KIW7"
"alizee.pettinger@edu.tbz.ch"|"y2X7wp-lFMBR9-SpXm#U"
"desiree.curnnokk@edu.tbz.ch"|"iwgFd7-b13wR9-#Bux&Q"
"dorothee.minors@edu.tbz.ch"|"oeblKi-@7O8jp-l@ziMp"
"oceanne.kopmann@edu.tbz.ch"|"JUt0Ok-EgGQDL-LjXjw%"
"almerinda.brodbin@edu.tbz.ch"|"yZrkLi-0fD5g9-j1Enc6"
"yenora.carsberg@edu.tbz.ch"|"vVn&8E-%RBL$Y-cnkGay"
"wa.beetles@edu.tbz.ch"|"bris1R-N@1CV2-0KuNrf"
"audreanne.abbot@edu.tbz.ch"|"E024Sq-pIDnwx-oZZ1B6"
"noemie.capper@edu.tbz.ch"|"6$28i%-QqYhhP-y5inQ3"
"mans.abramamov@edu.tbz.ch"|"HzDDF2-d1gucJ-98Bm8V"
"audreanne.blakey@edu.tbz.ch"|"lYGpgC-o2FB5Y-Y%MhUf"
"leone.klimpke@edu.tbz.ch"|"8@JZsn-I6gPpR-e@BleU"
"lie.croston@edu.tbz.ch"|"4uFFcQ-Z@UsP%-gMrTcn"
"anaelle.baistow@edu.tbz.ch"|"Mcu$mE-rQ#0kO-&12upF"
"michele.garwood@edu.tbz.ch"|"Wx2wI#-9ugDxQ-p3cAhB"
"interessant.albion@edu.tbz.ch"|"&2DNsf-T67rAa-RMhbAa"
"andre.brisco@edu.tbz.ch"|"HLfk$t-jfWUX$-%vJt7i"
"tang.totterdill@edu.tbz.ch"|"ifx6eX-%w8qlc-jxbmPx"
"marie-josee.braundt@edu.tbz.ch"|"l@8mjU-bR74E0-J$L$gc"
"lois.galer@edu.tbz.ch"|"4KUVhp-nMKnr0-QD&gvp"
"faites.pellamonuten@edu.tbz.ch"|"xAZH2e-umm9nQ-eP$3TE"
"mai.barfford@edu.tbz.ch"|"heLsmb-&qd%Du-e8&K7Q"
"laurene.macilory@edu.tbz.ch"|"up3V$a-J0iyWr-2HUMeZ"
"elea.peak@edu.tbz.ch"|"TnwAvY-CRH59v-bDRMWm"
"rejane.doni@edu.tbz.ch"|"Kng@At-P7wCzs-unp&q6"
"mahelie.ector@edu.tbz.ch"|"N6yyT@-etnNf@-vpyNxz"
"rachele.allum@edu.tbz.ch"|"oUNqec-lv4&W8-OGdmpm"
"laila.gerretsen@edu.tbz.ch"|"BDBNK#-Vu%O1j-nA#dh7"
"ines.bowman@edu.tbz.ch"|"rCkYj$-yNEcB4-@F@WbJ"
"publicite.barbary@edu.tbz.ch"|"2IlJes-%f6#9y-rzZptx"
"mailys.smooth@edu.tbz.ch"|"BCtJQ2-zV42ei-KGZN35"
"mailis.huguenet@edu.tbz.ch"|"Z0Ib21-fGjCe1-3gF99E"
"lea.ewer@edu.tbz.ch"|"D1%NbW-810ufc-bTp7Qu"
