"email"|"password"
"melodie.vandervlies@edu.tbz.ch"|"VB8O#F-C5BqgM-nGEp1l"
"angele.edgecumbe@edu.tbz.ch"|"5rKN4n-hkbt&k-aI64gZ"
"zhi.andreasson@edu.tbz.ch"|"N1fwTp-lvKxzH-w$1JO$"
"judicael.koppeck@edu.tbz.ch"|"j&FqEM-NN2%Hi-eF09Y2"
"berengere.capron@edu.tbz.ch"|"xBABd4-m93%fj-TAj#yQ"
"leonie.brosini@edu.tbz.ch"|"DgG537-40ID3H-%$7cBy"
"venus.garfit@edu.tbz.ch"|"ypGgz&-sqq2M%-CGoFhb"
"melina.janota@edu.tbz.ch"|"Vh#kDm-iFwiWJ-GBjlku"
"laurene.bake@edu.tbz.ch"|"Eo%MZB-hiOLmR-vH9q5E"
"regine.dorkins@edu.tbz.ch"|"j7jR@f-Qbjvug-3uyXNR"
"cecile.moffet@edu.tbz.ch"|"Qc15Oq-3o@gTT-rTZFGE"
"maelann.labrone@edu.tbz.ch"|"Yp#ajp-Qh1@Wa-2mLJSj"
"melinda.newbold@edu.tbz.ch"|"2OXv8U-S#gL8v-173qUl"
"mans.itzhak@edu.tbz.ch"|"CU8gNB-351qt$-33@GVp"
"melodie.pattlel@edu.tbz.ch"|"U4M&bU-iKtSYN-ULriOw"
"celine.bonett@edu.tbz.ch"|"N4PVM$-3%9F7&-H9Ct#I"
"adelie.mcgreal@edu.tbz.ch"|"Af@PU9-EzxnBW-3j&%wa"
"helene.soldan@edu.tbz.ch"|"#a$O0w-nZg1Ab-S%vKqy"
"michele.cluer@edu.tbz.ch"|"dSOXCl-bVCHtw-ZZ9NH8"
"maeline.mueller@edu.tbz.ch"|"rN@iJC-#5HnfR-DMUZaX"
"maelann.benedito@edu.tbz.ch"|"mHkoca-lwv%7O-pKWqB5"
"nuo.gransden@edu.tbz.ch"|"1YxokX-Fs&lrX-VjZLLu"
"berengere.stainton@edu.tbz.ch"|"#jHKXZ-8SJGNX-nUpIYb"
"wa.sabater@edu.tbz.ch"|"61BWvI-wdvNvU-LA49@z"
"anais.cochran@edu.tbz.ch"|"0WR23U-YvtDDw-tGHF6k"
"gerald.bessant@edu.tbz.ch"|"7JhnWF-mFt6U%-09PGMe"
"ruo.coffin@edu.tbz.ch"|"mwJzm7-ARZsYW-dR6uyA"
"melodie.mustill@edu.tbz.ch"|"28SmJu-3ZNjb4-pGcwn#"
"ruo.stanesby@edu.tbz.ch"|"PxHfqW-WcVoBq-RGVW#W"
"noemie.antognelli@edu.tbz.ch"|"40W3pr-obIQ0X-0l6bzW"
"maelann.hughson@edu.tbz.ch"|"mCz$R7-D05FOK-eGy2b$"
"milena.mieville@edu.tbz.ch"|"#Kcfy2-uk8q5L-RjT6oP"
"mailys.chamberlin@edu.tbz.ch"|"Zl7jad-7Bk4d%-j1h0uv"
"nadege.tomalin@edu.tbz.ch"|"gd3r5b-mTz7Od-cgBJ@y"
"oceane.omara@edu.tbz.ch"|"20I9L6-831z9b-zi3FHA"
"cecile.aguirrezabala@edu.tbz.ch"|"NjAF00-vetoqV-i2&uzQ"
"maella.gwillim@edu.tbz.ch"|"i&@VKq-y%fdE6-OMQmrk"
"lea.mcgahey@edu.tbz.ch"|"U9pm1a-tmFspN-s6McMA"
"laurene.hagerty@edu.tbz.ch"|"uDPxvr-taEUPP-LwKD2d"
"dorothee.link@edu.tbz.ch"|"vqMI7n-#8bHKd-gy2Jfk"
"clementine.kynsey@edu.tbz.ch"|"YMQZov-Rz6sHh-9$do1v"
"lorene.smitherman@edu.tbz.ch"|"Zpu@#o-cIKYBv-eRieO9"
"cleopatre.klulicek@edu.tbz.ch"|"xQT%&G-l66sMR-4&Qg&x"
"laurene.castaneda@edu.tbz.ch"|"ak%6uG-xwBf0X-bazVX%"
"melia.constant@edu.tbz.ch"|"sG4%#U-65O$Le-qTnFa8"
"lucrece.clunie@edu.tbz.ch"|"5SIuXX-er&$Ef-rqnquC"
"eleonore.mcmurthy@edu.tbz.ch"|"TJNl3%-3AezMz-h1xYaD"
"melia.bevar@edu.tbz.ch"|"k45WTe-XcUoIm-5z92Ig"
"camelia.bontine@edu.tbz.ch"|"0RKkvt-G%rNsA-uv%jFH"
"methode.jozefczak@edu.tbz.ch"|"rarPLb-m4XU44-Zwcds3"
"audreanne.hinsche@edu.tbz.ch"|"9N5#mQ-AI5@mb-71g6nT"
"andree.varne@edu.tbz.ch"|"hqYGRR-uP@oQJ-mlXSjs"
"marten.kinleyside@edu.tbz.ch"|"S9efcH-f7zR8Z-TZ75Gh"
"esteve.mcewan@edu.tbz.ch"|"Pc5EaV-m8bDFX-$X$RfM"
"leane.dibbert@edu.tbz.ch"|"e@B5Mz-FQ@9f@-jMziwr"
"ma.thewlis@edu.tbz.ch"|"coC%lq-8xBheT-sz$5ZH"
"clea.djurkovic@edu.tbz.ch"|"zE#&@B-M@WXY%-PISxud"
"rachele.reburn@edu.tbz.ch"|"QJDQfJ-gd01&2-H2SuPU"
"gerald.gowling@edu.tbz.ch"|"5jWbWx-%m4DD3-yf0XEP"
"cleopatre.jackson@edu.tbz.ch"|"FNBIGW-IerTR2-oLhPfG"
"desiree.haskins@edu.tbz.ch"|"3VGx@N-k73SrC-aYQa9F"
"eleonore.longson@edu.tbz.ch"|"kF7xdT-%k2tUA-&jetrh"
"leane.dybell@edu.tbz.ch"|"%3NqlL-7$S&oj-Qn@oKN"
"becassine.grzesiak@edu.tbz.ch"|"jFb4Pe-xsZT3O-5NrWOm"
"marie-josee.pickin@edu.tbz.ch"|"0IF6z2-0WtGQ1-%K#agq"
"marie-josee.roxby@edu.tbz.ch"|"A$jmmU-JmHvJ%-%bRzG8"
"leonie.feenan@edu.tbz.ch"|"qE@yRs-N$5c2X-@k0cLu"
"valerie.ellum@edu.tbz.ch"|"&yXjvs-bd2lKP-$PPRQu"
"ju.caseri@edu.tbz.ch"|"AjCGmi-VlYKxM-8r7Wi@"
"boerje.strangman@edu.tbz.ch"|"YUkLD8-R&N#cM-pm2u7a"
"beatrice.ghidelli@edu.tbz.ch"|"&ubedC-PHYDEn-aVvdTF"
"da.jablonski@edu.tbz.ch"|"OpvShr-6jMaic-aWdKd7"
"uo.beveridge@edu.tbz.ch"|"VN@@rb-K#&2WD-m5qot7"
"valerie.bestman@edu.tbz.ch"|"ZKqW57-7MUf$e-BSWH9E"
"marlene.pohls@edu.tbz.ch"|"R9mKci-#70955-4Q2VbB"
"ma.nolda@edu.tbz.ch"|"fYZLps-#4EPCV-tymBsU"
"marlene.bisiker@edu.tbz.ch"|"nB9rEk-NQ5Xg7-Ef@wZC"
"estee.babon@edu.tbz.ch"|"npqY6X-%T2ClO-7L&ifW"
"simplifies.dmisek@edu.tbz.ch"|"El5$YR-mKi@P$-vdL%vC"
"selene.ganing@edu.tbz.ch"|"PwS$Vi-I@yN#x-QIOss8"
"meryl.penke@edu.tbz.ch"|"pY1NRC-l56CQ&-32ivBU"
"anais.rawcliff@edu.tbz.ch"|"nG7PAA-hFe&pS-yT@7cf"
"melina.andri@edu.tbz.ch"|"6yBQKu-Virauk-gGywDG"
"audreanne.fodden@edu.tbz.ch"|"O%&rEY-&Lfc6z-Gyr7PP"
"bjoern.spellesy@edu.tbz.ch"|"EbBXDr-FEqahs-4atCl$"
"francoise.summerscales@edu.tbz.ch"|"mkDYjV-@Alb4U-wc8W4k"
"laurene.ashtonhurst@edu.tbz.ch"|"ksDyPQ-Oyhf$U-8375n3"
"valerie.petters@edu.tbz.ch"|"%IITZi-1LDnCK-#jjSsX"
"anael.spenclay@edu.tbz.ch"|"y0qGhm-eKJ3U4-l$#2Vh"
"stephanie.keech@edu.tbz.ch"|"%s7Tj2-fInrez-U3IJwd"
"ines.deveril@edu.tbz.ch"|"A6SXDe-LpnwTA-SH4Jgh"
"berenice.gelder@edu.tbz.ch"|"c6#Mlw-5WtuI5-HYB7tc"
"melanie.ofogerty@edu.tbz.ch"|"CSZFpp-LjXjf2-qvPE1l"
"frederique.canepe@edu.tbz.ch"|"082uZq-WdrlOp-EB#MQp"
"nuo.otton@edu.tbz.ch"|"xtVOya-bq5OAr-6DrLSL"
"genevieve.trusler@edu.tbz.ch"|"RKcGy0-Oo%TS%-vzjj1%"
"ju.boag@edu.tbz.ch"|"DCF822-GZ33wE-XMxc1@"
"josephine.dilucia@edu.tbz.ch"|"LQClbr-Bgu74t-@vPLVa"
"laurene.armsden@edu.tbz.ch"|"K5wYhz-t#Lm3n-XOlcGz"
"becassine.griffe@edu.tbz.ch"|"xq12@8-nCh&%f-P5E5m7"
"alois.parres@edu.tbz.ch"|"@4DtY6-wZjFZk-Az4C9f"
"cleopatre.gaffey@edu.tbz.ch"|"IcLHBf-FFO5&J-dS96Z$"
"andre.stiger@edu.tbz.ch"|"B0kouV-RockbD-YGpqte"
"beatrice.godleman@edu.tbz.ch"|"ISsk9m-X7pZy7-$9tkEI"
"hakan.harrhy@edu.tbz.ch"|"PcsTfc-BYoQOE-OFZTU6"
"celestine.dagnan@edu.tbz.ch"|"nxvPPa-Ep83a$-u$IFQB"
"clemence.haggart@edu.tbz.ch"|"L5SXdQ-BNISa9-$NBun$"
"long.caban@edu.tbz.ch"|"u@@nJX-pOqQZj-hsSAtZ"
"gaetane.grimble@edu.tbz.ch"|"jwQ4x$-85AHDs-07MyVY"
"maelann.piwall@edu.tbz.ch"|"P&$1IF-YAi&OW-CcsHt3"
"magdalene.loble@edu.tbz.ch"|"kd#r5c-M6l2@n-MQSlPD"
"veronique.domaschke@edu.tbz.ch"|"uRGp0Y-r4kX80-wwYTFJ"
"clea.herity@edu.tbz.ch"|"6kZE3g-it%ETF-@iC2Vc"
"maelann.bambrough@edu.tbz.ch"|"eoMQU1-&E06Ra-Nl&j4k"
"clea.goulstone@edu.tbz.ch"|"KeMgLR-d@aTZ0-a2ULhg"
"renee.deleek@edu.tbz.ch"|"M0ySa7-XhVh&c-ysLCPg"
"boerje.rudderham@edu.tbz.ch"|"1Z2gvg-vQQmut-JJo%6o"
"marylene.broune@edu.tbz.ch"|"o&aD57-YmT2dG-x9Er#b"
"nadege.mccuish@edu.tbz.ch"|"ogkeMb-TJS4r2-qGZMaE"
"anael.littleover@edu.tbz.ch"|"$TCu$z-Gx#Lgz-qhNi0u"
"lie.baume@edu.tbz.ch"|"BgskG2-xG7DvY-&$L2S5"
"maella.murrow@edu.tbz.ch"|"og6Xqe-TNVCwT-fYKXoS"
"cleopatre.pettifor@edu.tbz.ch"|"fqxeZl-MI$DQK-IECVp$"
"geraldine.asker@edu.tbz.ch"|"WHe3HO-HzMMVQ-zl3Dz$"
"gaetane.smedmore@edu.tbz.ch"|"osdF2e-viwViN-TSzbcC"
"meryl.blencoe@edu.tbz.ch"|"LZhBSx-eVJrX#-7wo7@7"
"aurelie.chastaing@edu.tbz.ch"|"zbny&A-IluoI4-TwR5vk"
"oceanne.marthen@edu.tbz.ch"|"K&4SNt-5TVqym-d48OyC"
"dorothee.burrill@edu.tbz.ch"|"8iK@CA-xypP8e-2341ph"
"hakan.belden@edu.tbz.ch"|"OtV$Hk-jqRkik-ETeOJD"
"celine.brunning@edu.tbz.ch"|"ip1G$i-$njrv9-11Hi2k"
"anael.lapides@edu.tbz.ch"|"53grKp-yWO$u7-e#dArr"
"ruo.saffran@edu.tbz.ch"|"#jlCBa-CkpQs$-t$OTLi"
"loic.gerretsen@edu.tbz.ch"|"MI4#5f-k790a3-Uilvxs"
"rui.fitzer@edu.tbz.ch"|"0yjB5V-UVhzCI-J4Nid$"
"annotee.ogers@edu.tbz.ch"|"lbMY1m-%K31en-4@Oahv"
"boerje.bindin@edu.tbz.ch"|"AzGAqf-2HZ%FW-%sXL#6"
"ma.cronchey@edu.tbz.ch"|"fWLe$L-Qjwqnr-5oTsmE"
"laurelie.baiyle@edu.tbz.ch"|"%p&KMT-Ihr1z6-F&Aigz"
"dorothee.older@edu.tbz.ch"|"pPm%oQ-20ODBZ-&DR17V"
"laurena.wile@edu.tbz.ch"|"YmuXuo-ThNDYX-QZgdMC"
"clemence.brito@edu.tbz.ch"|"VLeieS-8lhe%7-p&5mZe"
"nadege.dallin@edu.tbz.ch"|"79#5b1-egtF9#-y0UGtS"
"mailis.matley@edu.tbz.ch"|"bVe42o-oXoj3m-Xnt6IP"
"daniele.screaton@edu.tbz.ch"|"I1pZBj-GZkUiF-1AlC6c"
"mediamass.godly@edu.tbz.ch"|"jtHc0U-7pQXdg-BFXVV2"
"leone.kremer@edu.tbz.ch"|"KDM1ke-mGIoHE-UKq$I6"
"asa.adrian@edu.tbz.ch"|"scoayO-o9sBCj-mJ4Pmv"
"adele.doley@edu.tbz.ch"|"lPBfyz-71&obw-x5Hw1u"
"fei.sidney@edu.tbz.ch"|"ftshOX-QwMfII-TJk3hS"
"marie-josee.walisiak@edu.tbz.ch"|"4M9z%I-&8j92h-ESZrJT"
"desiree.diplock@edu.tbz.ch"|"PbGrFe-Iza3ho-#p5@@S"
"gisele.schust@edu.tbz.ch"|"5%&izA-1$CcfG-BXKbsk"
"ma.longshaw@edu.tbz.ch"|"JsI8Xa-0IR$Cb-tw#e6t"
"da.boother@edu.tbz.ch"|"N2DVJz-swL2Si-v#A$iv"
"simplifies.chaudhry@edu.tbz.ch"|"fFOxOW-SFZC@&-5WEeS8"
"garcon.baniard@edu.tbz.ch"|"sjHtiI-#aXygN-d@un0J"
"gaetane.elphee@edu.tbz.ch"|"#bCB03-LdK2Lz-0#X9wU"
"gisele.hassey@edu.tbz.ch"|"gqODj@-nP92Lf-TIUcM9"
"oceanne.booley@edu.tbz.ch"|"7JGyvo-#i194K-7Zfv%R"
"oerjan.dibden@edu.tbz.ch"|"Xd@FDt-hSNz1w-r9P5ch"
"regine.ocleary@edu.tbz.ch"|"zFiJt#-ZmG#ka-$IQLT8"
"selene.persse@edu.tbz.ch"|"MJV6ne-b36PZk-QHOK%S"
"helena.adenot@edu.tbz.ch"|"02u4PU-aEaqF1-FX&0eK"
"maelann.wassung@edu.tbz.ch"|"dn1MQx-@@we8h-4QRjw@"
"frederique.ackermann@edu.tbz.ch"|"PmrxFO-TRKDqf-zg1sS&"
"audreanne.kahen@edu.tbz.ch"|"Hvyg&A-myup5U-JP@8Km"
"maiwenn.lasty@edu.tbz.ch"|"p#aHY1-sKKFZM-t116J@"
"yu.dictus@edu.tbz.ch"|"0nnHAr-h0V9a5-3L&0CR"
"anae.dukes@edu.tbz.ch"|"Yv8klz-iUm0#R-9U%rg5"
"yenora.warr@edu.tbz.ch"|"AYt#zt-xh1rQ9-B9ABF0"
"esbjoern.archibold@edu.tbz.ch"|"&kfLUQ-6ybfNO-%&ry3V"
"milena.pardal@edu.tbz.ch"|"n3OKSy-ggwaBS-fTf3o8"
"celestine.graveston@edu.tbz.ch"|"7@AZAx-xioSZM-@cZ1fu"
"maena.dallas@edu.tbz.ch"|"xRE7ok-94KCgV-vx8ODx"
"andree.tuke@edu.tbz.ch"|"Wm88yW-qkmSlh-TeEokv"
"methode.seldner@edu.tbz.ch"|"I@JH$O-EZn26S-E0pcKs"
"venus.bullas@edu.tbz.ch"|"2L&dkA-t7rdEU-qvruG8"
"mans.aguirrezabal@edu.tbz.ch"|"IrvmMc-4HjHHD-Cm%cE5"
"gaelle.eadington@edu.tbz.ch"|"ksDU8C-hXo56m-jHc8Zy"
"anaelle.falkner@edu.tbz.ch"|"U@%wQ$-e2l3R%-JM%5Dh"
"ophelie.height@edu.tbz.ch"|"NTAIzz-C$rj0a-DDf#xp"
"marten.bolding@edu.tbz.ch"|"D2K1jr-%f5$Mb-Pr%02l"
"pelagie.guswell@edu.tbz.ch"|"tSceP5-3jJddv-#uRyCB"
"gwenaelle.lecount@edu.tbz.ch"|"i0FlIZ-Cd2sYw-3Dt94K"
"hakan.laden@edu.tbz.ch"|"E&w7eZ-6THt6B-2kdVYj"
"marie-josee.hylands@edu.tbz.ch"|"q$76b@-Jfn7fH-Ja1xrj"
"zoe.kingshott@edu.tbz.ch"|"rqAJVh-Ql5NJF-wvY@SW"
"josee.janous@edu.tbz.ch"|"DFXJyg-PJ6cPv-KUKWn%"
"laurene.gallally@edu.tbz.ch"|"8VgCdV-qtI%VE-DVsyz9"
"anael.bickle@edu.tbz.ch"|"XZpkgn-GnJhNV-@NAjEm"
"mediamass.lebbern@edu.tbz.ch"|"z4lANU-PQGVtP-E9yHoN"
"berengere.hovy@edu.tbz.ch"|"WajuV#-kmoK1T-Q3ALPS"
"oerjan.kilmurray@edu.tbz.ch"|"d71j2S-BapTlz-vHxcs0"
"asloeg.venny@edu.tbz.ch"|"Wysk$t-L@AOzm-8Y2ZjJ"
"marie-noel.stoad@edu.tbz.ch"|"IdYR&8-96iVrg-3loLZb"
"hakan.pettifor@edu.tbz.ch"|"JRKHH#-#LWiwU-7ChkYf"
"maella.willgrass@edu.tbz.ch"|"mldK0e-$PL#Hv-WcxCCx"
"therese.ludovici@edu.tbz.ch"|"rFWc5B-ZUc9Sw-kGCA1m"
"stephanie.trewhitt@edu.tbz.ch"|"#S5X5E-zXNAv0-@tJC#x"
"maerta.bauduccio@edu.tbz.ch"|"zrtd$y-ZRODtn-2fJAO5"
"gaetane.glaisner@edu.tbz.ch"|"qHY9bg-1UzZqJ-TVbybZ"
"naeva.pargeter@edu.tbz.ch"|"iEFWQl-a8nSa3-hxn%9j"
"salome.venable@edu.tbz.ch"|"qDv3%1-R5gLXa-VFMuNP"
"boerje.thickett@edu.tbz.ch"|"rI3%EU-wcZU8b-a#pdDV"
"lucrece.prendergrass@edu.tbz.ch"|"FB4znx-q4G%ZQ-rHkNAo"
"laurene.ockleshaw@edu.tbz.ch"|"W$azyK-f8zFX$-5bRMje"
"cecilia.pasticznyk@edu.tbz.ch"|"w6$AeP-v&VJc8-gsMwo4"
"stevina.mackey@edu.tbz.ch"|"sOTHnh-Wow0$3-u&fjx5"
"marie-noel.reven@edu.tbz.ch"|"#FizH#-OvOuSl-un2l1U"
"melina.quilkin@edu.tbz.ch"|"&$xJEJ-N#buMd-M9bfAj"
"marie-noel.ferrie@edu.tbz.ch"|"r2WbF5-mo$fc4-9kL%Gq"
"leone.alphege@edu.tbz.ch"|"Kvj%yG-RwyaUN-FX4sRa"
"zoe.leverson@edu.tbz.ch"|"u00fC1-v9N%9V-8rbSIc"
"annotes.grayne@edu.tbz.ch"|"Xlu22l-jYKl7#-t6Jiql"
"faites.lalley@edu.tbz.ch"|"i$hiyC-jLlT0M-Xy$5C6"
"adele.wallis@edu.tbz.ch"|"m50sL8-5cgjfD-8IzgaC"
"severine.madill@edu.tbz.ch"|"ZPztNt-g839R@-PzEhep"
"valerie.tebb@edu.tbz.ch"|"r5L2#9-Lymc6e-n#B5nZ"
"kalliste.rasper@edu.tbz.ch"|"szSZc%-WsZik5-qdNU7m"
"audreanne.palomba@edu.tbz.ch"|"cBM62C-TikEk$-h624LJ"
"elea.adamik@edu.tbz.ch"|"jMTaLl-5%QnJ&-lbAidX"
"reserves.jakuszewski@edu.tbz.ch"|"pP5rqe-2sfdK6-UNq3mq"
"athena.belhomme@edu.tbz.ch"|"$jdxrT-GmiF2T-jtlziy"
"rebecca.crippin@edu.tbz.ch"|"22qECU-PKqAHK-0URrdM"
"maiwenn.curman@edu.tbz.ch"|"imwNSv-kqi0Kv-EFtEde"
"andree.bunner@edu.tbz.ch"|"OjVInk-qO8MMM-8hag@2"
"ruo.winckles@edu.tbz.ch"|"ve8Z7U-t%CROF-GA5i5H"
"naeva.buntine@edu.tbz.ch"|"CbARzF-criiFq-EPpUmW"
"boerje.dollard@edu.tbz.ch"|"vwNONk-Iujnar-$r@10G"
"penelope.gorman@edu.tbz.ch"|"szRQ#s-iWsLY1-q4IyqF"
"alois.robelin@edu.tbz.ch"|"9u3aXQ-ZSXd4$-pk3wz2"
"anaelle.tindle@edu.tbz.ch"|"B5F@VY-2I&I2j-9s0DAh"
"ye.frears@edu.tbz.ch"|"dCBP5D-qn4aNQ-PPmJr2"
"andree.ovid@edu.tbz.ch"|"vR4NS3-kM#ctX-8#SggJ"
"hakan.peat@edu.tbz.ch"|"1aNqo$-cJ1AI#-HtkrZH"
"andre.januszewski@edu.tbz.ch"|"ain6qj-&mxvAN-freKYb"
"annotes.clemmett@edu.tbz.ch"|"@pVLm%-g&S4KU-01MzLN"
"pal.lambswood@edu.tbz.ch"|"2Rje5A-Ck1FcI-@1q522"
"yao.lenton@edu.tbz.ch"|"P$Sool-xIBQIr-bE0K1d"
"hakan.boyton@edu.tbz.ch"|"GkhUVh-jEpvzd-SnbOrs"
"nelie.forsey@edu.tbz.ch"|"7I@g@Y-m3LW2U-mqrXyS"
"hakan.horche@edu.tbz.ch"|"s3teFs-xH#@TF-GFBm$y"
"lorene.sinkings@edu.tbz.ch"|"c2rgDR-MPub9h-mW9m6R"
"marie-therese.creddon@edu.tbz.ch"|"b@36mz-O4Zvgy-o7X06@"
"berenice.tolworthy@edu.tbz.ch"|"OEyyKO-XJ&%Sl-DDcHLo"
"theresa.land@edu.tbz.ch"|"1aA@vq-%PelCr-P&D0Hu"
"marie-therese.gianilli@edu.tbz.ch"|"wW6YZx-&uzsLS-ZZxQDd"
"meryl.glew@edu.tbz.ch"|"c&ca&Y-IYseUl-m9ORdE"
"adele.debling@edu.tbz.ch"|"rWyAwk-1Nqais-Y8S2hr"
"anae.metzke@edu.tbz.ch"|"xP9gp4-EqqTZ6-ImhPXL"
"gaetane.gooden@edu.tbz.ch"|"s@wH0g-8tKSbT-p%46aU"
"laila.bootland@edu.tbz.ch"|"DkbL0e-YgDjEU-FB5hhg"
"maite.helsdon@edu.tbz.ch"|"fSQ9LS-2IQPU#-@rabB4"
"andree.malley@edu.tbz.ch"|"T2e@Dq-jvmPo@-2$D2w4"
"pal.simmens@edu.tbz.ch"|"0FBksv-QxHswn-Y2D0ny"
"maelys.nuccitelli@edu.tbz.ch"|"2cHkPU-G9WB4R-ZN@7uL"
"dafnee.sibary@edu.tbz.ch"|"49aOmm-yWBcWS-iMQcSp"
"alois.harsnep@edu.tbz.ch"|"3v897x-An4e4a-@dqay9"
"marie-helene.lacky@edu.tbz.ch"|"9HQR$K-EsfmXb-zItHkj"
"mylene.youthed@edu.tbz.ch"|"19pR4q-QuJA5W-O4&j2E"
"marie-helene.dehmel@edu.tbz.ch"|"f3awJ2-1dbqP3-#EUlrh"
"angele.batman@edu.tbz.ch"|"UYMQD7-IV$2E%-I&GsZ0"
"melia.younghusband@edu.tbz.ch"|"OKy3Th-nDFz9j-6OfqhM"
"eloise.baldi@edu.tbz.ch"|"kp%ERg-B3ZLy3-5$LFH#"
"illustree.dun@edu.tbz.ch"|"sPE1nJ-uChjzI-zyRHwQ"
"genevieve.late@edu.tbz.ch"|"LJoXa&-A$x4aN-YcGAZ5"
"celestine.colville@edu.tbz.ch"|"vFMsr3-iMMtkf-laCstB"
"gwenaelle.scarlon@edu.tbz.ch"|"rAO&OV-%s1BhY-oe&AMY"
"regine.boddie@edu.tbz.ch"|"$4Pzyc-hjf6E1-Cfkqs%"
"creez.gaughan@edu.tbz.ch"|"sY10#k-dRhOiL-JFsV86"
"gaia.longford@edu.tbz.ch"|"wZoUAW-eGSfZS-T598So"
"mailis.buckby@edu.tbz.ch"|"YA%WV0-0nEd3Z-Z8P6PX"
"song.parbrook@edu.tbz.ch"|"g4VXV%-6pjNVf-7V22O0"
"frederique.heddan@edu.tbz.ch"|"Jpi@uU-38FCfB-0Wa7$R"
"ake.kirtlan@edu.tbz.ch"|"AZR$rf-rT#LGF-ywAa7B"
"nelie.runciman@edu.tbz.ch"|"fZC%7d-0SCfs6-GLIBqr"
"mailis.cardnell@edu.tbz.ch"|"Or1G%F-mdsoSg-8DtUju"
"irene.navarro@edu.tbz.ch"|"odS8gI-$VVS9Y-K$Osho"
"maite.cough@edu.tbz.ch"|"LJLO45-EfUV4L-CHYqgL"
"anaelle.stocky@edu.tbz.ch"|"5miNsh-ymWkWh-OTja&4"
"methode.moulder@edu.tbz.ch"|"9S5snJ-l#&dZE-bzxH33"
"po.stafford@edu.tbz.ch"|"HNhnp5-9a46l7-mbEsFp"
"faites.scraggs@edu.tbz.ch"|"5VTf9G-XeP5HI-1&2VA3"
"adelaide.dullard@edu.tbz.ch"|"jcS6qt-dxTgR5-880v9W"
"desiree.leonard@edu.tbz.ch"|"qRqubR-wH$t5q-YjoaV&"
"geraldine.badgers@edu.tbz.ch"|"1Ij@wV-gvQEv&-3m@jRD"
"ruo.masic@edu.tbz.ch"|"yqp$#a-UGbRHI-h1Tbij"
"aurelie.lieber@edu.tbz.ch"|"%t#0X8-BeU5t5-TLmqX2"
"naelle.balcock@edu.tbz.ch"|"u8vopS-X6rlSE-$WyO@j"
"camelia.elger@edu.tbz.ch"|"E#gQIP-m3vJeA-o4iox7"
"publicite.oakeshott@edu.tbz.ch"|"8I4T2T-hG6bsX-Mq19m2"
"cleopatre.fawley@edu.tbz.ch"|"pa0mo0-1%2xJK-hQd@2T"
"laurene.bruckmann@edu.tbz.ch"|"2hISUp-#L#V0d-L@uRAx"
"rui.haughton@edu.tbz.ch"|"e8$ae9-c7w%Ph-PsePf%"
"asa.ladewig@edu.tbz.ch"|"HpcxBv-pePO&Z-&I#ogr"
"gisele.janecek@edu.tbz.ch"|"BrY7Fc-r%EjX9-X#K5Cu"
"maily.loveridge@edu.tbz.ch"|"3uCFtg-PfUz&e-$7EQW9"
"marie-eve.yurkiewicz@edu.tbz.ch"|"mrSZF7-ojnhHV-NFFlE3"
"fei.roder@edu.tbz.ch"|"T7zNjt-B5$zRp-A4Dr&L"
"edmee.chatburn@edu.tbz.ch"|"P73SAu-sr9kMv-fuDw32"
"geraldine.darke@edu.tbz.ch"|"m97OCE-mTFwjq-Qkg2&L"
"ye.jira@edu.tbz.ch"|"sh6aRA-P1UHuF-lXi&T&"
"publicite.persent@edu.tbz.ch"|"fuOxH1-YypF8&-qKwtjP"
"severine.wilcox@edu.tbz.ch"|"G02HjF-kyz$Oi-dZRz4s"
"yao.mcclaren@edu.tbz.ch"|"QEZOCE-ngcd2y-lAFCk1"
"theresa.foynes@edu.tbz.ch"|"yaoI8K-nYIc7%-oGiwO8"
"stephanie.isley@edu.tbz.ch"|"idhRR9-DWfkik-kiQzRB"
"torbjoern.growy@edu.tbz.ch"|"61nidy-W7Iv$z-AxE%X%"
"eloise.tunnadine@edu.tbz.ch"|"8nj#@O-%6&NMW-E3s8Q7"
"maeline.cossentine@edu.tbz.ch"|"zVDWs5-qoghij-cnGIGY"
"nelie.desantos@edu.tbz.ch"|"nYSMFe-b#Dd8#-5XKajL"
"gaetane.axston@edu.tbz.ch"|"tuV0Bg-Tb0G8o-PIUba&"
"aimee.merman@edu.tbz.ch"|"OHEC%F-RjKlSs-QF&7@w"
"oerjan.drivers@edu.tbz.ch"|"VDBI74-SI5Sbk-9%hpn0"
"aimee.miroy@edu.tbz.ch"|"C9sGjR-M5TgQb-rz@opx"
"nelie.glyde@edu.tbz.ch"|"8@DLZ2-01nbFg-3QcRzS"
"hakan.kapelhof@edu.tbz.ch"|"%QWPb0-qDKV1v-POx51o"
"maelyss.cauley@edu.tbz.ch"|"KaKB@8-Iwgo3N-KHytRq"
"elea.vaggs@edu.tbz.ch"|"gr0IaS-0DRdkA-ueglNB"
"maelys.but@edu.tbz.ch"|"n#U5Se-prBKyp-fUPWVb"
"maella.arthurs@edu.tbz.ch"|"$AaSXx-y3Yw8D-YY6ScN"
"adele.liebrecht@edu.tbz.ch"|"&vRFtI-q0iUVw-M6J#8r"
"meline.lomasny@edu.tbz.ch"|"608d5h-hL6FK$-$ePVvn"
"mediamass.schwant@edu.tbz.ch"|"gyCm$8-M&e8VH-OSQzRh"
"leone.saunt@edu.tbz.ch"|"$C77nc-LHzMIU-WBP3ni"
"annotes.gouch@edu.tbz.ch"|"xJF1dy-Ep8Ypg-D4a3Je"
"gaetane.bowich@edu.tbz.ch"|"7vN4z5-PQ3Peu-Y7uemf"
"alizee.strelitzki@edu.tbz.ch"|"ZO&RDq-TI7N4I-rOyacI"
"leone.poile@edu.tbz.ch"|"N9iGKp-7GeVxA-xMXUp%"
"amelie.saban@edu.tbz.ch"|"8QxRM1-DBJbws-jnv0@r"
"marten.mcmenamin@edu.tbz.ch"|"pyOt8T-vsVk%3-jJ1$OT"
"becassine.keets@edu.tbz.ch"|"&PfryZ-iLr4eW-7brGln"
"celine.million@edu.tbz.ch"|"dN9Q2N-Q4HTCd-%FNHWS"
"geraldine.belitz@edu.tbz.ch"|"HNU1JJ-3ZFQpy-IQ2$Oo"
"salome.mardling@edu.tbz.ch"|"gAYHGi-YOhGID-EhDyXf"
"melia.blakemore@edu.tbz.ch"|"We50N7-5QbDZi-WIIbmB"
"dafnee.mcaulay@edu.tbz.ch"|"u3x5$U-FzToq7-2c&7il"
"garcon.dennett@edu.tbz.ch"|"KmJs&H-16q8Pr-wKDs2W"
"interessant.lesor@edu.tbz.ch"|"Zu63S$-Cufwkf-PTdOb0"
"annotee.wasbrough@edu.tbz.ch"|"fYQCN8-JOqM$8-2Lulcg"
"asa.ibbeson@edu.tbz.ch"|"DDSSeX-h1xsjh-LrWS2m"
"maily.kennealy@edu.tbz.ch"|"321crI-f6JxrX-GHfHtL"
"ye.seares@edu.tbz.ch"|"RLFcBL-5hus0C-Qaldj2"
"athena.harbron@edu.tbz.ch"|"3cT9dW-2yje@&-3%2Src"
"andreanne.portail@edu.tbz.ch"|"2z2V1h-%e4f7l-dlg$v6"
"goeran.zannelli@edu.tbz.ch"|"D13Gr$-zVLqVe-io7jBa"
"gerald.leathlay@edu.tbz.ch"|"8BTAln-J8QKW8-ZB9ED#"
"andreanne.chown@edu.tbz.ch"|"XRJPPs-s7Casn-IwuwB8"
"esteve.clementel@edu.tbz.ch"|"JlVhYA-tnmU&G-q&JP4z"
"leone.legan@edu.tbz.ch"|"YoQWmh-bOK%5R-D1l&ZF"
"maena.pownall@edu.tbz.ch"|"bGtYU9-2TAvgb-5Jd6fW"
"andree.rettie@edu.tbz.ch"|"qX4QOu-%w65Z%-shYyxS"
"ines.kenwrick@edu.tbz.ch"|"Fl%w9T-xNijYM-%UP3CH"
"marie-helene.yarnall@edu.tbz.ch"|"dCCKj8-gNyzYO-#uo1LK"
"po.martin@edu.tbz.ch"|"08bAgX-d&jlzA-PmywS1"
"ruo.celiz@edu.tbz.ch"|"p8DshR-YUg7qE-INLUj#"
"po.bissett@edu.tbz.ch"|"KVRuIf-MA8KuW-Y7tVGg"
"du.swindon@edu.tbz.ch"|"02kh3N-Xc5pHX-73Hb&i"
"interessant.gouldthorp@edu.tbz.ch"|"z9MIl2-7&dxXy-bc$oF$"
"leandre.lilburn@edu.tbz.ch"|"diV9ST-%dawNV-40g5hC"
"bjoern.whales@edu.tbz.ch"|"hJHi&w-vsOHcF-E@Lk7U"
"interessant.dieton@edu.tbz.ch"|"Hbk78s-#9kW5E-IpPyuX"
"celestine.redhills@edu.tbz.ch"|"thE1f7-vnK9xC-%$4zAw"
"tan.yakovlev@edu.tbz.ch"|"O$ZJzb-iEbtoq-q4D75Y"
"regine.mcdowell@edu.tbz.ch"|"B082Ez-u$UEk1-q5lXDO"
"ju.coysh@edu.tbz.ch"|"WM2p&c-Ctdna3-3Q6Nqm"
"reserves.ofallon@edu.tbz.ch"|"zUsOId-WjgZIg-8&x5$E"
"frederique.sobey@edu.tbz.ch"|"9Pe#d@-NljzAP-cCr&HF"
"marie-eve.garstang@edu.tbz.ch"|"iV3Ayh-8emJRl-3uDw37"
"andre.tapin@edu.tbz.ch"|"zCFamA-QmeLBU-NZU%L%"
"esbjoern.eynon@edu.tbz.ch"|"5YsO@6-x#V5gF-A3mLkQ"
"maella.duffy@edu.tbz.ch"|"$I7Qvg-k$@ZBV-kMaT@x"
"leandre.twinning@edu.tbz.ch"|"%Xcgv$-aDIUDr-w66P3I"
"mai.whittingham@edu.tbz.ch"|"VNhYpq-OuxZS7-H13CHC"
"rachele.shevelin@edu.tbz.ch"|"cq1RYt-74lbAu-u#o6gL"
"cecile.mcure@edu.tbz.ch"|"#sKZ8Q-v8iAOF-9C7UU7"
"marie-eve.yurkevich@edu.tbz.ch"|"ehU80T-rrck2@-4noVTn"
"almerinda.paice@edu.tbz.ch"|"8G@Y$Y-yLyJbR-2rv1Js"
"rao.howkins@edu.tbz.ch"|"%xZyDX-zy45Qy-xOx6Te"
"serena.pack@edu.tbz.ch"|"J#iExu-nU5VQh-zRohtC"
"rebecca.mant@edu.tbz.ch"|"8hs5UX-qMDetM-vc4rmh"
"reserves.spitell@edu.tbz.ch"|"wpTNS1-s@hjwj-B4oRj$"
"garcon.hamfleet@edu.tbz.ch"|"sVCbID-&ZXZpl-cp3SV1"
"methode.kerkham@edu.tbz.ch"|"2yTFIK-Bv1bE4-o8FY3b"
"pelagie.camies@edu.tbz.ch"|"%1cxz5-0Q$7D#-uOqkvQ"
"josephine.macpharlain@edu.tbz.ch"|"JRD#&w-nMImO@-$r9W75"
"eugenie.mathet@edu.tbz.ch"|"0qSBq#-&GiATV-7Z3gxa"
"gaetane.brangan@edu.tbz.ch"|"c&qCf9-r142@@-CFJ4rU"
"michele.dewbury@edu.tbz.ch"|"l119m@-nuItQN-kQFReK"
"eugenie.elcott@edu.tbz.ch"|"lfKIKI-jLgxOI-BtBleZ"
"megane.harniman@edu.tbz.ch"|"tjaXG#-43%dJy-pRGztK"
"agnes.cluney@edu.tbz.ch"|"A$on&j-mSShUj-4tWiII"
"marie-helene.angear@edu.tbz.ch"|"c8tD16-8pysen-AWQloV"
"melia.dolphin@edu.tbz.ch"|"Cm2ZEq-H%rZ9#-uKMKpF"
"lois.ruseworth@edu.tbz.ch"|"9CbJxk-WI&oLQ-uTw8uG"
"mailys.ryding@edu.tbz.ch"|"egLivX-sEp83#-t1blHn"
"rachele.wulfinger@edu.tbz.ch"|"VrbEvQ-Ot%U%2-uDwRNC"
"gwenaelle.talton@edu.tbz.ch"|"&FbMj8-8iIcAd-%g5NJs"
"long.ronchetti@edu.tbz.ch"|"$%PC5h-IpFt5V-GFoWeH"
"styrbjoern.kloska@edu.tbz.ch"|"CsWXBA-aOR6xL-&w5ZV2"
"len.sudran@edu.tbz.ch"|"TImP7y-4tbxB%-OnVti6"
"maelle.andrysek@edu.tbz.ch"|"TQlkgg-eK5Irh-yFZlQ6"
"selene.senior@edu.tbz.ch"|"mbwKeJ-Qu8S9t-8hsd6w"
"anais.joskovitch@edu.tbz.ch"|"D0@%y%-#GUfcr-qFHCeV"
"marie-noel.dally@edu.tbz.ch"|"rdYcOt-O@kUMH-&2kezI"
"marie-helene.laurence@edu.tbz.ch"|"zErM2H-gox0nv-Ja11kj"
"camelia.foxon@edu.tbz.ch"|"l&oG%A-&g&v%&-QfKq1A"
"helene.cankett@edu.tbz.ch"|"QzxkrF-m&ceGE-Sao$j%"
"marten.mitchelson@edu.tbz.ch"|"gvW2MC-a@qKNe-T3lSpK"
"helena.stirtle@edu.tbz.ch"|"Xz#He$-nVhlE4-UZUOqd"
"leane.barmby@edu.tbz.ch"|"ap51Qw-w$hPMH-wPraSE"
"goeran.ofinan@edu.tbz.ch"|"XzFWM$-Q#2Iqn-uSC@jY"
"styrbjoern.proby@edu.tbz.ch"|"FCg4p1-#4GjKK-osM2Si"
"zoe.halse@edu.tbz.ch"|"6%g9Ix-UmeRvx-SS#k7Y"
"kui.drable@edu.tbz.ch"|"Jv0$hA-nssoT4-f3gSfA"
"desiree.bamford@edu.tbz.ch"|"d8d#l%-7AdH#h-S7t&MJ"
"zoe.suller@edu.tbz.ch"|"mVErg5-3pSwXQ-B0CJRM"
"marylene.audiss@edu.tbz.ch"|"SKMcFN-%nVT%P-OLRjMK"
"adelaide.poznanski@edu.tbz.ch"|"WNN#Zv-Ww0sEN-5riltb"
"maella.coleyshaw@edu.tbz.ch"|"CVkAsv-J@3p%v-xvh%g&"
"marie-francoise.gelder@edu.tbz.ch"|"wx4TgO-wNys77-LBSBUr"
"eleonore.chaffyn@edu.tbz.ch"|"XmjMA2-GTT8cK-7n2&eS"
"celestine.sikorsky@edu.tbz.ch"|"RVP1at-1DUHCo-LNImlo"
"stevina.londsdale@edu.tbz.ch"|"3FEgQw-RYhr@2-%cc8R&"
"maiwenn.nevitt@edu.tbz.ch"|"JBCZrw-8TfQuz-5fKpTT"
"magdalene.gerrey@edu.tbz.ch"|"teC2hL-5@%Cd5-L621Gn"
"becassine.latimer@edu.tbz.ch"|"#mVma1-4QpUfA-7Mbt7o"
"da.lethibridge@edu.tbz.ch"|"I1V&#t-m$j4sx-t1cG1k"
"mailys.claige@edu.tbz.ch"|"koPHyz-q$YmHB-$0f&dD"
"maena.torbard@edu.tbz.ch"|"BAEf4Q-jnxkiF-tgqM5L"
"solene.lyvon@edu.tbz.ch"|"nBaW9k-SIJO@U-Nni7XA"
"marie-therese.benbrick@edu.tbz.ch"|"gnLsAa-PXvYEt-QnUq%a"
"gerald.edmonson@edu.tbz.ch"|"Lg%Sgl-$Vbg%&-3vIYfJ"
"ake.messruther@edu.tbz.ch"|"Z0jk0a-Xxrl9u-DLDL9f"
"men.gosneye@edu.tbz.ch"|"EBxtiF-p&U7Dt-2@xvgq"
"anais.jefferys@edu.tbz.ch"|"gKELEj-yuN5uT-Bx2O1v"
"publicite.tregale@edu.tbz.ch"|"@R$R$5-uc#99Y-X0ny@h"
"maily.santorini@edu.tbz.ch"|"E9LIp0-tOvRyC-ONVAZE"
"ines.pioch@edu.tbz.ch"|"SwU9A6-KS5unU-CORt8S"
"noemie.marklew@edu.tbz.ch"|"Fp8wv&-@tCipB-yM$JG3"
"meghane.maccaffrey@edu.tbz.ch"|"cdMo98-N1mVol-g040&u"
"berangere.ambrogio@edu.tbz.ch"|"PzX9Dp-7m2bjX-j9pjG2"
"mediamass.ryce@edu.tbz.ch"|"T5Li&#-yW4n$v-H2%ft$"
"oesten.ubank@edu.tbz.ch"|"Igp9zv-c#pwSR-XBVfpH"
"melina.mackee@edu.tbz.ch"|"KWgRaG-hTaXkV-#XNHxC"
"theresa.livezey@edu.tbz.ch"|"%cZBMb-h0Swnn-HBHTy$"
"clemence.weal@edu.tbz.ch"|"1vfqU6-H3jZK9-DSXIDa"
"faites.overton@edu.tbz.ch"|"#wP6mk-4dyfIz-14uZof"
"clea.lindblad@edu.tbz.ch"|"TvCooN-Gm9BRL-mfHrPt"
"josephine.roseaman@edu.tbz.ch"|"1xOGb$-kur7&O-UR6fo4"
"oesten.lowbridge@edu.tbz.ch"|"IOTQjZ-8&HUKT-TbcfWr"
"marie-josee.brion@edu.tbz.ch"|"nShNzO-z1Xd&0-uCSfHs"
"therese.basili@edu.tbz.ch"|"0&$zg8-z8xCNO-hf1XbL"
"melia.vertigan@edu.tbz.ch"|"LT$#DU-ywaupp-8RD$%F"
"judicael.saull@edu.tbz.ch"|"D4Kf7j-iu9Koh-y5PHtB"
"selene.valentine@edu.tbz.ch"|"7DfCtc-m@OJY6-tC0VA@"
"verane.dunlap@edu.tbz.ch"|"PyHiQj-KlF4yV-IJ4Ivg"
"meline.kinnear@edu.tbz.ch"|"wj7xkQ-CGF1q1-o%BP#c"
"lei.luttgert@edu.tbz.ch"|"ShVDNw-rnBMa%-MSyzH9"
"styrbjoern.lathleiffure@edu.tbz.ch"|"u@E6Ek-jaGySH-UOxIfO"
"marlene.blasi@edu.tbz.ch"|"q#2Dng-D8WK$i-4%pOmy"
"mai.begwell@edu.tbz.ch"|"gP%3mu-z$WebT-eytL1v"
"gwenaelle.kaines@edu.tbz.ch"|"45Gnvv-cF52eA-5bn7Qh"
"gerald.adamthwaite@edu.tbz.ch"|"@rt0h6-7PzILs-&esmZa"
"kui.hartfield@edu.tbz.ch"|"MtZnG8-Wp2uf3-RYucSM"
"salome.currao@edu.tbz.ch"|"7zFMEd-cBIG6s-K#%X0X"
"angelique.tixier@edu.tbz.ch"|"X52#34-c&SUYo-NuMcC7"
"ju.mcgragh@edu.tbz.ch"|"zDAIw%-&YwiVb-Ra1%@c"
"dafnee.beachem@edu.tbz.ch"|"dd363Z-jkj3bL-FV@Bgs"
"creez.terlinden@edu.tbz.ch"|"NvOm1G-149EBQ-twaema"
"uo.mcskeagan@edu.tbz.ch"|"2S5d1w-LcANPh-y&6ZFB"
"edmee.mccaughren@edu.tbz.ch"|"dMAk3J-2eh9mC-QOjdK3"
"asloeg.cozby@edu.tbz.ch"|"SydwAm-PL@Et3-421VDd"
"melodie.traite@edu.tbz.ch"|"kE$anc-O2MA#Q-vAe@5v"
"dorothee.aindriu@edu.tbz.ch"|"swrD9U-GKhNhc-aarI@q"
"daniele.doley@edu.tbz.ch"|"3yHyw8-lQaVay-ZJSg9Q"
"mediamass.fairclough@edu.tbz.ch"|"ARYGCS-70WV9O-&AyUCu"
"lorene.rainforth@edu.tbz.ch"|"#1BRA4-h$dK74-6iLKzU"
"leonore.eyer@edu.tbz.ch"|"%knSr4-pN77#Z-gDV&Wo"
"po.spillman@edu.tbz.ch"|"IN4Fag-cP95up-$WwEF8"
"cecilia.plitz@edu.tbz.ch"|"2fu00m-hwlPg3-PPFroN"
"lorene.ludlow@edu.tbz.ch"|"#h2h$g-ndni&O-IXW#Ak"
"berangere.neligan@edu.tbz.ch"|"#eCN0c-fodOW2-ShWwR&"
"simplifies.huggan@edu.tbz.ch"|"ccno1Y-%WY9Hb-SNfJHB"
"clelia.prandy@edu.tbz.ch"|"4sBnx5-FH9aXt-QwlMMI"
"ake.osban@edu.tbz.ch"|"dpXTx4-XXAlc3-LwGWe1"
"cunegonde.brunn@edu.tbz.ch"|"rGPf2f-ZWkEGx-wA1Qcs"
"long.grizard@edu.tbz.ch"|"DlRtN4-XTT1hV-WnqxAT"
"meghane.diss@edu.tbz.ch"|"gBgzdb-EiSQoR-G9ERvb"
"therese.oldman@edu.tbz.ch"|"%LBfmr-G7A&H%-tibH7b"
"boerje.scamerdine@edu.tbz.ch"|"xR9Nfc-8sZILf-zVNHA@"
"du.saban@edu.tbz.ch"|"S6Kvk9-C#rp&t-xh1iFz"
"hakan.clynmans@edu.tbz.ch"|"&2nT#7-1tRk2M-pf4Fm5"
"wa.macdowal@edu.tbz.ch"|"yWTLH1-o$dI2l-vFLT&7"
"venus.hatrey@edu.tbz.ch"|"TjxHL8-9O89CP-WWFpvh"
"anaelle.vispo@edu.tbz.ch"|"gqCaEy-ulZmkn-2Ko3A7"
"mahelie.ollcott@edu.tbz.ch"|"4u5sL1-6rhTDf-JLg$E1"
"mediamass.whyman@edu.tbz.ch"|"hbwV0J-v@zo6k-kn0K8c"
"esbjoern.basson@edu.tbz.ch"|"pTjy4c-ojAPXW-zGU9cK"
"andrea.morrill@edu.tbz.ch"|"$0o$oG-II9%QY-q70pNx"
"melys.grassi@edu.tbz.ch"|"BNJByI-H6Q6us-a#pAs@"
"leone.poleye@edu.tbz.ch"|"AQ90v@-smHkK9-fvA$Xo"
"francoise.penny@edu.tbz.ch"|"c3AKK@-ee#JDv-sge5vL"
"rebecca.edney@edu.tbz.ch"|"GDgn$S-9AfWsh-s651ZQ"
"adelaide.murtagh@edu.tbz.ch"|"X$&zC8-wxW0w5-IHQMvs"
"stevina.winterbourne@edu.tbz.ch"|"@IbhSp-V7NFL0-@kCtb0"
"ma.cottom@edu.tbz.ch"|"VMmbS6-8r9S&1-BQQAzt"
"tan.harold@edu.tbz.ch"|"tVmSdY-6rffJD-jT&o9l"
"venus.forte@edu.tbz.ch"|"sw2qSj-ddvUUW-weATZ%"
"almerinda.oluney@edu.tbz.ch"|"Llv%7j-88zcCL-39TUdl"
"cleopatre.brehault@edu.tbz.ch"|"7%BLp9-Nt13qW-3Qmapu"
"interessant.lapides@edu.tbz.ch"|"g2walD-MEB0TE-uzud4r"
"reserves.hallatt@edu.tbz.ch"|"SutORX-HL0ZX0-x7n8Sv"
"annotes.birdwhistle@edu.tbz.ch"|"RMq&T9-%2Laf7-hrRwH$"
"ai.dredge@edu.tbz.ch"|"5GHv6#-#yXWP@-alSEGm"
"megane.mussard@edu.tbz.ch"|"ZxQUi7-$dDD2w-O5&VWs"
"esbjoern.gowrich@edu.tbz.ch"|"juHEZT-XAwylF-Aec6Xx"
"boerje.brislawn@edu.tbz.ch"|"kEd8Xq-K9QGiQ-SIXpem"
"becassine.wilce@edu.tbz.ch"|"wXohvy-clH31D-dNQxYh"
"personnalisee.oels@edu.tbz.ch"|"wToUPz-QSV0Zz-CatKxA"
"verane.pett@edu.tbz.ch"|"3YSADh-x$MrVq-ZppnmY"
"marylene.glewe@edu.tbz.ch"|"6#aLiM-Y&G23p-qI$24m"
"lai.elson@edu.tbz.ch"|"rqJ6Id-rtS6T#-nxuncd"
"serena.difranceschi@edu.tbz.ch"|"iYyghw-ooMrtL-$id&iN"
"lie.espinel@edu.tbz.ch"|"bO&0#p-qFG5s5-C6h$j4"
"marylene.fantini@edu.tbz.ch"|"pTyKFh-KbjrNz-&Z5Pbf"
"andre.archdeckne@edu.tbz.ch"|"cVQ&Hx-86ur5d-POUK4y"
"goeran.bohlingolsen@edu.tbz.ch"|"j&mzwd-DFmbSN-mI&5kR"
"cunegonde.heffer@edu.tbz.ch"|"#abEkc-%LLLbf-8CGLc1"
"tan.fechnie@edu.tbz.ch"|"6kY1IJ-tLoGmF-t&x0Cd"
"marie-noel.brammar@edu.tbz.ch"|"0OgZwO-07gjvC-ubpgD&"
"simplifies.aven@edu.tbz.ch"|"HWE@uV-mrq$Oi-gNCpMT"
"melys.pinchen@edu.tbz.ch"|"L@YeF#-8VPlme-&sYE3e"
"edmee.joyner@edu.tbz.ch"|"&dWUT0-$8pY#c-#iBQ7m"
"berengere.edess@edu.tbz.ch"|"3$Ufb9-6LXpCE-9TciPG"
"marie-noel.goward@edu.tbz.ch"|"uqIhVB-RP%PqO-Y90ZLy"
"ju.edmons@edu.tbz.ch"|"jBQKq9-k6BAOw-RJcDaQ"
"frederique.airds@edu.tbz.ch"|"PRNKsR-CWZoF8-PAK9s7"
"reserves.dauby@edu.tbz.ch"|"Dxflmq-dCiwRS-BScR2j"
"hakan.gynni@edu.tbz.ch"|"s3D088-ioVuJG-sBUzUd"
"leonore.pinwill@edu.tbz.ch"|"ieVsaw-NlK1y&-tM4tey"
"marie-eve.mcallan@edu.tbz.ch"|"y8SkKV-7xmzD9-cQo0oL"
"naelle.yeabsley@edu.tbz.ch"|"@BfUnU-lcbaM9-uEcWut"
"nelie.jacobovitz@edu.tbz.ch"|"3JY8EL-vOnib$-bPK207"
"adele.conelly@edu.tbz.ch"|"BcK@sp-2j$bDE-0RoM9N"
"clementine.dondon@edu.tbz.ch"|"A7apty-bHPk7D-VNOm&o"
"zhi.willcot@edu.tbz.ch"|"ppwWSu-UG&F61-KbOarW"
"chloe.janicki@edu.tbz.ch"|"vK$Pad-&lUWKQ-3#gCdi"
"meng.linde@edu.tbz.ch"|"#lBPLS-Q$k528-P@2x9W"
"celine.janisson@edu.tbz.ch"|"PU0df@-jygFyv-crBE$5"
"clelia.crow@edu.tbz.ch"|"gmsLoG-Rf2zcI-#nC&yA"
"cecile.pyott@edu.tbz.ch"|"Gm991Y-kocXIk-CVDlaw"
"ma.fidelus@edu.tbz.ch"|"lQ3pz9-huCGqF-h0uGj3"
"marie-helene.poore@edu.tbz.ch"|"@yDRyN-S#Jqe1-AypgHH"
"elies.blanket@edu.tbz.ch"|"Vbo5P5-0a%2Qq-VstYkg"
"yu.boyer@edu.tbz.ch"|"XT#Xck-ZYkk5J-jqcxHI"
"celia.welds@edu.tbz.ch"|"H&gXB9-dm96Wo-u5Lk7&"
"du.gunney@edu.tbz.ch"|"wq89ij-EBU@@#-Vv#vJh"
"goerel.crush@edu.tbz.ch"|"OMeEXE-2PD1eG-lKK8gG"
"marie-josee.brosius@edu.tbz.ch"|"tsv9x5-8o0WX9-Y5Ivie"
"camelia.adds@edu.tbz.ch"|"nnfjA2-8&Nf49-d5ZZu7"
"anae.irwin@edu.tbz.ch"|"pNzX8g-TBMi$#-FrX&Rb"
"cleopatre.skeffington@edu.tbz.ch"|"oFhksC-PNy%Lo-1r79TT"
"gerald.suggate@edu.tbz.ch"|"2fA2Y8-D3rqn3-CvDceC"
"laurene.tailour@edu.tbz.ch"|"hbPrE5-BU9%0b-DgXOXp"
"amelie.hoble@edu.tbz.ch"|"a3dnXd-JgX4aA-x8ShyC"
"venus.getch@edu.tbz.ch"|"2o63m%-mH$na#-28JND&"
"renee.treby@edu.tbz.ch"|"dKlqM@-2OE#EQ-HJbwsG"
"almerinda.stait@edu.tbz.ch"|"o5JkOx-9mQ8T6-jcB4Sg"
"andree.reddecliffe@edu.tbz.ch"|"ZkdNKN-@52j8S-vC3$ia"
"leone.wintle@edu.tbz.ch"|"tuDlEf-Vv&fU$-#WB&pN"
"gerald.fellow@edu.tbz.ch"|"UYLD5O-r#0xKB-YFAdvH"
"ju.gudger@edu.tbz.ch"|"Nqz$8N-&ZHrGa-EbvyYL"
"meng.ohaire@edu.tbz.ch"|"cwRljd-QrJiDN-0L%9PW"
"cleopatre.missington@edu.tbz.ch"|"gbvgjK-KnG4We-LAvdCz"
"annotes.debruyn@edu.tbz.ch"|"JV16sT-SA45Lg-@W0vwQ"
"gerald.sinisbury@edu.tbz.ch"|"l0je1S-4&2eRt-mLmo#c"
"creez.slora@edu.tbz.ch"|"vPSdH%-knTjKZ-AP5vUF"
"gisele.benbow@edu.tbz.ch"|"omvSqm-@rPULN-$azA&&"
"pal.dossit@edu.tbz.ch"|"O#9auH-CWPEtg-4seIe9"
"nelie.stirrip@edu.tbz.ch"|"UlL&L&-x$rTya-csYYgu"
"alois.ocrigane@edu.tbz.ch"|"$JU4xC-3WtIN$-ohj5gH"
"kui.mcterry@edu.tbz.ch"|"AoFBSr-T81FBI-x7tkCg"
"long.willgoss@edu.tbz.ch"|"1XWiU0-xJuua4-qweaEF"
"francoise.sumpner@edu.tbz.ch"|"p@Q29Z-7SKq#a-C#EA&P"
"maely.grinstead@edu.tbz.ch"|"BLEd&5-4jjrMB-TGn8Y#"
"creez.langeren@edu.tbz.ch"|"rG0oWU-k@7&2H-D4X3C0"
"adele.dungate@edu.tbz.ch"|"7q9Exm-KBkiJk-MG4O$9"
"cleopatre.noirel@edu.tbz.ch"|"%p@GRe-nU$sTj-#0bfqR"
"interessant.daverin@edu.tbz.ch"|"an2Kmv-h#rPVu-HSJB1z"
"naeva.kalderon@edu.tbz.ch"|"p4lcna-B8ulEC-5eTbJM"
"anais.oshesnan@edu.tbz.ch"|"OVaHvM-&TqeyO-1YN63G"
"judicael.anelay@edu.tbz.ch"|"tUWqn5-PmBBkM-eHk7zb"
"eloise.braxton@edu.tbz.ch"|"O8FT5%-DXi%Hn-oUdGc%"
"desiree.greguol@edu.tbz.ch"|"M8QddI-MX@0f7-xC$APO"
"maite.mcclenaghan@edu.tbz.ch"|"ejntF#-4rqF9r-btmVVz"
"meng.doret@edu.tbz.ch"|"m9HTn3-QEwnDi-4ZvIch"
"frederique.chippendale@edu.tbz.ch"|"ZhQa&g-5SljC@-HozETF"
"andreanne.lanney@edu.tbz.ch"|"HEal$t-hEKDgS-ix1tiV"
"aurelie.claus@edu.tbz.ch"|"uEeBoa-kYUa#e-1hw2ao"
"renee.pabel@edu.tbz.ch"|"2iB$HP-8@ttxe-o0kcIL"
"maena.roust@edu.tbz.ch"|"ba1kt3-xgLACN-qVSFw0"
"nadege.carwithim@edu.tbz.ch"|"JtB%nH-@TXq43-ibzHkV"
"solene.geyton@edu.tbz.ch"|"r6bBxx-vag4iS-i6wuPT"
"dafnee.avraham@edu.tbz.ch"|"ksigL6-Rj8Oa%-S71pZt"
"leane.woolvin@edu.tbz.ch"|"F$6y45-XDcqvp-@7iVir"
"adele.macadie@edu.tbz.ch"|"SwSl9A-IMhhZo-8OXVsL"
"meline.rubica@edu.tbz.ch"|"2S2SCj-5$CZhT-h6C2rO"
"marie-noel.speeding@edu.tbz.ch"|"GiMVhX-YZ9vzA-25wLSY"
"nelie.mix@edu.tbz.ch"|"m$l3QY-EeZbc8-MpmXXu"
"clea.ollett@edu.tbz.ch"|"fHZkus-u12lL7-9%mt$V"
"leandre.mcgavin@edu.tbz.ch"|"Q$IOB4-i@G2$B-eRLldq"
"cecile.behne@edu.tbz.ch"|"O9zw%y-iAu@1T-ZB%@0I"
"melanie.polle@edu.tbz.ch"|"fLwMEr-n4%aWR-HiFtkC"
"marie-josee.titmuss@edu.tbz.ch"|"A9vCmu-cyD$kD-W&66F$"
"helena.guest@edu.tbz.ch"|"A74kqC-Nt8@vZ-6CdZB8"
"annotes.chicchetto@edu.tbz.ch"|"ZG@3C&-ICIfcN-KLL$g#"
"melia.tubb@edu.tbz.ch"|"@44aQp-BMr%Pp-Rr9p7T"
"angelique.casetti@edu.tbz.ch"|"sTeC1$-v6ubUU-L1mGE4"
"cunegonde.cleall@edu.tbz.ch"|"MD1s4s-2IoyIk-F7W$8f"
"camelia.oaker@edu.tbz.ch"|"6Wn1Va-OhF5uU-5gDt%j"
"you.searight@edu.tbz.ch"|"fSBPms-jQE8tm-QddsOL"
"kevina.dederick@edu.tbz.ch"|"2S8$h2-rhSrxI-po89i5"
"milena.jeffrey@edu.tbz.ch"|"sMEiry-oi0EUb-Nm1qHP"
"melodie.barkshire@edu.tbz.ch"|"vr0dpv-uocqyI-ZH7rFj"
"gaelle.kreutzer@edu.tbz.ch"|"ElM8my-QhfLz#-FUmpXY"
"kalliste.kleinpeltz@edu.tbz.ch"|"citJ$d-SQvlIg-AiSg8e"
"clementine.danat@edu.tbz.ch"|"b%pe5C-NWZ9NL-ZX9uhe"
"andrea.wabb@edu.tbz.ch"|"1@udYO-nwygAn-glVdM1"
"geraldine.piesold@edu.tbz.ch"|"74vHr4-%Xzrsk-KGc1y4"
"tan.fiveash@edu.tbz.ch"|"sq3C&7-hBP#m$-XRj9tY"
"meline.yuranovev@edu.tbz.ch"|"Q3RoA&-koH@Se-QNPY0L"
"therese.holme@edu.tbz.ch"|"HXBLjZ-kolaOf-vIy$Ic"
"salome.vaney@edu.tbz.ch"|"&yijV4-7e1U#6-nROgjx"
"anae.abramson@edu.tbz.ch"|"INfpTj-i3$aV6-UzNjs8"
"kalliste.jimson@edu.tbz.ch"|"cgtcOl-as@Eo8-NgNwp@"
"selene.yole@edu.tbz.ch"|"bwPU8a-s8OuxY-lZZDg@"
"agnes.defraine@edu.tbz.ch"|"$gbLSG-KDv3aJ-wiYI%k"
"faites.mccluin@edu.tbz.ch"|"EU8Yqj-%uL30B-oE$Ux1"
"athena.deme@edu.tbz.ch"|"6Z1s3M-tv0odI-MN&iFu"
"daphnee.brigstock@edu.tbz.ch"|"h&aypl-E3ARS9-Am3RCQ"
"goesta.skaif@edu.tbz.ch"|"xfTNYj-VaR&m9-y4vGkx"
"oceane.jagoe@edu.tbz.ch"|"kWu%i&-W0jp35-9NyChS"
"annotes.broomhall@edu.tbz.ch"|"YM4tbL-kjOpRW-biSnwn"
"marie-eve.ballendine@edu.tbz.ch"|"SO7t9t-CC7E%4-ShQ5zb"
"melina.spykings@edu.tbz.ch"|"1etDxw-N63&@f-yD2Pw5"
"laurene.ticehurst@edu.tbz.ch"|"4pEFU2-ifzOg3-OqU7$H"
"fei.avramovic@edu.tbz.ch"|"yCc6O#-QeS&T4-WNDSXo"
"publicite.strathearn@edu.tbz.ch"|"Pl&FHC-Snpfgw-4nHobP"
"torbjoern.garrow@edu.tbz.ch"|"xgoOpa-Co7OjU-YbUy#p"
"chloe.rubinsztein@edu.tbz.ch"|"2&tnh&-DL&HDE-DGlHqL"
"mylene.demanche@edu.tbz.ch"|"Vs4aQt-hb4G#4-x0vfLm"
"mediamass.godlonton@edu.tbz.ch"|"X%E37k-MzRclp-6H&Rus"
"renee.shurrocks@edu.tbz.ch"|"WMAZLs-mGXNNo-yYnVs6"
"maiwenn.jedras@edu.tbz.ch"|"ieFiWq-l6JmA1-aINU0n"
"genevieve.castells@edu.tbz.ch"|"s53ryd-Mebr%m-Uu8QFg"
"renee.sneden@edu.tbz.ch"|"USeA4D-2q#H3k-KSXgLL"
"lai.mccallion@edu.tbz.ch"|"v5dIgc-Eyro3d-JxY@ff"
"kevina.impleton@edu.tbz.ch"|"GCdju4-80KaL2-aqsMtk"
"oesten.fresson@edu.tbz.ch"|"kxgh04-2DY8rx-3G%qg0"
"verane.shawley@edu.tbz.ch"|"usuuqO-THHnDR-T@SGo@"
"uo.sjostrom@edu.tbz.ch"|"y5&q0l-C4yoB#-BXH%KW"
"gisele.gothup@edu.tbz.ch"|"wX@UH6-n&LA2P-9peELr"
"renee.beauman@edu.tbz.ch"|"6k17&D-%esKIB-jtsxf#"
"elies.loton@edu.tbz.ch"|"5X#BT@-QNARfq-PstMbx"
"valerie.elsmore@edu.tbz.ch"|"0VAZDU-EAPRKd-$SqqSG"
"berangere.delafeld@edu.tbz.ch"|"qMcMtp-pj#Wn2-9gA#yZ"
"bjoern.schimke@edu.tbz.ch"|"P726H@-01C$VU-&&blZq"
"loic.ericssen@edu.tbz.ch"|"5p$06K-h&XlO6-OiGLz@"
"creez.richarz@edu.tbz.ch"|"VL7gPC-735vJy-Bbn%DA"
"athena.grocott@edu.tbz.ch"|"AK02h1-mI4XvK-pPuksV"
"naelle.piotr@edu.tbz.ch"|"NM9V6P-37#ZH#-JljE5P"
"maella.paulson@edu.tbz.ch"|"5hdfQZ-hHXDQh-3c@T%J"
"song.perot@edu.tbz.ch"|"WV&lhm-TzCTBm-Vt$3C8"
"kalliste.heckney@edu.tbz.ch"|"VHjKZN-FjztM#-C1kM&D"
"ake.vasyutkin@edu.tbz.ch"|"yJsikD-FsTp7w-mewtfl"
"ma.castles@edu.tbz.ch"|"7TVbrw-fD3MfI-y0$#EQ"
"maely.monget@edu.tbz.ch"|"jKbWJp-LVnhOO-r6LIrs"
"tang.durbridge@edu.tbz.ch"|"wvVqGf-#IsmxQ-hhFZoT"
"laurene.andrew@edu.tbz.ch"|"3&5QM7-ovmD4r-Es$xTi"
"lysea.beacon@edu.tbz.ch"|"Hc2V&Q-W0qfNQ-UePIMd"
"leandre.peyntue@edu.tbz.ch"|"K9UcUw-V%HG6R-c%syUM"
"rao.trever@edu.tbz.ch"|"Gj@R@E-87wMle-0$tvsf"
"mahelie.streader@edu.tbz.ch"|"23Dqk4-5NJ8X#-YVCBXg"
"maerta.andrejevic@edu.tbz.ch"|"Mw%9NR-yVgVNJ-PjpUCf"
"goesta.tompkins@edu.tbz.ch"|"VEETSR-l6izuO-yGb8F9"
"helena.agates@edu.tbz.ch"|"jD%Bqt-C0zsB5-DCnn4D"
"therese.glass@edu.tbz.ch"|"1lsNxU-RXEsiY-1lL5EO"
"alois.foan@edu.tbz.ch"|"BGTcyp-N#Tvr5-NlXixz"
"becassine.melchior@edu.tbz.ch"|"SO238i-260KH6-l7T2wW"
"cloe.robart@edu.tbz.ch"|"p2$buq-l3xgH7-fCPTbN"
"daniele.puckinghorne@edu.tbz.ch"|"BV4lJE-S26IZ0-iiR1HI"
"selene.cammidge@edu.tbz.ch"|"5TTgLM-zV6o%6-KDGWM0"
"regine.conochie@edu.tbz.ch"|"P$&0fm-0RFER5-$jKSjb"
"interessant.tuiller@edu.tbz.ch"|"5tzU4H-didpTE-f9E7Lf"
"long.tiebe@edu.tbz.ch"|"SndfJ0-3PV%UK-3d8t%t"
"mans.yele@edu.tbz.ch"|"&WqST%-AQKbJw-IL5W3#"
"ai.giles@edu.tbz.ch"|"QzkqsY-HRxtWj-PpLuQn"
"gaetane.hamberston@edu.tbz.ch"|"ztE8TM-yH0VDw-@2RtQx"
"marylene.fenix@edu.tbz.ch"|"oMA1C$-dzZpam-LCrZWs"
"geraldine.graeme@edu.tbz.ch"|"$rWSAO-d%pVwY-@WDooS"
"tang.kinglake@edu.tbz.ch"|"mbtw6x-v1w5%W-oB0rQ$"
"lai.challoner@edu.tbz.ch"|"@BTd3A-5XOYJ5-mMnimc"
"desiree.mattei@edu.tbz.ch"|"hdpEXb-PKoURt-MyOMrn"
"ake.erley@edu.tbz.ch"|"BqRWuT-GX9FH$-AYn359"
"edmee.cavil@edu.tbz.ch"|"fUV91@-EPZFDf-7uxEO0"
"alois.moyes@edu.tbz.ch"|"RbW&$G-#JMrAJ-yj#hxQ"
"becassine.pitman@edu.tbz.ch"|"hZKvgl-RIwYyN-W6XGPc"
"ai.giacovelli@edu.tbz.ch"|"1BsM7K-yVchhK-zG&ejJ"
"judicael.fruchter@edu.tbz.ch"|"wfCn70-AaKlRT-SQ2dN%"
"mans.mogg@edu.tbz.ch"|"wEjp@0-#YgCGe-mnzQp3"
"gerald.foyle@edu.tbz.ch"|"XL9u9H-DkhEVX-7oLN#T"
"wa.androletti@edu.tbz.ch"|"Gw2uv2-eFt8vR-PunQce"
"meng.ollett@edu.tbz.ch"|"n5@ePr-zdO35g-hMqotz"
"naelle.macmenamy@edu.tbz.ch"|"cfqoS3-qvSOpl-zUDo$h"
"gisele.mcramsey@edu.tbz.ch"|"SAL5tX-aOTExF-3ShFEG"
"meryl.scolts@edu.tbz.ch"|"m77mTY-r$VVMO-9$Bh1M"
"celia.bloxsome@edu.tbz.ch"|"P8PvFY-fqWCdw-4LAOY4"
"styrbjoern.stuke@edu.tbz.ch"|"t@#YhS-%ZBDlr-obJmtP"
"felicie.gwilliam@edu.tbz.ch"|"yFcaDK-68b9Gl-y3%R@W"
"da.harms@edu.tbz.ch"|"N4@2K7-QNrz6I-yZsAii"
"celestine.baulk@edu.tbz.ch"|"P7rAOU-GiJ#TH-LywiZG"
"mahelie.blackledge@edu.tbz.ch"|"EpjftZ-GrEcnl-dE#N6w"
"meghane.salt@edu.tbz.ch"|"xNllga-8hxvJ7-x6JrQn"
"methode.paxeford@edu.tbz.ch"|"mxTIp$-kDheB2-kaSkuV"
"asloeg.milligan@edu.tbz.ch"|"2OFt6n-Apzkk8-FbE@Xh"
"you.pellman@edu.tbz.ch"|"DEJPgc-wd4E@m-snm9mr"
"loic.regenhardt@edu.tbz.ch"|"4%bN3$-V2HKEJ-qUZp%N"
"daniele.savill@edu.tbz.ch"|"6OQjo#-9ecPAD-SdceJr"
"alois.cornu@edu.tbz.ch"|"CPy$0g-r9DkM3-IP#n6m"
"oesten.govey@edu.tbz.ch"|"4jVn%1-ANB#wV-7$gsrH"
"marie-eve.louch@edu.tbz.ch"|"dwVHwk-3EjE8i-n5Tech"
"theresa.wenn@edu.tbz.ch"|"MH6Z@$-7VYRn0-pVYL0v"
"andree.eul@edu.tbz.ch"|"2RdAFU-8yl88T-#T$upK"
"lie.paynton@edu.tbz.ch"|"hxAylD-nzcLuR-dpgQR#"
"marie-eve.girodier@edu.tbz.ch"|"4VM3nA-iQqQSU-tcM6OG"
"marie-noel.smithe@edu.tbz.ch"|"q6ZLqb-%WNNRl-MuPROF"
"men.bootyman@edu.tbz.ch"|"Ccr11k-a4uJvW-IxK%lB"
"ku.sugg@edu.tbz.ch"|"N2b3Cj-Gp#Hpi-JEgTh4"
"lucrece.roseman@edu.tbz.ch"|"0vM#tN-1LNkbK-vyAVUr"
"zoe.annear@edu.tbz.ch"|"6zszaJ-b9XIfd-5b44cB"
"marie-helene.rennebach@edu.tbz.ch"|"MjU6Hi-zG3Txq-764eyO"
"lea.djurdjevic@edu.tbz.ch"|"@$p0WQ-@%zl6@-Rq5rHc"
"goerel.robert@edu.tbz.ch"|"n9VLS6-zb1C7H-hFwfis"
"mylene.foldes@edu.tbz.ch"|"rswKGO-ebpGya-lIhp4V"
"faites.clegg@edu.tbz.ch"|"Jbo9V%-iQ$WBu-DTjJoR"
"marylene.crowcher@edu.tbz.ch"|"IlGsza-F67VXu-ZPIaKl"
"aimee.wimpeney@edu.tbz.ch"|"2O12Y&-4z@5t5-WKn9LX"
"renee.atkins@edu.tbz.ch"|"5xnC0h-1fBJQg-j3rzAe"
"rejane.cainey@edu.tbz.ch"|"UT&8Ly-bXVL1U-9CF$fO"
"solene.britney@edu.tbz.ch"|"U78xiO-l@oDC1-10W4hz"
"marten.shatliffe@edu.tbz.ch"|"0lY6o2-UAnisH-@r6rp$"
"maite.issatt@edu.tbz.ch"|"9RmSRK-@ud1p3-mFc5CH"
"maelyss.edon@edu.tbz.ch"|"3EhpWA-leG@wY-D77s1D"
"nuo.bamling@edu.tbz.ch"|"#@fJD1-YFHpDU-eNqSPP"
"anais.edards@edu.tbz.ch"|"HOQ1o2-81huLV-Vz9iu8"
"mediamass.bromet@edu.tbz.ch"|"2Q2jjX-tdwfzZ-fGbmfO"
"beatrice.kimbrey@edu.tbz.ch"|"OGY9tQ-xQG0oM-ho8KSF"
"ines.lawranson@edu.tbz.ch"|"8VwM4w-Sf07#p-r6TZqi"
"kalliste.scandroot@edu.tbz.ch"|"&2g0GC-6Cjgc0-shn5Hg"
"mans.barrowcliffe@edu.tbz.ch"|"rhvD6w-gFKbm$-jer3Ua"
"irene.couves@edu.tbz.ch"|"WFL4MS-n$j55L-0ByXMq"
"milena.mucci@edu.tbz.ch"|"rTF$PW-py@lTl-2wVDXs"
"naeva.cow@edu.tbz.ch"|"oW%IdZ-mpJaRe-5tjM7n"
"audreanne.mournian@edu.tbz.ch"|"Sh#irN-#fDQPG-CooXil"
"melia.sinnatt@edu.tbz.ch"|"TDuuqb-aIxpAL-yQ8PvR"
"nelie.burnard@edu.tbz.ch"|"k%1CW4-pNXl4e-ZyaSP2"
"clelia.ashfull@edu.tbz.ch"|"aV1LUi-2gYO7p-W9JCKN"
"lie.macard@edu.tbz.ch"|"6$LPQj-O$CJmZ-2nkAk7"
"valerie.matoshin@edu.tbz.ch"|"aCNKPA-ptg92j-tHYM1%"
"anael.hatherleigh@edu.tbz.ch"|"B09fuY-2zFuEi-Ln#gLt"
"interessant.warratt@edu.tbz.ch"|"vs9egw-Ex01TY-SuI73z"
"eleonore.volage@edu.tbz.ch"|"occAnl-ZYgHUl-MpIhlS"
"zoe.stebbing@edu.tbz.ch"|"4wbHW3-mRlngz-TbY&tM"
"alizee.nye@edu.tbz.ch"|"vJnrRO-pwMnXu-&MBxKV"
"celestine.bramley@edu.tbz.ch"|"1@61zO-n2XzlA-udhdUY"
"selene.philcott@edu.tbz.ch"|"NRE9lO-GB7U4j-P5IY@S"
"tang.newens@edu.tbz.ch"|"fT$%&7-478#Ko-SV5zGv"
"annotes.powys@edu.tbz.ch"|"AqOImg-vxwZuz-In11wj"
"lea.matthesius@edu.tbz.ch"|"kz6X2W-pjnI22-oHwq&@"
"illustree.garlett@edu.tbz.ch"|"2B8Cg2-AUfZEe-WkdzyB"
"maiwenn.meachem@edu.tbz.ch"|"TKmnH1-W@QBhW-86@#2V"
"marie-francoise.mcbrady@edu.tbz.ch"|"kd0xCh-DPa1JS-qReUxy"
"illustree.gimbart@edu.tbz.ch"|"XlcvD8-WO$F3Y-I1UYTX"
"melys.lyosik@edu.tbz.ch"|"DpZ@SH-c7LbdG-apqmno"
"marylene.mcnab@edu.tbz.ch"|"c3LlX1-4bAMYs-X%7j&0"
"gerald.blount@edu.tbz.ch"|"TE6%4o-D0P%Cn-RBZEKg"
"clelia.shakelade@edu.tbz.ch"|"P#7zVb-v56%DU-3zRWAb"
"penelope.cridlin@edu.tbz.ch"|"mrxXrZ-psk3TB-hsbEdO"
"maena.okuddyhy@edu.tbz.ch"|"n33%Sy-hdicS6-QqCcBw"
"athena.keynd@edu.tbz.ch"|"sRYXN4-a$uU1m-DG6NOV"
"cloe.dwine@edu.tbz.ch"|"SacBOA-NTKj&u-6PLmbN"
"josephine.browett@edu.tbz.ch"|"14vtni-hhdDUX-VkOXJB"
"audreanne.oscanlon@edu.tbz.ch"|"5RsjGa-QqcJ@3-2MFX65"
"fei.jeanequin@edu.tbz.ch"|"8ltGX%-S$ZSIz-m0&l$#"
"lois.gormally@edu.tbz.ch"|"nHlqGQ-46Poa&-GULzoj"
"marie-francoise.finnigan@edu.tbz.ch"|"Z3xv5s-8O2HBG-5S7TqA"
"leonore.trussman@edu.tbz.ch"|"bn32Nx-UCp$H#-ABKL4D"
"anaelle.trumper@edu.tbz.ch"|"O4ClL@-qbK3&b-LLkY#S"
"clemence.dionis@edu.tbz.ch"|"YNu6fM-c6Ss7P-wWI&Ya"
"lois.tranmer@edu.tbz.ch"|"bm#KAm-SQl8ZJ-MNT5#T"
"interessant.volett@edu.tbz.ch"|"aOr0fA-9QIQQB-9ywfPE"
"personnalisee.deackes@edu.tbz.ch"|"AErIb0-pfUBqe-IODfj6"
"lie.vasiliu@edu.tbz.ch"|"#KEAa2-hlxMsf-1NQn0M"
"dafnee.lamputt@edu.tbz.ch"|"jYKdmf-V0oWIN-@w5roa"
"elies.bromige@edu.tbz.ch"|"PJlk8C-93qgfA-ruRqRz"
"helena.klosser@edu.tbz.ch"|"g&p$5j-V%&qlT-BSku$2"
"andree.grim@edu.tbz.ch"|"oVHTOg-xkx3WU-%#hzqd"
"verane.coldbath@edu.tbz.ch"|"XDgz6t-O98$Up-%XVCNw"
"helena.bethell@edu.tbz.ch"|"84J5RF-FSs3sV-gZ$Sc2"
"kalliste.carefull@edu.tbz.ch"|"ijQJ@e-lwBl$P-f6K2T8"
"regine.odams@edu.tbz.ch"|"7x8%9V-Q1Hu1G-T&ILe5"
"len.stannus@edu.tbz.ch"|"SqOu6I-xFxgD#-qC7YiZ"
"angelique.works@edu.tbz.ch"|"SlTmC&-g#anr3-zYFXVX"
"goesta.rheaume@edu.tbz.ch"|"6CabnE-P77BDc-Ak8p3$"
"maelys.tynnan@edu.tbz.ch"|"ObdgoK-OSuwiE-zGK@RI"
"maelle.carlesi@edu.tbz.ch"|"cJr&Gz-qRX7v7-n%c3$g"
"anael.spurden@edu.tbz.ch"|"z%6Gwt-5z5&TG-U2fT@w"
"helene.pumfrett@edu.tbz.ch"|"WzrB3G-tN2Bx%-U3&bsR"
"goerel.pearn@edu.tbz.ch"|"bqQKsN-uR2DiW-4j#G&C"
"laurelie.dezamora@edu.tbz.ch"|"j7d99c-B2Mgul-sB#xq9"
"yao.twidale@edu.tbz.ch"|"vG5I%1-PUE5SL-O38qNQ"
"berengere.sola@edu.tbz.ch"|"airCMZ-$1S$3i-6GRtcD"
"maelann.hardistry@edu.tbz.ch"|"A%w%jV-gTJeS4-o7pK5@"
"severine.littlefield@edu.tbz.ch"|"4KUuN4-Egjg5D-oL58YF"
"salome.heinl@edu.tbz.ch"|"rv4kfa-IkqxY4-iIBwTq"
"meryl.warbey@edu.tbz.ch"|"PueeCr-TlWjTU-ujkLWq"
"da.hunstone@edu.tbz.ch"|"9M&QaA-qpl&V7-ovXlHm"
"venus.broadbury@edu.tbz.ch"|"v6La2V-2yLf3z-8e9CWo"
"meghane.rentelll@edu.tbz.ch"|"vAJ3Px-KTNEtt-@mH35l"
"marylene.drewitt@edu.tbz.ch"|"s2PUSE-2bJNkN-JHJeCt"
"melinda.jacquemet@edu.tbz.ch"|"AvF2hM-$@nn#K-xFNlAw"
"marie-josee.keyden@edu.tbz.ch"|"f#ge4k-kD3CP7-bPr1X3"
"asloeg.montacute@edu.tbz.ch"|"z1xVw0-TDD8@U-F1qxay"
"ku.andreou@edu.tbz.ch"|"WW$1W5-DwM3R&-IDBDgl"
"personnalisee.feaveer@edu.tbz.ch"|"f0D&7C-zdtxFq-uGDol@"
"laila.emptage@edu.tbz.ch"|"oLuQ0O-Zit4eW-bjt8I0"
"bjoern.dawdry@edu.tbz.ch"|"6gB2U&-$BrWhx-NI#nLj"
"marie-eve.dinsell@edu.tbz.ch"|"btsDOu-kUwikB-Aipbij"
"helene.follett@edu.tbz.ch"|"VG@yv@-AvYhm#-lWz54Z"
"penelope.cordero@edu.tbz.ch"|"jjn7ia-$LWt#X-#XM0qe"
"boerje.beedell@edu.tbz.ch"|"Bz&Gys-5kf5gr-7fEa#T"
"nelie.ferne@edu.tbz.ch"|"vc63B1-Tfot5Q-fL4Oka"
"celine.ahmed@edu.tbz.ch"|"PIt2af-WRVUgL-vTlkaB"
"stevina.pimblett@edu.tbz.ch"|"JlB5XP-0Mmuhw-b%XkKs"
"chloe.langlands@edu.tbz.ch"|"Aa9njX-M#WloX-lfr79A"
"simplifies.maude@edu.tbz.ch"|"jIPBB&-O@XGaY-kyfB$s"
"genevieve.decarteret@edu.tbz.ch"|"&G2Jj&-W$TQQV-cWz%aA"
"marylene.mughal@edu.tbz.ch"|"3$Eqqo-HgkmtO-xNXGvP"
"goeran.guttridge@edu.tbz.ch"|"VXSCYW-KrMPgW-@imVkk"
"michele.smurfitt@edu.tbz.ch"|"hVXrtK-wxNJ6d-i4W2Ap"
"methode.hadeke@edu.tbz.ch"|"qwys%G-KRqiG0-HGGU9o"
"therese.rispine@edu.tbz.ch"|"0JMkEy-vH5tIA-ef8mNs"
"goerel.plumley@edu.tbz.ch"|"v%UJJ$-UQ45Wn-V#Ehsv"
"oceane.friett@edu.tbz.ch"|"aZxXBU-h7rFwp-J54z7f"
"marie-noel.achromov@edu.tbz.ch"|"xb8upC-knSdsz-G@pSYa"
"dorothee.storek@edu.tbz.ch"|"HZ8odz-rjtNl7-am%ZFu"
"goesta.whittle@edu.tbz.ch"|"5MaN#e-@ZsUKE-tUwMLX"
"desiree.casely@edu.tbz.ch"|"wgE9$U-ByK2T8-$9UZvo"
"felicie.condon@edu.tbz.ch"|"WOfFf&-QkmtqR-rBZM&3"
"maelyss.frisdick@edu.tbz.ch"|"telt$a-WpE%g$-BWfX@O"
"aimee.banke@edu.tbz.ch"|"veRQ50-eor@RH-q3yV#7"
"naeva.hodcroft@edu.tbz.ch"|"5G4o$1-HZ0z0t-%QUqJV"
"laila.gerrans@edu.tbz.ch"|"N2R@4x-oDoOz2-vdxrqE"
"daniele.scrimshire@edu.tbz.ch"|"DH%FF2-5nxKer-Xgs5SG"
"daphnee.sheerin@edu.tbz.ch"|"1D89%x-RK#ppi-JIZNO%"
"pal.vanyukov@edu.tbz.ch"|"HWTdUZ-JpvO#f-krw7g&"
"zoe.childs@edu.tbz.ch"|"N8l&w&-gpA8oF-nd5uib"
"ai.corde@edu.tbz.ch"|"OmHiJS-zb$PLL-FcypGX"
"maelys.berryann@edu.tbz.ch"|"0P9#P5-SIkFdc-0ub9Nc"
"cloe.gladding@edu.tbz.ch"|"V6Eyco-&a%#vy-9&pzyD"
"wa.kinnaird@edu.tbz.ch"|"CL73yk-0lvFtW-@4e0p$"
"publicite.brittoner@edu.tbz.ch"|"XAHQIF-fWwENj-k9Eb64"
"rao.windress@edu.tbz.ch"|"BtbYR&-6tLxSy-lI8v%&"
"uo.kollach@edu.tbz.ch"|"vMwUr9-7Qpm@w-aBiXfe"
"josee.peskett@edu.tbz.ch"|"BZ83nc-6Lpwfs-yYalJp"
"annotee.hasel@edu.tbz.ch"|"NYih&g-KZeLgo-%n2is%"
"cinema.lee@edu.tbz.ch"|"qmFif7-rBr08C-xJ0qiI"
"lai.vedeshkin@edu.tbz.ch"|"hZNR1F-qcoGIz-H$pSca"
"renee.brisbane@edu.tbz.ch"|"z3RPLS-rGUvah-l4k5OD"
"ophelie.blincoe@edu.tbz.ch"|"9w$D$m-G5OC5C-J1$Yg%"
"zhi.prazor@edu.tbz.ch"|"1z5pQq-AsZuzg-KR7oYj"
"annotee.maddicks@edu.tbz.ch"|"eo4dXF-28ILPL-WGhGwr"
"maelyss.codd@edu.tbz.ch"|"Qu4z6e-voN6eE-l%aImE"
"celia.peplay@edu.tbz.ch"|"FZwaGr-D$ba6S-aSV98R"
"interessant.skone@edu.tbz.ch"|"aMNc&Y-Cs7OvY-cHaFhV"
"audreanne.hebdon@edu.tbz.ch"|"0cCKhK-dOU@pR-wMNCJ7"
"oceane.glen@edu.tbz.ch"|"U9faOq-WOlzHk-XVj$WW"
"daniele.vanyushkin@edu.tbz.ch"|"@foCEg-ilgZCd-PwDo%v"
"daphnee.ayce@edu.tbz.ch"|"vK6iwc-MAUXpc-MgH#S$"
"andrea.attride@edu.tbz.ch"|"v99j8M-DriD9z-RFerXI"
"penelope.bridgwood@edu.tbz.ch"|"KmIOgT-tE7Lh3-JKgaC&"
"mailis.drewitt@edu.tbz.ch"|"r@YsZ5-JPyevS-gy5lMp"
"penelope.mollene@edu.tbz.ch"|"xFGF7i-7LGJ3U-CkwQwZ"
"illustree.keely@edu.tbz.ch"|"&&GS7G-gdNE55-rEbdrS"
"meng.brisseau@edu.tbz.ch"|"uQt8Ai-gs$OlH-Ot%r&Z"
"ruo.cleiment@edu.tbz.ch"|"pIAcsC-OzkFOT-CfpHfT"
"maite.krammer@edu.tbz.ch"|"fFLtEC-VXT7IZ-2@uzJk"
"genevieve.verry@edu.tbz.ch"|"fxaYu6-n6@VD3-6%NvZ%"
"lea.olochan@edu.tbz.ch"|"idvrFL-12V8Uh-VfZnQU"
"naelle.brunnen@edu.tbz.ch"|"FAxv9K-w8GCdh-2T03My"
"goesta.bragginton@edu.tbz.ch"|"Lg2sxQ-v16SIf-D4mywT"
"fei.danilyuk@edu.tbz.ch"|"ykc7RV-Ym&TK8-riR$ud"
"adelie.turbitt@edu.tbz.ch"|"NA9vS2-Z0HaD7-yUDm$y"
"marylene.nutman@edu.tbz.ch"|"Zx@ASE-UvzaBA-$aLf2A"
"therese.barbrick@edu.tbz.ch"|"Bi@DU1-RuBN%0-rb33wU"
"melys.kolodziej@edu.tbz.ch"|"E#jun$-zALfqi-0C4bG4"
"melanie.runchman@edu.tbz.ch"|"rWMTCS-ubU5kI-e$jVdG"
"serena.lafond@edu.tbz.ch"|"DFosgM-fSjp46-E8T0V5"
"pelagie.desmond@edu.tbz.ch"|"6YP$eU-9Uv9Ps-LfsK7r"
"wa.spickett@edu.tbz.ch"|"Xy&tFS-U#PEst-bz7T15"
"po.shave@edu.tbz.ch"|"coLq@4-i4FYNV-M8dnHb"
"song.huikerby@edu.tbz.ch"|"GgVNI#-tc8PwN-RbWEkE"
"melinda.bimson@edu.tbz.ch"|"3JOCck-ugE4oX-JUh7i2"
"personnalisee.toffanelli@edu.tbz.ch"|"lQ61L3-PvWpbL-VyNtQ%"
"leandre.hurn@edu.tbz.ch"|"xu4x2n-oRVs%d-ZlKcja"
"oesten.standell@edu.tbz.ch"|"4FuPFS-SK#aDm-RfpvcL"
"naelle.smaleman@edu.tbz.ch"|"85PaR0-Q7j6Xq-VFw9S7"
"berenice.tayt@edu.tbz.ch"|"C&QBJC-NOIY$U-y%muA0"
"kui.popplewell@edu.tbz.ch"|"HFK8ap-y6mb55-tBdzA7"
"melodie.ferandez@edu.tbz.ch"|"KcR5E0-5%XcY1-ZRzGjM"
"josee.negal@edu.tbz.ch"|"2P6GpI-vB@6N1-iI3Ejf"
"melissandre.ferrelli@edu.tbz.ch"|"j6vKz6-NtM5Es-Rchsmy"
"josephine.kemmer@edu.tbz.ch"|"b7zG28-6LARSJ-Es$grq"
"maely.cayette@edu.tbz.ch"|"17X4eV-vGEFQk-rQWzg3"
"nelie.vela@edu.tbz.ch"|"xj3hM3-O%Zg8f-poiaeG"
"melina.cortes@edu.tbz.ch"|"e065Uu-MrAD0Z-tXRodZ"
"megane.leyshon@edu.tbz.ch"|"pkqKuk-h#$vXj-xDjJYe"
"regine.harrie@edu.tbz.ch"|"DI005K-P#jJEZ-9TWIv4"
"mylene.widdison@edu.tbz.ch"|"1802Ev-UTVoK8-7XSB#R"
"pelagie.vivash@edu.tbz.ch"|"0WL&K9-%VfX2u-@eac46"
"styrbjoern.vicarey@edu.tbz.ch"|"yz%dH9-q77okj-mJbXf9"
"long.kyles@edu.tbz.ch"|"iHms2R-iHeHmv-WUQI3e"
"stephanie.gipps@edu.tbz.ch"|"jerAuM-gIgEc%-MIhAoP"
"clea.constantine@edu.tbz.ch"|"0Mb#$W-KgpoWi-8NAP0o"
"maella.cometto@edu.tbz.ch"|"tTRkfi-AhR1mp-7shFO0"
"laila.aubrun@edu.tbz.ch"|"#OyxX0-Y%Gk4Q-gKRYM2"
"yao.austins@edu.tbz.ch"|"CTY#Yu-8wu&OV-ibWk7u"
"mailys.rylstone@edu.tbz.ch"|"ltfOix-IekJU2-RPEY1j"
"adelie.curuclis@edu.tbz.ch"|"WOQ6I4-IQpJx5-jUTEch"
"celine.longhurst@edu.tbz.ch"|"txihVq-tF4qR1-eAHwSZ"
"gisele.hazell@edu.tbz.ch"|"udMO&G-rl93Uv-x$ENRG"
"celestine.ciccone@edu.tbz.ch"|"b0UygJ-WigFYZ-dtNmKO"
"maelyss.doole@edu.tbz.ch"|"zhHDQW-mzp31h-SKk1RE"
"helene.grimsdike@edu.tbz.ch"|"AptEt@-qUpjrC-95ZJuW"
"lie.macer@edu.tbz.ch"|"GdG0rh-$qBrmJ-xO1Y3t"
"maely.izard@edu.tbz.ch"|"D7BCwa-f19F3a-YpfZ2t"
"erwei.breewood@edu.tbz.ch"|"5S6yfY-1#$CZk-o@9bSA"
"chloe.woolford@edu.tbz.ch"|"IQEwk%-02dklI-CBiBUj"
"cleopatre.turpin@edu.tbz.ch"|"&qZJ#J-9cL076-rEGIJE"
"melodie.surgison@edu.tbz.ch"|"27KPcF-mv0A#c-xgs&Dq"
"elies.leander@edu.tbz.ch"|"mrf4LQ-6lIIoo-IA0gtR"
"mediamass.reignould@edu.tbz.ch"|"si3XR1-@vy@y0-#wFUrh"
"celestine.wasmuth@edu.tbz.ch"|"D82ceI-%Ueb5t-7aFC6A"
"marten.jervis@edu.tbz.ch"|"VpdzF5-k01Sld-4Ql9Mj"
"daphnee.bour@edu.tbz.ch"|"uNt##E-MI7P#T-TIh6ip"
"regine.harlett@edu.tbz.ch"|"dMvw8S-bY9H4R-NBWEr5"
"noemie.macaskie@edu.tbz.ch"|"9FuEBi-MqTErf-X7avEr"
"loic.renfield@edu.tbz.ch"|"9QSwjP-fRDjVZ-bUz#lc"
"venus.kleinert@edu.tbz.ch"|"lvwHFl-kPdWD&-ozpdN6"
"marten.burlay@edu.tbz.ch"|"uxW@8T-lDpP1A-GC459P"
"berengere.radsdale@edu.tbz.ch"|"Fyaqy7-yoKWvA-cU@OcZ"
"genevieve.duckit@edu.tbz.ch"|"QLLVVL-dEvKXj-V#OMtQ"
"maely.ligerton@edu.tbz.ch"|"VPB#SX-gV8$iE-eHBVPQ"
"maeline.ricciardelli@edu.tbz.ch"|"zQxsw3-heW6hP-VX1j4H"
"personnalisee.yggo@edu.tbz.ch"|"L$n6ra-9qjzCr-$oPUT4"
"alizee.pettinger@edu.tbz.ch"|"2UPix#-NUoi13-tU6Tb4"
"desiree.curnnokk@edu.tbz.ch"|"iYYGil-N5&7UT-sHnKCk"
"dorothee.minors@edu.tbz.ch"|"ycI@g&-qnMTNr-XhRRUP"
"oceanne.kopmann@edu.tbz.ch"|"KdC0l1-y&h$nC-VmQF@E"
"almerinda.brodbin@edu.tbz.ch"|"J5#pXk-kmh%Mf-hBOZgh"
"yenora.carsberg@edu.tbz.ch"|"fRKvVa-7TA$cw-fvZYlm"
"wa.beetles@edu.tbz.ch"|"WweJTC-Tf8g4W-ePICyH"
"audreanne.abbot@edu.tbz.ch"|"1Y0DD%-sb1Y0w-GIqegs"
"noemie.capper@edu.tbz.ch"|"Nf0CtH-B#puKi-EFFGbS"
"mans.abramamov@edu.tbz.ch"|"Ej6m1S-VkCQN#-vnX@xz"
"audreanne.blakey@edu.tbz.ch"|"ba2pzW-M6NTEY-oFgr3Q"
"leone.klimpke@edu.tbz.ch"|"CI&zCZ-tUt$wa-gUjjpt"
"lie.croston@edu.tbz.ch"|"VU3z9z-6KfrpF-cyqUlJ"
"anaelle.baistow@edu.tbz.ch"|"pTFbPr-Z%j49F-JKWs3h"
"michele.garwood@edu.tbz.ch"|"wmb$Ls-h7%IP9-7NGkhq"
"interessant.albion@edu.tbz.ch"|"r7Nz5g-K$pSTI-1KjGA@"
"andre.brisco@edu.tbz.ch"|"9IFBtG-dz#48T-PBM6nE"
"tang.totterdill@edu.tbz.ch"|"vmfiGd-nS@$Dd-7rwCQI"
"marie-josee.braundt@edu.tbz.ch"|"nlWHZQ-9frFbg-HwrN1#"
"lois.galer@edu.tbz.ch"|"9%7JyU-pnsKhK-KMLwsN"
"faites.pellamonuten@edu.tbz.ch"|"tTeLKK-z%ssux-WzQl9Z"
"mai.barfford@edu.tbz.ch"|"6BY5Ng-F$mLEh-r2Jea#"
"laurene.macilory@edu.tbz.ch"|"2Cc22T-NtSULM-yUPnQu"
"elea.peak@edu.tbz.ch"|"eYIaM#-RE48PW-CVrs4j"
"rejane.doni@edu.tbz.ch"|"$Y7mxD-3UI@TY-Mg$oNk"
"mahelie.ector@edu.tbz.ch"|"9kXkSR-UeA#66-UCVRQ#"
"rachele.allum@edu.tbz.ch"|"K2sxeB-2#HTEp-TrKxch"
"laila.gerretsen@edu.tbz.ch"|"zpFUFy-uKBH&H-&#Jw0A"
"ines.bowman@edu.tbz.ch"|"u4OHv9-Fh4dzn-cDfyRq"
"publicite.barbary@edu.tbz.ch"|"ZLAh9h-dIisll-5NU#XH"
"mailys.smooth@edu.tbz.ch"|"fVds6j-MyBasq-62s&2j"
"mailis.huguenet@edu.tbz.ch"|"iM613k-n9beSl-T4NnlX"
"lea.ewer@edu.tbz.ch"|"GncjWO-cHD&6C-yPu5KP"
