"email"|"password"
"melodie.vandervlies@edu.tbz.ch"|"X&YyKY-GKu%iZ-EREuf9"
"angele.edgecumbe@edu.tbz.ch"|"ZV7Iub-qytKTF-tTn9cw"
"zhi.andreasson@edu.tbz.ch"|"QyM6#V-MXg1uY-N1pDfr"
"judicael.koppeck@edu.tbz.ch"|"sEfDHq-ipmNyO-3T4153"
"berengere.capron@edu.tbz.ch"|"4Jd4Nw-1SVJS3-Szr&Jr"
"leonie.brosini@edu.tbz.ch"|"uwsphC-&muK#P-Sw7zj9"
"venus.garfit@edu.tbz.ch"|"zAIQry-GNaCQa-HHIT4B"
"melina.janota@edu.tbz.ch"|"Ch64E@-FW7eWM-fSpqev"
"laurene.bake@edu.tbz.ch"|"Jqu5b$-a5DoN6-xH9ZiU"
"regine.dorkins@edu.tbz.ch"|"Bf&Qd6-94OwD7-LTsZvQ"
"cecile.moffet@edu.tbz.ch"|"B2xHG0-eZTZlF-Skfz#w"
"maelann.labrone@edu.tbz.ch"|"NUFpLO-5AAkUL-M61f&Y"
"melinda.newbold@edu.tbz.ch"|"8049cX-%Q3s3k-EF&axo"
"mans.itzhak@edu.tbz.ch"|"YLDCNW-cpBCZt-@UJyMV"
"melodie.pattlel@edu.tbz.ch"|"J&UNZN-3Ctcxg-4RA58@"
"celine.bonett@edu.tbz.ch"|"XuqPc4-tOeDhG-Im0tFC"
"adelie.mcgreal@edu.tbz.ch"|"RQyNMi-x1DyZO-GgPh4Q"
"helene.soldan@edu.tbz.ch"|"@uO@6t-kv08dK-qSkL$U"
"michele.cluer@edu.tbz.ch"|"Wl1cjF-&Q0V#S-doNmuw"
"maeline.mueller@edu.tbz.ch"|"6&B3kn-G$EqqL-pZ1yJo"
"maelann.benedito@edu.tbz.ch"|"MYX#is-NY8mQW-cRrDhr"
"nuo.gransden@edu.tbz.ch"|"8gV$uM-B05kdE-9u8@f9"
"berengere.stainton@edu.tbz.ch"|"L9nW#7-uryKSS-HJGr9V"
"wa.sabater@edu.tbz.ch"|"zD5pLj-vob&kg-RfGMRV"
"anais.cochran@edu.tbz.ch"|"P#X@As-oZgSHi-QRKvWm"
"gerald.bessant@edu.tbz.ch"|"zSxhM2-#Pgzip-cl7dhF"
"ruo.coffin@edu.tbz.ch"|"JHElUX-#7wTa4-fJoCdH"
"melodie.mustill@edu.tbz.ch"|"w%cVCL-Oi$&hV-ZL#PJd"
"ruo.stanesby@edu.tbz.ch"|"619Fvw-OixE1&-S#DE8Y"
"noemie.antognelli@edu.tbz.ch"|"oJfH9h-vx7&UB-SUc&cR"
"maelann.hughson@edu.tbz.ch"|"I7D00K-lCIf3g-iNyKCn"
"milena.mieville@edu.tbz.ch"|"wwmYHk-pueZp%-cCmGCA"
"mailys.chamberlin@edu.tbz.ch"|"mC4JOt-@&XIGQ-801xUQ"
"nadege.tomalin@edu.tbz.ch"|"jGcA9B-0JKvR$-CRUskE"
"oceane.omara@edu.tbz.ch"|"YNoKiS-AFIaoQ-Zeyq9X"
"cecile.aguirrezabala@edu.tbz.ch"|"#eGlQB-v2zWs5-SgOE%Y"
"maella.gwillim@edu.tbz.ch"|"giEHkl-I6@KXP-ZiRySx"
"lea.mcgahey@edu.tbz.ch"|"f%nCF5-I%rp&f-wNBJQP"
"laurene.hagerty@edu.tbz.ch"|"Hbbxtc-5I4MI3-QfDC2S"
"dorothee.link@edu.tbz.ch"|"&$m3xU-0ES$tQ-i8u7r9"
"clementine.kynsey@edu.tbz.ch"|"n5CxUW-ynpOL8-3c%lVh"
"lorene.smitherman@edu.tbz.ch"|"TK$otC-GHFqAr-zqe2Ev"
"cleopatre.klulicek@edu.tbz.ch"|"9QzZlJ-rHc0cx-TBBLIh"
"laurene.castaneda@edu.tbz.ch"|"9Xse6H-iShCNJ-XKGElx"
"melia.constant@edu.tbz.ch"|"Or69ty-EUEA9J-L4EioU"
"lucrece.clunie@edu.tbz.ch"|"#RMcv&-BjiyK7-LbQsZ%"
"eleonore.mcmurthy@edu.tbz.ch"|"p$MoGn-lUsEoz-%Rt&kp"
"melia.bevar@edu.tbz.ch"|"JMhY8#-#SW2hk-cgv9cD"
"camelia.bontine@edu.tbz.ch"|"NJhaD0-ffdX7M-BGouqA"
"methode.jozefczak@edu.tbz.ch"|"BQP4S$-i0&U$C-g4N3Zv"
"audreanne.hinsche@edu.tbz.ch"|"p0lWum-W96nEo-&BDXaV"
"andree.varne@edu.tbz.ch"|"ftLQ#G-ET@DVU-D0gKAY"
"marten.kinleyside@edu.tbz.ch"|"MIagsE-LsLK5F-lA9W7H"
"esteve.mcewan@edu.tbz.ch"|"z4nnGH-#kEEem-TVwm3S"
"leane.dibbert@edu.tbz.ch"|"SV4f5w-@02h8w-y7GS4s"
"ma.thewlis@edu.tbz.ch"|"3Ljpj@-n9Mte9-@gP15d"
"clea.djurkovic@edu.tbz.ch"|"b3UBjh-tHKBR%-wxr8Bj"
"rachele.reburn@edu.tbz.ch"|"Xzy0H8-NUmuXf-&8Hfo@"
"gerald.gowling@edu.tbz.ch"|"8DxdPp-T4x98Q-EZ7p1R"
"cleopatre.jackson@edu.tbz.ch"|"bhQYJI-4fCeq1-kAw$yz"
"desiree.haskins@edu.tbz.ch"|"h3W1BZ-hHgKuT-k9GKor"
"eleonore.longson@edu.tbz.ch"|"D#@vHq-WSTTSb-vaAHlH"
"leane.dybell@edu.tbz.ch"|"veP2XU-khSBHk-6pdN$w"
"becassine.grzesiak@edu.tbz.ch"|"uFowVd-sHRmE0-q2F9U6"
"marie-josee.pickin@edu.tbz.ch"|"Tu24#M-$Q1dsW-fAtAeN"
"marie-josee.roxby@edu.tbz.ch"|"v8QhLV-Qlikaf-sxJ&mT"
"leonie.feenan@edu.tbz.ch"|"z5Lp3e-upEA$$-fZWLC1"
"valerie.ellum@edu.tbz.ch"|"vAIfWH-QQhoTO-Gz3kFj"
"ju.caseri@edu.tbz.ch"|"GbXPH1-adNLOd-2go491"
"boerje.strangman@edu.tbz.ch"|"Fx1s#f-$sgjw#-f&$Lgs"
"beatrice.ghidelli@edu.tbz.ch"|"a9spHB-Iun$2A-wWA5il"
"da.jablonski@edu.tbz.ch"|"IlnJlc-kY$wM4-2o0b1Z"
"uo.beveridge@edu.tbz.ch"|"2wMWux-U3KuAB-ibVGn2"
"valerie.bestman@edu.tbz.ch"|"Lwf@L9-ZB&ZUI-js@dJm"
"marlene.pohls@edu.tbz.ch"|"@SFCaw-isQjYc-4gcWzV"
"ma.nolda@edu.tbz.ch"|"pj7Imx-rcsI44-YyqqBJ"
"marlene.bisiker@edu.tbz.ch"|"lHBtK8-DZ%lph-Pae3Pg"
"estee.babon@edu.tbz.ch"|"9a9ug7-wv&6b%-ezVLLP"
"simplifies.dmisek@edu.tbz.ch"|"fcBWzJ-oCJJkQ-O%$bcD"
"selene.ganing@edu.tbz.ch"|"np49tA-#Kka3M-vDCBv3"
"meryl.penke@edu.tbz.ch"|"v8Hx#7-n2zzp#-b1etaq"
"anais.rawcliff@edu.tbz.ch"|"CTZvpg-NRaXEH-HXN5SF"
"melina.andri@edu.tbz.ch"|"K#6aFS-wsdyZj-s2x%sm"
"audreanne.fodden@edu.tbz.ch"|"@COzHX-rt$iru-EK34BM"
"bjoern.spellesy@edu.tbz.ch"|"jEmRZU-Q@TgUL-9ut&js"
"francoise.summerscales@edu.tbz.ch"|"hIbNIJ-FpZKhZ-YPJ9sb"
"laurene.ashtonhurst@edu.tbz.ch"|"#hVgkX-WHpY$q-s629QH"
"valerie.petters@edu.tbz.ch"|"1gfbpV-EExPUX-X%G&5Q"
"anael.spenclay@edu.tbz.ch"|"alVL4E-oaBSc3-y0mF4Z"
"stephanie.keech@edu.tbz.ch"|"EBko8n-zmawQ%-u9olYk"
"ines.deveril@edu.tbz.ch"|"pLb#CR-7nA5Da-Gca#HY"
"berenice.gelder@edu.tbz.ch"|"W6cljr-RkWJUt-J@mr&j"
"melanie.ofogerty@edu.tbz.ch"|"EQH&rd-NBsGA3-$fApVJ"
"frederique.canepe@edu.tbz.ch"|"xR49qJ-hCWeCe-FJdzSb"
"nuo.otton@edu.tbz.ch"|"XBfvKY-tVITTh-OxjM3J"
"genevieve.trusler@edu.tbz.ch"|"tvmK@a-Vm2Bf8-WKNwpc"
"ju.boag@edu.tbz.ch"|"#raG82-rPKia8-QjuTa7"
"josephine.dilucia@edu.tbz.ch"|"xez%Mc-Nuc@2D-vQzCvV"
"laurene.armsden@edu.tbz.ch"|"jLKctT-DrPVip-WYbQhF"
"becassine.griffe@edu.tbz.ch"|"t85@My-sB4Jef-OUxKaP"
"alois.parres@edu.tbz.ch"|"a73%9Q-hth5OO-a1KVeX"
"cleopatre.gaffey@edu.tbz.ch"|"jQd6A4-u5EQub-%y29uC"
"andre.stiger@edu.tbz.ch"|"ptG0e%-e8Xrju-aKvdK1"
"beatrice.godleman@edu.tbz.ch"|"vGhBJv-JggWNe-zVeL0K"
"hakan.harrhy@edu.tbz.ch"|"RPM&Lm-sVIwDr-tbrhnw"
"celestine.dagnan@edu.tbz.ch"|"JDO54Q-&&Mlkh-6HVBC7"
"clemence.haggart@edu.tbz.ch"|"3D0JEh-8TBEeA-mYTYNq"
"long.caban@edu.tbz.ch"|"31s0b9-n0@d5$-OIu6Wh"
"gaetane.grimble@edu.tbz.ch"|"spJQZw-omMPz6-V54zH1"
"maelann.piwall@edu.tbz.ch"|"Yl82r3-9DgnAW-0lfCOK"
"magdalene.loble@edu.tbz.ch"|"$#Riu6-jUOPmj-FhiFO6"
"veronique.domaschke@edu.tbz.ch"|"Af1sTw-BMLJ05-BkhOjQ"
"clea.herity@edu.tbz.ch"|"7rkg50-2H05Nl-%32P9&"
"maelann.bambrough@edu.tbz.ch"|"NivOX1-jXqDzA-icWUvb"
"clea.goulstone@edu.tbz.ch"|"aQLmLV-VCeL4p-vOZlaH"
"renee.deleek@edu.tbz.ch"|"TM0cc5-$oBo3B-WT%dTz"
"boerje.rudderham@edu.tbz.ch"|"mQ0X68-%se1Ve-Wa230E"
"marylene.broune@edu.tbz.ch"|"Us#Yd4-xFT0rC-vhO31K"
"nadege.mccuish@edu.tbz.ch"|"aktdlm-kqt#@X-f&Jd@v"
"anael.littleover@edu.tbz.ch"|"FfFxO$-Q1BaXI-#e0@#d"
"lie.baume@edu.tbz.ch"|"j$tkZn-FRy5#2-tvbVAd"
"maella.murrow@edu.tbz.ch"|"CQj$5r-QtK3jj-T65eLJ"
"cleopatre.pettifor@edu.tbz.ch"|"8cu$0h-LzcKv9-swHmEY"
"geraldine.asker@edu.tbz.ch"|"3aSnzV-aA@F@N-WY&g3G"
"gaetane.smedmore@edu.tbz.ch"|"&1YAtv-QT2NNM-6A#6Fs"
"meryl.blencoe@edu.tbz.ch"|"xNnEoP-Sh7oEr-05VaTH"
"aurelie.chastaing@edu.tbz.ch"|"%blJhR-gijZHf-b#3cBl"
"oceanne.marthen@edu.tbz.ch"|"oUy1vC-t1hsC7-U7Ho2g"
"dorothee.burrill@edu.tbz.ch"|"W69KKc-hiVY5B-IZocJq"
"hakan.belden@edu.tbz.ch"|"KsU#JK-PhFwt&-drD@9w"
"celine.brunning@edu.tbz.ch"|"%mCZuY-jmsXZb-OPzgy#"
"anael.lapides@edu.tbz.ch"|"z%UhB3-Lx6VP&-JbBDL%"
"ruo.saffran@edu.tbz.ch"|"PvwkEN-L99DP5-jC8a%X"
"loic.gerretsen@edu.tbz.ch"|"OHntqf-%QYDgS-1mbtgs"
"rui.fitzer@edu.tbz.ch"|"khrETR-7udoaU-8SAumC"
"annotee.ogers@edu.tbz.ch"|"O5XKEK-dGjywt-0QO4$P"
"boerje.bindin@edu.tbz.ch"|"GUB5VC-UYF5Vu-kP&7uu"
"ma.cronchey@edu.tbz.ch"|"r9wkB0-73ohXb-#ZyaWy"
"laurelie.baiyle@edu.tbz.ch"|"KvZ#1u-ohrvN9-z4cJV$"
"dorothee.older@edu.tbz.ch"|"tIua67-v$Su4J-6hJ42f"
"laurena.wile@edu.tbz.ch"|"Z$b8%j-IBpvgM-YD@EV5"
"clemence.brito@edu.tbz.ch"|"UyemhR-lO0uRw-oQdjnW"
"nadege.dallin@edu.tbz.ch"|"90nR6o-Zjzr#j-9EliEV"
"mailis.matley@edu.tbz.ch"|"UETc$e-FHRTWj-82f4hq"
"daniele.screaton@edu.tbz.ch"|"x&noPp-rr8MdT-JlBLQR"
"mediamass.godly@edu.tbz.ch"|"emS$wU-%G%Vqv-iKR0NO"
"leone.kremer@edu.tbz.ch"|"R4cyMa-Aqu&sW-ZxizNN"
"asa.adrian@edu.tbz.ch"|"Za7wab-QrBf1$-X2aOfl"
"adele.doley@edu.tbz.ch"|"JfEW1H-bfPdlL-Kd&wol"
"fei.sidney@edu.tbz.ch"|"qyJcGC-S20AU6-09hfkl"
"marie-josee.walisiak@edu.tbz.ch"|"%8u5xr-vowTzK-%nOHDu"
"desiree.diplock@edu.tbz.ch"|"uBacoH-gijlBR-u4ND0I"
"gisele.schust@edu.tbz.ch"|"dOJWbl-2iJolt-hEW3c5"
"ma.longshaw@edu.tbz.ch"|"SqH8eD-GMdNEy-lM7uVb"
"da.boother@edu.tbz.ch"|"l$Nu&h-Ti2snX-Uexbzl"
"simplifies.chaudhry@edu.tbz.ch"|"6u%d5y-VYa9vd-GRQgjz"
"garcon.baniard@edu.tbz.ch"|"P3WNFq-@lRe0g-UZHzC3"
"gaetane.elphee@edu.tbz.ch"|"y5kTuF-HJbwld-4wetm%"
"gisele.hassey@edu.tbz.ch"|"e6N9NU-giOE&D-@pDXyG"
"oceanne.booley@edu.tbz.ch"|"nTAGmY-tjtibS-0cvKZd"
"oerjan.dibden@edu.tbz.ch"|"xT@EId-O9Vrtf-ZDwJSn"
"regine.ocleary@edu.tbz.ch"|"61D6zM-q8pc8m-ix8ahm"
"selene.persse@edu.tbz.ch"|"jvhlSU-AuBkaJ-rUWxU$"
"helena.adenot@edu.tbz.ch"|"M8X&up-d9hIg5-C7p9Tz"
"maelann.wassung@edu.tbz.ch"|"rWJe6j-r7@Pgl-8MPN$n"
"frederique.ackermann@edu.tbz.ch"|"HPoTYQ-ZAt7c5-a&qzLp"
"audreanne.kahen@edu.tbz.ch"|"0xPfCO-zOqJVT-HdtY7H"
"maiwenn.lasty@edu.tbz.ch"|"rfSDMg-5rYJvJ-L1n$ya"
"yu.dictus@edu.tbz.ch"|"tkRLr3-jpPtpL-XQ&NcM"
"anae.dukes@edu.tbz.ch"|"WR889L-GI1RMf-i5I51D"
"yenora.warr@edu.tbz.ch"|"HeWuCW-jXUCj2-Y8Nscz"
"esbjoern.archibold@edu.tbz.ch"|"OuRf5F-i6tX@Q-07FpQz"
"milena.pardal@edu.tbz.ch"|"Xe#Nfa-iOh6GT-8&d$pI"
"celestine.graveston@edu.tbz.ch"|"%zatDx-cW&Kz9-QRLKMO"
"maena.dallas@edu.tbz.ch"|"OGbWU0-HFbLZI-q2X#M6"
"andree.tuke@edu.tbz.ch"|"G6IRbm-Pzqyzs-6GjK@E"
"methode.seldner@edu.tbz.ch"|"CmNSMw-ci1hOy-DrPU#p"
"venus.bullas@edu.tbz.ch"|"$n@$p9-NKrUDb-KH&%jg"
"mans.aguirrezabal@edu.tbz.ch"|"Vs4#Pd-eMOXDK-M9fwpt"
"gaelle.eadington@edu.tbz.ch"|"4RTW6G-v8Y&ym-f8vMpH"
"anaelle.falkner@edu.tbz.ch"|"uGQ2JW-H55IGC-Ym2jkD"
"ophelie.height@edu.tbz.ch"|"WcWpLN-HilPq9-Seschv"
"marten.bolding@edu.tbz.ch"|"V1clpW-IfN6z6-svppV%"
"pelagie.guswell@edu.tbz.ch"|"$PkZeV-idSZfI-wc&Vqh"
"gwenaelle.lecount@edu.tbz.ch"|"m5%oDw-LTY@l#-DgZg0g"
"hakan.laden@edu.tbz.ch"|"PEiq0g-o#EVX9-bbnw%m"
"marie-josee.hylands@edu.tbz.ch"|"MXtmIG-id&bs2-%ajuok"
"zoe.kingshott@edu.tbz.ch"|"%e7tBB-zl8CW3-Ngkanc"
"josee.janous@edu.tbz.ch"|"9Zaj0J-eV5f%R-KLXXXV"
"laurene.gallally@edu.tbz.ch"|"8kfkAE-nQMOlg-sx528Y"
"anael.bickle@edu.tbz.ch"|"Iq5dIv-UohGwV-@FTjVl"
"mediamass.lebbern@edu.tbz.ch"|"%070C#-zgEyUw-9SQQGD"
"berengere.hovy@edu.tbz.ch"|"2udEEe-DHl5vy-0GFqo0"
"oerjan.kilmurray@edu.tbz.ch"|"WmQ&fl-uXEeSB-cRfz1y"
"asloeg.venny@edu.tbz.ch"|"Z9YUFQ-&ID$ej-NOTzpg"
"marie-noel.stoad@edu.tbz.ch"|"wT8o5L-V7EGuq-GFuV%N"
"hakan.pettifor@edu.tbz.ch"|"&wKw8m-8b$FLh-5QBOGY"
"maella.willgrass@edu.tbz.ch"|"4&buoj-CDMIgU-F%K3bY"
"therese.ludovici@edu.tbz.ch"|"KujFta-tmJzQD-w624s#"
"stephanie.trewhitt@edu.tbz.ch"|"DxD@jH-tRxaUg-IYsxef"
"maerta.bauduccio@edu.tbz.ch"|"T$SE8I-1NKoK#-O8pdoc"
"gaetane.glaisner@edu.tbz.ch"|"75HDmV-KsT@sc-8Hi6p4"
"naeva.pargeter@edu.tbz.ch"|"EQ1DpK-YXIcVY-m@#DKE"
"salome.venable@edu.tbz.ch"|"ig#xtD-6H3Opa-F9kHN5"
"boerje.thickett@edu.tbz.ch"|"5YnhFe-6su3oK-ohn8TZ"
"lucrece.prendergrass@edu.tbz.ch"|"YZvE&n-1t3JGK-wb&&pK"
"laurene.ockleshaw@edu.tbz.ch"|"7N9cBB-p#T103-koLC61"
"cecilia.pasticznyk@edu.tbz.ch"|"OmWzwY-y#9rbo-j6q$rr"
"stevina.mackey@edu.tbz.ch"|"iOgQih-c0oYPQ-e3OHtw"
"marie-noel.reven@edu.tbz.ch"|"QGWrRu-$%dBOK-fx04wW"
"melina.quilkin@edu.tbz.ch"|"R3%oQj-jG8pNl-G6aeLp"
"marie-noel.ferrie@edu.tbz.ch"|"uLKtxZ-N08PT9-ZSMpnt"
"leone.alphege@edu.tbz.ch"|"UVVcaG-flPXfI-Afoyh1"
"zoe.leverson@edu.tbz.ch"|"DnhWLk-dHgtCl-TaLU2V"
"annotes.grayne@edu.tbz.ch"|"Yw@i4n-zm#vhz-p@k#2B"
"faites.lalley@edu.tbz.ch"|"of$j3i-l%c4&T-XDV#%B"
"adele.wallis@edu.tbz.ch"|"r@e$uD-pQVciG-6@1JGh"
"severine.madill@edu.tbz.ch"|"Jv5vLY-$DsG6$-@TkOas"
"valerie.tebb@edu.tbz.ch"|"wAeEes-U8wvAO-dL0p5x"
"kalliste.rasper@edu.tbz.ch"|"QtIvtW-Guq8FF-pU23b5"
"audreanne.palomba@edu.tbz.ch"|"euMlib-f2qS%k-dmbez4"
"elea.adamik@edu.tbz.ch"|"q3gosg-jP7dPR-7V3hxI"
"reserves.jakuszewski@edu.tbz.ch"|"4dZ2Y6-7PCZ$H-9bdOTR"
"athena.belhomme@edu.tbz.ch"|"&mLSo&-E@hro0-@O9F9i"
"rebecca.crippin@edu.tbz.ch"|"SKasUU-SthoS9-glYOo5"
"maiwenn.curman@edu.tbz.ch"|"W2cNbw-77OpYl-&JLnE8"
"andree.bunner@edu.tbz.ch"|"5pu@vE-Psr$BJ-LlJ6PR"
"ruo.winckles@edu.tbz.ch"|"@9716t-PHeQCM-zELxFy"
"naeva.buntine@edu.tbz.ch"|"zT6DHk-#$i77v-XS6yB0"
"boerje.dollard@edu.tbz.ch"|"5x$PQ5-&cWafr-al3QBm"
"penelope.gorman@edu.tbz.ch"|"jaTyw%-qZFgVo-udIBtS"
"alois.robelin@edu.tbz.ch"|"PW1rym-FcjJHP-hdPu1e"
"anaelle.tindle@edu.tbz.ch"|"K##Q5a-btL8N0-Vwm@JT"
"ye.frears@edu.tbz.ch"|"Y4dAXz-qDkF5Z-wjXPPw"
"andree.ovid@edu.tbz.ch"|"$5qWzM-WmWyCt-kfmBSz"
"hakan.peat@edu.tbz.ch"|"WHDJ8x-F9TfvG-EoTqh7"
"andre.januszewski@edu.tbz.ch"|"j4XKCM-ua#H6K-2c2En#"
"annotes.clemmett@edu.tbz.ch"|"9KNZPW-q2HDR3-sQJ$4%"
"pal.lambswood@edu.tbz.ch"|"dK0cZX-xaGTtW-fpSebH"
"yao.lenton@edu.tbz.ch"|"W#Yn0S-c&p6xs-REAZrA"
"hakan.boyton@edu.tbz.ch"|"Rs5$L%-2pVk3R-e6yo#f"
"nelie.forsey@edu.tbz.ch"|"XXZB9L-irI$59-3ucv0e"
"hakan.horche@edu.tbz.ch"|"JRwE1y-Tl1$@y-85FBhZ"
"lorene.sinkings@edu.tbz.ch"|"YeCvM4-37iv0u-9O&Ckh"
"marie-therese.creddon@edu.tbz.ch"|"Nt6t&L-E@9aAq-MEPbrq"
"berenice.tolworthy@edu.tbz.ch"|"CkbosE-TkKB9#-C83IvM"
"theresa.land@edu.tbz.ch"|"kL4bqw-Qd@Wj5-BeDOEj"
"marie-therese.gianilli@edu.tbz.ch"|"lrX5jg-7EDI&O-6ft2sX"
"meryl.glew@edu.tbz.ch"|"xnvo6c-&J5bn%-6qNvC7"
"adele.debling@edu.tbz.ch"|"Dc7Jq6-QVLZcW-xfY9T0"
"anae.metzke@edu.tbz.ch"|"NsU%Ef-DMjb#F-2J$CIC"
"gaetane.gooden@edu.tbz.ch"|"2cfjkf-HE@qRg-tXketY"
"laila.bootland@edu.tbz.ch"|"2evSxr-5ZKKuU-f@oJ8f"
"maite.helsdon@edu.tbz.ch"|"#FBao$-1IMMiE-W3sftD"
"andree.malley@edu.tbz.ch"|"kX&LM5-ecFDro-vQs1Pi"
"pal.simmens@edu.tbz.ch"|"apZ@WF-@3hTSA-SsUlLY"
"maelys.nuccitelli@edu.tbz.ch"|"g$g77g-tt8QKF-nkt4&Q"
"dafnee.sibary@edu.tbz.ch"|"OFB0np-M2Xw$U-8523Yc"
"alois.harsnep@edu.tbz.ch"|"J0UUPv-tfezo4-D9gZDh"
"marie-helene.lacky@edu.tbz.ch"|"B1ANE1-LZPTrQ-oh&cv6"
"mylene.youthed@edu.tbz.ch"|"aF%@57-3JZbEJ-#5&e$o"
"marie-helene.dehmel@edu.tbz.ch"|"AgotLt-IsD6Zn-1PvkH@"
"angele.batman@edu.tbz.ch"|"4jc#Mr-YwJni5-0ZByyz"
"melia.younghusband@edu.tbz.ch"|"S%Rpep-QwKT$L-y9taX6"
"eloise.baldi@edu.tbz.ch"|"wVTH8h-bzx92g-FDx%eN"
"illustree.dun@edu.tbz.ch"|"JLu4yl-XytWLd-4tIF$Y"
"genevieve.late@edu.tbz.ch"|"Ijjga9-f9j#X8-o$detW"
"celestine.colville@edu.tbz.ch"|"A3#QaN-zwFf4w-A4AFvj"
"gwenaelle.scarlon@edu.tbz.ch"|"lHjvX#-MW@v7U-XCzWn&"
"regine.boddie@edu.tbz.ch"|"ANMUqq-4e&2k1-ofdFG2"
"creez.gaughan@edu.tbz.ch"|"U@oe#l-SpNgCA-P%equ@"
"gaia.longford@edu.tbz.ch"|"wNSeOw-3e7#ja-6&hRa3"
"mailis.buckby@edu.tbz.ch"|"YNG@Kr-i3Druz-YzE0$N"
"song.parbrook@edu.tbz.ch"|"0GWGaS-fD1z77-5D@kuT"
"frederique.heddan@edu.tbz.ch"|"hCag3O-Rk6fFm-No8I9l"
"ake.kirtlan@edu.tbz.ch"|"D4#kfx-&u7ODC-X7$Y@6"
"nelie.runciman@edu.tbz.ch"|"wnaecP-drGonp-c&68Tu"
"mailis.cardnell@edu.tbz.ch"|"dikfCb-iV$syy-i3wr3x"
"irene.navarro@edu.tbz.ch"|"i$1QgD-G%Sdgw-vnLDe&"
"maite.cough@edu.tbz.ch"|"Mmutmd-tQe2n&-uctZvs"
"anaelle.stocky@edu.tbz.ch"|"ORX5uM-Nz@kY@-v0$m7R"
"methode.moulder@edu.tbz.ch"|"Oh9c1u-GzLjXO-4ma0Eq"
"po.stafford@edu.tbz.ch"|"prlKOT-KL7Ekn-W&3iao"
"faites.scraggs@edu.tbz.ch"|"VYCLLJ-WmE7kA-txClEa"
"adelaide.dullard@edu.tbz.ch"|"49MubM-hT8S@q-rryC1U"
"desiree.leonard@edu.tbz.ch"|"Tv8ibb-6mKYOV-aZqQ8A"
"geraldine.badgers@edu.tbz.ch"|"a7CIfb-mnD5d0-Vv$N3G"
"ruo.masic@edu.tbz.ch"|"C$sGD4-k&GzvJ-y4%juz"
"aurelie.lieber@edu.tbz.ch"|"dNcRHA-Qm2cDz-gnNHsX"
"naelle.balcock@edu.tbz.ch"|"sAn8rq-@d8jVt-MWPKRw"
"camelia.elger@edu.tbz.ch"|"7S5JF#-rax3&7-nvrPU#"
"publicite.oakeshott@edu.tbz.ch"|"MTS62T-tQYth5-i&LIaI"
"cleopatre.fawley@edu.tbz.ch"|"@IBpqx-ZrGogv-CHE@JC"
"laurene.bruckmann@edu.tbz.ch"|"aoGn9E-cKJc&n-NgSEpX"
"rui.haughton@edu.tbz.ch"|"lFtqEo-%Vzp99-TO4Zsz"
"asa.ladewig@edu.tbz.ch"|"dyn8PA-YS7iXY-08WwAw"
"gisele.janecek@edu.tbz.ch"|"vrAkTE-7e7T8y-qKyCMk"
"maily.loveridge@edu.tbz.ch"|"mJUC8#-uZQmaS-fIfb8K"
"marie-eve.yurkiewicz@edu.tbz.ch"|"I%nGRD-XPGqaJ-RXPD%e"
"fei.roder@edu.tbz.ch"|"3Lwarw-%JMAgk-73yn3#"
"edmee.chatburn@edu.tbz.ch"|"cKfjh@-YE9EAQ-CC60uV"
"geraldine.darke@edu.tbz.ch"|"plwqSy-&Kd&L0-giC&k8"
"ye.jira@edu.tbz.ch"|"UU5miJ-vjHl@H-iXkgV0"
"publicite.persent@edu.tbz.ch"|"aF@iqI-dtTU7c-HWRIMW"
"severine.wilcox@edu.tbz.ch"|"m1BqzC-gJJt1f-4NSb1l"
"yao.mcclaren@edu.tbz.ch"|"x65Ok5-Os1YyS-bmXRFL"
"theresa.foynes@edu.tbz.ch"|"ynB8rP-sJ2WZu-0kIsCs"
"stephanie.isley@edu.tbz.ch"|"e1Xpwc-0B&TFc-z9l5E6"
"torbjoern.growy@edu.tbz.ch"|"Gvo1oX-iLPpTH-Qjoy%p"
"eloise.tunnadine@edu.tbz.ch"|"wewHDT-BTCMUK-@ABvCh"
"maeline.cossentine@edu.tbz.ch"|"A2GR94-d#h2Al-ipxc#C"
"nelie.desantos@edu.tbz.ch"|"v2lSX8-4nEcRb-NN2VDo"
"gaetane.axston@edu.tbz.ch"|"@CAlpv-55iQBw-msAICQ"
"aimee.merman@edu.tbz.ch"|"IY2MjR-EvS#6Z-a&Q#9d"
"oerjan.drivers@edu.tbz.ch"|"gRQwWt-Ed#j5F-Fs@%lO"
"aimee.miroy@edu.tbz.ch"|"VbH7It-3uFXsH-IvbBm6"
"nelie.glyde@edu.tbz.ch"|"jT7Vey-2xVk70-PTbvfp"
"hakan.kapelhof@edu.tbz.ch"|"G5&2Mr-O8Rrh9-jSx%tT"
"maelyss.cauley@edu.tbz.ch"|"I1lkOf-oGUUG8-f3nvT@"
"elea.vaggs@edu.tbz.ch"|"N3c#s2-@%Dsar-tSF3xb"
"maelys.but@edu.tbz.ch"|"lJ@A4p-enNLNL-MAGvfz"
"maella.arthurs@edu.tbz.ch"|"jWjSfB-47SdRi-r2GLlD"
"adele.liebrecht@edu.tbz.ch"|"08YbRE-ZDy9xM-8AX7Fi"
"meline.lomasny@edu.tbz.ch"|"qcIYdN-O%GoPd-%$Bk7N"
"mediamass.schwant@edu.tbz.ch"|"YSY93H-xwpV8B-knAAcW"
"leone.saunt@edu.tbz.ch"|"ixCl84-gGXi7X-EuRSiK"
"annotes.gouch@edu.tbz.ch"|"17OVf9-zxRUwI-#GL8zJ"
"gaetane.bowich@edu.tbz.ch"|"P@16Ns-&TG8mu-OA81bF"
"alizee.strelitzki@edu.tbz.ch"|"D%GKWU-bj7Qws-AjW8RH"
"leone.poile@edu.tbz.ch"|"BEVxXi-nEX5Bc-0krQos"
"amelie.saban@edu.tbz.ch"|"ghm9yF-KcJ6O8-kt04gj"
"marten.mcmenamin@edu.tbz.ch"|"&d#h75-3cwr4t-r2XJzf"
"becassine.keets@edu.tbz.ch"|"blN@JF-cgal%k-6BufyP"
"celine.million@edu.tbz.ch"|"@o#23H-DjPvUE-lCt#R6"
"geraldine.belitz@edu.tbz.ch"|"qc7#Ur-m4zhX#-0ST%vI"
"salome.mardling@edu.tbz.ch"|"0WNebd-p&IZdI-cCPM%E"
"melia.blakemore@edu.tbz.ch"|"ktXnZn-TYonBO-$kU65a"
"dafnee.mcaulay@edu.tbz.ch"|"jTxF5D-XULNd2-vN@gE7"
"garcon.dennett@edu.tbz.ch"|"f1VvUY-E5ZrWj-AnSyvw"
"interessant.lesor@edu.tbz.ch"|"vx0Rvd-T2@H&D-9Qo$Zd"
"annotee.wasbrough@edu.tbz.ch"|"F#pgHY-Op2sB5-Kk5nc%"
"asa.ibbeson@edu.tbz.ch"|"gF&nTb-o7Pmqg-reLUWO"
"maily.kennealy@edu.tbz.ch"|"3#dD5S-vpUS91-tvV&bL"
"ye.seares@edu.tbz.ch"|"#jDUkh-iIL5%k-QwV&1U"
"athena.harbron@edu.tbz.ch"|"Foqw&S-n%mhfB-RAgYke"
"andreanne.portail@edu.tbz.ch"|"WbHJKl-#3nzPz-lJBp#o"
"goeran.zannelli@edu.tbz.ch"|"xmm&O2-gJORim-qkW5xy"
"gerald.leathlay@edu.tbz.ch"|"pCrwr8-xAXxln-M9qhm1"
"andreanne.chown@edu.tbz.ch"|"weVM4S-&Kzt&H-Yl4Nks"
"esteve.clementel@edu.tbz.ch"|"4M1yek-YAF2sr-RCY&qN"
"leone.legan@edu.tbz.ch"|"WMwko#-S0NR&K-mdZBxv"
"maena.pownall@edu.tbz.ch"|"@o1cCk-cBaZWx-@fSgcY"
"andree.rettie@edu.tbz.ch"|"BRYMpz-GmHloD-T&7%9z"
"ines.kenwrick@edu.tbz.ch"|"nyz%BO-8TX@cR-KYZ4Ib"
"marie-helene.yarnall@edu.tbz.ch"|"8d#8xz-GAunre-RC#aMv"
"po.martin@edu.tbz.ch"|"aiGsLF-$xzEdL-erkDSi"
"ruo.celiz@edu.tbz.ch"|"JRNEzB-0Q@xM9-tmfxxT"
"po.bissett@edu.tbz.ch"|"XE@vaX-YX0Bzd-SStW&%"
"du.swindon@edu.tbz.ch"|"nb3c0y-EOit5y-$CdQkR"
"interessant.gouldthorp@edu.tbz.ch"|"jx0njz-P#qKVg-EeeMiJ"
"leandre.lilburn@edu.tbz.ch"|"V4l3Ac-4MYq7i-Tj4bR5"
"bjoern.whales@edu.tbz.ch"|"Y6AVPn-LNHnku-PUfb%n"
"interessant.dieton@edu.tbz.ch"|"nn&3x0-mEBSyo-2UdUMJ"
"celestine.redhills@edu.tbz.ch"|"&M%uDo-MBCDFI-TeV8C2"
"tan.yakovlev@edu.tbz.ch"|"Dy8u50-aX7Q39-uQf2v1"
"regine.mcdowell@edu.tbz.ch"|"2Fs3Gu-gAkAR6-GZ$NUZ"
"ju.coysh@edu.tbz.ch"|"4HOYfu-%1KIN@-3JTC&O"
"reserves.ofallon@edu.tbz.ch"|"q619St-#1p7wC-wPrvXR"
"frederique.sobey@edu.tbz.ch"|"CgzvEh-muA2QY-K8EDx2"
"marie-eve.garstang@edu.tbz.ch"|"ipPrCn-@oCmTB-98&FoG"
"andre.tapin@edu.tbz.ch"|"A$S6pi-y@b@Eq-e3BzVP"
"esbjoern.eynon@edu.tbz.ch"|"WIzR2o-F0qElU-Ptxllg"
"maella.duffy@edu.tbz.ch"|"IYdcP9-eRUV5Q-Ea$sZ4"
"leandre.twinning@edu.tbz.ch"|"15NE6x-SW&am5-UUv9HT"
"mai.whittingham@edu.tbz.ch"|"8vxy8h-nLE%8E-uwNAsD"
"rachele.shevelin@edu.tbz.ch"|"PukoT#-GtlJ3d-zQpd$N"
"cecile.mcure@edu.tbz.ch"|"dYS&D2-PwqbB#-pU$i17"
"marie-eve.yurkevich@edu.tbz.ch"|"BcDNqM-xsu0aZ-HCFkvG"
"almerinda.paice@edu.tbz.ch"|"4sq7Nz-LUA8@S-KYmZT7"
"rao.howkins@edu.tbz.ch"|"9o9xVQ-YhCijj-eocMJJ"
"serena.pack@edu.tbz.ch"|"7nBs&N-7wwN$c-aiXclT"
"rebecca.mant@edu.tbz.ch"|"Tez$ZU-vvWlSz-ZRrIsk"
"reserves.spitell@edu.tbz.ch"|"7Csmb7-4lkRIx-BFqD&R"
"garcon.hamfleet@edu.tbz.ch"|"ItKmXj-ML@%Cf-VqKO9Y"
"methode.kerkham@edu.tbz.ch"|"I&lVb7-kE#GP@-RmMNnP"
"pelagie.camies@edu.tbz.ch"|"x1Hjnm-bOZw3Y-Ov%xJM"
"josephine.macpharlain@edu.tbz.ch"|"Zg3aLy-EOtdyF-KbO%tX"
"eugenie.mathet@edu.tbz.ch"|"FsCKtD-rbk6Wz-sWQIDH"
"gaetane.brangan@edu.tbz.ch"|"&AnMoE-Qsdv8f-#32UYc"
"michele.dewbury@edu.tbz.ch"|"QYw$zL-H77Dze-@D@lFl"
"eugenie.elcott@edu.tbz.ch"|"7oqvnk-e7pdE@-@Y538s"
"megane.harniman@edu.tbz.ch"|"O5wijq-uH9Ubp-$6ETMr"
"agnes.cluney@edu.tbz.ch"|"Ulnczy-PXJQBC-&%KTsY"
"marie-helene.angear@edu.tbz.ch"|"Rmgczf-e5f5F#-DhE0Pt"
"melia.dolphin@edu.tbz.ch"|"lGLc$g-AI5TT1-bUxXTs"
"lois.ruseworth@edu.tbz.ch"|"XhX26F-5#G$iR-q@n&Mx"
"mailys.ryding@edu.tbz.ch"|"JJRIwQ-IPOIlL-f1lcnu"
"rachele.wulfinger@edu.tbz.ch"|"O$&DRQ-Zk$$p6-&kgp#j"
"gwenaelle.talton@edu.tbz.ch"|"S7mnnh-bp6mRm-PMCyRC"
"long.ronchetti@edu.tbz.ch"|"ptY#yz-3txty5-x9n6wt"
"styrbjoern.kloska@edu.tbz.ch"|"Yee4nu-cwJduY-kQ1ye%"
"len.sudran@edu.tbz.ch"|"fyyh#9-O6bcWO-kQ0#bB"
"maelle.andrysek@edu.tbz.ch"|"Z5ZLvq-RFu%dD-5rXzf8"
"selene.senior@edu.tbz.ch"|"Eagtgo-Bu&EqE-sOOZud"
"anais.joskovitch@edu.tbz.ch"|"Yxbrvr-upXuZ$-Z@Pma0"
"marie-noel.dally@edu.tbz.ch"|"OQSPrH-i&kCBO-dwIWnt"
"marie-helene.laurence@edu.tbz.ch"|"sAYHvh-Hv4@PC-MICqKM"
"camelia.foxon@edu.tbz.ch"|"nh@qpF-0zcxVE-CBfB@D"
"helene.cankett@edu.tbz.ch"|"pvpXDf-UFrHv&-SYJ7%1"
"marten.mitchelson@edu.tbz.ch"|"lH6%vt-6jVjNI-etQm1r"
"helena.stirtle@edu.tbz.ch"|"2IQ3QC-%Fy4mP-rdNCH9"
"leane.barmby@edu.tbz.ch"|"Zcyem2-MA97gc-bGo7oC"
"goeran.ofinan@edu.tbz.ch"|"kHwnB3-v8bIs$-%W0i4q"
"styrbjoern.proby@edu.tbz.ch"|"&sXmcm-zj9USZ-1NXJuN"
"zoe.halse@edu.tbz.ch"|"Q6HYmU-CYB&b2-r%ryq7"
"kui.drable@edu.tbz.ch"|"@8AFe5-AlOZ@A-9FR&4j"
"desiree.bamford@edu.tbz.ch"|"qsM@mQ-t9qlXV-IeYMFt"
"zoe.suller@edu.tbz.ch"|"hT9Ggx-&IqQ&6-CjGnyT"
"marylene.audiss@edu.tbz.ch"|"Iqz$1#-eDg6c@-UocwuR"
"adelaide.poznanski@edu.tbz.ch"|"50@YR$-EGkCsh-xlolBb"
"maella.coleyshaw@edu.tbz.ch"|"NtJ8qH-ikvUOx-ZVUiOa"
"marie-francoise.gelder@edu.tbz.ch"|"9yM&%g-Y4NbDC-Ypstyg"
"eleonore.chaffyn@edu.tbz.ch"|"cn4Q72-tIG8$x-j$1wK&"
"celestine.sikorsky@edu.tbz.ch"|"HbHvpQ-1U9B$R-MoA&MT"
"stevina.londsdale@edu.tbz.ch"|"UFwuk%-0WyAYN-0A0Z2V"
"maiwenn.nevitt@edu.tbz.ch"|"LzM#zG-oPFi2v-VdHPbH"
"magdalene.gerrey@edu.tbz.ch"|"PJPHh1-uWatCo-$ND8GK"
"becassine.latimer@edu.tbz.ch"|"pChsW$-pWVWog-6fpcnw"
"da.lethibridge@edu.tbz.ch"|"@LRdgU-FelwOR-MyYKY#"
"mailys.claige@edu.tbz.ch"|"X9EPEe-0%zR%9-ilPdRl"
"maena.torbard@edu.tbz.ch"|"qTUXzI-rMn#X&-R&Q2kS"
"solene.lyvon@edu.tbz.ch"|"VPshZR-UqsebM-bnDc&M"
"marie-therese.benbrick@edu.tbz.ch"|"RFBDf5-8hkq1f-mFva2c"
"gerald.edmonson@edu.tbz.ch"|"vQp6#P-&Gg@Zb-R#MOGN"
"ake.messruther@edu.tbz.ch"|"eYpZEC-%uUoey-n1hBjF"
"men.gosneye@edu.tbz.ch"|"t3oAK&-lwPXVl-@s@dDb"
"anais.jefferys@edu.tbz.ch"|"2nVYC0-wDVqNo-TYslIe"
"publicite.tregale@edu.tbz.ch"|"Xb0S8x-jXag2F-mfyG%f"
"maily.santorini@edu.tbz.ch"|"v2STbq-VDgixy-vKF@u5"
"ines.pioch@edu.tbz.ch"|"EXSDbB-XUaAaT-VGOOZ8"
"noemie.marklew@edu.tbz.ch"|"gCa40D-gdkhyD-fkaI94"
"meghane.maccaffrey@edu.tbz.ch"|"lCZ&5l-yyGSTN-wAhRDr"
"berangere.ambrogio@edu.tbz.ch"|"3yKxI8-lgGhNF-7jS%M@"
"mediamass.ryce@edu.tbz.ch"|"HCxbjg-5#srUf-fxD3Zv"
"oesten.ubank@edu.tbz.ch"|"jz2dg%-yXfytA-ceHbVy"
"melina.mackee@edu.tbz.ch"|"JtM92%-14zPAb-94ICly"
"theresa.livezey@edu.tbz.ch"|"siLbbg-ik8mDC-l8iuoS"
"clemence.weal@edu.tbz.ch"|"2OntIZ-&QMyho-U6Srl5"
"faites.overton@edu.tbz.ch"|"lcuSxT-vo5v0e-Ij41un"
"clea.lindblad@edu.tbz.ch"|"qOKQop-XMRbbb-##iGNe"
"josephine.roseaman@edu.tbz.ch"|"E6e3f@-h#ZjLO-9@D1%a"
"oesten.lowbridge@edu.tbz.ch"|"8FeJ24-VhOR4H-Kxg96S"
"marie-josee.brion@edu.tbz.ch"|"I@5WC#-Ffs#jG-Aqze4i"
"therese.basili@edu.tbz.ch"|"&Z@gne-AIfyhP-WcREfw"
"melia.vertigan@edu.tbz.ch"|"pRiAou-qGRKMm-Hipptr"
"judicael.saull@edu.tbz.ch"|"lGXqO9-i&gWib-l$$JdZ"
"selene.valentine@edu.tbz.ch"|"YarU65-aWmn#i-$eYfBn"
"verane.dunlap@edu.tbz.ch"|"PZOBRH-dEe@lx-SNbluV"
"meline.kinnear@edu.tbz.ch"|"jCxSR#-R0TNAi-XVqZfC"
"lei.luttgert@edu.tbz.ch"|"EWASXH-q6sLB3-%C5NH8"
"styrbjoern.lathleiffure@edu.tbz.ch"|"oUL05e-pTPJMy-bw4&ha"
"marlene.blasi@edu.tbz.ch"|"7RMR36-mLkXJW-AZ9wpK"
"mai.begwell@edu.tbz.ch"|"NacToY-F&LJiQ-2ROKrM"
"gwenaelle.kaines@edu.tbz.ch"|"PHaSsW-duAKxs-&0reUL"
"gerald.adamthwaite@edu.tbz.ch"|"W#9UIo-T$SPka-qVr7o#"
"kui.hartfield@edu.tbz.ch"|"mIElWp-7$D&Yr-7cZQW5"
"salome.currao@edu.tbz.ch"|"TIs6Q0-n5W7pw-zRY&bF"
"angelique.tixier@edu.tbz.ch"|"xe1FKx-wDDBhi-vTVzJd"
"ju.mcgragh@edu.tbz.ch"|"p2$#4Y-7ttJn&-XKsz7S"
"dafnee.beachem@edu.tbz.ch"|"ere3m1-K1H6E6-MNmiUe"
"creez.terlinden@edu.tbz.ch"|"RYkL@R-qhuG2o-&$XtKO"
"uo.mcskeagan@edu.tbz.ch"|"D50sR9-naeyo5-f$J$9v"
"edmee.mccaughren@edu.tbz.ch"|"a&eltP-CLCrTr-XjsgB0"
"asloeg.cozby@edu.tbz.ch"|"VNaXYf-BS6DuW-LWf4$D"
"melodie.traite@edu.tbz.ch"|"6OWFvW-Sq7KM0-5jK9u2"
"dorothee.aindriu@edu.tbz.ch"|"RoQjV9-oYm6a8-8w@1mi"
"daniele.doley@edu.tbz.ch"|"@lDfTw-1JcySM-VN2IgU"
"mediamass.fairclough@edu.tbz.ch"|"nBe1q%-&kp6ZS-ECZuNg"
"lorene.rainforth@edu.tbz.ch"|"Pjum0e-NYGZqs-SKx8&T"
"leonore.eyer@edu.tbz.ch"|"hwBc4a-KXu8RC-Nxia1F"
"po.spillman@edu.tbz.ch"|"uX5d44-E4yOkY-AFnBEb"
"cecilia.plitz@edu.tbz.ch"|"4j&dTc-HbMfiP-$9YonP"
"lorene.ludlow@edu.tbz.ch"|"bxayHU-oDgnx9-pa@y4B"
"berangere.neligan@edu.tbz.ch"|"KIVbjJ-3K$l$D-Z$ZvC2"
"simplifies.huggan@edu.tbz.ch"|"Lq6zO0-&$DX8T-eXO#JR"
"clelia.prandy@edu.tbz.ch"|"AD72iw-IYdh1%-IqT2vb"
"ake.osban@edu.tbz.ch"|"s8f5&Z-9GL$N4-dMxG&X"
"cunegonde.brunn@edu.tbz.ch"|"4rmU$D-Bbk45s-z6#SNv"
"long.grizard@edu.tbz.ch"|"5#iJ7J-T@D8Ri-WuZELk"
"meghane.diss@edu.tbz.ch"|"0x#Gd0-jqV2IS-ks$dKs"
"therese.oldman@edu.tbz.ch"|"NFB4xV-lYuAEB-%ETHdJ"
"boerje.scamerdine@edu.tbz.ch"|"880H&b-UJyOSP-2%64FK"
"du.saban@edu.tbz.ch"|"FbUV3T-J&G&85-WF&rSg"
"hakan.clynmans@edu.tbz.ch"|"gLJ#pB-IDiW3e-P2@KnK"
"wa.macdowal@edu.tbz.ch"|"ruAUFq-f$QQEY-fFNDRA"
"venus.hatrey@edu.tbz.ch"|"U0el89-qb7WKX-atfSYa"
"anaelle.vispo@edu.tbz.ch"|"F2RT%r-LMlT%3-ZlT#FQ"
"mahelie.ollcott@edu.tbz.ch"|"B3&FyK-rMS1uo-Z&clzd"
"mediamass.whyman@edu.tbz.ch"|"y&YKFG-FkMY3N-A&HKMS"
"esbjoern.basson@edu.tbz.ch"|"S&L#d9-Ba9HdD-2Uwn@k"
"andrea.morrill@edu.tbz.ch"|"0zB&QV-RhZpEE-laXoaA"
"melys.grassi@edu.tbz.ch"|"2buqFv-83QdPl-TlM#B5"
"leone.poleye@edu.tbz.ch"|"&r#1rC-@HC8&n-PTUgiI"
"francoise.penny@edu.tbz.ch"|"ylhMr@-MgU95q-Wzr9@6"
"rebecca.edney@edu.tbz.ch"|"9MNxi6-$#B5bj-C9dfh&"
"adelaide.murtagh@edu.tbz.ch"|"0XPsEY-de6GsJ-FJsJth"
"stevina.winterbourne@edu.tbz.ch"|"aEhY7p-QYh9KH-8uIlFk"
"ma.cottom@edu.tbz.ch"|"nvRqEx-aUs2lP-cInoyH"
"tan.harold@edu.tbz.ch"|"b9xP4V-wWUFEm-WLpxeg"
"venus.forte@edu.tbz.ch"|"i$epWi-ST#tev-uTC5uF"
"almerinda.oluney@edu.tbz.ch"|"i&aYrg-VcuOvN-l$8OsS"
"cleopatre.brehault@edu.tbz.ch"|"3&KvSF-6UxfPQ-21SdfY"
"interessant.lapides@edu.tbz.ch"|"pVpuf2-uIwus6-Ce3ODv"
"reserves.hallatt@edu.tbz.ch"|"cpU#fa-@0ECEm-ngodv8"
"annotes.birdwhistle@edu.tbz.ch"|"LOwz2i-Nyqfzr-&TTqGh"
"ai.dredge@edu.tbz.ch"|"OnMdfT-0Knx$j-3kR7AZ"
"megane.mussard@edu.tbz.ch"|"dDI5CX-rkJl6C-tFijhU"
"esbjoern.gowrich@edu.tbz.ch"|"lR5Y72-DBXm6G-JOh9g5"
"boerje.brislawn@edu.tbz.ch"|"esTUpy-0R4zY&-rvrNh4"
"becassine.wilce@edu.tbz.ch"|"EbksUK-LAtssh-P2MhmW"
"personnalisee.oels@edu.tbz.ch"|"JAyX7w-nGBIiG-71NXV@"
"verane.pett@edu.tbz.ch"|"$TU%Yv-awHKKZ-blbRki"
"marylene.glewe@edu.tbz.ch"|"Oce8o#-qxrmBi-J@yX5t"
"lai.elson@edu.tbz.ch"|"a3nofb-3y9ka4-1zhVoM"
"serena.difranceschi@edu.tbz.ch"|"gmF3sK-zIHaL1-ZEJ&vE"
"lie.espinel@edu.tbz.ch"|"yCGp0n-IZSVcw-T$yzsN"
"marylene.fantini@edu.tbz.ch"|"tFaV5T-Mxj21@-2vI@gr"
"andre.archdeckne@edu.tbz.ch"|"Yt1fCR-zrAJl6-TOWtCv"
"goeran.bohlingolsen@edu.tbz.ch"|"pzRt4&-BF3lud-AZovhU"
"cunegonde.heffer@edu.tbz.ch"|"g5i8%1-X$clFA-8PNLWc"
"tan.fechnie@edu.tbz.ch"|"tk@jLK-YLI#KX-diiRSn"
"marie-noel.brammar@edu.tbz.ch"|"5WBDPy-FiJMfA-54OeI&"
"simplifies.aven@edu.tbz.ch"|"#E$483-ExFidQ-JT2$dG"
"melys.pinchen@edu.tbz.ch"|"#hmQMy-yBrXQD-SH$48V"
"edmee.joyner@edu.tbz.ch"|"LvFsKa-SAMGgi-BUS4yh"
"berengere.edess@edu.tbz.ch"|"X4X#&C-RU3kfk-CcHQl3"
"marie-noel.goward@edu.tbz.ch"|"EHKDeB-3epzpj-W$ry&6"
"ju.edmons@edu.tbz.ch"|"64QT@n-wrTS7B-DLWioC"
"frederique.airds@edu.tbz.ch"|"q2wUii-fgd9eA-F3MlUS"
"reserves.dauby@edu.tbz.ch"|"TUOQgd-o1h@i4-GoCVR6"
"hakan.gynni@edu.tbz.ch"|"Z4SQfp-cMwDcF-QaKzeV"
"leonore.pinwill@edu.tbz.ch"|"5LnfvM-wgF3ep-UleLrl"
"marie-eve.mcallan@edu.tbz.ch"|"6%3RWt-7Pdw2Z-xNTSMf"
"naelle.yeabsley@edu.tbz.ch"|"$3REQe-q$ETRD-XZSpSb"
"nelie.jacobovitz@edu.tbz.ch"|"pAD#Q0-yj11bm-mzB%KS"
"adele.conelly@edu.tbz.ch"|"BCrFfi-pLD0Ix-6@hcj7"
"clementine.dondon@edu.tbz.ch"|"mmGeV2-0lilV8-UmflYV"
"zhi.willcot@edu.tbz.ch"|"ThZc2m-0P5PQI-azH4hZ"
"chloe.janicki@edu.tbz.ch"|"S@1n7u-Z3NE@h-PHnIiC"
"meng.linde@edu.tbz.ch"|"J92grc-vHGhIB-DOAs12"
"celine.janisson@edu.tbz.ch"|"5bmnoB-zXWmd3-v8IHPD"
"clelia.crow@edu.tbz.ch"|"#i@Bk4-dkRJtK-2k73ev"
"cecile.pyott@edu.tbz.ch"|"C0z1pB-ZA%0h&-mYI0iR"
"ma.fidelus@edu.tbz.ch"|"Jc@@Nj-EGDPxi-Fit9Om"
"marie-helene.poore@edu.tbz.ch"|"hRYNos-TmOnAY-1uY145"
"elies.blanket@edu.tbz.ch"|"V1$4VO-ms4Q@g-Z8P1iW"
"yu.boyer@edu.tbz.ch"|"QP@X6u-EU@e@G-VIf$%N"
"celia.welds@edu.tbz.ch"|"hIjdY$-dM@jWW-gl3&cW"
"du.gunney@edu.tbz.ch"|"0H4oYM-xXV$Um-vWVQ66"
"goerel.crush@edu.tbz.ch"|"DZIAI#-efUaRa-SMKloN"
"marie-josee.brosius@edu.tbz.ch"|"70JdGf-LoU#%3-YPoQn&"
"camelia.adds@edu.tbz.ch"|"JE4LT#-QegqTs-Oz%qh@"
"anae.irwin@edu.tbz.ch"|"arl$Ev-NqRD76-OWg0Yw"
"cleopatre.skeffington@edu.tbz.ch"|"gWTNR1-y88s6e-dC8vET"
"gerald.suggate@edu.tbz.ch"|"MSH7UE-36emk#-latyWR"
"laurene.tailour@edu.tbz.ch"|"qX%kwC-PtFmFn-PbFk9R"
"amelie.hoble@edu.tbz.ch"|"ZZj6IQ-SFl4Zd-PFPXlU"
"venus.getch@edu.tbz.ch"|"%BmR8n-TKGy4N-%Ifi#p"
"renee.treby@edu.tbz.ch"|"Jwn%mj-ZdZmXP-iP1JT4"
"almerinda.stait@edu.tbz.ch"|"dQR7pd-rvHpB@-rmScyh"
"andree.reddecliffe@edu.tbz.ch"|"bwhU1Z-S8HgWT-8At2y3"
"leone.wintle@edu.tbz.ch"|"BPRA$w-3C%xnl-PLE1sm"
"gerald.fellow@edu.tbz.ch"|"vu91r2-EpBnkh-&h1cwL"
"ju.gudger@edu.tbz.ch"|"T8xRMK-ZBJ%4Q-Q4JY%S"
"meng.ohaire@edu.tbz.ch"|"UGkKyg-gFjN#J-iUHWG6"
"cleopatre.missington@edu.tbz.ch"|"5yhju@-MfQ7Ne-ekCBaa"
"annotes.debruyn@edu.tbz.ch"|"Kv55kt-fBc2rv-y2M31E"
"gerald.sinisbury@edu.tbz.ch"|"X5oTYw-9tbCkh-m9@CK5"
"creez.slora@edu.tbz.ch"|"y$ovqG-e5o1iP-$Umz#n"
"gisele.benbow@edu.tbz.ch"|"fIqps4-MgaHhG-Wv0Y#y"
"pal.dossit@edu.tbz.ch"|"CsfMhb-l$gzJf-zZ1Rc&"
"nelie.stirrip@edu.tbz.ch"|"HzZQYd-8$VXuk-rgg0gB"
"alois.ocrigane@edu.tbz.ch"|"SGWRdc-%aqYhA-Y9hr1c"
"kui.mcterry@edu.tbz.ch"|"#VLuv3-fZ3gkK-@$z3Xa"
"long.willgoss@edu.tbz.ch"|"RKm6Hc-5f#106-8D3ys6"
"francoise.sumpner@edu.tbz.ch"|"48%yiF-#s6sCY-z@emT4"
"maely.grinstead@edu.tbz.ch"|"qsuJKd-BnMn2F-LuUgt&"
"creez.langeren@edu.tbz.ch"|"csn#sh-aIpaSG-UqZXm0"
"adele.dungate@edu.tbz.ch"|"IPj&rK-jPlm51-oq5q@7"
"cleopatre.noirel@edu.tbz.ch"|"i#jXx1-BPsD4D-YD9ApP"
"interessant.daverin@edu.tbz.ch"|"C78Ren-60ENM6-37c&m4"
"naeva.kalderon@edu.tbz.ch"|"HM41uz-al48V9-t@&871"
"anais.oshesnan@edu.tbz.ch"|"P7Zsq8-OO576&-5SHMxG"
"judicael.anelay@edu.tbz.ch"|"lrcYz9-HBVGue-4p%iji"
"eloise.braxton@edu.tbz.ch"|"FxFyYK-0%TEos-9guE&7"
"desiree.greguol@edu.tbz.ch"|"9T23Lc-%Odc$$-n#ItB5"
"maite.mcclenaghan@edu.tbz.ch"|"Yt$tEF-WZx3z8-R6nrYL"
"meng.doret@edu.tbz.ch"|"lmcq#P-lWpPvD-gSDdP#"
"frederique.chippendale@edu.tbz.ch"|"L5D#9H-Rh8VCm-Jx0bSB"
"andreanne.lanney@edu.tbz.ch"|"2&Pqgr-qSdCdS-ECC83p"
"aurelie.claus@edu.tbz.ch"|"nhCn#S-N%y0Mr-Pen5mm"
"renee.pabel@edu.tbz.ch"|"zd6wS$-xN2jL6-lio#gZ"
"maena.roust@edu.tbz.ch"|"sRdi%0-O&&xyn-F7Cltr"
"nadege.carwithim@edu.tbz.ch"|"&CGCPu-OTfHcz-i90X7d"
"solene.geyton@edu.tbz.ch"|"ObdVa%-3Rqj9i-isbYuF"
"dafnee.avraham@edu.tbz.ch"|"Kxipgy-9PEwOq-HmlWJk"
"leane.woolvin@edu.tbz.ch"|"S&X3Zy-EF%$N5-Vx$ZkG"
"adele.macadie@edu.tbz.ch"|"0Coh1X-Wn6YyN-Zk@Ffs"
"meline.rubica@edu.tbz.ch"|"xZFsiw-Y93&Gk-c4GlrU"
"marie-noel.speeding@edu.tbz.ch"|"Yo1S5Y-bawcof-yoKC3y"
"nelie.mix@edu.tbz.ch"|"zWGN0E-W3Wx@S-8neSuJ"
"clea.ollett@edu.tbz.ch"|"fDId2q-qc@UvD-L9g4GW"
"leandre.mcgavin@edu.tbz.ch"|"pFuyns-Ehyl@4-XnyUOW"
"cecile.behne@edu.tbz.ch"|"vzmTwz-WOGgL8-9@VoSr"
"melanie.polle@edu.tbz.ch"|"kV&xqS-#vsTXl-Qr4Sl6"
"marie-josee.titmuss@edu.tbz.ch"|"elV2pg-MMY3Ev-gtt#gH"
"helena.guest@edu.tbz.ch"|"Vk&OF@-yphzUV-3Jmaaj"
"annotes.chicchetto@edu.tbz.ch"|"fKgkf&-9C&kuT-v170A8"
"melia.tubb@edu.tbz.ch"|"juoTV4-SpIwfZ-TvPyGx"
"angelique.casetti@edu.tbz.ch"|"RskGbF-Ur7S6z-5hbT%W"
"cunegonde.cleall@edu.tbz.ch"|"puQ&P6-ckXN@s-@1x4kK"
"camelia.oaker@edu.tbz.ch"|"2fgJDi-m4WUAt-RkY5aY"
"you.searight@edu.tbz.ch"|"vUrnXc-DpIgbe-jkEPfj"
"kevina.dederick@edu.tbz.ch"|"YssY$q-@EuuG7-XxKuf#"
"milena.jeffrey@edu.tbz.ch"|"wveEm5-aPI@ul-cvZKNu"
"melodie.barkshire@edu.tbz.ch"|"Pc2n6H-douH&S-FEj0bR"
"gaelle.kreutzer@edu.tbz.ch"|"J#Wg9F-BxNsvo-ZcbHQt"
"kalliste.kleinpeltz@edu.tbz.ch"|"6Xt3d@-LtpTiD-4qo5HT"
"clementine.danat@edu.tbz.ch"|"#@Gucb-y3@5TS-L$fE7H"
"andrea.wabb@edu.tbz.ch"|"IF$RsH-DA9CXX-RTjLk@"
"geraldine.piesold@edu.tbz.ch"|"$BypPu-jrX7Ea-9dE5jr"
"tan.fiveash@edu.tbz.ch"|"A5&jD9-xYuKXu-GvFHF#"
"meline.yuranovev@edu.tbz.ch"|"svHaCs-&Q@8Qz-cZ%4P%"
"therese.holme@edu.tbz.ch"|"a$9rAJ-qyBf#@-D2R9tk"
"salome.vaney@edu.tbz.ch"|"Xj&$XR-gtSMT5-ZbSK6R"
"anae.abramson@edu.tbz.ch"|"0gSWS$-nMS#86-vRlJBF"
"kalliste.jimson@edu.tbz.ch"|"2J1Jv1-GejnzP-AUuC$M"
"selene.yole@edu.tbz.ch"|"jQwJSI-erHKYd-y5Zu3T"
"agnes.defraine@edu.tbz.ch"|"COoyei-tx3lF#-LexXEY"
"faites.mccluin@edu.tbz.ch"|"JIXnd1-9AStJb-t$%5c1"
"athena.deme@edu.tbz.ch"|"gTEZBe-NuzIXI-aY#Pr8"
"daphnee.brigstock@edu.tbz.ch"|"36aYpi-5JsFqB-aaNfI@"
"goesta.skaif@edu.tbz.ch"|"IDw6Uq-7zrGcp-QtpvAH"
"oceane.jagoe@edu.tbz.ch"|"OpvL#T-JzYiqO-Jm#maV"
"annotes.broomhall@edu.tbz.ch"|"UeS$0w-6FHyXP-F6xsXg"
"marie-eve.ballendine@edu.tbz.ch"|"g7vocQ-YCBxni-#Ue4G&"
"melina.spykings@edu.tbz.ch"|"BGZs$6-QXtGBK-Zko091"
"laurene.ticehurst@edu.tbz.ch"|"&G@8pE-5cHyW3-%jFPyo"
"fei.avramovic@edu.tbz.ch"|"&JaSwH-EINNhF-IjO9&e"
"publicite.strathearn@edu.tbz.ch"|"w24TBS-0Z6o98-JwS&vS"
"torbjoern.garrow@edu.tbz.ch"|"eBNi7e-cLgZBV-HkS$L9"
"chloe.rubinsztein@edu.tbz.ch"|"4bTAcO-MlvEf$-c7B$Jf"
"mylene.demanche@edu.tbz.ch"|"SFa%k4-42@oNJ-KyB2k5"
"mediamass.godlonton@edu.tbz.ch"|"RPOcMG-g8EVle-xsq$Yt"
"renee.shurrocks@edu.tbz.ch"|"7bb9YS-49y1qK-RlIqAL"
"maiwenn.jedras@edu.tbz.ch"|"G32&gn-6MlhuI-Tldw$b"
"genevieve.castells@edu.tbz.ch"|"opjjDs-m4AAe5-zfGceQ"
"renee.sneden@edu.tbz.ch"|"ZzaE0o-8Tdl4U-BiidMV"
"lai.mccallion@edu.tbz.ch"|"dtMB3j-#lzU1c-NdDOyK"
"kevina.impleton@edu.tbz.ch"|"FHR$$u-nBFiC0-xUjO%l"
"oesten.fresson@edu.tbz.ch"|"HKeeNv-kRBhXQ-cWEHyr"
"verane.shawley@edu.tbz.ch"|"l5s7@I-XhwPl@-&nfwUw"
"uo.sjostrom@edu.tbz.ch"|"3&vf0%-r1jyKY-D3snJg"
"gisele.gothup@edu.tbz.ch"|"BGoCoS-lrFpxH-0lo@3&"
"renee.beauman@edu.tbz.ch"|"FVpZxY-FQsQ71-L2sL1r"
"elies.loton@edu.tbz.ch"|"jIvemV-sSVNHF-7lfkwS"
"valerie.elsmore@edu.tbz.ch"|"dp08ff-e4NV#I-A47qqO"
"berangere.delafeld@edu.tbz.ch"|"g&e6y%-EN6xP8-aDY6or"
"bjoern.schimke@edu.tbz.ch"|"QJRP1S-QA1rJ3-$@3ThL"
"loic.ericssen@edu.tbz.ch"|"oHAn6d-lYQuWK-6emFNS"
"creez.richarz@edu.tbz.ch"|"FSPP@O-I7@LKJ-7yjGKG"
"athena.grocott@edu.tbz.ch"|"36c&V&-Q$p#yU-EDYxdr"
"naelle.piotr@edu.tbz.ch"|"Y#gwiH-scS4GI-HW9pH&"
"maella.paulson@edu.tbz.ch"|"SLn%lG-YIrcVf-1u%DpF"
"song.perot@edu.tbz.ch"|"#aKN6m-b56%23-oDcVov"
"kalliste.heckney@edu.tbz.ch"|"TCisl3-ovmC#J-U2t@hd"
"ake.vasyutkin@edu.tbz.ch"|"EKOzJs-Wu&Scd-ITZeQ6"
"ma.castles@edu.tbz.ch"|"jhX1OS-5VmJzr-HOm#sy"
"maely.monget@edu.tbz.ch"|"GWYOat-BSzOQ3-n0p48a"
"tang.durbridge@edu.tbz.ch"|"9jkg4#-te@gnO-c3$145"
"laurene.andrew@edu.tbz.ch"|"mS38Ml-s#yCyf-shaxBO"
"lysea.beacon@edu.tbz.ch"|"zJiNNM-KWByuw-6CQGZ8"
"leandre.peyntue@edu.tbz.ch"|"phBSFu-4jqr#2-JG2JP$"
"rao.trever@edu.tbz.ch"|"9QE1xT-YeImPA-AJr&Ks"
"mahelie.streader@edu.tbz.ch"|"mLUcfg-B%bGVO-hmR7Mi"
"maerta.andrejevic@edu.tbz.ch"|"iyImAw-nv2Ge$-HaKjV&"
"goesta.tompkins@edu.tbz.ch"|"erv5nr-tPZFmt-i7RDWr"
"helena.agates@edu.tbz.ch"|"@KFZ&$-MzviWX-bQS&jc"
"therese.glass@edu.tbz.ch"|"76mCOE-L%EN4t-m4E&VA"
"alois.foan@edu.tbz.ch"|"5#wAcM-mKYoRV-AC4QnU"
"becassine.melchior@edu.tbz.ch"|"zn@BY$-e%pjcD-qDQEaB"
"cloe.robart@edu.tbz.ch"|"iwy5FX-VqErkz-tePltU"
"daniele.puckinghorne@edu.tbz.ch"|"GPvfh7-#GbVPf-oiMuRQ"
"selene.cammidge@edu.tbz.ch"|"Jr$nFf-SvdAVn-KLr$Ga"
"regine.conochie@edu.tbz.ch"|"VIBTRT-BfpV2S-INMtf4"
"interessant.tuiller@edu.tbz.ch"|"y79emz-2k8h7A-43MU@B"
"long.tiebe@edu.tbz.ch"|"Gp%eGl-wDyF9y-CktXra"
"mans.yele@edu.tbz.ch"|"a0duOp-TeoX6&-GQyZ7u"
"ai.giles@edu.tbz.ch"|"vpjSCK-@TXNP9-193qrW"
"gaetane.hamberston@edu.tbz.ch"|"MLdCDO-ikDXqz-XRpZqO"
"marylene.fenix@edu.tbz.ch"|"8Y2aAS-9u2VH4-4hxGbW"
"geraldine.graeme@edu.tbz.ch"|"qhZ1Oo-JQcYXz-rQoYH9"
"tang.kinglake@edu.tbz.ch"|"rWneBJ-XgsOSD-5EdZTB"
"lai.challoner@edu.tbz.ch"|"bpV1YY-miX1rj-j&220W"
"desiree.mattei@edu.tbz.ch"|"nUzKi#-LJQKBz-JzOv#m"
"ake.erley@edu.tbz.ch"|"XaM5G%-J1wYVU-m%DNPj"
"edmee.cavil@edu.tbz.ch"|"e%@TU7-Rg1N@i-$QTrNz"
"alois.moyes@edu.tbz.ch"|"%Scjy@-%vG&9K-Cxe$GQ"
"becassine.pitman@edu.tbz.ch"|"k2#7I9-JQ7BVF-Ey642j"
"ai.giacovelli@edu.tbz.ch"|"j@&zjd-Mr0xy4-zZg7A#"
"judicael.fruchter@edu.tbz.ch"|"73B35P-3ZM3PJ-qZ1eGF"
"mans.mogg@edu.tbz.ch"|"QJxfuB-#fkahn-l8yVei"
"gerald.foyle@edu.tbz.ch"|"uj0JhH-TLrXz2-#m3myR"
"wa.androletti@edu.tbz.ch"|"RY1&qD-M05Jf2-rbd%Iv"
"meng.ollett@edu.tbz.ch"|"VNAlMU-mce2Q2-P9VejV"
"naelle.macmenamy@edu.tbz.ch"|"66ZQE6-Mhio$8-J6@cOD"
"gisele.mcramsey@edu.tbz.ch"|"5vn3N%-aHkQmF-iqk1Ot"
"meryl.scolts@edu.tbz.ch"|"qlRQ0r-nfFcvf-$Z@jfR"
"celia.bloxsome@edu.tbz.ch"|"pNp@eg-rM49&D-6Y6KkJ"
"styrbjoern.stuke@edu.tbz.ch"|"auEFhZ-PhYnee-@sKOtz"
"felicie.gwilliam@edu.tbz.ch"|"&sJfN%-71o@z6-XVrq6f"
"da.harms@edu.tbz.ch"|"P7F##U-MhZZdQ-3Qjyye"
"celestine.baulk@edu.tbz.ch"|"Y6Aciz-VX6zKQ-YZuEsy"
"mahelie.blackledge@edu.tbz.ch"|"8RB9Pg-5p89co-U0zFTz"
"meghane.salt@edu.tbz.ch"|"LANXpE-ir@Nbx-OZYShN"
"methode.paxeford@edu.tbz.ch"|"XHHw8Y-uFXIFD-Mu@F5i"
"asloeg.milligan@edu.tbz.ch"|"qNMOy9-WuewaK-vKlgUs"
"you.pellman@edu.tbz.ch"|"4BTJ5C-QjraD#-Gx1Fd%"
"loic.regenhardt@edu.tbz.ch"|"HyWy96-sHqiYc-1tX0zU"
"daniele.savill@edu.tbz.ch"|"Oq@snl-fIi3j6-dkHBzM"
"alois.cornu@edu.tbz.ch"|"H42kKN-BPpq&d-noGHuw"
"oesten.govey@edu.tbz.ch"|"cqvIoz-hZg4d2-UptsEy"
"marie-eve.louch@edu.tbz.ch"|"5CW2g&-kOgwbI-UZoXg5"
"theresa.wenn@edu.tbz.ch"|"yh7fAD-RqM6Cj-2c5lye"
"andree.eul@edu.tbz.ch"|"JjNve3-aFi2D#-LtUdJL"
"lie.paynton@edu.tbz.ch"|"Qj9Al2-TGeKoT-gN&uRs"
"marie-eve.girodier@edu.tbz.ch"|"eKmBI4-AlCfxJ-jkCoEu"
"marie-noel.smithe@edu.tbz.ch"|"I@3KYx-lty9t0-LM@#to"
"men.bootyman@edu.tbz.ch"|"ZTJZTw-uw2Z8&-&Psasi"
"ku.sugg@edu.tbz.ch"|"VwB@l3-FcS1AI-FE2tRn"
"lucrece.roseman@edu.tbz.ch"|"mb7W8F-vlKmgi-E4tywK"
"zoe.annear@edu.tbz.ch"|"EUdkZ&-ZrR%mA-NZwn53"
"marie-helene.rennebach@edu.tbz.ch"|"bwiBtD-I96C%X-vyxyIw"
"lea.djurdjevic@edu.tbz.ch"|"oMnjlT-AN20Q8-Tx$$3L"
"goerel.robert@edu.tbz.ch"|"oTxLGx-R7bZi&-SHVJdW"
"mylene.foldes@edu.tbz.ch"|"JK1c@w-6AWAe#-qOHUQO"
"faites.clegg@edu.tbz.ch"|"#&@t5w-bFaMob-Bl5rO9"
"marylene.crowcher@edu.tbz.ch"|"AERS@j-yP&ktp-C$fG4G"
"aimee.wimpeney@edu.tbz.ch"|"#J9Qan-xwZ#Jy-i53T#K"
"renee.atkins@edu.tbz.ch"|"cId3d7-zO969y-ZMau&y"
"rejane.cainey@edu.tbz.ch"|"5kScoE-jaM#s4-H%dktA"
"solene.britney@edu.tbz.ch"|"yuHsb#-y2N6d$-GjCZ3$"
"marten.shatliffe@edu.tbz.ch"|"$yH0BM-CpWAwX-s&Bd@N"
"maite.issatt@edu.tbz.ch"|"j69ItH-SxvXpF-lB7sgA"
"maelyss.edon@edu.tbz.ch"|"@qoeIW-xKAeRF-V5Jh1O"
"nuo.bamling@edu.tbz.ch"|"8K3pmH-$jIwyR-gDMEK1"
"anais.edards@edu.tbz.ch"|"ZTDeQ5-oLKsKY-YkkdvK"
"mediamass.bromet@edu.tbz.ch"|"Bp2JNy-Dqg4t7-78JL0A"
"beatrice.kimbrey@edu.tbz.ch"|"5#ceaA-8n8D7h-Xpz5Bw"
"ines.lawranson@edu.tbz.ch"|"vsriR#-JryrD%-40bOrY"
"kalliste.scandroot@edu.tbz.ch"|"TRjrU4-XACd1g-DjtSYq"
"mans.barrowcliffe@edu.tbz.ch"|"ax60&n-8g8aoA-U4c7xe"
"irene.couves@edu.tbz.ch"|"le%E%o-BPH6oj-LQsKrl"
"milena.mucci@edu.tbz.ch"|"mPn25e-Vh2I$8-cCqNIu"
"naeva.cow@edu.tbz.ch"|"w#e#Yo-aAOLNh-EbmWDx"
"audreanne.mournian@edu.tbz.ch"|"OPo75O-SOy4x&-R#dwH8"
"melia.sinnatt@edu.tbz.ch"|"AAk4J7-#OwsK7-3p1KVh"
"nelie.burnard@edu.tbz.ch"|"kuIAn8-qG2Md0-dcq58#"
"clelia.ashfull@edu.tbz.ch"|"RGUFCL-cjInje-VBmsD0"
"lie.macard@edu.tbz.ch"|"rda$$B-IvE37c-syWdhq"
"valerie.matoshin@edu.tbz.ch"|"EsX@fK-ku%5uc-KzsO$x"
"anael.hatherleigh@edu.tbz.ch"|"2px%9h-B7%mih-hBuWQm"
"interessant.warratt@edu.tbz.ch"|"fmYTrZ-HI3l4c-4OWU7T"
"eleonore.volage@edu.tbz.ch"|"RxmWey-Mynpti-5E61ew"
"zoe.stebbing@edu.tbz.ch"|"5hEYBc-x$SD9A-W2JFM5"
"alizee.nye@edu.tbz.ch"|"ZNuhMr-E$jBg$-rYiH1o"
"celestine.bramley@edu.tbz.ch"|"WYSC96-kpo4PL-dfvP$r"
"selene.philcott@edu.tbz.ch"|"zqKp&L-yT0WZ6-ukJvKV"
"tang.newens@edu.tbz.ch"|"J%rBXD-%Vd6$Z-4rJyZ#"
"annotes.powys@edu.tbz.ch"|"vBmGW9-wR0&1n-oL21rx"
"lea.matthesius@edu.tbz.ch"|"4UMX1u-9EuNGd-7AUnxH"
"illustree.garlett@edu.tbz.ch"|"DxDWOY-Kg6UZw-LSujeJ"
"maiwenn.meachem@edu.tbz.ch"|"DO&AjD-$XL77O-qFAoq5"
"marie-francoise.mcbrady@edu.tbz.ch"|"mWxgze-Z19YDw-su81wP"
"illustree.gimbart@edu.tbz.ch"|"LwXn4E-gSamas-SJ7EQe"
"melys.lyosik@edu.tbz.ch"|"VbdqxR-#YJGE%-JjtNtA"
"marylene.mcnab@edu.tbz.ch"|"DyoIp8-9D721F-c0vdt&"
"gerald.blount@edu.tbz.ch"|"XFC@70-mnmRYt-7u7al7"
"clelia.shakelade@edu.tbz.ch"|"1kvU84-y2e7Lw-1JVLGH"
"penelope.cridlin@edu.tbz.ch"|"VgL7Dz-$o3Nrv-69Z2wv"
"maena.okuddyhy@edu.tbz.ch"|"kQ1CF6-z1xuee-PUEhJf"
"athena.keynd@edu.tbz.ch"|"Z1nMF8-8R0CF$-6ESmub"
"cloe.dwine@edu.tbz.ch"|"GqaqZi-QQbDEx-MxWg%g"
"josephine.browett@edu.tbz.ch"|"$kdDbU-HShfvo-Z#OrtN"
"audreanne.oscanlon@edu.tbz.ch"|"Ocg7c5-P$f%LS-TYEv%9"
"fei.jeanequin@edu.tbz.ch"|"mVKmxa-G6U3vs-5bSnMt"
"lois.gormally@edu.tbz.ch"|"E3V@&#-1XLJbY-FAtvDw"
"marie-francoise.finnigan@edu.tbz.ch"|"3B3r5N-jsBU$w-yYFIck"
"leonore.trussman@edu.tbz.ch"|"cIgjqI-va1Uyf-VOv2i9"
"anaelle.trumper@edu.tbz.ch"|"QfTiS5-Xc$jO%-O74puz"
"clemence.dionis@edu.tbz.ch"|"tVkSSv-c3D48A-JuCeA5"
"lois.tranmer@edu.tbz.ch"|"tzewtP-TSwUyh-s51VF1"
"interessant.volett@edu.tbz.ch"|"mQyonT-FrVVr5-$Oz0cj"
"personnalisee.deackes@edu.tbz.ch"|"GmTf2n-GzozNE-qalGn@"
"lie.vasiliu@edu.tbz.ch"|"qfGLwd-JrZJJh-irhd%4"
"dafnee.lamputt@edu.tbz.ch"|"xwOuc7-14mTs8-6VHUVq"
"elies.bromige@edu.tbz.ch"|"HvQpwo-RyLDa@-pSV3Yb"
"helena.klosser@edu.tbz.ch"|"LKLFkx-O0bqDe-u9b7L1"
"andree.grim@edu.tbz.ch"|"vnMeN@-6@V6M1-ef7rqv"
"verane.coldbath@edu.tbz.ch"|"KiMEYM-o@&w&e-05#Xrm"
"helena.bethell@edu.tbz.ch"|"A&RDdD-cKoypX-Z6gfl8"
"kalliste.carefull@edu.tbz.ch"|"WqF51$-$i%Ekj-r$duE4"
"regine.odams@edu.tbz.ch"|"Lb2dep-ptv1W1-szEv$8"
"len.stannus@edu.tbz.ch"|"HliY4Z-DS&3Lq-KvbztY"
"angelique.works@edu.tbz.ch"|"%IRVCJ-gZRg44-vXXSOO"
"goesta.rheaume@edu.tbz.ch"|"Mya6hi-iVrIOn-pARM1I"
"maelys.tynnan@edu.tbz.ch"|"bye1vd-ZyGdyM-Kmiz9a"
"maelle.carlesi@edu.tbz.ch"|"DbGJ#q-@SsTPH-Ee&kLa"
"anael.spurden@edu.tbz.ch"|"w58eXC-l6CLwa-lF#DAo"
"helene.pumfrett@edu.tbz.ch"|"q#ktMS-IW#yr5-uTPH83"
"goerel.pearn@edu.tbz.ch"|"pSV3U$-gNJNHV-j@EPPG"
"laurelie.dezamora@edu.tbz.ch"|"DYEMTW-M72c&q-ALIs9x"
"yao.twidale@edu.tbz.ch"|"OhMJN0-dzyU8S-u0x%FZ"
"berengere.sola@edu.tbz.ch"|"T&IA1J-YnJo%N-yq@AbP"
"maelann.hardistry@edu.tbz.ch"|"En2Kwo-Qj0ak&-e2bPCM"
"severine.littlefield@edu.tbz.ch"|"uS53k@-WVg7op-AE%95a"
"salome.heinl@edu.tbz.ch"|"&UWgal-Q7TNvR-UWSSXd"
"meryl.warbey@edu.tbz.ch"|"sQNR1%-vQi3Ky-xinm5W"
"da.hunstone@edu.tbz.ch"|"z3@6t$-b8SETH-B#UXmo"
"venus.broadbury@edu.tbz.ch"|"Leb1mZ-i8E@g6-rtC9JY"
"meghane.rentelll@edu.tbz.ch"|"fgroen-awfi1p-eTRI#D"
"marylene.drewitt@edu.tbz.ch"|"CSL#z6-NztC6u-3Xay1g"
"melinda.jacquemet@edu.tbz.ch"|"NqckBM-S7jWqX-mUXM@m"
"marie-josee.keyden@edu.tbz.ch"|"sonc9Q-mwXu@p-lazRv5"
"asloeg.montacute@edu.tbz.ch"|"Yd44aJ-o#RVVC-t4CGiM"
"ku.andreou@edu.tbz.ch"|"YRiRKc-vN4Y2M-abBG34"
"personnalisee.feaveer@edu.tbz.ch"|"1GIeaw-4DztBU-5@faeT"
"laila.emptage@edu.tbz.ch"|"rc#Hyu-KT5s5V-TPSt@S"
"bjoern.dawdry@edu.tbz.ch"|"oydd@h-uBkvVA-A$us@I"
"marie-eve.dinsell@edu.tbz.ch"|"Aaf#d$-7mwasa-KI1SQe"
"helene.follett@edu.tbz.ch"|"Jyna&E-Dp59Y9-M88zFS"
"penelope.cordero@edu.tbz.ch"|"@IK9ca-#CcwJy-YyfhxG"
"boerje.beedell@edu.tbz.ch"|"XdsUAn-Pfa1Rg-CqS1&d"
"nelie.ferne@edu.tbz.ch"|"QGc7VO-JOFBmG-LhuzCd"
"celine.ahmed@edu.tbz.ch"|"9&HVnU-zN&B4I-g$APn6"
"stevina.pimblett@edu.tbz.ch"|"Ac&&WV-7LvkQ@-5&18i#"
"chloe.langlands@edu.tbz.ch"|"5m9kNu-6RU9Kb-3@cXuV"
"simplifies.maude@edu.tbz.ch"|"1Nk40e-&o@Yja-7W#ehy"
"genevieve.decarteret@edu.tbz.ch"|"ClHPBL-HP0XDP-REWMeM"
"marylene.mughal@edu.tbz.ch"|"r5KIkM-bpTdKh-tF6d7U"
"goeran.guttridge@edu.tbz.ch"|"25pdSy-WgsydJ-xx4eu$"
"michele.smurfitt@edu.tbz.ch"|"BlOm@J-aMxV1A-pVysck"
"methode.hadeke@edu.tbz.ch"|"sBchK5-u3Y8G6-E5ODKB"
"therese.rispine@edu.tbz.ch"|"pSjTX7-pjuaHp-nwBPdk"
"goerel.plumley@edu.tbz.ch"|"8RlFrw-g0o%BJ-#PpHI6"
"oceane.friett@edu.tbz.ch"|"KaxmSc-UMFSyT-##q2Cu"
"marie-noel.achromov@edu.tbz.ch"|"r238tW-1V$4IB-fcOmdN"
"dorothee.storek@edu.tbz.ch"|"ASSWdV-66tzEC-A97DW6"
"goesta.whittle@edu.tbz.ch"|"m73avJ-#$fFaV-PoYJZQ"
"desiree.casely@edu.tbz.ch"|"qRP%#L-EjSH@1-mmteV0"
"felicie.condon@edu.tbz.ch"|"59ai&I-HuDnmU-PhpC#Z"
"maelyss.frisdick@edu.tbz.ch"|"#ADESq-VGaG@V-O8cZHs"
"aimee.banke@edu.tbz.ch"|"ytNk7d-Ni2nWq-bxBvFh"
"naeva.hodcroft@edu.tbz.ch"|"M$lhZQ-&ybuI&-Y#iXM3"
"laila.gerrans@edu.tbz.ch"|"fT2Etf-2CymJp-do1&Bs"
"daniele.scrimshire@edu.tbz.ch"|"oepvGg-QEtS@S-kmoHT6"
"daphnee.sheerin@edu.tbz.ch"|"wnrwk5-aMKwqh-e4IpB8"
"pal.vanyukov@edu.tbz.ch"|"IF8lC%-Be$Ru3-$0v%M6"
"zoe.childs@edu.tbz.ch"|"z5Do4x-EeC3Hg-9&Rjxa"
"ai.corde@edu.tbz.ch"|"9q0#qR-9aPiX%-3&nOuO"
"maelys.berryann@edu.tbz.ch"|"%0yTbX-UfcYsn-@hxAff"
"cloe.gladding@edu.tbz.ch"|"3Nh94H-bGiVB3-&O5zmv"
"wa.kinnaird@edu.tbz.ch"|"FsESba-8SLU@L-QvR7OC"
"publicite.brittoner@edu.tbz.ch"|"YaKhfc-nYEQM&-3HSLnw"
"rao.windress@edu.tbz.ch"|"oxVFND-Qos4Z2-@y2DEt"
"uo.kollach@edu.tbz.ch"|"lET$50-z6Blk6-gHXSxO"
"josee.peskett@edu.tbz.ch"|"ubC7%a-YBuxsf-WPea9W"
"annotee.hasel@edu.tbz.ch"|"tGcvIt-R0XdkT-H2rFj&"
"cinema.lee@edu.tbz.ch"|"V4gN20-XctK7n-uOWzL0"
"lai.vedeshkin@edu.tbz.ch"|"u%Twzo-4Hl2uA-ery&Da"
"renee.brisbane@edu.tbz.ch"|"$G3%7V-1fwkKZ-pDp85J"
"ophelie.blincoe@edu.tbz.ch"|"9&FJuo-bwTx38-z&R&7z"
"zhi.prazor@edu.tbz.ch"|"DY9K8l-myC1Qq-GAQ$mz"
"annotee.maddicks@edu.tbz.ch"|"IVwMzl-5bEnf@-iB%6PS"
"maelyss.codd@edu.tbz.ch"|"tZg3ve-Rlc$eS-sppVQ#"
"celia.peplay@edu.tbz.ch"|"unYNFo-&HA8Jm-DiVCpj"
"interessant.skone@edu.tbz.ch"|"BW3wBF-SOvhtN-l6HEjn"
"audreanne.hebdon@edu.tbz.ch"|"MvzTEp-48V8zB-aOIbvY"
"oceane.glen@edu.tbz.ch"|"#8LkTS-KIObUl-$hp0Tx"
"daniele.vanyushkin@edu.tbz.ch"|"sA1k31-$0&Y#u-4BLwum"
"daphnee.ayce@edu.tbz.ch"|"d&lfde-5VqN4V-zZCHcJ"
"andrea.attride@edu.tbz.ch"|"Q$pwnm-vqh74l-ArQR1j"
"penelope.bridgwood@edu.tbz.ch"|"MkwdLY-FVvIl@-UI97uP"
"mailis.drewitt@edu.tbz.ch"|"j4@bf7-wY3M22-WaFzt2"
"penelope.mollene@edu.tbz.ch"|"xgb$Hz-evGTd4-jIJLOa"
"illustree.keely@edu.tbz.ch"|"pRMqkR-riMIXT-EGr3Uj"
"meng.brisseau@edu.tbz.ch"|"qZLpSw-SqRXrP-Adqnm8"
"ruo.cleiment@edu.tbz.ch"|"snfVWE-WzxF#o-4K18SH"
"maite.krammer@edu.tbz.ch"|"2GQc12-s6TQ8T-UDlOFk"
"genevieve.verry@edu.tbz.ch"|"5OjNBW-Jy6j&z-uvkDeP"
"lea.olochan@edu.tbz.ch"|"HMOVhh-QsDPI@-79FBl5"
"naelle.brunnen@edu.tbz.ch"|"4d7nRX-%nTlxb-lGRqLw"
"goesta.bragginton@edu.tbz.ch"|"zvi3#l-D35MNY-P$7#cg"
"fei.danilyuk@edu.tbz.ch"|"2OLQx3-s%W&qC-af8&7E"
"adelie.turbitt@edu.tbz.ch"|"q&pvBN-0K7DVk-NbT9re"
"marylene.nutman@edu.tbz.ch"|"$Adki4-MBmxwx-JPTPnb"
"therese.barbrick@edu.tbz.ch"|"lRN8fn-qwETSN-ZfMHXZ"
"melys.kolodziej@edu.tbz.ch"|"3CMsJf-5Ns21M-@JN3Ff"
"melanie.runchman@edu.tbz.ch"|"5seCJb-7X9loE-lu1B5q"
"serena.lafond@edu.tbz.ch"|"w2cYB2-%QJ9y2-M$HujJ"
"pelagie.desmond@edu.tbz.ch"|"36flI#-zaFyD4-tFSsS#"
"wa.spickett@edu.tbz.ch"|"pEceY$-w$TWFf-#GrAXg"
"po.shave@edu.tbz.ch"|"j0u5Qa-t3r@4G-cQehJz"
"song.huikerby@edu.tbz.ch"|"JiUS%E-fNuaEW-Z2CNxP"
"melinda.bimson@edu.tbz.ch"|"WxjEJt-UdN20&-xaSP7S"
"personnalisee.toffanelli@edu.tbz.ch"|"H0XlOE-mY&CcQ-nBdVBL"
"leandre.hurn@edu.tbz.ch"|"1rfDvH-Q6$pGq-FkfkuN"
"oesten.standell@edu.tbz.ch"|"wJ7jm4-ZOWEjJ-0C%keC"
"naelle.smaleman@edu.tbz.ch"|"XpUM2C-DB%WXi-chfZ32"
"berenice.tayt@edu.tbz.ch"|"#$EGxj-Nrn94b-ng$abM"
"kui.popplewell@edu.tbz.ch"|"MzvpLc-1JZ1Lf-#Emv0D"
"melodie.ferandez@edu.tbz.ch"|"Ds4Uhr-1yc3Hi-TRZ4PC"
"josee.negal@edu.tbz.ch"|"@afMqk-CgwakY-p2AkTf"
"melissandre.ferrelli@edu.tbz.ch"|"ZyscVy-sh5rNc-eEj3BO"
"josephine.kemmer@edu.tbz.ch"|"rtGLoq-kKdX8H-%RsnEl"
"maely.cayette@edu.tbz.ch"|"pzMMWw-CEddeJ-P8et&q"
"nelie.vela@edu.tbz.ch"|"F3njsG-XL1X11-ez9QdM"
"melina.cortes@edu.tbz.ch"|"4Ki7S$-dmM@Hq-jyp79E"
"megane.leyshon@edu.tbz.ch"|"zR9wVQ-&G#Alg-Vll@XP"
"regine.harrie@edu.tbz.ch"|"3DNxKL-TETHXx-ahT4j%"
"mylene.widdison@edu.tbz.ch"|"ubX0j8-4jXfYD-WAGm8T"
"pelagie.vivash@edu.tbz.ch"|"30%BJt-49yjTU-YkMxoC"
"styrbjoern.vicarey@edu.tbz.ch"|"nSbz4O-p&KWif-WNE47b"
"long.kyles@edu.tbz.ch"|"aLcD2A-m0n7P4-7rjmls"
"stephanie.gipps@edu.tbz.ch"|"j&n$8D-uO0%T6-s&Wqmu"
"clea.constantine@edu.tbz.ch"|"sGLc6n-#vC1TK-X@5mMl"
"maella.cometto@edu.tbz.ch"|"MJ$f3T-qyFcSf-XBA0T2"
"laila.aubrun@edu.tbz.ch"|"aaB&C7-9WlWL6-r8n#n4"
"yao.austins@edu.tbz.ch"|"JT06l&-D4qsEx-264Xqq"
"mailys.rylstone@edu.tbz.ch"|"TNWqCA-1IuZ9J-iFJwT#"
"adelie.curuclis@edu.tbz.ch"|"3Uxaj@-7K1Iog-sr5q63"
"celine.longhurst@edu.tbz.ch"|"QZ4Ktl-okGVqD-pJgUIp"
"gisele.hazell@edu.tbz.ch"|"dLuf1q-aa3Wz#-flStVU"
"celestine.ciccone@edu.tbz.ch"|"&nkS8k-PdY&il-wq3QbK"
"maelyss.doole@edu.tbz.ch"|"zS1zh%-asDwU1-lt4fuD"
"helene.grimsdike@edu.tbz.ch"|"6h$lSV-NBs%94-yyeKgE"
"lie.macer@edu.tbz.ch"|"&dPf2$-ddpdCv-dDjrmX"
"maely.izard@edu.tbz.ch"|"bbLBUP-u@Vunm-uD1Pod"
"erwei.breewood@edu.tbz.ch"|"lX9B0W-j4o2jm-Iy#nwO"
"chloe.woolford@edu.tbz.ch"|"tqJOjR-VpG9vn-b&CRSV"
"cleopatre.turpin@edu.tbz.ch"|"uUg%0K-3vfvyr-0m$4UU"
"melodie.surgison@edu.tbz.ch"|"8lW1MO-GAuKcI-s#EiS&"
"elies.leander@edu.tbz.ch"|"Tg#XOp-kDS5nX-2SoESe"
"mediamass.reignould@edu.tbz.ch"|"5G2YR&-oJa$JJ-ZNMT19"
"celestine.wasmuth@edu.tbz.ch"|"1ox#No-E27Bbg-g3qaA0"
"marten.jervis@edu.tbz.ch"|"Xfah@a-TK&4wQ-j9OUT5"
"daphnee.bour@edu.tbz.ch"|"GqtE@8-BJ&TfT-c75FJN"
"regine.harlett@edu.tbz.ch"|"kpdyx&-4VWlvc-xdecp@"
"noemie.macaskie@edu.tbz.ch"|"t@vEL0-5EO3D&-pATTtv"
"loic.renfield@edu.tbz.ch"|"VaDobs-QeRMV0-0qdaqI"
"venus.kleinert@edu.tbz.ch"|"1@2IT8-ZJSfEm-nCDO5H"
"marten.burlay@edu.tbz.ch"|"zHU1Zn-NJXt#7-SO@W2A"
"berengere.radsdale@edu.tbz.ch"|"nihth&-u4JQQi-6GpmiB"
"genevieve.duckit@edu.tbz.ch"|"Jsrxje-vuEM@f-#AekPF"
"maely.ligerton@edu.tbz.ch"|"hDJdUB-EX$Oik-s3r4IG"
"maeline.ricciardelli@edu.tbz.ch"|"8scWBm-mvZh1D-Kxz#Xc"
"personnalisee.yggo@edu.tbz.ch"|"lj&eZr-mM$l9l-Ohs5xP"
"alizee.pettinger@edu.tbz.ch"|"i@MmvH-T0v#&Y-QduDtD"
"desiree.curnnokk@edu.tbz.ch"|"vl9F8a-dwQHsi-AOEOJn"
"dorothee.minors@edu.tbz.ch"|"CSiHi1-$4Kvhs-TzAUvw"
"oceanne.kopmann@edu.tbz.ch"|"@s6kbh-kR#pol-@wwyVn"
"almerinda.brodbin@edu.tbz.ch"|"%tJ3GF-%tM1WB-SH&xin"
"yenora.carsberg@edu.tbz.ch"|"ChR9ip-5M5EXD-EIgPBo"
"wa.beetles@edu.tbz.ch"|"QPPBYR-DDHEBm-sPCwzX"
"audreanne.abbot@edu.tbz.ch"|"hZpee7-Dh494x-ZvsS0r"
"noemie.capper@edu.tbz.ch"|"PQc6FD-SsHNnk-1K6w7h"
"mans.abramamov@edu.tbz.ch"|"jw%5hy-OiMMF3-rIic4D"
"audreanne.blakey@edu.tbz.ch"|"NCND85-Ppdgrq-#FXCFY"
"leone.klimpke@edu.tbz.ch"|"L5UG7u-hMJg92-$O7JxC"
"lie.croston@edu.tbz.ch"|"o8YXCi-0e@MEK-&S@%fo"
"anaelle.baistow@edu.tbz.ch"|"cUhlNo-YQfCzf-KoJrb2"
"michele.garwood@edu.tbz.ch"|"fiCeY@-14ynRH-FFP4xu"
"interessant.albion@edu.tbz.ch"|"sYi$b9-#bB6JK-gzWfBr"
"andre.brisco@edu.tbz.ch"|"dSRFdr-&c%e&u-kCoH5#"
"tang.totterdill@edu.tbz.ch"|"hJx%wf-2Qtl&m-jolGb&"
"marie-josee.braundt@edu.tbz.ch"|"r$S&#z-yGwTj4-$8fVAh"
"lois.galer@edu.tbz.ch"|"6IRb93-XD2HX6-UTkVaB"
"faites.pellamonuten@edu.tbz.ch"|"5jG2Gd-09%J1b-TZz6m8"
"mai.barfford@edu.tbz.ch"|"giB7zt-Ub%i8o-UlDu3L"
"laurene.macilory@edu.tbz.ch"|"7#7Q5x-fQamWi-kPbMFK"
"elea.peak@edu.tbz.ch"|"5$FrLX-04wFeW-gk4AnS"
"rejane.doni@edu.tbz.ch"|"anhrRR-T&ngwn-NDRjSg"
"mahelie.ector@edu.tbz.ch"|"D$P5fI-mh73e4-GeQU8@"
"rachele.allum@edu.tbz.ch"|"Za90#A-jXwXZs-CkBHyA"
"laila.gerretsen@edu.tbz.ch"|"We1$fK-0J8qGL-sdgkSW"
"ines.bowman@edu.tbz.ch"|"9#7DkT-z3aUWt-8t&aDA"
"publicite.barbary@edu.tbz.ch"|"0484Jx-YPNPcg-YEE79e"
"mailys.smooth@edu.tbz.ch"|"@USysB-jZS$PE-jCk2Vo"
"mailis.huguenet@edu.tbz.ch"|"GRla%t-eUMJnh-q#s@X7"
"lea.ewer@edu.tbz.ch"|"Chv&KA-8ZGGPf-IU0dhV"
