"email"|"password"
"melodie.vandervlies@edu.tbz.ch"|"EKb@Ec-S#tRNr-reMfPi"
"angele.edgecumbe@edu.tbz.ch"|"qH0ejN-9oP32A-fhgfeD"
"zhi.andreasson@edu.tbz.ch"|"RSgiJD-1F$pg#-by$16M"
"judicael.koppeck@edu.tbz.ch"|"%iYPzq-i6ImmK-HPnALi"
"berengere.capron@edu.tbz.ch"|"P2Mzx2-je%elW-iice5l"
"leonie.brosini@edu.tbz.ch"|"FBrRGY-4pVZxj-K0xjrx"
"venus.garfit@edu.tbz.ch"|"5MrWph-hZgehP-w2B0to"
"melina.janota@edu.tbz.ch"|"cNEFNl-FFh@GX-$#qlVz"
"laurene.bake@edu.tbz.ch"|"mt1fP7-QxebJF-rFr1sk"
"regine.dorkins@edu.tbz.ch"|"LTQLzk-opzsI5-0x9%bx"
"cecile.moffet@edu.tbz.ch"|"cg&VsS-zmD4fZ-JouxkQ"
"maelann.labrone@edu.tbz.ch"|"nlEKrA-3F$NBB-ektNCJ"
"melinda.newbold@edu.tbz.ch"|"DmQsIE-cIDp3Z-#UwzRG"
"mans.itzhak@edu.tbz.ch"|"YbkYB9-A3YOz7-vT&rHt"
"melodie.pattlel@edu.tbz.ch"|"x6aBkB-bzYbhK-TnTEK9"
"celine.bonett@edu.tbz.ch"|"jKYO4n-PLsoKp-cI6iTK"
"adelie.mcgreal@edu.tbz.ch"|"7ZZLA6-iEs4of-hIqc6w"
"helene.soldan@edu.tbz.ch"|"BQ$fuO-h%E7i3-qyQdDU"
"michele.cluer@edu.tbz.ch"|"8bmP4B-UP7Gs6-s%f62F"
"maeline.mueller@edu.tbz.ch"|"&Qhvi9-SjuNP$-J##9cG"
"maelann.benedito@edu.tbz.ch"|"tV$Ujf-88exTs-nn08N5"
"nuo.gransden@edu.tbz.ch"|"&Sk1I3-WSL6e#-vOGu9E"
"berengere.stainton@edu.tbz.ch"|"WK6dkj-hsDf6o-niGRKp"
"wa.sabater@edu.tbz.ch"|"Bgeh75-0z4alU-hw6cob"
"anais.cochran@edu.tbz.ch"|"%Q8yQv-mWQ@WE-BaXHkQ"
"gerald.bessant@edu.tbz.ch"|"eXRwt%-oo&lFw-siXhT4"
"ruo.coffin@edu.tbz.ch"|"#sTbxs-eF6cde-wScB2q"
"melodie.mustill@edu.tbz.ch"|"4HQz#Y-86Y01G-C#7pW4"
"ruo.stanesby@edu.tbz.ch"|"8@#xvI-S#d57%-egqKQx"
"noemie.antognelli@edu.tbz.ch"|"PcW$vC-wx15xX-xzJalH"
"maelann.hughson@edu.tbz.ch"|"Olrg3H-77$VC7-fYD4f8"
"milena.mieville@edu.tbz.ch"|"B3ubu6-A$aRUF-aoU0qv"
"mailys.chamberlin@edu.tbz.ch"|"#%kgnx-FSPBys-N5oq8H"
"nadege.tomalin@edu.tbz.ch"|"59LjY0-AVPuLg-to7W1M"
"oceane.omara@edu.tbz.ch"|"c5Jh@$-k%mxh0-O2t8M3"
"cecile.aguirrezabala@edu.tbz.ch"|"3lqx0W-c#@7Q4-$G93jR"
"maella.gwillim@edu.tbz.ch"|"JHch22-dvO6qs-rGdYtd"
"lea.mcgahey@edu.tbz.ch"|"a0iBIr-RM7BKw-GhTXNq"
"laurene.hagerty@edu.tbz.ch"|"1gGHUQ-j%fhq8-DJTisc"
"dorothee.link@edu.tbz.ch"|"kuO%bU-GiiAto-&6M4r&"
"clementine.kynsey@edu.tbz.ch"|"t1zwuF-43jMC3-b&3TJJ"
"lorene.smitherman@edu.tbz.ch"|"0bzeID-ZVRAsC-ht$hpN"
"cleopatre.klulicek@edu.tbz.ch"|"hQKDBT-ppaCDz-mx04NE"
"laurene.castaneda@edu.tbz.ch"|"OlSIe8-gVDgv#-TzL0Lk"
"melia.constant@edu.tbz.ch"|"ZMOM%9-3r6SBl-mUegVW"
"lucrece.clunie@edu.tbz.ch"|"M#ront-WPkrdH-BvNluT"
"eleonore.mcmurthy@edu.tbz.ch"|"#9X3wT-xkKEKE-$h2STO"
"melia.bevar@edu.tbz.ch"|"QF89sK-ylFnUQ-ybp4YA"
"camelia.bontine@edu.tbz.ch"|"mOGo83-$VEGVn-@li#Xr"
"methode.jozefczak@edu.tbz.ch"|"G4e#rT-hlf5X2-t93GBz"
"audreanne.hinsche@edu.tbz.ch"|"kZT%rK-VNchVq-hv9Pwq"
"andree.varne@edu.tbz.ch"|"bmg&FO-YClt7p-ywcWv&"
"marten.kinleyside@edu.tbz.ch"|"7FmeUV-KkBAKy-SCOy4V"
"esteve.mcewan@edu.tbz.ch"|"T7J2HF-c%bm18-NmwpC9"
"leane.dibbert@edu.tbz.ch"|"oHzJE@-B08fS4-U8e0si"
"ma.thewlis@edu.tbz.ch"|"PWPz#d-1P00gc-zzcN36"
"clea.djurkovic@edu.tbz.ch"|"HfpfB&-&%@@wY-#51OnB"
"rachele.reburn@edu.tbz.ch"|"$bK%%7-bEs$$v-z2qq8j"
"gerald.gowling@edu.tbz.ch"|"YJk0QB-l3rNLQ-Q1Ko2x"
"cleopatre.jackson@edu.tbz.ch"|"XALXU2-g35kDm-a2YhWc"
"desiree.haskins@edu.tbz.ch"|"YGg@RH-tJhj#T-32TNoC"
"eleonore.longson@edu.tbz.ch"|"K4%1zg-Q@yRsr-zNi3FW"
"leane.dybell@edu.tbz.ch"|"TJ7@V5-2Y757i-QfeSxK"
"becassine.grzesiak@edu.tbz.ch"|"f@Ey0C-BL7sg2-VpG5Wc"
"marie-josee.pickin@edu.tbz.ch"|"XH#xyl-DaTqsz-CCE338"
"marie-josee.roxby@edu.tbz.ch"|"hYUXU@-yM1Lue-GxEi7Z"
"leonie.feenan@edu.tbz.ch"|"h3DhEO-g%j@Jz-fLm&NS"
"valerie.ellum@edu.tbz.ch"|"uoSaJ7-C0idC9-uZcOAa"
"ju.caseri@edu.tbz.ch"|"xKu3bh-5jehyv-B2ukjM"
"boerje.strangman@edu.tbz.ch"|"ZOQLc6-oGDNEo-ESPdYH"
"beatrice.ghidelli@edu.tbz.ch"|"0kvz&t-HVqE#a-tJjevy"
"da.jablonski@edu.tbz.ch"|"Y3n6LP-V8q8m0-jlS3IJ"
"uo.beveridge@edu.tbz.ch"|"EX7m24-taIGPs-oTo5gX"
"valerie.bestman@edu.tbz.ch"|"u2AqOL-cRxaYC-FA9NGr"
"marlene.pohls@edu.tbz.ch"|"eyxmym-asLkI%-GmuNhP"
"ma.nolda@edu.tbz.ch"|"I4EIu7-NO7maT-1HqrTl"
"marlene.bisiker@edu.tbz.ch"|"sXvvRC-KGncKV-S6u#k&"
"estee.babon@edu.tbz.ch"|"jGU$Gj-m0AxJX-20IXzL"
"simplifies.dmisek@edu.tbz.ch"|"NCQLaD-dNmDZu-WcC$t@"
"selene.ganing@edu.tbz.ch"|"5vJllR-2sSqsH-J@4qeQ"
"meryl.penke@edu.tbz.ch"|"G9EQ1a-IBL@Xc-%ZK%aD"
"anais.rawcliff@edu.tbz.ch"|"j0WvKk-0GdZM2-8xJxWC"
"melina.andri@edu.tbz.ch"|"WfsRBQ-4nsPHz-pCAxDt"
"audreanne.fodden@edu.tbz.ch"|"kmnCBj-uOzhp9-p1BbIb"
"bjoern.spellesy@edu.tbz.ch"|"rsEshY-kn$&Xo-xxBqe#"
"francoise.summerscales@edu.tbz.ch"|"RBwRUU-3EUXue-MKLw2g"
"laurene.ashtonhurst@edu.tbz.ch"|"QSTr8b-3Opt@B-hunukC"
"valerie.petters@edu.tbz.ch"|"oG6MoF-WcPFTu-#nqcG@"
"anael.spenclay@edu.tbz.ch"|"nZz12s-LaCxiP-pZIXZe"
"stephanie.keech@edu.tbz.ch"|"TOlkVi-CH0e&y-ulo7c6"
"ines.deveril@edu.tbz.ch"|"YOdBeW-GbyNaK-%oJfzk"
"berenice.gelder@edu.tbz.ch"|"ZnT4bf-c9q4CC-#FLi05"
"melanie.ofogerty@edu.tbz.ch"|"5OUPOs-egOmF1-KU5lNy"
"frederique.canepe@edu.tbz.ch"|"beW#FX-WFQ$rg-qf6oMt"
"nuo.otton@edu.tbz.ch"|"hPqz1c-z@i8m@-B%Vv14"
"genevieve.trusler@edu.tbz.ch"|"ihuif$-3y%Vn9-PSwIOL"
"ju.boag@edu.tbz.ch"|"D9y$r$-$f4UkL-4%PQx#"
"josephine.dilucia@edu.tbz.ch"|"n8GqRj-cuPjr#-Jji$sB"
"laurene.armsden@edu.tbz.ch"|"rQLmc%-Cdtb$D-Hx%RxP"
"becassine.griffe@edu.tbz.ch"|"vW6sDX-8vvydM-t8waou"
"alois.parres@edu.tbz.ch"|"tp%3KO-C3udO6-HAWv@l"
"cleopatre.gaffey@edu.tbz.ch"|"pi70Jr-FGZ#5%-QQB&@V"
"andre.stiger@edu.tbz.ch"|"Y@siry-rkbY1Y-NCoI$2"
"beatrice.godleman@edu.tbz.ch"|"HlSuiB-ioJZcF-BiT96l"
"hakan.harrhy@edu.tbz.ch"|"gp68cx-BAzZ34-p$PLA5"
"celestine.dagnan@edu.tbz.ch"|"I9PcWu-T8RPxM-R@fR1W"
"clemence.haggart@edu.tbz.ch"|"NYGc1K-pPQ2s1-rrf$jo"
"long.caban@edu.tbz.ch"|"XBACqY-4lBT5%-SYgvfY"
"gaetane.grimble@edu.tbz.ch"|"c3utV%-uLrS#&-Vg8vSp"
"maelann.piwall@edu.tbz.ch"|"c1NCQ6-dac&Jl-mXgClb"
"magdalene.loble@edu.tbz.ch"|"mFNimD-cRF$yA-03XRIa"
"veronique.domaschke@edu.tbz.ch"|"uwE0pQ-i@rz@K-KJrMKQ"
"clea.herity@edu.tbz.ch"|"3F6@b4-uL4are-lsoj#r"
"maelann.bambrough@edu.tbz.ch"|"1A7Zu8-Q7%7TX-CHmqZ4"
"clea.goulstone@edu.tbz.ch"|"Cv$vt1-&p1vGS-SoiPuk"
"renee.deleek@edu.tbz.ch"|"Z3nU$n-53&WBs-8DHmEH"
"boerje.rudderham@edu.tbz.ch"|"gMUh3I-q2ozmP-hFsKJV"
"marylene.broune@edu.tbz.ch"|"NH$AF4-0XWguK-D3VXhN"
"nadege.mccuish@edu.tbz.ch"|"iKpTk9-XvPT7K-HWxuZA"
"anael.littleover@edu.tbz.ch"|"ormHB6-ckwbrO-WL$JZY"
"lie.baume@edu.tbz.ch"|"b#gh5h-$Z88ix-$CG4%L"
"maella.murrow@edu.tbz.ch"|"SI9@7D-ETO2Ot-lM%0#M"
"cleopatre.pettifor@edu.tbz.ch"|"CRsOGz-IW6H9D-uvrXwq"
"geraldine.asker@edu.tbz.ch"|"iT4PJI-j539V4-y#JI0F"
"gaetane.smedmore@edu.tbz.ch"|"Jh&NdK-SFcrMy-WNuGFg"
"meryl.blencoe@edu.tbz.ch"|"wa$tL0-#QomjO-SIgUNS"
"aurelie.chastaing@edu.tbz.ch"|"EvfoZ%-fqbSZ7-l2KZ5L"
"oceanne.marthen@edu.tbz.ch"|"A&c19h-11Iw81-@mer7#"
"dorothee.burrill@edu.tbz.ch"|"%W6HHm-hRR9Zy-fZ@O4Z"
"hakan.belden@edu.tbz.ch"|"1g94hs-1RoLWw-jKpQFk"
"celine.brunning@edu.tbz.ch"|"8#CA8S-kMdpmQ-gwA0JJ"
"anael.lapides@edu.tbz.ch"|"@KSfO%-dsxk7o-4IJeEv"
"ruo.saffran@edu.tbz.ch"|"mqXr1H-EJ#gjG-utcksU"
"loic.gerretsen@edu.tbz.ch"|"gdARMr-w5vkpx-Uiwiw8"
"rui.fitzer@edu.tbz.ch"|"uJeA9D-e5B5eq-c2qGGx"
"annotee.ogers@edu.tbz.ch"|"1nt5H$-3BH0tC-2oyIzJ"
"boerje.bindin@edu.tbz.ch"|"6u&9SR-zjJ5uo-AHkKCO"
"ma.cronchey@edu.tbz.ch"|"vY7O8q-BsjI56-KCKm3T"
"laurelie.baiyle@edu.tbz.ch"|"1cOYeL-IDeppD-7mzwJq"
"dorothee.older@edu.tbz.ch"|"Nwe59s-dc%3o3-wsca5P"
"laurena.wile@edu.tbz.ch"|"zPtP2r-2BgmEm-lu3n5B"
"clemence.brito@edu.tbz.ch"|"UnY$Wx-t9oIKm-l57FBo"
"nadege.dallin@edu.tbz.ch"|"mNy0Cf-MyCoIW-HBEflN"
"mailis.matley@edu.tbz.ch"|"HVMnyI-BP9dI&-k8zagl"
"daniele.screaton@edu.tbz.ch"|"qL3jXu-YzDa$H-lpFcxk"
"mediamass.godly@edu.tbz.ch"|"gRPSS8-oQ6nJi-xlSU1h"
"leone.kremer@edu.tbz.ch"|"38e7Dv-5CX1F9-bUwZEY"
"asa.adrian@edu.tbz.ch"|"FfZ#Hf-og$8%0-zD2x7b"
"adele.doley@edu.tbz.ch"|"BI86PC-qRfIqP-hzePnf"
"fei.sidney@edu.tbz.ch"|"I4ezN3-&uupX&-ZLjbVq"
"marie-josee.walisiak@edu.tbz.ch"|"Zdnxb9-o5yKgH-6@axec"
"desiree.diplock@edu.tbz.ch"|"4bVUAx-F8cr5R-oSnj3J"
"gisele.schust@edu.tbz.ch"|"PbASDk-1KWukj-e4vn7m"
"ma.longshaw@edu.tbz.ch"|"tA@kI$-ZHBzNM-Ytsgy#"
"da.boother@edu.tbz.ch"|"6CyfMw-W$2Rne-jYogu1"
"simplifies.chaudhry@edu.tbz.ch"|"p45OsF-XmLqHL-nJ#qL3"
"garcon.baniard@edu.tbz.ch"|"3pL$7C-xRHq3H-79yeir"
"gaetane.elphee@edu.tbz.ch"|"DOu5q9-AA3i@f-iCqo6x"
"gisele.hassey@edu.tbz.ch"|"51NBIF-20@o@h-7KqPNh"
"oceanne.booley@edu.tbz.ch"|"0IQuHq-m2Fc&R-i6a%%d"
"oerjan.dibden@edu.tbz.ch"|"RA#47m-w17cGZ-hkj3#x"
"regine.ocleary@edu.tbz.ch"|"fhU75E-6Bm$Fd-HR#mmi"
"selene.persse@edu.tbz.ch"|"fyrvPD-xhliEK-EhiM&p"
"helena.adenot@edu.tbz.ch"|"O6oyYg-onbVeY-7IiGU9"
"maelann.wassung@edu.tbz.ch"|"B3GuNJ-D8E&7%-qPijk%"
"frederique.ackermann@edu.tbz.ch"|"8daC2m-Rv#9x$-wzBpz4"
"audreanne.kahen@edu.tbz.ch"|"B41#h8-5qiFHb-$UiWLx"
"maiwenn.lasty@edu.tbz.ch"|"HdVdpO-je3rxs-T30@uK"
"yu.dictus@edu.tbz.ch"|"u9ZX9z-ivMyI4-JOvSj2"
"anae.dukes@edu.tbz.ch"|"Rs7MW7-XRnDML-wM3$JA"
"yenora.warr@edu.tbz.ch"|"Uc4e87-xNy&Ea-DABPb&"
"esbjoern.archibold@edu.tbz.ch"|"Zwkq6a-6c23wB-frA$O0"
"milena.pardal@edu.tbz.ch"|"aOe$ai-&rZ89L-U6%gQk"
"celestine.graveston@edu.tbz.ch"|"P2Ktq1-IVD%OQ-fLSWWy"
"maena.dallas@edu.tbz.ch"|"tlmZ$N-et$IHd-3@OJ7&"
"andree.tuke@edu.tbz.ch"|"MHt75t-b7HLrm-Z6&KNZ"
"methode.seldner@edu.tbz.ch"|"9HIQ8X-FB%Bvo-KNZ0Z5"
"venus.bullas@edu.tbz.ch"|"#nZdT$-FJ6x6y-s$jzS%"
"mans.aguirrezabal@edu.tbz.ch"|"3NW9eG-sYweyg-lnA8%7"
"gaelle.eadington@edu.tbz.ch"|"5Z9&Nk-olX2PS-fPkWzE"
"anaelle.falkner@edu.tbz.ch"|"EBGYdz-4QkaY1-pyz1Nl"
"ophelie.height@edu.tbz.ch"|"J6HOdt-c@T4Po-L#FMet"
"marten.bolding@edu.tbz.ch"|"oNqqbu-EDD&UO-lQNPKg"
"pelagie.guswell@edu.tbz.ch"|"FzSkzr-UbS6Ct-3RibW2"
"gwenaelle.lecount@edu.tbz.ch"|"GRWHuf-ZL9kYW-@Lhy3c"
"hakan.laden@edu.tbz.ch"|"Zc#fD&-3@NsjM-zgFFgP"
"marie-josee.hylands@edu.tbz.ch"|"z#QVxI-yKsl1G-@eJXMx"
"zoe.kingshott@edu.tbz.ch"|"#CF0Yi-tfqLMk-KF$r4w"
"josee.janous@edu.tbz.ch"|"CHhIxW-bqxuOi-2SMJbX"
"laurene.gallally@edu.tbz.ch"|"F0shMd-NPCmUo-BA7%Hn"
"anael.bickle@edu.tbz.ch"|"d11eCb-V3DkNP-aUtull"
"mediamass.lebbern@edu.tbz.ch"|"qIHyyG-JDmaHE-oQvwzb"
"berengere.hovy@edu.tbz.ch"|"D6L5kw-o%TQoh-r1GM$D"
"oerjan.kilmurray@edu.tbz.ch"|"u1YmlZ-AM6QBu-MnpBrT"
"asloeg.venny@edu.tbz.ch"|"8FWxj2-eWwq8V-3d@gc3"
"marie-noel.stoad@edu.tbz.ch"|"Uel&YK-sEKTTO-cxCK4M"
"hakan.pettifor@edu.tbz.ch"|"&$U6LS-rN@mLk-Z6cNxh"
"maella.willgrass@edu.tbz.ch"|"o1BBRL-$Qbd3J-cQYUDq"
"therese.ludovici@edu.tbz.ch"|"9Pep4P-PmDAqA-LjK7X9"
"stephanie.trewhitt@edu.tbz.ch"|"8#7Dov-1uUlCW-JtqT1w"
"maerta.bauduccio@edu.tbz.ch"|"Z5BssJ-DgGdAR-TkNQXM"
"gaetane.glaisner@edu.tbz.ch"|"XjmgZK-WSM735-Jo$RlF"
"naeva.pargeter@edu.tbz.ch"|"o4NyZf-XeDwGW-8Rf5#Q"
"salome.venable@edu.tbz.ch"|"SoQQlJ-R5hs&p-unA1KL"
"boerje.thickett@edu.tbz.ch"|"ovdkEu-yB5kdK-&ASCVb"
"lucrece.prendergrass@edu.tbz.ch"|"jkHbFP-BDXUqL-&3KxuU"
"laurene.ockleshaw@edu.tbz.ch"|"v8b2EK-IS&Uzi-PLyAQp"
"cecilia.pasticznyk@edu.tbz.ch"|"cRkAOg-BthXRL-sj4zwk"
"stevina.mackey@edu.tbz.ch"|"NVChN2-ui0ULC-e$zIJm"
"marie-noel.reven@edu.tbz.ch"|"m96vMi-E5A6Za-ZuKK@8"
"melina.quilkin@edu.tbz.ch"|"Jo0gHN-IsfJ3w-InoYVG"
"marie-noel.ferrie@edu.tbz.ch"|"M75JJW-cNtAyw-WIo9iO"
"leone.alphege@edu.tbz.ch"|"cyzqOq-1a1NuT-&rDFEH"
"zoe.leverson@edu.tbz.ch"|"m1z9l@-$MOuEm-cYDsfH"
"annotes.grayne@edu.tbz.ch"|"5DnQOy-569&EA-6sC$uH"
"faites.lalley@edu.tbz.ch"|"tk8Uj6-8yw@%c-4012RO"
"adele.wallis@edu.tbz.ch"|"6wcjFc-EYlRgM-M27lxL"
"severine.madill@edu.tbz.ch"|"sqSzEA-XfXvzq-7%X5tX"
"valerie.tebb@edu.tbz.ch"|"fhUnD&-uKyLLZ-qoCoHz"
"kalliste.rasper@edu.tbz.ch"|"7rCnp2-6BxV2G-Eg%gQ5"
"audreanne.palomba@edu.tbz.ch"|"S9vLsi-V2NHFQ-#&zcJY"
"elea.adamik@edu.tbz.ch"|"QJDw%G-2Aq3A3-mbB94B"
"reserves.jakuszewski@edu.tbz.ch"|"9eZqTc-R0g3EC-F3vQeN"
"athena.belhomme@edu.tbz.ch"|"Ne%r6y-LhMPg$-aoTuZ1"
"rebecca.crippin@edu.tbz.ch"|"iNnd1v-mkiJmn-FBD1aL"
"maiwenn.curman@edu.tbz.ch"|"evakgV-QV1bim-MvirUS"
"andree.bunner@edu.tbz.ch"|"8V$P1h-GeD05f-SA&FgD"
"ruo.winckles@edu.tbz.ch"|"PI@16m-MOHUgd-1jf18M"
"naeva.buntine@edu.tbz.ch"|"z4secn-zGp5I7-MrW3ju"
"boerje.dollard@edu.tbz.ch"|"Q#x8nj-eB5b%y-RoTh5I"
"penelope.gorman@edu.tbz.ch"|"EWGLFD-&1ING5-D5D0AM"
"alois.robelin@edu.tbz.ch"|"Xdn12A-H5h3YI-u0OER2"
"anaelle.tindle@edu.tbz.ch"|"tUf%el-$BmEWe-xqxbbi"
"ye.frears@edu.tbz.ch"|"wKVY$0-mjSvsN-%RwNI%"
"andree.ovid@edu.tbz.ch"|"@n0Gqj-7u2Qw3-BKiL7F"
"hakan.peat@edu.tbz.ch"|"PyZ9&r-1s0GQK-$FAoV#"
"andre.januszewski@edu.tbz.ch"|"dEkIN#-qK9$@1-Ldb8Bm"
"annotes.clemmett@edu.tbz.ch"|"43yozP-Oqftd&-Y@tTJT"
"pal.lambswood@edu.tbz.ch"|"ZA$xTY-yY1POW-OVRDS2"
"yao.lenton@edu.tbz.ch"|"OHR&DV-$jsy%Z-tZ9nNn"
"hakan.boyton@edu.tbz.ch"|"TeRJyb-GcOs&@-3zK&qX"
"nelie.forsey@edu.tbz.ch"|"2J3WV0-v8@69s-UIYPN0"
"hakan.horche@edu.tbz.ch"|"Fkoidn-v1G@O7-jjgcnw"
"lorene.sinkings@edu.tbz.ch"|"SbUN#O-8e18pA-syfS%M"
"marie-therese.creddon@edu.tbz.ch"|"6yqR4m-2vGNSD-C@mrec"
"berenice.tolworthy@edu.tbz.ch"|"fHi%rB-9T@q@B-88ea&Y"
"theresa.land@edu.tbz.ch"|"bmTSrA-bG2fyD-L3u0Xq"
"marie-therese.gianilli@edu.tbz.ch"|"R9DwOP-Uf2Dn&-8nQB#c"
"meryl.glew@edu.tbz.ch"|"lcDEKt-2N6%l1-l6or0L"
"adele.debling@edu.tbz.ch"|"WXs$T9-9QUCJJ-moNQ%c"
"anae.metzke@edu.tbz.ch"|"kEpbHo-zyUre#-yatcNM"
"gaetane.gooden@edu.tbz.ch"|"82EPNU-JuxbJg-tCVtDo"
"laila.bootland@edu.tbz.ch"|"Q49mcB-aT7ym&-@A5##8"
"maite.helsdon@edu.tbz.ch"|"W1v@ub-AAKk7c-N&l@Ub"
"andree.malley@edu.tbz.ch"|"O0VjVb-sHwCWR-i5B7kf"
"pal.simmens@edu.tbz.ch"|"YDQYZs-$vg$N9-5rODjt"
"maelys.nuccitelli@edu.tbz.ch"|"pajUQ8-Ly4jKK-KmoY@L"
"dafnee.sibary@edu.tbz.ch"|"9a@Ad4-9$HRM$-c5JR92"
"alois.harsnep@edu.tbz.ch"|"aNUekz-utQfDW-W0oq$a"
"marie-helene.lacky@edu.tbz.ch"|"La%BF9-3Yi@Lp-I17lGj"
"mylene.youthed@edu.tbz.ch"|"SP##uB-1VCr2$-ypUBfh"
"marie-helene.dehmel@edu.tbz.ch"|"L$PI8B-5E6L55-awZax%"
"angele.batman@edu.tbz.ch"|"h27VNz-wEgKEW-KntuXf"
"melia.younghusband@edu.tbz.ch"|"WLRU9c-W7vS#D-lUL8Wk"
"eloise.baldi@edu.tbz.ch"|"f4fHvo-a6sk$O-rs@77c"
"illustree.dun@edu.tbz.ch"|"%84$vn-zwVi$r-w2NSzi"
"genevieve.late@edu.tbz.ch"|"pF0hRV-2hTG0X-rnZWXk"
"celestine.colville@edu.tbz.ch"|"cgrr$9-4rFd4Q-1C$H##"
"gwenaelle.scarlon@edu.tbz.ch"|"wpB68U-bkbB0c-%eKge@"
"regine.boddie@edu.tbz.ch"|"nDrK16-IhMScf-zAGyAi"
"creez.gaughan@edu.tbz.ch"|"7Z&sFp-7CL$4e-Pmt9kf"
"gaia.longford@edu.tbz.ch"|"Py0VhW-Af9&W@-7CW4SF"
"mailis.buckby@edu.tbz.ch"|"F2l8Hc-pgUyU$-fcblny"
"song.parbrook@edu.tbz.ch"|"kUdaps-1hkIWX-wMqmNG"
"frederique.heddan@edu.tbz.ch"|"YeZ0rG-2XZL2c-$GCLtI"
"ake.kirtlan@edu.tbz.ch"|"V8IW7C-NG9aCf-&arcMw"
"nelie.runciman@edu.tbz.ch"|"#J9SiW-YmmqB@-@wHZFA"
"mailis.cardnell@edu.tbz.ch"|"s%2rx0-FwwBGu-wrCczs"
"irene.navarro@edu.tbz.ch"|"7j6FfV-Vwipmh-AluhpJ"
"maite.cough@edu.tbz.ch"|"2dd7x4-j8V48o-5eNqUJ"
"anaelle.stocky@edu.tbz.ch"|"q5aEM4-mXvz4m-sDg21I"
"methode.moulder@edu.tbz.ch"|"3Imi1B-Elc#n0-%E675K"
"po.stafford@edu.tbz.ch"|"WnBrtg-#Jj@PK-YXkZQ@"
"faites.scraggs@edu.tbz.ch"|"mNBpEM-@SMxd$-sVB#mq"
"adelaide.dullard@edu.tbz.ch"|"4o$5d4-jQwxUf-QGa8Wa"
"desiree.leonard@edu.tbz.ch"|"zJLHsT-FmeZVD-rBSD%K"
"geraldine.badgers@edu.tbz.ch"|"2cJdXP-JrW4u$-LHJtuZ"
"ruo.masic@edu.tbz.ch"|"Ttv@WJ-IYT4gK-&CY1PW"
"aurelie.lieber@edu.tbz.ch"|"DTBJgw-@THQ2v-dfMtqX"
"naelle.balcock@edu.tbz.ch"|"S#v1y2-aUB5eU-afrw#X"
"camelia.elger@edu.tbz.ch"|"CqUH0y-8V@jru-Hs0tU&"
"publicite.oakeshott@edu.tbz.ch"|"58Rw11-jT6jGV-fY0B#M"
"cleopatre.fawley@edu.tbz.ch"|"mLz6Zy-Gap7Z5-q4B#XH"
"laurene.bruckmann@edu.tbz.ch"|"Fa7hH#-X8w#RI-qgkM4P"
"rui.haughton@edu.tbz.ch"|"eK&$bT-bTXPkd-%0Zfl4"
"asa.ladewig@edu.tbz.ch"|"Vd#uJR-#eKN9i-sACgK4"
"gisele.janecek@edu.tbz.ch"|"JV8fOb-nTb5k6-akuFdj"
"maily.loveridge@edu.tbz.ch"|"Fh4Ky5-cxeC#5-SwhrvK"
"marie-eve.yurkiewicz@edu.tbz.ch"|"WdcLKJ-JxCCDY-bv2H&#"
"fei.roder@edu.tbz.ch"|"C0ai9p-GCD%NH-gMr2e$"
"edmee.chatburn@edu.tbz.ch"|"NSweTR-C%qn@b-5IAV2b"
"geraldine.darke@edu.tbz.ch"|"5Po%l$-#1%Ho2-po5C&B"
"ye.jira@edu.tbz.ch"|"irOlrd-0Jxcgi-LTL4e@"
"publicite.persent@edu.tbz.ch"|"mBBhqq-$tIDpD-Hl2oy9"
"severine.wilcox@edu.tbz.ch"|"C8#awU-5xUvIT-&fxIrM"
"yao.mcclaren@edu.tbz.ch"|"dD5Swg-i9o$Om-Cf&OJT"
"theresa.foynes@edu.tbz.ch"|"bOs4&c-Nl3h%u-7O1XXh"
"stephanie.isley@edu.tbz.ch"|"sGd3aK-byw@%b-Iij0yM"
"torbjoern.growy@edu.tbz.ch"|"n3kI7z-u#LlKN-X8a8Kh"
"eloise.tunnadine@edu.tbz.ch"|"LohlVj-W4#0@8-#7mgPq"
"maeline.cossentine@edu.tbz.ch"|"MrsUPt-x3kCvf-Il36NU"
"nelie.desantos@edu.tbz.ch"|"ypCb2%-3z@bj0-W&0uRD"
"gaetane.axston@edu.tbz.ch"|"wUncpI-qoLM&B-3Yrxg$"
"aimee.merman@edu.tbz.ch"|"4jkN%&-EGDDlD-TNp1qV"
"oerjan.drivers@edu.tbz.ch"|"ZszyCO-EBm9Jb-2YytlV"
"aimee.miroy@edu.tbz.ch"|"iSNaC9-IqIg#P-D97x3@"
"nelie.glyde@edu.tbz.ch"|"8UX3qm-q#&IoC-4q13cs"
"hakan.kapelhof@edu.tbz.ch"|"JAm73M-daAqFG-DlMfna"
"maelyss.cauley@edu.tbz.ch"|"@l%uj@-CReg2&-NQ8V#e"
"elea.vaggs@edu.tbz.ch"|"b#ov#@-0UyC2f-hXsUMa"
"maelys.but@edu.tbz.ch"|"DF5hNN-6qLP5i-b6Diee"
"maella.arthurs@edu.tbz.ch"|"2AuUWC-hmWGnp-l2Uw7G"
"adele.liebrecht@edu.tbz.ch"|"uRhDK%-pP%rOK-dYtPHU"
"meline.lomasny@edu.tbz.ch"|"EIrnOd-EaNZu8-MeT6Sd"
"mediamass.schwant@edu.tbz.ch"|"asMfES-fmvlDB-&TJt7M"
"leone.saunt@edu.tbz.ch"|"TwMy$K-hXrwbW-$J2q55"
"annotes.gouch@edu.tbz.ch"|"yVrT$s-m39B6q-M#CHk1"
"gaetane.bowich@edu.tbz.ch"|"aFKg8J-C8Ooy$-rPOf4$"
"alizee.strelitzki@edu.tbz.ch"|"%jHfCs-X@Z9pQ-W@ycBI"
"leone.poile@edu.tbz.ch"|"CgKfnm-1V#b9U-esHi68"
"amelie.saban@edu.tbz.ch"|"q3yVKH-FsurJL-1evwZz"
"marten.mcmenamin@edu.tbz.ch"|"izmmDk-Yu$kgQ-1esbx#"
"becassine.keets@edu.tbz.ch"|"ff#F@@-emhuW5-y&BVpl"
"celine.million@edu.tbz.ch"|"rHXG@s-0Kz2ZE-KcAcZ4"
"geraldine.belitz@edu.tbz.ch"|"f%$Dv5-xfaaxa-or7@Ui"
"salome.mardling@edu.tbz.ch"|"Z#JtVd-K6tMNC-NIhMz2"
"melia.blakemore@edu.tbz.ch"|"D8e7f&-j%zJ7U-cZfm$$"
"dafnee.mcaulay@edu.tbz.ch"|"KeTkW8-rfFBbY-te$gkg"
"garcon.dennett@edu.tbz.ch"|"7YBs0D-4YvC$T-W1crb2"
"interessant.lesor@edu.tbz.ch"|"a4lxpw-O6P1#U-GlR6$M"
"annotee.wasbrough@edu.tbz.ch"|"2VlVDm-nXRu6b-927$V4"
"asa.ibbeson@edu.tbz.ch"|"FnBlee-JspnyB-R&9rPQ"
"maily.kennealy@edu.tbz.ch"|"zL2ZiD-R$w8Fx-eZTxNQ"
"ye.seares@edu.tbz.ch"|"bIwalW-yKE3OZ-l$SO3u"
"athena.harbron@edu.tbz.ch"|"6jVKL6-fLe0H7-dRMw%J"
"andreanne.portail@edu.tbz.ch"|"ESAZl%-n1oulh-@dzVZU"
"goeran.zannelli@edu.tbz.ch"|"3u#9sr-yp$wQ2-PFlst7"
"gerald.leathlay@edu.tbz.ch"|"CBv79v-wLiorY-R1kTtI"
"andreanne.chown@edu.tbz.ch"|"&6DDBQ-BUIiJ@-x4V1h&"
"esteve.clementel@edu.tbz.ch"|"5&ZHCJ-UjzdPo-fiHa6f"
"leone.legan@edu.tbz.ch"|"xso1md-#cnzHM-AVfVR9"
"maena.pownall@edu.tbz.ch"|"D5TiI2-$8KhEn-OPajGs"
"andree.rettie@edu.tbz.ch"|"cEfuRY-itT1y@-1Qjea8"
"ines.kenwrick@edu.tbz.ch"|"WYvMqA-W0PM5f-Uut6lc"
"marie-helene.yarnall@edu.tbz.ch"|"zcG#cx-JX5dJc-BM%Kpw"
"po.martin@edu.tbz.ch"|"0BLHL9-DgE#Vg-HGYBcj"
"ruo.celiz@edu.tbz.ch"|"Vvj0jx-lv1sFH-Jvupel"
"po.bissett@edu.tbz.ch"|"lM54fF-vg8vLY-mLdr3N"
"du.swindon@edu.tbz.ch"|"kO5#nv-uBn$NH-o7mTd7"
"interessant.gouldthorp@edu.tbz.ch"|"4R#X1H-LG@o@O-nk9ice"
"leandre.lilburn@edu.tbz.ch"|"8cB8ax-&DzeJk-cf%Oi4"
"bjoern.whales@edu.tbz.ch"|"WeLFOq-hwtT0Q-8#RRIn"
"interessant.dieton@edu.tbz.ch"|"yUN#z8-k25UmB-6YJfD5"
"celestine.redhills@edu.tbz.ch"|"Yqlx2j-6YmL$G-X$I@b3"
"tan.yakovlev@edu.tbz.ch"|"CnXGK5-wtCGV$-k3EwBW"
"regine.mcdowell@edu.tbz.ch"|"%vdsSD-nfM$kv-X2IoQd"
"ju.coysh@edu.tbz.ch"|"QSq4#T-uFp6GU-SHod3U"
"reserves.ofallon@edu.tbz.ch"|"7Y90$B-tZHE%G-&Z6%4&"
"frederique.sobey@edu.tbz.ch"|"pezktl-h4FDwl-zy#hBb"
"marie-eve.garstang@edu.tbz.ch"|"cT96F5-fS46QE-p9yA@a"
"andre.tapin@edu.tbz.ch"|"2m7XN5-&PQO#s-uvb4jV"
"esbjoern.eynon@edu.tbz.ch"|"gNtoU%-eqkxEZ-vh7LJ0"
"maella.duffy@edu.tbz.ch"|"Puf&pZ-V5BpvM-SfvnA3"
"leandre.twinning@edu.tbz.ch"|"8nU7pn-TogSvs-XKXkr@"
"mai.whittingham@edu.tbz.ch"|"iw@JGh-NACQej-E1y30d"
"rachele.shevelin@edu.tbz.ch"|"i6pKX3-Mn6es0-xRcB7j"
"cecile.mcure@edu.tbz.ch"|"wj@49z-qGP7@E-S7hppZ"
"marie-eve.yurkevich@edu.tbz.ch"|"g#nBVC-nULAMo-QKw24A"
"almerinda.paice@edu.tbz.ch"|"2IOL&O-qEBMx3-#rrHDv"
"rao.howkins@edu.tbz.ch"|"XBViT9-q$B1JR-gNZvpz"
"serena.pack@edu.tbz.ch"|"RegT6g-@6VF$x-5EmoLK"
"rebecca.mant@edu.tbz.ch"|"TVr%Tu-qJrmUU-BtjJOZ"
"reserves.spitell@edu.tbz.ch"|"@INUGW-zl443T-i05fzN"
"garcon.hamfleet@edu.tbz.ch"|"ZTGNkm-PDmw2h-CvA0LG"
"methode.kerkham@edu.tbz.ch"|"kzpHSd-bwA0xo-OKUlVp"
"pelagie.camies@edu.tbz.ch"|"9PHvui-J5zAKR-k27wc4"
"josephine.macpharlain@edu.tbz.ch"|"uDdbUb-juerT&-XfSFN4"
"eugenie.mathet@edu.tbz.ch"|"lPligt-nW#iLq-T8aJbP"
"gaetane.brangan@edu.tbz.ch"|"O88QIH-EV8%$p-3ppP8Y"
"michele.dewbury@edu.tbz.ch"|"Q981T1-57C2CK-jBv8vz"
"eugenie.elcott@edu.tbz.ch"|"dguVM6-BoBh2Z-t16sJX"
"megane.harniman@edu.tbz.ch"|"rIKsPe-9p#0HV-Oi6VAa"
"agnes.cluney@edu.tbz.ch"|"Im5V6A-orxqXw-q$hKMD"
"marie-helene.angear@edu.tbz.ch"|"Kbz%89-6gPOhF-qti$xq"
"melia.dolphin@edu.tbz.ch"|"S9L$oW-WLtMvP-I2LaBx"
"lois.ruseworth@edu.tbz.ch"|"OxO8vX-OQLrTn-iC2xJe"
"mailys.ryding@edu.tbz.ch"|"pgi&XP-2dQLL6-BxSBl@"
"rachele.wulfinger@edu.tbz.ch"|"eyxWqR-RmDJ3i-@&gKD#"
"gwenaelle.talton@edu.tbz.ch"|"GcKwWY-$%pzc5-KO83JL"
"long.ronchetti@edu.tbz.ch"|"hmIUeV-NZvvDs-f2V2%h"
"styrbjoern.kloska@edu.tbz.ch"|"AD1ixi-%QYO3C-vK&t@x"
"len.sudran@edu.tbz.ch"|"lpewIa-VA20uk-vWOmfp"
"maelle.andrysek@edu.tbz.ch"|"xu9C$F-0cDu9l-Zpzbna"
"selene.senior@edu.tbz.ch"|"M7Ejv8-wg2Tfz-gwoT5D"
"anais.joskovitch@edu.tbz.ch"|"8MGS#w-tArm0i-mwYy3U"
"marie-noel.dally@edu.tbz.ch"|"%9vJ3n-n1eiQp-79TBlL"
"marie-helene.laurence@edu.tbz.ch"|"7R2do1-MxSbCL-JXQRyH"
"camelia.foxon@edu.tbz.ch"|"aW1cSa-I3vwXg-Yn3eh6"
"helene.cankett@edu.tbz.ch"|"PKb6ou-a5eHlQ-n9bR2T"
"marten.mitchelson@edu.tbz.ch"|"DofUZx-B8fWUJ-j#6Zjz"
"helena.stirtle@edu.tbz.ch"|"Mh2mhc-4%Q@nv-rZ63DR"
"leane.barmby@edu.tbz.ch"|"9j2Hav-5&%H8H-g5Sy7b"
"goeran.ofinan@edu.tbz.ch"|"krRTcL-jZWJ%0-zFVJcf"
"styrbjoern.proby@edu.tbz.ch"|"AJ42nJ-N8jIPC-nuNRAc"
"zoe.halse@edu.tbz.ch"|"sTB2$e-bNH8Ra-b%FQzU"
"kui.drable@edu.tbz.ch"|"a@a&oE-Zq%raP-JZDu5x"
"desiree.bamford@edu.tbz.ch"|"u$J7@X-72Xr@#-yvZoFx"
"zoe.suller@edu.tbz.ch"|"45AJj0-Bn1eLG-zMC$kE"
"marylene.audiss@edu.tbz.ch"|"5cLeL%-1#@RgU-uQ0a2y"
"adelaide.poznanski@edu.tbz.ch"|"MCmG7n-%Y$Jft-Ono&5&"
"maella.coleyshaw@edu.tbz.ch"|"y&73c3-gyIQJq-meNvyf"
"marie-francoise.gelder@edu.tbz.ch"|"%wSguI-LEXkAm-iL5w27"
"eleonore.chaffyn@edu.tbz.ch"|"cGnD#u-wXGnGu-mMd1D4"
"celestine.sikorsky@edu.tbz.ch"|"4eBXq4-@6##q0-IZtrcK"
"stevina.londsdale@edu.tbz.ch"|"othdec-&3hRhK-d@6#kq"
"maiwenn.nevitt@edu.tbz.ch"|"Vl#lT8-yKMdpj-MrPx0O"
"magdalene.gerrey@edu.tbz.ch"|"87ih3c-$fth&p-EA9X#j"
"becassine.latimer@edu.tbz.ch"|"lHhaT0-Ezyw@$-a1XNit"
"da.lethibridge@edu.tbz.ch"|"Oq4xs#-Ys5@xl-5mbXsi"
"mailys.claige@edu.tbz.ch"|"kAx8Y0-o@Bkc#-S%dQEs"
"maena.torbard@edu.tbz.ch"|"EoGzXb-lnueth-r%W8bc"
"solene.lyvon@edu.tbz.ch"|"m6IzG3-DMpR4j-M@TNDI"
"marie-therese.benbrick@edu.tbz.ch"|"m0Vu#7-QXUptU-$QckUi"
"gerald.edmonson@edu.tbz.ch"|"lpvuqO-ryZU%r-%7uN#N"
"ake.messruther@edu.tbz.ch"|"TFh0LQ-PNfA$o-9A6aWn"
"men.gosneye@edu.tbz.ch"|"D@0Lae-17Q5Ec-gJ&#iR"
"anais.jefferys@edu.tbz.ch"|"4te#ji-dq75v#-I&yxnU"
"publicite.tregale@edu.tbz.ch"|"slYEj$-fiM0w&-p3ASrk"
"maily.santorini@edu.tbz.ch"|"mgaY@N-Ew4Yvu-6T#Jqv"
"ines.pioch@edu.tbz.ch"|"buHDB2-x@UmJD-9XEGlF"
"noemie.marklew@edu.tbz.ch"|"7l8El7-wY&PmB-gOG#tV"
"meghane.maccaffrey@edu.tbz.ch"|"a7FU1r-rK5M7O-i1m&fl"
"berangere.ambrogio@edu.tbz.ch"|"0iqmby-$nz5%U-MZ8lPr"
"mediamass.ryce@edu.tbz.ch"|"5iHBR9-4d0zkd-pK7BAd"
"oesten.ubank@edu.tbz.ch"|"#WEV8D-Fy$Ixj-Qp2u82"
"melina.mackee@edu.tbz.ch"|"qcrnfg-h4Y&1r-Y@EL2U"
"theresa.livezey@edu.tbz.ch"|"01VRI$-T9T$$R-hh%&ba"
"clemence.weal@edu.tbz.ch"|"Lk7$#H-dqXfH5-BFX$bE"
"faites.overton@edu.tbz.ch"|"pscb1L-DhxQRC-V&Tcib"
"clea.lindblad@edu.tbz.ch"|"2ZjXzy-#NN6l&-b5PiPt"
"josephine.roseaman@edu.tbz.ch"|"sqxtl9-RcVZR$-b3$18w"
"oesten.lowbridge@edu.tbz.ch"|"qX8vHE-$xVLwI-pYsSh%"
"marie-josee.brion@edu.tbz.ch"|"Qd7487-1PmSqx-6Fz1Nz"
"therese.basili@edu.tbz.ch"|"SPsw6L-CJd$@T-%wC90e"
"melia.vertigan@edu.tbz.ch"|"cDkM$O-uNV#eG-#sbQ8x"
"judicael.saull@edu.tbz.ch"|"02evr2-yRhxw0-WRcBFu"
"selene.valentine@edu.tbz.ch"|"YpFV%V-aiznd$-ae46ME"
"verane.dunlap@edu.tbz.ch"|"L5Xz#I-P21ZEr-u@ScDC"
"meline.kinnear@edu.tbz.ch"|"1aID6X-@qNATG-olKwu2"
"lei.luttgert@edu.tbz.ch"|"Npp2Vj-@uVf$r-CG3X1K"
"styrbjoern.lathleiffure@edu.tbz.ch"|"UpBtfX-yN@PC5-s51B%8"
"marlene.blasi@edu.tbz.ch"|"lIGutL-Y1&piI-VVH0n5"
"mai.begwell@edu.tbz.ch"|"t5Oiy9-DE#TFC-RZW5u5"
"gwenaelle.kaines@edu.tbz.ch"|"IZ5GQm-DdEHO%-CPBiyf"
"gerald.adamthwaite@edu.tbz.ch"|"IQq@Pq-gcEGve-g6oMuu"
"kui.hartfield@edu.tbz.ch"|"Jtjmxg-c0yDqq-5Mw7At"
"salome.currao@edu.tbz.ch"|"FAqLiM-y5PhTv-VueGau"
"angelique.tixier@edu.tbz.ch"|"f9TxcK-TeO6pa-v#qaCV"
"ju.mcgragh@edu.tbz.ch"|"7d3aRD-mrHkG5-G2rTTU"
"dafnee.beachem@edu.tbz.ch"|"6wnHPz-$AkVCP-7o6HfY"
"creez.terlinden@edu.tbz.ch"|"4Je6Bd-YCG8P1-bUEzQ8"
"uo.mcskeagan@edu.tbz.ch"|"WMUCBT-X4c7WL-lcoD0O"
"edmee.mccaughren@edu.tbz.ch"|"QiQNZW-&NqzMZ-5rbrTI"
"asloeg.cozby@edu.tbz.ch"|"J3z6eS-VDNR#a-%0ikiU"
"melodie.traite@edu.tbz.ch"|"vbZ$oK-NXgP%T-0DcEFX"
"dorothee.aindriu@edu.tbz.ch"|"sU01Rn-4t5x&%-GLGi%5"
"daniele.doley@edu.tbz.ch"|"zi01bh-83Tf@1-21PGMV"
"mediamass.fairclough@edu.tbz.ch"|"Fd@aI7-ofRzWc-#&&Btd"
"lorene.rainforth@edu.tbz.ch"|"vKFNGo-7vGTcI-1Jr2Y7"
"leonore.eyer@edu.tbz.ch"|"LSOPx1-qPO%1R-faspDs"
"po.spillman@edu.tbz.ch"|"0pQfeg-kK@fYR-tUlXFd"
"cecilia.plitz@edu.tbz.ch"|"peH$io-Ie#y70-QYG4G$"
"lorene.ludlow@edu.tbz.ch"|"w4C1cy-aOpUAz-2Qikl&"
"berangere.neligan@edu.tbz.ch"|"rXpvDq-7P3Ypf-@iVkHE"
"simplifies.huggan@edu.tbz.ch"|"SR4ClO-1F7xkf-8QNVPz"
"clelia.prandy@edu.tbz.ch"|"AYL38F-FZ33k2-0bPiAi"
"ake.osban@edu.tbz.ch"|"gqdr4v-I2oMOC-%%p2I2"
"cunegonde.brunn@edu.tbz.ch"|"mRKjvB-uvMXwd-&Y#f#9"
"long.grizard@edu.tbz.ch"|"6PxR5n-NhXZds-uZjrwH"
"meghane.diss@edu.tbz.ch"|"CkTC33-$kZwBs-g$UMRK"
"therese.oldman@edu.tbz.ch"|"&ihL9n-2akZS$-YcRZ6r"
"boerje.scamerdine@edu.tbz.ch"|"tMqOmc-YT@J&A-ryl&gi"
"du.saban@edu.tbz.ch"|"KWF2vC-c%yv2N-7FJRW2"
"hakan.clynmans@edu.tbz.ch"|"b91Bet-AgRcQr-TB&zWY"
"wa.macdowal@edu.tbz.ch"|"Qcl3&G-JPGnj3-pnBP#y"
"venus.hatrey@edu.tbz.ch"|"ir9Ftz-N$DzLq-zbKL&P"
"anaelle.vispo@edu.tbz.ch"|"mJbkzt-fidu9T-m@3ch$"
"mahelie.ollcott@edu.tbz.ch"|"8cDcaW-idhfiX-$@doCV"
"mediamass.whyman@edu.tbz.ch"|"Y2tIoC-0cLEAQ-PVGp1J"
"esbjoern.basson@edu.tbz.ch"|"jixhrs-3m&rss-XwN22A"
"andrea.morrill@edu.tbz.ch"|"PC3%Nk-nDBnS6-fXtR$w"
"melys.grassi@edu.tbz.ch"|"hJHwdh-JifYsK-cMMoF7"
"leone.poleye@edu.tbz.ch"|"RwuEGy-bsOc&6-X16fIu"
"francoise.penny@edu.tbz.ch"|"XlLwtm-gweaB%-QrJluJ"
"rebecca.edney@edu.tbz.ch"|"517XgH-7PxcLV-Qq%HpT"
"adelaide.murtagh@edu.tbz.ch"|"0CQmVe-D7T$QF-EIVS%t"
"stevina.winterbourne@edu.tbz.ch"|"ME97Pl-lIbQ42-ld@AVY"
"ma.cottom@edu.tbz.ch"|"ME6Eg%-ptqaNA-VvT5gt"
"tan.harold@edu.tbz.ch"|"@1vKkf-VlO&pR-PAvjEi"
"venus.forte@edu.tbz.ch"|"SgWVX3-OAk%lP-S9KouL"
"almerinda.oluney@edu.tbz.ch"|"&$QYCh-rObJVa-nxqDEY"
"cleopatre.brehault@edu.tbz.ch"|"HW8E5R-8&tbBQ-pOaKgM"
"interessant.lapides@edu.tbz.ch"|"1&a&Kx-PMCEyv-$$XAWv"
"reserves.hallatt@edu.tbz.ch"|"rNca1P-UZ8aOn-PDK%Pa"
"annotes.birdwhistle@edu.tbz.ch"|"#T4eae-atw2kv-@v5gVH"
"ai.dredge@edu.tbz.ch"|"QiIMwx-YG#qLF-bmln&2"
"megane.mussard@edu.tbz.ch"|"PDI@vT-vf7Bli-5AE5F&"
"esbjoern.gowrich@edu.tbz.ch"|"81YFxe-h2CB&$-OBDKA4"
"boerje.brislawn@edu.tbz.ch"|"nKKVpq-PfryEh-VD@u7A"
"becassine.wilce@edu.tbz.ch"|"rLOQ5&-l8qbmf-ARqD4s"
"personnalisee.oels@edu.tbz.ch"|"qY3Ar9-k&e3BM-kOeeCO"
"verane.pett@edu.tbz.ch"|"P%T7Aj-glWP8x-7u#86z"
"marylene.glewe@edu.tbz.ch"|"GR2dXw-ycAhN9-Qq#eYA"
"lai.elson@edu.tbz.ch"|"k1vj0q-NOMls9-pGgAd7"
"serena.difranceschi@edu.tbz.ch"|"SinqUm-tUuaad-Vo&eHN"
"lie.espinel@edu.tbz.ch"|"JqznDk-ZrtBKz-oa&&iL"
"marylene.fantini@edu.tbz.ch"|"nw@rkw-AXTRFW-mUIxS4"
"andre.archdeckne@edu.tbz.ch"|"&gBOup-$flyzH-pG#Yx0"
"goeran.bohlingolsen@edu.tbz.ch"|"9I&O%C-b0wxfK-at39hh"
"cunegonde.heffer@edu.tbz.ch"|"1BOhxP-yrtt9s-rKkmFt"
"tan.fechnie@edu.tbz.ch"|"6#$hN$-5V57sZ-XXs$IY"
"marie-noel.brammar@edu.tbz.ch"|"%@keO#-1IiQJs-rAbY9#"
"simplifies.aven@edu.tbz.ch"|"HhsCAf-BtfzIp-60eVb3"
"melys.pinchen@edu.tbz.ch"|"VC7v$N-KHjwyl-HfjrJW"
"edmee.joyner@edu.tbz.ch"|"@xkck1-8Pqvr5-itsHnx"
"berengere.edess@edu.tbz.ch"|"QC0fSL-mHrRu5-y3qYop"
"marie-noel.goward@edu.tbz.ch"|"xhHjjh-1IFvjb-A5R8c4"
"ju.edmons@edu.tbz.ch"|"xBOxnh-4@7qXm-cVCPDn"
"frederique.airds@edu.tbz.ch"|"2EdR14-zEHeZ#-RQhyd7"
"reserves.dauby@edu.tbz.ch"|"UBTiqi-UAJiqo-5QDnia"
"hakan.gynni@edu.tbz.ch"|"pqJ$Y$-esZ2gY-SnWoiN"
"leonore.pinwill@edu.tbz.ch"|"Vw%QWl-K@ci3g-cUFo2o"
"marie-eve.mcallan@edu.tbz.ch"|"tK5n2C-pS6rI#-o%OVM4"
"naelle.yeabsley@edu.tbz.ch"|"k6J0R4-bgf#Oa-H1FSI7"
"nelie.jacobovitz@edu.tbz.ch"|"gCACki-mY8rTn-2fg4DW"
"adele.conelly@edu.tbz.ch"|"gBDWYQ-ABAHS7-P6E8ln"
"clementine.dondon@edu.tbz.ch"|"RumMrp-vB8uJ8-uTf$EV"
"zhi.willcot@edu.tbz.ch"|"OPR3rs-MqiMVx-qbswP4"
"chloe.janicki@edu.tbz.ch"|"S@9da$-xIOqbm-oDI8eA"
"meng.linde@edu.tbz.ch"|"uJQw@1-&R1V4U-17a$Ch"
"celine.janisson@edu.tbz.ch"|"LBIkjI-0XhfeR-4$pGYK"
"clelia.crow@edu.tbz.ch"|"fX4qxe-WvJJj&-8WB8H3"
"cecile.pyott@edu.tbz.ch"|"#ZyJi3-pOAfPI-mVf%0y"
"ma.fidelus@edu.tbz.ch"|"$gEF8k-BbMwci-jzMmLL"
"marie-helene.poore@edu.tbz.ch"|"XGvWXo-tF@4Y3-gNX4L0"
"elies.blanket@edu.tbz.ch"|"0d0dA%-Sx1bn7-m6s42F"
"yu.boyer@edu.tbz.ch"|"I7RUCg-RSSnYv-Y5Q@br"
"celia.welds@edu.tbz.ch"|"GUh@d0-UewZcs-qlc%ju"
"du.gunney@edu.tbz.ch"|"oxou31-zv6n2u-WZE9V5"
"goerel.crush@edu.tbz.ch"|"u1aHry-WvjcWz-g%APr#"
"marie-josee.brosius@edu.tbz.ch"|"AzXv&Z-9xPmjD-0DbLf5"
"camelia.adds@edu.tbz.ch"|"d2h9xt-XBYrvs-veAHA9"
"anae.irwin@edu.tbz.ch"|"uJi7U$-j6F2yv-7U1fZg"
"cleopatre.skeffington@edu.tbz.ch"|"#4%AFP-lejIyQ-bYUiZ7"
"gerald.suggate@edu.tbz.ch"|"UPkEF8-I$IpZw-cFaGcR"
"laurene.tailour@edu.tbz.ch"|"HhvvvF-RdAJeK-A@@s@Z"
"amelie.hoble@edu.tbz.ch"|"MFua$R-qtUTYN-PLkJ57"
"venus.getch@edu.tbz.ch"|"OC370o-Bf6A4&-w28MUM"
"renee.treby@edu.tbz.ch"|"@3eIZJ-EIMigB-6Ip5cO"
"almerinda.stait@edu.tbz.ch"|"eKiS2o-BsXVqh-9fX9gh"
"andree.reddecliffe@edu.tbz.ch"|"f#y$Zq-BPlsXL-mgBHyj"
"leone.wintle@edu.tbz.ch"|"xolb56-6G&2JH-mwjWoq"
"gerald.fellow@edu.tbz.ch"|"vY3nRJ-$Enczt-P4Mapb"
"ju.gudger@edu.tbz.ch"|"TRihBh-Tv0$hw-Np5Oz0"
"meng.ohaire@edu.tbz.ch"|"wgYHfe-nl&cyO-u1i3oi"
"cleopatre.missington@edu.tbz.ch"|"U1bvbA-9tbhCL-C#yF2c"
"annotes.debruyn@edu.tbz.ch"|"0QA@bS-ZLdGXx-DEUGUm"
"gerald.sinisbury@edu.tbz.ch"|"SY%dvq-hytNf1-c5s0oj"
"creez.slora@edu.tbz.ch"|"mG8wLl-A1NNdf-ZOmOM$"
"gisele.benbow@edu.tbz.ch"|"3k5H#R-lYwp3m-tPz0$1"
"pal.dossit@edu.tbz.ch"|"%LMuZd-Is9rlb-xnfCqU"
"nelie.stirrip@edu.tbz.ch"|"FAEG3m-BV#DFt-AwvbOM"
"alois.ocrigane@edu.tbz.ch"|"t@5d2E-elqel6-&uO8wj"
"kui.mcterry@edu.tbz.ch"|"C3X#yW-y8CI#N-Y&N9RO"
"long.willgoss@edu.tbz.ch"|"JsSX50-Idl77q-Tfv581"
"francoise.sumpner@edu.tbz.ch"|"f8IaBr-Kq0MMp-HwAWAm"
"maely.grinstead@edu.tbz.ch"|"d43W0M-75M0ep-1kNLIM"
"creez.langeren@edu.tbz.ch"|"NDsBN5-5aiyEV-alTTdc"
"adele.dungate@edu.tbz.ch"|"@xcDyt-iNFryx-7IFlVL"
"cleopatre.noirel@edu.tbz.ch"|"$uyJEJ-98QH1z-P7teGS"
"interessant.daverin@edu.tbz.ch"|"7KwUQx-5X8y86-MUiI1U"
"naeva.kalderon@edu.tbz.ch"|"#AYdW$-LPl48m-Gg7qRI"
"anais.oshesnan@edu.tbz.ch"|"@sAJmF-YcMjuL-cP#Ruh"
"judicael.anelay@edu.tbz.ch"|"nzh$W#-5nrqCp-7EnxNF"
"eloise.braxton@edu.tbz.ch"|"0mRd7L-yiFwax-wW5sbO"
"desiree.greguol@edu.tbz.ch"|"p0PamD-f0S60u-foF0YM"
"maite.mcclenaghan@edu.tbz.ch"|"pdxN3g-Giif2W-KXVBCt"
"meng.doret@edu.tbz.ch"|"A3zOhZ-h$r%52-EuZ4hU"
"frederique.chippendale@edu.tbz.ch"|"gdzh6n-lo6J$#-uxLV9J"
"andreanne.lanney@edu.tbz.ch"|"qyXkMw-T@pZWP-aOTzB%"
"aurelie.claus@edu.tbz.ch"|"mBUeeC-c&@&av-V3Mo36"
"renee.pabel@edu.tbz.ch"|"AfEW1H-ahH7NI-InfqnW"
"maena.roust@edu.tbz.ch"|"jaFeQ3-Vlkkek-ZHwRsS"
"nadege.carwithim@edu.tbz.ch"|"@3NE3X-kCeiLx-xxpWej"
"solene.geyton@edu.tbz.ch"|"q#43Jl-0$7w6S-qPtPvn"
"dafnee.avraham@edu.tbz.ch"|"PNGp$B-mS%Pen-61yNY4"
"leane.woolvin@edu.tbz.ch"|"WfQibv-Jgz#37-eedYiq"
"adele.macadie@edu.tbz.ch"|"ONdsIl-qzAOv@-&PTfW$"
"meline.rubica@edu.tbz.ch"|"tLv5Ru-8L&&kw-qZzu24"
"marie-noel.speeding@edu.tbz.ch"|"$zaDwW-6%Bv#2-SDdsh1"
"nelie.mix@edu.tbz.ch"|"KJ2BH1-T#XC3B-slln%Q"
"clea.ollett@edu.tbz.ch"|"gk@8Kx-1BQs8g-8Z$CqR"
"leandre.mcgavin@edu.tbz.ch"|"UpmuW6-pkHqxM-uTODN#"
"cecile.behne@edu.tbz.ch"|"%9NlWa-AKfE6R-dReDYa"
"melanie.polle@edu.tbz.ch"|"ZdzyRb-UH4sVM-gRoP8p"
"marie-josee.titmuss@edu.tbz.ch"|"anVve4-1xp1HJ-2PGfCF"
"helena.guest@edu.tbz.ch"|"P9#lkT-pmCfau-8725QT"
"annotes.chicchetto@edu.tbz.ch"|"EnWa74-nlwrxR-IVIbdl"
"melia.tubb@edu.tbz.ch"|"Gv$3RH-7TBHnp-Z%z4t7"
"angelique.casetti@edu.tbz.ch"|"LQuXQz-M2rN$6-QuLjA$"
"cunegonde.cleall@edu.tbz.ch"|"NPcvl5-IXONnx-A&vpJC"
"camelia.oaker@edu.tbz.ch"|"yM8BSy-jjtj0v-iDCR&#"
"you.searight@edu.tbz.ch"|"$$znSb-Aei66w-qxO72l"
"kevina.dederick@edu.tbz.ch"|"5FyUIK-Su%yTD-C7gOn2"
"milena.jeffrey@edu.tbz.ch"|"d774r1-#0l4tM-S#IA3L"
"melodie.barkshire@edu.tbz.ch"|"OSUcCm-t6luYz-9RW9xO"
"gaelle.kreutzer@edu.tbz.ch"|"QLVv$Z-p0kbzg-rYiwHY"
"kalliste.kleinpeltz@edu.tbz.ch"|"$&XoUV-Mhua$X-h$YCFx"
"clementine.danat@edu.tbz.ch"|"WWXGzX-E%wjUo-Pzxr9c"
"andrea.wabb@edu.tbz.ch"|"zAQbfi-bB7DFw-pGmO2c"
"geraldine.piesold@edu.tbz.ch"|"z1kckK-pzP$Pn-iSOlyF"
"tan.fiveash@edu.tbz.ch"|"Wse0i$-y1mAS&-h31@gr"
"meline.yuranovev@edu.tbz.ch"|"RhHQ3S-lt1&kI-5DrbLz"
"therese.holme@edu.tbz.ch"|"S@mqu1-9pFc6N-b%bGxD"
"salome.vaney@edu.tbz.ch"|"L8l54n-lDScnI-CALcsK"
"anae.abramson@edu.tbz.ch"|"fII%ou-p81idd-cZYL%T"
"kalliste.jimson@edu.tbz.ch"|"3rmIra-GQWSjm-ikMlow"
"selene.yole@edu.tbz.ch"|"SfDTTx-$E87UR-@phRZf"
"agnes.defraine@edu.tbz.ch"|"PiAwT7-VD2ER@-nmZFlu"
"faites.mccluin@edu.tbz.ch"|"&n9p7N-6jt0H3-baOVwL"
"athena.deme@edu.tbz.ch"|"Wkk333-1VhxYF-Z5zeBY"
"daphnee.brigstock@edu.tbz.ch"|"VG0%Sn-PV#JIO-fh3WKw"
"goesta.skaif@edu.tbz.ch"|"9jjnSH-4D2Rth-2OT&G&"
"oceane.jagoe@edu.tbz.ch"|"cSL3bz-R4MN3K-Ux6%GG"
"annotes.broomhall@edu.tbz.ch"|"BL9caQ-5xb3Ab-D86QGy"
"marie-eve.ballendine@edu.tbz.ch"|"6Yd9Uo-G%Pzln-j6bFa#"
"melina.spykings@edu.tbz.ch"|"n33g0D-7nmMdx-q8iiiw"
"laurene.ticehurst@edu.tbz.ch"|"IYI$JL-%PZupM-@I9dmz"
"fei.avramovic@edu.tbz.ch"|"kuPia7-sdRNLY-sGFd5f"
"publicite.strathearn@edu.tbz.ch"|"aK2RRz-n$Zh%q-Ub90Yu"
"torbjoern.garrow@edu.tbz.ch"|"JXAt$J-gWpVTi-X2mWc@"
"chloe.rubinsztein@edu.tbz.ch"|"rDh13$-eTTciw-sykTXE"
"mylene.demanche@edu.tbz.ch"|"6$#$1D-3V3o&i-MYK6%2"
"mediamass.godlonton@edu.tbz.ch"|"EY#4Wd-yOn2A2-KFNqf&"
"renee.shurrocks@edu.tbz.ch"|"mWm0zw-3bdZo@-P&sn@4"
"maiwenn.jedras@edu.tbz.ch"|"T7UQeR-tOR5Kb-Y73pO#"
"genevieve.castells@edu.tbz.ch"|"bXLo5S-4lgmZP-0ap5cI"
"renee.sneden@edu.tbz.ch"|"$eShn&-8ipfyl-Cq1C1T"
"lai.mccallion@edu.tbz.ch"|"uo1kjt-doMxas-J&XpPr"
"kevina.impleton@edu.tbz.ch"|"jVE5OT-tOsxHg-6cyvVc"
"oesten.fresson@edu.tbz.ch"|"2znQ8$-M1PHbw-$TwZb0"
"verane.shawley@edu.tbz.ch"|"QSU6By-eFLORl-tpKIsa"
"uo.sjostrom@edu.tbz.ch"|"$vz&YG-3fEc6P-NTVkz#"
"gisele.gothup@edu.tbz.ch"|"dT#9Jn-dWkE@o-Q&1cxd"
"renee.beauman@edu.tbz.ch"|"jUWtnZ-r3wQIV-YFVv0X"
"elies.loton@edu.tbz.ch"|"O&rUOR-24gnsd-YF2%Qh"
"valerie.elsmore@edu.tbz.ch"|"CQKXag-8ov@2Z-Q10PGs"
"berangere.delafeld@edu.tbz.ch"|"zpe0%a-ddQ45#-eLBkwt"
"bjoern.schimke@edu.tbz.ch"|"BTsqOj-Ct&5Uo-uIxMex"
"loic.ericssen@edu.tbz.ch"|"923t6u-xyTIq2-7XO3hi"
"creez.richarz@edu.tbz.ch"|"xnLACd-tED2f$-rg5I2o"
"athena.grocott@edu.tbz.ch"|"&ZOhVX-xs0t0X-1FtR1i"
"naelle.piotr@edu.tbz.ch"|"&H3O6i-Q$Dy0F-Ax#sF7"
"maella.paulson@edu.tbz.ch"|"gEi$L2-&Tksmj-m8w4fH"
"song.perot@edu.tbz.ch"|"6pXmzc-5k%T6C-T8d@uV"
"kalliste.heckney@edu.tbz.ch"|"NcVAD0-lZsQga-V7d7D4"
"ake.vasyutkin@edu.tbz.ch"|"7n@#zJ-BgKbzB-fPLBd4"
"ma.castles@edu.tbz.ch"|"VOo9$y-ODpEaX-kG7lx#"
"maely.monget@edu.tbz.ch"|"aKf0Q%-p#v8T%-gpgBj7"
"tang.durbridge@edu.tbz.ch"|"3rJ$ZZ-U5s8&D-&ImZVy"
"laurene.andrew@edu.tbz.ch"|"jm8bGA-bcoZy2-23Isvb"
"lysea.beacon@edu.tbz.ch"|"tTz2Lm-tBJjHY-5DiPV0"
"leandre.peyntue@edu.tbz.ch"|"7AUF99-N3nrkv-QUPEvZ"
"rao.trever@edu.tbz.ch"|"iDL$sa-MzG7JW-SFhCgJ"
"mahelie.streader@edu.tbz.ch"|"3TQnNp-w$phj%-YpIgf2"
"maerta.andrejevic@edu.tbz.ch"|"n$$l8T-AIf92b-3q#Hzw"
"goesta.tompkins@edu.tbz.ch"|"2RI%hT-hhHHSQ-H@vmBm"
"helena.agates@edu.tbz.ch"|"&YT@%n-wrsYzP-UYm$QL"
"therese.glass@edu.tbz.ch"|"wZLWhO-SBDDUJ-Dl6eOF"
"alois.foan@edu.tbz.ch"|"tJtlSg-uy@D2t-4hdXg8"
"becassine.melchior@edu.tbz.ch"|"vDETlm-cI3Rmn-9jT%mq"
"cloe.robart@edu.tbz.ch"|"9MCqeZ-cQ4DMY-dgVqDm"
"daniele.puckinghorne@edu.tbz.ch"|"PwduCJ-wLX6G3-CVSkF&"
"selene.cammidge@edu.tbz.ch"|"SlHdyz-Xy5QsK-kHmV$m"
"regine.conochie@edu.tbz.ch"|"ZS@xTR-g49UMb-oe17tB"
"interessant.tuiller@edu.tbz.ch"|"7y#GPJ-fGxQrl-@wMos3"
"long.tiebe@edu.tbz.ch"|"pF1F5%-LRafB%-i#NG%@"
"mans.yele@edu.tbz.ch"|"9dQxBe-puvD%R-QIbbGe"
"ai.giles@edu.tbz.ch"|"ViwaP1-FpXwSe-Yx#uef"
"gaetane.hamberston@edu.tbz.ch"|"9Pl5vR-Jf6jB%-Jl3ntr"
"marylene.fenix@edu.tbz.ch"|"bM5jh&-tVJL$T-3crIcd"
"geraldine.graeme@edu.tbz.ch"|"AuvHbV-qim$hc-DIuIhv"
"tang.kinglake@edu.tbz.ch"|"r@PpOF-E8ytVU-HXAqOw"
"lai.challoner@edu.tbz.ch"|"fCBiMs-IkjHuv-156FzV"
"desiree.mattei@edu.tbz.ch"|"RxOVe9-ZPu&R7-ON#jDj"
"ake.erley@edu.tbz.ch"|"XRyGM7-bF5sRs-JBAMZb"
"edmee.cavil@edu.tbz.ch"|"iaxB5G-zDDawr-c71cTp"
"alois.moyes@edu.tbz.ch"|"$cvs5D-WXfJfP-QQigjQ"
"becassine.pitman@edu.tbz.ch"|"&ZCymB-dw7lEi-h8Vgp$"
"ai.giacovelli@edu.tbz.ch"|"s0h2mJ-xpwqLJ-lWfy2%"
"judicael.fruchter@edu.tbz.ch"|"U80eM&-5nwvEW-i9fNik"
"mans.mogg@edu.tbz.ch"|"$yc2&8-CAziVg-ZxDYH4"
"gerald.foyle@edu.tbz.ch"|"VuVNhs-PU&szl-SHDM$#"
"wa.androletti@edu.tbz.ch"|"UO%Tji-zaOoeE-IEQwVE"
"meng.ollett@edu.tbz.ch"|"r#rUQ3-Hkhcqs-WG5xyB"
"naelle.macmenamy@edu.tbz.ch"|"VaTq8i-eYsSAz-i8k@V5"
"gisele.mcramsey@edu.tbz.ch"|"Uaal#@-4V2xxM-SW7OjC"
"meryl.scolts@edu.tbz.ch"|"Tmd&3r-4uIuCY-deTTUY"
"celia.bloxsome@edu.tbz.ch"|"@7Q8Q@-ZtjpO2-4OuVro"
"styrbjoern.stuke@edu.tbz.ch"|"1slNui-0eLPx2-6$31f6"
"felicie.gwilliam@edu.tbz.ch"|"0pI@7%-Nep5gy-%IBpbH"
"da.harms@edu.tbz.ch"|"YWPhb&-tmEPkt-cOo1Io"
"celestine.baulk@edu.tbz.ch"|"A2aJM&-k$IA9i-O0B25E"
"mahelie.blackledge@edu.tbz.ch"|"%9DhfL-bLZT@R-xzcHOG"
"meghane.salt@edu.tbz.ch"|"V$FTHo-lJhE0L-Niw1qD"
"methode.paxeford@edu.tbz.ch"|"@3Q917-&ALSHx-2g&nSo"
"asloeg.milligan@edu.tbz.ch"|"&Qe7Th-ZeqUdn-gdWjDV"
"you.pellman@edu.tbz.ch"|"&d@8eI-4ogAZ$-pzJkzl"
"loic.regenhardt@edu.tbz.ch"|"FU6IaQ-IwGCVr-T#1mmF"
"daniele.savill@edu.tbz.ch"|"5Ayti6-niCmUj-b8H$AM"
"alois.cornu@edu.tbz.ch"|"D9eNFj-iz#ui$-ydWLJ5"
"oesten.govey@edu.tbz.ch"|"Ksu$9P-5qE9GU-nfi5S4"
"marie-eve.louch@edu.tbz.ch"|"OOCj4T-OUaH#f-C2hjXj"
"theresa.wenn@edu.tbz.ch"|"Mh4R0s-mFsNUh-EI0HYx"
"andree.eul@edu.tbz.ch"|"QgJA@L-lDa8cv-GXUmiF"
"lie.paynton@edu.tbz.ch"|"19DZe#-lg%7nO-Iq1S&k"
"marie-eve.girodier@edu.tbz.ch"|"vfdz@B-lrJHYR-PdyAnV"
"marie-noel.smithe@edu.tbz.ch"|"p&enM7-fIbjSJ-i&vjus"
"men.bootyman@edu.tbz.ch"|"ueImF6-YGVM%P-cYgnQT"
"ku.sugg@edu.tbz.ch"|"iAjAM#-dpcK3H-U#0uRs"
"lucrece.roseman@edu.tbz.ch"|"V7sYAx-Ux#Ejd-JOLeWz"
"zoe.annear@edu.tbz.ch"|"OTeTse-YcviMg-oEe9Ab"
"marie-helene.rennebach@edu.tbz.ch"|"D%RX6g-C%76ZI-Zw70$O"
"lea.djurdjevic@edu.tbz.ch"|"1rQ7QV-CA3Am0-Ss7wqv"
"goerel.robert@edu.tbz.ch"|"B0f4@&-#qwyGx-d8&zfu"
"mylene.foldes@edu.tbz.ch"|"sTkXOO-zfrxsn-4RCdxO"
"faites.clegg@edu.tbz.ch"|"CTGncL-aG@t7F-YG6@RT"
"marylene.crowcher@edu.tbz.ch"|"GhTmd1-PX7oE3-kyycfq"
"aimee.wimpeney@edu.tbz.ch"|"UdxNOl-Z5N@8#-$xFr$v"
"renee.atkins@edu.tbz.ch"|"9f0L40-QQN2Kd-KXUQ7@"
"rejane.cainey@edu.tbz.ch"|"haWiJa-nlati%-3%%XSR"
"solene.britney@edu.tbz.ch"|"NIhhWc-a38Yhm-87J#4U"
"marten.shatliffe@edu.tbz.ch"|"ra8nRf-hXxjkb-Ads1&#"
"maite.issatt@edu.tbz.ch"|"Wogp70-uYk90t-%T2@eY"
"maelyss.edon@edu.tbz.ch"|"I@6sk3-VYnKW%-oeH9XO"
"nuo.bamling@edu.tbz.ch"|"hbdBj&-8xlETN-DIc9l&"
"anais.edards@edu.tbz.ch"|"GFRQxZ-fxGjp3-cppdiS"
"mediamass.bromet@edu.tbz.ch"|"jclTNX-QPtTzd-onnUsu"
"beatrice.kimbrey@edu.tbz.ch"|"o2pf73-%&5WZv-V5lx&B"
"ines.lawranson@edu.tbz.ch"|"5GgsXP-kAKGaM-OOhQ3F"
"kalliste.scandroot@edu.tbz.ch"|"ZncP3N-fxIs11-9SowwX"
"mans.barrowcliffe@edu.tbz.ch"|"eOuARh-jNrG7u-EJp%PU"
"irene.couves@edu.tbz.ch"|"DbEB3N-dnpNXc-i0OthT"
"milena.mucci@edu.tbz.ch"|"C5oCWi-Nb55Y1-$&4gk$"
"naeva.cow@edu.tbz.ch"|"ZNInkn-UvJcpt-NroX6$"
"audreanne.mournian@edu.tbz.ch"|"Nc&6CZ-7X9qUh-KXUWyQ"
"melia.sinnatt@edu.tbz.ch"|"YFszwP-H&&sqJ-QXU$8G"
"nelie.burnard@edu.tbz.ch"|"QaFPky-$mCiLa-56Jh6I"
"clelia.ashfull@edu.tbz.ch"|"p#$A16-uLpVb1-$TSFn%"
"lie.macard@edu.tbz.ch"|"4OivUR-Hr9oSx-jun4vR"
"valerie.matoshin@edu.tbz.ch"|"mq$EDP-QI@d5q-14rmBf"
"anael.hatherleigh@edu.tbz.ch"|"LmVf2u-L5xDY#-yy1hal"
"interessant.warratt@edu.tbz.ch"|"46Od2v-sG#A#c-p0K$v6"
"eleonore.volage@edu.tbz.ch"|"e$o9bM-o%JOFa-EZYTAH"
"zoe.stebbing@edu.tbz.ch"|"Kc%I&d-Jphncj-8Zq6Pj"
"alizee.nye@edu.tbz.ch"|"cgTy8u-a#dm$J-Reu#cw"
"celestine.bramley@edu.tbz.ch"|"$PsQG6-HR@Vcf-wZLXDO"
"selene.philcott@edu.tbz.ch"|"Ek#0A#-Zv1z5t-MUfycj"
"tang.newens@edu.tbz.ch"|"Qt6#s3-ISK&ZS-f&daPB"
"annotes.powys@edu.tbz.ch"|"TjUEu3-sb5Oeo-yjC#Sp"
"lea.matthesius@edu.tbz.ch"|"mZv&wM-WPgedY-f%fTP6"
"illustree.garlett@edu.tbz.ch"|"0ButSx-Gb&Lwm-WBUM$H"
"maiwenn.meachem@edu.tbz.ch"|"OZe5Yv-PkMNWm-iFjhZp"
"marie-francoise.mcbrady@edu.tbz.ch"|"jHfUbC-RSq8g0-SNFOl$"
"illustree.gimbart@edu.tbz.ch"|"B9eFK6-jZYUN0-T%sgI9"
"melys.lyosik@edu.tbz.ch"|"9%rVPs-NqIz8T-o@e4tC"
"marylene.mcnab@edu.tbz.ch"|"ZW9CXG-W&WjXu-2j9yQg"
"gerald.blount@edu.tbz.ch"|"16dQs5-&COhd#-Kx%wrQ"
"clelia.shakelade@edu.tbz.ch"|"&SyC7x-CtRKZg-PCEccT"
"penelope.cridlin@edu.tbz.ch"|"26CCsX-vTOrPN-YRP63n"
"maena.okuddyhy@edu.tbz.ch"|"GBFGDO-PtI8@I-dPkYWY"
"athena.keynd@edu.tbz.ch"|"8z&D9V-P&PqMF-nzH1ao"
"cloe.dwine@edu.tbz.ch"|"ZEB1rL-Nhiwkb-cPLLvT"
"josephine.browett@edu.tbz.ch"|"qdwr9@-C$hWe#-EthiF7"
"audreanne.oscanlon@edu.tbz.ch"|"4Vr%@h-BAXw$l-7ZlYwi"
"fei.jeanequin@edu.tbz.ch"|"F&pUZt-dLWKfJ-WeI%Dq"
"lois.gormally@edu.tbz.ch"|"j%pQvh-IwM40R-&NTlH8"
"marie-francoise.finnigan@edu.tbz.ch"|"t47GC@-h$Yk@G-bk$BCu"
"leonore.trussman@edu.tbz.ch"|"%VgI4U-n1YExg-oi5IRj"
"anaelle.trumper@edu.tbz.ch"|"U3QggL-44i6Mj-fKUKVv"
"clemence.dionis@edu.tbz.ch"|"tQPNA2-fHCPfZ-k5nbd&"
"lois.tranmer@edu.tbz.ch"|"VXBwgp-&jX47s-R$UW1V"
"interessant.volett@edu.tbz.ch"|"6$mOqP-%PBAGO-z$w#M%"
"personnalisee.deackes@edu.tbz.ch"|"okwf3F-3oEq1O-&0FXMP"
"lie.vasiliu@edu.tbz.ch"|"L@UB0F-kz$QBU-YXtuSV"
"dafnee.lamputt@edu.tbz.ch"|"dZdhkM-xBOaUc-2kyRSH"
"elies.bromige@edu.tbz.ch"|"6mM0Xe-0mQ49L-FwhFoI"
"helena.klosser@edu.tbz.ch"|"6N#aC#-cCSg3T-c9xw46"
"andree.grim@edu.tbz.ch"|"7S9zGy-b#UH2m-K5jIaH"
"verane.coldbath@edu.tbz.ch"|"WDWA8X-tP%yeu-LyNXvo"
"helena.bethell@edu.tbz.ch"|"No&dPm-g&FiXF-CMTYAt"
"kalliste.carefull@edu.tbz.ch"|"7jgEac-u2NZWD-28&k$f"
"regine.odams@edu.tbz.ch"|"6lun#4-Cmev1S-DaZkAR"
"len.stannus@edu.tbz.ch"|"W7GFbB-tOlnyY-PU3JCU"
"angelique.works@edu.tbz.ch"|"GubyfF-9hd5w3-oIJ2IC"
"goesta.rheaume@edu.tbz.ch"|"EMaTBv-$nPBjj-O25ytP"
"maelys.tynnan@edu.tbz.ch"|"MfR1ua-LURbgT-#RLfrd"
"maelle.carlesi@edu.tbz.ch"|"mWLXx9-oA7$fv-gnVA8n"
"anael.spurden@edu.tbz.ch"|"W6zJwv-M9G0Lc-sub&Rr"
"helene.pumfrett@edu.tbz.ch"|"lSRoUT-5hiiMn-fT2fPe"
"goerel.pearn@edu.tbz.ch"|"8urv2z-wW1&Nb-S%zI1O"
"laurelie.dezamora@edu.tbz.ch"|"KaQ@kH-igzMjU-hnpIgx"
"yao.twidale@edu.tbz.ch"|"CTZe@P-b4j1BJ-n5Hagh"
"berengere.sola@edu.tbz.ch"|"YHfqde-f05JfY-PTbhd2"
"maelann.hardistry@edu.tbz.ch"|"EwuIo8-qI9ecD-4SaKF4"
"severine.littlefield@edu.tbz.ch"|"BnuL3v-2tErM&-f4YZ3W"
"salome.heinl@edu.tbz.ch"|"tfnK2@-3q6p7t-sMWeSJ"
"meryl.warbey@edu.tbz.ch"|"Q@DO7X-0ue&cq-OR8z&w"
"da.hunstone@edu.tbz.ch"|"BkGm3C-PtGOL1-71FxIV"
"venus.broadbury@edu.tbz.ch"|"WqSqfN-A3LBJg-9bmxC0"
"meghane.rentelll@edu.tbz.ch"|"g6QaFX-Deb3XB-ikFT$F"
"marylene.drewitt@edu.tbz.ch"|"x%ISZB-1W#b4e-D4leZ9"
"melinda.jacquemet@edu.tbz.ch"|"dDRset-bEceD4-W&sjO@"
"marie-josee.keyden@edu.tbz.ch"|"9KCByQ-2iF3xh-#Mt4oE"
"asloeg.montacute@edu.tbz.ch"|"3V5r#F-SBO1c0-wGT5Ir"
"ku.andreou@edu.tbz.ch"|"%n3BBL-xPCYm@-mTDWyH"
"personnalisee.feaveer@edu.tbz.ch"|"W8UP8H-TGxkHZ-Y0TmWW"
"laila.emptage@edu.tbz.ch"|"pEI@Pu-dsPJ@n-er5dEm"
"bjoern.dawdry@edu.tbz.ch"|"J@YobW-TPUM$Y-sg3VMU"
"marie-eve.dinsell@edu.tbz.ch"|"a9%hGn-&shnYN-iMMXtb"
"helene.follett@edu.tbz.ch"|"#O0h#I-uSQb74-GWQFuf"
"penelope.cordero@edu.tbz.ch"|"@O@WTU-9HSIJN-lIxHyZ"
"boerje.beedell@edu.tbz.ch"|"uhTHrs-dtwe6I-9a3yD7"
"nelie.ferne@edu.tbz.ch"|"WiM#5k-kHL5&l-KgNuD&"
"celine.ahmed@edu.tbz.ch"|"pY&9@L-boBWBl-sY4Z8B"
"stevina.pimblett@edu.tbz.ch"|"JVHq&h-p57ExG-jKCM@c"
"chloe.langlands@edu.tbz.ch"|"TVhxRV-aJsZ&f-cjx@je"
"simplifies.maude@edu.tbz.ch"|"#6YA1$-NqYz7X-3jytFJ"
"genevieve.decarteret@edu.tbz.ch"|"#obkNc-G&0Erd-9EPL0U"
"marylene.mughal@edu.tbz.ch"|"g8BQbm-0$FYi0-xJ4er0"
"goeran.guttridge@edu.tbz.ch"|"coOg3V-rdcVT&-qOWYJa"
"michele.smurfitt@edu.tbz.ch"|"#tsmPt-z45aL1-Y9a4aP"
"methode.hadeke@edu.tbz.ch"|"$eu1sN-WGlfBe-%bCprz"
"therese.rispine@edu.tbz.ch"|"n9g$su-l#L@Da-Q#2gfd"
"goerel.plumley@edu.tbz.ch"|"l4mXvU-dHhNsR-Ji7d80"
"oceane.friett@edu.tbz.ch"|"uo@JDh-$TQrIJ-tOEfbN"
"marie-noel.achromov@edu.tbz.ch"|"q1N18A-Wz3@RK-ejWVJk"
"dorothee.storek@edu.tbz.ch"|"FM9fX4-#9g7mS-%6Psn5"
"goesta.whittle@edu.tbz.ch"|"UaGKZA-R%JBhF-QvOfWf"
"desiree.casely@edu.tbz.ch"|"b0@t0p-1NK@l#-kb&xWW"
"felicie.condon@edu.tbz.ch"|"4HIxPv-GOCvM6-TFgonx"
"maelyss.frisdick@edu.tbz.ch"|"G@SO55-%alJa@-plf7%X"
"aimee.banke@edu.tbz.ch"|"P7xAjW-$hEuM4-Zr7i8V"
"naeva.hodcroft@edu.tbz.ch"|"fBH&u%-8QkqvM-nIdh8K"
"laila.gerrans@edu.tbz.ch"|"htxKGM-7Pusb4-V9QrmB"
"daniele.scrimshire@edu.tbz.ch"|"EA5tHD-MmbYJ2-&fzIru"
"daphnee.sheerin@edu.tbz.ch"|"qoTKgX-u&KPIh-z%TUs%"
"pal.vanyukov@edu.tbz.ch"|"6pmB0I-6odQQc-HCcx$G"
"zoe.childs@edu.tbz.ch"|"bac0JI-A#aola-bAcrby"
"ai.corde@edu.tbz.ch"|"mfrK0z-jsjZpz-EPh$hb"
"maelys.berryann@edu.tbz.ch"|"#S5N8R-T@dRxH-i6Bt2U"
"cloe.gladding@edu.tbz.ch"|"Xxbl2T-#QFC4X-xEchT1"
"wa.kinnaird@edu.tbz.ch"|"lfVuZa-mV@Upe-Er&DkW"
"publicite.brittoner@edu.tbz.ch"|"SiliRz-hIvhkG-1kLebA"
"rao.windress@edu.tbz.ch"|"yOBzkM-AmJAr0-F6jF2z"
"uo.kollach@edu.tbz.ch"|"r3ZxrC-a33Htg-etsckI"
"josee.peskett@edu.tbz.ch"|"WGHmuI-pLNzBY-yLiVmP"
"annotee.hasel@edu.tbz.ch"|"t5BPvl-vhTV#w-cyJspg"
"cinema.lee@edu.tbz.ch"|"u6igKq-7swKSj-g6UL9r"
"lai.vedeshkin@edu.tbz.ch"|"A7CL8D-j$Zq9X-avkG$g"
"renee.brisbane@edu.tbz.ch"|"fqaE%P-TsgU@z-%@S94L"
"ophelie.blincoe@edu.tbz.ch"|"P5l3hf-vrxIpx-tBr$qU"
"zhi.prazor@edu.tbz.ch"|"YBg281-GylL3%-l%lX$N"
"annotee.maddicks@edu.tbz.ch"|"x%yzlG-bZRY%s-wUUBjy"
"maelyss.codd@edu.tbz.ch"|"E$PIkb-A2uWXD-1LhHvX"
"celia.peplay@edu.tbz.ch"|"W9Ql&E-jV@u2Y-gKQ#YC"
"interessant.skone@edu.tbz.ch"|"FRk7X6-9QStOD-B@STpc"
"audreanne.hebdon@edu.tbz.ch"|"&lK8HG-$nxbqy-YiWjYq"
"oceane.glen@edu.tbz.ch"|"ahxzV4-%UpYEZ-A6LnZE"
"daniele.vanyushkin@edu.tbz.ch"|"1evtC4-dKZJno-cVIuli"
"daphnee.ayce@edu.tbz.ch"|"w20Bqc-IIUsi6-QMZ2Yq"
"andrea.attride@edu.tbz.ch"|"6lTMV6-Yfx4s$-B3s5Ye"
"penelope.bridgwood@edu.tbz.ch"|"%BC$Wk-eQ0AQk-50oLfg"
"mailis.drewitt@edu.tbz.ch"|"ixnfvn-W&Gy34-%OT@Sb"
"penelope.mollene@edu.tbz.ch"|"XqTuk#-4plyA8-N9dlXg"
"illustree.keely@edu.tbz.ch"|"p#xYa8-#zMZYz-qhg24T"
"meng.brisseau@edu.tbz.ch"|"cqWS7r-awiekH-yRVPO$"
"ruo.cleiment@edu.tbz.ch"|"Bedv#W-8yFMi9-1Pcx&c"
"maite.krammer@edu.tbz.ch"|"4yBSug-l@zWxE-ZwKRPJ"
"genevieve.verry@edu.tbz.ch"|"qN&VzV-w4U#7q-cpo8ip"
"lea.olochan@edu.tbz.ch"|"#eXV#I-vcUbTV-qKGL3S"
"naelle.brunnen@edu.tbz.ch"|"vVwD%M-@yCM0D-mGOcpX"
"goesta.bragginton@edu.tbz.ch"|"0%ZNPc-Do8Qd3-U0VP$$"
"fei.danilyuk@edu.tbz.ch"|"FH#Bi&-HOZ@Kl-5oWjhQ"
"adelie.turbitt@edu.tbz.ch"|"$930yI-O8D#wh-ZVWu6Y"
"marylene.nutman@edu.tbz.ch"|"cYayrG-X1xbjC-DXmff%"
"therese.barbrick@edu.tbz.ch"|"CjtHJm-Tugxy5-VokDLH"
"melys.kolodziej@edu.tbz.ch"|"1SB2$B-K3UgEq-L4L4@j"
"melanie.runchman@edu.tbz.ch"|"N$NIcK-T4OLJl-FnhmPJ"
"serena.lafond@edu.tbz.ch"|"AILtBQ-kzvsfZ-F5Y4U8"
"pelagie.desmond@edu.tbz.ch"|"YWUJpf-ywhWbT-mYCTcf"
"wa.spickett@edu.tbz.ch"|"24rkA&-TZy$II-LSHlzT"
"po.shave@edu.tbz.ch"|"nQ4jne-vEJMmb-1oKJ$e"
"song.huikerby@edu.tbz.ch"|"bQ9G68-Iruy5f-9m5Zkq"
"melinda.bimson@edu.tbz.ch"|"4QUc7c-PBC3rF-7Pp8zv"
"personnalisee.toffanelli@edu.tbz.ch"|"PLwMIH-K@Cw4I-%s%2T1"
"leandre.hurn@edu.tbz.ch"|"jLm47m-oviqX8-buz$t3"
"oesten.standell@edu.tbz.ch"|"h6NEv8-KWqusy-$lJcZH"
"naelle.smaleman@edu.tbz.ch"|"mFZ1Uh-FVoFHR-P&I@XM"
"berenice.tayt@edu.tbz.ch"|"pca&rF-HboySs-62K%uJ"
"kui.popplewell@edu.tbz.ch"|"QaHtyF-u8fSGB-O5o28W"
"melodie.ferandez@edu.tbz.ch"|"MZdeTt-c%016L-rD8jx&"
"josee.negal@edu.tbz.ch"|"YkVM#y-xTPOvT-51dj4P"
"melissandre.ferrelli@edu.tbz.ch"|"Q6UtiO-v8oddS-TdkXzq"
"josephine.kemmer@edu.tbz.ch"|"Nv0HjW-STthRT-yOETW9"
"maely.cayette@edu.tbz.ch"|"l2@kFO-4zJDUt-llh%On"
"nelie.vela@edu.tbz.ch"|"VVxUVz-gW5BSe-tU&Ogk"
"melina.cortes@edu.tbz.ch"|"8g#Gqj-AFKDBX-zLYnqR"
"megane.leyshon@edu.tbz.ch"|"ahEphl-xQxGyj-ZH49Uq"
"regine.harrie@edu.tbz.ch"|"DgKySm-aBTtP1-BL2dM1"
"mylene.widdison@edu.tbz.ch"|"66@EDi-qgWtx&-CSekt1"
"pelagie.vivash@edu.tbz.ch"|"mZnNeh-icuOIS-6GmVXI"
"styrbjoern.vicarey@edu.tbz.ch"|"YcDVTM-#kZI2m-9GlEqD"
"long.kyles@edu.tbz.ch"|"OxJnoZ-BloaY&-sYEBON"
"stephanie.gipps@edu.tbz.ch"|"X2j61D-HsM&DV-UAEmVP"
"clea.constantine@edu.tbz.ch"|"B$TCdq-wFmyuK-Tyx74G"
"maella.cometto@edu.tbz.ch"|"rOAjjQ-vAwCBV-gm#%U7"
"laila.aubrun@edu.tbz.ch"|"Sy$1GF-XT8330-%oaV8z"
"yao.austins@edu.tbz.ch"|"RA9f2G-tC3ZA9-edu@KP"
"mailys.rylstone@edu.tbz.ch"|"GxpyLe-9HODuJ-PU%aNl"
"adelie.curuclis@edu.tbz.ch"|"sJZakb-M6fgfp-Wgqhfz"
"celine.longhurst@edu.tbz.ch"|"L&s3Vt-0BIL9$-6&UWnq"
"gisele.hazell@edu.tbz.ch"|"WN2V4L-Tkah3g-lY##fo"
"celestine.ciccone@edu.tbz.ch"|"z&7XM2-UxkTq1-j8&SPD"
"maelyss.doole@edu.tbz.ch"|"&RvMm8-YRcjVn-Bq3%h%"
"helene.grimsdike@edu.tbz.ch"|"ctc2SL-5N4Ofv-2zbEV7"
"lie.macer@edu.tbz.ch"|"mryoz3-ITqOtc-Tu0yRB"
"maely.izard@edu.tbz.ch"|"CDtUMb-xgO6Rp-CHQFZ1"
"erwei.breewood@edu.tbz.ch"|"JIml&A-w9zaHR-5zdXf&"
"chloe.woolford@edu.tbz.ch"|"L#ezAf-YVuy%G-JRHfbF"
"cleopatre.turpin@edu.tbz.ch"|"XIKkUZ-xJ0PQY-h1GXXb"
"melodie.surgison@edu.tbz.ch"|"ufl30p-M0L&dk-qfb9Y1"
"elies.leander@edu.tbz.ch"|"asXHAf-xmrry2-XURtv9"
"mediamass.reignould@edu.tbz.ch"|"vT%w7q-m@R64S-uA3oGs"
"celestine.wasmuth@edu.tbz.ch"|"dYzlN1-oxgqn@-pzbIjd"
"marten.jervis@edu.tbz.ch"|"O9T3QE-mOv7s%-53$koR"
"daphnee.bour@edu.tbz.ch"|"#AHqvt-Gwcd6I-r8WLRv"
"regine.harlett@edu.tbz.ch"|"RA5oRf-GnqAfF-xGvepC"
"noemie.macaskie@edu.tbz.ch"|"Sc@pBm-7xFQAn-aRLQi1"
"loic.renfield@edu.tbz.ch"|"srYfbY-lDoOac-mN%xL&"
"venus.kleinert@edu.tbz.ch"|"NK9moD-1lZZXf-rvy%#q"
"marten.burlay@edu.tbz.ch"|"d@RjB9-hJ7bu&-wq2vpa"
"berengere.radsdale@edu.tbz.ch"|"nCcTEG-dA&xyf-##AUaq"
"genevieve.duckit@edu.tbz.ch"|"AJ6hMD-mC97IL-z9ytXI"
"maely.ligerton@edu.tbz.ch"|"0WshMT-xtqT6w-nsO@q9"
"maeline.ricciardelli@edu.tbz.ch"|"70X3qS-Tp9Hiy-cZ8JZc"
"personnalisee.yggo@edu.tbz.ch"|"9GsIG2-Uj1LdP-CfNxvf"
"alizee.pettinger@edu.tbz.ch"|"bpZozU-%19NV&-tXjHa#"
"desiree.curnnokk@edu.tbz.ch"|"w72%s&-%MkJM1-lG4MLx"
"dorothee.minors@edu.tbz.ch"|"YVd$dp-rihy8h-UYL1ZU"
"oceanne.kopmann@edu.tbz.ch"|"xTcVxN-3Sb&#i-HKCTKg"
"almerinda.brodbin@edu.tbz.ch"|"9K&hF#-7bUPRh-Gl62XR"
"yenora.carsberg@edu.tbz.ch"|"5DK73D-ZQH0SY-mQfoVl"
"wa.beetles@edu.tbz.ch"|"E4&Jlh-IE%4WB-vtTBpa"
"audreanne.abbot@edu.tbz.ch"|"T3#LZo-ujV3q@-aU5qM@"
"noemie.capper@edu.tbz.ch"|"$s$dte-%EdO8p-AQ7a8S"
"mans.abramamov@edu.tbz.ch"|"LUe0Bw-0Gwb@n-Y$KRVK"
"audreanne.blakey@edu.tbz.ch"|"HnwQby-w1il47-l#c9NG"
"leone.klimpke@edu.tbz.ch"|"67t225-iE@O5P-SOi&Zh"
"lie.croston@edu.tbz.ch"|"4l5p@Z-CA91ex-5OsLrg"
"anaelle.baistow@edu.tbz.ch"|"@nPOxP-F2ETzj-K3MEji"
"michele.garwood@edu.tbz.ch"|"#UBq0U-wm$nJx-b%gU$x"
"interessant.albion@edu.tbz.ch"|"MRx9DV-GTqFSi-ZEOm0W"
"andre.brisco@edu.tbz.ch"|"3&Nxz5-2b9WhU-5oiN&E"
"tang.totterdill@edu.tbz.ch"|"lEZQx%-gE1KOw-5&Xxog"
"marie-josee.braundt@edu.tbz.ch"|"TqX&5g-sZI8F$-TQkWZK"
"lois.galer@edu.tbz.ch"|"cj03mX-oyuIx6-@iueRe"
"faites.pellamonuten@edu.tbz.ch"|"ZKo8tW-zvDt8%-RkWJSM"
"mai.barfford@edu.tbz.ch"|"wqvgKT-rHbc$m-%9DJ1%"
"laurene.macilory@edu.tbz.ch"|"McR1BN-XtBnYa-YU2Zge"
"elea.peak@edu.tbz.ch"|"m6LmBm-PRAvr0-6g3EbW"
"rejane.doni@edu.tbz.ch"|"eSnDji-jcT67V-@j7pu9"
"mahelie.ector@edu.tbz.ch"|"9a6@IQ-L54f%w-zYQzL0"
"rachele.allum@edu.tbz.ch"|"YA8zbX-UF9VIN-Isrhzb"
"laila.gerretsen@edu.tbz.ch"|"obXzOL-K0zFHC-#@nlh8"
"ines.bowman@edu.tbz.ch"|"ISLo6q-VEgH2g-QpUt3@"
"publicite.barbary@edu.tbz.ch"|"TyDHeE-MZH3u5-DFA0zH"
"mailys.smooth@edu.tbz.ch"|"sxc6NQ-Cvv$kI-jiU6yq"
"mailis.huguenet@edu.tbz.ch"|"cnaOqV-QYIZx4-6tO84W"
"lea.ewer@edu.tbz.ch"|"UMD&sL-AsQd%u-&tzRkg"
