"mail"|"password"
"melodie.vandervlies@edu.tbz.ch"|"VrA8dl-2B@VYC-Wt%h5A"
"angele.edgecumbe@edu.tbz.ch"|"RHXauR-Wpuccc-R9VeXv"
"zhi.andreasson@edu.tbz.ch"|"2MAXRv-TgnifK-WjoMT4"
"judicael.koppeck@edu.tbz.ch"|"8vwJkx-o#Jzab-F9cfZl"
"berengere.capron@edu.tbz.ch"|"f0KWef-7XnuNH-LFeN%p"
"leonie.brosini@edu.tbz.ch"|"lPCNPp-G6SQZc-V2OEz3"
"venus.garfit@edu.tbz.ch"|"C@jKO@-xb@BW2-HfKknz"
"melina.janota@edu.tbz.ch"|"OxjQ7C-YugcsG-b9jH5A"
"laurene.bake@edu.tbz.ch"|"Na6W91-zFoxeO-YcY2Zo"
"regine.dorkins@edu.tbz.ch"|"6c7yyz-QQD%jc-DC#SE&"
"cecile.moffet@edu.tbz.ch"|"Q2EbYB-sTuG7J-3%cXoL"
"maelann.labrone@edu.tbz.ch"|"N789ep-jkBcoN-aA#zY&"
"melinda.newbold@edu.tbz.ch"|"wJf%&o-tZlVx4-tlsb4s"
"mans.itzhak@edu.tbz.ch"|"2WKpkj-N@oiUE-FlCtEk"
"melodie.pattlel@edu.tbz.ch"|"ytD4xD-2U$iBY-aT3DTZ"
"celine.bonett@edu.tbz.ch"|"tXx@as-b&#&$r-@8iWd3"
"adelie.mcgreal@edu.tbz.ch"|"mDuygT-hc%Zz5-IPTmXg"
"helene.soldan@edu.tbz.ch"|"bTiYL7-5RrpMJ-I6plWp"
"michele.cluer@edu.tbz.ch"|"vwL@Xn-dyzsqK-oY3k0#"
"maeline.mueller@edu.tbz.ch"|"Il$mzb-8%gggQ-W8PKlh"
"maelann.benedito@edu.tbz.ch"|"HEWi$e-ePouS5-MJpE$1"
"nuo.gransden@edu.tbz.ch"|"tBXvVh-WraENv-vAw984"
"berengere.stainton@edu.tbz.ch"|"yfRgJH-lUJ0pp-%g$@$a"
"wa.sabater@edu.tbz.ch"|"NM%Sfd-CJScc4-Cb%8@H"
"anais.cochran@edu.tbz.ch"|"g%qztF-EkDAJy-ugo%W3"
"gerald.bessant@edu.tbz.ch"|"93fIJ@-@IK0Qb-#%I@A5"
"ruo.coffin@edu.tbz.ch"|"$3oiqv-iVmVAw-aRNB@p"
"melodie.mustill@edu.tbz.ch"|"$Icodl-bO4vNt-SQkNk4"
"ruo.stanesby@edu.tbz.ch"|"kkUl1E-o%UZVk-rrwH7h"
"noemie.antognelli@edu.tbz.ch"|"QMCcFN-$@0PRT-0Csd8M"
"maelann.hughson@edu.tbz.ch"|"Dg1lI4-%sfuoH-M%vTRm"
"milena.mieville@edu.tbz.ch"|"JdLX%T-Cv%qaa-qot13U"
"mailys.chamberlin@edu.tbz.ch"|"q8y%$#-md1iL5-%07Ep6"
"nadege.tomalin@edu.tbz.ch"|"RGf&Tm-Pa#1IV-E0nUi$"
"oceane.omara@edu.tbz.ch"|"a7aoH$-AiIi7T-vFdEAA"
"cecile.aguirrezabala@edu.tbz.ch"|"xwnHal-4nS90n-aEUlkg"
"maella.gwillim@edu.tbz.ch"|"DqWMfN-iS@$@n-R1OHm4"
"lea.mcgahey@edu.tbz.ch"|"Wlva5r-pV2t9t-DcoB#W"
"laurene.hagerty@edu.tbz.ch"|"acnewj-b&66mw-JXM2tQ"
"dorothee.link@edu.tbz.ch"|"nG0H6S-fm%$Qr-W1OQaQ"
"clementine.kynsey@edu.tbz.ch"|"$kwWE9-xd8ITG-enXKEd"
"lorene.smitherman@edu.tbz.ch"|"NiSjo3-6aRhCm-6UFZFI"
"cleopatre.klulicek@edu.tbz.ch"|"7j#qOO-3PI$mH-HjoU9m"
"laurene.castaneda@edu.tbz.ch"|"AC#SGD-1v1&%T-uDgSG9"
"melia.constant@edu.tbz.ch"|"CQ7db6-1ycoEG-u9A7#5"
"lucrece.clunie@edu.tbz.ch"|"4cpm9J-7wYWHE-Qbw87A"
"eleonore.mcmurthy@edu.tbz.ch"|"BCudp8-SpdTbs-hw50sy"
"melia.bevar@edu.tbz.ch"|"kjeAKY-Lp0E%B-DTquyY"
"camelia.bontine@edu.tbz.ch"|"Ippy$H-Q$R@pL-xK#gSR"
"methode.jozefczak@edu.tbz.ch"|"AqXQBG-F0Vwws-KwczW6"
"audreanne.hinsche@edu.tbz.ch"|"ioLv0Z-sM7Af9-blLcHm"
"andree.varne@edu.tbz.ch"|"n2WMct-P58RPW-Zez2pT"
"marten.kinleyside@edu.tbz.ch"|"G3sg0f-ArUpE6-Yhy%oL"
"esteve.mcewan@edu.tbz.ch"|"$K8y0z-ADqddy-fS9#M@"
"leane.dibbert@edu.tbz.ch"|"qQIAes-qc9&H1-OM%#5u"
"ma.thewlis@edu.tbz.ch"|"JLNO0V-1U2awU-15ZqGg"
"clea.djurkovic@edu.tbz.ch"|"$7yK12-DAXk7C-lZvu$9"
"rachele.reburn@edu.tbz.ch"|"&RHR$P-5keIHA-eKuhbt"
"gerald.gowling@edu.tbz.ch"|"AFw9RF-@ny6mT-51oRjx"
"cleopatre.jackson@edu.tbz.ch"|"SHHyhc-iU1$zS-i95ry$"
"desiree.haskins@edu.tbz.ch"|"DdLfA1-Xiyspr-3jNjv9"
"eleonore.longson@edu.tbz.ch"|"b@E62e-29yhRN-VBd8PM"
"leane.dybell@edu.tbz.ch"|"WBF@48-f@X8l@-vq7FFM"
"becassine.grzesiak@edu.tbz.ch"|"j#K#Y&-dsMiUo-nRkbX4"
"marie-josee.pickin@edu.tbz.ch"|"npCF4D-1CIkud-O8lqSC"
"marie-josee.roxby@edu.tbz.ch"|"lF3qJ3-AbzUgw-E4$g%C"
"leonie.feenan@edu.tbz.ch"|"RJ%e3t-mzphRo-Q%ziAZ"
"valerie.ellum@edu.tbz.ch"|"N5BiSr-GhApZy-XYmvrY"
"ju.caseri@edu.tbz.ch"|"92tD9u-YkZx5p-OxMU1u"
"boerje.strangman@edu.tbz.ch"|"fpHd6a-HR#xpp-vlsGX6"
"beatrice.ghidelli@edu.tbz.ch"|"jpuluJ-1QLBnL-rsu4UH"
"da.jablonski@edu.tbz.ch"|"Nx%iS%-Jv8be$-ntE7xL"
"uo.beveridge@edu.tbz.ch"|"wLD7#K-vMNWck-fktrQ1"
"valerie.bestman@edu.tbz.ch"|"ZSqPAJ-7iFgsF-E2JbWs"
"marlene.pohls@edu.tbz.ch"|"fcS3hS-CbcwUe-Lf#@4i"
"ma.nolda@edu.tbz.ch"|"@LXU89-96LZ%T-iWWPP2"
"marlene.bisiker@edu.tbz.ch"|"hr3Dd8-JUwHnv-hPOhnX"
"estee.babon@edu.tbz.ch"|"j@dtlA-3XrrZv-Cn4pp0"
"simplifies.dmisek@edu.tbz.ch"|"pmF8um-n1kYr@-kVybqT"
"selene.ganing@edu.tbz.ch"|"@hgBzx-I1HQ22-mfNXSj"
"meryl.penke@edu.tbz.ch"|"XgtIX0-iQ3kwS-YQCEV%"
"anais.rawcliff@edu.tbz.ch"|"f8rjXZ-86tB85-sOhu1R"
"melina.andri@edu.tbz.ch"|"uUh%No-CS2fim-t70aR1"
"audreanne.fodden@edu.tbz.ch"|"Um4fL6-niLXrE-E1nqWg"
"bjoern.spellesy@edu.tbz.ch"|"EEI0R6-0m$95D-Dc%kv%"
"francoise.summerscales@edu.tbz.ch"|"LaGUog-JVt75P-U%@Ka3"
"laurene.ashtonhurst@edu.tbz.ch"|"7H1BnK-&pqWK0-aG9pF1"
"valerie.petters@edu.tbz.ch"|"sI%1ru-D$$BK@-0Ep8f0"
"anael.spenclay@edu.tbz.ch"|"89ZvyY-RYwOI@-UUY#gx"
"stephanie.keech@edu.tbz.ch"|"jbt$F4-aOkr8p-wZoROT"
"ines.deveril@edu.tbz.ch"|"Kr&ffD-Vf%jE8-MLmAfh"
"berenice.gelder@edu.tbz.ch"|"Z&JhWk-nq7mT8-tBI0sv"
"melanie.ofogerty@edu.tbz.ch"|"7d58&H-9Hnxvt-SF$@Vz"
"frederique.canepe@edu.tbz.ch"|"oLaQJz-JFeEJL-R6epaf"
"nuo.otton@edu.tbz.ch"|"kcP$UF-@kArn9-tDoIlJ"
"genevieve.trusler@edu.tbz.ch"|"TH&&4X-Am&zQf-CfP0Wh"
"ju.boag@edu.tbz.ch"|"M&wix$-TuueS1-aVRwuK"
"josephine.dilucia@edu.tbz.ch"|"m6eifb-E72po5-2vAC8Y"
"laurene.armsden@edu.tbz.ch"|"wHc1MG-4XfHNK-5vdyOL"
"becassine.griffe@edu.tbz.ch"|"6UafZ1-LUTcs8-GeBDpM"
"alois.parres@edu.tbz.ch"|"k0OUjj-jepVpU-9Yie0l"
"cleopatre.gaffey@edu.tbz.ch"|"$1Wi8n-QZ9sBC-HDa0yA"
"andre.stiger@edu.tbz.ch"|"hJoZ3e-wzGJt7-X547So"
"beatrice.godleman@edu.tbz.ch"|"8vv#QH-2%1R99-jOdoP6"
"hakan.harrhy@edu.tbz.ch"|"LyKTNb-qLWOzu-gW3Qed"
"celestine.dagnan@edu.tbz.ch"|"b4RnrL-afBTRC-L13toK"
"clemence.haggart@edu.tbz.ch"|"PYs8%o-fnO2kd-hby9F@"
"long.caban@edu.tbz.ch"|"qvLWpU-&4N1Mx-DPg$y7"
"gaetane.grimble@edu.tbz.ch"|"$kaxXa-yHbAH0-cDOctG"
"maelann.piwall@edu.tbz.ch"|"futcui-daxdCo-zR@uzj"
"magdalene.loble@edu.tbz.ch"|"LVK#LS-1R%1$C-81hfXJ"
"veronique.domaschke@edu.tbz.ch"|"LUtMwS-80UMVj-zkV5EP"
"clea.herity@edu.tbz.ch"|"R9@YG2-L1asu#-Zo5a9A"
"maelann.bambrough@edu.tbz.ch"|"W%XMvg-#mNv1D-6ljkFS"
"clea.goulstone@edu.tbz.ch"|"cx2SRp-p$HwV0-4CnQik"
"renee.deleek@edu.tbz.ch"|"NMMmLa-#iXD%6-$68O$l"
"boerje.rudderham@edu.tbz.ch"|"rZlZ1w-dODifq-lqR9I3"
"marylene.broune@edu.tbz.ch"|"nL3bSM-$@c6ls-q3ftTa"
"nadege.mccuish@edu.tbz.ch"|"#fzkfr-byc%kg-UhJoH%"
"anael.littleover@edu.tbz.ch"|"9vpX%2-c8$K#z-s2MZb#"
"lie.baume@edu.tbz.ch"|"2fHZ$I-$butT0-ra&%Va"
"maella.murrow@edu.tbz.ch"|"4WZqqy-aYWUt2-#eHBbs"
"cleopatre.pettifor@edu.tbz.ch"|"tp94hX-Do8A7l-CEr1jt"
"geraldine.asker@edu.tbz.ch"|"yH0jQx-sE7E7m-hgz#EV"
"gaetane.smedmore@edu.tbz.ch"|"BT4ZVf-mtY670-ubmWUL"
"meryl.blencoe@edu.tbz.ch"|"4GTJL8-4dO5Hj-JnmZZL"
"aurelie.chastaing@edu.tbz.ch"|"BlIsbG-v02myO-aXDPDA"
"oceanne.marthen@edu.tbz.ch"|"Q%kKIL-bmzxs1-FABMlM"
"dorothee.burrill@edu.tbz.ch"|"BQVDSh-%Hhoq#-c3ZS4e"
"hakan.belden@edu.tbz.ch"|"Yh9pfq-bo4jrX-MyCU0J"
"celine.brunning@edu.tbz.ch"|"@FZ5YJ-nvYTjr-ifxB#8"
"anael.lapides@edu.tbz.ch"|"y2uipN-SnMiUF-#Oua6r"
"ruo.saffran@edu.tbz.ch"|"xFFLzo-LM19C@-U4p8KW"
"loic.gerretsen@edu.tbz.ch"|"jKM03d-DJfaMc-8hdj3j"
"rui.fitzer@edu.tbz.ch"|"m##h9l-@O9Nh#-Ci5@&L"
"annotee.ogers@edu.tbz.ch"|"TVyw2Z-m1keTK-xbds4h"
"boerje.bindin@edu.tbz.ch"|"8p1zWw-fTM3gy-B3pSLf"
"ma.cronchey@edu.tbz.ch"|"k68S9#-ld&B3e-NZ3l0#"
"laurelie.baiyle@edu.tbz.ch"|"QjGhsn-dyp1NV-J&agWW"
"dorothee.older@edu.tbz.ch"|"hSxnHX-5TGBMc-NUHDkL"
"laurena.wile@edu.tbz.ch"|"iEw8HI-dTW68&-pAZK1d"
"clemence.brito@edu.tbz.ch"|"9s16WT-IjnzkH-uCyjgO"
"nadege.dallin@edu.tbz.ch"|"6OmfR4-d&wMh4-9VAimI"
"mailis.matley@edu.tbz.ch"|"4ZHXJ9-a%q9yM-i2b9SW"
"daniele.screaton@edu.tbz.ch"|"ATnt7I-%MKrO6-&PpQ18"
"mediamass.godly@edu.tbz.ch"|"g1%jPn-5k3#Im-exfl3J"
"leone.kremer@edu.tbz.ch"|"Og4tX&-So6YHt-pNOPEY"
"asa.adrian@edu.tbz.ch"|"dcwS%W-uVbjPZ-p6BXif"
"adele.doley@edu.tbz.ch"|"udUxLL-kX#$To-q1PPc0"
"fei.sidney@edu.tbz.ch"|"FfZLwF-2bQEOn-q5mNk1"
"marie-josee.walisiak@edu.tbz.ch"|"CNO$OT-ehI#ME-2ppERC"
"desiree.diplock@edu.tbz.ch"|"sd12OT-EMubn6-yzguap"
"gisele.schust@edu.tbz.ch"|"7ThpRI-FRx9oW-Gu0M2l"
"ma.longshaw@edu.tbz.ch"|"tQd6AC-oIxrxH-Upmbhx"
"da.boother@edu.tbz.ch"|"VIN5Lc-pyZR4z-0ovpjH"
"simplifies.chaudhry@edu.tbz.ch"|"T%0W0d-WL6Yt#-Fw1iT9"
"garcon.baniard@edu.tbz.ch"|"3hLCJl-pPSmu8-NqVw2J"
"gaetane.elphee@edu.tbz.ch"|"F@eTFo-$Qq0k8-TRd20j"
"gisele.hassey@edu.tbz.ch"|"Znpsa7-NiZjPt-6rqwFz"
"oceanne.booley@edu.tbz.ch"|"$LJcEq-gXfoxk-vb#wR1"
"oerjan.dibden@edu.tbz.ch"|"a6xrvD-V7WM6n-I52uMm"
"regine.ocleary@edu.tbz.ch"|"0vCtY2-P$hR#%-i&fanv"
"selene.persse@edu.tbz.ch"|"b8g#$f-cJoBqy-$p8yMV"
"helena.adenot@edu.tbz.ch"|"yrB8Lt-5FVo3H-SciEt2"
"maelann.wassung@edu.tbz.ch"|"czUk6v-dA5p6%-8JZFZV"
"frederique.ackermann@edu.tbz.ch"|"6$E8&k-XEyJZP-VEV3us"
"audreanne.kahen@edu.tbz.ch"|"aL%%To-I6blDY-O%WWWo"
"maiwenn.lasty@edu.tbz.ch"|"Yen@%0-MF%YUm-%WGviS"
"yu.dictus@edu.tbz.ch"|"aCrFLy-Mqxbam-yFj%EQ"
"anae.dukes@edu.tbz.ch"|"uf2@ov-UfLunZ-tdNWNC"
"yenora.warr@edu.tbz.ch"|"VCu4TM-wrfKgz-3&qOA&"
"esbjoern.archibold@edu.tbz.ch"|"q8NA#T-i3LTZ7-$K#F9T"
"milena.pardal@edu.tbz.ch"|"kgm4%D-eYQv@D-XIXfkg"
"celestine.graveston@edu.tbz.ch"|"7PiQVP-PfDhDS-qAu#Nk"
"maena.dallas@edu.tbz.ch"|"MywRzI-R9zrhz-jTxHPO"
"andree.tuke@edu.tbz.ch"|"Ou36W6-JRJJ6r-O&S%bU"
"methode.seldner@edu.tbz.ch"|"PAnbO2-ZXT#LA-THO90o"
"venus.bullas@edu.tbz.ch"|"hrQv8G-0hrXjE-kckebC"
"mans.aguirrezabal@edu.tbz.ch"|"OEkLhO-rb93#x-KC$KwK"
"gaelle.eadington@edu.tbz.ch"|"&uemd&-sWmqfd-4HveY4"
"anaelle.falkner@edu.tbz.ch"|"qZZSQ8-t7zK5V-t@O1Dt"
"ophelie.height@edu.tbz.ch"|"2gxc&N-UkPCte-kLGJ9Y"
"marten.bolding@edu.tbz.ch"|"2@Z9hm-eqS0mQ-HfiLmS"
"pelagie.guswell@edu.tbz.ch"|"xUYVA6-oGpjFC-QEcMMM"
"gwenaelle.lecount@edu.tbz.ch"|"dEt3kD-Mm@QlF-9IBOYN"
"hakan.laden@edu.tbz.ch"|"bocYVS-1ANqA6-Zuxd@Y"
"marie-josee.hylands@edu.tbz.ch"|"hTOAQw-MlzDo8-d8SD8N"
"zoe.kingshott@edu.tbz.ch"|"2FlKJv-e9qLu1-$C4DLF"
"josee.janous@edu.tbz.ch"|"g39KzS-@NjG4b-gXL97w"
"laurene.gallally@edu.tbz.ch"|"MYNcEX-4sYrRf-rSLB$A"
"anael.bickle@edu.tbz.ch"|"UKNaCk-Y3Mnq9-sQ9RV9"
"mediamass.lebbern@edu.tbz.ch"|"KjRU&d-45Q9ip-dzG$xq"
"berengere.hovy@edu.tbz.ch"|"HvlVrF-T#lP%X-467cUJ"
"oerjan.kilmurray@edu.tbz.ch"|"VhmNG#-TOI0KZ-phU1y1"
"asloeg.venny@edu.tbz.ch"|"6o@kKn-y82b6U-84RSc4"
"marie-noel.stoad@edu.tbz.ch"|"FDYVwW-Y86mvb-YE4%RR"
"hakan.pettifor@edu.tbz.ch"|"VRXonw-9LQf0s-ZL$JjP"
"maella.willgrass@edu.tbz.ch"|"%sQx$X-wADnfR-NTzqCP"
"therese.ludovici@edu.tbz.ch"|"YYOdw#-UFvdis-cD@t8V"
"stephanie.trewhitt@edu.tbz.ch"|"Ci&R8c-1m5e4C-0ZWg0H"
"maerta.bauduccio@edu.tbz.ch"|"9bZY$F-c1MDil-vvX4V4"
"gaetane.glaisner@edu.tbz.ch"|"WoZ6vx-c6FxG1-god5iB"
"naeva.pargeter@edu.tbz.ch"|"XITxAL-d64pzo-PT@cxU"
"salome.venable@edu.tbz.ch"|"%2HuOc-GZw6qx-Pnfndm"
"boerje.thickett@edu.tbz.ch"|"4gVBjV-5WUkuU-jDKYyO"
"lucrece.prendergrass@edu.tbz.ch"|"eqlLbV-PkyaE9-3THng5"
"laurene.ockleshaw@edu.tbz.ch"|"QP9n46-kPWiqm-K3HYBW"
"cecilia.pasticznyk@edu.tbz.ch"|"R%Jw$P-6edvqB-@a0q2S"
"stevina.mackey@edu.tbz.ch"|"5yQke3-#CtOcC-G2uWFN"
"marie-noel.reven@edu.tbz.ch"|"aPnm1Z-LZGQ1A-73OWVx"
"melina.quilkin@edu.tbz.ch"|"injbul-zqaNYq-e&sYZT"
"marie-noel.ferrie@edu.tbz.ch"|"Ci7$0I-CM#z2w-i#TAos"
"leone.alphege@edu.tbz.ch"|"OtVDX@-YwPJ9f-G@Itv3"
"zoe.leverson@edu.tbz.ch"|"u@N3uw-eFk4I7-5qliz%"
"annotes.grayne@edu.tbz.ch"|"uuxBsn-Y&3Ix5-t%OW3s"
"faites.lalley@edu.tbz.ch"|"yqHrvR-8y2Kn3-7XGGE2"
"adele.wallis@edu.tbz.ch"|"q6gOEp-wB6l4P-GLkbqg"
"severine.madill@edu.tbz.ch"|"K#rQhb-9Ky0yH-woQeh%"
"valerie.tebb@edu.tbz.ch"|"Zdgnwl-luofOg-rg2kFW"
"kalliste.rasper@edu.tbz.ch"|"E1oiEn-efnrdN-TefDnZ"
"audreanne.palomba@edu.tbz.ch"|"#QgtIP-mGJo7H-Jr8H%5"
"elea.adamik@edu.tbz.ch"|"%dIuZ3-$iq@2z-Dxmq1j"
"reserves.jakuszewski@edu.tbz.ch"|"5LgA1o-n9gK#t-cqKi7o"
"athena.belhomme@edu.tbz.ch"|"9u$vAp-J%e46h-5VQS#S"
"rebecca.crippin@edu.tbz.ch"|"cjCh$#-gnQe&i-tPfUGl"
"maiwenn.curman@edu.tbz.ch"|"oaQ5f8-IkM03#-@v203S"
"andree.bunner@edu.tbz.ch"|"##mMXB-I7@lQs-g$SQ5Q"
"ruo.winckles@edu.tbz.ch"|"3t2ksd-5FHRFl-$u3vD0"
"naeva.buntine@edu.tbz.ch"|"iWGrkZ-iIHzTO-H4QwQX"
"boerje.dollard@edu.tbz.ch"|"EUj144-@p&vXV-b2Hi&X"
"penelope.gorman@edu.tbz.ch"|"UfMTv8-S%ypBi-@zfTyp"
"alois.robelin@edu.tbz.ch"|"2rGXJN-PtW2&9-nFgmCY"
"anaelle.tindle@edu.tbz.ch"|"h4g&di-vI8V&P-2$7qab"
"ye.frears@edu.tbz.ch"|"6#nV%5-x7qYSk-1UdaDV"
"andree.ovid@edu.tbz.ch"|"5lqyuv-ao4r5P-bJ#adv"
"hakan.peat@edu.tbz.ch"|"nZmYB5-BjX1l&-anDkxW"
"andre.januszewski@edu.tbz.ch"|"TjMm7H-ohJ1id-%dalJC"
"annotes.clemmett@edu.tbz.ch"|"RqQ@$e-YRaamD-bJig&Y"
"pal.lambswood@edu.tbz.ch"|"vS8Lm&-9puWIg-F17uJs"
"yao.lenton@edu.tbz.ch"|"iSO&A%-@h4cio-HrUFQ0"
"hakan.boyton@edu.tbz.ch"|"LU1GCY-SlVruK-r8&UDt"
"nelie.forsey@edu.tbz.ch"|"%@6iEE-0Kd6sb-Ffl8k%"
"hakan.horche@edu.tbz.ch"|"1vBHJ$-#ECIPs-fu6NSQ"
"lorene.sinkings@edu.tbz.ch"|"SfKnGq-Y@hdn2-apFAle"
"marie-therese.creddon@edu.tbz.ch"|"5xlfQg-r%@c&h-XVNZ$6"
"berenice.tolworthy@edu.tbz.ch"|"TulirN-Md6Kvi-woCn7P"
"theresa.land@edu.tbz.ch"|"g$4Ti%-n00Pgh-&ZUXlU"
"marie-therese.gianilli@edu.tbz.ch"|"lLKNTb-GOAGlG-DGrOAB"
"meryl.glew@edu.tbz.ch"|"s%PzwE-5&W%sx-YFEcpD"
"adele.debling@edu.tbz.ch"|"sQSL#0-RUk2TH-2tCefA"
"anae.metzke@edu.tbz.ch"|"cx&WCJ-U4ZH@8-@j&Id6"
"gaetane.gooden@edu.tbz.ch"|"oOzUOF-LPA1BY-2$LLK&"
"laila.bootland@edu.tbz.ch"|"kU0g@T-Trh4eC-BdR1$X"
"maite.helsdon@edu.tbz.ch"|"4av#yb-wo3tiB-VPOywz"
"andree.malley@edu.tbz.ch"|"Ing1fI-3s@Ji0-vnqcVe"
"pal.simmens@edu.tbz.ch"|"tm#URh-q2dndG-5iOj4L"
"maelys.nuccitelli@edu.tbz.ch"|"yQ782x-Oq@wT8-ioQV3Q"
"dafnee.sibary@edu.tbz.ch"|"BzTsmb-$Us6C&-f2RqUQ"
"alois.harsnep@edu.tbz.ch"|"fHvMU7-kFLNWa-bbI5Z2"
"marie-helene.lacky@edu.tbz.ch"|"FL3w9A-QwAnwy-&dtQeQ"
"mylene.youthed@edu.tbz.ch"|"NduzsT-Ul%fdq-uDI0P5"
"marie-helene.dehmel@edu.tbz.ch"|"Ht7lGs-mDvzyq-%H@EYL"
"angele.batman@edu.tbz.ch"|"gPxcqd-syogvu-RcaCW9"
"melia.younghusband@edu.tbz.ch"|"upkl3U-YfjCNJ-84P2XX"
"eloise.baldi@edu.tbz.ch"|"MqxpD$-8h4$8q-Dwq%7u"
"illustree.dun@edu.tbz.ch"|"XtQIxH-hWjbXH-f#@&%c"
"genevieve.late@edu.tbz.ch"|"$anT&Y-flAiYo-9#jiTJ"
"celestine.colville@edu.tbz.ch"|"Y2XoUy-tzyaPo-FMaTio"
"gwenaelle.scarlon@edu.tbz.ch"|"sA&hXY-Q3WOiH-333qBa"
"regine.boddie@edu.tbz.ch"|"6Sogdi-pUNT8#-1NQbGx"
"creez.gaughan@edu.tbz.ch"|"QoVW2R-B3csNe-trmxwQ"
"gaia.longford@edu.tbz.ch"|"FbtHNj-tMud$6-p4RADz"
"mailis.buckby@edu.tbz.ch"|"W%GIgD-eQQSTY-nUrNB%"
"song.parbrook@edu.tbz.ch"|"8G1tTb-@p@Mky-IDnnAW"
"frederique.heddan@edu.tbz.ch"|"Q6CiEa-sFT$aB-gA6Sma"
"ake.kirtlan@edu.tbz.ch"|"EfRQ%@-5lqPxl-DGDaMF"
"nelie.runciman@edu.tbz.ch"|"4JPF1@-FTnhzB-9onj0p"
"mailis.cardnell@edu.tbz.ch"|"wnCfdo-fcex$i-YX0zxw"
"irene.navarro@edu.tbz.ch"|"wiss0y-hLWkzY-PnGAqu"
"maite.cough@edu.tbz.ch"|"xGkcNe-KAbI5#-lxV7wI"
"anaelle.stocky@edu.tbz.ch"|"Cn@fhC-G5wFN&-rO@Z5U"
"methode.moulder@edu.tbz.ch"|"AVy%7J-5u7P4#-Dx%JQT"
"po.stafford@edu.tbz.ch"|"m2p7BT-yyuVOp-p%MY4P"
"faites.scraggs@edu.tbz.ch"|"RKWRv&-V9B$6%-4d#fRM"
"adelaide.dullard@edu.tbz.ch"|"8rn2R6-zgCL&C-vuzRQi"
"desiree.leonard@edu.tbz.ch"|"66jCvZ-M2O2fg-gAQ5M3"
"geraldine.badgers@edu.tbz.ch"|"k%Je&1-IMA03W-DZtPDP"
"ruo.masic@edu.tbz.ch"|"qT3fDM-RFPq8D-$UmcqB"
"aurelie.lieber@edu.tbz.ch"|"yyTzvK-2w$Ejk-xn#$hx"
"naelle.balcock@edu.tbz.ch"|"sOiOnU-F1Ot8I-#Cf1La"
"camelia.elger@edu.tbz.ch"|"jm9$ep-ETyRdu-qtVi1y"
"publicite.oakeshott@edu.tbz.ch"|"XVnuoO-lom%Qy-lYkY1P"
"cleopatre.fawley@edu.tbz.ch"|"b0G6A$-7x6B&V-wIQhh8"
"laurene.bruckmann@edu.tbz.ch"|"p4yAnK-fBw3fj-MK&JTV"
"rui.haughton@edu.tbz.ch"|"nOH@PN-jeb@oZ-$GpyGO"
"asa.ladewig@edu.tbz.ch"|"5aRW%n-KbvODJ-sqtaL#"
"gisele.janecek@edu.tbz.ch"|"9FGnZA-tq6LkX-JSgmJ&"
"maily.loveridge@edu.tbz.ch"|"iKJ9US-KDWuBk-m6hcI9"
"marie-eve.yurkiewicz@edu.tbz.ch"|"H%Psjb-@pNt9i-RF&NSn"
"fei.roder@edu.tbz.ch"|"b6v7Lk-J0XFYO-zzfp9$"
"edmee.chatburn@edu.tbz.ch"|"Zt1$ju-p@S$Vo-2C8Fg6"
"geraldine.darke@edu.tbz.ch"|"Bb805n-6d8Y7k-qyxprr"
"ye.jira@edu.tbz.ch"|"4pqFHI-WpMKoa-WURNP%"
"publicite.persent@edu.tbz.ch"|"vm9@Ic-DdaYWH-FOHKrW"
"severine.wilcox@edu.tbz.ch"|"vpMDT%-A@eR3C-DX8Ulg"
"yao.mcclaren@edu.tbz.ch"|"IRZERe-i#FxBt-2&encz"
"theresa.foynes@edu.tbz.ch"|"qjr@U@-pqpPYM-e0DaOG"
"stephanie.isley@edu.tbz.ch"|"%&n14F-hB6L3@-KYxz35"
"torbjoern.growy@edu.tbz.ch"|"5e#4u8-9W#MoC-olRjqv"
"eloise.tunnadine@edu.tbz.ch"|"&k8&3e-ahNkKi-pm%$Ly"
"maeline.cossentine@edu.tbz.ch"|"Sm@r@j-Rp%1Z0-hIDP7r"
"nelie.desantos@edu.tbz.ch"|"guZamV-X@$SVS-nsBwm$"
"gaetane.axston@edu.tbz.ch"|"2v3Rro-58R9@P-iFZb$p"
"aimee.merman@edu.tbz.ch"|"Pv7MEc-x75aHB-4RuTF2"
"oerjan.drivers@edu.tbz.ch"|"Izun2%-t$VgZ%-swB1xZ"
"aimee.miroy@edu.tbz.ch"|"$3tKvO-S%UsrD-OoFGGt"
"nelie.glyde@edu.tbz.ch"|"B@QCQw-bOykDC-e5UtXZ"
"hakan.kapelhof@edu.tbz.ch"|"WuCgJU-aEA#ux-HZ68pU"
"maelyss.cauley@edu.tbz.ch"|"HHm@a4-SgGmr%-wOi1u%"
"elea.vaggs@edu.tbz.ch"|"iUSGLX-y$v71n-bUpyx0"
"maelys.but@edu.tbz.ch"|"uRFdk8-&L&Lf$-V2c&Jg"
"maella.arthurs@edu.tbz.ch"|"fLPBXY-X&aKNx-#4mwWt"
"adele.liebrecht@edu.tbz.ch"|"M#&2nB-bGaCO7-cWrq%H"
"meline.lomasny@edu.tbz.ch"|"k@frvG-#VwBT%-fMlNr1"
"mediamass.schwant@edu.tbz.ch"|"#EXhiN-wtqBVC-VxQI4b"
"leone.saunt@edu.tbz.ch"|"T2ozTr-lpUbyo-1Y$8Nm"
"annotes.gouch@edu.tbz.ch"|"W@nvR5-Y#sobJ-2Ir39r"
"gaetane.bowich@edu.tbz.ch"|"hhtFaQ-qR2BnE-L9pKz5"
"alizee.strelitzki@edu.tbz.ch"|"EsC6SH-7%Eue0-fxOxIv"
"leone.poile@edu.tbz.ch"|"j8QhMf-67&pb@-HbFIRO"
"amelie.saban@edu.tbz.ch"|"nQit@5-2tME8C-QGVr3d"
"marten.mcmenamin@edu.tbz.ch"|"ibyxyy-le7CTE-FhcgLW"
"becassine.keets@edu.tbz.ch"|"atmfAx-zbXt$4-PEQqkv"
"celine.million@edu.tbz.ch"|"eS&51a-pSHk2x-tC%g8Q"
"geraldine.belitz@edu.tbz.ch"|"6YfNgE-@RBfcQ-f7rqEE"
"salome.mardling@edu.tbz.ch"|"FapEcC-qwf2gC-0MVoBD"
"melia.blakemore@edu.tbz.ch"|"oYDhwy-cvjAWq-2L%5OL"
"dafnee.mcaulay@edu.tbz.ch"|"lKPOmJ-k8QYBm-RBbOn5"
"garcon.dennett@edu.tbz.ch"|"KRFwGf-wbQ94L-%LX9i0"
"interessant.lesor@edu.tbz.ch"|"JeEBgt-w5OQm8-G$SD#2"
"annotee.wasbrough@edu.tbz.ch"|"VzRJKQ-&OYsl2-vtaqyi"
"asa.ibbeson@edu.tbz.ch"|"oTKgcj-Ro&oHk-DJpP9h"
"maily.kennealy@edu.tbz.ch"|"ZW0ioD-IW36y0-RH3g2y"
"ye.seares@edu.tbz.ch"|"iD50F5-2y$7VZ-hJCea4"
"athena.harbron@edu.tbz.ch"|"3P@PCQ-fcz@ej-o#%#5T"
"andreanne.portail@edu.tbz.ch"|"iizqSY-47Z%Sf-B4ktBT"
"goeran.zannelli@edu.tbz.ch"|"aEBwL&-onND3m-%7r&dl"
"gerald.leathlay@edu.tbz.ch"|"toWa2V-7XYXNy-xPg50Z"
"andreanne.chown@edu.tbz.ch"|"JTVeZE-R9yW43-L63CCt"
"esteve.clementel@edu.tbz.ch"|"rB9oex-i@PcFF-5T2afP"
"leone.legan@edu.tbz.ch"|"YHxdiI-nc7SmV-eV7@HK"
"maena.pownall@edu.tbz.ch"|"k%dVUL-Yo$raU-YTwSwk"
"andree.rettie@edu.tbz.ch"|"ClpKx@-JVon8g-VXEKP0"
"ines.kenwrick@edu.tbz.ch"|"boyHgV-C@ksMF-BedZGi"
"marie-helene.yarnall@edu.tbz.ch"|"dL&tRM-QfnkUy-VxGegP"
"po.martin@edu.tbz.ch"|"lntneu-U#fGe2-bSdcr#"
"ruo.celiz@edu.tbz.ch"|"MmY&7C-weuYvn-wa6$Cg"
"po.bissett@edu.tbz.ch"|"vO$DZd-V7xMY1-Eip879"
"du.swindon@edu.tbz.ch"|"fLDnuF-BbMCMg-pPV0w9"
"interessant.gouldthorp@edu.tbz.ch"|"wP3cRU-TcGRSz-Q$eSfa"
"leandre.lilburn@edu.tbz.ch"|"Fz#ebT-tzUiRI-&Pb4qx"
"bjoern.whales@edu.tbz.ch"|"s%2i5A-waie2a-k3J$%z"
"interessant.dieton@edu.tbz.ch"|"X#Zjal-G1ZOJf-eaf&Bf"
"celestine.redhills@edu.tbz.ch"|"#a&I4M-d@qsLC-2KhSxH"
"tan.yakovlev@edu.tbz.ch"|"kcWxSq-1K4&ZH-7zfOxX"
"regine.mcdowell@edu.tbz.ch"|"gFpcxs-%0TXHG-L&VN59"
"ju.coysh@edu.tbz.ch"|"Pxju0$-gFF%Yz-noibEp"
"reserves.ofallon@edu.tbz.ch"|"#@saAM-kcumXn-pStMxI"
"frederique.sobey@edu.tbz.ch"|"k8h#ka-sBiOwu-q5P$uD"
"marie-eve.garstang@edu.tbz.ch"|"aCbkZr-11azl8-ey7yUs"
"andre.tapin@edu.tbz.ch"|"eTlWpK-2eZCP6-9k#wfJ"
"esbjoern.eynon@edu.tbz.ch"|"l0UQ9#-U53YP3-hn5ZK5"
"maella.duffy@edu.tbz.ch"|"&xdmWc-$Uvnlj-svDXrh"
"leandre.twinning@edu.tbz.ch"|"rXYAvr-AQ7uwT-bOVw70"
"mai.whittingham@edu.tbz.ch"|"od4aES-sPPIyU-23rpz4"
"rachele.shevelin@edu.tbz.ch"|"B5K%FN-qrgtB&-$NxbEi"
"cecile.mcure@edu.tbz.ch"|"zlXxIH-k04SC7-Vnsiz5"
"marie-eve.yurkevich@edu.tbz.ch"|"huRqFF-2fosl1-e&cFh7"
"almerinda.paice@edu.tbz.ch"|"oYbHsf-Vr1PYA-1rGJzl"
"rao.howkins@edu.tbz.ch"|"v%zeqN-4PZrEu-kOdGwe"
"serena.pack@edu.tbz.ch"|"S&#&Jb-X1ip&7-ywSRkb"
"rebecca.mant@edu.tbz.ch"|"RZxIYN-yE7@@k-CrOaTx"
"reserves.spitell@edu.tbz.ch"|"kSx9q6-jXI$t&-xDpe1U"
"garcon.hamfleet@edu.tbz.ch"|"5VO%6m-c5j%iT-pl#R&4"
"methode.kerkham@edu.tbz.ch"|"kcn4tO-a1QLgX-L#UgEJ"
"pelagie.camies@edu.tbz.ch"|"j3Rzm#-F&D@W@-1xSsO#"
"josephine.macpharlain@edu.tbz.ch"|"UJXL#P-whNQcj-cr$dE7"
"eugenie.mathet@edu.tbz.ch"|"UG$Zah-cYnwo&-LVy7p1"
"gaetane.brangan@edu.tbz.ch"|"F%$WYB-Is7Jkl-DDLrGT"
"michele.dewbury@edu.tbz.ch"|"NwUtlX-lkg2DT-u$Mlol"
"eugenie.elcott@edu.tbz.ch"|"cbuEf%-nOO$MJ-bke7O$"
"megane.harniman@edu.tbz.ch"|"97qaDA-xLjzD#-tJp$UN"
"agnes.cluney@edu.tbz.ch"|"T0L@Bd-LBWNAM-RXkZhj"
"marie-helene.angear@edu.tbz.ch"|"4fo7yR-d46@a0-ch8rJk"
"melia.dolphin@edu.tbz.ch"|"RqC@BN-66W8s0-CrRrOz"
"lois.ruseworth@edu.tbz.ch"|"4rNSqn-2#SRhA-mlFPIJ"
"mailys.ryding@edu.tbz.ch"|"OfES$g-ZvAGuI-I83kQi"
"rachele.wulfinger@edu.tbz.ch"|"p7Jqcr-djP4$T-IBaWcC"
"gwenaelle.talton@edu.tbz.ch"|"CLCI7T-&V1wan-LW6UW6"
"long.ronchetti@edu.tbz.ch"|"4TUxlW-%3LQqO-u83QbY"
"styrbjoern.kloska@edu.tbz.ch"|"t3&SVO-%mhbM$-1vKF7M"
"len.sudran@edu.tbz.ch"|"fAGMdQ-UJ49bW-LLMlpj"
"maelle.andrysek@edu.tbz.ch"|"0982I#-e2KaJm-tKDDDC"
"selene.senior@edu.tbz.ch"|"ooaIxB-IB5RpP-LrGIqc"
"anais.joskovitch@edu.tbz.ch"|"nY2zpm-jLefRS-QN90eS"
"marie-noel.dally@edu.tbz.ch"|"1Sw3%y-Ps4K0P-EBVA&I"
"marie-helene.laurence@edu.tbz.ch"|"Lz5lQp-ei5wiQ-K9SqSw"
"camelia.foxon@edu.tbz.ch"|"$Fs4u6-Gsj%ZA-qEYC52"
"helene.cankett@edu.tbz.ch"|"ayzkab-lCkIO9-ydHu9d"
"marten.mitchelson@edu.tbz.ch"|"%qRINR-C%O7$x-QXLIIH"
"helena.stirtle@edu.tbz.ch"|"4qCTXN-vVmWkb-rl9wzC"
"leane.barmby@edu.tbz.ch"|"NUJNnJ-zDKaj3-%fEtcd"
"goeran.ofinan@edu.tbz.ch"|"HKvPpH-S3tTiq-8fwKK@"
"styrbjoern.proby@edu.tbz.ch"|"$Yy89j-XeL$&E-llw6Xl"
"zoe.halse@edu.tbz.ch"|"mPq6CH-9bvNWo-rvu#Po"
"kui.drable@edu.tbz.ch"|"hVly@Z-myNshf-3ZE7MV"
"desiree.bamford@edu.tbz.ch"|"kAijct-OZzxJk-JMtoB4"
"zoe.suller@edu.tbz.ch"|"e1ORtW-0vfl$Q-vvehs5"
"marylene.audiss@edu.tbz.ch"|"LSwSPp-JSfdte-Ju#JN$"
"adelaide.poznanski@edu.tbz.ch"|"N0qSS9-W315AU-IEPGai"
"maella.coleyshaw@edu.tbz.ch"|"&Nus9a-uEV@sP-hoMc6t"
"marie-francoise.gelder@edu.tbz.ch"|"40ud7K-Ii2j1E-SQMtax"
"eleonore.chaffyn@edu.tbz.ch"|"fdFMP9-KMyLdN-1NPSVe"
"celestine.sikorsky@edu.tbz.ch"|"hsJJhz-Ah0pVZ-pE5w3Q"
"stevina.londsdale@edu.tbz.ch"|"g#eO9X-51Sym$-BStEJ@"
"maiwenn.nevitt@edu.tbz.ch"|"uqrBvk-rd8eVs-9cTVAS"
"magdalene.gerrey@edu.tbz.ch"|"TU#8Vf-@A4DC5-HaRWgY"
"becassine.latimer@edu.tbz.ch"|"EnQ0i8-lh#c$t-%OlUgv"
"da.lethibridge@edu.tbz.ch"|"U0qqzf-ZqS0NP-XuI9Ll"
"mailys.claige@edu.tbz.ch"|"Tk#QBH-u$fHwx-2CAmx4"
"maena.torbard@edu.tbz.ch"|"@y5wbR-ho@g6u-admYXu"
"solene.lyvon@edu.tbz.ch"|"f3IilR-tsYGAe-@if2io"
"marie-therese.benbrick@edu.tbz.ch"|"x@a@E2-SihQUQ-QsyQ5V"
"gerald.edmonson@edu.tbz.ch"|"1yEFcv-pxUxgS-KTnakn"
"ake.messruther@edu.tbz.ch"|"OMUZ0D-DXO#u0-iDDAe%"
"men.gosneye@edu.tbz.ch"|"9EHvJh-Dd5H&&-H6qtzl"
"anais.jefferys@edu.tbz.ch"|"2xXTVW-Srp96V-TZseSS"
"publicite.tregale@edu.tbz.ch"|"QA2k9x-4Kj6EA-ySGv0f"
"maily.santorini@edu.tbz.ch"|"gBdHUv-$5ikZr-fq8qF6"
"ines.pioch@edu.tbz.ch"|"WkEwbc-kCXFb5-Eb8Apo"
"noemie.marklew@edu.tbz.ch"|"0QIe13-RP4nUm-3pv3YH"
"meghane.maccaffrey@edu.tbz.ch"|"C4njez-4A38zp-RJZWg%"
"berangere.ambrogio@edu.tbz.ch"|"FRO7Pb-GsgrIH-klKeck"
"mediamass.ryce@edu.tbz.ch"|"&o&GgS-Rm1wvC-8ilUSI"
"oesten.ubank@edu.tbz.ch"|"Pxti0I-c5wqZ#-yW9ObI"
"melina.mackee@edu.tbz.ch"|"pR8Rnf-z%Cw53-HZJD1h"
"theresa.livezey@edu.tbz.ch"|"ZqTzlQ-rtYxlX-wKKZFv"
"clemence.weal@edu.tbz.ch"|"cy5f&z-gn@zDW-O#w%xH"
"faites.overton@edu.tbz.ch"|"Q&W6ti-hlIJy9-c4QaOd"
"clea.lindblad@edu.tbz.ch"|"l7aJsq-cv1QLi-SihPhM"
"josephine.roseaman@edu.tbz.ch"|"fQ8MUL-XaMqHP-vEGE5m"
"oesten.lowbridge@edu.tbz.ch"|"nnAfDc-Oz$QQx-@mmFl8"
"marie-josee.brion@edu.tbz.ch"|"Vv5ip5-2Ao#@c-G&gtky"
"therese.basili@edu.tbz.ch"|"smrEiC-uGBcWl-gCmG9G"
"melia.vertigan@edu.tbz.ch"|"xXBbZP-gKAEZ9-MDaL09"
"judicael.saull@edu.tbz.ch"|"BgVOFn-HDNWte-@0ozW$"
"selene.valentine@edu.tbz.ch"|"bIVWeS-AG0LSd-lfhUZO"
"verane.dunlap@edu.tbz.ch"|"Nv%1#X-%Lt1vJ-z2SiZY"
"meline.kinnear@edu.tbz.ch"|"o0i@jN-H6nD%f-w#V7u4"
"lei.luttgert@edu.tbz.ch"|"yXfZin-lpVBQ3-#JY9u7"
"styrbjoern.lathleiffure@edu.tbz.ch"|"&8Z2QF-1zExKn-FO3XtX"
"marlene.blasi@edu.tbz.ch"|"rMQdXM-ILJsQ0-&F0VRz"
"mai.begwell@edu.tbz.ch"|"Nj5GUV-K5y3fZ-eLm&av"
"gwenaelle.kaines@edu.tbz.ch"|"V9&Ht4-w#$Wrn-usoV2D"
"gerald.adamthwaite@edu.tbz.ch"|"49j9#c-xNjGMR-Vei3op"
"kui.hartfield@edu.tbz.ch"|"okwCVC-XioZ6b-2XjODh"
"salome.currao@edu.tbz.ch"|"ia1RHI-aZGOwc-OfDI8u"
"angelique.tixier@edu.tbz.ch"|"jQdfHN-JITqV&-HtV4xI"
"ju.mcgragh@edu.tbz.ch"|"0heoGy-#jGw4G-zhPERm"
"dafnee.beachem@edu.tbz.ch"|"b5NgKL-NfpYnY-h6aBmF"
"creez.terlinden@edu.tbz.ch"|"Vw$Yir-Xd3HqP-r6W5yI"
"uo.mcskeagan@edu.tbz.ch"|"$5h6xa-P6yj%3-I0SiIh"
"edmee.mccaughren@edu.tbz.ch"|"lx%ewG-zpoC0o-4INImi"
"asloeg.cozby@edu.tbz.ch"|"4As0@b-w18vnG-KiKIKK"
"melodie.traite@edu.tbz.ch"|"tNNrpN-VV9PyZ-2T7yTu"
"dorothee.aindriu@edu.tbz.ch"|"KJEDH8-GcaBH4-ch2vJN"
"daniele.doley@edu.tbz.ch"|"ym5GQZ-nsEYg4-xK3KoT"
"mediamass.fairclough@edu.tbz.ch"|"jlt4fu-nDoW&#-qvgVX5"
"lorene.rainforth@edu.tbz.ch"|"D0binq-m%zOHM-4rxu4W"
"leonore.eyer@edu.tbz.ch"|"E3%xi%-gtjYyG-8l053v"
"po.spillman@edu.tbz.ch"|"okVpEx-T1%iIj-eh&%NN"
"cecilia.plitz@edu.tbz.ch"|"a1QPKs-&D5fma-xlZuic"
"lorene.ludlow@edu.tbz.ch"|"pXghFm-G6al%p-Z2aOc8"
"berangere.neligan@edu.tbz.ch"|"0ql05B-MyOALd-P%yB7E"
"simplifies.huggan@edu.tbz.ch"|"twYRXd-30@xrP-E#W3xw"
"clelia.prandy@edu.tbz.ch"|"jujMJI-YggjG2-rV5x%@"
"ake.osban@edu.tbz.ch"|"@NfLP4-WcjvJa-mckSSB"
"cunegonde.brunn@edu.tbz.ch"|"z1CZeW-LlxQA5-GKTIIy"
"long.grizard@edu.tbz.ch"|"5nibgH-AN$6C7-h@exv6"
"meghane.diss@edu.tbz.ch"|"$rFP59-S#ouCI-hFO12A"
"therese.oldman@edu.tbz.ch"|"9dcaW&-JxPLux-CQwk1&"
"boerje.scamerdine@edu.tbz.ch"|"BI&HI8-SdV2hd-SH0I9P"
"du.saban@edu.tbz.ch"|"XN2rlm-P202kF-%S34J2"
"hakan.clynmans@edu.tbz.ch"|"YY1vp9-x89xl2-W6QT#r"
"wa.macdowal@edu.tbz.ch"|"rpirXW-YjbpSu-R1CMH#"
"venus.hatrey@edu.tbz.ch"|"Adw@tr-59h6Ov-7WHcJI"
"anaelle.vispo@edu.tbz.ch"|"Y1POXi-sXsnVa-gqn&ad"
"mahelie.ollcott@edu.tbz.ch"|"D#Jc69-n45q2C-YlaXYs"
"mediamass.whyman@edu.tbz.ch"|"dSY@W2-CPykWy-nB5nS0"
"esbjoern.basson@edu.tbz.ch"|"KB6cgJ-Rj7YKi-bI7QlT"
"andrea.morrill@edu.tbz.ch"|"gPLt9#-EmYm@o-Uhy&xT"
"melys.grassi@edu.tbz.ch"|"JVHhRe-xHO9UZ-0kuS$u"
"leone.poleye@edu.tbz.ch"|"9c7G&Q-GfPH1D-7J59%c"
"francoise.penny@edu.tbz.ch"|"MuWfou-$eN5VL-%V3Pg8"
"rebecca.edney@edu.tbz.ch"|"xRHw6K-1N2AsI-KoMWST"
"adelaide.murtagh@edu.tbz.ch"|"nv4SqF-TR5F79-MHuFke"
"stevina.winterbourne@edu.tbz.ch"|"RaW7JD-JyBXpL-gItErp"
"ma.cottom@edu.tbz.ch"|"8NAz8D-v#UtLy-gfP@qo"
"tan.harold@edu.tbz.ch"|"v52#79-h4oSgG-Vl@1fk"
"venus.forte@edu.tbz.ch"|"p@1tAS-sC786W-KxunsH"
"almerinda.oluney@edu.tbz.ch"|"%lnVGO-OxXV8y-BQYV1W"
"cleopatre.brehault@edu.tbz.ch"|"GwrctM-Y@rBH@-4LupMe"
"interessant.lapides@edu.tbz.ch"|"XHw1As-JkSj5j-4#GaA%"
"reserves.hallatt@edu.tbz.ch"|"d4mWSe-NiRpp#-Hvb0jg"
"annotes.birdwhistle@edu.tbz.ch"|"yOKBgH-9zu6E%-QcjW7O"
"ai.dredge@edu.tbz.ch"|"Y1KVxK-sZxe3V-3n46w5"
"megane.mussard@edu.tbz.ch"|"C25n7F-@xiFml-i3Db5w"
"esbjoern.gowrich@edu.tbz.ch"|"MD#6M5-qDWlrx-yp2g#C"
"boerje.brislawn@edu.tbz.ch"|"SoJ3Bk-jOJKwi-gIAmtQ"
"becassine.wilce@edu.tbz.ch"|"#wKuzy-3C#vh&-JmyC5Y"
"personnalisee.oels@edu.tbz.ch"|"$i6h0x-%%pAko-jzJj8e"
"verane.pett@edu.tbz.ch"|"a#yaF#-%FN%63-Fahz@%"
"marylene.glewe@edu.tbz.ch"|"xZn&da-fH3MWg-TtyfZc"
"lai.elson@edu.tbz.ch"|"&xDY$v-wtuabV-sP1806"
"serena.difranceschi@edu.tbz.ch"|"Qral1r-Xj9z%c-LFcdCZ"
"lie.espinel@edu.tbz.ch"|"xh38VR-CnUO5N-e0L$@#"
"marylene.fantini@edu.tbz.ch"|"PkCxm%-zUSYNE-65h#Mt"
"andre.archdeckne@edu.tbz.ch"|"Si1tLW-6Ir23J-WR6m#%"
"goeran.bohlingolsen@edu.tbz.ch"|"%8bi27-FC6EZd-uhSbQE"
"cunegonde.heffer@edu.tbz.ch"|"PFyJ0L-%U6Pt5-#4pr2%"
"tan.fechnie@edu.tbz.ch"|"F9oV4a-zg8W3g-Ndvjn8"
"marie-noel.brammar@edu.tbz.ch"|"Y2D3JQ-41jI0J-L94Zx7"
"simplifies.aven@edu.tbz.ch"|"wVfHq4-OkF#B5-UvGInI"
"melys.pinchen@edu.tbz.ch"|"%ips8g-4b#6tQ-&4Of2J"
"edmee.joyner@edu.tbz.ch"|"#pdD1S-@kagz3-q5uoYV"
"berengere.edess@edu.tbz.ch"|"6#z2Sx-HNz4u$-WnFUwT"
"marie-noel.goward@edu.tbz.ch"|"8p@I#x-8TGV4e-xA7E6v"
"ju.edmons@edu.tbz.ch"|"50ayd8-m0F%rn-7a0Jc3"
"frederique.airds@edu.tbz.ch"|"FM6NnK-EYEYp7-A@q6jD"
"reserves.dauby@edu.tbz.ch"|"0Plr75-kdWMy0-pUzJNV"
"hakan.gynni@edu.tbz.ch"|"#l815I-KBXuya-N3SHo6"
"leonore.pinwill@edu.tbz.ch"|"IurxB5-WKDbom-d$0K5n"
"marie-eve.mcallan@edu.tbz.ch"|"aziz5F-UzfydM-EEV9qy"
"naelle.yeabsley@edu.tbz.ch"|"HAA9BE-zK8j1O-4g&8BA"
"nelie.jacobovitz@edu.tbz.ch"|"ZlFX4p-4e87p6-PlUUBr"
"adele.conelly@edu.tbz.ch"|"yO5Vc3-u5%HzZ-mJDxLC"
"clementine.dondon@edu.tbz.ch"|"QKc4$w-BeloUK-wXbEaZ"
"zhi.willcot@edu.tbz.ch"|"UeJl5o-L2Yiko-3bORS$"
"chloe.janicki@edu.tbz.ch"|"oT@GX4-IjQIDK-ilg#LP"
"meng.linde@edu.tbz.ch"|"dWnc%2-Fn2KCx-DegQgm"
"celine.janisson@edu.tbz.ch"|"yhHPxk-qOZC5Z-5IhzgZ"
"clelia.crow@edu.tbz.ch"|"gn@#20-gWXcna-EcxH%W"
"cecile.pyott@edu.tbz.ch"|"tBmYko-&ljVyy-aLsQPi"
"ma.fidelus@edu.tbz.ch"|"##VH9E-qYAHtp-g#fJRJ"
"marie-helene.poore@edu.tbz.ch"|"0ThtVi-3C1aPG-PRvY6j"
"elies.blanket@edu.tbz.ch"|"wJ#ckq-dE4Gj2-tjiMtg"
"yu.boyer@edu.tbz.ch"|"F4qP$w-#LGkLS-7Ce5ws"
"celia.welds@edu.tbz.ch"|"1ecz5x-5VWGDy-4DIMMH"
"du.gunney@edu.tbz.ch"|"LYU5dH-F2Ip%A-n@B$rQ"
"goerel.crush@edu.tbz.ch"|"6tSoef-fC9mCW-%4aCji"
"marie-josee.brosius@edu.tbz.ch"|"AV4uOw-PvOabP-T2KnNO"
"camelia.adds@edu.tbz.ch"|"TmTLpo-$ap7pQ-Bpj4Tp"
"anae.irwin@edu.tbz.ch"|"q4mVpj-US6fUn-#sT5i&"
"cleopatre.skeffington@edu.tbz.ch"|"OIS8TY-5DQMyF-JUf74q"
"gerald.suggate@edu.tbz.ch"|"7C7a%D-CNITzJ-YzyUAm"
"laurene.tailour@edu.tbz.ch"|"Jz#jwZ-nhDDyn-PYA5pA"
"amelie.hoble@edu.tbz.ch"|"BX4AFf-80%x0j-QH&R6X"
"venus.getch@edu.tbz.ch"|"1&PJny-r&VjRC-ExRM&6"
"renee.treby@edu.tbz.ch"|"Fu6#KW-DcLN6G-XrmKPv"
"almerinda.stait@edu.tbz.ch"|"$KUmNN-NQf59f-ZcjePC"
"andree.reddecliffe@edu.tbz.ch"|"kYtSXL-$#nte6-#x#@kv"
"leone.wintle@edu.tbz.ch"|"A58$ln-pfxn$N-ENvc$B"
"gerald.fellow@edu.tbz.ch"|"1XIkMw-HyWXmu-LK3NTb"
"ju.gudger@edu.tbz.ch"|"0dPWD6-J7naXi-aBS#W6"
"meng.ohaire@edu.tbz.ch"|"igIi@S-xYaWk3-2HdQSF"
"cleopatre.missington@edu.tbz.ch"|"ScuuOm-f0&De6-G&G5jP"
"annotes.debruyn@edu.tbz.ch"|"0V6IBD-fB%Z2e-5ikW3O"
"gerald.sinisbury@edu.tbz.ch"|"8wrVr0-du9BQA-1MC7Z9"
"creez.slora@edu.tbz.ch"|"E3SEYK-fpPjgk-y4Os1k"
"gisele.benbow@edu.tbz.ch"|"z7ULTj-UO8sa2-i&@%$S"
"pal.dossit@edu.tbz.ch"|"qNLu$0-eSL7lw-O@EzIM"
"nelie.stirrip@edu.tbz.ch"|"ah7N9m-$UT2i@-CW7uN8"
"alois.ocrigane@edu.tbz.ch"|"2AxVoB-lL3zGJ-cBGut8"
"kui.mcterry@edu.tbz.ch"|"fhBB7D-6bXmvy-dPNKtP"
"long.willgoss@edu.tbz.ch"|"VIMtMJ-PJKm@X-dfQg#v"
"francoise.sumpner@edu.tbz.ch"|"BK#xGs-3pSk#7-8Ra#GW"
"maely.grinstead@edu.tbz.ch"|"Ao2WWM-iys5L8-3rqgVT"
"creez.langeren@edu.tbz.ch"|"%f3FRS-MKeiU#-TBCkOE"
"adele.dungate@edu.tbz.ch"|"qJitjn-fLeEZ7-%uK3Xa"
"cleopatre.noirel@edu.tbz.ch"|"X58ySU-Pqm6%#-fFlbTF"
"interessant.daverin@edu.tbz.ch"|"1x0KEV-deQIpx-4Z$wiE"
"naeva.kalderon@edu.tbz.ch"|"fXDWMD-Rly316-HTgL4e"
"anais.oshesnan@edu.tbz.ch"|"ptot3X-U@9Vl5-NN1@aG"
"judicael.anelay@edu.tbz.ch"|"AauX@O-HFG232-Y%aq4N"
"eloise.braxton@edu.tbz.ch"|"r54dhx-Yt5MHP-tE@vsg"
"desiree.greguol@edu.tbz.ch"|"nnR7X$-JTdocj-mgBgRv"
"maite.mcclenaghan@edu.tbz.ch"|"z2evFA-aVGrSs-rW9O%o"
"meng.doret@edu.tbz.ch"|"vg2249-x7Vdu5-wNRdF#"
"frederique.chippendale@edu.tbz.ch"|"nkjOip-6&v$NZ-tOb29&"
"andreanne.lanney@edu.tbz.ch"|"1RrtO#-baaGnW-m24Eyk"
"aurelie.claus@edu.tbz.ch"|"T4tO17-3orngm-Ek97JA"
"renee.pabel@edu.tbz.ch"|"n5HcYr-AyNcGN-leDrtc"
"maena.roust@edu.tbz.ch"|"ublGzS-5N&dqC-H%TW&d"
"nadege.carwithim@edu.tbz.ch"|"oPL20w-6BMTgH-n1aB7L"
"solene.geyton@edu.tbz.ch"|"o1JzXl-LNI&GJ-Lt@Hp1"
"dafnee.avraham@edu.tbz.ch"|"ESFhi0-mzpTaC-k%ejc@"
"leane.woolvin@edu.tbz.ch"|"6y&JEK-%OoHR#-7oNnRI"
"adele.macadie@edu.tbz.ch"|"dVY5@C-zNLR5X-XllVCJ"
"meline.rubica@edu.tbz.ch"|"H@1X&G-Py0xbo-k59kbf"
"marie-noel.speeding@edu.tbz.ch"|"S0dkJI-RTT$4B-YBn0XA"
"nelie.mix@edu.tbz.ch"|"pzvJMH-OAlKWG-ws6deL"
"clea.ollett@edu.tbz.ch"|"snaDDa-efFSm9-fPzg2l"
"leandre.mcgavin@edu.tbz.ch"|"6kq$CO-8xKNpK-W8BT7o"
"cecile.behne@edu.tbz.ch"|"RduEuk-4uOkyk-AwN$tR"
"melanie.polle@edu.tbz.ch"|"%@ignT-sLUhfB-K6oeL6"
"marie-josee.titmuss@edu.tbz.ch"|"X4uyr8-qmhO#x-0Qg&5r"
"helena.guest@edu.tbz.ch"|"hgRKf6-NwQD1u-D$fDtp"
"annotes.chicchetto@edu.tbz.ch"|"g4O8Lz-TGpQo6-cBQNVZ"
"melia.tubb@edu.tbz.ch"|"aTqkk@-iLl13U-BmZMaM"
"angelique.casetti@edu.tbz.ch"|"L%#VIK-bfeycY-7rKh6Q"
"cunegonde.cleall@edu.tbz.ch"|"z7OlGj-sDHXd%-5PEgEN"
"camelia.oaker@edu.tbz.ch"|"eotHb1-1#fFDt-&Mip8C"
"you.searight@edu.tbz.ch"|"7rJnA0-ShiOO4-qdJP3Y"
"kevina.dederick@edu.tbz.ch"|"Ugb#78-VAcfyk-KSH2Op"
"milena.jeffrey@edu.tbz.ch"|"qFo2gk-knPuLQ-7XSO9f"
"melodie.barkshire@edu.tbz.ch"|"6qhzve-13QsT1-solsqu"
"gaelle.kreutzer@edu.tbz.ch"|"MwpBhD-mlKAZ0-xen2Ui"
"kalliste.kleinpeltz@edu.tbz.ch"|"IJ1VGR-u95iBv-erC5WI"
"clementine.danat@edu.tbz.ch"|"xwn0Yw-&EdsrK-6#VrJ5"
"andrea.wabb@edu.tbz.ch"|"@t84CM-G%IfZW-ax9i5s"
"geraldine.piesold@edu.tbz.ch"|"pnbvtZ-4EqE$0-fMJRh5"
"tan.fiveash@edu.tbz.ch"|"#gOf%h-l&nsbn-4U6E51"
"meline.yuranovev@edu.tbz.ch"|"QcxzGW-mAEm7q-mrq7Iv"
"therese.holme@edu.tbz.ch"|"vdbrV0-dkN8j1-Qj4N5f"
"salome.vaney@edu.tbz.ch"|"BK5HTm-H&QYiq-9fmbOy"
"anae.abramson@edu.tbz.ch"|"%D%90s-3aTb&W-Xl$DP6"
"kalliste.jimson@edu.tbz.ch"|"Fzs3V@-4zON7T-uhejZF"
"selene.yole@edu.tbz.ch"|"123vda-sAYL99-j&J%2Q"
"agnes.defraine@edu.tbz.ch"|"SVp@IB-x4MO7L-xNjnWK"
"faites.mccluin@edu.tbz.ch"|"A8bV7b-wPfhHZ-KQXyI0"
"athena.deme@edu.tbz.ch"|"pyQLJ8-$sHvZl-mEPjzF"
"daphnee.brigstock@edu.tbz.ch"|"8c2Hbm-r@HUCF-naejQs"
"goesta.skaif@edu.tbz.ch"|"lP9lL#-6E2p7q-67x0j%"
"oceane.jagoe@edu.tbz.ch"|"iapY4k-oWOL06-wwrJB7"
"annotes.broomhall@edu.tbz.ch"|"x3Dwig-rPgZFi-zLoGfT"
"marie-eve.ballendine@edu.tbz.ch"|"y3yrfl-LUzA2%-zvPmJ6"
"melina.spykings@edu.tbz.ch"|"svrifD-P1vLPL-4KNxhr"
"laurene.ticehurst@edu.tbz.ch"|"@ih&vI-SIAHim-yY%Kd0"
"fei.avramovic@edu.tbz.ch"|"K#aT@L-xEhUB$-y@sthX"
"publicite.strathearn@edu.tbz.ch"|"863J3b-6REa@b-dDjWi8"
"torbjoern.garrow@edu.tbz.ch"|"xZ098F-Vcy%qm-ZuQU&o"
"chloe.rubinsztein@edu.tbz.ch"|"YHgdHf-Ntjz#I-adFcFG"
"mylene.demanche@edu.tbz.ch"|"c7hWI7-NN7gSK-ww&KoK"
"mediamass.godlonton@edu.tbz.ch"|"OEjNre-tmjt9i-E9Ha%6"
"renee.shurrocks@edu.tbz.ch"|"dS&Eck-16p8gB-Nmf5w3"
"maiwenn.jedras@edu.tbz.ch"|"dnAgGd-g5mujt-IO7Eay"
"genevieve.castells@edu.tbz.ch"|"b4s#hf-DwwHbx-jQvwZ4"
"renee.sneden@edu.tbz.ch"|"%Lml@0-FbnfFe-%1tROl"
"lai.mccallion@edu.tbz.ch"|"VdD2SD-X8Rbp7-KLxLz9"
"kevina.impleton@edu.tbz.ch"|"r#4bUE-7a2xRY-HgxZEf"
"oesten.fresson@edu.tbz.ch"|"lUSJkz-xcdb67-7DsSF9"
"verane.shawley@edu.tbz.ch"|"L24Goe-kx2TKN-@O@9gQ"
"uo.sjostrom@edu.tbz.ch"|"oL5UdF-GKwPkj-KF0rLs"
"gisele.gothup@edu.tbz.ch"|"#9PlN7-mALAhQ-rwhlV#"
"renee.beauman@edu.tbz.ch"|"H3Io3R-$IE8vD-zY0MtM"
"elies.loton@edu.tbz.ch"|"lexW8q-TvGR6O-Coea@S"
"valerie.elsmore@edu.tbz.ch"|"g@SodZ-ypyWFH-tuqm8A"
"berangere.delafeld@edu.tbz.ch"|"Zdvd%x-Iuibo6-pMTLWc"
"bjoern.schimke@edu.tbz.ch"|"v5GjjT-osKvHV-NhSq1F"
"loic.ericssen@edu.tbz.ch"|"O9yb3l-pW26vU-EIdkJd"
"creez.richarz@edu.tbz.ch"|"U%qSAt-2Al8S6-0MT6CB"
"athena.grocott@edu.tbz.ch"|"gx%VmY-r7e@Ql-v65$q&"
"naelle.piotr@edu.tbz.ch"|"Bp0SiK-59VhQi-XYyRcO"
"maella.paulson@edu.tbz.ch"|"5$YowT-6IUP0F-3EtocM"
"song.perot@edu.tbz.ch"|"DedbJ2-$j5LIe-DsU&#d"
"kalliste.heckney@edu.tbz.ch"|"fFeD9N-Oj#cKR-o2EURu"
"ake.vasyutkin@edu.tbz.ch"|"grZMmO-T@nKpm-1qYuUC"
"ma.castles@edu.tbz.ch"|"yKrOmm-n2&A8S-YrE4Bl"
"maely.monget@edu.tbz.ch"|"p#xv6o-9bDI9@-#xxwr0"
"tang.durbridge@edu.tbz.ch"|"xl5hfI-S0qZ6a-PCJEn1"
"laurene.andrew@edu.tbz.ch"|"DMfgEw-NjQO2F-A%&h&x"
"lysea.beacon@edu.tbz.ch"|"W9@jp3-6a&wsd-tRh$a5"
"leandre.peyntue@edu.tbz.ch"|"$6hShu-zfUTvZ-2#EiXh"
"rao.trever@edu.tbz.ch"|"wsqisc-E7trod-y%cFU7"
"mahelie.streader@edu.tbz.ch"|"Gq#Fsa-%CvQJf-KkmmrP"
"maerta.andrejevic@edu.tbz.ch"|"OxOHZf-XvDlan-xvysnV"
"goesta.tompkins@edu.tbz.ch"|"UDuZij-7hv&mI-wk9bTx"
"helena.agates@edu.tbz.ch"|"igdUja-7DyZvI-DKsfa6"
"therese.glass@edu.tbz.ch"|"tLInP@-9U2KnT-4jpkah"
"alois.foan@edu.tbz.ch"|"pS0RCB-6zQKy3-A4DRG4"
"becassine.melchior@edu.tbz.ch"|"li@F#U-&#a5Np-p6sOko"
"cloe.robart@edu.tbz.ch"|"zxC6q1-RVZbEr-b&cU4W"
"daniele.puckinghorne@edu.tbz.ch"|"5rJA&X-M5m7#E-Tz7MqS"
"selene.cammidge@edu.tbz.ch"|"khC8zt-Mj$E#0-SsVo0k"
"regine.conochie@edu.tbz.ch"|"%a1Aku-vfMT7d-S9I7MQ"
"interessant.tuiller@edu.tbz.ch"|"9HJaFs-RnBn9G-TiFyu7"
"long.tiebe@edu.tbz.ch"|"g1Y8qr-jT3#7z-OeCMJP"
"mans.yele@edu.tbz.ch"|"ia0Sg2-JL0SBl-E6FcJe"
"ai.giles@edu.tbz.ch"|"FRc6Ya-6ju0ZE-Xfz7Gf"
"gaetane.hamberston@edu.tbz.ch"|"H0p27U-A##g6v-WuK8eX"
"marylene.fenix@edu.tbz.ch"|"ORixY%-#K#ex@-RyBsxi"
"geraldine.graeme@edu.tbz.ch"|"onmgAQ-cgq6Y1-NaqHh2"
"tang.kinglake@edu.tbz.ch"|"RopV8W-Oyu90w-3X#Flr"
"lai.challoner@edu.tbz.ch"|"qJ71Fs-W8a8L8-wj4@pP"
"desiree.mattei@edu.tbz.ch"|"93S&wX-fOxX67-r$miEc"
"ake.erley@edu.tbz.ch"|"TuAV##-Twpb2i-ywAxKG"
"edmee.cavil@edu.tbz.ch"|"hS%ZaU-Lu9faD-awFYZy"
"alois.moyes@edu.tbz.ch"|"g#Z%Px-TnUhDD-EF6RMy"
"becassine.pitman@edu.tbz.ch"|"cBcWf6-Dy7&TL-JnOKRl"
"ai.giacovelli@edu.tbz.ch"|"1Qe1O7-gKgZkJ-eKPTvs"
"judicael.fruchter@edu.tbz.ch"|"bVRYqi-3aziEO-C#snfi"
"mans.mogg@edu.tbz.ch"|"5aqi%y-GwNlAP-tC4DVw"
"gerald.foyle@edu.tbz.ch"|"tco#7#-QD9%if-tMpGYz"
"wa.androletti@edu.tbz.ch"|"Cj6QQ8-%Qlu#H-#zx8@&"
"meng.ollett@edu.tbz.ch"|"ee&mXX-E&$RyQ-944OOd"
"naelle.macmenamy@edu.tbz.ch"|"GbNBH&-75XsPT-E0PBfo"
"gisele.mcramsey@edu.tbz.ch"|"z7wGuE-uZYaRF-yGFES6"
"meryl.scolts@edu.tbz.ch"|"XpAzL%-pVOCiY-LMB#9V"
"celia.bloxsome@edu.tbz.ch"|"axPpHS-MGR&0n-npCcAs"
"styrbjoern.stuke@edu.tbz.ch"|"1l$l$W-eXCkc3-O%7eAn"
"felicie.gwilliam@edu.tbz.ch"|"@DGH3x-$Q1oGT-ssjzHU"
"da.harms@edu.tbz.ch"|"hWUhuP-A6WQl5-mG6%sh"
"celestine.baulk@edu.tbz.ch"|"PpeVY6-DF%LER-WT%zgm"
"mahelie.blackledge@edu.tbz.ch"|"YHVJzk-&p2tPr-FHEb4L"
"meghane.salt@edu.tbz.ch"|"YCNBKo-aU7zSt-sjkrj6"
"methode.paxeford@edu.tbz.ch"|"Vmj3wY-#26aK&-v2#1lb"
"asloeg.milligan@edu.tbz.ch"|"yrvcB%-nXYjgA-pvWSuJ"
"you.pellman@edu.tbz.ch"|"jgUriU-x43VHF-S#Otcg"
"loic.regenhardt@edu.tbz.ch"|"@8YlJ&-VeadUI-26R749"
"daniele.savill@edu.tbz.ch"|"C0H0cT-UHWxgZ-fuGF8w"
"alois.cornu@edu.tbz.ch"|"OHAHAc-CMwaC$-3k6$Ov"
"oesten.govey@edu.tbz.ch"|"kpHho7-I@QiS9-fu9C3Q"
"marie-eve.louch@edu.tbz.ch"|"pIYxQF-s$8qJk-XZcNp6"
"theresa.wenn@edu.tbz.ch"|"xEs5AY-wcPs@3-u1@U19"
"andree.eul@edu.tbz.ch"|"Th#GQB-fJWKiO-uuWjD&"
"lie.paynton@edu.tbz.ch"|"3VpCdS-Bd5nXk-$YsYU8"
"marie-eve.girodier@edu.tbz.ch"|"zmSWM8-ujHZ08-Yeqn#C"
"marie-noel.smithe@edu.tbz.ch"|"lhZWcy-$n56H6-B9fuXQ"
"men.bootyman@edu.tbz.ch"|"BtoPFl-OE3zbf-AeGr&y"
"ku.sugg@edu.tbz.ch"|"4mOBQ#-t0Wp@G-p0hN#p"
"lucrece.roseman@edu.tbz.ch"|"7O$JBv-JkMzKg-c5H#5c"
"zoe.annear@edu.tbz.ch"|"8LSM8@-liHpxU-lF%gSW"
"marie-helene.rennebach@edu.tbz.ch"|"N%Gjuz-NBjC7y-ib1VNe"
"lea.djurdjevic@edu.tbz.ch"|"LlDT%8-V8$GSk-NbXnW2"
"goerel.robert@edu.tbz.ch"|"ifiTct-qDUFJw-Rdzfb4"
"mylene.foldes@edu.tbz.ch"|"muZXVs-fI2VC0-jMhRgU"
"faites.clegg@edu.tbz.ch"|"UGK0E@-wGLKzb-rpK73s"
"marylene.crowcher@edu.tbz.ch"|"73MSOw-z01yD8-y0D3hL"
"aimee.wimpeney@edu.tbz.ch"|"s1$lIM-lxpt85-l&tHvp"
"renee.atkins@edu.tbz.ch"|"jnmPM0-s2Y%AL-#UT%#q"
"rejane.cainey@edu.tbz.ch"|"ql1T9n-HKKI&P-o$UM0V"
"solene.britney@edu.tbz.ch"|"hKcdBd-M3gG1v-hke5BR"
"marten.shatliffe@edu.tbz.ch"|"17VnIl-8EbeLq-mC&kj9"
"maite.issatt@edu.tbz.ch"|"4&ccLE-EN38M$-#0KzGx"
"maelyss.edon@edu.tbz.ch"|"DGbSWu-lOEMRX-#pB6&e"
"nuo.bamling@edu.tbz.ch"|"QFUqy&-TDJDKE-V7x%6W"
"anais.edards@edu.tbz.ch"|"lcs5EM-FzBf44-r5@ZaI"
"mediamass.bromet@edu.tbz.ch"|"Rvgycg-n0DIoH-OKkIaR"
"beatrice.kimbrey@edu.tbz.ch"|"eFwi3h-zRZMka-R%voYp"
"ines.lawranson@edu.tbz.ch"|"WIquDm-V4q@f@-nquPBX"
"kalliste.scandroot@edu.tbz.ch"|"xXyZeN-BdKKfL-As0yXU"
"mans.barrowcliffe@edu.tbz.ch"|"x6%iBr-BG1@jj-nR$LEx"
"irene.couves@edu.tbz.ch"|"LvVn6N-J$O9kp-HYW7Me"
"milena.mucci@edu.tbz.ch"|"4m1tWi-w2wzSm-rAjI%L"
"naeva.cow@edu.tbz.ch"|"Bc1khe-D#qMYQ-4lmWK1"
"audreanne.mournian@edu.tbz.ch"|"f#EHl1-QyGuZa-NseF6V"
"melia.sinnatt@edu.tbz.ch"|"nwrE77-v%2vnC-Q23gIY"
"nelie.burnard@edu.tbz.ch"|"O%w&YR-5LJ@ze-8VtM3E"
"clelia.ashfull@edu.tbz.ch"|"QTeQct-spXYzg-dXgzNs"
"lie.macard@edu.tbz.ch"|"ZiogR#-Rp4niR-Qzt9c#"
"valerie.matoshin@edu.tbz.ch"|"mdCWOd-yoojP7-ehL1lB"
"anael.hatherleigh@edu.tbz.ch"|"vyHO4K-r@rXrP-GxfnaV"
"interessant.warratt@edu.tbz.ch"|"3Xln@u-#$pVf1-PJO7D3"
"eleonore.volage@edu.tbz.ch"|"%i@mim-l7BVww-iFNa1C"
"zoe.stebbing@edu.tbz.ch"|"CR3EmF-a9lDGL-ZP7ai3"
"alizee.nye@edu.tbz.ch"|"9jYRtb-6cZWdc-rn3rzx"
"celestine.bramley@edu.tbz.ch"|"dOCHMQ-NbqFYj-eLOt74"
"selene.philcott@edu.tbz.ch"|"PSaSaV-@G94mc-M8WTQ1"
"tang.newens@edu.tbz.ch"|"8c4Eq2-amZqTS-m%fZtz"
"annotes.powys@edu.tbz.ch"|"yBuToq-4a@7Cm-VY5JXd"
"lea.matthesius@edu.tbz.ch"|"Uz$P$7-2GFX2B-c1Y&Dq"
"illustree.garlett@edu.tbz.ch"|"4Rj1Cq-5R4zVE-lDr3Rl"
"maiwenn.meachem@edu.tbz.ch"|"0%QHR#-ap&xYe-Muu%JC"
"marie-francoise.mcbrady@edu.tbz.ch"|"tKBKL0-16#tOS-f6opyJ"
"illustree.gimbart@edu.tbz.ch"|"2GvM@O-sjcTVl-2QuK%k"
"melys.lyosik@edu.tbz.ch"|"dCtpzA-LFSjXN-t4tHJn"
"marylene.mcnab@edu.tbz.ch"|"@5mTdq-TUTYLP-unii8#"
"gerald.blount@edu.tbz.ch"|"RHI56R-nTdi8R-j#ocLR"
"clelia.shakelade@edu.tbz.ch"|"0aB3YF-2TmLt#-jXhXYR"
"penelope.cridlin@edu.tbz.ch"|"hjE6U#-yv77#4-$deERw"
"maena.okuddyhy@edu.tbz.ch"|"00vB$5-Q5dHv9-qSFhFw"
"athena.keynd@edu.tbz.ch"|"ENNujy-D3@k5%-t#S8vF"
"cloe.dwine@edu.tbz.ch"|"drVPZW-rFwOPN-9CZwCG"
"josephine.browett@edu.tbz.ch"|"XQwPPA-WawyK$-2Od#tY"
"audreanne.oscanlon@edu.tbz.ch"|"zt6kfy-VbcIs$-Z$Nv3c"
"fei.jeanequin@edu.tbz.ch"|"ME@PNh-WtlqFs-v4Y3sN"
"lois.gormally@edu.tbz.ch"|"DZyVkP-6xrQ7Z-6r3GST"
"marie-francoise.finnigan@edu.tbz.ch"|"i7sk$W-4&SNvF-oz3Z7z"
"leonore.trussman@edu.tbz.ch"|"gkUm$w-oU37@$-LUoYVg"
"anaelle.trumper@edu.tbz.ch"|"vQq@s8-JThA&L-k3EW$g"
"clemence.dionis@edu.tbz.ch"|"akApyE-k@IbPx-AfNPDo"
"lois.tranmer@edu.tbz.ch"|"6F$u5K-yv%6@l-v3$U%u"
"interessant.volett@edu.tbz.ch"|"aA8t6K-2Z0HkA-m5Wf5V"
"personnalisee.deackes@edu.tbz.ch"|"sPMamZ-W%%dpy-Ej7$$T"
"lie.vasiliu@edu.tbz.ch"|"1tpHBe-lM1dfR-ZM2CWh"
"dafnee.lamputt@edu.tbz.ch"|"Ez7PIg-boB##e-2@mwoe"
"elies.bromige@edu.tbz.ch"|"Qjjpns-en8wdM-8tmlXD"
"helena.klosser@edu.tbz.ch"|"seOg0V-pJle2v-tzZCVc"
"andree.grim@edu.tbz.ch"|"cK0Qj%-&fyE9y-ta8r6b"
"verane.coldbath@edu.tbz.ch"|"MB0tvW-#eK33w-Y8oTzm"
"helena.bethell@edu.tbz.ch"|"1g7u0q-R4bn4w-8jJ7of"
"kalliste.carefull@edu.tbz.ch"|"7#PAxJ-J&rzAE-mQbPEg"
"regine.odams@edu.tbz.ch"|"wffU0W-mEK9Pe-41ZnA6"
"len.stannus@edu.tbz.ch"|"Qad5H4-bWRzv1-IB7pOF"
"angelique.works@edu.tbz.ch"|"lwrsgY-kOzSCV-2Bpu&3"
"goesta.rheaume@edu.tbz.ch"|"7iTJZJ-D%dVp0-b7fM1F"
"maelys.tynnan@edu.tbz.ch"|"@uGi0U-KzxqHR-lAFxzs"
"maelle.carlesi@edu.tbz.ch"|"pSvRXg-argH7H-uZnOAK"
"anael.spurden@edu.tbz.ch"|"jU5#x%-gRdzJJ-bERkv5"
"helene.pumfrett@edu.tbz.ch"|"ACIYlE-inbPQ#-ZF@y72"
"goerel.pearn@edu.tbz.ch"|"NpK01u-WZWLpa-o8w6V@"
"laurelie.dezamora@edu.tbz.ch"|"I1GliW-L%$eqj-2Gjj%z"
"yao.twidale@edu.tbz.ch"|"4v9O3j-UO6SnP-#O1Jr1"
"berengere.sola@edu.tbz.ch"|"Dmesfi-N2iPno-u9npSi"
"maelann.hardistry@edu.tbz.ch"|"UOCFss-kPLZ1f-QWbZZN"
"severine.littlefield@edu.tbz.ch"|"9Fij9Q-7w2RON-zFRP43"
"salome.heinl@edu.tbz.ch"|"jrS6@2-SAg4IQ-laUwrH"
"meryl.warbey@edu.tbz.ch"|"kXKRXy-QCV1zN-KgQ15g"
"da.hunstone@edu.tbz.ch"|"X34BjE-UbtLG5-uxTQHF"
"venus.broadbury@edu.tbz.ch"|"hYsmi7-33azM#-3Nmh3R"
"meghane.rentelll@edu.tbz.ch"|"yUa4Hv-@fz9ea-CkBdvv"
"marylene.drewitt@edu.tbz.ch"|"Wmb5pq-g3MoC9-jB7Eng"
"melinda.jacquemet@edu.tbz.ch"|"b9dps@-bp43xt-EfcvSN"
"marie-josee.keyden@edu.tbz.ch"|"NaXDOE-%QHqpb-zhZ8D1"
"asloeg.montacute@edu.tbz.ch"|"4QJvKt-8ZSn6s-#TI8A0"
"ku.andreou@edu.tbz.ch"|"SJrAdy-MgLlWu-tAa0#x"
"personnalisee.feaveer@edu.tbz.ch"|"IVu$ZH-uZGn6D-q&NuwZ"
"laila.emptage@edu.tbz.ch"|"4uwCsE-PDlAhC-IxP7bo"
"bjoern.dawdry@edu.tbz.ch"|"pLT8S%-woh%XY-T77q46"
"marie-eve.dinsell@edu.tbz.ch"|"wJlAsA-ZdGFQ2-KZ$5lx"
"helene.follett@edu.tbz.ch"|"jq0Lj2-OjnhTX-KN2BY2"
"penelope.cordero@edu.tbz.ch"|"Kglo1L-8at4NN-JUCFPq"
"boerje.beedell@edu.tbz.ch"|"ikfvV2-PL$PSl-9Ep&8j"
"nelie.ferne@edu.tbz.ch"|"XASvKQ-vbaXsv-e%nuEz"
"celine.ahmed@edu.tbz.ch"|"&clihU-NDjmre-ePFhZq"
"stevina.pimblett@edu.tbz.ch"|"EqpwSL-FbQBeE-@wGrpV"
"chloe.langlands@edu.tbz.ch"|"koG0yJ-90bDFW-M94LfR"
"simplifies.maude@edu.tbz.ch"|"@ahkdU-2V07tb-vnesA&"
"genevieve.decarteret@edu.tbz.ch"|"wAcqLY-SBHqE9-FsO#G8"
"marylene.mughal@edu.tbz.ch"|"%@xu$A-yJN5lb-@oX3CF"
"goeran.guttridge@edu.tbz.ch"|"oNrKZo-YkKbPd-bQWQ0n"
"michele.smurfitt@edu.tbz.ch"|"gGUUVc-sMMqCA-tVGkK@"
"methode.hadeke@edu.tbz.ch"|"Yx4CO7-IBTAyA-jzvesH"
"therese.rispine@edu.tbz.ch"|"%04ewj-RRlXec-uW7Coj"
"goerel.plumley@edu.tbz.ch"|"JgRcLe-rQm@&a-7DbOHg"
"oceane.friett@edu.tbz.ch"|"RqpOL%-k8D$J$-XdSOsf"
"marie-noel.achromov@edu.tbz.ch"|"ZK1i2T-6ynj3M-by17oS"
"dorothee.storek@edu.tbz.ch"|"jP2qrC-JeG$ZE-igoyqS"
"goesta.whittle@edu.tbz.ch"|"KnFB$S-BUsDCb-vqZ0J4"
"desiree.casely@edu.tbz.ch"|"2&8yoR-RdB2Iw-TzkpcF"
"felicie.condon@edu.tbz.ch"|"@nJiTC-pNfBmP-Z1Mav4"
"maelyss.frisdick@edu.tbz.ch"|"XKEhde-XUR6Dw-4nzqTT"
"aimee.banke@edu.tbz.ch"|"%&BTRT-A4%&yF-0xgBtA"
"naeva.hodcroft@edu.tbz.ch"|"8XfhyU-$zCtjY-$clXnj"
"laila.gerrans@edu.tbz.ch"|"JmAPBU-bj79zL-n8Yqcm"
"daniele.scrimshire@edu.tbz.ch"|"s377Oa-9nIxNe-%F@8p8"
"daphnee.sheerin@edu.tbz.ch"|"8m70YN-pmSJM9-cbNnXy"
"pal.vanyukov@edu.tbz.ch"|"dZAF5Q-vFnRwW-GsM%Jv"
"zoe.childs@edu.tbz.ch"|"tNDGxI-qJSrTF-ChEc6l"
"ai.corde@edu.tbz.ch"|"#3urba-SVwejD-d4#b9t"
"maelys.berryann@edu.tbz.ch"|"s0bxEU-7zdvqT-ZBO&z$"
"cloe.gladding@edu.tbz.ch"|"c$LW3X-cM6YnD-Rs6DY#"
"wa.kinnaird@edu.tbz.ch"|"eR5yE5-RwZuzF-b%RtL%"
"publicite.brittoner@edu.tbz.ch"|"k4B%q5-i7XHsJ-kWcVNP"
"rao.windress@edu.tbz.ch"|"A&RI1k-HhkN@x-mL$4QG"
"uo.kollach@edu.tbz.ch"|"qvgqp$-BH95G4-%MUju9"
"josee.peskett@edu.tbz.ch"|"EHDx2W-B$jtUA-Oy3Eb7"
"annotee.hasel@edu.tbz.ch"|"DLheA4-k1p0v@-m&Dn8m"
"cinema.lee@edu.tbz.ch"|"zPobNn-@t1E17-ijqqvm"
"lai.vedeshkin@edu.tbz.ch"|"r9P#F3-gDxVhF-fOf9Ud"
"renee.brisbane@edu.tbz.ch"|"UF@l%v-f6rHLC-9WBC3d"
"ophelie.blincoe@edu.tbz.ch"|"GSZCh#-W979Ym-72ltcH"
"zhi.prazor@edu.tbz.ch"|"Y11xyn-SZ4@Y9-Fu$NT1"
"annotee.maddicks@edu.tbz.ch"|"rWFIqi-rChgRh-veG3Ns"
"maelyss.codd@edu.tbz.ch"|"VRZLwx-zTu4v0-xCA7iJ"
"celia.peplay@edu.tbz.ch"|"QILZ3Z-EfbkRd-&IM2sn"
"interessant.skone@edu.tbz.ch"|"W5Z@e@-wQOtlz-OZ4sHa"
"audreanne.hebdon@edu.tbz.ch"|"x&Ebmi-3KCyh#-TjwUMQ"
"oceane.glen@edu.tbz.ch"|"#xMA&9-H3l817-$D%%Yy"
"daniele.vanyushkin@edu.tbz.ch"|"v#RiWB-ub1Zjz-wAB3N4"
"daphnee.ayce@edu.tbz.ch"|"iAb#7&-p#Pbx5-4b80mO"
"andrea.attride@edu.tbz.ch"|"muSOtM-QQTKWh-Pc@y96"
"penelope.bridgwood@edu.tbz.ch"|"hDIg8F-uAvxc$-6pRA8b"
"mailis.drewitt@edu.tbz.ch"|"Dxx@Ty-FTFnD@-&YFzqq"
"penelope.mollene@edu.tbz.ch"|"I36Myl-BHZbWJ-Y&KVsG"
"illustree.keely@edu.tbz.ch"|"ZQIQPI-2uo8nF-ZjUvCC"
"meng.brisseau@edu.tbz.ch"|"62eQOt-f7eQ#G-BT&DBQ"
"ruo.cleiment@edu.tbz.ch"|"TXLX3T-EG$nkn-b%Q2rE"
"maite.krammer@edu.tbz.ch"|"PG8sCT-X8eEPH-nwoA4u"
"genevieve.verry@edu.tbz.ch"|"#ajReb-ROPkwE-luRcPR"
"lea.olochan@edu.tbz.ch"|"XztxQx-wgYp6D-0H7aS1"
"naelle.brunnen@edu.tbz.ch"|"awhEAY-mr8%E@-y5Yv%x"
"goesta.bragginton@edu.tbz.ch"|"FoV6RL-Du9@t8-%BPlG#"
"fei.danilyuk@edu.tbz.ch"|"nbcqmg-&C&d33-SWCj&q"
"adelie.turbitt@edu.tbz.ch"|"KTB16v-$kInCh-m@MV@A"
"marylene.nutman@edu.tbz.ch"|"0LUTCo-nVQ&%@-NJ$gz3"
"therese.barbrick@edu.tbz.ch"|"hhn6m5-FoqKfb-1ftWGM"
"melys.kolodziej@edu.tbz.ch"|"%NAet6-HeuHac-33f2Tu"
"melanie.runchman@edu.tbz.ch"|"4clfqv-U5G8g&-LkYpgr"
"serena.lafond@edu.tbz.ch"|"KXb6eR-B##SWB-b7If71"
"pelagie.desmond@edu.tbz.ch"|"peUAEO-4PJDTS-2gM$K1"
"wa.spickett@edu.tbz.ch"|"HN3Hyz-7n@Y48-KF#$6v"
"po.shave@edu.tbz.ch"|"E9dNyY-oKY#yj-nfyJwn"
"song.huikerby@edu.tbz.ch"|"z3c%Xh-RJUIDd-IS&&bf"
"melinda.bimson@edu.tbz.ch"|"RDQCu3-KkCv4l-jFS%EX"
"personnalisee.toffanelli@edu.tbz.ch"|"yvkdAr-hDzTwX-lHra0W"
"leandre.hurn@edu.tbz.ch"|"zHux53-e9voTO-Vzili1"
"oesten.standell@edu.tbz.ch"|"reEZnM-ejZVD$-h73W0f"
"naelle.smaleman@edu.tbz.ch"|"VuwAVj-ZGcaRx-VwY4fF"
"berenice.tayt@edu.tbz.ch"|"M75kAK-eHaH4l-SXNqFo"
"kui.popplewell@edu.tbz.ch"|"8T0P$G-rMZOkX-0hTyoS"
"melodie.ferandez@edu.tbz.ch"|"4bQK0d-pLRhd6-AylCgo"
"josee.negal@edu.tbz.ch"|"0$kDKb-w4dUDk-IwzpBa"
"melissandre.ferrelli@edu.tbz.ch"|"R2ZDhh-oifi$X-%mcYPR"
"josephine.kemmer@edu.tbz.ch"|"N1a5Ze-zMWo&V-X$haGs"
"maely.cayette@edu.tbz.ch"|"JS0mfv-kN8r&t-9usI@5"
"nelie.vela@edu.tbz.ch"|"uqR&IL-KAPTIT-KLt4@8"
"melina.cortes@edu.tbz.ch"|"4x1zWJ-S7mKgb-ASKJfJ"
"megane.leyshon@edu.tbz.ch"|"miyzxV-ui2C5Y-mD#DgA"
"regine.harrie@edu.tbz.ch"|"qGo@jW-63xRoJ-Xeu$ju"
"mylene.widdison@edu.tbz.ch"|"54k&Bf-od3Zba-s2w7a9"
"pelagie.vivash@edu.tbz.ch"|"vMnmcV-W&qe2L-jVg1eo"
"styrbjoern.vicarey@edu.tbz.ch"|"#ck4wE-OySCuC-H2V@Jr"
"long.kyles@edu.tbz.ch"|"8cc2Mg-oKTrEX-Szj7dd"
"stephanie.gipps@edu.tbz.ch"|"jqqlWw-mL6T#U-cw&VEk"
"clea.constantine@edu.tbz.ch"|"Y6clBo-tYhAZj-96nbKC"
"maella.cometto@edu.tbz.ch"|"oLwnw%-INp6lW-V6cXQU"
"laila.aubrun@edu.tbz.ch"|"WTdLZh-XrXAmZ-zpgRVF"
"yao.austins@edu.tbz.ch"|"RIFs@R-uHVaIT-joSgS@"
"mailys.rylstone@edu.tbz.ch"|"G1IQul-O93Sxq-$TlJG2"
"adelie.curuclis@edu.tbz.ch"|"5e3ZZ3-Q1P7Mo-qaSZQc"
"celine.longhurst@edu.tbz.ch"|"Yprzn#-cHSw6T-la$e5X"
"gisele.hazell@edu.tbz.ch"|"BTTb$j-bKMCe$-aOF0u%"
"celestine.ciccone@edu.tbz.ch"|"$K71mu-j&M9i3-tAS3xP"
"maelyss.doole@edu.tbz.ch"|"d$pDQH-pkMrgX-dBR3dr"
"helene.grimsdike@edu.tbz.ch"|"o&hDza-Mv$aT&-C4sxSj"
"lie.macer@edu.tbz.ch"|"M@Hzx1-mWT6Z3-5haZbp"
"maely.izard@edu.tbz.ch"|"nL@Z&y-$qXTh5-T9cjzz"
"erwei.breewood@edu.tbz.ch"|"6PECN0-L4lOMH-nkLXeD"
"chloe.woolford@edu.tbz.ch"|"QHnvR2-auVs4D-@aIFgD"
"cleopatre.turpin@edu.tbz.ch"|"eOmc7O-jB#l7B-n1GuWX"
"melodie.surgison@edu.tbz.ch"|"K1pWNY-#fdNKj-JhjdgF"
"elies.leander@edu.tbz.ch"|"6mUswd-0rw2mH-F7g&GT"
"mediamass.reignould@edu.tbz.ch"|"tiMyFL-#ncZbn-MVmPVj"
"celestine.wasmuth@edu.tbz.ch"|"npX%eq-SiW#fP-CiwkCv"
"marten.jervis@edu.tbz.ch"|"9&SS%i-&4#tl9-PckLUJ"
"daphnee.bour@edu.tbz.ch"|"DR1zDm-5gCBO$-dK2D#X"
"regine.harlett@edu.tbz.ch"|"z&Tdo2-vHljWm-aAzBqN"
"noemie.macaskie@edu.tbz.ch"|"t22h4f-$5IscF-pG0k2f"
"loic.renfield@edu.tbz.ch"|"XBZRpe-iEXp18-moOANo"
"venus.kleinert@edu.tbz.ch"|"wdYuFR-US@Ker-D8ySqA"
"marten.burlay@edu.tbz.ch"|"DWT5H8-guIkyD-O2hl2V"
"berengere.radsdale@edu.tbz.ch"|"vBGVpQ-5I&0u$-c@XGy7"
"genevieve.duckit@edu.tbz.ch"|"H#3cKU-jmZ0zk-cdbfzA"
"maely.ligerton@edu.tbz.ch"|"9#%cbN-wCCQxf-W7cBrH"
"maeline.ricciardelli@edu.tbz.ch"|"qGZ@Nx-byVowg-Py7Ka7"
"personnalisee.yggo@edu.tbz.ch"|"@V1ekG-PHWCER-PR38n7"
"alizee.pettinger@edu.tbz.ch"|"Kl#oeV-pot7SG-6a@4JA"
"desiree.curnnokk@edu.tbz.ch"|"XLAvOj-KIgoiO-&2%BK8"
"dorothee.minors@edu.tbz.ch"|"73zTCb-yQY268-SsaRFG"
"oceanne.kopmann@edu.tbz.ch"|"dZ4EyU-PFrlF8-UD&XpI"
"almerinda.brodbin@edu.tbz.ch"|"jv9&cd-$g5JU3-%zcbnz"
"yenora.carsberg@edu.tbz.ch"|"1@y2Je-b3y$D2-c0fT%x"
"wa.beetles@edu.tbz.ch"|"NP2Zgm-91JUXH-#8@Yr4"
"audreanne.abbot@edu.tbz.ch"|"vGP1yp-jOcoCD-$NFIkS"
"noemie.capper@edu.tbz.ch"|"yG1F%0-lKgMft-5ze%TH"
"mans.abramamov@edu.tbz.ch"|"WC7gud-1GC266-$2kel1"
"audreanne.blakey@edu.tbz.ch"|"vrMIo9-VncfMB-cgTgTt"
"leone.klimpke@edu.tbz.ch"|"0FFMuB-kPbgJy-thTSmp"
"lie.croston@edu.tbz.ch"|"kOtgV%-cT&BxS-bYqcT3"
"anaelle.baistow@edu.tbz.ch"|"9hbDjP-Zz#NWv-SZAAos"
"michele.garwood@edu.tbz.ch"|"#q&zY2-$1My81-zEh$E5"
"interessant.albion@edu.tbz.ch"|"C7R2zj-cKWcPh-EuTF87"
"andre.brisco@edu.tbz.ch"|"i96G2H-3@q4Rf-$8eES&"
"tang.totterdill@edu.tbz.ch"|"#Fw3lE-3xgL8T-v#L6Dx"
"marie-josee.braundt@edu.tbz.ch"|"mjLoIR-aUrS0O-iB6ECa"
"lois.galer@edu.tbz.ch"|"8Q6JeX-iNUN3Q-lhCc0G"
"faites.pellamonuten@edu.tbz.ch"|"k1mM47-U@v2Lg-gRMYbR"
"mai.barfford@edu.tbz.ch"|"CuRkVT-Uxwrgx-OB88V$"
"laurene.macilory@edu.tbz.ch"|"mjYzAF-X0smXp-xYknWk"
"elea.peak@edu.tbz.ch"|"h3wYw9-xMsk18-P29Ml3"
"rejane.doni@edu.tbz.ch"|"rh%NfW-$9EpC#-&iDJAN"
"mahelie.ector@edu.tbz.ch"|"wSq259-Hpnwfk-iljno7"
"rachele.allum@edu.tbz.ch"|"v5Lpf%-btjiSc-fOeM7j"
"laila.gerretsen@edu.tbz.ch"|"fKDDtr-2mn5W&-WQGU2d"
"ines.bowman@edu.tbz.ch"|"&rij&$-FAI6lt-f6$454"
"publicite.barbary@edu.tbz.ch"|"iNc@4n-xFECyt-MOF6wF"
"mailys.smooth@edu.tbz.ch"|"HvDHi3-5p@bOg-fz3$Ql"
"mailis.huguenet@edu.tbz.ch"|"Y945T6-O7JCYt-tZtQOA"
"lea.ewer@edu.tbz.ch"|"uSgiyF-T3pIvP-YDO2Im"
