"email"|"password"
"melodie.vandervlies@edu.tbz.ch"|"m1UKfj-4hE2WE-VDvACR"
"angele.edgecumbe@edu.tbz.ch"|"@bwM3a-xK23VK-DORpSf"
"zhi.andreasson@edu.tbz.ch"|"Cgtc@P-S1P&JK-ts3GNc"
"judicael.koppeck@edu.tbz.ch"|"KaGMRM-CpnYCr-Am#@v3"
"berengere.capron@edu.tbz.ch"|"RvZI8D-6gv6Zj-8y5JiH"
"leonie.brosini@edu.tbz.ch"|"jdItJR-elnV3P-jTWbqV"
"venus.garfit@edu.tbz.ch"|"T71ExE-SgPX2D-BdcSa1"
"melina.janota@edu.tbz.ch"|"Ojqkgy-3xRAu0-iHUmIH"
"laurene.bake@edu.tbz.ch"|"gHmD&@-JXQwAH-h&AziM"
"regine.dorkins@edu.tbz.ch"|"Hem$YE-TT0ZYf-YkYgce"
"cecile.moffet@edu.tbz.ch"|"m9Eqgz-sKMyFL-rEftIq"
"maelann.labrone@edu.tbz.ch"|"2oe58s-7PLb8Y-aY@4%E"
"melinda.newbold@edu.tbz.ch"|"9Hk9y5-ILI3Ee-3ih24W"
"mans.itzhak@edu.tbz.ch"|"bwEnvA-HAwuNY-EQJZz9"
"melodie.pattlel@edu.tbz.ch"|"4vEpNQ-&t8Fab-Q2&hb@"
"celine.bonett@edu.tbz.ch"|"1f%NvC-KE1h7F-gxNQ5U"
"adelie.mcgreal@edu.tbz.ch"|"%IEoP6-6C28T5-IXf&i3"
"helene.soldan@edu.tbz.ch"|"yuU90T-gqpBOC-O&YZRj"
"michele.cluer@edu.tbz.ch"|"VSvdAo-6$ok@s-R9l5sl"
"maeline.mueller@edu.tbz.ch"|"OlVsHx-tHfJLi-#xEjSs"
"maelann.benedito@edu.tbz.ch"|"FJt0On-Ez0gkj-0lAPdi"
"nuo.gransden@edu.tbz.ch"|"nqB#jd-s4hHHt-Q3nuHe"
"berengere.stainton@edu.tbz.ch"|"bttFnJ-sJ@2Jp-WiXqyG"
"wa.sabater@edu.tbz.ch"|"fVitKJ-646n6L-qFZCXd"
"anais.cochran@edu.tbz.ch"|"Xc0Ord-2##GtD-tYMVZV"
"gerald.bessant@edu.tbz.ch"|"MnmXjy-e59IGl-bqlVgk"
"ruo.coffin@edu.tbz.ch"|"l9W#YX-pZnB5v-uqi@e%"
"melodie.mustill@edu.tbz.ch"|"jet2wf-KQPN#1-vmrKH6"
"ruo.stanesby@edu.tbz.ch"|"$OXaO1-BoR2v5-T2Z@rG"
"noemie.antognelli@edu.tbz.ch"|"vg0xyM-Q&INBL-KVv1f0"
"maelann.hughson@edu.tbz.ch"|"86EM5I-mXfpo&-Gg98JS"
"milena.mieville@edu.tbz.ch"|"pV&VHM-TgeuyN-W6br5t"
"mailys.chamberlin@edu.tbz.ch"|"gmF&o4-$Pu#FX-6mtKfB"
"nadege.tomalin@edu.tbz.ch"|"rO0kfD-NuoNNG-Qf0CGh"
"oceane.omara@edu.tbz.ch"|"x4Keir-TGVbQA-FGhoIJ"
"cecile.aguirrezabala@edu.tbz.ch"|"vY2tl0-ZqpXqV-%NkaIL"
"maella.gwillim@edu.tbz.ch"|"RIIe3y-89QeIX-&qi@V6"
"lea.mcgahey@edu.tbz.ch"|"VrMwPg-yKNK4B-Nb0REl"
"laurene.hagerty@edu.tbz.ch"|"tbUQqj-hxb30M-ZTTIn2"
"dorothee.link@edu.tbz.ch"|"%W1Ukg-uhVisO-qQg6Ha"
"clementine.kynsey@edu.tbz.ch"|"j17l@1-H76cqe-d4Kgot"
"lorene.smitherman@edu.tbz.ch"|"b6D2qy-HjRNn6-OlRKfk"
"cleopatre.klulicek@edu.tbz.ch"|"NQ8eJ3-1A#11k-wP3H@j"
"laurene.castaneda@edu.tbz.ch"|"ky0LmI-4lZghI-&8yQVy"
"melia.constant@edu.tbz.ch"|"W5HbSm-4N7nEQ-IDD5I%"
"lucrece.clunie@edu.tbz.ch"|"YFXt77-j9sWZE-$3DxEC"
"eleonore.mcmurthy@edu.tbz.ch"|"HcSFFx-3@kh3C-q5gjvf"
"melia.bevar@edu.tbz.ch"|"o2TuFC-X0#ote-9YnZ&t"
"camelia.bontine@edu.tbz.ch"|"%xGWBW-PB7qmQ-9aGgAH"
"methode.jozefczak@edu.tbz.ch"|"6qqDpe-z29Wo7-lHZPAu"
"audreanne.hinsche@edu.tbz.ch"|"fN3w@E-wijXM%-Wlg%IR"
"andree.varne@edu.tbz.ch"|"Z$DbVD-16t1vP-jMpP0j"
"marten.kinleyside@edu.tbz.ch"|"Zi4wX9-O7z@HD-zkg83P"
"esteve.mcewan@edu.tbz.ch"|"mwRPHz-x@v%%7-bGpg2y"
"leane.dibbert@edu.tbz.ch"|"6S2fn@-LJihD3-usH7uM"
"ma.thewlis@edu.tbz.ch"|"zKYX8Q-jR&S42-prtnA4"
"clea.djurkovic@edu.tbz.ch"|"RmDEX&-89Kh6F-t4QYk@"
"rachele.reburn@edu.tbz.ch"|"nwEcEv-WNXg3l-ioPXzB"
"gerald.gowling@edu.tbz.ch"|"3M8WXu-tJwyld-8vXUuV"
"cleopatre.jackson@edu.tbz.ch"|"F2E$2q-m#tsVD-aVmzsY"
"desiree.haskins@edu.tbz.ch"|"B8XJH@-XP0Xn5-VBa0fy"
"eleonore.longson@edu.tbz.ch"|"bYsb6C-YC#qoV-#lsObk"
"leane.dybell@edu.tbz.ch"|"J7@#5p-8Gds@E-TDqKxr"
"becassine.grzesiak@edu.tbz.ch"|"U2pdza-lIG#fi-YRswPJ"
"marie-josee.pickin@edu.tbz.ch"|"gqO3RE-7qyVfz-&ZUVvC"
"marie-josee.roxby@edu.tbz.ch"|"1tPAk6-ZqW4&V-X@HRTp"
"leonie.feenan@edu.tbz.ch"|"5qjR2k-V80uPF-pZg87k"
"valerie.ellum@edu.tbz.ch"|"Dwo@VM-2JARKQ-Y7Kwmi"
"ju.caseri@edu.tbz.ch"|"KYCFZB-@4srSa-xY3mXX"
"boerje.strangman@edu.tbz.ch"|"lr3ppd-H7sAsB-F4hqGW"
"beatrice.ghidelli@edu.tbz.ch"|"WDhDSA-Lvv7SU-#UPOXa"
"da.jablonski@edu.tbz.ch"|"o0PucK-fo3YWM-tu7pU#"
"uo.beveridge@edu.tbz.ch"|"TOOoKb-wi9#cY-sMKfJ%"
"valerie.bestman@edu.tbz.ch"|"JyvGp$-vSyYjm-cSmE9B"
"marlene.pohls@edu.tbz.ch"|"tvdN#n-isxS4o-1mjwi2"
"ma.nolda@edu.tbz.ch"|"zIxtLW-eNBfHd-FggHdD"
"marlene.bisiker@edu.tbz.ch"|"WE%asF-lgd7PK-DqK3kU"
"estee.babon@edu.tbz.ch"|"iBVvk$-GYvOGp-lj8EGu"
"simplifies.dmisek@edu.tbz.ch"|"84F2B@-yARgUf-zDvpbb"
"selene.ganing@edu.tbz.ch"|"7&WGSQ-FD9bNX-MHMz&1"
"meryl.penke@edu.tbz.ch"|"kE9$Ji-yexdIY-XR5Ezr"
"anais.rawcliff@edu.tbz.ch"|"NAWV5a-JE3pv$-&MTC2J"
"melina.andri@edu.tbz.ch"|"ekkapk-p7hx0d-GPtrpT"
"audreanne.fodden@edu.tbz.ch"|"IgOYGj-@pH3jG-ZMlKrm"
"bjoern.spellesy@edu.tbz.ch"|"r#6CBo-hNlDpT-0Qidia"
"francoise.summerscales@edu.tbz.ch"|"gjquey-JGSg7d-99@E14"
"laurene.ashtonhurst@edu.tbz.ch"|"pavDEu-3aQbu9-ztsBM5"
"valerie.petters@edu.tbz.ch"|"aH6eqH-$LSC5X-7tnKJu"
"anael.spenclay@edu.tbz.ch"|"3G#9BW-8zq#Cs-mhLi&9"
"stephanie.keech@edu.tbz.ch"|"ZMGw@M-xLiYni-p1PiL%"
"ines.deveril@edu.tbz.ch"|"Qg@2N$-X7eRbC-krKDKu"
"berenice.gelder@edu.tbz.ch"|"ZU&9Wd-TkmMMm-g53acZ"
"melanie.ofogerty@edu.tbz.ch"|"UA657G-YGyy8v-L$vBf2"
"frederique.canepe@edu.tbz.ch"|"shuTcv-XyIzhg-&43dDL"
"nuo.otton@edu.tbz.ch"|"onKKv1-SFOKBK-K8K&qM"
"genevieve.trusler@edu.tbz.ch"|"wq8iIz-MFD@lY-ElALwu"
"ju.boag@edu.tbz.ch"|"Zf9eYq-Sjh6xk-i$5d$P"
"josephine.dilucia@edu.tbz.ch"|"MF8rkA-2vXVll-%dz5nC"
"laurene.armsden@edu.tbz.ch"|"$hc7RS-#BIhNH-RF@kVQ"
"becassine.griffe@edu.tbz.ch"|"ROKmkR-F@mdKZ-Efy0%c"
"alois.parres@edu.tbz.ch"|"dJQJ4B-EALJc8-ohQDUJ"
"cleopatre.gaffey@edu.tbz.ch"|"AhDa5d-QkMzPU-KiJxyG"
"andre.stiger@edu.tbz.ch"|"jsyeeo-%uACJP-FJy8Eq"
"beatrice.godleman@edu.tbz.ch"|"S2c7@H-AVPdF5-LZqUcr"
"hakan.harrhy@edu.tbz.ch"|"$LqeX3-IR$cYK-jhx3r$"
"celestine.dagnan@edu.tbz.ch"|"6ecQK9-Q$V6I#-lMcXW@"
"clemence.haggart@edu.tbz.ch"|"qhyri2-dFG%bW-EXhQtM"
"long.caban@edu.tbz.ch"|"FFyHV5-jSlECZ-YYr1HX"
"gaetane.grimble@edu.tbz.ch"|"uMIbZ2-wyGHuI-OW&fee"
"maelann.piwall@edu.tbz.ch"|"hxXHjq-rCYcbf-n0f1z2"
"magdalene.loble@edu.tbz.ch"|"qhOvaD-MGcH4v-zrkmey"
"veronique.domaschke@edu.tbz.ch"|"PBnl8v-f2cJoD-wVgclb"
"clea.herity@edu.tbz.ch"|"j55yGx-Jo7SxK-s4ET9@"
"maelann.bambrough@edu.tbz.ch"|"0Q#xLN-@tEzkn-LHeWl5"
"clea.goulstone@edu.tbz.ch"|"#@BIPr-55nJB@-E%k@$3"
"renee.deleek@edu.tbz.ch"|"#bZUdd-EVZ67X-b3R%#n"
"boerje.rudderham@edu.tbz.ch"|"#bHil0-CBunL2-fY1lRH"
"marylene.broune@edu.tbz.ch"|"JwvqqO-#xyq&0-sxvr#R"
"nadege.mccuish@edu.tbz.ch"|"w@1s9x-kbgCPQ-KGQMO6"
"anael.littleover@edu.tbz.ch"|"FjPWzR-hqgWqN-0r8Gal"
"lie.baume@edu.tbz.ch"|"DfeI4e-%7wO45-TJfta3"
"maella.murrow@edu.tbz.ch"|"I5y#0h-Z9aR4y-B2TzfC"
"cleopatre.pettifor@edu.tbz.ch"|"dl$b3h-m2@Kpy-QwMCQ3"
"geraldine.asker@edu.tbz.ch"|"Kg7Is5-ByHw8M-E21Nou"
"gaetane.smedmore@edu.tbz.ch"|"xqfRHR-zSKAOs-R2eTaa"
"meryl.blencoe@edu.tbz.ch"|"CbVugQ-6hl#K1-@fl4Z@"
"aurelie.chastaing@edu.tbz.ch"|"6BPoT1-#E1IBk-LIVVrn"
"oceanne.marthen@edu.tbz.ch"|"1q8a6U-IE7m3Q-&rEeuk"
"dorothee.burrill@edu.tbz.ch"|"#u&SdU-t$Q4PM-&gjjZt"
"hakan.belden@edu.tbz.ch"|"H1sHXR-cBnu0g-n7jKMC"
"celine.brunning@edu.tbz.ch"|"tqMgAp-JYt#Rh-xJGIJe"
"anael.lapides@edu.tbz.ch"|"0410Vi-cZ0RTr-Y7wGV1"
"ruo.saffran@edu.tbz.ch"|"%Pi1fI-AGo8ye-N&JnUt"
"loic.gerretsen@edu.tbz.ch"|"gVtK@8-j0kuO1-WTwTI4"
"rui.fitzer@edu.tbz.ch"|"kWM6Lc-Inhfo#-S%@FcO"
"annotee.ogers@edu.tbz.ch"|"Fv2nhi-c5SxTb-NY#15V"
"boerje.bindin@edu.tbz.ch"|"EVDvjY-e97AVw-FinjwN"
"ma.cronchey@edu.tbz.ch"|"TwJ355-Ta7VcD-U3qyBO"
"laurelie.baiyle@edu.tbz.ch"|"iqvw#A-c4GyfQ-2AE@qK"
"dorothee.older@edu.tbz.ch"|"NyWErS-6IsAGM-9JcOkN"
"laurena.wile@edu.tbz.ch"|"u0um6L-bLa7me-VVonJY"
"clemence.brito@edu.tbz.ch"|"5padso-tOY#gi-tFtBJ$"
"nadege.dallin@edu.tbz.ch"|"dmpMug-EvlrGq-sW0pvV"
"mailis.matley@edu.tbz.ch"|"Dc8ciS-iL2oIE-Iq%0lT"
"daniele.screaton@edu.tbz.ch"|"7bBNoe-sLeyn#-BUK$Ns"
"mediamass.godly@edu.tbz.ch"|"ef&pS@-txp%iA-$b$r$d"
"leone.kremer@edu.tbz.ch"|"EoATHx-WMfkaN-RiI8#W"
"asa.adrian@edu.tbz.ch"|"xDTgj%-SIl9gx-u2CB6N"
"adele.doley@edu.tbz.ch"|"rb$Mqx-S5goZh-t$SJoL"
"fei.sidney@edu.tbz.ch"|"7U63IC-PETxwM-tujDpW"
"marie-josee.walisiak@edu.tbz.ch"|"q#3Dw1-@5ko8S-5HMh0O"
"desiree.diplock@edu.tbz.ch"|"SI6t@z-Vz6e9y-hz5uQp"
"gisele.schust@edu.tbz.ch"|"9WqJeW-gR%$CZ-0BI0lF"
"ma.longshaw@edu.tbz.ch"|"@Czzgc-CpuVll-%qZGNe"
"da.boother@edu.tbz.ch"|"JlWNgu-BHi72C-87vos8"
"simplifies.chaudhry@edu.tbz.ch"|"uJ$EsP-Ct32gd-%4#Pi6"
"garcon.baniard@edu.tbz.ch"|"MH$a6O-7gEJfO-JCYS1U"
"gaetane.elphee@edu.tbz.ch"|"1jDgQH-uaZILg-txqSWZ"
"gisele.hassey@edu.tbz.ch"|"JXWZ8i-b480RT-k0&VBe"
"oceanne.booley@edu.tbz.ch"|"ivH6jR-#BrnTx-Wr3Vet"
"oerjan.dibden@edu.tbz.ch"|"J$wjgL-JMFurW-1WGbB2"
"regine.ocleary@edu.tbz.ch"|"n%$QsV-3KP4r0-LfUa1Y"
"selene.persse@edu.tbz.ch"|"EBuStr-c@&4$n-PZvmZJ"
"helena.adenot@edu.tbz.ch"|"y0OMu&-uIYSVc-lhrkW#"
"maelann.wassung@edu.tbz.ch"|"XmEz9E-hh8V$j-&SDpNv"
"frederique.ackermann@edu.tbz.ch"|"pfd9ay-o4Jgkv-SwUaVc"
"audreanne.kahen@edu.tbz.ch"|"%IYKgg-c6jrHl-BqBj0o"
"maiwenn.lasty@edu.tbz.ch"|"erCUla-Rnd250-jW#FXJ"
"yu.dictus@edu.tbz.ch"|"r3TDf9-E@2BXR-8sWsAM"
"anae.dukes@edu.tbz.ch"|"NHMeqz-2b%5ob-AgVNe3"
"yenora.warr@edu.tbz.ch"|"g%bxpR-KLifO$-gcHDEh"
"esbjoern.archibold@edu.tbz.ch"|"Y0w7gv-FhPl2B-E6M5lj"
"milena.pardal@edu.tbz.ch"|"HaERf1-X3KlKt-ou0vA@"
"celestine.graveston@edu.tbz.ch"|"f#nonL-ji#AV&-cG5XiZ"
"maena.dallas@edu.tbz.ch"|"&Xyu%a-bNAktU-N@iPLm"
"andree.tuke@edu.tbz.ch"|"e1KY1p-os0caR-1b4FWw"
"methode.seldner@edu.tbz.ch"|"w4GU1o-rs7LA%-9YFnMs"
"venus.bullas@edu.tbz.ch"|"mLim2y-Bep$WE-lhZe#a"
"mans.aguirrezabal@edu.tbz.ch"|"zfl48k-U7yXCP-eRQC2P"
"gaelle.eadington@edu.tbz.ch"|"k5FJQM-qVWBBo-BFT3hk"
"anaelle.falkner@edu.tbz.ch"|"@wRelB-zTviPF-Gsk456"
"ophelie.height@edu.tbz.ch"|"Pty10A-24f0pg-Ub%0eU"
"marten.bolding@edu.tbz.ch"|"w@AATD-By586A-8l$Maz"
"pelagie.guswell@edu.tbz.ch"|"52$ndk-xB&Nl&-88ufeA"
"gwenaelle.lecount@edu.tbz.ch"|"CgIl9K-#iwebh-dfyt#x"
"hakan.laden@edu.tbz.ch"|"hwReUn-aLx1Ep-@8klLm"
"marie-josee.hylands@edu.tbz.ch"|"ksUGYr-X7S$ZT-1OgMtN"
"zoe.kingshott@edu.tbz.ch"|"39vUK9-Gh0MVR-i7uRff"
"josee.janous@edu.tbz.ch"|"wONr1T-FKeRMJ-tIjwDt"
"laurene.gallally@edu.tbz.ch"|"e%yM5z-iJR#2B-Xz#sFh"
"anael.bickle@edu.tbz.ch"|"VIbmag-pucUvp-35Ib6p"
"mediamass.lebbern@edu.tbz.ch"|"QV9c7F-%kl#MT-WjC753"
"berengere.hovy@edu.tbz.ch"|"HxCEhs-rv8s8D-ecpCTR"
"oerjan.kilmurray@edu.tbz.ch"|"pVfGCg-EH40W9-7@tu6m"
"asloeg.venny@edu.tbz.ch"|"Zcvt73-qkoLKi-moBcSv"
"marie-noel.stoad@edu.tbz.ch"|"GNEZ6k-SUFter-NLzx6c"
"hakan.pettifor@edu.tbz.ch"|"uPvxBa-1FTYMB-&aIX8G"
"maella.willgrass@edu.tbz.ch"|"PZTLJt-lP8Hl4-ZCIVwI"
"therese.ludovici@edu.tbz.ch"|"U7uYZg-tW7FTi-sb3Zwb"
"stephanie.trewhitt@edu.tbz.ch"|"i1%z2M-Wd6djI-OL53jM"
"maerta.bauduccio@edu.tbz.ch"|"S2&Y0H-P4gwgJ-aluYEx"
"gaetane.glaisner@edu.tbz.ch"|"UKIjWW-kofGPL-Rs%rYj"
"naeva.pargeter@edu.tbz.ch"|"z93l7O-CU$JAB-AJvC%e"
"salome.venable@edu.tbz.ch"|"f4Xi0s-hmm3D4-1g#w1a"
"boerje.thickett@edu.tbz.ch"|"HsZ$tm-PLlH1h-hQQ@ma"
"lucrece.prendergrass@edu.tbz.ch"|"B9IXzi-NvySMk-pyO1nV"
"laurene.ockleshaw@edu.tbz.ch"|"JXk#FX-sqFM8v-nkjj94"
"cecilia.pasticznyk@edu.tbz.ch"|"B4dBBm-8uvZUU-0O7w70"
"stevina.mackey@edu.tbz.ch"|"lTeXJG-ber0Gq-chBW4f"
"marie-noel.reven@edu.tbz.ch"|"8mZRXl-mF%B&C-qd#AZB"
"melina.quilkin@edu.tbz.ch"|"8Kh&AA-CTcAid-bf&57H"
"marie-noel.ferrie@edu.tbz.ch"|"48gN%t-4EVmiG-tlU#3c"
"leone.alphege@edu.tbz.ch"|"27u7EH-LwAvay-2Hgeva"
"zoe.leverson@edu.tbz.ch"|"X@MDrv-UriR0y-8Ong%P"
"annotes.grayne@edu.tbz.ch"|"CtJXPK-RuX7fW-pjaCFU"
"faites.lalley@edu.tbz.ch"|"yYIsH3-ciWecO-UUQZFf"
"adele.wallis@edu.tbz.ch"|"4WJH$4-qmo$Ms-Z4Hw1H"
"severine.madill@edu.tbz.ch"|"Vp0dLF-bg7wax-c$uQRe"
"valerie.tebb@edu.tbz.ch"|"BoW08O-J10VTq-8bjDnB"
"kalliste.rasper@edu.tbz.ch"|"XSaU7x-RgYOAN-LvGpgB"
"audreanne.palomba@edu.tbz.ch"|"0Y543w-ZqzkO&-iuQfEz"
"elea.adamik@edu.tbz.ch"|"R6dlkV-ir6hbT-YG$7$$"
"reserves.jakuszewski@edu.tbz.ch"|"sg2y9e-pW$@dO-AV2$ho"
"athena.belhomme@edu.tbz.ch"|"W#8q35-DSc00F-2ef#lX"
"rebecca.crippin@edu.tbz.ch"|"PpU%zk-ucYqtW-sgl3sl"
"maiwenn.curman@edu.tbz.ch"|"BnAMO$-78f%gX-xktZAP"
"andree.bunner@edu.tbz.ch"|"MxUi7&-XGyaOA-ys2AOf"
"ruo.winckles@edu.tbz.ch"|"8SsE5J-fsGSY5-XRI&Mw"
"naeva.buntine@edu.tbz.ch"|"6L0943-I%q%sP-QBj7@k"
"boerje.dollard@edu.tbz.ch"|"Db2lt1-bcXYtH-7NMksj"
"penelope.gorman@edu.tbz.ch"|"eabsqM-a%lP1P-4vARJm"
"alois.robelin@edu.tbz.ch"|"O1scGp-WLT&16-GAS&DB"
"anaelle.tindle@edu.tbz.ch"|"nGZGCI-$6Z9kZ-lNLfwA"
"ye.frears@edu.tbz.ch"|"fFjFjX-IH$1@E-BoiAxR"
"andree.ovid@edu.tbz.ch"|"WDZqyo-B@Dwc1-iSpsKZ"
"hakan.peat@edu.tbz.ch"|"%x6Yfe-pXzBea-wE#QZs"
"andre.januszewski@edu.tbz.ch"|"gq3RTD-BG29Or-IwDICU"
"annotes.clemmett@edu.tbz.ch"|"ssPh7U-azNT6Q-tPtEUR"
"pal.lambswood@edu.tbz.ch"|"8Py587-Jd1$zr-oMB6U3"
"yao.lenton@edu.tbz.ch"|"$uufHs-ZxT#JV-ouMxSc"
"hakan.boyton@edu.tbz.ch"|"FLKW%n-jqqZsi-jOkk%a"
"nelie.forsey@edu.tbz.ch"|"Bs3263-z3C8@O-6ivOsD"
"hakan.horche@edu.tbz.ch"|"$zhSgj-6%iD$t-KJwO19"
"lorene.sinkings@edu.tbz.ch"|"eRFQtJ-8Cl2HU-QtB39d"
"marie-therese.creddon@edu.tbz.ch"|"VIeXMp-bIk4o#-K@T5Q7"
"berenice.tolworthy@edu.tbz.ch"|"1owm@H-@SR9BX-TCZszG"
"theresa.land@edu.tbz.ch"|"S7RFzy-C4fG$Q-C34J71"
"marie-therese.gianilli@edu.tbz.ch"|"0T#q3S-MVNdm3-kMM&5o"
"meryl.glew@edu.tbz.ch"|"x#&&h5-i%sx6A-wvx9We"
"adele.debling@edu.tbz.ch"|"zA5vTv-V9ajY#-1byANK"
"anae.metzke@edu.tbz.ch"|"PF25Ds-LlrNwW-ZfFNFA"
"gaetane.gooden@edu.tbz.ch"|"iVaj9P-adrcb9-TAsx7S"
"laila.bootland@edu.tbz.ch"|"G5R%w6-G67Y7$-8FRfZT"
"maite.helsdon@edu.tbz.ch"|"cOSysu-lcr%3v-FbSsWH"
"andree.malley@edu.tbz.ch"|"b8ErNg-d31j2H-dC2uNj"
"pal.simmens@edu.tbz.ch"|"Eu4GRt-aP@Ziz-oBwcGF"
"maelys.nuccitelli@edu.tbz.ch"|"l$c3db-ro9SLI-mSKgUQ"
"dafnee.sibary@edu.tbz.ch"|"x$2kzq-p25aGK-#0vpzH"
"alois.harsnep@edu.tbz.ch"|"1jegJt-uZVghj-oCTAoj"
"marie-helene.lacky@edu.tbz.ch"|"Vbvwep-UFvj8g-7heJol"
"mylene.youthed@edu.tbz.ch"|"7tcxav-yIicf%-y&f#0F"
"marie-helene.dehmel@edu.tbz.ch"|"UH2R92-ZIpF1Y-@Sh#Oz"
"angele.batman@edu.tbz.ch"|"0V$mIh-uzqLI0-q4c$@Z"
"melia.younghusband@edu.tbz.ch"|"OH7V2N-ny#itL-CxTJPg"
"eloise.baldi@edu.tbz.ch"|"4Swlpi-oyRl3Z-5Eo6V9"
"illustree.dun@edu.tbz.ch"|"k5PdLY-2X8ae#-c33uft"
"genevieve.late@edu.tbz.ch"|"QYnpIh-ZS4FwQ-wlRuKw"
"celestine.colville@edu.tbz.ch"|"eXiJ5Z-4rD4f3-fD#2T4"
"gwenaelle.scarlon@edu.tbz.ch"|"sg0iIg-VN8$8c-Z7rBf0"
"regine.boddie@edu.tbz.ch"|"S$jxPf-YYakp%-k2Grlx"
"creez.gaughan@edu.tbz.ch"|"Wr4TYz-GedeXK-L$khyk"
"gaia.longford@edu.tbz.ch"|"qslXm9-B3#Pa&-1h@EAf"
"mailis.buckby@edu.tbz.ch"|"4k5Xm&-Wll3xo-j#V6$t"
"song.parbrook@edu.tbz.ch"|"VNiw2L-yc7wUz-za#aPH"
"frederique.heddan@edu.tbz.ch"|"#C8PsG-@zmNJW-EANUGU"
"ake.kirtlan@edu.tbz.ch"|"SYiIJX-W9TgL5-S53keY"
"nelie.runciman@edu.tbz.ch"|"J8I&74-D1Daxn-nwT5$l"
"mailis.cardnell@edu.tbz.ch"|"I8bGLG-QMO3Uh-$Sgn$k"
"irene.navarro@edu.tbz.ch"|"PIpe7n-TIQsuA-Jaanu@"
"maite.cough@edu.tbz.ch"|"Z@Xplz-BzZMsi-Pxlsff"
"anaelle.stocky@edu.tbz.ch"|"W#KO&M-n2Y1s%-A1YRF%"
"methode.moulder@edu.tbz.ch"|"Ns#CWy-xhx25k-6bLqUZ"
"po.stafford@edu.tbz.ch"|"eP0weT-Wzf#3Q-EX4hOk"
"faites.scraggs@edu.tbz.ch"|"E@RkGe-N%d50p-T9JONG"
"adelaide.dullard@edu.tbz.ch"|"gpE@lB-QTkcRG-h15ZpW"
"desiree.leonard@edu.tbz.ch"|"E71ghI-lHtRQR-fGbMdn"
"geraldine.badgers@edu.tbz.ch"|"9ow%Z5-@sAfZQ-rCL8wF"
"ruo.masic@edu.tbz.ch"|"&Z#9bS-ZGtbGM-HBw%jJ"
"aurelie.lieber@edu.tbz.ch"|"To2Wh&-I#G8y8-54bDTX"
"naelle.balcock@edu.tbz.ch"|"%B5r6A-ZTtC$E-sy#tcR"
"camelia.elger@edu.tbz.ch"|"5SmOQ9-1BXxnj-GqhGBO"
"publicite.oakeshott@edu.tbz.ch"|"ie$ayy-UDigG4-QP$YX2"
"cleopatre.fawley@edu.tbz.ch"|"uM5%OB-5Czvhx-beF#aY"
"laurene.bruckmann@edu.tbz.ch"|"fZrOpT-1#M3mG-46uZ7#"
"rui.haughton@edu.tbz.ch"|"WuP9pw-J2LpSr-hXg96m"
"asa.ladewig@edu.tbz.ch"|"9QO7HZ-XCx7SA-@hl@PN"
"gisele.janecek@edu.tbz.ch"|"5R$wwj-sjq0$k-Jtj#DL"
"maily.loveridge@edu.tbz.ch"|"hyc8OR-opG91m-4xFXr#"
"marie-eve.yurkiewicz@edu.tbz.ch"|"s2eWCx-%6T#yk-3@U0uH"
"fei.roder@edu.tbz.ch"|"cA$uQA-w%Gpq%-%RwjvT"
"edmee.chatburn@edu.tbz.ch"|"b08sZ#-fsDTdj-oq$ELt"
"geraldine.darke@edu.tbz.ch"|"6c5Dsa-pBLrUe-HZ1$aj"
"ye.jira@edu.tbz.ch"|"ET$8kf-xPTUnf-mQGJcX"
"publicite.persent@edu.tbz.ch"|"sfaZx6-dG&V2t-bC6aci"
"severine.wilcox@edu.tbz.ch"|"Yd@Jgp-G#eXA%-x14w6l"
"yao.mcclaren@edu.tbz.ch"|"$Hs#4C-kyvhti-3LY#eh"
"theresa.foynes@edu.tbz.ch"|"NcyNP0-QKl#GT-oHeY4Z"
"stephanie.isley@edu.tbz.ch"|"IKL7jy-iJCnYE-0ptoZl"
"torbjoern.growy@edu.tbz.ch"|"@ZVW@G-jB6i2q-YSfHAd"
"eloise.tunnadine@edu.tbz.ch"|"a22Tzl-nzKA5J-h7LRVz"
"maeline.cossentine@edu.tbz.ch"|"6MJ4#e-8Q&CMM-wHpT#v"
"nelie.desantos@edu.tbz.ch"|"#Imhhj-7BEHDe-h7X$hM"
"gaetane.axston@edu.tbz.ch"|"3DD$Vr-3anvLY-2JA1xS"
"aimee.merman@edu.tbz.ch"|"ET7rCE-x0ByvY-CTmH@N"
"oerjan.drivers@edu.tbz.ch"|"gS0w@I-6BQ%Tg-1&F6Wt"
"aimee.miroy@edu.tbz.ch"|"#w48sM-uGabnN-0DAEII"
"nelie.glyde@edu.tbz.ch"|"oqqLFA-llvh9g-LKK1s1"
"hakan.kapelhof@edu.tbz.ch"|"QuyGSg-Lv7QLC-TRlTDb"
"maelyss.cauley@edu.tbz.ch"|"YBjYD5-LpY@nu-LC#yro"
"elea.vaggs@edu.tbz.ch"|"rhz$@8-O3%pva-%%h1jU"
"maelys.but@edu.tbz.ch"|"mQEkN3-55il0Y-cNNz4j"
"maella.arthurs@edu.tbz.ch"|"ry4T1b-yV62$s-D2E4wc"
"adele.liebrecht@edu.tbz.ch"|"mDB1oT-ljfJUk-GfY%Kn"
"meline.lomasny@edu.tbz.ch"|"8beX$U-3#atEb-CcDQLK"
"mediamass.schwant@edu.tbz.ch"|"3yLyew-4BUEYq-wYzy$5"
"leone.saunt@edu.tbz.ch"|"PQIjMn-cnuo$E-5joa2T"
"annotes.gouch@edu.tbz.ch"|"PIeEAV-uI096C-%Q6FSd"
"gaetane.bowich@edu.tbz.ch"|"tQoZTG-j@hkHR-E18aJg"
"alizee.strelitzki@edu.tbz.ch"|"8CwyD&-Ipp2RF-XOnhi2"
"leone.poile@edu.tbz.ch"|"wV#R%U-Ylrv@b-s78ym9"
"amelie.saban@edu.tbz.ch"|"oLntcE-zIqScL-Pa3Fna"
"marten.mcmenamin@edu.tbz.ch"|"SXD#bT-tVCAY%-6NRviN"
"becassine.keets@edu.tbz.ch"|"xY4DqC-Z2URaK-q1Vwu#"
"celine.million@edu.tbz.ch"|"zlVROZ-LkpeuJ-$QUvKR"
"geraldine.belitz@edu.tbz.ch"|"fhKaYn-wt2RpP-H3Vksq"
"salome.mardling@edu.tbz.ch"|"5XZVWR-1@mxiG-WfR3v6"
"melia.blakemore@edu.tbz.ch"|"2fYlsT-Eb1b1B-pVubcC"
"dafnee.mcaulay@edu.tbz.ch"|"fPnq2$-bDd9Ng-6OQ&bT"
"garcon.dennett@edu.tbz.ch"|"ofbX@B-clB5jC-RW5rzH"
"interessant.lesor@edu.tbz.ch"|"xNoDn@-FtnDBK-en3tf0"
"annotee.wasbrough@edu.tbz.ch"|"@OmzNB-ZqQGgL-y8ShOP"
"asa.ibbeson@edu.tbz.ch"|"x2@JGs-b%&DcU-u6W@I6"
"maily.kennealy@edu.tbz.ch"|"S2L@SC-wL6EyM-71RAHh"
"ye.seares@edu.tbz.ch"|"m3OEUb-h$a&XH-4&HWGL"
"athena.harbron@edu.tbz.ch"|"eZytqS-6uHyNZ-c1kN15"
"andreanne.portail@edu.tbz.ch"|"Nu9tW%-O1M4Py-&MAjSH"
"goeran.zannelli@edu.tbz.ch"|"bzrxBn-EHtS1w-uWoWRA"
"gerald.leathlay@edu.tbz.ch"|"rgWWHk-N#nRfO-bSKxem"
"andreanne.chown@edu.tbz.ch"|"7JqALj-UP9Qy6-wrHLVS"
"esteve.clementel@edu.tbz.ch"|"Wijs5q-dqo%0Q-OrUZKC"
"leone.legan@edu.tbz.ch"|"m%#kNl-6bQVAM-ZhgOaZ"
"maena.pownall@edu.tbz.ch"|"YT0C8L-74ewj9-hjCBbs"
"andree.rettie@edu.tbz.ch"|"X7MrME-7GaRtC-gqNKbt"
"ines.kenwrick@edu.tbz.ch"|"cIwoOC-RkndzI-RS5Kfk"
"marie-helene.yarnall@edu.tbz.ch"|"1N1arm-6Q9bDV-jAtz7p"
"po.martin@edu.tbz.ch"|"BQJwY9-&lji#G-L@HjmX"
"ruo.celiz@edu.tbz.ch"|"yhVEEZ-n9yYUn-tIzSpg"
"po.bissett@edu.tbz.ch"|"@9oMQO-8W2MQ4-CxR3ro"
"du.swindon@edu.tbz.ch"|"wko@xq-ZF&18N-oFl51Y"
"interessant.gouldthorp@edu.tbz.ch"|"yOgWWq-Y&G%3S-s#B2CS"
"leandre.lilburn@edu.tbz.ch"|"LpPFBS-KnmE3O-c8NV8b"
"bjoern.whales@edu.tbz.ch"|"&AM8sf-Ud7Mj$-wBVl9Q"
"interessant.dieton@edu.tbz.ch"|"$6zN9P-WWS5S4-8XfVAy"
"celestine.redhills@edu.tbz.ch"|"r77HfC-vyhvFB-eeV4Js"
"tan.yakovlev@edu.tbz.ch"|"WO1hJ4-yYg9un-WI5o3h"
"regine.mcdowell@edu.tbz.ch"|"HeBR0K-@jQimi-mJ0fX4"
"ju.coysh@edu.tbz.ch"|"gpNkNz-tTcWXe-Y8fqqA"
"reserves.ofallon@edu.tbz.ch"|"D1H5VO-Po2HyR-NYrT0&"
"frederique.sobey@edu.tbz.ch"|"oGc4cg-&lpt66-Wo#Vin"
"marie-eve.garstang@edu.tbz.ch"|"H7OTNb-qOzUW%-3YV#Tc"
"andre.tapin@edu.tbz.ch"|"MYGfd2-k#uGPq-PD%8If"
"esbjoern.eynon@edu.tbz.ch"|"flMVA@-jCxQmz-h1aO1H"
"maella.duffy@edu.tbz.ch"|"P8RGvZ-BMFAtp-e7AQI3"
"leandre.twinning@edu.tbz.ch"|"J26&nX-QeLBz0-xYvrrT"
"mai.whittingham@edu.tbz.ch"|"g$YRlS-&1f@3K-GCja1E"
"rachele.shevelin@edu.tbz.ch"|"K0zw@M-hgf4hj-7DV#R$"
"cecile.mcure@edu.tbz.ch"|"mMK79%-%U2E0X-UNkR3f"
"marie-eve.yurkevich@edu.tbz.ch"|"wDrWwW-A5T9s@-OYN9jb"
"almerinda.paice@edu.tbz.ch"|"uqfDi3-ygKAJ0-V@seNv"
"rao.howkins@edu.tbz.ch"|"zG#EMN-MqN&Sj-lVz6ln"
"serena.pack@edu.tbz.ch"|"rBY1ya-TdKpTT-jzqauO"
"rebecca.mant@edu.tbz.ch"|"$n5O3d-noHz78-aQKat8"
"reserves.spitell@edu.tbz.ch"|"sQizua-$ys42l-O$Q#tI"
"garcon.hamfleet@edu.tbz.ch"|"mUyL6i-$MeB4H-w1ZEYL"
"methode.kerkham@edu.tbz.ch"|"QBYe5h-PzgHpd-UsE6l2"
"pelagie.camies@edu.tbz.ch"|"82i7gV-66hXhP-qtUyXN"
"josephine.macpharlain@edu.tbz.ch"|"B6ZrX0-$4W7oL-4v82KO"
"eugenie.mathet@edu.tbz.ch"|"QaGdl0-jHgPVg-@ujkkU"
"gaetane.brangan@edu.tbz.ch"|"OY0u&I-Bbrbmk-FAQvsQ"
"michele.dewbury@edu.tbz.ch"|"QhGqBf-VpxM2@-nqoQ@K"
"eugenie.elcott@edu.tbz.ch"|"wPS1m&-2dar5N-3X0ay0"
"megane.harniman@edu.tbz.ch"|"6qyPWF-rD5LcE-P4Sxs$"
"agnes.cluney@edu.tbz.ch"|"5pEXx8-33WLLk-1sM7XC"
"marie-helene.angear@edu.tbz.ch"|"mNwJSa-b4b3$Q-1Sf4&$"
"melia.dolphin@edu.tbz.ch"|"ZZ@cHh-iECohg-KhkhCL"
"lois.ruseworth@edu.tbz.ch"|"Zy6PIX-#lWvcW-6uOWK4"
"mailys.ryding@edu.tbz.ch"|"MbvgL$-Ro5Ovz-g&4W5S"
"rachele.wulfinger@edu.tbz.ch"|"t7NlWl-C%XR34-p%n9kW"
"gwenaelle.talton@edu.tbz.ch"|"0Y8DJk-f%1Qnj-$8MSv5"
"long.ronchetti@edu.tbz.ch"|"eqQgM7-ePVmRb-8nNvsC"
"styrbjoern.kloska@edu.tbz.ch"|"Fm7PjQ-VaKnJK-DXa5%h"
"len.sudran@edu.tbz.ch"|"U1h#hB-o8VT0u-#642fB"
"maelle.andrysek@edu.tbz.ch"|"kI%@p2-S&HYMC-J0cmrb"
"selene.senior@edu.tbz.ch"|"6R8KCQ-qBzFT#-YuXMKy"
"anais.joskovitch@edu.tbz.ch"|"5&2q$s-uq62qA-w5r&ip"
"marie-noel.dally@edu.tbz.ch"|"WVi4yO-wTjsmQ-XsFky6"
"marie-helene.laurence@edu.tbz.ch"|"BH7N#h-SH#Y&1-0AE9$6"
"camelia.foxon@edu.tbz.ch"|"MBEHrx-ywjXcE-8qKvuN"
"helene.cankett@edu.tbz.ch"|"MJUaAv-cHoV@c-ffk3vv"
"marten.mitchelson@edu.tbz.ch"|"ux#dUF-sf$pxg-amZatU"
"helena.stirtle@edu.tbz.ch"|"N%%@3x-wfyDWp-AXXUf2"
"leane.barmby@edu.tbz.ch"|"tzMcco-%$5RcF-$D1Hu6"
"goeran.ofinan@edu.tbz.ch"|"abkrC6-X8ik$8-tcdBlq"
"styrbjoern.proby@edu.tbz.ch"|"vR#Ixl-1iPo0B-3elL@M"
"zoe.halse@edu.tbz.ch"|"GV9Pye-Eomirn-a2TYGT"
"kui.drable@edu.tbz.ch"|"yKR&br-2odXCe-4mcBhT"
"desiree.bamford@edu.tbz.ch"|"HBd%EN-UJlCXu-ZehhPZ"
"zoe.suller@edu.tbz.ch"|"Qx5MwF-yNmVKP-Er%7gB"
"marylene.audiss@edu.tbz.ch"|"%yBx@V-M3&H2K-5I1dJu"
"adelaide.poznanski@edu.tbz.ch"|"Wmkwsf-snmoxD-SrRp6B"
"maella.coleyshaw@edu.tbz.ch"|"$SXaq6-T9HWGi-X5SjLk"
"marie-francoise.gelder@edu.tbz.ch"|"NLwN8a-beZxu2-GBBhon"
"eleonore.chaffyn@edu.tbz.ch"|"X0MFer-WTluWZ-r5IqjP"
"celestine.sikorsky@edu.tbz.ch"|"iFzKS@-XZPPsK-8NJj&T"
"stevina.londsdale@edu.tbz.ch"|"$FTbX&-%s4Qcn-Ji8lU5"
"maiwenn.nevitt@edu.tbz.ch"|"@jSeOd-ARTL#9-Prh@qM"
"magdalene.gerrey@edu.tbz.ch"|"@MLclx-OZC5CN-ELhSOt"
"becassine.latimer@edu.tbz.ch"|"gZ54EW-5uCkDn-2%03Ew"
"da.lethibridge@edu.tbz.ch"|"VEpn3V-yL72Wn-6dgguA"
"mailys.claige@edu.tbz.ch"|"uABxBi-uegvNQ-$XZavt"
"maena.torbard@edu.tbz.ch"|"lKjOMK-YIVIQf-Yz@OC0"
"solene.lyvon@edu.tbz.ch"|"GLx9Yl-Mcmb93-vKn3NG"
"marie-therese.benbrick@edu.tbz.ch"|"rhBPQ7-w2nRYD-8dCvF2"
"gerald.edmonson@edu.tbz.ch"|"6%ZVUk-v6s$gX-jXEiNu"
"ake.messruther@edu.tbz.ch"|"3WNSsq-L1i%HF-XDXfE@"
"men.gosneye@edu.tbz.ch"|"nWJdnn-dowkpl-bxXwUk"
"anais.jefferys@edu.tbz.ch"|"AblqH3-1GLSi@-e1Hp%V"
"publicite.tregale@edu.tbz.ch"|"9DN@yq-0Mr&@f-VhoT$V"
"maily.santorini@edu.tbz.ch"|"rMMbNT-RKG&cT-fsPF#R"
"ines.pioch@edu.tbz.ch"|"C8xoBj-6j3%Lq-sziO9B"
"noemie.marklew@edu.tbz.ch"|"8ObuBJ-nF&EVw-XwJEcy"
"meghane.maccaffrey@edu.tbz.ch"|"yyvDvq-cwXXKw-H4tDNC"
"berangere.ambrogio@edu.tbz.ch"|"oLNqQP-HGPXqK-$ybabN"
"mediamass.ryce@edu.tbz.ch"|"&bjK0a-M6okdx-WLKtLu"
"oesten.ubank@edu.tbz.ch"|"EZjdIh-bGAEaX-u3&cQl"
"melina.mackee@edu.tbz.ch"|"tKqiNa-BVoi@B-835EXI"
"theresa.livezey@edu.tbz.ch"|"g4Ua9t-&ekdf5-XCd62d"
"clemence.weal@edu.tbz.ch"|"0l87mN-2o5Xc0-WjSFMt"
"faites.overton@edu.tbz.ch"|"&5q&eC-VlLp1u-p9B6P9"
"clea.lindblad@edu.tbz.ch"|"aa4Xfb-Jdx2gz-veUCu5"
"josephine.roseaman@edu.tbz.ch"|"K7n8u8-M4ouep-gii@Bm"
"oesten.lowbridge@edu.tbz.ch"|"57dyAf-egyhrl-KDepaw"
"marie-josee.brion@edu.tbz.ch"|"ZB#N#@-Tps&EP-7gK1Oo"
"therese.basili@edu.tbz.ch"|"@6xZ29-dlfmET-Z7O#uV"
"melia.vertigan@edu.tbz.ch"|"k4dd$D-nb3D9K-Po6WvG"
"judicael.saull@edu.tbz.ch"|"jU8%#r-gLgRgr-TkqheP"
"selene.valentine@edu.tbz.ch"|"jgtEI%-Xwoj$@-@o34BA"
"verane.dunlap@edu.tbz.ch"|"GI6UkI-oFVzGT-$tYxLx"
"meline.kinnear@edu.tbz.ch"|"7g8fzo-39BKiH-KY6oiH"
"lei.luttgert@edu.tbz.ch"|"pBZpSp-dhrD4R-%f2Qpi"
"styrbjoern.lathleiffure@edu.tbz.ch"|"j&Fk6@-QHJw0U-1KVIjJ"
"marlene.blasi@edu.tbz.ch"|"l1Zsh8-U$QPB1-d9Pq@3"
"mai.begwell@edu.tbz.ch"|"VWOpWh-flnHZI-##wC23"
"gwenaelle.kaines@edu.tbz.ch"|"HthJHf-cAzsBb-XrmRL8"
"gerald.adamthwaite@edu.tbz.ch"|"UdR1d5-CxEs2S-w$Pr9I"
"kui.hartfield@edu.tbz.ch"|"mSapeY-&OcixJ-sHrZKC"
"salome.currao@edu.tbz.ch"|"9ttd7Z-JuB4qZ-z%hAre"
"angelique.tixier@edu.tbz.ch"|"w4bh98-CHgR2w-psM4Wx"
"ju.mcgragh@edu.tbz.ch"|"1jt&T6-Qbk0Hx-PJJr9$"
"dafnee.beachem@edu.tbz.ch"|"&qUdMp-yIZgCp-h6vD0o"
"creez.terlinden@edu.tbz.ch"|"0UoH5I-tw&n$v-$ELfSK"
"uo.mcskeagan@edu.tbz.ch"|"wNTrqB-yjp%Xb-ux6BwL"
"edmee.mccaughren@edu.tbz.ch"|"OF%gcq-gUS#x2-CRoL#h"
"asloeg.cozby@edu.tbz.ch"|"YaoNGF-tk99lf-1UGhEq"
"melodie.traite@edu.tbz.ch"|"QWHg%c-LsPzZJ-oIwj@W"
"dorothee.aindriu@edu.tbz.ch"|"$zwWTM-J94IcZ-2AKvE#"
"daniele.doley@edu.tbz.ch"|"awsgCy-ELX8kK-b9ua8J"
"mediamass.fairclough@edu.tbz.ch"|"1fRYlo-yNexKf-hpBKEG"
"lorene.rainforth@edu.tbz.ch"|"Ypqz&O-DQL5ai-yPtEC0"
"leonore.eyer@edu.tbz.ch"|"MCQA#Y-jzJlvw-9$CJJo"
"po.spillman@edu.tbz.ch"|"y4ktA&-YHspBx-W6d@rL"
"cecilia.plitz@edu.tbz.ch"|"cfQRXF-Y45D2s-$yRcfh"
"lorene.ludlow@edu.tbz.ch"|"iAYToA-s6lVGZ-&F@%u7"
"berangere.neligan@edu.tbz.ch"|"#&7HGB-lUDJD%-AeYD0D"
"simplifies.huggan@edu.tbz.ch"|"Bo4ClL-yYfTyo-MBoNUB"
"clelia.prandy@edu.tbz.ch"|"n&dE#y-AP8vm0-GNq8uT"
"ake.osban@edu.tbz.ch"|"kaehwV-gq3@9k-C7cyv4"
"cunegonde.brunn@edu.tbz.ch"|"XcXiaR-vP7G94-5CNwbv"
"long.grizard@edu.tbz.ch"|"QTga1N-u79zyR-VG0k4Q"
"meghane.diss@edu.tbz.ch"|"MHenCK-mk7hsu-30KcN2"
"therese.oldman@edu.tbz.ch"|"sKYx0%-qQlHlT-75wVvy"
"boerje.scamerdine@edu.tbz.ch"|"NYsE0U-1d9eco-ubJDhk"
"du.saban@edu.tbz.ch"|"Ep$Cbg-99MZ0v-P1#XOw"
"hakan.clynmans@edu.tbz.ch"|"f45%8J-gotMS2-#tRQBH"
"wa.macdowal@edu.tbz.ch"|"Busl%E-5fFxhK-@&EnpC"
"venus.hatrey@edu.tbz.ch"|"hiQYrp-1nnohQ-RB0Z1Q"
"anaelle.vispo@edu.tbz.ch"|"Im#OSV-lKAeF2-l6q@NR"
"mahelie.ollcott@edu.tbz.ch"|"declGD-KVbaf#-%%ogpn"
"mediamass.whyman@edu.tbz.ch"|"O@iYlb-$YbEKx-bvkqJ6"
"esbjoern.basson@edu.tbz.ch"|"&OprWU-oa0P0j-Hduf9I"
"andrea.morrill@edu.tbz.ch"|"8GlFnt-#D@B4J-0S%rP@"
"melys.grassi@edu.tbz.ch"|"yRsCZS-T&fQwN-JjOM#w"
"leone.poleye@edu.tbz.ch"|"E1jktd-BJGNI5-i@14z0"
"francoise.penny@edu.tbz.ch"|"cctrV3-E1ODOy-0jqjZS"
"rebecca.edney@edu.tbz.ch"|"98Uwx8-nsAozd-Ohu4BS"
"adelaide.murtagh@edu.tbz.ch"|"zCXEA8-%8QhDH-mI&c@Z"
"stevina.winterbourne@edu.tbz.ch"|"n61MHL-IuMUhR-0uSPGA"
"ma.cottom@edu.tbz.ch"|"Jy18CC-%X7LLM-UzI0tG"
"tan.harold@edu.tbz.ch"|"JVZah3-&ptLDt-cu2VjJ"
"venus.forte@edu.tbz.ch"|"cTwWr5-t%EYq0-V7gaoo"
"almerinda.oluney@edu.tbz.ch"|"0LFY6p-8Xr$Of-gKZZbC"
"cleopatre.brehault@edu.tbz.ch"|"O6jqJ#-VjZjSb-eqZULU"
"interessant.lapides@edu.tbz.ch"|"mM##00-Sq1cfg-%xcrWW"
"reserves.hallatt@edu.tbz.ch"|"wYUp7f-a#$D0U-gprZJb"
"annotes.birdwhistle@edu.tbz.ch"|"8hAYn1-8z#4kx-qd2H@e"
"ai.dredge@edu.tbz.ch"|"AfuBnl-j4#2yG-Ee$Dld"
"megane.mussard@edu.tbz.ch"|"jCz2r7-L4pbSp-$8ynkM"
"esbjoern.gowrich@edu.tbz.ch"|"g0gpEH-meDaG4-ry0JsM"
"boerje.brislawn@edu.tbz.ch"|"jfFzB2-qUGVGZ-5cEZuX"
"becassine.wilce@edu.tbz.ch"|"hkzVlA-wAeDVT-CeSVcg"
"personnalisee.oels@edu.tbz.ch"|"TEUCLL-2CCtCh-LQeF3p"
"verane.pett@edu.tbz.ch"|"Vvi9Nl-Ks@E&9-1E5hby"
"marylene.glewe@edu.tbz.ch"|"evwf#A-vhp#@L-$VlQY8"
"lai.elson@edu.tbz.ch"|"#Sc&tM-AnRP8T-Ib1lVE"
"serena.difranceschi@edu.tbz.ch"|"m7@Cl8-rqz7I6-os7Gop"
"lie.espinel@edu.tbz.ch"|"aWc#Kg-BdjlKa-b6i7lT"
"marylene.fantini@edu.tbz.ch"|"o%uxCL-8CzH$6-%dv9zK"
"andre.archdeckne@edu.tbz.ch"|"S$o$c1-@zl&&r-J4c8Rv"
"goeran.bohlingolsen@edu.tbz.ch"|"Qb0mif-vekCP8-uH@Y9n"
"cunegonde.heffer@edu.tbz.ch"|"a5aeor-vXmOTo-xBbBYW"
"tan.fechnie@edu.tbz.ch"|"t%eR9s-1fBk#u-RR2aoZ"
"marie-noel.brammar@edu.tbz.ch"|"9oFEIV-plVsiD-UCjBHX"
"simplifies.aven@edu.tbz.ch"|"lwf$0q-Qy15uX-hDk@Cd"
"melys.pinchen@edu.tbz.ch"|"k4JVfJ-h&EylQ-P7ChGb"
"edmee.joyner@edu.tbz.ch"|"qelheL-slYkEC-vj7OtP"
"berengere.edess@edu.tbz.ch"|"98ksrK-mL3Qhe-U7RBsv"
"marie-noel.goward@edu.tbz.ch"|"CC#5NJ-a2nnW1-dTQ@w@"
"ju.edmons@edu.tbz.ch"|"&YNGkv-yXamzI-uv1J9Z"
"frederique.airds@edu.tbz.ch"|"AgqyvJ-gyMKlm-T$iNE7"
"reserves.dauby@edu.tbz.ch"|"VvbbwM-H9ho2V-jgpZ3k"
"hakan.gynni@edu.tbz.ch"|"tAN@FX-P1$jk$-@#%R5s"
"leonore.pinwill@edu.tbz.ch"|"5E&vCd-Ju4USD-g54Nbu"
"marie-eve.mcallan@edu.tbz.ch"|"pI&dCo-0xKOsK-qw1l7r"
"naelle.yeabsley@edu.tbz.ch"|"BbqEWg-ZmmCla-E6O%Vs"
"nelie.jacobovitz@edu.tbz.ch"|"7%zgzb-TPUAuq-C2Iphh"
"adele.conelly@edu.tbz.ch"|"9X#G6G-xpNn@f-$cODQJ"
"clementine.dondon@edu.tbz.ch"|"wHI&yi-ewUm5%-BnPIfE"
"zhi.willcot@edu.tbz.ch"|"A1&hbt-DqbF3k-bE8QH6"
"chloe.janicki@edu.tbz.ch"|"LLzrZG-N2uyjh-uhUb85"
"meng.linde@edu.tbz.ch"|"KWo$OT-KIqXHY-VIXgkN"
"celine.janisson@edu.tbz.ch"|"YUewGQ-ROFW9E-NARY71"
"clelia.crow@edu.tbz.ch"|"jQ4LuV-SosMSL-YpXHn&"
"cecile.pyott@edu.tbz.ch"|"fbiFTO-UWfa6a-rHn2TV"
"ma.fidelus@edu.tbz.ch"|"F3jGhH-OZdcpi-m6m1Mj"
"marie-helene.poore@edu.tbz.ch"|"yGStfh-5tPEDP-8G6Nfl"
"elies.blanket@edu.tbz.ch"|"DsU0YP-WtaL6K-7t&s9b"
"yu.boyer@edu.tbz.ch"|"k5%f&P-skykX9-dCCSs@"
"celia.welds@edu.tbz.ch"|"CcDBkj-4Fjn0S-&FHnE$"
"du.gunney@edu.tbz.ch"|"NfRVaw-wy@tos-AkvF1o"
"goerel.crush@edu.tbz.ch"|"vl32hR-zmCeOb-&qYkua"
"marie-josee.brosius@edu.tbz.ch"|"vQhWs2-t0Q%v0-ajp#fH"
"camelia.adds@edu.tbz.ch"|"OX8EtV-1pC5tU-Pxm6kq"
"anae.irwin@edu.tbz.ch"|"4#$xz1-42%75Y-P6G6Az"
"cleopatre.skeffington@edu.tbz.ch"|"kpbsHC-XGj9Ii-w$pqk7"
"gerald.suggate@edu.tbz.ch"|"i&NMMT-8T3R76-oxpWuE"
"laurene.tailour@edu.tbz.ch"|"Me0fqW-m$g48K-CTJVHr"
"amelie.hoble@edu.tbz.ch"|"@e#20N-HjxkeM-&2vym9"
"venus.getch@edu.tbz.ch"|"m8BQTK-5y12mW-soQ@%P"
"renee.treby@edu.tbz.ch"|"TemKRL-1AQaFZ-z3lQsU"
"almerinda.stait@edu.tbz.ch"|"CdMwuk-vp59Y6-HYqNps"
"andree.reddecliffe@edu.tbz.ch"|"Mb9J2&-8Unl3j-khvU#z"
"leone.wintle@edu.tbz.ch"|"jWmvAU-cWNtzf-gdVw&M"
"gerald.fellow@edu.tbz.ch"|"H9#GRU-UBPjxp-HX6F$j"
"ju.gudger@edu.tbz.ch"|"#3y8EB-i$XhiH-DOfwG2"
"meng.ohaire@edu.tbz.ch"|"i@e26j-kPwAK9-t#itQx"
"cleopatre.missington@edu.tbz.ch"|"8PgXl%-030Xzo-6rZSEk"
"annotes.debruyn@edu.tbz.ch"|"n$pjwb-$cXx5z-BcqurH"
"gerald.sinisbury@edu.tbz.ch"|"z&%kJ&-FAEvJ@-xI%mTU"
"creez.slora@edu.tbz.ch"|"tzPET5-NUArMP-iafhhE"
"gisele.benbow@edu.tbz.ch"|"HrezFi-t@bE8L-zPsRcF"
"pal.dossit@edu.tbz.ch"|"42724l-faEKrz-BVE3jA"
"nelie.stirrip@edu.tbz.ch"|"RUqSeU-dP@4Np-7WiQ@7"
"alois.ocrigane@edu.tbz.ch"|"%vFqu6-7WdIMm-e97cqD"
"kui.mcterry@edu.tbz.ch"|"uAV1Dr-W&OyOO-TSNQhW"
"long.willgoss@edu.tbz.ch"|"o6UvgL-iJRYl0-h8qH46"
"francoise.sumpner@edu.tbz.ch"|"ZptPCq-45pMVZ-oGa#Py"
"maely.grinstead@edu.tbz.ch"|"h4ovW9-r4i4pX-J75SmU"
"creez.langeren@edu.tbz.ch"|"YA1ySF-U5iv$S-%o4TAr"
"adele.dungate@edu.tbz.ch"|"CFZ8Wu-Di8Kxz-#H9lha"
"cleopatre.noirel@edu.tbz.ch"|"k$06Ae-yHh19i-AKrh&C"
"interessant.daverin@edu.tbz.ch"|"n5DQ0U-&x@mBp-PeEDhD"
"naeva.kalderon@edu.tbz.ch"|"vQkrFn-zb1K3V-f2KozB"
"anais.oshesnan@edu.tbz.ch"|"To4Fn%-blMKnA-zrU7tA"
"judicael.anelay@edu.tbz.ch"|"v6QM5k-l%bz$C-s@6mfF"
"eloise.braxton@edu.tbz.ch"|"t@G1j4-16Qj7w-IoFhG#"
"desiree.greguol@edu.tbz.ch"|"dzwNnt-G0L$1I-$g64He"
"maite.mcclenaghan@edu.tbz.ch"|"9HCi21-QJeIOV-V6xv6b"
"meng.doret@edu.tbz.ch"|"1kty&6-JPUu@4-Tol0mt"
"frederique.chippendale@edu.tbz.ch"|"WOL0Fi-sw0vV6-MQcf9U"
"andreanne.lanney@edu.tbz.ch"|"a8Dj8o-fgftZ9-f1O5cS"
"aurelie.claus@edu.tbz.ch"|"2Tu4zG-tkkFVD-qmsYM4"
"renee.pabel@edu.tbz.ch"|"db@98Y-4Y2Wk6-eRqR2P"
"maena.roust@edu.tbz.ch"|"&17iov-zNgXQB-Wi4Q$U"
"nadege.carwithim@edu.tbz.ch"|"Ctha8M-LMc$cl-i0goI%"
"solene.geyton@edu.tbz.ch"|"g2ewgn-1OpkL7-7SiCVV"
"dafnee.avraham@edu.tbz.ch"|"mZ@z$$-NbdjVN-b5QsKu"
"leane.woolvin@edu.tbz.ch"|"jye1@@-&0taJ8-lBICYk"
"adele.macadie@edu.tbz.ch"|"@NNo2T-c2Xma3-&NzQjq"
"meline.rubica@edu.tbz.ch"|"wLU3ux-A4GHxA-zcHEs8"
"marie-noel.speeding@edu.tbz.ch"|"TzqgNc-GQ#0Xi-K7OyIf"
"nelie.mix@edu.tbz.ch"|"LvsnS8-QVBhFh-m0&EBx"
"clea.ollett@edu.tbz.ch"|"355mnX-lHPajz-L3biC4"
"leandre.mcgavin@edu.tbz.ch"|"V2UX&P-dISQTg-fgo5x#"
"cecile.behne@edu.tbz.ch"|"sZJMns-UuPTzb-cg@o9J"
"melanie.polle@edu.tbz.ch"|"TA8xmj-NKCj6W-7Glw8p"
"marie-josee.titmuss@edu.tbz.ch"|"f8XQVd-z@8@$r-kaBVs2"
"helena.guest@edu.tbz.ch"|"R@f7zU-cCd@uj-dD5#$m"
"annotes.chicchetto@edu.tbz.ch"|"4w@lMX-3c1Tio-TIgQgi"
"melia.tubb@edu.tbz.ch"|"R6FDQd-zFFkdk-VZOBEK"
"angelique.casetti@edu.tbz.ch"|"E8MA6Q-C91m&g-OIjXGH"
"cunegonde.cleall@edu.tbz.ch"|"179MHJ-slUcFv-sf661Z"
"camelia.oaker@edu.tbz.ch"|"S97p0L-@&flAp-pRf@ou"
"you.searight@edu.tbz.ch"|"VNJ8cJ-pe1Lil-u$75kN"
"kevina.dederick@edu.tbz.ch"|"OAjZCv-IyGcT&-Beiqjx"
"milena.jeffrey@edu.tbz.ch"|"BJQL3d-gTem&P-8JTm8x"
"melodie.barkshire@edu.tbz.ch"|"hA@$jY-gvLEPT-by&Yii"
"gaelle.kreutzer@edu.tbz.ch"|"YYS5xM-GASFwd-8L@0M3"
"kalliste.kleinpeltz@edu.tbz.ch"|"unCx@3-ZKAbhn-n&M8%$"
"clementine.danat@edu.tbz.ch"|"yUiMRT-h205Dn-YDr555"
"andrea.wabb@edu.tbz.ch"|"aPG&x#-ThhSus-UmtXHX"
"geraldine.piesold@edu.tbz.ch"|"46NfPF-z0qbkU-SKJRyh"
"tan.fiveash@edu.tbz.ch"|"n9mjt8-gUms48-YZZ7eH"
"meline.yuranovev@edu.tbz.ch"|"LXr$E6-Q1aCZZ-okUd%m"
"therese.holme@edu.tbz.ch"|"SLgVEM-JHxY3F-yebH3F"
"salome.vaney@edu.tbz.ch"|"wG0gAY-iGGJOM-a6v2lT"
"anae.abramson@edu.tbz.ch"|"e4acs3-WXRwIZ-rKVmrq"
"kalliste.jimson@edu.tbz.ch"|"wEUFTn-&WFqzQ-x4rFPM"
"selene.yole@edu.tbz.ch"|"iqDdXK-ED%h@z-1$UT45"
"agnes.defraine@edu.tbz.ch"|"exGz9F-azmtHr-&@JRNk"
"faites.mccluin@edu.tbz.ch"|"tyP81L-J24hPl-uMF4Gh"
"athena.deme@edu.tbz.ch"|"W6$w4K-cclBHe-Ee9C0l"
"daphnee.brigstock@edu.tbz.ch"|"LH$9Za-@3vGw7-7NLpxS"
"goesta.skaif@edu.tbz.ch"|"yMMMFy-Wbv&x3-TEs020"
"oceane.jagoe@edu.tbz.ch"|"H09ngz-xs#p7D-2AFxqF"
"annotes.broomhall@edu.tbz.ch"|"S8gFlj-M$Ngdl-Xv625m"
"marie-eve.ballendine@edu.tbz.ch"|"EYLMvR-ePD0MU-&tI$J#"
"melina.spykings@edu.tbz.ch"|"wdz@Sp-$t#0Zi-4NmscD"
"laurene.ticehurst@edu.tbz.ch"|"MYZYrD-AbjZ4S-5mE6PA"
"fei.avramovic@edu.tbz.ch"|"jY$tR5-jwI8kG-T0h%PI"
"publicite.strathearn@edu.tbz.ch"|"11DyCx-nkDj3x-5ggQpw"
"torbjoern.garrow@edu.tbz.ch"|"3TsFdu-8X3jPy-D@y9we"
"chloe.rubinsztein@edu.tbz.ch"|"qysUQw-LvOzT4-3FiRdP"
"mylene.demanche@edu.tbz.ch"|"WJTmuk-vOJdLp-mxq7y0"
"mediamass.godlonton@edu.tbz.ch"|"MKKlz$-Di$4uB-$ZJ6hl"
"renee.shurrocks@edu.tbz.ch"|"UwypHc-Rwg3%y-@2RaDn"
"maiwenn.jedras@edu.tbz.ch"|"oaoAbQ-tV01UL-ivuaCq"
"genevieve.castells@edu.tbz.ch"|"EYxGxt-1%a%ns-ZnWboA"
"renee.sneden@edu.tbz.ch"|"9QAIlf-7#J&OL-Q4&6KK"
"lai.mccallion@edu.tbz.ch"|"Ccx85A-PtGsMs-z7i6SC"
"kevina.impleton@edu.tbz.ch"|"YI0oth-MVb24@-Naxj8$"
"oesten.fresson@edu.tbz.ch"|"UkUPi&-ZJFtOI-Q$XZH9"
"verane.shawley@edu.tbz.ch"|"#MrmP8-V1@WOQ-BiM&pc"
"uo.sjostrom@edu.tbz.ch"|"8n0lio-VabXxX-S5Lu@2"
"gisele.gothup@edu.tbz.ch"|"w8m@M%-iVG1oV-gIswc1"
"renee.beauman@edu.tbz.ch"|"5U4&31-T9B%FY-xdu4&v"
"elies.loton@edu.tbz.ch"|"ZPC2JE-CiDcSh-H%n4$O"
"valerie.elsmore@edu.tbz.ch"|"@ti@UH-t9$7ib-ycco1q"
"berangere.delafeld@edu.tbz.ch"|"2BlLPU-Zr0ELM-9%XiBp"
"bjoern.schimke@edu.tbz.ch"|"R0rnG2-xXs67V-5eKi$b"
"loic.ericssen@edu.tbz.ch"|"V3N$44-A5Zf1O-iP$rgf"
"creez.richarz@edu.tbz.ch"|"wX1AMj-&Wxvji-by89dq"
"athena.grocott@edu.tbz.ch"|"7wHg@$-Fi@38Q-A$#Jrd"
"naelle.piotr@edu.tbz.ch"|"m@hkU6-tNqG02-DQ0uUl"
"maella.paulson@edu.tbz.ch"|"g$QbV%-uLMtuU-wKTZWa"
"song.perot@edu.tbz.ch"|"SDAEgH-@#Puql-UApowi"
"kalliste.heckney@edu.tbz.ch"|"KZXtgc-DdNYqw-wx8oc7"
"ake.vasyutkin@edu.tbz.ch"|"7Jk9U8-lAG9Q3-fsM&B0"
"ma.castles@edu.tbz.ch"|"L#TODp-lTmZ&z-Wvndi%"
"maely.monget@edu.tbz.ch"|"ZPagkV-xE&7BO-FXXQ71"
"tang.durbridge@edu.tbz.ch"|"mU@Jbj-M&jXro-&hT4&4"
"laurene.andrew@edu.tbz.ch"|"w&Ig6J-h&M4iR-wVe$m%"
"lysea.beacon@edu.tbz.ch"|"BoAzzJ-SvaTIK-DK&ODq"
"leandre.peyntue@edu.tbz.ch"|"1HokGa-UPppOm-cIdX#&"
"rao.trever@edu.tbz.ch"|"IBJCH@-M$o6bW-3FLLSB"
"mahelie.streader@edu.tbz.ch"|"syoPJo-1b%jGu-ZnPV4v"
"maerta.andrejevic@edu.tbz.ch"|"RDd&S%-9pB8xv-RDcz$R"
"goesta.tompkins@edu.tbz.ch"|"W&OTNe-c4N8JH-nxZl4f"
"helena.agates@edu.tbz.ch"|"8ZCHOI-9AS81F-qfe%b@"
"therese.glass@edu.tbz.ch"|"1Qzr7P-n3hDAD-4d0mN&"
"alois.foan@edu.tbz.ch"|"Pa%B1L-eOwmot-kSpVg4"
"becassine.melchior@edu.tbz.ch"|"r5GQ9@-sltJVj-QHfNF7"
"cloe.robart@edu.tbz.ch"|"p81t9r-TCdyOJ-WSADak"
"daniele.puckinghorne@edu.tbz.ch"|"3xA0Du-iKiDOR-l#a%UL"
"selene.cammidge@edu.tbz.ch"|"RaZrDN-6ZSOjA-R$xS5Z"
"regine.conochie@edu.tbz.ch"|"NiBqy#-DYvcUZ-@HSMXp"
"interessant.tuiller@edu.tbz.ch"|"Dy$nfv-V5qS$M-aiMgu0"
"long.tiebe@edu.tbz.ch"|"6Bi#p3-dL5yW7-u43Gqh"
"mans.yele@edu.tbz.ch"|"Hxa&q1-SqSVr1-g#1o5$"
"ai.giles@edu.tbz.ch"|"kZVP5I-cWyD0U-ToK$#k"
"gaetane.hamberston@edu.tbz.ch"|"lhyxkw-3R7PW6-l7b2Z%"
"marylene.fenix@edu.tbz.ch"|"$0Wv4P-yxGxSW-2ypOlQ"
"geraldine.graeme@edu.tbz.ch"|"i&ocpj-RayhP@-vf$FGD"
"tang.kinglake@edu.tbz.ch"|"fsBc9a-Ff1G7Y-zYXw$m"
"lai.challoner@edu.tbz.ch"|"hgbKhb-4@HdTf-2aoUtE"
"desiree.mattei@edu.tbz.ch"|"h&cRYy-f5aWUB-w5FerE"
"ake.erley@edu.tbz.ch"|"UkJlX0-LSrJhi-IG#uTy"
"edmee.cavil@edu.tbz.ch"|"DmcCui-0x2y7r-LYzHUw"
"alois.moyes@edu.tbz.ch"|"vWpwqG-6s6&df-RMZ2mr"
"becassine.pitman@edu.tbz.ch"|"lfxk0e-durAsw-Jgv6nM"
"ai.giacovelli@edu.tbz.ch"|"bP%K%7-4WN%XN-%Xlax1"
"judicael.fruchter@edu.tbz.ch"|"clpu3B-cf1%@c-172Cp6"
"mans.mogg@edu.tbz.ch"|"Crw6JE-pFXcnD-GEBiV3"
"gerald.foyle@edu.tbz.ch"|"&Gq0lU-fDXS4X-Ig8aDl"
"wa.androletti@edu.tbz.ch"|"3IRNwi-QY5YK#-oNSw@5"
"meng.ollett@edu.tbz.ch"|"0@WHx#-w1Spuc-P2baCl"
"naelle.macmenamy@edu.tbz.ch"|"8Hco6l-hFL5aI-xLB67f"
"gisele.mcramsey@edu.tbz.ch"|"&wHMYT-YitChL-TpcS1l"
"meryl.scolts@edu.tbz.ch"|"tZOl%y-4s06Me-W#TmoR"
"celia.bloxsome@edu.tbz.ch"|"7XXjum-kK6bvv-wQ75fI"
"styrbjoern.stuke@edu.tbz.ch"|"HwAK1@-ezQUTo-Z5RotO"
"felicie.gwilliam@edu.tbz.ch"|"e8wylA-8i8q$s-wasiTP"
"da.harms@edu.tbz.ch"|"R5yjc3-CPmNgH-gJvuPh"
"celestine.baulk@edu.tbz.ch"|"tiKsCg-afBTwU-1OU%k3"
"mahelie.blackledge@edu.tbz.ch"|"LylKr%-@fE&S2-K$PUaM"
"meghane.salt@edu.tbz.ch"|"9diVxf-a9moZ6-gkIjai"
"methode.paxeford@edu.tbz.ch"|"elr5JR-GEU3%1-uQ8Je#"
"asloeg.milligan@edu.tbz.ch"|"yWTBSK-iijFK2-pZsJ3Y"
"you.pellman@edu.tbz.ch"|"lVge@r-A9rTzc-LaWfQ&"
"loic.regenhardt@edu.tbz.ch"|"#FXj3T-gs2#3r-OVaOow"
"daniele.savill@edu.tbz.ch"|"VXYpei-%#PoIM-YU9rdp"
"alois.cornu@edu.tbz.ch"|"uT9Olm-mG@Dc#-K3aEZD"
"oesten.govey@edu.tbz.ch"|"kkVS0u-M&6aUX-3hA3aU"
"marie-eve.louch@edu.tbz.ch"|"DaU8W$-@Ffwen-Nez%rc"
"theresa.wenn@edu.tbz.ch"|"dFiVQZ-DnXnlY-L&##FX"
"andree.eul@edu.tbz.ch"|"B&eGH$-9E2gZr-2g1b1c"
"lie.paynton@edu.tbz.ch"|"trSyaR-X$Jhlm-8zJmVt"
"marie-eve.girodier@edu.tbz.ch"|"papqMj-Urc81t-oY#q5M"
"marie-noel.smithe@edu.tbz.ch"|"P7Khu4-y0mO@%-C@2Czo"
"men.bootyman@edu.tbz.ch"|"WKDONp-iwtg$g-0UROpj"
"ku.sugg@edu.tbz.ch"|"@Mts8Q-1xIo9@-Vq36VO"
"lucrece.roseman@edu.tbz.ch"|"D9D1zb-6cvgrL-cTgp&K"
"zoe.annear@edu.tbz.ch"|"JE#geL-IR6YQT-clB4jX"
"marie-helene.rennebach@edu.tbz.ch"|"i5Ua5I-&JJLCo-6XUOe6"
"lea.djurdjevic@edu.tbz.ch"|"KhT9N1-rLOSSF-9S6Mfu"
"goerel.robert@edu.tbz.ch"|"R6AcKL-2xINb0-dpUlcz"
"mylene.foldes@edu.tbz.ch"|"FiCY&u-lcpWmd-abJ&53"
"faites.clegg@edu.tbz.ch"|"ANL329-ndyFRw-uCJjIA"
"marylene.crowcher@edu.tbz.ch"|"fUsT5e-NwUOJQ-Oe9DD5"
"aimee.wimpeney@edu.tbz.ch"|"nr$%FL-p45C1i-&DrVtz"
"renee.atkins@edu.tbz.ch"|"caU7sW-B8AOKl-@SEW4Y"
"rejane.cainey@edu.tbz.ch"|"da84CQ-CqF@dW-bpNyO1"
"solene.britney@edu.tbz.ch"|"MpnQ@0-cVQeyU-Pbu@YS"
"marten.shatliffe@edu.tbz.ch"|"VvsxgB-tu%NDc-3VsdfB"
"maite.issatt@edu.tbz.ch"|"u6tkCL-PYxQj4-fA5tSE"
"maelyss.edon@edu.tbz.ch"|"rCB4VQ-N3sjOg-Y$vu57"
"nuo.bamling@edu.tbz.ch"|"1JKckK-S%Otvy-AUE38e"
"anais.edards@edu.tbz.ch"|"Bvl6eB-FEcizZ-zbaSqP"
"mediamass.bromet@edu.tbz.ch"|"#7Mlm7-bCWXAI-uhC3xQ"
"beatrice.kimbrey@edu.tbz.ch"|"5ICDS#-C&CMxX-%wyHAH"
"ines.lawranson@edu.tbz.ch"|"V5KPGo-nHRlUx-Pn7u0v"
"kalliste.scandroot@edu.tbz.ch"|"z2%4UK-sk987I-abSQ6B"
"mans.barrowcliffe@edu.tbz.ch"|"ibWsbb-JQiTp$-mvcyvZ"
"irene.couves@edu.tbz.ch"|"wc%aUJ-r#n09g-$cbW8x"
"milena.mucci@edu.tbz.ch"|"AuS@nn-4y%aAj-Q5wG%2"
"naeva.cow@edu.tbz.ch"|"Ham7@O-1$IYNP-YZwc#&"
"audreanne.mournian@edu.tbz.ch"|"v&tWDV-@ETdP4-u$mgXi"
"melia.sinnatt@edu.tbz.ch"|"grAfMs-Wsllt7-I0QV5N"
"nelie.burnard@edu.tbz.ch"|"Pn4ROD-uNaTsA-935miR"
"clelia.ashfull@edu.tbz.ch"|"Nfz1eg-#&FwEt-5Lz$cf"
"lie.macard@edu.tbz.ch"|"kAOLX7-7FxdFL-7Q%YGu"
"valerie.matoshin@edu.tbz.ch"|"NLViwy-A8hFaz-Aungot"
"anael.hatherleigh@edu.tbz.ch"|"Y1xq5F-kBSqVw-zLATlY"
"interessant.warratt@edu.tbz.ch"|"pB0FAD-WQWAgp-N8fX5z"
"eleonore.volage@edu.tbz.ch"|"0yLJmf-Yvv2K2-UdPic2"
"zoe.stebbing@edu.tbz.ch"|"IxnEse-cchev1-cxN9ya"
"alizee.nye@edu.tbz.ch"|"%lQXjr-QrsMg%-c8TXVu"
"celestine.bramley@edu.tbz.ch"|"BMjZ5c-pJG&b$-U&Kwtu"
"selene.philcott@edu.tbz.ch"|"ZMXXfe-3LgdKr-Y5toc&"
"tang.newens@edu.tbz.ch"|"SrI8%Z-vJDc3r-UkWVv7"
"annotes.powys@edu.tbz.ch"|"qVo6p7-GdRjkv-6VLfG@"
"lea.matthesius@edu.tbz.ch"|"z2OgoR-vwfhPI-omv$4m"
"illustree.garlett@edu.tbz.ch"|"JzfnP1-v40b1K-OTpBrC"
"maiwenn.meachem@edu.tbz.ch"|"&WcJBH-FRA@PM-bNGcAs"
"marie-francoise.mcbrady@edu.tbz.ch"|"2$hgEs-%de9Dr-GJB8Vk"
"illustree.gimbart@edu.tbz.ch"|"p6y4%r-8TCGi3-CF7bYI"
"melys.lyosik@edu.tbz.ch"|"KtHwcq-eKF7QS-EcsB5j"
"marylene.mcnab@edu.tbz.ch"|"LDUnN4-uRod4E-dQ76Lt"
"gerald.blount@edu.tbz.ch"|"y48X6Z-w47mTX-RYW8fu"
"clelia.shakelade@edu.tbz.ch"|"wb4Pk3-%LY9%Y-t9fj8h"
"penelope.cridlin@edu.tbz.ch"|"dvmh2R-xXjuHr-9S5l6@"
"maena.okuddyhy@edu.tbz.ch"|"kX8z5z-WX2$7d-CWHWg9"
"athena.keynd@edu.tbz.ch"|"HNqOKL-qLVAGb-CM3Geg"
"cloe.dwine@edu.tbz.ch"|"iWOikG-h$BsIM-0BfVe2"
"josephine.browett@edu.tbz.ch"|"hR7PrJ-4Zxl2k-XZZN8w"
"audreanne.oscanlon@edu.tbz.ch"|"gq&EJj-gDP4mN-&tH3Oy"
"fei.jeanequin@edu.tbz.ch"|"%kQamO-nuO%0O-to#WwW"
"lois.gormally@edu.tbz.ch"|"DRbLME-$$ESUI-NfgHES"
"marie-francoise.finnigan@edu.tbz.ch"|"tbFfjA-7rlAAZ-HRIbAn"
"leonore.trussman@edu.tbz.ch"|"Ld9FBX-LmmdzQ-jKe66t"
"anaelle.trumper@edu.tbz.ch"|"qgBRS$-VPNRQa-gPmWJ$"
"clemence.dionis@edu.tbz.ch"|"nqvylG-45ZN%P-5#TmD9"
"lois.tranmer@edu.tbz.ch"|"qzEjX%-Q32kHh-WAU2Tx"
"interessant.volett@edu.tbz.ch"|"Wa1HjG-$cMPqw-dj5Tou"
"personnalisee.deackes@edu.tbz.ch"|"41An4t-6aRAMc-RkS0&3"
"lie.vasiliu@edu.tbz.ch"|"IsXd70-E1ozuX-k#JmDg"
"dafnee.lamputt@edu.tbz.ch"|"ptXHjo-jdV5cy-f8@p4P"
"elies.bromige@edu.tbz.ch"|"SvGvbj-B&dUeH-oada74"
"helena.klosser@edu.tbz.ch"|"asbmhB-mG$QwW-&GWIwH"
"andree.grim@edu.tbz.ch"|"YXQATd-thC9xt-u4K#YV"
"verane.coldbath@edu.tbz.ch"|"KKp6L#-8IXm6G-BZgaf#"
"helena.bethell@edu.tbz.ch"|"4BnzpC-o4WN@K-wJ51i3"
"kalliste.carefull@edu.tbz.ch"|"lE8sea-&m22Xx-7@H0By"
"regine.odams@edu.tbz.ch"|"q7p5u0-FbjMvG-WO@5#5"
"len.stannus@edu.tbz.ch"|"5KOTKa-4pRJee-i2ipgr"
"angelique.works@edu.tbz.ch"|"il5lV2-BlxgRr-8b0L5W"
"goesta.rheaume@edu.tbz.ch"|"fJ5xIy-oR$nYo-JGFBFP"
"maelys.tynnan@edu.tbz.ch"|"wS0eDo-ztyMAB-xQhPK9"
"maelle.carlesi@edu.tbz.ch"|"oFMrTG-GDx&AK-fC5q3E"
"anael.spurden@edu.tbz.ch"|"BNDeWX-q99zSV-nIWcAa"
"helene.pumfrett@edu.tbz.ch"|"a1Goyg-qpuj8L-TD#odT"
"goerel.pearn@edu.tbz.ch"|"uoqYvY-xrHi$u-w1$lMM"
"laurelie.dezamora@edu.tbz.ch"|"LrzPOB-qKrT0D-y1UBL8"
"yao.twidale@edu.tbz.ch"|"Ifbzit-bd6Crk-3afK1t"
"berengere.sola@edu.tbz.ch"|"92r0iT-JhVGih-3G1uTH"
"maelann.hardistry@edu.tbz.ch"|"2V$e4x-O$YQaU-s@fa71"
"severine.littlefield@edu.tbz.ch"|"GeQUF7-2kG@8&-xlAa6o"
"salome.heinl@edu.tbz.ch"|"E&bdS5-4%t$dv-b@UaOU"
"meryl.warbey@edu.tbz.ch"|"6ZzzPz-vMB02p-%YuwqH"
"da.hunstone@edu.tbz.ch"|"lh2pX4-v$&ODH-4ChN06"
"venus.broadbury@edu.tbz.ch"|"Y5wl0L-Tq@pyV-h@M8pY"
"meghane.rentelll@edu.tbz.ch"|"D#TsRi-LlP3xy-1H@Ji2"
"marylene.drewitt@edu.tbz.ch"|"zfadU8-G%zhKC-oypb2w"
"melinda.jacquemet@edu.tbz.ch"|"Sth$8r-HFH7ck-B3#rc0"
"marie-josee.keyden@edu.tbz.ch"|"m2fnno-WQheE1-&lfN6t"
"asloeg.montacute@edu.tbz.ch"|"W0Dli5-WDQz2o-ZrCzV#"
"ku.andreou@edu.tbz.ch"|"aD8dyA-7MNLpx-dze4C@"
"personnalisee.feaveer@edu.tbz.ch"|"IM9c7Y-jmsAVU-MwVYca"
"laila.emptage@edu.tbz.ch"|"zQSeVk-cLAdzG-B@XG7#"
"bjoern.dawdry@edu.tbz.ch"|"eACZKX-XJXhhx-noYdev"
"marie-eve.dinsell@edu.tbz.ch"|"i1$EyE-K$LUXe-BnhXsc"
"helene.follett@edu.tbz.ch"|"ET8csV-Ii2uIa-VEcY23"
"penelope.cordero@edu.tbz.ch"|"v3UbIN-Sv%no&-jefyXh"
"boerje.beedell@edu.tbz.ch"|"@uQmmQ-Myxp$C-rrO8n7"
"nelie.ferne@edu.tbz.ch"|"m6gq7Y-PJLKzQ-%%IGhN"
"celine.ahmed@edu.tbz.ch"|"$p&htN-ZVjtys-V&QpqY"
"stevina.pimblett@edu.tbz.ch"|"Ez1CZl-8PgrKP-QTzXe3"
"chloe.langlands@edu.tbz.ch"|"mKFahF-4yN&J1-wxJ@yh"
"simplifies.maude@edu.tbz.ch"|"SH9bSm-iSm2tm-nLaOBS"
"genevieve.decarteret@edu.tbz.ch"|"TApcRC-pg8hmT-X8F3SN"
"marylene.mughal@edu.tbz.ch"|"EJJtxQ-J5riaZ-&FIlK5"
"goeran.guttridge@edu.tbz.ch"|"iNqgMj-sm5wsv-hHFT7b"
"michele.smurfitt@edu.tbz.ch"|"2WwgOK-Bziqgs-4nnXsr"
"methode.hadeke@edu.tbz.ch"|"LgV05B-nzJUQ7-4p#TaF"
"therese.rispine@edu.tbz.ch"|"6CrBcd-8gXPLy-u9q&xl"
"goerel.plumley@edu.tbz.ch"|"HA2lVP-r3fKj2-tvrl7F"
"oceane.friett@edu.tbz.ch"|"38nvmI-QVGC@f-#UWgK8"
"marie-noel.achromov@edu.tbz.ch"|"AJon@w-FhYew0-O4Tsyz"
"dorothee.storek@edu.tbz.ch"|"8vyi%v-TkUrQe-zmkSRc"
"goesta.whittle@edu.tbz.ch"|"QQpE2N-bLje9j-GzbLrv"
"desiree.casely@edu.tbz.ch"|"w6PyYu-duetna-fIbODk"
"felicie.condon@edu.tbz.ch"|"w1#PbT-UsyPXd-4#OAoy"
"maelyss.frisdick@edu.tbz.ch"|"@PoFKJ-myM6&9-a7Uxes"
"aimee.banke@edu.tbz.ch"|"TnB6Dg-9&6EEV-ChC4la"
"naeva.hodcroft@edu.tbz.ch"|"D#ZEgy-Ex$%oF-fjD1jo"
"laila.gerrans@edu.tbz.ch"|"giMN9a-NXBXWC-n3C31#"
"daniele.scrimshire@edu.tbz.ch"|"XbL%e%-pUB5mI-KxRuiy"
"daphnee.sheerin@edu.tbz.ch"|"3L81tu-z1gRmO-%OsYE9"
"pal.vanyukov@edu.tbz.ch"|"Sto&Nx-lZZxPi-9OLr%A"
"zoe.childs@edu.tbz.ch"|"eN&s0f-5sX31X-LRowp1"
"ai.corde@edu.tbz.ch"|"fKSZ9k-iciXiP-bEsOTc"
"maelys.berryann@edu.tbz.ch"|"wgfNoB-YZSwJu-cu&sWd"
"cloe.gladding@edu.tbz.ch"|"95#9a4-jBTW$f-4rmQtE"
"wa.kinnaird@edu.tbz.ch"|"o357r@-og1ewg-PJ5q%A"
"publicite.brittoner@edu.tbz.ch"|"FfsW%E-TScuZq-1wI@Z6"
"rao.windress@edu.tbz.ch"|"OFMUCu-ndnwCK-cT&WH0"
"uo.kollach@edu.tbz.ch"|"7MVUmE-&McD8F-$GuEe2"
"josee.peskett@edu.tbz.ch"|"4hOIbY-hIV9PR-pb7#tS"
"annotee.hasel@edu.tbz.ch"|"X#qkDv-L%VYWW-sn%wS6"
"cinema.lee@edu.tbz.ch"|"iOQE4U-gWLrtd-ntV4dJ"
"lai.vedeshkin@edu.tbz.ch"|"sk6S#Z-p7rIHT-5G$h3U"
"renee.brisbane@edu.tbz.ch"|"OAeT1y-Vcy4dd-M92tP$"
"ophelie.blincoe@edu.tbz.ch"|"sP%z2c-oZQd8%-kh8cSK"
"zhi.prazor@edu.tbz.ch"|"TxY#1I-u@JGA1-nYN%i4"
"annotee.maddicks@edu.tbz.ch"|"X3EVri-SzA$4g-shCNdF"
"maelyss.codd@edu.tbz.ch"|"SsRz%b-uU9VZg-aQAD7r"
"celia.peplay@edu.tbz.ch"|"aGI#i%-%16it7-A$YXGI"
"interessant.skone@edu.tbz.ch"|"uP@kN7-o2dIuj-wTX%9B"
"audreanne.hebdon@edu.tbz.ch"|"Ujb@Fj-b5Ctit-9emtKn"
"oceane.glen@edu.tbz.ch"|"awUB%r-fD3v6u-OdOe9C"
"daniele.vanyushkin@edu.tbz.ch"|"KkZaC7-41#$Ky-eRjwQS"
"daphnee.ayce@edu.tbz.ch"|"E3%SWF-1lXUAs-%#pSwU"
"andrea.attride@edu.tbz.ch"|"GZBsJD-jEvj8r-%AVFnC"
"penelope.bridgwood@edu.tbz.ch"|"Ez9GSe-fMGY33-jlC6tc"
"mailis.drewitt@edu.tbz.ch"|"Ht@Q#H-XijqW&-D49cx8"
"penelope.mollene@edu.tbz.ch"|"lRaorF-eGRwY#-nfGsuI"
"illustree.keely@edu.tbz.ch"|"D0ujRT-OwKfnA-Prvhn6"
"meng.brisseau@edu.tbz.ch"|"rLpA&I-TFkwv7-qWKA%E"
"ruo.cleiment@edu.tbz.ch"|"zL@baq-loIN&9-VN&dyy"
"maite.krammer@edu.tbz.ch"|"musV@K-bX8MKN-$w%659"
"genevieve.verry@edu.tbz.ch"|"$vOdlk-riuJkC-II9gjg"
"lea.olochan@edu.tbz.ch"|"FvYnoB-WRUdCV-Kx7G@@"
"naelle.brunnen@edu.tbz.ch"|"4CfXpa-Uu8fo$-JFPQvO"
"goesta.bragginton@edu.tbz.ch"|"#rrYD9-LAix3J-WKJgPc"
"fei.danilyuk@edu.tbz.ch"|"LRNGt#-YLhtza-Qg@Ura"
"adelie.turbitt@edu.tbz.ch"|"AwdClz-V2hiUQ-WeQUVW"
"marylene.nutman@edu.tbz.ch"|"&La&h$-ln4Ip6-xp5iVx"
"therese.barbrick@edu.tbz.ch"|"J$wCvz-5bNKWO-Oxr@pt"
"melys.kolodziej@edu.tbz.ch"|"@uv@bB-KiOH&8-260x$#"
"melanie.runchman@edu.tbz.ch"|"WmAChz-wT1xmg-9Q@CXS"
"serena.lafond@edu.tbz.ch"|"x8cpdd-O9Diou-YZIDtL"
"pelagie.desmond@edu.tbz.ch"|"F9ybDb-ibfxJs-ZS8w#g"
"wa.spickett@edu.tbz.ch"|"p#Xe@5-qxbkje-vNqAS3"
"po.shave@edu.tbz.ch"|"%wZrVy-55y7$Y-LCJF6P"
"song.huikerby@edu.tbz.ch"|"HTh6es-@RcYWa-S%PVrv"
"melinda.bimson@edu.tbz.ch"|"PUEuqE-sLqra&-mVaESy"
"personnalisee.toffanelli@edu.tbz.ch"|"w7ZH5T-CUUOCl-J2pOB0"
"leandre.hurn@edu.tbz.ch"|"F@mIid-VIO4GQ-AQ#a1A"
"oesten.standell@edu.tbz.ch"|"ePRG0u-t@pPeg-&zO9ON"
"naelle.smaleman@edu.tbz.ch"|"5&wOEw-#O2UYb-N@fNfB"
"berenice.tayt@edu.tbz.ch"|"qx14fi-VV1tgt-spg7pi"
"kui.popplewell@edu.tbz.ch"|"Yuq%mT-Swjsak-DT#sVF"
"melodie.ferandez@edu.tbz.ch"|"Ec4cGK-oDHw1h-R1eVjX"
"josee.negal@edu.tbz.ch"|"Sl8BWg-XNKcjm-7Uftzu"
"melissandre.ferrelli@edu.tbz.ch"|"ztYxlJ-on@M$t-fZilWp"
"josephine.kemmer@edu.tbz.ch"|"YXX%L5-LkXHVd-Kf0LgA"
"maely.cayette@edu.tbz.ch"|"KWv7Am-dR802Z-herqeZ"
"nelie.vela@edu.tbz.ch"|"pbG9s6-PcMDPt-V$fRDZ"
"melina.cortes@edu.tbz.ch"|"zBrFvU-t%ZTLJ-YSN4Ql"
"megane.leyshon@edu.tbz.ch"|"U2GEJX-#3@FVQ-NnLnz2"
"regine.harrie@edu.tbz.ch"|"&Fu34e-Ya3EUH-@rldW8"
"mylene.widdison@edu.tbz.ch"|"rV2kPQ-qqtw$a-M9PE1N"
"pelagie.vivash@edu.tbz.ch"|"av$&2T-b1dugU-bK4ybL"
"styrbjoern.vicarey@edu.tbz.ch"|"35Ldoa-HW&gMg-hN@1Xb"
"long.kyles@edu.tbz.ch"|"3OWnOM-VVI48F-Lv0eiC"
"stephanie.gipps@edu.tbz.ch"|"r17PEd-hjvV5l-cQu2Kh"
"clea.constantine@edu.tbz.ch"|"&zJjnQ-l1Qo0d-hj8hie"
"maella.cometto@edu.tbz.ch"|"jUOKr7-Xk%cIE-2HokG1"
"laila.aubrun@edu.tbz.ch"|"ZUhHMp-uX4FT%-i3RNn8"
"yao.austins@edu.tbz.ch"|"sLK5LS-8jUNX%-GuzXxm"
"mailys.rylstone@edu.tbz.ch"|"$HqtJa-AHXhb1-v3YIlN"
"adelie.curuclis@edu.tbz.ch"|"TlTsJI-PeFife-2O331Z"
"celine.longhurst@edu.tbz.ch"|"WS4LVs-d23h0I-ie4isp"
"gisele.hazell@edu.tbz.ch"|"gfvrR#-YrD3hm-79F7gn"
"celestine.ciccone@edu.tbz.ch"|"B6l1Kg-aoLQh#-b9STh&"
"maelyss.doole@edu.tbz.ch"|"HiB#99-zjYLyc-nwBSg#"
"helene.grimsdike@edu.tbz.ch"|"vn$WT@-#uZqH2-3p2mU&"
"lie.macer@edu.tbz.ch"|"lUx9Rp-HwKWME-ouGXEz"
"maely.izard@edu.tbz.ch"|"Jljpel-0aNbKO-kil&l$"
"erwei.breewood@edu.tbz.ch"|"N6JwbO-B5MWSh-X3ZuYZ"
"chloe.woolford@edu.tbz.ch"|"vyndfx-7mqbet-iTC%je"
"cleopatre.turpin@edu.tbz.ch"|"M@MEet-0fClN@-PT5zcD"
"melodie.surgison@edu.tbz.ch"|"Fms&cF-Air7xh-oD2AVj"
"elies.leander@edu.tbz.ch"|"C&cYwz-cOMbKX-SR5bJ3"
"mediamass.reignould@edu.tbz.ch"|"h1z9oC-Ei#oT4-Dgk9FN"
"celestine.wasmuth@edu.tbz.ch"|"VvPpi@-KqTRrQ-0oz7uw"
"marten.jervis@edu.tbz.ch"|"tOziXY-62VrN8-CW4RQ6"
"daphnee.bour@edu.tbz.ch"|"fefBxs-ka6nWy-yLDCFe"
"regine.harlett@edu.tbz.ch"|"lSUS1D-Rfb4Kr-Gnuvki"
"noemie.macaskie@edu.tbz.ch"|"1JjZHB-cStO1X-0GbUHn"
"loic.renfield@edu.tbz.ch"|"ynD3nc-8Pl1TU-JCR&kA"
"venus.kleinert@edu.tbz.ch"|"BsKm4d-YirE%C-qdz8l5"
"marten.burlay@edu.tbz.ch"|"Cnd2LR-IKuRJi-df@LK0"
"berengere.radsdale@edu.tbz.ch"|"kbvIC2-R$cyTP-gaB0V6"
"genevieve.duckit@edu.tbz.ch"|"cWqXp3-46MEOH-bYx0LF"
"maely.ligerton@edu.tbz.ch"|"6jKBel-AUpnAn-hgkokG"
"maeline.ricciardelli@edu.tbz.ch"|"@Gm@mu-DMwZmn-04#&Sz"
"personnalisee.yggo@edu.tbz.ch"|"N5ypOs-jrco7w-rNMSFv"
"alizee.pettinger@edu.tbz.ch"|"ZJ%3vE-F%NQyv-Td4Gpd"
"desiree.curnnokk@edu.tbz.ch"|"AR9@7e-ivs5@6-zki6Co"
"dorothee.minors@edu.tbz.ch"|"E#Q4hV-ketyOu-o&fdVE"
"oceanne.kopmann@edu.tbz.ch"|"1xUB4g-Mcw5DF-fSdP@X"
"almerinda.brodbin@edu.tbz.ch"|"tZijQ9-E8y$rz-oeuAvM"
"yenora.carsberg@edu.tbz.ch"|"2oQcUo-cF6xOP-i3nsiE"
"wa.beetles@edu.tbz.ch"|"Mb7Mnk-Qf9ta$-#&iHwt"
"audreanne.abbot@edu.tbz.ch"|"7HsE6%-70Yv#x-KBpGiH"
"noemie.capper@edu.tbz.ch"|"LtlD7k-eRm6gO-MFQiUf"
"mans.abramamov@edu.tbz.ch"|"%$2OLW-wbHlXe-sFde@P"
"audreanne.blakey@edu.tbz.ch"|"ETzfxT-h9zKOB-vKiQ4@"
"leone.klimpke@edu.tbz.ch"|"UitxS1-ep#knp-@Nb&TN"
"lie.croston@edu.tbz.ch"|"94JKb4-qkW&D&-PS4ETI"
"anaelle.baistow@edu.tbz.ch"|"OHlX6W-03ExMM-OX2Fvq"
"michele.garwood@edu.tbz.ch"|"Hn%Qr%-cYDgKS-2itMmh"
"interessant.albion@edu.tbz.ch"|"&HwNq8-UA#LpA-6YAfG#"
"andre.brisco@edu.tbz.ch"|"Ntw8ix-YYnBq#-aaIKLD"
"tang.totterdill@edu.tbz.ch"|"1wrtA%-%fHxFG-yup0BI"
"marie-josee.braundt@edu.tbz.ch"|"FaZQyr-8fafAZ-VQ5Gt&"
"lois.galer@edu.tbz.ch"|"9vo2I9-R$YCfC-3k2VrX"
"faites.pellamonuten@edu.tbz.ch"|"L1P2bZ-E4qz3C-#und16"
"mai.barfford@edu.tbz.ch"|"&$uxmh-sA9@sD-2FO8Kr"
"laurene.macilory@edu.tbz.ch"|"MYBOOQ-#A2frs-EAJqrD"
"elea.peak@edu.tbz.ch"|"m%9n$v-YxrvaH-Y2%AFG"
"rejane.doni@edu.tbz.ch"|"No4Uvy-@SU6&Y-$YuJPP"
"mahelie.ector@edu.tbz.ch"|"#5G2e&-AxxMmF-j52##G"
"rachele.allum@edu.tbz.ch"|"F#45XO-iAKBhr-F7Xtfu"
"laila.gerretsen@edu.tbz.ch"|"cdM93z-63ZfYk-5V585W"
"ines.bowman@edu.tbz.ch"|"@&kZK4-v%B70p-a6$qtv"
"publicite.barbary@edu.tbz.ch"|"2y%QLC-l2D2tS-uRLIJu"
"mailys.smooth@edu.tbz.ch"|"CskLCO-6VcS$L-qwTS&U"
"mailis.huguenet@edu.tbz.ch"|"11C1fM-KLZTPr-XMg$Xl"
"lea.ewer@edu.tbz.ch"|"GskWrB-ccOIhW-S86ORv"
