"email"|"password"
"melodie.vandervlies@edu.tbz.ch"|"wLb69q-QEQ2nu-M@7o#p"
"angele.edgecumbe@edu.tbz.ch"|"YSAM6A-P2b3bu-2q$B6W"
"zhi.andreasson@edu.tbz.ch"|"sOB4d&-I7%3Sn-rda&m9"
"judicael.koppeck@edu.tbz.ch"|"8OmpUJ-gt03lR-ga90F#"
"berengere.capron@edu.tbz.ch"|"Lh1CRl-mTwVoK-dKaRT#"
"leonie.brosini@edu.tbz.ch"|"qU%ByJ-&&gfEF-b4PCv3"
"venus.garfit@edu.tbz.ch"|"l$Vdmu-$r62CG-mq6o5H"
"melina.janota@edu.tbz.ch"|"FGNVfQ-cFH&JK-3$i3jL"
"laurene.bake@edu.tbz.ch"|"c%c@7C-R#IaVH-S&U$Ow"
"regine.dorkins@edu.tbz.ch"|"XncyRy-26yDVV-IACaSl"
"cecile.moffet@edu.tbz.ch"|"ybijHR-utoV$O-sjVCLW"
"maelann.labrone@edu.tbz.ch"|"8VJtdw-mMS&p%-PIM&@S"
"melinda.newbold@edu.tbz.ch"|"S3$S5G-N0JUOe-rZKqY1"
"mans.itzhak@edu.tbz.ch"|"Ent&2M-MrTvtb-qm8piT"
"melodie.pattlel@edu.tbz.ch"|"rJF&3g-IzBoaq-ZV%i%W"
"celine.bonett@edu.tbz.ch"|"cwhPtB-gkMXQO-eH#1%T"
"adelie.mcgreal@edu.tbz.ch"|"Ihcr5k-i@CjQx-5iJwAB"
"helene.soldan@edu.tbz.ch"|"f4CIYv-FrmrQH-Jd3i#s"
"michele.cluer@edu.tbz.ch"|"h@4d@F-S7Uf6@-sGe6#F"
"maeline.mueller@edu.tbz.ch"|"wUgNDc-XZd6u1-27EKPI"
"maelann.benedito@edu.tbz.ch"|"a24zDZ-aGwweX-D6qgX8"
"nuo.gransden@edu.tbz.ch"|"65si1J-ge5crt-iBMOBc"
"berengere.stainton@edu.tbz.ch"|"dZJ2gt-V3uFSI-&pjoxc"
"wa.sabater@edu.tbz.ch"|"v8LmnO-AN%sfl-DjFB8V"
"anais.cochran@edu.tbz.ch"|"CNxej&-GSdF3S-%Qj7nX"
"gerald.bessant@edu.tbz.ch"|"jA0m#Z-l9Cg$3-MQmAH9"
"ruo.coffin@edu.tbz.ch"|"JRsS8n-STHpBr-T61sUR"
"melodie.mustill@edu.tbz.ch"|"HKlpqN-hzu4Ml-2m%#z&"
"ruo.stanesby@edu.tbz.ch"|"HKkXbM-H&uEPj-OTkMCj"
"noemie.antognelli@edu.tbz.ch"|"L7iiEf-1C%nHE-R7MXYp"
"maelann.hughson@edu.tbz.ch"|"JnTnw0-hV@R#3-O6YNG%"
"milena.mieville@edu.tbz.ch"|"jaDH&H-ynxKOf-jgxYDZ"
"mailys.chamberlin@edu.tbz.ch"|"LLEO1d-EtnEB1-Gq5txU"
"nadege.tomalin@edu.tbz.ch"|"xARMA$-uBlTD%-Drc@12"
"oceane.omara@edu.tbz.ch"|"Gen@w6-%@l&M7-1rjTvz"
"cecile.aguirrezabala@edu.tbz.ch"|"&vYhkL-yq9Stw-2gKCLT"
"maella.gwillim@edu.tbz.ch"|"$Ojf9m-i9oGVh-@Pxbh8"
"lea.mcgahey@edu.tbz.ch"|"381WwP-D1E9ZP-sbNeSE"
"laurene.hagerty@edu.tbz.ch"|"EKm@f%-mTzT3c-W%72&$"
"dorothee.link@edu.tbz.ch"|"wWLJii-eRWoXi-yBNxFz"
"clementine.kynsey@edu.tbz.ch"|"tgJMoI-g7FQb@-Qhey16"
"lorene.smitherman@edu.tbz.ch"|"eqUkuJ-DIHdik-NT9pti"
"cleopatre.klulicek@edu.tbz.ch"|"6&6KPp-WbrXcq-m$d$po"
"laurene.castaneda@edu.tbz.ch"|"yFqKI6-aTgCBD-BZqb%4"
"melia.constant@edu.tbz.ch"|"53icJw-gdqcFi-H2AdVY"
"lucrece.clunie@edu.tbz.ch"|"wdVFtk-GuyPTy-nskTCb"
"eleonore.mcmurthy@edu.tbz.ch"|"yjO@Sx-0jAxBZ-GXnVe8"
"melia.bevar@edu.tbz.ch"|"PCm58v-l&cTco-r$R&lR"
"camelia.bontine@edu.tbz.ch"|"9HQ1h3-WQ%VH3-qyeo15"
"methode.jozefczak@edu.tbz.ch"|"9Xnm4M-VFYa0v-39umdD"
"audreanne.hinsche@edu.tbz.ch"|"lbk#dF-1ixQok-u5cwvm"
"andree.varne@edu.tbz.ch"|"9SFJQ2-Ew#81L-xXkETH"
"marten.kinleyside@edu.tbz.ch"|"Zy$PM2-H3X%6O-Dvf67t"
"esteve.mcewan@edu.tbz.ch"|"pHemK3-fQRN#%-4tCje%"
"leane.dibbert@edu.tbz.ch"|"0z3GVT-Y6eWm2-Ni@WmN"
"ma.thewlis@edu.tbz.ch"|"VNKIsL-Q2oJZV-O%Mt8E"
"clea.djurkovic@edu.tbz.ch"|"ZNUu1O-#Fzbda-YIuESf"
"rachele.reburn@edu.tbz.ch"|"lfF@iu-mPbuzX-mrgluD"
"gerald.gowling@edu.tbz.ch"|"gB57#D-8nyYo&-6LUSxx"
"cleopatre.jackson@edu.tbz.ch"|"I76aTV-T5T31A-LuW33I"
"desiree.haskins@edu.tbz.ch"|"GzhQ@r-HRkJPu-DSwDda"
"eleonore.longson@edu.tbz.ch"|"ipOo$G-wIiOsg-$4yk97"
"leane.dybell@edu.tbz.ch"|"IGHVYG-haRdl5-TsAYPj"
"becassine.grzesiak@edu.tbz.ch"|"#5HNo6-yxASVi-iNs8N8"
"marie-josee.pickin@edu.tbz.ch"|"O%wE%K-Jit0xD-pz$zZB"
"marie-josee.roxby@edu.tbz.ch"|"$KILap-elCglB-H4ITeB"
"leonie.feenan@edu.tbz.ch"|"MmsDCT-1Gsjh2-5m4nb3"
"valerie.ellum@edu.tbz.ch"|"dGgyvl-mKQ&68-Z0pQxw"
"ju.caseri@edu.tbz.ch"|"l%07ni-Xzj9z$-PLz#UA"
"boerje.strangman@edu.tbz.ch"|"oeuKvm-rXOIfP-l3Ky3$"
"beatrice.ghidelli@edu.tbz.ch"|"i%iVwK-zk%GIu-YL@yhr"
"da.jablonski@edu.tbz.ch"|"Qch1gC-yO0poj-K%qVLG"
"uo.beveridge@edu.tbz.ch"|"9LmSQ4-rO$ti6-fc%CnF"
"valerie.bestman@edu.tbz.ch"|"DvjrEF-xkPlQJ-lINo7A"
"marlene.pohls@edu.tbz.ch"|"VuAwtx-kTTtPm-pZ@4w7"
"ma.nolda@edu.tbz.ch"|"oLhi24-IuHw@z-iBWIWF"
"marlene.bisiker@edu.tbz.ch"|"Hsb3Ho-WEs6tK-d$bxHD"
"estee.babon@edu.tbz.ch"|"1NmKxF-Ili@bA-s#cMgE"
"simplifies.dmisek@edu.tbz.ch"|"NPVnmd-NTC0Vg-jPUDT@"
"selene.ganing@edu.tbz.ch"|"uMn#I@-CIH#iY-B5%WS7"
"meryl.penke@edu.tbz.ch"|"qkPC2R-xWxEms-$7gsmC"
"anais.rawcliff@edu.tbz.ch"|"RnrdkI-NcMAi8-bYgHBa"
"melina.andri@edu.tbz.ch"|"068zAb-i8n4WX-dfWMCC"
"audreanne.fodden@edu.tbz.ch"|"QxRYOJ-h7XNls-P4EzjH"
"bjoern.spellesy@edu.tbz.ch"|"rtlP9w-yPweV0-%UQELX"
"francoise.summerscales@edu.tbz.ch"|"#B6bi1-L5pFwk-jUI5QW"
"laurene.ashtonhurst@edu.tbz.ch"|"xZEW7p-@p95$A-mH&1Po"
"valerie.petters@edu.tbz.ch"|"0uptlh-3M9H8W-iQ5&R5"
"anael.spenclay@edu.tbz.ch"|"OvynLB-66xVyp-1Hlgmn"
"stephanie.keech@edu.tbz.ch"|"62Fm9w-SfwlXH-cO$iXG"
"ines.deveril@edu.tbz.ch"|"AiC0BS-#tAJId-O#aZRD"
"berenice.gelder@edu.tbz.ch"|"jLWnwR-g65ZL#-dA9lhk"
"melanie.ofogerty@edu.tbz.ch"|"1ZKrGn-vrn3zw-Da4qpe"
"frederique.canepe@edu.tbz.ch"|"6Ph4O8-2DOIjo-vUL25d"
"nuo.otton@edu.tbz.ch"|"1peQHr-l$4n2f-PQ$We$"
"genevieve.trusler@edu.tbz.ch"|"yDta$9-4U53AW-tY3FnC"
"ju.boag@edu.tbz.ch"|"crQpOr-7l08Lq-b25jlF"
"josephine.dilucia@edu.tbz.ch"|"WDFboE-aVCXAo-@Ga9Um"
"laurene.armsden@edu.tbz.ch"|"S4ew7b-1t9n6A-keat4a"
"becassine.griffe@edu.tbz.ch"|"2FH$hM-CAwLYX-jpr#Gk"
"alois.parres@edu.tbz.ch"|"gRYRsx-3uKeGN-TWTaAo"
"cleopatre.gaffey@edu.tbz.ch"|"vrtfm9-HaIDgS-NfF983"
"andre.stiger@edu.tbz.ch"|"z6Ma0I-AXzH2E-$u$Wdc"
"beatrice.godleman@edu.tbz.ch"|"MY$TCr-MdF16D-b$Yb1%"
"hakan.harrhy@edu.tbz.ch"|"iA6zB8-1Gkoe4-RjWvwy"
"celestine.dagnan@edu.tbz.ch"|"%QSiWA-WioHEK-XjH7$G"
"clemence.haggart@edu.tbz.ch"|"wxI#me-qP3V3U-6Fi159"
"long.caban@edu.tbz.ch"|"MdYagW-x$V5sp-A@4NXY"
"gaetane.grimble@edu.tbz.ch"|"i6fA9N-5ABwe&-Du6Rfz"
"maelann.piwall@edu.tbz.ch"|"rbchRq-KypkPa-NiDojx"
"magdalene.loble@edu.tbz.ch"|"daexAC-FZ5l3x-U8NjRa"
"veronique.domaschke@edu.tbz.ch"|"%Pt630-Wh$7SE-s#RDs&"
"clea.herity@edu.tbz.ch"|"IqymLl-FKyjg8-D&FbVu"
"maelann.bambrough@edu.tbz.ch"|"tq9E1i-EeXKse-fd8zGo"
"clea.goulstone@edu.tbz.ch"|"pHq@J5-SpxqiG-vxt#w2"
"renee.deleek@edu.tbz.ch"|"F47S7Q-$ZESeL-dx8oWK"
"boerje.rudderham@edu.tbz.ch"|"8rh4fb-y9%N6H-Irn@l9"
"marylene.broune@edu.tbz.ch"|"7zIpbE-RIp3cd-ul11VG"
"nadege.mccuish@edu.tbz.ch"|"wCvLmf-zHVzTl-ULQIBT"
"anael.littleover@edu.tbz.ch"|"2gHAgH-PLIAxk-2Pkx57"
"lie.baume@edu.tbz.ch"|"Pc0337-w1Ev&E-@BnLx0"
"maella.murrow@edu.tbz.ch"|"qSUPC1-neAezD-QjCcrG"
"cleopatre.pettifor@edu.tbz.ch"|"&YvaZq-YPcImn-lpS$em"
"geraldine.asker@edu.tbz.ch"|"bvc10d-0vFS7D-CjZM3W"
"gaetane.smedmore@edu.tbz.ch"|"ak7c%m-n2P0eW-@pdr2C"
"meryl.blencoe@edu.tbz.ch"|"byFAsU-tal6xf-GZiABb"
"aurelie.chastaing@edu.tbz.ch"|"4AliRC-3rUauQ-FEv8SH"
"oceanne.marthen@edu.tbz.ch"|"b1zqX5-&c6fu5-BpFQQl"
"dorothee.burrill@edu.tbz.ch"|"$XdgPT-Y4OF1Y-OQoiSs"
"hakan.belden@edu.tbz.ch"|"bNlZj0-HcAn4G-ryPIzk"
"celine.brunning@edu.tbz.ch"|"yrRs9n-0mW@Z1-aQpmMb"
"anael.lapides@edu.tbz.ch"|"KVHrn7-Xz#zJX-RvneBS"
"ruo.saffran@edu.tbz.ch"|"RUHTEk-p1NGuS-LTPCeP"
"loic.gerretsen@edu.tbz.ch"|"1y8nOl-pw5BYl-1FzwHj"
"rui.fitzer@edu.tbz.ch"|"s9QE6O-jMeplG-jRp$r8"
"annotee.ogers@edu.tbz.ch"|"VFGaXq-QUVEwc-ZUnPQW"
"boerje.bindin@edu.tbz.ch"|"88eMrQ-$E#BPJ-mZvpU7"
"ma.cronchey@edu.tbz.ch"|"2wbrP4-TV0REG-9JraQc"
"laurelie.baiyle@edu.tbz.ch"|"EAexMM-e@HtZq-9yqR84"
"dorothee.older@edu.tbz.ch"|"LI&#bk-6GGsHL-Bd5Mkn"
"laurena.wile@edu.tbz.ch"|"wGkQvs-2mqNFv-5ZMIJf"
"clemence.brito@edu.tbz.ch"|"9S4Wdh-bDAos7-8CV@X1"
"nadege.dallin@edu.tbz.ch"|"2rcc0q-1gr9D9-PQE0Xs"
"mailis.matley@edu.tbz.ch"|"5Ee$rQ-bDGKW5-KmreDh"
"daniele.screaton@edu.tbz.ch"|"T9twYW-fHJFjp-7f9tLr"
"mediamass.godly@edu.tbz.ch"|"&Vq55d-BJAGjv-CvjfP1"
"leone.kremer@edu.tbz.ch"|"l3PRv5-NVu2&M-0z9Q24"
"asa.adrian@edu.tbz.ch"|"2baQVP-UfueoE-phElMz"
"adele.doley@edu.tbz.ch"|"CGI5w2-tGtV9I-KI#k8M"
"fei.sidney@edu.tbz.ch"|"jWBUW%-3NFFjd-TpBrY6"
"marie-josee.walisiak@edu.tbz.ch"|"S9VdKy-nrc@v9-ZzRtHo"
"desiree.diplock@edu.tbz.ch"|"oeOFZS-IXcGAH-8$GNSQ"
"gisele.schust@edu.tbz.ch"|"5&#F05-gf05Kp-LPg6HS"
"ma.longshaw@edu.tbz.ch"|"%1Pgbe-oB7VWO-M8LZI0"
"da.boother@edu.tbz.ch"|"qJNMoI-k5xRkd-2XND6D"
"simplifies.chaudhry@edu.tbz.ch"|"6GtfI&-ZZmatS-Pg7D9E"
"garcon.baniard@edu.tbz.ch"|"wo%Ncl-vg7BbR-RIX62Q"
"gaetane.elphee@edu.tbz.ch"|"wW#Xtq-qBNJDK-mNWj#H"
"gisele.hassey@edu.tbz.ch"|"@hO9Z1-L$0O%$-j@Z0#5"
"oceanne.booley@edu.tbz.ch"|"F&816K-c&GHpk-Ae4Cjr"
"oerjan.dibden@edu.tbz.ch"|"Ie1mDk-6lg6Li-%OLAnq"
"regine.ocleary@edu.tbz.ch"|"fAE6M2-R6CRZ6-Bew58F"
"selene.persse@edu.tbz.ch"|"28SCX&-L$FDNe-zDgMMI"
"helena.adenot@edu.tbz.ch"|"4dFGwT-PeB8V&-HGU8f6"
"maelann.wassung@edu.tbz.ch"|"Iq8xWx-D0JoRN-IWre#h"
"frederique.ackermann@edu.tbz.ch"|"boAKL2-HalVLV-DLf@oa"
"audreanne.kahen@edu.tbz.ch"|"6ueAnD-8TmtPz-d%OfeP"
"maiwenn.lasty@edu.tbz.ch"|"XIXcUX-lj1psu-NHKhLU"
"yu.dictus@edu.tbz.ch"|"ExzS0T-ol1#Qm-vxQhD$"
"anae.dukes@edu.tbz.ch"|"Wl0rWo-y5J@dl-i#Zkw4"
"yenora.warr@edu.tbz.ch"|"tu$$ZM-Ts2BDB-i&JqG9"
"esbjoern.archibold@edu.tbz.ch"|"dhpslv-@YpzVd-wZxauR"
"milena.pardal@edu.tbz.ch"|"yNeUp5-3gn3Gc-Hjfibw"
"celestine.graveston@edu.tbz.ch"|"ROFcy#-7Wsscl-S%iAq1"
"maena.dallas@edu.tbz.ch"|"QaBQ@U-fvPn0V-V6A5V%"
"andree.tuke@edu.tbz.ch"|"YPgPBM-sgSKtC-h3w4%&"
"methode.seldner@edu.tbz.ch"|"3NcwAc-#WHhpR-AuMi8E"
"venus.bullas@edu.tbz.ch"|"sGt70$-s7jlCz-T1mgV$"
"mans.aguirrezabal@edu.tbz.ch"|"vm$%z2-IidkTN-doHd8f"
"gaelle.eadington@edu.tbz.ch"|"TS3PlA-3NTdcN-o1iWpN"
"anaelle.falkner@edu.tbz.ch"|"xXtT6Q-%&4OrK-7qHQmo"
"ophelie.height@edu.tbz.ch"|"x25ppp-oTJvou-lK#Xz2"
"marten.bolding@edu.tbz.ch"|"yrRFEB-0d7dbV-pltC8S"
"pelagie.guswell@edu.tbz.ch"|"mi#FIS-LVkls&-4%#qN$"
"gwenaelle.lecount@edu.tbz.ch"|"Ei8oNF-%Ao6#U-5gQqCk"
"hakan.laden@edu.tbz.ch"|"%XV@J6-4jFozS-#Smscp"
"marie-josee.hylands@edu.tbz.ch"|"7LV4fU-wWvbyZ-CWrTUM"
"zoe.kingshott@edu.tbz.ch"|"jMBW5M-@&XNWs-NTRmZu"
"josee.janous@edu.tbz.ch"|"Qw5%3D-BZpY8Z-qbTKU3"
"laurene.gallally@edu.tbz.ch"|"T0Yhf9-Nte9hD-d&l%t2"
"anael.bickle@edu.tbz.ch"|"yZOYC0-V2AFr6-&jQqjX"
"mediamass.lebbern@edu.tbz.ch"|"OosNTX-N72#8&-SMpDCR"
"berengere.hovy@edu.tbz.ch"|"xcwJql-va&xd7-p8nuo%"
"oerjan.kilmurray@edu.tbz.ch"|"H&M2VF-fFeA@t-N27#SF"
"asloeg.venny@edu.tbz.ch"|"juu&UM-T2pdPm-Jaodty"
"marie-noel.stoad@edu.tbz.ch"|"m6bz$L-0e9olT-wYT$6$"
"hakan.pettifor@edu.tbz.ch"|"RbP%0@-qmk@cc-2%z4Dw"
"maella.willgrass@edu.tbz.ch"|"iYVZ4n-pQ6u7M-W$aNyj"
"therese.ludovici@edu.tbz.ch"|"nP4Gl3-sNgH%x-Oc92HO"
"stephanie.trewhitt@edu.tbz.ch"|"u8grtv-%VwWzR-hy5twR"
"maerta.bauduccio@edu.tbz.ch"|"6vhgPq-7t8CWe-fIq&$U"
"gaetane.glaisner@edu.tbz.ch"|"NG7880-OCeG5Q-Cnsqs#"
"naeva.pargeter@edu.tbz.ch"|"@XVOE4-OIv@Cr-yXxrGp"
"salome.venable@edu.tbz.ch"|"Z0cism-vs9I4o-tgOtsC"
"boerje.thickett@edu.tbz.ch"|"rqn3U0-Lkz4zs-QC$F7D"
"lucrece.prendergrass@edu.tbz.ch"|"FRNDf2-QEK5@z-KuTptr"
"laurene.ockleshaw@edu.tbz.ch"|"4flOv5-FOZyDD-zvwC0X"
"cecilia.pasticznyk@edu.tbz.ch"|"Z%S2MR-i8lbsI-3PuPU2"
"stevina.mackey@edu.tbz.ch"|"dqlTMQ-XMGE5x-8iI169"
"marie-noel.reven@edu.tbz.ch"|"j5z8g1-$0ek#h-t2qAdE"
"melina.quilkin@edu.tbz.ch"|"SCey%c-yRgCoe-sQeC3V"
"marie-noel.ferrie@edu.tbz.ch"|"dXDNO&-Eu6JWh-wwDcBN"
"leone.alphege@edu.tbz.ch"|"@A#fIL-utIXP0-5ioXkp"
"zoe.leverson@edu.tbz.ch"|"9GtuHv-O0M21l-DEhplz"
"annotes.grayne@edu.tbz.ch"|"#kMyuh-zu6Td%-SoYBMi"
"faites.lalley@edu.tbz.ch"|"dMbPA8-eunJT6-LCEUED"
"adele.wallis@edu.tbz.ch"|"AWTV8z-PFinIp-7BcmwO"
"severine.madill@edu.tbz.ch"|"NJnPP4-ihb1ps-kdaB$5"
"valerie.tebb@edu.tbz.ch"|"J3yE0M-GNSuh4-JuK8i%"
"kalliste.rasper@edu.tbz.ch"|"djjhg&-scs0fa-Xuj$4J"
"audreanne.palomba@edu.tbz.ch"|"edhf5K-WTjrRO-wcaNqB"
"elea.adamik@edu.tbz.ch"|"%GKH&k-I%Vn@9-Zym0Yr"
"reserves.jakuszewski@edu.tbz.ch"|"h@qKu7-%uO6wO-DS@S1m"
"athena.belhomme@edu.tbz.ch"|"OK58C4-TGhpac-T2@jY8"
"rebecca.crippin@edu.tbz.ch"|"VKb8zY-Ci6G33-tASx$f"
"maiwenn.curman@edu.tbz.ch"|"IgPCLe-5Q%@ds-PJ6%ZI"
"andree.bunner@edu.tbz.ch"|"H3hT2a-N%HYJj-Estrcj"
"ruo.winckles@edu.tbz.ch"|"MrP4n@-PT98OF-PwSzV1"
"naeva.buntine@edu.tbz.ch"|"R#VFPL-xGtrSZ-o%krpl"
"boerje.dollard@edu.tbz.ch"|"tIFHMV-@eSEb5-hr1UMO"
"penelope.gorman@edu.tbz.ch"|"Wnj&WB-4LcMXv-GBir7@"
"alois.robelin@edu.tbz.ch"|"P@AfJ%-k2J$6K-3fG2Hs"
"anaelle.tindle@edu.tbz.ch"|"U7KnHh-5ej0aV-1fMZ9E"
"ye.frears@edu.tbz.ch"|"jBpZNK-nZ%V1j-#GdShE"
"andree.ovid@edu.tbz.ch"|"0FW@jw-dSKaOp-RzSJ8d"
"hakan.peat@edu.tbz.ch"|"LPhg@b-dLkt0v-lKTlWR"
"andre.januszewski@edu.tbz.ch"|"iXaRjD-TGIibk-ZYI3vB"
"annotes.clemmett@edu.tbz.ch"|"gVbS2D-SSeFqh-R5G@Vs"
"pal.lambswood@edu.tbz.ch"|"qLV5Ve-4PL@lC-PXmazI"
"yao.lenton@edu.tbz.ch"|"ZDughc-GPINe%-2jtJPU"
"hakan.boyton@edu.tbz.ch"|"x%9ugi-$U8Zls-uU%MpT"
"nelie.forsey@edu.tbz.ch"|"9IjWH6-28R&O$-EHK0%@"
"hakan.horche@edu.tbz.ch"|"db%nsr-hYK3@W-nm3HNq"
"lorene.sinkings@edu.tbz.ch"|"$w580R-83qz9G-sdy%Q&"
"marie-therese.creddon@edu.tbz.ch"|"ahfKlF-zBegSF-YUZgz8"
"berenice.tolworthy@edu.tbz.ch"|"ZgwiPe-GpeYu3-Ko6En8"
"theresa.land@edu.tbz.ch"|"W5TU8x-M5kvQ2-lMYXbK"
"marie-therese.gianilli@edu.tbz.ch"|"AiCgf#-En7wYG-LaBtHZ"
"meryl.glew@edu.tbz.ch"|"e4LIRY-@irOtw-VhxmR2"
"adele.debling@edu.tbz.ch"|"vlNCUu-o2nnZ%-Weo1Wu"
"anae.metzke@edu.tbz.ch"|"cmsDnu-u7Q6Qc-pck1ai"
"gaetane.gooden@edu.tbz.ch"|"@822cf-APaRh3-5KqMrc"
"laila.bootland@edu.tbz.ch"|"dm39jo-VYTklZ-1r@9r1"
"maite.helsdon@edu.tbz.ch"|"3wLnkj-SN&0Ax-uW9EXM"
"andree.malley@edu.tbz.ch"|"yGoaeW-dWVx1Q-LQNg0x"
"pal.simmens@edu.tbz.ch"|"YCfV1X-iMiAoM-C@U3nB"
"maelys.nuccitelli@edu.tbz.ch"|"0esvfi-ILL#Bw-RZ2W&1"
"dafnee.sibary@edu.tbz.ch"|"evOaz3-pUZf%k-jfzUry"
"alois.harsnep@edu.tbz.ch"|"K26g8p-dTs5Gz-n5mj3e"
"marie-helene.lacky@edu.tbz.ch"|"ccrkPX-bVX9@C-dqCaHV"
"mylene.youthed@edu.tbz.ch"|"DVU10b-yXDynL-GzlD7j"
"marie-helene.dehmel@edu.tbz.ch"|"AvQgAR-lpKT6N-#dQylk"
"angele.batman@edu.tbz.ch"|"zljy4y-BtMl8K-7klVl7"
"melia.younghusband@edu.tbz.ch"|"HlvbLj-66K$QS-PUhT8T"
"eloise.baldi@edu.tbz.ch"|"RHHp4g-RH#YCv-P4lV6a"
"illustree.dun@edu.tbz.ch"|"MleKjP-CCK0gG-8RrJ3w"
"genevieve.late@edu.tbz.ch"|"jHM9wN-B4pzUx-x6wqx6"
"celestine.colville@edu.tbz.ch"|"nf2$Ma-8URzKZ-T4pILS"
"gwenaelle.scarlon@edu.tbz.ch"|"BJC&iF-UqnN83-@QFtsM"
"regine.boddie@edu.tbz.ch"|"%ROyC0-rmC3eq-ectbIK"
"creez.gaughan@edu.tbz.ch"|"UCG9Go-Psol93-&b4f1#"
"gaia.longford@edu.tbz.ch"|"MRM8Kt-kMfQp&-gctae&"
"mailis.buckby@edu.tbz.ch"|"Y2v%4%-Xq%e%X-1X1uHE"
"song.parbrook@edu.tbz.ch"|"RxSEIi-Ltr8MD-hxNWOb"
"frederique.heddan@edu.tbz.ch"|"ef$T40-nSVEkz-tZOTOb"
"ake.kirtlan@edu.tbz.ch"|"ae$ZDl-eoz8v6-%zsS7L"
"nelie.runciman@edu.tbz.ch"|"WK$eAb-bq#RtO-t42@7V"
"mailis.cardnell@edu.tbz.ch"|"x&7w3O-aCBqQ@-ggnr4U"
"irene.navarro@edu.tbz.ch"|"f9hzf5-pMWUf@-nT%UJ@"
"maite.cough@edu.tbz.ch"|"vgXouz-FvtJGI-SVMPil"
"anaelle.stocky@edu.tbz.ch"|"2CI4QJ-mV$Z%7-gl5o6f"
"methode.moulder@edu.tbz.ch"|"LzdobK-z#k&pg-%hoFEh"
"po.stafford@edu.tbz.ch"|"lbOxHe-Syb5m0-RoleyQ"
"faites.scraggs@edu.tbz.ch"|"&vq5DQ-cGO&5h-0vsMnM"
"adelaide.dullard@edu.tbz.ch"|"GsWOOQ-nvvmgX-cUbg$2"
"desiree.leonard@edu.tbz.ch"|"iMlRyk-IRQ&zb-lX8trq"
"geraldine.badgers@edu.tbz.ch"|"@1aKsm-ljIqjU-u7adtA"
"ruo.masic@edu.tbz.ch"|"athngc-HRNoq%-@sSTl%"
"aurelie.lieber@edu.tbz.ch"|"LFI1nQ-Fp0Zks-bScDnO"
"naelle.balcock@edu.tbz.ch"|"vY1CFo-uBen&y-Vovta@"
"camelia.elger@edu.tbz.ch"|"ZQ4AL@-ilnikQ-z&akXS"
"publicite.oakeshott@edu.tbz.ch"|"UAY$Ce-XQ8cJ9-R3j2@0"
"cleopatre.fawley@edu.tbz.ch"|"kTsC$I-Jn1wxo-olcXb7"
"laurene.bruckmann@edu.tbz.ch"|"G&jdGL-oQ#rJJ-b@qApT"
"rui.haughton@edu.tbz.ch"|"@Hcsdn-c5$jzc-sk5Lkm"
"asa.ladewig@edu.tbz.ch"|"%@rTxt-2PTVLq-xPC7si"
"gisele.janecek@edu.tbz.ch"|"@pag$u-$K2aot-pK5e$&"
"maily.loveridge@edu.tbz.ch"|"s%Fgch-aLXl2I-izGxRK"
"marie-eve.yurkiewicz@edu.tbz.ch"|"0Evy4g-tW%X#j-ZUh&T8"
"fei.roder@edu.tbz.ch"|"Y#GJKT-WP5LQU-STzj3Y"
"edmee.chatburn@edu.tbz.ch"|"zVyvEy-gieRtu-XdBIH7"
"geraldine.darke@edu.tbz.ch"|"8A124I-hLcpxK-k84BG6"
"ye.jira@edu.tbz.ch"|"o&CtkZ-LpGL$q-Eq5xid"
"publicite.persent@edu.tbz.ch"|"GfwCX3-REhz@N-9%1b3L"
"severine.wilcox@edu.tbz.ch"|"2Ctqdr-F7QdCY-BJmaSi"
"yao.mcclaren@edu.tbz.ch"|"FN6N#e-oUaOth-rMPO20"
"theresa.foynes@edu.tbz.ch"|"i7Qlx%-jWb2oz-Kg0xzJ"
"stephanie.isley@edu.tbz.ch"|"hyiD98-yNqIA0-4lwbzG"
"torbjoern.growy@edu.tbz.ch"|"6JTQnQ-PQe$C&-YJa5zf"
"eloise.tunnadine@edu.tbz.ch"|"SmfrTn-A2C@G8-yIS70y"
"maeline.cossentine@edu.tbz.ch"|"@luxQ@-Wl%3fP-#X39u%"
"nelie.desantos@edu.tbz.ch"|"a5Ot0V-btRPBs-AvGq7Y"
"gaetane.axston@edu.tbz.ch"|"ObertL-b3oSiR-C7G@8n"
"aimee.merman@edu.tbz.ch"|"cF$%vo-YMEjwn-Rx4V8q"
"oerjan.drivers@edu.tbz.ch"|"dZ5ccX-sb@V@f-@BXMqH"
"aimee.miroy@edu.tbz.ch"|"LNq2qs-acThFT-@YEc#c"
"nelie.glyde@edu.tbz.ch"|"Lhf&zB-CarRjb-qBxn1R"
"hakan.kapelhof@edu.tbz.ch"|"59ABNA-0MJ1#S-rYEOJC"
"maelyss.cauley@edu.tbz.ch"|"pcriBL-%upH9K-UVY@28"
"elea.vaggs@edu.tbz.ch"|"XVfTvf-l58T&W-4YQ3Ln"
"maelys.but@edu.tbz.ch"|"OOefxA-o4xe0k-k3m47W"
"maella.arthurs@edu.tbz.ch"|"g964sD-vClrHj-ZOkIuj"
"adele.liebrecht@edu.tbz.ch"|"Gy5mpq-Wp2%3a-dlvS@7"
"meline.lomasny@edu.tbz.ch"|"IF#5K$-oFaX7p-XIJ5Xw"
"mediamass.schwant@edu.tbz.ch"|"SkhFmh-l1LN0U-pFfdl9"
"leone.saunt@edu.tbz.ch"|"2URe%A-r3ViA1-nYcs#D"
"annotes.gouch@edu.tbz.ch"|"ggSNVx-&$2xIq-#sRZfZ"
"gaetane.bowich@edu.tbz.ch"|"42QH6B-zFto3A-W#1B$C"
"alizee.strelitzki@edu.tbz.ch"|"zPv892-wTt46Y-e#wDH3"
"leone.poile@edu.tbz.ch"|"a40kq9-&A9zZL-lJ9flQ"
"amelie.saban@edu.tbz.ch"|"Orfu2g-saZMpw-JKIklC"
"marten.mcmenamin@edu.tbz.ch"|"$1g66a-kvVO9M-Dau8QY"
"becassine.keets@edu.tbz.ch"|"8PuKp$-1FMIuh-f%1sb5"
"celine.million@edu.tbz.ch"|"Rjuvgl-BgTz5k-UIzcGS"
"geraldine.belitz@edu.tbz.ch"|"%uVXy3-Hg@KJs-JkPJlU"
"salome.mardling@edu.tbz.ch"|"X2W4rg-yu#7mK-z7DG6k"
"melia.blakemore@edu.tbz.ch"|"2oJY0n-iRqsPs-JRMEFx"
"dafnee.mcaulay@edu.tbz.ch"|"@6zy$5-0AarD6-RF$Sq8"
"garcon.dennett@edu.tbz.ch"|"4dq#3v-dBUeVz-QIFYcx"
"interessant.lesor@edu.tbz.ch"|"B&Q6Z#-vzhJ1&-q2MAa0"
"annotee.wasbrough@edu.tbz.ch"|"lSVx8g-cBxkMn-%HPKJ8"
"asa.ibbeson@edu.tbz.ch"|"U3EeyD-Zocwdl-m1fEdg"
"maily.kennealy@edu.tbz.ch"|"S&BD5o-h0EW7j-TIaoeS"
"ye.seares@edu.tbz.ch"|"o&FTKd-gAJvh4-4JtSfT"
"athena.harbron@edu.tbz.ch"|"Sgim5u-KZsQhM-Fbu4YZ"
"andreanne.portail@edu.tbz.ch"|"iBcfrT-d9YUeI-zWxn9V"
"goeran.zannelli@edu.tbz.ch"|"fg&#qL-pmR#Io-UDhwg%"
"gerald.leathlay@edu.tbz.ch"|"J5XZLH-pt$LO8-U8mz1D"
"andreanne.chown@edu.tbz.ch"|"NZsMIz-qwzc0N-sdwLMe"
"esteve.clementel@edu.tbz.ch"|"a$CbjJ-8VY6Em-9JkWR%"
"leone.legan@edu.tbz.ch"|"8bSvKQ-BZ7cSy-baHnv#"
"maena.pownall@edu.tbz.ch"|"UVMBar-yEfL1H-COJfxD"
"andree.rettie@edu.tbz.ch"|"5y%Ilr-9U#qdf-gRqP0T"
"ines.kenwrick@edu.tbz.ch"|"N@LIS2-9Jni&1-@U4yny"
"marie-helene.yarnall@edu.tbz.ch"|"PbxQm%-XtFWB3-luMVPA"
"po.martin@edu.tbz.ch"|"YVyKAG-bitTey-sjd2ME"
"ruo.celiz@edu.tbz.ch"|"6K@BoV-JXz%2q-Q3qPqD"
"po.bissett@edu.tbz.ch"|"&%xIMW-2hDvVz-EdXosH"
"du.swindon@edu.tbz.ch"|"PVivKF-cxwTL$-cRPobx"
"interessant.gouldthorp@edu.tbz.ch"|"Qf3FEy-6OcS$B-Mi@Op&"
"leandre.lilburn@edu.tbz.ch"|"x5$EsP-0hnECj-jhp8P3"
"bjoern.whales@edu.tbz.ch"|"vRv0iM-tqsWG5-YvRd5a"
"interessant.dieton@edu.tbz.ch"|"1O2m4Z-EBHzvk-OtG&gC"
"celestine.redhills@edu.tbz.ch"|"p6jMpV-VcQgN$-Zji1dW"
"tan.yakovlev@edu.tbz.ch"|"BEIA&$-8XoZ$2-vbYvNw"
"regine.mcdowell@edu.tbz.ch"|"YnVFEk-S&NC8Z-l5I0jg"
"ju.coysh@edu.tbz.ch"|"sie$vR-vTG5CV-mCtlH5"
"reserves.ofallon@edu.tbz.ch"|"M6KYlS-EHhOms-R##%Z6"
"frederique.sobey@edu.tbz.ch"|"zGtKHX-$oN0mR-M7e3x$"
"marie-eve.garstang@edu.tbz.ch"|"JR5WLC-HjeoW8-##uVQk"
"andre.tapin@edu.tbz.ch"|"snPtaU-LRydA4-OFGKsk"
"esbjoern.eynon@edu.tbz.ch"|"7qvYVw-QUYYRo-BbAc4h"
"maella.duffy@edu.tbz.ch"|"y#rP$J-LL@RKU-RF9IMD"
"leandre.twinning@edu.tbz.ch"|"7UfOg1-G#Xxg9-zzAyg5"
"mai.whittingham@edu.tbz.ch"|"8%sGfU-CWPUwd-Jq3OGH"
"rachele.shevelin@edu.tbz.ch"|"Agp$VW-HhY3o&-&aiHKB"
"cecile.mcure@edu.tbz.ch"|"O4A%IS-t1%#hl-MOapyR"
"marie-eve.yurkevich@edu.tbz.ch"|"IJ6rBq-d8hlGA-1gi648"
"almerinda.paice@edu.tbz.ch"|"QpTM%h-iXDcA7-mB$dOe"
"rao.howkins@edu.tbz.ch"|"%EVoK0-3psEeo-mVp@O8"
"serena.pack@edu.tbz.ch"|"m$VeNv-45k5cM-p2c4QL"
"rebecca.mant@edu.tbz.ch"|"PabrkD-hAVStD-4fhVte"
"reserves.spitell@edu.tbz.ch"|"DF$F9N-mb$NEr-aYWuQF"
"garcon.hamfleet@edu.tbz.ch"|"h#ZA%V-t5G8YU-sb%2#1"
"methode.kerkham@edu.tbz.ch"|"gQhuk1-phGSUj-RpbNWe"
"pelagie.camies@edu.tbz.ch"|"IwK0j9-gKyhKx-7bmnRO"
"josephine.macpharlain@edu.tbz.ch"|"lkCaqC-Lc1vv9-n76F5g"
"eugenie.mathet@edu.tbz.ch"|"JcT5GJ-XGLxbm-Ks84AX"
"gaetane.brangan@edu.tbz.ch"|"&SsTTP-pgNYtp-jKguVv"
"michele.dewbury@edu.tbz.ch"|"#9ghyE-&S$BmD-WfWF@d"
"eugenie.elcott@edu.tbz.ch"|"kL$&Hn-28npdL-Z6IVGQ"
"megane.harniman@edu.tbz.ch"|"bHHYqk-gcnM90-S%SZJd"
"agnes.cluney@edu.tbz.ch"|"M%K321-1YqsBv-sfu$A$"
"marie-helene.angear@edu.tbz.ch"|"YdiUmP-r6j8rz-&ovYiW"
"melia.dolphin@edu.tbz.ch"|"SEGY@W-awaahb-QtE&1x"
"lois.ruseworth@edu.tbz.ch"|"BJ#YfP-5X4@%7-U2Gz8C"
"mailys.ryding@edu.tbz.ch"|"P4r%BH-poFhdR-RL52Vg"
"rachele.wulfinger@edu.tbz.ch"|"I5bVnj-wyHJY$-rC8uZ6"
"gwenaelle.talton@edu.tbz.ch"|"hLCH5s-s7fAB5-n6KwrJ"
"long.ronchetti@edu.tbz.ch"|"HPBIdd-2tYW@7-WQHWda"
"styrbjoern.kloska@edu.tbz.ch"|"$zMLQ2-aOsG2w-XdpDp4"
"len.sudran@edu.tbz.ch"|"%kD9Vz-DiI$vk-qbXyE4"
"maelle.andrysek@edu.tbz.ch"|"WerK2B-XbpSIH-4nQk64"
"selene.senior@edu.tbz.ch"|"xFlc79-LRTEAE-UjZZ7b"
"anais.joskovitch@edu.tbz.ch"|"cBKSf9-ustHfI-pYh05W"
"marie-noel.dally@edu.tbz.ch"|"NKJI$9-N@5NIY-H7d2$w"
"marie-helene.laurence@edu.tbz.ch"|"QeA9V0-Pc$JpW-kRodJd"
"camelia.foxon@edu.tbz.ch"|"hCqRHu-1#zsth-m47F#J"
"helene.cankett@edu.tbz.ch"|"KZXccd-tebp6B-4ljrtv"
"marten.mitchelson@edu.tbz.ch"|"SqZUUI-3ASz2b-Twk0vy"
"helena.stirtle@edu.tbz.ch"|"NS$&q7-6qWcCa-6ZeLY%"
"leane.barmby@edu.tbz.ch"|"O77LX0-PLjEdM-Xk5f8y"
"goeran.ofinan@edu.tbz.ch"|"a8UIA#-q%J@%Y-w@8EO2"
"styrbjoern.proby@edu.tbz.ch"|"BjYz02-lOJEXI-N3g6NT"
"zoe.halse@edu.tbz.ch"|"lt90l@-BgX4k$-rk8Iih"
"kui.drable@edu.tbz.ch"|"aDq80#-oHJrQx-ULfV6V"
"desiree.bamford@edu.tbz.ch"|"NrV0PJ-%o6v3m-UGhmYt"
"zoe.suller@edu.tbz.ch"|"xsYYz#-$E0vyD-nbZC6R"
"marylene.audiss@edu.tbz.ch"|"cEUuAM-ecf9&T-Wgim@e"
"adelaide.poznanski@edu.tbz.ch"|"uJDWBs-i41%vU-g0Adf1"
"maella.coleyshaw@edu.tbz.ch"|"8AA5kK-ex#ICj-Ut3wcg"
"marie-francoise.gelder@edu.tbz.ch"|"dX$5Pe-Bb4hCH-zbi@#H"
"eleonore.chaffyn@edu.tbz.ch"|"pNrqST-OKls@B-cR61Cu"
"celestine.sikorsky@edu.tbz.ch"|"&lo%O4-HMwGVx-ZFMLX#"
"stevina.londsdale@edu.tbz.ch"|"Y#Zrwf-ArMh@Q-XFRm1M"
"maiwenn.nevitt@edu.tbz.ch"|"5lGE$t-n3K85D-qo1Nwx"
"magdalene.gerrey@edu.tbz.ch"|"9@HSA9-OZYAkO-RCx3gF"
"becassine.latimer@edu.tbz.ch"|"FwKHzd-n66xG$-EncI%p"
"da.lethibridge@edu.tbz.ch"|"OU11uE-YHaAe5-C@TcmG"
"mailys.claige@edu.tbz.ch"|"pWJ1A7-Lcx8Q3-Yw$UnQ"
"maena.torbard@edu.tbz.ch"|"ia7va9-lzH5aT-ihbGI$"
"solene.lyvon@edu.tbz.ch"|"v7P#7m-I@9cSR-LuDo&H"
"marie-therese.benbrick@edu.tbz.ch"|"CaIHm&-0TULEq-0s3lj#"
"gerald.edmonson@edu.tbz.ch"|"D1iEcm-mtGLOJ-WujdKn"
"ake.messruther@edu.tbz.ch"|"eYZ655-0ynPl6-saIJ0H"
"men.gosneye@edu.tbz.ch"|"GUEIbh-F4Ixqp-txE0Al"
"anais.jefferys@edu.tbz.ch"|"aECn3f-vs59Hz-P##27#"
"publicite.tregale@edu.tbz.ch"|"xgHCgF-G8yR#2-rHgbnJ"
"maily.santorini@edu.tbz.ch"|"cBRlNy-f8xEwh-J@g%fd"
"ines.pioch@edu.tbz.ch"|"N4%na&-RrHnNt-YBf2eC"
"noemie.marklew@edu.tbz.ch"|"ft6VW#-z4dww6-eq8ahB"
"meghane.maccaffrey@edu.tbz.ch"|"kLX#M7-xb6dYQ-RYUjMR"
"berangere.ambrogio@edu.tbz.ch"|"Q3a21z-57DUrL-GuOlsd"
"mediamass.ryce@edu.tbz.ch"|"T70l3R-@OdSOC-OYETkT"
"oesten.ubank@edu.tbz.ch"|"ps5e3l-scJOs3-UJUUgP"
"melina.mackee@edu.tbz.ch"|"wtKdrg-4WBc5g-jDCxAK"
"theresa.livezey@edu.tbz.ch"|"AOUj@M-NBQVJo-eq3Bf&"
"clemence.weal@edu.tbz.ch"|"o#$44v-YFnBA1-5DmKaw"
"faites.overton@edu.tbz.ch"|"b21gmg-l#vWfk-csVpdL"
"clea.lindblad@edu.tbz.ch"|"SCd#kR-&tKwM7-XbVDnM"
"josephine.roseaman@edu.tbz.ch"|"pkWLbK-f0KguH-CwAd#0"
"oesten.lowbridge@edu.tbz.ch"|"LV7qVP-xouJ9F-ak7ZVc"
"marie-josee.brion@edu.tbz.ch"|"FZPMoJ-2HcpcK-YW@05g"
"therese.basili@edu.tbz.ch"|"a4Vrz3-xK@5#c-yeY6ze"
"melia.vertigan@edu.tbz.ch"|"s#Rnx6-6oPHa$-$sMOhr"
"judicael.saull@edu.tbz.ch"|"D5%%gQ-MLaP1o-6DAQeE"
"selene.valentine@edu.tbz.ch"|"G1jT9Q-Jel$qR-PxR$WJ"
"verane.dunlap@edu.tbz.ch"|"M3RMOY-1Re17g-%djXvz"
"meline.kinnear@edu.tbz.ch"|"un44%f-nK1M7M-hX#&st"
"lei.luttgert@edu.tbz.ch"|"W4PqfN-DUsf8l-OMRxAj"
"styrbjoern.lathleiffure@edu.tbz.ch"|"Ombkit-aDm8Mj-vWO8rU"
"marlene.blasi@edu.tbz.ch"|"bl8$PR-R0sK1c-CiK1xc"
"mai.begwell@edu.tbz.ch"|"dDw@sp-nSy6q9-c1GnlX"
"gwenaelle.kaines@edu.tbz.ch"|"l6%pFM-mG0AIg-U8l03d"
"gerald.adamthwaite@edu.tbz.ch"|"$Gp6Ld-7wguHs-e5plTG"
"kui.hartfield@edu.tbz.ch"|"g&I3MO-70$sFV-9IpehG"
"salome.currao@edu.tbz.ch"|"#LhkNT-TVtOGV-1dsGBj"
"angelique.tixier@edu.tbz.ch"|"yCUmuI-VDvMMt-iIRY7l"
"ju.mcgragh@edu.tbz.ch"|"aw@G57-xCjM9l-tp8aO%"
"dafnee.beachem@edu.tbz.ch"|"niEm&h-2u6O7U-Aq4B6X"
"creez.terlinden@edu.tbz.ch"|"@Gt$gm-WNT5ac-Y2k1im"
"uo.mcskeagan@edu.tbz.ch"|"L8eskE-XfySi0-01ruEf"
"edmee.mccaughren@edu.tbz.ch"|"lTGcPp-fJQwjP-EJqQeP"
"asloeg.cozby@edu.tbz.ch"|"1nniU1-YJfHyr-$j9#2V"
"melodie.traite@edu.tbz.ch"|"wJdlT3-UwxY&S-7TvO00"
"dorothee.aindriu@edu.tbz.ch"|"w@m%Y&-Z%1HFg-AfiEP3"
"daniele.doley@edu.tbz.ch"|"9lVcod-tkaN@s-eg%Wrd"
"mediamass.fairclough@edu.tbz.ch"|"su1SYA-cOQqem-yVXPd7"
"lorene.rainforth@edu.tbz.ch"|"fZX@N6-&5f0ax-uc8GAX"
"leonore.eyer@edu.tbz.ch"|"NHP@4S-lBMiPi-cs6lD0"
"po.spillman@edu.tbz.ch"|"B9RO8J-po@vDA-9MN2NJ"
"cecilia.plitz@edu.tbz.ch"|"%b4Jlc-Ows$IA-&2$dA1"
"lorene.ludlow@edu.tbz.ch"|"6mKMZ1-gX8emI-Tf62A7"
"berangere.neligan@edu.tbz.ch"|"z5LM2O-OQ$sB3-K2NZC5"
"simplifies.huggan@edu.tbz.ch"|"CwASuE-KMBrSe-UAlxcB"
"clelia.prandy@edu.tbz.ch"|"AICpkp-4%4GHX-HpZGcd"
"ake.osban@edu.tbz.ch"|"RzjyIj-APZrlt-C898PG"
"cunegonde.brunn@edu.tbz.ch"|"KxmlSl-527wsJ-GC0HtI"
"long.grizard@edu.tbz.ch"|"hl$1JL-dmx%ag-E5&IrN"
"meghane.diss@edu.tbz.ch"|"M3Tall-QQ1cWw-QbxeYY"
"therese.oldman@edu.tbz.ch"|"f@OTU%-RHiXCt-oweDTz"
"boerje.scamerdine@edu.tbz.ch"|"%@zVto-75uff8-BeSV4y"
"du.saban@edu.tbz.ch"|"OZ9AbK-XVS@%L-wknl$V"
"hakan.clynmans@edu.tbz.ch"|"xVa4g6-eCFSzs-lL18PH"
"wa.macdowal@edu.tbz.ch"|"8XeHb3-Z@EHtF-ZL1pjA"
"venus.hatrey@edu.tbz.ch"|"W0n2Pf-rbS$Ab-9Rg6@5"
"anaelle.vispo@edu.tbz.ch"|"EdomVa-nMHCPA-ZwC9ek"
"mahelie.ollcott@edu.tbz.ch"|"v5KL2%-NJl#rM-TD&pWC"
"mediamass.whyman@edu.tbz.ch"|"I0pY1K-cDp3dQ-xrSlsW"
"esbjoern.basson@edu.tbz.ch"|"rE@Wmx-2%Ic25-NpfTNJ"
"andrea.morrill@edu.tbz.ch"|"yOha6t-vQ8cck-eKtjV2"
"melys.grassi@edu.tbz.ch"|"EPTXm1-iw7@ld-FZu9Mg"
"leone.poleye@edu.tbz.ch"|"E9c#Yf-ElpfBA-zRa8yX"
"francoise.penny@edu.tbz.ch"|"j$cRKj-P7ukKL-7mRHPB"
"rebecca.edney@edu.tbz.ch"|"C0pm#w-QRX#U%-YmiB#m"
"adelaide.murtagh@edu.tbz.ch"|"QIyG0Q-T64off-Htga5W"
"stevina.winterbourne@edu.tbz.ch"|"rW&kt9-UQ0Tlf-%zBThD"
"ma.cottom@edu.tbz.ch"|"swQQc7-PIxrHa-HNU05$"
"tan.harold@edu.tbz.ch"|"m$vwke-y$z3Gz-212Ldg"
"venus.forte@edu.tbz.ch"|"992nha-Gwp#k7-Ky6up@"
"almerinda.oluney@edu.tbz.ch"|"JxASL0-PBhNgF-XSs2et"
"cleopatre.brehault@edu.tbz.ch"|"uGb2Pq-reWxUu-Yb0y%C"
"interessant.lapides@edu.tbz.ch"|"vKLL1#-Fz5OSz-xuh&eO"
"reserves.hallatt@edu.tbz.ch"|"UdT&Dz-6XqXE@-B#opWG"
"annotes.birdwhistle@edu.tbz.ch"|"ehlIft-2BIi8d-w8j#Aq"
"ai.dredge@edu.tbz.ch"|"l4MqmI-bnGJKl-i5adAW"
"megane.mussard@edu.tbz.ch"|"Kpp$w8-GZxPlx-ll2ggH"
"esbjoern.gowrich@edu.tbz.ch"|"3ixb$Q-jKPaN8-U$30YQ"
"boerje.brislawn@edu.tbz.ch"|"1U9&hL-WwN$3N-fbJoBW"
"becassine.wilce@edu.tbz.ch"|"#Ikz#4-sdXVKu-2E0NPe"
"personnalisee.oels@edu.tbz.ch"|"wUna2x-80yhUR-7ltPH6"
"verane.pett@edu.tbz.ch"|"VQN125-wI0Dgh-oR#O99"
"marylene.glewe@edu.tbz.ch"|"ZE0fmR-bmxMSP-M3GQCq"
"lai.elson@edu.tbz.ch"|"dPgB6p-21AIiF-3JHFTh"
"serena.difranceschi@edu.tbz.ch"|"WO11av-$aRHuF-&eFKeY"
"lie.espinel@edu.tbz.ch"|"LuNE3S-oMj4Oc-oSaLN7"
"marylene.fantini@edu.tbz.ch"|"fapEPV-&cvS&i-EPk&Hf"
"andre.archdeckne@edu.tbz.ch"|"ZdyfSg-7A&rdo-whDyxM"
"goeran.bohlingolsen@edu.tbz.ch"|"dOEWxa-3ga@bF-yIt1Rs"
"cunegonde.heffer@edu.tbz.ch"|"oTFYr2-aqahdI-WvTWTo"
"tan.fechnie@edu.tbz.ch"|"jJrrjT-kSfvg%-KqYsmn"
"marie-noel.brammar@edu.tbz.ch"|"avdKcN-ZHqkQP-dKRnXM"
"simplifies.aven@edu.tbz.ch"|"5VTsWv-b771LX-ImkxKN"
"melys.pinchen@edu.tbz.ch"|"4gOxGC-AoWGxU-LRCiVG"
"edmee.joyner@edu.tbz.ch"|"zzD70I-8pq26B-7QZF$l"
"berengere.edess@edu.tbz.ch"|"OtDIDV-Ra5yJ8-3%jV0U"
"marie-noel.goward@edu.tbz.ch"|"ESE4D7-gPuvSR-mk58nI"
"ju.edmons@edu.tbz.ch"|"5ajtNm-DNfKk@-W7FakT"
"frederique.airds@edu.tbz.ch"|"HWpQmu-upaskU-pb9Q8C"
"reserves.dauby@edu.tbz.ch"|"Mx#Uuy-o@tL7H-1LnkVC"
"hakan.gynni@edu.tbz.ch"|"ekD#Ue-S69975-yOi#1T"
"leonore.pinwill@edu.tbz.ch"|"ZEWPM5-W%$sVp-lp9haO"
"marie-eve.mcallan@edu.tbz.ch"|"@9GODl-NI7v6g-fpC4EP"
"naelle.yeabsley@edu.tbz.ch"|"Jt5Lx%-OGCG1&-O&9UfT"
"nelie.jacobovitz@edu.tbz.ch"|"KcZSk#-lbCZ2c-4wUI9S"
"adele.conelly@edu.tbz.ch"|"BIxJr0-rRr$VR-5n$pJ@"
"clementine.dondon@edu.tbz.ch"|"T9MtuD-0KoH#P-Z#3qmF"
"zhi.willcot@edu.tbz.ch"|"cO3J0T-S8OXo8-FiDX2@"
"chloe.janicki@edu.tbz.ch"|"bvdGH#-ZtE9K6-qdE@OF"
"meng.linde@edu.tbz.ch"|"265@fq-2skhRI-wDo4PY"
"celine.janisson@edu.tbz.ch"|"srx$nc-i8z51Z-MPQwi8"
"clelia.crow@edu.tbz.ch"|"@05t&R-q3Z1C9-FWi5PX"
"cecile.pyott@edu.tbz.ch"|"9Y@Qoa-2wNAho-qLGUzc"
"ma.fidelus@edu.tbz.ch"|"GKJ5pR-mckKLC-ddsnkM"
"marie-helene.poore@edu.tbz.ch"|"ZD3fNc-R4CdVT-xQf6BF"
"elies.blanket@edu.tbz.ch"|"5ec%aa-kTxPCf-wm%Wbb"
"yu.boyer@edu.tbz.ch"|"4p0MEO-UUmw$G-7Ll$XY"
"celia.welds@edu.tbz.ch"|"0$Fhyd-M0#49J-Ztgemr"
"du.gunney@edu.tbz.ch"|"$bFse#-6@ZXPA-EIw$8X"
"goerel.crush@edu.tbz.ch"|"u2x#Hr-QQuCdZ-QtN73y"
"marie-josee.brosius@edu.tbz.ch"|"JW2nUG-xYGlu9-MiU@v0"
"camelia.adds@edu.tbz.ch"|"kKhTU8-ATcu&3-G3fihD"
"anae.irwin@edu.tbz.ch"|"BdDDw9-#d4tL5-gSk3qF"
"cleopatre.skeffington@edu.tbz.ch"|"@vi&uR-ooRvuw-UzZJRI"
"gerald.suggate@edu.tbz.ch"|"KKWksQ-s50EU%-iHkYHw"
"laurene.tailour@edu.tbz.ch"|"$m1#Uf-CIBBDl-WmUA8t"
"amelie.hoble@edu.tbz.ch"|"XhQaj0-9BgYTw-eRNNMC"
"venus.getch@edu.tbz.ch"|"yfmLt6-vNdYZi-Em&ppI"
"renee.treby@edu.tbz.ch"|"HGybHR-bDnIju-HvtdCI"
"almerinda.stait@edu.tbz.ch"|"E5Bgpl-hq0%WR-KBMhQS"
"andree.reddecliffe@edu.tbz.ch"|"EM1nKw-1kuRp#-BnvsdG"
"leone.wintle@edu.tbz.ch"|"xUrMQw-ib9ofc-eBetww"
"gerald.fellow@edu.tbz.ch"|"FFENtc-y$1DlY-x9zZKl"
"ju.gudger@edu.tbz.ch"|"ArPooy-F9TykE-0Lck2J"
"meng.ohaire@edu.tbz.ch"|"QLUUay-AG21EH-scDFs3"
"cleopatre.missington@edu.tbz.ch"|"SVuQsW-$L3613-j2CaAL"
"annotes.debruyn@edu.tbz.ch"|"t8R5UW-fdNafx-7CB2Id"
"gerald.sinisbury@edu.tbz.ch"|"DAu@hj-#sfwpd-TE0C5E"
"creez.slora@edu.tbz.ch"|"lH5LAw-46nB7X-%&Z%X4"
"gisele.benbow@edu.tbz.ch"|"BWzMZB-&WY1mT-uhBoIc"
"pal.dossit@edu.tbz.ch"|"SOk65&-JBAS%D-FuhoF3"
"nelie.stirrip@edu.tbz.ch"|"65rf$K-Exzwz#-G04@2T"
"alois.ocrigane@edu.tbz.ch"|"Zu5Vlq-rf51UR-07y&BK"
"kui.mcterry@edu.tbz.ch"|"svd5vX-5A9pye-Wnzo50"
"long.willgoss@edu.tbz.ch"|"l%yH%Y-5wOjO&-oE9qKR"
"francoise.sumpner@edu.tbz.ch"|"HUUzxl-jzuGPY-k#BmpX"
"maely.grinstead@edu.tbz.ch"|"PGKn92-gen9IM-tx&Nch"
"creez.langeren@edu.tbz.ch"|"S#sTU6-RFVYvA-GfvR44"
"adele.dungate@edu.tbz.ch"|"k5rpa5-dczafx-9sW6G9"
"cleopatre.noirel@edu.tbz.ch"|"xGumeg-uMvEOr-rw8JD&"
"interessant.daverin@edu.tbz.ch"|"ON$@7L-DyZd0I-WJjI9L"
"naeva.kalderon@edu.tbz.ch"|"yv2qNF-EdgvHw-QZgAeb"
"anais.oshesnan@edu.tbz.ch"|"RCr8DY-IjHNRf-qIXYDc"
"judicael.anelay@edu.tbz.ch"|"%$4az3-$lfiuK-UYvAlq"
"eloise.braxton@edu.tbz.ch"|"2&jXs0-eV$w3l-mJj9m2"
"desiree.greguol@edu.tbz.ch"|"10OEkB-ykC9iS-m3kW7W"
"maite.mcclenaghan@edu.tbz.ch"|"r$kqGo-DHqpcv-#3rLNa"
"meng.doret@edu.tbz.ch"|"97&wj%-#NckN5-8$micd"
"frederique.chippendale@edu.tbz.ch"|"u07$k%-d#cD&H-%F58wj"
"andreanne.lanney@edu.tbz.ch"|"6h800T-DdyGRR-wvaXL1"
"aurelie.claus@edu.tbz.ch"|"TwiQqC-Rnae4J-3UvSlG"
"renee.pabel@edu.tbz.ch"|"nV0J3Z-3syzk#-AleO%e"
"maena.roust@edu.tbz.ch"|"$E8#t7-eCk$7o-50L9Zw"
"nadege.carwithim@edu.tbz.ch"|"tSe%8%-XuRheL-ypv5q&"
"solene.geyton@edu.tbz.ch"|"Kr4CsY-@7ePdm-ryeYVz"
"dafnee.avraham@edu.tbz.ch"|"vlHstf-MGPO0b-MhLsRo"
"leane.woolvin@edu.tbz.ch"|"H80e0d-hqC45E-F&t0CM"
"adele.macadie@edu.tbz.ch"|"JMwolu-YZ@u%U-gi2faX"
"meline.rubica@edu.tbz.ch"|"lnP$jL-f@GY$#-0g9K1W"
"marie-noel.speeding@edu.tbz.ch"|"$Jlg1k-M$L9G&-@WGYIT"
"nelie.mix@edu.tbz.ch"|"39RR3n-#1seYc-ztj5dV"
"clea.ollett@edu.tbz.ch"|"pBPH78-JdK7w6-ZsQUUZ"
"leandre.mcgavin@edu.tbz.ch"|"0pzHmS-cd6XkD-5EsvC%"
"cecile.behne@edu.tbz.ch"|"pQ6SOL-k5n01V-8KdGaU"
"melanie.polle@edu.tbz.ch"|"oe5hgg-lQQLYi-y7Wa$1"
"marie-josee.titmuss@edu.tbz.ch"|"esBLAJ-5uqiBf-q1bSR4"
"helena.guest@edu.tbz.ch"|"d6EL&J-Jjc@F6-R#nsQ0"
"annotes.chicchetto@edu.tbz.ch"|"EaU2Lp-rpHFqM-fsXG6D"
"melia.tubb@edu.tbz.ch"|"3hqHuk-SNM2SC-DM7OiH"
"angelique.casetti@edu.tbz.ch"|"itfv3b-jEclI3-3SOmKn"
"cunegonde.cleall@edu.tbz.ch"|"8S&RWH-Cv9JxU-R2wj9F"
"camelia.oaker@edu.tbz.ch"|"#6Xyrd-MmdJuH-CQGky&"
"you.searight@edu.tbz.ch"|"9qrE$N-pgpZhN-Ina603"
"kevina.dederick@edu.tbz.ch"|"v5Esfm-yDbSH&-X0pnDJ"
"milena.jeffrey@edu.tbz.ch"|"v8lxJ5-InSJ9t-3bepWI"
"melodie.barkshire@edu.tbz.ch"|"HD9dtJ-qvwp1u-1NwOwl"
"gaelle.kreutzer@edu.tbz.ch"|"1C3WXl-RoPKv&-Pc4rjM"
"kalliste.kleinpeltz@edu.tbz.ch"|"pcWv0m-7@rm10-1D8i4f"
"clementine.danat@edu.tbz.ch"|"jIaNMX-L5HNeS-FmFvRT"
"andrea.wabb@edu.tbz.ch"|"%dBFkf-CpTgU9-Mg#eGc"
"geraldine.piesold@edu.tbz.ch"|"4WflmV-vRpita-@ESKzm"
"tan.fiveash@edu.tbz.ch"|"Jnjb1w-Pc%aEQ-DQsHm0"
"meline.yuranovev@edu.tbz.ch"|"nBUC&s-aOkT%L-6&sEsE"
"therese.holme@edu.tbz.ch"|"Tn2E%z-1zEj6q-6VG1X%"
"salome.vaney@edu.tbz.ch"|"C11&kD-K77BB%-4nzdKl"
"anae.abramson@edu.tbz.ch"|"4k9$Qx-$40d0i-GUaef1"
"kalliste.jimson@edu.tbz.ch"|"xYIqpb-iYgMjM-RIHvMk"
"selene.yole@edu.tbz.ch"|"Ash0Lz-sWNm$5-YoCOmK"
"agnes.defraine@edu.tbz.ch"|"sZL&qf-WFCjOR-aSVHkO"
"faites.mccluin@edu.tbz.ch"|"$4Cj%E-ksBI2o-HSE5zU"
"athena.deme@edu.tbz.ch"|"btcePY-J2sm8P-f3Q5&S"
"daphnee.brigstock@edu.tbz.ch"|"%0EM6r-ZAD9fz-Z@f0gr"
"goesta.skaif@edu.tbz.ch"|"%rhJDg-JXPgWp-l3a4NU"
"oceane.jagoe@edu.tbz.ch"|"dUArl#-65rnSP-@OBz1J"
"annotes.broomhall@edu.tbz.ch"|"fiSN2q-vfdglz-oaZ6Fr"
"marie-eve.ballendine@edu.tbz.ch"|"@oqOXw-DkV$TH-x0LZ57"
"melina.spykings@edu.tbz.ch"|"8KJv8U-KeQn#o-$6d6Lo"
"laurene.ticehurst@edu.tbz.ch"|"NTgESx-h4l4Jz-QWnB#e"
"fei.avramovic@edu.tbz.ch"|"as3pOU-zkm5JF-&czSYU"
"publicite.strathearn@edu.tbz.ch"|"nA7Edm-5EC$wg-RkzTb8"
"torbjoern.garrow@edu.tbz.ch"|"eDXRYb-2@@wC1-RdvHK%"
"chloe.rubinsztein@edu.tbz.ch"|"iUR26W-a0RkTY-qf6NcF"
"mylene.demanche@edu.tbz.ch"|"2&hNRn-cFh@sy-A3cqlH"
"mediamass.godlonton@edu.tbz.ch"|"F%FoJy-aMWTQt-e&jqFd"
"renee.shurrocks@edu.tbz.ch"|"v342n9-X1$QtZ-7%6DeJ"
"maiwenn.jedras@edu.tbz.ch"|"VixBZ9-Y6dgKb-2wk2b2"
"genevieve.castells@edu.tbz.ch"|"7iORqG-BON4o5-aqkiHd"
"renee.sneden@edu.tbz.ch"|"dI&Vbo-Mq4LUt-qMtJLb"
"lai.mccallion@edu.tbz.ch"|"Pczd3L-kPSUpr-syO3vo"
"kevina.impleton@edu.tbz.ch"|"Pfaanv-2yocnm-ZLLWfv"
"oesten.fresson@edu.tbz.ch"|"UjpMNb-3tmQ9i-CG#%Ls"
"verane.shawley@edu.tbz.ch"|"AsbvPR-WHrUmw-9G&kgH"
"uo.sjostrom@edu.tbz.ch"|"r5b48U-Ndf8ov-pRgNxY"
"gisele.gothup@edu.tbz.ch"|"cMV9Rl-c%0kkH-frNYNh"
"renee.beauman@edu.tbz.ch"|"Kr9NjA-Dm@q1W-mnEfAQ"
"elies.loton@edu.tbz.ch"|"f$4Lvr-NOIZH6-VajDBv"
"valerie.elsmore@edu.tbz.ch"|"sy2p1i-Lz#n&Z-6tLzCx"
"berangere.delafeld@edu.tbz.ch"|"NJjOp0-dvGwf3-e0iRo&"
"bjoern.schimke@edu.tbz.ch"|"2OIeDF-p3DOSr-G1%aGF"
"loic.ericssen@edu.tbz.ch"|"gu9PFt-XlcRAd-5#mkAv"
"creez.richarz@edu.tbz.ch"|"Ei0mDW-zXy4CF-R3DTwD"
"athena.grocott@edu.tbz.ch"|"tEsBQA-1UBLNM-ojfj$Y"
"naelle.piotr@edu.tbz.ch"|"%NrWkP-MVaPTA-YRlJcG"
"maella.paulson@edu.tbz.ch"|"I40faH-KV%H03-#PRkYy"
"song.perot@edu.tbz.ch"|"K30H3@-ROxR2u-xU8pMA"
"kalliste.heckney@edu.tbz.ch"|"gIQCLm-uEp@yo-k0SHjO"
"ake.vasyutkin@edu.tbz.ch"|"S@x4sL-A35E2Y-@%$Uo1"
"ma.castles@edu.tbz.ch"|"GHueaq-EMHjgr-Hd5XpO"
"maely.monget@edu.tbz.ch"|"9A#jU5-oPMKS6-$OQFSx"
"tang.durbridge@edu.tbz.ch"|"t$pwJY-6YOYJh-fi$#4x"
"laurene.andrew@edu.tbz.ch"|"PeyVP8-VfqVX7-gptaOm"
"lysea.beacon@edu.tbz.ch"|"W2uRhh-rs3T2c-ig0N64"
"leandre.peyntue@edu.tbz.ch"|"ghISa3-s0Q6dh-P2GX22"
"rao.trever@edu.tbz.ch"|"$EvHLe-X8utmm-SyYVrv"
"mahelie.streader@edu.tbz.ch"|"m1AUoI-v#QK@%-y#t6f$"
"maerta.andrejevic@edu.tbz.ch"|"5pPdql-Q4LB1n-KO53Vy"
"goesta.tompkins@edu.tbz.ch"|"$bPqaY-4ObGYB-Jaszb4"
"helena.agates@edu.tbz.ch"|"$Eh9LO-kSeCtO-v5##FO"
"therese.glass@edu.tbz.ch"|"DpkaoB-zMrj0x-pxcQSI"
"alois.foan@edu.tbz.ch"|"dWr09T-PwVUmx-KQl@nL"
"becassine.melchior@edu.tbz.ch"|"DZg12O-JD2kPP-mR2EWW"
"cloe.robart@edu.tbz.ch"|"ayqhkE-$sHI9H-2mbGAo"
"daniele.puckinghorne@edu.tbz.ch"|"$93AqR-g1Dk4w-UUfqyl"
"selene.cammidge@edu.tbz.ch"|"vL1v$F-880CUL-D#CdP5"
"regine.conochie@edu.tbz.ch"|"&ZX7H9-dM&LWE-G3K&Ny"
"interessant.tuiller@edu.tbz.ch"|"1TA3c%-2n3F&I-Y&IOt6"
"long.tiebe@edu.tbz.ch"|"jmP457-v1wkMt-ndu1#1"
"mans.yele@edu.tbz.ch"|"%Rx&nH-6lkNVP-VGh1ym"
"ai.giles@edu.tbz.ch"|"3nHAAx-DWpWqf-lky&JJ"
"gaetane.hamberston@edu.tbz.ch"|"X@7put-3L8MeD-Q7M46V"
"marylene.fenix@edu.tbz.ch"|"zB#0Rp-tubCFE-TmJKV1"
"geraldine.graeme@edu.tbz.ch"|"u4&xSv-PLTNFT-#JED&L"
"tang.kinglake@edu.tbz.ch"|"cOnGaI-WkDJzu-bdHwUi"
"lai.challoner@edu.tbz.ch"|"ImKTfu-LUTv0@-&1ZqIU"
"desiree.mattei@edu.tbz.ch"|"aoTSfR-yES1e7-o8PrPH"
"ake.erley@edu.tbz.ch"|"EXrpX9-qJ&Rs2-X&tpKe"
"edmee.cavil@edu.tbz.ch"|"j9CwoJ-qtLc6V-kBTL5A"
"alois.moyes@edu.tbz.ch"|"HuJAX2-lwKR61-XWS$%8"
"becassine.pitman@edu.tbz.ch"|"mFmzuT-4z%52k-SfgfP%"
"ai.giacovelli@edu.tbz.ch"|"%t2&1X-9O8om1-FWJRX7"
"judicael.fruchter@edu.tbz.ch"|"FnDGTP-IxaK8d-spFT9Q"
"mans.mogg@edu.tbz.ch"|"44cUVL-mgm4Jv-ZUB8NT"
"gerald.foyle@edu.tbz.ch"|"IPhMx&-QQvIIL-teAkFU"
"wa.androletti@edu.tbz.ch"|"v@AwET-S@%s#a-N49VUa"
"meng.ollett@edu.tbz.ch"|"heu2wn-bTYkuC-A7zZeb"
"naelle.macmenamy@edu.tbz.ch"|"Di8AgM-%NQTug-eTeSZD"
"gisele.mcramsey@edu.tbz.ch"|"ojj5gG-8eniyd-tvOss@"
"meryl.scolts@edu.tbz.ch"|"ocpFxf-EA%21L-zuE9o@"
"celia.bloxsome@edu.tbz.ch"|"&mc&Z5-2mpV1D-ZrUw5b"
"styrbjoern.stuke@edu.tbz.ch"|"hTs&w$-DplZdV-TVwxl9"
"felicie.gwilliam@edu.tbz.ch"|"OKfK@r-&A#E$1-Hekq0q"
"da.harms@edu.tbz.ch"|"orIgi3-Cudi#U-iSrRQM"
"celestine.baulk@edu.tbz.ch"|"&OBfug-nARYq8-fruAn$"
"mahelie.blackledge@edu.tbz.ch"|"o22R93-yK$ZKT-eZ4NYf"
"meghane.salt@edu.tbz.ch"|"YJPuj8-x4ah4R-#LmJxE"
"methode.paxeford@edu.tbz.ch"|"g$#Y$7-kUznAo-%UxJ8M"
"asloeg.milligan@edu.tbz.ch"|"jzojn@-93$g1J-3JaRgZ"
"you.pellman@edu.tbz.ch"|"5DqSx$-culHTs-SRXMbT"
"loic.regenhardt@edu.tbz.ch"|"4i@rss-DlH5dv-AABL5E"
"daniele.savill@edu.tbz.ch"|"5DM6fq-mVsqvy-Zw2VYy"
"alois.cornu@edu.tbz.ch"|"ABiPD@-U56lSr-LMqIkS"
"oesten.govey@edu.tbz.ch"|"yrf$Xe-$u$iha-DxIFbm"
"marie-eve.louch@edu.tbz.ch"|"qWsK5T-Cl1nwx-HalPGf"
"theresa.wenn@edu.tbz.ch"|"CcQf1C-hi58RH-xUxBM7"
"andree.eul@edu.tbz.ch"|"4473cb-vm0CL6-WXohaJ"
"lie.paynton@edu.tbz.ch"|"K0hSME-cZbkMm-&62DMR"
"marie-eve.girodier@edu.tbz.ch"|"JlabGo-vppJOD-C#onkl"
"marie-noel.smithe@edu.tbz.ch"|"ImwjZ6-v2oWzR-MsN3T&"
"men.bootyman@edu.tbz.ch"|"ERCiEZ-O&lM9&-Nb06BA"
"ku.sugg@edu.tbz.ch"|"iDNnn5-MDqaC&-OIP@aN"
"lucrece.roseman@edu.tbz.ch"|"hLEvXi-THCiT@-z@RHmS"
"zoe.annear@edu.tbz.ch"|"Ba&A5G-RzG9su-hZKW$x"
"marie-helene.rennebach@edu.tbz.ch"|"KcZsWg-I3P1BG-3RdvLD"
"lea.djurdjevic@edu.tbz.ch"|"F2MAQb-8FhXS8-APMc8x"
"goerel.robert@edu.tbz.ch"|"A21m$s-hA4HAM-%PU4&0"
"mylene.foldes@edu.tbz.ch"|"n$TsHX-LmRb&w-WhxDZ0"
"faites.clegg@edu.tbz.ch"|"9EiXy7-AAEVrb-PKQ8Bg"
"marylene.crowcher@edu.tbz.ch"|"7T8cWQ-Dw#Z#o-bV5JL$"
"aimee.wimpeney@edu.tbz.ch"|"#N0M@A-bvXY2s-v&Tx$h"
"renee.atkins@edu.tbz.ch"|"c$#w@J-YBbANf-P&xdyu"
"rejane.cainey@edu.tbz.ch"|"$SefoK-NfveOM-3oC&6G"
"solene.britney@edu.tbz.ch"|"vhInql-fAeWgl-vfI9aY"
"marten.shatliffe@edu.tbz.ch"|"PKZDHi-H62G7c-wsSu9h"
"maite.issatt@edu.tbz.ch"|"@etUNb-0dh88P-1N4qd1"
"maelyss.edon@edu.tbz.ch"|"@h8dm7-iWx$cQ-ODlL2o"
"nuo.bamling@edu.tbz.ch"|"Kykmjc-L7M04$-YDNAVV"
"anais.edards@edu.tbz.ch"|"p50ouY-N0Ol7X-job1IP"
"mediamass.bromet@edu.tbz.ch"|"7VXZO5-AtagRI-W0a5me"
"beatrice.kimbrey@edu.tbz.ch"|"Ygo$62-z4&o%z-wod1DJ"
"ines.lawranson@edu.tbz.ch"|"nKO$7$-a4nYnh-TV@0I$"
"kalliste.scandroot@edu.tbz.ch"|"n&fzcR-$mcs16-vGjP@e"
"mans.barrowcliffe@edu.tbz.ch"|"7YJT5@-crJET4-ECixbx"
"irene.couves@edu.tbz.ch"|"5hMpXm-qjDbUI-bZ3%KF"
"milena.mucci@edu.tbz.ch"|"NoTldB-JpOn$o-$jzWlc"
"naeva.cow@edu.tbz.ch"|"uDnMsA-WZReuM-t4%Fqm"
"audreanne.mournian@edu.tbz.ch"|"aLff7l-uczRw$-Pi0$LM"
"melia.sinnatt@edu.tbz.ch"|"OWDGB#-KHIJDS-W&uNSP"
"nelie.burnard@edu.tbz.ch"|"mWod2@-lwr9gV-lkNt&5"
"clelia.ashfull@edu.tbz.ch"|"Nmz%v%-C#FSx1-FTPcby"
"lie.macard@edu.tbz.ch"|"rux#aG-e3xR1s-8y%mxc"
"valerie.matoshin@edu.tbz.ch"|"MkAaar-hDedsx-CnpJP&"
"anael.hatherleigh@edu.tbz.ch"|"OJp0YI-$cV7ZS-aKHXyw"
"interessant.warratt@edu.tbz.ch"|"g3j9En-6ezzl$-F3Qh3I"
"eleonore.volage@edu.tbz.ch"|"CanVn9-0mC0cR-aRwr7E"
"zoe.stebbing@edu.tbz.ch"|"HHaJf1-j3XqWO-zGjAww"
"alizee.nye@edu.tbz.ch"|"H7SX0i-tK#wEH-BZn$q#"
"celestine.bramley@edu.tbz.ch"|"q$FoK0-bj@cZZ-ZCte9O"
"selene.philcott@edu.tbz.ch"|"AnMQsX-%Uvy8a-M#M0F#"
"tang.newens@edu.tbz.ch"|"03IBar-9xr7P3-XYiHXr"
"annotes.powys@edu.tbz.ch"|"X#Ynay-6Wzry#-q8X55s"
"lea.matthesius@edu.tbz.ch"|"03N6aX-bN3Oc0-AEz@a2"
"illustree.garlett@edu.tbz.ch"|"hSp1&V-zUkpA2-4IrrpV"
"maiwenn.meachem@edu.tbz.ch"|"@LMAgY-IKrx0J-aeQ7Nv"
"marie-francoise.mcbrady@edu.tbz.ch"|"%TyDYh-Ks654T-c%jRPJ"
"illustree.gimbart@edu.tbz.ch"|"YGeqGH-jvKCB0-k7D78j"
"melys.lyosik@edu.tbz.ch"|"d2BIBl-zj60eV-qeL0g6"
"marylene.mcnab@edu.tbz.ch"|"%Z5rIF-saYxa$-VsUjcg"
"gerald.blount@edu.tbz.ch"|"RI&jIY-QChTq3-DQO#D5"
"clelia.shakelade@edu.tbz.ch"|"r5T#&m-J9vsJe-lwQHJC"
"penelope.cridlin@edu.tbz.ch"|"kOxHo$-&7N&#i-z5GvXY"
"maena.okuddyhy@edu.tbz.ch"|"3lz#W&-EK&X&z-eQnXtr"
"athena.keynd@edu.tbz.ch"|"u5KTRu-f2ruXR-xTpxHl"
"cloe.dwine@edu.tbz.ch"|"TvIjS5-ijL7ad-KPm&5u"
"josephine.browett@edu.tbz.ch"|"h#yEYv-%QoZmX-qkAOSt"
"audreanne.oscanlon@edu.tbz.ch"|"@ii@17-lEPZoY-aDFyEP"
"fei.jeanequin@edu.tbz.ch"|"i@@k%V-UAP4JU-8NrNds"
"lois.gormally@edu.tbz.ch"|"xvlFJS-NeuivV-lDTlzi"
"marie-francoise.finnigan@edu.tbz.ch"|"#Ny4zJ-JYzI5Z-&bF9cf"
"leonore.trussman@edu.tbz.ch"|"4PGRdS-gkufoh-tcgdg3"
"anaelle.trumper@edu.tbz.ch"|"AWfi7p-g3UOpi-JeW1gU"
"clemence.dionis@edu.tbz.ch"|"kx2eVU-T3OcFG-yXTWT$"
"lois.tranmer@edu.tbz.ch"|"bIFaG2-CPK43H-GzSEFd"
"interessant.volett@edu.tbz.ch"|"rDDHOa-#knNyx-g0Nxla"
"personnalisee.deackes@edu.tbz.ch"|"oVj0kg-bIp@hB-l1X@6M"
"lie.vasiliu@edu.tbz.ch"|"IGamZw-KXxtqo-6SJIRv"
"dafnee.lamputt@edu.tbz.ch"|"r9scqk-Gx@E@X-wjyL6k"
"elies.bromige@edu.tbz.ch"|"3IV9o2-ONV$zR-@9&L4G"
"helena.klosser@edu.tbz.ch"|"GgA#0L-jZX&Rs-27I&n2"
"andree.grim@edu.tbz.ch"|"xvcK0w-wV9LJC-r4i21h"
"verane.coldbath@edu.tbz.ch"|"A9L@Eu-t5ACa4-tG#bjY"
"helena.bethell@edu.tbz.ch"|"Mx761R-1C7L54-ke4xne"
"kalliste.carefull@edu.tbz.ch"|"@fTcih-1DZmZi-bZD8v9"
"regine.odams@edu.tbz.ch"|"ZTkdFj-w@ztQO-kBG98r"
"len.stannus@edu.tbz.ch"|"1pzQW$-j$hnnJ-KBbwsp"
"angelique.works@edu.tbz.ch"|"XgnTcB-J@uP&i-3wudmm"
"goesta.rheaume@edu.tbz.ch"|"W3oIwz-lFvR3w-khL1dh"
"maelys.tynnan@edu.tbz.ch"|"c2J%lz-poLhlV-7W$8Y@"
"maelle.carlesi@edu.tbz.ch"|"YG&kUK-uy7s@$-RGOhPc"
"anael.spurden@edu.tbz.ch"|"T&n4Mj-4kGtqQ-QJibm&"
"helene.pumfrett@edu.tbz.ch"|"nb%QjP-$EIz&H-ZyGFwn"
"goerel.pearn@edu.tbz.ch"|"ffxwG5-V2eF0o-@eckCi"
"laurelie.dezamora@edu.tbz.ch"|"Z#gXDW-1S%uic-yP4P11"
"yao.twidale@edu.tbz.ch"|"8bP6tq-gjdZ5R-baiQ9c"
"berengere.sola@edu.tbz.ch"|"u@5iWu-oF3twa-HpLt9d"
"maelann.hardistry@edu.tbz.ch"|"ZvPkI5-&50Fa5-Nyfu8w"
"severine.littlefield@edu.tbz.ch"|"ODQ&LQ-BnO#5l-@7GkYM"
"salome.heinl@edu.tbz.ch"|"YZbEjM-vYGbUW-SJ&L0#"
"meryl.warbey@edu.tbz.ch"|"xDR2Q$-wiofCg-E9iEsV"
"da.hunstone@edu.tbz.ch"|"u7PzOU-zhPZPu-R01axM"
"venus.broadbury@edu.tbz.ch"|"pS#AoC-C4f&Y@-l66e4N"
"meghane.rentelll@edu.tbz.ch"|"LOSztx-DELr5P-JZVy4g"
"marylene.drewitt@edu.tbz.ch"|"hezi1T-RMAlFg-JIg7Gm"
"melinda.jacquemet@edu.tbz.ch"|"evQ%bl-Niz6c9-jffRcY"
"marie-josee.keyden@edu.tbz.ch"|"gw5qod-3f3OPh-xYEcx$"
"asloeg.montacute@edu.tbz.ch"|"fWw@C1-qk2xda-6bGkLt"
"ku.andreou@edu.tbz.ch"|"JxIon6-MBxA&k-AuXlTW"
"personnalisee.feaveer@edu.tbz.ch"|"DvN0oW-cOfpIU-WwCr%o"
"laila.emptage@edu.tbz.ch"|"v6p&TM-N94FXx-eYZGgI"
"bjoern.dawdry@edu.tbz.ch"|"h@c$Lm-QAehGI-rXPRuJ"
"marie-eve.dinsell@edu.tbz.ch"|"$iADdg-8Di0pV-7hiZyk"
"helene.follett@edu.tbz.ch"|"GC3x0y-aUyGdh-%AoJha"
"penelope.cordero@edu.tbz.ch"|"v4xwB1-N2d7z&-&TEeEM"
"boerje.beedell@edu.tbz.ch"|"4UO%V@-&Oxo&W-wGIen3"
"nelie.ferne@edu.tbz.ch"|"0SX#Pu-fqJ1tK-yRNpF1"
"celine.ahmed@edu.tbz.ch"|"ophj6@-12qf4X-xTGJIg"
"stevina.pimblett@edu.tbz.ch"|"PVfy3T-dMnl3v-ei1wvj"
"chloe.langlands@edu.tbz.ch"|"C%YHut-MqgUyw-pPJthT"
"simplifies.maude@edu.tbz.ch"|"giTpdc-zDg#@f-oRsbk8"
"genevieve.decarteret@edu.tbz.ch"|"YWI%wz-%2T7Qy-RRSTzH"
"marylene.mughal@edu.tbz.ch"|"4OGgRJ-Q5B3I5-skvESP"
"goeran.guttridge@edu.tbz.ch"|"#Dxo##-h$vFkQ-HnQBbe"
"michele.smurfitt@edu.tbz.ch"|"w&DKiU-qCeU1x-$VtZgJ"
"methode.hadeke@edu.tbz.ch"|"#1dn2i-soPx0K-#eregZ"
"therese.rispine@edu.tbz.ch"|"RSD7HT-1&FQtK-c%j0Yu"
"goerel.plumley@edu.tbz.ch"|"Ll7UHw-Na1Q73-6#yYm6"
"oceane.friett@edu.tbz.ch"|"$1M6rW-BL2h8T-wMb&zL"
"marie-noel.achromov@edu.tbz.ch"|"8v@490-rl#zPI-Amb@pI"
"dorothee.storek@edu.tbz.ch"|"nTuc8N-xdcDzK-zjntRS"
"goesta.whittle@edu.tbz.ch"|"1FRWkC-jbYAzn-Rx2KTn"
"desiree.casely@edu.tbz.ch"|"SRFtO&-m#mX2z-VUUpVg"
"felicie.condon@edu.tbz.ch"|"wi6fIA-P4Rmmu-u@sz9s"
"maelyss.frisdick@edu.tbz.ch"|"O05u1x-Xuz&o@-MQaLW6"
"aimee.banke@edu.tbz.ch"|"%qEBQR-ZISShQ-9Aq8Jp"
"naeva.hodcroft@edu.tbz.ch"|"O1L0bP-bj8o1l-Di$mlZ"
"laila.gerrans@edu.tbz.ch"|"xGGvJ&-0ft1n0-zj4r6o"
"daniele.scrimshire@edu.tbz.ch"|"apk0bh-ugUkh%-#X0u9Q"
"daphnee.sheerin@edu.tbz.ch"|"HECC7g-X0D%2r-FDAnxW"
"pal.vanyukov@edu.tbz.ch"|"JwsI6K-MPt6kc-LDa#Dy"
"zoe.childs@edu.tbz.ch"|"Ql8RC&-#TmM94-mGovoK"
"ai.corde@edu.tbz.ch"|"l9Od08-VRKW$m-xs5Xqn"
"maelys.berryann@edu.tbz.ch"|"o29moC-3QZ$4S-#iX#BC"
"cloe.gladding@edu.tbz.ch"|"uOLnO2-Mx9OmM-Y5NCeb"
"wa.kinnaird@edu.tbz.ch"|"GydccT-qO8#RF-spMXAx"
"publicite.brittoner@edu.tbz.ch"|"JyxM6W-15hpKl-0TcuJp"
"rao.windress@edu.tbz.ch"|"Y$4tj&-&QffPl-DmxGKQ"
"uo.kollach@edu.tbz.ch"|"oM%&ki-M04966-byy238"
"josee.peskett@edu.tbz.ch"|"8LV#Pd-aZUli1-xV#bAq"
"annotee.hasel@edu.tbz.ch"|"LDzHyf-U9CBU1-jpZIw@"
"cinema.lee@edu.tbz.ch"|"xEkzzu-4q36&9-vD2Gki"
"lai.vedeshkin@edu.tbz.ch"|"pwid&3-vthf2a-jGs1lt"
"renee.brisbane@edu.tbz.ch"|"wLhY%t-T0yu8O-#a@KJ5"
"ophelie.blincoe@edu.tbz.ch"|"OiXVdA-XkgOBh-T9L9YG"
"zhi.prazor@edu.tbz.ch"|"k3l1XU-PL4OLc-$Iq824"
"annotee.maddicks@edu.tbz.ch"|"@91zGs-RBT0Jg-tsYhuL"
"maelyss.codd@edu.tbz.ch"|"k43kfs-nC0PuB-65RFcH"
"celia.peplay@edu.tbz.ch"|"FkqBsx-A1hpuz-UjlGps"
"interessant.skone@edu.tbz.ch"|"v5WtQ6-fl@9a8-DfAlWO"
"audreanne.hebdon@edu.tbz.ch"|"1Epe#b-ndoi0S-hHlxSi"
"oceane.glen@edu.tbz.ch"|"UkRbvT-Oge4E2-Kq7&AW"
"daniele.vanyushkin@edu.tbz.ch"|"QEwnTV-kirWWz-PP2u%S"
"daphnee.ayce@edu.tbz.ch"|"sMZFh$-Qn@bfV-0RWWd$"
"andrea.attride@edu.tbz.ch"|"NMa1Rc-UGsyo0-ozNwYT"
"penelope.bridgwood@edu.tbz.ch"|"tohEBY-Fdxauv-VONGj&"
"mailis.drewitt@edu.tbz.ch"|"YI5i5z-ZLYKpw-4t&D42"
"penelope.mollene@edu.tbz.ch"|"7OjU34-1sqGdz-ZQTYgT"
"illustree.keely@edu.tbz.ch"|"MaNbcb-F#Mx1L-@YNI7j"
"meng.brisseau@edu.tbz.ch"|"zjTt0m-AN6eCd-yginTz"
"ruo.cleiment@edu.tbz.ch"|"0%WgZC-9cvF79-JpiojN"
"maite.krammer@edu.tbz.ch"|"F&IX5v-2DQ6wN-&PxZ&#"
"genevieve.verry@edu.tbz.ch"|"Sp%5LB-svQozZ-BKMgAK"
"lea.olochan@edu.tbz.ch"|"%zR%zF-Bz9eKI-sHz&vh"
"naelle.brunnen@edu.tbz.ch"|"n$sgEe-TdGClV-Rl@lzV"
"goesta.bragginton@edu.tbz.ch"|"#XmDnF-DD#PnN-tnytmS"
"fei.danilyuk@edu.tbz.ch"|"KnvYrN-9BDn5M-bfs0sT"
"adelie.turbitt@edu.tbz.ch"|"SFUxhZ-v3uYw0-6X7uoy"
"marylene.nutman@edu.tbz.ch"|"y7IIo&-cWUXeS-5%2vGj"
"therese.barbrick@edu.tbz.ch"|"2ps0PP-Zz5yKr-GNbdtQ"
"melys.kolodziej@edu.tbz.ch"|"$cyvBU-LLQMoe-oCrjAc"
"melanie.runchman@edu.tbz.ch"|"bw2D43-h$$m4K-&GrSpl"
"serena.lafond@edu.tbz.ch"|"r9ZYJl-iPN49b-05IF36"
"pelagie.desmond@edu.tbz.ch"|"@I0x&R-#HZKWZ-UD7R@&"
"wa.spickett@edu.tbz.ch"|"2TNTia-J3ckD5-qjRb$J"
"po.shave@edu.tbz.ch"|"3BNQ44-aidYxG-wAuqAy"
"song.huikerby@edu.tbz.ch"|"c26bRb-ODWRYu-E&a#nC"
"melinda.bimson@edu.tbz.ch"|"kqzFpI-Az9GO8-Jk8@ZA"
"personnalisee.toffanelli@edu.tbz.ch"|"GLsIvE-&UBZxi-poyARw"
"leandre.hurn@edu.tbz.ch"|"TSbS20-#hqLTh-AcI1LA"
"oesten.standell@edu.tbz.ch"|"&pOJm%-zWWGi7-dPX8h#"
"naelle.smaleman@edu.tbz.ch"|"NB2vfZ-H0lE52-uZLNMc"
"berenice.tayt@edu.tbz.ch"|"mp7tSh-hDXX%f-2LDtzE"
"kui.popplewell@edu.tbz.ch"|"KtjDRX-K1C5VH-g4uuxe"
"melodie.ferandez@edu.tbz.ch"|"bwBw6h-aK9Yhi-zBj6Zw"
"josee.negal@edu.tbz.ch"|"g98l4%-Aw1myJ-K&WkIt"
"melissandre.ferrelli@edu.tbz.ch"|"rG1Aw9-EUdaVY-OaYaIf"
"josephine.kemmer@edu.tbz.ch"|"%yhmJu-@tDguZ-osV%Qm"
"maely.cayette@edu.tbz.ch"|"S067mC-HDcyBw-so5ruP"
"nelie.vela@edu.tbz.ch"|"BdaE8m-5cmPPg-PPl$#y"
"melina.cortes@edu.tbz.ch"|"h0In$I-1vI0Fn-k#a%68"
"megane.leyshon@edu.tbz.ch"|"t#EjP$-3daMEC-rcs#0t"
"regine.harrie@edu.tbz.ch"|"VX4m7Y-kuQGzQ-k1RcVV"
"mylene.widdison@edu.tbz.ch"|"W1LVFT-f#fGni-jmu@bz"
"pelagie.vivash@edu.tbz.ch"|"xT@vZM-TqPZWg-owM1QF"
"styrbjoern.vicarey@edu.tbz.ch"|"xcgxiK-1KDF0J-4tPUsJ"
"long.kyles@edu.tbz.ch"|"qgtq5c-kRD2#l-wNA32n"
"stephanie.gipps@edu.tbz.ch"|"aSddxN-#FHA6$-Ox$83m"
"clea.constantine@edu.tbz.ch"|"aZFYN%-g#C7r3-0g%kF8"
"maella.cometto@edu.tbz.ch"|"2$ZjQJ-Bm2in3-y2jAAP"
"laila.aubrun@edu.tbz.ch"|"Blol$W-w24dAT-1wwdsZ"
"yao.austins@edu.tbz.ch"|"8rZO59-CpyinA-8jBvpk"
"mailys.rylstone@edu.tbz.ch"|"GocAbO-Ien1Fa-E&6e9Y"
"adelie.curuclis@edu.tbz.ch"|"6Gl9Xg-zaZay7-S%ewdg"
"celine.longhurst@edu.tbz.ch"|"Rlg56&-Wi5E1Y-hf64OZ"
"gisele.hazell@edu.tbz.ch"|"pYkwZK-7Xj8P0-g6bZY4"
"celestine.ciccone@edu.tbz.ch"|"X&xbdY-4O5tux-ZqzIL$"
"maelyss.doole@edu.tbz.ch"|"84JpPY-vR@IQp-A67Rkk"
"helene.grimsdike@edu.tbz.ch"|"Pe&w7W-U1X#kd-O&9C4I"
"lie.macer@edu.tbz.ch"|"7ugt%R-aaV1AL-K95%g1"
"maely.izard@edu.tbz.ch"|"btPh9P-cr$Rlg-By6wi0"
"erwei.breewood@edu.tbz.ch"|"Y5p$9#-VZ&@dk-UL3X%&"
"chloe.woolford@edu.tbz.ch"|"Pz5fcf-cE65vW-3Y@oqr"
"cleopatre.turpin@edu.tbz.ch"|"B1O91J-#lkKp&-cpasL%"
"melodie.surgison@edu.tbz.ch"|"X&5#8F-N4nRok-jGBQ6v"
"elies.leander@edu.tbz.ch"|"d&JaVy-EgsR4E-oUiJI5"
"mediamass.reignould@edu.tbz.ch"|"hX65En-S1@l0d-vum1je"
"celestine.wasmuth@edu.tbz.ch"|"s9EcCc-rMGsFq-vG2OHu"
"marten.jervis@edu.tbz.ch"|"8hZdB1-w#y1sW-gWjDNV"
"daphnee.bour@edu.tbz.ch"|"f4UEvP-9XyRAW-WUT$H#"
"regine.harlett@edu.tbz.ch"|"oT3mm0-Sl3e@S-AmlkpG"
"noemie.macaskie@edu.tbz.ch"|"rau18c-QOQlvZ-uU1%py"
"loic.renfield@edu.tbz.ch"|"9EDP@R-JSfLV3-tWFDWG"
"venus.kleinert@edu.tbz.ch"|"7WEOer-FSfYjc-fQqJvb"
"marten.burlay@edu.tbz.ch"|"3Vi3dG-FUbWje-GgH2J2"
"berengere.radsdale@edu.tbz.ch"|"NHERpo-DzPSji-b24XKb"
"genevieve.duckit@edu.tbz.ch"|"agrqcd-jV15wN-fbj8nP"
"maely.ligerton@edu.tbz.ch"|"spb@Ym-3om3m7-f7mgX%"
"maeline.ricciardelli@edu.tbz.ch"|"cPN3ts-Hu2$og-VqOvnv"
"personnalisee.yggo@edu.tbz.ch"|"Y9q%gQ-sedYWR-Yze#e8"
"alizee.pettinger@edu.tbz.ch"|"htHioN-TEXpy@-XiZehi"
"desiree.curnnokk@edu.tbz.ch"|"IlJh4n-gkImTf-sHekL@"
"dorothee.minors@edu.tbz.ch"|"NjfMKO-EjNc1H-Zh@hxN"
"oceanne.kopmann@edu.tbz.ch"|"u3&q3D-jgqsGn-QtVTIJ"
"almerinda.brodbin@edu.tbz.ch"|"BNka9$-%&KyXb-0U@3Bw"
"yenora.carsberg@edu.tbz.ch"|"j2B$QN-pLWuZN-DA1JxA"
"wa.beetles@edu.tbz.ch"|"D1rJ2o-wLtvxa-V#gi7c"
"audreanne.abbot@edu.tbz.ch"|"t@k&PH-92b@rb-cYIlS7"
"noemie.capper@edu.tbz.ch"|"kq%RoL-PhQAG$-@#6Q0B"
"mans.abramamov@edu.tbz.ch"|"Y6iwdl-Yals8w-tVp7u6"
"audreanne.blakey@edu.tbz.ch"|"$&GXfp-UaRmyd-u%pNrs"
"leone.klimpke@edu.tbz.ch"|"lBMl1Q-v57klm-C&XyZt"
"lie.croston@edu.tbz.ch"|"V&JoLd-k$Kq@z-S$r3nq"
"anaelle.baistow@edu.tbz.ch"|"YLTcDX-bnM5aV-6k5aG5"
"michele.garwood@edu.tbz.ch"|"X&B7@r-dvXLar-AeNQSo"
"interessant.albion@edu.tbz.ch"|"2PD8Xi-2xlI$X-Id@E3H"
"andre.brisco@edu.tbz.ch"|"9O8Q&m-Qi1LLz-eL3771"
"tang.totterdill@edu.tbz.ch"|"LmyV5K-j@rZ6a-iauwv@"
"marie-josee.braundt@edu.tbz.ch"|"aGhsdJ-WcdTrc-aNkP03"
"lois.galer@edu.tbz.ch"|"RKJmh@-m4fted-ieZQPN"
"faites.pellamonuten@edu.tbz.ch"|"p&FzXI-9ztvDn-D$WIHf"
"mai.barfford@edu.tbz.ch"|"IiFV%X-2@Ydm3-K5o7%x"
"laurene.macilory@edu.tbz.ch"|"K6SskU-u7rnkE-CPAMw4"
"elea.peak@edu.tbz.ch"|"wvD&sq-1J4kxP-0j46wo"
"rejane.doni@edu.tbz.ch"|"UBicFn-Pf2M5$-mV8hnZ"
"mahelie.ector@edu.tbz.ch"|"DR@ifQ-kBQPic-pXII8b"
"rachele.allum@edu.tbz.ch"|"AGkDd5-76pp4n-Tje63d"
"laila.gerretsen@edu.tbz.ch"|"56iDRk-Bozc0Y-mIhvpN"
"ines.bowman@edu.tbz.ch"|"emEkvu-bbbL1&-Odpmou"
"publicite.barbary@edu.tbz.ch"|"@RyuLq-8#phC@-g85DYD"
"mailys.smooth@edu.tbz.ch"|"PvZ6nU-umxf8N-eg%&tC"
"mailis.huguenet@edu.tbz.ch"|"Hf4T1y-BgzpCx-&GFBx#"
"lea.ewer@edu.tbz.ch"|"X99Ohw-zkwdA2-QowV9C"
