"email"|"password"
"melodie.vandervlies@edu.tbz.ch"|"R#cXga-nn683e-w4vuHO"
"angele.edgecumbe@edu.tbz.ch"|"JKqfaD-RAxKVi-D4ewG2"
"zhi.andreasson@edu.tbz.ch"|"dn36T@-MVik4r-Ge#p$j"
"judicael.koppeck@edu.tbz.ch"|"4gIY3S-71Ynqc-KI$Mw@"
"berengere.capron@edu.tbz.ch"|"ctMtqw-uP0D5%-cFsxPV"
"leonie.brosini@edu.tbz.ch"|"d23%ek-3R8ArR-98D83W"
"venus.garfit@edu.tbz.ch"|"%casba-ztnqL4-tS%rax"
"melina.janota@edu.tbz.ch"|"ePzfkJ-qxvBbJ-xHArqs"
"laurene.bake@edu.tbz.ch"|"BwcVgu-Rh8gxU-rPsVI0"
"regine.dorkins@edu.tbz.ch"|"UOSqVc-28Or1F-%Ro6fM"
"cecile.moffet@edu.tbz.ch"|"&Lk3fB-wffecG-3cTKRj"
"maelann.labrone@edu.tbz.ch"|"RaC9Qm-g5nebF-kua%w9"
"melinda.newbold@edu.tbz.ch"|"dTEafd-t468y5-vz6LCK"
"mans.itzhak@edu.tbz.ch"|"ZW79vf-tYXfaZ-N&OcnS"
"melodie.pattlel@edu.tbz.ch"|"kq6T4%-ckiv%0-1abAGG"
"celine.bonett@edu.tbz.ch"|"UeqzK&-#tIThQ-P5hEPo"
"adelie.mcgreal@edu.tbz.ch"|"GtN3GE-gaLSiV-S%en$c"
"helene.soldan@edu.tbz.ch"|"dujUxX-GNvaC8-@Qi@LU"
"michele.cluer@edu.tbz.ch"|"Ho1Rui-wXcLoq-ODEcv8"
"maeline.mueller@edu.tbz.ch"|"BufmQP-pGQ%WL-7u7U2i"
"maelann.benedito@edu.tbz.ch"|"yU2Pul-qEU51%-Eb4XZb"
"nuo.gransden@edu.tbz.ch"|"PJn6E1-5CyIfw-s&WuTJ"
"berengere.stainton@edu.tbz.ch"|"g5Yo3k-o4rYv9-F3DIsR"
"wa.sabater@edu.tbz.ch"|"F3OsAN-t4p78L-Q1Y@Gr"
"anais.cochran@edu.tbz.ch"|"6L1ALz-Gl6DBv-RJU6@N"
"gerald.bessant@edu.tbz.ch"|"UvXXPr-1M$Yj&-Gt31xY"
"ruo.coffin@edu.tbz.ch"|"ubd7lM-DSHES@-vuVTa8"
"melodie.mustill@edu.tbz.ch"|"J3kyBM-H7VjmP-RrD#FD"
"ruo.stanesby@edu.tbz.ch"|"$Rj$MQ-F2PI7#-%irC4h"
"noemie.antognelli@edu.tbz.ch"|"91hWow-0iyVjt-#lC9fi"
"maelann.hughson@edu.tbz.ch"|"SIX9@l-AFZVLG-iwTL56"
"milena.mieville@edu.tbz.ch"|"6NHOvv-wfsyYc-xoOaa&"
"mailys.chamberlin@edu.tbz.ch"|"YMhZDc-w2%7MB-t#FdXn"
"nadege.tomalin@edu.tbz.ch"|"ocs$%q-FKguWL-O0fQ6f"
"oceane.omara@edu.tbz.ch"|"tIbpde-LNtqBD-0Ywdt%"
"cecile.aguirrezabala@edu.tbz.ch"|"hsvckH-ezwE&%-TOy$97"
"maella.gwillim@edu.tbz.ch"|"GSoxjw-z&PInN-L09eCx"
"lea.mcgahey@edu.tbz.ch"|"hA9r@q-O5%gei-%m33O9"
"laurene.hagerty@edu.tbz.ch"|"jZ6X7d-0mP0sN-7k#2VG"
"dorothee.link@edu.tbz.ch"|"bXd32C-3Ttyo#-cU9fII"
"clementine.kynsey@edu.tbz.ch"|"lTrT$U-9wZVh8-0&AN$1"
"lorene.smitherman@edu.tbz.ch"|"6cXOfI-ze$u0c-s&0p@M"
"cleopatre.klulicek@edu.tbz.ch"|"%WH8H6-vueUeP-NWD8kT"
"laurene.castaneda@edu.tbz.ch"|"fjF3mS-gbuBsT-SDBQ0M"
"melia.constant@edu.tbz.ch"|"5R$Vcx-ZwS$ye-qQa9YM"
"lucrece.clunie@edu.tbz.ch"|"6MQAMB-L#7oGf-V&vYq4"
"eleonore.mcmurthy@edu.tbz.ch"|"P@dPQI-LouFpy-K0wIUR"
"melia.bevar@edu.tbz.ch"|"nGmncH-Q4hhn#-8asLzy"
"camelia.bontine@edu.tbz.ch"|"Lk7OmO-SYvucJ-q&fvCO"
"methode.jozefczak@edu.tbz.ch"|"eY96Zh-Ss#nO1-HYpDZl"
"audreanne.hinsche@edu.tbz.ch"|"Gj%Go$-OWPir%-U%#x2l"
"andree.varne@edu.tbz.ch"|"AxJQlY-k3K3Au-8TkQEE"
"marten.kinleyside@edu.tbz.ch"|"TT5#Ri-4Q&SMP-abY&WS"
"esteve.mcewan@edu.tbz.ch"|"L9C8mu-x9rv&8-kKLT#v"
"leane.dibbert@edu.tbz.ch"|"HdAYkT-u9kUol-pnT3im"
"ma.thewlis@edu.tbz.ch"|"%Ycg95-%@knnl-vwYk37"
"clea.djurkovic@edu.tbz.ch"|"e1XnjN-nLS2LI-l@PDit"
"rachele.reburn@edu.tbz.ch"|"RDQqZP-ReCZi6-jQuZlg"
"gerald.gowling@edu.tbz.ch"|"pcBT#M-RAVCu$-pwTQLE"
"cleopatre.jackson@edu.tbz.ch"|"UO%WeB-4ET0e&-qAUVRG"
"desiree.haskins@edu.tbz.ch"|"BqABDS-KCqO&J-dAaMSV"
"eleonore.longson@edu.tbz.ch"|"XdwZbP-6RpuCp-rb@jQY"
"leane.dybell@edu.tbz.ch"|"egdiTL-R0o5Kz-Z1zYUd"
"becassine.grzesiak@edu.tbz.ch"|"Ee2wmn-br6b4r-@KHUFV"
"marie-josee.pickin@edu.tbz.ch"|"7KZZCj-2Njx7X-mvVqbD"
"marie-josee.roxby@edu.tbz.ch"|"He1c90-6#72RU-#qcT@f"
"leonie.feenan@edu.tbz.ch"|"2&SqNA-YeMAYK-AWKj8K"
"valerie.ellum@edu.tbz.ch"|"cqw@QG-16I&PK-f7qJ%6"
"ju.caseri@edu.tbz.ch"|"#Kebvw-dPFt$9-k458a&"
"boerje.strangman@edu.tbz.ch"|"7WImgE-2uEET5-@fSvZv"
"beatrice.ghidelli@edu.tbz.ch"|"W4Urqg-zl5O9B-flUbiJ"
"da.jablonski@edu.tbz.ch"|"3I4MMx-C6QoVU-wOv7Gv"
"uo.beveridge@edu.tbz.ch"|"ZUo$47-qsi13c-N96foy"
"valerie.bestman@edu.tbz.ch"|"qhLsna-WgFbWD-YDiOIe"
"marlene.pohls@edu.tbz.ch"|"9&05@i-usAjWI-G@I0vs"
"ma.nolda@edu.tbz.ch"|"Fn#10k-g@SKXb-HUcuPo"
"marlene.bisiker@edu.tbz.ch"|"NIioQq-zSW@va-Gn&UzY"
"estee.babon@edu.tbz.ch"|"On8ZXM-H0DDmz-oXo$KK"
"simplifies.dmisek@edu.tbz.ch"|"lM%OJ5-0TnwiR-ZWgUB%"
"selene.ganing@edu.tbz.ch"|"8NnfZ%-NMHqN5-0rbF5V"
"meryl.penke@edu.tbz.ch"|"gfJXD8-NChVdc-%RfzoH"
"anais.rawcliff@edu.tbz.ch"|"3D%NUY-CQpi52-218DrU"
"melina.andri@edu.tbz.ch"|"$$Qfxx-jGcK4J-zrtVmP"
"audreanne.fodden@edu.tbz.ch"|"GUOdkZ-ojQon3-WjpUvc"
"bjoern.spellesy@edu.tbz.ch"|"RO#nr#-UQeKYQ-Jx&UAn"
"francoise.summerscales@edu.tbz.ch"|"FlUT8m-pyS0zO-Fv7I0s"
"laurene.ashtonhurst@edu.tbz.ch"|"5#MQX9-4FfMAP-lEWf02"
"valerie.petters@edu.tbz.ch"|"gfrYt4-vj6if%-WQ6AzL"
"anael.spenclay@edu.tbz.ch"|"13@lQk-Sed4OQ-smDHa$"
"stephanie.keech@edu.tbz.ch"|"z0FZal-T$M8#j-L0GdpH"
"ines.deveril@edu.tbz.ch"|"Kl6x3u-f8s&j%-YzecjC"
"berenice.gelder@edu.tbz.ch"|"WX3%v3-nLho#A-xGmCqz"
"melanie.ofogerty@edu.tbz.ch"|"GRYVIF-SArtVV-paRc%L"
"frederique.canepe@edu.tbz.ch"|"eEeO8q-SQOMW1-1QFtEW"
"nuo.otton@edu.tbz.ch"|"Fl1SNP-I8N1YO-B&Jpdw"
"genevieve.trusler@edu.tbz.ch"|"LdT6$G-egwPOw-2wJsS1"
"ju.boag@edu.tbz.ch"|"smOJjb-lUfs4I-RlbLnt"
"josephine.dilucia@edu.tbz.ch"|"FLfF8Y-JUF0L9-4Dev&O"
"laurene.armsden@edu.tbz.ch"|"fJq84e-@qE11B-Egx4@m"
"becassine.griffe@edu.tbz.ch"|"iFWdf1-VJ5wUo-BiDgvv"
"alois.parres@edu.tbz.ch"|"IoZ%Vn-b9XLUf-FJkYLd"
"cleopatre.gaffey@edu.tbz.ch"|"%EaTBu-gY2tyB-rshTvI"
"andre.stiger@edu.tbz.ch"|"3LAVH4-YcO5PZ-cflUTV"
"beatrice.godleman@edu.tbz.ch"|"aT1LUJ-waqr@r-S814P4"
"hakan.harrhy@edu.tbz.ch"|"G5o4fK-IcOnDd-TxzQQ8"
"celestine.dagnan@edu.tbz.ch"|"5irtgu-x#k36K-cMNpUV"
"clemence.haggart@edu.tbz.ch"|"bIi8PF-77Ibqp-S2TQau"
"long.caban@edu.tbz.ch"|"EW@&&C-VL0lQk-ksDAgi"
"gaetane.grimble@edu.tbz.ch"|"EH2$ea-L3JLXT-euBm#s"
"maelann.piwall@edu.tbz.ch"|"7N4MzB-BVVKE%-QTCpQz"
"magdalene.loble@edu.tbz.ch"|"KO%Lj3-m&gtRy-GQv$HQ"
"veronique.domaschke@edu.tbz.ch"|"1cxM3p-6Pr434-@XpXwp"
"clea.herity@edu.tbz.ch"|"QNBTcq-#i%Gqw-EH33X&"
"maelann.bambrough@edu.tbz.ch"|"cz98O$-$lopdq-kQ2Q%Y"
"clea.goulstone@edu.tbz.ch"|"z%p9yI-O%o&49-QB2Rci"
"renee.deleek@edu.tbz.ch"|"x0vpXc-vphiSt-Qe@##7"
"boerje.rudderham@edu.tbz.ch"|"MrIwQX-8PmtNc-Sm5OLp"
"marylene.broune@edu.tbz.ch"|"Sgwxar-Qlpf@W-T$fY#6"
"nadege.mccuish@edu.tbz.ch"|"k@mxDO-AGKJkW-1mb52C"
"anael.littleover@edu.tbz.ch"|"IUBYkI-KTIVQA-n#z%VL"
"lie.baume@edu.tbz.ch"|"bYy1Vt-AgGrAr-Ft2vQa"
"maella.murrow@edu.tbz.ch"|"InT1#i-S1GrO0-e$QZzR"
"cleopatre.pettifor@edu.tbz.ch"|"oKDyXA-z5uZ6I-mtR6xN"
"geraldine.asker@edu.tbz.ch"|"aTlVmK-TFFqOi-M&jZ@b"
"gaetane.smedmore@edu.tbz.ch"|"@vuDoy-Ho4faT-hBxvFE"
"meryl.blencoe@edu.tbz.ch"|"Vy3k84-1GJEpK-sZ5QbT"
"aurelie.chastaing@edu.tbz.ch"|"@UTe%Y-FZMdK@-hF3jCx"
"oceanne.marthen@edu.tbz.ch"|"#DfwFQ-hcz3Iq-iOlwx1"
"dorothee.burrill@edu.tbz.ch"|"7UH2Ug-wtPH#o-VLGmmw"
"hakan.belden@edu.tbz.ch"|"DFuxbC-F$PpUc-Y#Wi8C"
"celine.brunning@edu.tbz.ch"|"nRddks-CpaYq3-58O2g@"
"anael.lapides@edu.tbz.ch"|"aMuNxl-IrsK%b-8M2@ax"
"ruo.saffran@edu.tbz.ch"|"RNsBQ#-jkYzx8-oqDOdr"
"loic.gerretsen@edu.tbz.ch"|"mmiFly-&qO3C8-CIo6XL"
"rui.fitzer@edu.tbz.ch"|"&tTMbu-%oizIy-bUyqYj"
"annotee.ogers@edu.tbz.ch"|"k#g479-nnA7v5-M2zXqA"
"boerje.bindin@edu.tbz.ch"|"CAEfLr-TlM1P1-CXpU7E"
"ma.cronchey@edu.tbz.ch"|"PtYTDl-vu&qUZ-7yieJ5"
"laurelie.baiyle@edu.tbz.ch"|"YGQz$t-9dqrf9-I@FB3S"
"dorothee.older@edu.tbz.ch"|"k%NJkB-Rjyam$-RlGUY4"
"laurena.wile@edu.tbz.ch"|"z#4drr-H56pIJ-tCiVaa"
"clemence.brito@edu.tbz.ch"|"ab1Aae-Uje2cs-O1iOVo"
"nadege.dallin@edu.tbz.ch"|"LN6tcr-ye2dCj-egPIQ1"
"mailis.matley@edu.tbz.ch"|"3fkgA5-59rr9f-GFppoh"
"daniele.screaton@edu.tbz.ch"|"a4Qz1m-yz7KmK-Gzwz6N"
"mediamass.godly@edu.tbz.ch"|"2xrNWj-abN65L-H08MeI"
"leone.kremer@edu.tbz.ch"|"kBkYWz-UgKOMO-zXAUJl"
"asa.adrian@edu.tbz.ch"|"qqQC3r-tThCWm-XZ$CfJ"
"adele.doley@edu.tbz.ch"|"#@fmqd-Y7VQK%-33$ajq"
"fei.sidney@edu.tbz.ch"|"eHQXiv-SpHDig-66%SAg"
"marie-josee.walisiak@edu.tbz.ch"|"ICeRkf-CYesre-IfpuwS"
"desiree.diplock@edu.tbz.ch"|"3$oZiN-gC9JN8-jL7w1E"
"gisele.schust@edu.tbz.ch"|"rT7wWg-BYGUJA-EUbQVF"
"ma.longshaw@edu.tbz.ch"|"LhI%8p-0R0bHM-gSM@0K"
"da.boother@edu.tbz.ch"|"n86@r5-AuFD1@-D0@Mn7"
"simplifies.chaudhry@edu.tbz.ch"|"KdwCpt-F@rHI%-NiITra"
"garcon.baniard@edu.tbz.ch"|"675xHf-FxYwwu-Uu00aI"
"gaetane.elphee@edu.tbz.ch"|"zOREll-$JsA5y-Xmluzp"
"gisele.hassey@edu.tbz.ch"|"KBr1XB-yu&jy3-$440bu"
"oceanne.booley@edu.tbz.ch"|"t&QwsY-ZNrCdu-t091zj"
"oerjan.dibden@edu.tbz.ch"|"w#uKk1-8UbJ@r-FE0saS"
"regine.ocleary@edu.tbz.ch"|"V6j%gk-Pmqz2N-%JNa$g"
"selene.persse@edu.tbz.ch"|"c$QBUe-%K$FH%-Nld57Z"
"helena.adenot@edu.tbz.ch"|"1SvKeP-kNRqWS-NwlmY7"
"maelann.wassung@edu.tbz.ch"|"rr&0jY-XD7yA5-X$XhBl"
"frederique.ackermann@edu.tbz.ch"|"phdDCN-7HelC8-tvv8IH"
"audreanne.kahen@edu.tbz.ch"|"A17YIW-B3ncHW-wWMd50"
"maiwenn.lasty@edu.tbz.ch"|"lxzFYU-s9IojV-14BAUD"
"yu.dictus@edu.tbz.ch"|"%#o7oz-AEYaSf-u2GjjZ"
"anae.dukes@edu.tbz.ch"|"m&iIrZ-J8X&g&-uMlliY"
"yenora.warr@edu.tbz.ch"|"I%ARqa-O@GpBk-HgGCx8"
"esbjoern.archibold@edu.tbz.ch"|"mwULvW-liMLMn-5IbC@c"
"milena.pardal@edu.tbz.ch"|"WeNPIj-4ZzMBV-$bKsny"
"celestine.graveston@edu.tbz.ch"|"Y672Hh-8igUbN-uImSes"
"maena.dallas@edu.tbz.ch"|"z5qMOU-MPAa4O-pOxZIz"
"andree.tuke@edu.tbz.ch"|"3FPejx-6cZhqB-KZATC&"
"methode.seldner@edu.tbz.ch"|"wS3AHg-6ZEIHB-xsONJX"
"venus.bullas@edu.tbz.ch"|"P6K&Oy-hIF8Rt-ZmIxLv"
"mans.aguirrezabal@edu.tbz.ch"|"oiDtqT-KFHnRb-EuYey7"
"gaelle.eadington@edu.tbz.ch"|"S&$wbd-2OXf6W-4Zvja%"
"anaelle.falkner@edu.tbz.ch"|"3%%GNy-iHT2@B-vRa6fq"
"ophelie.height@edu.tbz.ch"|"&#oDvJ-EXFDCs-utgay9"
"marten.bolding@edu.tbz.ch"|"WjPR9b-3Izl28-e4&%KQ"
"pelagie.guswell@edu.tbz.ch"|"JS0wLM-%nl6iO-orXnOB"
"gwenaelle.lecount@edu.tbz.ch"|"WHMdNL-34Jjeq-yG2SrH"
"hakan.laden@edu.tbz.ch"|"vjWw31-rOfIau-AUcvpr"
"marie-josee.hylands@edu.tbz.ch"|"D9qo&k-ai&xgO-UjhSa@"
"zoe.kingshott@edu.tbz.ch"|"LV%xn6-Gyt%3r-NvQJo4"
"josee.janous@edu.tbz.ch"|"4nV#DJ-feUyab-NAJsMk"
"laurene.gallally@edu.tbz.ch"|"uJcFsL-oiw1qA-ByUcVs"
"anael.bickle@edu.tbz.ch"|"REI5OV-wbcNRR-EUzgMJ"
"mediamass.lebbern@edu.tbz.ch"|"dl52C9-FRemKo-cra#lW"
"berengere.hovy@edu.tbz.ch"|"bRbRDU-Wmy%$H-id16IW"
"oerjan.kilmurray@edu.tbz.ch"|"AAx4tA-HfIbtU-il9#br"
"asloeg.venny@edu.tbz.ch"|"1RmTCt-X1Anbp-cD@nBc"
"marie-noel.stoad@edu.tbz.ch"|"7nvwF6-EwULZR-PvB4i@"
"hakan.pettifor@edu.tbz.ch"|"tbuMFL-3l1Ahi-myzuHK"
"maella.willgrass@edu.tbz.ch"|"fOeDw5-ne7Tu#-B1Ri#v"
"therese.ludovici@edu.tbz.ch"|"BZUs14-pvlX$j-VUs#kf"
"stephanie.trewhitt@edu.tbz.ch"|"l#4j&N-l1U8be-xk&CMK"
"maerta.bauduccio@edu.tbz.ch"|"9maeTH-Ac@EfZ-gw2uO6"
"gaetane.glaisner@edu.tbz.ch"|"xLk2i#-5$46md-Se5nek"
"naeva.pargeter@edu.tbz.ch"|"kZGWsh-qQoTxe-1s1rst"
"salome.venable@edu.tbz.ch"|"tBw3Ir-@tJ5K3-SI$gHq"
"boerje.thickett@edu.tbz.ch"|"HbF0fY-fToEPK-sjK#Ad"
"lucrece.prendergrass@edu.tbz.ch"|"3xbJs8-#Qy&7z-l%CGRH"
"laurene.ockleshaw@edu.tbz.ch"|"jDaZgd-HtB%@0-mYLMrf"
"cecilia.pasticznyk@edu.tbz.ch"|"HQqZ0$-KIQwYd-gyMRbh"
"stevina.mackey@edu.tbz.ch"|"l0u#k8-faeq73-5G8PdO"
"marie-noel.reven@edu.tbz.ch"|"6QtNmZ-HzHMlh-0d%KeW"
"melina.quilkin@edu.tbz.ch"|"oUzlsj-RPlDfk-O@dh6N"
"marie-noel.ferrie@edu.tbz.ch"|"WzokOc-YJhrs@-8X3wnR"
"leone.alphege@edu.tbz.ch"|"GI18jr-SI4e6y-gPQyTq"
"zoe.leverson@edu.tbz.ch"|"tbT9V$-5ed#M6-uxRrmE"
"annotes.grayne@edu.tbz.ch"|"5w@g3C-bT9WA7-JxTla2"
"faites.lalley@edu.tbz.ch"|"LU#0UM-8CdArX-dr2Xi2"
"adele.wallis@edu.tbz.ch"|"Z&rHT&-xQMJcL-7lkcL#"
"severine.madill@edu.tbz.ch"|"fSrnlS-Tnm8fy-dEYkFE"
"valerie.tebb@edu.tbz.ch"|"nwCHOB-jAiaxB-s2H#qE"
"kalliste.rasper@edu.tbz.ch"|"e0OVdg-FSMj$S-NfJoGn"
"audreanne.palomba@edu.tbz.ch"|"Q5EL&e-z&%C4F-DT8$1c"
"elea.adamik@edu.tbz.ch"|"%$WJz9-TTlBTb-0&NnQe"
"reserves.jakuszewski@edu.tbz.ch"|"BQoago-Zo&cY1-0UFvfj"
"athena.belhomme@edu.tbz.ch"|"Yy#D&D-sEbA8&-K9e%Hx"
"rebecca.crippin@edu.tbz.ch"|"yAGj$i-3Ht9Me-JW$Opo"
"maiwenn.curman@edu.tbz.ch"|"%EUIoY-QwW5kJ-jBcTW#"
"andree.bunner@edu.tbz.ch"|"se1AAU-2Qdlw9-r8PtkT"
"ruo.winckles@edu.tbz.ch"|"rctiPS-mrXWfj-MOwCDM"
"naeva.buntine@edu.tbz.ch"|"dY19l9-$tR91u-1LHMen"
"boerje.dollard@edu.tbz.ch"|"QBMi8n-MF#un3-yb693W"
"penelope.gorman@edu.tbz.ch"|"wlL$&D-nl%FCm-O#4fVZ"
"alois.robelin@edu.tbz.ch"|"mvS3hV-pRB1AP-1vY$D3"
"anaelle.tindle@edu.tbz.ch"|"$KmfMK-odg1Hy-HN$5jr"
"ye.frears@edu.tbz.ch"|"WaLGEm-d&0SK%-8JAlDW"
"andree.ovid@edu.tbz.ch"|"%K1V9N-YFn11Q-6HbzDT"
"hakan.peat@edu.tbz.ch"|"P0V@d&-h3tLOr-r$PYR9"
"andre.januszewski@edu.tbz.ch"|"f9KTEn-TytPq%-ByXsB@"
"annotes.clemmett@edu.tbz.ch"|"gBnZf5-vTbQRQ-ac&Q9n"
"pal.lambswood@edu.tbz.ch"|"lQLera-QHaUS#-rnau6r"
"yao.lenton@edu.tbz.ch"|"lkRg0n-DmsPzd-ATyPgo"
"hakan.boyton@edu.tbz.ch"|"$9P$8h-4M0R%w-iNp@Th"
"nelie.forsey@edu.tbz.ch"|"z6HRiM-yHpKrY-z0DwBL"
"hakan.horche@edu.tbz.ch"|"al8u7l-go1fth-mGVnQV"
"lorene.sinkings@edu.tbz.ch"|"h0rkVr-lq9dxQ-y4u0mU"
"marie-therese.creddon@edu.tbz.ch"|"NsMXGh-k0$gpQ-td@dhC"
"berenice.tolworthy@edu.tbz.ch"|"m7EaUT-ROhN9D-3PFGpX"
"theresa.land@edu.tbz.ch"|"HWudXW-PQicuP-TClQi@"
"marie-therese.gianilli@edu.tbz.ch"|"2k3AKN-abZj10-9hbED8"
"meryl.glew@edu.tbz.ch"|"A&GBHi-lG74j@-Aqpblz"
"adele.debling@edu.tbz.ch"|"pI9o5h-YXdrz3-KC&fSe"
"anae.metzke@edu.tbz.ch"|"D#Vvfw-wB%iha-c%h8lk"
"gaetane.gooden@edu.tbz.ch"|"lam0yf-&UKUV%-LJdivF"
"laila.bootland@edu.tbz.ch"|"yC7PP1-$UBVmZ-oiY4L9"
"maite.helsdon@edu.tbz.ch"|"RWrnYK-ZjUgbj-VTpYxD"
"andree.malley@edu.tbz.ch"|"028IG6-t4HZ18-uV&#t%"
"pal.simmens@edu.tbz.ch"|"MUg3aX-XgsQ3k-6zqr&o"
"maelys.nuccitelli@edu.tbz.ch"|"a84su#-yL8LxV-@Icjo3"
"dafnee.sibary@edu.tbz.ch"|"#kGW6h-vU2R2b-SlPbzr"
"alois.harsnep@edu.tbz.ch"|"8&1tF$-RajM4s-RoPU3l"
"marie-helene.lacky@edu.tbz.ch"|"QKHKVG-yp@OFZ-IQkUSk"
"mylene.youthed@edu.tbz.ch"|"Y8TrMi-IIPX2&-w@bvTE"
"marie-helene.dehmel@edu.tbz.ch"|"6pC13E-%20Qb7-w5ul5G"
"angele.batman@edu.tbz.ch"|"C2#noe-ozvtqN-KYKkjE"
"melia.younghusband@edu.tbz.ch"|"QvtOgf-t@00ij-gA8dtw"
"eloise.baldi@edu.tbz.ch"|"xmKD7e-cTLs0@-v4NjAd"
"illustree.dun@edu.tbz.ch"|"giv7Bi-Kk8cma-9GZAIW"
"genevieve.late@edu.tbz.ch"|"9imPj1-eLmB%w-RZd7oG"
"celestine.colville@edu.tbz.ch"|"u3$eqK-dMnJ6j-e@Vw2p"
"gwenaelle.scarlon@edu.tbz.ch"|"J2orwZ-Dy@WsK-cRn4LI"
"regine.boddie@edu.tbz.ch"|"k7gcK9-&iMYxS-Srz5I%"
"creez.gaughan@edu.tbz.ch"|"807ylr-#@Z$xM-TeSJWN"
"gaia.longford@edu.tbz.ch"|"mbceGG-t@k&1E-Wv12Pj"
"mailis.buckby@edu.tbz.ch"|"zoXbi&-6cLIea-thIYvH"
"song.parbrook@edu.tbz.ch"|"f6KWCT-4doK0m-yBUvyi"
"frederique.heddan@edu.tbz.ch"|"Jm1s@w-adZDcS-IgtOOA"
"ake.kirtlan@edu.tbz.ch"|"j4XA07-d%@j4h-y8sKG7"
"nelie.runciman@edu.tbz.ch"|"lC9Du5-GesF7D-QFLpN5"
"mailis.cardnell@edu.tbz.ch"|"dUfa4w-b@@Giq-$X@98O"
"irene.navarro@edu.tbz.ch"|"47Abob-GlNeaF-GL#@s9"
"maite.cough@edu.tbz.ch"|"%FeTx5-PAVBeZ-K#S#0g"
"anaelle.stocky@edu.tbz.ch"|"Zo8fH9-9F@wnV-4rHBx7"
"methode.moulder@edu.tbz.ch"|"WUX5DF-HQiR82-lzT3uf"
"po.stafford@edu.tbz.ch"|"bSvG4M-GWzpS8-9FTyei"
"faites.scraggs@edu.tbz.ch"|"&d@4YU-BgL9xz-sad@Yy"
"adelaide.dullard@edu.tbz.ch"|"ueg95h-xLF2Zb-VScFRY"
"desiree.leonard@edu.tbz.ch"|"VHaqh1-8V&YAH-rH7&vq"
"geraldine.badgers@edu.tbz.ch"|"V4pIVC-&iLlpb-T5RDbC"
"ruo.masic@edu.tbz.ch"|"8r14U%-b6Lzv$-XJhbET"
"aurelie.lieber@edu.tbz.ch"|"vrO80y-x97iQY-7WHPgf"
"naelle.balcock@edu.tbz.ch"|"4&jXms-H$oUdv-OBQZ%I"
"camelia.elger@edu.tbz.ch"|"x#8D$K-IsunQe-qf@1jC"
"publicite.oakeshott@edu.tbz.ch"|"R5p%PJ-Y9J66$-IXd85O"
"cleopatre.fawley@edu.tbz.ch"|"wuDKd#-zMyFgd-BroEhZ"
"laurene.bruckmann@edu.tbz.ch"|"eQtK$L-SBdQ6j-$jEoT8"
"rui.haughton@edu.tbz.ch"|"saLD&v-M9c7NH-oqNQ%z"
"asa.ladewig@edu.tbz.ch"|"1Fx&1u-j5hPPI-FNf3mp"
"gisele.janecek@edu.tbz.ch"|"Ev0fAX-Mt0SAB-IOVTKe"
"maily.loveridge@edu.tbz.ch"|"Ykdlv4-hyqUrs-iq7Ud6"
"marie-eve.yurkiewicz@edu.tbz.ch"|"Muu%7z-jGa@&F-fanBGZ"
"fei.roder@edu.tbz.ch"|"k6HtXD-Eho1BU-7wVjt8"
"edmee.chatburn@edu.tbz.ch"|"DOq#et-jDuzpc-Jt6pe&"
"geraldine.darke@edu.tbz.ch"|"vG$M36-X$QTUy-H9jewh"
"ye.jira@edu.tbz.ch"|"PgEgfe-vLd69J-FZs6WS"
"publicite.persent@edu.tbz.ch"|"REn#4W-Lji%%H-pzIn5Z"
"severine.wilcox@edu.tbz.ch"|"R5L76o-@Mi@4p-9ONwFz"
"yao.mcclaren@edu.tbz.ch"|"Loy1eq-Fsl3Cf-LGudAH"
"theresa.foynes@edu.tbz.ch"|"2pJBd1-zxttH&-g@Z48I"
"stephanie.isley@edu.tbz.ch"|"Ut99sl-aqAqGl-@P7RjI"
"torbjoern.growy@edu.tbz.ch"|"lJ8yEh-DYAiJ@-kR1i9w"
"eloise.tunnadine@edu.tbz.ch"|"2e5NBF-jPv%pB-H8Iriu"
"maeline.cossentine@edu.tbz.ch"|"Sa8fVF-HK14SU-mp$QjQ"
"nelie.desantos@edu.tbz.ch"|"Npeytg-RtgGfH-8OmEa0"
"gaetane.axston@edu.tbz.ch"|"ghKsN#-SEw6No-vg6MRP"
"aimee.merman@edu.tbz.ch"|"RrZqTn-WAY8MG-D1Th4&"
"oerjan.drivers@edu.tbz.ch"|"#7lude-ILPHl3-SadPxi"
"aimee.miroy@edu.tbz.ch"|"E1C0b$-@fl4fA-gd2&py"
"nelie.glyde@edu.tbz.ch"|"pZNGb4-I2Plkp-e0tP9G"
"hakan.kapelhof@edu.tbz.ch"|"hitK%j-vU64gU-5AxxS4"
"maelyss.cauley@edu.tbz.ch"|"#uR1Jt-SkbIU&-FhuXeB"
"elea.vaggs@edu.tbz.ch"|"C1zyz9-DsAfqt-ru18Xy"
"maelys.but@edu.tbz.ch"|"N@Aeia-38&UET-vqaBXJ"
"maella.arthurs@edu.tbz.ch"|"spmXKj-8&XuZ9-ungAeU"
"adele.liebrecht@edu.tbz.ch"|"NbhujK-XDa8mx-GKEcMB"
"meline.lomasny@edu.tbz.ch"|"o1jn64-bNTgTb-CUi02J"
"mediamass.schwant@edu.tbz.ch"|"RzwlkW-iN05Oe-68&b&N"
"leone.saunt@edu.tbz.ch"|"zwp4Rv-dyx@5H-ql2Mcy"
"annotes.gouch@edu.tbz.ch"|"6mKcEl-qV9WL7-O#f@hF"
"gaetane.bowich@edu.tbz.ch"|"hIIr7o-gpAN%I-tr3PF3"
"alizee.strelitzki@edu.tbz.ch"|"T$x&%a-n6SUZR-NfaYyM"
"leone.poile@edu.tbz.ch"|"gJcyy8-$0HV4M-Ufbcgv"
"amelie.saban@edu.tbz.ch"|"MkJ4r3-#KnDaf-MY%ixr"
"marten.mcmenamin@edu.tbz.ch"|"rTrcEb-TQDRrP-5$3WML"
"becassine.keets@edu.tbz.ch"|"TW8pLx-7IMWFS-6Vjnw%"
"celine.million@edu.tbz.ch"|"4BkyUE-GYc@zV-5ivbiM"
"geraldine.belitz@edu.tbz.ch"|"fkr6Mw-dLfwWq-cOE75y"
"salome.mardling@edu.tbz.ch"|"6NIdf$-u4yL4y-jc7sJ6"
"melia.blakemore@edu.tbz.ch"|"#fIqH6-4HZUuu-1KjXJX"
"dafnee.mcaulay@edu.tbz.ch"|"NwQZKs-DksnK&-YcPlZ3"
"garcon.dennett@edu.tbz.ch"|"@M9BJr-2QDQk3-kQTWbe"
"interessant.lesor@edu.tbz.ch"|"@D8yIV-f@Jlcd-i#do&I"
"annotee.wasbrough@edu.tbz.ch"|"n9bpmg-o0gKhV-sMc49Q"
"asa.ibbeson@edu.tbz.ch"|"M9Jt%q-VnnDO6-V%3IyU"
"maily.kennealy@edu.tbz.ch"|"G3F6YP-8PVqjd-185lXM"
"ye.seares@edu.tbz.ch"|"OW1l5p-kr5MX5-io%oA%"
"athena.harbron@edu.tbz.ch"|"E4pbWt-eL$o86-39s4Or"
"andreanne.portail@edu.tbz.ch"|"qSAINK-fY2L5C-Hb0EDl"
"goeran.zannelli@edu.tbz.ch"|"pTI&eU-AGbUlX-nnAy4O"
"gerald.leathlay@edu.tbz.ch"|"SHOekm-XiUrqB-n%XJoL"
"andreanne.chown@edu.tbz.ch"|"TwGQGg-akzix5-prSI%#"
"esteve.clementel@edu.tbz.ch"|"1v3FTc-XejxG8-P$0x6t"
"leone.legan@edu.tbz.ch"|"OFdZXB-OvdYlc-Dd%bN7"
"maena.pownall@edu.tbz.ch"|"cAsQWI-1Xui9D-LVlNnd"
"andree.rettie@edu.tbz.ch"|"XN2$7r-nfp#4t-bmITpR"
"ines.kenwrick@edu.tbz.ch"|"&4U1GD-U$XhWX-5uQuEE"
"marie-helene.yarnall@edu.tbz.ch"|"oqdFZL-8&%YTL-ylyqB6"
"po.martin@edu.tbz.ch"|"bG1k4S-P#9DT6-tXleVw"
"ruo.celiz@edu.tbz.ch"|"pNe$Ud-1OFt&i-FW90jE"
"po.bissett@edu.tbz.ch"|"0eRKQQ-7NC8Av-kZ0XWQ"
"du.swindon@edu.tbz.ch"|"VF4sq3-9xBgv0-bggA4t"
"interessant.gouldthorp@edu.tbz.ch"|"bOi0iB-eIRudk-cVbEPg"
"leandre.lilburn@edu.tbz.ch"|"IGZizU-FipAZO-uGPGle"
"bjoern.whales@edu.tbz.ch"|"$F#lG2-zwJ1Ns-B6CYca"
"interessant.dieton@edu.tbz.ch"|"HHgji&-wgjlc%-yq@It@"
"celestine.redhills@edu.tbz.ch"|"zeUpvF-ntdm$2-eKSz7W"
"tan.yakovlev@edu.tbz.ch"|"FDieLM-ESTYLR-7Y0Ao6"
"regine.mcdowell@edu.tbz.ch"|"8iBRBS-@XecRt-vxFj8v"
"ju.coysh@edu.tbz.ch"|"RG&mG3-p#$xKD-c3Uwev"
"reserves.ofallon@edu.tbz.ch"|"EdtZ5C-G$NGM8-@p#MZV"
"frederique.sobey@edu.tbz.ch"|"zYpv@v-5AAWMe-ZyVzRQ"
"marie-eve.garstang@edu.tbz.ch"|"iFF@@Q-sNwvyO-zkN5iJ"
"andre.tapin@edu.tbz.ch"|"EQR$1A-8LGMpY-syC2vc"
"esbjoern.eynon@edu.tbz.ch"|"iQ0dk1-7Gz2MT-MxqPCI"
"maella.duffy@edu.tbz.ch"|"TdJ0lZ-Va7083-&mnN&9"
"leandre.twinning@edu.tbz.ch"|"AG&RQ2-lRiABU-kgVk5b"
"mai.whittingham@edu.tbz.ch"|"V$5I9t-Bfo1RU-na@goD"
"rachele.shevelin@edu.tbz.ch"|"gZurBK-Wb2opd-5VlZEg"
"cecile.mcure@edu.tbz.ch"|"aLdl#d-NZw66m-j5bcAc"
"marie-eve.yurkevich@edu.tbz.ch"|"Vz8FXC-vVrI8R-L2lWKI"
"almerinda.paice@edu.tbz.ch"|"sT&wSS-ap$$oK-&1WGoR"
"rao.howkins@edu.tbz.ch"|"@Q1WeU-fAfNF6-YYRzil"
"serena.pack@edu.tbz.ch"|"cu9brr-auG8PZ-cFYq$&"
"rebecca.mant@edu.tbz.ch"|"BJ1jgf-4jcvSb-CA$Nu2"
"reserves.spitell@edu.tbz.ch"|"qgXTcM-Hdy7cc-uRsjGD"
"garcon.hamfleet@edu.tbz.ch"|"j6sZUr-YRk5X2-N0JmHC"
"methode.kerkham@edu.tbz.ch"|"dudEJ%-rXhlKg-Knh8hS"
"pelagie.camies@edu.tbz.ch"|"v%#Ks4-o87uNb-wRAk&j"
"josephine.macpharlain@edu.tbz.ch"|"%1d46R-o&1rw7-ILF2es"
"eugenie.mathet@edu.tbz.ch"|"W512KN-w9MitY-iTFmDa"
"gaetane.brangan@edu.tbz.ch"|"y%6ccf-qKsFLw-r7PN9F"
"michele.dewbury@edu.tbz.ch"|"#Me76s-SsIy$b-zCNYOM"
"eugenie.elcott@edu.tbz.ch"|"pSAIjR-t&vwMN-2PvvCD"
"megane.harniman@edu.tbz.ch"|"o#fC2y-h9#TJv-Qru39z"
"agnes.cluney@edu.tbz.ch"|"mm8WBX-$a541v-nMu%v1"
"marie-helene.angear@edu.tbz.ch"|"BfItwV-xpPgxQ-HkT15u"
"melia.dolphin@edu.tbz.ch"|"LKwvpk-uYruR4-bPNSCJ"
"lois.ruseworth@edu.tbz.ch"|"RM0GC5-g2HbAY-lRxW$s"
"mailys.ryding@edu.tbz.ch"|"IOBUw7-k44ns8-8pe9sW"
"rachele.wulfinger@edu.tbz.ch"|"m7GYgb-HCmt2k-VsSQIl"
"gwenaelle.talton@edu.tbz.ch"|"RBtof2-e0$bfF-$#Kuk@"
"long.ronchetti@edu.tbz.ch"|"qtoYHf-C3Ea54-f9h3n6"
"styrbjoern.kloska@edu.tbz.ch"|"xiexAM-fY$vKG-njdJZF"
"len.sudran@edu.tbz.ch"|"S7TgpG-1Gv7ap-GONm#C"
"maelle.andrysek@edu.tbz.ch"|"B3&zKp-&xMNXv-0wc1zC"
"selene.senior@edu.tbz.ch"|"RxFo4Z-RRghVW-JBs$N9"
"anais.joskovitch@edu.tbz.ch"|"SupT9O-@FCz2R-V2p8Ku"
"marie-noel.dally@edu.tbz.ch"|"iMIuGa-S#VY5%-bWm3&w"
"marie-helene.laurence@edu.tbz.ch"|"bQF5w0-t1kfYv-Ci89VX"
"camelia.foxon@edu.tbz.ch"|"bo$B8$-&9pKaw-cfrZar"
"helene.cankett@edu.tbz.ch"|"aPCa#U-ylkQsf-IXnVsC"
"marten.mitchelson@edu.tbz.ch"|"xlkWWV-f1pUNe-RfAtb0"
"helena.stirtle@edu.tbz.ch"|"Xv5gnC-5bD1er-z7LX4H"
"leane.barmby@edu.tbz.ch"|"jd2hTL-vfwIUf-m98yoG"
"goeran.ofinan@edu.tbz.ch"|"7BGY4u-GEkb#%-HhKah7"
"styrbjoern.proby@edu.tbz.ch"|"PnHqvm-ZOLiND-M4uiY%"
"zoe.halse@edu.tbz.ch"|"OBMjCB-FJScng-Vcz5wd"
"kui.drable@edu.tbz.ch"|"WUPgzQ-1LG&Ew-OHOqf%"
"desiree.bamford@edu.tbz.ch"|"mqJ61q-CNtP6k-9hYqQx"
"zoe.suller@edu.tbz.ch"|"Hbm1cq-qw#I&N-3nt2aS"
"marylene.audiss@edu.tbz.ch"|"Rwt7Pu-s@oVu8-I5sVQW"
"adelaide.poznanski@edu.tbz.ch"|"GZIuXQ-gz#r4Y-dxWjBj"
"maella.coleyshaw@edu.tbz.ch"|"P5jWVS-A1g@Mo-%@J&qf"
"marie-francoise.gelder@edu.tbz.ch"|"U2kywk-tWg9hR-&NRZK1"
"eleonore.chaffyn@edu.tbz.ch"|"s2pcID-nWULjO-HeASTp"
"celestine.sikorsky@edu.tbz.ch"|"a%rsuz-OYsmvc-Q$k@C8"
"stevina.londsdale@edu.tbz.ch"|"MMrAXe-IaXrB9-MsRMIx"
"maiwenn.nevitt@edu.tbz.ch"|"0KY7ic-&wmQ2y-G1JWUk"
"magdalene.gerrey@edu.tbz.ch"|"i6vM2k-X3tpDG-#sXAJP"
"becassine.latimer@edu.tbz.ch"|"IEdOJB-7JgTLj-XJBMSg"
"da.lethibridge@edu.tbz.ch"|"K0PyVC-r57ZP7-EyVZC$"
"mailys.claige@edu.tbz.ch"|"Al2qOn-CZLbgb-1BotR4"
"maena.torbard@edu.tbz.ch"|"Q%RQxn-fU7%sX-IwnvDC"
"solene.lyvon@edu.tbz.ch"|"yjIVgf-SzmNb6-biV98W"
"marie-therese.benbrick@edu.tbz.ch"|"fw$fD7-fvFSX5-vAC%$q"
"gerald.edmonson@edu.tbz.ch"|"#k4HIn-193%M%-bMfmrJ"
"ake.messruther@edu.tbz.ch"|"f&MaJ3-IiKu9z-yPayNq"
"men.gosneye@edu.tbz.ch"|"0bmMLA-xjTdi7-G0@mTM"
"anais.jefferys@edu.tbz.ch"|"Zm5L2P-HPRjDQ-#Zi0Pc"
"publicite.tregale@edu.tbz.ch"|"eAREkp-DfoIaK-pz%B@v"
"maily.santorini@edu.tbz.ch"|"ZkDBws-hjgAJz-zf5NwG"
"ines.pioch@edu.tbz.ch"|"WhsBeg-2OD%gh-9UbjS8"
"noemie.marklew@edu.tbz.ch"|"itWnEc-xeO$Mm-5gw$xk"
"meghane.maccaffrey@edu.tbz.ch"|"#Mi3EZ-Erm4T4-OPn0Rk"
"berangere.ambrogio@edu.tbz.ch"|"gktem6-rA2q&R-%6uhSw"
"mediamass.ryce@edu.tbz.ch"|"ZR&Ar#-rkX&u@-uIMefa"
"oesten.ubank@edu.tbz.ch"|"5SLS8V-Ww4#p5-1xz1gx"
"melina.mackee@edu.tbz.ch"|"sc6xi&-MZEfmL-#pV8te"
"theresa.livezey@edu.tbz.ch"|"n3l%6D-yu70p@-ULA607"
"clemence.weal@edu.tbz.ch"|"xGoPvY-YXcAvj-%VkTEW"
"faites.overton@edu.tbz.ch"|"OPDNNh-x9gbPy-Yjr4Or"
"clea.lindblad@edu.tbz.ch"|"Rir5RP-$vcOSi-yctH%f"
"josephine.roseaman@edu.tbz.ch"|"A3AAVm-Q12WgA-THURhP"
"oesten.lowbridge@edu.tbz.ch"|"rtbSm%-8d6es#-Os90Hz"
"marie-josee.brion@edu.tbz.ch"|"lDjU9T-C$v%Sb-Dr#5x1"
"therese.basili@edu.tbz.ch"|"ozA3br-WAun6E-3ZVWRR"
"melia.vertigan@edu.tbz.ch"|"RX$Kow-Utrz&j-ecl4x2"
"judicael.saull@edu.tbz.ch"|"7bx%qH-ytUx$M-RP#rJS"
"selene.valentine@edu.tbz.ch"|"kXJnFt-Gtz$gJ-dfY2NS"
"verane.dunlap@edu.tbz.ch"|"1GBM$C-IcDN4l-kP2ZFe"
"meline.kinnear@edu.tbz.ch"|"vAVg8S-QJcjBx-MIAtoB"
"lei.luttgert@edu.tbz.ch"|"#V6rEA-ShJMit-dTivq%"
"styrbjoern.lathleiffure@edu.tbz.ch"|"ms&3h9-emu1&9-MNkZBZ"
"marlene.blasi@edu.tbz.ch"|"KvBRe1-PqnD5D-xLtlPR"
"mai.begwell@edu.tbz.ch"|"91Dt3M-3vHQif-N#VTNr"
"gwenaelle.kaines@edu.tbz.ch"|"VxFjWW-2&Tmve-UgbwVg"
"gerald.adamthwaite@edu.tbz.ch"|"y4Ntk4-8psQWD-#VdMbg"
"kui.hartfield@edu.tbz.ch"|"Se1#vb-$RvJDz-$caBEu"
"salome.currao@edu.tbz.ch"|"MuM0VG-vIDdQd-zm#kjp"
"angelique.tixier@edu.tbz.ch"|"ab2KRr-w2arwb-9qZHr@"
"ju.mcgragh@edu.tbz.ch"|"dighEK-&iF9bW-JTEmZ9"
"dafnee.beachem@edu.tbz.ch"|"2@bR3u-Y0DxJ1-P5elq0"
"creez.terlinden@edu.tbz.ch"|"GebDif-qkHUJP-R5S36r"
"uo.mcskeagan@edu.tbz.ch"|"kzWufr-$#q4f@-&vEnlV"
"edmee.mccaughren@edu.tbz.ch"|"M@O$JU-@iWbbU-CMhvis"
"asloeg.cozby@edu.tbz.ch"|"LcTNUl-qw41ZE-7sbias"
"melodie.traite@edu.tbz.ch"|"7d3#us-nhkRds-YO1Qh8"
"dorothee.aindriu@edu.tbz.ch"|"ACXpU2-YK8nkL-SeKu4z"
"daniele.doley@edu.tbz.ch"|"cALOIF-PAv8PF-3zS#3y"
"mediamass.fairclough@edu.tbz.ch"|"yE5xLM-Bh9UfH-lhng7$"
"lorene.rainforth@edu.tbz.ch"|"1WOb59-Dm23Dr-Eh2diL"
"leonore.eyer@edu.tbz.ch"|"cCKG$X-aRqoy1-jddTKS"
"po.spillman@edu.tbz.ch"|"#6UeJh-AaUHV0-p2Xz#0"
"cecilia.plitz@edu.tbz.ch"|"Ykom3S-rSOFnd-aNS7xw"
"lorene.ludlow@edu.tbz.ch"|"Ysx8EM-C2m9e$-u32#gV"
"berangere.neligan@edu.tbz.ch"|"puZdvK-$CxFeM-0Mq3Pq"
"simplifies.huggan@edu.tbz.ch"|"T0PaG6-lhBZwk-dxEP&Y"
"clelia.prandy@edu.tbz.ch"|"lYe@Ry-zbirWJ-u#e3BH"
"ake.osban@edu.tbz.ch"|"wFedhV-fjQUv5-%b@CsP"
"cunegonde.brunn@edu.tbz.ch"|"efEGAJ-XFIdE4-YMVkne"
"long.grizard@edu.tbz.ch"|"X@J$XP-DelmL9-y6nLTE"
"meghane.diss@edu.tbz.ch"|"th1OG&-U6qxxg-Ldw$Nx"
"therese.oldman@edu.tbz.ch"|"fGsxl2-qnaMNh-#Y16z#"
"boerje.scamerdine@edu.tbz.ch"|"vy4$KA-YLmxmK-#Ls%3c"
"du.saban@edu.tbz.ch"|"W91feH-jL@NYQ-oK&lex"
"hakan.clynmans@edu.tbz.ch"|"M3pUom-K9npEb-wvR8jY"
"wa.macdowal@edu.tbz.ch"|"TaJoa7-zqjp6s-QYEyG@"
"venus.hatrey@edu.tbz.ch"|"qVZxFf-%5XPnO-bX7@v$"
"anaelle.vispo@edu.tbz.ch"|"%eEUOS-8E0JJa-t9gZiE"
"mahelie.ollcott@edu.tbz.ch"|"eX8$@q-n67vU1-NuT%Mr"
"mediamass.whyman@edu.tbz.ch"|"aTai7L-OHARbe-QM&7@V"
"esbjoern.basson@edu.tbz.ch"|"WXx#js-h0ZMPw-viIW&O"
"andrea.morrill@edu.tbz.ch"|"b%vq3T-ki3dyF-mi2cQN"
"melys.grassi@edu.tbz.ch"|"FA8%SB-4J6Azm-otj#y$"
"leone.poleye@edu.tbz.ch"|"h2JdQk-i5TYPJ-lCKLsq"
"francoise.penny@edu.tbz.ch"|"2Ajkbb-O@fXyr-Fkg12%"
"rebecca.edney@edu.tbz.ch"|"RsK2fC-xb3ERB-KhyGez"
"adelaide.murtagh@edu.tbz.ch"|"x72cNa-l01&E7-XWsd9B"
"stevina.winterbourne@edu.tbz.ch"|"6cPUq@-$uRKHR-WLsFFw"
"ma.cottom@edu.tbz.ch"|"$e5Git-PGjBbb-Z24diP"
"tan.harold@edu.tbz.ch"|"4Alv20-Yi#VdC-pMnDo3"
"venus.forte@edu.tbz.ch"|"lZXZCp-akEpD1-Nm8AOd"
"almerinda.oluney@edu.tbz.ch"|"rSDFrH-Cwxg1v-uvAa#&"
"cleopatre.brehault@edu.tbz.ch"|"4UjirJ-50jaJc-xknqwN"
"interessant.lapides@edu.tbz.ch"|"R9rcvB-Oyu0KJ-%H1R7A"
"reserves.hallatt@edu.tbz.ch"|"XJV0%M-bscMnv-%uFu3j"
"annotes.birdwhistle@edu.tbz.ch"|"JTONlo-rUl7QQ-@fg8cI"
"ai.dredge@edu.tbz.ch"|"M%nrmt-fqaeE%-jxhX5W"
"megane.mussard@edu.tbz.ch"|"%kzeOD-pK2TeB-LOzrdo"
"esbjoern.gowrich@edu.tbz.ch"|"%5K$vr-GCi3nO-4A2DZk"
"boerje.brislawn@edu.tbz.ch"|"qTkls1-3I7v0a-uiyjaM"
"becassine.wilce@edu.tbz.ch"|"Yp83JN-8WTTzM-M9ku2D"
"personnalisee.oels@edu.tbz.ch"|"UmxEaU-Y%zOp0-ZvuX3u"
"verane.pett@edu.tbz.ch"|"m16w$&-crBKCR-QBbz&D"
"marylene.glewe@edu.tbz.ch"|"j@TFn#-K0dtqO-YDHl7B"
"lai.elson@edu.tbz.ch"|"IB3n&l-ytq9wr-wqNX%K"
"serena.difranceschi@edu.tbz.ch"|"camE26-mQNSDy-5t%ztZ"
"lie.espinel@edu.tbz.ch"|"ccl9U3-&tq$%0-teKs%H"
"marylene.fantini@edu.tbz.ch"|"eUjK3@-S@yZIQ-vZxQz#"
"andre.archdeckne@edu.tbz.ch"|"phetQ0-bHRP3%-PbRrPj"
"goeran.bohlingolsen@edu.tbz.ch"|"oSBma3-w5hfNl-YHqCJ1"
"cunegonde.heffer@edu.tbz.ch"|"SVi05v-snvfiT-ZZ64XP"
"tan.fechnie@edu.tbz.ch"|"FwgO@s-tOVa3F-kUrIhA"
"marie-noel.brammar@edu.tbz.ch"|"KswWkJ-AO0E3Y-KLo4Z4"
"simplifies.aven@edu.tbz.ch"|"eCdZsf-FvRJi5-mJM#@V"
"melys.pinchen@edu.tbz.ch"|"yfke@f-MYJhSV-f8rjXO"
"edmee.joyner@edu.tbz.ch"|"CvdMyx-m&eTOc-U3Ld$0"
"berengere.edess@edu.tbz.ch"|"plIWBM-IjhRAD-kwRtxv"
"marie-noel.goward@edu.tbz.ch"|"TjgpwZ-WrKb9r-$Ufrll"
"ju.edmons@edu.tbz.ch"|"KfRtul-xPqTCw-UW&bTa"
"frederique.airds@edu.tbz.ch"|"OIj&mj-n5XKtT-tYjt8l"
"reserves.dauby@edu.tbz.ch"|"@&#wRi-dLR8Io-%JLi2$"
"hakan.gynni@edu.tbz.ch"|"0LZh$8-olRNYP-MBwLlA"
"leonore.pinwill@edu.tbz.ch"|"fZyjs9-yyXoZY-y&eqoQ"
"marie-eve.mcallan@edu.tbz.ch"|"om2A6d-uyf9uJ-sUyD$4"
"naelle.yeabsley@edu.tbz.ch"|"J2CDAi-TrwH5U-ugpoEE"
"nelie.jacobovitz@edu.tbz.ch"|"UhAPgl-6H%qtj-s6l499"
"adele.conelly@edu.tbz.ch"|"qDo#V6-UWiCVa-buJhxi"
"clementine.dondon@edu.tbz.ch"|"$aSSza-#lbMOG-Z@mvcR"
"zhi.willcot@edu.tbz.ch"|"j#o4sO-8HSMHW-SXP$&i"
"chloe.janicki@edu.tbz.ch"|"qIUm3i-ALW0nQ-1i1L0L"
"meng.linde@edu.tbz.ch"|"fyDALb-NoJnYN-j4pnsf"
"celine.janisson@edu.tbz.ch"|"Z4yky2-#j2fup-A5jWCK"
"clelia.crow@edu.tbz.ch"|"%BI9q#-NuXxng-Q62Bl#"
"cecile.pyott@edu.tbz.ch"|"Ih1Kf0-i@w71m-pFU@00"
"ma.fidelus@edu.tbz.ch"|"VhEMhi-#OSpE4-MFp0zI"
"marie-helene.poore@edu.tbz.ch"|"o6gOsK-mgjrTF-0MROg9"
"elies.blanket@edu.tbz.ch"|"zmUog2-MLP3Sj-IstHKi"
"yu.boyer@edu.tbz.ch"|"IqgBS&-AMZL&e-k5QUAZ"
"celia.welds@edu.tbz.ch"|"s7O6&1-7o3qJu-XTwVbR"
"du.gunney@edu.tbz.ch"|"f#%cgf-X6qmX#-6crl9c"
"goerel.crush@edu.tbz.ch"|"Bp1oDh-bwL2iL-xYsqGZ"
"marie-josee.brosius@edu.tbz.ch"|"JVI11H-ALhD6l-ZenpXm"
"camelia.adds@edu.tbz.ch"|"l5QzuK-3w3ry&-qKMhuj"
"anae.irwin@edu.tbz.ch"|"APTX7b-cpYpY1-c4wjfl"
"cleopatre.skeffington@edu.tbz.ch"|"UuePXp-9Bjh7d-lAQ3A5"
"gerald.suggate@edu.tbz.ch"|"zMv52C-kCQkxj-FFIN%L"
"laurene.tailour@edu.tbz.ch"|"fp&x$t-1EGdsG-SjW10w"
"amelie.hoble@edu.tbz.ch"|"fd&yoQ-U%V3GC-Q6yr&q"
"venus.getch@edu.tbz.ch"|"eSTK&9-fVEpQY-Vz2lgV"
"renee.treby@edu.tbz.ch"|"rc8lpn-ENnsTG-1NkRcX"
"almerinda.stait@edu.tbz.ch"|"RDwe&#-ET0JxP-7jEKJV"
"andree.reddecliffe@edu.tbz.ch"|"hF9zw1-kya7QN-iuNtfN"
"leone.wintle@edu.tbz.ch"|"VK82Sa-n7rPHr-ZPQjvD"
"gerald.fellow@edu.tbz.ch"|"B%x0AT-uC74l7-J8it%T"
"ju.gudger@edu.tbz.ch"|"ZrMjEJ-i&NuRq-P7jlR1"
"meng.ohaire@edu.tbz.ch"|"kHCxQz-j9crB#-g5JU3A"
"cleopatre.missington@edu.tbz.ch"|"TonVfB-r5eJp8-wiUptF"
"annotes.debruyn@edu.tbz.ch"|"mRvWOE-z5c%5M-oMjarK"
"gerald.sinisbury@edu.tbz.ch"|"gRzMN1-9rDxfX-udVGiS"
"creez.slora@edu.tbz.ch"|"HhQMSr-eOPWrv-8NcHIO"
"gisele.benbow@edu.tbz.ch"|"vr5%hd-79zzzV-Nw8Ovu"
"pal.dossit@edu.tbz.ch"|"Q0kac&-M%OarT-JWUFdT"
"nelie.stirrip@edu.tbz.ch"|"yC3Lbq-wCixVb-WT0MiP"
"alois.ocrigane@edu.tbz.ch"|"MpEYp#-ifQZJ1-95e@6o"
"kui.mcterry@edu.tbz.ch"|"z5t9pE-pfJEva-aSuKWp"
"long.willgoss@edu.tbz.ch"|"9tDqG4-PcGvYu-STtr0x"
"francoise.sumpner@edu.tbz.ch"|"0zsy78-6fcqTc-#W2ecY"
"maely.grinstead@edu.tbz.ch"|"kgw66s-bgEl7T-YLPH%v"
"creez.langeren@edu.tbz.ch"|"lWeDM0-4ENvm%-IUpV&U"
"adele.dungate@edu.tbz.ch"|"vPpc#q-Vn2pY$-tGYw7X"
"cleopatre.noirel@edu.tbz.ch"|"uXJEgV-@45jNA-eVAHSO"
"interessant.daverin@edu.tbz.ch"|"SSmYA5-yW6hck-wp9svZ"
"naeva.kalderon@edu.tbz.ch"|"%xYioM-NhD7xO-P0rqXG"
"anais.oshesnan@edu.tbz.ch"|"Q07MgV-vMzs8O-Q9txUk"
"judicael.anelay@edu.tbz.ch"|"yU98zu-HUo11k-U0a9fX"
"eloise.braxton@edu.tbz.ch"|"zIZ5nc-AexYKW-yJfZmf"
"desiree.greguol@edu.tbz.ch"|"GhlXvc-wn1#Yk-2OSkYx"
"maite.mcclenaghan@edu.tbz.ch"|"RaiuwD-gtFZ2p-Yp&8hc"
"meng.doret@edu.tbz.ch"|"EiCf3Q-BQ31pM-uLsi5C"
"frederique.chippendale@edu.tbz.ch"|"VK5lqB-#vzC$M-SorarW"
"andreanne.lanney@edu.tbz.ch"|"jAeAlG-c0puwi-vQda8U"
"aurelie.claus@edu.tbz.ch"|"HAscWC-PpgA0z-@0BRvq"
"renee.pabel@edu.tbz.ch"|"yx7oLH-8CxgLa-LoHVxG"
"maena.roust@edu.tbz.ch"|"d49D5$-P&@FNN-mFGUg1"
"nadege.carwithim@edu.tbz.ch"|"oBd2$w-k&2XkM-ydTo#A"
"solene.geyton@edu.tbz.ch"|"o1gVz7-YHHi@u-2k5Thz"
"dafnee.avraham@edu.tbz.ch"|"gpSqZG-&Q@m5n-muYzwa"
"leane.woolvin@edu.tbz.ch"|"Uth1#H-#cE4k1-rJOZOj"
"adele.macadie@edu.tbz.ch"|"xtQKjH-3OGiUu-NuyYzU"
"meline.rubica@edu.tbz.ch"|"wU&yT5-AgQ3y8-k$zaaV"
"marie-noel.speeding@edu.tbz.ch"|"6qomGM-p6JkRi-LDGDuO"
"nelie.mix@edu.tbz.ch"|"kOu4OZ-mIlMk5-UmKuE5"
"clea.ollett@edu.tbz.ch"|"&#q4yW-&zos4p-3kLIB5"
"leandre.mcgavin@edu.tbz.ch"|"9yreOn-NzPCGb-eiqP6v"
"cecile.behne@edu.tbz.ch"|"86cNTf-hZMqq2-pYAtyf"
"melanie.polle@edu.tbz.ch"|"XxHaWv-db0E0U-5iuQIj"
"marie-josee.titmuss@edu.tbz.ch"|"%$CM@b-fbGiyL-3jYUSH"
"helena.guest@edu.tbz.ch"|"vXuUok-9LNvfU-khYeVk"
"annotes.chicchetto@edu.tbz.ch"|"JtalpD-BLs1Z&-q$e3Gu"
"melia.tubb@edu.tbz.ch"|"Te6TNz-ttmgBM-WMsbkQ"
"angelique.casetti@edu.tbz.ch"|"kY7K0L-OJtzE1-FNHIg9"
"cunegonde.cleall@edu.tbz.ch"|"93vG3b-TzW6zE-YcLQi&"
"camelia.oaker@edu.tbz.ch"|"q0aT&b-J3mz#j-oOSVmh"
"you.searight@edu.tbz.ch"|"qWI2OG-@s0suN-j5H@P5"
"kevina.dederick@edu.tbz.ch"|"yuMve3-tX@R3y-EJH#vd"
"milena.jeffrey@edu.tbz.ch"|"a&Mog9-Vl0Kw&-fq56AY"
"melodie.barkshire@edu.tbz.ch"|"e@aEYL-lIRuxE-7OLZI$"
"gaelle.kreutzer@edu.tbz.ch"|"eE5f2$-DHKP$0-VsEGXC"
"kalliste.kleinpeltz@edu.tbz.ch"|"zrDbN7-bjrVqv-pS3ZLT"
"clementine.danat@edu.tbz.ch"|"bguFhK-Fr$78z-LiWYjr"
"andrea.wabb@edu.tbz.ch"|"WD&UAn-N$#z9m-Mf%bEm"
"geraldine.piesold@edu.tbz.ch"|"zXaUfK-4jQNSH-eO0zZf"
"tan.fiveash@edu.tbz.ch"|"ziRjgB-DbEL6x-7E8vMW"
"meline.yuranovev@edu.tbz.ch"|"KeCkXT-z1DjwO-1KLzi&"
"therese.holme@edu.tbz.ch"|"DvYoPP-6Q%yRD-X#qjFO"
"salome.vaney@edu.tbz.ch"|"Z4ZRjI-TTgX0i-o4QBV8"
"anae.abramson@edu.tbz.ch"|"YqH@nC-bIShXg-m8FpX%"
"kalliste.jimson@edu.tbz.ch"|"Z%yWZc-q%e56z-GxiXZ0"
"selene.yole@edu.tbz.ch"|"vvybz3-Zc0BV4-sLy3Du"
"agnes.defraine@edu.tbz.ch"|"M$P5Fk-9@kVle-lnjRq7"
"faites.mccluin@edu.tbz.ch"|"h9CAmA-IP7tkt-b@aEg1"
"athena.deme@edu.tbz.ch"|"sETOdu-NGVm5f-M#Mlcv"
"daphnee.brigstock@edu.tbz.ch"|"vH@rEx-1h6pid-qfs66k"
"goesta.skaif@edu.tbz.ch"|"SCpeU$-VcRbLV-idkgwj"
"oceane.jagoe@edu.tbz.ch"|"Y&gifz-i0t$2G-RmKhTX"
"annotes.broomhall@edu.tbz.ch"|"Paj7eh-rgrCi7-hX6k3m"
"marie-eve.ballendine@edu.tbz.ch"|"YNnFEt-mQc$dg-01Rc9&"
"melina.spykings@edu.tbz.ch"|"4EMyFg-FR$3Th-itj@js"
"laurene.ticehurst@edu.tbz.ch"|"7$9Bl9-dqK$T4-GPnzOj"
"fei.avramovic@edu.tbz.ch"|"5$FiG2-sSLBbF-#W2c2d"
"publicite.strathearn@edu.tbz.ch"|"v6zbb0-rIU2We-UeFCLa"
"torbjoern.garrow@edu.tbz.ch"|"$TRLrQ-TTCH%P-PwvOQT"
"chloe.rubinsztein@edu.tbz.ch"|"t8aP7Y-oXT6h8-o5KUN8"
"mylene.demanche@edu.tbz.ch"|"%f5hh6-ytyRuX-c0GZgy"
"mediamass.godlonton@edu.tbz.ch"|"n9cUph-0V85&B-wSLvdp"
"renee.shurrocks@edu.tbz.ch"|"&fk7SE-Jew8iJ-2AOquy"
"maiwenn.jedras@edu.tbz.ch"|"CJm$p2-M4z3aO-jTeZxC"
"genevieve.castells@edu.tbz.ch"|"Pvql55-Ggl6o8-Aak0@y"
"renee.sneden@edu.tbz.ch"|"4dKaFV-v5&V10-eGLI8s"
"lai.mccallion@edu.tbz.ch"|"1aAWqv-F@81Wn-ackBB4"
"kevina.impleton@edu.tbz.ch"|"fj%tbo-erBhpu-K#Cnud"
"oesten.fresson@edu.tbz.ch"|"S7Fkv#-YT%fec-0W@x5a"
"verane.shawley@edu.tbz.ch"|"D#2yh0-5XCMp2-ZLFqCY"
"uo.sjostrom@edu.tbz.ch"|"pKfs$b-obE4cb-H7c#2B"
"gisele.gothup@edu.tbz.ch"|"ChrVhv-Sdg%Gg-&U$tKc"
"renee.beauman@edu.tbz.ch"|"Vc5oxL-CMWRm7-vMihsI"
"elies.loton@edu.tbz.ch"|"yGTPSD-aYEPmB-WRZT4x"
"valerie.elsmore@edu.tbz.ch"|"q&@ybW-CCHNkT-TVu0PG"
"berangere.delafeld@edu.tbz.ch"|"WWlqOz-OFfRF4-FYnDRE"
"bjoern.schimke@edu.tbz.ch"|"uZwYo%-T$tEFX-MFKs7L"
"loic.ericssen@edu.tbz.ch"|"&W4MbR-MdHahI-oVDZVM"
"creez.richarz@edu.tbz.ch"|"QVry%9-%vxDTe-ApWj6t"
"athena.grocott@edu.tbz.ch"|"atMX0l-$8ZKD5-&c%QJ@"
"naelle.piotr@edu.tbz.ch"|"@Y5f51-IPVpPU-aJGLO5"
"maella.paulson@edu.tbz.ch"|"gHp66W-FNyLZa-#wLCrJ"
"song.perot@edu.tbz.ch"|"NY#0Ax-&tSsQ$-sQBHTP"
"kalliste.heckney@edu.tbz.ch"|"e$oS2#-@cfnx#-&RRlgd"
"ake.vasyutkin@edu.tbz.ch"|"4QKk6w-$J4d5t-lI82eH"
"ma.castles@edu.tbz.ch"|"CQVzm9-es%5Z@-gEqMGP"
"maely.monget@edu.tbz.ch"|"NJq1zb-sLTi$7-kQoRbi"
"tang.durbridge@edu.tbz.ch"|"8rsfLH-8q%nmv-oQoWL8"
"laurene.andrew@edu.tbz.ch"|"WBEULk-8xO64f-twL1lm"
"lysea.beacon@edu.tbz.ch"|"kitrJW-5Uww2l-NOxn&I"
"leandre.peyntue@edu.tbz.ch"|"kK$fB8-OnVpHs-Vozy%s"
"rao.trever@edu.tbz.ch"|"U%O0mr-gjisH$-IrYum8"
"mahelie.streader@edu.tbz.ch"|"1Wyb%j-DuHDgm-BdZCxW"
"maerta.andrejevic@edu.tbz.ch"|"nN00Nh-RewggK-fm3O3Q"
"goesta.tompkins@edu.tbz.ch"|"ozzW#h-wtlBY@-0NYsir"
"helena.agates@edu.tbz.ch"|"Jgl3sD-llTf4W-P@05qm"
"therese.glass@edu.tbz.ch"|"6lC9WH-UrJ@IN-WAR8A4"
"alois.foan@edu.tbz.ch"|"Zu@T@&-#1LVu5-icaKvt"
"becassine.melchior@edu.tbz.ch"|"nMktYb-PPp%CX-5gU9lW"
"cloe.robart@edu.tbz.ch"|"6qw@C7-jFI7F6-0fnAwV"
"daniele.puckinghorne@edu.tbz.ch"|"757KbV-HuTwIs-Tsf&n8"
"selene.cammidge@edu.tbz.ch"|"@M8TMl-JpuF$G-c#ZPYN"
"regine.conochie@edu.tbz.ch"|"B1slm&-n0H09J-lm@kNN"
"interessant.tuiller@edu.tbz.ch"|"a%77xD-zRfKdx-aczn5a"
"long.tiebe@edu.tbz.ch"|"tdloKx-8nzrmQ-VUq6eX"
"mans.yele@edu.tbz.ch"|"DGOa5&-AQ8vlY-7wGFx2"
"ai.giles@edu.tbz.ch"|"l2RIIS-2GRydH-frkJ%b"
"gaetane.hamberston@edu.tbz.ch"|"rWvdeI-4rPTTN-mKuB4j"
"marylene.fenix@edu.tbz.ch"|"K8M4BG-jV0zoO-b05jGE"
"geraldine.graeme@edu.tbz.ch"|"K3E35&-clxy2V-2laMfd"
"tang.kinglake@edu.tbz.ch"|"Ll8f2G-WD&Mdo-KtWWtV"
"lai.challoner@edu.tbz.ch"|"bCxirG-4d$Al4-WUQywE"
"desiree.mattei@edu.tbz.ch"|"MzHgb$-vrlI0v-P982zF"
"ake.erley@edu.tbz.ch"|"4cz1ku-sprQOs-w1qsTt"
"edmee.cavil@edu.tbz.ch"|"rRbFLU-gIfhJ@-mhcSf#"
"alois.moyes@edu.tbz.ch"|"LuzI5L-1$#XE3-isV&ZF"
"becassine.pitman@edu.tbz.ch"|"U1OcNE-ke6%gt-1rDuGP"
"ai.giacovelli@edu.tbz.ch"|"w4J&y9-RXTx9f-L4X2Xk"
"judicael.fruchter@edu.tbz.ch"|"o25%Ft-S9QpPq-@e4Hsv"
"mans.mogg@edu.tbz.ch"|"6GVDIt-q4&%eL-rNj@R&"
"gerald.foyle@edu.tbz.ch"|"Am77fz-$y@eim-xCXb7G"
"wa.androletti@edu.tbz.ch"|"rz#4Pt-lsS91r-yq#gLG"
"meng.ollett@edu.tbz.ch"|"U#hlBI-aJNf7g-%OPNON"
"naelle.macmenamy@edu.tbz.ch"|"lnLc@i-QsPPLi-8VUwMF"
"gisele.mcramsey@edu.tbz.ch"|"KlxRBT-b111wD-yFB75Q"
"meryl.scolts@edu.tbz.ch"|"R06wft-316oiC-wfMqSX"
"celia.bloxsome@edu.tbz.ch"|"31836g-4XGNKM-vvA37R"
"styrbjoern.stuke@edu.tbz.ch"|"C%Wlsu-KA0kwp-VmO06n"
"felicie.gwilliam@edu.tbz.ch"|"SwI35n-VMc%3e-qNIAlG"
"da.harms@edu.tbz.ch"|"40bDFx-8t3D0n-R2v07x"
"celestine.baulk@edu.tbz.ch"|"7v7LBh-@BIosW-U2sBQS"
"mahelie.blackledge@edu.tbz.ch"|"GEs4Ef-vaWbqS-yE7IjI"
"meghane.salt@edu.tbz.ch"|"s#r6tf-fMqaDY-A3P5sh"
"methode.paxeford@edu.tbz.ch"|"MdBVvH-T3dTjx-l5$g&6"
"asloeg.milligan@edu.tbz.ch"|"gluXO&-H%UVdJ-So7KIf"
"you.pellman@edu.tbz.ch"|"a#gykW-LddXDM-8NzqQr"
"loic.regenhardt@edu.tbz.ch"|"gqG#d3-UyO0Gm-h%u@87"
"daniele.savill@edu.tbz.ch"|"aqbjjr-IGLlyu-AqUzZX"
"alois.cornu@edu.tbz.ch"|"CVGtLP-m8OmZS-Rd%4EQ"
"oesten.govey@edu.tbz.ch"|"m1MqfL-XtBnF7-MmqNEN"
"marie-eve.louch@edu.tbz.ch"|"vpIhov-wKJH0b-CtDf@d"
"theresa.wenn@edu.tbz.ch"|"K@jPiv-L2LHVm-#14apy"
"andree.eul@edu.tbz.ch"|"rDdne1-Ma19&5-YfWqxm"
"lie.paynton@edu.tbz.ch"|"zMsPnp-Ar8PmW-CrMXQW"
"marie-eve.girodier@edu.tbz.ch"|"G6RHMd-TDFprb-ujQ6DQ"
"marie-noel.smithe@edu.tbz.ch"|"2rhIeW-XP7WPe-#Mf@hY"
"men.bootyman@edu.tbz.ch"|"O3pxbz-11NidI-WGEZ4n"
"ku.sugg@edu.tbz.ch"|"RTT8Ox-@5UHZO-4PAtAX"
"lucrece.roseman@edu.tbz.ch"|"KEZ1Do-9LJPfD-NsWnY4"
"zoe.annear@edu.tbz.ch"|"@#cf97-1&cj5s-LhQ0u%"
"marie-helene.rennebach@edu.tbz.ch"|"BmlLxs-PAr@d$-1JC&Lx"
"lea.djurdjevic@edu.tbz.ch"|"KEufJz-aS@xMk-4TVsXR"
"goerel.robert@edu.tbz.ch"|"CxryyA-f3a%rf-waSgZz"
"mylene.foldes@edu.tbz.ch"|"V6YYMW-$XxzKc-Qyw0Eo"
"faites.clegg@edu.tbz.ch"|"rFqhv7-w0n#mc-6oonGD"
"marylene.crowcher@edu.tbz.ch"|"V7JvET-L4&foL-YQaZbh"
"aimee.wimpeney@edu.tbz.ch"|"v8e05%-ppgHTP-Jpap9x"
"renee.atkins@edu.tbz.ch"|"o0r4Ij-mw@SxB-4SR#G1"
"rejane.cainey@edu.tbz.ch"|"wwnE&7-Uibv7m-NrRTX8"
"solene.britney@edu.tbz.ch"|"clHFig-Y7lbpw-Zo2SND"
"marten.shatliffe@edu.tbz.ch"|"IIqb7P-XLNQRk-p9yDfp"
"maite.issatt@edu.tbz.ch"|"BpVlgk-CXuE8H-tE76Ea"
"maelyss.edon@edu.tbz.ch"|"kAVg8B-xLnBcd-sSwFGi"
"nuo.bamling@edu.tbz.ch"|"y#Zcg&-843nvL-FgKVZu"
"anais.edards@edu.tbz.ch"|"COBF#a-DgY@69-EkN2@g"
"mediamass.bromet@edu.tbz.ch"|"lhMtEv-kxmsqy-5OpVUJ"
"beatrice.kimbrey@edu.tbz.ch"|"n1LKP0-KAE#9&-otczBO"
"ines.lawranson@edu.tbz.ch"|"$OiNy4-k$z3El-BZWzGW"
"kalliste.scandroot@edu.tbz.ch"|"8xh84V-IGwaBf-Bj3rpM"
"mans.barrowcliffe@edu.tbz.ch"|"dg8CTK-w$K&la-sJ8NDG"
"irene.couves@edu.tbz.ch"|"gw7kBG-eSCMT1-vaqVk9"
"milena.mucci@edu.tbz.ch"|"P6u3Ut-dZQU3x-oWLdsC"
"naeva.cow@edu.tbz.ch"|"VZgqeu-8Tp7HI-c0LfBX"
"audreanne.mournian@edu.tbz.ch"|"PKdeCt-Nw@Os9-qruJqx"
"melia.sinnatt@edu.tbz.ch"|"$0cPJo-o4a823-f84BaF"
"nelie.burnard@edu.tbz.ch"|"SvvD@m-JaMzww-NSvkC8"
"clelia.ashfull@edu.tbz.ch"|"8$wqBL-VNM6LA-Z&WEHR"
"lie.macard@edu.tbz.ch"|"&pzPYD-A14T&V-yvRzXg"
"valerie.matoshin@edu.tbz.ch"|"3XvjFs-zH0l9A-Op4LPO"
"anael.hatherleigh@edu.tbz.ch"|"jxOBMq-2N#ycJ-NAqQVi"
"interessant.warratt@edu.tbz.ch"|"51KQzC-RYhT@J-fl&oW8"
"eleonore.volage@edu.tbz.ch"|"SwSY1n-qJEqYs-I@MY2F"
"zoe.stebbing@edu.tbz.ch"|"yE6yom-cAlM@g-n3MkDc"
"alizee.nye@edu.tbz.ch"|"P&Ua6C-rJOq7l-M9ptkS"
"celestine.bramley@edu.tbz.ch"|"flRPKu-bbzV97-yZen9G"
"selene.philcott@edu.tbz.ch"|"Xt4Umr-qYOkme-m2P3dK"
"tang.newens@edu.tbz.ch"|"x2Kp6f-7hOrid-dyWTjL"
"annotes.powys@edu.tbz.ch"|"wB@769-6H%f3C-bpmAMY"
"lea.matthesius@edu.tbz.ch"|"7FC21n-j6uUyo-$bO3Ub"
"illustree.garlett@edu.tbz.ch"|"H&MdHd-D08Ww3-CovGz6"
"maiwenn.meachem@edu.tbz.ch"|"in0q77-EX2FKl-X$sJp3"
"marie-francoise.mcbrady@edu.tbz.ch"|"pGGX%I-$DaSdI-LwkAS2"
"illustree.gimbart@edu.tbz.ch"|"vWstIi-ZBeLUL-NklXzJ"
"melys.lyosik@edu.tbz.ch"|"AAp$&h-xmxojj-5ghj1W"
"marylene.mcnab@edu.tbz.ch"|"fK9h&D-WlhQX0-xd3mVy"
"gerald.blount@edu.tbz.ch"|"H4yF6r-VP7S3t-V$kGhV"
"clelia.shakelade@edu.tbz.ch"|"wj6DIB-gYDzMx-TIbCiZ"
"penelope.cridlin@edu.tbz.ch"|"GTq#XM-8tEsKA-%qYvwF"
"maena.okuddyhy@edu.tbz.ch"|"rVepAY-Phld#j-Oc3jRA"
"athena.keynd@edu.tbz.ch"|"Dd1aJA-S4&Qdz-AWpHpZ"
"cloe.dwine@edu.tbz.ch"|"tXKTdG-dLSLiI-umNpgy"
"josephine.browett@edu.tbz.ch"|"0@9Zm$-CNb0dz-yhfrzV"
"audreanne.oscanlon@edu.tbz.ch"|"JiSdJQ-o7AWL3-i7Bye2"
"fei.jeanequin@edu.tbz.ch"|"AzrRRy-bjeAAS-mp8iN6"
"lois.gormally@edu.tbz.ch"|"PTJH7o-PQRMCj-h6b%YA"
"marie-francoise.finnigan@edu.tbz.ch"|"4VQopK-6dzwDf-tK@Gf3"
"leonore.trussman@edu.tbz.ch"|"q$2Ql8-XJoVft-C&Xue@"
"anaelle.trumper@edu.tbz.ch"|"lYk8PE-MyWdCe-H$bp3d"
"clemence.dionis@edu.tbz.ch"|"doM#W@-nDl0BZ-$jUQ8y"
"lois.tranmer@edu.tbz.ch"|"BXM5fj-AR9Irh-MXDvnw"
"interessant.volett@edu.tbz.ch"|"qYJj#G-At&WCV-RPpLTF"
"personnalisee.deackes@edu.tbz.ch"|"jA9WuE-qat5Wf-nNClBV"
"lie.vasiliu@edu.tbz.ch"|"ihb9wW-6HctnE-2ayLzt"
"dafnee.lamputt@edu.tbz.ch"|"1y8601-mY4SmL-G1DIQ6"
"elies.bromige@edu.tbz.ch"|"D$S%pj-c1RIeY-itjb0H"
"helena.klosser@edu.tbz.ch"|"rboOgi-FT&6m3-uQsRtd"
"andree.grim@edu.tbz.ch"|"DvCzWx-B7FYQb-AMNuiD"
"verane.coldbath@edu.tbz.ch"|"2TL4@J-0pJDd3-qyFGf3"
"helena.bethell@edu.tbz.ch"|"5EEftI-@nGama-72TlX&"
"kalliste.carefull@edu.tbz.ch"|"9mi1hK-zCgu%L-EZqDtN"
"regine.odams@edu.tbz.ch"|"IpAiU5-EnkhG9-W%%sJp"
"len.stannus@edu.tbz.ch"|"DCWWK3-6trP4N-$DJ77W"
"angelique.works@edu.tbz.ch"|"uDMd7B-VcFER1-TOqDbV"
"goesta.rheaume@edu.tbz.ch"|"OzDcI$-eCte1j-6M2uby"
"maelys.tynnan@edu.tbz.ch"|"Cml7D2-zq520s-6dLT2T"
"maelle.carlesi@edu.tbz.ch"|"oZgq9@-0MULOc-8GfSSX"
"anael.spurden@edu.tbz.ch"|"tZ&ytk-eIx7Y%-me#Y90"
"helene.pumfrett@edu.tbz.ch"|"nN1wxG-cWgvGw-d9ae$f"
"goerel.pearn@edu.tbz.ch"|"ddP##f-2uYJPa-z#1JsB"
"laurelie.dezamora@edu.tbz.ch"|"HEUF&Y-62%e4H-&6%ta$"
"yao.twidale@edu.tbz.ch"|"MLNt#A-8l4KcX-1Z%1sD"
"berengere.sola@edu.tbz.ch"|"WoDb%W-fvE%td-XYA4eC"
"maelann.hardistry@edu.tbz.ch"|"melb16-CFY2y9-NicTa2"
"severine.littlefield@edu.tbz.ch"|"p@iCOu-f4noT%-un0HWL"
"salome.heinl@edu.tbz.ch"|"Mo#LRr-TBV%FK-jb1cmF"
"meryl.warbey@edu.tbz.ch"|"nVH$hK-08n$3c-%437h@"
"da.hunstone@edu.tbz.ch"|"%f$p8C-KvlHmX-oMsG2D"
"venus.broadbury@edu.tbz.ch"|"$BUZCt-vcuoxF-71h406"
"meghane.rentelll@edu.tbz.ch"|"#WWP6C-MQ6rBp-3KCb5k"
"marylene.drewitt@edu.tbz.ch"|"gWmH#t-3dg#S3-fHUHzb"
"melinda.jacquemet@edu.tbz.ch"|"GQdUUf-1jd5V9-sU4K9a"
"marie-josee.keyden@edu.tbz.ch"|"dc%QKo-IDJWsG-K0&D$u"
"asloeg.montacute@edu.tbz.ch"|"hAvQdg-sO1Fel-Ew7DOX"
"ku.andreou@edu.tbz.ch"|"k0tH7y-rQkNkC-&4LCkQ"
"personnalisee.feaveer@edu.tbz.ch"|"5Tkr2u-$d#fCQ-tpTa1a"
"laila.emptage@edu.tbz.ch"|"pFTFRG-$0pjOL-fvKLRu"
"bjoern.dawdry@edu.tbz.ch"|"uZI%Xj-n6YQeO-98kFaq"
"marie-eve.dinsell@edu.tbz.ch"|"7zC2O2-g73Ump-RwDm7%"
"helene.follett@edu.tbz.ch"|"TR#r6o-OGb@1E-8mBCUu"
"penelope.cordero@edu.tbz.ch"|"dVgQpU-c2pUCE-HjBdZT"
"boerje.beedell@edu.tbz.ch"|"HbV0pI-h3Kn1g-J2#EgS"
"nelie.ferne@edu.tbz.ch"|"eUQfBm-53yZO4-gws@@u"
"celine.ahmed@edu.tbz.ch"|"AkQRfQ-A34#ui-YLb7g%"
"stevina.pimblett@edu.tbz.ch"|"zWVJW@-6SWteL-QSo7p$"
"chloe.langlands@edu.tbz.ch"|"tb75A&-EeFMXC-VUKFch"
"simplifies.maude@edu.tbz.ch"|"1x6Hgk-V%fyf5-npFBhC"
"genevieve.decarteret@edu.tbz.ch"|"K$5RY7-JXmCQQ-naNVxe"
"marylene.mughal@edu.tbz.ch"|"$%$3B0-V5VsUs-iz0KNi"
"goeran.guttridge@edu.tbz.ch"|"hJDnLL-q1a8vi-wvS8pj"
"michele.smurfitt@edu.tbz.ch"|"MxEDO@-l1F#@h-h3sXHu"
"methode.hadeke@edu.tbz.ch"|"qIF3Mj-s1AAiW-wQHx4t"
"therese.rispine@edu.tbz.ch"|"RewHyW-x&AykT-x%R3Oe"
"goerel.plumley@edu.tbz.ch"|"u2XHwS-#ptlVB-TpcIh@"
"oceane.friett@edu.tbz.ch"|"qc@3NQ-@M#YJO-92IsUx"
"marie-noel.achromov@edu.tbz.ch"|"2BP2a9-6vEJY@-EWrgZ3"
"dorothee.storek@edu.tbz.ch"|"auI@4#-IOcnOO-f#XLrY"
"goesta.whittle@edu.tbz.ch"|"IGb8pQ-82q62L-U5dj@s"
"desiree.casely@edu.tbz.ch"|"XVC8iq-SeYNYa-PPYCgM"
"felicie.condon@edu.tbz.ch"|"8NOdRr-piBI8e-12dwt$"
"maelyss.frisdick@edu.tbz.ch"|"fujq05-wZP$Ou-thUzEG"
"aimee.banke@edu.tbz.ch"|"6&RzaC-&&5W4m-MxqXJF"
"naeva.hodcroft@edu.tbz.ch"|"UrP$I4-6O5LdH-cO#28i"
"laila.gerrans@edu.tbz.ch"|"@q%$Vt-%oha9A-R0XTpC"
"daniele.scrimshire@edu.tbz.ch"|"#l#%W1-m3dqIy-C1l@K6"
"daphnee.sheerin@edu.tbz.ch"|"6gdOdG-pktqLB-6uUqi$"
"pal.vanyukov@edu.tbz.ch"|"o@AXAx-bcHVtW-CkQUru"
"zoe.childs@edu.tbz.ch"|"YNyTuy-f@FRfk-YcDtJM"
"ai.corde@edu.tbz.ch"|"fPBzjM-m2XQ4T-x6Uc8j"
"maelys.berryann@edu.tbz.ch"|"g7oIP8-gveSJg-hgRkej"
"cloe.gladding@edu.tbz.ch"|"m@9Tpd-GInq29-6wb0W%"
"wa.kinnaird@edu.tbz.ch"|"mARgyh-WeiyRM-L6bDrv"
"publicite.brittoner@edu.tbz.ch"|"9HgJdb-etTyfq-VWLty6"
"rao.windress@edu.tbz.ch"|"FPqRJf-qpueMv-t0hvNL"
"uo.kollach@edu.tbz.ch"|"5FXw&Z-J41kIj-i2mCTF"
"josee.peskett@edu.tbz.ch"|"XCu1En-Nd&LCZ-6zj7fY"
"annotee.hasel@edu.tbz.ch"|"BdcGbM-ZW3CEI-%3iZkT"
"cinema.lee@edu.tbz.ch"|"9Tpss2-LsucFR-VnykVH"
"lai.vedeshkin@edu.tbz.ch"|"lx1mW0-tOabql-PfAYme"
"renee.brisbane@edu.tbz.ch"|"5nBkRc-MwQfnj-S8ZQXo"
"ophelie.blincoe@edu.tbz.ch"|"ON#h6u-DYLz$X-ds0ps5"
"zhi.prazor@edu.tbz.ch"|"@&t5zB-2d7xYw-52w%WH"
"annotee.maddicks@edu.tbz.ch"|"n$LGpP-wUQCAK-XSSP4p"
"maelyss.codd@edu.tbz.ch"|"i8x#v#-mP%z81-vW4rTE"
"celia.peplay@edu.tbz.ch"|"Ns%xsz-@z&jVF-fDyXt%"
"interessant.skone@edu.tbz.ch"|"2%cSah-oqL%Ng-uSGS&#"
"audreanne.hebdon@edu.tbz.ch"|"SoE2&b-tCE81C-4Rwj9B"
"oceane.glen@edu.tbz.ch"|"ce5jDD-yI1yT8-%lbcj0"
"daniele.vanyushkin@edu.tbz.ch"|"9N1GK7-$ykI%u-Ow7yB0"
"daphnee.ayce@edu.tbz.ch"|"HELpkV-1L7zGA-WG39Hf"
"andrea.attride@edu.tbz.ch"|"n%G$1e-jRERXq-gzYoyk"
"penelope.bridgwood@edu.tbz.ch"|"tkyu$X-vZA0CO-s5DX%S"
"mailis.drewitt@edu.tbz.ch"|"bRnmmU-QiH&IN-BLCOc3"
"penelope.mollene@edu.tbz.ch"|"9m&HQG-VmMps2-89gSeh"
"illustree.keely@edu.tbz.ch"|"KfWD8x-2jc05j-yowhjp"
"meng.brisseau@edu.tbz.ch"|"XT6#6b-KPzx3D-@uKn&T"
"ruo.cleiment@edu.tbz.ch"|"tlN1SW-gAPl8m-ZKv3mg"
"maite.krammer@edu.tbz.ch"|"UwxeFe-Ka$Sd@-CuY#@#"
"genevieve.verry@edu.tbz.ch"|"A@zyyu-VvXrk&-rpf42I"
"lea.olochan@edu.tbz.ch"|"zCEbfG-LP6qU2-rGmMcX"
"naelle.brunnen@edu.tbz.ch"|"j1K2kR-Wx7zz7-%MP6k#"
"goesta.bragginton@edu.tbz.ch"|"yVLQws-JWlYL1-IKmmsZ"
"fei.danilyuk@edu.tbz.ch"|"59wnet-rQ9Fq0-xo5Dod"
"adelie.turbitt@edu.tbz.ch"|"eHPlzR-wQGpVu-tJSQlh"
"marylene.nutman@edu.tbz.ch"|"77Ewk#-macqXi-y0NtQZ"
"therese.barbrick@edu.tbz.ch"|"X9s8@6-YtoTuE-2HhHIH"
"melys.kolodziej@edu.tbz.ch"|"@Vlx9L-oEIuqR-vebXh6"
"melanie.runchman@edu.tbz.ch"|"ex9t2J-njoUFG-X7v03D"
"serena.lafond@edu.tbz.ch"|"#6wetr-eiFTp9-Q8uo1h"
"pelagie.desmond@edu.tbz.ch"|"oDRdlA-ntFMBq-8mdsOW"
"wa.spickett@edu.tbz.ch"|"n4JHs$-ii4fRV-TD1RF6"
"po.shave@edu.tbz.ch"|"#ZiX3a-7klgDn-m69Mq2"
"song.huikerby@edu.tbz.ch"|"XlMIIo-qBkQ2U-TlXTYV"
"melinda.bimson@edu.tbz.ch"|"gt2&vP-$&4Bvj-L%UfIi"
"personnalisee.toffanelli@edu.tbz.ch"|"C14Z&Q-Al3sns-1M@rzL"
"leandre.hurn@edu.tbz.ch"|"1zO$pN-Hd1Ayg-wqNiwn"
"oesten.standell@edu.tbz.ch"|"wE#kQ#-kltJxd-YrF7u5"
"naelle.smaleman@edu.tbz.ch"|"FqJWx4-#mhIZE-nV3fs3"
"berenice.tayt@edu.tbz.ch"|"@EOj3w-tSImbm-bAgDd$"
"kui.popplewell@edu.tbz.ch"|"2Fq2np-EsL&Y@-Z&DxZ2"
"melodie.ferandez@edu.tbz.ch"|"XmlYl9-EVNVc0-ePU67Y"
"josee.negal@edu.tbz.ch"|"Y5UI8a-2YHHDe-FOERu$"
"melissandre.ferrelli@edu.tbz.ch"|"F1%gom-poUlwU-sukIT&"
"josephine.kemmer@edu.tbz.ch"|"#P%4@N-sSg7bj-s3Lg9j"
"maely.cayette@edu.tbz.ch"|"8N9HsG-p7aCk8-&Twi%D"
"nelie.vela@edu.tbz.ch"|"ky15KW-ZMiqgB-zDxgkk"
"melina.cortes@edu.tbz.ch"|"NqEO5g-vG3evx-DWNtOc"
"megane.leyshon@edu.tbz.ch"|"hsnJe3-7Z@YkI-@hJBgm"
"regine.harrie@edu.tbz.ch"|"4puxJg-VK9R$J-t@6x3W"
"mylene.widdison@edu.tbz.ch"|"3bbVXY-NrJdvj-cyWwED"
"pelagie.vivash@edu.tbz.ch"|"ZPpYua-aqZ5VC-qYwh2p"
"styrbjoern.vicarey@edu.tbz.ch"|"TYJG80-jJIHsK-Nlyl2K"
"long.kyles@edu.tbz.ch"|"Gbk#UK-5SsObi-sLsXME"
"stephanie.gipps@edu.tbz.ch"|"mxpOH%-nHoAc7-LjgfX4"
"clea.constantine@edu.tbz.ch"|"0LUPnT-jKaXwS-ValL&u"
"maella.cometto@edu.tbz.ch"|"0E#Sf8-&Uyoh0-tfvLjw"
"laila.aubrun@edu.tbz.ch"|"R2wmo#-SrEQ09-f3qW2J"
"yao.austins@edu.tbz.ch"|"d%temw-o%SHSU-BTdr01"
"mailys.rylstone@edu.tbz.ch"|"Dv6r&X-7q&45l-x4PgDK"
"adelie.curuclis@edu.tbz.ch"|"nQs%TX-bYlszi-GAKhvo"
"celine.longhurst@edu.tbz.ch"|"gHSxsE-43uItu-w7A0om"
"gisele.hazell@edu.tbz.ch"|"zNNi&h-BT$1cY-gBajbM"
"celestine.ciccone@edu.tbz.ch"|"aHYAKk-z2fmau-IL7UDH"
"maelyss.doole@edu.tbz.ch"|"uEr0mZ-rD3TxA-0&O5d%"
"helene.grimsdike@edu.tbz.ch"|"CeHEnG-M%%#mV-TLU&kt"
"lie.macer@edu.tbz.ch"|"ZRjrVC-0Ko7OW-P#ev#N"
"maely.izard@edu.tbz.ch"|"BdeMds-lLiKsU-m@$CEB"
"erwei.breewood@edu.tbz.ch"|"&%elFX-oeZLxW-rOVDnW"
"chloe.woolford@edu.tbz.ch"|"G5@RYu-QeVwdt-zTUeZu"
"cleopatre.turpin@edu.tbz.ch"|"e&bwpX-at2yXw-c$G9VB"
"melodie.surgison@edu.tbz.ch"|"iITeaz-NOwSXb-aibB5H"
"elies.leander@edu.tbz.ch"|"Cd7jiN-t$pT5V-WvQnjU"
"mediamass.reignould@edu.tbz.ch"|"PK2EdY-N19&aL-YLhhX3"
"celestine.wasmuth@edu.tbz.ch"|"u&wUVj-qOdF&Z-uh$zN%"
"marten.jervis@edu.tbz.ch"|"CgPn&3-egGc@h-vzJHF@"
"daphnee.bour@edu.tbz.ch"|"9yasu6-YtoTm$-3goWEg"
"regine.harlett@edu.tbz.ch"|"o6fhAW-sPV5qI-Eqlflw"
"noemie.macaskie@edu.tbz.ch"|"3JTD44-Vbl$fe-gE6pvV"
"loic.renfield@edu.tbz.ch"|"7mKIW@-kwBgkl-T&KhAx"
"venus.kleinert@edu.tbz.ch"|"DJAzCL-nPIRhQ-SoRd@d"
"marten.burlay@edu.tbz.ch"|"@JWCFN-K%dmbR-3Wy%$Z"
"berengere.radsdale@edu.tbz.ch"|"xmyr37-OISuka-VT5qXn"
"genevieve.duckit@edu.tbz.ch"|"FlKO0z-v1$zTn-G76W%K"
"maely.ligerton@edu.tbz.ch"|"Nlxjn@-8jntMD-khG0kt"
"maeline.ricciardelli@edu.tbz.ch"|"&we&YI-9%eTA@-#@omWN"
"personnalisee.yggo@edu.tbz.ch"|"L0Hf1z-k2V@@#-i3iDzo"
"alizee.pettinger@edu.tbz.ch"|"R4zvDa-v9&NDl-Lw85rh"
"desiree.curnnokk@edu.tbz.ch"|"LK$KXZ-IPhKEv-iVz1zp"
"dorothee.minors@edu.tbz.ch"|"#uihLQ-SqCJLe-GiSKMc"
"oceanne.kopmann@edu.tbz.ch"|"16hNy%-4y502H-E9J1TC"
"almerinda.brodbin@edu.tbz.ch"|"wRRWX@-SK@rTj-3ZBcC0"
"yenora.carsberg@edu.tbz.ch"|"%S$m$o-uaG&Or-m8ZCfL"
"wa.beetles@edu.tbz.ch"|"Bv45UC-SIgrdS-LbS2dE"
"audreanne.abbot@edu.tbz.ch"|"9rCzAf-Jr$gUT-zUAUgS"
"noemie.capper@edu.tbz.ch"|"avmR3$-U6ebi4-hfaU#b"
"mans.abramamov@edu.tbz.ch"|"C$jy#Q-yAIXpY-1wN80v"
"audreanne.blakey@edu.tbz.ch"|"ru8sKy-eXsmLV-dHkOv2"
"leone.klimpke@edu.tbz.ch"|"qVXdNJ-qe8AmF-J5ur&#"
"lie.croston@edu.tbz.ch"|"N@FrbK-RIS2dS-qjbsTC"
"anaelle.baistow@edu.tbz.ch"|"TM$p6L-2qE6Wy-aoo&aO"
"michele.garwood@edu.tbz.ch"|"VrkrPD-gOxexS-oVIuC5"
"interessant.albion@edu.tbz.ch"|"CXdQ5E-UJP62C-QQZCjj"
"andre.brisco@edu.tbz.ch"|"W3A72M-Frej$X-3DvgBc"
"tang.totterdill@edu.tbz.ch"|"hdtZSn-xktWE4-qpV0CB"
"marie-josee.braundt@edu.tbz.ch"|"eagyAB-emc4sK-FwuR5J"
"lois.galer@edu.tbz.ch"|"C$S7tR-I6O7M2-effDjd"
"faites.pellamonuten@edu.tbz.ch"|"Y2xNSz-k&LqNA-AL&qls"
"mai.barfford@edu.tbz.ch"|"WeLCr3-EFQ36$-q2&anv"
"laurene.macilory@edu.tbz.ch"|"a%L30w-d2noRM-O%uEFZ"
"elea.peak@edu.tbz.ch"|"k5DyUA-iW%EN&-M4WAU$"
"rejane.doni@edu.tbz.ch"|"1NzkdJ-@r@AVW-gBAgcV"
"mahelie.ector@edu.tbz.ch"|"sSgo2R-1$lPDq-edHua9"
"rachele.allum@edu.tbz.ch"|"XzzUNc-$O@ynE-#3AyK%"
"laila.gerretsen@edu.tbz.ch"|"ZJqrSO-@6AYkT-A7aClC"
"ines.bowman@edu.tbz.ch"|"tV$Kxt-krIM9Z-MbE#4P"
"publicite.barbary@edu.tbz.ch"|"Zm4NH4-1m2EME-cS#8SO"
"mailys.smooth@edu.tbz.ch"|"khoQ95-JDFqhH-%bPFit"
"mailis.huguenet@edu.tbz.ch"|"AyUsfE-YQm#sY-bdxh%n"
"lea.ewer@edu.tbz.ch"|"RblwuD-ek@7Cc-6jp0El"
