"email"|"password"
"melodie.vandervlies@edu.tbz.ch"|"LFmzfx-6Q2@VG-ou%geC"
"angele.edgecumbe@edu.tbz.ch"|"CY%BmZ-WHC1PU-8BvOGv"
"zhi.andreasson@edu.tbz.ch"|"pV#hXK-Z$oxR@-wjv%C4"
"judicael.koppeck@edu.tbz.ch"|"3YVvUF-eehNvt-Vc&4Be"
"berengere.capron@edu.tbz.ch"|"LAH72b-uuDpHo-eoIQR@"
"leonie.brosini@edu.tbz.ch"|"ebGsKy-4uVUK%-GbGTAZ"
"venus.garfit@edu.tbz.ch"|"avUbwa-wxbAJI-H#V0IE"
"melina.janota@edu.tbz.ch"|"TCl&pc-ul%@7y-S&8V$z"
"laurene.bake@edu.tbz.ch"|"VNtt7&-baRRdo-DfhK1L"
"regine.dorkins@edu.tbz.ch"|"4K%Zy5-PIkvqj-dNhqgG"
"cecile.moffet@edu.tbz.ch"|"Rx#6LH-pnRN17-Dy2Zp0"
"maelann.labrone@edu.tbz.ch"|"G5y9ww-4ic5TL-xx2fsn"
"melinda.newbold@edu.tbz.ch"|"9L$#6l-$#tanV-t1aGRn"
"mans.itzhak@edu.tbz.ch"|"cokv2f-JbhXJr-CeZKix"
"melodie.pattlel@edu.tbz.ch"|"cMmXh%-AJ8L6&-EvL&#q"
"celine.bonett@edu.tbz.ch"|"s6TZLL-rI4x1#-nDwal#"
"adelie.mcgreal@edu.tbz.ch"|"6WI8Bx-oEj7IP-QUglxR"
"helene.soldan@edu.tbz.ch"|"&2WoU1-TKmm3Q-DDf6m$"
"michele.cluer@edu.tbz.ch"|"MseObZ-Of&Qvq-wqKruC"
"maeline.mueller@edu.tbz.ch"|"YNa%Po-jE9fMn-GvUDjI"
"maelann.benedito@edu.tbz.ch"|"M%kDbU-R$1NI8-Pj6jd#"
"nuo.gransden@edu.tbz.ch"|"WA5RoV-oI5ZMr-Bg1b6y"
"berengere.stainton@edu.tbz.ch"|"MREhs%-NE@M7Q-$UQH3Y"
"wa.sabater@edu.tbz.ch"|"no2KF0-oaKLbr-QkhJ&O"
"anais.cochran@edu.tbz.ch"|"2cUhIx-g4fLUY-NSj7ow"
"gerald.bessant@edu.tbz.ch"|"ixoYwV-k%dp5I-i2cb1I"
"ruo.coffin@edu.tbz.ch"|"cAToCH-pssL38-PyxiUz"
"melodie.mustill@edu.tbz.ch"|"bp6W6p-mdcy#P-csIb5O"
"ruo.stanesby@edu.tbz.ch"|"t2iMOb-l6evAc-oGpFhV"
"noemie.antognelli@edu.tbz.ch"|"ZxAN&8-%Xrj4e-qmOjGd"
"maelann.hughson@edu.tbz.ch"|"N7YpDI-SJeLQb-RAqKLy"
"milena.mieville@edu.tbz.ch"|"TUdsSM-9gIi1O-FYoh6y"
"mailys.chamberlin@edu.tbz.ch"|"WEhc9L-p6Xkw9-%7rgws"
"nadege.tomalin@edu.tbz.ch"|"rt&kyI-lTSa25-uR0usc"
"oceane.omara@edu.tbz.ch"|"wBQzM3-MqApNl-QM#R6m"
"cecile.aguirrezabala@edu.tbz.ch"|"mhXFk2-OulE@m-@pGd0D"
"maella.gwillim@edu.tbz.ch"|"SQ%FV7-TNqOKQ-lK4@jl"
"lea.mcgahey@edu.tbz.ch"|"beODEI-hoVQKs-FxCmVv"
"laurene.hagerty@edu.tbz.ch"|"#&l7nN-shh5ng-P77##k"
"dorothee.link@edu.tbz.ch"|"oIUzrd-jO3TGF-Vuw#N6"
"clementine.kynsey@edu.tbz.ch"|"pIivi&-7vwX39-zq8O&p"
"lorene.smitherman@edu.tbz.ch"|"&mOAUm-lG8qmk-UChzBz"
"cleopatre.klulicek@edu.tbz.ch"|"6RnEmj-L%vO3G-ryEPgb"
"laurene.castaneda@edu.tbz.ch"|"blyaQD-pNp2Cp-IUb%3Z"
"melia.constant@edu.tbz.ch"|"W1Gvg2-VkY%Iv-IKLw%%"
"lucrece.clunie@edu.tbz.ch"|"%nvTp4-ZJ0sOr-ZomTeE"
"eleonore.mcmurthy@edu.tbz.ch"|"N@31HZ-@ksnYS-Jeygek"
"melia.bevar@edu.tbz.ch"|"dzs13Y-vJZcwG-cvd#b5"
"camelia.bontine@edu.tbz.ch"|"N@XvI#-M1Ku$2-@mRJlB"
"methode.jozefczak@edu.tbz.ch"|"VgkFn1-zMxMIW-EsR#5P"
"audreanne.hinsche@edu.tbz.ch"|"z3lHg#-pBydi8-IkWynf"
"andree.varne@edu.tbz.ch"|"%eDs29-hVX#1T-734vIX"
"marten.kinleyside@edu.tbz.ch"|"94T1TC-FWd6BY-n#8dt7"
"esteve.mcewan@edu.tbz.ch"|"JwdAur-zJN#kP-9jla4p"
"leane.dibbert@edu.tbz.ch"|"4cCtt2-JvwZS9-a7kk2f"
"ma.thewlis@edu.tbz.ch"|"QUTPAq-D1OMxj-YPP%gs"
"clea.djurkovic@edu.tbz.ch"|"ifg&r4-zIHAm9-R3URK1"
"rachele.reburn@edu.tbz.ch"|"3s$KuS-2%bK1B-q5%ZBC"
"gerald.gowling@edu.tbz.ch"|"GV$rId-&Jv1f3-Vhbpw6"
"cleopatre.jackson@edu.tbz.ch"|"r8F$wE-fPp$86-pwVUHC"
"desiree.haskins@edu.tbz.ch"|"wVP6cF-olrKK9-wXFkTp"
"eleonore.longson@edu.tbz.ch"|"8mqWBY-CgsAeC-9c@J15"
"leane.dybell@edu.tbz.ch"|"tg$#nJ-J@jXhY-$HZdX$"
"becassine.grzesiak@edu.tbz.ch"|"ynqvZL-PO#wDy-vpI$gq"
"marie-josee.pickin@edu.tbz.ch"|"$N&DyN-NjAK$g-jLablP"
"marie-josee.roxby@edu.tbz.ch"|"1d#rwZ-nTjFaB-FKriGG"
"leonie.feenan@edu.tbz.ch"|"OL4S4H-r$3Fy3-dbW4xu"
"valerie.ellum@edu.tbz.ch"|"W64#h0-vYIrVW-4#6zcG"
"ju.caseri@edu.tbz.ch"|"DLIp#j-vOA6cF-QvdRv#"
"boerje.strangman@edu.tbz.ch"|"cJ7P&Y-leBwog-OMX4fM"
"beatrice.ghidelli@edu.tbz.ch"|"0B%Sj4-QbEHUq-4bnPSV"
"da.jablonski@edu.tbz.ch"|"N7ZDS%-c5VLYL-cSRQp%"
"uo.beveridge@edu.tbz.ch"|"LwkbrD-GFx5uf-DEW6cd"
"valerie.bestman@edu.tbz.ch"|"HkRYLp-bROkFC-G@DQX2"
"marlene.pohls@edu.tbz.ch"|"@DAzSr-RtM1ZN-8etSh9"
"ma.nolda@edu.tbz.ch"|"5RWQ7H-Fl08&m-rDs5jw"
"marlene.bisiker@edu.tbz.ch"|"gntip6-WW0wRd-cBz2p#"
"estee.babon@edu.tbz.ch"|"sXSeL@-QHEJIe-iUTLzf"
"simplifies.dmisek@edu.tbz.ch"|"pitLBR-8ush3O-V2xYrv"
"selene.ganing@edu.tbz.ch"|"hZzg6j-XbsmXX-$kAd7P"
"meryl.penke@edu.tbz.ch"|"8742lC-JoCCCS-CKaImy"
"anais.rawcliff@edu.tbz.ch"|"QZRCuw-34uwb4-fMv%5L"
"melina.andri@edu.tbz.ch"|"f7NZ3#-ZyldH1-C8uDZD"
"audreanne.fodden@edu.tbz.ch"|"T0GKtj-M7iaTG-we@mTK"
"bjoern.spellesy@edu.tbz.ch"|"EJ8sV5-ccwd0Q-yWtuW#"
"francoise.summerscales@edu.tbz.ch"|"9JCsw$-e4L7ZM-CSFkS2"
"laurene.ashtonhurst@edu.tbz.ch"|"XKpvA@-tj26XQ-UrUMS4"
"valerie.petters@edu.tbz.ch"|"2tpMe6-oddHRN-5Cn2mH"
"anael.spenclay@edu.tbz.ch"|"rQVA0k-WCnbi8-h2B3b0"
"stephanie.keech@edu.tbz.ch"|"w4qGKs-MZTRru-g$1tde"
"ines.deveril@edu.tbz.ch"|"iQwM0q-xi9vYx-#01Cx%"
"berenice.gelder@edu.tbz.ch"|"BsJ8eP-78gjAZ-x66UL$"
"melanie.ofogerty@edu.tbz.ch"|"ZhDHFt-qAXlYS-k&R5jv"
"frederique.canepe@edu.tbz.ch"|"A$Jq3G-3cC$eF-ax4Ci1"
"nuo.otton@edu.tbz.ch"|"SAh419-tffVGT-r6cqTG"
"genevieve.trusler@edu.tbz.ch"|"9TKoJd-#3Z7nq-v8l2mH"
"ju.boag@edu.tbz.ch"|"z7unY&-Djc@el-pmC17&"
"josephine.dilucia@edu.tbz.ch"|"eprzBL-BAzlvF-auxkEK"
"laurene.armsden@edu.tbz.ch"|"7xK@rl-5eE3M6-qMC#Vz"
"becassine.griffe@edu.tbz.ch"|"xM6W7m-aZ7oDX-5tXH1N"
"alois.parres@edu.tbz.ch"|"FS$AaG-Wtty#o-reErdm"
"cleopatre.gaffey@edu.tbz.ch"|"yqeesX-AFjifc-2JjyQS"
"andre.stiger@edu.tbz.ch"|"70&wEP-JrcOg2-Tr2PTU"
"beatrice.godleman@edu.tbz.ch"|"DqjNuF-OsXwtx-jnGTa2"
"hakan.harrhy@edu.tbz.ch"|"ZfH$zf-W%LoVJ-N&zqK@"
"celestine.dagnan@edu.tbz.ch"|"yds7nz-f7V5rB-d7s@&C"
"clemence.haggart@edu.tbz.ch"|"zd3Xpg-Qn$Xrw-%jwZEd"
"long.caban@edu.tbz.ch"|"H$23VZ-cmW@Og-Lp0ZRG"
"gaetane.grimble@edu.tbz.ch"|"KD%EXy-GrJ#V#-0efle0"
"maelann.piwall@edu.tbz.ch"|"2J#bZn-ZWtyR8-wqSmhk"
"magdalene.loble@edu.tbz.ch"|"mrptn%-nNsN0w-#bEpCR"
"veronique.domaschke@edu.tbz.ch"|"JW%03v-tKwhFX-lK@6dS"
"clea.herity@edu.tbz.ch"|"zRN2Jr-uIRx&H-0zBFKr"
"maelann.bambrough@edu.tbz.ch"|"t@viJ4-2QWqIe-%WpZTh"
"clea.goulstone@edu.tbz.ch"|"kjZe9$-CmzIrT-2I0jno"
"renee.deleek@edu.tbz.ch"|"G@gMcg-72Kw69-XW3Hde"
"boerje.rudderham@edu.tbz.ch"|"HPFlOW-&MDxfH-E@5rfC"
"marylene.broune@edu.tbz.ch"|"Pf3$vv-emmcgi-WOASMO"
"nadege.mccuish@edu.tbz.ch"|"nB0WkR-vuHnBC-k9ffYk"
"anael.littleover@edu.tbz.ch"|"ULnQQm-KfEADp-GglNUF"
"lie.baume@edu.tbz.ch"|"l2PXVF-e2eoyP-rdY&kb"
"maella.murrow@edu.tbz.ch"|"V#FGG%-64P3G&-XGhYcO"
"cleopatre.pettifor@edu.tbz.ch"|"ISwAms-g#znx4-vbB#cz"
"geraldine.asker@edu.tbz.ch"|"8#Vw@w-epLqCF-U#71xu"
"gaetane.smedmore@edu.tbz.ch"|"M82PV9-0LFSfl-hBUH74"
"meryl.blencoe@edu.tbz.ch"|"dgE2H8-1NLpAX-agh@xg"
"aurelie.chastaing@edu.tbz.ch"|"bj6va3-t16Dho-0LCXWx"
"oceanne.marthen@edu.tbz.ch"|"HTceIU-io6#B3-oH&pp2"
"dorothee.burrill@edu.tbz.ch"|"#PaaQ0-69IRjl-VbNFBl"
"hakan.belden@edu.tbz.ch"|"L@&421-L2xAY0-7SiO$a"
"celine.brunning@edu.tbz.ch"|"KfPRlJ-Sv4zUV-OYtd$k"
"anael.lapides@edu.tbz.ch"|"YHqN8%-4%TY%B-F9ZMm0"
"ruo.saffran@edu.tbz.ch"|"lNiUjl-xpsZyT-@a@7Nr"
"loic.gerretsen@edu.tbz.ch"|"FRI&Ol-NXcfbO-%WOaIj"
"rui.fitzer@edu.tbz.ch"|"yyexS%-E7rRtg-%Hj2d7"
"annotee.ogers@edu.tbz.ch"|"azHxUk-#E$qJo-AY9o7W"
"boerje.bindin@edu.tbz.ch"|"Gw2Rgl-D&BLjd-&Py8Yo"
"ma.cronchey@edu.tbz.ch"|"@CA4h@-Wy3BKC-gFvHug"
"laurelie.baiyle@edu.tbz.ch"|"LJag&N-wARYHG-$K3#47"
"dorothee.older@edu.tbz.ch"|"yu$tip-qKLKrF-WznrBX"
"laurena.wile@edu.tbz.ch"|"%kEXG$-W@%JnW-ptOOlD"
"clemence.brito@edu.tbz.ch"|"UIJj9F-%kPPLf-m2&Ba5"
"nadege.dallin@edu.tbz.ch"|"K&&TIT-bYCPE$-eERiK8"
"mailis.matley@edu.tbz.ch"|"cNgiI9-x0ALXJ-R$V5%m"
"daniele.screaton@edu.tbz.ch"|"37kqQm-MD6rdi-Y@3R90"
"mediamass.godly@edu.tbz.ch"|"brGKz8-q4vIMQ-Yz$FQR"
"leone.kremer@edu.tbz.ch"|"r4jYPc-@xBJRe-a0t1$1"
"asa.adrian@edu.tbz.ch"|"HIsR4a-t$B%lX-#v7XO1"
"adele.doley@edu.tbz.ch"|"T5hXrD-r1pke@-Ft70q%"
"fei.sidney@edu.tbz.ch"|"cZg#9c-M#INNQ-s3tcfG"
"marie-josee.walisiak@edu.tbz.ch"|"L5Zks6-#tgnzD-K1XL9r"
"desiree.diplock@edu.tbz.ch"|"Rp@j5u-y3menc-BH3&lp"
"gisele.schust@edu.tbz.ch"|"nQrSr$-2pJXFS-ril3DJ"
"ma.longshaw@edu.tbz.ch"|"fhIqFJ-74S4Uu-o&jfBa"
"da.boother@edu.tbz.ch"|"VVQurS-92DwdF-miOT@1"
"simplifies.chaudhry@edu.tbz.ch"|"VtwtiR-v5AUdw-n37UHS"
"garcon.baniard@edu.tbz.ch"|"tCTjaK-6mahHd-%c%zAC"
"gaetane.elphee@edu.tbz.ch"|"jog6gt-XB7MUh-n3mk1t"
"gisele.hassey@edu.tbz.ch"|"J#b7lZ-Ry$eyF-OZ5g#w"
"oceanne.booley@edu.tbz.ch"|"I5tryR-$1G9BR-LZ57g9"
"oerjan.dibden@edu.tbz.ch"|"8p&0$Q-uPTwXV-CU%o2i"
"regine.ocleary@edu.tbz.ch"|"S96&OZ-8MUx$$-jd8o5K"
"selene.persse@edu.tbz.ch"|"Z6RX6U-Qa&jqd-dpv59x"
"helena.adenot@edu.tbz.ch"|"B9ZM#s-M#sObP-w%XLMi"
"maelann.wassung@edu.tbz.ch"|"ULjR48-Lfeezy-EIJFYG"
"frederique.ackermann@edu.tbz.ch"|"5op77u-Nm%cc%-n@gyx8"
"audreanne.kahen@edu.tbz.ch"|"V#K7mG-yU4Rdo-XrSqhd"
"maiwenn.lasty@edu.tbz.ch"|"klKrcJ-4LutiE-mzJUFP"
"yu.dictus@edu.tbz.ch"|"d#qCkl-&H79SP-#srw$r"
"anae.dukes@edu.tbz.ch"|"eakyG1-&3eoes-AEkvxS"
"yenora.warr@edu.tbz.ch"|"CSSj1L-5WkkCo-yaGyXw"
"esbjoern.archibold@edu.tbz.ch"|"ZxTDCQ-T%kpFO-dw2JuW"
"milena.pardal@edu.tbz.ch"|"EmjM59-x5XZM&-%9ZdaJ"
"celestine.graveston@edu.tbz.ch"|"dvGNLF-9vcMWx-z#9Nn&"
"maena.dallas@edu.tbz.ch"|"IJNsi4-rQijj5-ECOhJ@"
"andree.tuke@edu.tbz.ch"|"WR@JG0-CBrw@u-s86FhX"
"methode.seldner@edu.tbz.ch"|"j70DZ3-SbczYv-xpmwgv"
"venus.bullas@edu.tbz.ch"|"0p7q9T-jvzV&i-4$cz4r"
"mans.aguirrezabal@edu.tbz.ch"|"k%$i$k-26gIim-i1@gbl"
"gaelle.eadington@edu.tbz.ch"|"OBwsMS-A89UwV-WyBhF8"
"anaelle.falkner@edu.tbz.ch"|"ILZiKa-zrmTnc-&Y3P$k"
"ophelie.height@edu.tbz.ch"|"W3ucgT-qCI#LF-GI&Wcz"
"marten.bolding@edu.tbz.ch"|"qzlInV-UGG%qW-C8jWTC"
"pelagie.guswell@edu.tbz.ch"|"Txwhpk-B$sbOj-0nU1&J"
"gwenaelle.lecount@edu.tbz.ch"|"bhUoG2-eMrzA6-zR&uOk"
"hakan.laden@edu.tbz.ch"|"N0kp5k-3TIl%G-1myxTB"
"marie-josee.hylands@edu.tbz.ch"|"V@Y1xY-P46Pkl-jBMU3e"
"zoe.kingshott@edu.tbz.ch"|"hsf6vo-&eqQGQ-bW1a7H"
"josee.janous@edu.tbz.ch"|"mph97B-3el@ak-J#Ijkv"
"laurene.gallally@edu.tbz.ch"|"fC#Jq#-9P3QGs-U&k@Eo"
"anael.bickle@edu.tbz.ch"|"ernxN&-$Je$Eh-3OpU&l"
"mediamass.lebbern@edu.tbz.ch"|"hQcg$F-npyHt6-bAo9fi"
"berengere.hovy@edu.tbz.ch"|"x#IgUO-MOB$8%-K$z@SN"
"oerjan.kilmurray@edu.tbz.ch"|"QTe@9e-iBMs@s-ks9@$w"
"asloeg.venny@edu.tbz.ch"|"5ldcE@-X42KPd-Zr4w2e"
"marie-noel.stoad@edu.tbz.ch"|"b@IZqj-z&3Ex2-a@oFUP"
"hakan.pettifor@edu.tbz.ch"|"aXcLsa-EVPTFj-r54L&k"
"maella.willgrass@edu.tbz.ch"|"6751fK-l8%0s8-0ZLSMx"
"therese.ludovici@edu.tbz.ch"|"yzBJll-wtI1oT-7xAZte"
"stephanie.trewhitt@edu.tbz.ch"|"$mPPxz-Yk77Mx-tUdKH@"
"maerta.bauduccio@edu.tbz.ch"|"amuYOJ-%SpjVp-cATb78"
"gaetane.glaisner@edu.tbz.ch"|"4HLSP9-xqun#F-UxmvGo"
"naeva.pargeter@edu.tbz.ch"|"PzDbIN-blx8@M-qEYj&s"
"salome.venable@edu.tbz.ch"|"Zovrs4-tmBIZw-85W9Yc"
"boerje.thickett@edu.tbz.ch"|"GS%ZEw-AV$M7D-qkv83t"
"lucrece.prendergrass@edu.tbz.ch"|"hsW5h0-zV#$Fw-m8ZdNU"
"laurene.ockleshaw@edu.tbz.ch"|"THMnbF-eYoCrk-TXfr%P"
"cecilia.pasticznyk@edu.tbz.ch"|"VyZD$P-EjaRVr-HXnR$J"
"stevina.mackey@edu.tbz.ch"|"UM47xh-A0l5jp-m8%vmw"
"marie-noel.reven@edu.tbz.ch"|"sTJfMX-$gmKaE-JSOtNz"
"melina.quilkin@edu.tbz.ch"|"DTWNdr-aDPqwL-PrAGLN"
"marie-noel.ferrie@edu.tbz.ch"|"x$JL2N-1%Jp3N-@OyPkU"
"leone.alphege@edu.tbz.ch"|"rmgXeY-Djub%n-MpuTBL"
"zoe.leverson@edu.tbz.ch"|"@P@46f-ru&APq-RTdgrc"
"annotes.grayne@edu.tbz.ch"|"tE6Nmi-tixEJI-5PsKEV"
"faites.lalley@edu.tbz.ch"|"ymY29R-I6Oqql-@t$vQ0"
"adele.wallis@edu.tbz.ch"|"QXH0SQ-$XBxLk-Fh@sH7"
"severine.madill@edu.tbz.ch"|"EXKxUD-DTbf&N-bpmgh0"
"valerie.tebb@edu.tbz.ch"|"3Zhv3O-nE9mHz-vSQw17"
"kalliste.rasper@edu.tbz.ch"|"flhy$z-tJDooR-bpnI0R"
"audreanne.palomba@edu.tbz.ch"|"71HWbn-D4AAFG-TVV6tZ"
"elea.adamik@edu.tbz.ch"|"%0ukeW-OWY0wT-oS9@0W"
"reserves.jakuszewski@edu.tbz.ch"|"ECNC2G-wH2qg@-vMP85M"
"athena.belhomme@edu.tbz.ch"|"hNbXwp-jkt4g$-FHkNV3"
"rebecca.crippin@edu.tbz.ch"|"V1p@nK-lS#sGb-P&ts7S"
"maiwenn.curman@edu.tbz.ch"|"FYjTCC-UoWmBG-0433rt"
"andree.bunner@edu.tbz.ch"|"U93W06-el6oHA-vijg9o"
"ruo.winckles@edu.tbz.ch"|"TUxHvm-ghQR0b-SKyUwq"
"naeva.buntine@edu.tbz.ch"|"4nudvk-gVIxLd-k8AhQY"
"boerje.dollard@edu.tbz.ch"|"wJ7SST-ljW4qH-J81Ee4"
"penelope.gorman@edu.tbz.ch"|"q41VPE-O5a7Tm-kUBNLE"
"alois.robelin@edu.tbz.ch"|"THmPlN-2C$qoV-PQh@1o"
"anaelle.tindle@edu.tbz.ch"|"rm3I#J-lZgFh6-7%QiMZ"
"ye.frears@edu.tbz.ch"|"uJ7Sat-HCku#%-kfcUDg"
"andree.ovid@edu.tbz.ch"|"dA$gI9-Y4HgQc-mDPpjQ"
"hakan.peat@edu.tbz.ch"|"1#hboA-1$rDl7-1VFT4W"
"andre.januszewski@edu.tbz.ch"|"@X6@m&-S%lpFW-AEO%r@"
"annotes.clemmett@edu.tbz.ch"|"eunv&q-oyuwQD-dWM3g3"
"pal.lambswood@edu.tbz.ch"|"o31n92-bEODtX-0$rS78"
"yao.lenton@edu.tbz.ch"|"oPGMbB-Wstb$f-D31BQ4"
"hakan.boyton@edu.tbz.ch"|"NYoJ$1-24dYqE-OAQ8qH"
"nelie.forsey@edu.tbz.ch"|"DEpXZi-jsnYMo-TCs4sX"
"hakan.horche@edu.tbz.ch"|"zOayVw-$YTpPd-e&SLzt"
"lorene.sinkings@edu.tbz.ch"|"TIRInZ-iYlssY-SK#b9V"
"marie-therese.creddon@edu.tbz.ch"|"3rPCSr-a8pwwI-uQF&ZU"
"berenice.tolworthy@edu.tbz.ch"|"ddBPfb-#qP8nK-4Ve11B"
"theresa.land@edu.tbz.ch"|"BVB2r2-ryKe%Q-QPOKpo"
"marie-therese.gianilli@edu.tbz.ch"|"5fkh75-wF7Og4-9zZqp9"
"meryl.glew@edu.tbz.ch"|"PW8eSO-BJek@P-&chL6Y"
"adele.debling@edu.tbz.ch"|"ZxTSOz-02jqki-dYoOnd"
"anae.metzke@edu.tbz.ch"|"jARHA7-n@5tAd-LWaWQv"
"gaetane.gooden@edu.tbz.ch"|"2fy0D$-B8f7$y-5yS$pO"
"laila.bootland@edu.tbz.ch"|"%#8zUf-52S9Hp-YsoZNb"
"maite.helsdon@edu.tbz.ch"|"TlEvJH-Jopoul-m35#AD"
"andree.malley@edu.tbz.ch"|"SNWso9-GGrWDt-DRPc42"
"pal.simmens@edu.tbz.ch"|"otLIcT-$1rKUD-CZ5XTO"
"maelys.nuccitelli@edu.tbz.ch"|"tNCj&F-L8PTD3-sg9JLY"
"dafnee.sibary@edu.tbz.ch"|"OZyJVw-DkEK3A-HjQI43"
"alois.harsnep@edu.tbz.ch"|"xAxhom-2zL2eK-YkMekg"
"marie-helene.lacky@edu.tbz.ch"|"bEqeKZ-GAw74l-LAyOl8"
"mylene.youthed@edu.tbz.ch"|"xw3@8e-kKYB3M-@km53x"
"marie-helene.dehmel@edu.tbz.ch"|"TwKrfZ-#srhDP-l@0yqw"
"angele.batman@edu.tbz.ch"|"91xTdf-moB9m4-fUolaS"
"melia.younghusband@edu.tbz.ch"|"Yr&ErU-15GpJV-Co9P$C"
"eloise.baldi@edu.tbz.ch"|"xcmx1x-KKdWgZ-zxr@&x"
"illustree.dun@edu.tbz.ch"|"wufq4h-Hx6CAD-d7yfUW"
"genevieve.late@edu.tbz.ch"|"cCo@dH-gNL3c%-uBe4n4"
"celestine.colville@edu.tbz.ch"|"PY2P#l-kNxMKQ-jNHsH#"
"gwenaelle.scarlon@edu.tbz.ch"|"Px4ccs-f9Q0HM-KcW6YS"
"regine.boddie@edu.tbz.ch"|"2&#WPy-jzHZZF-N4CKlG"
"creez.gaughan@edu.tbz.ch"|"GXXT8B-45fcpk-wsxDyL"
"gaia.longford@edu.tbz.ch"|"pDDp1Z-lloDUM-CTx1mH"
"mailis.buckby@edu.tbz.ch"|"dQnhqD-qjC3pX-F4C1Zi"
"song.parbrook@edu.tbz.ch"|"85#1&G-uhHTSf-T#cyKO"
"frederique.heddan@edu.tbz.ch"|"&XAO$4-GP2%Ju-SIv9Sm"
"ake.kirtlan@edu.tbz.ch"|"esX0LC-zjRETX-KHOfWe"
"nelie.runciman@edu.tbz.ch"|"g&fSG3-L5Dnh&-uxZT1U"
"mailis.cardnell@edu.tbz.ch"|"htp4kr-AjmpYl-jG9%ol"
"irene.navarro@edu.tbz.ch"|"iEPn5M-ojXQav-o5fWVt"
"maite.cough@edu.tbz.ch"|"QL3EK$-WpQCo4-@L0Jl4"
"anaelle.stocky@edu.tbz.ch"|"CJvW4i-sA&LOX-9@KUFD"
"methode.moulder@edu.tbz.ch"|"UfpE9b-qo%KDN-c#H5Q7"
"po.stafford@edu.tbz.ch"|"0rBPfF-Wtc74u-EtmNrg"
"faites.scraggs@edu.tbz.ch"|"@9sJJE-2WsRfm-kP3Kzp"
"adelaide.dullard@edu.tbz.ch"|"ihA#40-YQt$DK-txo&N4"
"desiree.leonard@edu.tbz.ch"|"85ipSf-MsraYn-8BgqPn"
"geraldine.badgers@edu.tbz.ch"|"5l%rHw-%4kVo1-QbZ16E"
"ruo.masic@edu.tbz.ch"|"9hm&JQ-6mag2c-o1WCCo"
"aurelie.lieber@edu.tbz.ch"|"pIb5Gm-Qh7U2@-olgTdR"
"naelle.balcock@edu.tbz.ch"|"9&I8Fe-KLs47Z-S@eRiB"
"camelia.elger@edu.tbz.ch"|"@zEmVC-1EA9YA-SfHt1N"
"publicite.oakeshott@edu.tbz.ch"|"@XA6mH-@naDf8-VQhczt"
"cleopatre.fawley@edu.tbz.ch"|"A2BqRr-woPdp5-WNMD#l"
"laurene.bruckmann@edu.tbz.ch"|"RT$dRq-9d9ZMD-CV7Duv"
"rui.haughton@edu.tbz.ch"|"cXavdn-RZOHOm-QHnzps"
"asa.ladewig@edu.tbz.ch"|"flBEpD-wPFfUI-PeA2a8"
"gisele.janecek@edu.tbz.ch"|"XBKUYL-JxRzKI-D7XQAx"
"maily.loveridge@edu.tbz.ch"|"uwF%At-IgdtGF-R0gC1z"
"marie-eve.yurkiewicz@edu.tbz.ch"|"N3QK%9-rrBIWX-99KeYB"
"fei.roder@edu.tbz.ch"|"BQD@7q-BG2$PT-Fwi7EY"
"edmee.chatburn@edu.tbz.ch"|"HMvNP&-ojEtnW-YxzTrd"
"geraldine.darke@edu.tbz.ch"|"MxDu4F-#FnDUh-HkzsZT"
"ye.jira@edu.tbz.ch"|"o3%OyN-obGlXF-dNY7sd"
"publicite.persent@edu.tbz.ch"|"4zTLJn-ixVbgu-yLwZm#"
"severine.wilcox@edu.tbz.ch"|"7u0YqO-SVv#jF-qFY4XA"
"yao.mcclaren@edu.tbz.ch"|"ay222l-s#tP$%-zH6y$h"
"theresa.foynes@edu.tbz.ch"|"7psfJy-BbQuSn-%Ymzl5"
"stephanie.isley@edu.tbz.ch"|"yE9gzX-lXi0RQ-$8#VXp"
"torbjoern.growy@edu.tbz.ch"|"1ReFhY-waEYhd-@g72nJ"
"eloise.tunnadine@edu.tbz.ch"|"asYflu-v20UdO-%Qava6"
"maeline.cossentine@edu.tbz.ch"|"sXxatg-eo&ryo-AXjv@%"
"nelie.desantos@edu.tbz.ch"|"qJzXC@-ncU$e2-ifroEs"
"gaetane.axston@edu.tbz.ch"|"kqU&i&-WGZB%y-jp4Zg#"
"aimee.merman@edu.tbz.ch"|"8jCqGl-bzzLtN-eIdkv7"
"oerjan.drivers@edu.tbz.ch"|"aWyLy3-P6VXVL-KnbDFM"
"aimee.miroy@edu.tbz.ch"|"$WiFKD-T4DkYZ-EiJNaZ"
"nelie.glyde@edu.tbz.ch"|"xQcs1Y-aEFcoy-CFnJw%"
"hakan.kapelhof@edu.tbz.ch"|"bkgL8@-45p1Kk-3w0FID"
"maelyss.cauley@edu.tbz.ch"|"RErk8l-#ACO$Q-fjmnBO"
"elea.vaggs@edu.tbz.ch"|"j0eGH5-Qs3OlX-l%vN9i"
"maelys.but@edu.tbz.ch"|"7GERUx-hTWHMk-RVkR51"
"maella.arthurs@edu.tbz.ch"|"ps@sHu-%6uyqX-XTWmdZ"
"adele.liebrecht@edu.tbz.ch"|"Dof4cE-22zLz2-gWFv8K"
"meline.lomasny@edu.tbz.ch"|"q49MRw-C4MOmP-Dq#Yfg"
"mediamass.schwant@edu.tbz.ch"|"G#p6sL-b&$A@s-#AxfV2"
"leone.saunt@edu.tbz.ch"|"ZRv&LE-TwnHOQ-Zi%DP1"
"annotes.gouch@edu.tbz.ch"|"NC6irb-d9IZt5-mkxIgS"
"gaetane.bowich@edu.tbz.ch"|"iCaYxM-W#Bcsn-rg@Rnw"
"alizee.strelitzki@edu.tbz.ch"|"gG8K1M-BccXwC-6VyWpZ"
"leone.poile@edu.tbz.ch"|"lpwk@1-cx%C8d-EPwtUm"
"amelie.saban@edu.tbz.ch"|"Mwa%%e-u#AE14-QOek6N"
"marten.mcmenamin@edu.tbz.ch"|"rYL$Pv-oC3f5Z-r8XJPD"
"becassine.keets@edu.tbz.ch"|"5KTp7#-6QoS31-Ug#1O3"
"celine.million@edu.tbz.ch"|"XQJ7%q-sY#otZ-U%5vaq"
"geraldine.belitz@edu.tbz.ch"|"g6jof6-YhT8K1-wYY1VS"
"salome.mardling@edu.tbz.ch"|"$MiftB-LyhdXt-Z5lsLX"
"melia.blakemore@edu.tbz.ch"|"5P08cc-@lVnWn-ubPu4N"
"dafnee.mcaulay@edu.tbz.ch"|"2iXETO-e&#hyw-ga5hkJ"
"garcon.dennett@edu.tbz.ch"|"KdAXLU-cHQypJ-UeKldQ"
"interessant.lesor@edu.tbz.ch"|"OOnZ&1-AB48mi-a8fIyV"
"annotee.wasbrough@edu.tbz.ch"|"GvYNkd-BIY9uN-XCHdx5"
"asa.ibbeson@edu.tbz.ch"|"4yGBUd-kjMgMK-uaXh7L"
"maily.kennealy@edu.tbz.ch"|"Sf39Vt-4$ML2T-xppvBC"
"ye.seares@edu.tbz.ch"|"JvCQ%Y-i28c@2-Q7QtGY"
"athena.harbron@edu.tbz.ch"|"t8xueS-54ChR7-Z#Vyif"
"andreanne.portail@edu.tbz.ch"|"&RVH3G-KT@wfo-wm2sha"
"goeran.zannelli@edu.tbz.ch"|"dKWFS@-VcIt&X-Arq5tj"
"gerald.leathlay@edu.tbz.ch"|"on4Ue2-U%zrZF-zVKvbd"
"andreanne.chown@edu.tbz.ch"|"eYoRHk-gKkDNs-djYHzN"
"esteve.clementel@edu.tbz.ch"|"X$pVo2-5zh2Zd-H0$3jH"
"leone.legan@edu.tbz.ch"|"RWH7Jv-MZg%$u-v#CnyP"
"maena.pownall@edu.tbz.ch"|"#4rV1p-idQ8Gw-XQ%SO5"
"andree.rettie@edu.tbz.ch"|"Mjn@n7-y%kF2%-GS9US2"
"ines.kenwrick@edu.tbz.ch"|"1Knc%l-2xp1jw-Rtdchv"
"marie-helene.yarnall@edu.tbz.ch"|"fI@2IS-#jexHU-eMalw9"
"po.martin@edu.tbz.ch"|"aDHp7D-yhg9G#-qnef#m"
"ruo.celiz@edu.tbz.ch"|"vlBzge-LBrYto-yhfWwg"
"po.bissett@edu.tbz.ch"|"$i@YSQ-2K5nFP-@qztIm"
"du.swindon@edu.tbz.ch"|"RzsMvi-qx339e-rhAZqw"
"interessant.gouldthorp@edu.tbz.ch"|"ibbfGi-YTPAF9-cTO#KC"
"leandre.lilburn@edu.tbz.ch"|"DkMKYI-v&EoO6-JlLHd8"
"bjoern.whales@edu.tbz.ch"|"@t4Y@D-RvNX#1-1IAZHI"
"interessant.dieton@edu.tbz.ch"|"mSd5h0-K9b$K&-ZQ&&I9"
"celestine.redhills@edu.tbz.ch"|"BM#KH%-%$oAtl-1m2PgB"
"tan.yakovlev@edu.tbz.ch"|"RbSQam-kLyvVD-Z%&bD3"
"regine.mcdowell@edu.tbz.ch"|"g6webH-uos1qT-pPGNC2"
"ju.coysh@edu.tbz.ch"|"wxVG7X-d$E@Bg-D1Y1xI"
"reserves.ofallon@edu.tbz.ch"|"A$lLkv-eEup8O-Gw8ky@"
"frederique.sobey@edu.tbz.ch"|"1gbAi2-or6Xw&-AU$AFT"
"marie-eve.garstang@edu.tbz.ch"|"ZNmyum-#i$AvR-tImbdw"
"andre.tapin@edu.tbz.ch"|"UR9u&S-C%2IKz-xh2rfQ"
"esbjoern.eynon@edu.tbz.ch"|"V#scmU-ybVjFD-PcWd4v"
"maella.duffy@edu.tbz.ch"|"pTUbBB-pF9uYJ-3iC14H"
"leandre.twinning@edu.tbz.ch"|"pB&&Ty-L3gb9N-aakw#S"
"mai.whittingham@edu.tbz.ch"|"Vc6qDO-HR2Kff-Wq0oI$"
"rachele.shevelin@edu.tbz.ch"|"0bFWf5-Jc864Z-yZoByA"
"cecile.mcure@edu.tbz.ch"|"#JzJNZ-sGsVBc-Qnyobo"
"marie-eve.yurkevich@edu.tbz.ch"|"mJI0fZ-$8ev55-Y$E%3T"
"almerinda.paice@edu.tbz.ch"|"D5Y1uv-zmoEVQ-WKktb3"
"rao.howkins@edu.tbz.ch"|"4RGy9g-rl&5Rr-osg1mx"
"serena.pack@edu.tbz.ch"|"Ue8OcY-ijlLxH-OJInNu"
"rebecca.mant@edu.tbz.ch"|"yNsye9-JM6jaA-GqoQq9"
"reserves.spitell@edu.tbz.ch"|"odASZv-2BDXpJ-SS9grC"
"garcon.hamfleet@edu.tbz.ch"|"vynJzM-KE3mMW-hNJ20Q"
"methode.kerkham@edu.tbz.ch"|"qqHdfz-@1i$oK-Wn%G#g"
"pelagie.camies@edu.tbz.ch"|"GIocyP-ZCHlRI-N4UoiI"
"josephine.macpharlain@edu.tbz.ch"|"nVZ8ea-E1i%&&-2t6YYA"
"eugenie.mathet@edu.tbz.ch"|"ux2xnD-ziyft5-q#w&t5"
"gaetane.brangan@edu.tbz.ch"|"nTKBtA-3&GsT%-@Zy0UY"
"michele.dewbury@edu.tbz.ch"|"k8h%Rs-Fru2%g-ykuTEj"
"eugenie.elcott@edu.tbz.ch"|"tE#Z$c-0NhOdX-IIxX#V"
"megane.harniman@edu.tbz.ch"|"pvflgj-ULPkrI-rRpF0@"
"agnes.cluney@edu.tbz.ch"|"D37NM6-&RzmpM-STCm6A"
"marie-helene.angear@edu.tbz.ch"|"sYkZDm-tbs1%X-OrpZ6j"
"melia.dolphin@edu.tbz.ch"|"gJf#as-C1u443-wwrIX$"
"lois.ruseworth@edu.tbz.ch"|"ReFseF-m8KAi0-4##MAB"
"mailys.ryding@edu.tbz.ch"|"0OH2XS-aphn4F-dkDoZ3"
"rachele.wulfinger@edu.tbz.ch"|"I%bg8x-&4MgVe-K@tRY3"
"gwenaelle.talton@edu.tbz.ch"|"utQDmz-moHfKn-YnyAwW"
"long.ronchetti@edu.tbz.ch"|"#LLUjx-vqrG#L-YBJSy#"
"styrbjoern.kloska@edu.tbz.ch"|"VRJW5N-yBjiqp-JjY@xI"
"len.sudran@edu.tbz.ch"|"YUSQiF-H@ZP91-ku&40c"
"maelle.andrysek@edu.tbz.ch"|"FWdlpb-@t%F$0-jUMgt6"
"selene.senior@edu.tbz.ch"|"U9N@GQ-MPb%xF-SfSRBV"
"anais.joskovitch@edu.tbz.ch"|"eaDCXO-9B7VBr-MlVqis"
"marie-noel.dally@edu.tbz.ch"|"ajfEeQ-DIMTaE-KDv65K"
"marie-helene.laurence@edu.tbz.ch"|"Yz50g0-#SrBFU-Sb&zEV"
"camelia.foxon@edu.tbz.ch"|"KOh9a&-lscDkl-5AhBeg"
"helene.cankett@edu.tbz.ch"|"GB9wHC-3H5AQ$-66%0W1"
"marten.mitchelson@edu.tbz.ch"|"EOoPqK-XoQf@H-NUb&RM"
"helena.stirtle@edu.tbz.ch"|"$yoZvd-iU1zXd-lIKb4C"
"leane.barmby@edu.tbz.ch"|"5w8WS&-RGdh2m-D9f6zb"
"goeran.ofinan@edu.tbz.ch"|"YT6m1p-C9D@Ec-Ht68&Q"
"styrbjoern.proby@edu.tbz.ch"|"K50RBQ-twOsl#-oXefED"
"zoe.halse@edu.tbz.ch"|"L8V9pL-&UT3jK-ZlZUp%"
"kui.drable@edu.tbz.ch"|"C8FL8@-RLivQ5-HqtVxf"
"desiree.bamford@edu.tbz.ch"|"#we1Cv-l86BTd-wfM7Xu"
"zoe.suller@edu.tbz.ch"|"6cAelG-J$3W1n-vq$DUm"
"marylene.audiss@edu.tbz.ch"|"%Xlgea-zEsZaU-2Z8Uhb"
"adelaide.poznanski@edu.tbz.ch"|"$Y0L9r-kjXQFJ-mqU7Kg"
"maella.coleyshaw@edu.tbz.ch"|"&Z5TRD-0Ytntq-@QvdcW"
"marie-francoise.gelder@edu.tbz.ch"|"lIyeR@-RdX5z7-&1nSc%"
"eleonore.chaffyn@edu.tbz.ch"|"C$eEt&-WXERe5-2GSKCN"
"celestine.sikorsky@edu.tbz.ch"|"kU%%Mi-$O&4@a-vU7NvP"
"stevina.londsdale@edu.tbz.ch"|"J%HvdS-qnzqYy-hbmwpE"
"maiwenn.nevitt@edu.tbz.ch"|"%liSqV-kMSqcP-50aQBF"
"magdalene.gerrey@edu.tbz.ch"|"&7Lr&6-Oz3uOX-YkOyP6"
"becassine.latimer@edu.tbz.ch"|"rqlqf7-47jZPZ-vSf3sC"
"da.lethibridge@edu.tbz.ch"|"F0PEfZ-juqi#h-@WSEAl"
"mailys.claige@edu.tbz.ch"|"bVw3bR-IjIN36-5Z@oFn"
"maena.torbard@edu.tbz.ch"|"9N@QS6-1GCxXX-%Hx99B"
"solene.lyvon@edu.tbz.ch"|"5pe4cd-2Yi3O2-Os%CTP"
"marie-therese.benbrick@edu.tbz.ch"|"pbV%@a-oUac4H-&Exow#"
"gerald.edmonson@edu.tbz.ch"|"OL05@U-NItusD-8zrIKY"
"ake.messruther@edu.tbz.ch"|"F#5Ad2-O$mcod-rr3aui"
"men.gosneye@edu.tbz.ch"|"mgOyE8-rM20vm-Go2EWc"
"anais.jefferys@edu.tbz.ch"|"zE371B-56Y1Kq-XxCgXF"
"publicite.tregale@edu.tbz.ch"|"gsh@$R-OI4WkP-E&Py9r"
"maily.santorini@edu.tbz.ch"|"ovJUFf-Z3k9n9-gzTZNl"
"ines.pioch@edu.tbz.ch"|"2deNmm-am3jpO-eHG$ra"
"noemie.marklew@edu.tbz.ch"|"7fSG&R-es7NeV-KvGEOu"
"meghane.maccaffrey@edu.tbz.ch"|"xSpCuE-c96kSJ-mBueGU"
"berangere.ambrogio@edu.tbz.ch"|"FV$ZAP-#KE7N3-C%1knY"
"mediamass.ryce@edu.tbz.ch"|"teBaOV-dmzc7R-MrNI@l"
"oesten.ubank@edu.tbz.ch"|"mSgG#J-5rh4rr-TfIRc4"
"melina.mackee@edu.tbz.ch"|"LlEP56-4fadAY-Tu6eau"
"theresa.livezey@edu.tbz.ch"|"mT%Xr$-R6YdcC-bHjXfu"
"clemence.weal@edu.tbz.ch"|"pwW1gp-AxCA2G-J#CKfv"
"faites.overton@edu.tbz.ch"|"iCj6Xs-hBgEDw-r5numu"
"clea.lindblad@edu.tbz.ch"|"v7Z$@o-eJxWyE-BenDRc"
"josephine.roseaman@edu.tbz.ch"|"Ti51@J-%&PaAO-#uqf91"
"oesten.lowbridge@edu.tbz.ch"|"18tOOp-dY##of-#LvPwE"
"marie-josee.brion@edu.tbz.ch"|"RjgirJ-y4NbCx-sd0VzZ"
"therese.basili@edu.tbz.ch"|"t$p6D8-WDjxy&-UzXv2k"
"melia.vertigan@edu.tbz.ch"|"&CEK@m-k&ZmXp-JJsT&Z"
"judicael.saull@edu.tbz.ch"|"&PPEm0-NyXQtq-NoK6P8"
"selene.valentine@edu.tbz.ch"|"5iZYvL-2m5O%0-LWX@iA"
"verane.dunlap@edu.tbz.ch"|"Bac1$n-bP@hsB-#%IJse"
"meline.kinnear@edu.tbz.ch"|"kShNtv-nHdIqL-$7Ojwd"
"lei.luttgert@edu.tbz.ch"|"4P5d9h-0Rvmib-501MR@"
"styrbjoern.lathleiffure@edu.tbz.ch"|"%7Xh6e-yDXe3@-aQ03ki"
"marlene.blasi@edu.tbz.ch"|"kDeCJA-9elz5E-J2FMo3"
"mai.begwell@edu.tbz.ch"|"qIHAUS-pzKeEP-KG6KeC"
"gwenaelle.kaines@edu.tbz.ch"|"hu6aGI-iBIs5@-fELzSl"
"gerald.adamthwaite@edu.tbz.ch"|"Tja8jZ-mmdY%J-vMLsnW"
"kui.hartfield@edu.tbz.ch"|"4&tOR2-9JL5pw-V4b&c9"
"salome.currao@edu.tbz.ch"|"kderwN-9zscBR-o$zUI#"
"angelique.tixier@edu.tbz.ch"|"#MDvfI-qtmtis-WUk66V"
"ju.mcgragh@edu.tbz.ch"|"9&iMyo-cQa2SI-CZ2J4T"
"dafnee.beachem@edu.tbz.ch"|"L$3GlQ-uf#Pb5-1SE%Af"
"creez.terlinden@edu.tbz.ch"|"emDQY0-XMvMT3-I4svV7"
"uo.mcskeagan@edu.tbz.ch"|"6%wN0z-n4xmsX-H&4Pb2"
"edmee.mccaughren@edu.tbz.ch"|"poz$mr-Ms$gjo-y4NhaT"
"asloeg.cozby@edu.tbz.ch"|"$zyZ2@-cQry@8-ydqxD%"
"melodie.traite@edu.tbz.ch"|"wXyzFw-R82kV2-1m&Hj#"
"dorothee.aindriu@edu.tbz.ch"|"K2VdlD-BNTr$1-R2%Y64"
"daniele.doley@edu.tbz.ch"|"&eRvW@-lp4E3K-BpM3hz"
"mediamass.fairclough@edu.tbz.ch"|"gbejIL-q#otek-D3UU&a"
"lorene.rainforth@edu.tbz.ch"|"hiXNA@-mGcj7N-MNYiKt"
"leonore.eyer@edu.tbz.ch"|"VqdNhx-3k$RM3-JM$4ym"
"po.spillman@edu.tbz.ch"|"yxbI01-ZhWu&k-paf7Q1"
"cecilia.plitz@edu.tbz.ch"|"k&qTJE-3g2ipi-cWyxGy"
"lorene.ludlow@edu.tbz.ch"|"W67XPx-dqe$nB-TSMO@F"
"berangere.neligan@edu.tbz.ch"|"gPPUX%-cCfCLf-Xh0tH7"
"simplifies.huggan@edu.tbz.ch"|"dlqxz%-Jz1t$7-Zx8rEF"
"clelia.prandy@edu.tbz.ch"|"nwJ1Tx-3ZhiMe-r85CmQ"
"ake.osban@edu.tbz.ch"|"CzIFET-zrTvG5-Rq092j"
"cunegonde.brunn@edu.tbz.ch"|"UDY@&V-bOiT$9-Pco&6k"
"long.grizard@edu.tbz.ch"|"XZfO45-t9jcKS-z8x$ZU"
"meghane.diss@edu.tbz.ch"|"flFe6e-1xW1f5-vfS7zh"
"therese.oldman@edu.tbz.ch"|"#r$QH$-Nxc4zy-M1c57Y"
"boerje.scamerdine@edu.tbz.ch"|"Wgq0eo-bFB$ue-KXMMDl"
"du.saban@edu.tbz.ch"|"53oAok-45R8pE-Ral7NN"
"hakan.clynmans@edu.tbz.ch"|"d337@&-qAFZZa-oZa@H9"
"wa.macdowal@edu.tbz.ch"|"YpRLP%-1M6zrD-pny1r8"
"venus.hatrey@edu.tbz.ch"|"efu0cD-F6B6iw-8TJRt2"
"anaelle.vispo@edu.tbz.ch"|"4ZtuzZ-mmkSSu-#n%0$b"
"mahelie.ollcott@edu.tbz.ch"|"JAoayh-ZQdJ0b-XPS0y%"
"mediamass.whyman@edu.tbz.ch"|"C#qq8$-THXqGQ-ZudAe7"
"esbjoern.basson@edu.tbz.ch"|"wv8mTW-0UGCCa-$xsRQC"
"andrea.morrill@edu.tbz.ch"|"O@DSpe-%CkwGp-BurPD5"
"melys.grassi@edu.tbz.ch"|"kpKe$Y-pZETMD-RvkSms"
"leone.poleye@edu.tbz.ch"|"OQ2h@p-AQba4x-N%wiRr"
"francoise.penny@edu.tbz.ch"|"AfI9Pt-DQJK4r-Eb5gbV"
"rebecca.edney@edu.tbz.ch"|"gYvX19-vpfgGQ-y41axH"
"adelaide.murtagh@edu.tbz.ch"|"KPaKUl-SCYFy7-uJ7It3"
"stevina.winterbourne@edu.tbz.ch"|"o&#nPN-A8@o52-l7ZoFX"
"ma.cottom@edu.tbz.ch"|"#Ojxsq-7acBvw-BmCc8q"
"tan.harold@edu.tbz.ch"|"zLpKaN-SIcKuP-yqqyBt"
"venus.forte@edu.tbz.ch"|"Fz2VlB-#837@O-JpDA#g"
"almerinda.oluney@edu.tbz.ch"|"EtQIx0-kAL84E-9TUd4S"
"cleopatre.brehault@edu.tbz.ch"|"Ack6Ru-8EJSRh-EmIu#w"
"interessant.lapides@edu.tbz.ch"|"QkilPx-ldBuWh-#kMME2"
"reserves.hallatt@edu.tbz.ch"|"uOJ&5J-dx3S%c-iCWIUe"
"annotes.birdwhistle@edu.tbz.ch"|"&jSbLb-Uucj12-#4Zkob"
"ai.dredge@edu.tbz.ch"|"lSCzHk-i@@bqE-cZEhg3"
"megane.mussard@edu.tbz.ch"|"7$enNl-QrOGgm-0sbcYc"
"esbjoern.gowrich@edu.tbz.ch"|"zVvxMv-q9Zff&-QHsL8l"
"boerje.brislawn@edu.tbz.ch"|"lzkbVN-MpMkxH-TTRN5p"
"becassine.wilce@edu.tbz.ch"|"wNTDWo-RFmg8H-vQBVwc"
"personnalisee.oels@edu.tbz.ch"|"LfBmt1-7cJxT0-Ma$2#H"
"verane.pett@edu.tbz.ch"|"8AZnIa-DHSs0v-fbYYVc"
"marylene.glewe@edu.tbz.ch"|"HzrUvS-QsJA3z-jCxxAl"
"lai.elson@edu.tbz.ch"|"t$12zu-HtFQQ@-p#sAan"
"serena.difranceschi@edu.tbz.ch"|"scIs8Q-Soht1r-J$yoJl"
"lie.espinel@edu.tbz.ch"|"5pgewn-Y2Qksr-3%toM3"
"marylene.fantini@edu.tbz.ch"|"tm0pJT-lGsC&8-bW534$"
"andre.archdeckne@edu.tbz.ch"|"axWVY9-NgwNpZ-EmLcSz"
"goeran.bohlingolsen@edu.tbz.ch"|"ZykHL0-5PXoPI-yd#lm#"
"cunegonde.heffer@edu.tbz.ch"|"unEfTl-FBa1@#-V7DzXs"
"tan.fechnie@edu.tbz.ch"|"Bym@z0-nLhPQn-QMsnap"
"marie-noel.brammar@edu.tbz.ch"|"R2dH0x-ydM7B9-kARDLQ"
"simplifies.aven@edu.tbz.ch"|"iXhiEZ-mhkb4M-JHTdj@"
"melys.pinchen@edu.tbz.ch"|"uQhO6h-6keSkU-FnaDF9"
"edmee.joyner@edu.tbz.ch"|"kWGtZp-uu5b@1-SxpkAn"
"berengere.edess@edu.tbz.ch"|"WaZ5L8-uB2kRE-0Y5hH4"
"marie-noel.goward@edu.tbz.ch"|"DlX9KB-cAihXQ-Yoyz$W"
"ju.edmons@edu.tbz.ch"|"3qJTyN-#8jJDl-AdGgWq"
"frederique.airds@edu.tbz.ch"|"w6$QaZ-iuIhth-T#cV4j"
"reserves.dauby@edu.tbz.ch"|"6pLWBz-8e0Xv6-Pri&nW"
"hakan.gynni@edu.tbz.ch"|"gkE#w2-cImwYZ-G6Alez"
"leonore.pinwill@edu.tbz.ch"|"5h%6NR-naCvhE-8DC%Q3"
"marie-eve.mcallan@edu.tbz.ch"|"&#4Q8B-tFM3bL-wVzJVe"
"naelle.yeabsley@edu.tbz.ch"|"RLQT5t-F20&6#-W%cVdh"
"nelie.jacobovitz@edu.tbz.ch"|"kqvewk-xb#jFh-hJTf42"
"adele.conelly@edu.tbz.ch"|"$JHyfg-cRPzI7-PK@NN1"
"clementine.dondon@edu.tbz.ch"|"tRueoB-IZ5Ain-OMJdjm"
"zhi.willcot@edu.tbz.ch"|"POwUoa-t7p%6#-#ZGgkL"
"chloe.janicki@edu.tbz.ch"|"rHZi9C-Dd@sgk-RVTIfK"
"meng.linde@edu.tbz.ch"|"klnoBy-ZGhAbi-GS%xD1"
"celine.janisson@edu.tbz.ch"|"CHn7TJ-%VKB#1-0vpxi4"
"clelia.crow@edu.tbz.ch"|"m6AyPR-IYEYGs-HVEC&L"
"cecile.pyott@edu.tbz.ch"|"Orvqso-1IaKc@-hS&NsU"
"ma.fidelus@edu.tbz.ch"|"X#iKsh-yOePyR-fiDXu@"
"marie-helene.poore@edu.tbz.ch"|"ofReBf-ML@XYC-kspYc7"
"elies.blanket@edu.tbz.ch"|"CgCiRF-KHDaOC-W7HMoM"
"yu.boyer@edu.tbz.ch"|"w7CT3i-g%NG3C-&zAMPb"
"celia.welds@edu.tbz.ch"|"0MbaSs-z9XTv4-M#Bcqw"
"du.gunney@edu.tbz.ch"|"%C9UI5-&d3fuy-B$yBNw"
"goerel.crush@edu.tbz.ch"|"Ei0te2-m3p&tJ-&b8%HY"
"marie-josee.brosius@edu.tbz.ch"|"sfcb$C-oD2K61-#0@PzL"
"camelia.adds@edu.tbz.ch"|"17S%FA-FsEXwh-JbeIFq"
"anae.irwin@edu.tbz.ch"|"8wO9TN-HjJfkU-YgQKiE"
"cleopatre.skeffington@edu.tbz.ch"|"3jF7Yt-3mGmRl-@CAu#k"
"gerald.suggate@edu.tbz.ch"|"0f&oe2-1BVigh-AVVqpA"
"laurene.tailour@edu.tbz.ch"|"rXJiPw-kWmZOl-T8$Eld"
"amelie.hoble@edu.tbz.ch"|"ERC4I3-a#RGXE-V%&jE3"
"venus.getch@edu.tbz.ch"|"EeU#uB-@uIvh7-C4cYrO"
"renee.treby@edu.tbz.ch"|"QO@5IT-eph#Ub-ZXRlx4"
"almerinda.stait@edu.tbz.ch"|"NJI@n#-E8vnOK-Y5yQLI"
"andree.reddecliffe@edu.tbz.ch"|"nq98zP-V#PYsd-EVki39"
"leone.wintle@edu.tbz.ch"|"MIWcV0-bFZ6k$-3MOwul"
"gerald.fellow@edu.tbz.ch"|"YcAHIB-mtbzXV-vJ$@M8"
"ju.gudger@edu.tbz.ch"|"WXcugc-mKyWkj-U$qxS3"
"meng.ohaire@edu.tbz.ch"|"Ua%d8$-4FRiO0-CI&jx1"
"cleopatre.missington@edu.tbz.ch"|"$1Rzf$-KmExx7-nNhL81"
"annotes.debruyn@edu.tbz.ch"|"hUcT@j-sehN$k-#ip456"
"gerald.sinisbury@edu.tbz.ch"|"Y#yGz3-fBEOW3-3#XpGh"
"creez.slora@edu.tbz.ch"|"RlLLZH-51@OtK-6#6uNY"
"gisele.benbow@edu.tbz.ch"|"qentBN-Y$MeMQ-BhiHhy"
"pal.dossit@edu.tbz.ch"|"LtWXzk-6vpfz0-Ix%82f"
"nelie.stirrip@edu.tbz.ch"|"SRFwgm-x9WMVU-ybsOhN"
"alois.ocrigane@edu.tbz.ch"|"nCOuHu-Ra52K$-ednJT4"
"kui.mcterry@edu.tbz.ch"|"BfWOVH-MPjI$q-UWRnWi"
"long.willgoss@edu.tbz.ch"|"ju&5dI-yxuxzo-E1@6#K"
"francoise.sumpner@edu.tbz.ch"|"%p$Qse-11xxAh-@y56CB"
"maely.grinstead@edu.tbz.ch"|"MjoFqq-j36xoM-gCPGj@"
"creez.langeren@edu.tbz.ch"|"uhKGWe-84zITS-LR0I10"
"adele.dungate@edu.tbz.ch"|"t3MRtK-mtHrSj-8r@Hmc"
"cleopatre.noirel@edu.tbz.ch"|"5cFh1e-6sNf#U-tTabNe"
"interessant.daverin@edu.tbz.ch"|"VgdLuU-aKQx3c-tvYOoF"
"naeva.kalderon@edu.tbz.ch"|"fWDcb5-RqAC6d-4&PN7Q"
"anais.oshesnan@edu.tbz.ch"|"bCzdi2-GfSh%h-tzvW0i"
"judicael.anelay@edu.tbz.ch"|"AA@5E4-SEP72E-SxZe9I"
"eloise.braxton@edu.tbz.ch"|"m9Eyff-4c0vXi-9gGDD0"
"desiree.greguol@edu.tbz.ch"|"hWLWVt-Bnkj$R-OMhGDy"
"maite.mcclenaghan@edu.tbz.ch"|"l6i263-%WyGVI-FT1Aju"
"meng.doret@edu.tbz.ch"|"PGuwYp-mPFBY#-IvNap7"
"frederique.chippendale@edu.tbz.ch"|"Ksg$Od-SmPr9@-R9BBqn"
"andreanne.lanney@edu.tbz.ch"|"BzvCMC-&cJDcF-Gem9GH"
"aurelie.claus@edu.tbz.ch"|"0GI7By-soFqXj-um&IAM"
"renee.pabel@edu.tbz.ch"|"LMLw$G-#@hiCQ-iqoXPr"
"maena.roust@edu.tbz.ch"|"p22Htu-vqSbd5-EnMisc"
"nadege.carwithim@edu.tbz.ch"|"OcF30u-u5oYeG-s5cBOy"
"solene.geyton@edu.tbz.ch"|"URzq#X-JxbFb2-PBTE3f"
"dafnee.avraham@edu.tbz.ch"|"62SKxk-PlHMGM-LgB$Ox"
"leane.woolvin@edu.tbz.ch"|"jI5quV-Oy7Xtx-TBJ6h4"
"adele.macadie@edu.tbz.ch"|"C6yu9#-rLQzVP-C%oUhL"
"meline.rubica@edu.tbz.ch"|"xLf#RP-bHdwhW-wV1YHG"
"marie-noel.speeding@edu.tbz.ch"|"%Ld9v8-p#njdl-4Vb4wu"
"nelie.mix@edu.tbz.ch"|"tqDBUX-tx1v9h-F5ACFU"
"clea.ollett@edu.tbz.ch"|"#M#ub7-VkDxpl-8yL1OM"
"leandre.mcgavin@edu.tbz.ch"|"P7%Q4h-ke411J-m1Y0mT"
"cecile.behne@edu.tbz.ch"|"9xn0j#-fbAMM3-@HH%y0"
"melanie.polle@edu.tbz.ch"|"PD502L-IuQkbR-v45g4X"
"marie-josee.titmuss@edu.tbz.ch"|"YuQKgt-#7Jick-fKP1Co"
"helena.guest@edu.tbz.ch"|"v@xUdo-zeHYQY-gTBKV@"
"annotes.chicchetto@edu.tbz.ch"|"MZ&mPY-ZMI950-e1SoGn"
"melia.tubb@edu.tbz.ch"|"Lvf&n6-179a9l-$xCc0a"
"angelique.casetti@edu.tbz.ch"|"$z&xus-j%MV$L-qKsW8z"
"cunegonde.cleall@edu.tbz.ch"|"GVk4pc-4UrWru-QQ63Gk"
"camelia.oaker@edu.tbz.ch"|"MvbiCw-qr$e5S-354OLE"
"you.searight@edu.tbz.ch"|"dMYIsL-HBAUK$-q$eDU6"
"kevina.dederick@edu.tbz.ch"|"RWErHo-ryMpYu-iEIR7$"
"milena.jeffrey@edu.tbz.ch"|"4U#a6f-g%bDF3-eAwy5Z"
"melodie.barkshire@edu.tbz.ch"|"@U9q&f-#%nXOh-IhCPNG"
"gaelle.kreutzer@edu.tbz.ch"|"gmGEKN-tvb2mI-2K&9JJ"
"kalliste.kleinpeltz@edu.tbz.ch"|"TB#ndG-07MCKF-qdh#zh"
"clementine.danat@edu.tbz.ch"|"CXW7Dc-PIZdS8-XxcCFJ"
"andrea.wabb@edu.tbz.ch"|"XFJw@7-fFy&go-exIqUK"
"geraldine.piesold@edu.tbz.ch"|"SZT2vx-aQeI9H-CuaFON"
"tan.fiveash@edu.tbz.ch"|"DG@ihT-4WFmzy-ptg3go"
"meline.yuranovev@edu.tbz.ch"|"&T@FSQ-miMKGO-4W3LBE"
"therese.holme@edu.tbz.ch"|"pg6W2c-5KJ2b5-KLCWrl"
"salome.vaney@edu.tbz.ch"|"Z%Mlx&-gNxtR3-ixFBdB"
"anae.abramson@edu.tbz.ch"|"8D&ln3-YE%#d3-&T6fVc"
"kalliste.jimson@edu.tbz.ch"|"VowhQu-ATY6M0-RXC$vR"
"selene.yole@edu.tbz.ch"|"ZWS439-aGuoCS-47Paen"
"agnes.defraine@edu.tbz.ch"|"MC2TA&-PfdEZh-JfM$H#"
"faites.mccluin@edu.tbz.ch"|"EpEj3P-y2pryu-mJljPj"
"athena.deme@edu.tbz.ch"|"ukySTm-Nxf9a@-42XVSB"
"daphnee.brigstock@edu.tbz.ch"|"orvNJO-UE9wYJ-NO5CtI"
"goesta.skaif@edu.tbz.ch"|"AikxOf-SKcREk-yxqrlV"
"oceane.jagoe@edu.tbz.ch"|"BFP&k7-Obsd%W-xY76qz"
"annotes.broomhall@edu.tbz.ch"|"wbx8fM-@hD9iM-7Fnmyc"
"marie-eve.ballendine@edu.tbz.ch"|"dsNQF2-@pYfGH-kBQgnC"
"melina.spykings@edu.tbz.ch"|"kfjI0F-lQTN7A-5snpwp"
"laurene.ticehurst@edu.tbz.ch"|"A$X%c9-NXk&9T-y$oFO#"
"fei.avramovic@edu.tbz.ch"|"N21IH3-qAmmYm-XfL5v&"
"publicite.strathearn@edu.tbz.ch"|"FjBEPY-E9T7Wo-$udjEn"
"torbjoern.garrow@edu.tbz.ch"|"ivBuMI-SZwEwY-z#Zl6s"
"chloe.rubinsztein@edu.tbz.ch"|"Z0ctbz-1nGS1b-f1#rm6"
"mylene.demanche@edu.tbz.ch"|"12Pyc7-M5QwQk-jn#Ip7"
"mediamass.godlonton@edu.tbz.ch"|"$WcNlP-b1$yb&-q$snGc"
"renee.shurrocks@edu.tbz.ch"|"peXe1&-3jfaA8-Xo5t31"
"maiwenn.jedras@edu.tbz.ch"|"dEHbkD-185SLq-wmeiHP"
"genevieve.castells@edu.tbz.ch"|"vdRDDi-LpwnaL-XdhQ6t"
"renee.sneden@edu.tbz.ch"|"sXYY2P-LBhtdr-AILwNX"
"lai.mccallion@edu.tbz.ch"|"ASHXir-jzazV2-BAHJSP"
"kevina.impleton@edu.tbz.ch"|"CUPnYz-N02PG0-Sx5GHs"
"oesten.fresson@edu.tbz.ch"|"HlU3ZT-RJvtoD-OaL3at"
"verane.shawley@edu.tbz.ch"|"ST9ZKj-Zx&#11-IyFXTH"
"uo.sjostrom@edu.tbz.ch"|"P5m$e0-STCw3F-JAQda1"
"gisele.gothup@edu.tbz.ch"|"2M#0sy-tf9RnU-t4lmzt"
"renee.beauman@edu.tbz.ch"|"cCH3KX-jzT&&0-6c$pBQ"
"elies.loton@edu.tbz.ch"|"i8Ha6U-b5Ye2F-hsLVra"
"valerie.elsmore@edu.tbz.ch"|"@DMY1W-QKyivn-F6uK$g"
"berangere.delafeld@edu.tbz.ch"|"fzJG%A-kXv$i%-zcUzxz"
"bjoern.schimke@edu.tbz.ch"|"b0Hgp5-P%O7xV-30hmDd"
"loic.ericssen@edu.tbz.ch"|"mngAf1-f#U0JC-Ijbx%D"
"creez.richarz@edu.tbz.ch"|"5z$6bC-mZWg4x-guLeb6"
"athena.grocott@edu.tbz.ch"|"LYkVZ4-tDZ0XI-Kw$qWD"
"naelle.piotr@edu.tbz.ch"|"GZ3OtR-aB@7zx-x6AVc0"
"maella.paulson@edu.tbz.ch"|"ZMcBnk-tQvR60-#0W7lo"
"song.perot@edu.tbz.ch"|"&Zs4jB-EiBUcj-135w5B"
"kalliste.heckney@edu.tbz.ch"|"B8I$I&-d9MvHo-%pT#vZ"
"ake.vasyutkin@edu.tbz.ch"|"ga4J4m-hDTNqB-buDVmn"
"ma.castles@edu.tbz.ch"|"vfu5rD-Dr1pWV-5vVBex"
"maely.monget@edu.tbz.ch"|"1rAs7J-#9@fg%-#$fhtA"
"tang.durbridge@edu.tbz.ch"|"JSWkl@-2b0@iX-#rRkL#"
"laurene.andrew@edu.tbz.ch"|"kzV$Lc-2aXlwS-c%XOrk"
"lysea.beacon@edu.tbz.ch"|"mK0vry-gjsHPe-R7ADFQ"
"leandre.peyntue@edu.tbz.ch"|"ph&309-d64dFe-4KM00J"
"rao.trever@edu.tbz.ch"|"MG$Knf-t5T7SU-1wueKL"
"mahelie.streader@edu.tbz.ch"|"vcSH$V-B6ivz0-ZW%jA&"
"maerta.andrejevic@edu.tbz.ch"|"R29m&A-iE06Ti-UlOfqU"
"goesta.tompkins@edu.tbz.ch"|"JxFhBq-u5c9OP-QdoZI4"
"helena.agates@edu.tbz.ch"|"XIMqne-AJkTu5-@HtWEj"
"therese.glass@edu.tbz.ch"|"$#t3Cv-wxb&Zn-BVKHXX"
"alois.foan@edu.tbz.ch"|"saBtex-4ybh%i-oclQ8@"
"becassine.melchior@edu.tbz.ch"|"rPa8rl-d1qpRX-aOLZd#"
"cloe.robart@edu.tbz.ch"|"LVmOMG-$ReC#4-stn4rL"
"daniele.puckinghorne@edu.tbz.ch"|"8YKUng-K78j8H-pJOEEP"
"selene.cammidge@edu.tbz.ch"|"oVFJAW-GTG$Er-KH5MR%"
"regine.conochie@edu.tbz.ch"|"HUTljV-dGXNN8-lxtSw3"
"interessant.tuiller@edu.tbz.ch"|"YtVrrW-oinCIX-Igo6CA"
"long.tiebe@edu.tbz.ch"|"7#sjSP-euxEdl-U0jLV8"
"mans.yele@edu.tbz.ch"|"87k$jD-Wn&G9o-EbkTQv"
"ai.giles@edu.tbz.ch"|"ai@Jok-5CWb&V-&dJHOa"
"gaetane.hamberston@edu.tbz.ch"|"6eig3B-2vG8uG-@FeAt7"
"marylene.fenix@edu.tbz.ch"|"QL@u$b-UQmlpp-84kkF#"
"geraldine.graeme@edu.tbz.ch"|"jX@xsJ-CPpNti-s62mF4"
"tang.kinglake@edu.tbz.ch"|"hzMI1g-zpeoeG-6gEH0I"
"lai.challoner@edu.tbz.ch"|"&#bJLW-%r6Ve1-4y6%3i"
"desiree.mattei@edu.tbz.ch"|"knqA0y-iB%AZ5-AioVcH"
"ake.erley@edu.tbz.ch"|"96dmDU-cNZVFi-ash&5a"
"edmee.cavil@edu.tbz.ch"|"e#ICSn-Y@6IXg-&mAu&X"
"alois.moyes@edu.tbz.ch"|"MKSjuJ-DPTIIX-pgoE@U"
"becassine.pitman@edu.tbz.ch"|"XEs4NP-Z6V278-wP#Y6P"
"ai.giacovelli@edu.tbz.ch"|"qWl@i3-aDAzdY-RREuIL"
"judicael.fruchter@edu.tbz.ch"|"Vf6cvd-bB@PT4-GEms9Q"
"mans.mogg@edu.tbz.ch"|"nZbrFK-KA3n54-gmdCkw"
"gerald.foyle@edu.tbz.ch"|"TJeyAA-eSsuGy-JDK7@b"
"wa.androletti@edu.tbz.ch"|"goFjCY-KMFV48-&JR6ka"
"meng.ollett@edu.tbz.ch"|"blpQa1-qG7slZ-l2eXke"
"naelle.macmenamy@edu.tbz.ch"|"PfD6m3-EAD%YZ-8MTU2O"
"gisele.mcramsey@edu.tbz.ch"|"ZIHIXg-IieqoX-$ASRS6"
"meryl.scolts@edu.tbz.ch"|"pSllTX-M7qo@H-UZ3D@c"
"celia.bloxsome@edu.tbz.ch"|"jzGA7n-qAmpnP-BHpUBT"
"styrbjoern.stuke@edu.tbz.ch"|"zF4XEl-HNg95L-bm5aw&"
"felicie.gwilliam@edu.tbz.ch"|"JvXgUl-8E7RrV-YuO@Sv"
"da.harms@edu.tbz.ch"|"ughlsW-qWHxv6-#eLjTF"
"celestine.baulk@edu.tbz.ch"|"PgEz49-4ur$uU-IJtskZ"
"mahelie.blackledge@edu.tbz.ch"|"mF0Liz-zHN6FV-ASkZsH"
"meghane.salt@edu.tbz.ch"|"ka7d#u-OKng&y-#c@dA2"
"methode.paxeford@edu.tbz.ch"|"zet7k4-sKkU@Y-tcPkOO"
"asloeg.milligan@edu.tbz.ch"|"QPDC4t-v8wcEz-GMRgHs"
"you.pellman@edu.tbz.ch"|"xBXViL-cl3@Rd-IZfqAW"
"loic.regenhardt@edu.tbz.ch"|"3WH1eM-k69Cgj-gJKh2j"
"daniele.savill@edu.tbz.ch"|"TLGwCc-iLED&$-W3SQUb"
"alois.cornu@edu.tbz.ch"|"ZGqxtH-rslxq@-Qd6xeP"
"oesten.govey@edu.tbz.ch"|"SwPP#m-c&%Jov-9UhWMi"
"marie-eve.louch@edu.tbz.ch"|"&OyGGi-K6&l8M-4TdhHm"
"theresa.wenn@edu.tbz.ch"|"%68wiI-OksBV#-#UngcR"
"andree.eul@edu.tbz.ch"|"%O0oej-7cUlQg-OiSLX#"
"lie.paynton@edu.tbz.ch"|"B9crS@-gHkkX#-@hEHzM"
"marie-eve.girodier@edu.tbz.ch"|"U#6Kuj-oTwF%T-CuklHH"
"marie-noel.smithe@edu.tbz.ch"|"fPirlo-1HdJ#g-fDDFFs"
"men.bootyman@edu.tbz.ch"|"hD@$Ee-YI#d$1-usHA1k"
"ku.sugg@edu.tbz.ch"|"%GvKV6-r5rbzh-EzYQ5s"
"lucrece.roseman@edu.tbz.ch"|"oIA4MU-EFimJa-ukS7dG"
"zoe.annear@edu.tbz.ch"|"fEuFcn-IkoHHe-nB9VFK"
"marie-helene.rennebach@edu.tbz.ch"|"bM4bN3-qezyfP-fHO@UN"
"lea.djurdjevic@edu.tbz.ch"|"mcZOFD-t8Ci%I-0OIF2X"
"goerel.robert@edu.tbz.ch"|"8E3&6e-mnWnP1-jgdh$x"
"mylene.foldes@edu.tbz.ch"|"OTUNQ2-3doJcr-2vIebf"
"faites.clegg@edu.tbz.ch"|"&#BQt$-iEoFa0-zbPEp%"
"marylene.crowcher@edu.tbz.ch"|"vbn$hJ-uNi&75-7toPQx"
"aimee.wimpeney@edu.tbz.ch"|"Ol28P#-t1#Nuj-6qr7HW"
"renee.atkins@edu.tbz.ch"|"EnQHV1-4ETsWR-cngOCJ"
"rejane.cainey@edu.tbz.ch"|"n8BDWc-8Btvit-1bOQ48"
"solene.britney@edu.tbz.ch"|"Ky10cw-dMaflu-Na@ttH"
"marten.shatliffe@edu.tbz.ch"|"ZldxO@-TqHYkL-ZBGDAl"
"maite.issatt@edu.tbz.ch"|"d%fD96-CU#o3P-DICK2m"
"maelyss.edon@edu.tbz.ch"|"tWwSNw-tkW5av-ABuPpa"
"nuo.bamling@edu.tbz.ch"|"jeuhA0-xhiUvB-CXcyOy"
"anais.edards@edu.tbz.ch"|"UQXLcr-0xfBnb-XG&oyv"
"mediamass.bromet@edu.tbz.ch"|"pNTJC6-vjte0O-sKRzFE"
"beatrice.kimbrey@edu.tbz.ch"|"vJOfB4-yKdlND-jfiesX"
"ines.lawranson@edu.tbz.ch"|"ewoQtr-@uJEXS-JNkH2U"
"kalliste.scandroot@edu.tbz.ch"|"OkPZHP-dn6bBn-RtWH4O"
"mans.barrowcliffe@edu.tbz.ch"|"IGo9#&-XpP9CD-@1hD2L"
"irene.couves@edu.tbz.ch"|"5X2pBI-WKWliN-EUILJo"
"milena.mucci@edu.tbz.ch"|"t0A$FH-huiz3S-1KQyYZ"
"naeva.cow@edu.tbz.ch"|"RFkn59-S2rgmG-FT9psx"
"audreanne.mournian@edu.tbz.ch"|"#67w9P-i46LJE-gUluOd"
"melia.sinnatt@edu.tbz.ch"|"32z$hv-H8ciez-Hb0Xq0"
"nelie.burnard@edu.tbz.ch"|"6KYWlK-irhPa6-&cuBRN"
"clelia.ashfull@edu.tbz.ch"|"Q1Xz%$-ojgc4j-D@G&8P"
"lie.macard@edu.tbz.ch"|"1J8Pkx-1GoVxw-%Qimlo"
"valerie.matoshin@edu.tbz.ch"|"FP$$Fn-udmves-c3&Ywm"
"anael.hatherleigh@edu.tbz.ch"|"hpw$xx-HXWvFv-kjuM7N"
"interessant.warratt@edu.tbz.ch"|"5pqxGa-W9afbp-Ss70y4"
"eleonore.volage@edu.tbz.ch"|"mQ41lW-v&bKOi-iqVVXR"
"zoe.stebbing@edu.tbz.ch"|"A%Dc8d-%37%f5-YruVjR"
"alizee.nye@edu.tbz.ch"|"CGGiie-JILQcw-MKSvYg"
"celestine.bramley@edu.tbz.ch"|"5Z4lwa-BDNfkP-XkHXuH"
"selene.philcott@edu.tbz.ch"|"tBgV%p-1BDUb6-Eru9Ou"
"tang.newens@edu.tbz.ch"|"oJsn3X-j#8x5R-xKBq2j"
"annotes.powys@edu.tbz.ch"|"o1%dLg-d#GQTd-uI&XK9"
"lea.matthesius@edu.tbz.ch"|"$tFebg-%tIk3d-i5@$fU"
"illustree.garlett@edu.tbz.ch"|"L6Z7WH-a511sJ-#Nd7YP"
"maiwenn.meachem@edu.tbz.ch"|"PIRbGD-YzGKgI-2djc5v"
"marie-francoise.mcbrady@edu.tbz.ch"|"rw6Hub-tbS6$@-w2IfdT"
"illustree.gimbart@edu.tbz.ch"|"FPt7qr-$XxDZ@-axZ#Vo"
"melys.lyosik@edu.tbz.ch"|"$4EmcN-sB6L@P-Wob%lH"
"marylene.mcnab@edu.tbz.ch"|"zp9#mc-nCA7y$-T%rsRU"
"gerald.blount@edu.tbz.ch"|"OYh7K3-3vRwYm-UuL5vD"
"clelia.shakelade@edu.tbz.ch"|"sssLul-2eCn@p-9EERUn"
"penelope.cridlin@edu.tbz.ch"|"JFU88I-qzvvTg-QmeDBD"
"maena.okuddyhy@edu.tbz.ch"|"Q4HGvX-xyE2Uc-rFrRJD"
"athena.keynd@edu.tbz.ch"|"JheCc@-EMjPhx-ZeXeq$"
"cloe.dwine@edu.tbz.ch"|"tZmLdi-av9gxJ-mubMs5"
"josephine.browett@edu.tbz.ch"|"$vC1B5-pRzcR8-sfaf@i"
"audreanne.oscanlon@edu.tbz.ch"|"qyTLGP-p%VuqG-&nIYif"
"fei.jeanequin@edu.tbz.ch"|"aVilU6-CO4zLl-FGHy9L"
"lois.gormally@edu.tbz.ch"|"NvrXcA-RofmtB-ECy%6h"
"marie-francoise.finnigan@edu.tbz.ch"|"vD3unk-b$bczV-rCYQob"
"leonore.trussman@edu.tbz.ch"|"Ai31$b-lqJ%4R-etQb5#"
"anaelle.trumper@edu.tbz.ch"|"dIU$ge-dRtRti-HhVkJs"
"clemence.dionis@edu.tbz.ch"|"hu9ktY-JgOjlF-BMEu$m"
"lois.tranmer@edu.tbz.ch"|"iGht$p-O%%MNu-EX0upT"
"interessant.volett@edu.tbz.ch"|"Xf%WIO-%SOjIj-hmZR#u"
"personnalisee.deackes@edu.tbz.ch"|"TFaCeJ-idY2zw-%rF@c6"
"lie.vasiliu@edu.tbz.ch"|"zPNZ$S-&H0ICk-XTcGIB"
"dafnee.lamputt@edu.tbz.ch"|"q%ePkL-dJe60K-Uj#k82"
"elies.bromige@edu.tbz.ch"|"Lv1&@&-u8N#J#-ZaUe%W"
"helena.klosser@edu.tbz.ch"|"fRG3GN-koC$nI-SZQR4S"
"andree.grim@edu.tbz.ch"|"0MQ4Xl-kB0w3I-UyNfPP"
"verane.coldbath@edu.tbz.ch"|"0nq&w#-JivKbX-fqU$&3"
"helena.bethell@edu.tbz.ch"|"08#GWH-3PUEDF-%V0O4I"
"kalliste.carefull@edu.tbz.ch"|"ydcaEF-exqu#D-4bppw1"
"regine.odams@edu.tbz.ch"|"3KdIZK-o&tN1o-&vcr@L"
"len.stannus@edu.tbz.ch"|"l9P6nV-Y44Km$-5h25E8"
"angelique.works@edu.tbz.ch"|"@@LQ2k-eDmjwa-8RUH%v"
"goesta.rheaume@edu.tbz.ch"|"2PvmTZ-cU6dSm-8I6a7t"
"maelys.tynnan@edu.tbz.ch"|"sJQUfz-tfRnG6-rBMbZX"
"maelle.carlesi@edu.tbz.ch"|"AZMVUT-LFtvP7-gSWeOk"
"anael.spurden@edu.tbz.ch"|"La0zH1-NpP9VL-TAeF&G"
"helene.pumfrett@edu.tbz.ch"|"&IaufG-HQFO$v-6$GiT7"
"goerel.pearn@edu.tbz.ch"|"hMZGA5-s0fnkH-ETqtA2"
"laurelie.dezamora@edu.tbz.ch"|"jG4n9m-izI@lb-PSC2sp"
"yao.twidale@edu.tbz.ch"|"SkPpgk-Uer7SP-jE@p8U"
"berengere.sola@edu.tbz.ch"|"7m0B9R-vNSQnD-WWGLB7"
"maelann.hardistry@edu.tbz.ch"|"54@Zia-gZ8b8y-ZMMhpj"
"severine.littlefield@edu.tbz.ch"|"4jufSu-eKDwf#-wO@@lD"
"salome.heinl@edu.tbz.ch"|"FOMrwD-kWpHOe-5kTyCD"
"meryl.warbey@edu.tbz.ch"|"w%Hkoy-Or@rsg-qDT2R5"
"da.hunstone@edu.tbz.ch"|"z7Eh9v-r$niLo-RteCUK"
"venus.broadbury@edu.tbz.ch"|"kJNzZ2-eFa5WZ-#89a&j"
"meghane.rentelll@edu.tbz.ch"|"6I@gQ1-x%MX6H-L6Cd4t"
"marylene.drewitt@edu.tbz.ch"|"tgofmv-MsVthV-C4kYcv"
"melinda.jacquemet@edu.tbz.ch"|"6NwbVY-15Em#d-DU54ft"
"marie-josee.keyden@edu.tbz.ch"|"Ut4X29-0%5iej-tEt6XU"
"asloeg.montacute@edu.tbz.ch"|"g8WX&$-Kd9s1K-7CcTAf"
"ku.andreou@edu.tbz.ch"|"NEepZe-TZ5qPo-Bi72mS"
"personnalisee.feaveer@edu.tbz.ch"|"KAH67@-0Tl%a&-%R&Mbz"
"laila.emptage@edu.tbz.ch"|"g6wbvn-eWxo2f-b$4NTq"
"bjoern.dawdry@edu.tbz.ch"|"rET2Pd-eHP5kj-CF8RAY"
"marie-eve.dinsell@edu.tbz.ch"|"C#T9FI-CKZcW%-2S0VDb"
"helene.follett@edu.tbz.ch"|"e4G$ay-WzbK7n-WuwNUl"
"penelope.cordero@edu.tbz.ch"|"P&bVTy-aHst5h-J6%Hpj"
"boerje.beedell@edu.tbz.ch"|"SfOlLM-cI8NMy-JAIW8M"
"nelie.ferne@edu.tbz.ch"|"aYBKxZ-NQ#Hub-Gbd4GC"
"celine.ahmed@edu.tbz.ch"|"QRqUR6-QJDPeP-23G4xd"
"stevina.pimblett@edu.tbz.ch"|"@joF9V-$3RVnC-8o4mYB"
"chloe.langlands@edu.tbz.ch"|"o0$lvz-2BLl3w-5pM7AZ"
"simplifies.maude@edu.tbz.ch"|"hNksJU-#61C%B-T6FSLB"
"genevieve.decarteret@edu.tbz.ch"|"xwF3NE-ljVU0Q-FGPTSE"
"marylene.mughal@edu.tbz.ch"|"0cn%Qv-4PY0YS-w$#gyO"
"goeran.guttridge@edu.tbz.ch"|"HGrcnW-JB4H4L-8RT53e"
"michele.smurfitt@edu.tbz.ch"|"2oHb&c-xOdzdE-A0$EY3"
"methode.hadeke@edu.tbz.ch"|"Sypf#N-94u8iz-UWWdWu"
"therese.rispine@edu.tbz.ch"|"uoVb&O-K#ORBm-q#Ov1R"
"goerel.plumley@edu.tbz.ch"|"&JXcqS-gcltm8-$F77@W"
"oceane.friett@edu.tbz.ch"|"nDww0v-%XjRfE-8ewLe4"
"marie-noel.achromov@edu.tbz.ch"|"$@58pE-mkbfI0-chIkZF"
"dorothee.storek@edu.tbz.ch"|"v@b1@3-aubY5w-lHZM&j"
"goesta.whittle@edu.tbz.ch"|"Wq7$@&-&6ynLz-Tk1Gwj"
"desiree.casely@edu.tbz.ch"|"srApi9-yKWJ@B-FKo%yF"
"felicie.condon@edu.tbz.ch"|"8dtbuM-u3Yv0C-T%bYJ5"
"maelyss.frisdick@edu.tbz.ch"|"2gUhSS-lP&QuT-u#%Vq7"
"aimee.banke@edu.tbz.ch"|"@LAsjr-hmtQ0a-%jx21@"
"naeva.hodcroft@edu.tbz.ch"|"OcXoZ6-d#9%zu-%%v0eI"
"laila.gerrans@edu.tbz.ch"|"N9sSSw-Zkz2kv-L5nUNF"
"daniele.scrimshire@edu.tbz.ch"|"jphvST-ZjPi@z-mldIKj"
"daphnee.sheerin@edu.tbz.ch"|"lHpb8A-itgW$s-FFCC2Q"
"pal.vanyukov@edu.tbz.ch"|"VgpQbE-mRPgFC-Z1SgJh"
"zoe.childs@edu.tbz.ch"|"%jr3DO-zD1bMA-IUpOO%"
"ai.corde@edu.tbz.ch"|"MgPa@f-dkm2o8-r$8tPQ"
"maelys.berryann@edu.tbz.ch"|"@M6M80-B6e9rn-FQbiNv"
"cloe.gladding@edu.tbz.ch"|"aZyy4P-otrFXt-I85dPm"
"wa.kinnaird@edu.tbz.ch"|"EPLx&$-TySmCV-U6tVgp"
"publicite.brittoner@edu.tbz.ch"|"V3dG&S-49Pkp@-slEN9s"
"rao.windress@edu.tbz.ch"|"q1IAvV-O2s3Ul-e@u7gt"
"uo.kollach@edu.tbz.ch"|"6v#jYb-GdbBHZ-ufR&Aj"
"josee.peskett@edu.tbz.ch"|"kQ#v3N-Uuc81Q-XxpqVc"
"annotee.hasel@edu.tbz.ch"|"WGOP@s-#Jh41E-ZbPWk#"
"cinema.lee@edu.tbz.ch"|"%UsXSc-tjZn1V-qjDl@R"
"lai.vedeshkin@edu.tbz.ch"|"TJuP4M-mUiAt%-XwKyGH"
"renee.brisbane@edu.tbz.ch"|"mR$R0m-PjE2dE-oSBI$L"
"ophelie.blincoe@edu.tbz.ch"|"3#uEG9-8Go1m0-$duq#X"
"zhi.prazor@edu.tbz.ch"|"%ByI9f-MAE#yC-t4swry"
"annotee.maddicks@edu.tbz.ch"|"M4xhU4-ly&Fr4-VulCGY"
"maelyss.codd@edu.tbz.ch"|"o$Pc$k-g8hixS-Kkf@1V"
"celia.peplay@edu.tbz.ch"|"g@dI3m-e#FLo@-OFH6LT"
"interessant.skone@edu.tbz.ch"|"ZHtGw@-V32X%K-bBh5ig"
"audreanne.hebdon@edu.tbz.ch"|"s%RA4D-RG6L4U-rPfJJz"
"oceane.glen@edu.tbz.ch"|"QfgXx@-%Fb9Jg-UFzUEb"
"daniele.vanyushkin@edu.tbz.ch"|"wvlMoo-a4TH5P-y4JW5y"
"daphnee.ayce@edu.tbz.ch"|"0u&grS-DeWgGx-Q4#U9u"
"andrea.attride@edu.tbz.ch"|"UmE$sV-#1Dn%c-Ncp6im"
"penelope.bridgwood@edu.tbz.ch"|"&JyHPe-Y$U#NT-MMfOz2"
"mailis.drewitt@edu.tbz.ch"|"8mdi5Q-wndER9-PBxDXR"
"penelope.mollene@edu.tbz.ch"|"4u1PaB-@2QoxA-8Reev#"
"illustree.keely@edu.tbz.ch"|"DNgmtT-bODVri-$meBOA"
"meng.brisseau@edu.tbz.ch"|"qSplSI-kDnIxX-7Mp2B7"
"ruo.cleiment@edu.tbz.ch"|"mkc&nJ-uE&NGI-HTpY8X"
"maite.krammer@edu.tbz.ch"|"tqR%I1-z5UQUn-8R6mZT"
"genevieve.verry@edu.tbz.ch"|"PfVJcP-lwYml5-$GJI&o"
"lea.olochan@edu.tbz.ch"|"46wUb7-Vgyyry-u&p4E0"
"naelle.brunnen@edu.tbz.ch"|"8pqVAs-EOKzrv-hPz6E8"
"goesta.bragginton@edu.tbz.ch"|"FMcyCP-5GhqyN-1MiOzu"
"fei.danilyuk@edu.tbz.ch"|"ecOTam-gRoxn8-&%MFLN"
"adelie.turbitt@edu.tbz.ch"|"u0lJL8-q25EN2-@CzCtI"
"marylene.nutman@edu.tbz.ch"|"KS%2x&-YaDQXd-TptB8S"
"therese.barbrick@edu.tbz.ch"|"XIV@mI-cAJ6th-qn%Lds"
"melys.kolodziej@edu.tbz.ch"|"bU$8bN-EN0GEe-9BgSv%"
"melanie.runchman@edu.tbz.ch"|"qz55xP-rvQiRg-KxPYYw"
"serena.lafond@edu.tbz.ch"|"ObDlLo-@JMYxW-snrf%k"
"pelagie.desmond@edu.tbz.ch"|"vBCo2o-Skn&eb-rbwRJq"
"wa.spickett@edu.tbz.ch"|"NMqNka-XN#Joe-QkxO#I"
"po.shave@edu.tbz.ch"|"9pA32x-XKwN9m-VdsLGG"
"song.huikerby@edu.tbz.ch"|"uK7cdS-SWkLVp-&rNhLi"
"melinda.bimson@edu.tbz.ch"|"L$LoRi-RMk8BY-wtUZtj"
"personnalisee.toffanelli@edu.tbz.ch"|"eECxyA-2FV2s@-EAypPa"
"leandre.hurn@edu.tbz.ch"|"NR7EVP-b&zR@N-nz161c"
"oesten.standell@edu.tbz.ch"|"na7Jdz-CZE6u8-%wNWMP"
"naelle.smaleman@edu.tbz.ch"|"NWBg@y-yK5C2P-4%wlh$"
"berenice.tayt@edu.tbz.ch"|"G@kMdC-21L4yg-LD@etM"
"kui.popplewell@edu.tbz.ch"|"Zm4Lo$-pj54E2-Qy2&st"
"melodie.ferandez@edu.tbz.ch"|"2Yele#-1&k9fO-saz7wf"
"josee.negal@edu.tbz.ch"|"KnyNDO-zMSkrq-xwZ8F$"
"melissandre.ferrelli@edu.tbz.ch"|"Nh5Ncn-e7qKhY-Vododn"
"josephine.kemmer@edu.tbz.ch"|"lqKV2%-eL%L48-ZNLSEE"
"maely.cayette@edu.tbz.ch"|"wgtViS-KNL3FE-j9%pRC"
"nelie.vela@edu.tbz.ch"|"#2Hy3H-XsJD0M-JWyzvd"
"melina.cortes@edu.tbz.ch"|"H3@WH1-d#FfpW-vWMH$w"
"megane.leyshon@edu.tbz.ch"|"msQTvF-5EF7$h-xIAVXK"
"regine.harrie@edu.tbz.ch"|"JFxW%X-0zw1Ak-n9uFML"
"mylene.widdison@edu.tbz.ch"|"mDEUZT-hAKSOC-p$Xn2c"
"pelagie.vivash@edu.tbz.ch"|"7InbCZ-a937JT-WVMCYz"
"styrbjoern.vicarey@edu.tbz.ch"|"@G%vju-4tiYK0-3w&Xha"
"long.kyles@edu.tbz.ch"|"zzaHJk-lWTK77-rq$usZ"
"stephanie.gipps@edu.tbz.ch"|"KnE0#7-&nufIo-OMbSn1"
"clea.constantine@edu.tbz.ch"|"u%ZU@I-L9u6IG-N%OBnl"
"maella.cometto@edu.tbz.ch"|"p%yKdG-uhpdPW-N7ob&K"
"laila.aubrun@edu.tbz.ch"|"WB8FJw-OoDhz5-hUqYvL"
"yao.austins@edu.tbz.ch"|"ii7Jq@-uZ#hXC-vYMAgf"
"mailys.rylstone@edu.tbz.ch"|"zxKV7i-uWac2a-szuw43"
"adelie.curuclis@edu.tbz.ch"|"lJmVEC-bVM%hk-RiLNdX"
"celine.longhurst@edu.tbz.ch"|"QiJPhO-lulB@V-ntjTa1"
"gisele.hazell@edu.tbz.ch"|"NYAt4i-5mvvNd-123MGq"
"celestine.ciccone@edu.tbz.ch"|"9KFGqN-mSnWHM-sF9cVq"
"maelyss.doole@edu.tbz.ch"|"X@wPKD-Hou$n%-rpgN1k"
"helene.grimsdike@edu.tbz.ch"|"fS&ofj-9Mgunv-D0nMn4"
"lie.macer@edu.tbz.ch"|"OaMhSa-qLKFvW-l3u9eW"
"maely.izard@edu.tbz.ch"|"XqbE3o-nB7QEw-uh5fkB"
"erwei.breewood@edu.tbz.ch"|"NKkHj9-pFg2se-b0cgvs"
"chloe.woolford@edu.tbz.ch"|"28vjJO-oiI5Pt-NTExuP"
"cleopatre.turpin@edu.tbz.ch"|"#NlrrT-kmRkYn-O%2Oje"
"melodie.surgison@edu.tbz.ch"|"WqaDrt-CB@5Bt-wEkGBf"
"elies.leander@edu.tbz.ch"|"FVhRkt-VglM3F-uKcq$D"
"mediamass.reignould@edu.tbz.ch"|"5hFKTw-Y%SBW6-7LJ33O"
"celestine.wasmuth@edu.tbz.ch"|"pEPIDu-6W9$Lm-YV&qwV"
"marten.jervis@edu.tbz.ch"|"wk4R41-#G14bn-pWXJZR"
"daphnee.bour@edu.tbz.ch"|"XyrZad-0bHPba-ReSNuJ"
"regine.harlett@edu.tbz.ch"|"qwf7#g-@kBsFG-GzzzFA"
"noemie.macaskie@edu.tbz.ch"|"T@DPny-@FQ1mf-wg7#fM"
"loic.renfield@edu.tbz.ch"|"ELGPvi-4WjDHE-mtAYIo"
"venus.kleinert@edu.tbz.ch"|"CkU$xj-#kZ%Hp-fsrLXl"
"marten.burlay@edu.tbz.ch"|"YFHghq-$2JKqI-kAW5G2"
"berengere.radsdale@edu.tbz.ch"|"uU@DLV-4IaD9g-Tp3pcw"
"genevieve.duckit@edu.tbz.ch"|"1RGSSn-piyH4W-w#nCF4"
"maely.ligerton@edu.tbz.ch"|"y2UMp6-NvxYKN-2mG$2m"
"maeline.ricciardelli@edu.tbz.ch"|"CHc%v$-iKWoK5-u7Hr0a"
"personnalisee.yggo@edu.tbz.ch"|"B@pL8L-BO8MjR-29Cfyo"
"alizee.pettinger@edu.tbz.ch"|"DgifIy-W8&zN2-#pqSYv"
"desiree.curnnokk@edu.tbz.ch"|"PMnyef-7mdM&u-wn#879"
"dorothee.minors@edu.tbz.ch"|"6Q&T1V-6JXe$X-@g%zb0"
"oceanne.kopmann@edu.tbz.ch"|"uN&vOq-sNl&s5-gQ%1bI"
"almerinda.brodbin@edu.tbz.ch"|"aEhLHJ-ymOaMk-WFRK6V"
"yenora.carsberg@edu.tbz.ch"|"kt8@sk-IW&eDl-&YkKav"
"wa.beetles@edu.tbz.ch"|"HeXkH4-xEoXPc-mTKrSE"
"audreanne.abbot@edu.tbz.ch"|"AjT%IY-nVlWoM-r%40uo"
"noemie.capper@edu.tbz.ch"|"XkicRh-jX$B4A-YX%InD"
"mans.abramamov@edu.tbz.ch"|"emBXFm-IbUN@x-qvl3wK"
"audreanne.blakey@edu.tbz.ch"|"WyiyJ6-nlyt4a-AQOKKA"
"leone.klimpke@edu.tbz.ch"|"JZZl4S-cSF@0o-jMxWAO"
"lie.croston@edu.tbz.ch"|"8d$zzb-SvP&pN-reAwhb"
"anaelle.baistow@edu.tbz.ch"|"fMNa3j-QY1qj#-X$AC75"
"michele.garwood@edu.tbz.ch"|"LYC21&-j5344M-Ku#Adi"
"interessant.albion@edu.tbz.ch"|"96sOQo-sOW1Og-j1L7MY"
"andre.brisco@edu.tbz.ch"|"1Mxnll-Tvr8px-mk%6yA"
"tang.totterdill@edu.tbz.ch"|"ai611s-g5rW43-IJ1AgI"
"marie-josee.braundt@edu.tbz.ch"|"Oq2amr-JIU%vm-8812nt"
"lois.galer@edu.tbz.ch"|"%IF2T%-R%%L%X-Yu1Gy0"
"faites.pellamonuten@edu.tbz.ch"|"hgcZIJ-UgvupF-e0sdru"
"mai.barfford@edu.tbz.ch"|"C5ln8o-S@d5SU-l$&BMn"
"laurene.macilory@edu.tbz.ch"|"U8bnID-1M95cU-o1hJsf"
"elea.peak@edu.tbz.ch"|"2@V4fU-ZlDSxf-1RrCfl"
"rejane.doni@edu.tbz.ch"|"rtj0fI-WqtucL-i@evQt"
"mahelie.ector@edu.tbz.ch"|"0EQmUy-o@67zb-FN0RyW"
"rachele.allum@edu.tbz.ch"|"gLAzsY-PGGMMX-9MXb4b"
"laila.gerretsen@edu.tbz.ch"|"iSfZpO-Ucy1BU-sxseew"
"ines.bowman@edu.tbz.ch"|"ax0fCU-&L36zk-5cQtam"
"publicite.barbary@edu.tbz.ch"|"lIhfVQ-b7mmte-X2nmJV"
"mailys.smooth@edu.tbz.ch"|"bJpCNe-B0CpdN-uqDRNI"
"mailis.huguenet@edu.tbz.ch"|"TVh$v3-nBIBtj-V52&Ii"
"lea.ewer@edu.tbz.ch"|"2S42MA-D&oajl-E49CKB"
