"email"|"password"
"melodie.vandervlies@edu.tbz.ch"|"%K5aJS-Yw$wWJ-64$vF7"
"angele.edgecumbe@edu.tbz.ch"|"vVtjlI-nApbqv-VjUYIT"
"zhi.andreasson@edu.tbz.ch"|"cwUnSn-nta3Jd-GoyOXq"
"judicael.koppeck@edu.tbz.ch"|"AnZFzd-4WzhKq-Y8A9Ec"
"berengere.capron@edu.tbz.ch"|"mOFKw$-Djvdpr-Qw4tKM"
"leonie.brosini@edu.tbz.ch"|"9%qORl-Gt@zsu-WNmjKr"
"venus.garfit@edu.tbz.ch"|"fVmjNj-fpeAkT-IG9246"
"melina.janota@edu.tbz.ch"|"3XFByP-H61ta#-R3BORx"
"laurene.bake@edu.tbz.ch"|"LEOL52-fo$nDP-WvBnXR"
"regine.dorkins@edu.tbz.ch"|"O&3c88-C17pFa-23Y7gc"
"cecile.moffet@edu.tbz.ch"|"321%Ko-2O@Nou-Up2R6p"
"maelann.labrone@edu.tbz.ch"|"rrVjet-8nqVP$-PvJCwX"
"melinda.newbold@edu.tbz.ch"|"71dno3-QdUE$r-l2DdE6"
"mans.itzhak@edu.tbz.ch"|"5ZZ07u-NrmZHD-NkHV0H"
"melodie.pattlel@edu.tbz.ch"|"hYTFSY-6dtO7Q-t0#e%$"
"celine.bonett@edu.tbz.ch"|"$KhXaO-C9G6Mw-CMaDy$"
"adelie.mcgreal@edu.tbz.ch"|"NJLug2-r&9u8G-SLdgyH"
"helene.soldan@edu.tbz.ch"|"g8Sx0Z-AWXXa0-3asibo"
"michele.cluer@edu.tbz.ch"|"6GaZMi-@luc5$-2&yzpR"
"maeline.mueller@edu.tbz.ch"|"1rQ%Bk-mRfTzv-b5AfhW"
"maelann.benedito@edu.tbz.ch"|"8&uAQ6-ms38$e-hFWTq7"
"nuo.gransden@edu.tbz.ch"|"R0J&yJ-Ryh0oI-WRCitZ"
"berengere.stainton@edu.tbz.ch"|"tiMIsU-z&1&gB-7fJkXh"
"wa.sabater@edu.tbz.ch"|"%VrAyF-cMCbKx-%HThwE"
"anais.cochran@edu.tbz.ch"|"ZOY3&8-5l1nDZ-xG5MI%"
"gerald.bessant@edu.tbz.ch"|"7v3mpu-3QgsvL-1rbYyC"
"ruo.coffin@edu.tbz.ch"|"HA4%mV-YPQXM%-O9sNQp"
"melodie.mustill@edu.tbz.ch"|"NYwHv%-Pt%Gc8-f%hQP9"
"ruo.stanesby@edu.tbz.ch"|"aUf&1j-e%gHny-$CcMov"
"noemie.antognelli@edu.tbz.ch"|"GnDe@W-krUo2H-xwqBsV"
"maelann.hughson@edu.tbz.ch"|"pEyndT-SRtx&X-jbZKEy"
"milena.mieville@edu.tbz.ch"|"wopjSQ-dBRfFr-EPiObx"
"mailys.chamberlin@edu.tbz.ch"|"#dXXo6-W076YU-uwq8ag"
"nadege.tomalin@edu.tbz.ch"|"EYY@uP-#@nlXj-FQivGx"
"oceane.omara@edu.tbz.ch"|"cvnaFN-AsEOeo-xVRug&"
"cecile.aguirrezabala@edu.tbz.ch"|"ZN5$bQ-uR4bi%-KW5es#"
"maella.gwillim@edu.tbz.ch"|"9s2weU-LCg%$I-bM1BQv"
"lea.mcgahey@edu.tbz.ch"|"gn8vfA-Jwl0ug-BXK3sK"
"laurene.hagerty@edu.tbz.ch"|"6%SeMt-SqPtLb-NLao1s"
"dorothee.link@edu.tbz.ch"|"m#Q4G#-nrcYKG-ZZH545"
"clementine.kynsey@edu.tbz.ch"|"dHgB@N-vg6AdA-Ldfker"
"lorene.smitherman@edu.tbz.ch"|"cfY2Tl-1UDSfP-peKjGw"
"cleopatre.klulicek@edu.tbz.ch"|"680RVo-h7ZWYa-UWFHAy"
"laurene.castaneda@edu.tbz.ch"|"Ng42dG-4KwH76-6ZTkXT"
"melia.constant@edu.tbz.ch"|"jpx7rC-SblNHX-QiCMKF"
"lucrece.clunie@edu.tbz.ch"|"4lWDXa-Bm8&VG-8WhYF8"
"eleonore.mcmurthy@edu.tbz.ch"|"flhKS6-FIVS6z-CKR7@H"
"melia.bevar@edu.tbz.ch"|"2KU5xL-0p8gYI-Ax3J7E"
"camelia.bontine@edu.tbz.ch"|"IGHF%0-Pl8D0k-YRL&%P"
"methode.jozefczak@edu.tbz.ch"|"c7FqJJ-ZfWc#c-rz2nhg"
"audreanne.hinsche@edu.tbz.ch"|"Lm&90f-YoYIrb-nytKcS"
"andree.varne@edu.tbz.ch"|"eYblkB-KiJXe8-I7qB9P"
"marten.kinleyside@edu.tbz.ch"|"a&a$qt-wSFO$7-$NX64Z"
"esteve.mcewan@edu.tbz.ch"|"oWOe1Q-9#$RCN-2MrK34"
"leane.dibbert@edu.tbz.ch"|"ThaYAZ-r#HDOl-BBeXYM"
"ma.thewlis@edu.tbz.ch"|"vN&$&s-fAJrOM-$Cv08w"
"clea.djurkovic@edu.tbz.ch"|"OQfSZu-3rB8il-bhpy%G"
"rachele.reburn@edu.tbz.ch"|"NwExrH-z9T%vv-Te$G%o"
"gerald.gowling@edu.tbz.ch"|"MxJ9Cj-ZyZfl%-9v6veZ"
"cleopatre.jackson@edu.tbz.ch"|"p7ttRw-k9GTk$-z096Dx"
"desiree.haskins@edu.tbz.ch"|"b%MwEJ-Rkg5YP-S2@05i"
"eleonore.longson@edu.tbz.ch"|"Ul1gE0-6$RXkb-$zhvyZ"
"leane.dybell@edu.tbz.ch"|"h2G7TN-@w0CbR-3wXh%e"
"becassine.grzesiak@edu.tbz.ch"|"bTle0w-ZGqQN3-xeAP1l"
"marie-josee.pickin@edu.tbz.ch"|"Z@oY%g-fssEjH-SDB&@3"
"marie-josee.roxby@edu.tbz.ch"|"dTSNut-rUR0tI-&l1sFa"
"leonie.feenan@edu.tbz.ch"|"WX3QMr-qPPI8E-HpT%Y&"
"valerie.ellum@edu.tbz.ch"|"17Si8m-aTzLX%-c47uA#"
"ju.caseri@edu.tbz.ch"|"detQmo-y99MuY-4F3#cO"
"boerje.strangman@edu.tbz.ch"|"c0bwQ4-7uWUFq-Ffhin&"
"beatrice.ghidelli@edu.tbz.ch"|"DbYvR$-d3$&8w-AEr8Wq"
"da.jablonski@edu.tbz.ch"|"GKDNeq-xbDscd-@bHK@Y"
"uo.beveridge@edu.tbz.ch"|"JqoWWr-lwXOjV-AW#NRd"
"valerie.bestman@edu.tbz.ch"|"OU%gNP-fReBgh-Z%R&lU"
"marlene.pohls@edu.tbz.ch"|"7yxtqe-25ctga-2YEwLV"
"ma.nolda@edu.tbz.ch"|"uaaL1Z-Ub#&hX-b367iq"
"marlene.bisiker@edu.tbz.ch"|"RSPCSZ-@3k4jg-QioXzU"
"estee.babon@edu.tbz.ch"|"g&wFLd-PDiik%-oyv7L5"
"simplifies.dmisek@edu.tbz.ch"|"n2@OqW-mUFlSU-7pf#yQ"
"selene.ganing@edu.tbz.ch"|"vvAPlR-udnClW-m3Pjzq"
"meryl.penke@edu.tbz.ch"|"%PDq4h-2YxtnC-me0iB1"
"anais.rawcliff@edu.tbz.ch"|"GrK$Co-cNQnxG-bfx&vT"
"melina.andri@edu.tbz.ch"|"TbHJ6D-W1TVrk-FZ2BXa"
"audreanne.fodden@edu.tbz.ch"|"@koG$$-0lePM4-wOR4zA"
"bjoern.spellesy@edu.tbz.ch"|"L@RJhn-jZZeXE-p4U@NT"
"francoise.summerscales@edu.tbz.ch"|"BnfI5J-WA34ie-rLNDr3"
"laurene.ashtonhurst@edu.tbz.ch"|"FYPJ8E-DHMc4A-ugE#CI"
"valerie.petters@edu.tbz.ch"|"MgZ2iE-6D2%2m-oSTbXU"
"anael.spenclay@edu.tbz.ch"|"zR5Plm-Ki5k5N-#k9Rf7"
"stephanie.keech@edu.tbz.ch"|"426WDh-8phZ&e-DygjCt"
"ines.deveril@edu.tbz.ch"|"kpyDnK-apDQps-djuQY#"
"berenice.gelder@edu.tbz.ch"|"@ObSQ$-Ti@#@r-5I7GTN"
"melanie.ofogerty@edu.tbz.ch"|"L4Orjr-PXhK@I-vD&P%U"
"frederique.canepe@edu.tbz.ch"|"jxP4Cj-j$4XhA-6ZmdUc"
"nuo.otton@edu.tbz.ch"|"pw87lZ-Yll9cu-sduAqo"
"genevieve.trusler@edu.tbz.ch"|"VkaHMM-Ce9Vgz-iquWIr"
"ju.boag@edu.tbz.ch"|"7sqPu#-#WCbBl-1Lu@44"
"josephine.dilucia@edu.tbz.ch"|"ZRG2Ht-SdKNjd-#C0JL%"
"laurene.armsden@edu.tbz.ch"|"xf9zaR-c0RojM-P7jGk4"
"becassine.griffe@edu.tbz.ch"|"YNBXjt-6aL8Jx-IPOe4B"
"alois.parres@edu.tbz.ch"|"YNjMhh-yUnsrI-syffgY"
"cleopatre.gaffey@edu.tbz.ch"|"r%jrd%-eeiaHe-wMqxmu"
"andre.stiger@edu.tbz.ch"|"b9fVC$-B$40x@-ooXP#$"
"beatrice.godleman@edu.tbz.ch"|"V7%@Xd-K5CmVn-i60J2s"
"hakan.harrhy@edu.tbz.ch"|"0tNu%r-zJtRln-kZ1mua"
"celestine.dagnan@edu.tbz.ch"|"bd4Sck-aseYJ@-AGmFbG"
"clemence.haggart@edu.tbz.ch"|"ZPY9vd-z3t$FL-x7okNu"
"long.caban@edu.tbz.ch"|"XP59X&-QSueln-j$FHdt"
"gaetane.grimble@edu.tbz.ch"|"sXLVTG-$qvON6-%&foNZ"
"maelann.piwall@edu.tbz.ch"|"fHYe4K-5N%2Bm-zfX0Oc"
"magdalene.loble@edu.tbz.ch"|"H@ZBFH-yHBiTU-j1ZNdH"
"veronique.domaschke@edu.tbz.ch"|"UbGYnU-esFVpc-BdmRUU"
"clea.herity@edu.tbz.ch"|"mE@ayH-Uc@GzE-gskrAo"
"maelann.bambrough@edu.tbz.ch"|"GNm@Qd-pZ4ue0-Yfv0xY"
"clea.goulstone@edu.tbz.ch"|"BwSXRs-d3bGSo-MtFZrx"
"renee.deleek@edu.tbz.ch"|"Iy3&Y%-FuNp4v-G5W5Ak"
"boerje.rudderham@edu.tbz.ch"|"X49KhF-XU7UAU-0IZNtd"
"marylene.broune@edu.tbz.ch"|"QkUYcq-tRa3&X-9Jd7l2"
"nadege.mccuish@edu.tbz.ch"|"HduBtw-L1Tth1-p#Ic8Z"
"anael.littleover@edu.tbz.ch"|"zbJxwS-WuJWG&-AepP3x"
"lie.baume@edu.tbz.ch"|"AgRSvq-QeL6Yo-OnBDZD"
"maella.murrow@edu.tbz.ch"|"y&h%6#-OMVXqJ-@SLaCv"
"cleopatre.pettifor@edu.tbz.ch"|"lSAz$z-DJN1bg-u%fdRJ"
"geraldine.asker@edu.tbz.ch"|"VcOEh9-DOTGnr-jPbSJC"
"gaetane.smedmore@edu.tbz.ch"|"3ypH%&-nJ8s8l-oZwNjS"
"meryl.blencoe@edu.tbz.ch"|"ku9quj-KBf1r4-hxg3qt"
"aurelie.chastaing@edu.tbz.ch"|"n7Ij60-68njjH-B09TwX"
"oceanne.marthen@edu.tbz.ch"|"EAZYCh-8pp7TJ-gfko%8"
"dorothee.burrill@edu.tbz.ch"|"AAXMNB-6z410E-0du9X4"
"hakan.belden@edu.tbz.ch"|"ttWEhX-cJ6iAn-ATtauj"
"celine.brunning@edu.tbz.ch"|"%V$vIR-b&XGK%-OXXj&Y"
"anael.lapides@edu.tbz.ch"|"@yu@am-vHxehv-ZxP#NK"
"ruo.saffran@edu.tbz.ch"|"yuurty-MIPySm-8NlwYY"
"loic.gerretsen@edu.tbz.ch"|"UKsGSV-jLi$bQ-F666PO"
"rui.fitzer@edu.tbz.ch"|"bZ6$yp-VwtWNP-L3LANI"
"annotee.ogers@edu.tbz.ch"|"P#k0lq-B3rQsi-0z#oJ9"
"boerje.bindin@edu.tbz.ch"|"RxsWEp-ygfI$G-zld0%H"
"ma.cronchey@edu.tbz.ch"|"g8d#eE-AFzbCO-i3id#D"
"laurelie.baiyle@edu.tbz.ch"|"JIDhrO-@iQIVJ-cd3@EH"
"dorothee.older@edu.tbz.ch"|"tQ9qUj-mFXQua-fJBz68"
"laurena.wile@edu.tbz.ch"|"&Ebj5#-6dbS$o-Z&Ws11"
"clemence.brito@edu.tbz.ch"|"ju2mSL-00bRxv-JcurG&"
"nadege.dallin@edu.tbz.ch"|"GjTlRm-sL3KBV-rgvsVn"
"mailis.matley@edu.tbz.ch"|"o3UREl-F4PjQM-tANWjq"
"daniele.screaton@edu.tbz.ch"|"HA148e-kHwsHj-hJJY&s"
"mediamass.godly@edu.tbz.ch"|"2noT4a-m%335s-v&066M"
"leone.kremer@edu.tbz.ch"|"UBWHd@-mic8pU-crpvgR"
"asa.adrian@edu.tbz.ch"|"oopTBP-2HvsWm-x1pwtM"
"adele.doley@edu.tbz.ch"|"CrXrOY-Ot&pKG-jDK$0A"
"fei.sidney@edu.tbz.ch"|"oIdXGp-7RTR8r-TVs@J@"
"marie-josee.walisiak@edu.tbz.ch"|"D9$wOa-7To27A-ebLDeV"
"desiree.diplock@edu.tbz.ch"|"NybLmd-foO#$c-jQINov"
"gisele.schust@edu.tbz.ch"|"cQsJ0k-o%#Q9z-Gxt2tX"
"ma.longshaw@edu.tbz.ch"|"P&VLKo-6Dldq7-zhN9W@"
"da.boother@edu.tbz.ch"|"1wgIQz-MH1cLK-IFPd9w"
"simplifies.chaudhry@edu.tbz.ch"|"bxVUjt-eILgR4-zZEKMu"
"garcon.baniard@edu.tbz.ch"|"BUwTX5-vG%3r8-s@M9wH"
"gaetane.elphee@edu.tbz.ch"|"N@Dwmu-5WtrOl-sOZXKq"
"gisele.hassey@edu.tbz.ch"|"#LCIx@-#Y9sV5-226wBw"
"oceanne.booley@edu.tbz.ch"|"k3QWc$-hRu&tk-CNvq#z"
"oerjan.dibden@edu.tbz.ch"|"4ie%qh-8@TlQL-nQCmKG"
"regine.ocleary@edu.tbz.ch"|"k$6MKj-3qAAoN-H5zKRT"
"selene.persse@edu.tbz.ch"|"rKU7oL-T5Jqnp-iXvU9q"
"helena.adenot@edu.tbz.ch"|"oqPHs1-ar78et-xzHy6y"
"maelann.wassung@edu.tbz.ch"|"XkJK@z-CzBrWr-KC8vGD"
"frederique.ackermann@edu.tbz.ch"|"u0J03o-oG3&LO-Vyi435"
"audreanne.kahen@edu.tbz.ch"|"FVLW4@-02bPJl-i@SW6y"
"maiwenn.lasty@edu.tbz.ch"|"iFLPUR-e4nSIt-@DmcDT"
"yu.dictus@edu.tbz.ch"|"tYWe6Q-a6qyiT-MjQd7U"
"anae.dukes@edu.tbz.ch"|"jR5R8p-yKz1x@-Jd3Kma"
"yenora.warr@edu.tbz.ch"|"9U9zqQ-LGtFW@-GVwi84"
"esbjoern.archibold@edu.tbz.ch"|"hOfpF3-bEIvg&-lHS6vb"
"milena.pardal@edu.tbz.ch"|"xhdHHA-zo6gqm-&nLgxs"
"celestine.graveston@edu.tbz.ch"|"5fWX5Q-QeUQhz-9IdKq5"
"maena.dallas@edu.tbz.ch"|"uIL28v-DtXRSR-JKyjam"
"andree.tuke@edu.tbz.ch"|"npMRCC-otws3O-TOhSzK"
"methode.seldner@edu.tbz.ch"|"@MjmMo-X1%p$g-2hoBYn"
"venus.bullas@edu.tbz.ch"|"4V8CKh-ar#rLq-3HHB3m"
"mans.aguirrezabal@edu.tbz.ch"|"I8&4P0-kc@VZm-ZI1@0y"
"gaelle.eadington@edu.tbz.ch"|"&e2slw-Vz5Xca-IzddtA"
"anaelle.falkner@edu.tbz.ch"|"ZddERb-Mhcu8@-Tg0p&a"
"ophelie.height@edu.tbz.ch"|"9z4BwI-LESpHq-nNv9Ke"
"marten.bolding@edu.tbz.ch"|"m7e@jq-4dv@SV-MW%lmk"
"pelagie.guswell@edu.tbz.ch"|"FN%4Nk-%P5EPS-8HcDb6"
"gwenaelle.lecount@edu.tbz.ch"|"C4bq%g-j3#zn2-zh8JjQ"
"hakan.laden@edu.tbz.ch"|"D4355W-Yf#KHS-SPLVeZ"
"marie-josee.hylands@edu.tbz.ch"|"chG2fi-1il#py-nW2%Ol"
"zoe.kingshott@edu.tbz.ch"|"lU@gxs-GE#FoO-sOpdBJ"
"josee.janous@edu.tbz.ch"|"V2q%Lk-7tm9mj-7nOnf0"
"laurene.gallally@edu.tbz.ch"|"ut3zs9-&4yXm4-hXsl#q"
"anael.bickle@edu.tbz.ch"|"R5NPjy-CohpnP-1Tb8yP"
"mediamass.lebbern@edu.tbz.ch"|"iA@oLm-&MRWIf-Hg1OoA"
"berengere.hovy@edu.tbz.ch"|"6#tiuR-v$JDqe-6YYKns"
"oerjan.kilmurray@edu.tbz.ch"|"spLgFM-d8x%5%-4Zm1Qo"
"asloeg.venny@edu.tbz.ch"|"qU4BmR-3gasBb-NA965K"
"marie-noel.stoad@edu.tbz.ch"|"XxXNXb-V7JpbE-$ZJTmg"
"hakan.pettifor@edu.tbz.ch"|"exDard-yA$qQu-xfBNoM"
"maella.willgrass@edu.tbz.ch"|"#0y2Ts-PcKbYP-eRDm9E"
"therese.ludovici@edu.tbz.ch"|"i0eBaQ-8o5998-SCH7JZ"
"stephanie.trewhitt@edu.tbz.ch"|"IORRMj-%Yem%4-qgJaLC"
"maerta.bauduccio@edu.tbz.ch"|"h6uQho-zkhJ4E-31vK3u"
"gaetane.glaisner@edu.tbz.ch"|"EOErQT-KbpSEn-7gSj52"
"naeva.pargeter@edu.tbz.ch"|"ecuwW&-7KL182-n6jyrq"
"salome.venable@edu.tbz.ch"|"id6HzH-rs3QyM-Ov4EsF"
"boerje.thickett@edu.tbz.ch"|"Lc0$s&-K9qZBS-tVUtm1"
"lucrece.prendergrass@edu.tbz.ch"|"K1j$ml-beUCj6-l$LkUL"
"laurene.ockleshaw@edu.tbz.ch"|"Yu1Fjw-xqe%IM-d5keyO"
"cecilia.pasticznyk@edu.tbz.ch"|"dD5cUu-KbGUZU-#F6K2c"
"stevina.mackey@edu.tbz.ch"|"wVKtoZ-@9YfhZ-o9SAlY"
"marie-noel.reven@edu.tbz.ch"|"IEydYK-jKnetg-CsxVOL"
"melina.quilkin@edu.tbz.ch"|"Ea$6Sv-Qiz1Ga-bDyPOn"
"marie-noel.ferrie@edu.tbz.ch"|"PJUd&J-QbKdps-6cwWDo"
"leone.alphege@edu.tbz.ch"|"gkPQjE-SB2mLw-Y&ZW$v"
"zoe.leverson@edu.tbz.ch"|"uK6zn2-IwBid1-b3qmeO"
"annotes.grayne@edu.tbz.ch"|"vKzEZW-0EriIx-5e@$y&"
"faites.lalley@edu.tbz.ch"|"52UWV5-JOnXSq-0C1NcD"
"adele.wallis@edu.tbz.ch"|"nCxvzH-UhwkyI-v3$CNm"
"severine.madill@edu.tbz.ch"|"YPOnK2-lUk9s#-yx4ul&"
"valerie.tebb@edu.tbz.ch"|"FgnDRp-cawaXt-Bt8Ti3"
"kalliste.rasper@edu.tbz.ch"|"M35bY5-cZQS8@-i7dXvT"
"audreanne.palomba@edu.tbz.ch"|"1jfnEe-ybNZCO-GTyu#g"
"elea.adamik@edu.tbz.ch"|"kIVw5q-EgSbwI-pwFClg"
"reserves.jakuszewski@edu.tbz.ch"|"U4V2ya-NOxpz7-mL2U5d"
"athena.belhomme@edu.tbz.ch"|"mK8j$i-GHmiIE-FyHlyr"
"rebecca.crippin@edu.tbz.ch"|"h9DF6S-r@sDxA-R8Bml4"
"maiwenn.curman@edu.tbz.ch"|"NBIdJs-iUDgC0-AVZyaU"
"andree.bunner@edu.tbz.ch"|"#9kKM4-@&Hujy-WvdjxZ"
"ruo.winckles@edu.tbz.ch"|"SK0v9p-5243$s-q7K5G3"
"naeva.buntine@edu.tbz.ch"|"s0xilc-foOcJI-5jV1Cb"
"boerje.dollard@edu.tbz.ch"|"pXGD@@-4Y8WYz-#u@t06"
"penelope.gorman@edu.tbz.ch"|"8FKAlZ-3#F5bJ-Jr2Y0e"
"alois.robelin@edu.tbz.ch"|"NUv&BA-qN6H1H-KeuFJ2"
"anaelle.tindle@edu.tbz.ch"|"J3AMwv-UAm1cs-Bmc8I4"
"ye.frears@edu.tbz.ch"|"@&eXFa-wNRqg$-$HktHy"
"andree.ovid@edu.tbz.ch"|"w35x@f-ik0CYv-NJYG06"
"hakan.peat@edu.tbz.ch"|"TNbadl-xUmppw-oPcsz7"
"andre.januszewski@edu.tbz.ch"|"Z4UTew-3a#37l-45qNJ5"
"annotes.clemmett@edu.tbz.ch"|"Fb0utU-Ejyn7i-LU3tlJ"
"pal.lambswood@edu.tbz.ch"|"#CpG5N-SEORqF-3S2HgQ"
"yao.lenton@edu.tbz.ch"|"Q@WTRz-MkeWhd-E1O$JF"
"hakan.boyton@edu.tbz.ch"|"TA6mHK-tnVoFt-ULk@71"
"nelie.forsey@edu.tbz.ch"|"m57Zik-oCZtZM-AE1i&O"
"hakan.horche@edu.tbz.ch"|"gKrQ89-@35DdS-G6#sDx"
"lorene.sinkings@edu.tbz.ch"|"gtB0Vl-OF5gIx-md4hXj"
"marie-therese.creddon@edu.tbz.ch"|"5W%opq-@3&ELa-yDW@s9"
"berenice.tolworthy@edu.tbz.ch"|"oNvpbN-P8%2f#-9HSVPS"
"theresa.land@edu.tbz.ch"|"9@3y$L-Mw9RR@-L0sDjP"
"marie-therese.gianilli@edu.tbz.ch"|"MeRVko-7s03nR-9ICNFA"
"meryl.glew@edu.tbz.ch"|"ovDTnN-rqmx#F-Ok6hdw"
"adele.debling@edu.tbz.ch"|"XI4YU3-Z4AxTW-4aaesy"
"anae.metzke@edu.tbz.ch"|"GXFG9j-Lijts4-3sd#8b"
"gaetane.gooden@edu.tbz.ch"|"1qHa8a-g9S2ww-@RGV&0"
"laila.bootland@edu.tbz.ch"|"e$P4Bl-rtKsaT-9cdL4q"
"maite.helsdon@edu.tbz.ch"|"rFyNZB-UgV582-2gjI$9"
"andree.malley@edu.tbz.ch"|"O$SWGX-j5Ca&P-@BdjyK"
"pal.simmens@edu.tbz.ch"|"H&3Td5-oV12Nv-Kk1enL"
"maelys.nuccitelli@edu.tbz.ch"|"atSYl#-GXNV5F-hf9Bic"
"dafnee.sibary@edu.tbz.ch"|"%3DIyc-1gkLu$-uLE$q7"
"alois.harsnep@edu.tbz.ch"|"mD63Oi-pvnFQu-vbwCv8"
"marie-helene.lacky@edu.tbz.ch"|"CUUGIi-vxmvLw-TI7O@k"
"mylene.youthed@edu.tbz.ch"|"JZFhpP-zltAdH-uJb83g"
"marie-helene.dehmel@edu.tbz.ch"|"0faQcw-xYTUdI-eg8qI0"
"angele.batman@edu.tbz.ch"|"7mTlQu-$Lz3@8-b8XEPI"
"melia.younghusband@edu.tbz.ch"|"@f%M#W-aD@kVZ-Qow&1j"
"eloise.baldi@edu.tbz.ch"|"HNwKBN-XOxvaH-bVc4Wi"
"illustree.dun@edu.tbz.ch"|"UYoAbY-mA5mP$-oGf$7A"
"genevieve.late@edu.tbz.ch"|"7N2nuW-eB@$%7-@Rsnpp"
"celestine.colville@edu.tbz.ch"|"21&GID-uXXR#g-rjfojU"
"gwenaelle.scarlon@edu.tbz.ch"|"Uh1VWw-ji%2oC-m7&ftJ"
"regine.boddie@edu.tbz.ch"|"22SeU#-i9tbwR-tb59ex"
"creez.gaughan@edu.tbz.ch"|"Ldy8fK-BCxYqs-MUGYu0"
"gaia.longford@edu.tbz.ch"|"iH%T%E-3PXjn1-bFLOEV"
"mailis.buckby@edu.tbz.ch"|"2cFdJq-xlT&Py-gqusfC"
"song.parbrook@edu.tbz.ch"|"ICyRcy-vZF1Gp-embkzb"
"frederique.heddan@edu.tbz.ch"|"GNQCEd-RWuJKK-Rnr&1G"
"ake.kirtlan@edu.tbz.ch"|"87bfBm-W$Pq1S-JHrusW"
"nelie.runciman@edu.tbz.ch"|"vJxHlj-S2E0iJ-qYY#5Q"
"mailis.cardnell@edu.tbz.ch"|"VA&%Vd-AOQgvw-syPJS7"
"irene.navarro@edu.tbz.ch"|"dTHatf-XsVzg%-@@Iz5n"
"maite.cough@edu.tbz.ch"|"s0BbOi-QhWaCI-pDmnnq"
"anaelle.stocky@edu.tbz.ch"|"pdhy3m-tJF3l8-w8Y91n"
"methode.moulder@edu.tbz.ch"|"eK8n2B-Me0OXd-TUyiYz"
"po.stafford@edu.tbz.ch"|"J&QF#E-gue49O-hJKoEF"
"faites.scraggs@edu.tbz.ch"|"7Lq357-NoLXSu-IBbxC6"
"adelaide.dullard@edu.tbz.ch"|"P@JcLN-me53Pn-ozoZkg"
"desiree.leonard@edu.tbz.ch"|"gryNQt-2mMBHA-RR3A@X"
"geraldine.badgers@edu.tbz.ch"|"02R5y2-6lW9LQ-DuCLaO"
"ruo.masic@edu.tbz.ch"|"#ncgSr-C0GuX3-LqGUrC"
"aurelie.lieber@edu.tbz.ch"|"9yK10n-@xoB5I-mWjSPP"
"naelle.balcock@edu.tbz.ch"|"BsbnUJ-lZUGZo-HqJumd"
"camelia.elger@edu.tbz.ch"|"sNZfw#-Qcvm8a-PTgCYl"
"publicite.oakeshott@edu.tbz.ch"|"aDZIA$-$Vu3T@-m79GAO"
"cleopatre.fawley@edu.tbz.ch"|"9A4oq&-2y7%6j-ODivKv"
"laurene.bruckmann@edu.tbz.ch"|"ilGsv0-mIc5f9-nBTB6C"
"rui.haughton@edu.tbz.ch"|"6chIZu-nRMMx$-ULhG%r"
"asa.ladewig@edu.tbz.ch"|"mSrXDO-ffxnen-U2oUPF"
"gisele.janecek@edu.tbz.ch"|"$FRfpP-i7l8f9-dxl2ro"
"maily.loveridge@edu.tbz.ch"|"eDy8cY-gCjxIo-5f9%0i"
"marie-eve.yurkiewicz@edu.tbz.ch"|"hThyXp-BJbus4-r$HuFu"
"fei.roder@edu.tbz.ch"|"7#ZqZ4-wqW0Rl-fHUMqQ"
"edmee.chatburn@edu.tbz.ch"|"Ur9Hf7-OG5A1U-53WpNe"
"geraldine.darke@edu.tbz.ch"|"qsPAMd-323Fit-wG8vTD"
"ye.jira@edu.tbz.ch"|"@MhjS@-vli%#o-mFiaJo"
"publicite.persent@edu.tbz.ch"|"lobLso-KIwfJm-&YLZlV"
"severine.wilcox@edu.tbz.ch"|"1pekpX-8862XC-Ga4WsQ"
"yao.mcclaren@edu.tbz.ch"|"hTw1X0-POMP$R-tTm3bb"
"theresa.foynes@edu.tbz.ch"|"m93@VV-n&JfIw-jtrphg"
"stephanie.isley@edu.tbz.ch"|"#WEIDK-FDTbT@-CX1Ocj"
"torbjoern.growy@edu.tbz.ch"|"kNk@49-2CvwVQ-iT$2lJ"
"eloise.tunnadine@edu.tbz.ch"|"$nfNXQ-&r&QsS-h60e0J"
"maeline.cossentine@edu.tbz.ch"|"6&U4$J-xd1r#9-2YdiDY"
"nelie.desantos@edu.tbz.ch"|"hAhJoz-qTwmEu-7nEdpD"
"gaetane.axston@edu.tbz.ch"|"z5uRh@-%Vc5sU-g%WxQR"
"aimee.merman@edu.tbz.ch"|"MwJ$AT-WHhMRk-pPh8E7"
"oerjan.drivers@edu.tbz.ch"|"ozrKX5-QrPvYY-XFl1Vr"
"aimee.miroy@edu.tbz.ch"|"Q0v@%@-8ZzNij-RtjS#6"
"nelie.glyde@edu.tbz.ch"|"8pHBaM-v47PAS-DZQHHD"
"hakan.kapelhof@edu.tbz.ch"|"eLi762-xez&w4-p9&DIt"
"maelyss.cauley@edu.tbz.ch"|"Ce8HXs-%gv2Nh-wtxfBx"
"elea.vaggs@edu.tbz.ch"|"GLy8%i-aX6Ae3-&FaaeU"
"maelys.but@edu.tbz.ch"|"zEylc7-BipU3P-UufT9U"
"maella.arthurs@edu.tbz.ch"|"a8tPz2-z4Gpo1-ANfvWP"
"adele.liebrecht@edu.tbz.ch"|"AJ8O$5-H9aaYW-iSEcr1"
"meline.lomasny@edu.tbz.ch"|"fNyasP-$MKGiG-%ENP31"
"mediamass.schwant@edu.tbz.ch"|"nmajNO-xrpZDo-JoLJdD"
"leone.saunt@edu.tbz.ch"|"M2BQT2-hlU%HZ-&31iYG"
"annotes.gouch@edu.tbz.ch"|"72evle-8W&n5#-uLndGE"
"gaetane.bowich@edu.tbz.ch"|"Cg%XMZ-#SCv3V-0ON2T@"
"alizee.strelitzki@edu.tbz.ch"|"ctH&mZ-WnRpyK-f%2F0x"
"leone.poile@edu.tbz.ch"|"WVCtSU-p%G96E-JcJqK3"
"amelie.saban@edu.tbz.ch"|"L&767v-4dowFf-lz546O"
"marten.mcmenamin@edu.tbz.ch"|"pj4#AP-TZwrVU-fB8d0$"
"becassine.keets@edu.tbz.ch"|"bR8zyw-fERoTS-%3M#Uh"
"celine.million@edu.tbz.ch"|"ZDE&Ao-ShHzsK-IbC$Sh"
"geraldine.belitz@edu.tbz.ch"|"2@pVBi-b&KOmH-%kfgFe"
"salome.mardling@edu.tbz.ch"|"VWr7Zx-MWe$ee-I34X9T"
"melia.blakemore@edu.tbz.ch"|"a12f6j-3w%Z0q-Wgu#Ei"
"dafnee.mcaulay@edu.tbz.ch"|"q9j1Zw-Xh1nJh-AcTkje"
"garcon.dennett@edu.tbz.ch"|"v002I3-kHxMnL-@1enTV"
"interessant.lesor@edu.tbz.ch"|"v4cmr8-ntQ$&1-1R$OhK"
"annotee.wasbrough@edu.tbz.ch"|"zfOHu%-KXeLii-3B%Bp#"
"asa.ibbeson@edu.tbz.ch"|"iuK5$$-odk$Gw-@ZgKmH"
"maily.kennealy@edu.tbz.ch"|"vu&Xcq-Z7IT10-mQqx5Q"
"ye.seares@edu.tbz.ch"|"6#nt4s-ubxmMv-AgYeva"
"athena.harbron@edu.tbz.ch"|"F0AjV1-11vuXC-rwHzia"
"andreanne.portail@edu.tbz.ch"|"bhRu9O-6uCgSi-BetJUt"
"goeran.zannelli@edu.tbz.ch"|"DzEuEO-k#VCAG-gKMp9&"
"gerald.leathlay@edu.tbz.ch"|"wZlZfv-pmWJ2f-$3Z@i0"
"andreanne.chown@edu.tbz.ch"|"awa5&0-5D@PkO-7zzE@Y"
"esteve.clementel@edu.tbz.ch"|"o0u4S5-Oo9pp7-39YIEV"
"leone.legan@edu.tbz.ch"|"89DAop-T%KM#w-r@CAXH"
"maena.pownall@edu.tbz.ch"|"td6oql-R5P&IP-4@&9Pg"
"andree.rettie@edu.tbz.ch"|"gg3NJ&-unnN$d-M7&jZW"
"ines.kenwrick@edu.tbz.ch"|"eGVz0K-jpKU2m-$wmPe8"
"marie-helene.yarnall@edu.tbz.ch"|"F94YtQ-up07#n-qd8eTb"
"po.martin@edu.tbz.ch"|"o1T7Jd-Qj9Ncu-Qr5J6n"
"ruo.celiz@edu.tbz.ch"|"PzYhq8-yb4n6f-MppVzD"
"po.bissett@edu.tbz.ch"|"DPGNx2-6XzGrj-TFc355"
"du.swindon@edu.tbz.ch"|"YZ&E0J-TqMzpv-RAYUIR"
"interessant.gouldthorp@edu.tbz.ch"|"@@&wwF-nz17$D-$K2U@J"
"leandre.lilburn@edu.tbz.ch"|"7dLeF4-Da5B$Y-XpI3j6"
"bjoern.whales@edu.tbz.ch"|"SeXyou-zRTaPg-178JiP"
"interessant.dieton@edu.tbz.ch"|"fdnbdE-8nB6ai-xLvnGQ"
"celestine.redhills@edu.tbz.ch"|"iA3SDe-RvVNDh-vI7WOl"
"tan.yakovlev@edu.tbz.ch"|"O7Z0pi-5H#p5W-cATPUS"
"regine.mcdowell@edu.tbz.ch"|"K83J7P-$aVLgN-RwnDFq"
"ju.coysh@edu.tbz.ch"|"LjsvT6-$#kh8u-2u6TiP"
"reserves.ofallon@edu.tbz.ch"|"EOToGK-uTOg7w-Ow21ev"
"frederique.sobey@edu.tbz.ch"|"e#ffoz-BwhU9M-oXkvSh"
"marie-eve.garstang@edu.tbz.ch"|"vfEK$k-5l3Ktf-mR@NW%"
"andre.tapin@edu.tbz.ch"|"4lWAG@-wk1HA2-i8hXEw"
"esbjoern.eynon@edu.tbz.ch"|"iUQv7O-euFaT%-KoZJD&"
"maella.duffy@edu.tbz.ch"|"l#eF9Y-S7C1br-YBPFNc"
"leandre.twinning@edu.tbz.ch"|"kI094u-@9vqF3-Ha$hc5"
"mai.whittingham@edu.tbz.ch"|"Joqbi$-K@yU$S-jdyKH1"
"rachele.shevelin@edu.tbz.ch"|"Pnm@AO-6i8Wc2-TGgH4p"
"cecile.mcure@edu.tbz.ch"|"SDfmOR-J$MFSq-%c3j24"
"marie-eve.yurkevich@edu.tbz.ch"|"vn8&X5-22kp9Q-1%mXQh"
"almerinda.paice@edu.tbz.ch"|"%vQcLf-czK#Wu-OU2cW2"
"rao.howkins@edu.tbz.ch"|"moyjgo-HxSc8M-igpz5&"
"serena.pack@edu.tbz.ch"|"iel7ky-Ab2yGs-dhMbOn"
"rebecca.mant@edu.tbz.ch"|"9rE14T-TvxyaY-3LHdwP"
"reserves.spitell@edu.tbz.ch"|"n9Ix3a-j@oj5N-ls#z@9"
"garcon.hamfleet@edu.tbz.ch"|"X%%9#$-unA2x7-&ntESt"
"methode.kerkham@edu.tbz.ch"|"W68064-ghUAfO-SJh4Fo"
"pelagie.camies@edu.tbz.ch"|"AteV$l-6j%O&l-NnLtWH"
"josephine.macpharlain@edu.tbz.ch"|"$QXm0g-0HxAy6-rpbLE4"
"eugenie.mathet@edu.tbz.ch"|"eDZ5XQ-vbt$Bh-jNffmw"
"gaetane.brangan@edu.tbz.ch"|"kHm1OX-HGf512-5hMilN"
"michele.dewbury@edu.tbz.ch"|"wa65b$-mMsylf-ZJMZsR"
"eugenie.elcott@edu.tbz.ch"|"&4LhB2-wvIIqO-BaLO$Y"
"megane.harniman@edu.tbz.ch"|"FSHZY#-E0grYQ-F@pDrH"
"agnes.cluney@edu.tbz.ch"|"ZNNYK%-hmsdwW-tKoAAz"
"marie-helene.angear@edu.tbz.ch"|"ak14A7-yK62n1-0S2Shy"
"melia.dolphin@edu.tbz.ch"|"ZrfKOb-PuqYpb-KL&J71"
"lois.ruseworth@edu.tbz.ch"|"v98&aJ-uU&pff-pwbtcF"
"mailys.ryding@edu.tbz.ch"|"L90Ewg-ro9Yj7-KmG3Q%"
"rachele.wulfinger@edu.tbz.ch"|"XG$p0X-zndJ6O-aGTcTi"
"gwenaelle.talton@edu.tbz.ch"|"Kl%O36-BweIK1-tdeYUb"
"long.ronchetti@edu.tbz.ch"|"dT0bLy-f$bjQd-UHs%$q"
"styrbjoern.kloska@edu.tbz.ch"|"1yys$k-0lBDPV-p@KH%8"
"len.sudran@edu.tbz.ch"|"f233Pv-GPZmXt-UwToTp"
"maelle.andrysek@edu.tbz.ch"|"7%6btu-FxCc24-S%qmqF"
"selene.senior@edu.tbz.ch"|"CiJrum-3tsIFX-4aJLNA"
"anais.joskovitch@edu.tbz.ch"|"JEZI@a-H26as&-7j&Aj3"
"marie-noel.dally@edu.tbz.ch"|"#deIur-cP6bND-RcBMUs"
"marie-helene.laurence@edu.tbz.ch"|"OsGWxt-tOY3%s-kfEICv"
"camelia.foxon@edu.tbz.ch"|"BTvhbl-rPece6-YnVMeP"
"helene.cankett@edu.tbz.ch"|"5tc1ko-AciPuV-1QUU#n"
"marten.mitchelson@edu.tbz.ch"|"UCNgM@-JV1wPz-@trni&"
"helena.stirtle@edu.tbz.ch"|"97hGjD-b4v3PG-1f79w8"
"leane.barmby@edu.tbz.ch"|"tiGOnG-qL&9e&-590FQy"
"goeran.ofinan@edu.tbz.ch"|"I%5Xvc-aGs&Wm-nwf1Pi"
"styrbjoern.proby@edu.tbz.ch"|"yliq%C-IaqQDd-OjCoGD"
"zoe.halse@edu.tbz.ch"|"0tE@A6-o0%xmn-LJWfzK"
"kui.drable@edu.tbz.ch"|"Q80cq5-y6QH1u-LJqDbx"
"desiree.bamford@edu.tbz.ch"|"9OyWzu-niJ7zl-0bJ7a7"
"zoe.suller@edu.tbz.ch"|"4epVcY-kkyv7k-Dak6M0"
"marylene.audiss@edu.tbz.ch"|"4YZq@N-dItkBc-cwB#Ho"
"adelaide.poznanski@edu.tbz.ch"|"%2#9U5-wCVsxo-3UnmCl"
"maella.coleyshaw@edu.tbz.ch"|"BOGCY8-mssrHP-M97Kej"
"marie-francoise.gelder@edu.tbz.ch"|"c$kk$2-#Nfv96-2Mg3Co"
"eleonore.chaffyn@edu.tbz.ch"|"AXAoxV-GyCuOT-1yD76h"
"celestine.sikorsky@edu.tbz.ch"|"V@fJW&-SYcjG7-qG1Pe5"
"stevina.londsdale@edu.tbz.ch"|"D#y1#%-M9VeXt-s8bydl"
"maiwenn.nevitt@edu.tbz.ch"|"kjrea&-KG8fjy-WQVz2F"
"magdalene.gerrey@edu.tbz.ch"|"U0sN0G-qVTrc4-iM13sl"
"becassine.latimer@edu.tbz.ch"|"0a6Vj5-vTShFF-Z9b1DH"
"da.lethibridge@edu.tbz.ch"|"gX3@&X-ls2h4J-r#LilC"
"mailys.claige@edu.tbz.ch"|"RR14h6-KpNfsY-$M#JWh"
"maena.torbard@edu.tbz.ch"|"nWVpP8-cd3k3s-R&GOpg"
"solene.lyvon@edu.tbz.ch"|"cIhCBi-O&#K8x-ZBfB@Z"
"marie-therese.benbrick@edu.tbz.ch"|"Xpe1M&-3NWG8X-ZAv&eu"
"gerald.edmonson@edu.tbz.ch"|"%36TuI-9W#oUg-Pnlzw6"
"ake.messruther@edu.tbz.ch"|"Ol%1Q6-TVhawg-j&K3qI"
"men.gosneye@edu.tbz.ch"|"u46O6L-RK$b8@-EeMLO4"
"anais.jefferys@edu.tbz.ch"|"NJ7ocs-8uU6Bb-bb#uM$"
"publicite.tregale@edu.tbz.ch"|"xa2y5C-396gBz-FTiY@d"
"maily.santorini@edu.tbz.ch"|"jq$VWV-4&BzPv-VZv7&P"
"ines.pioch@edu.tbz.ch"|"o#xR7X-Gr7Mbw-nh6M80"
"noemie.marklew@edu.tbz.ch"|"jKhrHj-VO6it$-@zHXYM"
"meghane.maccaffrey@edu.tbz.ch"|"7FP31O-I4w6Ly-XIUbDr"
"berangere.ambrogio@edu.tbz.ch"|"j6fwgq-CsSX1#-5IrvRH"
"mediamass.ryce@edu.tbz.ch"|"1Y@AMT-mP#3N0-K8Oi0m"
"oesten.ubank@edu.tbz.ch"|"U06@k6-4gMibu-9QcypU"
"melina.mackee@edu.tbz.ch"|"2Av#iJ-CYuxZ2-1X5CGk"
"theresa.livezey@edu.tbz.ch"|"Fu&Uhb-maHUa7-tuce44"
"clemence.weal@edu.tbz.ch"|"V4#8Av-FYeD31-60cvAj"
"faites.overton@edu.tbz.ch"|"HkoX6S-&n&4xc-LLwfr4"
"clea.lindblad@edu.tbz.ch"|"zICbs3-z2W6jN-L48UbM"
"josephine.roseaman@edu.tbz.ch"|"1GBS#M-IwRzh$-WoH3#I"
"oesten.lowbridge@edu.tbz.ch"|"@aKg4I-#Addtv-7NAhCR"
"marie-josee.brion@edu.tbz.ch"|"Y7z0Cl-w&LLBs-xNt#iQ"
"therese.basili@edu.tbz.ch"|"MUm1N@-HKfz9T-6qa$pY"
"melia.vertigan@edu.tbz.ch"|"drQ9LV-b5zo8c-lS1JVl"
"judicael.saull@edu.tbz.ch"|"rw$K0w-t8Srhh-W6b$#S"
"selene.valentine@edu.tbz.ch"|"b4ZgXN-NQuwak-$csk8b"
"verane.dunlap@edu.tbz.ch"|"ldh8m@-KziWgS-zHSKZk"
"meline.kinnear@edu.tbz.ch"|"zJTWHJ-wWcDLi-pL73jH"
"lei.luttgert@edu.tbz.ch"|"tAlnp4-Ici@Wt-Hv9m4K"
"styrbjoern.lathleiffure@edu.tbz.ch"|"FZsXYk-HFK5v5-o26VQs"
"marlene.blasi@edu.tbz.ch"|"lgeKWF-8kqOyr-7#Oxz3"
"mai.begwell@edu.tbz.ch"|"VSohOg-IChO@#-trl$SR"
"gwenaelle.kaines@edu.tbz.ch"|"hLdxU1-7tqdTN-Aye15q"
"gerald.adamthwaite@edu.tbz.ch"|"n2LdV8-BAdLnY-eoe9Qz"
"kui.hartfield@edu.tbz.ch"|"NxQkRJ-h8&Sut-f5dO8e"
"salome.currao@edu.tbz.ch"|"KfZRfm-uCf49B-XiRVHU"
"angelique.tixier@edu.tbz.ch"|"GEpJje-RJETMn-Gg9kH%"
"ju.mcgragh@edu.tbz.ch"|"1wDde3-wuoiFf-ofNr9R"
"dafnee.beachem@edu.tbz.ch"|"ew%sp9-wmCVqc-F3rtGp"
"creez.terlinden@edu.tbz.ch"|"XViv7v-vNCCQt-a4cTDm"
"uo.mcskeagan@edu.tbz.ch"|"f9yI@E-dlsb$5-bP6d3r"
"edmee.mccaughren@edu.tbz.ch"|"qGiDIq-QjH%Qm-sLzUP2"
"asloeg.cozby@edu.tbz.ch"|"IR%La1-WMzvGS-h2PeE8"
"melodie.traite@edu.tbz.ch"|"9OcG5Y-gXjr2a-fIg3Jn"
"dorothee.aindriu@edu.tbz.ch"|"bcpBGs-J0N#fl-FL2HBj"
"daniele.doley@edu.tbz.ch"|"hT#X$6-%4O%j6-Itnssm"
"mediamass.fairclough@edu.tbz.ch"|"puBXSX-21qBlT-buivQv"
"lorene.rainforth@edu.tbz.ch"|"xGe%g&-34G45m-DeSLoT"
"leonore.eyer@edu.tbz.ch"|"V94gGp-CfOa#8-mX2uGQ"
"po.spillman@edu.tbz.ch"|"9Sf#A7-94XE#8-RWc2jy"
"cecilia.plitz@edu.tbz.ch"|"t$Xun&-P9hiz2-T9JvMP"
"lorene.ludlow@edu.tbz.ch"|"mhKJtS-DQsbKq-JVOHUl"
"berangere.neligan@edu.tbz.ch"|"PTK5h5-GuTWP5-@896N&"
"simplifies.huggan@edu.tbz.ch"|"6C80EO-34VfaK-f7UKdB"
"clelia.prandy@edu.tbz.ch"|"CVG3qU-Tpu5gE-3Ic56k"
"ake.osban@edu.tbz.ch"|"8ZBWDy-zU6zCR-c1ybu8"
"cunegonde.brunn@edu.tbz.ch"|"21isLp-RWoq97-ceBbT#"
"long.grizard@edu.tbz.ch"|"yUAw0j-W6HuUA-HoDfOC"
"meghane.diss@edu.tbz.ch"|"FD$njD-aZ2aUf-YsaI%z"
"therese.oldman@edu.tbz.ch"|"B&vknH-Km&o&p-9DTUti"
"boerje.scamerdine@edu.tbz.ch"|"TGKK3j-Ask6ch-qsn&LM"
"du.saban@edu.tbz.ch"|"FGQ$cY-iDuRj7-Q$#tlp"
"hakan.clynmans@edu.tbz.ch"|"FRUTI1-q3QZk8-RNiIlw"
"wa.macdowal@edu.tbz.ch"|"iEMC#%-sp430U-yAsGk3"
"venus.hatrey@edu.tbz.ch"|"dmiIIF-oxjNRm-t5SvMs"
"anaelle.vispo@edu.tbz.ch"|"&RBEIc-D$ZFHa-qv6frH"
"mahelie.ollcott@edu.tbz.ch"|"L%r$t4-q#2Y2S-4dKs6j"
"mediamass.whyman@edu.tbz.ch"|"zAiTHK-$ESY9C-GZ@O%g"
"esbjoern.basson@edu.tbz.ch"|"IMtt5l-za%aVk-B2Cab%"
"andrea.morrill@edu.tbz.ch"|"bX56@k-cWXd0%-#$alGK"
"melys.grassi@edu.tbz.ch"|"N4&tWg-SyFzk6-MezocM"
"leone.poleye@edu.tbz.ch"|"wfW3QV-l03LHN-oisAmH"
"francoise.penny@edu.tbz.ch"|"RcbYZV-4VlBtn-Rxd1r8"
"rebecca.edney@edu.tbz.ch"|"DUGGZb-t$3L#W-UzjRrN"
"adelaide.murtagh@edu.tbz.ch"|"bW9abA-3LXcwH-XLQp7F"
"stevina.winterbourne@edu.tbz.ch"|"pMB1gL-1uXaKq-rskvAO"
"ma.cottom@edu.tbz.ch"|"mOG8i7-d3xS8u-Uw3F4b"
"tan.harold@edu.tbz.ch"|"ACTssO-$sb7LW-flNIr1"
"venus.forte@edu.tbz.ch"|"LcDRlh-XQlXFi-6b&B1a"
"almerinda.oluney@edu.tbz.ch"|"Vtogqv-%bpdED-s&1haZ"
"cleopatre.brehault@edu.tbz.ch"|"Aa4#ZU-bzyti&-2d&Nn3"
"interessant.lapides@edu.tbz.ch"|"Tqoj%U-TVYmjf-pxuxAK"
"reserves.hallatt@edu.tbz.ch"|"B0IHTy-x11pf@-bTHK34"
"annotes.birdwhistle@edu.tbz.ch"|"rpPN&j-C7RMqy-ej$6T8"
"ai.dredge@edu.tbz.ch"|"v#eux6-t6j5hs-X6NRPn"
"megane.mussard@edu.tbz.ch"|"ahjksd-6vHAPt-hVydKc"
"esbjoern.gowrich@edu.tbz.ch"|"W3hYNf-4T94T3-zNpsb&"
"boerje.brislawn@edu.tbz.ch"|"@FsEVY-ElMKE9-#rp$Zk"
"becassine.wilce@edu.tbz.ch"|"kvxb%U-reOtiy-q6bRSg"
"personnalisee.oels@edu.tbz.ch"|"x#8AX0-0OUp3H-EwYuge"
"verane.pett@edu.tbz.ch"|"KOizQY-mt97j0-XAZDKH"
"marylene.glewe@edu.tbz.ch"|"ZUK3rw-vajkw0-&Eid0W"
"lai.elson@edu.tbz.ch"|"%r3u%b-1l8eqi-5%0MT0"
"serena.difranceschi@edu.tbz.ch"|"PgCrT6-3kYNNI-f4#%Rc"
"lie.espinel@edu.tbz.ch"|"U5#KLx-FfzITf-ZABG2@"
"marylene.fantini@edu.tbz.ch"|"2bYcfF-&&Q3XK-asdvU1"
"andre.archdeckne@edu.tbz.ch"|"MCTJnG-YPSgUe-MY%dPl"
"goeran.bohlingolsen@edu.tbz.ch"|"8Vz83$-HD9$AB-PrFqFM"
"cunegonde.heffer@edu.tbz.ch"|"yeKFwD-HP0rue-UGosCU"
"tan.fechnie@edu.tbz.ch"|"ADTcEz-Rx0pVW-vJdaE3"
"marie-noel.brammar@edu.tbz.ch"|"ThHn&T-Tz#OfJ-u8mZNT"
"simplifies.aven@edu.tbz.ch"|"xc&oZb-V1MGWb-aO81C0"
"melys.pinchen@edu.tbz.ch"|"JrdqFl-XfbJr0-CxEoOv"
"edmee.joyner@edu.tbz.ch"|"s9LHXw-sMtGMz-f2u75n"
"berengere.edess@edu.tbz.ch"|"o@#Vug-sb8IYO-Sh2gWv"
"marie-noel.goward@edu.tbz.ch"|"LHYlqK-XrGoNc-0Nyw9%"
"ju.edmons@edu.tbz.ch"|"43L286-1lZKQI-sGiU6m"
"frederique.airds@edu.tbz.ch"|"pH8Zab-H$XekO-QA2Zw$"
"reserves.dauby@edu.tbz.ch"|"MKePMu-K1FIk&-HYU&$S"
"hakan.gynni@edu.tbz.ch"|"hc2ySR-@vlM8i-$NJu41"
"leonore.pinwill@edu.tbz.ch"|"yzUjT3-gQXals-3QmEO2"
"marie-eve.mcallan@edu.tbz.ch"|"p7LMdX-NqyEq3-LHISbX"
"naelle.yeabsley@edu.tbz.ch"|"Y4suoc-cN$YJ5-5JvsJz"
"nelie.jacobovitz@edu.tbz.ch"|"gt%KGB-qM7$Ig-A%wQOV"
"adele.conelly@edu.tbz.ch"|"DoHC00-6ctruz-KzueJQ"
"clementine.dondon@edu.tbz.ch"|"Vi8%hA-xWqLxV-t9LU7o"
"zhi.willcot@edu.tbz.ch"|"ZK6JjC-T3n3v0-yvepIA"
"chloe.janicki@edu.tbz.ch"|"5JXYhp-%yfe2C-AGGeZU"
"meng.linde@edu.tbz.ch"|"XPjHhb-z0R#nc-9XS4dt"
"celine.janisson@edu.tbz.ch"|"EGrBO0-hocxCV-GDMLT@"
"clelia.crow@edu.tbz.ch"|"gDU29v-d%YgGi-qKBDjg"
"cecile.pyott@edu.tbz.ch"|"Ift&@K-koHVSP-Y$ZKb1"
"ma.fidelus@edu.tbz.ch"|"X%$p6h-wp%Xkb-VnFYtS"
"marie-helene.poore@edu.tbz.ch"|"EFS#FY-USPYf3-q4sHtI"
"elies.blanket@edu.tbz.ch"|"wL%g5n-MOV7bp-4v6ZJr"
"yu.boyer@edu.tbz.ch"|"5DwQGr-GFvqTo-v2LeO6"
"celia.welds@edu.tbz.ch"|"LtqGEL-o1Yxyj-m#B4QO"
"du.gunney@edu.tbz.ch"|"C6ojmt-Dd87s7-qUuRqu"
"goerel.crush@edu.tbz.ch"|"dyCbwz-tr#Ko4-oML7uk"
"marie-josee.brosius@edu.tbz.ch"|"lbIAon-zVDPfD-IjyIrr"
"camelia.adds@edu.tbz.ch"|"Oipj#R-&h@R7r-ALyIdz"
"anae.irwin@edu.tbz.ch"|"Pn1S0C-&WfjwO-Bn8Ctz"
"cleopatre.skeffington@edu.tbz.ch"|"HHAePE-j1pa89-rag25@"
"gerald.suggate@edu.tbz.ch"|"4ebAQd-9624US-3gm@XM"
"laurene.tailour@edu.tbz.ch"|"Vklq2N-xMVYcx-YOJPlT"
"amelie.hoble@edu.tbz.ch"|"mHD5Im-HkVTBZ-pnpk52"
"venus.getch@edu.tbz.ch"|"fJxhGo-aucNKN-Ft40D6"
"renee.treby@edu.tbz.ch"|"i8sLfA-NTzMoR-r7M5qX"
"almerinda.stait@edu.tbz.ch"|"8MsgzU-hapkKW-mIeYdY"
"andree.reddecliffe@edu.tbz.ch"|"E&w$HI-s@xByT-N%NfLK"
"leone.wintle@edu.tbz.ch"|"ZJyn$5-WpwegS-WtjmAb"
"gerald.fellow@edu.tbz.ch"|"u14%So-qXnf6L-8MhO3r"
"ju.gudger@edu.tbz.ch"|"jPWI5N-4eOH4P-PftlQQ"
"meng.ohaire@edu.tbz.ch"|"0O%o52-9GLa%z-dmoHjO"
"cleopatre.missington@edu.tbz.ch"|"RDjqjL-ul$oLV-wrCvsp"
"annotes.debruyn@edu.tbz.ch"|"zBY560-ne%LyZ-wOAHMV"
"gerald.sinisbury@edu.tbz.ch"|"b1XZh6-G%RH$C-VIT@A3"
"creez.slora@edu.tbz.ch"|"QGyXbX-xyQWhM-zJngat"
"gisele.benbow@edu.tbz.ch"|"@Td14B-rblAkH-&1bHNp"
"pal.dossit@edu.tbz.ch"|"jpS@#Y-QW5k1Q-2hIGTD"
"nelie.stirrip@edu.tbz.ch"|"19zKgM-fV@d&o-VoTdj%"
"alois.ocrigane@edu.tbz.ch"|"sYzGq4-LH4NI0-Li7%l0"
"kui.mcterry@edu.tbz.ch"|"CVmbEj-PwyAzz-pdDzkt"
"long.willgoss@edu.tbz.ch"|"@H$5dD-PK@toR-ulSm8O"
"francoise.sumpner@edu.tbz.ch"|"ZTw0dM-&eE$Hm-gyu408"
"maely.grinstead@edu.tbz.ch"|"8RJqgQ-ITF&wh-U@E$EL"
"creez.langeren@edu.tbz.ch"|"QV#Wos-X%zqhk-d3tXAE"
"adele.dungate@edu.tbz.ch"|"$9B37k-AjwbgD-m97zC0"
"cleopatre.noirel@edu.tbz.ch"|"N1jwLo-4S0ZjA-20AWu0"
"interessant.daverin@edu.tbz.ch"|"UDrXkT-$Xirpv-1qd@7M"
"naeva.kalderon@edu.tbz.ch"|"VW6O1M-g%m9uH-yU29dH"
"anais.oshesnan@edu.tbz.ch"|"717A$h-AcQf5F-QDHFg3"
"judicael.anelay@edu.tbz.ch"|"tEjcH0-te18Am-i&I@Gb"
"eloise.braxton@edu.tbz.ch"|"G7XJ%3-QHr4k$-cVv#OX"
"desiree.greguol@edu.tbz.ch"|"507LO6-z8TaRp-3YEqct"
"maite.mcclenaghan@edu.tbz.ch"|"tGq0Nw-&KUw42-6v%yHS"
"meng.doret@edu.tbz.ch"|"xCwIAF-22&Awk-vCb0Qp"
"frederique.chippendale@edu.tbz.ch"|"I&EoO7-zvO2Cp-g4ftdi"
"andreanne.lanney@edu.tbz.ch"|"f#dFN7-HMk7SJ-YJDmLY"
"aurelie.claus@edu.tbz.ch"|"j$Jjik-dx#xNV-HV&F%F"
"renee.pabel@edu.tbz.ch"|"&1gQjs-kPV2qI-4SouLb"
"maena.roust@edu.tbz.ch"|"yTy5W0-uc1A1u-M0Ev4m"
"nadege.carwithim@edu.tbz.ch"|"URF8oW-JX@i70-UX7wIB"
"solene.geyton@edu.tbz.ch"|"2OInwj-fRuZv1-y$mgTA"
"dafnee.avraham@edu.tbz.ch"|"2Y#r36-eQK2CU-wCYI#R"
"leane.woolvin@edu.tbz.ch"|"uukE0b-DL#JJU-bPt7Yj"
"adele.macadie@edu.tbz.ch"|"h2RQSd-D7IsF$-$lgBJ$"
"meline.rubica@edu.tbz.ch"|"0iAt9H-spg22S-cIiFp&"
"marie-noel.speeding@edu.tbz.ch"|"fa%5zt-YFYn9t-wKNFCl"
"nelie.mix@edu.tbz.ch"|"chTc%L-$VBlGO-1t6Z@Y"
"clea.ollett@edu.tbz.ch"|"6Mm2g&-k&1JJG-x4XXxR"
"leandre.mcgavin@edu.tbz.ch"|"jEPRTY-P$Cmky-4$2s0y"
"cecile.behne@edu.tbz.ch"|"v4A%tg-6vFcsN-cL6qZy"
"melanie.polle@edu.tbz.ch"|"2pMwo1-TIDiW2-I3fEH5"
"marie-josee.titmuss@edu.tbz.ch"|"GVR$G3-1osVgm-60PdxO"
"helena.guest@edu.tbz.ch"|"2RYk8e-mwReQi-ssffzw"
"annotes.chicchetto@edu.tbz.ch"|"Gc8RRS-mKgjq#-yE09Z2"
"melia.tubb@edu.tbz.ch"|"8cRDHq-DSSpkR-lskRxN"
"angelique.casetti@edu.tbz.ch"|"9V9@R8-gDbQBF-0Y2M&B"
"cunegonde.cleall@edu.tbz.ch"|"0RI@Tv-UUhXpK-5ZgTJg"
"camelia.oaker@edu.tbz.ch"|"Al5jW3-WtcQmy-U#FaER"
"you.searight@edu.tbz.ch"|"KsCgQb-y8XhRg-i88W9N"
"kevina.dederick@edu.tbz.ch"|"ZgCohK-QUJpVl-h$f99q"
"milena.jeffrey@edu.tbz.ch"|"x6poJM-J@4I$E-HKB#VE"
"melodie.barkshire@edu.tbz.ch"|"2Ve4hN-bc74aL-tSCIeN"
"gaelle.kreutzer@edu.tbz.ch"|"$T88CL-g2iF3t-d7oE9m"
"kalliste.kleinpeltz@edu.tbz.ch"|"ci%nVS-YK$mql-5eDcYK"
"clementine.danat@edu.tbz.ch"|"6feYr%-t@25HN-#Cg&QW"
"andrea.wabb@edu.tbz.ch"|"gpnAMj-RL4EyV-DDGw&d"
"geraldine.piesold@edu.tbz.ch"|"@IhMVs-kIxixN-cUbhPI"
"tan.fiveash@edu.tbz.ch"|"MQoxpM-p0w9I#-R7oODt"
"meline.yuranovev@edu.tbz.ch"|"Wjk8YS-PO35AU-SK9@a#"
"therese.holme@edu.tbz.ch"|"&JPzy@-a0@xti-@WIY$R"
"salome.vaney@edu.tbz.ch"|"2JVVhh-Ra4T2b-4&y6jG"
"anae.abramson@edu.tbz.ch"|"a9Gf2Y-v50jL7-c3F1@P"
"kalliste.jimson@edu.tbz.ch"|"4nm2VM-QypHP4-I3KUOg"
"selene.yole@edu.tbz.ch"|"yr%xuB-&snwV%-QfGOrL"
"agnes.defraine@edu.tbz.ch"|"@uqS7D-V08GNX-O5i7l&"
"faites.mccluin@edu.tbz.ch"|"xQJoE3-u&uJV8-xsgAjg"
"athena.deme@edu.tbz.ch"|"nH&bhH-ENrYlS-cBqbLM"
"daphnee.brigstock@edu.tbz.ch"|"WOCAKP-nippYs-qEZ6xY"
"goesta.skaif@edu.tbz.ch"|"dKEOY&-E01JFM-D7YRVz"
"oceane.jagoe@edu.tbz.ch"|"@321OX-lk6CNZ-8jpt2t"
"annotes.broomhall@edu.tbz.ch"|"RHUyuO-wi$XWx-Hf9OYZ"
"marie-eve.ballendine@edu.tbz.ch"|"xyaE5Z-O6rh9x-WhD7UP"
"melina.spykings@edu.tbz.ch"|"NwsKPf-IoH$ts-g&gG9B"
"laurene.ticehurst@edu.tbz.ch"|"XEaae%-DHhn2E-OnSd@W"
"fei.avramovic@edu.tbz.ch"|"yl1ivX-Lu&vU6-sHwUhN"
"publicite.strathearn@edu.tbz.ch"|"b$gTMm-l$Osm&-I3S95#"
"torbjoern.garrow@edu.tbz.ch"|"zkc4go-B7LC&1-VthhU4"
"chloe.rubinsztein@edu.tbz.ch"|"22N##P-s69mbF-&$qCcx"
"mylene.demanche@edu.tbz.ch"|"Zur8aC-lEV3cZ-OLqU5w"
"mediamass.godlonton@edu.tbz.ch"|"ho0NFi-58ApQ4-$8ypOt"
"renee.shurrocks@edu.tbz.ch"|"1U1YWn-EVFoBO-F@nvC6"
"maiwenn.jedras@edu.tbz.ch"|"I$tS4H-XTHb%h-4FIHYe"
"genevieve.castells@edu.tbz.ch"|"7cqT3J-hY3lTs-5Erven"
"renee.sneden@edu.tbz.ch"|"DTeEO2-zoP8Iq-qmp5Qo"
"lai.mccallion@edu.tbz.ch"|"1jWwx2-KMMqIC-zbE4v8"
"kevina.impleton@edu.tbz.ch"|"e7rFfk-zj$YFA-3oFI6L"
"oesten.fresson@edu.tbz.ch"|"1SZcKX-@veIFB-Ss1uOL"
"verane.shawley@edu.tbz.ch"|"5ehjtD-PLj8uq-Fok2aP"
"uo.sjostrom@edu.tbz.ch"|"hFCUuk-BPMzSl-OcXeHe"
"gisele.gothup@edu.tbz.ch"|"dp#G6Q-DoO5od-vK&Zun"
"renee.beauman@edu.tbz.ch"|"VSShOC-aIzKb@-U%bX5Y"
"elies.loton@edu.tbz.ch"|"1$O6L0-EPadSF-dP8ubE"
"valerie.elsmore@edu.tbz.ch"|"nTseZZ-XAvvKt-djk#%d"
"berangere.delafeld@edu.tbz.ch"|"rR206r-efhoYr-iH$ZXH"
"bjoern.schimke@edu.tbz.ch"|"vT4#Ry-6MMbV%-Ceo1ci"
"loic.ericssen@edu.tbz.ch"|"TVAcS3-4g&XkM-HXFmOZ"
"creez.richarz@edu.tbz.ch"|"rwrs1M-9INrpn-IhjU3J"
"athena.grocott@edu.tbz.ch"|"aybERO-oX0&Za-SS#7bt"
"naelle.piotr@edu.tbz.ch"|"qBbtCU-f8@5mc-Myir9F"
"maella.paulson@edu.tbz.ch"|"pGGuU@-@Fx2Pe-h#C9G$"
"song.perot@edu.tbz.ch"|"%DEmr$-d&QKzR-k3UUxM"
"kalliste.heckney@edu.tbz.ch"|"aobXiC-ChZ4BD-1fY9fY"
"ake.vasyutkin@edu.tbz.ch"|"m7fefF-3GagXp-kUxLAj"
"ma.castles@edu.tbz.ch"|"XY6hPr-&qOue7-4I&#S9"
"maely.monget@edu.tbz.ch"|"drnY7V-NPBqJ#-RqAHvX"
"tang.durbridge@edu.tbz.ch"|"oJmkoi-lAmTwB-h&cfQh"
"laurene.andrew@edu.tbz.ch"|"e20JpT-uDOqz2-IEyhzQ"
"lysea.beacon@edu.tbz.ch"|"05oTa#-hfdvhv-IPcVvN"
"leandre.peyntue@edu.tbz.ch"|"J3aH8e-%r$lx2-tBpRR9"
"rao.trever@edu.tbz.ch"|"&ESVR0-TRenna-ssrYKK"
"mahelie.streader@edu.tbz.ch"|"YVDRqw-Hkxjzx-IY&PEQ"
"maerta.andrejevic@edu.tbz.ch"|"k4NHII-4&fp5o-nfj%N%"
"goesta.tompkins@edu.tbz.ch"|"kLW4LV-9HCfB%-SU@DfC"
"helena.agates@edu.tbz.ch"|"sDm$ew-H$zorD-fzDye4"
"therese.glass@edu.tbz.ch"|"DYBA@H-R9NPbU-G&dwBh"
"alois.foan@edu.tbz.ch"|"Ghqawx-B4xqJ7-vBrWjE"
"becassine.melchior@edu.tbz.ch"|"0ZVyWF-9GSR9y-Zw7%@o"
"cloe.robart@edu.tbz.ch"|"OKQr9$-qmQ3pS-5N70WN"
"daniele.puckinghorne@edu.tbz.ch"|"igZc8I-u#%k78-QNE0AH"
"selene.cammidge@edu.tbz.ch"|"3W2W0J-ogs4kK-MKJwt@"
"regine.conochie@edu.tbz.ch"|"Yruvim-LMcKc0-%E$xq2"
"interessant.tuiller@edu.tbz.ch"|"vOl52E-QZTvUB-xIA5UG"
"long.tiebe@edu.tbz.ch"|"vOk&2w-8DE87r-IH3LDH"
"mans.yele@edu.tbz.ch"|"k4fY4l-A0f$t%-YBL28q"
"ai.giles@edu.tbz.ch"|"z7Wdfo-arW%Cr-e72yxk"
"gaetane.hamberston@edu.tbz.ch"|"R0$aiK-lazMg4-tJ12lW"
"marylene.fenix@edu.tbz.ch"|"E6q&io-lpPPm2-AbFBP$"
"geraldine.graeme@edu.tbz.ch"|"UEV4DD-yw$Z8Y-J61%ni"
"tang.kinglake@edu.tbz.ch"|"gW1R2p-r1zkzj-pRK3ce"
"lai.challoner@edu.tbz.ch"|"%9NGGe-5kxi8u-AV0lWx"
"desiree.mattei@edu.tbz.ch"|"3IDIGg-aO#rjy-dr@fid"
"ake.erley@edu.tbz.ch"|"pW@B5b-cg#RC$-imCn7N"
"edmee.cavil@edu.tbz.ch"|"s@qoBg-BwwhjA-VkspXu"
"alois.moyes@edu.tbz.ch"|"%I3LXG-UjyDWw-jGYK7g"
"becassine.pitman@edu.tbz.ch"|"V5mDsj-PgBGjv-X5jl9d"
"ai.giacovelli@edu.tbz.ch"|"Cd5#xJ-$14BzS-sF9Lr#"
"judicael.fruchter@edu.tbz.ch"|"C3V4ER-XXow#s-77j8sP"
"mans.mogg@edu.tbz.ch"|"Z%yny6-xq$dHJ-O2iMlh"
"gerald.foyle@edu.tbz.ch"|"A150yF-hfwv2p-l1G9RS"
"wa.androletti@edu.tbz.ch"|"y9KoNg-nAm%KR-NjODZe"
"meng.ollett@edu.tbz.ch"|"8@2nKf-5v7pAm-BhuF5Z"
"naelle.macmenamy@edu.tbz.ch"|"JRx4mM-tRX%FV-BGeG$r"
"gisele.mcramsey@edu.tbz.ch"|"AnLkMt-hdb@F@-xMyIqU"
"meryl.scolts@edu.tbz.ch"|"&pdRjP-alY7Zu-H08dlw"
"celia.bloxsome@edu.tbz.ch"|"Nu9fEP-WbjhcA-$lhTh2"
"styrbjoern.stuke@edu.tbz.ch"|"NQh1vY-LU7#Kw-&Ieh5V"
"felicie.gwilliam@edu.tbz.ch"|"KgYRuF-LWZtFe-ZRGbD0"
"da.harms@edu.tbz.ch"|"ys5Tnc-gQI5b8-e6ytL3"
"celestine.baulk@edu.tbz.ch"|"%rJhWm-qeUqrU-ZTUQqw"
"mahelie.blackledge@edu.tbz.ch"|"bN@WL@-$v5bqy-$u6Reh"
"meghane.salt@edu.tbz.ch"|"3TcNj1-X146j8-zNw@5s"
"methode.paxeford@edu.tbz.ch"|"Sn&x$U-TdWaMd-g6S#jR"
"asloeg.milligan@edu.tbz.ch"|"UubUvf-da52tL-gMqJjF"
"you.pellman@edu.tbz.ch"|"rvGR$4-@XIDq9-ce3$&f"
"loic.regenhardt@edu.tbz.ch"|"7pu29C-3yDbIU-NiVT9d"
"daniele.savill@edu.tbz.ch"|"nSaeNW-%BQGXy-%5CDc$"
"alois.cornu@edu.tbz.ch"|"$Ky2D@-iWQ%qw-75Ju45"
"oesten.govey@edu.tbz.ch"|"snb36M-ATqcOo-ZlPpGT"
"marie-eve.louch@edu.tbz.ch"|"WC53Hi-p9ild8-zcK9Pg"
"theresa.wenn@edu.tbz.ch"|"JzeUz%-ea6oSN-aLCXwy"
"andree.eul@edu.tbz.ch"|"SNt%wO-nrhCKq-iyG3G6"
"lie.paynton@edu.tbz.ch"|"GK@cBi-HjiR3j-dqq&Pm"
"marie-eve.girodier@edu.tbz.ch"|"Iym6az-zaR05z-yvLC@W"
"marie-noel.smithe@edu.tbz.ch"|"csbiP0-CQVktO-UpB0Bj"
"men.bootyman@edu.tbz.ch"|"%uVX8w-25fz7J-OmV8yn"
"ku.sugg@edu.tbz.ch"|"NR9W4k-S3n5SV-RcZrtf"
"lucrece.roseman@edu.tbz.ch"|"UC%6$@-6qe6@@-4BD8KO"
"zoe.annear@edu.tbz.ch"|"dWB#Mw-2sLXYy-y6LqAz"
"marie-helene.rennebach@edu.tbz.ch"|"mRJcKZ-&HX&Jm-x5&wlo"
"lea.djurdjevic@edu.tbz.ch"|"#UC#&h-z5uU@$-IUm427"
"goerel.robert@edu.tbz.ch"|"7v0zW1-DsJDWT-Xoq$$Z"
"mylene.foldes@edu.tbz.ch"|"#nXuUg-7RT&hD-QHcNKt"
"faites.clegg@edu.tbz.ch"|"fORepC-SsUiN6-DvH902"
"marylene.crowcher@edu.tbz.ch"|"rQM6UX-oMQn0V-nE5#db"
"aimee.wimpeney@edu.tbz.ch"|"$QMRR8-vDPvzJ-8Ll#4v"
"renee.atkins@edu.tbz.ch"|"Kn@M1g-@pHxz8-YVvbnY"
"rejane.cainey@edu.tbz.ch"|"G0jCRX-hcRHFq-$GiEka"
"solene.britney@edu.tbz.ch"|"C5ypKm-AW#KQw-si4cn2"
"marten.shatliffe@edu.tbz.ch"|"Nrj2ss-Gp01M8-K7#EMO"
"maite.issatt@edu.tbz.ch"|"qP4Twm-R71euS-$K#yr&"
"maelyss.edon@edu.tbz.ch"|"f1fXqq-lvhTtV-0M5Pza"
"nuo.bamling@edu.tbz.ch"|"tnP#O#-mrd%kR-X5bgSV"
"anais.edards@edu.tbz.ch"|"cDUWG3-mp#0XD-qls%hP"
"mediamass.bromet@edu.tbz.ch"|"oD2@k$-kI&7jq-kxC6Nw"
"beatrice.kimbrey@edu.tbz.ch"|"Z9xGFa-zawPZg-mqNBZ1"
"ines.lawranson@edu.tbz.ch"|"4h7kqN-UaUHO&-ubHw8n"
"kalliste.scandroot@edu.tbz.ch"|"dfav#E-NNHhZU-wfFndy"
"mans.barrowcliffe@edu.tbz.ch"|"Pdfvhn-7R@Ryx-8ZzCgA"
"irene.couves@edu.tbz.ch"|"YHOMmp-g8oUVw-39ERHi"
"milena.mucci@edu.tbz.ch"|"@wyzhm-lp8C#F-nP0GNV"
"naeva.cow@edu.tbz.ch"|"URiyHM-u%yBAk-4QyanK"
"audreanne.mournian@edu.tbz.ch"|"hS#oGi-OM9YVo-hsj4z3"
"melia.sinnatt@edu.tbz.ch"|"GfD5iv-iA8rSG-RHH76B"
"nelie.burnard@edu.tbz.ch"|"yqqJ#1-Cq0kAi-fvDBx8"
"clelia.ashfull@edu.tbz.ch"|"DC4Rsh-d2XLyZ-s4FEgn"
"lie.macard@edu.tbz.ch"|"mURi5c-oVvXaY-Xlr#l2"
"valerie.matoshin@edu.tbz.ch"|"UC4Hc@-fTtLP2-Rs@E1j"
"anael.hatherleigh@edu.tbz.ch"|"37MseM-&%dG1W-zEUC&@"
"interessant.warratt@edu.tbz.ch"|"9eaHOO-OFzHQ6-8314ZJ"
"eleonore.volage@edu.tbz.ch"|"zwNZ1B-Kg2ThY-egr3pK"
"zoe.stebbing@edu.tbz.ch"|"FbnuNB-UjNZtC-6dcSTr"
"alizee.nye@edu.tbz.ch"|"YcVdya-4jt3uU-g%Km0j"
"celestine.bramley@edu.tbz.ch"|"f6lCO&-d8HeaQ-aF&P4H"
"selene.philcott@edu.tbz.ch"|"0LdiN&-#$d8U@-FoKW4f"
"tang.newens@edu.tbz.ch"|"bof6UI-KYBtdJ-DeDOMa"
"annotes.powys@edu.tbz.ch"|"zLfP$f-MKkl12-%gfqGJ"
"lea.matthesius@edu.tbz.ch"|"HXJL0A-gOZo70-&rLxVu"
"illustree.garlett@edu.tbz.ch"|"CEJPdM-v@OFFc-rGT#5o"
"maiwenn.meachem@edu.tbz.ch"|"Z3keuM-MWZjxP-qEeE2T"
"marie-francoise.mcbrady@edu.tbz.ch"|"se&UvV-IsKgse-rYQYi$"
"illustree.gimbart@edu.tbz.ch"|"smaZM#-YejF8E-avw%$t"
"melys.lyosik@edu.tbz.ch"|"JYNPk#-ZWvXng-T7zj60"
"marylene.mcnab@edu.tbz.ch"|"vfV$WM-Lz$NVw-k1LrYI"
"gerald.blount@edu.tbz.ch"|"ehAYVX-5&p9aY-mAYv2E"
"clelia.shakelade@edu.tbz.ch"|"kgLnu#-8O2jfl-t6r6Oq"
"penelope.cridlin@edu.tbz.ch"|"GuCJ61-Sr8aVs-GOlb0q"
"maena.okuddyhy@edu.tbz.ch"|"WZL1zo-c#q3qU-5de6@9"
"athena.keynd@edu.tbz.ch"|"B1Sfa0-xP6pMw-q9o&$D"
"cloe.dwine@edu.tbz.ch"|"RUpwsN-G#T@b&-bAOg8O"
"josephine.browett@edu.tbz.ch"|"Zczr3D-wR2wWP-arGInC"
"audreanne.oscanlon@edu.tbz.ch"|"KR9izP-zv4xyc-CTXhFv"
"fei.jeanequin@edu.tbz.ch"|"8gkSC1-4iH%F@-Sq@fbC"
"lois.gormally@edu.tbz.ch"|"P#G&xs-cw&b2s-azSHKa"
"marie-francoise.finnigan@edu.tbz.ch"|"0x2LP0-ajy2mz-K%hQAA"
"leonore.trussman@edu.tbz.ch"|"kTX4DQ-TpXykU-wAR2DP"
"anaelle.trumper@edu.tbz.ch"|"4MSteQ-7yAejB-i1sUl#"
"clemence.dionis@edu.tbz.ch"|"on$xQQ-fjSbkg-ab7W88"
"lois.tranmer@edu.tbz.ch"|"9$pkoc-#JIx3B-jVeE57"
"interessant.volett@edu.tbz.ch"|"wLQapc-lw9e6L-B7P3&e"
"personnalisee.deackes@edu.tbz.ch"|"703Pz9-BMFJi5-&XNYR3"
"lie.vasiliu@edu.tbz.ch"|"tprr3P-gCXOHB-UXcUVk"
"dafnee.lamputt@edu.tbz.ch"|"NGlnHg-dXOI4b-zU0vgz"
"elies.bromige@edu.tbz.ch"|"sKNihD-RZw3oF-ZhKgw6"
"helena.klosser@edu.tbz.ch"|"&$V9fC-@81MuD-uhn3nP"
"andree.grim@edu.tbz.ch"|"xGvJP&-YWFe3#-k%FYo%"
"verane.coldbath@edu.tbz.ch"|"SP#k@x-1m0D3t-6l$TW@"
"helena.bethell@edu.tbz.ch"|"3x1IEy-GqackT-GIS$Ty"
"kalliste.carefull@edu.tbz.ch"|"PUImQ$-AuuJ#0-Ko%GGz"
"regine.odams@edu.tbz.ch"|"59I7k@-TvYLL2-3h2jcy"
"len.stannus@edu.tbz.ch"|"ATJRwU-09@lzT-mfidwm"
"angelique.works@edu.tbz.ch"|"dfCesA-zuI&T#-JNtF3o"
"goesta.rheaume@edu.tbz.ch"|"%5obbO-pYPzrY-1wVT9d"
"maelys.tynnan@edu.tbz.ch"|"9v4gfo-#bRFLb-vdMpTE"
"maelle.carlesi@edu.tbz.ch"|"y&71&u-t61oVO-34KU4%"
"anael.spurden@edu.tbz.ch"|"fneWDb-kW@rRh-kfcIgw"
"helene.pumfrett@edu.tbz.ch"|"Tcp&sC-5Y0eLb-I8KA6I"
"goerel.pearn@edu.tbz.ch"|"@y$atW-QY4$dh-OWdZpe"
"laurelie.dezamora@edu.tbz.ch"|"zLa6wY-BgGVfB-O6dN#w"
"yao.twidale@edu.tbz.ch"|"XDwrBr-Q4fA$v-knajF1"
"berengere.sola@edu.tbz.ch"|"EMEg5e-qEZLCc-ToXllJ"
"maelann.hardistry@edu.tbz.ch"|"jEMfKe-@Abl1k-STx@Ap"
"severine.littlefield@edu.tbz.ch"|"O9PpPa-RXdaTS-gwwILn"
"salome.heinl@edu.tbz.ch"|"Nn4Zx2-NUfW0O-0##Ae4"
"meryl.warbey@edu.tbz.ch"|"CM@Z4l-iuM2Sd-jY@DDm"
"da.hunstone@edu.tbz.ch"|"Djwftf-1e0ElL-ncsIeM"
"venus.broadbury@edu.tbz.ch"|"8KcWe%-c6K0&R-GPumVc"
"meghane.rentelll@edu.tbz.ch"|"goZZ@K-qIixkc-WfC8Tg"
"marylene.drewitt@edu.tbz.ch"|"gzeD7F-lRp8Xl-V6uk9U"
"melinda.jacquemet@edu.tbz.ch"|"H&BQb%-roQN9B-iWn%9Q"
"marie-josee.keyden@edu.tbz.ch"|"G7Gy5b-&G6vWh-nglZQa"
"asloeg.montacute@edu.tbz.ch"|"JKBAQz-F5NyG3-ks&gzf"
"ku.andreou@edu.tbz.ch"|"VPlNn6-sy08Us-QbrgjH"
"personnalisee.feaveer@edu.tbz.ch"|"vcDhHz-ICKq5@-HpSbfp"
"laila.emptage@edu.tbz.ch"|"k#OAih-IFL5yK-#LEktn"
"bjoern.dawdry@edu.tbz.ch"|"n$JMEk-DWQ$iR-nTKcru"
"marie-eve.dinsell@edu.tbz.ch"|"&m$qSG-fnOf79-ry3Dex"
"helene.follett@edu.tbz.ch"|"aK7OJx-h6ndYE-ut33pL"
"penelope.cordero@edu.tbz.ch"|"o3vKk1-WR0V3h-N9Lr#Z"
"boerje.beedell@edu.tbz.ch"|"Bqevkc-@Z1zwZ-N@w@c3"
"nelie.ferne@edu.tbz.ch"|"A8Z#%V-qZbE72-Kkq$um"
"celine.ahmed@edu.tbz.ch"|"QBgfgb-k$uFNb-$Nq9r6"
"stevina.pimblett@edu.tbz.ch"|"sjxOt#-clKc$g-OABYgs"
"chloe.langlands@edu.tbz.ch"|"%q7L1p-sYyvFg-A9p11g"
"simplifies.maude@edu.tbz.ch"|"pudAt4-D3Ybpr-@Y0g8N"
"genevieve.decarteret@edu.tbz.ch"|"1g1BXt-W0Ow&g-7lQ8jW"
"marylene.mughal@edu.tbz.ch"|"jv7C0H-3Ls%%C-qu&fR7"
"goeran.guttridge@edu.tbz.ch"|"ndYBsG-L3R@34-W85Ug6"
"michele.smurfitt@edu.tbz.ch"|"VXoMG0-&nhI5W-q%o1Mr"
"methode.hadeke@edu.tbz.ch"|"LArLS2-9tLD6$-56i83g"
"therese.rispine@edu.tbz.ch"|"PO1cCu-GS7Hp9-6TGpWq"
"goerel.plumley@edu.tbz.ch"|"AG5z3M-&NXsVA-@mS7Z6"
"oceane.friett@edu.tbz.ch"|"8EX3av-LA70GN-hDegFj"
"marie-noel.achromov@edu.tbz.ch"|"6JGGyy-BR$#HQ-GBFxEf"
"dorothee.storek@edu.tbz.ch"|"1hrQnz-QEAmFQ-JAl7Co"
"goesta.whittle@edu.tbz.ch"|"bInhLY-cx7oVO-OihZvc"
"desiree.casely@edu.tbz.ch"|"LOzI2S-KfWh9z-7Nuv5o"
"felicie.condon@edu.tbz.ch"|"8Xf3ni-KC0O8H-uX2eXT"
"maelyss.frisdick@edu.tbz.ch"|"$d8Az&-UcEDs7-dd8Lif"
"aimee.banke@edu.tbz.ch"|"FmdzR%-azFe11-E%WV$3"
"naeva.hodcroft@edu.tbz.ch"|"ruDk@H-V$@9pW-9cunUH"
"laila.gerrans@edu.tbz.ch"|"rK@U9W-opvFJs-zUxbuZ"
"daniele.scrimshire@edu.tbz.ch"|"w1w9Bo-fbxqpI-qQm%sG"
"daphnee.sheerin@edu.tbz.ch"|"3fiarZ-K#SrhW-TAXx8w"
"pal.vanyukov@edu.tbz.ch"|"fRSfE3-GQ7CcE-#$phg6"
"zoe.childs@edu.tbz.ch"|"D#KVQW-fWXOrS-Y3WrOd"
"ai.corde@edu.tbz.ch"|"HzeALp-SP4sqh-pC542U"
"maelys.berryann@edu.tbz.ch"|"aJzuLb-CwA14i-9vZn5A"
"cloe.gladding@edu.tbz.ch"|"%zi9pb-MDEgsL-O00eld"
"wa.kinnaird@edu.tbz.ch"|"GZnk#u-DFdj$P-2RN#we"
"publicite.brittoner@edu.tbz.ch"|"5Gk2AL-YRYz$W-C9WO2j"
"rao.windress@edu.tbz.ch"|"%gO@dt-Ia0jdo-euko1q"
"uo.kollach@edu.tbz.ch"|"YzEqYt-jWOmqZ-aQhPtS"
"josee.peskett@edu.tbz.ch"|"&ZD&pe-mDg@ki-XWAk5%"
"annotee.hasel@edu.tbz.ch"|"xtEQVX-UiFYAt-$3zBdC"
"cinema.lee@edu.tbz.ch"|"gJBvqm-4kguOQ-m#2aBX"
"lai.vedeshkin@edu.tbz.ch"|"Ib8&c$-e#FvPg-IIjrOt"
"renee.brisbane@edu.tbz.ch"|"yjc%mx-rDY0yN-9pTbrw"
"ophelie.blincoe@edu.tbz.ch"|"KJ#I6#-QBsW7t-wc&D%9"
"zhi.prazor@edu.tbz.ch"|"qmnx1Y-IY&2&X-EFcd$B"
"annotee.maddicks@edu.tbz.ch"|"yqPM#5-XY03Lf-oVP5Ss"
"maelyss.codd@edu.tbz.ch"|"ICIuxe-eAubvn-WDpzH&"
"celia.peplay@edu.tbz.ch"|"GlxWt8-c9Avzd-HzR2U8"
"interessant.skone@edu.tbz.ch"|"$DDTT5-ld2fbr-QrGrpt"
"audreanne.hebdon@edu.tbz.ch"|"YIzEPO-u2GnEq-q9jg6r"
"oceane.glen@edu.tbz.ch"|"wmMLII-qBvuyF-PiIdIz"
"daniele.vanyushkin@edu.tbz.ch"|"9JZi11-NWlWQ6-j7N#yp"
"daphnee.ayce@edu.tbz.ch"|"qsqhN&-SUGjth-reKWqM"
"andrea.attride@edu.tbz.ch"|"NKm5qn-HjBc&h-J3ciZw"
"penelope.bridgwood@edu.tbz.ch"|"Vu5hKL-oSXu5$-J8Wd4M"
"mailis.drewitt@edu.tbz.ch"|"QtD#rg-QiFUE%-yPvDgo"
"penelope.mollene@edu.tbz.ch"|"KSR5TT-zqi$K@-fhgD0#"
"illustree.keely@edu.tbz.ch"|"78saeg-i1a4r3-s2jmer"
"meng.brisseau@edu.tbz.ch"|"YmM0Fv-g4iKZu-xK2y77"
"ruo.cleiment@edu.tbz.ch"|"1QYBlh-hiXsgM-G9j5@L"
"maite.krammer@edu.tbz.ch"|"NRWbMA-BPkB20-Ab11bu"
"genevieve.verry@edu.tbz.ch"|"zCtFx4-nwl0CU-i@thSC"
"lea.olochan@edu.tbz.ch"|"RfHUWY-UlJErM-oK0yC4"
"naelle.brunnen@edu.tbz.ch"|"aYdbHB-DOVH2Z-mlIXGk"
"goesta.bragginton@edu.tbz.ch"|"l@WETT-VscKub-uoVNZ1"
"fei.danilyuk@edu.tbz.ch"|"yjknrL-%uP0Au-1c0SDl"
"adelie.turbitt@edu.tbz.ch"|"seJ0i$-xv$6Wg-HTN6Ic"
"marylene.nutman@edu.tbz.ch"|"DiXHq4-t2yWFX-Dq0yOA"
"therese.barbrick@edu.tbz.ch"|"DpS4C0-yojpZt-zqX#le"
"melys.kolodziej@edu.tbz.ch"|"wl3yM1-c78Koa-ESXZAZ"
"melanie.runchman@edu.tbz.ch"|"xJEBuT-dHDUJA-UiFrxO"
"serena.lafond@edu.tbz.ch"|"R$59dc-6F1V10-4bzCji"
"pelagie.desmond@edu.tbz.ch"|"5p%M5Q-F&99R@-t#fo1a"
"wa.spickett@edu.tbz.ch"|"ChKft9-mW#Vxr-Ji#WSp"
"po.shave@edu.tbz.ch"|"1J0G9J-vYwUd6-M0ilU1"
"song.huikerby@edu.tbz.ch"|"mEwNTl-NAw%mr-xr0Gdh"
"melinda.bimson@edu.tbz.ch"|"S$8YqX-jM0dSR-hkGc$a"
"personnalisee.toffanelli@edu.tbz.ch"|"#C68wu-5pc@4G-a8266Z"
"leandre.hurn@edu.tbz.ch"|"AY740w-5MSVZY-Ai5K1S"
"oesten.standell@edu.tbz.ch"|"mUnhCo-VkTtL0-ppERxG"
"naelle.smaleman@edu.tbz.ch"|"rpuO2E-u8876#-pSDOE3"
"berenice.tayt@edu.tbz.ch"|"CZvHxj-ps80X0-fYD%HE"
"kui.popplewell@edu.tbz.ch"|"w4be7m-NOODd7-X9REBr"
"melodie.ferandez@edu.tbz.ch"|"6aIWbB-QklN2W-6DralN"
"josee.negal@edu.tbz.ch"|"#YbxfN-Z8eSe7-0tHx6g"
"melissandre.ferrelli@edu.tbz.ch"|"qyt&%X-Zkc5zg-J9wDGu"
"josephine.kemmer@edu.tbz.ch"|"%y%c99-ScF1Y1-Q&$vE5"
"maely.cayette@edu.tbz.ch"|"ysK3J6-UssKRV-i3zqtv"
"nelie.vela@edu.tbz.ch"|"Y@XK4q-rdoYEI-5jv$RD"
"melina.cortes@edu.tbz.ch"|"WHiwmC-lot2Nq-asWhW7"
"megane.leyshon@edu.tbz.ch"|"l7RNue-@aGFzz-c#hlUf"
"regine.harrie@edu.tbz.ch"|"ZAWZZ8-5lKOZP-@d6aPT"
"mylene.widdison@edu.tbz.ch"|"oR2VSD-uoXV@R-NT&&vw"
"pelagie.vivash@edu.tbz.ch"|"6jV4Iy-%DE3Lo-Zvc8$P"
"styrbjoern.vicarey@edu.tbz.ch"|"dDqFDU-BvvGXF-yTW4Pq"
"long.kyles@edu.tbz.ch"|"&MXgdD-Y#8MTw-IT96#E"
"stephanie.gipps@edu.tbz.ch"|"ZijBMt-5cD%TL-q6vou7"
"clea.constantine@edu.tbz.ch"|"gYbLEh-EIgNPq-@awTiv"
"maella.cometto@edu.tbz.ch"|"ceYLa#-FKk@co-8aonQM"
"laila.aubrun@edu.tbz.ch"|"ACGEOf-y0KU@#-2bD6N7"
"yao.austins@edu.tbz.ch"|"Y&IFKM-qFd7dz-6Xyyd@"
"mailys.rylstone@edu.tbz.ch"|"9pebNs-fuz010-M3#Ztm"
"adelie.curuclis@edu.tbz.ch"|"SvL7%P-Gb5Svn-0kTqr7"
"celine.longhurst@edu.tbz.ch"|"X#KUK0-Vgxcx1-Qb&ssc"
"gisele.hazell@edu.tbz.ch"|"NOG%eE-ZC%R13-iO&U4#"
"celestine.ciccone@edu.tbz.ch"|"JabJgS-VJjn&B-r9AH7L"
"maelyss.doole@edu.tbz.ch"|"&RaU2D-Xuikhw-LO24EH"
"helene.grimsdike@edu.tbz.ch"|"EeTUVy-QKPNSe-HAIZPZ"
"lie.macer@edu.tbz.ch"|"bIp&$E-iPdNV6-K9pwAR"
"maely.izard@edu.tbz.ch"|"uwSntj-EFA&NK-C%XZhf"
"erwei.breewood@edu.tbz.ch"|"%$PhbJ-DloA90-Fxx8uS"
"chloe.woolford@edu.tbz.ch"|"vmVqY9-Crz19l-9hUnu$"
"cleopatre.turpin@edu.tbz.ch"|"xBMkhJ-N75ZB4-EJpI3C"
"melodie.surgison@edu.tbz.ch"|"GtAbmD-j#nyMc-$ZS@xL"
"elies.leander@edu.tbz.ch"|"zsX9wa-zajQg0-M@n7J3"
"mediamass.reignould@edu.tbz.ch"|"i@#@pw-gB8Ch$-YuLpO@"
"celestine.wasmuth@edu.tbz.ch"|"lQwY&2-tZeufx-zxmH5o"
"marten.jervis@edu.tbz.ch"|"$Fv3hM-Wm7KnB-AruHFw"
"daphnee.bour@edu.tbz.ch"|"t3lrGH-SVje$Z-Iud5X&"
"regine.harlett@edu.tbz.ch"|"%M2RqA-rltPeJ-t67jdY"
"noemie.macaskie@edu.tbz.ch"|"%tbiTC-NB1DcW-$CcXtT"
"loic.renfield@edu.tbz.ch"|"qzR2HI-lHGGOK-WcSbIJ"
"venus.kleinert@edu.tbz.ch"|"@8YFMf-66jIs@-#FMXdT"
"marten.burlay@edu.tbz.ch"|"BPRZkt-7Jo2H6-YxGdNa"
"berengere.radsdale@edu.tbz.ch"|"bW#j3l-n9LQUu-77bnES"
"genevieve.duckit@edu.tbz.ch"|"I4T9pb-AvTTX0-CmYC%G"
"maely.ligerton@edu.tbz.ch"|"UTIVi%-rxN6s4-EBFPlB"
"maeline.ricciardelli@edu.tbz.ch"|"Ip9%$p-kCDYbT-@iJ05U"
"personnalisee.yggo@edu.tbz.ch"|"d94Rv$-Umx#oX-x7j440"
"alizee.pettinger@edu.tbz.ch"|"IMP%t&-lLPW%p-Mhc5EG"
"desiree.curnnokk@edu.tbz.ch"|"4qeHSP-&atVoG-0D53c1"
"dorothee.minors@edu.tbz.ch"|"ztU%N#-zPctoB-EKIiX6"
"oceanne.kopmann@edu.tbz.ch"|"B3%d54-1gqXA0-smCDXY"
"almerinda.brodbin@edu.tbz.ch"|"HqVeAf-Vr8fAh-Gw9GQH"
"yenora.carsberg@edu.tbz.ch"|"T@%12l-%eGjs2-cz2OIV"
"wa.beetles@edu.tbz.ch"|"aGcnqp-1GjFKi-lP&YRl"
"audreanne.abbot@edu.tbz.ch"|"xCiYvu-YmHATI-nb&SPf"
"noemie.capper@edu.tbz.ch"|"GIvpKB-F6W9ot-1pqqO$"
"mans.abramamov@edu.tbz.ch"|"fpZ@ak-UcjA7R-Zlz@vS"
"audreanne.blakey@edu.tbz.ch"|"@90YQP-cYrclS-HtPT6M"
"leone.klimpke@edu.tbz.ch"|"9oLApk-cM$xO%-F%J6Yc"
"lie.croston@edu.tbz.ch"|"UccvXF-sphEYH-R@zo%k"
"anaelle.baistow@edu.tbz.ch"|"DVcygV-tJSfC8-u@gU%X"
"michele.garwood@edu.tbz.ch"|"ZDgDi@-Qmwmfr-xw7QbJ"
"interessant.albion@edu.tbz.ch"|"FVdjO6-90#DSC-WgzV5k"
"andre.brisco@edu.tbz.ch"|"Fdyzab-dLO4hz-Fs76ev"
"tang.totterdill@edu.tbz.ch"|"63uNj&-I@jM9X-EPZ7qi"
"marie-josee.braundt@edu.tbz.ch"|"NM#lit-8MvbdZ-0fNozy"
"lois.galer@edu.tbz.ch"|"s2IiTc-SfnuUk-#4Qdsp"
"faites.pellamonuten@edu.tbz.ch"|"ne%&@j-0ZRgBH-5MRk5e"
"mai.barfford@edu.tbz.ch"|"m3TUUn-PKxcfm-r771CX"
"laurene.macilory@edu.tbz.ch"|"ORGrpL-@d&sM%-zq$XHs"
"elea.peak@edu.tbz.ch"|"3q4xvG-ih%$a9-dmeE@0"
"rejane.doni@edu.tbz.ch"|"zZyhOb-NegOsh-Cxu3dA"
"mahelie.ector@edu.tbz.ch"|"SRJNye-oOUcmO-pHx2ly"
"rachele.allum@edu.tbz.ch"|"gBJmkV-zjSKQy-zU7#Bs"
"laila.gerretsen@edu.tbz.ch"|"@2Y5lF-zpWqmE-vVUqv7"
"ines.bowman@edu.tbz.ch"|"&J0i%c-QxOF$F-aLCSSa"
"publicite.barbary@edu.tbz.ch"|"a7S@j&-NPwZPk-$F5aDL"
"mailys.smooth@edu.tbz.ch"|"hD5hW5-2w$ym#-$s#Vhp"
"mailis.huguenet@edu.tbz.ch"|"mVz27j-nbD#Dh-whL3Cq"
"lea.ewer@edu.tbz.ch"|"@n5iI5-aFHe%7-Bx2hJo"
