"email"|"password"
"melodie.vandervlies@edu.tbz.ch"|"CdU%UC-yvToVC-Te8CDL"
"angele.edgecumbe@edu.tbz.ch"|"wtWLOY-P@Ksv$-AZ0v&8"
"zhi.andreasson@edu.tbz.ch"|"A0MYix-%lD&zp-XNBHWi"
"judicael.koppeck@edu.tbz.ch"|"BjKDTs-9VdCWs-5uC2kn"
"berengere.capron@edu.tbz.ch"|"MAk%EJ-D&hzth-bPmBcw"
"leonie.brosini@edu.tbz.ch"|"af%YWv-yRgWQM-KnCEIa"
"venus.garfit@edu.tbz.ch"|"kSrPYp-h8ZtB9-2QMgW%"
"melina.janota@edu.tbz.ch"|"qXnJFV-2fFvE%-NoXb3R"
"laurene.bake@edu.tbz.ch"|"RbcXE#-EDNszP-MxJI&L"
"regine.dorkins@edu.tbz.ch"|"av0Ov5-WHvO#i-jIoK%Y"
"cecile.moffet@edu.tbz.ch"|"U88mDJ-vbQuV0-RBuxxs"
"maelann.labrone@edu.tbz.ch"|"qpdJ3C-DNAr%&-DR0ejr"
"melinda.newbold@edu.tbz.ch"|"r8VtS@-7IInQC-Kbuw4S"
"mans.itzhak@edu.tbz.ch"|"QyFv9&-x6y3Nx-QgRrKN"
"melodie.pattlel@edu.tbz.ch"|"yqtY1S-Pt#7qA-M2sYab"
"celine.bonett@edu.tbz.ch"|"I1kFdy-JWLA6o-iKtd3v"
"adelie.mcgreal@edu.tbz.ch"|"btEs1W-Z8KLxk-XtrsK#"
"helene.soldan@edu.tbz.ch"|"seQEOQ-1HIgGg-eCPVQV"
"michele.cluer@edu.tbz.ch"|"SjjR&h-SgdrAZ-G#N5Tx"
"maeline.mueller@edu.tbz.ch"|"oiiEB2-Gj0LiB-lDRUlu"
"maelann.benedito@edu.tbz.ch"|"tV0Gi6-d8%qOY-YWXZu%"
"nuo.gransden@edu.tbz.ch"|"4Vknrf-0KT$j7-%%k%Li"
"berengere.stainton@edu.tbz.ch"|"z5ovmb-y3cCA#-HEe$81"
"wa.sabater@edu.tbz.ch"|"inXeof-Rz1Ah#-LDP$oe"
"anais.cochran@edu.tbz.ch"|"@gzH9V-MVBPvG-&Mip6v"
"gerald.bessant@edu.tbz.ch"|"Vlgl15-5$Ry%y-YIYe&c"
"ruo.coffin@edu.tbz.ch"|"9BZyW%-6uDK&3-b1hAeS"
"melodie.mustill@edu.tbz.ch"|"HmcWIs-SBNglT-oEF1cy"
"ruo.stanesby@edu.tbz.ch"|"Tk5pg0-RP8hwp-@kJVnJ"
"noemie.antognelli@edu.tbz.ch"|"s0XtV9-0qvKw2-AsgdN3"
"maelann.hughson@edu.tbz.ch"|"$hfbsY-jrYx2z-ZHd8iq"
"milena.mieville@edu.tbz.ch"|"vlWCgm-ym7$bx-ln$9nH"
"mailys.chamberlin@edu.tbz.ch"|"olzxv3-t7HxyI-dBxCVQ"
"nadege.tomalin@edu.tbz.ch"|"SDiaBP-Te&xUQ-05iAXi"
"oceane.omara@edu.tbz.ch"|"%NqJxZ-@aJ6dG-SrCUWC"
"cecile.aguirrezabala@edu.tbz.ch"|"Zp2kim-59zKnw-qCkYwT"
"maella.gwillim@edu.tbz.ch"|"P&BZDu-Bbc7RQ-I6DCct"
"lea.mcgahey@edu.tbz.ch"|"ZvIaEe-iTQlAf-IoijDr"
"laurene.hagerty@edu.tbz.ch"|"X21Myn-lZxw5B-KEMhg1"
"dorothee.link@edu.tbz.ch"|"#HXFJg-eiftO3-Svhzj3"
"clementine.kynsey@edu.tbz.ch"|"@GXMP7-DOhI&1-uE4eL8"
"lorene.smitherman@edu.tbz.ch"|"99wNbW-ZWp#@w-M6zGiH"
"cleopatre.klulicek@edu.tbz.ch"|"J%Rn$0-P7eAal-Z%&oPU"
"laurene.castaneda@edu.tbz.ch"|"EklFQQ-pFN3F7-vV%C6z"
"melia.constant@edu.tbz.ch"|"p%I@1L-5DximG-McpeOf"
"lucrece.clunie@edu.tbz.ch"|"leE3wT-6C1uEy-WS026z"
"eleonore.mcmurthy@edu.tbz.ch"|"@1#tUd-Esjaq#-XYc1G8"
"melia.bevar@edu.tbz.ch"|"1X2GGc-8AYa#T-WKyhsE"
"camelia.bontine@edu.tbz.ch"|"UapyXS-P6ch@Y-e22QW&"
"methode.jozefczak@edu.tbz.ch"|"QV$H0g-VY0kxL-PTdaei"
"audreanne.hinsche@edu.tbz.ch"|"inL0kQ-irACd%-rmDKQG"
"andree.varne@edu.tbz.ch"|"ag3VZm-lUYQnR-mrxC9k"
"marten.kinleyside@edu.tbz.ch"|"gb2php-c#Czks-DeTD@t"
"esteve.mcewan@edu.tbz.ch"|"pFs9Bh-Mewu0&-jfyt%Z"
"leane.dibbert@edu.tbz.ch"|"1ZnlDE-c1$C7G-VcTHn3"
"ma.thewlis@edu.tbz.ch"|"p3$sj3-qAw8f9-QRixZQ"
"clea.djurkovic@edu.tbz.ch"|"AKEdpt-AcAvr&-Dqno#Q"
"rachele.reburn@edu.tbz.ch"|"3KX%JU-gIsMUX-H$qdkW"
"gerald.gowling@edu.tbz.ch"|"DtjdfW-gDHCGf-QGlZX2"
"cleopatre.jackson@edu.tbz.ch"|"FsTKtm-4oQF8y-LYgNFm"
"desiree.haskins@edu.tbz.ch"|"AYi2v2-Ye$I#g-Fzkk%4"
"eleonore.longson@edu.tbz.ch"|"qjFKpn-#sOyBQ-u683L@"
"leane.dybell@edu.tbz.ch"|"Y7DmZv-zwKFsR-knylpI"
"becassine.grzesiak@edu.tbz.ch"|"&MAyeB-nUMvIG-R0Uv19"
"marie-josee.pickin@edu.tbz.ch"|"vbAW2B-NFxvxF-Cp%NbM"
"marie-josee.roxby@edu.tbz.ch"|"9kSta3-vY2cEa-oW27pX"
"leonie.feenan@edu.tbz.ch"|"vXgqNq-c#@&oK-jw8JAI"
"valerie.ellum@edu.tbz.ch"|"veZlZ1-ZTKDMl-O&P8jy"
"ju.caseri@edu.tbz.ch"|"mANCO@-M#XXWX-176ht#"
"boerje.strangman@edu.tbz.ch"|"YXvmzo-aM5cqE-@52TVG"
"beatrice.ghidelli@edu.tbz.ch"|"6pgr%a-ccHdlH-gLeV0X"
"da.jablonski@edu.tbz.ch"|"DHytft-M$jN6e-r1C1p6"
"uo.beveridge@edu.tbz.ch"|"x@J%Li-BV5jfk-OrwXXs"
"valerie.bestman@edu.tbz.ch"|"Lu8Pki-@XJgWv-pqNzGv"
"marlene.pohls@edu.tbz.ch"|"@lwFiv-mkjAx9-&elTvz"
"ma.nolda@edu.tbz.ch"|"Mdq@LA-slPtnl-mxA7tr"
"marlene.bisiker@edu.tbz.ch"|"xm%OMM-Hnr@vj-wGOMCU"
"estee.babon@edu.tbz.ch"|"X#FUMW-ucQWsN-ZTq3nw"
"simplifies.dmisek@edu.tbz.ch"|"qvOcJj-ZpJmoY-L6m2ZK"
"selene.ganing@edu.tbz.ch"|"vA79oO-$VOa4d-FM1vPp"
"meryl.penke@edu.tbz.ch"|"tcmtSF-Lvu92&-shgPwL"
"anais.rawcliff@edu.tbz.ch"|"1P1PkZ-%23zeG-0s73JH"
"melina.andri@edu.tbz.ch"|"4MkoZ2-UndgE9-TtSO2k"
"audreanne.fodden@edu.tbz.ch"|"BnP06K-&kV0U0-Uc%j7F"
"bjoern.spellesy@edu.tbz.ch"|"pn#bSs-isKgu@-gsUdg9"
"francoise.summerscales@edu.tbz.ch"|"q1PbV$-NaE3Zx-3Lyye2"
"laurene.ashtonhurst@edu.tbz.ch"|"6GXj7N-4Tl3ti-jk6b@3"
"valerie.petters@edu.tbz.ch"|"tG0LA%-Wbs4wZ-%UQ@D1"
"anael.spenclay@edu.tbz.ch"|"MRjrA6-heCgFT-oxXH73"
"stephanie.keech@edu.tbz.ch"|"ugXaln-tf%Kni-aaVqFK"
"ines.deveril@edu.tbz.ch"|"dM0u#5-TQvHh9-6YT%lD"
"berenice.gelder@edu.tbz.ch"|"v0ZG&t-A%nLw9-&8zAfb"
"melanie.ofogerty@edu.tbz.ch"|"ANPn3j-gB6JvB-1Ji0hM"
"frederique.canepe@edu.tbz.ch"|"IVZX3Z-ZClST$-UvoAVi"
"nuo.otton@edu.tbz.ch"|"I@Rlrh-yXm9rs-7t2XHy"
"genevieve.trusler@edu.tbz.ch"|"1lB3ol-yaK@t&-CvcDKT"
"ju.boag@edu.tbz.ch"|"pztWvl-PrVG2$-t3DRlp"
"josephine.dilucia@edu.tbz.ch"|"&$hDAM-oXj2oN-RvWuYK"
"laurene.armsden@edu.tbz.ch"|"VOdpDU-FtC3ig-AM0l4b"
"becassine.griffe@edu.tbz.ch"|"Pmmtde-aaKTSu-RFZSVz"
"alois.parres@edu.tbz.ch"|"r$KJKf-viBJsR-gF4dwB"
"cleopatre.gaffey@edu.tbz.ch"|"pZXE#6-3c$l6I-mI$0Z5"
"andre.stiger@edu.tbz.ch"|"Rh9E3O-3vJqbJ-K#0ce@"
"beatrice.godleman@edu.tbz.ch"|"1k41br-5Yyx61-shrRQJ"
"hakan.harrhy@edu.tbz.ch"|"%v%nTr-mvVt7a-4AvCeK"
"celestine.dagnan@edu.tbz.ch"|"Bhs7u3-djEunu-o20KAO"
"clemence.haggart@edu.tbz.ch"|"vpBkWs-Bv49RO-@ENzHu"
"long.caban@edu.tbz.ch"|"w0pT&b-gVSJLZ-@VUCgv"
"gaetane.grimble@edu.tbz.ch"|"9%8BMN-OLBgcW-3tnqDv"
"maelann.piwall@edu.tbz.ch"|"h9hH6G-JgiWeQ-$qWOkd"
"magdalene.loble@edu.tbz.ch"|"qpdU9%-qM6%$&-jqc3S%"
"veronique.domaschke@edu.tbz.ch"|"0AG$or-3X7ran-mpYFh4"
"clea.herity@edu.tbz.ch"|"0%d0hk-Ous7Ss-VK9#vE"
"maelann.bambrough@edu.tbz.ch"|"XbCfJy-1LQ%hL-fHcnQi"
"clea.goulstone@edu.tbz.ch"|"dVWjW%-ZuBFCe-osQLL3"
"renee.deleek@edu.tbz.ch"|"fzIzzt-j%nqSS-mIlY8C"
"boerje.rudderham@edu.tbz.ch"|"e80yLf-6JyAf3-CVXAbL"
"marylene.broune@edu.tbz.ch"|"his&q5-4bXeAh-C&yj#P"
"nadege.mccuish@edu.tbz.ch"|"jc0THy-S1rXad-PtOYs@"
"anael.littleover@edu.tbz.ch"|"sDK7Ts-fk5Wvr-44d3S8"
"lie.baume@edu.tbz.ch"|"hF#lun-UWHl&u-qnvYlh"
"maella.murrow@edu.tbz.ch"|"DsrrSr-f1SYYT-GBQwQN"
"cleopatre.pettifor@edu.tbz.ch"|"v0gGoi-qPAzTm-@YPtiN"
"geraldine.asker@edu.tbz.ch"|"pEFe9k-@1PCya-dgtxiz"
"gaetane.smedmore@edu.tbz.ch"|"#YW30g-Sy6GQ%-3FfQdg"
"meryl.blencoe@edu.tbz.ch"|"$D&@IS-2NjjNF-f6V2tz"
"aurelie.chastaing@edu.tbz.ch"|"QVjzqL-Fv%SLi-8kXWqi"
"oceanne.marthen@edu.tbz.ch"|"CTD2N$-xQYMoH-NDsoJj"
"dorothee.burrill@edu.tbz.ch"|"jQM83M-iEVX7z-FETr#X"
"hakan.belden@edu.tbz.ch"|"c74KDi-C6aMlz-MEZdW8"
"celine.brunning@edu.tbz.ch"|"C6NcCe-#oUOdp-uPIJe9"
"anael.lapides@edu.tbz.ch"|"&2m$9k-uS#gYv-GOW9H8"
"ruo.saffran@edu.tbz.ch"|"eShEh3-75ZDjz-x$Qbzw"
"loic.gerretsen@edu.tbz.ch"|"f75qpV-gtQKFX-rBkA$S"
"rui.fitzer@edu.tbz.ch"|"J8os4S-RIjJ@P-L&q0%C"
"annotee.ogers@edu.tbz.ch"|"8N9kJ7-OOeEYy-6XAT#z"
"boerje.bindin@edu.tbz.ch"|"xcDylh-A7mxEw-u0@BFN"
"ma.cronchey@edu.tbz.ch"|"aZVbUc-QLdzeP-71GVRs"
"laurelie.baiyle@edu.tbz.ch"|"dfo3Zp-7B83sY-9oVd7s"
"dorothee.older@edu.tbz.ch"|"SUO3rX-MhKdDX-b%Cws3"
"laurena.wile@edu.tbz.ch"|"VkJV%8-OP@2fz-olTRtq"
"clemence.brito@edu.tbz.ch"|"F50mIX-8t4RT4-zcgO0$"
"nadege.dallin@edu.tbz.ch"|"2sUe0P-k7usgR-@jEWIx"
"mailis.matley@edu.tbz.ch"|"l75Yfd-0IAkM#-F4WOxF"
"daniele.screaton@edu.tbz.ch"|"A@nicx-5&I7jR-Z$BOKJ"
"mediamass.godly@edu.tbz.ch"|"a%kaTs-au&p$6-J6ZOTt"
"leone.kremer@edu.tbz.ch"|"ZtpEWr-V&DwYy-F9n4Iy"
"asa.adrian@edu.tbz.ch"|"%jYHDx-&yY$5H-OMvRz$"
"adele.doley@edu.tbz.ch"|"uLz2q5-15l00U-WTZ$p5"
"fei.sidney@edu.tbz.ch"|"K4b6dx-N9ZeK%-Mn5P4F"
"marie-josee.walisiak@edu.tbz.ch"|"chY0w$-UETE3g-yrRwtl"
"desiree.diplock@edu.tbz.ch"|"glfRt1-A1mV4Z-WYY%Ao"
"gisele.schust@edu.tbz.ch"|"11greb-re58DB-L3TOMN"
"ma.longshaw@edu.tbz.ch"|"mBbXE2-Jsc67X-gshxDc"
"da.boother@edu.tbz.ch"|"t&MD&L-Jurrjl-sszA#y"
"simplifies.chaudhry@edu.tbz.ch"|"6sgIJf-EyMB5l-Tnrg1F"
"garcon.baniard@edu.tbz.ch"|"soAlpH-yoBSDU-B2lDL8"
"gaetane.elphee@edu.tbz.ch"|"D$MaeR-qT8a5H-mObRlz"
"gisele.hassey@edu.tbz.ch"|"bJZPSX-sL$VIc-N4zr&Y"
"oceanne.booley@edu.tbz.ch"|"ogQyu#-0oXH3R-QdsT3O"
"oerjan.dibden@edu.tbz.ch"|"BMzmA5-Agkyen-hFYJlP"
"regine.ocleary@edu.tbz.ch"|"&Sfy37-RdGPog-KcDw0A"
"selene.persse@edu.tbz.ch"|"Imddxb-X$1v7v-GszWCl"
"helena.adenot@edu.tbz.ch"|"PfWXHL-9hL00Y-sCZlh1"
"maelann.wassung@edu.tbz.ch"|"ls4#c7-jRrh7E-hW5#25"
"frederique.ackermann@edu.tbz.ch"|"wpqbka-9nK%$e-se9m5q"
"audreanne.kahen@edu.tbz.ch"|"FVhfU4-qDDiw%-sK4VFY"
"maiwenn.lasty@edu.tbz.ch"|"w#r53l-GDEhgV-Gxz8t1"
"yu.dictus@edu.tbz.ch"|"8L$@R4-2SDnaV-yEYgW7"
"anae.dukes@edu.tbz.ch"|"C$l%5L-k6TslU-$k%Zwo"
"yenora.warr@edu.tbz.ch"|"oO49yZ-qQIczT-cYWcoK"
"esbjoern.archibold@edu.tbz.ch"|"89a#YE-ojSV14-gs5&xm"
"milena.pardal@edu.tbz.ch"|"QgMtlT-ikgsf@-V1ZE%V"
"celestine.graveston@edu.tbz.ch"|"XvuBgj-tsfQxW-mSha20"
"maena.dallas@edu.tbz.ch"|"Xco#PD-%soPSV-NacEVS"
"andree.tuke@edu.tbz.ch"|"A5dJIi-ZLCPWP-nzcdCw"
"methode.seldner@edu.tbz.ch"|"LR2t&#-&5H8fP-9b@@WT"
"venus.bullas@edu.tbz.ch"|"@HvVmE-94Ci#1-VJ3Wxx"
"mans.aguirrezabal@edu.tbz.ch"|"wGeOXP-LQBThf-kPwcWu"
"gaelle.eadington@edu.tbz.ch"|"j5Nm%M-6OJFnW-GRUhG5"
"anaelle.falkner@edu.tbz.ch"|"Mh1Gm7-RnbYtt-hm5ExF"
"ophelie.height@edu.tbz.ch"|"Yd8Wl0-Njft@G-vStUtu"
"marten.bolding@edu.tbz.ch"|"#1uNaF-Ph5kqf-mUy4#x"
"pelagie.guswell@edu.tbz.ch"|"AMVkXG-KAfzFo-L&0A@c"
"gwenaelle.lecount@edu.tbz.ch"|"oFjq2T-I%5TVu-4iD0bV"
"hakan.laden@edu.tbz.ch"|"US@lx&-Z##PqQ-DiutYC"
"marie-josee.hylands@edu.tbz.ch"|"T8VSTW-C%Lu6N-A5EO&I"
"zoe.kingshott@edu.tbz.ch"|"bE1vvt-mz3UZp-5Siu6A"
"josee.janous@edu.tbz.ch"|"Ndqfk$-iNXdMI-WXw%t#"
"laurene.gallally@edu.tbz.ch"|"W0YtKq-oXQmVP-Kb7#7f"
"anael.bickle@edu.tbz.ch"|"rDj70w-t#qNZ&-Ua3Tgb"
"mediamass.lebbern@edu.tbz.ch"|"wpVuIQ-VA6QPe-pEZ$SK"
"berengere.hovy@edu.tbz.ch"|"un0RPd-T@66o#-R@UBE8"
"oerjan.kilmurray@edu.tbz.ch"|"V82we@-QunLG1-NaL4uA"
"asloeg.venny@edu.tbz.ch"|"7k3SSZ-&wE9CS-2PWXQM"
"marie-noel.stoad@edu.tbz.ch"|"Kq9VC@-#6V%h$-ZqYH@y"
"hakan.pettifor@edu.tbz.ch"|"65KI#F-@7iSiS-tGIm0M"
"maella.willgrass@edu.tbz.ch"|"#t7XMZ-vrJ144-SOc8ON"
"therese.ludovici@edu.tbz.ch"|"#0UJGp-vBaByl-GhIoxj"
"stephanie.trewhitt@edu.tbz.ch"|"yqNZ$5-wF3Pv3-Gr&&ze"
"maerta.bauduccio@edu.tbz.ch"|"1OP0ik-hww%8c-MYL&PN"
"gaetane.glaisner@edu.tbz.ch"|"Fo&AbB-GPiCAs-j$WY5j"
"naeva.pargeter@edu.tbz.ch"|"xlp18J-OQmv3%-cRHsP9"
"salome.venable@edu.tbz.ch"|"BZXADM-F#snee-uBDqjb"
"boerje.thickett@edu.tbz.ch"|"ZNRDCL-WIL8fC-$UOs@w"
"lucrece.prendergrass@edu.tbz.ch"|"xvJ8@y-YIIr3A-IB%bu&"
"laurene.ockleshaw@edu.tbz.ch"|"r8G5Y9-sAXrz9-mTNFJE"
"cecilia.pasticznyk@edu.tbz.ch"|"0r7BSe-a&EiWB-tal8ol"
"stevina.mackey@edu.tbz.ch"|"6TpeoK-cVjG6e-P#K@BS"
"marie-noel.reven@edu.tbz.ch"|"zN#ZF2-ZdfUB8-K73NN4"
"melina.quilkin@edu.tbz.ch"|"ujDxBj-Xo1yA1-4DCeS&"
"marie-noel.ferrie@edu.tbz.ch"|"Nf055%-p$Xe43-Krano0"
"leone.alphege@edu.tbz.ch"|"Ps@9kv-SVljlq-PDE$IC"
"zoe.leverson@edu.tbz.ch"|"MB2JSJ-bPfvHD-nazwVf"
"annotes.grayne@edu.tbz.ch"|"I9ZFXK-dwiWD7-6kYnmv"
"faites.lalley@edu.tbz.ch"|"e0kkL7-zZL5AP-RIP1E&"
"adele.wallis@edu.tbz.ch"|"pjdMhI-sAb#kL-ZKGY$v"
"severine.madill@edu.tbz.ch"|"aDDIEC-dl@2Au-H0XgKg"
"valerie.tebb@edu.tbz.ch"|"KH1y5m-v0bFzr-FmfPJD"
"kalliste.rasper@edu.tbz.ch"|"gRoQ%i-6S#5#5-kRLmYf"
"audreanne.palomba@edu.tbz.ch"|"WE%Ny2-&llPvZ-NsQmq7"
"elea.adamik@edu.tbz.ch"|"lBR5MB-HmECYI-d7Xb#3"
"reserves.jakuszewski@edu.tbz.ch"|"fC66GQ-6bR2gw-QQ5T02"
"athena.belhomme@edu.tbz.ch"|"z9oZa7-ZKFNIS-3lV&qv"
"rebecca.crippin@edu.tbz.ch"|"E%JoL3-akhX5I-1HUNe8"
"maiwenn.curman@edu.tbz.ch"|"q3RPSH-PvOrCM-NvTWCW"
"andree.bunner@edu.tbz.ch"|"oX8SL9-OtCaKT-9ooFiF"
"ruo.winckles@edu.tbz.ch"|"7ICTwz-@PxDVa-WBT%Kg"
"naeva.buntine@edu.tbz.ch"|"p1ZuoA-ELdN8x-UETYrh"
"boerje.dollard@edu.tbz.ch"|"4RQvLg-HJsAbF-%vUD4w"
"penelope.gorman@edu.tbz.ch"|"1C&Lm2-OjxBpl-a%#Fcg"
"alois.robelin@edu.tbz.ch"|"M1oO6o-Os#yMv-Kn6OWj"
"anaelle.tindle@edu.tbz.ch"|"586cQD-BCf6RC-a$oxsM"
"ye.frears@edu.tbz.ch"|"&k#3uA-OJ&3LG-K74Hhv"
"andree.ovid@edu.tbz.ch"|"bTL3BA-$I2oto-P0hAAU"
"hakan.peat@edu.tbz.ch"|"40kS$Y-&f5Rh8-EstKp7"
"andre.januszewski@edu.tbz.ch"|"pwbriG-CCPuGy-swKEEg"
"annotes.clemmett@edu.tbz.ch"|"LUZKhc-xSUnQG-I4Tdtm"
"pal.lambswood@edu.tbz.ch"|"A@NKFh-4s3DUs-ZPyLIQ"
"yao.lenton@edu.tbz.ch"|"X&&RoM-mKGlVL-38hB2t"
"hakan.boyton@edu.tbz.ch"|"MUB$&3-X5zTfx-tFqHxq"
"nelie.forsey@edu.tbz.ch"|"c%uCWo-WE4Af&-2@ffBA"
"hakan.horche@edu.tbz.ch"|"%pce#a-qamnXt-CemuLT"
"lorene.sinkings@edu.tbz.ch"|"@GrN1H-$Yds&z-IJR&QR"
"marie-therese.creddon@edu.tbz.ch"|"KHzHIZ-6iCC3O-K0TGeV"
"berenice.tolworthy@edu.tbz.ch"|"bs&bJm-yj4Z@R-&NQFmY"
"theresa.land@edu.tbz.ch"|"nsyyUc-ec6H3h-0uHB7x"
"marie-therese.gianilli@edu.tbz.ch"|"fqAKlU-5RL94c-RGf527"
"meryl.glew@edu.tbz.ch"|"rqlaGE-CtxEhr-7IsigZ"
"adele.debling@edu.tbz.ch"|"VtjmEI-7Pl##o-3ZfEwz"
"anae.metzke@edu.tbz.ch"|"ak4wCX-R@HOmN-rcD@es"
"gaetane.gooden@edu.tbz.ch"|"u1Gye2-ANgjvg-w01M5i"
"laila.bootland@edu.tbz.ch"|"qQz0cN-HdxjS0-tXR%JJ"
"maite.helsdon@edu.tbz.ch"|"jMQJUL-v57@yD-MJZjQt"
"andree.malley@edu.tbz.ch"|"muk33#-A%pf6i-KqwY4K"
"pal.simmens@edu.tbz.ch"|"oqWVTP-zHiGaH-zA0zat"
"maelys.nuccitelli@edu.tbz.ch"|"&vD8aM-5MtPD3-Q$Pebm"
"dafnee.sibary@edu.tbz.ch"|"k1DABX-U4RWVE-Qnwc77"
"alois.harsnep@edu.tbz.ch"|"UadnaM-jplwnJ-em0SkF"
"marie-helene.lacky@edu.tbz.ch"|"eMVStJ-L7aOoh-w%lPxb"
"mylene.youthed@edu.tbz.ch"|"mz5eBZ-D6S6eK-j9$BWC"
"marie-helene.dehmel@edu.tbz.ch"|"B5D#5o-FpZIoN-RI$$e0"
"angele.batman@edu.tbz.ch"|"OXQrO$-HY@sMG-inB&rk"
"melia.younghusband@edu.tbz.ch"|"mBJ56a-#EyIGl-VU#me3"
"eloise.baldi@edu.tbz.ch"|"HTd1bK-LiRMlm-U59cK8"
"illustree.dun@edu.tbz.ch"|"Q4pTE3-jT7oO&-ugSHrw"
"genevieve.late@edu.tbz.ch"|"MAZ69C-EZi7O7-5VJlbD"
"celestine.colville@edu.tbz.ch"|"I9WDZY-Hpwpgm-hxRT8F"
"gwenaelle.scarlon@edu.tbz.ch"|"tZJfy%-7rsVdN-AR739x"
"regine.boddie@edu.tbz.ch"|"AaZm49-jA#@mS-L#tKo0"
"creez.gaughan@edu.tbz.ch"|"hHfe&a-bqvwpy-melJYf"
"gaia.longford@edu.tbz.ch"|"$ryBs3-w8zHLq-KhirXg"
"mailis.buckby@edu.tbz.ch"|"lRo80j-@pZdHl-ykjzCX"
"song.parbrook@edu.tbz.ch"|"p&TiwS-gB1UBy-%YOK3x"
"frederique.heddan@edu.tbz.ch"|"GJ6rzS-58M4tR-z1$lLi"
"ake.kirtlan@edu.tbz.ch"|"MQm%gZ-iLv$vq-VmcUTs"
"nelie.runciman@edu.tbz.ch"|"89mACE-GqBdi#-IuC#Bw"
"mailis.cardnell@edu.tbz.ch"|"N7Fiu5-n0v3Bk-H$6UUF"
"irene.navarro@edu.tbz.ch"|"yh&s4A-CVBFW8-@UDXlb"
"maite.cough@edu.tbz.ch"|"9ZNg0y-LtC9u3-CWdK6Z"
"anaelle.stocky@edu.tbz.ch"|"E4O7$0-tYx&GW-Wx9EBV"
"methode.moulder@edu.tbz.ch"|"RPRyxj-3b5n&4-Wi$9vR"
"po.stafford@edu.tbz.ch"|"&$e2lf-O@tPGI-eIaR7o"
"faites.scraggs@edu.tbz.ch"|"ic7kUH-G%NiNA-Bul2dq"
"adelaide.dullard@edu.tbz.ch"|"qDRoQB-FXuUyU-tZX@1c"
"desiree.leonard@edu.tbz.ch"|"KxzVfT-s1Hmiz-lmRgF1"
"geraldine.badgers@edu.tbz.ch"|"$MNrWa-OCM7dQ-aCC0Vl"
"ruo.masic@edu.tbz.ch"|"o%hfuL-f$iman-P$@sjO"
"aurelie.lieber@edu.tbz.ch"|"gzKAmY-AGKyRS-dfWFY&"
"naelle.balcock@edu.tbz.ch"|"6mptEP-bI46Hz-eRQPcG"
"camelia.elger@edu.tbz.ch"|"TyEe6o-%T9#Fg-h&xZp8"
"publicite.oakeshott@edu.tbz.ch"|"%xn&rp-7LA5Dv-wLv&J1"
"cleopatre.fawley@edu.tbz.ch"|"7hTZ8y-GIb&HY-Udy1Xr"
"laurene.bruckmann@edu.tbz.ch"|"&nKPYC-C4pr%S-J2Ka9r"
"rui.haughton@edu.tbz.ch"|"mdIGKm-XhIdgS-j30#@F"
"asa.ladewig@edu.tbz.ch"|"IzC3dG-DelciG-kPSa9n"
"gisele.janecek@edu.tbz.ch"|"M0o&4k-Nbbw&v-eAhXnz"
"maily.loveridge@edu.tbz.ch"|"Ub7PD7-AU3$jW-hid8Qu"
"marie-eve.yurkiewicz@edu.tbz.ch"|"VS2QwV-p2SIHa-&6HPrV"
"fei.roder@edu.tbz.ch"|"qbDHAc-b5ghj5-&BOTCB"
"edmee.chatburn@edu.tbz.ch"|"#nMVAb-8d4mEX-uGfqXi"
"geraldine.darke@edu.tbz.ch"|"0heWZD-qTkq9j-nVLKG6"
"ye.jira@edu.tbz.ch"|"B#wH%P-EGeC0T-pf3c#t"
"publicite.persent@edu.tbz.ch"|"jTQ$Pu-UW0DnQ-$%RLxr"
"severine.wilcox@edu.tbz.ch"|"82OagM-&VgRuI-yNs4oS"
"yao.mcclaren@edu.tbz.ch"|"MwSB9D-2eZtg1-EQ4aiJ"
"theresa.foynes@edu.tbz.ch"|"dnT3LY-fedah8-HhPNxY"
"stephanie.isley@edu.tbz.ch"|"RwM2ub-sRJ5mD-%rMk$h"
"torbjoern.growy@edu.tbz.ch"|"F09IW#-T4lv%F-yZVsTp"
"eloise.tunnadine@edu.tbz.ch"|"1pT9pW-nnRpJy-J7KN#3"
"maeline.cossentine@edu.tbz.ch"|"Ktna3p-8pWQAP-QZxTwV"
"nelie.desantos@edu.tbz.ch"|"oTs8#l-2ZxsNU-KGUmfj"
"gaetane.axston@edu.tbz.ch"|"PwfEhu-9Ji61q-f&@oCA"
"aimee.merman@edu.tbz.ch"|"zb1h$1-@r$yNB-z58ORC"
"oerjan.drivers@edu.tbz.ch"|"RBfKoI-eAtr0s-rnRZex"
"aimee.miroy@edu.tbz.ch"|"EHm&Fn-RBbjef-xlhXAA"
"nelie.glyde@edu.tbz.ch"|"&YUx9R-FgvmYQ-h&CUxP"
"hakan.kapelhof@edu.tbz.ch"|"00AlYi-FEQezX-AsTgTZ"
"maelyss.cauley@edu.tbz.ch"|"Twpjrn-0JawbO-#in9x6"
"elea.vaggs@edu.tbz.ch"|"mMPh0f-ZVayGE-g8M@y5"
"maelys.but@edu.tbz.ch"|"nEx2@p-eL#a9G-mE%0fw"
"maella.arthurs@edu.tbz.ch"|"wt#9n3-wmH7tN-3Rlrm&"
"adele.liebrecht@edu.tbz.ch"|"VwImOI-fX@&h#-Dy@n8w"
"meline.lomasny@edu.tbz.ch"|"Lp3FcM-KA4RMQ-15V4XQ"
"mediamass.schwant@edu.tbz.ch"|"lU@aCM-k92wsP-tbtVq%"
"leone.saunt@edu.tbz.ch"|"MELlF@-HuWwvX-XuJzdU"
"annotes.gouch@edu.tbz.ch"|"cZ@C7A-9Q8YJd-DhTzzM"
"gaetane.bowich@edu.tbz.ch"|"Yn1LIq-9%uCiy-iIQPBU"
"alizee.strelitzki@edu.tbz.ch"|"BPGefP-56tYcO-LvFJm0"
"leone.poile@edu.tbz.ch"|"LTlPIz-I%6Z1H-1PRTmf"
"amelie.saban@edu.tbz.ch"|"hj$dhs-jhy6$O-5qG@Y0"
"marten.mcmenamin@edu.tbz.ch"|"JaL28%-pNd%dG-XD&&3l"
"becassine.keets@edu.tbz.ch"|"5RxKI&-5Xvsl#-rO5hME"
"celine.million@edu.tbz.ch"|"pckAcR-#71vq@-K@fC&H"
"geraldine.belitz@edu.tbz.ch"|"ma1XYI-kL280r-VlKWfc"
"salome.mardling@edu.tbz.ch"|"gTWFJv-Px&KXj-PFUo8Q"
"melia.blakemore@edu.tbz.ch"|"#k&pmc-jjmsYq-pXxwuG"
"dafnee.mcaulay@edu.tbz.ch"|"&MEHA5-1t$Lt6-H#MvG4"
"garcon.dennett@edu.tbz.ch"|"TcPdIk-rzM2Xd-279CcI"
"interessant.lesor@edu.tbz.ch"|"HlLn6b-qO3Q3@-AfCPwl"
"annotee.wasbrough@edu.tbz.ch"|"NIHqV@-x8Xa9z-giFwEJ"
"asa.ibbeson@edu.tbz.ch"|"QMKekV-5UxmiJ-YisSV&"
"maily.kennealy@edu.tbz.ch"|"zS2sIA-5LVia9-Cv#ll@"
"ye.seares@edu.tbz.ch"|"WkKX5J-gx&Oen-%D@vJW"
"athena.harbron@edu.tbz.ch"|"nHmLgs-fei5$3-%$I9ig"
"andreanne.portail@edu.tbz.ch"|"t#OYS5-zxwlTG-BJ1q#C"
"goeran.zannelli@edu.tbz.ch"|"0dAZwz-%us57M-M%eie6"
"gerald.leathlay@edu.tbz.ch"|"GX@rQz-6KSCFB-Qucwt$"
"andreanne.chown@edu.tbz.ch"|"sIk8u7-WvjZiU-SV4rER"
"esteve.clementel@edu.tbz.ch"|"7%yYyT-u3bdyJ-&Qy6kX"
"leone.legan@edu.tbz.ch"|"TilSD7-Iyma1r-DuAG%C"
"maena.pownall@edu.tbz.ch"|"YyXNpu-gbWsdU-JDlYYh"
"andree.rettie@edu.tbz.ch"|"Sl4U#u-kbrILn-pIGo0J"
"ines.kenwrick@edu.tbz.ch"|"lTnChJ-WyUwEs-UUyScs"
"marie-helene.yarnall@edu.tbz.ch"|"FVkgXG-1nXqaI-4uQsxj"
"po.martin@edu.tbz.ch"|"ZPs5O8-oKykVv-R3K@PW"
"ruo.celiz@edu.tbz.ch"|"ma@kR#-D32Sj#-tDfgfT"
"po.bissett@edu.tbz.ch"|"5G5TYM-Y24Jan-GLeyEk"
"du.swindon@edu.tbz.ch"|"3Cr@l5-ykauW$-L5HE7k"
"interessant.gouldthorp@edu.tbz.ch"|"vzc7eM-X0KJis-5CoJdr"
"leandre.lilburn@edu.tbz.ch"|"AoDcZl-ExWKRZ-J$wJmB"
"bjoern.whales@edu.tbz.ch"|"lgkakp-J7vrFx-OSPAOI"
"interessant.dieton@edu.tbz.ch"|"7PaFbG-tAephd-0bXls3"
"celestine.redhills@edu.tbz.ch"|"gMumYm-9avl$k-FbJ2xT"
"tan.yakovlev@edu.tbz.ch"|"AjX1Dk-k1chGT-6SDqit"
"regine.mcdowell@edu.tbz.ch"|"mxLURc-S0YuhX-20iJ5F"
"ju.coysh@edu.tbz.ch"|"gWVlFi-fXn3RJ-V4jymz"
"reserves.ofallon@edu.tbz.ch"|"Q#ndbn-jF599b-YZKLeE"
"frederique.sobey@edu.tbz.ch"|"Eu&3Ez-ITyW9E-SPajEf"
"marie-eve.garstang@edu.tbz.ch"|"QS53UX-UwkqV2-gyxaU7"
"andre.tapin@edu.tbz.ch"|"GAvRos-ao7r%b-FJG9vo"
"esbjoern.eynon@edu.tbz.ch"|"%zzh%0-cpHr#P-ihLFlH"
"maella.duffy@edu.tbz.ch"|"9jzAg$-Y$jZXW-7ZmHN6"
"leandre.twinning@edu.tbz.ch"|"nq%DRv-c3ye&J-HSNDmN"
"mai.whittingham@edu.tbz.ch"|"AYQZ0d-GYw%94-EEvL%$"
"rachele.shevelin@edu.tbz.ch"|"l$Dx30-9Y&Amd-$pLfjE"
"cecile.mcure@edu.tbz.ch"|"5olzSq-Lx0jdO-$Ck#LO"
"marie-eve.yurkevich@edu.tbz.ch"|"hv6dAR-8Q@@L2-k1IMsn"
"almerinda.paice@edu.tbz.ch"|"fUweo$-qGT#re-XBp9z4"
"rao.howkins@edu.tbz.ch"|"JOeAmN-2xeZm9-oCNFzy"
"serena.pack@edu.tbz.ch"|"K%4XAI-zYu3nC-afFonj"
"rebecca.mant@edu.tbz.ch"|"RPP3bo-RBwxGh-or9Nv3"
"reserves.spitell@edu.tbz.ch"|"oTqXIZ-P#%9b9-tzDPji"
"garcon.hamfleet@edu.tbz.ch"|"jYlGKD-vqVTQ7-#1y#aO"
"methode.kerkham@edu.tbz.ch"|"fixgg9-&Hc@Q5-s7eQzK"
"pelagie.camies@edu.tbz.ch"|"JbpxiG-wKmv@0-Sqwxqj"
"josephine.macpharlain@edu.tbz.ch"|"jnr1%Y-#GiQyR-M%JS7w"
"eugenie.mathet@edu.tbz.ch"|"Qy6h9%-9p1aqx-0rQ15R"
"gaetane.brangan@edu.tbz.ch"|"kuAo$t-Mj$kPJ-p6@pA9"
"michele.dewbury@edu.tbz.ch"|"c%hfip-EtI#4u-TP0%E3"
"eugenie.elcott@edu.tbz.ch"|"HtcQei-o0#gY8-nA$Ie$"
"megane.harniman@edu.tbz.ch"|"gt26yF-hyMN2V-rHmgWU"
"agnes.cluney@edu.tbz.ch"|"wckF4j-RnElrB-IOb@OL"
"marie-helene.angear@edu.tbz.ch"|"xiw@SM-1Np@1i-hL#iJy"
"melia.dolphin@edu.tbz.ch"|"x0EV3Z-rQMXEW-q2Tfbg"
"lois.ruseworth@edu.tbz.ch"|"hNguE#-lXic&Z-4cfJ1b"
"mailys.ryding@edu.tbz.ch"|"ew1uYA-OOFL73-nYma&O"
"rachele.wulfinger@edu.tbz.ch"|"q7fXy5-phtYyW-fprXo9"
"gwenaelle.talton@edu.tbz.ch"|"K2#qTn-6z4xB9-zwIGYZ"
"long.ronchetti@edu.tbz.ch"|"#w6KQF-5X&8i7-yBQZjx"
"styrbjoern.kloska@edu.tbz.ch"|"0p$$&e-Dt&0Vv-w4bdL$"
"len.sudran@edu.tbz.ch"|"a&Ug%A-C&6trO-n6Mvxl"
"maelle.andrysek@edu.tbz.ch"|"JEfykv-i@20qW-LJ6#vG"
"selene.senior@edu.tbz.ch"|"3LShRR-2VL7fl-1@qOp6"
"anais.joskovitch@edu.tbz.ch"|"i6zJYT-p9C4Md-Pqi&1H"
"marie-noel.dally@edu.tbz.ch"|"Sd7O@z-kK@1I0-wmxSqR"
"marie-helene.laurence@edu.tbz.ch"|"J7SM@x-MbGHQ9-Vk$&Ow"
"camelia.foxon@edu.tbz.ch"|"oH@@uD-1HAIIT-#6RwLW"
"helene.cankett@edu.tbz.ch"|"@JPQL3-h93Dd%-O9hvxx"
"marten.mitchelson@edu.tbz.ch"|"LKYdQQ-0kItta-N4vHiR"
"helena.stirtle@edu.tbz.ch"|"r8Z97J-vHdaOP-mcAEvu"
"leane.barmby@edu.tbz.ch"|"VqNlQb-M%0SW9-z3feeQ"
"goeran.ofinan@edu.tbz.ch"|"P%kS4y-$xnzVB-qVmVWn"
"styrbjoern.proby@edu.tbz.ch"|"LDhBJQ-&ofWy3-M0QdoA"
"zoe.halse@edu.tbz.ch"|"DoM@Zm-Ihbe#6-6PL0sJ"
"kui.drable@edu.tbz.ch"|"M2GTzn-CV$Xpz-5gGWk5"
"desiree.bamford@edu.tbz.ch"|"Ulg$%x-FOm5XS-hTbTtQ"
"zoe.suller@edu.tbz.ch"|"FRlyPm-N6G1yz-oAq5hQ"
"marylene.audiss@edu.tbz.ch"|"cuD@G0-C%aIAX-ZTs#I3"
"adelaide.poznanski@edu.tbz.ch"|"NJ09HH-aIAg0g-e16Z&1"
"maella.coleyshaw@edu.tbz.ch"|"J4v4Ze-UCdaec-uaQnHk"
"marie-francoise.gelder@edu.tbz.ch"|"6dcmHa-44FAm1-$mQndk"
"eleonore.chaffyn@edu.tbz.ch"|"9R%e3Y-Vm5p8e-8IhZuR"
"celestine.sikorsky@edu.tbz.ch"|"q9CcJD-vq#S0X-BWbPGN"
"stevina.londsdale@edu.tbz.ch"|"9rWq2b-GJ9v0#-S6YeZp"
"maiwenn.nevitt@edu.tbz.ch"|"Fwk1Bi-espWLu-4AJ5cr"
"magdalene.gerrey@edu.tbz.ch"|"XcXOC@-teqtxM-RJR@pz"
"becassine.latimer@edu.tbz.ch"|"6r&XUe-5aOv1s-Rtsr1q"
"da.lethibridge@edu.tbz.ch"|"2zqi3q-O3IW$T-PLgt51"
"mailys.claige@edu.tbz.ch"|"wS9CnV-9N60mO-eAgQda"
"maena.torbard@edu.tbz.ch"|"bp8zOd-AZovAg-Xn@ixL"
"solene.lyvon@edu.tbz.ch"|"IHtlCI-55T3Wt-hz3FwB"
"marie-therese.benbrick@edu.tbz.ch"|"PG@NOj-55yqHd-uV9k8p"
"gerald.edmonson@edu.tbz.ch"|"VheXM0-DVr##H-YdmePd"
"ake.messruther@edu.tbz.ch"|"txA&f9-4dxlTw-HQHy5U"
"men.gosneye@edu.tbz.ch"|"KyPZDH-HOXFMU-Fi1kx1"
"anais.jefferys@edu.tbz.ch"|"@g91kC-gNuQZq-no@e2n"
"publicite.tregale@edu.tbz.ch"|"wFf@0U-wxYk7U-ht#dyE"
"maily.santorini@edu.tbz.ch"|"5Dg51M-aaijgm-OpooLa"
"ines.pioch@edu.tbz.ch"|"cbXeEi-VFXtfo-clwCKf"
"noemie.marklew@edu.tbz.ch"|"O$PLic-0aFjBr-dd9L6Y"
"meghane.maccaffrey@edu.tbz.ch"|"3gGmei-tIVOzD-jUI@YB"
"berangere.ambrogio@edu.tbz.ch"|"FHnpFd-ks@ZG6-SM@ZU5"
"mediamass.ryce@edu.tbz.ch"|"OXBiRO-0wJF#&-GYpqvD"
"oesten.ubank@edu.tbz.ch"|"NZ#gvl-ighxTC-viYvbu"
"melina.mackee@edu.tbz.ch"|"o#zT4e-xVcR3K-Nive8F"
"theresa.livezey@edu.tbz.ch"|"#uPnHt-%F5OQi-6fr2Yu"
"clemence.weal@edu.tbz.ch"|"%&9Rjz-McIVDt-CFO1KY"
"faites.overton@edu.tbz.ch"|"#@EWCB-DLSgMA-C2k%23"
"clea.lindblad@edu.tbz.ch"|"oDjhyD-fmV#99-rMgcv6"
"josephine.roseaman@edu.tbz.ch"|"YjzswZ-q17bqs-g335ik"
"oesten.lowbridge@edu.tbz.ch"|"&#FWof-b0kH2g-RGA0V7"
"marie-josee.brion@edu.tbz.ch"|"2lz&D5-Y7S006-Q2O4YC"
"therese.basili@edu.tbz.ch"|"6yPahK-HnE&Wt-$xeUBY"
"melia.vertigan@edu.tbz.ch"|"LZy2##-lN6yQD-4kfvj9"
"judicael.saull@edu.tbz.ch"|"6MTGXc-GnHF6S-o0pKFk"
"selene.valentine@edu.tbz.ch"|"Dte12W-RbwT#r-kiT6Ou"
"verane.dunlap@edu.tbz.ch"|"W&sFHZ-xGiY4M-F&UTjP"
"meline.kinnear@edu.tbz.ch"|"8qPPbc-LAilg1-kR34jJ"
"lei.luttgert@edu.tbz.ch"|"3h4ObY-pyjKuH-XwKMDr"
"styrbjoern.lathleiffure@edu.tbz.ch"|"&cWL@j-3rWptE-35lDft"
"marlene.blasi@edu.tbz.ch"|"FCeeEt-VjQC0G-i7uBRz"
"mai.begwell@edu.tbz.ch"|"AXpb49-bouqjr-8UrD3K"
"gwenaelle.kaines@edu.tbz.ch"|"alO$99-XRACNh-2N0vQJ"
"gerald.adamthwaite@edu.tbz.ch"|"Kp4Iko-WReNHC-RKHpov"
"kui.hartfield@edu.tbz.ch"|"s@e$d7-nRY@U#-zbbdIR"
"salome.currao@edu.tbz.ch"|"N$fujq-zfkRNq-%@1HXk"
"angelique.tixier@edu.tbz.ch"|"ASCa42-ZTsO7c-coFbrR"
"ju.mcgragh@edu.tbz.ch"|"XIDGP8-LgXuy9-AOxEc5"
"dafnee.beachem@edu.tbz.ch"|"@ISGk%-&#i4Mf-i2HtBf"
"creez.terlinden@edu.tbz.ch"|"CZzXd1-88&mY$-EW1XXW"
"uo.mcskeagan@edu.tbz.ch"|"Jo@X5%-Dbcva&-k3gZcf"
"edmee.mccaughren@edu.tbz.ch"|"C4CiRW-Pwm2Ys-UR8XN5"
"asloeg.cozby@edu.tbz.ch"|"Rlvlyd-1&kZgP-B4xn%9"
"melodie.traite@edu.tbz.ch"|"o5oDcX-W6PHdh-UX#i4h"
"dorothee.aindriu@edu.tbz.ch"|"s4KxKg-45cO&8-uK9Nvw"
"daniele.doley@edu.tbz.ch"|"QgOfNV-rtEKV@-s2sGbW"
"mediamass.fairclough@edu.tbz.ch"|"QDfuwu-kxM&51-rNon7Q"
"lorene.rainforth@edu.tbz.ch"|"RNC3%u-SE4UqJ-jd5RqO"
"leonore.eyer@edu.tbz.ch"|"bn1OEA-AZdRPr-11HE8q"
"po.spillman@edu.tbz.ch"|"hgLpjC-CyvP98-duvoKl"
"cecilia.plitz@edu.tbz.ch"|"tc@heO-M6tbWK-sS5mcg"
"lorene.ludlow@edu.tbz.ch"|"##yCzt-5Ftrr%-onFgcz"
"berangere.neligan@edu.tbz.ch"|"8kNjb8-DOhO2S-5i14Pj"
"simplifies.huggan@edu.tbz.ch"|"mm3pSp-9f9T89-8ADxzu"
"clelia.prandy@edu.tbz.ch"|"SOXuFa-g%iHol-qBOqeq"
"ake.osban@edu.tbz.ch"|"aHZg&m-mPj8xG-F$#BR5"
"cunegonde.brunn@edu.tbz.ch"|"n7m2W7-7wM6lw-AkyKf3"
"long.grizard@edu.tbz.ch"|"BgLt$W-n9zdxH-8Ngt6I"
"meghane.diss@edu.tbz.ch"|"5E7uvB-AFWDFO-m%MEIA"
"therese.oldman@edu.tbz.ch"|"dT3C&a-UMXiZS-tZu6v&"
"boerje.scamerdine@edu.tbz.ch"|"$ZG&#w-dXV9Cz-qydjNh"
"du.saban@edu.tbz.ch"|"9J9nh3-@JYw#v-05hQtQ"
"hakan.clynmans@edu.tbz.ch"|"We7l9I-E&0Wh@-N2vjqY"
"wa.macdowal@edu.tbz.ch"|"1k3V7H-#VHSI#-OtzH7$"
"venus.hatrey@edu.tbz.ch"|"$qYLuA-#hqj%5-%Skoz9"
"anaelle.vispo@edu.tbz.ch"|"OjRr%8-nFaCcE-d@mVS3"
"mahelie.ollcott@edu.tbz.ch"|"HOpd@T-MbidyY-a@zCBR"
"mediamass.whyman@edu.tbz.ch"|"6KNPG8-@W6h9T-xm9Dt#"
"esbjoern.basson@edu.tbz.ch"|"4y1y8z-nWn0g5-S1prLQ"
"andrea.morrill@edu.tbz.ch"|"CiOneD-59NFM0-#kZ#af"
"melys.grassi@edu.tbz.ch"|"TijR5u-$D$use-fg0XH4"
"leone.poleye@edu.tbz.ch"|"BnIqcI-9D75I5-%tUrZC"
"francoise.penny@edu.tbz.ch"|"Ma&PNX-9dPiDw-mYtAjN"
"rebecca.edney@edu.tbz.ch"|"Fex9uX-4fjbQi-JOFzLA"
"adelaide.murtagh@edu.tbz.ch"|"2OcY#x-4HH88t-VxHG2B"
"stevina.winterbourne@edu.tbz.ch"|"UTe4#A-Eza2TT-VNEOba"
"ma.cottom@edu.tbz.ch"|"rR$Bmr-EAl50Q-5lVTCP"
"tan.harold@edu.tbz.ch"|"NxvijS-LnpUzf-Dcky8B"
"venus.forte@edu.tbz.ch"|"4$rdzP-Rf3Fhh-XhYQdf"
"almerinda.oluney@edu.tbz.ch"|"Z8@j8b-qXIMFT-azG7Xf"
"cleopatre.brehault@edu.tbz.ch"|"4Nbet@-Slb&bj-ia97%n"
"interessant.lapides@edu.tbz.ch"|"ligZli-i9h%Ao-nz01Cc"
"reserves.hallatt@edu.tbz.ch"|"I31sgY-UOk5Pd-SYiwEQ"
"annotes.birdwhistle@edu.tbz.ch"|"5pUZGb-Z8WduR-RJ&z65"
"ai.dredge@edu.tbz.ch"|"Znnsoh-vjqB3Z-X$MeeE"
"megane.mussard@edu.tbz.ch"|"4yG6Ef-XY06w0-Y@bZk0"
"esbjoern.gowrich@edu.tbz.ch"|"zzzqo6-%HFKfH-X2MHSF"
"boerje.brislawn@edu.tbz.ch"|"6cyeOY-ICsgh8-IAQk1X"
"becassine.wilce@edu.tbz.ch"|"PTtAxq-#n&ALi-dQcxJR"
"personnalisee.oels@edu.tbz.ch"|"kbKQm@-BH8Tx#-oLPvLr"
"verane.pett@edu.tbz.ch"|"dL9LGH-uI6V0x-oQf%P&"
"marylene.glewe@edu.tbz.ch"|"rEiByW-cPToSe-3r8df0"
"lai.elson@edu.tbz.ch"|"1ltwa1-Ghn$a#-kQ0hq5"
"serena.difranceschi@edu.tbz.ch"|"2fG&UP-atoFoL-Fl@3LP"
"lie.espinel@edu.tbz.ch"|"u4UkJb-meILyy-T0CPWa"
"marylene.fantini@edu.tbz.ch"|"f0Jltd-rN8Jmg-AIeJjq"
"andre.archdeckne@edu.tbz.ch"|"2jF$Gk-5xtK9t-l0Xbh3"
"goeran.bohlingolsen@edu.tbz.ch"|"l6xz6Q-uVfxf@-DC$tGT"
"cunegonde.heffer@edu.tbz.ch"|"P6I&kt-wUmiAm-b#MR&g"
"tan.fechnie@edu.tbz.ch"|"bl8bWc-IKGCxh-kYqRNg"
"marie-noel.brammar@edu.tbz.ch"|"ET7BcG-X4YKhA-MG6p#2"
"simplifies.aven@edu.tbz.ch"|"9E4Wq&-EvvYwe-mZqkpC"
"melys.pinchen@edu.tbz.ch"|"$%uv0d-NwAPqL-qCfp1S"
"edmee.joyner@edu.tbz.ch"|"6sjuTB-7b1md9-DcfuH%"
"berengere.edess@edu.tbz.ch"|"UNEq32-6nbbUb-OmmRSc"
"marie-noel.goward@edu.tbz.ch"|"WvDWg#-NEcOyC-Ygip6g"
"ju.edmons@edu.tbz.ch"|"hZOkx0-OcwtY2-g1CQ%P"
"frederique.airds@edu.tbz.ch"|"nHm5ax-EvlkhB-&frSRP"
"reserves.dauby@edu.tbz.ch"|"qHQ4YN-t@lm24-KOL@@k"
"hakan.gynni@edu.tbz.ch"|"L8skqz-yHMCZK-wa3HmV"
"leonore.pinwill@edu.tbz.ch"|"GirkC9-S8wHD7-wSJ4bJ"
"marie-eve.mcallan@edu.tbz.ch"|"89lLsx-qiVIvX-cFNr7A"
"naelle.yeabsley@edu.tbz.ch"|"p8MUh$-Mt4Uw$-6mSf02"
"nelie.jacobovitz@edu.tbz.ch"|"dz1N9U-1t#5t8-BO%C8H"
"adele.conelly@edu.tbz.ch"|"zJbekp-k%6Hka-CA%bW5"
"clementine.dondon@edu.tbz.ch"|"#Yuiif-8n%0m9-MQkQkK"
"zhi.willcot@edu.tbz.ch"|"XMeIqc-G5lD4U-A21awy"
"chloe.janicki@edu.tbz.ch"|"ccu6$t-ddkTg1-zCHjuI"
"meng.linde@edu.tbz.ch"|"GbhVoF-1&n6ow-V6f7#$"
"celine.janisson@edu.tbz.ch"|"SaFY@l-2T1wLl-AOI5Mh"
"clelia.crow@edu.tbz.ch"|"Gwv3cv-#a&TcV-M%agqq"
"cecile.pyott@edu.tbz.ch"|"wJHrsm-3cxvBE-zIy$fJ"
"ma.fidelus@edu.tbz.ch"|"rNj10P-e#vQXo-wFS9wH"
"marie-helene.poore@edu.tbz.ch"|"8#bbGQ-i#b0UG-mvN3mC"
"elies.blanket@edu.tbz.ch"|"@QHSvx-Uwmm#a-fimyrv"
"yu.boyer@edu.tbz.ch"|"ChXzOK-kieXz2-bKbgoh"
"celia.welds@edu.tbz.ch"|"Y9bT@M-uRqhZZ-NeLXxa"
"du.gunney@edu.tbz.ch"|"AgtLsU-D#qUsr-sxx9SL"
"goerel.crush@edu.tbz.ch"|"VoILUw-$t&LuT-Lxekkv"
"marie-josee.brosius@edu.tbz.ch"|"EruX$T-pIuaj1-Y81x4M"
"camelia.adds@edu.tbz.ch"|"vCOp%K-wdaHWq-rW%Ri0"
"anae.irwin@edu.tbz.ch"|"5c3dFH-H5uNk0-DuNnBU"
"cleopatre.skeffington@edu.tbz.ch"|"bBx&EG-#gpkwh-FvRZaF"
"gerald.suggate@edu.tbz.ch"|"zQJaYn-wxE8iE-vPuDlh"
"laurene.tailour@edu.tbz.ch"|"2teNKl-wK8gPa-r06SJ3"
"amelie.hoble@edu.tbz.ch"|"T886wH-0xsOYx-hXHu2t"
"venus.getch@edu.tbz.ch"|"u8ADg$-&O#RD6-rXlwzA"
"renee.treby@edu.tbz.ch"|"QVWXg#-umhj5u-qOkSGg"
"almerinda.stait@edu.tbz.ch"|"OlVLOg-TeHWAX-ABF@6g"
"andree.reddecliffe@edu.tbz.ch"|"q0U@dB-#VOj6W-QSL@0J"
"leone.wintle@edu.tbz.ch"|"zr5WPZ-V15IZ8-&wCD#y"
"gerald.fellow@edu.tbz.ch"|"$s0#kd-YYB86&-dxAabP"
"ju.gudger@edu.tbz.ch"|"Hl2j0o-YXWVWX-UCUCSk"
"meng.ohaire@edu.tbz.ch"|"tDZ%yL-#wv4d#-RJllP8"
"cleopatre.missington@edu.tbz.ch"|"QhIz@1-8OILhx-9dt7pm"
"annotes.debruyn@edu.tbz.ch"|"SYABDh-BcatPA-3oXLQ1"
"gerald.sinisbury@edu.tbz.ch"|"GPo0f4-k%AA@k-L3D&jm"
"creez.slora@edu.tbz.ch"|"QJQSL8-dzVVkJ-X&KfUR"
"gisele.benbow@edu.tbz.ch"|"Am0Ybt-dYD3g4-jyi3mb"
"pal.dossit@edu.tbz.ch"|"PKp1T&-eFk@Gi-QYZl6k"
"nelie.stirrip@edu.tbz.ch"|"8fJg20-oIP6fA-#S4G%7"
"alois.ocrigane@edu.tbz.ch"|"Z2UIdo-ZUAgnk-8si9nP"
"kui.mcterry@edu.tbz.ch"|"y0@FZv-21nY&B-14fzPt"
"long.willgoss@edu.tbz.ch"|"s&KDAW-9NC0y$-0Pa2P4"
"francoise.sumpner@edu.tbz.ch"|"NmUM@q-5d#hdA-hV3bGo"
"maely.grinstead@edu.tbz.ch"|"B%xMVc-emPeh7-EcGS#h"
"creez.langeren@edu.tbz.ch"|"5PWAn8-mUY1hC-3pYLZ6"
"adele.dungate@edu.tbz.ch"|"g26#8V-mtJo&$-jALo7J"
"cleopatre.noirel@edu.tbz.ch"|"e86F%4-&gIRsh-v3mNiS"
"interessant.daverin@edu.tbz.ch"|"qTY0AJ-T&ZXx6-cM&oF@"
"naeva.kalderon@edu.tbz.ch"|"@w@Ece-Irbtg%-CUVu4T"
"anais.oshesnan@edu.tbz.ch"|"DnpYEL-yzMCfs-0UU#xl"
"judicael.anelay@edu.tbz.ch"|"lQNr%3-SYAL11-IFGN$1"
"eloise.braxton@edu.tbz.ch"|"1t5@Bf-kyb%7j-CySvJ3"
"desiree.greguol@edu.tbz.ch"|"5T6o%d-o5uY&G-OaB@1&"
"maite.mcclenaghan@edu.tbz.ch"|"53IOLb-eFRHxS-FTqWbH"
"meng.doret@edu.tbz.ch"|"JxUCbN-7ZSaVM-%vnAnc"
"frederique.chippendale@edu.tbz.ch"|"lG2y&4-VNHxS2-#7MhsH"
"andreanne.lanney@edu.tbz.ch"|"nwJl5X-lPmrD4-uda@GK"
"aurelie.claus@edu.tbz.ch"|"5BSLB5-99LQiE-T3ROTv"
"renee.pabel@edu.tbz.ch"|"ld10lp-dzaqom-@w11s8"
"maena.roust@edu.tbz.ch"|"8xQUO@-2%w&i#-3Ma5$a"
"nadege.carwithim@edu.tbz.ch"|"GB5rax-yLp2e8-kqp3YL"
"solene.geyton@edu.tbz.ch"|"5qOjyj-cr#Esj-RS$qH%"
"dafnee.avraham@edu.tbz.ch"|"uMhM1a-CStgN%-P&hZhv"
"leane.woolvin@edu.tbz.ch"|"6E#4HO-LTzFiY-yGrQUX"
"adele.macadie@edu.tbz.ch"|"ePGOmF-HSvniu-QiNpAt"
"meline.rubica@edu.tbz.ch"|"MEfQBt-b6AnQB-rCEEVn"
"marie-noel.speeding@edu.tbz.ch"|"BSfjO9-1u1ROJ-DoaJLW"
"nelie.mix@edu.tbz.ch"|"BjLf0z-vhFKDq-pBmOa3"
"clea.ollett@edu.tbz.ch"|"lDsNfw-#1Vv&f-Sd7B1K"
"leandre.mcgavin@edu.tbz.ch"|"e#vpOw-#SUX2e-dPY5#r"
"cecile.behne@edu.tbz.ch"|"7rWC0N-4$OyYK-uiSJs6"
"melanie.polle@edu.tbz.ch"|"quOoy5-RrmZup-J45yxR"
"marie-josee.titmuss@edu.tbz.ch"|"zIdbo0-EEsivX-Y1bk&M"
"helena.guest@edu.tbz.ch"|"SJ@JTm-I$u$dd-EiJ55a"
"annotes.chicchetto@edu.tbz.ch"|"PoSPKT-7gJNIb-YezkX$"
"melia.tubb@edu.tbz.ch"|"lYidOq-r&Zt6G-$@75SS"
"angelique.casetti@edu.tbz.ch"|"$$bS#K-QRR0IC-dbgeZ6"
"cunegonde.cleall@edu.tbz.ch"|"p$oEGN-X6UzGo-lbS8Py"
"camelia.oaker@edu.tbz.ch"|"cHxc2p-AHk$#c-VdJuUJ"
"you.searight@edu.tbz.ch"|"Osopjd-BRnnXQ-6THu7E"
"kevina.dederick@edu.tbz.ch"|"lfNhL&-LZci6E-5f@aUq"
"milena.jeffrey@edu.tbz.ch"|"uiql3D-$ifxDs-ie3DYi"
"melodie.barkshire@edu.tbz.ch"|"HoG5AI-SF@F90-$jyZ@U"
"gaelle.kreutzer@edu.tbz.ch"|"q4l%RU-LSf@tw-thEBs%"
"kalliste.kleinpeltz@edu.tbz.ch"|"H&Din4-CO6cs6-$UDpVs"
"clementine.danat@edu.tbz.ch"|"4fpSq8-BU7oGu-YQAXwT"
"andrea.wabb@edu.tbz.ch"|"6wrUEQ-MZv7kE-zo98HU"
"geraldine.piesold@edu.tbz.ch"|"1MlajQ-XUElZY-zqa1qJ"
"tan.fiveash@edu.tbz.ch"|"vApD#w-@9a5$I-PgbaKB"
"meline.yuranovev@edu.tbz.ch"|"gfXwbS-vnynde-0#%J%l"
"therese.holme@edu.tbz.ch"|"zcoqV1-lr@JZi-7l3NsE"
"salome.vaney@edu.tbz.ch"|"8E#mQs-8@G00U-Qjsc7u"
"anae.abramson@edu.tbz.ch"|"XfSLa2-UI0eqG-91es3o"
"kalliste.jimson@edu.tbz.ch"|"APWCog-8mogxQ-fp0P1z"
"selene.yole@edu.tbz.ch"|"%Hn@N$-rI#qTu-lRSC5$"
"agnes.defraine@edu.tbz.ch"|"NY&jgD-sfzNsn-0z9veC"
"faites.mccluin@edu.tbz.ch"|"l$Wieg-$XjnvN-ZhI8zs"
"athena.deme@edu.tbz.ch"|"7ih#AM-7Tf89j-FsMH$e"
"daphnee.brigstock@edu.tbz.ch"|"DNAYPO-6r443P-SHB6$r"
"goesta.skaif@edu.tbz.ch"|"%#aaP1-gM4Dxf-FB0lLg"
"oceane.jagoe@edu.tbz.ch"|"RGR95p-1j1X8m-U5OKFP"
"annotes.broomhall@edu.tbz.ch"|"B6GIU#-7jQokF-coQc0k"
"marie-eve.ballendine@edu.tbz.ch"|"coQ98z-0#JPFp-saLnmg"
"melina.spykings@edu.tbz.ch"|"JZTk82-W2Ro9s-rHsUT@"
"laurene.ticehurst@edu.tbz.ch"|"9QX&h6-icAbHv-w2Tg&O"
"fei.avramovic@edu.tbz.ch"|"rbycu3-k37ex4-eBszQ3"
"publicite.strathearn@edu.tbz.ch"|"j#I7K6-mwOGfs-U9tYj#"
"torbjoern.garrow@edu.tbz.ch"|"UNFBKe-3rt&nq-ZR5RoQ"
"chloe.rubinsztein@edu.tbz.ch"|"@WWWXl-CrXicD-f$EVN3"
"mylene.demanche@edu.tbz.ch"|"RwU6Zl-VrJaWo-OxCLRG"
"mediamass.godlonton@edu.tbz.ch"|"yL8Ip%-crSZgk-dFXGVe"
"renee.shurrocks@edu.tbz.ch"|"4F&B3x-2u$gVI-pQroO8"
"maiwenn.jedras@edu.tbz.ch"|"ORns0g-GXXNPn-m8&EuP"
"genevieve.castells@edu.tbz.ch"|"@zHeTL-2SOn09-qrsUd7"
"renee.sneden@edu.tbz.ch"|"v1Z@uS-axAnXu-I#rWTa"
"lai.mccallion@edu.tbz.ch"|"ViW@x1-ccqQVP-YoL11J"
"kevina.impleton@edu.tbz.ch"|"cVN7pU-uaDHAy-Z464Nc"
"oesten.fresson@edu.tbz.ch"|"fKxnx6-1$A7l0-&6GF1y"
"verane.shawley@edu.tbz.ch"|"0wDk9G-#q&FLt-dikGBJ"
"uo.sjostrom@edu.tbz.ch"|"#uFYNN-zUTmiA-TYObBs"
"gisele.gothup@edu.tbz.ch"|"MXL@v2-vArGy&-1liJXa"
"renee.beauman@edu.tbz.ch"|"DLWEaX-F8mK&k-zjY6mc"
"elies.loton@edu.tbz.ch"|"TqVnv4-g5Jfp7-RQ@uCS"
"valerie.elsmore@edu.tbz.ch"|"vQcQ@$-@6L&LY-A3Nk9@"
"berangere.delafeld@edu.tbz.ch"|"vAqdUq-Y%PRd1-0aH7X$"
"bjoern.schimke@edu.tbz.ch"|"nT2uoL-%F9Jg#-%7ew%9"
"loic.ericssen@edu.tbz.ch"|"F@WSaB-HJwDmz-A7hoMM"
"creez.richarz@edu.tbz.ch"|"Wg4SVz-j4GSy%-bqJ$eT"
"athena.grocott@edu.tbz.ch"|"E0eVyn-3FZ1H8-6t&790"
"naelle.piotr@edu.tbz.ch"|"jXbye&-SbkLcX-uFNYeJ"
"maella.paulson@edu.tbz.ch"|"MqvV5E-QdtgIX-SjoeFZ"
"song.perot@edu.tbz.ch"|"ZooDWw-O8KEN0-@PCfrU"
"kalliste.heckney@edu.tbz.ch"|"j$zXUB-iBHj@o-rtz$I1"
"ake.vasyutkin@edu.tbz.ch"|"1YIIa&-NKVEXH-UQcF6D"
"ma.castles@edu.tbz.ch"|"usUar%-offhjV-r58PtA"
"maely.monget@edu.tbz.ch"|"Brrw5F-W6%W&L-vpZ3ro"
"tang.durbridge@edu.tbz.ch"|"acFRwQ-yNIjKv-DvaAye"
"laurene.andrew@edu.tbz.ch"|"vsCLrp-6lkJA@-ZW7ijO"
"lysea.beacon@edu.tbz.ch"|"UudSQ#-bNqiBB-NW0qQ3"
"leandre.peyntue@edu.tbz.ch"|"i8Bigz-%qKPq%-UPxOcJ"
"rao.trever@edu.tbz.ch"|"es%CwQ-L75Teh-xxn20D"
"mahelie.streader@edu.tbz.ch"|"q$nm%1-sJudGi-X63T6x"
"maerta.andrejevic@edu.tbz.ch"|"YyLXZr-tirJdV-Yhm@YL"
"goesta.tompkins@edu.tbz.ch"|"kFUK6E-oRGsKW-BtSAw@"
"helena.agates@edu.tbz.ch"|"9arKeW-LO0Hk1-3lLV%#"
"therese.glass@edu.tbz.ch"|"8XbhXy-2hz5Jr-%0Gsvm"
"alois.foan@edu.tbz.ch"|"LCcoFG-evhaKj-H1TYNU"
"becassine.melchior@edu.tbz.ch"|"xfwqMb-NUZqJQ-B2xM91"
"cloe.robart@edu.tbz.ch"|"S9myPi-F4o1gz-Vg%lRc"
"daniele.puckinghorne@edu.tbz.ch"|"u$3JfE-RT09A6-PzWupY"
"selene.cammidge@edu.tbz.ch"|"OX3YfV-yrbhpz-cEuBjT"
"regine.conochie@edu.tbz.ch"|"@iT$hk-lszWzJ-dckcWf"
"interessant.tuiller@edu.tbz.ch"|"CHzpZm-w5UPJT-@egSgt"
"long.tiebe@edu.tbz.ch"|"Cbq#em-d8qog3-fSXI98"
"mans.yele@edu.tbz.ch"|"uiKcAN-$VjqGV-v&nizg"
"ai.giles@edu.tbz.ch"|"NbcmvX-mz6tsD-NSLI%r"
"gaetane.hamberston@edu.tbz.ch"|"ShGFOU-wIOo3b-JR4geG"
"marylene.fenix@edu.tbz.ch"|"&roj$c-Xwh&Zg-jgtIQy"
"geraldine.graeme@edu.tbz.ch"|"UPJ#x4-T7Jz4V-zV8lnV"
"tang.kinglake@edu.tbz.ch"|"SG7GJQ-aRIppk-&dbfRg"
"lai.challoner@edu.tbz.ch"|"BVPtDI-D$Ou%Z-KKAp&A"
"desiree.mattei@edu.tbz.ch"|"ev$kOy-QRzfQu-es7qgN"
"ake.erley@edu.tbz.ch"|"tBD2jW-msRnnd-@IE5&K"
"edmee.cavil@edu.tbz.ch"|"RSLUi8-0J$YpK-rp83gr"
"alois.moyes@edu.tbz.ch"|"msJGBS-dzYrIi-8lbf1q"
"becassine.pitman@edu.tbz.ch"|"Ql2QA7-eV4pOi-Bvtuhy"
"ai.giacovelli@edu.tbz.ch"|"1Unc3X-34J&De-CSEXqL"
"judicael.fruchter@edu.tbz.ch"|"Ece4Ir-mUJSo%-nhEaPQ"
"mans.mogg@edu.tbz.ch"|"QrrsYA-DW5hOl-bRGFJq"
"gerald.foyle@edu.tbz.ch"|"qPGarB-7$&OdR-miVGYA"
"wa.androletti@edu.tbz.ch"|"$umh&A-lQrOe3-UxiZIf"
"meng.ollett@edu.tbz.ch"|"QeNwEN-wdrCSS-3bvww0"
"naelle.macmenamy@edu.tbz.ch"|"r$#COx-gPGSxL-jGEzhV"
"gisele.mcramsey@edu.tbz.ch"|"tY@NZY-icr%Iq-6r%@gK"
"meryl.scolts@edu.tbz.ch"|"0hciM%-VNSl2H-$eS1S2"
"celia.bloxsome@edu.tbz.ch"|"CGsdJ@-Qa3NUY-HWSxb7"
"styrbjoern.stuke@edu.tbz.ch"|"D5ie8E-#JTtJU-hrNwMx"
"felicie.gwilliam@edu.tbz.ch"|"SgPgCX-VFAnyW-XdLWE7"
"da.harms@edu.tbz.ch"|"DK2gij-h$f7SL-eWLG6l"
"celestine.baulk@edu.tbz.ch"|"SLTnD&-&c@YWU-93#i7I"
"mahelie.blackledge@edu.tbz.ch"|"Tn1T8F-Be&lNj-y6PaTw"
"meghane.salt@edu.tbz.ch"|"Wm1JZ@-5XhKTm-k1Sdu7"
"methode.paxeford@edu.tbz.ch"|"&7MyyC-hSliU0-RlyPFk"
"asloeg.milligan@edu.tbz.ch"|"s%Vwmv-dKLLrd-1MnKiU"
"you.pellman@edu.tbz.ch"|"&8X2JC-FTu%8k-1pW5tv"
"loic.regenhardt@edu.tbz.ch"|"ieQ6lv-wHgrS@-CmsG%%"
"daniele.savill@edu.tbz.ch"|"OZlxxj-%6sSO0-HL6Px6"
"alois.cornu@edu.tbz.ch"|"mMaUzU-3BdphE-gWLfio"
"oesten.govey@edu.tbz.ch"|"am&j3a-$OYaGi-btBtQW"
"marie-eve.louch@edu.tbz.ch"|"z%aZ85-RrEUYO-VejQTL"
"theresa.wenn@edu.tbz.ch"|"uVoJs9-ECDlwk-3u%5k$"
"andree.eul@edu.tbz.ch"|"jWNLtu-A&B7wy-v&4h7e"
"lie.paynton@edu.tbz.ch"|"&qM0fo-xa0Trw-5nXv7Y"
"marie-eve.girodier@edu.tbz.ch"|"axatQ%-UThr$l-bGNlr@"
"marie-noel.smithe@edu.tbz.ch"|"5y@52T-DuxMHA-NSJOUb"
"men.bootyman@edu.tbz.ch"|"SnTKvC-4SAxCh-45bUZ7"
"ku.sugg@edu.tbz.ch"|"9DK%kT-XsGURJ-UKmuw4"
"lucrece.roseman@edu.tbz.ch"|"NoXQye-kkqGZp-jaKQqB"
"zoe.annear@edu.tbz.ch"|"0r$TOo-BUQa0%-#x3awW"
"marie-helene.rennebach@edu.tbz.ch"|"Oq8bB7-FmSyia-pH90oM"
"lea.djurdjevic@edu.tbz.ch"|"Tr@ep0-GqNCAb-hY94Bm"
"goerel.robert@edu.tbz.ch"|"tlg0UN-2mSlp7-CPD2Cn"
"mylene.foldes@edu.tbz.ch"|"XH3#8O-&0wV0f-zTwEoV"
"faites.clegg@edu.tbz.ch"|"fg#dgK-p#fUmJ-Y7TWUz"
"marylene.crowcher@edu.tbz.ch"|"yCbeJ9-mFr6eN-JSjKsJ"
"aimee.wimpeney@edu.tbz.ch"|"pF&ch6-s88@zn-yQActH"
"renee.atkins@edu.tbz.ch"|"jkv9Bk-6RqwP3-G1eGjP"
"rejane.cainey@edu.tbz.ch"|"B1@dy4-zIVP8L-5&HCfk"
"solene.britney@edu.tbz.ch"|"sjQcVP-@lC4N8-aDpBw4"
"marten.shatliffe@edu.tbz.ch"|"T#D03C-uk6KMM-7#LdcA"
"maite.issatt@edu.tbz.ch"|"yO%O&y-DdDlZC-BzSL5$"
"maelyss.edon@edu.tbz.ch"|"kAjIVq-BqyZIv-EwQOH1"
"nuo.bamling@edu.tbz.ch"|"GIjpvs-2BlB3J-blps5M"
"anais.edards@edu.tbz.ch"|"MTS1my-9tiT60-uiajUy"
"mediamass.bromet@edu.tbz.ch"|"B3h@tO-$0Z2l5-6hGPCn"
"beatrice.kimbrey@edu.tbz.ch"|"W2Qbv2-8vkJt5-SANBXd"
"ines.lawranson@edu.tbz.ch"|"B#&#vT-$zT7rf-XMKRf$"
"kalliste.scandroot@edu.tbz.ch"|"FQL1D6-w6ka9k-f2jeLB"
"mans.barrowcliffe@edu.tbz.ch"|"%ufq0P-X@Dbt9-h5zJhb"
"irene.couves@edu.tbz.ch"|"sHe0yx-yZo0Os-j5ZPdW"
"milena.mucci@edu.tbz.ch"|"bEv@kc-vvoSSX-Nx2%Sk"
"naeva.cow@edu.tbz.ch"|"ChkdN%-ciZ@gm-5&OV9Z"
"audreanne.mournian@edu.tbz.ch"|"ehLiY%-pQ7vGb-uQ6FII"
"melia.sinnatt@edu.tbz.ch"|"pBV05x-C&Kzg%-Q8EFux"
"nelie.burnard@edu.tbz.ch"|"%u3UL$-ZZV9b5-mwPKqY"
"clelia.ashfull@edu.tbz.ch"|"dYwjr9-vpJPUO-%6%H&2"
"lie.macard@edu.tbz.ch"|"Os%2MK-3bnSlc-fiX#wg"
"valerie.matoshin@edu.tbz.ch"|"gK&6yy-XA5kPE-h&3u8&"
"anael.hatherleigh@edu.tbz.ch"|"JkSxJy-VXn65D-l4CEEu"
"interessant.warratt@edu.tbz.ch"|"R%L&R4-FBDtEM-K7zh#p"
"eleonore.volage@edu.tbz.ch"|"VvMzj5-8lhqOE-0B$FAP"
"zoe.stebbing@edu.tbz.ch"|"Zqu4sS-q5MX2B-$PJCqq"
"alizee.nye@edu.tbz.ch"|"Tha%67-kgO3c6-PlQ3E3"
"celestine.bramley@edu.tbz.ch"|"svXF8a-w77wfl-6Iet9x"
"selene.philcott@edu.tbz.ch"|"o7LN%m-kxW3Z7-v%wOBv"
"tang.newens@edu.tbz.ch"|"6YQt$G-V6HRVs-8FMPYy"
"annotes.powys@edu.tbz.ch"|"7j$8z%-NAmlcj-W3&Nzj"
"lea.matthesius@edu.tbz.ch"|"Xe9NcD-pdREsS-PFGLS6"
"illustree.garlett@edu.tbz.ch"|"CsdD&&-PY0o8x-OIr#Kc"
"maiwenn.meachem@edu.tbz.ch"|"57&DkH-%blcTT-ke0ST%"
"marie-francoise.mcbrady@edu.tbz.ch"|"GZRiat-O02zIf-14r#vQ"
"illustree.gimbart@edu.tbz.ch"|"%Y$cqu-UcS#T9-rAG68W"
"melys.lyosik@edu.tbz.ch"|"Ez@pO4-FTKLdv-$tK5YQ"
"marylene.mcnab@edu.tbz.ch"|"gb5#dE-CD$J7K-Jn7ODT"
"gerald.blount@edu.tbz.ch"|"%WL8qE-U2@L$z-jccn1z"
"clelia.shakelade@edu.tbz.ch"|"bCNKEG-4#6F2U-1fB5QB"
"penelope.cridlin@edu.tbz.ch"|"MtpO1D-#DpD#G-ZG#b%P"
"maena.okuddyhy@edu.tbz.ch"|"7cOU2g-4cseEU-OlEEUr"
"athena.keynd@edu.tbz.ch"|"ipmVg#-JpCoo$-IcHjkO"
"cloe.dwine@edu.tbz.ch"|"MJmm9Z-vNnGhl-cOTKvd"
"josephine.browett@edu.tbz.ch"|"v40YnJ-Y6xGXI-yXZvaN"
"audreanne.oscanlon@edu.tbz.ch"|"Bl50#n-m57Z4P-A$8Hgs"
"fei.jeanequin@edu.tbz.ch"|"072VJf-QWomSt-@KanBJ"
"lois.gormally@edu.tbz.ch"|"zZ%zKp-UVY9jH-Ly9zlK"
"marie-francoise.finnigan@edu.tbz.ch"|"7OY2oI-w0Z&Bn-4I#pXQ"
"leonore.trussman@edu.tbz.ch"|"w7%du@-aG@SAF-GhGAWz"
"anaelle.trumper@edu.tbz.ch"|"vh&e8j-i$rVO7-HO0SHD"
"clemence.dionis@edu.tbz.ch"|"uPi5fa-TJ1laq-NSn4yK"
"lois.tranmer@edu.tbz.ch"|"$Cmpko-hBcWNi-HefN%d"
"interessant.volett@edu.tbz.ch"|"&Uvd2O-WC&mFU-eY7Twm"
"personnalisee.deackes@edu.tbz.ch"|"voUtxo-ebJNZl-qu6hW3"
"lie.vasiliu@edu.tbz.ch"|"dn9WcW-X&niMS-rY9h9z"
"dafnee.lamputt@edu.tbz.ch"|"mUr#%9-IvgYLb-Vtel9v"
"elies.bromige@edu.tbz.ch"|"DK9PsZ-$8wxy%-q0D7wd"
"helena.klosser@edu.tbz.ch"|"RW8MGb-r%cwSX-h8DHQW"
"andree.grim@edu.tbz.ch"|"sV$C7z-@2YVtC-Rln@Vp"
"verane.coldbath@edu.tbz.ch"|"vf7Fgo-SqFLod-70ab0H"
"helena.bethell@edu.tbz.ch"|"V5@MPx-XJQp&3-XJeSJ%"
"kalliste.carefull@edu.tbz.ch"|"bEHuAi-U%JCDI-ZfENSy"
"regine.odams@edu.tbz.ch"|"TwHw@Q-WBXpS0-mf2b%s"
"len.stannus@edu.tbz.ch"|"Ibfko1-XPN%A8-j8#Bpx"
"angelique.works@edu.tbz.ch"|"U##tUk-uMOvDb-IqC$4p"
"goesta.rheaume@edu.tbz.ch"|"09GU2i-1P7jCK-C%3Mk6"
"maelys.tynnan@edu.tbz.ch"|"iNI&$Q-ZMXV5m-PZqmJN"
"maelle.carlesi@edu.tbz.ch"|"OmRjhs-Bnd$5D-5@vf#4"
"anael.spurden@edu.tbz.ch"|"Z$1t2@-rpiYbh-o8nvzx"
"helene.pumfrett@edu.tbz.ch"|"MQ30Ph-04eylE-2UQ7SN"
"goerel.pearn@edu.tbz.ch"|"q#vIW$-AwO&Mm-f6zzgx"
"laurelie.dezamora@edu.tbz.ch"|"NG90GR-uk4953-YEXHtA"
"yao.twidale@edu.tbz.ch"|"@IujoU-fG5hrR-p2D60z"
"berengere.sola@edu.tbz.ch"|"L1$p6E-lBWAO$-hFuos0"
"maelann.hardistry@edu.tbz.ch"|"hAf1bG-Y#u1up-iogsMy"
"severine.littlefield@edu.tbz.ch"|"TyWAHC-3FlpM0-2nea7j"
"salome.heinl@edu.tbz.ch"|"az7ezP-sJevg7-@TbBD8"
"meryl.warbey@edu.tbz.ch"|"$h6uS4-1mZL&r-NW$%&0"
"da.hunstone@edu.tbz.ch"|"c9DvfP-mJkxq0-4$2Sni"
"venus.broadbury@edu.tbz.ch"|"2WjnOj-F0s$NS-A6tDmw"
"meghane.rentelll@edu.tbz.ch"|"OUNj3X-@nTFpG-bnnlhw"
"marylene.drewitt@edu.tbz.ch"|"0WGFe@-tGbB33-QbT7Lu"
"melinda.jacquemet@edu.tbz.ch"|"BuRu5&-jXDhc#-KVgay3"
"marie-josee.keyden@edu.tbz.ch"|"k6GZvX-zeX4w9-J7PewD"
"asloeg.montacute@edu.tbz.ch"|"XP2xVh-GJr$A8-RGbtRO"
"ku.andreou@edu.tbz.ch"|"GZ#yp7-to5Da3-1v7#P#"
"personnalisee.feaveer@edu.tbz.ch"|"&cr66l-mxQ%Vj-YkILuz"
"laila.emptage@edu.tbz.ch"|"wojhtF-H%b0#c-qw5bHe"
"bjoern.dawdry@edu.tbz.ch"|"TqmNqj-fbCznk-1gt6uJ"
"marie-eve.dinsell@edu.tbz.ch"|"Y&8Lid-qn1RQS-GYbJ8r"
"helene.follett@edu.tbz.ch"|"UIFIDD-dNXc1q-Sg5ber"
"penelope.cordero@edu.tbz.ch"|"c0ZmnG-%X@dj6-TGQMj$"
"boerje.beedell@edu.tbz.ch"|"QjESjM-qx#$Co-$cqk%J"
"nelie.ferne@edu.tbz.ch"|"ehrzZj-usTj2g-0nXsL8"
"celine.ahmed@edu.tbz.ch"|"WVcKov-9OY0ow-ij1d6$"
"stevina.pimblett@edu.tbz.ch"|"6HLI0h-#%93qv-5TRdVA"
"chloe.langlands@edu.tbz.ch"|"LnNmkB-zSexq4-9ki65j"
"simplifies.maude@edu.tbz.ch"|"gxJy28-3WVGkK-IRcq8J"
"genevieve.decarteret@edu.tbz.ch"|"X1AaxF-h4#J0q-qxq9G7"
"marylene.mughal@edu.tbz.ch"|"DgZJIc-gsTN#j-n%aP#H"
"goeran.guttridge@edu.tbz.ch"|"mNQxWW-B%%nJz-z7BF$q"
"michele.smurfitt@edu.tbz.ch"|"@zWXMm-NWa2Kd-ctxayj"
"methode.hadeke@edu.tbz.ch"|"P$iBOv-f@QgVT-TGhOfL"
"therese.rispine@edu.tbz.ch"|"F6NVQT-iqFn1D-NrR77n"
"goerel.plumley@edu.tbz.ch"|"Djc1Dk-zoc4sa-AoQcwc"
"oceane.friett@edu.tbz.ch"|"SN$H1k-T1MAQX-fEQsJ1"
"marie-noel.achromov@edu.tbz.ch"|"iJKYOI-IFjFwz-Mh4ten"
"dorothee.storek@edu.tbz.ch"|"rgscBD-9TAXax-foIYpA"
"goesta.whittle@edu.tbz.ch"|"m#5oqv-ozhz##-fAuOL&"
"desiree.casely@edu.tbz.ch"|"RrF9KZ-ffJXEX-rPG9@$"
"felicie.condon@edu.tbz.ch"|"sGZ#87-XOmD5Z-8o#%d$"
"maelyss.frisdick@edu.tbz.ch"|"1At&nE-0eP##S-$hn4Tq"
"aimee.banke@edu.tbz.ch"|"Ck7sO3-ZbQwZI-r2DM0C"
"naeva.hodcroft@edu.tbz.ch"|"Tkc%q7-g2SGbw-X&TTTK"
"laila.gerrans@edu.tbz.ch"|"pDH3Iy-@OocXJ-e0zGio"
"daniele.scrimshire@edu.tbz.ch"|"DPHRYj-SPzImV-%gkmPM"
"daphnee.sheerin@edu.tbz.ch"|"IzbE%x-%eeUmZ-m%ib@&"
"pal.vanyukov@edu.tbz.ch"|"B7yXEw-Dj3Epy-2YVvRV"
"zoe.childs@edu.tbz.ch"|"Rq5WQ$-xY%p2o-TZOvHP"
"ai.corde@edu.tbz.ch"|"TUcZkb-3susVs-60tWWA"
"maelys.berryann@edu.tbz.ch"|"hm6@94-9WGpIr-y8pwib"
"cloe.gladding@edu.tbz.ch"|"JNpr1W-M&MYlj-GceZa&"
"wa.kinnaird@edu.tbz.ch"|"&NNbff-@ImUFm-a3X$l9"
"publicite.brittoner@edu.tbz.ch"|"Tq9gJJ-9ElPd5-mrSiF4"
"rao.windress@edu.tbz.ch"|"#oBD8U-vLZkOY-tlXYcS"
"uo.kollach@edu.tbz.ch"|"KGnJ6c-E1jzHt-w8#kb6"
"josee.peskett@edu.tbz.ch"|"XVU$nS-RN3u3a-herLNU"
"annotee.hasel@edu.tbz.ch"|"hp$S0%-tPyVlj-@STY07"
"cinema.lee@edu.tbz.ch"|"aVMMEH-uOo@l5-sLfAaw"
"lai.vedeshkin@edu.tbz.ch"|"oD@Nck-l%ygVk-QeWJCB"
"renee.brisbane@edu.tbz.ch"|"pbNrhC-HHmUdN-bqEbDz"
"ophelie.blincoe@edu.tbz.ch"|"r1965Z-eJrL33-Sm@sXR"
"zhi.prazor@edu.tbz.ch"|"KXsXVZ-Gj5w7Q-eiR%tz"
"annotee.maddicks@edu.tbz.ch"|"UNa1BV-2sf&2@-aVJ#va"
"maelyss.codd@edu.tbz.ch"|"yVTAu6-0yEAg9-#MpH2L"
"celia.peplay@edu.tbz.ch"|"HWE0#5-8qyVi#-1SfA1o"
"interessant.skone@edu.tbz.ch"|"bMci1W-yfBDJO-@DHTkA"
"audreanne.hebdon@edu.tbz.ch"|"1mksZB-rt#vzq-LSo6yI"
"oceane.glen@edu.tbz.ch"|"gBHB$0-8$MDZj-#1$1zy"
"daniele.vanyushkin@edu.tbz.ch"|"gBcw4T-T%8Pw9-Cjjv%k"
"daphnee.ayce@edu.tbz.ch"|"SBUOtK-wp8pGn-OAw1Rr"
"andrea.attride@edu.tbz.ch"|"iPMwfm-Xn%oy3-xUzxVW"
"penelope.bridgwood@edu.tbz.ch"|"g@5fnQ-UsJyMT-tuc3ry"
"mailis.drewitt@edu.tbz.ch"|"472rN$-KNULkj-4k3iL$"
"penelope.mollene@edu.tbz.ch"|"j%fwkh-ATiQet-8bgdOs"
"illustree.keely@edu.tbz.ch"|"5K%DGy-Vvp4kk-hWIAGn"
"meng.brisseau@edu.tbz.ch"|"%g3Q7S-J#UCgJ-cjpoXL"
"ruo.cleiment@edu.tbz.ch"|"Rl6WL%-GPdWv4-thgdbn"
"maite.krammer@edu.tbz.ch"|"JVHwXk-tmFCET-1lC#CB"
"genevieve.verry@edu.tbz.ch"|"pvNqZe-eUaogM-qumvx7"
"lea.olochan@edu.tbz.ch"|"dCqVp3-WngGPR-L8@i30"
"naelle.brunnen@edu.tbz.ch"|"ElHblb-jrrtTv-j@Y0Li"
"goesta.bragginton@edu.tbz.ch"|"awvWpY-m1wffE-$1znEY"
"fei.danilyuk@edu.tbz.ch"|"My&OcH-Je$jfv-%HoFZZ"
"adelie.turbitt@edu.tbz.ch"|"kYkFJr-o4llFP-0lDmMN"
"marylene.nutman@edu.tbz.ch"|"AwIybO-fkJfh1-wRjsHT"
"therese.barbrick@edu.tbz.ch"|"Z@5kMM-NiCg0C-XNwcmM"
"melys.kolodziej@edu.tbz.ch"|"ksvHqI-$wtMRh-VHXfTI"
"melanie.runchman@edu.tbz.ch"|"rRdKi0-M%aB87-hTn9e#"
"serena.lafond@edu.tbz.ch"|"FPjLIf-R@moDd-&1army"
"pelagie.desmond@edu.tbz.ch"|"2VPMuB-&d&D08-oJn4hI"
"wa.spickett@edu.tbz.ch"|"Maj3IC-2JFgZz-J7k%Ii"
"po.shave@edu.tbz.ch"|"vNmIO9-ExORi0-lR0nSg"
"song.huikerby@edu.tbz.ch"|"qIBFdB-XxsjH5-BJk&qV"
"melinda.bimson@edu.tbz.ch"|"vsaF0Y-E#s5XR-t#b6p&"
"personnalisee.toffanelli@edu.tbz.ch"|"s$KfQR-%W8V0p-Xq7Li1"
"leandre.hurn@edu.tbz.ch"|"8A8NCr-urAhCS-$Em2KK"
"oesten.standell@edu.tbz.ch"|"#MPN1s-ChR$U&-7HUuC8"
"naelle.smaleman@edu.tbz.ch"|"Rsu0HN-MX0%8V-8G6RH9"
"berenice.tayt@edu.tbz.ch"|"Vzssxv-bm&bU8-cUdpMk"
"kui.popplewell@edu.tbz.ch"|"4wmoOB-G5QEsm-FKTbsd"
"melodie.ferandez@edu.tbz.ch"|"wE1CK4-djI9DJ-QE2pan"
"josee.negal@edu.tbz.ch"|"aSvoar-3pEMX%-VkVawg"
"melissandre.ferrelli@edu.tbz.ch"|"KduFyI-Q6rDDD-cS@#xJ"
"josephine.kemmer@edu.tbz.ch"|"GZLoQF-S0zFtJ-rdUoe9"
"maely.cayette@edu.tbz.ch"|"EUW4xr-i&cu20-eYfjLp"
"nelie.vela@edu.tbz.ch"|"Biik8z-I4cGux-QU6ifa"
"melina.cortes@edu.tbz.ch"|"X5bAhi-UFDaPb-SDf$gL"
"megane.leyshon@edu.tbz.ch"|"QagzTw-14s@KE-wUl0gn"
"regine.harrie@edu.tbz.ch"|"31CvA6-EyT2yS-qTiQ4s"
"mylene.widdison@edu.tbz.ch"|"ZFA7cr-0de3n$-mte9sd"
"pelagie.vivash@edu.tbz.ch"|"pnSVWH-sHQA0D-SlQg#f"
"styrbjoern.vicarey@edu.tbz.ch"|"DHggU8-#hRCMg-EpFEiO"
"long.kyles@edu.tbz.ch"|"olVIyC-&HsFCz-4Duytx"
"stephanie.gipps@edu.tbz.ch"|"aBCF8o-@D4htf-sPY4iW"
"clea.constantine@edu.tbz.ch"|"IpVD$u-hb$J%2-4kbBiR"
"maella.cometto@edu.tbz.ch"|"rba6yN-wWCvnx-GHA&et"
"laila.aubrun@edu.tbz.ch"|"an8Tf#-K9ViTW-17mdj&"
"yao.austins@edu.tbz.ch"|"IGm%G%-uGf22J-pcFjkC"
"mailys.rylstone@edu.tbz.ch"|"4pGxzm-7OqJ%T-yrddwm"
"adelie.curuclis@edu.tbz.ch"|"TdYzdm-Q$AfDf-c1IXkN"
"celine.longhurst@edu.tbz.ch"|"20Jt%9-cdGQ1z-7iKK00"
"gisele.hazell@edu.tbz.ch"|"W8sKI8-mBi8xb-epPl&u"
"celestine.ciccone@edu.tbz.ch"|"4j@8@X-XkcH&P-QtPRMc"
"maelyss.doole@edu.tbz.ch"|"IEns#2-4jkgA0-7v4meU"
"helene.grimsdike@edu.tbz.ch"|"@BAoEj-qKKv4c-yQgq%A"
"lie.macer@edu.tbz.ch"|"@IZ1r@-pxuYIb-zn0JN1"
"maely.izard@edu.tbz.ch"|"Nl%MIN-HG5LOh-Qrlb1E"
"erwei.breewood@edu.tbz.ch"|"&pdZdA-Lca&mL-WdwuXN"
"chloe.woolford@edu.tbz.ch"|"LeQ6UW-moVPSB-ch9h#x"
"cleopatre.turpin@edu.tbz.ch"|"oA34cV-y8&yJn-Rp76QQ"
"melodie.surgison@edu.tbz.ch"|"f9RY@r-Qzd&Wi-sHQPkI"
"elies.leander@edu.tbz.ch"|"jsV9Gd-Ef9fO2-QEGGXb"
"mediamass.reignould@edu.tbz.ch"|"hacFxT-ihGf$1-KMMkxu"
"celestine.wasmuth@edu.tbz.ch"|"j6f7k0-r@jy6Q-f4pKkE"
"marten.jervis@edu.tbz.ch"|"P7zruH-Nuw$A9-zdjF9r"
"daphnee.bour@edu.tbz.ch"|"9zQ9Md-I2bI2M-Tp4Qfc"
"regine.harlett@edu.tbz.ch"|"KYKYNp-LVdVAA-0ggln1"
"noemie.macaskie@edu.tbz.ch"|"50v8qx-4fnNvm-Yrf5Y#"
"loic.renfield@edu.tbz.ch"|"zUZYd9-A1g5PK-XrJwrg"
"venus.kleinert@edu.tbz.ch"|"9LP@WP-UQ70PZ-kp7#O5"
"marten.burlay@edu.tbz.ch"|"2fhObC-VJVCKL-vkay0&"
"berengere.radsdale@edu.tbz.ch"|"s@Tzo7-Aji@MQ-yd0iw%"
"genevieve.duckit@edu.tbz.ch"|"$H0ZzX-vBZQ6d-PrBtGB"
"maely.ligerton@edu.tbz.ch"|"S3wJXb-Qnrko5-8ULq7R"
"maeline.ricciardelli@edu.tbz.ch"|"2xytok-t5E2ZT-03jkB@"
"personnalisee.yggo@edu.tbz.ch"|"AUFkoM-5kl&UQ-pzutUT"
"alizee.pettinger@edu.tbz.ch"|"ahiFeX-lLbdt$-g6i8d2"
"desiree.curnnokk@edu.tbz.ch"|"LZDPn@-TC8MAG-n5j76@"
"dorothee.minors@edu.tbz.ch"|"Q&poU8-BwI5mg-&ZCeYz"
"oceanne.kopmann@edu.tbz.ch"|"1X@iom-ZR$RYr-V0SNW$"
"almerinda.brodbin@edu.tbz.ch"|"Z99xte-Q@hT@Y-q1DMAx"
"yenora.carsberg@edu.tbz.ch"|"oVV0GC-bEHbpM-er&XUG"
"wa.beetles@edu.tbz.ch"|"&qquoI-7tiEnA-v#zwp%"
"audreanne.abbot@edu.tbz.ch"|"wFiebO-iUKiQi-8Ibwbh"
"noemie.capper@edu.tbz.ch"|"dMQ6Jj-tXfw2U-%nlA$Z"
"mans.abramamov@edu.tbz.ch"|"HXvdI0-ZiOcgn-yKM1UG"
"audreanne.blakey@edu.tbz.ch"|"CG&F0b-msNxpi-gjIwW&"
"leone.klimpke@edu.tbz.ch"|"OF5sol-Zb71fu-MhMYzm"
"lie.croston@edu.tbz.ch"|"6tRHUK-b#zBZf-ljOJYP"
"anaelle.baistow@edu.tbz.ch"|"%ki8r$-5oF0UL-xeIAZ2"
"michele.garwood@edu.tbz.ch"|"sd9LA7-tG7Ms#-#3hwZd"
"interessant.albion@edu.tbz.ch"|"@HtjVE-%qUh4$-qMI6$b"
"andre.brisco@edu.tbz.ch"|"K@Mr@a-ETDs7E-Hzuanu"
"tang.totterdill@edu.tbz.ch"|"IJb5oX-pq8ebX-5HcIRO"
"marie-josee.braundt@edu.tbz.ch"|"qlCRHy-LfXHjr-4hb1YT"
"lois.galer@edu.tbz.ch"|"4C89qF-MOeI5C-yZaEje"
"faites.pellamonuten@edu.tbz.ch"|"6d@ioT-hK$E0T-%GdJ@H"
"mai.barfford@edu.tbz.ch"|"u4KriJ-KE28A5-wPWq9f"
"laurene.macilory@edu.tbz.ch"|"QJNb%2-Yxjprr-V8S79r"
"elea.peak@edu.tbz.ch"|"T0JVqK-Dhjc#U-Q1zh2A"
"rejane.doni@edu.tbz.ch"|"x6T7zo-aCbqdH-8N0dpv"
"mahelie.ector@edu.tbz.ch"|"DNEum%-xx$qs7-sK4T$V"
"rachele.allum@edu.tbz.ch"|"OPZ#&m-2tKkSU-JRsSlB"
"laila.gerretsen@edu.tbz.ch"|"rATMZx-wgyrnf-Ck#GnY"
"ines.bowman@edu.tbz.ch"|"VCSoMB-gXKAq2-puhddr"
"publicite.barbary@edu.tbz.ch"|"2ivwOt-h5zIKd-HD5Ear"
"mailys.smooth@edu.tbz.ch"|"fRx5GA-Urvsmq-@q7r5W"
"mailis.huguenet@edu.tbz.ch"|"97bp&v-RWAUI@-NiBVsv"
"lea.ewer@edu.tbz.ch"|"1uZDh3-1vMT@C-YWsQMN"
"cecile.moffet2@edu.tbz.ch"|"D7y@ve-6139@l-fRI@Yc"
