"email"|"password"
"melodie.vandervlies@edu.tbz.ch"|"IBmUiM-@foXDm-gMQugq"
"angele.edgecumbe@edu.tbz.ch"|"sBzEop-ui5JHc-K4DYf9"
"zhi.andreasson@edu.tbz.ch"|"kXkLWl-yzMgag-4iD#eA"
"judicael.koppeck@edu.tbz.ch"|"W@d&Gy-jl697p-$@S5sx"
"berengere.capron@edu.tbz.ch"|"qgfl2&-w$%D46-oahZd0"
"leonie.brosini@edu.tbz.ch"|"AwSWnm-Ci8e#9-8vjGT$"
"venus.garfit@edu.tbz.ch"|"hNgMa3-QnAk4N-9MHkcY"
"melina.janota@edu.tbz.ch"|"KEMJ2P-CzR5e9-DtaZMZ"
"laurene.bake@edu.tbz.ch"|"mdV8Q3-UelgAH-wi&UDJ"
"regine.dorkins@edu.tbz.ch"|"#htAGn-TpqZz7-K6SWv1"
"cecile.moffet@edu.tbz.ch"|"CT35$i-HvgeYc-VKB#OH"
"maelann.labrone@edu.tbz.ch"|"y0wl@F-BIzGTE-T3Vx3x"
"melinda.newbold@edu.tbz.ch"|"8o32q&-dC6vPm-6jsNEO"
"mans.itzhak@edu.tbz.ch"|"P5X9ZF-zWovHO-Xfz3Vi"
"melodie.pattlel@edu.tbz.ch"|"xSJrHe-@9XFD5-CsA@ak"
"celine.bonett@edu.tbz.ch"|"pAjD%P-xJr7G4-HHiNR@"
"adelie.mcgreal@edu.tbz.ch"|"R5qnQU-uPg4Y5-QrJd5M"
"helene.soldan@edu.tbz.ch"|"%wHKjv-#xY107-EoL1%L"
"michele.cluer@edu.tbz.ch"|"IDWaL6-bU81z7-mdLeNb"
"maeline.mueller@edu.tbz.ch"|"GvGk2#-L1qKDn-gBY@Nt"
"maelann.benedito@edu.tbz.ch"|"c6xTqp-9YGY$@-E%dOnf"
"nuo.gransden@edu.tbz.ch"|"nGQugY-Uf4oOc-LYBCXm"
"berengere.stainton@edu.tbz.ch"|"HOAtih-iW&mQK-2TSG5L"
"wa.sabater@edu.tbz.ch"|"7f&S9P-l3cT9l-QGVvTz"
"anais.cochran@edu.tbz.ch"|"JL9W#M-UUJOiX-Qi9TEt"
"gerald.bessant@edu.tbz.ch"|"ZD2&gC-@DzNke-xiq3Kw"
"ruo.coffin@edu.tbz.ch"|"mXc3zp-5H6r&w-X6vw$L"
"melodie.mustill@edu.tbz.ch"|"3ysfqN-K1p8i%-#a51So"
"ruo.stanesby@edu.tbz.ch"|"%30eGU-SiA1oZ-wyxJR@"
"noemie.antognelli@edu.tbz.ch"|"OKLCLB-q4MGGe-xflnzx"
"maelann.hughson@edu.tbz.ch"|"OfEFM1-P#PxmL-J70Og9"
"milena.mieville@edu.tbz.ch"|"WF52ib-&a&OCF-idWHyN"
"mailys.chamberlin@edu.tbz.ch"|"Nnbhwy-mu4fs5-jV$i4b"
"nadege.tomalin@edu.tbz.ch"|"3@Z5Oe-Yiu$MZ-7k6y$U"
"oceane.omara@edu.tbz.ch"|"h2V7Cu-rnjqM%-TvMxH%"
"cecile.aguirrezabala@edu.tbz.ch"|"%QEEL5-7rIQ39-2YYJk6"
"maella.gwillim@edu.tbz.ch"|"mk8qu@-X$k#r0-b5253r"
"lea.mcgahey@edu.tbz.ch"|"j7Qa&M-juQrBx-5lN%k$"
"laurene.hagerty@edu.tbz.ch"|"nqKmil-&oWsKR-H%jYu$"
"dorothee.link@edu.tbz.ch"|"5s7MLb-rRET6U-&lL4L1"
"clementine.kynsey@edu.tbz.ch"|"MOYo01-7ODPMZ-u$gOWS"
"lorene.smitherman@edu.tbz.ch"|"Kne2DC-RH3tw2-$KeZAm"
"cleopatre.klulicek@edu.tbz.ch"|"sM1DM@-RGL%OP-fnr612"
"laurene.castaneda@edu.tbz.ch"|"$Sxk#z-upnC5o-nlEO47"
"melia.constant@edu.tbz.ch"|"UHkmTn-%ewb$7-%9YzS6"
"lucrece.clunie@edu.tbz.ch"|"lFErO2-8&hjcS-XNFuRn"
"eleonore.mcmurthy@edu.tbz.ch"|"cY%3CI-NHrvEB-iHBj12"
"melia.bevar@edu.tbz.ch"|"7Mbo#a-PsnM8&-fC89F1"
"camelia.bontine@edu.tbz.ch"|"57%u8G-aZwZV@-%89zyR"
"methode.jozefczak@edu.tbz.ch"|"7hNBpA-fbAQoN-hnTN0V"
"audreanne.hinsche@edu.tbz.ch"|"fg5%C2-cqqvkQ-I8Kp$t"
"andree.varne@edu.tbz.ch"|"XDSiNr-y8cNc5-BBdrMJ"
"marten.kinleyside@edu.tbz.ch"|"x4#SGc-skN8id-s#XY@S"
"esteve.mcewan@edu.tbz.ch"|"&ms5Ib-KCwoFF-u8bsji"
"leane.dibbert@edu.tbz.ch"|"w7b8qZ-ynLFZw-QnmN$Y"
"ma.thewlis@edu.tbz.ch"|"Xsl0ew-pLabgj-D6OiQf"
"clea.djurkovic@edu.tbz.ch"|"9cWMLf-T9xEcG-4Yohmj"
"rachele.reburn@edu.tbz.ch"|"V$vHLN-P&L3nD-@ZvDNd"
"gerald.gowling@edu.tbz.ch"|"A%rIf2-p4T##E-5pq96u"
"cleopatre.jackson@edu.tbz.ch"|"PY6Zfm-UbkAJs-bJcUQ&"
"desiree.haskins@edu.tbz.ch"|"Vpr6E#-mm1z#E-UIKOk9"
"eleonore.longson@edu.tbz.ch"|"AdFlDl-ORtn5M-KRXUO5"
"leane.dybell@edu.tbz.ch"|"uuq6qT-@Rueh2-8OX&sT"
"becassine.grzesiak@edu.tbz.ch"|"LWesel-Z$uOhy-0QqAF7"
"marie-josee.pickin@edu.tbz.ch"|"M&RX1B-t8gCS0-97ecGp"
"marie-josee.roxby@edu.tbz.ch"|"WO1sUV-Dxf5NB-IcHV$O"
"leonie.feenan@edu.tbz.ch"|"lgjuOQ-5#VGyZ-RxdW9M"
"valerie.ellum@edu.tbz.ch"|"2rfDds-V&i3eF-1lZ%i7"
"ju.caseri@edu.tbz.ch"|"be$MI5-M8dzGf-SdIoW8"
"boerje.strangman@edu.tbz.ch"|"F4ezVP-DPiLCs-vpkn&S"
"beatrice.ghidelli@edu.tbz.ch"|"Mz3w9V-zmm2AX-GMC$6i"
"da.jablonski@edu.tbz.ch"|"fuA$zp-FLaIT#-mcZ8QJ"
"uo.beveridge@edu.tbz.ch"|"E0DJSs-8O%T50-P&hv#g"
"valerie.bestman@edu.tbz.ch"|"ETGxyG-sHprOC-soJ4Ri"
"marlene.pohls@edu.tbz.ch"|"DbmP@C-ybpWPR-FOOxan"
"ma.nolda@edu.tbz.ch"|"8b1$Wo-iC$7PU-rEpbrI"
"marlene.bisiker@edu.tbz.ch"|"@1WoC7-HaTwND-9EXIyb"
"estee.babon@edu.tbz.ch"|"b%0Z5f-IX0onA-jzDWHu"
"simplifies.dmisek@edu.tbz.ch"|"IeXlxZ-sJEj##-$LHqY9"
"selene.ganing@edu.tbz.ch"|"b0zK4q-1oBtSA-q%vy9I"
"meryl.penke@edu.tbz.ch"|"7LKx&9-a4lb4C-7UU5rJ"
"anais.rawcliff@edu.tbz.ch"|"IGK8nr-XQkRWe-eVDlCF"
"melina.andri@edu.tbz.ch"|"ZpZ@#s-#4eLE9-o$hWD9"
"audreanne.fodden@edu.tbz.ch"|"x&DZcw-1diXBu-5fZlNw"
"bjoern.spellesy@edu.tbz.ch"|"7ZrxSq-l7%Nv1-neVlob"
"francoise.summerscales@edu.tbz.ch"|"rDYS$w-DxFt6B-eOFJl$"
"laurene.ashtonhurst@edu.tbz.ch"|"8ioPY9-flQQdW-ROCpdH"
"valerie.petters@edu.tbz.ch"|"Hux#hP-zgY59P-Kd@C49"
"anael.spenclay@edu.tbz.ch"|"U2DVPp-#2@a#z-t9LFNp"
"stephanie.keech@edu.tbz.ch"|"WdhW1F-QSbrDr-wpJdMW"
"ines.deveril@edu.tbz.ch"|"9d5eFp-t13bMn-TdSRc1"
"berenice.gelder@edu.tbz.ch"|"2R$#ZU-KyCcoC-@KoTwe"
"melanie.ofogerty@edu.tbz.ch"|"qi6HkR-NQE7hD-SLc76m"
"frederique.canepe@edu.tbz.ch"|"$RpLYE-G8YCqS-Ab$@ex"
"nuo.otton@edu.tbz.ch"|"Nz2rYQ-o#oHXb-Wxgm@i"
"genevieve.trusler@edu.tbz.ch"|"8qq6JI-J$BFZj-W3K9uT"
"ju.boag@edu.tbz.ch"|"p15%Bk-NZ2kCF-aH$ddZ"
"josephine.dilucia@edu.tbz.ch"|"arQT2R-xWOYhn-3RJEPR"
"laurene.armsden@edu.tbz.ch"|"yr$kY6-n9fnbh-YIlaw8"
"becassine.griffe@edu.tbz.ch"|"noVNza-ghlCH6-xhpt0f"
"alois.parres@edu.tbz.ch"|"Q71QgT-G5DQSB-MlCcDE"
"cleopatre.gaffey@edu.tbz.ch"|"tqXPsf-nz$Ur5-N2kbbY"
"andre.stiger@edu.tbz.ch"|"3Ho6H6-2WBuND-@pMohk"
"beatrice.godleman@edu.tbz.ch"|"f8Ax8L-&&f#R#-E%r1mb"
"hakan.harrhy@edu.tbz.ch"|"2NiWRI-@2cK2U-hCIMni"
"celestine.dagnan@edu.tbz.ch"|"ngaOMI-vp5Qpc-dDPWWf"
"clemence.haggart@edu.tbz.ch"|"XWfESB-7BHykQ-XHPTZ6"
"long.caban@edu.tbz.ch"|"78A9NH-4nvw1x-W7KY&8"
"gaetane.grimble@edu.tbz.ch"|"s5Kc3Z-LOpIQ5-IFpWkD"
"maelann.piwall@edu.tbz.ch"|"Lam@1K-dX$7ei-DAwr9r"
"magdalene.loble@edu.tbz.ch"|"ArsMCc-QP1yMd-63uaNv"
"veronique.domaschke@edu.tbz.ch"|"Rhg5qh-gXadUy-9HrvnI"
"clea.herity@edu.tbz.ch"|"QS$I$t-iTpOi$-BDYp&K"
"maelann.bambrough@edu.tbz.ch"|"eGmtSE-PQw%YN-opTWI0"
"clea.goulstone@edu.tbz.ch"|"k#Dj9W-EUmGMU-jsikO&"
"renee.deleek@edu.tbz.ch"|"KTYtUN-BI16Kk-ujhj0c"
"boerje.rudderham@edu.tbz.ch"|"k9WQqQ-ifLzjs-t1ZMur"
"marylene.broune@edu.tbz.ch"|"HwR%LY-FV0oN%-K$Q4VF"
"nadege.mccuish@edu.tbz.ch"|"4Aia#m-oevS6K-j9tCYa"
"anael.littleover@edu.tbz.ch"|"yBLgzM-qDge#I-UZTosh"
"lie.baume@edu.tbz.ch"|"e9D2l1-UKVx#f-xPnkmi"
"maella.murrow@edu.tbz.ch"|"4VuBot-cAggrQ-C1%Hq1"
"cleopatre.pettifor@edu.tbz.ch"|"Ka$zed-TY2%z7-Fw#m#y"
"geraldine.asker@edu.tbz.ch"|"lLPFYy-kE4RBY-Zd5h1E"
"gaetane.smedmore@edu.tbz.ch"|"fTHJv3-DIWIkA-H9gqsD"
"meryl.blencoe@edu.tbz.ch"|"BEj7pu-ZQ$hPo-AwFsLK"
"aurelie.chastaing@edu.tbz.ch"|"pQSaO9-ODpjo9-L5LjTX"
"oceanne.marthen@edu.tbz.ch"|"h5WWSb-yeVhH8-e@FpOB"
"dorothee.burrill@edu.tbz.ch"|"W9Z#SL-xFaRUf-V#FJ@M"
"hakan.belden@edu.tbz.ch"|"#&wT0p-gjdPNY-V@Gjd0"
"celine.brunning@edu.tbz.ch"|"Yzc2WW-HG4cpG-ALcOFs"
"anael.lapides@edu.tbz.ch"|"idlELe-c7Qm&3-y8U%kk"
"ruo.saffran@edu.tbz.ch"|"qo3toL-uNfZ1k-%mm%kf"
"loic.gerretsen@edu.tbz.ch"|"ghemS9-hX$X3W-TJaoJ8"
"rui.fitzer@edu.tbz.ch"|"rjJ@tG-rWgaZn-aysg3x"
"annotee.ogers@edu.tbz.ch"|"cC#m&u-YfCoLW-633bdz"
"boerje.bindin@edu.tbz.ch"|"qCr1bk-HGPq17-vTWND0"
"ma.cronchey@edu.tbz.ch"|"VvDXWn-ROUh0M-Rr2SO#"
"laurelie.baiyle@edu.tbz.ch"|"0CB5u4-3KxGKN-Ty3zoY"
"dorothee.older@edu.tbz.ch"|"Uj%hIL-1u@APU-7ywYCL"
"laurena.wile@edu.tbz.ch"|"HqOovn-oWWz4H-NzDwOD"
"clemence.brito@edu.tbz.ch"|"FocSIm-BG5x#j-4Oth9p"
"nadege.dallin@edu.tbz.ch"|"v3JKya-Q#jQAZ-ULpkFT"
"mailis.matley@edu.tbz.ch"|"aXRtH3-z4JiA6-qoA@gJ"
"daniele.screaton@edu.tbz.ch"|"y9t9e#-nrTEYZ-gQZe8T"
"mediamass.godly@edu.tbz.ch"|"Zojbm5-nLKp5p-u%cpsE"
"leone.kremer@edu.tbz.ch"|"3QnzLy-v1NCyV-k9kEK@"
"asa.adrian@edu.tbz.ch"|"qtlOKu-b3zwd%-XjNonX"
"adele.doley@edu.tbz.ch"|"APY6wU-Zq7zsA-Ng0oWo"
"fei.sidney@edu.tbz.ch"|"mmyjS8-FVFx9U-GH69Vy"
"marie-josee.walisiak@edu.tbz.ch"|"&K$lOk-Iz&PwS-@w1dfm"
"desiree.diplock@edu.tbz.ch"|"D0DqBp-l%QEwJ-$sMzQ&"
"gisele.schust@edu.tbz.ch"|"Ld5gCb-qn%N4d-XbHKhY"
"ma.longshaw@edu.tbz.ch"|"k1O3IL-gwrBiE-VKVGQc"
"da.boother@edu.tbz.ch"|"ZZEWV#-A1nD8f-Ff7wTZ"
"simplifies.chaudhry@edu.tbz.ch"|"@kS&P#-zO3Fo&-ZLvQ0B"
"garcon.baniard@edu.tbz.ch"|"1eT7Hj-2FlM8&-lTAJaK"
"gaetane.elphee@edu.tbz.ch"|"lsT5SJ-n@5rcx-tZ$HA5"
"gisele.hassey@edu.tbz.ch"|"cLhGIy-oPk@B7-k#j2RF"
"oceanne.booley@edu.tbz.ch"|"zs0Y6E-t0yAUo-pjrmKs"
"oerjan.dibden@edu.tbz.ch"|"@KB0O0-0b#%mg-sikMJe"
"regine.ocleary@edu.tbz.ch"|"lht#I1-nGSobr-t5JAFE"
"selene.persse@edu.tbz.ch"|"F#9xl$-&sldSN-gDnrux"
"helena.adenot@edu.tbz.ch"|"oiL&Wl-183hil-X6Zbce"
"maelann.wassung@edu.tbz.ch"|"iJcw4B-sN2ozr-m9GTGV"
"frederique.ackermann@edu.tbz.ch"|"Rfn@tl-5MABqc-@$d5h1"
"audreanne.kahen@edu.tbz.ch"|"NLr7z$-P&%73E-JsORDB"
"maiwenn.lasty@edu.tbz.ch"|"lUEjRW-CzoZTU-KloKzV"
"yu.dictus@edu.tbz.ch"|"lU#Knb-dIjinU-@&9iu6"
"anae.dukes@edu.tbz.ch"|"Y#ZKWz-fzrL&k-RnCTCn"
"yenora.warr@edu.tbz.ch"|"b@u0xd-J1LbR$-%XgNfk"
"esbjoern.archibold@edu.tbz.ch"|"0bHgbn-v4vmpO-#uiYBX"
"milena.pardal@edu.tbz.ch"|"4M1$6M-clcpoU-kXphhj"
"celestine.graveston@edu.tbz.ch"|"4Zpop0-y4#%Bt-bCLsNX"
"maena.dallas@edu.tbz.ch"|"eEA09Q-D34%42-P2r4#g"
"andree.tuke@edu.tbz.ch"|"tqaz6a-rCs6mY-88BHKD"
"methode.seldner@edu.tbz.ch"|"DaFdQS-eCnu6I-T#H2cW"
"venus.bullas@edu.tbz.ch"|"d$GA$1-2dQidk-b9@MY4"
"mans.aguirrezabal@edu.tbz.ch"|"M$LB%G-1UW0wK-8P4uWK"
"gaelle.eadington@edu.tbz.ch"|"N#u2yJ-tckhh$-eI1zL6"
"anaelle.falkner@edu.tbz.ch"|"Vmms1B-ngJZuU-w6UTxL"
"ophelie.height@edu.tbz.ch"|"GHTe5U-VntvcV-$mMK@8"
"marten.bolding@edu.tbz.ch"|"K$agn4-h8HAg4-QcUJuN"
"pelagie.guswell@edu.tbz.ch"|"Gx5Pbc-yCMMMf-g0t1wM"
"gwenaelle.lecount@edu.tbz.ch"|"l#&pKY-v1V3Ph-2OVQG3"
"hakan.laden@edu.tbz.ch"|"78Qs92-%czG8p-RooXir"
"marie-josee.hylands@edu.tbz.ch"|"WQfxUM-9iV3ao-FyJbVk"
"zoe.kingshott@edu.tbz.ch"|"#wYAtr-cALDhU-JP2WFD"
"josee.janous@edu.tbz.ch"|"aAW73@-&Ppauv-0ldg3i"
"laurene.gallally@edu.tbz.ch"|"aF$N53-CAOXIw-paQkq4"
"anael.bickle@edu.tbz.ch"|"ivPZxe-QAtbhW-GjegNa"
"mediamass.lebbern@edu.tbz.ch"|"YO6rCi-RP4iLo-BM4@R5"
"berengere.hovy@edu.tbz.ch"|"hV#Urd-QX42HG-X@Hbc9"
"oerjan.kilmurray@edu.tbz.ch"|"vBSnoi-&bpgXf-56CMAQ"
"asloeg.venny@edu.tbz.ch"|"zYp$m5-j@&40J-lTa&0h"
"marie-noel.stoad@edu.tbz.ch"|"C9eXmO-VA8Jgq-HY2EM@"
"hakan.pettifor@edu.tbz.ch"|"2daT#1-hweiJ8-Tnn8ng"
"maella.willgrass@edu.tbz.ch"|"Yw2luD-SyoEu4-@PDDm9"
"therese.ludovici@edu.tbz.ch"|"bM8&tR-g3BlbB-F&qeHr"
"stephanie.trewhitt@edu.tbz.ch"|"TWqnf@-rqLrJl-M#SFB1"
"maerta.bauduccio@edu.tbz.ch"|"zZNv2F-MriQOL-nfO2r9"
"gaetane.glaisner@edu.tbz.ch"|"VVlT3O-81Da9t-5wfPb4"
"naeva.pargeter@edu.tbz.ch"|"t6RSDq-FBbnmJ-ZZEbPW"
"salome.venable@edu.tbz.ch"|"GXe041-HdLNcH-x&E4SU"
"boerje.thickett@edu.tbz.ch"|"7%YIOO-tyQf9x-ltD2Ir"
"lucrece.prendergrass@edu.tbz.ch"|"06c7Jl-BlJgix-DOnfR#"
"laurene.ockleshaw@edu.tbz.ch"|"utpB1O-Hgtiig-YzfZX6"
"cecilia.pasticznyk@edu.tbz.ch"|"2daYF7-6M4YXz-JovlMv"
"stevina.mackey@edu.tbz.ch"|"whklCX-MfaRDD-JudAuK"
"marie-noel.reven@edu.tbz.ch"|"iWJmPc-%O&GD1-HbA681"
"melina.quilkin@edu.tbz.ch"|"#w64&s-#cV672-Wipr8n"
"marie-noel.ferrie@edu.tbz.ch"|"xx10Bx-X$oEZI-&#NMN#"
"leone.alphege@edu.tbz.ch"|"Ti#eEL-cccg@2-cyAGq3"
"zoe.leverson@edu.tbz.ch"|"I%sio#-6U5kj#-Tzt2G%"
"annotes.grayne@edu.tbz.ch"|"6dBjSS-W#HDDc-&hJ1vn"
"faites.lalley@edu.tbz.ch"|"LZp%lU-@dm5Z2-VUBcs0"
"adele.wallis@edu.tbz.ch"|"y8dgco-Iahk3j-WYZDLH"
"severine.madill@edu.tbz.ch"|"lw5QUQ-5ECMxY-VdCyrR"
"valerie.tebb@edu.tbz.ch"|"JbV@Ib-Ce7n1j-OfRnFr"
"kalliste.rasper@edu.tbz.ch"|"y5D#Hd-90XT5l-foJKVB"
"audreanne.palomba@edu.tbz.ch"|"O6qfb5-EqoC3Q-6ED%2z"
"elea.adamik@edu.tbz.ch"|"t9Lu9A-ks1iSc-um5d&8"
"reserves.jakuszewski@edu.tbz.ch"|"M6q@Cg-hk$wwa-MB5$K9"
"athena.belhomme@edu.tbz.ch"|"mgpK8Z-#2qyVa-dsFrT9"
"rebecca.crippin@edu.tbz.ch"|"Tca914-G#6fDF-jadnJP"
"maiwenn.curman@edu.tbz.ch"|"hDVzrC-tvzd&Q-BIb2Lu"
"andree.bunner@edu.tbz.ch"|"RTcykF-#uPqQp-FwGaJC"
"ruo.winckles@edu.tbz.ch"|"eNa#0J-0r3K7M-0D%yYq"
"naeva.buntine@edu.tbz.ch"|"ZSYHP#-%om45u-a9yo11"
"boerje.dollard@edu.tbz.ch"|"tbEJh8-FBs7oT-pDmHhn"
"penelope.gorman@edu.tbz.ch"|"PbKbAM-axk6bI-nX4CFA"
"alois.robelin@edu.tbz.ch"|"EhBB#V-z&ePF7-O#8QnU"
"anaelle.tindle@edu.tbz.ch"|"vH8TSI-UOukrL-BwUdm@"
"ye.frears@edu.tbz.ch"|"%3vBrP-LJ1aZt-hScaNd"
"andree.ovid@edu.tbz.ch"|"N4y8sm-PP6n7@-F3dEOY"
"hakan.peat@edu.tbz.ch"|"0TetFF-aZZfS6-fbZTOL"
"andre.januszewski@edu.tbz.ch"|"32R4uB-5yHTfU-q5WoJ#"
"annotes.clemmett@edu.tbz.ch"|"Kydp1F-kgc3Rd-ci95v8"
"pal.lambswood@edu.tbz.ch"|"Q0Npa4-H@#fY9-@RsuKZ"
"yao.lenton@edu.tbz.ch"|"V%3wB1-epIOVP-Z0hE6z"
"hakan.boyton@edu.tbz.ch"|"MquGiY-Zxx1hN-#3ECy%"
"nelie.forsey@edu.tbz.ch"|"cvREKI-LHV0gj-&9pkZ5"
"hakan.horche@edu.tbz.ch"|"8RF$&D-#jz7h4-WWtCn8"
"lorene.sinkings@edu.tbz.ch"|"LExjrZ-hzlQz4-C#Vj4g"
"marie-therese.creddon@edu.tbz.ch"|"pnFopU-nPs$W$-9%wo7p"
"berenice.tolworthy@edu.tbz.ch"|"b3%IVd-Fk2Hll-WyPErw"
"theresa.land@edu.tbz.ch"|"9egvge-41OR3K-v4k47o"
"marie-therese.gianilli@edu.tbz.ch"|"K$db%C-k1YCxa-bmse#H"
"meryl.glew@edu.tbz.ch"|"XJDF%Y-TK7TS$-s60wOU"
"adele.debling@edu.tbz.ch"|"4Mf8Tn-OyWQiz-QL4L36"
"anae.metzke@edu.tbz.ch"|"pTTm5I-boJ0At-4CtZfW"
"gaetane.gooden@edu.tbz.ch"|"dIqozI-S&yOAd-hLhTkS"
"laila.bootland@edu.tbz.ch"|"T$m2u8-ZlVzYv-%WrEwI"
"maite.helsdon@edu.tbz.ch"|"@rNf@h-2tDZLM-$qE3p6"
"andree.malley@edu.tbz.ch"|"320&TZ-vt#dUr-uIUoso"
"pal.simmens@edu.tbz.ch"|"2VC@Q5-Kdy#&@-mXhtUH"
"maelys.nuccitelli@edu.tbz.ch"|"R&f5B7-W$E3MU-JlBj#0"
"dafnee.sibary@edu.tbz.ch"|"@vV#7N-P0$6vG-HGsfJ1"
"alois.harsnep@edu.tbz.ch"|"%#rG97-aBVnra-EJ8qaN"
"marie-helene.lacky@edu.tbz.ch"|"RfUn39-$SA$y5-Xdp%3B"
"mylene.youthed@edu.tbz.ch"|"C4f9dj-N1Lpff-oBF4@t"
"marie-helene.dehmel@edu.tbz.ch"|"mWzLai-8EpTCC-GH3esU"
"angele.batman@edu.tbz.ch"|"yr9Yng-QWq9hw-dcQXT&"
"melia.younghusband@edu.tbz.ch"|"Q4ZWOw-d@5QH5-otDT8@"
"eloise.baldi@edu.tbz.ch"|"qsJ2sW-X5Tq$h-gdUFbj"
"illustree.dun@edu.tbz.ch"|"zuSTrb-olLHOA-xDz7N#"
"genevieve.late@edu.tbz.ch"|"1sK6R9-ITVhfr-N6KONr"
"celestine.colville@edu.tbz.ch"|"uQj5Y&-&8t75Z-RTCxZP"
"gwenaelle.scarlon@edu.tbz.ch"|"jII#&7-xX0skO-Wk$$SX"
"regine.boddie@edu.tbz.ch"|"X0@XbZ-e%Lihl-loeNZ&"
"creez.gaughan@edu.tbz.ch"|"hCifMB-Dy#8yV-AJp@8Y"
"gaia.longford@edu.tbz.ch"|"TFMVu7-aUY#jM-PiPMmF"
"mailis.buckby@edu.tbz.ch"|"MR4$Bq-z3Pz%s-73bAo4"
"song.parbrook@edu.tbz.ch"|"aAq2Ab-ehkaOc-5aoquh"
"frederique.heddan@edu.tbz.ch"|"RzAPA3-Z2Z3G%-a0cLjb"
"ake.kirtlan@edu.tbz.ch"|"%yYGof-YhualO-4yn9uI"
"nelie.runciman@edu.tbz.ch"|"SCO7FP-j5uSP8-rCZVxg"
"mailis.cardnell@edu.tbz.ch"|"XvGRXG-OYQy83-F7HSZb"
"irene.navarro@edu.tbz.ch"|"NE1NRl-jg7CIw-aYhR7o"
"maite.cough@edu.tbz.ch"|"ufBUnR-Y9dLGN-&2J6Yl"
"anaelle.stocky@edu.tbz.ch"|"Z1T%a2-$g0xYH-5AG#Z%"
"methode.moulder@edu.tbz.ch"|"BOjWR3-8OZC4Q-n0BI3c"
"po.stafford@edu.tbz.ch"|"@mEgTp-A8n%1O-2y4rRt"
"faites.scraggs@edu.tbz.ch"|"n9mCbS-K6$Qs0-Q#rvSE"
"adelaide.dullard@edu.tbz.ch"|"tvzPTl-AfPklW-iSqrDh"
"desiree.leonard@edu.tbz.ch"|"eLpBEM-mUhe7h-WYrXNJ"
"geraldine.badgers@edu.tbz.ch"|"c9ROxI-KkUaMB-HXrVqR"
"ruo.masic@edu.tbz.ch"|"KkSaJJ-#pjFul-BgJByV"
"aurelie.lieber@edu.tbz.ch"|"lXYtVd-FZncYG-1rP6EZ"
"naelle.balcock@edu.tbz.ch"|"XPEQul-ab&CEn-4KHRhe"
"camelia.elger@edu.tbz.ch"|"T0hfpY-m87drI-NwTjR8"
"publicite.oakeshott@edu.tbz.ch"|"$75&o4-t6b#Ar-UPWTWr"
"cleopatre.fawley@edu.tbz.ch"|"yo8HYW-qXjn9@-leyXOI"
"laurene.bruckmann@edu.tbz.ch"|"6zKvzq-WKpRot-8ch#w4"
"rui.haughton@edu.tbz.ch"|"UsyqPB-X%WOVX-f#ZhBW"
"asa.ladewig@edu.tbz.ch"|"H9pZqk-38rM0r-eBNJtv"
"gisele.janecek@edu.tbz.ch"|"h55RIX-ur97F6-LC0mE0"
"maily.loveridge@edu.tbz.ch"|"8bac6@-rN&vjl-OlsSrl"
"marie-eve.yurkiewicz@edu.tbz.ch"|"vx84nu-JHERvU-HqdnxN"
"fei.roder@edu.tbz.ch"|"E8cWp7-gP4UDT-3XQ$0z"
"edmee.chatburn@edu.tbz.ch"|"4Yt7cC-b9baQH-1QgEDL"
"geraldine.darke@edu.tbz.ch"|"BI9HbR-#2fE7V-KWT9IO"
"ye.jira@edu.tbz.ch"|"Tv7Isl-oh2znH-AUCapN"
"publicite.persent@edu.tbz.ch"|"Ta2%Nu-5l%X@a-JMqgo3"
"severine.wilcox@edu.tbz.ch"|"hT9$zL-FxKQc6-z%huJ7"
"yao.mcclaren@edu.tbz.ch"|"HU@oc8-KT5Gf2-7%&euB"
"theresa.foynes@edu.tbz.ch"|"yiLuic-&6TJPh-FsY7n7"
"stephanie.isley@edu.tbz.ch"|"@KAaiF-3XV67Q-3rb@Tl"
"torbjoern.growy@edu.tbz.ch"|"azb$k@-6bkcKL-QiwcW4"
"eloise.tunnadine@edu.tbz.ch"|"E0Yx1V-bV4pQX-yokJmm"
"maeline.cossentine@edu.tbz.ch"|"#qGE7F-7M#hH#-mo158R"
"nelie.desantos@edu.tbz.ch"|"Q1yOkP-SeN%pZ-ijeVqK"
"gaetane.axston@edu.tbz.ch"|"5V%5rA-xEbnTT-%J75Tb"
"aimee.merman@edu.tbz.ch"|"8lfKhh-hrL4cU-oT&eTa"
"oerjan.drivers@edu.tbz.ch"|"sOG#Ac-svLMdh-V%CUSr"
"aimee.miroy@edu.tbz.ch"|"QDjm6c-6aI6Jb-57aC0R"
"nelie.glyde@edu.tbz.ch"|"TA0qbG-7jwDZs-UxnEuP"
"hakan.kapelhof@edu.tbz.ch"|"KLuIR6-f9ZJyK-$&e#mI"
"maelyss.cauley@edu.tbz.ch"|"0QYfNY-okIVyn-oZ6Cj5"
"elea.vaggs@edu.tbz.ch"|"7QkaAO-LXsAwD-tHZcvj"
"maelys.but@edu.tbz.ch"|"1ZceXX-1R%5b$-v5U6Ur"
"maella.arthurs@edu.tbz.ch"|"$4%%LE-Fp0K3X-#a0C83"
"adele.liebrecht@edu.tbz.ch"|"RBAZZH-G#8LYR-2V8eNh"
"meline.lomasny@edu.tbz.ch"|"SsNF2G-d7YSA2-EEjJbQ"
"mediamass.schwant@edu.tbz.ch"|"F$UKUT-mhW4tw-8deshn"
"leone.saunt@edu.tbz.ch"|"NR61GW-CsMXZx-CSBsY#"
"annotes.gouch@edu.tbz.ch"|"8jeHim-eHpjHS-EqOyzh"
"gaetane.bowich@edu.tbz.ch"|"LTIO2o-bFmBlR-u#mgeQ"
"alizee.strelitzki@edu.tbz.ch"|"gds892-0Y#N&v-Qhm%gl"
"leone.poile@edu.tbz.ch"|"AyqQYB-nl&SIp-Bw3znV"
"amelie.saban@edu.tbz.ch"|"e4lU@U-F@@J01-@Df7zE"
"marten.mcmenamin@edu.tbz.ch"|"O3vDvQ-8#cLmY-r91104"
"becassine.keets@edu.tbz.ch"|"pDwQ11-XqG4br-BsziFj"
"celine.million@edu.tbz.ch"|"aZoS0m-@3LXKa-@lz51e"
"geraldine.belitz@edu.tbz.ch"|"hRlfE%-0b&q3F-KGbLb8"
"salome.mardling@edu.tbz.ch"|"9zX6gW-VMguLj-qdpSG@"
"melia.blakemore@edu.tbz.ch"|"fkjOyC-thwvS4-S93iNk"
"dafnee.mcaulay@edu.tbz.ch"|"H9tpgJ-bmcQKz-to6rDY"
"garcon.dennett@edu.tbz.ch"|"6pGHW4-jNMyGP-XbX&Yy"
"interessant.lesor@edu.tbz.ch"|"43GsrG-aqFX&&-&1Bgsn"
"annotee.wasbrough@edu.tbz.ch"|"QvEtvA-gAtgVf-NDp8My"
"asa.ibbeson@edu.tbz.ch"|"I$keak-1DhVQf-E&p6lm"
"maily.kennealy@edu.tbz.ch"|"vZVUW&-hkTXyt-1zo0zT"
"ye.seares@edu.tbz.ch"|"%HKCeK-pcFWr4-hNj7eS"
"athena.harbron@edu.tbz.ch"|"KyPeON-5qsR0j-PyK$TR"
"andreanne.portail@edu.tbz.ch"|"5ADGCb-6MFsOS-dPlgO@"
"goeran.zannelli@edu.tbz.ch"|"ax$eBo-hrJFNh-0$SuR6"
"gerald.leathlay@edu.tbz.ch"|"j&f&2&-hWV1E6-L5tI8E"
"andreanne.chown@edu.tbz.ch"|"tmjyp#-neNb9C-Ekh1%@"
"esteve.clementel@edu.tbz.ch"|"W95oK3-fQ3rU6-UBd2R%"
"leone.legan@edu.tbz.ch"|"ZKBYVQ-RmST9r-aRZc%Z"
"maena.pownall@edu.tbz.ch"|"IWvH&r-j2pqCg-y1zwMp"
"andree.rettie@edu.tbz.ch"|"#D7@N0-8L2wl$-aEgEMN"
"ines.kenwrick@edu.tbz.ch"|"niA4kD-6Slo$k-IRm15J"
"marie-helene.yarnall@edu.tbz.ch"|"ZYJFoB-#h7EUa-6nMLjR"
"po.martin@edu.tbz.ch"|"i@uuIe-mwF%bL-rAxQk7"
"ruo.celiz@edu.tbz.ch"|"aYKIJ4-wa8b#C-Keo%Se"
"po.bissett@edu.tbz.ch"|"k%$dL7-jNl%K3-@MoZu6"
"du.swindon@edu.tbz.ch"|"#6WkI8-P5GF2W-XfYZ2F"
"interessant.gouldthorp@edu.tbz.ch"|"RtcCUc-1IZnlm-Qy614y"
"leandre.lilburn@edu.tbz.ch"|"LGH19p-PMyD9t-nrx1UA"
"bjoern.whales@edu.tbz.ch"|"qezI27-pDA8Rl-x#h9M9"
"interessant.dieton@edu.tbz.ch"|"BFLEZz-@ILnc2-aavfdY"
"celestine.redhills@edu.tbz.ch"|"anr#@z-NGHxXv-gihf%S"
"tan.yakovlev@edu.tbz.ch"|"cVemNL-u4CwHk-Xn1bki"
"regine.mcdowell@edu.tbz.ch"|"alsKN3-eGfVXo-ED83lZ"
"ju.coysh@edu.tbz.ch"|"NbQo7$-SYua2N-C08x%6"
"reserves.ofallon@edu.tbz.ch"|"eqH2KP-SWTpkf-#5jGbB"
"frederique.sobey@edu.tbz.ch"|"LEjwXu-7pK#Kt-wknfZ6"
"marie-eve.garstang@edu.tbz.ch"|"fNR%SN-jf1pfJ-a3yS%8"
"andre.tapin@edu.tbz.ch"|"RdOUjA-l9i3#h-wlCZpS"
"esbjoern.eynon@edu.tbz.ch"|"gznw9j-xwPtfL-RNmS$%"
"maella.duffy@edu.tbz.ch"|"6&u0&8-kFwlef-0%WeP&"
"leandre.twinning@edu.tbz.ch"|"BhAEgM-Rf&Rwm-LSv5Ee"
"mai.whittingham@edu.tbz.ch"|"nIGRs%-g2yDu$-Ocky#G"
"rachele.shevelin@edu.tbz.ch"|"rRhCw@-TfQjh&-s4Y14k"
"cecile.mcure@edu.tbz.ch"|"tm&VKv-A0WQLU-y7qtUI"
"marie-eve.yurkevich@edu.tbz.ch"|"asLjXC-Wr24pV-Y24rAa"
"almerinda.paice@edu.tbz.ch"|"1OBP7V-t6xH9C-Fq3ehL"
"rao.howkins@edu.tbz.ch"|"vOD7BX-TOJVgJ-W3OeRZ"
"serena.pack@edu.tbz.ch"|"LrEgpP-qG3V5$-rSLCny"
"rebecca.mant@edu.tbz.ch"|"bAvmPI-WFlIEO-xS2K%y"
"reserves.spitell@edu.tbz.ch"|"pcTDD9-998S%2-fRiX7M"
"garcon.hamfleet@edu.tbz.ch"|"$NusNi-w$n8xZ-a%hONn"
"methode.kerkham@edu.tbz.ch"|"NqE1FM-3eVVMC-JIcd$U"
"pelagie.camies@edu.tbz.ch"|"omj7wp-AOhP@i-S$19j8"
"josephine.macpharlain@edu.tbz.ch"|"xUegOj-m0cdS5-Ee5f5I"
"eugenie.mathet@edu.tbz.ch"|"As1gd3-JiK@Di-IY8Vod"
"gaetane.brangan@edu.tbz.ch"|"QEJoMd-3%c8XN-#GPo52"
"michele.dewbury@edu.tbz.ch"|"G$W7Tc-lVBkbl-nW1d0p"
"eugenie.elcott@edu.tbz.ch"|"AZjJ&0-@xBksb-Wi#RA2"
"megane.harniman@edu.tbz.ch"|"6f4xQR-LqTWiN-hXP7EN"
"agnes.cluney@edu.tbz.ch"|"LgIccu-r$61fM-$MULNN"
"marie-helene.angear@edu.tbz.ch"|"p6P3p&-U@ilGm-qGN6$H"
"melia.dolphin@edu.tbz.ch"|"BF&GVC-M1cq91-fN5wQh"
"lois.ruseworth@edu.tbz.ch"|"vHSxbF-79IA3X-n5gg5Q"
"mailys.ryding@edu.tbz.ch"|"aCdInn-Z3rt2x-CqJJgQ"
"rachele.wulfinger@edu.tbz.ch"|"p3#T5M-7W$Z$3-dyySYD"
"gwenaelle.talton@edu.tbz.ch"|"WV5EKt-witkkM-zjY5Q5"
"long.ronchetti@edu.tbz.ch"|"wfw$lT-9LiOoq-e@Gouh"
"styrbjoern.kloska@edu.tbz.ch"|"%&7ybY-04tc3G-oUp2pZ"
"len.sudran@edu.tbz.ch"|"@$AeZv-BtYZuJ-PGxvpo"
"maelle.andrysek@edu.tbz.ch"|"hyrVWT-Mhxh05-nIe#Lg"
"selene.senior@edu.tbz.ch"|"J0x7Ik-&k5nOj-D1Cq0&"
"anais.joskovitch@edu.tbz.ch"|"RYZmap-UjmvoH-a&aO4q"
"marie-noel.dally@edu.tbz.ch"|"xpyMPb-aDDWKd-fRuwEe"
"marie-helene.laurence@edu.tbz.ch"|"v7aaKu-mh@4t9-mqx#ua"
"camelia.foxon@edu.tbz.ch"|"NVVfEb-R$aHeQ-@i$dWD"
"helene.cankett@edu.tbz.ch"|"T$BGVQ-vAs4FL-gIdKlu"
"marten.mitchelson@edu.tbz.ch"|"KIUNDU-JI%eys-3ZYdac"
"helena.stirtle@edu.tbz.ch"|"Snj7Nt-&z@uI&-$8V$Sg"
"leane.barmby@edu.tbz.ch"|"zNOCEt-isYYC3-o0N@y8"
"goeran.ofinan@edu.tbz.ch"|"@4Pay5-0Z%Tzq-#Zkrrb"
"styrbjoern.proby@edu.tbz.ch"|"Fi5Krq-CGQ&Mu-BUKyXL"
"zoe.halse@edu.tbz.ch"|"zZMHNq-IY5xsW-xWNY7$"
"kui.drable@edu.tbz.ch"|"Nt2h%a-EP9TNx-0$Zhtu"
"desiree.bamford@edu.tbz.ch"|"GV90L7-R%O309-yg0#Ok"
"zoe.suller@edu.tbz.ch"|"#mWexA-T3U2nG-4nCSpt"
"marylene.audiss@edu.tbz.ch"|"P0QUGx-z6ceIO-IeOxlj"
"adelaide.poznanski@edu.tbz.ch"|"4Awi8z-$POYnx-9GoG3j"
"maella.coleyshaw@edu.tbz.ch"|"zfuGG#-s1jAmH-nC&NSS"
"marie-francoise.gelder@edu.tbz.ch"|"$E350g-2Z6y7n-FAD1my"
"eleonore.chaffyn@edu.tbz.ch"|"ejMA90-UCr6P2-PjbH81"
"celestine.sikorsky@edu.tbz.ch"|"SI4pm8-c0g5l%-n0VPLD"
"stevina.londsdale@edu.tbz.ch"|"UgLU31-j&warv-7O72Mp"
"maiwenn.nevitt@edu.tbz.ch"|"ykcqH1-7BGjG1-V1KaO6"
"magdalene.gerrey@edu.tbz.ch"|"W4R95T-FmbA%$-r$iNtM"
"becassine.latimer@edu.tbz.ch"|"z@yprb-eHh%Yl-yUQQcK"
"da.lethibridge@edu.tbz.ch"|"d1K6Ob-x0Kt4g-aSdSz1"
"mailys.claige@edu.tbz.ch"|"#GRbdM-bcBkw0-AGatwo"
"maena.torbard@edu.tbz.ch"|"L&djEg-@Tmft@-gQwSgR"
"solene.lyvon@edu.tbz.ch"|"#JfFzU-$rcTVX-NgWKpO"
"marie-therese.benbrick@edu.tbz.ch"|"HMXFvd-8RdxZK-NbB#Gr"
"gerald.edmonson@edu.tbz.ch"|"8Hl3o@-o0YboD-OhdusQ"
"ake.messruther@edu.tbz.ch"|"9HAxtA-t8IR16-3EmJf&"
"men.gosneye@edu.tbz.ch"|"rivwTq-xvkOC$-3UlgI7"
"anais.jefferys@edu.tbz.ch"|"SwN@cK-jDP27s-A@B%Sd"
"publicite.tregale@edu.tbz.ch"|"uOmqHo-1k@hUa-J@N@qx"
"maily.santorini@edu.tbz.ch"|"Yfj5RL-8jidQJ-S4F1n%"
"ines.pioch@edu.tbz.ch"|"vcqI9a-0357nA-XX0hgQ"
"noemie.marklew@edu.tbz.ch"|"2AEMcZ-gyVEzK-ELuCXj"
"meghane.maccaffrey@edu.tbz.ch"|"GRZ9@Y-ANWBLv-vLZ6rK"
"berangere.ambrogio@edu.tbz.ch"|"dybu@2-@29i#g-UwH@Ns"
"mediamass.ryce@edu.tbz.ch"|"sssiat-M170uf-f1ayXa"
"oesten.ubank@edu.tbz.ch"|"7TiDEW-v6AQot-BlCdE@"
"melina.mackee@edu.tbz.ch"|"hHNVEv-kY8vQi-EM293R"
"theresa.livezey@edu.tbz.ch"|"awTVPB-fMvJ1G-NB72Ty"
"clemence.weal@edu.tbz.ch"|"UWIRwr-$Q$hiu-Qf#JE0"
"faites.overton@edu.tbz.ch"|"moBXYn-@5m28Q-kPVXvx"
"clea.lindblad@edu.tbz.ch"|"GsP@Ar-grIy%@-OC6y6y"
"josephine.roseaman@edu.tbz.ch"|"otgJo4-qS60Jt-nDwq2G"
"oesten.lowbridge@edu.tbz.ch"|"n5EbdE-SXCPpI-cFxnS6"
"marie-josee.brion@edu.tbz.ch"|"U%NsPj-ZSQ9bY-tD36Y6"
"therese.basili@edu.tbz.ch"|"1S9ByY-%hQtm6-yhe0aZ"
"melia.vertigan@edu.tbz.ch"|"r&LRWg-fJ6DqS-FWx&K3"
"judicael.saull@edu.tbz.ch"|"QOA8uP-cKAXGf-5RGs@k"
"selene.valentine@edu.tbz.ch"|"@RvBpL-Awxckv-D5IL8t"
"verane.dunlap@edu.tbz.ch"|"huitkp-LxrjGy-2tiUV2"
"meline.kinnear@edu.tbz.ch"|"fvheeT-#AolVX-Rp#18D"
"lei.luttgert@edu.tbz.ch"|"AExaSn-8bry0z-XVLxXJ"
"styrbjoern.lathleiffure@edu.tbz.ch"|"mmMsBL-WQ9eXx-v7uMxA"
"marlene.blasi@edu.tbz.ch"|"8f&Iiy-wksc$L-a7Ekzp"
"mai.begwell@edu.tbz.ch"|"SnaTcL-L6y&1c-pkOpKI"
"gwenaelle.kaines@edu.tbz.ch"|"b#lFmq-cvfWcO-x5dn4B"
"gerald.adamthwaite@edu.tbz.ch"|"Uyq2Bv-U3rHW$-Q1@LBp"
"kui.hartfield@edu.tbz.ch"|"hEJwTi-ML@Asw-Juihw0"
"salome.currao@edu.tbz.ch"|"9kH4OL-V6SBYk-GbDJhX"
"angelique.tixier@edu.tbz.ch"|"YITx7H-r8l$4q-@r8B%C"
"ju.mcgragh@edu.tbz.ch"|"WMcXqu-1YZ5it-wqZBvf"
"dafnee.beachem@edu.tbz.ch"|"AWnsel-%BVez&-FGA&QB"
"creez.terlinden@edu.tbz.ch"|"5RXB#6-8h4nOK-C7$Rm2"
"uo.mcskeagan@edu.tbz.ch"|"#onY$y-tMDzd@-WRZoeA"
"edmee.mccaughren@edu.tbz.ch"|"yIFVc9-9c2chu-zumZCA"
"asloeg.cozby@edu.tbz.ch"|"fc04FY-tgLeFG-0VCGux"
"melodie.traite@edu.tbz.ch"|"29Mlcj-IznbAq-SJxjc7"
"dorothee.aindriu@edu.tbz.ch"|"Z38ItZ-W69MnB-YlsdTx"
"daniele.doley@edu.tbz.ch"|"UPk8eM-A3wz9R-%4fE8u"
"mediamass.fairclough@edu.tbz.ch"|"6sXYSa-Pe%bRq-SncKhL"
"lorene.rainforth@edu.tbz.ch"|"BvkMPH-qE2J5&-3LF6wQ"
"leonore.eyer@edu.tbz.ch"|"Syd703-bldzuy-UD&&GN"
"po.spillman@edu.tbz.ch"|"HlH8ZV-OizAq7-kOAydg"
"cecilia.plitz@edu.tbz.ch"|"B935sq-WPdV%9-JkI&Ns"
"lorene.ludlow@edu.tbz.ch"|"gTBwwU-#zwfl2-vrD1Ly"
"berangere.neligan@edu.tbz.ch"|"#HDCNG-Yppx9w-AAWtwm"
"simplifies.huggan@edu.tbz.ch"|"n6&UK$-Hqn36B-zMaKr2"
"clelia.prandy@edu.tbz.ch"|"I9Gz2q-a7%d75-QkXARz"
"ake.osban@edu.tbz.ch"|"pDxRmd-nYJVmx-DMZsef"
"cunegonde.brunn@edu.tbz.ch"|"IYHRPR-fhADyy-Kav0tT"
"long.grizard@edu.tbz.ch"|"KbWoBF-Q4cPCO-vTY&eE"
"meghane.diss@edu.tbz.ch"|"1khFKT-mEGSmB-woFaMd"
"therese.oldman@edu.tbz.ch"|"P5dVCI-hQAYst-2ZKPDA"
"boerje.scamerdine@edu.tbz.ch"|"zNGeFn-oghvbF-Y2jjFF"
"du.saban@edu.tbz.ch"|"VSa$nG-GnVrxa-qiyvFN"
"hakan.clynmans@edu.tbz.ch"|"6EP9t3-fXlbpX-@hHpx8"
"wa.macdowal@edu.tbz.ch"|"FkxfY5-qTteoa-auJ$Rg"
"venus.hatrey@edu.tbz.ch"|"LAymNL-wkHATr-foi%ln"
"anaelle.vispo@edu.tbz.ch"|"%FV9@3-j@uMAz-dpHQhP"
"mahelie.ollcott@edu.tbz.ch"|"ERCipd-TQMwn#-NrzwM@"
"mediamass.whyman@edu.tbz.ch"|"uAO@j2-30Aa4s-#VFBLH"
"esbjoern.basson@edu.tbz.ch"|"pFoi&r-LmfMZ@-4ZPOoD"
"andrea.morrill@edu.tbz.ch"|"LBaa5D-ApxhkN-HhvV1K"
"melys.grassi@edu.tbz.ch"|"nNW$qU-fKzFYG-te6wfa"
"leone.poleye@edu.tbz.ch"|"7OmdXq-PinfPv-LyoH&o"
"francoise.penny@edu.tbz.ch"|"I@Gy5O-Q3xo1y-Kj#V57"
"rebecca.edney@edu.tbz.ch"|"Ac%ZYK-uud77l-%d0wW2"
"adelaide.murtagh@edu.tbz.ch"|"hWEp6i-BR%5Od-sTXMbV"
"stevina.winterbourne@edu.tbz.ch"|"go$#y5-rMaT$T-LVs3V#"
"ma.cottom@edu.tbz.ch"|"WBAKDT-LFU1tj-Pujj7R"
"tan.harold@edu.tbz.ch"|"pN%4O8-GnlYh2-mSgiTO"
"venus.forte@edu.tbz.ch"|"XNhXWm-pX9u#I-pL2E4o"
"almerinda.oluney@edu.tbz.ch"|"DHIiSE-pD$SjR-6Y@HTD"
"cleopatre.brehault@edu.tbz.ch"|"nGEDDs-i1xQhH-ZV2l1v"
"interessant.lapides@edu.tbz.ch"|"luySU9-LjrFmB-TJPoV7"
"reserves.hallatt@edu.tbz.ch"|"KyJOOH-BUrRD$-YoC#F7"
"annotes.birdwhistle@edu.tbz.ch"|"AykwEY-d3vAJh-k$wKij"
"ai.dredge@edu.tbz.ch"|"fZlTW$-$5uzKG-Z0zybX"
"megane.mussard@edu.tbz.ch"|"LeVsf5-0aQztY-Ql3SCB"
"esbjoern.gowrich@edu.tbz.ch"|"mCsiqw-K$$GF2-VYcuxQ"
"boerje.brislawn@edu.tbz.ch"|"5GHfp$-QE65uh-Qq3RuY"
"becassine.wilce@edu.tbz.ch"|"V5DzQA-Gu1yzh-Dphyy@"
"personnalisee.oels@edu.tbz.ch"|"snyOkz-oV523t-qNNQfI"
"verane.pett@edu.tbz.ch"|"@B5GZ2-ebgkHJ-Q5I1OK"
"marylene.glewe@edu.tbz.ch"|"@lFG0W-k%NDIx-zZLAPC"
"lai.elson@edu.tbz.ch"|"5&X96L-87Mqv%-fhm0bE"
"serena.difranceschi@edu.tbz.ch"|"sWxqw2-rYy%VT-DX3BYl"
"lie.espinel@edu.tbz.ch"|"dADWyv-sqRR4O-LhcAzF"
"marylene.fantini@edu.tbz.ch"|"o%4s4P-25fmaK-YzbDhk"
"andre.archdeckne@edu.tbz.ch"|"Ni$KKR-YET&6z-T6nB2M"
"goeran.bohlingolsen@edu.tbz.ch"|"C68&%V-15W0b7-oL11zq"
"cunegonde.heffer@edu.tbz.ch"|"ppLVku-fYRPSa-rmJXWa"
"tan.fechnie@edu.tbz.ch"|"0eJvuH-rg&t1l-eMd39z"
"marie-noel.brammar@edu.tbz.ch"|"atHuJS-C&k%C5-2Z1H#0"
"simplifies.aven@edu.tbz.ch"|"50SPPt-#YeZDw-Yxn1h1"
"melys.pinchen@edu.tbz.ch"|"3D$ziW-#TbMu3-6UR$nR"
"edmee.joyner@edu.tbz.ch"|"B5N5Sf-cjgQfC-ql&tui"
"berengere.edess@edu.tbz.ch"|"d0u$Xa-WxWPlH-8qI6km"
"marie-noel.goward@edu.tbz.ch"|"Jen6nG-ir1Cyg-$M4KOe"
"ju.edmons@edu.tbz.ch"|"0OHcFj-8i4LYj-ftZ#L5"
"frederique.airds@edu.tbz.ch"|"6wuVsd-NxxaIu-6ap$Af"
"reserves.dauby@edu.tbz.ch"|"PYMeZo-ZhAhzD-8lKRNy"
"hakan.gynni@edu.tbz.ch"|"5GvswW-WvcFNi-jQv%LM"
"leonore.pinwill@edu.tbz.ch"|"fdUFhO-xH34dh-90TalP"
"marie-eve.mcallan@edu.tbz.ch"|"XCFOkh-KXVgET-aoTYX#"
"naelle.yeabsley@edu.tbz.ch"|"gqyxu%-NsGrF4-OOTmC$"
"nelie.jacobovitz@edu.tbz.ch"|"1ojGAa-Ulu7Zj-ET7CKq"
"adele.conelly@edu.tbz.ch"|"dA$mUN-zdgHSC-wJ2srp"
"clementine.dondon@edu.tbz.ch"|"7MKSi5-RdG7ae-itPScH"
"zhi.willcot@edu.tbz.ch"|"QUAS3c-ObemQ7-P$fFIC"
"chloe.janicki@edu.tbz.ch"|"h#5Noh-@ArqqE-6yx@Ld"
"meng.linde@edu.tbz.ch"|"fOcy78-zaZDNK-JwdVEz"
"celine.janisson@edu.tbz.ch"|"rfkY93-FFpc2#-sNP$Tv"
"clelia.crow@edu.tbz.ch"|"QHScfL-zi9Zej-4OQPUF"
"cecile.pyott@edu.tbz.ch"|"BZu4f&-J2sCzM-O8woc@"
"ma.fidelus@edu.tbz.ch"|"sLPGAF-tYrCd#-RAfQ$L"
"marie-helene.poore@edu.tbz.ch"|"5aDBLe-v@Alle-#38CsY"
"elies.blanket@edu.tbz.ch"|"SqpP8k-Yq02pA-RRLThN"
"yu.boyer@edu.tbz.ch"|"yrkuU1-LZ48vf-Mog60#"
"celia.welds@edu.tbz.ch"|"XhTseb-JdfGpp-%28oHL"
"du.gunney@edu.tbz.ch"|"XKv3X9-WTT8Kd-EZR2Uc"
"goerel.crush@edu.tbz.ch"|"JLNRHm-A5g&$1-J6h@Ku"
"marie-josee.brosius@edu.tbz.ch"|"tTyGYn-NgFJ%9-VHLVW@"
"camelia.adds@edu.tbz.ch"|"Yh0pu%-fZUyy5-QeJbxM"
"anae.irwin@edu.tbz.ch"|"5ZRbXz-c&ky#g-cEEQoM"
"cleopatre.skeffington@edu.tbz.ch"|"aFC&dk-79CZ4D-Aq5%Xn"
"gerald.suggate@edu.tbz.ch"|"nOeTt$-wX#8cy-SYpsu4"
"laurene.tailour@edu.tbz.ch"|"aySQ4G-&4m1pw-Kxx7Ak"
"amelie.hoble@edu.tbz.ch"|"T$Ar9O-xsKaO5-8oDF1U"
"venus.getch@edu.tbz.ch"|"MqQWEp-dC@cbx-EjYPRu"
"renee.treby@edu.tbz.ch"|"3tTX6r-U%Cq4M-VF8w4X"
"almerinda.stait@edu.tbz.ch"|"Z2aETj-x%&gWL-iqy#ig"
"andree.reddecliffe@edu.tbz.ch"|"sSEVeN-JhFyKV-Wh3oNZ"
"leone.wintle@edu.tbz.ch"|"hY&pqu-&XhK&1-LZ4WZO"
"gerald.fellow@edu.tbz.ch"|"4iJ%oR-3ocVK$-Vl11YJ"
"ju.gudger@edu.tbz.ch"|"fipHDY-J2Ljuv-&6EKkB"
"meng.ohaire@edu.tbz.ch"|"RLOM2l-JL8vRP-j%16p9"
"cleopatre.missington@edu.tbz.ch"|"kF#Xmy-W6wgMz-0OkLEL"
"annotes.debruyn@edu.tbz.ch"|"6g4YH%-$&ut#Z-ok39%A"
"gerald.sinisbury@edu.tbz.ch"|"EGqOA@-4Q64a6-IG5i%5"
"creez.slora@edu.tbz.ch"|"bBqwiR-Q@lDiV-AjUbx0"
"gisele.benbow@edu.tbz.ch"|"3jeaDn-@#2waI-ZvQQi4"
"pal.dossit@edu.tbz.ch"|"e%EuV1-7z0nU4-NKz49U"
"nelie.stirrip@edu.tbz.ch"|"iAIBl@-$Z%SEN-38W$m&"
"alois.ocrigane@edu.tbz.ch"|"N6hVRp-sgpYo3-NAsTkK"
"kui.mcterry@edu.tbz.ch"|"#@0YQJ-qfgdcH-XL7kpm"
"long.willgoss@edu.tbz.ch"|"Jyya@J-DJI#mr-E%NDK4"
"francoise.sumpner@edu.tbz.ch"|"cuPod5-tpw91u-pKoukZ"
"maely.grinstead@edu.tbz.ch"|"zoDV&D-exOl2t-yTOLSG"
"creez.langeren@edu.tbz.ch"|"WjlxyW-GAUh@C-HQWczM"
"adele.dungate@edu.tbz.ch"|"JB9SKI-tV2Uc5-fIol1z"
"cleopatre.noirel@edu.tbz.ch"|"Z$rJOZ-zc5ElW-JTeDC2"
"interessant.daverin@edu.tbz.ch"|"BGkTOA-q2Csgt-0ltPzI"
"naeva.kalderon@edu.tbz.ch"|"Oysb7y-b#qBzp-TVou2W"
"anais.oshesnan@edu.tbz.ch"|"3S8E$O-wo8BjS-s9&kC@"
"judicael.anelay@edu.tbz.ch"|"%5xYYI-GCEXUD-lY26@$"
"eloise.braxton@edu.tbz.ch"|"deI9NY-Huvg@3-u4PrSw"
"desiree.greguol@edu.tbz.ch"|"IYLHNq-vqtev2-cA0fQN"
"maite.mcclenaghan@edu.tbz.ch"|"SR3RlO-kIp0xX-WnVI&5"
"meng.doret@edu.tbz.ch"|"&yqgaD-v%L%Xm-VgW4LF"
"frederique.chippendale@edu.tbz.ch"|"S9$PPZ-TQ@2wj-RCS7FE"
"andreanne.lanney@edu.tbz.ch"|"dngw59-6gPCCy-U5IgaF"
"aurelie.claus@edu.tbz.ch"|"h28oky-#Pily@-NjJnrk"
"renee.pabel@edu.tbz.ch"|"%PtsRH-uJy%Gw-1dozIC"
"maena.roust@edu.tbz.ch"|"3e2@mH-PEE1Cl-yyfKxV"
"nadege.carwithim@edu.tbz.ch"|"83NvLG-Cfza&1-sD&jlw"
"solene.geyton@edu.tbz.ch"|"j6h1dd-I85%Es-Ryt$hJ"
"dafnee.avraham@edu.tbz.ch"|"6vEY7m-FL1Isq-cyfcCL"
"leane.woolvin@edu.tbz.ch"|"iNNT@i-k1mTrU-s1wkpC"
"adele.macadie@edu.tbz.ch"|"9mRZQs-NwQEU#-ubanPq"
"meline.rubica@edu.tbz.ch"|"4OE@&X-Wh3n78-ql%$51"
"marie-noel.speeding@edu.tbz.ch"|"Hqrk41-P#q7i%-QKvhfZ"
"nelie.mix@edu.tbz.ch"|"Y8K4E1-6URAaS-fkTVsX"
"clea.ollett@edu.tbz.ch"|"LY%D2o-rNoYHY-Evn9Vw"
"leandre.mcgavin@edu.tbz.ch"|"p7CyuJ-TCgzV6-b2Ch&h"
"cecile.behne@edu.tbz.ch"|"TRSNr2-d4#fr@-OYD9ya"
"melanie.polle@edu.tbz.ch"|"2VCfSX-Fv2HJ4-SVeV8j"
"marie-josee.titmuss@edu.tbz.ch"|"cY1b#9-unQnKN-@nd6bS"
"helena.guest@edu.tbz.ch"|"9gQ5ix-Ua6lfX-AMx$Pq"
"annotes.chicchetto@edu.tbz.ch"|"aI8xd0-5k#Ov7-D&CwWA"
"melia.tubb@edu.tbz.ch"|"pSTOj2-ngbScF-N&U$5s"
"angelique.casetti@edu.tbz.ch"|"qIRePF-Y@q7au-3tgle8"
"cunegonde.cleall@edu.tbz.ch"|"4ypkpE-%gEnig-%BF1ld"
"camelia.oaker@edu.tbz.ch"|"y$INQI-Xn$mwW-zvRdxK"
"you.searight@edu.tbz.ch"|"#RlWw%-aMdkAa-8Ai%nq"
"kevina.dederick@edu.tbz.ch"|"RT$ed2-uiOkKr-dLX5ak"
"milena.jeffrey@edu.tbz.ch"|"KPzI#p-%BF$B7-7EuE4N"
"melodie.barkshire@edu.tbz.ch"|"qC&ezV-w&0X%n-JKzrPn"
"gaelle.kreutzer@edu.tbz.ch"|"UpmG2e-aM45cp-gak6a&"
"kalliste.kleinpeltz@edu.tbz.ch"|"QE%k4G-dvc7zH-bqRXfF"
"clementine.danat@edu.tbz.ch"|"7&e4fb-2omaRb-5rlAmE"
"andrea.wabb@edu.tbz.ch"|"V2Bfo8-01wu2Q-lXKJzJ"
"geraldine.piesold@edu.tbz.ch"|"ioN@Lv-kOIBaT-Hhv0a&"
"tan.fiveash@edu.tbz.ch"|"iiSVXE-tf3BK5-kuqbU5"
"meline.yuranovev@edu.tbz.ch"|"ElLnTj-IiRi7@-jVuUzq"
"therese.holme@edu.tbz.ch"|"I&WsPF-u79tmL-JWZ9wX"
"salome.vaney@edu.tbz.ch"|"8RT7GZ-rC6ykI-q1i0@0"
"anae.abramson@edu.tbz.ch"|"Np7HMo-&R8FC4-#6%5nB"
"kalliste.jimson@edu.tbz.ch"|"Wo3NU9-U6O$z0-pCWCd3"
"selene.yole@edu.tbz.ch"|"5mZOF$-1cVJK%-0gcHu6"
"agnes.defraine@edu.tbz.ch"|"hPhnM8-bw@0@f-4CN250"
"faites.mccluin@edu.tbz.ch"|"H2V@h#-gj8Hkl-L2XxZ1"
"athena.deme@edu.tbz.ch"|"OWp910-H0khr7-EoXavE"
"daphnee.brigstock@edu.tbz.ch"|"5BZ26X-hqtkz@-fuCrJ@"
"goesta.skaif@edu.tbz.ch"|"qGIUvp-VYIugB-FKQCD5"
"oceane.jagoe@edu.tbz.ch"|"hY#VeX-Uc3CpA-QcD9AQ"
"annotes.broomhall@edu.tbz.ch"|"kkyhLy-r7xl0#-CSTBpv"
"marie-eve.ballendine@edu.tbz.ch"|"RS6zW&-MoXSz6-ykmspH"
"melina.spykings@edu.tbz.ch"|"tbkUHF-EUT&Gw-BrK9Ri"
"laurene.ticehurst@edu.tbz.ch"|"AvSF$$-bg9HcK-q@FqDJ"
"fei.avramovic@edu.tbz.ch"|"789kIz-X#3hvK-mNYrH2"
"publicite.strathearn@edu.tbz.ch"|"S2mAY0-IyZ@0T-m8Urct"
"torbjoern.garrow@edu.tbz.ch"|"dfdcg0-$PVxeD-&GVfD#"
"chloe.rubinsztein@edu.tbz.ch"|"0oLfDt-pqc2%R-E5MnF6"
"mylene.demanche@edu.tbz.ch"|"eQgFeE-ua4iAE-s1MyIN"
"mediamass.godlonton@edu.tbz.ch"|"P2LOyU-4CXmy8-6YCdIj"
"renee.shurrocks@edu.tbz.ch"|"AUtG8O-ZetYHr-kMJ62D"
"maiwenn.jedras@edu.tbz.ch"|"2h87x2-1ih$n6-7Rq4tE"
"genevieve.castells@edu.tbz.ch"|"9Dxbk7-a$E5Y8-oCdKNV"
"renee.sneden@edu.tbz.ch"|"loLA2f-O1$A#U-oH%CRX"
"lai.mccallion@edu.tbz.ch"|"CY0sus-%qhGfa-w54BTj"
"kevina.impleton@edu.tbz.ch"|"sG&$4m-LKQ6ME-B4xcQs"
"oesten.fresson@edu.tbz.ch"|"0@cRV7-nfBnFU-ZYoAcR"
"verane.shawley@edu.tbz.ch"|"vwou&R-QYlHEK-eOAkO5"
"uo.sjostrom@edu.tbz.ch"|"Oc9QCQ-JY1jSt-ja#Uka"
"gisele.gothup@edu.tbz.ch"|"Inol1k-h1qL47-Kff8jc"
"renee.beauman@edu.tbz.ch"|"k#JLy3-fQJEk6-Cm4L8k"
"elies.loton@edu.tbz.ch"|"pM7dp7-92QxIr-FZBOcK"
"valerie.elsmore@edu.tbz.ch"|"IadtCz-zgbpT@-Ei@wJp"
"berangere.delafeld@edu.tbz.ch"|"ktG3f8-gZQNlN-f2ddqy"
"bjoern.schimke@edu.tbz.ch"|"wPqNhB-d8%41O-lGmw6R"
"loic.ericssen@edu.tbz.ch"|"p%PB8A-ot5UpO-S%G594"
"creez.richarz@edu.tbz.ch"|"iOH39o-XPkzvZ-f@cDIu"
"athena.grocott@edu.tbz.ch"|"yBoYCG-i3rkXC-TuCm10"
"naelle.piotr@edu.tbz.ch"|"S4kQ01-QV8ief-##ZtRd"
"maella.paulson@edu.tbz.ch"|"5Y&sGm-DODFYe-J5HrX8"
"song.perot@edu.tbz.ch"|"klBvkC-LZFoMe-lljQcQ"
"kalliste.heckney@edu.tbz.ch"|"qAfx9h-I2YljM-6AeZ4y"
"ake.vasyutkin@edu.tbz.ch"|"lm@M30-APezsn-RPj8ce"
"ma.castles@edu.tbz.ch"|"glFMDQ-X3@qO4-vwvwLW"
"maely.monget@edu.tbz.ch"|"#HX1TQ-bk$8V7-xfCh%q"
"tang.durbridge@edu.tbz.ch"|"m@EmOB-o65%gI-YMew33"
"laurene.andrew@edu.tbz.ch"|"&k&OPz-9h2ue1-g3eS&O"
"lysea.beacon@edu.tbz.ch"|"uEo2&&-DNSlzw-7N5bdb"
"leandre.peyntue@edu.tbz.ch"|"Q7#9Vd-JbD679-YiyLjc"
"rao.trever@edu.tbz.ch"|"yshSJt-bXWMiP-cb@#U3"
"mahelie.streader@edu.tbz.ch"|"PQUkAB-#ITl5r-WPSrsy"
"maerta.andrejevic@edu.tbz.ch"|"oww7HG-og3yKu-mcFyPt"
"goesta.tompkins@edu.tbz.ch"|"7U1Fx6-$M8EfS-Piszzd"
"helena.agates@edu.tbz.ch"|"dJ3dfg-G9Ubt0-AIqk8U"
"therese.glass@edu.tbz.ch"|"J8l$gn-pO0dwA-A4xaus"
"alois.foan@edu.tbz.ch"|"laNwzW-9oIYQF-KU1oWz"
"becassine.melchior@edu.tbz.ch"|"8AaDPc-#Tame4-w5jHNb"
"cloe.robart@edu.tbz.ch"|"3jY3rs-&IM#FZ-uO0rg6"
"daniele.puckinghorne@edu.tbz.ch"|"ysYL#4-UxZfOs-$RvVK1"
"selene.cammidge@edu.tbz.ch"|"uQjSYC-Ijyexk-%RN3mn"
"regine.conochie@edu.tbz.ch"|"boUbss-EA0@Qp-@DqE$#"
"interessant.tuiller@edu.tbz.ch"|"1DY2@0-ZAdP2i-qupTui"
"long.tiebe@edu.tbz.ch"|"Z2ZXAD-K0srRV-ZAHVDP"
"mans.yele@edu.tbz.ch"|"gdZpEN-p5&1SL-NK#fLr"
"ai.giles@edu.tbz.ch"|"fzSuep-UyyAwc-mZi&%r"
"gaetane.hamberston@edu.tbz.ch"|"6lRkNi-kk32nz-dy6r6k"
"marylene.fenix@edu.tbz.ch"|"Fdwf3A-p610ok-ICUbJR"
"geraldine.graeme@edu.tbz.ch"|"l7Q@IH-LZDioz-oGz9vj"
"tang.kinglake@edu.tbz.ch"|"4ZrA@j-92f7zJ-Em7x#0"
"lai.challoner@edu.tbz.ch"|"gRAONy-pFlY4@-HdZGEI"
"desiree.mattei@edu.tbz.ch"|"2xCikx-U%avxZ-1ly6yf"
"ake.erley@edu.tbz.ch"|"Cwfes%-G3wIhw-5vzHMP"
"edmee.cavil@edu.tbz.ch"|"G6h0sm-9shpIi-Zx%88G"
"alois.moyes@edu.tbz.ch"|"3tVBwh-rk53pd-%jqvLB"
"becassine.pitman@edu.tbz.ch"|"A5jNYC-Nm@KHR-aAl9UZ"
"ai.giacovelli@edu.tbz.ch"|"EkMBPe-SarI05-b2BRsO"
"judicael.fruchter@edu.tbz.ch"|"dJNLB0-cOA9yS-#wvrPJ"
"mans.mogg@edu.tbz.ch"|"2QvUc7-bhWMCd-#K$s@t"
"gerald.foyle@edu.tbz.ch"|"zSC5a%-Q@xzv2-rgtaoh"
"wa.androletti@edu.tbz.ch"|"iOHNsF-mSsFhG-qI17on"
"meng.ollett@edu.tbz.ch"|"qjunWx-RqUHax-Jr8p2c"
"naelle.macmenamy@edu.tbz.ch"|"7sxPyQ-70tU#N-SOiI3F"
"gisele.mcramsey@edu.tbz.ch"|"UGkhx#-OHVhX1-zUeban"
"meryl.scolts@edu.tbz.ch"|"JClKk9-s3KgkM-%U#88k"
"celia.bloxsome@edu.tbz.ch"|"KQjsNr-%fF3AX-yL$YCV"
"styrbjoern.stuke@edu.tbz.ch"|"m$KrfJ-M@FbEG-rk2ux5"
"felicie.gwilliam@edu.tbz.ch"|"dUVkhT-1jHAHz-@5WFFK"
"da.harms@edu.tbz.ch"|"ZLY1NJ-abEgqF-Hw4g&Y"
"celestine.baulk@edu.tbz.ch"|"Ow82q$-E79uEF-8EUb37"
"mahelie.blackledge@edu.tbz.ch"|"Dbcs#f-TNaGTH-r$jCOI"
"meghane.salt@edu.tbz.ch"|"zWee1x-AbCXv7-HgvPXS"
"methode.paxeford@edu.tbz.ch"|"xTU0Lo-EwXtan-SQ$io1"
"asloeg.milligan@edu.tbz.ch"|"AggT#X-p0Q8Iz-x0cM72"
"you.pellman@edu.tbz.ch"|"sW@mGS-B%EFe5-3nZ#%Q"
"loic.regenhardt@edu.tbz.ch"|"qXMF@m-stZyd&-EA8NpH"
"daniele.savill@edu.tbz.ch"|"%bUs1G-M2o27@-wkq7we"
"alois.cornu@edu.tbz.ch"|"F#I1tf-vSgsNR-thpf6O"
"oesten.govey@edu.tbz.ch"|"dKGvls-njPywz-94k9jb"
"marie-eve.louch@edu.tbz.ch"|"8odStR-S2Erid-zzu9kL"
"theresa.wenn@edu.tbz.ch"|"dKI5@H-yulN&y-VGHA38"
"andree.eul@edu.tbz.ch"|"#MUM4u-SRkNe1-pO4qCv"
"lie.paynton@edu.tbz.ch"|"oKUaBE-nkgtUc-QMgm$D"
"marie-eve.girodier@edu.tbz.ch"|"GVsc8H-4QQYEW-1sfBgI"
"marie-noel.smithe@edu.tbz.ch"|"Kvk$mj-lx0B8d-GGj9O&"
"men.bootyman@edu.tbz.ch"|"HYYKYz-0%M0yU-Nzrgf3"
"ku.sugg@edu.tbz.ch"|"hwE#Lj-CpDRuB-Ez9N1#"
"lucrece.roseman@edu.tbz.ch"|"#gg$wC-xxpUjS-g2sXYS"
"zoe.annear@edu.tbz.ch"|"1hrBv3-00%Ip%-%ezsr3"
"marie-helene.rennebach@edu.tbz.ch"|"t2X2ML-@%X3l#-EL2cQt"
"lea.djurdjevic@edu.tbz.ch"|"26AJIo-FYD3ny-Mge#o&"
"goerel.robert@edu.tbz.ch"|"GhSpjN-isF%Uf-u&ckBb"
"mylene.foldes@edu.tbz.ch"|"V3QdJb-jG9zRs-e#ke3r"
"faites.clegg@edu.tbz.ch"|"l33fi6-wrpI1I-HED6q&"
"marylene.crowcher@edu.tbz.ch"|"R72SOd-%FbSV7-Yps&$v"
"aimee.wimpeney@edu.tbz.ch"|"Iy5gsQ-Ym%@0V-ibLN11"
"renee.atkins@edu.tbz.ch"|"Q9RSMQ-Wpru$H-Cc93Rr"
"rejane.cainey@edu.tbz.ch"|"dkO8xF-lCVRjV-iUAQK8"
"solene.britney@edu.tbz.ch"|"Y8Ys8U-@fqK8U-2977Bx"
"marten.shatliffe@edu.tbz.ch"|"BIjDWj-MR%MZn-#QnT%8"
"maite.issatt@edu.tbz.ch"|"SnvzZm-4WFKuJ-5&cxHk"
"maelyss.edon@edu.tbz.ch"|"grQJJP-FtAweZ-QQrflt"
"nuo.bamling@edu.tbz.ch"|"IkxQ#a-uTD2@6-z6JoKb"
"anais.edards@edu.tbz.ch"|"49y7$o-MWb34V-gmM8fA"
"mediamass.bromet@edu.tbz.ch"|"IpyGJI-ZwmdG9-8knzgA"
"beatrice.kimbrey@edu.tbz.ch"|"0@N9xU-gbjeRO-1aZiKh"
"ines.lawranson@edu.tbz.ch"|"t6VCsq-UK3mSA-t0dIIJ"
"kalliste.scandroot@edu.tbz.ch"|"VWoP8u-e6%i2i-6pYqFW"
"mans.barrowcliffe@edu.tbz.ch"|"JCVYxk-OIUxVP-%7h%fO"
"irene.couves@edu.tbz.ch"|"0RkvFq-&WaO&v-O8ZU7v"
"milena.mucci@edu.tbz.ch"|"sv2E2B-aNfPD$-tCCOPp"
"naeva.cow@edu.tbz.ch"|"i2LNhU-d9Vk#N-C8&Taq"
"audreanne.mournian@edu.tbz.ch"|"UNjdD&-uy#LaU-mV8Lo$"
"melia.sinnatt@edu.tbz.ch"|"S4xcc6-gTnGLH-wUdiCG"
"nelie.burnard@edu.tbz.ch"|"mFlo@9-WeJZQ8-Wj9eIA"
"clelia.ashfull@edu.tbz.ch"|"38iQmi-VsX$9S-CP737x"
"lie.macard@edu.tbz.ch"|"14DGxz-wb1VCg-CDcWl#"
"valerie.matoshin@edu.tbz.ch"|"Ipyof1-qMY@T3-k15pj8"
"anael.hatherleigh@edu.tbz.ch"|"dZe5NE-k8k8FY-2mqv1k"
"interessant.warratt@edu.tbz.ch"|"jffz3C-$V#eTQ-e1Za0p"
"eleonore.volage@edu.tbz.ch"|"IY1oBO-#ZP%C@-S33DyD"
"zoe.stebbing@edu.tbz.ch"|"xTZxSx-RtdRBg-edcXca"
"alizee.nye@edu.tbz.ch"|"%Q6qcl-%LIW2G-m$5892"
"celestine.bramley@edu.tbz.ch"|"#dnPbp-l@1ccE-X@1jHX"
"selene.philcott@edu.tbz.ch"|"WHUed5-Bj1ZZr-f9FX$k"
"tang.newens@edu.tbz.ch"|"MIMrYR-JSIJD2-V@xqbL"
"annotes.powys@edu.tbz.ch"|"P$xXu9-NE@GbL-oGBzRS"
"lea.matthesius@edu.tbz.ch"|"g1J8ka-Vz3Udt-PzJJbE"
"illustree.garlett@edu.tbz.ch"|"gsJZCq-V5CN2c-@8wX5#"
"maiwenn.meachem@edu.tbz.ch"|"#XJvVZ-VHs@mK-baXwLY"
"marie-francoise.mcbrady@edu.tbz.ch"|"%7KTpI-s9eAOA-RULsdD"
"illustree.gimbart@edu.tbz.ch"|"3LW&Cs-OGmcXv-S#herz"
"melys.lyosik@edu.tbz.ch"|"@V6oIi-7au9Mn-jgts8z"
"marylene.mcnab@edu.tbz.ch"|"1IAC2E-Sy7WYo-l2bKcQ"
"gerald.blount@edu.tbz.ch"|"woURR1-zxQcHd-O@clYV"
"clelia.shakelade@edu.tbz.ch"|"H0zXkH-OXgpZ@-EmQ#2x"
"penelope.cridlin@edu.tbz.ch"|"03g@q1-rcclba-M9Fwm#"
"maena.okuddyhy@edu.tbz.ch"|"67sj6T-0bjsgs-AEuP0q"
"athena.keynd@edu.tbz.ch"|"$UpLtO-qRRkMB-FzSyMS"
"cloe.dwine@edu.tbz.ch"|"A7XV@l-EQNg9y-w1VLUb"
"josephine.browett@edu.tbz.ch"|"K$rWvO-zpTLZa-Vmd@42"
"audreanne.oscanlon@edu.tbz.ch"|"#T$HIj-@uumZH-K8A3Rt"
"fei.jeanequin@edu.tbz.ch"|"bMgLGQ-GChZjX-oxGaoW"
"lois.gormally@edu.tbz.ch"|"AbS#ya-0a&&bv-R3u$iS"
"marie-francoise.finnigan@edu.tbz.ch"|"N3lSIM-NsXwTu-hy5ufr"
"leonore.trussman@edu.tbz.ch"|"n4NtMe-ihJy#a-eCtvoh"
"anaelle.trumper@edu.tbz.ch"|"UOmIAT-Z$4EaU-vNovGd"
"clemence.dionis@edu.tbz.ch"|"SNTNbe-j5sxE#-hrKnsm"
"lois.tranmer@edu.tbz.ch"|"R47DYh-SL9oLw-EbP0FE"
"interessant.volett@edu.tbz.ch"|"fZJ4x9-j3WZn1-xuJ#Xa"
"personnalisee.deackes@edu.tbz.ch"|"YqKV$Z-0dBpXR-ta@BFn"
"lie.vasiliu@edu.tbz.ch"|"1TMv6M-#MV%jh-lEAoo&"
"dafnee.lamputt@edu.tbz.ch"|"z2fHRN-EP8kip-tLr8EC"
"elies.bromige@edu.tbz.ch"|"%qzRZU-D%lBV3-KSXV8N"
"helena.klosser@edu.tbz.ch"|"uvwMwl-oaJ4VT-J1@2Sd"
"andree.grim@edu.tbz.ch"|"Af%1hL-Kw7dFR-wh2Sen"
"verane.coldbath@edu.tbz.ch"|"panwSM-rs%j8l-@f6YSz"
"helena.bethell@edu.tbz.ch"|"IgUFYn-Vp@MO%-0#Evsy"
"kalliste.carefull@edu.tbz.ch"|"%aTRJi-tQBpo@-26jRJ#"
"regine.odams@edu.tbz.ch"|"9u&WBw-f418$V-#g#Kqy"
"len.stannus@edu.tbz.ch"|"l1TkYo-$RPw0G-CaV1zz"
"angelique.works@edu.tbz.ch"|"zqUEZI-wHIB7h-A@8%4f"
"goesta.rheaume@edu.tbz.ch"|"$6iZU4-qDXwFe-VcqAU6"
"maelys.tynnan@edu.tbz.ch"|"8ZZNas-ZJmWX@-zr6qBl"
"maelle.carlesi@edu.tbz.ch"|"aniC6m-Jw0pmt-TBTTHo"
"anael.spurden@edu.tbz.ch"|"s8%X4s-vee&5V-DT34UO"
"helene.pumfrett@edu.tbz.ch"|"%1nnx&-QLAsT2-uT6W2@"
"goerel.pearn@edu.tbz.ch"|"dYxU7o-$hDmeV-pvNtpn"
"laurelie.dezamora@edu.tbz.ch"|"uJLd0r-k8gDBL-jCqtFI"
"yao.twidale@edu.tbz.ch"|"JSAgaJ-u@4ZEv-r&Cxuj"
"berengere.sola@edu.tbz.ch"|"erWcL6-XeUuaW-TzjT1G"
"maelann.hardistry@edu.tbz.ch"|"IaPtav-9hErUd-lU88Rn"
"severine.littlefield@edu.tbz.ch"|"w%RlYT-H3mm5D-yKTCG&"
"salome.heinl@edu.tbz.ch"|"Xn@o%e-kjFJB7-rj%#cY"
"meryl.warbey@edu.tbz.ch"|"TZBrJS-9EIpNY-k#DPU8"
"da.hunstone@edu.tbz.ch"|"om@K7E-nS&$vo-mW4@Di"
"venus.broadbury@edu.tbz.ch"|"uDe&J@-f50Frw-xkwH39"
"meghane.rentelll@edu.tbz.ch"|"PkGgGK-hPc4tu-T8rWZ@"
"marylene.drewitt@edu.tbz.ch"|"ti5Oqg-iHa2El-tWr@sV"
"melinda.jacquemet@edu.tbz.ch"|"g%C4bV-d4&veI-eyyObQ"
"marie-josee.keyden@edu.tbz.ch"|"UTFq21-z$VcbS-9tPf0$"
"asloeg.montacute@edu.tbz.ch"|"PsEd%H-w8xnVL-tNoIcp"
"ku.andreou@edu.tbz.ch"|"ben0s8-0cCN4F-S7%u2o"
"personnalisee.feaveer@edu.tbz.ch"|"5aPdZq-xZEgPi-aQaSCN"
"laila.emptage@edu.tbz.ch"|"a2zTFR-@pEfdc-8EvQqY"
"bjoern.dawdry@edu.tbz.ch"|"78wnHY-jHBYBZ-vvqmtt"
"marie-eve.dinsell@edu.tbz.ch"|"EDT9fM-S0DQ4&-F4N%MP"
"helene.follett@edu.tbz.ch"|"&fqFKt-tf5YDI-geLYQp"
"penelope.cordero@edu.tbz.ch"|"SVl#CI-gQQzFm-HJ6bVG"
"boerje.beedell@edu.tbz.ch"|"yEJ&p$-H7AWDk-fAHD2R"
"nelie.ferne@edu.tbz.ch"|"gYPmK6-EAZ$Ds-coQrLp"
"celine.ahmed@edu.tbz.ch"|"GocPiO-NI4s8d-TC6KqF"
"stevina.pimblett@edu.tbz.ch"|"&bmoCc-K0C0aJ-p7%Nvt"
"chloe.langlands@edu.tbz.ch"|"wNXGHz-Ezg2Za-%ahQ#A"
"simplifies.maude@edu.tbz.ch"|"ZTOi6Y-&GshDH-MWuIGa"
"genevieve.decarteret@edu.tbz.ch"|"owJ4BB-rIn&pi-rB#v$P"
"marylene.mughal@edu.tbz.ch"|"5hAAvW-YvMheE-lpU@au"
"goeran.guttridge@edu.tbz.ch"|"jxSzj7-aIWBHP-Cs7B6B"
"michele.smurfitt@edu.tbz.ch"|"cVMGI6-oS5$dz-Rl9fOt"
"methode.hadeke@edu.tbz.ch"|"$6jyo@-3NRiSg-3Ql#vd"
"therese.rispine@edu.tbz.ch"|"MYMdOo-#QQzK3-roCUox"
"goerel.plumley@edu.tbz.ch"|"Y$dVVK-bvNN5k-LPD&yV"
"oceane.friett@edu.tbz.ch"|"Mbi42%-F12KaB-LLc%0N"
"marie-noel.achromov@edu.tbz.ch"|"Gnwu7#-@n%RE$-kNT%y@"
"dorothee.storek@edu.tbz.ch"|"H6fhHd-oHAWUc-eLoVKe"
"goesta.whittle@edu.tbz.ch"|"hvveb$-KC8q$s-9Jj4cZ"
"desiree.casely@edu.tbz.ch"|"qmAQl7-Ypxzap-uKAkiH"
"felicie.condon@edu.tbz.ch"|"WXH&E5-tWbrQa-2gvOVU"
"maelyss.frisdick@edu.tbz.ch"|"yROjDp-IUF6VX-%xh@x9"
"aimee.banke@edu.tbz.ch"|"SnHkZ6-Z#CZ@H-FX2Bfl"
"naeva.hodcroft@edu.tbz.ch"|"WOWCNR-uxP%B2-xGKhfH"
"laila.gerrans@edu.tbz.ch"|"oGIVSW-&H5NGY-ch8n6W"
"daniele.scrimshire@edu.tbz.ch"|"5E2sSJ-VI2nlV-rZdXM3"
"daphnee.sheerin@edu.tbz.ch"|"yZfci2-8h4zEw-me0Nr6"
"pal.vanyukov@edu.tbz.ch"|"%vpvkc-YhcrDe-h5jD60"
"zoe.childs@edu.tbz.ch"|"nBP1XD-kfUsMZ-BJz#1P"
"ai.corde@edu.tbz.ch"|"GvRcwW-L6M&Md-ryKGew"
"maelys.berryann@edu.tbz.ch"|"G2BUFt-QsT2x6-x62RdU"
"cloe.gladding@edu.tbz.ch"|"MbLeG9-93@3pD-axyvsm"
"wa.kinnaird@edu.tbz.ch"|"X@LtVZ-4G4fMn-HC1PkI"
"publicite.brittoner@edu.tbz.ch"|"21&nxv-AZmXlv-wNf@39"
"rao.windress@edu.tbz.ch"|"F1@&pz-YOUpFK-i64fwN"
"uo.kollach@edu.tbz.ch"|"r5jfFr-A1T6hj-uFVTPQ"
"josee.peskett@edu.tbz.ch"|"8Q6gXB-i53yo2-k0$WwM"
"annotee.hasel@edu.tbz.ch"|"rw9U8x-Fi6H%E-bexDL8"
"cinema.lee@edu.tbz.ch"|"yM50Re-WH5%gk-aKWDtV"
"lai.vedeshkin@edu.tbz.ch"|"EFMrhK-%Q2rO#-b5q4bX"
"renee.brisbane@edu.tbz.ch"|"elq4Yg-rlVS9$-9u0zPr"
"ophelie.blincoe@edu.tbz.ch"|"puUtio-sA$UJw-%&y&le"
"zhi.prazor@edu.tbz.ch"|"CEBr8H-VtaaYh-$$oUUM"
"annotee.maddicks@edu.tbz.ch"|"FsLXbN-YCyX3P-doSG%a"
"maelyss.codd@edu.tbz.ch"|"HTobWG-K@oXtx-nt3EZ6"
"celia.peplay@edu.tbz.ch"|"#sqxUD-UzAN28-$yGW%l"
"interessant.skone@edu.tbz.ch"|"N274YP-XNd3Za-JFKOnB"
"audreanne.hebdon@edu.tbz.ch"|"NaUgQ2-wHO1c1-X$AeiL"
"oceane.glen@edu.tbz.ch"|"Z2tZFv-Mk#Bpp-KT8ZrG"
"daniele.vanyushkin@edu.tbz.ch"|"aiNhMW-%M%p9A-u0IAUu"
"daphnee.ayce@edu.tbz.ch"|"eh9OmF-16G8O&-x$Mlci"
"andrea.attride@edu.tbz.ch"|"ZJaqnw-8cIvvp-$Djus6"
"penelope.bridgwood@edu.tbz.ch"|"wblnTt-cckxRl-0UWfwO"
"mailis.drewitt@edu.tbz.ch"|"6yewCt-VD#dDY-tUW%ID"
"penelope.mollene@edu.tbz.ch"|"TfBX#E-1rlFR&-O9n61&"
"illustree.keely@edu.tbz.ch"|"wh69%b-&1Q266-Xox$jX"
"meng.brisseau@edu.tbz.ch"|"OGYN73-VEZIgk-66qzNc"
"ruo.cleiment@edu.tbz.ch"|"NFrps0-5m37y1-JUrxbz"
"maite.krammer@edu.tbz.ch"|"o7T$Fa-xqIGSj-UmQ3#9"
"genevieve.verry@edu.tbz.ch"|"&VsfPh-OT4k$9-ZsbMa1"
"lea.olochan@edu.tbz.ch"|"%S%sJH-YsmBRp-deAMN3"
"naelle.brunnen@edu.tbz.ch"|"V#@48O-Bq0oJk-2Mi1pK"
"goesta.bragginton@edu.tbz.ch"|"D%e$4Y-LA8ArV-NLd%En"
"fei.danilyuk@edu.tbz.ch"|"Z9U1a%-EgkuY9-rsD35q"
"adelie.turbitt@edu.tbz.ch"|"YBNDVv-H9wnqL-ilsVS4"
"marylene.nutman@edu.tbz.ch"|"zr6e69-dSagHT-GObfz#"
"therese.barbrick@edu.tbz.ch"|"Ga0&0Q-xG6EXC-YfkED@"
"melys.kolodziej@edu.tbz.ch"|"Koc0nM-z74dNu-H@0NMW"
"melanie.runchman@edu.tbz.ch"|"ZcSoxC-th%7Go-mqD&X#"
"serena.lafond@edu.tbz.ch"|"TJOWkl-dHrjc$-q#hl@H"
"pelagie.desmond@edu.tbz.ch"|"L8cI4v-mnguTq-RcltfY"
"wa.spickett@edu.tbz.ch"|"r20vpm-Gar1N@-adI537"
"po.shave@edu.tbz.ch"|"zr%u2V-heivOA-LJnVc$"
"song.huikerby@edu.tbz.ch"|"c$G#yU-KuG@KN-dwziq9"
"melinda.bimson@edu.tbz.ch"|"ysDOyi-zzGNae-iHpGAp"
"personnalisee.toffanelli@edu.tbz.ch"|"7jT6Us-jRIOVj-QYYe&e"
"leandre.hurn@edu.tbz.ch"|"PzQ7dN-d8BRfI-bK&bxr"
"oesten.standell@edu.tbz.ch"|"p54YEb-Hm3Z24-IHwxyH"
"naelle.smaleman@edu.tbz.ch"|"V4dV2v-tLp#p#-c1LtH@"
"berenice.tayt@edu.tbz.ch"|"YkeQ8a-nW16wI-2J$Lfr"
"kui.popplewell@edu.tbz.ch"|"ke40Y7-kWddls-0evaz8"
"melodie.ferandez@edu.tbz.ch"|"NYgq6f-$OdHIV-aWviUd"
"josee.negal@edu.tbz.ch"|"2s5kfl-RQ%@GP-43MH$y"
"melissandre.ferrelli@edu.tbz.ch"|"#6Bf8Q-Fy47d8-qzbqAr"
"josephine.kemmer@edu.tbz.ch"|"UPJ068-cixU#j-Olil7G"
"maely.cayette@edu.tbz.ch"|"Jq9q#u-UQ9UcS-aba#y&"
"nelie.vela@edu.tbz.ch"|"$h7Wu5-ZPL8Ih-gbroGm"
"melina.cortes@edu.tbz.ch"|"TTX427-o8WF55-WYQmuj"
"megane.leyshon@edu.tbz.ch"|"SfVpgq-PY1WtA-E9iY58"
"regine.harrie@edu.tbz.ch"|"1Bw&Uh-Y1Nwd1-$L3JNu"
"mylene.widdison@edu.tbz.ch"|"q#r&Iu-j0r1Li-b1JEj7"
"pelagie.vivash@edu.tbz.ch"|"@@$ZnH-hlZp1e-5hJLVj"
"styrbjoern.vicarey@edu.tbz.ch"|"QJb&pr-ecjb5O-pa$u&h"
"long.kyles@edu.tbz.ch"|"knTMt9-wUWq9B-ZUdPAD"
"stephanie.gipps@edu.tbz.ch"|"7HI&8Z-zASrjS-N#lt4B"
"clea.constantine@edu.tbz.ch"|"xCf2kc-xwBzQL-9ZUjSK"
"maella.cometto@edu.tbz.ch"|"gBq7BK-RFLVks-3vMgWv"
"laila.aubrun@edu.tbz.ch"|"VQ1HPV-1xgCWu-Rpm4YN"
"yao.austins@edu.tbz.ch"|"Cl@z7I-mia014-GU2eYb"
"mailys.rylstone@edu.tbz.ch"|"eF#F9u-dczZ93-10pJU7"
"adelie.curuclis@edu.tbz.ch"|"x3PCkq-rxbzoy-Su$9gK"
"celine.longhurst@edu.tbz.ch"|"6tf$9r-rHk6mk-xE9K0o"
"gisele.hazell@edu.tbz.ch"|"Gc6zN9-1vjlsO-50WU0j"
"celestine.ciccone@edu.tbz.ch"|"Fm8GhJ-L6TW8j-WCWLsh"
"maelyss.doole@edu.tbz.ch"|"$3OF3t-o1&TdA-uo#lHK"
"helene.grimsdike@edu.tbz.ch"|"2ZZ%jE-NIlR%K-&C7SVA"
"lie.macer@edu.tbz.ch"|"E3Bpzb-8pqRTN-NuEVwu"
"maely.izard@edu.tbz.ch"|"DHIJ#g-77Wz@I-rG9uPt"
"erwei.breewood@edu.tbz.ch"|"Yq4QvP-WUN%QD-$t9AK5"
"chloe.woolford@edu.tbz.ch"|"5LR4D9-ntoe@S-Cnklf5"
"cleopatre.turpin@edu.tbz.ch"|"0Vn@Y&-ujZUKJ-&2ZpQk"
"melodie.surgison@edu.tbz.ch"|"61t82H-7uGj4v-GC4HGr"
"elies.leander@edu.tbz.ch"|"XYm$FA-gOLkC5-SLGazS"
"mediamass.reignould@edu.tbz.ch"|"ke@I$8-lYLxNz-BaTH96"
"celestine.wasmuth@edu.tbz.ch"|"64AIPW-fKrKi%-Y$YxIh"
"marten.jervis@edu.tbz.ch"|"h7U7K7-gXGCuN-V0XzoE"
"daphnee.bour@edu.tbz.ch"|"5RZrYc-Do1H@U-oG$pje"
"regine.harlett@edu.tbz.ch"|"lnLsLQ-u#925u-9%5$Hw"
"noemie.macaskie@edu.tbz.ch"|"xVjezX-7SO6xR-Iwdc9@"
"loic.renfield@edu.tbz.ch"|"tJW3$@-RJn$$$-h5J%&D"
"venus.kleinert@edu.tbz.ch"|"lWODjO-v#OPBP-ga7nBm"
"marten.burlay@edu.tbz.ch"|"WVxjw2-V0VQXm-JBO$74"
"berengere.radsdale@edu.tbz.ch"|"NSTZmt-ixpbxV-g53hLR"
"genevieve.duckit@edu.tbz.ch"|"4fwAyu-ziy@1Q-ge0J1u"
"maely.ligerton@edu.tbz.ch"|"IKFsx#-RRAfmq-ZgbR&U"
"maeline.ricciardelli@edu.tbz.ch"|"LpTTLv-2h9QU7-20FQRc"
"personnalisee.yggo@edu.tbz.ch"|"M0IL79-f1$7Zc-w6v4lY"
"alizee.pettinger@edu.tbz.ch"|"YcDbuA-@vPtn6-5K6NpL"
"desiree.curnnokk@edu.tbz.ch"|"xrN2d2-p#Wh6C-p6XTJl"
"dorothee.minors@edu.tbz.ch"|"5F7fXG-E0FXH4-oOlN5s"
"oceanne.kopmann@edu.tbz.ch"|"wJ@M%d-UGPD#9-oKSSCW"
"almerinda.brodbin@edu.tbz.ch"|"UYeZzT-t9sxDO-F6Zeq$"
"yenora.carsberg@edu.tbz.ch"|"VjZOic-iiweYF-iph%h1"
"wa.beetles@edu.tbz.ch"|"Fi9h#a-IDYB6V-&bKq0K"
"audreanne.abbot@edu.tbz.ch"|"toqiDv-Glqju%-LeRd$X"
"noemie.capper@edu.tbz.ch"|"Pa9MEj-CBAkDr-Y#h@Wx"
"mans.abramamov@edu.tbz.ch"|"h25Cwd-r4KtAh-QPFTi2"
"audreanne.blakey@edu.tbz.ch"|"MAM3iM-ec8NLh-ZZ3gIy"
"leone.klimpke@edu.tbz.ch"|"zDPuPc-vaCPUI-fVvNpE"
"lie.croston@edu.tbz.ch"|"QS1LLz-XQiu1Q-PhRwHs"
"anaelle.baistow@edu.tbz.ch"|"0pBgi0-39vIXt-C7Ua8D"
"michele.garwood@edu.tbz.ch"|"MX&rgV-8F0nYF-aKijJS"
"interessant.albion@edu.tbz.ch"|"8CjlPj-4RMRPO-2r9nvt"
"andre.brisco@edu.tbz.ch"|"bgw7tT-Sae$Ny-uz#gTr"
"tang.totterdill@edu.tbz.ch"|"iqVzTF-sZK4Dq-FULcu4"
"marie-josee.braundt@edu.tbz.ch"|"Ow7naa-2dAFWo-%73Atv"
"lois.galer@edu.tbz.ch"|"XVdLU4-qwBzga-i1cylw"
"faites.pellamonuten@edu.tbz.ch"|"fspBW5-Yfoc@w-lqkYt0"
"mai.barfford@edu.tbz.ch"|"Yg$dh1-6OtPMK-dFc8WH"
"laurene.macilory@edu.tbz.ch"|"CXln@I-1l$6@c-0%uxx%"
"elea.peak@edu.tbz.ch"|"dfaNsH-W5XIIL-8iglgq"
"rejane.doni@edu.tbz.ch"|"FZcRzy-53D8gz-Qh5&Pt"
"mahelie.ector@edu.tbz.ch"|"FHB@Lt-J94LC9-@xfG9$"
"rachele.allum@edu.tbz.ch"|"iD7TU7-ITYerg-&4knI7"
"laila.gerretsen@edu.tbz.ch"|"T%9%oq-Nv2&o7-@I4CyY"
"ines.bowman@edu.tbz.ch"|"oW31Zz-sxZ75T-cSSxs3"
"publicite.barbary@edu.tbz.ch"|"$jLr1k-Q#9Z&1-LeCBVp"
"mailys.smooth@edu.tbz.ch"|"UF6z%g-Zvgv#%-EWj1SF"
"mailis.huguenet@edu.tbz.ch"|"9yNyWP-deNLRm-Rzvxzi"
"lea.ewer@edu.tbz.ch"|"qkZAkn-Su#rlu-InPUMk"
