"email"|"password"
"melodie.vandervlies@edu.tbz.ch"|"hbd%Tk-www3Pg-gn4DJO"
"angele.edgecumbe@edu.tbz.ch"|"taOuuI-4838yA-nE4PD1"
"zhi.andreasson@edu.tbz.ch"|"RjFRHA-RePrSE-emE5&L"
"judicael.koppeck@edu.tbz.ch"|"@F77wC-qLFutg-V#tiy&"
"berengere.capron@edu.tbz.ch"|"1@3TYY-vwiIO6-MpgtI$"
"leonie.brosini@edu.tbz.ch"|"uQfokp-Gww0Qm-ApfNn$"
"venus.garfit@edu.tbz.ch"|"KRHSsR-aRR7a5-Wa6RAl"
"melina.janota@edu.tbz.ch"|"5K60eB-P4a9VE-XyVcGa"
"laurene.bake@edu.tbz.ch"|"U@ZW1W-%TcSMu-@P0DOe"
"regine.dorkins@edu.tbz.ch"|"@WU#7C-BzIRns-i%w#P1"
"cecile.moffet@edu.tbz.ch"|"ojqxXh-C2TD93-eN%#En"
"maelann.labrone@edu.tbz.ch"|"HA0m69-jnnO5q-$9oDw@"
"melinda.newbold@edu.tbz.ch"|"aiI1Tj-Y#x@h#-GK5u5X"
"mans.itzhak@edu.tbz.ch"|"4U7zNA-QwmLuJ-E8SR8R"
"melodie.pattlel@edu.tbz.ch"|"%kbN8Z-GPdja7-wkCOjh"
"celine.bonett@edu.tbz.ch"|"6HQuCu-@muSUS-svbK3l"
"adelie.mcgreal@edu.tbz.ch"|"1C6jta-ysINx%-lOfC5O"
"helene.soldan@edu.tbz.ch"|"#urHca-7Yxo@o-Bi0FSB"
"michele.cluer@edu.tbz.ch"|"&MoZ5j-Lq0eMT-hNr9UU"
"maeline.mueller@edu.tbz.ch"|"ytV#9O-7y3Qvh-qyeB8#"
"maelann.benedito@edu.tbz.ch"|"ujg88y-fKIKcQ-rJQcbL"
"nuo.gransden@edu.tbz.ch"|"6vYkN0-XWKqpn-ZI50GV"
"berengere.stainton@edu.tbz.ch"|"Mv7hZP-FuTDxm-JUmA%6"
"wa.sabater@edu.tbz.ch"|"jLvKhL-YCjFGU-nvask5"
"anais.cochran@edu.tbz.ch"|"Pn@A0Q-CGxkH&-exGErr"
"gerald.bessant@edu.tbz.ch"|"$se$UP-HXgQFN-l7KoSN"
"ruo.coffin@edu.tbz.ch"|"83EF3T-VA5vSR-fR2RfB"
"melodie.mustill@edu.tbz.ch"|"fL#$WZ-D3lqba-DHFYkK"
"ruo.stanesby@edu.tbz.ch"|"y76ghe-vG2NVe-Rk4lMM"
"noemie.antognelli@edu.tbz.ch"|"WsBXO1-Ue4dym-D@XEOv"
"maelann.hughson@edu.tbz.ch"|"x#fBUH-VPLH#@-bHyu35"
"milena.mieville@edu.tbz.ch"|"KzW#Ju-2flp6I-Rz@9mN"
"mailys.chamberlin@edu.tbz.ch"|"32MMEN-BZngAM-gM4Euj"
"nadege.tomalin@edu.tbz.ch"|"8jTvmf-JcIgMg-XWSTTY"
"oceane.omara@edu.tbz.ch"|"8iwXxI-d8ULEt-HkHHEZ"
"cecile.aguirrezabala@edu.tbz.ch"|"W@4nEP-BZOf1G-t18iXF"
"maella.gwillim@edu.tbz.ch"|"w%wbuL-uCZeaf-a6X&kC"
"lea.mcgahey@edu.tbz.ch"|"@PQzg&-SIX51#-g9hbdx"
"laurene.hagerty@edu.tbz.ch"|"oP6SnC-n888iG-d1K8xS"
"dorothee.link@edu.tbz.ch"|"OOVI@L-BSS384-6K%uw4"
"clementine.kynsey@edu.tbz.ch"|"NOo8rv-#NKV7m-$h&PMO"
"lorene.smitherman@edu.tbz.ch"|"@44jMF-W#dKqY-amFaMB"
"cleopatre.klulicek@edu.tbz.ch"|"xIVdS8-4Rzf28-6Fuz1s"
"laurene.castaneda@edu.tbz.ch"|"IwqKnE-Zog$ht-$c2JFS"
"melia.constant@edu.tbz.ch"|"nIVXoi-dDJrCc-8o3qyP"
"lucrece.clunie@edu.tbz.ch"|"QkUGcr-8s8MP2-%KoIaI"
"eleonore.mcmurthy@edu.tbz.ch"|"M@T7HC-%s3I0o-BSYavc"
"melia.bevar@edu.tbz.ch"|"f8aEi$-2KHqdn-suzP9T"
"camelia.bontine@edu.tbz.ch"|"DCSDks-8V&B1e-UqaMDL"
"methode.jozefczak@edu.tbz.ch"|"p4v#uc-$Ek8mx-Y$GUY3"
"audreanne.hinsche@edu.tbz.ch"|"FU9XcT-2kWpM4-u7@1fz"
"andree.varne@edu.tbz.ch"|"HcK$Yc-##&loK-%K44nT"
"marten.kinleyside@edu.tbz.ch"|"KhTXDs-Oc07bn-ePoOw3"
"esteve.mcewan@edu.tbz.ch"|"NVZX$@-7j$%88-PBY3m9"
"leane.dibbert@edu.tbz.ch"|"jDFlFR-Ca0SwG-AZYZkP"
"ma.thewlis@edu.tbz.ch"|"KjXpp1-VDnBWa-hnkJZf"
"clea.djurkovic@edu.tbz.ch"|"IGlxEz-5Idvi@-9C9tiq"
"rachele.reburn@edu.tbz.ch"|"E3HQ2m-FZKZde-iv8YFm"
"gerald.gowling@edu.tbz.ch"|"CHjuE5-p5CSn$-pTbsuC"
"cleopatre.jackson@edu.tbz.ch"|"PuLKKB-$Bf83P-&NYT9P"
"desiree.haskins@edu.tbz.ch"|"Yqe0K5-CwmEWD-tYyVjj"
"eleonore.longson@edu.tbz.ch"|"42CasX-tP2ObC-y5tf36"
"leane.dybell@edu.tbz.ch"|"z42v5x-DvViyQ-IkY6cl"
"becassine.grzesiak@edu.tbz.ch"|"j6GK1N-%K6PEL-2GJO4u"
"marie-josee.pickin@edu.tbz.ch"|"0DWbH@-@uAsfS-%B46CN"
"marie-josee.roxby@edu.tbz.ch"|"%vO3r2-ZAXpyB-vWLjKJ"
"leonie.feenan@edu.tbz.ch"|"Thy6jU-wlGopB-Hy1duT"
"valerie.ellum@edu.tbz.ch"|"TgPYva-RGW8F@-iHm8Y7"
"ju.caseri@edu.tbz.ch"|"cHqV@w-apipYX-29LoR2"
"boerje.strangman@edu.tbz.ch"|"3DSi@&-Ns1dFd-oDn2cK"
"beatrice.ghidelli@edu.tbz.ch"|"mFGTpp-%ujv5V-xhFtu%"
"da.jablonski@edu.tbz.ch"|"mp8m9I-&BDG2R-uVQ@&6"
"uo.beveridge@edu.tbz.ch"|"Fc0roP-VqV$xC-ajGgoG"
"valerie.bestman@edu.tbz.ch"|"tVHSEX-jgH4Us-nuMz6u"
"marlene.pohls@edu.tbz.ch"|"1oGM7p-hWKjuV-C30ckE"
"ma.nolda@edu.tbz.ch"|"phmNqm-W%wmJz-XlN7bG"
"marlene.bisiker@edu.tbz.ch"|"tscZIS-cUmBw3-nZeh0h"
"estee.babon@edu.tbz.ch"|"aPKfH#-U0Zjgr-2fz@$8"
"simplifies.dmisek@edu.tbz.ch"|"bkLIVK-Mnc5Zg-%4O1%J"
"selene.ganing@edu.tbz.ch"|"xfMo#D-vsM7qD-UYVyF$"
"meryl.penke@edu.tbz.ch"|"eyB642-I%TTDY-V6MKMQ"
"anais.rawcliff@edu.tbz.ch"|"RWCNa9-P&iP0I-i80lFk"
"melina.andri@edu.tbz.ch"|"Pt%6@q-l16v@A-vStgF%"
"audreanne.fodden@edu.tbz.ch"|"6JOqiS-Xqlw4N-MMDrrv"
"bjoern.spellesy@edu.tbz.ch"|"H979HD-pP8Ocq-#LD%bd"
"francoise.summerscales@edu.tbz.ch"|"lVZ3ix-weo5Iy-GGCKZQ"
"laurene.ashtonhurst@edu.tbz.ch"|"7T@Yr$-sXbzpp-ABt%52"
"valerie.petters@edu.tbz.ch"|"mjZUCi-ra%6I$-QPqH3n"
"anael.spenclay@edu.tbz.ch"|"xdRRBt-UMHDaF-WzJRxk"
"stephanie.keech@edu.tbz.ch"|"c6QVh@-r@7t0z-4bE3wf"
"ines.deveril@edu.tbz.ch"|"zCSznR-i$Roxa-o1JVX3"
"berenice.gelder@edu.tbz.ch"|"NqRLHM-GNzM$Z-5YUcIG"
"melanie.ofogerty@edu.tbz.ch"|"88ScII-6PW%Sk-0@938L"
"frederique.canepe@edu.tbz.ch"|"E6@5Z7-E@%nIp-sygsNr"
"nuo.otton@edu.tbz.ch"|"CLpTnX-Bnxs3V-cLlK#m"
"genevieve.trusler@edu.tbz.ch"|"rymAb3-pUiO$w-OTojY#"
"ju.boag@edu.tbz.ch"|"C2ML4K-gnlR5a-#%NvHH"
"josephine.dilucia@edu.tbz.ch"|"F7ofYg-d@@Le%-CDd&Mt"
"laurene.armsden@edu.tbz.ch"|"Vorzay-jKWh9W-CPayFm"
"becassine.griffe@edu.tbz.ch"|"UHKd8S-5B&v5e-txqa&y"
"alois.parres@edu.tbz.ch"|"OnNNRX-19FMjM-yomoO1"
"cleopatre.gaffey@edu.tbz.ch"|"LkR#kA-#pove2-z96Ubf"
"andre.stiger@edu.tbz.ch"|"Uu6&$f-gn21Zj-@@Dqa1"
"beatrice.godleman@edu.tbz.ch"|"tZB6q@-2N@jJ7-Ks7wpy"
"hakan.harrhy@edu.tbz.ch"|"hR1eR@-Zf%S6A-no5MJ8"
"celestine.dagnan@edu.tbz.ch"|"T@s3v4-dZGjij-aQUDtV"
"clemence.haggart@edu.tbz.ch"|"Bd0rBM-CZl2C6-og@fH5"
"long.caban@edu.tbz.ch"|"AgqkVA-Vl1j@%-pOK76x"
"gaetane.grimble@edu.tbz.ch"|"gi9%ai-V3PtDr-LdHyJG"
"maelann.piwall@edu.tbz.ch"|"xFCW8o-EMwCdR-#F7F#0"
"magdalene.loble@edu.tbz.ch"|"zjAl%L-zuMeGa-OtduQf"
"veronique.domaschke@edu.tbz.ch"|"Pa2KfB-B19tqO-v$AWjV"
"clea.herity@edu.tbz.ch"|"ln4PYQ-o13@eN-zpQKln"
"maelann.bambrough@edu.tbz.ch"|"28x#mm-4ne7Jb-qIIqx0"
"clea.goulstone@edu.tbz.ch"|"eYlnqX-yw8HJ6-EXacRF"
"renee.deleek@edu.tbz.ch"|"cv0u%P-AKXHae-&ptSSW"
"boerje.rudderham@edu.tbz.ch"|"a0@wY4-drLOns-mnT&$P"
"marylene.broune@edu.tbz.ch"|"rY%CyL-8XwIe6-JO@e5A"
"nadege.mccuish@edu.tbz.ch"|"SEvtTN-IZvgLB-6TM1kY"
"anael.littleover@edu.tbz.ch"|"%tNV0A-e3U89P-cgBWxk"
"lie.baume@edu.tbz.ch"|"V0yL@v-6SZizF-GL&$F9"
"maella.murrow@edu.tbz.ch"|"xBgu1%-sJUViS-hfunZ5"
"cleopatre.pettifor@edu.tbz.ch"|"9p%sKq-#X&oXr-BORjC3"
"geraldine.asker@edu.tbz.ch"|"CcNd4C-xFJe1J-PmMo9V"
"gaetane.smedmore@edu.tbz.ch"|"QpKofx-$Nq@cd-aBqSm5"
"meryl.blencoe@edu.tbz.ch"|"%p&TsE-LaKi1#-tnyifa"
"aurelie.chastaing@edu.tbz.ch"|"y4LmMo-7wwjN7-meXd20"
"oceanne.marthen@edu.tbz.ch"|"034piw-8D5kzH-LOYQFA"
"dorothee.burrill@edu.tbz.ch"|"tZsgD9-3YmbPx-rTkQa6"
"hakan.belden@edu.tbz.ch"|"YpekTU-W5qfbl-21Swsz"
"celine.brunning@edu.tbz.ch"|"%%%yGe-6QY9ta-j8dsWG"
"anael.lapides@edu.tbz.ch"|"S1fBFm-q7NRR&-TISSej"
"ruo.saffran@edu.tbz.ch"|"HSwiop-nvaInX-$7jDpe"
"loic.gerretsen@edu.tbz.ch"|"dB4AGz-1g%08P-Tuqfy%"
"rui.fitzer@edu.tbz.ch"|"wI2$tF-VB88P%-aDSuvk"
"annotee.ogers@edu.tbz.ch"|"Wm2e8t-1FmdeL-2q9XkE"
"boerje.bindin@edu.tbz.ch"|"1baIuO-Kl29pr-&OSdYf"
"ma.cronchey@edu.tbz.ch"|"#EM2mR-91csPC-4W0Yw9"
"laurelie.baiyle@edu.tbz.ch"|"o92Moq-Cr6Y%1-T59mbl"
"dorothee.older@edu.tbz.ch"|"muZcHf-n&4UDV-wzE&yC"
"laurena.wile@edu.tbz.ch"|"bV#xA1-LU6IsH-K50Rzu"
"clemence.brito@edu.tbz.ch"|"5nGpn2-XEu8OK-V&8Ee%"
"nadege.dallin@edu.tbz.ch"|"ZF0gP@-VNh4M5-vbgD$i"
"mailis.matley@edu.tbz.ch"|"dY%A78-r@7KQL-vZrA9d"
"daniele.screaton@edu.tbz.ch"|"eebRB$-$bOz#W-Of0TzO"
"mediamass.godly@edu.tbz.ch"|"lJ3w8c-9@IYYt-iOyh2z"
"leone.kremer@edu.tbz.ch"|"ZaCdG4-4cpgIS-hmX&Mi"
"asa.adrian@edu.tbz.ch"|"pXNSSm-UUd$NL-3H08Al"
"adele.doley@edu.tbz.ch"|"7FR$eV-#Sscvi-zJEnBL"
"fei.sidney@edu.tbz.ch"|"dhDLjo-U0UxTX-Mf8@yf"
"marie-josee.walisiak@edu.tbz.ch"|"qfuCxW-pHVKWp-1GMxsY"
"desiree.diplock@edu.tbz.ch"|"Ga1INP-899KLe-8ZY7O0"
"gisele.schust@edu.tbz.ch"|"06HS8#-#ibw2s-w@sOf$"
"ma.longshaw@edu.tbz.ch"|"w85Fdi-2K0c2y-%I%tEi"
"da.boother@edu.tbz.ch"|"%OJ&Gm-fVgSVA-aHADpN"
"simplifies.chaudhry@edu.tbz.ch"|"@gA1n2-5J6ow8-DCZXWp"
"garcon.baniard@edu.tbz.ch"|"@y44Cf-35vgdi-kDLbcs"
"gaetane.elphee@edu.tbz.ch"|"Z2m8YF-PoTNFw-2ynBdC"
"gisele.hassey@edu.tbz.ch"|"dDsoS9-hXcAYY-Dl7puo"
"oceanne.booley@edu.tbz.ch"|"zf4cC2-2PvozK-&km9pm"
"oerjan.dibden@edu.tbz.ch"|"$QR7zm-c#N$wS-p9KBnw"
"regine.ocleary@edu.tbz.ch"|"cFG&E0-0#6RGU-@F&40y"
"selene.persse@edu.tbz.ch"|"HoFOuS-FmaIKG-3hXex3"
"helena.adenot@edu.tbz.ch"|"y5rE#p-8XPBfX-hSzG%%"
"maelann.wassung@edu.tbz.ch"|"4IZsC3-cxsPdj-1tPz&%"
"frederique.ackermann@edu.tbz.ch"|"nSY6Xt-0aPCdd-i9P71@"
"audreanne.kahen@edu.tbz.ch"|"IQK1Of-shyc15-8O853j"
"maiwenn.lasty@edu.tbz.ch"|"CMzZE7-kWihix-7KGuO5"
"yu.dictus@edu.tbz.ch"|"dG@o9i-MzbWNd-RDnlyV"
"anae.dukes@edu.tbz.ch"|"osNzKW-Sv&k3k-fyQD0s"
"yenora.warr@edu.tbz.ch"|"dV$%8i-lErtaJ-S&LpAz"
"esbjoern.archibold@edu.tbz.ch"|"GGBppe-@%ldk2-Lcr%mp"
"milena.pardal@edu.tbz.ch"|"l9wuGt-STptoI-z#p&08"
"celestine.graveston@edu.tbz.ch"|"nUtfy0-6Znrch-j4bqau"
"maena.dallas@edu.tbz.ch"|"j1cf&I-GrbTig-Oer#RH"
"andree.tuke@edu.tbz.ch"|"j3Qo43-tp5BQH-F2FEAS"
"methode.seldner@edu.tbz.ch"|"YgqxUY-1ib%UM-fFUeGu"
"venus.bullas@edu.tbz.ch"|"x6zW#s-byQaWX-KwHM8w"
"mans.aguirrezabal@edu.tbz.ch"|"RzAUkc-7Zb$i2-S2j5Bl"
"gaelle.eadington@edu.tbz.ch"|"uzV3GB-1DIhct-rrfTuh"
"anaelle.falkner@edu.tbz.ch"|"J8uW3u-IAxD4f-YTlPQa"
"ophelie.height@edu.tbz.ch"|"G59EBb-7W6CT6-3n@La@"
"marten.bolding@edu.tbz.ch"|"6gTiRM-d6cH%&-CEI8xg"
"pelagie.guswell@edu.tbz.ch"|"RNGeRZ-Kecf8e-7wBtCJ"
"gwenaelle.lecount@edu.tbz.ch"|"hLXdV8-%fyCGr-ZWevpP"
"hakan.laden@edu.tbz.ch"|"KKaVlJ-DNh7ou-KxX3Xz"
"marie-josee.hylands@edu.tbz.ch"|"3FOi3i-DQ0Huc-5NEUU6"
"zoe.kingshott@edu.tbz.ch"|"A9f1QL-cd06aL-qLq4oB"
"josee.janous@edu.tbz.ch"|"#wYlXG-l2J#Y$-HiENUH"
"laurene.gallally@edu.tbz.ch"|"mGtrd2-c@S#Zi-cYXvI7"
"anael.bickle@edu.tbz.ch"|"&EW$v@-q86Fkn-sZ1yPB"
"mediamass.lebbern@edu.tbz.ch"|"5lPvZ6-yZV8OZ-Q28POy"
"berengere.hovy@edu.tbz.ch"|"05z25L-xBp#Kz-bEK3Nf"
"oerjan.kilmurray@edu.tbz.ch"|"L63Rkj-&wbwdq-txd8wC"
"asloeg.venny@edu.tbz.ch"|"KVGbKU-6&Llyb-PW9&De"
"marie-noel.stoad@edu.tbz.ch"|"r&sK4F-9OZu1d-zWXEoy"
"hakan.pettifor@edu.tbz.ch"|"97CGI1-Oxdg7x-hb7#9D"
"maella.willgrass@edu.tbz.ch"|"m3N2JO-dDy3h0-OJybgf"
"therese.ludovici@edu.tbz.ch"|"u8g58X-n0l3qM-mTuppR"
"stephanie.trewhitt@edu.tbz.ch"|"YFWSTF-6hXN9e-Kpqngb"
"maerta.bauduccio@edu.tbz.ch"|"sHoEx2-YHxVHz-Sf0w7l"
"gaetane.glaisner@edu.tbz.ch"|"b3x6Gb-Ic&NwX-snyzhp"
"naeva.pargeter@edu.tbz.ch"|"XcgJ8f-rToQ38-CMTPz6"
"salome.venable@edu.tbz.ch"|"M#KQ&R-%%ljTV-3zO#uw"
"boerje.thickett@edu.tbz.ch"|"36mU4X-IzQBGq-MJr0pP"
"lucrece.prendergrass@edu.tbz.ch"|"eC8wT%-@FEJCn-GMgfEa"
"laurene.ockleshaw@edu.tbz.ch"|"ICTWG$-mw2dbG-MbflIP"
"cecilia.pasticznyk@edu.tbz.ch"|"h8MZfd-AcXEW4-oFDjiP"
"stevina.mackey@edu.tbz.ch"|"FvQyFN-kM1VtD-5n%#ND"
"marie-noel.reven@edu.tbz.ch"|"hVZiJB-eWxFO$-dFNyna"
"melina.quilkin@edu.tbz.ch"|"MoKOnp-XPA4v#-VZWp0K"
"marie-noel.ferrie@edu.tbz.ch"|"jpDDE3-1kBCed-WM&8cf"
"leone.alphege@edu.tbz.ch"|"WHCyHf-YQuT$3-MYMo@A"
"zoe.leverson@edu.tbz.ch"|"vbyt0A-mKQMLD-mD$bQe"
"annotes.grayne@edu.tbz.ch"|"3Yu@L8-CMC7Hd-UNHWm9"
"faites.lalley@edu.tbz.ch"|"#DUjS$-ho4MFn-&O6DBa"
"adele.wallis@edu.tbz.ch"|"&7X8M9-3ljt3c-OQIEw7"
"severine.madill@edu.tbz.ch"|"Xged&R-2fHPru-kD4fl8"
"valerie.tebb@edu.tbz.ch"|"m#2aTt-%1utAa-t@fsDt"
"kalliste.rasper@edu.tbz.ch"|"HIKwXJ-NvSZdV-Saz5S0"
"audreanne.palomba@edu.tbz.ch"|"nF5#jP-%q#10N-pH&e$4"
"elea.adamik@edu.tbz.ch"|"QA&8ks-pxEfof-GYGb1O"
"reserves.jakuszewski@edu.tbz.ch"|"R5gPfM-yKUu20-@w2gSJ"
"athena.belhomme@edu.tbz.ch"|"7GogYv-gk6&#s-2n5J0n"
"rebecca.crippin@edu.tbz.ch"|"As@1E$-MV1DXi-&jH8lY"
"maiwenn.curman@edu.tbz.ch"|"3mY6iP-yB3oWN-vXlrV3"
"andree.bunner@edu.tbz.ch"|"bik9Ed-gQ&APu-oxeOh5"
"ruo.winckles@edu.tbz.ch"|"MZJiXH-u4sZ$K-HLrbq8"
"naeva.buntine@edu.tbz.ch"|"Zb1ZB%-#tGsIJ-T67YKW"
"boerje.dollard@edu.tbz.ch"|"80REJ9-TdQx0j-qjwp8w"
"penelope.gorman@edu.tbz.ch"|"vF8tg0-1GjvHZ-IM$%VN"
"alois.robelin@edu.tbz.ch"|"XXNVQR-tUWh3#-n&Lf$R"
"anaelle.tindle@edu.tbz.ch"|"jqD#CS-MF0HvE-jRGNMQ"
"ye.frears@edu.tbz.ch"|"Zhk%R8-Fyw$JY-DXMGEP"
"andree.ovid@edu.tbz.ch"|"KCy71N-MZyBa4-C$R%OX"
"hakan.peat@edu.tbz.ch"|"NwNR&l-8OdqjN-&eTV6b"
"andre.januszewski@edu.tbz.ch"|"hCgChq-cw$&q8-LWlK@%"
"annotes.clemmett@edu.tbz.ch"|"oG2TN9-$iTbQk-Puybt1"
"pal.lambswood@edu.tbz.ch"|"dDGMst-pnALuF-uw3pn1"
"yao.lenton@edu.tbz.ch"|"ruAZfO-9G@3FU-EElElL"
"hakan.boyton@edu.tbz.ch"|"ZS#6e8-NtDRW$-ZiBx@m"
"nelie.forsey@edu.tbz.ch"|"2wQ1zv-utDnay-9Dirbz"
"hakan.horche@edu.tbz.ch"|"&3t%FH-M%lsUF-VIvDFZ"
"lorene.sinkings@edu.tbz.ch"|"k#g80J-RgPpNl-5Jz9rd"
"marie-therese.creddon@edu.tbz.ch"|"lM&7wR-X7MllV-Q#Y2ta"
"berenice.tolworthy@edu.tbz.ch"|"BuNhAD-6EFHhT-#O1D0&"
"theresa.land@edu.tbz.ch"|"nZFH7k-auLzOv-APSLub"
"marie-therese.gianilli@edu.tbz.ch"|"r1D@#8-o5%PKp-HhOswK"
"meryl.glew@edu.tbz.ch"|"mxCgdo-oCDY1&-7iDc9u"
"adele.debling@edu.tbz.ch"|"MYKqfd-KNezNH-lPyjU#"
"anae.metzke@edu.tbz.ch"|"eHyGoK-eXUitx-pvuI&U"
"gaetane.gooden@edu.tbz.ch"|"%09Hif-FjJtp%-fzlPgd"
"laila.bootland@edu.tbz.ch"|"cEmd0#-BeREC#-$jV5Dj"
"maite.helsdon@edu.tbz.ch"|"1gLwwZ-HRXQKg-GE3PXi"
"andree.malley@edu.tbz.ch"|"#XxgYf-ACK&s@-t%zph5"
"pal.simmens@edu.tbz.ch"|"xmXGqX-CasYjC-JohK@x"
"maelys.nuccitelli@edu.tbz.ch"|"cfmIQ5-68XnZ%-VU8Hpw"
"dafnee.sibary@edu.tbz.ch"|"PWqLBX-YAJ10@-x4JPbK"
"alois.harsnep@edu.tbz.ch"|"qJDBt9-2e7xAg-o34Ghs"
"marie-helene.lacky@edu.tbz.ch"|"1eJkym-WRE#2f-uVPv0S"
"mylene.youthed@edu.tbz.ch"|"y4Grl6-3XzitA-jiTf9g"
"marie-helene.dehmel@edu.tbz.ch"|"@E3H8#-gEh6LB-3HSI1v"
"angele.batman@edu.tbz.ch"|"GrNL%s-Tu$UP8-Ly6B9P"
"melia.younghusband@edu.tbz.ch"|"f3JMAX-xRYUMb-AoCviD"
"eloise.baldi@edu.tbz.ch"|"m1gdqo-0n$ruS-rG9LHI"
"illustree.dun@edu.tbz.ch"|"JIwC&l-gs5JBC-5HYeLP"
"genevieve.late@edu.tbz.ch"|"sAguEM-oiy%fu-17G@3h"
"celestine.colville@edu.tbz.ch"|"rI#c&W-Ud$IYD-$np2g7"
"gwenaelle.scarlon@edu.tbz.ch"|"z#vCnV-@ZZ$J5-dJvvOf"
"regine.boddie@edu.tbz.ch"|"rFf%$b-a43HJG-jAW&CO"
"creez.gaughan@edu.tbz.ch"|"CU6HKF-&OJjp4-0tIY%$"
"gaia.longford@edu.tbz.ch"|"Fmpkqo-ZDt21x-2hE0k0"
"mailis.buckby@edu.tbz.ch"|"R#Y#k$-xmJzNn-k6u1iU"
"song.parbrook@edu.tbz.ch"|"yW3cOs-mqeAxT-230Bi3"
"frederique.heddan@edu.tbz.ch"|"txnlxT-O&QDK$-wCfK2c"
"ake.kirtlan@edu.tbz.ch"|"0@C57E-sgBY8s-DjOXvB"
"nelie.runciman@edu.tbz.ch"|"3W2d1C-RR&9k%-&PwD3&"
"mailis.cardnell@edu.tbz.ch"|"DtTXY$-Y#bNcw-RFhHfp"
"irene.navarro@edu.tbz.ch"|"bvaqd2-C9i6@b-$@kNC8"
"maite.cough@edu.tbz.ch"|"bTYAMD-820KYj-KblKg9"
"anaelle.stocky@edu.tbz.ch"|"AvK%y6-mfW4F4-Q6pQ8p"
"methode.moulder@edu.tbz.ch"|"0x6ne0-4jXnc1-vT&8H9"
"po.stafford@edu.tbz.ch"|"0XZl4Y-yMvkiN-@qE%x@"
"faites.scraggs@edu.tbz.ch"|"Lr0GAn-JqL2sA-AxDgyp"
"adelaide.dullard@edu.tbz.ch"|"PuSpwT-FegHwf-KXeaTC"
"desiree.leonard@edu.tbz.ch"|"jTtP4h-gOy2HS-R#KSn&"
"geraldine.badgers@edu.tbz.ch"|"gO0xt1-ccn3q1-8YJX#2"
"ruo.masic@edu.tbz.ch"|"fjjoZ1-%Uk8Ey-yT9jq6"
"aurelie.lieber@edu.tbz.ch"|"Fjzi%K-8p4c8H-h15PD1"
"naelle.balcock@edu.tbz.ch"|"Rwp0$2-iA&4TM-MsMEkl"
"camelia.elger@edu.tbz.ch"|"Qif5jS-u7HxvN-Wer8Lx"
"publicite.oakeshott@edu.tbz.ch"|"GaETjN-3KhJI%-QZL&AT"
"cleopatre.fawley@edu.tbz.ch"|"bC8dTO-5u2S7b-K%YNJZ"
"laurene.bruckmann@edu.tbz.ch"|"G68Muh-7tBLC5-Mv5jjH"
"rui.haughton@edu.tbz.ch"|"oEjkk%-G2d#Az-g#E@3u"
"asa.ladewig@edu.tbz.ch"|"oTence-&%cR&f-Rj@1bp"
"gisele.janecek@edu.tbz.ch"|"q%HkVw-W@&Tyo-W3oMEw"
"maily.loveridge@edu.tbz.ch"|"lqGqWE-S5QjyZ-lTHGUn"
"marie-eve.yurkiewicz@edu.tbz.ch"|"qTo8NE-XZHOV4-eq&dO8"
"fei.roder@edu.tbz.ch"|"jwAkt7-nh8Kep-Zi#Bne"
"edmee.chatburn@edu.tbz.ch"|"9Fu4Q1-LOAk@1-7tVh6i"
"geraldine.darke@edu.tbz.ch"|"@#sHLg-N85pPj-AtUPo7"
"ye.jira@edu.tbz.ch"|"w0Lvs2-O@2tv7-J2xRPc"
"publicite.persent@edu.tbz.ch"|"qzFe3D-EJ2cz5-b8pj0k"
"severine.wilcox@edu.tbz.ch"|"JSCVMa-ihx%LG-gLChkI"
"yao.mcclaren@edu.tbz.ch"|"NsGbSY-L#UYGK-0pr6qD"
"theresa.foynes@edu.tbz.ch"|"yRgZtu-U26l@Y-Y$BOh5"
"stephanie.isley@edu.tbz.ch"|"3IweF%-hZCZHq-$$cgLg"
"torbjoern.growy@edu.tbz.ch"|"qXo2Oj-97cBQD-MUxL6g"
"eloise.tunnadine@edu.tbz.ch"|"ywIJqI-llXTzP-b786un"
"maeline.cossentine@edu.tbz.ch"|"Xc20uk-RVU1Lt-Zlcwfw"
"nelie.desantos@edu.tbz.ch"|"PNCaGB-KiPuZS-iyVsp9"
"gaetane.axston@edu.tbz.ch"|"UZcQfX-Tg@OI4-ARFA2u"
"aimee.merman@edu.tbz.ch"|"xn@lIY-IjT1ho-t$URak"
"oerjan.drivers@edu.tbz.ch"|"mIifKA-5qI9qW-Tpn9wR"
"aimee.miroy@edu.tbz.ch"|"FTQ$i8-Eun&kF-lnw7pv"
"nelie.glyde@edu.tbz.ch"|"@kLQ8x-WvuCgD-nsaRx0"
"hakan.kapelhof@edu.tbz.ch"|"BYo1mF-4NsYX0-HXxQSW"
"maelyss.cauley@edu.tbz.ch"|"LpXqQG-#fzsMR-AQMqO5"
"elea.vaggs@edu.tbz.ch"|"JfaK3w-PgeEtm-DBewwe"
"maelys.but@edu.tbz.ch"|"alDrgI-jO@yje-k0I608"
"maella.arthurs@edu.tbz.ch"|"#fc@MY-DxR1TF-u@HPHq"
"adele.liebrecht@edu.tbz.ch"|"KlS9Xo-Kg1Bgw-ggznMD"
"meline.lomasny@edu.tbz.ch"|"uHFw#A-w7%ruP-dKDIc6"
"mediamass.schwant@edu.tbz.ch"|"3iA#Wr-Xmq9PA-OZAC6p"
"leone.saunt@edu.tbz.ch"|"vp38Gc-1w$WT%-&CCVQI"
"annotes.gouch@edu.tbz.ch"|"Vv#Y1$-OrD8$O-d$mtRS"
"gaetane.bowich@edu.tbz.ch"|"S8PDtW-Noe1lg-rYyMt1"
"alizee.strelitzki@edu.tbz.ch"|"5Ctngg-U&ZbZD-M&29AT"
"leone.poile@edu.tbz.ch"|"DbkN0U-ufyfxs-9vcdbZ"
"amelie.saban@edu.tbz.ch"|"3AWQwj-RPzdQt-6xHMYD"
"marten.mcmenamin@edu.tbz.ch"|"gGT2F8-RB$MFj-@GWeO4"
"becassine.keets@edu.tbz.ch"|"TaX%h&-UgVjdp-Z3AUYy"
"celine.million@edu.tbz.ch"|"M5Bfez-jA7LV$-2TiMOu"
"geraldine.belitz@edu.tbz.ch"|"KbuLSe-iBSoHF-bJUxDt"
"salome.mardling@edu.tbz.ch"|"ljRWhE-#6ze4a-%DBa&5"
"melia.blakemore@edu.tbz.ch"|"i7KDMt-fWrr86-M20w8H"
"dafnee.mcaulay@edu.tbz.ch"|"Gj9q5l-Jwqnfb-kG$bbg"
"garcon.dennett@edu.tbz.ch"|"zJz7z&-RjaMZH-RJFFmJ"
"interessant.lesor@edu.tbz.ch"|"iKUmYa-5zJR&D-pxxAwh"
"annotee.wasbrough@edu.tbz.ch"|"ziDeP#-CCkLmp-YKk0NA"
"asa.ibbeson@edu.tbz.ch"|"Ds1srm-2kMlRH-mUpt1M"
"maily.kennealy@edu.tbz.ch"|"wqUilY-vcUdb9-9DHnsA"
"ye.seares@edu.tbz.ch"|"EffenB-9Sn3$5-OJLqPv"
"athena.harbron@edu.tbz.ch"|"xF5OEx-6U5nMY-QJ1Cl@"
"andreanne.portail@edu.tbz.ch"|"iNHAOI-L7f$Fp-cRi5I8"
"goeran.zannelli@edu.tbz.ch"|"nHhIpN-iDcbKO-QstaUY"
"gerald.leathlay@edu.tbz.ch"|"MU0z#k-0N$2@i-Zo9n%u"
"andreanne.chown@edu.tbz.ch"|"jLIFw0-Cm5ccA-I8fXAz"
"esteve.clementel@edu.tbz.ch"|"eGZMK6-Igaar0-1GBVvU"
"leone.legan@edu.tbz.ch"|"2hdVXa-4UZn&1-@Ut&F2"
"maena.pownall@edu.tbz.ch"|"@6NNAj-KrHY46-DU2igF"
"andree.rettie@edu.tbz.ch"|"8o9#5n-PjyGg8-4Pb&wX"
"ines.kenwrick@edu.tbz.ch"|"AZ9VNd-nTwzt0-uWeEr@"
"marie-helene.yarnall@edu.tbz.ch"|"uRbRfn-bdpGm@-7nrvw4"
"po.martin@edu.tbz.ch"|"jDsTgB-Rrpw#S-p#3%%$"
"ruo.celiz@edu.tbz.ch"|"u3My57-UHCrHb-dMlKOt"
"po.bissett@edu.tbz.ch"|"65OQIP-S@&mlP-@oLg5&"
"du.swindon@edu.tbz.ch"|"p5Glm$-Qg$&Xg-f%0wKE"
"interessant.gouldthorp@edu.tbz.ch"|"&xebWS-7WiawE-Ouuake"
"leandre.lilburn@edu.tbz.ch"|"y2pjrZ-S253XH-BxeYSJ"
"bjoern.whales@edu.tbz.ch"|"vrgwvk-t1$nD%-eA@2Dl"
"interessant.dieton@edu.tbz.ch"|"LUbCRc-nOEhpv-MgJaUf"
"celestine.redhills@edu.tbz.ch"|"CT0H2C-O8KSC#-Z5h#jH"
"tan.yakovlev@edu.tbz.ch"|"%Lup1j-UaHFg2-BPfpja"
"regine.mcdowell@edu.tbz.ch"|"8PFZQC-mcrC9b-vdSJHl"
"ju.coysh@edu.tbz.ch"|"C9yrOH-dqaYp$-MBGVe&"
"reserves.ofallon@edu.tbz.ch"|"JViD%A-pbn4GH-z1ID%B"
"frederique.sobey@edu.tbz.ch"|"ADUvFB-y701Uw-B$GnwU"
"marie-eve.garstang@edu.tbz.ch"|"UA@aPb-hq2y&Y-6n07h#"
"andre.tapin@edu.tbz.ch"|"atj3@6-vnr7aV-&CSfLk"
"esbjoern.eynon@edu.tbz.ch"|"yJwNDY-n63#0u-$YZmHd"
"maella.duffy@edu.tbz.ch"|"s5eAji-gsicPj-GcU&N&"
"leandre.twinning@edu.tbz.ch"|"YjKTML-Xr7JiX-5kXwSU"
"mai.whittingham@edu.tbz.ch"|"xt#Bi6-KIyL5u-h@FImY"
"rachele.shevelin@edu.tbz.ch"|"1pvIYp-5JAZ1D-CKjWcK"
"cecile.mcure@edu.tbz.ch"|"ub7Zv@-PrRWtl-zXmx3D"
"marie-eve.yurkevich@edu.tbz.ch"|"9HtT3t-c%BmI4-UT#wNQ"
"almerinda.paice@edu.tbz.ch"|"9fCtCY-tmiy5e-MXIu3h"
"rao.howkins@edu.tbz.ch"|"TppRGT-86hmeu-&z3@Za"
"serena.pack@edu.tbz.ch"|"iAwq3F-eeXwjJ-DJa6vX"
"rebecca.mant@edu.tbz.ch"|"HujjsO-O#QJbH-FVS0ru"
"reserves.spitell@edu.tbz.ch"|"18sOAs-llowBG-OaWpU8"
"garcon.hamfleet@edu.tbz.ch"|"AE7Uvx-Kmlfjq-d$fCg@"
"methode.kerkham@edu.tbz.ch"|"Kw&q#A-MhZ4gb-XK3ChE"
"pelagie.camies@edu.tbz.ch"|"jWN30q-nfZSHU-kC25GR"
"josephine.macpharlain@edu.tbz.ch"|"kk4oUr-39KVhw-aTVjmX"
"eugenie.mathet@edu.tbz.ch"|"NMBT4U-yM1nR#-ljzt3j"
"gaetane.brangan@edu.tbz.ch"|"U0Lj91-yRTecG-vVrOh8"
"michele.dewbury@edu.tbz.ch"|"wzKNMj-c7U6Kg-EFHTPc"
"eugenie.elcott@edu.tbz.ch"|"MD5KC6-MIPjqg-CC29cp"
"megane.harniman@edu.tbz.ch"|"2zb58q-##BGZh-c4PNvb"
"agnes.cluney@edu.tbz.ch"|"v$Rb&P-$K&pvh-DayEUX"
"marie-helene.angear@edu.tbz.ch"|"a&Ddv7-ZLeuK8-Gt%Jgd"
"melia.dolphin@edu.tbz.ch"|"mnlIqv-t9Cm18-H7$9JU"
"lois.ruseworth@edu.tbz.ch"|"zs91NF-Oy50@8-3fgTh&"
"mailys.ryding@edu.tbz.ch"|"dc0od7-@#wAA0-TY$WPv"
"rachele.wulfinger@edu.tbz.ch"|"$K#2Sq-PEGqRw-G2UEIn"
"gwenaelle.talton@edu.tbz.ch"|"iJ0jpP-IEnwPM-$TdFg7"
"long.ronchetti@edu.tbz.ch"|"aBEuhC-VdH@dD-L83O&E"
"styrbjoern.kloska@edu.tbz.ch"|"Cw$f51-eHEJ9U-52gOHp"
"len.sudran@edu.tbz.ch"|"jo0TaE-emKkTJ-IdzVwp"
"maelle.andrysek@edu.tbz.ch"|"ycw$uc-A%mzMu-E#rxZw"
"selene.senior@edu.tbz.ch"|"lgwWoY-AASeuD-cpTBvs"
"anais.joskovitch@edu.tbz.ch"|"Qyiws4-vGPe08-hC4Kpz"
"marie-noel.dally@edu.tbz.ch"|"j8zHrb-CPr%O3-BFcjoC"
"marie-helene.laurence@edu.tbz.ch"|"F$DfQs-HyySCv-2SAWtr"
"camelia.foxon@edu.tbz.ch"|"bqY3h@-qF&9zH-F75viN"
"helene.cankett@edu.tbz.ch"|"8tDq53-oRT80g-d0qD0t"
"marten.mitchelson@edu.tbz.ch"|"qMzEXv-U8I9&t-738@N3"
"helena.stirtle@edu.tbz.ch"|"d$OWqH-ZekXjq-BBRAzP"
"leane.barmby@edu.tbz.ch"|"5%Kq09-aP4FLJ-2%g33R"
"goeran.ofinan@edu.tbz.ch"|"4kKNkS-$6fvsX-DIxIl$"
"styrbjoern.proby@edu.tbz.ch"|"Gj&TWZ-YUKIyo-GfstVL"
"zoe.halse@edu.tbz.ch"|"kz$fJV-@tWl$m-7fM40l"
"kui.drable@edu.tbz.ch"|"X7Un53-N%%cSe-Od3ey6"
"desiree.bamford@edu.tbz.ch"|"EO4AOE-ajCxCN-r2t3RW"
"zoe.suller@edu.tbz.ch"|"512#lX-IKWDGN-sxYLOU"
"marylene.audiss@edu.tbz.ch"|"35OxIk-jzka&1-4CnD1Y"
"adelaide.poznanski@edu.tbz.ch"|"Ba1FIp-#F4SNE-9xn$zU"
"maella.coleyshaw@edu.tbz.ch"|"1SlNtn-FUiacE-ggYYEg"
"marie-francoise.gelder@edu.tbz.ch"|"UtKFmb-JikGL$-Q9dz7u"
"eleonore.chaffyn@edu.tbz.ch"|"zNDhX&-xzgVkD-SLzb3K"
"celestine.sikorsky@edu.tbz.ch"|"5a2evW-kVbnAO-8XehD&"
"stevina.londsdale@edu.tbz.ch"|"$qoFF6-%K%4Q5-y2Ie9@"
"maiwenn.nevitt@edu.tbz.ch"|"3fQM04-uzhOT@-Qceik7"
"magdalene.gerrey@edu.tbz.ch"|"zAZEz@-bjsbB&-XApV2O"
"becassine.latimer@edu.tbz.ch"|"GNp$75-D@7CK&-qElGZl"
"da.lethibridge@edu.tbz.ch"|"cY0FX4-ifJ$Er-wH48Ta"
"mailys.claige@edu.tbz.ch"|"2ZtPP3-&1Mmot-5s$tEp"
"maena.torbard@edu.tbz.ch"|"ztoz8b-UMRk9e-@AU@3b"
"solene.lyvon@edu.tbz.ch"|"M#YHcI-5N$UYN-0bMMxh"
"marie-therese.benbrick@edu.tbz.ch"|"IrFmn@-xm7Lm#-d4JxoE"
"gerald.edmonson@edu.tbz.ch"|"IBoHeR-y5bKJ%-kIPZ4C"
"ake.messruther@edu.tbz.ch"|"kJzxw9-jsOhX$-yg6lp1"
"men.gosneye@edu.tbz.ch"|"$%3h5W-#7TWIt-L6a8HD"
"anais.jefferys@edu.tbz.ch"|"Oa#5NJ-nLsAUG-I4MwKH"
"publicite.tregale@edu.tbz.ch"|"13Vevm-gHsZXQ-xyK9nQ"
"maily.santorini@edu.tbz.ch"|"TlNTJZ-RQXr1A-0Nq#6I"
"ines.pioch@edu.tbz.ch"|"KN9nvy-4Cc7VV-JOVh4B"
"noemie.marklew@edu.tbz.ch"|"hM2nf9-pH@T6k-W$u$5X"
"meghane.maccaffrey@edu.tbz.ch"|"lcuDq7-MlpQ3W-lMJuAP"
"berangere.ambrogio@edu.tbz.ch"|"NpkZ5h-0Xr4HW-3f@24m"
"mediamass.ryce@edu.tbz.ch"|"MHGLj%-SeHDTC-8uHcsv"
"oesten.ubank@edu.tbz.ch"|"IROT@u-22iixk-oHEzo@"
"melina.mackee@edu.tbz.ch"|"9tSVtM-I3BMTc-DDjGoV"
"theresa.livezey@edu.tbz.ch"|"3CrF@p-q2k1G&-w8@s54"
"clemence.weal@edu.tbz.ch"|"VPC6la-4C&CYs-3WE5o@"
"faites.overton@edu.tbz.ch"|"iWnTjb-PZxxt5-fQFfhj"
"clea.lindblad@edu.tbz.ch"|"Gu0BrF-H@6Gm#-BCI$ma"
"josephine.roseaman@edu.tbz.ch"|"CZMmIs-yyXZzf-$Z4ND1"
"oesten.lowbridge@edu.tbz.ch"|"L9fu#h-wlzNvn-PSOinS"
"marie-josee.brion@edu.tbz.ch"|"VN2lsO-wPt5pw-Rg0Cgz"
"therese.basili@edu.tbz.ch"|"v0Bhlc-NQ0X44-y2DEXB"
"melia.vertigan@edu.tbz.ch"|"1&mDQ3-x6FSDa-Wjtzvr"
"judicael.saull@edu.tbz.ch"|"I&jU4s-&EY9Xm-Of%RUG"
"selene.valentine@edu.tbz.ch"|"CsWqpd-BtX9aO-58dB6@"
"verane.dunlap@edu.tbz.ch"|"XSyYkw-cs&%Qu-LCDfhw"
"meline.kinnear@edu.tbz.ch"|"501S8X-tVILHl-BKKm#9"
"lei.luttgert@edu.tbz.ch"|"mWgVPx-QR&cr3-dd4fTF"
"styrbjoern.lathleiffure@edu.tbz.ch"|"E3bjdK-h#8DAm-BSV4Bo"
"marlene.blasi@edu.tbz.ch"|"MCUWI1-6T9B0j-Mw7pRZ"
"mai.begwell@edu.tbz.ch"|"q#yQLY-85mQ5K-PjU4cC"
"gwenaelle.kaines@edu.tbz.ch"|"Wps7dO-WcNUHD-0j2LFX"
"gerald.adamthwaite@edu.tbz.ch"|"tsdVyN-XQhGvs-CfDv0Q"
"kui.hartfield@edu.tbz.ch"|"unmbmM-AF8A@r-cKgnIJ"
"salome.currao@edu.tbz.ch"|"MJvnYc-Oluhlg-&u7mkQ"
"angelique.tixier@edu.tbz.ch"|"ZTghp5-hnd3OA-ceS8kS"
"ju.mcgragh@edu.tbz.ch"|"hnsU%S-gZTlW&-W#Paf$"
"dafnee.beachem@edu.tbz.ch"|"GsR7HL-TzBEsE-NBeE&$"
"creez.terlinden@edu.tbz.ch"|"pBdtL2-x1VEnA-VV5Pax"
"uo.mcskeagan@edu.tbz.ch"|"DlIQZJ-gRT&e6-f$n0D3"
"edmee.mccaughren@edu.tbz.ch"|"6RTK%Y-E3XGNh-RLCigZ"
"asloeg.cozby@edu.tbz.ch"|"@tjtAL-Z1xwaP-tr4OOm"
"melodie.traite@edu.tbz.ch"|"ZS5RMV-c3e0DJ-penO1j"
"dorothee.aindriu@edu.tbz.ch"|"#YC8jI-l$l4Wo-hLl51i"
"daniele.doley@edu.tbz.ch"|"cYnRwA-MajPKO-%AY#62"
"mediamass.fairclough@edu.tbz.ch"|"9UIJUH-6i@I2#-4KejyP"
"lorene.rainforth@edu.tbz.ch"|"t$N3v1-y@vPF5-&fIt4t"
"leonore.eyer@edu.tbz.ch"|"Dudh0m-@lO4d3-Bj8C8i"
"po.spillman@edu.tbz.ch"|"p@BdsM-VqKZy5-WmLszp"
"cecilia.plitz@edu.tbz.ch"|"6gxK7o-i%e6l3-WW8SYB"
"lorene.ludlow@edu.tbz.ch"|"J#YUfI-lawNt9-pMOBRJ"
"berangere.neligan@edu.tbz.ch"|"6i$QM9-0f13hZ-N98w0d"
"simplifies.huggan@edu.tbz.ch"|"u6AuZc-rKon#h-PvQO2K"
"clelia.prandy@edu.tbz.ch"|"GyoJdJ-ncP2k8-TW6GY8"
"ake.osban@edu.tbz.ch"|"UVTYik-xWr%%7-I9H&Py"
"cunegonde.brunn@edu.tbz.ch"|"CWfC8d-eRU1xE-p9&tJy"
"long.grizard@edu.tbz.ch"|"ODO1Ll-KBketH-SNjZfg"
"meghane.diss@edu.tbz.ch"|"@fymoJ-SAJ7l&-ZzvWv3"
"therese.oldman@edu.tbz.ch"|"JT1n%V-cSXonr-lypERL"
"boerje.scamerdine@edu.tbz.ch"|"eicv1Y-7rCMIY-XeL#4T"
"du.saban@edu.tbz.ch"|"IS0OAZ-LY1Png-QjW@Pn"
"hakan.clynmans@edu.tbz.ch"|"7xIPNB-p&csjw-XA8Km7"
"wa.macdowal@edu.tbz.ch"|"u%S5oI-0152aj-zW8I&F"
"venus.hatrey@edu.tbz.ch"|"2A#P7G-rqoO63-9CcXGs"
"anaelle.vispo@edu.tbz.ch"|"&eeIJh-9XXJno-VHt4ox"
"mahelie.ollcott@edu.tbz.ch"|"V&#L3c-Mup438-mzj7@1"
"mediamass.whyman@edu.tbz.ch"|"JYnK7W-gBvh@D-euOXOn"
"esbjoern.basson@edu.tbz.ch"|"6OC9Cb-eI1WL0-r80z4K"
"andrea.morrill@edu.tbz.ch"|"NkxTg0-2pXuSs-i0ftSH"
"melys.grassi@edu.tbz.ch"|"&wxqiL-TSq8%F-iwTv6B"
"leone.poleye@edu.tbz.ch"|"gcKael-yAlJQK-fNU@wW"
"francoise.penny@edu.tbz.ch"|"hqGnhy-hrXV%@-uNEZzx"
"rebecca.edney@edu.tbz.ch"|"uczawg-&f7P54-BjpPRu"
"adelaide.murtagh@edu.tbz.ch"|"9FFYZK-SY#w1m-BreYea"
"stevina.winterbourne@edu.tbz.ch"|"$ZYr$I-0bHY6J-kA8ngs"
"ma.cottom@edu.tbz.ch"|"&hiXkQ-DyHkhv-F9Ymr0"
"tan.harold@edu.tbz.ch"|"xM4VyS-z28ljB-H#z6g3"
"venus.forte@edu.tbz.ch"|"Hq4V5i-kKAr@%-GfpE4o"
"almerinda.oluney@edu.tbz.ch"|"SQUYto-uQ2Vfk-ZaYr4W"
"cleopatre.brehault@edu.tbz.ch"|"y&DESK-&2BIc#-9wno4J"
"interessant.lapides@edu.tbz.ch"|"wNXk3Q-FVlBb7-&hzwWa"
"reserves.hallatt@edu.tbz.ch"|"u0KATb-Qy5SCr-GdE$nd"
"annotes.birdwhistle@edu.tbz.ch"|"Ncw2ck-bRoXBM-%U1g$t"
"ai.dredge@edu.tbz.ch"|"nlV0u$-0xqHd8-AGOSuZ"
"megane.mussard@edu.tbz.ch"|"wC6slr-Gx3Lzx-9qb6zP"
"esbjoern.gowrich@edu.tbz.ch"|"LCJv7K-TyN9e7-9rxfSl"
"boerje.brislawn@edu.tbz.ch"|"P2C4uU-#yFQ#J-dRLHWB"
"becassine.wilce@edu.tbz.ch"|"FsKhxS-RVt%6Q-bTMX8n"
"personnalisee.oels@edu.tbz.ch"|"kJDJ9y-#Z0OtT-5JIki3"
"verane.pett@edu.tbz.ch"|"ma&tqh-CWIyp7-07gO@k"
"marylene.glewe@edu.tbz.ch"|"D3W0ka-fXuPC4-E3QXRs"
"lai.elson@edu.tbz.ch"|"6qwsy9-EVKYTS-ySuyd7"
"serena.difranceschi@edu.tbz.ch"|"3UJtzi-2GEJCB-YpoIq2"
"lie.espinel@edu.tbz.ch"|"KDDT1l-D5fLHZ-lBhRWD"
"marylene.fantini@edu.tbz.ch"|"&Mjuu5-tkY2v#-ucZHAL"
"andre.archdeckne@edu.tbz.ch"|"Li67pz-MUTc$x-gbhm7A"
"goeran.bohlingolsen@edu.tbz.ch"|"Ww8joO-FC1lBq-1mgOKT"
"cunegonde.heffer@edu.tbz.ch"|"bb5Evq-WHMlwX-PCKNGC"
"tan.fechnie@edu.tbz.ch"|"97M#Le-AWP#HE-jF3@Sr"
"marie-noel.brammar@edu.tbz.ch"|"EgMTvT-xgkNXT-&aoFvE"
"simplifies.aven@edu.tbz.ch"|"Ag7kDc-t4KMKB-@&ZjRJ"
"melys.pinchen@edu.tbz.ch"|"w1FV4m-qlCvpa-MICwyf"
"edmee.joyner@edu.tbz.ch"|"VFh2QH-owe#sl-Gi%Oa6"
"berengere.edess@edu.tbz.ch"|"8jf3WS-LULvbw-tuD0iG"
"marie-noel.goward@edu.tbz.ch"|"X$%#9c-Gqwk2h-x1tL73"
"ju.edmons@edu.tbz.ch"|"krl&uc-hCr6OE-V$LhOh"
"frederique.airds@edu.tbz.ch"|"utOt07-glHRc&-7TZHx0"
"reserves.dauby@edu.tbz.ch"|"vubVf0-Qt10ur-co&S80"
"hakan.gynni@edu.tbz.ch"|"xdM1&U-JcP66N-qRfE%t"
"leonore.pinwill@edu.tbz.ch"|"UKPK&N-Z@pzN5-KqPD8h"
"marie-eve.mcallan@edu.tbz.ch"|"yu87JT-cGvPj1-$wPn12"
"naelle.yeabsley@edu.tbz.ch"|"N%9HLi-Rf8hWv-QF2eQ@"
"nelie.jacobovitz@edu.tbz.ch"|"S8w2tl-SoBDgp-2dxMx%"
"adele.conelly@edu.tbz.ch"|"Hg4jxo-MjozP#-xcB98a"
"clementine.dondon@edu.tbz.ch"|"MtQ9Jc-AfJzzP-5aAgjH"
"zhi.willcot@edu.tbz.ch"|"8mLYVl-ivYOqE-fnkhE7"
"chloe.janicki@edu.tbz.ch"|"cMNd##-C4aTG2-CVNpbo"
"meng.linde@edu.tbz.ch"|"C5pB9b-Bwj24v-DSH@TC"
"celine.janisson@edu.tbz.ch"|"cbQm&i-jjUWla-&$0POA"
"clelia.crow@edu.tbz.ch"|"eM8Sd5-8eLmNx-NFO8d9"
"cecile.pyott@edu.tbz.ch"|"ZC#6#&-loHCLK-y0Rh5v"
"ma.fidelus@edu.tbz.ch"|"Aa954c-mo7Hn%-VqmIEA"
"marie-helene.poore@edu.tbz.ch"|"jlMfb1-JHZQJu-23yGKk"
"elies.blanket@edu.tbz.ch"|"FZ0zD4-40#ZAE-7FPf1m"
"yu.boyer@edu.tbz.ch"|"@nne&o-8U5DFT-v3O$sV"
"celia.welds@edu.tbz.ch"|"4viDCZ-eDEihT-ftJzAp"
"du.gunney@edu.tbz.ch"|"yMDnhz-d3Bal8-@0SAyh"
"goerel.crush@edu.tbz.ch"|"ynE@y0-dAIoOL-O#uzGt"
"marie-josee.brosius@edu.tbz.ch"|"YJgFKI-XibLgz-sBhRLG"
"camelia.adds@edu.tbz.ch"|"R0bDhc-hucNek-1I$Dds"
"anae.irwin@edu.tbz.ch"|"gC6QGq-hJkVJ0-ifJ1hE"
"cleopatre.skeffington@edu.tbz.ch"|"MQHCjJ-DG9ZRz-CXuLfD"
"gerald.suggate@edu.tbz.ch"|"PJCW&U-x9m9RH-$cbX@6"
"laurene.tailour@edu.tbz.ch"|"dNWN6X-K7U5Cq-$mGS#D"
"amelie.hoble@edu.tbz.ch"|"c%HF&%-A6o#5C-W99vtm"
"venus.getch@edu.tbz.ch"|"BjdnKl-Zq&Ehc-DI177U"
"renee.treby@edu.tbz.ch"|"0Y3yO%-VMw3wB-Qj5#M9"
"almerinda.stait@edu.tbz.ch"|"NYO6#P-ZqFFC4-XFupMa"
"andree.reddecliffe@edu.tbz.ch"|"PVzTsW-twsfDz-Qh61GK"
"leone.wintle@edu.tbz.ch"|"$J3hg#-HnjWXz-F$BmiH"
"gerald.fellow@edu.tbz.ch"|"$HC9be-qw61JR-ts3%8a"
"ju.gudger@edu.tbz.ch"|"#rkYz6-AKd7Wp-uPwdO1"
"meng.ohaire@edu.tbz.ch"|"txWugP-4IuPeF-vEsCwg"
"cleopatre.missington@edu.tbz.ch"|"UxMrsV-ikkfsY-1ZNzD9"
"annotes.debruyn@edu.tbz.ch"|"UrQQTn-h&D8t@-rK4D$Y"
"gerald.sinisbury@edu.tbz.ch"|"b%5rfk-#e7NFU-t5Ru0X"
"creez.slora@edu.tbz.ch"|"5R@A@u-Ol4G6z-bM01XW"
"gisele.benbow@edu.tbz.ch"|"W2PJtr-4$C@Kp-ZHdOmK"
"pal.dossit@edu.tbz.ch"|"g5GIYF-jhsz4i-7#m#tN"
"nelie.stirrip@edu.tbz.ch"|"@67LB9-@$#cRc-9cXLwJ"
"alois.ocrigane@edu.tbz.ch"|"DLGbXH-65NAa1-p9ybV0"
"kui.mcterry@edu.tbz.ch"|"e7x5rZ-DYmEIC-H@OkNQ"
"long.willgoss@edu.tbz.ch"|"JE@DLW-%7iRQO-Sqi&zc"
"francoise.sumpner@edu.tbz.ch"|"TGYbTM-wOD6kr-k3NyrR"
"maely.grinstead@edu.tbz.ch"|"5XPQz&-wYIKYf-zARQg1"
"creez.langeren@edu.tbz.ch"|"Z6aK#K-@%225#-CHamBj"
"adele.dungate@edu.tbz.ch"|"KpDB2V-@nZbQ8-LPcRhf"
"cleopatre.noirel@edu.tbz.ch"|"b4SF5O-0IbZh5-#BY98A"
"interessant.daverin@edu.tbz.ch"|"T79&As-awI1Hy-kCFGFB"
"naeva.kalderon@edu.tbz.ch"|"jqTDVG-%sfL4R-n5nf6K"
"anais.oshesnan@edu.tbz.ch"|"0weHsZ-hGZiEC-eq79@f"
"judicael.anelay@edu.tbz.ch"|"NFw#tW-sfG4b4-UrxLiU"
"eloise.braxton@edu.tbz.ch"|"pw6Dr#-SrMM7d-@wZ%iR"
"desiree.greguol@edu.tbz.ch"|"BMGGyD-lZ41mY-4@OKdd"
"maite.mcclenaghan@edu.tbz.ch"|"Z#eSzO-jfvuf3-zvd6G0"
"meng.doret@edu.tbz.ch"|"xK70o#-@fcroW-fq6W7L"
"frederique.chippendale@edu.tbz.ch"|"nMP3kC-qy$sNi-&SQScT"
"andreanne.lanney@edu.tbz.ch"|"7EEZz1-j#A&7D-0PvJoy"
"aurelie.claus@edu.tbz.ch"|"0V$VEg-HlOyji-DNCG0P"
"renee.pabel@edu.tbz.ch"|"W@6@YS-gdCUmx-Kw@0yb"
"maena.roust@edu.tbz.ch"|"0bZR4O-th8j%P-PS3dGN"
"nadege.carwithim@edu.tbz.ch"|"sTmVNd-TbQZ&1-QNgxnS"
"solene.geyton@edu.tbz.ch"|"24PMJg-lPQPKu-FmbGYy"
"dafnee.avraham@edu.tbz.ch"|"Mx#p8B-XlvU3z-ZAyJLU"
"leane.woolvin@edu.tbz.ch"|"ivmfJc-ns0Kfn-saBnPu"
"adele.macadie@edu.tbz.ch"|"fQAwQZ-tYTmlt-yBl$@6"
"meline.rubica@edu.tbz.ch"|"%bJm7r-RoC$05-s7QiXs"
"marie-noel.speeding@edu.tbz.ch"|"diy8$5-E%qfzn-tw9RBq"
"nelie.mix@edu.tbz.ch"|"O4C4r$-0pSEmx-Suu&5k"
"clea.ollett@edu.tbz.ch"|"KuyTw5-wYR1@9-DMJu9S"
"leandre.mcgavin@edu.tbz.ch"|"P$&kVh-lo9lhx-S5JRqU"
"cecile.behne@edu.tbz.ch"|"SfB$$D-XlXi92-@Uu79T"
"melanie.polle@edu.tbz.ch"|"zyK#sG-rw64Lx-$El5h%"
"marie-josee.titmuss@edu.tbz.ch"|"dsAlw%-#f9dV0-uwof7Z"
"helena.guest@edu.tbz.ch"|"iB4FfQ-P9&%zJ-@f43H7"
"annotes.chicchetto@edu.tbz.ch"|"XTRXLK-PAExHY-U4p8QX"
"melia.tubb@edu.tbz.ch"|"AzL9bs-I@XC3J-bV2gGO"
"angelique.casetti@edu.tbz.ch"|"O$jOS#-Z%0H98-WVoaKJ"
"cunegonde.cleall@edu.tbz.ch"|"J#$pqz-igfIrY-#1M#qx"
"camelia.oaker@edu.tbz.ch"|"toTecp-4sBEst-SY5v47"
"you.searight@edu.tbz.ch"|"8mtliU-PkqZYz-IDkNCi"
"kevina.dederick@edu.tbz.ch"|"TKTh7f-@Cmmdj-B@r2dK"
"milena.jeffrey@edu.tbz.ch"|"axm@y4-EaWF67-XQLhu$"
"melodie.barkshire@edu.tbz.ch"|"rOXeKu-&oTCnE-bt5St5"
"gaelle.kreutzer@edu.tbz.ch"|"HbTpcY-of%6dY-iLimLd"
"kalliste.kleinpeltz@edu.tbz.ch"|"p#da7t-I2xMhF-W1imMI"
"clementine.danat@edu.tbz.ch"|"rRr9VS-gfEIKo-ZcCtkS"
"andrea.wabb@edu.tbz.ch"|"N%s@Pu-4CoM8p-Dh5$hE"
"geraldine.piesold@edu.tbz.ch"|"3XyGdm-jndTMj-moaROE"
"tan.fiveash@edu.tbz.ch"|"vMWzR$-D74X3s-g$A$6%"
"meline.yuranovev@edu.tbz.ch"|"xhh0vQ-C#ldTA-epY94q"
"therese.holme@edu.tbz.ch"|"1@Khd&-yGmu$T-pptPHI"
"salome.vaney@edu.tbz.ch"|"Vhz73U-LGc%VM-#fX8TG"
"anae.abramson@edu.tbz.ch"|"2ZRQhA-P2$uo6-xPu$m7"
"kalliste.jimson@edu.tbz.ch"|"88S5vn-PuMkig-j@cp0#"
"selene.yole@edu.tbz.ch"|"gU18rP-8W0WFd-2INnfj"
"agnes.defraine@edu.tbz.ch"|"qhGg3i-W%Hzy5-S9AUwv"
"faites.mccluin@edu.tbz.ch"|"8@uFyi-E@eq5&-yhZozZ"
"athena.deme@edu.tbz.ch"|"@I3SRz-A1Afgp-r8ug63"
"daphnee.brigstock@edu.tbz.ch"|"5gBqpw-VxKntd-s78TeG"
"goesta.skaif@edu.tbz.ch"|"OuXsaI-3B#CJc-PWwDnd"
"oceane.jagoe@edu.tbz.ch"|"PJY7JQ-T9fJ9J-jd8TMy"
"annotes.broomhall@edu.tbz.ch"|"CiC6bb-%FIqo3-MK%Yfz"
"marie-eve.ballendine@edu.tbz.ch"|"&SWyKF-IGVBsc-JH2mnd"
"melina.spykings@edu.tbz.ch"|"wm3vXy-j7tAbj-q@8Q5B"
"laurene.ticehurst@edu.tbz.ch"|"V7a8Ut-1kct2A-EuD0Dd"
"fei.avramovic@edu.tbz.ch"|"lX6oBY-WpZ%i@-EjIEkz"
"publicite.strathearn@edu.tbz.ch"|"Q0FGvB-UFk4Sw-zp2YOy"
"torbjoern.garrow@edu.tbz.ch"|"q2k#1I-XP#p7S-DAwaND"
"chloe.rubinsztein@edu.tbz.ch"|"AeIab&-YWkB3n-alOBWU"
"mylene.demanche@edu.tbz.ch"|"sqXjme-7jYC&O-7S@4i0"
"mediamass.godlonton@edu.tbz.ch"|"24hpMp-hA8hyN-&IKLoX"
"renee.shurrocks@edu.tbz.ch"|"6fB3Lt-S@iMrk-aOWq9t"
"maiwenn.jedras@edu.tbz.ch"|"Wh7UdZ-WqVgbq-%1TAM5"
"genevieve.castells@edu.tbz.ch"|"cAoprP-CDatv4-2HO&AI"
"renee.sneden@edu.tbz.ch"|"vI@eL&-hkWhky-7txn1%"
"lai.mccallion@edu.tbz.ch"|"Ntd6cx-k%J5Hd-g7q&0y"
"kevina.impleton@edu.tbz.ch"|"c8G@a7-ldqW#G-IBVyis"
"oesten.fresson@edu.tbz.ch"|"V7QnaS-KbXE14-yx%PIM"
"verane.shawley@edu.tbz.ch"|"cGRIwY-BlGwBY-zBJ%jR"
"uo.sjostrom@edu.tbz.ch"|"s4d#z4-tcUltI-SSNEVf"
"gisele.gothup@edu.tbz.ch"|"3&GsTA-#T%Q4n-Qyzo$H"
"renee.beauman@edu.tbz.ch"|"QHzO9J-b1xR87-QQx5p0"
"elies.loton@edu.tbz.ch"|"hgH8lu-nAK7GL-RC5UfQ"
"valerie.elsmore@edu.tbz.ch"|"r6zyrK-fB2jCN-V6Fd1S"
"berangere.delafeld@edu.tbz.ch"|"E8Wy9%-Q9GnhX-49plzz"
"bjoern.schimke@edu.tbz.ch"|"VHO613-0HfdCD-g7h2a9"
"loic.ericssen@edu.tbz.ch"|"jPyL9o-QEdGw@-SamC%i"
"creez.richarz@edu.tbz.ch"|"sGxEpm-@Ay%9p-5%qE8A"
"athena.grocott@edu.tbz.ch"|"MQphCJ-34wt1T-nieF5A"
"naelle.piotr@edu.tbz.ch"|"NL0RqB-nTlYt4-wswNJw"
"maella.paulson@edu.tbz.ch"|"cs7@@D-5CGfoN-2dn@aT"
"song.perot@edu.tbz.ch"|"7E7aqi-byW&zh-aZ2E1f"
"kalliste.heckney@edu.tbz.ch"|"XOQasF-2tBmsR-BaLDIx"
"ake.vasyutkin@edu.tbz.ch"|"n&5VCD-bvSkcA-GE1&xf"
"ma.castles@edu.tbz.ch"|"&vB%D9-BHnWt3-FWk&FT"
"maely.monget@edu.tbz.ch"|"%Nrvzg-kr22jE-MqhbFR"
"tang.durbridge@edu.tbz.ch"|"c#1xSC-ax8dJR-ipD3m@"
"laurene.andrew@edu.tbz.ch"|"r1Fl4v-$Rq3e4-2aKwU1"
"lysea.beacon@edu.tbz.ch"|"UqRQR5-Y@p%G#-wLEzG@"
"leandre.peyntue@edu.tbz.ch"|"2mI8WM-3GmkF6-tE6q5C"
"rao.trever@edu.tbz.ch"|"CqHKZz-6XdA8z-SAZoBV"
"mahelie.streader@edu.tbz.ch"|"Hwan2i-5I@nQj-T@569k"
"maerta.andrejevic@edu.tbz.ch"|"PEj6eh-O@S7U5-iYHBq#"
"goesta.tompkins@edu.tbz.ch"|"mf&SMX-N5$umr-wsVOsP"
"helena.agates@edu.tbz.ch"|"HRlM3%-4pRBEJ-QifXn2"
"therese.glass@edu.tbz.ch"|"1SI73P-X#I5O2-mzUrzY"
"alois.foan@edu.tbz.ch"|"k3Qbxm-uZLWXg-RBr01#"
"becassine.melchior@edu.tbz.ch"|"0u2XzQ-m#VEyJ-mGpmRn"
"cloe.robart@edu.tbz.ch"|"rupcUM-U%7T8m-eZF2Da"
"daniele.puckinghorne@edu.tbz.ch"|"M@7X@#-v9ncBT-3jyCOL"
"selene.cammidge@edu.tbz.ch"|"J2fXJ6-6KBRMH-mFICsX"
"regine.conochie@edu.tbz.ch"|"1udnrU-ZxbA$w-ggYbXJ"
"interessant.tuiller@edu.tbz.ch"|"hy5kie-cTws91-w4z@&h"
"long.tiebe@edu.tbz.ch"|"K2dGxb-MiB%k5-KoUKir"
"mans.yele@edu.tbz.ch"|"NCb8oa-OlB16U-yS6$X8"
"ai.giles@edu.tbz.ch"|"txOF0O-SrY1jY-If9OrH"
"gaetane.hamberston@edu.tbz.ch"|"&Bo#b$-qizEIw-s@QA1j"
"marylene.fenix@edu.tbz.ch"|"aUeK$a-imgYwP-fYd8V@"
"geraldine.graeme@edu.tbz.ch"|"zqHJMp-poD31y-9NWTmg"
"tang.kinglake@edu.tbz.ch"|"%ruaNV-saBV0G-ljQHZZ"
"lai.challoner@edu.tbz.ch"|"CA3z%u-PQ9k8k-uVsq6L"
"desiree.mattei@edu.tbz.ch"|"Tx8pFv-mlpf8V-MrLIaw"
"ake.erley@edu.tbz.ch"|"k8n&mH-PEq0#Z-yqbu1h"
"edmee.cavil@edu.tbz.ch"|"q9Nhq9-WftnAe-nvJbCQ"
"alois.moyes@edu.tbz.ch"|"JC%7Tj-Nackwb-xVI58a"
"becassine.pitman@edu.tbz.ch"|"Xts5#N-Wlu$Db-E7yG&H"
"ai.giacovelli@edu.tbz.ch"|"7PWgLG-XXwjH8-t7gfYF"
"judicael.fruchter@edu.tbz.ch"|"1gBKB3-josbgn-2VFj0e"
"mans.mogg@edu.tbz.ch"|"0Mqc@7-OeoPq3-&4TThg"
"gerald.foyle@edu.tbz.ch"|"4dUhWS-VA$jNI-sWpDnk"
"wa.androletti@edu.tbz.ch"|"bMVxvD-r3m982-irKt9i"
"meng.ollett@edu.tbz.ch"|"DUJ#EU-Qc8yu2-Ou1Y5x"
"naelle.macmenamy@edu.tbz.ch"|"MGlcv#-efjQ$@-u6upVA"
"gisele.mcramsey@edu.tbz.ch"|"O11v8Q-I8RX&U-RZ0WgG"
"meryl.scolts@edu.tbz.ch"|"zUNXH2-j39NA@-jtTRir"
"celia.bloxsome@edu.tbz.ch"|"kiBgnf-2@w2AT-aZdOdd"
"styrbjoern.stuke@edu.tbz.ch"|"eT9PK9-5v0Tmm-TAbRar"
"felicie.gwilliam@edu.tbz.ch"|"1oAJxy-uES&VU-H&6eac"
"da.harms@edu.tbz.ch"|"L5eGzd-Rln%WD-pj&EtB"
"celestine.baulk@edu.tbz.ch"|"5hbxos-s1vew3-Dnqw12"
"mahelie.blackledge@edu.tbz.ch"|"dPa6wD-cjdEa9-&6w0rC"
"meghane.salt@edu.tbz.ch"|"OA4nNC-IF#Zv&-wGGkdA"
"methode.paxeford@edu.tbz.ch"|"2Hpj97-PdQeT%-&H3$sj"
"asloeg.milligan@edu.tbz.ch"|"c07wEF-@I3hjP-Wgb83h"
"you.pellman@edu.tbz.ch"|"XsD4G3-rC4FV@-wlMulW"
"loic.regenhardt@edu.tbz.ch"|"8#jmnL-dO#LqU-IAy&qV"
"daniele.savill@edu.tbz.ch"|"fFdhqL-514Pl3-R6Wdpj"
"alois.cornu@edu.tbz.ch"|"cOxfQy-N#Myfx-qRvGKb"
"oesten.govey@edu.tbz.ch"|"nGkOr@-5wgq7b-kCmWGH"
"marie-eve.louch@edu.tbz.ch"|"gOEL#@-H54qYM-9xc4Ri"
"theresa.wenn@edu.tbz.ch"|"lzB6$F-dj#Xzb-BjBZel"
"andree.eul@edu.tbz.ch"|"%NgyHz-dGldp9-q56e5o"
"lie.paynton@edu.tbz.ch"|"7LoGm6-WIc&8W-bZhzub"
"marie-eve.girodier@edu.tbz.ch"|"5ZFbXO-LSVgbJ-i0UN3y"
"marie-noel.smithe@edu.tbz.ch"|"ak#6jg-I@jXvn-W&BaIV"
"men.bootyman@edu.tbz.ch"|"hRKjA&-BQSgm9-UrLQMk"
"ku.sugg@edu.tbz.ch"|"nNV5DO-9EA2ne-g7AW9v"
"lucrece.roseman@edu.tbz.ch"|"#Z9&Gn-mPF%mf-&OCShV"
"zoe.annear@edu.tbz.ch"|"0UaHNc-XcYmQh-KxK0fH"
"marie-helene.rennebach@edu.tbz.ch"|"lZivdU-h8iA3H-kB0anF"
"lea.djurdjevic@edu.tbz.ch"|"2C8B&&-NG4@lI-rXvziw"
"goerel.robert@edu.tbz.ch"|"1YELve-@AVCp7-%UmUwd"
"mylene.foldes@edu.tbz.ch"|"zbC2l@-Jq8etp-NHLsoA"
"faites.clegg@edu.tbz.ch"|"HRJx2w-2pDD3c-2PRUuP"
"marylene.crowcher@edu.tbz.ch"|"53N4CG-Tyhd5x-i8abQ#"
"aimee.wimpeney@edu.tbz.ch"|"Ohr9L&-qq73t#-yxqJyx"
"renee.atkins@edu.tbz.ch"|"Nouazw-yISwTV-QTO9zd"
"rejane.cainey@edu.tbz.ch"|"K5FnDI-f3NSYm-XYGkbf"
"solene.britney@edu.tbz.ch"|"x9Pl9S-8Yd@fJ-73pH7o"
"marten.shatliffe@edu.tbz.ch"|"ZaXkGC-9LMprk-vC3gRK"
"maite.issatt@edu.tbz.ch"|"5tJncf-DjUHEm-plAzDR"
"maelyss.edon@edu.tbz.ch"|"AbaF@$-he%&CT-8zvJQn"
"nuo.bamling@edu.tbz.ch"|"jI0mFM-yJw51k-3j#K&c"
"anais.edards@edu.tbz.ch"|"gKZAtx-xnGvS2-5l@Qc0"
"mediamass.bromet@edu.tbz.ch"|"MCmXey-gMU63X-@KhM8c"
"beatrice.kimbrey@edu.tbz.ch"|"Eehmnu-$Fjalt-4usO0A"
"ines.lawranson@edu.tbz.ch"|"TV3Atb-Mrx1&j-oAm7e%"
"kalliste.scandroot@edu.tbz.ch"|"@pXmoP-ubl6tV-dJGvEB"
"mans.barrowcliffe@edu.tbz.ch"|"2eUU@f-ZERDxD-K&&1#6"
"irene.couves@edu.tbz.ch"|"UKYi%t-y#5ocD-Lqxsr$"
"milena.mucci@edu.tbz.ch"|"BEpR0%-UfFWZe-QLpUmk"
"naeva.cow@edu.tbz.ch"|"YJPksN-W3X&sI-4JnsKB"
"audreanne.mournian@edu.tbz.ch"|"rPmZpv-ns2d3v-$0c9XM"
"melia.sinnatt@edu.tbz.ch"|"Gek2T0-e6gZRs-z@K78&"
"nelie.burnard@edu.tbz.ch"|"otc1q4-ipxgFi-$@uhI3"
"clelia.ashfull@edu.tbz.ch"|"LnACxr-2DmiGg-J3FnRc"
"lie.macard@edu.tbz.ch"|"LOTp&I-SYywXz-uJ1UBv"
"valerie.matoshin@edu.tbz.ch"|"&wi7@w-gExb&o-judvh3"
"anael.hatherleigh@edu.tbz.ch"|"c#Doo&-%I49qM-Q%oK37"
"interessant.warratt@edu.tbz.ch"|"aY8Bjg-rPOHEC-$MC#7@"
"eleonore.volage@edu.tbz.ch"|"nE6xky-zvBNf3-1yTFTQ"
"zoe.stebbing@edu.tbz.ch"|"3770YF-Ba@qgq-Q$1qtx"
"alizee.nye@edu.tbz.ch"|"dz2LiK-#&YSqy-DOD6at"
"celestine.bramley@edu.tbz.ch"|"7izuBn-JE0B86-ncrv2T"
"selene.philcott@edu.tbz.ch"|"F&Kd1$-5@ve9m-4INcye"
"tang.newens@edu.tbz.ch"|"N1A3i4-cH7WxT-mQi1rH"
"annotes.powys@edu.tbz.ch"|"ReOX%H-##IWNn-&15PUU"
"lea.matthesius@edu.tbz.ch"|"hDXQOs-hF6htB-l49HmF"
"illustree.garlett@edu.tbz.ch"|"91lqms-7#rBW9-cLZtn%"
"maiwenn.meachem@edu.tbz.ch"|"f9Geuf-TmnD5K-Ed7W2q"
"marie-francoise.mcbrady@edu.tbz.ch"|"OR93kv-gUtith-TWL390"
"illustree.gimbart@edu.tbz.ch"|"@RLAkj-k#2844-aXgH3t"
"melys.lyosik@edu.tbz.ch"|"fBwwkS-dTFdTb-bX$nXx"
"marylene.mcnab@edu.tbz.ch"|"@PvKan-GAB%4y-E0PMOR"
"gerald.blount@edu.tbz.ch"|"c9NeLo-LFQUiv-tJ4&$A"
"clelia.shakelade@edu.tbz.ch"|"CB3bsy-nc$fNa-tDYeLx"
"penelope.cridlin@edu.tbz.ch"|"nDTGAM-ZbCf&6-At#oML"
"maena.okuddyhy@edu.tbz.ch"|"VFkmOm-i$g7W1-hU9puE"
"athena.keynd@edu.tbz.ch"|"spLkDn-1XT8RN-82%iO7"
"cloe.dwine@edu.tbz.ch"|"DQksTR-yw4K@I-PzJeum"
"josephine.browett@edu.tbz.ch"|"z@C7Uy-pCUojK-XC7PbD"
"audreanne.oscanlon@edu.tbz.ch"|"aJPy6K-BZx497-UU@l$S"
"fei.jeanequin@edu.tbz.ch"|"aMb9t$-KfJFTF-bqzIqY"
"lois.gormally@edu.tbz.ch"|"4f@P1u-zCy0QU-Q$8q2K"
"marie-francoise.finnigan@edu.tbz.ch"|"4KqiNs-F2pPWF-MN8Sfx"
"leonore.trussman@edu.tbz.ch"|"rHL3Pi-FPpha#-zmp5IT"
"anaelle.trumper@edu.tbz.ch"|"G34E#e-MFyaNx-V#yjeN"
"clemence.dionis@edu.tbz.ch"|"0YxHwu-4xjY8i-87&05D"
"lois.tranmer@edu.tbz.ch"|"mbSnid-m9YeG5-Ityabr"
"interessant.volett@edu.tbz.ch"|"DQFPNa-icwh9I-016smX"
"personnalisee.deackes@edu.tbz.ch"|"m#2m%#-AgoJ#l-QuIiO5"
"lie.vasiliu@edu.tbz.ch"|"NEh2Kw-5uOCyR-Ld8cyd"
"dafnee.lamputt@edu.tbz.ch"|"KL$h@K-OI3d#t-pOoXHh"
"elies.bromige@edu.tbz.ch"|"yz8DLU-AzLtdC-RYcF4R"
"helena.klosser@edu.tbz.ch"|"q&NpBG-Zu6sTl-IP69Rv"
"andree.grim@edu.tbz.ch"|"@3n@XR-lBOK9s-maDAQk"
"verane.coldbath@edu.tbz.ch"|"k8rEYj-TN3Rdo-m03Lvn"
"helena.bethell@edu.tbz.ch"|"&AMQII-$aAS&z-gjlEn9"
"kalliste.carefull@edu.tbz.ch"|"zec#3t-&fKcT8-Xb0ho$"
"regine.odams@edu.tbz.ch"|"sRUGrn-9tiSGf-dlkok@"
"len.stannus@edu.tbz.ch"|"nw2HPa-gd##Jg-CNRHdg"
"angelique.works@edu.tbz.ch"|"hhe@X7-cpCJ3e-aYWlGd"
"goesta.rheaume@edu.tbz.ch"|"bW78Cg-uG@O&n-esrxql"
"maelys.tynnan@edu.tbz.ch"|"NAiArS-T4oGhB-HGWC&o"
"maelle.carlesi@edu.tbz.ch"|"qDkCPb-FDEUqo-O77hYv"
"anael.spurden@edu.tbz.ch"|"2@G&7g-BpgC1X-jn36mk"
"helene.pumfrett@edu.tbz.ch"|"kw1%4M-QcF2Bh-uY99EV"
"goerel.pearn@edu.tbz.ch"|"p2gxZP-%pDmZj-ms4JF@"
"laurelie.dezamora@edu.tbz.ch"|"JL40zq-YO8sp2-li6Rm3"
"yao.twidale@edu.tbz.ch"|"V1Pg@0-58jyGH-P6GW2d"
"berengere.sola@edu.tbz.ch"|"kQQ%8P-wkg5ow-9Inz7v"
"maelann.hardistry@edu.tbz.ch"|"OcSVqj-wBKzWA-K$AHM1"
"severine.littlefield@edu.tbz.ch"|"HioX6G-q4DR$$-TfF1Sn"
"salome.heinl@edu.tbz.ch"|"RG@cGC-kegxtU-wIEsIs"
"meryl.warbey@edu.tbz.ch"|"ebZBoA-HokyA7-ImR&8y"
"da.hunstone@edu.tbz.ch"|"7aJJ5s-dUaBzn-wMu99L"
"venus.broadbury@edu.tbz.ch"|"#yLry4-Ic5z$M-rsq5TW"
"meghane.rentelll@edu.tbz.ch"|"k$jqXa-nkDQyl-BJmYYo"
"marylene.drewitt@edu.tbz.ch"|"2YS5Qb-RyF#fo-%XvS3w"
"melinda.jacquemet@edu.tbz.ch"|"mt0WHh-oZUX8F-JYJ7WS"
"marie-josee.keyden@edu.tbz.ch"|"oLSF2L-eUY661-pGgekK"
"asloeg.montacute@edu.tbz.ch"|"tiJ8q7-PKfLag-nt4#6n"
"ku.andreou@edu.tbz.ch"|"ONB1FV-2kT#2T-PX@RBW"
"personnalisee.feaveer@edu.tbz.ch"|"rYtok7-dwcRkx-hQq4%U"
"laila.emptage@edu.tbz.ch"|"QHcJ$T-V&oNO1-Vdnh#g"
"bjoern.dawdry@edu.tbz.ch"|"g7MRre-GyCbeS-9VZC6h"
"marie-eve.dinsell@edu.tbz.ch"|"&WdGE3-kdEGiu-#4KA#4"
"helene.follett@edu.tbz.ch"|"WpI06c-mw64zo-S3ZpaS"
"penelope.cordero@edu.tbz.ch"|"l&Flr9-A&7Pe&-GaB4wl"
"boerje.beedell@edu.tbz.ch"|"cWbhB%-q9LfiG-Bm1Nx$"
"nelie.ferne@edu.tbz.ch"|"&U3A1x-yzwU@u-Ynl2v4"
"celine.ahmed@edu.tbz.ch"|"CFpW0q-#9ESV#-XVCOWn"
"stevina.pimblett@edu.tbz.ch"|"gVo%4q-XSx$nZ-uU2wQ2"
"chloe.langlands@edu.tbz.ch"|"YejPDI-lHltuJ-mD3Bbo"
"simplifies.maude@edu.tbz.ch"|"dpLXho-CltHzu-rjr0l&"
"genevieve.decarteret@edu.tbz.ch"|"#LvWXk-eiKnxF-b1prlE"
"marylene.mughal@edu.tbz.ch"|"ZAdfhn-sBsX5j-J9H2PN"
"goeran.guttridge@edu.tbz.ch"|"Li$Qbf-9zKxmi-rC54hA"
"michele.smurfitt@edu.tbz.ch"|"OhZPhu-qdv5pl-Nx9pjC"
"methode.hadeke@edu.tbz.ch"|"FDDI$@-$&$16r-HRpr@1"
"therese.rispine@edu.tbz.ch"|"v52sAi-7w@IKS-kZbup9"
"goerel.plumley@edu.tbz.ch"|"CR1jxm-Hw$4C$-ACqJJU"
"oceane.friett@edu.tbz.ch"|"LbxQVV-Uj4G1c-qW%BB0"
"marie-noel.achromov@edu.tbz.ch"|"0VOxhA-g3A6aL-9hzwrr"
"dorothee.storek@edu.tbz.ch"|"gvNl4a-YV$P2H-jtenBu"
"goesta.whittle@edu.tbz.ch"|"uPKb#Y-tc3vlE-Re1xIb"
"desiree.casely@edu.tbz.ch"|"bHwqvh-QZJaRX-a6vZp&"
"felicie.condon@edu.tbz.ch"|"ODLo$G-h3kw%B-uuIy5A"
"maelyss.frisdick@edu.tbz.ch"|"xPxoD6-YGRCrJ-VimHMr"
"aimee.banke@edu.tbz.ch"|"LJr&L6-YMYFNG-W@c7Uh"
"naeva.hodcroft@edu.tbz.ch"|"riS$xi-ejySPq-K7u@by"
"laila.gerrans@edu.tbz.ch"|"%ZvuFW-hiA@b7-@B0aQF"
"daniele.scrimshire@edu.tbz.ch"|"f3Xgcs-n8AIk9-oo6q4z"
"daphnee.sheerin@edu.tbz.ch"|"jnvowx-Y4pmcs-TYwvRI"
"pal.vanyukov@edu.tbz.ch"|"U#bQl&-RmoL#0-5T$DVf"
"zoe.childs@edu.tbz.ch"|"R3imtl-kXKBvG-&41#ES"
"ai.corde@edu.tbz.ch"|"lcUJX%-vG#RT4-cQP4l7"
"maelys.berryann@edu.tbz.ch"|"XK8UJC-m3s##M-B$t9NO"
"cloe.gladding@edu.tbz.ch"|"nA17zC-%2oAKS-PXMTi2"
"wa.kinnaird@edu.tbz.ch"|"AC6jZK-ZQo$3m-%W6cn&"
"publicite.brittoner@edu.tbz.ch"|"Np0WDY-H2fX2C-n0EDUc"
"rao.windress@edu.tbz.ch"|"b@9sHI-SzE9h4-%YtW97"
"uo.kollach@edu.tbz.ch"|"tSZBCi-T0Odt7-lFN6so"
"josee.peskett@edu.tbz.ch"|"qkSsvt-$YUmJY-iFV1&Q"
"annotee.hasel@edu.tbz.ch"|"lM8sE8-MgGNZD-$UGGQA"
"cinema.lee@edu.tbz.ch"|"poZatF-YksbqA-@kH2lV"
"lai.vedeshkin@edu.tbz.ch"|"Y$$tZs-aF#mQe-&LoJ&L"
"renee.brisbane@edu.tbz.ch"|"y4fqYu-fjlXY5-C#%$Am"
"ophelie.blincoe@edu.tbz.ch"|"%f8LIO-AXhy2D-vNIjW6"
"zhi.prazor@edu.tbz.ch"|"sP0aXk-aj5e5P-lR3$iR"
"annotee.maddicks@edu.tbz.ch"|"erowJU-njtltT-eIt4P9"
"maelyss.codd@edu.tbz.ch"|"@WMweu-ZJumIu-bIixFk"
"celia.peplay@edu.tbz.ch"|"Kj$WW1-UfTIQw-q2@GAl"
"interessant.skone@edu.tbz.ch"|"E8#%W@-fjO492-0@uwIo"
"audreanne.hebdon@edu.tbz.ch"|"pIII3&-LZRbME-81MWKr"
"oceane.glen@edu.tbz.ch"|"3A31J@-uf2@mD-gYBGnt"
"daniele.vanyushkin@edu.tbz.ch"|"tgh&ZB-&Fs56L-kbA40g"
"daphnee.ayce@edu.tbz.ch"|"m8&L6e-cpY4#u-5rpsZq"
"andrea.attride@edu.tbz.ch"|"lV4Bm&-$D5R1D-x0qDZm"
"penelope.bridgwood@edu.tbz.ch"|"I9nBpU-ZzSDW7-sQP@tR"
"mailis.drewitt@edu.tbz.ch"|"Do@Bhg-ngZrb5-tM&7K1"
"penelope.mollene@edu.tbz.ch"|"IbiZJN-uhAFS1-JwHxV#"
"illustree.keely@edu.tbz.ch"|"1&uCwF-dbere1-20s&xE"
"meng.brisseau@edu.tbz.ch"|"pMocT2-5a87Hb-%MSqjf"
"ruo.cleiment@edu.tbz.ch"|"AqythC-a4bwCp-Z15uRA"
"maite.krammer@edu.tbz.ch"|"zk0Fcd-zKV@r1-ISLJtQ"
"genevieve.verry@edu.tbz.ch"|"S%e3iY-U1mz$7-%zGRS8"
"lea.olochan@edu.tbz.ch"|"@xLWqc-SejZfD-d9MObl"
"naelle.brunnen@edu.tbz.ch"|"Afzzfc-k9uBr1-l$ySv0"
"goesta.bragginton@edu.tbz.ch"|"G24L&c-7swDdU-5VjO8S"
"fei.danilyuk@edu.tbz.ch"|"JzMGsP-qV6W7Z-A98@1B"
"adelie.turbitt@edu.tbz.ch"|"Hio$g2-JWdW6&-bsEDy$"
"marylene.nutman@edu.tbz.ch"|"Pl#c&Y-YYFzQv-$4Wpar"
"therese.barbrick@edu.tbz.ch"|"D0TSKg-IH8gOT-YNxMJQ"
"melys.kolodziej@edu.tbz.ch"|"9SeeW&-Si9Mz6-netfkP"
"melanie.runchman@edu.tbz.ch"|"iitDY6-Wr5xvS-xpu3ee"
"serena.lafond@edu.tbz.ch"|"36#2&l-ZufJdh-b%1TEZ"
"pelagie.desmond@edu.tbz.ch"|"B4xpaJ-iArgyH-YWtGer"
"wa.spickett@edu.tbz.ch"|"6nzqIy-tcOc@A-9YhDDd"
"po.shave@edu.tbz.ch"|"IEpMKe-&cMVT7-U4Skx%"
"song.huikerby@edu.tbz.ch"|"8$RncY-HFUGNS-4uEbo1"
"melinda.bimson@edu.tbz.ch"|"zjyq#x-03GCsr-KJLWdw"
"personnalisee.toffanelli@edu.tbz.ch"|"0NdxKa-x1Q5ii-d6CsQ2"
"leandre.hurn@edu.tbz.ch"|"QC222Y-AKOgA6-rtYvV3"
"oesten.standell@edu.tbz.ch"|"AkYWa3-XCfWEj-Nbmp5s"
"naelle.smaleman@edu.tbz.ch"|"81nABu-5MhTHe-k2c14j"
"berenice.tayt@edu.tbz.ch"|"&yHyc4-3oeT8v-qPKJcY"
"kui.popplewell@edu.tbz.ch"|"H9QKuJ-j%ebZw-K4l70v"
"melodie.ferandez@edu.tbz.ch"|"vN$cc#-Z%I&lT-AWP&xa"
"josee.negal@edu.tbz.ch"|"ktT0B1-JaqFns-NiZ0U4"
"melissandre.ferrelli@edu.tbz.ch"|"@Zxs5M-xwokkO-j7mo0i"
"josephine.kemmer@edu.tbz.ch"|"1Cyixe-cFN#$0-ErZJ#0"
"maely.cayette@edu.tbz.ch"|"8aRJ1l-PQa8iL-3$bgre"
"nelie.vela@edu.tbz.ch"|"MM4Nk3-sL0vB5-%ftUBG"
"melina.cortes@edu.tbz.ch"|"2JGXkx-b1wJXU-d0#ZIJ"
"megane.leyshon@edu.tbz.ch"|"hYKfje-Z6y&FO-rHZNHB"
"regine.harrie@edu.tbz.ch"|"$FLfgw-TSL5L9-4ncadb"
"mylene.widdison@edu.tbz.ch"|"qikkBx-r0NoUr-gnZGMB"
"pelagie.vivash@edu.tbz.ch"|"Z47ff%-cLUe5z-m$YXmw"
"styrbjoern.vicarey@edu.tbz.ch"|"90Zfq7-#UlpYx-v913PR"
"long.kyles@edu.tbz.ch"|"Oh%gpC-HEBA2t-1WCKrd"
"stephanie.gipps@edu.tbz.ch"|"61TIRR-$K0tW#-keevJz"
"clea.constantine@edu.tbz.ch"|"QiHYB9-AqQ59J-GuNfkv"
"maella.cometto@edu.tbz.ch"|"tMNAZO-VY3Gck-35TWeU"
"laila.aubrun@edu.tbz.ch"|"E6w$Hl-IG2&%8-HxpXM4"
"yao.austins@edu.tbz.ch"|"lumALR-lyCpMm-49&OsH"
"mailys.rylstone@edu.tbz.ch"|"L&rf8X-#RSVwI-RMKKmT"
"adelie.curuclis@edu.tbz.ch"|"bjGSxR-aMY$id-6nQUmS"
"celine.longhurst@edu.tbz.ch"|"@Lo$@O-YrgSXx-ROKOIB"
"gisele.hazell@edu.tbz.ch"|"G74tzp-PPWjj%-A0OxN#"
"celestine.ciccone@edu.tbz.ch"|"QVzJKO-ja8lDa-yrDrcW"
"maelyss.doole@edu.tbz.ch"|"pRsXnN-T3gWBD-ll8Kjg"
"helene.grimsdike@edu.tbz.ch"|"$jw25n-mKasf3-hy8o#4"
"lie.macer@edu.tbz.ch"|"Asarr2-@2IRBf-MSOh8C"
"maely.izard@edu.tbz.ch"|"NMGK&L-0Q9ee7-TgDe2R"
"erwei.breewood@edu.tbz.ch"|"SB5j4M-HbV68J-H7S4Wc"
"chloe.woolford@edu.tbz.ch"|"vwYhVU-V&ubl5-s0GhkC"
"cleopatre.turpin@edu.tbz.ch"|"KXZgPm-g%$#S9-woVCgo"
"melodie.surgison@edu.tbz.ch"|"et%4Rj-RO#mC4-fcXv0S"
"elies.leander@edu.tbz.ch"|"N62Hsm-#giHj$-vmuYWz"
"mediamass.reignould@edu.tbz.ch"|"$6O9ZL-u#kQke-MJBLog"
"celestine.wasmuth@edu.tbz.ch"|"3IQSpB-bsYnxD-ZKau$x"
"marten.jervis@edu.tbz.ch"|"Av8k$Q-Jp2xSA-dAvRVh"
"daphnee.bour@edu.tbz.ch"|"3s4q2%-jgN3Jh-0gQvxA"
"regine.harlett@edu.tbz.ch"|"#hlas9-0gRmbw-3mkdVI"
"noemie.macaskie@edu.tbz.ch"|"B9VV#l-z$8J4@-hpePe3"
"loic.renfield@edu.tbz.ch"|"QGAfu2-VhHbIx-RKUFqq"
"venus.kleinert@edu.tbz.ch"|"aMwiOI-HZJq$o-pBAWVy"
"marten.burlay@edu.tbz.ch"|"KG236x-MYRywW-q@uP$N"
"berengere.radsdale@edu.tbz.ch"|"WL&2PP-cVhE2b-cw8%pO"
"genevieve.duckit@edu.tbz.ch"|"P7pnO@-59myMs-JJgi&4"
"maely.ligerton@edu.tbz.ch"|"4v#cKx-VXN6pW-J@XsYf"
"maeline.ricciardelli@edu.tbz.ch"|"8FF2uT-1jEytI-DUnlg5"
"personnalisee.yggo@edu.tbz.ch"|"QYMCfI-d&Tuzb-3rhYuz"
"alizee.pettinger@edu.tbz.ch"|"$mJ8pL-FNvsF%-BgkJ$M"
"desiree.curnnokk@edu.tbz.ch"|"SudPAo-r8FWwA-tNqJ12"
"dorothee.minors@edu.tbz.ch"|"3mswrK-HtpGth-lbvvwu"
"oceanne.kopmann@edu.tbz.ch"|"subkK2-lmT5tr-HUVud8"
"almerinda.brodbin@edu.tbz.ch"|"ysnDh%-uOS6#l-RBZ94#"
"yenora.carsberg@edu.tbz.ch"|"7Oj2Q#-Glcxpx-PM6D3B"
"wa.beetles@edu.tbz.ch"|"Kxfdin-Sksdtn-n8PQu8"
"audreanne.abbot@edu.tbz.ch"|"Q@Dm7Y-nkg7ux-XY%P&E"
"noemie.capper@edu.tbz.ch"|"PMx3M#-x7EmgG-6SNiWZ"
"mans.abramamov@edu.tbz.ch"|"k27PmZ-pyLqph-30wsDG"
"audreanne.blakey@edu.tbz.ch"|"XKQRii-y6r&KJ-As2T&T"
"leone.klimpke@edu.tbz.ch"|"1B8Ng6-EAHHan-zPDUQ3"
"lie.croston@edu.tbz.ch"|"Q&4%xM-Lk6pHg-W@tnSO"
"anaelle.baistow@edu.tbz.ch"|"FsamZU-HHQlgJ-2uVaC%"
"michele.garwood@edu.tbz.ch"|"bOfvJ5-NehDZO-32R%nb"
"interessant.albion@edu.tbz.ch"|"c0Hk3Y-1VV8@K-2nDZcF"
"andre.brisco@edu.tbz.ch"|"f$Io9Z-cQWEhA-r$BSl1"
"tang.totterdill@edu.tbz.ch"|"5k6zx4-0ygctg-Rs$K7p"
"marie-josee.braundt@edu.tbz.ch"|"CuBH6N-xl$tLM-ZZ#MAb"
"lois.galer@edu.tbz.ch"|"ctj$02-sM78ZP-@6c4bU"
"faites.pellamonuten@edu.tbz.ch"|"BH02Nj-fLrwk@-QMWyp0"
"mai.barfford@edu.tbz.ch"|"657IUK-ZL7nmP-#qLOad"
"laurene.macilory@edu.tbz.ch"|"Dpv@u&-ttkhrk-K#IOxb"
"elea.peak@edu.tbz.ch"|"J9yiUr-XviF3e-&bt7xS"
"rejane.doni@edu.tbz.ch"|"nwICe#-rtGUZ0-oUqhG%"
"mahelie.ector@edu.tbz.ch"|"vFM8Si-$3IYnK-uh2VwT"
"rachele.allum@edu.tbz.ch"|"hS76nb-bvypdt-1DAWFJ"
"laila.gerretsen@edu.tbz.ch"|"nT17u#-OaLWOk-mxxhLJ"
"ines.bowman@edu.tbz.ch"|"R1kr1t-kvK4UK-lJ4@PN"
"publicite.barbary@edu.tbz.ch"|"OXsf@I-03nClF-teVqrB"
"mailys.smooth@edu.tbz.ch"|"lET&yj-wwJsc0-VDmOJO"
"mailis.huguenet@edu.tbz.ch"|"Euvx7C-znp%py-0ooiuA"
"lea.ewer@edu.tbz.ch"|"@IkFtE-8gFcc3-9FEb$$"
