"email"|"password"
"melodie.vandervlies@edu.tbz.ch"|"FWuYZJ-OS0z&D-gfqYEZ"
"angele.edgecumbe@edu.tbz.ch"|"m1ffec-Dp%FeF-K0H4Df"
"zhi.andreasson@edu.tbz.ch"|"0Qri1D-Nk7x8R-oh#t5v"
"judicael.koppeck@edu.tbz.ch"|"R%sAcf-8Imlb1-P#IOgE"
"berengere.capron@edu.tbz.ch"|"zKTqNS-cKGVcz-lRCqN6"
"leonie.brosini@edu.tbz.ch"|"&gdkK$-a8bt60-wLTsC$"
"venus.garfit@edu.tbz.ch"|"JSNRjc-4qqZ#a-FF@Ziu"
"melina.janota@edu.tbz.ch"|"qt%0Cc-FFdJC0-yDf@oy"
"laurene.bake@edu.tbz.ch"|"pZRHxa-APKL3o-41C%jk"
"regine.dorkins@edu.tbz.ch"|"GI4dZL-N4Zp@0-m67prA"
"cecile.moffet@edu.tbz.ch"|"Ft7&t#-Bl7BL9-@j4Lvk"
"maelann.labrone@edu.tbz.ch"|"an$w9W-eEED#b-AzjrDj"
"melinda.newbold@edu.tbz.ch"|"9YR4$&-kZpgpl-KTTKY9"
"mans.itzhak@edu.tbz.ch"|"7bu0MM-4FkOuD-BV#TGe"
"melodie.pattlel@edu.tbz.ch"|"OZQl3z-2LW%32-eJ8ivF"
"celine.bonett@edu.tbz.ch"|"4sV7&d-SHwTDy-wR50AG"
"adelie.mcgreal@edu.tbz.ch"|"afpk4O-cbC887-DWlNK9"
"helene.soldan@edu.tbz.ch"|"2xUDxm-4lhBLK-7sU6nN"
"michele.cluer@edu.tbz.ch"|"aeTMNd-l0a2D$-HVxDix"
"maeline.mueller@edu.tbz.ch"|"g#n4vT-j1Js8h-q5HfQ4"
"maelann.benedito@edu.tbz.ch"|"VWV$1t-AP7zVh-ILtMmH"
"nuo.gransden@edu.tbz.ch"|"@mk87S-yRcc&V-MabSjU"
"berengere.stainton@edu.tbz.ch"|"HQXuVM-uCpf42-fP9Ury"
"wa.sabater@edu.tbz.ch"|"R9iq$D-K$6xff-Yug#mt"
"anais.cochran@edu.tbz.ch"|"56YUCI-ZthQyl-MTEuim"
"gerald.bessant@edu.tbz.ch"|"tFIhhw-KzETuL-jfm42W"
"ruo.coffin@edu.tbz.ch"|"SkWHDP-0@q4yq-NsRmEj"
"melodie.mustill@edu.tbz.ch"|"X3KCTO-pfzEST-jFKQze"
"ruo.stanesby@edu.tbz.ch"|"NLIW9p-YwxM8Q-jKi3UB"
"noemie.antognelli@edu.tbz.ch"|"v5krFi-8DSWP%-XkYk5b"
"maelann.hughson@edu.tbz.ch"|"3mU8PX-@@rork-HvflUB"
"milena.mieville@edu.tbz.ch"|"czTBv7-eKC9Le-joUssL"
"mailys.chamberlin@edu.tbz.ch"|"m3Ic$2-wetj0G-oRY$8m"
"nadege.tomalin@edu.tbz.ch"|"4kBrvK-d$eYxY-$xwtNn"
"oceane.omara@edu.tbz.ch"|"5YF1K#-NxWr1H-N0j1VB"
"cecile.aguirrezabala@edu.tbz.ch"|"x%UWfw-VTHHoF-HPVyar"
"maella.gwillim@edu.tbz.ch"|"kBcxUv-JcFhMa-e2bzdn"
"lea.mcgahey@edu.tbz.ch"|"kOYTpX-2ACb7Y-UYftP3"
"laurene.hagerty@edu.tbz.ch"|"uJQ%yG-B4mJkO-&S4Ded"
"dorothee.link@edu.tbz.ch"|"ycVYnl-#m0PRx-ZKokeu"
"clementine.kynsey@edu.tbz.ch"|"kkmXwo-Lhkb0j-1CR5$a"
"lorene.smitherman@edu.tbz.ch"|"NU1&tk-Jyq8kr-HUIJ8C"
"cleopatre.klulicek@edu.tbz.ch"|"@w$Jzi-BaOFLb-0QcTO9"
"laurene.castaneda@edu.tbz.ch"|"n53nQe-YiXoPc-b5we@0"
"melia.constant@edu.tbz.ch"|"DH4&LE-YGtBDr-xWO1RB"
"lucrece.clunie@edu.tbz.ch"|"CMGZnZ-RRHFQZ-BDRGyQ"
"eleonore.mcmurthy@edu.tbz.ch"|"W3n$Wx-ssewj2-IcxYhQ"
"melia.bevar@edu.tbz.ch"|"W@$$0j-JVphON-XBaFu7"
"camelia.bontine@edu.tbz.ch"|"Z6erdY-AGKaaz-gg2LWY"
"methode.jozefczak@edu.tbz.ch"|"j&3x3q-Xw8tgh-0Y55N&"
"audreanne.hinsche@edu.tbz.ch"|"Kf9Fix-AgLP5X-@$eM4K"
"andree.varne@edu.tbz.ch"|"57vaZb-vFwZyJ-1TGGcJ"
"marten.kinleyside@edu.tbz.ch"|"#U4V$%-4gThOT-GTWogg"
"esteve.mcewan@edu.tbz.ch"|"9ukQ$J-KSR%jn-UXECSR"
"leane.dibbert@edu.tbz.ch"|"n6C#1M-$HNAvi-TQngGS"
"ma.thewlis@edu.tbz.ch"|"6NJebe-IMP#UX-uY@vNO"
"clea.djurkovic@edu.tbz.ch"|"f7fXld-bPWpTN-v%Ne7C"
"rachele.reburn@edu.tbz.ch"|"cmDoYN-gZEi&F-PmeRL#"
"gerald.gowling@edu.tbz.ch"|"Nynzv9-Zdu6Tp-IX19g4"
"cleopatre.jackson@edu.tbz.ch"|"#%UGdf-3RYtAu-uNhH8b"
"desiree.haskins@edu.tbz.ch"|"OUe8EU-Na5Eiw-brWfKZ"
"eleonore.longson@edu.tbz.ch"|"@tMfL6-bGV60J-o&j902"
"leane.dybell@edu.tbz.ch"|"bGi5Xn-dZ@Mau-cFq@dP"
"becassine.grzesiak@edu.tbz.ch"|"7wbFCF-nY7sR6-Ok@RY@"
"marie-josee.pickin@edu.tbz.ch"|"l47Zeu-eKTP0l-RFrmG3"
"marie-josee.roxby@edu.tbz.ch"|"@xYHuY-Pzu%lB-VlI2@i"
"leonie.feenan@edu.tbz.ch"|"ci2BIX-scDo&m-I4%g9A"
"valerie.ellum@edu.tbz.ch"|"uxjH4S-tHGs6T-zZ$IPd"
"ju.caseri@edu.tbz.ch"|"EuCxJ4-mxXnhV-1mEGgD"
"boerje.strangman@edu.tbz.ch"|"ijnvCk-#deN6k-tET&Lp"
"beatrice.ghidelli@edu.tbz.ch"|"@&ldie-xL%ZwP-80zzrD"
"da.jablonski@edu.tbz.ch"|"oGq#u6-A1HvFk-lGhOdW"
"uo.beveridge@edu.tbz.ch"|"Q#QCtS-jkkvap-rKDcPy"
"valerie.bestman@edu.tbz.ch"|"Flhmen-qIrR#f-pbUP#b"
"marlene.pohls@edu.tbz.ch"|"VgBpb@-pIlNoz-@PxA@y"
"ma.nolda@edu.tbz.ch"|"Zm1ndx-2g3SxA-hPc9Np"
"marlene.bisiker@edu.tbz.ch"|"qJ5xgu-tifSGQ-nPrInT"
"estee.babon@edu.tbz.ch"|"RZQVc5-78fGFu-gjjpAS"
"simplifies.dmisek@edu.tbz.ch"|"OwLhoP-4VmAxx-cQ2576"
"selene.ganing@edu.tbz.ch"|"cPXv4A-iAz5SJ-$G@uiP"
"meryl.penke@edu.tbz.ch"|"RoWiC$-R4czML-mAKG74"
"anais.rawcliff@edu.tbz.ch"|"kF4JXP-fWmeG#-U%hepi"
"melina.andri@edu.tbz.ch"|"53TTQy-$DmusP-3oi6tG"
"audreanne.fodden@edu.tbz.ch"|"WnQilL-nT8nIy-qhS9K@"
"bjoern.spellesy@edu.tbz.ch"|"8Wj$tZ-M4zgwe-6DcKeq"
"francoise.summerscales@edu.tbz.ch"|"abwWgZ-qO50Ae-j1YCyv"
"laurene.ashtonhurst@edu.tbz.ch"|"sY%RbW-m9I58m-njCgXQ"
"valerie.petters@edu.tbz.ch"|"O3hZyP-YVISf5-70#eTp"
"anael.spenclay@edu.tbz.ch"|"I3%Khf-NAqXDt-Q%OAmp"
"stephanie.keech@edu.tbz.ch"|"Sdqq@v-mE49Ku-CIB4qY"
"ines.deveril@edu.tbz.ch"|"PIfNhY-Z&vNNB-YApZBK"
"berenice.gelder@edu.tbz.ch"|"xpds&G-Lmt9N5-zYj0Mx"
"melanie.ofogerty@edu.tbz.ch"|"V$2tnd-pJd61&-tv@Rqk"
"frederique.canepe@edu.tbz.ch"|"5P8XEi-CK6H7q-C0Lxqw"
"nuo.otton@edu.tbz.ch"|"X86gA0-sgM0h8-mN9f$6"
"genevieve.trusler@edu.tbz.ch"|"X73FPo-cnLc3p-fYi%D&"
"ju.boag@edu.tbz.ch"|"l8d2DN-sMadZp-MB#eVt"
"josephine.dilucia@edu.tbz.ch"|"2flQwu-EmOOk0-wllbH9"
"laurene.armsden@edu.tbz.ch"|"UCx7WO-Akk#qX-KmuBe5"
"becassine.griffe@edu.tbz.ch"|"8ZDB48-R0wdz7-5s#VDm"
"alois.parres@edu.tbz.ch"|"z3DT$K-01ZutK-OFi2zh"
"cleopatre.gaffey@edu.tbz.ch"|"OfQNj9-EyzJ@I-7j8@Cs"
"andre.stiger@edu.tbz.ch"|"R3PnH$-lqKcS&-b63e2x"
"beatrice.godleman@edu.tbz.ch"|"ugisRA-u3u@v6-#Nty8z"
"hakan.harrhy@edu.tbz.ch"|"Cl4rYl-0YBbg4-Asg%HY"
"celestine.dagnan@edu.tbz.ch"|"G7NW8W-omL$TR-U7ija1"
"clemence.haggart@edu.tbz.ch"|"cN2chC-GogazQ-RVe796"
"long.caban@edu.tbz.ch"|"Gs2Mj9-TxIiRn-c%GyT8"
"gaetane.grimble@edu.tbz.ch"|"fJjJjA-gO4eHD-y#TWEz"
"maelann.piwall@edu.tbz.ch"|"61KnNo-G2eAPJ-FJ4TY@"
"magdalene.loble@edu.tbz.ch"|"dnwzWY-yM5Fap-zvxHia"
"veronique.domaschke@edu.tbz.ch"|"z67GfW-SuTWEp-kznvdG"
"clea.herity@edu.tbz.ch"|"7LFgyj-fEj0Mq-StWLeA"
"maelann.bambrough@edu.tbz.ch"|"fPCVv0-BDX#&q-j0DE&%"
"clea.goulstone@edu.tbz.ch"|"602pOC-GZaa2M-fnAK8C"
"renee.deleek@edu.tbz.ch"|"5RC20U-12pM@@-5KvzuF"
"boerje.rudderham@edu.tbz.ch"|"animAU-QnrxKa-LzucGD"
"marylene.broune@edu.tbz.ch"|"evuR1V-CsW$xy-tX@ppL"
"nadege.mccuish@edu.tbz.ch"|"YSXTgE-kJ577C-yY$#te"
"anael.littleover@edu.tbz.ch"|"rPPQp0-s&cKXS-%GPaPe"
"lie.baume@edu.tbz.ch"|"hXOuJb-JBxILR-zNBnVJ"
"maella.murrow@edu.tbz.ch"|"g4ulJI-TRKDCc-T2cV$l"
"cleopatre.pettifor@edu.tbz.ch"|"SkSvOL-lA1vZl-%kDAg6"
"geraldine.asker@edu.tbz.ch"|"FM8j#r-VBnrFP-xdIYkI"
"gaetane.smedmore@edu.tbz.ch"|"ft@PM3-xGr$xh-pW&3GA"
"meryl.blencoe@edu.tbz.ch"|"AUh6bo-96ljJJ-uaGs2q"
"aurelie.chastaing@edu.tbz.ch"|"LvMFx%-0@dR@C-WEs$o9"
"oceanne.marthen@edu.tbz.ch"|"infHgC-x%@PbS-zb07F5"
"dorothee.burrill@edu.tbz.ch"|"DxL1Sw-EwRg4&-3P3oQ8"
"hakan.belden@edu.tbz.ch"|"T23LAO-ZW9nH#-MWdEv6"
"celine.brunning@edu.tbz.ch"|"DX7Uj8-cKXOjG-yZ1ZGF"
"anael.lapides@edu.tbz.ch"|"YRMmd4-srIh4y-uebQ$U"
"ruo.saffran@edu.tbz.ch"|"E20Pd5-rhSEoa-Sl2rG$"
"loic.gerretsen@edu.tbz.ch"|"g3wUSm-%Qc2fY-v621M4"
"rui.fitzer@edu.tbz.ch"|"6p7Kcm-4Ph#RS-@fwZqh"
"annotee.ogers@edu.tbz.ch"|"5AMHdK-7eKzEO-SdkRb5"
"boerje.bindin@edu.tbz.ch"|"FEqg1q-Jw9UHn-z%TngC"
"ma.cronchey@edu.tbz.ch"|"CHlbqt-Ar19%j-#KOf4H"
"laurelie.baiyle@edu.tbz.ch"|"iXpLlq-mbmq2#-yIVhmV"
"dorothee.older@edu.tbz.ch"|"@T0Y5w-pyXWfR-$qdOgp"
"laurena.wile@edu.tbz.ch"|"n$3unh-a7N7FB-LRY2cu"
"clemence.brito@edu.tbz.ch"|"K3rShj-tekSGP-BycnYf"
"nadege.dallin@edu.tbz.ch"|"8XVswE-jYvZ2K-HJDHoO"
"mailis.matley@edu.tbz.ch"|"kuGyB$-TTehTK-Ty%VDw"
"daniele.screaton@edu.tbz.ch"|"X65KN7-hchTIm-$O@@aH"
"mediamass.godly@edu.tbz.ch"|"Wq9Hvl-RIO84$-9pzqO5"
"leone.kremer@edu.tbz.ch"|"LPJ$r0-74fyzH-aSkw24"
"asa.adrian@edu.tbz.ch"|"R4vI&E-Qnjudh-f5sXvZ"
"adele.doley@edu.tbz.ch"|"L2zj0j-@PzSGF-JuWZ1b"
"fei.sidney@edu.tbz.ch"|"dWcqYn-eG9i7u-a4@CYv"
"marie-josee.walisiak@edu.tbz.ch"|"HDkmXM-yOIV&P-GZuSiQ"
"desiree.diplock@edu.tbz.ch"|"tBGG3z-tR0VBE-#sym&I"
"gisele.schust@edu.tbz.ch"|"f9BWBT-U@lGDY-pJoAro"
"ma.longshaw@edu.tbz.ch"|"sziao8-uN9K6K-WvF57#"
"da.boother@edu.tbz.ch"|"DglC#2-@bcOAD-92FyMK"
"simplifies.chaudhry@edu.tbz.ch"|"KV$mfl-rfVwYl-K2vh3V"
"garcon.baniard@edu.tbz.ch"|"ei1j0X-nkbei2-va4e9l"
"gaetane.elphee@edu.tbz.ch"|"kjV@Ku-z8mQZM-jKFgie"
"gisele.hassey@edu.tbz.ch"|"A%CL@6-r3zBL6-crPkOv"
"oceanne.booley@edu.tbz.ch"|"j4Yl$l-6ZhFKq-3SUWds"
"oerjan.dibden@edu.tbz.ch"|"Gpa8ot-@yWsXB-$ZZP&B"
"regine.ocleary@edu.tbz.ch"|"oVXrtH-5ybqhe-Pi6mmy"
"selene.persse@edu.tbz.ch"|"JoHOxi-P%Zlev-TSJANF"
"helena.adenot@edu.tbz.ch"|"3AblkB-calmXe-%hNelk"
"maelann.wassung@edu.tbz.ch"|"PStlsW-QyBCRZ-bq0wm8"
"frederique.ackermann@edu.tbz.ch"|"cAA2TR-EuoYdO-lh7dNq"
"audreanne.kahen@edu.tbz.ch"|"pCt0Mb-pOG6wj-pepcOK"
"maiwenn.lasty@edu.tbz.ch"|"9xUn9X-%y9ZNW-d#pSUN"
"yu.dictus@edu.tbz.ch"|"$IQ06R-Y#3hIV-I%9tM%"
"anae.dukes@edu.tbz.ch"|"Fb#4Hp-EyxEgX-XoOv2B"
"yenora.warr@edu.tbz.ch"|"t@p5CH-Cm&LdO-AuTuCl"
"esbjoern.archibold@edu.tbz.ch"|"e0Rv%@-R@1%t5-NJDaOm"
"milena.pardal@edu.tbz.ch"|"n%eAJQ-xTf8pT-Ud601W"
"celestine.graveston@edu.tbz.ch"|"4o#SeP-Eax5wa-aLMm%n"
"maena.dallas@edu.tbz.ch"|"FLa%E%-Ru1Q5i-7zKvOk"
"andree.tuke@edu.tbz.ch"|"T9vdBQ-hdK&N%-wPZZGS"
"methode.seldner@edu.tbz.ch"|"MEsO7T-YLRy2h-TOx0zm"
"venus.bullas@edu.tbz.ch"|"lkbY9K-76qmYb-2vhMzc"
"mans.aguirrezabal@edu.tbz.ch"|"JwaVb9-Bw$M51-4r3zEK"
"gaelle.eadington@edu.tbz.ch"|"ThadHF-1a#Ypo-lhVzqI"
"anaelle.falkner@edu.tbz.ch"|"i1F6H%-22t6iU-h7NB1N"
"ophelie.height@edu.tbz.ch"|"CSk8mz-33aQrD-U16C2o"
"marten.bolding@edu.tbz.ch"|"K@rcs@-2ZBKCA-%w7VQ3"
"pelagie.guswell@edu.tbz.ch"|"6NN%wc-%4RcYC-9UG&qx"
"gwenaelle.lecount@edu.tbz.ch"|"U$gp5C-vYSYdC-Ziig#J"
"hakan.laden@edu.tbz.ch"|"$t6Qs2-vwWGYu-2XvChs"
"marie-josee.hylands@edu.tbz.ch"|"DEhw&e-hp0Hz1-RZUGg8"
"zoe.kingshott@edu.tbz.ch"|"2HR%wO-56WlXH-$@b%rY"
"josee.janous@edu.tbz.ch"|"8RrdpS-ZdjgcT-VLgthS"
"laurene.gallally@edu.tbz.ch"|"xzAtGQ-d8eNuX-M$Kh9$"
"anael.bickle@edu.tbz.ch"|"tt%qvA-BDJIqP-$Wpm5Q"
"mediamass.lebbern@edu.tbz.ch"|"cbW%cS-$Sfb@@-Wnp&qI"
"berengere.hovy@edu.tbz.ch"|"6eJvvV-2pfuPT-bb4wsS"
"oerjan.kilmurray@edu.tbz.ch"|"kCNmdD-Boa$3@-ERCwdh"
"asloeg.venny@edu.tbz.ch"|"TJXu@X-2%muJr-75&Vq3"
"marie-noel.stoad@edu.tbz.ch"|"U#DvqP-0&MMbD-wZgsX0"
"hakan.pettifor@edu.tbz.ch"|"XWz007-GOez#G-sMG864"
"maella.willgrass@edu.tbz.ch"|"BUpl43-adasW8-v5%G0w"
"therese.ludovici@edu.tbz.ch"|"jOAZ7K-#rx&JJ-Rxncd7"
"stephanie.trewhitt@edu.tbz.ch"|"&B#naD-dgirV5-7Pto#2"
"maerta.bauduccio@edu.tbz.ch"|"Q$Dwva-Hg4Cgu-gI1y62"
"gaetane.glaisner@edu.tbz.ch"|"SvCZ6V-a7JYuQ-Lxauq$"
"naeva.pargeter@edu.tbz.ch"|"w5rC@o-vVo&o#-Lny@O1"
"salome.venable@edu.tbz.ch"|"5UgnBG-Tj@RhB-M$L3W7"
"boerje.thickett@edu.tbz.ch"|"IcT&Nt-AwTiO8-3Aamga"
"lucrece.prendergrass@edu.tbz.ch"|"VdpzW&-@5Zxwo-qveCrn"
"laurene.ockleshaw@edu.tbz.ch"|"h5J@Dp-VNw8Mm-A5KTwa"
"cecilia.pasticznyk@edu.tbz.ch"|"Hnoe5z-4fpPDu-x0oQxW"
"stevina.mackey@edu.tbz.ch"|"UAgTax-DoscEo-WgnrHo"
"marie-noel.reven@edu.tbz.ch"|"ROEpbF-NBkSlf-eRjeNl"
"melina.quilkin@edu.tbz.ch"|"IP&nQT-Ff11w9-o&erWk"
"marie-noel.ferrie@edu.tbz.ch"|"T4f4ma-Dn2%FH-R9GpSF"
"leone.alphege@edu.tbz.ch"|"w$bu9E-uxeDVx-McZsHU"
"zoe.leverson@edu.tbz.ch"|"SXxbUF-PCBK#U-UgtfUg"
"annotes.grayne@edu.tbz.ch"|"c$oRBx-XVu157-T9Z7oS"
"faites.lalley@edu.tbz.ch"|"Kt@wfJ-DckI$8-BeuZxD"
"adele.wallis@edu.tbz.ch"|"uiw3GV-V4aE4a-%6UJdG"
"severine.madill@edu.tbz.ch"|"Il#Hn5-vx6bs3-tlS#JH"
"valerie.tebb@edu.tbz.ch"|"@hWf8a-&c1QGd-Ju3o33"
"kalliste.rasper@edu.tbz.ch"|"$Z8PKP-uPzrYU-opBLnc"
"audreanne.palomba@edu.tbz.ch"|"l3Fmww-z6oL%C-SsynfY"
"elea.adamik@edu.tbz.ch"|"coX%ZZ-MkkYE@-MX%0By"
"reserves.jakuszewski@edu.tbz.ch"|"a%qpJs-05AXOX-riHPF@"
"athena.belhomme@edu.tbz.ch"|"jm2Dnr-$DjpAx-y9JpGk"
"rebecca.crippin@edu.tbz.ch"|"hG5eWF-bzQTzo-oITBos"
"maiwenn.curman@edu.tbz.ch"|"#YR$&g-BJhfKa-30Tj$J"
"andree.bunner@edu.tbz.ch"|"0iOol&-B$c%V2-2aUIS$"
"ruo.winckles@edu.tbz.ch"|"uJRNR%-0HnYHo-emSurA"
"naeva.buntine@edu.tbz.ch"|"roLevc-eA8lXx-tCrBzy"
"boerje.dollard@edu.tbz.ch"|"YuZKV$-nPQVYY-ViNdbJ"
"penelope.gorman@edu.tbz.ch"|"svpTFJ-bRsZBa-lvh&5b"
"alois.robelin@edu.tbz.ch"|"AfY6Ge-s%qkzv-yV03ks"
"anaelle.tindle@edu.tbz.ch"|"rKUk@o-0zjgP@-1RJFEH"
"ye.frears@edu.tbz.ch"|"PJaGpA-3v5um#-zrNRKk"
"andree.ovid@edu.tbz.ch"|"8KT@BA-O@oIZh-QTk9in"
"hakan.peat@edu.tbz.ch"|"qMeBzg-R2Whe2-X%4R@v"
"andre.januszewski@edu.tbz.ch"|"nqj9yN-qynA3N-s5Qrxb"
"annotes.clemmett@edu.tbz.ch"|"HDUQtG-l$rTdv-KO4RmP"
"pal.lambswood@edu.tbz.ch"|"Wr$vEE-udQjVs-fmimo6"
"yao.lenton@edu.tbz.ch"|"BAR%2p-YS&#&i-oKiqUK"
"hakan.boyton@edu.tbz.ch"|"KO99SK-JTzS#2-8vGS7t"
"nelie.forsey@edu.tbz.ch"|"@a1XPl-P2hslI-Y@g4Dp"
"hakan.horche@edu.tbz.ch"|"ZYtZ8j-yvoYFY-TxG4I&"
"lorene.sinkings@edu.tbz.ch"|"mLnMw&-9fEMA0-qt3gH&"
"marie-therese.creddon@edu.tbz.ch"|"5YKQGr-iH5i%8-9pACX7"
"berenice.tolworthy@edu.tbz.ch"|"WhzWHA-lS0CdS-NFqfFo"
"theresa.land@edu.tbz.ch"|"TuE13&-lA@TDH-zVHE4f"
"marie-therese.gianilli@edu.tbz.ch"|"5xUj8#-9x%bLe-oBPFPt"
"meryl.glew@edu.tbz.ch"|"icjQ&z-HyDXhY-rjB#2M"
"adele.debling@edu.tbz.ch"|"tOaR%f-DKEpCw-4Hldxn"
"anae.metzke@edu.tbz.ch"|"AuBqdL-fpT1yG-ZmFEWh"
"gaetane.gooden@edu.tbz.ch"|"J4Nz$D-6qeM6Q-2BTppo"
"laila.bootland@edu.tbz.ch"|"v00LHu-O2joYc-f#zoE@"
"maite.helsdon@edu.tbz.ch"|"oOFtrj-6O3GXA-xrd0g#"
"andree.malley@edu.tbz.ch"|"2HpPM0-NAFE$U-2NBB&Z"
"pal.simmens@edu.tbz.ch"|"Fwh1um-mz9KLc-U9EHam"
"maelys.nuccitelli@edu.tbz.ch"|"B%8axh-WbmhUX-QeacgE"
"dafnee.sibary@edu.tbz.ch"|"Qv9wr3-7M$TkD-mKEAHG"
"alois.harsnep@edu.tbz.ch"|"uW0Iqt-KgNLbW-xhfSrb"
"marie-helene.lacky@edu.tbz.ch"|"0z33zi-H%Jv76-iiIJmW"
"mylene.youthed@edu.tbz.ch"|"bo%NDN-e@rIRU-7SGr9q"
"marie-helene.dehmel@edu.tbz.ch"|"wz%xHk-YO0kxm-bjsX&X"
"angele.batman@edu.tbz.ch"|"6FD9tl-BljHIw-%7ifRi"
"melia.younghusband@edu.tbz.ch"|"PztYVQ-MRFRS2-#JQkgk"
"eloise.baldi@edu.tbz.ch"|"8vh3HE-Fi1DsS-Snp&rh"
"illustree.dun@edu.tbz.ch"|"bKrnpR-tfFho8-sr0Uth"
"genevieve.late@edu.tbz.ch"|"Pd5MNv-irQkcj-Aeo0z9"
"celestine.colville@edu.tbz.ch"|"Mmh&P4-rn16G0-fO414%"
"gwenaelle.scarlon@edu.tbz.ch"|"MJ3oLR-BBtKL5-07HDBy"
"regine.boddie@edu.tbz.ch"|"foZ2xs-Jw%kna-c10d5L"
"creez.gaughan@edu.tbz.ch"|"TG#P$&-x9mj0C-GhD1zo"
"gaia.longford@edu.tbz.ch"|"n%W@n7-%dYS5X-cnZKw8"
"mailis.buckby@edu.tbz.ch"|"P9KrEP-l&VfvN-q05w0u"
"song.parbrook@edu.tbz.ch"|"sb3IDU-aEiAn5-I8eb$#"
"frederique.heddan@edu.tbz.ch"|"8pApQ@-Q5xD81-$s3lT3"
"ake.kirtlan@edu.tbz.ch"|"kLYi&8-qAe9ZJ-apl8js"
"nelie.runciman@edu.tbz.ch"|"sl#eFz-a7vC$c-#9u1UI"
"mailis.cardnell@edu.tbz.ch"|"sak6Yp-YwI@L%-EMClls"
"irene.navarro@edu.tbz.ch"|"BUgEIR-COiXtz-D1QEA@"
"maite.cough@edu.tbz.ch"|"6KPqpQ-Ceyqi3-DNz2BF"
"anaelle.stocky@edu.tbz.ch"|"V7OQC6-42wwCz-F%X2IV"
"methode.moulder@edu.tbz.ch"|"LpbIPz-90cyah-yDOEnq"
"po.stafford@edu.tbz.ch"|"KOg#9g-0#WJec-$sw2jI"
"faites.scraggs@edu.tbz.ch"|"gkOLQ7-5n34Ng-bZr0Zs"
"adelaide.dullard@edu.tbz.ch"|"AOBeCM-9piFMb-SLxP4d"
"desiree.leonard@edu.tbz.ch"|"x@Y3XZ-ZAv%fs-H7VFiv"
"geraldine.badgers@edu.tbz.ch"|"9miHFO-m#D$Q3-2f@Hkr"
"ruo.masic@edu.tbz.ch"|"&C0COp-#FHwa9-S4@8zR"
"aurelie.lieber@edu.tbz.ch"|"ro$XOD-Z7gtNX-$R%TyQ"
"naelle.balcock@edu.tbz.ch"|"RyCXCy-grBmbs-%c0tS8"
"camelia.elger@edu.tbz.ch"|"y8ZuAP-wCc8nf-705W0%"
"publicite.oakeshott@edu.tbz.ch"|"t57F&R-F4ju@i-B2a9Zb"
"cleopatre.fawley@edu.tbz.ch"|"I$gWoc-J2L&vL-O5UM$I"
"laurene.bruckmann@edu.tbz.ch"|"kmXCSN-QJiFA1-nDQNuI"
"rui.haughton@edu.tbz.ch"|"z9sws8-Cm4lTw-H$0cn6"
"asa.ladewig@edu.tbz.ch"|"dKeXmF-kKMSXF-@KZG7s"
"gisele.janecek@edu.tbz.ch"|"G5kKlb-YppeDB-puOBgN"
"maily.loveridge@edu.tbz.ch"|"HEiV8c-vF$WOr-C9boKH"
"marie-eve.yurkiewicz@edu.tbz.ch"|"YJeUUd-ctdIPs-3Yqlok"
"fei.roder@edu.tbz.ch"|"EoswuX-zi$ZdB-W2XS04"
"edmee.chatburn@edu.tbz.ch"|"tELein-FBV8Rf-kYV5yo"
"geraldine.darke@edu.tbz.ch"|"2PnRTU-9D8Ael-28B&8M"
"ye.jira@edu.tbz.ch"|"gT5j%X-COJH0l-wAqw5E"
"publicite.persent@edu.tbz.ch"|"gF98@Q-p&vQ1$-lhMBMe"
"severine.wilcox@edu.tbz.ch"|"EGw9ke-vgdaSF-R1J#mZ"
"yao.mcclaren@edu.tbz.ch"|"FXpB&w-b$7q%3-SWCzsz"
"theresa.foynes@edu.tbz.ch"|"nkUsP6-vPtOkx-u$Oa@A"
"stephanie.isley@edu.tbz.ch"|"Yhh&9D-EyTIyK-v@t@ZB"
"torbjoern.growy@edu.tbz.ch"|"04&TB9-GxWe3j-7NqpIA"
"eloise.tunnadine@edu.tbz.ch"|"MW$Vc8-p&Mlu2-Dmrrrt"
"maeline.cossentine@edu.tbz.ch"|"9I4saz-y6J434-P0KEfM"
"nelie.desantos@edu.tbz.ch"|"wq&$gB-kh6PtK-MU4rTg"
"gaetane.axston@edu.tbz.ch"|"YWmcqA-QwwoBB-iRMwu0"
"aimee.merman@edu.tbz.ch"|"zLlgrW-UeUhmF-NGeTYW"
"oerjan.drivers@edu.tbz.ch"|"kZa01#-%bSdSK-nq0tWq"
"aimee.miroy@edu.tbz.ch"|"s0vpnX-BWjQCl-Ryska5"
"nelie.glyde@edu.tbz.ch"|"Ro2jE3-735mR7-8b98aJ"
"hakan.kapelhof@edu.tbz.ch"|"1$veNg-%YYRGm-CN0N65"
"maelyss.cauley@edu.tbz.ch"|"6zZyYS-rChN2Z-zW5T4s"
"elea.vaggs@edu.tbz.ch"|"F$SC9I-CYNdIk-Gko3Vz"
"maelys.but@edu.tbz.ch"|"VhP2wX-i8tK%v-ottKEr"
"maella.arthurs@edu.tbz.ch"|"EcfQND-Vz0PET-@bBC@B"
"adele.liebrecht@edu.tbz.ch"|"in&Kyn-WgOeAL-EzzAbc"
"meline.lomasny@edu.tbz.ch"|"BK$IV3-Uo#1ps-GIcwmZ"
"mediamass.schwant@edu.tbz.ch"|"O#8GgY-jZmhQ8-1R9iAb"
"leone.saunt@edu.tbz.ch"|"82ahqF-@OAO6M-IMI1Bq"
"annotes.gouch@edu.tbz.ch"|"rbjw6d-4WyqHR-yYIUcb"
"gaetane.bowich@edu.tbz.ch"|"hjY4Je-ZSkvOI-Sa#2fj"
"alizee.strelitzki@edu.tbz.ch"|"mG3Mb7-kjkYTH-t$qV9N"
"leone.poile@edu.tbz.ch"|"XlkQOF-&Zi$5F-2f4l0T"
"amelie.saban@edu.tbz.ch"|"w$G#Vq-mwLixG-0l@w6a"
"marten.mcmenamin@edu.tbz.ch"|"4TdMTA-DcZyZy-kjOcaO"
"becassine.keets@edu.tbz.ch"|"x%UjeF-NCHvRj-AAb%7x"
"celine.million@edu.tbz.ch"|"AfXiDC-gfPn#5-09pL18"
"geraldine.belitz@edu.tbz.ch"|"I7PWm7-J0PdCt-43lIM5"
"salome.mardling@edu.tbz.ch"|"bmNuRI-MJq2Q4-BTNGTP"
"melia.blakemore@edu.tbz.ch"|"Q&B3Gk-vP$Oc4-monsty"
"dafnee.mcaulay@edu.tbz.ch"|"a8cbce-yfXn%G-CjUSOO"
"garcon.dennett@edu.tbz.ch"|"5Yph$&-up4vD&-mPh1h1"
"interessant.lesor@edu.tbz.ch"|"ahveQz-l%48HN-l$aDlV"
"annotee.wasbrough@edu.tbz.ch"|"Rx3rzs-I6nBOV-#F@PQX"
"asa.ibbeson@edu.tbz.ch"|"oLVm%h-K#K95N-XG42Et"
"maily.kennealy@edu.tbz.ch"|"Cl%rz0-wXiCif-pM5tC$"
"ye.seares@edu.tbz.ch"|"f6CC6L-pU0@b6-%0WrTi"
"athena.harbron@edu.tbz.ch"|"iDg4CH-BXnSPo-KNkDpD"
"andreanne.portail@edu.tbz.ch"|"UxPyMr-w7QnhN-#UdARn"
"goeran.zannelli@edu.tbz.ch"|"$M35Oh-VueMI9-@jmyv@"
"gerald.leathlay@edu.tbz.ch"|"qltrfT-rjZcGk-WH71F8"
"andreanne.chown@edu.tbz.ch"|"@gPvHG-FHTWAP-En#ZuQ"
"esteve.clementel@edu.tbz.ch"|"pDaXRh-Wc6XOb-a6YDZa"
"leone.legan@edu.tbz.ch"|"imSmgZ-RQIATo-vECf0R"
"maena.pownall@edu.tbz.ch"|"kZcXTc-cx3Ers-QcWLyw"
"andree.rettie@edu.tbz.ch"|"bN8bkH-DXg@t1-KJo4ZS"
"ines.kenwrick@edu.tbz.ch"|"QkW4UA-Ti2t9V-8s7Uzl"
"marie-helene.yarnall@edu.tbz.ch"|"qIwB@N-cEny4Y-lwWgi7"
"po.martin@edu.tbz.ch"|"NR8hg$-qXA947-v$twpF"
"ruo.celiz@edu.tbz.ch"|"r&YB3@-b@DRD7-3fNzTh"
"po.bissett@edu.tbz.ch"|"Ln16ym-UFk#ec-0zP&m0"
"du.swindon@edu.tbz.ch"|"d6Li05-QEcIyS-9lvfNS"
"interessant.gouldthorp@edu.tbz.ch"|"$#cx1%-VobN&$-34KqfE"
"leandre.lilburn@edu.tbz.ch"|"tOCJBP-OS9RtG-TRsCyr"
"bjoern.whales@edu.tbz.ch"|"AcYLqm-Ui9I$p-XGG%cA"
"interessant.dieton@edu.tbz.ch"|"jq$Sbt-%DxaOR-@LdSws"
"celestine.redhills@edu.tbz.ch"|"WQNmmv-2G3TGC-EUBO&y"
"tan.yakovlev@edu.tbz.ch"|"Q1YAOF-qHYx#g-p4hi0N"
"regine.mcdowell@edu.tbz.ch"|"X&y&%j-2DPFL$-@buZSO"
"ju.coysh@edu.tbz.ch"|"qHhzKk-VXz3EF-hgFhTE"
"reserves.ofallon@edu.tbz.ch"|"%r1c8A-#taHkj-Gbe2nr"
"frederique.sobey@edu.tbz.ch"|"skDZww-BQ5Nq9-IUMZTn"
"marie-eve.garstang@edu.tbz.ch"|"l6WWbN-pA4A%J-By7AS0"
"andre.tapin@edu.tbz.ch"|"q@u3G6-%HM%xY-$A@ec@"
"esbjoern.eynon@edu.tbz.ch"|"#JqmWv-G#$5cO-YLy5Zx"
"maella.duffy@edu.tbz.ch"|"HjJlhY-XB1V@f-H2RUdO"
"leandre.twinning@edu.tbz.ch"|"rfjN5s-ZiH8&h-v90#&1"
"mai.whittingham@edu.tbz.ch"|"s9JAmp-rvcdK1-FYPi9@"
"rachele.shevelin@edu.tbz.ch"|"SOq98#-U8livH-Wgt5Fi"
"cecile.mcure@edu.tbz.ch"|"ADbZn7-3P2YQK-TC#hZd"
"marie-eve.yurkevich@edu.tbz.ch"|"zyqhNE-XjgqNh-ZeeD3@"
"almerinda.paice@edu.tbz.ch"|"39kMP&-#VCksU-04WpET"
"rao.howkins@edu.tbz.ch"|"jC6Vht-b$Zzsb-S&RLKq"
"serena.pack@edu.tbz.ch"|"s7sq4k-rCib%B-nB%4$T"
"rebecca.mant@edu.tbz.ch"|"9MBi7k-7BSA2A-V0NE@o"
"reserves.spitell@edu.tbz.ch"|"GPDvnx-t&u8iq-StBPko"
"garcon.hamfleet@edu.tbz.ch"|"Be&vPC-3Ptl5d-Akr6lz"
"methode.kerkham@edu.tbz.ch"|"Uq$zW#-LvmJRQ-TW%jf1"
"pelagie.camies@edu.tbz.ch"|"RnhyBh-awHonX-YS6@V2"
"josephine.macpharlain@edu.tbz.ch"|"3ZrlHi-MJsZlh-$HM92j"
"eugenie.mathet@edu.tbz.ch"|"qtgkal-IjQI@S-wUWR9i"
"gaetane.brangan@edu.tbz.ch"|"ubyEjG-OSbK8I-bV1mvv"
"michele.dewbury@edu.tbz.ch"|"XvQxYY-nm3sCS-9A0w&Y"
"eugenie.elcott@edu.tbz.ch"|"cYB#cn-LYRr7o-i4m&T$"
"megane.harniman@edu.tbz.ch"|"ES@6w&-F&gw48-&UrDDx"
"agnes.cluney@edu.tbz.ch"|"e@#jBz-zs%q&K-5yfF8T"
"marie-helene.angear@edu.tbz.ch"|"EDw5rT-%EY4mT-V1@J5g"
"melia.dolphin@edu.tbz.ch"|"oeV4HY-s3gkUp-8mx%Zf"
"lois.ruseworth@edu.tbz.ch"|"ELcAZD-sE5#8i-elAGTi"
"mailys.ryding@edu.tbz.ch"|"#HT5PN-05Gjbr-o&QJFT"
"rachele.wulfinger@edu.tbz.ch"|"0Y@XL4-b&ercS-mufM@8"
"gwenaelle.talton@edu.tbz.ch"|"8VEv$i-C@y4%H-ZxOYPT"
"long.ronchetti@edu.tbz.ch"|"NdkWpC-Ijgf4r-pAmP0q"
"styrbjoern.kloska@edu.tbz.ch"|"bIvqlY-kV930U-9CVjcf"
"len.sudran@edu.tbz.ch"|"AL%ML$-hb8djG-qhvovT"
"maelle.andrysek@edu.tbz.ch"|"xIyB6g-MLPNjB-%ThYV2"
"selene.senior@edu.tbz.ch"|"KX8YQ@-uFHp&j-ieqNjf"
"anais.joskovitch@edu.tbz.ch"|"yeWcMI-pfK&SS-Xm1s$V"
"marie-noel.dally@edu.tbz.ch"|"Z$#p6r-rWTaOU-qEaQUY"
"marie-helene.laurence@edu.tbz.ch"|"D3HNoL-Z9CFou-cYHbZ6"
"camelia.foxon@edu.tbz.ch"|"#WWLjt-Z0Zy5l-nHKPAj"
"helene.cankett@edu.tbz.ch"|"n0Irqb-Fui5OJ-w6rqVK"
"marten.mitchelson@edu.tbz.ch"|"Wa$RSC-9&UHSb-T1mEGC"
"helena.stirtle@edu.tbz.ch"|"NNlo5U-aTDZ5D-uhfKal"
"leane.barmby@edu.tbz.ch"|"NxlVXs-3WsjFI-aM@ec6"
"goeran.ofinan@edu.tbz.ch"|"hqdQGY-1Yl8L2-FE2WFP"
"styrbjoern.proby@edu.tbz.ch"|"JZzD9s-$ilhLH-1sNuz2"
"zoe.halse@edu.tbz.ch"|"c%Mb9#-8ImIpP-0I%GPA"
"kui.drable@edu.tbz.ch"|"R5zg&7-765vqA-vwJuB@"
"desiree.bamford@edu.tbz.ch"|"Z4bclW-bkTMZ4-ih%fP#"
"zoe.suller@edu.tbz.ch"|"bju5jQ-dFg#$a-GCaiw2"
"marylene.audiss@edu.tbz.ch"|"L#EI4M-sB6X@0-%XZL0N"
"adelaide.poznanski@edu.tbz.ch"|"BTTA@n-2ayoy7-aTvU6I"
"maella.coleyshaw@edu.tbz.ch"|"96JTzr-B&O$1h-JTO0Oy"
"marie-francoise.gelder@edu.tbz.ch"|"wuHmkJ-GN3HhU-E#BS11"
"eleonore.chaffyn@edu.tbz.ch"|"EOcE7A-#AOk$P-v@&bNr"
"celestine.sikorsky@edu.tbz.ch"|"l$MvfH-genelN-s6crtH"
"stevina.londsdale@edu.tbz.ch"|"Ri0U$m-UwlEul-Awc1Jy"
"maiwenn.nevitt@edu.tbz.ch"|"4sutk1-tb8T0k-ph4%dk"
"magdalene.gerrey@edu.tbz.ch"|"KCZljz-anktwZ-WO5DR1"
"becassine.latimer@edu.tbz.ch"|"J73Gn2-lhFrJx-EoumhT"
"da.lethibridge@edu.tbz.ch"|"P@WRzf-LL6mE8-9O&ShR"
"mailys.claige@edu.tbz.ch"|"ITaZe2-RUvLu&-4x4YIk"
"maena.torbard@edu.tbz.ch"|"JyQaFF-2jGx4#-9FcQ2z"
"solene.lyvon@edu.tbz.ch"|"t4PfK&-Ij0GkM-Djas@A"
"marie-therese.benbrick@edu.tbz.ch"|"5$0eAV-IFXgYa-yf%Nz5"
"gerald.edmonson@edu.tbz.ch"|"da$@$6-r7pn7B-qOK4Dz"
"ake.messruther@edu.tbz.ch"|"5VjwKj-UEclPO-ODRC24"
"men.gosneye@edu.tbz.ch"|"tuhGKD-s1k@Oz-O3tqX1"
"anais.jefferys@edu.tbz.ch"|"0FbDhc-AV7FGq-0PL6sB"
"publicite.tregale@edu.tbz.ch"|"6D5HoB-ViS77k-ADvlIi"
"maily.santorini@edu.tbz.ch"|"B$fKDT-xV1&zm-SF8bmU"
"ines.pioch@edu.tbz.ch"|"9yIoQg-MfODk$-NoqGC3"
"noemie.marklew@edu.tbz.ch"|"ddEZCC-9S4IsU-Se19c2"
"meghane.maccaffrey@edu.tbz.ch"|"aK2oTK-gLNFQ@-#HsQcJ"
"berangere.ambrogio@edu.tbz.ch"|"w3Te&x-vIMxtM-qY7#vd"
"mediamass.ryce@edu.tbz.ch"|"s@2%Pz-BJGSVf-rVS@gF"
"oesten.ubank@edu.tbz.ch"|"T97IM&-00NI9u-CwoF56"
"melina.mackee@edu.tbz.ch"|"K87XFs-D8vW45-UIsC@$"
"theresa.livezey@edu.tbz.ch"|"ft7lNF-G@BF#%-7gbm7U"
"clemence.weal@edu.tbz.ch"|"0ME&K0-YdEGcW-ymRLc9"
"faites.overton@edu.tbz.ch"|"cO%EQN-J&J0Ot-Va40jV"
"clea.lindblad@edu.tbz.ch"|"hCoRha-pWnZiG-@2wKov"
"josephine.roseaman@edu.tbz.ch"|"DNBXZ7-Mf3ZXG-Xl$x26"
"oesten.lowbridge@edu.tbz.ch"|"qp&Vtv-3sK6SA-SZCu&H"
"marie-josee.brion@edu.tbz.ch"|"i5Bq5w-GQCdfp-6O0jH8"
"therese.basili@edu.tbz.ch"|"EJu6S1-G7KhxT-TR6J6x"
"melia.vertigan@edu.tbz.ch"|"OXpOtD-1GvVrw-58wMAD"
"judicael.saull@edu.tbz.ch"|"Wvo2xA-AvKZg#-QkOyXo"
"selene.valentine@edu.tbz.ch"|"Lpaxq7-YQZV2m-aYMJOT"
"verane.dunlap@edu.tbz.ch"|"gUT54x-0lbTBc-k1atTZ"
"meline.kinnear@edu.tbz.ch"|"#Zzv2o-kIc108-gYHsex"
"lei.luttgert@edu.tbz.ch"|"mqzx2L-KUEhJF-nCRwk5"
"styrbjoern.lathleiffure@edu.tbz.ch"|"4DaHit-GIn0Ml-aaIqKt"
"marlene.blasi@edu.tbz.ch"|"DGimaA-synpb6-NWcPq8"
"mai.begwell@edu.tbz.ch"|"b49OF0-DQAZVS-HTulo2"
"gwenaelle.kaines@edu.tbz.ch"|"FraRsO-%uITnM-@yMs$X"
"gerald.adamthwaite@edu.tbz.ch"|"PBMmGQ-SFxVI1-Lpxuq4"
"kui.hartfield@edu.tbz.ch"|"0bVSNe-Bxjb@x-UMCaoV"
"salome.currao@edu.tbz.ch"|"@9JJjX-SQ&g$G-Jf3M9j"
"angelique.tixier@edu.tbz.ch"|"ZY8nyV-5BVpDl-ESNMwD"
"ju.mcgragh@edu.tbz.ch"|"s%qizD-YBWZOF-QyXfii"
"dafnee.beachem@edu.tbz.ch"|"tj6Hgj-b4xuu@-L5kEXa"
"creez.terlinden@edu.tbz.ch"|"%B6EW#-xhd4CO-vBC&7o"
"uo.mcskeagan@edu.tbz.ch"|"xbCgBh-S3sAjs-VHOczE"
"edmee.mccaughren@edu.tbz.ch"|"0AyFiq-oQnk#n-uO#1vM"
"asloeg.cozby@edu.tbz.ch"|"@6ENdt-mrlhcy-ZhjOD1"
"melodie.traite@edu.tbz.ch"|"Ws&LVR-tpu9kH-PJvE&1"
"dorothee.aindriu@edu.tbz.ch"|"UegxYd-B4dOyA-6$k&3E"
"daniele.doley@edu.tbz.ch"|"NZHs6o-qRX05o-e0SR8U"
"mediamass.fairclough@edu.tbz.ch"|"1eryjN-duhUcu-zXiIid"
"lorene.rainforth@edu.tbz.ch"|"%DUogQ-KO2IkI-XqKSBA"
"leonore.eyer@edu.tbz.ch"|"IPsKjL-8F%8Ff-80uuoV"
"po.spillman@edu.tbz.ch"|"W@KrL@-ffp8&p-$@A1mx"
"cecilia.plitz@edu.tbz.ch"|"0YXXAU-GKbpj6-HLj&4M"
"lorene.ludlow@edu.tbz.ch"|"rV7C3I-7bIY5H-QsPj$W"
"berangere.neligan@edu.tbz.ch"|"GtMLZw-9&PL@8-by&r96"
"simplifies.huggan@edu.tbz.ch"|"TXZ0Kc-KOd5NJ-qSLxtf"
"clelia.prandy@edu.tbz.ch"|"9xh6fr-FHqkQ8-EUGLdx"
"ake.osban@edu.tbz.ch"|"k22ZuB-K0Ra@d-lhXMNR"
"cunegonde.brunn@edu.tbz.ch"|"B6q&$z-cvXZYT-lFO#$9"
"long.grizard@edu.tbz.ch"|"HF$IFU-gYtKr8-1JA5Um"
"meghane.diss@edu.tbz.ch"|"qYehX1-U6tTSI-rgvUYH"
"therese.oldman@edu.tbz.ch"|"q5WRwM-L0gJ9l-RjjlC&"
"boerje.scamerdine@edu.tbz.ch"|"D28U&Y-8uN0mc-$722#a"
"du.saban@edu.tbz.ch"|"z21Lse-qLi0lt-2#uW5W"
"hakan.clynmans@edu.tbz.ch"|"cRSgO&-4rcVL3-tDJKlj"
"wa.macdowal@edu.tbz.ch"|"4HiA&b-UB0hob-qbAKSF"
"venus.hatrey@edu.tbz.ch"|"glS7DB-H05XH#-Vqh623"
"anaelle.vispo@edu.tbz.ch"|"f9WCOO-n8&6ML-fFUIQW"
"mahelie.ollcott@edu.tbz.ch"|"KYRIZR-P5joUC-zZfzjj"
"mediamass.whyman@edu.tbz.ch"|"MhEm62-tYRLGu-N3lFQ1"
"esbjoern.basson@edu.tbz.ch"|"SxXlF7-mCWkq&-hBCRM9"
"andrea.morrill@edu.tbz.ch"|"yQ3l6H-BLrRPG-Ebh3L#"
"melys.grassi@edu.tbz.ch"|"Xw#Ko5-mVxKrr-S&vXW6"
"leone.poleye@edu.tbz.ch"|"ynmN@w-CS396f-yowQA4"
"francoise.penny@edu.tbz.ch"|"n#22xC-gSASEz-c6766I"
"rebecca.edney@edu.tbz.ch"|"ACC2zh-der8Ta-&oQyBI"
"adelaide.murtagh@edu.tbz.ch"|"Mx2Ed3-#VyVnG-M6QL$&"
"stevina.winterbourne@edu.tbz.ch"|"yfqQqt-I3CMou-R6d%Fg"
"ma.cottom@edu.tbz.ch"|"b7D01U-mcA@sq-Nvzdlk"
"tan.harold@edu.tbz.ch"|"s6cGCt-SHZYi6-%3bHXP"
"venus.forte@edu.tbz.ch"|"cp2cWc-cMdB0y-cmFVpq"
"almerinda.oluney@edu.tbz.ch"|"tDdCLu-tcP8cp-Ds6Vda"
"cleopatre.brehault@edu.tbz.ch"|"eye7@d-fMGHJz-qW46Ku"
"interessant.lapides@edu.tbz.ch"|"m0isWf-d6JGS9-jzXtTw"
"reserves.hallatt@edu.tbz.ch"|"$pmo0f-lO0aH3-eho%mi"
"annotes.birdwhistle@edu.tbz.ch"|"xxeWO$-9UBQfn-Ur3Cd1"
"ai.dredge@edu.tbz.ch"|"wzXd@1-iu&WsS-wxu$Lb"
"megane.mussard@edu.tbz.ch"|"KJM7nC-$NobbE-NNwP9z"
"esbjoern.gowrich@edu.tbz.ch"|"hWQezj-z$2bje-g6r75j"
"boerje.brislawn@edu.tbz.ch"|"sTXS3G-npvfjp-h84kLN"
"becassine.wilce@edu.tbz.ch"|"8nuYwt-e#nOju-orL45n"
"personnalisee.oels@edu.tbz.ch"|"IKsKB#-u8ntqY-8OCi8%"
"verane.pett@edu.tbz.ch"|"D4lHF1-QLrM69-QMJwfD"
"marylene.glewe@edu.tbz.ch"|"Qnc1sQ-20jSxJ-sNRStm"
"lai.elson@edu.tbz.ch"|"jKAJ#U-8ec%2C-hngkGb"
"serena.difranceschi@edu.tbz.ch"|"fsY9KG-16Cpm5-HR6Lut"
"lie.espinel@edu.tbz.ch"|"tlLoDW-gRxl6q-nfYa4$"
"marylene.fantini@edu.tbz.ch"|"FDBaUI-qlOOCj-7F%sI1"
"andre.archdeckne@edu.tbz.ch"|"IBPC2D-0&2p5K-MU%wUb"
"goeran.bohlingolsen@edu.tbz.ch"|"W9tKtP-fk0Oi7-TcG9vN"
"cunegonde.heffer@edu.tbz.ch"|"Lj62pr-1Qti#Q-aa$w9W"
"tan.fechnie@edu.tbz.ch"|"06yEoW-e0i$KY-f%MUkX"
"marie-noel.brammar@edu.tbz.ch"|"jXE@AA-#%g6Xf-aD$RV6"
"simplifies.aven@edu.tbz.ch"|"Jq63mF-%h7o7z-ogTK&e"
"melys.pinchen@edu.tbz.ch"|"&10AFR-&@ixyU-2plwOM"
"edmee.joyner@edu.tbz.ch"|"frxqVq-EP67rf-awpNxo"
"berengere.edess@edu.tbz.ch"|"zbiQlo-BFodXJ-pQU#YY"
"marie-noel.goward@edu.tbz.ch"|"FS9yOh-b7jdO6-nC7UYY"
"ju.edmons@edu.tbz.ch"|"Ph2QsE-@SctUL-V3MfOg"
"frederique.airds@edu.tbz.ch"|"qKpaEw-YxOt0%-erPDHA"
"reserves.dauby@edu.tbz.ch"|"RhZxPE-HR%UeQ-kUTZdn"
"hakan.gynni@edu.tbz.ch"|"mix53P-L7rB&Q-Ca#j%7"
"leonore.pinwill@edu.tbz.ch"|"4vBMqS-j3WNvo-xABso0"
"marie-eve.mcallan@edu.tbz.ch"|"WDPom#-xb$R60-Ay8b&w"
"naelle.yeabsley@edu.tbz.ch"|"wNH1uP-rVB3aI-Xk#GAk"
"nelie.jacobovitz@edu.tbz.ch"|"Li83hh-IFR0Lg-HsobF&"
"adele.conelly@edu.tbz.ch"|"NjlZTy-$IIN6s-eHRoKG"
"clementine.dondon@edu.tbz.ch"|"Gbg@HJ-H3S$xO-u1m&um"
"zhi.willcot@edu.tbz.ch"|"YYLmI4-x7J&e5-bXKv%@"
"chloe.janicki@edu.tbz.ch"|"jm1%&n-a%oZQ8-pMxs9A"
"meng.linde@edu.tbz.ch"|"AYEacW-O3oXcg-ANwQ7r"
"celine.janisson@edu.tbz.ch"|"0UWq@d-qXHEtA-xJR&pT"
"clelia.crow@edu.tbz.ch"|"1OCCyV-1JIvEK-IiQ@Zs"
"cecile.pyott@edu.tbz.ch"|"WsWRuF-2bYsXO-Ooj6Mq"
"ma.fidelus@edu.tbz.ch"|"acJczG-rABdBy-M2$uYg"
"marie-helene.poore@edu.tbz.ch"|"9oB$Rk-IoIZ8S-sJr708"
"elies.blanket@edu.tbz.ch"|"dfZo0C-jAKYzS-8pAhhu"
"yu.boyer@edu.tbz.ch"|"BqFJSw-gEp7@R-4w$dJp"
"celia.welds@edu.tbz.ch"|"VlqxFL-%fpMFd-wGWnX9"
"du.gunney@edu.tbz.ch"|"JuYRBc-Hix@WS-zIDSpx"
"goerel.crush@edu.tbz.ch"|"NBLSc7-1K$fKD-kN7E2&"
"marie-josee.brosius@edu.tbz.ch"|"ZPzZlJ-FGGx2D-I6xDTq"
"camelia.adds@edu.tbz.ch"|"n86WOQ-OOarOH-WuwvsA"
"anae.irwin@edu.tbz.ch"|"bIzXku-SCpd%S-HY%W#h"
"cleopatre.skeffington@edu.tbz.ch"|"u5N3GT-INO1Uv-VlVHYL"
"gerald.suggate@edu.tbz.ch"|"nJiCaT-QEMtyW-UFXMsp"
"laurene.tailour@edu.tbz.ch"|"LXPjVq-rj&yH2-Lm7hjd"
"amelie.hoble@edu.tbz.ch"|"U74mN1-A1@oga-#6WxZ6"
"venus.getch@edu.tbz.ch"|"p@lLqV-adPRl5-Yup$Dn"
"renee.treby@edu.tbz.ch"|"MggeYS-wgbGIM-My70@v"
"almerinda.stait@edu.tbz.ch"|"CHeyF0-nrWVHW-tsQYVB"
"andree.reddecliffe@edu.tbz.ch"|"jiIg2Y-#lspv1-OW&MvE"
"leone.wintle@edu.tbz.ch"|"%#T5hd-Gmf5tC-3Yi5ER"
"gerald.fellow@edu.tbz.ch"|"Sd9Kwy-FwfPTb-wEmWr6"
"ju.gudger@edu.tbz.ch"|"r5a6cD-h$FfJf-8LVa$u"
"meng.ohaire@edu.tbz.ch"|"mPN0ml-3k4vl9-JHZNdt"
"cleopatre.missington@edu.tbz.ch"|"%qmMJ3-mk&znH-d7cxEJ"
"annotes.debruyn@edu.tbz.ch"|"@tcvAV-R58uIg-mK1qFf"
"gerald.sinisbury@edu.tbz.ch"|"adKRYG-8fEsx2-XhWmvw"
"creez.slora@edu.tbz.ch"|"GyMZtE-4Ht7cA-@8SbcN"
"gisele.benbow@edu.tbz.ch"|"Bo@Hdm-98um7o-UIp&$j"
"pal.dossit@edu.tbz.ch"|"Gu0RTa-e%eJQH-&52GI3"
"nelie.stirrip@edu.tbz.ch"|"5DN81F-2AtVT7-94letI"
"alois.ocrigane@edu.tbz.ch"|"xvczQz-CXVqxf-w&EWaK"
"kui.mcterry@edu.tbz.ch"|"VS3@1I-sKDTpo-aTCdmT"
"long.willgoss@edu.tbz.ch"|"Fxr%MF-g92jVH-BfvQhw"
"francoise.sumpner@edu.tbz.ch"|"@4EXkz-55BYAv-T&idDs"
"maely.grinstead@edu.tbz.ch"|"4rVwEM-Ua2Hsa-#zqqpC"
"creez.langeren@edu.tbz.ch"|"SXU%g2-SbbvMd-nyD&TG"
"adele.dungate@edu.tbz.ch"|"%1vzFU-Oy5K5S-J1K5aP"
"cleopatre.noirel@edu.tbz.ch"|"NpBnw8-qu#2fI-8YEh5k"
"interessant.daverin@edu.tbz.ch"|"30AEB0-8NFuIz-uJUi17"
"naeva.kalderon@edu.tbz.ch"|"T&3o8e-Ip&mlx-cZD6MK"
"anais.oshesnan@edu.tbz.ch"|"UFp6Sl-Zcpjsl-o1Y0ke"
"judicael.anelay@edu.tbz.ch"|"ZkVLzK-A2U@eA-QK90%u"
"eloise.braxton@edu.tbz.ch"|"d6CESQ-u9zHjV-fJEwqj"
"desiree.greguol@edu.tbz.ch"|"745N49-NY4PQO-y04MFd"
"maite.mcclenaghan@edu.tbz.ch"|"f4MiLJ-MSZHOT-Ig%A94"
"meng.doret@edu.tbz.ch"|"#PotyH-19w$79-2uM$37"
"frederique.chippendale@edu.tbz.ch"|"2TVqi1-mi7ym$-#fZGRx"
"andreanne.lanney@edu.tbz.ch"|"ZPN7sl-W#ZMfp-BxOewp"
"aurelie.claus@edu.tbz.ch"|"oolU4c-O9FrTS-Qh8#Go"
"renee.pabel@edu.tbz.ch"|"yR1sNW-s$ZTu#-HviEhj"
"maena.roust@edu.tbz.ch"|"S$#6ym-S2oAlv-sJQ395"
"nadege.carwithim@edu.tbz.ch"|"yS$cgf-IXEsme-#UUaj#"
"solene.geyton@edu.tbz.ch"|"muyld3-kJO1MR-9zex3z"
"dafnee.avraham@edu.tbz.ch"|"@ncKrE-MgZctj-jt3J6L"
"leane.woolvin@edu.tbz.ch"|"aDcCy6-8&ZeXE-aFRFc4"
"adele.macadie@edu.tbz.ch"|"0eMoU9-KoDK6Z-k7v#ZW"
"meline.rubica@edu.tbz.ch"|"$hXf5m-C1Tju1-xz79Lu"
"marie-noel.speeding@edu.tbz.ch"|"w%X4U&-OMysCm-0LeT6P"
"nelie.mix@edu.tbz.ch"|"dkgzKG-Rlytmk-GNYeF$"
"clea.ollett@edu.tbz.ch"|"UXJSqt-M0YysH-v#d0Iv"
"leandre.mcgavin@edu.tbz.ch"|"#ZUE9D-jFUOV5-go$7C3"
"cecile.behne@edu.tbz.ch"|"k@GorI-s67KeG-dEFNJ1"
"melanie.polle@edu.tbz.ch"|"t8xZ5N-9Z5Asa-HXq66X"
"marie-josee.titmuss@edu.tbz.ch"|"beYjS5-gSoGZF-L6f6nY"
"helena.guest@edu.tbz.ch"|"jdxf2r-YCh0AH-sHgCuF"
"annotes.chicchetto@edu.tbz.ch"|"04T@i8-50CDbJ-UzIhXt"
"melia.tubb@edu.tbz.ch"|"nrMbL0-nold2T-tZOlga"
"angelique.casetti@edu.tbz.ch"|"c0iN3T-F9DxD#-gTZYNd"
"cunegonde.cleall@edu.tbz.ch"|"vW5IE8-1r&Y2O-@hEHr@"
"camelia.oaker@edu.tbz.ch"|"Br3Bd$-aBTa6z-vrvq&%"
"you.searight@edu.tbz.ch"|"8fFeWR-30CCH9-$6Yy&a"
"kevina.dederick@edu.tbz.ch"|"koiJkC-QBDxzH-rFTjn%"
"milena.jeffrey@edu.tbz.ch"|"$yau2z-ZX1&x3-j@hDqK"
"melodie.barkshire@edu.tbz.ch"|"mRlzJX-GJkR&2-oMeTJ6"
"gaelle.kreutzer@edu.tbz.ch"|"j5ao00-7RSvi6-a@fWoG"
"kalliste.kleinpeltz@edu.tbz.ch"|"F3EsoX-6ZxOHw-Ot#NYf"
"clementine.danat@edu.tbz.ch"|"&tr%PU-zbMXke-Em8Y8S"
"andrea.wabb@edu.tbz.ch"|"f@3wX4-LwnDu@-1wZTQL"
"geraldine.piesold@edu.tbz.ch"|"24d2bI-XTzvy9-rpxBiR"
"tan.fiveash@edu.tbz.ch"|"jjlxrQ-HaWU6s-Igcfhs"
"meline.yuranovev@edu.tbz.ch"|"dXBohh-K2Riph-gl4i3t"
"therese.holme@edu.tbz.ch"|"NM1X0Z-XeA8Md-Q@0U$l"
"salome.vaney@edu.tbz.ch"|"oJG0fR-RJgIxB-eN%SoA"
"anae.abramson@edu.tbz.ch"|"eDX4fk-7d8tZp-1hXZQg"
"kalliste.jimson@edu.tbz.ch"|"exEPCg-KAF8uj-uMzllN"
"selene.yole@edu.tbz.ch"|"#A36C8-7m&wfn-kl#yAE"
"agnes.defraine@edu.tbz.ch"|"c8seGK-wB4c6r-G53r5P"
"faites.mccluin@edu.tbz.ch"|"uEE7GP-8U%pm3-n7ZZoS"
"athena.deme@edu.tbz.ch"|"LCLsZl-qWZfWu-dHlMXl"
"daphnee.brigstock@edu.tbz.ch"|"dpQyjx-LWKi4x-Fo1b@P"
"goesta.skaif@edu.tbz.ch"|"avkujv-tRhkdN-IskRr&"
"oceane.jagoe@edu.tbz.ch"|"Oubhcs-sh8F@o-WNDkEC"
"annotes.broomhall@edu.tbz.ch"|"CyWP23-WRtJsX-z3VDva"
"marie-eve.ballendine@edu.tbz.ch"|"Cphgxi-mAlSo3-CgO0JP"
"melina.spykings@edu.tbz.ch"|"HIxY45-#@rrEn-oAQ3Me"
"laurene.ticehurst@edu.tbz.ch"|"#TCYV7-DqkqUP-oRMbih"
"fei.avramovic@edu.tbz.ch"|"aOh8C3-0$XMyH-i81Bob"
"publicite.strathearn@edu.tbz.ch"|"%GISF#-pxO4IL-UDcJ23"
"torbjoern.garrow@edu.tbz.ch"|"eMNiE@-Ya$Lnc-YfedVd"
"chloe.rubinsztein@edu.tbz.ch"|"VJYlKu-eeyZs3-p4dA#X"
"mylene.demanche@edu.tbz.ch"|"sm4v4S-3KO%1W-t7kAH3"
"mediamass.godlonton@edu.tbz.ch"|"c3KKJE-X$uAWg-Kmr&qU"
"renee.shurrocks@edu.tbz.ch"|"Jmy7b$-Ok71p&-RksZcW"
"maiwenn.jedras@edu.tbz.ch"|"NsrMXz-zNn5bt-%aCJmL"
"genevieve.castells@edu.tbz.ch"|"gYt3z0-LW51Fx-OWVFjf"
"renee.sneden@edu.tbz.ch"|"tMAb%F-3#VED#-mPea9A"
"lai.mccallion@edu.tbz.ch"|"9OYjW6-TvEXnf-mSjPvz"
"kevina.impleton@edu.tbz.ch"|"MMLeDy-ZSfDHr-%hRcEN"
"oesten.fresson@edu.tbz.ch"|"$QJHoe-wZ0Uyl-5Ra%5C"
"verane.shawley@edu.tbz.ch"|"l51bQ7-rxUtN3-yk@qQp"
"uo.sjostrom@edu.tbz.ch"|"h5cQcJ-siY9tU-5oDY@4"
"gisele.gothup@edu.tbz.ch"|"OJQb4L-agnvBx-jtXxbz"
"renee.beauman@edu.tbz.ch"|"9GfQ@C-McdoLO-#5Ml49"
"elies.loton@edu.tbz.ch"|"xqNEq#-0%PhR9-erBgud"
"valerie.elsmore@edu.tbz.ch"|"m9y9zX-%hbzCG-@1pI$y"
"berangere.delafeld@edu.tbz.ch"|"grSrH#-m5lIZe-uAeGhY"
"bjoern.schimke@edu.tbz.ch"|"Qb4tEu-dTDGA4-8VX7L0"
"loic.ericssen@edu.tbz.ch"|"gPvnVF-SQar74-m9LG@3"
"creez.richarz@edu.tbz.ch"|"DPBFL$-ddyaE#-LydrhZ"
"athena.grocott@edu.tbz.ch"|"RGeg37-%1WVxs-rolM7u"
"naelle.piotr@edu.tbz.ch"|"FkGZhi-dDYvaS-bg1AWW"
"maella.paulson@edu.tbz.ch"|"Qp08ef-E#gcA1-IhhCAJ"
"song.perot@edu.tbz.ch"|"B%uKfo-V5e&ne-7yvqjY"
"kalliste.heckney@edu.tbz.ch"|"v3YJJW-jCGtYl-NTE5AY"
"ake.vasyutkin@edu.tbz.ch"|"OAYDeu-STLxez-qHgTXQ"
"ma.castles@edu.tbz.ch"|"gBoH2d-8jTWD@-WllieH"
"maely.monget@edu.tbz.ch"|"#X9MrO-svOFz9-vsUqmD"
"tang.durbridge@edu.tbz.ch"|"6OL$R2-PPMpHO-d%2ODD"
"laurene.andrew@edu.tbz.ch"|"w#tyyg-UvEHFX-RrNItI"
"lysea.beacon@edu.tbz.ch"|"nvhVhq-T#vj@#-PVm7vq"
"leandre.peyntue@edu.tbz.ch"|"Zh@#6p-4rriBG-0cASZr"
"rao.trever@edu.tbz.ch"|"7ulDgH-39BUS$-G&J&lM"
"mahelie.streader@edu.tbz.ch"|"2r4ntP-qMu1rd-5WNdoP"
"maerta.andrejevic@edu.tbz.ch"|"@JLPK5-ZDP96I-9xPw8%"
"goesta.tompkins@edu.tbz.ch"|"5aNwmz-5bduOu-m8puRu"
"helena.agates@edu.tbz.ch"|"TKreNr-ukyufx-1Hl&#c"
"therese.glass@edu.tbz.ch"|"WgwyxV-aSGdie-kif8s7"
"alois.foan@edu.tbz.ch"|"RPgNYI-#A%R8e-CyYqLm"
"becassine.melchior@edu.tbz.ch"|"xuL1u8-FF6xuU-kTqD%b"
"cloe.robart@edu.tbz.ch"|"@RURYy-wVBDCB-5Ziy3o"
"daniele.puckinghorne@edu.tbz.ch"|"a$oyva-ufowsr-SyHh9J"
"selene.cammidge@edu.tbz.ch"|"&m8Aku-#Qv$7R-Mgm9Jq"
"regine.conochie@edu.tbz.ch"|"fmGDll-XM9d7k-T0azXl"
"interessant.tuiller@edu.tbz.ch"|"yqs0&0-HqwaNJ-PxF7QA"
"long.tiebe@edu.tbz.ch"|"8fAqyD-OZNMum-bs4CFY"
"mans.yele@edu.tbz.ch"|"lRT6xq-0daKKE-VIHj@3"
"ai.giles@edu.tbz.ch"|"cW9@ku-a4n3t#-9a@JY0"
"gaetane.hamberston@edu.tbz.ch"|"zo%1kn-J2OyXx-sL%5RO"
"marylene.fenix@edu.tbz.ch"|"7$G@4f-eA6tZX-Op5F8W"
"geraldine.graeme@edu.tbz.ch"|"i1r2VY-n%y8$B-LV9RGs"
"tang.kinglake@edu.tbz.ch"|"fwnJ9s-yoVIkI-6%&AES"
"lai.challoner@edu.tbz.ch"|"#ogXqZ-Y6IJE@-N6MfL7"
"desiree.mattei@edu.tbz.ch"|"JoUB@m-rAowne-4oOQEw"
"ake.erley@edu.tbz.ch"|"VJnmHR-VxLul7-ea4SFo"
"edmee.cavil@edu.tbz.ch"|"p09%uU-WJ6fI6-p9M2bs"
"alois.moyes@edu.tbz.ch"|"UsgSJY-0#CBD0-hpBb4W"
"becassine.pitman@edu.tbz.ch"|"93Byd0-X$xyia-LrmyWh"
"ai.giacovelli@edu.tbz.ch"|"vN%PAN-JT#ebO-N0pWGp"
"judicael.fruchter@edu.tbz.ch"|"W4LSUE-KC%v81-9W0zEi"
"mans.mogg@edu.tbz.ch"|"&bXwrU-nUuTDz-uuaso0"
"gerald.foyle@edu.tbz.ch"|"&&uP0c-KYs%Wi-YqMzKR"
"wa.androletti@edu.tbz.ch"|"RJk#&q-@bfSD0-PeYdgN"
"meng.ollett@edu.tbz.ch"|"$#AvpJ-KQGwU%-buhOoW"
"naelle.macmenamy@edu.tbz.ch"|"i@4OkN-HLSBJ7-s$%6kx"
"gisele.mcramsey@edu.tbz.ch"|"40MENr-XZc&Kq-iREBzu"
"meryl.scolts@edu.tbz.ch"|"D8gpsi-xPK7uR-JbQ940"
"celia.bloxsome@edu.tbz.ch"|"&UecXZ-MRTCaw-$y8Txj"
"styrbjoern.stuke@edu.tbz.ch"|"Oe@3kW-grqhw6-mcjNbb"
"felicie.gwilliam@edu.tbz.ch"|"I9pTZ#-d8yzAw-%i9Q41"
"da.harms@edu.tbz.ch"|"IaC1jd-OZnsw@-&Bk2RZ"
"celestine.baulk@edu.tbz.ch"|"rgdOVi-XWh0RT-&kuN03"
"mahelie.blackledge@edu.tbz.ch"|"jb90JI-EwKNgM-Ye9HlO"
"meghane.salt@edu.tbz.ch"|"Jk6jog-EJYadZ-Dduxp$"
"methode.paxeford@edu.tbz.ch"|"nN2OyH-DU2zPs-8xoIQm"
"asloeg.milligan@edu.tbz.ch"|"l#%e%a-oOJsG3-by0uhA"
"you.pellman@edu.tbz.ch"|"CseXNN-MRSF#v-4KGwu3"
"loic.regenhardt@edu.tbz.ch"|"f&ofJO-&Xw6eQ-Uf$oAV"
"daniele.savill@edu.tbz.ch"|"Mifnox-MJ@cV3-Yu@ccH"
"alois.cornu@edu.tbz.ch"|"kSC#3W-4%4Mr3-#PfPTF"
"oesten.govey@edu.tbz.ch"|"GeVV4O-9%68c8-ADRjau"
"marie-eve.louch@edu.tbz.ch"|"#UvnP1-Q5Aua%-nsj%vg"
"theresa.wenn@edu.tbz.ch"|"tPzBeG-mlIT$F-QiD1hL"
"andree.eul@edu.tbz.ch"|"9LYv&x-a$4Xb%-LYQYvl"
"lie.paynton@edu.tbz.ch"|"uV%$DM-Bx%yvZ-OeoW2e"
"marie-eve.girodier@edu.tbz.ch"|"j%zQix-claUO5-8k@&Ho"
"marie-noel.smithe@edu.tbz.ch"|"Tp#@RB-7FKaSc-d7R26d"
"men.bootyman@edu.tbz.ch"|"IBHHtO-YOVsSN-Vk0viN"
"ku.sugg@edu.tbz.ch"|"F@vXvC-s3Kje#-WzqJrN"
"lucrece.roseman@edu.tbz.ch"|"uk6$s#-Z8$Z1g-q1CEqz"
"zoe.annear@edu.tbz.ch"|"l3qbSf-xNtcWg-#1%g1P"
"marie-helene.rennebach@edu.tbz.ch"|"yBRiVp-dzoSXs-1ZPkIc"
"lea.djurdjevic@edu.tbz.ch"|"tYvnUd-%$KF8$-60WtV2"
"goerel.robert@edu.tbz.ch"|"pV828c-6vV8io-NxNEGj"
"mylene.foldes@edu.tbz.ch"|"IWJdY$-RVl@WD-MEHoml"
"faites.clegg@edu.tbz.ch"|"#&alZQ-73J#ZI-2xeyW2"
"marylene.crowcher@edu.tbz.ch"|"yikn9O-53Yy0P-#7%OtI"
"aimee.wimpeney@edu.tbz.ch"|"82mReb-Nb%GIi-DXp@2@"
"renee.atkins@edu.tbz.ch"|"ByH3aB-cIaqGK-ZocqP$"
"rejane.cainey@edu.tbz.ch"|"E6X$cv-D&zXdh-eUi&Vy"
"solene.britney@edu.tbz.ch"|"QAShzZ-mQKCpF-6aC5Ox"
"marten.shatliffe@edu.tbz.ch"|"xkBR2H-toVeXI-i54PFQ"
"maite.issatt@edu.tbz.ch"|"&ewWZX-&zaS8a-c2Q$3W"
"maelyss.edon@edu.tbz.ch"|"OULhf7-GFgqxz-roIYUo"
"nuo.bamling@edu.tbz.ch"|"tJjflF-5Lih&@-UUljMp"
"anais.edards@edu.tbz.ch"|"hQ3bWp-Z53X4J-ykFcvY"
"mediamass.bromet@edu.tbz.ch"|"JDuK3t-AbivG5-9UxxUl"
"beatrice.kimbrey@edu.tbz.ch"|"FWJqHC-3aW4LP-5MWrao"
"ines.lawranson@edu.tbz.ch"|"bIgeTP-d7Qh3n-7hDapT"
"kalliste.scandroot@edu.tbz.ch"|"@j8y&B-hUDyHH-1pnK1u"
"mans.barrowcliffe@edu.tbz.ch"|"#2FZST-&necWc-yeOceG"
"irene.couves@edu.tbz.ch"|"E41eBk-7#nJRb-u0myms"
"milena.mucci@edu.tbz.ch"|"yjA236-vi3eqr-gb0mt9"
"naeva.cow@edu.tbz.ch"|"IMdE2z-2togMC-ON56cR"
"audreanne.mournian@edu.tbz.ch"|"HUY@62-hHEuKG-rsdUrA"
"melia.sinnatt@edu.tbz.ch"|"UuvKe&-eAtT$i-dN@jhn"
"nelie.burnard@edu.tbz.ch"|"#xCi$i-W#8vie-SmrUF3"
"clelia.ashfull@edu.tbz.ch"|"ILEJ1a-S58F8$-RaOgYc"
"lie.macard@edu.tbz.ch"|"nOwCFA-UVjI9A-RPba%$"
"valerie.matoshin@edu.tbz.ch"|"SeIc3t-I&5tLm-5I3Z4h"
"anael.hatherleigh@edu.tbz.ch"|"WNkI1V-szDTWx-DKxx6r"
"interessant.warratt@edu.tbz.ch"|"KP9dzB-YMS2pO-ULDvOB"
"eleonore.volage@edu.tbz.ch"|"6IzBw8-tqfpU5-6lSbbU"
"zoe.stebbing@edu.tbz.ch"|"YDZ1My-kHoU34-N5T7bc"
"alizee.nye@edu.tbz.ch"|"s4fLJW-qwdEzj-MrcANu"
"celestine.bramley@edu.tbz.ch"|"eXQ9GU-yxoll9-zkeEJo"
"selene.philcott@edu.tbz.ch"|"cyMTHC-fnGgug-Qcky9s"
"tang.newens@edu.tbz.ch"|"CyFYGN-$HUR3E-bocdr5"
"annotes.powys@edu.tbz.ch"|"AQg7xn-Vay6GL-$5MLRW"
"lea.matthesius@edu.tbz.ch"|"Hj#D&S-TQpqHn-zc27Mt"
"illustree.garlett@edu.tbz.ch"|"zvDL$f-D#gR43-116%Nh"
"maiwenn.meachem@edu.tbz.ch"|"mjTNNU-kvNP3g-$lzE&$"
"marie-francoise.mcbrady@edu.tbz.ch"|"hcB5UC-Ua3@f6-ZfM%t4"
"illustree.gimbart@edu.tbz.ch"|"$oV%Jm-iYDBcS-DWi4SI"
"melys.lyosik@edu.tbz.ch"|"HvbBVc-nm0Gp%-WwJqTH"
"marylene.mcnab@edu.tbz.ch"|"Gdd7aX-wEyYRJ-J1OcKD"
"gerald.blount@edu.tbz.ch"|"xY8pci-5076jB-1IhgaV"
"clelia.shakelade@edu.tbz.ch"|"AmZ1Ek-cuzjU1-n#0gRE"
"penelope.cridlin@edu.tbz.ch"|"XQGO%A-LUZomm-2RJw%2"
"maena.okuddyhy@edu.tbz.ch"|"xYilSU-aRWJll-5GV0o0"
"athena.keynd@edu.tbz.ch"|"uoa@$%-u&smcG-DpXPem"
"cloe.dwine@edu.tbz.ch"|"%e#u4@-JqcbW#-CTc0P&"
"josephine.browett@edu.tbz.ch"|"%#fz%G-NWYWEN-CUKwaP"
"audreanne.oscanlon@edu.tbz.ch"|"l6$Kq%-dm59Me-%s6$Rd"
"fei.jeanequin@edu.tbz.ch"|"iS&$tu-FN&Ox4-RGv7Js"
"lois.gormally@edu.tbz.ch"|"#i&0Br-fN#Mt1-K9O1AV"
"marie-francoise.finnigan@edu.tbz.ch"|"AQc%yf-ZomA85-VpO$E4"
"leonore.trussman@edu.tbz.ch"|"DeClP3-QODZTp-%WD%ag"
"anaelle.trumper@edu.tbz.ch"|"m4Ei8u-y2&NUd-IEMttV"
"clemence.dionis@edu.tbz.ch"|"Wd#DWT-tHMgDV-wtRpFR"
"lois.tranmer@edu.tbz.ch"|"h3&2aN-phinVa-c78PGd"
"interessant.volett@edu.tbz.ch"|"hxyQM3-9pFek3-2EYLZm"
"personnalisee.deackes@edu.tbz.ch"|"1IKfDL-XzxpT#-ryzTr8"
"lie.vasiliu@edu.tbz.ch"|"ihE6Uy-wkmvCh-2fzyd6"
"dafnee.lamputt@edu.tbz.ch"|"pLy@vK-$A439n-TWTq5u"
"elies.bromige@edu.tbz.ch"|"vG@gwi-jGYmd3-YSB5l0"
"helena.klosser@edu.tbz.ch"|"KMHB$f-gLr18@-2UeBxp"
"andree.grim@edu.tbz.ch"|"lJf$p6-tkoy#a-gKuoOy"
"verane.coldbath@edu.tbz.ch"|"JJoM9%-%15wWo-5G24@i"
"helena.bethell@edu.tbz.ch"|"Y&KpMO-Ei#pEp-VdASC3"
"kalliste.carefull@edu.tbz.ch"|"ociK7H-bsrH2a-1UhQ1s"
"regine.odams@edu.tbz.ch"|"KJWzRv-m3mDcR-t#vfYr"
"len.stannus@edu.tbz.ch"|"2ie&r3-HKN9aT-Yg%U0O"
"angelique.works@edu.tbz.ch"|"s8Nsa2-L9#F@l-UPvZ2W"
"goesta.rheaume@edu.tbz.ch"|"MaYL8&-MG4TJh-sEgc@P"
"maelys.tynnan@edu.tbz.ch"|"k4f&WC-YjU%h8-dbtVYb"
"maelle.carlesi@edu.tbz.ch"|"TYSMg#-%ul5LN-ic3uLf"
"anael.spurden@edu.tbz.ch"|"ALChFV-eaIShn-edsFY#"
"helene.pumfrett@edu.tbz.ch"|"iMtzxd-jsn%sW-W02LmL"
"goerel.pearn@edu.tbz.ch"|"65I$Q%-oYNr68-zTuXlS"
"laurelie.dezamora@edu.tbz.ch"|"eGhgYq-9g0wYH-vf9JhA"
"yao.twidale@edu.tbz.ch"|"@kbDj#-#He0Eo-qdjgND"
"berengere.sola@edu.tbz.ch"|"B2&bW%-ug9u$W-U$mob9"
"maelann.hardistry@edu.tbz.ch"|"Ne#wPJ-1HTj0y-G#v6Cb"
"severine.littlefield@edu.tbz.ch"|"dUmpXG-Dj35zi-Y7n5lQ"
"salome.heinl@edu.tbz.ch"|"oYYyv1-SYI@nu-YYWAvW"
"meryl.warbey@edu.tbz.ch"|"x7sGi6-uv6i%@-9c&sN3"
"da.hunstone@edu.tbz.ch"|"1c2F#$-lv@J%N-mJezCY"
"venus.broadbury@edu.tbz.ch"|"SwZawo-lxmu4a-Eqie$V"
"meghane.rentelll@edu.tbz.ch"|"mIvCP#-ACNWvP-WqgBtV"
"marylene.drewitt@edu.tbz.ch"|"VGnPJQ-L$vXUg-tR0TlA"
"melinda.jacquemet@edu.tbz.ch"|"2ZerGI-s%gliI-ZDtC5W"
"marie-josee.keyden@edu.tbz.ch"|"@xsfX@-r%1bi0-Yc&&H7"
"asloeg.montacute@edu.tbz.ch"|"B#X0aC-Fq$UgT-NWQJjr"
"ku.andreou@edu.tbz.ch"|"UdYoFu-W&shD5-C26pGk"
"personnalisee.feaveer@edu.tbz.ch"|"Dp&bee-G%9Huf-abo7Ms"
"laila.emptage@edu.tbz.ch"|"YSev8%-r@o6wY-rqV2t7"
"bjoern.dawdry@edu.tbz.ch"|"A4Yfp%-Yn62AG-WYU$m#"
"marie-eve.dinsell@edu.tbz.ch"|"LDmlDJ-mYfmfa-0whoDN"
"helene.follett@edu.tbz.ch"|"Lah4V%-EPrasU-X68FtT"
"penelope.cordero@edu.tbz.ch"|"iDhVPk-Jru3VB-X@bXbg"
"boerje.beedell@edu.tbz.ch"|"g0P4Xs-&iy0wJ-GGNkD2"
"nelie.ferne@edu.tbz.ch"|"&MSx6Q-8IQd@9-Qxv2kw"
"celine.ahmed@edu.tbz.ch"|"pEjxUz-JoC%Q9-F8LLD2"
"stevina.pimblett@edu.tbz.ch"|"7aKQzF-PWyLgY-Rops02"
"chloe.langlands@edu.tbz.ch"|"N95ofI-NmuiE8-$Rp$1H"
"simplifies.maude@edu.tbz.ch"|"oMIhzO-hmcj$a-rUhJQL"
"genevieve.decarteret@edu.tbz.ch"|"Mg5r3H-@iTQdg-d0smDM"
"marylene.mughal@edu.tbz.ch"|"b12s7F-CBjRDs-bxdZ2i"
"goeran.guttridge@edu.tbz.ch"|"#t9sLZ-iJNMPR-RqHGa#"
"michele.smurfitt@edu.tbz.ch"|"ltSkyu-jdu4U1-uQ%YoV"
"methode.hadeke@edu.tbz.ch"|"bJgT1R-OZxO$t-b99ozR"
"therese.rispine@edu.tbz.ch"|"yb3JMV-UhCuQD-drbd66"
"goerel.plumley@edu.tbz.ch"|"G3rgfE-fAmxRH-&YOiWD"
"oceane.friett@edu.tbz.ch"|"66dIwf-i1Bvyy-iib9IZ"
"marie-noel.achromov@edu.tbz.ch"|"@dpjIr-fVbxv8-Ef4o9W"
"dorothee.storek@edu.tbz.ch"|"D9p5VC-iGk1Q5-im0gjn"
"goesta.whittle@edu.tbz.ch"|"BG6Xuy-0G388#-Sg7xq1"
"desiree.casely@edu.tbz.ch"|"iZWBhT-BKdFjS-vjj$hw"
"felicie.condon@edu.tbz.ch"|"&R$VFI-DxXmHU-HJlk%c"
"maelyss.frisdick@edu.tbz.ch"|"vT@Mta-hM1M0W-u6TmHW"
"aimee.banke@edu.tbz.ch"|"0z#BG7-9yOtnz-0MHalE"
"naeva.hodcroft@edu.tbz.ch"|"PiV2VK-Xb8yj2-BppH1R"
"laila.gerrans@edu.tbz.ch"|"3RU462-RCL&jD-DhwSwV"
"daniele.scrimshire@edu.tbz.ch"|"nK6SRA-rCyhoh-LOZ8te"
"daphnee.sheerin@edu.tbz.ch"|"#Z@quA-pTSSHf-LuxpFi"
"pal.vanyukov@edu.tbz.ch"|"6xeZn7-6pz2sY-WGqg$D"
"zoe.childs@edu.tbz.ch"|"ZLMZ7T-36Or#o-%DEeYw"
"ai.corde@edu.tbz.ch"|"gy#AgP-fqLl#T-mf2X%q"
"maelys.berryann@edu.tbz.ch"|"7BKPQr-v7ZXRe-ZXdLsE"
"cloe.gladding@edu.tbz.ch"|"lpV&Bg-ih7pFO-kdnMC#"
"wa.kinnaird@edu.tbz.ch"|"eJBWD8-MJ7ut2-l9FQhT"
"publicite.brittoner@edu.tbz.ch"|"o9223n-7rtUiE-wtjajb"
"rao.windress@edu.tbz.ch"|"GGkw73-qGbTzw-rPmtBG"
"uo.kollach@edu.tbz.ch"|"Cf2OH2-h9$TZY-0%FiO5"
"josee.peskett@edu.tbz.ch"|"PCjkW3-2BkHfY-5Co53H"
"annotee.hasel@edu.tbz.ch"|"xr6KpG-0#u$CS-oLZd7j"
"cinema.lee@edu.tbz.ch"|"VVF8Fu-u4RGvd-w8tn6q"
"lai.vedeshkin@edu.tbz.ch"|"CU1Aq#-3Ky3We-cL4z0&"
"renee.brisbane@edu.tbz.ch"|"vLj61W-qgxmW&-v3e1QC"
"ophelie.blincoe@edu.tbz.ch"|"8LZH#&-8QmVGq-g2I@CF"
"zhi.prazor@edu.tbz.ch"|"LmQcOV-i%ad64-W44yMH"
"annotee.maddicks@edu.tbz.ch"|"wM$KoO-hxl5Vu-pnOTJ7"
"maelyss.codd@edu.tbz.ch"|"w2vLbq-Q9EBW6-v3jOFe"
"celia.peplay@edu.tbz.ch"|"tD$7jO-6IyUJ8-@#qSXI"
"interessant.skone@edu.tbz.ch"|"4lns9#-OQJKHO-syehfX"
"audreanne.hebdon@edu.tbz.ch"|"ZqOzr#-dcFXv5-@c#sg1"
"oceane.glen@edu.tbz.ch"|"Gz4IUx-5KBy9b-VZNkeu"
"daniele.vanyushkin@edu.tbz.ch"|"NPlPDi-ZZesWx-JO%gMu"
"daphnee.ayce@edu.tbz.ch"|"&WQ4q8-afHF@1-m$bKQZ"
"andrea.attride@edu.tbz.ch"|"GGC&O4-mGSpxQ-BCaJhZ"
"penelope.bridgwood@edu.tbz.ch"|"tPDOZd-DT%CRZ-3iPoI8"
"mailis.drewitt@edu.tbz.ch"|"687AzW-ZXNpy9-P@iNbE"
"penelope.mollene@edu.tbz.ch"|"wNrsjN-xZt95w-X3KB3T"
"illustree.keely@edu.tbz.ch"|"3jBssf-mxsMUm-FVqwCy"
"meng.brisseau@edu.tbz.ch"|"1aVDqh-aD%cAp-GWLswf"
"ruo.cleiment@edu.tbz.ch"|"7SmnCP-xl$U20-ntu&NJ"
"maite.krammer@edu.tbz.ch"|"@CBmS8-XjCE9k-pq7Z&G"
"genevieve.verry@edu.tbz.ch"|"F@%MtA-p4wA2D-2vcnAS"
"lea.olochan@edu.tbz.ch"|"BsvVoT-l6KeHF-pzrA#Z"
"naelle.brunnen@edu.tbz.ch"|"I8ikiy-L0fXsO-pe@O3b"
"goesta.bragginton@edu.tbz.ch"|"HTHRC0-NS3X1c-8$TV$p"
"fei.danilyuk@edu.tbz.ch"|"3xWBlF-mJjcFE-lU3HkN"
"adelie.turbitt@edu.tbz.ch"|"hAsi95-hk9b9d-1AL3k9"
"marylene.nutman@edu.tbz.ch"|"Ra4s6s-nZfev6-7$#wHq"
"therese.barbrick@edu.tbz.ch"|"Qg24lC-i0ld&A-NwuIdB"
"melys.kolodziej@edu.tbz.ch"|"3K16bl-wVAk2U-pTq$cB"
"melanie.runchman@edu.tbz.ch"|"3kRQfS-0lXj9#-HTyWd1"
"serena.lafond@edu.tbz.ch"|"ifE8KO-uN9KnI-6vRUF5"
"pelagie.desmond@edu.tbz.ch"|"On0DAX-AADyNr-Kxnz$e"
"wa.spickett@edu.tbz.ch"|"D%GKbd-FGraoP-D#WmgC"
"po.shave@edu.tbz.ch"|"kv$mCd-izTjeM-19@4wL"
"song.huikerby@edu.tbz.ch"|"Ghe%ya-uKlbRv-LlonFL"
"melinda.bimson@edu.tbz.ch"|"1Dn58l-9ZHuXU-ZK3Rdc"
"personnalisee.toffanelli@edu.tbz.ch"|"C$kHPo-5fmyUh-mW0T1m"
"leandre.hurn@edu.tbz.ch"|"T9FHIw-o$zHs6-L5JlWS"
"oesten.standell@edu.tbz.ch"|"818bcd-jAbXcM-CTok2Q"
"naelle.smaleman@edu.tbz.ch"|"f&fDfU-H0Pyav-$FSDUB"
"berenice.tayt@edu.tbz.ch"|"G#0mwJ-ZrPrUv-gba7HJ"
"kui.popplewell@edu.tbz.ch"|"mFrxrz-enbrCv-OULD3Q"
"melodie.ferandez@edu.tbz.ch"|"HZfmrF-vT7NAp-CUG6KZ"
"josee.negal@edu.tbz.ch"|"qzGZHY-j3$PV%-kb$Hd$"
"melissandre.ferrelli@edu.tbz.ch"|"KImUzn-tCRz@@-SaxU8s"
"josephine.kemmer@edu.tbz.ch"|"unZ7NP-UCF8qZ-ks6Qfu"
"maely.cayette@edu.tbz.ch"|"2k0bDM-w3pDaC-Z70vF1"
"nelie.vela@edu.tbz.ch"|"0jv%57-Yfz&aU-J#ZDL9"
"melina.cortes@edu.tbz.ch"|"BJe4UH-uPqgcd-u&IrQS"
"megane.leyshon@edu.tbz.ch"|"8M&Obt-3ctgRg-6Jh@Xh"
"regine.harrie@edu.tbz.ch"|"%EGBd7-RBhI5Q-hgyrM2"
"mylene.widdison@edu.tbz.ch"|"2Rp1vi-cIyEjn-NR5@Bu"
"pelagie.vivash@edu.tbz.ch"|"lW8&xv-f@opKw-KkU8SH"
"styrbjoern.vicarey@edu.tbz.ch"|"94mBM4-vlOZwl-HS2&Mb"
"long.kyles@edu.tbz.ch"|"MOdc8%-JZT7Ag-DThZpM"
"stephanie.gipps@edu.tbz.ch"|"OJbsXj-hgnbAE-mZhWOC"
"clea.constantine@edu.tbz.ch"|"%v0TOO-YI12U2-$HRsSM"
"maella.cometto@edu.tbz.ch"|"LIc&gv-wh4OKk-PQAtWd"
"laila.aubrun@edu.tbz.ch"|"xfte20-&#uCr7-UGbL89"
"yao.austins@edu.tbz.ch"|"fh0jL#-8XoLUz-%1#xEc"
"mailys.rylstone@edu.tbz.ch"|"gbgJE8-1CtPM1-bVvPJe"
"adelie.curuclis@edu.tbz.ch"|"kgjY&t-0&r9$h-@oSmVE"
"celine.longhurst@edu.tbz.ch"|"N$U0bo-tFpb$6-vEXmgR"
"gisele.hazell@edu.tbz.ch"|"7#PV%S-2ef7sr-ihm#Xc"
"celestine.ciccone@edu.tbz.ch"|"g0Sqzb-a&BdGc-R7Nq3v"
"maelyss.doole@edu.tbz.ch"|"vW1uZ$-gl9zkF-F5nUrM"
"helene.grimsdike@edu.tbz.ch"|"hKiIBj-EW8f1M-o%ctrT"
"lie.macer@edu.tbz.ch"|"K$PKdO-JVm05y-uIDfmF"
"maely.izard@edu.tbz.ch"|"kBW5#S-LdLUDk-QkDfPQ"
"erwei.breewood@edu.tbz.ch"|"aW1xf&-4KcQhL-R@yW6V"
"chloe.woolford@edu.tbz.ch"|"bEfBY@-$Zqblt-qtujlU"
"cleopatre.turpin@edu.tbz.ch"|"oBCJk9-J5@TvD-ZAjd7S"
"melodie.surgison@edu.tbz.ch"|"zfb3Vf-m4iyCv-Ki5igo"
"elies.leander@edu.tbz.ch"|"eGnd11-hJKxlj-3V12yl"
"mediamass.reignould@edu.tbz.ch"|"TibICX-fKEv2q-cp5dE1"
"celestine.wasmuth@edu.tbz.ch"|"DZ2Toa-CdPgvw-3%gf6F"
"marten.jervis@edu.tbz.ch"|"D$cKrW-jx9ylE-LwYLuI"
"daphnee.bour@edu.tbz.ch"|"bOdhOy-MqSglx-fRrw06"
"regine.harlett@edu.tbz.ch"|"227wj1-u@iBzz-Xg2xq6"
"noemie.macaskie@edu.tbz.ch"|"hDZngL-66DbwO-$ME@N&"
"loic.renfield@edu.tbz.ch"|"PQoFtU-JVT6xP-AME8IK"
"venus.kleinert@edu.tbz.ch"|"0b1PpS-eL6Baq-LasRcW"
"marten.burlay@edu.tbz.ch"|"jBkkqG-t1UOct-1JKFEi"
"berengere.radsdale@edu.tbz.ch"|"L5GCF0-uwyn8e-$dAY3J"
"genevieve.duckit@edu.tbz.ch"|"95%KXS-B1s044-Af2zVy"
"maely.ligerton@edu.tbz.ch"|"ZJnZnS-m1NF0s-nu#5sm"
"maeline.ricciardelli@edu.tbz.ch"|"ldr61X-vYU5pG-gTk2pv"
"personnalisee.yggo@edu.tbz.ch"|"DaRQxi-GdD6Vz-$LNr@$"
"alizee.pettinger@edu.tbz.ch"|"IVvqtk-CyG3Ac-2JSfge"
"desiree.curnnokk@edu.tbz.ch"|"BC5DBo-oX7glm-NtQnuM"
"dorothee.minors@edu.tbz.ch"|"cuCsc5-Zg@YMQ-7js95h"
"oceanne.kopmann@edu.tbz.ch"|"TubDY5-Y30Vjt-ZQGZyi"
"almerinda.brodbin@edu.tbz.ch"|"19P5Ah-32f@Aa-HxYM9M"
"yenora.carsberg@edu.tbz.ch"|"Usis2q-4#z$oE-aExj3q"
"wa.beetles@edu.tbz.ch"|"gtcg#e-D8uVEL-xUeq0b"
"audreanne.abbot@edu.tbz.ch"|"YC0gIH-t&vF5I-NPc6o@"
"noemie.capper@edu.tbz.ch"|"YjPp2X-W0Jkac-X4PTOD"
"mans.abramamov@edu.tbz.ch"|"#4K6$n-l4566u-ByJ4aa"
"audreanne.blakey@edu.tbz.ch"|"Juqzd$-h@FzlB-y&#AkL"
"leone.klimpke@edu.tbz.ch"|"G79x7L-UmOO2P-IeRzOv"
"lie.croston@edu.tbz.ch"|"4pO@Mz-IllBP1-qdO6P0"
"anaelle.baistow@edu.tbz.ch"|"Rly5AT-pcdGkw-klcbJs"
"michele.garwood@edu.tbz.ch"|"$D%@ED-iGADaF-uUI47%"
"interessant.albion@edu.tbz.ch"|"F@@cLl-$jmUmG-3Cbnt#"
"andre.brisco@edu.tbz.ch"|"aI8h$V-ah2Bhn-xc%8lq"
"tang.totterdill@edu.tbz.ch"|"c3XXZm-5yQjr@-zJBY@L"
"marie-josee.braundt@edu.tbz.ch"|"MHMp43-pgPmLU-LcQu4J"
"lois.galer@edu.tbz.ch"|"HfEvhW-EDAX6e-rqLAyk"
"faites.pellamonuten@edu.tbz.ch"|"uon@&T-P8EQ9T-lpJlEq"
"mai.barfford@edu.tbz.ch"|"toUhjL-e5aXKS-rsbL80"
"laurene.macilory@edu.tbz.ch"|"jWgYw#-qLQhLQ-0tR6HD"
"elea.peak@edu.tbz.ch"|"ob2#bG-1kUEvH-npL@Au"
"rejane.doni@edu.tbz.ch"|"jdDJbo-$g2JdU-elIX$$"
"mahelie.ector@edu.tbz.ch"|"#JC@t@-IfLeu5-z4G37D"
"rachele.allum@edu.tbz.ch"|"llM1ee-6fmX@v-6McSbM"
"laila.gerretsen@edu.tbz.ch"|"vad%jt-#kr$q3-nleQ4a"
"ines.bowman@edu.tbz.ch"|"@6J6ml-M@eOx7-EJomPK"
"publicite.barbary@edu.tbz.ch"|"3IEt#o-gAxeN6-vaUPXh"
"mailys.smooth@edu.tbz.ch"|"GUWwU3-m4OV6I-Bcpd%o"
"mailis.huguenet@edu.tbz.ch"|"wbS5Cn-&Yh$Ba-0AUqfv"
"lea.ewer@edu.tbz.ch"|"7HmzXM-2ry7rg-$slLom"
