"email"|"password"
"melodie.vandervlies@edu.tbz.ch"|"IX#5O3-VL%oi6-hsIY58"
"angele.edgecumbe@edu.tbz.ch"|"FQ@2P1-&tDsvZ-2r9l19"
"zhi.andreasson@edu.tbz.ch"|"gjwi5n-RzyW%X-lTw$Kd"
"judicael.koppeck@edu.tbz.ch"|"0k#vFA-ujEYuJ-QtKMO9"
"berengere.capron@edu.tbz.ch"|"vSwMoA-1$MIAb-ET@UHM"
"leonie.brosini@edu.tbz.ch"|"C#vm@U-71jQ&R-2QbWkc"
"venus.garfit@edu.tbz.ch"|"Z1%4PZ-TL8#8Q-5b0X5J"
"melina.janota@edu.tbz.ch"|"CLAMC4-2ReZ2y-eQUzO0"
"laurene.bake@edu.tbz.ch"|"@&C3FV-bEEd25-S%#YPP"
"regine.dorkins@edu.tbz.ch"|"kxt$Wn-V3Oapb-#Ca@Ye"
"cecile.moffet@edu.tbz.ch"|"nqS&ol-P8N7D%-vAZ6kT"
"maelann.labrone@edu.tbz.ch"|"3FNqmt-2mwp$m-BhtwPo"
"melinda.newbold@edu.tbz.ch"|"OUj#3K-AS@rr&-NR7mKS"
"mans.itzhak@edu.tbz.ch"|"QEoy3F-#7A0JT-px1#mu"
"melodie.pattlel@edu.tbz.ch"|"LSbHgB-Ikg2lt-Ypqb4d"
"celine.bonett@edu.tbz.ch"|"iq7KIe-B5XSa4-QupqkM"
"adelie.mcgreal@edu.tbz.ch"|"86gVz&-ub9v$K-FBFAPJ"
"helene.soldan@edu.tbz.ch"|"KPo2Nt-YLj9ql-#o00@l"
"michele.cluer@edu.tbz.ch"|"DrmzYY-jN8wK%-bhzm8N"
"maeline.mueller@edu.tbz.ch"|"UTH5uo-NxX1fU-Lf4KGN"
"maelann.benedito@edu.tbz.ch"|"f&hVkk-ppKhm2-#PpvnT"
"nuo.gransden@edu.tbz.ch"|"EkIBrm-nCzSob-PNfvch"
"berengere.stainton@edu.tbz.ch"|"5aEj6x-A7kyqH-bvOMAX"
"wa.sabater@edu.tbz.ch"|"ld&Yut-enZTlm-T5sD4t"
"anais.cochran@edu.tbz.ch"|"ykKjgJ-D#MNkq-t001%r"
"gerald.bessant@edu.tbz.ch"|"#F5p39-2QkUcS-aeB0sP"
"ruo.coffin@edu.tbz.ch"|"Li0Lr#-Q#ZgjP-yNAVp6"
"melodie.mustill@edu.tbz.ch"|"Lo6UZH-aEB%ue-MccMqy"
"ruo.stanesby@edu.tbz.ch"|"mRjl#G-L4M6d#-uND3vF"
"noemie.antognelli@edu.tbz.ch"|"W7$Ou4-1$t&AD-07fpt5"
"maelann.hughson@edu.tbz.ch"|"os5P1B-9TL#hC-Th0Y04"
"milena.mieville@edu.tbz.ch"|"iP&G#N-i1Nxp9-n%qE#5"
"mailys.chamberlin@edu.tbz.ch"|"n5WTww-TKVHzW-mADDgc"
"nadege.tomalin@edu.tbz.ch"|"a%sA#y-HhImtc-YjvZ$i"
"oceane.omara@edu.tbz.ch"|"1C1B77-PJ&zmv-f$surE"
"cecile.aguirrezabala@edu.tbz.ch"|"U4aeTw-3et#bu-Jj7BU7"
"maella.gwillim@edu.tbz.ch"|"h20O73-RdRrRd-jQrxEs"
"lea.mcgahey@edu.tbz.ch"|"ifdQNF-CTV@p7-idpJcS"
"laurene.hagerty@edu.tbz.ch"|"f5xyJf-1OYkLP-uXtZDx"
"dorothee.link@edu.tbz.ch"|"XVuDnb-N9PrVZ-jSN&Lq"
"clementine.kynsey@edu.tbz.ch"|"rHXAPu-Jr1wRk-RErRyX"
"lorene.smitherman@edu.tbz.ch"|"s%UfEz-CtmXe@-oRmf5p"
"cleopatre.klulicek@edu.tbz.ch"|"Z&#gLO-$RFaOV-%l59@m"
"laurene.castaneda@edu.tbz.ch"|"Wju6lC-UA@npk-OkFPPn"
"melia.constant@edu.tbz.ch"|"#j#RxV-qL$3Le-8M63VW"
"lucrece.clunie@edu.tbz.ch"|"0&M218-35XA7z-pxog%Y"
"eleonore.mcmurthy@edu.tbz.ch"|"Q&PqYT-sLAu3F-eawTwy"
"melia.bevar@edu.tbz.ch"|"Rory1p-c%Qcwb-2xqI1p"
"camelia.bontine@edu.tbz.ch"|"bW2Upp-@RkHp9-CNu5$#"
"methode.jozefczak@edu.tbz.ch"|"94@52N-kr6Xf7-SYkCf1"
"audreanne.hinsche@edu.tbz.ch"|"CLUX9n-hINBK7-c6jLxn"
"andree.varne@edu.tbz.ch"|"nUWcB8-PUon52-64DlB3"
"marten.kinleyside@edu.tbz.ch"|"K#7z7i-kZvyXz-LGHFuk"
"esteve.mcewan@edu.tbz.ch"|"zA1f1k-GTK0$z-7miDXa"
"leane.dibbert@edu.tbz.ch"|"Ed#OOI-XVBuyX-nYAxhO"
"ma.thewlis@edu.tbz.ch"|"8dvTJx-8l@4ga-x$nUTm"
"clea.djurkovic@edu.tbz.ch"|"zM09w$-&4mrZj-saXndL"
"rachele.reburn@edu.tbz.ch"|"WidKqH-H@%UV%-iqe224"
"gerald.gowling@edu.tbz.ch"|"p6Twpu-twY7YC-r01Wai"
"cleopatre.jackson@edu.tbz.ch"|"MJkcib-so@GjZ-vNl0Wj"
"desiree.haskins@edu.tbz.ch"|"bzq6kS-9#O9dG-%4T%4a"
"eleonore.longson@edu.tbz.ch"|"Kn%ItD-2NtTGO-nkGNpi"
"leane.dybell@edu.tbz.ch"|"YzRX0g-1pF#Mx-hOCnjH"
"becassine.grzesiak@edu.tbz.ch"|"RrMVu%-u8gxfY-J6MrFG"
"marie-josee.pickin@edu.tbz.ch"|"3FDmLX-fKmE4L-SN7kNU"
"marie-josee.roxby@edu.tbz.ch"|"trXUwZ-hewnzU-M8uP9o"
"leonie.feenan@edu.tbz.ch"|"U9y4kK-jMonmk-%S$f1M"
"valerie.ellum@edu.tbz.ch"|"ROV2K&-8wg&K6-Vv3AnG"
"ju.caseri@edu.tbz.ch"|"@Sz7Fr-&qk65f-6pOncr"
"boerje.strangman@edu.tbz.ch"|"mDKUOt-5jdsx7-92Ioxu"
"beatrice.ghidelli@edu.tbz.ch"|"Epurd$-Hc%4U3-dcfutG"
"da.jablonski@edu.tbz.ch"|"K#qW6F-Q%HMtf-n54y9w"
"uo.beveridge@edu.tbz.ch"|"EUH548-l&ofaa-OtKRNv"
"valerie.bestman@edu.tbz.ch"|"TScsDA-UbGT6W-bUVYL#"
"marlene.pohls@edu.tbz.ch"|"QF9fGD-M4xmC2-YPLYAQ"
"ma.nolda@edu.tbz.ch"|"OnWruE-Vo#2FC-jEdMZr"
"marlene.bisiker@edu.tbz.ch"|"OxVNgT-NO2uQJ-WuuJiX"
"estee.babon@edu.tbz.ch"|"PDREUi-wtVPd9-CbD5oF"
"simplifies.dmisek@edu.tbz.ch"|"ljIA18-F9LLLt-G4luyI"
"selene.ganing@edu.tbz.ch"|"7%WRwT-AaV5C@-9Qf#pW"
"meryl.penke@edu.tbz.ch"|"HBkiqj-9r863t-yhP0Jf"
"anais.rawcliff@edu.tbz.ch"|"%9XJ1U-7iS2Pj-wi@g@X"
"melina.andri@edu.tbz.ch"|"7qHBpm-VzwC83-g1cpB@"
"audreanne.fodden@edu.tbz.ch"|"Tpvser-MKOx3h-W2OoTN"
"bjoern.spellesy@edu.tbz.ch"|"Fg&oEA-BUszgy-xb0yhM"
"francoise.summerscales@edu.tbz.ch"|"oofnEJ-QxtS%B-nSW81d"
"laurene.ashtonhurst@edu.tbz.ch"|"YrkkwW-7z@DFG-uh&q@$"
"valerie.petters@edu.tbz.ch"|"7VuHAK-0nz0%B-fzKGzo"
"anael.spenclay@edu.tbz.ch"|"6ntGSo-nmgfrO-IsxeQK"
"stephanie.keech@edu.tbz.ch"|"dxZk6B-ntJ0Fh-ggp9qA"
"ines.deveril@edu.tbz.ch"|"Z#iV@v-BFG&Y8-TrBTBI"
"berenice.gelder@edu.tbz.ch"|"Q2VGlD-ZRfgUU-9B$a2H"
"melanie.ofogerty@edu.tbz.ch"|"05rvmv-A9mX1A-21n3t7"
"frederique.canepe@edu.tbz.ch"|"5$pA1t-W&J9Vy-1Lh6JI"
"nuo.otton@edu.tbz.ch"|"2RL@t%-w5a541-#oG8lt"
"genevieve.trusler@edu.tbz.ch"|"hI3ygi-@MGCZ4-OgdXDW"
"ju.boag@edu.tbz.ch"|"BVLHnH-AdyRq0-okHJZQ"
"josephine.dilucia@edu.tbz.ch"|"RVhx@n-eg1%NX-xrpVZV"
"laurene.armsden@edu.tbz.ch"|"IQWBzc-ETk$O&-vUkdd1"
"becassine.griffe@edu.tbz.ch"|"9xqxxi-UVdppZ-VSKK%D"
"alois.parres@edu.tbz.ch"|"U#AwSX-2jYetL-OmWM56"
"cleopatre.gaffey@edu.tbz.ch"|"lkDDUc-8lpeqP-QEzoY7"
"andre.stiger@edu.tbz.ch"|"uOwsRS-5ytPPW-s@t%&T"
"beatrice.godleman@edu.tbz.ch"|"nVAf7d-6#3YX5-N4t373"
"hakan.harrhy@edu.tbz.ch"|"Rm7YtH-sYJWel-ESSlIr"
"celestine.dagnan@edu.tbz.ch"|"dvAMHC-qQO6zk-D4H3Dr"
"clemence.haggart@edu.tbz.ch"|"8oS@e6-JEKdmf-AAZ#z$"
"long.caban@edu.tbz.ch"|"XNXl6K-ni$%FV-O@vplz"
"gaetane.grimble@edu.tbz.ch"|"fuc7JC-4oHD3J-aXDaST"
"maelann.piwall@edu.tbz.ch"|"SeqZXO-#RKyRp-5bBtvR"
"magdalene.loble@edu.tbz.ch"|"3@Zle7-RRry1G-vyNp6l"
"veronique.domaschke@edu.tbz.ch"|"%yRwkV-9KYNb@-ipqNVc"
"clea.herity@edu.tbz.ch"|"glC@#F-75dsRv-DOj#Ay"
"maelann.bambrough@edu.tbz.ch"|"iLBhlQ-d4a7BU-GoO&0o"
"clea.goulstone@edu.tbz.ch"|"jg5cLK-oPys8F-#5ToaM"
"renee.deleek@edu.tbz.ch"|"e$tx8A-5I$Fnd-5vjFUt"
"boerje.rudderham@edu.tbz.ch"|"mTbT$q-Lv7vjr-Zb@Uj%"
"marylene.broune@edu.tbz.ch"|"jB%JA7-oaWI28-SPWe1q"
"nadege.mccuish@edu.tbz.ch"|"2LHIHR-WHdI$#-Y06IC$"
"anael.littleover@edu.tbz.ch"|"JPz3jE-jCjkEg-l%gOsQ"
"lie.baume@edu.tbz.ch"|"otjNec-#kCP%u-HkdBMw"
"maella.murrow@edu.tbz.ch"|"wpAiSd-$Vgpaw-$#I87H"
"cleopatre.pettifor@edu.tbz.ch"|"i4#sRB-iBg%WV-n1uATS"
"geraldine.asker@edu.tbz.ch"|"MDx5Gq-STIlhz-BJs2p1"
"gaetane.smedmore@edu.tbz.ch"|"iXpPZb-aCpL12-pZOMxe"
"meryl.blencoe@edu.tbz.ch"|"YHDCsg-4oc1KW-6OqHXZ"
"aurelie.chastaing@edu.tbz.ch"|"GZh3Zc-3w@D9K-kkLP#r"
"oceanne.marthen@edu.tbz.ch"|"ivxbQH-zTmOUt-Z&16Cj"
"dorothee.burrill@edu.tbz.ch"|"@FdmWD-j8oIQw-@4Tt#q"
"hakan.belden@edu.tbz.ch"|"LrwO@z-hY5VAl-pDb1pg"
"celine.brunning@edu.tbz.ch"|"MRAukS-D3zKWM-h#Gdf5"
"anael.lapides@edu.tbz.ch"|"OhdUhG-cI2THS-vNq3Nh"
"ruo.saffran@edu.tbz.ch"|"khtW&U-8LQ8u8-YXMivi"
"loic.gerretsen@edu.tbz.ch"|"mFSVX#-1MYTGL-CCA#1W"
"rui.fitzer@edu.tbz.ch"|"dzx#f&-hV5kCm-JfCCL3"
"annotee.ogers@edu.tbz.ch"|"gcvS#D-vWI29R-V$VKTJ"
"boerje.bindin@edu.tbz.ch"|"hbgRIG-$AeHvN-hU$r0S"
"ma.cronchey@edu.tbz.ch"|"oBhosH-1pWsvg-rKan3x"
"laurelie.baiyle@edu.tbz.ch"|"qCCakW-aB52z%-Dq%lfu"
"dorothee.older@edu.tbz.ch"|"0y&WZa-L0AvEh-CSl4RU"
"laurena.wile@edu.tbz.ch"|"&FE&J3-KpsM58-CYI4Lj"
"clemence.brito@edu.tbz.ch"|"ydETaI-#@NFg5-ilDhsy"
"nadege.dallin@edu.tbz.ch"|"pU6ncy-#i$1qC-Vx5hKp"
"mailis.matley@edu.tbz.ch"|"rebuHd-lgDTFR-u&&1BT"
"daniele.screaton@edu.tbz.ch"|"9#1WO0-ZcujwJ-PkBVEc"
"mediamass.godly@edu.tbz.ch"|"wbhJA#-Upa@R5-ZmjSln"
"leone.kremer@edu.tbz.ch"|"vuL@ET-&l0AcI-8X2lla"
"asa.adrian@edu.tbz.ch"|"ZFsTzE-2ddaML-GM38eO"
"adele.doley@edu.tbz.ch"|"%4z0Tp-dImT28-UQ%J7t"
"fei.sidney@edu.tbz.ch"|"L84@lh-AtzHgm-#CXzke"
"marie-josee.walisiak@edu.tbz.ch"|"5cKj1v-dylW$a-JU8V2e"
"desiree.diplock@edu.tbz.ch"|"cTlAdk-9SVi9Z-#RIlS0"
"gisele.schust@edu.tbz.ch"|"qIHpmD-uLySFj-pbdp4q"
"ma.longshaw@edu.tbz.ch"|"TFn@KJ-IGF#MP-pXSRSe"
"da.boother@edu.tbz.ch"|"dHb#3&-Xfvlbp-XV&iZz"
"simplifies.chaudhry@edu.tbz.ch"|"1Aylrl-7IzIFu-upPjxz"
"garcon.baniard@edu.tbz.ch"|"OaupNY-c5$m4Y-gS9k#M"
"gaetane.elphee@edu.tbz.ch"|"erS0OV-S5hKSe-jZQVuZ"
"gisele.hassey@edu.tbz.ch"|"ege9q8-bpMjZj-ZTv03G"
"oceanne.booley@edu.tbz.ch"|"4IXwE6-t4kQCP-6Pto5R"
"oerjan.dibden@edu.tbz.ch"|"bIEZNM-NCarpl-KImlqf"
"regine.ocleary@edu.tbz.ch"|"tA$kB%-cB@hym-gNOlAf"
"selene.persse@edu.tbz.ch"|"%UQaKd-UfW5Xu-2AAP8G"
"helena.adenot@edu.tbz.ch"|"aXSsPo-yKpnt5-rRwlSG"
"maelann.wassung@edu.tbz.ch"|"kSw$0J-Nwle9V-85SzI0"
"frederique.ackermann@edu.tbz.ch"|"U7chf3-bB&A92-8fKT5C"
"audreanne.kahen@edu.tbz.ch"|"p1kT2f-kmQGkn-nDPoa0"
"maiwenn.lasty@edu.tbz.ch"|"Wz%g9Y-4Cb7bv-&bHlrT"
"yu.dictus@edu.tbz.ch"|"T8A1nQ-n8twBV-8k2rOV"
"anae.dukes@edu.tbz.ch"|"4mi6z9-QlsGFR-kqpMp9"
"yenora.warr@edu.tbz.ch"|"GA&ENx-Mwqru1-991nSQ"
"esbjoern.archibold@edu.tbz.ch"|"EPnOwc-p135sy-&JXBjQ"
"milena.pardal@edu.tbz.ch"|"FXixkq-oqWVcj-qp5O%h"
"celestine.graveston@edu.tbz.ch"|"%PNN7A-aS7iBJ-s9bm95"
"maena.dallas@edu.tbz.ch"|"wkCHts-4DXYRS-75Q0DV"
"andree.tuke@edu.tbz.ch"|"%xzZdg-znZjIS-AbKYUo"
"methode.seldner@edu.tbz.ch"|"mntw5J-Jr8b6F-Rb#3z3"
"venus.bullas@edu.tbz.ch"|"Ts&cBJ-UoTkn1-zxW3pi"
"mans.aguirrezabal@edu.tbz.ch"|"PLy%h#-Ey&ows-h#%lV9"
"gaelle.eadington@edu.tbz.ch"|"Gx@8D8-2vUK&s-tS4VXQ"
"anaelle.falkner@edu.tbz.ch"|"D6pwJe-%%I1Da-dA0$g#"
"ophelie.height@edu.tbz.ch"|"8p0#kY-Ad9nPW-G2MMtz"
"marten.bolding@edu.tbz.ch"|"@KGNqP-bZi@Tn-DyWc34"
"pelagie.guswell@edu.tbz.ch"|"S6inuH-wTX9Pa-SKRlRA"
"gwenaelle.lecount@edu.tbz.ch"|"Q1$iaC-@$fPCr-a%qI#1"
"hakan.laden@edu.tbz.ch"|"MjGnzG-0WXGUc-qVpJe4"
"marie-josee.hylands@edu.tbz.ch"|"kVh@Sv-ySHEyP-C#k6Us"
"zoe.kingshott@edu.tbz.ch"|"JhNJ@P-fwuWL0-JWo3Ae"
"josee.janous@edu.tbz.ch"|"c%Dgn9-jV1aqM-zt8UgC"
"laurene.gallally@edu.tbz.ch"|"W72sgx-SMu3t1-TF9#fQ"
"anael.bickle@edu.tbz.ch"|"VVZ@4G-GRzoIv-S6zJDR"
"mediamass.lebbern@edu.tbz.ch"|"APLb4u-qWi@ZQ-UIrZuC"
"berengere.hovy@edu.tbz.ch"|"CP#U$u-Y97dlW-#7@$#3"
"oerjan.kilmurray@edu.tbz.ch"|"sHDo3s-Qw%lPU-URLYgZ"
"asloeg.venny@edu.tbz.ch"|"dS1lyv-&DZn41-PvkGU%"
"marie-noel.stoad@edu.tbz.ch"|"Dhd%uy-bcNhrR-6AvJ1H"
"hakan.pettifor@edu.tbz.ch"|"uD5koj-Ej8xX8-8YnECC"
"maella.willgrass@edu.tbz.ch"|"orlHDZ-z@fWf4-Ij#XjQ"
"therese.ludovici@edu.tbz.ch"|"d2gJ6s-O4yaV6-M4C2WW"
"stephanie.trewhitt@edu.tbz.ch"|"KYIPR#-zJX1nE-oqQRJQ"
"maerta.bauduccio@edu.tbz.ch"|"PmoNOt-TFWCtM-R6XN6X"
"gaetane.glaisner@edu.tbz.ch"|"6pz1a1-hOK%$F-EwPRdn"
"naeva.pargeter@edu.tbz.ch"|"WFPCf%-20b5S8-asWFB3"
"salome.venable@edu.tbz.ch"|"72ns9R-tXR%pV-f6xhnx"
"boerje.thickett@edu.tbz.ch"|"lBn9Nf-L6#Xaj-juwpN4"
"lucrece.prendergrass@edu.tbz.ch"|"gh&9Bs-GY6#yG-NCbCGP"
"laurene.ockleshaw@edu.tbz.ch"|"ivM&NO-nTiuTU-SmbNRU"
"cecilia.pasticznyk@edu.tbz.ch"|"EjxSj@-P4E2RH-lKSA#t"
"stevina.mackey@edu.tbz.ch"|"8@LOw9-D2BjgY-hdMRR4"
"marie-noel.reven@edu.tbz.ch"|"gDiiUh-BODZea-DjBjVP"
"melina.quilkin@edu.tbz.ch"|"O&E&1U-%8oYII-fLj#M4"
"marie-noel.ferrie@edu.tbz.ch"|"uryE@K-jnMcFu-YeO%sJ"
"leone.alphege@edu.tbz.ch"|"U%lJJh-rjuLrY-ag&xjX"
"zoe.leverson@edu.tbz.ch"|"YTf9y7-gsxAWW-#GqTy2"
"annotes.grayne@edu.tbz.ch"|"A1WMlX-c7DT4h-8P&hPi"
"faites.lalley@edu.tbz.ch"|"pK8jC&-BHDYLU-cr%z7a"
"adele.wallis@edu.tbz.ch"|"z3uhQQ-17x0qO-Gy2lRB"
"severine.madill@edu.tbz.ch"|"vnS$w3-7#DdNB-bQVbqW"
"valerie.tebb@edu.tbz.ch"|"83$7e1-PGRWK#-oK@eaS"
"kalliste.rasper@edu.tbz.ch"|"NtJ1hl-Y46yaM-1iOo0a"
"audreanne.palomba@edu.tbz.ch"|"GIHMtg-z5@xas-NcPwQY"
"elea.adamik@edu.tbz.ch"|"WH2SA2-sHKXrd-Camcoq"
"reserves.jakuszewski@edu.tbz.ch"|"y@cE@$-ERVkC%-v4Mdvz"
"athena.belhomme@edu.tbz.ch"|"8uUId1-KPZMXk-oCtLk3"
"rebecca.crippin@edu.tbz.ch"|"sftPA5-mao%Xi-sBYXNi"
"maiwenn.curman@edu.tbz.ch"|"7LjhyY-dfuY1m-@hThAO"
"andree.bunner@edu.tbz.ch"|"ROGZ#P-zYXwLY-tN&m6o"
"ruo.winckles@edu.tbz.ch"|"5ONJfC-Qh#1bP-fXb2#S"
"naeva.buntine@edu.tbz.ch"|"@YAjC7-Z9IasJ-rbDmAC"
"boerje.dollard@edu.tbz.ch"|"&Jmt8N-Tapi&W-1R0bz@"
"penelope.gorman@edu.tbz.ch"|"kQi%Wh-aIK6hJ-ChN@sx"
"alois.robelin@edu.tbz.ch"|"EOZi1&-HL$xnK-uraOXE"
"anaelle.tindle@edu.tbz.ch"|"At9jUE-AY%yhy-WY8l0U"
"ye.frears@edu.tbz.ch"|"eWzV&y-aHx&Hr-SAqXAX"
"andree.ovid@edu.tbz.ch"|"Zd5HGC-IoSqLH-$WatS6"
"hakan.peat@edu.tbz.ch"|"GVgCEf-MksZRy-EXvt43"
"andre.januszewski@edu.tbz.ch"|"bKUw%6-1Tnv%d-zNsOt$"
"annotes.clemmett@edu.tbz.ch"|"jrWK0V-SQni2y-UdgoIc"
"pal.lambswood@edu.tbz.ch"|"b4h4Re-irq8VP-x4kEh&"
"yao.lenton@edu.tbz.ch"|"j94YAb-C8hp%w-3r3cP5"
"hakan.boyton@edu.tbz.ch"|"c#v9Tc-7F4awu-JV@xl$"
"nelie.forsey@edu.tbz.ch"|"XI0xRT-H&fAw%-mdhTqf"
"hakan.horche@edu.tbz.ch"|"BfZU5P-gjWz7#-oh$uVD"
"lorene.sinkings@edu.tbz.ch"|"gLICb1-eq#1Xv-cv@8Cw"
"marie-therese.creddon@edu.tbz.ch"|"LwKfcZ-L1oExF-YnN#vD"
"berenice.tolworthy@edu.tbz.ch"|"QVcPxW-ej6IvS-Xn1Lsd"
"theresa.land@edu.tbz.ch"|"Vf3zk%-YBZ3yp-7zlOBA"
"marie-therese.gianilli@edu.tbz.ch"|"4IAp5i-&8ZGil-M#LNqW"
"meryl.glew@edu.tbz.ch"|"Gzf3SF-bW0Ubn-Luru2c"
"adele.debling@edu.tbz.ch"|"Jtlh0#-JvajAR-W7@TbG"
"anae.metzke@edu.tbz.ch"|"7MVFrC-O$SAvt-bjvEK8"
"gaetane.gooden@edu.tbz.ch"|"F7a#mP-rn@Az7-3uP7Mb"
"laila.bootland@edu.tbz.ch"|"XfnHbU-Evp9vk-NBv2u8"
"maite.helsdon@edu.tbz.ch"|"PXZ4@0-whP2g5-2SFVwV"
"andree.malley@edu.tbz.ch"|"Uq5k2z-myBzyt-G#4SOQ"
"pal.simmens@edu.tbz.ch"|"HNvGBc-zew4@y-imhfIK"
"maelys.nuccitelli@edu.tbz.ch"|"VIEi0Q-9EeHZF-@$lqnH"
"dafnee.sibary@edu.tbz.ch"|"UM9v57-5hAv@Z-BO8ZcX"
"alois.harsnep@edu.tbz.ch"|"&0Q61l-ry$2cm-LNq#dq"
"marie-helene.lacky@edu.tbz.ch"|"UUKaX&-hT@tTP-laQOIb"
"mylene.youthed@edu.tbz.ch"|"3$UEIq-VZDaBj-b2Ds5E"
"marie-helene.dehmel@edu.tbz.ch"|"HWykiP-bn97LP-5U5@&#"
"angele.batman@edu.tbz.ch"|"aI$gdp-ev@HV#-TIA@5B"
"melia.younghusband@edu.tbz.ch"|"6O%Ej5-yuMV5y-@Ku4Rf"
"eloise.baldi@edu.tbz.ch"|"plbnTs-93wNgj-cTGqqQ"
"illustree.dun@edu.tbz.ch"|"SZ&NDb-BDdoy&-DQzGJQ"
"genevieve.late@edu.tbz.ch"|"Dq&g6k-o@KPNT-A&4Nb5"
"celestine.colville@edu.tbz.ch"|"dywaaL-ZnXlY3-Y0cr87"
"gwenaelle.scarlon@edu.tbz.ch"|"klXRq1-0RkB3c-ciwNxD"
"regine.boddie@edu.tbz.ch"|"QvI%sF-$IwEX2-O&tcSU"
"creez.gaughan@edu.tbz.ch"|"I73YsB-rZ9C9U-v6E6RZ"
"gaia.longford@edu.tbz.ch"|"XAQCrw-u2X7cV-9mNkRN"
"mailis.buckby@edu.tbz.ch"|"BH0VLN-0j@LRx-KIbFPB"
"song.parbrook@edu.tbz.ch"|"mEFipi-HJ@com-xguV01"
"frederique.heddan@edu.tbz.ch"|"tG6hsg-dwZ1dY-B5zu1$"
"ake.kirtlan@edu.tbz.ch"|"bdI3Va-bYR1Qj-gxxK1l"
"nelie.runciman@edu.tbz.ch"|"RHZK3L-Tqj5p&-5Odl0x"
"mailis.cardnell@edu.tbz.ch"|"#K5oFu-qzCXAL-2$9sY1"
"irene.navarro@edu.tbz.ch"|"7qy35D-vvEC2x-AjTc36"
"maite.cough@edu.tbz.ch"|"IonYil-zvp5Mm-DVTmT9"
"anaelle.stocky@edu.tbz.ch"|"#vtoDW-q$CeI6-3NxY&c"
"methode.moulder@edu.tbz.ch"|"ScWEU$-&CiH%g-o%7P5O"
"po.stafford@edu.tbz.ch"|"ZBg78Q-JkZitD-1RZGzs"
"faites.scraggs@edu.tbz.ch"|"iwoOSU-DKB&ve-#Inlru"
"adelaide.dullard@edu.tbz.ch"|"vpQ5wR-x@Dg@V-i6ZV9r"
"desiree.leonard@edu.tbz.ch"|"7gTdB&-lj8vF#-17NO&t"
"geraldine.badgers@edu.tbz.ch"|"sTzJFM-prCsh1-UbhU@g"
"ruo.masic@edu.tbz.ch"|"P@6A@e-tiFfwR-%Mu1rn"
"aurelie.lieber@edu.tbz.ch"|"63jt2r-sEuwwu-pe#iYY"
"naelle.balcock@edu.tbz.ch"|"EyZ@JX-3iqCPm-NqqS%G"
"camelia.elger@edu.tbz.ch"|"YtNQMb-KL3XhB-YhQBRh"
"publicite.oakeshott@edu.tbz.ch"|"dNX60Y-vDJYgS-CLJLrg"
"cleopatre.fawley@edu.tbz.ch"|"3XO6QL-M7ApCS-8k928k"
"laurene.bruckmann@edu.tbz.ch"|"Qd%sGJ-BTsOnC-1lLY$H"
"rui.haughton@edu.tbz.ch"|"MlB#Th-dQupyd-w6o5wF"
"asa.ladewig@edu.tbz.ch"|"6v4Fr6-SW&Zn$-7@5ut1"
"gisele.janecek@edu.tbz.ch"|"O$K1L6-swGFMu-JB1WDy"
"maily.loveridge@edu.tbz.ch"|"@iipcP-PpTWOd-FZgPPb"
"marie-eve.yurkiewicz@edu.tbz.ch"|"$YQQCU-2QgZ90-eCruYc"
"fei.roder@edu.tbz.ch"|"kbkMgG-e01LVM-KzThzb"
"edmee.chatburn@edu.tbz.ch"|"Qr1mtR-jLvMdD-YhvZ9v"
"geraldine.darke@edu.tbz.ch"|"UYWR4J-Uo185K-O%FjKX"
"ye.jira@edu.tbz.ch"|"hSO3zY-rjRtdR-3vskZG"
"publicite.persent@edu.tbz.ch"|"vzitFQ-KdNiuV-kCeVSc"
"severine.wilcox@edu.tbz.ch"|"p#ErRa-Gm@heC-sPvmcS"
"yao.mcclaren@edu.tbz.ch"|"fL&A6A-5Rt5bj-lXVjhi"
"theresa.foynes@edu.tbz.ch"|"UZ75uo-QVNVcP-drJu8l"
"stephanie.isley@edu.tbz.ch"|"GaFYpS-U8WnXS-a%Vve@"
"torbjoern.growy@edu.tbz.ch"|"ORWTp8-9Inf41-xzaP8%"
"eloise.tunnadine@edu.tbz.ch"|"9z&z3L-7i6We$-ay0J6H"
"maeline.cossentine@edu.tbz.ch"|"kUl$KC-$28tBv-VbjNqU"
"nelie.desantos@edu.tbz.ch"|"PdnfLs-KdxXFf-X2na1J"
"gaetane.axston@edu.tbz.ch"|"WfLcER-4C$s32-ZKfZtN"
"aimee.merman@edu.tbz.ch"|"2fNlsd-bwgsYE-QhwFze"
"oerjan.drivers@edu.tbz.ch"|"7tcL7B-HcJ#uu-$8Qyht"
"aimee.miroy@edu.tbz.ch"|"@V#eO$-@38ICA-LdyYcx"
"nelie.glyde@edu.tbz.ch"|"o5XDT3-Mii8v9-bfIM#z"
"hakan.kapelhof@edu.tbz.ch"|"xS3v9J-sPeh&e-6V0OXl"
"maelyss.cauley@edu.tbz.ch"|"#gwIlP-@rVRFk-sLZkTX"
"elea.vaggs@edu.tbz.ch"|"h3gw4k-AlRRE#-V2PQZO"
"maelys.but@edu.tbz.ch"|"3crLlM-uVXFnP-m4ev35"
"maella.arthurs@edu.tbz.ch"|"s4d%z&-SiSjn%-m7yLIz"
"adele.liebrecht@edu.tbz.ch"|"znIs90-iHV54$-rTB9Ju"
"meline.lomasny@edu.tbz.ch"|"iVwGVX-TGXAf8-29n$hh"
"mediamass.schwant@edu.tbz.ch"|"jGeEsn-c2PcPT-cpJhJc"
"leone.saunt@edu.tbz.ch"|"vh02QK-2Du6QU-U$Ms4W"
"annotes.gouch@edu.tbz.ch"|"lEkGU@-0%fjgT-&y%QQN"
"gaetane.bowich@edu.tbz.ch"|"n6cipc-bTCGDM-&@&C1%"
"alizee.strelitzki@edu.tbz.ch"|"m5BqvS-Hhq#NA-f8m3il"
"leone.poile@edu.tbz.ch"|"550BK8-DWrBfz-pJS@rI"
"amelie.saban@edu.tbz.ch"|"47u72Q-noDThl-9UFQS5"
"marten.mcmenamin@edu.tbz.ch"|"vdFrnZ-Zmfg8j-MAcI3w"
"becassine.keets@edu.tbz.ch"|"5B1H0&-x2qAvr-Xo@xug"
"celine.million@edu.tbz.ch"|"IICrb8-u$QafQ-%mGS$B"
"geraldine.belitz@edu.tbz.ch"|"GO2B$3-oyi$6I-eBv58j"
"salome.mardling@edu.tbz.ch"|"8Y2auJ-tRF2tz-IWZvAX"
"melia.blakemore@edu.tbz.ch"|"vtkHQA-cQXJde-EKLaPk"
"dafnee.mcaulay@edu.tbz.ch"|"ysXHLx-Hd4Jzz-PZ$Q8d"
"garcon.dennett@edu.tbz.ch"|"82s7PR-KrHDeh-yPqrY$"
"interessant.lesor@edu.tbz.ch"|"j780Ec-@@Lyq6-Ay$lRt"
"annotee.wasbrough@edu.tbz.ch"|"s%siIA-i43B61-O9WAji"
"asa.ibbeson@edu.tbz.ch"|"5onPmX-tjeLSq-Vz#wRW"
"maily.kennealy@edu.tbz.ch"|"t7N#dE-kChO0t-PjNY4u"
"ye.seares@edu.tbz.ch"|"OzHzu0-Bq3xy9-8TiSIf"
"athena.harbron@edu.tbz.ch"|"VSm2qb-Q#WVk%-W9iTgS"
"andreanne.portail@edu.tbz.ch"|"J&$qvL-bxoGcm-N4O5@b"
"goeran.zannelli@edu.tbz.ch"|"b&xLLR-Q#PeXz-%uztL7"
"gerald.leathlay@edu.tbz.ch"|"toY@eZ-$XbaM3-2uzsQI"
"andreanne.chown@edu.tbz.ch"|"gzj@Sd-1UYNOh-5aMrGq"
"esteve.clementel@edu.tbz.ch"|"HB82xv-iUuXjI-Q2$ZAW"
"leone.legan@edu.tbz.ch"|"Cjz88j-@z6kyf-rO@7Zf"
"maena.pownall@edu.tbz.ch"|"aWb4IL-@0uuoY-uLEMk5"
"andree.rettie@edu.tbz.ch"|"Ybv2rU-aWdB0Q-HQDyGB"
"ines.kenwrick@edu.tbz.ch"|"mWi2S5-37NvF2-xfTWRZ"
"marie-helene.yarnall@edu.tbz.ch"|"qDcsIa-QPWxGS-Orm2xb"
"po.martin@edu.tbz.ch"|"TA&ey$-OXtMkm-JsqSAb"
"ruo.celiz@edu.tbz.ch"|"evmb8W-4fdxK#-jdi1ck"
"po.bissett@edu.tbz.ch"|"Rj@F92-Q9D2yj-CeYekw"
"du.swindon@edu.tbz.ch"|"aFc3QW-KByQGu-S@qfqO"
"interessant.gouldthorp@edu.tbz.ch"|"DJhJz3-U38S@T-QvsXGk"
"leandre.lilburn@edu.tbz.ch"|"mRazYt-T8GINp-6#i87J"
"bjoern.whales@edu.tbz.ch"|"NWTNXC-53B2RQ-x0Pp5H"
"interessant.dieton@edu.tbz.ch"|"LY%6si-l#q661-r$w6k7"
"celestine.redhills@edu.tbz.ch"|"SFLd%s-#ihID7-@&lI%r"
"tan.yakovlev@edu.tbz.ch"|"eqRHIf-Sqfu83-II#lYN"
"regine.mcdowell@edu.tbz.ch"|"KKuoWa-YDSxE$-s9QmJr"
"ju.coysh@edu.tbz.ch"|"NM92mH-pMJSOi-fwgJQK"
"reserves.ofallon@edu.tbz.ch"|"iIDAzR-@@KBhj-X16z9D"
"frederique.sobey@edu.tbz.ch"|"w2PZ7@-3X8EFq-3ILWsH"
"marie-eve.garstang@edu.tbz.ch"|"96#VvH-59JMg4-9GiP2P"
"andre.tapin@edu.tbz.ch"|"t5gZCu-pm$9ht-HxmI5l"
"esbjoern.eynon@edu.tbz.ch"|"BBK$r9-QL96$v-@OnGpw"
"maella.duffy@edu.tbz.ch"|"A8YVGI-n&Ye%8-dLsPS#"
"leandre.twinning@edu.tbz.ch"|"T1Hdg1-EHd#Al-jtZhG1"
"mai.whittingham@edu.tbz.ch"|"Mpk8j9-y4sRzR-@Gge@3"
"rachele.shevelin@edu.tbz.ch"|"spUap1-ch2Mkb-AZ$ud0"
"cecile.mcure@edu.tbz.ch"|"0inXFx-f7#jRh-x2&YCy"
"marie-eve.yurkevich@edu.tbz.ch"|"51qiDZ-%KS%yQ-$%POF3"
"almerinda.paice@edu.tbz.ch"|"H8eIND-%ro7tA-2i4W5E"
"rao.howkins@edu.tbz.ch"|"sA5@Gp-QX31t&-YtVLER"
"serena.pack@edu.tbz.ch"|"GBNQDd-wEU$nC-wckgdE"
"rebecca.mant@edu.tbz.ch"|"jcudZN-L0v1eV-q1%gya"
"reserves.spitell@edu.tbz.ch"|"nSfDT9-7yee$1-OvZHst"
"garcon.hamfleet@edu.tbz.ch"|"G&HnsG-KI@3#j-MILMAO"
"methode.kerkham@edu.tbz.ch"|"gyg2$2-#U8Pi&-hK#bMa"
"pelagie.camies@edu.tbz.ch"|"I3rihf-1rWiY1-8zCAC9"
"josephine.macpharlain@edu.tbz.ch"|"Ke9pOQ-rD#@8$-VUkOFx"
"eugenie.mathet@edu.tbz.ch"|"VN$5ez-%Y@9xF-YSzcsB"
"gaetane.brangan@edu.tbz.ch"|"Aihf4A-we99Ms-HffPz6"
"michele.dewbury@edu.tbz.ch"|"XkEq#y-xrpbWF-hdYLDh"
"eugenie.elcott@edu.tbz.ch"|"1yYCVN-fvqRZP-bOayp#"
"megane.harniman@edu.tbz.ch"|"xJlCDQ-ZUZsIO-KppZt#"
"agnes.cluney@edu.tbz.ch"|"Y@E0K#-83cua6-br9A5M"
"marie-helene.angear@edu.tbz.ch"|"7BBO7I-sk7zv4-b6iCVt"
"melia.dolphin@edu.tbz.ch"|"X59dm@-5cBSRC-ht8CCd"
"lois.ruseworth@edu.tbz.ch"|"$BZUXv-uIOUy#-25M9vT"
"mailys.ryding@edu.tbz.ch"|"ofs7ND-Hb$AHk-vFLFmp"
"rachele.wulfinger@edu.tbz.ch"|"NyzJbT-bEfbmi-bHddb#"
"gwenaelle.talton@edu.tbz.ch"|"vh7YYw-34JEIc-yeu6Ea"
"long.ronchetti@edu.tbz.ch"|"Yo@QZ7-iUbdOx-6fyHl3"
"styrbjoern.kloska@edu.tbz.ch"|"3X0q77-nwqghS-VF$vCR"
"len.sudran@edu.tbz.ch"|"rvuLCP-M$dWrO-Uj0qPw"
"maelle.andrysek@edu.tbz.ch"|"JE4SsY-f@%&NW-qUCo#i"
"selene.senior@edu.tbz.ch"|"0saUgA-8$HqmF-Xhaq8a"
"anais.joskovitch@edu.tbz.ch"|"fUWiUB-TfZEOV-Csy7W1"
"marie-noel.dally@edu.tbz.ch"|"wnN6uT-4IRwYi-2PeN33"
"marie-helene.laurence@edu.tbz.ch"|"P@B8I1-KrXTtE-ENvbUl"
"camelia.foxon@edu.tbz.ch"|"mJzuRF-TFeH3a-8P3CR%"
"helene.cankett@edu.tbz.ch"|"LJRS6A-xRqkV0-e@x5Ob"
"marten.mitchelson@edu.tbz.ch"|"R2iNWf-jpOcHD-M9b3U4"
"helena.stirtle@edu.tbz.ch"|"4#MBRV-gVPjyG-twVtvh"
"leane.barmby@edu.tbz.ch"|"mjTrup-43z5eV-tC8Tz0"
"goeran.ofinan@edu.tbz.ch"|"7AstTq-Z%BNC%-lJ3fGZ"
"styrbjoern.proby@edu.tbz.ch"|"@lfuAT-n2mVp2-fD6AWC"
"zoe.halse@edu.tbz.ch"|"mTOANf-lZS9wz-aLLvLR"
"kui.drable@edu.tbz.ch"|"pm@d5a-nrRF7U-2xB3nQ"
"desiree.bamford@edu.tbz.ch"|"ML$tCY-@fDJji-wl5Sa%"
"zoe.suller@edu.tbz.ch"|"#OA7jh-A9Y1Ne-gly@cc"
"marylene.audiss@edu.tbz.ch"|"0Qnawx-&llrDR-nyesq7"
"adelaide.poznanski@edu.tbz.ch"|"ntfR1e-DdkuF7-pZ%Asq"
"maella.coleyshaw@edu.tbz.ch"|"ErrsXS-gcC7jT-nqKTwP"
"marie-francoise.gelder@edu.tbz.ch"|"ZI7$HJ-7aiVuh-CvOYJr"
"eleonore.chaffyn@edu.tbz.ch"|"OcqU6t-75s$7&-umXRf5"
"celestine.sikorsky@edu.tbz.ch"|"KjgzmI-$fXEUF-irM#zI"
"stevina.londsdale@edu.tbz.ch"|"7oF5zu-QOujgM-NX8hEz"
"maiwenn.nevitt@edu.tbz.ch"|"APex7X-$SSAUT-EcvfWs"
"magdalene.gerrey@edu.tbz.ch"|"3ZH%RR-jyByz1-e9#0Tz"
"becassine.latimer@edu.tbz.ch"|"a268fH-98#aal-6rf8$9"
"da.lethibridge@edu.tbz.ch"|"8%zYKS-2OY4Rr-g60Dqi"
"mailys.claige@edu.tbz.ch"|"MAn2Ss-%@#KH3-vYGpSQ"
"maena.torbard@edu.tbz.ch"|"utLdS$-dHe64&-zsJAF1"
"solene.lyvon@edu.tbz.ch"|"cW$@Mq-$VQYD0-HAYIOz"
"marie-therese.benbrick@edu.tbz.ch"|"S2iMGS-&AaYls-Yf7P@P"
"gerald.edmonson@edu.tbz.ch"|"cYe1Th-JsPumP-YqsOVZ"
"ake.messruther@edu.tbz.ch"|"FovYlH-lH$vUV-RTZ5d9"
"men.gosneye@edu.tbz.ch"|"3m9$Pl-9T9z%F-%Zr6kX"
"anais.jefferys@edu.tbz.ch"|"4EZeoU-BWeDfQ-DS2xo0"
"publicite.tregale@edu.tbz.ch"|"sPtN&S-Mg@PXw-Je@kUr"
"maily.santorini@edu.tbz.ch"|"acwEkG-O3wKo8-BLliT@"
"ines.pioch@edu.tbz.ch"|"ebgyif-0H4ZhS-4daGA8"
"noemie.marklew@edu.tbz.ch"|"N$4Dk2-ILi8qO-yh1C3A"
"meghane.maccaffrey@edu.tbz.ch"|"jmvn6s-vWqYSW-Ba6nln"
"berangere.ambrogio@edu.tbz.ch"|"l5dUDS-bOzK5$-dQ@R@z"
"mediamass.ryce@edu.tbz.ch"|"$RoIir-bZfWDp-VB&F42"
"oesten.ubank@edu.tbz.ch"|"mJ07@5-klJH5e-wn8#3y"
"melina.mackee@edu.tbz.ch"|"VZTtNh-$s2wRu-jlFjdS"
"theresa.livezey@edu.tbz.ch"|"OD7Hqi-@6CZG6-kdCHu%"
"clemence.weal@edu.tbz.ch"|"3QpOnF-#VI1OC-yw@w56"
"faites.overton@edu.tbz.ch"|"6W%X1#-Z&RWlX-GVA8vh"
"clea.lindblad@edu.tbz.ch"|"SfWfzI-HGuvnf-VkXgjR"
"josephine.roseaman@edu.tbz.ch"|"2JQBSZ-6j1Z0l-ybEWTu"
"oesten.lowbridge@edu.tbz.ch"|"E$HU8Z-vh7pGU-5MsUnV"
"marie-josee.brion@edu.tbz.ch"|"OhzZ9P-Uhp8$L-xb$k0n"
"therese.basili@edu.tbz.ch"|"Vn7qAB-zlDWLO-$1Y1#V"
"melia.vertigan@edu.tbz.ch"|"lVyKu2-aBCiGt-DB3OG$"
"judicael.saull@edu.tbz.ch"|"gBzmQG-vNgJj&-1#SDO7"
"selene.valentine@edu.tbz.ch"|"LK7$3T-jA60Sl-k55b6@"
"verane.dunlap@edu.tbz.ch"|"&RNF06-QK8ipk-VGIAEB"
"meline.kinnear@edu.tbz.ch"|"OZPU9$-DkMx0I-DWdok0"
"lei.luttgert@edu.tbz.ch"|"WmqTuP-NAPfLZ-JQYnV1"
"styrbjoern.lathleiffure@edu.tbz.ch"|"BjF4H4-MEHRP8-LlUuig"
"marlene.blasi@edu.tbz.ch"|"kgt8Pl-ce%NnR-Hj1spi"
"mai.begwell@edu.tbz.ch"|"oio3vm-t1xE6I-sSHcK&"
"gwenaelle.kaines@edu.tbz.ch"|"f1$rH2-H0cZwT-4WOuvJ"
"gerald.adamthwaite@edu.tbz.ch"|"l9eC6z-t6bUaR-lRL#2c"
"kui.hartfield@edu.tbz.ch"|"Q&qUzL-ZKIjrM-#VzJI7"
"salome.currao@edu.tbz.ch"|"EWTdU#-LELmud-a0wgiM"
"angelique.tixier@edu.tbz.ch"|"hvkx0N-Oy3xHm-M67&jQ"
"ju.mcgragh@edu.tbz.ch"|"s6uKu1-lRXRMk-&0t7#9"
"dafnee.beachem@edu.tbz.ch"|"RA4L14-LIl4tr-UqKRb4"
"creez.terlinden@edu.tbz.ch"|"LGJ@WP-dX$lNc-RjRXWJ"
"uo.mcskeagan@edu.tbz.ch"|"cTupjT-TuYJxo-#3aOLx"
"edmee.mccaughren@edu.tbz.ch"|"G2vu6T-bsO%$k-3c&Oxk"
"asloeg.cozby@edu.tbz.ch"|"yKHDjl-67c7Ve-9HTnaD"
"melodie.traite@edu.tbz.ch"|"gl$bll-gR27#u-TuTn2A"
"dorothee.aindriu@edu.tbz.ch"|"aORVTI-HcuUPj-QAHy8S"
"daniele.doley@edu.tbz.ch"|"Yh&#of-z49Y3v-lytQ0h"
"mediamass.fairclough@edu.tbz.ch"|"HAOgc%-aETMQd-hiFkgd"
"lorene.rainforth@edu.tbz.ch"|"OECRS7-1$jf2u-P9FbZ2"
"leonore.eyer@edu.tbz.ch"|"fPxnG&-qE&4T3-7PPbBT"
"po.spillman@edu.tbz.ch"|"sNZ2u8-Of3dwX-oSr8f%"
"cecilia.plitz@edu.tbz.ch"|"$FC$fY-vR#01f-uvDlAp"
"lorene.ludlow@edu.tbz.ch"|"aYS@PC-vtyxNi-$eN52O"
"berangere.neligan@edu.tbz.ch"|"EGNlaZ-eMv5eZ-MyI3mb"
"simplifies.huggan@edu.tbz.ch"|"9b7gvA-0HEzqZ-g5RQd#"
"clelia.prandy@edu.tbz.ch"|"MHRi1C-ZQtQE1-Z8fpOa"
"ake.osban@edu.tbz.ch"|"rq&Iaa-pvm5$D-DN5PGi"
"cunegonde.brunn@edu.tbz.ch"|"kBK6ov-pKR3fS-V2B5HV"
"long.grizard@edu.tbz.ch"|"IQOY9&-rf@Po@-5sf&yU"
"meghane.diss@edu.tbz.ch"|"KUmcIZ-ja#vEB-H#KzTb"
"therese.oldman@edu.tbz.ch"|"A$f7PH-fsrDxm-kOm1XU"
"boerje.scamerdine@edu.tbz.ch"|"vH6tnA-jxKdHh-162rEp"
"du.saban@edu.tbz.ch"|"C7e7nG-#ZCcyU-cFlUrg"
"hakan.clynmans@edu.tbz.ch"|"nznTzS-flRlFe-ByN6PO"
"wa.macdowal@edu.tbz.ch"|"YacVss-1mm%ol-9b9e@r"
"venus.hatrey@edu.tbz.ch"|"ejqOv8-nrDHLm-4uIcaa"
"anaelle.vispo@edu.tbz.ch"|"biWpqW-u3JZwH-jsGBwv"
"mahelie.ollcott@edu.tbz.ch"|"oJOGnR-YJPiWB-zuT5AO"
"mediamass.whyman@edu.tbz.ch"|"9n&jlg-S5u1PQ-AUdwhU"
"esbjoern.basson@edu.tbz.ch"|"ZmUR5A-98Alr#-$s5v9M"
"andrea.morrill@edu.tbz.ch"|"Zfb8ub-i$M$ej-Qbzk@r"
"melys.grassi@edu.tbz.ch"|"x17LVU-j7NmnC-oL8qYl"
"leone.poleye@edu.tbz.ch"|"FV$KD2-9UDnRm-wUl#s2"
"francoise.penny@edu.tbz.ch"|"SqO33A-V3dR#L-ZO946N"
"rebecca.edney@edu.tbz.ch"|"YGKCmb-tKpEG7-U51PKu"
"adelaide.murtagh@edu.tbz.ch"|"VplhOu-07ZAJ@-qK976o"
"stevina.winterbourne@edu.tbz.ch"|"dU$mi5-dm3wNx-wMllqL"
"ma.cottom@edu.tbz.ch"|"8QNMN1-wIeeZ$-4%vuwE"
"tan.harold@edu.tbz.ch"|"GcSuEf-kpxSVY-b%VmH1"
"venus.forte@edu.tbz.ch"|"jBfiEw-nVVZBA-cEppW2"
"almerinda.oluney@edu.tbz.ch"|"#aOs$B-$JNMGm-RlczgO"
"cleopatre.brehault@edu.tbz.ch"|"cFCfPt-A$UvMB-u#T#VD"
"interessant.lapides@edu.tbz.ch"|"6B6BC9-SEgmuc-M1Iynl"
"reserves.hallatt@edu.tbz.ch"|"4noTia-iuYfLq-cxQgpy"
"annotes.birdwhistle@edu.tbz.ch"|"TK8OR9-sdD9RS-au0Z@z"
"ai.dredge@edu.tbz.ch"|"otMMbv-lx@cNx-BMx1n$"
"megane.mussard@edu.tbz.ch"|"s9p@Ep-H#mwid-5gEbWx"
"esbjoern.gowrich@edu.tbz.ch"|"Sf#98J-btdtKT-Z1AWVO"
"boerje.brislawn@edu.tbz.ch"|"$O0Cbp-4rGuQP-l$4CW1"
"becassine.wilce@edu.tbz.ch"|"YRfSgE-q%lcOB-RIBryW"
"personnalisee.oels@edu.tbz.ch"|"$qotiy-dbdTYX-0Pmrso"
"verane.pett@edu.tbz.ch"|"OumgWo-xdSr68-77RV18"
"marylene.glewe@edu.tbz.ch"|"ojkXX@-UM6kzx-p2wyvb"
"lai.elson@edu.tbz.ch"|"EvA8@j-dC4Gl#-nGJO5$"
"serena.difranceschi@edu.tbz.ch"|"zHNLUR-HduXmh-tJtpOQ"
"lie.espinel@edu.tbz.ch"|"c3#zhv-QJaBU0-qp5RxD"
"marylene.fantini@edu.tbz.ch"|"5H$kD%-jnYW@a-K7U5Lr"
"andre.archdeckne@edu.tbz.ch"|"voBqXu-AhhyQJ-53c&6Z"
"goeran.bohlingolsen@edu.tbz.ch"|"39r@sS-x9ah7d-6%DyMU"
"cunegonde.heffer@edu.tbz.ch"|"MtyD52-b#aGdh-1jEfki"
"tan.fechnie@edu.tbz.ch"|"2YuyNl-IbUc0L-IurLes"
"marie-noel.brammar@edu.tbz.ch"|"Gc67Y4-n0KYxr-8oHl90"
"simplifies.aven@edu.tbz.ch"|"OBOvIW-RWQMsr-rN6tuN"
"melys.pinchen@edu.tbz.ch"|"YaaJyQ-s8aEhM-fMEyNs"
"edmee.joyner@edu.tbz.ch"|"sU1WmT-so2#7A-PRIm#P"
"berengere.edess@edu.tbz.ch"|"icXPpL-e#j3Zg-AOikH%"
"marie-noel.goward@edu.tbz.ch"|"202JXA-3a&EBh-1%JDXc"
"ju.edmons@edu.tbz.ch"|"%f3cjI-TfROev-B14bTK"
"frederique.airds@edu.tbz.ch"|"wiXVz5-mvpGA5-sG%PJf"
"reserves.dauby@edu.tbz.ch"|"I%0@Ce-%E%bh4-nVdXgo"
"hakan.gynni@edu.tbz.ch"|"r6$Qq&-IThD1#-JxoXdj"
"leonore.pinwill@edu.tbz.ch"|"coLnwn-NvFeO$-rzUscD"
"marie-eve.mcallan@edu.tbz.ch"|"BZEBLG-KMv@K4-Zc4sY2"
"naelle.yeabsley@edu.tbz.ch"|"YoJ@Cf-90yU%B-NbK8JY"
"nelie.jacobovitz@edu.tbz.ch"|"%r%RW0-@KaNZP-N4$pE2"
"adele.conelly@edu.tbz.ch"|"qSXCQT-ybpr7o-HrR3il"
"clementine.dondon@edu.tbz.ch"|"ni4Yk%-B04nHI-JaUTMi"
"zhi.willcot@edu.tbz.ch"|"rEbCQZ-paJ3Ee-#Lw@O6"
"chloe.janicki@edu.tbz.ch"|"GeG45x-TH@LCv-h@Vch%"
"meng.linde@edu.tbz.ch"|"Bgjgm@-7J0@WD-uj5Vv7"
"celine.janisson@edu.tbz.ch"|"@uW0I2-54hlqP-7rqn82"
"clelia.crow@edu.tbz.ch"|"#@XMth-&JbbAN-qYPmbi"
"cecile.pyott@edu.tbz.ch"|"4pUU0H-Pzn2@$-OBUb0T"
"ma.fidelus@edu.tbz.ch"|"McKrBZ-C9Mj3w-qzqCZe"
"marie-helene.poore@edu.tbz.ch"|"KHTR&M-dSAnJ2-uWLE0s"
"elies.blanket@edu.tbz.ch"|"Hj@XQR-udLV6%-hIhlD#"
"yu.boyer@edu.tbz.ch"|"@FzG7j-hg8Jyp-QwH5Tn"
"celia.welds@edu.tbz.ch"|"szf9&%-aRR19M-BUiSsa"
"du.gunney@edu.tbz.ch"|"m1gohI-2mel@y-K34$kn"
"goerel.crush@edu.tbz.ch"|"@97oNZ-jCHf9F-RXbguX"
"marie-josee.brosius@edu.tbz.ch"|"#Mnw2K-P0umbw-4LmoKQ"
"camelia.adds@edu.tbz.ch"|"zvr9@r-Ec%dU7-k1t8WV"
"anae.irwin@edu.tbz.ch"|"nsfRHh-YCLC3s-D8$jHt"
"cleopatre.skeffington@edu.tbz.ch"|"iYq&q9-q0frWx-0GRH4a"
"gerald.suggate@edu.tbz.ch"|"m3CYvC-h8wz9O-GhZBp1"
"laurene.tailour@edu.tbz.ch"|"Ckd5CE-WK$ex@-&Ya$Sn"
"amelie.hoble@edu.tbz.ch"|"b#tgy%-KWwGoU-MK92Ti"
"venus.getch@edu.tbz.ch"|"s1pOgA-pgN@Px-f@zC03"
"renee.treby@edu.tbz.ch"|"sRafH8-2SxBpV-%l4GXz"
"almerinda.stait@edu.tbz.ch"|"V&FVIJ-3ZqAPF-OZIGW8"
"andree.reddecliffe@edu.tbz.ch"|"WUPWWB-9gMtOc-YRaMmQ"
"leone.wintle@edu.tbz.ch"|"@g3@p2-W5IsWA-VMj@YW"
"gerald.fellow@edu.tbz.ch"|"cHBkkM-KcS0tE-TQlzO&"
"ju.gudger@edu.tbz.ch"|"znwoyd-lE#VU6-3ASY15"
"meng.ohaire@edu.tbz.ch"|"AMuSgv-&6yr3q-fX$heg"
"cleopatre.missington@edu.tbz.ch"|"TyShWk-yrwwnj-#mj$#C"
"annotes.debruyn@edu.tbz.ch"|"04XpA&-zDZ@YO-qbvnDI"
"gerald.sinisbury@edu.tbz.ch"|"hHVSrs-4&nrq2-@T6$aC"
"creez.slora@edu.tbz.ch"|"t70%&Y-Xeqh8L-igpz8d"
"gisele.benbow@edu.tbz.ch"|"6d0mP1-82eIfU-3u5&dQ"
"pal.dossit@edu.tbz.ch"|"QVI&FG-JnWHdY-d4DAI5"
"nelie.stirrip@edu.tbz.ch"|"@zhRSD-14QWEB-q&HV%w"
"alois.ocrigane@edu.tbz.ch"|"PsyQkH-3dqo8T-Yt%jxr"
"kui.mcterry@edu.tbz.ch"|"Xf#w#Z-k7EnBW-9iACB3"
"long.willgoss@edu.tbz.ch"|"ZSerea-Hl@uRs-8vxKGr"
"francoise.sumpner@edu.tbz.ch"|"LlAfOa-Kdi#Uw-A5Sa%P"
"maely.grinstead@edu.tbz.ch"|"8FZv4x-3DPkbe-GUrgEh"
"creez.langeren@edu.tbz.ch"|"Mj$Txb-05wkAv-F@wT#o"
"adele.dungate@edu.tbz.ch"|"nR38F4-sA3ysN-6RF$Ij"
"cleopatre.noirel@edu.tbz.ch"|"o$lkB#-CFd913-bJz%rE"
"interessant.daverin@edu.tbz.ch"|"dgSAzD-OYxUTO-rk7JGM"
"naeva.kalderon@edu.tbz.ch"|"I5xILs-unqQLP-qNTG5g"
"anais.oshesnan@edu.tbz.ch"|"D%DyzY-LYT#I$-NpwqZd"
"judicael.anelay@edu.tbz.ch"|"BoBDgS-ISg2Jj-LB3w2Q"
"eloise.braxton@edu.tbz.ch"|"NQFWLI-7gErko-RUt$e0"
"desiree.greguol@edu.tbz.ch"|"3w#Al%-Lr9I%w-D6rXKM"
"maite.mcclenaghan@edu.tbz.ch"|"iiaXLj-AST@56-NTNpYN"
"meng.doret@edu.tbz.ch"|"wHtg3h-vgR4jZ-$W&Z$3"
"frederique.chippendale@edu.tbz.ch"|"787ESB-eu6fnw-fb0p$B"
"andreanne.lanney@edu.tbz.ch"|"GZTbFQ-IcqQ&z-#JuHGa"
"aurelie.claus@edu.tbz.ch"|"oIOMNZ-Z5ON#q-hb2eph"
"renee.pabel@edu.tbz.ch"|"q3IbTE-TRM290-7ygvMM"
"maena.roust@edu.tbz.ch"|"Ot0xTZ-rp@aIr-3S7ZBV"
"nadege.carwithim@edu.tbz.ch"|"1@U1Ns-XghS0G-2QP&Jg"
"solene.geyton@edu.tbz.ch"|"IgI%8T-$6Cy0P-t&xLmF"
"dafnee.avraham@edu.tbz.ch"|"U1QHkr-ZD#FR2-6Yp8c8"
"leane.woolvin@edu.tbz.ch"|"5Ia48X-H7GDll-PIlG1i"
"adele.macadie@edu.tbz.ch"|"uN1goy-ApvNZb-p2l2A@"
"meline.rubica@edu.tbz.ch"|"FCHovz-2Yy2&W-&eDurc"
"marie-noel.speeding@edu.tbz.ch"|"zyG5%H-Tt#qj2-IH6aCE"
"nelie.mix@edu.tbz.ch"|"%UbKF9-wT7PoR-VrnYOM"
"clea.ollett@edu.tbz.ch"|"9huK6b-a5A7hJ-QRxBUD"
"leandre.mcgavin@edu.tbz.ch"|"7hzB0D-AvPKvu-pl4Qcr"
"cecile.behne@edu.tbz.ch"|"RJr061-yz8gtZ-rvP#F5"
"melanie.polle@edu.tbz.ch"|"hY%tAB-&VpVWn-UM2Ytw"
"marie-josee.titmuss@edu.tbz.ch"|"cQS5z#-nB@ZWT-oFLBa3"
"helena.guest@edu.tbz.ch"|"zUl$PK-betk4G-zCX6y$"
"annotes.chicchetto@edu.tbz.ch"|"$NqGwN-rANyLL-ASUI8X"
"melia.tubb@edu.tbz.ch"|"ijKy2$-EDh8f2-YTnu2M"
"angelique.casetti@edu.tbz.ch"|"je%y#5-zEpbYj-%0P#Qt"
"cunegonde.cleall@edu.tbz.ch"|"RDqh$B-XfwFcR-$CMxCV"
"camelia.oaker@edu.tbz.ch"|"ZjOkrF-@ULR7I-0wZIOg"
"you.searight@edu.tbz.ch"|"rAO70%-pu8kTi-YNb2qb"
"kevina.dederick@edu.tbz.ch"|"STflQ8-z%EAGa-fkYRp5"
"milena.jeffrey@edu.tbz.ch"|"Hy1BiK-3d&DFl-A&QE9G"
"melodie.barkshire@edu.tbz.ch"|"f4K1DE-zkINyy-JolxO%"
"gaelle.kreutzer@edu.tbz.ch"|"a4XxZD-YF%oTs-F3Yb#0"
"kalliste.kleinpeltz@edu.tbz.ch"|"BORufI-9DFyy1-G5lpPb"
"clementine.danat@edu.tbz.ch"|"7qF@ay-Xq4jd#-6#3uHD"
"andrea.wabb@edu.tbz.ch"|"OlM928-9vya$c-maaC6&"
"geraldine.piesold@edu.tbz.ch"|"MHpprH-l#3CZs-B90PlX"
"tan.fiveash@edu.tbz.ch"|"jz4AiP-TriJOm-j08SQB"
"meline.yuranovev@edu.tbz.ch"|"jkdFr&-UUr%K3-2pfoyL"
"therese.holme@edu.tbz.ch"|"e%qy9x-yZgVjx-yrnvCq"
"salome.vaney@edu.tbz.ch"|"M3a$ta-qdnN0u-xS9eib"
"anae.abramson@edu.tbz.ch"|"w&Xjc$-5mBN72-u&4F%b"
"kalliste.jimson@edu.tbz.ch"|"K7VqIf-C1jNX2-6sQgga"
"selene.yole@edu.tbz.ch"|"T@pyJp-r%VqVQ-aSfVdo"
"agnes.defraine@edu.tbz.ch"|"yCGrXj-xpVcsc-RmLXRx"
"faites.mccluin@edu.tbz.ch"|"$p9aQE-QH&NPO-SHa%cx"
"athena.deme@edu.tbz.ch"|"AfCDT@-uWY#pz-9EJ3zY"
"daphnee.brigstock@edu.tbz.ch"|"jA4IhU-Sb#igr-wlDrZV"
"goesta.skaif@edu.tbz.ch"|"f1R1bz-WyozK5-dmT1RG"
"oceane.jagoe@edu.tbz.ch"|"FaqiRQ-Yx27rB-&v4b5@"
"annotes.broomhall@edu.tbz.ch"|"@JODq&-AhH3Ul-Mo96EV"
"marie-eve.ballendine@edu.tbz.ch"|"&8gjpm-oZGvhE-E0EWG1"
"melina.spykings@edu.tbz.ch"|"k2ZNiC-jIt8gV-ysZInC"
"laurene.ticehurst@edu.tbz.ch"|"xEvJN%-q4bsyn-fwsuXF"
"fei.avramovic@edu.tbz.ch"|"LKNnDW-Vwolen-AHJi3x"
"publicite.strathearn@edu.tbz.ch"|"G&91hP-81syrn-#%zOlf"
"torbjoern.garrow@edu.tbz.ch"|"6vPfDK-fOtwpK-gbJAnj"
"chloe.rubinsztein@edu.tbz.ch"|"voF5yd-fpQ9pp-aHG@Kd"
"mylene.demanche@edu.tbz.ch"|"4Cd2qf-K0Q4vp-sKbsXz"
"mediamass.godlonton@edu.tbz.ch"|"gd1uXN-OhzGYE-G7U346"
"renee.shurrocks@edu.tbz.ch"|"GOtPR@-2e5qjv-eVvhe3"
"maiwenn.jedras@edu.tbz.ch"|"%EPNoJ-x$R1pr-pC&y#o"
"genevieve.castells@edu.tbz.ch"|"ea5w9X-8LPbkl-RlijN0"
"renee.sneden@edu.tbz.ch"|"KtZsIG-edxKCd-7cmf9p"
"lai.mccallion@edu.tbz.ch"|"v2Xc#7-DqREIS-DqCO%V"
"kevina.impleton@edu.tbz.ch"|"YZyXp2-1JDs4T-k6U2pb"
"oesten.fresson@edu.tbz.ch"|"Mk%XTU-X2BFHs-nAFOA@"
"verane.shawley@edu.tbz.ch"|"aGVibQ-UdAE2s-FnZuCB"
"uo.sjostrom@edu.tbz.ch"|"GHAGbp-dUDnj9-pJqXy7"
"gisele.gothup@edu.tbz.ch"|"bzNgsT-EENMF$-cY8doH"
"renee.beauman@edu.tbz.ch"|"YQb8A#-iytfDt-uVtG&d"
"elies.loton@edu.tbz.ch"|"fNpOJK-TuOHwX-e5$6GU"
"valerie.elsmore@edu.tbz.ch"|"Pkn4XT-3pUEs#-qlv&tw"
"berangere.delafeld@edu.tbz.ch"|"K&qJZh-SB0uvc-IWF7F5"
"bjoern.schimke@edu.tbz.ch"|"ISsnz8-ZieKWE-$osTNc"
"loic.ericssen@edu.tbz.ch"|"j#k2K8-Uekpvg-bC@#zE"
"creez.richarz@edu.tbz.ch"|"SVyZvL-lULZ6U-1MF2Lh"
"athena.grocott@edu.tbz.ch"|"Z9ydwJ-mvZ4RX-j%PEnR"
"naelle.piotr@edu.tbz.ch"|"DJCZAN-BF#tGw-fgUMFr"
"maella.paulson@edu.tbz.ch"|"a%Uy&n-VdRkWs-1nKdrh"
"song.perot@edu.tbz.ch"|"hB9MzD-Aexz1S-o4wQ6p"
"kalliste.heckney@edu.tbz.ch"|"stBq5P-Qz2A0u-jxa%w5"
"ake.vasyutkin@edu.tbz.ch"|"tnZPVm-c@mFa8-Sl@L8u"
"ma.castles@edu.tbz.ch"|"FxkhXO-RaP21t-w92C5E"
"maely.monget@edu.tbz.ch"|"95sjyr-ug%xsy-yxhw3W"
"tang.durbridge@edu.tbz.ch"|"0RgVGq-Jl@4&g-GwutX6"
"laurene.andrew@edu.tbz.ch"|"n8abM$-f%2Ywv-FLGiT&"
"lysea.beacon@edu.tbz.ch"|"rQghst-hy4p$M-OETnSm"
"leandre.peyntue@edu.tbz.ch"|"ldwTd2-9NXFr4-&b83Do"
"rao.trever@edu.tbz.ch"|"mDadZL-4M@ZN3-DCfeJK"
"mahelie.streader@edu.tbz.ch"|"8DJZe$-DftEpA-mCs1Q&"
"maerta.andrejevic@edu.tbz.ch"|"hna0sr-31ifZp-LOKS6K"
"goesta.tompkins@edu.tbz.ch"|"zxYYhI-ztWqJ3-tmLtaa"
"helena.agates@edu.tbz.ch"|"xPz4LO-xPv%GU-WGw7rB"
"therese.glass@edu.tbz.ch"|"24o8hK-NiimCp-GfYUmg"
"alois.foan@edu.tbz.ch"|"uBap%Z-Y3cilZ-A00F3f"
"becassine.melchior@edu.tbz.ch"|"upf3hD-a#dzry-MbkmdD"
"cloe.robart@edu.tbz.ch"|"K%nsl3-YW8zJX-SuTD9c"
"daniele.puckinghorne@edu.tbz.ch"|"#YZAt1-aFT5O%-AAjz0h"
"selene.cammidge@edu.tbz.ch"|"SLzK1u-0ynOhg-##TO3T"
"regine.conochie@edu.tbz.ch"|"hu$NV3-BI5Ozb-YLvAFe"
"interessant.tuiller@edu.tbz.ch"|"1jnoK5-z2#p&3-I$rYmF"
"long.tiebe@edu.tbz.ch"|"dI5crP-@1JMpx-a9v%El"
"mans.yele@edu.tbz.ch"|"ycwP9@-Q5faHU-dtoa@U"
"ai.giles@edu.tbz.ch"|"ufE7aQ-3RPNYm-4AL6HC"
"gaetane.hamberston@edu.tbz.ch"|"obxKYo-&7cRoh-Pgi#Z8"
"marylene.fenix@edu.tbz.ch"|"C42NOX-pcrT2p-aQA7ql"
"geraldine.graeme@edu.tbz.ch"|"yziUIL-eK%Zcz-sjGtlY"
"tang.kinglake@edu.tbz.ch"|"cGbG6K-lmF9o2-AP4u17"
"lai.challoner@edu.tbz.ch"|"QdQEeK-w4Z6u&-Q2$9Js"
"desiree.mattei@edu.tbz.ch"|"iDW#Wb-X&qqqY-#Q3QlW"
"ake.erley@edu.tbz.ch"|"%3IEhZ-GGWZPQ-hy8vTT"
"edmee.cavil@edu.tbz.ch"|"@KnLbf-BDs3DB-POHEf@"
"alois.moyes@edu.tbz.ch"|"L1%@mT-mPzkFx-fZBJgU"
"becassine.pitman@edu.tbz.ch"|"6ZLLT0-JYW#7K-btiCo8"
"ai.giacovelli@edu.tbz.ch"|"Jmw0@2-Cgt67j-gFlRRd"
"judicael.fruchter@edu.tbz.ch"|"bXOXtw-OQ8gAJ-N1ei0w"
"mans.mogg@edu.tbz.ch"|"hckhRq-n#GpEg-atP$%r"
"gerald.foyle@edu.tbz.ch"|"8nLjNF-oKZZPe-rqGUY$"
"wa.androletti@edu.tbz.ch"|"3Rg#aA-Dtx1Q2-juV5zn"
"meng.ollett@edu.tbz.ch"|"ledf3T-HrGSS$-8PJfh8"
"naelle.macmenamy@edu.tbz.ch"|"@Thiy@-pGvRad-Fty#pF"
"gisele.mcramsey@edu.tbz.ch"|"nsulrl-nWd7Ct-#Wx4vp"
"meryl.scolts@edu.tbz.ch"|"Ep&bbt-3yPZ7w-t0iIMu"
"celia.bloxsome@edu.tbz.ch"|"rqOxaq-2I$SXE-2w&SyP"
"styrbjoern.stuke@edu.tbz.ch"|"UcXV06-@PyhKN-#fdxd5"
"felicie.gwilliam@edu.tbz.ch"|"Nku2Q5-KU1xMM-lESsJS"
"da.harms@edu.tbz.ch"|"8wssE3-h#7kXv-ofpkX2"
"celestine.baulk@edu.tbz.ch"|"DUh3D@-RJ21RK-P27lLt"
"mahelie.blackledge@edu.tbz.ch"|"CXyyG5-$XdT$6-Bz#K4u"
"meghane.salt@edu.tbz.ch"|"8Z#Cb@-%AmVdi-DvXWr4"
"methode.paxeford@edu.tbz.ch"|"ZYhn%i-Mjlfei-1O7bc#"
"asloeg.milligan@edu.tbz.ch"|"mFsXGu-pMrgT0-SKjJR5"
"you.pellman@edu.tbz.ch"|"fjUc1R-107fpp-ar#cI@"
"loic.regenhardt@edu.tbz.ch"|"TyafrQ-Xl&9ZJ-00q5AP"
"daniele.savill@edu.tbz.ch"|"dgPlh6-2OAgsX-8o$TIA"
"alois.cornu@edu.tbz.ch"|"@Hg4sV-sYRLBB-OeJJk#"
"oesten.govey@edu.tbz.ch"|"mSpoUj-F5dT%7-IQ6C@G"
"marie-eve.louch@edu.tbz.ch"|"u9pO&9-tbUCns-awe5wX"
"theresa.wenn@edu.tbz.ch"|"9ZLFdf-qPC9hi-caBV@5"
"andree.eul@edu.tbz.ch"|"S2&x@p-OClPHK-hJlRWu"
"lie.paynton@edu.tbz.ch"|"sP&jrG-nHm7E@-RaqrWw"
"marie-eve.girodier@edu.tbz.ch"|"dvN0zu-hYmv7i-#DSHap"
"marie-noel.smithe@edu.tbz.ch"|"pm74Dp-c5dF7R-NAQ8yr"
"men.bootyman@edu.tbz.ch"|"zmWw%&-zX0yyB-PiLyRM"
"ku.sugg@edu.tbz.ch"|"8eqwB4-tSX@Ag-0dx$@n"
"lucrece.roseman@edu.tbz.ch"|"&h%G29-vDkC&g-NMyOk&"
"zoe.annear@edu.tbz.ch"|"Kgj#P3-dZmDbU-BgEDMD"
"marie-helene.rennebach@edu.tbz.ch"|"NuOdNx-tBG74g-H67j1f"
"lea.djurdjevic@edu.tbz.ch"|"NYMkSc-%uAW2#-Rnte0n"
"goerel.robert@edu.tbz.ch"|"scPPyV-NrjG2E-efB@jJ"
"mylene.foldes@edu.tbz.ch"|"NLx5tR-eGIet7-xw&ZlY"
"faites.clegg@edu.tbz.ch"|"PDTiB6-ikeT&V-5yCi6h"
"marylene.crowcher@edu.tbz.ch"|"Hf5S2@-bsTkoI-mGRyE0"
"aimee.wimpeney@edu.tbz.ch"|"02IW1g-mI%D$0-YUn8tR"
"renee.atkins@edu.tbz.ch"|"TF1nPJ-IbOTCO-SV4m@%"
"rejane.cainey@edu.tbz.ch"|"pWq90G-R0&zxd-5rT7Hg"
"solene.britney@edu.tbz.ch"|"m$Sy4y-VSjuD5-abQyNi"
"marten.shatliffe@edu.tbz.ch"|"S7ZNfc-nhJzqN-6cp9Mi"
"maite.issatt@edu.tbz.ch"|"enLvkV-gdrKK9-vAdO7m"
"maelyss.edon@edu.tbz.ch"|"aVk#bD-sjdI%I-XGvLWB"
"nuo.bamling@edu.tbz.ch"|"NJJuYI-$8t08$-Ds%Y6X"
"anais.edards@edu.tbz.ch"|"$th%Gx-6EYSm3-qgXIUs"
"mediamass.bromet@edu.tbz.ch"|"FAYkFI-ZORWdM-m&@nWi"
"beatrice.kimbrey@edu.tbz.ch"|"H2jEMz-pBYDEp-ebH%6F"
"ines.lawranson@edu.tbz.ch"|"DEIR7C-F7tFl%-A1ZZ3c"
"kalliste.scandroot@edu.tbz.ch"|"5JPGQJ-QUnrYo-18muyr"
"mans.barrowcliffe@edu.tbz.ch"|"Wx&$5@-C9Axkj-I&YCkP"
"irene.couves@edu.tbz.ch"|"sF2$&E-uzdqJa-tk2zV&"
"milena.mucci@edu.tbz.ch"|"HZbfn5-GEBYOd-Z6T@92"
"naeva.cow@edu.tbz.ch"|"OIE3zV-Ue6ALB-okdREZ"
"audreanne.mournian@edu.tbz.ch"|"uwa1BW-cvODf@-BhbDfj"
"melia.sinnatt@edu.tbz.ch"|"EdfoXs-o3KZLD-RZK&dq"
"nelie.burnard@edu.tbz.ch"|"0DwqNw-bxHzOK-Je4J8$"
"clelia.ashfull@edu.tbz.ch"|"ERAwV&-cy%6@Z-$Hk%kp"
"lie.macard@edu.tbz.ch"|"dw7TjC-2Ao&C8-yE8J3j"
"valerie.matoshin@edu.tbz.ch"|"WYLmou-Vxl1si-e2G$vg"
"anael.hatherleigh@edu.tbz.ch"|"3c0uxZ-sYP9db-sf1#AC"
"interessant.warratt@edu.tbz.ch"|"BPAnda-8x#NPm-QN#YFP"
"eleonore.volage@edu.tbz.ch"|"AaNslu-KMsFn7-Z1ydEL"
"zoe.stebbing@edu.tbz.ch"|"nUFQaI-ZR34$A-ebfEzG"
"alizee.nye@edu.tbz.ch"|"aJRmbd-cFwWAG-EE11FX"
"celestine.bramley@edu.tbz.ch"|"fceHN8-kEeKLV-N3G0A9"
"selene.philcott@edu.tbz.ch"|"%dKXij-1a0ZDS-om4tXp"
"tang.newens@edu.tbz.ch"|"pmXXvv-k4sS#1-GbspxU"
"annotes.powys@edu.tbz.ch"|"3aAJTA-A1nkuX-gCGz#5"
"lea.matthesius@edu.tbz.ch"|"cibCAI-sESZsu-JPdif7"
"illustree.garlett@edu.tbz.ch"|"RkV79U-2XHjHq-UN&Nek"
"maiwenn.meachem@edu.tbz.ch"|"$0EgTo-50ME1z-YswQZB"
"marie-francoise.mcbrady@edu.tbz.ch"|"&z&1Ya-CVAKLS-s#O4L5"
"illustree.gimbart@edu.tbz.ch"|"f65zk$-@Jdl9q-VXEpLK"
"melys.lyosik@edu.tbz.ch"|"@fB7@@-pxZD4H-vrcs0U"
"marylene.mcnab@edu.tbz.ch"|"W7l037-yGyUPN-Zs3g&d"
"gerald.blount@edu.tbz.ch"|"Ez@fmU-gAEiL9-q41jkM"
"clelia.shakelade@edu.tbz.ch"|"s1GtFJ-p%Xd6w-#cXtQQ"
"penelope.cridlin@edu.tbz.ch"|"4qv@&@-sF97mx-JCAJt$"
"maena.okuddyhy@edu.tbz.ch"|"OXg9d@-GJfr$2-q6FQrp"
"athena.keynd@edu.tbz.ch"|"pU6sVB-r31Wz6-F4&JtE"
"cloe.dwine@edu.tbz.ch"|"XQ@two-bXsVh7-z$1p0u"
"josephine.browett@edu.tbz.ch"|"&jD%kh-M6H5lA-mKDRub"
"audreanne.oscanlon@edu.tbz.ch"|"B$lsqx-CtXs7c-bBoF0l"
"fei.jeanequin@edu.tbz.ch"|"aZb#5o-6a$ygk-6W069v"
"lois.gormally@edu.tbz.ch"|"5n4A33-@927$s-qXKb6o"
"marie-francoise.finnigan@edu.tbz.ch"|"6WGjjG-I08TaC-yYMse3"
"leonore.trussman@edu.tbz.ch"|"l#mIVT-r0ZAbu-RqFLs$"
"anaelle.trumper@edu.tbz.ch"|"r6#C4$-@dp8ms-9t#qyg"
"clemence.dionis@edu.tbz.ch"|"j9xiGl-S%ZqxX-hu2YoQ"
"lois.tranmer@edu.tbz.ch"|"rmuYAU-6I5k38-kxZs6C"
"interessant.volett@edu.tbz.ch"|"cusWwI-EmQL&@-&xr%QF"
"personnalisee.deackes@edu.tbz.ch"|"bVuWkW-I0hT6l-Jv$3UP"
"lie.vasiliu@edu.tbz.ch"|"pOVk@V-SgKdQ$-q2Fc%3"
"dafnee.lamputt@edu.tbz.ch"|"Bq%boF-MM8POY-fruo7O"
"elies.bromige@edu.tbz.ch"|"PEftCj-Gpii8g-P91plH"
"helena.klosser@edu.tbz.ch"|"F6ku1q-g%4rTj-&ltFfh"
"andree.grim@edu.tbz.ch"|"ZdjlLd-tr%pF1-CTTweU"
"verane.coldbath@edu.tbz.ch"|"2&QKPL-FBSEe&-jWdob%"
"helena.bethell@edu.tbz.ch"|"6DoAxh-kak2G1-d0TiLo"
"kalliste.carefull@edu.tbz.ch"|"6TwIu$-xA7&pX-qEimgv"
"regine.odams@edu.tbz.ch"|"ZC7LJC-iYexbs-LkDpiv"
"len.stannus@edu.tbz.ch"|"D4JoPp-2zks1E-$JsyJV"
"angelique.works@edu.tbz.ch"|"dCPWWf-Knf5fW-oY&wSq"
"goesta.rheaume@edu.tbz.ch"|"jjuxjg-0SvpED-nXM69o"
"maelys.tynnan@edu.tbz.ch"|"gm9a6F-TDzBku-DZK5e5"
"maelle.carlesi@edu.tbz.ch"|"UFN1xz-4nLNC%-2UpTGL"
"anael.spurden@edu.tbz.ch"|"PjWMjs-5YBR7K-gllCQM"
"helene.pumfrett@edu.tbz.ch"|"o8GzVT-x2bsFa-xdGlU#"
"goerel.pearn@edu.tbz.ch"|"J3Sato-esk$DE-CrrNVE"
"laurelie.dezamora@edu.tbz.ch"|"47Mies-WE@V%V-aC7d4x"
"yao.twidale@edu.tbz.ch"|"fqqztA-C88ev3-0DYOS@"
"berengere.sola@edu.tbz.ch"|"zOT81E-nwHnV4-R2Sth1"
"maelann.hardistry@edu.tbz.ch"|"oshFZV-WC5eN7-jbLMx#"
"severine.littlefield@edu.tbz.ch"|"h%k28r-3Mmp%q-i848uE"
"salome.heinl@edu.tbz.ch"|"df@Za#-zZSxp1-620Hl3"
"meryl.warbey@edu.tbz.ch"|"8UPPSb-1su1YM-yFgyRT"
"da.hunstone@edu.tbz.ch"|"lz9SQR-hqzo$X-4$niJq"
"venus.broadbury@edu.tbz.ch"|"f7a6XU-4PLugH-PTr@Um"
"meghane.rentelll@edu.tbz.ch"|"@yQOta-f$wEgy-FnYIzn"
"marylene.drewitt@edu.tbz.ch"|"YD$h5L-bg5LzC-wBOCNq"
"melinda.jacquemet@edu.tbz.ch"|"bB1tQs-6TGP5D-ysNh74"
"marie-josee.keyden@edu.tbz.ch"|"WD&J3w-lZR6Kp-U1mTCa"
"asloeg.montacute@edu.tbz.ch"|"gP0q2T-qgmVbw-m8RdW&"
"ku.andreou@edu.tbz.ch"|"U2@oni-A1aWh4-ABUX&4"
"personnalisee.feaveer@edu.tbz.ch"|"9q9Psu-8sct2#-tAo1@B"
"laila.emptage@edu.tbz.ch"|"o2KTgi-uBY@3o-CbUD45"
"bjoern.dawdry@edu.tbz.ch"|"CUZIme-Xp$UbG-gpH$FA"
"marie-eve.dinsell@edu.tbz.ch"|"$9ScF#-MKqoNX-OyZH1#"
"helene.follett@edu.tbz.ch"|"KOIZ05-sCFxHO-CQwb3V"
"penelope.cordero@edu.tbz.ch"|"rDD&z4-ATAZMR-0Ssrsh"
"boerje.beedell@edu.tbz.ch"|"jRzi7w-I1Zr1I-qcZOV6"
"nelie.ferne@edu.tbz.ch"|"3fI8QJ-6mJl0u-mPUCfZ"
"celine.ahmed@edu.tbz.ch"|"uS9egx-DOVDD1-EIUNK&"
"stevina.pimblett@edu.tbz.ch"|"syIpRO-18PXsJ-9gHGT5"
"chloe.langlands@edu.tbz.ch"|"6$#FaR-cHpqib-Ejumn5"
"simplifies.maude@edu.tbz.ch"|"VyQeXB-AFFCgq-$dPJf%"
"genevieve.decarteret@edu.tbz.ch"|"RtVWH2-BhZiBA-230LeM"
"marylene.mughal@edu.tbz.ch"|"cSrCxS-UT#i74-wmMIaj"
"goeran.guttridge@edu.tbz.ch"|"E7KEw$-jinX7U-%XgRGJ"
"michele.smurfitt@edu.tbz.ch"|"16LQYf-0FK@os-O2#DLj"
"methode.hadeke@edu.tbz.ch"|"557bJq-EE@0Hu-po$hJY"
"therese.rispine@edu.tbz.ch"|"YEgGNq-IXVtoM-RtpoDG"
"goerel.plumley@edu.tbz.ch"|"VEivno-#QgrvO-DIFtar"
"oceane.friett@edu.tbz.ch"|"uW&sqf-HblxsR-m$HL&y"
"marie-noel.achromov@edu.tbz.ch"|"0rpTBg-EeIXWx-Hgo3Fw"
"dorothee.storek@edu.tbz.ch"|"bfz@n&-9bgKDh-WegWo3"
"goesta.whittle@edu.tbz.ch"|"y47vDG-lW1S6Z-BcoiG%"
"desiree.casely@edu.tbz.ch"|"J3KEoV-Q5rDp1-2KVFl&"
"felicie.condon@edu.tbz.ch"|"PK0B%X-tCbNp%-o#ejAC"
"maelyss.frisdick@edu.tbz.ch"|"WJZQxn-1DzJVg-IxGDN8"
"aimee.banke@edu.tbz.ch"|"$nnzG#-&e2bWb-YIQ&Pz"
"naeva.hodcroft@edu.tbz.ch"|"u7qEGX-eN%r3M-tqXbsi"
"laila.gerrans@edu.tbz.ch"|"UMbjtk-f67dVp-TDglzP"
"daniele.scrimshire@edu.tbz.ch"|"rr&u3u-21A6l3-es0Gy9"
"daphnee.sheerin@edu.tbz.ch"|"MoIxek-3hyQDy-Q5NVv#"
"pal.vanyukov@edu.tbz.ch"|"@PCOMQ-OL@q$w-uyUo73"
"zoe.childs@edu.tbz.ch"|"FfQ1qM-mo3z#k-5R8sN0"
"ai.corde@edu.tbz.ch"|"6zHgHf-S6KPqR-WOhs3i"
"maelys.berryann@edu.tbz.ch"|"FZq2eb-%#JZhc-ApbqU$"
"cloe.gladding@edu.tbz.ch"|"mB%O88-mpvo5y-OM1Ux8"
"wa.kinnaird@edu.tbz.ch"|"Gi66kW-2Hnb9t-RyfbQX"
"publicite.brittoner@edu.tbz.ch"|"#y2Dc&-brpi%b-&ZPlKJ"
"rao.windress@edu.tbz.ch"|"p1nxmb-wuNp1J-DavqVk"
"uo.kollach@edu.tbz.ch"|"oCyAMw-EqMKZe-#VfhG$"
"josee.peskett@edu.tbz.ch"|"4TL64P-#phezF-mfiJcE"
"annotee.hasel@edu.tbz.ch"|"bJ@D9O-N27Zcj-%l0SBp"
"cinema.lee@edu.tbz.ch"|"6LidSn-ynD#NS-UWBLEc"
"lai.vedeshkin@edu.tbz.ch"|"lRGSDp-3O#DOe-woi9cF"
"renee.brisbane@edu.tbz.ch"|"MIWezb-@SZ9QW-odd$S3"
"ophelie.blincoe@edu.tbz.ch"|"9KTSO@-sAEJ78-xH$cxh"
"zhi.prazor@edu.tbz.ch"|"Sla#gJ-60C88&-xe8Ae@"
"annotee.maddicks@edu.tbz.ch"|"CH$v@@-WIBs1l-6oawU&"
"maelyss.codd@edu.tbz.ch"|"g8gXkd-UOjQRd-X2bJcA"
"celia.peplay@edu.tbz.ch"|"j#dOnz-&r5uoB-R5AInl"
"interessant.skone@edu.tbz.ch"|"kv@Gxe-j3ECya-Q0dUsQ"
"audreanne.hebdon@edu.tbz.ch"|"LdtLyt-SOwcq1-XOyytT"
"oceane.glen@edu.tbz.ch"|"J7klNg-$kubUD-&E@C4o"
"daniele.vanyushkin@edu.tbz.ch"|"W0Tbfz-xYuojT-f$8vlR"
"daphnee.ayce@edu.tbz.ch"|"TIHv#H-WE#vTy-tEBvKM"
"andrea.attride@edu.tbz.ch"|"6nVHhN-2Nd623-fHUCzg"
"penelope.bridgwood@edu.tbz.ch"|"n90pwC-aNo40N-Im3jPC"
"mailis.drewitt@edu.tbz.ch"|"nl8V1Z-DOAI5P-OLu2Gh"
"penelope.mollene@edu.tbz.ch"|"aNnScg-j1OMpx-pPJ99v"
"illustree.keely@edu.tbz.ch"|"qiDL@3-Grxax7-MPKN0o"
"meng.brisseau@edu.tbz.ch"|"jo@Vac-hiJhg1-mT3@4D"
"ruo.cleiment@edu.tbz.ch"|"JBR$V@-PQnpQc-D7Bl@R"
"maite.krammer@edu.tbz.ch"|"wtMpTW-Tyol&V-GU4Lmu"
"genevieve.verry@edu.tbz.ch"|"ujxQu%-mk33tC-$&sL0E"
"lea.olochan@edu.tbz.ch"|"nss#I6-X&m0a$-b66jbT"
"naelle.brunnen@edu.tbz.ch"|"@xa61c-jVtvl5-MAiNi8"
"goesta.bragginton@edu.tbz.ch"|"G6uC5F-47U0jb-JVB9nz"
"fei.danilyuk@edu.tbz.ch"|"@xsVmA-0uQKMv-n8q&Yc"
"adelie.turbitt@edu.tbz.ch"|"W1&Pj#-dr1CnI-YCXeOz"
"marylene.nutman@edu.tbz.ch"|"N9A@LI-H$b64#-bNSjXz"
"therese.barbrick@edu.tbz.ch"|"RvqReE-B62JyL-8RcOIT"
"melys.kolodziej@edu.tbz.ch"|"C4q%NV-$4nivP-RF2S9a"
"melanie.runchman@edu.tbz.ch"|"K6z&yj-5cLubG-ZcONyK"
"serena.lafond@edu.tbz.ch"|"k41GJU-auOj4v-EVQfFI"
"pelagie.desmond@edu.tbz.ch"|"DJdPW8-LB8@r$-uT9PCv"
"wa.spickett@edu.tbz.ch"|"HBxyJw-AUZsrV-CVS343"
"po.shave@edu.tbz.ch"|"mvWSMv-wj5smn-IUez2J"
"song.huikerby@edu.tbz.ch"|"ViJ@rr-PQOgmL-ERP@&Q"
"melinda.bimson@edu.tbz.ch"|"fi90tR-d$0VYW-Xc2lWB"
"personnalisee.toffanelli@edu.tbz.ch"|"SjnrPZ-sBdnvm-5Fh2o2"
"leandre.hurn@edu.tbz.ch"|"Oirkwd-%Epg3Y-hthCZm"
"oesten.standell@edu.tbz.ch"|"qUSy2b-@oTEKn-KIXk8b"
"naelle.smaleman@edu.tbz.ch"|"uW&#&$-BRJDvz-S&JEMe"
"berenice.tayt@edu.tbz.ch"|"cU28jH-wLdUSK-QM%cav"
"kui.popplewell@edu.tbz.ch"|"PwfEXW-PU8lY5-hsKUUE"
"melodie.ferandez@edu.tbz.ch"|"srZcYY-X&0Mxp-Vij3Iw"
"josee.negal@edu.tbz.ch"|"QmFBxB-NNyI9W-msSnLy"
"melissandre.ferrelli@edu.tbz.ch"|"h#K8Uf-I@w8R#-5ihvRZ"
"josephine.kemmer@edu.tbz.ch"|"avn6kd-yVKiXc-pzCpBE"
"maely.cayette@edu.tbz.ch"|"JmfrKv-srjGCw-PN03Lz"
"nelie.vela@edu.tbz.ch"|"wEgIeC-MI9DNS-YvKl8M"
"melina.cortes@edu.tbz.ch"|"2k6uAL-$$Zy#n-FCObai"
"megane.leyshon@edu.tbz.ch"|"Pj5ZLU-W%hjyJ-JnAATO"
"regine.harrie@edu.tbz.ch"|"0$6Yku-GbXLF@-WM#GmC"
"mylene.widdison@edu.tbz.ch"|"wi6lum-UY$AzD-inwDTG"
"pelagie.vivash@edu.tbz.ch"|"rE7t2p-RlmoAz-h@aCP2"
"styrbjoern.vicarey@edu.tbz.ch"|"8PlmU8-LzB66w-l#Pttu"
"long.kyles@edu.tbz.ch"|"mHXY&e-Cg@HuZ-6uh5zU"
"stephanie.gipps@edu.tbz.ch"|"JX65TA-DI29NX-UC7SZ3"
"clea.constantine@edu.tbz.ch"|"zJF$Dz-lWxiqp-zhGw$n"
"maella.cometto@edu.tbz.ch"|"2zfzVX-3i0ytS-tF$TEH"
"laila.aubrun@edu.tbz.ch"|"bgriVL-6d@#th-c#aDNf"
"yao.austins@edu.tbz.ch"|"JeciBS-CWVOa1-xL6pXb"
"mailys.rylstone@edu.tbz.ch"|"st&2kA-kjV3Fb-UzTmM0"
"adelie.curuclis@edu.tbz.ch"|"&Pe&Wy-S9YfZy-%6yg#l"
"celine.longhurst@edu.tbz.ch"|"iXu8&B-KhXoy5-a35T48"
"gisele.hazell@edu.tbz.ch"|"qFRc7b-&&reeS-LexJ3K"
"celestine.ciccone@edu.tbz.ch"|"@kSUSx-2edxwj-pY2JcI"
"maelyss.doole@edu.tbz.ch"|"89SIrR-$$SZ1F-IL5SUk"
"helene.grimsdike@edu.tbz.ch"|"S0hhs7-J4Sc$7-@8ZqiA"
"lie.macer@edu.tbz.ch"|"nFqInR-VQCCoJ-HeHNuQ"
"maely.izard@edu.tbz.ch"|"xe@WL3-V&ODuR-INT#ca"
"erwei.breewood@edu.tbz.ch"|"FBsCSy-fh$G1e-7yPCfi"
"chloe.woolford@edu.tbz.ch"|"Fbixhx-6kTCY6-sPlm4K"
"cleopatre.turpin@edu.tbz.ch"|"pCEVAK-Epm0G&-6IpSl0"
"melodie.surgison@edu.tbz.ch"|"e4E4fP-Y7qfL6-ZTEkMd"
"elies.leander@edu.tbz.ch"|"rv6Efq-h77WwR-#pHCBK"
"mediamass.reignould@edu.tbz.ch"|"5YmXUN-MJHlC6-wsyW4t"
"celestine.wasmuth@edu.tbz.ch"|"dkqq%A-5nNtIc-&fiD8G"
"marten.jervis@edu.tbz.ch"|"LRYLRs-nawX4z-0hXgQI"
"daphnee.bour@edu.tbz.ch"|"O3N4qP-YFl@bE-tQuVP4"
"regine.harlett@edu.tbz.ch"|"rVOlS8-#2V&J5-tNsbcn"
"noemie.macaskie@edu.tbz.ch"|"RlpFo#-sxvZHi-g9ZO2Y"
"loic.renfield@edu.tbz.ch"|"X&Dyjm-j@1yoc-MOrx2u"
"venus.kleinert@edu.tbz.ch"|"nuSJSk-8t$UWn-0@q5Y2"
"marten.burlay@edu.tbz.ch"|"wzj2H3-RA%o&7-rG3RY@"
"berengere.radsdale@edu.tbz.ch"|"T@B@Rs-o13VBE-UHSQq7"
"genevieve.duckit@edu.tbz.ch"|"ZctMVq-BLqPSJ-Ts9Y9J"
"maely.ligerton@edu.tbz.ch"|"$kE0O#-b030f0-HU1Uqo"
"maeline.ricciardelli@edu.tbz.ch"|"XmO@pF-Jo0dS&-dw5ajv"
"personnalisee.yggo@edu.tbz.ch"|"7@xJI4-x#sby&-Qms1J@"
"alizee.pettinger@edu.tbz.ch"|"oG#NV&-mM%iEh-L9qpHg"
"desiree.curnnokk@edu.tbz.ch"|"UoLci6-zw4mTQ-3PN4Cp"
"dorothee.minors@edu.tbz.ch"|"7&KA9o-LEMpOw-mhUdu4"
"oceanne.kopmann@edu.tbz.ch"|"kLSFeP-a6ZBDG-dyqVD@"
"almerinda.brodbin@edu.tbz.ch"|"KLWeBE-mtjWYO-$PvJwt"
"yenora.carsberg@edu.tbz.ch"|"E4XsXd-rBQ#9O-#8ywNE"
"wa.beetles@edu.tbz.ch"|"BFO$Bg-SMThrl-y&PKSQ"
"audreanne.abbot@edu.tbz.ch"|"A7ZUAO-st#aO4-J7dyh#"
"noemie.capper@edu.tbz.ch"|"8&FMz$-hsxcqk-d0DIyR"
"mans.abramamov@edu.tbz.ch"|"ArFI0L-OylwO6-&0CHfj"
"audreanne.blakey@edu.tbz.ch"|"mp2HGe-#GPUHl-3kBX3i"
"leone.klimpke@edu.tbz.ch"|"vlk$iR-LU&DVU-8llLm3"
"lie.croston@edu.tbz.ch"|"U1qkLf-7roz6f-V7OCep"
"anaelle.baistow@edu.tbz.ch"|"VvF%uY-Ncxs1$-Cyoxhw"
"michele.garwood@edu.tbz.ch"|"9gO9uq-fSqriH-JLlhGa"
"interessant.albion@edu.tbz.ch"|"avYos3-mzv$RD-tbfCZG"
"andre.brisco@edu.tbz.ch"|"JlI7Cb-idExrf-Wv8M74"
"tang.totterdill@edu.tbz.ch"|"lFe1PW-hgkTyi-yk8GYY"
"marie-josee.braundt@edu.tbz.ch"|"iIu43l-7dZALj-nd7l9p"
"lois.galer@edu.tbz.ch"|"D0GxX&-ioXJz6-gJJ%gM"
"faites.pellamonuten@edu.tbz.ch"|"lBV8RR-6GVVoO-WK@p8O"
"mai.barfford@edu.tbz.ch"|"uL%7Cg-PyKUti-hOveYi"
"laurene.macilory@edu.tbz.ch"|"oj9DQA-w8Jp3C-Imo8P2"
"elea.peak@edu.tbz.ch"|"DsubQo-jPibsH-kU@WsK"
"rejane.doni@edu.tbz.ch"|"84FHAx-R69fK2-@&oGkK"
"mahelie.ector@edu.tbz.ch"|"C#Tieq-MXCoLr-aBtwPu"
"rachele.allum@edu.tbz.ch"|"dyL2Go-plU&m4-Jgkj7h"
"laila.gerretsen@edu.tbz.ch"|"bSaNaP-cMZdLi-B0DX@n"
"ines.bowman@edu.tbz.ch"|"tI5EXW-uGudzh-ticjQm"
"publicite.barbary@edu.tbz.ch"|"O4598p-@wr&8F-EEQ9Ks"
"mailys.smooth@edu.tbz.ch"|"PxKG#n-9Ei5oB-sCyfK1"
"mailis.huguenet@edu.tbz.ch"|"EdNFPc-ewCr7%-lUjr4R"
"lea.ewer@edu.tbz.ch"|"XXpGUp-&$PvSO-T&4SVa"
