"email"|"password"
"melodie.vandervlies@edu.tbz.ch"|"0g7N$P-N3exXx-r50G&k"
"angele.edgecumbe@edu.tbz.ch"|"NEg993-L@ex9%-VAYrI8"
"zhi.andreasson@edu.tbz.ch"|"gCbA09-&zOVcE-FS0O#E"
"judicael.koppeck@edu.tbz.ch"|"kNYZOj-DDIggP-6M%1sF"
"berengere.capron@edu.tbz.ch"|"J5kfFH-TEWbMz-eXgYMc"
"leonie.brosini@edu.tbz.ch"|"Eev2kf-OThWp&-Rca5@Q"
"venus.garfit@edu.tbz.ch"|"@jr5nh-Yyp7Ty-ajG35R"
"melina.janota@edu.tbz.ch"|"URlIjC-4NAbBO-aYlRnc"
"laurene.bake@edu.tbz.ch"|"Sk&jjT-TfFpIc-xijdRJ"
"regine.dorkins@edu.tbz.ch"|"trdBQt-$5Z$gk-IbAiJM"
"cecile.moffet@edu.tbz.ch"|"af6LPQ-bsWe$2-uHkL1K"
"maelann.labrone@edu.tbz.ch"|"eL9QS2-IO#XDW-cpdSrv"
"melinda.newbold@edu.tbz.ch"|"V#CyZS-hSCKIJ-rSRFA8"
"mans.itzhak@edu.tbz.ch"|"J2a#sj-Kao18Z-cBRIz2"
"melodie.pattlel@edu.tbz.ch"|"yh$YC&-Wp8Ax$-thcaL1"
"celine.bonett@edu.tbz.ch"|"T&rrlS-bPe9&T-OPwgQs"
"adelie.mcgreal@edu.tbz.ch"|"@hSZgj-0GCOR2-oJ@Ucr"
"helene.soldan@edu.tbz.ch"|"34TW&y-hZh0VU-8z&Ml#"
"michele.cluer@edu.tbz.ch"|"VhhDSO-CE4HeF-hRMa3V"
"maeline.mueller@edu.tbz.ch"|"YsSnqj-jgAD%&-A$qpw&"
"maelann.benedito@edu.tbz.ch"|"ZlSR##-0qmon2-NMY9cd"
"nuo.gransden@edu.tbz.ch"|"X5nxzM-IX#m0S-@tvRaz"
"berengere.stainton@edu.tbz.ch"|"Z%uiKA-AlM$A2-Bv4xe#"
"wa.sabater@edu.tbz.ch"|"HwTg@S-eaXm6N-XNg$Xo"
"anais.cochran@edu.tbz.ch"|"5Lbd5J-Enxb4N-y38xsE"
"gerald.bessant@edu.tbz.ch"|"VnHzLB-X@WhVL-@R0HV&"
"ruo.coffin@edu.tbz.ch"|"6G$1nf-kb6ayG-e7hL45"
"melodie.mustill@edu.tbz.ch"|"vE2n5y-@CtoYX-3YRT7&"
"ruo.stanesby@edu.tbz.ch"|"ck$5KK-BfWb%&-9U6&ho"
"noemie.antognelli@edu.tbz.ch"|"4i7&5o-IL%7Cv-Aa%Z0S"
"maelann.hughson@edu.tbz.ch"|"LXicE3-Vr4mXG-6EijR&"
"milena.mieville@edu.tbz.ch"|"3fsPc3-HY0Dg6-FX$reX"
"mailys.chamberlin@edu.tbz.ch"|"vaJH19-LjjzBw-RK1jin"
"nadege.tomalin@edu.tbz.ch"|"W1a3s%-EUd04f-0H4Fhh"
"oceane.omara@edu.tbz.ch"|"dEfRU1-RhawUP-P9%doC"
"cecile.aguirrezabala@edu.tbz.ch"|"f47imn-l2TlVh-1G&T8X"
"maella.gwillim@edu.tbz.ch"|"qXjoUT-GSvint-wv1s9Y"
"lea.mcgahey@edu.tbz.ch"|"Do9pb&-mYCWnI-@Vh8KB"
"laurene.hagerty@edu.tbz.ch"|"xBdAIe-0##41w-LyEC2d"
"dorothee.link@edu.tbz.ch"|"khcsj%-hG&XPm-JUoXWn"
"clementine.kynsey@edu.tbz.ch"|"uOBtQr-%q6nF5-Ew2eUA"
"lorene.smitherman@edu.tbz.ch"|"k7$%6X-Tp&QGM-yiUViG"
"cleopatre.klulicek@edu.tbz.ch"|"$yWa%T-ZkbpbL-wxNj96"
"laurene.castaneda@edu.tbz.ch"|"2R@8e4-Nos6pF-ovKSzn"
"melia.constant@edu.tbz.ch"|"I7UVAE-6NQ9ea-zYUL5k"
"lucrece.clunie@edu.tbz.ch"|"Ea7wwT-JKjlUI-3UxZpi"
"eleonore.mcmurthy@edu.tbz.ch"|"0zCZiK-9G@DI4-qoqx2Z"
"melia.bevar@edu.tbz.ch"|"770@F#-9lRo6d-$O9bYM"
"camelia.bontine@edu.tbz.ch"|"KHl&Ko-fFKq#y-W87bDT"
"methode.jozefczak@edu.tbz.ch"|"PN&qfF-c8NU81-gMQLYS"
"audreanne.hinsche@edu.tbz.ch"|"LkxkFx-O3YIJT-VKxhAJ"
"andree.varne@edu.tbz.ch"|"&Ea#6G-8FUIsX-hCLE83"
"marten.kinleyside@edu.tbz.ch"|"TS3HG%-qQxbT4-KlVQRL"
"esteve.mcewan@edu.tbz.ch"|"$OWQa#-38E37R-ebFJbD"
"leane.dibbert@edu.tbz.ch"|"Rat$Pe-sOoeAt-a0Qwqh"
"ma.thewlis@edu.tbz.ch"|"@1qFC$-#wK62Z-HU2KXX"
"clea.djurkovic@edu.tbz.ch"|"$FFhJ3-6hRjcD-sVREcS"
"rachele.reburn@edu.tbz.ch"|"TWg4D1-whWRkm-uywUPI"
"gerald.gowling@edu.tbz.ch"|"biBTsw-f7B8A$-nuj7Cn"
"cleopatre.jackson@edu.tbz.ch"|"TcDV0f-IKmLpc-H#3MC0"
"desiree.haskins@edu.tbz.ch"|"9WSUH8-pMBxTm-Gd64Y@"
"eleonore.longson@edu.tbz.ch"|"TYxAxu-AR1ISb-zAPjCF"
"leane.dybell@edu.tbz.ch"|"1@VCe1-02&QYd-i$doxc"
"becassine.grzesiak@edu.tbz.ch"|"&g2K#s-Hsweco-Nzn58O"
"marie-josee.pickin@edu.tbz.ch"|"TNcJy4-D#0iVu-eKC%17"
"marie-josee.roxby@edu.tbz.ch"|"p#3gQC-zt7EzC-tzWgZ1"
"leonie.feenan@edu.tbz.ch"|"ap#yNY-suMLzH-AwKAbY"
"valerie.ellum@edu.tbz.ch"|"@CRX0Q-0Yhs9j-7Adm4P"
"ju.caseri@edu.tbz.ch"|"oO9W6v-VXMp8f-k%Ecl3"
"boerje.strangman@edu.tbz.ch"|"TykeLl-rSl0bc-presGC"
"beatrice.ghidelli@edu.tbz.ch"|"01Ui&#-ACStuz-oF9lMM"
"da.jablonski@edu.tbz.ch"|"c6e9xv-5iT6O2-ilYJM1"
"uo.beveridge@edu.tbz.ch"|"QIf%hB-ppMsl7-mSkc$e"
"valerie.bestman@edu.tbz.ch"|"Y1jWUS-arMt64-LMjh@1"
"marlene.pohls@edu.tbz.ch"|"0m8i%Z-JT6SbU-XR#Dtm"
"ma.nolda@edu.tbz.ch"|"1WBbTP-Vcy3I2-pVEMGX"
"marlene.bisiker@edu.tbz.ch"|"HpDaV9-ksCZA%-pI0CwU"
"estee.babon@edu.tbz.ch"|"ANvfs@-zM48il-xcefrf"
"simplifies.dmisek@edu.tbz.ch"|"@bRw9Z-%yv6PP-fBt2x5"
"selene.ganing@edu.tbz.ch"|"hQH6u#-WW#n%z-bK9Zo6"
"meryl.penke@edu.tbz.ch"|"a6EW&V-$oynsU-No@XUL"
"anais.rawcliff@edu.tbz.ch"|"Lf0QPk-g&1za7-R@87zb"
"melina.andri@edu.tbz.ch"|"3UKLq1-niySOl-dwaGKu"
"audreanne.fodden@edu.tbz.ch"|"k6h90%-IOzl%3-zHU2Dk"
"bjoern.spellesy@edu.tbz.ch"|"SWJDmH-3l8ASr-zxyA#U"
"francoise.summerscales@edu.tbz.ch"|"ef#KX7-lp6uIL-sw%Scv"
"laurene.ashtonhurst@edu.tbz.ch"|"uFihy5-B5r6L4-em#3QC"
"valerie.petters@edu.tbz.ch"|"3#MqPA-hYUf#b-yqJv12"
"anael.spenclay@edu.tbz.ch"|"lv@x2l-U852as-Po6FLH"
"stephanie.keech@edu.tbz.ch"|"Fxz@#O-Iu5vsD-#gxfW%"
"ines.deveril@edu.tbz.ch"|"cMQ&5L-Ipnd9u-NaEaTV"
"berenice.gelder@edu.tbz.ch"|"PUB$PP-%xMOEz-Va6ThD"
"melanie.ofogerty@edu.tbz.ch"|"W4IX5#-GN@dx0-ozkMUy"
"frederique.canepe@edu.tbz.ch"|"cgJbro-pZYrqY-woXoNj"
"nuo.otton@edu.tbz.ch"|"obckg%-fNi21#-uu2DfO"
"genevieve.trusler@edu.tbz.ch"|"jaZ9zS-yNa1Fk-fggQj8"
"ju.boag@edu.tbz.ch"|"JOPOOU-AfXLhw-H9g83C"
"josephine.dilucia@edu.tbz.ch"|"nreC60-4GRus0-OYidbq"
"laurene.armsden@edu.tbz.ch"|"RKqeqV-e#kl@3-MpgEnI"
"becassine.griffe@edu.tbz.ch"|"z#LgWn-P70EmD-b4hAEl"
"alois.parres@edu.tbz.ch"|"f8zPtX-PpzMRy-Rk@idM"
"cleopatre.gaffey@edu.tbz.ch"|"5yYPB%-iON68P-vTI9gK"
"andre.stiger@edu.tbz.ch"|"yZF$XJ-KLb#&3-fjL0fw"
"beatrice.godleman@edu.tbz.ch"|"&XzUyv-Oo@Wo%-#l3y8H"
"hakan.harrhy@edu.tbz.ch"|"$ya7EZ-SXCMGx-d0FrwP"
"celestine.dagnan@edu.tbz.ch"|"DZrdy2-OJeajq-BOloaN"
"clemence.haggart@edu.tbz.ch"|"FS1hiY-K&tpLs-eYD2NI"
"long.caban@edu.tbz.ch"|"mx6uY4-L%&cQA-lW#0Ha"
"gaetane.grimble@edu.tbz.ch"|"j1kz%w-eBcbLW-IZpphD"
"maelann.piwall@edu.tbz.ch"|"55l@3X-ymtA18-7vBL9K"
"magdalene.loble@edu.tbz.ch"|"Bp@n4e-wLhDWM-wMpDde"
"veronique.domaschke@edu.tbz.ch"|"B%QOjh-jt#dv#-LGywf9"
"clea.herity@edu.tbz.ch"|"SY%oUK-r2PK#P-rw7I%K"
"maelann.bambrough@edu.tbz.ch"|"jo4I3K-fn9@$m-wqo1WC"
"clea.goulstone@edu.tbz.ch"|"@o%ctv-616S@O-&UeN7o"
"renee.deleek@edu.tbz.ch"|"ndLL3s-YfTedP-0ItnPn"
"boerje.rudderham@edu.tbz.ch"|"xSgkU6-B1jvWt-9yQFQq"
"marylene.broune@edu.tbz.ch"|"iWUhg7-ygmma5-vMzFau"
"nadege.mccuish@edu.tbz.ch"|"Z#kkut-$oIqVp-GJtFaq"
"anael.littleover@edu.tbz.ch"|"QaNrV3-$c7tPE-V3zPmO"
"lie.baume@edu.tbz.ch"|"6FVygd-yANF5z-gybXTQ"
"maella.murrow@edu.tbz.ch"|"#aK5g9-mxtm8&-&$kT%@"
"cleopatre.pettifor@edu.tbz.ch"|"fP2QYi-HiMVJj-iSDaLN"
"geraldine.asker@edu.tbz.ch"|"FhMBat-FzW2pa-gMEIe3"
"gaetane.smedmore@edu.tbz.ch"|"TSewIS-0tHuTz-ki5JJS"
"meryl.blencoe@edu.tbz.ch"|"C9tJq&-zLLpUB-UUkv5w"
"aurelie.chastaing@edu.tbz.ch"|"cTj0eR-umqoKP-bK0FqP"
"oceanne.marthen@edu.tbz.ch"|"bsN4Pj-qqiVqz-Hn01Uj"
"dorothee.burrill@edu.tbz.ch"|"%pvxcJ-%Ryuht-k9cqba"
"hakan.belden@edu.tbz.ch"|"cJju2H-phmiDq-SW9TVq"
"celine.brunning@edu.tbz.ch"|"jMdOVd-bfN6T#-BjXcq9"
"anael.lapides@edu.tbz.ch"|"sudZ@n-RLzSAm-hpOy9p"
"ruo.saffran@edu.tbz.ch"|"glRygs-5CGgtR-il$YBK"
"loic.gerretsen@edu.tbz.ch"|"Qk9kvf-4EOHWH-ztW2K8"
"rui.fitzer@edu.tbz.ch"|"QPsF%K-@vlS6@-5q7@O3"
"annotee.ogers@edu.tbz.ch"|"pcXqqV-UoZpVa-YfDO%b"
"boerje.bindin@edu.tbz.ch"|"xVu37V-KyXWaU-N9jBP@"
"ma.cronchey@edu.tbz.ch"|"%O2ASH-yULFA@-O%jyo6"
"laurelie.baiyle@edu.tbz.ch"|"ABub&Z-idRygk-$6%1r9"
"dorothee.older@edu.tbz.ch"|"hKclrP-rBJgLX-r%UnLn"
"laurena.wile@edu.tbz.ch"|"aevLh&-bh375G-j97lIF"
"clemence.brito@edu.tbz.ch"|"gXvk#q-Ti#7B7-qXLvzD"
"nadege.dallin@edu.tbz.ch"|"CSgODM-DUn2xc-4MB3t$"
"mailis.matley@edu.tbz.ch"|"A2VPut-hc#y7V-HohES7"
"daniele.screaton@edu.tbz.ch"|"ToMYeT-#NkPjm-2ypVdz"
"mediamass.godly@edu.tbz.ch"|"QXnpEg-GoQCpn-Y9ZvDC"
"leone.kremer@edu.tbz.ch"|"pG9wcq-3eRPU7-hDyX73"
"asa.adrian@edu.tbz.ch"|"Ja%Lsh-Uy3E&5-freTha"
"adele.doley@edu.tbz.ch"|"w5#P&D-aAbOr7-w4d@HJ"
"fei.sidney@edu.tbz.ch"|"liN&0a-m2Iv#@-F4Zz@n"
"marie-josee.walisiak@edu.tbz.ch"|"7Gq60#-F#scCM-tkZGmx"
"desiree.diplock@edu.tbz.ch"|"sl9Zgf-5pXO0l-jYgY$Y"
"gisele.schust@edu.tbz.ch"|"r4H9YQ-TjpdM%-hzJO5f"
"ma.longshaw@edu.tbz.ch"|"lv2fi6-B#1gbJ-zHy8ks"
"da.boother@edu.tbz.ch"|"5Hx5Sh-jv6$@t-uaDbdF"
"simplifies.chaudhry@edu.tbz.ch"|"ICjp1Y-&rTMG&-9%z$oO"
"garcon.baniard@edu.tbz.ch"|"mwhsAn-Jxzfwl-kwkitI"
"gaetane.elphee@edu.tbz.ch"|"6cxd$b-FLi5S9-pROFH4"
"gisele.hassey@edu.tbz.ch"|"p0J03a-n&I1ub-4watgP"
"oceanne.booley@edu.tbz.ch"|"Xb@HNO-y4poJR-7jRTo0"
"oerjan.dibden@edu.tbz.ch"|"3#lzXx-xQNlZQ-dxtejh"
"regine.ocleary@edu.tbz.ch"|"JE7ZrT-m9Z%Ij-1wNRRA"
"selene.persse@edu.tbz.ch"|"He6@MI-BKTTct-V&FOlJ"
"helena.adenot@edu.tbz.ch"|"duDtB&-7&RzBo-PCsmTE"
"maelann.wassung@edu.tbz.ch"|"JhK@7F-bU2pSB-tsJ0IB"
"frederique.ackermann@edu.tbz.ch"|"2jUN@L-nn1brB-G#$R5k"
"audreanne.kahen@edu.tbz.ch"|"Uq7pYc-S3P&JB-&PfPV&"
"maiwenn.lasty@edu.tbz.ch"|"6B1a$7-0lwhQr-UgoEiE"
"yu.dictus@edu.tbz.ch"|"44NUkM-PwwdW@-xja0WF"
"anae.dukes@edu.tbz.ch"|"kc&Dy7-ctTfMW-8r5yEQ"
"yenora.warr@edu.tbz.ch"|"p3Iqx@-MLvZyd-dBM1HX"
"esbjoern.archibold@edu.tbz.ch"|"@RfOC6-KwhYuQ-QnFe3K"
"milena.pardal@edu.tbz.ch"|"3BiX29-GZys7A-r9H2Ny"
"celestine.graveston@edu.tbz.ch"|"GG2A@A-iP3G59-EiFh12"
"maena.dallas@edu.tbz.ch"|"4WAQNV-c&qHw6-$1TTVL"
"andree.tuke@edu.tbz.ch"|"XaUKli-wkjc9f-TQju$c"
"methode.seldner@edu.tbz.ch"|"LRZoun-bs@&$T-X4lzYu"
"venus.bullas@edu.tbz.ch"|"V7Yj&V-qAH@fH-iL5Wli"
"mans.aguirrezabal@edu.tbz.ch"|"Zahmjl-OCYbqx-l@YOAv"
"gaelle.eadington@edu.tbz.ch"|"7fnF&w-%H&U9p-kbXBNw"
"anaelle.falkner@edu.tbz.ch"|"#YVoSm-$rnyIC-#s9GVV"
"ophelie.height@edu.tbz.ch"|"b6Vhnu-A2R7DW-D4AIj$"
"marten.bolding@edu.tbz.ch"|"85jtjd-2G7Bw1-NAeTlh"
"pelagie.guswell@edu.tbz.ch"|"@MGGHp-K@@Btl-3lLrXG"
"gwenaelle.lecount@edu.tbz.ch"|"#PxeBV-jLZbsm-Z5FYmu"
"hakan.laden@edu.tbz.ch"|"BtR@mX-F@N9qC-daHXq4"
"marie-josee.hylands@edu.tbz.ch"|"0fjr7#-6okNd0-Bfkyth"
"zoe.kingshott@edu.tbz.ch"|"0OptDv-Bg8$p%-pDENWu"
"josee.janous@edu.tbz.ch"|"koc5A9-D5BJ#@-79VoEX"
"laurene.gallally@edu.tbz.ch"|"u$Tike-rvk5xN-rB22UO"
"anael.bickle@edu.tbz.ch"|"bRUENB-&bJvfH-Xu2sl%"
"mediamass.lebbern@edu.tbz.ch"|"F2jCG#-XvTDzm-qkert0"
"berengere.hovy@edu.tbz.ch"|"TPbm6J-gkSBUt-zm5Av4"
"oerjan.kilmurray@edu.tbz.ch"|"Z4Oe1q-hb4Oc#-MSSKHU"
"asloeg.venny@edu.tbz.ch"|"7LSNQi-sgCo#D-taLl1F"
"marie-noel.stoad@edu.tbz.ch"|"Naogiv-V5c9tQ-G2n3at"
"hakan.pettifor@edu.tbz.ch"|"gtfyoE-v$MLLW-xZsqS8"
"maella.willgrass@edu.tbz.ch"|"duqBgn-HF3v2c-Rf#jhk"
"therese.ludovici@edu.tbz.ch"|"oRv3eP-EqC6Si-PqxRd2"
"stephanie.trewhitt@edu.tbz.ch"|"jB#abo-1IJGU5-z$ME%a"
"maerta.bauduccio@edu.tbz.ch"|"#Wi$Q&-ua8usM-gFN$0x"
"gaetane.glaisner@edu.tbz.ch"|"DhH8p%-D5%UJm-2duCIs"
"naeva.pargeter@edu.tbz.ch"|"Zr6hhK-B%ACKb-$gyj#g"
"salome.venable@edu.tbz.ch"|"YbmNUH-fZ1bn4-mqnP@k"
"boerje.thickett@edu.tbz.ch"|"5NV6vH-3S5zuK-wggDzR"
"lucrece.prendergrass@edu.tbz.ch"|"z0%m#s-EQuh$1-7SwOyC"
"laurene.ockleshaw@edu.tbz.ch"|"asnm%Q-uT3@ys-Fx%E5z"
"cecilia.pasticznyk@edu.tbz.ch"|"FtpE5b-C#2hOB-2GSZPq"
"stevina.mackey@edu.tbz.ch"|"Y82L@B-bY5egU-q@fi53"
"marie-noel.reven@edu.tbz.ch"|"OrS6kT-XCNWUK-Elapwa"
"melina.quilkin@edu.tbz.ch"|"YMK1bZ-nA@j34-6E4c0m"
"marie-noel.ferrie@edu.tbz.ch"|"xoOacD-oa9e5b-qJTAE7"
"leone.alphege@edu.tbz.ch"|"IQU9fv-%rKZsL-oUsmQs"
"zoe.leverson@edu.tbz.ch"|"1F0Y3$-gHzRhP-AU4cnN"
"annotes.grayne@edu.tbz.ch"|"ztu1tw-bNF$2k-W0NYqG"
"faites.lalley@edu.tbz.ch"|"GG9bUd-y7owVD-6BMKv%"
"adele.wallis@edu.tbz.ch"|"TRRCGu-eAk6GB-Qkof@u"
"severine.madill@edu.tbz.ch"|"RA7eXa-p1&3My-4QeNDA"
"valerie.tebb@edu.tbz.ch"|"U2duFu-z6ygbV-NZLcr@"
"kalliste.rasper@edu.tbz.ch"|"i&bIBm-$wlKTa-2qlLk$"
"audreanne.palomba@edu.tbz.ch"|"0phWAo-3ld$RY-DR#MPl"
"elea.adamik@edu.tbz.ch"|"gCV5ZH-JZL#Y@-BNz4U9"
"reserves.jakuszewski@edu.tbz.ch"|"E&6spJ-7FYuPY-lx9mrV"
"athena.belhomme@edu.tbz.ch"|"bg98cn-nvyxkI-4xqmrL"
"rebecca.crippin@edu.tbz.ch"|"wbsPOG-K%2aq$-%lclnJ"
"maiwenn.curman@edu.tbz.ch"|"CUqqRA-JkcVMG-7rYWrZ"
"andree.bunner@edu.tbz.ch"|"n%k7PR-e8Lds&-VDEgRv"
"ruo.winckles@edu.tbz.ch"|"ryPeYU-63ZANq-jDL8Mt"
"naeva.buntine@edu.tbz.ch"|"qG#TsU-cqtiF7-rnVmLU"
"boerje.dollard@edu.tbz.ch"|"KMowyj-$nPwH8-AzZI9h"
"penelope.gorman@edu.tbz.ch"|"dxTqQS-KoeWQI-Gj%d9v"
"alois.robelin@edu.tbz.ch"|"wKN0Ap-jog0ol-rLMhOJ"
"anaelle.tindle@edu.tbz.ch"|"#kkulz-KK&Ctw-DQYLj9"
"ye.frears@edu.tbz.ch"|"$k086P-BP07UT-RhXJf3"
"andree.ovid@edu.tbz.ch"|"eBmoGt-na$ctO-#x#1Tl"
"hakan.peat@edu.tbz.ch"|"EF8P5c-t6p4wf-eJ9w&5"
"andre.januszewski@edu.tbz.ch"|"2wj1zR-2J467N-pYxDMN"
"annotes.clemmett@edu.tbz.ch"|"&Z2Mdz-ZO6pzm-j#$%5W"
"pal.lambswood@edu.tbz.ch"|"M6XkC6-6BkT7M-fHE@q6"
"yao.lenton@edu.tbz.ch"|"7t89wh-3RZ@kO-uNCtXv"
"hakan.boyton@edu.tbz.ch"|"rXwxez-HQI7J$-WvA0z&"
"nelie.forsey@edu.tbz.ch"|"GClRcQ-4ADLtB-Y@bhhm"
"hakan.horche@edu.tbz.ch"|"HFGjDC-9g0jHR-p%kE5N"
"lorene.sinkings@edu.tbz.ch"|"cyE0Rw-slgnQG-qfGoV8"
"marie-therese.creddon@edu.tbz.ch"|"ApZi0O-@a8z0d-CKN74O"
"berenice.tolworthy@edu.tbz.ch"|"MVCW7q-6gh#dB-UXGQ#z"
"theresa.land@edu.tbz.ch"|"F%TCOM-vR$wZ6-htY4eC"
"marie-therese.gianilli@edu.tbz.ch"|"e98&xw-VQC6kY-Hb0&yg"
"meryl.glew@edu.tbz.ch"|"IDjauz-$nSVcN-hh7QNT"
"adele.debling@edu.tbz.ch"|"Bx$GBB-N834ud-2%i%4i"
"anae.metzke@edu.tbz.ch"|"T00eW8-rMjXK5-Eqa7Vx"
"gaetane.gooden@edu.tbz.ch"|"AnUP%d-51#lS#-3cW0#E"
"laila.bootland@edu.tbz.ch"|"zYusI3-UJ2qLl-Iu2vti"
"maite.helsdon@edu.tbz.ch"|"uSk3Fu-vLeL$#-9Un9qp"
"andree.malley@edu.tbz.ch"|"So9FzU-h$ZBJf-l5FV74"
"pal.simmens@edu.tbz.ch"|"1dKFt%-V17P0e-s&nBRp"
"maelys.nuccitelli@edu.tbz.ch"|"mj3j%o-&WPBSA-7qhCwh"
"dafnee.sibary@edu.tbz.ch"|"dbJHY8-kczJT$-%p6RKE"
"alois.harsnep@edu.tbz.ch"|"qkLy&B-96RPB9-vxT4&o"
"marie-helene.lacky@edu.tbz.ch"|"s%6L$T-JSUknc-Rc15hk"
"mylene.youthed@edu.tbz.ch"|"UBkCei-LF0HIy-qQD5Al"
"marie-helene.dehmel@edu.tbz.ch"|"23zlXK-nLiV7H-PXHjM%"
"angele.batman@edu.tbz.ch"|"2QJukt-LaNd7S-odZLwL"
"melia.younghusband@edu.tbz.ch"|"XQw62Q-2uf8mL-7a5vmL"
"eloise.baldi@edu.tbz.ch"|"b#MMEP-rOew9e-$tt7lf"
"illustree.dun@edu.tbz.ch"|"&%Iw5P-I6eP%y-hkMjjF"
"genevieve.late@edu.tbz.ch"|"wIOG65-ELBAzZ-%hdEEA"
"celestine.colville@edu.tbz.ch"|"0BxYB6-$3e&oE-pIaOHV"
"gwenaelle.scarlon@edu.tbz.ch"|"T%M0YY-PlLtU$-D1sWBV"
"regine.boddie@edu.tbz.ch"|"PVB8lF-bgr58K-1gB9R%"
"creez.gaughan@edu.tbz.ch"|"Qa4#sy-AR8C3I-kT6%VA"
"gaia.longford@edu.tbz.ch"|"Fz2y#P-rtaejw-L0Eg4q"
"mailis.buckby@edu.tbz.ch"|"M3d@@I-0m87p0-&zgDbo"
"song.parbrook@edu.tbz.ch"|"$Td&W&-PkRf5s-%z8RPt"
"frederique.heddan@edu.tbz.ch"|"@8OxoY-kSt1jt-62w0Dx"
"ake.kirtlan@edu.tbz.ch"|"H5H4u&-V2C3iV-m1Pl2u"
"nelie.runciman@edu.tbz.ch"|"ZA4rMz-g%5BkO-KqI7UX"
"mailis.cardnell@edu.tbz.ch"|"%bmU7s-erNWEL-SIQ$hl"
"irene.navarro@edu.tbz.ch"|"4dcb6n-prJ6D9-TGrMDn"
"maite.cough@edu.tbz.ch"|"X2Eq7p-I8FjRT-2BqZMV"
"anaelle.stocky@edu.tbz.ch"|"Flv5uL-6#6SX4-vQS%qM"
"methode.moulder@edu.tbz.ch"|"%ZI1wp-f6XN7R-zdyGhI"
"po.stafford@edu.tbz.ch"|"M77@aS-U3r9cI-DY&nXW"
"faites.scraggs@edu.tbz.ch"|"tWnJmt-jTCFpm-@FCkdW"
"adelaide.dullard@edu.tbz.ch"|"gm@wTN-tsQOMc-&43mqR"
"desiree.leonard@edu.tbz.ch"|"$L2eGb-YmMO1@-L3R%@X"
"geraldine.badgers@edu.tbz.ch"|"tiR4I9-r9QmFC-BoU#u1"
"ruo.masic@edu.tbz.ch"|"CvXIaA-e90dno-p6pTPR"
"aurelie.lieber@edu.tbz.ch"|"BLAg7J-vemH6x-Vu1eW6"
"naelle.balcock@edu.tbz.ch"|"P6kmTm-FKd7Rf-k0by#&"
"camelia.elger@edu.tbz.ch"|"4iwV#$-kl%TQf-jqJCVo"
"publicite.oakeshott@edu.tbz.ch"|"vLU%Tc-zeQZ6S-ykLD1m"
"cleopatre.fawley@edu.tbz.ch"|"jtJImb-TQHel@-w@%nmg"
"laurene.bruckmann@edu.tbz.ch"|"SjvtNy-BuZIgE-6fok8h"
"rui.haughton@edu.tbz.ch"|"rQEban-C5yCWy-6T#VUS"
"asa.ladewig@edu.tbz.ch"|"hNLg1f-1Vf#wL-8g$Xf$"
"gisele.janecek@edu.tbz.ch"|"0txLci-6CI#D4-dQ7jrA"
"maily.loveridge@edu.tbz.ch"|"gVQlRM-X9KUQZ-mhMwHH"
"marie-eve.yurkiewicz@edu.tbz.ch"|"a%ySsA-JATIRf-rgwNyY"
"fei.roder@edu.tbz.ch"|"WZjUR3-$bBUrl-fwJigd"
"edmee.chatburn@edu.tbz.ch"|"JWaGes-$fX2Ed-MitqCj"
"geraldine.darke@edu.tbz.ch"|"wIZDWV-JAm1F3-8f0G5E"
"ye.jira@edu.tbz.ch"|"hnstug-0ukCl@-x@ygCe"
"publicite.persent@edu.tbz.ch"|"JD4tzj-bqPRr$-Efh5Ex"
"severine.wilcox@edu.tbz.ch"|"Pgr&X%-wrz8he-V0hKY0"
"yao.mcclaren@edu.tbz.ch"|"GCSLTY-2DB&kj-VkJCni"
"theresa.foynes@edu.tbz.ch"|"Y&Gwzn-r6@Le7-4VITAy"
"stephanie.isley@edu.tbz.ch"|"uDWPWe-wXaqc1-&fVurB"
"torbjoern.growy@edu.tbz.ch"|"0nPCHD-$lrvik-f6M8mH"
"eloise.tunnadine@edu.tbz.ch"|"d%03pT-LHMU@&-2@3v4B"
"maeline.cossentine@edu.tbz.ch"|"EtoZaP-Sr1TWG-iyaqSB"
"nelie.desantos@edu.tbz.ch"|"P7XWYN-dxmR$8-JgZoD6"
"gaetane.axston@edu.tbz.ch"|"w2weH%-5ZEVVY-KDY$7y"
"aimee.merman@edu.tbz.ch"|"4LhlWQ-OHht@u-@JZqL5"
"oerjan.drivers@edu.tbz.ch"|"k#Urjd-f%e&YU-1V7$9@"
"aimee.miroy@edu.tbz.ch"|"VFgrk2-61EnFp-oGhc5c"
"nelie.glyde@edu.tbz.ch"|"fT3j$E-nM71pq-7qVXhd"
"hakan.kapelhof@edu.tbz.ch"|"4Le7Sn-F@av#3-eXBAq1"
"maelyss.cauley@edu.tbz.ch"|"hMmPNx-aIlxfR-kGjUZR"
"elea.vaggs@edu.tbz.ch"|"frFc9x-QdkTel-iXRe06"
"maelys.but@edu.tbz.ch"|"JkCh5x-9qLs$H-cR6GVM"
"maella.arthurs@edu.tbz.ch"|"Od09iC-QDocOT-nrDX7@"
"adele.liebrecht@edu.tbz.ch"|"pYYDTr-2gDgsm-GUyA3i"
"meline.lomasny@edu.tbz.ch"|"gO0FGk-&5v883-43g6f2"
"mediamass.schwant@edu.tbz.ch"|"mNng26-5orVWA-isyosj"
"leone.saunt@edu.tbz.ch"|"QuF4FF-U7X@MZ-CiVP8U"
"annotes.gouch@edu.tbz.ch"|"CUl6Bb-rk4oWC-Mc#Kwe"
"gaetane.bowich@edu.tbz.ch"|"cyyVG3-ZzIGna-lF$lok"
"alizee.strelitzki@edu.tbz.ch"|"CN3ug1-2V%epW-PhwfTV"
"leone.poile@edu.tbz.ch"|"M#f7yr-zlbO#0-VQqlmd"
"amelie.saban@edu.tbz.ch"|"7Fa4nv-oIFLnw-Legk$n"
"marten.mcmenamin@edu.tbz.ch"|"e53QZu-v87EV5-bJMfFH"
"becassine.keets@edu.tbz.ch"|"syECqg-nE1Dc2-Cfhfsi"
"celine.million@edu.tbz.ch"|"p7kXhR-H5Bnhj-IM7Xit"
"geraldine.belitz@edu.tbz.ch"|"aHkgZC-8H@jc2-v#amFX"
"salome.mardling@edu.tbz.ch"|"nPS50z-#haX&X-#jWbe5"
"melia.blakemore@edu.tbz.ch"|"$qczpF-24P7IG-Lku5Eb"
"dafnee.mcaulay@edu.tbz.ch"|"vrwGqj-WhC%IT-pywiot"
"garcon.dennett@edu.tbz.ch"|"9k7Zgu-ijRArC-JBa#SR"
"interessant.lesor@edu.tbz.ch"|"00Tslm-cy8$SX-RGZhqn"
"annotee.wasbrough@edu.tbz.ch"|"u%ip0N-4Ue%N@-DkamRq"
"asa.ibbeson@edu.tbz.ch"|"NZPyYK-B2bXFP-Nxhc36"
"maily.kennealy@edu.tbz.ch"|"YiMirP-oYps&W-2iR&10"
"ye.seares@edu.tbz.ch"|"CTiq2Y-6xEXp$-jlYnGL"
"athena.harbron@edu.tbz.ch"|"2klQ&O-%eUlFx-HuPL#N"
"andreanne.portail@edu.tbz.ch"|"qfIijJ-opve#U-ryoy91"
"goeran.zannelli@edu.tbz.ch"|"a$sVA$-qYkevl-6owBG$"
"gerald.leathlay@edu.tbz.ch"|"qK0j5S-Nfx0Ti-@@5Rd%"
"andreanne.chown@edu.tbz.ch"|"Kkd&B7-QIAsSm-tYM#65"
"esteve.clementel@edu.tbz.ch"|"T5e2Nm-LQwK9@-WoK#K6"
"leone.legan@edu.tbz.ch"|"TRYczg-LMVq77-7L8jAv"
"maena.pownall@edu.tbz.ch"|"U1S&7O-O#nWpa-WzH0j8"
"andree.rettie@edu.tbz.ch"|"0yOTHz-d#DJQU-3Mb6ol"
"ines.kenwrick@edu.tbz.ch"|"XueyC2-pmaEAq-5v$1nn"
"marie-helene.yarnall@edu.tbz.ch"|"u#gk$v-Pf$4BV-s3ICQn"
"po.martin@edu.tbz.ch"|"x7oK@W-jRXuOZ-TfiQZ7"
"ruo.celiz@edu.tbz.ch"|"9b2hPS-nj$un1-$A6jDR"
"po.bissett@edu.tbz.ch"|"NVeWP%-VyyIV6-@%u0hc"
"du.swindon@edu.tbz.ch"|"NBBAWG-znW#zl-$GHbAd"
"interessant.gouldthorp@edu.tbz.ch"|"0#CcI9-$6x14$-fs&PQd"
"leandre.lilburn@edu.tbz.ch"|"&Bq9M8-MPvoLm-p$b3$M"
"bjoern.whales@edu.tbz.ch"|"rEY7$y-TfOVay-MBlS%6"
"interessant.dieton@edu.tbz.ch"|"HmjlM0-I%nJ%b-d7A$JH"
"celestine.redhills@edu.tbz.ch"|"ZFHNdR-z6MzTq-Vk0fib"
"tan.yakovlev@edu.tbz.ch"|"j8Q2Al-BinMq9-#4nC@$"
"regine.mcdowell@edu.tbz.ch"|"FA#Uge-$r0Lr%-F557uM"
"ju.coysh@edu.tbz.ch"|"ff96og-9rUGZ$-BEf3QH"
"reserves.ofallon@edu.tbz.ch"|"gupI3Y-7AIRU0-IisvEJ"
"frederique.sobey@edu.tbz.ch"|"2SfyGC-ElcS7f-@bCM49"
"marie-eve.garstang@edu.tbz.ch"|"tBYq7L-X5US7@-eM3rZ5"
"andre.tapin@edu.tbz.ch"|"LFPw7V-GIT5Mf-fu@XLa"
"esbjoern.eynon@edu.tbz.ch"|"HCvS2d-NPVhpH-zkf2oU"
"maella.duffy@edu.tbz.ch"|"5Ln13o-BXr&N$-p#tvwN"
"leandre.twinning@edu.tbz.ch"|"gJTpma-#p8PnY-Q4#T2j"
"mai.whittingham@edu.tbz.ch"|"y7iNWi-$Ya&0m-JojOCE"
"rachele.shevelin@edu.tbz.ch"|"sIZ25t-ASnZLN-yho7FD"
"cecile.mcure@edu.tbz.ch"|"7LhQU3-Me0h0W-@#Ihk6"
"marie-eve.yurkevich@edu.tbz.ch"|"vmMtGp-MORU6d-tsomSN"
"almerinda.paice@edu.tbz.ch"|"HkSWwF-4mA8ab-NYdkdX"
"rao.howkins@edu.tbz.ch"|"k1ft&4-gL1I3G-o#Ia4A"
"serena.pack@edu.tbz.ch"|"DuFGKQ-M8h$UI-pqA@Pi"
"rebecca.mant@edu.tbz.ch"|"SwBzgv-dmgAW#-IuYVLD"
"reserves.spitell@edu.tbz.ch"|"CnnaiY-S#1NTt-7gdGoz"
"garcon.hamfleet@edu.tbz.ch"|"Z6K$R3-K%lF7O-$2y1%E"
"methode.kerkham@edu.tbz.ch"|"QuJ1OC-i5JxvH-rhahn9"
"pelagie.camies@edu.tbz.ch"|"8vYi&s-Qsrpe0-NdKgNP"
"josephine.macpharlain@edu.tbz.ch"|"OzSNnW-Lh4zi6-WA0wce"
"eugenie.mathet@edu.tbz.ch"|"16$vRb-sgoLFK-9835YB"
"gaetane.brangan@edu.tbz.ch"|"SCqda$-9VKV5h-42a@YU"
"michele.dewbury@edu.tbz.ch"|"5Hq5Aj-@ZLqPG-Sk#7oZ"
"eugenie.elcott@edu.tbz.ch"|"9oEMJM-$nWLSB-$w8fNn"
"megane.harniman@edu.tbz.ch"|"klcJrg-PR#wjX-pVG&Qc"
"agnes.cluney@edu.tbz.ch"|"p8@MpU-w8b91L-ICoFa7"
"marie-helene.angear@edu.tbz.ch"|"PM772b-LixBIl-niftY7"
"melia.dolphin@edu.tbz.ch"|"04IMBm-Y4t8LF-zk&Xmg"
"lois.ruseworth@edu.tbz.ch"|"huBM5E-F6yBV8-tLcd0Y"
"mailys.ryding@edu.tbz.ch"|"Bzvb$O-97Cs7E-VU7sbE"
"rachele.wulfinger@edu.tbz.ch"|"g5$WaG-smwSaw-Of7Awx"
"gwenaelle.talton@edu.tbz.ch"|"NwXKT9-goNo6o-kCO1xM"
"long.ronchetti@edu.tbz.ch"|"Pq7MCo-dYSqy8-8NyynU"
"styrbjoern.kloska@edu.tbz.ch"|"J7&rkE-v6XstL-FegKH3"
"len.sudran@edu.tbz.ch"|"Z#o$1f-XVW1Ki-0HSmAC"
"maelle.andrysek@edu.tbz.ch"|"zMtdAh-GS6B%a-5lxTdk"
"selene.senior@edu.tbz.ch"|"TMaBl&-V9h5Jm-X9YRVQ"
"anais.joskovitch@edu.tbz.ch"|"wO60MI-ameI5u-3rX3m8"
"marie-noel.dally@edu.tbz.ch"|"mcKnlh-zvXKiL-OGL#6Z"
"marie-helene.laurence@edu.tbz.ch"|"XUHzTG-6qA3MR-o4$EzR"
"camelia.foxon@edu.tbz.ch"|"jOmWNl-sgq5aA-0%wwCQ"
"helene.cankett@edu.tbz.ch"|"W8t6TY-gB8KB#-A#tfHh"
"marten.mitchelson@edu.tbz.ch"|"RZRlxq-D%G2Zj-yZvBG@"
"helena.stirtle@edu.tbz.ch"|"l0XN$g-XdblN#-n1EzaL"
"leane.barmby@edu.tbz.ch"|"PgolnN-zmMWS2-23Y%DJ"
"goeran.ofinan@edu.tbz.ch"|"Lc%YUL-6ANOAz-M@Jg#r"
"styrbjoern.proby@edu.tbz.ch"|"FHyb8L-4V50Mi-5EFv8M"
"zoe.halse@edu.tbz.ch"|"8jMK$A-eLszCE-Y$dZB8"
"kui.drable@edu.tbz.ch"|"ZnEBkJ-Hq%Jsf-0t7#%E"
"desiree.bamford@edu.tbz.ch"|"LYFB42-sxN#qm-pdDIsD"
"zoe.suller@edu.tbz.ch"|"PIOYHX-9tcrMg-S9aDBl"
"marylene.audiss@edu.tbz.ch"|"JntgkX-DPXInz-hF6#yF"
"adelaide.poznanski@edu.tbz.ch"|"hOrh7r-8iHC#u-vK97je"
"maella.coleyshaw@edu.tbz.ch"|"k9XZpf-gURe@V-%ulArk"
"marie-francoise.gelder@edu.tbz.ch"|"hFAj%q-Zs45Em-o8TJPC"
"eleonore.chaffyn@edu.tbz.ch"|"Nu0kJk-yF%F9x-cOoiYK"
"celestine.sikorsky@edu.tbz.ch"|"uKOpNZ-D3xsnr-Bep4i1"
"stevina.londsdale@edu.tbz.ch"|"Y&Wl8@-Hh&qD4-XQP7LQ"
"maiwenn.nevitt@edu.tbz.ch"|"jq%xVA-oNoKPN-M6BZpi"
"magdalene.gerrey@edu.tbz.ch"|"sZo4a3-Vs61n6-AH84n1"
"becassine.latimer@edu.tbz.ch"|"W3KqHc-uLo6Vf-dFl&ag"
"da.lethibridge@edu.tbz.ch"|"Jl34z7-ag9hMW-VIzLzr"
"mailys.claige@edu.tbz.ch"|"BAVft0-EYl9a8-CI2j0t"
"maena.torbard@edu.tbz.ch"|"511K6%-ju00iS-pifFGR"
"solene.lyvon@edu.tbz.ch"|"Ts4$cJ-S3M$Fo-wWPUcf"
"marie-therese.benbrick@edu.tbz.ch"|"80$$sO-SMF#iN-ulIeBT"
"gerald.edmonson@edu.tbz.ch"|"sBQ@0#-ZqolmJ-4sDGM7"
"ake.messruther@edu.tbz.ch"|"g6MZpd-JoXMRt-paiVwQ"
"men.gosneye@edu.tbz.ch"|"I36CTY-R0w0ue-Cgtnt#"
"anais.jefferys@edu.tbz.ch"|"2kDKDi-Uvfht7-rh@xr0"
"publicite.tregale@edu.tbz.ch"|"x2zYLi-DDR9oV-$1$8&D"
"maily.santorini@edu.tbz.ch"|"AaHLrE-1Y@C@9-OdC@WO"
"ines.pioch@edu.tbz.ch"|"tjfd@k-wmz4q5-AaEmrr"
"noemie.marklew@edu.tbz.ch"|"z#X&9K-QzVarj-VjZYq@"
"meghane.maccaffrey@edu.tbz.ch"|"EHmdJ9-%&XBL1-@eERqN"
"berangere.ambrogio@edu.tbz.ch"|"rQRH#C-wHTFK9-ZcHF0C"
"mediamass.ryce@edu.tbz.ch"|"&PPMYT-ywDEml-Y%vi@$"
"oesten.ubank@edu.tbz.ch"|"ZqDh1J-4QQtcI-pbD197"
"melina.mackee@edu.tbz.ch"|"XXla&x-Nf9vVX-hy2Z86"
"theresa.livezey@edu.tbz.ch"|"kDYFb5-MVfDIy-PqKFxj"
"clemence.weal@edu.tbz.ch"|"YuKGu7-1qvqh2-jI4xgm"
"faites.overton@edu.tbz.ch"|"edquP2-imAkJY-cwuL4C"
"clea.lindblad@edu.tbz.ch"|"WWhWsH-8v16dk-jVWjM8"
"josephine.roseaman@edu.tbz.ch"|"NILkO5-XFSP1M-h@e1ce"
"oesten.lowbridge@edu.tbz.ch"|"F@0E3s-j@20vw-QNwXaK"
"marie-josee.brion@edu.tbz.ch"|"6ref$c-rKCq$L-n67Pz2"
"therese.basili@edu.tbz.ch"|"gXhDX0-F0#x8Q-o35fvZ"
"melia.vertigan@edu.tbz.ch"|"9gqwj3-NLMuFl-cEKrpp"
"judicael.saull@edu.tbz.ch"|"3LS0Ep-6hb&&J-eQ5y1f"
"selene.valentine@edu.tbz.ch"|"52zbmP-vo#7#k-KyHEr$"
"verane.dunlap@edu.tbz.ch"|"RQq8tW-NL#mQR-wafm8G"
"meline.kinnear@edu.tbz.ch"|"RPfO6i-2Ze0yK-dbpdfx"
"lei.luttgert@edu.tbz.ch"|"8BNpvy-zwevEp-hitIZL"
"styrbjoern.lathleiffure@edu.tbz.ch"|"y05ZiB-CPdA1k-pgS0F@"
"marlene.blasi@edu.tbz.ch"|"TeBvyr-zW70CX-CqjykN"
"mai.begwell@edu.tbz.ch"|"j83H9J-BTiyCC-tFYWxQ"
"gwenaelle.kaines@edu.tbz.ch"|"wwcyRg-&8y&LF-MoVrj1"
"gerald.adamthwaite@edu.tbz.ch"|"kTv#FJ-c$NmBU-dE0SMl"
"kui.hartfield@edu.tbz.ch"|"vtlMT#-Kde7&&-1O9XMG"
"salome.currao@edu.tbz.ch"|"U#6Uxr-9T#Bz#-rdNihJ"
"angelique.tixier@edu.tbz.ch"|"fLkc6T-6yV9rS-I2dn39"
"ju.mcgragh@edu.tbz.ch"|"kAbTD1-ZJB04l-QAiwWW"
"dafnee.beachem@edu.tbz.ch"|"z$kpX%-tXW51u-4#1zMZ"
"creez.terlinden@edu.tbz.ch"|"2Bh1CF-hI@#4Y-z2Si2S"
"uo.mcskeagan@edu.tbz.ch"|"cGgv53-h5Ngvc-EeP0GH"
"edmee.mccaughren@edu.tbz.ch"|"swEVpS-TDZy8I-uDU2La"
"asloeg.cozby@edu.tbz.ch"|"&0K6K4-hNCvSQ-7z4i09"
"melodie.traite@edu.tbz.ch"|"EkcinN-UfSx1g-P&9eQ&"
"dorothee.aindriu@edu.tbz.ch"|"Oqy$2R-sTyAso-El@Lsa"
"daniele.doley@edu.tbz.ch"|"a9S7Ls-It&n1p-1VvBbH"
"mediamass.fairclough@edu.tbz.ch"|"qeKJvJ-Lc$DL3-DP6f@I"
"lorene.rainforth@edu.tbz.ch"|"zls0X&-TFEISJ-p%io#p"
"leonore.eyer@edu.tbz.ch"|"enw7E@-Ec1d6#-alenNU"
"po.spillman@edu.tbz.ch"|"%Vvn22-KiaBk5-w1rccl"
"cecilia.plitz@edu.tbz.ch"|"OAOWgd-tECzw9-9EMv&9"
"lorene.ludlow@edu.tbz.ch"|"ZBVU1i-EOtTOi-G39YYN"
"berangere.neligan@edu.tbz.ch"|"g24zLR-TZugCM-pWTppg"
"simplifies.huggan@edu.tbz.ch"|"6EXPRa-sMSHWq-V2mAUR"
"clelia.prandy@edu.tbz.ch"|"8utO0@-lq$0kD-Cqe#Wd"
"ake.osban@edu.tbz.ch"|"4raQS5-Eb#CLC-6%0OEM"
"cunegonde.brunn@edu.tbz.ch"|"t&HJPt-udKS3O-VN%sXY"
"long.grizard@edu.tbz.ch"|"p8BiDi-EQKvpc-IQYERw"
"meghane.diss@edu.tbz.ch"|"T5Hnbv-FgNQZY-CIhbKE"
"therese.oldman@edu.tbz.ch"|"BaDUV4-AGnxSw-cg@xFq"
"boerje.scamerdine@edu.tbz.ch"|"j%vm2G-osZFn$-8MY$L%"
"du.saban@edu.tbz.ch"|"b&hXKh-AhyUWZ-wqxrSt"
"hakan.clynmans@edu.tbz.ch"|"N#6JMu-bed7Iq-Eow@rU"
"wa.macdowal@edu.tbz.ch"|"ZJl54Y-l3g#wb-otyOyo"
"venus.hatrey@edu.tbz.ch"|"70C%sU-lBD0LC-a5&n2S"
"anaelle.vispo@edu.tbz.ch"|"nt5Z8Z-A%oUZy-UpvM5k"
"mahelie.ollcott@edu.tbz.ch"|"LgyRFc-x9fRgp-IrSUOJ"
"mediamass.whyman@edu.tbz.ch"|"6&VhNo-hJcly8-5%&NQQ"
"esbjoern.basson@edu.tbz.ch"|"Kziofr-vTTnf#-MiqrgC"
"andrea.morrill@edu.tbz.ch"|"R2&XrZ-TTi6fH-Diz7RX"
"melys.grassi@edu.tbz.ch"|"zxY3Ln-ROlhfC-GfOZ7E"
"leone.poleye@edu.tbz.ch"|"qn@bn@-sZy%ZY-7JbUIA"
"francoise.penny@edu.tbz.ch"|"gIMs1D-sAhvL1-sEdwjb"
"rebecca.edney@edu.tbz.ch"|"#XPQsz-Dz%Iv&-d&9nTH"
"adelaide.murtagh@edu.tbz.ch"|"uzS%3f-YCHInF-hWegW2"
"stevina.winterbourne@edu.tbz.ch"|"DlkYiZ-7&btp$-aOL%Wq"
"ma.cottom@edu.tbz.ch"|"Ba3asV-ma4qPW-6Ykzl0"
"tan.harold@edu.tbz.ch"|"H9tfw1-sTsjkr-EBrOz3"
"venus.forte@edu.tbz.ch"|"6y0yJd-#$zqOA-41TGhH"
"almerinda.oluney@edu.tbz.ch"|"hJ#4vx-qHzaRN-gQHVuN"
"cleopatre.brehault@edu.tbz.ch"|"Zo4cDJ-JbMsJH-KGNym7"
"interessant.lapides@edu.tbz.ch"|"awbhK%-NIg@0F-5R$PEB"
"reserves.hallatt@edu.tbz.ch"|"2oSkv9-TNWETb-dMeOs%"
"annotes.birdwhistle@edu.tbz.ch"|"RrjQy1-CRqNdN-X@P&n3"
"ai.dredge@edu.tbz.ch"|"R#r9wf-4D3ULt-vYjk&L"
"megane.mussard@edu.tbz.ch"|"weSvfF-FQjJGu-n@5MbL"
"esbjoern.gowrich@edu.tbz.ch"|"XmfXgB-nqiz8s-v1%mFe"
"boerje.brislawn@edu.tbz.ch"|"%I%IVO-JI@Voa-qh6#Bb"
"becassine.wilce@edu.tbz.ch"|"s7Mytc-4g@0fc-Vbe9YE"
"personnalisee.oels@edu.tbz.ch"|"#1EbqN-24gRj3-EUzwRL"
"verane.pett@edu.tbz.ch"|"KQ3xnk-CQeSPQ-9kmVP2"
"marylene.glewe@edu.tbz.ch"|"xF$IJq-FOw1H7-kC46mG"
"lai.elson@edu.tbz.ch"|"8xuOMA-8UuKm$-crDPim"
"serena.difranceschi@edu.tbz.ch"|"ek1xpS-LYJvhK-BY5fg7"
"lie.espinel@edu.tbz.ch"|"7@JR0K-Bgg$Va-kvHyMc"
"marylene.fantini@edu.tbz.ch"|"7Q88TS-OYv#8R-1A6kfu"
"andre.archdeckne@edu.tbz.ch"|"x@SCLC-pCmG#B-ttSpCp"
"goeran.bohlingolsen@edu.tbz.ch"|"psB6d8-R3VBzm-43iEDQ"
"cunegonde.heffer@edu.tbz.ch"|"YWHNYG-SutSOl-QM#1O9"
"tan.fechnie@edu.tbz.ch"|"cwVadF-Wxug%W-H7j0OC"
"marie-noel.brammar@edu.tbz.ch"|"svP3$o-aBf90r-celfWf"
"simplifies.aven@edu.tbz.ch"|"&OMilQ-TyuoCm-EpccW#"
"melys.pinchen@edu.tbz.ch"|"fS7kv0-CAtNEL-Pibl3r"
"edmee.joyner@edu.tbz.ch"|"6hX%u5-Jnp$He-XRYau9"
"berengere.edess@edu.tbz.ch"|"@%N1gD-qvVKfQ-k6tM93"
"marie-noel.goward@edu.tbz.ch"|"MoNOt$-RLr&ES-HkXzyI"
"ju.edmons@edu.tbz.ch"|"RPAeEb-JsI@2b-%fybRQ"
"frederique.airds@edu.tbz.ch"|"LaH8LH-xHxGbT-z7x282"
"reserves.dauby@edu.tbz.ch"|"pU4xK1-&sgWZW-qsvtvr"
"hakan.gynni@edu.tbz.ch"|"V$bgt$-U%v6IV-o9xyyy"
"leonore.pinwill@edu.tbz.ch"|"RPG1jU-AuZiM$-EwF8RV"
"marie-eve.mcallan@edu.tbz.ch"|"&X2A$h-4hk6Nu-vOW72e"
"naelle.yeabsley@edu.tbz.ch"|"n1G#6X-0iQf9p-YW729u"
"nelie.jacobovitz@edu.tbz.ch"|"Apoya#-L#s4wl-3nBbKb"
"adele.conelly@edu.tbz.ch"|"L7Sjpd-Y1Y7gh-I7x&X#"
"clementine.dondon@edu.tbz.ch"|"kf4Lji-3yc0dZ-6mUzOh"
"zhi.willcot@edu.tbz.ch"|"23PhmA-2NkF&V-N32gL5"
"chloe.janicki@edu.tbz.ch"|"J7SJLy-arRahC-pvPYAk"
"meng.linde@edu.tbz.ch"|"vXfQGx-M5fQ&N-v8KD1B"
"celine.janisson@edu.tbz.ch"|"weSOHn-Kbt@lB-&795Na"
"clelia.crow@edu.tbz.ch"|"KnB7BR-rgIcZR-XqT4Qt"
"cecile.pyott@edu.tbz.ch"|"ApHCzx-qNx57p-xjedCN"
"ma.fidelus@edu.tbz.ch"|"7KOIGx-clgxei-PdJR8J"
"marie-helene.poore@edu.tbz.ch"|"GjcNO&-f1pQOB-&ideG$"
"elies.blanket@edu.tbz.ch"|"N3%0No-#XePd1-LE6MMe"
"yu.boyer@edu.tbz.ch"|"vnuQbL-NXD%y&-kgaSCw"
"celia.welds@edu.tbz.ch"|"o4NPlW-2dQpXP-Ixm8UD"
"du.gunney@edu.tbz.ch"|"v#gdyT-tnlb#2-NxFrex"
"goerel.crush@edu.tbz.ch"|"P28Kv5-ZuF9VK-JcC6LJ"
"marie-josee.brosius@edu.tbz.ch"|"&HLpBF-fjYpiA-KM49yO"
"camelia.adds@edu.tbz.ch"|"1g&Q%8-6%6dQ$-5CnmqU"
"anae.irwin@edu.tbz.ch"|"2XyPGv-bEC3xr-X74jes"
"cleopatre.skeffington@edu.tbz.ch"|"hQ8R7j-Q$9fs3-WvvywE"
"gerald.suggate@edu.tbz.ch"|"&%DTQB-Sar1z7-ouCiwb"
"laurene.tailour@edu.tbz.ch"|"nrh3dt-mA3lpC-Wpiwdp"
"amelie.hoble@edu.tbz.ch"|"Q0$ZS@-cs4Vys-mhpE8p"
"venus.getch@edu.tbz.ch"|"RX7IDa-ltmMLd-1B5%46"
"renee.treby@edu.tbz.ch"|"W61%Kh-4Zk@Ud-k705G$"
"almerinda.stait@edu.tbz.ch"|"rcMSv1-QstRsP-g@Kl%6"
"andree.reddecliffe@edu.tbz.ch"|"Xl$2DT-1o6WzX-ZSTrcp"
"leone.wintle@edu.tbz.ch"|"qxH7MD-xg2Wks-KIQnxv"
"gerald.fellow@edu.tbz.ch"|"j4X1RT-&bNPht-HpRg5l"
"ju.gudger@edu.tbz.ch"|"25zkf$-JPKsk#-IirKmm"
"meng.ohaire@edu.tbz.ch"|"wyFd#h-ue9lC3-UiDn@Y"
"cleopatre.missington@edu.tbz.ch"|"v1Hj&N-u5qXDi-YgISXp"
"annotes.debruyn@edu.tbz.ch"|"vURs50-m&xfwl-dyREMU"
"gerald.sinisbury@edu.tbz.ch"|"PrkUAb-qhXeTR-k%MDf0"
"creez.slora@edu.tbz.ch"|"T&eTrV-k@nBK6-O6oNwN"
"gisele.benbow@edu.tbz.ch"|"vT6E23-0%HSBy-HrLND4"
"pal.dossit@edu.tbz.ch"|"Xvar41-XBQNOl-GbX2Cg"
"nelie.stirrip@edu.tbz.ch"|"3CniyR-wSRTJD-PdPxf$"
"alois.ocrigane@edu.tbz.ch"|"$aEvHS-#LSV0g-4aqy2H"
"kui.mcterry@edu.tbz.ch"|"1&e8Zs-&0N#h3-Eu%s0u"
"long.willgoss@edu.tbz.ch"|"%3YdR5-1p5wMa-g&4Ncu"
"francoise.sumpner@edu.tbz.ch"|"d%%luh-MO70eF-sNZoau"
"maely.grinstead@edu.tbz.ch"|"9RUgzG-26rG0U-X5$pPe"
"creez.langeren@edu.tbz.ch"|"z5Lzz3-#7MdN3-LK2PvS"
"adele.dungate@edu.tbz.ch"|"J#1uj0-#ozQ7d-OKlTfT"
"cleopatre.noirel@edu.tbz.ch"|"I7KyQi-84T5wc-99%%OB"
"interessant.daverin@edu.tbz.ch"|"SRl&Pd-c5i1p7-A4YCcN"
"naeva.kalderon@edu.tbz.ch"|"s$Xw#E-tWFXdz-Xn1UWb"
"anais.oshesnan@edu.tbz.ch"|"Ctxxg8-BwLKoi-WRVwJ3"
"judicael.anelay@edu.tbz.ch"|"ouwEsq-9MnOyS-OqRTMc"
"eloise.braxton@edu.tbz.ch"|"a&xT0v-q7WPDN-dZlxEm"
"desiree.greguol@edu.tbz.ch"|"vwTAkD-&KbE@w-jMDkQv"
"maite.mcclenaghan@edu.tbz.ch"|"IirK4J-QuyW3b-dCd45r"
"meng.doret@edu.tbz.ch"|"m&IrI@-YXWLWP-WQB1Jq"
"frederique.chippendale@edu.tbz.ch"|"#XsWwM-sakEBJ-GU8P2c"
"andreanne.lanney@edu.tbz.ch"|"5OyZm&-BYLxZL-l7zzas"
"aurelie.claus@edu.tbz.ch"|"@0B81$-8G1opI-tkGUO9"
"renee.pabel@edu.tbz.ch"|"GQKNLY-z9Ye#7-2MrUv@"
"maena.roust@edu.tbz.ch"|"yyopOz-SGEFyY-75maSr"
"nadege.carwithim@edu.tbz.ch"|"Y7lNr8-$RZh3y-bitXHh"
"solene.geyton@edu.tbz.ch"|"1S2wR3-h#I6iw-UnstoD"
"dafnee.avraham@edu.tbz.ch"|"l3IJYb-ktsjKs-Bgbgar"
"leane.woolvin@edu.tbz.ch"|"ziSXGd-Bp4Q2M-o5EGhm"
"adele.macadie@edu.tbz.ch"|"@34egp-2a60K#-z5O958"
"meline.rubica@edu.tbz.ch"|"yF7DCA-N8YVxT-4ts3Qr"
"marie-noel.speeding@edu.tbz.ch"|"S0@MJS-ajM15d-vnevl3"
"nelie.mix@edu.tbz.ch"|"5DCU4y-kNiyko-FQSxIo"
"clea.ollett@edu.tbz.ch"|"rNUBY@-M3vWc&-td$%SL"
"leandre.mcgavin@edu.tbz.ch"|"1hh4c5-53gK5X-dJnmH4"
"cecile.behne@edu.tbz.ch"|"AYSOwH-VCn0IL-Qg8F2Q"
"melanie.polle@edu.tbz.ch"|"n6WVn7-wkGz2T-eZrwlz"
"marie-josee.titmuss@edu.tbz.ch"|"kKg7zM-BsROGN-hnOs@L"
"helena.guest@edu.tbz.ch"|"s80t1m-OC8t$H-%EgvgE"
"annotes.chicchetto@edu.tbz.ch"|"idTALq-0jiCDV-y5SpAl"
"melia.tubb@edu.tbz.ch"|"OM2ct8-%txC4s-LTR#Y5"
"angelique.casetti@edu.tbz.ch"|"EBKa7z-#naxI$-ukHJ8I"
"cunegonde.cleall@edu.tbz.ch"|"eW7PUV-2vnMbL-hQkfaH"
"camelia.oaker@edu.tbz.ch"|"aj&&Kx-@fUGXP-Ljma$9"
"you.searight@edu.tbz.ch"|"dIl8$d-q%fgfh-PlBw2e"
"kevina.dederick@edu.tbz.ch"|"RosGLv-afpjR#-574mUH"
"milena.jeffrey@edu.tbz.ch"|"6n%w9h-WkG2YO-gm8hQC"
"melodie.barkshire@edu.tbz.ch"|"E$obO9-YSs4Mc-nJxGoK"
"gaelle.kreutzer@edu.tbz.ch"|"G05h7L-etr%o#-85@Fqr"
"kalliste.kleinpeltz@edu.tbz.ch"|"N$rHgq-MrjGJU-ObHCqH"
"clementine.danat@edu.tbz.ch"|"IQ0H7a-x13HPn-umy@6#"
"andrea.wabb@edu.tbz.ch"|"w1JAWA-aNR58&-jbaWIW"
"geraldine.piesold@edu.tbz.ch"|"lYXN2H-0ZS6Jb-Vj@YWj"
"tan.fiveash@edu.tbz.ch"|"Z1vh#B-TJZEMw-3MmuJQ"
"meline.yuranovev@edu.tbz.ch"|"W9e2PN-8CvmR1-0MbPUV"
"therese.holme@edu.tbz.ch"|"tBUtSQ-%C0aaf-x@%w@j"
"salome.vaney@edu.tbz.ch"|"@1$8TK-LT@zDO-KnZuNR"
"anae.abramson@edu.tbz.ch"|"0hZaY0-45Wei&-3Y39S$"
"kalliste.jimson@edu.tbz.ch"|"ukiqnP-sM#8Is-4opa#q"
"selene.yole@edu.tbz.ch"|"&n8B2k-hEoBfM-vK#4rZ"
"agnes.defraine@edu.tbz.ch"|"KL$Km%-f8mki&-Uim2eB"
"faites.mccluin@edu.tbz.ch"|"pNrzPv-h&$rHp-6wJbkg"
"athena.deme@edu.tbz.ch"|"wM8QEL-jzkwMP-pKNm$j"
"daphnee.brigstock@edu.tbz.ch"|"acOH5p-xrN5#R-s94Nr4"
"goesta.skaif@edu.tbz.ch"|"O68#3B-0l3zP0-p#Ciom"
"oceane.jagoe@edu.tbz.ch"|"JVBNuX-LROIR4-I%eLbt"
"annotes.broomhall@edu.tbz.ch"|"6OKeDB-veQy#S-Be#7bP"
"marie-eve.ballendine@edu.tbz.ch"|"KVCm8x-QprOJb-@#@lK&"
"melina.spykings@edu.tbz.ch"|"GEpr0R-6&Kj5i-E1cT5p"
"laurene.ticehurst@edu.tbz.ch"|"moh%ku-RbsYSz-gLsErF"
"fei.avramovic@edu.tbz.ch"|"2CQRsb-muJ%YK-Tpz&67"
"publicite.strathearn@edu.tbz.ch"|"PF@PoP-rKcHf2-%bH#@9"
"torbjoern.garrow@edu.tbz.ch"|"wjxZeK-Z5LIZt-t@r$cu"
"chloe.rubinsztein@edu.tbz.ch"|"%m$J4I-BHqb@T-5pBIAH"
"mylene.demanche@edu.tbz.ch"|"H18qa2-VTPzgJ-qIuM7$"
"mediamass.godlonton@edu.tbz.ch"|"fe3qoI-vrKRdx-65I7Po"
"renee.shurrocks@edu.tbz.ch"|"5$mg%4-f4UFcg-wrAdLw"
"maiwenn.jedras@edu.tbz.ch"|"gg2&&L-zBaidg-8IakLj"
"genevieve.castells@edu.tbz.ch"|"X6hxAD-AIpktw-DR4Qka"
"renee.sneden@edu.tbz.ch"|"dtH9Vb-c7@DjT-o6HXcc"
"lai.mccallion@edu.tbz.ch"|"KVmQ9y-VFkkCd-1mRQRy"
"kevina.impleton@edu.tbz.ch"|"f3nFvQ-vK4cYB-I3mH0c"
"oesten.fresson@edu.tbz.ch"|"1@#qHg-1068fr-7368Cj"
"verane.shawley@edu.tbz.ch"|"ElpWyr-mL76f3-#xJ6b9"
"uo.sjostrom@edu.tbz.ch"|"m&lQcb-G3zH8C-3%$DVD"
"gisele.gothup@edu.tbz.ch"|"EPO#OT-XikQ@E-x&r8tq"
"renee.beauman@edu.tbz.ch"|"jG&xvS-yx8pjr-dTmqFc"
"elies.loton@edu.tbz.ch"|"Tcc4a5-o%I394-bOjpW0"
"valerie.elsmore@edu.tbz.ch"|"7J7Q&V-kOhTDu-WLcNdJ"
"berangere.delafeld@edu.tbz.ch"|"YRb7IZ-koz7va-rmaSOi"
"bjoern.schimke@edu.tbz.ch"|"IsZ2lo-S9JRaS-dkVLr1"
"loic.ericssen@edu.tbz.ch"|"11QnAO-$$hqlx-x&SgAr"
"creez.richarz@edu.tbz.ch"|"F8leg$-rL$VCg-oOyWHA"
"athena.grocott@edu.tbz.ch"|"X9Ct1J-@5WO8K-KSa2AE"
"naelle.piotr@edu.tbz.ch"|"PvyY45-dInFhb-UjW39a"
"maella.paulson@edu.tbz.ch"|"LFnYW#-x4Fh92-vPVLtb"
"song.perot@edu.tbz.ch"|"oF2vvz-4v9qKc-2VMKRb"
"kalliste.heckney@edu.tbz.ch"|"IauYpU-F&MgJ%-wq3jCf"
"ake.vasyutkin@edu.tbz.ch"|"qqfTE&-m0#&%2-w6go3l"
"ma.castles@edu.tbz.ch"|"94qido-0ew$v9-DGAYpa"
"maely.monget@edu.tbz.ch"|"BxR%6w-yxlpaD-@3RCHR"
"tang.durbridge@edu.tbz.ch"|"ZW57Ce-TMymg&-YuGTvS"
"laurene.andrew@edu.tbz.ch"|"QT1Hrx-jQTa#s-mGtDg9"
"lysea.beacon@edu.tbz.ch"|"G$XOrq-zLoqHG-cetr51"
"leandre.peyntue@edu.tbz.ch"|"YjxRoa-qZR77#-L0j7p9"
"rao.trever@edu.tbz.ch"|"j0WJYj-aKnVLp-eT5Pzt"
"mahelie.streader@edu.tbz.ch"|"K2Kz0h-zMj50h-Cvgztn"
"maerta.andrejevic@edu.tbz.ch"|"e0sbh6-QuHt%i-Ch5Zkm"
"goesta.tompkins@edu.tbz.ch"|"qrx&&L-gXTiKm-qJ1Yw7"
"helena.agates@edu.tbz.ch"|"4iwryw-LsBUWw-XOjZbU"
"therese.glass@edu.tbz.ch"|"EHsg59-RRZOgC-$%2@25"
"alois.foan@edu.tbz.ch"|"xd$9we-Kw5G9p-yyCdMw"
"becassine.melchior@edu.tbz.ch"|"4Hw9PT-WvSl1I-0UxY@a"
"cloe.robart@edu.tbz.ch"|"czxRTb-VdI4bK-AU6jlf"
"daniele.puckinghorne@edu.tbz.ch"|"TOJh8J-5I50jg-HdLPAo"
"selene.cammidge@edu.tbz.ch"|"6i&y@7-Xe@HxP-6aXr96"
"regine.conochie@edu.tbz.ch"|"jY%hJU-iHshVi-rbEmST"
"interessant.tuiller@edu.tbz.ch"|"kNo0Gx-25PzLx-mRIJ&o"
"long.tiebe@edu.tbz.ch"|"N6@FXw-@NEwW9-uC3SKF"
"mans.yele@edu.tbz.ch"|"mk46Ud-uBACHC-ZxZueV"
"ai.giles@edu.tbz.ch"|"KHtjji-xZGMKh-m1&vYI"
"gaetane.hamberston@edu.tbz.ch"|"4TzWos-gpH9XZ-EA3Rrs"
"marylene.fenix@edu.tbz.ch"|"1ZkK68-DInala-ssOt3M"
"geraldine.graeme@edu.tbz.ch"|"t4WR@@-ifRgsN-OP7yVV"
"tang.kinglake@edu.tbz.ch"|"1@pQt5-M82lE4-T$wcli"
"lai.challoner@edu.tbz.ch"|"&$90y4-lH5gXo-maJSzM"
"desiree.mattei@edu.tbz.ch"|"BLnxPP-RLClTi-0HZXEH"
"ake.erley@edu.tbz.ch"|"X2KVz6-knzGHQ-qj@$U&"
"edmee.cavil@edu.tbz.ch"|"aWnvYZ-iwDYxA-Avjq&X"
"alois.moyes@edu.tbz.ch"|"o8$Fx4-QtrPJX-JT8fVW"
"becassine.pitman@edu.tbz.ch"|"6rElWE-KfJEr#-iD%vZ0"
"ai.giacovelli@edu.tbz.ch"|"@Cohsb-Nb#Iue-x$YhOu"
"judicael.fruchter@edu.tbz.ch"|"XMnDS7-zATyaK-foGl7M"
"mans.mogg@edu.tbz.ch"|"WNdRtj-Pl%FSg-JBzx7i"
"gerald.foyle@edu.tbz.ch"|"yRe#CI-b9pzss-pAu3ye"
"wa.androletti@edu.tbz.ch"|"qlsa4u-4a0upI-jL&O%S"
"meng.ollett@edu.tbz.ch"|"iNFeNt-wHusFO-@Tlh&5"
"naelle.macmenamy@edu.tbz.ch"|"Eii$DJ-5YFeBL-fdC7W%"
"gisele.mcramsey@edu.tbz.ch"|"p3%eAh-tR%Lqg-s6fWtD"
"meryl.scolts@edu.tbz.ch"|"EkzqT4-rHXAOn-MCAk6N"
"celia.bloxsome@edu.tbz.ch"|"XzgqF7-hOD%Ak-H#qtp5"
"styrbjoern.stuke@edu.tbz.ch"|"2rjk9P-3Qe$Sx-fbsJQV"
"felicie.gwilliam@edu.tbz.ch"|"HtmMp8-yJdu#P-cBi$25"
"da.harms@edu.tbz.ch"|"tWbreo-Jk3akr-iXkHKl"
"celestine.baulk@edu.tbz.ch"|"ySo99R-rO0EWW-MpsxZg"
"mahelie.blackledge@edu.tbz.ch"|"UaAcwu-qp%HHx-IB71bt"
"meghane.salt@edu.tbz.ch"|"3tYmDO-#arcpN-M3GP3@"
"methode.paxeford@edu.tbz.ch"|"04@#Yl-DG&asS-cZz#uj"
"asloeg.milligan@edu.tbz.ch"|"SuWGv1-7O8kFW-Cf#Zik"
"you.pellman@edu.tbz.ch"|"t6#xTo-kDJLtW-j%pY&J"
"loic.regenhardt@edu.tbz.ch"|"#iQ#iO-2WgDlY-H3BDkG"
"daniele.savill@edu.tbz.ch"|"6psY3P-u#81I0-A1uwnb"
"alois.cornu@edu.tbz.ch"|"6y5hwt-VvHXNr-S0&VoT"
"oesten.govey@edu.tbz.ch"|"QqHkRo-DedAPY-9adkpH"
"marie-eve.louch@edu.tbz.ch"|"2Gd9EO-Pr7JkI-%&mmCr"
"theresa.wenn@edu.tbz.ch"|"okoMXF-ddc@nT-BxPghc"
"andree.eul@edu.tbz.ch"|"LE6WsL-&Q7%@X-ZXYApX"
"lie.paynton@edu.tbz.ch"|"Aoomok-wn&Ne1-W7xxSk"
"marie-eve.girodier@edu.tbz.ch"|"YY&zh6-e&DaD7-8n&vXZ"
"marie-noel.smithe@edu.tbz.ch"|"KFjpM&-PU%eA4-lAOTo3"
"men.bootyman@edu.tbz.ch"|"3SdTAX-IMv$$I-C6E@lg"
"ku.sugg@edu.tbz.ch"|"Vxr2W8-oB$wIH-xudu%n"
"lucrece.roseman@edu.tbz.ch"|"oQ3s#m-iGTXwJ-5uUPOW"
"zoe.annear@edu.tbz.ch"|"iIB6Wp-CzKa0P-i1R5r4"
"marie-helene.rennebach@edu.tbz.ch"|"SzRDlC-sJPHH$-2wFBfQ"
"lea.djurdjevic@edu.tbz.ch"|"9dTlMY-osI5xF-2anRPX"
"goerel.robert@edu.tbz.ch"|"RDdbog-qXuuI7-DFX8Qh"
"mylene.foldes@edu.tbz.ch"|"nNLVAI-MwY9%E-MofDii"
"faites.clegg@edu.tbz.ch"|"cJLuRi-Ti8tqq-dP6mDL"
"marylene.crowcher@edu.tbz.ch"|"ifFTte-k9CIkn-jAZV9S"
"aimee.wimpeney@edu.tbz.ch"|"PEFZ0V-iB5UMk-%a1aue"
"renee.atkins@edu.tbz.ch"|"@Yjkk$-s3VTuf-bH0ZSd"
"rejane.cainey@edu.tbz.ch"|"b6hVbz-r@8oB%-klb1v7"
"solene.britney@edu.tbz.ch"|"#GsXd0-2$%@1O-hhKxLk"
"marten.shatliffe@edu.tbz.ch"|"mVSRmm-1weXWn-Q2QV#h"
"maite.issatt@edu.tbz.ch"|"pULRgS-x%Sj4y-idrgJa"
"maelyss.edon@edu.tbz.ch"|"Rbu7qb-s@QtXi-Oe#uME"
"nuo.bamling@edu.tbz.ch"|"5xx4fo-Z9PIBJ-TTv3KC"
"anais.edards@edu.tbz.ch"|"UMVTj0-Ysi9UQ-Vgw&LX"
"mediamass.bromet@edu.tbz.ch"|"gDi&aL-mNrWrj-k6L0vw"
"beatrice.kimbrey@edu.tbz.ch"|"$3K98w-BPOWJ2-ikJ7ho"
"ines.lawranson@edu.tbz.ch"|"HBZ2Zx-izUO2w-PAx$av"
"kalliste.scandroot@edu.tbz.ch"|"PRwalI-89sb9M-WjTm3o"
"mans.barrowcliffe@edu.tbz.ch"|"aGtP3e-kBg7&x-oL$vx4"
"irene.couves@edu.tbz.ch"|"xEurLz-$hC8oF-CDqqoI"
"milena.mucci@edu.tbz.ch"|"tUHiHE-y%VyYe-i4@wkM"
"naeva.cow@edu.tbz.ch"|"nKjCZi-P%SVUa-pRAVRV"
"audreanne.mournian@edu.tbz.ch"|"CO1iaN-BMoVrw-1kHNOm"
"melia.sinnatt@edu.tbz.ch"|"cvKAQV-R2nCIO-DTUs9y"
"nelie.burnard@edu.tbz.ch"|"6xxX24-mwAY2w-0OySyM"
"clelia.ashfull@edu.tbz.ch"|"ufVKpp-EtLp&q-HzuI&l"
"lie.macard@edu.tbz.ch"|"lEX$$f-Jgy2@U-aMUo4P"
"valerie.matoshin@edu.tbz.ch"|"cw8aAd-GiMM#F-tPqHGY"
"anael.hatherleigh@edu.tbz.ch"|"p%QAPg-mul$tS-rebttN"
"interessant.warratt@edu.tbz.ch"|"UwFMti-hDAkgb-oO%KPj"
"eleonore.volage@edu.tbz.ch"|"#JjHs5-sVZ7Ij-3&%rAE"
"zoe.stebbing@edu.tbz.ch"|"C%DS3v-pXJL3X-pLqsIo"
"alizee.nye@edu.tbz.ch"|"2LJWTd-jR2#do-MUPiB3"
"celestine.bramley@edu.tbz.ch"|"j7kwHN-z7Haqh-N&JoJR"
"selene.philcott@edu.tbz.ch"|"&RWaDS-GuSZuC-snNLXR"
"tang.newens@edu.tbz.ch"|"Th%MFy-vDCXGI-gMmduT"
"annotes.powys@edu.tbz.ch"|"B3rDUj-SEp6cD-f8R1iw"
"lea.matthesius@edu.tbz.ch"|"bm5Rvq-NZ2NPV-rKHJ6y"
"illustree.garlett@edu.tbz.ch"|"ZjhChu-wUsosl-xHF&1A"
"maiwenn.meachem@edu.tbz.ch"|"2ObP9r-y&FLAh-ddnjTM"
"marie-francoise.mcbrady@edu.tbz.ch"|"mtgBQx-oTqi%j-di27z7"
"illustree.gimbart@edu.tbz.ch"|"%PS2iU-$HJeP3-WAE79i"
"melys.lyosik@edu.tbz.ch"|"hB&&wy-kjJRvS-y1u3Op"
"marylene.mcnab@edu.tbz.ch"|"vJj2M7-Y8xBag-t6YU9m"
"gerald.blount@edu.tbz.ch"|"Hl2esQ-Vd45kt-GqS5Ax"
"clelia.shakelade@edu.tbz.ch"|"fQIJJy-&BO26a-7CIbfQ"
"penelope.cridlin@edu.tbz.ch"|"@pPD&B-gPXEqz-F7OcMD"
"maena.okuddyhy@edu.tbz.ch"|"ryw&k1-g$ilRN-UqSwfN"
"athena.keynd@edu.tbz.ch"|"2T@Ui1-IAHHZq-1dzr4e"
"cloe.dwine@edu.tbz.ch"|"Jhv3F9-6sI7rl-e@Bafy"
"josephine.browett@edu.tbz.ch"|"cb@KJH-OHkJMS-FZ4wm1"
"audreanne.oscanlon@edu.tbz.ch"|"oSWX8B-ERI%sA-BaTu6b"
"fei.jeanequin@edu.tbz.ch"|"a#sRgd-MpXkUY-S%iCxW"
"lois.gormally@edu.tbz.ch"|"joJ2ha-9QF$j$-mjH71y"
"marie-francoise.finnigan@edu.tbz.ch"|"jjJY%i-VkQUqG-77Q8VD"
"leonore.trussman@edu.tbz.ch"|"#rAAmC-L1J8FJ-6UJFCd"
"anaelle.trumper@edu.tbz.ch"|"BcXzDr-nHt##d-JM0bBS"
"clemence.dionis@edu.tbz.ch"|"I#2kay-bEL$3p-ugIZYH"
"lois.tranmer@edu.tbz.ch"|"9AQ%zY-vW6069-UUvZmP"
"interessant.volett@edu.tbz.ch"|"AJQ@9O-7MuFN2-AkosSM"
"personnalisee.deackes@edu.tbz.ch"|"&C#Gut-2A3$OL-rzJahx"
"lie.vasiliu@edu.tbz.ch"|"LWZi%R-QWSDmA-sKc1pa"
"dafnee.lamputt@edu.tbz.ch"|"BdyDMl-NOo1Wy-5uL#U0"
"elies.bromige@edu.tbz.ch"|"IHSk$y-9ejCEY-eY9vSj"
"helena.klosser@edu.tbz.ch"|"xTHwHL-oA6%45-9@RQp@"
"andree.grim@edu.tbz.ch"|"01%6Og-3QRuwV-JEiwpv"
"verane.coldbath@edu.tbz.ch"|"XeB@v6-aE@ZgP-$jVq2v"
"helena.bethell@edu.tbz.ch"|"9V86x7-J9A5Dn-lFYY3V"
"kalliste.carefull@edu.tbz.ch"|"9%7Mcy-3vpm9C-zrIaN7"
"regine.odams@edu.tbz.ch"|"qwDjF2-7oWStq-iB1yK%"
"len.stannus@edu.tbz.ch"|"63ej3v-hwKBQo-l8zrfY"
"angelique.works@edu.tbz.ch"|"uK17Ki-3ReWRK-c9rr6X"
"goesta.rheaume@edu.tbz.ch"|"@n#8w$-@J&PuI-7rjAUg"
"maelys.tynnan@edu.tbz.ch"|"XK&swx-Mf15ZE-TTQiDe"
"maelle.carlesi@edu.tbz.ch"|"z37hv&-HVz93J-TIZehy"
"anael.spurden@edu.tbz.ch"|"PY$n60-s2yL1X-VJOqJt"
"helene.pumfrett@edu.tbz.ch"|"hTW2GP-Q3T4wB-GZ2coX"
"goerel.pearn@edu.tbz.ch"|"nRFPgm-4rjFyO-YeMuVB"
"laurelie.dezamora@edu.tbz.ch"|"@tAmNB-pbMEUV-h%adP2"
"yao.twidale@edu.tbz.ch"|"MsTCv5-yK5Yim-R%#4GC"
"berengere.sola@edu.tbz.ch"|"AjT2%G-3TEbIe-4NSGkh"
"maelann.hardistry@edu.tbz.ch"|"PRn63$-5r7n2v-UAn@Tc"
"severine.littlefield@edu.tbz.ch"|"vkagil-#1x%xt-8DG%Z2"
"salome.heinl@edu.tbz.ch"|"C8pDFA-8Dj51R-oHrk1y"
"meryl.warbey@edu.tbz.ch"|"dimga6-8x&jbL-gkcwGL"
"da.hunstone@edu.tbz.ch"|"Oh%ZKG-CBSgmE-kD5cOm"
"venus.broadbury@edu.tbz.ch"|"VIHEdS-vlvHz8-drgGw8"
"meghane.rentelll@edu.tbz.ch"|"7FFHz4-pIh8U3-JeGTib"
"marylene.drewitt@edu.tbz.ch"|"q%Ioph-QT1I41-kxSc0z"
"melinda.jacquemet@edu.tbz.ch"|"T37SrC-D#814f-TBqn&H"
"marie-josee.keyden@edu.tbz.ch"|"ajfuwR-e43AIp-zxaREt"
"asloeg.montacute@edu.tbz.ch"|"Ylx@cI-uTAf1O-QENiMr"
"ku.andreou@edu.tbz.ch"|"wqayDZ-K2Cu4#-HEzJ8v"
"personnalisee.feaveer@edu.tbz.ch"|"tB9hqA-eOYurT-#IQmO&"
"laila.emptage@edu.tbz.ch"|"6%RI2k-bUgYbS-j0EYG6"
"bjoern.dawdry@edu.tbz.ch"|"l0dBBE-YutGyC-ERN1ta"
"marie-eve.dinsell@edu.tbz.ch"|"gH7nKv-VOqLCh-1s@FyM"
"helene.follett@edu.tbz.ch"|"yjDa&$-KFcitd-IULGhi"
"penelope.cordero@edu.tbz.ch"|"zpXmiD-axizsL-8BnLCk"
"boerje.beedell@edu.tbz.ch"|"fFLF9z-AgZ&8Y-aF71KF"
"nelie.ferne@edu.tbz.ch"|"sTuYv2-y$x2e5-j0xja4"
"celine.ahmed@edu.tbz.ch"|"t3HiqY-qa#lOz-bz9Zcw"
"stevina.pimblett@edu.tbz.ch"|"zZmCTM-eytJot-Iznl9D"
"chloe.langlands@edu.tbz.ch"|"pDCBot-rnAgZK-cbiNo1"
"simplifies.maude@edu.tbz.ch"|"qeet&d-1o9EAV-1UXZ#p"
"genevieve.decarteret@edu.tbz.ch"|"&mX2MC-N2Eq@V-IGdi#E"
"marylene.mughal@edu.tbz.ch"|"EZCSsM-rOk#OA-oQPn%b"
"goeran.guttridge@edu.tbz.ch"|"5$jHF3-3SNYUq-KDJkyE"
"michele.smurfitt@edu.tbz.ch"|"Xxqz8U-R6VgK4-hcdfPz"
"methode.hadeke@edu.tbz.ch"|"hrg3oK-Q5oNYt-$ulhaa"
"therese.rispine@edu.tbz.ch"|"YvcsvL-L18U7@-3#0J80"
"goerel.plumley@edu.tbz.ch"|"Lz#$Lf-IopyI9-X3ayTT"
"oceane.friett@edu.tbz.ch"|"t1JELA-tsosRe-3u@YTh"
"marie-noel.achromov@edu.tbz.ch"|"7NVkdv-4T$@nT-2aYmka"
"dorothee.storek@edu.tbz.ch"|"$LNsAh-uTaYYM-fqI8yJ"
"goesta.whittle@edu.tbz.ch"|"WZQsAF-Ik9mqj-1UUv4r"
"desiree.casely@edu.tbz.ch"|"g3z7yZ-%S9p%Y-$9L0%G"
"felicie.condon@edu.tbz.ch"|"g2OztZ-RzdakL-T#VGtN"
"maelyss.frisdick@edu.tbz.ch"|"pFE1ir-HO@mN6-IWkyBJ"
"aimee.banke@edu.tbz.ch"|"VJ8h9F-tiJCxr-#bACGJ"
"naeva.hodcroft@edu.tbz.ch"|"VRCjna-wx3FkC-l&0WTw"
"laila.gerrans@edu.tbz.ch"|"ZcM&93-QNKzPf-ZjA1Dg"
"daniele.scrimshire@edu.tbz.ch"|"O6i5zh-WT44td-pmXl2W"
"daphnee.sheerin@edu.tbz.ch"|"F2B74s-2h$71r-#xML9a"
"pal.vanyukov@edu.tbz.ch"|"QtKDzl-xbYUH0-K1BE@3"
"zoe.childs@edu.tbz.ch"|"hfLmyE-U7ZayE-@SmbBa"
"ai.corde@edu.tbz.ch"|"bRK3Cg-bdRs4j-fyGqOF"
"maelys.berryann@edu.tbz.ch"|"CBHvDg-XrZdYS-%xn7vt"
"cloe.gladding@edu.tbz.ch"|"ZuPDYl-vRB&%h-VOtmRw"
"wa.kinnaird@edu.tbz.ch"|"g2nvp8-C$g80e-hJrJxl"
"publicite.brittoner@edu.tbz.ch"|"6W316u-aHI52h-YOJooz"
"rao.windress@edu.tbz.ch"|"0b8kgb-2gX2Vu-@04q5G"
"uo.kollach@edu.tbz.ch"|"XQr4EL-GbOiEE-$LsglE"
"josee.peskett@edu.tbz.ch"|"QJtY&H-Ka9ptu-c#@J&b"
"annotee.hasel@edu.tbz.ch"|"T3gVIT-eziBoM-UExTn1"
"cinema.lee@edu.tbz.ch"|"N66zVZ-W2q#Ma-J@G4p5"
"lai.vedeshkin@edu.tbz.ch"|"KVCmvn-$1nfdK-EZB0kP"
"renee.brisbane@edu.tbz.ch"|"0DXMOx-7oXG$A-EEG@Yx"
"ophelie.blincoe@edu.tbz.ch"|"MGT6vR-isyErz-xf0@rA"
"zhi.prazor@edu.tbz.ch"|"ySQvBg-jJMTJy-&dg75z"
"annotee.maddicks@edu.tbz.ch"|"UE8mUa-g5kRhG-BEW87e"
"maelyss.codd@edu.tbz.ch"|"czkJsq-jnxZvV-NZ7Et4"
"celia.peplay@edu.tbz.ch"|"Sn8fZ3-eTs&cR-cnkPJA"
"interessant.skone@edu.tbz.ch"|"QRqZkg-cSbZwq-wXJW2k"
"audreanne.hebdon@edu.tbz.ch"|"lreteH-6EQslu-$QsbUn"
"oceane.glen@edu.tbz.ch"|"wppxmD-XhRyhp-p3mb7g"
"daniele.vanyushkin@edu.tbz.ch"|"xQZjD6-kNsV4Q-NIC0tG"
"daphnee.ayce@edu.tbz.ch"|"Lj$YAz-tK6ffc-8@DlBz"
"andrea.attride@edu.tbz.ch"|"WQKwoW-&4u1CE-XaG4EM"
"penelope.bridgwood@edu.tbz.ch"|"QAvgOf-TwiB%s-zxPpxP"
"mailis.drewitt@edu.tbz.ch"|"wGQov2-Hn3orJ-UoJsPZ"
"penelope.mollene@edu.tbz.ch"|"A2kjRU-ld@QEz-iHCfSe"
"illustree.keely@edu.tbz.ch"|"Xzs7Ul-VYhsYl-yDCXvH"
"meng.brisseau@edu.tbz.ch"|"eLxC9d-Zzettp-rh5G5h"
"ruo.cleiment@edu.tbz.ch"|"5IzpeF-XHc1Ls-r4EEYC"
"maite.krammer@edu.tbz.ch"|"ik2xDb-q1D9jM-lk%Tzs"
"genevieve.verry@edu.tbz.ch"|"Gvw4%o-y$haN6-wg0RFn"
"lea.olochan@edu.tbz.ch"|"Z%R#Up-w409B#-NCg6rd"
"naelle.brunnen@edu.tbz.ch"|"utJoRg-XUC16y-GFk#Bm"
"goesta.bragginton@edu.tbz.ch"|"y5khEq-mMQaIk-hapfB1"
"fei.danilyuk@edu.tbz.ch"|"kAM9Fo-Yobczb-LWlTDA"
"adelie.turbitt@edu.tbz.ch"|"yyCYP0-I@RAGu-HQUrVH"
"marylene.nutman@edu.tbz.ch"|"yvehol-&vu5@E-2@zL0H"
"therese.barbrick@edu.tbz.ch"|"zZ9Utr-4%fdr7-o1L70m"
"melys.kolodziej@edu.tbz.ch"|"0Z$c6N-@VmPs7-0GexJN"
"melanie.runchman@edu.tbz.ch"|"H&O0VH-m5HeLd-YqCF&O"
"serena.lafond@edu.tbz.ch"|"j8phX7-XxKTD1-sp6dp6"
"pelagie.desmond@edu.tbz.ch"|"xKnnzf-J1PHcs-@Q0FFX"
"wa.spickett@edu.tbz.ch"|"TnozFC-81pszd-$28D5z"
"po.shave@edu.tbz.ch"|"S$MXJe-IV55c2-5jGIIr"
"song.huikerby@edu.tbz.ch"|"2oqhUo-jLF$2j-KNiz7q"
"melinda.bimson@edu.tbz.ch"|"LAD&OW-VrtdGF-UisDy2"
"personnalisee.toffanelli@edu.tbz.ch"|"i2Xrna-1bYD9w-LfvZpT"
"leandre.hurn@edu.tbz.ch"|"OGRvRV-ConQ9r-v5&h0z"
"oesten.standell@edu.tbz.ch"|"xwTNFJ-Wn&isf-SyyW4r"
"naelle.smaleman@edu.tbz.ch"|"7O0U8a-swk%6D-4sy%MO"
"berenice.tayt@edu.tbz.ch"|"VpAVRx-#Uv4%S-#&N7Cr"
"kui.popplewell@edu.tbz.ch"|"YMA$sq-E5PXuG-QJ#RE8"
"melodie.ferandez@edu.tbz.ch"|"p65qf8-U7H@jm-#qz#z7"
"josee.negal@edu.tbz.ch"|"7re01A-fnGu8R-sF@QcQ"
"melissandre.ferrelli@edu.tbz.ch"|"uku1jA-oOs6nA-kQ6Vy&"
"josephine.kemmer@edu.tbz.ch"|"ip9B&C-R0PwhW-LoKDcs"
"maely.cayette@edu.tbz.ch"|"QKW63C-NWLEo4-L#&O8Z"
"nelie.vela@edu.tbz.ch"|"avkaqD-Q#SgKR-Wsrd1o"
"melina.cortes@edu.tbz.ch"|"0Zsoha-#7RHz&-&6UYbN"
"megane.leyshon@edu.tbz.ch"|"mfxRNS-fwTaqg-T3dTdI"
"regine.harrie@edu.tbz.ch"|"riLmsj-KNLlxq-7MQm&n"
"mylene.widdison@edu.tbz.ch"|"J1ZNDY-dtkc@3-nMXyLg"
"pelagie.vivash@edu.tbz.ch"|"zY6k@L-qsKcJS-fNvTlr"
"styrbjoern.vicarey@edu.tbz.ch"|"SJrY9R-%i2GWx-ahoT4m"
"long.kyles@edu.tbz.ch"|"zKjWMG-h$AKrE-SxniQj"
"stephanie.gipps@edu.tbz.ch"|"PUJpko-U0rXBA-zN9TWe"
"clea.constantine@edu.tbz.ch"|"HMMUtX-P9LV36-KzqDRx"
"maella.cometto@edu.tbz.ch"|"Il3ZGM-vLWLPV-0$dcT1"
"laila.aubrun@edu.tbz.ch"|"npRb$j-IK&svg-b9gsEY"
"yao.austins@edu.tbz.ch"|"d8Q2Q6-u3i6t2-h5WOTl"
"mailys.rylstone@edu.tbz.ch"|"Ariafe-@eFvok-65WdN#"
"adelie.curuclis@edu.tbz.ch"|"ycxRqr-Gxolzy-zTOkRN"
"celine.longhurst@edu.tbz.ch"|"QQIKQw-tlyLhe-7K36mL"
"gisele.hazell@edu.tbz.ch"|"GaosdV-gRqcwb-CbLo6s"
"celestine.ciccone@edu.tbz.ch"|"ojPizB-X64PH%-X53DjS"
"maelyss.doole@edu.tbz.ch"|"hEmuP#-BxrV4g-8Q6lj%"
"helene.grimsdike@edu.tbz.ch"|"k0gF#8-K78Dbg-KDzh$L"
"lie.macer@edu.tbz.ch"|"xdCru@-JDZtbb-zgwLD1"
"maely.izard@edu.tbz.ch"|"ZBcSE5-qBj9YW-TIhsiH"
"erwei.breewood@edu.tbz.ch"|"qID0d&-xe$5y0-dDu#SX"
"chloe.woolford@edu.tbz.ch"|"yr$PnC-m4U%tu-ncajHV"
"cleopatre.turpin@edu.tbz.ch"|"Te6jQE-PseQut-muwLeV"
"melodie.surgison@edu.tbz.ch"|"QpXq5%-Y$xl#f-S&llSG"
"elies.leander@edu.tbz.ch"|"Es8vKO-3NH8#W-$vS1#i"
"mediamass.reignould@edu.tbz.ch"|"WgR&N5-yWydto-F0PIAo"
"celestine.wasmuth@edu.tbz.ch"|"U8lx%a-Kk6nFN-xNbpxF"
"marten.jervis@edu.tbz.ch"|"M9%bwx-tOJmrg-WVB81c"
"daphnee.bour@edu.tbz.ch"|"Uo1FMj-UUG&fn-7VnVDu"
"regine.harlett@edu.tbz.ch"|"JJu&NM-ZTgxFU-D0T#uO"
"noemie.macaskie@edu.tbz.ch"|"yut%vl-iOaCjp-hkEEoA"
"loic.renfield@edu.tbz.ch"|"8sDsWN-la&mX$-xnieSu"
"venus.kleinert@edu.tbz.ch"|"EcTWAD-MjlbL@-UKs4%P"
"marten.burlay@edu.tbz.ch"|"42g9SH-azdHnq-DJOObr"
"berengere.radsdale@edu.tbz.ch"|"Gr3Tqt-3rSmk4-5Gwueg"
"genevieve.duckit@edu.tbz.ch"|"i37MfL-4TnDD5-OEQR3U"
"maely.ligerton@edu.tbz.ch"|"WhYamv-GJKDAU-Az&LV6"
"maeline.ricciardelli@edu.tbz.ch"|"gGIjw9-SnF5RP-M33l2x"
"personnalisee.yggo@edu.tbz.ch"|"g3L35p-&zQUic-1vG5Ip"
"alizee.pettinger@edu.tbz.ch"|"e9ycpY-oMVv#v-j2sGix"
"desiree.curnnokk@edu.tbz.ch"|"a6qUNl-5freRD-fwB7id"
"dorothee.minors@edu.tbz.ch"|"kD$jLt-@GvpOI-WjvaU5"
"oceanne.kopmann@edu.tbz.ch"|"d8JJcB-ZhsxhB-oERDt#"
"almerinda.brodbin@edu.tbz.ch"|"gzlnCp-dqfWDc-S8aKzi"
"yenora.carsberg@edu.tbz.ch"|"Ii4kl5-A79YBK-#CRpc8"
"wa.beetles@edu.tbz.ch"|"Rb3r5C-BdfROe-zTT4tG"
"audreanne.abbot@edu.tbz.ch"|"64rzag-F58LxL-&Z4Pt6"
"noemie.capper@edu.tbz.ch"|"VE9Hvz-1e25Wu-ao09lO"
"mans.abramamov@edu.tbz.ch"|"KKBYEh-rniFx#-5PNHiu"
"audreanne.blakey@edu.tbz.ch"|"lGtDKy-5lYUWf-JDc@Nm"
"leone.klimpke@edu.tbz.ch"|"#jTxSY-8bkBhj-nu8uBs"
"lie.croston@edu.tbz.ch"|"07Kk00-EQAEJn-fWZxU6"
"anaelle.baistow@edu.tbz.ch"|"95mdRf-2$F3xF-avfUuA"
"michele.garwood@edu.tbz.ch"|"kZK1D0-6c5sHw-bq%fPW"
"interessant.albion@edu.tbz.ch"|"%jue&b-bTa9SL-sQCkJX"
"andre.brisco@edu.tbz.ch"|"tyBqKu-ASDOq8-#mLa7L"
"tang.totterdill@edu.tbz.ch"|"kIlIsR-5J$SM9-hzrrcf"
"marie-josee.braundt@edu.tbz.ch"|"0FjRAG-ZPeFwZ-5I$T02"
"lois.galer@edu.tbz.ch"|"fJNGl%-f0oSg2-9@1QJS"
"faites.pellamonuten@edu.tbz.ch"|"okVqh2-6o6Py3-butpDm"
"mai.barfford@edu.tbz.ch"|"h#v&n7-opokNO-Cg9pv7"
"laurene.macilory@edu.tbz.ch"|"RNKdcf-KjXNw2-5wHyO&"
"elea.peak@edu.tbz.ch"|"YqXzjN-9CAkdm-RT#R86"
"rejane.doni@edu.tbz.ch"|"uIDbBF-pyoOBj-CGci@8"
"mahelie.ector@edu.tbz.ch"|"LGCozb-pcgUP%-0eUXjS"
"rachele.allum@edu.tbz.ch"|"Dq$MW3-ioLzGS-#Qu4@s"
"laila.gerretsen@edu.tbz.ch"|"@dNq#w-BdEgHC-$AXEuE"
"ines.bowman@edu.tbz.ch"|"lWyDs5-08MUbk-hVJyJM"
"publicite.barbary@edu.tbz.ch"|"MwKb#s-2Jjh7Q-1UCJph"
"mailys.smooth@edu.tbz.ch"|"coXUpT-9n6yln-t1DA8B"
"mailis.huguenet@edu.tbz.ch"|"w5@MKW-OrQpmR-qowsx@"
"lea.ewer@edu.tbz.ch"|"2pxdv#-IFvJfu-MV7MM5"
