"email"|"password"
"melodie.vandervlies@edu.tbz.ch"|"eOKTe4-n5lgpR-tF3Bqf"
"angele.edgecumbe@edu.tbz.ch"|"x5ULxt-f3Q9Pn-OES4el"
"zhi.andreasson@edu.tbz.ch"|"Nv%0AJ-a%KwkH-dndS0u"
"judicael.koppeck@edu.tbz.ch"|"8SnsC2-hjGb8y-Kom4P@"
"berengere.capron@edu.tbz.ch"|"DIAEMm-Gd1tWf-u4FpwK"
"leonie.brosini@edu.tbz.ch"|"a2UI7V-vvlSw#-EFfKR4"
"venus.garfit@edu.tbz.ch"|"i&ECfn-3m%l%8-yVWDXD"
"melina.janota@edu.tbz.ch"|"cKs$k1-%QbLfK-kHFL#f"
"laurene.bake@edu.tbz.ch"|"VwOZLV-O29X3U-FAMXvd"
"regine.dorkins@edu.tbz.ch"|"mmeQ7e-sbIHVy-Q4$#hs"
"cecile.moffet@edu.tbz.ch"|"xmjK3r-IFCvsv-EpRCBI"
"maelann.labrone@edu.tbz.ch"|"2MNroN-7%D8Z@-SNp7aX"
"melinda.newbold@edu.tbz.ch"|"UJCUOm-$U4Bd4-ctQQXY"
"mans.itzhak@edu.tbz.ch"|"46NaSv-Zzk9Hx-R@d9TV"
"melodie.pattlel@edu.tbz.ch"|"yGb4mf-Jk1KGQ-6&78C&"
"celine.bonett@edu.tbz.ch"|"IH$DAF-rNYfYd-AeFrCT"
"adelie.mcgreal@edu.tbz.ch"|"sk@Nio-hRv%R3-F8Kj&R"
"helene.soldan@edu.tbz.ch"|"WtjKE5-6Gnz&6-4mTEi6"
"michele.cluer@edu.tbz.ch"|"AnzGRi-Uec6Di-p$zB9e"
"maeline.mueller@edu.tbz.ch"|"fESHlF-@Lmya6-rlTNLj"
"maelann.benedito@edu.tbz.ch"|"LcMv&i-s1kuOo-8HHmDh"
"nuo.gransden@edu.tbz.ch"|"h9Eq0b-th1szV-gzHC75"
"berengere.stainton@edu.tbz.ch"|"O5jJhW-RKzrTz-FO8a16"
"wa.sabater@edu.tbz.ch"|"nG@IQy-GVMSt3-zycEus"
"anais.cochran@edu.tbz.ch"|"X4P@he-QWuAzq-1zVTiB"
"gerald.bessant@edu.tbz.ch"|"A%9SHf-m5x&t9-xiKGgu"
"ruo.coffin@edu.tbz.ch"|"&#soCr-0x#ua%-Mxt1uY"
"melodie.mustill@edu.tbz.ch"|"rd@j0d-fxHPWM-Ai2#Ld"
"ruo.stanesby@edu.tbz.ch"|"kwA5Fb-QqUAf9-DVAzBe"
"noemie.antognelli@edu.tbz.ch"|"uuq%zL-Shl%aF-Pmah8O"
"maelann.hughson@edu.tbz.ch"|"%1UOHf-80Vruo-gqtzGh"
"milena.mieville@edu.tbz.ch"|"isOdJ4-DJ5eKP-FosN&8"
"mailys.chamberlin@edu.tbz.ch"|"swrLU#-r6Xu8T-GHwd#u"
"nadege.tomalin@edu.tbz.ch"|"@VvNt1-S6$M&K-%gJ4Da"
"oceane.omara@edu.tbz.ch"|"7c&2lV-O9PF%J-vY#PtL"
"cecile.aguirrezabala@edu.tbz.ch"|"bCK5eZ-OD93P6-l2yhAo"
"maella.gwillim@edu.tbz.ch"|"nQ547L-dis4ub-rm5n@w"
"lea.mcgahey@edu.tbz.ch"|"JLgkwg-u3FGNx-P3VpqA"
"laurene.hagerty@edu.tbz.ch"|"Lcdqmv-YwH#Pt-@aDmVu"
"dorothee.link@edu.tbz.ch"|"LsZqBZ-%N6Cq9-UVzy#s"
"clementine.kynsey@edu.tbz.ch"|"B@FsUF-4Ooo@B-8eA2zw"
"lorene.smitherman@edu.tbz.ch"|"bXl62Y-ikK%c5-&#5Q8e"
"cleopatre.klulicek@edu.tbz.ch"|"xDVFw5-4hjz1@-l7i3jD"
"laurene.castaneda@edu.tbz.ch"|"PdvbCT-yp4dB7-JBI9wf"
"melia.constant@edu.tbz.ch"|"WADNff-BbUj6B-Dmvujx"
"lucrece.clunie@edu.tbz.ch"|"y4QxLJ-B0zMmZ-n@SjEc"
"eleonore.mcmurthy@edu.tbz.ch"|"5@1Wtt-5Ftchb-fgEs5N"
"melia.bevar@edu.tbz.ch"|"3kAwMj-HpnmwB-KNSni&"
"camelia.bontine@edu.tbz.ch"|"0l#G$#-QuTdZh-E72wa#"
"methode.jozefczak@edu.tbz.ch"|"K4b92W-eZeF9r-O1Hbf%"
"audreanne.hinsche@edu.tbz.ch"|"Ob6@hO-sZnj2x-24TF0e"
"andree.varne@edu.tbz.ch"|"EczBpH-YmErZA-A9B32c"
"marten.kinleyside@edu.tbz.ch"|"RKEpfa-4IBDMV-vtvU77"
"esteve.mcewan@edu.tbz.ch"|"b6z4Mt-cO2q4D-kKCMIC"
"leane.dibbert@edu.tbz.ch"|"Eomg2A-SPlaDR-SiC8tC"
"ma.thewlis@edu.tbz.ch"|"SOh7DK-6l2SAJ-kGkD&X"
"clea.djurkovic@edu.tbz.ch"|"wlL$iL-vW@4Rr-zG5JJa"
"rachele.reburn@edu.tbz.ch"|"E0yhCX-iiYF8$-gUM7ZB"
"gerald.gowling@edu.tbz.ch"|"#SV%lc-z5C7cc-Ab@BrB"
"cleopatre.jackson@edu.tbz.ch"|"CLuYmS-qlf4a6-GAcKUM"
"desiree.haskins@edu.tbz.ch"|"cDzKtx-d&P6d1-XTlSqe"
"eleonore.longson@edu.tbz.ch"|"4B5hH6-F$R18c-Nh%6uI"
"leane.dybell@edu.tbz.ch"|"8jnFQs-CMU8pu-cI85y8"
"becassine.grzesiak@edu.tbz.ch"|"s7U$aH-KZ3hQD-KFJo5@"
"marie-josee.pickin@edu.tbz.ch"|"DyuAmi-QH%jU0-gl7Aat"
"marie-josee.roxby@edu.tbz.ch"|"yCNxkI-2xZWr5-I87ZqG"
"leonie.feenan@edu.tbz.ch"|"oU%&qj-&P8tFg-6j%u9i"
"valerie.ellum@edu.tbz.ch"|"OKvj8c-0eOdjK-rFVOm2"
"ju.caseri@edu.tbz.ch"|"eYeXHz-m5hWaW-MbpDJQ"
"boerje.strangman@edu.tbz.ch"|"wd8C3k-yOfYpG-Ah7IB2"
"beatrice.ghidelli@edu.tbz.ch"|"9anSf5-qjYfSa-IWVkuF"
"da.jablonski@edu.tbz.ch"|"3NQe3m-8BbYp%-agq0QZ"
"uo.beveridge@edu.tbz.ch"|"Ra&EsZ-EG6bA#-E6H5gp"
"valerie.bestman@edu.tbz.ch"|"G6g5n0-5holB#-NnJdsR"
"marlene.pohls@edu.tbz.ch"|"A#KYdm-QpuucP-9EDG#r"
"ma.nolda@edu.tbz.ch"|"Ahd1ZV-jcWBIH-Hai4gx"
"marlene.bisiker@edu.tbz.ch"|"DXlbg8-mJH3qZ-L2jWcl"
"estee.babon@edu.tbz.ch"|"7jtrRZ-T9nL0k-0vBL#U"
"simplifies.dmisek@edu.tbz.ch"|"uB&&WP-W$gSkl-CBtlLi"
"selene.ganing@edu.tbz.ch"|"tGITDC-KKzcxV-GXNBnN"
"meryl.penke@edu.tbz.ch"|"CbzRlZ-P@Ua1j-@51bFE"
"anais.rawcliff@edu.tbz.ch"|"pbuCqH-4j1jX1-If4QqI"
"melina.andri@edu.tbz.ch"|"9ZkfqT-L9ajzP-mv1&$9"
"audreanne.fodden@edu.tbz.ch"|"&m85vJ-E4PWoa-qZwwGE"
"bjoern.spellesy@edu.tbz.ch"|"2nByJN-3gNGxL-YMeZFM"
"francoise.summerscales@edu.tbz.ch"|"H5wQ%f-3Yd3JN-l&Awu#"
"laurene.ashtonhurst@edu.tbz.ch"|"JusH@g-icemD1-YPsG5Y"
"valerie.petters@edu.tbz.ch"|"9W@Sy9-vO9CjD-5%bRuY"
"anael.spenclay@edu.tbz.ch"|"QjANhV-zC6i1X-iyAZXi"
"stephanie.keech@edu.tbz.ch"|"IxuLva-TyRCau-R&@#Nn"
"ines.deveril@edu.tbz.ch"|"6mMarH-QWv5h2-3uV0xg"
"berenice.gelder@edu.tbz.ch"|"g0wr%w-%SGq6v-SPuD$r"
"melanie.ofogerty@edu.tbz.ch"|"$y#7Lx-IiZlVc-$Mey@d"
"frederique.canepe@edu.tbz.ch"|"IX%i5m-tHIK%h-#Nt%8X"
"nuo.otton@edu.tbz.ch"|"RgT0Hj-8x%tOy-ItaFe2"
"genevieve.trusler@edu.tbz.ch"|"xYJKjY-gGpu1v-a0xAAS"
"ju.boag@edu.tbz.ch"|"Z@CpB4-e3XUIY-s4ZzDL"
"josephine.dilucia@edu.tbz.ch"|"rZuc7y-@4b6%a-#3DUJx"
"laurene.armsden@edu.tbz.ch"|"95m9eo-IIMsDT-C2q1ND"
"becassine.griffe@edu.tbz.ch"|"6LugR7-Va5TyB-2TFL$o"
"alois.parres@edu.tbz.ch"|"hzfdFk-SaRwmx-TpFsvy"
"cleopatre.gaffey@edu.tbz.ch"|"%a88zT-6N9HwG-34#oZP"
"andre.stiger@edu.tbz.ch"|"CWkqPB-e%6OnS-#EPK$3"
"beatrice.godleman@edu.tbz.ch"|"6wTvfj-24VIMm-yM%9VV"
"hakan.harrhy@edu.tbz.ch"|"R%fSYY-YuAjoT-5rgFj7"
"celestine.dagnan@edu.tbz.ch"|"zAseI#-KiEB$y-06c3vI"
"clemence.haggart@edu.tbz.ch"|"p4Qdl&-o@$5a7-al61YH"
"long.caban@edu.tbz.ch"|"H8Pneh-Zesf@1-oOz3L2"
"gaetane.grimble@edu.tbz.ch"|"wf7S39-e@Uwxm-m$H7Nz"
"maelann.piwall@edu.tbz.ch"|"hKbgkN-CI$zoD-iFclEI"
"magdalene.loble@edu.tbz.ch"|"d%hDr&-xBbhwN-osDBpo"
"veronique.domaschke@edu.tbz.ch"|"$xP9#3-fC1DsL-NYkWDW"
"clea.herity@edu.tbz.ch"|"FWfPFg-LWd1rf-OvPScB"
"maelann.bambrough@edu.tbz.ch"|"tslZCP-pe@Hfc-L43kX6"
"clea.goulstone@edu.tbz.ch"|"apZiwL-AN5Oo4-PyciF5"
"renee.deleek@edu.tbz.ch"|"53rBgM-BNlke7-nTArBS"
"boerje.rudderham@edu.tbz.ch"|"7#Tdng-JUrHK4-R&ZqC3"
"marylene.broune@edu.tbz.ch"|"c$x2$M-hURq3%-&E$Lby"
"nadege.mccuish@edu.tbz.ch"|"wu1MBn-KwFu8a-8cYAR3"
"anael.littleover@edu.tbz.ch"|"2visRv-cQYBzi-sb3g3x"
"lie.baume@edu.tbz.ch"|"1fqcv7-UBegxh-57Ac5V"
"maella.murrow@edu.tbz.ch"|"$5LVBO-dtni3P-j%$CBe"
"cleopatre.pettifor@edu.tbz.ch"|"y1XE27-uCJjMj-JdYa6s"
"geraldine.asker@edu.tbz.ch"|"G1s8ro-OYusfl-5G21LS"
"gaetane.smedmore@edu.tbz.ch"|"7L$8FO-jFMx3k-e2oubo"
"meryl.blencoe@edu.tbz.ch"|"7%5TiN-n29KQA-#ZUKLg"
"aurelie.chastaing@edu.tbz.ch"|"4W4%dl-9a&RjC-adM9eg"
"oceanne.marthen@edu.tbz.ch"|"Gpv1IT-EogRvv-i3wgqT"
"dorothee.burrill@edu.tbz.ch"|"YNOqvb-zVykkO-xa8%k7"
"hakan.belden@edu.tbz.ch"|"5d2@mH-9s%1xC-mdzJV%"
"celine.brunning@edu.tbz.ch"|"fanjZM-g485Vb-@6rM%P"
"anael.lapides@edu.tbz.ch"|"BbJQP$-Yl$s4I-C8s6Lw"
"ruo.saffran@edu.tbz.ch"|"hBMtsx-bj6%zq-eC9fBN"
"loic.gerretsen@edu.tbz.ch"|"YR@51#-hPbhtj-mvI3vr"
"rui.fitzer@edu.tbz.ch"|"tmpL3S-NPEt6l-dRsl3v"
"annotee.ogers@edu.tbz.ch"|"Sxjk3i-JQhKzk-Z7SjUl"
"boerje.bindin@edu.tbz.ch"|"t8Y34o-$BpUEm-MU9NcG"
"ma.cronchey@edu.tbz.ch"|"7IWo1$-G$hSLP-5gulMO"
"laurelie.baiyle@edu.tbz.ch"|"ZB&N7t-hDVgtC-kiHtYB"
"dorothee.older@edu.tbz.ch"|"sJWn&w-yVKfHB-$vK60c"
"laurena.wile@edu.tbz.ch"|"inSM5d-0AXy2I-Z$QVcI"
"clemence.brito@edu.tbz.ch"|"8h$vFG-HAPGm1-wegW90"
"nadege.dallin@edu.tbz.ch"|"kLBcvg-oAT%AY-pQLewk"
"mailis.matley@edu.tbz.ch"|"yjIrlt-l7fqEm-@eiMYz"
"daniele.screaton@edu.tbz.ch"|"9ND$Nb-TO6ilJ-@HGLN3"
"mediamass.godly@edu.tbz.ch"|"8HG9TX-Hkjm8W-9pLpUD"
"leone.kremer@edu.tbz.ch"|"WCQldL-UKwl&r-q17G8#"
"asa.adrian@edu.tbz.ch"|"wvMpa1-mOt0MI-z$w8qB"
"adele.doley@edu.tbz.ch"|"3&vz3L-C#W%2e-fvqe@T"
"fei.sidney@edu.tbz.ch"|"UxrkA$-p9gcbM-VFagv%"
"marie-josee.walisiak@edu.tbz.ch"|"kkriab-LI$akY-YShmSL"
"desiree.diplock@edu.tbz.ch"|"GndoYB-1A9L5J-sY23Uq"
"gisele.schust@edu.tbz.ch"|"jPQMr4-ULbR40-mqrzQK"
"ma.longshaw@edu.tbz.ch"|"gUSeWG-2rFIUi-SHLwKT"
"da.boother@edu.tbz.ch"|"rI0fzR-UeQYAN-wan93Q"
"simplifies.chaudhry@edu.tbz.ch"|"6&CvWL-sXEGsz-OEHtvZ"
"garcon.baniard@edu.tbz.ch"|"$O@hu$-rPmgJe-KkmZtW"
"gaetane.elphee@edu.tbz.ch"|"KWfj@g-1MF5ho-1aB7u&"
"gisele.hassey@edu.tbz.ch"|"srjTI@-xOHAUa-ynZI8f"
"oceanne.booley@edu.tbz.ch"|"F5gzhU-CKGSvi-uWqDMC"
"oerjan.dibden@edu.tbz.ch"|"iasFg#-df@JPJ-M22$qp"
"regine.ocleary@edu.tbz.ch"|"f5l#Ug-nFjMeK-FbgR%z"
"selene.persse@edu.tbz.ch"|"JBTyFH-bmZIlO-q@5vQ2"
"helena.adenot@edu.tbz.ch"|"#%$gUl-r9RTwV-jHsYeY"
"maelann.wassung@edu.tbz.ch"|"H3IPjN-HY8EQz-&cEc3t"
"frederique.ackermann@edu.tbz.ch"|"x7pn7c-7dmwFh-Hq4fCs"
"audreanne.kahen@edu.tbz.ch"|"OsMm3&-H3Y3fW-k4%Y0D"
"maiwenn.lasty@edu.tbz.ch"|"eNMRQw-WEL%4B-4vu$Nw"
"yu.dictus@edu.tbz.ch"|"CZKl@S-JWrAAx-lXa0qz"
"anae.dukes@edu.tbz.ch"|"C&bFup-wkBvyw-4rTq5L"
"yenora.warr@edu.tbz.ch"|"BxZl2m-hd1xCu-Yg#0Aw"
"esbjoern.archibold@edu.tbz.ch"|"Ys2nSi-62yKIS-t$W8&q"
"milena.pardal@edu.tbz.ch"|"pyuIG@-Qv%n@R-5DPNFH"
"celestine.graveston@edu.tbz.ch"|"d@qOV7-YuifSt-iKIrP&"
"maena.dallas@edu.tbz.ch"|"nmbTNf-FC@HYk-Ql35VA"
"andree.tuke@edu.tbz.ch"|"Vgj0#c-dSSWFb-C807yq"
"methode.seldner@edu.tbz.ch"|"sXt@Zw-&Sk$1I-1MwwMf"
"venus.bullas@edu.tbz.ch"|"ghpKip-OYIi5V-rZWQGd"
"mans.aguirrezabal@edu.tbz.ch"|"Y0z0&Z-sQpAhi-Zy5D%e"
"gaelle.eadington@edu.tbz.ch"|"reGxcX-r@IaM4-bjhQce"
"anaelle.falkner@edu.tbz.ch"|"0PBY$O-9pIbjk-5j2Log"
"ophelie.height@edu.tbz.ch"|"oedThA-mBnI%L-KF1Szr"
"marten.bolding@edu.tbz.ch"|"Hy3ErG-iAJ37g-hCAo6v"
"pelagie.guswell@edu.tbz.ch"|"j9bRYy-6#b#eY-#FQPrZ"
"gwenaelle.lecount@edu.tbz.ch"|"RpnmVV-d32pDF-r0EIlc"
"hakan.laden@edu.tbz.ch"|"G8&RLU-Yjxmq1-3C4a@a"
"marie-josee.hylands@edu.tbz.ch"|"jiS8Dc-YsDVzb-YZvBC&"
"zoe.kingshott@edu.tbz.ch"|"@pJXwq-5NJD4&-xu8C0d"
"josee.janous@edu.tbz.ch"|"JypNK$-u4Kh3#-b&WJnG"
"laurene.gallally@edu.tbz.ch"|"GklHBl-uOhoTO-xXP7f7"
"anael.bickle@edu.tbz.ch"|"IGQ#Q8-U3@XFz-AagwU9"
"mediamass.lebbern@edu.tbz.ch"|"BD&7Kh-TH@d4F-GY%wgX"
"berengere.hovy@edu.tbz.ch"|"XqpvFt-DN$@A5-B9UccS"
"oerjan.kilmurray@edu.tbz.ch"|"Y844WM-LT%PKD-c$8z0W"
"asloeg.venny@edu.tbz.ch"|"cSLstZ-QShWF5-#GxlJD"
"marie-noel.stoad@edu.tbz.ch"|"M0BSdY-aNytAl-CH8KvW"
"hakan.pettifor@edu.tbz.ch"|"TKt4lr-cb8DhY-HjipLj"
"maella.willgrass@edu.tbz.ch"|"T2J0pM-bsluOf-CQ#4E$"
"therese.ludovici@edu.tbz.ch"|"5AlzXj-rRCato-LJkeNo"
"stephanie.trewhitt@edu.tbz.ch"|"ONINW6-LXWYs%-n7rWSI"
"maerta.bauduccio@edu.tbz.ch"|"hec0$j-9Or4OA-NjRWwi"
"gaetane.glaisner@edu.tbz.ch"|"$iKk2O-i%POHm-RPv77r"
"naeva.pargeter@edu.tbz.ch"|"N6LYs7-%xuIQd-NwuPFN"
"salome.venable@edu.tbz.ch"|"CVCMQR-fWXNDJ-zyelO8"
"boerje.thickett@edu.tbz.ch"|"TodP16-DgoSdG-pnmQmZ"
"lucrece.prendergrass@edu.tbz.ch"|"NW&$9m-avC$Gq-7yBizL"
"laurene.ockleshaw@edu.tbz.ch"|"syIiM9-#EudpP-NLRq85"
"cecilia.pasticznyk@edu.tbz.ch"|"dBWRtR-s9JlCm-9X67TK"
"stevina.mackey@edu.tbz.ch"|"RA3zaW-eHzwbc-zdFozv"
"marie-noel.reven@edu.tbz.ch"|"Rxc8Uw-pKu8MF-Mei$0R"
"melina.quilkin@edu.tbz.ch"|"ZQHaUy-XWXYoS-VIi5lX"
"marie-noel.ferrie@edu.tbz.ch"|"x4Qe02-VSb$0d-OtgVv3"
"leone.alphege@edu.tbz.ch"|"n3GvFo-gSD6Hb-4&nxsI"
"zoe.leverson@edu.tbz.ch"|"sbLhXC-94tIGK-wZ768Y"
"annotes.grayne@edu.tbz.ch"|"W5Q7As-zrQRn%-mJFqra"
"faites.lalley@edu.tbz.ch"|"ntG&s8-sTsQgr-#EcCkh"
"adele.wallis@edu.tbz.ch"|"MreiVG-K4o5MD-p5ihI&"
"severine.madill@edu.tbz.ch"|"mBQZK8-ev%1qr-jJtL@a"
"valerie.tebb@edu.tbz.ch"|"AV8LiR-I@qwQ2-3nWy5u"
"kalliste.rasper@edu.tbz.ch"|"&Rpt4p-0zfRWi-VVzDmY"
"audreanne.palomba@edu.tbz.ch"|"hacRC3-FjKM&u-NZwmy0"
"elea.adamik@edu.tbz.ch"|"w&obfo-gsyz#c-cVnlXa"
"reserves.jakuszewski@edu.tbz.ch"|"QsKKuY-u50X#G-KTE8P&"
"athena.belhomme@edu.tbz.ch"|"C5uGlN-SbL@Yh-Y3nXY4"
"rebecca.crippin@edu.tbz.ch"|"R@ULkg-ESsH$#-N9Z9Sg"
"maiwenn.curman@edu.tbz.ch"|"swX0D5-AS@xdr-5WKlEw"
"andree.bunner@edu.tbz.ch"|"2u99$1-cv69ao-UokIJU"
"ruo.winckles@edu.tbz.ch"|"0HRqn1-6553WD-6to3iM"
"naeva.buntine@edu.tbz.ch"|"xp4Js3-lqbE01-P$bDQc"
"boerje.dollard@edu.tbz.ch"|"g2pMJ0-j4GsdP-gRhrRd"
"penelope.gorman@edu.tbz.ch"|"Zu@qgr-e9e#by-jlu4hD"
"alois.robelin@edu.tbz.ch"|"qqQ$uh-V03oXs-XncoKZ"
"anaelle.tindle@edu.tbz.ch"|"GjMtD$-XGj4sK-sE0IkY"
"ye.frears@edu.tbz.ch"|"pjKs5P-ptxoWV-cRDF8t"
"andree.ovid@edu.tbz.ch"|"v&%Kgb-dxufsz-sbZzsv"
"hakan.peat@edu.tbz.ch"|"VbkKq1-&HJbti-a%Hqh@"
"andre.januszewski@edu.tbz.ch"|"qEZ9VP-&Je#db-&sBQSi"
"annotes.clemmett@edu.tbz.ch"|"iFy$Qn-BCdh2A-JMRako"
"pal.lambswood@edu.tbz.ch"|"iyx0Cf-I$seYV-HI#g3G"
"yao.lenton@edu.tbz.ch"|"ZymG&3-&OSijS-R8jqF9"
"hakan.boyton@edu.tbz.ch"|"rF9bxK-F$n5ps-6MZxhf"
"nelie.forsey@edu.tbz.ch"|"ONievJ-l79Uzn-0o%x$R"
"hakan.horche@edu.tbz.ch"|"1wEP42-SbJ%Cs-jmDJvP"
"lorene.sinkings@edu.tbz.ch"|"O0PB1%-fU2UGa-E$r7Du"
"marie-therese.creddon@edu.tbz.ch"|"WpMnsm-ZyRqzY-n8O7V0"
"berenice.tolworthy@edu.tbz.ch"|"WTtvrw-d4GgrP-Vce0bD"
"theresa.land@edu.tbz.ch"|"yCla3Z-BxeFJa-aAD8@3"
"marie-therese.gianilli@edu.tbz.ch"|"FTyQFe-kwFGjl-bNxAPW"
"meryl.glew@edu.tbz.ch"|"MUPLjC-XfxZGG-tHxoLW"
"adele.debling@edu.tbz.ch"|"SfUqqY-s8t7BO-ryKNZu"
"anae.metzke@edu.tbz.ch"|"&EJFqb-D4qm5e-KamLZ3"
"gaetane.gooden@edu.tbz.ch"|"&0j2Y4-WqlZX6-E76X&9"
"laila.bootland@edu.tbz.ch"|"0a5TU6-pxsdVn-q9qI#A"
"maite.helsdon@edu.tbz.ch"|"YRipXw-8h4@eb-u2Vz%L"
"andree.malley@edu.tbz.ch"|"FYhdUu-tGXBDX-AaoJdj"
"pal.simmens@edu.tbz.ch"|"R0DqL1-l2On6V-%tfc$y"
"maelys.nuccitelli@edu.tbz.ch"|"jF1G@I-77%liF-@ff2Cu"
"dafnee.sibary@edu.tbz.ch"|"RBjprD-8eFlfJ-K#8Pt6"
"alois.harsnep@edu.tbz.ch"|"1km6hy-N4f3s#-m4&Dp4"
"marie-helene.lacky@edu.tbz.ch"|"k@kwet-e@o7eM-67oUx2"
"mylene.youthed@edu.tbz.ch"|"FA2IFs-naDJ2H-6SQThv"
"marie-helene.dehmel@edu.tbz.ch"|"KrDJew-FpQ6fB-gM&@j6"
"angele.batman@edu.tbz.ch"|"csCMFn-ON3vLs-tnDAqO"
"melia.younghusband@edu.tbz.ch"|"DZFV6Z-WwvopC-kp@8id"
"eloise.baldi@edu.tbz.ch"|"A2wcM8-5nk@$X-IqwzF5"
"illustree.dun@edu.tbz.ch"|"Kb&#hA-Tg#Nzg-UX$o1r"
"genevieve.late@edu.tbz.ch"|"Ghk930-T0riDV-6TTsjz"
"celestine.colville@edu.tbz.ch"|"M95Zyo-pnenuA-xE&gk&"
"gwenaelle.scarlon@edu.tbz.ch"|"zneW@M-#QRnTw-GU&i1J"
"regine.boddie@edu.tbz.ch"|"Byh@aI-zOYKZR-@cQcUK"
"creez.gaughan@edu.tbz.ch"|"OUc8PO-J3#MXX-AqP9C7"
"gaia.longford@edu.tbz.ch"|"5aOWcK-rnEHUe-6%@Yiv"
"mailis.buckby@edu.tbz.ch"|"N011eM-BJJw&L-30Hq4q"
"song.parbrook@edu.tbz.ch"|"he$Fki-#cGrr4-bVgjga"
"frederique.heddan@edu.tbz.ch"|"Xat$y7-3TeP@&-FOURJs"
"ake.kirtlan@edu.tbz.ch"|"sC48Bm-k&11d#-jiPv6e"
"nelie.runciman@edu.tbz.ch"|"Nrktos-3BLNRh-zsrXSU"
"mailis.cardnell@edu.tbz.ch"|"6%dgJv-FwKIGc-B10$g9"
"irene.navarro@edu.tbz.ch"|"#DMIFx-VYth4J-@zTI7$"
"maite.cough@edu.tbz.ch"|"urpVon-FAfl1r-noWHjM"
"anaelle.stocky@edu.tbz.ch"|"TmGf3d-Iw47Qp-wTPEBX"
"methode.moulder@edu.tbz.ch"|"PDnyKM-PNB1KP-Alym@&"
"po.stafford@edu.tbz.ch"|"LnRWsy-2Kt&5n-T%%SR&"
"faites.scraggs@edu.tbz.ch"|"GjuSi3-xcsx0Y-J1LenP"
"adelaide.dullard@edu.tbz.ch"|"tNwsvW-dPNZs4-hNsEpL"
"desiree.leonard@edu.tbz.ch"|"qFhmm&-xZdJXh-InbjTY"
"geraldine.badgers@edu.tbz.ch"|"Xv4XVO-#dzE#M-@rF@8f"
"ruo.masic@edu.tbz.ch"|"C#voMY-wgLqFw-pOwF4u"
"aurelie.lieber@edu.tbz.ch"|"8Lyu4a-ygjd#f-7gKQvi"
"naelle.balcock@edu.tbz.ch"|"LjYpjb-Abb0J$-N%ojGw"
"camelia.elger@edu.tbz.ch"|"sDQomj-1LpwVo-ALMfay"
"publicite.oakeshott@edu.tbz.ch"|"U7Pnf2-@XNyK0-D6z16v"
"cleopatre.fawley@edu.tbz.ch"|"yXkEjj-7%2F5p-6cKDGz"
"laurene.bruckmann@edu.tbz.ch"|"X9XPfo-ODTqiW-0Fj58$"
"rui.haughton@edu.tbz.ch"|"Cx8@jB-YR0t1b-v&OSut"
"asa.ladewig@edu.tbz.ch"|"5t7Qj6-FzU272-lYLeoU"
"gisele.janecek@edu.tbz.ch"|"Z66UwI-#C#Gt9-sRMb%V"
"maily.loveridge@edu.tbz.ch"|"0bhL8#-JvRHe3-nQMx3t"
"marie-eve.yurkiewicz@edu.tbz.ch"|"vVAJ4R-F%Yc$i-MVE%6d"
"fei.roder@edu.tbz.ch"|"p8P6sl-f3lnx2-n6FQLG"
"edmee.chatburn@edu.tbz.ch"|"xUQXn%-cLBmj1-he2pGS"
"geraldine.darke@edu.tbz.ch"|"pIfP1l-JWcBVT-9$ywIM"
"ye.jira@edu.tbz.ch"|"ImOV7c-DS8gwc-gYInZt"
"publicite.persent@edu.tbz.ch"|"IN4bmo-dts$6n-bOdDXP"
"severine.wilcox@edu.tbz.ch"|"4EIS#G-S36@U8-Frl0Is"
"yao.mcclaren@edu.tbz.ch"|"bsqNB$-QbkRZV-jlvlW0"
"theresa.foynes@edu.tbz.ch"|"QST1dx-AYkQC8-cL3MQL"
"stephanie.isley@edu.tbz.ch"|"nfYTqg-c1&Hbw-B7J341"
"torbjoern.growy@edu.tbz.ch"|"&HOb7H-iBdfHw-9zpAGw"
"eloise.tunnadine@edu.tbz.ch"|"w@1CyJ-h6M0Th-KtF%pR"
"maeline.cossentine@edu.tbz.ch"|"4ViY&H-&$0dVj-J32Eyc"
"nelie.desantos@edu.tbz.ch"|"d&pLHz-$NAsJ3-xydZ0V"
"gaetane.axston@edu.tbz.ch"|"zw%Wjr-Cwej0r-86CmUL"
"aimee.merman@edu.tbz.ch"|"rxNTnI-3xHqBM-cUVJTO"
"oerjan.drivers@edu.tbz.ch"|"SuPKX#-E0PAEQ-tdNLnk"
"aimee.miroy@edu.tbz.ch"|"uQaeBc-yu0cHZ-nhQf4a"
"nelie.glyde@edu.tbz.ch"|"Q$zQyM-gbkC&D-ryP%9v"
"hakan.kapelhof@edu.tbz.ch"|"Lj%CNq-#xg5Z2-35Irvg"
"maelyss.cauley@edu.tbz.ch"|"cwWLWZ-eMW6dX-pTzYfc"
"elea.vaggs@edu.tbz.ch"|"T&xUVz-A1xhfM-3awX4z"
"maelys.but@edu.tbz.ch"|"VO1zUK-KPdhxv-rL3Ca8"
"maella.arthurs@edu.tbz.ch"|"YrPY8n-Ux9086-Xbhkpp"
"adele.liebrecht@edu.tbz.ch"|"ZwQt&F-55aCy1-#x5XPE"
"meline.lomasny@edu.tbz.ch"|"3YoI4N-w9HW%K-lPvpkb"
"mediamass.schwant@edu.tbz.ch"|"%EC$9S-aHTUR4-7CvKii"
"leone.saunt@edu.tbz.ch"|"Np5Kgd-ldmgZv-MT9t$H"
"annotes.gouch@edu.tbz.ch"|"wS%$Oq-H5fsfj-dDZn&2"
"gaetane.bowich@edu.tbz.ch"|"GNgz2@-R#w3M$-tUoTYN"
"alizee.strelitzki@edu.tbz.ch"|"0pYLrZ-13iVl%-pP1LRK"
"leone.poile@edu.tbz.ch"|"8Tcu37-nSXzZ0-bFbbP&"
"amelie.saban@edu.tbz.ch"|"QKuqVS-3o8M$O-s5&mj9"
"marten.mcmenamin@edu.tbz.ch"|"SHG9%n-AYdh4U-315gO8"
"becassine.keets@edu.tbz.ch"|"n1UlHR-zS$diO-IAU18G"
"celine.million@edu.tbz.ch"|"5rgHg7-Yx3ntZ-oHoLzA"
"geraldine.belitz@edu.tbz.ch"|"RSBF17-5tIz#I-NgJcT1"
"salome.mardling@edu.tbz.ch"|"01KBeL-VjwJzM-6%c2a7"
"melia.blakemore@edu.tbz.ch"|"XL7ui9-r3f49K-4julWj"
"dafnee.mcaulay@edu.tbz.ch"|"w$5I5e-%lb0QV-3Sw4oa"
"garcon.dennett@edu.tbz.ch"|"g2zRVj-I@UZF0-#0UVP7"
"interessant.lesor@edu.tbz.ch"|"B1suPC-UTwr2v-wi3l18"
"annotee.wasbrough@edu.tbz.ch"|"X5sZ@p-HVuc@m-Q5KQ9w"
"asa.ibbeson@edu.tbz.ch"|"0YtxcM-E5HLaV-J2df#J"
"maily.kennealy@edu.tbz.ch"|"JZ9YJ&-3I09La-6PPV5v"
"ye.seares@edu.tbz.ch"|"E&ZUqw-@tCsg%-Fk$XMT"
"athena.harbron@edu.tbz.ch"|"0mGBf5-HBomBu-NZHD4y"
"andreanne.portail@edu.tbz.ch"|"eW51mZ-fw4kc5-15Jqay"
"goeran.zannelli@edu.tbz.ch"|"XsZYiw-R&70%D-2tcPf6"
"gerald.leathlay@edu.tbz.ch"|"S2#J$I-6g5qZm-3&SkBH"
"andreanne.chown@edu.tbz.ch"|"i1vHMH-iRabhm-arsEVo"
"esteve.clementel@edu.tbz.ch"|"F4XxSP-&hGRNk-e4hJzq"
"leone.legan@edu.tbz.ch"|"&Hn%ZX-0rLnEf-AE@J9n"
"maena.pownall@edu.tbz.ch"|"5jkoIV-yMB4Vp-9nco7V"
"andree.rettie@edu.tbz.ch"|"x7KR@e-ScY6zT-SLo2M@"
"ines.kenwrick@edu.tbz.ch"|"O5hmuJ-&$QAjS-dzc3l3"
"marie-helene.yarnall@edu.tbz.ch"|"p3H6pI-#rGwh$-1Kefyk"
"po.martin@edu.tbz.ch"|"IketiH-UbMSqb-B2rNRk"
"ruo.celiz@edu.tbz.ch"|"dietHB-u#agJY-YoEhoU"
"po.bissett@edu.tbz.ch"|"Rn%GSn-x##GMg-@@&L8J"
"du.swindon@edu.tbz.ch"|"x8kX5B-vQN$Vh-tWfn1K"
"interessant.gouldthorp@edu.tbz.ch"|"ZJk@tT-s#bI2a-VWOLgQ"
"leandre.lilburn@edu.tbz.ch"|"kXwrV$-mlVvj&-2h6S1m"
"bjoern.whales@edu.tbz.ch"|"cfwVw%-i0NIZY-8TtGts"
"interessant.dieton@edu.tbz.ch"|"jLycM9-f&DLDt-Ws86ud"
"celestine.redhills@edu.tbz.ch"|"#LLa2q-sQkvmn-0JvRwN"
"tan.yakovlev@edu.tbz.ch"|"43COzA-F0raAS-XJy7px"
"regine.mcdowell@edu.tbz.ch"|"9FOkg5-b8I7&X-$Z0ci$"
"ju.coysh@edu.tbz.ch"|"7Dtx1T-XMxK51-XxkJmR"
"reserves.ofallon@edu.tbz.ch"|"Y6d9h#-5n8eYU-aJcFxv"
"frederique.sobey@edu.tbz.ch"|"Vh9we7-g15NWA-AFvCyk"
"marie-eve.garstang@edu.tbz.ch"|"GnvGIY-AhkGr%-@d2n5y"
"andre.tapin@edu.tbz.ch"|"8o5$zG-cI0EXc-YfUP65"
"esbjoern.eynon@edu.tbz.ch"|"ugC9V@-D9BjXD-PQDysD"
"maella.duffy@edu.tbz.ch"|"n%35Zz-ggbY1q-me5Wyq"
"leandre.twinning@edu.tbz.ch"|"YKbPkQ-Tqgdw7-Oboax2"
"mai.whittingham@edu.tbz.ch"|"4ov&3p-dwYFEm-S$fCV0"
"rachele.shevelin@edu.tbz.ch"|"8$Ns$y-pfVKlR-F6WiK0"
"cecile.mcure@edu.tbz.ch"|"JWazaj-NASeqT-$71pfc"
"marie-eve.yurkevich@edu.tbz.ch"|"7H%dXg-t8s5FH-sw$eUY"
"almerinda.paice@edu.tbz.ch"|"qBpFJq-vaY3Bo-UktAx6"
"rao.howkins@edu.tbz.ch"|"n&MXaJ-JqGDt$-xRjWvj"
"serena.pack@edu.tbz.ch"|"Rc$EWK-tOmqf8-sxf83%"
"rebecca.mant@edu.tbz.ch"|"1ipth3-de0UWr-2IGvtr"
"reserves.spitell@edu.tbz.ch"|"djG9@G-JzLjuu-OhPQDq"
"garcon.hamfleet@edu.tbz.ch"|"5TR5wk-gso@aD-5OVtK&"
"methode.kerkham@edu.tbz.ch"|"M$nC&2-9@n08J-6oveqQ"
"pelagie.camies@edu.tbz.ch"|"GSP0nH-&SHquH-eTHjpT"
"josephine.macpharlain@edu.tbz.ch"|"1r0MJ@-LZYTrb-Fk3CJ0"
"eugenie.mathet@edu.tbz.ch"|"YGWh3B-TEa&PM-MP4dSF"
"gaetane.brangan@edu.tbz.ch"|"dFxMqv-mUFepq-9yyjeE"
"michele.dewbury@edu.tbz.ch"|"0WALD6-CBVp$z-sTi1W1"
"eugenie.elcott@edu.tbz.ch"|"E5BC2F-xSVv2k-f#0rkN"
"megane.harniman@edu.tbz.ch"|"QR52d8-l&HJHi-lJ9YEG"
"agnes.cluney@edu.tbz.ch"|"gmWkq1-Y#mNzL-i9&zBD"
"marie-helene.angear@edu.tbz.ch"|"S#z2dm-ZlJ29Q-gFItoH"
"melia.dolphin@edu.tbz.ch"|"L1SX#7-SPbW8x-A#ZliN"
"lois.ruseworth@edu.tbz.ch"|"tscbF$-JI@ROL-wWxUSh"
"mailys.ryding@edu.tbz.ch"|"oBQ@5$-5EUpAZ-v08X#L"
"rachele.wulfinger@edu.tbz.ch"|"FJzDZU-XcgQ7z-TaTWi$"
"gwenaelle.talton@edu.tbz.ch"|"7h5%#d-d03SaT-jPkoRD"
"long.ronchetti@edu.tbz.ch"|"6K%ZiZ-GDpRHG-L4qwxM"
"styrbjoern.kloska@edu.tbz.ch"|"tq%q%M-9OdX@O-feJocj"
"len.sudran@edu.tbz.ch"|"$SluXO-PmFAMW-ZrpeuX"
"maelle.andrysek@edu.tbz.ch"|"F1WK#a-cllFlw-&OAKmG"
"selene.senior@edu.tbz.ch"|"4kSyl@-BBriWa-8WGs6l"
"anais.joskovitch@edu.tbz.ch"|"HBb0sA-xdLyTD-1z$SCs"
"marie-noel.dally@edu.tbz.ch"|"d5h#fh-nEJ1Ah-HV$mNX"
"marie-helene.laurence@edu.tbz.ch"|"ix2tsb-Cq2CL@-yO4569"
"camelia.foxon@edu.tbz.ch"|"Xh%%&I-KBpLKU-FyYasy"
"helene.cankett@edu.tbz.ch"|"po8LE&-VdyGmE-Sd$d6@"
"marten.mitchelson@edu.tbz.ch"|"EkUTg3-uCEM&t-VZjDK6"
"helena.stirtle@edu.tbz.ch"|"YA0ZXe-xlvbXs-59QJ3V"
"leane.barmby@edu.tbz.ch"|"9fQ1LI-DfJIA@-RwUgzG"
"goeran.ofinan@edu.tbz.ch"|"h3PtQt-xZnDfK-sP@hTR"
"styrbjoern.proby@edu.tbz.ch"|"5nPPor-n1@kHz-EIhvJ1"
"zoe.halse@edu.tbz.ch"|"u5@hL1-s&G63#-6QxfTT"
"kui.drable@edu.tbz.ch"|"XmVpkH-oLnRvj-gUsUO0"
"desiree.bamford@edu.tbz.ch"|"@DGEFC-v1OPvd-sMWAWr"
"zoe.suller@edu.tbz.ch"|"OnFuFO-xBID%k-&eGt#y"
"marylene.audiss@edu.tbz.ch"|"oLwco$-D6TJ3m-mh6RMV"
"adelaide.poznanski@edu.tbz.ch"|"ckxB$%-&WHtDA-EbaAgb"
"maella.coleyshaw@edu.tbz.ch"|"TQ0F&z-EC%pFM-GTXZE5"
"marie-francoise.gelder@edu.tbz.ch"|"enpawN-MKUd49-wQbCFT"
"eleonore.chaffyn@edu.tbz.ch"|"C$8euk-nTdIui-JIGo#n"
"celestine.sikorsky@edu.tbz.ch"|"#PvYnC-9zs6BJ-Ftcc8W"
"stevina.londsdale@edu.tbz.ch"|"5hteSb-gtlcvF-Jebofy"
"maiwenn.nevitt@edu.tbz.ch"|"%ofS6a-Mg4%hq-AFXVLi"
"magdalene.gerrey@edu.tbz.ch"|"mJJQQl-@dA$N7-va9ClM"
"becassine.latimer@edu.tbz.ch"|"F5pZNe-me5&H%-JFb4XR"
"da.lethibridge@edu.tbz.ch"|"9D37Py-LNI2$W-iDsvg$"
"mailys.claige@edu.tbz.ch"|"EOrGhu-o&RUdr-4AZenu"
"maena.torbard@edu.tbz.ch"|"ixOv2g-x$kuE&-r5ndBp"
"solene.lyvon@edu.tbz.ch"|"G2CWXp-l2FuLR-gQrc$6"
"marie-therese.benbrick@edu.tbz.ch"|"VsaDUK-gVJBJP-5t0PYe"
"gerald.edmonson@edu.tbz.ch"|"g5u@kC-YpWQlq-1TZ13V"
"ake.messruther@edu.tbz.ch"|"q16epQ-VhQ%B1-1jeL@j"
"men.gosneye@edu.tbz.ch"|"FcYK#y-H6HDf5-j7zxaQ"
"anais.jefferys@edu.tbz.ch"|"9g132J-mGVzzi-OfkzY$"
"publicite.tregale@edu.tbz.ch"|"Dsh6Pb-vUqgqr-ZZLs5Q"
"maily.santorini@edu.tbz.ch"|"Ly6IN6-3%e6r7-YeU@A7"
"ines.pioch@edu.tbz.ch"|"Egt6#u-uqK0#n-WZY2@%"
"noemie.marklew@edu.tbz.ch"|"RvMps8-z&V#J7-OfGD2w"
"meghane.maccaffrey@edu.tbz.ch"|"nR69d4-dk7kEp-jtKig3"
"berangere.ambrogio@edu.tbz.ch"|"YE%sA5-rTevmi-bLmYwq"
"mediamass.ryce@edu.tbz.ch"|"ipLX31-f680Ii-vVMv4i"
"oesten.ubank@edu.tbz.ch"|"z3WHvZ-S6Tn#y-XI4sXd"
"melina.mackee@edu.tbz.ch"|"#j&8ii-wllIJO-Z$PxsV"
"theresa.livezey@edu.tbz.ch"|"wYRMpY-ytu4kf-4f8SRi"
"clemence.weal@edu.tbz.ch"|"dWoI@0-MK7fJM-E8Tg0#"
"faites.overton@edu.tbz.ch"|"W8KKUc-qcxD2b-mIi0Lc"
"clea.lindblad@edu.tbz.ch"|"8lv9sr-xJaJzm-QUmK83"
"josephine.roseaman@edu.tbz.ch"|"bopJPq-yBcRnK-v$eDLl"
"oesten.lowbridge@edu.tbz.ch"|"KAo3@7-DYeSFe-Xvb5xw"
"marie-josee.brion@edu.tbz.ch"|"rVG63e-@V79G2-OENAx2"
"therese.basili@edu.tbz.ch"|"igotNh-%tcW#F-XS@tGb"
"melia.vertigan@edu.tbz.ch"|"xkC5ak-nLUCRh-621zW#"
"judicael.saull@edu.tbz.ch"|"i#sM8q-ptjbDE-B@E6mb"
"selene.valentine@edu.tbz.ch"|"byDvlU-r4hW5W-dCEIJy"
"verane.dunlap@edu.tbz.ch"|"$Ul1DS-qN75uF-6cj4E3"
"meline.kinnear@edu.tbz.ch"|"HpnarJ-Hc7ljF-5U8lOu"
"lei.luttgert@edu.tbz.ch"|"aJXOa8-thmMpq-1z5Bn2"
"styrbjoern.lathleiffure@edu.tbz.ch"|"TvYmNy-qoCllc-EixaH9"
"marlene.blasi@edu.tbz.ch"|"dzMZ4I-OdOyZS-vFRKJq"
"mai.begwell@edu.tbz.ch"|"aJhTFe-KoPSuf-paGwx@"
"gwenaelle.kaines@edu.tbz.ch"|"XBxTZJ-zr@J$V-TH2pVx"
"gerald.adamthwaite@edu.tbz.ch"|"XEXAme-yvOA#b-TGLIjG"
"kui.hartfield@edu.tbz.ch"|"A$UXbp-J371sw-@dlBJ$"
"salome.currao@edu.tbz.ch"|"lG3pmG-%yF5NM-1wHB3d"
"angelique.tixier@edu.tbz.ch"|"vfy$8X-%eHisG-DeCRVn"
"ju.mcgragh@edu.tbz.ch"|"H6#iP6-oZuqn3-gEYZMG"
"dafnee.beachem@edu.tbz.ch"|"fMx$GY-UPrsB0-Ac&nuX"
"creez.terlinden@edu.tbz.ch"|"DCO948-A1Md4G-EfimWl"
"uo.mcskeagan@edu.tbz.ch"|"PkLlNQ-1ldxqD-QpCOQe"
"edmee.mccaughren@edu.tbz.ch"|"$HCRZc-4%dFy&-gTdpTt"
"asloeg.cozby@edu.tbz.ch"|"ougz7S-tl0k1X-Wq@AGj"
"melodie.traite@edu.tbz.ch"|"ZRyLrF-mTnt3L-kdU6dk"
"dorothee.aindriu@edu.tbz.ch"|"y3arq1-V3Eq0z-hUa4Xt"
"daniele.doley@edu.tbz.ch"|"Xa%8p$-6D2%xF-4N6ila"
"mediamass.fairclough@edu.tbz.ch"|"TGvau0-QC3pmD-7jsz%C"
"lorene.rainforth@edu.tbz.ch"|"4MvFn5-6D1Vv0-udk6jJ"
"leonore.eyer@edu.tbz.ch"|"3sK#Qj-CVA%K6-rn8hs3"
"po.spillman@edu.tbz.ch"|"G6O40X-DDqN#I-Lj3uiL"
"cecilia.plitz@edu.tbz.ch"|"d6ycPL-T#%cLg-4XIOKt"
"lorene.ludlow@edu.tbz.ch"|"mvGcD@-%#p4c2-DBUOQf"
"berangere.neligan@edu.tbz.ch"|"ab@QlP-E16JP#-chKSOx"
"simplifies.huggan@edu.tbz.ch"|"HpeAN9-Fbm#cJ-t$A14O"
"clelia.prandy@edu.tbz.ch"|"dxXWDx-NEAtd9-4qji7&"
"ake.osban@edu.tbz.ch"|"@H%%5k-D7zaCU-UJ8hkr"
"cunegonde.brunn@edu.tbz.ch"|"uJc@uE-lfnpsJ-WGNMGc"
"long.grizard@edu.tbz.ch"|"lXEM#F-1WP4br-iorz8o"
"meghane.diss@edu.tbz.ch"|"rUMn8@-Gjhof@-1M$Ms$"
"therese.oldman@edu.tbz.ch"|"VuaZF2-&go6$K-yUnie7"
"boerje.scamerdine@edu.tbz.ch"|"1kLQmp-%yNEc2-HE9U7c"
"du.saban@edu.tbz.ch"|"iULXEk-hzm01R-GfT6TV"
"hakan.clynmans@edu.tbz.ch"|"sFR&oD-3M2w1p-vUGJNU"
"wa.macdowal@edu.tbz.ch"|"1tlu0J-SX$TEh-rJv8LW"
"venus.hatrey@edu.tbz.ch"|"Szb4s6-GVBBYa-5ox6cI"
"anaelle.vispo@edu.tbz.ch"|"7aYQGf-WdDMcr-@hn@AQ"
"mahelie.ollcott@edu.tbz.ch"|"D5ncQ7-3W%Se0-BC6&zn"
"mediamass.whyman@edu.tbz.ch"|"9u2a8j-mLhDKg-4wS#jq"
"esbjoern.basson@edu.tbz.ch"|"hZsQoV-uu5YVU-S4Gszf"
"andrea.morrill@edu.tbz.ch"|"QZ&2X$-ZOBFxn-KP394D"
"melys.grassi@edu.tbz.ch"|"eNAlih-sg0iak-lV&Qk%"
"leone.poleye@edu.tbz.ch"|"YkFK3o-BA49Om-i6BSkp"
"francoise.penny@edu.tbz.ch"|"5jxoAD-BF@GVh-Acq3A7"
"rebecca.edney@edu.tbz.ch"|"TG94L#-vXbdcA-5pYHB8"
"adelaide.murtagh@edu.tbz.ch"|"cy0VvV-30oofa-VlkT@K"
"stevina.winterbourne@edu.tbz.ch"|"xq73Vw-qzIqFV-o&wzsZ"
"ma.cottom@edu.tbz.ch"|"CjPyI9-aph$pZ-MLRQND"
"tan.harold@edu.tbz.ch"|"8Z$934-VDFfdP-NJjaT5"
"venus.forte@edu.tbz.ch"|"fK$E@3-2hboyy-0L&7OW"
"almerinda.oluney@edu.tbz.ch"|"UpJX%a-Dfua0p-aPdGgi"
"cleopatre.brehault@edu.tbz.ch"|"$29lcH-fnIzwd-PQDWhW"
"interessant.lapides@edu.tbz.ch"|"rHlJ@u-zHbjbP-2jhpu2"
"reserves.hallatt@edu.tbz.ch"|"aJYsNY-Rmzb6V-p6BkL0"
"annotes.birdwhistle@edu.tbz.ch"|"k#Bx%7-aiotvV-qbtzKj"
"ai.dredge@edu.tbz.ch"|"29aDjc-PB%SSh-sLa@R5"
"megane.mussard@edu.tbz.ch"|"5O%WsR-mLORk8-tEIby1"
"esbjoern.gowrich@edu.tbz.ch"|"MuIY%u-KGrWpj-4$1Cvf"
"boerje.brislawn@edu.tbz.ch"|"PskTxy-lm0#kA-KpE8R0"
"becassine.wilce@edu.tbz.ch"|"XoL86Y-n54x8X-#bk64j"
"personnalisee.oels@edu.tbz.ch"|"gyxf1n-xI%SIC-3XzdQG"
"verane.pett@edu.tbz.ch"|"WeTXi$-kG10&0-O8&XiS"
"marylene.glewe@edu.tbz.ch"|"@yn9nT-MsE#Cs-KinewH"
"lai.elson@edu.tbz.ch"|"SEaNtE-OtotGT-wBdiSW"
"serena.difranceschi@edu.tbz.ch"|"X$wHwp-te@dsy-CMw6Qy"
"lie.espinel@edu.tbz.ch"|"rqIsOH-eYNbJ7-ncHPOA"
"marylene.fantini@edu.tbz.ch"|"wqrXeU-P985b8-hwrINe"
"andre.archdeckne@edu.tbz.ch"|"4DxnBx-mVXhOv-Le9Wit"
"goeran.bohlingolsen@edu.tbz.ch"|"BEjot#-Nvn&Q1-TsDawY"
"cunegonde.heffer@edu.tbz.ch"|"j&rFxQ-pCQEYK-AGnVTn"
"tan.fechnie@edu.tbz.ch"|"fsbEtT-mED&Jr-DwCa9I"
"marie-noel.brammar@edu.tbz.ch"|"B@bluf-2X0@7%-J0z72P"
"simplifies.aven@edu.tbz.ch"|"YOKp#8-&jCncS-ZiisWt"
"melys.pinchen@edu.tbz.ch"|"oEYrA@-8aSi%q-Hqq5iq"
"edmee.joyner@edu.tbz.ch"|"RpFa3e-#OdoRQ-8iLYc9"
"berengere.edess@edu.tbz.ch"|"k&cHIF-pcUhiw-LTo4tl"
"marie-noel.goward@edu.tbz.ch"|"iMjnEI-66bAFm-qjEYLn"
"ju.edmons@edu.tbz.ch"|"6jHfRP-%HA&B@-VQD7dq"
"frederique.airds@edu.tbz.ch"|"mDzNyg-OS%@AU-EpAZVN"
"reserves.dauby@edu.tbz.ch"|"@$qCU3-Nt3ccb-Uuax2K"
"hakan.gynni@edu.tbz.ch"|"XX#bNK-c4i$RO-B$aHZC"
"leonore.pinwill@edu.tbz.ch"|"CMF5zr-8R4S3z-lqJmFQ"
"marie-eve.mcallan@edu.tbz.ch"|"m1j9m5-#pv$me-FjrUca"
"naelle.yeabsley@edu.tbz.ch"|"t9r8SQ-4w4827-CqDuP#"
"nelie.jacobovitz@edu.tbz.ch"|"0RKxlx-jRM6c0-THwKCk"
"adele.conelly@edu.tbz.ch"|"kbx1$8-HeTGwx-8ssL59"
"clementine.dondon@edu.tbz.ch"|"l%pLoH-r3GQC@-#zYaFS"
"zhi.willcot@edu.tbz.ch"|"JdRCt9-cZsqWF-Me&PQr"
"chloe.janicki@edu.tbz.ch"|"PJdrmS-chaIvW-RCZ$UE"
"meng.linde@edu.tbz.ch"|"ShFwZb-sZk%1K-i%jSn@"
"celine.janisson@edu.tbz.ch"|"BUCd51-PRWdJf-1FLMWO"
"clelia.crow@edu.tbz.ch"|"MJ2@BU-PkckbO-dnNmxs"
"cecile.pyott@edu.tbz.ch"|"$ZI1e7-uckayn-ujkyJr"
"ma.fidelus@edu.tbz.ch"|"p%spgn-ytw6I4-wkF#jD"
"marie-helene.poore@edu.tbz.ch"|"s6cRl8-8u3Q2f-YDFmti"
"elies.blanket@edu.tbz.ch"|"yS$8hq-dRF1%b-Zv68sF"
"yu.boyer@edu.tbz.ch"|"ayFzDN-NRfC4V-g6#Qf@"
"celia.welds@edu.tbz.ch"|"fVqi8J-m&Zagy-mZeo%9"
"du.gunney@edu.tbz.ch"|"pGuJh8-NV9EZE-8x9H4$"
"goerel.crush@edu.tbz.ch"|"CV8D$w-Kakvtu-LbI8Iw"
"marie-josee.brosius@edu.tbz.ch"|"suraJf-0sJr%J-t2JqFb"
"camelia.adds@edu.tbz.ch"|"@Y6C@&-FqSUP5-Rf#GaR"
"anae.irwin@edu.tbz.ch"|"y1$$7m-ho9p2d-334soY"
"cleopatre.skeffington@edu.tbz.ch"|"M1L$q9-FLWQYX-RqzVA&"
"gerald.suggate@edu.tbz.ch"|"9FLJ7W-s@CiVR-O1A4#c"
"laurene.tailour@edu.tbz.ch"|"NFxmqQ-NV&wZ$-2$JIB9"
"amelie.hoble@edu.tbz.ch"|"wFZIkU-4T5v9E-jy9bv%"
"venus.getch@edu.tbz.ch"|"uzrny0-GkzvPO-cKnE97"
"renee.treby@edu.tbz.ch"|"&ODmby-itl80D-3mtrzA"
"almerinda.stait@edu.tbz.ch"|"emGSwi-fF&9v9-so0RD7"
"andree.reddecliffe@edu.tbz.ch"|"cySas%-Kgg&mQ-OG2G7K"
"leone.wintle@edu.tbz.ch"|"@HWTs#-fuuoSS-lP0#CZ"
"gerald.fellow@edu.tbz.ch"|"fGa5BR-kuOaWk-XvGIkN"
"ju.gudger@edu.tbz.ch"|"S%TzxO-VECljM-im2d#o"
"meng.ohaire@edu.tbz.ch"|"k1JNOf-lZ5CYn-a%dL4t"
"cleopatre.missington@edu.tbz.ch"|"3T1ZnZ-gYF3RS-UT%r$r"
"annotes.debruyn@edu.tbz.ch"|"lgxojC-MiL0i1-bdgULj"
"gerald.sinisbury@edu.tbz.ch"|"SrfDBp-nS4jp%-TaeQ0T"
"creez.slora@edu.tbz.ch"|"esS3y7-x@V#mN-X$UyQs"
"gisele.benbow@edu.tbz.ch"|"ExGd56-JOa@m#-zPtH%x"
"pal.dossit@edu.tbz.ch"|"W0K0nr-oZSe8g-W8J@NO"
"nelie.stirrip@edu.tbz.ch"|"Oju4J5-I$ZJnW-6cv4%O"
"alois.ocrigane@edu.tbz.ch"|"Fabb2U-ZGFRyE-ULjb8K"
"kui.mcterry@edu.tbz.ch"|"AOqqmA-Q8iT8O-meT7jZ"
"long.willgoss@edu.tbz.ch"|"DNq@D$-rhmDuW-3maN%v"
"francoise.sumpner@edu.tbz.ch"|"Tb&bbM-I5rTBf-X5xNwF"
"maely.grinstead@edu.tbz.ch"|"s%8e2b-uBbISl-&4O4qC"
"creez.langeren@edu.tbz.ch"|"y1Jqfa-mfBtwc-fregbd"
"adele.dungate@edu.tbz.ch"|"XdTiqC-NaL@j$-ehb$hF"
"cleopatre.noirel@edu.tbz.ch"|"37IgE&-NTIu#x-I&Y@WD"
"interessant.daverin@edu.tbz.ch"|"j7GbPJ-QS%2@u-xmaoQ1"
"naeva.kalderon@edu.tbz.ch"|"0&mHmL-Y1oAZP-tZmvmx"
"anais.oshesnan@edu.tbz.ch"|"$gbE6V-JEB13K-L&wW9w"
"judicael.anelay@edu.tbz.ch"|"K#gc6X-&8eL6R-715Oxf"
"eloise.braxton@edu.tbz.ch"|"Gm@h7V-iKyNgy-#R6@Yn"
"desiree.greguol@edu.tbz.ch"|"yZ8R@y-yXfWEF-Wdsvax"
"maite.mcclenaghan@edu.tbz.ch"|"ITb3JV-XEGwKi-PByXXY"
"meng.doret@edu.tbz.ch"|"F6XQ%Z-9wiD%C-LrOXFz"
"frederique.chippendale@edu.tbz.ch"|"sQYj1Y-qljGKW-350MC6"
"andreanne.lanney@edu.tbz.ch"|"p1xmPa-h2$BsO-6t6xlp"
"aurelie.claus@edu.tbz.ch"|"&#boI$-%fwyEU-enr2bn"
"renee.pabel@edu.tbz.ch"|"Kh@jmz-8hCYCZ-KAg%Fe"
"maena.roust@edu.tbz.ch"|"7b2NzN-e3OKBQ-57KqK1"
"nadege.carwithim@edu.tbz.ch"|"O1JJsP-AqUa%P-E2LzmM"
"solene.geyton@edu.tbz.ch"|"PA%%YO-oVKFGZ-P&WMZg"
"dafnee.avraham@edu.tbz.ch"|"zV3zA3-Q89Oo@-v@BQ7%"
"leane.woolvin@edu.tbz.ch"|"cqrI7E-CKd73e-B#Z98b"
"adele.macadie@edu.tbz.ch"|"JqPfIq-t2O&KB-oGQ6Wh"
"meline.rubica@edu.tbz.ch"|"CqHsAg-JwEhz0-8EZApW"
"marie-noel.speeding@edu.tbz.ch"|"WYXKxY-BWd8Tu-riwRgo"
"nelie.mix@edu.tbz.ch"|"L%lEHU-$a$ZqJ-Rc6V&j"
"clea.ollett@edu.tbz.ch"|"56N@Le-CX%2Re-qh9BOO"
"leandre.mcgavin@edu.tbz.ch"|"GBjeGr-UTp2zo-0veTIa"
"cecile.behne@edu.tbz.ch"|"6ZVIiy-x&m4Te-qR3hCD"
"melanie.polle@edu.tbz.ch"|"mRa33W-UEoo6z-kkzFdx"
"marie-josee.titmuss@edu.tbz.ch"|"363$$m-e%eKRD-MHHmBW"
"helena.guest@edu.tbz.ch"|"YZO%Ze-bBRCak-dlah@O"
"annotes.chicchetto@edu.tbz.ch"|"YdBZSx-ZdVaIy-7$ZIZ@"
"melia.tubb@edu.tbz.ch"|"DFRk$4-9Jk4x7-ttg2cJ"
"angelique.casetti@edu.tbz.ch"|"5@5u%O-l$IdsW-12ziYW"
"cunegonde.cleall@edu.tbz.ch"|"R57HVS-77bfnE-h#4SEc"
"camelia.oaker@edu.tbz.ch"|"G9u2iK-Ki&uM@-J7gUgr"
"you.searight@edu.tbz.ch"|"PCBTc9-MyCNnJ-@32QN2"
"kevina.dederick@edu.tbz.ch"|"6b3@dA-QUdve0-MNlF8o"
"milena.jeffrey@edu.tbz.ch"|"CkrCL&-&O8N@z-vbfWRj"
"melodie.barkshire@edu.tbz.ch"|"V0mE%#-km&5Y&-qZqTX1"
"gaelle.kreutzer@edu.tbz.ch"|"4nf@ni-L8q%mp-cHj@s%"
"kalliste.kleinpeltz@edu.tbz.ch"|"i@Z$N4-MV&3LN-ZY4F&&"
"clementine.danat@edu.tbz.ch"|"F$&SMB-ObFHs3-ObvgoF"
"andrea.wabb@edu.tbz.ch"|"es6%O#-Q&&SsB-t98qa9"
"geraldine.piesold@edu.tbz.ch"|"sX04nV-Ac#3l2-luET2$"
"tan.fiveash@edu.tbz.ch"|"2DhcXu-hoJKMf-ShkmYt"
"meline.yuranovev@edu.tbz.ch"|"XEMK%i-#r9sqZ-op5KME"
"therese.holme@edu.tbz.ch"|"zgyO@3-lz0d44-u2GTIn"
"salome.vaney@edu.tbz.ch"|"g1Vm8v-9O$v2&-IpPybt"
"anae.abramson@edu.tbz.ch"|"wcpdLo-1ARHH7-e$7Igm"
"kalliste.jimson@edu.tbz.ch"|"MgG00E-zSiJow-Xq62e2"
"selene.yole@edu.tbz.ch"|"0x%orh-4NLHKh-ZPxvkA"
"agnes.defraine@edu.tbz.ch"|"XB4qUv-3Ios#2-uEYr3r"
"faites.mccluin@edu.tbz.ch"|"jb1@xr-Vf97#0-1TmdZ@"
"athena.deme@edu.tbz.ch"|"PUmSYB-0rOJuD-0HKg09"
"daphnee.brigstock@edu.tbz.ch"|"$k8QvJ-i8HAFp-EByuFy"
"goesta.skaif@edu.tbz.ch"|"9iwruN-R48aux-IM9&jj"
"oceane.jagoe@edu.tbz.ch"|"dFUxmq-T7@3Wv-u4BM9q"
"annotes.broomhall@edu.tbz.ch"|"CjZqbi-fRrId@-2w5vUA"
"marie-eve.ballendine@edu.tbz.ch"|"72RRzg-Nl#MMQ-UNsZ#8"
"melina.spykings@edu.tbz.ch"|"a04LLk-nUKWRF-RUOe%D"
"laurene.ticehurst@edu.tbz.ch"|"xhHq&i-Jup&LO-$36nAN"
"fei.avramovic@edu.tbz.ch"|"bAOGyr-@hX&ad-fbz8yc"
"publicite.strathearn@edu.tbz.ch"|"%7q8Gr-wKqQXi-s9dVuV"
"torbjoern.garrow@edu.tbz.ch"|"Ga@lIl-WSOPTz-yD&Foq"
"chloe.rubinsztein@edu.tbz.ch"|"v6BaIS-jmTs%y-EJfbyp"
"mylene.demanche@edu.tbz.ch"|"NU65Nd-lHmOWf-1qkH&r"
"mediamass.godlonton@edu.tbz.ch"|"VY%Au2-NjLhI4-e%el2R"
"renee.shurrocks@edu.tbz.ch"|"m0I#Zb-y&w5fF-mVVRj3"
"maiwenn.jedras@edu.tbz.ch"|"fTmPln-AXtwKc-vgWLXC"
"genevieve.castells@edu.tbz.ch"|"2lHd0v-@QP2RW-fADtyB"
"renee.sneden@edu.tbz.ch"|"YbABM2-4O#OJZ-UdM&Ml"
"lai.mccallion@edu.tbz.ch"|"fG1BY7-NG#Gx2-apY9M9"
"kevina.impleton@edu.tbz.ch"|"FagH03-WgVuls-cviIom"
"oesten.fresson@edu.tbz.ch"|"4Letei-JX6H#w-M3SRg$"
"verane.shawley@edu.tbz.ch"|"7UN86$-ESe3WK-nJRDye"
"uo.sjostrom@edu.tbz.ch"|"Aajeg6-s8Q#F9-hT%lpJ"
"gisele.gothup@edu.tbz.ch"|"#$HBo5-tkqP6o-$3eVU3"
"renee.beauman@edu.tbz.ch"|"MrlpHm-x%mN#%-bN#3Oz"
"elies.loton@edu.tbz.ch"|"60xMsd-zNPZ5Q-pU9zke"
"valerie.elsmore@edu.tbz.ch"|"PxtMrR-PBl7qi-YJQt#V"
"berangere.delafeld@edu.tbz.ch"|"g$0tCu-0Tp65z-o6gl7O"
"bjoern.schimke@edu.tbz.ch"|"0EqH9r-byhq$O-WpPu0I"
"loic.ericssen@edu.tbz.ch"|"$qFZ7#-vj5%ig-nCesbq"
"creez.richarz@edu.tbz.ch"|"u0dFY6-Iw$KJL-uQvt%8"
"athena.grocott@edu.tbz.ch"|"QEAzg#-e%I@H4-VmhSm%"
"naelle.piotr@edu.tbz.ch"|"Wb8S24-x$cBy9-9CVFft"
"maella.paulson@edu.tbz.ch"|"1z&cHD-KmC0C$-4LA8Zn"
"song.perot@edu.tbz.ch"|"xppiAk-tjUCgj-8am7us"
"kalliste.heckney@edu.tbz.ch"|"Mr2It4-zTLUG6-64oX0P"
"ake.vasyutkin@edu.tbz.ch"|"BuKNe2-XIRClf-6oljV6"
"ma.castles@edu.tbz.ch"|"wtt6JF-k9a3eH-vFDskV"
"maely.monget@edu.tbz.ch"|"rfXn5V-g4FLsO-TDRxQY"
"tang.durbridge@edu.tbz.ch"|"adrJfw-sOCPub-R&JQ9U"
"laurene.andrew@edu.tbz.ch"|"zfxWJd-4WPJye-OsGPhI"
"lysea.beacon@edu.tbz.ch"|"873Htv-MZN6CK-mT9jUD"
"leandre.peyntue@edu.tbz.ch"|"C4iS#T-PfVih6-9aP@vY"
"rao.trever@edu.tbz.ch"|"Z8%WjD-FKCNsU-vL1CyT"
"mahelie.streader@edu.tbz.ch"|"Bx%utB-haAp&F-ICMtAE"
"maerta.andrejevic@edu.tbz.ch"|"iLxWWi-jhHhGq-%n9US3"
"goesta.tompkins@edu.tbz.ch"|"Hgn0b5-dL$f3J-kr4HAE"
"helena.agates@edu.tbz.ch"|"%nlp3i-K%APGY-VBoYmF"
"therese.glass@edu.tbz.ch"|"HLRAIQ-FeegJe-9wKN&m"
"alois.foan@edu.tbz.ch"|"S9SgHW-TZ70RM-gVxKJW"
"becassine.melchior@edu.tbz.ch"|"VyVmBz-E2TakO-$y3iRz"
"cloe.robart@edu.tbz.ch"|"mKKvUz-03dJc5-J4&20m"
"daniele.puckinghorne@edu.tbz.ch"|"Wnoz9W-UmY%1E-Ba%neh"
"selene.cammidge@edu.tbz.ch"|"J0tijG-e#pQ5M-gHruZA"
"regine.conochie@edu.tbz.ch"|"ACLv6l-N5Gojx-bm3w#@"
"interessant.tuiller@edu.tbz.ch"|"Abgza#-IUT2Qm-caTNeZ"
"long.tiebe@edu.tbz.ch"|"jbuGQX-6sc&bK-7jt8R@"
"mans.yele@edu.tbz.ch"|"88Cq7B-lTDfWZ-UzeDvk"
"ai.giles@edu.tbz.ch"|"2q7EvH-c1D6iw-LacGyf"
"gaetane.hamberston@edu.tbz.ch"|"NeZvsQ-mey1ei-ckft3@"
"marylene.fenix@edu.tbz.ch"|"B4ma0b-17Wa96-FNm5Nu"
"geraldine.graeme@edu.tbz.ch"|"JP&xw1-U7Bu9w-UU6bFj"
"tang.kinglake@edu.tbz.ch"|"OHf1c@-&p#OTR-mHf8v3"
"lai.challoner@edu.tbz.ch"|"tG8@7h-5GVgjF-6@Qk$I"
"desiree.mattei@edu.tbz.ch"|"@2jMnZ-NNLEky-tdNl#v"
"ake.erley@edu.tbz.ch"|"ScevCJ-DQ1plr-Vc&2J1"
"edmee.cavil@edu.tbz.ch"|"fi41t@-SHJ43L-4xYMlt"
"alois.moyes@edu.tbz.ch"|"14IRWs-S@@ny5-wp3pKF"
"becassine.pitman@edu.tbz.ch"|"OWWDrd-&3jdZV-6H3P%k"
"ai.giacovelli@edu.tbz.ch"|"VX9YZX-sHVps6-96JnvX"
"judicael.fruchter@edu.tbz.ch"|"7GaRXG-3%JtBL-nNHBgg"
"mans.mogg@edu.tbz.ch"|"SQE3&V-gQc1Cp-7CQDXz"
"gerald.foyle@edu.tbz.ch"|"dFDH%r-PncxRr-29oX4R"
"wa.androletti@edu.tbz.ch"|"T3xC$S-wXT9l7-IhTTud"
"meng.ollett@edu.tbz.ch"|"@sIBK7-lLoqFp-2JhMm1"
"naelle.macmenamy@edu.tbz.ch"|"K8eee@-i2yFx#-uiGbas"
"gisele.mcramsey@edu.tbz.ch"|"i8CrRH-1WYNc&-V&owdy"
"meryl.scolts@edu.tbz.ch"|"s9GPEg-gxbFF$-zaJ6dM"
"celia.bloxsome@edu.tbz.ch"|"1wAPEP-l2a6QP-YkRQSO"
"styrbjoern.stuke@edu.tbz.ch"|"9ibAuU-P5$Yem-2LMMUJ"
"felicie.gwilliam@edu.tbz.ch"|"$ptHWj-fqzBx5-6$@UKZ"
"da.harms@edu.tbz.ch"|"Ju%$X9-qUJ72%-UuV&ow"
"celestine.baulk@edu.tbz.ch"|"eKg%j6-wwQR0@-yI#yjM"
"mahelie.blackledge@edu.tbz.ch"|"YWmA4R-xWono2-ssScAY"
"meghane.salt@edu.tbz.ch"|"CN9WGM-1VPY5z-GkfK8Z"
"methode.paxeford@edu.tbz.ch"|"0aPbWz-hM8elP-xuA%Pw"
"asloeg.milligan@edu.tbz.ch"|"bf9&Z7-dXQH9l-EN1ybB"
"you.pellman@edu.tbz.ch"|"vzz7r4-UYJVg3-MCU&Fi"
"loic.regenhardt@edu.tbz.ch"|"cyP5lW-JI&Zi%-fKLyEP"
"daniele.savill@edu.tbz.ch"|"7Mlp5T-0bcINl-%fKzC7"
"alois.cornu@edu.tbz.ch"|"KtcbDB-hx@1mB-Cu@SqX"
"oesten.govey@edu.tbz.ch"|"2MQCK@-&1Eed6-JQpnTD"
"marie-eve.louch@edu.tbz.ch"|"JL3PDg-O$$sF5-FdFWKH"
"theresa.wenn@edu.tbz.ch"|"A1CODv-um3NKY-OTkqMm"
"andree.eul@edu.tbz.ch"|"ru@vtw-OqYtLH-T63pzB"
"lie.paynton@edu.tbz.ch"|"lNpBhU-m@4%s9-TCMONE"
"marie-eve.girodier@edu.tbz.ch"|"VzfYSR-yOkN9&-rlw6X&"
"marie-noel.smithe@edu.tbz.ch"|"Ab1At4-gEPqKK-X4cqBL"
"men.bootyman@edu.tbz.ch"|"9RGJVh-xM0X#8-#mgAVW"
"ku.sugg@edu.tbz.ch"|"w4vLaH-GMREQr-hPrJt5"
"lucrece.roseman@edu.tbz.ch"|"0USTyo-sLaGN1-WgLKzC"
"zoe.annear@edu.tbz.ch"|"TdDKtw-B@wMyx-1%Sxre"
"marie-helene.rennebach@edu.tbz.ch"|"JF6j&g-D#NThy-j6$Y$U"
"lea.djurdjevic@edu.tbz.ch"|"e48&gE-zV3sBp-fZOfgh"
"goerel.robert@edu.tbz.ch"|"PQ0rZ#-K1OsPE-Sg3tZw"
"mylene.foldes@edu.tbz.ch"|"2y3dDQ-bmverr-6hnTxl"
"faites.clegg@edu.tbz.ch"|"nhwHJG-dhzrYa-u#OcOo"
"marylene.crowcher@edu.tbz.ch"|"Ap%MWV-acgl$F-hD6KbP"
"aimee.wimpeney@edu.tbz.ch"|"qUliAH-Y9YcRv-TNnoRX"
"renee.atkins@edu.tbz.ch"|"o1GyYE-IqBAYI-Kxu$SC"
"rejane.cainey@edu.tbz.ch"|"MDG53b-VXSndk-VmZIRk"
"solene.britney@edu.tbz.ch"|"hrzYym-F7VsGg-B&C%2K"
"marten.shatliffe@edu.tbz.ch"|"N4Grun-svhgau-lH85Zw"
"maite.issatt@edu.tbz.ch"|"Q0BgSL-J#UASf-F4hoKb"
"maelyss.edon@edu.tbz.ch"|"op0LYW-#fw337-SodYEQ"
"nuo.bamling@edu.tbz.ch"|"TJB3Ex-51STBs-tm9ShL"
"anais.edards@edu.tbz.ch"|"XXUgzh-Qz0th$-Z0XPvJ"
"mediamass.bromet@edu.tbz.ch"|"hbcFCi-jE3yXE-XigXhx"
"beatrice.kimbrey@edu.tbz.ch"|"b7NO8d-WibsiX-M%ZONk"
"ines.lawranson@edu.tbz.ch"|"YlI02m-6npz5X-&O8y0D"
"kalliste.scandroot@edu.tbz.ch"|"6Rdu90-yQLEPl-L0W5V#"
"mans.barrowcliffe@edu.tbz.ch"|"vMqUhX-XlQek3-MV5fJ4"
"irene.couves@edu.tbz.ch"|"FAQcFm-$takP%-dv2C#E"
"milena.mucci@edu.tbz.ch"|"wopQUh-t3&gRL-9yHhDo"
"naeva.cow@edu.tbz.ch"|"ZMYmUi-iO&pO$-FSGC$S"
"audreanne.mournian@edu.tbz.ch"|"Tbfylt-Izu%kI-nug6Nh"
"melia.sinnatt@edu.tbz.ch"|"bCbsqg-4yciQK-@zgCbd"
"nelie.burnard@edu.tbz.ch"|"jGf5fU-ZM$b#7-mLS5%H"
"clelia.ashfull@edu.tbz.ch"|"V2D4#i-FOuIZ&-A$gtWa"
"lie.macard@edu.tbz.ch"|"Fwhs80-QLuO9a-sMOSof"
"valerie.matoshin@edu.tbz.ch"|"zU@OD0-MsOWG5-knov5H"
"anael.hatherleigh@edu.tbz.ch"|"7SOg&1-BiPC7V-ZB1MBi"
"interessant.warratt@edu.tbz.ch"|"BRpuDZ-SexXbu-WymPt8"
"eleonore.volage@edu.tbz.ch"|"ypNdhz-t6w6AN-WXiEcC"
"zoe.stebbing@edu.tbz.ch"|"EPJCYB-UiKVz5-Qh$Kmt"
"alizee.nye@edu.tbz.ch"|"Qg6xob-CPkImS-tbm0BN"
"celestine.bramley@edu.tbz.ch"|"A4%F2f-tcvN&5-KkiPkL"
"selene.philcott@edu.tbz.ch"|"sLJBhS-0RK29K-97UHGQ"
"tang.newens@edu.tbz.ch"|"MwcXvb-4YCGPX-g2BkP8"
"annotes.powys@edu.tbz.ch"|"JHU@KZ-kp75nF-#iPbTd"
"lea.matthesius@edu.tbz.ch"|"D0rohD-0e0Yvw-nUQDYv"
"illustree.garlett@edu.tbz.ch"|"RLsdhH-@@6#Dn-SqubEC"
"maiwenn.meachem@edu.tbz.ch"|"hB4&5J-1xuEY7-@iM3py"
"marie-francoise.mcbrady@edu.tbz.ch"|"CapY78-Mu#Nsn-9Rp&$O"
"illustree.gimbart@edu.tbz.ch"|"HSwdK4-CHgVk#-LjG@%W"
"melys.lyosik@edu.tbz.ch"|"Vg69%c-tHgf9Y-AnZ6jG"
"marylene.mcnab@edu.tbz.ch"|"YQN6DW-9WBL&6-UID6xM"
"gerald.blount@edu.tbz.ch"|"MkVq8o-UEzhKe-EKJ0zR"
"clelia.shakelade@edu.tbz.ch"|"E2%3D7-6B$TDu-5fdR#r"
"penelope.cridlin@edu.tbz.ch"|"%GRSwZ-6&RKym-5la1%j"
"maena.okuddyhy@edu.tbz.ch"|"P&DQLl-9b3V$3-nECBvq"
"athena.keynd@edu.tbz.ch"|"rYmMJh-Y%yOP3-fy$9TL"
"cloe.dwine@edu.tbz.ch"|"XOSuIx-z1lAZH-2$IjNe"
"josephine.browett@edu.tbz.ch"|"kh1lOu-cuQSKs-SCff6B"
"audreanne.oscanlon@edu.tbz.ch"|"nBd4oC-LBgTb%-jDamba"
"fei.jeanequin@edu.tbz.ch"|"qzOmZ0-gPaETh-Np%j2r"
"lois.gormally@edu.tbz.ch"|"$ta@vq-Xr2lxL-802U@8"
"marie-francoise.finnigan@edu.tbz.ch"|"Ad7JuN-iI63G#-b8nKdU"
"leonore.trussman@edu.tbz.ch"|"c659ho-1sUdQW-Kfkm9x"
"anaelle.trumper@edu.tbz.ch"|"q0dpE2-bTKv1w-Vw6utp"
"clemence.dionis@edu.tbz.ch"|"jN&6Uf-fyHJof-KxafsD"
"lois.tranmer@edu.tbz.ch"|"K164zi-mMyGTY-xqiuq1"
"interessant.volett@edu.tbz.ch"|"ROZAvT-S@Dxqj-uNxN3u"
"personnalisee.deackes@edu.tbz.ch"|"hcKL&2-NISkfx-d%QZ9I"
"lie.vasiliu@edu.tbz.ch"|"DQRhPI-J38Ino-7Bcki$"
"dafnee.lamputt@edu.tbz.ch"|"RvJ%MT-Z%m#fs-JSmuZ5"
"elies.bromige@edu.tbz.ch"|"d3itId-VSmubw-cBsaEF"
"helena.klosser@edu.tbz.ch"|"vN7du8-fB@Ejl-t9LpFq"
"andree.grim@edu.tbz.ch"|"yg8dwO-uYd0v7-T%7kNO"
"verane.coldbath@edu.tbz.ch"|"tzfooA-9j8qD9-zHv6E&"
"helena.bethell@edu.tbz.ch"|"O5WJfq-LBoVL1-Hfz95h"
"kalliste.carefull@edu.tbz.ch"|"ow0y9H-LB&2%8-mYWlA&"
"regine.odams@edu.tbz.ch"|"&oPhE5-y$CiKy-dO2wHd"
"len.stannus@edu.tbz.ch"|"9GasQD-vkYDpL-ZW5IrS"
"angelique.works@edu.tbz.ch"|"qRZY%s-kFoGHr-luZlqc"
"goesta.rheaume@edu.tbz.ch"|"sst3DZ-9usbRT-dH&FeC"
"maelys.tynnan@edu.tbz.ch"|"82vqLV-qbyC9A-NxdKVB"
"maelle.carlesi@edu.tbz.ch"|"ei4w1E-g@PsL8-yzEB6F"
"anael.spurden@edu.tbz.ch"|"S9xX9C-MmcwzY-R1B8Mb"
"helene.pumfrett@edu.tbz.ch"|"XiHu9o-RmW@&b-sR%zQe"
"goerel.pearn@edu.tbz.ch"|"#fOezw-SRZSlR-s&zq6Y"
"laurelie.dezamora@edu.tbz.ch"|"dhTFha-0AHE4n-pmISkg"
"yao.twidale@edu.tbz.ch"|"TY0USM-jp#8BG-Z4E6Ym"
"berengere.sola@edu.tbz.ch"|"pCZH#z-9JPAMu-DNP0Ud"
"maelann.hardistry@edu.tbz.ch"|"UbsEEQ-OT1A8m-U0sGNd"
"severine.littlefield@edu.tbz.ch"|"eS9iLY-9cy$uq-O9aPh@"
"salome.heinl@edu.tbz.ch"|"bKiynl-%xrKCo-71DGBA"
"meryl.warbey@edu.tbz.ch"|"LJzWKA-oIGnWj-QP5nN2"
"da.hunstone@edu.tbz.ch"|"TVPda6-9mFgWv-Nmq&BY"
"venus.broadbury@edu.tbz.ch"|"73rb2G-ooUtcY-R29dj#"
"meghane.rentelll@edu.tbz.ch"|"uVknQ$-N2bbmg-k2Pywt"
"marylene.drewitt@edu.tbz.ch"|"w$5njY-LQ$s%O-kbb@YT"
"melinda.jacquemet@edu.tbz.ch"|"bfK2SW-G5%dq%-Y0xH#S"
"marie-josee.keyden@edu.tbz.ch"|"1l0pei-9QHaXM-s94@4l"
"asloeg.montacute@edu.tbz.ch"|"$nHslJ-HZEsNI-&6D9dn"
"ku.andreou@edu.tbz.ch"|"$cfOpd-rtRcJh-01yx56"
"personnalisee.feaveer@edu.tbz.ch"|"q4uY0r-dntl2M-&@ZZbE"
"laila.emptage@edu.tbz.ch"|"To#yoR-j8T@DB-0KyxzN"
"bjoern.dawdry@edu.tbz.ch"|"bh2bfx-IqCBM7-O3QBqF"
"marie-eve.dinsell@edu.tbz.ch"|"6lgWfn-d2&Il4-vPaKu&"
"helene.follett@edu.tbz.ch"|"vDJNL8-All2v@-@o@MwH"
"penelope.cordero@edu.tbz.ch"|"44I7bU-WHTo2y-ZTcnYm"
"boerje.beedell@edu.tbz.ch"|"##piZ0-3pE$&%-sRQORv"
"nelie.ferne@edu.tbz.ch"|"rk0QVT-N4zE#6-6xj$rF"
"celine.ahmed@edu.tbz.ch"|"lTKTjx-1Dyf55-d#lB3S"
"stevina.pimblett@edu.tbz.ch"|"YbeBgf-Xqi7Xc-hxIkBU"
"chloe.langlands@edu.tbz.ch"|"A&oiL#-e7BAa3-oSde2R"
"simplifies.maude@edu.tbz.ch"|"x4TRrb-0iR3@o-Sl0Yhk"
"genevieve.decarteret@edu.tbz.ch"|"Kf3rGy-sxieS7-R6%ZFd"
"marylene.mughal@edu.tbz.ch"|"t3oH@Q-WGBx#N-niCgb7"
"goeran.guttridge@edu.tbz.ch"|"6xbmTy-U%CbRc-Cmki9G"
"michele.smurfitt@edu.tbz.ch"|"$#B$iA-&I2k&j-@Ra4wv"
"methode.hadeke@edu.tbz.ch"|"KLhMl8-Sg@tQl-%PZPZ6"
"therese.rispine@edu.tbz.ch"|"OFVUwT-5%$DZ6-27Q8bI"
"goerel.plumley@edu.tbz.ch"|"EsZkNb-eq3K$d-f7HQL&"
"oceane.friett@edu.tbz.ch"|"%bI3bb-HqE3%y-4DzQ8G"
"marie-noel.achromov@edu.tbz.ch"|"TpwjJB-QpVQGY-h&HrUZ"
"dorothee.storek@edu.tbz.ch"|"0aY1e6-Gcxlq2-rIAkL9"
"goesta.whittle@edu.tbz.ch"|"AKG92%-y2Zgym-T9VhMm"
"desiree.casely@edu.tbz.ch"|"b8apRp-89fnsU-61PQMX"
"felicie.condon@edu.tbz.ch"|"03GaOW-lJHjoU-s0V1oD"
"maelyss.frisdick@edu.tbz.ch"|"yWxpma-yz0yEi-vdQyS8"
"aimee.banke@edu.tbz.ch"|"trYPNl-3eJb$G-kkkT30"
"naeva.hodcroft@edu.tbz.ch"|"WJHjWi-YIcyPk-#uezOj"
"laila.gerrans@edu.tbz.ch"|"6mC2QA-gpr#Vz-Pf4L91"
"daniele.scrimshire@edu.tbz.ch"|"nqJP6E-GRedEc-GlRmxi"
"daphnee.sheerin@edu.tbz.ch"|"iNdvpP-xUuqHu-OsIX@z"
"pal.vanyukov@edu.tbz.ch"|"VRj#TE-fNoSCU-PWd5CU"
"zoe.childs@edu.tbz.ch"|"djmqlU-0dFBQx-UCuIY5"
"ai.corde@edu.tbz.ch"|"Sgbuea-nU0uf@-tm%6ik"
"maelys.berryann@edu.tbz.ch"|"bTQc3%-ZGzF3B-EU845a"
"cloe.gladding@edu.tbz.ch"|"@9Ho33-0meET2-Es32ca"
"wa.kinnaird@edu.tbz.ch"|"5kOkFv-92sn5q-CZXsD7"
"publicite.brittoner@edu.tbz.ch"|"7DvA3u-&J8hUY-p3xG#0"
"rao.windress@edu.tbz.ch"|"YzwpzN-9M#HoK-JI@Du1"
"uo.kollach@edu.tbz.ch"|"5ExXKb-@J2UWS-$oG&nX"
"josee.peskett@edu.tbz.ch"|"HFwT5O-DqOlxv-MsdsnS"
"annotee.hasel@edu.tbz.ch"|"ujwChc-cp6pY1-7oLWep"
"cinema.lee@edu.tbz.ch"|"XdLY44-3ysLVg-mYDbQo"
"lai.vedeshkin@edu.tbz.ch"|"UVPjxv-KcPDc6-M$6mUY"
"renee.brisbane@edu.tbz.ch"|"Awb018-ypIurZ-mM@h&M"
"ophelie.blincoe@edu.tbz.ch"|"V9hk9v-D5u9XZ-IndyoB"
"zhi.prazor@edu.tbz.ch"|"4HN1Ek-w1@anU-RSjPaq"
"annotee.maddicks@edu.tbz.ch"|"5SmtKC-HhxSGe-tbHKrl"
"maelyss.codd@edu.tbz.ch"|"PvMqYO-c3QrUm-n2jjqL"
"celia.peplay@edu.tbz.ch"|"zZ&rhy-qp46W8-0V15Iw"
"interessant.skone@edu.tbz.ch"|"rIz3hG-TBfyUS-wBytzU"
"audreanne.hebdon@edu.tbz.ch"|"ZS3G&c-IkNB3H-Q4Qw3o"
"oceane.glen@edu.tbz.ch"|"eTXcKT-s7$j7#-GNHlcq"
"daniele.vanyushkin@edu.tbz.ch"|"UueVl1-MdZ5TA-E5uhzb"
"daphnee.ayce@edu.tbz.ch"|"8P$#Zg-8&SRET-c6$mkt"
"andrea.attride@edu.tbz.ch"|"iMMVUa-Pa@O$1-Y4##rt"
"penelope.bridgwood@edu.tbz.ch"|"&IPN7u-jMv9A4-hUvnZH"
"mailis.drewitt@edu.tbz.ch"|"c6x0#F-I70rhY-vKE1JX"
"penelope.mollene@edu.tbz.ch"|"fZFhUy-&RB9Gu-aeeMHM"
"illustree.keely@edu.tbz.ch"|"LwlbZr-uHk$jx-1$&jxW"
"meng.brisseau@edu.tbz.ch"|"CHfCr@-cqiJsJ-jdPZDm"
"ruo.cleiment@edu.tbz.ch"|"TmPACR-3hNjNn-35y52b"
"maite.krammer@edu.tbz.ch"|"yZ6rr%-iAwMS5-k2J2KW"
"genevieve.verry@edu.tbz.ch"|"&Xsq8s-zwHOpo-ii9anm"
"lea.olochan@edu.tbz.ch"|"i31##x-1G&voj-IxeYnu"
"naelle.brunnen@edu.tbz.ch"|"foCY4k-fmR@Ts-GqvMkY"
"goesta.bragginton@edu.tbz.ch"|"%yu&8d-LxUf09-tgAqSP"
"fei.danilyuk@edu.tbz.ch"|"$yT2Rn-G%Ddfr-Axbm8P"
"adelie.turbitt@edu.tbz.ch"|"ZBC0q9-W&mL&c-VgA$X5"
"marylene.nutman@edu.tbz.ch"|"ok8Dty-YpZq%y-iKOgHW"
"therese.barbrick@edu.tbz.ch"|"iUexQy-50W#li-o#1I2X"
"melys.kolodziej@edu.tbz.ch"|"$CT1sT-j1eiQw-F2&VVi"
"melanie.runchman@edu.tbz.ch"|"jDP7D7-XN8PIY-iy5qxW"
"serena.lafond@edu.tbz.ch"|"KbbYYy-GFo2fw-PVuBuI"
"pelagie.desmond@edu.tbz.ch"|"0rqiaK-CuUYjH-aMrdQ$"
"wa.spickett@edu.tbz.ch"|"AcXDCZ-dQplIv-x26TwX"
"po.shave@edu.tbz.ch"|"XvbUqh-OyH4W@-oaqACi"
"song.huikerby@edu.tbz.ch"|"NHSFoI-J1yMmp-LVDm6t"
"melinda.bimson@edu.tbz.ch"|"#rife3-H#mrBY-p3t7VL"
"personnalisee.toffanelli@edu.tbz.ch"|"JGF#ry-FdAwLZ-pN2t5f"
"leandre.hurn@edu.tbz.ch"|"J$Gf9@-Hknt7S-eWyUC#"
"oesten.standell@edu.tbz.ch"|"Y@TzBT-b@CRtM-jZqDt1"
"naelle.smaleman@edu.tbz.ch"|"8Jni8T-9PZsMI-fZyOFP"
"berenice.tayt@edu.tbz.ch"|"#s8M3v-ht%r7l-a7Ouqb"
"kui.popplewell@edu.tbz.ch"|"F9qBjy-N5ldtb-r3xpHN"
"melodie.ferandez@edu.tbz.ch"|"3EmjsG-xwr2xk-JxbTY&"
"josee.negal@edu.tbz.ch"|"JQWiea-fdoVGa-IU3lv&"
"melissandre.ferrelli@edu.tbz.ch"|"gySZCQ-dBq925-sXKMvL"
"josephine.kemmer@edu.tbz.ch"|"35BC$K-QuYZC3-om$sAS"
"maely.cayette@edu.tbz.ch"|"gAGIfA-&QfI98-RnTKCw"
"nelie.vela@edu.tbz.ch"|"&oY%YP-BZ8AGW-Gs5sJX"
"melina.cortes@edu.tbz.ch"|"psSk%5-l4v0mx-d@O48F"
"megane.leyshon@edu.tbz.ch"|"#g%e5D-h7Jp4j-p@n@Pi"
"regine.harrie@edu.tbz.ch"|"6qlT6@-9m%Kx&-s2d#KM"
"mylene.widdison@edu.tbz.ch"|"#Bos0V-hZgnDb-QE901g"
"pelagie.vivash@edu.tbz.ch"|"oxcej1-mJy1gD-FTqWG7"
"styrbjoern.vicarey@edu.tbz.ch"|"BZ$rH$-@8RtYv-FOTRW#"
"long.kyles@edu.tbz.ch"|"aq5v28-ajzkOi-EQ@3%8"
"stephanie.gipps@edu.tbz.ch"|"C9F9rc-caB4%E-CeianD"
"clea.constantine@edu.tbz.ch"|"ZzJwbN-3jDcKE-cRRvJp"
"maella.cometto@edu.tbz.ch"|"EDuS4A-ILOJZ#-&&lv75"
"laila.aubrun@edu.tbz.ch"|"DYPhRm-@YsC8P-ZuzIGM"
"yao.austins@edu.tbz.ch"|"N8wuab-4U8C@J-FuToFh"
"mailys.rylstone@edu.tbz.ch"|"XiM995-ttI6%x-P7fvIY"
"adelie.curuclis@edu.tbz.ch"|"A@0qs&-tIpZu3-ggq0Qy"
"celine.longhurst@edu.tbz.ch"|"TDuu&Q-7JCa3I-mMFaP8"
"gisele.hazell@edu.tbz.ch"|"TDQbop-Wlayhf-ZQQSsa"
"celestine.ciccone@edu.tbz.ch"|"@Q4lny-K2uO7J-6H@R6r"
"maelyss.doole@edu.tbz.ch"|"7H43MI-II5GsO-7@MeF#"
"helene.grimsdike@edu.tbz.ch"|"Yqk&A3-bAB5tZ-$w75xk"
"lie.macer@edu.tbz.ch"|"A@UKQ7-$7RI9i-6LA&eN"
"maely.izard@edu.tbz.ch"|"4MT7KE-V8n@4V-Q2X9FE"
"erwei.breewood@edu.tbz.ch"|"QaBt17-C$jMgM-@q@KJ#"
"chloe.woolford@edu.tbz.ch"|"HS3C%y-d6ZG9k-MDo&zh"
"cleopatre.turpin@edu.tbz.ch"|"yjCeWH-1DYQvx-kKUO#0"
"melodie.surgison@edu.tbz.ch"|"R%Pro@-cuBCmc-VEbYX#"
"elies.leander@edu.tbz.ch"|"r10oh#-#k1z2f-#zq5vp"
"mediamass.reignould@edu.tbz.ch"|"EMYjwp-BFxYDl-Ekcazq"
"celestine.wasmuth@edu.tbz.ch"|"aeQx1X-&hTr9p-pJ8YfB"
"marten.jervis@edu.tbz.ch"|"ncRDS0-9qNr1z-G@9iko"
"daphnee.bour@edu.tbz.ch"|"sqKAFB-3C6XZq-V6Px2x"
"regine.harlett@edu.tbz.ch"|"k6OTJh-zVIMQW-l#er9x"
"noemie.macaskie@edu.tbz.ch"|"BiBFGn-43VELo-YOKYvL"
"loic.renfield@edu.tbz.ch"|"hzJQhk-D9oXfz-97Fj9q"
"venus.kleinert@edu.tbz.ch"|"TIKGqi-aTDf7j-lD38hD"
"marten.burlay@edu.tbz.ch"|"qEmtkz-6yAI5a-UI@MtH"
"berengere.radsdale@edu.tbz.ch"|"7fl0%&-dphqUJ-CTPppj"
"genevieve.duckit@edu.tbz.ch"|"IKTw1d-wvo3f7-2wyrxD"
"maely.ligerton@edu.tbz.ch"|"J$HCer-%wyVce-Q4nRc@"
"maeline.ricciardelli@edu.tbz.ch"|"0U6JoL-Ns9xG8-kv2Hlq"
"personnalisee.yggo@edu.tbz.ch"|"w#o2oi-hi%38c-ChDoUP"
"alizee.pettinger@edu.tbz.ch"|"F&PNO0-AvCqgS-z$oZAH"
"desiree.curnnokk@edu.tbz.ch"|"06&Xrz-ZSZkc@-gYNXM#"
"dorothee.minors@edu.tbz.ch"|"58kQx6-CIdwgG-pZ12yG"
"oceanne.kopmann@edu.tbz.ch"|"9CX6Qv-3L99O%-Ap&HBz"
"almerinda.brodbin@edu.tbz.ch"|"dFm2EL-@HUWof-g&1&CG"
"yenora.carsberg@edu.tbz.ch"|"XGIgcx-7EP#Jd-sIV83e"
"wa.beetles@edu.tbz.ch"|"SmM%vg-Bb59UE-rX#$y9"
"audreanne.abbot@edu.tbz.ch"|"SX9os9-mgYczr-z2aGlg"
"noemie.capper@edu.tbz.ch"|"EOpbba-3vFGyv-XnWs&C"
"mans.abramamov@edu.tbz.ch"|"i%fEEf-IYHq2V-Rcj7$r"
"audreanne.blakey@edu.tbz.ch"|"ni@OdX-RXRPuO-FfP1RW"
"leone.klimpke@edu.tbz.ch"|"b4thh8-DlBeg6-P3ZwYH"
"lie.croston@edu.tbz.ch"|"taR@&I-jkKNC#-e3t30c"
"anaelle.baistow@edu.tbz.ch"|"400E@n-WOKrCo-IQJ%Kg"
"michele.garwood@edu.tbz.ch"|"oR1xVy-FKH6l@-Nys84n"
"interessant.albion@edu.tbz.ch"|"tB4rfV-KGnEIw-PlqzkH"
"andre.brisco@edu.tbz.ch"|"@M0JzR-Rg4VVN-uy1koL"
"tang.totterdill@edu.tbz.ch"|"TssB#K-zGSTBC-1jIxkb"
"marie-josee.braundt@edu.tbz.ch"|"w6PxzZ-lfMThZ-z4DkIi"
"lois.galer@edu.tbz.ch"|"iymEBs-N#vjM4-&t@q7F"
"faites.pellamonuten@edu.tbz.ch"|"mAB%5U-hDJp$W-o$I4xL"
"mai.barfford@edu.tbz.ch"|"wyv1EK-7fYM6A-cLodoC"
"laurene.macilory@edu.tbz.ch"|"ixe8$i-L09rzd-o9KH2n"
"elea.peak@edu.tbz.ch"|"Q&Jw6e-M6c%Zh-5F1rJH"
"rejane.doni@edu.tbz.ch"|"h&weby-RBhBQl-bzKqOL"
"mahelie.ector@edu.tbz.ch"|"zDVyk8-ijePN8-CdT8FM"
"rachele.allum@edu.tbz.ch"|"#3EJpM-ftVKmP-X9uJSy"
"laila.gerretsen@edu.tbz.ch"|"vBXVxQ-rmqeq7-bgtfYi"
"ines.bowman@edu.tbz.ch"|"j04y9x-MZ8BtZ-zWL5#j"
"publicite.barbary@edu.tbz.ch"|"fHZPhc-wFPY1y-FmoOJj"
"mailys.smooth@edu.tbz.ch"|"VmYnSp-woQR%V-iYH9@x"
"mailis.huguenet@edu.tbz.ch"|"QkfghU-@$CZ$c-UdYDk0"
"lea.ewer@edu.tbz.ch"|"QsizvG-KNL5Yr-GXcJrC"
