"email"|"password"
"melodie.vandervlies@edu.tbz.ch"|"bJkoba-&PU9xS-dDWVoC"
"angele.edgecumbe@edu.tbz.ch"|"t70&ci-gWyeh8-m2Oi6G"
"zhi.andreasson@edu.tbz.ch"|"jh9LK7-HXWbX7-5Pe741"
"judicael.koppeck@edu.tbz.ch"|"GzssUJ-&7EFmY-$teOtr"
"berengere.capron@edu.tbz.ch"|"cdk1ny-4lgsGp-WDIgVR"
"leonie.brosini@edu.tbz.ch"|"&lTsg6-%80Xbg-&M2kHs"
"venus.garfit@edu.tbz.ch"|"9$b&pi-Tt9XS&-RCQG&J"
"melina.janota@edu.tbz.ch"|"3qEiuN-iTdjx8-Tav2jF"
"laurene.bake@edu.tbz.ch"|"XPaTGa-%6p#SB-@aTUTs"
"regine.dorkins@edu.tbz.ch"|"4CvqHR-L1Z1Q2-TPyV5J"
"cecile.moffet@edu.tbz.ch"|"c$#oYy-1FbChA-W$cj7n"
"maelann.labrone@edu.tbz.ch"|"0MhRNj-bod9tR-QGM8QW"
"melinda.newbold@edu.tbz.ch"|"amwVSj-teaZpQ-vEUTsO"
"mans.itzhak@edu.tbz.ch"|"NXHTg4-6iDp6e-uR@p5K"
"melodie.pattlel@edu.tbz.ch"|"MCMhWs-Cjw@km-im04e2"
"celine.bonett@edu.tbz.ch"|"ovVw4W-VEP4qW-lm1vm3"
"adelie.mcgreal@edu.tbz.ch"|"%ce9SG-OTNoTl-iN0O7f"
"helene.soldan@edu.tbz.ch"|"1VEsTW-JVUabQ-8gZsdy"
"michele.cluer@edu.tbz.ch"|"Kp7lgS-XR@B8F-vVUacU"
"maeline.mueller@edu.tbz.ch"|"K#rHOo-aX3e7s-W8%a9E"
"maelann.benedito@edu.tbz.ch"|"PvNoYN-n1&KYT-Exitnd"
"nuo.gransden@edu.tbz.ch"|"Fv7D&N-XnAmJ1-5i#S5K"
"berengere.stainton@edu.tbz.ch"|"zSKYKz-9@DKHn-ujAKga"
"wa.sabater@edu.tbz.ch"|"S#iyIa-WASn2@-8LElbd"
"anais.cochran@edu.tbz.ch"|"Cc9&7B-I1DtB@-xciCtU"
"gerald.bessant@edu.tbz.ch"|"4DOw@Z-rIfLF@-v7CSnw"
"ruo.coffin@edu.tbz.ch"|"v0RW4#-WC#f5L-gf%ycB"
"melodie.mustill@edu.tbz.ch"|"Dsw1tj-ooATSM-ItHTeP"
"ruo.stanesby@edu.tbz.ch"|"0pAjoe-@elUUH-fns5L#"
"noemie.antognelli@edu.tbz.ch"|"OXeRiE-IkfxxR-LfqViM"
"maelann.hughson@edu.tbz.ch"|"U&Xrg9-NUHZio-@qAH69"
"milena.mieville@edu.tbz.ch"|"Bqij79-xs5GVQ-fKHSuC"
"mailys.chamberlin@edu.tbz.ch"|"aIHg&F-zCEmie-Ovq$zw"
"nadege.tomalin@edu.tbz.ch"|"yFykEZ-YYd$46-jgV6Cy"
"oceane.omara@edu.tbz.ch"|"jtT@&N-QrWTQz-kLOCHp"
"cecile.aguirrezabala@edu.tbz.ch"|"D@iXPD-ajcdp5-$nQbgY"
"maella.gwillim@edu.tbz.ch"|"qs2t7v-2YOpb0-c16RV7"
"lea.mcgahey@edu.tbz.ch"|"utoY2x-Pe1zX1-DdR5Bq"
"laurene.hagerty@edu.tbz.ch"|"hFsnnu-uNCmfr-Qyifs6"
"dorothee.link@edu.tbz.ch"|"wAbJIV-sprkVP-p#AsPO"
"clementine.kynsey@edu.tbz.ch"|"@h16%h-JPKLMt-s0xUvf"
"lorene.smitherman@edu.tbz.ch"|"ep1&dv-V0USWe-Ol&1pn"
"cleopatre.klulicek@edu.tbz.ch"|"Mdt$33-dk%9iu-xK$PR3"
"laurene.castaneda@edu.tbz.ch"|"ISvw3b-n&cGYE-fnWVeR"
"melia.constant@edu.tbz.ch"|"QJ6OHb-aev@oz-zhSGLb"
"lucrece.clunie@edu.tbz.ch"|"0#VBjo-$fuIaA-zTpuLY"
"eleonore.mcmurthy@edu.tbz.ch"|"PCw@6d-YEnOdB-bq6G4#"
"melia.bevar@edu.tbz.ch"|"3IVBTE-HZLGud-&NuaXA"
"camelia.bontine@edu.tbz.ch"|"nmc$N4-1pu4oD-1QkUX5"
"methode.jozefczak@edu.tbz.ch"|"L@gjLv-9Ai2rR-6aOXFo"
"audreanne.hinsche@edu.tbz.ch"|"FGY4ut-UlOKhz-#CYH9s"
"andree.varne@edu.tbz.ch"|"la7CQp-iPsoye-YdGblq"
"marten.kinleyside@edu.tbz.ch"|"$tvSey-8gjUvR-whzfSP"
"esteve.mcewan@edu.tbz.ch"|"$O6ruH-Tvu6W7-svcF#B"
"leane.dibbert@edu.tbz.ch"|"FSxP%#-eCcciD-g0pUvp"
"ma.thewlis@edu.tbz.ch"|"13H35T-aWuEq8-nuRMiS"
"clea.djurkovic@edu.tbz.ch"|"gT%FEj-%1O&yG-4U#qMq"
"rachele.reburn@edu.tbz.ch"|"bx6fpt-hnPwm8-D3T6pP"
"gerald.gowling@edu.tbz.ch"|"fFov4S-Q5UjNp-&OfTN3"
"cleopatre.jackson@edu.tbz.ch"|"DOVqIK-V9hFD2-gH0@D1"
"desiree.haskins@edu.tbz.ch"|"KG5ZkR-B281aJ-NhOS9i"
"eleonore.longson@edu.tbz.ch"|"QP3Q&1-SWizou-VaOdL5"
"leane.dybell@edu.tbz.ch"|"qjGPKT-wL4Wik-g$HV&y"
"becassine.grzesiak@edu.tbz.ch"|"NTXHvG-1mfd%H-h1@n2U"
"marie-josee.pickin@edu.tbz.ch"|"rX@LSu-9ov@7E-G7cZWw"
"marie-josee.roxby@edu.tbz.ch"|"8sdzhG-o#f7Dj-jDsBU6"
"leonie.feenan@edu.tbz.ch"|"p7qQky-n$$5RL-XpELsQ"
"valerie.ellum@edu.tbz.ch"|"P752w1-w5%nsq-qXyZ2r"
"ju.caseri@edu.tbz.ch"|"lcULDl-FdfY#E-lmBHp7"
"boerje.strangman@edu.tbz.ch"|"0GnFqr-#fJNWf-j1TZMR"
"beatrice.ghidelli@edu.tbz.ch"|"#jd$Ki-ACvv2u-If&S&h"
"da.jablonski@edu.tbz.ch"|"fNjGKG-CuwgjJ-8ROsKu"
"uo.beveridge@edu.tbz.ch"|"Xls0x0-LNE8rD-$UATtL"
"valerie.bestman@edu.tbz.ch"|"JPEm57-Xc09rB-@vL4B%"
"marlene.pohls@edu.tbz.ch"|"TBJoqT-JThw&Z-%zvdxP"
"ma.nolda@edu.tbz.ch"|"sPTWFf-YVOSTU-&HX1kP"
"marlene.bisiker@edu.tbz.ch"|"$tZMvi-keMr&J-P$qlUM"
"estee.babon@edu.tbz.ch"|"Gc%gFk-Ifp$XP-o&a65U"
"simplifies.dmisek@edu.tbz.ch"|"3O@kMf-43OFby-DeDnBT"
"selene.ganing@edu.tbz.ch"|"qi#6Fk-JeH3cn-H$aj&1"
"meryl.penke@edu.tbz.ch"|"dPy6M%-bKvNhi-Zfl1vN"
"anais.rawcliff@edu.tbz.ch"|"6@oTyW-6vm26g-p8ysHw"
"melina.andri@edu.tbz.ch"|"9bYmGn-Wson9r-9c33H1"
"audreanne.fodden@edu.tbz.ch"|"x@1%WG-bSKP05-cgb6Lm"
"bjoern.spellesy@edu.tbz.ch"|"pD2iti-l#ea8e-NvWK&i"
"francoise.summerscales@edu.tbz.ch"|"5$zQtj-yQiKF1-&ZlcwY"
"laurene.ashtonhurst@edu.tbz.ch"|"aKclnE-OLwqTc-gmev5P"
"valerie.petters@edu.tbz.ch"|"SW$Eoc-tM%EHk-6UtJ3d"
"anael.spenclay@edu.tbz.ch"|"9h7SFa-qN&isv-l3rcYm"
"stephanie.keech@edu.tbz.ch"|"fp#IpX-GTfWsi-jB9pq2"
"ines.deveril@edu.tbz.ch"|"II0%yj-hEHyKI-3gdIFS"
"berenice.gelder@edu.tbz.ch"|"sNtVlV-ZHHINE-HA8Yu5"
"melanie.ofogerty@edu.tbz.ch"|"T4o&&8-UJM@uz-boOnns"
"frederique.canepe@edu.tbz.ch"|"eL5$JT-1G6O@%-Ln3Zyn"
"nuo.otton@edu.tbz.ch"|"vec2oV-FLJ1Ew-0FhAVD"
"genevieve.trusler@edu.tbz.ch"|"k$8lvl-#RkAIp-uT9Z9u"
"ju.boag@edu.tbz.ch"|"p33ItO-b1nZgG-tArAWj"
"josephine.dilucia@edu.tbz.ch"|"jmMvly-RZLb1U-ZUPhx0"
"laurene.armsden@edu.tbz.ch"|"rgn0vm-Jo%eG2-aD@aFQ"
"becassine.griffe@edu.tbz.ch"|"GAK$TI-baAwUZ-acy2mx"
"alois.parres@edu.tbz.ch"|"TsXFgZ-VfKMtd-iJZ09Q"
"cleopatre.gaffey@edu.tbz.ch"|"U8&2e7-mlR@aH-1bzVSb"
"andre.stiger@edu.tbz.ch"|"zea8Ru-YDbQNU-8wEX4q"
"beatrice.godleman@edu.tbz.ch"|"kZ5#zq-KQeOyM-S00BmI"
"hakan.harrhy@edu.tbz.ch"|"xytjtl-Vvh32m-Zc5zJp"
"celestine.dagnan@edu.tbz.ch"|"v27oIb-BqUSxO-MNaV@a"
"clemence.haggart@edu.tbz.ch"|"Pbr08X-MHNZSe-nfYxuB"
"long.caban@edu.tbz.ch"|"w&JR7i-KgrP%H-zKv@@A"
"gaetane.grimble@edu.tbz.ch"|"EgoQ3k-@IGrF$-JC$1e4"
"maelann.piwall@edu.tbz.ch"|"m&2K6Q-SUJf$Y-FzjXt9"
"magdalene.loble@edu.tbz.ch"|"8@G0VL-#JyXWX-N6r5bD"
"veronique.domaschke@edu.tbz.ch"|"PWjQR8-BRKoon-IFf888"
"clea.herity@edu.tbz.ch"|"pt&Z#O-Rt$vrr-Ymuanc"
"maelann.bambrough@edu.tbz.ch"|"q&$9Gz-c&FYW2-S5zB06"
"clea.goulstone@edu.tbz.ch"|"ovEO9d-bZQzwE-Rh4Fv2"
"renee.deleek@edu.tbz.ch"|"K#DZCR-BhAGJz-Ue9F%p"
"boerje.rudderham@edu.tbz.ch"|"a#k6NC-%AlED@-D%g%Ic"
"marylene.broune@edu.tbz.ch"|"yMJ5ff-5V1c3E-sf8qvP"
"nadege.mccuish@edu.tbz.ch"|"JZKY42-hWh37G-fRxAqY"
"anael.littleover@edu.tbz.ch"|"Jguq5o-kQ2Gjn-jA5GNI"
"lie.baume@edu.tbz.ch"|"x77sUg-wxNMQ2-$H3Au%"
"maella.murrow@edu.tbz.ch"|"POTkq@-LY@n3T-TMKxaC"
"cleopatre.pettifor@edu.tbz.ch"|"OB1@JK-RqHSz3-p09uWU"
"geraldine.asker@edu.tbz.ch"|"QYaTUZ-eF%&ow-E9CDXx"
"gaetane.smedmore@edu.tbz.ch"|"efDNFI-2238wk-mnrxa%"
"meryl.blencoe@edu.tbz.ch"|"qeTq2o-rakKGS-76Rypb"
"aurelie.chastaing@edu.tbz.ch"|"onILzl-GC#Ht0-rqY25$"
"oceanne.marthen@edu.tbz.ch"|"a@UUAL-1$le8i-#teH8h"
"dorothee.burrill@edu.tbz.ch"|"ty9tLQ-u5C0bl-3lCQ7c"
"hakan.belden@edu.tbz.ch"|"19svGk-uipHqp-7ZvT%I"
"celine.brunning@edu.tbz.ch"|"cLSGLV-M5#373-2KJpRl"
"anael.lapides@edu.tbz.ch"|"w@nh0n-PPJ0IC-ZluD&&"
"ruo.saffran@edu.tbz.ch"|"#Jq0ja-HvxX36-dL%QQu"
"loic.gerretsen@edu.tbz.ch"|"KCf0Us-1sVAXY-36hPRn"
"rui.fitzer@edu.tbz.ch"|"I@TNDn-rzIRgb-XB@G2m"
"annotee.ogers@edu.tbz.ch"|"q5hx4F-p0vOGz-LD7bnG"
"boerje.bindin@edu.tbz.ch"|"pUrhQO-OwnwDr-wZ1z9y"
"ma.cronchey@edu.tbz.ch"|"m3se5u-uWC7bl-pAI%$m"
"laurelie.baiyle@edu.tbz.ch"|"U4OlYh-36pEvU-M%zXDw"
"dorothee.older@edu.tbz.ch"|"VeDsCz-fInDMA-QOBfj0"
"laurena.wile@edu.tbz.ch"|"hHh@xg-d5CcLL-nPKMi&"
"clemence.brito@edu.tbz.ch"|"eReX2&-NDnIy1-QNEM4w"
"nadege.dallin@edu.tbz.ch"|"RdFNO0-0rtI7y-95R@lV"
"mailis.matley@edu.tbz.ch"|"GBLC1H-0hx6In-B@NQ%H"
"daniele.screaton@edu.tbz.ch"|"3QDBmW-W@VL89-dtk590"
"mediamass.godly@edu.tbz.ch"|"DT&#MT-hSdZkR-&9%65Q"
"leone.kremer@edu.tbz.ch"|"5d$TEj-y0ppq3-ylA5Pk"
"asa.adrian@edu.tbz.ch"|"JtVU6p-JVogpY-B65E&T"
"adele.doley@edu.tbz.ch"|"CEKSpq-rO&dSm-dQSbuC"
"fei.sidney@edu.tbz.ch"|"A#zqPw-16VrE0-jvin%i"
"marie-josee.walisiak@edu.tbz.ch"|"NgVuYl-4Ict2@-A0D#iz"
"desiree.diplock@edu.tbz.ch"|"iF@xoN-2kJkzn-ho&##S"
"gisele.schust@edu.tbz.ch"|"hljJf5-rIX#nQ-e%gor@"
"ma.longshaw@edu.tbz.ch"|"OMFTuZ-xT3rJ1-NVufPA"
"da.boother@edu.tbz.ch"|"5dbu3U-3pF$&6-sP2xui"
"simplifies.chaudhry@edu.tbz.ch"|"YkF39a-LFr70R-xGnWtB"
"garcon.baniard@edu.tbz.ch"|"G$GNc0-XodcPJ-M3Uxnj"
"gaetane.elphee@edu.tbz.ch"|"EnJPP&-erAoRj-xs5V5g"
"gisele.hassey@edu.tbz.ch"|"VxJJ%&-SzY&Ng-6YmKUR"
"oceanne.booley@edu.tbz.ch"|"mr#bPy-eOpohM-BlYhpP"
"oerjan.dibden@edu.tbz.ch"|"Goec2G-zVOL7n-gTlqmQ"
"regine.ocleary@edu.tbz.ch"|"BLP2v3-QFF6ya-KbkC1F"
"selene.persse@edu.tbz.ch"|"Yg$#X$-JF3MG8-sa8Jar"
"helena.adenot@edu.tbz.ch"|"@uudYH-k&rAK$-tcI8Zj"
"maelann.wassung@edu.tbz.ch"|"EIxiGm-Xx6law-fQx%oQ"
"frederique.ackermann@edu.tbz.ch"|"nV9KyP-ZXXfil-os90Q1"
"audreanne.kahen@edu.tbz.ch"|"VOOVrX-6AdSt0-2gn4x4"
"maiwenn.lasty@edu.tbz.ch"|"lpmOhS-6owt&c-iv9sEI"
"yu.dictus@edu.tbz.ch"|"ZrcSAe-Vr3XXc-lSCYEj"
"anae.dukes@edu.tbz.ch"|"dV&PMT-coQjYn-uQX0iq"
"yenora.warr@edu.tbz.ch"|"4#Qbcf-WTxoqS-GfaPkH"
"esbjoern.archibold@edu.tbz.ch"|"#e#vL$-fHN2x9-75jYmZ"
"milena.pardal@edu.tbz.ch"|"MBfblQ-bpQt3s-#UOZON"
"celestine.graveston@edu.tbz.ch"|"kH2NxV-tx%x7D-j%tkHv"
"maena.dallas@edu.tbz.ch"|"wh#Rkv-&dDhl&-G&CGag"
"andree.tuke@edu.tbz.ch"|"3pusoK-HVzDns-JWo@pv"
"methode.seldner@edu.tbz.ch"|"G9Vinv-aY%dd8-QYqn@9"
"venus.bullas@edu.tbz.ch"|"#l1WOi-LK2lBJ-#5J#64"
"mans.aguirrezabal@edu.tbz.ch"|"5RhXPD-JHBdoL-BUXhO5"
"gaelle.eadington@edu.tbz.ch"|"cQQEPJ-XjdW1t-cGq%yh"
"anaelle.falkner@edu.tbz.ch"|"0l02KC-nWJbn2-2GzvuR"
"ophelie.height@edu.tbz.ch"|"sJaRUY-F17Jde-raHc9s"
"marten.bolding@edu.tbz.ch"|"aQ4MU@-q4k8kC-MWBgjp"
"pelagie.guswell@edu.tbz.ch"|"u7rI#t-TVc0Fy-XzIMQM"
"gwenaelle.lecount@edu.tbz.ch"|"UQs4qS-$IaaN%-&&ODVq"
"hakan.laden@edu.tbz.ch"|"N0$z$S-r%BG&1-9magay"
"marie-josee.hylands@edu.tbz.ch"|"DRaNE3-s7kg1$-&D5FCb"
"zoe.kingshott@edu.tbz.ch"|"3HH3rc-DyEuw#-CuxB6a"
"josee.janous@edu.tbz.ch"|"XBMHMU-6TdHin-aTJVqH"
"laurene.gallally@edu.tbz.ch"|"hr62O$-hzqzVQ-kr17xZ"
"anael.bickle@edu.tbz.ch"|"v#5pja-L8$YCM-Jj9KtN"
"mediamass.lebbern@edu.tbz.ch"|"Vvjz1v-@MkoNu-Puohll"
"berengere.hovy@edu.tbz.ch"|"Q@3YP&-i54GQY-raWXOw"
"oerjan.kilmurray@edu.tbz.ch"|"0vYfhM-A33lAM-@$eDto"
"asloeg.venny@edu.tbz.ch"|"ZM$7Hb-NU0mD0-EEY#UR"
"marie-noel.stoad@edu.tbz.ch"|"&PZywE-XbQjda-UTlckW"
"hakan.pettifor@edu.tbz.ch"|"zng$3Z-KucR4i-EvBFxu"
"maella.willgrass@edu.tbz.ch"|"o8zN3E-YWFkFu-X46X6l"
"therese.ludovici@edu.tbz.ch"|"9dvBkO-4h#p4y-sOCUKj"
"stephanie.trewhitt@edu.tbz.ch"|"UoRnMV-sGOUoV-pxF269"
"maerta.bauduccio@edu.tbz.ch"|"8Cu#lZ-z8K1VI-H4#Aps"
"gaetane.glaisner@edu.tbz.ch"|"@NPlcT-mv2n7Z-A@@OE1"
"naeva.pargeter@edu.tbz.ch"|"t@763%-xjlivh-Zljofx"
"salome.venable@edu.tbz.ch"|"B#mMMI-U0URFR-RRJjbm"
"boerje.thickett@edu.tbz.ch"|"OsbfkH-v0alHK-JmuO8n"
"lucrece.prendergrass@edu.tbz.ch"|"UOVyHd-&8qvv4-c3ct82"
"laurene.ockleshaw@edu.tbz.ch"|"Ldmu7X-R67989-S4vBS5"
"cecilia.pasticznyk@edu.tbz.ch"|"IXr8og-xpOukA-kQldpV"
"stevina.mackey@edu.tbz.ch"|"uiSwyS-5PD7nt-k48ne3"
"marie-noel.reven@edu.tbz.ch"|"Dye5pf-jGnA8i-R4tmxj"
"melina.quilkin@edu.tbz.ch"|"7AlgIK-e8vOOY-wAlr@H"
"marie-noel.ferrie@edu.tbz.ch"|"pWhQtq-ZeJqx0-7DKyPE"
"leone.alphege@edu.tbz.ch"|"gUi94w-5jTY@L-XF@ZVT"
"zoe.leverson@edu.tbz.ch"|"usaWBU-z#IEfz-M$GiTG"
"annotes.grayne@edu.tbz.ch"|"2Y0JdS-BQxPQT-YwF09O"
"faites.lalley@edu.tbz.ch"|"tujy0T-Z5NPnH-w5EGF1"
"adele.wallis@edu.tbz.ch"|"bjdXwL-gSNg&d-vVOLB6"
"severine.madill@edu.tbz.ch"|"RYjfq7-hCV38a-NKwWEe"
"valerie.tebb@edu.tbz.ch"|"c5BYBI-NeT4LS-fsXrHf"
"kalliste.rasper@edu.tbz.ch"|"dx9QBn-v7f#qd-HIPPX0"
"audreanne.palomba@edu.tbz.ch"|"VED@Ty-VWjPF#-J2ltBa"
"elea.adamik@edu.tbz.ch"|"%@eTxD-D6lYpv-AJNRl8"
"reserves.jakuszewski@edu.tbz.ch"|"fPDyKV-j1dN5r-k@wDti"
"athena.belhomme@edu.tbz.ch"|"rQO9yo-l7yPfT-$LpSoV"
"rebecca.crippin@edu.tbz.ch"|"hl#PBL-qltQkS-1bnRYT"
"maiwenn.curman@edu.tbz.ch"|"pCJx2K-BxtO8@-%&REYm"
"andree.bunner@edu.tbz.ch"|"KAK9&C-cAXMn8-r@oCPz"
"ruo.winckles@edu.tbz.ch"|"i$Ztlo-5FOoMF-yEBT@y"
"naeva.buntine@edu.tbz.ch"|"sCbqow-zF0IdC-QJpLxg"
"boerje.dollard@edu.tbz.ch"|"dUtkil-1hxT0h-MaDeTw"
"penelope.gorman@edu.tbz.ch"|"ECc3ks-JDq6oB-tqrF5M"
"alois.robelin@edu.tbz.ch"|"TkLN2%-MOXvXb-fpXoyA"
"anaelle.tindle@edu.tbz.ch"|"8qU#e0-Fo@Gdi-DHmt$v"
"ye.frears@edu.tbz.ch"|"q&m1gs-SQIcGh-P$EKGP"
"andree.ovid@edu.tbz.ch"|"ZREIZr-TP20jo-FQOUgf"
"hakan.peat@edu.tbz.ch"|"qw42b@-hwwqdN-VAAfX3"
"andre.januszewski@edu.tbz.ch"|"AV70b1-JQIuud-OPkwHB"
"annotes.clemmett@edu.tbz.ch"|"kJxm5M-8KQI@t-cBMuyN"
"pal.lambswood@edu.tbz.ch"|"dPWieo-yvJV@A-wCyLV4"
"yao.lenton@edu.tbz.ch"|"NOEqni-1f$ryJ-8lx7$X"
"hakan.boyton@edu.tbz.ch"|"w8CscV-Dk%$iJ-di35YW"
"nelie.forsey@edu.tbz.ch"|"tnD6HC-caMq9e-FvOgYq"
"hakan.horche@edu.tbz.ch"|"3UNa&N-Mh$GaW-1qxe%o"
"lorene.sinkings@edu.tbz.ch"|"8qlax1-Q8FRSh-Dw%690"
"marie-therese.creddon@edu.tbz.ch"|"ifXu$b-EsxL8A-MZJ0pE"
"berenice.tolworthy@edu.tbz.ch"|"@b#Igh-A#g6c4-#RkE8L"
"theresa.land@edu.tbz.ch"|"r$IFPM-E%3UQT-Z#dlU8"
"marie-therese.gianilli@edu.tbz.ch"|"#yKyk7-jzQqSg-a3xKhu"
"meryl.glew@edu.tbz.ch"|"xoNDiu-WgGtuE-WHvKC8"
"adele.debling@edu.tbz.ch"|"Dm7OeH-@1$hFn-JX8L#$"
"anae.metzke@edu.tbz.ch"|"0YK#h0-PfyxvG-@76HQj"
"gaetane.gooden@edu.tbz.ch"|"wpll3h-K1Y$@V-j5LRmL"
"laila.bootland@edu.tbz.ch"|"Z02nEj-7vjT#%-1nSZru"
"maite.helsdon@edu.tbz.ch"|"IDwKm@-sAK8At-6C1M%b"
"andree.malley@edu.tbz.ch"|"E$wrsF-kxllgf-&Qf#q9"
"pal.simmens@edu.tbz.ch"|"1GHOAD-RL90C0-yf7DvZ"
"maelys.nuccitelli@edu.tbz.ch"|"BGJg5X-@NvkDd-flY3m9"
"dafnee.sibary@edu.tbz.ch"|"qv1KLU-%lC7Ti-Qhe5xH"
"alois.harsnep@edu.tbz.ch"|"sow9oM-STlL2y-GjfUvA"
"marie-helene.lacky@edu.tbz.ch"|"3@Lm$L-xv9mnm-7HOmPv"
"mylene.youthed@edu.tbz.ch"|"3Z#LB#-Ty4OGB-ZnJRPH"
"marie-helene.dehmel@edu.tbz.ch"|"weawq%-7QSlGm-QRDCme"
"angele.batman@edu.tbz.ch"|"1$aOIY-heql$m-5xQGOX"
"melia.younghusband@edu.tbz.ch"|"bqx7$0-ebQqAZ-xyEYAx"
"eloise.baldi@edu.tbz.ch"|"Z3JZlW-@KeJqj-@j1NAR"
"illustree.dun@edu.tbz.ch"|"S6Vt39-2y0NZn-JT$dUD"
"genevieve.late@edu.tbz.ch"|"0thk4j-F48KQc-8KZXMa"
"celestine.colville@edu.tbz.ch"|"r%m6Zx-MwgI2y-xGYrZc"
"gwenaelle.scarlon@edu.tbz.ch"|"T9aSn9-ABX9xW-fEf0fZ"
"regine.boddie@edu.tbz.ch"|"ym9aiU-rrNA50-TFbyJq"
"creez.gaughan@edu.tbz.ch"|"O7bO37-wC%xYB-CTeh&B"
"gaia.longford@edu.tbz.ch"|"pT95id-FHxJtf-6YLs1H"
"mailis.buckby@edu.tbz.ch"|"GNPyxR-pSo6Lq-qgKIli"
"song.parbrook@edu.tbz.ch"|"bBdFSm-phEUZp-@L@EQa"
"frederique.heddan@edu.tbz.ch"|"2AohBc-sY1yQJ-ddUT1R"
"ake.kirtlan@edu.tbz.ch"|"6Z8Ny2-t634du-@SeQvc"
"nelie.runciman@edu.tbz.ch"|"IMqNiu-3149fJ-wD0tSu"
"mailis.cardnell@edu.tbz.ch"|"Nae58Y-JV657F-1%8QQZ"
"irene.navarro@edu.tbz.ch"|"m%#naU-fwSaBk-MuGDMM"
"maite.cough@edu.tbz.ch"|"K6H$kQ-zeusRl-fdk68G"
"anaelle.stocky@edu.tbz.ch"|"@BCHJn-vHBw7O-GDifoA"
"methode.moulder@edu.tbz.ch"|"ZIn01J-9iuwnm-dQE#@b"
"po.stafford@edu.tbz.ch"|"ODmqfA-aevlA@-fuY8gw"
"faites.scraggs@edu.tbz.ch"|"9#UtS1-mi7Bwo-NdZ5is"
"adelaide.dullard@edu.tbz.ch"|"8LNhVb-XCKI8H-BTnJSN"
"desiree.leonard@edu.tbz.ch"|"z6$v6C-KH01Lv-&4SPwS"
"geraldine.badgers@edu.tbz.ch"|"c8FFgH-SxKqrl-k%%h0a"
"ruo.masic@edu.tbz.ch"|"XhZLxH-M57ysz-y%PYOl"
"aurelie.lieber@edu.tbz.ch"|"xmBnh@-Irg3FX-ust8LY"
"naelle.balcock@edu.tbz.ch"|"vkm#7a-y0#Pmk-rh9DMX"
"camelia.elger@edu.tbz.ch"|"#mZ3Z5-t6Veim-Y&QbJJ"
"publicite.oakeshott@edu.tbz.ch"|"NDWuzS-0qLG3D-sRh6wP"
"cleopatre.fawley@edu.tbz.ch"|"xOPrcP-@lWcY5-2yiMbR"
"laurene.bruckmann@edu.tbz.ch"|"pmYFyd-GqDC4r-QUsv@q"
"rui.haughton@edu.tbz.ch"|"z12IDg-z2xEEi-Ly1GBu"
"asa.ladewig@edu.tbz.ch"|"d@xcmR-047XaS-2FN$vj"
"gisele.janecek@edu.tbz.ch"|"F#WtHf-sgnTk#-bj@HuD"
"maily.loveridge@edu.tbz.ch"|"qr9k2o-mC2Rcy-%IxEca"
"marie-eve.yurkiewicz@edu.tbz.ch"|"4p67&U-D2Uc@t-ze2vqS"
"fei.roder@edu.tbz.ch"|"AqaIuj-YuoIWa-pYx@t3"
"edmee.chatburn@edu.tbz.ch"|"PaD@xI-oQdbO#-H@wo7A"
"geraldine.darke@edu.tbz.ch"|"aSl5CP-QNOpQ7-22mfDk"
"ye.jira@edu.tbz.ch"|"Snlhtj-%s9Gav-6umJ7b"
"publicite.persent@edu.tbz.ch"|"8DS@%h-5Sra9u-sbUIH%"
"severine.wilcox@edu.tbz.ch"|"5JjrTh-#KQtmT-$b%Z08"
"yao.mcclaren@edu.tbz.ch"|"jn1Ok$-IPOsDa-sRIftk"
"theresa.foynes@edu.tbz.ch"|"wAorqw-SEUo6Z-TQosZx"
"stephanie.isley@edu.tbz.ch"|"sRTpl8-k67wLC-753ZtJ"
"torbjoern.growy@edu.tbz.ch"|"ay&Y6w-OyUg1Z-fRjupq"
"eloise.tunnadine@edu.tbz.ch"|"M5CYP7-K5Hk2G-1s2@zf"
"maeline.cossentine@edu.tbz.ch"|"gcyC8J-$kp23l-335hU2"
"nelie.desantos@edu.tbz.ch"|"mGXy7p-Ex6XOJ-nKU@tz"
"gaetane.axston@edu.tbz.ch"|"5rgCT#-mdb6sH-3n&hmt"
"aimee.merman@edu.tbz.ch"|"D8kKpL-&#KtyK-R7&OKe"
"oerjan.drivers@edu.tbz.ch"|"4Q%LPR-#uqS5n-yxvKSb"
"aimee.miroy@edu.tbz.ch"|"wGywHM-$N8q1w-3OTzEr"
"nelie.glyde@edu.tbz.ch"|"3D%AU5-9cwKzd-xXK863"
"hakan.kapelhof@edu.tbz.ch"|"vU#PaF-8pksDD-aJ56db"
"maelyss.cauley@edu.tbz.ch"|"43NilS-XQBisp-115QS3"
"elea.vaggs@edu.tbz.ch"|"RX3978-OKpbWu-DWtxFK"
"maelys.but@edu.tbz.ch"|"BKBthc-wSxZCq-JvaybV"
"maella.arthurs@edu.tbz.ch"|"o%Xwpu-kN692l-5JCm6w"
"adele.liebrecht@edu.tbz.ch"|"EluRo5-Ms&AVX-t%IGZt"
"meline.lomasny@edu.tbz.ch"|"HRw4zF-PI2#6s-Ahy$$8"
"mediamass.schwant@edu.tbz.ch"|"9T57P6-KzIKC3-CXGB$R"
"leone.saunt@edu.tbz.ch"|"m403O7-esKV%b-vn$58p"
"annotes.gouch@edu.tbz.ch"|"&Mg&uN-PjabcE-gS5%5P"
"gaetane.bowich@edu.tbz.ch"|"qDY23w-vuWJtu-i4DUBi"
"alizee.strelitzki@edu.tbz.ch"|"&1pq0K-ES5mPX-sWOrx3"
"leone.poile@edu.tbz.ch"|"Yyvjyi-5eAAHK-n0tE$1"
"amelie.saban@edu.tbz.ch"|"KEMKFa-4VWqVR-WyhoDI"
"marten.mcmenamin@edu.tbz.ch"|"1J7YIL-mEeQvN-Co@wY&"
"becassine.keets@edu.tbz.ch"|"0VaKwx-KOZ1CJ-4fE3$3"
"celine.million@edu.tbz.ch"|"HgKPQB-6FGQ2Z-TLOhIv"
"geraldine.belitz@edu.tbz.ch"|"uQ#Sae-dIOGHN-#GcwPz"
"salome.mardling@edu.tbz.ch"|"%QZ7Yo-hm9R$M-lvjauQ"
"melia.blakemore@edu.tbz.ch"|"F&UoKT-XNyLiH-QDs3ZG"
"dafnee.mcaulay@edu.tbz.ch"|"M92ZRJ-LbVhLO-yhvKZ6"
"garcon.dennett@edu.tbz.ch"|"uw1Dnq-L2zJr%-LhiJZy"
"interessant.lesor@edu.tbz.ch"|"zvdcZC-L6I1gU-&tI3GG"
"annotee.wasbrough@edu.tbz.ch"|"iX6qHg-5zz@zv-Riq&1J"
"asa.ibbeson@edu.tbz.ch"|"@LUyK2-jR&uKS-xigpVy"
"maily.kennealy@edu.tbz.ch"|"5n$fT&-h6CnsT-$FMtIU"
"ye.seares@edu.tbz.ch"|"xCGWz2-Wh4Ui5-E%wIYu"
"athena.harbron@edu.tbz.ch"|"PazMaY-rPui#m-wVckZx"
"andreanne.portail@edu.tbz.ch"|"kA9nHN-C&$J%#-%gnQyD"
"goeran.zannelli@edu.tbz.ch"|"%6q$01-sck$m5-gVctR5"
"gerald.leathlay@edu.tbz.ch"|"8A@Q5F-8f3Slj-pGDQdK"
"andreanne.chown@edu.tbz.ch"|"AKmp1K-4lw12p-yW6d6J"
"esteve.clementel@edu.tbz.ch"|"v$KAw&-asJacF-Hk1e4K"
"leone.legan@edu.tbz.ch"|"#xNCYS-NzwHvZ-TK5rxB"
"maena.pownall@edu.tbz.ch"|"MKdE0w-tVvaSt-87mt$B"
"andree.rettie@edu.tbz.ch"|"epw1hq-I79o@K-FWEJ5G"
"ines.kenwrick@edu.tbz.ch"|"DsAeDt-fUIYWW-XodirA"
"marie-helene.yarnall@edu.tbz.ch"|"4Tf29O-xRSNB@-VJSUt0"
"po.martin@edu.tbz.ch"|"dGTnRh-H%BH@X-LGnbVu"
"ruo.celiz@edu.tbz.ch"|"1deT8z-je4sn9-eywo&L"
"po.bissett@edu.tbz.ch"|"Qp5fFa-jhfyfx-eCEE8Z"
"du.swindon@edu.tbz.ch"|"o$wr6@-RL$BvS-Cht5dL"
"interessant.gouldthorp@edu.tbz.ch"|"DxrOCd-FJ&wA1-tj9nBV"
"leandre.lilburn@edu.tbz.ch"|"mGTZlh-uE59Cm-61VdKd"
"bjoern.whales@edu.tbz.ch"|"hmu0Ug-6k4VKF-Q4IkUg"
"interessant.dieton@edu.tbz.ch"|"uZ#C&N-JxmSnl-WcmHXB"
"celestine.redhills@edu.tbz.ch"|"mTcnh#-ssMTqk-KFLQ84"
"tan.yakovlev@edu.tbz.ch"|"WEqwje-$OeYuD-&rl4IG"
"regine.mcdowell@edu.tbz.ch"|"n0S#cq-Qog2JO-DVO@4e"
"ju.coysh@edu.tbz.ch"|"D%HPKN-NBtWDT-je6blV"
"reserves.ofallon@edu.tbz.ch"|"WA0AJk-ns@h1B-Ti@iUP"
"frederique.sobey@edu.tbz.ch"|"0OUEEw-T2w&Uo-lNuPmo"
"marie-eve.garstang@edu.tbz.ch"|"%9JssM-dvwAxd-H#@LpQ"
"andre.tapin@edu.tbz.ch"|"Hv9#G6-ayXhFc-995tJv"
"esbjoern.eynon@edu.tbz.ch"|"9hR$W%-DjuMxr-2kULHW"
"maella.duffy@edu.tbz.ch"|"O4G&tK-waYsB@-9rxyRZ"
"leandre.twinning@edu.tbz.ch"|"gr%f@n-iYpBo%-D$#5j6"
"mai.whittingham@edu.tbz.ch"|"ONNNyJ-Eq3Bnh-oEwIpA"
"rachele.shevelin@edu.tbz.ch"|"kabowg-V7P3G#-hCztZp"
"cecile.mcure@edu.tbz.ch"|"gIbSwE-rO80FP-B65KPT"
"marie-eve.yurkevich@edu.tbz.ch"|"YzFOEq-QavYmR-o4NBpK"
"almerinda.paice@edu.tbz.ch"|"KaGhAV-4vvkns-hGxxv5"
"rao.howkins@edu.tbz.ch"|"1DCeY$-l6z@Dz-Q6BFVw"
"serena.pack@edu.tbz.ch"|"Licr8f-MOnnMO-EH5RvY"
"rebecca.mant@edu.tbz.ch"|"8$b3jr-tBzK4i-$V38wb"
"reserves.spitell@edu.tbz.ch"|"65MR5$-B%VDGa-nlcEnR"
"garcon.hamfleet@edu.tbz.ch"|"X$7%YM-XxMpC2-f8&d#n"
"methode.kerkham@edu.tbz.ch"|"o4W%Da-Gwe5dZ-mobs%&"
"pelagie.camies@edu.tbz.ch"|"WXYa9s-bcEjgg-AQWmZg"
"josephine.macpharlain@edu.tbz.ch"|"z7Da%8-X$t935-qo%tx&"
"eugenie.mathet@edu.tbz.ch"|"CYnJ7L-vk5DTL-r5NxH1"
"gaetane.brangan@edu.tbz.ch"|"NNhygP-4FXP@x-0wx5nH"
"michele.dewbury@edu.tbz.ch"|"UPA0dN-ewV#ny-5Bfbvt"
"eugenie.elcott@edu.tbz.ch"|"$BhHEc-NZgjIA-&#pH50"
"megane.harniman@edu.tbz.ch"|"sWis#t-6wt9@D-yEMsLK"
"agnes.cluney@edu.tbz.ch"|"kMsCBF-Mh&nQ6-fMD5Ec"
"marie-helene.angear@edu.tbz.ch"|"kkLj2b-3MxEcw-PgmFVX"
"melia.dolphin@edu.tbz.ch"|"0FxKw#-7za&#n-h2gIat"
"lois.ruseworth@edu.tbz.ch"|"lZ2632-rkm3QL-4#N3uZ"
"mailys.ryding@edu.tbz.ch"|"E%3yqb-$oVeSG-KP#bio"
"rachele.wulfinger@edu.tbz.ch"|"2$Fezb-4JyI8R-oDpItx"
"gwenaelle.talton@edu.tbz.ch"|"&q3x$F-fzIGBb-Q5EM6$"
"long.ronchetti@edu.tbz.ch"|"uWUwYx-K5R5ju-0Uk84Z"
"styrbjoern.kloska@edu.tbz.ch"|"JRXPE3-cJ7YgD-nRd8%B"
"len.sudran@edu.tbz.ch"|"@eCcBe-2MS#d0-vuowlV"
"maelle.andrysek@edu.tbz.ch"|"ukIH@v-toJImA-VWkKiS"
"selene.senior@edu.tbz.ch"|"3ck2Zl-X0V0PD-InD7Au"
"anais.joskovitch@edu.tbz.ch"|"RoMPCT-&@d$tM-ul$gH5"
"marie-noel.dally@edu.tbz.ch"|"CDJa0K-&QR95I-&TbTZq"
"marie-helene.laurence@edu.tbz.ch"|"EP%7af-&RRKv@-vQnz7l"
"camelia.foxon@edu.tbz.ch"|"S@2@&M-%G3Xs9-rxfYp@"
"helene.cankett@edu.tbz.ch"|"cRrayA-i2e@Ps-IwZGSG"
"marten.mitchelson@edu.tbz.ch"|"$IhYpw-Bc32Wa-Y1DxUE"
"helena.stirtle@edu.tbz.ch"|"#Nib06-EP&Qra-tkE6e3"
"leane.barmby@edu.tbz.ch"|"GUldys-y0yEsG-8lBhAO"
"goeran.ofinan@edu.tbz.ch"|"FmUiju-E%rQVa-wU9wZZ"
"styrbjoern.proby@edu.tbz.ch"|"ddDwv2-jF3TB1-EDiaI8"
"zoe.halse@edu.tbz.ch"|"pRNdVe-RPl5Gf-KwZSxe"
"kui.drable@edu.tbz.ch"|"8wq$8F-JXfvyE-U$sted"
"desiree.bamford@edu.tbz.ch"|"8SD@Ak-Hfuo&i-nwtFlC"
"zoe.suller@edu.tbz.ch"|"xfRVT5-tMhOAv-KnuwjQ"
"marylene.audiss@edu.tbz.ch"|"7yilI7-rfZL$U-Ou2zsj"
"adelaide.poznanski@edu.tbz.ch"|"by2S0y-WXYIxZ-dfp1Iy"
"maella.coleyshaw@edu.tbz.ch"|"HTz405-gYFEKT-hB#gXo"
"marie-francoise.gelder@edu.tbz.ch"|"eT2E2t-vLeBW3-H3Q#F&"
"eleonore.chaffyn@edu.tbz.ch"|"kf%2TS-Mzmv%V-to3gLQ"
"celestine.sikorsky@edu.tbz.ch"|"&JIJcw-M5Ijvh-KLj4Ti"
"stevina.londsdale@edu.tbz.ch"|"OZ%w#w-7Bj$7E-%a3c7i"
"maiwenn.nevitt@edu.tbz.ch"|"frsc&&-$Lzlgo-SbmyxU"
"magdalene.gerrey@edu.tbz.ch"|"o6F05b-a&gH7o-sd89TJ"
"becassine.latimer@edu.tbz.ch"|"bVdpzY-XUIjOb-gjRjVK"
"da.lethibridge@edu.tbz.ch"|"1kg#%I-pjOcp5-F6k6og"
"mailys.claige@edu.tbz.ch"|"wia#VI-O6YBr2-K2al&S"
"maena.torbard@edu.tbz.ch"|"xUBQKq-Uc7zE6-5RARre"
"solene.lyvon@edu.tbz.ch"|"h#KBK0-sVGM8Q-I8Y5NO"
"marie-therese.benbrick@edu.tbz.ch"|"rQXgae-&qNBpx-XWd462"
"gerald.edmonson@edu.tbz.ch"|"S04aB0-AUqrff-dHBTzj"
"ake.messruther@edu.tbz.ch"|"hGfgyU-IjD@jD-%d0tDT"
"men.gosneye@edu.tbz.ch"|"&ESjds-IGy06r-5GO9vw"
"anais.jefferys@edu.tbz.ch"|"UCBhTW-&cT7iE-5Gd6i6"
"publicite.tregale@edu.tbz.ch"|"fJK7rf-LxGuJz-eBoKhn"
"maily.santorini@edu.tbz.ch"|"N@SNZt-32$9e3-oA5RE7"
"ines.pioch@edu.tbz.ch"|"yL3g3L-yYSauM-jmkzRM"
"noemie.marklew@edu.tbz.ch"|"57I0wi-2P&pp%-4J2eJa"
"meghane.maccaffrey@edu.tbz.ch"|"8o5lB9-jhHg@u-s4j&rr"
"berangere.ambrogio@edu.tbz.ch"|"@vjhj%-#uK&Jo-2x8wGd"
"mediamass.ryce@edu.tbz.ch"|"rpPCvM-8$cJ@r-yq&EXE"
"oesten.ubank@edu.tbz.ch"|"JsnTTh-bdGYHA-ggcjPk"
"melina.mackee@edu.tbz.ch"|"JNGDPp-5@IsN5-bc993$"
"theresa.livezey@edu.tbz.ch"|"Ki#JmL-3jINBI-tvfCnm"
"clemence.weal@edu.tbz.ch"|"z%ZhXL-tM8Dtj-WtB8h@"
"faites.overton@edu.tbz.ch"|"3&zJem-h7Rswq-@%Da8x"
"clea.lindblad@edu.tbz.ch"|"3qCGz@-j%Vvtx-2&DV2&"
"josephine.roseaman@edu.tbz.ch"|"#7ZBLs-MPqy8E-0MxlW%"
"oesten.lowbridge@edu.tbz.ch"|"J6oM6B-Py34qf-9V1F3c"
"marie-josee.brion@edu.tbz.ch"|"xy2ggu-HR28Uh-lex9gH"
"therese.basili@edu.tbz.ch"|"H0uOjD-urqzYF-HkwOcS"
"melia.vertigan@edu.tbz.ch"|"VFCQPL-JS0QEC-pW56CL"
"judicael.saull@edu.tbz.ch"|"Ebwdfe-2rk@Zq-opSHuM"
"selene.valentine@edu.tbz.ch"|"wJOdDm-BxjeKc-g0bpTY"
"verane.dunlap@edu.tbz.ch"|"MmbVBB-dAVEBU-5M#NVe"
"meline.kinnear@edu.tbz.ch"|"kACVP0-X2$nqU-MMgakp"
"lei.luttgert@edu.tbz.ch"|"Hb%uaX-eo2wnb-b1IbyK"
"styrbjoern.lathleiffure@edu.tbz.ch"|"Mp55E@-jbGLRq-8Q2NWt"
"marlene.blasi@edu.tbz.ch"|"L9Y$5a-wREJP6-luM2Wn"
"mai.begwell@edu.tbz.ch"|"5Os1X6-MilxCT-Jg2paA"
"gwenaelle.kaines@edu.tbz.ch"|"vT$iW2-ePix5L-IvjkIJ"
"gerald.adamthwaite@edu.tbz.ch"|"ZAOBm&-As8NF3-EATVP2"
"kui.hartfield@edu.tbz.ch"|"&KLtXq-qQBYvF-IhMC@b"
"salome.currao@edu.tbz.ch"|"ZCbYFX-C7ml04-n7RvvO"
"angelique.tixier@edu.tbz.ch"|"ARrl6b-w%yxN&-3jp0Zh"
"ju.mcgragh@edu.tbz.ch"|"toXvkJ-82Z1nT-lI3YyC"
"dafnee.beachem@edu.tbz.ch"|"tH%kCM-ELk0@m-RLvunx"
"creez.terlinden@edu.tbz.ch"|"ivvlzd-ysRwSC-kpxDt0"
"uo.mcskeagan@edu.tbz.ch"|"hXNPkD-A#3yJ3-J$pJ1n"
"edmee.mccaughren@edu.tbz.ch"|"5r6hhl-u6PjkM-HEWQPc"
"asloeg.cozby@edu.tbz.ch"|"ANmX6p-mgXlXg-iQUBjz"
"melodie.traite@edu.tbz.ch"|"Q5sIYv-SQ4tNv-kWdqQO"
"dorothee.aindriu@edu.tbz.ch"|"jOd&ae-EtTUzy-vqf#hg"
"daniele.doley@edu.tbz.ch"|"K8m8WZ-yx7jUe-GV&$F&"
"mediamass.fairclough@edu.tbz.ch"|"0#5C6m-e$u4s4-JC0gk#"
"lorene.rainforth@edu.tbz.ch"|"%CPSuy-2cAH#X-5EcYre"
"leonore.eyer@edu.tbz.ch"|"Fn2MSK-mgrLh0-1ScnNJ"
"po.spillman@edu.tbz.ch"|"gAo0U4-E5YVPv-OAkkQK"
"cecilia.plitz@edu.tbz.ch"|"juk6V6-ZaSoVu-6yIrbT"
"lorene.ludlow@edu.tbz.ch"|"f66k9D-mbGkz1-p%Ve4s"
"berangere.neligan@edu.tbz.ch"|"o&s6Ws-jxhIW&-JK2LA6"
"simplifies.huggan@edu.tbz.ch"|"iDS#IY-WUF1o%-Z7Ieir"
"clelia.prandy@edu.tbz.ch"|"xvYAUO-JRD2hM-MyZuuT"
"ake.osban@edu.tbz.ch"|"qXU5q9-o3iI#U-V7ScLn"
"cunegonde.brunn@edu.tbz.ch"|"cQP#Sw-No1uYb-U4f31s"
"long.grizard@edu.tbz.ch"|"grfjM6-ZGpU#N-6%bb2d"
"meghane.diss@edu.tbz.ch"|"N6iWEQ-kZX#wy-P@JZ@q"
"therese.oldman@edu.tbz.ch"|"&rAL3x-&4Zbb@-fV4YIG"
"boerje.scamerdine@edu.tbz.ch"|"32I5sI-O&cN04-Y93$nZ"
"du.saban@edu.tbz.ch"|"UqV0&@-ITIV#8-j&WdpV"
"hakan.clynmans@edu.tbz.ch"|"MqZ%&$-8Irg6x-WQ20U3"
"wa.macdowal@edu.tbz.ch"|"&ibl4G-OBN@zt-XihLqw"
"venus.hatrey@edu.tbz.ch"|"iHGdqZ-c&hj0B-RJz0Lk"
"anaelle.vispo@edu.tbz.ch"|"N%h%uA-UsS3Cd-Lbw%Ft"
"mahelie.ollcott@edu.tbz.ch"|"QHVpqm-0PYFy4-BcOj&Q"
"mediamass.whyman@edu.tbz.ch"|"9DlorY-dCPS#2-SOPE9m"
"esbjoern.basson@edu.tbz.ch"|"9zmtRS-ZhtaBg-vqNkNS"
"andrea.morrill@edu.tbz.ch"|"iEiwWX-k4bWBT-H5SRqB"
"melys.grassi@edu.tbz.ch"|"xoH2EI-Hh2&ef-%L7u7l"
"leone.poleye@edu.tbz.ch"|"wgbzfa-TPQg%c-IyfItG"
"francoise.penny@edu.tbz.ch"|"ePQ6Rd-EXR9wE-3db73o"
"rebecca.edney@edu.tbz.ch"|"RLH9ib-@vlLvb-5sKSSG"
"adelaide.murtagh@edu.tbz.ch"|"XoNvBo-@N$bz$-bpUZzc"
"stevina.winterbourne@edu.tbz.ch"|"HIqAx6-cHMApo-y%l@XX"
"ma.cottom@edu.tbz.ch"|"#UbsHt-7wiAFw-M%gylY"
"tan.harold@edu.tbz.ch"|"IixiTn-$Z2DJ5-&7ZccB"
"venus.forte@edu.tbz.ch"|"HCvLc5-UksN4R-8&10ER"
"almerinda.oluney@edu.tbz.ch"|"X@%zQi-g0aPix-aKy&Ao"
"cleopatre.brehault@edu.tbz.ch"|"I%#k&V-ZCoO1H-D9zH5v"
"interessant.lapides@edu.tbz.ch"|"scig1#-rHhjBp-i44OgO"
"reserves.hallatt@edu.tbz.ch"|"yj3vv9-K2CzkH-XZ&M0Y"
"annotes.birdwhistle@edu.tbz.ch"|"h3Bpps-vrFGww-zmx#Eq"
"ai.dredge@edu.tbz.ch"|"r0HjT8-I8%Zsf-lnvb6x"
"megane.mussard@edu.tbz.ch"|"Z6z8bI-rrFwm0-aTlSBI"
"esbjoern.gowrich@edu.tbz.ch"|"HxzZ$z-4sZ1zM-WEdQ#8"
"boerje.brislawn@edu.tbz.ch"|"rRYYqw-bxexG$-6zMMA@"
"becassine.wilce@edu.tbz.ch"|"hPbABT-Jgv3wF-mVS@%#"
"personnalisee.oels@edu.tbz.ch"|"9H7hUb-lN&uOm-pg#7QX"
"verane.pett@edu.tbz.ch"|"Vje6FE-7chHWz-@2GWQz"
"marylene.glewe@edu.tbz.ch"|"4JHZDx-muk7oy-A4ZBQ$"
"lai.elson@edu.tbz.ch"|"MG0uIu-D&UCQB-BN4Drf"
"serena.difranceschi@edu.tbz.ch"|"GADhWN-fi5S9%-wcdNm$"
"lie.espinel@edu.tbz.ch"|"TT%GOd-g$PZ9%-3L0weP"
"marylene.fantini@edu.tbz.ch"|"Nu&A2r-2E8fly-29jFc%"
"andre.archdeckne@edu.tbz.ch"|"$SLYKU-9WhFvU-n5S@Oe"
"goeran.bohlingolsen@edu.tbz.ch"|"u4kS$2-kK&Z%0-LSfECr"
"cunegonde.heffer@edu.tbz.ch"|"Z1HGjW-ytFjZd-1zePA0"
"tan.fechnie@edu.tbz.ch"|"&3D7BQ-lk&7bh-$v&3NB"
"marie-noel.brammar@edu.tbz.ch"|"4#rBW6-a%1wKt-TOOlAK"
"simplifies.aven@edu.tbz.ch"|"XsaI8c-gEVs3i-aoG#He"
"melys.pinchen@edu.tbz.ch"|"PHf8qt-kDM6Xn-5K4j4%"
"edmee.joyner@edu.tbz.ch"|"AP3pKb-ECFkBK-3ASb1v"
"berengere.edess@edu.tbz.ch"|"il&PG%-subV8Z-&29gm7"
"marie-noel.goward@edu.tbz.ch"|"Ie$EYV-7zjKn0-NPWOQ2"
"ju.edmons@edu.tbz.ch"|"4SFH0a-TKs$go-OC0HHq"
"frederique.airds@edu.tbz.ch"|"eEdKk5-cf&rl$-msdixn"
"reserves.dauby@edu.tbz.ch"|"6rG9Gh-&zO$%p-#dr5mn"
"hakan.gynni@edu.tbz.ch"|"dFn1sf-QE1yyZ-i&irHu"
"leonore.pinwill@edu.tbz.ch"|"dkYF2k-@j%4dN-p&wye&"
"marie-eve.mcallan@edu.tbz.ch"|"DYZYez-fuhGrm-9Xi8m@"
"naelle.yeabsley@edu.tbz.ch"|"RpBwCq-pni4Ta-EVRUsk"
"nelie.jacobovitz@edu.tbz.ch"|"pdsHEF-0EvAbS-pK@0WA"
"adele.conelly@edu.tbz.ch"|"sOc6Fo-s@L@DA-Mrznyj"
"clementine.dondon@edu.tbz.ch"|"v69AG2-C9nMMw-dO@GFx"
"zhi.willcot@edu.tbz.ch"|"fztZKu-$@hFI7-E9y@oZ"
"chloe.janicki@edu.tbz.ch"|"AnqpPY-5Byn6%-QcOdq7"
"meng.linde@edu.tbz.ch"|"8s8N37-%SXOyt-B&nd0g"
"celine.janisson@edu.tbz.ch"|"1F1NjU-Xzbu37-Gnje62"
"clelia.crow@edu.tbz.ch"|"swiPIV-KjurX$-ez5n#Y"
"cecile.pyott@edu.tbz.ch"|"UmVFsf-XC4Yeb-A@dsMz"
"ma.fidelus@edu.tbz.ch"|"YrOZ76-LLk%C&-tQ#cKC"
"marie-helene.poore@edu.tbz.ch"|"lYMrcZ-AYc@5Y-h$lOaT"
"elies.blanket@edu.tbz.ch"|"pm@B&y-%C#tq#-Rb1$nJ"
"yu.boyer@edu.tbz.ch"|"KLjUcy-0o4RBm-CJija1"
"celia.welds@edu.tbz.ch"|"Tu9ppK-pO7@Uq-h64D3D"
"du.gunney@edu.tbz.ch"|"Jx9v&M-vj8eml-gsIx42"
"goerel.crush@edu.tbz.ch"|"TGJCr9-geebl0-FZDd5b"
"marie-josee.brosius@edu.tbz.ch"|"x&W$@M-SigBWB-bgd6lH"
"camelia.adds@edu.tbz.ch"|"BG0ShI-bNgxIb-XzDd#O"
"anae.irwin@edu.tbz.ch"|"pGqhan-gxFcsz-pRlDVb"
"cleopatre.skeffington@edu.tbz.ch"|"QhF62L-OVBGd3-ajh1GK"
"gerald.suggate@edu.tbz.ch"|"FJyEGG-$dI8ZS-NONJyQ"
"laurene.tailour@edu.tbz.ch"|"HjRp@B-BXpBT$-OF#4sw"
"amelie.hoble@edu.tbz.ch"|"qQyTel-kSRPmB-nQpEli"
"venus.getch@edu.tbz.ch"|"B6c#Tg-Tc6Fjr-7wTWoh"
"renee.treby@edu.tbz.ch"|"#4QnaN-HO48nJ-L8UNRb"
"almerinda.stait@edu.tbz.ch"|"QE$5&z-LHnh9u-IqB388"
"andree.reddecliffe@edu.tbz.ch"|"YbzwMD-26bgRt-U52&yC"
"leone.wintle@edu.tbz.ch"|"3#11CX-Wx&#qd-ZVWSY1"
"gerald.fellow@edu.tbz.ch"|"S%Ktoy-28TyWC-FlLg3e"
"ju.gudger@edu.tbz.ch"|"sCKF5v-2pkXFR-3@hLuz"
"meng.ohaire@edu.tbz.ch"|"1fbGEl-w9IwjT-A#hfqJ"
"cleopatre.missington@edu.tbz.ch"|"6s8oTH-nJg6nM-6gZraM"
"annotes.debruyn@edu.tbz.ch"|"%m7Wmv-l10Lda-09AkGn"
"gerald.sinisbury@edu.tbz.ch"|"B22@av-gnCH$N-r5gCD$"
"creez.slora@edu.tbz.ch"|"qsRYgw-rK3Af@-cJVEHq"
"gisele.benbow@edu.tbz.ch"|"%O2U9I-Dr5vJl-jWOOaU"
"pal.dossit@edu.tbz.ch"|"lxcarJ-sJAoWE-gszDtd"
"nelie.stirrip@edu.tbz.ch"|"enXKn6-cBRkl1-JsjPvR"
"alois.ocrigane@edu.tbz.ch"|"Zq20ti-RRs88X-YNk32t"
"kui.mcterry@edu.tbz.ch"|"gNVHFM-pBXMn0-bIzkSX"
"long.willgoss@edu.tbz.ch"|"eW#CNE-zFSeeG-LyOlK4"
"francoise.sumpner@edu.tbz.ch"|"oF&G1M-4WGuR4-A$2hYF"
"maely.grinstead@edu.tbz.ch"|"t%xv58-ZI5mQH-7GxayV"
"creez.langeren@edu.tbz.ch"|"xKTL@c-ZThyiG-%R9OJM"
"adele.dungate@edu.tbz.ch"|"G$EN@R-vnU@6V-#gHHQx"
"cleopatre.noirel@edu.tbz.ch"|"j0gDlU-Ce63FG-RNLkql"
"interessant.daverin@edu.tbz.ch"|"WmZ542-KYHM4x-LYlqo1"
"naeva.kalderon@edu.tbz.ch"|"bc3SBI-U66GlQ-$uc3oU"
"anais.oshesnan@edu.tbz.ch"|"i6wmvF-uWAyFc-3Gyg#v"
"judicael.anelay@edu.tbz.ch"|"XVsL#z-Gq83Yl-u@mlc$"
"eloise.braxton@edu.tbz.ch"|"1U5rtG-jTllY0-#aQJKD"
"desiree.greguol@edu.tbz.ch"|"WoQHPh-pGSdD7-4qBff2"
"maite.mcclenaghan@edu.tbz.ch"|"OQT8i0-mY4XIT-$MGrOF"
"meng.doret@edu.tbz.ch"|"Ur14sL-0eeVv#-my3ELg"
"frederique.chippendale@edu.tbz.ch"|"U0EQLR-rzZqxZ-1&%6&@"
"andreanne.lanney@edu.tbz.ch"|"Uev3fP-KfGyxX-@RlvuY"
"aurelie.claus@edu.tbz.ch"|"qaj&di-Ossezv-iDJ9Oq"
"renee.pabel@edu.tbz.ch"|"v%t9wF-h4qAxJ-caHQy5"
"maena.roust@edu.tbz.ch"|"Hu#29Q-EC2uOm-CfY2T2"
"nadege.carwithim@edu.tbz.ch"|"EEjy%7-ES4roj-qS0ETd"
"solene.geyton@edu.tbz.ch"|"Qkg3ef-FhSo3s-sSkQvK"
"dafnee.avraham@edu.tbz.ch"|"ORJrkV-#qbH8a-KZRMMg"
"leane.woolvin@edu.tbz.ch"|"D7CshK-wtfYr1-uSJDT&"
"adele.macadie@edu.tbz.ch"|"XXrg0P-DiDbRk-LVDaWr"
"meline.rubica@edu.tbz.ch"|"Jnzbn7-uRbxx5-9ms&#E"
"marie-noel.speeding@edu.tbz.ch"|"nmTg0U-ARHsAv-mSJ7LO"
"nelie.mix@edu.tbz.ch"|"$KSI6z-q@oH3n-$&tYqi"
"clea.ollett@edu.tbz.ch"|"86v#N3-rkocZc-miZpR&"
"leandre.mcgavin@edu.tbz.ch"|"WoeztL-Gav$FU-WV2uk$"
"cecile.behne@edu.tbz.ch"|"PojgUY-cT@%Ir-@xI7cb"
"melanie.polle@edu.tbz.ch"|"073BLJ-28XgZB-ahgBI2"
"marie-josee.titmuss@edu.tbz.ch"|"Q&CJ&2-eh$3Mo-#PWcNu"
"helena.guest@edu.tbz.ch"|"gWsPlv-O60AE1-ZvkkqO"
"annotes.chicchetto@edu.tbz.ch"|"fejnuZ-9IxM4y-7Rkg%$"
"melia.tubb@edu.tbz.ch"|"4f&MTL-Y$@IC2-Br8dbF"
"angelique.casetti@edu.tbz.ch"|"6fgc4B-poF8M6-qLM5wj"
"cunegonde.cleall@edu.tbz.ch"|"X#1Dyy-IHc3r@-bWYJlo"
"camelia.oaker@edu.tbz.ch"|"o@TTyC-QP#BhE-IWUfu@"
"you.searight@edu.tbz.ch"|"2Qw$8P-@4XGIw-gfcg6f"
"kevina.dederick@edu.tbz.ch"|"j@k5ze-hJuf1y-PkKiym"
"milena.jeffrey@edu.tbz.ch"|"nYoGRA-rmuET7-qnOTtc"
"melodie.barkshire@edu.tbz.ch"|"BGU53%-w$0Lvc-DgU#se"
"gaelle.kreutzer@edu.tbz.ch"|"j%BVQP-njg$FA-3S%em1"
"kalliste.kleinpeltz@edu.tbz.ch"|"09ulu@-J9xzG7-l&RJi8"
"clementine.danat@edu.tbz.ch"|"2TAmfp-2wbzBe-oV2DUW"
"andrea.wabb@edu.tbz.ch"|"tI%6in-uW3pBA-cXxXrH"
"geraldine.piesold@edu.tbz.ch"|"6$LlJI-5a$SHl-Bxh3hB"
"tan.fiveash@edu.tbz.ch"|"20oOoz-aqxjOH-KzMFY2"
"meline.yuranovev@edu.tbz.ch"|"&eLHPl-Vpd35S-IQ5725"
"therese.holme@edu.tbz.ch"|"1fQRBW-&9aX&g-V7cd2q"
"salome.vaney@edu.tbz.ch"|"7%AtIr-oCdMJ0-7LsWQ&"
"anae.abramson@edu.tbz.ch"|"KQQ0Fk-wp2Gdh-mWCtEk"
"kalliste.jimson@edu.tbz.ch"|"4M0ch3-ynUZMN-l26RZV"
"selene.yole@edu.tbz.ch"|"nutja6-NRtNi5-ZMZtWt"
"agnes.defraine@edu.tbz.ch"|"Px16%Q-1LVd0A-VGG%GQ"
"faites.mccluin@edu.tbz.ch"|"P4y%UT-#eYRqN-#2al&4"
"athena.deme@edu.tbz.ch"|"swj6wK-ffs2Ha-djgZpt"
"daphnee.brigstock@edu.tbz.ch"|"2AHUg%-LFYJB#-8YB1fl"
"goesta.skaif@edu.tbz.ch"|"g4z5l1-yICSAt-TzZYoo"
"oceane.jagoe@edu.tbz.ch"|"WCX3qB-8A2Tn%-KDu5Lu"
"annotes.broomhall@edu.tbz.ch"|"sQ9XQ9-OhN%4Y-UXwNf1"
"marie-eve.ballendine@edu.tbz.ch"|"w98OIV-71Fopf-Y$Civ6"
"melina.spykings@edu.tbz.ch"|"7DXpoe-9oF%RK-EXRRjV"
"laurene.ticehurst@edu.tbz.ch"|"t4Z2tk-zy4lni-C#A3$T"
"fei.avramovic@edu.tbz.ch"|"jEU#H#-%v3b7T-zY#uXO"
"publicite.strathearn@edu.tbz.ch"|"LUvb3Z-BJ5Ayl-aEuAX4"
"torbjoern.garrow@edu.tbz.ch"|"n$3SIy-w3sDd0-G5Qag2"
"chloe.rubinsztein@edu.tbz.ch"|"VQ5kxU-VZplFC-zpBSdv"
"mylene.demanche@edu.tbz.ch"|"d4LhKf-#tJeQm-UQug67"
"mediamass.godlonton@edu.tbz.ch"|"ekmbfP-s2hubG-IvDTh0"
"renee.shurrocks@edu.tbz.ch"|"WUkrb8-d1JIqz-kObw&#"
"maiwenn.jedras@edu.tbz.ch"|"WIaZMq-wXj6BR-@5QF5w"
"genevieve.castells@edu.tbz.ch"|"djCpLO-wfYtNP-H&axfA"
"renee.sneden@edu.tbz.ch"|"zpwQjZ-rtifwI-m2idVk"
"lai.mccallion@edu.tbz.ch"|"7QlgJi-uCUBQO-TIGO5@"
"kevina.impleton@edu.tbz.ch"|"N9Wto8-NM31zE-5j4iFi"
"oesten.fresson@edu.tbz.ch"|"9PrfdX-008OCC-0OUj1v"
"verane.shawley@edu.tbz.ch"|"3R8XiV-jM&xHb-jboNni"
"uo.sjostrom@edu.tbz.ch"|"aM7Rjk-9gCkLv-&dAR2c"
"gisele.gothup@edu.tbz.ch"|"Z%kDnj-dnL#Ul-SeXZ5i"
"renee.beauman@edu.tbz.ch"|"4RyVMN-yXzepm-Oc32Sb"
"elies.loton@edu.tbz.ch"|"5mjOJj-Uy@G8U-Zxhn3Y"
"valerie.elsmore@edu.tbz.ch"|"0FM$$b-QZE#E9-MjG%@t"
"berangere.delafeld@edu.tbz.ch"|"qju0sn-P0iw0r-BjICE8"
"bjoern.schimke@edu.tbz.ch"|"k@beA3-u6GpE$-o9mMkx"
"loic.ericssen@edu.tbz.ch"|"RPQ7p1-Of%YdX-C7RNkk"
"creez.richarz@edu.tbz.ch"|"0Jt$Zq-WZMUZA-xMg1pS"
"athena.grocott@edu.tbz.ch"|"il5mOd-FJrnQQ-pwC&KE"
"naelle.piotr@edu.tbz.ch"|"dMPOdN-NwV5ER-YG4lsl"
"maella.paulson@edu.tbz.ch"|"z#Fvwv-Go8QB7-&jinPC"
"song.perot@edu.tbz.ch"|"uItfGt-YTCEJF-IzTmjk"
"kalliste.heckney@edu.tbz.ch"|"UhsvPo-bt9IbX-qDBQMp"
"ake.vasyutkin@edu.tbz.ch"|"FlPcqB-FQETyA-kHX1rz"
"ma.castles@edu.tbz.ch"|"Og7JdJ-riGBfW-QOU32d"
"maely.monget@edu.tbz.ch"|"uXpUrK-SXTUFq-pV3htS"
"tang.durbridge@edu.tbz.ch"|"588T4X-bMqNUX-FI%FO@"
"laurene.andrew@edu.tbz.ch"|"H07KcS-mRPU8t-M&Vuby"
"lysea.beacon@edu.tbz.ch"|"xfXV89-a3ZCao-kEYq2F"
"leandre.peyntue@edu.tbz.ch"|"KGPqn4-C7kpLQ-mOP$la"
"rao.trever@edu.tbz.ch"|"3zPR&C-AwBEzx-szEmey"
"mahelie.streader@edu.tbz.ch"|"221mkJ-e4l$Wy-MdcrqK"
"maerta.andrejevic@edu.tbz.ch"|"81KL&E-$Y5f7O-OyGw%@"
"goesta.tompkins@edu.tbz.ch"|"2YofgS-ylg%vX-nS6R21"
"helena.agates@edu.tbz.ch"|"2qEmYH-KMVz#F-Y14ROy"
"therese.glass@edu.tbz.ch"|"&p8ag0-jfHiU6-2WILVM"
"alois.foan@edu.tbz.ch"|"Y&$6CZ-7rf4YZ-3SgFqO"
"becassine.melchior@edu.tbz.ch"|"XT1vsg-51duxT-iMbOps"
"cloe.robart@edu.tbz.ch"|"HtUvZM-J@Gwym-7WpaJW"
"daniele.puckinghorne@edu.tbz.ch"|"NAaD@b-UcPZLF-vnOGNx"
"selene.cammidge@edu.tbz.ch"|"rFf99E-wI529T-8meL#x"
"regine.conochie@edu.tbz.ch"|"m6#g$k-tTesmX-NK2NXE"
"interessant.tuiller@edu.tbz.ch"|"MdlrM9-Jy2Kma-E81%da"
"long.tiebe@edu.tbz.ch"|"nMzIdV-iRG%eM-Bp2YPp"
"mans.yele@edu.tbz.ch"|"kOJIeU-YKp@dr-03Eq4X"
"ai.giles@edu.tbz.ch"|"kbBdMb-dWoDWX-fMd0kW"
"gaetane.hamberston@edu.tbz.ch"|"TK0oIk-zOn5R6-WTtXcv"
"marylene.fenix@edu.tbz.ch"|"gE5DjN-diLzLR-OzduSq"
"geraldine.graeme@edu.tbz.ch"|"#JN36r-geyn4F-b4N6HV"
"tang.kinglake@edu.tbz.ch"|"s5Wy$w-fhb1eM-ANg6Ta"
"lai.challoner@edu.tbz.ch"|"hMJOMI-DUl$6%-@PQGfY"
"desiree.mattei@edu.tbz.ch"|"Kn&GTz-yi0nOT-GNK4$g"
"ake.erley@edu.tbz.ch"|"5hceAr-hm&l@%-dyZuxS"
"edmee.cavil@edu.tbz.ch"|"KqG1UP-TtN1SY-w$9gEl"
"alois.moyes@edu.tbz.ch"|"FuN3&&-0DDxng-RbnWdi"
"becassine.pitman@edu.tbz.ch"|"aXW@Jg-PC73Dg-YPcIpv"
"ai.giacovelli@edu.tbz.ch"|"1YLOMu-0AyVsr-qT6OnH"
"judicael.fruchter@edu.tbz.ch"|"mcYIr6-GMtRzx-apzlkI"
"mans.mogg@edu.tbz.ch"|"B1GGOe-%f8m&1-itq5qO"
"gerald.foyle@edu.tbz.ch"|"ES4QlB-p42yc2-FcqkQc"
"wa.androletti@edu.tbz.ch"|"UpafAb-EDA8ui-A#V3Db"
"meng.ollett@edu.tbz.ch"|"0&v5@B-eFSQI5-ra$gs4"
"naelle.macmenamy@edu.tbz.ch"|"MhZCUy-d%L6W7-7X5hQG"
"gisele.mcramsey@edu.tbz.ch"|"xKwV20-Tz#ff8-E7dr6s"
"meryl.scolts@edu.tbz.ch"|"nA#&1Y-JxHmzn-Wa@qMg"
"celia.bloxsome@edu.tbz.ch"|"PwpuXF-fQHXLC-nm$svs"
"styrbjoern.stuke@edu.tbz.ch"|"R085NW-Y6c082-uZWKp$"
"felicie.gwilliam@edu.tbz.ch"|"czbbun-29u2zh-U95bo6"
"da.harms@edu.tbz.ch"|"2BV3JD-ELE&Lc-lDPCqt"
"celestine.baulk@edu.tbz.ch"|"5ahDj5-q%bxv%-xwmBok"
"mahelie.blackledge@edu.tbz.ch"|"rU1Jjq-uJraYR-oWqo4I"
"meghane.salt@edu.tbz.ch"|"H5pTaj-dLk#6t-b&qtYf"
"methode.paxeford@edu.tbz.ch"|"62WTAG-5Ucj0i-e650J3"
"asloeg.milligan@edu.tbz.ch"|"MWRYYA-zE$1O@-BE3Etp"
"you.pellman@edu.tbz.ch"|"Oz0G$2-shuKRd-Rqour6"
"loic.regenhardt@edu.tbz.ch"|"AOG7Ya-j4pzF7-WPO@ZW"
"daniele.savill@edu.tbz.ch"|"Yh5zaE-l#qVFm-abxnQF"
"alois.cornu@edu.tbz.ch"|"MjzTM%-g$xFpi-rBKm0E"
"oesten.govey@edu.tbz.ch"|"yDLAb%-V$NcCx-3cOwSq"
"marie-eve.louch@edu.tbz.ch"|"6KvG9H-WGHvLx-utJiys"
"theresa.wenn@edu.tbz.ch"|"eaJph%-O#7An4-6A%IAg"
"andree.eul@edu.tbz.ch"|"QpQb3E-tSDx8v-14GGlk"
"lie.paynton@edu.tbz.ch"|"msfaWs-i3L$09-IWJ8gH"
"marie-eve.girodier@edu.tbz.ch"|"cZigQY-Tt&a65-iId&6Y"
"marie-noel.smithe@edu.tbz.ch"|"A7hm&q-ONG%6S-&uRH2Q"
"men.bootyman@edu.tbz.ch"|"SHrwye-jr%Ivz-aU4gVH"
"ku.sugg@edu.tbz.ch"|"1SUkiD-wPsU@o-N9xNKl"
"lucrece.roseman@edu.tbz.ch"|"Xn6Zfv-krfNGi-2xBJU3"
"zoe.annear@edu.tbz.ch"|"GzqV@p-W$1l4X-CUANHZ"
"marie-helene.rennebach@edu.tbz.ch"|"z4jEqU-$JO4We-CXG9eH"
"lea.djurdjevic@edu.tbz.ch"|"y&O@uZ-9v2J@S-M7&cd5"
"goerel.robert@edu.tbz.ch"|"niNa5S-dE0k2M-hhcCdZ"
"mylene.foldes@edu.tbz.ch"|"hSfvAS-ZsAsOe-4QQyVD"
"faites.clegg@edu.tbz.ch"|"7SuetJ-xZuoV7-#r1LSE"
"marylene.crowcher@edu.tbz.ch"|"Ufaohw-rn0$@L-GYTN&m"
"aimee.wimpeney@edu.tbz.ch"|"UfHyxr-5nVz@C-kNyVQC"
"renee.atkins@edu.tbz.ch"|"uPkG9b-fIC9h3-u&d3Nm"
"rejane.cainey@edu.tbz.ch"|"8pEPgw-PIx7oe-DNbP6R"
"solene.britney@edu.tbz.ch"|"IpVKrg-Zrqrs&-v45pgg"
"marten.shatliffe@edu.tbz.ch"|"oe&E9r-ZoiFqO-$qB9xl"
"maite.issatt@edu.tbz.ch"|"4jTbr1-Z@4TMY-XdCsra"
"maelyss.edon@edu.tbz.ch"|"IfWEeE-9yN@3d-69#Fid"
"nuo.bamling@edu.tbz.ch"|"gXDsM@-xziA5A-KDVFhb"
"anais.edards@edu.tbz.ch"|"hKOPyZ-27Ny&E-oHCk#U"
"mediamass.bromet@edu.tbz.ch"|"#ggjT7-Y$ta9n-eb4AvS"
"beatrice.kimbrey@edu.tbz.ch"|"T8gKBG-XddL1m-VlSq82"
"ines.lawranson@edu.tbz.ch"|"i%glv4-m1UZZU-Tp1hid"
"kalliste.scandroot@edu.tbz.ch"|"v4KT#t-&7p9PP-$qPVrC"
"mans.barrowcliffe@edu.tbz.ch"|"J3VLCp-9p3h9a-9Ieg54"
"irene.couves@edu.tbz.ch"|"E447It-BJI8hO-t#q7M4"
"milena.mucci@edu.tbz.ch"|"P9AD0m-qqCVEV-MBBvDt"
"naeva.cow@edu.tbz.ch"|"s3#I#t-vT81Nd-tSgOrO"
"audreanne.mournian@edu.tbz.ch"|"ar#&eY-HNOq7B-cnoJgn"
"melia.sinnatt@edu.tbz.ch"|"HL2ph2-g82lD$-zZfrg@"
"nelie.burnard@edu.tbz.ch"|"eELe5Y-%ekF1W-2KxCNn"
"clelia.ashfull@edu.tbz.ch"|"fdNWI$-8bExjz-E85d%G"
"lie.macard@edu.tbz.ch"|"1sk3Ng-aRdulA-FaoNrj"
"valerie.matoshin@edu.tbz.ch"|"&x#w7r-gk8aWx-gIHqqf"
"anael.hatherleigh@edu.tbz.ch"|"OuluTT-S#tNcA-&SXTer"
"interessant.warratt@edu.tbz.ch"|"xh@Ub@-evAqc7-gPFlH5"
"eleonore.volage@edu.tbz.ch"|"2kq%K7-TVE0hv-jPtIMZ"
"zoe.stebbing@edu.tbz.ch"|"6nZJQZ-NjkMSW-sJgZqs"
"alizee.nye@edu.tbz.ch"|"Sg8wIB-v9hNMA-DlfS2w"
"celestine.bramley@edu.tbz.ch"|"NiHjiA-eLd5xq-tWB2jl"
"selene.philcott@edu.tbz.ch"|"0qntyv-TtFUcH-9jloY@"
"tang.newens@edu.tbz.ch"|"#TroqI-JTiMMI-O24Nv1"
"annotes.powys@edu.tbz.ch"|"dnN6rH-NLk&YD-G4$sIt"
"lea.matthesius@edu.tbz.ch"|"7MuUdM-fZJUD#-D4PZRU"
"illustree.garlett@edu.tbz.ch"|"sXAQ8i-@LYcEo-YNIObY"
"maiwenn.meachem@edu.tbz.ch"|"1oKDEe-&lR98O-hb77GC"
"marie-francoise.mcbrady@edu.tbz.ch"|"VWf7%5-BL#k5K-GYham$"
"illustree.gimbart@edu.tbz.ch"|"HvOZw2-RtF18o-t%muiM"
"melys.lyosik@edu.tbz.ch"|"Ev6R1a-l@R4Rd-LT72%V"
"marylene.mcnab@edu.tbz.ch"|"Wewme4-Ro&UJm-%@eRio"
"gerald.blount@edu.tbz.ch"|"xjqwCP-cpc&2s-Buhfjo"
"clelia.shakelade@edu.tbz.ch"|"pvHZ#e-mN$sUJ-gIJkk3"
"penelope.cridlin@edu.tbz.ch"|"Nr3yPI-$VmcKl-D3Iv5C"
"maena.okuddyhy@edu.tbz.ch"|"8M1V7p-Vnzxq8-ta&kp0"
"athena.keynd@edu.tbz.ch"|"xc5P37-aVhCov-2ppn%6"
"cloe.dwine@edu.tbz.ch"|"rwyFRe-5T%uY%-qjgnXH"
"josephine.browett@edu.tbz.ch"|"dM7X8T-2VHlmd-cuT$Js"
"audreanne.oscanlon@edu.tbz.ch"|"u&inf5-vzi@bu-6G8BKt"
"fei.jeanequin@edu.tbz.ch"|"o5PTpg-yh&zcH-951ZLS"
"lois.gormally@edu.tbz.ch"|"lZK%Rn-6b#n4j-uoFlGw"
"marie-francoise.finnigan@edu.tbz.ch"|"0D1f6T-vCh9fQ-I6RaHc"
"leonore.trussman@edu.tbz.ch"|"qBC44P-jIJkfm-GMGu44"
"anaelle.trumper@edu.tbz.ch"|"#kQjo5-0SY5E0-Y%MGov"
"clemence.dionis@edu.tbz.ch"|"4uMrtg-YBQfJR-Vam7u2"
"lois.tranmer@edu.tbz.ch"|"I25Iz$-sbVVVw-FuDW9z"
"interessant.volett@edu.tbz.ch"|"8$pQ&I-ohucRR-%42RaO"
"personnalisee.deackes@edu.tbz.ch"|"DkV3LI-pHINkA-QFxa1#"
"lie.vasiliu@edu.tbz.ch"|"Qtph4D-P$Z9zN-B5yxSY"
"dafnee.lamputt@edu.tbz.ch"|"vRT7M&-1mlfo#-z82mvd"
"elies.bromige@edu.tbz.ch"|"a&IXMs-uaLN%j-vJxIpY"
"helena.klosser@edu.tbz.ch"|"zsvDKx-PMM17X-1ceRUX"
"andree.grim@edu.tbz.ch"|"OXMou%-#mIe10-#IshJE"
"verane.coldbath@edu.tbz.ch"|"y4Zwy1-0XuFI1-JXQStV"
"helena.bethell@edu.tbz.ch"|"xK56hk-JsRirN-boMsU0"
"kalliste.carefull@edu.tbz.ch"|"HFz1AF-eJd#F$-9X#9Bt"
"regine.odams@edu.tbz.ch"|"&ziJ91-1xIS1x-gRdxcs"
"len.stannus@edu.tbz.ch"|"lR4f5C-LJAVz@-%RzRXe"
"angelique.works@edu.tbz.ch"|"1uNBI#-vVpHKI-TpSTZZ"
"goesta.rheaume@edu.tbz.ch"|"7XAl5I-7i0BKL-zUgWLZ"
"maelys.tynnan@edu.tbz.ch"|"TkxQA7-oRyiLf-cncaOX"
"maelle.carlesi@edu.tbz.ch"|"yBM1c%-NOvpqF-nxBBfI"
"anael.spurden@edu.tbz.ch"|"D4gsSC-h@WixH-cRJZhf"
"helene.pumfrett@edu.tbz.ch"|"u#AIsE-h9NCjg-ps2AOa"
"goerel.pearn@edu.tbz.ch"|"z%SY@x-itU92c-YoBo#c"
"laurelie.dezamora@edu.tbz.ch"|"ayY9@g-1EkEbL-ami%QR"
"yao.twidale@edu.tbz.ch"|"cTHz7Y-jp2rxK-j4VDSa"
"berengere.sola@edu.tbz.ch"|"Y4UFKh-PbMXoZ-2sWKeE"
"maelann.hardistry@edu.tbz.ch"|"3jPdg6-JAvTsR-SYUIDl"
"severine.littlefield@edu.tbz.ch"|"5mXOLg-&XwVmF-y225mY"
"salome.heinl@edu.tbz.ch"|"06E2e#-7Xd#B@-3W5ckg"
"meryl.warbey@edu.tbz.ch"|"dNharB-h%OVc6-&$UwSf"
"da.hunstone@edu.tbz.ch"|"%4MhIF-1pF#Q1-j0skY5"
"venus.broadbury@edu.tbz.ch"|"gImhME-YG$zPH-CgMiSo"
"meghane.rentelll@edu.tbz.ch"|"yCgepP-B4Ze7K-F0PojB"
"marylene.drewitt@edu.tbz.ch"|"J0mNMQ-rQKS8w-zdNzbx"
"melinda.jacquemet@edu.tbz.ch"|"T6ml$E-ioYId1-hCwZFz"
"marie-josee.keyden@edu.tbz.ch"|"v66Me6-W24pAx-yFazmA"
"asloeg.montacute@edu.tbz.ch"|"jx1775-m6I$0S-9kENnM"
"ku.andreou@edu.tbz.ch"|"Segy8z-8wBnq3-1p@X6j"
"personnalisee.feaveer@edu.tbz.ch"|"GQOwY5-Edww2V-wzjZmh"
"laila.emptage@edu.tbz.ch"|"DEht@y-GX#DiQ-vRuRxE"
"bjoern.dawdry@edu.tbz.ch"|"WsV@N%-kzS@7x-WW5zba"
"marie-eve.dinsell@edu.tbz.ch"|"BJQOI1-bqGidf-@4sugc"
"helene.follett@edu.tbz.ch"|"Hei8KW-rfTTXt-XVl5IA"
"penelope.cordero@edu.tbz.ch"|"2TD2@h-nxHp%A-cq6NrR"
"boerje.beedell@edu.tbz.ch"|"s%gCNS-SFMBCP-SeCcVn"
"nelie.ferne@edu.tbz.ch"|"2hcL&S-6pwiSS-QpGPbu"
"celine.ahmed@edu.tbz.ch"|"XTLalq-@a6ZL#-LmdiD4"
"stevina.pimblett@edu.tbz.ch"|"QtDMlb-NV10RM-070NQw"
"chloe.langlands@edu.tbz.ch"|"$C@Uhe-hp7oAD-OAN0&T"
"simplifies.maude@edu.tbz.ch"|"KAlZ2q-Ypy75s-ns#4JC"
"genevieve.decarteret@edu.tbz.ch"|"Spr5CZ-B#CSqY-UsdaAs"
"marylene.mughal@edu.tbz.ch"|"yN%DXI-M8oFqC-Pgbv4&"
"goeran.guttridge@edu.tbz.ch"|"#QmMVr-J@92vA-ohHeMq"
"michele.smurfitt@edu.tbz.ch"|"z9%05A-@qNwmr-PMDRh%"
"methode.hadeke@edu.tbz.ch"|"lfOpXT-DBkVO&-dTgMlR"
"therese.rispine@edu.tbz.ch"|"kaq4i%-TpGFd3-OWcSjJ"
"goerel.plumley@edu.tbz.ch"|"ToAB#P-vrJ0oM-8h#Fj1"
"oceane.friett@edu.tbz.ch"|"zDRZKj-7Z2Vtx-Lrb0zz"
"marie-noel.achromov@edu.tbz.ch"|"UOp9KH-tbOfqB-wizHyg"
"dorothee.storek@edu.tbz.ch"|"aQyfFW-2j4xh7-ZQGy47"
"goesta.whittle@edu.tbz.ch"|"SrBzNe-FjG4gL-buP%q9"
"desiree.casely@edu.tbz.ch"|"g6xYWm-ZOQq3e-WY2YRP"
"felicie.condon@edu.tbz.ch"|"YGqYAG-gd4v#D-xZ$xXs"
"maelyss.frisdick@edu.tbz.ch"|"hifs62-Fzg8C9-tqR2x5"
"aimee.banke@edu.tbz.ch"|"Yegu0k-e3Ds%a-T@lOMT"
"naeva.hodcroft@edu.tbz.ch"|"Ev0k18-bhjSaa-9zk1GP"
"laila.gerrans@edu.tbz.ch"|"9q%GGJ-2zi4&U-&CIDMh"
"daniele.scrimshire@edu.tbz.ch"|"1KP1m2-om61jh-ltOlkE"
"daphnee.sheerin@edu.tbz.ch"|"21BJEt-01bOoN-SzSINF"
"pal.vanyukov@edu.tbz.ch"|"QzZhUs-vT8&pj-loWD27"
"zoe.childs@edu.tbz.ch"|"N$AcLv-1ML%mw-q0JRoB"
"ai.corde@edu.tbz.ch"|"Xwsf7O-joQ33g-&zvrwH"
"maelys.berryann@edu.tbz.ch"|"wTKroX-94N1kN-GI6rrA"
"cloe.gladding@edu.tbz.ch"|"SW3dIv-5IMT2m-n&jnSQ"
"wa.kinnaird@edu.tbz.ch"|"vN66Tk-Dk3ead-KuUpMK"
"publicite.brittoner@edu.tbz.ch"|"VCIHPi-kV2xPy-JPqZHF"
"rao.windress@edu.tbz.ch"|"5AYyGD-xT5reA-2nGF$n"
"uo.kollach@edu.tbz.ch"|"GUqGqO-RnsIBU-DSiQXx"
"josee.peskett@edu.tbz.ch"|"IJvtfO-vW@SDr-XprN7w"
"annotee.hasel@edu.tbz.ch"|"8EA%S6-CCPrHD-pwo9ih"
"cinema.lee@edu.tbz.ch"|"4grdGS-2Po8oK-lfzxIL"
"lai.vedeshkin@edu.tbz.ch"|"OBiW&J-@yKyc5-fwqEUi"
"renee.brisbane@edu.tbz.ch"|"9lv5#C-txRWIQ-dk@19Q"
"ophelie.blincoe@edu.tbz.ch"|"Hj##&k-ZcUfN7-MGqvlQ"
"zhi.prazor@edu.tbz.ch"|"5C0yIy-2eXvAg-K38ARc"
"annotee.maddicks@edu.tbz.ch"|"$AOG4w-EIHhhj-yCURYK"
"maelyss.codd@edu.tbz.ch"|"MWRkmQ-f%sc7&-$#6ZGJ"
"celia.peplay@edu.tbz.ch"|"Fj&SFd-rF$Yy@-UdS9iW"
"interessant.skone@edu.tbz.ch"|"6xrw5&-bxAAc7-$#xxyZ"
"audreanne.hebdon@edu.tbz.ch"|"UdlV3Y-5el9sm-EfEzbt"
"oceane.glen@edu.tbz.ch"|"fiyl9F-PVpanq-k7osjG"
"daniele.vanyushkin@edu.tbz.ch"|"Kpjovh-kZ$eka-xUrmUA"
"daphnee.ayce@edu.tbz.ch"|"pF$A00-hfcY&&-fMuzFO"
"andrea.attride@edu.tbz.ch"|"Vdd&lE-x$1ReL-SgdAxD"
"penelope.bridgwood@edu.tbz.ch"|"MfUcsD-1QM8Qo-1F#NYb"
"mailis.drewitt@edu.tbz.ch"|"L2JC%M-SCkvrd-VFPO4B"
"penelope.mollene@edu.tbz.ch"|"f@R59X-C&TAVk-QPggi4"
"illustree.keely@edu.tbz.ch"|"XtD8F0-cVhXj3-&ENmgU"
"meng.brisseau@edu.tbz.ch"|"50tsDt-RoLbjE-x6DkG#"
"ruo.cleiment@edu.tbz.ch"|"tMOu&&-FKt$#5-W63Fs5"
"maite.krammer@edu.tbz.ch"|"YJ0WU%-eGi3xg-SclW%0"
"genevieve.verry@edu.tbz.ch"|"ryzTLi-kTouJy-WM1%%E"
"lea.olochan@edu.tbz.ch"|"P4@3U%-l$IZ40-GPhZqp"
"naelle.brunnen@edu.tbz.ch"|"Wj&3xw-GZpJXu-8#gyVs"
"goesta.bragginton@edu.tbz.ch"|"Nt1wb2-y3LECD-&#Jg$P"
"fei.danilyuk@edu.tbz.ch"|"wviDNj-kYmD82-Mb5Vyd"
"adelie.turbitt@edu.tbz.ch"|"VIro#%-0G7A4H-k38oAE"
"marylene.nutman@edu.tbz.ch"|"8gKogw-P2$qn1-p2mwcT"
"therese.barbrick@edu.tbz.ch"|"Emf@M@-3ejqUJ-VCgkj#"
"melys.kolodziej@edu.tbz.ch"|"XS6nLy-L1IoA6-JfglRl"
"melanie.runchman@edu.tbz.ch"|"FzRFr2-5jXbSA-YXWNW3"
"serena.lafond@edu.tbz.ch"|"%6IzPp-QAhtGR-5zzIYi"
"pelagie.desmond@edu.tbz.ch"|"RjhNuC-Sssi4b-Al3lhK"
"wa.spickett@edu.tbz.ch"|"yXeDc%-G8cT90-I4ujQS"
"po.shave@edu.tbz.ch"|"FjcMZv-jbc56j-%vIOi2"
"song.huikerby@edu.tbz.ch"|"D8TL6s-p3&A1w-td1WZ@"
"melinda.bimson@edu.tbz.ch"|"jb0LEh-wnP3jw-@0TGaZ"
"personnalisee.toffanelli@edu.tbz.ch"|"7c2Gh2-@1L8HK-E7HKxg"
"leandre.hurn@edu.tbz.ch"|"Ef2NE$-$qZ3CO-7Wwb9q"
"oesten.standell@edu.tbz.ch"|"z33Efm-RGIFYV-qpk%XQ"
"naelle.smaleman@edu.tbz.ch"|"O83Rm7-g8FzMF-&UkuTL"
"berenice.tayt@edu.tbz.ch"|"thSFiO-nLT3g$-aK&dsC"
"kui.popplewell@edu.tbz.ch"|"XnDdt6-UKp1dC-WqGTub"
"melodie.ferandez@edu.tbz.ch"|"uVT23M-uKKiOq-0tquSn"
"josee.negal@edu.tbz.ch"|"k%Bb@6-BTMh8T-A2fcdR"
"melissandre.ferrelli@edu.tbz.ch"|"p01M8G-B7Mw34-gvz0rm"
"josephine.kemmer@edu.tbz.ch"|"4Z%svw-Q7HAG5-zyN6lH"
"maely.cayette@edu.tbz.ch"|"Wkdfi2-B8Ywlr-cO023f"
"nelie.vela@edu.tbz.ch"|"d#NIWJ-8VHSh7-QeplJs"
"melina.cortes@edu.tbz.ch"|"rDUxBU-Y8dz1o-$qWo4J"
"megane.leyshon@edu.tbz.ch"|"$KCao#-JO96KS-MbGkbH"
"regine.harrie@edu.tbz.ch"|"hYz$e%-@I32v6-%XF#kU"
"mylene.widdison@edu.tbz.ch"|"08YKl3-3SYoDY-p1rLJK"
"pelagie.vivash@edu.tbz.ch"|"kQktGv-pJnADY-jaaQl6"
"styrbjoern.vicarey@edu.tbz.ch"|"BW8hzw-5cCWtM-DREj4a"
"long.kyles@edu.tbz.ch"|"xvqfQt-8Vd0Dv-TdaxbH"
"stephanie.gipps@edu.tbz.ch"|"YyHXee-OY7srk-O#B1Yb"
"clea.constantine@edu.tbz.ch"|"jo5GBt-IeSNp5-S2@dFc"
"maella.cometto@edu.tbz.ch"|"JuNgev-CQgw6P-9oJBwi"
"laila.aubrun@edu.tbz.ch"|"s7385F-zvT5E0-XnaTwt"
"yao.austins@edu.tbz.ch"|"pcK0pm-9lWT0y-Z147ho"
"mailys.rylstone@edu.tbz.ch"|"XFc%bm-z@Ad6Y-Cti4Rn"
"adelie.curuclis@edu.tbz.ch"|"u6zVvn-8KR0xo-G$7d9l"
"celine.longhurst@edu.tbz.ch"|"VPpU%G-0Mmd6Q-1nA8b9"
"gisele.hazell@edu.tbz.ch"|"RHehVD-qP$jV&-0vTlEG"
"celestine.ciccone@edu.tbz.ch"|"SF4Jr1-NWTTPU-LkwPqp"
"maelyss.doole@edu.tbz.ch"|"0AqXNT-Xibmyh-FKypV2"
"helene.grimsdike@edu.tbz.ch"|"04Pf4R-Or@Ite-XN0Kxq"
"lie.macer@edu.tbz.ch"|"4xMv0B-3OXyl@-YkNoF1"
"maely.izard@edu.tbz.ch"|"rII96m-mftfOz-tuC@z$"
"erwei.breewood@edu.tbz.ch"|"VfS&#H-e$lHAh-w61@ut"
"chloe.woolford@edu.tbz.ch"|"o%zZ42-zB%1C2-JWjA32"
"cleopatre.turpin@edu.tbz.ch"|"z3wzB8-YNDjru-3e4bgY"
"melodie.surgison@edu.tbz.ch"|"ZWZJ#M-O$L04y-Si5ccZ"
"elies.leander@edu.tbz.ch"|"Rrkwuz-TQ%9np-&Cv&r4"
"mediamass.reignould@edu.tbz.ch"|"f2WnHS-&&N153-7v@Ptw"
"celestine.wasmuth@edu.tbz.ch"|"PY$7G1-fmrWR8-B6H8%Y"
"marten.jervis@edu.tbz.ch"|"TN%Sob-sSzLDR-mssy7F"
"daphnee.bour@edu.tbz.ch"|"W37ZqT-7sKyFq-5cQ8K2"
"regine.harlett@edu.tbz.ch"|"r4SHuL-1tJNZA-1bjEBp"
"noemie.macaskie@edu.tbz.ch"|"Kud0O1-el$sxR-j8f4vg"
"loic.renfield@edu.tbz.ch"|"bI%RrL-crEfUI-RhNjWW"
"venus.kleinert@edu.tbz.ch"|"Y6NJ6x-VB4aHm-ruhsDF"
"marten.burlay@edu.tbz.ch"|"oC&xmv-bkY7ZO-WG%RVd"
"berengere.radsdale@edu.tbz.ch"|"pim8nN-VV&ML&-J8RlC$"
"genevieve.duckit@edu.tbz.ch"|"a@fHK4-aTF6gC-y8U2A3"
"maely.ligerton@edu.tbz.ch"|"dPUyxv-RkQ9op-K8V5ia"
"maeline.ricciardelli@edu.tbz.ch"|"%vjUNs-WbuW&$-9DYSAO"
"personnalisee.yggo@edu.tbz.ch"|"#vKpYc-@pVg8b-2ApBrJ"
"alizee.pettinger@edu.tbz.ch"|"$1HMql-R7DSKA-gnePZv"
"desiree.curnnokk@edu.tbz.ch"|"cfvtFv-aQchr0-12Y@zz"
"dorothee.minors@edu.tbz.ch"|"ZFbXBG-b@gDYd-RuUzwt"
"oceanne.kopmann@edu.tbz.ch"|"GdsgFQ-sALRwP-YxR#Y#"
"almerinda.brodbin@edu.tbz.ch"|"57ff74-qgL6aA-yArAOE"
"yenora.carsberg@edu.tbz.ch"|"URY%yB-d%I5US-5q9exV"
"wa.beetles@edu.tbz.ch"|"UPz5jh-WP#d39-@waV7i"
"audreanne.abbot@edu.tbz.ch"|"nAK6Qm-JuVNiY-wPGp@Z"
"noemie.capper@edu.tbz.ch"|"o7AO6X-lUmYYS-Q4#zCP"
"mans.abramamov@edu.tbz.ch"|"nMa9Z9-i#%nTF-Oy2#Ju"
"audreanne.blakey@edu.tbz.ch"|"7Gss1y-zVX59k-i5ry7w"
"leone.klimpke@edu.tbz.ch"|"JhbFKb-D8JhPK-xYv3YT"
"lie.croston@edu.tbz.ch"|"Tq3n$x-@TJfSU-vP9L4V"
"anaelle.baistow@edu.tbz.ch"|"JMSbDA-C0&hlc-riexIH"
"michele.garwood@edu.tbz.ch"|"ZHmN#F-jGg1uZ-Bd5Hsy"
"interessant.albion@edu.tbz.ch"|"2XamYy-D7@quf-A#A5$y"
"andre.brisco@edu.tbz.ch"|"Ytaxga-%eq9pI-ZF&VtI"
"tang.totterdill@edu.tbz.ch"|"kqgcTs-#7A%Ld-VClsSv"
"marie-josee.braundt@edu.tbz.ch"|"Qp4PRh-2Wuulh-mnXzlD"
"lois.galer@edu.tbz.ch"|"hzHgi4-pNXQ00-kqB$xU"
"faites.pellamonuten@edu.tbz.ch"|"X2YRhG-I@j@oH-$1fPI5"
"mai.barfford@edu.tbz.ch"|"gYLNfp-Ia#IYD-f%ICUn"
"laurene.macilory@edu.tbz.ch"|"P43cCg-OxC1&z-D9EcZ%"
"elea.peak@edu.tbz.ch"|"8z7bvA-$raZgK-S8qnMa"
"rejane.doni@edu.tbz.ch"|"%A5J65-P3leJK-euDW7F"
"mahelie.ector@edu.tbz.ch"|"a%wqL#-5ADepq-eJQ7e&"
"rachele.allum@edu.tbz.ch"|"xPXq5f-vEp3Qx-3E04TF"
"laila.gerretsen@edu.tbz.ch"|"AHLr@n-6kKPCk-2i21AJ"
"ines.bowman@edu.tbz.ch"|"azbYKL-iQnnpV-sLAVp6"
"publicite.barbary@edu.tbz.ch"|"wDAA6o-433KfJ-Vl1lQO"
"mailys.smooth@edu.tbz.ch"|"&SSqHO-&Ttni9-x6y2pV"
"mailis.huguenet@edu.tbz.ch"|"GMib&X-lgn@Pe-3h5GCV"
"lea.ewer@edu.tbz.ch"|"6oCEGV-%dnGB#-6#fjaR"
"cecile.moffet2@edu.tbz.ch"|"u7NLOs-eUVJ3a-ceZEmW"
