"email"|"password"
"melodie.vandervlies@edu.tbz.ch"|"JmZLeJ-zBe7Lb-WLQ7Ld"
"angele.edgecumbe@edu.tbz.ch"|"hxSFwH-AN2gvN-EIM7RC"
"zhi.andreasson@edu.tbz.ch"|"Tq8IsA-JOo&Wa-M0sIa%"
"judicael.koppeck@edu.tbz.ch"|"wJWvWm-$cwSeK-rKL2i5"
"berengere.capron@edu.tbz.ch"|"163sVL-hK0zZo-6JLv##"
"leonie.brosini@edu.tbz.ch"|"I3WFa7-cYtpac-KXqMh9"
"venus.garfit@edu.tbz.ch"|"1ZgB@E-#rsQYg-Fzrx%1"
"melina.janota@edu.tbz.ch"|"EW#bPb-FNglnj-K$gDRz"
"laurene.bake@edu.tbz.ch"|"h5QaPh-&QNJkI-MvWWpJ"
"regine.dorkins@edu.tbz.ch"|"Ix1W7f-Nc@aWn-ZmkNSN"
"cecile.moffet@edu.tbz.ch"|"Hw#c2J-6aE0Gk-l52Nih"
"maelann.labrone@edu.tbz.ch"|"ZdxQ8g-ZeEaKs-#OOrJI"
"melinda.newbold@edu.tbz.ch"|"3bqC@u-%kOZOr-06tv3h"
"mans.itzhak@edu.tbz.ch"|"Q%6YR#-RM4%4l-gDmNOj"
"melodie.pattlel@edu.tbz.ch"|"HBZma9-q$0&3y-Nbb1Dm"
"celine.bonett@edu.tbz.ch"|"wZstpc-ua#bYs-5J9%hP"
"adelie.mcgreal@edu.tbz.ch"|"9I0IxO-El9KeG-OgIk7g"
"helene.soldan@edu.tbz.ch"|"U4rJqq-Z58T0u-@hGi1X"
"michele.cluer@edu.tbz.ch"|"NtUr9K-yb5k4F-4CHO7b"
"maeline.mueller@edu.tbz.ch"|"$$xqeW-wVJuAz-x8mklM"
"maelann.benedito@edu.tbz.ch"|"4p0Kxp-JZaAkk-i@R50&"
"nuo.gransden@edu.tbz.ch"|"Sn3300-rO7Me$-HF49Dn"
"berengere.stainton@edu.tbz.ch"|"vJTQjm-0sweN%-guI&xg"
"wa.sabater@edu.tbz.ch"|"M$uhTI-e93NpV-3F%m0&"
"anais.cochran@edu.tbz.ch"|"W7eumY-dePJ5X-ucucoG"
"gerald.bessant@edu.tbz.ch"|"ms$tdV-DMdmcR-SBtn@3"
"ruo.coffin@edu.tbz.ch"|"Rw&nex-zxXz8U-FWll3B"
"melodie.mustill@edu.tbz.ch"|"x7knxC-CaUWXV-G4rOVW"
"ruo.stanesby@edu.tbz.ch"|"rEvC4k-o#VuvH-xte#Et"
"noemie.antognelli@edu.tbz.ch"|"E@$c1A-cLhstu-dsppg@"
"maelann.hughson@edu.tbz.ch"|"1lne1o-n7JlWM-NYG4Ip"
"milena.mieville@edu.tbz.ch"|"9ex19u-QOojoU-@MFPa&"
"mailys.chamberlin@edu.tbz.ch"|"AeGaLo-0Lo1to-qiFw8U"
"nadege.tomalin@edu.tbz.ch"|"d&T6mV-X1OZss-#u@3Hp"
"oceane.omara@edu.tbz.ch"|"xnR@aB-8a9X&3-IBJF27"
"cecile.aguirrezabala@edu.tbz.ch"|"EEFrq0-MDqGfQ-dasd&3"
"maella.gwillim@edu.tbz.ch"|"cttm8e-Xtx#5#-8FcKPY"
"lea.mcgahey@edu.tbz.ch"|"%791Zy-Jl645i-sAihLA"
"laurene.hagerty@edu.tbz.ch"|"m8IxSf-jPxKhN-fCf@Px"
"dorothee.link@edu.tbz.ch"|"IihIjM-%BHxF2-M#Xp@E"
"clementine.kynsey@edu.tbz.ch"|"8UOfiM-UnVWki-F9Zz6F"
"lorene.smitherman@edu.tbz.ch"|"BRjAbA-tZ8$AA-tOC81z"
"cleopatre.klulicek@edu.tbz.ch"|"0obu6K-G8XO1N-DDKYBi"
"laurene.castaneda@edu.tbz.ch"|"uMRyHD-fO#Nw$-sjzk3k"
"melia.constant@edu.tbz.ch"|"iepOFk-bCLGBa-Vqvm6K"
"lucrece.clunie@edu.tbz.ch"|"06Gqb0-h4x6ZD-8P8%lU"
"eleonore.mcmurthy@edu.tbz.ch"|"EZCW7o-siRx6H-P3PJ2g"
"melia.bevar@edu.tbz.ch"|"l5NvPf-4JVyTu-wJlBuT"
"camelia.bontine@edu.tbz.ch"|"1Y0K0K-ud%Krr-$NrkBb"
"methode.jozefczak@edu.tbz.ch"|"lzsB1X-B5FOTG-KFdl&p"
"audreanne.hinsche@edu.tbz.ch"|"A#rad5-mljyUm-RD#Or1"
"andree.varne@edu.tbz.ch"|"B$kFJ&-R5MZkz-4mS#S2"
"marten.kinleyside@edu.tbz.ch"|"mmGZ0E-2HYO55-4z&3uN"
"esteve.mcewan@edu.tbz.ch"|"aSKVxb-9W2N2R-QH5o@Z"
"leane.dibbert@edu.tbz.ch"|"TGb#iK-1qWIKK-P@T@vd"
"ma.thewlis@edu.tbz.ch"|"ijIbeU-mAXsjK-hjS%WK"
"clea.djurkovic@edu.tbz.ch"|"bSYq0j-cTADap-5RTtPo"
"rachele.reburn@edu.tbz.ch"|"W7wMRB-90saYW-07YgAy"
"gerald.gowling@edu.tbz.ch"|"UQBwcf-nm2Oms-uFPWDk"
"cleopatre.jackson@edu.tbz.ch"|"70$94v-0vYDlz-j2VSd6"
"desiree.haskins@edu.tbz.ch"|"n0Uk13-Rh511k-#aho0r"
"eleonore.longson@edu.tbz.ch"|"nPS8g8-EevqTF-pZhpr1"
"leane.dybell@edu.tbz.ch"|"O#RnRx-HdgI9X-867P&j"
"becassine.grzesiak@edu.tbz.ch"|"TA1JnS-LMC6Lo-QPx3K#"
"marie-josee.pickin@edu.tbz.ch"|"%hXCPf-dwjWZN-mqfyra"
"marie-josee.roxby@edu.tbz.ch"|"LoaL62-MiV0wW-haXVDQ"
"leonie.feenan@edu.tbz.ch"|"v9fHh5-k2kiMk-%Lxnn4"
"valerie.ellum@edu.tbz.ch"|"fAf&w5-MhzNF#-qh3oup"
"ju.caseri@edu.tbz.ch"|"6iV62w-rCsXkB-bYfs1N"
"boerje.strangman@edu.tbz.ch"|"&tAESi-qRCgLz-d5L&4i"
"beatrice.ghidelli@edu.tbz.ch"|"YWEk4&-4w5PlZ-5iTN0o"
"da.jablonski@edu.tbz.ch"|"#rAImv-%ex#HW-igL8px"
"uo.beveridge@edu.tbz.ch"|"j0uOmn-L7rcNz-jLv451"
"valerie.bestman@edu.tbz.ch"|"S#Pe%V-wXetbF-ZLD$Qp"
"marlene.pohls@edu.tbz.ch"|"IQa4vW-7H3Sv1-Wslaa$"
"ma.nolda@edu.tbz.ch"|"x6yWPj-&NmjwU-KSltXN"
"marlene.bisiker@edu.tbz.ch"|"Erllmq-1BP#1b-oW2t67"
"estee.babon@edu.tbz.ch"|"mKdDnD-%f64Xr-4sUtF5"
"simplifies.dmisek@edu.tbz.ch"|"6mzAfk-Di58@L-0PbxZw"
"selene.ganing@edu.tbz.ch"|"VV1Lgr-vlbFCc-bTn2tW"
"meryl.penke@edu.tbz.ch"|"SdSe9P-zRceER-aksHQK"
"anais.rawcliff@edu.tbz.ch"|"K&8bHy-UmgEU8-cv#jlR"
"melina.andri@edu.tbz.ch"|"SNNp2T-QCL5Yr-HF@L2Q"
"audreanne.fodden@edu.tbz.ch"|"bda9A3-NRiMcD-x59ue8"
"bjoern.spellesy@edu.tbz.ch"|"BpZyEs-@4ISGe-UrlqJj"
"francoise.summerscales@edu.tbz.ch"|"Czu6Dq-vUmoDX-W66rXC"
"laurene.ashtonhurst@edu.tbz.ch"|"U41ze#-RDf5ul-M$1kvf"
"valerie.petters@edu.tbz.ch"|"9GX#x0-uIlChA-RhruV$"
"anael.spenclay@edu.tbz.ch"|"keaw%8-ti$Q7e-ExQMP5"
"stephanie.keech@edu.tbz.ch"|"ND1@ws-LrNDsi-w2kp@7"
"ines.deveril@edu.tbz.ch"|"a%2svM-1Uc4QX-l9GXPw"
"berenice.gelder@edu.tbz.ch"|"%YysNe-dljzG%-Kjgv%@"
"melanie.ofogerty@edu.tbz.ch"|"PBHLBM-ZMHL9U-HPI9oV"
"frederique.canepe@edu.tbz.ch"|"EVklnr-6PzdHb-QY0d$e"
"nuo.otton@edu.tbz.ch"|"RfW#A#-qgi53l-C@j2y0"
"genevieve.trusler@edu.tbz.ch"|"zt7Oj1-NuiAS5-S#vmg0"
"ju.boag@edu.tbz.ch"|"NgJ9Vd-B$ewx@-lzGmM$"
"josephine.dilucia@edu.tbz.ch"|"G3bImX-yMtc$7-Qk$LvI"
"laurene.armsden@edu.tbz.ch"|"SReHlo-Ta1D6J-1CVnwq"
"becassine.griffe@edu.tbz.ch"|"BsTk0p-&5rT0P-T93rXc"
"alois.parres@edu.tbz.ch"|"VmyNK7-g5anx9-HrESEr"
"cleopatre.gaffey@edu.tbz.ch"|"lMUs&U-fxWja#-rGpIcE"
"andre.stiger@edu.tbz.ch"|"SuU5Xx-oHcmbD-xEbfRY"
"beatrice.godleman@edu.tbz.ch"|"p5Z2S2-3$&ye&-hEN2nj"
"hakan.harrhy@edu.tbz.ch"|"1wFbUJ-t16SbB-PDejVu"
"celestine.dagnan@edu.tbz.ch"|"mJsVDF-qPlaoV-aK1rgg"
"clemence.haggart@edu.tbz.ch"|"zmn&v1-GQJjsN-M4DAiE"
"long.caban@edu.tbz.ch"|"Hh&AaJ-@4ChLm-6%OBSJ"
"gaetane.grimble@edu.tbz.ch"|"qXp$&B-MwiCYn-CM%rTn"
"maelann.piwall@edu.tbz.ch"|"RXFzUy-w72zU2-HOTN7C"
"magdalene.loble@edu.tbz.ch"|"avUsaL-7vT2Te-HU9ccJ"
"veronique.domaschke@edu.tbz.ch"|"TvXVd3-GbCk4X-AGfDIc"
"clea.herity@edu.tbz.ch"|"vxotvu-HGNWw@-V9BhJO"
"maelann.bambrough@edu.tbz.ch"|"3wemed-gtSTfa-WKdCfj"
"clea.goulstone@edu.tbz.ch"|"pYTfZr-qocERf-hvNer&"
"renee.deleek@edu.tbz.ch"|"03N@i0-yzM@Lj-wSGsSz"
"boerje.rudderham@edu.tbz.ch"|"bGC@Lp-VUtIi@-@cGwTG"
"marylene.broune@edu.tbz.ch"|"AGWDax-#5o9ty-GO%XCV"
"nadege.mccuish@edu.tbz.ch"|"9JWDl6-qfq0g&-ht#eD@"
"anael.littleover@edu.tbz.ch"|"RI%VZb-sUr3Oa-l0cnXj"
"lie.baume@edu.tbz.ch"|"&LhouW-AMHJpC-Oab0p4"
"maella.murrow@edu.tbz.ch"|"aizWnp-qehpWD-&#cXx&"
"cleopatre.pettifor@edu.tbz.ch"|"GdkkjD-MdOMfO-GYmFh%"
"geraldine.asker@edu.tbz.ch"|"3$IYHK-5MESyS-fEIGwH"
"gaetane.smedmore@edu.tbz.ch"|"e0jf78-jN&uCy-A3U4oC"
"meryl.blencoe@edu.tbz.ch"|"IIK%Q8-iKEpcr-iePyIx"
"aurelie.chastaing@edu.tbz.ch"|"T7&uQ5-79WCc5-0%c&7W"
"oceanne.marthen@edu.tbz.ch"|"orIvOd-h6oIYz-IQvuwr"
"dorothee.burrill@edu.tbz.ch"|"Ui@fZ2-YhZoc4-iy1x5n"
"hakan.belden@edu.tbz.ch"|"73g#mt-d6g5Sx-1AYKPo"
"celine.brunning@edu.tbz.ch"|"ImNxET-jvU@La-H41q8c"
"anael.lapides@edu.tbz.ch"|"FcVe&t-ls$0on-pkghz6"
"ruo.saffran@edu.tbz.ch"|"iMBzXu-U4wCn0-GQ%FHf"
"loic.gerretsen@edu.tbz.ch"|"8E%DL4-9toME7-2IOe3u"
"rui.fitzer@edu.tbz.ch"|"609atP-%xCnM$-&gDaN@"
"annotee.ogers@edu.tbz.ch"|"7hYyba-zz&vsz-fyacOP"
"boerje.bindin@edu.tbz.ch"|"PA7L$v-aWMvZl-d&Pkce"
"ma.cronchey@edu.tbz.ch"|"ae7vSX-qBvfxg-TtOr5P"
"laurelie.baiyle@edu.tbz.ch"|"QNZtaD-Lw05Y@-eo@gq&"
"dorothee.older@edu.tbz.ch"|"Fx$v8&-tV3b4H-1wCcDI"
"laurena.wile@edu.tbz.ch"|"BQGqvn-cSnHyy-c0ze9B"
"clemence.brito@edu.tbz.ch"|"6DJgrK-NE4qt7-N2VZZx"
"nadege.dallin@edu.tbz.ch"|"fZm#T8-tXWOh9-Rz8A4P"
"mailis.matley@edu.tbz.ch"|"31I@o&-xdA4UO-Zd70&T"
"daniele.screaton@edu.tbz.ch"|"EmWRF9-3#0881-IJvEGT"
"mediamass.godly@edu.tbz.ch"|"d$u7f2-&payT5-RB9qWI"
"leone.kremer@edu.tbz.ch"|"MOONIO-hyYwAJ-MFZmFo"
"asa.adrian@edu.tbz.ch"|"bntdFv-$Ht@PU-AJIUx5"
"adele.doley@edu.tbz.ch"|"pRCYwW-v47ylY-ZAUHX1"
"fei.sidney@edu.tbz.ch"|"g&JjGl-E7ORBF-E26VNf"
"marie-josee.walisiak@edu.tbz.ch"|"EKaFeI-c$Lzpd-vI%EvQ"
"desiree.diplock@edu.tbz.ch"|"J4sD$O-G4LfS9-MmIvmm"
"gisele.schust@edu.tbz.ch"|"vuVEzk-vSvlaY-buxhKE"
"ma.longshaw@edu.tbz.ch"|"JV#Lu6-zlBfm5-F1dG9Y"
"da.boother@edu.tbz.ch"|"I37%3m-SdZZim-rg67L@"
"simplifies.chaudhry@edu.tbz.ch"|"37jqve-KeXe$l-E3v3Z7"
"garcon.baniard@edu.tbz.ch"|"TgJ2v#-AaSuRK-#pPekf"
"gaetane.elphee@edu.tbz.ch"|"ykHPi@-#BgFOt-2$IE43"
"gisele.hassey@edu.tbz.ch"|"PjoV@o-Uoqeac-AiBRSJ"
"oceanne.booley@edu.tbz.ch"|"I1R7Bg-ceF4uG-tXeiDp"
"oerjan.dibden@edu.tbz.ch"|"@nWGPv-EB3ElO-6CT2PQ"
"regine.ocleary@edu.tbz.ch"|"AdKKvJ-1FwzV4-QuQH7q"
"selene.persse@edu.tbz.ch"|"#e#@41-bk8v%u-nSzfPR"
"helena.adenot@edu.tbz.ch"|"t6LdpC-Xfc7j5-lk7ovr"
"maelann.wassung@edu.tbz.ch"|"YEu%&#-sCqJde-OPbo%A"
"frederique.ackermann@edu.tbz.ch"|"IR62S7-gRyzbm-%CQePr"
"audreanne.kahen@edu.tbz.ch"|"QaUP&Y-B#xCuK-1HApsW"
"maiwenn.lasty@edu.tbz.ch"|"5LiS8j-3sqP1T-7WCmGh"
"yu.dictus@edu.tbz.ch"|"@1BfSN-@Q3fW1-fM2gQL"
"anae.dukes@edu.tbz.ch"|"WtFnWe-J8Lnb#-TLEZ3Z"
"yenora.warr@edu.tbz.ch"|"aB6tdV-HZKT#y-bplzd5"
"esbjoern.archibold@edu.tbz.ch"|"uYhN&L-Z@8H$9-PM9YKU"
"milena.pardal@edu.tbz.ch"|"yOkS2e-HD@$bp-RDeNdD"
"celestine.graveston@edu.tbz.ch"|"uIFJqk-eYBMUC-IZ%#4V"
"maena.dallas@edu.tbz.ch"|"AO770b-$niNEk-wM&GvS"
"andree.tuke@edu.tbz.ch"|"3o03#M-7SiYMm-HGTXkI"
"methode.seldner@edu.tbz.ch"|"Ei8E@E-T#YGei-IE1qYk"
"venus.bullas@edu.tbz.ch"|"sjMeEr-GRij4Q-IiVD9Q"
"mans.aguirrezabal@edu.tbz.ch"|"K%rP5%-BaJwiI-@SKVEJ"
"gaelle.eadington@edu.tbz.ch"|"kfljgp-MVL7%q-J8l7Qh"
"anaelle.falkner@edu.tbz.ch"|"gq8gNb-3Hkjw9-2RHy@s"
"ophelie.height@edu.tbz.ch"|"$srsrI-foxCxd-dUBqRG"
"marten.bolding@edu.tbz.ch"|"OUGXLL-m5w3o9-ZMyPcp"
"pelagie.guswell@edu.tbz.ch"|"qZOHmM-dk3Vi7-xOPvhi"
"gwenaelle.lecount@edu.tbz.ch"|"jYhQ&K-#o3CYJ-1u%H67"
"hakan.laden@edu.tbz.ch"|"b#rZ$w-EwL@YT-w@gZ#w"
"marie-josee.hylands@edu.tbz.ch"|"I@6lmZ-hBW$X2-dy4SCR"
"zoe.kingshott@edu.tbz.ch"|"nTM9T2-djjSAm-xo&x3Q"
"josee.janous@edu.tbz.ch"|"4yUGgU-ufWAHF-F&xTVm"
"laurene.gallally@edu.tbz.ch"|"PNdwwb-RGSjsE-glQjqa"
"anael.bickle@edu.tbz.ch"|"NXTrlv-1U$snp-gAIJj2"
"mediamass.lebbern@edu.tbz.ch"|"X7$C7&-HiERCk-ocTnmn"
"berengere.hovy@edu.tbz.ch"|"AQst@Y-1JZA#y-78mJBn"
"oerjan.kilmurray@edu.tbz.ch"|"xUI7G0-gNodNt-AKbg9H"
"asloeg.venny@edu.tbz.ch"|"q5brzk-4e0rC@-T73KIb"
"marie-noel.stoad@edu.tbz.ch"|"9UiHRx-iHGc0g-sEt7jI"
"hakan.pettifor@edu.tbz.ch"|"wgdKRp-vmK2kb-HxdM4%"
"maella.willgrass@edu.tbz.ch"|"ZKC6FD-anPd27-ioS@dN"
"therese.ludovici@edu.tbz.ch"|"ty3hoc-tAN73t-OjnVoW"
"stephanie.trewhitt@edu.tbz.ch"|"3V0qwZ-X%LWUV-j%@Hx4"
"maerta.bauduccio@edu.tbz.ch"|"aSWvUd-zsAzT3-em#QEe"
"gaetane.glaisner@edu.tbz.ch"|"SvIbex-Zmt56Z-tc0Xiw"
"naeva.pargeter@edu.tbz.ch"|"BTSNBR-NHhL2L-jgqvqL"
"salome.venable@edu.tbz.ch"|"%#R9q0-wlAUdJ-lSOvhG"
"boerje.thickett@edu.tbz.ch"|"G5Zc5z-%HM#Gc-KZH@pA"
"lucrece.prendergrass@edu.tbz.ch"|"22IDg1-vwtxs5-OxNdLB"
"laurene.ockleshaw@edu.tbz.ch"|"f2JRSU-v9pwAw-0S77&8"
"cecilia.pasticznyk@edu.tbz.ch"|"z@386t-S&vf6Y-KV7vKy"
"stevina.mackey@edu.tbz.ch"|"$myk@e-f9$kRz-Q5%Ivb"
"marie-noel.reven@edu.tbz.ch"|"J6K8@8-tn2Jgq-epbMJB"
"melina.quilkin@edu.tbz.ch"|"y4PdTD-x#W4Q#-hHCU4L"
"marie-noel.ferrie@edu.tbz.ch"|"2uFEMM-eXZiqQ-%9Y4od"
"leone.alphege@edu.tbz.ch"|"BEI7Ke-47a&4b-qm6OQx"
"zoe.leverson@edu.tbz.ch"|"iduMKz-D5a8rA-xQZqxM"
"annotes.grayne@edu.tbz.ch"|"rR2t$d-R4AEg#-lqwca8"
"faites.lalley@edu.tbz.ch"|"yHiAXk-J5@J4r-sq1OwE"
"adele.wallis@edu.tbz.ch"|"heB2yW-wIehLV-zk5WvB"
"severine.madill@edu.tbz.ch"|"uxK5hf-VKj9wD-5Qkly8"
"valerie.tebb@edu.tbz.ch"|"Vaamq@-zv3xsy-QW9mau"
"kalliste.rasper@edu.tbz.ch"|"cifuwb-Qdinpr-6mqKiK"
"audreanne.palomba@edu.tbz.ch"|"B86WCj-neqT%m-YOwADk"
"elea.adamik@edu.tbz.ch"|"AxxJ2o-7jGBQq-NSIdxe"
"reserves.jakuszewski@edu.tbz.ch"|"OItoLj-gu#o#z-$&rTTd"
"athena.belhomme@edu.tbz.ch"|"jUBiXk-2P79tm-t6KG4l"
"rebecca.crippin@edu.tbz.ch"|"hwiDza-XzfqR5-ViRd3%"
"maiwenn.curman@edu.tbz.ch"|"KTQeV3-GujLd5-zCe7h8"
"andree.bunner@edu.tbz.ch"|"VLrHGz-m9aD4j-UUCg#B"
"ruo.winckles@edu.tbz.ch"|"RpX3I3-sVjQHv-YR0EGL"
"naeva.buntine@edu.tbz.ch"|"I3Otxl-vP#oLC-%BlQMz"
"boerje.dollard@edu.tbz.ch"|"X99UWl-NPx2@w-%P0jZ%"
"penelope.gorman@edu.tbz.ch"|"nxNm%O-mH7pjo-pvQnAf"
"alois.robelin@edu.tbz.ch"|"k7VD8r-&xHoON-SU&HD6"
"anaelle.tindle@edu.tbz.ch"|"eX&ou&-cnB4zR-xL958y"
"ye.frears@edu.tbz.ch"|"Dvp@A5-4D1Qwv-itf&IY"
"andree.ovid@edu.tbz.ch"|"tR%O2&-Olo0P2-11$tcs"
"hakan.peat@edu.tbz.ch"|"jUxpMZ-hUu3eA-T5@A$A"
"andre.januszewski@edu.tbz.ch"|"9EldB4-J@SZ1s-Lfla3i"
"annotes.clemmett@edu.tbz.ch"|"G7MVY#-noYq1u-pBFsTq"
"pal.lambswood@edu.tbz.ch"|"jt&Qom-Y&DdQl-XrPWw4"
"yao.lenton@edu.tbz.ch"|"qZS%#@-fEuO7&-yqicVS"
"hakan.boyton@edu.tbz.ch"|"H3Mpdx-rwkshO-1d6RTz"
"nelie.forsey@edu.tbz.ch"|"Ymp8go-hX8pfG-P4&Mym"
"hakan.horche@edu.tbz.ch"|"fQoS5Z-CCVIOx-hcgAgw"
"lorene.sinkings@edu.tbz.ch"|"59dZ6D-3CRVyi-0MLJtl"
"marie-therese.creddon@edu.tbz.ch"|"irbxXS-PquEGC-E$mfEk"
"berenice.tolworthy@edu.tbz.ch"|"wOANn#-tDeheh-hwC5vZ"
"theresa.land@edu.tbz.ch"|"ZHtJ#J-%KvWaY-OW#sNi"
"marie-therese.gianilli@edu.tbz.ch"|"DHu6h$-m3PzBS-9eHTHZ"
"meryl.glew@edu.tbz.ch"|"CU0B8@-j5RTIB-hw$4QM"
"adele.debling@edu.tbz.ch"|"dF3Y0i-tGDm%w-9zK8sp"
"anae.metzke@edu.tbz.ch"|"KZqn0&-HFRjw%-P2LgUO"
"gaetane.gooden@edu.tbz.ch"|"e6TK@E-WJKaYs-HS$7US"
"laila.bootland@edu.tbz.ch"|"ba#%FL-3b$VO6-z%qx3@"
"maite.helsdon@edu.tbz.ch"|"@qsQvY-gwmfL3-ros5c6"
"andree.malley@edu.tbz.ch"|"qqneHP-942c#Z-lnTWPh"
"pal.simmens@edu.tbz.ch"|"YQn%In-sAd8Wg-qY4k26"
"maelys.nuccitelli@edu.tbz.ch"|"gzwTJ8-Fbt3Nl-iJQfC4"
"dafnee.sibary@edu.tbz.ch"|"BuGV9n-D#S%@t-BKTEyK"
"alois.harsnep@edu.tbz.ch"|"$#n@ke-Rb$&5i-9DP1ys"
"marie-helene.lacky@edu.tbz.ch"|"FjbJEb-zu1kp@-ljNJ0I"
"mylene.youthed@edu.tbz.ch"|"wg5VXR-qVIE3Y-j5RJSJ"
"marie-helene.dehmel@edu.tbz.ch"|"KYXWB#-XQ4l&5-HkxP3r"
"angele.batman@edu.tbz.ch"|"@5wQCS-GPkhR#-rGSltr"
"melia.younghusband@edu.tbz.ch"|"fwLJSl-tMISmF-N3IGOo"
"eloise.baldi@edu.tbz.ch"|"OS0AZD-hzQzxt-bQbOw6"
"illustree.dun@edu.tbz.ch"|"Mt3Ans-BojFlP-$n9sdK"
"genevieve.late@edu.tbz.ch"|"qQF9&y-3wGTXu-tKfWZk"
"celestine.colville@edu.tbz.ch"|"SSZwpb-O0XBiz-c#lj7N"
"gwenaelle.scarlon@edu.tbz.ch"|"VSejC&-1lae9&-GI3yiV"
"regine.boddie@edu.tbz.ch"|"@AY1FL-cKQ%4c-$Ct1he"
"creez.gaughan@edu.tbz.ch"|"XP4juk-Wl8XDO-9bJh&$"
"gaia.longford@edu.tbz.ch"|"pbsPf4-tApqJw-bkhcOv"
"mailis.buckby@edu.tbz.ch"|"7oWo@8-UPMZGB-Vzt6wX"
"song.parbrook@edu.tbz.ch"|"1HB#eN-ERVB@O-T58lpq"
"frederique.heddan@edu.tbz.ch"|"1YqX0R-mJX6Yv-M62zAK"
"ake.kirtlan@edu.tbz.ch"|"cjvP8q-hfMojj-SlYS$&"
"nelie.runciman@edu.tbz.ch"|"HdYaoI-nDK5Pk-vbboGN"
"mailis.cardnell@edu.tbz.ch"|"sfK$sp-$CY8LI-YCNnUA"
"irene.navarro@edu.tbz.ch"|"MlSWH4-3uQx$m-94QTLl"
"maite.cough@edu.tbz.ch"|"NF@xhn-lIpqmR-R0$IMl"
"anaelle.stocky@edu.tbz.ch"|"A0FE5B-On6Gxh-afEy@g"
"methode.moulder@edu.tbz.ch"|"X6xPSe-ARWGsD-A5lRfK"
"po.stafford@edu.tbz.ch"|"$TSt0u-gc$nKQ-TcPqNK"
"faites.scraggs@edu.tbz.ch"|"Lnj2tf-os80$p-LM8ARr"
"adelaide.dullard@edu.tbz.ch"|"4VOJN3-&VO94f-A1FwW9"
"desiree.leonard@edu.tbz.ch"|"hcT9OR-GMnhkR-7Yh5eB"
"geraldine.badgers@edu.tbz.ch"|"h%@Zx0-r8sQIJ-5DI9TX"
"ruo.masic@edu.tbz.ch"|"04F3Qt-d$vUgU-h5VDZ%"
"aurelie.lieber@edu.tbz.ch"|"QLPAa0-05BWaF-ojU5yq"
"naelle.balcock@edu.tbz.ch"|"yfFI8e-qMAfH4-kSknrY"
"camelia.elger@edu.tbz.ch"|"g&g5Yl-uI$3T4-I3Fnth"
"publicite.oakeshott@edu.tbz.ch"|"rCil6s-&Q4#EU-eD%nKL"
"cleopatre.fawley@edu.tbz.ch"|"LDggl7-ZTBq03-sKHCG%"
"laurene.bruckmann@edu.tbz.ch"|"$Zzpzw-rTUdCb-kfBeSF"
"rui.haughton@edu.tbz.ch"|"mYqh0D-y#ihgt-NLNJL@"
"asa.ladewig@edu.tbz.ch"|"I9oaiX-@@YtGQ-UL#kUW"
"gisele.janecek@edu.tbz.ch"|"frU$fW-mIDAUX-3cv16B"
"maily.loveridge@edu.tbz.ch"|"1T%PgD-rUQgIY-wi0B6C"
"marie-eve.yurkiewicz@edu.tbz.ch"|"e1m8KA-2aJsYC-LNkL5&"
"fei.roder@edu.tbz.ch"|"R2fWJ8-f9dpec-zjyL8a"
"edmee.chatburn@edu.tbz.ch"|"jm3YN3-TOvpx@-Qk@hYb"
"geraldine.darke@edu.tbz.ch"|"#t%hfP-9ber1T-vsHkiW"
"ye.jira@edu.tbz.ch"|"$Smr4P-l4bG9y-fZboE@"
"publicite.persent@edu.tbz.ch"|"LIdC6B-5jZtkx-O0mlMo"
"severine.wilcox@edu.tbz.ch"|"F&l&dw-0mf9IU-PdqMAC"
"yao.mcclaren@edu.tbz.ch"|"YfXz@$-ztb%MR-cdBLKi"
"theresa.foynes@edu.tbz.ch"|"$84#mo-RQuEsS-sI3bLq"
"stephanie.isley@edu.tbz.ch"|"ppEN$A-1mht#j-U4QU5F"
"torbjoern.growy@edu.tbz.ch"|"b6daWA-PHjvdp-PfzflT"
"eloise.tunnadine@edu.tbz.ch"|"rUI#hn-KXiZrF-%PpPV4"
"maeline.cossentine@edu.tbz.ch"|"T5$kI5-#aVGRl-uaMk5n"
"nelie.desantos@edu.tbz.ch"|"nztiUj-kSv@ge-DCgf9f"
"gaetane.axston@edu.tbz.ch"|"6deCJR-kjq39T-%uL3TX"
"aimee.merman@edu.tbz.ch"|"huuwHt-C#kv6O-b97GKz"
"oerjan.drivers@edu.tbz.ch"|"Burv&H-9PeQa@-WzjnMp"
"aimee.miroy@edu.tbz.ch"|"lHtqtC-u9SnJR-%5yiVe"
"nelie.glyde@edu.tbz.ch"|"@GSYsL-rEeU$p-qARv%%"
"hakan.kapelhof@edu.tbz.ch"|"d&mCld-Vg%EhJ-m&uVON"
"maelyss.cauley@edu.tbz.ch"|"zK178&-lLDlCa-54w2l0"
"elea.vaggs@edu.tbz.ch"|"%Lx76N-UoYy75-G2DMwm"
"maelys.but@edu.tbz.ch"|"d10ZF@-bu2$3L-gZvcRf"
"maella.arthurs@edu.tbz.ch"|"RZSccR-MEd8Pj-Ag59UM"
"adele.liebrecht@edu.tbz.ch"|"GGG9Sy-caFfry-Ip76Sz"
"meline.lomasny@edu.tbz.ch"|"2Mc31@-IUo8lj-WtXglw"
"mediamass.schwant@edu.tbz.ch"|"fjhNkq-&6m%NK-dSNO7O"
"leone.saunt@edu.tbz.ch"|"TkGfSR-meHHo%-E@yCiU"
"annotes.gouch@edu.tbz.ch"|"nTXI&W-#6M9O$-fk6brP"
"gaetane.bowich@edu.tbz.ch"|"@%xxhI-XrSuW3-G%TS@6"
"alizee.strelitzki@edu.tbz.ch"|"YNXaP0-AJlHh4-Jg&EJ0"
"leone.poile@edu.tbz.ch"|"ax82&h-@KR$R@-yxVoYh"
"amelie.saban@edu.tbz.ch"|"k6HIMm-tPZYT0-XnnU6A"
"marten.mcmenamin@edu.tbz.ch"|"56TawJ-R@8v4f-CMX2Ib"
"becassine.keets@edu.tbz.ch"|"HZC9&7-bs8j#w-Bu&4yJ"
"celine.million@edu.tbz.ch"|"VkR7%U-D@VCQD-p06KmH"
"geraldine.belitz@edu.tbz.ch"|"jF652p-Kfwz1f-aG@Rco"
"salome.mardling@edu.tbz.ch"|"KvPZQo-q%5E4U-$xQL##"
"melia.blakemore@edu.tbz.ch"|"aGDNUn-w%H6AD-i3qmnj"
"dafnee.mcaulay@edu.tbz.ch"|"vu%lZB-7f$s9P-xBJxju"
"garcon.dennett@edu.tbz.ch"|"gxxDMQ-jgSqLH-#nOmbB"
"interessant.lesor@edu.tbz.ch"|"#97p9R-#saNk4-&61oOX"
"annotee.wasbrough@edu.tbz.ch"|"zrf4ea-&kqWrY-SIhphs"
"asa.ibbeson@edu.tbz.ch"|"IszRaK-ut@HY#-wfqFy$"
"maily.kennealy@edu.tbz.ch"|"xqjGdS-EFBV7t-ezEw68"
"ye.seares@edu.tbz.ch"|"wElqui-ae0OEm-o$G%RA"
"athena.harbron@edu.tbz.ch"|"OSiG#L-OL43Pp-Uc9wLW"
"andreanne.portail@edu.tbz.ch"|"tJGuWN-r2yxXF-7h0kjA"
"goeran.zannelli@edu.tbz.ch"|"0J3l6q-xxQ9cq-lKM4kd"
"gerald.leathlay@edu.tbz.ch"|"sZ#8JI-E%@svt-kZP7tj"
"andreanne.chown@edu.tbz.ch"|"OFR$gm-4XuCtG-8bKQ9%"
"esteve.clementel@edu.tbz.ch"|"4t$Qtl-Wog5S8-ieX&#N"
"leone.legan@edu.tbz.ch"|"ZgJtRG-4tDHr0-$VCv4A"
"maena.pownall@edu.tbz.ch"|"0ozmyN-PNHcuI-xbhx$r"
"andree.rettie@edu.tbz.ch"|"V7flnc-mrXG&E-FkAq91"
"ines.kenwrick@edu.tbz.ch"|"eLNSbC-LHIKvv-sadVq#"
"marie-helene.yarnall@edu.tbz.ch"|"7cg@O7-CetXpj-9ieM3I"
"po.martin@edu.tbz.ch"|"C3JwaJ-x0iajT-G&fO5J"
"ruo.celiz@edu.tbz.ch"|"3pDNUo-s5mzAD-dwm&%w"
"po.bissett@edu.tbz.ch"|"ysd$Oi-KFYE0f-2w9C0H"
"du.swindon@edu.tbz.ch"|"h$bplU-SA3QXe-RTiyfz"
"interessant.gouldthorp@edu.tbz.ch"|"uTzTnO-Wz6@gi-4nx@IW"
"leandre.lilburn@edu.tbz.ch"|"s4ZEti-XCe69z-WdsYw#"
"bjoern.whales@edu.tbz.ch"|"@@m9BH-l2NVdk-T#Qg1t"
"interessant.dieton@edu.tbz.ch"|"vrJdZ9-YD5eZx-FwBS7%"
"celestine.redhills@edu.tbz.ch"|"VFSmUS-$GNzS2-EH%BcO"
"tan.yakovlev@edu.tbz.ch"|"1LIjOQ-Ec271U-hMHBbE"
"regine.mcdowell@edu.tbz.ch"|"KK5PJr-9ulh2V-ejhUIp"
"ju.coysh@edu.tbz.ch"|"QDKj4H-5NOnf3-OS0j&k"
"reserves.ofallon@edu.tbz.ch"|"IvM@xG-M5KgFs-VaU1$u"
"frederique.sobey@edu.tbz.ch"|"PCp#fY-WOAqaP-rsGLE1"
"marie-eve.garstang@edu.tbz.ch"|"kLZxoF-ESMv%d-B3AqxE"
"andre.tapin@edu.tbz.ch"|"cyNA0z-8ri&Za-ONA4ae"
"esbjoern.eynon@edu.tbz.ch"|"WrEtJL-ep44zI-borknV"
"maella.duffy@edu.tbz.ch"|"nOHwx3-K7jjdd-EJKY0f"
"leandre.twinning@edu.tbz.ch"|"6H3dJq-BbqMWG-Dc&6MN"
"mai.whittingham@edu.tbz.ch"|"88b8v$-zbAYWn-uQa9X#"
"rachele.shevelin@edu.tbz.ch"|"W9uA2W-cj$O6y-T1isJ6"
"cecile.mcure@edu.tbz.ch"|"cYy3Lp-QknshH-uLtVB2"
"marie-eve.yurkevich@edu.tbz.ch"|"ZVOLt1-Lq5Mrv-M6WpFZ"
"almerinda.paice@edu.tbz.ch"|"N14tH6-ytAQaK-Rue2lR"
"rao.howkins@edu.tbz.ch"|"@u%oU#-$era&k-M4xXVO"
"serena.pack@edu.tbz.ch"|"q6WJ3l-ZWlXpp-$Yewex"
"rebecca.mant@edu.tbz.ch"|"iJd1U8-9XGct8-4ZmIvM"
"reserves.spitell@edu.tbz.ch"|"oUzTxg-bIgvJZ-PvXIdc"
"garcon.hamfleet@edu.tbz.ch"|"zhFfkP-rt2Wrz-ZJvdC&"
"methode.kerkham@edu.tbz.ch"|"2OXva@-h$f5q8-H#R0Dd"
"pelagie.camies@edu.tbz.ch"|"$UvKE6-RDDKdu-J%gf9D"
"josephine.macpharlain@edu.tbz.ch"|"EAszWk-oJvOuj-SGuWYb"
"eugenie.mathet@edu.tbz.ch"|"hVnngY-@mL2wm-bIzkR@"
"gaetane.brangan@edu.tbz.ch"|"Lxta8s-m6mr#r-UwveDe"
"michele.dewbury@edu.tbz.ch"|"jkBptI-kUfzKL-n49PgY"
"eugenie.elcott@edu.tbz.ch"|"Jek6A%-SOMUG4-3vPGC8"
"megane.harniman@edu.tbz.ch"|"PSA0w1-8LhAZ2-iflPQA"
"agnes.cluney@edu.tbz.ch"|"AYQPjP-wd0coZ-v0Mrqj"
"marie-helene.angear@edu.tbz.ch"|"yeMvEg-ooukoH-tFaVmK"
"melia.dolphin@edu.tbz.ch"|"Uisqhe-8$rDhS-xou0L%"
"lois.ruseworth@edu.tbz.ch"|"IeRG#H-byjQER-NtC#A6"
"mailys.ryding@edu.tbz.ch"|"LgCq7y-@rAE1d-#4DU5D"
"rachele.wulfinger@edu.tbz.ch"|"@4uZpu-cHnZ&o-lpU8Cg"
"gwenaelle.talton@edu.tbz.ch"|"9xnG1M-&FUE1s-xTYGZX"
"long.ronchetti@edu.tbz.ch"|"AsIcDy-KRor&r-b&P0EV"
"styrbjoern.kloska@edu.tbz.ch"|"gsC&%F-fT7o$$-$95JOz"
"len.sudran@edu.tbz.ch"|"nbu8FK-cveomq-Q4TUzO"
"maelle.andrysek@edu.tbz.ch"|"WU5IYq-jo2SRn-Uir4rQ"
"selene.senior@edu.tbz.ch"|"s&JFoG-@oJcR&-1GyA@0"
"anais.joskovitch@edu.tbz.ch"|"W@y8pU-3o87v4-x1tjqH"
"marie-noel.dally@edu.tbz.ch"|"Rcc#qH-Yqmrl6-8%J9fz"
"marie-helene.laurence@edu.tbz.ch"|"R@gpxH-Wi4#j&-8aAN%X"
"camelia.foxon@edu.tbz.ch"|"5h#5NG-8p#$iQ-GYdH25"
"helene.cankett@edu.tbz.ch"|"xuF7Fr-4ZgTWj-eP8MnQ"
"marten.mitchelson@edu.tbz.ch"|"nnqWMh-UfGBLZ-6TJtR#"
"helena.stirtle@edu.tbz.ch"|"KT&st#-&Ul@U1-0&nYQK"
"leane.barmby@edu.tbz.ch"|"hyVaPD-rxMcqh-GnD7eG"
"goeran.ofinan@edu.tbz.ch"|"$tH38N-L$oWli-6KMuua"
"styrbjoern.proby@edu.tbz.ch"|"odxc6W-IccxBA-EBtYeA"
"zoe.halse@edu.tbz.ch"|"pFJWFh-eVW$i$-hW@EEK"
"kui.drable@edu.tbz.ch"|"uVNW4q-UPbhiC-rkRQKq"
"desiree.bamford@edu.tbz.ch"|"&WpoHy-ixTQH$-#AQDni"
"zoe.suller@edu.tbz.ch"|"10#iZ6-HnyzRi-0Q$4Tf"
"marylene.audiss@edu.tbz.ch"|"xKSrri-EZh9Mj-a#9Gg$"
"adelaide.poznanski@edu.tbz.ch"|"Khe@96-tQ6LcA-brLUiA"
"maella.coleyshaw@edu.tbz.ch"|"6HTgV3-XEr@hk-aW0eHy"
"marie-francoise.gelder@edu.tbz.ch"|"jV81oK-YvH1Pm-xT3bnC"
"eleonore.chaffyn@edu.tbz.ch"|"xDUsSI-G$Qd$A-nX#Ksp"
"celestine.sikorsky@edu.tbz.ch"|"UNX2BB-0$QWpc-$Z9@e7"
"stevina.londsdale@edu.tbz.ch"|"lBqivv-0aMqIO-dXNEk6"
"maiwenn.nevitt@edu.tbz.ch"|"JRJbHX-xW@2t#-W7Ul9Z"
"magdalene.gerrey@edu.tbz.ch"|"LEUuAJ-Pki%w5-@V6fci"
"becassine.latimer@edu.tbz.ch"|"cLXlt%-S0ra87-5@qlsN"
"da.lethibridge@edu.tbz.ch"|"acQ&Xv-YHcbp4-vBQnGs"
"mailys.claige@edu.tbz.ch"|"3oe037-oM&TQ#-V@cQEO"
"maena.torbard@edu.tbz.ch"|"d04eUl-nylgh7-Gw%g6H"
"solene.lyvon@edu.tbz.ch"|"F1j#FQ-CXd7Cg-4j7guJ"
"marie-therese.benbrick@edu.tbz.ch"|"#FUXQK-$OB$%#-kBlIU3"
"gerald.edmonson@edu.tbz.ch"|"Od&&Mm-mUgbcU-8K26O2"
"ake.messruther@edu.tbz.ch"|"dY#82#-ZdDfvk-WLWYeK"
"men.gosneye@edu.tbz.ch"|"Ur#Ehc-erpSRL-QSyKdF"
"anais.jefferys@edu.tbz.ch"|"lNuGRl-cYPIcj-8ucl&l"
"publicite.tregale@edu.tbz.ch"|"jUxI8s-Y8prMA-1WShml"
"maily.santorini@edu.tbz.ch"|"DPomhj-%G$lC7-2PM63M"
"ines.pioch@edu.tbz.ch"|"9PbZDH-r0bT3u-lBXiqG"
"noemie.marklew@edu.tbz.ch"|"K8qfRI-lBw1PY-7uhJfj"
"meghane.maccaffrey@edu.tbz.ch"|"tuPdKm-iWmXIy-DqyjxO"
"berangere.ambrogio@edu.tbz.ch"|"T5ue8#-jkETym-KTopAh"
"mediamass.ryce@edu.tbz.ch"|"o12sCb-4835gf-Ty46s6"
"oesten.ubank@edu.tbz.ch"|"Un5C%W-mEqJBd-ZL5JYN"
"melina.mackee@edu.tbz.ch"|"r4rADn-AYu7ge-wIVlxV"
"theresa.livezey@edu.tbz.ch"|"ZZGP8O-yzo##Z-UvmgSz"
"clemence.weal@edu.tbz.ch"|"SpdWgs-3#roW7-wvyuRQ"
"faites.overton@edu.tbz.ch"|"ksZlKM-tSVx4k-ME26@$"
"clea.lindblad@edu.tbz.ch"|"&v2xJv-iHB27g-J4Cmz4"
"josephine.roseaman@edu.tbz.ch"|"p%bj#T-n5MIz9-Omv9Fp"
"oesten.lowbridge@edu.tbz.ch"|"EQU&uV-hBiGAd-4oXysD"
"marie-josee.brion@edu.tbz.ch"|"4dsh3J-ZcY63O-UMdXno"
"therese.basili@edu.tbz.ch"|"ws86pf-4hzm1w-7q2dF1"
"melia.vertigan@edu.tbz.ch"|"URyA5$-iiHsqc-Zg8kex"
"judicael.saull@edu.tbz.ch"|"vf&P9K-kNJk3u-zbU@ES"
"selene.valentine@edu.tbz.ch"|"nkrLHm-ikQJqx-iz$tMi"
"verane.dunlap@edu.tbz.ch"|"t@Xh$N-$K@ESB-wcsHj&"
"meline.kinnear@edu.tbz.ch"|"uu$Myd-sOiPcg-ZFr#he"
"lei.luttgert@edu.tbz.ch"|"ckcqMq-Se2g93-PW2&ER"
"styrbjoern.lathleiffure@edu.tbz.ch"|"r6EMQ0-S1saRA-o11vn4"
"marlene.blasi@edu.tbz.ch"|"KdD%ZQ-uCVkm2-iP7A@%"
"mai.begwell@edu.tbz.ch"|"A%Qj13-W5vxM$-Zv7NN8"
"gwenaelle.kaines@edu.tbz.ch"|"FuW%sd-4e%7L&-yqLovk"
"gerald.adamthwaite@edu.tbz.ch"|"6uoLeM-Yt@2#8-s23YQ7"
"kui.hartfield@edu.tbz.ch"|"ckxJIg-0T#UK2-Vc7VOh"
"salome.currao@edu.tbz.ch"|"dtOq2e-9ZcqNx-bCMIEc"
"angelique.tixier@edu.tbz.ch"|"IGaB&K-p@0fCk-5OD1i2"
"ju.mcgragh@edu.tbz.ch"|"QKzBgU-9QpS8g-7#JTKN"
"dafnee.beachem@edu.tbz.ch"|"mfHK86-sWCqc&-hnAIX4"
"creez.terlinden@edu.tbz.ch"|"mrOEzw-nU0ysl-&DEnGb"
"uo.mcskeagan@edu.tbz.ch"|"p8jk2x-352w$v-tbCR4W"
"edmee.mccaughren@edu.tbz.ch"|"xBwkcW-PNt@i9-S#SUx0"
"asloeg.cozby@edu.tbz.ch"|"YdvzaP-C81pzY-Vek8zo"
"melodie.traite@edu.tbz.ch"|"TFDT6d-dju5bs-e3Ju35"
"dorothee.aindriu@edu.tbz.ch"|"CDGciY-EbEL5N-rBkg3O"
"daniele.doley@edu.tbz.ch"|"z2OwX3-lXYHhb-L2bb5i"
"mediamass.fairclough@edu.tbz.ch"|"5kAXBH-4ZGSCU-Zn$9fm"
"lorene.rainforth@edu.tbz.ch"|"EMSFol-zEDWyd-EyjzvD"
"leonore.eyer@edu.tbz.ch"|"8aVFXh-2KIfgg-zJlPh1"
"po.spillman@edu.tbz.ch"|"SlNnNt-jYYmob-6FA0f#"
"cecilia.plitz@edu.tbz.ch"|"HRdJgy-by07Y#-v6#KbZ"
"lorene.ludlow@edu.tbz.ch"|"F2u9rW-$YxsIg-#x%TCT"
"berangere.neligan@edu.tbz.ch"|"VfqxRG-#Lbilr-Hmvad$"
"simplifies.huggan@edu.tbz.ch"|"D0PVUS-1gQgt5-F3DVvw"
"clelia.prandy@edu.tbz.ch"|"bUzOLi-QmxkBT-2%DF07"
"ake.osban@edu.tbz.ch"|"e$qb$f-uzJgXz-N&Qdxw"
"cunegonde.brunn@edu.tbz.ch"|"r$#AOp-s@jWl0-WEBvYZ"
"long.grizard@edu.tbz.ch"|"s2SI%5-WH9cez-qlu3qu"
"meghane.diss@edu.tbz.ch"|"PWDghe-ezHIbF-lIFbS2"
"therese.oldman@edu.tbz.ch"|"P@XnqF-EB#aFa-y2@TUR"
"boerje.scamerdine@edu.tbz.ch"|"j&TsDa-vNDROe-&l9mnt"
"du.saban@edu.tbz.ch"|"MteweB-i9YzHF-4gND5S"
"hakan.clynmans@edu.tbz.ch"|"nnz%bu-PL8yO6-mvL55w"
"wa.macdowal@edu.tbz.ch"|"gFZAIq-dDmU7C-%PaFH&"
"venus.hatrey@edu.tbz.ch"|"ReNBmU-0QHVmV-IZ7MAc"
"anaelle.vispo@edu.tbz.ch"|"&JWQKA-I%koEy-lJOx1M"
"mahelie.ollcott@edu.tbz.ch"|"A#esow-&ZIYHQ-WHApG8"
"mediamass.whyman@edu.tbz.ch"|"NvYcZE-28wCZs-i%DtyA"
"esbjoern.basson@edu.tbz.ch"|"kbLaNv-nqlU%%-zW@5hd"
"andrea.morrill@edu.tbz.ch"|"GmM$jl-#k6Dmb-bY1YDL"
"melys.grassi@edu.tbz.ch"|"p6QvKL-j2cjJ8-Rh@I8z"
"leone.poleye@edu.tbz.ch"|"zsdeXy-YL$p@P-ULtDX1"
"francoise.penny@edu.tbz.ch"|"smSV&w-%xnxxg-BGB6IM"
"rebecca.edney@edu.tbz.ch"|"s2@%Fq-ZCXNIi-J65b2d"
"adelaide.murtagh@edu.tbz.ch"|"0AldSv-v6CXio-EJ3ojZ"
"stevina.winterbourne@edu.tbz.ch"|"AHygI4-cmnvNn-tmhwKS"
"ma.cottom@edu.tbz.ch"|"%Df%1B-46JNzW-&$mxyr"
"tan.harold@edu.tbz.ch"|"cAw8eU-4WJBYL-Oa2rRO"
"venus.forte@edu.tbz.ch"|"wmU8rP-sxoqKb-Rk594s"
"almerinda.oluney@edu.tbz.ch"|"PKR15u-fCDqcb-Xcabsp"
"cleopatre.brehault@edu.tbz.ch"|"sqzD@V-KP9TSX-D#0oU4"
"interessant.lapides@edu.tbz.ch"|"$%pqQr-MUkYco-w7Z5fl"
"reserves.hallatt@edu.tbz.ch"|"0J8NRl-r7atTi-cX5Anv"
"annotes.birdwhistle@edu.tbz.ch"|"yTbCmS-Mi18nx-a@blRj"
"ai.dredge@edu.tbz.ch"|"#Tf##w-OBUarD-VsyX9j"
"megane.mussard@edu.tbz.ch"|"15Yks&-JiyPrv-284fDf"
"esbjoern.gowrich@edu.tbz.ch"|"0jT1#n-zJdTWO-E0#c&W"
"boerje.brislawn@edu.tbz.ch"|"CHw7O@-V@Kv1v-kT6wPi"
"becassine.wilce@edu.tbz.ch"|"nzF1Vs-#BuQtH-ZEMN7h"
"personnalisee.oels@edu.tbz.ch"|"nOS5Cq-%l2cF7-QrUWtv"
"verane.pett@edu.tbz.ch"|"b3ByN7-#7d9Au-RQ4pNs"
"marylene.glewe@edu.tbz.ch"|"cTUh7v-P9A1$Z-rVB2PA"
"lai.elson@edu.tbz.ch"|"8dj%Df-hJn#Jw-bXA19v"
"serena.difranceschi@edu.tbz.ch"|"9EZk17-YVStgy-KfV5w$"
"lie.espinel@edu.tbz.ch"|"48syCo-1GmPLb-q4Swpw"
"marylene.fantini@edu.tbz.ch"|"II9RZd-VwnUiL-tu2I#5"
"andre.archdeckne@edu.tbz.ch"|"mwEJXQ-C9wv2O-5JRnxD"
"goeran.bohlingolsen@edu.tbz.ch"|"z@Mmk$-MAw#lx-Vq7D%#"
"cunegonde.heffer@edu.tbz.ch"|"EHfz7w-k#PzWf-T0LVt4"
"tan.fechnie@edu.tbz.ch"|"T6lkhY-PqLCnX-0NoW64"
"marie-noel.brammar@edu.tbz.ch"|"b0dixE-sVFu0n-SNs891"
"simplifies.aven@edu.tbz.ch"|"o@NS7r-r4LDL0-0hXoRU"
"melys.pinchen@edu.tbz.ch"|"0$Z@oc-PwYjCx-Y8evEO"
"edmee.joyner@edu.tbz.ch"|"SGzlYu-6bajsh-0D%@7O"
"berengere.edess@edu.tbz.ch"|"QV3uH@-af#arV-eY@pgx"
"marie-noel.goward@edu.tbz.ch"|"#lnc87-@ntveI-QyGt$6"
"ju.edmons@edu.tbz.ch"|"Zu3gc%-W7c&K7-i6#J8k"
"frederique.airds@edu.tbz.ch"|"Y67h#E-%Z7asB-V%xEMs"
"reserves.dauby@edu.tbz.ch"|"QKPJf$-o8f@h3-JsQ4Xd"
"hakan.gynni@edu.tbz.ch"|"O%rCMJ-MNM$aX-Ei6tX&"
"leonore.pinwill@edu.tbz.ch"|"4U@FhZ-mLX&Nq-QHFtH7"
"marie-eve.mcallan@edu.tbz.ch"|"BYF1Gx-0@xoPM-Zd8dQv"
"naelle.yeabsley@edu.tbz.ch"|"%OO%h1-@wEetU-JTl4du"
"nelie.jacobovitz@edu.tbz.ch"|"rvV&v%-WNAfQx-fogDEI"
"adele.conelly@edu.tbz.ch"|"jZDP1d-h4pHmu-DHl5Zl"
"clementine.dondon@edu.tbz.ch"|"IQ6#R$-Nl3ic&-eW1U1n"
"zhi.willcot@edu.tbz.ch"|"h790%i-ZM88zz-Ktx7vX"
"chloe.janicki@edu.tbz.ch"|"s@Gq3v-wI22IL-2KZRap"
"meng.linde@edu.tbz.ch"|"9ApWsa-bsXiQo-KcItwa"
"celine.janisson@edu.tbz.ch"|"CUgxQO-BQWSzx-O4KgUO"
"clelia.crow@edu.tbz.ch"|"txHuvG-g#qUMo-&aXQ8n"
"cecile.pyott@edu.tbz.ch"|"uOS1II-Bp2hno-v9B8sE"
"ma.fidelus@edu.tbz.ch"|"LzwZYb-HTMLJX-hshJb@"
"marie-helene.poore@edu.tbz.ch"|"UhZ5KX-M3wel8-MTPUsX"
"elies.blanket@edu.tbz.ch"|"9PvxBS-oEhOjW-Yr&27n"
"yu.boyer@edu.tbz.ch"|"M6xAfl-&cS@DM-LoQ&13"
"celia.welds@edu.tbz.ch"|"%fUofv-TrGtMW-CV8lVO"
"du.gunney@edu.tbz.ch"|"XukZxn-bF7k%L-NNjx58"
"goerel.crush@edu.tbz.ch"|"%sdJmH-UgWScd-hPwRWs"
"marie-josee.brosius@edu.tbz.ch"|"pkXRSr-5D6$D5-CxBZU6"
"camelia.adds@edu.tbz.ch"|"2WtLRy-$6QoFA-$%DdeT"
"anae.irwin@edu.tbz.ch"|"dSjrw$-CAKFU$-V1t$wb"
"cleopatre.skeffington@edu.tbz.ch"|"%lJcfn-h&vjD1-uGyuGB"
"gerald.suggate@edu.tbz.ch"|"H1lTTj-BPADz&-O3V$$$"
"laurene.tailour@edu.tbz.ch"|"KPEg%p-U0BVNp-5&3JLI"
"amelie.hoble@edu.tbz.ch"|"kPQVP9-W9phDD-mVWYkH"
"venus.getch@edu.tbz.ch"|"DXa5yw-4Z$EHs-XGluhf"
"renee.treby@edu.tbz.ch"|"@n0qZt-cJs8Cz-woM7V9"
"almerinda.stait@edu.tbz.ch"|"SM95iX-zbd8pb-MlWN$e"
"andree.reddecliffe@edu.tbz.ch"|"GWvZXM-wVl3Wy-wHDNaw"
"leone.wintle@edu.tbz.ch"|"GG6mD6-JQCnbI-pvv2R2"
"gerald.fellow@edu.tbz.ch"|"@%h@WM-y9eY@I-EVe0Pp"
"ju.gudger@edu.tbz.ch"|"Bhudzb-E90PWP-$4CZ0@"
"meng.ohaire@edu.tbz.ch"|"VZ9IqL-$9qlpJ-EIbGsd"
"cleopatre.missington@edu.tbz.ch"|"Od6N1#-CTRAs6-xNQ@j7"
"annotes.debruyn@edu.tbz.ch"|"DkkKxd-ZrT7M%-ZWRsCN"
"gerald.sinisbury@edu.tbz.ch"|"MkSNyT-q35UcQ-JI1yb&"
"creez.slora@edu.tbz.ch"|"D6N4mL-6a6MrS-m2DOU1"
"gisele.benbow@edu.tbz.ch"|"u4MPlq-QZCQ2S-zep5Nv"
"pal.dossit@edu.tbz.ch"|"$z%d7l-cCKgcS-E@M73i"
"nelie.stirrip@edu.tbz.ch"|"v83fgz-qG9XSt-WH1CUo"
"alois.ocrigane@edu.tbz.ch"|"vYrAXV-0t0s1Z-@bbLV8"
"kui.mcterry@edu.tbz.ch"|"HbXJuL-nED3T4-WHfiIH"
"long.willgoss@edu.tbz.ch"|"F8Qwr2-dZjJGt-VO1d#V"
"francoise.sumpner@edu.tbz.ch"|"GqRfNw-&sCE1i-Un7%vn"
"maely.grinstead@edu.tbz.ch"|"XmbXWP-dTYwsl-MScfZb"
"creez.langeren@edu.tbz.ch"|"c@C5uF-vYomGP-#t$zoJ"
"adele.dungate@edu.tbz.ch"|"l5hW8j-soJmoD-4&Wcd0"
"cleopatre.noirel@edu.tbz.ch"|"s2YEQZ-Nvo1Dc-2HFy#2"
"interessant.daverin@edu.tbz.ch"|"TVToDa-TlqPlt-w7jykn"
"naeva.kalderon@edu.tbz.ch"|"@Uc&NY-JJtXp9-Ba$2Eh"
"anais.oshesnan@edu.tbz.ch"|"pEVNPY-JrFBBV-S5Ii#H"
"judicael.anelay@edu.tbz.ch"|"O4YRWy-HCzlM&-W15DRE"
"eloise.braxton@edu.tbz.ch"|"dnsRgN-eHsIPt-Anxpcc"
"desiree.greguol@edu.tbz.ch"|"XKea#p-95YUIG-9KHGzg"
"maite.mcclenaghan@edu.tbz.ch"|"$I2NKR-9Wx20C-G&3TNG"
"meng.doret@edu.tbz.ch"|"AkPSPH-cWdSol-hXaIDc"
"frederique.chippendale@edu.tbz.ch"|"WEDSy5-zbdBeE-pi&Vp@"
"andreanne.lanney@edu.tbz.ch"|"QKDqLI-ztcCdO-ERIIG2"
"aurelie.claus@edu.tbz.ch"|"WpM@ar-zV1RoF-tMVY7x"
"renee.pabel@edu.tbz.ch"|"9zQA$s-3xs3HH-BkRtJw"
"maena.roust@edu.tbz.ch"|"yNz$f$-pQjD8A-R72rV#"
"nadege.carwithim@edu.tbz.ch"|"bgDXZk-jUtZ&%-6Pxc2K"
"solene.geyton@edu.tbz.ch"|"$0A6Q6-qqxsAw-yMkcna"
"dafnee.avraham@edu.tbz.ch"|"8GNIik-f@gAn9-ouHQkF"
"leane.woolvin@edu.tbz.ch"|"UZnODw-8jdQ6m-YGPukp"
"adele.macadie@edu.tbz.ch"|"KhujdI-9&hOX8-8Q0Pwz"
"meline.rubica@edu.tbz.ch"|"NZFWs%-PEmr%6-FDB#Q8"
"marie-noel.speeding@edu.tbz.ch"|"@p21@G-MRla%&-gPgORM"
"nelie.mix@edu.tbz.ch"|"PiRT%l-3uV4y5-BcmK#y"
"clea.ollett@edu.tbz.ch"|"kihg5@-rkKTF$-1r9zXu"
"leandre.mcgavin@edu.tbz.ch"|"t%nP&R-DnJ3lC-DXEzx4"
"cecile.behne@edu.tbz.ch"|"aPxNR%-fLTH2a-XWR&fI"
"melanie.polle@edu.tbz.ch"|"@rGkiL-NxU3IG-D9IZx&"
"marie-josee.titmuss@edu.tbz.ch"|"Im3EK9-Ut1so#-5xs3Q9"
"helena.guest@edu.tbz.ch"|"sXAcET-CW@7aw-EsqVJ&"
"annotes.chicchetto@edu.tbz.ch"|"xunU98-sqjZxN-194LLo"
"melia.tubb@edu.tbz.ch"|"YAMRU@-bG3yWq-QF&n%y"
"angelique.casetti@edu.tbz.ch"|"T7&oTg-b&mv4L-oNUlgW"
"cunegonde.cleall@edu.tbz.ch"|"aWJy2i-9WavSE-GD61zU"
"camelia.oaker@edu.tbz.ch"|"FqrVx%-W3CGXn-IXVVmE"
"you.searight@edu.tbz.ch"|"p0tDOp-CAMbFg-4mQu4E"
"kevina.dederick@edu.tbz.ch"|"fCJ&P7-nZycnY-mu78Yr"
"milena.jeffrey@edu.tbz.ch"|"ktWkxk-oaBS3&-Hj@0v#"
"melodie.barkshire@edu.tbz.ch"|"mMI@ao-l&zup4-&nfAeA"
"gaelle.kreutzer@edu.tbz.ch"|"8B1lzC-C2p9V%-XNT&Ac"
"kalliste.kleinpeltz@edu.tbz.ch"|"cQf&4r-XKyExy-S%IY%s"
"clementine.danat@edu.tbz.ch"|"31@2AJ-wXv0iI-97Z2YK"
"andrea.wabb@edu.tbz.ch"|"H4KEKu-d2vzk4-xUoTTp"
"geraldine.piesold@edu.tbz.ch"|"$EJHGW-pV6IJ3-Eesmnq"
"tan.fiveash@edu.tbz.ch"|"LsgU$U-ebij5h-L&eua%"
"meline.yuranovev@edu.tbz.ch"|"cXaO8&-ywsozF-@K5xsQ"
"therese.holme@edu.tbz.ch"|"VRpGjb-E8NnhL-ZT&m#%"
"salome.vaney@edu.tbz.ch"|"XkEK6P-8w2qu5-nYNFoV"
"anae.abramson@edu.tbz.ch"|"CGxl71-Hps&E6-7tVKWY"
"kalliste.jimson@edu.tbz.ch"|"LYuzRa-T&P4xX-6TxV6w"
"selene.yole@edu.tbz.ch"|"uJTyXw-%mfWx&-B8LrMz"
"agnes.defraine@edu.tbz.ch"|"K@Vt%z-IU28aK-yFQJ9h"
"faites.mccluin@edu.tbz.ch"|"GJXSZh-$f%Pad-85p%4W"
"athena.deme@edu.tbz.ch"|"O3pnHU-4pFGV4-U7OiGP"
"daphnee.brigstock@edu.tbz.ch"|"XR9$sn-DfELPZ-sP330T"
"goesta.skaif@edu.tbz.ch"|"ZAimF$-m9EwLg-fkW3&V"
"oceane.jagoe@edu.tbz.ch"|"jvA4mE-cWGeUd-azaVp2"
"annotes.broomhall@edu.tbz.ch"|"%KfVVv-bJ55rr-0Jyix6"
"marie-eve.ballendine@edu.tbz.ch"|"%Z2TgE-o#YDOt-Dt&@%$"
"melina.spykings@edu.tbz.ch"|"xi8CHC-RSbhIb-pSscYe"
"laurene.ticehurst@edu.tbz.ch"|"EEjiqG-mViDJ9-6UxCGl"
"fei.avramovic@edu.tbz.ch"|"D@iM5M-E&MI5i-CHH160"
"publicite.strathearn@edu.tbz.ch"|"Qc#bC@-i$jVpK-Fe4luq"
"torbjoern.garrow@edu.tbz.ch"|"Ht8QiS-d$ZhBt-bMY%JU"
"chloe.rubinsztein@edu.tbz.ch"|"#0gczj-8Q9LXA-P&XTBS"
"mylene.demanche@edu.tbz.ch"|"BbHX%8-f2LNQm-pmNdxQ"
"mediamass.godlonton@edu.tbz.ch"|"h7odAR-Vxs4x$-2sPXhd"
"renee.shurrocks@edu.tbz.ch"|"g#aQEM-LNpePC-4@tdqX"
"maiwenn.jedras@edu.tbz.ch"|"S377wZ-OvXO8M-7uaaCG"
"genevieve.castells@edu.tbz.ch"|"UGTVBq-w7x13O-4rouss"
"renee.sneden@edu.tbz.ch"|"7C6JKX-QGVkgJ-suhJL7"
"lai.mccallion@edu.tbz.ch"|"CHMJDi-yvqdVa-R0%K1g"
"kevina.impleton@edu.tbz.ch"|"jkf6fY-fzX@5X-P2vmpB"
"oesten.fresson@edu.tbz.ch"|"F@gzS1-9OBqjy-7ke349"
"verane.shawley@edu.tbz.ch"|"5bUgzU-uuLYNj-GuEKsP"
"uo.sjostrom@edu.tbz.ch"|"jvSAiB-TTpNzD-gP93&m"
"gisele.gothup@edu.tbz.ch"|"lsQFcm-LfvFLg-R&TNS$"
"renee.beauman@edu.tbz.ch"|"3H5zsl-vBsu9&-&2j#eB"
"elies.loton@edu.tbz.ch"|"aLKqNv-HkoUPy-vPHxBy"
"valerie.elsmore@edu.tbz.ch"|"p#etjG-O%$jBT-9s9QMh"
"berangere.delafeld@edu.tbz.ch"|"ISWtuU-6U0mEb-LdBedO"
"bjoern.schimke@edu.tbz.ch"|"Ma1BMf-WVDYLG-%qsA81"
"loic.ericssen@edu.tbz.ch"|"jFFuRL-1W52H7-h9Dx3P"
"creez.richarz@edu.tbz.ch"|"JbfsHx-Q%CmNK-PDCBPb"
"athena.grocott@edu.tbz.ch"|"I7hbcz-bOCG5%-5TNEx5"
"naelle.piotr@edu.tbz.ch"|"mn5NWS-z73nyb-ySAped"
"maella.paulson@edu.tbz.ch"|"y$i8VI-2sb1rm-ylVuG6"
"song.perot@edu.tbz.ch"|"wSi&TL-FPXSe$-cqVvKv"
"kalliste.heckney@edu.tbz.ch"|"hJpG6U-@eMOtw-GtwUly"
"ake.vasyutkin@edu.tbz.ch"|"lhv$UT-QLed2u-wYnmwK"
"ma.castles@edu.tbz.ch"|"S483#d-0VOCiX-3k@e#O"
"maely.monget@edu.tbz.ch"|"W1UFu#-@51jK8-K5Ba@T"
"tang.durbridge@edu.tbz.ch"|"xhagVT-aZ9C1w-4gcJ#u"
"laurene.andrew@edu.tbz.ch"|"a%pUJp-IwYmGx-fY@wG9"
"lysea.beacon@edu.tbz.ch"|"uWDm$Q-B5DsDT-poAbpZ"
"leandre.peyntue@edu.tbz.ch"|"@uH$Iu-l643vn-UX%0&%"
"rao.trever@edu.tbz.ch"|"$&ApRQ-1yUsqJ-pbOe67"
"mahelie.streader@edu.tbz.ch"|"XtxD9D-WgHQnf-kPiJ1H"
"maerta.andrejevic@edu.tbz.ch"|"9TlL3B-mOiCHv-PrLkAq"
"goesta.tompkins@edu.tbz.ch"|"xrqhFI-zaqwBQ-fz6iFj"
"helena.agates@edu.tbz.ch"|"i8VA&3-iDYo2@-qLNtNs"
"therese.glass@edu.tbz.ch"|"cyi4nZ-9rvmdc-y$fiU&"
"alois.foan@edu.tbz.ch"|"PBTxXC-lom4@2-AzGM&C"
"becassine.melchior@edu.tbz.ch"|"#eXoPE-rc%%Nz-YToJXi"
"cloe.robart@edu.tbz.ch"|"r1lBXX-$xX189-m5YoGE"
"daniele.puckinghorne@edu.tbz.ch"|"ahWesQ-fYM$9E-Xx3eTk"
"selene.cammidge@edu.tbz.ch"|"mDYCbP-S&6VC@-bouHQ$"
"regine.conochie@edu.tbz.ch"|"wjbclf-wfB8yN-sYGc4A"
"interessant.tuiller@edu.tbz.ch"|"9S4Wur-UC0#Pm-5greKa"
"long.tiebe@edu.tbz.ch"|"sK7u45-@@GPQF-#Derjp"
"mans.yele@edu.tbz.ch"|"c@ZrGZ-lfZaYE-H$gxqz"
"ai.giles@edu.tbz.ch"|"rGLex#-2UA8@b-JmmKoC"
"gaetane.hamberston@edu.tbz.ch"|"XdKJ8z-eOZmsh-nutT00"
"marylene.fenix@edu.tbz.ch"|"EA2H4N-H29bkm-RLUbHm"
"geraldine.graeme@edu.tbz.ch"|"36MVdg-PzYRqf-SbAg#Z"
"tang.kinglake@edu.tbz.ch"|"9DuNrl-wSB$Zw-2GcmNa"
"lai.challoner@edu.tbz.ch"|"xf78#g-IAzcwT-8xMJpl"
"desiree.mattei@edu.tbz.ch"|"o$1beO-B@xNPO-Syw&&@"
"ake.erley@edu.tbz.ch"|"T@C$0F-@QGv7k-htCm9#"
"edmee.cavil@edu.tbz.ch"|"sAyW%5-83XpVD-A4704c"
"alois.moyes@edu.tbz.ch"|"jLO1Hb-ZfrcfE-kzMXuo"
"becassine.pitman@edu.tbz.ch"|"yh7W2S-@SiJz#-orm&Kf"
"ai.giacovelli@edu.tbz.ch"|"D@Imtw-Tcj4UP-WNG69d"
"judicael.fruchter@edu.tbz.ch"|"vz83sV-6JNOXp-tA%Sga"
"mans.mogg@edu.tbz.ch"|"0Qkhe%-n#Tq$N-ncHMBL"
"gerald.foyle@edu.tbz.ch"|"OF1VRF-6kDXM2-w$0&tq"
"wa.androletti@edu.tbz.ch"|"P7Fj&Y-VleQFu-cM%N3m"
"meng.ollett@edu.tbz.ch"|"Nkdsbv-emlKY9-iqY$ZV"
"naelle.macmenamy@edu.tbz.ch"|"RJwXCI-hpDmeM-XtiK0Z"
"gisele.mcramsey@edu.tbz.ch"|"PM4cVo-n7#%gt-R79Scq"
"meryl.scolts@edu.tbz.ch"|"pvjH#d-PbX9uv-NJxbN#"
"celia.bloxsome@edu.tbz.ch"|"pWGQ@j-5D1rOe-w99JW$"
"styrbjoern.stuke@edu.tbz.ch"|"OaohOg-SHvdPC-JuVFCf"
"felicie.gwilliam@edu.tbz.ch"|"%fVJDe-LF2K6w-9mN945"
"da.harms@edu.tbz.ch"|"OYbJ7P-zC7B6Z-vg2kwj"
"celestine.baulk@edu.tbz.ch"|"v7y4h%-mO0thc-2e2OGV"
"mahelie.blackledge@edu.tbz.ch"|"#g2W1Q-2&$HUN-IOiKnD"
"meghane.salt@edu.tbz.ch"|"Mn2&JR-VRC%Kt-2q6$q1"
"methode.paxeford@edu.tbz.ch"|"1rStaq-f#qR%g-x3p%4i"
"asloeg.milligan@edu.tbz.ch"|"sd8bG$-iZp90n-4tgrDw"
"you.pellman@edu.tbz.ch"|"Vm0wbR-OO$AOH-c0ph&i"
"loic.regenhardt@edu.tbz.ch"|"3GLdyh-p1MsoQ-UonMM&"
"daniele.savill@edu.tbz.ch"|"6xjX@v-JDIyzL-@sZ#6K"
"alois.cornu@edu.tbz.ch"|"WKv3Gx-7A7rtD-A3PwQP"
"oesten.govey@edu.tbz.ch"|"jWQPYb-ix$%9S-7ArAWf"
"marie-eve.louch@edu.tbz.ch"|"cPFQLo-w6P8UZ-2ScoF%"
"theresa.wenn@edu.tbz.ch"|"Oze9Ww-nCjB9M-OWzR&S"
"andree.eul@edu.tbz.ch"|"2qo9#3-N#Nl3y-Qs8byM"
"lie.paynton@edu.tbz.ch"|"yAXvQ&-E&ISEY-aYHDT$"
"marie-eve.girodier@edu.tbz.ch"|"r9y7rH-$8vlCv-f@BLW6"
"marie-noel.smithe@edu.tbz.ch"|"51xtm$-IVWHwM-CX5pwR"
"men.bootyman@edu.tbz.ch"|"dwBF#U-cZGkKb-&1ATwW"
"ku.sugg@edu.tbz.ch"|"BV82$C-Dopf%f-l$6t4t"
"lucrece.roseman@edu.tbz.ch"|"K2Vtik-J81Tr2-WDr$F4"
"zoe.annear@edu.tbz.ch"|"YcfVEr-DnSwfZ-cik87x"
"marie-helene.rennebach@edu.tbz.ch"|"Wb#Hmv-tgmdqQ-W#3uLP"
"lea.djurdjevic@edu.tbz.ch"|"L6NokV-hfSBG1-$BDH3L"
"goerel.robert@edu.tbz.ch"|"&BHjrb-buFnVI-fBAEOa"
"mylene.foldes@edu.tbz.ch"|"ysCk6l-2WtH7$-C8oqLr"
"faites.clegg@edu.tbz.ch"|"uc8Rkt-uGzyjE-T7pXTT"
"marylene.crowcher@edu.tbz.ch"|"RhD8UO-30%A4D-41kTK#"
"aimee.wimpeney@edu.tbz.ch"|"wkVn1d-9YfRi4-hw3wz9"
"renee.atkins@edu.tbz.ch"|"72tfC2-iyBAWK-lX2nQ2"
"rejane.cainey@edu.tbz.ch"|"wcgFny-8Jgyba-U&Eohv"
"solene.britney@edu.tbz.ch"|"JL9GN&-qKQtNF-ZcRw2p"
"marten.shatliffe@edu.tbz.ch"|"ouU4bE-2LLIh&-wpaevf"
"maite.issatt@edu.tbz.ch"|"E8h4bK-X3RiLA-Yh7kYD"
"maelyss.edon@edu.tbz.ch"|"Uq&3wK-F3RC0U-3iaUMn"
"nuo.bamling@edu.tbz.ch"|"tEP%P%-#&K&Y5-Y@0DhW"
"anais.edards@edu.tbz.ch"|"mYxEis-w%TyhR-f59hXm"
"mediamass.bromet@edu.tbz.ch"|"f2Vui4-CJfsv&-WWkjqO"
"beatrice.kimbrey@edu.tbz.ch"|"4gT&Ei-osh115-LNAPVS"
"ines.lawranson@edu.tbz.ch"|"tLhRm@-i9B5u2-2HvQeq"
"kalliste.scandroot@edu.tbz.ch"|"B1vRZV-kOIfiL-Aj3aGi"
"mans.barrowcliffe@edu.tbz.ch"|"K@9qbd-8T%V1f-Qto2Um"
"irene.couves@edu.tbz.ch"|"4JiMNJ-Yg6OFg-ufUls5"
"milena.mucci@edu.tbz.ch"|"9S7fcF-LCG&Rv-LkLllm"
"naeva.cow@edu.tbz.ch"|"izE22M-&JRC7I-lHAcjk"
"audreanne.mournian@edu.tbz.ch"|"9eFbm8-dqUl@6-Zhc%cT"
"melia.sinnatt@edu.tbz.ch"|"1F9bUY-#oGElQ-ANFPzp"
"nelie.burnard@edu.tbz.ch"|"h%iVzp-%D5XRC-ZrDPn&"
"clelia.ashfull@edu.tbz.ch"|"6h@2Ni-EmLIst-HKcI7$"
"lie.macard@edu.tbz.ch"|"ytcANE-oQVlZ0-AX@T1q"
"valerie.matoshin@edu.tbz.ch"|"cagdJJ-KzgQk@-tTJXpy"
"anael.hatherleigh@edu.tbz.ch"|"@1J0YL-36%Pld-$DCr$B"
"interessant.warratt@edu.tbz.ch"|"B4t#9H-o@RQe0-p$OmXf"
"eleonore.volage@edu.tbz.ch"|"Pt$76H-Z5vmE6-64e#8r"
"zoe.stebbing@edu.tbz.ch"|"H@UVzC-ubyTTo-k7gCgb"
"alizee.nye@edu.tbz.ch"|"9pv&H&-1Jrp$K-xXZTic"
"celestine.bramley@edu.tbz.ch"|"EDnE6W-xEr9Im-u#xl7Q"
"selene.philcott@edu.tbz.ch"|"mGq1Yu-Eg7P39-#vi&iI"
"tang.newens@edu.tbz.ch"|"@sr5tG-KjC@BN-P$LM9O"
"annotes.powys@edu.tbz.ch"|"zyR$Ve-U#IT3v-H$W3Xw"
"lea.matthesius@edu.tbz.ch"|"vxBHAK-5VqPnX-4CYmPk"
"illustree.garlett@edu.tbz.ch"|"vYrgbT-RLHSjv-zSDZZV"
"maiwenn.meachem@edu.tbz.ch"|"qj%JbJ-OQkSxY-R5Ujdc"
"marie-francoise.mcbrady@edu.tbz.ch"|"xr&78U-0wlGi6-#VLzk%"
"illustree.gimbart@edu.tbz.ch"|"vqI9@C-7rOQi3-lxVYp7"
"melys.lyosik@edu.tbz.ch"|"6#gcNY-ghPivz-m4q7j6"
"marylene.mcnab@edu.tbz.ch"|"pe2TJy-NW%&Ht-u3CEV1"
"gerald.blount@edu.tbz.ch"|"SXJA%Y-i89dh8-5lpZnT"
"clelia.shakelade@edu.tbz.ch"|"p74CxQ-HosJZz-pNJMz2"
"penelope.cridlin@edu.tbz.ch"|"HkwPvM-fgJ7pR-4JwBGy"
"maena.okuddyhy@edu.tbz.ch"|"pAh7ek-H6RLlk-5WukVm"
"athena.keynd@edu.tbz.ch"|"yleO9W-lW6Hx3-5U2Art"
"cloe.dwine@edu.tbz.ch"|"L@TqO%-VBdAHH-NOr%30"
"josephine.browett@edu.tbz.ch"|"JB8M4u-Q%LFiE-Jp6FJ#"
"audreanne.oscanlon@edu.tbz.ch"|"QJeXEc-wJ03L3-Xaeoui"
"fei.jeanequin@edu.tbz.ch"|"OGCgUW-pONgVd-bj##r2"
"lois.gormally@edu.tbz.ch"|"G3z9O1-051kRx-Hsvg17"
"marie-francoise.finnigan@edu.tbz.ch"|"n62hlg-hoXQTd-X8xmOF"
"leonore.trussman@edu.tbz.ch"|"QwIER7-5ioOY8-6AOPCt"
"anaelle.trumper@edu.tbz.ch"|"3k&dzX-3hJsC5-X&Zyf5"
"clemence.dionis@edu.tbz.ch"|"Ve1AJq-hPXeYH-C19FSk"
"lois.tranmer@edu.tbz.ch"|"R2vdh$-DP0tDv-K0eC$Z"
"interessant.volett@edu.tbz.ch"|"AzxUrv-6@HjA&-QPTJB@"
"personnalisee.deackes@edu.tbz.ch"|"J8QWYc-EwsaxF-Y8v#oH"
"lie.vasiliu@edu.tbz.ch"|"ayhMzO-ZgB9aV-toB6AT"
"dafnee.lamputt@edu.tbz.ch"|"j0Zifd-CeddJN-ccV%Z#"
"elies.bromige@edu.tbz.ch"|"7GRtI%-X5DXd9-PIIJwI"
"helena.klosser@edu.tbz.ch"|"LZ7Msf-q$20dk-RoBqSQ"
"andree.grim@edu.tbz.ch"|"RE7sYH-zJKo%d-@vN$%Z"
"verane.coldbath@edu.tbz.ch"|"ornyw%-2ozrAa-DG6rGw"
"helena.bethell@edu.tbz.ch"|"ta&K1u-NRqTcI-6U#pd3"
"kalliste.carefull@edu.tbz.ch"|"v7j11K-$NNO1x-bhNJj9"
"regine.odams@edu.tbz.ch"|"VxX3qe-d5PPXt-tP%mbb"
"len.stannus@edu.tbz.ch"|"TFdnbe-hlWaHE-D7zVTP"
"angelique.works@edu.tbz.ch"|"Cx2x55-aSWu9i-$j6gqI"
"goesta.rheaume@edu.tbz.ch"|"saR2ru-o9z3pX-9f&ePd"
"maelys.tynnan@edu.tbz.ch"|"k$UbeT-#$QOqp-fqNcau"
"maelle.carlesi@edu.tbz.ch"|"$%n6$W-DIQ%SA-oPJ7&a"
"anael.spurden@edu.tbz.ch"|"PlwKNp-8KOUFB-ebcX7c"
"helene.pumfrett@edu.tbz.ch"|"pKeFFc-4Y4Qrp-ijbVaH"
"goerel.pearn@edu.tbz.ch"|"%MW0hU-vsKlBU-u6yfAA"
"laurelie.dezamora@edu.tbz.ch"|"332iA3-Zy5Tw0-%6AOiS"
"yao.twidale@edu.tbz.ch"|"MZVoal-c%R#2t-$StDiq"
"berengere.sola@edu.tbz.ch"|"77MtoP-WnTEPX-aHmLkX"
"maelann.hardistry@edu.tbz.ch"|"XtgmNm-vqhpkJ-P6qm79"
"severine.littlefield@edu.tbz.ch"|"w8kxPr-4zY&5G-mfdwzw"
"salome.heinl@edu.tbz.ch"|"A2MUk&-W4BBdR-6gKk7V"
"meryl.warbey@edu.tbz.ch"|"Vz#19d-ahEobl-kLmFJL"
"da.hunstone@edu.tbz.ch"|"svL9QW-CrOEZL-B5bqcX"
"venus.broadbury@edu.tbz.ch"|"Uo#$qU-HlEyRy-YCjrba"
"meghane.rentelll@edu.tbz.ch"|"Z38y%j-@ijed@-jERsKW"
"marylene.drewitt@edu.tbz.ch"|"&NdEwK-Kal5B1-n0CHqw"
"melinda.jacquemet@edu.tbz.ch"|"tYn75u-HXN%CK-fdsUee"
"marie-josee.keyden@edu.tbz.ch"|"V%5Y5z-6j#Ayd-radlSu"
"asloeg.montacute@edu.tbz.ch"|"1a5zO%-idzpK&-pkw7T4"
"ku.andreou@edu.tbz.ch"|"CT1G1a-DATx97-aflq94"
"personnalisee.feaveer@edu.tbz.ch"|"OPbMuL-FusssK-XPCiqh"
"laila.emptage@edu.tbz.ch"|"Jd6ufY-Ob$Y&5-gAv$av"
"bjoern.dawdry@edu.tbz.ch"|"rPst7u-IIfXfV-2i8&Rf"
"marie-eve.dinsell@edu.tbz.ch"|"YE5RWr-KGU1mp-je6$j1"
"helene.follett@edu.tbz.ch"|"ZcVSsL-BDXpZZ-knOYgF"
"penelope.cordero@edu.tbz.ch"|"AV@pta-0PYl%K-QrXQ1y"
"boerje.beedell@edu.tbz.ch"|"KveUmi-Hfs3#V-5D532T"
"nelie.ferne@edu.tbz.ch"|"9cUq#Q-0BfOt%-$schh2"
"celine.ahmed@edu.tbz.ch"|"hvM9AX-muO6bd-bLlukO"
"stevina.pimblett@edu.tbz.ch"|"Th$WOm-HII6F&-g@NW5K"
"chloe.langlands@edu.tbz.ch"|"zWdI$n-&9Ypdy-poxKyb"
"simplifies.maude@edu.tbz.ch"|"zl&Q&g-F1Zfm&-wilD6h"
"genevieve.decarteret@edu.tbz.ch"|"M61dcg-dZJZbW-qNxtB8"
"marylene.mughal@edu.tbz.ch"|"ywnE@k-v@len&-2oT9H2"
"goeran.guttridge@edu.tbz.ch"|"LWwTol-9jKV53-fbIVMq"
"michele.smurfitt@edu.tbz.ch"|"E3m4RH-hanb$P-pKZP3q"
"methode.hadeke@edu.tbz.ch"|"4SAzJA-SdAk6l-GD5$s4"
"therese.rispine@edu.tbz.ch"|"y4fsaE-mrhl4Z-p9mbzc"
"goerel.plumley@edu.tbz.ch"|"3NQ31e-$fO$e1-tF1fOS"
"oceane.friett@edu.tbz.ch"|"EIp4YI-IgnZ8B-56vkXS"
"marie-noel.achromov@edu.tbz.ch"|"qMZES&-Toiwud-NDD3#d"
"dorothee.storek@edu.tbz.ch"|"KHA$Qz-l0v%PC-n0A#rJ"
"goesta.whittle@edu.tbz.ch"|"jVzIg2-iuZ5$F-akTpY#"
"desiree.casely@edu.tbz.ch"|"eBPkr$-qh020U-qqRntZ"
"felicie.condon@edu.tbz.ch"|"dd7pIu-kf#Hau-LZTtxg"
"maelyss.frisdick@edu.tbz.ch"|"DhK%Uw-$8DNI7-%HeZqn"
"aimee.banke@edu.tbz.ch"|"vVnxCm-Qxo&#q-WhlPPj"
"naeva.hodcroft@edu.tbz.ch"|"M5u#Zt-aPRVdT-gvHFET"
"laila.gerrans@edu.tbz.ch"|"6bm1nM-XEv#da-swEIu@"
"daniele.scrimshire@edu.tbz.ch"|"v87Csw-9eGA7f-bbaqCV"
"daphnee.sheerin@edu.tbz.ch"|"&@@eN4-z#r&Zr-2A5kER"
"pal.vanyukov@edu.tbz.ch"|"mQoa6P-7uNKZp-MnPZ$l"
"zoe.childs@edu.tbz.ch"|"cLrJvZ-OFyU4T-pZSBcm"
"ai.corde@edu.tbz.ch"|"wH3Ehd-NrVGV#-8yXnCt"
"maelys.berryann@edu.tbz.ch"|"LqJE#Q-O030S5-lrRLr5"
"cloe.gladding@edu.tbz.ch"|"DN5J6b-$NaPe&-c#U4YG"
"wa.kinnaird@edu.tbz.ch"|"1JAg0Q-BzW1yj-B%YYvS"
"publicite.brittoner@edu.tbz.ch"|"zv35Fp-#5TDxi-Eub&Rn"
"rao.windress@edu.tbz.ch"|"Uq17@c-Jen00@-ZG1uBL"
"uo.kollach@edu.tbz.ch"|"yba3zM-MlfbJA-FxL0s$"
"josee.peskett@edu.tbz.ch"|"kYte90-gFR9QA-9U3Ulg"
"annotee.hasel@edu.tbz.ch"|"@ii&9b-Z&JBU%-n09n6C"
"cinema.lee@edu.tbz.ch"|"8rAi#W-4p6r9K-FaRTj#"
"lai.vedeshkin@edu.tbz.ch"|"l0zKRj-iNaQqM-5Bgqsa"
"renee.brisbane@edu.tbz.ch"|"&4H@$3-tmvHzA-udI@fo"
"ophelie.blincoe@edu.tbz.ch"|"EXrRpj-7gyr#X-fkcFnj"
"zhi.prazor@edu.tbz.ch"|"8x@107-jvtB&b-&&rbx@"
"annotee.maddicks@edu.tbz.ch"|"h2JUvF-aeJAGz-8I@3H7"
"maelyss.codd@edu.tbz.ch"|"4ENbmV-@NdKi2-FRH#WQ"
"celia.peplay@edu.tbz.ch"|"tv309F-n8Ahye-6DSeyq"
"interessant.skone@edu.tbz.ch"|"iC63SX-A@%N&l-oCdGck"
"audreanne.hebdon@edu.tbz.ch"|"5y9DZF-zLobSG-U60PTM"
"oceane.glen@edu.tbz.ch"|"2%KyqW-%@q4BV-ZS1sLb"
"daniele.vanyushkin@edu.tbz.ch"|"jfLdDM-lIdpgy-TqeORt"
"daphnee.ayce@edu.tbz.ch"|"s%gRq4-GKcoEz-gYTfCx"
"andrea.attride@edu.tbz.ch"|"%Z&vwA-@2afhQ-$siJ34"
"penelope.bridgwood@edu.tbz.ch"|"KCiUt3-MS75GW-W%t2OG"
"mailis.drewitt@edu.tbz.ch"|"1fsT42-nEuITG-ArxVDs"
"penelope.mollene@edu.tbz.ch"|"A5HMyT-%Av7fn-Nqbyct"
"illustree.keely@edu.tbz.ch"|"kL$WC#-qSzl@y-na8MA6"
"meng.brisseau@edu.tbz.ch"|"CGaxR4-OTrnKk-SvGE#s"
"ruo.cleiment@edu.tbz.ch"|"O7cBBA-%#u#3Q-KDyZgl"
"maite.krammer@edu.tbz.ch"|"sp1AOc-F$G$po-tbifxD"
"genevieve.verry@edu.tbz.ch"|"dV3$%l-ou9SHY-rwE2iN"
"lea.olochan@edu.tbz.ch"|"2p0qwy-o%Q%x1-4My4Xd"
"naelle.brunnen@edu.tbz.ch"|"&qjvKE-bQJfka-MfdUG2"
"goesta.bragginton@edu.tbz.ch"|"qs7k5o-4ucx$o-hySHKp"
"fei.danilyuk@edu.tbz.ch"|"K7qTlt-qBq%KX-r2wpNv"
"adelie.turbitt@edu.tbz.ch"|"stmzMC-R1tJeZ-Dl&vxF"
"marylene.nutman@edu.tbz.ch"|"bxcJIV-S26ABr-BrUXje"
"therese.barbrick@edu.tbz.ch"|"wAnn8a-Fzq4i5-rFD%r0"
"melys.kolodziej@edu.tbz.ch"|"TTI2&6-2TsJFc-SOtcn%"
"melanie.runchman@edu.tbz.ch"|"c7Y3Bq-8W#DDo-3u7NMU"
"serena.lafond@edu.tbz.ch"|"NWpxlU-#u6heX-4oVNPR"
"pelagie.desmond@edu.tbz.ch"|"D$$CMq-SLN2T$-xxIysw"
"wa.spickett@edu.tbz.ch"|"#SLCY2-kz9SSw-P4tB5m"
"po.shave@edu.tbz.ch"|"KsF3dD-C293Sh-1fEJji"
"song.huikerby@edu.tbz.ch"|"rTBGB2-wyzzFM-8uw1@%"
"melinda.bimson@edu.tbz.ch"|"uH#nkB-GOifqP-#VqQpn"
"personnalisee.toffanelli@edu.tbz.ch"|"oCiejO-3hE%VM-9KxxWr"
"leandre.hurn@edu.tbz.ch"|"Uzhj8X-mQGxp#-4nk$zP"
"oesten.standell@edu.tbz.ch"|"Pp#Jab-8J5Xop-HpMnW6"
"naelle.smaleman@edu.tbz.ch"|"V$IUAh-p@4C6R-monX@z"
"berenice.tayt@edu.tbz.ch"|"m3lcGU-X3h%pK-o3ESbM"
"kui.popplewell@edu.tbz.ch"|"&uuW##-SIQ0Mm-GiR73V"
"melodie.ferandez@edu.tbz.ch"|"8vwrPd-Jmn8#o-0DuKhv"
"josee.negal@edu.tbz.ch"|"ev8MAR-wAl&DT-c@F6fP"
"melissandre.ferrelli@edu.tbz.ch"|"hK2sJc-79u8rq-24dqSe"
"josephine.kemmer@edu.tbz.ch"|"yH6Wk@-zJiPVt-O#MyNj"
"maely.cayette@edu.tbz.ch"|"Bh#5wz-SP70GW-9$2VZ6"
"nelie.vela@edu.tbz.ch"|"Vdq07S-4HdyTy-CHu5@s"
"melina.cortes@edu.tbz.ch"|"4GuBQR-EQQohp-aghPAZ"
"megane.leyshon@edu.tbz.ch"|"KPaWQx-2BcBQN-kRXIRe"
"regine.harrie@edu.tbz.ch"|"GON0$D-bMwIxF-$KEVOS"
"mylene.widdison@edu.tbz.ch"|"Xk0kz9-Q7xX%#-MMhgHJ"
"pelagie.vivash@edu.tbz.ch"|"KypMXT-B3%Aeu-@CPwLE"
"styrbjoern.vicarey@edu.tbz.ch"|"bhJLej-Ve&IT&-QEeS$$"
"long.kyles@edu.tbz.ch"|"qYZPPR-tIP5Qy-rL77fg"
"stephanie.gipps@edu.tbz.ch"|"&a3eEH-8CD%4E-R$p8le"
"clea.constantine@edu.tbz.ch"|"Be$sen-PR6KI7-0DtfF6"
"maella.cometto@edu.tbz.ch"|"5ZHWxf-1r2xrn-ye5htq"
"laila.aubrun@edu.tbz.ch"|"Ny$fgB-hI@7F@-4NnLQV"
"yao.austins@edu.tbz.ch"|"x$ect$-U&UD85-GrWwDc"
"mailys.rylstone@edu.tbz.ch"|"AonAyf-MzVrWm-r&SH5A"
"adelie.curuclis@edu.tbz.ch"|"JCEheX-imlw8g-Ql8jj&"
"celine.longhurst@edu.tbz.ch"|"ImKX5c-dXKwL@-F0H4OL"
"gisele.hazell@edu.tbz.ch"|"2KzSqj-ejky%i-C2Dk2d"
"celestine.ciccone@edu.tbz.ch"|"QsBlNa-dSGIi6-u35Fx%"
"maelyss.doole@edu.tbz.ch"|"@oCmI&-CdbWym-El3XBQ"
"helene.grimsdike@edu.tbz.ch"|"DTon6t-Ca$4TX-tY072S"
"lie.macer@edu.tbz.ch"|"za%c#W-$9k6nf-ntKq0D"
"maely.izard@edu.tbz.ch"|"sjF2Or-54femM-fbabYM"
"erwei.breewood@edu.tbz.ch"|"%AXsJC-b1plSr-XTzLgj"
"chloe.woolford@edu.tbz.ch"|"WXrReB-r#lmKN-HmIcmr"
"cleopatre.turpin@edu.tbz.ch"|"RiRwxp-5Qdt6u-72y%v7"
"melodie.surgison@edu.tbz.ch"|"$w$BVs-F7#5Tu-P1xgsx"
"elies.leander@edu.tbz.ch"|"E@kA@K-LwPaQe-v$gNln"
"mediamass.reignould@edu.tbz.ch"|"naSGRv-dleWkX-$xh8B$"
"celestine.wasmuth@edu.tbz.ch"|"4bI&j&-jrm9gk-6un1uW"
"marten.jervis@edu.tbz.ch"|"ZCp1@e-UjYi1v-OK%W&p"
"daphnee.bour@edu.tbz.ch"|"he##w0-redQvK-qo5Pu3"
"regine.harlett@edu.tbz.ch"|"Qobx9f-f4&0G&-1RwvLb"
"noemie.macaskie@edu.tbz.ch"|"2#aapy-t2S&#8-ck274i"
"loic.renfield@edu.tbz.ch"|"rQkkrj-xvnuRm-48QL@I"
"venus.kleinert@edu.tbz.ch"|"8JJk5F-TaPwa#-O50v3V"
"marten.burlay@edu.tbz.ch"|"7Q&wEs-PHSRxS-LEMWAy"
"berengere.radsdale@edu.tbz.ch"|"tyssO@-YBfOcY-MUxepk"
"genevieve.duckit@edu.tbz.ch"|"P%hWgU-I3YRlW-TTxAwn"
"maely.ligerton@edu.tbz.ch"|"Q@wR29-HE14NO-Xe#sUU"
"maeline.ricciardelli@edu.tbz.ch"|"sG$smQ-1o&nq%-No8%6c"
"personnalisee.yggo@edu.tbz.ch"|"cM1UO$-cS92yS-P77nw0"
"alizee.pettinger@edu.tbz.ch"|"KD7pCg-lyMyfI-l$4B@Z"
"desiree.curnnokk@edu.tbz.ch"|"l1cuFs-t3qjLS-SPYSjL"
"dorothee.minors@edu.tbz.ch"|"FLmiR5-NRb6Au-GFl99o"
"oceanne.kopmann@edu.tbz.ch"|"e0@N1o-9tleY&-wpWJ3u"
"almerinda.brodbin@edu.tbz.ch"|"cIa$Lp-q$OqGz-Ri4PtS"
"yenora.carsberg@edu.tbz.ch"|"&LFWxd-pGHnCJ-BLlm0e"
"wa.beetles@edu.tbz.ch"|"S%yNq1-fh1K4P-#rjh8$"
"audreanne.abbot@edu.tbz.ch"|"80q@69-I33VVS-ESSOFE"
"noemie.capper@edu.tbz.ch"|"Fd79ED-#HbtnQ-TyYjs#"
"mans.abramamov@edu.tbz.ch"|"IEVq4#-e3N@uy-hcyvF7"
"audreanne.blakey@edu.tbz.ch"|"Y#VCbs-LdYkkn-gQZJlL"
"leone.klimpke@edu.tbz.ch"|"q55e1u-0Qj$On-X02gZQ"
"lie.croston@edu.tbz.ch"|"J%741s-cPzHag-&ieXgI"
"anaelle.baistow@edu.tbz.ch"|"MHqhxU-tj6Shc-SiyGu1"
"michele.garwood@edu.tbz.ch"|"0Vstfo-Y$WMq5-vCp&z9"
"interessant.albion@edu.tbz.ch"|"rvVUeG-JIFfWh-BP8ISj"
"andre.brisco@edu.tbz.ch"|"jEihWa-oWLn@7-uxPYbW"
"tang.totterdill@edu.tbz.ch"|"cnGXkI-cru2rB-ljz#nX"
"marie-josee.braundt@edu.tbz.ch"|"i8%8yK-bB&AN%-m@RTwX"
"lois.galer@edu.tbz.ch"|"O76k89-77wr7#-PRkEkm"
"faites.pellamonuten@edu.tbz.ch"|"rheKWG-hHCaSN-cp#MNS"
"mai.barfford@edu.tbz.ch"|"wf7Hsl-IkALod-UuWC%%"
"laurene.macilory@edu.tbz.ch"|"J7Axu3-qRnIus-TxfscT"
"elea.peak@edu.tbz.ch"|"yjGDxG-oiYymN-p0&ny2"
"rejane.doni@edu.tbz.ch"|"WhVdY5-d8fbaO-DSCfqV"
"mahelie.ector@edu.tbz.ch"|"2O7Mr2-t4%pqe-2hvEiq"
"rachele.allum@edu.tbz.ch"|"0nw6zG-NGGt0q-beq0At"
"laila.gerretsen@edu.tbz.ch"|"rR$wDF-yVOOEY-j#K3TZ"
"ines.bowman@edu.tbz.ch"|"WoZuiI-%$pj5O-a$ovIL"
"publicite.barbary@edu.tbz.ch"|"ifGnhe-lrTXls-wsfs%J"
"mailys.smooth@edu.tbz.ch"|"akRmRn-@wpY#r-M4zErR"
"mailis.huguenet@edu.tbz.ch"|"8b3MH9-TggN1f-NUtYiI"
"lea.ewer@edu.tbz.ch"|"h3KVLB-cvxGPL-69k6Cf"
