"mail"|"password"
"melodie.vandervlies@edu.tbz.ch"|"52yIGW-xGQdgF-AsJTCv"
"angele.edgecumbe@edu.tbz.ch"|"91F9L7-BKWSMS-B3tg$d"
"zhi.andreasson@edu.tbz.ch"|"6lbpFH-V$aw&x-u6UIb0"
"judicael.koppeck@edu.tbz.ch"|"LjaW90-YZZtKn-GypkSo"
"berengere.capron@edu.tbz.ch"|"xsHZUA-AJKjl3-hd1ew#"
"leonie.brosini@edu.tbz.ch"|"NOskAE-m0%UOl-KVFXfZ"
"venus.garfit@edu.tbz.ch"|"xYBDBl-gPylrI-Dt6Ec0"
"melina.janota@edu.tbz.ch"|"6TYhNi-R7jANN-n%Zneb"
"laurene.bake@edu.tbz.ch"|"nPIOG1-Q7kigR-#TeBfP"
"regine.dorkins@edu.tbz.ch"|"2DVI%Q-@&SNeg-9eXudm"
"cecile.moffet@edu.tbz.ch"|"IxyI4T-Wyz$YR-DsX&xr"
"maelann.labrone@edu.tbz.ch"|"iVK&Ia-xziPDL-2FjMCF"
"melinda.newbold@edu.tbz.ch"|"ZTnizM-IRfvc8-pLiLES"
"mans.itzhak@edu.tbz.ch"|"C5tnd3-KIjKUn-g@UJ&J"
"melodie.pattlel@edu.tbz.ch"|"rU#HRf-@ZtBY@-w#kfaX"
"celine.bonett@edu.tbz.ch"|"3OCWBQ-aSI#7#-9jGC1m"
"adelie.mcgreal@edu.tbz.ch"|"SkA5w@-OVrK5$-y&gcyb"
"helene.soldan@edu.tbz.ch"|"wxmVYN-U0$0LO-eWjUwN"
"michele.cluer@edu.tbz.ch"|"QQ8Jwd-NeOznI-ZGlp$d"
"maeline.mueller@edu.tbz.ch"|"5LSJ5S-UuTyVy-hIJoWv"
"maelann.benedito@edu.tbz.ch"|"$MnTyJ-OyCZT#-u3yqT$"
"nuo.gransden@edu.tbz.ch"|"fyYzXy-&PgCWV-yws6LJ"
"berengere.stainton@edu.tbz.ch"|"wGRQjT-Tpq6i$-pM30Il"
"wa.sabater@edu.tbz.ch"|"vqSquy-0CAvAe-qaWXnF"
"anais.cochran@edu.tbz.ch"|"R2EtU3-lqpoMH-jSrKi7"
"gerald.bessant@edu.tbz.ch"|"gVbxOh-%UB3OY-nvo84Y"
"ruo.coffin@edu.tbz.ch"|"5u&af@-FH%mu6-kGStFH"
"melodie.mustill@edu.tbz.ch"|"vLpFPi-LD1SbD-wYWEro"
"ruo.stanesby@edu.tbz.ch"|"%Hw$VQ-nB22@z-pempYX"
"noemie.antognelli@edu.tbz.ch"|"q9LxwI-Zt5EI@-aQ@y2Y"
"maelann.hughson@edu.tbz.ch"|"od2Fu&-NrCJ1u-pBt7UR"
"milena.mieville@edu.tbz.ch"|"dN97&x-escz#i-UpGczy"
"mailys.chamberlin@edu.tbz.ch"|"fguo4d-VB$%@T-EG3zQF"
"nadege.tomalin@edu.tbz.ch"|"lF6e6W-&xXajn-wuVHc9"
"oceane.omara@edu.tbz.ch"|"Tt#8uv-QFIavW-ZxDV5n"
"cecile.aguirrezabala@edu.tbz.ch"|"&JAcLw-utBFpD-f0IORq"
"maella.gwillim@edu.tbz.ch"|"MPU&Au-@DRznS-xst8zn"
"lea.mcgahey@edu.tbz.ch"|"MZ1lX&-3thyjW-Qmve%c"
"laurene.hagerty@edu.tbz.ch"|"brI1Vi-CRaGE&-dX77ZT"
"dorothee.link@edu.tbz.ch"|"TyfyES-6FxwQl-snWur6"
"clementine.kynsey@edu.tbz.ch"|"L8p7rl-A06UXK-cRJl2t"
"lorene.smitherman@edu.tbz.ch"|"qvsBAz-l9cXSv-E&HmKo"
"cleopatre.klulicek@edu.tbz.ch"|"%xF$Tm-WpvVkA-aWV@cU"
"laurene.castaneda@edu.tbz.ch"|"bHlvng-vvUyPd-a7g4wC"
"melia.constant@edu.tbz.ch"|"VYpDQW-4Bonco-8TyCzi"
"lucrece.clunie@edu.tbz.ch"|"nHX$SP-hw%K%O-QXXi#y"
"eleonore.mcmurthy@edu.tbz.ch"|"09Ots1-VdNU7X-3rFl2w"
"melia.bevar@edu.tbz.ch"|"Z6OLdF-cdJTu%-Vy1SaW"
"camelia.bontine@edu.tbz.ch"|"O7xN#k-9#j@2n-7610o0"
"methode.jozefczak@edu.tbz.ch"|"c3@Ekt-OEnLvw-mqf9Db"
"audreanne.hinsche@edu.tbz.ch"|"O6YyUo-HaP@Jw-MBLxeW"
"andree.varne@edu.tbz.ch"|"8EQvJe-GWPDjw-habU8e"
"marten.kinleyside@edu.tbz.ch"|"Wb5Mqr-Um@0nF-ByaEpP"
"esteve.mcewan@edu.tbz.ch"|"KivEeI-hVz#Eb-bG4Tq8"
"leane.dibbert@edu.tbz.ch"|"T0XQFU-Vf%9qx-6Rxl#D"
"ma.thewlis@edu.tbz.ch"|"vu@cu%-7#DBDn-vq$%NT"
"clea.djurkovic@edu.tbz.ch"|"xCi2ym-F7rinl-5@N2&N"
"rachele.reburn@edu.tbz.ch"|"l4usUN-MaR24n-91t15D"
"gerald.gowling@edu.tbz.ch"|"L3hH7$-d0n#QL-sNIQW%"
"cleopatre.jackson@edu.tbz.ch"|"egc%C7-9iS81X-K@c5cz"
"desiree.haskins@edu.tbz.ch"|"b21deF-CJRAHT-jgZoXu"
"eleonore.longson@edu.tbz.ch"|"xiQCvC-yzxLoM-p2L4lA"
"leane.dybell@edu.tbz.ch"|"0gr&8b-KamLyy-ixNR6G"
"becassine.grzesiak@edu.tbz.ch"|"V4TFG&-AEa#S&-V8nNT%"
"marie-josee.pickin@edu.tbz.ch"|"FtFHK2-WfLVvU-jC$#YA"
"marie-josee.roxby@edu.tbz.ch"|"%bPn$x-3TPf79-eSwp9W"
"leonie.feenan@edu.tbz.ch"|"AL01sg-zE0G2T-Aly%3p"
"valerie.ellum@edu.tbz.ch"|"VOoxJa-2nCW7N-zfDhTR"
"ju.caseri@edu.tbz.ch"|"uLGxR8-ypwZ47-vAmthY"
"boerje.strangman@edu.tbz.ch"|"J%9gB6-3y1spA-cK6sHh"
"beatrice.ghidelli@edu.tbz.ch"|"GucIqI-L$eveP-%tMnKM"
"da.jablonski@edu.tbz.ch"|"qMiJls-azlp4I-kZ5RyM"
"uo.beveridge@edu.tbz.ch"|"H66HM6-qC31j%-Oo7g6%"
"valerie.bestman@edu.tbz.ch"|"S6gA8i-pdVzm8-NYJ%YT"
"marlene.pohls@edu.tbz.ch"|"WI71@p-AmgVm5-rAwpRT"
"ma.nolda@edu.tbz.ch"|"7@oArY-5pwCyK-J@Do5Z"
"marlene.bisiker@edu.tbz.ch"|"%5AWk@-NAWY0A-GlDC8O"
"estee.babon@edu.tbz.ch"|"NtOvu2-Ip7FMB-W2VxPt"
"simplifies.dmisek@edu.tbz.ch"|"K6Hq%Y-I$95I8-AV@G3R"
"selene.ganing@edu.tbz.ch"|"OPTLZ9-ppjvyN-f$U6b8"
"meryl.penke@edu.tbz.ch"|"21C9Eb-FNOVJG-AT9H8m"
"anais.rawcliff@edu.tbz.ch"|"6YD$aA-Al3Ss2-wLfMQ7"
"melina.andri@edu.tbz.ch"|"6zoD$S-@vqLwc-7AG&9h"
"audreanne.fodden@edu.tbz.ch"|"&lXoRC-t16C&2-RqD&o#"
"bjoern.spellesy@edu.tbz.ch"|"qf9mi4-CAz%Zt-bUzvOa"
"francoise.summerscales@edu.tbz.ch"|"f$tT72-Y5a&SW-CJ3T4x"
"laurene.ashtonhurst@edu.tbz.ch"|"9a1JHJ-yG9m69-hm9twh"
"valerie.petters@edu.tbz.ch"|"5QAQO#-ZD87IM-w7#Jza"
"anael.spenclay@edu.tbz.ch"|"tAX09%-nSG0ud-G$Kmoe"
"stephanie.keech@edu.tbz.ch"|"R0i8u7-TZq&TS-6GlXht"
"ines.deveril@edu.tbz.ch"|"gKem57-sNYDUB-y2pGlF"
"berenice.gelder@edu.tbz.ch"|"VruEcR-ka#NOq-PUms53"
"melanie.ofogerty@edu.tbz.ch"|"hnXdE@-19uvfE-s8%X%F"
"frederique.canepe@edu.tbz.ch"|"clnwse-$CS&uU-eWL8SW"
"nuo.otton@edu.tbz.ch"|"4v%$hi-9hr70q-kF8mhs"
"genevieve.trusler@edu.tbz.ch"|"o6TeEl-8mwLFs-IAkZZZ"
"ju.boag@edu.tbz.ch"|"I39SPG-&hQY7r-0@kQf5"
"josephine.dilucia@edu.tbz.ch"|"KKUqAs-U8F53Y-Kyf8pe"
"laurene.armsden@edu.tbz.ch"|"xSHVlc-J4b4@v-Bkjl2Z"
"becassine.griffe@edu.tbz.ch"|"CXnZmj-rOS1K$-WlQs2w"
"alois.parres@edu.tbz.ch"|"sS7MmP-acchRC-dTRFvx"
"cleopatre.gaffey@edu.tbz.ch"|"wGktl4-&XU2tL-yziWal"
"andre.stiger@edu.tbz.ch"|"f8k&FB-Wmnlan-9lRkVk"
"beatrice.godleman@edu.tbz.ch"|"1f@Z6E-EJpGMh-eTosJF"
"hakan.harrhy@edu.tbz.ch"|"T$NprW-m@PIxX-iBqA7o"
"celestine.dagnan@edu.tbz.ch"|"ZGquF3-RtB4Ev-@EB00D"
"clemence.haggart@edu.tbz.ch"|"54s6h5-GHZ6u$-HKj2Ei"
"long.caban@edu.tbz.ch"|"t&z9I1-Pa4KlQ-@@6Qon"
"gaetane.grimble@edu.tbz.ch"|"QppV8H-#qd0$I-#v7t%o"
"maelann.piwall@edu.tbz.ch"|"bEaHTu-a9MK#N-lH3wKH"
"magdalene.loble@edu.tbz.ch"|"BIAVqf-IsJ%gz-n3GxM1"
"veronique.domaschke@edu.tbz.ch"|"XOmM&q-K@@N0Q-3bH4iG"
"clea.herity@edu.tbz.ch"|"926QRJ-Bz5au3-zBTRf$"
"maelann.bambrough@edu.tbz.ch"|"Wnq$Yo-h8zHMD-xnNfii"
"clea.goulstone@edu.tbz.ch"|"tm4evi-uInbxG-M5FQek"
"renee.deleek@edu.tbz.ch"|"BTAtL5-I4kPv$-jJa8W9"
"boerje.rudderham@edu.tbz.ch"|"6oP5Hh-H16J5R-mpPiUt"
"marylene.broune@edu.tbz.ch"|"2p4ECT-Rq0OVV-ENr6NE"
"nadege.mccuish@edu.tbz.ch"|"#tliW#-cuaDc5-f@EAk1"
"anael.littleover@edu.tbz.ch"|"IHHMNr-Z4Dztx-w#27DH"
"lie.baume@edu.tbz.ch"|"mVRl9H-hu#Sij-uzde%u"
"maella.murrow@edu.tbz.ch"|"w$CGlb-uQ6I2p-D4cfqO"
"cleopatre.pettifor@edu.tbz.ch"|"H#n6qu-Hsa2vE-4FF4wy"
"geraldine.asker@edu.tbz.ch"|"ugKf7h-q4lrxM-cO$ORr"
"gaetane.smedmore@edu.tbz.ch"|"zL7bPt-VYgWWL-uRK&C@"
"meryl.blencoe@edu.tbz.ch"|"2T%t4m-jVBf3E-eRT4ZB"
"aurelie.chastaing@edu.tbz.ch"|"D#DnyF-hhu7Wo-cSuHjR"
"oceanne.marthen@edu.tbz.ch"|"zx8DiL-RNyCR0-iWt#1G"
"dorothee.burrill@edu.tbz.ch"|"&t#ZzP-5VqXwd-luJIzE"
"hakan.belden@edu.tbz.ch"|"X%p#lH-E2c0ab-3VDrw6"
"celine.brunning@edu.tbz.ch"|"#BYFEb-oYK4me-&1TZGM"
"anael.lapides@edu.tbz.ch"|"INhoYW-JePNgb-&FLP2n"
"ruo.saffran@edu.tbz.ch"|"s2K7md-z6GYsq-fLq50R"
"loic.gerretsen@edu.tbz.ch"|"G5xMVO-L9U8TM-TrHkE9"
"rui.fitzer@edu.tbz.ch"|"70vQN6-piZGCA-xWkQY9"
"annotee.ogers@edu.tbz.ch"|"CWw3ba-FWxtI2-vivxiS"
"boerje.bindin@edu.tbz.ch"|"HzvgfG-QiQlUj-5yR3&R"
"ma.cronchey@edu.tbz.ch"|"36PCQm-cj30b6-sTzekd"
"laurelie.baiyle@edu.tbz.ch"|"GoFBY1-zWn2ex-MNkL$E"
"dorothee.older@edu.tbz.ch"|"#erF$l-luVRgh-FjwjBF"
"laurena.wile@edu.tbz.ch"|"F7CwmT-OlR2FB-G9mMy2"
"clemence.brito@edu.tbz.ch"|"bw5#15-rZMTBS-LgXq8F"
"nadege.dallin@edu.tbz.ch"|"DuhVO5-#eUl5Z-7z9tgS"
"mailis.matley@edu.tbz.ch"|"D%9Jzt-cL8SbS-OCPVme"
"daniele.screaton@edu.tbz.ch"|"MuLjQI-QJ#CaL-3MzP9F"
"mediamass.godly@edu.tbz.ch"|"8STMKT-QPATQx-2ivppK"
"leone.kremer@edu.tbz.ch"|"&5mFPq-1Q8avc-NugbF7"
"asa.adrian@edu.tbz.ch"|"aEMEbi-Hl$A3X-9l7jM2"
"adele.doley@edu.tbz.ch"|"Im4COH-k@E7IW-rOWesk"
"fei.sidney@edu.tbz.ch"|"6ELPA6-UEmggg-cSFr8W"
"marie-josee.walisiak@edu.tbz.ch"|"vTkITt-QaY4zg-W4ZRw4"
"desiree.diplock@edu.tbz.ch"|"pcyfe4-#qfnXq-XDH%6M"
"gisele.schust@edu.tbz.ch"|"u1bk4X-#Dp3i9-nAB&dc"
"ma.longshaw@edu.tbz.ch"|"pCeRiD-Xgwvuq-elswkd"
"da.boother@edu.tbz.ch"|"YP5mKV-&H%Fak-N5sq77"
"simplifies.chaudhry@edu.tbz.ch"|"j#ikZJ-z$kk0v-VSu$4M"
"garcon.baniard@edu.tbz.ch"|"6LEexV-P&mFaL-$TH#le"
"gaetane.elphee@edu.tbz.ch"|"OF0NX@-ErU$Bo-FO0I0P"
"gisele.hassey@edu.tbz.ch"|"FXVCVk-bWrFPy-sNMC7R"
"oceanne.booley@edu.tbz.ch"|"3hURwX-K2zTms-C$YGJ1"
"oerjan.dibden@edu.tbz.ch"|"gv@spM-K$Mt2G-Om$xeU"
"regine.ocleary@edu.tbz.ch"|"lwcN9v-WexQOr-m9KHnt"
"selene.persse@edu.tbz.ch"|"3BSk6o-sWBu4p-V#4I9C"
"helena.adenot@edu.tbz.ch"|"sBGZn$-KPUaO&-CwqtSs"
"maelann.wassung@edu.tbz.ch"|"z9hHO3-UxzB5z-dGcj&x"
"frederique.ackermann@edu.tbz.ch"|"74OU8N-d3yaYm-XnCRMP"
"audreanne.kahen@edu.tbz.ch"|"xqZkxH-AMhKit-90aXaz"
"maiwenn.lasty@edu.tbz.ch"|"xNly1h-iqaeaU-hk$iVP"
"yu.dictus@edu.tbz.ch"|"GQJzMK-FgyFz5-py1&Zd"
"anae.dukes@edu.tbz.ch"|"e%#Rf6-4c1Jsm-EQgNwd"
"yenora.warr@edu.tbz.ch"|"6CFv4&-bSk@p5-etP&hu"
"esbjoern.archibold@edu.tbz.ch"|"s6#D%8-J&$H5B-N5iAzr"
"milena.pardal@edu.tbz.ch"|"VCVdrv-a8#JDt-MWlrM@"
"celestine.graveston@edu.tbz.ch"|"8QyS10-rFEzCX-DZAh4c"
"maena.dallas@edu.tbz.ch"|"yJJzqX-kY6y62-k#0yzo"
"andree.tuke@edu.tbz.ch"|"EcDzQ7-7DH9l3-OoDoDL"
"methode.seldner@edu.tbz.ch"|"XEI%kX-j6GqpP-Ay8uLk"
"venus.bullas@edu.tbz.ch"|"cvg7@R-Pqzi9y-09AbP3"
"mans.aguirrezabal@edu.tbz.ch"|"HqYzNl-PESCm0-EW5kjG"
"gaelle.eadington@edu.tbz.ch"|"2E3hUa-1HsuPN-db0IKH"
"anaelle.falkner@edu.tbz.ch"|"UbqvV$-lBX4hn-MDv11C"
"ophelie.height@edu.tbz.ch"|"VE00ML-YtMVIk-cgpcBb"
"marten.bolding@edu.tbz.ch"|"CL9nOm-$q@pkg-15FpLj"
"pelagie.guswell@edu.tbz.ch"|"kzu5Yk-duuvSb-H77qW4"
"gwenaelle.lecount@edu.tbz.ch"|"%5Bej6-QJObWp-SMqhJR"
"hakan.laden@edu.tbz.ch"|"5Y%e9i-5NP&8U-7ShN81"
"marie-josee.hylands@edu.tbz.ch"|"2jKgfN-9z7#hV-5u&%Bx"
"zoe.kingshott@edu.tbz.ch"|"4lLjmA-hOY&mR-ihEYTC"
"josee.janous@edu.tbz.ch"|"ThVMBM-FXSQ12-dFc4jq"
"laurene.gallally@edu.tbz.ch"|"1%DRnV-NczIpR-n1RWt4"
"anael.bickle@edu.tbz.ch"|"pqMgVZ-VrCwRj-YJDcwg"
"mediamass.lebbern@edu.tbz.ch"|"kAr4GK-y1PvVo-%r9NRJ"
"berengere.hovy@edu.tbz.ch"|"EHzTB1-zk%hr@-R21CoN"
"oerjan.kilmurray@edu.tbz.ch"|"7znP39-6PO#Zd-nkWgfo"
"asloeg.venny@edu.tbz.ch"|"nWmN82-360Al3-5Ne$yS"
"marie-noel.stoad@edu.tbz.ch"|"J0t9v3-KitRgd-pfMeIa"
"hakan.pettifor@edu.tbz.ch"|"DGt#%p-9pL3Ti-jytN81"
"maella.willgrass@edu.tbz.ch"|"PjE&Y6-wKkI@c-vfVZHj"
"therese.ludovici@edu.tbz.ch"|"kP6ZDB-TN3g@N-iw2Pk9"
"stephanie.trewhitt@edu.tbz.ch"|"AHQMIZ-LIhdJp-loYhmV"
"maerta.bauduccio@edu.tbz.ch"|"$YQvwQ-@S3fn8-zGH2zZ"
"gaetane.glaisner@edu.tbz.ch"|"2MVKFC-6iCRKR-7gvMpf"
"naeva.pargeter@edu.tbz.ch"|"Nv@r4J-ipu87E-JICf6f"
"salome.venable@edu.tbz.ch"|"QBBd2b-$2e8IS-#d6Tng"
"boerje.thickett@edu.tbz.ch"|"RPeZtI-hMi3#u-665UkA"
"lucrece.prendergrass@edu.tbz.ch"|"DaxycS-TXnxuv-%dIQj2"
"laurene.ockleshaw@edu.tbz.ch"|"brc$Q7-38NsXo-i5g%CE"
"cecilia.pasticznyk@edu.tbz.ch"|"qoJXYw-KZ#lJs-&#$BSu"
"stevina.mackey@edu.tbz.ch"|"d@OLzP-A53wRv-ShorM&"
"marie-noel.reven@edu.tbz.ch"|"93r4cz-tuB9S5-aoPtqC"
"melina.quilkin@edu.tbz.ch"|"BuH8he-xtX5$8-sMAzuQ"
"marie-noel.ferrie@edu.tbz.ch"|"ZmnKP$-z9esCQ-WcfnHc"
"leone.alphege@edu.tbz.ch"|"CyzxDE-HBOq7n-3kaLLt"
"zoe.leverson@edu.tbz.ch"|"$7FC3T-YQuk4K-oyFMKG"
"annotes.grayne@edu.tbz.ch"|"v$v79%-U&Cb95-6ekW13"
"faites.lalley@edu.tbz.ch"|"hN1XvV-zm833E-sVQDWf"
"adele.wallis@edu.tbz.ch"|"%9#rVx-Cdvjf5-X7QM7o"
"severine.madill@edu.tbz.ch"|"C0wb1H-J3br99-s1cYgu"
"valerie.tebb@edu.tbz.ch"|"cVTQnt-uR#YA9-BWc$88"
"kalliste.rasper@edu.tbz.ch"|"HP%OKE-R46hJ@-8T0I5f"
"audreanne.palomba@edu.tbz.ch"|"CXEzg2-9SmQ#m-tH%psw"
"elea.adamik@edu.tbz.ch"|"bUicia-eXl3%w-WKajle"
"reserves.jakuszewski@edu.tbz.ch"|"&yucOD-0R4v65-6t@92d"
"athena.belhomme@edu.tbz.ch"|"ZTiSqK-6rf7et-B3P$kG"
"rebecca.crippin@edu.tbz.ch"|"bhm$iQ-FzcLUo-A$&oEc"
"maiwenn.curman@edu.tbz.ch"|"qDPVEi-f8Md#i-cEsyke"
"andree.bunner@edu.tbz.ch"|"nSLaqe-poKErU-U#jejg"
"ruo.winckles@edu.tbz.ch"|"g573X9-4oSxCj-Fe@wvm"
"naeva.buntine@edu.tbz.ch"|"ou26Ro-rqJ0W3-fWzioi"
"boerje.dollard@edu.tbz.ch"|"wUsKI7-5SevGC-mz918J"
"penelope.gorman@edu.tbz.ch"|"iq@m0C-Jx4n&W-SQmSOo"
"alois.robelin@edu.tbz.ch"|"pLE5wl-rI7Vaz-5jbV#S"
"anaelle.tindle@edu.tbz.ch"|"Vn4T9$-ng0153-%nSDaz"
"ye.frears@edu.tbz.ch"|"&Ngh6U-IzfE8n-R8ipYS"
"andree.ovid@edu.tbz.ch"|"aeV6yA-#uF4QH-rnA&&o"
"hakan.peat@edu.tbz.ch"|"mgORQe-%$sZs%-tZwv0N"
"andre.januszewski@edu.tbz.ch"|"S%Hc0d-Z%gxiP-pQ1ggE"
"annotes.clemmett@edu.tbz.ch"|"aIiOne-sMf@1R-Qk2fRB"
"pal.lambswood@edu.tbz.ch"|"qCIi&i-IozaKR-1z7gQa"
"yao.lenton@edu.tbz.ch"|"7amY$t-&kfqff-Lr%lHm"
"hakan.boyton@edu.tbz.ch"|"21vW5h-pe1HhF-0iQo5L"
"nelie.forsey@edu.tbz.ch"|"A$%9t3-toiA$6-zukuO7"
"hakan.horche@edu.tbz.ch"|"MIUz5Z-6oYYhP-Y20E@o"
"lorene.sinkings@edu.tbz.ch"|"ySh1kZ-v#UN@b-74t97R"
"marie-therese.creddon@edu.tbz.ch"|"enk9Ft-hx8shO-OB7Fcd"
"berenice.tolworthy@edu.tbz.ch"|"zJ@4rf-6HD&k#-Oo4n0d"
"theresa.land@edu.tbz.ch"|"wkLyXs-4EJHH@-RcFEk&"
"marie-therese.gianilli@edu.tbz.ch"|"4DbswO-WSqnoG-NZvqNE"
"meryl.glew@edu.tbz.ch"|"RuYwJ5-1KzVm6-g9LgR4"
"adele.debling@edu.tbz.ch"|"v$hay7-D%2WXp-Vwg9ai"
"anae.metzke@edu.tbz.ch"|"8OzFo5-y51c%e-qZAvmd"
"gaetane.gooden@edu.tbz.ch"|"jrTY&P-dASawm-XcOjxi"
"laila.bootland@edu.tbz.ch"|"t#DoQU-ViX3$i-iSjesI"
"maite.helsdon@edu.tbz.ch"|"Uc2DPa-Lp9isL-&Sdav3"
"andree.malley@edu.tbz.ch"|"gVSs7%-SCdv4u-4s%Cd&"
"pal.simmens@edu.tbz.ch"|"NZEoTE-3zWTVA-HDlEWd"
"maelys.nuccitelli@edu.tbz.ch"|"DnyYtY-KV4xqO-r#LoKs"
"dafnee.sibary@edu.tbz.ch"|"n6%WhE-AAJpTN-7LeiDG"
"alois.harsnep@edu.tbz.ch"|"sXIHVq-UVCWfc-L6T5Ey"
"marie-helene.lacky@edu.tbz.ch"|"DHbjT8-0&M8iX-97Z7#c"
"mylene.youthed@edu.tbz.ch"|"Kkxwd3-uyqNeM-cocTLp"
"marie-helene.dehmel@edu.tbz.ch"|"8ixyH3-bwn2AK-oz6jDZ"
"angele.batman@edu.tbz.ch"|"B#d#Mi-raCY0x-u9UGND"
"melia.younghusband@edu.tbz.ch"|"#MPhaJ-z9Uhnc-eJkJzx"
"eloise.baldi@edu.tbz.ch"|"dm6doS-oMI%jI-MPJ84S"
"illustree.dun@edu.tbz.ch"|"4eSNjr-wlA86I-6u45zo"
"genevieve.late@edu.tbz.ch"|"R1yXsv-4Tzk2k-ZjOhLq"
"celestine.colville@edu.tbz.ch"|"c3XfQw-BrJd5g-6QwaaX"
"gwenaelle.scarlon@edu.tbz.ch"|"A6TaCs-OWThb$-x$RmbS"
"regine.boddie@edu.tbz.ch"|"TWbJzk-V2$gF0-Weqy#3"
"creez.gaughan@edu.tbz.ch"|"AUwPZ3-ueSwiL-FJxngQ"
"gaia.longford@edu.tbz.ch"|"Rv$eP6-p4btb7-NxRy6l"
"mailis.buckby@edu.tbz.ch"|"LbTd3l-mAMQgM-ZgU30d"
"song.parbrook@edu.tbz.ch"|"AMU$UI-5j3MJ$-CqEFca"
"frederique.heddan@edu.tbz.ch"|"W4EpJI-HUZ&qJ-wMPIEV"
"ake.kirtlan@edu.tbz.ch"|"bAlitg-@z#5xs-7YYWPL"
"nelie.runciman@edu.tbz.ch"|"TRKP9#-AevipX-@Aon&E"
"mailis.cardnell@edu.tbz.ch"|"NiNx$v-KgPkV9-&Eu2Rr"
"irene.navarro@edu.tbz.ch"|"FQK1Ye-yQOSY@-OmJjnl"
"maite.cough@edu.tbz.ch"|"#Cq5s9-u1TIlt-Z5vVT%"
"anaelle.stocky@edu.tbz.ch"|"nBmGCG-gRdyof-Y9GwwY"
"methode.moulder@edu.tbz.ch"|"9E88Ss-P#$pbQ-48cP7e"
"po.stafford@edu.tbz.ch"|"Rs0mzT-rJ&aHC-X2JNqq"
"faites.scraggs@edu.tbz.ch"|"6&Wcaw-Ij8#aL-ADCbKe"
"adelaide.dullard@edu.tbz.ch"|"9pojye-24YHWV-hefCOu"
"desiree.leonard@edu.tbz.ch"|"wMDR6j-uk3n9j-eoW#ra"
"geraldine.badgers@edu.tbz.ch"|"ieBK&Q-VkCkbT-cGIgi&"
"ruo.masic@edu.tbz.ch"|"yubrT5-$uWCbW-q$mI7&"
"aurelie.lieber@edu.tbz.ch"|"l8PqTr-wcf2p1-ZMq%WR"
"naelle.balcock@edu.tbz.ch"|"X5dDkj-WaDnjo-9N8Rlp"
"camelia.elger@edu.tbz.ch"|"9A2LK9-ZVBpi7-@k8Tny"
"publicite.oakeshott@edu.tbz.ch"|"11kb6#-Ki9pYN-vnPDJ$"
"cleopatre.fawley@edu.tbz.ch"|"vVMCf5-0yUSo$-z8ud5$"
"laurene.bruckmann@edu.tbz.ch"|"ahUx0H-wJav5%-vSRhYm"
"rui.haughton@edu.tbz.ch"|"F9XNL%-l4SPhB-5uw%GP"
"asa.ladewig@edu.tbz.ch"|"nEvvei-&zjvz%-NxFn#v"
"gisele.janecek@edu.tbz.ch"|"UFAl&9-yUH$lj-sfArT3"
"maily.loveridge@edu.tbz.ch"|"ALp&$F-iJTBD9-#UJ0Xa"
"marie-eve.yurkiewicz@edu.tbz.ch"|"hmnEC3-SfMKoI-MTyO4C"
"fei.roder@edu.tbz.ch"|"yoxFX#-58IfYl-qtyO3r"
"edmee.chatburn@edu.tbz.ch"|"iMbsG3-ifsjD3-9S3Yzc"
"geraldine.darke@edu.tbz.ch"|"1DedpX-Qq0XWT-2GMv%e"
"ye.jira@edu.tbz.ch"|"2dntRx-X%q#Se-nrKOCN"
"publicite.persent@edu.tbz.ch"|"FPEmd$-JT7khK-dY6Hwf"
"severine.wilcox@edu.tbz.ch"|"QQe0TI-ctPZ&U-2$7UAA"
"yao.mcclaren@edu.tbz.ch"|"#K91$R-iOkdF7-l1nT1I"
"theresa.foynes@edu.tbz.ch"|"UU3cU@-soj31z-0sX15w"
"stephanie.isley@edu.tbz.ch"|"TKLYAy-1bi2zq-Ef4yU2"
"torbjoern.growy@edu.tbz.ch"|"C06jjB-$A@hsV-V2jA$i"
"eloise.tunnadine@edu.tbz.ch"|"19J422-042yFd-R4imNG"
"maeline.cossentine@edu.tbz.ch"|"W4we#r-L2CkFh-48&ccE"
"nelie.desantos@edu.tbz.ch"|"$lVyaC-xFDr0e-p5SvtL"
"gaetane.axston@edu.tbz.ch"|"JKPYuM-7&6Ynu-8IINlR"
"aimee.merman@edu.tbz.ch"|"TFuRKI-wh9i$6-LfuAgy"
"oerjan.drivers@edu.tbz.ch"|"IC@lL6-k3Eryp-GXXiwT"
"aimee.miroy@edu.tbz.ch"|"&yUW9Z-vzp3iS-67iT#p"
"nelie.glyde@edu.tbz.ch"|"JATc#U-33Ej0A-9Ekfag"
"hakan.kapelhof@edu.tbz.ch"|"%TBf#f-GQdBIG-oKgQ@Z"
"maelyss.cauley@edu.tbz.ch"|"gFHVky-2EkA1c-8q%dcD"
"elea.vaggs@edu.tbz.ch"|"WaAG3p-Yj4hgB-&9SkRA"
"maelys.but@edu.tbz.ch"|"#cqofN-FTgLXU-DS%FbC"
"maella.arthurs@edu.tbz.ch"|"%01la&-lr64F3-Esqo9p"
"adele.liebrecht@edu.tbz.ch"|"Qu5Ey%-mDR5tM-QX8&B0"
"meline.lomasny@edu.tbz.ch"|"X8OTmo-auE8JX-EAJ&Tw"
"mediamass.schwant@edu.tbz.ch"|"3uwrZ1-PK2$N$-5ABILk"
"leone.saunt@edu.tbz.ch"|"FeidIo-Fdm9SO-MOqlu%"
"annotes.gouch@edu.tbz.ch"|"3HmOmY-pKIkXa-nlKMbm"
"gaetane.bowich@edu.tbz.ch"|"ka1CEb-QP2Dno-wA#QEe"
"alizee.strelitzki@edu.tbz.ch"|"Q&oFZo-6oFuDn-4z5PuX"
"leone.poile@edu.tbz.ch"|"98$5Bv-vGqyKZ-@uOaH3"
"amelie.saban@edu.tbz.ch"|"%mf7hT-q0hiuS-sOe%zu"
"marten.mcmenamin@edu.tbz.ch"|"Cqhr%m-G0rN4E-7DLb@y"
"becassine.keets@edu.tbz.ch"|"0%ZRcG-ZEPwGV-6yKZiW"
"celine.million@edu.tbz.ch"|"CbN9h9-SbOjPF-TuTmP2"
"geraldine.belitz@edu.tbz.ch"|"J6aY2w-jEQfiX-&zXYQr"
"salome.mardling@edu.tbz.ch"|"7iHONP-dmG9&M-r$$rxM"
"melia.blakemore@edu.tbz.ch"|"8cACfY-nwuW20-E3t5vQ"
"dafnee.mcaulay@edu.tbz.ch"|"i3in65-0bN@LE-Y4%84s"
"garcon.dennett@edu.tbz.ch"|"JEoJsk-F6H2Ts-vDlVXv"
"interessant.lesor@edu.tbz.ch"|"rg4cBW-oQ33zG-AQSm6l"
"annotee.wasbrough@edu.tbz.ch"|"8RWI$%-pRCJp6-VxD01#"
"asa.ibbeson@edu.tbz.ch"|"4E0VK5-qIdGQn-nEMyE1"
"maily.kennealy@edu.tbz.ch"|"RH2uso-I8K11B-mraQC@"
"ye.seares@edu.tbz.ch"|"i2Zn%8-LhXhEX-cLh7Wc"
"athena.harbron@edu.tbz.ch"|"ZQHbkY-bbP@2A-XJt9Pl"
"andreanne.portail@edu.tbz.ch"|"rlQVl9-&q0CQM-hD@Aj%"
"goeran.zannelli@edu.tbz.ch"|"LINPWC-7%19Bq-#SYgUp"
"gerald.leathlay@edu.tbz.ch"|"6N#8QH-VMmYHh-@kW04b"
"andreanne.chown@edu.tbz.ch"|"qmG7Jk-U&0DPq-ezpSF9"
"esteve.clementel@edu.tbz.ch"|"U&Y&Xi-#4anrA-wgY0#K"
"leone.legan@edu.tbz.ch"|"#dzVe7-1XUVwo-f5Kskl"
"maena.pownall@edu.tbz.ch"|"b8lkyO-pMby%q-i4tD%o"
"andree.rettie@edu.tbz.ch"|"VVOPpY-kCyjNo-JAIfNU"
"ines.kenwrick@edu.tbz.ch"|"qMtoOK-5QaHKi-MMNT#G"
"marie-helene.yarnall@edu.tbz.ch"|"gBT&I0-edtKd0-Lvjolz"
"po.martin@edu.tbz.ch"|"4dU1eG-w729lT-Sr%6g%"
"ruo.celiz@edu.tbz.ch"|"ZgRo8P-9I%SHX-oOPrKA"
"po.bissett@edu.tbz.ch"|"38HcAq-dulX&y-ud0JB#"
"du.swindon@edu.tbz.ch"|"XfDW@4-#h7SHs-FO6PeH"
"interessant.gouldthorp@edu.tbz.ch"|"KJdslW-#%qkSR-FNVtBE"
"leandre.lilburn@edu.tbz.ch"|"OA2lf6-mnX5WU-LxVbFx"
"bjoern.whales@edu.tbz.ch"|"Nsnrl2-zBcf@h-ZQ%fxf"
"interessant.dieton@edu.tbz.ch"|"OfH$WW-wQv5zh-#MxTMm"
"celestine.redhills@edu.tbz.ch"|"qpXUWW-OUdm6h-LcQsgq"
"tan.yakovlev@edu.tbz.ch"|"uHTfh3-ELQGIv-sMWYEM"
"regine.mcdowell@edu.tbz.ch"|"Dfw5@M-oHQpHG-wUUX9a"
"ju.coysh@edu.tbz.ch"|"a&2Zxe-YbOgdu-ETF3me"
"reserves.ofallon@edu.tbz.ch"|"T0meZ1-%SAnb$-9lR0Nj"
"frederique.sobey@edu.tbz.ch"|"UeL9BJ-%rtbQv-hnT0EW"
"marie-eve.garstang@edu.tbz.ch"|"U#B&Tq-$ZXSWJ-sUXu@4"
"andre.tapin@edu.tbz.ch"|"IbmoZW-Tna7kb-BdG8Tz"
"esbjoern.eynon@edu.tbz.ch"|"YaNpwf-Q&o%vE-hhASxi"
"maella.duffy@edu.tbz.ch"|"4i4@h0-xgpHsq-4OjYta"
"leandre.twinning@edu.tbz.ch"|"hbOn1G-4j5oNP-P5$7eV"
"mai.whittingham@edu.tbz.ch"|"#QSAkg-VLfWPb-OreE8j"
"rachele.shevelin@edu.tbz.ch"|"luJ3%4-HUYD&M-2PkOiv"
"cecile.mcure@edu.tbz.ch"|"RKckNm-Mgrgn&-rQYi8A"
"marie-eve.yurkevich@edu.tbz.ch"|"3Y%ET1-q0KWgW-h#IIfE"
"almerinda.paice@edu.tbz.ch"|"05n7Q@-5uv%pI-3MNGYI"
"rao.howkins@edu.tbz.ch"|"Q04@YZ-p25cO4-POpPaU"
"serena.pack@edu.tbz.ch"|"V5vbCj-yEnvkj-n@wW%z"
"rebecca.mant@edu.tbz.ch"|"rt9ESw-FT$eUN-FsfKui"
"reserves.spitell@edu.tbz.ch"|"6IMu1A-ayiFRs-2E3tzp"
"garcon.hamfleet@edu.tbz.ch"|"nj$IHH-X6pl%J-l2eyjp"
"methode.kerkham@edu.tbz.ch"|"Iu&#@P-$#4Yzd-SHF99M"
"pelagie.camies@edu.tbz.ch"|"wFP#nF-B$duhj-vx&w&V"
"josephine.macpharlain@edu.tbz.ch"|"3bXEwe-bCWO5N-LDEE7b"
"eugenie.mathet@edu.tbz.ch"|"mWl$Kk-T8BuIm-DgE61l"
"gaetane.brangan@edu.tbz.ch"|"oHtq3M-&Jp$Vl-oS&mb6"
"michele.dewbury@edu.tbz.ch"|"ETWg%L-7uVQ4g-$D15gM"
"eugenie.elcott@edu.tbz.ch"|"F7Sv4w-c$u@#j-8MzT3p"
"megane.harniman@edu.tbz.ch"|"b2xcu9-P6tW3k-JM1Ee&"
"agnes.cluney@edu.tbz.ch"|"dXu6pG-wlV15V-NOWG65"
"marie-helene.angear@edu.tbz.ch"|"QMViKj-ASvz5i-Mgqf%G"
"melia.dolphin@edu.tbz.ch"|"TG0Og9-rjVPF#-hh0aNa"
"lois.ruseworth@edu.tbz.ch"|"PjYgyI-H5SyE4-bQVnMn"
"mailys.ryding@edu.tbz.ch"|"D@rH#&-N84lQz-OI00Lr"
"rachele.wulfinger@edu.tbz.ch"|"N#eT3e-s6ZP&X-8BzcSK"
"gwenaelle.talton@edu.tbz.ch"|"wvvEQi-OVWoD@-Fhj15L"
"long.ronchetti@edu.tbz.ch"|"@fIgBb-bUGA$2-P$Jcxo"
"styrbjoern.kloska@edu.tbz.ch"|"8kg3Id-K@WEsv-Ty0OR9"
"len.sudran@edu.tbz.ch"|"l%5Hjk-Lg2yVp-o06%Qj"
"maelle.andrysek@edu.tbz.ch"|"yYiy2e-WkdG8N-1072o8"
"selene.senior@edu.tbz.ch"|"q3vnzG-&qbIej-JN%&FW"
"anais.joskovitch@edu.tbz.ch"|"@BkU$W-TJcsSL-LIYtei"
"marie-noel.dally@edu.tbz.ch"|"d9EmWD-pO#ckh-l0Gnd7"
"marie-helene.laurence@edu.tbz.ch"|"r5N1YI-MBtjrn-qihpYp"
"camelia.foxon@edu.tbz.ch"|"ANNpoc-6Sf$43-QGsDBM"
"helene.cankett@edu.tbz.ch"|"NmNLeb-PtcfWC-vVMLh6"
"marten.mitchelson@edu.tbz.ch"|"TFQFtm-9zG&Hx-PIvP#r"
"helena.stirtle@edu.tbz.ch"|"iQNaQS-kcXPKC-tSffsp"
"leane.barmby@edu.tbz.ch"|"8t0Hf@-rErBh@-IkX3pZ"
"goeran.ofinan@edu.tbz.ch"|"xEidK8-ARBCoK-vVD7@K"
"styrbjoern.proby@edu.tbz.ch"|"fvyKg4-DYhpjG-qzlBti"
"zoe.halse@edu.tbz.ch"|"RmZOf2-GJFO#G-j#y3$T"
"kui.drable@edu.tbz.ch"|"18dHLu-coZFjk-O$eT&C"
"desiree.bamford@edu.tbz.ch"|"4MagCh-p5UV6A-DJ3Tk$"
"zoe.suller@edu.tbz.ch"|"xqIvX%-uW4yx1-JnURhx"
"marylene.audiss@edu.tbz.ch"|"wz1tD9-ad$0rD-vg9y%6"
"adelaide.poznanski@edu.tbz.ch"|"ThBNvY-%x6nqW-KY7#Gc"
"maella.coleyshaw@edu.tbz.ch"|"DL@LVk-hNCUqT-ISJDJ3"
"marie-francoise.gelder@edu.tbz.ch"|"$IPFQy-&Z@9ce-#em&fC"
"eleonore.chaffyn@edu.tbz.ch"|"l@Qzyq-RDOSWd-uye5@y"
"celestine.sikorsky@edu.tbz.ch"|"oXd26n-hEgyBi-mB$Bnr"
"stevina.londsdale@edu.tbz.ch"|"%izy1L-psu3Yh-ccU%KT"
"maiwenn.nevitt@edu.tbz.ch"|"r30lRy-z&VOKo-HdrOup"
"magdalene.gerrey@edu.tbz.ch"|"ZEGfER-mTEnWQ-f4N7eV"
"becassine.latimer@edu.tbz.ch"|"ixEfxB-Iv4Pdc-IWSHmt"
"da.lethibridge@edu.tbz.ch"|"WTGkS2-0IAzZQ-qhCOr7"
"mailys.claige@edu.tbz.ch"|"uNG%Pd-V#TIvj-IQL7Fd"
"maena.torbard@edu.tbz.ch"|"MLkCMM-IKGyPz-0FJAxk"
"solene.lyvon@edu.tbz.ch"|"eCyFgh-nP&kyj-FS3JlM"
"marie-therese.benbrick@edu.tbz.ch"|"qR4pmS-7p0AVT-0wYfNp"
"gerald.edmonson@edu.tbz.ch"|"YN&Qk4-PcH%06-VYwwTW"
"ake.messruther@edu.tbz.ch"|"kxWHee-WGv0e0-9TONEI"
"men.gosneye@edu.tbz.ch"|"40m6M4-rX9cb$-88xeBv"
"anais.jefferys@edu.tbz.ch"|"x2pwiP-WyBN3q-pFXvcI"
"publicite.tregale@edu.tbz.ch"|"8Qwe8c-SovTZL-j@yvaV"
"maily.santorini@edu.tbz.ch"|"W6ARbz-PDyJtP-8W0VD2"
"ines.pioch@edu.tbz.ch"|"YDVQ7D-6mLbxG-5WYWTY"
"noemie.marklew@edu.tbz.ch"|"eSzXV0-%g42cq-B&1MJ4"
"meghane.maccaffrey@edu.tbz.ch"|"C78pxY-qxK$Xz-cclWGb"
"berangere.ambrogio@edu.tbz.ch"|"FBAGrk-jcHhns-DXaxC&"
"mediamass.ryce@edu.tbz.ch"|"Mte7NP-nh$wGm-MdOBpA"
"oesten.ubank@edu.tbz.ch"|"4uW@K7-SR0sL5-W$ljA%"
"melina.mackee@edu.tbz.ch"|"lM@7o&-$hu$aI-ESzq$M"
"theresa.livezey@edu.tbz.ch"|"5GjPjF-V57tEl-zZN1$K"
"clemence.weal@edu.tbz.ch"|"wjvLoy-Uk3K&s-cGYddr"
"faites.overton@edu.tbz.ch"|"7BI$tq-CN7UYu-EYau52"
"clea.lindblad@edu.tbz.ch"|"9vsli%-VIxm56-a#VtBl"
"josephine.roseaman@edu.tbz.ch"|"wlFsP8-LghcmA-nNxh8r"
"oesten.lowbridge@edu.tbz.ch"|"E7EDcw-Ysv74N-nHzrKF"
"marie-josee.brion@edu.tbz.ch"|"d@lqKz-UFZ58p-M5u7tU"
"therese.basili@edu.tbz.ch"|"kNo#iI-CNn6vj-cWFYdD"
"melia.vertigan@edu.tbz.ch"|"6Gr6lk-FPO@os-lZnr2k"
"judicael.saull@edu.tbz.ch"|"SxRy8F-j@e$30-I6Jvud"
"selene.valentine@edu.tbz.ch"|"oSK%sU-Dy023P-I&&ao4"
"verane.dunlap@edu.tbz.ch"|"z4A6fe-ZRauK5-NisK0$"
"meline.kinnear@edu.tbz.ch"|"bIxGeD-XiS24z-1zy24a"
"lei.luttgert@edu.tbz.ch"|"L5zv22-HafLHy-ztpRoo"
"styrbjoern.lathleiffure@edu.tbz.ch"|"aARnfL-zWreaL-PK0qle"
"marlene.blasi@edu.tbz.ch"|"%7tI4L-hLVjzY-S0x4in"
"mai.begwell@edu.tbz.ch"|"qbHL1u-A3V9fe-nySSzp"
"gwenaelle.kaines@edu.tbz.ch"|"2y2SdE-n1v@H5-NpkFtY"
"gerald.adamthwaite@edu.tbz.ch"|"VdeRLN-9OQ8vb-Fa36bO"
"kui.hartfield@edu.tbz.ch"|"cJu8Jr-4&hAWG-wQYYon"
"salome.currao@edu.tbz.ch"|"usLK5W-LGAXxQ-yjVt3x"
"angelique.tixier@edu.tbz.ch"|"T12meK-#kVU8Z-sE1arQ"
"ju.mcgragh@edu.tbz.ch"|"K4OAE#-EHxl%k-P@XElm"
"dafnee.beachem@edu.tbz.ch"|"DBvyoi-sJRKXA-hKh$2w"
"creez.terlinden@edu.tbz.ch"|"px7eQm-X&cT10-nC5$0T"
"uo.mcskeagan@edu.tbz.ch"|"Cz63Hc-nkYLaQ-&3jAQR"
"edmee.mccaughren@edu.tbz.ch"|"KYV91h-mFEP&W-a1Yx%q"
"asloeg.cozby@edu.tbz.ch"|"5@rUMs-ezRKj%-phIcqz"
"melodie.traite@edu.tbz.ch"|"9rXx$v-FnZlQx-lRNJkF"
"dorothee.aindriu@edu.tbz.ch"|"VpVnzG-sFGK2B-Bwh#oD"
"daniele.doley@edu.tbz.ch"|"rsH#29-9aYYqL-Yop%Ja"
"mediamass.fairclough@edu.tbz.ch"|"s#uonH-ufgePh-O7#bxL"
"lorene.rainforth@edu.tbz.ch"|"Km6Rbn-jxZtlQ-D5x8AD"
"leonore.eyer@edu.tbz.ch"|"4FIWg7-t0KX0O-Y2S%CS"
"po.spillman@edu.tbz.ch"|"pEtl2G-jT6Pf3-y#zqbZ"
"cecilia.plitz@edu.tbz.ch"|"3vCA&M-JSkYOT-y89VLy"
"lorene.ludlow@edu.tbz.ch"|"kdwLwm-E3hQPF-ESXk03"
"berangere.neligan@edu.tbz.ch"|"XMgpjY-NfB1Vb-rBaCnW"
"simplifies.huggan@edu.tbz.ch"|"0KYi5c-8fyBWL-DhojV8"
"clelia.prandy@edu.tbz.ch"|"2HzVSl-L2%%mI-8Az6sB"
"ake.osban@edu.tbz.ch"|"fs5dV&-cS7X7T-Sis&Te"
"cunegonde.brunn@edu.tbz.ch"|"RmL2@V-3&$E&8-6i%jaY"
"long.grizard@edu.tbz.ch"|"E4v8PQ-$DgFg1-afNR37"
"meghane.diss@edu.tbz.ch"|"HrqFs0-tn@nWl-z0iNHB"
"therese.oldman@edu.tbz.ch"|"adIZ0C-F1zL98-9exrwq"
"boerje.scamerdine@edu.tbz.ch"|"23TfXO-Mi6zvu-R1#zwq"
"du.saban@edu.tbz.ch"|"RWhYvg-x2P6w5-mNHI@F"
"hakan.clynmans@edu.tbz.ch"|"27MU8f-ftz2Me-CkG8mj"
"wa.macdowal@edu.tbz.ch"|"qDUePs-9WnlIm-m$BETr"
"venus.hatrey@edu.tbz.ch"|"fkOVuR-ftdWL6-8@gB$7"
"anaelle.vispo@edu.tbz.ch"|"R#dK%U-3F96MY-Pdr#my"
"mahelie.ollcott@edu.tbz.ch"|"@q3pi5-mj#Vs6-VgA7GZ"
"mediamass.whyman@edu.tbz.ch"|"@SYN9f-K0NX&Y-76kt2Z"
"esbjoern.basson@edu.tbz.ch"|"a8sta7-FkxKY$-ndOh7X"
"andrea.morrill@edu.tbz.ch"|"zNFHQm-fj5xWV-6JlDvI"
"melys.grassi@edu.tbz.ch"|"gzT4ZR-iXVsHY-MMlh0P"
"leone.poleye@edu.tbz.ch"|"YXOigF-Ej7$hE-B8igNu"
"francoise.penny@edu.tbz.ch"|"QfTbuP-l&0ih@-7c$6QM"
"rebecca.edney@edu.tbz.ch"|"X3IEOl-qEGhDr-yF@j@D"
"adelaide.murtagh@edu.tbz.ch"|"gI2Ljp-mopffM-9Zb9h3"
"stevina.winterbourne@edu.tbz.ch"|"U2GDis-%f5TY1-zWh4%#"
"ma.cottom@edu.tbz.ch"|"9vdFF5-T7BHLr-Zo@8ch"
"tan.harold@edu.tbz.ch"|"acvdm1-zVPTOV-r2v00h"
"venus.forte@edu.tbz.ch"|"66txGx-sEl5EN-qpHJCw"
"almerinda.oluney@edu.tbz.ch"|"6gJUpo-HR7SNC-5@kW@F"
"cleopatre.brehault@edu.tbz.ch"|"D3R9GF-TIO$nY-VWfMO6"
"interessant.lapides@edu.tbz.ch"|"H6Nmut-L1@Cyu-0SJARo"
"reserves.hallatt@edu.tbz.ch"|"OBXhW3-5#4a%p-Bs0wlx"
"annotes.birdwhistle@edu.tbz.ch"|"uSj%d4-Kpoivx-&8jv7W"
"ai.dredge@edu.tbz.ch"|"fGRV@7-bfuAJH-dUw%gv"
"megane.mussard@edu.tbz.ch"|"enMxO2-ED104X-8q@3%%"
"esbjoern.gowrich@edu.tbz.ch"|"iooEAO-z6RhIi-fkH5hU"
"boerje.brislawn@edu.tbz.ch"|"Nneycl-RQC9b1-$T@b2r"
"becassine.wilce@edu.tbz.ch"|"IOKfn%-Sr90X%-q$fPHF"
"personnalisee.oels@edu.tbz.ch"|"97Rk#3-ZY8tKt-MmH$Wh"
"verane.pett@edu.tbz.ch"|"oX8hEN-82rZ1F-yJnD83"
"marylene.glewe@edu.tbz.ch"|"b@0kxT-FbO2LW-h#QiKg"
"lai.elson@edu.tbz.ch"|"$xOJtj-HuPzno-#np5Bg"
"serena.difranceschi@edu.tbz.ch"|"bwTX$C-6zR9r3-gW4XNl"
"lie.espinel@edu.tbz.ch"|"iecWC%-nI5@u4-rUsXZl"
"marylene.fantini@edu.tbz.ch"|"Hl3L4h-$hYkMI-RK4sT2"
"andre.archdeckne@edu.tbz.ch"|"8BK#SW-b$lpCj-GC&cnd"
"goeran.bohlingolsen@edu.tbz.ch"|"%&tOD@-7@acMy-SU8&$O"
"cunegonde.heffer@edu.tbz.ch"|"Kv8k@f-9f%1sg-qh38P0"
"tan.fechnie@edu.tbz.ch"|"zxWf5q-xMh3uW-cjxrie"
"marie-noel.brammar@edu.tbz.ch"|"dFLgU&-M8yQBT-K9oXtA"
"simplifies.aven@edu.tbz.ch"|"w39$qK-lwrIlq-Co9cYd"
"melys.pinchen@edu.tbz.ch"|"52mRr8-GILIP9-hbcEgF"
"edmee.joyner@edu.tbz.ch"|"jEhiGR-k2rFcG-OuQ0KS"
"berengere.edess@edu.tbz.ch"|"0oiFHq-%IwB1p-QRsckh"
"marie-noel.goward@edu.tbz.ch"|"yVvR%9-2S2a0Q-5XduZK"
"ju.edmons@edu.tbz.ch"|"4%chP5-bLFYa$-j&%3mw"
"frederique.airds@edu.tbz.ch"|"ngoeQ9-K5uLV6-7BjrZd"
"reserves.dauby@edu.tbz.ch"|"#cn2vO-uSL1tC-FvQMfc"
"hakan.gynni@edu.tbz.ch"|"jEtV#l-bQ14VO-gHPKLM"
"leonore.pinwill@edu.tbz.ch"|"GsOxQU-6@BMpM-B$Oyoi"
"marie-eve.mcallan@edu.tbz.ch"|"i4PLsw-DSkhkM-kEnu0V"
"naelle.yeabsley@edu.tbz.ch"|"iqD@br-4DRpw$-yq3rru"
"nelie.jacobovitz@edu.tbz.ch"|"ockeYu-CpCtl5-mtCS44"
"adele.conelly@edu.tbz.ch"|"Q@jfIQ-AToSQC-F#JWlM"
"clementine.dondon@edu.tbz.ch"|"1dbLcJ-e4EJpt-msS5wQ"
"zhi.willcot@edu.tbz.ch"|"8H4&re-kHEuWU-oKPeT&"
"chloe.janicki@edu.tbz.ch"|"uY0u0V-&%iLeZ-Bwhg&k"
"meng.linde@edu.tbz.ch"|"hRT$c#-9iIqUv-@NiLP9"
"celine.janisson@edu.tbz.ch"|"HeiI8l-LcYh&E-#TiM22"
"clelia.crow@edu.tbz.ch"|"GGOpAS-2M6CxA-x7RvI%"
"cecile.pyott@edu.tbz.ch"|"avdhbs-XrnGfz-00KuVQ"
"ma.fidelus@edu.tbz.ch"|"0XJwhv-xfG5dW-R7QpRh"
"marie-helene.poore@edu.tbz.ch"|"Bo%9k&-%yDKtZ-c%ASCl"
"elies.blanket@edu.tbz.ch"|"fFbVLj-rfWla0-ZFXzRX"
"yu.boyer@edu.tbz.ch"|"lEUvr1-OoHr4r-tLE9g4"
"celia.welds@edu.tbz.ch"|"f$scyk-5eTh8U-oJDQBo"
"du.gunney@edu.tbz.ch"|"#54H1&-NNMD9x-AZY$Dk"
"goerel.crush@edu.tbz.ch"|"QbjqE8-cgj7OI-$JgQ9I"
"marie-josee.brosius@edu.tbz.ch"|"WtiVlh-1d5e@n-2kE&OX"
"camelia.adds@edu.tbz.ch"|"SYNjl&-#vjuwA-%xF$om"
"anae.irwin@edu.tbz.ch"|"Ry56G@-gjDhsJ-8pgrK$"
"cleopatre.skeffington@edu.tbz.ch"|"5EL7z%-AVq9js-X6yTf2"
"gerald.suggate@edu.tbz.ch"|"vJcwJw-XuLC&&-pgD0Pv"
"laurene.tailour@edu.tbz.ch"|"jRxmBu-Xx8Prw-gh@pfR"
"amelie.hoble@edu.tbz.ch"|"abboLU-OTrEkL-jNXT1I"
"venus.getch@edu.tbz.ch"|"GXDkQi-G6hLha-$ipDK#"
"renee.treby@edu.tbz.ch"|"OaIeBI-b5NKGS-SPQww@"
"almerinda.stait@edu.tbz.ch"|"A52dQ&-fLU2%a-C#Go3o"
"andree.reddecliffe@edu.tbz.ch"|"8OUmV&-cVNQGY-gktSzy"
"leone.wintle@edu.tbz.ch"|"&tZNTO-Hai@H7-@1TJ4D"
"gerald.fellow@edu.tbz.ch"|"WQN88$-wDFf5U-qm%AfD"
"ju.gudger@edu.tbz.ch"|"0dCFvv-4pKaiT-@Rc1If"
"meng.ohaire@edu.tbz.ch"|"ph@9NB-1HmmZv-JGtJ3V"
"cleopatre.missington@edu.tbz.ch"|"UmHDzf-SF#GcS-HMP9WO"
"annotes.debruyn@edu.tbz.ch"|"3Doqa2-cBaI6h-Dm81nV"
"gerald.sinisbury@edu.tbz.ch"|"Gn7T7$-WnL2wQ-R8y@f2"
"creez.slora@edu.tbz.ch"|"GoRkrN-6ANyOD-Yop8jD"
"gisele.benbow@edu.tbz.ch"|"pogUvP-9VNO&q-IDGEby"
"pal.dossit@edu.tbz.ch"|"UW#F6R-S#KNZA-Qhh1JL"
"nelie.stirrip@edu.tbz.ch"|"v$dlrC-P5K9hO-FO2UXD"
"alois.ocrigane@edu.tbz.ch"|"y2psSr-SPxQVI-JFIBoy"
"kui.mcterry@edu.tbz.ch"|"hGU&8Y-inYOLa-#1Sh60"
"long.willgoss@edu.tbz.ch"|"HbHy%V-0@FihR-6by9Nu"
"francoise.sumpner@edu.tbz.ch"|"pCqt7m-KZY7KM-WfSD%c"
"maely.grinstead@edu.tbz.ch"|"$M1Ayv-48aYoy-8IrZun"
"creez.langeren@edu.tbz.ch"|"P&zo7a-Q#VTeh-o1S#FD"
"adele.dungate@edu.tbz.ch"|"dytEsZ-4lqrCi-KBc38a"
"cleopatre.noirel@edu.tbz.ch"|"Wl7EA3-j3QDN&-7szKL4"
"interessant.daverin@edu.tbz.ch"|"Hn9@Ax-Y9gX$t-RxMuH4"
"naeva.kalderon@edu.tbz.ch"|"VWujnz-SckoKW-f9IoMk"
"anais.oshesnan@edu.tbz.ch"|"Uqhj%O-fq@H0k-T58hvr"
"judicael.anelay@edu.tbz.ch"|"HICqBd-DSawFc-$#@Nre"
"eloise.braxton@edu.tbz.ch"|"#D6Swj-h%aZQG-j#SzwY"
"desiree.greguol@edu.tbz.ch"|"Nu3ch#-Z#QgVX-aZXPN#"
"maite.mcclenaghan@edu.tbz.ch"|"wyC$S5-rDTa0G-ADs0zx"
"meng.doret@edu.tbz.ch"|"Eaz&Xn-FBtp8m-grvX7d"
"frederique.chippendale@edu.tbz.ch"|"A0Utei-dCpwbD-GLRC21"
"andreanne.lanney@edu.tbz.ch"|"JGVo4M-HqsL9s-olelF#"
"aurelie.claus@edu.tbz.ch"|"K9oBle-aNi6JN-poAt$4"
"renee.pabel@edu.tbz.ch"|"2sbcbg-gWUGeG-zU#@Ac"
"maena.roust@edu.tbz.ch"|"2&tv#G-eQqQzY-73jncp"
"nadege.carwithim@edu.tbz.ch"|"eQEFjQ-h8ndNJ-#@Ik4b"
"solene.geyton@edu.tbz.ch"|"bP50$a-EKbOEP-0HcuJJ"
"dafnee.avraham@edu.tbz.ch"|"C&y5DW-uCD%%o-I%lNb1"
"leane.woolvin@edu.tbz.ch"|"qac9VX-hqU2jX-LkCaJE"
"adele.macadie@edu.tbz.ch"|"IwHkj4-uB6hdW-N9%6nh"
"meline.rubica@edu.tbz.ch"|"&NtsHM-cxUfO3-15pxcu"
"marie-noel.speeding@edu.tbz.ch"|"Z50lpH-y46Qk2-7GY5tE"
"nelie.mix@edu.tbz.ch"|"GnDNBx-GjNFIU-aSQBLG"
"clea.ollett@edu.tbz.ch"|"epe5eT-ZZUwVS-A4CUZK"
"leandre.mcgavin@edu.tbz.ch"|"opgR2v-qLBcs7-q45ikm"
"cecile.behne@edu.tbz.ch"|"7U3KlD-vA@QJ8-@BV1$7"
"melanie.polle@edu.tbz.ch"|"Y5Sbtp-dnU3Sp-sZSH#8"
"marie-josee.titmuss@edu.tbz.ch"|"Ueh%k3-UUCcCd-OoiRKm"
"helena.guest@edu.tbz.ch"|"1FSH9E-6UETjI-yyacGn"
"annotes.chicchetto@edu.tbz.ch"|"P9LLKM-E8kF%j-MsFF9A"
"melia.tubb@edu.tbz.ch"|"V&qgce-3jFnPI-lkExQ9"
"angelique.casetti@edu.tbz.ch"|"N42EuH-#grjkD-jW3FTq"
"cunegonde.cleall@edu.tbz.ch"|"Fx7$0y-%xezuc-7gM&MX"
"camelia.oaker@edu.tbz.ch"|"IHSGCD-8$sNsq-6s4QA8"
"you.searight@edu.tbz.ch"|"VfIrBf-iJjwWg-pZP1dq"
"kevina.dederick@edu.tbz.ch"|"WMlTM%-xrEiT1-FTeMXr"
"milena.jeffrey@edu.tbz.ch"|"YWWple-zawO6B-iz4%wV"
"melodie.barkshire@edu.tbz.ch"|"SbH&bR-wp96P$-aM@$uv"
"gaelle.kreutzer@edu.tbz.ch"|"I2xNqP-FCi6B0-c0X0oE"
"kalliste.kleinpeltz@edu.tbz.ch"|"ye4&Yc-2nbvEZ-1adzOz"
"clementine.danat@edu.tbz.ch"|"gpk9nY-zUATTO-veWumI"
"andrea.wabb@edu.tbz.ch"|"L%lBI7-gj#MXv-PC8Ui#"
"geraldine.piesold@edu.tbz.ch"|"RAIL0C-1F5ggf-IORfOF"
"tan.fiveash@edu.tbz.ch"|"%uO@dI-qo9yj$-M5%5xz"
"meline.yuranovev@edu.tbz.ch"|"TX3oTI-SG2MX9-rZYCxi"
"therese.holme@edu.tbz.ch"|"xTU%r&-sNhMoX-Tzcjdy"
"salome.vaney@edu.tbz.ch"|"o1IPNl-YcY$nk-EgCZ$E"
"anae.abramson@edu.tbz.ch"|"E7iZ4d-P@4jyj-0#OboX"
"kalliste.jimson@edu.tbz.ch"|"dA2eeX-EAgf8E-2OMTja"
"selene.yole@edu.tbz.ch"|"BLDzl&-5kjK#I-Dlvj#t"
"agnes.defraine@edu.tbz.ch"|"NULyK2-Gb#hDj-lSl50j"
"faites.mccluin@edu.tbz.ch"|"s%xrKM-LbtRN2-&Y@nuH"
"athena.deme@edu.tbz.ch"|"&R%Rw3-ySPQey-c9vZ$s"
"daphnee.brigstock@edu.tbz.ch"|"Qfd5Xq-uKgD3e-nznqXN"
"goesta.skaif@edu.tbz.ch"|"V4UYAp-JChdo#-STkJt#"
"oceane.jagoe@edu.tbz.ch"|"omlitb-k2Gw9O-oJG8$3"
"annotes.broomhall@edu.tbz.ch"|"q#zRpK-MDi7@o-95rQlu"
"marie-eve.ballendine@edu.tbz.ch"|"7Fim3v-LqM2w1-&9Wtil"
"melina.spykings@edu.tbz.ch"|"$45Prw-fGgtjP-msUgXj"
"laurene.ticehurst@edu.tbz.ch"|"mNytcS-UiHjnf-D1qdV7"
"fei.avramovic@edu.tbz.ch"|"mlxV11-3KN#D$-FOoVX$"
"publicite.strathearn@edu.tbz.ch"|"opRsg0-cnWC4Q-lFoZfK"
"torbjoern.garrow@edu.tbz.ch"|"4nT8O2-KfKSN#-kt$kUO"
"chloe.rubinsztein@edu.tbz.ch"|"R4XT#S-QE3ELt-7PkXqN"
"mylene.demanche@edu.tbz.ch"|"tdHfjC-QJQ7w%-YSokNK"
"mediamass.godlonton@edu.tbz.ch"|"lCe#3z-ldG4cf-XtI4U@"
"renee.shurrocks@edu.tbz.ch"|"hCZf%Q-Yp@bs$-qsq#yW"
"maiwenn.jedras@edu.tbz.ch"|"HLgx&m-nIqf5t-$Jqfan"
"genevieve.castells@edu.tbz.ch"|"9CU8eR-R9%jIm-X0FuNy"
"renee.sneden@edu.tbz.ch"|"REVX1C-9iiGoj-FgkA7x"
"lai.mccallion@edu.tbz.ch"|"twkEhv-IlCV8@-sOx@F7"
"kevina.impleton@edu.tbz.ch"|"K@htI3-6NBE&t-wfGOAR"
"oesten.fresson@edu.tbz.ch"|"Ope1M6-NcsPKi-I28EFu"
"verane.shawley@edu.tbz.ch"|"uWFWtn-ZGHOfW-78klSe"
"uo.sjostrom@edu.tbz.ch"|"oErUuM-A@VB@0-eDrUrV"
"gisele.gothup@edu.tbz.ch"|"uARONj-wqaTW%-RT7P2x"
"renee.beauman@edu.tbz.ch"|"s#SuTE-7NXpNq-znofAQ"
"elies.loton@edu.tbz.ch"|"L3CUnP-0&W6Fx-hEo%Dg"
"valerie.elsmore@edu.tbz.ch"|"lAfJsg-3pExGI-5Ojn1z"
"berangere.delafeld@edu.tbz.ch"|"BoiI#6-ZXY8i1-72AQel"
"bjoern.schimke@edu.tbz.ch"|"8w3um#-0UA%TB-EzM4E2"
"loic.ericssen@edu.tbz.ch"|"1N%7&h-mr&HV7-9AkI3H"
"creez.richarz@edu.tbz.ch"|"teHKrH-ZMxU7A-CQw$YK"
"athena.grocott@edu.tbz.ch"|"uKCbSS-R4QWMP-o7t9SU"
"naelle.piotr@edu.tbz.ch"|"oOr9z8-zGrq4M-Xn63#f"
"maella.paulson@edu.tbz.ch"|"TWWNCA-8blNng-lPodUr"
"song.perot@edu.tbz.ch"|"WqOtUm-icKKIA-91FquT"
"kalliste.heckney@edu.tbz.ch"|"irued0-Q5F$Ym-pvLxfY"
"ake.vasyutkin@edu.tbz.ch"|"v921f#-lC3a#o-ULlsAd"
"ma.castles@edu.tbz.ch"|"SXRfpc-25TVPS-QpWdd8"
"maely.monget@edu.tbz.ch"|"$UG&2E-z6awu4-7p3Ibo"
"tang.durbridge@edu.tbz.ch"|"%9F1Gj-Xc2sma-gTrfoR"
"laurene.andrew@edu.tbz.ch"|"4o%cg5-JQnQld-&vJYVu"
"lysea.beacon@edu.tbz.ch"|"HG5ccT-ywDk49-xH1XQP"
"leandre.peyntue@edu.tbz.ch"|"OA@DOK-wd@KNj-WssW8v"
"rao.trever@edu.tbz.ch"|"NDiaqu-#z@IXA-k4GVf6"
"mahelie.streader@edu.tbz.ch"|"3h5Q6x-z48f7C-tzyTlk"
"maerta.andrejevic@edu.tbz.ch"|"7jIfgm-xEypK#-C2dMqq"
"goesta.tompkins@edu.tbz.ch"|"587Mv@-p6tV5T-u7O&zi"
"helena.agates@edu.tbz.ch"|"Hx4K#&-Y@15P8-hA@g5W"
"therese.glass@edu.tbz.ch"|"cLsRz&-%1gI8E-v35RA0"
"alois.foan@edu.tbz.ch"|"2tsLPd-J%PSgy-A6FSDQ"
"becassine.melchior@edu.tbz.ch"|"sQ1yrk-V8m9OL-9oIaCO"
"cloe.robart@edu.tbz.ch"|"b9FI08-xjwnQp-i$GfoW"
"daniele.puckinghorne@edu.tbz.ch"|"ez32#0-QjAjFV-YicGd2"
"selene.cammidge@edu.tbz.ch"|"XT1I48-WL68du-umpD3&"
"regine.conochie@edu.tbz.ch"|"KJqAiX-fDvzi5-oP6PCF"
"interessant.tuiller@edu.tbz.ch"|"UWFK&@-v1txzp-G#k&3D"
"long.tiebe@edu.tbz.ch"|"azd1ne-MTheMh-RUUQar"
"mans.yele@edu.tbz.ch"|"7R%VgJ-Bo3wU6-d0cNaR"
"ai.giles@edu.tbz.ch"|"Lyoj12-GNCRK&-RrRNUZ"
"gaetane.hamberston@edu.tbz.ch"|"B#7S%Q-X4O%8c-CPHplq"
"marylene.fenix@edu.tbz.ch"|"pXei97-KEGc5m-b0X9j1"
"geraldine.graeme@edu.tbz.ch"|"XcdNio-S#LKYG-IFjdJV"
"tang.kinglake@edu.tbz.ch"|"Q9&2gc-JAUmoI-b@Xcn5"
"lai.challoner@edu.tbz.ch"|"4snVbJ-sNpsH@-aDJcv@"
"desiree.mattei@edu.tbz.ch"|"EvnpxN-2TDwSn-IyO%GV"
"ake.erley@edu.tbz.ch"|"hYQYmf-Y7SAXj-dRA6XG"
"edmee.cavil@edu.tbz.ch"|"6r@oZQ-BZEx90-P87iJV"
"alois.moyes@edu.tbz.ch"|"m9H6CK-9miOaA-dKA9ak"
"becassine.pitman@edu.tbz.ch"|"&NH@7p-bePNEo-zsK@Gf"
"ai.giacovelli@edu.tbz.ch"|"k8t1co-M@KTOy-$uSBok"
"judicael.fruchter@edu.tbz.ch"|"By&Y5P-QBHJDj-7C4yMv"
"mans.mogg@edu.tbz.ch"|"kCH5tP-n5PVWr-ohBKTH"
"gerald.foyle@edu.tbz.ch"|"adeUT7-DyQ2Ht-Ldht@1"
"wa.androletti@edu.tbz.ch"|"0S9&zE-U2eoQE-$CpinZ"
"meng.ollett@edu.tbz.ch"|"PjE1dX-uDIrB1-mnvRAf"
"naelle.macmenamy@edu.tbz.ch"|"rDFBrZ-DlidWO-whrgcx"
"gisele.mcramsey@edu.tbz.ch"|"yLK7YU-8USed0-Y9Bk6S"
"meryl.scolts@edu.tbz.ch"|"P@7s&T-UqIkf5-CfVbgl"
"celia.bloxsome@edu.tbz.ch"|"ZCuivN-qrEJEa-kTiiyc"
"styrbjoern.stuke@edu.tbz.ch"|"wqZYM2-mBqeE@-ltjLF#"
"felicie.gwilliam@edu.tbz.ch"|"BB8$BX-bLdAbR-Ki#InO"
"da.harms@edu.tbz.ch"|"af@1Aj-4uUrqo-1JxKJc"
"celestine.baulk@edu.tbz.ch"|"1zNfa&-Xj8BU7-Z%HbXE"
"mahelie.blackledge@edu.tbz.ch"|"DKNo&%-UJOCPK-WEAxq9"
"meghane.salt@edu.tbz.ch"|"xprsBD-fWUXUJ-3lp$NC"
"methode.paxeford@edu.tbz.ch"|"l&4X1s-lXMM#F-n#h1j#"
"asloeg.milligan@edu.tbz.ch"|"t$7f2e-9#Dsw#-wF6fzb"
"you.pellman@edu.tbz.ch"|"eqCmOC-T3w609-eYjSY5"
"loic.regenhardt@edu.tbz.ch"|"yQsn2Y-SraJt6-62zMSZ"
"daniele.savill@edu.tbz.ch"|"36rgad-ZV&HpD-NJMmFl"
"alois.cornu@edu.tbz.ch"|"SNwWs@-vywx1o-o7lKUu"
"oesten.govey@edu.tbz.ch"|"aol7ZS-Jv5cJv-QnbQXe"
"marie-eve.louch@edu.tbz.ch"|"UkLJqP-&7q3U7-KZcz75"
"theresa.wenn@edu.tbz.ch"|"3uXhBM-uOTymh-cPE47C"
"andree.eul@edu.tbz.ch"|"0nwkBM-ZIUwPI-RyK&nU"
"lie.paynton@edu.tbz.ch"|"62xidT-Axe2xu-PqV3XC"
"marie-eve.girodier@edu.tbz.ch"|"N#TDb4-vm0EvW-z2r&JC"
"marie-noel.smithe@edu.tbz.ch"|"&WJGpf-Ly@fB6-IfIDvq"
"men.bootyman@edu.tbz.ch"|"VElRgk-GFRKvK-T5SQ58"
"ku.sugg@edu.tbz.ch"|"u6T%0u-FpU$0x-%Fm0c8"
"lucrece.roseman@edu.tbz.ch"|"0TjO4j-$x7fs2-@EqrMC"
"zoe.annear@edu.tbz.ch"|"dcDRwa-K1ZPyf-R#4RC%"
"marie-helene.rennebach@edu.tbz.ch"|"74QodL-sBYGj1-k%Vz%r"
"lea.djurdjevic@edu.tbz.ch"|"TyG$g9-jDGVS9-YZ3riV"
"goerel.robert@edu.tbz.ch"|"4FsCzS-SH3911-lBmBDW"
"mylene.foldes@edu.tbz.ch"|"@eJfLA-wveqq%-@A3GHY"
"faites.clegg@edu.tbz.ch"|"mks8M%-QxXNvg-3$YB#W"
"marylene.crowcher@edu.tbz.ch"|"izSoVs-%Gt2D8-mMZS2C"
"aimee.wimpeney@edu.tbz.ch"|"sn1ETE-KmM8U8-XIRmWw"
"renee.atkins@edu.tbz.ch"|"Mt&3qk-UrYk01-dL#Blm"
"rejane.cainey@edu.tbz.ch"|"FFx5j4-M5EBXz-0hPM%A"
"solene.britney@edu.tbz.ch"|"FOOt7#-KJb7Yt-@e3C2r"
"marten.shatliffe@edu.tbz.ch"|"9wAdWR-oI3Fqg-qjokSd"
"maite.issatt@edu.tbz.ch"|"N1HxbR-p4qqFK-XQNYlv"
"maelyss.edon@edu.tbz.ch"|"pLjKWf-DgVAmC-9DLKg7"
"nuo.bamling@edu.tbz.ch"|"R5FG3M-hK8Rl@-TLHlg2"
"anais.edards@edu.tbz.ch"|"irwNcc-C6FKI7-mp&D5s"
"mediamass.bromet@edu.tbz.ch"|"2WIrjl-V&EbMp-2tZH%Q"
"beatrice.kimbrey@edu.tbz.ch"|"0UBdNv-OsN5K&-MeB#1L"
"ines.lawranson@edu.tbz.ch"|"D3kltX-DHr6Vo-6YzCpT"
"kalliste.scandroot@edu.tbz.ch"|"R3YMQr-TY$8cv-OqfMuz"
"mans.barrowcliffe@edu.tbz.ch"|"%WqsaA-g#s3AN-ReKjeh"
"irene.couves@edu.tbz.ch"|"4vvd3F-9YnuL3-XIdex4"
"milena.mucci@edu.tbz.ch"|"1hCGkL-6RtoN9-qEtLyV"
"naeva.cow@edu.tbz.ch"|"sfOa4i-ksD#BC-S2M9Kn"
"audreanne.mournian@edu.tbz.ch"|"@5IP9U-$v4OnK-NPDlEL"
"melia.sinnatt@edu.tbz.ch"|"cz249j-f@VVU@-&@AdY2"
"nelie.burnard@edu.tbz.ch"|"uowLp5-x#A66z-s8CsAV"
"clelia.ashfull@edu.tbz.ch"|"u%cRtY-cRT9Mt-L@G2V5"
"lie.macard@edu.tbz.ch"|"B9N847-0bjBsL-yrWNvm"
"valerie.matoshin@edu.tbz.ch"|"bQREiL-8nu8uX-qeuyg8"
"anael.hatherleigh@edu.tbz.ch"|"zkkxWr-hTAYUg-PNLF80"
"interessant.warratt@edu.tbz.ch"|"HthgX#-UXIuX8-he4O0n"
"eleonore.volage@edu.tbz.ch"|"LprVVX-9XvXcZ-%7beOD"
"zoe.stebbing@edu.tbz.ch"|"l&cs@y-0jG60v-a6G%R1"
"alizee.nye@edu.tbz.ch"|"&3Gq9N-9VkjlM-CcVEMg"
"celestine.bramley@edu.tbz.ch"|"M7itNI-h8anS7-B%$OM0"
"selene.philcott@edu.tbz.ch"|"ghLwdW-U#49GF-HU&EZV"
"tang.newens@edu.tbz.ch"|"qO0x1o-sdPYPd-Twy63Y"
"annotes.powys@edu.tbz.ch"|"hIWfa@-9FJR5N-TTEjbW"
"lea.matthesius@edu.tbz.ch"|"M7Uj$%-L8jK$x-RFCRjL"
"illustree.garlett@edu.tbz.ch"|"6O1oLR-gFGw%7-9E&r9c"
"maiwenn.meachem@edu.tbz.ch"|"R8LfS6-LLqoZc-2YPVRb"
"marie-francoise.mcbrady@edu.tbz.ch"|"89AZNh-I#qgcD-7dB7tv"
"illustree.gimbart@edu.tbz.ch"|"RuthUF-xEVbC#-@M%7SW"
"melys.lyosik@edu.tbz.ch"|"9eiq2o-yJQ4#&-fdcDiZ"
"marylene.mcnab@edu.tbz.ch"|"9c$WvB-M%NxZn-QiJMJx"
"gerald.blount@edu.tbz.ch"|"bRUrOT-%mS@Qz-9AK4&N"
"clelia.shakelade@edu.tbz.ch"|"mB&%OH-ajLMji-SLNSGZ"
"penelope.cridlin@edu.tbz.ch"|"wGS6YZ-yg2154-y#p4kq"
"maena.okuddyhy@edu.tbz.ch"|"qi9QoE-brTuC4-pEA@xL"
"athena.keynd@edu.tbz.ch"|"7GWAOz-0ST5ue-QG72CQ"
"cloe.dwine@edu.tbz.ch"|"9hzkzD-7Gfi&y-N5DVDx"
"josephine.browett@edu.tbz.ch"|"T6s8XR-CJJj4r-XuO@YU"
"audreanne.oscanlon@edu.tbz.ch"|"65rXIx-kCN@C4-%$s6EH"
"fei.jeanequin@edu.tbz.ch"|"dDJJCe-j&0Ohm-Pbr@9q"
"lois.gormally@edu.tbz.ch"|"RaZm9B-O2ndDi-&VNqrn"
"marie-francoise.finnigan@edu.tbz.ch"|"skfgL%-AfEQFW-pp$jU3"
"leonore.trussman@edu.tbz.ch"|"eJsq9f-d0#EPM-Gj#PK4"
"anaelle.trumper@edu.tbz.ch"|"LgF@b5-OKs19k-uiLB%o"
"clemence.dionis@edu.tbz.ch"|"HjpN@Q-Uvcxvo-DaI9%D"
"lois.tranmer@edu.tbz.ch"|"671Jp4-g$YErw-Dt6clq"
"interessant.volett@edu.tbz.ch"|"0L69nb-V1ZRbG-ELmM9i"
"personnalisee.deackes@edu.tbz.ch"|"E%1FxS-l9M%KO-N1t9oR"
"lie.vasiliu@edu.tbz.ch"|"LbRG4u-eKWdvu-sBwD8k"
"dafnee.lamputt@edu.tbz.ch"|"Z1%R5$-Zy$zHJ-ppX@0n"
"elies.bromige@edu.tbz.ch"|"1G64v6-JKGtr4-BymM9L"
"helena.klosser@edu.tbz.ch"|"VZO@YV-yNznWh-@BTZ5R"
"andree.grim@edu.tbz.ch"|"Foq6G4-xx6Y2$-b2BP$h"
"verane.coldbath@edu.tbz.ch"|"fpoMuR-#irGLa-c&0D@5"
"helena.bethell@edu.tbz.ch"|"ZcAuPr-Z1ai$u-$4iY7U"
"kalliste.carefull@edu.tbz.ch"|"MJl7&x-tK5UjE-YaLnCp"
"regine.odams@edu.tbz.ch"|"n@NeFr-QSLSU3-PYqsnl"
"len.stannus@edu.tbz.ch"|"U67P$J-lVz&Ex-qXaJGD"
"angelique.works@edu.tbz.ch"|"UtUhYE-kbc@r$-AU&32G"
"goesta.rheaume@edu.tbz.ch"|"OSFRh#-TLG%Ls-1yaAp7"
"maelys.tynnan@edu.tbz.ch"|"Kg3I@w-xEIf#d-8XLA%P"
"maelle.carlesi@edu.tbz.ch"|"RS#iuA-0BgL%V-I9$9r&"
"anael.spurden@edu.tbz.ch"|"XPhPi3-lsioC%-#R5Cu#"
"helene.pumfrett@edu.tbz.ch"|"pIb61f-R%z8p3-TuAqfA"
"goerel.pearn@edu.tbz.ch"|"OBuXEQ-Ni1GX8-uk@@WL"
"laurelie.dezamora@edu.tbz.ch"|"VxBRvP-zo9VOp-SjjHHB"
"yao.twidale@edu.tbz.ch"|"yvTO@%-VSBBRz-tp&jkY"
"berengere.sola@edu.tbz.ch"|"qQQped-f9VOTb-$Jzp32"
"maelann.hardistry@edu.tbz.ch"|"OX$osT-t4BjIn-XnUs3X"
"severine.littlefield@edu.tbz.ch"|"JB#QOj-N8d&HA-yjv&dt"
"salome.heinl@edu.tbz.ch"|"5Dfz0y-JPcrNw-s6nndC"
"meryl.warbey@edu.tbz.ch"|"Oto9UQ-w2Bf6U-upoZMf"
"da.hunstone@edu.tbz.ch"|"KzVgHV-sfpgJa-nlSO93"
"venus.broadbury@edu.tbz.ch"|"wUQom&-l$VVy#-XNeMEI"
"meghane.rentelll@edu.tbz.ch"|"9OV#@2-7QNI9i-XHtIny"
"marylene.drewitt@edu.tbz.ch"|"SxI5tL-L3ZDJ&-7OyThO"
"melinda.jacquemet@edu.tbz.ch"|"1UYrqm-zfXapF-N%VaOY"
"marie-josee.keyden@edu.tbz.ch"|"dnVqen-1mK6$A-430PlX"
"asloeg.montacute@edu.tbz.ch"|"pz%kDg-Em#obY-QreqxM"
"ku.andreou@edu.tbz.ch"|"cyhVF9-t@AgaV-6T4Sej"
"personnalisee.feaveer@edu.tbz.ch"|"sRjdcs-buQd49-IX8qDr"
"laila.emptage@edu.tbz.ch"|"izb&4O-XqmLHx-61lngJ"
"bjoern.dawdry@edu.tbz.ch"|"luc5MD-S%%VzS-hlfZHW"
"marie-eve.dinsell@edu.tbz.ch"|"i3xXbj-FDZTml-@Oh$4Z"
"helene.follett@edu.tbz.ch"|"Tt2pQs-be6UZe-@aey$M"
"penelope.cordero@edu.tbz.ch"|"qeQdf9-B@E4j%-RX&urv"
"boerje.beedell@edu.tbz.ch"|"6GlAzZ-ckMUsQ-GA3pjv"
"nelie.ferne@edu.tbz.ch"|"5pKnDY-v%AEkn-kmp5Gm"
"celine.ahmed@edu.tbz.ch"|"z&uFjF-lZTVC7-RveQRq"
"stevina.pimblett@edu.tbz.ch"|"j3zn5R-PeogT0-v1U5#B"
"chloe.langlands@edu.tbz.ch"|"ppb7GM-vToy2p-ikXGgT"
"simplifies.maude@edu.tbz.ch"|"wCB@TV-gx8R0n-Rn@uxF"
"genevieve.decarteret@edu.tbz.ch"|"rMpM$j-j8z%VL-ZUuLWb"
"marylene.mughal@edu.tbz.ch"|"$ZTUTJ-8%7BeW-ZQu2iD"
"goeran.guttridge@edu.tbz.ch"|"wv2VBN-tgjjgm-hqNR&u"
"michele.smurfitt@edu.tbz.ch"|"mUGzme-QMOO$x-n4%LIY"
"methode.hadeke@edu.tbz.ch"|"F%E@BU-LukysC-jQg4$v"
"therese.rispine@edu.tbz.ch"|"nargST-spiCz5-WZ5CkK"
"goerel.plumley@edu.tbz.ch"|"2M#HWg-wb18Q4-ahBLLS"
"oceane.friett@edu.tbz.ch"|"uppS9z-vF3URG-lkG2Eo"
"marie-noel.achromov@edu.tbz.ch"|"pEG%Cs-neWENv-s2PL&i"
"dorothee.storek@edu.tbz.ch"|"c4JSV5-GkJCCA-mev6#h"
"goesta.whittle@edu.tbz.ch"|"D&EoxI-L2xGt$-$a#BIM"
"desiree.casely@edu.tbz.ch"|"1j5P9w-tNri6S-bdbXmJ"
"felicie.condon@edu.tbz.ch"|"&6hcaq-8MGJP5-RV0af5"
"maelyss.frisdick@edu.tbz.ch"|"4$Ftf8-ncyqjN-uJbLiB"
"aimee.banke@edu.tbz.ch"|"fxOv4G-wZWa0n-Eb4SH#"
"naeva.hodcroft@edu.tbz.ch"|"qDPn4D-PmwjH9-A7pdHQ"
"laila.gerrans@edu.tbz.ch"|"#gGzle-KXskXy-qujboH"
"daniele.scrimshire@edu.tbz.ch"|"NiGJNo-KNLesy-4oRvUp"
"daphnee.sheerin@edu.tbz.ch"|"QSDYm9-Vef4hB-T9&W2O"
"pal.vanyukov@edu.tbz.ch"|"yFYJol-PScC57-D#ofMG"
"zoe.childs@edu.tbz.ch"|"uhpVkF-yiJhSI-BCCPJc"
"ai.corde@edu.tbz.ch"|"36DhPp-ArWDih-yJV2Po"
"maelys.berryann@edu.tbz.ch"|"mC5N&Y-8Rh43D-aQuHvU"
"cloe.gladding@edu.tbz.ch"|"NIbXn0-ESQw&4-4D&i@g"
"wa.kinnaird@edu.tbz.ch"|"SnnAyH-OQ6wYx-fnLyGx"
"publicite.brittoner@edu.tbz.ch"|"V@46TN-XoZl@0-4TU1G8"
"rao.windress@edu.tbz.ch"|"8XNMnJ-TLpiSK-%mZ$QT"
"uo.kollach@edu.tbz.ch"|"lVz32R-KkdqC%-FDPcCN"
"josee.peskett@edu.tbz.ch"|"2T09OP-1uSm3q-JGfhKX"
"annotee.hasel@edu.tbz.ch"|"ydX#8x-No#KaU-nxIZ3A"
"cinema.lee@edu.tbz.ch"|"z#qbeC-daaLDo-lKQfWv"
"lai.vedeshkin@edu.tbz.ch"|"5OcS6O-Kyz4Pj-Cp6wz1"
"renee.brisbane@edu.tbz.ch"|"GZ8JlC-VLttD5-$3MayZ"
"ophelie.blincoe@edu.tbz.ch"|"lKycJw-mLekb7-Vgz#kQ"
"zhi.prazor@edu.tbz.ch"|"k3ZsSe-ZsLNGk-4@4H&C"
"annotee.maddicks@edu.tbz.ch"|"dn8ZA7-a9W1HE-aiaNcK"
"maelyss.codd@edu.tbz.ch"|"@ZaM@o-qWF1XQ-I2&M3A"
"celia.peplay@edu.tbz.ch"|"4W@@NW-HY4BAu-xLE$9a"
"interessant.skone@edu.tbz.ch"|"#8&066-i%FFq0-O@BlJT"
"audreanne.hebdon@edu.tbz.ch"|"EG9T7#-L4#r63-1o%ABH"
"oceane.glen@edu.tbz.ch"|"s2@h9g-PXLj%j-#ZRU4E"
"daniele.vanyushkin@edu.tbz.ch"|"ZNz4CJ-rd%u&$-wWDShE"
"daphnee.ayce@edu.tbz.ch"|"fQX%&U-KhR7hx-#Jn09x"
"andrea.attride@edu.tbz.ch"|"KTjaZu-zzSdWS-HoM6QP"
"penelope.bridgwood@edu.tbz.ch"|"p#O4g4-iave9Q-x37qye"
"mailis.drewitt@edu.tbz.ch"|"b9oMfi-$iqOYP-Zc3cG5"
"penelope.mollene@edu.tbz.ch"|"p9MOC7-8z&xrO-KGBqNt"
"illustree.keely@edu.tbz.ch"|"4SLHeT-uMo1D@-1pj1gS"
"meng.brisseau@edu.tbz.ch"|"ty@9k7-VEGA@W-K6aZcA"
"ruo.cleiment@edu.tbz.ch"|"EG%#7d-kx#bxl-78THmP"
"maite.krammer@edu.tbz.ch"|"8chCo2-#cGkBs-EW69oL"
"genevieve.verry@edu.tbz.ch"|"dl&xvh-AkGTk1-Gm#N&0"
"lea.olochan@edu.tbz.ch"|"uBZPbp-q86$Fo-kidAx2"
"naelle.brunnen@edu.tbz.ch"|"b4#LTa-fiM@83-5JrX&@"
"goesta.bragginton@edu.tbz.ch"|"&Y09mR-oTn8KN-pOG8nt"
"fei.danilyuk@edu.tbz.ch"|"bEAqs8-bJWatC-BfJFCb"
"adelie.turbitt@edu.tbz.ch"|"NUny58-ltvOlf-%Jwide"
"marylene.nutman@edu.tbz.ch"|"r2pWUv-OlGNgV-09HbKF"
"therese.barbrick@edu.tbz.ch"|"ZYrhI#-W8IK@p-oEiSm5"
"melys.kolodziej@edu.tbz.ch"|"lVJU9Q-rmKfAU-eP3wpd"
"melanie.runchman@edu.tbz.ch"|"Ul&hOW-xE#X1r-tEwYcu"
"serena.lafond@edu.tbz.ch"|"k@f@3Y-Y#I4@#-of$uRN"
"pelagie.desmond@edu.tbz.ch"|"#1oBlY-adu96l-JcImFe"
"wa.spickett@edu.tbz.ch"|"RhGh05-ok6Xq#-M%n#jH"
"po.shave@edu.tbz.ch"|"BsjEs7-A7Nakx-Voh%6m"
"song.huikerby@edu.tbz.ch"|"TfLQSd-aPZ2Nf-0vmS0z"
"melinda.bimson@edu.tbz.ch"|"JUqCNM-EkOGe$-3uQOD5"
"personnalisee.toffanelli@edu.tbz.ch"|"bCo8Zh-yzveXt-p5&OSO"
"leandre.hurn@edu.tbz.ch"|"TlHV58-zjIU71-v99o2l"
"oesten.standell@edu.tbz.ch"|"tT&NlR-YFh7kp-HHGPyr"
"naelle.smaleman@edu.tbz.ch"|"EP#ic8-T4e1Ax-ARfLdX"
"berenice.tayt@edu.tbz.ch"|"PWpovq-@gOTJb-y4j&zS"
"kui.popplewell@edu.tbz.ch"|"oc0Ljz-eOfPIS-QEGpbS"
"melodie.ferandez@edu.tbz.ch"|"VSeI@Q-mIfVc7-#NSEsL"
"josee.negal@edu.tbz.ch"|"eK0zdG-foi7gA-0BruX@"
"melissandre.ferrelli@edu.tbz.ch"|"1M3x8J-&K6qSB-TiKr0h"
"josephine.kemmer@edu.tbz.ch"|"SlLkXg-IOmX17-h16NU2"
"maely.cayette@edu.tbz.ch"|"mj9vQu-ZdXRUF-tz2ptf"
"nelie.vela@edu.tbz.ch"|"&27Dur-n0qexu-vWApWY"
"melina.cortes@edu.tbz.ch"|"#k9Bc&-qb9qKq-R1ndP7"
"megane.leyshon@edu.tbz.ch"|"PIrvX$-3rP@ca-1EMCkl"
"regine.harrie@edu.tbz.ch"|"rZSv#8-Cbuna6-AVh6zM"
"mylene.widdison@edu.tbz.ch"|"iMh4dX-SNf5@e-zx$xPr"
"pelagie.vivash@edu.tbz.ch"|"E38wNS-DzG#zF-AiQLlI"
"styrbjoern.vicarey@edu.tbz.ch"|"HIkcNA-hFFka&-7#uZ@J"
"long.kyles@edu.tbz.ch"|"LLMGnB-fbFz#g-an6oB6"
"stephanie.gipps@edu.tbz.ch"|"NKIe$B-%xu4If-UwLpp&"
"clea.constantine@edu.tbz.ch"|"Fn9TH#-%xA3Rg-QNc&mq"
"maella.cometto@edu.tbz.ch"|"$GsCGN-zIa&Jo-JJ0VbB"
"laila.aubrun@edu.tbz.ch"|"zQHG$6-KrxIq6-NCTX@%"
"yao.austins@edu.tbz.ch"|"OzeQjl-xt&bw7-e7u@0L"
"mailys.rylstone@edu.tbz.ch"|"eE%Zsa-IS$ELT-5JsrOV"
"adelie.curuclis@edu.tbz.ch"|"kY8BOm-IEA57r-%lTmYR"
"celine.longhurst@edu.tbz.ch"|"N0FaTA-ijpvi3-f&FiFx"
"gisele.hazell@edu.tbz.ch"|"zW3Vkx-xohSKP-BMWsGs"
"celestine.ciccone@edu.tbz.ch"|"cvCfPQ-7mdVZA-jyraN6"
"maelyss.doole@edu.tbz.ch"|"UG&E36-bl5pIC-F855Wm"
"helene.grimsdike@edu.tbz.ch"|"TaEuF$-lH0F24-uTXtvA"
"lie.macer@edu.tbz.ch"|"mL013k-nyDI5R-&fJ3QC"
"maely.izard@edu.tbz.ch"|"RAx68H-cL@B3f-6a0B#$"
"erwei.breewood@edu.tbz.ch"|"IwE0b7-j@nR@d-jtLaPy"
"chloe.woolford@edu.tbz.ch"|"8QfURW-tr4c6O-c15qla"
"cleopatre.turpin@edu.tbz.ch"|"gQgQJq-pRXrXK-Ilgd9r"
"melodie.surgison@edu.tbz.ch"|"sne&F2-hhMHo0-d%N4NE"
"elies.leander@edu.tbz.ch"|"0nMSHA-hGd@HS-n21cjm"
"mediamass.reignould@edu.tbz.ch"|"KEsljd-NRxZb4-i9VBRT"
"celestine.wasmuth@edu.tbz.ch"|"sZ&jtK-aqAsnh-j4pRJQ"
"marten.jervis@edu.tbz.ch"|"UmU7&i-0JGu&d-Fz5pra"
"daphnee.bour@edu.tbz.ch"|"0c&VG$-55amGR-ZD@C2&"
"regine.harlett@edu.tbz.ch"|"Ir%hxR-7f8MSt-xMIGFv"
"noemie.macaskie@edu.tbz.ch"|"XpD2yU-mR@1Mx-B&10t6"
"loic.renfield@edu.tbz.ch"|"umLa5Z-78eVjx-hoecyZ"
"venus.kleinert@edu.tbz.ch"|"bAzMf3-@i5W0Z-y0t0cA"
"marten.burlay@edu.tbz.ch"|"WXpeyY-yEl143-SzQgsh"
"berengere.radsdale@edu.tbz.ch"|"ly4#Vj-CgEzjm-lvwXoi"
"genevieve.duckit@edu.tbz.ch"|"tHa$Yt-vo62Nz-tCpb%z"
"maely.ligerton@edu.tbz.ch"|"l9r1KY-Gq2sKp-waA@nV"
"maeline.ricciardelli@edu.tbz.ch"|"33@lTD-0Sl$Az-Xih$8y"
"personnalisee.yggo@edu.tbz.ch"|"JFzc0h-9dsxvJ-#lnFdR"
"alizee.pettinger@edu.tbz.ch"|"EjM3HN-ZEd#q0-sE8qcI"
"desiree.curnnokk@edu.tbz.ch"|"5561Cv-8Bap#z-yHEQEt"
"dorothee.minors@edu.tbz.ch"|"aa4pBv-epfKoK-WR1OTp"
"oceanne.kopmann@edu.tbz.ch"|"d6EFBU-rrhBno-ZOU&Zg"
"almerinda.brodbin@edu.tbz.ch"|"lKhARk-qaQMmh-GFxwWM"
"yenora.carsberg@edu.tbz.ch"|"vn#RPZ-8jCf0t-K&zEk$"
"wa.beetles@edu.tbz.ch"|"pMVCqQ-5y0JDO-Xnj0@f"
"audreanne.abbot@edu.tbz.ch"|"SBG0FN-WhY7he-t88f62"
"noemie.capper@edu.tbz.ch"|"VGjEXm-8Hrz@1-5veQtZ"
"mans.abramamov@edu.tbz.ch"|"IzJUO4-p$3Q1B-5i4&fN"
"audreanne.blakey@edu.tbz.ch"|"QP%9j8-pJLlrN-UBYlgs"
"leone.klimpke@edu.tbz.ch"|"6nGTJp-WR1$6Q-&rzf43"
"lie.croston@edu.tbz.ch"|"02cMwS-PiG5M#-aV@o9a"
"anaelle.baistow@edu.tbz.ch"|"nqLKSP-c3c&&%-K6UnTV"
"michele.garwood@edu.tbz.ch"|"Xv3riI-0@@doi-tJ9Ql&"
"interessant.albion@edu.tbz.ch"|"F5AlJ&-K#tfph-8arbR2"
"andre.brisco@edu.tbz.ch"|"vOWKUO-SGyNk&-qNS4mo"
"tang.totterdill@edu.tbz.ch"|"DHbYsE-Rj$rr9-WHXXT6"
"marie-josee.braundt@edu.tbz.ch"|"SOIQGP-t#Du41-Ko0m$M"
"lois.galer@edu.tbz.ch"|"gfcsu#-@#jZUz-u7IS@k"
"faites.pellamonuten@edu.tbz.ch"|"q7tonf-QrMiif-iT4chQ"
"mai.barfford@edu.tbz.ch"|"Ccf2gp-s4uoiu-H%&8P8"
"laurene.macilory@edu.tbz.ch"|"fTWwrh-nciUr@-NA3DL7"
"elea.peak@edu.tbz.ch"|"lNhjGS-799WiV-OtLrjD"
"rejane.doni@edu.tbz.ch"|"LMnhMQ-CFv4CU-q63fv9"
"mahelie.ector@edu.tbz.ch"|"Co2nWH-WziCrE-3x@8jN"
"rachele.allum@edu.tbz.ch"|"g4nX&x-EGYAv3-0HV4%t"
"laila.gerretsen@edu.tbz.ch"|"bHCfnJ-sJz8vq-j0czSo"
"ines.bowman@edu.tbz.ch"|"1k6O0I-NWX9$&-1#H8IZ"
"publicite.barbary@edu.tbz.ch"|"l055Zw-3EYVH8-0vmKph"
"mailys.smooth@edu.tbz.ch"|"kqEbLR-llMLMw-VzJ0@0"
"mailis.huguenet@edu.tbz.ch"|"jK3hp@-UzJfVR-kbSWRi"
"lea.ewer@edu.tbz.ch"|"MJCxm5-nd5R%I-WUNq&q"
