"email"|"password"
"melodie.vandervlies@edu.tbz.ch"|"kOur45-3o$PbQ-w7j1u&"
"angele.edgecumbe@edu.tbz.ch"|"St8oA7-DL4mSE-3wcjv%"
"zhi.andreasson@edu.tbz.ch"|"PbYEl6-jTK%4C-2jCnDo"
"judicael.koppeck@edu.tbz.ch"|"ZTvLJJ-lfVQ0r-4PCCUb"
"berengere.capron@edu.tbz.ch"|"U9Ow&c-dqZcwb-Y8c%lU"
"leonie.brosini@edu.tbz.ch"|"k1sDqh-c5nQ8p-qVIigy"
"venus.garfit@edu.tbz.ch"|"dET$TY-WFZ$5l-U&JCJp"
"melina.janota@edu.tbz.ch"|"0L8e#J-gFubIR-V3tgzy"
"laurene.bake@edu.tbz.ch"|"eTTA1J-gtvkPj-D$qALU"
"regine.dorkins@edu.tbz.ch"|"De3a35-aR6EdG-OHrEF6"
"cecile.moffet@edu.tbz.ch"|"Nbvujc-uiKXec-6Czt6%"
"maelann.labrone@edu.tbz.ch"|"Lt24py-QI5ZM@-P85EuW"
"melinda.newbold@edu.tbz.ch"|"cLmsRh-Zz%Oh6-H4@HyA"
"mans.itzhak@edu.tbz.ch"|"l2vcIR-hLU9lS-%0k3GL"
"melodie.pattlel@edu.tbz.ch"|"isE1Ph-NTbHLv-#9pT1C"
"celine.bonett@edu.tbz.ch"|"kwbzkP-jQsZzO-z9d1TC"
"adelie.mcgreal@edu.tbz.ch"|"3qWOLL-Poqze6-pLZZ%4"
"helene.soldan@edu.tbz.ch"|"zFBzUL-BEPkvs-RNTn7T"
"michele.cluer@edu.tbz.ch"|"Yeo#dU-doMx&n-oV%ply"
"maeline.mueller@edu.tbz.ch"|"3y3gsk-PWALqY-WJsfTZ"
"maelann.benedito@edu.tbz.ch"|"@KTFM2-7g69Ot-MbC3bx"
"nuo.gransden@edu.tbz.ch"|"Hm3SAJ-%ZEg6e-s6l$0p"
"berengere.stainton@edu.tbz.ch"|"&x0vMD-ty33Q4-@A7Ulk"
"wa.sabater@edu.tbz.ch"|"yprVfJ-broA5L-9&fEiL"
"anais.cochran@edu.tbz.ch"|"alZ28@-0gZxId-eO0U#3"
"gerald.bessant@edu.tbz.ch"|"6&Ha1p-KhGzOp-Dq0gkL"
"ruo.coffin@edu.tbz.ch"|"FnUYTm-eDdmQI-5whs6U"
"melodie.mustill@edu.tbz.ch"|"ckZMUM-Q6V%1o-6RrNeH"
"ruo.stanesby@edu.tbz.ch"|"hyudDO-HtRM#U-HLZLlP"
"noemie.antognelli@edu.tbz.ch"|"vUr8iQ-hnuo#A-VbpHcc"
"maelann.hughson@edu.tbz.ch"|"jdo0$P-k8saep-eL8tZ@"
"milena.mieville@edu.tbz.ch"|"zrtsB#-TZHoFu-9HVwkD"
"mailys.chamberlin@edu.tbz.ch"|"q2nfAy-b#80bA-1nBj2B"
"nadege.tomalin@edu.tbz.ch"|"xW@Wgl-TwBuRM-D%amm6"
"oceane.omara@edu.tbz.ch"|"saJu1I-jRqJVW-quIAfh"
"cecile.aguirrezabala@edu.tbz.ch"|"w9I7jE-dzMtWb-@oaedL"
"maella.gwillim@edu.tbz.ch"|"pkJ0Z&-zOb1IU-B&1&zS"
"lea.mcgahey@edu.tbz.ch"|"abQOeD-QySU1R-Ff2K6h"
"laurene.hagerty@edu.tbz.ch"|"sAdZqk-18vLmY-IphDAv"
"dorothee.link@edu.tbz.ch"|"ZpEgF0-CINlBY-CjaJsW"
"clementine.kynsey@edu.tbz.ch"|"b&c3D9-VOhITh-gmWN2p"
"lorene.smitherman@edu.tbz.ch"|"eXGtB6-2vKY$w-u5JL8F"
"cleopatre.klulicek@edu.tbz.ch"|"1kda%J-o4Wjtr-E%cGRt"
"laurene.castaneda@edu.tbz.ch"|"GwVl$9-jso#sb-kuT1lo"
"melia.constant@edu.tbz.ch"|"0u0GUc-fzsYEe-zjk8O%"
"lucrece.clunie@edu.tbz.ch"|"GOSrul-G6JfQG-9z$sl&"
"eleonore.mcmurthy@edu.tbz.ch"|"U4YFaY-xeSGOL-4Nq@ZY"
"melia.bevar@edu.tbz.ch"|"4gplZ3-7CwtKd-KcEiWr"
"camelia.bontine@edu.tbz.ch"|"VpDkfD-pIZsUs-J%nN5q"
"methode.jozefczak@edu.tbz.ch"|"VohcWR-JXDc8Z-7BDCDc"
"audreanne.hinsche@edu.tbz.ch"|"qbgfZJ-E6ckNl-qf#305"
"andree.varne@edu.tbz.ch"|"ngZ6M1-qnLMnf-t57lNf"
"marten.kinleyside@edu.tbz.ch"|"gHcXR2-G1jars-dwBPLG"
"esteve.mcewan@edu.tbz.ch"|"9ZPQ4O-#tc4xY-zO@U&n"
"leane.dibbert@edu.tbz.ch"|"G5o6Am-ziG1sh-IIr4jk"
"ma.thewlis@edu.tbz.ch"|"XIrWTd-UXfeRD-GCTtGb"
"clea.djurkovic@edu.tbz.ch"|"uPPLUz-T3P4O9-@6QBxG"
"rachele.reburn@edu.tbz.ch"|"1AHkpQ-KDMFXR-nG3bJv"
"gerald.gowling@edu.tbz.ch"|"8V8rnG-hiXTxv-wOfU1W"
"cleopatre.jackson@edu.tbz.ch"|"uxeyZ@-3X6pUd-j3EryX"
"desiree.haskins@edu.tbz.ch"|"EAYGxn-E0ayvJ-StvY5%"
"eleonore.longson@edu.tbz.ch"|"FBdU7m-6ewnhM-7T8JBi"
"leane.dybell@edu.tbz.ch"|"vleINx-me6u3O-uyamPm"
"becassine.grzesiak@edu.tbz.ch"|"mVRD8T-bMmoOY-D2ONBX"
"marie-josee.pickin@edu.tbz.ch"|"%FjU6X-ZPKnmR-@yTDFZ"
"marie-josee.roxby@edu.tbz.ch"|"t40pv9-5azTiB-H$@IVu"
"leonie.feenan@edu.tbz.ch"|"h4h27C-%M$MDW-jx05n7"
"valerie.ellum@edu.tbz.ch"|"Cis2Cw-EHgH4s-IryFSZ"
"ju.caseri@edu.tbz.ch"|"Oid@$1-5abSTz-mH6Pbm"
"boerje.strangman@edu.tbz.ch"|"B7ARRi-IKatKi-djKlD&"
"beatrice.ghidelli@edu.tbz.ch"|"OJf#b1-izDKwN-l$i7ad"
"da.jablonski@edu.tbz.ch"|"dnID3X-Ukk#pE-$uWxOH"
"uo.beveridge@edu.tbz.ch"|"&KF5u7-CXM8&u-r@K7h#"
"valerie.bestman@edu.tbz.ch"|"uVu$eX-aAecnj-qB87Jb"
"marlene.pohls@edu.tbz.ch"|"h4PONP-f1KN7P-Mv5jIL"
"ma.nolda@edu.tbz.ch"|"dB9h49-MIWHyV-B0gnMr"
"marlene.bisiker@edu.tbz.ch"|"9Z4zF9-D7Evgc-6Z#DdV"
"estee.babon@edu.tbz.ch"|"VniRsV-gQwIbR-1fizdL"
"simplifies.dmisek@edu.tbz.ch"|"Nwkwo$-XM3Xu7-hjBqfA"
"selene.ganing@edu.tbz.ch"|"36eEMQ-ktoEdQ-IaUocY"
"meryl.penke@edu.tbz.ch"|"9ofGBx-PjhzgD-KiBi0k"
"anais.rawcliff@edu.tbz.ch"|"v&N9I#-qO5epG-tyodw3"
"melina.andri@edu.tbz.ch"|"@3uuvf-x0aB6t-6Gb#2O"
"audreanne.fodden@edu.tbz.ch"|"wEAx5%-TRwyfM-ykfXFh"
"bjoern.spellesy@edu.tbz.ch"|"LOvS3V-FWa#xn-F$Saek"
"francoise.summerscales@edu.tbz.ch"|"4Kvj2$-Is7$5s-8PmbCd"
"laurene.ashtonhurst@edu.tbz.ch"|"io53Uz-3OGiRf-SGxg9v"
"valerie.petters@edu.tbz.ch"|"Lo%q@u-VWj7KZ-KMG@@d"
"anael.spenclay@edu.tbz.ch"|"1wa0wA-vXm2wX-z0Az1K"
"stephanie.keech@edu.tbz.ch"|"hRdCav-GJJb41-nnCD$X"
"ines.deveril@edu.tbz.ch"|"oUGg@A-m5oZB#-cFpd&c"
"berenice.gelder@edu.tbz.ch"|"oS1eZk-N#xiH8-V&4hLw"
"melanie.ofogerty@edu.tbz.ch"|"Su9gc%-i09z%u-YK0gS9"
"frederique.canepe@edu.tbz.ch"|"iGboo5-0Wf2@N-PVfxD0"
"nuo.otton@edu.tbz.ch"|"mdrvsu-rlUCS2-&Ygn2E"
"genevieve.trusler@edu.tbz.ch"|"3ozYOw-yzhcTb-Zacy2m"
"ju.boag@edu.tbz.ch"|"EaThVt-Ie#ZVl-wNin1j"
"josephine.dilucia@edu.tbz.ch"|"E3g4&B-6w#69Q-u77pfP"
"laurene.armsden@edu.tbz.ch"|"P26VRI-pKfsWb-Y&OJ7d"
"becassine.griffe@edu.tbz.ch"|"JWWky6-#LD4b#-2dH5RQ"
"alois.parres@edu.tbz.ch"|"&NnpzI-q%%oqb-74A3lm"
"cleopatre.gaffey@edu.tbz.ch"|"dVf2eC-EdKHoT-%qz7iS"
"andre.stiger@edu.tbz.ch"|"HQi8%@-0Sa$SJ-uHYAjW"
"beatrice.godleman@edu.tbz.ch"|"%B&w9#-2GQJIq-fLjRxk"
"hakan.harrhy@edu.tbz.ch"|"0TP$oN-@E8D@i-h@I$lf"
"celestine.dagnan@edu.tbz.ch"|"skCiyL-#@sPRy-l@4uPs"
"clemence.haggart@edu.tbz.ch"|"5vHrmT-GRM&ik-L#ERCo"
"long.caban@edu.tbz.ch"|"9%65Pj-m6o0@9-@ZVyEf"
"gaetane.grimble@edu.tbz.ch"|"cY@Avq-x&mMzZ-#aNovF"
"maelann.piwall@edu.tbz.ch"|"XGd@mF-dgFqEQ-6zHqbK"
"magdalene.loble@edu.tbz.ch"|"mGFafQ-trLT4z-etu0B5"
"veronique.domaschke@edu.tbz.ch"|"z3t@gC-NdSTR8-qZjoPT"
"clea.herity@edu.tbz.ch"|"%bK9qb-$chl7@-ulE7Gr"
"maelann.bambrough@edu.tbz.ch"|"AYP6X$-%qc4R3-eCSLKl"
"clea.goulstone@edu.tbz.ch"|"W9Gdwg-j85Ozm-CTvHbC"
"renee.deleek@edu.tbz.ch"|"wlZT2X-pIB#RU-zqvKaX"
"boerje.rudderham@edu.tbz.ch"|"sxgP1W-KimJ2C-NU1#qe"
"marylene.broune@edu.tbz.ch"|"bpIHUr-&4YxVB-jJG%tK"
"nadege.mccuish@edu.tbz.ch"|"QhBGpk-7J7fBi-5RB&Gs"
"anael.littleover@edu.tbz.ch"|"5TFYAD-7dgx5O-VbGoT$"
"lie.baume@edu.tbz.ch"|"MtuCCA-4vhFcV-I@1ujK"
"maella.murrow@edu.tbz.ch"|"RC9ktU-6%ivs7-0Frdyp"
"cleopatre.pettifor@edu.tbz.ch"|"2D0i4j-ci38n%-OlhLXm"
"geraldine.asker@edu.tbz.ch"|"wUA7GM-l7h9IK-RMhOD9"
"gaetane.smedmore@edu.tbz.ch"|"hJqPGF-vt%rkb-0lW9cK"
"meryl.blencoe@edu.tbz.ch"|"JjRVBD-zjg9@R-wCzHE7"
"aurelie.chastaing@edu.tbz.ch"|"Ox7cJ7-l6dnsu-54DC9@"
"oceanne.marthen@edu.tbz.ch"|"GOYYii-p%y#ZI-fBbNUc"
"dorothee.burrill@edu.tbz.ch"|"TorT6C-AlOsKz-9CrGst"
"hakan.belden@edu.tbz.ch"|"YjXKs9-e3J@#e-6zXGx$"
"celine.brunning@edu.tbz.ch"|"ejWoGG-ktgVd6-6Lnrys"
"anael.lapides@edu.tbz.ch"|"260cGg-ygiHBw-kw0bUy"
"ruo.saffran@edu.tbz.ch"|"LO5Gwy-o9xrW$-$k1HWZ"
"loic.gerretsen@edu.tbz.ch"|"2P1Sh6-COGT&U-Y%B#%r"
"rui.fitzer@edu.tbz.ch"|"3goEzr-CqMgLE-LZY6SF"
"annotee.ogers@edu.tbz.ch"|"zy3rST-vebQZD-qMwOby"
"boerje.bindin@edu.tbz.ch"|"18xb%r-HiYa19-1i1m&z"
"ma.cronchey@edu.tbz.ch"|"47t6vX-H39hBK-b84MW#"
"laurelie.baiyle@edu.tbz.ch"|"PNVBGW-R62Mas-1s7s5a"
"dorothee.older@edu.tbz.ch"|"%N#i8M-GrHUE$-KtQw%S"
"laurena.wile@edu.tbz.ch"|"dORV#2-82$xqx-J24uOG"
"clemence.brito@edu.tbz.ch"|"5Ew9O0-HQIEPJ-ZFsGNZ"
"nadege.dallin@edu.tbz.ch"|"L&QaV&-s89HV9-n5mOSu"
"mailis.matley@edu.tbz.ch"|"QHU1Xa-fxQhBz-7VswRH"
"daniele.screaton@edu.tbz.ch"|"qZkn3p-5yVk3k-ysjynL"
"mediamass.godly@edu.tbz.ch"|"%%gbs$-@50Ad6-t2NdFI"
"leone.kremer@edu.tbz.ch"|"9FNUYX-UUKe@7-Zv9YBq"
"asa.adrian@edu.tbz.ch"|"We49bu-s&2Tss-PHPMu#"
"adele.doley@edu.tbz.ch"|"j7A4iB-M5#5YE-Qr3duz"
"fei.sidney@edu.tbz.ch"|"xMqnEa-lCKcXY-CJGpRA"
"marie-josee.walisiak@edu.tbz.ch"|"qpBI$E-Sfg$2Y-@5h3xD"
"desiree.diplock@edu.tbz.ch"|"ZbVh7o-j6Rn&u-jnf03u"
"gisele.schust@edu.tbz.ch"|"G#nT$W-QMW3fq-dB$HMj"
"ma.longshaw@edu.tbz.ch"|"R5DEB3-MBa@6P-PjTO1z"
"da.boother@edu.tbz.ch"|"KBg&mm-qFtYyS-d4&BQl"
"simplifies.chaudhry@edu.tbz.ch"|"cEutNN-Ahci%n-NatGFh"
"garcon.baniard@edu.tbz.ch"|"9TAmSa-F&nehY-OFQzUg"
"gaetane.elphee@edu.tbz.ch"|"BT4kqd-mCT%eI-O1rQt2"
"gisele.hassey@edu.tbz.ch"|"06PUn3-WtpWGF-ZBMxUu"
"oceanne.booley@edu.tbz.ch"|"6vtESa-&5%O1r-0vQ&Zy"
"oerjan.dibden@edu.tbz.ch"|"4eRJLy-aVc603-NAO%ta"
"regine.ocleary@edu.tbz.ch"|"h9RDfy-E5i5xo-y&7PIU"
"selene.persse@edu.tbz.ch"|"NO5kxx-a&STvX-7bMU#n"
"helena.adenot@edu.tbz.ch"|"c6WKNm-6mThtA-lkgYst"
"maelann.wassung@edu.tbz.ch"|"4zX29i-n&WGCO-slR3kz"
"frederique.ackermann@edu.tbz.ch"|"OnUHyL-QHgNXw-vZHrUT"
"audreanne.kahen@edu.tbz.ch"|"jnC#D@-83t8h2-G6WIhJ"
"maiwenn.lasty@edu.tbz.ch"|"uffPIV-iOKLdv-LU&dfh"
"yu.dictus@edu.tbz.ch"|"l0#3X3-xeRTDG-4JazqK"
"anae.dukes@edu.tbz.ch"|"SbTMSw-FazB&P-5axOnP"
"yenora.warr@edu.tbz.ch"|"vjfyjB-v4JnAG-%q99Bv"
"esbjoern.archibold@edu.tbz.ch"|"KyhoAV-M1BRM5-aAmW7w"
"milena.pardal@edu.tbz.ch"|"tm2EO3-uJQwZ&-sQww0a"
"celestine.graveston@edu.tbz.ch"|"&alg6&-x3BL9l-zEJzf7"
"maena.dallas@edu.tbz.ch"|"E8QaF3-WdMgVf-nGkIgs"
"andree.tuke@edu.tbz.ch"|"J2H2t4-%f3w@G-hyl0XE"
"methode.seldner@edu.tbz.ch"|"L%caiP-E%NtZg-iEAaLq"
"venus.bullas@edu.tbz.ch"|"fPG3D2-r52AEM-AsH9kR"
"mans.aguirrezabal@edu.tbz.ch"|"g#q2@6-jwZjio-c@ICXT"
"gaelle.eadington@edu.tbz.ch"|"vBrzcG-XevimD-##UkZJ"
"anaelle.falkner@edu.tbz.ch"|"&bqAa4-x@LAjW-Q$8T0U"
"ophelie.height@edu.tbz.ch"|"XyjU&1-yW6DQj-ZyY4S2"
"marten.bolding@edu.tbz.ch"|"@ns9ie-ZaGTj#-DKdHUv"
"pelagie.guswell@edu.tbz.ch"|"1@u4Jp-@YIKAr-WayPxF"
"gwenaelle.lecount@edu.tbz.ch"|"Chw4km-%Yy&s8-Jf2PRq"
"hakan.laden@edu.tbz.ch"|"NvRfqj-wOwI4q-Ldb4p4"
"marie-josee.hylands@edu.tbz.ch"|"FxZuZc-56oYSg-y#%EI%"
"zoe.kingshott@edu.tbz.ch"|"y34gMZ-e4hdNn-3waN72"
"josee.janous@edu.tbz.ch"|"z$rJ2q-%$7PLK-rC48PW"
"laurene.gallally@edu.tbz.ch"|"O8XlNk-pyIftU-@6UAEa"
"anael.bickle@edu.tbz.ch"|"mu$AC%-oa50jW-D947Ft"
"mediamass.lebbern@edu.tbz.ch"|"%0VIMl-zP60Nb-8a5u53"
"berengere.hovy@edu.tbz.ch"|"LQ&D&Q-m#TG2&-W$ePG5"
"oerjan.kilmurray@edu.tbz.ch"|"ekF9DG-zf8B4K-HRagrR"
"asloeg.venny@edu.tbz.ch"|"Ye265M-mycoxB-vM4ZVD"
"marie-noel.stoad@edu.tbz.ch"|"sD4Dh9-2FAMd4-@kVlKz"
"hakan.pettifor@edu.tbz.ch"|"$hC%xz-HLzEB3-IKNMA8"
"maella.willgrass@edu.tbz.ch"|"YXEZ2O-lMBv3O-gP$v4x"
"therese.ludovici@edu.tbz.ch"|"o0DxVv-ImODMX-2atZcg"
"stephanie.trewhitt@edu.tbz.ch"|"oje3PO-Yf%yrM-Y2eb&h"
"maerta.bauduccio@edu.tbz.ch"|"&DOI8k-5WXB1v-khdGtN"
"gaetane.glaisner@edu.tbz.ch"|"JonAxo-rlhIMC-h@Oqfl"
"naeva.pargeter@edu.tbz.ch"|"u7Nksd-aiA#1m-VkAWpo"
"salome.venable@edu.tbz.ch"|"hhN#MT-$R6ZdW-k54Tw7"
"boerje.thickett@edu.tbz.ch"|"muO9Bj-I9#zAB-pu2NNO"
"lucrece.prendergrass@edu.tbz.ch"|"rCjW2y-QgmjAZ-V9$YKt"
"laurene.ockleshaw@edu.tbz.ch"|"twRGY3-O4A&x5-TsFC9D"
"cecilia.pasticznyk@edu.tbz.ch"|"x7hZm4-y2Cgmk-riCH%g"
"stevina.mackey@edu.tbz.ch"|"SMj5Yu-b7ZumQ-a&5Rb$"
"marie-noel.reven@edu.tbz.ch"|"#6Syz%-geJZz1-hCuLBF"
"melina.quilkin@edu.tbz.ch"|"sJG#nc-X&KKtc-0YkJN@"
"marie-noel.ferrie@edu.tbz.ch"|"x3pQ%I-$NLQtN-0Zk8a4"
"leone.alphege@edu.tbz.ch"|"WaU21#-2C7n2c-4m6#vS"
"zoe.leverson@edu.tbz.ch"|"Ue8tby-nbwfOX-M#KJfG"
"annotes.grayne@edu.tbz.ch"|"rWjKnN-OqHLEQ-aJ7NEs"
"faites.lalley@edu.tbz.ch"|"$FUxq8-C0uDWA-T2@#fF"
"adele.wallis@edu.tbz.ch"|"Nja2UY-ClIrZs-BI7m14"
"severine.madill@edu.tbz.ch"|"zzf&PG-zn4WrT-77bsyq"
"valerie.tebb@edu.tbz.ch"|"wf9KeV-pH#pp1-rlwtCi"
"kalliste.rasper@edu.tbz.ch"|"F778Id-AH0ECV-gKZMsI"
"audreanne.palomba@edu.tbz.ch"|"e20&96-XtZbNV-1%HOpG"
"elea.adamik@edu.tbz.ch"|"ebwuYC-yVa09$-8zVc0J"
"reserves.jakuszewski@edu.tbz.ch"|"jHheZo-Y5fq6&-ubAUnY"
"athena.belhomme@edu.tbz.ch"|"9&TL3w-xOyjCx-g2Q4Ze"
"rebecca.crippin@edu.tbz.ch"|"Tz$dWO-8PT6mX-Tr2OCi"
"maiwenn.curman@edu.tbz.ch"|"jpZLXJ-yeNAvQ-DcsBvW"
"andree.bunner@edu.tbz.ch"|"hV&j7j-vKM&lC-prP47E"
"ruo.winckles@edu.tbz.ch"|"qbc%5y-jbVwvZ-jLdRdD"
"naeva.buntine@edu.tbz.ch"|"vihG5o-ZsBAyL-oLVdtL"
"boerje.dollard@edu.tbz.ch"|"zDs9si-wH#BEr-#f%HR7"
"penelope.gorman@edu.tbz.ch"|"p5EsLX-CSPLWh-sGf2Dg"
"alois.robelin@edu.tbz.ch"|"Rg78uE-BC5KUE-8cdADp"
"anaelle.tindle@edu.tbz.ch"|"%dE2Jj-pmbr$6-PopyQu"
"ye.frears@edu.tbz.ch"|"&0lA3J-aEQgaP-MZK4s5"
"andree.ovid@edu.tbz.ch"|"NKC5Lp-e8&g8S-VPFL@s"
"hakan.peat@edu.tbz.ch"|"Ku9s4R-fJXdI8-QonN5H"
"andre.januszewski@edu.tbz.ch"|"jZYf9b-Ip#ZZ7-migxX4"
"annotes.clemmett@edu.tbz.ch"|"kF9#$w-73BgTB-ZBLS3c"
"pal.lambswood@edu.tbz.ch"|"ti1@90-i$TrpB-FOYlW8"
"yao.lenton@edu.tbz.ch"|"kgU&6P-JdwceZ-X4I4#L"
"hakan.boyton@edu.tbz.ch"|"$E0uUn-zazeK6-WWf12%"
"nelie.forsey@edu.tbz.ch"|"1qT0jV-7FW$AG-dwi5qQ"
"hakan.horche@edu.tbz.ch"|"N3&Vzz-vZB8oc-ywGUln"
"lorene.sinkings@edu.tbz.ch"|"Aa65mC-D$YIxt-OJUecW"
"marie-therese.creddon@edu.tbz.ch"|"z@zF&D-#iP5Pi-AXRFI8"
"berenice.tolworthy@edu.tbz.ch"|"Gco#bI-11Lwff-HKKBCA"
"theresa.land@edu.tbz.ch"|"1CyHnr-FGF3tF-shbaCm"
"marie-therese.gianilli@edu.tbz.ch"|"DOOAer-7Vrb8U-M74ypZ"
"meryl.glew@edu.tbz.ch"|"8Qv%M7-dzCg2e-Law1Cl"
"adele.debling@edu.tbz.ch"|"ZEovX3-tOX%Cb-gqyswx"
"anae.metzke@edu.tbz.ch"|"YO3gj9-LtKFYL-2ogdcj"
"gaetane.gooden@edu.tbz.ch"|"Oab3va-Wj5nl&-sQhfLk"
"laila.bootland@edu.tbz.ch"|"u0O#qO-IARCQI-hisxnx"
"maite.helsdon@edu.tbz.ch"|"RLW$ns-PHazTA-giH8T1"
"andree.malley@edu.tbz.ch"|"m$r9RO-@bzHjY-t&4ILa"
"pal.simmens@edu.tbz.ch"|"Mbn3$#-oBF&aK-@V46fz"
"maelys.nuccitelli@edu.tbz.ch"|"#hycpt-6$oaJE-fgW&A6"
"dafnee.sibary@edu.tbz.ch"|"IQnRA@-7ZJ0eb-SX68ii"
"alois.harsnep@edu.tbz.ch"|"&qfp@q-0Rqia&-yPu8sR"
"marie-helene.lacky@edu.tbz.ch"|"RlnDzi-dxbnBB-Ei7wsl"
"mylene.youthed@edu.tbz.ch"|"RfOcan-0GLvFy-THL38z"
"marie-helene.dehmel@edu.tbz.ch"|"ZaveC2-ftcsvN-7#AeAC"
"angele.batman@edu.tbz.ch"|"X4jYyw-L9&MAy-7O2I&3"
"melia.younghusband@edu.tbz.ch"|"H7K7bd-NXEF#l-3uvrjQ"
"eloise.baldi@edu.tbz.ch"|"3aRCu0-x7ycic-7wHK%V"
"illustree.dun@edu.tbz.ch"|"K8TC1h-AEw97Z-7sju7r"
"genevieve.late@edu.tbz.ch"|"%H7Lu#-zEIJQ7-5rod6X"
"celestine.colville@edu.tbz.ch"|"1tNrNG-xwdzQ@-mbJUmt"
"gwenaelle.scarlon@edu.tbz.ch"|"sF1iej-gt6YhO-H2eHpm"
"regine.boddie@edu.tbz.ch"|"PgHrMB-6sujOy-KNrnXg"
"creez.gaughan@edu.tbz.ch"|"U3lR9k-nz&%5i-Y9O62Q"
"gaia.longford@edu.tbz.ch"|"Cl0AHG-55AfM0-HUYURv"
"mailis.buckby@edu.tbz.ch"|"%oAlEz-$XAs4I-ko47zZ"
"song.parbrook@edu.tbz.ch"|"WivpzK-Kn5IEi-hxa#F$"
"frederique.heddan@edu.tbz.ch"|"YmBuLK-xksLba-R7DSM$"
"ake.kirtlan@edu.tbz.ch"|"G&cIqm-a8i%Df-YaORwu"
"nelie.runciman@edu.tbz.ch"|"uoK2LW-kXqR1c-GUAHe1"
"mailis.cardnell@edu.tbz.ch"|"60KTR1-Qy69pc-MFU%vF"
"irene.navarro@edu.tbz.ch"|"oPHiBM-eVi990-FptTov"
"maite.cough@edu.tbz.ch"|"GNo6o8-dW7PyK-GIE&Vj"
"anaelle.stocky@edu.tbz.ch"|"sVp5ut-gKWZL5-7aAa&2"
"methode.moulder@edu.tbz.ch"|"9SuUnC-viMtM@-W1kMp0"
"po.stafford@edu.tbz.ch"|"j10USi-c4GDUL-vm#3XP"
"faites.scraggs@edu.tbz.ch"|"v6jTn7-dx9@lP-bJU66J"
"adelaide.dullard@edu.tbz.ch"|"6TZiAP-e#9qWU-orsFWs"
"desiree.leonard@edu.tbz.ch"|"s4y$u%-iQ6mrG-rcoJS#"
"geraldine.badgers@edu.tbz.ch"|"fIv3y3-1DSakQ-mwVh1L"
"ruo.masic@edu.tbz.ch"|"adJYD5-plliiP-YtNbKH"
"aurelie.lieber@edu.tbz.ch"|"KwT$oC-JPcYvj-dOYFE7"
"naelle.balcock@edu.tbz.ch"|"rg@Z@B-QcCdOW-HOWH3n"
"camelia.elger@edu.tbz.ch"|"nzKdtW-1mzIdB-e9ICqX"
"publicite.oakeshott@edu.tbz.ch"|"BxQTq4-4KG2x4-hNqBFT"
"cleopatre.fawley@edu.tbz.ch"|"uh8w1z-rEUy8f-uSO2H9"
"laurene.bruckmann@edu.tbz.ch"|"m46nbQ-jJtnaO-mO8A8p"
"rui.haughton@edu.tbz.ch"|"qrmcQE-s9cMNU-P5h3lz"
"asa.ladewig@edu.tbz.ch"|"S4BgbU-#QpN8S-RXZODb"
"gisele.janecek@edu.tbz.ch"|"K5@ZwY-v&2lvE-HW$g#z"
"maily.loveridge@edu.tbz.ch"|"Tsch0%-@O0tdE-ODKXPI"
"marie-eve.yurkiewicz@edu.tbz.ch"|"s6BRdh-VTPCK#-rkxkt@"
"fei.roder@edu.tbz.ch"|"zHVuFZ-kDbTDJ-1zLaqL"
"edmee.chatburn@edu.tbz.ch"|"NgbOS&-m3%e2K-&&iVYg"
"geraldine.darke@edu.tbz.ch"|"&WcqrU-tOaorK-6W0WRh"
"ye.jira@edu.tbz.ch"|"HeXQR@-CQaDBg-zG@Q#w"
"publicite.persent@edu.tbz.ch"|"&J9$tf-kB78zk-joMj3X"
"severine.wilcox@edu.tbz.ch"|"oms98U-6pc79%-qvxTLr"
"yao.mcclaren@edu.tbz.ch"|"4X5ly$-sBxxtI-kdhCRP"
"theresa.foynes@edu.tbz.ch"|"FK3EYg-0Bm8y6-wa5bE2"
"stephanie.isley@edu.tbz.ch"|"@RXdzV-z68V2C-2P83nG"
"torbjoern.growy@edu.tbz.ch"|"wAZUgV-yPJsIr-$qvLZk"
"eloise.tunnadine@edu.tbz.ch"|"Vf9a7q-1w%@GX-jpRcXr"
"maeline.cossentine@edu.tbz.ch"|"XY#5O#-wT%M2N-A%eNJG"
"nelie.desantos@edu.tbz.ch"|"DJ4vXN-HLxYaE-iV0@Gu"
"gaetane.axston@edu.tbz.ch"|"6qOTR1-#sgRH$-oONPnf"
"aimee.merman@edu.tbz.ch"|"zK1w0j-eqew8w-XZyHd$"
"oerjan.drivers@edu.tbz.ch"|"$ASFm5-KDB21L-pn0Zd9"
"aimee.miroy@edu.tbz.ch"|"krbgT8-rKCS%Z-LYp#xh"
"nelie.glyde@edu.tbz.ch"|"a5Zpze-MUUyLN-ZRSCeH"
"hakan.kapelhof@edu.tbz.ch"|"L$XQIu-j@TFm%-P7Sj&S"
"maelyss.cauley@edu.tbz.ch"|"qfvX7%-zHcGA8-YwLKwo"
"elea.vaggs@edu.tbz.ch"|"i#Kl5h-P0uUVR-6eD#I&"
"maelys.but@edu.tbz.ch"|"c0xdQY-asZFzl-Jttzhr"
"maella.arthurs@edu.tbz.ch"|"nwfAGc-6Z@epu-UXVkrh"
"adele.liebrecht@edu.tbz.ch"|"tH7l00-Og2soT-IqO%15"
"meline.lomasny@edu.tbz.ch"|"&xp7fo-8%UGAe-5nxph$"
"mediamass.schwant@edu.tbz.ch"|"KA2cE&-MsmvTs-Ic6mue"
"leone.saunt@edu.tbz.ch"|"SsdvPF-yt&Gke-d$ok&F"
"annotes.gouch@edu.tbz.ch"|"I0pGjd-nOzRus-94ML8I"
"gaetane.bowich@edu.tbz.ch"|"7vQPi0-5qLyBp-&X&3BS"
"alizee.strelitzki@edu.tbz.ch"|"#lypGq-0tquxe-kLwZhz"
"leone.poile@edu.tbz.ch"|"oviqde-P1Hrw6-6Bl5BG"
"amelie.saban@edu.tbz.ch"|"%IAeSw-h#Tk#D-x%agV8"
"marten.mcmenamin@edu.tbz.ch"|"2uGAdQ-wBuo$e-PIILDa"
"becassine.keets@edu.tbz.ch"|"1&bJ#L-a8uxm3-d6zT7Y"
"celine.million@edu.tbz.ch"|"$he1mZ-3dJIZP-7XL89s"
"geraldine.belitz@edu.tbz.ch"|"qkWg6K-aiUkPX-&9zwA2"
"salome.mardling@edu.tbz.ch"|"V$Kjm&-t7%$zk-Vkr9VK"
"melia.blakemore@edu.tbz.ch"|"i$%CRR-xWEAru-M10wG1"
"dafnee.mcaulay@edu.tbz.ch"|"tQUy$s-mL5cYL-bIy&5y"
"garcon.dennett@edu.tbz.ch"|"YehIdL-hlWXG$-varEOe"
"interessant.lesor@edu.tbz.ch"|"tCpvrm-w$8zCu-VwqVu4"
"annotee.wasbrough@edu.tbz.ch"|"qRXSwl-%O9VLq-pd1p&a"
"asa.ibbeson@edu.tbz.ch"|"lC34wR-gvmvnE-Pbhxo7"
"maily.kennealy@edu.tbz.ch"|"oDR0OG-LzwfFj-T1Pq2H"
"ye.seares@edu.tbz.ch"|"789Nsi-n4GJDf-as5G0B"
"athena.harbron@edu.tbz.ch"|"CBwlNv-KLNKqu-$0VN3n"
"andreanne.portail@edu.tbz.ch"|"cm@JS6-wKV8Dt-084hkV"
"goeran.zannelli@edu.tbz.ch"|"SUSGyQ-b6onUC-D&mord"
"gerald.leathlay@edu.tbz.ch"|"EBOaQw-YI4XWr-MqJgjo"
"andreanne.chown@edu.tbz.ch"|"GMMDCe-L7QTUz-qhMgwS"
"esteve.clementel@edu.tbz.ch"|"1B5uk%-ZjhTP5-2y%KeY"
"leone.legan@edu.tbz.ch"|"oMqkvt-CCE7N%-&N2O&N"
"maena.pownall@edu.tbz.ch"|"xfnSOl-euf0sc-pcznvO"
"andree.rettie@edu.tbz.ch"|"2rCx#6-aAd@i%-qi4N25"
"ines.kenwrick@edu.tbz.ch"|"a2pAR5-qCLqMi-fuhafQ"
"marie-helene.yarnall@edu.tbz.ch"|"DCO#js-Gin%mJ-nFPjLY"
"po.martin@edu.tbz.ch"|"7MVisN-8O6DK%-LV7hKh"
"ruo.celiz@edu.tbz.ch"|"8nT99o-m7GlB6-QWwQwl"
"po.bissett@edu.tbz.ch"|"2T187p-LyQOhM-rqWNZU"
"du.swindon@edu.tbz.ch"|"OYLvsa-9lw61A-94XvYi"
"interessant.gouldthorp@edu.tbz.ch"|"QAzEzI-vIfHlM-L0YF41"
"leandre.lilburn@edu.tbz.ch"|"ZG9TED-zKoLx2-Locd2@"
"bjoern.whales@edu.tbz.ch"|"fN0jHQ-5Vpxb4-9oLsR3"
"interessant.dieton@edu.tbz.ch"|"b9e@JN-axUnzg-Q8ZotT"
"celestine.redhills@edu.tbz.ch"|"dvJok5-53UyDs-zcKAKT"
"tan.yakovlev@edu.tbz.ch"|"PV3xhR-tpYWx5-5Byuxk"
"regine.mcdowell@edu.tbz.ch"|"J1ksiu-No%Jup-&j&3cB"
"ju.coysh@edu.tbz.ch"|"pU@4Sl-Tf2zLy-oq$rt1"
"reserves.ofallon@edu.tbz.ch"|"ucemKY-qrXYWj-iO0dnz"
"frederique.sobey@edu.tbz.ch"|"gd1O3J-DJ31UW-H09TMA"
"marie-eve.garstang@edu.tbz.ch"|"Bfe1Ix-jF8JkM-#z78J8"
"andre.tapin@edu.tbz.ch"|"rCPZfL-42D@Y$-tGbXbP"
"esbjoern.eynon@edu.tbz.ch"|"2fQ3Op-JSzQdC-8I1hOW"
"maella.duffy@edu.tbz.ch"|"2J%mTw-1iuD7t-ZoUVfi"
"leandre.twinning@edu.tbz.ch"|"VsLFei-NZs13m-ZHmR4Y"
"mai.whittingham@edu.tbz.ch"|"1MH9y2-Z66@%D-AqIrJB"
"rachele.shevelin@edu.tbz.ch"|"yEjAv2-vxiVed-p1MLql"
"cecile.mcure@edu.tbz.ch"|"$1VvzS-gVvS3C-BjVTm1"
"marie-eve.yurkevich@edu.tbz.ch"|"B$@F#Q-$#URDm-ZhRc1J"
"almerinda.paice@edu.tbz.ch"|"JYohyU-aoY0t&-@abnKr"
"rao.howkins@edu.tbz.ch"|"MN$36F-TxM877-naDQgE"
"serena.pack@edu.tbz.ch"|"tHsaks-%@H3HO-12PcRZ"
"rebecca.mant@edu.tbz.ch"|"HEQsbF-wQpevO-qd65mO"
"reserves.spitell@edu.tbz.ch"|"Yt1O$j-NnE8wn-ewjQlA"
"garcon.hamfleet@edu.tbz.ch"|"z22N58-VDqU5#-qwDPCu"
"methode.kerkham@edu.tbz.ch"|"s3IJ7h-ONW37R-ptA2tm"
"pelagie.camies@edu.tbz.ch"|"k4UhX&-ZGw#B6-uujgsS"
"josephine.macpharlain@edu.tbz.ch"|"q7WLKb-&JH#Ic-pnlUi%"
"eugenie.mathet@edu.tbz.ch"|"HH8Llr-iCSL8X-WXBm@e"
"gaetane.brangan@edu.tbz.ch"|"$jYbzT-dH$yuu-CtDdWX"
"michele.dewbury@edu.tbz.ch"|"eu1dvo-7BveE0-6liCfj"
"eugenie.elcott@edu.tbz.ch"|"HSviJw-@7n%2r-&l6q%9"
"megane.harniman@edu.tbz.ch"|"XSk$&H-j#HCbO-3hjrl9"
"agnes.cluney@edu.tbz.ch"|"R2eLBi-uqUvLM-r8ediQ"
"marie-helene.angear@edu.tbz.ch"|"g9fJUa-#5tgKJ-CS7GPG"
"melia.dolphin@edu.tbz.ch"|"n$z$%V-FgZXPr-odDcDJ"
"lois.ruseworth@edu.tbz.ch"|"2A59p7-9@FWbO-DPmJ&$"
"mailys.ryding@edu.tbz.ch"|"EqDjx6-B7Lqdy-12$VrR"
"rachele.wulfinger@edu.tbz.ch"|"N@M0QB-yNQRgD-qkgEl5"
"gwenaelle.talton@edu.tbz.ch"|"Zu6ljk-AiJlwf-0fXJK6"
"long.ronchetti@edu.tbz.ch"|"sppL8Q-yeUCi0-ew#y&d"
"styrbjoern.kloska@edu.tbz.ch"|"7YV@Np-5WHY12-BDcxbT"
"len.sudran@edu.tbz.ch"|"yQYAax-dBKF89-BOhtR5"
"maelle.andrysek@edu.tbz.ch"|"CHSvCK-97rfC0-pTBYBx"
"selene.senior@edu.tbz.ch"|"b@nFym-8pdWZc-hngT%O"
"anais.joskovitch@edu.tbz.ch"|"581BbP-LCEANy-LNl5ux"
"marie-noel.dally@edu.tbz.ch"|"Z9IlCs-r%oXpQ-e@@Dl9"
"marie-helene.laurence@edu.tbz.ch"|"ZB%JKc-nOGwiu-YraSeT"
"camelia.foxon@edu.tbz.ch"|"v8%Qpy-kg&4kS-XcaX@&"
"helene.cankett@edu.tbz.ch"|"cur7kD-l38K8Q-1VaRMC"
"marten.mitchelson@edu.tbz.ch"|"$aJy%g-2Yzi6N-yRAWqN"
"helena.stirtle@edu.tbz.ch"|"W4Wf8$-Qgw8Yh-PwmO9G"
"leane.barmby@edu.tbz.ch"|"UfJVvp-LbRrCa-%w1Pw%"
"goeran.ofinan@edu.tbz.ch"|"&c&&@#-om&t5p-EnBI94"
"styrbjoern.proby@edu.tbz.ch"|"C0f&sQ-zDlsT5-rp8MhT"
"zoe.halse@edu.tbz.ch"|"mtj8%r-5fsAHG-9qulDp"
"kui.drable@edu.tbz.ch"|"b3Ay#m-zn$UK@-#@HSo#"
"desiree.bamford@edu.tbz.ch"|"WbSN5e-JYANfJ-7oKDi7"
"zoe.suller@edu.tbz.ch"|"qUBId3-Srio%r-wXk6@H"
"marylene.audiss@edu.tbz.ch"|"aH7B78-nZSD2q-vXh5V9"
"adelaide.poznanski@edu.tbz.ch"|"#R8GR2-v6bx#G-VSCH8O"
"maella.coleyshaw@edu.tbz.ch"|"iQU&RH-I&@FR#-3eb@@o"
"marie-francoise.gelder@edu.tbz.ch"|"ubIezT-E@Qgdc-CTNI9l"
"eleonore.chaffyn@edu.tbz.ch"|"ea4m##-giH#Bs-&XJWSa"
"celestine.sikorsky@edu.tbz.ch"|"okXs&N-NE90iA-kzTmkI"
"stevina.londsdale@edu.tbz.ch"|"ko7w2@-hU%KbD-Xwn5I5"
"maiwenn.nevitt@edu.tbz.ch"|"Nv8pR6-TZaRki-k9LsXZ"
"magdalene.gerrey@edu.tbz.ch"|"tto1nm-tFOsuy-KZ%Yyu"
"becassine.latimer@edu.tbz.ch"|"WcNnUM-vViJQa-gbEq8$"
"da.lethibridge@edu.tbz.ch"|"cKDbLm-qBQ3u3-IsHgpz"
"mailys.claige@edu.tbz.ch"|"e8Rcvm-@62M0a-YcOt2s"
"maena.torbard@edu.tbz.ch"|"tQv1ci-18I1rh-vzyLzl"
"solene.lyvon@edu.tbz.ch"|"GAFJh0-@piJEV-4PUmsU"
"marie-therese.benbrick@edu.tbz.ch"|"K%6Wu4-@NYTPr-j1wmeI"
"gerald.edmonson@edu.tbz.ch"|"y3jCnJ-uz0xTH-SqHo1f"
"ake.messruther@edu.tbz.ch"|"cq9Z%W-Xynijp-3RLnN3"
"men.gosneye@edu.tbz.ch"|"qn6O0T-C2jbG&-iHybEN"
"anais.jefferys@edu.tbz.ch"|"Ax305e-tdLawy-VNvNzA"
"publicite.tregale@edu.tbz.ch"|"B8Z76k-woqv15-LPZh%v"
"maily.santorini@edu.tbz.ch"|"%UtY5v-aYA8lh-rz9oH0"
"ines.pioch@edu.tbz.ch"|"%N&A87-I0%c$O-bzk7IR"
"noemie.marklew@edu.tbz.ch"|"zeSoXv-U3obnd-DCGFYT"
"meghane.maccaffrey@edu.tbz.ch"|"#ebuM8-P8kZcY-h5#FM8"
"berangere.ambrogio@edu.tbz.ch"|"qdP$vn-L1DeYr-TuzVRA"
"mediamass.ryce@edu.tbz.ch"|"yR4sgQ-4f0JVK-mL8slT"
"oesten.ubank@edu.tbz.ch"|"K5uzAt-JbXqt@-CF@V7q"
"melina.mackee@edu.tbz.ch"|"rEP&@t-D$kG4E-qCSLZf"
"theresa.livezey@edu.tbz.ch"|"H5%K$0-6gi0NK-oQ@S1m"
"clemence.weal@edu.tbz.ch"|"jg56JM-K1$Ec1-u#qqok"
"faites.overton@edu.tbz.ch"|"2SGXd7-ARCC44-e@TwCk"
"clea.lindblad@edu.tbz.ch"|"TzaV0H-qPQ8&z-G%mWYp"
"josephine.roseaman@edu.tbz.ch"|"seDON5-Vi9lBb-YoFzVY"
"oesten.lowbridge@edu.tbz.ch"|"FYD$Hf-o5oI$o-d$ra0y"
"marie-josee.brion@edu.tbz.ch"|"SB40&x-I&3VxG-YU4rXI"
"therese.basili@edu.tbz.ch"|"P3E@AY-pHsbtQ-0$EF11"
"melia.vertigan@edu.tbz.ch"|"#LjMhF-LTxyi@-Wq4uLb"
"judicael.saull@edu.tbz.ch"|"SdTH@A-EGD8#r-0n6TGi"
"selene.valentine@edu.tbz.ch"|"m39qlk-EXFw4n-#o@OZT"
"verane.dunlap@edu.tbz.ch"|"jJB1KG-IudIo#-Ip415F"
"meline.kinnear@edu.tbz.ch"|"udbUmI-cK4yMC-gD%H@9"
"lei.luttgert@edu.tbz.ch"|"pkgl%m-XWq38M-RQuy0g"
"styrbjoern.lathleiffure@edu.tbz.ch"|"DwLRMy-VRZUsx-obx%Yd"
"marlene.blasi@edu.tbz.ch"|"DAzLOg-Lb5Jw8-%F7$$f"
"mai.begwell@edu.tbz.ch"|"93HcJJ-w6$lM8-bTtQBw"
"gwenaelle.kaines@edu.tbz.ch"|"u9J0Ce-Rmy2US-Jb4wCw"
"gerald.adamthwaite@edu.tbz.ch"|"fMWX4k-NA7KFr-oWC1DX"
"kui.hartfield@edu.tbz.ch"|"Uz4Nki-&VsOq5-gWrHlN"
"salome.currao@edu.tbz.ch"|"1vUpeG-Dyfstc-f2FLp6"
"angelique.tixier@edu.tbz.ch"|"k7EoA#-k#y8r3-qE0aRr"
"ju.mcgragh@edu.tbz.ch"|"amMHp5-Jwe41J-%cH4#p"
"dafnee.beachem@edu.tbz.ch"|"GkY@u$-W0PHgP-hdsfej"
"creez.terlinden@edu.tbz.ch"|"mcFYIO-RemxIf-%Ou5uG"
"uo.mcskeagan@edu.tbz.ch"|"FKb1oI-tUEHNx-sa9RV8"
"edmee.mccaughren@edu.tbz.ch"|"4fKvIm-LlT@UZ-GdR$#k"
"asloeg.cozby@edu.tbz.ch"|"DgE1b%-HpoaDC-pchIvM"
"melodie.traite@edu.tbz.ch"|"IrEgK3-XyEeDu-Ngp9xK"
"dorothee.aindriu@edu.tbz.ch"|"bU4MDs-#U&Z3p-UgZ3uq"
"daniele.doley@edu.tbz.ch"|"@4$Qvv-zT$Ybe-mF7CWZ"
"mediamass.fairclough@edu.tbz.ch"|"Y1W8So-oCgn$S-6ZXNYC"
"lorene.rainforth@edu.tbz.ch"|"JxZ&6H-l3j&En-tAXUPc"
"leonore.eyer@edu.tbz.ch"|"5o%hdp-#YxRfK-f2YbxL"
"po.spillman@edu.tbz.ch"|"pJLYid-xaJ%TQ-%rzuZ0"
"cecilia.plitz@edu.tbz.ch"|"69qP9U-yj0hKn-aDXN8v"
"lorene.ludlow@edu.tbz.ch"|"bpeFbQ-FtOWL&-KT&twg"
"berangere.neligan@edu.tbz.ch"|"rNK&9N-32OmAH-Q&WnRL"
"simplifies.huggan@edu.tbz.ch"|"r7lBet-cl7h@f-A1h3SL"
"clelia.prandy@edu.tbz.ch"|"%8aucY-1&Bgls-m90x8C"
"ake.osban@edu.tbz.ch"|"N5VIYX-whOxcp-b3hDv4"
"cunegonde.brunn@edu.tbz.ch"|"NgJy4B-wSZYtj-msrN$v"
"long.grizard@edu.tbz.ch"|"V8PEB&-aRN5bz-ZOeYmb"
"meghane.diss@edu.tbz.ch"|"L5%pjl-Y91m2%-sVye&M"
"therese.oldman@edu.tbz.ch"|"lGGxX6-BW0tp6-YNSm0D"
"boerje.scamerdine@edu.tbz.ch"|"XI2VLx-LvVCX9-8Ht&Eh"
"du.saban@edu.tbz.ch"|"lFDKYz-CdQcRZ-Kh9Y5G"
"hakan.clynmans@edu.tbz.ch"|"&bFTV1-yESk2Q-GfYqF6"
"wa.macdowal@edu.tbz.ch"|"TpT%l8-CT9@iM-6yXXNe"
"venus.hatrey@edu.tbz.ch"|"5uZ9Cp-iIdnmE-D5VZAF"
"anaelle.vispo@edu.tbz.ch"|"uGAaha-1$%$F2-BtqrQi"
"mahelie.ollcott@edu.tbz.ch"|"DjswSD-aBWGfB-C9eKbK"
"mediamass.whyman@edu.tbz.ch"|"AgdZPJ-03nCsM-QclP6h"
"esbjoern.basson@edu.tbz.ch"|"sTm9xb-7XS6O0-HY$d$Q"
"andrea.morrill@edu.tbz.ch"|"RQIl$M-tM0jlB-$XX5z3"
"melys.grassi@edu.tbz.ch"|"NlVrov-pQWThB-idV81%"
"leone.poleye@edu.tbz.ch"|"zdU5w&-yOkkuK-cOImfn"
"francoise.penny@edu.tbz.ch"|"DYDEP3-Yk3M2f-Pu4Okm"
"rebecca.edney@edu.tbz.ch"|"HsWIkI-&5cbzT-tjRi5k"
"adelaide.murtagh@edu.tbz.ch"|"veBQ@%-gcG4o9-84%oDB"
"stevina.winterbourne@edu.tbz.ch"|"S5IdpP-77dw6i-6m&ao9"
"ma.cottom@edu.tbz.ch"|"njh2vi-fjVa9L-Zx991I"
"tan.harold@edu.tbz.ch"|"qXjYAK-Xf8vFE-ziYqJv"
"venus.forte@edu.tbz.ch"|"L8a6C4-TOBqwE-$ajx%8"
"almerinda.oluney@edu.tbz.ch"|"P8mwt8-kRsscd-9U0WzV"
"cleopatre.brehault@edu.tbz.ch"|"w2vUc$-au32va-#EqgXC"
"interessant.lapides@edu.tbz.ch"|"7bu1N6-yHO9y@-RCx@Rs"
"reserves.hallatt@edu.tbz.ch"|"LSpblW-M4Q5AK-6WZGxG"
"annotes.birdwhistle@edu.tbz.ch"|"XgWr#o-FPJSYo-POg@tV"
"ai.dredge@edu.tbz.ch"|"gVh@R@-4sZ%jC-8UWzS$"
"megane.mussard@edu.tbz.ch"|"%2OHpr-XUTVbZ-7VeFZL"
"esbjoern.gowrich@edu.tbz.ch"|"vL$U4j-JKXZMt-%jDIfh"
"boerje.brislawn@edu.tbz.ch"|"3Oy%pM-3GaIBD-hN@U$j"
"becassine.wilce@edu.tbz.ch"|"CcMHBe-%25CN@-nr%tfD"
"personnalisee.oels@edu.tbz.ch"|"@1vbFe-XHZc7w-#0GEmT"
"verane.pett@edu.tbz.ch"|"vC%bGP-mxcbhO-ktg9l7"
"marylene.glewe@edu.tbz.ch"|"YAYpY7-4V5VlL-ve0qJh"
"lai.elson@edu.tbz.ch"|"uas0i8-RLC6Or-4&z459"
"serena.difranceschi@edu.tbz.ch"|"XBwUDP-mubfQw-@A%a0D"
"lie.espinel@edu.tbz.ch"|"hGjlSJ-oiVR6%-IoX$3&"
"marylene.fantini@edu.tbz.ch"|"9WkfU1-9BA6RE-MBAG@#"
"andre.archdeckne@edu.tbz.ch"|"Ea2NmV-dx5SmI-rQ%%Nk"
"goeran.bohlingolsen@edu.tbz.ch"|"m4KIuf-I47wZE-jyeO22"
"cunegonde.heffer@edu.tbz.ch"|"qelug$-9pn677-L%aEW4"
"tan.fechnie@edu.tbz.ch"|"woPBmN-iJTIIC-97xHdS"
"marie-noel.brammar@edu.tbz.ch"|"3JZmLb-v&7dmC-zJt%FA"
"simplifies.aven@edu.tbz.ch"|"tTL@AJ-YIe0V7-DSNj7E"
"melys.pinchen@edu.tbz.ch"|"BUsITF-AwY2Fp-CfLxcK"
"edmee.joyner@edu.tbz.ch"|"G5hFEg-cZaQ2i-Q9fQRS"
"berengere.edess@edu.tbz.ch"|"bGSP0u-dVJIoj-xxz0NL"
"marie-noel.goward@edu.tbz.ch"|"u48U3l-v1LZbB-w6ZAh9"
"ju.edmons@edu.tbz.ch"|"VJCAPU-nr$dCy-WpVUIx"
"frederique.airds@edu.tbz.ch"|"nQLhno-oNRtXU-wKtZC1"
"reserves.dauby@edu.tbz.ch"|"COuCZR-M$w@9k-%ehNBA"
"hakan.gynni@edu.tbz.ch"|"VgSceU-XX#tUx-3rUG$%"
"leonore.pinwill@edu.tbz.ch"|"$66vai-pcEcIs-6zgpSx"
"marie-eve.mcallan@edu.tbz.ch"|"Ldh5fS-$9@L95-EqnW0L"
"naelle.yeabsley@edu.tbz.ch"|"idpiLk-T9eN$$-s&6Pkt"
"nelie.jacobovitz@edu.tbz.ch"|"OZDt$n-eMCFvG-8X5I$@"
"adele.conelly@edu.tbz.ch"|"CFR$TZ-9RtV&M-I8$cM%"
"clementine.dondon@edu.tbz.ch"|"V2jW8g-mI#UV$-NSBUE6"
"zhi.willcot@edu.tbz.ch"|"qLyNah-svJNgN-zYfLd5"
"chloe.janicki@edu.tbz.ch"|"ePze5S-vHSo@G-Jvotou"
"meng.linde@edu.tbz.ch"|"kOVcta-yfdHO5-7DcXy2"
"celine.janisson@edu.tbz.ch"|"uE%2rK-VzXBAZ-Z$UYsw"
"clelia.crow@edu.tbz.ch"|"vvVEbM-DNJDVQ-z9cfTE"
"cecile.pyott@edu.tbz.ch"|"8JRugG-ZH2vAB-eP9Jmd"
"ma.fidelus@edu.tbz.ch"|"r3OBRr-QeMHZ7-c$mBZo"
"marie-helene.poore@edu.tbz.ch"|"OdJvnL-WruT1h-2NAvQ0"
"elies.blanket@edu.tbz.ch"|"2820$f-u407hk-w$N@kV"
"yu.boyer@edu.tbz.ch"|"FFmbp4-F6T@h9-S6vNh1"
"celia.welds@edu.tbz.ch"|"AU#dek-PnVvTW-eB2Bzj"
"du.gunney@edu.tbz.ch"|"9R$7TD-LNLJl0-eMrX9y"
"goerel.crush@edu.tbz.ch"|"Ts1goc-UA%Q30-24Vc9i"
"marie-josee.brosius@edu.tbz.ch"|"dJtrha-M@k6io-%A#cQh"
"camelia.adds@edu.tbz.ch"|"P8X5ca-3iBOmH-sWOYyY"
"anae.irwin@edu.tbz.ch"|"O4&r1j-HQ$HDc-%Keh7a"
"cleopatre.skeffington@edu.tbz.ch"|"QVEYnV-ZIs0Ij-SDEMcU"
"gerald.suggate@edu.tbz.ch"|"LwAI%V-bSr&Uz-J4F%of"
"laurene.tailour@edu.tbz.ch"|"#THRtu-yI#CCM-iSjxf3"
"amelie.hoble@edu.tbz.ch"|"Y@7QNg-cLrO5U-HM1Xg1"
"venus.getch@edu.tbz.ch"|"Wj3Pq3-z0gQdq-qJ&V4r"
"renee.treby@edu.tbz.ch"|"olAe%O-LhtsoA-2ezGVh"
"almerinda.stait@edu.tbz.ch"|"jJX5tN-ajShwl-N%T$CS"
"andree.reddecliffe@edu.tbz.ch"|"Q#q@fl-Kwk$Nj-h8&ANx"
"leone.wintle@edu.tbz.ch"|"D@@tEA-2qB#wp-FKhJaX"
"gerald.fellow@edu.tbz.ch"|"Xzi0pp-#rvdl4-exsjwF"
"ju.gudger@edu.tbz.ch"|"Qcig6W-EUC7qF-VTl#P9"
"meng.ohaire@edu.tbz.ch"|"oeMS22-x%0Djm-2o5D4L"
"cleopatre.missington@edu.tbz.ch"|"6I88KZ-NoSKMN-sYN1sY"
"annotes.debruyn@edu.tbz.ch"|"jEhqyb-zsZ0FP-zv#si%"
"gerald.sinisbury@edu.tbz.ch"|"ZmzD#$-i&Kf$7-1xx2pk"
"creez.slora@edu.tbz.ch"|"$fgr0v-EnYsOO-fK$t#1"
"gisele.benbow@edu.tbz.ch"|"j#5sel-STpw5D-d1ut1@"
"pal.dossit@edu.tbz.ch"|"$30#rt-ySZcw1-Ulzczq"
"nelie.stirrip@edu.tbz.ch"|"6NbWE3-9hbmTb-YEEwhP"
"alois.ocrigane@edu.tbz.ch"|"oBpqgI-lpv@QK-&gskMo"
"kui.mcterry@edu.tbz.ch"|"CJ3D7w-HyRhpo-ZM9kFU"
"long.willgoss@edu.tbz.ch"|"8jUMct-8reYuq-Ujo2cD"
"francoise.sumpner@edu.tbz.ch"|"rbQ5Os-$d2CNL-nDpwDC"
"maely.grinstead@edu.tbz.ch"|"$ERF%k-YIKBen-Pbc@mm"
"creez.langeren@edu.tbz.ch"|"rtZvQZ-TmkxN&-vCuCjs"
"adele.dungate@edu.tbz.ch"|"5Y4hof-JAoN3@-#3cQHd"
"cleopatre.noirel@edu.tbz.ch"|"eCQDXD-$OQmxC-WGQtzk"
"interessant.daverin@edu.tbz.ch"|"y9nuEs-A5NVf7-c743M$"
"naeva.kalderon@edu.tbz.ch"|"@cRuok-kuhKp3-iPGp9Z"
"anais.oshesnan@edu.tbz.ch"|"$K2RA$-T336&s-4aSjt$"
"judicael.anelay@edu.tbz.ch"|"$HiH9G-mdzyTo-6LoTzc"
"eloise.braxton@edu.tbz.ch"|"&&6KuY-Xoq0eA-2UVjf9"
"desiree.greguol@edu.tbz.ch"|"Ro67bj-ffg5dq-d&WvJM"
"maite.mcclenaghan@edu.tbz.ch"|"ngZFd@-U#Wq6c-Ejn4yt"
"meng.doret@edu.tbz.ch"|"iNmIim-XnVFJM-5jT&Ii"
"frederique.chippendale@edu.tbz.ch"|"5lZeo&-ifc&WR-Fx4T9m"
"andreanne.lanney@edu.tbz.ch"|"km5t1c-TTStK%-J3PoSK"
"aurelie.claus@edu.tbz.ch"|"86n8h&-5Msq0p-Gmhs8D"
"renee.pabel@edu.tbz.ch"|"$WHj%x-HtKsNX-@KDYWn"
"maena.roust@edu.tbz.ch"|"Ul1WYo-82MJ&u-oUWFMa"
"nadege.carwithim@edu.tbz.ch"|"cAd6fg-Tan&fE-1cLB6%"
"solene.geyton@edu.tbz.ch"|"&eb3op-y01AE%-3Savc8"
"dafnee.avraham@edu.tbz.ch"|"Luh9lo-X7iwg0-HsBOt&"
"leane.woolvin@edu.tbz.ch"|"FoFg7S-NFtkMx-pVwPQ0"
"adele.macadie@edu.tbz.ch"|"F4cLKD-F43IER-Nsxh$f"
"meline.rubica@edu.tbz.ch"|"O1%ToC-&pq2Lq-fL&6Y@"
"marie-noel.speeding@edu.tbz.ch"|"NsDH#5-#V27Tz-X%B9Zb"
"nelie.mix@edu.tbz.ch"|"xarwtk-MR2Ygp-CqWuBH"
"clea.ollett@edu.tbz.ch"|"TcI&H9-B$OJkI-7bAP0f"
"leandre.mcgavin@edu.tbz.ch"|"9w4E%l-xvyb5f-aOIMG5"
"cecile.behne@edu.tbz.ch"|"I9z48O-BCVT2@-bKua0s"
"melanie.polle@edu.tbz.ch"|"BkLUPw-wm5Emb-JSks1u"
"marie-josee.titmuss@edu.tbz.ch"|"MZ3Y#5-N0Mf&g-4U6BIb"
"helena.guest@edu.tbz.ch"|"xK6DKI-ITX53@-QHHQgX"
"annotes.chicchetto@edu.tbz.ch"|"PSvlGj-4J7jrl-PoLzj0"
"melia.tubb@edu.tbz.ch"|"uKLpy&-FKG#4k-Dj6IAb"
"angelique.casetti@edu.tbz.ch"|"$5FHTO-BdCore-gw5uI1"
"cunegonde.cleall@edu.tbz.ch"|"mX&24t-lT4F9o-tXG5p#"
"camelia.oaker@edu.tbz.ch"|"2HSb%g-Gm5o5v-SI#QQ7"
"you.searight@edu.tbz.ch"|"jxgi&s-UkPmUv-yCsaqt"
"kevina.dederick@edu.tbz.ch"|"vMd6ou-i5N6Oo-SuycVI"
"milena.jeffrey@edu.tbz.ch"|"VNcB7Q-BNIHcO-pIlSQl"
"melodie.barkshire@edu.tbz.ch"|"36Ozff-Hw#Blc-lNbko0"
"gaelle.kreutzer@edu.tbz.ch"|"j&ggqQ-sFjZ9q-QnBpAn"
"kalliste.kleinpeltz@edu.tbz.ch"|"s4DtuT-offKmV-fZd7Jg"
"clementine.danat@edu.tbz.ch"|"5f6pQo-%BfTv7-z8CaPr"
"andrea.wabb@edu.tbz.ch"|"l6Lal&-NaZope-OLPNAk"
"geraldine.piesold@edu.tbz.ch"|"dUXmZ$-WJlRPL-x3C%#D"
"tan.fiveash@edu.tbz.ch"|"axOrNk-&@HwO7-8nH0aY"
"meline.yuranovev@edu.tbz.ch"|"aw6SUc-pm#WGf-@okl8c"
"therese.holme@edu.tbz.ch"|"9x6f%H-Z51n8X-ZV#Nu5"
"salome.vaney@edu.tbz.ch"|"8f355Q-dkO%qc-REX$J#"
"anae.abramson@edu.tbz.ch"|"FOTC58-L4$HBD-G%rjd0"
"kalliste.jimson@edu.tbz.ch"|"hkHtA1-LyR7lb-ztGfxJ"
"selene.yole@edu.tbz.ch"|"6KGvgp-gF1UnK-m@WXT%"
"agnes.defraine@edu.tbz.ch"|"TYc&Kf-HrO0PG-Jvldgu"
"faites.mccluin@edu.tbz.ch"|"T%U$5p-mt5PxP-1hG3$w"
"athena.deme@edu.tbz.ch"|"zl7SyF-GOqblN-fg8Hqc"
"daphnee.brigstock@edu.tbz.ch"|"y%k6wL-B&@&uw-369656"
"goesta.skaif@edu.tbz.ch"|"HfUqYt-SBvEq5-2e#zVy"
"oceane.jagoe@edu.tbz.ch"|"3BV3Tx-g9JjN4-RWhV6d"
"annotes.broomhall@edu.tbz.ch"|"GzcWGX-0h9sjv-MFIMkJ"
"marie-eve.ballendine@edu.tbz.ch"|"0HjjWS-MMrl7p-DrLsIB"
"melina.spykings@edu.tbz.ch"|"$DwcUZ-z4f7Ke-NXu4Ce"
"laurene.ticehurst@edu.tbz.ch"|"rlIpMp-9EFf#W-iTplp$"
"fei.avramovic@edu.tbz.ch"|"xhB8Fj-B9c2CA-iymPf8"
"publicite.strathearn@edu.tbz.ch"|"gkytrM-$awpiN-NEwsZ0"
"torbjoern.garrow@edu.tbz.ch"|"9RT6AT-x6A2Wl-yTpG@q"
"chloe.rubinsztein@edu.tbz.ch"|"GQoxhJ-yO73S3-fCREyr"
"mylene.demanche@edu.tbz.ch"|"oFw4I3-53HQ$4-%$oKRV"
"mediamass.godlonton@edu.tbz.ch"|"WGcIe2-x4sPaV-XmOX#z"
"renee.shurrocks@edu.tbz.ch"|"D&v2EF-GZXPqP-%%01BP"
"maiwenn.jedras@edu.tbz.ch"|"rVUp$s-wuph04-osdg5M"
"genevieve.castells@edu.tbz.ch"|"Y%yCQ8-0pkklM-mlQbkU"
"renee.sneden@edu.tbz.ch"|"@BGyoz-3NDJtm-mItOKr"
"lai.mccallion@edu.tbz.ch"|"itQoKI-BbVRiY-D5Zp%9"
"kevina.impleton@edu.tbz.ch"|"D6xJXZ-P8by2f-muoEwL"
"oesten.fresson@edu.tbz.ch"|"ktbvRp-5n$9hv-4p7K#n"
"verane.shawley@edu.tbz.ch"|"1oclGo-La$&HW-&Q33Gq"
"uo.sjostrom@edu.tbz.ch"|"S18rd2-WH5bLu-4Pgj7M"
"gisele.gothup@edu.tbz.ch"|"S1@Cf0-1#ZB9d-8EH4r9"
"renee.beauman@edu.tbz.ch"|"the#o3-wXUCM0-@khhZn"
"elies.loton@edu.tbz.ch"|"UMc4c9-pV8&L%-9hPW1C"
"valerie.elsmore@edu.tbz.ch"|"v8jn$L-JV6q1V-U7loBV"
"berangere.delafeld@edu.tbz.ch"|"mVABek-647I2p-Niffft"
"bjoern.schimke@edu.tbz.ch"|"@oh7zO-SUEhPc-fqHD&Q"
"loic.ericssen@edu.tbz.ch"|"&H@pfK-0$&r6E-F$xlsI"
"creez.richarz@edu.tbz.ch"|"cP&TO5-W8or9K-8v53gS"
"athena.grocott@edu.tbz.ch"|"pGbMY7-RhH&Gc-s84t1U"
"naelle.piotr@edu.tbz.ch"|"e1ApDZ-UZfDtP-E3uqJC"
"maella.paulson@edu.tbz.ch"|"wqE4fK-m#ygmj-fCMncQ"
"song.perot@edu.tbz.ch"|"23iz%O-B1Vokd-mIGMpp"
"kalliste.heckney@edu.tbz.ch"|"ghaQZW-d20kel-hJitCL"
"ake.vasyutkin@edu.tbz.ch"|"r3%rBG-&mtXkO-W&xwvi"
"ma.castles@edu.tbz.ch"|"6EMALG-DWy00T-ycI2gN"
"maely.monget@edu.tbz.ch"|"cqT7uc-ghZ$2Q-waJEhz"
"tang.durbridge@edu.tbz.ch"|"DG@ujd-&nw4a&-H40igO"
"laurene.andrew@edu.tbz.ch"|"j51i9r-ihFhHE-1V4Tik"
"lysea.beacon@edu.tbz.ch"|"#R@NLq-@EnIdd-Bs3JKh"
"leandre.peyntue@edu.tbz.ch"|"$HszZ&-JvMDwJ-ZPvIda"
"rao.trever@edu.tbz.ch"|"HkBxcz-P5YPfI-u95hh#"
"mahelie.streader@edu.tbz.ch"|"82sLHk-5Bv&FB-4hKUdy"
"maerta.andrejevic@edu.tbz.ch"|"3KbAaI-4cCE57-jz8CjN"
"goesta.tompkins@edu.tbz.ch"|"W0pxpC-xJ1jeF-AL1Jxd"
"helena.agates@edu.tbz.ch"|"6eGeUY-dlkAhM-ORNdyb"
"therese.glass@edu.tbz.ch"|"$vlVaS-FNmtaP-ARAMdP"
"alois.foan@edu.tbz.ch"|"#6jYOc-JBxKoB-%IeN5G"
"becassine.melchior@edu.tbz.ch"|"RLy9$F-YfsTRu-lQ5wyY"
"cloe.robart@edu.tbz.ch"|"&uZM$J-em0NZk-rk6AbR"
"daniele.puckinghorne@edu.tbz.ch"|"wveqOu-lIuK24-9IUBEo"
"selene.cammidge@edu.tbz.ch"|"H&16#p-pdQ%2z-ccYvqS"
"regine.conochie@edu.tbz.ch"|"5LXK#j-D$qiQF-3kvxb4"
"interessant.tuiller@edu.tbz.ch"|"SszvP3-T5r@0m-W%42IA"
"long.tiebe@edu.tbz.ch"|"peyRYm-DyXU6Y-0iwB7q"
"mans.yele@edu.tbz.ch"|"KyQ87N-cfN4sk-4ROph@"
"ai.giles@edu.tbz.ch"|"2lMqGH-RbRST6-zqKEk0"
"gaetane.hamberston@edu.tbz.ch"|"V8AIj&-05bXMH-Fmht%H"
"marylene.fenix@edu.tbz.ch"|"92@D4%-9fSM#X-U3rhHz"
"geraldine.graeme@edu.tbz.ch"|"AnBNwo-mIFG&F-sZwIYr"
"tang.kinglake@edu.tbz.ch"|"RABoe4-MQc0wE-x%M6sj"
"lai.challoner@edu.tbz.ch"|"zLiS$a-nF66a&-YsoSX6"
"desiree.mattei@edu.tbz.ch"|"fBlx@W-H3kbFj-ZUoSD@"
"ake.erley@edu.tbz.ch"|"BE5#ds-fK&6kd-HCjyWb"
"edmee.cavil@edu.tbz.ch"|"mtlb6L-ekPBpI-Om8SgP"
"alois.moyes@edu.tbz.ch"|"uwE8vB-N2e0qP-XbpT$K"
"becassine.pitman@edu.tbz.ch"|"QdJsAo-lD7$Mx-7OgTz1"
"ai.giacovelli@edu.tbz.ch"|"W&dCMI-dOpoix-plMI5z"
"judicael.fruchter@edu.tbz.ch"|"kt&sBp-ClSVQt-nBKp80"
"mans.mogg@edu.tbz.ch"|"Q@VIYl-N9TTOh-E@6CNQ"
"gerald.foyle@edu.tbz.ch"|"qrVUCB-FDOhdm-T7bewB"
"wa.androletti@edu.tbz.ch"|"h%NxJw-kBEDMn-u$k4Bh"
"meng.ollett@edu.tbz.ch"|"Z@R1P&-aWhYIS-D2PUy6"
"naelle.macmenamy@edu.tbz.ch"|"OdD8k8-bBifKL-COCdzU"
"gisele.mcramsey@edu.tbz.ch"|"xcy%u%-C4eRCK-YmpDIL"
"meryl.scolts@edu.tbz.ch"|"IXNkRP-MeF6Ag-NetjYZ"
"celia.bloxsome@edu.tbz.ch"|"zG&07v-rGUV%d-WYZOWe"
"styrbjoern.stuke@edu.tbz.ch"|"4PmXio-&gfwi@-oa2cOb"
"felicie.gwilliam@edu.tbz.ch"|"MwR$&7-8SX&LV-XQvcFl"
"da.harms@edu.tbz.ch"|"cXrF$w-v&hkAb-xEMtbi"
"celestine.baulk@edu.tbz.ch"|"ISWI$6-Tq8vhz-gxzJU6"
"mahelie.blackledge@edu.tbz.ch"|"L4TLZ2-#liRIM-6hEbzt"
"meghane.salt@edu.tbz.ch"|"&3u0ep-0WFJOz-Y1hMKF"
"methode.paxeford@edu.tbz.ch"|"FmsHqD-&98Jep-up7@bw"
"asloeg.milligan@edu.tbz.ch"|"rmNCX0-nbJ723-WqB&wu"
"you.pellman@edu.tbz.ch"|"PA$NIU-$hG$oW-V6JgIF"
"loic.regenhardt@edu.tbz.ch"|"NiLUqV-79wLZU-ugc5wq"
"daniele.savill@edu.tbz.ch"|"cT$#@b-o3F8oY-&aM%H6"
"alois.cornu@edu.tbz.ch"|"DRS9e6-fo@0hK-%EEVRx"
"oesten.govey@edu.tbz.ch"|"Dib%B4-BALUP1-7&cmj6"
"marie-eve.louch@edu.tbz.ch"|"DfDQcG-anW@La-ROiF$$"
"theresa.wenn@edu.tbz.ch"|"VQa2p8-SgW2DF-3YtR1k"
"andree.eul@edu.tbz.ch"|"JKyy0A-kWyttn-qbpLWP"
"lie.paynton@edu.tbz.ch"|"j$SyGS-@BWeBa-C$x2QO"
"marie-eve.girodier@edu.tbz.ch"|"tjquOo-2Y0Duf-@fkt1T"
"marie-noel.smithe@edu.tbz.ch"|"zJvBQ%-0MCT$R-iAGkci"
"men.bootyman@edu.tbz.ch"|"SydYw8-AMtc54-1b6cEy"
"ku.sugg@edu.tbz.ch"|"8hKQVu-MQ9UZ7-2HQLTl"
"lucrece.roseman@edu.tbz.ch"|"64qvz5-#DR03F-qt%Xq1"
"zoe.annear@edu.tbz.ch"|"vwRTOo-LD7ruH-4jxdMr"
"marie-helene.rennebach@edu.tbz.ch"|"0aNNm8-HMy5%T-#6wZyX"
"lea.djurdjevic@edu.tbz.ch"|"fgmAm&-&WrEhb-Nj0U5S"
"goerel.robert@edu.tbz.ch"|"2M%oz3-j5Ae1Q-GFgQKa"
"mylene.foldes@edu.tbz.ch"|"HvSatw-YJVVUz-&E36NI"
"faites.clegg@edu.tbz.ch"|"h@aAh0-kT7IeF-87J%BK"
"marylene.crowcher@edu.tbz.ch"|"St7%ps-HVmQyi-PwDNgt"
"aimee.wimpeney@edu.tbz.ch"|"YGfTzC-3y5QSB-vb$ozW"
"renee.atkins@edu.tbz.ch"|"5$Pv5s-HR8v3N-HBWLoe"
"rejane.cainey@edu.tbz.ch"|"vDqcCT-VvXJig-elkDd5"
"solene.britney@edu.tbz.ch"|"#84oi6-%hh5Jr-fdt1E0"
"marten.shatliffe@edu.tbz.ch"|"Vse5An-tw#RTz-#DOs%k"
"maite.issatt@edu.tbz.ch"|"Zc27OT-eU3C&#-ynZX06"
"maelyss.edon@edu.tbz.ch"|"$ZjFol-GkCrDH-53mvl7"
"nuo.bamling@edu.tbz.ch"|"E$x2Sx-0$t6BC-0qW%@y"
"anais.edards@edu.tbz.ch"|"crRHVV-sBwYZJ-nR0CXj"
"mediamass.bromet@edu.tbz.ch"|"TlBDXA-E8#ULh-IKs4x4"
"beatrice.kimbrey@edu.tbz.ch"|"uXu$yT-u%3jmW-d$wqNW"
"ines.lawranson@edu.tbz.ch"|"6f1@Gk-O#tSY2-xtT9hA"
"kalliste.scandroot@edu.tbz.ch"|"am3b&b-&@9MDH-WaBLWw"
"mans.barrowcliffe@edu.tbz.ch"|"oXQ8hb-DhpdCx-UJtAhh"
"irene.couves@edu.tbz.ch"|"j59VNJ-FPJpnv-JSU3rg"
"milena.mucci@edu.tbz.ch"|"JjxeGH-uf4Qiw-oL9HG%"
"naeva.cow@edu.tbz.ch"|"Ev6Oia-fzK3N@-7cKkHY"
"audreanne.mournian@edu.tbz.ch"|"KEcfnF-LDc5zr-gaTn@#"
"melia.sinnatt@edu.tbz.ch"|"m5TXIS-rn83CZ-eJuaNd"
"nelie.burnard@edu.tbz.ch"|"CtIvk#-80GIJE-eIljG3"
"clelia.ashfull@edu.tbz.ch"|"Jtapa7-0cQWRq-rx%E9E"
"lie.macard@edu.tbz.ch"|"2LFvbC-KK8Gak-12khSm"
"valerie.matoshin@edu.tbz.ch"|"MxcXuw-xRffqB-Febfoh"
"anael.hatherleigh@edu.tbz.ch"|"bWnA5f-4iy@1s-GTFIPT"
"interessant.warratt@edu.tbz.ch"|"T9&OUX-Ro2ivh-#r$Xl5"
"eleonore.volage@edu.tbz.ch"|"Z5Urdn-ziCTZ0-ZryYY5"
"zoe.stebbing@edu.tbz.ch"|"rmRT4U-HZZn#a-CWnyO8"
"alizee.nye@edu.tbz.ch"|"i83Bl0-deYhK$-cInLJR"
"celestine.bramley@edu.tbz.ch"|"HTUrsW-oFOMIC-PHn4gO"
"selene.philcott@edu.tbz.ch"|"5uOy9A-4U@Ql&-NijVy9"
"tang.newens@edu.tbz.ch"|"Wl1&wr-4VEenX-xrqTwO"
"annotes.powys@edu.tbz.ch"|"hpll&J-l%nT#U-D4q8XQ"
"lea.matthesius@edu.tbz.ch"|"7bORxh-pboWFo-z$pYrP"
"illustree.garlett@edu.tbz.ch"|"FJaa2t-bw7srp-jak9lt"
"maiwenn.meachem@edu.tbz.ch"|"87&s%z-A#hRlh-lgW5cX"
"marie-francoise.mcbrady@edu.tbz.ch"|"uUI2%s-Jc$vFo-XytpGG"
"illustree.gimbart@edu.tbz.ch"|"JWWhU8-EknxYR-8dicET"
"melys.lyosik@edu.tbz.ch"|"435wOp-vZ2@jh-QHI3tA"
"marylene.mcnab@edu.tbz.ch"|"BavpIB-8$ZCCg-b3$UDc"
"gerald.blount@edu.tbz.ch"|"L$tc@x-#9pppJ-RYdxrY"
"clelia.shakelade@edu.tbz.ch"|"NNsxIw-82Nmgb-#Zu$bE"
"penelope.cridlin@edu.tbz.ch"|"zUmb6n-7e8#F$-al#9dc"
"maena.okuddyhy@edu.tbz.ch"|"STtylF-iTUqk2-oeIz7z"
"athena.keynd@edu.tbz.ch"|"q6nroz-ygVDk1-jcA1Lf"
"cloe.dwine@edu.tbz.ch"|"sB1N4A-zeHXuo-@Z%gV1"
"josephine.browett@edu.tbz.ch"|"iwPq@2-1cJ57W-Of$wSO"
"audreanne.oscanlon@edu.tbz.ch"|"dTcl5r-1tYKrc-bGMgvs"
"fei.jeanequin@edu.tbz.ch"|"3scsYR-p@LoCf-1fmnVj"
"lois.gormally@edu.tbz.ch"|"oELgNs-QAfG#%-$qxv6n"
"marie-francoise.finnigan@edu.tbz.ch"|"rpasw%-QVzx#C-Ht#$%k"
"leonore.trussman@edu.tbz.ch"|"qNj$Ne-YLsvzU-k8%xgU"
"anaelle.trumper@edu.tbz.ch"|"hbHaLo-$DJuQx-jIugri"
"clemence.dionis@edu.tbz.ch"|"n&d8t6-c5ddKV-Ojrf8z"
"lois.tranmer@edu.tbz.ch"|"$6AT0l-%y8&Qt-uv1QFX"
"interessant.volett@edu.tbz.ch"|"XIA8rm-V@FfyV-r&upbu"
"personnalisee.deackes@edu.tbz.ch"|"nI@AdB-%#dxIh-6qmIgG"
"lie.vasiliu@edu.tbz.ch"|"mw05D&-JnsQ5K-SEWV&V"
"dafnee.lamputt@edu.tbz.ch"|"1kIEcW-uY8@LL-DItY9d"
"elies.bromige@edu.tbz.ch"|"YnV4tM-14f%p$-MY0WP3"
"helena.klosser@edu.tbz.ch"|"LLlGAM-@efldV-R9wLXb"
"andree.grim@edu.tbz.ch"|"%XygXf-MPqy6V-ll5obz"
"verane.coldbath@edu.tbz.ch"|"Dwki#s-gBDwYw-Z24xQa"
"helena.bethell@edu.tbz.ch"|"Y0cCDB-2vpEZe-uPO$&0"
"kalliste.carefull@edu.tbz.ch"|"C@50%h-ktf1y8-12e5Xx"
"regine.odams@edu.tbz.ch"|"psqFME-tlp0H#-ZE&nFs"
"len.stannus@edu.tbz.ch"|"Fdg&MI-SwwtJE-1A@5mz"
"angelique.works@edu.tbz.ch"|"DPAVbA-vJZtOA-HeQ70c"
"goesta.rheaume@edu.tbz.ch"|"l5%Hnu-AsQCUA-8no4gt"
"maelys.tynnan@edu.tbz.ch"|"hBknyN-VHu3Tq-%T6Nz#"
"maelle.carlesi@edu.tbz.ch"|"AO9M9&-diU6Jm-3SHX7b"
"anael.spurden@edu.tbz.ch"|"CH&xF2-6doVJq-sBp8WW"
"helene.pumfrett@edu.tbz.ch"|"TfWoUs-aUBwxN-3xWPJG"
"goerel.pearn@edu.tbz.ch"|"XldK16-xAl%sA-4sfG9$"
"laurelie.dezamora@edu.tbz.ch"|"l%G4J%-hFC9tw-WNN1@j"
"yao.twidale@edu.tbz.ch"|"I$IFqN-%#IwI8-#%6&J3"
"berengere.sola@edu.tbz.ch"|"Nt8UdQ-1g$UsT-gNJUR4"
"maelann.hardistry@edu.tbz.ch"|"9XZtZk-EDysGp-rsa8Ch"
"severine.littlefield@edu.tbz.ch"|"5Al9fK-m&%&Cx-AvsZP5"
"salome.heinl@edu.tbz.ch"|"Zc%$#H-52P&Y&-HQQmAg"
"meryl.warbey@edu.tbz.ch"|"o#k2tV-$uIv$b-NYKLtt"
"da.hunstone@edu.tbz.ch"|"596S3Z-vRJVHy-yFcwGN"
"venus.broadbury@edu.tbz.ch"|"7LYemE-35GTBx-@SJKNO"
"meghane.rentelll@edu.tbz.ch"|"R2d1Le-OgTMBw-j2Pukj"
"marylene.drewitt@edu.tbz.ch"|"Px1pBq-A6w#Y4-2gp#Dz"
"melinda.jacquemet@edu.tbz.ch"|"q@pJNb-MjWhuo-1jqnH7"
"marie-josee.keyden@edu.tbz.ch"|"ixs%C3-7ZcRQi-xpXLx2"
"asloeg.montacute@edu.tbz.ch"|"Ifs1$2-RDZ11q-AOM$RU"
"ku.andreou@edu.tbz.ch"|"bToJhZ-l9jsbA-CWxYbi"
"personnalisee.feaveer@edu.tbz.ch"|"sbE&kU-pOyQ@I-g3A8vN"
"laila.emptage@edu.tbz.ch"|"%ohtj0-IUNmdR-GDrphI"
"bjoern.dawdry@edu.tbz.ch"|"aU8BI@-7rdaSR-s53X97"
"marie-eve.dinsell@edu.tbz.ch"|"9r&tgn-Wwyylr-U51YzN"
"helene.follett@edu.tbz.ch"|"3sio5T-zw$bFW-BpMK7E"
"penelope.cordero@edu.tbz.ch"|"kdxvca-Jv%kXi-euMtqj"
"boerje.beedell@edu.tbz.ch"|"W08XDO-0qTOna-4ir1Dl"
"nelie.ferne@edu.tbz.ch"|"Ok1v@O-Q%tTAo-uudODD"
"celine.ahmed@edu.tbz.ch"|"5ol8Yb-$AS$6N-N2D6HN"
"stevina.pimblett@edu.tbz.ch"|"LDxvKA-cV&ZMm-dkd&nj"
"chloe.langlands@edu.tbz.ch"|"0381NW-k&XVVg-Y$ZwMe"
"simplifies.maude@edu.tbz.ch"|"OAidpS-S$to@#-EDcpQ5"
"genevieve.decarteret@edu.tbz.ch"|"xLtyYa-J9yqpi-OstBJZ"
"marylene.mughal@edu.tbz.ch"|"6S8Bn2-O#qqh8-@C8oJP"
"goeran.guttridge@edu.tbz.ch"|"G36rvM-0ba%LP-CM&2RD"
"michele.smurfitt@edu.tbz.ch"|"ahWUEP-NT@Rgs-DkhSb6"
"methode.hadeke@edu.tbz.ch"|"YOJQYM-vg0QP9-&$&vax"
"therese.rispine@edu.tbz.ch"|"pNVIq2-%fwD@s-$BV3em"
"goerel.plumley@edu.tbz.ch"|"EcYIMW-#f5Yqa-zCOOnJ"
"oceane.friett@edu.tbz.ch"|"tTFgjN-q62#hu-%NiegY"
"marie-noel.achromov@edu.tbz.ch"|"g9ghOu-36NGdp-1bVpO5"
"dorothee.storek@edu.tbz.ch"|"DsTy#4-tX9h6S-lI5oq9"
"goesta.whittle@edu.tbz.ch"|"QITrAp-LsTX$o-kTy@tW"
"desiree.casely@edu.tbz.ch"|"m$Y4nn-b&1OTA-CSDXBg"
"felicie.condon@edu.tbz.ch"|"uHt5#z-2N#b7Z-yMcehV"
"maelyss.frisdick@edu.tbz.ch"|"bIlRCh-MV8njU-YgZ$WF"
"aimee.banke@edu.tbz.ch"|"0W1BqG-RS2bQW-1xKcd1"
"naeva.hodcroft@edu.tbz.ch"|"nPqYdV-TPDraF-5iBEHK"
"laila.gerrans@edu.tbz.ch"|"x43zI%-W13Fi@-8dF&nQ"
"daniele.scrimshire@edu.tbz.ch"|"PAu4Sa-wqK#xK-bnAf$Z"
"daphnee.sheerin@edu.tbz.ch"|"veN%dH-1PZaAF-MPGDPf"
"pal.vanyukov@edu.tbz.ch"|"BZFkEt-R7R$H9-q9RHFU"
"zoe.childs@edu.tbz.ch"|"1h5$Oo-PEgJbR-cUiA6Q"
"ai.corde@edu.tbz.ch"|"Z2gjUB-#9Cul7-slrH$O"
"maelys.berryann@edu.tbz.ch"|"EMBEDY-718fqk-h4%7lT"
"cloe.gladding@edu.tbz.ch"|"qPYS$e-@gXMv4-$g5YkN"
"wa.kinnaird@edu.tbz.ch"|"nXePnp-TPcF6h-PNzDnG"
"publicite.brittoner@edu.tbz.ch"|"0L%U5B-4cm%O5-In1Bxd"
"rao.windress@edu.tbz.ch"|"CWr1#y-1Qp@Ie-Xf&aDy"
"uo.kollach@edu.tbz.ch"|"S9HDIo-VZgJpP-ASMr1u"
"josee.peskett@edu.tbz.ch"|"S2sYx2-E58gjy-yyrPOZ"
"annotee.hasel@edu.tbz.ch"|"M%YWjB-MwaT58-UEPKa#"
"cinema.lee@edu.tbz.ch"|"JsJIO$-Dh5&HU-ZXc8qT"
"lai.vedeshkin@edu.tbz.ch"|"SbxR&Y-baPbLX-&6Z@7q"
"renee.brisbane@edu.tbz.ch"|"UqUTSF-99AmWd-nFqJy4"
"ophelie.blincoe@edu.tbz.ch"|"1FeRcR-WEo84J-mStPpW"
"zhi.prazor@edu.tbz.ch"|"GlOeDX-mLONi5-VOIOTo"
"annotee.maddicks@edu.tbz.ch"|"EMhgt@-DKsRbF-HJOJd0"
"maelyss.codd@edu.tbz.ch"|"ZA#Q0X-LX$Otx-BOaWZe"
"celia.peplay@edu.tbz.ch"|"lEyX3q-OfaBNW-T1taPb"
"interessant.skone@edu.tbz.ch"|"d8zTKs-@$bmmT-ZsQRbW"
"audreanne.hebdon@edu.tbz.ch"|"RuFqOf-mUVIW6-r&&Cqr"
"oceane.glen@edu.tbz.ch"|"Reh6LE-AsZ9eZ-B8YSXw"
"daniele.vanyushkin@edu.tbz.ch"|"ZqspTo-O1Jk9m-erChSo"
"daphnee.ayce@edu.tbz.ch"|"FbTCsB-KS@ROy-tpVDsG"
"andrea.attride@edu.tbz.ch"|"UsFEOh-fFLyMg-@sQl37"
"penelope.bridgwood@edu.tbz.ch"|"e6Q9Ai-1O#elF-P@okJ&"
"mailis.drewitt@edu.tbz.ch"|"$taaaq-eD@7oq-uOjge8"
"penelope.mollene@edu.tbz.ch"|"XskgvN-a6$cAd-91SQOM"
"illustree.keely@edu.tbz.ch"|"nn@Yr4-lP3FDD-zNjQd&"
"meng.brisseau@edu.tbz.ch"|"X@Jn&f-Hs#uRI-k5TS$Z"
"ruo.cleiment@edu.tbz.ch"|"G5&Pff-$V6k$3-&unFvK"
"maite.krammer@edu.tbz.ch"|"69kZ1r-U0J#O&-idPq%Q"
"genevieve.verry@edu.tbz.ch"|"2x@ryS-BmaUgR-Kj$$&D"
"lea.olochan@edu.tbz.ch"|"00L5tU-LCi$Cl-WbRNF2"
"naelle.brunnen@edu.tbz.ch"|"jU&5$L-boG$8F-Vzn7GA"
"goesta.bragginton@edu.tbz.ch"|"iFCDAp-gZlNkg-VZnbUl"
"fei.danilyuk@edu.tbz.ch"|"eJjYUP-NCm6&@-#R@tB2"
"adelie.turbitt@edu.tbz.ch"|"y0Fcj4-H7uWwX-&PJsFV"
"marylene.nutman@edu.tbz.ch"|"q#k7vP-%UPcmo-zZJ%va"
"therese.barbrick@edu.tbz.ch"|"DsFP1q-fBxRqF-c9&Bc@"
"melys.kolodziej@edu.tbz.ch"|"pTjPWQ-YCvYZs-$Q@l1k"
"melanie.runchman@edu.tbz.ch"|"98l8h#-8&LO3G-nY6h8a"
"serena.lafond@edu.tbz.ch"|"wko4#d-sPMrwb-gx8oh8"
"pelagie.desmond@edu.tbz.ch"|"9xMOo%-9OyAKq-m$l2G7"
"wa.spickett@edu.tbz.ch"|"MCZbMf-iMctPz-LPvXJ$"
"po.shave@edu.tbz.ch"|"T8yQNg-XLMd0T-I9gNOh"
"song.huikerby@edu.tbz.ch"|"eI0ZMK-Pw5QYH-Mw&mlV"
"melinda.bimson@edu.tbz.ch"|"U1n@yY-fdkbTT-4Nvi@b"
"personnalisee.toffanelli@edu.tbz.ch"|"rT8nr7-T@sCNG-XIcEf@"
"leandre.hurn@edu.tbz.ch"|"@hncgW-tdfyQR-A%cl%f"
"oesten.standell@edu.tbz.ch"|"$JxB6K-kK7SfZ-mIemcD"
"naelle.smaleman@edu.tbz.ch"|"JVMtJ@-awnNeF-&%t39m"
"berenice.tayt@edu.tbz.ch"|"708ZRH-Koic%8-AxvShK"
"kui.popplewell@edu.tbz.ch"|"#m76c8-ezLaNg-8Z8tsj"
"melodie.ferandez@edu.tbz.ch"|"oCQ78%-mItpLV-APuE@c"
"josee.negal@edu.tbz.ch"|"lXqdCX-O5M2cj-0no5xR"
"melissandre.ferrelli@edu.tbz.ch"|"EMKTl#-LRLOtI-t$MZsv"
"josephine.kemmer@edu.tbz.ch"|"eJVkCs-#0o0bw-FWgbWr"
"maely.cayette@edu.tbz.ch"|"H2ntM3-jLbIT&-DgFQgi"
"nelie.vela@edu.tbz.ch"|"Ap775x-FE9EFN-iQzTlG"
"melina.cortes@edu.tbz.ch"|"GThj0E-xDv9GU-6V&2FB"
"megane.leyshon@edu.tbz.ch"|"Vx0u&l-A@Lf7Y-AEYm5&"
"regine.harrie@edu.tbz.ch"|"9hIUmS-ERNBFC-j4yxGY"
"mylene.widdison@edu.tbz.ch"|"F0VKcI-ANMf9n-5oQg9O"
"pelagie.vivash@edu.tbz.ch"|"GKVg5z-iek7HY-hMpQPI"
"styrbjoern.vicarey@edu.tbz.ch"|"Ipi2wD-EXwN0a-Chthiu"
"long.kyles@edu.tbz.ch"|"&3IN6A-OBuX@U-bJRDYa"
"stephanie.gipps@edu.tbz.ch"|"ExGIcu-BgNUAB-25eIp$"
"clea.constantine@edu.tbz.ch"|"x4vtc$-duARn6-8uomMk"
"maella.cometto@edu.tbz.ch"|"&$j7lp-EbWMF5-oqA@9I"
"laila.aubrun@edu.tbz.ch"|"NyGvxn-Sn$x4V-@cnCGC"
"yao.austins@edu.tbz.ch"|"JdqLuV-Bld01@-6TxJAk"
"mailys.rylstone@edu.tbz.ch"|"3qUg87-GoxtsV-DTcQqL"
"adelie.curuclis@edu.tbz.ch"|"Q$dBoa-6h%kfT-nLY@$W"
"celine.longhurst@edu.tbz.ch"|"W6YNVU-o4zBvS-pN2PyJ"
"gisele.hazell@edu.tbz.ch"|"aSQ3v1-I7uV&8-ROL81&"
"celestine.ciccone@edu.tbz.ch"|"TpVEqV-9o1uFx-grrFgf"
"maelyss.doole@edu.tbz.ch"|"15OmzZ-h7ltb&-pg&t0a"
"helene.grimsdike@edu.tbz.ch"|"3CRxhZ-uaI9wN-ZQdLtS"
"lie.macer@edu.tbz.ch"|"EbHd0P-WD4zdu-2RiQ&H"
"maely.izard@edu.tbz.ch"|"4Rv1RE-O05bS&-MmvZbM"
"erwei.breewood@edu.tbz.ch"|"0TErf@-Wp8K7q-DdCu6f"
"chloe.woolford@edu.tbz.ch"|"CP7LRH-fI6hN%-uYf6US"
"cleopatre.turpin@edu.tbz.ch"|"dJ33Na-NlWG#N-nwYpRE"
"melodie.surgison@edu.tbz.ch"|"Q#2HiI-z6jvcm-Sn$HgC"
"elies.leander@edu.tbz.ch"|"kCmT2G-UQWk3U-&Vfyai"
"mediamass.reignould@edu.tbz.ch"|"qgaV6u-LO%aXY-c8hkuK"
"celestine.wasmuth@edu.tbz.ch"|"KO1jPu-I&%s#d-u1vBbD"
"marten.jervis@edu.tbz.ch"|"gC$8aL-aBnGu%-N#yiWE"
"daphnee.bour@edu.tbz.ch"|"WFkg8R-X6VQ#D-SQj89B"
"regine.harlett@edu.tbz.ch"|"Jqa&Mh-iT9wLJ-N@voS7"
"noemie.macaskie@edu.tbz.ch"|"c3n#50-QH&27v-Pr$mvh"
"loic.renfield@edu.tbz.ch"|"NYnwTQ-VlfdxN-VN1V7v"
"venus.kleinert@edu.tbz.ch"|"q5Ca9E-0tqhhg-$BPLOn"
"marten.burlay@edu.tbz.ch"|"TsXcJ4-s#Usnu-he3gxz"
"berengere.radsdale@edu.tbz.ch"|"fr8xej-rpH59w-G3@OTh"
"genevieve.duckit@edu.tbz.ch"|"t8E@Ty-1NdbRd-cftJKf"
"maely.ligerton@edu.tbz.ch"|"yz@DWM-rdAklD-49xkf2"
"maeline.ricciardelli@edu.tbz.ch"|"#IJV5h-u5fnHj-xlpK@6"
"personnalisee.yggo@edu.tbz.ch"|"lW@S9f-aGtSWf-LRyTav"
"alizee.pettinger@edu.tbz.ch"|"7WLd9Q-lXRyO#-LW1xNF"
"desiree.curnnokk@edu.tbz.ch"|"N6iLYO-AM$IoZ-z$W1DH"
"dorothee.minors@edu.tbz.ch"|"BIll3T-nPXcb0-&cnc9h"
"oceanne.kopmann@edu.tbz.ch"|"aOL5BN-gb&kH1-JyAd0a"
"almerinda.brodbin@edu.tbz.ch"|"okPD#Q-EIgPSM-FqgPvh"
"yenora.carsberg@edu.tbz.ch"|"VVHMss-A88VRD-Ar1@Iv"
"wa.beetles@edu.tbz.ch"|"iGCCFL-LmYo0#-OUJQ7w"
"audreanne.abbot@edu.tbz.ch"|"bNB9Gq-zsssjp-F8GSHz"
"noemie.capper@edu.tbz.ch"|"LkIofJ-ya48AU-BJ&ysV"
"mans.abramamov@edu.tbz.ch"|"Ee77v0-&dpnG%-LIiTn2"
"audreanne.blakey@edu.tbz.ch"|"dGULVB-ASz6p@-0hfi6P"
"leone.klimpke@edu.tbz.ch"|"&@75J4-#4D7WG-TLSOoF"
"lie.croston@edu.tbz.ch"|"@aR49Q-E7ARWS-8OynYi"
"anaelle.baistow@edu.tbz.ch"|"%qkL%N-GaphTU-5FlfKT"
"michele.garwood@edu.tbz.ch"|"tZKJcw-xOsGc%-iDpCR%"
"interessant.albion@edu.tbz.ch"|"dp%TQx-rrs5PW-58oBeD"
"andre.brisco@edu.tbz.ch"|"ruEs98-yXNgYi-0TdEcW"
"tang.totterdill@edu.tbz.ch"|"jOoyl8-3vzdTj-JRDM3U"
"marie-josee.braundt@edu.tbz.ch"|"HJ7tmv-v2H5YI-AV6k7W"
"lois.galer@edu.tbz.ch"|"0PoKNM-mxKBT6-aIezI2"
"faites.pellamonuten@edu.tbz.ch"|"pR0Y70-EugV0U-kR3nHh"
"mai.barfford@edu.tbz.ch"|"6nO8kj-67FCFJ-H$lOcU"
"laurene.macilory@edu.tbz.ch"|"czIlNE-lIstzt-ICVB&v"
"elea.peak@edu.tbz.ch"|"g3V8rG-rJ@M6w-hog&4q"
"rejane.doni@edu.tbz.ch"|"P@sgrV-SEx9Jq-7wI4pd"
"mahelie.ector@edu.tbz.ch"|"vE%g5W-rI6aQ8-HAifVt"
"rachele.allum@edu.tbz.ch"|"qIZswW-zh8Ul0-TKNmVs"
"laila.gerretsen@edu.tbz.ch"|"7zf$5d-d1Cse$-K6%SFQ"
"ines.bowman@edu.tbz.ch"|"MryoeZ-fg5W1s-0ZIgTm"
"publicite.barbary@edu.tbz.ch"|"mm0@uv-R3q@l%-F12pX&"
"mailys.smooth@edu.tbz.ch"|"hajEyR-FIZZmM-znQeGO"
"mailis.huguenet@edu.tbz.ch"|"cR1IP1-zMD8QN-P7%OsZ"
"lea.ewer@edu.tbz.ch"|"nvzmo#-0xp271-p#lz8R"
