"email"|"password"
"melodie.vandervlies@edu.tbz.ch"|"ZQBLBA-0WNS4z-N&Yi3K"
"angele.edgecumbe@edu.tbz.ch"|"EF7zjL-oRru0A-7Uv6k8"
"zhi.andreasson@edu.tbz.ch"|"sjvaGg-Yjy965-WNKmrI"
"judicael.koppeck@edu.tbz.ch"|"l8GPxy-SkKurl-RBeyW9"
"berengere.capron@edu.tbz.ch"|"Wd7gAU-r7mThF-OqZ87w"
"leonie.brosini@edu.tbz.ch"|"Kf4Me6-gOeh4p-YmsN9a"
"venus.garfit@edu.tbz.ch"|"822UFm-ER%Bg$-DlaBtS"
"melina.janota@edu.tbz.ch"|"QFegWZ-3f&FSh-B1wmr&"
"laurene.bake@edu.tbz.ch"|"1GyhMJ-MiI0GD-xpTiH0"
"regine.dorkins@edu.tbz.ch"|"#ZuRV6-uk0sVb-dg&AU0"
"cecile.moffet@edu.tbz.ch"|"To4c85-RKT@%i-esopr4"
"maelann.labrone@edu.tbz.ch"|"GDrWP5-T5YlZ2-wDHJc6"
"melinda.newbold@edu.tbz.ch"|"tJpH4L-Bgip$G-ooL@VF"
"mans.itzhak@edu.tbz.ch"|"iA4gfZ-Eezt5i-REGz@h"
"melodie.pattlel@edu.tbz.ch"|"NThj#e-ZECD1m-Z&OnVa"
"celine.bonett@edu.tbz.ch"|"Ze%&Ww-j7F64b-@49n5N"
"adelie.mcgreal@edu.tbz.ch"|"DkS5lW-@h&tt8-eq2rVr"
"helene.soldan@edu.tbz.ch"|"sBIEqv-o9tREV-RVgYgx"
"michele.cluer@edu.tbz.ch"|"Sk2qcj-hN7M3W-3BmAwT"
"maeline.mueller@edu.tbz.ch"|"GMnGtK-3tWffD-&JXX7c"
"maelann.benedito@edu.tbz.ch"|"lapDUv-ujngs7-2yrIfp"
"nuo.gransden@edu.tbz.ch"|"2P&E#k-&yR&NQ-nH85L#"
"berengere.stainton@edu.tbz.ch"|"W9qW&M-sMxPDJ-YjAsHk"
"wa.sabater@edu.tbz.ch"|"X6@0l1-b9EM&w-wOaNEu"
"anais.cochran@edu.tbz.ch"|"tB94SZ-B45DPk-&sWB#O"
"gerald.bessant@edu.tbz.ch"|"duUV0P-5K0DQl-TDFzy&"
"ruo.coffin@edu.tbz.ch"|"&$T&r$-vFAc&L-C5oIyk"
"melodie.mustill@edu.tbz.ch"|"%B9LEW-PwfMCV-w#BzkZ"
"ruo.stanesby@edu.tbz.ch"|"r4jc#j-P96@8$-gq$s5a"
"noemie.antognelli@edu.tbz.ch"|"oOIbvK-t24bgQ-#JrRFt"
"maelann.hughson@edu.tbz.ch"|"zwReQx-rf4TQN-996LQm"
"milena.mieville@edu.tbz.ch"|"XnFDNG-dXIzth-7Rt%cZ"
"mailys.chamberlin@edu.tbz.ch"|"qFVNsw-OtUz4r-3d#S@y"
"nadege.tomalin@edu.tbz.ch"|"lj3&gb-nMYYxw-hf2aGu"
"oceane.omara@edu.tbz.ch"|"XI#Bo%-dPOcfA-9WGGqi"
"cecile.aguirrezabala@edu.tbz.ch"|"0eKJRK-uIgR%x-5s%FVI"
"maella.gwillim@edu.tbz.ch"|"%RsM9q-W@Dnka-ZiA$6@"
"lea.mcgahey@edu.tbz.ch"|"KpQccC-#xqVZm-2cKD0C"
"laurene.hagerty@edu.tbz.ch"|"HGfgrk-Cjl3kL-$nY&ox"
"dorothee.link@edu.tbz.ch"|"@xWBcI-Zyw1lj-TUdFIr"
"clementine.kynsey@edu.tbz.ch"|"DQygUP-DhjZJF-LbJBKe"
"lorene.smitherman@edu.tbz.ch"|"ruxGhr-yv2X5h-gGqwK0"
"cleopatre.klulicek@edu.tbz.ch"|"aOJ2Um-ld6Wve-wF3ijI"
"laurene.castaneda@edu.tbz.ch"|"ImIAFU-h5r1H$-6WSduA"
"melia.constant@edu.tbz.ch"|"BQP@1y-YokqJ@-0goC1T"
"lucrece.clunie@edu.tbz.ch"|"yT7nC4-ZFjIvC-@D%Szj"
"eleonore.mcmurthy@edu.tbz.ch"|"V8JMY0-fx6m23-6C#r&N"
"melia.bevar@edu.tbz.ch"|"xboWq#-s831HY-Qg8@wD"
"camelia.bontine@edu.tbz.ch"|"6jOgKR-4gG4Et-VaPmxD"
"methode.jozefczak@edu.tbz.ch"|"q6hmgk-3s@QsE-yR$&j9"
"audreanne.hinsche@edu.tbz.ch"|"eORArf-HA&kfS-ypsU3X"
"andree.varne@edu.tbz.ch"|"Ec40gC-jPeoDU-Hm&2PO"
"marten.kinleyside@edu.tbz.ch"|"XB0$#H-QQ00%M-xWzpwp"
"esteve.mcewan@edu.tbz.ch"|"YYSR7z-qcpBT7-44k&Fi"
"leane.dibbert@edu.tbz.ch"|"w&%NDa-g7$H6z-88hBNr"
"ma.thewlis@edu.tbz.ch"|"P5EMA#-ZUhAHI-jogR81"
"clea.djurkovic@edu.tbz.ch"|"l7U2Ij-16t7fN-DkqgHN"
"rachele.reburn@edu.tbz.ch"|"oLA4u$-bvOe7#-fOdxY#"
"gerald.gowling@edu.tbz.ch"|"Y9DypH-mQ23vt-bnGAMY"
"cleopatre.jackson@edu.tbz.ch"|"WjIHQg-kBIoPg-$Gb$lY"
"desiree.haskins@edu.tbz.ch"|"sMJx@K-YEzHSR-M%6L&K"
"eleonore.longson@edu.tbz.ch"|"CZXLo4-gt9JeI-JSLYZk"
"leane.dybell@edu.tbz.ch"|"7ZxH2c-y4j%Hj-PhC2U6"
"becassine.grzesiak@edu.tbz.ch"|"aYiKvT-QOdmJM-CyhcLB"
"marie-josee.pickin@edu.tbz.ch"|"sIAfx8-&lOjPu-3JE@ET"
"marie-josee.roxby@edu.tbz.ch"|"sdJ6bx-uWddDY-d@Iyvp"
"leonie.feenan@edu.tbz.ch"|"mmTC4S-1Nn3oU-HTR1SN"
"valerie.ellum@edu.tbz.ch"|"7#Em04-hr16iQ-EXh375"
"ju.caseri@edu.tbz.ch"|"P7P4H$-Kc4xOK-BswCBo"
"boerje.strangman@edu.tbz.ch"|"NuMi&E-Kz%vEF-Mat&Ru"
"beatrice.ghidelli@edu.tbz.ch"|"CqEIv8-7vk80C-&O@bj2"
"da.jablonski@edu.tbz.ch"|"vCRMG1-EzYNQw-rgaxLG"
"uo.beveridge@edu.tbz.ch"|"dtD09n-YlACGB-gOEHes"
"valerie.bestman@edu.tbz.ch"|"tqE@31-H@PbnS-66FFA2"
"marlene.pohls@edu.tbz.ch"|"tW&YL@-%VjTd&-1ECLbK"
"ma.nolda@edu.tbz.ch"|"F8EA2B-Jz79e3-$0cLOW"
"marlene.bisiker@edu.tbz.ch"|"SsMvUT-5jvCpr-cWQLND"
"estee.babon@edu.tbz.ch"|"BU97Er-hGvJDa-0uvGUf"
"simplifies.dmisek@edu.tbz.ch"|"anvWro-bovMZa-utV2n0"
"selene.ganing@edu.tbz.ch"|"qLfom6-KBiPBv-j@mQq#"
"meryl.penke@edu.tbz.ch"|"El&6So-T7i0c$-gYdc7o"
"anais.rawcliff@edu.tbz.ch"|"vJ&FTU-iE@51F-yi@qJ5"
"melina.andri@edu.tbz.ch"|"$loqKn-znr46l-Q9Ib&4"
"audreanne.fodden@edu.tbz.ch"|"wjGHP8-CIKR3e-lRnTyv"
"bjoern.spellesy@edu.tbz.ch"|"htXmYl-Y@%wr7-%pA51a"
"francoise.summerscales@edu.tbz.ch"|"VNy87L-YzEh&R-Wyrd$8"
"laurene.ashtonhurst@edu.tbz.ch"|"YIsz%C-X%6@dV-lIsv0h"
"valerie.petters@edu.tbz.ch"|"Xn8$qB-1FlT3O-frOfcE"
"anael.spenclay@edu.tbz.ch"|"hDo5OB-pduBli-8aWj$j"
"stephanie.keech@edu.tbz.ch"|"Aq1X6j-ynNsGQ-aLSE&i"
"ines.deveril@edu.tbz.ch"|"h8Rt#g-l#Ex9G-$H7auF"
"berenice.gelder@edu.tbz.ch"|"y2z4Pi-Xw3pEE-9uxSG%"
"melanie.ofogerty@edu.tbz.ch"|"1V4RZd-F%hYNa-g8xrHw"
"frederique.canepe@edu.tbz.ch"|"Xk21kI-cpw2Vx-SCppOb"
"nuo.otton@edu.tbz.ch"|"AOEhm1-lTvkeu-gcf2da"
"genevieve.trusler@edu.tbz.ch"|"Kx$&KU-d8Px5s-yy5Os%"
"ju.boag@edu.tbz.ch"|"CxquMd-aIa1V%-K@YcZX"
"josephine.dilucia@edu.tbz.ch"|"Tx0DA4-gTTSP@-p2dQ4f"
"laurene.armsden@edu.tbz.ch"|"VGNWRf-ADCZll-0yuen4"
"becassine.griffe@edu.tbz.ch"|"g@KtRd-IjMp39-fv8Jdk"
"alois.parres@edu.tbz.ch"|"ez17oI-NsVKm5-@2F3uh"
"cleopatre.gaffey@edu.tbz.ch"|"Elmo66-4l23Ur-FWTYVT"
"andre.stiger@edu.tbz.ch"|"JkMDxW-AculEv-31L&2k"
"beatrice.godleman@edu.tbz.ch"|"t6b6Fz-xX1tuP-0MFw1q"
"hakan.harrhy@edu.tbz.ch"|"Tgo3dB-uMz%74-i4uAY@"
"celestine.dagnan@edu.tbz.ch"|"ddm6Ab-nVcuXj-JlS$7t"
"clemence.haggart@edu.tbz.ch"|"ibu3DZ-TWrt8q-nF&B8X"
"long.caban@edu.tbz.ch"|"VUpEeK-n7q%ZT-rPs9%D"
"gaetane.grimble@edu.tbz.ch"|"NOPext-taOVV2-w3elat"
"maelann.piwall@edu.tbz.ch"|"eAadrU-2gPNCd-eCOiAF"
"magdalene.loble@edu.tbz.ch"|"nwvA7f-Nmep0R-E5AIOt"
"veronique.domaschke@edu.tbz.ch"|"AUJxWO-nXvf$&-zVZnHo"
"clea.herity@edu.tbz.ch"|"p7h77n-xKQpnV-8#epc8"
"maelann.bambrough@edu.tbz.ch"|"NXXmS&-N&&iH&-epU39S"
"clea.goulstone@edu.tbz.ch"|"k4xIlA-5UE$JE-n@RBMB"
"renee.deleek@edu.tbz.ch"|"FN&WVD-Yk9hnC-UVDJJS"
"boerje.rudderham@edu.tbz.ch"|"7VCZ3@-MHiXkm-E#9yCb"
"marylene.broune@edu.tbz.ch"|"9sltfg-Z8fJ6R-#ISiSw"
"nadege.mccuish@edu.tbz.ch"|"ya1NM@-PqyI%Z-VrRype"
"anael.littleover@edu.tbz.ch"|"Qy4#Sl-Cia#49-7KShxX"
"lie.baume@edu.tbz.ch"|"DYOB@v-8Z@gfX-Wy3NOB"
"maella.murrow@edu.tbz.ch"|"LiSIgS-KKB9aF-VPSnbN"
"cleopatre.pettifor@edu.tbz.ch"|"pCxPz@-0P@rPa-RY1Fkd"
"geraldine.asker@edu.tbz.ch"|"78M#Ng-brGlP6-jujcY6"
"gaetane.smedmore@edu.tbz.ch"|"OYpvOg-IEHabF-mZTWIb"
"meryl.blencoe@edu.tbz.ch"|"Qd%DZJ-R61R9v-5k69#n"
"aurelie.chastaing@edu.tbz.ch"|"ulJ9X4-6$8o2u-Rc&hjK"
"oceanne.marthen@edu.tbz.ch"|"GrBOou-foD29O-H9rKYe"
"dorothee.burrill@edu.tbz.ch"|"cNKrEw-w34swc-SL$B@6"
"hakan.belden@edu.tbz.ch"|"KepeYb-Zyraw$-ZLsjM4"
"celine.brunning@edu.tbz.ch"|"v&NPWC-p2@eQH-HKaiml"
"anael.lapides@edu.tbz.ch"|"zy@w8V-@Fiznl-LUVjwv"
"ruo.saffran@edu.tbz.ch"|"RfcBPQ-T$NsbP-3UtW#4"
"loic.gerretsen@edu.tbz.ch"|"K1AZBS-OHf@S&-#11G#k"
"rui.fitzer@edu.tbz.ch"|"BmB2vp-$PJ&ir-KM0t9K"
"annotee.ogers@edu.tbz.ch"|"j2&ro4-5ULytw-wvModi"
"boerje.bindin@edu.tbz.ch"|"LCBQFe-N9FyPc-c5gTTi"
"ma.cronchey@edu.tbz.ch"|"n4I5wJ-aaI6ex-b116Cv"
"laurelie.baiyle@edu.tbz.ch"|"zIk#WT-&#$@$I-v8PY3z"
"dorothee.older@edu.tbz.ch"|"vwPGbC-5WjUjp-u%hcHk"
"laurena.wile@edu.tbz.ch"|"gAVEd#-yjLEYo-xirdsQ"
"clemence.brito@edu.tbz.ch"|"QnyuiS-bM1Ja5-uMUDR1"
"nadege.dallin@edu.tbz.ch"|"mA2bLK-vo$Riq-TCYFOa"
"mailis.matley@edu.tbz.ch"|"%nBDMD-3rq#Sl-GN2ya&"
"daniele.screaton@edu.tbz.ch"|"T6TKPG-&0rR3p-@aulEb"
"mediamass.godly@edu.tbz.ch"|"lzuJU5-YX0N1c-u7kor3"
"leone.kremer@edu.tbz.ch"|"v%Mi4q-C&7I0x-R#1gQy"
"asa.adrian@edu.tbz.ch"|"M%JBtD-ohKJSo-PmCGr$"
"adele.doley@edu.tbz.ch"|"i3RphB-suA7wD-#0B7f#"
"fei.sidney@edu.tbz.ch"|"4Vybr7-x3C6xg-IUkesN"
"marie-josee.walisiak@edu.tbz.ch"|"KREHg5-SznTV8-PN0GB4"
"desiree.diplock@edu.tbz.ch"|"ZAK&g8-KMdQMR-l82d6j"
"gisele.schust@edu.tbz.ch"|"y5zZDz-yjrVR6-cUHlH2"
"ma.longshaw@edu.tbz.ch"|"V2D0ca-omMQPI-a%TOwI"
"da.boother@edu.tbz.ch"|"i6qj09-BU7&hY-g5BPz1"
"simplifies.chaudhry@edu.tbz.ch"|"d7psYg-m#yYvc-RxazLd"
"garcon.baniard@edu.tbz.ch"|"oQZOqJ-dKBG2i-EJUMDB"
"gaetane.elphee@edu.tbz.ch"|"AcKW1d-mqoMgn-hFe8Hz"
"gisele.hassey@edu.tbz.ch"|"U%cKGr-3q32AE-XXHKqa"
"oceanne.booley@edu.tbz.ch"|"dx52wU-tOP$nw-9o&GYw"
"oerjan.dibden@edu.tbz.ch"|"JDpK&Z-dex6@$-QBLYWH"
"regine.ocleary@edu.tbz.ch"|"us4DEs-pt2Vd3-07okuE"
"selene.persse@edu.tbz.ch"|"Y#GLof-GprMSq-HB&1%O"
"helena.adenot@edu.tbz.ch"|"9uemVA-%txBB3-1Iz&#P"
"maelann.wassung@edu.tbz.ch"|"%Di@fW-OaQk3R-fQA7np"
"frederique.ackermann@edu.tbz.ch"|"#af6fH-f8W%7p-DeoDET"
"audreanne.kahen@edu.tbz.ch"|"2cGPRU-zUbJhF-e1$7m4"
"maiwenn.lasty@edu.tbz.ch"|"WdbxP6-Vx%dgL-uoXSVe"
"yu.dictus@edu.tbz.ch"|"y8sLPD-wlLn#v-9eIN$a"
"anae.dukes@edu.tbz.ch"|"mD7n4q-5uxEDK-SiF6Pv"
"yenora.warr@edu.tbz.ch"|"U3p03s-jIiWc9-LIoApK"
"esbjoern.archibold@edu.tbz.ch"|"F1Mejk-sBEvuq-9k@4g9"
"milena.pardal@edu.tbz.ch"|"rdnASJ-MRxIUN-HMpyOz"
"celestine.graveston@edu.tbz.ch"|"8SsjJv-8rcXNZ-ABzf%h"
"maena.dallas@edu.tbz.ch"|"VU#SPa-lgz#zT-pz%vhT"
"andree.tuke@edu.tbz.ch"|"GNBaAu-kTuxiC-@dxPNj"
"methode.seldner@edu.tbz.ch"|"0W#Qh9-vfV4EA-mTX2pg"
"venus.bullas@edu.tbz.ch"|"NTyjVZ-bQYwQu-6Nhi54"
"mans.aguirrezabal@edu.tbz.ch"|"O0Gaye-7@VBJS-s0skQd"
"gaelle.eadington@edu.tbz.ch"|"6u%NLq-u8tp#@-jHhmO$"
"anaelle.falkner@edu.tbz.ch"|"aSjVYK-Ho5bUp-5yoEDc"
"ophelie.height@edu.tbz.ch"|"sWuFis-@3xGT9-qKWlyU"
"marten.bolding@edu.tbz.ch"|"LOcH6B-QgOKjK-5ioNEy"
"pelagie.guswell@edu.tbz.ch"|"w5Jjv1-oWRSCj-2jEadA"
"gwenaelle.lecount@edu.tbz.ch"|"fvl5j6-6y%He6-O1luIS"
"hakan.laden@edu.tbz.ch"|"yt4rbc-jw5xtY-bV23$a"
"marie-josee.hylands@edu.tbz.ch"|"c9x$v%-RmztqF-19F8te"
"zoe.kingshott@edu.tbz.ch"|"QGQBmQ-i9zhyp-x4iVpp"
"josee.janous@edu.tbz.ch"|"UbJ2QQ-bQCJ9@-pGiUUi"
"laurene.gallally@edu.tbz.ch"|"P@&qRn-r@Bj8G-W2U7wX"
"anael.bickle@edu.tbz.ch"|"n#cRMH-i1VGz&-Wosydf"
"mediamass.lebbern@edu.tbz.ch"|"3vit5j-@E91vb-qdCxo8"
"berengere.hovy@edu.tbz.ch"|"%mk3MG-zsSal5-iGNHco"
"oerjan.kilmurray@edu.tbz.ch"|"7hCc74-A#h%1Y-R1@BI6"
"asloeg.venny@edu.tbz.ch"|"oWjSOt-BTeyAt-oG7j89"
"marie-noel.stoad@edu.tbz.ch"|"5vFHzZ-Cvwyua-lKh2WY"
"hakan.pettifor@edu.tbz.ch"|"&#M8oL-90iLvt-dGYFrp"
"maella.willgrass@edu.tbz.ch"|"B6NlqT-S2xbyp-qkzKNi"
"therese.ludovici@edu.tbz.ch"|"JI2Wr&-TnzI1Z-&LT&td"
"stephanie.trewhitt@edu.tbz.ch"|"p%tz&R-9YlPxD-KgO6J$"
"maerta.bauduccio@edu.tbz.ch"|"FegiPT-7K0aii-4FDf8%"
"gaetane.glaisner@edu.tbz.ch"|"6N2SM9-tiafiM-%dK4ut"
"naeva.pargeter@edu.tbz.ch"|"vL1sA1-SBJMPX-t54XV8"
"salome.venable@edu.tbz.ch"|"KCgDea-voY@d7-%oxNF9"
"boerje.thickett@edu.tbz.ch"|"CocNN3-w5yVwh-V@GRg#"
"lucrece.prendergrass@edu.tbz.ch"|"4&25Eo-Vq8WjV-@UZexS"
"laurene.ockleshaw@edu.tbz.ch"|"q7YLHR-#vh7Wn-dqlc66"
"cecilia.pasticznyk@edu.tbz.ch"|"XxXbO5-JhrXDi-3HM3BU"
"stevina.mackey@edu.tbz.ch"|"uoW@3C-$iqIOV-&8wSDV"
"marie-noel.reven@edu.tbz.ch"|"d6KYY&-ZfvOg4-6LVMFQ"
"melina.quilkin@edu.tbz.ch"|"tLpyMz-ApTaJE-YzOS5@"
"marie-noel.ferrie@edu.tbz.ch"|"oISO4K-e@nL#Z-HiJitf"
"leone.alphege@edu.tbz.ch"|"eP9@WS-V3Zkx4-2Sqp2W"
"zoe.leverson@edu.tbz.ch"|"hk7YA2-nhe71C-JDfUY%"
"annotes.grayne@edu.tbz.ch"|"Vv$mLj-TRy11k-Mb@j#j"
"faites.lalley@edu.tbz.ch"|"%oqQkH-MH&i%3-#aiqsM"
"adele.wallis@edu.tbz.ch"|"pcFHb0-3XvoHi-t4#NXY"
"severine.madill@edu.tbz.ch"|"@gGT&#-H3OGLI-##724b"
"valerie.tebb@edu.tbz.ch"|"i5$xm@-rM2&O@-WdkHv6"
"kalliste.rasper@edu.tbz.ch"|"KYu1Dy-%HkDQI-GUoudj"
"audreanne.palomba@edu.tbz.ch"|"WUjr@p-1LJ3Nk-hzriy#"
"elea.adamik@edu.tbz.ch"|"Lo7Day-Xaaozm-Ljz&37"
"reserves.jakuszewski@edu.tbz.ch"|"Dvp7cT-2ieckB-7j$Zll"
"athena.belhomme@edu.tbz.ch"|"So#7$5-cHR3wG-VNtWvN"
"rebecca.crippin@edu.tbz.ch"|"nVtHGp-kMPB$@-yFWj0&"
"maiwenn.curman@edu.tbz.ch"|"cigtZo-uPbFtw-RKk68s"
"andree.bunner@edu.tbz.ch"|"KIDFTT-PHPjat-Wl5bwe"
"ruo.winckles@edu.tbz.ch"|"WvTNTr-gC4Ig9-gwAx1&"
"naeva.buntine@edu.tbz.ch"|"9fyG@v-eoXqHf-dL#Wbr"
"boerje.dollard@edu.tbz.ch"|"liOIwt-DLJzPq-61n@T9"
"penelope.gorman@edu.tbz.ch"|"uFutJC-2SxCRO-6U%3uK"
"alois.robelin@edu.tbz.ch"|"mb#PJI-PElT3Z-ddE8Ta"
"anaelle.tindle@edu.tbz.ch"|"q8B2oT-i#5Rf@-YZjeLr"
"ye.frears@edu.tbz.ch"|"DzYTZy-EPWnlN-l5fAcX"
"andree.ovid@edu.tbz.ch"|"1k1aLq-obxPj0-5xg5f0"
"hakan.peat@edu.tbz.ch"|"l08lKq-$GW&&#-vz1jCM"
"andre.januszewski@edu.tbz.ch"|"88J@2L-#Sda#K-vzGo%d"
"annotes.clemmett@edu.tbz.ch"|"fXS3Q#-Qb$Bzq-Q61cZz"
"pal.lambswood@edu.tbz.ch"|"PdJnB%-EialQy-aCFvFR"
"yao.lenton@edu.tbz.ch"|"Iog8An-K%Zhd%-p&0edW"
"hakan.boyton@edu.tbz.ch"|"0PxZy@-&Zay1D-f3sf5M"
"nelie.forsey@edu.tbz.ch"|"LtHxdp-c0#mmW-8IePxF"
"hakan.horche@edu.tbz.ch"|"fpudmL-oLZ#@x-8doWxO"
"lorene.sinkings@edu.tbz.ch"|"tBjMum-iOf&R8-KTrrHn"
"marie-therese.creddon@edu.tbz.ch"|"npAsjQ-zNQjuq-@#Bm&l"
"berenice.tolworthy@edu.tbz.ch"|"oH5TBy-vgIc77-NHXpM9"
"theresa.land@edu.tbz.ch"|"%0avNu-CtJaOL-as&oOF"
"marie-therese.gianilli@edu.tbz.ch"|"Bwj7Mc-c7tXKy-oscZQu"
"meryl.glew@edu.tbz.ch"|"wWAJBt-ig4G80-93Mhxv"
"adele.debling@edu.tbz.ch"|"m8kmFn-RTiq8I-n0B7s4"
"anae.metzke@edu.tbz.ch"|"4hIl%w-AyWhkR-qbjDrl"
"gaetane.gooden@edu.tbz.ch"|"$90U6U-%Mi3Mn-lgo25k"
"laila.bootland@edu.tbz.ch"|"lYDbOn-GfTbL4-H$E3E4"
"maite.helsdon@edu.tbz.ch"|"nG6b3o-so&jMs-RPSLUD"
"andree.malley@edu.tbz.ch"|"GPLODV-itVuZ%-I5T8AB"
"pal.simmens@edu.tbz.ch"|"6gixDG-m9%ygy-M1qh2M"
"maelys.nuccitelli@edu.tbz.ch"|"fi3C1P-DlYDGZ-G@7Ur4"
"dafnee.sibary@edu.tbz.ch"|"LeQULW-c&sSQF-l@ZGce"
"alois.harsnep@edu.tbz.ch"|"&viMgE-eY0qTP-zcnLxV"
"marie-helene.lacky@edu.tbz.ch"|"mzKiwz-@i$LV3-R4$G1I"
"mylene.youthed@edu.tbz.ch"|"FroTOb-1mY%yr-iCLpP9"
"marie-helene.dehmel@edu.tbz.ch"|"QetV@C-3jKkzz-JY2ZFY"
"angele.batman@edu.tbz.ch"|"Z&Ge85-OhB@%E-NOFkIY"
"melia.younghusband@edu.tbz.ch"|"GBrpP#-4r5t%&-CCAst1"
"eloise.baldi@edu.tbz.ch"|"2T@gLN-26vbOQ-8FqiQA"
"illustree.dun@edu.tbz.ch"|"tcXMJA-AKiOKi-RC$g7h"
"genevieve.late@edu.tbz.ch"|"X@Udzd-Igz@yu-UwkDki"
"celestine.colville@edu.tbz.ch"|"vUdYQo-Cu3EkA-cXWdoO"
"gwenaelle.scarlon@edu.tbz.ch"|"u#peYW-Rrb7Zm-nBF%xv"
"regine.boddie@edu.tbz.ch"|"h8Om&W-Fx@hgt-welFwL"
"creez.gaughan@edu.tbz.ch"|"p11R2r-5HEN9q-V$rl0w"
"gaia.longford@edu.tbz.ch"|"K3MAa8-1hj4Wo-fa8ouD"
"mailis.buckby@edu.tbz.ch"|"dQt2K@-fPqqUV-QHya$&"
"song.parbrook@edu.tbz.ch"|"2$WVUW-Asiof1-cs7yXC"
"frederique.heddan@edu.tbz.ch"|"V55mIH-DizO5R-V3KMEd"
"ake.kirtlan@edu.tbz.ch"|"f&ZxX8-M4jJeZ-wv9Yqb"
"nelie.runciman@edu.tbz.ch"|"76PaVc-leTx%L-z68HCM"
"mailis.cardnell@edu.tbz.ch"|"mB5tkG-9yo5O0-AbArbm"
"irene.navarro@edu.tbz.ch"|"BIbcIv-CoRo4R-qs5G3n"
"maite.cough@edu.tbz.ch"|"fiJXOB-giXQp9-D#FIsq"
"anaelle.stocky@edu.tbz.ch"|"8a2oPU-4cTd&3-EI8Mca"
"methode.moulder@edu.tbz.ch"|"SoiWHS-nBfbiG-XkJUDN"
"po.stafford@edu.tbz.ch"|"Ol#fLQ-N$s8uB-zU0QCm"
"faites.scraggs@edu.tbz.ch"|"lfnoj@-RvytBE-w4GpRW"
"adelaide.dullard@edu.tbz.ch"|"Pe51q%-%Z5w91-oVC5cz"
"desiree.leonard@edu.tbz.ch"|"eWD9wa-lib8BL-bIY&LK"
"geraldine.badgers@edu.tbz.ch"|"t@O4@Q-QxpW9Q-MMQs#9"
"ruo.masic@edu.tbz.ch"|"Y2#Ac#-jGXlIr-EoD7gE"
"aurelie.lieber@edu.tbz.ch"|"sVoxUL-9tcp8#-n&bD2l"
"naelle.balcock@edu.tbz.ch"|"#a8Mcv-AQT3pg-ZkyZa&"
"camelia.elger@edu.tbz.ch"|"sbrdO@-JFHY9o-YrCS$Y"
"publicite.oakeshott@edu.tbz.ch"|"NVhwOR-V72L@X-2EmiSn"
"cleopatre.fawley@edu.tbz.ch"|"DUJfBL-kn%C9x-6wF0gg"
"laurene.bruckmann@edu.tbz.ch"|"y6jx3G-J&2fEJ-YafINX"
"rui.haughton@edu.tbz.ch"|"Tqpm%N-vm8qQJ-5ZqYWf"
"asa.ladewig@edu.tbz.ch"|"rD9M0$-ptwGvT-erIMPT"
"gisele.janecek@edu.tbz.ch"|"ZzcLYS-sXMpdO-PrYwGo"
"maily.loveridge@edu.tbz.ch"|"7RavPo-eMsCp8-Mi2cGK"
"marie-eve.yurkiewicz@edu.tbz.ch"|"fQVAp$-#vd%$d-f%f8$7"
"fei.roder@edu.tbz.ch"|"5t9bOo-ugVWs&-#Tuy4&"
"edmee.chatburn@edu.tbz.ch"|"Y09Kou-EN$Y0h-Tw1QE#"
"geraldine.darke@edu.tbz.ch"|"e$qf6o-AE0bsJ-IGOCFt"
"ye.jira@edu.tbz.ch"|"qdygqZ-rb2JH0-W7qQ#j"
"publicite.persent@edu.tbz.ch"|"I$YERR-w@NU7V-1h5T7e"
"severine.wilcox@edu.tbz.ch"|"5lNmbH-r0IkMb-aQ7Zmh"
"yao.mcclaren@edu.tbz.ch"|"6PujMf-Fw0QnF-eZuO8h"
"theresa.foynes@edu.tbz.ch"|"C8rnKQ-e4e2kR-F7R6HC"
"stephanie.isley@edu.tbz.ch"|"bsJ@2E-5YRIP0-7kiat6"
"torbjoern.growy@edu.tbz.ch"|"eoM7g9-VnojKg-g@bF7%"
"eloise.tunnadine@edu.tbz.ch"|"s$Pum4-gW7eVl-92ds2e"
"maeline.cossentine@edu.tbz.ch"|"5pcQt4-rr7Nq@-5yyyRS"
"nelie.desantos@edu.tbz.ch"|"#QuxoZ-4$B&aG-CDcGU5"
"gaetane.axston@edu.tbz.ch"|"9oRh0o-$v@7xs-xfajft"
"aimee.merman@edu.tbz.ch"|"Wlqvge-kM9qZY-QhFpd3"
"oerjan.drivers@edu.tbz.ch"|"Wh1$rU-exHYcK-tKxZJJ"
"aimee.miroy@edu.tbz.ch"|"U4L6Vs-k0EF74-&kd458"
"nelie.glyde@edu.tbz.ch"|"4G%Nf#-a4F1t6-MBUhU$"
"hakan.kapelhof@edu.tbz.ch"|"PKt&u3-4Yp@ce-#$ympB"
"maelyss.cauley@edu.tbz.ch"|"MRxWpA-MxvpGo-iH@c1s"
"elea.vaggs@edu.tbz.ch"|"OwWoqF-81Csa7-WbtVYU"
"maelys.but@edu.tbz.ch"|"2A4op@-lmOPxw-5lIR4h"
"maella.arthurs@edu.tbz.ch"|"GQfwPM-KNOuCU-haRuLa"
"adele.liebrecht@edu.tbz.ch"|"nYgyli-fwGt#1-YRRcag"
"meline.lomasny@edu.tbz.ch"|"rqEOSG-sEE%8@-EEIz$U"
"mediamass.schwant@edu.tbz.ch"|"lj&BEV-NNTr2c-clZPxZ"
"leone.saunt@edu.tbz.ch"|"9Un9$O-hn6gc$-n5hsLP"
"annotes.gouch@edu.tbz.ch"|"pttuqs-qbZEDT-zrD&@i"
"gaetane.bowich@edu.tbz.ch"|"FewO8M-2hAyoR-lgaRY#"
"alizee.strelitzki@edu.tbz.ch"|"SfofF@-rUR4Jt-vWTcC9"
"leone.poile@edu.tbz.ch"|"dqLF%z-NtQUNz-3G3F0N"
"amelie.saban@edu.tbz.ch"|"h4OrU2-9C#FmK-ymji0I"
"marten.mcmenamin@edu.tbz.ch"|"3uDEbw-H@YXbl-sOi0K6"
"becassine.keets@edu.tbz.ch"|"$uN@Jl-wtMQdy-M&7bkN"
"celine.million@edu.tbz.ch"|"5@SBv#-jaQjI8-Bo7EmQ"
"geraldine.belitz@edu.tbz.ch"|"Ze3WVv-cJ99FP-LNJYRX"
"salome.mardling@edu.tbz.ch"|"D&%mtH-iPfGi2-2$HR10"
"melia.blakemore@edu.tbz.ch"|"81bV0o-x%av9g-IZ6gUX"
"dafnee.mcaulay@edu.tbz.ch"|"fWGc4Y-zZE$qe-qU$Ojl"
"garcon.dennett@edu.tbz.ch"|"hdUGYc-lYB$td-q3Di5z"
"interessant.lesor@edu.tbz.ch"|"QPYEjq-AkWtVa-bWxg@x"
"annotee.wasbrough@edu.tbz.ch"|"T4e9wU-QNWz4f-4h7QUy"
"asa.ibbeson@edu.tbz.ch"|"$zJz8o-CYV#eS-uGph0K"
"maily.kennealy@edu.tbz.ch"|"oeyvjn-C1Hsok-WFruIS"
"ye.seares@edu.tbz.ch"|"bO0mmF-FTwZKc-aHXqLC"
"athena.harbron@edu.tbz.ch"|"@4ssPU-ZOenwK-lP#LnK"
"andreanne.portail@edu.tbz.ch"|"#g3$GX-tUsp31-IhS2Ri"
"goeran.zannelli@edu.tbz.ch"|"EKV6n%-aF@$jw-gXKq4Y"
"gerald.leathlay@edu.tbz.ch"|"N#hw#G-hJebN0-olbVkJ"
"andreanne.chown@edu.tbz.ch"|"0%gzMJ-l2IpkF-bBF43Z"
"esteve.clementel@edu.tbz.ch"|"Tc4X%M-5l6DzZ-j4VQER"
"leone.legan@edu.tbz.ch"|"4Fj4hD-ehoZ84-qnTv5f"
"maena.pownall@edu.tbz.ch"|"Ud0t3X-bWHRQK-N6oX@K"
"andree.rettie@edu.tbz.ch"|"cA95gz-qmKD8e-yBkxXE"
"ines.kenwrick@edu.tbz.ch"|"7fJQWp-sQKpqi-xLJF#x"
"marie-helene.yarnall@edu.tbz.ch"|"m2OVQe-pLjqSI-b8PJ61"
"po.martin@edu.tbz.ch"|"5nAPeA-heH7xh-5kR4ac"
"ruo.celiz@edu.tbz.ch"|"EMBV8O-Uv1#3T-LtgTh@"
"po.bissett@edu.tbz.ch"|"FuIt7O-@f1$lm-BMNn58"
"du.swindon@edu.tbz.ch"|"6DBMZw-wIOMGB-mY9OdO"
"interessant.gouldthorp@edu.tbz.ch"|"&NDY@P-A7ZQkF-haFdj%"
"leandre.lilburn@edu.tbz.ch"|"WOe1fR-6LN#pZ-ZC87l4"
"bjoern.whales@edu.tbz.ch"|"wH#x%R-ejkhTA-ayJrdx"
"interessant.dieton@edu.tbz.ch"|"@4xVKK-XIbN3f-falLPx"
"celestine.redhills@edu.tbz.ch"|"joyS@Y-bzc@iQ-pcMesk"
"tan.yakovlev@edu.tbz.ch"|"TYH6Ky-nYSUjI-Gkcna3"
"regine.mcdowell@edu.tbz.ch"|"EkcNry-@K6nue-YpUH%q"
"ju.coysh@edu.tbz.ch"|"Iu%eW9-VmXAja-CJ997#"
"reserves.ofallon@edu.tbz.ch"|"$6dO%C-7%lTdO-CcJXOA"
"frederique.sobey@edu.tbz.ch"|"BwN5mr-x7@pjs-c8@Mh5"
"marie-eve.garstang@edu.tbz.ch"|"1f&dJs-z%SGjX-r8GvMD"
"andre.tapin@edu.tbz.ch"|"i%9d28-cSJGmF-I2LkCz"
"esbjoern.eynon@edu.tbz.ch"|"azUd6Y-xo09%y-HNkMpa"
"maella.duffy@edu.tbz.ch"|"hn#LbC-bo@hdn-5UwruW"
"leandre.twinning@edu.tbz.ch"|"dk6vZJ-y2JGMO-cNjdUk"
"mai.whittingham@edu.tbz.ch"|"kfqqrP-pW5ZpO-Zued4L"
"rachele.shevelin@edu.tbz.ch"|"qAoff0-9q2Su4-FHcezI"
"cecile.mcure@edu.tbz.ch"|"uE3%u9-tdq8Fc-F9fb8n"
"marie-eve.yurkevich@edu.tbz.ch"|"#23Z99-V9teLT-fj2Az0"
"almerinda.paice@edu.tbz.ch"|"VSKJll-P5FN#@-kMs@fs"
"rao.howkins@edu.tbz.ch"|"Ms#2Qa-qoTFog-XKJUZj"
"serena.pack@edu.tbz.ch"|"$fxT$J-R%JhCG-w6iPRV"
"rebecca.mant@edu.tbz.ch"|"Rg8mu6-2c48JM-JThvs%"
"reserves.spitell@edu.tbz.ch"|"G2p&4k-Zu4bSA-yGs%hm"
"garcon.hamfleet@edu.tbz.ch"|"R4j1Kf-DU3%%%-WRAXcO"
"methode.kerkham@edu.tbz.ch"|"c3lW94-ESi9Y1-l8C9EO"
"pelagie.camies@edu.tbz.ch"|"E&PrA1-M#dY2b-y17T3Z"
"josephine.macpharlain@edu.tbz.ch"|"Ljl0wm-RmBJvB-BZvFf$"
"eugenie.mathet@edu.tbz.ch"|"zoN29G-NVMkrF-QfCjHw"
"gaetane.brangan@edu.tbz.ch"|"J@xzcA-h1yYp8-18j@Sa"
"michele.dewbury@edu.tbz.ch"|"xmFqIL-BBgJe7-Kn8qy4"
"eugenie.elcott@edu.tbz.ch"|"CwMUcs-aqmJO7-X#a00X"
"megane.harniman@edu.tbz.ch"|"gU$ekC-QTsG33-7zidA2"
"agnes.cluney@edu.tbz.ch"|"8mj1S6-k2lRh1-c9yqBr"
"marie-helene.angear@edu.tbz.ch"|"x8dEDl-OdfARk-8KIwi$"
"melia.dolphin@edu.tbz.ch"|"f@Vqxh-39NxX6-tBXqiY"
"lois.ruseworth@edu.tbz.ch"|"W83Bd9-jEuOKF-6em@AQ"
"mailys.ryding@edu.tbz.ch"|"r4UMI5-@ECJuk-C5I2o0"
"rachele.wulfinger@edu.tbz.ch"|"Ymw$Ip-NgkSgd-P2ykFm"
"gwenaelle.talton@edu.tbz.ch"|"pbi7Dp-SvO%yP-gWIIxl"
"long.ronchetti@edu.tbz.ch"|"PpB6v5-Znnny@-XN1UmK"
"styrbjoern.kloska@edu.tbz.ch"|"v9sGWw-LAlmFd-JlQng%"
"len.sudran@edu.tbz.ch"|"DRVE&F-hZtcVP-ndXFq5"
"maelle.andrysek@edu.tbz.ch"|"U9rtY2-vWnwBk-0E9dpR"
"selene.senior@edu.tbz.ch"|"rbx79h-vIBFwc-H9BCKY"
"anais.joskovitch@edu.tbz.ch"|"05wCup-mhl&HZ-A7YdoC"
"marie-noel.dally@edu.tbz.ch"|"hbT1D0-TPnmEY-Dsxhi9"
"marie-helene.laurence@edu.tbz.ch"|"pbOxwV-Be#4%y-x#GM@2"
"camelia.foxon@edu.tbz.ch"|"N5f0Yv-ntCRh3-MVpuAN"
"helene.cankett@edu.tbz.ch"|"zyEiNv-rWrUGC-DsB$VB"
"marten.mitchelson@edu.tbz.ch"|"vsGVqe-Idg2eX-$Za$$4"
"helena.stirtle@edu.tbz.ch"|"06MEqR-%yBy&e-R3P9z$"
"leane.barmby@edu.tbz.ch"|"FNc3k6-lpguNR-YhQ&3D"
"goeran.ofinan@edu.tbz.ch"|"2c71TX-LlkWiL-#P5N&U"
"styrbjoern.proby@edu.tbz.ch"|"NBlM2S-1PWc6A-zYZ1R3"
"zoe.halse@edu.tbz.ch"|"iQSfXS-se@PaL-ISLz#O"
"kui.drable@edu.tbz.ch"|"hK&8w2-Hc6z&i-pQuWAJ"
"desiree.bamford@edu.tbz.ch"|"65aZHh-tZTtIq-4dPmuw"
"zoe.suller@edu.tbz.ch"|"VSHzRf-N@Ydpa-asb30g"
"marylene.audiss@edu.tbz.ch"|"ic9VUZ-dz5g$2-h4WoEk"
"adelaide.poznanski@edu.tbz.ch"|"ZsCrBy-LW5eb3-AlAhZF"
"maella.coleyshaw@edu.tbz.ch"|"L2ysEE-EWtUr@-eQpASh"
"marie-francoise.gelder@edu.tbz.ch"|"qXxktp-KwTEUR-4QA8#5"
"eleonore.chaffyn@edu.tbz.ch"|"ntvWdU-f$i6Sj-g#fRjs"
"celestine.sikorsky@edu.tbz.ch"|"#Addcy-3FhscB-2Wy$cd"
"stevina.londsdale@edu.tbz.ch"|"T326Q1-sKibkY-KeBjZ4"
"maiwenn.nevitt@edu.tbz.ch"|"Z4cx3c-ozTPvI-tRdHXQ"
"magdalene.gerrey@edu.tbz.ch"|"K6UjCx-Qi%hrr-2q$%%n"
"becassine.latimer@edu.tbz.ch"|"AZYu#d-&NvO6a-h1w6aS"
"da.lethibridge@edu.tbz.ch"|"Z@GxCc-0W#UBU-f28fZf"
"mailys.claige@edu.tbz.ch"|"9kDPKO-1@C&S&-JbGMQN"
"maena.torbard@edu.tbz.ch"|"MK3i4k-e8%bE2-PdpRgt"
"solene.lyvon@edu.tbz.ch"|"iDreZn-#gxFmh-v8a7TW"
"marie-therese.benbrick@edu.tbz.ch"|"qDNlM3-HSRx1z-Zp05i#"
"gerald.edmonson@edu.tbz.ch"|"Ay8Rpr-%grm4a-pzUxex"
"ake.messruther@edu.tbz.ch"|"#%08Lp-$%DJq1-$0LVSU"
"men.gosneye@edu.tbz.ch"|"pqCLn&-E2flDP-Pu%EA#"
"anais.jefferys@edu.tbz.ch"|"zlm041-EpFSED-1V19Vg"
"publicite.tregale@edu.tbz.ch"|"a1zCC6-RPYv#f-VWLV&b"
"maily.santorini@edu.tbz.ch"|"&Re0Vd-k#CBwG-M#gIlR"
"ines.pioch@edu.tbz.ch"|"2Q0M1R-9cNwS$-ONHvhs"
"noemie.marklew@edu.tbz.ch"|"liGH%S-@6wXH3-AijAbJ"
"meghane.maccaffrey@edu.tbz.ch"|"sgC4VW-gM6YIL-F6X%2v"
"berangere.ambrogio@edu.tbz.ch"|"3sQTbX-KX&%LP-Qdd$8B"
"mediamass.ryce@edu.tbz.ch"|"SRpIZk-HwJ8Oe-kZCM8y"
"oesten.ubank@edu.tbz.ch"|"xJ916g-TTQxzf-%8ki1k"
"melina.mackee@edu.tbz.ch"|"7v9HFk-%6UMio-PRXTnT"
"theresa.livezey@edu.tbz.ch"|"ZAm#XP-rEqgVq-Jzyvm8"
"clemence.weal@edu.tbz.ch"|"IKd2PI-NPgIXW-KWqRT6"
"faites.overton@edu.tbz.ch"|"RlMlpN-J4G59F-yWUBmI"
"clea.lindblad@edu.tbz.ch"|"ewHetB-kWC0ci-XjcSnl"
"josephine.roseaman@edu.tbz.ch"|"j7DkSA-vZLYXq-xCOa6E"
"oesten.lowbridge@edu.tbz.ch"|"rQTxkg-w15HQh-XQF%F6"
"marie-josee.brion@edu.tbz.ch"|"CY%PML-IcjPv$-k#LoVQ"
"therese.basili@edu.tbz.ch"|"iJcfWr-mDhXs#-KsfKfT"
"melia.vertigan@edu.tbz.ch"|"vLQge6-kk0DQb-UjWgHN"
"judicael.saull@edu.tbz.ch"|"z8hZ&6-Zt31tr-Gns3fR"
"selene.valentine@edu.tbz.ch"|"#ApSKN-I6scSz-ZbT49A"
"verane.dunlap@edu.tbz.ch"|"@Q2@9V-f%fVP$-WLXg%0"
"meline.kinnear@edu.tbz.ch"|"gGoTs2-BoDrIT-H5vzV4"
"lei.luttgert@edu.tbz.ch"|"JY004q-es3YZN-6Nunn8"
"styrbjoern.lathleiffure@edu.tbz.ch"|"kQ559E-lmU%Ik-gP31xa"
"marlene.blasi@edu.tbz.ch"|"KQU5&6-aK683Z-OKURD1"
"mai.begwell@edu.tbz.ch"|"$FaniR-MwGwr%-&KHzN1"
"gwenaelle.kaines@edu.tbz.ch"|"AxazwJ-Gub%FD-%lKl3@"
"gerald.adamthwaite@edu.tbz.ch"|"8MSA45-ItqIRe-MLM8gV"
"kui.hartfield@edu.tbz.ch"|"ezUaM%-HRvRhK-@k6V42"
"salome.currao@edu.tbz.ch"|"L&FXKC-#S1LEn-O2NJ&T"
"angelique.tixier@edu.tbz.ch"|"xm3b#3-CORuXW-UBiGgW"
"ju.mcgragh@edu.tbz.ch"|"R&DvAs-%Pl8Hy-QO@1kC"
"dafnee.beachem@edu.tbz.ch"|"Z6E2U4-yJYwyz-&F4$V2"
"creez.terlinden@edu.tbz.ch"|"NetqlO-x1sju&-kUANLj"
"uo.mcskeagan@edu.tbz.ch"|"vXerLc-#L$Tfs-RCzjR2"
"edmee.mccaughren@edu.tbz.ch"|"ZEIMc2-86OHjI-wiJzEc"
"asloeg.cozby@edu.tbz.ch"|"Sme99n-Qk8&sg-d918hS"
"melodie.traite@edu.tbz.ch"|"F8RWVT-464&Wx-MRI@ty"
"dorothee.aindriu@edu.tbz.ch"|"#Q#&1t-IpD4AY-JDPu%0"
"daniele.doley@edu.tbz.ch"|"wLmtth-e80E52-3jMN0g"
"mediamass.fairclough@edu.tbz.ch"|"I03ShZ-SpWwqU-0tbNKQ"
"lorene.rainforth@edu.tbz.ch"|"J9bpQ9-svfVoe-W6AH7U"
"leonore.eyer@edu.tbz.ch"|"mPQWff-rmezyC-LNbTPw"
"po.spillman@edu.tbz.ch"|"RhpyF6-ehnyh%-3xl#xt"
"cecilia.plitz@edu.tbz.ch"|"Mk#b4a-VGFuje-YY$ldF"
"lorene.ludlow@edu.tbz.ch"|"HYzWOb-7K5$PT-#dfAlk"
"berangere.neligan@edu.tbz.ch"|"GwHd0t-K4904W-rFf@N%"
"simplifies.huggan@edu.tbz.ch"|"0pFuTR-%Y7glF-mybyKG"
"clelia.prandy@edu.tbz.ch"|"4J7g44-IJ@k8W-lw4l@$"
"ake.osban@edu.tbz.ch"|"Mf5HT2-Ijzi8g-VPpewA"
"cunegonde.brunn@edu.tbz.ch"|"EdR%2d-1L7fDo-%zFIb5"
"long.grizard@edu.tbz.ch"|"PZo9Po-6whCvt-R$Qv53"
"meghane.diss@edu.tbz.ch"|"jbdBMj-yn@Kmi-lH6grx"
"therese.oldman@edu.tbz.ch"|"ilkI7V-YEpNBg-j86I1#"
"boerje.scamerdine@edu.tbz.ch"|"Mq&TV%-dkUiNT-FdGRfg"
"du.saban@edu.tbz.ch"|"3axx46-qgYRUZ-BQFdAc"
"hakan.clynmans@edu.tbz.ch"|"7QFYtC-fZx@gO-XSbD$7"
"wa.macdowal@edu.tbz.ch"|"xB8AgC-y1VaS4-omngu$"
"venus.hatrey@edu.tbz.ch"|"Yq8n1a-GOtwys-VhB$MU"
"anaelle.vispo@edu.tbz.ch"|"dPfCKz-DX6HUh-EcloTi"
"mahelie.ollcott@edu.tbz.ch"|"L$uIND-E&FkrH-KAQ1DO"
"mediamass.whyman@edu.tbz.ch"|"$g8lj4-Mn6ZJG-rGKJHX"
"esbjoern.basson@edu.tbz.ch"|"x9Bnc9-1&qQjC-jtOQ1n"
"andrea.morrill@edu.tbz.ch"|"&FyJ&v-SgtLNH-xghqDQ"
"melys.grassi@edu.tbz.ch"|"y4N3Md-U6js2%-QH&8wS"
"leone.poleye@edu.tbz.ch"|"bC#&X@-SAZLNg-zYcJVg"
"francoise.penny@edu.tbz.ch"|"czd3on-7phOjI-#Z1#y6"
"rebecca.edney@edu.tbz.ch"|"HVb3qK-fqvxPR-LT42Z4"
"adelaide.murtagh@edu.tbz.ch"|"WmP#5V-1onLFH-54#dGl"
"stevina.winterbourne@edu.tbz.ch"|"NN7eMH-#JhIgG-$M51mG"
"ma.cottom@edu.tbz.ch"|"pijofy-tzazWA-A312Y&"
"tan.harold@edu.tbz.ch"|"Wu17ek-m1oZmn-$2@LpR"
"venus.forte@edu.tbz.ch"|"hU5WY&-tLNw9A-c8mZgR"
"almerinda.oluney@edu.tbz.ch"|"382Jz5-r75gRq-CznDym"
"cleopatre.brehault@edu.tbz.ch"|"DjDIgl-ZrzrvY-7q8ULz"
"interessant.lapides@edu.tbz.ch"|"64oLLj-wx4Ipp-WAdci1"
"reserves.hallatt@edu.tbz.ch"|"Ig#&J3-paZmbd-o5TEdb"
"annotes.birdwhistle@edu.tbz.ch"|"d40Csw-FVwTuY-t1k80e"
"ai.dredge@edu.tbz.ch"|"oZXb3m-TKt5H7-@ksUcE"
"megane.mussard@edu.tbz.ch"|"nliRF6-xl2X6L-YNjus8"
"esbjoern.gowrich@edu.tbz.ch"|"ZaA$Lq-mPQLjf-WelLU5"
"boerje.brislawn@edu.tbz.ch"|"j1KlAh-HQSBFB-XOWw5E"
"becassine.wilce@edu.tbz.ch"|"NWACdk-ESUuxg-Z6s3dM"
"personnalisee.oels@edu.tbz.ch"|"@o1Aam-cuuNM3-bh8vFX"
"verane.pett@edu.tbz.ch"|"mcyQjK-tE9wG@-YsOFAz"
"marylene.glewe@edu.tbz.ch"|"KeANZH-nQVAKP-&3QCvE"
"lai.elson@edu.tbz.ch"|"Wenbk0-QRS@p%-5ZSFPw"
"serena.difranceschi@edu.tbz.ch"|"H1#uGm-v8kmZ5-DBg9LP"
"lie.espinel@edu.tbz.ch"|"jdtpUZ-02AX2i-G1dFRu"
"marylene.fantini@edu.tbz.ch"|"HwyoeF-UPI0xp-#naO8s"
"andre.archdeckne@edu.tbz.ch"|"OxJkS0-Ydk3$#-4vYxWH"
"goeran.bohlingolsen@edu.tbz.ch"|"GwfGZT-iEImrJ-#EL1NF"
"cunegonde.heffer@edu.tbz.ch"|"H78XyJ-F5fVl$-cgELag"
"tan.fechnie@edu.tbz.ch"|"MkVCr9-XeJ$C%-ULDOwS"
"marie-noel.brammar@edu.tbz.ch"|"MzCVLm-#hLAZe-N6J#pX"
"simplifies.aven@edu.tbz.ch"|"EyKa%J-0X8x&Z-8TTGvc"
"melys.pinchen@edu.tbz.ch"|"WNxmbd-KxYCzW-6VcDF4"
"edmee.joyner@edu.tbz.ch"|"KpvIPP-7En%tC-QwA2eo"
"berengere.edess@edu.tbz.ch"|"f&zBDd-6CeHxM-x5Qfv3"
"marie-noel.goward@edu.tbz.ch"|"YmFtOW-qxqDHd-Hx0#1l"
"ju.edmons@edu.tbz.ch"|"CMQbYM-k9ltt%-Ke@r&H"
"frederique.airds@edu.tbz.ch"|"OAANsT-LcPdBD-RjVqnH"
"reserves.dauby@edu.tbz.ch"|"E1eViU-gkwAZo-Mmg#q%"
"hakan.gynni@edu.tbz.ch"|"nvNkH0-L@fLVf-PP%tK4"
"leonore.pinwill@edu.tbz.ch"|"BAb4M5-$z3rjh-OTgzen"
"marie-eve.mcallan@edu.tbz.ch"|"m%8%&X-#TanBd-TPQLl3"
"naelle.yeabsley@edu.tbz.ch"|"84DZzr-6yC2U8-k5Ih2L"
"nelie.jacobovitz@edu.tbz.ch"|"FZVrAw-NIiBZQ-AOSVMO"
"adele.conelly@edu.tbz.ch"|"NmNX4E-oc9gQC-$T#GGl"
"clementine.dondon@edu.tbz.ch"|"&e0Om%-&v56%V-vwp1b#"
"zhi.willcot@edu.tbz.ch"|"GGKaat-CbDJgb-4LokmT"
"chloe.janicki@edu.tbz.ch"|"c5LfLj-DIdQ9$-ZPQm7R"
"meng.linde@edu.tbz.ch"|"3dlVGr-REaNLC-1EI3b4"
"celine.janisson@edu.tbz.ch"|"6KysjZ-jSE35X-F@YuUN"
"clelia.crow@edu.tbz.ch"|"nTy1Bg-V9R4HS-O$OEmX"
"cecile.pyott@edu.tbz.ch"|"9ZJC1J-NH5KMv-tvT8w8"
"ma.fidelus@edu.tbz.ch"|"u#$ByY-OBfmax-s9D6mW"
"marie-helene.poore@edu.tbz.ch"|"$o&lPb-YpTncD-hcY6Lh"
"elies.blanket@edu.tbz.ch"|"%BPe4T-494XUE-@ydmOJ"
"yu.boyer@edu.tbz.ch"|"%o0GIH-Qmr&pq-2#4ogG"
"celia.welds@edu.tbz.ch"|"TOaLT#-pJ31@i-O6n3Lv"
"du.gunney@edu.tbz.ch"|"xZvXH3-gElcFD-EJ4QIm"
"goerel.crush@edu.tbz.ch"|"QBMLUM-vd0nqd-EWPy5X"
"marie-josee.brosius@edu.tbz.ch"|"5ScF#h-7WOydJ-@N5UD2"
"camelia.adds@edu.tbz.ch"|"MpcYSD-gB9tKC-h@mB9T"
"anae.irwin@edu.tbz.ch"|"bGgnHa-Nt#hK0-zuP@rH"
"cleopatre.skeffington@edu.tbz.ch"|"vsGUpj-dTA8Qu-#$CDdJ"
"gerald.suggate@edu.tbz.ch"|"rWoBNT-w9uCsU-K#2OTT"
"laurene.tailour@edu.tbz.ch"|"5y%64f-JEO0et-@s2plp"
"amelie.hoble@edu.tbz.ch"|"VWS7Or-pE6ePC-cyEDgO"
"venus.getch@edu.tbz.ch"|"hVQgZ@-L@OgSm-RfLSzT"
"renee.treby@edu.tbz.ch"|"V1m2LA-MXa$r2-Le5q#1"
"almerinda.stait@edu.tbz.ch"|"zy83uP-8WhJpl-XlulWl"
"andree.reddecliffe@edu.tbz.ch"|"SU9$i2-9GhaxM-Zwq0bj"
"leone.wintle@edu.tbz.ch"|"T4gy1W-hHcVPw-gL4$5Z"
"gerald.fellow@edu.tbz.ch"|"JZhUFO-tUziud-iekidp"
"ju.gudger@edu.tbz.ch"|"778j%h-Uah#Fb-5r#pwH"
"meng.ohaire@edu.tbz.ch"|"igAnf2-cDifO%-8oJNWi"
"cleopatre.missington@edu.tbz.ch"|"N2Q672-t1Vpv#-zONPNm"
"annotes.debruyn@edu.tbz.ch"|"rPjWiK-seG&ub-FQKOCf"
"gerald.sinisbury@edu.tbz.ch"|"38TlL7-im2Nfe-#GmD8O"
"creez.slora@edu.tbz.ch"|"pgVWNG-7LmBfh-iWVJeZ"
"gisele.benbow@edu.tbz.ch"|"KuiYJw-NS#DIT-C$Pxfj"
"pal.dossit@edu.tbz.ch"|"TrBCxm-lo7GJB-7Rkpjg"
"nelie.stirrip@edu.tbz.ch"|"9B54Cd-E8ASNa-Y@W56L"
"alois.ocrigane@edu.tbz.ch"|"XglGpy-ISXQ1P-arHIob"
"kui.mcterry@edu.tbz.ch"|"05Cz9c-O2O3GT-cuRwQE"
"long.willgoss@edu.tbz.ch"|"IwV7LT-wvSchf-ZcNXDD"
"francoise.sumpner@edu.tbz.ch"|"4xIT0I-4Nu7Al-477kAg"
"maely.grinstead@edu.tbz.ch"|"v$OKde-NaEDJ6-kr8WCs"
"creez.langeren@edu.tbz.ch"|"Chm6VX-HBnQ&a-g@iKiI"
"adele.dungate@edu.tbz.ch"|"mfSHOj-cG6v42-n@RP4$"
"cleopatre.noirel@edu.tbz.ch"|"fzU@$%-ZcN&%3-3R0ahN"
"interessant.daverin@edu.tbz.ch"|"VZSAjS-mKOer$-%3df8i"
"naeva.kalderon@edu.tbz.ch"|"mY3Y#n-UzIDer-JQ8bJy"
"anais.oshesnan@edu.tbz.ch"|"nMzmA5-mxZNSC-q1r#OM"
"judicael.anelay@edu.tbz.ch"|"BjFBpg-22y&yA-2%Uupu"
"eloise.braxton@edu.tbz.ch"|"#7XQo@-ktmf3I-IHSs8j"
"desiree.greguol@edu.tbz.ch"|"W@YY5W-WdqlCF-7UcQL2"
"maite.mcclenaghan@edu.tbz.ch"|"5ulopH-C7ptMk-Ws70S4"
"meng.doret@edu.tbz.ch"|"gM1EUA-lxH%aT-abOCMR"
"frederique.chippendale@edu.tbz.ch"|"pruC@l-4B&#FL-0W20U6"
"andreanne.lanney@edu.tbz.ch"|"r&X%vd-w9Azea-39Ms3e"
"aurelie.claus@edu.tbz.ch"|"tkzc6%-n$1wOL-#f$U#e"
"renee.pabel@edu.tbz.ch"|"&Dr6dM-Mxkzjv-zSzIAF"
"maena.roust@edu.tbz.ch"|"gXD@@j-QuIZ09-KYZ04u"
"nadege.carwithim@edu.tbz.ch"|"0&U7cY-cmyjTH-GiLbPg"
"solene.geyton@edu.tbz.ch"|"9Jg2f@-c3ItN&-NsdCa7"
"dafnee.avraham@edu.tbz.ch"|"kn4Q6j-uBRxvN-5UEazJ"
"leane.woolvin@edu.tbz.ch"|"X8I6Kr-zWsAk$-4%l4rX"
"adele.macadie@edu.tbz.ch"|"8mCq2k-OU8MSZ-rzh2aY"
"meline.rubica@edu.tbz.ch"|"9rKT6Y-gWXqeO-EWk1Y3"
"marie-noel.speeding@edu.tbz.ch"|"HHfhLi-d@IHfv-eNLutX"
"nelie.mix@edu.tbz.ch"|"hFu@2e-0#L4gx-PeXzCP"
"clea.ollett@edu.tbz.ch"|"HTg6yf-8Qbk09-T0BPAu"
"leandre.mcgavin@edu.tbz.ch"|"ZRxaZV-Y5J85K-QowGn7"
"cecile.behne@edu.tbz.ch"|"IiN3Jx-FCuWOT-Hr%pL2"
"melanie.polle@edu.tbz.ch"|"$O%vxK-yUdbRG-X&X&97"
"marie-josee.titmuss@edu.tbz.ch"|"N85DKR-gpJ%a9-NVvxgA"
"helena.guest@edu.tbz.ch"|"TTtdK#-bUrC3D-#s$so2"
"annotes.chicchetto@edu.tbz.ch"|"K&556X-zd$BBe-ivmybI"
"melia.tubb@edu.tbz.ch"|"Fc#VKI-ukEq$n-0OA3gY"
"angelique.casetti@edu.tbz.ch"|"tqKWNQ-79nBOe-ugAAGQ"
"cunegonde.cleall@edu.tbz.ch"|"9XdolE-ZzsKvf-9Zq92W"
"camelia.oaker@edu.tbz.ch"|"Dm2eM4-qVrejd-w8QFRf"
"you.searight@edu.tbz.ch"|"aoe$B@-AL@&B2-vkwCad"
"kevina.dederick@edu.tbz.ch"|"b3&lbR-KEPP7O-%QezPn"
"milena.jeffrey@edu.tbz.ch"|"T9r4xY-wjK2eC-FPwQa&"
"melodie.barkshire@edu.tbz.ch"|"jURXAZ-8r74fq-TFnNSJ"
"gaelle.kreutzer@edu.tbz.ch"|"QnKLVW-DEotE8-XKTvBh"
"kalliste.kleinpeltz@edu.tbz.ch"|"lMbGBa-b#5MfF-gbRu3S"
"clementine.danat@edu.tbz.ch"|"cFuDZo-ZUUs2U-eh#$Bl"
"andrea.wabb@edu.tbz.ch"|"qxjR7&-gOn@s7-xoRnNU"
"geraldine.piesold@edu.tbz.ch"|"PI6Jdb-G%vlFO-u%Yns&"
"tan.fiveash@edu.tbz.ch"|"4qTmtu-a@jJpK-DmpO#F"
"meline.yuranovev@edu.tbz.ch"|"Wx9oYF-amU7@o-BnqMXT"
"therese.holme@edu.tbz.ch"|"%203c#-K1t4R9-T4oqrc"
"salome.vaney@edu.tbz.ch"|"nf#wPz-LUK#Bf-g2RcGh"
"anae.abramson@edu.tbz.ch"|"dObQaZ-HjsmZf-UPO2TM"
"kalliste.jimson@edu.tbz.ch"|"xS9boR-dz3$VY-TmoyI%"
"selene.yole@edu.tbz.ch"|"CJ4NSU-28LBBb-Sk#4DL"
"agnes.defraine@edu.tbz.ch"|"0wkijK-@IIo3j-FA4G61"
"faites.mccluin@edu.tbz.ch"|"SIz0A7-Cqx2a4-#cYOlZ"
"athena.deme@edu.tbz.ch"|"qJi8Sb-BqIX1J-mH%tR@"
"daphnee.brigstock@edu.tbz.ch"|"a%nz&P-o##%l%-Lef%Us"
"goesta.skaif@edu.tbz.ch"|"08pFP6-mu5kq4-2F#bv$"
"oceane.jagoe@edu.tbz.ch"|"e00$ZY-#l3Ui9-WHi&3@"
"annotes.broomhall@edu.tbz.ch"|"xK0Wj&-Yd3A6B-A&B&61"
"marie-eve.ballendine@edu.tbz.ch"|"eIDpxw-x6daUD-luQJxD"
"melina.spykings@edu.tbz.ch"|"8@OuQ4-UClSvC-zq8zF&"
"laurene.ticehurst@edu.tbz.ch"|"Ejr6gj-7955Dz-GIaCur"
"fei.avramovic@edu.tbz.ch"|"pjwDe&-uNwLYz-A8K2va"
"publicite.strathearn@edu.tbz.ch"|"$wn%Jj-cRfBZ6-lhHSfc"
"torbjoern.garrow@edu.tbz.ch"|"y7r06f-C5LKKR-a@qCSJ"
"chloe.rubinsztein@edu.tbz.ch"|"p$yNWM-96SKfL-pSWmVB"
"mylene.demanche@edu.tbz.ch"|"HFES&v-waR5Ii-1fYjU%"
"mediamass.godlonton@edu.tbz.ch"|"Ap7kgY-fuk&&H-VXQBGB"
"renee.shurrocks@edu.tbz.ch"|"JfvH3x-s@0k5S-2L$LKD"
"maiwenn.jedras@edu.tbz.ch"|"vzUbB@-HUT&IZ-o&fByo"
"genevieve.castells@edu.tbz.ch"|"$MuyOG-vycdMH-r0gCC5"
"renee.sneden@edu.tbz.ch"|"nj#$9N-4tpc$Q-lAE%Cr"
"lai.mccallion@edu.tbz.ch"|"oSZm7U-ScDqZP-98Yy&3"
"kevina.impleton@edu.tbz.ch"|"W1x%sd-fRJkFG-$ojbtT"
"oesten.fresson@edu.tbz.ch"|"3TgOxF-$1V@s$-Xbk0sD"
"verane.shawley@edu.tbz.ch"|"5ELoSl-DAQoHw-UMrlv0"
"uo.sjostrom@edu.tbz.ch"|"vab8tN-e0w$dP-F&U@VB"
"gisele.gothup@edu.tbz.ch"|"m%4qxO-7ftSAG-rqwx7R"
"renee.beauman@edu.tbz.ch"|"5F2hCB-$C5qtM-C%jfnc"
"elies.loton@edu.tbz.ch"|"wrfA83-aRWMtB-Tpccmn"
"valerie.elsmore@edu.tbz.ch"|"S2ll5&-S4XEHW-tifd5m"
"berangere.delafeld@edu.tbz.ch"|"peWxUM-kw$ObK-xm3Gla"
"bjoern.schimke@edu.tbz.ch"|"whrvoh-gXacdP-DDV9@V"
"loic.ericssen@edu.tbz.ch"|"fY23YS-XXiTZP-M3liy8"
"creez.richarz@edu.tbz.ch"|"cl3zX@-nJMTKE-m3Z8G4"
"athena.grocott@edu.tbz.ch"|"v6aCHw-PyuO3r-n$t@OP"
"naelle.piotr@edu.tbz.ch"|"drccOW-vTkhSK-G&@VfU"
"maella.paulson@edu.tbz.ch"|"h$Mhkz-$MOR3h-ICAYTy"
"song.perot@edu.tbz.ch"|"lWI%Pu-ghJkLB-r6CyKE"
"kalliste.heckney@edu.tbz.ch"|"8aPrHE-tJU5I1-rnCvdQ"
"ake.vasyutkin@edu.tbz.ch"|"yjkDN%-ViPnRo-EdwocS"
"ma.castles@edu.tbz.ch"|"s9bT#R-we@E3J-0hPpMz"
"maely.monget@edu.tbz.ch"|"rrQtw0-4ZObKt-@mFAP$"
"tang.durbridge@edu.tbz.ch"|"kn4eFJ-b8NNB$-P4VmoZ"
"laurene.andrew@edu.tbz.ch"|"b71WYm-1SeUd8-A0n#Hi"
"lysea.beacon@edu.tbz.ch"|"ot4z&D-zQ3IZY-UGMZqy"
"leandre.peyntue@edu.tbz.ch"|"NZhXiV-msXA1e-3IlBmE"
"rao.trever@edu.tbz.ch"|"Ptxh8e-XuR9&6-Ikg2Jh"
"mahelie.streader@edu.tbz.ch"|"$uKVZM-1JEVLG-ezrqWY"
"maerta.andrejevic@edu.tbz.ch"|"#@kF7D-fs9&Hm-a5kVJG"
"goesta.tompkins@edu.tbz.ch"|"SuRUg#-xCqtLc-A%O9uI"
"helena.agates@edu.tbz.ch"|"mtf&cP-xN%mep-@mXp1D"
"therese.glass@edu.tbz.ch"|"Woi7Cc-Zlfc6K-WHROhs"
"alois.foan@edu.tbz.ch"|"3OzClq-njBu%1-GebSgY"
"becassine.melchior@edu.tbz.ch"|"eZ0FAI-neUIz2-NE#PuM"
"cloe.robart@edu.tbz.ch"|"ag6NKK-MIKh63-Hrl&jD"
"daniele.puckinghorne@edu.tbz.ch"|"WqjHP$-eCoySV-Z7TTwa"
"selene.cammidge@edu.tbz.ch"|"$Qf%6Z-MU%VYK-QiKLGy"
"regine.conochie@edu.tbz.ch"|"wMpfvh-K#fJdy-Obv36q"
"interessant.tuiller@edu.tbz.ch"|"Tl#R@J-0XJoUV-LD5hvC"
"long.tiebe@edu.tbz.ch"|"J8o4YA-JVYtFs-FxrUrD"
"mans.yele@edu.tbz.ch"|"&7ThfX-80aZA8-R3vMNy"
"ai.giles@edu.tbz.ch"|"BBeaz@-4a4eZ5-Iy7AO6"
"gaetane.hamberston@edu.tbz.ch"|"ATk$Fb-USt9Nq-HS&3oO"
"marylene.fenix@edu.tbz.ch"|"b2qYdL-#SL#mJ-SvGA6m"
"geraldine.graeme@edu.tbz.ch"|"wU8JlE-EabU4E-bwvQFL"
"tang.kinglake@edu.tbz.ch"|"fKJXJv-tdiGA3-nhpHHv"
"lai.challoner@edu.tbz.ch"|"3nFg#M-2HLZct-i4jXBD"
"desiree.mattei@edu.tbz.ch"|"eJOKTo-RPHJQQ-21m%sH"
"ake.erley@edu.tbz.ch"|"4$3dib-9pIK0z-ob4C#A"
"edmee.cavil@edu.tbz.ch"|"N7p64i-V1eBw8-zwahZU"
"alois.moyes@edu.tbz.ch"|"wWjG@K-kSW9sS-uGpUTl"
"becassine.pitman@edu.tbz.ch"|"0iiiXW-50yJ88-jZVCR1"
"ai.giacovelli@edu.tbz.ch"|"SNIWbx-1AUa@5-YCaj6A"
"judicael.fruchter@edu.tbz.ch"|"eUFOvj-AI4GNW-39R@LM"
"mans.mogg@edu.tbz.ch"|"bG5mG4-abEIKK-4qVE2Z"
"gerald.foyle@edu.tbz.ch"|"Q7CoH9-va2Nlq-F31ube"
"wa.androletti@edu.tbz.ch"|"9AcDN1-Zzv0cq-dszUT2"
"meng.ollett@edu.tbz.ch"|"HZPtZp-dtVOX9-bKiRWP"
"naelle.macmenamy@edu.tbz.ch"|"#7MHb$-BHJLgW-j4qrnY"
"gisele.mcramsey@edu.tbz.ch"|"YDgco3-xTBjsN-o&ELO1"
"meryl.scolts@edu.tbz.ch"|"VXjfhw-2xQ4wQ-qIm3J%"
"celia.bloxsome@edu.tbz.ch"|"qnsJ8T-miYd22-UvdaUr"
"styrbjoern.stuke@edu.tbz.ch"|"KgNt%Y-4MYiwR-os$QbE"
"felicie.gwilliam@edu.tbz.ch"|"%F&qdJ-sDDzrJ-NxM&aP"
"da.harms@edu.tbz.ch"|"MVpyb1-bGLwZV-Uw09yN"
"celestine.baulk@edu.tbz.ch"|"i0&#&y-tA9Zeb-nh@Vez"
"mahelie.blackledge@edu.tbz.ch"|"tj##1I-Xxo6Ac-Q5jwj1"
"meghane.salt@edu.tbz.ch"|"AjdItE-R%Xqzq-&uSs5V"
"methode.paxeford@edu.tbz.ch"|"l8l7by-5v88wj-wP%lDU"
"asloeg.milligan@edu.tbz.ch"|"X@GwOa-ZGmUh0-ZPaMHv"
"you.pellman@edu.tbz.ch"|"owureX-kzxzcZ-r5Y2Iz"
"loic.regenhardt@edu.tbz.ch"|"Za6o9A-pq0qkA-M8p0H2"
"daniele.savill@edu.tbz.ch"|"%t1A3T-SWGqNR-ntt4N&"
"alois.cornu@edu.tbz.ch"|"C0Jd3g-SFaC53-hX2DKd"
"oesten.govey@edu.tbz.ch"|"TmCqtU-gUoGjB-7yJsUf"
"marie-eve.louch@edu.tbz.ch"|"bWhn4S-3&9qW@-LAgx&r"
"theresa.wenn@edu.tbz.ch"|"S3M7Xu-zr9UFk-diCiUz"
"andree.eul@edu.tbz.ch"|"2HtxNo-311F4S-TGOujs"
"lie.paynton@edu.tbz.ch"|"2fS136-AcP7c@-NQCjPp"
"marie-eve.girodier@edu.tbz.ch"|"beqRc4-z&xyzM-#aMG1z"
"marie-noel.smithe@edu.tbz.ch"|"In2P$s-4ZAEtf-DN#%SV"
"men.bootyman@edu.tbz.ch"|"fBfY27-E2uOI3-nw&$2B"
"ku.sugg@edu.tbz.ch"|"r6yFOT-sv8Uay-AXvM&6"
"lucrece.roseman@edu.tbz.ch"|"SwEKgg-9TpDEV-JZ63ud"
"zoe.annear@edu.tbz.ch"|"GoPiYr-M%4SET-egytgl"
"marie-helene.rennebach@edu.tbz.ch"|"HfWu&O-5cbJLu-htSufH"
"lea.djurdjevic@edu.tbz.ch"|"Rbybj$-zdg#Bn-y9Q902"
"goerel.robert@edu.tbz.ch"|"KmerRu-&KMniR-SUYCvy"
"mylene.foldes@edu.tbz.ch"|"8c@qij-uZkace-Ne0gnf"
"faites.clegg@edu.tbz.ch"|"cNUe%8-Bn0L&6-Jg2mRH"
"marylene.crowcher@edu.tbz.ch"|"d21knp-WKcPTG-UhOIkH"
"aimee.wimpeney@edu.tbz.ch"|"uwPy48-GLhZAX-5uwbm%"
"renee.atkins@edu.tbz.ch"|"s8XvtT-Wie6JK-KnYqYZ"
"rejane.cainey@edu.tbz.ch"|"Nnh4Dn-k0VlCV-RQpOh1"
"solene.britney@edu.tbz.ch"|"AO4$E9-iqus%B-ekZ3a$"
"marten.shatliffe@edu.tbz.ch"|"4G8ca7-FvawAv-d63#fc"
"maite.issatt@edu.tbz.ch"|"Sp#rG3-N&0b$x-VXDT9B"
"maelyss.edon@edu.tbz.ch"|"ZZivv5-FL71Dx-5dxHBG"
"nuo.bamling@edu.tbz.ch"|"A96MyF-b8fIYh-q#aydA"
"anais.edards@edu.tbz.ch"|"Jcel&x-WXK7k0-afRIeJ"
"mediamass.bromet@edu.tbz.ch"|"sMLlfH-B%GlLP-Q7ohjC"
"beatrice.kimbrey@edu.tbz.ch"|"zWpPDv-78d9j5-rYn3lf"
"ines.lawranson@edu.tbz.ch"|"%%rUwi-q3pyJp-ULhfXH"
"kalliste.scandroot@edu.tbz.ch"|"zsQ&#$-mVwv2%-Uq@EL6"
"mans.barrowcliffe@edu.tbz.ch"|"4rXcrG-1f5px5-0q&BXq"
"irene.couves@edu.tbz.ch"|"$&EQVD-bXtJZ1-FADoZV"
"milena.mucci@edu.tbz.ch"|"qhHBR8-&p6rlw-i#c4zS"
"naeva.cow@edu.tbz.ch"|"Y0BtMI-dMs$LE-mb7dhw"
"audreanne.mournian@edu.tbz.ch"|"nOAqgQ-cnjTS5-G$#Yl1"
"melia.sinnatt@edu.tbz.ch"|"Jl@961-BHs$SL-XEQq&w"
"nelie.burnard@edu.tbz.ch"|"hAgcXL-h8WOdL-JV5ZNc"
"clelia.ashfull@edu.tbz.ch"|"qJFxE%-0SXRrP-3jJt$w"
"lie.macard@edu.tbz.ch"|"0VYRig-#H9mhQ-KrpzoG"
"valerie.matoshin@edu.tbz.ch"|"ydqZWb-e0%dl#-Ehwr4R"
"anael.hatherleigh@edu.tbz.ch"|"eUSxFG-Ludl&V-L85sJq"
"interessant.warratt@edu.tbz.ch"|"AUUuXK-qu5SCL-8Fcj&i"
"eleonore.volage@edu.tbz.ch"|"lnCFYs-Czrktf-jzXEJ&"
"zoe.stebbing@edu.tbz.ch"|"Yu13lV-N4TmbP-qp3$eU"
"alizee.nye@edu.tbz.ch"|"RvQb8@-tOx6Ap-9B5J1W"
"celestine.bramley@edu.tbz.ch"|"PCKIYC-WRrnlr-$l%$Lz"
"selene.philcott@edu.tbz.ch"|"b2Kuo7-cf5pmF-gtMoDB"
"tang.newens@edu.tbz.ch"|"4hTp&K-7@zaXb-rOZvaF"
"annotes.powys@edu.tbz.ch"|"O9SAX0-YO@kJ0-#HcHqI"
"lea.matthesius@edu.tbz.ch"|"bYYsgP-ogHOu&-AvWjw$"
"illustree.garlett@edu.tbz.ch"|"vrdAeH-x8JXs8-0BtrYg"
"maiwenn.meachem@edu.tbz.ch"|"a@DLuk-G7%Bq5-CarMFY"
"marie-francoise.mcbrady@edu.tbz.ch"|"JxMUSl-6MHcQf-Tn$I6R"
"illustree.gimbart@edu.tbz.ch"|"pT1uX8-9VWm6i-R9fR8B"
"melys.lyosik@edu.tbz.ch"|"Lx3lwm-h50vFw-m1@i3#"
"marylene.mcnab@edu.tbz.ch"|"&JBnQ3-dHtzMA-0Zxeub"
"gerald.blount@edu.tbz.ch"|"gOzVNc-55lX&@-NQ9ywj"
"clelia.shakelade@edu.tbz.ch"|"uS3&aJ-1gvyWK-u@a6D3"
"penelope.cridlin@edu.tbz.ch"|"19Ob4j-5OEwat-6p@qdy"
"maena.okuddyhy@edu.tbz.ch"|"4ff8v3-1PYhPW-UqlMnc"
"athena.keynd@edu.tbz.ch"|"fHtjS5-OIuY2O-hgLkN&"
"cloe.dwine@edu.tbz.ch"|"4q8@LG-0D9vQe-lbppV1"
"josephine.browett@edu.tbz.ch"|"jazhZA-Cjb6AU-c$Rxdi"
"audreanne.oscanlon@edu.tbz.ch"|"DD9#N#-%%6hzd-J%I$4y"
"fei.jeanequin@edu.tbz.ch"|"V7UxoJ-dT8wY4-JG%rcD"
"lois.gormally@edu.tbz.ch"|"6DSxvv-c072NA-RBB2AN"
"marie-francoise.finnigan@edu.tbz.ch"|"@LRYhC-#ZYEAv-3X8L&%"
"leonore.trussman@edu.tbz.ch"|"$yys2A-k$2crt-JRpqI1"
"anaelle.trumper@edu.tbz.ch"|"$IRbvU-EEX4dP-1%IEuA"
"clemence.dionis@edu.tbz.ch"|"p23T3i-Xvm@e0-JF#Ras"
"lois.tranmer@edu.tbz.ch"|"J0#21m-L6@95E-6QjQn#"
"interessant.volett@edu.tbz.ch"|"TGHUV8-ZOF@#C-2Op#EY"
"personnalisee.deackes@edu.tbz.ch"|"TgDuqe-p@8FS8-o1&ft5"
"lie.vasiliu@edu.tbz.ch"|"bSuRrY-V9TrOv-OtsaIZ"
"dafnee.lamputt@edu.tbz.ch"|"Ki2s$E-nrzRUV-ANOuKj"
"elies.bromige@edu.tbz.ch"|"pm$Gl3-rw%wwo-AF&1EF"
"helena.klosser@edu.tbz.ch"|"mS64tQ-83dv#&-LofUzN"
"andree.grim@edu.tbz.ch"|"wYWDXx-Rsa$9U-3rDmRN"
"verane.coldbath@edu.tbz.ch"|"uwifFm-lb%JU5-ilLhMJ"
"helena.bethell@edu.tbz.ch"|"YQPe3a-NWk$X0-0g0ePy"
"kalliste.carefull@edu.tbz.ch"|"jdbU2d-5M@C$u-6xipYF"
"regine.odams@edu.tbz.ch"|"T%x3K7-TikhkD-F3LQwA"
"len.stannus@edu.tbz.ch"|"pJltwV-LE1yF$-h7ig2b"
"angelique.works@edu.tbz.ch"|"fDK0lG-PaaExR-tg$aDp"
"goesta.rheaume@edu.tbz.ch"|"aAUP6c-FPzl6&-EgPEIM"
"maelys.tynnan@edu.tbz.ch"|"ZIc54r-Rp4BJa-3yko#o"
"maelle.carlesi@edu.tbz.ch"|"wOSK$0-dOL4gF-q0ev0b"
"anael.spurden@edu.tbz.ch"|"eScoIh-v8WQ@k-15XkqN"
"helene.pumfrett@edu.tbz.ch"|"lbCciq-0FvZc#-Kzi4DT"
"goerel.pearn@edu.tbz.ch"|"RP&crr-0m0XLC-5XnOmu"
"laurelie.dezamora@edu.tbz.ch"|"knGikv-N0rwuO-R5%#ri"
"yao.twidale@edu.tbz.ch"|"v$rK3u-CpZsPS-&hgc9E"
"berengere.sola@edu.tbz.ch"|"M#WcTN-9aOqhX-4NcT&#"
"maelann.hardistry@edu.tbz.ch"|"dfVxma-Kxthmz-Z0v#4Q"
"severine.littlefield@edu.tbz.ch"|"%An#En-EeV4pO-tpDobz"
"salome.heinl@edu.tbz.ch"|"McE6t#-sxLQEZ-HAK3Sm"
"meryl.warbey@edu.tbz.ch"|"tPO$B&-wuU9%S-tu92h%"
"da.hunstone@edu.tbz.ch"|"WD%7qO-Uh6O6t-j#EPCG"
"venus.broadbury@edu.tbz.ch"|"vzYOrI-rslSi@-Jcw7dk"
"meghane.rentelll@edu.tbz.ch"|"NBPrnA-hYGnmR-zuwWwS"
"marylene.drewitt@edu.tbz.ch"|"ZdnGEH-xgQYFP-Rv&kFh"
"melinda.jacquemet@edu.tbz.ch"|"DuGH5Y-3yV4Qg-Dcyjjf"
"marie-josee.keyden@edu.tbz.ch"|"q6ZtiJ-1SctqX-Ymh#GL"
"asloeg.montacute@edu.tbz.ch"|"28MCL2-diQoJ8-yB@hMO"
"ku.andreou@edu.tbz.ch"|"9D46MT-gsbiOD-lmr4#g"
"personnalisee.feaveer@edu.tbz.ch"|"YXaz3Y-xskEOr-H&L$wg"
"laila.emptage@edu.tbz.ch"|"adAJHQ-vH6MPA-Bj5t0I"
"bjoern.dawdry@edu.tbz.ch"|"W#Ah$7-2#mMZ1-N84hnA"
"marie-eve.dinsell@edu.tbz.ch"|"T1YVrk-MQ&BWl-Lq#&e9"
"helene.follett@edu.tbz.ch"|"g6pqge-ikUVO4-ZXLerx"
"penelope.cordero@edu.tbz.ch"|"Y7LQVs-txaQCZ-K6z%9l"
"boerje.beedell@edu.tbz.ch"|"hfohGM-TZQh%O-6w16LK"
"nelie.ferne@edu.tbz.ch"|"ZrG%Or-iCGUnF-qvRQhE"
"celine.ahmed@edu.tbz.ch"|"XL0Cc$-veOHeA-o3K34q"
"stevina.pimblett@edu.tbz.ch"|"4oM&Ga-rTpCNU-FujeiE"
"chloe.langlands@edu.tbz.ch"|"5Sbxmh-j93eh6-S8WFI7"
"simplifies.maude@edu.tbz.ch"|"5n#9yu-J$dMIy-eqJEOq"
"genevieve.decarteret@edu.tbz.ch"|"neoX#@-&etlv0-GvULah"
"marylene.mughal@edu.tbz.ch"|"8asmS@-%Od4kl-AU5yHO"
"goeran.guttridge@edu.tbz.ch"|"uxLpdt-B2S5qf-FBJDkh"
"michele.smurfitt@edu.tbz.ch"|"8u#2#H-k#ryAj-XFvH#x"
"methode.hadeke@edu.tbz.ch"|"$y7o#D-fspywE-xVnZug"
"therese.rispine@edu.tbz.ch"|"ot3zWp-bL3ALx-#E7nCA"
"goerel.plumley@edu.tbz.ch"|"X26eBD-@bfujY-b4HqbT"
"oceane.friett@edu.tbz.ch"|"IUjDP9-hUp1T&-J@iTel"
"marie-noel.achromov@edu.tbz.ch"|"HEXTTS-3rTXo@-hbbAIV"
"dorothee.storek@edu.tbz.ch"|"yoL8e#-slV$$K-92SqBp"
"goesta.whittle@edu.tbz.ch"|"FQRQr7-BloByz-&XGZJ0"
"desiree.casely@edu.tbz.ch"|"YdMy0h-CIj&HN-U4Mlr&"
"felicie.condon@edu.tbz.ch"|"ZeQ1Vy-sv8t7Z-gUA3as"
"maelyss.frisdick@edu.tbz.ch"|"q0qB91-Uz9&H%-cq@jHz"
"aimee.banke@edu.tbz.ch"|"ZSTVwG-j32qXL-QtHYEC"
"naeva.hodcroft@edu.tbz.ch"|"PzV%jN-fVYXuQ-BqllTf"
"laila.gerrans@edu.tbz.ch"|"KNxnv3-Pz9PYN-1X790b"
"daniele.scrimshire@edu.tbz.ch"|"59al5Y-Cq1IJF-hY$39T"
"daphnee.sheerin@edu.tbz.ch"|"0uwt7q-s%17Al-$Tj#2r"
"pal.vanyukov@edu.tbz.ch"|"4ORqSS-TU0G1c-%HsWt&"
"zoe.childs@edu.tbz.ch"|"nyzkED-fMsnCP-YS66S@"
"ai.corde@edu.tbz.ch"|"XfXvcb-NL2uqE-Fb4wGN"
"maelys.berryann@edu.tbz.ch"|"Hc%N7I-eySDXA-DD3aTb"
"cloe.gladding@edu.tbz.ch"|"Qm#BqL-6JFIRZ-3@VLbP"
"wa.kinnaird@edu.tbz.ch"|"9ZED0m-F2CnKF-hsgCvy"
"publicite.brittoner@edu.tbz.ch"|"AGHjjo-gd3Aht-xCD$cU"
"rao.windress@edu.tbz.ch"|"M%GSYM-t3XX6&-Cs6hqX"
"uo.kollach@edu.tbz.ch"|"hJjEr4-Eg%m1@-9wKgWj"
"josee.peskett@edu.tbz.ch"|"1aM94d-S$kqpH-HYGNaQ"
"annotee.hasel@edu.tbz.ch"|"aSeHJY-YajWq7-AmDu$z"
"cinema.lee@edu.tbz.ch"|"N4rk7r-R30d8s-tj$EG@"
"lai.vedeshkin@edu.tbz.ch"|"0zYeBt-k3oJnJ-lSykq5"
"renee.brisbane@edu.tbz.ch"|"D5VISx-6NA48p-nNsLLa"
"ophelie.blincoe@edu.tbz.ch"|"e3U99g-&&kA8Y-sa2ZBn"
"zhi.prazor@edu.tbz.ch"|"7wm2ap-jFKANd-LDyfhR"
"annotee.maddicks@edu.tbz.ch"|"CBox6j-1X0VGd-G1Bg7e"
"maelyss.codd@edu.tbz.ch"|"OZoGWH-8MDMzO-eHDDtn"
"celia.peplay@edu.tbz.ch"|"oGB9W9-q79nLL-iarSM8"
"interessant.skone@edu.tbz.ch"|"UWlfnS-VsdCMG-K2mrod"
"audreanne.hebdon@edu.tbz.ch"|"tBSp@r-kKR9ng-17Vw1b"
"oceane.glen@edu.tbz.ch"|"e8JZo9-&iir&N-2CP$CT"
"daniele.vanyushkin@edu.tbz.ch"|"ol2u&Y-nECBLS-g3mreg"
"daphnee.ayce@edu.tbz.ch"|"MYBqiY-NUGS7g-FmWNq$"
"andrea.attride@edu.tbz.ch"|"42bfXt-ShhPDz-v4OrXA"
"penelope.bridgwood@edu.tbz.ch"|"mB5J5D-yRTHp1-Nj60MT"
"mailis.drewitt@edu.tbz.ch"|"8$0BJe-&a#MyI-hF%7vQ"
"penelope.mollene@edu.tbz.ch"|"Qszu43-bfAGUa-IhHjV6"
"illustree.keely@edu.tbz.ch"|"8e6gYh-pdoURV-V0P3@S"
"meng.brisseau@edu.tbz.ch"|"V9yoz8-yDgM3t-E3T&v&"
"ruo.cleiment@edu.tbz.ch"|"ZlTpcl-9YxcO#-eMO$%#"
"maite.krammer@edu.tbz.ch"|"7&YVU3-Wmq@rL-L05lG1"
"genevieve.verry@edu.tbz.ch"|"SsG5WM-sBXiBL-5sAyeD"
"lea.olochan@edu.tbz.ch"|"p9EDB$-kHXSdu-@vfK0%"
"naelle.brunnen@edu.tbz.ch"|"8KwXDL-VcPk#4-$eSxZF"
"goesta.bragginton@edu.tbz.ch"|"%ieiOB-VZ7@V@-@DTTQA"
"fei.danilyuk@edu.tbz.ch"|"mb77DX-zWAunL-im#rrQ"
"adelie.turbitt@edu.tbz.ch"|"q9%zo6-gOW&7V-wC%lxx"
"marylene.nutman@edu.tbz.ch"|"cOONnE-$6xt%i-xTespg"
"therese.barbrick@edu.tbz.ch"|"pwnWVK-4#VD7&-6jeZLT"
"melys.kolodziej@edu.tbz.ch"|"MHP1P6-RjrNcQ-g%TP8H"
"melanie.runchman@edu.tbz.ch"|"8ceT6D-6YbRCi-7I2EEk"
"serena.lafond@edu.tbz.ch"|"YCJgr&-SpYeli-pCeKKH"
"pelagie.desmond@edu.tbz.ch"|"VFM@Bn-xJjDac-&1WCLx"
"wa.spickett@edu.tbz.ch"|"dK3XVI-bSNo1C-ckcA6P"
"po.shave@edu.tbz.ch"|"ZGr&wR-Y82Wsx-jPC8wg"
"song.huikerby@edu.tbz.ch"|"RN46Nd-f2qf3C-5pFDtp"
"melinda.bimson@edu.tbz.ch"|"w$W8Ox-kMCzFa-rJAQG8"
"personnalisee.toffanelli@edu.tbz.ch"|"uhJx7z-wPMcLv-91hlcZ"
"leandre.hurn@edu.tbz.ch"|"&#2Z#%-Yo5pZh-Xcp7MX"
"oesten.standell@edu.tbz.ch"|"6eS8Kb-UmryAY-r4kMzS"
"naelle.smaleman@edu.tbz.ch"|"6l6AwW-S6rKw3-ry$mEP"
"berenice.tayt@edu.tbz.ch"|"F5tSq#-h@w7zQ-Bqqcj$"
"kui.popplewell@edu.tbz.ch"|"x#1xya-sJ0lL4-%3&exk"
"melodie.ferandez@edu.tbz.ch"|"6REQ99-4H$7VB-&L9rck"
"josee.negal@edu.tbz.ch"|"4eCnl0-t$3v2l-GsU4hm"
"melissandre.ferrelli@edu.tbz.ch"|"L4r2x7-NFDTeC-RXtC2c"
"josephine.kemmer@edu.tbz.ch"|"a4ov2n-VhgM24-QJAJ0P"
"maely.cayette@edu.tbz.ch"|"vaFnMR-AZv7@m-hZuu0R"
"nelie.vela@edu.tbz.ch"|"mz4PvG-UA@OpZ-Vdb00M"
"melina.cortes@edu.tbz.ch"|"i8&Fem-4KJIPg-Atl9h4"
"megane.leyshon@edu.tbz.ch"|"8JQU$F-BOsks#-VJQEe&"
"regine.harrie@edu.tbz.ch"|"VfyTsA-prAtab-n23AqM"
"mylene.widdison@edu.tbz.ch"|"d%ZOVM-OQDsfd-s2DM18"
"pelagie.vivash@edu.tbz.ch"|"FUo1MA-QxAK3v-PLO0a5"
"styrbjoern.vicarey@edu.tbz.ch"|"cQksG9-$R4r1E-UYuAqN"
"long.kyles@edu.tbz.ch"|"H61HEj-%1R#9u-5IDjhl"
"stephanie.gipps@edu.tbz.ch"|"eKa#jG-bb2224-bXlDB0"
"clea.constantine@edu.tbz.ch"|"OvjmKr-YOhWwa-B1X4@L"
"maella.cometto@edu.tbz.ch"|"93F3#8-AoUl6o-jPmoiK"
"laila.aubrun@edu.tbz.ch"|"XWTQHC-N%pbo%-gsGQkk"
"yao.austins@edu.tbz.ch"|"aHrbYT-k2nW&#-enPE6Y"
"mailys.rylstone@edu.tbz.ch"|"@YC2PU-T#pRTc-SRc7Za"
"adelie.curuclis@edu.tbz.ch"|"PpuyHx-$jk9d%-czmB9R"
"celine.longhurst@edu.tbz.ch"|"roSj&k-kB#65P-IYlezC"
"gisele.hazell@edu.tbz.ch"|"#JH&Uc-zazJV4-8FNyUW"
"celestine.ciccone@edu.tbz.ch"|"6qbGuu-Hq0BW0-Tpuvrj"
"maelyss.doole@edu.tbz.ch"|"mASlGC-DA@o62-p%felQ"
"helene.grimsdike@edu.tbz.ch"|"wy1XbE-zC@ied-Yx%kAW"
"lie.macer@edu.tbz.ch"|"o$gMuA-QbS2%L-AafYuy"
"maely.izard@edu.tbz.ch"|"2MhkpD-jKOvQM-1Tip0m"
"erwei.breewood@edu.tbz.ch"|"5eAZBM-bFVdyn-dbkfq1"
"chloe.woolford@edu.tbz.ch"|"IXvgpW-52kGec-1zcPAs"
"cleopatre.turpin@edu.tbz.ch"|"uUx9yJ-UjQYxC-#zjDa7"
"melodie.surgison@edu.tbz.ch"|"pTPRCG-iI2COH-t1dC19"
"elies.leander@edu.tbz.ch"|"l7C6f$-xkn58A-gd7F9n"
"mediamass.reignould@edu.tbz.ch"|"p5H8E#-esum&V-7DP2oc"
"celestine.wasmuth@edu.tbz.ch"|"PfkuEG-Q7qf1Y-yXsKNU"
"marten.jervis@edu.tbz.ch"|"fIDV3f-6HAxt0-uHh39x"
"daphnee.bour@edu.tbz.ch"|"8RBwXE-nS6@GF-1f%PTw"
"regine.harlett@edu.tbz.ch"|"CBjjB5-@bps91-yJgaYb"
"noemie.macaskie@edu.tbz.ch"|"9poBU1-uVcwoN-SK4%RC"
"loic.renfield@edu.tbz.ch"|"kYoKNM-teC1e3-mncyqb"
"venus.kleinert@edu.tbz.ch"|"Y8CPNf-nOxJoL-9MjQiE"
"marten.burlay@edu.tbz.ch"|"@2VkWv-%KJm47-bv3xtC"
"berengere.radsdale@edu.tbz.ch"|"zG2Rq&-3in4Vw-WUQGlg"
"genevieve.duckit@edu.tbz.ch"|"G3p1ob-S4musd-&4L0xb"
"maely.ligerton@edu.tbz.ch"|"x9J#Z9-bZceCK-PYvAP3"
"maeline.ricciardelli@edu.tbz.ch"|"LO9OI$-zR8fLN-%536X#"
"personnalisee.yggo@edu.tbz.ch"|"K7IqU4-0DLSIn-eOpbtm"
"alizee.pettinger@edu.tbz.ch"|"bfUG3o-8c77il-CD3#A5"
"desiree.curnnokk@edu.tbz.ch"|"60s@8J-H6&Aeq-YpLW3n"
"dorothee.minors@edu.tbz.ch"|"Xk#Ze#-jX0REg-pyt7b#"
"oceanne.kopmann@edu.tbz.ch"|"oF97Gw-dRq4$O-E8cP2p"
"almerinda.brodbin@edu.tbz.ch"|"p#QwQy-XXjCWd-o7mArV"
"yenora.carsberg@edu.tbz.ch"|"rPFOMe-in88jx-#MQAbP"
"wa.beetles@edu.tbz.ch"|"ZWEgJW-9jt6Dq-N6gU1M"
"audreanne.abbot@edu.tbz.ch"|"ojXfm2-1fQg1@-0LdIkz"
"noemie.capper@edu.tbz.ch"|"xvwwOa-MsJGy$-$IBBbf"
"mans.abramamov@edu.tbz.ch"|"fIX%H8-vCjs9V-sA$6hM"
"audreanne.blakey@edu.tbz.ch"|"$ngaLY-jHN%wh-com2ZC"
"leone.klimpke@edu.tbz.ch"|"FVmP&l-Yf76b1-MuS&nx"
"lie.croston@edu.tbz.ch"|"CSgq#p-FGmm9E-bO1RHM"
"anaelle.baistow@edu.tbz.ch"|"yVdKPG-V9LwN8-iBu4IU"
"michele.garwood@edu.tbz.ch"|"oapmj3-Yh2Oyg-O3qC6T"
"interessant.albion@edu.tbz.ch"|"4motJq-WotG%Q-DYMMmY"
"andre.brisco@edu.tbz.ch"|"OxHaZ0-&VD5P2-bsVTiR"
"tang.totterdill@edu.tbz.ch"|"OyUYNE-vlEfJr-&IrP1m"
"marie-josee.braundt@edu.tbz.ch"|"NyyMOi-wK%DIX-$w4bvW"
"lois.galer@edu.tbz.ch"|"E4#Xh0-E6vAl2-JrPs#z"
"faites.pellamonuten@edu.tbz.ch"|"17&Xes-J4W6ex-Yzm#@Q"
"mai.barfford@edu.tbz.ch"|"JTneK0-OB%2vi-fmFutk"
"laurene.macilory@edu.tbz.ch"|"4EppDJ-AQzXHQ-Zz%gm&"
"elea.peak@edu.tbz.ch"|"OnC2lz-JpuwN#-wrp$kE"
"rejane.doni@edu.tbz.ch"|"bsc@7h-#c5vuZ-EfMf$Y"
"mahelie.ector@edu.tbz.ch"|"sV5af0-aFjKLz-g%TH0c"
"rachele.allum@edu.tbz.ch"|"EUn@Bs-tgcQrz-m3$K5k"
"laila.gerretsen@edu.tbz.ch"|"F@OIdZ-HniDIc-qqpigB"
"ines.bowman@edu.tbz.ch"|"&MB$qq-fP5fkA-0nv439"
"publicite.barbary@edu.tbz.ch"|"Rtg9I$-fep6$q-ByK6ab"
"mailys.smooth@edu.tbz.ch"|"hfjazW-rhb$3m-xZF5Ai"
"mailis.huguenet@edu.tbz.ch"|"Z439r9-qoH%6B-FLzmL0"
"lea.ewer@edu.tbz.ch"|"Ec@3Gb-FrG&8a-L6o2Vr"
