"email"|"password"
"melodie.vandervlies@edu.tbz.ch"|"@Z1S$i-fBiP&a-SQHLc7"
"angele.edgecumbe@edu.tbz.ch"|"2VBylG-rMY9R1-zKTXZJ"
"zhi.andreasson@edu.tbz.ch"|"kdp1tO-OJAE9W-nZO3r$"
"judicael.koppeck@edu.tbz.ch"|"GTZft&-g%h%OV-qh3hPB"
"berengere.capron@edu.tbz.ch"|"gZnU5k-x5yzFu-pJ#rOc"
"leonie.brosini@edu.tbz.ch"|"y0H3ly-HjFwEF-PFqlgi"
"venus.garfit@edu.tbz.ch"|"a4aleL-Ask5z9-6SaeUp"
"melina.janota@edu.tbz.ch"|"zX$fR5-LNkD$c-dMw0H&"
"laurene.bake@edu.tbz.ch"|"VEKT1r-UN98M8-M%auLl"
"regine.dorkins@edu.tbz.ch"|"23x#sm-gs2C$6-7u1Bg1"
"cecile.moffet@edu.tbz.ch"|"EVx#3w-bCaxoL-#qB%oJ"
"maelann.labrone@edu.tbz.ch"|"WIADky-X8FMfM-roVKZx"
"melinda.newbold@edu.tbz.ch"|"vD0Trt-U8Lmzo-R2AsTm"
"mans.itzhak@edu.tbz.ch"|"cva4x5-KpW65P-J3XTXh"
"melodie.pattlel@edu.tbz.ch"|"UN0kC0-4kHpYq-vREvL0"
"celine.bonett@edu.tbz.ch"|"QO#nTV-ees4d7-aw7Ccm"
"adelie.mcgreal@edu.tbz.ch"|"W5Wm%g-4Hr$sl-e#5R9z"
"helene.soldan@edu.tbz.ch"|"TJRGKy-Qxb0ah-AiTShz"
"michele.cluer@edu.tbz.ch"|"Tlcs&p-3M167B-c6HgJH"
"maeline.mueller@edu.tbz.ch"|"Kye#$%-1nxsGR-sAQIaq"
"maelann.benedito@edu.tbz.ch"|"XltXGY-TG%iVH-rVwIwJ"
"nuo.gransden@edu.tbz.ch"|"vYzAL3-lc0IVn-oOmomH"
"berengere.stainton@edu.tbz.ch"|"hQV4&C-eEla1p-s2eUaN"
"wa.sabater@edu.tbz.ch"|"cwxK1T-Z#ma2d-RTKPmA"
"anais.cochran@edu.tbz.ch"|"loj#An-GmzUjk-lbr0g%"
"gerald.bessant@edu.tbz.ch"|"n4tiuy-h5N6Sq-xez8@z"
"ruo.coffin@edu.tbz.ch"|"xUujSA-HQBN4$-7YSd4V"
"melodie.mustill@edu.tbz.ch"|"pYTAeN-zS@zZD-tyq$5b"
"ruo.stanesby@edu.tbz.ch"|"M7hS0q-BsoQ5M-atwQ3W"
"noemie.antognelli@edu.tbz.ch"|"Wv3dY$-sjVTmG-47ba4F"
"maelann.hughson@edu.tbz.ch"|"PGWITX-tYSVxF-wV3Cwe"
"milena.mieville@edu.tbz.ch"|"vfadXR-zchHto-K&4@SP"
"mailys.chamberlin@edu.tbz.ch"|"&yHQc0-@qxDto-VN0n&f"
"nadege.tomalin@edu.tbz.ch"|"fH%wxW-cbAtTO-cW7fe4"
"oceane.omara@edu.tbz.ch"|"QEz48d-#aTia3-Nri4oa"
"cecile.aguirrezabala@edu.tbz.ch"|"IX7l%X-4gCeGW-sop0gb"
"maella.gwillim@edu.tbz.ch"|"H7sZax-YMhxbE-Oa$h@Q"
"lea.mcgahey@edu.tbz.ch"|"S9JCB6-cg#wOr-NVNLYI"
"laurene.hagerty@edu.tbz.ch"|"El$NN7-AgNI0Y-I3E7gg"
"dorothee.link@edu.tbz.ch"|"ZjAdm1-uDzM7P-Tz8pdr"
"clementine.kynsey@edu.tbz.ch"|"WxL$Ki-CbvLfp-LmYuv@"
"lorene.smitherman@edu.tbz.ch"|"q5E@Z@-#rs7f1-e33OEA"
"cleopatre.klulicek@edu.tbz.ch"|"23aapS-civakw-GGOa%&"
"laurene.castaneda@edu.tbz.ch"|"vgwRJn-7A9RBq-@WF8K&"
"melia.constant@edu.tbz.ch"|"Tfacbj-9syKLH-#&R8zM"
"lucrece.clunie@edu.tbz.ch"|"Vrfz3Y-x&QCOj-Mn984P"
"eleonore.mcmurthy@edu.tbz.ch"|"kblWhG-ByTOAA-r33tZS"
"melia.bevar@edu.tbz.ch"|"Dn$PVJ-rrhgo7-u1@c@f"
"camelia.bontine@edu.tbz.ch"|"Pa32$d-W0Hihz-p1MkHx"
"methode.jozefczak@edu.tbz.ch"|"mm4jij-j53GVr-aW0mgn"
"audreanne.hinsche@edu.tbz.ch"|"ee3Uc3-cHQAwz-DRintA"
"andree.varne@edu.tbz.ch"|"Y&DeQa-eb@#vE-D8rs6b"
"marten.kinleyside@edu.tbz.ch"|"SA38zD-oRNZBq-nfS$Nd"
"esteve.mcewan@edu.tbz.ch"|"iSbgw@-kIU%r4-qrH%p8"
"leane.dibbert@edu.tbz.ch"|"GbjUwe-TldyQX-5cbqQw"
"ma.thewlis@edu.tbz.ch"|"fy9M6w-gfI6zk-oQj9Lg"
"clea.djurkovic@edu.tbz.ch"|"fN12aM-DYcb5O-XyCQ4o"
"rachele.reburn@edu.tbz.ch"|"l$lxSE-H3o0m@-bq4GDZ"
"gerald.gowling@edu.tbz.ch"|"a343m#-ZFELBM-euERR9"
"cleopatre.jackson@edu.tbz.ch"|"%lj0uP-AgmH8n-8SINqs"
"desiree.haskins@edu.tbz.ch"|"mbh8pT-m1SkUw-S76uIP"
"eleonore.longson@edu.tbz.ch"|"yUP7qD-#AkUoA-VgZ2P2"
"leane.dybell@edu.tbz.ch"|"84wo4w-PXa8YB-KYgX2#"
"becassine.grzesiak@edu.tbz.ch"|"lTXNmq-eWxCQb-1%tnK8"
"marie-josee.pickin@edu.tbz.ch"|"y9kjPX-6UVcm2-Ki6T4e"
"marie-josee.roxby@edu.tbz.ch"|"7HaXbC-cbPrSR-TNoV78"
"leonie.feenan@edu.tbz.ch"|"AN7D0$-eAYs@q-bC4wPS"
"valerie.ellum@edu.tbz.ch"|"4PQfP&-NeVlEZ-&jMj5z"
"ju.caseri@edu.tbz.ch"|"R%opU#-3NKbdY-Eq4APd"
"boerje.strangman@edu.tbz.ch"|"E$KPfI-O8Fi@n-k27kcv"
"beatrice.ghidelli@edu.tbz.ch"|"uyvH0l-9qj4X@-XvRTXl"
"da.jablonski@edu.tbz.ch"|"Huo4Cg-vfrR4D-T&amBE"
"uo.beveridge@edu.tbz.ch"|"XJu4ne-SguMvR-V5qPuV"
"valerie.bestman@edu.tbz.ch"|"t99X#8-ECrkis-xGmRVe"
"marlene.pohls@edu.tbz.ch"|"3YeXXh-RGgBP3-zMv2WF"
"ma.nolda@edu.tbz.ch"|"XsDoJO-BLpSyv-Ofq@AI"
"marlene.bisiker@edu.tbz.ch"|"pjSTww-f1kJd3-VLef4#"
"estee.babon@edu.tbz.ch"|"rbj8@9-KySEgq-fx41$j"
"simplifies.dmisek@edu.tbz.ch"|"9BkQCv-$6TfqT-&Y3gKp"
"selene.ganing@edu.tbz.ch"|"TxHyHV-ukdmsf-Zkh60@"
"meryl.penke@edu.tbz.ch"|"OXQdUL-RR$%lN-e%SCH0"
"anais.rawcliff@edu.tbz.ch"|"XRqOUz-V2XKzJ-%TMSw%"
"melina.andri@edu.tbz.ch"|"tP9AKA-s#D8nV-JWONcH"
"audreanne.fodden@edu.tbz.ch"|"T#Nqf2-1Vfs6Y-imD81A"
"bjoern.spellesy@edu.tbz.ch"|"DGg0Gy-@G0mrm-74obUr"
"francoise.summerscales@edu.tbz.ch"|"Lrj2b9-4V%oIa-tjpuA5"
"laurene.ashtonhurst@edu.tbz.ch"|"RD3@#M-xRWb&l-dhJQGq"
"valerie.petters@edu.tbz.ch"|"5DrGb4-0pB&hi-p#6nDq"
"anael.spenclay@edu.tbz.ch"|"W8c54o-VkgORf-waCHWo"
"stephanie.keech@edu.tbz.ch"|"Iz99HQ-$M%ytD-jIAeh9"
"ines.deveril@edu.tbz.ch"|"mTyAT5-GExr9i-BIgAHg"
"berenice.gelder@edu.tbz.ch"|"C2GopY-OslcsX-jQ6ZDF"
"melanie.ofogerty@edu.tbz.ch"|"TXJhWx-NU&6to-JbjgqP"
"frederique.canepe@edu.tbz.ch"|"VBBWer-SWc9G6-DP4EEB"
"nuo.otton@edu.tbz.ch"|"bxo6zx-qXsqa%-NDb@eP"
"genevieve.trusler@edu.tbz.ch"|"ZeWEqD-n3KgPE-6m61Uu"
"ju.boag@edu.tbz.ch"|"zj3E5j-wSaLpu-VE21N$"
"josephine.dilucia@edu.tbz.ch"|"Ig@r0x-&Zdbpl-hS7yf9"
"laurene.armsden@edu.tbz.ch"|"POkgII-qSwGSy-Z8cmda"
"becassine.griffe@edu.tbz.ch"|"ABgZiY-BNDBcL-N4evHc"
"alois.parres@edu.tbz.ch"|"TzdOOh-SjTOHw-B8lxeb"
"cleopatre.gaffey@edu.tbz.ch"|"#yyU14-e%6WSR-0ZMgkk"
"andre.stiger@edu.tbz.ch"|"E7$BEk-68k53Q-mTg@Kr"
"beatrice.godleman@edu.tbz.ch"|"MVYrYu-vSchJS-lZE7ED"
"hakan.harrhy@edu.tbz.ch"|"By$Qps-Xe3tcm-oRzk8i"
"celestine.dagnan@edu.tbz.ch"|"N5V6K2-gXm$3j-K%J9ga"
"clemence.haggart@edu.tbz.ch"|"z8da#N-2K3zJ0-mlM2X4"
"long.caban@edu.tbz.ch"|"qOm2yY-viDedD-wWGQaJ"
"gaetane.grimble@edu.tbz.ch"|"zId@Jk-nEsSK5-86XDAE"
"maelann.piwall@edu.tbz.ch"|"kMhuO9-oFAGPK-@TC&3X"
"magdalene.loble@edu.tbz.ch"|"cc3chq-X8eE%2-dLT#by"
"veronique.domaschke@edu.tbz.ch"|"HH18Un-68%ttM-sCMsoA"
"clea.herity@edu.tbz.ch"|"Jtg54j-X3EC%f-nBdeOj"
"maelann.bambrough@edu.tbz.ch"|"P14Lm8-U5K4rK-&yMo#h"
"clea.goulstone@edu.tbz.ch"|"Q1BC%H-7P%KX2-PQns3w"
"renee.deleek@edu.tbz.ch"|"UP85nV-lJsy9$-&q2zjf"
"boerje.rudderham@edu.tbz.ch"|"HAMDWb-&@wv%M-LLIcxO"
"marylene.broune@edu.tbz.ch"|"aLvlbx-$Cq5Ld-WSVpVE"
"nadege.mccuish@edu.tbz.ch"|"gE&mpY-%iYxa&-WbkkR%"
"anael.littleover@edu.tbz.ch"|"fCxM&s-6bYQjN-T5hgqw"
"lie.baume@edu.tbz.ch"|"VIbtph-mABCIA-pfh0xP"
"maella.murrow@edu.tbz.ch"|"eMfpnh-%kLiQr-LAPoA3"
"cleopatre.pettifor@edu.tbz.ch"|"N44DX4-rl#gC%-@ES2UG"
"geraldine.asker@edu.tbz.ch"|"pIqV@6-vvQKbN-Q@k1QA"
"gaetane.smedmore@edu.tbz.ch"|"wNzDZV-YBiaOs-CBfG6T"
"meryl.blencoe@edu.tbz.ch"|"wI$Min-2GWllc-UDWauH"
"aurelie.chastaing@edu.tbz.ch"|"UupQLf-UaRUt8-szHYDT"
"oceanne.marthen@edu.tbz.ch"|"2gKSR%-fkE%$F-I1GGLc"
"dorothee.burrill@edu.tbz.ch"|"55#Vgh-UxkXkx-SlUiul"
"hakan.belden@edu.tbz.ch"|"Jw%7&J-FtnxH#-p74I#v"
"celine.brunning@edu.tbz.ch"|"68OCx&-79vriB-JaAlrl"
"anael.lapides@edu.tbz.ch"|"#hl7r1-jGD$3i-Ev%iwR"
"ruo.saffran@edu.tbz.ch"|"UVNmuO-X84IM6-w5PLL%"
"loic.gerretsen@edu.tbz.ch"|"S0jZzH-VQl33V-vH2bjA"
"rui.fitzer@edu.tbz.ch"|"YQT8wF-oicOs&-SfmcoG"
"annotee.ogers@edu.tbz.ch"|"oHzjbr-S9uA8r-t0cpNA"
"boerje.bindin@edu.tbz.ch"|"Xy#IME-z82bNe-h&Jjzz"
"ma.cronchey@edu.tbz.ch"|"yj@udC-STjk$x-Iceyq6"
"laurelie.baiyle@edu.tbz.ch"|"upthzE-vPve0a-dfLe53"
"dorothee.older@edu.tbz.ch"|"UsBD7P-5mqcaU-AiVAao"
"laurena.wile@edu.tbz.ch"|"UlEd6D-uMZvip-9bY707"
"clemence.brito@edu.tbz.ch"|"@oUko%-RH9b&q-4aYIBu"
"nadege.dallin@edu.tbz.ch"|"#VFwRu-B19w5x-@m@nKm"
"mailis.matley@edu.tbz.ch"|"7@om&j-MInbzt-thxpXg"
"daniele.screaton@edu.tbz.ch"|"iRDqpc-yfXL1r-lSMLcE"
"mediamass.godly@edu.tbz.ch"|"@LzqFK-YqlHHz-zcE0f7"
"leone.kremer@edu.tbz.ch"|"0wMuZ8-i8IG@S-Ssmg2A"
"asa.adrian@edu.tbz.ch"|"FItVNs-2WhXGT-q3gq%2"
"adele.doley@edu.tbz.ch"|"fzDXYV-gWZ6oY-OgQcVE"
"fei.sidney@edu.tbz.ch"|"JNRQ#N-gZUWSx-Zy&Cr5"
"marie-josee.walisiak@edu.tbz.ch"|"hi3zju-IWZX8A-IzscZ5"
"desiree.diplock@edu.tbz.ch"|"mz$Kr7-kD%tZb-uvoU1Y"
"gisele.schust@edu.tbz.ch"|"9iM52M-U#lkUm-OKoMeD"
"ma.longshaw@edu.tbz.ch"|"i8xxg1-QVzu4%-WeMF5v"
"da.boother@edu.tbz.ch"|"UXO2MY-poYJlD-mXe&mH"
"simplifies.chaudhry@edu.tbz.ch"|"xGLE5k-ioFMlZ-0erGq@"
"garcon.baniard@edu.tbz.ch"|"$8ZO3h-%c3BKL-QEj9s6"
"gaetane.elphee@edu.tbz.ch"|"i$lpEN-A$xPxi-I@n883"
"gisele.hassey@edu.tbz.ch"|"@LQ2uR-alwMGI-1eDEhg"
"oceanne.booley@edu.tbz.ch"|"291CEw-S1$G1V-2sVOsG"
"oerjan.dibden@edu.tbz.ch"|"tJR3FA-htgFcQ-#h1Hxy"
"regine.ocleary@edu.tbz.ch"|"MOI7pk-TcxGoK-nYGSkE"
"selene.persse@edu.tbz.ch"|"PBi1zN-W$zUf3-AH1AMU"
"helena.adenot@edu.tbz.ch"|"x2zYqc-%RDJA$-P0iIM$"
"maelann.wassung@edu.tbz.ch"|"OPfT7#-zjtu#d-bFXy%u"
"frederique.ackermann@edu.tbz.ch"|"fsILEq-cGP8IC-ksl7R0"
"audreanne.kahen@edu.tbz.ch"|"qEbro1-VlXEad-jAtuME"
"maiwenn.lasty@edu.tbz.ch"|"KjRaek-mN$CIv-SQ50St"
"yu.dictus@edu.tbz.ch"|"WoYkm1-@wh#hb-7GxcwX"
"anae.dukes@edu.tbz.ch"|"2wjEG6-WbnFTJ-koRjfw"
"yenora.warr@edu.tbz.ch"|"CBtFFj-DK3tEA-sjajuV"
"esbjoern.archibold@edu.tbz.ch"|"Yb@yct-GFRtj5-bAdtha"
"milena.pardal@edu.tbz.ch"|"Ddw5Sd-9T$TMK-S&N03O"
"celestine.graveston@edu.tbz.ch"|"eklRDG-QS#DCV-#tlXPe"
"maena.dallas@edu.tbz.ch"|"UR55Ym-cpWf01-62$HCw"
"andree.tuke@edu.tbz.ch"|"YhlHdd-7HXij3-SMG7#G"
"methode.seldner@edu.tbz.ch"|"$Ut73c-ZicekM-Ta3$H0"
"venus.bullas@edu.tbz.ch"|"UadO9P-#9Z1fi-NsmmKR"
"mans.aguirrezabal@edu.tbz.ch"|"Gf&0Vz-aZNWtw-&rs$8U"
"gaelle.eadington@edu.tbz.ch"|"SGJ5f5-p8NmAc-wT%hQ$"
"anaelle.falkner@edu.tbz.ch"|"JXR9R3-EeaFJ9-vRhQgK"
"ophelie.height@edu.tbz.ch"|"gtcVg3-FaqsT1-ECg%3D"
"marten.bolding@edu.tbz.ch"|"#4ejdw-&jOrXF-cFVcXW"
"pelagie.guswell@edu.tbz.ch"|"pq1O72-9HY2J#-kd1KiY"
"gwenaelle.lecount@edu.tbz.ch"|"icZH0s-9GlJA@-5mkES5"
"hakan.laden@edu.tbz.ch"|"CxOnmE-G4XtnR-Oc8VhL"
"marie-josee.hylands@edu.tbz.ch"|"ZW1jTn-v#@ScM-BKwmrg"
"zoe.kingshott@edu.tbz.ch"|"4$J94r-@y6Nai-os@R%b"
"josee.janous@edu.tbz.ch"|"S%dPR4-E9uf$b-7b9$$w"
"laurene.gallally@edu.tbz.ch"|"z7RY$N-YR1GAO-kEd0I%"
"anael.bickle@edu.tbz.ch"|"g#vkk4-bjk$Z0-1xh0y5"
"mediamass.lebbern@edu.tbz.ch"|"%Jiag2-9epi3d-p&lQV%"
"berengere.hovy@edu.tbz.ch"|"Qz2Wzl-lMr315-2ROHgU"
"oerjan.kilmurray@edu.tbz.ch"|"XP4SLv-Xu43Od-K@3ZZI"
"asloeg.venny@edu.tbz.ch"|"ahsc&T-qvV4re-0RJR8U"
"marie-noel.stoad@edu.tbz.ch"|"$9PLK8-a5X@UX-Ilh3Oi"
"hakan.pettifor@edu.tbz.ch"|"McOvoD-WLLq29-BfB#XT"
"maella.willgrass@edu.tbz.ch"|"8iStSQ-Hmge20-ai36x3"
"therese.ludovici@edu.tbz.ch"|"qtY%%b-tAIhII-cN5AVs"
"stephanie.trewhitt@edu.tbz.ch"|"&0zigg-je$3DM-bmSB1d"
"maerta.bauduccio@edu.tbz.ch"|"4%KTri-ATUdhS-pI$o$f"
"gaetane.glaisner@edu.tbz.ch"|"o3qFXj-tJzEDp-6qxz#P"
"naeva.pargeter@edu.tbz.ch"|"drxjlH-gM9Zbs-kW4PQu"
"salome.venable@edu.tbz.ch"|"h50SMY-o1VbwP-L@aS3@"
"boerje.thickett@edu.tbz.ch"|"3g9tKz-6pNw1#-K1rcGj"
"lucrece.prendergrass@edu.tbz.ch"|"POMHNk-Z8z@#E-TDYU3v"
"laurene.ockleshaw@edu.tbz.ch"|"9%UELT-txkS7f-mX@ytY"
"cecilia.pasticznyk@edu.tbz.ch"|"WJGcMo-sWnyII-qWcHAF"
"stevina.mackey@edu.tbz.ch"|"BWOfnR-e3m0P0-XySak#"
"marie-noel.reven@edu.tbz.ch"|"@IhmSe-tQTjrS-skF&$j"
"melina.quilkin@edu.tbz.ch"|"Inrcsu-O$vJoE-1Chl28"
"marie-noel.ferrie@edu.tbz.ch"|"Lsh#xu-c51xBJ-G2Odk8"
"leone.alphege@edu.tbz.ch"|"rRdE5%-YcGT8o-WXzGg1"
"zoe.leverson@edu.tbz.ch"|"7C2Qgp-WInnaY-qxLWk9"
"annotes.grayne@edu.tbz.ch"|"QWsU6d-bD4PRn-hAtJ6E"
"faites.lalley@edu.tbz.ch"|"EvUHoA-ZciinX-vdaoD7"
"adele.wallis@edu.tbz.ch"|"Ub28Xt-lN2nS5-H00vmR"
"severine.madill@edu.tbz.ch"|"HXO&cO-8keQPs-7mPhkT"
"valerie.tebb@edu.tbz.ch"|"5Sl6A1-m7sDQw-jlz9OQ"
"kalliste.rasper@edu.tbz.ch"|"1FENlq-rYqfnl-vaDpVH"
"audreanne.palomba@edu.tbz.ch"|"@s9Kf#-Jjv$q0-gGLXj&"
"elea.adamik@edu.tbz.ch"|"4mU7Si-X@t60j-Y9R0hX"
"reserves.jakuszewski@edu.tbz.ch"|"Y@Cxmu-VbBva7-#fGwth"
"athena.belhomme@edu.tbz.ch"|"Fz6dI#-Vz51MT-UyL1bS"
"rebecca.crippin@edu.tbz.ch"|"OmYc0A-nOkvIP-jUFBHL"
"maiwenn.curman@edu.tbz.ch"|"Wmzl7b-6I9RfL-zS&o3J"
"andree.bunner@edu.tbz.ch"|"LzcSjR-Yj51Ky-vp15%%"
"ruo.winckles@edu.tbz.ch"|"51no3b-KjdDn&-2Z#RHD"
"naeva.buntine@edu.tbz.ch"|"VMgkvp-ouxcsf-0T%TP&"
"boerje.dollard@edu.tbz.ch"|"D0WObu-%SMmSN-Yu9$bc"
"penelope.gorman@edu.tbz.ch"|"h01pJU-6b6Y8A-eV%BQ1"
"alois.robelin@edu.tbz.ch"|"ep%zLb-OR$i#B-612VpV"
"anaelle.tindle@edu.tbz.ch"|"@2w4yf-E%TPs@-sGRJxH"
"ye.frears@edu.tbz.ch"|"ChUM8M-dcB@mB-7VUD$S"
"andree.ovid@edu.tbz.ch"|"@5NnFS-arPUs8-HVdriR"
"hakan.peat@edu.tbz.ch"|"KIyVJ0-X65C##-S&x&Bk"
"andre.januszewski@edu.tbz.ch"|"KLxUnw-#QUKxU-n#oEsN"
"annotes.clemmett@edu.tbz.ch"|"KbzEWA-nwZIJe-@XL$EB"
"pal.lambswood@edu.tbz.ch"|"zk#WMS-HLkSey-dX#L&Y"
"yao.lenton@edu.tbz.ch"|"ytuoJh-i#A57L-6mJ8B#"
"hakan.boyton@edu.tbz.ch"|"qc2yMi-$uoijf-#jI4ta"
"nelie.forsey@edu.tbz.ch"|"O@Hp9R-B7B3G6-sF3z05"
"hakan.horche@edu.tbz.ch"|"2abHMo-a&l3Uo-G6EHUZ"
"lorene.sinkings@edu.tbz.ch"|"TVATh2-zPxDO0-UdQKyM"
"marie-therese.creddon@edu.tbz.ch"|"Ec23Z7-xs$Qug-ZprRwI"
"berenice.tolworthy@edu.tbz.ch"|"Fs3Ui@-1qjtm3-c5wGIp"
"theresa.land@edu.tbz.ch"|"pVNqgq-%yP9c8-OBW@kZ"
"marie-therese.gianilli@edu.tbz.ch"|"$UMSEI-4%dLl5-SFk$19"
"meryl.glew@edu.tbz.ch"|"ul1gEZ-bgM%IY-fz7rJw"
"adele.debling@edu.tbz.ch"|"&1k@Yb-wPAdH9-LmBl86"
"anae.metzke@edu.tbz.ch"|"ZK9ia%-A@XbIh-#6OJuv"
"gaetane.gooden@edu.tbz.ch"|"VfSMms-&cEqKr-tkmltC"
"laila.bootland@edu.tbz.ch"|"fdJn51-8rZRGn-TNvlnI"
"maite.helsdon@edu.tbz.ch"|"&R3#Ht-5TQjNT-vcek&S"
"andree.malley@edu.tbz.ch"|"AEZH&q-Vu1fJK-w&KIXB"
"pal.simmens@edu.tbz.ch"|"50TMAs-lLe53$-$jI$nN"
"maelys.nuccitelli@edu.tbz.ch"|"%47Jfk-cG4E7@-A2Mela"
"dafnee.sibary@edu.tbz.ch"|"u%uC#p-#@A7I@-8a1bJm"
"alois.harsnep@edu.tbz.ch"|"CNdcpV-5Xv39O-zqTRqx"
"marie-helene.lacky@edu.tbz.ch"|"yS#i4J-F3PRe2-g%IN5n"
"mylene.youthed@edu.tbz.ch"|"Y0S%%&-tl$Fw0-75oPSQ"
"marie-helene.dehmel@edu.tbz.ch"|"HNAFCc-N#Cl9s-&eym6Z"
"angele.batman@edu.tbz.ch"|"IbGoEC-pcSXxs-ipyaAd"
"melia.younghusband@edu.tbz.ch"|"IM&1Cc-pr$BeV-vT$Y1X"
"eloise.baldi@edu.tbz.ch"|"j4HWUb-2e7aoN-M&gFts"
"illustree.dun@edu.tbz.ch"|"%jNDAE-B89XOa-Q0R7KB"
"genevieve.late@edu.tbz.ch"|"&d1C46-8o8MZv-b6tEkN"
"celestine.colville@edu.tbz.ch"|"LsMHuQ-EJUxWG-KfOeU9"
"gwenaelle.scarlon@edu.tbz.ch"|"ciRYK#-hrTpsO-j&L193"
"regine.boddie@edu.tbz.ch"|"HEPHE4-nyP7TU-X96WVY"
"creez.gaughan@edu.tbz.ch"|"%M3q@2-p31&wg-BxkWG4"
"gaia.longford@edu.tbz.ch"|"PHYNgP-j4dt5c-9y2YeJ"
"mailis.buckby@edu.tbz.ch"|"gK15Af-PbRAZ&-rSs8j0"
"song.parbrook@edu.tbz.ch"|"#NVEWS-ENtgV0-n4TZpJ"
"frederique.heddan@edu.tbz.ch"|"S#$79q-9#0yiv-#$dzPu"
"ake.kirtlan@edu.tbz.ch"|"GbQY#f-jPq%E$-@bEwK6"
"nelie.runciman@edu.tbz.ch"|"Ee$6AR-HAlC7O-f%NZQe"
"mailis.cardnell@edu.tbz.ch"|"fdgL#Z-BvEMU5-dYKJ3c"
"irene.navarro@edu.tbz.ch"|"d$t0iV-C7Hn3j-bdbT8D"
"maite.cough@edu.tbz.ch"|"8l1Lqa-0c@dUA-p8Gf9X"
"anaelle.stocky@edu.tbz.ch"|"gmsArU-t6rMOJ-GybEw1"
"methode.moulder@edu.tbz.ch"|"AqH$$2-k6XnQE-aLADIR"
"po.stafford@edu.tbz.ch"|"HT8vOR-eAM@RA-B7yflR"
"faites.scraggs@edu.tbz.ch"|"mv536V-Ra85Yr-7lIrWK"
"adelaide.dullard@edu.tbz.ch"|"TsCRSN-4B#81Z-VIc7cN"
"desiree.leonard@edu.tbz.ch"|"0jb7xI-ZSKhp%-UhNYC@"
"geraldine.badgers@edu.tbz.ch"|"9@2MkR-2pubuz-JiYp7s"
"ruo.masic@edu.tbz.ch"|"OaCJDx-8PVRfM-4sD5aT"
"aurelie.lieber@edu.tbz.ch"|"hZz9UX-xSvXIX-mr#LfH"
"naelle.balcock@edu.tbz.ch"|"0%PT%8-PBQE46-1mQi2z"
"camelia.elger@edu.tbz.ch"|"jJM4eM-ZAdBC7-asbRdx"
"publicite.oakeshott@edu.tbz.ch"|"3kSdld-NYapRF-sFC0mi"
"cleopatre.fawley@edu.tbz.ch"|"$Xql70-Aph@$B-QEAAh@"
"laurene.bruckmann@edu.tbz.ch"|"pzSi$a-T@QJwh-3Xa@g4"
"rui.haughton@edu.tbz.ch"|"9#H0CU-QUcTs#-$s6JiZ"
"asa.ladewig@edu.tbz.ch"|"k58m#g-xI@Yfc-&%lqjf"
"gisele.janecek@edu.tbz.ch"|"8mZ8R5-TE0Wu&-0R3Y5G"
"maily.loveridge@edu.tbz.ch"|"o2MvzB-2mU6Qb-Osi#z1"
"marie-eve.yurkiewicz@edu.tbz.ch"|"fexKEm-86L5Dx-vcQi0M"
"fei.roder@edu.tbz.ch"|"vyDLcu-bzO9%2-ZFOd@B"
"edmee.chatburn@edu.tbz.ch"|"mPTQTb-rPAlzp-dc5saW"
"geraldine.darke@edu.tbz.ch"|"ZorJ$H-fD15FD-leIJQu"
"ye.jira@edu.tbz.ch"|"2CoVtQ-LrDWTN-5ZQaFQ"
"publicite.persent@edu.tbz.ch"|"B1954z-msw6wh-uN6KeE"
"severine.wilcox@edu.tbz.ch"|"c1Hqxk-Dg@wM1-sFOOlp"
"yao.mcclaren@edu.tbz.ch"|"zR9Cli-Kmy7b2-Bkwrfv"
"theresa.foynes@edu.tbz.ch"|"Q9@j%K-SqQ3LC-0101N%"
"stephanie.isley@edu.tbz.ch"|"ms6ZwB-hA#rSJ-QbbE4i"
"torbjoern.growy@edu.tbz.ch"|"WgIt#F-p6rFKc-gwCKzs"
"eloise.tunnadine@edu.tbz.ch"|"28RBPI-8qZ#tW-52gyyx"
"maeline.cossentine@edu.tbz.ch"|"FdRHD#-lrF@xz-q6$ZcG"
"nelie.desantos@edu.tbz.ch"|"%OLYaA-80Gaze-RnSCDG"
"gaetane.axston@edu.tbz.ch"|"#iJly$-LP1AAF-LXAQDi"
"aimee.merman@edu.tbz.ch"|"ImKhBS-FkRd7J-dBcwQL"
"oerjan.drivers@edu.tbz.ch"|"LzOGe4-V0GCPL-inL6Rn"
"aimee.miroy@edu.tbz.ch"|"kjXVfK-dN%ytM-i09EX0"
"nelie.glyde@edu.tbz.ch"|"ABrP2k-Sqc$aS-7eA0@F"
"hakan.kapelhof@edu.tbz.ch"|"f8yp6R-XCeQW5-y7RfQ7"
"maelyss.cauley@edu.tbz.ch"|"TMGg2B-eBdg5w-Nw0zyu"
"elea.vaggs@edu.tbz.ch"|"SPaUYD-z7SETu-GszLHr"
"maelys.but@edu.tbz.ch"|"IHtF%e-KXJLDX-4jlmlH"
"maella.arthurs@edu.tbz.ch"|"fjXrLP-1txenY-Ev5GwD"
"adele.liebrecht@edu.tbz.ch"|"a74gC6-FwZuCf-JCBRce"
"meline.lomasny@edu.tbz.ch"|"%m@KjI-qPckye-M$L7tk"
"mediamass.schwant@edu.tbz.ch"|"S4r6KP-4vZgcR-2Fvs#5"
"leone.saunt@edu.tbz.ch"|"LI%aa1-zvilV5-@KP7KX"
"annotes.gouch@edu.tbz.ch"|"1Vkr2t-xUar0F-aIJu2$"
"gaetane.bowich@edu.tbz.ch"|"7Vv%Uo-RT45&&-Cd0I&u"
"alizee.strelitzki@edu.tbz.ch"|"FiOtgh-lJztz4-1XlG&E"
"leone.poile@edu.tbz.ch"|"RlcQcK-MFn8fO-sYFv0y"
"amelie.saban@edu.tbz.ch"|"N0WmTe-ceCMpB-5db8AN"
"marten.mcmenamin@edu.tbz.ch"|"Yfr3s&-ahtsGU-8OB56l"
"becassine.keets@edu.tbz.ch"|"RiZCs1-oaXu2c-U&y8ep"
"celine.million@edu.tbz.ch"|"Pkjmcj-PiAw39-71hEc@"
"geraldine.belitz@edu.tbz.ch"|"LE#ev4-USd%qo-kSi9xo"
"salome.mardling@edu.tbz.ch"|"RdC0zu-CKTZoH-12lx70"
"melia.blakemore@edu.tbz.ch"|"Mwc9&A-$5@nPt-cqZg9S"
"dafnee.mcaulay@edu.tbz.ch"|"L3d$52-DfGVtl-#qu5l1"
"garcon.dennett@edu.tbz.ch"|"gaIT50-T84gUp-tyid42"
"interessant.lesor@edu.tbz.ch"|"bEqRyx-3qz%zq-PH5@CK"
"annotee.wasbrough@edu.tbz.ch"|"SSuBnq-Q8fLEL-odDDHM"
"asa.ibbeson@edu.tbz.ch"|"VOpRyp-aY4QNT-unu0xv"
"maily.kennealy@edu.tbz.ch"|"gZiAGk-u#KH3L-MiNf$e"
"ye.seares@edu.tbz.ch"|"2XtbTt-vmJ4Xp-OQAWwL"
"athena.harbron@edu.tbz.ch"|"XJ1m4I-W8#k6w-U%fhhx"
"andreanne.portail@edu.tbz.ch"|"AA6jXW-YcJh8S-2oY%0D"
"goeran.zannelli@edu.tbz.ch"|"E7KD0s-Y3Snm$-a27PRn"
"gerald.leathlay@edu.tbz.ch"|"EgSD%b-RHr3AJ-4Hn0Fl"
"andreanne.chown@edu.tbz.ch"|"gjOqoy-2RA3x@-Y&2yZU"
"esteve.clementel@edu.tbz.ch"|"NE%hc0-UOiNXc-tjpHcC"
"leone.legan@edu.tbz.ch"|"c&VULh-God9Fm-37x1sJ"
"maena.pownall@edu.tbz.ch"|"vBQ&Uo-k8xVng-ZihARP"
"andree.rettie@edu.tbz.ch"|"70Y%5j-NApNwj-ZdKAS2"
"ines.kenwrick@edu.tbz.ch"|"RRdcCI-5n4pye-5ebR7o"
"marie-helene.yarnall@edu.tbz.ch"|"9@ac2k-%lVhqt-yGl&3q"
"po.martin@edu.tbz.ch"|"JTz%HS-oKKqfV-A7Wk3V"
"ruo.celiz@edu.tbz.ch"|"RRMWi9-YsrwCX-l3#C8Z"
"po.bissett@edu.tbz.ch"|"75sd2O-zFcoZh-RwaLfb"
"du.swindon@edu.tbz.ch"|"0Aw3Fv-BAtA8o-niQKo6"
"interessant.gouldthorp@edu.tbz.ch"|"OwYDsF-I@A@yq-Grdo3@"
"leandre.lilburn@edu.tbz.ch"|"EK4rw5-D4@YFH-tY5gT@"
"bjoern.whales@edu.tbz.ch"|"zDbEOT-z$yEeq-nAewAa"
"interessant.dieton@edu.tbz.ch"|"sfJaGJ-VFa@fb-gYdy#G"
"celestine.redhills@edu.tbz.ch"|"cVYFGc-M8#hfm-kOutTr"
"tan.yakovlev@edu.tbz.ch"|"$myJAt-j35kwc-lEVowX"
"regine.mcdowell@edu.tbz.ch"|"XYK7M1-glPbuk-Le248h"
"ju.coysh@edu.tbz.ch"|"9yEoxE-L5%Q2v-3&Y$rx"
"reserves.ofallon@edu.tbz.ch"|"nRPCwU-RdI08f-nAJa0e"
"frederique.sobey@edu.tbz.ch"|"Cvyzt8-gskYOL-n&rigr"
"marie-eve.garstang@edu.tbz.ch"|"2H9odF-a1T%sN-jQXHfF"
"andre.tapin@edu.tbz.ch"|"iQT@S9-jffZCN-QiuS#7"
"esbjoern.eynon@edu.tbz.ch"|"jia17k-ZueCJq-Sxk7NM"
"maella.duffy@edu.tbz.ch"|"Dr9RkQ-2w2JhL-$y0@37"
"leandre.twinning@edu.tbz.ch"|"b5rodM-lQAK6W-XaQgZA"
"mai.whittingham@edu.tbz.ch"|"oUefw9-hdSOtg-ckaMlE"
"rachele.shevelin@edu.tbz.ch"|"%DZBXu-FM6b54-gFQ1p0"
"cecile.mcure@edu.tbz.ch"|"EXHruy-&4jkjN-lgUmum"
"marie-eve.yurkevich@edu.tbz.ch"|"DM0LVr-K%#D%H-ioce3V"
"almerinda.paice@edu.tbz.ch"|"&p8CWq-n8uTKM-n9dWu8"
"rao.howkins@edu.tbz.ch"|"2$mKu1-s#mcUJ-I9Ju%A"
"serena.pack@edu.tbz.ch"|"j2sKZP-wPK3B1-5lNYoQ"
"rebecca.mant@edu.tbz.ch"|"DJI2$Y-2P6RM@-4SBcCy"
"reserves.spitell@edu.tbz.ch"|"6MconL-iobhrF-XhYy5W"
"garcon.hamfleet@edu.tbz.ch"|"QKb@QK-OFvW&O-V8#vtM"
"methode.kerkham@edu.tbz.ch"|"CpP2#d-9d2st9-3a%uzP"
"pelagie.camies@edu.tbz.ch"|"wh4kmw-fYfS42-BDiwr&"
"josephine.macpharlain@edu.tbz.ch"|"Kl4M13-4l1hVC-Yvaudt"
"eugenie.mathet@edu.tbz.ch"|"C@G1JL-WWGbzs-Ongqv#"
"gaetane.brangan@edu.tbz.ch"|"0i$Co3-@$y#nV-AJvUwG"
"michele.dewbury@edu.tbz.ch"|"trdMs%-ju6QV2-Q9GAPi"
"eugenie.elcott@edu.tbz.ch"|"piqifP-ZQ&bSd-#YQ7&O"
"megane.harniman@edu.tbz.ch"|"Nz$3&0-7YpY%w-1cnQix"
"agnes.cluney@edu.tbz.ch"|"NPQcsp-7w8nok-I8Fssc"
"marie-helene.angear@edu.tbz.ch"|"0%N3DM-mM@0hj-SMSZrv"
"melia.dolphin@edu.tbz.ch"|"dNGFXF-2gROzO-zfdRqv"
"lois.ruseworth@edu.tbz.ch"|"LeT70T-Dr$1Vz-Iwwizz"
"mailys.ryding@edu.tbz.ch"|"XHVlUi-Hi1CeO-#KeMop"
"rachele.wulfinger@edu.tbz.ch"|"kC1Jnq-n@MB0k-CBmUhm"
"gwenaelle.talton@edu.tbz.ch"|"s0prSf-$t5ihX-NFYXvX"
"long.ronchetti@edu.tbz.ch"|"1b%PM2-T2i3%d-1cR2Lt"
"styrbjoern.kloska@edu.tbz.ch"|"pewPPR-wBvDPe-5dDc&b"
"len.sudran@edu.tbz.ch"|"mOngIs-1GGtaB-0E&g8m"
"maelle.andrysek@edu.tbz.ch"|"9b2XwX-Yww&KC-QsfAiJ"
"selene.senior@edu.tbz.ch"|"7@X##6-oVIN6$-neSecb"
"anais.joskovitch@edu.tbz.ch"|"p$9Rtu-uGQdNV-oiHPGf"
"marie-noel.dally@edu.tbz.ch"|"#t6XuS-n0dKkK-rlNNcP"
"marie-helene.laurence@edu.tbz.ch"|"ZOFlkJ-Z$ToeJ-Vhy1uW"
"camelia.foxon@edu.tbz.ch"|"052h0M-7Agwt7-cfmPKk"
"helene.cankett@edu.tbz.ch"|"k3@rnr-Idx34t-VDI51n"
"marten.mitchelson@edu.tbz.ch"|"Xmh6X3-#k0Mnz-Xr$9O8"
"helena.stirtle@edu.tbz.ch"|"2xpcsb-aS2MlI-2&F6Vj"
"leane.barmby@edu.tbz.ch"|"@ai%Kt-v7SKQ&-@$A6zC"
"goeran.ofinan@edu.tbz.ch"|"i1x@Gj-GYTp$W-1&ej9s"
"styrbjoern.proby@edu.tbz.ch"|"wNICY0-UsU#H7-AW#T%a"
"zoe.halse@edu.tbz.ch"|"zy3Bd5-m7A#L#-9$FpNc"
"kui.drable@edu.tbz.ch"|"839T0Q-NrpXpH-ERrx4u"
"desiree.bamford@edu.tbz.ch"|"Ht2Pql-r#d9tG-0bQ$4H"
"zoe.suller@edu.tbz.ch"|"2kus4r-LvoHes-fczkDr"
"marylene.audiss@edu.tbz.ch"|"EKsgko-cdUE5D-1dZJRR"
"adelaide.poznanski@edu.tbz.ch"|"VretcC-Noq5uz-mrWO9X"
"maella.coleyshaw@edu.tbz.ch"|"3mVCll-6g@c%6-geLoF7"
"marie-francoise.gelder@edu.tbz.ch"|"AI@Jcg-vz2ner-NKZ0bw"
"eleonore.chaffyn@edu.tbz.ch"|"vAr4Pm-qLX603-lApeRW"
"celestine.sikorsky@edu.tbz.ch"|"&rjUaZ-P4poQH-OA1XZX"
"stevina.londsdale@edu.tbz.ch"|"Bcu$JM-2CPm6N-2TxU4x"
"maiwenn.nevitt@edu.tbz.ch"|"3@3K5e-cmMjN%-G784S0"
"magdalene.gerrey@edu.tbz.ch"|"$HX&z7-hwVnld-ODfHr9"
"becassine.latimer@edu.tbz.ch"|"nDSlGy-yHKd1z-gPut@U"
"da.lethibridge@edu.tbz.ch"|"e0Lr5O-4fr0X4-BqaOEO"
"mailys.claige@edu.tbz.ch"|"7QtsCA-h4zZfY-G75bgL"
"maena.torbard@edu.tbz.ch"|"TIhXye-$8cHaW-oF%v7S"
"solene.lyvon@edu.tbz.ch"|"@81m$R-FeUzfa-Qk@aNH"
"marie-therese.benbrick@edu.tbz.ch"|"W@sNg7-y28fzn-rWi1mA"
"gerald.edmonson@edu.tbz.ch"|"iEio5N-ZkdmQt-FYHz$y"
"ake.messruther@edu.tbz.ch"|"#UWAnC-@LOVSr-dtgtzT"
"men.gosneye@edu.tbz.ch"|"N9rJ5I-mFqVE1-DkZlmo"
"anais.jefferys@edu.tbz.ch"|"Z301R9-7e7Ggv-5N5EoE"
"publicite.tregale@edu.tbz.ch"|"xBPmHB-UoPe7k-hjcrde"
"maily.santorini@edu.tbz.ch"|"c7b9@M-nfZzfR-XaLv$S"
"ines.pioch@edu.tbz.ch"|"uggryJ-1#FLzT-Tsv8oC"
"noemie.marklew@edu.tbz.ch"|"$4F3wA-beQnJs-S1xgm0"
"meghane.maccaffrey@edu.tbz.ch"|"TZlaLn-FCBAd2-wJGNLp"
"berangere.ambrogio@edu.tbz.ch"|"bNan9$-Y%BcYT-8E3LhE"
"mediamass.ryce@edu.tbz.ch"|"nUnq1u-t1qbsP-EmP5O&"
"oesten.ubank@edu.tbz.ch"|"CH1rt7-WdCS4P-QRbrtC"
"melina.mackee@edu.tbz.ch"|"5wNsQg-5JJpwG-aUWjVX"
"theresa.livezey@edu.tbz.ch"|"xvUHk5-%QYpqQ-4uDMZR"
"clemence.weal@edu.tbz.ch"|"8TSOGc-ztJd1%-M#PGAs"
"faites.overton@edu.tbz.ch"|"8Tzd8X-I9bc1t-KcI5$J"
"clea.lindblad@edu.tbz.ch"|"Tw#7n2-ww$eoC-B3Ok1i"
"josephine.roseaman@edu.tbz.ch"|"d@CQph-yYJuk9-C8X8Oo"
"oesten.lowbridge@edu.tbz.ch"|"%%yS8S-iHa3I%-lJDDeQ"
"marie-josee.brion@edu.tbz.ch"|"S2A34r-5E7dSw-LrLC5S"
"therese.basili@edu.tbz.ch"|"L#e45Y-#vL#g0-scHO7O"
"melia.vertigan@edu.tbz.ch"|"F2Hty1-1K5br5-2RY3$0"
"judicael.saull@edu.tbz.ch"|"8QPEn0-S9Dt1i-te9W1j"
"selene.valentine@edu.tbz.ch"|"DF6xk5-0vMZ#x-1refeW"
"verane.dunlap@edu.tbz.ch"|"EaBIJs-7KTDDc-nnx0wY"
"meline.kinnear@edu.tbz.ch"|"4NAKOH-c$qB#6-eByd3z"
"lei.luttgert@edu.tbz.ch"|"YMW4kh-65cDZX-b%eu$E"
"styrbjoern.lathleiffure@edu.tbz.ch"|"gFlaBm-DS8VNz-E1tIBb"
"marlene.blasi@edu.tbz.ch"|"Q4##Ix-w&vK#1-oy1S%z"
"mai.begwell@edu.tbz.ch"|"gEXo#5-CEmhZp-1cTmvK"
"gwenaelle.kaines@edu.tbz.ch"|"y9gBvZ-h4Sk&H-env9tj"
"gerald.adamthwaite@edu.tbz.ch"|"ZzkcXH-Rk$&qY-oqestu"
"kui.hartfield@edu.tbz.ch"|"d@SvWc-3YSAo7-@9ZsOu"
"salome.currao@edu.tbz.ch"|"Pu@Y6B-$AWshE-1LJyNs"
"angelique.tixier@edu.tbz.ch"|"i7Vhzs-TqTOX8-kFYmv8"
"ju.mcgragh@edu.tbz.ch"|"R4eYrc-I9lQ6U-prGJv0"
"dafnee.beachem@edu.tbz.ch"|"$DpOtt-6xiyRD-P6f06p"
"creez.terlinden@edu.tbz.ch"|"N1LuKA-yl#gVd-4c6kSd"
"uo.mcskeagan@edu.tbz.ch"|"PBfoFt-dbQr9#-Blaqum"
"edmee.mccaughren@edu.tbz.ch"|"xt72EK-00$8d7-Vb9iEq"
"asloeg.cozby@edu.tbz.ch"|"MEtiBs-9tImDh-WaGIUb"
"melodie.traite@edu.tbz.ch"|"1Z935a-pIR#Qa-v03SV6"
"dorothee.aindriu@edu.tbz.ch"|"J3cVp&-T420Hm-D12qxd"
"daniele.doley@edu.tbz.ch"|"8l0prn-9F58n&-TjZe$D"
"mediamass.fairclough@edu.tbz.ch"|"XEEu29-W6$4Md-AAgLNl"
"lorene.rainforth@edu.tbz.ch"|"TrGS#e-Q4WcAG-cTw96J"
"leonore.eyer@edu.tbz.ch"|"YULKAb-nfMpM1-YYcIRX"
"po.spillman@edu.tbz.ch"|"yGx$4B-uyHNtD-FlDv5E"
"cecilia.plitz@edu.tbz.ch"|"ZagQAq-ilJCmz-3J3ksA"
"lorene.ludlow@edu.tbz.ch"|"MNv9o3-B%mblF-gPqAyh"
"berangere.neligan@edu.tbz.ch"|"cE4Ew4-l0slC0-iRvKa%"
"simplifies.huggan@edu.tbz.ch"|"ipXRdc-aN6vmF-u8IMwH"
"clelia.prandy@edu.tbz.ch"|"PG#pmm-XL40kB-Xn%rj7"
"ake.osban@edu.tbz.ch"|"0raZ4P-p3exSN-Q37VQx"
"cunegonde.brunn@edu.tbz.ch"|"c9ySAN-ngPIJA-vorF0F"
"long.grizard@edu.tbz.ch"|"t0gpvM-bz9iOz-CQQYGR"
"meghane.diss@edu.tbz.ch"|"4sII5$-&6MeG3-7%hZ9G"
"therese.oldman@edu.tbz.ch"|"v4rUZX-LZ5aAR-MGKimh"
"boerje.scamerdine@edu.tbz.ch"|"2%k1Ll-Ug4h7B-uj6m5O"
"du.saban@edu.tbz.ch"|"u6WQA3-#@aPwl-3%x331"
"hakan.clynmans@edu.tbz.ch"|"VgjelH-cZOi5O-msQBVz"
"wa.macdowal@edu.tbz.ch"|"jO$zPe-Yjp81z-knwI3D"
"venus.hatrey@edu.tbz.ch"|"EinXSL-vBm0UY-NN2psh"
"anaelle.vispo@edu.tbz.ch"|"f2$U&3-cDxHXF-RLi8KW"
"mahelie.ollcott@edu.tbz.ch"|"H95aMk-POG#@u-HKqH23"
"mediamass.whyman@edu.tbz.ch"|"gr@GIO-KfK$mk-yRFESn"
"esbjoern.basson@edu.tbz.ch"|"r3A4TF-Ssa%92-SLUX4F"
"andrea.morrill@edu.tbz.ch"|"CGOV50-BI$NFB-yyZMO&"
"melys.grassi@edu.tbz.ch"|"ZjTBZx-LoE6JB-9T2P5a"
"leone.poleye@edu.tbz.ch"|"ROZDyh-te#ewV-YAYLA5"
"francoise.penny@edu.tbz.ch"|"Tvcx3k-@7IVL4-aO4KuV"
"rebecca.edney@edu.tbz.ch"|"IzUW&2-WDj%@x-VZo559"
"adelaide.murtagh@edu.tbz.ch"|"JaEOGZ-jad%ug-zWAfYg"
"stevina.winterbourne@edu.tbz.ch"|"DT4X6h-hXO2@J-8@%BsS"
"ma.cottom@edu.tbz.ch"|"s1COg0-HpULZP-YKU3PD"
"tan.harold@edu.tbz.ch"|"Q5Jxjd-%e&iyf-uBDUxt"
"venus.forte@edu.tbz.ch"|"vUQSXS-XK1XMJ-RCL$C7"
"almerinda.oluney@edu.tbz.ch"|"iitIgA-sNWpCN-2cIe$s"
"cleopatre.brehault@edu.tbz.ch"|"5iFWFc-cjPvUo-p2xsCh"
"interessant.lapides@edu.tbz.ch"|"KGjNB&-i0l9EC-7uOiaA"
"reserves.hallatt@edu.tbz.ch"|"jTjUZB-#C1UXz-dFqLVA"
"annotes.birdwhistle@edu.tbz.ch"|"ti7uRM-LFWvs%-5IVtoN"
"ai.dredge@edu.tbz.ch"|"yy38s%-wkNB$M-kaGDDt"
"megane.mussard@edu.tbz.ch"|"K$BaFh-jtFnJn-$WVrVz"
"esbjoern.gowrich@edu.tbz.ch"|"b@8MYO-DG@K6J-KEdL7e"
"boerje.brislawn@edu.tbz.ch"|"D8%G3i-KHA93V-@HcKzx"
"becassine.wilce@edu.tbz.ch"|"4jlbQh-z9AboL-06Zmcd"
"personnalisee.oels@edu.tbz.ch"|"FWdTGC-TQhEeZ-FT97ss"
"verane.pett@edu.tbz.ch"|"pKk4TL-TxhpxV-F8t3xh"
"marylene.glewe@edu.tbz.ch"|"JO8pb&-DCjmXw-qgOvg@"
"lai.elson@edu.tbz.ch"|"dZ@S%P-QNqGZg-Wio0Xg"
"serena.difranceschi@edu.tbz.ch"|"G7%WfE-axoGTt-YelLiO"
"lie.espinel@edu.tbz.ch"|"FKt2mH-%O9UUd-yFNYfS"
"marylene.fantini@edu.tbz.ch"|"RaSnkA-1hrIRC-2mq$jo"
"andre.archdeckne@edu.tbz.ch"|"Z2zwRh-TVOpZ8-&f&74h"
"goeran.bohlingolsen@edu.tbz.ch"|"@CUllQ-6pzmdB-O@QC8j"
"cunegonde.heffer@edu.tbz.ch"|"LvhTE1-HFeHII-1R&9Ej"
"tan.fechnie@edu.tbz.ch"|"oVlNqP-UZmHCi-@k70hH"
"marie-noel.brammar@edu.tbz.ch"|"BbMaNE-Wtlz$N-fMvJ5q"
"simplifies.aven@edu.tbz.ch"|"Nzbq1e-bPL9mv-VcpW$c"
"melys.pinchen@edu.tbz.ch"|"vDZKAF-zVVzoG-cALo@8"
"edmee.joyner@edu.tbz.ch"|"IngSGK-Hsq%fI-hFTW$@"
"berengere.edess@edu.tbz.ch"|"wEpeCZ-#iTz5B-pkh0gK"
"marie-noel.goward@edu.tbz.ch"|"5sSoda-VNG7Hf-1X5m7n"
"ju.edmons@edu.tbz.ch"|"06gd8O-#cHCsQ-oBIIxZ"
"frederique.airds@edu.tbz.ch"|"L4aSF1-A5w#cc-@NigeS"
"reserves.dauby@edu.tbz.ch"|"WE76E#-PZ@aAP-o0yk%Q"
"hakan.gynni@edu.tbz.ch"|"XjD8fz-5a9TYK-Aph$c3"
"leonore.pinwill@edu.tbz.ch"|"k7WQE%-gw3mW4-3sh6p9"
"marie-eve.mcallan@edu.tbz.ch"|"gwgJjd-7LF6&x-L6HPCS"
"naelle.yeabsley@edu.tbz.ch"|"d%h1jG-uCwCdL-c75WkX"
"nelie.jacobovitz@edu.tbz.ch"|"%IBeYK-tST51g-RSe8NS"
"adele.conelly@edu.tbz.ch"|"y1cQLF-Y3hCdo-4ieDLm"
"clementine.dondon@edu.tbz.ch"|"A3eT@m-W3Kcke-Ikw5@X"
"zhi.willcot@edu.tbz.ch"|"QGigIV-uujLgB-kUq6#W"
"chloe.janicki@edu.tbz.ch"|"89Vw4j-fSe#lX-5aiZUP"
"meng.linde@edu.tbz.ch"|"X0J0kY-d#T$$5-sscalV"
"celine.janisson@edu.tbz.ch"|"UhQ$nk-sIXGHq-XH2ZNL"
"clelia.crow@edu.tbz.ch"|"krQDaN-jqL%hj-hLdeY$"
"cecile.pyott@edu.tbz.ch"|"Cku#jK-xSatTx-c%7fgi"
"ma.fidelus@edu.tbz.ch"|"EW#%5y-Rd6JTm-EYWCiU"
"marie-helene.poore@edu.tbz.ch"|"Z@PA5w-ka$rhM-aQU6sh"
"elies.blanket@edu.tbz.ch"|"WvlUd9-VCPI#A-iWT#yx"
"yu.boyer@edu.tbz.ch"|"xsC@Zu-@Vbfe4-NDd7lA"
"celia.welds@edu.tbz.ch"|"qrhG0f-uGjM2M-nyQyL$"
"du.gunney@edu.tbz.ch"|"q1vF76-@Fu9Q6-U$mo0c"
"goerel.crush@edu.tbz.ch"|"968%Fc-ul0ZmV-pFAdvT"
"marie-josee.brosius@edu.tbz.ch"|"2MM5Ag-tJT2Ct-67ykLY"
"camelia.adds@edu.tbz.ch"|"ikEiNx-@JJZIW-oz&#@G"
"anae.irwin@edu.tbz.ch"|"$N4h9t-E2Ptx3-MS@yg6"
"cleopatre.skeffington@edu.tbz.ch"|"geF%6n-HUI8pr-QIYg$8"
"gerald.suggate@edu.tbz.ch"|"qQi8LY-oHv%9p-Wc#3xj"
"laurene.tailour@edu.tbz.ch"|"b@LqVP-O@tZKM-UnjF@g"
"amelie.hoble@edu.tbz.ch"|"ShN9@Q-r%mq5A-q&K95B"
"venus.getch@edu.tbz.ch"|"N4fGwN-VgkK0M-vxdenX"
"renee.treby@edu.tbz.ch"|"bXPK7t-HD3G@Q-@H8zTZ"
"almerinda.stait@edu.tbz.ch"|"Y@qvR4-swCtIR-Oqd#Q$"
"andree.reddecliffe@edu.tbz.ch"|"MGr2GF-1vS5H5-VUX%n%"
"leone.wintle@edu.tbz.ch"|"TizFpf-mrvO2B-IQapTY"
"gerald.fellow@edu.tbz.ch"|"1S%pi%-XLZVFx-twUgyA"
"ju.gudger@edu.tbz.ch"|"gEGqXP-2wO4Et-XP81Yv"
"meng.ohaire@edu.tbz.ch"|"W6GKVq-8kwSnH-oFavVY"
"cleopatre.missington@edu.tbz.ch"|"VzRIFI-Y&kLiJ-j6cyqS"
"annotes.debruyn@edu.tbz.ch"|"DtT1mp-pxXk4g-HPt1Z8"
"gerald.sinisbury@edu.tbz.ch"|"DGBS&l-umRr6n-WvRtiY"
"creez.slora@edu.tbz.ch"|"q1LM57-zh2Ht5-DJ9O12"
"gisele.benbow@edu.tbz.ch"|"IT$&4H-5nYswz-a&VmMG"
"pal.dossit@edu.tbz.ch"|"zj9xgy-mkFlDj-FM3Rb1"
"nelie.stirrip@edu.tbz.ch"|"gJ5NbR-pvy&EU-rMFidv"
"alois.ocrigane@edu.tbz.ch"|"Rf1gJ4-mpKnUr-wSbhLJ"
"kui.mcterry@edu.tbz.ch"|"MmciVr-tyI8Nu-YJ#z&3"
"long.willgoss@edu.tbz.ch"|"GL77#b-1HFoDI-819LR1"
"francoise.sumpner@edu.tbz.ch"|"t#z8X#-huLJBY-cZY2yc"
"maely.grinstead@edu.tbz.ch"|"yj2HME-@u2sBh-Cwjc&S"
"creez.langeren@edu.tbz.ch"|"gTtdzI-wTO#uU-s2tGW%"
"adele.dungate@edu.tbz.ch"|"J%mggh-tlfjCE-nr2FFf"
"cleopatre.noirel@edu.tbz.ch"|"UAaZK0-9AGPGx-YmcJOD"
"interessant.daverin@edu.tbz.ch"|"%ndxBO-HfWzky-8lU1hp"
"naeva.kalderon@edu.tbz.ch"|"1IFHyw-$1eQxV-EsXv45"
"anais.oshesnan@edu.tbz.ch"|"R7tIti-m6S4uu-OW#Yof"
"judicael.anelay@edu.tbz.ch"|"o0RH$Q-&C@ea7-L6p7Ye"
"eloise.braxton@edu.tbz.ch"|"6rZB16-YYCDIH-wP5M6%"
"desiree.greguol@edu.tbz.ch"|"mwcKeR-2&k03D-O4pU9G"
"maite.mcclenaghan@edu.tbz.ch"|"UkI9fb-QahprN-z6VtS0"
"meng.doret@edu.tbz.ch"|"wJSkEf-dnBJbm-VK&ouj"
"frederique.chippendale@edu.tbz.ch"|"b4GAPv-d@v5zp-e1&KmU"
"andreanne.lanney@edu.tbz.ch"|"UrKb5t-blgJHz-upF9hf"
"aurelie.claus@edu.tbz.ch"|"LKs7X3-tvw9D0-cc1TwE"
"renee.pabel@edu.tbz.ch"|"PIm19T-DakZby-cvOEyC"
"maena.roust@edu.tbz.ch"|"qpnU#2-G4J9Lj-i@SMSW"
"nadege.carwithim@edu.tbz.ch"|"E5Hm%G-B78xLc-xJySOX"
"solene.geyton@edu.tbz.ch"|"&8ZEXk-ZpeQZ0-@tMr02"
"dafnee.avraham@edu.tbz.ch"|"&ef1fn-tA%KV4-3jxRc4"
"leane.woolvin@edu.tbz.ch"|"@cGDfj-%hj$J5-to641J"
"adele.macadie@edu.tbz.ch"|"FMEHt@-1lbNg%-m0xCAy"
"meline.rubica@edu.tbz.ch"|"Borh7t-ua#rL1-y94Hc&"
"marie-noel.speeding@edu.tbz.ch"|"PqQ$IH-79bGCA-VhXOsT"
"nelie.mix@edu.tbz.ch"|"zdHh#1-5BK3KJ-rS9$my"
"clea.ollett@edu.tbz.ch"|"$$Z6rm-Wf1bAm-QUPe3N"
"leandre.mcgavin@edu.tbz.ch"|"aE1Ttj-VOT&7w-ICSJhO"
"cecile.behne@edu.tbz.ch"|"&BpIbF-7BvPbs-ANZ5wd"
"melanie.polle@edu.tbz.ch"|"lAnldG-cd@Rej-Z2f16x"
"marie-josee.titmuss@edu.tbz.ch"|"m4PPR9-nKUlmD-kQLgbB"
"helena.guest@edu.tbz.ch"|"QIo4LK-ZeJ@fL-zS1Wa&"
"annotes.chicchetto@edu.tbz.ch"|"vgsu&0-8kRni2-0F3fv$"
"melia.tubb@edu.tbz.ch"|"Qp%lHq-jpphCa-7lxDW7"
"angelique.casetti@edu.tbz.ch"|"z@56Al-SjYsRu-%Depo@"
"cunegonde.cleall@edu.tbz.ch"|"V1W1$k-o5N6VO-N1l3Pe"
"camelia.oaker@edu.tbz.ch"|"grSSbv-Saa&5F-doZwBL"
"you.searight@edu.tbz.ch"|"w%DwBj-riyLyZ-wms4bk"
"kevina.dederick@edu.tbz.ch"|"URdVKd-JXY3MG-O54k79"
"milena.jeffrey@edu.tbz.ch"|"QNza6d-XXB5&P-7DrxYZ"
"melodie.barkshire@edu.tbz.ch"|"BjCzbs-t502bo-qihncp"
"gaelle.kreutzer@edu.tbz.ch"|"P@OjiJ-MyRqxb-MHMe$9"
"kalliste.kleinpeltz@edu.tbz.ch"|"E@mm8X-6WFZaT-$i$gov"
"clementine.danat@edu.tbz.ch"|"JAAI&n-FgYoj1-3m#KOH"
"andrea.wabb@edu.tbz.ch"|"Nd5nL4-A4Gi3V-3y4#py"
"geraldine.piesold@edu.tbz.ch"|"teZZuD-uLOYVN-He@#Ph"
"tan.fiveash@edu.tbz.ch"|"@1G7$l-@hAD2U-lLq6dn"
"meline.yuranovev@edu.tbz.ch"|"##DwUF-xwdda5-h0#37k"
"therese.holme@edu.tbz.ch"|"crdAS6-l3s29p-nnDspW"
"salome.vaney@edu.tbz.ch"|"I#chmw-uxwZNJ-VWH@ho"
"anae.abramson@edu.tbz.ch"|"j&t6yb-YHUHPG-c7#WXJ"
"kalliste.jimson@edu.tbz.ch"|"Lo7E79-YBXROR-YKtoph"
"selene.yole@edu.tbz.ch"|"iI$u%B-GifZr2-ZYoAzP"
"agnes.defraine@edu.tbz.ch"|"w1is3x-8QzQkU-p6fEHH"
"faites.mccluin@edu.tbz.ch"|"41N&O&-58qQzq-khZpBk"
"athena.deme@edu.tbz.ch"|"JGpp@q-Otxbns-Bx&x7$"
"daphnee.brigstock@edu.tbz.ch"|"7IcO$l-0@KDYR-VTOfOz"
"goesta.skaif@edu.tbz.ch"|"S@p&1#-ZHcQFX-9$lOBV"
"oceane.jagoe@edu.tbz.ch"|"IEH%P&-vUg8az-FmdKtD"
"annotes.broomhall@edu.tbz.ch"|"h9H16g-p1VNfP-oiadk1"
"marie-eve.ballendine@edu.tbz.ch"|"l@5emH-VEDSLX-nnyafm"
"melina.spykings@edu.tbz.ch"|"ugKcdh-qgOMpU-NJMVKM"
"laurene.ticehurst@edu.tbz.ch"|"B&9MQi-cH$tcq-hHgdj3"
"fei.avramovic@edu.tbz.ch"|"tsG5KP-FtmDd1-3bcn02"
"publicite.strathearn@edu.tbz.ch"|"gETkhw-2EQNdC-1DdJzj"
"torbjoern.garrow@edu.tbz.ch"|"jUh35$-BtgvKw-f3BG4T"
"chloe.rubinsztein@edu.tbz.ch"|"l&O%80-Z8&#QJ-8#@7a3"
"mylene.demanche@edu.tbz.ch"|"@3O4&A-Z4Jh#Q-crWgUw"
"mediamass.godlonton@edu.tbz.ch"|"2@@4Xe-dkdA3C-$F3SDQ"
"renee.shurrocks@edu.tbz.ch"|"ua$Y9&-ZrC%2N-f4kFVW"
"maiwenn.jedras@edu.tbz.ch"|"4lBFqY-tUMN4A-g#88bH"
"genevieve.castells@edu.tbz.ch"|"MPL0Qw-ZFx%HS-hmC1fs"
"renee.sneden@edu.tbz.ch"|"1MTv3#-pp@xH3-KK0OcC"
"lai.mccallion@edu.tbz.ch"|"duzPkH-lvFXhB-a$s77K"
"kevina.impleton@edu.tbz.ch"|"DHk$T$-&fykT6-f&qDSP"
"oesten.fresson@edu.tbz.ch"|"5%sVrT-bKgCLm-$SMkY%"
"verane.shawley@edu.tbz.ch"|"md89uz-ZOdtZY-qZgS$B"
"uo.sjostrom@edu.tbz.ch"|"EwVyX$-lTohvU-VOkWk#"
"gisele.gothup@edu.tbz.ch"|"5EpsV0-DrI7i%-aD7ZYJ"
"renee.beauman@edu.tbz.ch"|"V1FxHy-96agFB-cb&ZVG"
"elies.loton@edu.tbz.ch"|"doCotm-exYwka-gtMyKz"
"valerie.elsmore@edu.tbz.ch"|"KWJUTw-Ufz9Wv-mW2Iwi"
"berangere.delafeld@edu.tbz.ch"|"3r@Q2K-fKZVIw-Mgm2LV"
"bjoern.schimke@edu.tbz.ch"|"WXL27$-7wVjHK-KtdMYn"
"loic.ericssen@edu.tbz.ch"|"OSlRF4-SivG4p-1eQehf"
"creez.richarz@edu.tbz.ch"|"Ku3VJf-7rx2A9-6t03k9"
"athena.grocott@edu.tbz.ch"|"1wpGfc-Xcu3Oh-9mQuiZ"
"naelle.piotr@edu.tbz.ch"|"O5AdDL-Udrn4k-7weorX"
"maella.paulson@edu.tbz.ch"|"u6WBBi-WqZP8o-b77BjK"
"song.perot@edu.tbz.ch"|"l@TDkp-U&87Bm-GHheEu"
"kalliste.heckney@edu.tbz.ch"|"J#bKIa-#4Rw4j-b&tPf4"
"ake.vasyutkin@edu.tbz.ch"|"4Wpict-viv%Vt-URp5KN"
"ma.castles@edu.tbz.ch"|"ep#Z2C-JOYgpO-5$owEG"
"maely.monget@edu.tbz.ch"|"fXUfnA-q$rCVT-ln5aWk"
"tang.durbridge@edu.tbz.ch"|"q#x5@x-OJ&f4m-Tw0jfV"
"laurene.andrew@edu.tbz.ch"|"EwmdtW-&Ou16f-5FIwxA"
"lysea.beacon@edu.tbz.ch"|"m#dqLm-J4eY$o-0ivado"
"leandre.peyntue@edu.tbz.ch"|"NKuZnP-AhC8LT-%GNWPp"
"rao.trever@edu.tbz.ch"|"Zeji10-rSHn5Z-Gyc@l0"
"mahelie.streader@edu.tbz.ch"|"KEEaB5-FxT3oR-xirhyi"
"maerta.andrejevic@edu.tbz.ch"|"OEu6$S-qyswDA-TPbLcH"
"goesta.tompkins@edu.tbz.ch"|"KOXU9U-LGS$dq-yP&Fhd"
"helena.agates@edu.tbz.ch"|"p&f7#o-8DrRYQ-7zxwS@"
"therese.glass@edu.tbz.ch"|"hS0VWf-pK$qJ0-#BffZB"
"alois.foan@edu.tbz.ch"|"G1FSAM-6ENyJE-Ol3zZj"
"becassine.melchior@edu.tbz.ch"|"cdinC1-XFvQEN-S2EZ2o"
"cloe.robart@edu.tbz.ch"|"#DK44Y-WMH%1S-mjnBms"
"daniele.puckinghorne@edu.tbz.ch"|"tF@nMt-&7KoTD-LRYx8@"
"selene.cammidge@edu.tbz.ch"|"dZQdsF-17E4aR-ViyOa7"
"regine.conochie@edu.tbz.ch"|"rvGr@t-$@T18M-SDEVTG"
"interessant.tuiller@edu.tbz.ch"|"0GhSi1-oh06J@-Id09pK"
"long.tiebe@edu.tbz.ch"|"mXEuH5-8szXsd-xmaHzA"
"mans.yele@edu.tbz.ch"|"NO7gaS-Sh41wM-HT@nuR"
"ai.giles@edu.tbz.ch"|"9k$Am3-buyy7B-Y$PwKF"
"gaetane.hamberston@edu.tbz.ch"|"Mi1i$T-j$OREN-dVqFFF"
"marylene.fenix@edu.tbz.ch"|"&J4l70-&6tRo5-JSHdu@"
"geraldine.graeme@edu.tbz.ch"|"$eMSYO-aWGEZ#-%oATJg"
"tang.kinglake@edu.tbz.ch"|"6js4L0-cJhcV3-WbrnYE"
"lai.challoner@edu.tbz.ch"|"g6Yx2M-d1JJa%-@HVJgy"
"desiree.mattei@edu.tbz.ch"|"tBDxe@-xgr%4@-88M#6j"
"ake.erley@edu.tbz.ch"|"gTPiEc-KBXlRL-hRzFew"
"edmee.cavil@edu.tbz.ch"|"TZGQJ6-J9i6#K-WPGL@B"
"alois.moyes@edu.tbz.ch"|"44lrAS-#2vsuH-%k6YDW"
"becassine.pitman@edu.tbz.ch"|"hNByed-$Grisd-BvFvH2"
"ai.giacovelli@edu.tbz.ch"|"URFQDs-dz3aF7-tGHNui"
"judicael.fruchter@edu.tbz.ch"|"WekKzi-xUQc1i-B6@J&s"
"mans.mogg@edu.tbz.ch"|"uNEqs4-o2T4fJ-QB$5uF"
"gerald.foyle@edu.tbz.ch"|"zIn%0f-Dt&zlP-utf$8D"
"wa.androletti@edu.tbz.ch"|"@iNb&f-vzZwhW-&3QSgu"
"meng.ollett@edu.tbz.ch"|"qKPNDJ-yFkgEk-xAec&D"
"naelle.macmenamy@edu.tbz.ch"|"KpKf2%-FHMFfc-d2IHml"
"gisele.mcramsey@edu.tbz.ch"|"OUUIbC-gszo1u-A$O@sH"
"meryl.scolts@edu.tbz.ch"|"0ZNHq2-Cx1H32-wR8BwX"
"celia.bloxsome@edu.tbz.ch"|"UnN8Oi-jIMCr#-VVhX8m"
"styrbjoern.stuke@edu.tbz.ch"|"zU$%Qp-YuQ9J$-AHWu00"
"felicie.gwilliam@edu.tbz.ch"|"s7pw$Z-N7rGk0-XIS&H8"
"da.harms@edu.tbz.ch"|"v1gGwZ-K0LBZ2-HpWQiS"
"celestine.baulk@edu.tbz.ch"|"i0%Iqd-%091YZ-o$#ju1"
"mahelie.blackledge@edu.tbz.ch"|"wPeyqR-FFbN3M-zn0p5Z"
"meghane.salt@edu.tbz.ch"|"4ISrgL-6Stc5r-$9MRlv"
"methode.paxeford@edu.tbz.ch"|"ai9r0x-X5Mx#4-73eVBo"
"asloeg.milligan@edu.tbz.ch"|"0H3Cxf-9z5ATy-QPPzkv"
"you.pellman@edu.tbz.ch"|"%$wN$L-4ibuCl-HQP@Ie"
"loic.regenhardt@edu.tbz.ch"|"By9sct-&&pIop-O0onMd"
"daniele.savill@edu.tbz.ch"|"1jtnn5-N%I4#k-9XN8Io"
"alois.cornu@edu.tbz.ch"|"0bKnV6-D59b&E-rvBGMd"
"oesten.govey@edu.tbz.ch"|"#oL#2C-XLQB26-jSOhYD"
"marie-eve.louch@edu.tbz.ch"|"ckZql3-B@AAyB-MUCDs%"
"theresa.wenn@edu.tbz.ch"|"mUbNEO-h4NP$D-XSTlFW"
"andree.eul@edu.tbz.ch"|"LIYgG$-YnkB@P-QguC8P"
"lie.paynton@edu.tbz.ch"|"FevRsm-33ak#Z-MKAIie"
"marie-eve.girodier@edu.tbz.ch"|"HwybN7-fAG#L8-3Ie#mY"
"marie-noel.smithe@edu.tbz.ch"|"eWwqQl-@8iySc-yPQ1wf"
"men.bootyman@edu.tbz.ch"|"uK$IgC-ovaVsg-VU2xhx"
"ku.sugg@edu.tbz.ch"|"1dGWvW-yrNRF4-%cDQa6"
"lucrece.roseman@edu.tbz.ch"|"zDVA#q-ElQmJW-CJMY9S"
"zoe.annear@edu.tbz.ch"|"tmBQYf-ckA1Et-mooOt9"
"marie-helene.rennebach@edu.tbz.ch"|"IcZEMA-h7V@oZ-#JCxm#"
"lea.djurdjevic@edu.tbz.ch"|"HqvrxI-$wL5b6-VTCjjv"
"goerel.robert@edu.tbz.ch"|"i4ulD@-0Inn1c-giNZIF"
"mylene.foldes@edu.tbz.ch"|"MU1HoX-u#O7hE-fcHIVU"
"faites.clegg@edu.tbz.ch"|"CXtzq3-%&$PhS-qNlyYm"
"marylene.crowcher@edu.tbz.ch"|"F0HXOx-xu$ytX-xMbQyf"
"aimee.wimpeney@edu.tbz.ch"|"&DAuLd-0lY@#Q-1i#deR"
"renee.atkins@edu.tbz.ch"|"0@wsC&-3xDOu5-jZ9J8t"
"rejane.cainey@edu.tbz.ch"|"Khs1%t-MsVgJo-zUMNAf"
"solene.britney@edu.tbz.ch"|"rzmw35-5gUtU$-eJRtx2"
"marten.shatliffe@edu.tbz.ch"|"rPKXNa-a46Ykg-zc8SYX"
"maite.issatt@edu.tbz.ch"|"kQac2&-u#1hSe-IXRcBn"
"maelyss.edon@edu.tbz.ch"|"Kp8$#Q-pXXFxP-GPRh9d"
"nuo.bamling@edu.tbz.ch"|"#GWqHo-WTt4qi-1LBnM#"
"anais.edards@edu.tbz.ch"|"OVORA6-npl@NU-aV&oOP"
"mediamass.bromet@edu.tbz.ch"|"j7KI%C-nioTyK-sGFv5S"
"beatrice.kimbrey@edu.tbz.ch"|"BSpMjh-5jz#RU-b3iW26"
"ines.lawranson@edu.tbz.ch"|"ADJ&&J-B9wBx7-g#s46K"
"kalliste.scandroot@edu.tbz.ch"|"C0#aTe-7Kb9ax-@tmo&U"
"mans.barrowcliffe@edu.tbz.ch"|"P$63n$-qisTWS-dJgC#H"
"irene.couves@edu.tbz.ch"|"I82cTc-7Kt2a@-08LFMZ"
"milena.mucci@edu.tbz.ch"|"Y3h2X5-@SGRhk-AIm6GN"
"naeva.cow@edu.tbz.ch"|"dai#3l-1CbL3o-daN95g"
"audreanne.mournian@edu.tbz.ch"|"JlhFM%-%v7IaL-HTdBkw"
"melia.sinnatt@edu.tbz.ch"|"PhGO&5-uh6E#k-7wjVcj"
"nelie.burnard@edu.tbz.ch"|"8Yr3bI-rw@@yT-rmGKVJ"
"clelia.ashfull@edu.tbz.ch"|"34fTSb-1@#cpt-csZ@hj"
"lie.macard@edu.tbz.ch"|"wRA3wW-$UNjei-a6t4@N"
"valerie.matoshin@edu.tbz.ch"|"Bp##v&-utI&yX-7GR1mU"
"anael.hatherleigh@edu.tbz.ch"|"3ffydO-gIuhyj-8dp0hx"
"interessant.warratt@edu.tbz.ch"|"6t6CE9-IkwS0L-@d2o3c"
"eleonore.volage@edu.tbz.ch"|"vVm&Wa-Qv@CUB-JqMoGZ"
"zoe.stebbing@edu.tbz.ch"|"HvtTRo-ZcS7r$-f7BKQk"
"alizee.nye@edu.tbz.ch"|"rwZiyN-aUh4Ng-JDi7DR"
"celestine.bramley@edu.tbz.ch"|"4Wp4J3-#3x5wr-yJ72H@"
"selene.philcott@edu.tbz.ch"|"e@XrxC-BJhV5G-N8hRTR"
"tang.newens@edu.tbz.ch"|"JkovOq-TV9by%-&PdMmF"
"annotes.powys@edu.tbz.ch"|"Ax&yzt-R@KiZ&-Rq47tn"
"lea.matthesius@edu.tbz.ch"|"0mGvYu-VZxd0L-Kt2otO"
"illustree.garlett@edu.tbz.ch"|"P53j&%-TQOuk%-KM4IO4"
"maiwenn.meachem@edu.tbz.ch"|"wgnlwo-pyQ0dz-SeZ$Fq"
"marie-francoise.mcbrady@edu.tbz.ch"|"y4@b5&-kVZYyx-vl1UnL"
"illustree.gimbart@edu.tbz.ch"|"WhcDfM-BYxw6d-D$pNZH"
"melys.lyosik@edu.tbz.ch"|"vx7OZV-OnNsLG-WCXXXJ"
"marylene.mcnab@edu.tbz.ch"|"xI@9gr-3wFcLQ-Q0Exti"
"gerald.blount@edu.tbz.ch"|"gGmKuh-d&v03t-Gh3Hfz"
"clelia.shakelade@edu.tbz.ch"|"kBLLua-2TS1et-juT6t7"
"penelope.cridlin@edu.tbz.ch"|"vBPjB&-UNgvQQ-KZHS$9"
"maena.okuddyhy@edu.tbz.ch"|"#uHbBY-P1hw$8-KcB4&i"
"athena.keynd@edu.tbz.ch"|"NHKqyR-$@9ZCg-CUn55M"
"cloe.dwine@edu.tbz.ch"|"60JhL@-tv3jSW-dUooqb"
"josephine.browett@edu.tbz.ch"|"4J5xjS-S0%3Sp-csQw$F"
"audreanne.oscanlon@edu.tbz.ch"|"x%7Vl0-oKUlJS-myA5f%"
"fei.jeanequin@edu.tbz.ch"|"xP9cqF-62ud#B-$vXBrh"
"lois.gormally@edu.tbz.ch"|"Bec#tl-0nOdFU-9oZsNG"
"marie-francoise.finnigan@edu.tbz.ch"|"mSuf1&-7ZYCE1-PRT7pf"
"leonore.trussman@edu.tbz.ch"|"O0k3VB-5n4BoV-VWsl7l"
"anaelle.trumper@edu.tbz.ch"|"qMQSYE-oIVgKV-GeFGzI"
"clemence.dionis@edu.tbz.ch"|"7ydYFw-e@GDkX-4L9fa3"
"lois.tranmer@edu.tbz.ch"|"wlfE5P-NoCsC$-BoG9Be"
"interessant.volett@edu.tbz.ch"|"jyDpPp-&C@VMQ-nKYtD1"
"personnalisee.deackes@edu.tbz.ch"|"uWH3Zw-d98SQI-yUBTcw"
"lie.vasiliu@edu.tbz.ch"|"3fxUA7-3a#pJz-LfPgWU"
"dafnee.lamputt@edu.tbz.ch"|"18Ny0K-RSzUA9-frs1gw"
"elies.bromige@edu.tbz.ch"|"0w1Q0Y-qdxa7D-ub1bw9"
"helena.klosser@edu.tbz.ch"|"ME3qJ9-$%9h25-xlkM9l"
"andree.grim@edu.tbz.ch"|"19XGry-0yVGo$-l8IHno"
"verane.coldbath@edu.tbz.ch"|"xr0yxC-Aj6YfE-k5TZg2"
"helena.bethell@edu.tbz.ch"|"v5wtHJ-i@s%jx-0fmaRs"
"kalliste.carefull@edu.tbz.ch"|"sSB18M-0ni#gI-p3B9Dg"
"regine.odams@edu.tbz.ch"|"JiKIsb-$O6ML&-%VD99I"
"len.stannus@edu.tbz.ch"|"P80tUR-B5dWWj-KSsbk1"
"angelique.works@edu.tbz.ch"|"ueLj#B-i57YJI-#FqL&X"
"goesta.rheaume@edu.tbz.ch"|"z1$%Od-sFoTJw-Qfg3lX"
"maelys.tynnan@edu.tbz.ch"|"Si72dd-4YmoQ%-dwfydB"
"maelle.carlesi@edu.tbz.ch"|"DZ3noy-PiIR6r-w$6kNK"
"anael.spurden@edu.tbz.ch"|"vmBgv1-54rRmJ-7kR2hu"
"helene.pumfrett@edu.tbz.ch"|"R9#jdr-KJChY5-Nzl32Z"
"goerel.pearn@edu.tbz.ch"|"kSlZ%U-0Sm0N3-eyjME8"
"laurelie.dezamora@edu.tbz.ch"|"Sx6wd$-cacYk$-d@X&gW"
"yao.twidale@edu.tbz.ch"|"&N2i#Z-P3NOAR-#jWJB6"
"berengere.sola@edu.tbz.ch"|"766mo8-s%s6&4-&FsHD8"
"maelann.hardistry@edu.tbz.ch"|"Z#9mLJ-mud5zn-ZqzO%6"
"severine.littlefield@edu.tbz.ch"|"tvxZ&l-Wd5d2z-p5IBIp"
"salome.heinl@edu.tbz.ch"|"gYwqah-0u1B14-O2@CYD"
"meryl.warbey@edu.tbz.ch"|"W5tASX-Cs9@#@-2qgY8d"
"da.hunstone@edu.tbz.ch"|"E1&wSy-TWWX28-6ri8dA"
"venus.broadbury@edu.tbz.ch"|"dg#TZW-XBSFUD-3DlwT6"
"meghane.rentelll@edu.tbz.ch"|"tN0cKG-VicTeV-AvLdlr"
"marylene.drewitt@edu.tbz.ch"|"5DZ3bL-Kq3gYz-o&IEQ#"
"melinda.jacquemet@edu.tbz.ch"|"Wvp%JC-7OW8qL-Krrtk&"
"marie-josee.keyden@edu.tbz.ch"|"lQv$2T-JOOvzr-HEEkCx"
"asloeg.montacute@edu.tbz.ch"|"7oI#po-0CKXcE-r%nUSS"
"ku.andreou@edu.tbz.ch"|"qlOezH-OS@BBI-oJnrHl"
"personnalisee.feaveer@edu.tbz.ch"|"T&Gsyw-5g#rub-iMRmwv"
"laila.emptage@edu.tbz.ch"|"4pzz@Q-BRcOWj-7hL2ct"
"bjoern.dawdry@edu.tbz.ch"|"f4VHBV-$93JLZ-nSwAKj"
"marie-eve.dinsell@edu.tbz.ch"|"Pd&zFp-hwzgfZ-R%lGrd"
"helene.follett@edu.tbz.ch"|"h$Z$cF-m9BhsW-Fe4UBm"
"penelope.cordero@edu.tbz.ch"|"dj1UAc-ODh&7S-yUq5of"
"boerje.beedell@edu.tbz.ch"|"0FNRFh-OfxoMK-tOmL9N"
"nelie.ferne@edu.tbz.ch"|"3lA@qN-#nNGdh-1fvFfM"
"celine.ahmed@edu.tbz.ch"|"uHNmP4-gWWOUL-f9u0%K"
"stevina.pimblett@edu.tbz.ch"|"1h59#N-im&xCK-URq8Ui"
"chloe.langlands@edu.tbz.ch"|"BaPFqK-lpMI3m-8E&Cse"
"simplifies.maude@edu.tbz.ch"|"%#3LJA-PaaYt4-mKHxe@"
"genevieve.decarteret@edu.tbz.ch"|"4#$i1H-#nXukk-eCqFm#"
"marylene.mughal@edu.tbz.ch"|"C@MQzF-XaOuZv-vzv$RQ"
"goeran.guttridge@edu.tbz.ch"|"QEhVbj-UvvX4O-bP3Nbb"
"michele.smurfitt@edu.tbz.ch"|"X3spyF-6il55z-eqz2aG"
"methode.hadeke@edu.tbz.ch"|"mVDqru-Q33Idc-MOQeIJ"
"therese.rispine@edu.tbz.ch"|"dpupB6-0s7JqU-Vsrwru"
"goerel.plumley@edu.tbz.ch"|"Xf1&en-sLC795-rLxSiA"
"oceane.friett@edu.tbz.ch"|"x5wl$p-#2IZIA-FhMxsQ"
"marie-noel.achromov@edu.tbz.ch"|"YJ67@G-epi$23-7jthz0"
"dorothee.storek@edu.tbz.ch"|"0n1mai-lrmVeJ-q60@ev"
"goesta.whittle@edu.tbz.ch"|"G&ahAd-b5LZN5-qJty9%"
"desiree.casely@edu.tbz.ch"|"tsb@J@-o64H9W-@gz&uE"
"felicie.condon@edu.tbz.ch"|"4RmTCD-VMaOoa-owNvHB"
"maelyss.frisdick@edu.tbz.ch"|"d&PdOA-5LOF4C-@OPaBR"
"aimee.banke@edu.tbz.ch"|"Q9PypS-$6M4@r-HOcu&S"
"naeva.hodcroft@edu.tbz.ch"|"l#CHgM-CDp8KR-TSe96U"
"laila.gerrans@edu.tbz.ch"|"Naz#UK-MMPXfb-n28Qfd"
"daniele.scrimshire@edu.tbz.ch"|"OA#c0c-XibQy4-IulgBY"
"daphnee.sheerin@edu.tbz.ch"|"S@s7By-pXpNIQ-dM8Q78"
"pal.vanyukov@edu.tbz.ch"|"weQS&r-RdQWVn-4GbaLM"
"zoe.childs@edu.tbz.ch"|"1bhzDl-stsrjx-XMBEff"
"ai.corde@edu.tbz.ch"|"&1NQtP-pxE3DW-WVXEne"
"maelys.berryann@edu.tbz.ch"|"7M%0%$-gG88FU-aAzcpR"
"cloe.gladding@edu.tbz.ch"|"PQuQCC-kEqokx-gov91c"
"wa.kinnaird@edu.tbz.ch"|"jliCwO-%j42na-&1Nvfx"
"publicite.brittoner@edu.tbz.ch"|"12trkq-tAdiiy-1y9eDf"
"rao.windress@edu.tbz.ch"|"ZcmuIq-DvYPcZ-0DdZLf"
"uo.kollach@edu.tbz.ch"|"Y2tjQN-n0xIu&-K@7$oq"
"josee.peskett@edu.tbz.ch"|"2Oyn7r-6nXCJp-ZMCmwO"
"annotee.hasel@edu.tbz.ch"|"jd04cf-U@GfGX-cFpDbC"
"cinema.lee@edu.tbz.ch"|"1YzaVx-wSAFu5-NF72X$"
"lai.vedeshkin@edu.tbz.ch"|"%AQ5m5-XBYYQU-Mbddnd"
"renee.brisbane@edu.tbz.ch"|"9srlN1-3w0yVs-PQ&vJl"
"ophelie.blincoe@edu.tbz.ch"|"w3&ykM-$2nTkz-QPv2Ot"
"zhi.prazor@edu.tbz.ch"|"$UZ7o7-t@ihUA-dOgDEt"
"annotee.maddicks@edu.tbz.ch"|"37ZXGv-9PNTNP-bMxnif"
"maelyss.codd@edu.tbz.ch"|"jVIsr1-F7$KIA-KrurML"
"celia.peplay@edu.tbz.ch"|"#dt1hc-KSn#h&-2durAe"
"interessant.skone@edu.tbz.ch"|"Y8f2$X-6EqTCU-thE&mC"
"audreanne.hebdon@edu.tbz.ch"|"7Rdl83-zJcG0Z-Y0cT61"
"oceane.glen@edu.tbz.ch"|"O18N$L-MRK0pu-scwage"
"daniele.vanyushkin@edu.tbz.ch"|"abrfbX-OtTA9@-LooO6R"
"daphnee.ayce@edu.tbz.ch"|"ramPeJ-eBoPe7-oLyIt7"
"andrea.attride@edu.tbz.ch"|"3m#aVd-ZRtr@R-vwRZKb"
"penelope.bridgwood@edu.tbz.ch"|"iCs%Pd-ZF5arg-Upb&Kr"
"mailis.drewitt@edu.tbz.ch"|"#HnPyb-0Z2PDy-d#a7n4"
"penelope.mollene@edu.tbz.ch"|"WIZH7j-5@aqkO-Og@KxQ"
"illustree.keely@edu.tbz.ch"|"2omfsd-Qlpvzq-2&1$G1"
"meng.brisseau@edu.tbz.ch"|"UGf6c3-f3zipw-lFxwnY"
"ruo.cleiment@edu.tbz.ch"|"89yLuK-@xZuFI-xqvoZn"
"maite.krammer@edu.tbz.ch"|"Xju4G$-Sd#NyV-&SpmQS"
"genevieve.verry@edu.tbz.ch"|"QoRYgf-Bfj&oh-HTVIau"
"lea.olochan@edu.tbz.ch"|"TnN6MZ-OMm$Zc-leu5Ou"
"naelle.brunnen@edu.tbz.ch"|"zP5vsD-YzYbj6-CkuyH4"
"goesta.bragginton@edu.tbz.ch"|"PMpi7e-i12vD8-%tVHX9"
"fei.danilyuk@edu.tbz.ch"|"o%wgUc-p&Vnii-XoB5Se"
"adelie.turbitt@edu.tbz.ch"|"@&$gpr-UtHQRe-DGqmLe"
"marylene.nutman@edu.tbz.ch"|"vRfPXi-s0XF#j-QfshI1"
"therese.barbrick@edu.tbz.ch"|"q8fyNF-IRUZYX-wX6V4A"
"melys.kolodziej@edu.tbz.ch"|"Xl82yE-oiIuA#-NKLonO"
"melanie.runchman@edu.tbz.ch"|"s6eBeB-IWfc24-Eo5iXN"
"serena.lafond@edu.tbz.ch"|"73$8JF-ntiOeK-PY&Sj3"
"pelagie.desmond@edu.tbz.ch"|"nLE3@D-MI5P0a-rMgTPJ"
"wa.spickett@edu.tbz.ch"|"AePXzz-qM4MEi-RCKrOM"
"po.shave@edu.tbz.ch"|"cFg4Hj-OWjezO-Pmjkwc"
"song.huikerby@edu.tbz.ch"|"%Mh5Po-SvY1NR-BSlXZe"
"melinda.bimson@edu.tbz.ch"|"Wp6zN$-OlA4pc-jD4Wnd"
"personnalisee.toffanelli@edu.tbz.ch"|"wbEnjl-RJZC&k-MuGlB4"
"leandre.hurn@edu.tbz.ch"|"NqcnSA-#NtRkS-5ns3DU"
"oesten.standell@edu.tbz.ch"|"R#IkFK-Qgua7R-fCOx#j"
"naelle.smaleman@edu.tbz.ch"|"OtOCJd-IQsFiI-kw8W0T"
"berenice.tayt@edu.tbz.ch"|"jpVU2j-#wBxWa-eozJMV"
"kui.popplewell@edu.tbz.ch"|"gmgewO-rv4LWA-OlJsP0"
"melodie.ferandez@edu.tbz.ch"|"%XZx34-nalNvl-LQNsvu"
"josee.negal@edu.tbz.ch"|"WytXrr-Gze2Ia-@Do%a5"
"melissandre.ferrelli@edu.tbz.ch"|"%sGfhj-mhIiHO-0fG8w3"
"josephine.kemmer@edu.tbz.ch"|"3RfZD%-coH%u7-P05YEm"
"maely.cayette@edu.tbz.ch"|"db%9lo-5W5ard-kLmLLD"
"nelie.vela@edu.tbz.ch"|"WiGvrD-hQ9@lu-Qtfa39"
"melina.cortes@edu.tbz.ch"|"5XYJie-M6AKw9-zit1j7"
"megane.leyshon@edu.tbz.ch"|"BlXMX%-ONiWzb-7C4Rxy"
"regine.harrie@edu.tbz.ch"|"Z#dPki-iJlvCl-Uchh#5"
"mylene.widdison@edu.tbz.ch"|"jwnaL3-MSsPSk-PQWoyt"
"pelagie.vivash@edu.tbz.ch"|"UOHmPi-ZTQ%L1-j4N0r0"
"styrbjoern.vicarey@edu.tbz.ch"|"cpDNP2-zfe0gY-V4$aup"
"long.kyles@edu.tbz.ch"|"R4FEqd-$Jj&qa-pUZzMy"
"stephanie.gipps@edu.tbz.ch"|"a5ngQq-snDAjH-PaC4TV"
"clea.constantine@edu.tbz.ch"|"jPNwvJ-IZcMVi-O3s9e8"
"maella.cometto@edu.tbz.ch"|"RAfS0A-GX$8J&-DAtpPC"
"laila.aubrun@edu.tbz.ch"|"6mnkaB-Ag8zSa-3miNBF"
"yao.austins@edu.tbz.ch"|"sV5LF7-PF371%-E8iE6z"
"mailys.rylstone@edu.tbz.ch"|"f$TYfw-kdx49i-moywuu"
"adelie.curuclis@edu.tbz.ch"|"hUwTyD-5@$7dS-VNvqJe"
"celine.longhurst@edu.tbz.ch"|"NB0zbi-rr%q5R-m&BRIt"
"gisele.hazell@edu.tbz.ch"|"rlXq7L-UnZ8SC-@JOHNH"
"celestine.ciccone@edu.tbz.ch"|"lH0aGN-&dxenT-C&A0Zz"
"maelyss.doole@edu.tbz.ch"|"TncPdz-asfkKE-@88zpl"
"helene.grimsdike@edu.tbz.ch"|"%EqIrh-NcCl1f-MxO$nI"
"lie.macer@edu.tbz.ch"|"X64DwB-ZleGN1-mgm3aT"
"maely.izard@edu.tbz.ch"|"a4OfjD-QS3Rft-#uDdGp"
"erwei.breewood@edu.tbz.ch"|"jXQi@O-S4@lGp-Rg@%y%"
"chloe.woolford@edu.tbz.ch"|"3iX2Ae-Pz2OXq-aB#qkt"
"cleopatre.turpin@edu.tbz.ch"|"nOXy7e-gHjYdk-Tkm7IN"
"melodie.surgison@edu.tbz.ch"|"&OEj%h-V9kRo@-08P32o"
"elies.leander@edu.tbz.ch"|"OmEEUZ-WOc73L-RMrfwy"
"mediamass.reignould@edu.tbz.ch"|"kZxbii-U29w8P-GNNyzO"
"celestine.wasmuth@edu.tbz.ch"|"eKJvvY-udSdNc-ayQR5m"
"marten.jervis@edu.tbz.ch"|"rj%xqB-7Gicw6-TgEV5i"
"daphnee.bour@edu.tbz.ch"|"t2F0RM-k2Pz$N-ST&ee7"
"regine.harlett@edu.tbz.ch"|"#HCvm&-MZiTWB-uPIyaC"
"noemie.macaskie@edu.tbz.ch"|"eZbcTZ-h1zNzZ-xcOeaY"
"loic.renfield@edu.tbz.ch"|"JNVNxz-9#XzsN-o5fA1E"
"venus.kleinert@edu.tbz.ch"|"Pxu7tz-PH813n-%BREsj"
"marten.burlay@edu.tbz.ch"|"QWxywd-XtA3e8-T6db9x"
"berengere.radsdale@edu.tbz.ch"|"2p4be5-9kmDK3-V0@uDV"
"genevieve.duckit@edu.tbz.ch"|"9UIJdD-UmF5lB-V3BeNd"
"maely.ligerton@edu.tbz.ch"|"pDg1s9-#tgltV-GCpoLL"
"maeline.ricciardelli@edu.tbz.ch"|"0JKOOr-n2ms8f-hp4c0B"
"personnalisee.yggo@edu.tbz.ch"|"UTROsz-Xo3Wym-tsAtKc"
"alizee.pettinger@edu.tbz.ch"|"iwjQ%9-c0Q1js-cnQ9#N"
"desiree.curnnokk@edu.tbz.ch"|"TxYWHD-PmS1Vl-0UMLos"
"dorothee.minors@edu.tbz.ch"|"v6ApZ3-NjAUO0-uNK6pm"
"oceanne.kopmann@edu.tbz.ch"|"Vx@sHh-pkyEpb-w$me$b"
"almerinda.brodbin@edu.tbz.ch"|"TjQp1R-HvbmA5-z%S639"
"yenora.carsberg@edu.tbz.ch"|"ZYg7cS-oaHy#u-KZTGeo"
"wa.beetles@edu.tbz.ch"|"&nFw7a-t#Glz7-G3bxss"
"audreanne.abbot@edu.tbz.ch"|"BlDxuz-cJthkV-FRt9j%"
"noemie.capper@edu.tbz.ch"|"qunvlp-6f3S7r-dC5eKU"
"mans.abramamov@edu.tbz.ch"|"221zxb-TMLdyG-5Gk#sn"
"audreanne.blakey@edu.tbz.ch"|"ea94Ub-9YAAzP-Zlz27v"
"leone.klimpke@edu.tbz.ch"|"@KiWRR-uAZckG-Tx&$x&"
"lie.croston@edu.tbz.ch"|"n$GWgD-2l@VTf-fprmq6"
"anaelle.baistow@edu.tbz.ch"|"YF#D%4-MnXPJI-3dJZSh"
"michele.garwood@edu.tbz.ch"|"18GRsB-IA0geT-0c8Woj"
"interessant.albion@edu.tbz.ch"|"oLxc3j-$GjeG4-iuTKx1"
"andre.brisco@edu.tbz.ch"|"Bybesd-EC7SQ0-F#7rT9"
"tang.totterdill@edu.tbz.ch"|"hF2%ss-1rkTy#-Kpd43G"
"marie-josee.braundt@edu.tbz.ch"|"iEvaxK-ImSTnQ-QVLWOf"
"lois.galer@edu.tbz.ch"|"5YP3DC-snnECw-BaBqdT"
"faites.pellamonuten@edu.tbz.ch"|"E5yJDP-96KgEO-O3c&09"
"mai.barfford@edu.tbz.ch"|"eg6tCo-iI2JO2-AGLkX8"
"laurene.macilory@edu.tbz.ch"|"dmRhQq-4LpaXw-lfS7zG"
"elea.peak@edu.tbz.ch"|"Qp#KX1-s5Js18-HUXyiX"
"rejane.doni@edu.tbz.ch"|"eUMGq4-ixVgYW-i#CltR"
"mahelie.ector@edu.tbz.ch"|"ufP3HT-5$q$$Y-MXt&hL"
"rachele.allum@edu.tbz.ch"|"%sEaL2-ys43G@-MibvpU"
"laila.gerretsen@edu.tbz.ch"|"WXvyDE-9yT6kT-hJBlUL"
"ines.bowman@edu.tbz.ch"|"L4rUGc-BI@@bf-kdV6@Q"
"publicite.barbary@edu.tbz.ch"|"c&fYoS-dDmvYQ-@&prSR"
"mailys.smooth@edu.tbz.ch"|"WnOslO-u4VGeV-X&ymtX"
"mailis.huguenet@edu.tbz.ch"|"cHUzeD-Z1BEMb-bdwzg%"
"lea.ewer@edu.tbz.ch"|"OJ@hSR-7%nXrr-ST7y$@"
