"email"|"password"
"melodie.vandervlies@edu.tbz.ch"|"tksbX3-2lfhOQ-5aov&i"
"angele.edgecumbe@edu.tbz.ch"|"xkptGV-ywiDod-LMx5MR"
"zhi.andreasson@edu.tbz.ch"|"KVAMq9-3rfn23-IFbmMl"
"judicael.koppeck@edu.tbz.ch"|"%ouV5Z-Adp@a3-O7H#1a"
"berengere.capron@edu.tbz.ch"|"j0Vr7P-DGNuWz-XEpSzP"
"leonie.brosini@edu.tbz.ch"|"VIxql7-Q@jx73-o$yxDm"
"venus.garfit@edu.tbz.ch"|"VEAKnZ-VvKlQc-rU$r8K"
"melina.janota@edu.tbz.ch"|"&MuVxv-eISIMC-ukv#r5"
"laurene.bake@edu.tbz.ch"|"LN61sf-EoF82Y-U7Eqh8"
"regine.dorkins@edu.tbz.ch"|"bWk1X#-cCZCcN-k%$87%"
"cecile.moffet@edu.tbz.ch"|"72sb&T-Q&mLog-BO2&K3"
"maelann.labrone@edu.tbz.ch"|"7#PhBh-Qv$F5h-9hjl90"
"melinda.newbold@edu.tbz.ch"|"OiY&Eo-o4ahhC-%wAMk4"
"mans.itzhak@edu.tbz.ch"|"vTY0L9-5HW%YC-pEx%$Q"
"melodie.pattlel@edu.tbz.ch"|"e68rr3-Tv%QqH-9Ps6W%"
"celine.bonett@edu.tbz.ch"|"zfJ9UT-a#qZ&F-YEEaSf"
"adelie.mcgreal@edu.tbz.ch"|"Lnhyoj-@x$jgB-iVsb3L"
"helene.soldan@edu.tbz.ch"|"%$S8Ke-7qbofW-IaTx8k"
"michele.cluer@edu.tbz.ch"|"oOTPQR-6cy7jV-K1hQOR"
"maeline.mueller@edu.tbz.ch"|"NeO0K5-p8kyEI-yCBf1t"
"maelann.benedito@edu.tbz.ch"|"3C$Rux-CMh0lm-mexSWG"
"nuo.gransden@edu.tbz.ch"|"mo8jUX-D06wbB-ZUDfrL"
"berengere.stainton@edu.tbz.ch"|"Z#JRMd-d80kt3-V65QmG"
"wa.sabater@edu.tbz.ch"|"pWmN3N-WpiM0L-K8@#&n"
"anais.cochran@edu.tbz.ch"|"GWoRVb-qb&ch4-31%krf"
"gerald.bessant@edu.tbz.ch"|"v4N$h&-KH5NFv-fIiJm7"
"ruo.coffin@edu.tbz.ch"|"pHdxan-aIMv96-dasrjH"
"melodie.mustill@edu.tbz.ch"|"70mKLw-D@#nEz-Xn6#2o"
"ruo.stanesby@edu.tbz.ch"|"NexftY-tbe&%T-RINVNe"
"noemie.antognelli@edu.tbz.ch"|"jKFxUe-bUMISW-aP4nGz"
"maelann.hughson@edu.tbz.ch"|"gRkCSi-6IONj3-rMSQw4"
"milena.mieville@edu.tbz.ch"|"MpMSS8-FHf@G$-6Pxo65"
"mailys.chamberlin@edu.tbz.ch"|"clpoFq-CGpQX5-mZR0YM"
"nadege.tomalin@edu.tbz.ch"|"1ozwLM-WNE6bl-neQQ0r"
"oceane.omara@edu.tbz.ch"|"AcLnDM-ZnxD06-QPCIeG"
"cecile.aguirrezabala@edu.tbz.ch"|"fp6%3l-ek5F&V-v#5hQk"
"maella.gwillim@edu.tbz.ch"|"iQcti2-IEUZV5-6o8kJ4"
"lea.mcgahey@edu.tbz.ch"|"rs7fD4-LZ50v4-9ONVm2"
"laurene.hagerty@edu.tbz.ch"|"mXxK7H-XGuCDG-0slk1T"
"dorothee.link@edu.tbz.ch"|"g3ngiF-#vBjOJ-JNF3t8"
"clementine.kynsey@edu.tbz.ch"|"#bpI1K-RgtBIP-PuhL7U"
"lorene.smitherman@edu.tbz.ch"|"Rz6TrF-LcArf1-1bMMmA"
"cleopatre.klulicek@edu.tbz.ch"|"Ymuo$D-hBVKC6-i0&xst"
"laurene.castaneda@edu.tbz.ch"|"TWv%Y7-0KHVkY-vu%6rS"
"melia.constant@edu.tbz.ch"|"7FT187-hngU4a-hfkxxP"
"lucrece.clunie@edu.tbz.ch"|"boYL0z-OClMcM-B7U66B"
"eleonore.mcmurthy@edu.tbz.ch"|"9BUeCL-a5a$wd-mMKuxr"
"melia.bevar@edu.tbz.ch"|"4PKSca-PJcshZ-eiv1PA"
"camelia.bontine@edu.tbz.ch"|"0DKCwg-Fwu8kS-rL5JdD"
"methode.jozefczak@edu.tbz.ch"|"uZXRPk-aaLvxJ-ZDGvAC"
"audreanne.hinsche@edu.tbz.ch"|"IQUJzV-@zRNMz-6zU3Tw"
"andree.varne@edu.tbz.ch"|"cSXhge-WMjZZD-2&2YHI"
"marten.kinleyside@edu.tbz.ch"|"7wQY5S-hRbhUv-Y$QIXk"
"esteve.mcewan@edu.tbz.ch"|"1o4IuT-UrEWl7-B74YSJ"
"leane.dibbert@edu.tbz.ch"|"WkmfP%-udZZR1-C6EXHb"
"ma.thewlis@edu.tbz.ch"|"AeCdS0-N&NenK-@xO2Sm"
"clea.djurkovic@edu.tbz.ch"|"y2wiBW-xrEgy0-OHsRpp"
"rachele.reburn@edu.tbz.ch"|"kXp9Hx-ngf%pX-nyt1SR"
"gerald.gowling@edu.tbz.ch"|"eanosx-iNS9@2-1eUYLu"
"cleopatre.jackson@edu.tbz.ch"|"#aOku1-GNAv2J-FkiH6M"
"desiree.haskins@edu.tbz.ch"|"skvlZE-71fSyJ-ID1#5R"
"eleonore.longson@edu.tbz.ch"|"vHk07d-P#VR&3-qXwl%P"
"leane.dybell@edu.tbz.ch"|"s8WUtQ-f9V7LG-n#jpaz"
"becassine.grzesiak@edu.tbz.ch"|"w0hN%V-yNNQyx-RWJN9Y"
"marie-josee.pickin@edu.tbz.ch"|"@XBSS3-PNJrGv-MPRw6x"
"marie-josee.roxby@edu.tbz.ch"|"Z@vB#a-IXILO5-vN8ulM"
"leonie.feenan@edu.tbz.ch"|"kVRkcB-gIKb#@-6zOhOH"
"valerie.ellum@edu.tbz.ch"|"GXHs%D-8Mblh6-bHEuHr"
"ju.caseri@edu.tbz.ch"|"qyd3#Z-bSqayn-uaqoeW"
"boerje.strangman@edu.tbz.ch"|"b6Qag%-fJar3u-lxtB0H"
"beatrice.ghidelli@edu.tbz.ch"|"optQmI-70k2#Y-5#qwAY"
"da.jablonski@edu.tbz.ch"|"$2AX3y-CytW96-zMs26y"
"uo.beveridge@edu.tbz.ch"|"5GrEVp-OoxcEP-DC2Ta0"
"valerie.bestman@edu.tbz.ch"|"mqcz%C-6UtOQy-GavUX0"
"marlene.pohls@edu.tbz.ch"|"X3GILl-mz#Gof-wi#tBs"
"ma.nolda@edu.tbz.ch"|"uqkEBD-Peq@40-KwsEG9"
"marlene.bisiker@edu.tbz.ch"|"pGX4xi-u8PGnD-HjggPt"
"estee.babon@edu.tbz.ch"|"AE7R#l-SsMmCL-sJa91#"
"simplifies.dmisek@edu.tbz.ch"|"heYMp2-kXCEgk-leVWF$"
"selene.ganing@edu.tbz.ch"|"f5MbQT-rUgX#G-RP9QWd"
"meryl.penke@edu.tbz.ch"|"83zXwG-RpcZbh-S5Lbnv"
"anais.rawcliff@edu.tbz.ch"|"REmxkp-72T$sF-%rXFae"
"melina.andri@edu.tbz.ch"|"ph0mzv-QifgH0-371VJb"
"audreanne.fodden@edu.tbz.ch"|"uTWxm5-1uE7P&-IV3&qf"
"bjoern.spellesy@edu.tbz.ch"|"WVe9Gz-7x3z8j-Zxv9rt"
"francoise.summerscales@edu.tbz.ch"|"FY1O&b-nr9g8D-&MNtJX"
"laurene.ashtonhurst@edu.tbz.ch"|"v#suPh-IO5wbk-g70WE0"
"valerie.petters@edu.tbz.ch"|"u1K92A-RyVfmn-RY9@5G"
"anael.spenclay@edu.tbz.ch"|"BZ8J40-@TzwpS-hYqtW9"
"stephanie.keech@edu.tbz.ch"|"hfx2Qv-giB&tq-Bs5WkD"
"ines.deveril@edu.tbz.ch"|"MgAC5t-e28Su6-erh0Rt"
"berenice.gelder@edu.tbz.ch"|"yHfW@H-f&chB@-dTNK2F"
"melanie.ofogerty@edu.tbz.ch"|"KonJdI-B3Uc7u-BN@Lv7"
"frederique.canepe@edu.tbz.ch"|"17YpyQ-3vTB3J-L&#@6w"
"nuo.otton@edu.tbz.ch"|"64TPtW-xQIG7J-50ZWTU"
"genevieve.trusler@edu.tbz.ch"|"QUYOnU-tXUMCs-6#BVUM"
"ju.boag@edu.tbz.ch"|"H1ZRgQ-O9T47M-e7k24K"
"josephine.dilucia@edu.tbz.ch"|"41h0sk-iVeXKI-HItFoN"
"laurene.armsden@edu.tbz.ch"|"6G0d3v-nb0NWC-Awfu5n"
"becassine.griffe@edu.tbz.ch"|"DaD7Tk-iI0uQ9-ZjPThk"
"alois.parres@edu.tbz.ch"|"@qXL6K-N6C9Cr-ckR#h&"
"cleopatre.gaffey@edu.tbz.ch"|"xl3Xdm-FYd1IP-a7Dcca"
"andre.stiger@edu.tbz.ch"|"hymi&1-cZ#Q7Z-0mdSXy"
"beatrice.godleman@edu.tbz.ch"|"f7IXSp-2vwCI0-13%To3"
"hakan.harrhy@edu.tbz.ch"|"d@dxgS-Ut6fE#-Pqs8fa"
"celestine.dagnan@edu.tbz.ch"|"hL2DuG-Y#N#nn-DrUerT"
"clemence.haggart@edu.tbz.ch"|"b60bdU-TDkt2N-xn43RD"
"long.caban@edu.tbz.ch"|"j9ixBt-Az#qeR-LhyYSH"
"gaetane.grimble@edu.tbz.ch"|"wuEG8c-GY8FJ9-F6Ra64"
"maelann.piwall@edu.tbz.ch"|"#3ck9J-l6ccBC-hwQftX"
"magdalene.loble@edu.tbz.ch"|"5DwlKn-h0$@$8-XuOZ%5"
"veronique.domaschke@edu.tbz.ch"|"zWYsSs-U#VgMx-cBr@YJ"
"clea.herity@edu.tbz.ch"|"@q5ZNE-&@mT9l-e&3BYC"
"maelann.bambrough@edu.tbz.ch"|"7tco@A-9kyks6-sw&Qk9"
"clea.goulstone@edu.tbz.ch"|"&puo&C-DDgFOx-yB&wys"
"renee.deleek@edu.tbz.ch"|"zoy2xD-ksYFxC-Bvg5ep"
"boerje.rudderham@edu.tbz.ch"|"EKQMbO-D%s0B7-nRn1B&"
"marylene.broune@edu.tbz.ch"|"kimKy9-VmfZSq-$uECuV"
"nadege.mccuish@edu.tbz.ch"|"W4otpc-h40s0d-uGyASu"
"anael.littleover@edu.tbz.ch"|"92Wm#y-GlZ3hA-YyY106"
"lie.baume@edu.tbz.ch"|"xXZ&$F-W%&xpx-zBlm12"
"maella.murrow@edu.tbz.ch"|"jIsDYd-UqU1aY-eu0Clq"
"cleopatre.pettifor@edu.tbz.ch"|"9B$6#i-TxYO5C-RZY8kX"
"geraldine.asker@edu.tbz.ch"|"Flnh@y-vg6z1N-wJXRXw"
"gaetane.smedmore@edu.tbz.ch"|"3ASxme-uiofwy-iAtsbc"
"meryl.blencoe@edu.tbz.ch"|"VmK$qP-3aFYGt-Qss@jk"
"aurelie.chastaing@edu.tbz.ch"|"oi18Rr-6EZP6M-1SgBil"
"oceanne.marthen@edu.tbz.ch"|"$#6M1L-mBSKYm-IwcwtC"
"dorothee.burrill@edu.tbz.ch"|"1#@WD4-h0z@#q-$a&r&6"
"hakan.belden@edu.tbz.ch"|"MNLigO-eFc6E5-py3Id7"
"celine.brunning@edu.tbz.ch"|"fnSJNb-M6QPua-cHoqEn"
"anael.lapides@edu.tbz.ch"|"SiS8c6-3k7FHG-3rbaHU"
"ruo.saffran@edu.tbz.ch"|"pv2TNS-gJ6MBe-2qo@X3"
"loic.gerretsen@edu.tbz.ch"|"sLsIpI-AlI&ZW-EVi8Tv"
"rui.fitzer@edu.tbz.ch"|"XaXmfM-AGqYgf-%L$Rlf"
"annotee.ogers@edu.tbz.ch"|"&8R%Wv-2Vj3f8-D8Ogke"
"boerje.bindin@edu.tbz.ch"|"@b6WjB-hg&&Y9-LEy92@"
"ma.cronchey@edu.tbz.ch"|"IHHAWb-Zuhy3#-KDe3h$"
"laurelie.baiyle@edu.tbz.ch"|"qoREuV-2@X%zn-7SHbBO"
"dorothee.older@edu.tbz.ch"|"%wSVsr-yNSqGn-b5F%12"
"laurena.wile@edu.tbz.ch"|"B%4Uj9-Mo2WHl-b0JzG2"
"clemence.brito@edu.tbz.ch"|"7dqcwR-#UDpil-i4tstV"
"nadege.dallin@edu.tbz.ch"|"3XZSw9-jbuI6P-5WsINd"
"mailis.matley@edu.tbz.ch"|"N0Oq63-euMj4u-aQYmAT"
"daniele.screaton@edu.tbz.ch"|"go@glM-M8DTYV-VBsdfv"
"mediamass.godly@edu.tbz.ch"|"GyLS&v-gjKNPZ-z5j@J%"
"leone.kremer@edu.tbz.ch"|"e1obGc-%%PdvQ-fB8bKG"
"asa.adrian@edu.tbz.ch"|"0hfI&r-ufpK7Q-1a9iz$"
"adele.doley@edu.tbz.ch"|"V75uXV-@#6qAk-W56PFi"
"fei.sidney@edu.tbz.ch"|"wk3E#c-KLqGma-doHJaW"
"marie-josee.walisiak@edu.tbz.ch"|"dDUyvx-@cUwaN-EisYCd"
"desiree.diplock@edu.tbz.ch"|"0&PhKi-ZDS8fH-df$g3n"
"gisele.schust@edu.tbz.ch"|"%Dadxg-@Nllrg-Mss#gu"
"ma.longshaw@edu.tbz.ch"|"rUIA@Q-CoMYgs-i5SR4P"
"da.boother@edu.tbz.ch"|"BuUJAC-rNVc$h-pHEqAP"
"simplifies.chaudhry@edu.tbz.ch"|"Ic0M4m-0LAAY#-0U2tFz"
"garcon.baniard@edu.tbz.ch"|"V2J%$l-6cS1@#-7mH#bc"
"gaetane.elphee@edu.tbz.ch"|"7SfIDe-STio@C-Lk0qnv"
"gisele.hassey@edu.tbz.ch"|"na8VHT-Wksud0-uq9F8U"
"oceanne.booley@edu.tbz.ch"|"4EXPeM-u7rHZX-uZfCRn"
"oerjan.dibden@edu.tbz.ch"|"J&S$ld-aLjVpj-Br14Z3"
"regine.ocleary@edu.tbz.ch"|"7amYlP-fdE$pZ-PgZ@8v"
"selene.persse@edu.tbz.ch"|"X2oe&Z-Zr7By4-oUbfEA"
"helena.adenot@edu.tbz.ch"|"M%gUR#-jIsAIT-a491fp"
"maelann.wassung@edu.tbz.ch"|"wBbPdc-PFj#6d-7Q$sAS"
"frederique.ackermann@edu.tbz.ch"|"AKZgFN-5lce1R-JiA$5l"
"audreanne.kahen@edu.tbz.ch"|"AdYeKN-MPu#mr-LF5Tss"
"maiwenn.lasty@edu.tbz.ch"|"GSoDhB-6jGloF-Q4MgYY"
"yu.dictus@edu.tbz.ch"|"FQ%Tr1-Tu7w@l-BL7Ua6"
"anae.dukes@edu.tbz.ch"|"xj7ueo-c@6VRM-LP#RTa"
"yenora.warr@edu.tbz.ch"|"l#n0u0-Yd9yiT-2Hxf1&"
"esbjoern.archibold@edu.tbz.ch"|"Sx#Lqg-EeRVpO-dojaAG"
"milena.pardal@edu.tbz.ch"|"P6&DMq-iPUia9-BsWUYC"
"celestine.graveston@edu.tbz.ch"|"iY$T5k-tsDx&d-mtX80i"
"maena.dallas@edu.tbz.ch"|"dbtk7D-pjQOsT-5VvSa9"
"andree.tuke@edu.tbz.ch"|"IaQsUN-$SIfMr-xVp8c1"
"methode.seldner@edu.tbz.ch"|"rN3ynw-h7wUi6-ffNpOt"
"venus.bullas@edu.tbz.ch"|"mD3UIH-NTTlvm-8uPxzl"
"mans.aguirrezabal@edu.tbz.ch"|"bvLbEk-bp2&ft-MrgcH2"
"gaelle.eadington@edu.tbz.ch"|"UowUqW-akA7Q#-fmAZ%U"
"anaelle.falkner@edu.tbz.ch"|"acPe$f-4HtkEW-wYXMf0"
"ophelie.height@edu.tbz.ch"|"h&dR5I-hrEvoc-hsT#ji"
"marten.bolding@edu.tbz.ch"|"4YICGU-YAgCNS-jWAyLd"
"pelagie.guswell@edu.tbz.ch"|"fR@Rmn-ep8KWD-e5JUE8"
"gwenaelle.lecount@edu.tbz.ch"|"mFWPbv-Pe3DvY-VBaH@p"
"hakan.laden@edu.tbz.ch"|"#uBdyY-rMxo65-SBSZxK"
"marie-josee.hylands@edu.tbz.ch"|"0ON1s6-7kPwHQ-Iyva9L"
"zoe.kingshott@edu.tbz.ch"|"K&3xW3-sM6HpJ-rB7S3d"
"josee.janous@edu.tbz.ch"|"1kMVl&-3aI4pX-nBorFj"
"laurene.gallally@edu.tbz.ch"|"FjKO0V-@KF9g$-Gn2I#p"
"anael.bickle@edu.tbz.ch"|"Uo1mR3-j#F2H2-wEyJxu"
"mediamass.lebbern@edu.tbz.ch"|"Wcxd4U-CkGXpa-rkicHo"
"berengere.hovy@edu.tbz.ch"|"NJOnqZ-3i$lWG-1a@QGw"
"oerjan.kilmurray@edu.tbz.ch"|"IFAIyu-psECBv-4R5FAw"
"asloeg.venny@edu.tbz.ch"|"o2E07n-8d318R-kmxaJf"
"marie-noel.stoad@edu.tbz.ch"|"&Y5qqg-Y6#Ou$-O2yf9N"
"hakan.pettifor@edu.tbz.ch"|"1Hwkg7-&E9uIp-A0rE5F"
"maella.willgrass@edu.tbz.ch"|"saP61Y-Ibhxer-tb9qei"
"therese.ludovici@edu.tbz.ch"|"Uf%zn5-zu7CnV-x@7jc8"
"stephanie.trewhitt@edu.tbz.ch"|"@tjemd-4gbevM-p6ppGt"
"maerta.bauduccio@edu.tbz.ch"|"Px0BF8-1%JA8p-t%WULx"
"gaetane.glaisner@edu.tbz.ch"|"RRgg#G-@scFvW-xCuow#"
"naeva.pargeter@edu.tbz.ch"|"lg$ORi-90qHVr-hJ8B@D"
"salome.venable@edu.tbz.ch"|"JWs64Q-cpAF@B-O1qMev"
"boerje.thickett@edu.tbz.ch"|"RideB0-wjYo8h-d32qlR"
"lucrece.prendergrass@edu.tbz.ch"|"zpY7t1-OoNdO0-bWcmaF"
"laurene.ockleshaw@edu.tbz.ch"|"i6IXYZ-fZUwR#-BjIYeW"
"cecilia.pasticznyk@edu.tbz.ch"|"Q6mudV-L$YVWA-sv5kLO"
"stevina.mackey@edu.tbz.ch"|"66G0@M-E8Ehrc-NLOuam"
"marie-noel.reven@edu.tbz.ch"|"J2EF3h-LOXhJP-79k$sy"
"melina.quilkin@edu.tbz.ch"|"v1FmzE-A5qflO-FzQ&cx"
"marie-noel.ferrie@edu.tbz.ch"|"&flA6U-iaxpig-HWSFTK"
"leone.alphege@edu.tbz.ch"|"0TSJNJ-gdpExM-CYFToO"
"zoe.leverson@edu.tbz.ch"|"ph5#Gg-thV0AC-Z$$q%r"
"annotes.grayne@edu.tbz.ch"|"4I6eoD-kmIVK0-6BqJM8"
"faites.lalley@edu.tbz.ch"|"5zK#YQ-3A&UQ2-IIEIZ4"
"adele.wallis@edu.tbz.ch"|"7Hc0f3-G1pyjJ-pMMBD9"
"severine.madill@edu.tbz.ch"|"aGHtUV-$lQ$cd-V6fN&L"
"valerie.tebb@edu.tbz.ch"|"u%zdMX-CD17V%-hRpKBI"
"kalliste.rasper@edu.tbz.ch"|"HPA4Tp-bMTYWO-6xLl5x"
"audreanne.palomba@edu.tbz.ch"|"l0CdNk-7wuJ0L-bq9bu4"
"elea.adamik@edu.tbz.ch"|"o02naa-CReQdx-%29njG"
"reserves.jakuszewski@edu.tbz.ch"|"9Dv8RE-RxWVVM-U3JeOz"
"athena.belhomme@edu.tbz.ch"|"OZMNhB-u6jpd9-Ips60r"
"rebecca.crippin@edu.tbz.ch"|"9dx914-tBjqXU-ia0AGl"
"maiwenn.curman@edu.tbz.ch"|"5EjR0r-7zIqGe-VXa97B"
"andree.bunner@edu.tbz.ch"|"P#cepy-hv1XyS-AFb7gM"
"ruo.winckles@edu.tbz.ch"|"fTeVHj-pjhgQx-sH7Z#G"
"naeva.buntine@edu.tbz.ch"|"cWSspJ-Rk@QwO-#G3x4&"
"boerje.dollard@edu.tbz.ch"|"nS44EG-mOgiuv-EhodzJ"
"penelope.gorman@edu.tbz.ch"|"81eXTM-Pgjuut-NsIuX&"
"alois.robelin@edu.tbz.ch"|"Q5WwGZ-FTw%Q6-4yTeor"
"anaelle.tindle@edu.tbz.ch"|"cK#UMk-GKz2H0-9dHn8s"
"ye.frears@edu.tbz.ch"|"xQMrB5-5Pn7Lk-p@cCy2"
"andree.ovid@edu.tbz.ch"|"kl%#gK-Fi2sgw-4E4Q4X"
"hakan.peat@edu.tbz.ch"|"K99Szp-HoB5zG-$fOa9u"
"andre.januszewski@edu.tbz.ch"|"plUCmR-$crrZA-7%%qYA"
"annotes.clemmett@edu.tbz.ch"|"3sQE2z-rB4jZr-yNXsW4"
"pal.lambswood@edu.tbz.ch"|"ICaupZ-t8mCJS-7@MO5F"
"yao.lenton@edu.tbz.ch"|"c3@w3l-8Ce3xv-SOPD&H"
"hakan.boyton@edu.tbz.ch"|"G7kLk2-9OFOon-tFebhU"
"nelie.forsey@edu.tbz.ch"|"fJa1HZ-d1j7ia-BoqbUj"
"hakan.horche@edu.tbz.ch"|"@9zy91-6wlI2E-z6CyZe"
"lorene.sinkings@edu.tbz.ch"|"9smvlX-cZu4PB-lUO96J"
"marie-therese.creddon@edu.tbz.ch"|"loaV9C-x2%pR3-Ju8ezB"
"berenice.tolworthy@edu.tbz.ch"|"#r$@uL-LuWpUL-Jwh9@@"
"theresa.land@edu.tbz.ch"|"W5x5FW-RXRFrh-wlwjbi"
"marie-therese.gianilli@edu.tbz.ch"|"YhsN#8-Kx5gdK-oaTrjE"
"meryl.glew@edu.tbz.ch"|"dpjRVC-G81sTE-NGj%a5"
"adele.debling@edu.tbz.ch"|"tb%RPY-AOnhCO-lzUy6l"
"anae.metzke@edu.tbz.ch"|"fvrTjP-aCfu2i-OHq4#8"
"gaetane.gooden@edu.tbz.ch"|"qs@eEk-NqR24a-TKtD99"
"laila.bootland@edu.tbz.ch"|"W1E77n-E#rNkG-ldcM7@"
"maite.helsdon@edu.tbz.ch"|"4O5mgS-oRiU7a-1cQ&n$"
"andree.malley@edu.tbz.ch"|"8AdGaN-FuQAGa-z0bX&l"
"pal.simmens@edu.tbz.ch"|"Kkmzuk-oAjEA5-bV4mMU"
"maelys.nuccitelli@edu.tbz.ch"|"%VPRXu-inKgu4-1qgZmu"
"dafnee.sibary@edu.tbz.ch"|"3AtVR8-daXqdz-&rWuQi"
"alois.harsnep@edu.tbz.ch"|"3rpxWm-$6c019-9b6&cF"
"marie-helene.lacky@edu.tbz.ch"|"hzUQfh-SGS454-SwFFA$"
"mylene.youthed@edu.tbz.ch"|"eWd1M&-0ZBDJR-jCBnt0"
"marie-helene.dehmel@edu.tbz.ch"|"i6i5#S-9KD#n7-chROkb"
"angele.batman@edu.tbz.ch"|"MQep3G-og$6zk-A@l8fi"
"melia.younghusband@edu.tbz.ch"|"8PJDJL-DCeBZS-aVB9xs"
"eloise.baldi@edu.tbz.ch"|"wAT9w@-lXl$#e-2wNH6B"
"illustree.dun@edu.tbz.ch"|"tq&gk2-%k#F8t-T1XEZj"
"genevieve.late@edu.tbz.ch"|"&iwEG2-s6@@N0-m3Y@tv"
"celestine.colville@edu.tbz.ch"|"gy@gO6-regR5R-DaadMe"
"gwenaelle.scarlon@edu.tbz.ch"|"rCgdZx-BG99fw-an$xCv"
"regine.boddie@edu.tbz.ch"|"8Am8s&-CviAhl-Evon@T"
"creez.gaughan@edu.tbz.ch"|"yauUOe-LEDgbe-vf6E4%"
"gaia.longford@edu.tbz.ch"|"xj6fIg-w3Jlwx-eWKybK"
"mailis.buckby@edu.tbz.ch"|"og8$x5-KK68Rw-5c9jHn"
"song.parbrook@edu.tbz.ch"|"ulw94h-YDU#v6-U&@p3Z"
"frederique.heddan@edu.tbz.ch"|"sUq&Jz-6bcTAq-jIxhl6"
"ake.kirtlan@edu.tbz.ch"|"fP5DVa-ZmJQf7-faU4HG"
"nelie.runciman@edu.tbz.ch"|"hwRLMM-r%$&t0-4&JFhs"
"mailis.cardnell@edu.tbz.ch"|"S2h@i#-$ro6M8-A0yL9g"
"irene.navarro@edu.tbz.ch"|"EIJL6H-BeFR3r-O2aanv"
"maite.cough@edu.tbz.ch"|"HZabMk-F1YirE-#9MIiS"
"anaelle.stocky@edu.tbz.ch"|"kVxn5R-ffYlpZ-N6&PIi"
"methode.moulder@edu.tbz.ch"|"6pk#cW-&O%cZq-@hZBn7"
"po.stafford@edu.tbz.ch"|"S5BwEg-b&jCFi-JYnQcp"
"faites.scraggs@edu.tbz.ch"|"X99pyF-YX$zRu-krlYTY"
"adelaide.dullard@edu.tbz.ch"|"$I&s7#-W2rUp2-rmW#Qe"
"desiree.leonard@edu.tbz.ch"|"WukJzO-aRS@#B-AgEBaV"
"geraldine.badgers@edu.tbz.ch"|"bQAgMJ-3b&Ral-1&E2G#"
"ruo.masic@edu.tbz.ch"|"M3XQG2-fc9l6W-MVQCy#"
"aurelie.lieber@edu.tbz.ch"|"pnaftS-r5ak4g-gIuKhT"
"naelle.balcock@edu.tbz.ch"|"U0xDyh-Nk$sAd-5n&1Ee"
"camelia.elger@edu.tbz.ch"|"mpUddA-0dyGon-thE2l#"
"publicite.oakeshott@edu.tbz.ch"|"8aRb5l-3tgQU5-yPNBnv"
"cleopatre.fawley@edu.tbz.ch"|"UemWye-a0XK5H-8ceBGy"
"laurene.bruckmann@edu.tbz.ch"|"cxlsIq-AQdb31-rzY5us"
"rui.haughton@edu.tbz.ch"|"ucxfXi-kGTvbf-rFas$Z"
"asa.ladewig@edu.tbz.ch"|"@Wj@X&-I9fyUD-zEksr$"
"gisele.janecek@edu.tbz.ch"|"J3NrC&-ErbhoC-5aCwQK"
"maily.loveridge@edu.tbz.ch"|"vekmLV-3hOjSw-FS1vZr"
"marie-eve.yurkiewicz@edu.tbz.ch"|"@1%c90-u67txy-2sdjOM"
"fei.roder@edu.tbz.ch"|"U6ZvFp-Dqobun-LUX$7h"
"edmee.chatburn@edu.tbz.ch"|"1uNHH3-9NgWza-8BM6%K"
"geraldine.darke@edu.tbz.ch"|"QZsrwO-aZwGZe-2y&Bg7"
"ye.jira@edu.tbz.ch"|"l8&$i$-LdKVsn-dUxMai"
"publicite.persent@edu.tbz.ch"|"PxHHLN-MyWInC-gNOt@u"
"severine.wilcox@edu.tbz.ch"|"p%naMi-h8qGg4-WN@xt$"
"yao.mcclaren@edu.tbz.ch"|"d9c3Yz-Z3wkBN-RcF3wh"
"theresa.foynes@edu.tbz.ch"|"@YZbi$-ZB5@Nw-lq77cj"
"stephanie.isley@edu.tbz.ch"|"YHVwkL-7ynxa5-6cmHJy"
"torbjoern.growy@edu.tbz.ch"|"%CqC#L-Zw%u4C-KD7eJf"
"eloise.tunnadine@edu.tbz.ch"|"BofL50-Hca0gH-mbGy$R"
"maeline.cossentine@edu.tbz.ch"|"sb@Y%i-972b4R-uUJzvE"
"nelie.desantos@edu.tbz.ch"|"Z6yGQh-JfLsM2-GhEWca"
"gaetane.axston@edu.tbz.ch"|"4YQHL0-E2e7gQ-6dNA03"
"aimee.merman@edu.tbz.ch"|"ONmAl7-PZmh5X-7T8bMZ"
"oerjan.drivers@edu.tbz.ch"|"sGMcr4-52%67H-1tUXXn"
"aimee.miroy@edu.tbz.ch"|"sPVxmN-a6In$5-mxFiTb"
"nelie.glyde@edu.tbz.ch"|"xu%VS&-0#EXEn-hoYUKe"
"hakan.kapelhof@edu.tbz.ch"|"xdAFna-nWqLCp-7OlAs5"
"maelyss.cauley@edu.tbz.ch"|"QvI#3&-5Ahi3O-UAiiGx"
"elea.vaggs@edu.tbz.ch"|"I7fW&g-JVG%et-98Wnb8"
"maelys.but@edu.tbz.ch"|"rhh@av-w7sPOz-siyBwo"
"maella.arthurs@edu.tbz.ch"|"K1I86C-LCbywi-ewlDGa"
"adele.liebrecht@edu.tbz.ch"|"gFDeuO-GG&#Ny-oWMxTY"
"meline.lomasny@edu.tbz.ch"|"CrcE#K-VtSm4f-jVBtB$"
"mediamass.schwant@edu.tbz.ch"|"LlZ6oe-@qrYD$-QuTpSJ"
"leone.saunt@edu.tbz.ch"|"ck%vO%-3&AktU-DYZe$j"
"annotes.gouch@edu.tbz.ch"|"dF6Vmq-HVwL72-Az1a1&"
"gaetane.bowich@edu.tbz.ch"|"qtW4eA-y8v4lw-U8@lov"
"alizee.strelitzki@edu.tbz.ch"|"n7tdNP-nAc7Ib-erLt%0"
"leone.poile@edu.tbz.ch"|"4qtKMw-U97nxN-Ojjk&L"
"amelie.saban@edu.tbz.ch"|"ohPZUn-BXKDfY-RUyRrM"
"marten.mcmenamin@edu.tbz.ch"|"4PZAOp-9JIwnJ-&c9d8B"
"becassine.keets@edu.tbz.ch"|"XG57Si-zvnmhf-PG%00B"
"celine.million@edu.tbz.ch"|"LEbp&Z-3Y0@$T-w%XORx"
"geraldine.belitz@edu.tbz.ch"|"f16Gwn-Y@DeqJ-kfFzmK"
"salome.mardling@edu.tbz.ch"|"n9Jm7Z-#d0H$w-WwvvaS"
"melia.blakemore@edu.tbz.ch"|"tQY50Z-kIyzVY-4rxDam"
"dafnee.mcaulay@edu.tbz.ch"|"b4e2UX-c%j1BC-hIMh$%"
"garcon.dennett@edu.tbz.ch"|"NJWCgi-IzCgol-g%ApMo"
"interessant.lesor@edu.tbz.ch"|"BIeDAv-lYfw7w-6YGvqH"
"annotee.wasbrough@edu.tbz.ch"|"FIAR9r-73fR6u-NssBPT"
"asa.ibbeson@edu.tbz.ch"|"ZzRUmM-PmCjdX-&5vmW$"
"maily.kennealy@edu.tbz.ch"|"q8zomL-8lwJjt-EZHAWz"
"ye.seares@edu.tbz.ch"|"9MAO$N-CM@pze-YEjdVw"
"athena.harbron@edu.tbz.ch"|"WOcHkW-ucNRzd-KMTjgg"
"andreanne.portail@edu.tbz.ch"|"8TBbv0-JpVoK2-DoBO1h"
"goeran.zannelli@edu.tbz.ch"|"rm%X57-Z#Bs@o-0$cOcW"
"gerald.leathlay@edu.tbz.ch"|"DZ0R0m-wxGpR7-zsZpF%"
"andreanne.chown@edu.tbz.ch"|"YKnaE2-VvouN$-b93ZZS"
"esteve.clementel@edu.tbz.ch"|"h6krN2-v%dbyp-1Nt0EG"
"leone.legan@edu.tbz.ch"|"MRsGnk-gNKMbh-GYQCPa"
"maena.pownall@edu.tbz.ch"|"ylSAUk-c1TMvy-zJeKkO"
"andree.rettie@edu.tbz.ch"|"Ckl%np-T6lapz-NB1xlh"
"ines.kenwrick@edu.tbz.ch"|"CFuA2j-xRbf$7-poJwQE"
"marie-helene.yarnall@edu.tbz.ch"|"H%zkqm-ORW%tI-QcGDJK"
"po.martin@edu.tbz.ch"|"lTFQhE-WL%Paj-0ahPhL"
"ruo.celiz@edu.tbz.ch"|"sKMltU-%AizkI-$@5iIj"
"po.bissett@edu.tbz.ch"|"yLo5dU-Cj224F-z3kFex"
"du.swindon@edu.tbz.ch"|"a8Ks&M-0#qMfb-xsvJbU"
"interessant.gouldthorp@edu.tbz.ch"|"V7HXjn-AiJGgS-ubDF9y"
"leandre.lilburn@edu.tbz.ch"|"gdrJf8-FL523X-@rH0mg"
"bjoern.whales@edu.tbz.ch"|"P3W1TY-jxryuc-CfCbQy"
"interessant.dieton@edu.tbz.ch"|"GKfFjg-65$A3T-H2uMF$"
"celestine.redhills@edu.tbz.ch"|"f2gN#h-UTZy%o-ImmIVA"
"tan.yakovlev@edu.tbz.ch"|"N#pxn1-i@x66Y-ZT6uVg"
"regine.mcdowell@edu.tbz.ch"|"peeZIm-PRFnVn-aIjqDp"
"ju.coysh@edu.tbz.ch"|"njxHYe-giKDTP-FvGkD2"
"reserves.ofallon@edu.tbz.ch"|"rHPdWa-ABBHQq-%60ge9"
"frederique.sobey@edu.tbz.ch"|"fHvHPA-4j$KaC-ilkHZW"
"marie-eve.garstang@edu.tbz.ch"|"0&tTjy-Xjx#CW-Q2NKka"
"andre.tapin@edu.tbz.ch"|"0igsMu-wKRq$s-w5XVhG"
"esbjoern.eynon@edu.tbz.ch"|"VNNPOk-wKs&bV-l9jzlY"
"maella.duffy@edu.tbz.ch"|"%niOZt-eFCC#Q-NeRt03"
"leandre.twinning@edu.tbz.ch"|"IvITmy-6$#XbG-#asQLA"
"mai.whittingham@edu.tbz.ch"|"RA79b8-ez@LPx-LkCNje"
"rachele.shevelin@edu.tbz.ch"|"MB3edX-#WIItM-snIKtz"
"cecile.mcure@edu.tbz.ch"|"0r#QFv-ODa8&q-ZYufAA"
"marie-eve.yurkevich@edu.tbz.ch"|"G8vCGf-YL1Eyk-&2Ce2b"
"almerinda.paice@edu.tbz.ch"|"Xp%z7K-VKM1xH-4&fV#Z"
"rao.howkins@edu.tbz.ch"|"&xLQAU-n4FkXP-BzrUF4"
"serena.pack@edu.tbz.ch"|"USQJeE-oLzASY-DUI3S9"
"rebecca.mant@edu.tbz.ch"|"Gpnz22-NLpCOx-Xd%94Y"
"reserves.spitell@edu.tbz.ch"|"KktoRQ-d9@7cU-eni5m1"
"garcon.hamfleet@edu.tbz.ch"|"vGVAHd-p$$xVc-okEc7e"
"methode.kerkham@edu.tbz.ch"|"M66$15-thfoVC-nMIoPT"
"pelagie.camies@edu.tbz.ch"|"%5XAQ$-hCv4Nq-Hpoe4%"
"josephine.macpharlain@edu.tbz.ch"|"QCUFZJ-ov#Wr1-wz9uSj"
"eugenie.mathet@edu.tbz.ch"|"0VTaRx-SQ4AzA-rH6wn%"
"gaetane.brangan@edu.tbz.ch"|"ZZF8zI-g7IXTC-&bxDNH"
"michele.dewbury@edu.tbz.ch"|"PFB%ZO-x07@iJ-z1&Pj&"
"eugenie.elcott@edu.tbz.ch"|"@riLC5-MQQAhc-10OdFc"
"megane.harniman@edu.tbz.ch"|"&%tQa1-0mIS4Y-HDchWq"
"agnes.cluney@edu.tbz.ch"|"WBUQrp-3HJDzo-VZbFvX"
"marie-helene.angear@edu.tbz.ch"|"PH#@U7-G@nA3i-DK90r5"
"melia.dolphin@edu.tbz.ch"|"mu3d0L-FedErz-wIsY6h"
"lois.ruseworth@edu.tbz.ch"|"19g7cf-uON9kn-E07QvJ"
"mailys.ryding@edu.tbz.ch"|"QhT%Hg-QNeD0f-NRv%xQ"
"rachele.wulfinger@edu.tbz.ch"|"@qy1V$-D3Nd3w-%YFseK"
"gwenaelle.talton@edu.tbz.ch"|"0Ir8LM-247B9l-lByTUK"
"long.ronchetti@edu.tbz.ch"|"EmkcDG-1c%#6y-ee625T"
"styrbjoern.kloska@edu.tbz.ch"|"FZ2bZy-fiJjdQ-Tl9yrg"
"len.sudran@edu.tbz.ch"|"xtCCCB-Rln7Ys-cKT6n&"
"maelle.andrysek@edu.tbz.ch"|"4YdQtk-Zry5FS-vz7N6T"
"selene.senior@edu.tbz.ch"|"%A50Ln-nd0J3y-lqP5cj"
"anais.joskovitch@edu.tbz.ch"|"aUpKOh-gF@uAz-A55ekz"
"marie-noel.dally@edu.tbz.ch"|"tKFPwU-c1wAPU-Py%oH8"
"marie-helene.laurence@edu.tbz.ch"|"%g9gfO-oq7QS#-XE2Nma"
"camelia.foxon@edu.tbz.ch"|"oabCBJ-cdRKf5-qFUAsE"
"helene.cankett@edu.tbz.ch"|"3XlOMH-ulpBL@-6sTwFv"
"marten.mitchelson@edu.tbz.ch"|"9GZ4b@-G3k8JO-O%dd8y"
"helena.stirtle@edu.tbz.ch"|"HNX39$-HuD@1f-nNz1to"
"leane.barmby@edu.tbz.ch"|"@chUSy-%RVRgm-9KTgnQ"
"goeran.ofinan@edu.tbz.ch"|"AfEyJ$-PVM&yZ-6WPtLP"
"styrbjoern.proby@edu.tbz.ch"|"Y5pzvU-9ZwNQI-&O9zfc"
"zoe.halse@edu.tbz.ch"|"gLCgWY-2Erwf&-zWDDsF"
"kui.drable@edu.tbz.ch"|"vU5QB9-45YvFc-v0O%lT"
"desiree.bamford@edu.tbz.ch"|"MIVlOp-&sjDWc-C1B7Ns"
"zoe.suller@edu.tbz.ch"|"&2iWXK-VKJtgp-P$HODS"
"marylene.audiss@edu.tbz.ch"|"fQxbEe-LStm54-6B&XK0"
"adelaide.poznanski@edu.tbz.ch"|"qYMQ0g-zMwGD1-18I23X"
"maella.coleyshaw@edu.tbz.ch"|"fOo#GB-35CWu7-CaN#FB"
"marie-francoise.gelder@edu.tbz.ch"|"nuF#oK-R8Y$oa-kf@71K"
"eleonore.chaffyn@edu.tbz.ch"|"sAcG$1-6heije-Jv4BBB"
"celestine.sikorsky@edu.tbz.ch"|"I17stx-c0g3yC-N9yfl6"
"stevina.londsdale@edu.tbz.ch"|"g$8Ssx-3NWQmE-OAGr0d"
"maiwenn.nevitt@edu.tbz.ch"|"0BKsUZ-m$oa4N-FJOykV"
"magdalene.gerrey@edu.tbz.ch"|"qcVcNz-Ati8tC-4YEooG"
"becassine.latimer@edu.tbz.ch"|"Sl9TwN-KSS8oC-cXEPB4"
"da.lethibridge@edu.tbz.ch"|"&FXewT-@UkX%1-C@c@AF"
"mailys.claige@edu.tbz.ch"|"dwDR3z-Nr9Vp9-4U01D7"
"maena.torbard@edu.tbz.ch"|"KjfLXj-Qh#KOp-Uz%LZc"
"solene.lyvon@edu.tbz.ch"|"YI78RH-rE9MeQ-$MgYQy"
"marie-therese.benbrick@edu.tbz.ch"|"7LMyBV-bufXqe-Mx374t"
"gerald.edmonson@edu.tbz.ch"|"Bb7Vhb-av@9Af-IfAP$Y"
"ake.messruther@edu.tbz.ch"|"#nL01O-Z4wy1n-0Un&Fh"
"men.gosneye@edu.tbz.ch"|"f6yZRV-$nDV$g-BM#Gvw"
"anais.jefferys@edu.tbz.ch"|"&21PoG-r6HpSt-4RUwLd"
"publicite.tregale@edu.tbz.ch"|"V#VwHk-J#ymq@-XOFQ@s"
"maily.santorini@edu.tbz.ch"|"EwnGCl-&#xt7s-%sYJR%"
"ines.pioch@edu.tbz.ch"|"Xx6wsp-ifyTB6-bYU6AX"
"noemie.marklew@edu.tbz.ch"|"DXLSVU-Ugt5Un-9z$UyJ"
"meghane.maccaffrey@edu.tbz.ch"|"mkiWV9-J5s9W6-o60fzv"
"berangere.ambrogio@edu.tbz.ch"|"PyQSV$-0Dd$Ju-ZO83aL"
"mediamass.ryce@edu.tbz.ch"|"8CzJpv-$C%xPr-sPAFHK"
"oesten.ubank@edu.tbz.ch"|"tougzK-fnf9ZC-GUu11R"
"melina.mackee@edu.tbz.ch"|"cCNDeI-rg5NGa-fAklXZ"
"theresa.livezey@edu.tbz.ch"|"hNLkV7-XqpKBh-Nu8Xln"
"clemence.weal@edu.tbz.ch"|"Knylkh-7l3BR%-Yi6Mv0"
"faites.overton@edu.tbz.ch"|"it2$y9-IDYYAc-s32hVL"
"clea.lindblad@edu.tbz.ch"|"WuHsgt-CuZUWv-qIkB#D"
"josephine.roseaman@edu.tbz.ch"|"iPm@AC-56cWT6-e5Z4q&"
"oesten.lowbridge@edu.tbz.ch"|"eGeFYt-WZCenH-VBkm5C"
"marie-josee.brion@edu.tbz.ch"|"t@ZZrt-74sD1v-lIeJEU"
"therese.basili@edu.tbz.ch"|"Qp6njM-anrS4%-3oX8kw"
"melia.vertigan@edu.tbz.ch"|"P#mUle-$i@#dy-NX1bgI"
"judicael.saull@edu.tbz.ch"|"KiFtp8-FhYgk3-PogVqu"
"selene.valentine@edu.tbz.ch"|"rQH$$@-Aw0Zax-CNCoTR"
"verane.dunlap@edu.tbz.ch"|"uR#pst-7yQJCf-uv7J%U"
"meline.kinnear@edu.tbz.ch"|"l2FvL7-4yeXLk-q#QRHi"
"lei.luttgert@edu.tbz.ch"|"z7aP@J-MWJ6nn-ge7v3c"
"styrbjoern.lathleiffure@edu.tbz.ch"|"kxpNf4-ZrCVcH-N@LGEP"
"marlene.blasi@edu.tbz.ch"|"Dbb4tA-#XjK@J-%LJcp%"
"mai.begwell@edu.tbz.ch"|"DBx3%x-hd3oq$-G4xqco"
"gwenaelle.kaines@edu.tbz.ch"|"ZvGiMx-RKuvOq-&KrFrq"
"gerald.adamthwaite@edu.tbz.ch"|"rdJmP0-@QQTgF-KrG$RA"
"kui.hartfield@edu.tbz.ch"|"op$uTF-70ie54-%Uw%eY"
"salome.currao@edu.tbz.ch"|"A&UwW@-RVb1nu-QHI%zF"
"angelique.tixier@edu.tbz.ch"|"2gyyJr-a4U763-ehQ&OS"
"ju.mcgragh@edu.tbz.ch"|"tWUt6M-3cEANV-VkxXkm"
"dafnee.beachem@edu.tbz.ch"|"nmkRqQ-ttoatD-4Ng#9$"
"creez.terlinden@edu.tbz.ch"|"F6mxIi-z#LaLp-NWzHrM"
"uo.mcskeagan@edu.tbz.ch"|"h3XMuS-gEw#AZ-nCvYqH"
"edmee.mccaughren@edu.tbz.ch"|"5vW1Jr-MCAsP6-#y#GqO"
"asloeg.cozby@edu.tbz.ch"|"5%9WuW-B1C1#H-b5Z7uo"
"melodie.traite@edu.tbz.ch"|"%YoibX-4hU@7w-VGK#HO"
"dorothee.aindriu@edu.tbz.ch"|"Fkfbj$-z&Geay-%dSL7B"
"daniele.doley@edu.tbz.ch"|"Cj7IQd-xSEzOR-ls2YTm"
"mediamass.fairclough@edu.tbz.ch"|"gZu0HU-yy3J1O-8&hhDU"
"lorene.rainforth@edu.tbz.ch"|"o0XmQP-3$KtqY-5hpEIJ"
"leonore.eyer@edu.tbz.ch"|"axdzrE-Xa$AD5-FqSJSU"
"po.spillman@edu.tbz.ch"|"IPf6A1-&jfnke-9FLhpi"
"cecilia.plitz@edu.tbz.ch"|"WA$bSS-BLuGCa-yu5oeV"
"lorene.ludlow@edu.tbz.ch"|"qLB4cB-#Mn1m2-sIK9Z5"
"berangere.neligan@edu.tbz.ch"|"ETs2wA-N3OLLU-PpZh62"
"simplifies.huggan@edu.tbz.ch"|"cd0Urr-C#3WIn-IiPJWL"
"clelia.prandy@edu.tbz.ch"|"46Kq7P-CjCeR#-8aNwOz"
"ake.osban@edu.tbz.ch"|"5y7e4H-HepKgT-@5d%Vz"
"cunegonde.brunn@edu.tbz.ch"|"1B6sug-Fi1jgH-MkJwtD"
"long.grizard@edu.tbz.ch"|"s3OBhg-G2NZwe-QMb9J#"
"meghane.diss@edu.tbz.ch"|"hsP0j#-p7f#b@-I9&Dfs"
"therese.oldman@edu.tbz.ch"|"S#7lO0-HTuZR8-d%cVa3"
"boerje.scamerdine@edu.tbz.ch"|"DI6uSm-DB%hfg-$yokAe"
"du.saban@edu.tbz.ch"|"tVQyOq-%ijtkA-bKvQf&"
"hakan.clynmans@edu.tbz.ch"|"tNL5ce-J9W4fe-Vdw53m"
"wa.macdowal@edu.tbz.ch"|"&QBAF9-Z#VxES-gcv4qI"
"venus.hatrey@edu.tbz.ch"|"S6QsuF-2c078H-6Gc&Tm"
"anaelle.vispo@edu.tbz.ch"|"bXeQpF-seKUML-IXR77J"
"mahelie.ollcott@edu.tbz.ch"|"$REz54-rUvJSJ-cfGMV$"
"mediamass.whyman@edu.tbz.ch"|"Z$xFmu-$UNcOR-#bU4fE"
"esbjoern.basson@edu.tbz.ch"|"B1kX@a-8xKWYC-IESlYi"
"andrea.morrill@edu.tbz.ch"|"7YT8Xl-@YhyOq-nPkGyk"
"melys.grassi@edu.tbz.ch"|"bMkTuy-v0pHbT-INnnNS"
"leone.poleye@edu.tbz.ch"|"vRYWsJ-knE3HP-qA6i5x"
"francoise.penny@edu.tbz.ch"|"h#JCg4-DMpCdc-22S@Xj"
"rebecca.edney@edu.tbz.ch"|"fp7Nch-diyUmD-onGGF4"
"adelaide.murtagh@edu.tbz.ch"|"g6BcsF-hk@w3u-i5$hq2"
"stevina.winterbourne@edu.tbz.ch"|"0NRKww-R#sZQ2-9&Fj5Q"
"ma.cottom@edu.tbz.ch"|"wYpGpR-2MVKI4-Ke3Qy3"
"tan.harold@edu.tbz.ch"|"aTpFBl-Vdl1D0-hGzJdP"
"venus.forte@edu.tbz.ch"|"W6r@X6-PciOoH-T0XCQg"
"almerinda.oluney@edu.tbz.ch"|"mjI8ki-NPKT5m-OE#DT5"
"cleopatre.brehault@edu.tbz.ch"|"jk%1H4-E#WnFV-Ihsx%S"
"interessant.lapides@edu.tbz.ch"|"jiVf@#-cmas0r-U0Kc3V"
"reserves.hallatt@edu.tbz.ch"|"VASFSl-P%3XBc-YfDoPc"
"annotes.birdwhistle@edu.tbz.ch"|"m7Fp1n-CvxUZa-DnCMNQ"
"ai.dredge@edu.tbz.ch"|"SH6BAw-vwU5TZ-bJLcVk"
"megane.mussard@edu.tbz.ch"|"SWLmU#-L1oWB4-AhDJbB"
"esbjoern.gowrich@edu.tbz.ch"|"$q6KDW-aIq#bw-VJk%zf"
"boerje.brislawn@edu.tbz.ch"|"8d7OZj-jxH6hN-vA9HFc"
"becassine.wilce@edu.tbz.ch"|"IBrLl3-9SJ7Mz-@eTSxP"
"personnalisee.oels@edu.tbz.ch"|"G4MNnQ-naEn$o-QNrJIj"
"verane.pett@edu.tbz.ch"|"j&F@Mf-btg$JM-QcJvLQ"
"marylene.glewe@edu.tbz.ch"|"&v$s6L-W%fK6h-%%7698"
"lai.elson@edu.tbz.ch"|"Mjxv1&-@V6SMY-k%f7&$"
"serena.difranceschi@edu.tbz.ch"|"Na#e9M-uHFKSC-tyZX#q"
"lie.espinel@edu.tbz.ch"|"o3nNMb-g7jYB&-YWeK3B"
"marylene.fantini@edu.tbz.ch"|"B4kWbx-dGGkEj-G$8NKO"
"andre.archdeckne@edu.tbz.ch"|"q2S$JV-#OF2@C-%a1Xz@"
"goeran.bohlingolsen@edu.tbz.ch"|"5jnlqp-TyJohL-oRCjZq"
"cunegonde.heffer@edu.tbz.ch"|"1DdhB6-w1TjHp-Z$2bNF"
"tan.fechnie@edu.tbz.ch"|"w5Tp6R-YLCerZ-J7sXo#"
"marie-noel.brammar@edu.tbz.ch"|"Gq9OHP-p#3MY4-Yis$PL"
"simplifies.aven@edu.tbz.ch"|"2WrSDG-TeprRU-mOKfaT"
"melys.pinchen@edu.tbz.ch"|"ALM6nl-SZ6fLz-HSfzv3"
"edmee.joyner@edu.tbz.ch"|"KoB#T0-LmdOtJ-0DIh38"
"berengere.edess@edu.tbz.ch"|"DBKgTF-&vtLH8-43fd3e"
"marie-noel.goward@edu.tbz.ch"|"wmTmuV-iXBg%O-FRwix4"
"ju.edmons@edu.tbz.ch"|"lqPJN1-MZIBw7-Yzxmpa"
"frederique.airds@edu.tbz.ch"|"9aCncI-UfTtnA-%6AwvQ"
"reserves.dauby@edu.tbz.ch"|"hDaO%M-rbAM4L-74rplA"
"hakan.gynni@edu.tbz.ch"|"bZlrr1-uJJOtb-cFqkTM"
"leonore.pinwill@edu.tbz.ch"|"hrr0nP-zUt0aR-WIvuwW"
"marie-eve.mcallan@edu.tbz.ch"|"Vtng$f-smMzrD-%RJ0BL"
"naelle.yeabsley@edu.tbz.ch"|"4WUV7R-kd&qj$-FjbA$E"
"nelie.jacobovitz@edu.tbz.ch"|"ZHNxlu-Ei5F2L-r1q$T&"
"adele.conelly@edu.tbz.ch"|"LtyquV-5JZv2z-WmSqMM"
"clementine.dondon@edu.tbz.ch"|"Jjju2a-bm5zF2-Y%CD#5"
"zhi.willcot@edu.tbz.ch"|"eSQ$@o-QX%9$q-8NefV%"
"chloe.janicki@edu.tbz.ch"|"WwdyBw-6$QGs%-XCJF@%"
"meng.linde@edu.tbz.ch"|"E8vsLX-G7&lZU-9wpOgi"
"celine.janisson@edu.tbz.ch"|"FUg9xc-pSZRYB-n5lIf9"
"clelia.crow@edu.tbz.ch"|"iU$DMJ-PuRpR#-tw&t4J"
"cecile.pyott@edu.tbz.ch"|"6ckSXm-BkjeCZ-hzak$P"
"ma.fidelus@edu.tbz.ch"|"YeE7WB-fV$Suj-TPgNsG"
"marie-helene.poore@edu.tbz.ch"|"UQDeT3-s%ZMJN-h7AI7d"
"elies.blanket@edu.tbz.ch"|"81C@Bd-6Q6X%8-bl3G2r"
"yu.boyer@edu.tbz.ch"|"O9Spl8-hE%&qK-Yynbzp"
"celia.welds@edu.tbz.ch"|"Rf1Cze-5Xy%C4-7L2EHK"
"du.gunney@edu.tbz.ch"|"eUuOeC-6nRRXz-ucmSgc"
"goerel.crush@edu.tbz.ch"|"MmPqrE-#@E9EW-HbZ#hL"
"marie-josee.brosius@edu.tbz.ch"|"PyegPQ-qXVicg-ur6#H5"
"camelia.adds@edu.tbz.ch"|"%%6jou-qalxh9-DnzEXq"
"anae.irwin@edu.tbz.ch"|"WQeH0O-SfxSY6-y@6P2C"
"cleopatre.skeffington@edu.tbz.ch"|"H2EVAu-8z&lJa-HzCew1"
"gerald.suggate@edu.tbz.ch"|"WMyxqg-#JTzwZ-XhvH7%"
"laurene.tailour@edu.tbz.ch"|"o2DOGW-96Cjcp-Qv%lTb"
"amelie.hoble@edu.tbz.ch"|"bxKUb2-gu%4WZ-FCLn3a"
"venus.getch@edu.tbz.ch"|"#o%#nb-Z@fAAC-hn0MMM"
"renee.treby@edu.tbz.ch"|"&J#9n@-Mb#oys-3Z1t&6"
"almerinda.stait@edu.tbz.ch"|"IpFAtj-$@Cc%I-GU6tSG"
"andree.reddecliffe@edu.tbz.ch"|"DqNZrw-hQ3AX9-#%hpHP"
"leone.wintle@edu.tbz.ch"|"Get@#W-cKqphE-q9m052"
"gerald.fellow@edu.tbz.ch"|"7k7tfX-pmsvev-5Ey7hg"
"ju.gudger@edu.tbz.ch"|"h46$z2-mdiey3-gjK9ed"
"meng.ohaire@edu.tbz.ch"|"FnVFmU-wABUn5-xyJ4t2"
"cleopatre.missington@edu.tbz.ch"|"DihVF$-p2iQM4-VZAf$@"
"annotes.debruyn@edu.tbz.ch"|"a&AAAT-%uobyI-saXc52"
"gerald.sinisbury@edu.tbz.ch"|"3mm1w7-hY&O6o-cajinI"
"creez.slora@edu.tbz.ch"|"ktKbem-SdeHF0-wpi0Oo"
"gisele.benbow@edu.tbz.ch"|"acFcIy-Q$s0aQ-nsfFvY"
"pal.dossit@edu.tbz.ch"|"kdXsLZ-7MkQJI-L@zMlL"
"nelie.stirrip@edu.tbz.ch"|"gE7z&j-5LJzuq-xZwD7&"
"alois.ocrigane@edu.tbz.ch"|"qkJqVW-4bR@&g-vwfCR@"
"kui.mcterry@edu.tbz.ch"|"LdWojx-Rq1iDB-KEtX8J"
"long.willgoss@edu.tbz.ch"|"Zhir5c-fq51Ix-1xt9Kq"
"francoise.sumpner@edu.tbz.ch"|"aGt$yC-Lu9O2z-2eD4NN"
"maely.grinstead@edu.tbz.ch"|"mI$Z3w-hCGkU4-IL#GPr"
"creez.langeren@edu.tbz.ch"|"EO$wv8-#5PRw$-jHP8jk"
"adele.dungate@edu.tbz.ch"|"9cs75E-I9R0cr-Xs18VW"
"cleopatre.noirel@edu.tbz.ch"|"bQWSV5-CX@fWw-6lQmpR"
"interessant.daverin@edu.tbz.ch"|"4uoV9r-8HncL4-DwOggY"
"naeva.kalderon@edu.tbz.ch"|"utwwhh-@CDOrd-p@NYc4"
"anais.oshesnan@edu.tbz.ch"|"HUNT5I-dVlJGC-0FvjPP"
"judicael.anelay@edu.tbz.ch"|"eDUXN$-CI7wAl-JP$XdQ"
"eloise.braxton@edu.tbz.ch"|"1FP@7h-9QjQ&J-0RuSWI"
"desiree.greguol@edu.tbz.ch"|"z4jenE-dURM7S-H7kp4E"
"maite.mcclenaghan@edu.tbz.ch"|"XdYaPd-suDdQS-IYjLFE"
"meng.doret@edu.tbz.ch"|"Smz$fh-@iSkMw-20itER"
"frederique.chippendale@edu.tbz.ch"|"Ta#Piw-Q@oRcK-NQnq9n"
"andreanne.lanney@edu.tbz.ch"|"e@mfI1-qjQ8yI-1siyY@"
"aurelie.claus@edu.tbz.ch"|"NEJi77-N%$v@6-ANDx5L"
"renee.pabel@edu.tbz.ch"|"&#zzRk-HVZI&D-zmzNok"
"maena.roust@edu.tbz.ch"|"eC&V$A-e34OKj-pGOi@V"
"nadege.carwithim@edu.tbz.ch"|"y%6gTx-SpeZY9-WgM#NE"
"solene.geyton@edu.tbz.ch"|"i960%8-7f$n$X-MrjtiD"
"dafnee.avraham@edu.tbz.ch"|"8R7t8G-43w5Ae-KJT1Vk"
"leane.woolvin@edu.tbz.ch"|"BNZP5#-KknP%V-Z7RyFc"
"adele.macadie@edu.tbz.ch"|"u3IZNo-wNtMj5-Sq9w%U"
"meline.rubica@edu.tbz.ch"|"wCMO6j-hTfLgw-iSoJuN"
"marie-noel.speeding@edu.tbz.ch"|"W6L@Q0-$tYD41-80#pyN"
"nelie.mix@edu.tbz.ch"|"LUy&Wy-7@KMHT-CBX0Me"
"clea.ollett@edu.tbz.ch"|"fv%KJ4-@o$ii$-8QhR5P"
"leandre.mcgavin@edu.tbz.ch"|"F1p$rS-EszwT6-VmcCnX"
"cecile.behne@edu.tbz.ch"|"8kjyPz-KRBS$X-iTgqeK"
"melanie.polle@edu.tbz.ch"|"kzEiZH-H$ZfDd-42aetY"
"marie-josee.titmuss@edu.tbz.ch"|"2i$GJ3-MDvTHb-DuO&g9"
"helena.guest@edu.tbz.ch"|"NP5dJ@-zf4D8$-a5mou5"
"annotes.chicchetto@edu.tbz.ch"|"Mvukju-$5URXX-V1wACy"
"melia.tubb@edu.tbz.ch"|"hljWjE-G@@0Ou-snUpyB"
"angelique.casetti@edu.tbz.ch"|"YQnBag-oIFXS6-FYXxJA"
"cunegonde.cleall@edu.tbz.ch"|"OP$x76-jBwAvf-l&M0qw"
"camelia.oaker@edu.tbz.ch"|"0Q3Wt@-DuEUKX-GLqe$0"
"you.searight@edu.tbz.ch"|"7329hP-4CPQDo-adJdJu"
"kevina.dederick@edu.tbz.ch"|"GF5ky1-p%H6a6-9ShM$g"
"milena.jeffrey@edu.tbz.ch"|"tRCygI-ECYONa-&jhO33"
"melodie.barkshire@edu.tbz.ch"|"NZ$3k5-ucfk6G-l032lF"
"gaelle.kreutzer@edu.tbz.ch"|"d6VVGy-#DwwFn-cjTTE5"
"kalliste.kleinpeltz@edu.tbz.ch"|"OJ91@d-pH4CSH-pZf82g"
"clementine.danat@edu.tbz.ch"|"coXmgb-dBB#l$-QMABBw"
"andrea.wabb@edu.tbz.ch"|"nV8drX-LdcBIO-PQoKLS"
"geraldine.piesold@edu.tbz.ch"|"2xJtaa-vgh3ck-WDwJGW"
"tan.fiveash@edu.tbz.ch"|"Xk0ocg-fwGnce-q&G&4P"
"meline.yuranovev@edu.tbz.ch"|"t69kuO-mlkIZo-@r1TMc"
"therese.holme@edu.tbz.ch"|"Da@Asi-w#hIsb-E0yR5T"
"salome.vaney@edu.tbz.ch"|"GWb%L2-AFpBds-i3M00S"
"anae.abramson@edu.tbz.ch"|"8EFdbT-1D5WDJ-sHi8o3"
"kalliste.jimson@edu.tbz.ch"|"7IyZWt-71JoRD-7NV$V6"
"selene.yole@edu.tbz.ch"|"O5jQ4L-3I@bRA-IBsqSa"
"agnes.defraine@edu.tbz.ch"|"jhWd0w-cF0%T9-lOP0xj"
"faites.mccluin@edu.tbz.ch"|"0gTkVT-54oMy@-dcdTQQ"
"athena.deme@edu.tbz.ch"|"ewn%mB-0NCrH#-q#zPeS"
"daphnee.brigstock@edu.tbz.ch"|"77oZPQ-Bm6HCk-naXGc5"
"goesta.skaif@edu.tbz.ch"|"Pt2jSk-xyh1mx-XUBWPh"
"oceane.jagoe@edu.tbz.ch"|"D1c556-jr6int-s7uUvW"
"annotes.broomhall@edu.tbz.ch"|"&m80Uo-UPkR07-0jMcZu"
"marie-eve.ballendine@edu.tbz.ch"|"7DLU#M-ldrcZH-PKlvbt"
"melina.spykings@edu.tbz.ch"|"3yN@oI-zGkscZ-8&i8Vs"
"laurene.ticehurst@edu.tbz.ch"|"%DC2HF-Msofi0-oL8RO4"
"fei.avramovic@edu.tbz.ch"|"XgjWtj-PcBCER-MjNCaZ"
"publicite.strathearn@edu.tbz.ch"|"H7wrH@-vgEHeF-DK#pLX"
"torbjoern.garrow@edu.tbz.ch"|"aEON%P-@qa0dn-vIOZRO"
"chloe.rubinsztein@edu.tbz.ch"|"ug&sgR-lpIhYV-kTPbIV"
"mylene.demanche@edu.tbz.ch"|"ZlV4cT-XZjniF-DBbA0k"
"mediamass.godlonton@edu.tbz.ch"|"1eFNiR-%@PXW5-&cnQzz"
"renee.shurrocks@edu.tbz.ch"|"&NElX2-LOWtny-#gj%GM"
"maiwenn.jedras@edu.tbz.ch"|"JSHihq-3oz1f#-kIEtVk"
"genevieve.castells@edu.tbz.ch"|"Tl$p4F-Ji6$BV-HiOu@O"
"renee.sneden@edu.tbz.ch"|"vRIcoG-4yi8U2-Lt419F"
"lai.mccallion@edu.tbz.ch"|"5#s@C1-zdet7H-6Ln@HB"
"kevina.impleton@edu.tbz.ch"|"hHLVgt-sEArEa-51fAmO"
"oesten.fresson@edu.tbz.ch"|"eVph1i-ZWqzLB-gfJNBa"
"verane.shawley@edu.tbz.ch"|"#a78Wd-VhlgM1-qX$L%&"
"uo.sjostrom@edu.tbz.ch"|"NQRFTz-nqJfGu-pLEXoV"
"gisele.gothup@edu.tbz.ch"|"SV2QYE-&4vuyp-5NhpGE"
"renee.beauman@edu.tbz.ch"|"k8SWnN-hPimpA-DI50Yc"
"elies.loton@edu.tbz.ch"|"523Sf@-c&3Jvv-E9sFjE"
"valerie.elsmore@edu.tbz.ch"|"oVx7UF-u7HKWp-UcOctw"
"berangere.delafeld@edu.tbz.ch"|"xLJ9y%-mlXvrA-br4UkK"
"bjoern.schimke@edu.tbz.ch"|"PkqSKd-YAcRG1-i0Pz0x"
"loic.ericssen@edu.tbz.ch"|"WxJjNH-IPriY4-kHziyE"
"creez.richarz@edu.tbz.ch"|"Y1#JCt-BuJV52-iaCtRw"
"athena.grocott@edu.tbz.ch"|"lHL#tw-Ctb8R&-QeBHsd"
"naelle.piotr@edu.tbz.ch"|"AZqlJ3-YenxOv-fM0aQs"
"maella.paulson@edu.tbz.ch"|"auwF4U-#MErty-6PvAZa"
"song.perot@edu.tbz.ch"|"5UaiwM-F0ZFFn-4Z$T$N"
"kalliste.heckney@edu.tbz.ch"|"Y6oRs3-MCi6$T-pxOyTn"
"ake.vasyutkin@edu.tbz.ch"|"CqDgce-rtbEBY-zpqJ3O"
"ma.castles@edu.tbz.ch"|"C1H%sw-lhqb47-&bmu3G"
"maely.monget@edu.tbz.ch"|"clGV#$-rd#HrA-GKHCPB"
"tang.durbridge@edu.tbz.ch"|"EzgLMy-POf#n#-OXaywv"
"laurene.andrew@edu.tbz.ch"|"xhN98Y-q7$WpM-gPBagc"
"lysea.beacon@edu.tbz.ch"|"js5V02-xce1yg-%beozx"
"leandre.peyntue@edu.tbz.ch"|"SJJCXS-BUb@mZ-YynBzt"
"rao.trever@edu.tbz.ch"|"WFBBTU-AG77XF-gQlc1D"
"mahelie.streader@edu.tbz.ch"|"C1937B-cMJi04-PHELu@"
"maerta.andrejevic@edu.tbz.ch"|"0DWA#Z-qc2GCg-zNCwJa"
"goesta.tompkins@edu.tbz.ch"|"OgMM%x-cWeTc3-9sJjO2"
"helena.agates@edu.tbz.ch"|"dO1IST-KIre4R-Qjhu7Y"
"therese.glass@edu.tbz.ch"|"d6vsk8-ZGMTsW-JcniO0"
"alois.foan@edu.tbz.ch"|"H4Swsr-J13SI8-Mbki$N"
"becassine.melchior@edu.tbz.ch"|"KUwc1C-E5cKwH-dIRIH9"
"cloe.robart@edu.tbz.ch"|"#atNrC-XVXXTh-Fho%8F"
"daniele.puckinghorne@edu.tbz.ch"|"7qg&Lk-6Ne4eL-lvk4&F"
"selene.cammidge@edu.tbz.ch"|"WaTzGH-lHa%uM-8V5qif"
"regine.conochie@edu.tbz.ch"|"zjOnRB-tPMoRM-lClKhV"
"interessant.tuiller@edu.tbz.ch"|"yPGjOz-lUIjdp-JSeUna"
"long.tiebe@edu.tbz.ch"|"a$dJ3F-88cSzX-agy40s"
"mans.yele@edu.tbz.ch"|"xNQtfK-R6s#3t-yU0dOz"
"ai.giles@edu.tbz.ch"|"&DdoTM-dSmuN7-X30UtH"
"gaetane.hamberston@edu.tbz.ch"|"cCQ4MB-6Olevf-VtE@vp"
"marylene.fenix@edu.tbz.ch"|"hJjpX6-Jl9v1E-gjC3Zm"
"geraldine.graeme@edu.tbz.ch"|"g&nlnL-VKe8RT-Od%AS8"
"tang.kinglake@edu.tbz.ch"|"tDUKp#-pCRYfK-rfWvtp"
"lai.challoner@edu.tbz.ch"|"&4GSPU-JXomh&-i40SbC"
"desiree.mattei@edu.tbz.ch"|"tsvH7P-plZtB3-4&mm#O"
"ake.erley@edu.tbz.ch"|"6O%cIF-uO#Qrr-BR65NL"
"edmee.cavil@edu.tbz.ch"|"zIHO0b-M7&hpA-yGEBS1"
"alois.moyes@edu.tbz.ch"|"skv96S-kY8NzQ-pdiqOr"
"becassine.pitman@edu.tbz.ch"|"%THMU8-yMCPud-F69PRy"
"ai.giacovelli@edu.tbz.ch"|"#&uWfq-JgTI$I-o%MZaw"
"judicael.fruchter@edu.tbz.ch"|"9U669K-igZp83-E%o&KV"
"mans.mogg@edu.tbz.ch"|"tUC9ZW-6j4Pi@-onEY2v"
"gerald.foyle@edu.tbz.ch"|"2PaUPh-Qw6dWG-Dw2zhd"
"wa.androletti@edu.tbz.ch"|"OPcToZ-3KzfUY-XwXfCm"
"meng.ollett@edu.tbz.ch"|"2rn83X-c8pWXr-pX9nx5"
"naelle.macmenamy@edu.tbz.ch"|"CAO&7H-5x88qD-6nkBXD"
"gisele.mcramsey@edu.tbz.ch"|"ILUcS$-WzKgGt-U5nK$@"
"meryl.scolts@edu.tbz.ch"|"W1HrSz-9mFiyx-YA9O3g"
"celia.bloxsome@edu.tbz.ch"|"cZpi$d-fTzXB$-A7SubY"
"styrbjoern.stuke@edu.tbz.ch"|"DLz6Ac-vStl9w-$TK7xC"
"felicie.gwilliam@edu.tbz.ch"|"5KTCqv-%XFv&M-tJ6Ofz"
"da.harms@edu.tbz.ch"|"Ziy8Xi-toJD@m-PFqYZo"
"celestine.baulk@edu.tbz.ch"|"3RIckl-VxRwrq-RyVqdD"
"mahelie.blackledge@edu.tbz.ch"|"hgFhkv-&sU0Pe-KxbpCV"
"meghane.salt@edu.tbz.ch"|"Xq@WBt-tDyrWo-N&Kxxy"
"methode.paxeford@edu.tbz.ch"|"WImO3Z-eZfXhX-7ikMVR"
"asloeg.milligan@edu.tbz.ch"|"7R7LV7-gVZAFh-Kxbz05"
"you.pellman@edu.tbz.ch"|"IYe%KX-W6z77r-Bq#bZA"
"loic.regenhardt@edu.tbz.ch"|"tcuY0e-MnHKc9-p3SsiL"
"daniele.savill@edu.tbz.ch"|"OST8sS-PD2RYu-VB5S&6"
"alois.cornu@edu.tbz.ch"|"IPjmXs-hIi#Sj-xkSkAy"
"oesten.govey@edu.tbz.ch"|"wguO2Q-EE8q2y-A1kjWn"
"marie-eve.louch@edu.tbz.ch"|"5@uMDn-#clCSg-Yfp&JB"
"theresa.wenn@edu.tbz.ch"|"iyc4EE-jJBggM-vLRytd"
"andree.eul@edu.tbz.ch"|"T9cNl6-PQio47-@w0Rkf"
"lie.paynton@edu.tbz.ch"|"a1%6ww-QFEuEp-R&jB$6"
"marie-eve.girodier@edu.tbz.ch"|"b7jTHw-24sxuW-qib%sh"
"marie-noel.smithe@edu.tbz.ch"|"g66J7k-IDCsak-yh1uF0"
"men.bootyman@edu.tbz.ch"|"D%KeXh-il%tKM-#qnolV"
"ku.sugg@edu.tbz.ch"|"2Q6Y4D-0LPn%0-eIWVPZ"
"lucrece.roseman@edu.tbz.ch"|"tC&G5u-88&Wm@-5K$#pU"
"zoe.annear@edu.tbz.ch"|"uLOQhg-nlzniF-7NuVpd"
"marie-helene.rennebach@edu.tbz.ch"|"#HFyBX-Arg9UG-AXy3t0"
"lea.djurdjevic@edu.tbz.ch"|"mlbO12-ZGCNEX-g8kZGN"
"goerel.robert@edu.tbz.ch"|"hTjZCf-EBlSKL-gYLPzh"
"mylene.foldes@edu.tbz.ch"|"oZAGRw-CRAfT6-FLQ3Qg"
"faites.clegg@edu.tbz.ch"|"jyV#KV-w&SLaq-nbvrUs"
"marylene.crowcher@edu.tbz.ch"|"nN@1oF-vvcB8g-hxcD86"
"aimee.wimpeney@edu.tbz.ch"|"GEZ6zz-80YtpP-5VoFA#"
"renee.atkins@edu.tbz.ch"|"fCmnFw-I1Prfw-uMBiI4"
"rejane.cainey@edu.tbz.ch"|"79pmJ2-WewAxH-aDUJJy"
"solene.britney@edu.tbz.ch"|"8Z$Vl6-&0ME#j-MTp%WD"
"marten.shatliffe@edu.tbz.ch"|"UZyXYn-L8kazR-3%SVpE"
"maite.issatt@edu.tbz.ch"|"oafU%4-ql4H#M-wQCYY$"
"maelyss.edon@edu.tbz.ch"|"4dd8Kq-m$Q#dJ-WG7Esh"
"nuo.bamling@edu.tbz.ch"|"aZjEBz-9BZ$X0-phAfdM"
"anais.edards@edu.tbz.ch"|"HWvG5u-kQtiad-CRQ4DJ"
"mediamass.bromet@edu.tbz.ch"|"KNZ6M1-Bd1#Yg-2JX8I3"
"beatrice.kimbrey@edu.tbz.ch"|"O0hg#x-PGfXkR-@4xuw0"
"ines.lawranson@edu.tbz.ch"|"7iT3Kg-YZ2Hsi-J$jlCK"
"kalliste.scandroot@edu.tbz.ch"|"RlBpjA-gHz3qr-vAPZ%y"
"mans.barrowcliffe@edu.tbz.ch"|"7B4c$x-0J8bhF-1kqm6M"
"irene.couves@edu.tbz.ch"|"p6Ycj&-Prdcj7-GqySF2"
"milena.mucci@edu.tbz.ch"|"XyS$2o-Td6XKK-Y40#&j"
"naeva.cow@edu.tbz.ch"|"FFTzwE-uF$6Ut-wSxIKO"
"audreanne.mournian@edu.tbz.ch"|"a8e41L-O9GYgc-AzcnDU"
"melia.sinnatt@edu.tbz.ch"|"Jd@7kb-aQ8f@T-ltp9X3"
"nelie.burnard@edu.tbz.ch"|"YwLHDM-&@bsiW-3EXWfm"
"clelia.ashfull@edu.tbz.ch"|"K@CG0J-fKKdVR-QJ0zLl"
"lie.macard@edu.tbz.ch"|"f9CZQa-E6wHa6-rU4LFm"
"valerie.matoshin@edu.tbz.ch"|"6POQj#-2vXVHE-lwSHd$"
"anael.hatherleigh@edu.tbz.ch"|"hgkhpI-WjrbDQ-GMFsD0"
"interessant.warratt@edu.tbz.ch"|"ucKns8-ORZnyl-NCXS50"
"eleonore.volage@edu.tbz.ch"|"RLgspz-Q4jyGi-gPsPHV"
"zoe.stebbing@edu.tbz.ch"|"Gn9Pba-1t&uBU-KTSJat"
"alizee.nye@edu.tbz.ch"|"BTITRJ-0U3gsR-pEityv"
"celestine.bramley@edu.tbz.ch"|"TO6toK-b%CiPk-9AB1ko"
"selene.philcott@edu.tbz.ch"|"hCsQPT-0tkK4b-QeX9u$"
"tang.newens@edu.tbz.ch"|"ZknaWH-2vLIG&-G&jfLL"
"annotes.powys@edu.tbz.ch"|"oMVUoQ-ya7XKC-$xJVIB"
"lea.matthesius@edu.tbz.ch"|"BR%Wq#-LOebs2-z9v5S@"
"illustree.garlett@edu.tbz.ch"|"$V&rAj-yBQ1YQ-sB6yMf"
"maiwenn.meachem@edu.tbz.ch"|"8A6PWR-6#QRaX-ranxKf"
"marie-francoise.mcbrady@edu.tbz.ch"|"#Cn9op-UnBD8I-k#K85c"
"illustree.gimbart@edu.tbz.ch"|"3#UKM9-@68t5L-ZmgK6q"
"melys.lyosik@edu.tbz.ch"|"0D&TPA-4HQFMS-ZeFni$"
"marylene.mcnab@edu.tbz.ch"|"VwDetD-Y4ZcMx-7RuZV2"
"gerald.blount@edu.tbz.ch"|"dluOPs-7C7ivK-v@f#bD"
"clelia.shakelade@edu.tbz.ch"|"w1p8i5-mS1CKR-0Oa2o$"
"penelope.cridlin@edu.tbz.ch"|"YSRTQH-J5GyMW-e&UNnx"
"maena.okuddyhy@edu.tbz.ch"|"FzHGA8-RCjBE2-do1hZC"
"athena.keynd@edu.tbz.ch"|"0@owHP-CzjmBk-NrbW5v"
"cloe.dwine@edu.tbz.ch"|"xfuwEX-m#t&wQ-cs#vbU"
"josephine.browett@edu.tbz.ch"|"kP6J$g-83AQ%9-Q4PUy8"
"audreanne.oscanlon@edu.tbz.ch"|"lw#Tp%-dfh9M9-0r4g7o"
"fei.jeanequin@edu.tbz.ch"|"nB64pp-U1SjjR-ebpxnS"
"lois.gormally@edu.tbz.ch"|"2#hBx1-Y8M6fc-lPA44y"
"marie-francoise.finnigan@edu.tbz.ch"|"4wMk#g-DEoD&D-IlHPvO"
"leonore.trussman@edu.tbz.ch"|"@MNfi#-veOEgE-3hJm&4"
"anaelle.trumper@edu.tbz.ch"|"RC3ohF-kl9sCw-sOZWWg"
"clemence.dionis@edu.tbz.ch"|"4iOGbr-r7PRml-mwjRQY"
"lois.tranmer@edu.tbz.ch"|"wTY6Br-MVlxvU-boJ7Cq"
"interessant.volett@edu.tbz.ch"|"lLNQC2-#21Kl4-mgYH&a"
"personnalisee.deackes@edu.tbz.ch"|"XekcBL-OA%Vgb-yuzOgo"
"lie.vasiliu@edu.tbz.ch"|"CBQJ4R-VAik%e-AnnAhQ"
"dafnee.lamputt@edu.tbz.ch"|"EawYTZ-rSqWIf-xjRUtQ"
"elies.bromige@edu.tbz.ch"|"row#85-$OHgZu-nkrNt@"
"helena.klosser@edu.tbz.ch"|"tBRDxP-m5k1Ml-kxpAe2"
"andree.grim@edu.tbz.ch"|"EJw82K-e@qO$E-OKIbWf"
"verane.coldbath@edu.tbz.ch"|"8bhJGL-TAMrkD-5JNu5z"
"helena.bethell@edu.tbz.ch"|"hB5sNx-cere6X-ygMQPr"
"kalliste.carefull@edu.tbz.ch"|"mojt#e-UNVa9t-1giNWD"
"regine.odams@edu.tbz.ch"|"EW&F#$-wLp$3s-rIrbOz"
"len.stannus@edu.tbz.ch"|"2Nk6Y6-KYfmot-%zKlfD"
"angelique.works@edu.tbz.ch"|"6CwmQu-zKxtlR-lisNel"
"goesta.rheaume@edu.tbz.ch"|"RNYEPW-AotuZz-gqpDuO"
"maelys.tynnan@edu.tbz.ch"|"eiwvJF-hqMGtV-VoTbZD"
"maelle.carlesi@edu.tbz.ch"|"hTRp67-IJqC6r-IufVB4"
"anael.spurden@edu.tbz.ch"|"nlS9Z1-45&rGe-T97cuj"
"helene.pumfrett@edu.tbz.ch"|"sditpS-p#XBSa-mGtt53"
"goerel.pearn@edu.tbz.ch"|"kotJr$-GJuy01-pNMUna"
"laurelie.dezamora@edu.tbz.ch"|"dF96@u-Jfj1Pj-BMPXD0"
"yao.twidale@edu.tbz.ch"|"e4fpm1-u$Got7-0d0BQ9"
"berengere.sola@edu.tbz.ch"|"o&8%5U-CZ6PMz-eRkY#&"
"maelann.hardistry@edu.tbz.ch"|"VhVk20-DyEEMS-8Q5icg"
"severine.littlefield@edu.tbz.ch"|"RLndM4-AX3@1T-XLwvqn"
"salome.heinl@edu.tbz.ch"|"vwkPM3-6K7lwZ-#2Rszz"
"meryl.warbey@edu.tbz.ch"|"pamg4K-amdFOH-S5aHhS"
"da.hunstone@edu.tbz.ch"|"qZGEGn-VRMicl-2Qy5%i"
"venus.broadbury@edu.tbz.ch"|"&18JZZ-VZrWyl-ab%9sG"
"meghane.rentelll@edu.tbz.ch"|"&yqUrk-EbyuOI-6rMHl0"
"marylene.drewitt@edu.tbz.ch"|"XsFFwQ-GwnGr5-ogQZ&#"
"melinda.jacquemet@edu.tbz.ch"|"fw9exD-uyR3Jc-KD@kJI"
"marie-josee.keyden@edu.tbz.ch"|"#oO7u%-fMXTml-0&qf2Z"
"asloeg.montacute@edu.tbz.ch"|"uOM0#v-rRs9Zl-@N4jlS"
"ku.andreou@edu.tbz.ch"|"&Owwi0-9AZsxR-OKOEkq"
"personnalisee.feaveer@edu.tbz.ch"|"CdJWyp-SwD0Bv-hfFBaG"
"laila.emptage@edu.tbz.ch"|"HDL6df-u&cZTh-VeF8#l"
"bjoern.dawdry@edu.tbz.ch"|"5ty9t5-3Oy462-U0FE0p"
"marie-eve.dinsell@edu.tbz.ch"|"czYO8#-@lDO2T-cF$U4@"
"helene.follett@edu.tbz.ch"|"rhWOVk-W2nLoR-Ha9PRq"
"penelope.cordero@edu.tbz.ch"|"uOesyw-@hdfC0-f57J3b"
"boerje.beedell@edu.tbz.ch"|"DQnFCL-WgZwiW-yKgytb"
"nelie.ferne@edu.tbz.ch"|"VqsuJQ-iWXk6h-7wAG2X"
"celine.ahmed@edu.tbz.ch"|"iH5H8b-aMNwa2-9qciF5"
"stevina.pimblett@edu.tbz.ch"|"YODY2M-beh4Rp-y&BrT4"
"chloe.langlands@edu.tbz.ch"|"zQVllu-OLjBC%-iivUEY"
"simplifies.maude@edu.tbz.ch"|"rkDpAB-sxH2X3-0sHjkD"
"genevieve.decarteret@edu.tbz.ch"|"njzgIQ-Ka#Lky-8QKg&A"
"marylene.mughal@edu.tbz.ch"|"sC0i&y-rq2z$5-wG&7%d"
"goeran.guttridge@edu.tbz.ch"|"K&a7o%-T#@d8l-zO3p8i"
"michele.smurfitt@edu.tbz.ch"|"&$TLej-YQOdDH-kKbwcp"
"methode.hadeke@edu.tbz.ch"|"NadW10-ArpJOj-N$cn6i"
"therese.rispine@edu.tbz.ch"|"2JxueE-0I0jAU-S2ZpH1"
"goerel.plumley@edu.tbz.ch"|"IGXzZ$-yUfOlj-NtifgI"
"oceane.friett@edu.tbz.ch"|"6&VTf@-FrrnI5-4v@1H4"
"marie-noel.achromov@edu.tbz.ch"|"lO17lZ-dZcaj&-GWTQOS"
"dorothee.storek@edu.tbz.ch"|"vPzr9b-Jdn9LT-#xBytb"
"goesta.whittle@edu.tbz.ch"|"1yXSJ6-i83hyA-ux0LG8"
"desiree.casely@edu.tbz.ch"|"9@99b5-WBBedt-1#dyX@"
"felicie.condon@edu.tbz.ch"|"VF7eKp-iYaMso-&ynzwz"
"maelyss.frisdick@edu.tbz.ch"|"M9FNhL-2Mptxg-TWSAHC"
"aimee.banke@edu.tbz.ch"|"4q@cR8-xio5P6-WMM%7N"
"naeva.hodcroft@edu.tbz.ch"|"WAEIj6-i818tG-WG@Q@I"
"laila.gerrans@edu.tbz.ch"|"HU#heK-@TDXsO-c%k9Iq"
"daniele.scrimshire@edu.tbz.ch"|"m#DP#v-9g0cRB-QZ#4Cy"
"daphnee.sheerin@edu.tbz.ch"|"&LELrH-dlP8q2-w0vM&m"
"pal.vanyukov@edu.tbz.ch"|"NVzHhc-$UmQtO-7m%hpu"
"zoe.childs@edu.tbz.ch"|"eGw2@T-eXmA6A-6bDz7T"
"ai.corde@edu.tbz.ch"|"&v8ht4-Vd&sbn-ynOn2S"
"maelys.berryann@edu.tbz.ch"|"KZym5p-@x7aRK-YkGHJC"
"cloe.gladding@edu.tbz.ch"|"4ZqriM-Gy&bV#-QANzli"
"wa.kinnaird@edu.tbz.ch"|"C0%aJv-UoRWiX-36K0ja"
"publicite.brittoner@edu.tbz.ch"|"oAQdJv-oErs65-@QbWsV"
"rao.windress@edu.tbz.ch"|"wKW#SC-j46POl-zhxZ6D"
"uo.kollach@edu.tbz.ch"|"5wzAN2-ck9PWm-&TmGWj"
"josee.peskett@edu.tbz.ch"|"sZaiNW-9#uKnB-4Z#HXx"
"annotee.hasel@edu.tbz.ch"|"e@wGot-So6crL-awZG0B"
"cinema.lee@edu.tbz.ch"|"C6rM18-Q6Q9HU-HDFT%%"
"lai.vedeshkin@edu.tbz.ch"|"4ZwtWa-2fOCk0-19mdP0"
"renee.brisbane@edu.tbz.ch"|"qEI&J3-qtVc5G-F7odZa"
"ophelie.blincoe@edu.tbz.ch"|"HmQag1-5O4DB$-4lSm7B"
"zhi.prazor@edu.tbz.ch"|"0HzXIC-VgyZtM-5KrKTq"
"annotee.maddicks@edu.tbz.ch"|"a3rMpc-JUUTcP-#lqfDB"
"maelyss.codd@edu.tbz.ch"|"RCIyDV-IIf7HM-Y$yvZi"
"celia.peplay@edu.tbz.ch"|"XTz7ZB-N21Kfr-B48Y5R"
"interessant.skone@edu.tbz.ch"|"T5S4j8-yEjx1c-p55Bau"
"audreanne.hebdon@edu.tbz.ch"|"k3@1En-NF8S#T-H2UX3C"
"oceane.glen@edu.tbz.ch"|"KeYnvj-7UTYJE-cVoQsO"
"daniele.vanyushkin@edu.tbz.ch"|"JOKXGT-hqSElp-XrTLYw"
"daphnee.ayce@edu.tbz.ch"|"mmkty1-7tqKRm-lz%xIQ"
"andrea.attride@edu.tbz.ch"|"QL$D4e-PNaT$u-FT&aa&"
"penelope.bridgwood@edu.tbz.ch"|"wTjM33-MbGAjo-nKhvwr"
"mailis.drewitt@edu.tbz.ch"|"0dAw16-bVVPA7-p&@chQ"
"penelope.mollene@edu.tbz.ch"|"QAFuUy-84HTuL-VIBOj1"
"illustree.keely@edu.tbz.ch"|"pengUB-aO5kOx-p2BicF"
"meng.brisseau@edu.tbz.ch"|"lJAeG2-RC5b1R-2VLX2Z"
"ruo.cleiment@edu.tbz.ch"|"4JmX@s-Ay8sDX-D4zZU1"
"maite.krammer@edu.tbz.ch"|"4fU1Np-N@WUHi-UBHD1Q"
"genevieve.verry@edu.tbz.ch"|"AGfJ4q-KapMDu-qrSY5u"
"lea.olochan@edu.tbz.ch"|"K9wdLN-PamHh9-TbMVmb"
"naelle.brunnen@edu.tbz.ch"|"bIe#rb-tJHanj-HV5c$&"
"goesta.bragginton@edu.tbz.ch"|"u8frVU-6IW@1x-GSsrp9"
"fei.danilyuk@edu.tbz.ch"|"i2aOEG-sZhlGi-oz548G"
"adelie.turbitt@edu.tbz.ch"|"uuEx97-AKf8%K-q5SUd2"
"marylene.nutman@edu.tbz.ch"|"mqXju@-TujkIg-sMF2T$"
"therese.barbrick@edu.tbz.ch"|"Q#T#fF-U2KKn9-8bvdek"
"melys.kolodziej@edu.tbz.ch"|"ZxwMi7-fYZxQ3-5zzYSK"
"melanie.runchman@edu.tbz.ch"|"w1T0jJ-WhPMK8-juYkdC"
"serena.lafond@edu.tbz.ch"|"4Chs3W-QbLj57-ORj@X0"
"pelagie.desmond@edu.tbz.ch"|"xhGBE#-&XEuIo-tamp0L"
"wa.spickett@edu.tbz.ch"|"nof4JK-hS2fX0-d8m8f&"
"po.shave@edu.tbz.ch"|"O7sxGB-QfBBHP-0IsxnD"
"song.huikerby@edu.tbz.ch"|"zLcz6f-B6WJ7B-M%qvtE"
"melinda.bimson@edu.tbz.ch"|"H5r1RI-yNwx15-vUjI1p"
"personnalisee.toffanelli@edu.tbz.ch"|"Zecs8Y-UjT5my-H5cYFh"
"leandre.hurn@edu.tbz.ch"|"WhSyCq-YyKwIK-ZZ%aVw"
"oesten.standell@edu.tbz.ch"|"m4OSR2-jKzNKW-131gC0"
"naelle.smaleman@edu.tbz.ch"|"5i4Pnf-NYvUTl-lecJ#4"
"berenice.tayt@edu.tbz.ch"|"pijI@#-KceaJq-O%zeeG"
"kui.popplewell@edu.tbz.ch"|"zq6clx-dwc&dY-VF9qh9"
"melodie.ferandez@edu.tbz.ch"|"iAHgSx-mTv7&0-sv9mnY"
"josee.negal@edu.tbz.ch"|"6nXXin-ll@KlK-Zr8pb$"
"melissandre.ferrelli@edu.tbz.ch"|"ZN@@ca-qPnRx3-nUXv7F"
"josephine.kemmer@edu.tbz.ch"|"ujVhgZ-qaWls5-7Ceo&N"
"maely.cayette@edu.tbz.ch"|"Jrf0fD-Gxk4Nm-0tgvB6"
"nelie.vela@edu.tbz.ch"|"feCuqr-oSb%$%-Zd8cTe"
"melina.cortes@edu.tbz.ch"|"XKKXkL-ODj8QF-#Mm#6f"
"megane.leyshon@edu.tbz.ch"|"i%Q6dJ-WWGuaK-ZndW@L"
"regine.harrie@edu.tbz.ch"|"QLYXr3-Vo8O@0-93@4WP"
"mylene.widdison@edu.tbz.ch"|"WJ7YZC-XCKLQA-LVK&gd"
"pelagie.vivash@edu.tbz.ch"|"rWa@bO-Iy@AGC-jp&mUX"
"styrbjoern.vicarey@edu.tbz.ch"|"J2AnxX-wbHxzt-43h0MD"
"long.kyles@edu.tbz.ch"|"ZxQOyp-4fASj2-A1vuM8"
"stephanie.gipps@edu.tbz.ch"|"4bZQAY-rVEc@P-#m8II&"
"clea.constantine@edu.tbz.ch"|"kERbAk-bslz%j-hqRF1C"
"maella.cometto@edu.tbz.ch"|"snXOnV-BLOg1B-7xb1Jp"
"laila.aubrun@edu.tbz.ch"|"JPcAGt-3qaVVk-VJd2WY"
"yao.austins@edu.tbz.ch"|"vyFr@v-Xmh2W@-n&ENi0"
"mailys.rylstone@edu.tbz.ch"|"bCD82n-bl9oGz-huNCci"
"adelie.curuclis@edu.tbz.ch"|"kceL$G-UrCe5#-I4B9wE"
"celine.longhurst@edu.tbz.ch"|"sGm&YJ-QuDcJB-CZThT8"
"gisele.hazell@edu.tbz.ch"|"nvVuQE-R6i&aj-L$D8S3"
"celestine.ciccone@edu.tbz.ch"|"6lUFOL-pZEjOO-bKgsR%"
"maelyss.doole@edu.tbz.ch"|"zWHo&L-DKxPFS-0ZqXpi"
"helene.grimsdike@edu.tbz.ch"|"yJ6DXj-DPY3rw-FBosPT"
"lie.macer@edu.tbz.ch"|"C7JiRC-WrpqWu-0nQuyB"
"maely.izard@edu.tbz.ch"|"@FfWt6-MbxI5u-Pdbftb"
"erwei.breewood@edu.tbz.ch"|"J71dOL-24zyB&-06#zg4"
"chloe.woolford@edu.tbz.ch"|"jJyLew-f4jfKw-UCvtWz"
"cleopatre.turpin@edu.tbz.ch"|"4yST9t-ss0EOm-CiNPez"
"melodie.surgison@edu.tbz.ch"|"6fw#&t-H3VJZF-AlKQ3H"
"elies.leander@edu.tbz.ch"|"mTVM7R-g24zrS-VkpvA2"
"mediamass.reignould@edu.tbz.ch"|"puG@rc-TQpp%m-HNGA1A"
"celestine.wasmuth@edu.tbz.ch"|"RZ#C6b-pjppyk-HgxxV#"
"marten.jervis@edu.tbz.ch"|"%QZ5KN-R$7JEB-Jr48pC"
"daphnee.bour@edu.tbz.ch"|"MiSowV-ISm2B@-a9ChZk"
"regine.harlett@edu.tbz.ch"|"2KrOxn-Nk$XtB-n2%n2I"
"noemie.macaskie@edu.tbz.ch"|"GUBKDH-55iRlY-MN&cZw"
"loic.renfield@edu.tbz.ch"|"K01@Kz-7n5Yo6-YDLxu%"
"venus.kleinert@edu.tbz.ch"|"%u3hOb-hBGwV5-C4dD9H"
"marten.burlay@edu.tbz.ch"|"F9k3IR-GECV$$-lcU7sX"
"berengere.radsdale@edu.tbz.ch"|"GwQh6f-0x8lxc-OQLNy7"
"genevieve.duckit@edu.tbz.ch"|"YMHQ@y-&L41xU-cnz3g&"
"maely.ligerton@edu.tbz.ch"|"gwPLD2-RtI6Kh-Hh8qX3"
"maeline.ricciardelli@edu.tbz.ch"|"SwI@J#-XmY31g-H@axF@"
"personnalisee.yggo@edu.tbz.ch"|"J6MXgL-so6sAp-u0yktE"
"alizee.pettinger@edu.tbz.ch"|"6Kp9EM-H$DJEf-mhdreP"
"desiree.curnnokk@edu.tbz.ch"|"6hl@Wt-7A3plw-YuoY9R"
"dorothee.minors@edu.tbz.ch"|"&HmK5C-lut3qM-n5edn&"
"oceanne.kopmann@edu.tbz.ch"|"L0TNkw-6W@iIE-Wc48UR"
"almerinda.brodbin@edu.tbz.ch"|"W5%P4l-OVTqx5-He1ACZ"
"yenora.carsberg@edu.tbz.ch"|"xpKuWP-jNR9$r-HJePhH"
"wa.beetles@edu.tbz.ch"|"$Q4RI6-Kga@ZT-oxrGua"
"audreanne.abbot@edu.tbz.ch"|"9LXSnL-NzYwWp-$0IcIu"
"noemie.capper@edu.tbz.ch"|"NIzqJf-GEjKfY-Zi5jja"
"mans.abramamov@edu.tbz.ch"|"7Wz1rQ-SyMO@f-4Tv##m"
"audreanne.blakey@edu.tbz.ch"|"xcAFA7-y3KBQs-mIb%Y1"
"leone.klimpke@edu.tbz.ch"|"L@BCij-1npJx#-fZ3wAE"
"lie.croston@edu.tbz.ch"|"a3KZp3-DmMAc9-IWInnx"
"anaelle.baistow@edu.tbz.ch"|"a3jAm$-FiA9aX-R3FgoR"
"michele.garwood@edu.tbz.ch"|"Of2%ir-@o9oJC-ccAA$M"
"interessant.albion@edu.tbz.ch"|"ZteSSS-F%PQj0-8t8WR$"
"andre.brisco@edu.tbz.ch"|"YJipUk-zYeBLN-EfxO50"
"tang.totterdill@edu.tbz.ch"|"rJi%Om-25hwmQ-Mt3CMz"
"marie-josee.braundt@edu.tbz.ch"|"GxmmFP-x8tFWz-b7KdfB"
"lois.galer@edu.tbz.ch"|"ooj6XS-wBsnYI-kW2zOm"
"faites.pellamonuten@edu.tbz.ch"|"tV0Usf-H874PE-@1KHX0"
"mai.barfford@edu.tbz.ch"|"sFsKyQ-hxBB@d-YvvRrx"
"laurene.macilory@edu.tbz.ch"|"Z0N$D9-GoEs8p-kkTSH6"
"elea.peak@edu.tbz.ch"|"8ddIwQ-QF%nkW-wFFrBl"
"rejane.doni@edu.tbz.ch"|"eSQICc-ChnUn&-CtEOxt"
"mahelie.ector@edu.tbz.ch"|"pwLuvO-7M0q3O-Jp%35&"
"rachele.allum@edu.tbz.ch"|"x2xg#V-nIL2zB-DIPJFs"
"laila.gerretsen@edu.tbz.ch"|"aDsQSU-47wDcH-iJ9fZ8"
"ines.bowman@edu.tbz.ch"|"zJeSCC-xAEc5M-iorFiv"
"publicite.barbary@edu.tbz.ch"|"pGb#IH-4GlCD1-pZl5je"
"mailys.smooth@edu.tbz.ch"|"Gcyn6x-BIU6y7-aoM#yq"
"mailis.huguenet@edu.tbz.ch"|"h3Dynl-YDnRka-8O8df$"
"lea.ewer@edu.tbz.ch"|"rzuqdz-vfQ9aY-Lu3cqA"
