"email"|"password"
"melodie.vandervlies@edu.tbz.ch"|"1xRLmC-M&nCw7-Pe0$aB"
"angele.edgecumbe@edu.tbz.ch"|"u6Dsu$-7hlxro-NwMVzd"
"zhi.andreasson@edu.tbz.ch"|"@ksTZB-Z5sXAM-F2p$k5"
"judicael.koppeck@edu.tbz.ch"|"9VptOy-&dHaZ0-L4YPvq"
"berengere.capron@edu.tbz.ch"|"6r$DxL-ui&ONl-OK5eEm"
"leonie.brosini@edu.tbz.ch"|"1QaH0s-&36&ru-fCYgYi"
"venus.garfit@edu.tbz.ch"|"Y@&Xx@-2U#cG@-MbP44m"
"melina.janota@edu.tbz.ch"|"2$MiMd-a6BoCm-EkovK%"
"laurene.bake@edu.tbz.ch"|"hmRL4F-4%pC@P-aUxWEE"
"regine.dorkins@edu.tbz.ch"|"J7yBfK-ULSCuD-qcsW5N"
"cecile.moffet@edu.tbz.ch"|"Eylzf%-s7RgW#-7Wu4I5"
"maelann.labrone@edu.tbz.ch"|"u4LoDn-Nqlp%O-eKzmz%"
"melinda.newbold@edu.tbz.ch"|"YIuHWx-QwuiPm-l9hfoO"
"mans.itzhak@edu.tbz.ch"|"w5Jckd-&Z@Ddy-10@jGj"
"melodie.pattlel@edu.tbz.ch"|"KO#FUi-OTmcav-P@VRLd"
"celine.bonett@edu.tbz.ch"|"S9BkZr-ywPNly-E@Wxvp"
"adelie.mcgreal@edu.tbz.ch"|"M1gCth-BBftK6-O$Bhfp"
"helene.soldan@edu.tbz.ch"|"cKOCBS-Z64Qp2-xkwWE8"
"michele.cluer@edu.tbz.ch"|"cni@qd-J&grkc-zVtl3f"
"maeline.mueller@edu.tbz.ch"|"c94uGK-PuehTu-t5V@O4"
"maelann.benedito@edu.tbz.ch"|"401Bvm-kGl#Ji-CLj9du"
"nuo.gransden@edu.tbz.ch"|"$E0Tbl-b2wkvh-PW4GVa"
"berengere.stainton@edu.tbz.ch"|"b5lpXG-s5rfU$-LOubVf"
"wa.sabater@edu.tbz.ch"|"et4lnH-QSCHBF-c$pPjF"
"anais.cochran@edu.tbz.ch"|"z6Pq5x-%FAeSe-RzgTQw"
"gerald.bessant@edu.tbz.ch"|"W%ScJ#-XFci94-662tlZ"
"ruo.coffin@edu.tbz.ch"|"snZwn#-9wvI5W-4n#r1M"
"melodie.mustill@edu.tbz.ch"|"mlmZnk-edExBb-p3EtP2"
"ruo.stanesby@edu.tbz.ch"|"W2lC%h-Ec8hQp-E&lEei"
"noemie.antognelli@edu.tbz.ch"|"V3K3fs-zsSrAv-RlWGgZ"
"maelann.hughson@edu.tbz.ch"|"4H9GHF-%hCl51-It43wg"
"milena.mieville@edu.tbz.ch"|"H48KyC-EWMCNz-zDKGbW"
"mailys.chamberlin@edu.tbz.ch"|"s#GchH-k5rBhn-Bn%qiY"
"nadege.tomalin@edu.tbz.ch"|"bWkFAW-xZN48S-jLxCWk"
"oceane.omara@edu.tbz.ch"|"w5AgVq-8@KnXe-mlJv26"
"cecile.aguirrezabala@edu.tbz.ch"|"q0Y#oD-E6v@@@-kqUrGH"
"maella.gwillim@edu.tbz.ch"|"UQ9K#B-9D02&G-CtdcJT"
"lea.mcgahey@edu.tbz.ch"|"Gb3FRj-npq%BX-Al3dIh"
"laurene.hagerty@edu.tbz.ch"|"7#9g4K-NnFN@G-fFr#8g"
"dorothee.link@edu.tbz.ch"|"dr2Xc@-$qD1aW-3qK%YX"
"clementine.kynsey@edu.tbz.ch"|"Ti3kJb-aT$Ui&-eGArBL"
"lorene.smitherman@edu.tbz.ch"|"%JZKK9-z3BHqd-sz1n2w"
"cleopatre.klulicek@edu.tbz.ch"|"EKmchd-14OwcY-5RfDlO"
"laurene.castaneda@edu.tbz.ch"|"2j6yvH-SqC&zs-V$r%F4"
"melia.constant@edu.tbz.ch"|"awVxTw-EJGYHM-hpRWb6"
"lucrece.clunie@edu.tbz.ch"|"Kc%2wl-56U2bu-V$1eVa"
"eleonore.mcmurthy@edu.tbz.ch"|"RCW50o-pDjS41-VBQQih"
"melia.bevar@edu.tbz.ch"|"845qKj-jTqgHE-2FQ$kq"
"camelia.bontine@edu.tbz.ch"|"Gr2OoH-Mm#1kl-UQ20VW"
"methode.jozefczak@edu.tbz.ch"|"bkhKZ%-cwQTr@-W7f9Jd"
"audreanne.hinsche@edu.tbz.ch"|"c0PtjJ-ajQvk$-q7CSi%"
"andree.varne@edu.tbz.ch"|"JzOh08-#M2%Bm-eZKIAA"
"marten.kinleyside@edu.tbz.ch"|"IsMhtc-ftZGn7-qYe0Hf"
"esteve.mcewan@edu.tbz.ch"|"geAHQ9-luOr4f-OpZG&u"
"leane.dibbert@edu.tbz.ch"|"2qe$vT-59q8jw-LYHvAz"
"ma.thewlis@edu.tbz.ch"|"BHDzkT-wxfHf&-Er%65c"
"clea.djurkovic@edu.tbz.ch"|"QhxsI8-wpt4&I-B3piRK"
"rachele.reburn@edu.tbz.ch"|"keOx1r-XNexoh-4a6uAo"
"gerald.gowling@edu.tbz.ch"|"hXlgR%-pn6rwc-1C91QT"
"cleopatre.jackson@edu.tbz.ch"|"xO9lPu-m6ChcR-qJpp0m"
"desiree.haskins@edu.tbz.ch"|"jQMqB5-OkmKQo-yxNqIs"
"eleonore.longson@edu.tbz.ch"|"LtKiF5-SON10f-KBjjbz"
"leane.dybell@edu.tbz.ch"|"JssHDR-FNC#D#-1hh4do"
"becassine.grzesiak@edu.tbz.ch"|"TGMMOZ-5$%zFk-mvMNiK"
"marie-josee.pickin@edu.tbz.ch"|"N&tcHb-iL%&fD-OCf55n"
"marie-josee.roxby@edu.tbz.ch"|"28S@lP-MDxEkN-3igzh@"
"leonie.feenan@edu.tbz.ch"|"079w$u-Xcnhqu-fRs29a"
"valerie.ellum@edu.tbz.ch"|"wLctmt-T$PTa8-HouT9E"
"ju.caseri@edu.tbz.ch"|"bJo3zt-xla1Vb-K%dhY0"
"boerje.strangman@edu.tbz.ch"|"L1#Dfk-FAe%Nj-3J6tr%"
"beatrice.ghidelli@edu.tbz.ch"|"gWbH%B-7UJ4Y1-JGYPfO"
"da.jablonski@edu.tbz.ch"|"d9RX$0-VHWdjz-2g1E08"
"uo.beveridge@edu.tbz.ch"|"Xbnw5U-VrwB2S-HMQ#tK"
"valerie.bestman@edu.tbz.ch"|"h0$67x-fb9ltv-wa9XCN"
"marlene.pohls@edu.tbz.ch"|"mCbdDm-@$mrAD-hOz5M4"
"ma.nolda@edu.tbz.ch"|"R#fdgu-PYogs9-hypmJn"
"marlene.bisiker@edu.tbz.ch"|"QFlfX3-%5%eC2-EGpKIa"
"estee.babon@edu.tbz.ch"|"O$XopS-fHk3r4-iAgeKH"
"simplifies.dmisek@edu.tbz.ch"|"hTooiG-r8Te8N-x2$sur"
"selene.ganing@edu.tbz.ch"|"4wfpGx-9H0pu4-@nUU#Z"
"meryl.penke@edu.tbz.ch"|"NdAFsf-Ai0kxU-7S2f6g"
"anais.rawcliff@edu.tbz.ch"|"qr$FMk-sZ4f8B-SJonE7"
"melina.andri@edu.tbz.ch"|"sTdm%A-qvhqQe-WoZNbM"
"audreanne.fodden@edu.tbz.ch"|"dQPH9X-JU34MS-sAmpSh"
"bjoern.spellesy@edu.tbz.ch"|"rIUaE5-rKr8Y$-YWjN62"
"francoise.summerscales@edu.tbz.ch"|"QsL7sY-sAOF$5-AXWlKj"
"laurene.ashtonhurst@edu.tbz.ch"|"DvCwYG-@rt$&f-X12K9J"
"valerie.petters@edu.tbz.ch"|"KhWig2-7jNvpg-d7JxF@"
"anael.spenclay@edu.tbz.ch"|"CXHlnQ-pcCk6B-Njahgs"
"stephanie.keech@edu.tbz.ch"|"OWYAF4-gw5I1B-hshKuC"
"ines.deveril@edu.tbz.ch"|"T6CuKT-BL41C$-&IdyG4"
"berenice.gelder@edu.tbz.ch"|"NduM0L-rZCm4I-4RtNl5"
"melanie.ofogerty@edu.tbz.ch"|"2a9du0-O&gSlx-FIp8x9"
"frederique.canepe@edu.tbz.ch"|"cBmr0@-iRuEEB-iFuFcM"
"nuo.otton@edu.tbz.ch"|"mt1Bd7-K7K1ge-zo8O9a"
"genevieve.trusler@edu.tbz.ch"|"%D$dcH-S200Ws-I1KMwd"
"ju.boag@edu.tbz.ch"|"MzzzOC-BbSJUn-Rd2gDa"
"josephine.dilucia@edu.tbz.ch"|"a1bRti-TI6jm%-zRUDHI"
"laurene.armsden@edu.tbz.ch"|"RCh@eP-RRf5Fq-IB8oVJ"
"becassine.griffe@edu.tbz.ch"|"m8&K2&-mXZE9P-PVzHk5"
"alois.parres@edu.tbz.ch"|"GeNg7#-nB&gD#-MUgG@P"
"cleopatre.gaffey@edu.tbz.ch"|"Xlgb04-FXb@oB-sY2UI2"
"andre.stiger@edu.tbz.ch"|"X$gqVl-bYLdN&-#x&Tw6"
"beatrice.godleman@edu.tbz.ch"|"h4dlPg-Lnv97q-ENQUk1"
"hakan.harrhy@edu.tbz.ch"|"NZApjW-2MG1UZ-@cKpM9"
"celestine.dagnan@edu.tbz.ch"|"xBnL#T-4lPv9U-9M0&u0"
"clemence.haggart@edu.tbz.ch"|"J%Pxh2-K7&m@N-xZcw38"
"long.caban@edu.tbz.ch"|"CR$&5s-@9yTrZ-tyz50L"
"gaetane.grimble@edu.tbz.ch"|"cmvvj@-QuhqE#-Yva3Rd"
"maelann.piwall@edu.tbz.ch"|"1lMU8h-u2Iy0l-m0JfFp"
"magdalene.loble@edu.tbz.ch"|"8b9IQ9-m3SzS4-4oodW$"
"veronique.domaschke@edu.tbz.ch"|"xYbePe-Y8kHjh-uX#p02"
"clea.herity@edu.tbz.ch"|"0X6Jv6-qIJBUW-7w0Sti"
"maelann.bambrough@edu.tbz.ch"|"rQTlcD-HnbkI0-PsnGaI"
"clea.goulstone@edu.tbz.ch"|"oLNf4q-q0Cw%r-ExbEKk"
"renee.deleek@edu.tbz.ch"|"hSw$qe-$6pvcg-b%zOm4"
"boerje.rudderham@edu.tbz.ch"|"49C%0p-CUbMUH-5IyT5L"
"marylene.broune@edu.tbz.ch"|"od#7LF-#4xKnC-a0CWQp"
"nadege.mccuish@edu.tbz.ch"|"fBdx$6-kJ0XWT-2OZ5Sl"
"anael.littleover@edu.tbz.ch"|"WZdCu4-iqBg$I-R71MsF"
"lie.baume@edu.tbz.ch"|"JwPwOw-F8kcA&-8hjDvT"
"maella.murrow@edu.tbz.ch"|"GjfeN@-XXJs&o-Lro7vU"
"cleopatre.pettifor@edu.tbz.ch"|"HclAe7-x5boWo-w09YVx"
"geraldine.asker@edu.tbz.ch"|"xIttWm-vQ7aB8-0gtOv0"
"gaetane.smedmore@edu.tbz.ch"|"Aa2Je&-CKWSNW-xhlWNu"
"meryl.blencoe@edu.tbz.ch"|"cTp$z&-9gmgkW-bd9GPs"
"aurelie.chastaing@edu.tbz.ch"|"Cn&bFJ-Ca0zxm-FlC5&m"
"oceanne.marthen@edu.tbz.ch"|"v3qH&L-2OBNP&-Z$lbQR"
"dorothee.burrill@edu.tbz.ch"|"eq9xoN-WG#&7D-u#PXwp"
"hakan.belden@edu.tbz.ch"|"$B0#yK-E&s2ck-mjW6On"
"celine.brunning@edu.tbz.ch"|"2pcac6-953QAL-fn1jmd"
"anael.lapides@edu.tbz.ch"|"%FeJNN-hakYOD-pFo3OA"
"ruo.saffran@edu.tbz.ch"|"0qsipM-jsoewH-RFfz8t"
"loic.gerretsen@edu.tbz.ch"|"hzew64-DbQBJF-mz3#MU"
"rui.fitzer@edu.tbz.ch"|"$WG1Dj-7PVWN2-FbQ#Ny"
"annotee.ogers@edu.tbz.ch"|"rTw2nZ-GGKG$I-uRKQ5t"
"boerje.bindin@edu.tbz.ch"|"D@C2HF-5L9dLX-OK5Z35"
"ma.cronchey@edu.tbz.ch"|"pU@JSc-Ui%mxR-qDocVn"
"laurelie.baiyle@edu.tbz.ch"|"1HrLGz-Cj9&zX-2EZWis"
"dorothee.older@edu.tbz.ch"|"Ls10mW-Hs1w@H-sMNrTI"
"laurena.wile@edu.tbz.ch"|"Y6OYnP-RW$Le%-9gLIUi"
"clemence.brito@edu.tbz.ch"|"OyEIt4-zD9k#P-Ih9Zo5"
"nadege.dallin@edu.tbz.ch"|"4VC8yX-DoXBiY-#OCXuj"
"mailis.matley@edu.tbz.ch"|"CRNyus-duspIU-JOPxpp"
"daniele.screaton@edu.tbz.ch"|"LiAnBF-z35ROC-olwNeM"
"mediamass.godly@edu.tbz.ch"|"ONGY$h-crs5k9-8Qy2wm"
"leone.kremer@edu.tbz.ch"|"iDG0MA-uhFfq9-lYLzx4"
"asa.adrian@edu.tbz.ch"|"JR2Xsu-hHpQU9-A#4G12"
"adele.doley@edu.tbz.ch"|"%9vXGC-P1EYoK-QUpoda"
"fei.sidney@edu.tbz.ch"|"0pFHQI-qrToQ5-xA8&BN"
"marie-josee.walisiak@edu.tbz.ch"|"%9rzCu-A1wnac-R7@WEE"
"desiree.diplock@edu.tbz.ch"|"0@VG8g-Y2ub02-0ToV7k"
"gisele.schust@edu.tbz.ch"|"Z#amiz-2cAgED-QfeCvC"
"ma.longshaw@edu.tbz.ch"|"Y15169-zCxmog-ZTHSTI"
"da.boother@edu.tbz.ch"|"$na7bW-Oe4Q0s-wfqoxV"
"simplifies.chaudhry@edu.tbz.ch"|"krWFAY-FDSHem-1OxtCm"
"garcon.baniard@edu.tbz.ch"|"9xfUgP-RyYx63-SnT7V6"
"gaetane.elphee@edu.tbz.ch"|"ldQD1M-U@X6Rg-2&WVxC"
"gisele.hassey@edu.tbz.ch"|"qRUn7$-di@g5u-0YmupU"
"oceanne.booley@edu.tbz.ch"|"cke2IT-W@lDSs-qGkvcz"
"oerjan.dibden@edu.tbz.ch"|"#R8ZxM-y@GMcB-cwWanz"
"regine.ocleary@edu.tbz.ch"|"lb60rJ-Za%vlf-lyjXLZ"
"selene.persse@edu.tbz.ch"|"S@b9N0-nFh3yT-F9h$z5"
"helena.adenot@edu.tbz.ch"|"vSnjLs-3N0nHZ-txnXFQ"
"maelann.wassung@edu.tbz.ch"|"d8deW4-cIucKV-mGLMVf"
"frederique.ackermann@edu.tbz.ch"|"Q@0Eda-zQp#7X-QHqTnj"
"audreanne.kahen@edu.tbz.ch"|"ss&6lK-a&Ec3z-nGWh9c"
"maiwenn.lasty@edu.tbz.ch"|"nLUWpl-EIRJWJ-oq#C&N"
"yu.dictus@edu.tbz.ch"|"NKOZbJ-I0w@lt-YGhPG%"
"anae.dukes@edu.tbz.ch"|"vi5&MW-Zkv0Ca-wq8T5s"
"yenora.warr@edu.tbz.ch"|"%lU1tO-@APQb$-Qii1Mr"
"esbjoern.archibold@edu.tbz.ch"|"jdR34y-K6yze5-pSM4NT"
"milena.pardal@edu.tbz.ch"|"VD6j4V-yvenq6-ll9OEp"
"celestine.graveston@edu.tbz.ch"|"w1vnf&-ZmfWZi-Py8&7#"
"maena.dallas@edu.tbz.ch"|"ZdCS6s-I9YEZv-4NIla8"
"andree.tuke@edu.tbz.ch"|"LqhBzO-pCR6RC-QuCs6F"
"methode.seldner@edu.tbz.ch"|"&TxgUY-QS0l%C-HoGb1v"
"venus.bullas@edu.tbz.ch"|"4a&OtJ-pyAN6C-SVDjxe"
"mans.aguirrezabal@edu.tbz.ch"|"t$lUw3-UIeHw0-Dn7OnU"
"gaelle.eadington@edu.tbz.ch"|"7vH3If-3sCjhs-A%xraU"
"anaelle.falkner@edu.tbz.ch"|"EyoNTc-ko0nz1-9Af&5g"
"ophelie.height@edu.tbz.ch"|"L19N1o-YvQ9n1-hbPErO"
"marten.bolding@edu.tbz.ch"|"U@J5im-&KoSQ4-%JV1xt"
"pelagie.guswell@edu.tbz.ch"|"JiBl1k-a5H%d%-PBXUrW"
"gwenaelle.lecount@edu.tbz.ch"|"USoWI6-ygVLlX-t0NNSp"
"hakan.laden@edu.tbz.ch"|"&Fpfcj-38nyS#-jk9KLu"
"marie-josee.hylands@edu.tbz.ch"|"REEaFX-VdK1Y4-zyjrR@"
"zoe.kingshott@edu.tbz.ch"|"mDNyqM-w83ZYD-P41LXR"
"josee.janous@edu.tbz.ch"|"02szaV-ONZPYF-&S&0S8"
"laurene.gallally@edu.tbz.ch"|"N%bGQ3-0rQ9CJ-PK%Mar"
"anael.bickle@edu.tbz.ch"|"sawZkA-9qlgO%-NrnI9C"
"mediamass.lebbern@edu.tbz.ch"|"$sZl8D-Btt%f1-uXOmq@"
"berengere.hovy@edu.tbz.ch"|"#9LtZX-mC46y8-w$rSOq"
"oerjan.kilmurray@edu.tbz.ch"|"HAKAMi-A2%wN#-WUYLjg"
"asloeg.venny@edu.tbz.ch"|"%%F&&E-RA5#Th-WAz0Qy"
"marie-noel.stoad@edu.tbz.ch"|"gbXHy%-&x7e0%-@agmPr"
"hakan.pettifor@edu.tbz.ch"|"K4PPu$-YIRJLK-uT16Em"
"maella.willgrass@edu.tbz.ch"|"2$h9a&-WIDGm@-Fh4tL3"
"therese.ludovici@edu.tbz.ch"|"Cg68ol-ZI#&VN-$7zh9Z"
"stephanie.trewhitt@edu.tbz.ch"|"e0PSH3-5p%4%W-34WE8r"
"maerta.bauduccio@edu.tbz.ch"|"i5bj8K-jqCPPN-72z$kS"
"gaetane.glaisner@edu.tbz.ch"|"lKAAsE-4hweRr-@e%48F"
"naeva.pargeter@edu.tbz.ch"|"W$RgVx-@2&@$T-%$Y%zb"
"salome.venable@edu.tbz.ch"|"P$SwG5-Nv#F#j-OCVjcX"
"boerje.thickett@edu.tbz.ch"|"9FRxcU-%Ph&m6-9ssDFN"
"lucrece.prendergrass@edu.tbz.ch"|"wW8j%d-lVrFIj-9Ze@RM"
"laurene.ockleshaw@edu.tbz.ch"|"gMT1at-uOPXzS-uWOu$P"
"cecilia.pasticznyk@edu.tbz.ch"|"@ViN@d-z6#Ndn-6MYfQI"
"stevina.mackey@edu.tbz.ch"|"8J%2Gb-WN17s6-STR#id"
"marie-noel.reven@edu.tbz.ch"|"jcu5M7-hujt2&-VtoFJ4"
"melina.quilkin@edu.tbz.ch"|"Le8oFA-hkYkjd-nQXgUv"
"marie-noel.ferrie@edu.tbz.ch"|"r%sadW-DGbgUF-%vsE3J"
"leone.alphege@edu.tbz.ch"|"N%sdNm-7PuVfL-S9nd4V"
"zoe.leverson@edu.tbz.ch"|"u#w7L5-r8gvf8-VKM@fK"
"annotes.grayne@edu.tbz.ch"|"VINyXN-evCHjD-dLXE%V"
"faites.lalley@edu.tbz.ch"|"L%S7sR-pWmU6C-jb79DL"
"adele.wallis@edu.tbz.ch"|"3XZGRQ-pIVwy4-fV@tLD"
"severine.madill@edu.tbz.ch"|"cYhlPS-qYNbif-JXu%Z&"
"valerie.tebb@edu.tbz.ch"|"C%do$c-gWoPH8-oKGW#r"
"kalliste.rasper@edu.tbz.ch"|"#En0Fm-mYBncg-4amtyK"
"audreanne.palomba@edu.tbz.ch"|"0D8C9b-M1g4xP-9M$$pU"
"elea.adamik@edu.tbz.ch"|"#b69Yf-0FAnE@-Ioffok"
"reserves.jakuszewski@edu.tbz.ch"|"fU$iGI-hhzAgb-O2MwMz"
"athena.belhomme@edu.tbz.ch"|"VGdluk-19DMXP-03Nq$y"
"rebecca.crippin@edu.tbz.ch"|"F09STU-65RZkC-1qkm$J"
"maiwenn.curman@edu.tbz.ch"|"68HFkE-V&kRH%-2BB8US"
"andree.bunner@edu.tbz.ch"|"%&ZgAo-HavF&V-lM0K1%"
"ruo.winckles@edu.tbz.ch"|"lz9KHa-6rjzvk-F2ekq6"
"naeva.buntine@edu.tbz.ch"|"Ib2RzK-hUIY97-&wnePQ"
"boerje.dollard@edu.tbz.ch"|"vO1QnO-3pD9eX-4Fo3wP"
"penelope.gorman@edu.tbz.ch"|"WSQn$u-gobHxH-cZolRI"
"alois.robelin@edu.tbz.ch"|"Rb1Rd$-Q9LxsW-eBXNHY"
"anaelle.tindle@edu.tbz.ch"|"u4bdqv-FSJZYZ-dW6z8G"
"ye.frears@edu.tbz.ch"|"zAWSbX-u1&ikW-f@eeez"
"andree.ovid@edu.tbz.ch"|"AmFdui-g#X0c&-K3a0ff"
"hakan.peat@edu.tbz.ch"|"V3XaNG-huigaI-E1EKDb"
"andre.januszewski@edu.tbz.ch"|"iQXtxB-@UcdgY-ORz$8n"
"annotes.clemmett@edu.tbz.ch"|"@GVGDv-3vxa&Z-Xz6uqb"
"pal.lambswood@edu.tbz.ch"|"Ipa549-DiGmPw-XCujZC"
"yao.lenton@edu.tbz.ch"|"GtgqqF-#&HGbF-sxL@nA"
"hakan.boyton@edu.tbz.ch"|"VIfMdm-cesjkB-ulgdI4"
"nelie.forsey@edu.tbz.ch"|"B03lLG-hdm7lx-l%L@Lp"
"hakan.horche@edu.tbz.ch"|"ZLOCqk-PRP3fX-uNaY8g"
"lorene.sinkings@edu.tbz.ch"|"xjepkU-BZTC6g-RGmF8f"
"marie-therese.creddon@edu.tbz.ch"|"yjAotR-yYNamy-FxxYUY"
"berenice.tolworthy@edu.tbz.ch"|"zU21XJ-QYj4Zm-d0$q2@"
"theresa.land@edu.tbz.ch"|"rGbze3-y2Xi&#-aKewQO"
"marie-therese.gianilli@edu.tbz.ch"|"eV%uO@-yksONC-vvya&q"
"meryl.glew@edu.tbz.ch"|"VHgl0H-LCGuYh-NdK5TL"
"adele.debling@edu.tbz.ch"|"Xuitv2-5Bldv&-vKk1IE"
"anae.metzke@edu.tbz.ch"|"&pgZMj-zJx1wM-qttcd5"
"gaetane.gooden@edu.tbz.ch"|"F9Ed1c-mWqOn9-fTk3oK"
"laila.bootland@edu.tbz.ch"|"M%oi#X-D0GzqV-7XieW8"
"maite.helsdon@edu.tbz.ch"|"T9fMQF-LwP@HE-45zW0l"
"andree.malley@edu.tbz.ch"|"3S#2eW-5hjebG-F5EXVO"
"pal.simmens@edu.tbz.ch"|"T&1bR@-v5Lb7V-fblpxY"
"maelys.nuccitelli@edu.tbz.ch"|"@&h3ne-g&2@Sr-EX4$@o"
"dafnee.sibary@edu.tbz.ch"|"2MK6@q-P6fRJt-55xf4b"
"alois.harsnep@edu.tbz.ch"|"a%Cu88-#RFS8V-8uQdZz"
"marie-helene.lacky@edu.tbz.ch"|"ZGsr&X-lV&J4o-83%iTa"
"mylene.youthed@edu.tbz.ch"|"qivje$-E3TKJt-ZKqhPv"
"marie-helene.dehmel@edu.tbz.ch"|"h&duTf-vsnS&w-mr5Hy@"
"angele.batman@edu.tbz.ch"|"@DJdg2-Mnhumt-F9OrjJ"
"melia.younghusband@edu.tbz.ch"|"g0RX4%-LxtSJ0-qVLcgq"
"eloise.baldi@edu.tbz.ch"|"0igzN9-%tkfnk-$lF&pz"
"illustree.dun@edu.tbz.ch"|"zhIu4c-cw4&8c-E7BomA"
"genevieve.late@edu.tbz.ch"|"ALsyk1-IbpMhr-swhijB"
"celestine.colville@edu.tbz.ch"|"pHumUs-@sZkeX-YWXU2v"
"gwenaelle.scarlon@edu.tbz.ch"|"fqeI7w-2GlLqn-Eqjaz5"
"regine.boddie@edu.tbz.ch"|"nx19bn-qUjU8n-F3QppU"
"creez.gaughan@edu.tbz.ch"|"tk&y2l-f&vN$e-o3glgj"
"gaia.longford@edu.tbz.ch"|"8CN94C-ugR8OM-dw&ded"
"mailis.buckby@edu.tbz.ch"|"LqAkrF-Ah02V2-RiPtoO"
"song.parbrook@edu.tbz.ch"|"yGWcB5-@@pVn7-kd@aZu"
"frederique.heddan@edu.tbz.ch"|"sSXHyT-sokbut-$NHmOx"
"ake.kirtlan@edu.tbz.ch"|"qzAsMr-4kpCeh-f5j2JB"
"nelie.runciman@edu.tbz.ch"|"4ukcKT-jw64q$-3JWPnz"
"mailis.cardnell@edu.tbz.ch"|"lEQw8a-8bmKCM-bignqN"
"irene.navarro@edu.tbz.ch"|"RXzjQi-NWOUey-jHZ3Gr"
"maite.cough@edu.tbz.ch"|"EB5fp#-eo2R@p-3I&UxP"
"anaelle.stocky@edu.tbz.ch"|"C73qjt-7#Re7x-dqaiYl"
"methode.moulder@edu.tbz.ch"|"j6FhW3-F$U@7N-BZrcrw"
"po.stafford@edu.tbz.ch"|"Pk46zZ-6B3ZUc-ET2qC@"
"faites.scraggs@edu.tbz.ch"|"bCAKZD-7xPfgI-eX$pYu"
"adelaide.dullard@edu.tbz.ch"|"BVtN9m-ezQA6a-Lyj&1Q"
"desiree.leonard@edu.tbz.ch"|"rGkHF$-Hw%PlP-PvqoRy"
"geraldine.badgers@edu.tbz.ch"|"K$8GMS-DN4CdU-XW#2##"
"ruo.masic@edu.tbz.ch"|"Pehoj1-twiDC5-mZrZ0&"
"aurelie.lieber@edu.tbz.ch"|"PdzArl-Sj3d&r-zcfDsL"
"naelle.balcock@edu.tbz.ch"|"ZRuHwT-TEAXoD-@alcmq"
"camelia.elger@edu.tbz.ch"|"C7WV0Z-wQ%1Yk-73%E#k"
"publicite.oakeshott@edu.tbz.ch"|"8Y6ScN-ffxIkf-4Hl749"
"cleopatre.fawley@edu.tbz.ch"|"OmiaAo-%1HMgo-&5$8&m"
"laurene.bruckmann@edu.tbz.ch"|"A5%HLt-Ja6iRS-nF2CFk"
"rui.haughton@edu.tbz.ch"|"0ZiVmx-qp&4st-njcgtL"
"asa.ladewig@edu.tbz.ch"|"dxRtAN-rS0Nk0-TwxgZi"
"gisele.janecek@edu.tbz.ch"|"xsFvR8-CoWUMe-Z4Ednp"
"maily.loveridge@edu.tbz.ch"|"t$x#%B-z4HrCs-FR@Ue3"
"marie-eve.yurkiewicz@edu.tbz.ch"|"oA7hNR-qtgCMC-dMfSBo"
"fei.roder@edu.tbz.ch"|"BerlWq-IKWYZE-TEZqiZ"
"edmee.chatburn@edu.tbz.ch"|"RK%UKT-kYcJi1-TliLeL"
"geraldine.darke@edu.tbz.ch"|"xW&x#Y-7kTzS0-YAxl4I"
"ye.jira@edu.tbz.ch"|"HffwF1-j3Dhw&-J3uNck"
"publicite.persent@edu.tbz.ch"|"Un4TN6-fCmXl1-#HttCo"
"severine.wilcox@edu.tbz.ch"|"pkpUOl-dYj@ic-AloLTJ"
"yao.mcclaren@edu.tbz.ch"|"%q&a8u-b39tu1-mYHuJk"
"theresa.foynes@edu.tbz.ch"|"L6mYPV-0@RjBx-RL6j$W"
"stephanie.isley@edu.tbz.ch"|"Vl#fhT-mxLcmJ-8uCjkc"
"torbjoern.growy@edu.tbz.ch"|"OuK33b-YUnN6p-OUtmJr"
"eloise.tunnadine@edu.tbz.ch"|"S8VUPm-pzdTLB-MKRplJ"
"maeline.cossentine@edu.tbz.ch"|"7rOvcJ-Ndf&MC-vhs%B6"
"nelie.desantos@edu.tbz.ch"|"IDoE0g-SE4eUb-uCwSPT"
"gaetane.axston@edu.tbz.ch"|"ol9dvS-U2FOPm-U$@DgI"
"aimee.merman@edu.tbz.ch"|"&rOB%P-EOUYj#-v%9rZP"
"oerjan.drivers@edu.tbz.ch"|"Fbb%Zh-PFZCjY-m0OA6m"
"aimee.miroy@edu.tbz.ch"|"5MktF4-4Nbs15-3cw1hm"
"nelie.glyde@edu.tbz.ch"|"QY7DG$-EACjJh-QL8f8Y"
"hakan.kapelhof@edu.tbz.ch"|"HYuotM-3qlUvC-VtNQ@F"
"maelyss.cauley@edu.tbz.ch"|"YjcvRv-VYWCEd-hCwR92"
"elea.vaggs@edu.tbz.ch"|"P#V2dp-6f$CAA-N6dHgI"
"maelys.but@edu.tbz.ch"|"5RBRNo-%8NdiZ-I&auKd"
"maella.arthurs@edu.tbz.ch"|"tJ15VQ-wWcwc$-2ozf&P"
"adele.liebrecht@edu.tbz.ch"|"iAxRL@-wMVoye-IpPQGb"
"meline.lomasny@edu.tbz.ch"|"gcIIJe-rWSvYf-sFQHpY"
"mediamass.schwant@edu.tbz.ch"|"PBTlcw-oNndFk-wTqw0S"
"leone.saunt@edu.tbz.ch"|"&7#8Z1-aZi@6Z-JHvV8G"
"annotes.gouch@edu.tbz.ch"|"nIHvFI-C2%##&-@aXV10"
"gaetane.bowich@edu.tbz.ch"|"XT8IZ%-yJPJzg-hwgclR"
"alizee.strelitzki@edu.tbz.ch"|"#Z43e$-MnRyYR-kyi9Ql"
"leone.poile@edu.tbz.ch"|"u&yl8Q-j4NQo1-$oiamo"
"amelie.saban@edu.tbz.ch"|"66tikE-MRjbvK-JXFha$"
"marten.mcmenamin@edu.tbz.ch"|"6Bzt22-ipdSp%-Pliq4n"
"becassine.keets@edu.tbz.ch"|"Ykwc@I-g5RXhM-kSWAJ9"
"celine.million@edu.tbz.ch"|"sfQWWS-8TukD#-N8sGFq"
"geraldine.belitz@edu.tbz.ch"|"b0lP0P-wM#wwz-azVUts"
"salome.mardling@edu.tbz.ch"|"D8A9rS-B5eNB$-v5RKAf"
"melia.blakemore@edu.tbz.ch"|"gt9N4k-I95f86-kTMz6J"
"dafnee.mcaulay@edu.tbz.ch"|"&&KwlB-u5lSaT-cq8@dt"
"garcon.dennett@edu.tbz.ch"|"mOAbMe-lW8$pl-xhkaUm"
"interessant.lesor@edu.tbz.ch"|"5Bdmed-YiWhlW-NtVtTr"
"annotee.wasbrough@edu.tbz.ch"|"bk%23U-cE$l&i-LEp&6U"
"asa.ibbeson@edu.tbz.ch"|"7Q7HFn-#p6Ifd-bqBK9i"
"maily.kennealy@edu.tbz.ch"|"Ol1&db-J9Hprl-wz$U3F"
"ye.seares@edu.tbz.ch"|"ctA9V6-#KD9HC-P7TFVf"
"athena.harbron@edu.tbz.ch"|"TeiKV5-a$OIQc-r5ATwU"
"andreanne.portail@edu.tbz.ch"|"qMLN2A-S4xmRU-fqV#Hh"
"goeran.zannelli@edu.tbz.ch"|"cJSOZS-k%Ezcf-xu6hSm"
"gerald.leathlay@edu.tbz.ch"|"WuNN8x-5fEoUj-Czg486"
"andreanne.chown@edu.tbz.ch"|"Unu51o-1VLFal-C0W9B$"
"esteve.clementel@edu.tbz.ch"|"Z6M44F-06QqHm-TV8v%g"
"leone.legan@edu.tbz.ch"|"tpk4Yn-#gWnoi-eX0ipf"
"maena.pownall@edu.tbz.ch"|"2p13be-$yu0uo-5#ym4c"
"andree.rettie@edu.tbz.ch"|"4kaU8v-3ef21F-Ty2gN@"
"ines.kenwrick@edu.tbz.ch"|"pSJ@kT-C6j2F3-cVDcBG"
"marie-helene.yarnall@edu.tbz.ch"|"f2R#Fl-8rsr&2-2lQtUd"
"po.martin@edu.tbz.ch"|"0@3t56-9I@z@4-8$wRS6"
"ruo.celiz@edu.tbz.ch"|"HBZTw0-Usd2qV-mUUt3&"
"po.bissett@edu.tbz.ch"|"6XtR$4-O44tQg-31ROGM"
"du.swindon@edu.tbz.ch"|"cHI4CD-EusqD$-$&Puje"
"interessant.gouldthorp@edu.tbz.ch"|"0qguH@-uJ1x2j-Ig#f6K"
"leandre.lilburn@edu.tbz.ch"|"Z%FZWK-wYtofZ-&B6mm6"
"bjoern.whales@edu.tbz.ch"|"FZ594l-mwF2#d-jR7D9r"
"interessant.dieton@edu.tbz.ch"|"uH#xHO-jyf#Nl-NOtVuY"
"celestine.redhills@edu.tbz.ch"|"UvIwD8-QS5L9T-Q@lID5"
"tan.yakovlev@edu.tbz.ch"|"dPvLf%-riGr11-dcQM$T"
"regine.mcdowell@edu.tbz.ch"|"ePXP#i-jvq@8E-QJDG&J"
"ju.coysh@edu.tbz.ch"|"qiCEpY-K6pfYi-u$%P4b"
"reserves.ofallon@edu.tbz.ch"|"D8Tvng-YUTO5W-WElOTM"
"frederique.sobey@edu.tbz.ch"|"@l7ZNJ-4$j2OA-BF93ak"
"marie-eve.garstang@edu.tbz.ch"|"%ad4G4-CxvbS5-El9SYJ"
"andre.tapin@edu.tbz.ch"|"GWK2km-FEN8z0-GjbYtI"
"esbjoern.eynon@edu.tbz.ch"|"0wKEGb-%6ZO20-4UFngU"
"maella.duffy@edu.tbz.ch"|"N@sEDH-&jjXBi-DOAE&g"
"leandre.twinning@edu.tbz.ch"|"P@&B9f-eK23Sw-CwOi3j"
"mai.whittingham@edu.tbz.ch"|"&nAupA-eXgsBC-AHYzqz"
"rachele.shevelin@edu.tbz.ch"|"L#DeGj-GmGLLV-nsLs3b"
"cecile.mcure@edu.tbz.ch"|"1fQllH-8eJdra-whNLiH"
"marie-eve.yurkevich@edu.tbz.ch"|"#xmj26-kGoNpR-naHNkk"
"almerinda.paice@edu.tbz.ch"|"lOF8si-GdJCpk-8YlF5U"
"rao.howkins@edu.tbz.ch"|"2WENc5-1F8K7@-fdA7MD"
"serena.pack@edu.tbz.ch"|"G6oByS-Fi4q6T-eE4Hr4"
"rebecca.mant@edu.tbz.ch"|"C&@iBp-OPiy6C-KWCSv9"
"reserves.spitell@edu.tbz.ch"|"OxiOx$-uC&R14-ZN07PK"
"garcon.hamfleet@edu.tbz.ch"|"xrtH1W-wS&nnf-R#Nwfi"
"methode.kerkham@edu.tbz.ch"|"rED@6p-pWMkza-I0ptjq"
"pelagie.camies@edu.tbz.ch"|"@OXQAU-I1oknk-SFUSew"
"josephine.macpharlain@edu.tbz.ch"|"qDLLyI-O9EK1B-C7nKxP"
"eugenie.mathet@edu.tbz.ch"|"JRB@AE-U2vaQ1-TDHJk8"
"gaetane.brangan@edu.tbz.ch"|"JPCF4G-LfV3KL-90rBnu"
"michele.dewbury@edu.tbz.ch"|"T#5Egr-plf9Hz-@1FZde"
"eugenie.elcott@edu.tbz.ch"|"hqnpk2-gEJf63-JKOpvS"
"megane.harniman@edu.tbz.ch"|"ftxBZn-I&5gij-%iQ&5S"
"agnes.cluney@edu.tbz.ch"|"rRO1wo-oO60Rd-&$4cNN"
"marie-helene.angear@edu.tbz.ch"|"VWraY2-Y0%bYc-IUaRsy"
"melia.dolphin@edu.tbz.ch"|"rqUZGM-273t0H-xmJGM7"
"lois.ruseworth@edu.tbz.ch"|"xqg%2d-wmF&vj-WzhVn$"
"mailys.ryding@edu.tbz.ch"|"DSH&Gb-iZFaSP-cg@zSJ"
"rachele.wulfinger@edu.tbz.ch"|"od@box-z2pSWo-t@YMUR"
"gwenaelle.talton@edu.tbz.ch"|"U1wbPu-1zeWM5-hiP%2P"
"long.ronchetti@edu.tbz.ch"|"k&Vp4C-6bkSRt-lFefbm"
"styrbjoern.kloska@edu.tbz.ch"|"1RVd2%-HtFR&q-k%n0zk"
"len.sudran@edu.tbz.ch"|"cliriq-R7lBwj-I1ouPQ"
"maelle.andrysek@edu.tbz.ch"|"uTEElz-&it%Eg-SYeVyr"
"selene.senior@edu.tbz.ch"|"T2EOO0-m@uh3B-SsfN3q"
"anais.joskovitch@edu.tbz.ch"|"62X$pu-%E%oyr-RQlNNc"
"marie-noel.dally@edu.tbz.ch"|"lMFInw-f2mZ6p-kXJ70j"
"marie-helene.laurence@edu.tbz.ch"|"uC3kss-ENencX-D7ByYm"
"camelia.foxon@edu.tbz.ch"|"@CIeZl-LG%c%Y-b$esVM"
"helene.cankett@edu.tbz.ch"|"t87d5E-ezS4z5-KWZYdx"
"marten.mitchelson@edu.tbz.ch"|"KVWlEN-T0HSVK-X6DLZO"
"helena.stirtle@edu.tbz.ch"|"Ls6WyA-J@CBix-VOzAyq"
"leane.barmby@edu.tbz.ch"|"GPO4PK-gW#3t0-Y84Glx"
"goeran.ofinan@edu.tbz.ch"|"dr64su-rKQ5CG-cdEm8V"
"styrbjoern.proby@edu.tbz.ch"|"jQJ59o-%R2@nU-VSt1zv"
"zoe.halse@edu.tbz.ch"|"Hd17od-18&m4a-eOyMO6"
"kui.drable@edu.tbz.ch"|"pgbN3p-3VoDlK-B69vwI"
"desiree.bamford@edu.tbz.ch"|"JfQ3$G-@1k%GW-SEPqJi"
"zoe.suller@edu.tbz.ch"|"ZOdq5$-krS#MK-$r#QBO"
"marylene.audiss@edu.tbz.ch"|"@6WxVn-N2jjg5-MCTX%3"
"adelaide.poznanski@edu.tbz.ch"|"cvDcs1-Ckj6q5-7iNsXh"
"maella.coleyshaw@edu.tbz.ch"|"eqcupT-ldryoJ-nkBXvp"
"marie-francoise.gelder@edu.tbz.ch"|"CVbUzL-3iuD4v-SCIwK&"
"eleonore.chaffyn@edu.tbz.ch"|"qfN0bL-AqECet-5VP5Jt"
"celestine.sikorsky@edu.tbz.ch"|"vS$vtQ-i5j3Jj-KoHIqp"
"stevina.londsdale@edu.tbz.ch"|"Aw6K#Q-DjGHrl-UkBnhx"
"maiwenn.nevitt@edu.tbz.ch"|"%H&Bws-ktvTEx-5kQ3DU"
"magdalene.gerrey@edu.tbz.ch"|"vWp5A8-bpJdfW-Kez7#N"
"becassine.latimer@edu.tbz.ch"|"BZRC&2-bgB4mx-KHqz3E"
"da.lethibridge@edu.tbz.ch"|"ryF&Dm-DRd#M8-S14j53"
"mailys.claige@edu.tbz.ch"|"Y0fMd6-CfVz#s-jbJKQy"
"maena.torbard@edu.tbz.ch"|"5DD70d-$iqYaQ-CyQuIM"
"solene.lyvon@edu.tbz.ch"|"pxAao#-@9Rq&S-L&cOmE"
"marie-therese.benbrick@edu.tbz.ch"|"tO2EqK-lW%6qy-h8#Hm0"
"gerald.edmonson@edu.tbz.ch"|"HCFe7U-gSErKH-xhDJwA"
"ake.messruther@edu.tbz.ch"|"la5Sm0-00vvQq-RHRgSc"
"men.gosneye@edu.tbz.ch"|"KCn@rf-5RvvVY-H6HlQ0"
"anais.jefferys@edu.tbz.ch"|"vayEkC-mLEbd5-Xe@0%z"
"publicite.tregale@edu.tbz.ch"|"Sdgx%I-$e4w4o-2&xCsW"
"maily.santorini@edu.tbz.ch"|"W8tJ%N-DM4Rg3-DeH8T2"
"ines.pioch@edu.tbz.ch"|"vprI5k-nGly$j-W7vQNv"
"noemie.marklew@edu.tbz.ch"|"GpbJG6-x$iOpz-L@m7w2"
"meghane.maccaffrey@edu.tbz.ch"|"jgo3tQ-vqQERn-IdnUXj"
"berangere.ambrogio@edu.tbz.ch"|"$Cc#TI-NfbCem-xix4Oc"
"mediamass.ryce@edu.tbz.ch"|"qcFGKV-&@ggME-oDJY1A"
"oesten.ubank@edu.tbz.ch"|"JbPNy3-AHCDVo-$2vHHu"
"melina.mackee@edu.tbz.ch"|"8YlovH-qq2kWo-fyudCk"
"theresa.livezey@edu.tbz.ch"|"qm9vUd-EChH8N-Dn#UoW"
"clemence.weal@edu.tbz.ch"|"%Dm4Kt-rPRD%F-cgXUhF"
"faites.overton@edu.tbz.ch"|"iynGCX-c6DHAK-x1KEOb"
"clea.lindblad@edu.tbz.ch"|"VZmA#z-@&%3Gn-%OnWLd"
"josephine.roseaman@edu.tbz.ch"|"IDG@Mk-kUnIsS-YKzFDL"
"oesten.lowbridge@edu.tbz.ch"|"Zvn&bT-kl4p6U-$831x0"
"marie-josee.brion@edu.tbz.ch"|"DT71yE-Z#doda-Bs8SM5"
"therese.basili@edu.tbz.ch"|"9tUkHD-tyubdr-54iup6"
"melia.vertigan@edu.tbz.ch"|"&dgdI8-KqlZfr-s25ppK"
"judicael.saull@edu.tbz.ch"|"cGp3T5-y%A4VE-FJ74Um"
"selene.valentine@edu.tbz.ch"|"FSdmy1-G@Z8#s-Og2JFL"
"verane.dunlap@edu.tbz.ch"|"Mphoyd-25VufS-gPU0G%"
"meline.kinnear@edu.tbz.ch"|"qc$osc-bhESTa-8Krm4x"
"lei.luttgert@edu.tbz.ch"|"Mv09kt-1RVRmL-0rtFEf"
"styrbjoern.lathleiffure@edu.tbz.ch"|"Bzec7r-1uuqjJ-df4CiX"
"marlene.blasi@edu.tbz.ch"|"Z0zh%U-%4t#KX-xhcodo"
"mai.begwell@edu.tbz.ch"|"g&3Hk2-iLFV@A-w8So$t"
"gwenaelle.kaines@edu.tbz.ch"|"fNidZg-uITPNc-kZ2UvW"
"gerald.adamthwaite@edu.tbz.ch"|"9xuJfq-uqHp9H-dUkdww"
"kui.hartfield@edu.tbz.ch"|"vYpVWj-%9QJUQ-jRsBbT"
"salome.currao@edu.tbz.ch"|"SQRYRO-RuS%Gh-Nzp2Rw"
"angelique.tixier@edu.tbz.ch"|"r2B7yz-qTLswP-Eat%Oa"
"ju.mcgragh@edu.tbz.ch"|"ruKdj6-GPEMA7-uwbrMo"
"dafnee.beachem@edu.tbz.ch"|"Acb0&j-@Zql8r-xh%k3C"
"creez.terlinden@edu.tbz.ch"|"vKbHdy-kRWrOs-sQvqZ6"
"uo.mcskeagan@edu.tbz.ch"|"eL0W%J-TC0QL1-r6OoXl"
"edmee.mccaughren@edu.tbz.ch"|"W9CQ$8-n3G521-wnN0vr"
"asloeg.cozby@edu.tbz.ch"|"BbKD@D-l3VnVS-F7W$Uh"
"melodie.traite@edu.tbz.ch"|"BO7Rm%-cMz06G-fb$p&4"
"dorothee.aindriu@edu.tbz.ch"|"ByF5Er-FHzjs3-7iQuIe"
"daniele.doley@edu.tbz.ch"|"d%6OIN-EIpfqf-85xwhY"
"mediamass.fairclough@edu.tbz.ch"|"L4JinJ-WmLWgp-3ENkEq"
"lorene.rainforth@edu.tbz.ch"|"q335yl-#kdajg-K3IKeT"
"leonore.eyer@edu.tbz.ch"|"pfQwxf-IKdGCT-Qf2WiC"
"po.spillman@edu.tbz.ch"|"JfJu2v-hrIw6m-6tpMo$"
"cecilia.plitz@edu.tbz.ch"|"IXwDPN-yRW90g-%y1aXZ"
"lorene.ludlow@edu.tbz.ch"|"fl3QyP-BSf%sg-zrIu$V"
"berangere.neligan@edu.tbz.ch"|"UMCbnb-X@bsHn-uoQ25I"
"simplifies.huggan@edu.tbz.ch"|"YzaOJy-2eU1QH-HDDgAm"
"clelia.prandy@edu.tbz.ch"|"DlfPNA-FXlD5C-2EfWd$"
"ake.osban@edu.tbz.ch"|"iJLkyh-S8%A9C-j9%lbu"
"cunegonde.brunn@edu.tbz.ch"|"pcZULg-3$bSrJ-DjRvbq"
"long.grizard@edu.tbz.ch"|"DQ3m&d-&ZriNR-1Eldj2"
"meghane.diss@edu.tbz.ch"|"oDujE@-HCU&U0-9J4McO"
"therese.oldman@edu.tbz.ch"|"A5HD1R-iKLspf-sFY7Ap"
"boerje.scamerdine@edu.tbz.ch"|"rI0SOL-SW0TGz-wSTR1%"
"du.saban@edu.tbz.ch"|"seHWNa-MXNoll-xr9cZT"
"hakan.clynmans@edu.tbz.ch"|"jRXOJI-2kDjNN-kDM%09"
"wa.macdowal@edu.tbz.ch"|"2CFgTR-#$abs1-Nbt8hO"
"venus.hatrey@edu.tbz.ch"|"09dT9G-5L1SQq-kVcknR"
"anaelle.vispo@edu.tbz.ch"|"MY2fgI-@WusU6-PmJ5DX"
"mahelie.ollcott@edu.tbz.ch"|"TPuG1Y-Sg#zUK-fQnxR3"
"mediamass.whyman@edu.tbz.ch"|"ntd92V-sP31GE-jWx95b"
"esbjoern.basson@edu.tbz.ch"|"UOoPmT-cjKWVn-HGWAol"
"andrea.morrill@edu.tbz.ch"|"xXnY&4-0WEAMU-v$PW3P"
"melys.grassi@edu.tbz.ch"|"mGZZIV-ThoMPX-Mq9d2r"
"leone.poleye@edu.tbz.ch"|"4$8Ijz-Vy17Em-Uf1BJy"
"francoise.penny@edu.tbz.ch"|"fi#bHf-D&o$ho-$gBvbb"
"rebecca.edney@edu.tbz.ch"|"qfRi#f-6FP0&t-Z6qDfI"
"adelaide.murtagh@edu.tbz.ch"|"sC8nvB-&xHsmu-1HaNzL"
"stevina.winterbourne@edu.tbz.ch"|"SO#DCX-jIPzE4-H7cxXb"
"ma.cottom@edu.tbz.ch"|"czIGKI-%#eQb@-kAHV28"
"tan.harold@edu.tbz.ch"|"4cU9xd-HCJwMQ-nEz8E&"
"venus.forte@edu.tbz.ch"|"BVU@iW-1T$@b&-zQ0k9d"
"almerinda.oluney@edu.tbz.ch"|"g0H6Mv-BQkzdd-VK$r8y"
"cleopatre.brehault@edu.tbz.ch"|"Sj@BJn-MqHwKl-2jOxQ4"
"interessant.lapides@edu.tbz.ch"|"Q2ESD2-O$hSE6-nOAXms"
"reserves.hallatt@edu.tbz.ch"|"nmUaIX-tw21YD-flZK9q"
"annotes.birdwhistle@edu.tbz.ch"|"17gvXC-toP0n2-OoILgJ"
"ai.dredge@edu.tbz.ch"|"i9pVkt-k3upag-1kQT3Y"
"megane.mussard@edu.tbz.ch"|"#yiY52-0HQ0Uj-l&sP7Y"
"esbjoern.gowrich@edu.tbz.ch"|"vjH%8l-0ZR@hx-kJ6@Os"
"boerje.brislawn@edu.tbz.ch"|"CsAeqQ-GOQ0Cj-s2adSE"
"becassine.wilce@edu.tbz.ch"|"KYbuBw-$OCK@j-zfkPFR"
"personnalisee.oels@edu.tbz.ch"|"%xkATg-Ghc0vZ-uC1Jpw"
"verane.pett@edu.tbz.ch"|"%DObUC-0Toz96-SbIyzZ"
"marylene.glewe@edu.tbz.ch"|"WLWMms-@@QIKq-fs7S04"
"lai.elson@edu.tbz.ch"|"oXHAkk-tn7Lpn-8E%DvA"
"serena.difranceschi@edu.tbz.ch"|"dGuvnw-Ioj1lZ-hmXk@K"
"lie.espinel@edu.tbz.ch"|"bduxJ$-zhFg#a-aq#Ltw"
"marylene.fantini@edu.tbz.ch"|"U0gMBF-CqZZoL-N$lMhw"
"andre.archdeckne@edu.tbz.ch"|"I7qRd&-qAclX5-3g47AR"
"goeran.bohlingolsen@edu.tbz.ch"|"vEBqn0-KZEfSk-MpkoTd"
"cunegonde.heffer@edu.tbz.ch"|"68AlCb-F8Z4Fs-b9$2AO"
"tan.fechnie@edu.tbz.ch"|"uDO2Ht-$J$e@#-v7CZz7"
"marie-noel.brammar@edu.tbz.ch"|"Rx8SYt-3OMJFi-kK0nU3"
"simplifies.aven@edu.tbz.ch"|"K1APr5-UuD0WY-@74ARX"
"melys.pinchen@edu.tbz.ch"|"AWOhJH-EULKf7-M&BcrO"
"edmee.joyner@edu.tbz.ch"|"TKzEfO-&QqwLg-LtGLUW"
"berengere.edess@edu.tbz.ch"|"QgFBWN-Bl08ta-fVRc8w"
"marie-noel.goward@edu.tbz.ch"|"sj2G8l-Ip71c2-9SDKl$"
"ju.edmons@edu.tbz.ch"|"tCsNM$-Q&ZJsA-0RhNfh"
"frederique.airds@edu.tbz.ch"|"p6UGVZ-ar3H3i-JokN9t"
"reserves.dauby@edu.tbz.ch"|"Pc1X80-O0F@Iz-7@1#C4"
"hakan.gynni@edu.tbz.ch"|"ES#eZC-4JvaQm-fJJrKg"
"leonore.pinwill@edu.tbz.ch"|"3YFn7z-X8N2K7-11B3T2"
"marie-eve.mcallan@edu.tbz.ch"|"hC4mzB-mXXwd1-or2HIW"
"naelle.yeabsley@edu.tbz.ch"|"5mu%G5-dRM20k-Ocxp2D"
"nelie.jacobovitz@edu.tbz.ch"|"oxQpF8-ERn&4Z-XWXSIg"
"adele.conelly@edu.tbz.ch"|"IVLtrX-OBdJoY-9lDkfO"
"clementine.dondon@edu.tbz.ch"|"e$U21t-cYHMX5-fcp%k$"
"zhi.willcot@edu.tbz.ch"|"2JqLh9-750Nzf-t%svNh"
"chloe.janicki@edu.tbz.ch"|"4HtDQW-aiILgE-GiftL9"
"meng.linde@edu.tbz.ch"|"qscoB5-d4qxVZ-e5%J6F"
"celine.janisson@edu.tbz.ch"|"OjOiCG-G#E%C2-nyQ0yz"
"clelia.crow@edu.tbz.ch"|"i3hLs5-DXtBPa-Yt&Q9Q"
"cecile.pyott@edu.tbz.ch"|"D239SJ-5$2c&t-4rYf##"
"ma.fidelus@edu.tbz.ch"|"KRN%83-K2lcFi-X1EEaP"
"marie-helene.poore@edu.tbz.ch"|"7KNg3&-A1RYSW-BZUPn5"
"elies.blanket@edu.tbz.ch"|"6u1Yba-fZgaiV-bWHvXl"
"yu.boyer@edu.tbz.ch"|"9chb#z-GHLTGd-8AGyaq"
"celia.welds@edu.tbz.ch"|"OoNULY-sC8BHb-4$EC4H"
"du.gunney@edu.tbz.ch"|"q06Y$T-&dZqND-TQUGrb"
"goerel.crush@edu.tbz.ch"|"R9H8T9-QVudA5-Yx8XOL"
"marie-josee.brosius@edu.tbz.ch"|"sKvuku-98TVfv-ddgeFT"
"camelia.adds@edu.tbz.ch"|"iTJMBY-6IL7Kd-0@iA@#"
"anae.irwin@edu.tbz.ch"|"ivPr0r-YZZ8i#-t@BD8f"
"cleopatre.skeffington@edu.tbz.ch"|"OiJXvM-l&aRFM-UVjq8f"
"gerald.suggate@edu.tbz.ch"|"yv%PXX-@FgFuu-mCn0%c"
"laurene.tailour@edu.tbz.ch"|"jJr$Bi-zh&NJo-HdTejm"
"amelie.hoble@edu.tbz.ch"|"#YbEzr-lyg#GX-npmcQ9"
"venus.getch@edu.tbz.ch"|"fp4ZZQ-Jj&85H-39gRqs"
"renee.treby@edu.tbz.ch"|"gMmbwA-oruCFj-$q#%S3"
"almerinda.stait@edu.tbz.ch"|"qw7fVX-ern6ME-gYxHGK"
"andree.reddecliffe@edu.tbz.ch"|"3cz&03-2uvMf#-7YTOFk"
"leone.wintle@edu.tbz.ch"|"oBYyOw-Sp9zoq-CfysEM"
"gerald.fellow@edu.tbz.ch"|"iN1p0I-8VCIw4-JGrY5Z"
"ju.gudger@edu.tbz.ch"|"3&IyCV-S74mj1-0z3l$s"
"meng.ohaire@edu.tbz.ch"|"EUqrZk-4$nlMw-v%K$cw"
"cleopatre.missington@edu.tbz.ch"|"lxYgld-UeSEe#-uaag&#"
"annotes.debruyn@edu.tbz.ch"|"#wiPOh-Odv9bk-I3I93A"
"gerald.sinisbury@edu.tbz.ch"|"kwngrt-7u%7d7-VZQ521"
"creez.slora@edu.tbz.ch"|"Ud0BZA-vcZAph-HW3hSn"
"gisele.benbow@edu.tbz.ch"|"EGsDdY-YtsHMJ-GJu4Mz"
"pal.dossit@edu.tbz.ch"|"d8Emio-sRXoh2-oEro4V"
"nelie.stirrip@edu.tbz.ch"|"Qfz6LB-CuSjGQ-KmOU81"
"alois.ocrigane@edu.tbz.ch"|"WBTOG4-0VYycA-fs8EBT"
"kui.mcterry@edu.tbz.ch"|"EF4Vd@-8ZS4BC-MzltB%"
"long.willgoss@edu.tbz.ch"|"DUiSgY-FUtuZK-meOVqA"
"francoise.sumpner@edu.tbz.ch"|"HGjfnC-wAFSPo-as8qGT"
"maely.grinstead@edu.tbz.ch"|"iNCTkj-HdS0uB-eLyuV6"
"creez.langeren@edu.tbz.ch"|"mWM&2k-XublKS-02JeAF"
"adele.dungate@edu.tbz.ch"|"3MlCIX-Ti7fNv-1obg8g"
"cleopatre.noirel@edu.tbz.ch"|"AkvCX6-r0j$h3-ISlqad"
"interessant.daverin@edu.tbz.ch"|"QKfHlG-vLujlQ-9GIcCI"
"naeva.kalderon@edu.tbz.ch"|"5ETWPK-VE8Ndm-rrJgnh"
"anais.oshesnan@edu.tbz.ch"|"BEXjeC-2IwfP@-2U1$Vf"
"judicael.anelay@edu.tbz.ch"|"krQjm&-oBmDUv-tR7swH"
"eloise.braxton@edu.tbz.ch"|"43nneE-uM@yB2-R%xV8p"
"desiree.greguol@edu.tbz.ch"|"r0BlSr-oOXpLj-ZV0lQv"
"maite.mcclenaghan@edu.tbz.ch"|"@xYmC9-qAMja7-#Tzoty"
"meng.doret@edu.tbz.ch"|"x6wEpy-H43$Xg-Yy5dUN"
"frederique.chippendale@edu.tbz.ch"|"%T7%VZ-9dPClO-DoSa7N"
"andreanne.lanney@edu.tbz.ch"|"90%lqv-x%Sy8q-HCe7Jt"
"aurelie.claus@edu.tbz.ch"|"ejUu1p-u2cAqI-ek@Gyd"
"renee.pabel@edu.tbz.ch"|"7&OK$i-GgahUt-OTPhmk"
"maena.roust@edu.tbz.ch"|"s%dWVq-SSWqnu-oUSah6"
"nadege.carwithim@edu.tbz.ch"|"hmfF8S-UQiYSZ-mq1hIC"
"solene.geyton@edu.tbz.ch"|"j#mgs%-UNOiXf-Opb#1&"
"dafnee.avraham@edu.tbz.ch"|"WA1w#3-8b#htd-91ybwY"
"leane.woolvin@edu.tbz.ch"|"I6XSHM-XVIuUi-7GnftT"
"adele.macadie@edu.tbz.ch"|"WRn0aj-&ZKVPf-nkMUg5"
"meline.rubica@edu.tbz.ch"|"kBF1a1-u5sRcq-rr4P50"
"marie-noel.speeding@edu.tbz.ch"|"%ev$jA-8HgD6x-D6l3gf"
"nelie.mix@edu.tbz.ch"|"NLjESa-zanwL4-FtRuP%"
"clea.ollett@edu.tbz.ch"|"Ywrcs4-pJGDIl-nP2G9i"
"leandre.mcgavin@edu.tbz.ch"|"WJ$Zy1-0spY$v-YT@njs"
"cecile.behne@edu.tbz.ch"|"7n6$ib-41a#1c-BbXcim"
"melanie.polle@edu.tbz.ch"|"izxOo1-bQRRuk-aJmfe8"
"marie-josee.titmuss@edu.tbz.ch"|"G&HdDH-xA#79T-PS&QOO"
"helena.guest@edu.tbz.ch"|"ZQzsT9-DRQ%t4-yfuWd%"
"annotes.chicchetto@edu.tbz.ch"|"9Usieu-RvJKAn-N7qo&#"
"melia.tubb@edu.tbz.ch"|"8$OKnZ-hWSCmy-itG5tu"
"angelique.casetti@edu.tbz.ch"|"iN1E2I-cMI$Zs-jAnc5c"
"cunegonde.cleall@edu.tbz.ch"|"DZoCbt-5#lPp3-7plHtW"
"camelia.oaker@edu.tbz.ch"|"gOaPxG-onW2fJ-WlGt$w"
"you.searight@edu.tbz.ch"|"Qxq#Y1-I64xge-9PL7N4"
"kevina.dederick@edu.tbz.ch"|"wW4E7D-N74JCt-3h&@l1"
"milena.jeffrey@edu.tbz.ch"|"X5@rs%-TpAksS-eZFUnr"
"melodie.barkshire@edu.tbz.ch"|"Eh9its-#DkiIm-rcKKko"
"gaelle.kreutzer@edu.tbz.ch"|"35GPl6-7TgQtA-tF1uPY"
"kalliste.kleinpeltz@edu.tbz.ch"|"LwwnNH-ms#efD-rqQLVg"
"clementine.danat@edu.tbz.ch"|"A%%lp@-jbXrYn-WyCM64"
"andrea.wabb@edu.tbz.ch"|"bZaeGJ-FyJDIl-06ZUJ%"
"geraldine.piesold@edu.tbz.ch"|"e#sPzi-JJO0Ga-eBbwNS"
"tan.fiveash@edu.tbz.ch"|"gP8po0-4Zw1SU-n3Am#c"
"meline.yuranovev@edu.tbz.ch"|"&4Q80b-s5wj7v-vW$dQ4"
"therese.holme@edu.tbz.ch"|"uvQZg9-pPoa1$-U4iFF4"
"salome.vaney@edu.tbz.ch"|"v#6Wny-p4OG7k-ED5#J#"
"anae.abramson@edu.tbz.ch"|"auMG0x-reO%ax-H1nVaJ"
"kalliste.jimson@edu.tbz.ch"|"rljhCz-@nEMwo-m2o@UD"
"selene.yole@edu.tbz.ch"|"W9UWCO-E95GTn-gERquW"
"agnes.defraine@edu.tbz.ch"|"QKK&Xq-7HncQ#-YL04Dn"
"faites.mccluin@edu.tbz.ch"|"nnqkLO-es1zch-wUE32Y"
"athena.deme@edu.tbz.ch"|"tjPtnB-TH7KV#-K302iN"
"daphnee.brigstock@edu.tbz.ch"|"qB1Rrb-A7x$Kf-rhx16t"
"goesta.skaif@edu.tbz.ch"|"7OWAbI-8TarTV-1Ksi&&"
"oceane.jagoe@edu.tbz.ch"|"A2MQGF-M#%My@-n3NqvH"
"annotes.broomhall@edu.tbz.ch"|"lYkOn6-E&t5PI-63UtmV"
"marie-eve.ballendine@edu.tbz.ch"|"#jFK7O-fD2mSF-x6Y3f4"
"melina.spykings@edu.tbz.ch"|"PgCmUJ-ffmVaX-xD$c%V"
"laurene.ticehurst@edu.tbz.ch"|"C#KKEn-$K0akn-5WmsWm"
"fei.avramovic@edu.tbz.ch"|"UmuZrT-dCaPay-T8skZ4"
"publicite.strathearn@edu.tbz.ch"|"xW&dLT-UKrqZL-i4WtwG"
"torbjoern.garrow@edu.tbz.ch"|"3Yn318-kTbOhA-eLWAHa"
"chloe.rubinsztein@edu.tbz.ch"|"QaD11M-tvL2#2-%OtS$8"
"mylene.demanche@edu.tbz.ch"|"ioOk8I-pXyZKp-JV8z8m"
"mediamass.godlonton@edu.tbz.ch"|"78ZEd@-I3g0VT-mcHNb7"
"renee.shurrocks@edu.tbz.ch"|"8$AP9E-mQKD5L-quPbbS"
"maiwenn.jedras@edu.tbz.ch"|"WEVEBL-U7Vc&4-@yjXzv"
"genevieve.castells@edu.tbz.ch"|"XecG@f-KKnBr1-DwU05Q"
"renee.sneden@edu.tbz.ch"|"PIpWK0-BfdUIy-1Ti@%y"
"lai.mccallion@edu.tbz.ch"|"@ssa6l-Qo9i2i-7jOMT9"
"kevina.impleton@edu.tbz.ch"|"qSlW32-KJVexk-c2Sm1q"
"oesten.fresson@edu.tbz.ch"|"Y90lNf-RIpqBP-uveaFz"
"verane.shawley@edu.tbz.ch"|"kU0VIS-ZlEFQu-y1iVkc"
"uo.sjostrom@edu.tbz.ch"|"f&MMxC-WoPamd-HAk0m7"
"gisele.gothup@edu.tbz.ch"|"h2rUoQ-VvAFdI-348mmD"
"renee.beauman@edu.tbz.ch"|"ryDSd3-XVGyAp-J1EtcR"
"elies.loton@edu.tbz.ch"|"82#e8m-t#OibZ-IAbHSD"
"valerie.elsmore@edu.tbz.ch"|"NfLqn3-WgCoc4-qGuDdC"
"berangere.delafeld@edu.tbz.ch"|"98a6jI-j6dxUW-IdX76O"
"bjoern.schimke@edu.tbz.ch"|"vlkAdj-YGsMv0-IAM0AS"
"loic.ericssen@edu.tbz.ch"|"N2lUzM-eSmsJI-ldYT4%"
"creez.richarz@edu.tbz.ch"|"0fT$98-bdn002-W25q8V"
"athena.grocott@edu.tbz.ch"|"NNwCxA-0iz056-coAnN#"
"naelle.piotr@edu.tbz.ch"|"DVtgR5-yfPNO9-yZgEBp"
"maella.paulson@edu.tbz.ch"|"tfL4vd-yL%7#2-7W2Yv#"
"song.perot@edu.tbz.ch"|"mFFD$L-ADDz8c-UOws$m"
"kalliste.heckney@edu.tbz.ch"|"aX##xK-Pg@6Su-We3KQI"
"ake.vasyutkin@edu.tbz.ch"|"CQWLXU-EdA4zv-3tsmN1"
"ma.castles@edu.tbz.ch"|"C9AAWz-6#VXO7-MXsQiQ"
"maely.monget@edu.tbz.ch"|"vULE0c-BW56Xv-TqCJOG"
"tang.durbridge@edu.tbz.ch"|"#QJZG8-xYlSZL-nGw7ai"
"laurene.andrew@edu.tbz.ch"|"syn%YV-2UYPnD-t5AMRa"
"lysea.beacon@edu.tbz.ch"|"%ug4lz-LE0QeT-PfE0vr"
"leandre.peyntue@edu.tbz.ch"|"576Qdr-81SeIU-8USH@U"
"rao.trever@edu.tbz.ch"|"jxnD98-7mV%LO-K2f1Fj"
"mahelie.streader@edu.tbz.ch"|"imWUJZ-uxLMzv-1g$ON7"
"maerta.andrejevic@edu.tbz.ch"|"eomz%m-&zsZ6y-R$Ww1I"
"goesta.tompkins@edu.tbz.ch"|"QzY@gp-VXmvu5-L5dXQ5"
"helena.agates@edu.tbz.ch"|"ItDGFW-F4g%UC-FWlz1i"
"therese.glass@edu.tbz.ch"|"s@xC8V-P@m42m-rwtH9L"
"alois.foan@edu.tbz.ch"|"5Ss&vl-15SH3Y-KetBmX"
"becassine.melchior@edu.tbz.ch"|"aEhk#b-hWC6Lk-R#gCav"
"cloe.robart@edu.tbz.ch"|"FD#Kbb-V8MukP-qW%$UU"
"daniele.puckinghorne@edu.tbz.ch"|"aIlOiJ-g@sTXa-T@OU7v"
"selene.cammidge@edu.tbz.ch"|"C@uO43-X03iLj-8oN5D$"
"regine.conochie@edu.tbz.ch"|"iEE7fu-iJBNGb-DePx@D"
"interessant.tuiller@edu.tbz.ch"|"1ZDfPH-aQNOG9-jciSpj"
"long.tiebe@edu.tbz.ch"|"zpECWc-he@3py-lbG@NB"
"mans.yele@edu.tbz.ch"|"s5HI5p-U9rose-W&&GLH"
"ai.giles@edu.tbz.ch"|"E4IszF-dWsgqK-sqvm86"
"gaetane.hamberston@edu.tbz.ch"|"j909q8-PLc3DR-hMIcKF"
"marylene.fenix@edu.tbz.ch"|"9ACDM&-A6%npx-oaMBXE"
"geraldine.graeme@edu.tbz.ch"|"b4b6oa-S0EY0U-t$JRK%"
"tang.kinglake@edu.tbz.ch"|"JaD4b8-P@$$3b-YvX9pI"
"lai.challoner@edu.tbz.ch"|"92y927-Tgb4wr-aOI7GG"
"desiree.mattei@edu.tbz.ch"|"&lk@0G-MILK#V-v9zbBl"
"ake.erley@edu.tbz.ch"|"rYUUhn-F1JTVK-8ngy8$"
"edmee.cavil@edu.tbz.ch"|"zmQvql-Hvau2%-aVq$dJ"
"alois.moyes@edu.tbz.ch"|"w&obmj-@x0Wpq-ZsiNg0"
"becassine.pitman@edu.tbz.ch"|"QAd#LM-HJ@82s-uAwi#@"
"ai.giacovelli@edu.tbz.ch"|"nfVjKp-ZLyCL&-2$aRYH"
"judicael.fruchter@edu.tbz.ch"|"o0prj2-eYhe4d-xTHyAN"
"mans.mogg@edu.tbz.ch"|"TxgwFc-sv5iPs-8Tr0Ni"
"gerald.foyle@edu.tbz.ch"|"bti%5w-#2@d1B-66zonv"
"wa.androletti@edu.tbz.ch"|"&oSQ&j-zzoTik-%O4Gz@"
"meng.ollett@edu.tbz.ch"|"yr4UbN-cjlVXz-i6gLI7"
"naelle.macmenamy@edu.tbz.ch"|"25x9fd-1gnJOZ-D$x7bC"
"gisele.mcramsey@edu.tbz.ch"|"Co@gkr-$lA76%-E1uKMw"
"meryl.scolts@edu.tbz.ch"|"j8TctV-4pZSvU-YEDyi4"
"celia.bloxsome@edu.tbz.ch"|"QTiz99-@q1u%f-iGTaaq"
"styrbjoern.stuke@edu.tbz.ch"|"3QQ2ZR-DGpS0&-6TRtwA"
"felicie.gwilliam@edu.tbz.ch"|"&9tLDJ-I7T4My-yq4le8"
"da.harms@edu.tbz.ch"|"IHW7am-5ZDgM3-aDUWK$"
"celestine.baulk@edu.tbz.ch"|"Pg6fsa-z7XdlR-djt3CZ"
"mahelie.blackledge@edu.tbz.ch"|"40dymu-LOP$NP-6hADAP"
"meghane.salt@edu.tbz.ch"|"mf%saA-t#Qwnq-oQa9Hm"
"methode.paxeford@edu.tbz.ch"|"PoUn3w-drZTsu-q$&aSp"
"asloeg.milligan@edu.tbz.ch"|"NTOvDp-KxCLAe-In0B0s"
"you.pellman@edu.tbz.ch"|"dcsGs@-23dwA@-MvBdxs"
"loic.regenhardt@edu.tbz.ch"|"Ug&k2V-4Jk2yP-KBqdQ7"
"daniele.savill@edu.tbz.ch"|"wxBj3p-M@l$qC-LnoLbq"
"alois.cornu@edu.tbz.ch"|"WZ4GR$-YCU14%-oaagWt"
"oesten.govey@edu.tbz.ch"|"baITfA-Ul28cG-KFizvA"
"marie-eve.louch@edu.tbz.ch"|"IzdO0C-Roh6T%-LooUF5"
"theresa.wenn@edu.tbz.ch"|"eA6QlF-l%lssc-6zX#Mz"
"andree.eul@edu.tbz.ch"|"UnrIvj-Vh2I2W-joaUem"
"lie.paynton@edu.tbz.ch"|"Mt%Fro-#lO69H-byv5qM"
"marie-eve.girodier@edu.tbz.ch"|"Jq73mw-#a05#M-RYQeOD"
"marie-noel.smithe@edu.tbz.ch"|"uwCpfq-Exk@L6-2xzCG0"
"men.bootyman@edu.tbz.ch"|"ogAprh-AJHqN2-Rz$w3G"
"ku.sugg@edu.tbz.ch"|"&f7JSf-fjIQfW-Vo29km"
"lucrece.roseman@edu.tbz.ch"|"xx%&Hj-BZBUqu-XsGlRN"
"zoe.annear@edu.tbz.ch"|"2NHoWX-#LV8h%-CqsnFN"
"marie-helene.rennebach@edu.tbz.ch"|"nJ4YfA-la2NmB-Hz1fVD"
"lea.djurdjevic@edu.tbz.ch"|"He7rpc-92lTbK-agErLZ"
"goerel.robert@edu.tbz.ch"|"UyWqo0-0YLF8e-GM7SAA"
"mylene.foldes@edu.tbz.ch"|"OeWR5F-kdK&aN-p#lh5p"
"faites.clegg@edu.tbz.ch"|"VhvT95-$TvYK4-#VcMj#"
"marylene.crowcher@edu.tbz.ch"|"dgCR4e-Jhibkh-XyLV3m"
"aimee.wimpeney@edu.tbz.ch"|"@BF6Up-%HLt56-iR9LVl"
"renee.atkins@edu.tbz.ch"|"JZYzOx-bJBFU@-pri%Xt"
"rejane.cainey@edu.tbz.ch"|"YIhZHL-h&Ngg8-6L#tni"
"solene.britney@edu.tbz.ch"|"K4Tba2-#4oM#G-VudLaC"
"marten.shatliffe@edu.tbz.ch"|"mIFMct-%AvfQF-lwk1M&"
"maite.issatt@edu.tbz.ch"|"YWc4mZ-NFO9K2-Q1PAgI"
"maelyss.edon@edu.tbz.ch"|"&sDZ6N-e$1Jjb-56JfJg"
"nuo.bamling@edu.tbz.ch"|"5Rge6A-LvOSJ4-ERO$A%"
"anais.edards@edu.tbz.ch"|"bPvTgH-Ylp710-Cnln33"
"mediamass.bromet@edu.tbz.ch"|"Ok25Xt-c&&vrt-Uxml@y"
"beatrice.kimbrey@edu.tbz.ch"|"rb62T$-CYaEGh-alJe4D"
"ines.lawranson@edu.tbz.ch"|"HOm$do-6G#Sjk-@GM9DF"
"kalliste.scandroot@edu.tbz.ch"|"jTxz9K-L%mdDx-$Lg%4y"
"mans.barrowcliffe@edu.tbz.ch"|"2B6G&4-SBto5Z-g1pw@N"
"irene.couves@edu.tbz.ch"|"d%7K@J-GSUDIg-Tnd911"
"milena.mucci@edu.tbz.ch"|"Q8tCRx-rh1@U7-7T%CAf"
"naeva.cow@edu.tbz.ch"|"Ld7EKm-Cho4@A-aEIPaB"
"audreanne.mournian@edu.tbz.ch"|"7gPRgw-gkbO1w-R1Usr%"
"melia.sinnatt@edu.tbz.ch"|"&5hi%6-#@ev3z-OtXHGI"
"nelie.burnard@edu.tbz.ch"|"bPZbzd-1@J7Ie-kp6Vr#"
"clelia.ashfull@edu.tbz.ch"|"2jVaWZ-ppO8J$-x&fQBj"
"lie.macard@edu.tbz.ch"|"Ih0ur2-Powjb8-EespTi"
"valerie.matoshin@edu.tbz.ch"|"7MXOY@-t@fRMw-0#n8Lh"
"anael.hatherleigh@edu.tbz.ch"|"7flCFe-Wz3in5-jv&x#J"
"interessant.warratt@edu.tbz.ch"|"fw1TRw-$aiMYw-f&Nncd"
"eleonore.volage@edu.tbz.ch"|"vMrd$r-yeZbe0-0pisvN"
"zoe.stebbing@edu.tbz.ch"|"k@a3Kx-8e9cLO-1mCPNc"
"alizee.nye@edu.tbz.ch"|"6r5Yx&-I7b769-4by4iF"
"celestine.bramley@edu.tbz.ch"|"CweZCH-nc4xEY-H&i#jO"
"selene.philcott@edu.tbz.ch"|"5pPoi%-gO9ME1-e5kTap"
"tang.newens@edu.tbz.ch"|"GpqsrU-BSTbJs-@sl#AA"
"annotes.powys@edu.tbz.ch"|"VhAS@i-EFmFkk-JoXOWx"
"lea.matthesius@edu.tbz.ch"|"Xfhl7S-xw#ujG-W6$&kU"
"illustree.garlett@edu.tbz.ch"|"LCn9lW-bIwPM6-kHc&i3"
"maiwenn.meachem@edu.tbz.ch"|"lIz1u6-#O3N36-aIkuET"
"marie-francoise.mcbrady@edu.tbz.ch"|"DY&C5Q-PgE1xp-K321Na"
"illustree.gimbart@edu.tbz.ch"|"9eq99#-VVNKeL-R3H@lW"
"melys.lyosik@edu.tbz.ch"|"KjR7PL-K24@&&-R7sS0n"
"marylene.mcnab@edu.tbz.ch"|"%mWgHD-7ZLPnj-HRMZGl"
"gerald.blount@edu.tbz.ch"|"RLWcsm-d03s1v-8m@M#9"
"clelia.shakelade@edu.tbz.ch"|"JquMvh-OkAyNq-Bg4&$T"
"penelope.cridlin@edu.tbz.ch"|"Q2AMy#-pzd3K#-6#tUZQ"
"maena.okuddyhy@edu.tbz.ch"|"mGEAh%-zOJYDs-MWzZt1"
"athena.keynd@edu.tbz.ch"|"eGCKJ&-d#XJCx-A$FXTO"
"cloe.dwine@edu.tbz.ch"|"$b#tgg-xWG0Wh-gWSUMl"
"josephine.browett@edu.tbz.ch"|"uAkPMt-r%@yAK-dgVC8%"
"audreanne.oscanlon@edu.tbz.ch"|"B$OpAG-Dc8jQN-ND@v3%"
"fei.jeanequin@edu.tbz.ch"|"ty$cF9-AO4oWo-TtDuu0"
"lois.gormally@edu.tbz.ch"|"Gz6XWi-wIGB37-dn#ILe"
"marie-francoise.finnigan@edu.tbz.ch"|"KTeblG-dmMU92-QYz&$k"
"leonore.trussman@edu.tbz.ch"|"9&&3iw-C@N9DD-byfwAN"
"anaelle.trumper@edu.tbz.ch"|"q61bi1-&9sq5G-6yL&b8"
"clemence.dionis@edu.tbz.ch"|"cKyEol-nKpe0y-@9G4Dy"
"lois.tranmer@edu.tbz.ch"|"ywypFO-2viFtt-@l%6w2"
"interessant.volett@edu.tbz.ch"|"QwGwMj-aDeLj0-q3iFfO"
"personnalisee.deackes@edu.tbz.ch"|"8J9QRk-U2u##R-rvqhV9"
"lie.vasiliu@edu.tbz.ch"|"z@4JZ@-OTvaY2-2HyQML"
"dafnee.lamputt@edu.tbz.ch"|"px%c5h-JZ8rI4-rtVaJN"
"elies.bromige@edu.tbz.ch"|"5xNVPC-8#vdTa-VNrBY1"
"helena.klosser@edu.tbz.ch"|"BF$#Ji-YW2I4d-xrzV7D"
"andree.grim@edu.tbz.ch"|"LgXl@h-oEDLdn-pnOZlX"
"verane.coldbath@edu.tbz.ch"|"3XGC3i-0y#$M1-G0QAEo"
"helena.bethell@edu.tbz.ch"|"uQBy$B-YHb6YI-dVmmFM"
"kalliste.carefull@edu.tbz.ch"|"2eVEpp-kek0iM-gON9tt"
"regine.odams@edu.tbz.ch"|"t65suu-a$3%u7-gyggZH"
"len.stannus@edu.tbz.ch"|"4y@Y7Q-lc2Olg-SFYkkU"
"angelique.works@edu.tbz.ch"|"%3WsZH-OdGJ2E-H7pHuS"
"goesta.rheaume@edu.tbz.ch"|"#zYfV@-TY9Gl4-PEixOI"
"maelys.tynnan@edu.tbz.ch"|"iI5Lts-d00gIB-9uk1xu"
"maelle.carlesi@edu.tbz.ch"|"duZ%6Z-KGgzYB-UVmWf$"
"anael.spurden@edu.tbz.ch"|"siFqMt-PBv1PO-4l9D6F"
"helene.pumfrett@edu.tbz.ch"|"1ouCEo-HZx4Oo-v0v#rI"
"goerel.pearn@edu.tbz.ch"|"4YjEZ7-CO7eVZ-9#GEhS"
"laurelie.dezamora@edu.tbz.ch"|"OSTmi8-GZpRBi-s6wpA2"
"yao.twidale@edu.tbz.ch"|"QS8daZ-xc#0VX-8G9sFW"
"berengere.sola@edu.tbz.ch"|"#rGUJ0-#BMydC-w#Ay4P"
"maelann.hardistry@edu.tbz.ch"|"db9UUc-0bPKzB-kA2wCS"
"severine.littlefield@edu.tbz.ch"|"lmkjev-EPzeFA-emZxzq"
"salome.heinl@edu.tbz.ch"|"bTQczz-MfoEsH-CpOQQ%"
"meryl.warbey@edu.tbz.ch"|"m6FFSt-Nxg67g-Mf@5aB"
"da.hunstone@edu.tbz.ch"|"0zYN&Y-nXxAdI-hq5VbZ"
"venus.broadbury@edu.tbz.ch"|"owLdkg-eJv0Wd-h0w2P6"
"meghane.rentelll@edu.tbz.ch"|"SQUPXn-gBeNot-gvMKug"
"marylene.drewitt@edu.tbz.ch"|"xJZKFs-T37i0f-KKXb5v"
"melinda.jacquemet@edu.tbz.ch"|"JAcE5o-SzmWGw-juFCv9"
"marie-josee.keyden@edu.tbz.ch"|"Rm&48z-XKig&1-%$HH5O"
"asloeg.montacute@edu.tbz.ch"|"Gpk40c-TcrmpP-fU1Qf#"
"ku.andreou@edu.tbz.ch"|"#AojXR-kbKrZ7-nb2j1&"
"personnalisee.feaveer@edu.tbz.ch"|"l#fz2S-zdG&Em-s&cbH&"
"laila.emptage@edu.tbz.ch"|"BGn17d-aaTjsb-EgvnXq"
"bjoern.dawdry@edu.tbz.ch"|"Uu6x8o-%NsyIv-gpL2O7"
"marie-eve.dinsell@edu.tbz.ch"|"kN3vr%-mlEy0e-%HMg8B"
"helene.follett@edu.tbz.ch"|"q8I3Pl-EZ567H-n4Nl@#"
"penelope.cordero@edu.tbz.ch"|"SnGvc2-OoQ7Fp-vws2Uf"
"boerje.beedell@edu.tbz.ch"|"#AQLo#-SYcvNz-uISBN5"
"nelie.ferne@edu.tbz.ch"|"4zJdHA-L89Nlm-Uuwaok"
"celine.ahmed@edu.tbz.ch"|"R1oEeq-Jl6qE6-Df5E3r"
"stevina.pimblett@edu.tbz.ch"|"l4#FLt-w4xpq1-TQ$AGl"
"chloe.langlands@edu.tbz.ch"|"HMXT9m-L39eNQ-hBtYkh"
"simplifies.maude@edu.tbz.ch"|"D968hj-gj2P%q-el8G4C"
"genevieve.decarteret@edu.tbz.ch"|"w9x7hE-jr6NO2-o8L8AN"
"marylene.mughal@edu.tbz.ch"|"Ul1XfK-bbx0m#-6h6cQp"
"goeran.guttridge@edu.tbz.ch"|"LPdxaz-cBcHsW-kLm%B6"
"michele.smurfitt@edu.tbz.ch"|"pewCVo-uOh3@&-#Xo#RP"
"methode.hadeke@edu.tbz.ch"|"pDj%iu-8rHv5B-TsOK2f"
"therese.rispine@edu.tbz.ch"|"HFh2g4-oljS4i-xTQ0mo"
"goerel.plumley@edu.tbz.ch"|"CgTgmf-XCsppJ-ighvJY"
"oceane.friett@edu.tbz.ch"|"l59ewt-l#Uugr-BjOJqK"
"marie-noel.achromov@edu.tbz.ch"|"6oMocr-l$7J#n-397aDc"
"dorothee.storek@edu.tbz.ch"|"e0fb8B-o#gKAC-uVqTbC"
"goesta.whittle@edu.tbz.ch"|"@79c1$-1zyqMu-TFfmS1"
"desiree.casely@edu.tbz.ch"|"cdoCxJ-CdidE0-mbU8wo"
"felicie.condon@edu.tbz.ch"|"XuuHgF-SkW8q9-gwEDfU"
"maelyss.frisdick@edu.tbz.ch"|"vpZZq7-Pwn&8d-VV7E@M"
"aimee.banke@edu.tbz.ch"|"O$%PiM-&aCxK0-qbHS6G"
"naeva.hodcroft@edu.tbz.ch"|"XNfWFO-c11acg-k1yahw"
"laila.gerrans@edu.tbz.ch"|"ksWWxE-kVxRtz-%U&nvn"
"daniele.scrimshire@edu.tbz.ch"|"BzbCNu-Ui#DLX-1NaBGk"
"daphnee.sheerin@edu.tbz.ch"|"o%D0SB-8Iumjt-f3cHG4"
"pal.vanyukov@edu.tbz.ch"|"2Va286-qf4Ipk-kiS6@3"
"zoe.childs@edu.tbz.ch"|"af9RrT-iWoCYk-X38z&J"
"ai.corde@edu.tbz.ch"|"ox$0&&-h1jUd5-L2tXI&"
"maelys.berryann@edu.tbz.ch"|"0L8klx-@Fvarh-fB4Xo0"
"cloe.gladding@edu.tbz.ch"|"vJKDVU-LzV8U4-x7ye0k"
"wa.kinnaird@edu.tbz.ch"|"NFkXtu-Q7eSG#-5Nlz9i"
"publicite.brittoner@edu.tbz.ch"|"4wv%mA-UXUGC%-qtODFg"
"rao.windress@edu.tbz.ch"|"IgNLrz-pI7LIe-kROonS"
"uo.kollach@edu.tbz.ch"|"MZ3CAA-1tJ7n$-Jv0RqL"
"josee.peskett@edu.tbz.ch"|"@olUrx-uhLWbq-q4xdgo"
"annotee.hasel@edu.tbz.ch"|"ZFO413-WKyTO&-7c@WyJ"
"cinema.lee@edu.tbz.ch"|"FNynM3-G0Jnuv-OTqHnh"
"lai.vedeshkin@edu.tbz.ch"|"fiqdD@-rJUCzD-&bvDuU"
"renee.brisbane@edu.tbz.ch"|"a$WQGK-47rp99-1y9RQU"
"ophelie.blincoe@edu.tbz.ch"|"f$l382-yNqlGD-pY@D@s"
"zhi.prazor@edu.tbz.ch"|"W3@CsU-gFxDMu-NozOXv"
"annotee.maddicks@edu.tbz.ch"|"Fuf7MV-ltBdMO-ZRKU9g"
"maelyss.codd@edu.tbz.ch"|"ggThNN-No&@Se-Q%Enza"
"celia.peplay@edu.tbz.ch"|"SKb%oP-aI3&OI-3%wdZf"
"interessant.skone@edu.tbz.ch"|"r9Kk&8-r5Dci1-RQqHhn"
"audreanne.hebdon@edu.tbz.ch"|"iKG%pt-NRHTH0-rb8fv%"
"oceane.glen@edu.tbz.ch"|"qwfqNO-P48rBB-vMEbzK"
"daniele.vanyushkin@edu.tbz.ch"|"@w8ysD-ABwk@b-cvBSQE"
"daphnee.ayce@edu.tbz.ch"|"V4bPWi-@gSplq-8K#NIq"
"andrea.attride@edu.tbz.ch"|"OR8@U%-Zqm5P$-DS7PhF"
"penelope.bridgwood@edu.tbz.ch"|"nHXq%i-LiiGWk-n@pVhS"
"mailis.drewitt@edu.tbz.ch"|"aDuwhn-0G4o08-cPOQqf"
"penelope.mollene@edu.tbz.ch"|"XKr01B-V2O336-ImD7Fq"
"illustree.keely@edu.tbz.ch"|"eprZLh-Rp#EYW-wMb8BV"
"meng.brisseau@edu.tbz.ch"|"KKf17U-YlkNNB-j#EZje"
"ruo.cleiment@edu.tbz.ch"|"7RyyTi-stPNgf-7SHv89"
"maite.krammer@edu.tbz.ch"|"RNsW7I-rqDM#u-o4wkH&"
"genevieve.verry@edu.tbz.ch"|"Yi%R#6-&4ElZR-luUvR$"
"lea.olochan@edu.tbz.ch"|"D9Vqrr-$DgUko-Hdw%3i"
"naelle.brunnen@edu.tbz.ch"|"E6amOI-thBrok-tLXquV"
"goesta.bragginton@edu.tbz.ch"|"3by#o8-HwQ$@U-INeYmH"
"fei.danilyuk@edu.tbz.ch"|"JnWGHv-cn9NzT-M1ET4l"
"adelie.turbitt@edu.tbz.ch"|"qkmRV7-iyx2q&-l8&KQi"
"marylene.nutman@edu.tbz.ch"|"jNniuy-elEYVn-XUMDsL"
"therese.barbrick@edu.tbz.ch"|"SAs6h8-U&qld3-dAO2UN"
"melys.kolodziej@edu.tbz.ch"|"fZxosi-AsAmXS-kq1qdk"
"melanie.runchman@edu.tbz.ch"|"u4a6Cd-KPc9wC-CNf$W3"
"serena.lafond@edu.tbz.ch"|"3MLz4x-mDm90j-#ggq7X"
"pelagie.desmond@edu.tbz.ch"|"wAX912-%nt0$I-doAz#m"
"wa.spickett@edu.tbz.ch"|"5pPsaE-KwrB$v-NQfuF3"
"po.shave@edu.tbz.ch"|"SteHGd-NA6B1z-zuNbH8"
"song.huikerby@edu.tbz.ch"|"jrgb08-994Dvf-9rP@2T"
"melinda.bimson@edu.tbz.ch"|"%xNx0Y-HVoc0Z-o8fL%M"
"personnalisee.toffanelli@edu.tbz.ch"|"jSp1dV-QusPUm-Toq%jG"
"leandre.hurn@edu.tbz.ch"|"0J51bJ-mtSSLi-8N1ltr"
"oesten.standell@edu.tbz.ch"|"35C9jA-LXto2v-W8ZzPa"
"naelle.smaleman@edu.tbz.ch"|"gZMPbf-OwttLp-VyezvU"
"berenice.tayt@edu.tbz.ch"|"KgYgX8-xl@OD6-WCAGuG"
"kui.popplewell@edu.tbz.ch"|"&ETvnC-39gAkr-xUbEEN"
"melodie.ferandez@edu.tbz.ch"|"GxZv3H-Hqe$jK-JExXfJ"
"josee.negal@edu.tbz.ch"|"MVxXWO-O9w1WZ-uzKgKg"
"melissandre.ferrelli@edu.tbz.ch"|"96YAEX-swm8ea-VyHbDG"
"josephine.kemmer@edu.tbz.ch"|"@oEazT-QB0qnW-BrAdf8"
"maely.cayette@edu.tbz.ch"|"FyYAsW-JLG3rp-efMvSB"
"nelie.vela@edu.tbz.ch"|"WPIUm&-QK7Stj-ACqTMD"
"melina.cortes@edu.tbz.ch"|"ZmKMU&-dv9vr4-4Ic4xr"
"megane.leyshon@edu.tbz.ch"|"XVKOM8-s8&E7v-VwuK6t"
"regine.harrie@edu.tbz.ch"|"X&tsBc-jQedjb-NzCtTQ"
"mylene.widdison@edu.tbz.ch"|"uCTP7r-yIvFGG-6fzrYa"
"pelagie.vivash@edu.tbz.ch"|"jm4RA1-ZfjUnV-WYk35f"
"styrbjoern.vicarey@edu.tbz.ch"|"gc9LIf-rGDx5d-1B&5iH"
"long.kyles@edu.tbz.ch"|"OKakn&-NEENw5-A9Sfpe"
"stephanie.gipps@edu.tbz.ch"|"4P7aPK-33WUX2-b6lfXJ"
"clea.constantine@edu.tbz.ch"|"JN4BKg-Lw3dTS-DEy@P6"
"maella.cometto@edu.tbz.ch"|"z7MYi7-N3pcjD-DrjGpL"
"laila.aubrun@edu.tbz.ch"|"lg1j5o-w&9Dby-olG5g2"
"yao.austins@edu.tbz.ch"|"Mt@R%F-1CfmpP-lDU7XG"
"mailys.rylstone@edu.tbz.ch"|"Wg8UcU-c3pIkJ-MXC5Uo"
"adelie.curuclis@edu.tbz.ch"|"h&J2CR-%qbHjX-Yyac8G"
"celine.longhurst@edu.tbz.ch"|"X0VEqz-tmuO4M-A%9IxO"
"gisele.hazell@edu.tbz.ch"|"kMePDY-EZcV4e-2t1SUL"
"celestine.ciccone@edu.tbz.ch"|"mr2O@d-Ktid$j-EdEsAd"
"maelyss.doole@edu.tbz.ch"|"6i%KNn-oxB#2a-&GvWOW"
"helene.grimsdike@edu.tbz.ch"|"d0cr1F-ur27QC-VEpPe0"
"lie.macer@edu.tbz.ch"|"TIooPZ-rmGr&B-fUxcXL"
"maely.izard@edu.tbz.ch"|"%4kony-TEiswW-KrU2Tb"
"erwei.breewood@edu.tbz.ch"|"keCeGt-B5$tqQ-3xX3$H"
"chloe.woolford@edu.tbz.ch"|"g62hM1-nstvrm-QbvzVC"
"cleopatre.turpin@edu.tbz.ch"|"9Nv6cx-7lrM4z-mFAlEp"
"melodie.surgison@edu.tbz.ch"|"NY4kI@-r&ykKw-ijTj%s"
"elies.leander@edu.tbz.ch"|"bIQsun-Ykzev9-o6quey"
"mediamass.reignould@edu.tbz.ch"|"1%syeN-nGHNJw-G%6kcE"
"celestine.wasmuth@edu.tbz.ch"|"ZyoeZZ-kuL6hy-kYK0xL"
"marten.jervis@edu.tbz.ch"|"uUB#TP-Ih6Yh&-QtIdOj"
"daphnee.bour@edu.tbz.ch"|"EvMmE&-HVFcC1-J0ILM9"
"regine.harlett@edu.tbz.ch"|"NFJfKc-#uorWw-B6hQ0l"
"noemie.macaskie@edu.tbz.ch"|"Q#%V#C-7OAQUt-itzuYh"
"loic.renfield@edu.tbz.ch"|"KwfHhm-@XZHgr-gvQuy@"
"venus.kleinert@edu.tbz.ch"|"WXdqWk-Q89ux7-PUh%fx"
"marten.burlay@edu.tbz.ch"|"5j6QuR-QKo%v8-#Nfyxg"
"berengere.radsdale@edu.tbz.ch"|"Mj5wwf-tzAvZ#-2P$pKb"
"genevieve.duckit@edu.tbz.ch"|"TBVAVe-NAiETo-ouAfL@"
"maely.ligerton@edu.tbz.ch"|"vBz9ka-csbyx1-V7iIGW"
"maeline.ricciardelli@edu.tbz.ch"|"xW&QO$-iPVyVn-iYWt67"
"personnalisee.yggo@edu.tbz.ch"|"YLi3R9-X4LOx4-2&4KRW"
"alizee.pettinger@edu.tbz.ch"|"@gFUIq-6c0C3S-1h1bfY"
"desiree.curnnokk@edu.tbz.ch"|"rXyS$#-3wYt$K-E8BCqj"
"dorothee.minors@edu.tbz.ch"|"w1&&vB-BtY7ib-4%FT5o"
"oceanne.kopmann@edu.tbz.ch"|"tZUgD9-lwhjA3-b8iu1c"
"almerinda.brodbin@edu.tbz.ch"|"kcNvyC-LhxNjn-WK&25j"
"yenora.carsberg@edu.tbz.ch"|"v6x1bj-NAN&0e-WTug8q"
"wa.beetles@edu.tbz.ch"|"UPv%Q4-gfZqF9-FhADze"
"audreanne.abbot@edu.tbz.ch"|"9oC#y%-cR1XVc-q$IXXt"
"noemie.capper@edu.tbz.ch"|"fV3m@c-41Lb%c-bs5pnY"
"mans.abramamov@edu.tbz.ch"|"wKcmNd-zV#E1h-SxenF6"
"audreanne.blakey@edu.tbz.ch"|"Mv#aX%-CYY2Ce-l2E3wk"
"leone.klimpke@edu.tbz.ch"|"lCn5%Z-P&D9rT-9K7ajg"
"lie.croston@edu.tbz.ch"|"yQ%aSb-OTnEZ6-Bm7eC7"
"anaelle.baistow@edu.tbz.ch"|"mx0D7A-@Jdl@3-JyOQB3"
"michele.garwood@edu.tbz.ch"|"XB&M@#-LXF6KH-f#oIb4"
"interessant.albion@edu.tbz.ch"|"0f9o53-L0QacA-%eEmjN"
"andre.brisco@edu.tbz.ch"|"gbUPME-NQ2j%D-o7L8%k"
"tang.totterdill@edu.tbz.ch"|"A1vI6L-wVgbIa-@Kd&V7"
"marie-josee.braundt@edu.tbz.ch"|"SE$ije-BK6Xgp-oYha4D"
"lois.galer@edu.tbz.ch"|"m2cIZp-XlyKQm-QXH4mT"
"faites.pellamonuten@edu.tbz.ch"|"IHPQJ%-THgzsl-M7y#3B"
"mai.barfford@edu.tbz.ch"|"bb#Igs-izNDjd-BgK%j9"
"laurene.macilory@edu.tbz.ch"|"S%GA4W-CyrGEs-qFke3c"
"elea.peak@edu.tbz.ch"|"%I1ibw-viLPYd-GhG&qK"
"rejane.doni@edu.tbz.ch"|"H9Mv$q-5iTDO9-YujmBI"
"mahelie.ector@edu.tbz.ch"|"ViX0@L-QEoYQ8-JH3jm0"
"rachele.allum@edu.tbz.ch"|"RnAUph-J7603f-O7nsyI"
"laila.gerretsen@edu.tbz.ch"|"@or@@@-VSRcnx-d9fIv2"
"ines.bowman@edu.tbz.ch"|"&2EZ9s-NBncQG-IEb5kg"
"publicite.barbary@edu.tbz.ch"|"@2J1r&-1PaGZc-r5%KfM"
"mailys.smooth@edu.tbz.ch"|"OueWNT-m&tqC%-MNK9yO"
"mailis.huguenet@edu.tbz.ch"|"$q5lGv-NPlLkH-ezg3RF"
"lea.ewer@edu.tbz.ch"|"lJkUdZ-C8exk3-KiapGk"
