"email"|"password"
"melodie.vandervlies@edu.tbz.ch"|"kmYv3o-95Fr3@-RhiGp4"
"angele.edgecumbe@edu.tbz.ch"|"8XF6r@-MHWmnW-ImdmDH"
"zhi.andreasson@edu.tbz.ch"|"6cYiwk-xfDtDG-nhwlpO"
"judicael.koppeck@edu.tbz.ch"|"YQRCkB-OYYgEn-jnGR8M"
"berengere.capron@edu.tbz.ch"|"&BU1Mb-#uIwIN-1wMWw4"
"leonie.brosini@edu.tbz.ch"|"W9HUTu-xYc9XR-JKVJGE"
"venus.garfit@edu.tbz.ch"|"q5kaDy-M5cbrx-aDxNo9"
"melina.janota@edu.tbz.ch"|"WSpaxY-QsDS@5-oLqopt"
"laurene.bake@edu.tbz.ch"|"T4jB3Y-dxUZX7-&w5cu1"
"regine.dorkins@edu.tbz.ch"|"X5oq9q-XpH5aL-NF#1EL"
"cecile.moffet@edu.tbz.ch"|"@gQ7Ik-StceSA-2cVvQ8"
"maelann.labrone@edu.tbz.ch"|"lIqFEQ-FIy6e7-C2Ctkd"
"melinda.newbold@edu.tbz.ch"|"fi67Qd-s3O8vp-oX4s%2"
"mans.itzhak@edu.tbz.ch"|"U$tBsS-89dsFf-I0Hc#I"
"melodie.pattlel@edu.tbz.ch"|"ltIAi4-fgS74e-UnMUVv"
"celine.bonett@edu.tbz.ch"|"TbZgFL-UviF3O-PjydKX"
"adelie.mcgreal@edu.tbz.ch"|"GtZfzO-pMeilH-m42V&3"
"helene.soldan@edu.tbz.ch"|"%xo4$$-rrOS3I-M&Jyoy"
"michele.cluer@edu.tbz.ch"|"Bnaa7V-xKAZPY-0QP5Ew"
"maeline.mueller@edu.tbz.ch"|"M0i7z2-6ZarKB-NLFNB1"
"maelann.benedito@edu.tbz.ch"|"q79FYR-SOiU28-n1WuG$"
"nuo.gransden@edu.tbz.ch"|"%CT7iU-oOqRm#-k&q%aJ"
"berengere.stainton@edu.tbz.ch"|"@lzmhd-XGNx25-MlZhqS"
"wa.sabater@edu.tbz.ch"|"dYEmsT-@snEhs-ow2pBO"
"anais.cochran@edu.tbz.ch"|"Cqtagx-om@$Ie-DOqc@&"
"gerald.bessant@edu.tbz.ch"|"VeZ05&-odjmdH-Vyrpws"
"ruo.coffin@edu.tbz.ch"|"$8lqL3-07P9rX-HU6RFc"
"melodie.mustill@edu.tbz.ch"|"OWQH%p-qHsODz-QWY5Dm"
"ruo.stanesby@edu.tbz.ch"|"QlMoAI-$bYS3h-2s9YlG"
"noemie.antognelli@edu.tbz.ch"|"r&XKO%-TuvkuE-1FkAML"
"maelann.hughson@edu.tbz.ch"|"Yv5g$&-x&KOfq-X$F48Z"
"milena.mieville@edu.tbz.ch"|"OKue9Z-2F$W92-dug2Hh"
"mailys.chamberlin@edu.tbz.ch"|"Jfkk6Q-EP18pp-36h8y1"
"nadege.tomalin@edu.tbz.ch"|"6iMCdu-A$QST#-Jpts87"
"oceane.omara@edu.tbz.ch"|"hlm0fU-54cr79-f8OLQs"
"cecile.aguirrezabala@edu.tbz.ch"|"ie5$Ij-oLefM0-UHRqlI"
"maella.gwillim@edu.tbz.ch"|"QPMnU%-Z4Hzov-5xV$cR"
"lea.mcgahey@edu.tbz.ch"|"6WrzgI-iYtR%%-pAV6@X"
"laurene.hagerty@edu.tbz.ch"|"0QB&ms-sI%GmM-w%3%kz"
"dorothee.link@edu.tbz.ch"|"Cnspl@-GgD8au-NN&X@I"
"clementine.kynsey@edu.tbz.ch"|"6jpkKF-Y&iqEE-DYKjd7"
"lorene.smitherman@edu.tbz.ch"|"AEYS@U-x%asXt-itZS31"
"cleopatre.klulicek@edu.tbz.ch"|"qg%3X1-Hz32ra-jzuszq"
"laurene.castaneda@edu.tbz.ch"|"esyTIV-KqfxnO-$MdW%@"
"melia.constant@edu.tbz.ch"|"90dxCj-iA3mC$-cRLxMf"
"lucrece.clunie@edu.tbz.ch"|"sUZu$v-f2%UwK-pRGTeh"
"eleonore.mcmurthy@edu.tbz.ch"|"ZuZnLQ-DcGqSI-hR2sJ@"
"melia.bevar@edu.tbz.ch"|"FjYwpg-ixGUYs-0oWypf"
"camelia.bontine@edu.tbz.ch"|"E88Gfh-pr4vMy-1Z2udo"
"methode.jozefczak@edu.tbz.ch"|"UTCL$C-VwlTDR-#&5v77"
"audreanne.hinsche@edu.tbz.ch"|"0Xfb7N-&NlMOV-dknM4i"
"andree.varne@edu.tbz.ch"|"xw8GkU-m6uh@I-k%M#kn"
"marten.kinleyside@edu.tbz.ch"|"@RLI7%-0FR8t3-2HxoM@"
"esteve.mcewan@edu.tbz.ch"|"GcBpQW-eW7JOV-cN8lmC"
"leane.dibbert@edu.tbz.ch"|"qK83lt-tJijIR-Ylj8A%"
"ma.thewlis@edu.tbz.ch"|"TR4MyY-tyUIWL-sFJUC5"
"clea.djurkovic@edu.tbz.ch"|"9rkgb2-e%qf7R-PpLKZo"
"rachele.reburn@edu.tbz.ch"|"p4DnFJ-4wbkWW-tlqnLF"
"gerald.gowling@edu.tbz.ch"|"0d20WU-RW9WCy-QAHbjG"
"cleopatre.jackson@edu.tbz.ch"|"M0d&y%-BCM17z-jGLoRN"
"desiree.haskins@edu.tbz.ch"|"o%j&0E-N4sR0f-qD83Tb"
"eleonore.longson@edu.tbz.ch"|"hbLOC2-&NHljW-bJDHAN"
"leane.dybell@edu.tbz.ch"|"KbIJOK-ho78lK-b#h2RT"
"becassine.grzesiak@edu.tbz.ch"|"e8WSqD-SWDR%#-ytNzzG"
"marie-josee.pickin@edu.tbz.ch"|"nNR86O-D@1R%a-@XAyv4"
"marie-josee.roxby@edu.tbz.ch"|"#o4CN6-G6iUX%-qdlqZ2"
"leonie.feenan@edu.tbz.ch"|"6Mvv%j-C@Wf$R-kcPGDe"
"valerie.ellum@edu.tbz.ch"|"N##iKA-CL&Yqk-5yvVXQ"
"ju.caseri@edu.tbz.ch"|"Ts7g52-lbSUJN-xeenG9"
"boerje.strangman@edu.tbz.ch"|"H7urpa-ivLRCD-DZJ&UH"
"beatrice.ghidelli@edu.tbz.ch"|"bHqIi5-5RnLuw-aGnTXa"
"da.jablonski@edu.tbz.ch"|"cc3B7i-6wQUZd-QHlCdG"
"uo.beveridge@edu.tbz.ch"|"K1X6TD-@8PGsM-a4zZtT"
"valerie.bestman@edu.tbz.ch"|"%spIOq-2L1mGb-$KOW&K"
"marlene.pohls@edu.tbz.ch"|"Dv6MlR-BoGYNB-O4OTOG"
"ma.nolda@edu.tbz.ch"|"aWn$c@-qO80QU-BZ@0ak"
"marlene.bisiker@edu.tbz.ch"|"6RZ5gS-VZ9$in-fJNKZz"
"estee.babon@edu.tbz.ch"|"%7CDsi-ytAfXd-eEWtPG"
"simplifies.dmisek@edu.tbz.ch"|"1T2JKD-C8MCon-o&5APK"
"selene.ganing@edu.tbz.ch"|"Y6gHhX-46cuzg-AB&50D"
"meryl.penke@edu.tbz.ch"|"55iP#2-jZIcfL-Y%ZPoh"
"anais.rawcliff@edu.tbz.ch"|"XrIwnA-e%4g2k-gmrxqJ"
"melina.andri@edu.tbz.ch"|"E5e76g-gmem&c-1EVC$&"
"audreanne.fodden@edu.tbz.ch"|"$fRri5-9cGvxZ-ihKjhY"
"bjoern.spellesy@edu.tbz.ch"|"wHZ&rz-N3RUE#-nJzJA6"
"francoise.summerscales@edu.tbz.ch"|"cmdvWQ-9fQoQe-zWfCOJ"
"laurene.ashtonhurst@edu.tbz.ch"|"AYgfoV-uhi3tb-DSN2W$"
"valerie.petters@edu.tbz.ch"|"god8N#-NMU6ox-OkVCHr"
"anael.spenclay@edu.tbz.ch"|"Ccp6R0-jcjkpQ-2w1xcO"
"stephanie.keech@edu.tbz.ch"|"7RIWio-q7Kw%4-mbD$@j"
"ines.deveril@edu.tbz.ch"|"oXmH&x-nQPVyQ-OcN0%d"
"berenice.gelder@edu.tbz.ch"|"2Wc$wJ-Uab%Vo-kgOMtI"
"melanie.ofogerty@edu.tbz.ch"|"FrbxDn-yeLH0O-BQk@cp"
"frederique.canepe@edu.tbz.ch"|"7nI2aL-lNxSc6-cNh7zT"
"nuo.otton@edu.tbz.ch"|"Pbr#TZ-ySLP4g-ICUp$%"
"genevieve.trusler@edu.tbz.ch"|"g&yGtX-hiSD0%-RnzDa8"
"ju.boag@edu.tbz.ch"|"Gz3SKd-IhIKfz-lRl$hK"
"josephine.dilucia@edu.tbz.ch"|"La@Tac-Fro5y2-6139#d"
"laurene.armsden@edu.tbz.ch"|"cEvYdj-DxJGWN-yQ1xmF"
"becassine.griffe@edu.tbz.ch"|"ZQE5Ks-OfV&d9-Lazb78"
"alois.parres@edu.tbz.ch"|"Wq0k%N-vg&1#c-4RAKYJ"
"cleopatre.gaffey@edu.tbz.ch"|"f&izi8-o@@y%7-h#Y$33"
"andre.stiger@edu.tbz.ch"|"Pi@vnB-QP4uMZ-@20aR8"
"beatrice.godleman@edu.tbz.ch"|"y7ZyU1-U0q1Gu-ZuTuis"
"hakan.harrhy@edu.tbz.ch"|"R%YuF0-5FnphY-uiE8Ob"
"celestine.dagnan@edu.tbz.ch"|"xIam89-FwwEpW-i8o&FJ"
"clemence.haggart@edu.tbz.ch"|"t9Uo#w-xb9Ffv-jXF88X"
"long.caban@edu.tbz.ch"|"ycdbaV-Zv&JgJ-r@aGLX"
"gaetane.grimble@edu.tbz.ch"|"EMuus9-UGEuGO-91YpoB"
"maelann.piwall@edu.tbz.ch"|"zpoNeI-b&CmDo-0y@&pY"
"magdalene.loble@edu.tbz.ch"|"bKb7JX-DttL6$-tW3qdM"
"veronique.domaschke@edu.tbz.ch"|"iTmsEk-6JYS$%-ay0aGC"
"clea.herity@edu.tbz.ch"|"nzlava-lHk9&9-qIgoan"
"maelann.bambrough@edu.tbz.ch"|"IR3UGg-IqWE2f-S#FP#$"
"clea.goulstone@edu.tbz.ch"|"SlIqTY-j9MfzD-xupH9n"
"renee.deleek@edu.tbz.ch"|"9h4GH5-GhJ1nv-r6hznc"
"boerje.rudderham@edu.tbz.ch"|"#2TaMN-37qAAg-xcLVUT"
"marylene.broune@edu.tbz.ch"|"Smbfz4-TBBuo7-8Tbz59"
"nadege.mccuish@edu.tbz.ch"|"MNdpZg-lvbnag-MtNPhX"
"anael.littleover@edu.tbz.ch"|"xfbipU-%nQrww-X$XI&4"
"lie.baume@edu.tbz.ch"|"zM#Zp3-Zexk$s-AgmCCT"
"maella.murrow@edu.tbz.ch"|"U2kqlo-Xu5AyP-jXXaLs"
"cleopatre.pettifor@edu.tbz.ch"|"zsuj@8-ywCRiQ-c3@X&3"
"geraldine.asker@edu.tbz.ch"|"9Gi5Ya-%zEQ6g-KckMvr"
"gaetane.smedmore@edu.tbz.ch"|"AsRZpc-nsBjun-s1Y@sI"
"meryl.blencoe@edu.tbz.ch"|"HlPIL#-@rmxGF-Isl$Gl"
"aurelie.chastaing@edu.tbz.ch"|"e6&Pow-XP4yQk-hedh0Y"
"oceanne.marthen@edu.tbz.ch"|"Jp&XzZ-V6hTi@-4VwH@w"
"dorothee.burrill@edu.tbz.ch"|"lxeit6-GaFWO6-&8QPrf"
"hakan.belden@edu.tbz.ch"|"uvKxxg-pcYo&R-TezbRM"
"celine.brunning@edu.tbz.ch"|"vzpJ6u-aLwa1m-Zf3rJ&"
"anael.lapides@edu.tbz.ch"|"90AmJ6-1f2Zpe-M#sf5P"
"ruo.saffran@edu.tbz.ch"|"kew4cX-ZufOuV-duJKYn"
"loic.gerretsen@edu.tbz.ch"|"NMzawU-#VoBBu-r%9blO"
"rui.fitzer@edu.tbz.ch"|"Z18aG4-JR7iqH-gFcQc3"
"annotee.ogers@edu.tbz.ch"|"vida@y-pbZxIv-ywEKP6"
"boerje.bindin@edu.tbz.ch"|"E5w9Se-6WBrI$-PLnC#L"
"ma.cronchey@edu.tbz.ch"|"Is10hm-cW0ehX-UUvYuf"
"laurelie.baiyle@edu.tbz.ch"|"QZ73UM-nkgOuj-W6i8mf"
"dorothee.older@edu.tbz.ch"|"xouKfV-hZiW0s-ehJtxu"
"laurena.wile@edu.tbz.ch"|"81sRNr-3xa#MO-Nm%MAo"
"clemence.brito@edu.tbz.ch"|"rVDNBe-3k1qWp-mk0uhH"
"nadege.dallin@edu.tbz.ch"|"%ui6g5-@J56yL-0#Gfeq"
"mailis.matley@edu.tbz.ch"|"OO$Gvg-A7OdB#-Mo&PNo"
"daniele.screaton@edu.tbz.ch"|"oUenXS-aM1LUe-c@NAas"
"mediamass.godly@edu.tbz.ch"|"OvrcSo-82UeSB-FCj5Mn"
"leone.kremer@edu.tbz.ch"|"Dg@XFk-7&mTb7-wPC#h2"
"asa.adrian@edu.tbz.ch"|"IHRYbi-X3gIUL-5PAqda"
"adele.doley@edu.tbz.ch"|"ia$h50-640bqG-%8bwlm"
"fei.sidney@edu.tbz.ch"|"YKv3%%-1IYX4t-XAwpiY"
"marie-josee.walisiak@edu.tbz.ch"|"LU&J49-kv%ngh-5ZUiLH"
"desiree.diplock@edu.tbz.ch"|"myxvWp-G8FNxS-M0xKr4"
"gisele.schust@edu.tbz.ch"|"SvibzU-2x6lJD-BObkZM"
"ma.longshaw@edu.tbz.ch"|"JcpMRb-Zx2#Mv-3#birs"
"da.boother@edu.tbz.ch"|"As&Jke-Yj9ZKf-nT4clQ"
"simplifies.chaudhry@edu.tbz.ch"|"gFZVeJ-BpkIIs-@i7XEY"
"garcon.baniard@edu.tbz.ch"|"ke&A1d-DOch@G-WuKKzM"
"gaetane.elphee@edu.tbz.ch"|"4#ycWs-IyXwl5-gUHmmr"
"gisele.hassey@edu.tbz.ch"|"Pczo1L-7@s1kM-BAGEUr"
"oceanne.booley@edu.tbz.ch"|"&QZIFB-1D2Zb7-XH9Ice"
"oerjan.dibden@edu.tbz.ch"|"$RaL3h-Yb@DFA-34tMaV"
"regine.ocleary@edu.tbz.ch"|"h3RnXC-dX0NL3-dJO&jx"
"selene.persse@edu.tbz.ch"|"JU9ws0-uqRjxF-XUv0ak"
"helena.adenot@edu.tbz.ch"|"MR@Nip-EbO4%0-Z9AfMR"
"maelann.wassung@edu.tbz.ch"|"%beKfW-p46Wvc-fqgrYZ"
"frederique.ackermann@edu.tbz.ch"|"y2nXnf-69OhCA-WT8FH6"
"audreanne.kahen@edu.tbz.ch"|"5n6FNF-YY5u3A-GA&5CJ"
"maiwenn.lasty@edu.tbz.ch"|"rtOOCj-OVZuvU-AVjltJ"
"yu.dictus@edu.tbz.ch"|"5LMvZ@-kVjK1&-I&WEaW"
"anae.dukes@edu.tbz.ch"|"sVgf4&-7J2HNR-GCd4aQ"
"yenora.warr@edu.tbz.ch"|"DUpeXW-UgRS0K-L2w7x1"
"esbjoern.archibold@edu.tbz.ch"|"e91Lrc-6i0q1I-XWI91B"
"milena.pardal@edu.tbz.ch"|"8ZPFXV-jmuwVs-AKjDJU"
"celestine.graveston@edu.tbz.ch"|"SUVv5F-CXMvq@-sViAGB"
"maena.dallas@edu.tbz.ch"|"ejwuY1-vZaWpX-&fvSff"
"andree.tuke@edu.tbz.ch"|"xCF4$T-5g4%2U-yt%bb$"
"methode.seldner@edu.tbz.ch"|"mbuyGX-36$Q00-28TWau"
"venus.bullas@edu.tbz.ch"|"zFRgdw-7Deqcd-1xWdIt"
"mans.aguirrezabal@edu.tbz.ch"|"vVZlAz-H2$VpC-DROF3V"
"gaelle.eadington@edu.tbz.ch"|"f5etov-toCd5e-wR5cDL"
"anaelle.falkner@edu.tbz.ch"|"i%vjp6-0$F5z5-&ru%im"
"ophelie.height@edu.tbz.ch"|"QUY%HF-Ohhc8A-BnH2Dx"
"marten.bolding@edu.tbz.ch"|"$WtJOI-JB9ZQn-kAzI8a"
"pelagie.guswell@edu.tbz.ch"|"iWr&Uf-rk3FKN-c3K#R2"
"gwenaelle.lecount@edu.tbz.ch"|"Bz83sq-TFLHGx-42W%LC"
"hakan.laden@edu.tbz.ch"|"Dt$@3g-IUn0au-5A%B%4"
"marie-josee.hylands@edu.tbz.ch"|"HR&e4y-OzpnuQ-SZEW9u"
"zoe.kingshott@edu.tbz.ch"|"aOLgv0-0G#5n5-4lo1l8"
"josee.janous@edu.tbz.ch"|"Wq#ouO-5%O1@W-e5Ep9D"
"laurene.gallally@edu.tbz.ch"|"%zHXrV-VbNtUj-WO#fFE"
"anael.bickle@edu.tbz.ch"|"WCdprC-zUEUuD-&dnd6k"
"mediamass.lebbern@edu.tbz.ch"|"Vc@s@e-NuKZUi-qtlv6o"
"berengere.hovy@edu.tbz.ch"|"NIy$TN-TbvAyu-4IMJ0s"
"oerjan.kilmurray@edu.tbz.ch"|"UIiwa$-O05h7k-DBpnku"
"asloeg.venny@edu.tbz.ch"|"o5GGzJ-tcCGii-1r5SAI"
"marie-noel.stoad@edu.tbz.ch"|"WCrOkX-U94LIo-coo4%G"
"hakan.pettifor@edu.tbz.ch"|"Nhn4H6-@ezaqg-ui6jEU"
"maella.willgrass@edu.tbz.ch"|"RZdyVg-Z%Ep6s-Qig@AW"
"therese.ludovici@edu.tbz.ch"|"09dxKE-OWLxMg-c@1LTO"
"stephanie.trewhitt@edu.tbz.ch"|"%mESZF-IunbtC-vDbOWB"
"maerta.bauduccio@edu.tbz.ch"|"fmOBYl-GzGUAR-WJG@$g"
"gaetane.glaisner@edu.tbz.ch"|"U2BB1%-#9fcZt-n5Wpr9"
"naeva.pargeter@edu.tbz.ch"|"uOk8@t-O$Ws1D-eOYsgd"
"salome.venable@edu.tbz.ch"|"7#dw8p-KwLkL%-UOI9XU"
"boerje.thickett@edu.tbz.ch"|"ly#@ch-F$WmHf-Z$4O6q"
"lucrece.prendergrass@edu.tbz.ch"|"nUFAMY-#5lP9U-5AvDA7"
"laurene.ockleshaw@edu.tbz.ch"|"EdlrJ$-8DfUjb-GoVVuo"
"cecilia.pasticznyk@edu.tbz.ch"|"y8&lMu-CV%B1b-0N%7q%"
"stevina.mackey@edu.tbz.ch"|"lrmHBL-cgu5Pu-ggPDae"
"marie-noel.reven@edu.tbz.ch"|"gyb731-K1KAH0-HF5EFc"
"melina.quilkin@edu.tbz.ch"|"LdBJxQ-D7odZV-uLXJcn"
"marie-noel.ferrie@edu.tbz.ch"|"6wcr0L-kcnVZP-vmQnpd"
"leone.alphege@edu.tbz.ch"|"bEoDzw-v6x48R-rFkT6p"
"zoe.leverson@edu.tbz.ch"|"sK#H2D-cDZc4q-pCG8cm"
"annotes.grayne@edu.tbz.ch"|"TI&NfG-vfzNJN-ZR@m@7"
"faites.lalley@edu.tbz.ch"|"pYF1ZW-@90bf$-kI#DVU"
"adele.wallis@edu.tbz.ch"|"70y4Qs-YvYUdY-r30dLS"
"severine.madill@edu.tbz.ch"|"rKoeUW-EZJHTA-VN4BHw"
"valerie.tebb@edu.tbz.ch"|"Oo3gyO-wV4cEt-wnYaX2"
"kalliste.rasper@edu.tbz.ch"|"7PQrTS-ZKWLGW-&QJ8OJ"
"audreanne.palomba@edu.tbz.ch"|"&QEbYd-sduMMY-HtHyV7"
"elea.adamik@edu.tbz.ch"|"G1$pvD-Du1FTs-aqNEHn"
"reserves.jakuszewski@edu.tbz.ch"|"JQx3xI-judxOg-ljl#01"
"athena.belhomme@edu.tbz.ch"|"nyvdT6-HqQE7R-WRMX4B"
"rebecca.crippin@edu.tbz.ch"|"eST8g5-mmj2YR-jvvosn"
"maiwenn.curman@edu.tbz.ch"|"0qXjtR-xTDrcG-KlKTW%"
"andree.bunner@edu.tbz.ch"|"1hczLd-4LzYvS-7fS9t3"
"ruo.winckles@edu.tbz.ch"|"n87LAs-zqFK87-PDWcj8"
"naeva.buntine@edu.tbz.ch"|"WI7aDb-xwuZV6-W8EJ9S"
"boerje.dollard@edu.tbz.ch"|"6MHt8p-sevB#T-wjGGXn"
"penelope.gorman@edu.tbz.ch"|"MWYnLX-X1oRvc-$tFHnL"
"alois.robelin@edu.tbz.ch"|"o2gdBP-sZ2ID0-X93Qy1"
"anaelle.tindle@edu.tbz.ch"|"fnhv%t-R0Oh#5-M8vrbA"
"ye.frears@edu.tbz.ch"|"yNw$br-#ZPSqj-qc0%7D"
"andree.ovid@edu.tbz.ch"|"BN2qY@-%3B23#-w5OQBP"
"hakan.peat@edu.tbz.ch"|"1C5IWa-P8mjbk-ru2CRM"
"andre.januszewski@edu.tbz.ch"|"Ld1r%2-7F8#B9-xqe&Ir"
"annotes.clemmett@edu.tbz.ch"|"5f12LQ-r9mPGt-9lKY9o"
"pal.lambswood@edu.tbz.ch"|"2Q%pTk-s9il@y-173m@c"
"yao.lenton@edu.tbz.ch"|"8KapmY-qRv0E7-ke4IvX"
"hakan.boyton@edu.tbz.ch"|"@5Qx&T-1qHbBm-lIMOQW"
"nelie.forsey@edu.tbz.ch"|"QMrBDn-Qlm9cB-yopZ5P"
"hakan.horche@edu.tbz.ch"|"FjeZBX-aW6EZQ-tim6Ms"
"lorene.sinkings@edu.tbz.ch"|"7bz&gU-fNdF%f-7U5u15"
"marie-therese.creddon@edu.tbz.ch"|"zkVebL-#kw%yD-Lgn@dD"
"berenice.tolworthy@edu.tbz.ch"|"VRw5Dt-fB2P8l-#BuPF4"
"theresa.land@edu.tbz.ch"|"r1UVXO-Tnn3ba-lN6OhF"
"marie-therese.gianilli@edu.tbz.ch"|"Wz1KSo-gGhN4p-nplugB"
"meryl.glew@edu.tbz.ch"|"SsTQh3-PluAN4-bkzVGu"
"adele.debling@edu.tbz.ch"|"tZijT5-rvtcNQ-O7PuX5"
"anae.metzke@edu.tbz.ch"|"TANyE5-LvXOjn-Pq45Rh"
"gaetane.gooden@edu.tbz.ch"|"uJvyuK-8#$MBM-wbGxbX"
"laila.bootland@edu.tbz.ch"|"By@%9B-sXHP$g-#l$nMX"
"maite.helsdon@edu.tbz.ch"|"zpy1Ke-c&#WWP-Wg1Hl4"
"andree.malley@edu.tbz.ch"|"JvKHN8-yQ@AmN-3zKJlx"
"pal.simmens@edu.tbz.ch"|"eqCqTP-NIev7K-ZiKUg7"
"maelys.nuccitelli@edu.tbz.ch"|"hPdJwZ-jWV#BL-rkRBdf"
"dafnee.sibary@edu.tbz.ch"|"dBv351-Qs4H7K-zaTjiU"
"alois.harsnep@edu.tbz.ch"|"@PXL&I-0ZgR&t-b4ay#j"
"marie-helene.lacky@edu.tbz.ch"|"6v2wLM-VSxbeW-l6%cWR"
"mylene.youthed@edu.tbz.ch"|"DQbyRY-QDO2Y3-zZQStQ"
"marie-helene.dehmel@edu.tbz.ch"|"DqZMtf-N8a0de-%mK@@n"
"angele.batman@edu.tbz.ch"|"$pkrfC-NI2zLw-YXNmt@"
"melia.younghusband@edu.tbz.ch"|"FJGC6p-&JAM3K-FUUKFW"
"eloise.baldi@edu.tbz.ch"|"%UEUOE-EzItzq-pAUNZz"
"illustree.dun@edu.tbz.ch"|"NQmZeP-PjMyTf-yneADe"
"genevieve.late@edu.tbz.ch"|"#7dG4z-Ji2$Yy-q1Enkz"
"celestine.colville@edu.tbz.ch"|"rlG1Uq-Q4R7gV-WBa7%A"
"gwenaelle.scarlon@edu.tbz.ch"|"ydJb$9-gzIYUg-MsL1ut"
"regine.boddie@edu.tbz.ch"|"SCBp%R-Z2gW$&-AOUOSX"
"creez.gaughan@edu.tbz.ch"|"peX0zG-rFxuLd-wXiUPu"
"gaia.longford@edu.tbz.ch"|"6Hhjaj-wqccWL-HW3W$p"
"mailis.buckby@edu.tbz.ch"|"WKLin6-gDLBiQ-tFj2v4"
"song.parbrook@edu.tbz.ch"|"51JaFC-dR8QrL-qm@#Y1"
"frederique.heddan@edu.tbz.ch"|"#50KHN-cqR7Ch-0$hqmV"
"ake.kirtlan@edu.tbz.ch"|"d3Nd5R-Olc@21-nc81X7"
"nelie.runciman@edu.tbz.ch"|"LkKIMw-U1ud5u-FLge68"
"mailis.cardnell@edu.tbz.ch"|"UqBURw-G3dVuN-mWD@%@"
"irene.navarro@edu.tbz.ch"|"Sv1U3Y-sw2ch5-T2WOsw"
"maite.cough@edu.tbz.ch"|"#n3Gmq-dj%GtR-aw46hl"
"anaelle.stocky@edu.tbz.ch"|"5PAoOI-n&Sv6V-wrK5Zl"
"methode.moulder@edu.tbz.ch"|"byPOOZ-EFav$E-5dwiM9"
"po.stafford@edu.tbz.ch"|"I2&lUW-hHffQF-bXqdOM"
"faites.scraggs@edu.tbz.ch"|"gDXQrR-8xj2a&-C9ZhwF"
"adelaide.dullard@edu.tbz.ch"|"uDSOym-@7g65E-BrZLr7"
"desiree.leonard@edu.tbz.ch"|"XWUsO8-6JtyPt-TmAjvC"
"geraldine.badgers@edu.tbz.ch"|"Wt9eiY-jBx71J-Y1NVvV"
"ruo.masic@edu.tbz.ch"|"&3Bk0Y-WMDg08-GGM3F4"
"aurelie.lieber@edu.tbz.ch"|"1VxrKv-SLyBUh-NCf9CW"
"naelle.balcock@edu.tbz.ch"|"#F1jzW-2pHJ%p-zWI%U0"
"camelia.elger@edu.tbz.ch"|"ISiqR9-#qkKbW-tcjjph"
"publicite.oakeshott@edu.tbz.ch"|"UC5K@0-7NW&X0-%ckuY1"
"cleopatre.fawley@edu.tbz.ch"|"eT1#mf-6sNoRg-4bwAz8"
"laurene.bruckmann@edu.tbz.ch"|"WeBw6w-hJAkGe-w2JTZO"
"rui.haughton@edu.tbz.ch"|"sDcV6R-crIBKy-JkqNrO"
"asa.ladewig@edu.tbz.ch"|"YFIuR%-7d$BhX-Iku7Q&"
"gisele.janecek@edu.tbz.ch"|"6IZfr1-1G6JlG-k%XNii"
"maily.loveridge@edu.tbz.ch"|"oqaxoy-ZHfYaV-$uH9%z"
"marie-eve.yurkiewicz@edu.tbz.ch"|"sdZBwH-TIbYq8-DqP42p"
"fei.roder@edu.tbz.ch"|"HfBwfw-sRZp#Y-C0EcBe"
"edmee.chatburn@edu.tbz.ch"|"%bJoLC-U8d99b-2%i3fX"
"geraldine.darke@edu.tbz.ch"|"o4un9L-FcSXI7-amG1yM"
"ye.jira@edu.tbz.ch"|"kYc3xa-vSXAAn-g5AMRb"
"publicite.persent@edu.tbz.ch"|"PHIzOl-uBCkQb-k1BYK0"
"severine.wilcox@edu.tbz.ch"|"fsghQ4-ohI%4d-3gIDwr"
"yao.mcclaren@edu.tbz.ch"|"ZdiNJ&-JjxHAu-wBTZl&"
"theresa.foynes@edu.tbz.ch"|"jTqnC#-v6HV3I-6H0RG$"
"stephanie.isley@edu.tbz.ch"|"&xcVmm-#qWlzf-WQwM6a"
"torbjoern.growy@edu.tbz.ch"|"VFm5h%-tF5Se3-G%J0Iq"
"eloise.tunnadine@edu.tbz.ch"|"G0o$&g-SY9KTl-1kK2tb"
"maeline.cossentine@edu.tbz.ch"|"cl0n$2-Tswgi1-Ju5MMl"
"nelie.desantos@edu.tbz.ch"|"lgPHDh-Kbpe7Z-u$p@4P"
"gaetane.axston@edu.tbz.ch"|"mlrHTB-QO$pK@-t0fN84"
"aimee.merman@edu.tbz.ch"|"Zvmy7s-P$Kg7G-dUpgXp"
"oerjan.drivers@edu.tbz.ch"|"6BUTnC-PBflrF-rnpPy5"
"aimee.miroy@edu.tbz.ch"|"SErIh&-klr6Sz-VA9xUK"
"nelie.glyde@edu.tbz.ch"|"B6uYjm-PV5Q@p-VQ40CV"
"hakan.kapelhof@edu.tbz.ch"|"EBjKyv-Jp7VFM-LvNob6"
"maelyss.cauley@edu.tbz.ch"|"WhiUEZ-lgS9VV-HNtNpp"
"elea.vaggs@edu.tbz.ch"|"NVdG&e-@AFLRG-ohzpNE"
"maelys.but@edu.tbz.ch"|"3PCeLp-mPrevN-yWwMTu"
"maella.arthurs@edu.tbz.ch"|"UpnE$B-pNl&wR-BapfYq"
"adele.liebrecht@edu.tbz.ch"|"caQiDf-emAJOg-$OtLj4"
"meline.lomasny@edu.tbz.ch"|"4hRfaQ-zWbyTN-8wRg2A"
"mediamass.schwant@edu.tbz.ch"|"A5dw1e-UFmkCp-VjoPom"
"leone.saunt@edu.tbz.ch"|"xCxVfA-YE1AWI-LNRX1R"
"annotes.gouch@edu.tbz.ch"|"rkDEIQ-fIzmx@-DWDOM3"
"gaetane.bowich@edu.tbz.ch"|"Xu0DPp-wv8Csy-Fjo7Y#"
"alizee.strelitzki@edu.tbz.ch"|"&cQ2fp-XI%J6m-cBOKA3"
"leone.poile@edu.tbz.ch"|"80IC0E-5qAVKu-OeDiJY"
"amelie.saban@edu.tbz.ch"|"nT87vK-ywwm52-vNyQ%R"
"marten.mcmenamin@edu.tbz.ch"|"Fx41B1-XVPFmz-Qeu&&#"
"becassine.keets@edu.tbz.ch"|"d9CK1R-KPDe1D-SX09I%"
"celine.million@edu.tbz.ch"|"$nKBHB-iljVgz-OGe8Y#"
"geraldine.belitz@edu.tbz.ch"|"Oi@uve-Sc52ic-IZ4m&7"
"salome.mardling@edu.tbz.ch"|"0AGY8I-S0lUFy-c9$kyn"
"melia.blakemore@edu.tbz.ch"|"NzFHNW-z2PHRG-K#Om7c"
"dafnee.mcaulay@edu.tbz.ch"|"cLE3DZ-iGyT3f-WLq50x"
"garcon.dennett@edu.tbz.ch"|"xtA6MO-ct07ZD-y7yStT"
"interessant.lesor@edu.tbz.ch"|"L&Hs8g-laAZ4C-&$v0&q"
"annotee.wasbrough@edu.tbz.ch"|"t@KfF0-kIr@J8-veUpKL"
"asa.ibbeson@edu.tbz.ch"|"rdeMB5-j4$zzZ-XZSvjx"
"maily.kennealy@edu.tbz.ch"|"nIwZ@u-O&gKUs-@WW3nW"
"ye.seares@edu.tbz.ch"|"%myD09-UUFlyl-1C6LBn"
"athena.harbron@edu.tbz.ch"|"7b$yDH-s0F56A-ZIj%Eu"
"andreanne.portail@edu.tbz.ch"|"I4@7l7-vJw2f&-YO6oQS"
"goeran.zannelli@edu.tbz.ch"|"hm9B2Z-qpWPoZ-RJPdHk"
"gerald.leathlay@edu.tbz.ch"|"DReTrW-J@zpDU-KQIgGe"
"andreanne.chown@edu.tbz.ch"|"lOq%IR-5WNJ9@-Z%NW0v"
"esteve.clementel@edu.tbz.ch"|"I%139I-nyR7BT-MV84OH"
"leone.legan@edu.tbz.ch"|"nazq5M-6V#&us-GCpvTm"
"maena.pownall@edu.tbz.ch"|"u4ogh#-Jw#09a-PctRQd"
"andree.rettie@edu.tbz.ch"|"TvMtB@-xf8eD3-eEmJwH"
"ines.kenwrick@edu.tbz.ch"|"rKczzo-zE#avn-Tb3o$f"
"marie-helene.yarnall@edu.tbz.ch"|"OXAHjK-ALTmnw-ShMpVS"
"po.martin@edu.tbz.ch"|"FAYaqZ-1FB0rZ-D3#&iE"
"ruo.celiz@edu.tbz.ch"|"BWKC9H-@%$WtH-UOPGQe"
"po.bissett@edu.tbz.ch"|"tB1C0r-vhxJh2-$GTP6o"
"du.swindon@edu.tbz.ch"|"snhroa-LvCnT9-NxfMLz"
"interessant.gouldthorp@edu.tbz.ch"|"pqBv&l-NkM$6Q-na&wL8"
"leandre.lilburn@edu.tbz.ch"|"rTzIZn-8ygWB7-0CvYQ6"
"bjoern.whales@edu.tbz.ch"|"STlia#-9YE$6v-EHOXFy"
"interessant.dieton@edu.tbz.ch"|"iK&Bb7-ZUAiHQ-ATvE&n"
"celestine.redhills@edu.tbz.ch"|"9zGD5#-uIkVnY-ggdDtU"
"tan.yakovlev@edu.tbz.ch"|"m%euSM-eObRtZ-VWdckv"
"regine.mcdowell@edu.tbz.ch"|"DZK$ru-hokS%H-h7IaKe"
"ju.coysh@edu.tbz.ch"|"4BYC54-SUY@&S-h#Jzis"
"reserves.ofallon@edu.tbz.ch"|"6e5Zs$-9Vthzm-d3aFsS"
"frederique.sobey@edu.tbz.ch"|"R$komM-MVThce-sfaDNQ"
"marie-eve.garstang@edu.tbz.ch"|"ClrGBJ-rE8eTY-BwpGJF"
"andre.tapin@edu.tbz.ch"|"de6EkT-92%X@e-4Uo%ma"
"esbjoern.eynon@edu.tbz.ch"|"8UjnGT-yLzF0o-bRwi3Y"
"maella.duffy@edu.tbz.ch"|"HOdnDD-Q9XE9A-YbCC58"
"leandre.twinning@edu.tbz.ch"|"z&2g39-IgyZPU-fhtK9u"
"mai.whittingham@edu.tbz.ch"|"Z&5eTA-8TE$cY-OlxrKy"
"rachele.shevelin@edu.tbz.ch"|"nKVhZe-#c4EsG-nnq0HT"
"cecile.mcure@edu.tbz.ch"|"iQn0ln-O60E%F-wFJ923"
"marie-eve.yurkevich@edu.tbz.ch"|"RUdr70-&uLYZI-CHrtaa"
"almerinda.paice@edu.tbz.ch"|"De8XuL-XBkASk-LgKoR0"
"rao.howkins@edu.tbz.ch"|"PTJBg2-3olqLE-nqsNrl"
"serena.pack@edu.tbz.ch"|"I1Zplf-AEBu1Z-RAk5vF"
"rebecca.mant@edu.tbz.ch"|"9jzAE7-bPbAiU-iHDMGy"
"reserves.spitell@edu.tbz.ch"|"JKiMpi-kmP1N2-fY&5Wi"
"garcon.hamfleet@edu.tbz.ch"|"WXs18x-jQkJCf-QIoKaY"
"methode.kerkham@edu.tbz.ch"|"2pNdU#-c5LFK4-zR3PX3"
"pelagie.camies@edu.tbz.ch"|"juFI8F-XPsnHJ-jLN$4s"
"josephine.macpharlain@edu.tbz.ch"|"y2Qz6N-$rC0Il-JfJMAe"
"eugenie.mathet@edu.tbz.ch"|"p@jx@f-sXO31Y-7dJ9#u"
"gaetane.brangan@edu.tbz.ch"|"t0wdbt-CXgZr9-Q#dKIO"
"michele.dewbury@edu.tbz.ch"|"Yr0zm8-8eq5%3-le6%yp"
"eugenie.elcott@edu.tbz.ch"|"oEknEn-aUshcO-3J5$6h"
"megane.harniman@edu.tbz.ch"|"AfaWT0-7@A394-IxSRCi"
"agnes.cluney@edu.tbz.ch"|"ofSaKf-9pWFay-f29eik"
"marie-helene.angear@edu.tbz.ch"|"Y60uHz-cLU5h$-uf7Rr@"
"melia.dolphin@edu.tbz.ch"|"uQTFs2-FoFxJK-YFKGwz"
"lois.ruseworth@edu.tbz.ch"|"01qU88-#fVUBU-QvmO4G"
"mailys.ryding@edu.tbz.ch"|"UJ$8f%-9v3znb-K9st%y"
"rachele.wulfinger@edu.tbz.ch"|"gYyZXf-xZXgXm-iDmY@T"
"gwenaelle.talton@edu.tbz.ch"|"3Bs1K4-TlQQ6T-uMlTQS"
"long.ronchetti@edu.tbz.ch"|"KAqnMo-@HKJOL-sk1dkr"
"styrbjoern.kloska@edu.tbz.ch"|"ERu8C6-$Z$dyr-JOuAW8"
"len.sudran@edu.tbz.ch"|"qYVw%t-SFln14-zSodE2"
"maelle.andrysek@edu.tbz.ch"|"dss2GT-742s$z-0%JMtf"
"selene.senior@edu.tbz.ch"|"XaAyX6-HJtZYd-KSOrDh"
"anais.joskovitch@edu.tbz.ch"|"cn@fFn-WAeOBW-b6fpc@"
"marie-noel.dally@edu.tbz.ch"|"lFW8v3-3%alZw-nM3KfA"
"marie-helene.laurence@edu.tbz.ch"|"99TNAV-VWJBSi-@21Nb1"
"camelia.foxon@edu.tbz.ch"|"CVEU6I-BmL$KZ-dkQ&2Z"
"helene.cankett@edu.tbz.ch"|"iCdzzU-vR@mRs-LE%9yZ"
"marten.mitchelson@edu.tbz.ch"|"GUS9%z-D4SQIj-1iTkq#"
"helena.stirtle@edu.tbz.ch"|"9pKKEd-w&BICa-ZK9ubr"
"leane.barmby@edu.tbz.ch"|"uX4deU-7ObfcO-&beNuf"
"goeran.ofinan@edu.tbz.ch"|"sC0FIb-HtmbnE-usD2AO"
"styrbjoern.proby@edu.tbz.ch"|"l9RMPC-m9lq%s-NGBusq"
"zoe.halse@edu.tbz.ch"|"PMWby1-Yhv@NH-f0@NXQ"
"kui.drable@edu.tbz.ch"|"#Z0Gya-a7kVYJ-YiJail"
"desiree.bamford@edu.tbz.ch"|"UreS88-w$UKD%-fXIzAM"
"zoe.suller@edu.tbz.ch"|"L0xlFR-rK#aZG-OwKOhf"
"marylene.audiss@edu.tbz.ch"|"FIGJ2O-UypwTr-q6NWji"
"adelaide.poznanski@edu.tbz.ch"|"rKQNpq-v4EU$6-$217ZZ"
"maella.coleyshaw@edu.tbz.ch"|"CUkoFc-cyEMIM-VMfiU6"
"marie-francoise.gelder@edu.tbz.ch"|"zgT93v-AtaXYS-9fRiCc"
"eleonore.chaffyn@edu.tbz.ch"|"WodpWC-QXKBIV-0zYxq$"
"celestine.sikorsky@edu.tbz.ch"|"Q4OEjC-7luNmC-#izLNg"
"stevina.londsdale@edu.tbz.ch"|"W70C&@-DxvChS-CM&oeU"
"maiwenn.nevitt@edu.tbz.ch"|"e%e5Ty-xYZbkM-Bhi8On"
"magdalene.gerrey@edu.tbz.ch"|"jVYFC7-ZeBlSn-fTO06A"
"becassine.latimer@edu.tbz.ch"|"lyg$Up-T&rONl-$1njn4"
"da.lethibridge@edu.tbz.ch"|"vmUwMP-0pitF$-baRI1W"
"mailys.claige@edu.tbz.ch"|"&51J@j-5h2rXg-ktNgSw"
"maena.torbard@edu.tbz.ch"|"UvgprL-1#Bl$v-bwqen1"
"solene.lyvon@edu.tbz.ch"|"BEqdks-tOlhTX-GivLyl"
"marie-therese.benbrick@edu.tbz.ch"|"4wEzez-qp3&Yr-VvwDjx"
"gerald.edmonson@edu.tbz.ch"|"ykiIfQ-n%0vtp-Jm7LcA"
"ake.messruther@edu.tbz.ch"|"NXb1fv-ad#xGe-VrK45E"
"men.gosneye@edu.tbz.ch"|"bEgcqT-2Uk#HM-BwsYDD"
"anais.jefferys@edu.tbz.ch"|"jV@isQ-@B&rA&-avG5UH"
"publicite.tregale@edu.tbz.ch"|"LnAQJU-TPO#YA-ugWIpd"
"maily.santorini@edu.tbz.ch"|"3CTd5n-J53%7Z-o$pyoK"
"ines.pioch@edu.tbz.ch"|"L@lhpM-qRDMcP-@25@iW"
"noemie.marklew@edu.tbz.ch"|"Iu&CGj-R9$hJH-MIt638"
"meghane.maccaffrey@edu.tbz.ch"|"ByaVmh-djllnG-sLhIk$"
"berangere.ambrogio@edu.tbz.ch"|"Zp0UTv-m4GCJZ-pM$CfP"
"mediamass.ryce@edu.tbz.ch"|"tRUfqA-0B4Vao-zSkW2$"
"oesten.ubank@edu.tbz.ch"|"2QXVV4-&pX74r-5plG#&"
"melina.mackee@edu.tbz.ch"|"e&keoK-ksMxjJ-&hW1qP"
"theresa.livezey@edu.tbz.ch"|"GOs@Jf-rkH7LZ-%JiKlz"
"clemence.weal@edu.tbz.ch"|"X@&stF-C%s8Cg-tfSkBR"
"faites.overton@edu.tbz.ch"|"UopuWA-CKi601-I8YiNQ"
"clea.lindblad@edu.tbz.ch"|"ceoGb$-xuznt6-xpe1J5"
"josephine.roseaman@edu.tbz.ch"|"84dIrn-vYNvIP-7pZkWB"
"oesten.lowbridge@edu.tbz.ch"|"GX#T3B-j@HITZ-WFbKZ2"
"marie-josee.brion@edu.tbz.ch"|"LBqiKP-@ueSrN-quS&mK"
"therese.basili@edu.tbz.ch"|"zK8v1p-AfMbS6-vWDbOt"
"melia.vertigan@edu.tbz.ch"|"F12Xjo-19oA##-HnK$BI"
"judicael.saull@edu.tbz.ch"|"zzLE6t-rdn4Qp-P$1CiX"
"selene.valentine@edu.tbz.ch"|"#3qhME-gm7hA8-oqdoQH"
"verane.dunlap@edu.tbz.ch"|"vV&$sq-JX#bk%-LBfqo4"
"meline.kinnear@edu.tbz.ch"|"B$jiXy-k78Ywh-NwjRsy"
"lei.luttgert@edu.tbz.ch"|"CMni3R-Yv@Kns-HalF7H"
"styrbjoern.lathleiffure@edu.tbz.ch"|"wuGS%H-dlVwDw-MlcNEL"
"marlene.blasi@edu.tbz.ch"|"khHD1%-elHHcd-FzzC4j"
"mai.begwell@edu.tbz.ch"|"t3eQlY-SkIgP4-zIjcqF"
"gwenaelle.kaines@edu.tbz.ch"|"PRrz5p-vhA9QP-KHCJ7v"
"gerald.adamthwaite@edu.tbz.ch"|"vY5DTk-77sJwr-MF$5Sd"
"kui.hartfield@edu.tbz.ch"|"f8upB$-tlnMrg-XzYehJ"
"salome.currao@edu.tbz.ch"|"@zPsqg-dW9dN#-2#Phcv"
"angelique.tixier@edu.tbz.ch"|"u08Gqo-$Dt9%I-Tian%8"
"ju.mcgragh@edu.tbz.ch"|"hS4k5E-yJi2yl-2Oys6b"
"dafnee.beachem@edu.tbz.ch"|"iJ6%Aw-KMZTd9-zh$6j7"
"creez.terlinden@edu.tbz.ch"|"1oYeoV-P5voF%-RnINdB"
"uo.mcskeagan@edu.tbz.ch"|"ZbnBsO-4ntEkM-PAHzfb"
"edmee.mccaughren@edu.tbz.ch"|"0EoUd@-iHspIZ-7lxE75"
"asloeg.cozby@edu.tbz.ch"|"wRwO#W-13$EMY-T1um3w"
"melodie.traite@edu.tbz.ch"|"iT@E%P-wnfjcx-OLzl6G"
"dorothee.aindriu@edu.tbz.ch"|"DRtLm2-KJWTkp-DW45TL"
"daniele.doley@edu.tbz.ch"|"RWdsWr-I39@kj-1RjI5u"
"mediamass.fairclough@edu.tbz.ch"|"MQ@zy5-Zqczag-PgRnX3"
"lorene.rainforth@edu.tbz.ch"|"uVJ2wQ-5SgpHm-dUnwdT"
"leonore.eyer@edu.tbz.ch"|"zu0cTw-df2Ou#-R8@7gm"
"po.spillman@edu.tbz.ch"|"q16igw-y8tsz$-3M5cnE"
"cecilia.plitz@edu.tbz.ch"|"keJxg&-&U5YC@-P09TNR"
"lorene.ludlow@edu.tbz.ch"|"xiRo0T-vJRm&i-0Vzb0R"
"berangere.neligan@edu.tbz.ch"|"sK$3k9-WwiM@5-IbJpLU"
"simplifies.huggan@edu.tbz.ch"|"msrg7K-oGEebx-A6ZrqB"
"clelia.prandy@edu.tbz.ch"|"cqIOrR-&6MmQe-3adP53"
"ake.osban@edu.tbz.ch"|"yRYsj4-tNDAJS-ijstOi"
"cunegonde.brunn@edu.tbz.ch"|"evbzqi-fL9ZTY-D&yHm1"
"long.grizard@edu.tbz.ch"|"c7vn2l-1sn#fc-j2ixRw"
"meghane.diss@edu.tbz.ch"|"TpD489-#H0dUg-oaG5ud"
"therese.oldman@edu.tbz.ch"|"#dhEkY-QIEMv8-fIiZhw"
"boerje.scamerdine@edu.tbz.ch"|"L3ysyM-qtPhP%-KPNT%6"
"du.saban@edu.tbz.ch"|"ZWivhu-gZBVGA-yp2vMx"
"hakan.clynmans@edu.tbz.ch"|"c$we7Y-6iqf3S-Qpa#ow"
"wa.macdowal@edu.tbz.ch"|"#Mla9X-tbYlxt-b2ZbNT"
"venus.hatrey@edu.tbz.ch"|"H#fhgI-0eusAd-UoOEG7"
"anaelle.vispo@edu.tbz.ch"|"SgqsER-tUmgeW-hflskj"
"mahelie.ollcott@edu.tbz.ch"|"e4Hxyw-g5L9vZ-EyklJ9"
"mediamass.whyman@edu.tbz.ch"|"B%MSmM-8AKSkJ-Sf7qJ3"
"esbjoern.basson@edu.tbz.ch"|"ySyjLV-ed8ukI-LFFA0a"
"andrea.morrill@edu.tbz.ch"|"NWeZ5y-J@ehP8-mBDJpv"
"melys.grassi@edu.tbz.ch"|"TIXP65-x1B@Vn-U11cOM"
"leone.poleye@edu.tbz.ch"|"WuYiLV-94%LMJ-VaZ3EM"
"francoise.penny@edu.tbz.ch"|"pdpHmd-YgFnuR-aOXJfQ"
"rebecca.edney@edu.tbz.ch"|"Ljnqwx-Bqe$A%-8ySO#a"
"adelaide.murtagh@edu.tbz.ch"|"kfbLZ4-8BEPmm-0NczBe"
"stevina.winterbourne@edu.tbz.ch"|"qL8DGk-6vy0$K-irksGL"
"ma.cottom@edu.tbz.ch"|"%9jH9K-k1gVic-n9PBVU"
"tan.harold@edu.tbz.ch"|"ti&rlh-4YHIqZ-rF3ydR"
"venus.forte@edu.tbz.ch"|"vh83JB-pw73gl-j0Ov#t"
"almerinda.oluney@edu.tbz.ch"|"UJu4Fj-fRmapj-DiIH#s"
"cleopatre.brehault@edu.tbz.ch"|"5bfCkO-HPm$p$-Oww%#O"
"interessant.lapides@edu.tbz.ch"|"15EFxR-u9RqE@-&qOnIP"
"reserves.hallatt@edu.tbz.ch"|"UY@b0S-k$QR1n-iO#qm2"
"annotes.birdwhistle@edu.tbz.ch"|"TtkIGN-AEVZa3-zo6leR"
"ai.dredge@edu.tbz.ch"|"0i9YcO-q9l85b-5X4MOK"
"megane.mussard@edu.tbz.ch"|"Q6I7%%-n4wA8Q-R4yNe9"
"esbjoern.gowrich@edu.tbz.ch"|"V0qaQr-j20rYy-CKrqxb"
"boerje.brislawn@edu.tbz.ch"|"Td5ILp-E3BVUF-aA9gAG"
"becassine.wilce@edu.tbz.ch"|"r85fTk-%#@Bpa-H82FS5"
"personnalisee.oels@edu.tbz.ch"|"PM89JK-gt@%1u-d376tt"
"verane.pett@edu.tbz.ch"|"QDxIqy-yV%6wt-ivct42"
"marylene.glewe@edu.tbz.ch"|"O6QXTH-l4KKEc-8pKLEb"
"lai.elson@edu.tbz.ch"|"gDyj@G-Rlw8uy-uE9ZB5"
"serena.difranceschi@edu.tbz.ch"|"N@CAp&-7N#pLL-ITSByV"
"lie.espinel@edu.tbz.ch"|"Fct35D-VNi0a%-c&iIQ7"
"marylene.fantini@edu.tbz.ch"|"&@bJX4-m1r#Ke-GSvNCq"
"andre.archdeckne@edu.tbz.ch"|"BdBAjl-9FMI7r-tcU61%"
"goeran.bohlingolsen@edu.tbz.ch"|"vXATvV-llB5Ak-ngEm0i"
"cunegonde.heffer@edu.tbz.ch"|"U@0acV-7WOzTE-51BqI0"
"tan.fechnie@edu.tbz.ch"|"m7Sxp%-ZQfJeH-7f2gWr"
"marie-noel.brammar@edu.tbz.ch"|"muKoz4-UpZuTe-UCLJo#"
"simplifies.aven@edu.tbz.ch"|"aPMfbM-SnWFig-us1S@9"
"melys.pinchen@edu.tbz.ch"|"R6a#nq-g5d@Hc-3htZF9"
"edmee.joyner@edu.tbz.ch"|"IGaa8r-SOIiuS-DdjSq$"
"berengere.edess@edu.tbz.ch"|"aTYrx8-PZu@zr-M0KYKA"
"marie-noel.goward@edu.tbz.ch"|"XNJk$F-GV3G0R-voOi%o"
"ju.edmons@edu.tbz.ch"|"LDTwFb-Wb0HZ0-V4xLBh"
"frederique.airds@edu.tbz.ch"|"A6@rzz-XJyZn1-O%f8oi"
"reserves.dauby@edu.tbz.ch"|"5jEO2f-2Z$hOY-Mra$Dj"
"hakan.gynni@edu.tbz.ch"|"b1PneO-5Rq5@E-n%r%iF"
"leonore.pinwill@edu.tbz.ch"|"l$J8yf-rACpvJ-HJpgIt"
"marie-eve.mcallan@edu.tbz.ch"|"k60KWt-xK#&1r-23oMpq"
"naelle.yeabsley@edu.tbz.ch"|"OGI5K9-wZ74MM-DFLGGy"
"nelie.jacobovitz@edu.tbz.ch"|"gJvHfZ-OSdP8F-qj2wI@"
"adele.conelly@edu.tbz.ch"|"X5ymx3-BNXK$h-aGZG9Q"
"clementine.dondon@edu.tbz.ch"|"VsJY8f-FeOyEN-uzCn1u"
"zhi.willcot@edu.tbz.ch"|"A6mmEx-tuOTjD-3AQcFz"
"chloe.janicki@edu.tbz.ch"|"J2TOVn-9U%Y5e-rUHOz@"
"meng.linde@edu.tbz.ch"|"lrfKYW-dT7HKz-Ue2yuY"
"celine.janisson@edu.tbz.ch"|"akP3%h-d57Sgl-nEIpiQ"
"clelia.crow@edu.tbz.ch"|"#tt@C4-NldKx4-WoLc#F"
"cecile.pyott@edu.tbz.ch"|"41Qhbd-JO&HEi-hucHYZ"
"ma.fidelus@edu.tbz.ch"|"VpihEN-obS2wW-Gwxmxe"
"marie-helene.poore@edu.tbz.ch"|"#iX5sS-hk&5Mp-O%5XHf"
"elies.blanket@edu.tbz.ch"|"h68KjN-aYza%6-Wp5jnc"
"yu.boyer@edu.tbz.ch"|"tvUlsS-HfEMks-YChUxl"
"celia.welds@edu.tbz.ch"|"HQvzvI-kf&uBY-MO9ayZ"
"du.gunney@edu.tbz.ch"|"qsjseb-qnapaE-Pk%aT0"
"goerel.crush@edu.tbz.ch"|"DrKht@-7iJbOu-6wojXM"
"marie-josee.brosius@edu.tbz.ch"|"0fGeu#-$olW73-eHrM3o"
"camelia.adds@edu.tbz.ch"|"rIT9BW-2%Le2z-M2jWBl"
"anae.irwin@edu.tbz.ch"|"AWx&j3-8y1tOo-H5xvNq"
"cleopatre.skeffington@edu.tbz.ch"|"HpXbzc-DY3DXk-UlETuu"
"gerald.suggate@edu.tbz.ch"|"HLN3@P-knwtPn-koblu&"
"laurene.tailour@edu.tbz.ch"|"vK7mpy-Rai&bv-%ruY1p"
"amelie.hoble@edu.tbz.ch"|"lgHS$Z-%Cn33G-BfrG0b"
"venus.getch@edu.tbz.ch"|"8p3zpD-dMG9F9-&HdKA5"
"renee.treby@edu.tbz.ch"|"qB#@C@-1HI@UO-lfGsyS"
"almerinda.stait@edu.tbz.ch"|"pnYDh5-T6LolV-ajbsUp"
"andree.reddecliffe@edu.tbz.ch"|"rRMpFs-kZq03O-3Jm7nR"
"leone.wintle@edu.tbz.ch"|"uMWiJ%-shzcMD-9gIU86"
"gerald.fellow@edu.tbz.ch"|"9QmIk8-LWg%cp-7XKN5$"
"ju.gudger@edu.tbz.ch"|"geG5r%-z3qYKo-Id9hq%"
"meng.ohaire@edu.tbz.ch"|"gFOXyo-5C%3Pv-BCFkvy"
"cleopatre.missington@edu.tbz.ch"|"RV@hA7-6m$P8M-u%DOUz"
"annotes.debruyn@edu.tbz.ch"|"EEu$tC-8lHs5U-XeCgTG"
"gerald.sinisbury@edu.tbz.ch"|"lRU6Ew-4QqDqF-ZW1BDq"
"creez.slora@edu.tbz.ch"|"#4duf9-UAKdxr-%QNjtl"
"gisele.benbow@edu.tbz.ch"|"11GbDp-$e02Ed-uwfRZG"
"pal.dossit@edu.tbz.ch"|"pVdZmC-ys2XMI-QS#n4H"
"nelie.stirrip@edu.tbz.ch"|"hiRX$q-BU$QBt-Utkm1m"
"alois.ocrigane@edu.tbz.ch"|"lLq3#W-M$BByo-fyIr%I"
"kui.mcterry@edu.tbz.ch"|"PMeDca-hXiLIZ-JAcZ46"
"long.willgoss@edu.tbz.ch"|"nOlZ@#-l6S8mU-WuuzME"
"francoise.sumpner@edu.tbz.ch"|"dcbWjA-PI47Fj-N%MN9V"
"maely.grinstead@edu.tbz.ch"|"b92#LC-iRlXLr-VC%x0p"
"creez.langeren@edu.tbz.ch"|"tfyeQ7-X4WxL1-$lFqsq"
"adele.dungate@edu.tbz.ch"|"RtC&yz-N4ZEvW-x7pg56"
"cleopatre.noirel@edu.tbz.ch"|"X%j#Uk-3RxCy0-B$Vrgo"
"interessant.daverin@edu.tbz.ch"|"g&8QCf-zAV%qN-USfaOH"
"naeva.kalderon@edu.tbz.ch"|"ioL$HU-jhaCj7-C1Hthb"
"anais.oshesnan@edu.tbz.ch"|"ar#1O@-7rrjIx-DHPpmf"
"judicael.anelay@edu.tbz.ch"|"pW#jAI-Sc@p4y-eqlvkd"
"eloise.braxton@edu.tbz.ch"|"kc7imz-bDq9#e-gtONBI"
"desiree.greguol@edu.tbz.ch"|"5%eUtk-0MonnG-LuL8dl"
"maite.mcclenaghan@edu.tbz.ch"|"NUiMr0-maxOTV-#QezK&"
"meng.doret@edu.tbz.ch"|"PIqB9L-X6Kx%A-4WPLQY"
"frederique.chippendale@edu.tbz.ch"|"CUIM89-GqWLUY-UZkXtN"
"andreanne.lanney@edu.tbz.ch"|"pnYqEK-toTA7j-mV0okL"
"aurelie.claus@edu.tbz.ch"|"YPgYtf-3liYgQ-b19aaf"
"renee.pabel@edu.tbz.ch"|"72Pxel-O62wUc-4UTytz"
"maena.roust@edu.tbz.ch"|"6AMeyW-F0SbMw-#5uPEH"
"nadege.carwithim@edu.tbz.ch"|"CQxvgG-bNac5U-JWFKAv"
"solene.geyton@edu.tbz.ch"|"Qs%aZh-D&vdHC-5uzY7#"
"dafnee.avraham@edu.tbz.ch"|"MQ@Hnz-lIzGiU-tVRLcj"
"leane.woolvin@edu.tbz.ch"|"dunEg8-z6IfLv-bip$b%"
"adele.macadie@edu.tbz.ch"|"1SPLnL-ik&$nh-U4xZ%6"
"meline.rubica@edu.tbz.ch"|"8CeahU-$MtyHs-54b9Ea"
"marie-noel.speeding@edu.tbz.ch"|"&edg7q-CEq4LN-da&hZc"
"nelie.mix@edu.tbz.ch"|"PFs@K%-#M09c6-ok38VI"
"clea.ollett@edu.tbz.ch"|"FVbR19-92uCTo-te2HOQ"
"leandre.mcgavin@edu.tbz.ch"|"z7@ihz-cfOn9J-HN#Z3d"
"cecile.behne@edu.tbz.ch"|"rkz@Ag-#TLXIn-YjZItN"
"melanie.polle@edu.tbz.ch"|"1E#uDF-OMfOMJ-Jszn%m"
"marie-josee.titmuss@edu.tbz.ch"|"63gzf1-caJm4v-JJDkdj"
"helena.guest@edu.tbz.ch"|"ONgkXg-ypl3vm-95QmGV"
"annotes.chicchetto@edu.tbz.ch"|"bm0ucm-C0LghU-5kX7CC"
"melia.tubb@edu.tbz.ch"|"vukBhL-Vo7$XM-Vx0dXI"
"angelique.casetti@edu.tbz.ch"|"l3pZtd-AVeKQp-Nm$5aG"
"cunegonde.cleall@edu.tbz.ch"|"JqrpwQ-WEiAes-WppCa4"
"camelia.oaker@edu.tbz.ch"|"op8z8a-%NPSNb-iS0mJs"
"you.searight@edu.tbz.ch"|"cx0RtS-8UIx3M-FDmh@q"
"kevina.dederick@edu.tbz.ch"|"7Q0cPY-$7iKRy-I1LbZ@"
"milena.jeffrey@edu.tbz.ch"|"IAeITF-QpXGLp-syIG5R"
"melodie.barkshire@edu.tbz.ch"|"cxq9v7-oD9GjL-BOxLUW"
"gaelle.kreutzer@edu.tbz.ch"|"95ckus-2VT91T-&6o%eD"
"kalliste.kleinpeltz@edu.tbz.ch"|"i5LD%G-rt6MAP-&#3fLh"
"clementine.danat@edu.tbz.ch"|"cwt4oV-3XeujN-dT$GMK"
"andrea.wabb@edu.tbz.ch"|"qm2vHl-cxoEvR-@TbBXd"
"geraldine.piesold@edu.tbz.ch"|"VxHbsS-wloyOy-@58c9D"
"tan.fiveash@edu.tbz.ch"|"LfPmUu-3i1%pr-Dt9bPx"
"meline.yuranovev@edu.tbz.ch"|"W9raNN-Idkk5e-pn6VuI"
"therese.holme@edu.tbz.ch"|"62iagl-6OYT$@-0J#EhI"
"salome.vaney@edu.tbz.ch"|"A$lFe&-DfZowP-xDlhIy"
"anae.abramson@edu.tbz.ch"|"rU2sc3-Llc&Oi-KC%ynJ"
"kalliste.jimson@edu.tbz.ch"|"BwL0XS-693&UQ-Q5ZRBG"
"selene.yole@edu.tbz.ch"|"EZHp#2-dGh$i9-wZy1Tx"
"agnes.defraine@edu.tbz.ch"|"Tjk3RZ-GSmWb7-P@nvjO"
"faites.mccluin@edu.tbz.ch"|"Akh9Rx-VxnW@8-s00vrq"
"athena.deme@edu.tbz.ch"|"B%1aJw-6BrNKr-glOd@0"
"daphnee.brigstock@edu.tbz.ch"|"2RNCXI-DaIClo-utXEqc"
"goesta.skaif@edu.tbz.ch"|"0AvSnq-Zh%O85-4v%A6R"
"oceane.jagoe@edu.tbz.ch"|"WlWWYB-@4Dt68-xFKt6E"
"annotes.broomhall@edu.tbz.ch"|"rudjLh-ySD@0m-Iegp#T"
"marie-eve.ballendine@edu.tbz.ch"|"qF237Z-JG2dK@-@uiUCI"
"melina.spykings@edu.tbz.ch"|"f1HpgT-ZIr@ai-pA7evf"
"laurene.ticehurst@edu.tbz.ch"|"9pmDco-UUXmVU-bqf1JM"
"fei.avramovic@edu.tbz.ch"|"Fyf2hK-CYbn%b-fKiJp$"
"publicite.strathearn@edu.tbz.ch"|"aiS7rr-QsiR4Z-$j9y2W"
"torbjoern.garrow@edu.tbz.ch"|"#g2hvU-f2N2@x-N8UOq#"
"chloe.rubinsztein@edu.tbz.ch"|"M4OKuX-7qzOE#-7D8E4W"
"mylene.demanche@edu.tbz.ch"|"AKlmEU-AG&NCY-lbW&$y"
"mediamass.godlonton@edu.tbz.ch"|"r&hL2b-4vrQD8-XJD6B1"
"renee.shurrocks@edu.tbz.ch"|"4emkWM-tO9Q78-U7KkXt"
"maiwenn.jedras@edu.tbz.ch"|"66v4Q1-7H@ze%-E$PKVv"
"genevieve.castells@edu.tbz.ch"|"BA$R2W-vjkaBi-Lpx7Qz"
"renee.sneden@edu.tbz.ch"|"cata4j-yaEoci-oqMu@f"
"lai.mccallion@edu.tbz.ch"|"k%&tIm-X%cYf#-ehd7YP"
"kevina.impleton@edu.tbz.ch"|"gz#iTz-nfathS-xUUlad"
"oesten.fresson@edu.tbz.ch"|"@DzCmE-o4ExWp-FOiSW0"
"verane.shawley@edu.tbz.ch"|"yBSN3j-sMubuX-z5QOn%"
"uo.sjostrom@edu.tbz.ch"|"q7Hto#-tXokBK-PDGH$@"
"gisele.gothup@edu.tbz.ch"|"YRME1%-sEj@2I-9vfPpZ"
"renee.beauman@edu.tbz.ch"|"ekDtuj-OFosST-smNRF1"
"elies.loton@edu.tbz.ch"|"LoLHzs-b&&JnO-qypuI7"
"valerie.elsmore@edu.tbz.ch"|"W9y5HQ-brKhBb-@u$WsF"
"berangere.delafeld@edu.tbz.ch"|"J9iz4e-wQUE3o-&znieZ"
"bjoern.schimke@edu.tbz.ch"|"nRVrrV-7hJcZ7-yk#w3J"
"loic.ericssen@edu.tbz.ch"|"wisb9&-mNoigj-sLqX7w"
"creez.richarz@edu.tbz.ch"|"#q9THG-tbnTkv-NEp7L3"
"athena.grocott@edu.tbz.ch"|"#LvJSL-sCrZgI-ykwaya"
"naelle.piotr@edu.tbz.ch"|"kKv2gc-zW@5ej-HDxGbw"
"maella.paulson@edu.tbz.ch"|"ArjBE8-A3&Ujg-NKhD6q"
"song.perot@edu.tbz.ch"|"74xj3w-Odrbce-ywciqM"
"kalliste.heckney@edu.tbz.ch"|"OO#dfD-HoH#8T-OCMkV5"
"ake.vasyutkin@edu.tbz.ch"|"4kM1ZC-HHr#e3-Wh1&74"
"ma.castles@edu.tbz.ch"|"u$jyI&-oCeWp0-OsnXmT"
"maely.monget@edu.tbz.ch"|"#c8M8e-P7#VQ$-rPy1qY"
"tang.durbridge@edu.tbz.ch"|"3u&eUB-r8v#wb-L#QWBT"
"laurene.andrew@edu.tbz.ch"|"F0s#$m-vWUmXd-rhjZJj"
"lysea.beacon@edu.tbz.ch"|"ewniNI-dAZE9Q-@c9I4j"
"leandre.peyntue@edu.tbz.ch"|"qXDhAD-t&gcJQ-P493Jx"
"rao.trever@edu.tbz.ch"|"LZjGwO-E74a5U-&D&wp#"
"mahelie.streader@edu.tbz.ch"|"x25#&7-cTmqux-Y34Giq"
"maerta.andrejevic@edu.tbz.ch"|"vI5dFT-7I2l$J-EKDr&c"
"goesta.tompkins@edu.tbz.ch"|"$iXTCz-&#6SdU-itx4bH"
"helena.agates@edu.tbz.ch"|"DMI0nS-IN#B#Z-bVWcTC"
"therese.glass@edu.tbz.ch"|"jUsROa-6JQlEn-Wp31ve"
"alois.foan@edu.tbz.ch"|"@mTBiI-aT&joK-BkSw5k"
"becassine.melchior@edu.tbz.ch"|"9S9Ddi-MuDZvk-JCf2HO"
"cloe.robart@edu.tbz.ch"|"xtXJfe-pi$HMh-kK&Qnm"
"daniele.puckinghorne@edu.tbz.ch"|"WzYIAa-le62j5-5sjYFg"
"selene.cammidge@edu.tbz.ch"|"U3Kkof-MaG$5s-zpq7MJ"
"regine.conochie@edu.tbz.ch"|"v16lqT-47O4kl-@SqV2Q"
"interessant.tuiller@edu.tbz.ch"|"L1OA9U-F0zYZu-Knn2Al"
"long.tiebe@edu.tbz.ch"|"wg3FX$-yBguVG-lkHRHI"
"mans.yele@edu.tbz.ch"|"j30ipp-m&WUq6-7YMDdl"
"ai.giles@edu.tbz.ch"|"jsBWQM-$jjQVB-FHTOM1"
"gaetane.hamberston@edu.tbz.ch"|"pswc#A-r$&sEN-&O0cEG"
"marylene.fenix@edu.tbz.ch"|"M8uule-6E6$YZ-YS6q9P"
"geraldine.graeme@edu.tbz.ch"|"EzK&eX-pAxQ1S-mfdkRX"
"tang.kinglake@edu.tbz.ch"|"DgHohK-$op2Jh-ReTN$4"
"lai.challoner@edu.tbz.ch"|"2s94Rn-ri0721-PWdTlq"
"desiree.mattei@edu.tbz.ch"|"7aQvRm-VY6kXJ-F0e4e0"
"ake.erley@edu.tbz.ch"|"K3j#D4-C&f20y-W#pYKL"
"edmee.cavil@edu.tbz.ch"|"Q$aX&4-LRrnsY-oB1jzf"
"alois.moyes@edu.tbz.ch"|"qGKPGr-c19cSJ-S$8jCi"
"becassine.pitman@edu.tbz.ch"|"OwbJZl-dw8DcM-QJyNmI"
"ai.giacovelli@edu.tbz.ch"|"veG4W8-Pr%ACw-k9zGQI"
"judicael.fruchter@edu.tbz.ch"|"iR2ZDS-oYWPLS-TaU74n"
"mans.mogg@edu.tbz.ch"|"Cbzn&9-ayW2g1-9v&jDO"
"gerald.foyle@edu.tbz.ch"|"AvwnTP-tkzEj2-lUbFJy"
"wa.androletti@edu.tbz.ch"|"DDB6$w-31YIVf-oVHn&p"
"meng.ollett@edu.tbz.ch"|"iIVS8w-@#Ys93-NwkHNd"
"naelle.macmenamy@edu.tbz.ch"|"IEflXe-&sgwkj-o4i@qF"
"gisele.mcramsey@edu.tbz.ch"|"3PGBjk-dmE9UT-VOhLA6"
"meryl.scolts@edu.tbz.ch"|"YTq5Xt-ULe9UD-AMN%2r"
"celia.bloxsome@edu.tbz.ch"|"BsyrNQ-soRwFY-IEOopN"
"styrbjoern.stuke@edu.tbz.ch"|"jHC%6F-SEr8J&-KkWItF"
"felicie.gwilliam@edu.tbz.ch"|"9sGrHS-Mj#YVM-ZEEDcE"
"da.harms@edu.tbz.ch"|"v7D#Us-ypbay0-CcOogx"
"celestine.baulk@edu.tbz.ch"|"mkAgNf-@X3oe5-xiKf32"
"mahelie.blackledge@edu.tbz.ch"|"5zoN@$-M0lW%w-Q2eywA"
"meghane.salt@edu.tbz.ch"|"fILKtk-7sy0ee-obTq3k"
"methode.paxeford@edu.tbz.ch"|"k9hKCb-lfRaAR-sBeogK"
"asloeg.milligan@edu.tbz.ch"|"leR2GA-kb9FxT-civAPY"
"you.pellman@edu.tbz.ch"|"vuzl#0-gflczE-sbiJm%"
"loic.regenhardt@edu.tbz.ch"|"Zk7rXz-W3uHrV-dz0UVc"
"daniele.savill@edu.tbz.ch"|"UJ6bQp-G2VI#D-InEU98"
"alois.cornu@edu.tbz.ch"|"zAkNzp-ty146I-Tyfe1j"
"oesten.govey@edu.tbz.ch"|"c5mNy$-Xv0QAE-OVY4d1"
"marie-eve.louch@edu.tbz.ch"|"Hi9h$Q-cb#c%#-s%iQ4#"
"theresa.wenn@edu.tbz.ch"|"#I&&yF-mdmxkS-cc3cws"
"andree.eul@edu.tbz.ch"|"j#jTOt-DADs48-4qLg6X"
"lie.paynton@edu.tbz.ch"|"ZX#Svs-So1Z6M-CxH6WM"
"marie-eve.girodier@edu.tbz.ch"|"oBt5eV-UeNvdZ-TgAEXA"
"marie-noel.smithe@edu.tbz.ch"|"GOHSXv-q7pQIn-xP6kDA"
"men.bootyman@edu.tbz.ch"|"Cl%Myq-9GNydQ-GnNd1i"
"ku.sugg@edu.tbz.ch"|"oZIWtB-XNEpIe-2qz88X"
"lucrece.roseman@edu.tbz.ch"|"1IbDpe-0y6m0$-fqTBg1"
"zoe.annear@edu.tbz.ch"|"I@8u2h-%wtGX2-Q08Y&y"
"marie-helene.rennebach@edu.tbz.ch"|"p8wgF$-TiVQ05-M&DDI$"
"lea.djurdjevic@edu.tbz.ch"|"tPj7Ix-&aKygf-ABjEfT"
"goerel.robert@edu.tbz.ch"|"Gcc4aQ-0BK50e-EkDvO7"
"mylene.foldes@edu.tbz.ch"|"y4n5ae-xXX7#s-vNr0kR"
"faites.clegg@edu.tbz.ch"|"tOXy$j-SDieUc-L9ulby"
"marylene.crowcher@edu.tbz.ch"|"1ar9IS-j7AH$X-016oA#"
"aimee.wimpeney@edu.tbz.ch"|"TOqq2X-i0r%Zm-jodNrL"
"renee.atkins@edu.tbz.ch"|"@klN2M-kHR%f8-NhO#sZ"
"rejane.cainey@edu.tbz.ch"|"9C4@oO-9tRI5Q-7OwbhN"
"solene.britney@edu.tbz.ch"|"m5cPbC-G%Fbdl-CUZ#cH"
"marten.shatliffe@edu.tbz.ch"|"&dT1bz-YbWppC-56SrMj"
"maite.issatt@edu.tbz.ch"|"TRBjp7-4#mnOH-nC$Ahd"
"maelyss.edon@edu.tbz.ch"|"0#0GPT-BD84&M-KSZ92v"
"nuo.bamling@edu.tbz.ch"|"l6rzNv-SCQLf0-J0kC72"
"anais.edards@edu.tbz.ch"|"htr42H-yv%9wg-3ULk0g"
"mediamass.bromet@edu.tbz.ch"|"wVbrH3-G5s@TR-u$PI@s"
"beatrice.kimbrey@edu.tbz.ch"|"nWJCaj-NT#&yH-wcYU&h"
"ines.lawranson@edu.tbz.ch"|"ahflcg-N2ePhL-xoOPwl"
"kalliste.scandroot@edu.tbz.ch"|"XtGVA%-VNoU%v-gQ2Cx6"
"mans.barrowcliffe@edu.tbz.ch"|"u&znSy-5Ua9hj-PAMINV"
"irene.couves@edu.tbz.ch"|"rbobx7-3&wRYr-MwKYF%"
"milena.mucci@edu.tbz.ch"|"%2gm@d-TYZtC7-2Sr0Hq"
"naeva.cow@edu.tbz.ch"|"GmHBjv-Av4vbN-jub7W%"
"audreanne.mournian@edu.tbz.ch"|"GYOZqi-tFEPZ1-TVEL$$"
"melia.sinnatt@edu.tbz.ch"|"Z0thwB-rLkL$5-tWaozQ"
"nelie.burnard@edu.tbz.ch"|"XbraIV-d0nhWL-M6qUfC"
"clelia.ashfull@edu.tbz.ch"|"BIjJLl-Jjq$N5-biBcu7"
"lie.macard@edu.tbz.ch"|"5lsrda-c$0FLK-PoU0Y#"
"valerie.matoshin@edu.tbz.ch"|"E52ncy-tAXwvO-4A$0UP"
"anael.hatherleigh@edu.tbz.ch"|"Ck0G11-vbCb3p-WtVnPH"
"interessant.warratt@edu.tbz.ch"|"ZM8ym$-x2xZuL-MwXDO0"
"eleonore.volage@edu.tbz.ch"|"aRlq1g-CA1ANw-0&1UXU"
"zoe.stebbing@edu.tbz.ch"|"1md$U5-#PTDFt-hSRbkn"
"alizee.nye@edu.tbz.ch"|"yHQdld-J%EqfF-CaMF%k"
"celestine.bramley@edu.tbz.ch"|"yR3ok#-xQ%wsb-JnBBAc"
"selene.philcott@edu.tbz.ch"|"m&uydv-b#Woi#-9T4Q%I"
"tang.newens@edu.tbz.ch"|"8ERMFD-uiiWIf-H4ugM@"
"annotes.powys@edu.tbz.ch"|"qklqCs-Ec$rNt-lvqRND"
"lea.matthesius@edu.tbz.ch"|"FeIzdo-Bo29kC-Xhh4aR"
"illustree.garlett@edu.tbz.ch"|"lQt9kH-QdJAWu-olFxN3"
"maiwenn.meachem@edu.tbz.ch"|"qkOnJQ-qQUqkT-snOvH5"
"marie-francoise.mcbrady@edu.tbz.ch"|"Dc$$s4-MF#GR7-Y$XohI"
"illustree.gimbart@edu.tbz.ch"|"uzd7P&-DScsyU-9ChW&l"
"melys.lyosik@edu.tbz.ch"|"z6PLJo-kTW@t0-sD5w%j"
"marylene.mcnab@edu.tbz.ch"|"TqNTVJ-t8GJdv-Xa4SBc"
"gerald.blount@edu.tbz.ch"|"szp@dX-eG#uVz-r4ZpNZ"
"clelia.shakelade@edu.tbz.ch"|"sUapb%-okUeBo-0dL36q"
"penelope.cridlin@edu.tbz.ch"|"VlYrfq-6Pn%$F-d#8TtL"
"maena.okuddyhy@edu.tbz.ch"|"c7SG0S-KCqHtd-r2l4An"
"athena.keynd@edu.tbz.ch"|"N5#AWk-lY1ksj-jUDWXf"
"cloe.dwine@edu.tbz.ch"|"jhZH%q-3776cS-OyImEp"
"josephine.browett@edu.tbz.ch"|"nuJXtQ-uZy77#-cv1QVT"
"audreanne.oscanlon@edu.tbz.ch"|"mK5r5y-%%cfrk-ttvSoH"
"fei.jeanequin@edu.tbz.ch"|"@u#UYs-2NeZp&-ceYcI3"
"lois.gormally@edu.tbz.ch"|"HCS7Wr-mJB1KG-1POg&l"
"marie-francoise.finnigan@edu.tbz.ch"|"sH7JXF-kgl92X-baov&b"
"leonore.trussman@edu.tbz.ch"|"Fb1bSL-SgSfe&-O9KJOm"
"anaelle.trumper@edu.tbz.ch"|"u1NIfj-HbgYxn-H%kJvb"
"clemence.dionis@edu.tbz.ch"|"yEx5Pq-XeQKyQ-R5kbjS"
"lois.tranmer@edu.tbz.ch"|"IibAZa-vNKX#2-tck2oB"
"interessant.volett@edu.tbz.ch"|"Tth22A-Z1qxcq-JzHaZH"
"personnalisee.deackes@edu.tbz.ch"|"qPdico-YkmHz6-ckim5b"
"lie.vasiliu@edu.tbz.ch"|"KfMpKk-YiE5Tv-rdGes@"
"dafnee.lamputt@edu.tbz.ch"|"r5M@rw-gdM79S-Esl81W"
"elies.bromige@edu.tbz.ch"|"WMrC6P-hztHdu-yGN0&E"
"helena.klosser@edu.tbz.ch"|"1vCMxn-QIYRlE-F5F%Sb"
"andree.grim@edu.tbz.ch"|"qc5BDN-XLFE$6-47Ijb3"
"verane.coldbath@edu.tbz.ch"|"sasBXY-k#JLFd-#CdMl&"
"helena.bethell@edu.tbz.ch"|"&$@A%1-dJYHhN-%4j0Eg"
"kalliste.carefull@edu.tbz.ch"|"zu9rvq-F$P2oZ-YRgyEM"
"regine.odams@edu.tbz.ch"|"tqP%in-0GKJpM-EIVUmy"
"len.stannus@edu.tbz.ch"|"w@qxff-Py9@1v-lLsxB4"
"angelique.works@edu.tbz.ch"|"6SDZ1N-Oxq#G#-2BUxiR"
"goesta.rheaume@edu.tbz.ch"|"tI35ba-R5xJuy-#d6R%D"
"maelys.tynnan@edu.tbz.ch"|"%jJvbe-qHQ#pp-@4Xcyb"
"maelle.carlesi@edu.tbz.ch"|"f8t0s3-YrlhN8-5GCLgz"
"anael.spurden@edu.tbz.ch"|"ws&jGV-JkFCr3-rfk@qV"
"helene.pumfrett@edu.tbz.ch"|"HTaFk%-$x#Q56-PYwXIX"
"goerel.pearn@edu.tbz.ch"|"wTO9TL-m5a@Xb-bjfknO"
"laurelie.dezamora@edu.tbz.ch"|"LwSd6w-WHKuA4-nboJn%"
"yao.twidale@edu.tbz.ch"|"i8mHlr-8BbEYU-CYMVQQ"
"berengere.sola@edu.tbz.ch"|"KBqEZy-y&ULEa-A%DGw&"
"maelann.hardistry@edu.tbz.ch"|"YDmJS7-I2wF6w-$je2oP"
"severine.littlefield@edu.tbz.ch"|"jzaHEc-geapw7-T%aRlr"
"salome.heinl@edu.tbz.ch"|"jG$OfF-F@giUP-xSZlEp"
"meryl.warbey@edu.tbz.ch"|"YVGj1z-RdRR2H-Ir#iA5"
"da.hunstone@edu.tbz.ch"|"$nPM5I-BE22YS-SDQm0W"
"venus.broadbury@edu.tbz.ch"|"OR#jQe-RpzG4F-NmePgT"
"meghane.rentelll@edu.tbz.ch"|"ukw@0O-j%K%#4-rCFviX"
"marylene.drewitt@edu.tbz.ch"|"sInFc2-JXKkTR-HMljKv"
"melinda.jacquemet@edu.tbz.ch"|"RsLm3%-3XSdyj-VYiiI4"
"marie-josee.keyden@edu.tbz.ch"|"SwSrPl-iDFzm$-gkV6CL"
"asloeg.montacute@edu.tbz.ch"|"15iN2x-eHkBMB-ko07iH"
"ku.andreou@edu.tbz.ch"|"Wfwkjr-byY4&#-rL3lpt"
"personnalisee.feaveer@edu.tbz.ch"|"SdGjqC-X&7Gpt-cjN4LO"
"laila.emptage@edu.tbz.ch"|"ozBxxJ-P52g%E-NKPUJS"
"bjoern.dawdry@edu.tbz.ch"|"0i%mQb-g$k4pk-MEpFHA"
"marie-eve.dinsell@edu.tbz.ch"|"ow%SIU-mXkjMo-GbmsyC"
"helene.follett@edu.tbz.ch"|"vXN2Vt-LOC0Ah-KRE5Hn"
"penelope.cordero@edu.tbz.ch"|"Dh$1T4-p2%5#p-EcQyuh"
"boerje.beedell@edu.tbz.ch"|"z$cWjn-DbirpN-ojHsaf"
"nelie.ferne@edu.tbz.ch"|"6ZMul%-HoWjVz-VvaLX2"
"celine.ahmed@edu.tbz.ch"|"nsGu0X-T$kPKZ-%sd5Zb"
"stevina.pimblett@edu.tbz.ch"|"Z11dTz-92@7pb-L%BBXY"
"chloe.langlands@edu.tbz.ch"|"uZgxAe-zc$3Zt-BpdC9c"
"simplifies.maude@edu.tbz.ch"|"Hrw97R-byw%Cq-9mBOG9"
"genevieve.decarteret@edu.tbz.ch"|"aVkzVc-TmFrQ#-DOKs44"
"marylene.mughal@edu.tbz.ch"|"yZKg0O-X3e0w&-p5VMep"
"goeran.guttridge@edu.tbz.ch"|"8@wZ0L-TwzakC-HCjn3s"
"michele.smurfitt@edu.tbz.ch"|"TQIjpY-51ZCV#-LPa$Rl"
"methode.hadeke@edu.tbz.ch"|"q@2u7N-sygMr&-lQN%z0"
"therese.rispine@edu.tbz.ch"|"JLbdpy-$dQCAK-EztMWY"
"goerel.plumley@edu.tbz.ch"|"G02Kj@-iO&KTd-Hm@vnB"
"oceane.friett@edu.tbz.ch"|"xXIBhB-yUsKqY-Uc1Bqs"
"marie-noel.achromov@edu.tbz.ch"|"3$WKKr-65VgVR-uHdzh%"
"dorothee.storek@edu.tbz.ch"|"Uh7oKl-Y9H6ZT-7Uc6CH"
"goesta.whittle@edu.tbz.ch"|"SOWO9M-HtDjJJ-VpXLqj"
"desiree.casely@edu.tbz.ch"|"5kJiye-gls2Xl-eSST@U"
"felicie.condon@edu.tbz.ch"|"pGG0xw-vEYRA%-O3uu5@"
"maelyss.frisdick@edu.tbz.ch"|"RXwlVb-ODO%fi-PE8jJd"
"aimee.banke@edu.tbz.ch"|"4u@UYk-Smzgmk-3woVjF"
"naeva.hodcroft@edu.tbz.ch"|"D&HPs&-Y7npoT-B#sE3S"
"laila.gerrans@edu.tbz.ch"|"v89Yb4-F&6Quj-%A6QxS"
"daniele.scrimshire@edu.tbz.ch"|"AKQAut-rTwcfz-Ys&cUo"
"daphnee.sheerin@edu.tbz.ch"|"VFGAQc-8$Y%14-ELKjeI"
"pal.vanyukov@edu.tbz.ch"|"sV8xU@-CdSR%C-fS%z$y"
"zoe.childs@edu.tbz.ch"|"gkl8$w-w#ClUg-@h6Ta2"
"ai.corde@edu.tbz.ch"|"zFdjwE-&Q86E%-NdKxM$"
"maelys.berryann@edu.tbz.ch"|"x7tRAQ-yMNnLT-OjM#Mh"
"cloe.gladding@edu.tbz.ch"|"OH&vSL-s1CW3j-s7$ZBn"
"wa.kinnaird@edu.tbz.ch"|"Eb#DOw-uM&alN-qkosvU"
"publicite.brittoner@edu.tbz.ch"|"BEMgKm-Agu9X2-cJw8G&"
"rao.windress@edu.tbz.ch"|"#3H7%&-wVPYvY-xTvDSH"
"uo.kollach@edu.tbz.ch"|"P&ZKmv-PUZwyC-0uy2k0"
"josee.peskett@edu.tbz.ch"|"Dfoyc#-M%hCTm-c%ji@K"
"annotee.hasel@edu.tbz.ch"|"H@3lhn-tVr2pV-YRHt7L"
"cinema.lee@edu.tbz.ch"|"4ZEXMQ-EOdEJb-8RNgK4"
"lai.vedeshkin@edu.tbz.ch"|"0E5QH3-2%q&XQ-1P8f07"
"renee.brisbane@edu.tbz.ch"|"j3$@G2-qxnGTX-gGJKaa"
"ophelie.blincoe@edu.tbz.ch"|"oNC7%W-vVxF34-6gnyk0"
"zhi.prazor@edu.tbz.ch"|"D1qzyM-lfVthp-O@VG2M"
"annotee.maddicks@edu.tbz.ch"|"$kZV59-QPY5ft-abb0bn"
"maelyss.codd@edu.tbz.ch"|"Uftymg-liEA&&-jSW3YO"
"celia.peplay@edu.tbz.ch"|"%ukjpA-RWrr@5-YEzhHB"
"interessant.skone@edu.tbz.ch"|"4$e2$C-FWH7hg-BixsdX"
"audreanne.hebdon@edu.tbz.ch"|"Y65gJA-HBPU5P-hIwudX"
"oceane.glen@edu.tbz.ch"|"DII0bt-gv3p%I-iQ4kZs"
"daniele.vanyushkin@edu.tbz.ch"|"5HwQ78-Mu1hfu-gSoxW5"
"daphnee.ayce@edu.tbz.ch"|"nGtoSv-CwiMjY-LeabZf"
"andrea.attride@edu.tbz.ch"|"IbFn9H-HrkvDw-3yjWX@"
"penelope.bridgwood@edu.tbz.ch"|"VYQrK4-nQkbcv-KFGBWM"
"mailis.drewitt@edu.tbz.ch"|"apchsV-5O1UHp-5oybiE"
"penelope.mollene@edu.tbz.ch"|"W6nRm2-poc5zm-hytRW2"
"illustree.keely@edu.tbz.ch"|"evfX%L-GLJTia-RxNV37"
"meng.brisseau@edu.tbz.ch"|"rJ1U8t-gmqTiX-89oveI"
"ruo.cleiment@edu.tbz.ch"|"E3%pgf-h2R&qI-go1#Ww"
"maite.krammer@edu.tbz.ch"|"gXhnb2-4RZ&k1-e960uy"
"genevieve.verry@edu.tbz.ch"|"0FybPR-a3UMOZ-uQE4Ap"
"lea.olochan@edu.tbz.ch"|"EchCg3-gdE2xR-wYvs#y"
"naelle.brunnen@edu.tbz.ch"|"mz$rZX-Hr7&aC-RA2RQo"
"goesta.bragginton@edu.tbz.ch"|"itlw%0-ACsjxe-ORCWeY"
"fei.danilyuk@edu.tbz.ch"|"S0TUmv-yWbNJv-HX7yMN"
"adelie.turbitt@edu.tbz.ch"|"y0@#F8-xb7rJK-Zmn&LY"
"marylene.nutman@edu.tbz.ch"|"iNRVtF-nCUu$A-TEiODy"
"therese.barbrick@edu.tbz.ch"|"p&0Jon-pD4vhm-HJ5838"
"melys.kolodziej@edu.tbz.ch"|"#Tkipz-I9TCEy-3FKHqJ"
"melanie.runchman@edu.tbz.ch"|"kfnJUN-07gnZ%-CScJHi"
"serena.lafond@edu.tbz.ch"|"IQb5PA-e2YfwN-ympOIE"
"pelagie.desmond@edu.tbz.ch"|"X2pc5d-elQRNp-qYIfPg"
"wa.spickett@edu.tbz.ch"|"iBzWyB-#gHMlt-elv%3v"
"po.shave@edu.tbz.ch"|"tFG34Q-m6t9G7-tpmgL8"
"song.huikerby@edu.tbz.ch"|"BTAQGp-1gV3SE-sHbohp"
"melinda.bimson@edu.tbz.ch"|"0&fXBz-I$0pv6-x2pFCS"
"personnalisee.toffanelli@edu.tbz.ch"|"fUVqG7-kiw@Id-mxNd11"
"leandre.hurn@edu.tbz.ch"|"gp&RoN-XlEUe0-&qD&m8"
"oesten.standell@edu.tbz.ch"|"uhTJOR-B297ME-gdcLtD"
"naelle.smaleman@edu.tbz.ch"|"crmF7H-6EJVjs-5rrTEJ"
"berenice.tayt@edu.tbz.ch"|"ZS4$Sh-0I&zp7-SPBo7M"
"kui.popplewell@edu.tbz.ch"|"Bo0E#K-5qeB3s-3XbRkf"
"melodie.ferandez@edu.tbz.ch"|"HnzQlr-Ee@Q#m-PnOyZt"
"josee.negal@edu.tbz.ch"|"J6B1Ws-t92M#&-%UDO8B"
"melissandre.ferrelli@edu.tbz.ch"|"1&Jxl@-qGh8gJ-lqpD4M"
"josephine.kemmer@edu.tbz.ch"|"Iqb4mG-N9U6M6-97miP3"
"maely.cayette@edu.tbz.ch"|"5su9$d-HD27S7-@z2%VK"
"nelie.vela@edu.tbz.ch"|"RESHrJ-d2W&bA-6iSuHm"
"melina.cortes@edu.tbz.ch"|"%14oXY-&CtwXn-xRXQUC"
"megane.leyshon@edu.tbz.ch"|"ou1lkD-5ViPcI-GUlKMV"
"regine.harrie@edu.tbz.ch"|"DzlEVD-sy0SCV-KPXsko"
"mylene.widdison@edu.tbz.ch"|"1BbrHe-zY09Ax-xWkfqa"
"pelagie.vivash@edu.tbz.ch"|"HZTyd$-GnPuU&-tHw2fk"
"styrbjoern.vicarey@edu.tbz.ch"|"z#FjXw-X1mloz-lbsMXs"
"long.kyles@edu.tbz.ch"|"TH4emP-PTqT1U-ib7pyO"
"stephanie.gipps@edu.tbz.ch"|"4EtRSx-rUBHiF-XpGj%x"
"clea.constantine@edu.tbz.ch"|"bY9#&Z-mGXeBm-THgiBx"
"maella.cometto@edu.tbz.ch"|"2xoU2c-ql7yE2-%5txS4"
"laila.aubrun@edu.tbz.ch"|"Dje6MO-&DnR#Y-w14xK%"
"yao.austins@edu.tbz.ch"|"&Sqb8m-oo8LZV-VQiMb@"
"mailys.rylstone@edu.tbz.ch"|"vwhF#u-mbvRZi-lPCrkg"
"adelie.curuclis@edu.tbz.ch"|"d#tAUQ-fByfAZ-xHHk2R"
"celine.longhurst@edu.tbz.ch"|"#I4uA#-lgylRi-ovYn5T"
"gisele.hazell@edu.tbz.ch"|"8V5D#1-rHkL@n-%bjkV%"
"celestine.ciccone@edu.tbz.ch"|"d@f2ep-B1VDkp-m5hQCd"
"maelyss.doole@edu.tbz.ch"|"5b1Fed-i1HpcZ-h$Ingr"
"helene.grimsdike@edu.tbz.ch"|"g#Cla7-8nyiK&-NU4gPG"
"lie.macer@edu.tbz.ch"|"cU7WEs-w7p#$l-gPan&G"
"maely.izard@edu.tbz.ch"|"gG9eVE-Uar5H9-msxUxp"
"erwei.breewood@edu.tbz.ch"|"HjC#Bt-fExqtb-gK@fgE"
"chloe.woolford@edu.tbz.ch"|"E2K5lK-HT@yaP-wh9%Cd"
"cleopatre.turpin@edu.tbz.ch"|"CoraIx-u5$w2a-HS@Ivb"
"melodie.surgison@edu.tbz.ch"|"&pYEg2-RBBrt$-0l%jH4"
"elies.leander@edu.tbz.ch"|"Imfghe-83pROk-iT7YAb"
"mediamass.reignould@edu.tbz.ch"|"mhHB54-yO7OTi-E3Qe65"
"celestine.wasmuth@edu.tbz.ch"|"XcSHND-AwSVeP-WUoeqs"
"marten.jervis@edu.tbz.ch"|"%xqezp-uX7Z3$-mmwwdW"
"daphnee.bour@edu.tbz.ch"|"HZtGJO-M7eAL%-cyR072"
"regine.harlett@edu.tbz.ch"|"rIwdl%-Fj2$SB-y@Dlhy"
"noemie.macaskie@edu.tbz.ch"|"J#HgTI-EjLL0L-zAZN2$"
"loic.renfield@edu.tbz.ch"|"j2Cr%T-CCO@dK-1y@P6Q"
"venus.kleinert@edu.tbz.ch"|"2E77GX-oyII3b-%$XTJv"
"marten.burlay@edu.tbz.ch"|"a&vX#h-z2mZRP-Nohkf2"
"berengere.radsdale@edu.tbz.ch"|"kzBegd-N8Ms6l-#&LbwA"
"genevieve.duckit@edu.tbz.ch"|"j#hJ0v-4$ordt-c0Rhwx"
"maely.ligerton@edu.tbz.ch"|"O8%LP9-@MAaL8-bI#17$"
"maeline.ricciardelli@edu.tbz.ch"|"L49Hk6-gRDN8B-BSc%7%"
"personnalisee.yggo@edu.tbz.ch"|"oziKA3-#tvw3w-0%9G99"
"alizee.pettinger@edu.tbz.ch"|"58Hnd%-b9M77M-Ymemyo"
"desiree.curnnokk@edu.tbz.ch"|"clTk7q-BwCMZn-ats$VP"
"dorothee.minors@edu.tbz.ch"|"fwKxUY-PtMcpd-#CMj0y"
"oceanne.kopmann@edu.tbz.ch"|"&4C2AL-wxSvNB-8d8@qq"
"almerinda.brodbin@edu.tbz.ch"|"%Ps3CB-0&kOxi-eKKo2u"
"yenora.carsberg@edu.tbz.ch"|"T8d9tq-vr@i0C-aV4JGE"
"wa.beetles@edu.tbz.ch"|"AiTjtU-VEh#L%-z4ALr&"
"audreanne.abbot@edu.tbz.ch"|"$NDb20-%$48fh-zurPyq"
"noemie.capper@edu.tbz.ch"|"OjKIWz-hls0Dx-v004Ko"
"mans.abramamov@edu.tbz.ch"|"lLEA@7-bYPeh2-bpz$h@"
"audreanne.blakey@edu.tbz.ch"|"1HyS6c-fhpz5k-yvc4oq"
"leone.klimpke@edu.tbz.ch"|"x3nIG7-FQRgSA-GWO4sQ"
"lie.croston@edu.tbz.ch"|"Kk2j92-Zrin5U-4osCmK"
"anaelle.baistow@edu.tbz.ch"|"5ohiJH-XDF7yd-X@TDbo"
"michele.garwood@edu.tbz.ch"|"HQKcom-#CcQR6-oM@qD4"
"interessant.albion@edu.tbz.ch"|"BgIB1I-fUVBc2-u#R0VO"
"andre.brisco@edu.tbz.ch"|"gebJ8M-gcXD$U-a%dT%Y"
"tang.totterdill@edu.tbz.ch"|"SySSvy-PhIUuE-N@o4T4"
"marie-josee.braundt@edu.tbz.ch"|"UyaHPl-G#sof4-83NZIL"
"lois.galer@edu.tbz.ch"|"cQlOAN-NczGWW-eD9UOH"
"faites.pellamonuten@edu.tbz.ch"|"PyfX47-IeAWIq-dvT%RQ"
"mai.barfford@edu.tbz.ch"|"zR70to-Er42&R-K5IB2Y"
"laurene.macilory@edu.tbz.ch"|"dJh#CV-xcS0Yp-aBw$2g"
"elea.peak@edu.tbz.ch"|"KlEKqL-gV#%9W-MkU$aO"
"rejane.doni@edu.tbz.ch"|"$YHQWm-yd1N00-eHARHB"
"mahelie.ector@edu.tbz.ch"|"r%cTOV-dHUsxc-tQtYoI"
"rachele.allum@edu.tbz.ch"|"zpPexF-XNh6DM-C45LfU"
"laila.gerretsen@edu.tbz.ch"|"hZttoY-fNkmrA-b38IiI"
"ines.bowman@edu.tbz.ch"|"d6XIl0-kcXjV1-IEqSDd"
"publicite.barbary@edu.tbz.ch"|"3$iW@e-WZg3yH-t8MrHt"
"mailys.smooth@edu.tbz.ch"|"OYQkRl-X4E%nc-33umc#"
"mailis.huguenet@edu.tbz.ch"|"A7J4yM-SiY1PK-w3AtQ9"
"lea.ewer@edu.tbz.ch"|"Qy3a0x-BCoS2l-fQWwNW"
