"email"|"password"
"melodie.vandervlies@edu.tbz.ch"|"N1agPC-Nt4aOE-38tCyY"
"angele.edgecumbe@edu.tbz.ch"|"5OjUKI-KejDhF-r&phEz"
"zhi.andreasson@edu.tbz.ch"|"e945h0-BqrHkU-vVGgdh"
"judicael.koppeck@edu.tbz.ch"|"bnKcx7-pgp7j4-VJwcTm"
"berengere.capron@edu.tbz.ch"|"#B4fs2-UtaSEj-hb%J5g"
"leonie.brosini@edu.tbz.ch"|"c2hPFG-21cJ@Q-drQXah"
"venus.garfit@edu.tbz.ch"|"UMfs24-ARo@rA-2MXFSp"
"melina.janota@edu.tbz.ch"|"Rw@fJK-zyXKsX-J$TR&x"
"laurene.bake@edu.tbz.ch"|"josXov-Oskvel-rU&91f"
"regine.dorkins@edu.tbz.ch"|"QVH659-zTjBZh-I%u953"
"cecile.moffet@edu.tbz.ch"|"kO37Lw-ca7d66-Imh1t$"
"maelann.labrone@edu.tbz.ch"|"YFD6x%-OfvRU1-@$Pvrs"
"melinda.newbold@edu.tbz.ch"|"S8oW6D-B$FsDO-Uu#2%R"
"mans.itzhak@edu.tbz.ch"|"nq@BSs-y#14y2-rK0WxM"
"melodie.pattlel@edu.tbz.ch"|"0lNj4B-#MXYRp-ebX8E9"
"celine.bonett@edu.tbz.ch"|"zrz%j2-uqT4zK-J3To@S"
"adelie.mcgreal@edu.tbz.ch"|"XlsHkH-jrDc%b-SK$xDC"
"helene.soldan@edu.tbz.ch"|"40y8zF-4lJ&WB-mEu&pT"
"michele.cluer@edu.tbz.ch"|"nDv&4d-VkilHL-vH%pU4"
"maeline.mueller@edu.tbz.ch"|"&QXWjk-tSHd0X-a0D5bI"
"maelann.benedito@edu.tbz.ch"|"t96MAc-P46U7n-e@9kck"
"nuo.gransden@edu.tbz.ch"|"CJU8vz-DQ0q5z-2HaRmB"
"berengere.stainton@edu.tbz.ch"|"nga2n4-g6itn#-@b%@4Q"
"wa.sabater@edu.tbz.ch"|"tug0n8-zj#9Ex-&$b#RX"
"anais.cochran@edu.tbz.ch"|"EGXcfC-tl92Vb-NHMH9R"
"gerald.bessant@edu.tbz.ch"|"Qyasy#-Uc8A8C-JYJL%S"
"ruo.coffin@edu.tbz.ch"|"%Zi6cm-ouPrBg-TFaa3p"
"melodie.mustill@edu.tbz.ch"|"NjrOpp-#XyPj$-0G37sF"
"ruo.stanesby@edu.tbz.ch"|"OQQdH7-6ak@&e-v04P3N"
"noemie.antognelli@edu.tbz.ch"|"wk00we-xlmsab-A5G1OV"
"maelann.hughson@edu.tbz.ch"|"$YyTyB-V&NkQ0-yE1si%"
"milena.mieville@edu.tbz.ch"|"nQHNHt-DsW0TW-8K1wBk"
"mailys.chamberlin@edu.tbz.ch"|"3rkdt3-DqR9ZT-exNRKi"
"nadege.tomalin@edu.tbz.ch"|"G6XtLF-PgNvVv-ZHn0q$"
"oceane.omara@edu.tbz.ch"|"LWlzJC-$jgDBg-jetQh&"
"cecile.aguirrezabala@edu.tbz.ch"|"9jOKth-56HDMa-FTph8j"
"maella.gwillim@edu.tbz.ch"|"nhu%@K-sqgYkQ-ZNNQWB"
"lea.mcgahey@edu.tbz.ch"|"OMVkZV-7SEUJG-1cDRjR"
"laurene.hagerty@edu.tbz.ch"|"KHzP$Q-cUUTP6-HJA5u3"
"dorothee.link@edu.tbz.ch"|"rFxMGh-5o@JOB-Dv3&bq"
"clementine.kynsey@edu.tbz.ch"|"%$4Txc-Up@M%0-6$c7WU"
"lorene.smitherman@edu.tbz.ch"|"41PBR4-AZ5dRg-DXgQJp"
"cleopatre.klulicek@edu.tbz.ch"|"xOrdG#-CG9BNd-ASmgcO"
"laurene.castaneda@edu.tbz.ch"|"C2V523-ZR9ma3-NWU64W"
"melia.constant@edu.tbz.ch"|"j@Q$Fw-FrgmFm-k6tqDk"
"lucrece.clunie@edu.tbz.ch"|"%yv6xE-IwJnXA-MttvyH"
"eleonore.mcmurthy@edu.tbz.ch"|"b4#T3J-4&JyX#-ZrtfN6"
"melia.bevar@edu.tbz.ch"|"B3W0p9-FH75QE-XjR0Fy"
"camelia.bontine@edu.tbz.ch"|"L1@DTy-f6Lyfw-QddnM#"
"methode.jozefczak@edu.tbz.ch"|"r$R@0$-R5JVzq-i16Q9E"
"audreanne.hinsche@edu.tbz.ch"|"$NdYBs-w8I%2K-0H65Gz"
"andree.varne@edu.tbz.ch"|"yiM32H-b$Xq38-fSdQtG"
"marten.kinleyside@edu.tbz.ch"|"b7jQO#-dIj9id-fzZp2A"
"esteve.mcewan@edu.tbz.ch"|"ioTSch-eNa5o9-68G0f8"
"leane.dibbert@edu.tbz.ch"|"X3i5Y0-On2VEO-Z3WtHB"
"ma.thewlis@edu.tbz.ch"|"3if6vF-P#0f$s-yYqjQw"
"clea.djurkovic@edu.tbz.ch"|"2bN6PR-qSGg2t-R075#%"
"rachele.reburn@edu.tbz.ch"|"BiFeVh-JE6nTV-SrFqIs"
"gerald.gowling@edu.tbz.ch"|"Jf1nRS-%wtzJf-mKZa$v"
"cleopatre.jackson@edu.tbz.ch"|"sFnqSM-qTiZvl-fuV9Uv"
"desiree.haskins@edu.tbz.ch"|"U@#CZG-7GZj6K-HsDeHi"
"eleonore.longson@edu.tbz.ch"|"zu#X1S-uCNEmJ-u&m7BO"
"leane.dybell@edu.tbz.ch"|"BYTjvF-8I2H&q-7%5RCp"
"becassine.grzesiak@edu.tbz.ch"|"%JvGtV-uM5sii-PWYgbG"
"marie-josee.pickin@edu.tbz.ch"|"%jZA#z-4LGXE0-G8xAI3"
"marie-josee.roxby@edu.tbz.ch"|"1JNSXZ-e2eqVD-tMB7Rf"
"leonie.feenan@edu.tbz.ch"|"Mr7rn&-LUCZ8A-bgy9eu"
"valerie.ellum@edu.tbz.ch"|"XWodp5-jnJBla-ItQX8j"
"ju.caseri@edu.tbz.ch"|"QLr6wu-MSpguV-DAz2S6"
"boerje.strangman@edu.tbz.ch"|"6jv1Yg-d4%w$K-Dq7nVL"
"beatrice.ghidelli@edu.tbz.ch"|"8gAaIT-$ak2z6-hTIPAX"
"da.jablonski@edu.tbz.ch"|"%fSZ82-B4oyX6-01LK71"
"uo.beveridge@edu.tbz.ch"|"X@JHt8-I1rR7q-rnshEk"
"valerie.bestman@edu.tbz.ch"|"6&RRi2-HIZK7m-NOnE6&"
"marlene.pohls@edu.tbz.ch"|"oc5Phl-PU4wT7-V1dl9K"
"ma.nolda@edu.tbz.ch"|"4JiEUg-h7gA&Q-Hx9UzB"
"marlene.bisiker@edu.tbz.ch"|"o6#i8O-lsIfJc-OsEHBl"
"estee.babon@edu.tbz.ch"|"dL7HgM-VwaH3F-PtVmaA"
"simplifies.dmisek@edu.tbz.ch"|"0&aYUk-1GazWJ-hPDTzB"
"selene.ganing@edu.tbz.ch"|"63ywPm-%Jhin&-zTYgiO"
"meryl.penke@edu.tbz.ch"|"AP9E&t-33%l%h-V9aeH8"
"anais.rawcliff@edu.tbz.ch"|"ZOgQGk-#@akhn-%fjR$A"
"melina.andri@edu.tbz.ch"|"PV8Z7f-1r&&md-mfNas%"
"audreanne.fodden@edu.tbz.ch"|"F%re&y-W5n2sy-01JLpg"
"bjoern.spellesy@edu.tbz.ch"|"Kgyqnp-E#59Yf-ahRYm5"
"francoise.summerscales@edu.tbz.ch"|"qZSJZO-Oqdu3D-l6t6T9"
"laurene.ashtonhurst@edu.tbz.ch"|"9llGuy-1#P77@-0IM4IE"
"valerie.petters@edu.tbz.ch"|"JThcwE-wf#fjN-yXQb7u"
"anael.spenclay@edu.tbz.ch"|"Wi47CP-nAi%7N-$vZQjl"
"stephanie.keech@edu.tbz.ch"|"#7Cmvn-&3tG8y-FzD4q%"
"ines.deveril@edu.tbz.ch"|"TITkxk-AAI$G1-fk4LcD"
"berenice.gelder@edu.tbz.ch"|"yxJzRN-FAav&z-107vAb"
"melanie.ofogerty@edu.tbz.ch"|"7EfM%h-AIXYY7-xEUv1P"
"frederique.canepe@edu.tbz.ch"|"m8hRup-pvFFBH-@6g$PZ"
"nuo.otton@edu.tbz.ch"|"NM5LPR-z9z4OK-fbvgZn"
"genevieve.trusler@edu.tbz.ch"|"I5pJO0-Xgfb@0-RMebsQ"
"ju.boag@edu.tbz.ch"|"fZ0SlW-rs56PY-dQbyxe"
"josephine.dilucia@edu.tbz.ch"|"WBd837-qYWtgi-rhlOno"
"laurene.armsden@edu.tbz.ch"|"v1aDpf-Gyn%F2-fBQO%6"
"becassine.griffe@edu.tbz.ch"|"&h4pDP-y5cJJr-MKznuj"
"alois.parres@edu.tbz.ch"|"8pGZH#-reL&pk-t7AO7E"
"cleopatre.gaffey@edu.tbz.ch"|"ajs$jj-5zmWah-ejtS@H"
"andre.stiger@edu.tbz.ch"|"tYXoUu-kq@yEt-%&D78@"
"beatrice.godleman@edu.tbz.ch"|"$a57Yv-YIEWLu-qfahV8"
"hakan.harrhy@edu.tbz.ch"|"seDZAM-OIn@KI-EK4#mq"
"celestine.dagnan@edu.tbz.ch"|"#2E54R-Iitu6H-dMyjll"
"clemence.haggart@edu.tbz.ch"|"eBRkTb-gTqpad-elHVp9"
"long.caban@edu.tbz.ch"|"jRY96f-GuDzQY-AJgDmO"
"gaetane.grimble@edu.tbz.ch"|"0OVcn&-iYzS7O-gMQ5Tv"
"maelann.piwall@edu.tbz.ch"|"Rp7xbr-tz2IjL-4R7L1t"
"magdalene.loble@edu.tbz.ch"|"FtLgeZ-$Rkim8-148K0D"
"veronique.domaschke@edu.tbz.ch"|"u@G7rl-50Y2N@-KqMI0E"
"clea.herity@edu.tbz.ch"|"xbIW#q-Uz&EH4-Me@ThU"
"maelann.bambrough@edu.tbz.ch"|"G88X%6-x&%PVd-4qY@fQ"
"clea.goulstone@edu.tbz.ch"|"t@OTa0-FIMxlq-jIIq#%"
"renee.deleek@edu.tbz.ch"|"pf3QCp-LXmO6t-IdDT$7"
"boerje.rudderham@edu.tbz.ch"|"rc7VPt-@&@UzY-GY6qZD"
"marylene.broune@edu.tbz.ch"|"qCUNAe-qsQ7ue-q8d4X7"
"nadege.mccuish@edu.tbz.ch"|"n3kjf#-4kx&P0-NutLu8"
"anael.littleover@edu.tbz.ch"|"0TvrpR-Rp2Fn8-IRD9gg"
"lie.baume@edu.tbz.ch"|"ClVE%$-7CfgML-Derjku"
"maella.murrow@edu.tbz.ch"|"dznQwI-vbuez1-FOIWIM"
"cleopatre.pettifor@edu.tbz.ch"|"S#Vf&D-%ufsOZ-y4rH08"
"geraldine.asker@edu.tbz.ch"|"L6#ZMR-hqpiex-oQCYa1"
"gaetane.smedmore@edu.tbz.ch"|"LXhjtG-3xwQsl-vjips0"
"meryl.blencoe@edu.tbz.ch"|"03c68m-pdr$FW-pjDobs"
"aurelie.chastaing@edu.tbz.ch"|"%U5LjK-HDQ#ky-1SUnFq"
"oceanne.marthen@edu.tbz.ch"|"ybS%to-vk6c1I-0e3szR"
"dorothee.burrill@edu.tbz.ch"|"Qad4ux-I1oENs-$EViVX"
"hakan.belden@edu.tbz.ch"|"UN3SkO-P7db9j-QcTJ#L"
"celine.brunning@edu.tbz.ch"|"PgEXLU-5@qS##-L1$VUm"
"anael.lapides@edu.tbz.ch"|"EU9K3o-P%tH3b-W0$SLn"
"ruo.saffran@edu.tbz.ch"|"J4hhCR-wDA5g6-a@ERk1"
"loic.gerretsen@edu.tbz.ch"|"wy1v0N-6s$EBT-V6Q1uv"
"rui.fitzer@edu.tbz.ch"|"9&5$jX-CC7mL#-iEVCdq"
"annotee.ogers@edu.tbz.ch"|"Ie9p7g-cl0h8B-BmFlqh"
"boerje.bindin@edu.tbz.ch"|"H&V5H5-hD7h7w-O08giO"
"ma.cronchey@edu.tbz.ch"|"yj5F#e-0&ac0y-LPuamR"
"laurelie.baiyle@edu.tbz.ch"|"gd4OP$-k&c#ZS-p&Kuz9"
"dorothee.older@edu.tbz.ch"|"s5JWGX-ZxUrWW-f3gLn@"
"laurena.wile@edu.tbz.ch"|"saGbyv-$vVBsb-A03FIi"
"clemence.brito@edu.tbz.ch"|"$xSp7A-$4$jOL-VfC%ud"
"nadege.dallin@edu.tbz.ch"|"46$jWO-r3FtH&-%nsozp"
"mailis.matley@edu.tbz.ch"|"Uh%%ac-FGoyBm-@O9ELo"
"daniele.screaton@edu.tbz.ch"|"iT$Si3-0Oqu4z-Tdo7co"
"mediamass.godly@edu.tbz.ch"|"j07k%d-QIgF4c-JKHs26"
"leone.kremer@edu.tbz.ch"|"s#4kzW-EMmea#-%#C5rj"
"asa.adrian@edu.tbz.ch"|"$5hJoS-SNCL6t-%%#b%3"
"adele.doley@edu.tbz.ch"|"GfsyzG-@lZ1ek-K&3pH6"
"fei.sidney@edu.tbz.ch"|"H%7Ik2-s8MyAR-%PdsZw"
"marie-josee.walisiak@edu.tbz.ch"|"COxA$o-gy695b-S34i42"
"desiree.diplock@edu.tbz.ch"|"iWzrf0-D5UlrY-MbLi8L"
"gisele.schust@edu.tbz.ch"|"Gxp#Ue-GpTkVL-oA4scR"
"ma.longshaw@edu.tbz.ch"|"mZBCqH-hqb7mF-ssPMj&"
"da.boother@edu.tbz.ch"|"vBRtqN-E#ac2f-j0nSwy"
"simplifies.chaudhry@edu.tbz.ch"|"KBJS@R-fKT8px-kizVNo"
"garcon.baniard@edu.tbz.ch"|"Hft%JD-a6ahfN-D0bPEv"
"gaetane.elphee@edu.tbz.ch"|"DObGJ2-oHgQS&-n2etzg"
"gisele.hassey@edu.tbz.ch"|"RL3Af5-lK8GrP-9pspfy"
"oceanne.booley@edu.tbz.ch"|"uKBKZ&-oCUEE0-CUVRkN"
"oerjan.dibden@edu.tbz.ch"|"IdmfjN-#LphOL-0yM#cF"
"regine.ocleary@edu.tbz.ch"|"pKdSsA-b4wIJr-N57q27"
"selene.persse@edu.tbz.ch"|"ZW6tyZ-y8pnHN-&7ZDXN"
"helena.adenot@edu.tbz.ch"|"M4zncT-5OrGFI-lbNmhp"
"maelann.wassung@edu.tbz.ch"|"gYXSs%-Y66hpb-AIUW9M"
"frederique.ackermann@edu.tbz.ch"|"K7PWMG-$C0rI6-$clN01"
"audreanne.kahen@edu.tbz.ch"|"E6$TKU-0RPifT-z5&dVa"
"maiwenn.lasty@edu.tbz.ch"|"of8ffz-wjR0HT-x&F9%1"
"yu.dictus@edu.tbz.ch"|"bV1GTX-ZVbEk6-SzLks9"
"anae.dukes@edu.tbz.ch"|"2XI4lh-tyKgOc-fVpYs3"
"yenora.warr@edu.tbz.ch"|"pWO#6B-gS$S#n-$0Ajn0"
"esbjoern.archibold@edu.tbz.ch"|"a0amsH-My823f-3QUv2C"
"milena.pardal@edu.tbz.ch"|"cKqOmz-JH8OY#-o41k3p"
"celestine.graveston@edu.tbz.ch"|"cloYn7-R#OlZX-MZV256"
"maena.dallas@edu.tbz.ch"|"OcagG4-PjcCoR-7uVqZL"
"andree.tuke@edu.tbz.ch"|"uw2dxH-&Px#xb-pCdQ&s"
"methode.seldner@edu.tbz.ch"|"W658iD-a0MXg%-XfRB2m"
"venus.bullas@edu.tbz.ch"|"aui%vL-3EMv@I-QUpqO5"
"mans.aguirrezabal@edu.tbz.ch"|"Nt&JMW-9lt0b@-v8iMn4"
"gaelle.eadington@edu.tbz.ch"|"gq@oU@-If4&sB-3DgP#c"
"anaelle.falkner@edu.tbz.ch"|"cMIaDQ-Woqf#N-AF3m6k"
"ophelie.height@edu.tbz.ch"|"naNu#X-Yhk@vY-W@wNfA"
"marten.bolding@edu.tbz.ch"|"CLUZ50-OywMMh-3TBbxU"
"pelagie.guswell@edu.tbz.ch"|"yDIozW-cBleZx-kN66gr"
"gwenaelle.lecount@edu.tbz.ch"|"17$9ly-LLM17V-upILab"
"hakan.laden@edu.tbz.ch"|"mh#v@S-m3byNw-XNx14x"
"marie-josee.hylands@edu.tbz.ch"|"4m@zvB-PVGRkg-&9TSVS"
"zoe.kingshott@edu.tbz.ch"|"j5T4tO-lkPd1N-k2IQJN"
"josee.janous@edu.tbz.ch"|"rtU5Ug-fB@M9E-j2CWSI"
"laurene.gallally@edu.tbz.ch"|"5Y%3Xo-3ESzgG-0HiTBZ"
"anael.bickle@edu.tbz.ch"|"CyLiMH-0WuTwt-zwy@ra"
"mediamass.lebbern@edu.tbz.ch"|"xVqHZ6-SHfOnf-Mq0&0P"
"berengere.hovy@edu.tbz.ch"|"Anle$t-KHpB@R-UK16aM"
"oerjan.kilmurray@edu.tbz.ch"|"&NNhee-kKcsOZ-FF&8uL"
"asloeg.venny@edu.tbz.ch"|"5Q%X3k-MgdDcX-$dUiZ4"
"marie-noel.stoad@edu.tbz.ch"|"rlkSHD-&uapG7-yGOZGn"
"hakan.pettifor@edu.tbz.ch"|"2oFsdb-b&ZdH6-zOxhey"
"maella.willgrass@edu.tbz.ch"|"4pa1iD-52n&8M-r0pS0m"
"therese.ludovici@edu.tbz.ch"|"gp8jRo-Kbkl$d-WhiLpJ"
"stephanie.trewhitt@edu.tbz.ch"|"xzu8He-TQ6g2S-r5D4qQ"
"maerta.bauduccio@edu.tbz.ch"|"kdxpmr-3tM%8X-t8hDBQ"
"gaetane.glaisner@edu.tbz.ch"|"8NJlfr-%37rkC-icJMEV"
"naeva.pargeter@edu.tbz.ch"|"qOlCFu-vrX#GH-9#ZzUY"
"salome.venable@edu.tbz.ch"|"lm$3NF-VRiNpa-aa88my"
"boerje.thickett@edu.tbz.ch"|"eE2SUS-NVYnub-L05RYG"
"lucrece.prendergrass@edu.tbz.ch"|"f7rk6w-3TdDJT-&cgJsf"
"laurene.ockleshaw@edu.tbz.ch"|"YFD0RT-puVy6i-3cIlwa"
"cecilia.pasticznyk@edu.tbz.ch"|"%NulEM-ylvi1a-G$3P0G"
"stevina.mackey@edu.tbz.ch"|"lk2IDf-YUG$%s-arrGN2"
"marie-noel.reven@edu.tbz.ch"|"hhy7FM-Uhpsep-M60WIu"
"melina.quilkin@edu.tbz.ch"|"8fgswg-1rfU&e-8$pzcM"
"marie-noel.ferrie@edu.tbz.ch"|"NVy2Vi-nFYjWC-TEpHCP"
"leone.alphege@edu.tbz.ch"|"o3EKKh-&9rZCD-P@VpJB"
"zoe.leverson@edu.tbz.ch"|"Qa5#R8-VswZKX-tLG5d#"
"annotes.grayne@edu.tbz.ch"|"e0DgMQ-Y33GMt-TIri&t"
"faites.lalley@edu.tbz.ch"|"mjBNKq-A9%kaH-sNPx3c"
"adele.wallis@edu.tbz.ch"|"mO$74%-n4$Y7A-f3VtPP"
"severine.madill@edu.tbz.ch"|"aRoPU6-F3g510-$xRK8c"
"valerie.tebb@edu.tbz.ch"|"9uR%pt-BiW8tL-2QNgdK"
"kalliste.rasper@edu.tbz.ch"|"QYp8x2-oAmRr#-M6Z$%3"
"audreanne.palomba@edu.tbz.ch"|"PeNVgC-3JUsoq-nfxBgr"
"elea.adamik@edu.tbz.ch"|"8LM%wU-KPnsRU-lYmaN6"
"reserves.jakuszewski@edu.tbz.ch"|"qt79d4-tpWIY6-TikjQn"
"athena.belhomme@edu.tbz.ch"|"Dz49%X-zdODnL-bn8Ru2"
"rebecca.crippin@edu.tbz.ch"|"aVdOX#-%j0GyD-hK9DL7"
"maiwenn.curman@edu.tbz.ch"|"d&6rXx-aV9THH-tDUjTy"
"andree.bunner@edu.tbz.ch"|"dzaQ$3-t8&A2U-&NnHVt"
"ruo.winckles@edu.tbz.ch"|"hJ6Zi3-BDvl3P-Mu4hOf"
"naeva.buntine@edu.tbz.ch"|"JXv6jX-orpo9k-gnCaxk"
"boerje.dollard@edu.tbz.ch"|"KqCm94-9QNT8f-OtP3ti"
"penelope.gorman@edu.tbz.ch"|"9FfCRI-%v9NT3-Ss%W$%"
"alois.robelin@edu.tbz.ch"|"#yIq8V-ld6Hf9-9bOrfF"
"anaelle.tindle@edu.tbz.ch"|"#Cz6ov-hIdrd$-X0tB$h"
"ye.frears@edu.tbz.ch"|"X%pnRL-iWHzht-B8nt7z"
"andree.ovid@edu.tbz.ch"|"BxNm1M-#IlAwH-k5Kflg"
"hakan.peat@edu.tbz.ch"|"8iPsrQ-PbzsH&-trlIHu"
"andre.januszewski@edu.tbz.ch"|"LbbeBZ-3ZHBI5-zUDvGT"
"annotes.clemmett@edu.tbz.ch"|"u#9JWF-GrHl1@-svfa6A"
"pal.lambswood@edu.tbz.ch"|"@5Jxtg-y4CQ$3-RNLrAf"
"yao.lenton@edu.tbz.ch"|"GwXHtw-9gLWTG-WoKbh2"
"hakan.boyton@edu.tbz.ch"|"ZKKMlJ-Vx3B22-5u&V6y"
"nelie.forsey@edu.tbz.ch"|"4j0Obu-ru2AZH-mhakYd"
"hakan.horche@edu.tbz.ch"|"pxgLuk-cCXUam-RLGtAL"
"lorene.sinkings@edu.tbz.ch"|"kBVlQu-TparkK-&pjy2P"
"marie-therese.creddon@edu.tbz.ch"|"ru9pvK-jcc05r-e9YZ%c"
"berenice.tolworthy@edu.tbz.ch"|"b%u5sw-J#5vUm-T65xC6"
"theresa.land@edu.tbz.ch"|"vK8tDz-tHPlW4-bWN&9u"
"marie-therese.gianilli@edu.tbz.ch"|"wSOz02-FplafV-nu&ppa"
"meryl.glew@edu.tbz.ch"|"eUHXFP-#&ztg7-B@D6oZ"
"adele.debling@edu.tbz.ch"|"awGlxs-tvVjzU-SUpTL$"
"anae.metzke@edu.tbz.ch"|"vu$Ub@-iOqWfL-HiXL1D"
"gaetane.gooden@edu.tbz.ch"|"xy%iNR-KO%koZ-o1F6PE"
"laila.bootland@edu.tbz.ch"|"$lP7z#-r3Pc5G-gV$ZWf"
"maite.helsdon@edu.tbz.ch"|"i5Xpr2-psuKdk-F@ii7t"
"andree.malley@edu.tbz.ch"|"gDi&He-Qa7hns-n4znPi"
"pal.simmens@edu.tbz.ch"|"sZBcus-&UjQF2-to4&Ah"
"maelys.nuccitelli@edu.tbz.ch"|"QWC$pl-NnEWOb-EtBb#Q"
"dafnee.sibary@edu.tbz.ch"|"NbjU$j-kwogRW-WK0VdC"
"alois.harsnep@edu.tbz.ch"|"2zom#e-BiMibs-TPsksD"
"marie-helene.lacky@edu.tbz.ch"|"kB5#pX-t6BW@Z-Gscwoe"
"mylene.youthed@edu.tbz.ch"|"$pKhb5-%9Pr@5-zquJL3"
"marie-helene.dehmel@edu.tbz.ch"|"zu#8p2-FeaHFO-Qp6hwW"
"angele.batman@edu.tbz.ch"|"66b%2n-%dv6L$-90pyJg"
"melia.younghusband@edu.tbz.ch"|"NOZFQ9-dqkUpO-AXCYS5"
"eloise.baldi@edu.tbz.ch"|"Vu#Oge-1h#p5k-Hx$v9f"
"illustree.dun@edu.tbz.ch"|"sLABnY-H&RuNB-aJi3$i"
"genevieve.late@edu.tbz.ch"|"p5aNmM-o1BGDk-zFsmib"
"celestine.colville@edu.tbz.ch"|"eKL5HA-xt4ZLz-VFb2TO"
"gwenaelle.scarlon@edu.tbz.ch"|"Ej2wtq-W5#%9f-MVcsS9"
"regine.boddie@edu.tbz.ch"|"wVAwKb-4aJ#A@-cn30VQ"
"creez.gaughan@edu.tbz.ch"|"PoGEJX-35rOOp-6QsXDH"
"gaia.longford@edu.tbz.ch"|"djSGCa-ub3TdT-ZSt5Zh"
"mailis.buckby@edu.tbz.ch"|"DVV35K-MYLY$t-wjlvwJ"
"song.parbrook@edu.tbz.ch"|"YUJH#x-26$@Bn-UD7qaX"
"frederique.heddan@edu.tbz.ch"|"31Xt3Q-alNJHP-ygJ3mf"
"ake.kirtlan@edu.tbz.ch"|"1URm48-b5rARm-I7rwZs"
"nelie.runciman@edu.tbz.ch"|"24KB$t-v3Mhzq-B2S&uP"
"mailis.cardnell@edu.tbz.ch"|"fgJuao-TkhNui-aprvjB"
"irene.navarro@edu.tbz.ch"|"H%2Ngl-$Id6Ab-Mi@ao@"
"maite.cough@edu.tbz.ch"|"$Wv3VN-bn@syl-tFHPUl"
"anaelle.stocky@edu.tbz.ch"|"ywtqvY-gWgh4y-vGpTyJ"
"methode.moulder@edu.tbz.ch"|"YeG4yp-x6A$vR-##PWGY"
"po.stafford@edu.tbz.ch"|"vTpyyS-G2qSoK-&lpNmE"
"faites.scraggs@edu.tbz.ch"|"bvPQmU-$Ogoc8-wMsk@Y"
"adelaide.dullard@edu.tbz.ch"|"3uCyWV-Dh3xU7-uXeglz"
"desiree.leonard@edu.tbz.ch"|"#R#7oR-ft9Y5U-X9Ftfl"
"geraldine.badgers@edu.tbz.ch"|"p4k4NE-GuTyXg-LL9Bb2"
"ruo.masic@edu.tbz.ch"|"5LcT@9-QF%jZR-Fw986P"
"aurelie.lieber@edu.tbz.ch"|"gRpwL5-%XFWcA-zthu#L"
"naelle.balcock@edu.tbz.ch"|"C#M%yQ-WFvFnB-UP5hTc"
"camelia.elger@edu.tbz.ch"|"OpySiT-4FKS9S-ZLN3bT"
"publicite.oakeshott@edu.tbz.ch"|"vMqniv-Vq8Gra-VFe5wh"
"cleopatre.fawley@edu.tbz.ch"|"YkB%Jy-XK9yip-X3KN&Q"
"laurene.bruckmann@edu.tbz.ch"|"&&4y#8-s0#hFB-@oipa5"
"rui.haughton@edu.tbz.ch"|"eyy#dL-ezs2qO-7%v8yp"
"asa.ladewig@edu.tbz.ch"|"BmlYte-4h3x9j-tXlUoh"
"gisele.janecek@edu.tbz.ch"|"jgYBIX-5YA76w-n1PCB&"
"maily.loveridge@edu.tbz.ch"|"hT46rd-oEUPg&-&YA4Bv"
"marie-eve.yurkiewicz@edu.tbz.ch"|"X#7NFY-iVF04x-5zHyoH"
"fei.roder@edu.tbz.ch"|"lAQQF8-sTrWRb-P&FMLk"
"edmee.chatburn@edu.tbz.ch"|"6dch#U-dQr4ni-xY$$5N"
"geraldine.darke@edu.tbz.ch"|"&UWWjX-r49avS-Aj9eCx"
"ye.jira@edu.tbz.ch"|"258YA3-79JYsq-2BR3&p"
"publicite.persent@edu.tbz.ch"|"0iABUn-oexi$V-z@1%qp"
"severine.wilcox@edu.tbz.ch"|"Ps&mLX-ghmQm9-KdHuN5"
"yao.mcclaren@edu.tbz.ch"|"#IoeD2-cDTxRl-gOCfRZ"
"theresa.foynes@edu.tbz.ch"|"I$4yXM-nS%MTz-UmMsk8"
"stephanie.isley@edu.tbz.ch"|"Cd7HAq-mNVmLJ-MdqWj6"
"torbjoern.growy@edu.tbz.ch"|"2MUiAh-Ddrym3-M@01pT"
"eloise.tunnadine@edu.tbz.ch"|"w7VRtz-4$8wsv-J%jXy$"
"maeline.cossentine@edu.tbz.ch"|"MwUgg@-1LYPxm-q8RFfU"
"nelie.desantos@edu.tbz.ch"|"xVEPaP-xqt#uo-B#GoCX"
"gaetane.axston@edu.tbz.ch"|"jaaW4n-g%5Jvs-pX8inF"
"aimee.merman@edu.tbz.ch"|"xOwHOr-&LWS61-&iFru0"
"oerjan.drivers@edu.tbz.ch"|"dW2ovt-OYTg&R-D0H3VV"
"aimee.miroy@edu.tbz.ch"|"OeuUvO-rn8ECl-t&217g"
"nelie.glyde@edu.tbz.ch"|"uKWsFS-Be2nwZ-in&y4K"
"hakan.kapelhof@edu.tbz.ch"|"BifBEi-T6tq5O-ysvD@9"
"maelyss.cauley@edu.tbz.ch"|"wr73fa-gwtUP9-elm5K&"
"elea.vaggs@edu.tbz.ch"|"GD7vY%-@eT62r-1497mN"
"maelys.but@edu.tbz.ch"|"@$hRKd-@qvTrZ-mlQIEj"
"maella.arthurs@edu.tbz.ch"|"r6Y5KT-4#Ytqc-CB1n@R"
"adele.liebrecht@edu.tbz.ch"|"h8sWZF-3WaxZc-iAu&lm"
"meline.lomasny@edu.tbz.ch"|"ulEwH4-%SMBPs-91vzdc"
"mediamass.schwant@edu.tbz.ch"|"FcF#lB-VXFKO7-7gQ%Ov"
"leone.saunt@edu.tbz.ch"|"whxkAP-GPCDML-syZKeS"
"annotes.gouch@edu.tbz.ch"|"fu779E-wap2qS-@Qd6gE"
"gaetane.bowich@edu.tbz.ch"|"P#YYp9-5pm%xH-7Ni1r5"
"alizee.strelitzki@edu.tbz.ch"|"yoC$RC-AOjdOp-7QCcUt"
"leone.poile@edu.tbz.ch"|"wrsPPh-QPdf4V-A50#&Z"
"amelie.saban@edu.tbz.ch"|"3UaEC4-%dm4EH-3UXuuS"
"marten.mcmenamin@edu.tbz.ch"|"RKjnnt-dKP3xm-gqvRby"
"becassine.keets@edu.tbz.ch"|"3%Zehq-ZIN4FI-M%KkU5"
"celine.million@edu.tbz.ch"|"fCbeqK-%dfJPJ-roehHn"
"geraldine.belitz@edu.tbz.ch"|"B56452-sANf3O-B6obTI"
"salome.mardling@edu.tbz.ch"|"mhFmgI-vrJF9P-9@tR6q"
"melia.blakemore@edu.tbz.ch"|"JVVUQe-lO%zts-uo4NKr"
"dafnee.mcaulay@edu.tbz.ch"|"gCIM8c-jSDz5t-pjQ%eG"
"garcon.dennett@edu.tbz.ch"|"w0muak-8BNt5%-VNLy#P"
"interessant.lesor@edu.tbz.ch"|"ZTdu%t-uWUA%q-%@sBcS"
"annotee.wasbrough@edu.tbz.ch"|"DhX0k7-VZvR5z-Ww2wPI"
"asa.ibbeson@edu.tbz.ch"|"ruHpi@-xk%iSx-5gXb0H"
"maily.kennealy@edu.tbz.ch"|"w7My%Q-9@5f2Y-R5zwVn"
"ye.seares@edu.tbz.ch"|"a7z5ZW-%#sP96-QBEPbg"
"athena.harbron@edu.tbz.ch"|"I7s&rz-pbfEiE-1oJDoL"
"andreanne.portail@edu.tbz.ch"|"LYwPAR-r0wKI0-Kf&hnR"
"goeran.zannelli@edu.tbz.ch"|"C#3LUV-plFYcS-RfpdvS"
"gerald.leathlay@edu.tbz.ch"|"gwoAP7-onB%Hq-N2DaL9"
"andreanne.chown@edu.tbz.ch"|"vAY1Hi-cU%Ljl-#N6Ty2"
"esteve.clementel@edu.tbz.ch"|"&rQ5na-uPtpN4-EiKK9Z"
"leone.legan@edu.tbz.ch"|"13Vh22-VsFVjE-KOiWrv"
"maena.pownall@edu.tbz.ch"|"MmE3hG-HL$4kO-QwFW$G"
"andree.rettie@edu.tbz.ch"|"y0gcvC-Dq6CmZ-Z$d5bm"
"ines.kenwrick@edu.tbz.ch"|"4#&2gU-nAHW&f-iQesy6"
"marie-helene.yarnall@edu.tbz.ch"|"rBWFtg-9L2j21-DniDkW"
"po.martin@edu.tbz.ch"|"3f#b1i-v@bt7F-b%@tLR"
"ruo.celiz@edu.tbz.ch"|"ds7T6Y-@VUMOW-X&lzRw"
"po.bissett@edu.tbz.ch"|"XVhm$h-fIQCG$-VXSCyI"
"du.swindon@edu.tbz.ch"|"68dh2D-TWnEwx-G&G2dE"
"interessant.gouldthorp@edu.tbz.ch"|"%LabfU-S3A92U-rAkxmt"
"leandre.lilburn@edu.tbz.ch"|"6sDTfg-gxp8%t-@V#Us7"
"bjoern.whales@edu.tbz.ch"|"#rUvtB-hz9tiQ-0CPMvP"
"interessant.dieton@edu.tbz.ch"|"unV$bL-o#uxfZ-BDhxql"
"celestine.redhills@edu.tbz.ch"|"B6AA8U-eeoWBd-0dPtja"
"tan.yakovlev@edu.tbz.ch"|"sCKL9$-htdRCa-iuzDBn"
"regine.mcdowell@edu.tbz.ch"|"1hj1HU-v0UW5n-kqWEse"
"ju.coysh@edu.tbz.ch"|"IpNR$2-Cmu@jj-bUABBV"
"reserves.ofallon@edu.tbz.ch"|"TE5Pmc-f6oLg%-QEwA8J"
"frederique.sobey@edu.tbz.ch"|"pMGiEa-bpLfNf-lkU5%7"
"marie-eve.garstang@edu.tbz.ch"|"LM$jcV-$HyvYk-hUMYIX"
"andre.tapin@edu.tbz.ch"|"6T3P93-oRm7Th-FL#wm4"
"esbjoern.eynon@edu.tbz.ch"|"7Sws#9-iM5rXn-$ASf%J"
"maella.duffy@edu.tbz.ch"|"S4R%e&-LWEzOq-bqJHts"
"leandre.twinning@edu.tbz.ch"|"OWZKAw-E7h51Q-Kge5Sf"
"mai.whittingham@edu.tbz.ch"|"B87pMb-WFWniX-kAfkKY"
"rachele.shevelin@edu.tbz.ch"|"a4p3$C-KnKXgK-IjV2IX"
"cecile.mcure@edu.tbz.ch"|"4KgsLF-aI5ZPD-g&#Wv9"
"marie-eve.yurkevich@edu.tbz.ch"|"cyHQIm-7M4z7G-mRI$oq"
"almerinda.paice@edu.tbz.ch"|"dWzblI-BGMv4x-cGcg02"
"rao.howkins@edu.tbz.ch"|"AmKyRB-&7JgZM-sAHNko"
"serena.pack@edu.tbz.ch"|"pq2V4S-Hg%&Nr-@hbPo$"
"rebecca.mant@edu.tbz.ch"|"3q0XA#-7qfkZB-wK89pn"
"reserves.spitell@edu.tbz.ch"|"3rX2j9-NkyJlv-U7@eUa"
"garcon.hamfleet@edu.tbz.ch"|"3biAg7-i761J0-2Mbnu%"
"methode.kerkham@edu.tbz.ch"|"o0&F%z-WxV7%7-3L3hVV"
"pelagie.camies@edu.tbz.ch"|"mLu8%%-6hxuQI-o4rUh@"
"josephine.macpharlain@edu.tbz.ch"|"Urn1r9-8DWS4T-9e7SBZ"
"eugenie.mathet@edu.tbz.ch"|"IjmXKD-WJZPpN-ojY%wN"
"gaetane.brangan@edu.tbz.ch"|"7vb0lC-rd2TfA-v5uCb8"
"michele.dewbury@edu.tbz.ch"|"rjo0gE-xgY$Cj-9ty7ZB"
"eugenie.elcott@edu.tbz.ch"|"T%XfeZ-SE9rtJ-jZN8oh"
"megane.harniman@edu.tbz.ch"|"DPE6MJ-B5yA@I-c4$AJs"
"agnes.cluney@edu.tbz.ch"|"sAwTaA-fviLKa-&OOciG"
"marie-helene.angear@edu.tbz.ch"|"7@vlCY-&30JfN-Ll3Ib@"
"melia.dolphin@edu.tbz.ch"|"zrinIj-IDpTW0-r9Y34o"
"lois.ruseworth@edu.tbz.ch"|"9m@P%V-HZDQip-YYIZtO"
"mailys.ryding@edu.tbz.ch"|"#ZhIZ&-Vk59ac-0rOr%F"
"rachele.wulfinger@edu.tbz.ch"|"bfjDfM-VC5x@V-CdA4x1"
"gwenaelle.talton@edu.tbz.ch"|"vAVRyg-sYwXJn-zfq8Z8"
"long.ronchetti@edu.tbz.ch"|"GX%c%S-85QbHW-XNgRH8"
"styrbjoern.kloska@edu.tbz.ch"|"%1RNPH-Tq@qe5-InupWx"
"len.sudran@edu.tbz.ch"|"PT3uNO-vIjGGh-#z%pn3"
"maelle.andrysek@edu.tbz.ch"|"1X6EjX-SpQmQH-OCO4EM"
"selene.senior@edu.tbz.ch"|"o7PLd7-q4pG8$-lv2ljn"
"anais.joskovitch@edu.tbz.ch"|"gUsDKd-a2&LuV-4M@oHW"
"marie-noel.dally@edu.tbz.ch"|"1#gpck-cKenWf-@hCcGL"
"marie-helene.laurence@edu.tbz.ch"|"JE%MPC-kiNLSE-QsvTF%"
"camelia.foxon@edu.tbz.ch"|"hOf15M-x#rTM6-hIYxsh"
"helene.cankett@edu.tbz.ch"|"7eEtT9-eHEj%P-DIDMkh"
"marten.mitchelson@edu.tbz.ch"|"z#6fuo-2Kmv$s-6er&Jy"
"helena.stirtle@edu.tbz.ch"|"XrrZKd-D@yoyF-6oj&tj"
"leane.barmby@edu.tbz.ch"|"mqivd6-WHBryy-NdpGwC"
"goeran.ofinan@edu.tbz.ch"|"6RaU4F-hRZW%5-qrmjZ4"
"styrbjoern.proby@edu.tbz.ch"|"KFO2T#-%kxAwt-vrqnvq"
"zoe.halse@edu.tbz.ch"|"@Thp4b-bL6NWh-qMcFsC"
"kui.drable@edu.tbz.ch"|"f69Ox9-YSp@Js-7IvVOW"
"desiree.bamford@edu.tbz.ch"|"xGGvD8-n6&3J3-jXoy$J"
"zoe.suller@edu.tbz.ch"|"Xy&XVV-68MB18-GzjTfh"
"marylene.audiss@edu.tbz.ch"|"UHbJeO-7d0OCN-#B##oc"
"adelaide.poznanski@edu.tbz.ch"|"At1Bty-3sBK3X-zZck#O"
"maella.coleyshaw@edu.tbz.ch"|"ikWcXE-@aZhnn-lafFe5"
"marie-francoise.gelder@edu.tbz.ch"|"d4zyFE-vaj&0m-ZVCau1"
"eleonore.chaffyn@edu.tbz.ch"|"m2icEY-JGvhge-orLCKN"
"celestine.sikorsky@edu.tbz.ch"|"3E%sr1-8lmXCF-7gM0oI"
"stevina.londsdale@edu.tbz.ch"|"bTw1L1-nY##0s-vHAlVf"
"maiwenn.nevitt@edu.tbz.ch"|"PsLXhH-8%l5pG-fCWYWw"
"magdalene.gerrey@edu.tbz.ch"|"CaGsNz-hmcfuX-V5mfrz"
"becassine.latimer@edu.tbz.ch"|"uicCXi-LS%3sQ-Y3z24T"
"da.lethibridge@edu.tbz.ch"|"lbmzzP-kq6zIg-@PoFOO"
"mailys.claige@edu.tbz.ch"|"qRT5%Z-IY9bvr-3HzIQt"
"maena.torbard@edu.tbz.ch"|"TpQUz%-LFFueC-3cc3qS"
"solene.lyvon@edu.tbz.ch"|"JLnDAT-&87eaY-Sy#zPo"
"marie-therese.benbrick@edu.tbz.ch"|"%nkB#L-cik&cv-1uMMJc"
"gerald.edmonson@edu.tbz.ch"|"CSoKEO-Z6FfWM-aAhc6D"
"ake.messruther@edu.tbz.ch"|"7qDVS#-ocoP%b-ZvT80F"
"men.gosneye@edu.tbz.ch"|"CO9zmk-Onb7sR-Um2a1w"
"anais.jefferys@edu.tbz.ch"|"Jv&#9F-g@nih3-g2iypw"
"publicite.tregale@edu.tbz.ch"|"F7AoFB-1NXH1L-CN@tyC"
"maily.santorini@edu.tbz.ch"|"m0$EL0-kuL%Ez-8vlieB"
"ines.pioch@edu.tbz.ch"|"uAdpXk-DHi02x-TKSWw1"
"noemie.marklew@edu.tbz.ch"|"wBddqH-hcULsL-Fijau4"
"meghane.maccaffrey@edu.tbz.ch"|"3OC9U1-cG@QEu-cLU1Ps"
"berangere.ambrogio@edu.tbz.ch"|"XVIAOy-aDKPwB-V0bvSK"
"mediamass.ryce@edu.tbz.ch"|"YWGd3G-Iz%$aO-9qDT7E"
"oesten.ubank@edu.tbz.ch"|"VKfSIB-u7GRKo-$GSVaw"
"melina.mackee@edu.tbz.ch"|"zrvcX8-yd28ca-9iRgKD"
"theresa.livezey@edu.tbz.ch"|"UgCO2N-AaA5FZ-a58YNl"
"clemence.weal@edu.tbz.ch"|"HOkanU-k5QIqS-BMB#ZF"
"faites.overton@edu.tbz.ch"|"U$a%2B-azrGM2-@Pf6N@"
"clea.lindblad@edu.tbz.ch"|"NEwaow-w4saBk-nv8G1T"
"josephine.roseaman@edu.tbz.ch"|"&fmB%l-yw5gDL-3SvGDc"
"oesten.lowbridge@edu.tbz.ch"|"3haEFH-f@DEpK-cFEx7j"
"marie-josee.brion@edu.tbz.ch"|"cG#xZT-B3e16&-I3DNnv"
"therese.basili@edu.tbz.ch"|"Gg8TMw-Nxzr0f-lku&En"
"melia.vertigan@edu.tbz.ch"|"z$q3it-v&AzeM-JU8m3&"
"judicael.saull@edu.tbz.ch"|"Q#Kxlf-jIVfOF-J0UfaE"
"selene.valentine@edu.tbz.ch"|"%s6B2b-cr$Zmg-O5$lS$"
"verane.dunlap@edu.tbz.ch"|"cS1f%o-nAB3zO-lclC5P"
"meline.kinnear@edu.tbz.ch"|"0KdO2S-fQm2#o-4tJXy5"
"lei.luttgert@edu.tbz.ch"|"JupX3I-yO#NnA-VXSRko"
"styrbjoern.lathleiffure@edu.tbz.ch"|"vjF0UD-OfHZmb-#qxO88"
"marlene.blasi@edu.tbz.ch"|"nPoeh$-M#YCmv-wkTivT"
"mai.begwell@edu.tbz.ch"|"Uf223h-zLKyVW-N62HNa"
"gwenaelle.kaines@edu.tbz.ch"|"C$AA&b-Wk20zU-twutmc"
"gerald.adamthwaite@edu.tbz.ch"|"doSvqZ-GKuC6M-5kk%Xv"
"kui.hartfield@edu.tbz.ch"|"Ty16J$-%Jt&cH-U9tZA6"
"salome.currao@edu.tbz.ch"|"yoGtQ4-epujZJ-P8xaYn"
"angelique.tixier@edu.tbz.ch"|"fW9nuc-9Ptqoi-kf3hJF"
"ju.mcgragh@edu.tbz.ch"|"Ly49i&-5&dgXT-RuF5HC"
"dafnee.beachem@edu.tbz.ch"|"Szb9bs-hm2XSq-f@NmBW"
"creez.terlinden@edu.tbz.ch"|"EXa&lH-dH7xYm-fapw4K"
"uo.mcskeagan@edu.tbz.ch"|"#Vv1Vc-MSTpHC-pt#c6B"
"edmee.mccaughren@edu.tbz.ch"|"FcFHSg-SuYp@C-&feiCX"
"asloeg.cozby@edu.tbz.ch"|"yMVxZ3-QLlNaB-xcd5@2"
"melodie.traite@edu.tbz.ch"|"jiLjNF-p@NSwo-fxlIeY"
"dorothee.aindriu@edu.tbz.ch"|"D2D2mz-HMk35e-p$JM4#"
"daniele.doley@edu.tbz.ch"|"0%a&BB-uSKqlg-3h8yex"
"mediamass.fairclough@edu.tbz.ch"|"$S3SWS-SX8Du6-CdvYOW"
"lorene.rainforth@edu.tbz.ch"|"FyTlUJ-0SyVn7-IfAe4#"
"leonore.eyer@edu.tbz.ch"|"G%luBE-7mDoPM-c7jy&I"
"po.spillman@edu.tbz.ch"|"b&#ntt-84hgMr-efGLEJ"
"cecilia.plitz@edu.tbz.ch"|"EaY9Tz-@O8o9z-tp1UGk"
"lorene.ludlow@edu.tbz.ch"|"a0rTbS-%gUC#r-1HyBhx"
"berangere.neligan@edu.tbz.ch"|"zNcmNr-Z0MXnc-v2dUK6"
"simplifies.huggan@edu.tbz.ch"|"cbGU%d-yfEKJn-@MLedb"
"clelia.prandy@edu.tbz.ch"|"tLTXP8-LOmJkX-w5%i3b"
"ake.osban@edu.tbz.ch"|"E7ECB#-BVLj9r-fJsJIN"
"cunegonde.brunn@edu.tbz.ch"|"aE4sRG-h33yyy-OmvSo5"
"long.grizard@edu.tbz.ch"|"yecSi2-BC$#yu-R1vaF&"
"meghane.diss@edu.tbz.ch"|"X4t7fq-1K$pxy-lKez7N"
"therese.oldman@edu.tbz.ch"|"6YVHVR-6gg3el-Y&gnpB"
"boerje.scamerdine@edu.tbz.ch"|"BEGknF-0Tv#MD-@bokLg"
"du.saban@edu.tbz.ch"|"lkG%Be-8doVCv-R&5OhJ"
"hakan.clynmans@edu.tbz.ch"|"FVFHnK-vM0o1c-95b9y$"
"wa.macdowal@edu.tbz.ch"|"35n9bY-TE0JbL-I1DaLf"
"venus.hatrey@edu.tbz.ch"|"L&nxIA-Lx2@eW-y1Kh3F"
"anaelle.vispo@edu.tbz.ch"|"cbX9aC-1lN5dv-S9E6qd"
"mahelie.ollcott@edu.tbz.ch"|"cnjnwb-QdAxXv-ip#Rvd"
"mediamass.whyman@edu.tbz.ch"|"rmulAO-PdTMFl-@YozWi"
"esbjoern.basson@edu.tbz.ch"|"uKthH@-ct4r7P-9KxjD@"
"andrea.morrill@edu.tbz.ch"|"HX5hiC-IExwLw-8xSyCA"
"melys.grassi@edu.tbz.ch"|"O6BMsW-S%kzE4-Pn8LnI"
"leone.poleye@edu.tbz.ch"|"f9QXBV-BaHW9E-79HEnk"
"francoise.penny@edu.tbz.ch"|"pFFjG%-57oGjR-VrgApT"
"rebecca.edney@edu.tbz.ch"|"GY4iVA-GLm7aS-DX&sZ0"
"adelaide.murtagh@edu.tbz.ch"|"sFqyBR-0A8Jht-%6cwTf"
"stevina.winterbourne@edu.tbz.ch"|"7hrQlF-%nEgYw-Ma8v1x"
"ma.cottom@edu.tbz.ch"|"ho&hnB-6V0P7G-ZxJBKm"
"tan.harold@edu.tbz.ch"|"rbHwX1-L3GLe2-OGkWUF"
"venus.forte@edu.tbz.ch"|"@u&xMa-&nc@tx-bLh%QB"
"almerinda.oluney@edu.tbz.ch"|"1sQ4Ci-6gv0s3-JVKGNg"
"cleopatre.brehault@edu.tbz.ch"|"Vzxav6-rwKCy2-5dtDfd"
"interessant.lapides@edu.tbz.ch"|"XDy4eI-4zH3vj-ieUXe5"
"reserves.hallatt@edu.tbz.ch"|"6m@Nfv-NRGygc-ry4Y&I"
"annotes.birdwhistle@edu.tbz.ch"|"1CKN0z-mux3Hy-KJ&tKz"
"ai.dredge@edu.tbz.ch"|"HF$DX#-17@fi$-%KeD%k"
"megane.mussard@edu.tbz.ch"|"LLrQx6-iYGNqS-jn#JM4"
"esbjoern.gowrich@edu.tbz.ch"|"PERQn#-WRL2cX-aJr0Sd"
"boerje.brislawn@edu.tbz.ch"|"#kNPXS-sB6%43-ZRo@8y"
"becassine.wilce@edu.tbz.ch"|"6B7d&O-s7mx&I-o&mvnD"
"personnalisee.oels@edu.tbz.ch"|"5058Ye-zCtUjr-jvVKeh"
"verane.pett@edu.tbz.ch"|"Ygnqxc-Qe%MEX-8JELaW"
"marylene.glewe@edu.tbz.ch"|"F3Qww9-bGrTEh-6SMR0&"
"lai.elson@edu.tbz.ch"|"yH6kpa-DZelpo-U#PmG#"
"serena.difranceschi@edu.tbz.ch"|"&KBW0A-%E084Q-euTBjB"
"lie.espinel@edu.tbz.ch"|"ViSbmF-39Fy9I-JQu8Fu"
"marylene.fantini@edu.tbz.ch"|"Wprdk%-X9NX98-nQZKL#"
"andre.archdeckne@edu.tbz.ch"|"ueEhFX-A1aRTu-PdBkkT"
"goeran.bohlingolsen@edu.tbz.ch"|"67cqgY-tUgGLZ-etxcv$"
"cunegonde.heffer@edu.tbz.ch"|"wasWxL-B%3p&r-LrJPqK"
"tan.fechnie@edu.tbz.ch"|"XTMqe5-3tV$4K-JPRNIP"
"marie-noel.brammar@edu.tbz.ch"|"kNbG2r-8Vf6Z3-@n9YR7"
"simplifies.aven@edu.tbz.ch"|"Lg#4xY-%j33t$-Fw7kW%"
"melys.pinchen@edu.tbz.ch"|"D8LBmQ-qHXwVj-rUV66V"
"edmee.joyner@edu.tbz.ch"|"s3@xol-hgPiac-#hInMT"
"berengere.edess@edu.tbz.ch"|"BFp#tw-D7%hVq-%LauPS"
"marie-noel.goward@edu.tbz.ch"|"Db$$dx-OzW9F1-szE6ed"
"ju.edmons@edu.tbz.ch"|"qAcB9y-5Lxdfr-Zkmfh0"
"frederique.airds@edu.tbz.ch"|"ymy2O1-Iy9vin-B6PX9P"
"reserves.dauby@edu.tbz.ch"|"ONi8OZ-5Us5sk-uP8ppc"
"hakan.gynni@edu.tbz.ch"|"%Hih@W-5J#KkF-Gd#Ll&"
"leonore.pinwill@edu.tbz.ch"|"E2OaOh-HoYcQA-D4yF6L"
"marie-eve.mcallan@edu.tbz.ch"|"$LmqE$-5aOrBw-awhDz#"
"naelle.yeabsley@edu.tbz.ch"|"6jCO1I-#YGmde-GmeFPC"
"nelie.jacobovitz@edu.tbz.ch"|"B&Zb3A-2ggm1j-FK9m9r"
"adele.conelly@edu.tbz.ch"|"vXBnTl-Ssfe6v-nUHsXQ"
"clementine.dondon@edu.tbz.ch"|"2Xb8@#-OF6h18-FUgd5S"
"zhi.willcot@edu.tbz.ch"|"ya5yBf-a4cX2B-7a326g"
"chloe.janicki@edu.tbz.ch"|"tUOFWS-VlI%iC-A4#lTU"
"meng.linde@edu.tbz.ch"|"7sq&F%-w4Q#ZW-HHCwhZ"
"celine.janisson@edu.tbz.ch"|"#bSgAo-ebUlB7-&poSrY"
"clelia.crow@edu.tbz.ch"|"5fC7U9-8G24jo-R$vVD5"
"cecile.pyott@edu.tbz.ch"|"PcKht2-b07kas-riBnTG"
"ma.fidelus@edu.tbz.ch"|"hvKFVD-hsyYz8-HV8$Ae"
"marie-helene.poore@edu.tbz.ch"|"WwHDDo-mcARzp-cJnx%c"
"elies.blanket@edu.tbz.ch"|"MrKmYO-QhHmH&-vdKpIE"
"yu.boyer@edu.tbz.ch"|"V9R@Az-BwauDb-0EArw4"
"celia.welds@edu.tbz.ch"|"0wAIzN-7YcGY&-X6bvmb"
"du.gunney@edu.tbz.ch"|"EMXlsO-AhpRpZ-U@QelI"
"goerel.crush@edu.tbz.ch"|"VQ3PcN-QXNYXW-nMnXkc"
"marie-josee.brosius@edu.tbz.ch"|"#l7@mQ-3w9zhM-RjJ6NC"
"camelia.adds@edu.tbz.ch"|"%tOe&2-ptFkJu-2G5YxG"
"anae.irwin@edu.tbz.ch"|"E2E9wc-oMn7SR-4J77%X"
"cleopatre.skeffington@edu.tbz.ch"|"PGpMCV-tapvDO-T8x$gX"
"gerald.suggate@edu.tbz.ch"|"CqS#1r-lKC2t#-WMCtf%"
"laurene.tailour@edu.tbz.ch"|"jzVc2#-AMVIjE-x6nIcb"
"amelie.hoble@edu.tbz.ch"|"SfqWli-GnbLn#-@rJmMM"
"venus.getch@edu.tbz.ch"|"NCdYON-Bv3UaZ-xZ6@8Z"
"renee.treby@edu.tbz.ch"|"cwSB2I-7RwqE%-RpMh$%"
"almerinda.stait@edu.tbz.ch"|"1Tylln-qOq5t%-$rgJEj"
"andree.reddecliffe@edu.tbz.ch"|"BjY029-M4wIu6-3y9zlc"
"leone.wintle@edu.tbz.ch"|"Nk05PL-RfYJan-2czRyT"
"gerald.fellow@edu.tbz.ch"|"28XeLq-KEz2&@-SGvKD%"
"ju.gudger@edu.tbz.ch"|"$#WjNn-Tp0L0N-CVNalq"
"meng.ohaire@edu.tbz.ch"|"Q@Mlsn-lyT4Uw-b%0GXo"
"cleopatre.missington@edu.tbz.ch"|"IgM6u%-U23vs@-OqOtkm"
"annotes.debruyn@edu.tbz.ch"|"TfknHF-wR2BEH-0i43@U"
"gerald.sinisbury@edu.tbz.ch"|"t&d%Sf-Ut7qhS-ih#5jr"
"creez.slora@edu.tbz.ch"|"NtqUeR-pvXUQv-AKaV4%"
"gisele.benbow@edu.tbz.ch"|"#JDP1v-RCjlwo-4djysR"
"pal.dossit@edu.tbz.ch"|"1d#f@0-JX4MNM-0n%QPP"
"nelie.stirrip@edu.tbz.ch"|"sHFESv-7WjYZf-HGseFD"
"alois.ocrigane@edu.tbz.ch"|"cxmEbt-py1LVw-7Bn&mn"
"kui.mcterry@edu.tbz.ch"|"ptWhqT-6LtVNw-p814lw"
"long.willgoss@edu.tbz.ch"|"OMZz$%-Ayfsem-r09VY8"
"francoise.sumpner@edu.tbz.ch"|"Bku4DH-Vw5OF#-wNzb3g"
"maely.grinstead@edu.tbz.ch"|"W6@aTA-$lEkTw-1mNRqn"
"creez.langeren@edu.tbz.ch"|"Bnc035-&k66Cx-ubbMVP"
"adele.dungate@edu.tbz.ch"|"NfzvR4-QQu9wU-Q%7lAm"
"cleopatre.noirel@edu.tbz.ch"|"c&O42o-12fa3a-CSJ4Kf"
"interessant.daverin@edu.tbz.ch"|"40xdA2-mbaYO4-wXKil9"
"naeva.kalderon@edu.tbz.ch"|"IovSBA-y1lFTX-Uoy&EU"
"anais.oshesnan@edu.tbz.ch"|"W4%PnS-ka0pT5-lJ6LdT"
"judicael.anelay@edu.tbz.ch"|"@IfLI5-t&KsKD-SYU@k%"
"eloise.braxton@edu.tbz.ch"|"F4EpwE-nfpElq-qPgDwF"
"desiree.greguol@edu.tbz.ch"|"j6NtUj-7yppIC-ZIAGdN"
"maite.mcclenaghan@edu.tbz.ch"|"5kJ7dL-nRVWts-vBecRr"
"meng.doret@edu.tbz.ch"|"tQXU#R-j6f%$X-511%kA"
"frederique.chippendale@edu.tbz.ch"|"2kqHhc-@QuqLo-eutMf6"
"andreanne.lanney@edu.tbz.ch"|"mFKr53-0@J6v@-xnrOQV"
"aurelie.claus@edu.tbz.ch"|"&%dnYr-5Hcxpn-Eq7bfx"
"renee.pabel@edu.tbz.ch"|"in%6FR-ay$%zj-u4LLIQ"
"maena.roust@edu.tbz.ch"|"7N@v5u-jqy0e8-CiBnGa"
"nadege.carwithim@edu.tbz.ch"|"39tnG4-N39Apx-s#Wfp%"
"solene.geyton@edu.tbz.ch"|"yzzmeF-7#0lFC-@IkVst"
"dafnee.avraham@edu.tbz.ch"|"E0FcPF-vjM5cW-y5b#HY"
"leane.woolvin@edu.tbz.ch"|"TCj2gE-jxDOcb-KwFnV8"
"adele.macadie@edu.tbz.ch"|"cEK1TY-WnLTr6-BT2uUM"
"meline.rubica@edu.tbz.ch"|"4DYuBn-8me4eT-rIzr&Y"
"marie-noel.speeding@edu.tbz.ch"|"P$7Z3M-htrj30-ZjP5xO"
"nelie.mix@edu.tbz.ch"|"ZgFEbq-cQ@aN&-b07Hae"
"clea.ollett@edu.tbz.ch"|"nxxxzF-KZxgRi-FR%rWF"
"leandre.mcgavin@edu.tbz.ch"|"vh31&R-#KvQIl-ipzLUO"
"cecile.behne@edu.tbz.ch"|"@iS4oi-IVFE6c-au%Hhu"
"melanie.polle@edu.tbz.ch"|"aIcGvk-SVf7wp-A4DRU7"
"marie-josee.titmuss@edu.tbz.ch"|"3J1yUV-viGaVJ-GwkqHR"
"helena.guest@edu.tbz.ch"|"CzKPDR-cQ6eGH-p51E4i"
"annotes.chicchetto@edu.tbz.ch"|"%@E&By-z#j9xw-BD4A@E"
"melia.tubb@edu.tbz.ch"|"eZXi%0-mhJnA4-D2GiVR"
"angelique.casetti@edu.tbz.ch"|"9lGmaJ-Q#x$Rl-Vh1gO4"
"cunegonde.cleall@edu.tbz.ch"|"TNYFiQ-cHQT8C-c6FxFL"
"camelia.oaker@edu.tbz.ch"|"IHQ0tN-l5Y5JX-5MOMTe"
"you.searight@edu.tbz.ch"|"V0JX98-bg7jJy-d1men$"
"kevina.dederick@edu.tbz.ch"|"pGWVs4-aOOdy5-PewxkU"
"milena.jeffrey@edu.tbz.ch"|"0XgURF-Y5#2i#-oOAWhX"
"melodie.barkshire@edu.tbz.ch"|"9oCDWa-#L7ndC-CievcV"
"gaelle.kreutzer@edu.tbz.ch"|"iI2523-8waBHU-zuYJVT"
"kalliste.kleinpeltz@edu.tbz.ch"|"%mlzkZ-APd&#n-s7Bp3T"
"clementine.danat@edu.tbz.ch"|"irlyZ1-y637MZ-6zft8p"
"andrea.wabb@edu.tbz.ch"|"mQSsMY-%R3VIJ-iQl6hu"
"geraldine.piesold@edu.tbz.ch"|"TsIFzS-Klvfbq-IFXM&0"
"tan.fiveash@edu.tbz.ch"|"vCa5ST-NTh0%Q-#TFFrR"
"meline.yuranovev@edu.tbz.ch"|"qh6z70-&ZUCHZ-9RC6eC"
"therese.holme@edu.tbz.ch"|"pB3w17-I8PMnN-KM5Ba0"
"salome.vaney@edu.tbz.ch"|"11QkiQ-oC&qVv-zfTxDT"
"anae.abramson@edu.tbz.ch"|"J#hDBl-$pdQDa-FgRQK%"
"kalliste.jimson@edu.tbz.ch"|"A#oAYo-W5GTx0-1D2q15"
"selene.yole@edu.tbz.ch"|"&jdxLW-urxgc7-&wzf1$"
"agnes.defraine@edu.tbz.ch"|"6y8D7q-kPAm@Q-Rweq1x"
"faites.mccluin@edu.tbz.ch"|"qGPvFh-nYlZ4n-a%6JYL"
"athena.deme@edu.tbz.ch"|"iW5loC-P2yAR#-x8Ex%8"
"daphnee.brigstock@edu.tbz.ch"|"S2sFj0-n9Vafb-3dXU2V"
"goesta.skaif@edu.tbz.ch"|"Bcb$is-ZF4$6J-l8sIJe"
"oceane.jagoe@edu.tbz.ch"|"LpA5f2-im8wg5-RYPTnu"
"annotes.broomhall@edu.tbz.ch"|"kD54n1-%0QXPR-#V0pwV"
"marie-eve.ballendine@edu.tbz.ch"|"SHr3c7-F$gnGd-dB&dcl"
"melina.spykings@edu.tbz.ch"|"80ulIM-gUplpM-PlQswq"
"laurene.ticehurst@edu.tbz.ch"|"Oz0ty0-sj97ko-cQFd3z"
"fei.avramovic@edu.tbz.ch"|"RO75di-KkffNN-ssqH3C"
"publicite.strathearn@edu.tbz.ch"|"A#aRWF-RjzbJe-1mR3zv"
"torbjoern.garrow@edu.tbz.ch"|"Z1lYcU-CFD04C-wne6b4"
"chloe.rubinsztein@edu.tbz.ch"|"&qNOVg-qNMWmg-37byNj"
"mylene.demanche@edu.tbz.ch"|"Np@Qzh-ieasc&-2nfwVZ"
"mediamass.godlonton@edu.tbz.ch"|"GbsUbF-Y6mGHP-8Pa@O&"
"renee.shurrocks@edu.tbz.ch"|"@J51V6-Y%x$Ly-ACjZ4S"
"maiwenn.jedras@edu.tbz.ch"|"qItX#C-B7Hcir-siIaXk"
"genevieve.castells@edu.tbz.ch"|"VjRXKA-%Aa6mO-aqMR2A"
"renee.sneden@edu.tbz.ch"|"m&gc0T-zWeQrT-WoZq97"
"lai.mccallion@edu.tbz.ch"|"5I8BBq-Gvls4#-OYZC6f"
"kevina.impleton@edu.tbz.ch"|"sgA0U%-DGJ8DM-bcxcXL"
"oesten.fresson@edu.tbz.ch"|"9t&@I3-f$Sdg$-PaWuxJ"
"verane.shawley@edu.tbz.ch"|"J7&bUj-nzFWxX-Yd6@D3"
"uo.sjostrom@edu.tbz.ch"|"xFhysP-T@8Xks-pd1ZFu"
"gisele.gothup@edu.tbz.ch"|"ota29r-yhh7Fb-7G4jwn"
"renee.beauman@edu.tbz.ch"|"bn0Sez-bDSJoj-Ual0VS"
"elies.loton@edu.tbz.ch"|"h52Sxf-ijntO0-ENfvz5"
"valerie.elsmore@edu.tbz.ch"|"txsX%u-SaioKh-#mngmL"
"berangere.delafeld@edu.tbz.ch"|"jU758u-rG27aL-bMoPDl"
"bjoern.schimke@edu.tbz.ch"|"oxPlHP-7#N4GF-hKon0E"
"loic.ericssen@edu.tbz.ch"|"I6#9bq-Uobynm-0OHAVx"
"creez.richarz@edu.tbz.ch"|"3C#Asw-E%axSL-WBj3KX"
"athena.grocott@edu.tbz.ch"|"n0fh3S-o#Hmf$-%uLdtp"
"naelle.piotr@edu.tbz.ch"|"8l@W17-NRtrKo-V&6EAW"
"maella.paulson@edu.tbz.ch"|"Ngrlad-elq#Ac-$JEZK4"
"song.perot@edu.tbz.ch"|"3GgM3D-&7j$mC-aTki9L"
"kalliste.heckney@edu.tbz.ch"|"aGc#Ud-x1HR&i-#XK&7S"
"ake.vasyutkin@edu.tbz.ch"|"pi$7Gy-r6qfOw-@08SI%"
"ma.castles@edu.tbz.ch"|"5#6uDr-mJMCtq-VM$POj"
"maely.monget@edu.tbz.ch"|"wwkY9U-4KA8kz-Lu1TVo"
"tang.durbridge@edu.tbz.ch"|"#@o8AP-fw$8Qy-gDi61r"
"laurene.andrew@edu.tbz.ch"|"KRbKmD-xDYu3K-khhDnU"
"lysea.beacon@edu.tbz.ch"|"%F$iXJ-FG@$0X-WnC7Fr"
"leandre.peyntue@edu.tbz.ch"|"OS2WDL-F9vXjv-1WMur4"
"rao.trever@edu.tbz.ch"|"zZ%VYo-2BbG2e-oh$zcm"
"mahelie.streader@edu.tbz.ch"|"rAwVMq-ZCCOgp-k6gf1T"
"maerta.andrejevic@edu.tbz.ch"|"98wqfN-fenYuM-WvsTo%"
"goesta.tompkins@edu.tbz.ch"|"mzkGTv-Me4iEO-V$To58"
"helena.agates@edu.tbz.ch"|"qiX6M8-6E44LK-SHFDMo"
"therese.glass@edu.tbz.ch"|"WtCAa2-FH#UtH-gDSJ9f"
"alois.foan@edu.tbz.ch"|"Ka#kRq-1oo$@c-mxo90C"
"becassine.melchior@edu.tbz.ch"|"6txRB2-9dEhGz-pRlr%W"
"cloe.robart@edu.tbz.ch"|"8S@3HV-0&UmZr-RPE0We"
"daniele.puckinghorne@edu.tbz.ch"|"RdJLxk-jXMcb$-dJph%7"
"selene.cammidge@edu.tbz.ch"|"qRH#@X-46duDb-o@ehV@"
"regine.conochie@edu.tbz.ch"|"$qx4t#-0%bxjj-Zo7A6E"
"interessant.tuiller@edu.tbz.ch"|"I%u7JL-bnSjuO-tDNfaM"
"long.tiebe@edu.tbz.ch"|"fqV%0c-qodZDS-94Cp$c"
"mans.yele@edu.tbz.ch"|"dmgjx8-$cBput-mUCEro"
"ai.giles@edu.tbz.ch"|"M0LEkb-qDBe0q-rz3DtP"
"gaetane.hamberston@edu.tbz.ch"|"TrJUEg-lEj$@0-8TKqqU"
"marylene.fenix@edu.tbz.ch"|"hTB5BW-OU4k1P-7YERcw"
"geraldine.graeme@edu.tbz.ch"|"W0xmQp-rtlAki-ZlC@19"
"tang.kinglake@edu.tbz.ch"|"aZEt7L-$5YoVy-mSu0oI"
"lai.challoner@edu.tbz.ch"|"NIs&IT-l4b0yI-Tw@2tq"
"desiree.mattei@edu.tbz.ch"|"Fq$RpW-gfO1LT-LRCI1G"
"ake.erley@edu.tbz.ch"|"duazlV-KQdhS@-PKrS8w"
"edmee.cavil@edu.tbz.ch"|"QHSziv-O2BbHY-lrFQmh"
"alois.moyes@edu.tbz.ch"|"WpPi@Y-UDy4no-QmMWMj"
"becassine.pitman@edu.tbz.ch"|"52a$%X-Pw15ZO-nz8686"
"ai.giacovelli@edu.tbz.ch"|"F5CVe%-#bfnk9-ODa@aj"
"judicael.fruchter@edu.tbz.ch"|"DV1fwr-xPW6k9-7MmTwy"
"mans.mogg@edu.tbz.ch"|"mWOIah-ioVNcc-Ykw5gN"
"gerald.foyle@edu.tbz.ch"|"RUvcFU-MX&R6y-kW6N6O"
"wa.androletti@edu.tbz.ch"|"SWhoLP-YEBNNi-$3312Y"
"meng.ollett@edu.tbz.ch"|"#eA9P#-IWCSMQ-yEISyX"
"naelle.macmenamy@edu.tbz.ch"|"pJ0dq7-9xamSH-D0i99M"
"gisele.mcramsey@edu.tbz.ch"|"%J5j3M-7hdyN7-q9a#BZ"
"meryl.scolts@edu.tbz.ch"|"thlGDZ-AiHq0@-YJiTqO"
"celia.bloxsome@edu.tbz.ch"|"RPZy3R-LQROKE-rwAIcR"
"styrbjoern.stuke@edu.tbz.ch"|"CLCeo3-Ot@qth-Df05zs"
"felicie.gwilliam@edu.tbz.ch"|"2wTbIB-4SgXmK-Qvhak$"
"da.harms@edu.tbz.ch"|"DwVAvb-jPYP74-d@LWph"
"celestine.baulk@edu.tbz.ch"|"4M%pah-$ESS0O-Zjw&QE"
"mahelie.blackledge@edu.tbz.ch"|"aRb3qz-7kpZ5x-PyIxB@"
"meghane.salt@edu.tbz.ch"|"a1x&bx-UjBwJv-o9RQ42"
"methode.paxeford@edu.tbz.ch"|"$RC2J@-sb%IEn-mSwv&$"
"asloeg.milligan@edu.tbz.ch"|"e4V$xl-tEnMD1-P&8G#j"
"you.pellman@edu.tbz.ch"|"WoeyNe-ZKnRvF-vBQhXq"
"loic.regenhardt@edu.tbz.ch"|"ERA4JO-8ktEEn-WBYHQH"
"daniele.savill@edu.tbz.ch"|"uBQv@V-6NvKhD-VF27hz"
"alois.cornu@edu.tbz.ch"|"pBNMBn-ZoP1p5-M7QZYu"
"oesten.govey@edu.tbz.ch"|"OsFjSy-DVYwxA-N24nNe"
"marie-eve.louch@edu.tbz.ch"|"8U3SLm-nWAcFg-qHSVRA"
"theresa.wenn@edu.tbz.ch"|"pC5VE0-NpwbS4-Enyf6e"
"andree.eul@edu.tbz.ch"|"xp#by3-sp8r&r-G82Va$"
"lie.paynton@edu.tbz.ch"|"8VSvM8-X&earT-Ho@kao"
"marie-eve.girodier@edu.tbz.ch"|"PL$BLp-IZ4azg-04iS#A"
"marie-noel.smithe@edu.tbz.ch"|"RkzO1B-N5ef3s-PO%q0n"
"men.bootyman@edu.tbz.ch"|"oCVQsa-S7ssxn-jm9@mF"
"ku.sugg@edu.tbz.ch"|"NF@IEP-&WVAY1-oMsG1q"
"lucrece.roseman@edu.tbz.ch"|"&I6oKK-Rq8H#s-%GOvam"
"zoe.annear@edu.tbz.ch"|"t7Uske-TgJlkq-bPOiVc"
"marie-helene.rennebach@edu.tbz.ch"|"egwWkb-NsWxru-IvJGZt"
"lea.djurdjevic@edu.tbz.ch"|"eaCdv6-RJlKsZ-r4rdEA"
"goerel.robert@edu.tbz.ch"|"A2TOI4-gNJCmO-vkINQe"
"mylene.foldes@edu.tbz.ch"|"e8&qJu-$Gz6o4-YjgOGs"
"faites.clegg@edu.tbz.ch"|"88PwYg-$%Do#1-oH6j70"
"marylene.crowcher@edu.tbz.ch"|"&aM&HM-Rh453H-yh2WL9"
"aimee.wimpeney@edu.tbz.ch"|"4fZkZA-xJKuS6-H3n0XO"
"renee.atkins@edu.tbz.ch"|"ptQ2NX-$CUqhF-JJkoDB"
"rejane.cainey@edu.tbz.ch"|"0g098L-@eC63u-cPlbuE"
"solene.britney@edu.tbz.ch"|"7yRX3L-6KO2YT-LA#id%"
"marten.shatliffe@edu.tbz.ch"|"Rmsum7-E5xM0x-uW1LO#"
"maite.issatt@edu.tbz.ch"|"nA1Ysi-etLkL7-CEuWgX"
"maelyss.edon@edu.tbz.ch"|"adu%#n-JcR8JG-86rK4G"
"nuo.bamling@edu.tbz.ch"|"KWPRMs-HBSWby-SL@HZf"
"anais.edards@edu.tbz.ch"|"abBeY2-pba5cH-TRYtmG"
"mediamass.bromet@edu.tbz.ch"|"N%@HHH-YalFIt-PGGsQb"
"beatrice.kimbrey@edu.tbz.ch"|"hZ36e2-jMBRJP-adQx71"
"ines.lawranson@edu.tbz.ch"|"8NPFJR-hvxeD9-mD3iTt"
"kalliste.scandroot@edu.tbz.ch"|"$SaG8M-21AsBQ-BYfOpU"
"mans.barrowcliffe@edu.tbz.ch"|"8YHK7P-aBUL&F-XnCkTC"
"irene.couves@edu.tbz.ch"|"QWpxoH-DasCu&-CtxNx5"
"milena.mucci@edu.tbz.ch"|"S2nkAj-yY0iXs-Cjj22t"
"naeva.cow@edu.tbz.ch"|"a27&&U-Euw4uJ-Bxcg5g"
"audreanne.mournian@edu.tbz.ch"|"tytzS8-%4$WhY-lcTUxf"
"melia.sinnatt@edu.tbz.ch"|"sy0Oya-EpmqD$-mz#dug"
"nelie.burnard@edu.tbz.ch"|"ft#lbP-2gY%Zd-CVnCDJ"
"clelia.ashfull@edu.tbz.ch"|"GQKpDC-0D%lL4-BQHln4"
"lie.macard@edu.tbz.ch"|"1Y1i4J-UPIG&F-j0BDEq"
"valerie.matoshin@edu.tbz.ch"|"ZzozXG-K5nOXO-5v@i1%"
"anael.hatherleigh@edu.tbz.ch"|"8J5TAf-k%HUoC-crmkJI"
"interessant.warratt@edu.tbz.ch"|"ND8WIm-%qlwue-j2aCx8"
"eleonore.volage@edu.tbz.ch"|"bkr$ut-rgOu@Q-CcEiUc"
"zoe.stebbing@edu.tbz.ch"|"8NaW5p-oeyez5-PGOFjQ"
"alizee.nye@edu.tbz.ch"|"$Ee0YL-M8khq6-cuiq22"
"celestine.bramley@edu.tbz.ch"|"Edp9mK-lm6z3#-IXi&lp"
"selene.philcott@edu.tbz.ch"|"I7sMCI-zEMilq-KDQn7l"
"tang.newens@edu.tbz.ch"|"kzzFac-brbMF7-$s0z@K"
"annotes.powys@edu.tbz.ch"|"P&2%Ky-dlgQLV-nkH1Jc"
"lea.matthesius@edu.tbz.ch"|"jI6Y@v-fw&&FZ-cqmMYa"
"illustree.garlett@edu.tbz.ch"|"$7bAzp-L0Do%j-5DXtsu"
"maiwenn.meachem@edu.tbz.ch"|"QcCMDt-#FTJ$b-iewIBc"
"marie-francoise.mcbrady@edu.tbz.ch"|"tIWjP#-v$9hlt-Jqxh6B"
"illustree.gimbart@edu.tbz.ch"|"y56@mT-r1Wai#-9URJHw"
"melys.lyosik@edu.tbz.ch"|"4OpJIe-z$%3p4-CyzVQI"
"marylene.mcnab@edu.tbz.ch"|"%fwIsa-$NYhaL-vLN18S"
"gerald.blount@edu.tbz.ch"|"cOKxJx-rUmQuh-DXVbqh"
"clelia.shakelade@edu.tbz.ch"|"UUgM7D-PPsXdE-X1kH09"
"penelope.cridlin@edu.tbz.ch"|"03kq3Q-MB%WmS-etZgCv"
"maena.okuddyhy@edu.tbz.ch"|"x@X7eG-ejcQ6g-$ClhYu"
"athena.keynd@edu.tbz.ch"|"Od3kDz-MDp6LW-TGXEi1"
"cloe.dwine@edu.tbz.ch"|"Je0jdw-gE#@ZF-wZSQ3f"
"josephine.browett@edu.tbz.ch"|"LIRuXT-zbKVrj-sPW8Hj"
"audreanne.oscanlon@edu.tbz.ch"|"HpUbCW-8EAfdH-o@ir$z"
"fei.jeanequin@edu.tbz.ch"|"uqAjo1-cTPrGD-Rmc9kQ"
"lois.gormally@edu.tbz.ch"|"KD&f5w-8Ku#lh-1dEP9U"
"marie-francoise.finnigan@edu.tbz.ch"|"Aem8h9-aNJplX-S6yu5E"
"leonore.trussman@edu.tbz.ch"|"K9E06K-9MPTXf-nIn&Ni"
"anaelle.trumper@edu.tbz.ch"|"%b2U4%-7dwLx6-MjReX#"
"clemence.dionis@edu.tbz.ch"|"GHQjMH-U2&lnS-2#zPLF"
"lois.tranmer@edu.tbz.ch"|"81A5fC-YagfhN-EmZy4&"
"interessant.volett@edu.tbz.ch"|"LxTT5h-lczYW%-$5b430"
"personnalisee.deackes@edu.tbz.ch"|"hgL5m1-GKI3hi-CXXbnL"
"lie.vasiliu@edu.tbz.ch"|"AHOUB1-okqBAS-ek40ky"
"dafnee.lamputt@edu.tbz.ch"|"sgZEON-lod3#l-0vdsVw"
"elies.bromige@edu.tbz.ch"|"1Eei$u-znjgME-QwqmVs"
"helena.klosser@edu.tbz.ch"|"KsHjpB-R#QL$S-GY4kP0"
"andree.grim@edu.tbz.ch"|"4YNoh8-x0Vib1-a2nRKh"
"verane.coldbath@edu.tbz.ch"|"Iw%j#V-1l4oyG-%aVRPw"
"helena.bethell@edu.tbz.ch"|"rWBKZC-t1myLG-qCi&Bk"
"kalliste.carefull@edu.tbz.ch"|"Ubgh2z-3ZsiQ$-vTCOG&"
"regine.odams@edu.tbz.ch"|"m#LzeJ-@sK3Aa-6BasP%"
"len.stannus@edu.tbz.ch"|"En3mv$-wem4Po-wFr4vi"
"angelique.works@edu.tbz.ch"|"Oi$N8#-%L0KN3-sjtLGJ"
"goesta.rheaume@edu.tbz.ch"|"espQU4-VoZsyd-ju&2jO"
"maelys.tynnan@edu.tbz.ch"|"&1rMFA-izN73&-Ssu$S&"
"maelle.carlesi@edu.tbz.ch"|"BY7ZYh-w%AAH#-Uywi&L"
"anael.spurden@edu.tbz.ch"|"&j#YQX-4g0zRG-HTE&36"
"helene.pumfrett@edu.tbz.ch"|"s&w%T6-eiwHNi-FdTNGA"
"goerel.pearn@edu.tbz.ch"|"o%a98&-fkaKZV-rasrw@"
"laurelie.dezamora@edu.tbz.ch"|"ovmF4d-sq@XkE-9nq@@8"
"yao.twidale@edu.tbz.ch"|"eB$7j5-Av$vG4-m4yLdx"
"berengere.sola@edu.tbz.ch"|"iJR0Pt-Zu930q-2xPNnB"
"maelann.hardistry@edu.tbz.ch"|"Rqg0t@-21qc76-dRp4$g"
"severine.littlefield@edu.tbz.ch"|"vLWqlG-SAKpZj-treE&%"
"salome.heinl@edu.tbz.ch"|"eV5X1x-LG3biE-xgRJby"
"meryl.warbey@edu.tbz.ch"|"2uy%QZ-#cyeFN-g@P%z0"
"da.hunstone@edu.tbz.ch"|"0TNa5#-dZ8GDB-KB91SV"
"venus.broadbury@edu.tbz.ch"|"eU9wlx-$lUoZC-fiWcRl"
"meghane.rentelll@edu.tbz.ch"|"2QbmQe-BBvulK-DpJ1ch"
"marylene.drewitt@edu.tbz.ch"|"Y%Dhz2-&cirq4-CV$BuE"
"melinda.jacquemet@edu.tbz.ch"|"Sc0HQp-jy3Jqz-gt4EeT"
"marie-josee.keyden@edu.tbz.ch"|"brlfrp-l9a0eq-%Zflh5"
"asloeg.montacute@edu.tbz.ch"|"%o7sqn-JfJw4m-qs8Fgg"
"ku.andreou@edu.tbz.ch"|"$#3ImJ-7opJW7-7yw1jd"
"personnalisee.feaveer@edu.tbz.ch"|"kmKk64-FYqZfU-yzOC$B"
"laila.emptage@edu.tbz.ch"|"EC04fn-mGKe21-j0wmws"
"bjoern.dawdry@edu.tbz.ch"|"KFWDo$-5fTy83-YDzMLh"
"marie-eve.dinsell@edu.tbz.ch"|"1tIXh@-CTOi$5-GGoENf"
"helene.follett@edu.tbz.ch"|"oOSJvw-iwiiH1-8n8m15"
"penelope.cordero@edu.tbz.ch"|"cDCEEE-0C0k9s-DZT@2d"
"boerje.beedell@edu.tbz.ch"|"d9xPIf-U9Hn3m-uCHVZ7"
"nelie.ferne@edu.tbz.ch"|"A2@4Bk-Hb&Vtn-ZGNNg3"
"celine.ahmed@edu.tbz.ch"|"nbxlta-cdV4L5-ubmSBf"
"stevina.pimblett@edu.tbz.ch"|"5PGjmZ-Mc$Ff4-jrqjUY"
"chloe.langlands@edu.tbz.ch"|"&JHJ7%-8UQPYb-xACev5"
"simplifies.maude@edu.tbz.ch"|"4BCXa@-wxecIy-hmSpUC"
"genevieve.decarteret@edu.tbz.ch"|"o#C2Zb-zRpsHo-XyKK50"
"marylene.mughal@edu.tbz.ch"|"xhNcm5-0WwL6w-b7SsmN"
"goeran.guttridge@edu.tbz.ch"|"2vxpZE-6eHlNS-8#toY2"
"michele.smurfitt@edu.tbz.ch"|"s1mOeI-X1u7PK-SMx04@"
"methode.hadeke@edu.tbz.ch"|"j7HRRl-fHE@fk-@Yac2@"
"therese.rispine@edu.tbz.ch"|"sL5P6i-b$YhAC-tIO#S8"
"goerel.plumley@edu.tbz.ch"|"B8pgDT-FUAbCv-fc&M9H"
"oceane.friett@edu.tbz.ch"|"Wpmiy8-oIhqYm-zKa@s9"
"marie-noel.achromov@edu.tbz.ch"|"iPByB7-KvHLbb-p5tuWL"
"dorothee.storek@edu.tbz.ch"|"jjkDBV-ShPrUD-HagNrn"
"goesta.whittle@edu.tbz.ch"|"5m7Ton-ofROKA-PMD@2#"
"desiree.casely@edu.tbz.ch"|"1eBPi@-gw4Ck2-MLBrY6"
"felicie.condon@edu.tbz.ch"|"%zVrL0-NZH20t-20Jrlx"
"maelyss.frisdick@edu.tbz.ch"|"a5qaUZ-Dxk&c6-zhGXuE"
"aimee.banke@edu.tbz.ch"|"nQY0p1-kWzxuN-oG#pDi"
"naeva.hodcroft@edu.tbz.ch"|"fN9uoU-hYUS&6-3qSXC&"
"laila.gerrans@edu.tbz.ch"|"o$rPBu-j$P3fj-SUtb#D"
"daniele.scrimshire@edu.tbz.ch"|"eN3b71-mnyCg6-U@xP8J"
"daphnee.sheerin@edu.tbz.ch"|"AOHVTd-kFVcft-5cbqnH"
"pal.vanyukov@edu.tbz.ch"|"V#%Q3&-Cil@Pg-mmBmx7"
"zoe.childs@edu.tbz.ch"|"%HzGi#-Sz9K%8-xlFeIS"
"ai.corde@edu.tbz.ch"|"smqFFV-G%Ix&7-Ij#2#5"
"maelys.berryann@edu.tbz.ch"|"HdMtZ9-5v#Mp@-3aqizd"
"cloe.gladding@edu.tbz.ch"|"AgBIXU-COV5ea-KcjEVH"
"wa.kinnaird@edu.tbz.ch"|"IplhrV-u2xKU@-VdLokV"
"publicite.brittoner@edu.tbz.ch"|"AXzi#E-syqX$i-@A%Scm"
"rao.windress@edu.tbz.ch"|"6admza-ydMARb-gsIiO&"
"uo.kollach@edu.tbz.ch"|"TZ7K%O-97jloU-@lKHUh"
"josee.peskett@edu.tbz.ch"|"Tqp4AJ-mLmMja-9VaR@i"
"annotee.hasel@edu.tbz.ch"|"#8SGG&-5DdteF-KG9ft8"
"cinema.lee@edu.tbz.ch"|"q6rHLZ-U2oJ2w-7Jf64D"
"lai.vedeshkin@edu.tbz.ch"|"mUu08a-kbvIEi-5PA7ES"
"renee.brisbane@edu.tbz.ch"|"&eMyVx-M%XqSo-WYeVaR"
"ophelie.blincoe@edu.tbz.ch"|"yrTetl-eevQj@-gG8x#m"
"zhi.prazor@edu.tbz.ch"|"xio#$H-FgZshJ-rBt&9%"
"annotee.maddicks@edu.tbz.ch"|"hqYLyK-zMiqHD-MRSwg5"
"maelyss.codd@edu.tbz.ch"|"eWpUE5-7bnExV-d2i#VI"
"celia.peplay@edu.tbz.ch"|"ApFgtK-%fsBfl-E0A6dj"
"interessant.skone@edu.tbz.ch"|"XMV7ee-21sYoq-J0&L7l"
"audreanne.hebdon@edu.tbz.ch"|"YfQJAV-%dAV0u-IlwDZq"
"oceane.glen@edu.tbz.ch"|"t#lzKs-44h8%x-jnN#U8"
"daniele.vanyushkin@edu.tbz.ch"|"YXuTVY-85Amj1-O4#YKM"
"daphnee.ayce@edu.tbz.ch"|"hx9ky3-aUdw6I-cymZu%"
"andrea.attride@edu.tbz.ch"|"Y@MGbr-o1v%11-3h622P"
"penelope.bridgwood@edu.tbz.ch"|"0qRsLn-V7M5IW-0#ry$D"
"mailis.drewitt@edu.tbz.ch"|"vK1LsG-p5B5$i-pQmByx"
"penelope.mollene@edu.tbz.ch"|"vK$I#2-rrX8Wx-n3u81x"
"illustree.keely@edu.tbz.ch"|"3W#0Tu-OZtY0H-89Ho$H"
"meng.brisseau@edu.tbz.ch"|"drZAbY-N0ZslN-tVqkrd"
"ruo.cleiment@edu.tbz.ch"|"#gD%E@-9SbAnH-SJUo&3"
"maite.krammer@edu.tbz.ch"|"dccE$p-KsBIKA-7#aYrt"
"genevieve.verry@edu.tbz.ch"|"t%4m5r-bJ6B#@-J4wCJG"
"lea.olochan@edu.tbz.ch"|"Z4VsUP-28B$KU-InEdGo"
"naelle.brunnen@edu.tbz.ch"|"FHFe7&-bLUXRH-t3vr$C"
"goesta.bragginton@edu.tbz.ch"|"n9GWz#-$zGlPp-4b&A2A"
"fei.danilyuk@edu.tbz.ch"|"UxhYSX-kdU4h&-eDpFsH"
"adelie.turbitt@edu.tbz.ch"|"b$9x#Q-6DgD@%-qWZr38"
"marylene.nutman@edu.tbz.ch"|"EYty4N-uERTDd-ZHgp8H"
"therese.barbrick@edu.tbz.ch"|"hVSnTa-RB6mjt-5eOEBG"
"melys.kolodziej@edu.tbz.ch"|"U$psm9-Bsj&hx-TBDyeB"
"melanie.runchman@edu.tbz.ch"|"$b7dqF-2rs@YT-mHu@VU"
"serena.lafond@edu.tbz.ch"|"blzICq-9YsT1J-7i@sw&"
"pelagie.desmond@edu.tbz.ch"|"AtGgKK-wEfD7P-9T0GIa"
"wa.spickett@edu.tbz.ch"|"15Bs67-Z3mbVj-KuKi$w"
"po.shave@edu.tbz.ch"|"L#1&#I-XBAtnq-t1S%&p"
"song.huikerby@edu.tbz.ch"|"1hxZ1B-dCAYNx-V2Htyj"
"melinda.bimson@edu.tbz.ch"|"oRXYFd-snXe25-WzdFo@"
"personnalisee.toffanelli@edu.tbz.ch"|"VRjF&h-1yT%zx-axweXk"
"leandre.hurn@edu.tbz.ch"|"u0n8pk-av1htr-Ny4tQo"
"oesten.standell@edu.tbz.ch"|"BmJEBC-iBlyKE-DDhgBr"
"naelle.smaleman@edu.tbz.ch"|"wj&3I0-1Ccwxm-N%AJoO"
"berenice.tayt@edu.tbz.ch"|"iqRGkW-uPYHP4-3s28mn"
"kui.popplewell@edu.tbz.ch"|"wt&x@B-cFYB67-exJY%m"
"melodie.ferandez@edu.tbz.ch"|"soryc0-Gmsg#a-2P27pf"
"josee.negal@edu.tbz.ch"|"oO%wMR-B3KVax-gMi$M4"
"melissandre.ferrelli@edu.tbz.ch"|"XoEJ1n-89yAbH-ZIZeeJ"
"josephine.kemmer@edu.tbz.ch"|"GfO3gO-57Huyj-TnCsGy"
"maely.cayette@edu.tbz.ch"|"ds%wyz-09ylYT-QeC2#a"
"nelie.vela@edu.tbz.ch"|"rSQKGH-iWdAau-W8#Ael"
"melina.cortes@edu.tbz.ch"|"TwJu3z-@Xsf&2-8UA4mH"
"megane.leyshon@edu.tbz.ch"|"POBG0z-oeNyT4-KuE0lP"
"regine.harrie@edu.tbz.ch"|"QVKKY1-Wc3Sj&-Toj&fP"
"mylene.widdison@edu.tbz.ch"|"T0eeK1-B&6YU2-Ra&V5w"
"pelagie.vivash@edu.tbz.ch"|"z3B8%0-j#XOsX-n$MggP"
"styrbjoern.vicarey@edu.tbz.ch"|"ZS3gwf-jUZ9LX-Uf3%uO"
"long.kyles@edu.tbz.ch"|"uilnA@-X8xWhY-LAUS@e"
"stephanie.gipps@edu.tbz.ch"|"Vy15XZ-ung1vD-e$NYzn"
"clea.constantine@edu.tbz.ch"|"FZc@AU-PP4FS%-eP2Wm@"
"maella.cometto@edu.tbz.ch"|"stNgPv-prJCaE-8Hh7XH"
"laila.aubrun@edu.tbz.ch"|"$s6jL8-3vCCFh-tjvsDs"
"yao.austins@edu.tbz.ch"|"wGtub5-Nlzz#$-OVzWjp"
"mailys.rylstone@edu.tbz.ch"|"e@A6JM-VOyeHy-dWQxYu"
"adelie.curuclis@edu.tbz.ch"|"npU&rq-uILxYI-eK%ZN7"
"celine.longhurst@edu.tbz.ch"|"izs6Ol-gtWTZ$-N5uTyT"
"gisele.hazell@edu.tbz.ch"|"RAvfgz-qkoo#z-D%1Yel"
"celestine.ciccone@edu.tbz.ch"|"cB6RfG-AYQPer-vY96a8"
"maelyss.doole@edu.tbz.ch"|"BQLoFN-EgZsm4-lUCY1m"
"helene.grimsdike@edu.tbz.ch"|"IafiSt-24kEl$-Dw7feb"
"lie.macer@edu.tbz.ch"|"uzB7q6-M4seY@-F38Zfg"
"maely.izard@edu.tbz.ch"|"VGYYoL-yljIpp-jlFsNR"
"erwei.breewood@edu.tbz.ch"|"5I2Kpv-jMLuru-#TXJlg"
"chloe.woolford@edu.tbz.ch"|"EUY#wX-YSHiNm-InUnqE"
"cleopatre.turpin@edu.tbz.ch"|"TtMM6s-y8nud$-O$ju92"
"melodie.surgison@edu.tbz.ch"|"2@EqnL-%9#yxI-vmRPMd"
"elies.leander@edu.tbz.ch"|"1kvNcR-ygIWWX-NSROVZ"
"mediamass.reignould@edu.tbz.ch"|"sFC@OP-bvxDey-XmD@ez"
"celestine.wasmuth@edu.tbz.ch"|"Dq1zSN-RY4gXa-VoUosl"
"marten.jervis@edu.tbz.ch"|"CJ#$l1-NR8vl0-m9r%Fj"
"daphnee.bour@edu.tbz.ch"|"$uQ%aV-fnxO2q-PxBT3s"
"regine.harlett@edu.tbz.ch"|"XnSlJY-2Ss5ow-2#4QiY"
"noemie.macaskie@edu.tbz.ch"|"AfaEwn-1xlE65-tW&YFA"
"loic.renfield@edu.tbz.ch"|"PKcmxW-@%rqQQ-evxi5u"
"venus.kleinert@edu.tbz.ch"|"QXWJOU-Uf@zQN-9X56lh"
"marten.burlay@edu.tbz.ch"|"Xi5Hv8-hL0dpw-%187xl"
"berengere.radsdale@edu.tbz.ch"|"HT#kET-oPsxaO-9xBQh#"
"genevieve.duckit@edu.tbz.ch"|"GJWssA-dn2&r8-FKPeah"
"maely.ligerton@edu.tbz.ch"|"G0JrG9-esD%X8-xkjiY9"
"maeline.ricciardelli@edu.tbz.ch"|"LFBLKU-d#$w3c-gumXl2"
"personnalisee.yggo@edu.tbz.ch"|"Xbhh9P-dJ0ZNX-A4qZ#T"
"alizee.pettinger@edu.tbz.ch"|"wNIfJL-0MRC0A-bTpase"
"desiree.curnnokk@edu.tbz.ch"|"lRql%d-w8K#$Y-8rCG2e"
"dorothee.minors@edu.tbz.ch"|"rnxmjC-%Fs2kf-h6uCQB"
"oceanne.kopmann@edu.tbz.ch"|"UBwNlC-#BT$XY-#oOM7T"
"almerinda.brodbin@edu.tbz.ch"|"2j$ZZJ-T33zeQ-k%7WNU"
"yenora.carsberg@edu.tbz.ch"|"e1qp&c-meQtYG-KGKjYh"
"wa.beetles@edu.tbz.ch"|"#Kz@hu-TEJ#jD-@iMH55"
"audreanne.abbot@edu.tbz.ch"|"y$TEEL-2Ve%#7-V2$eYj"
"noemie.capper@edu.tbz.ch"|"boF9Er-YbYGi0-RPosUd"
"mans.abramamov@edu.tbz.ch"|"18nxXS-rxJ@@D-86wpY#"
"audreanne.blakey@edu.tbz.ch"|"K9@vTD-U#j#E&-lCAj39"
"leone.klimpke@edu.tbz.ch"|"QjTX0c-jQqJKT-hsa9Gt"
"lie.croston@edu.tbz.ch"|"Lpm4iW-hz002y-Qjg#gC"
"anaelle.baistow@edu.tbz.ch"|"is1o1X-MSH3pD-fGzLKK"
"michele.garwood@edu.tbz.ch"|"Ks7ffJ-xn4QD@-sT$DeK"
"interessant.albion@edu.tbz.ch"|"Z25m0V-zlhNA0-omV@NL"
"andre.brisco@edu.tbz.ch"|"IjjGBf-Sf8x##-$7$FTX"
"tang.totterdill@edu.tbz.ch"|"$%Dnnq-gW3GKS-ibKmnK"
"marie-josee.braundt@edu.tbz.ch"|"7OZnDz-uscRbf-l%8o$x"
"lois.galer@edu.tbz.ch"|"9GCzFB-a51sLi-85$vEu"
"faites.pellamonuten@edu.tbz.ch"|"KB$woR-uLU#m8-7TP6bH"
"mai.barfford@edu.tbz.ch"|"nBe#tU-M&4VV9-aOcemc"
"laurene.macilory@edu.tbz.ch"|"0eHHIQ-6mk3lJ-yCYwZy"
"elea.peak@edu.tbz.ch"|"U3YV8F-ai220R-KPww@J"
"rejane.doni@edu.tbz.ch"|"79L3l5-VU58&P-pXh@RC"
"mahelie.ector@edu.tbz.ch"|"VonP0j-hRBvVm-cFdF#K"
"rachele.allum@edu.tbz.ch"|"mpZer&-86bQWm-qRwdPL"
"laila.gerretsen@edu.tbz.ch"|"efuhJ5-li6A2V-q13daQ"
"ines.bowman@edu.tbz.ch"|"qX@qK6-5N9ojw-@JoT7U"
"publicite.barbary@edu.tbz.ch"|"ag6fyj-yOct8O-S&idzA"
"mailys.smooth@edu.tbz.ch"|"zFUz8c-qH10SQ-qHq%c$"
"mailis.huguenet@edu.tbz.ch"|"XgUuDd-ezdG8I-c4wML&"
"lea.ewer@edu.tbz.ch"|"UGwmk2-x9Fm#K-L&G6LJ"
