"email"|"password"
"melodie.vandervlies@edu.tbz.ch"|"gIU3ny-@KRkBc-rZORH4"
"angele.edgecumbe@edu.tbz.ch"|"wU%rjT-7DCE8y-LRt8BG"
"zhi.andreasson@edu.tbz.ch"|"wP4Rat-vz1s5E-L$8Hqs"
"judicael.koppeck@edu.tbz.ch"|"7T%8aS-TLMoCo-x@iKU$"
"berengere.capron@edu.tbz.ch"|"UdYNl4-a&oHTb-0irkq8"
"leonie.brosini@edu.tbz.ch"|"tJEJlH-TU&Uyj-Nj1Wu7"
"venus.garfit@edu.tbz.ch"|"pAO4vK-4$ZJfd-J2PF2@"
"melina.janota@edu.tbz.ch"|"%hEiHH-wGtM3S-3WdXTb"
"laurene.bake@edu.tbz.ch"|"#Gq&Yn-0koLDS-BCDe9d"
"regine.dorkins@edu.tbz.ch"|"I4eRBO-qlFYRt-dIZ73g"
"cecile.moffet@edu.tbz.ch"|"vPWr7G-lxm75#-i5qA4u"
"maelann.labrone@edu.tbz.ch"|"wiiTKk-YCSpR6-l4yAVM"
"melinda.newbold@edu.tbz.ch"|"d5ijAK-AvsJgj-J$NbDE"
"mans.itzhak@edu.tbz.ch"|"sg5LLh-ACqWJ9-SvnIOj"
"melodie.pattlel@edu.tbz.ch"|"inRNt$-k6YjrB-w#n7j$"
"celine.bonett@edu.tbz.ch"|"AY08b3-m7BFeL-WwL1A7"
"adelie.mcgreal@edu.tbz.ch"|"@umZJA-i$GQWE-K8DezK"
"helene.soldan@edu.tbz.ch"|"v12#DD-eovD67-zm0Kow"
"michele.cluer@edu.tbz.ch"|"b97VLh-zEIwX2-qX8jf5"
"maeline.mueller@edu.tbz.ch"|"e48eD9-$@YsZ2-fTKI#O"
"maelann.benedito@edu.tbz.ch"|"94851K-LQV5RU-QKdP$n"
"nuo.gransden@edu.tbz.ch"|"EYzG@Q-fRO0mQ-pu%#ir"
"berengere.stainton@edu.tbz.ch"|"f9SN9s-Hkkp#a-o1QR&n"
"wa.sabater@edu.tbz.ch"|"GqkkJO-3obefr-C3UFUm"
"anais.cochran@edu.tbz.ch"|"c6t4tN-BTpFVz-69fnk4"
"gerald.bessant@edu.tbz.ch"|"eQZOxM-hMpp$7-ReDOSo"
"ruo.coffin@edu.tbz.ch"|"9Y4QeH-0mEqyx-v5Mkxz"
"melodie.mustill@edu.tbz.ch"|"CxmFjN-aDde%o-@9pX@A"
"ruo.stanesby@edu.tbz.ch"|"4LRD6a-#Mr@s7-wnemoF"
"noemie.antognelli@edu.tbz.ch"|"47&oZL-pve4bf-QKNXfs"
"maelann.hughson@edu.tbz.ch"|"pWiXsq-&VwAj1-es9PD9"
"milena.mieville@edu.tbz.ch"|"o4juA$-gBNsXe-pjwQQg"
"mailys.chamberlin@edu.tbz.ch"|"u&AuPD-5v0ORO-qoLszs"
"nadege.tomalin@edu.tbz.ch"|"0fx44o-ur4hTa-vKlePk"
"oceane.omara@edu.tbz.ch"|"H5sSml-B8RfPN-fkVkav"
"cecile.aguirrezabala@edu.tbz.ch"|"48gjXf-c7ZDy7-&99X%o"
"maella.gwillim@edu.tbz.ch"|"#SRnTw-D722je-ENghPP"
"lea.mcgahey@edu.tbz.ch"|"YcmDgb-H7TbAY-q4#9Pi"
"laurene.hagerty@edu.tbz.ch"|"$xY8aE-3lpjw6-WLZxUR"
"dorothee.link@edu.tbz.ch"|"#w&ho#-7uxty5-cCVHbc"
"clementine.kynsey@edu.tbz.ch"|"sb%eHB-aKwUyF-S%1TN$"
"lorene.smitherman@edu.tbz.ch"|"m0%el0-@nzrGw-&NnDcs"
"cleopatre.klulicek@edu.tbz.ch"|"eOzUqy-9XaPzh-oUXBuM"
"laurene.castaneda@edu.tbz.ch"|"AoqaDz-fbIJoD-ChVJMQ"
"melia.constant@edu.tbz.ch"|"XfSu8a-t#2TyW-fKZPMw"
"lucrece.clunie@edu.tbz.ch"|"qa13T6-m&nw4y-UCcwYz"
"eleonore.mcmurthy@edu.tbz.ch"|"Ud6@L3-nFsIwP-tjjotq"
"melia.bevar@edu.tbz.ch"|"KQXgyD-uCmXwL-oszdP@"
"camelia.bontine@edu.tbz.ch"|"oONTia-z@aGTj-gzaN6H"
"methode.jozefczak@edu.tbz.ch"|"Qyg5V3-dPEs4z-OBOlf&"
"audreanne.hinsche@edu.tbz.ch"|"bNbJwQ-&dp2Ye-aKjfbe"
"andree.varne@edu.tbz.ch"|"SFkNSa-e8uCWz-1wTR2j"
"marten.kinleyside@edu.tbz.ch"|"sh1%ZU-Y@$48a-tQfoWx"
"esteve.mcewan@edu.tbz.ch"|"4uQ00i-8Duzpg-9nZalI"
"leane.dibbert@edu.tbz.ch"|"fMvj4v-VrKpZ1-j&adgL"
"ma.thewlis@edu.tbz.ch"|"ruBIjD-&t3rbN-B@LJZZ"
"clea.djurkovic@edu.tbz.ch"|"5aUC3D-S96Xet-g9Ga7J"
"rachele.reburn@edu.tbz.ch"|"eMwA1p-lB0FSG-1k$QuK"
"gerald.gowling@edu.tbz.ch"|"Wm4#3G-6ptnjS-IvVc3z"
"cleopatre.jackson@edu.tbz.ch"|"RngOkF-ghLZi$-xMlU9L"
"desiree.haskins@edu.tbz.ch"|"dDYGl0-1xBEpU-HO8fBE"
"eleonore.longson@edu.tbz.ch"|"@ILVqn-DS$WtP-vS8jX4"
"leane.dybell@edu.tbz.ch"|"dx#x6c-&HtXFe-nxDT6n"
"becassine.grzesiak@edu.tbz.ch"|"h1r1cr-XJUwoC-K4vASU"
"marie-josee.pickin@edu.tbz.ch"|"28HYSg-h@k4jO-tIkeOu"
"marie-josee.roxby@edu.tbz.ch"|"atNhwg-vc5tCi-CmeRVg"
"leonie.feenan@edu.tbz.ch"|"T2uzWK-7FfINL-Vd8gQ6"
"valerie.ellum@edu.tbz.ch"|"h$ir&c-$XUWX$-qzCS49"
"ju.caseri@edu.tbz.ch"|"nGfbvA-djzV61-o&0oqO"
"boerje.strangman@edu.tbz.ch"|"J7th4R-SEqm67-2F#CwY"
"beatrice.ghidelli@edu.tbz.ch"|"UBbc11-nREr@O-wk8u&f"
"da.jablonski@edu.tbz.ch"|"S&XKAN-rdaQnD-oY9Qv1"
"uo.beveridge@edu.tbz.ch"|"y%XtwW-l@IIu#-YQx#Ob"
"valerie.bestman@edu.tbz.ch"|"6eF6k2-l0L6a5-ndX93W"
"marlene.pohls@edu.tbz.ch"|"b7MReb-xF7dpU-ZJPh9Q"
"ma.nolda@edu.tbz.ch"|"@MuM#0-WPK1Vt-iGC188"
"marlene.bisiker@edu.tbz.ch"|"%4p9QQ-d6hKbn-H@DpeB"
"estee.babon@edu.tbz.ch"|"%y0#n0-cE653L-l%APsM"
"simplifies.dmisek@edu.tbz.ch"|"whbU5o-rTs3AV-%s0DSR"
"selene.ganing@edu.tbz.ch"|"R&0QTy-8#mdZM-@8f03%"
"meryl.penke@edu.tbz.ch"|"yymB04-I514k7-1cDYy2"
"anais.rawcliff@edu.tbz.ch"|"4x32PJ-WQkVXf-tTT@c@"
"melina.andri@edu.tbz.ch"|"T&ieQZ-ZdUkvB-tI@E1&"
"audreanne.fodden@edu.tbz.ch"|"KGG3qG-Efte&F-Za71He"
"bjoern.spellesy@edu.tbz.ch"|"c6xXpV-5I@bNC-xSoSzE"
"francoise.summerscales@edu.tbz.ch"|"9od9s8-0nO0uv-CxNU0x"
"laurene.ashtonhurst@edu.tbz.ch"|"lI$JCM-ohueYU-AP&CkI"
"valerie.petters@edu.tbz.ch"|"sMbQdE-I1qPVd-kq9dIi"
"anael.spenclay@edu.tbz.ch"|"4H8w$i-Tl1Yt#-FAxc0N"
"stephanie.keech@edu.tbz.ch"|"WhXTX0-LTtzdM-4z0mL#"
"ines.deveril@edu.tbz.ch"|"eGzSP$-LMdmTl-yUVRKy"
"berenice.gelder@edu.tbz.ch"|"s$CzQy-LsKXgx-MDb0XE"
"melanie.ofogerty@edu.tbz.ch"|"C5tRMO-uekufI-6sj6$P"
"frederique.canepe@edu.tbz.ch"|"57RrwS-CSFqSS-%L%LTa"
"nuo.otton@edu.tbz.ch"|"KHMSLq-x1MOhj-Qzba8&"
"genevieve.trusler@edu.tbz.ch"|"yAlrt2-DK9Sra-w4FZaT"
"ju.boag@edu.tbz.ch"|"b4eVWF-l&gn0b-D7%#g7"
"josephine.dilucia@edu.tbz.ch"|"V9EVz5-IrcHv@-dluASU"
"laurene.armsden@edu.tbz.ch"|"p1jcXN-vq0dR2-FhbT5s"
"becassine.griffe@edu.tbz.ch"|"rUY4w1-3nRL$4-9oFn4Q"
"alois.parres@edu.tbz.ch"|"IMb@91-OA#Z0u-p6%hy8"
"cleopatre.gaffey@edu.tbz.ch"|"OM6#$C-ulODS2-KnndI9"
"andre.stiger@edu.tbz.ch"|"TKUEVa-X8Y@Gz-BayyEL"
"beatrice.godleman@edu.tbz.ch"|"n6SLVg-meGICE-ZxJ$84"
"hakan.harrhy@edu.tbz.ch"|"W&h7M2-P@YlMk-1QHlcs"
"celestine.dagnan@edu.tbz.ch"|"R3r%Pm-u#oz0I-7BTbfa"
"clemence.haggart@edu.tbz.ch"|"Tku1rz-825%63-7EQ$JZ"
"long.caban@edu.tbz.ch"|"zjC5hB-6#QgZl-A0W2LB"
"gaetane.grimble@edu.tbz.ch"|"vEgslX-WhNO0J-o1DO6Z"
"maelann.piwall@edu.tbz.ch"|"ptXIhp-4ntnfa-yJdB64"
"magdalene.loble@edu.tbz.ch"|"8or05x-a%r3Fj-bebQzL"
"veronique.domaschke@edu.tbz.ch"|"1J0204-l#Xnaz-WWWdht"
"clea.herity@edu.tbz.ch"|"mwT2Vn-UgapM2-A4@e#@"
"maelann.bambrough@edu.tbz.ch"|"fG$kkf-c$H96I-9guYEy"
"clea.goulstone@edu.tbz.ch"|"tIIPH$-zAT2fu-%8WHdk"
"renee.deleek@edu.tbz.ch"|"mG1ZzX-HkChWv-P6RPsn"
"boerje.rudderham@edu.tbz.ch"|"gLTS%g-qdV4z#-yC90Eo"
"marylene.broune@edu.tbz.ch"|"JWzDJz-Ug%hh%-lbDn16"
"nadege.mccuish@edu.tbz.ch"|"Zc2Ys$-CZQhi1-MNv2$R"
"anael.littleover@edu.tbz.ch"|"Q2x3Pk-TwQpkb-xlNQtY"
"lie.baume@edu.tbz.ch"|"7X2xly-TTJErf-JTt73y"
"maella.murrow@edu.tbz.ch"|"lDbxbw-8H2ca3-iLAiFL"
"cleopatre.pettifor@edu.tbz.ch"|"q2V4Z4-djPyEY-Y0Jtwv"
"geraldine.asker@edu.tbz.ch"|"SG7UpU-SAczXX-eibKYD"
"gaetane.smedmore@edu.tbz.ch"|"1pl1KD-xG$P@4-pOub&c"
"meryl.blencoe@edu.tbz.ch"|"WlFUWj-hgxh%C-9#EnK@"
"aurelie.chastaing@edu.tbz.ch"|"PZpTAK-kZoXn5-YA@1gq"
"oceanne.marthen@edu.tbz.ch"|"xOnokU-B&A@T$-AFPCx4"
"dorothee.burrill@edu.tbz.ch"|"oQFHbs-pFdEZb-H&UvEE"
"hakan.belden@edu.tbz.ch"|"lD8wFS-#%u0lw-RdW&lR"
"celine.brunning@edu.tbz.ch"|"BDPc9b-ota&@Z-cPe#dJ"
"anael.lapides@edu.tbz.ch"|"kfWMH8-71cGWB-7V1PQS"
"ruo.saffran@edu.tbz.ch"|"NxBQku-5btw#j-@8J65v"
"loic.gerretsen@edu.tbz.ch"|"N7HVli-3IU0%Q-x4hP2m"
"rui.fitzer@edu.tbz.ch"|"Todg6v-hfF@Zh-wO&KAB"
"annotee.ogers@edu.tbz.ch"|"kcanfw-HHUUXx-IF6AUf"
"boerje.bindin@edu.tbz.ch"|"wRXDd9-98$dtE-mq1e%r"
"ma.cronchey@edu.tbz.ch"|"nd4#rE-CfewJ0-jqcg@G"
"laurelie.baiyle@edu.tbz.ch"|"tYvEgO-sDcjEd-8dQoQV"
"dorothee.older@edu.tbz.ch"|"tYFXaR-KMaI%%-@Emzvk"
"laurena.wile@edu.tbz.ch"|"ecvVV5-VNX$kZ-8av6sh"
"clemence.brito@edu.tbz.ch"|"HSa1KG-#WN9Y$-aV37CH"
"nadege.dallin@edu.tbz.ch"|"fmznkw-ju#clL-klN7m$"
"mailis.matley@edu.tbz.ch"|"@LG$az-WFOy8H-uZExEd"
"daniele.screaton@edu.tbz.ch"|"GEI%DO-W3vf54-L&4$aj"
"mediamass.godly@edu.tbz.ch"|"5iO2u3-qJIbV%-4CnWG6"
"leone.kremer@edu.tbz.ch"|"FKRrHj-3i$Xd0-ylVUEU"
"asa.adrian@edu.tbz.ch"|"iE2n$t-PIAK1n-J3CyBF"
"adele.doley@edu.tbz.ch"|"P3ngYK-9eEr6m-%PK#4u"
"fei.sidney@edu.tbz.ch"|"V#X%Sk-m1JVGi-6#j25F"
"marie-josee.walisiak@edu.tbz.ch"|"alF1jq-M7aVT6-M1juBE"
"desiree.diplock@edu.tbz.ch"|"tWDoQE-CLkkBt-R0Y$KI"
"gisele.schust@edu.tbz.ch"|"kEgZRk-liY16P-7IlUhD"
"ma.longshaw@edu.tbz.ch"|"#8R1V4-o7sIwv-1u9YHt"
"da.boother@edu.tbz.ch"|"MPCvZS-M5%JSL-slAQf3"
"simplifies.chaudhry@edu.tbz.ch"|"Vx1Lvn-ZV&Pb$-hTDxFt"
"garcon.baniard@edu.tbz.ch"|"vbgz6&-9mN49M-N24hiv"
"gaetane.elphee@edu.tbz.ch"|"8QIVQR-OMEpTG-CvAuNw"
"gisele.hassey@edu.tbz.ch"|"0KrJYt-olikoa-Z2ecCF"
"oceanne.booley@edu.tbz.ch"|"5ZSfbo-sf9gd8-zLP0%B"
"oerjan.dibden@edu.tbz.ch"|"rECkvT-&sFAa#-WXNx0K"
"regine.ocleary@edu.tbz.ch"|"48dlev-Ho@ndg-rRMnJF"
"selene.persse@edu.tbz.ch"|"1EE0Md-%hAPv#-z27xio"
"helena.adenot@edu.tbz.ch"|"X2qL$P-yRxWtV-WMtRI%"
"maelann.wassung@edu.tbz.ch"|"YRgrwy-uMJV4Y-ZD&S3w"
"frederique.ackermann@edu.tbz.ch"|"L4ZHtH-vsO$Hr-JPTI&F"
"audreanne.kahen@edu.tbz.ch"|"@##$uY-sYe3@L-4r3brs"
"maiwenn.lasty@edu.tbz.ch"|"J#ItjD-in9bMr-7ii32k"
"yu.dictus@edu.tbz.ch"|"pD#R6e-i#5XAE-RCz35H"
"anae.dukes@edu.tbz.ch"|"2YtPt%-B6t0R1-ercOtI"
"yenora.warr@edu.tbz.ch"|"3R#cdm-nexR7P-VXCMJX"
"esbjoern.archibold@edu.tbz.ch"|"KnfXL5-&lyJXI-#dfW%B"
"milena.pardal@edu.tbz.ch"|"IAdAeD-#&z%vF-zzO2WS"
"celestine.graveston@edu.tbz.ch"|"1PmLUi-gK4QBy-NZmPiY"
"maena.dallas@edu.tbz.ch"|"zGSqyN-&4EP#7-u5A2pz"
"andree.tuke@edu.tbz.ch"|"8TLBJA-SecVCZ-bqY#lz"
"methode.seldner@edu.tbz.ch"|"@A6o#f-ZebM3u-dt&dJF"
"venus.bullas@edu.tbz.ch"|"JKMUbH-5$&R6O-p#kKrF"
"mans.aguirrezabal@edu.tbz.ch"|"3InjCC-3NX&&1-tsXkWK"
"gaelle.eadington@edu.tbz.ch"|"xa@Huq-32alWh-RBE72A"
"anaelle.falkner@edu.tbz.ch"|"YLuVrr-tPNYbg-EgHb9B"
"ophelie.height@edu.tbz.ch"|"pxmU8j-#GDuwH-hSx1I#"
"marten.bolding@edu.tbz.ch"|"Oyj%oP-tMtNG9-WUFtxx"
"pelagie.guswell@edu.tbz.ch"|"Him@FE-qB#ooe-7Bwv1&"
"gwenaelle.lecount@edu.tbz.ch"|"AB@B0Y-IqjeDC-cIFW@i"
"hakan.laden@edu.tbz.ch"|"OR$Pz&-Yc3pFf-ggGx3C"
"marie-josee.hylands@edu.tbz.ch"|"JXAEUm-ud#Ql8-S%8B0w"
"zoe.kingshott@edu.tbz.ch"|"GiY6sd-o@uFTI-1Y#p@X"
"josee.janous@edu.tbz.ch"|"GHpO$&-Q&PJm5-Ul#&Xl"
"laurene.gallally@edu.tbz.ch"|"AjX3hU-Nh968P-2OEXMB"
"anael.bickle@edu.tbz.ch"|"Lb5gd6-kD&Pd%-ZDv$SM"
"mediamass.lebbern@edu.tbz.ch"|"H5YkJa-tJZq2T-vzWx$u"
"berengere.hovy@edu.tbz.ch"|"m@iKUO-m73zQm-6JP&oj"
"oerjan.kilmurray@edu.tbz.ch"|"5wz4Uo-nNuAVA-F52gza"
"asloeg.venny@edu.tbz.ch"|"eljSd4-Wo9zQ5-N3EMZL"
"marie-noel.stoad@edu.tbz.ch"|"vf9U88-G@P5h&-pc8Uob"
"hakan.pettifor@edu.tbz.ch"|"8Kvoa%-LzI2YC-M5%BQC"
"maella.willgrass@edu.tbz.ch"|"OH6Prp-Naisri-L00dX0"
"therese.ludovici@edu.tbz.ch"|"Z7lrb5-yMXHbV-7NE2Zs"
"stephanie.trewhitt@edu.tbz.ch"|"3T5jqn-4GT7F3-$jYz4O"
"maerta.bauduccio@edu.tbz.ch"|"oJ0aZL-sIER#6-7W2VX2"
"gaetane.glaisner@edu.tbz.ch"|"nalb9i-2XZkCK-43VHd%"
"naeva.pargeter@edu.tbz.ch"|"s1@gh7-D5AqpV-mtAueP"
"salome.venable@edu.tbz.ch"|"ZMGwY#-zuBgkm-Gk4xnq"
"boerje.thickett@edu.tbz.ch"|"$S1Zsf-i3kmSo-QyWMYs"
"lucrece.prendergrass@edu.tbz.ch"|"OkZp@r-a2bEU6-OSGEv7"
"laurene.ockleshaw@edu.tbz.ch"|"tnjBcp-XX%43@-yz9DjJ"
"cecilia.pasticznyk@edu.tbz.ch"|"ABSIrD-JsmJbD-cczL10"
"stevina.mackey@edu.tbz.ch"|"qA%N1#-@3Ss64-3BUbqG"
"marie-noel.reven@edu.tbz.ch"|"ADF$rZ-h@9kr3-tKr3UR"
"melina.quilkin@edu.tbz.ch"|"rOW67w-ngnAzv-#NSW3w"
"marie-noel.ferrie@edu.tbz.ch"|"#Nmy7A-7Fu4P7-2Pq0RI"
"leone.alphege@edu.tbz.ch"|"iPLwcj-u3FV#r-CKsA0c"
"zoe.leverson@edu.tbz.ch"|"#zclup-kgmLr8-wt2Oc7"
"annotes.grayne@edu.tbz.ch"|"E#J$tq-HGvPPr-UtVst0"
"faites.lalley@edu.tbz.ch"|"vfzmSj-q6PSXx-Pxrr2i"
"adele.wallis@edu.tbz.ch"|"7KncUs-TlAWfk-kD@%f9"
"severine.madill@edu.tbz.ch"|"8bl71r-CRRDLq-1has3&"
"valerie.tebb@edu.tbz.ch"|"AbpJNK-QFiECr-VUkpgR"
"kalliste.rasper@edu.tbz.ch"|"D$nBZS-#SUeUz-K#ILMS"
"audreanne.palomba@edu.tbz.ch"|"5gAW0e-NhmYRK-hMUsqk"
"elea.adamik@edu.tbz.ch"|"FgQuIV-3J3s%v-t@xY3C"
"reserves.jakuszewski@edu.tbz.ch"|"yQy1CW-9cHT@J-85Xg30"
"athena.belhomme@edu.tbz.ch"|"G@hwpu-d86t33-zmf$ix"
"rebecca.crippin@edu.tbz.ch"|"XdAnJ8-BqKBWM-eXL18F"
"maiwenn.curman@edu.tbz.ch"|"q@@Pw8-B07Sbg-XXwpYo"
"andree.bunner@edu.tbz.ch"|"TvAgQ3-@nj#8X-a5phkv"
"ruo.winckles@edu.tbz.ch"|"uLvlA0-6I6g86-FfhhNk"
"naeva.buntine@edu.tbz.ch"|"YHNBkG-TV2s9D-03GvkR"
"boerje.dollard@edu.tbz.ch"|"65U7DM-nliFvt-bI&5dL"
"penelope.gorman@edu.tbz.ch"|"xaUnS7-JryXvl-vBtXXw"
"alois.robelin@edu.tbz.ch"|"V97Ngj-litj1Z-SXh5$n"
"anaelle.tindle@edu.tbz.ch"|"DFn1VF-QbktnB-D@c%rL"
"ye.frears@edu.tbz.ch"|"miAk#Q-qJQgR#-oDO4W8"
"andree.ovid@edu.tbz.ch"|"ItILyB-oOwatn-YcXlVw"
"hakan.peat@edu.tbz.ch"|"sTuUH$-NkpxwE-IqTXJH"
"andre.januszewski@edu.tbz.ch"|"At0ZIw-&8tJrx-LBHEeZ"
"annotes.clemmett@edu.tbz.ch"|"SlPMNK-DYNf98-Vp@PUi"
"pal.lambswood@edu.tbz.ch"|"hGM5$h-KIVQR#-xG&P$y"
"yao.lenton@edu.tbz.ch"|"1%DoaH-e7#WLe-03jEuj"
"hakan.boyton@edu.tbz.ch"|"On&oO5-PfxkJ%-xunhRz"
"nelie.forsey@edu.tbz.ch"|"DO9KRh-6veHvt-uh$Mh3"
"hakan.horche@edu.tbz.ch"|"NDy@aR-t1OAjb-s@%gqf"
"lorene.sinkings@edu.tbz.ch"|"250iwB-t%@b9S-uJXSR0"
"marie-therese.creddon@edu.tbz.ch"|"%k1Mvv-SluR4z-@ED1c4"
"berenice.tolworthy@edu.tbz.ch"|"bL3bmp-8J##wk-uSfw39"
"theresa.land@edu.tbz.ch"|"JOr1XC-&iW%Gu-uBZxRa"
"marie-therese.gianilli@edu.tbz.ch"|"LE%Ps%-x6AoiZ-Q@LXzC"
"meryl.glew@edu.tbz.ch"|"yqt%K0-kbZ4qo-$5fIUG"
"adele.debling@edu.tbz.ch"|"Ozg3OS-qRTM$m-#1iHuK"
"anae.metzke@edu.tbz.ch"|"Me$NuJ-#XNiz0-0JpPUV"
"gaetane.gooden@edu.tbz.ch"|"#nlZx$-inuNCa-OpDKwW"
"laila.bootland@edu.tbz.ch"|"@mUpBZ-$%IxRp-aZWPmy"
"maite.helsdon@edu.tbz.ch"|"3F8jWZ-z2M9cC-1lGJz3"
"andree.malley@edu.tbz.ch"|"NAXjay-f2abP@-B@8kg1"
"pal.simmens@edu.tbz.ch"|"eLdjau-y0Wxs#-q5vGrp"
"maelys.nuccitelli@edu.tbz.ch"|"kJzWmb-&7T$1t-6W20cD"
"dafnee.sibary@edu.tbz.ch"|"JQ8a$5-#jyymR-iLxN$r"
"alois.harsnep@edu.tbz.ch"|"liJsSW-IVd7ra-Hq&wpf"
"marie-helene.lacky@edu.tbz.ch"|"Rsiy5L-##k4I1-99IYex"
"mylene.youthed@edu.tbz.ch"|"c88pDX-E4V8hv-IQeH$k"
"marie-helene.dehmel@edu.tbz.ch"|"q#EFW5-E2pVBH-4mRuwX"
"angele.batman@edu.tbz.ch"|"$ebGm3-qMtLR2-1lcvUL"
"melia.younghusband@edu.tbz.ch"|"mnE4p0-k52HL2-GaGPm6"
"eloise.baldi@edu.tbz.ch"|"#2eq99-hfyzuF-O4JBiR"
"illustree.dun@edu.tbz.ch"|"B3fZP&-MB338O-BMERC%"
"genevieve.late@edu.tbz.ch"|"IcrzI3-TR63u7-1abZQV"
"celestine.colville@edu.tbz.ch"|"lDs#Ka-G4OcZS-8RXvRl"
"gwenaelle.scarlon@edu.tbz.ch"|"IC0mFu-ewCROt-AyNeWL"
"regine.boddie@edu.tbz.ch"|"hCnQcR-Vmq2gZ-Tzx1Bv"
"creez.gaughan@edu.tbz.ch"|"61OyAb-dp6Bb9-p13nn@"
"gaia.longford@edu.tbz.ch"|"Tu#Qsj-ctCEsW-dZYT3e"
"mailis.buckby@edu.tbz.ch"|"Jf4YIc-7kL2gG-8w1O9H"
"song.parbrook@edu.tbz.ch"|"3SWeSt-X7GjLh-V@NXWP"
"frederique.heddan@edu.tbz.ch"|"yoGT2s-GjCTYB-g5aeKU"
"ake.kirtlan@edu.tbz.ch"|"HQssn0-U2D4M#-XZ%ops"
"nelie.runciman@edu.tbz.ch"|"7fZmf&-mM1gBs-c#UeW#"
"mailis.cardnell@edu.tbz.ch"|"B21SUA-A2RP&J-WJPImt"
"irene.navarro@edu.tbz.ch"|"b$f6gh-hgypSo-05M1sk"
"maite.cough@edu.tbz.ch"|"ccU9CN-#fIhA0-4Nso7n"
"anaelle.stocky@edu.tbz.ch"|"Iy&&4O-hsbZpE-vMulA3"
"methode.moulder@edu.tbz.ch"|"GCH@fO-peek0r-A1PYef"
"po.stafford@edu.tbz.ch"|"O#jzzk-GgTXi@-rbcDy0"
"faites.scraggs@edu.tbz.ch"|"xVMHqy-Kt2wrh-v15wu&"
"adelaide.dullard@edu.tbz.ch"|"tZsBAe-s#T&wp-rQAwoJ"
"desiree.leonard@edu.tbz.ch"|"qiacLH-hJz62f-XJ8EE$"
"geraldine.badgers@edu.tbz.ch"|"BUrx&B-Zxprsn-0BUd0Y"
"ruo.masic@edu.tbz.ch"|"AJLEG0-h$IvvW-huq@87"
"aurelie.lieber@edu.tbz.ch"|"SurDlt-Apl8vk-IPO$cW"
"naelle.balcock@edu.tbz.ch"|"54$Eqs-ECkvKt-IeQ8qE"
"camelia.elger@edu.tbz.ch"|"yx89&Q-hK1h6a-JjJLRR"
"publicite.oakeshott@edu.tbz.ch"|"RRdrYK-GaEY5j-icl8CX"
"cleopatre.fawley@edu.tbz.ch"|"mYF@2K-sDFow#-CuS&tR"
"laurene.bruckmann@edu.tbz.ch"|"P4vtoO-19aM7j-&f3CYA"
"rui.haughton@edu.tbz.ch"|"8XbnBn-cHnRVd-zN1azg"
"asa.ladewig@edu.tbz.ch"|"jwJ5Ye-JOdHlG-RfLw&s"
"gisele.janecek@edu.tbz.ch"|"fjeQKf-O5sAq7-Kvh8P4"
"maily.loveridge@edu.tbz.ch"|"1M#sPs-tK3pxk-G0r7Ep"
"marie-eve.yurkiewicz@edu.tbz.ch"|"kSiOJv-KVxh%5-7Xy6ir"
"fei.roder@edu.tbz.ch"|"2J6hIm-N5@oUG-0Rph84"
"edmee.chatburn@edu.tbz.ch"|"0gOs91-nfrmjH-I7gH8V"
"geraldine.darke@edu.tbz.ch"|"#mdS3i-A7QPu2-sdnjvI"
"ye.jira@edu.tbz.ch"|"2VSy&@-K4SKXV-R9fw2#"
"publicite.persent@edu.tbz.ch"|"en7E4Q-7lAHd&-YB352S"
"severine.wilcox@edu.tbz.ch"|"yE$h9e-N2mftf-Ea%4bT"
"yao.mcclaren@edu.tbz.ch"|"VFmyc$-ZX&GV3-XuWHlW"
"theresa.foynes@edu.tbz.ch"|"i%jA#j-V7$XCp-rNU86N"
"stephanie.isley@edu.tbz.ch"|"JV48KP-hS0Erc-TUrQYF"
"torbjoern.growy@edu.tbz.ch"|"3Sr3pz-#lDOR@-m9OD8s"
"eloise.tunnadine@edu.tbz.ch"|"1qCXcT-uOSQWk-iQ5NnT"
"maeline.cossentine@edu.tbz.ch"|"HUTJmy-2HE8no-Wtubct"
"nelie.desantos@edu.tbz.ch"|"DakC79-SUnb&@-wra818"
"gaetane.axston@edu.tbz.ch"|"XhtnnK-6&d0X&-gBV8Y5"
"aimee.merman@edu.tbz.ch"|"5Cwl23-s#m2Jt-xvtN2R"
"oerjan.drivers@edu.tbz.ch"|"J7uG31-4G2IBe-fj9KYe"
"aimee.miroy@edu.tbz.ch"|"N777fI-PYNWEb-GlqlgI"
"nelie.glyde@edu.tbz.ch"|"jyap#K-5i5CMV-ECVeST"
"hakan.kapelhof@edu.tbz.ch"|"CXEf@a-mt2mom-HcW9kd"
"maelyss.cauley@edu.tbz.ch"|"soSR7E-xqmP4X-YwuTfd"
"elea.vaggs@edu.tbz.ch"|"saF00F-q8sz60-ThMF15"
"maelys.but@edu.tbz.ch"|"&kdHn2-ZFe5q#-GPoSii"
"maella.arthurs@edu.tbz.ch"|"XayMUe-zRSNhs-brLWDx"
"adele.liebrecht@edu.tbz.ch"|"$xf06N-&ZwMNO-EWFSz7"
"meline.lomasny@edu.tbz.ch"|"CFE3Ew-Bi6HVS-@qXCYF"
"mediamass.schwant@edu.tbz.ch"|"43S3Kp-UK$H&r-DsYa3i"
"leone.saunt@edu.tbz.ch"|"@646Hu-IKd2g5-Ah@LYV"
"annotes.gouch@edu.tbz.ch"|"1PAkj$-a$A22J-G1ovzx"
"gaetane.bowich@edu.tbz.ch"|"U#t7Uu-&5Vjmv-gUA4QQ"
"alizee.strelitzki@edu.tbz.ch"|"824AQA-@o&QJc-KroN1i"
"leone.poile@edu.tbz.ch"|"nbCoDn-H&Q7XO-hMTYvi"
"amelie.saban@edu.tbz.ch"|"IpjX00-PHk@Z5-VK#k4&"
"marten.mcmenamin@edu.tbz.ch"|"$sEWl#-u571DJ-NBE%Px"
"becassine.keets@edu.tbz.ch"|"6YPUEA-7nCCzY-q7OOcl"
"celine.million@edu.tbz.ch"|"rLwp5k-R&Io13-oZDZFr"
"geraldine.belitz@edu.tbz.ch"|"a6iGvt-%27@03-7w9adM"
"salome.mardling@edu.tbz.ch"|"bOZTZQ-kR6Pne-UYTOn7"
"melia.blakemore@edu.tbz.ch"|"Lh6&gA-rj&eOR-mwXrDG"
"dafnee.mcaulay@edu.tbz.ch"|"p#jnEc-dw6D9U-C%HFvD"
"garcon.dennett@edu.tbz.ch"|"&t@y3m-29&Hnw-tV919%"
"interessant.lesor@edu.tbz.ch"|"hn2y0n-&AX5Ua-09dLWS"
"annotee.wasbrough@edu.tbz.ch"|"mxumHs-Ibgopj-VEtEoi"
"asa.ibbeson@edu.tbz.ch"|"fVxY&4-RHn@4K-4aQt2P"
"maily.kennealy@edu.tbz.ch"|"9UT1Ml-bZIPkR-CkbjI4"
"ye.seares@edu.tbz.ch"|"jF7wcs-8r90l3-rNE544"
"athena.harbron@edu.tbz.ch"|"y#g78i-Wpp3fC-rwRBCv"
"andreanne.portail@edu.tbz.ch"|"jPKdcj-skDRTl-TOvLrf"
"goeran.zannelli@edu.tbz.ch"|"usQ73s-Tj#hcF-7I%eFr"
"gerald.leathlay@edu.tbz.ch"|"XVvU&M-J96ePX-OCcGG&"
"andreanne.chown@edu.tbz.ch"|"p$6ejZ-GZONN$-$odeiX"
"esteve.clementel@edu.tbz.ch"|"AfgNkZ-3hMENL-L@vNCj"
"leone.legan@edu.tbz.ch"|"YRwNNx-YpX221-QG&jPx"
"maena.pownall@edu.tbz.ch"|"R5WgG9-vxt#$R-HnAkj8"
"andree.rettie@edu.tbz.ch"|"TeAI5w-L&F#jq-ytJTy7"
"ines.kenwrick@edu.tbz.ch"|"F&d9Aa-VwIObG-NpVWVK"
"marie-helene.yarnall@edu.tbz.ch"|"k$tnZq-3oH4Ak-GCEort"
"po.martin@edu.tbz.ch"|"7wvWAk-LWFGdt-TU5kX9"
"ruo.celiz@edu.tbz.ch"|"P&TDwl-f6G4Kn-VI6pG6"
"po.bissett@edu.tbz.ch"|"wFEULW-KKMtRZ-bq$Xb8"
"du.swindon@edu.tbz.ch"|"$$C%qL-ZdQC7o-B9Q&xc"
"interessant.gouldthorp@edu.tbz.ch"|"S7w0oF-$llWNR-nOq0r2"
"leandre.lilburn@edu.tbz.ch"|"7BOc5D-qrXFbo-OMfApO"
"bjoern.whales@edu.tbz.ch"|"CU@Hf$-ZtGQr#-8YNdeg"
"interessant.dieton@edu.tbz.ch"|"8fx5#B-4Yz9Q2-NvUtUO"
"celestine.redhills@edu.tbz.ch"|"%zG2@l-NQ$paj-5SqLME"
"tan.yakovlev@edu.tbz.ch"|"wmMApT-3YDlMY-xmnIZW"
"regine.mcdowell@edu.tbz.ch"|"t77yXp-7PB4aE-FY&dkj"
"ju.coysh@edu.tbz.ch"|"8FCR4x-m@4RBo-QO8bBn"
"reserves.ofallon@edu.tbz.ch"|"EdxIXB-E7iwsj-w@tUGS"
"frederique.sobey@edu.tbz.ch"|"nRPi3F-fMBYd7-XCSoXL"
"marie-eve.garstang@edu.tbz.ch"|"lUeDpp-dQynAZ-7HB6O5"
"andre.tapin@edu.tbz.ch"|"ih@s6v-3AXnPU-oXg6vR"
"esbjoern.eynon@edu.tbz.ch"|"PYYbqu-rrNm5H-3XwLgQ"
"maella.duffy@edu.tbz.ch"|"7ijIkU-QHRrUJ-#&Jj8e"
"leandre.twinning@edu.tbz.ch"|"$mcXCe-yfylg9-YToGBW"
"mai.whittingham@edu.tbz.ch"|"nTu2t7-@AbxA$-MmtpeP"
"rachele.shevelin@edu.tbz.ch"|"zrlXC5-bRQr4L-nXoxce"
"cecile.mcure@edu.tbz.ch"|"yyz1qi-RSRj%r-Vl4i8C"
"marie-eve.yurkevich@edu.tbz.ch"|"fMXOUZ-w3aT0w-qYoZ2M"
"almerinda.paice@edu.tbz.ch"|"ngXagI-h$QT7K-xF4qwU"
"rao.howkins@edu.tbz.ch"|"E7AVan-NsqSb3-uPU5xd"
"serena.pack@edu.tbz.ch"|"$t$MQ&-Z18aRL-nKyY3#"
"rebecca.mant@edu.tbz.ch"|"WGxZgg-A0LIsK-g9Mtzj"
"reserves.spitell@edu.tbz.ch"|"97p6HS-eU9@H@-7B9%sI"
"garcon.hamfleet@edu.tbz.ch"|"xbz7EK-o@IBRl-QQSSuu"
"methode.kerkham@edu.tbz.ch"|"bQpg&6-FfOYW7-nDS@k%"
"pelagie.camies@edu.tbz.ch"|"z4xGBm-GbGf@x-QVpTQw"
"josephine.macpharlain@edu.tbz.ch"|"CwOfCC-qRJHCJ-3KvWVw"
"eugenie.mathet@edu.tbz.ch"|"0QATR&-zXVxSf-T@iwt3"
"gaetane.brangan@edu.tbz.ch"|"@QBbjW-%rWlsZ-MrPZ9l"
"michele.dewbury@edu.tbz.ch"|"9u&HF9-$#YiOF-jviZrX"
"eugenie.elcott@edu.tbz.ch"|"XZHdzl-kAjXe0-qp8KUs"
"megane.harniman@edu.tbz.ch"|"rgUKVS-H2nOzw-Mbnayo"
"agnes.cluney@edu.tbz.ch"|"1UaYr$-EPP&H3-uhCPR1"
"marie-helene.angear@edu.tbz.ch"|"mB@680-EEbMNC-xhvx8L"
"melia.dolphin@edu.tbz.ch"|"TfJC3v-&F@s5X-KoPgxj"
"lois.ruseworth@edu.tbz.ch"|"NL6klt-7pP7FY-oGUlTs"
"mailys.ryding@edu.tbz.ch"|"VGvb2p-k&ocY$-EdDUgD"
"rachele.wulfinger@edu.tbz.ch"|"HLTq5&-QKXqga-E2O5Zo"
"gwenaelle.talton@edu.tbz.ch"|"QPJ#WQ-i02Af1-O5oeFd"
"long.ronchetti@edu.tbz.ch"|"OuzHjQ-e9jcpN-bm8QLb"
"styrbjoern.kloska@edu.tbz.ch"|"tZmGKD-b3wPph-Ot#d%z"
"len.sudran@edu.tbz.ch"|"edD2qn-sN@lS2-lPcLJ&"
"maelle.andrysek@edu.tbz.ch"|"rEZqsQ-kAQYWg-e1jYTt"
"selene.senior@edu.tbz.ch"|"bLbc7M-PzPPCL-6J21kz"
"anais.joskovitch@edu.tbz.ch"|"1P3S%7-A$ihRl-b7zwHS"
"marie-noel.dally@edu.tbz.ch"|"Hv$HMc-7@Uc5S-60zMEB"
"marie-helene.laurence@edu.tbz.ch"|"V0PZ6i-hJE2Sz-$L@aMG"
"camelia.foxon@edu.tbz.ch"|"SRhF2&-w@uOa%-RX1tNI"
"helene.cankett@edu.tbz.ch"|"$#Q%G%-MD1%j@-Hp4OC0"
"marten.mitchelson@edu.tbz.ch"|"&QgTi#-nIe1Bt-4wOlt&"
"helena.stirtle@edu.tbz.ch"|"GCFCHO-PLL%ZG-5#32xv"
"leane.barmby@edu.tbz.ch"|"WufHxT-z1FD0a-gxCH$n"
"goeran.ofinan@edu.tbz.ch"|"@2vCj6-8p9kag-zD&c4M"
"styrbjoern.proby@edu.tbz.ch"|"o@U#Jy-diupnQ-U$P1Wx"
"zoe.halse@edu.tbz.ch"|"ZfQexY-o@qS$F-shz6W@"
"kui.drable@edu.tbz.ch"|"3@#K2G-%#D8WG-TovbTb"
"desiree.bamford@edu.tbz.ch"|"FHiY%I-JcbNf5-Yl$R0p"
"zoe.suller@edu.tbz.ch"|"E8%I&y-92nzNS-MuHTab"
"marylene.audiss@edu.tbz.ch"|"Oe#YXg-Us3NU8-#ZSbP7"
"adelaide.poznanski@edu.tbz.ch"|"3#GI4#-%GuDnu-G4U8qJ"
"maella.coleyshaw@edu.tbz.ch"|"dhweVe-9mbrGd-EPX8MI"
"marie-francoise.gelder@edu.tbz.ch"|"W2HYeL-@J$zxb-j3r44J"
"eleonore.chaffyn@edu.tbz.ch"|"m1cPhE-m5t1gG-54wTmd"
"celestine.sikorsky@edu.tbz.ch"|"#FPJLF-6xHm76-qM3D8P"
"stevina.londsdale@edu.tbz.ch"|"9BdwSf-Uo$H0Z-md5260"
"maiwenn.nevitt@edu.tbz.ch"|"onny78-0V$6qe-X0DE6D"
"magdalene.gerrey@edu.tbz.ch"|"jfI1tU-GNob9b-IE5mzF"
"becassine.latimer@edu.tbz.ch"|"jFb$Zc-#RzaUi-V&ZkFt"
"da.lethibridge@edu.tbz.ch"|"Y77jOg-wGqKDJ-gCllPB"
"mailys.claige@edu.tbz.ch"|"9gV9z9-Bp4KWR-B4%P5e"
"maena.torbard@edu.tbz.ch"|"L9Kns8-BjfZcO-jIlUDn"
"solene.lyvon@edu.tbz.ch"|"3rX&Gi-qvbuDv-Cssu$4"
"marie-therese.benbrick@edu.tbz.ch"|"K@DSJa-nyZM&4-tAYyB5"
"gerald.edmonson@edu.tbz.ch"|"kewJEJ-Ihnixk-8h6$ho"
"ake.messruther@edu.tbz.ch"|"kGbZuC-WjyyHT-OzNojZ"
"men.gosneye@edu.tbz.ch"|"PQUsHd-MHGUyi-RhZ5WE"
"anais.jefferys@edu.tbz.ch"|"sAU9h&-JAVEWP-1FreTE"
"publicite.tregale@edu.tbz.ch"|"MwGW1%-cNdwH%-077qDf"
"maily.santorini@edu.tbz.ch"|"cA@cAJ-w&1%P3-VlenyT"
"ines.pioch@edu.tbz.ch"|"l5ew@G-c6EGfq-cR2sYu"
"noemie.marklew@edu.tbz.ch"|"Gv3%O%-pwLpub-$CxeXG"
"meghane.maccaffrey@edu.tbz.ch"|"wVxubW-BdT258-@WcX&T"
"berangere.ambrogio@edu.tbz.ch"|"5pghHS-70PGk2-yu@RJL"
"mediamass.ryce@edu.tbz.ch"|"RgPVdi-lGxEBd-fI%Xy5"
"oesten.ubank@edu.tbz.ch"|"QWPzkJ-3Zu1yw-LMaRDi"
"melina.mackee@edu.tbz.ch"|"b4I@YA-iHi8eW-Mf1fjb"
"theresa.livezey@edu.tbz.ch"|"%MZvE%-#h&X5X-nxSytI"
"clemence.weal@edu.tbz.ch"|"2lPNX6-F9LuaF-XUHHa0"
"faites.overton@edu.tbz.ch"|"e@Szcu-Rek1WZ-8fIdug"
"clea.lindblad@edu.tbz.ch"|"mmslMy-uoIYeO-R$#y23"
"josephine.roseaman@edu.tbz.ch"|"CfeniD-2W3Hoa-Cwv5Sc"
"oesten.lowbridge@edu.tbz.ch"|"mUe0Jk-2jHtdj-lsXmBJ"
"marie-josee.brion@edu.tbz.ch"|"5SOLM9-lvICMz-CtMAA2"
"therese.basili@edu.tbz.ch"|"pUNs2q-mXpAg2-JgI5p#"
"melia.vertigan@edu.tbz.ch"|"t0iJEB-3G@FiB-i8@Jio"
"judicael.saull@edu.tbz.ch"|"hCN#dj-pADZTY-h&Dr4C"
"selene.valentine@edu.tbz.ch"|"VEK8gx-LpnHx2-JrDPr0"
"verane.dunlap@edu.tbz.ch"|"kYOiDY-GN%N&v-zdYk%j"
"meline.kinnear@edu.tbz.ch"|"HV3wHG-1fisFk-ReZ@Fa"
"lei.luttgert@edu.tbz.ch"|"oNvKUR-IkewhD-4$2wzV"
"styrbjoern.lathleiffure@edu.tbz.ch"|"bEbf@#-@KeFoU-PjrnpA"
"marlene.blasi@edu.tbz.ch"|"wOefVZ-uruB7b-xq@pai"
"mai.begwell@edu.tbz.ch"|"7u4Xf0-1r&k%r-jvJZYj"
"gwenaelle.kaines@edu.tbz.ch"|"tJacUQ-@ETj8E-DWkEU8"
"gerald.adamthwaite@edu.tbz.ch"|"NWCW&8-3K#Bo#-TgUABA"
"kui.hartfield@edu.tbz.ch"|"&oGY%h-&gp30c-BVkJP&"
"salome.currao@edu.tbz.ch"|"d%OgpB-mtU2D0-FHUpO6"
"angelique.tixier@edu.tbz.ch"|"mVfk2o-N5UGO6-#X75Er"
"ju.mcgragh@edu.tbz.ch"|"eFkR4Y-fzYzt$-6SSXbr"
"dafnee.beachem@edu.tbz.ch"|"@y#&wf-x6rQIW-S8GjAY"
"creez.terlinden@edu.tbz.ch"|"vqeCUQ-xCZQkT-ziTPis"
"uo.mcskeagan@edu.tbz.ch"|"ZP%PP&-zuRaY2-VUx5C$"
"edmee.mccaughren@edu.tbz.ch"|"5F1Cso-gd3nmu-awpbiu"
"asloeg.cozby@edu.tbz.ch"|"Q#U2y1-rU27K9-Z5sAX$"
"melodie.traite@edu.tbz.ch"|"2w3H7n-Xcmb9d-40KL@2"
"dorothee.aindriu@edu.tbz.ch"|"d#6%Sa-E3gs04-R4DBLH"
"daniele.doley@edu.tbz.ch"|"zngQoC-O&GF$h-i@Q9FG"
"mediamass.fairclough@edu.tbz.ch"|"RbkyI&-7V4dRu-pZE$dp"
"lorene.rainforth@edu.tbz.ch"|"&%H$x0-hm@YG5-tW7t6r"
"leonore.eyer@edu.tbz.ch"|"d6Gcro-rOEwNk-x#$1Vm"
"po.spillman@edu.tbz.ch"|"t@Lapq-ln#E$e-g0H5ZX"
"cecilia.plitz@edu.tbz.ch"|"$a7UAq-WeIVig-6T0V1T"
"lorene.ludlow@edu.tbz.ch"|"uWpRoq-Qqvq13-8#e2Zb"
"berangere.neligan@edu.tbz.ch"|"oxS3rn-z4Adbp-lJG7wi"
"simplifies.huggan@edu.tbz.ch"|"wxYvyk-drxFx0-hDGTRm"
"clelia.prandy@edu.tbz.ch"|"KGv#m$-8aWZx1-7LCwCL"
"ake.osban@edu.tbz.ch"|"7F87UV-P0%0jo-%Nj%#2"
"cunegonde.brunn@edu.tbz.ch"|"jgzeEY-@9ujZf-5HgwDg"
"long.grizard@edu.tbz.ch"|"F7418J-U8g1Fd-LSpHt1"
"meghane.diss@edu.tbz.ch"|"fyOW8#-lamXfm-QbK220"
"therese.oldman@edu.tbz.ch"|"brtcrW-OUeBf2-xJh3#D"
"boerje.scamerdine@edu.tbz.ch"|"kPae#B-opqPt6-C9NFD5"
"du.saban@edu.tbz.ch"|"#pu7&j-KnN8Rc-ZpORS%"
"hakan.clynmans@edu.tbz.ch"|"#%@DFE-4&X0kp-%98@kJ"
"wa.macdowal@edu.tbz.ch"|"nHb&AW-D#wP6s-KW7hHo"
"venus.hatrey@edu.tbz.ch"|"rok&Qa-53&mly-iD@#iD"
"anaelle.vispo@edu.tbz.ch"|"lKDx2B-9tgqth-okoKR4"
"mahelie.ollcott@edu.tbz.ch"|"d$d@ie-1M7p8S-3@qO@z"
"mediamass.whyman@edu.tbz.ch"|"o1u7b2-vffgML-TF@Ojh"
"esbjoern.basson@edu.tbz.ch"|"C3TA%t-n#mi7o-AS6sZG"
"andrea.morrill@edu.tbz.ch"|"Z8KKVX-N4T4fU-#WV&LN"
"melys.grassi@edu.tbz.ch"|"cZxGfg-SrnrCt-PPi&le"
"leone.poleye@edu.tbz.ch"|"LR3k9Y-Bfw2VW-$jSHEZ"
"francoise.penny@edu.tbz.ch"|"JVOQWy-OoPY#F-kNM3ML"
"rebecca.edney@edu.tbz.ch"|"cDLhXe-TNU1py-DZhXAZ"
"adelaide.murtagh@edu.tbz.ch"|"KKi6rz-2kUAUW-XqQksy"
"stevina.winterbourne@edu.tbz.ch"|"4mQP#2-x08%oH-w57Zl9"
"ma.cottom@edu.tbz.ch"|"@$s#NB-K2tUvV-kLeKUe"
"tan.harold@edu.tbz.ch"|"gT7xNX-Wqwcz2-IEs5jI"
"venus.forte@edu.tbz.ch"|"2fhRkx-&ePfmw-V$EL6G"
"almerinda.oluney@edu.tbz.ch"|"Ddv0Bj-K&K380-tEaYDJ"
"cleopatre.brehault@edu.tbz.ch"|"pdhScq-oDsEg3-AiqO9q"
"interessant.lapides@edu.tbz.ch"|"n%pk7W-fNmTAy-Qn13Qe"
"reserves.hallatt@edu.tbz.ch"|"G9Qw&#-HY6tWz-N0Y03F"
"annotes.birdwhistle@edu.tbz.ch"|"Ir%1q7-lfNWn9-iQJWF0"
"ai.dredge@edu.tbz.ch"|"QnxrWI-GLfPhD-FjkMVB"
"megane.mussard@edu.tbz.ch"|"pk8iKO-y2weB2-QhhKje"
"esbjoern.gowrich@edu.tbz.ch"|"%RbqYU-Eltclk-#SFO@L"
"boerje.brislawn@edu.tbz.ch"|"3jXQQZ-&mkVsc-l7r0p3"
"becassine.wilce@edu.tbz.ch"|"FCgwd6-cDY4nN-5trsUy"
"personnalisee.oels@edu.tbz.ch"|"moHEmD-FBYa5s-6SppCA"
"verane.pett@edu.tbz.ch"|"7frzy&-JF1wXZ-2zqeLD"
"marylene.glewe@edu.tbz.ch"|"OAd5p1-uiIIQJ-P@#ivb"
"lai.elson@edu.tbz.ch"|"MjXAY1-FCpwsN-Wg94s$"
"serena.difranceschi@edu.tbz.ch"|"92I@h6-&uUwCH-3csmrV"
"lie.espinel@edu.tbz.ch"|"zz3qqX-8XJNz@-HMbgFD"
"marylene.fantini@edu.tbz.ch"|"lFwNZ9-uVI$z4-SgWLkM"
"andre.archdeckne@edu.tbz.ch"|"Ab&3FE-4yMa6y-FrO0Ic"
"goeran.bohlingolsen@edu.tbz.ch"|"pQPeAO-2f@h@z-QXoLMC"
"cunegonde.heffer@edu.tbz.ch"|"lJNpXM-amPGlS-@E$yIt"
"tan.fechnie@edu.tbz.ch"|"b0qtfk-GVTtsB-DSsLSR"
"marie-noel.brammar@edu.tbz.ch"|"&77dKf-dyh9pv-F7uxJB"
"simplifies.aven@edu.tbz.ch"|"mUMqi$-bdRC$K-2$DidD"
"melys.pinchen@edu.tbz.ch"|"9PLK7b-sSyWoj-XHAYbk"
"edmee.joyner@edu.tbz.ch"|"m#D8TI-4@iJER-LF9kll"
"berengere.edess@edu.tbz.ch"|"lY9zeR-M&hx6s-YQuA8C"
"marie-noel.goward@edu.tbz.ch"|"FbPtpH-tUIVM$-aIxPVj"
"ju.edmons@edu.tbz.ch"|"Lo3bU4-bA1&1Z-Vgda41"
"frederique.airds@edu.tbz.ch"|"&2nFe1-SY3QBV-RYVCX0"
"reserves.dauby@edu.tbz.ch"|"ed5g1z-ZqrVJF-lixkMY"
"hakan.gynni@edu.tbz.ch"|"SrBEnJ-@Nmq5p-34M80Q"
"leonore.pinwill@edu.tbz.ch"|"9qBFIe-z$b1r$-mJlbAS"
"marie-eve.mcallan@edu.tbz.ch"|"na%Ev4-%tqVhB-Vn1JVg"
"naelle.yeabsley@edu.tbz.ch"|"emHZmR-AIwDQo-@7e%lk"
"nelie.jacobovitz@edu.tbz.ch"|"F7sz@l-@j2ELk-aPQ#hx"
"adele.conelly@edu.tbz.ch"|"A910Ym-W$Q$zV-Lh#NAs"
"clementine.dondon@edu.tbz.ch"|"8jYvl&-#dx6YH-POatTL"
"zhi.willcot@edu.tbz.ch"|"szUS$H-PXzwcU-Q7ehWW"
"chloe.janicki@edu.tbz.ch"|"JeOI8R-C1I3&D-u3uZ6w"
"meng.linde@edu.tbz.ch"|"1jGbsa-i7brNN-CCK1Ev"
"celine.janisson@edu.tbz.ch"|"vF8qIJ-l@0ovS-4GhrkH"
"clelia.crow@edu.tbz.ch"|"QqAU$x-uYc&0&-Hn3uwP"
"cecile.pyott@edu.tbz.ch"|"0o$fw7-7a9Evo-C5h8ZN"
"ma.fidelus@edu.tbz.ch"|"fXoK9v-QE54AV-&4FrEj"
"marie-helene.poore@edu.tbz.ch"|"cqFFVL-S5#D&I-Y3d3gP"
"elies.blanket@edu.tbz.ch"|"BEdhBr-QIKqh#-xpItlV"
"yu.boyer@edu.tbz.ch"|"yuu2pO-Y@SPL9-hNPSXy"
"celia.welds@edu.tbz.ch"|"ngKWnB-LSTSH%-AJ0Sh&"
"du.gunney@edu.tbz.ch"|"1ASm98-WIh2ij-$IvTV8"
"goerel.crush@edu.tbz.ch"|"Sk%&nk-0wA@oI-BvfIw9"
"marie-josee.brosius@edu.tbz.ch"|"lvBas0-h$mjt0-z@S5ar"
"camelia.adds@edu.tbz.ch"|"l1f6Kx-A$Vrxx-Eb@QXA"
"anae.irwin@edu.tbz.ch"|"JZvlB3-p%55gg-f#Ur0v"
"cleopatre.skeffington@edu.tbz.ch"|"lL%76k-4MzwtP-E0cugD"
"gerald.suggate@edu.tbz.ch"|"88@mEA-ABms$m-DS2Qzu"
"laurene.tailour@edu.tbz.ch"|"LAu7PJ-6pIkGV-qOLWPQ"
"amelie.hoble@edu.tbz.ch"|"fNMT8O-pFN4GS-MU%0OV"
"venus.getch@edu.tbz.ch"|"3Ml$I&-QW9tvh-vbMUVs"
"renee.treby@edu.tbz.ch"|"ElxlLi-9pLg&s-aIwsrC"
"almerinda.stait@edu.tbz.ch"|"Y6mUbU-dEOdJu-Sfu%@H"
"andree.reddecliffe@edu.tbz.ch"|"2HN3MC-z7qLcA-o9ExlP"
"leone.wintle@edu.tbz.ch"|"CdOeba-uSrhnZ-UWfRAz"
"gerald.fellow@edu.tbz.ch"|"8@f3%Y-#wH8qB-VcSTaf"
"ju.gudger@edu.tbz.ch"|"FhprgL-3za3n9-y6m83u"
"meng.ohaire@edu.tbz.ch"|"#TPn&h-1jQov1-cqQ&D$"
"cleopatre.missington@edu.tbz.ch"|"5Zhb9G-byhbFz-NPx7Fn"
"annotes.debruyn@edu.tbz.ch"|"DwNAxd-Bdp1ri-RVO4RU"
"gerald.sinisbury@edu.tbz.ch"|"MKOmTI-@X2M5K-EW6iW2"
"creez.slora@edu.tbz.ch"|"LSwGKi-lr&d0J-z9nS4X"
"gisele.benbow@edu.tbz.ch"|"P@#Xms-NnUzqI-Z6uYWB"
"pal.dossit@edu.tbz.ch"|"R$0ldG-BV2BLh-AoCZX4"
"nelie.stirrip@edu.tbz.ch"|"Ahfild-I$QZPq-x@K@3L"
"alois.ocrigane@edu.tbz.ch"|"jYPd%Z-LKZELB-#k44OS"
"kui.mcterry@edu.tbz.ch"|"iKxxuf-eHYnci-Y4M4l1"
"long.willgoss@edu.tbz.ch"|"O6u9e1-aL939U-Te&p%Q"
"francoise.sumpner@edu.tbz.ch"|"pkhw%c-pHw5OZ-o3g3PL"
"maely.grinstead@edu.tbz.ch"|"1pqImO-r0i$HQ-kSPsZR"
"creez.langeren@edu.tbz.ch"|"K8w1qe-Ml@&PW-IES0Dw"
"adele.dungate@edu.tbz.ch"|"&24Eah-h1kFlt-6XNbjj"
"cleopatre.noirel@edu.tbz.ch"|"NLnjMv-JBp5p1-C9KOVV"
"interessant.daverin@edu.tbz.ch"|"mySqKI-7JGww&-V3F&vC"
"naeva.kalderon@edu.tbz.ch"|"SNC%o7-93xmur-vTX2mw"
"anais.oshesnan@edu.tbz.ch"|"$FHzcv-0e&IL@-8QPe86"
"judicael.anelay@edu.tbz.ch"|"I%%LRA-3l8QC4-eyN2gP"
"eloise.braxton@edu.tbz.ch"|"V%QLEp-XqHPcm-darm0F"
"desiree.greguol@edu.tbz.ch"|"4cL#bm-vruIO#-rMNxVq"
"maite.mcclenaghan@edu.tbz.ch"|"6FXlL5-pZ5NK4-dH8h#9"
"meng.doret@edu.tbz.ch"|"4PLPh4-Fntzah-iGZNNd"
"frederique.chippendale@edu.tbz.ch"|"09G1O1-HIhE6z-qkdftk"
"andreanne.lanney@edu.tbz.ch"|"Yse9QM-b9q5un-xavQOy"
"aurelie.claus@edu.tbz.ch"|"3%TJUy-WpgH%Z-bNP%Op"
"renee.pabel@edu.tbz.ch"|"97voYB-o4@G25-v#cIdU"
"maena.roust@edu.tbz.ch"|"ikOM@K-WYlGNj-aA0LXJ"
"nadege.carwithim@edu.tbz.ch"|"EKq@ZA-6Xs9FY-GEadD#"
"solene.geyton@edu.tbz.ch"|"%Lydx5-fP6GGg-57P08f"
"dafnee.avraham@edu.tbz.ch"|"A9QQOL-9Tmi1R-1&RPkM"
"leane.woolvin@edu.tbz.ch"|"gD2TQ%-cTm5N6-qSY$w%"
"adele.macadie@edu.tbz.ch"|"RSTkj@-SHQ#6y-p8raSG"
"meline.rubica@edu.tbz.ch"|"4l0Bu1-$1oBOY-60x8au"
"marie-noel.speeding@edu.tbz.ch"|"OJivlO-XRqt98-o@BdVM"
"nelie.mix@edu.tbz.ch"|"lVFCI@-SEiSM2-kB@E3o"
"clea.ollett@edu.tbz.ch"|"Wm439s-&s4Ylf-NU88OX"
"leandre.mcgavin@edu.tbz.ch"|"EN7m%q-kZDGww-kb22A6"
"cecile.behne@edu.tbz.ch"|"4YEjCC-%UA4GB-oFpzhc"
"melanie.polle@edu.tbz.ch"|"ty0aE8-$lRea3-d&&Tvk"
"marie-josee.titmuss@edu.tbz.ch"|"ISKB8l-lZOR@m-O8QN2R"
"helena.guest@edu.tbz.ch"|"ccNSfO-N1zjSW-s0qdyD"
"annotes.chicchetto@edu.tbz.ch"|"Y6%4ra-yOmj$h-PaJT0m"
"melia.tubb@edu.tbz.ch"|"SST3hk-0R$yc7-TthpSv"
"angelique.casetti@edu.tbz.ch"|"nfMNxs-JQoPqy-J@G7&$"
"cunegonde.cleall@edu.tbz.ch"|"V85$xM-w1lLPW-yCpSPf"
"camelia.oaker@edu.tbz.ch"|"gG%X1#-ZDuulV-nozkKg"
"you.searight@edu.tbz.ch"|"9KnpLN-trTw79-#VmIx5"
"kevina.dederick@edu.tbz.ch"|"MeODW#-LX2Kl@-LkG@He"
"milena.jeffrey@edu.tbz.ch"|"TRBX4g-WwcjAk-bM8WuG"
"melodie.barkshire@edu.tbz.ch"|"9K8XFE-X#nqaQ-nX44QW"
"gaelle.kreutzer@edu.tbz.ch"|"aQxrVL-65NU#6-ozVAKE"
"kalliste.kleinpeltz@edu.tbz.ch"|"ar$qoz-A7%wX3-1$7u5a"
"clementine.danat@edu.tbz.ch"|"ndMbUr-oEoRVS-IBLEAc"
"andrea.wabb@edu.tbz.ch"|"AvIsZE-N&&mYQ-Mjl6U#"
"geraldine.piesold@edu.tbz.ch"|"sFAr2w-cms11P-pskuTn"
"tan.fiveash@edu.tbz.ch"|"ORrsrx-D2oV2t-p7p8ic"
"meline.yuranovev@edu.tbz.ch"|"M2J9jd-i8042C-VbEKuo"
"therese.holme@edu.tbz.ch"|"24YIEZ-6eQxlZ-r@lYRf"
"salome.vaney@edu.tbz.ch"|"9bQzWO-BhwRAk-bnvdMz"
"anae.abramson@edu.tbz.ch"|"Ff0tr%-vRo9RQ-aAw5mh"
"kalliste.jimson@edu.tbz.ch"|"WRSyl5-B2PD69-cN8quv"
"selene.yole@edu.tbz.ch"|"fBwudc-ZV8@Im-5UgMQl"
"agnes.defraine@edu.tbz.ch"|"utv7qb-5PQica-7NUF12"
"faites.mccluin@edu.tbz.ch"|"&mb%9R-SSAbcJ-ucnNfj"
"athena.deme@edu.tbz.ch"|"hd7Z#L-Xjbz8u-z$fiT4"
"daphnee.brigstock@edu.tbz.ch"|"oEOlTL-Ns2iP3-$R7TiZ"
"goesta.skaif@edu.tbz.ch"|"9Onjlk-muDssI-mb5PBQ"
"oceane.jagoe@edu.tbz.ch"|"N0KzZb-Z6upc6-ecaI3Q"
"annotes.broomhall@edu.tbz.ch"|"PCxyKI-PaN36j-&q7PMS"
"marie-eve.ballendine@edu.tbz.ch"|"cuFz$i-dlVn&q-haqt%X"
"melina.spykings@edu.tbz.ch"|"9uBKnA-V2Bnyk-evCmaO"
"laurene.ticehurst@edu.tbz.ch"|"MP1Iz$-NH5$9F-VtVmmW"
"fei.avramovic@edu.tbz.ch"|"29y&5T-93pALG-55zIK6"
"publicite.strathearn@edu.tbz.ch"|"$kp#l2-hoP5TB-q&D4KY"
"torbjoern.garrow@edu.tbz.ch"|"jvcles-0ZCJ7f-gUz2L4"
"chloe.rubinsztein@edu.tbz.ch"|"56fT6b-Iv355C-EJrRpm"
"mylene.demanche@edu.tbz.ch"|"XWy$IQ-SZ&Mqj-PB&Zge"
"mediamass.godlonton@edu.tbz.ch"|"huOoRR-P8LVnE-2EcO5K"
"renee.shurrocks@edu.tbz.ch"|"6Q4@eq-k0#T6n-tMRCji"
"maiwenn.jedras@edu.tbz.ch"|"4zfd1E-tmVcf$-NE3&KS"
"genevieve.castells@edu.tbz.ch"|"0m4qir-K1qQXq-zOVVl2"
"renee.sneden@edu.tbz.ch"|"F2dJln-BDBtX0-8@mwUA"
"lai.mccallion@edu.tbz.ch"|"&74ta2-NjzyvU-zeoKBP"
"kevina.impleton@edu.tbz.ch"|"O1eKyk-ht3kO3-ib8BUv"
"oesten.fresson@edu.tbz.ch"|"jHfE94-wG9GRM-HNQlYP"
"verane.shawley@edu.tbz.ch"|"pAQtTS-Nv62eg-5E9vpX"
"uo.sjostrom@edu.tbz.ch"|"3yA9iV-6EeCt&-Znqhrz"
"gisele.gothup@edu.tbz.ch"|"5m0tKY-qGs95n-#A7akY"
"renee.beauman@edu.tbz.ch"|"V8TRGS-S8%LcL-j$5YAk"
"elies.loton@edu.tbz.ch"|"Q7X7wf-kPyGrB-ZWRqrp"
"valerie.elsmore@edu.tbz.ch"|"CaGePE-6$9go@-XF5EKa"
"berangere.delafeld@edu.tbz.ch"|"Wh$xWh-WFGRX0-ICNFjU"
"bjoern.schimke@edu.tbz.ch"|"&b%EtU-sqJkH2-UsTDrl"
"loic.ericssen@edu.tbz.ch"|"Pyb7WQ-Ga@8TQ-oYUVwh"
"creez.richarz@edu.tbz.ch"|"Qnh%BA-v0lQYo-kB%@P1"
"athena.grocott@edu.tbz.ch"|"JBXfdD-RregCv-txfPpG"
"naelle.piotr@edu.tbz.ch"|"5ju4Nf-7dzHaS-aY$1#8"
"maella.paulson@edu.tbz.ch"|"hp3vjo-ry#Lc0-74T8rJ"
"song.perot@edu.tbz.ch"|"Ski0j$-HIjPEW-676ZP3"
"kalliste.heckney@edu.tbz.ch"|"XRzDGB-r9b8Iq-KKRx0s"
"ake.vasyutkin@edu.tbz.ch"|"SoRRqf-wxHzGL-Rky2fs"
"ma.castles@edu.tbz.ch"|"1OgsOu-M0QDfU-xsyq2k"
"maely.monget@edu.tbz.ch"|"cCRwwr-IgxxQd-ZF83j9"
"tang.durbridge@edu.tbz.ch"|"tb5H9j-cDiNBk-sNoWsJ"
"laurene.andrew@edu.tbz.ch"|"q8@Id1-YAtXSb-3F0rrE"
"lysea.beacon@edu.tbz.ch"|"d2HCsv-pgOZwt-JqxDXk"
"leandre.peyntue@edu.tbz.ch"|"daeFIn-8kfaCm-PESAm@"
"rao.trever@edu.tbz.ch"|"sHqRsW-vRPRc3-L8JD1E"
"mahelie.streader@edu.tbz.ch"|"VWlxA5-WL5ftQ-wWs2Oa"
"maerta.andrejevic@edu.tbz.ch"|"@T8vm2-H0P4&s-trxSuS"
"goesta.tompkins@edu.tbz.ch"|"rr77m2-RCBIyg-HhaFs2"
"helena.agates@edu.tbz.ch"|"PnZu7K-6YNQF$-dM6TLD"
"therese.glass@edu.tbz.ch"|"avP#Pf-@rIM23-JC@xij"
"alois.foan@edu.tbz.ch"|"g#%#kV-M4deJV-3C9BVT"
"becassine.melchior@edu.tbz.ch"|"yN8LgX-jt&Qqo-lfNWlJ"
"cloe.robart@edu.tbz.ch"|"CrTZkb-X7C8F2-nD1@XN"
"daniele.puckinghorne@edu.tbz.ch"|"isXn%4-TpBJ6e-fH&OcT"
"selene.cammidge@edu.tbz.ch"|"6eu0ac-GC3TdF-YXu5kz"
"regine.conochie@edu.tbz.ch"|"hpZW@4-w8NBpk-gtuLG2"
"interessant.tuiller@edu.tbz.ch"|"xjC5rR-ZLRnuv-TQS2t@"
"long.tiebe@edu.tbz.ch"|"JRP@Lf-N&VUJ4-ghxKMa"
"mans.yele@edu.tbz.ch"|"K26&U8-hWAB6Y-viLjH8"
"ai.giles@edu.tbz.ch"|"ntibdi-Nere$y-0jc5Mm"
"gaetane.hamberston@edu.tbz.ch"|"RkAnE7-XNVBjJ-DeM479"
"marylene.fenix@edu.tbz.ch"|"ci9GTn-cPWs@F-LmlSsn"
"geraldine.graeme@edu.tbz.ch"|"z3cWtD-9oSTOH-vSA&BJ"
"tang.kinglake@edu.tbz.ch"|"XzNlxE-dMBIVn-UTvt2h"
"lai.challoner@edu.tbz.ch"|"Zfd5oy-kBzeRr-q3rc6R"
"desiree.mattei@edu.tbz.ch"|"$rWqPi-6y6%Q2-PxCQZK"
"ake.erley@edu.tbz.ch"|"FTJkek-KD2kbx-ZEbCeP"
"edmee.cavil@edu.tbz.ch"|"&T&Fnr-N12PiR-52wwRA"
"alois.moyes@edu.tbz.ch"|"RTh2yu-edOoja-IsLuQi"
"becassine.pitman@edu.tbz.ch"|"OGfcfz-HRWWv7-2glG#N"
"ai.giacovelli@edu.tbz.ch"|"jY9msA-mDH8%v-gTh&uR"
"judicael.fruchter@edu.tbz.ch"|"uJe%1b-ouOnBi-3oQoDR"
"mans.mogg@edu.tbz.ch"|"rCG8BS-bR@@oI-WSetsC"
"gerald.foyle@edu.tbz.ch"|"RI&6Yc-WBOJcL-3scMog"
"wa.androletti@edu.tbz.ch"|"Yx653Z-aJTrBl-r&Fl5Z"
"meng.ollett@edu.tbz.ch"|"H0fVZO-B2FGZL-WlUH#R"
"naelle.macmenamy@edu.tbz.ch"|"2J8Ehu-0gaB6#-53a0%9"
"gisele.mcramsey@edu.tbz.ch"|"UO&ko6-tpo4qX-XOJSIF"
"meryl.scolts@edu.tbz.ch"|"7Miw0U-ApOCg%-YKT0J&"
"celia.bloxsome@edu.tbz.ch"|"$b@5HZ-TvF0kt-1E8p1q"
"styrbjoern.stuke@edu.tbz.ch"|"fmf2h#-FuHlz9-62y85E"
"felicie.gwilliam@edu.tbz.ch"|"uu5NJQ-uFyWBK-E0PAIl"
"da.harms@edu.tbz.ch"|"APbJbb-2#jrcJ-XcueE6"
"celestine.baulk@edu.tbz.ch"|"GuFx&q-M9z9cU-@v6yKy"
"mahelie.blackledge@edu.tbz.ch"|"xq2pKO-zIaAIy-S09r&y"
"meghane.salt@edu.tbz.ch"|"zK$2fE-pVLrOb-wYaS6k"
"methode.paxeford@edu.tbz.ch"|"nZ9GOy-J3l0Gb-MXikdx"
"asloeg.milligan@edu.tbz.ch"|"GfLcsL-#dxHVS-Cn6pHK"
"you.pellman@edu.tbz.ch"|"n#whvJ-Ml0BGH-W3hNxG"
"loic.regenhardt@edu.tbz.ch"|"6Wo@Fa-mV2Wd3-ak@Awg"
"daniele.savill@edu.tbz.ch"|"ecKpD4-wyLX7A-uUSLjx"
"alois.cornu@edu.tbz.ch"|"Lz@c5c-Lq%hTJ-j2hcE%"
"oesten.govey@edu.tbz.ch"|"ynzTER-3gBrAZ-UIyRjT"
"marie-eve.louch@edu.tbz.ch"|"Sawz85-G0s2RD-&Y1n54"
"theresa.wenn@edu.tbz.ch"|"SQIUua-c8NYhr-ObaBGF"
"andree.eul@edu.tbz.ch"|"uUQhJN-%TpVdW-S0UJI2"
"lie.paynton@edu.tbz.ch"|"UjnHmZ-Quy50i-gaU8$X"
"marie-eve.girodier@edu.tbz.ch"|"%eJCjo-prZg7J-3bHNFq"
"marie-noel.smithe@edu.tbz.ch"|"i46q2Z-H&3vjd-czmy@E"
"men.bootyman@edu.tbz.ch"|"@7fWTC-nJSTmp-a27&he"
"ku.sugg@edu.tbz.ch"|"ZDRjct-PxXh%1-GoBElo"
"lucrece.roseman@edu.tbz.ch"|"1WgTy8-T0YhP6-D5Z8Dd"
"zoe.annear@edu.tbz.ch"|"RJ3%7v-EuAXvx-#sj#80"
"marie-helene.rennebach@edu.tbz.ch"|"6sw8o7-P6r7MJ-Lr5EdD"
"lea.djurdjevic@edu.tbz.ch"|"t&5qaD-#BWMwJ-dr@3CT"
"goerel.robert@edu.tbz.ch"|"%aAW2M-0pWJjI-E9pDeu"
"mylene.foldes@edu.tbz.ch"|"VVsCvn-O1DrvV-CIGEZA"
"faites.clegg@edu.tbz.ch"|"WI@mGR-GeVgKp-eCl0Xb"
"marylene.crowcher@edu.tbz.ch"|"HiRgFP-dfs7sw-%BWQQ#"
"aimee.wimpeney@edu.tbz.ch"|"jwOROZ-x5Qzy4-X8v0wC"
"renee.atkins@edu.tbz.ch"|"kjdcuu-bOPQq6-cV1rr0"
"rejane.cainey@edu.tbz.ch"|"361bIM-T9HUQ0-jzDenb"
"solene.britney@edu.tbz.ch"|"hZ9GM9-#WHP2S-lU2ts1"
"marten.shatliffe@edu.tbz.ch"|"ZRN@&t-UWD8k@-LAJjYN"
"maite.issatt@edu.tbz.ch"|"$d@J9T-NlLDp8-jc0PD0"
"maelyss.edon@edu.tbz.ch"|"qdPC7f-wuVnQ2-uiB6zu"
"nuo.bamling@edu.tbz.ch"|"zXRPyl-W0Up%2-3zU2GE"
"anais.edards@edu.tbz.ch"|"M@SXfd-2GZcrY-C0WmrX"
"mediamass.bromet@edu.tbz.ch"|"TWXc%0-$b%CpQ-2i$y9W"
"beatrice.kimbrey@edu.tbz.ch"|"$Kfb9o-8ZffCN-k0J@6Q"
"ines.lawranson@edu.tbz.ch"|"K6VaGr-9srSJL-OB2#BI"
"kalliste.scandroot@edu.tbz.ch"|"Va77pY-RhXhD7-Voc8dB"
"mans.barrowcliffe@edu.tbz.ch"|"wtQZiF-2Sf%VF-ePy1pY"
"irene.couves@edu.tbz.ch"|"MIeIC2-l3J9v2-nLEjPv"
"milena.mucci@edu.tbz.ch"|"qs9qDk-EBb2Am-@yogg2"
"naeva.cow@edu.tbz.ch"|"OaMUNS-7YtnCz-fPedhT"
"audreanne.mournian@edu.tbz.ch"|"sc%MSd-$0@UYD-K$8Zea"
"melia.sinnatt@edu.tbz.ch"|"nBfRiE-n0oiS8-5#EpcN"
"nelie.burnard@edu.tbz.ch"|"aKIubB-SBw1TX-jT1gLQ"
"clelia.ashfull@edu.tbz.ch"|"oU6&Ky-LrokXP-QOrtJB"
"lie.macard@edu.tbz.ch"|"LoShlc-DgV03T-U1vwKH"
"valerie.matoshin@edu.tbz.ch"|"2koLKg-fDMi5k-NNjVEZ"
"anael.hatherleigh@edu.tbz.ch"|"A8rpzj-A7@ozV-I5QLgu"
"interessant.warratt@edu.tbz.ch"|"GIvRGw-NFCLRn-Gh1CD7"
"eleonore.volage@edu.tbz.ch"|"THje%F-tORWL7-Wx4M7e"
"zoe.stebbing@edu.tbz.ch"|"uE9nwU-wK33hw-7nVt9H"
"alizee.nye@edu.tbz.ch"|"4hmGb1-haY2k5-%7Vt#8"
"celestine.bramley@edu.tbz.ch"|"EB3mDF-5B@I6h-BAhBTA"
"selene.philcott@edu.tbz.ch"|"WV6oUD-MRgWmf-OqkEFs"
"tang.newens@edu.tbz.ch"|"FZWRYA-ppQ9kC-6&PXo#"
"annotes.powys@edu.tbz.ch"|"$rDwVE-0uKY2K-OdL5g3"
"lea.matthesius@edu.tbz.ch"|"TYRwUa-E%MHWp-5Dc7qI"
"illustree.garlett@edu.tbz.ch"|"Uubc@C-k4G@26-piJ95q"
"maiwenn.meachem@edu.tbz.ch"|"Iq3reE-@#cMbk-j&@CnZ"
"marie-francoise.mcbrady@edu.tbz.ch"|"uCjrDa-&RzgQ#-7ggDrz"
"illustree.gimbart@edu.tbz.ch"|"IWXtqJ-HMlIEn-1ir$QT"
"melys.lyosik@edu.tbz.ch"|"nfXO#U-25zajB-fX885H"
"marylene.mcnab@edu.tbz.ch"|"YO$xNj-Mnqq1i-xYkJyS"
"gerald.blount@edu.tbz.ch"|"fTxAwU-1N4LFq-e$Zend"
"clelia.shakelade@edu.tbz.ch"|"9zEWUa-0ju9sl-ls5HzL"
"penelope.cridlin@edu.tbz.ch"|"8VQJ47-JgIBik-sYBoUQ"
"maena.okuddyhy@edu.tbz.ch"|"ttVAI9-i&V80X-e#bk@0"
"athena.keynd@edu.tbz.ch"|"uUW%gw-0deAZv-URyP2d"
"cloe.dwine@edu.tbz.ch"|"ntO87o-vGpFj8-BoY5ih"
"josephine.browett@edu.tbz.ch"|"9#FqHz-13ne9l-Jytss$"
"audreanne.oscanlon@edu.tbz.ch"|"Ztc3FN-j49$Or-tzIu2A"
"fei.jeanequin@edu.tbz.ch"|"O@Ec&o-LdlITr-s2YgIp"
"lois.gormally@edu.tbz.ch"|"LpG&nM-T@mW%i-RASkpJ"
"marie-francoise.finnigan@edu.tbz.ch"|"CF%93M-TKXfxl-53s0xF"
"leonore.trussman@edu.tbz.ch"|"JS2RWp-Zmlb3m-kdoEfP"
"anaelle.trumper@edu.tbz.ch"|"YP2#aQ-jmZmbH-f9SS54"
"clemence.dionis@edu.tbz.ch"|"LqjPW&-INqO9#-az@1at"
"lois.tranmer@edu.tbz.ch"|"z$H00t-Ah60CZ-DqhNUd"
"interessant.volett@edu.tbz.ch"|"F4sGMB-bQG$F%-%V&O3M"
"personnalisee.deackes@edu.tbz.ch"|"pYzxOE-NRS@oZ-MnvXgj"
"lie.vasiliu@edu.tbz.ch"|"jIpUam-uRHpkN-rvZty%"
"dafnee.lamputt@edu.tbz.ch"|"YPAQYb-f&Cfa1-w2ek%x"
"elies.bromige@edu.tbz.ch"|"qSpH8Y-#Uq$xu-2q0iIj"
"helena.klosser@edu.tbz.ch"|"VB7Lg3-EGWuXB-6GoKlg"
"andree.grim@edu.tbz.ch"|"RFI1jF-KIo8hi-v4o6Ge"
"verane.coldbath@edu.tbz.ch"|"jTqu1x-3tkEg%-z3L5bh"
"helena.bethell@edu.tbz.ch"|"nzPF%%-39HpmK-#pruP4"
"kalliste.carefull@edu.tbz.ch"|"f4dRia-g3trwh-0p&LqM"
"regine.odams@edu.tbz.ch"|"RRXc6z-hIuiRw-Ho$dtl"
"len.stannus@edu.tbz.ch"|"Hj5kK9-AwOti@-mB$Qr@"
"angelique.works@edu.tbz.ch"|"ez6A$%-GcXpmf-4tD&HP"
"goesta.rheaume@edu.tbz.ch"|"68BiA4-hl%$#C-Yn7MoQ"
"maelys.tynnan@edu.tbz.ch"|"nn&f$t-5@1Die-PtA66Y"
"maelle.carlesi@edu.tbz.ch"|"rEV3z$-hYg7Lm-ljmxd2"
"anael.spurden@edu.tbz.ch"|"sC3YIr-5#d44w-cvbGme"
"helene.pumfrett@edu.tbz.ch"|"3ggr4F-hvAZuw-OBAuYs"
"goerel.pearn@edu.tbz.ch"|"ai3Fn%-$2@YtT-9vrDxJ"
"laurelie.dezamora@edu.tbz.ch"|"m$cQCw-hY1vaX-u@YKPO"
"yao.twidale@edu.tbz.ch"|"6PMKp&-&tJdMM-fNIWU$"
"berengere.sola@edu.tbz.ch"|"dAuGx1-J6fJua-koEzY1"
"maelann.hardistry@edu.tbz.ch"|"9F6$@x-s9q&fN-@GLjMb"
"severine.littlefield@edu.tbz.ch"|"q$QHyT-%C&Gs9-e7e%@e"
"salome.heinl@edu.tbz.ch"|"Lq1iyv-uE3ZYC-OUU5Uz"
"meryl.warbey@edu.tbz.ch"|"jb$q8w-&Nv8HS-4GSYal"
"da.hunstone@edu.tbz.ch"|"SswYmb-cffw5g-lo$Q7T"
"venus.broadbury@edu.tbz.ch"|"0BAFcl-f8X7qr-i5qhmm"
"meghane.rentelll@edu.tbz.ch"|"awB@%$-2athjA-eQhTZJ"
"marylene.drewitt@edu.tbz.ch"|"me7Cro-S0sCrB-Yv2&82"
"melinda.jacquemet@edu.tbz.ch"|"WclcUb-#N@9Wx-OqGqLk"
"marie-josee.keyden@edu.tbz.ch"|"rsy6nZ-tVo7fI-8$6l7Z"
"asloeg.montacute@edu.tbz.ch"|"8k#VmO-JmtqXg-LwXiUp"
"ku.andreou@edu.tbz.ch"|"$Rr@2h-FCqudn-eTo6W%"
"personnalisee.feaveer@edu.tbz.ch"|"aW8VYn-&OXWtQ-Y0cp#v"
"laila.emptage@edu.tbz.ch"|"T#N2pP-obrZNw-3ChZYG"
"bjoern.dawdry@edu.tbz.ch"|"gq4gdb-fbzm%x-g5fS0z"
"marie-eve.dinsell@edu.tbz.ch"|"Ij6YkN-kw3SMo-N05Q5K"
"helene.follett@edu.tbz.ch"|"w9iNFq-Z3DHw&-C9frlz"
"penelope.cordero@edu.tbz.ch"|"jwjdMe-odxL7O-KQLK7W"
"boerje.beedell@edu.tbz.ch"|"J1obqO-WoFQ0w-2eDs$q"
"nelie.ferne@edu.tbz.ch"|"2bqGEm-7ccGLa-uccXuO"
"celine.ahmed@edu.tbz.ch"|"CBr&iZ-Fm6LX$-1JMTYv"
"stevina.pimblett@edu.tbz.ch"|"EcVnxD-T@A&Gu-nUh4ZU"
"chloe.langlands@edu.tbz.ch"|"cYz$S$-f2JmDD-@PQBzS"
"simplifies.maude@edu.tbz.ch"|"xPUh4R-zcF65U-KcFMBX"
"genevieve.decarteret@edu.tbz.ch"|"MsE60o-rufXI@-J3Um0y"
"marylene.mughal@edu.tbz.ch"|"aRV6z3-n8r2rj-aAi@eP"
"goeran.guttridge@edu.tbz.ch"|"HbGySn-ILnuz2-x%DkVo"
"michele.smurfitt@edu.tbz.ch"|"oFDVH@-MjWj1M-oBxGD9"
"methode.hadeke@edu.tbz.ch"|"GT2XRu-c2rAT8-M8HfRp"
"therese.rispine@edu.tbz.ch"|"E6oK2c-TLRTG6-rW4i&y"
"goerel.plumley@edu.tbz.ch"|"Lv$1rS-Oio%mK-mARudC"
"oceane.friett@edu.tbz.ch"|"70aH&%-ekcqGT-DThR7D"
"marie-noel.achromov@edu.tbz.ch"|"UlaGWx-nFKu$#-Dg#oUt"
"dorothee.storek@edu.tbz.ch"|"t4fGxi-kaaV%4-pszZ0y"
"goesta.whittle@edu.tbz.ch"|"&ODzeA-dMBniN-jGLDK%"
"desiree.casely@edu.tbz.ch"|"VaYazA-off#vS-me9baF"
"felicie.condon@edu.tbz.ch"|"n$T4r1-&Lgi6O-JKG5lD"
"maelyss.frisdick@edu.tbz.ch"|"QQv80u-w1SMc%-72SIDd"
"aimee.banke@edu.tbz.ch"|"@%ss6S-H4P32#-21@Xja"
"naeva.hodcroft@edu.tbz.ch"|"7l1XJK-kjlzNB-2@F7He"
"laila.gerrans@edu.tbz.ch"|"Z920uh-XkWfGR-Ru5k#c"
"daniele.scrimshire@edu.tbz.ch"|"5ifO1E-fgJzpb-ToRr9#"
"daphnee.sheerin@edu.tbz.ch"|"2aNLtM-G7h@Lg-J9jMBl"
"pal.vanyukov@edu.tbz.ch"|"TS3&d6-OzprE0-O4OFTz"
"zoe.childs@edu.tbz.ch"|"10$XSt-7C7mwt-PYg6C3"
"ai.corde@edu.tbz.ch"|"QKpeA@-PMCnzo-hKkqDG"
"maelys.berryann@edu.tbz.ch"|"fphPq1-7I5rq0-bAdw10"
"cloe.gladding@edu.tbz.ch"|"j#EIc2-koi%@&-ZfDIvv"
"wa.kinnaird@edu.tbz.ch"|"TriMVz-fhj4VV-ad8Nm$"
"publicite.brittoner@edu.tbz.ch"|"VhERc0-tOoGcc-DCG$Cz"
"rao.windress@edu.tbz.ch"|"eszrT5-dm@p9D-FZVgG0"
"uo.kollach@edu.tbz.ch"|"FycURW-AYNS07-2FKzyi"
"josee.peskett@edu.tbz.ch"|"UAmfq5-@dtUKa-@sK$C8"
"annotee.hasel@edu.tbz.ch"|"@VCrCC-cZPZ#6-d9JR@b"
"cinema.lee@edu.tbz.ch"|"eln%TD-hdACjx-sbDt$#"
"lai.vedeshkin@edu.tbz.ch"|"Ew3oH@-4oYDcW-lnbHcX"
"renee.brisbane@edu.tbz.ch"|"FTJxGL-jxWdz$-G$Lkor"
"ophelie.blincoe@edu.tbz.ch"|"pwIZOf-Qrj8Xr-WALmRi"
"zhi.prazor@edu.tbz.ch"|"FqXQTu-01Jn3P-yO6gDV"
"annotee.maddicks@edu.tbz.ch"|"X1aRgl-wNvvdG-#@jWvE"
"maelyss.codd@edu.tbz.ch"|"CeGm3z-l9qXbg-AVACP7"
"celia.peplay@edu.tbz.ch"|"IpivBO-T@ycZe-7K0Ih9"
"interessant.skone@edu.tbz.ch"|"IJPk1l-rtIfp3-FeRuOy"
"audreanne.hebdon@edu.tbz.ch"|"ajq@Dn-sueLV2-#TgxYu"
"oceane.glen@edu.tbz.ch"|"e5Jgjw-#dypgH-rXYqOv"
"daniele.vanyushkin@edu.tbz.ch"|"HM99QI-qijCFY-&sVBpw"
"daphnee.ayce@edu.tbz.ch"|"ukGnc7-KGSLJ7-oQKSw@"
"andrea.attride@edu.tbz.ch"|"B#Arod-xjE00M-sROpkt"
"penelope.bridgwood@edu.tbz.ch"|"1BfoJn-lkw6pd-2FdQXv"
"mailis.drewitt@edu.tbz.ch"|"smjt7$-a9drlU-u#i9kj"
"penelope.mollene@edu.tbz.ch"|"bhwnIL-aRlO$@-Rh2POM"
"illustree.keely@edu.tbz.ch"|"m5wk5&-qidl7V-6VBelk"
"meng.brisseau@edu.tbz.ch"|"K2VkBp-cAk7Nk-Mal&uv"
"ruo.cleiment@edu.tbz.ch"|"sP3jU8-KqwZC8-RRFCVd"
"maite.krammer@edu.tbz.ch"|"#2CDkk-3Hu4Xj-DhMbbD"
"genevieve.verry@edu.tbz.ch"|"9sIEQr-3Q71dX-#ZgBUm"
"lea.olochan@edu.tbz.ch"|"rzSQyz-LJfzYt-zHeJ53"
"naelle.brunnen@edu.tbz.ch"|"S$2Glt-uJr7r9-gsN5i@"
"goesta.bragginton@edu.tbz.ch"|"ZuRdjV-F55wpZ-6YpGpx"
"fei.danilyuk@edu.tbz.ch"|"74wBjr-vLYbD$-kQBwxb"
"adelie.turbitt@edu.tbz.ch"|"ilXT2v-wC3mhw-u4ggHS"
"marylene.nutman@edu.tbz.ch"|"973hIH-zMVcuV-ozvAgX"
"therese.barbrick@edu.tbz.ch"|"ckNpFR-65K0XC-yfdz9&"
"melys.kolodziej@edu.tbz.ch"|"jNb4iQ-T2SyLo-trJfkO"
"melanie.runchman@edu.tbz.ch"|"ZVm0Dj-SpPmkn-@D4PVw"
"serena.lafond@edu.tbz.ch"|"z4B48z-v3Upgx-Z5E@nb"
"pelagie.desmond@edu.tbz.ch"|"t4%zHC-y&xsQ1-AJHNF5"
"wa.spickett@edu.tbz.ch"|"j@@T#M-SRRcBt-3N0LHk"
"po.shave@edu.tbz.ch"|"7l$$SI-U2FEvM-LX9KJ9"
"song.huikerby@edu.tbz.ch"|"Hb$yGC-HwJd&@-spVuJm"
"melinda.bimson@edu.tbz.ch"|"BnWK&U-ey429o-yoJ#MP"
"personnalisee.toffanelli@edu.tbz.ch"|"%1M59z-byCj&f-K78RHT"
"leandre.hurn@edu.tbz.ch"|"8N%cLy-So#PCc-qtIqGt"
"oesten.standell@edu.tbz.ch"|"lJrg9m-cK44r9-NgXZdR"
"naelle.smaleman@edu.tbz.ch"|"PvGDB7-U29s2G-3ktJAG"
"berenice.tayt@edu.tbz.ch"|"u1d7Dm-7wpfGf-diA4up"
"kui.popplewell@edu.tbz.ch"|"9ujWRI-mVQqNL-plmdkY"
"melodie.ferandez@edu.tbz.ch"|"Tn2tv6-tkmgSH-KjRz1c"
"josee.negal@edu.tbz.ch"|"j8d9Ur-f5R$qn-rmQWHU"
"melissandre.ferrelli@edu.tbz.ch"|"lImixu-&p0FgN-orGD6r"
"josephine.kemmer@edu.tbz.ch"|"4pYvb$-1zg2qe-JAHsJn"
"maely.cayette@edu.tbz.ch"|"&qvJ4@-VS4qdP-epGq@Z"
"nelie.vela@edu.tbz.ch"|"DLTEjy-3a&4&1-QZpoTa"
"melina.cortes@edu.tbz.ch"|"6M8fZK-aVGuFl-B4V4Oi"
"megane.leyshon@edu.tbz.ch"|"&6dzji-RFIASs-&OrV8@"
"regine.harrie@edu.tbz.ch"|"PILmbL-6R9grX-$HsF$Q"
"mylene.widdison@edu.tbz.ch"|"9F0wSk-Xs&MFx-WcaXFb"
"pelagie.vivash@edu.tbz.ch"|"Q9sm$4-UR$PFH-iwBHsk"
"styrbjoern.vicarey@edu.tbz.ch"|"kl4%h1-b2I0#s-NYH7Ul"
"long.kyles@edu.tbz.ch"|"g91TND-E%KoRl-btoXy@"
"stephanie.gipps@edu.tbz.ch"|"$VS4hg-DoWGP6-ZUNh1j"
"clea.constantine@edu.tbz.ch"|"921oM6-4E&XOD-Xhzou1"
"maella.cometto@edu.tbz.ch"|"rJyrXB-@dZF5n-nJ%4nw"
"laila.aubrun@edu.tbz.ch"|"sHViWo-d$Tj16-8MnyG3"
"yao.austins@edu.tbz.ch"|"7k9V3k-P2ivfn-kE4mwL"
"mailys.rylstone@edu.tbz.ch"|"QWYyfp-R6P#nY-mu3qmt"
"adelie.curuclis@edu.tbz.ch"|"IT%2At-Zjszx&-YlUV6y"
"celine.longhurst@edu.tbz.ch"|"7ReYo8-pQ5tKS-0V%LvS"
"gisele.hazell@edu.tbz.ch"|"W8$PaT-QAHkRl-JH4GHW"
"celestine.ciccone@edu.tbz.ch"|"6h3DvH-6OFI9$-%8Bs7w"
"maelyss.doole@edu.tbz.ch"|"3F2B%0-U3%yNA-#uCx9U"
"helene.grimsdike@edu.tbz.ch"|"i2QJL3-WiQ3Iu-hdys92"
"lie.macer@edu.tbz.ch"|"QOl5VI-fiLHp0-1686@5"
"maely.izard@edu.tbz.ch"|"7X&IMX-Jyxnjo-ygZPXK"
"erwei.breewood@edu.tbz.ch"|"G4t4@n-ab@ppy-DDA0y&"
"chloe.woolford@edu.tbz.ch"|"aWaM95-jaV7Ol-jW6ge@"
"cleopatre.turpin@edu.tbz.ch"|"m&2XP$-k5T&l3-7Gvrec"
"melodie.surgison@edu.tbz.ch"|"Zik@JO-cXEehJ-jfMVFf"
"elies.leander@edu.tbz.ch"|"dcr#Kn-BKCR%B-QsT&Kf"
"mediamass.reignould@edu.tbz.ch"|"aEw#2p-2j9Dmw-p7viFw"
"celestine.wasmuth@edu.tbz.ch"|"@HRsZ2-5yCeig-ocsJnu"
"marten.jervis@edu.tbz.ch"|"LZrpRl-bwhtvU-UwoQjJ"
"daphnee.bour@edu.tbz.ch"|"pbR9so-8uaT95-7U9gLb"
"regine.harlett@edu.tbz.ch"|"khkocV-f&E@et-vLmiUU"
"noemie.macaskie@edu.tbz.ch"|"3IIPq8-3XHQRv-BYAfcC"
"loic.renfield@edu.tbz.ch"|"ugCTSB-#19VVc-TLQg7O"
"venus.kleinert@edu.tbz.ch"|"#RTKw$-4inzTZ-D3vur9"
"marten.burlay@edu.tbz.ch"|"eNm&Yq-q3zZp%-9p@VS6"
"berengere.radsdale@edu.tbz.ch"|"V096Ii-rKOKyg-6BCkrr"
"genevieve.duckit@edu.tbz.ch"|"r&xKJp-1Dns0G-ps8pHb"
"maely.ligerton@edu.tbz.ch"|"rHzE58-U9YxCM-TM2Fx7"
"maeline.ricciardelli@edu.tbz.ch"|"uik@mJ-yxrdZF-ANHmTb"
"personnalisee.yggo@edu.tbz.ch"|"txdCYU-3zUJ3D-7YY8M0"
"alizee.pettinger@edu.tbz.ch"|"LcgDur-5@4Wxo-WcxkOg"
"desiree.curnnokk@edu.tbz.ch"|"iguSwu-NZvrV5-M3&ots"
"dorothee.minors@edu.tbz.ch"|"4UL703-BiX8kL-oPhsQD"
"oceanne.kopmann@edu.tbz.ch"|"1AYKG3-ZWXokb-#HngLL"
"almerinda.brodbin@edu.tbz.ch"|"lqT3QZ-8X0hS&-dKKR8N"
"yenora.carsberg@edu.tbz.ch"|"9ojr4Y-MrP%n$-vVKz&#"
"wa.beetles@edu.tbz.ch"|"jBQ@SK-1OVDKi-p8VEDd"
"audreanne.abbot@edu.tbz.ch"|"Ysw0bI-ftHJl5-aLIBEJ"
"noemie.capper@edu.tbz.ch"|"6$gi0m-htBY7z-ONqily"
"mans.abramamov@edu.tbz.ch"|"3r%ZbY-obTdjp-#k4UUp"
"audreanne.blakey@edu.tbz.ch"|"f&ZZwa-DH57ce-4AUXK5"
"leone.klimpke@edu.tbz.ch"|"sPJucV-CI8icN-$4bW1%"
"lie.croston@edu.tbz.ch"|"MCEdfw-s4cqI4-QOQng3"
"anaelle.baistow@edu.tbz.ch"|"HR@h8N-ROjX&P-3F9HVs"
"michele.garwood@edu.tbz.ch"|"ymp5tW-ZuS5PX-@@7NrD"
"interessant.albion@edu.tbz.ch"|"CkCqaM-5ibYQ&-dWXTeG"
"andre.brisco@edu.tbz.ch"|"D5n&IM-4vdEs@-kshX%f"
"tang.totterdill@edu.tbz.ch"|"3FW%VN-IKGK79-$1aiML"
"marie-josee.braundt@edu.tbz.ch"|"dTqYi9-X9&g#u-rtZ9JE"
"lois.galer@edu.tbz.ch"|"eQO&lZ-Cz2r7P-2rayK0"
"faites.pellamonuten@edu.tbz.ch"|"4a68sh-DjpTRR-nfXRV2"
"mai.barfford@edu.tbz.ch"|"pcq@0v-R2oc1C-iVc5ZU"
"laurene.macilory@edu.tbz.ch"|"XJ8RnC-xZ363g-bVy5W6"
"elea.peak@edu.tbz.ch"|"%SGZsx-mDqSch-vmTU@p"
"rejane.doni@edu.tbz.ch"|"TOwsKI-0qoX7t-oQZAZM"
"mahelie.ector@edu.tbz.ch"|"YEKax2-xFNiEQ-#i2$i#"
"rachele.allum@edu.tbz.ch"|"bZY@X@-5AhBZh-tjsFha"
"laila.gerretsen@edu.tbz.ch"|"hIFzFu-B9dl$i-VPd#N7"
"ines.bowman@edu.tbz.ch"|"j9WCG1-9#3r$j-&8ykWc"
"publicite.barbary@edu.tbz.ch"|"lLn4mx-CKYa6b-um&6N0"
"mailys.smooth@edu.tbz.ch"|"qxubz7-n#0E8F-@ny&V4"
"mailis.huguenet@edu.tbz.ch"|"f1udpM-FrfnbH-s067DA"
"lea.ewer@edu.tbz.ch"|"TGCUJJ-vzMLq4-1NPyg&"
