"email"|"password"
"melodie.vandervlies@edu.tbz.ch"|"wz08ks-Q0zMdt-J1REwP"
"angele.edgecumbe@edu.tbz.ch"|"N7@8cC-crQonY-7gVcmG"
"zhi.andreasson@edu.tbz.ch"|"oa5jkM-v0Ly6N-sFPors"
"judicael.koppeck@edu.tbz.ch"|"@qKUZM-oao0j8-Ovrr0E"
"berengere.capron@edu.tbz.ch"|"BfG4%p-79Xntv-iN5pdG"
"leonie.brosini@edu.tbz.ch"|"RGNME9-HnqaNL-pLt0r5"
"venus.garfit@edu.tbz.ch"|"$g4W&g-lw@iOP-F$hEA4"
"melina.janota@edu.tbz.ch"|"mpDEAY-wt3nEh-fdTwqe"
"laurene.bake@edu.tbz.ch"|"f72%30-#A3f4x-tVqHXS"
"regine.dorkins@edu.tbz.ch"|"xA60W&-s@Xya$-j95Jfn"
"cecile.moffet@edu.tbz.ch"|"HpL5E3-PuvlkX-jQsyiO"
"maelann.labrone@edu.tbz.ch"|"x9PaZd-RwIyRE-8Hc$De"
"melinda.newbold@edu.tbz.ch"|"vMMo$r-7T%zFm-aIpnXR"
"mans.itzhak@edu.tbz.ch"|"j&g3Wd-sRr#I4-91bCqy"
"melodie.pattlel@edu.tbz.ch"|"Ko$vzO-bQmJHd-DkI1B#"
"celine.bonett@edu.tbz.ch"|"xbxAza-9hQdQU-oWD6uc"
"adelie.mcgreal@edu.tbz.ch"|"WBcz7g-Od5H0X-HcXv7f"
"helene.soldan@edu.tbz.ch"|"jlnHJM-XivSQD-BZcHxc"
"michele.cluer@edu.tbz.ch"|"USgG0l-nOWq3M-N@G%Xx"
"maeline.mueller@edu.tbz.ch"|"nRLAs4-$TUjHE-Igqbni"
"maelann.benedito@edu.tbz.ch"|"BblNV3-LlCGbk-Kaiwm#"
"nuo.gransden@edu.tbz.ch"|"LK1v@S-UF@dSY-GU1#kw"
"berengere.stainton@edu.tbz.ch"|"%WR2PS-Hr49Ko-zQV5KE"
"wa.sabater@edu.tbz.ch"|"&CqwM#-I8@&x3-VleLdD"
"anais.cochran@edu.tbz.ch"|"Y5dPp9-O787mc-txLH8S"
"gerald.bessant@edu.tbz.ch"|"ZJdReF-3bUJG#-JgPmA1"
"ruo.coffin@edu.tbz.ch"|"qY#zRP-GVA7na-ZkWnc3"
"melodie.mustill@edu.tbz.ch"|"Ht9R&u-gefA@n-uB#r0w"
"ruo.stanesby@edu.tbz.ch"|"okTtbu-68JwAz-RHrAwC"
"noemie.antognelli@edu.tbz.ch"|"ulrtUr-auV8kZ-uN1Xa6"
"maelann.hughson@edu.tbz.ch"|"j%8JQ&-P$d9ey-j6HIWI"
"milena.mieville@edu.tbz.ch"|"We2hCA-&nlDlC-RPxzz6"
"mailys.chamberlin@edu.tbz.ch"|"9IHY6G-2xW#v%-vx8aab"
"nadege.tomalin@edu.tbz.ch"|"e1Xp5D-vnvAW3-@IKkC#"
"oceane.omara@edu.tbz.ch"|"jp#kdY-yW9G2i-Ym5y8G"
"cecile.aguirrezabala@edu.tbz.ch"|"@oExF&-qa4bdU-DMjq5r"
"maella.gwillim@edu.tbz.ch"|"X0Rh2v-3PXdr4-4p4Fbc"
"lea.mcgahey@edu.tbz.ch"|"NH6VYc-&FnsSl-nOIkT&"
"laurene.hagerty@edu.tbz.ch"|"af3QNx-UjGuVu-Ailbm4"
"dorothee.link@edu.tbz.ch"|"OI8$n8-6I24TP-&&TIla"
"clementine.kynsey@edu.tbz.ch"|"rBQ4Y6-56XdaH-#i1gph"
"lorene.smitherman@edu.tbz.ch"|"LzdUy7-K0Ev0s-jWYLbw"
"cleopatre.klulicek@edu.tbz.ch"|"lZYSVN-HXWHGr-GDjFyK"
"laurene.castaneda@edu.tbz.ch"|"qBStvl-GYdJgZ-#Zmd%&"
"melia.constant@edu.tbz.ch"|"wXwTiE-uLOFFD-r5C$ro"
"lucrece.clunie@edu.tbz.ch"|"KR2f1T-#mKnWR-MSVhxO"
"eleonore.mcmurthy@edu.tbz.ch"|"Yuta$K-xDhTXE-s4VUax"
"melia.bevar@edu.tbz.ch"|"x07ahe-EkKmxT-vd30JH"
"camelia.bontine@edu.tbz.ch"|"QwzlR9-flUgw7-SlB93X"
"methode.jozefczak@edu.tbz.ch"|"B57VS6-H9Me$Q-11V$UP"
"audreanne.hinsche@edu.tbz.ch"|"XyVCw#-kAsnsg-ZBP8lO"
"andree.varne@edu.tbz.ch"|"J2Ara%-j$g1p#-NWndsM"
"marten.kinleyside@edu.tbz.ch"|"D0YsJ7-rOsFQd-rYW3M9"
"esteve.mcewan@edu.tbz.ch"|"sO42Wb-QThmPc-GC6z97"
"leane.dibbert@edu.tbz.ch"|"1MGR4P-5kEbDF-iXY1yS"
"ma.thewlis@edu.tbz.ch"|"MrIu0%-piKdLo-t6QDhk"
"clea.djurkovic@edu.tbz.ch"|"B1Lkl1-SeMA7s-7GvmBU"
"rachele.reburn@edu.tbz.ch"|"XjV&eD-PX8ErD-zvY7nG"
"gerald.gowling@edu.tbz.ch"|"9jWnWe-7Xu%uQ-6IQ6gf"
"cleopatre.jackson@edu.tbz.ch"|"yoryx8-tc70UI-@GHHWZ"
"desiree.haskins@edu.tbz.ch"|"Lb2@vI-8vYE0L-%IGYQ1"
"eleonore.longson@edu.tbz.ch"|"A#O5El-5UC7om-gGDL0R"
"leane.dybell@edu.tbz.ch"|"Bqti&n-tdjW7@-HUIs5T"
"becassine.grzesiak@edu.tbz.ch"|"&ro7fp-0m1i9t-VHRCJm"
"marie-josee.pickin@edu.tbz.ch"|"KsK9Vm-j2G7y@-4jSx3N"
"marie-josee.roxby@edu.tbz.ch"|"Vk%Roo-RN3A#Z-Odkb&e"
"leonie.feenan@edu.tbz.ch"|"U4A1rI-wKSVuL-TE9DEV"
"valerie.ellum@edu.tbz.ch"|"e4LzJw-@FsKE9-aOZd3A"
"ju.caseri@edu.tbz.ch"|"%0k#oK-3bzezK-C@Jnnd"
"boerje.strangman@edu.tbz.ch"|"fqMDwu-mg0YfS-I3WkKE"
"beatrice.ghidelli@edu.tbz.ch"|"HpInN3-%JozIp-oku%4s"
"da.jablonski@edu.tbz.ch"|"Oduvms-MUv1r3-CTeZfo"
"uo.beveridge@edu.tbz.ch"|"K@9%Gd-RS$DS2-R%0cWk"
"valerie.bestman@edu.tbz.ch"|"jYbNXu-S$FljM-NEK1hr"
"marlene.pohls@edu.tbz.ch"|"T$o2#4-Gy$OoK-QWPeek"
"ma.nolda@edu.tbz.ch"|"wc&WVP-Hwrfci-ICReDV"
"marlene.bisiker@edu.tbz.ch"|"v80RWO-&dUl4I-8b2gQ3"
"estee.babon@edu.tbz.ch"|"Ce1b6n-gncyJL-tP8Rbm"
"simplifies.dmisek@edu.tbz.ch"|"pi&kg4-zVVcjp-I%fMEi"
"selene.ganing@edu.tbz.ch"|"iZ8aJl-vbYRfU-bWWKpm"
"meryl.penke@edu.tbz.ch"|"zF@#eb-Wefnzf-40PPsX"
"anais.rawcliff@edu.tbz.ch"|"May2RO-Z19u3#-1#KTq8"
"melina.andri@edu.tbz.ch"|"Pybz@Y-xl6w8%-myKldm"
"audreanne.fodden@edu.tbz.ch"|"mpLoGA-STeTJz-hCtWeb"
"bjoern.spellesy@edu.tbz.ch"|"yZK#@D-wINupg-oRyz9c"
"francoise.summerscales@edu.tbz.ch"|"qAID$2-VJTIng-fpN5mw"
"laurene.ashtonhurst@edu.tbz.ch"|"H0XSQn-e2WYm%-SobxF3"
"valerie.petters@edu.tbz.ch"|"Sc0%zs-62IZOY-92pQIe"
"anael.spenclay@edu.tbz.ch"|"HSDR&5-$riF%4-nRo#cK"
"stephanie.keech@edu.tbz.ch"|"pBLfnd-To8m4w-&1BWaW"
"ines.deveril@edu.tbz.ch"|"$THYhZ-nRZ6Be-io$esK"
"berenice.gelder@edu.tbz.ch"|"Up@e@1-xVMla6-PObUDy"
"melanie.ofogerty@edu.tbz.ch"|"uZkZ8X-7$0%fX-x2nody"
"frederique.canepe@edu.tbz.ch"|"wkmVYb-iGVQDB-Qq2lQt"
"nuo.otton@edu.tbz.ch"|"rasS9o-HlHmM%-80zudI"
"genevieve.trusler@edu.tbz.ch"|"p&@iZ6-t@Pbig-Dj@qhE"
"ju.boag@edu.tbz.ch"|"l@XeAy-9zS5l&-wXaoUf"
"josephine.dilucia@edu.tbz.ch"|"U&r6OG-r&iz9$-QkwzJY"
"laurene.armsden@edu.tbz.ch"|"58P6GH-P70L6t-rK0$R2"
"becassine.griffe@edu.tbz.ch"|"HB$hiC-ntKNTi-PpVgcp"
"alois.parres@edu.tbz.ch"|"41LyTI-IKDwTs-RuV7OQ"
"cleopatre.gaffey@edu.tbz.ch"|"&F1%U9-lwaJkf-J&$Wo8"
"andre.stiger@edu.tbz.ch"|"pJBTpt-7z4IzD-RPmoaN"
"beatrice.godleman@edu.tbz.ch"|"eYd3LA-ca#uT3-FJIdM6"
"hakan.harrhy@edu.tbz.ch"|"XLHIhD-ETKMm&-ccmBF#"
"celestine.dagnan@edu.tbz.ch"|"LYH84a-Jb1Bsn-@tShIQ"
"clemence.haggart@edu.tbz.ch"|"kG%6Z$-EGyuID-rFpkCd"
"long.caban@edu.tbz.ch"|"yHYrkm-l8wwKJ-gTqsnc"
"gaetane.grimble@edu.tbz.ch"|"DxGZA#-XA8l2%-tjar5e"
"maelann.piwall@edu.tbz.ch"|"$XsBAk-SF@lTh-sE3lT6"
"magdalene.loble@edu.tbz.ch"|"kzBeL2-aSfRsO-8TcUXx"
"veronique.domaschke@edu.tbz.ch"|"DtrR0I-fBU22a-uYQGLo"
"clea.herity@edu.tbz.ch"|"atRUml-4ddtNX-odOpDA"
"maelann.bambrough@edu.tbz.ch"|"b&a5LI-s2sZX6-wv6UV#"
"clea.goulstone@edu.tbz.ch"|"4$lWMk-jEznFn-8$tA63"
"renee.deleek@edu.tbz.ch"|"40ESjW-fK&X6w-5fAGRt"
"boerje.rudderham@edu.tbz.ch"|"cKJrcy-WZyn8%-eWCtGZ"
"marylene.broune@edu.tbz.ch"|"0o6%kW-Utv#QU-FXzE8W"
"nadege.mccuish@edu.tbz.ch"|"sQdS56-S4937U-Twk@#3"
"anael.littleover@edu.tbz.ch"|"%bgCD%-lqzB%l-i2RiPr"
"lie.baume@edu.tbz.ch"|"@EVOyv-WquOR8-it%E@U"
"maella.murrow@edu.tbz.ch"|"wwezky-$KwJfH-AKzE6U"
"cleopatre.pettifor@edu.tbz.ch"|"EOUmqY-BmYBUR-xejZbP"
"geraldine.asker@edu.tbz.ch"|"TjaZ%l-Oay@fd-PUD0DO"
"gaetane.smedmore@edu.tbz.ch"|"sxu@Wk-GAp54p-34&lTL"
"meryl.blencoe@edu.tbz.ch"|"YB%6zy-MsyGjb-PPI#sq"
"aurelie.chastaing@edu.tbz.ch"|"6lHR0k-tIPG0G-Yaukzz"
"oceanne.marthen@edu.tbz.ch"|"irfS1e-YddWjR-0Xknev"
"dorothee.burrill@edu.tbz.ch"|"3pw&YB-60lksG-tINIHD"
"hakan.belden@edu.tbz.ch"|"RJDOv9-x6q4oL-dPF5ld"
"celine.brunning@edu.tbz.ch"|"SK95p%-imKr0m-pmNxel"
"anael.lapides@edu.tbz.ch"|"yTMisj-ozjTM7-m1xR3b"
"ruo.saffran@edu.tbz.ch"|"meS#8w-Hqsl&x-KXWfpi"
"loic.gerretsen@edu.tbz.ch"|"A17W&9-@gEpNZ-1B7@uI"
"rui.fitzer@edu.tbz.ch"|"DyDHaQ-kGDLgY-6pAz2y"
"annotee.ogers@edu.tbz.ch"|"922&h%-L2B6&z-rwRyD5"
"boerje.bindin@edu.tbz.ch"|"@H2uLS-kXBX6n-oz7PbC"
"ma.cronchey@edu.tbz.ch"|"iW0Sw%-yCliXJ-V9jBqC"
"laurelie.baiyle@edu.tbz.ch"|"d3SikL-rW30EW-yYJFk3"
"dorothee.older@edu.tbz.ch"|"c20X&y-BrQYvQ-P4tWZo"
"laurena.wile@edu.tbz.ch"|"c8f0&R-Kf4AtT-OWYyNl"
"clemence.brito@edu.tbz.ch"|"pDZLX5-gpPocu-XHr#E9"
"nadege.dallin@edu.tbz.ch"|"f9llSK-MAxSy%-S#skpo"
"mailis.matley@edu.tbz.ch"|"#rs$8P-&%rimS-cEjQlC"
"daniele.screaton@edu.tbz.ch"|"HLqMak-6kTQr5-ejfF5C"
"mediamass.godly@edu.tbz.ch"|"OTRGHp-LOyChY-8$DXRv"
"leone.kremer@edu.tbz.ch"|"Vbljin-Ed&go1-Qo4JAW"
"asa.adrian@edu.tbz.ch"|"RgNTNQ-h3xyJT-YfFv&z"
"adele.doley@edu.tbz.ch"|"7hym7H-nn9ds5-86wUhu"
"fei.sidney@edu.tbz.ch"|"bagRk%-LzNIJZ-ZdNUpP"
"marie-josee.walisiak@edu.tbz.ch"|"62qgr5-h%aFOz-Qo@jOl"
"desiree.diplock@edu.tbz.ch"|"3ONllb-dw1%DA-we3p9u"
"gisele.schust@edu.tbz.ch"|"rrNn1B-b9nDjt-f3efY0"
"ma.longshaw@edu.tbz.ch"|"sOyV7U-HA3sUT-3hllW2"
"da.boother@edu.tbz.ch"|"8cSDPP-AdEAHb-zFwX@5"
"simplifies.chaudhry@edu.tbz.ch"|"3HW8L@-ZneLKP-QMmTJw"
"garcon.baniard@edu.tbz.ch"|"Yc48gm-45J00$-MhMaQ8"
"gaetane.elphee@edu.tbz.ch"|"6xH%py-Deg76A-R1IJVp"
"gisele.hassey@edu.tbz.ch"|"dqU8n#-@OO0Pv-VdlD@5"
"oceanne.booley@edu.tbz.ch"|"zMlt7B-QLPXq7-VQTo81"
"oerjan.dibden@edu.tbz.ch"|"dJr4nq-YAiXl@-FOHOKz"
"regine.ocleary@edu.tbz.ch"|"W9MRd3-qFBEwm-MTg8Rn"
"selene.persse@edu.tbz.ch"|"qZIv&6-3$mq74-5ik@SN"
"helena.adenot@edu.tbz.ch"|"WUzCEG-1WHh#M-hEdLSv"
"maelann.wassung@edu.tbz.ch"|"lO$79l-UntbPo-CTXxhk"
"frederique.ackermann@edu.tbz.ch"|"UpmJ$V-YMnvlu-vtKa1M"
"audreanne.kahen@edu.tbz.ch"|"ecA4yc-9Fs1w5-ld2MRm"
"maiwenn.lasty@edu.tbz.ch"|"Njnh1l-UQm4iQ-ajCS&f"
"yu.dictus@edu.tbz.ch"|"JcXKnp-1WkIrj-2XsI@I"
"anae.dukes@edu.tbz.ch"|"JkrcAE-8DNKjk-EtAFq%"
"yenora.warr@edu.tbz.ch"|"McWl7f-hUQ7fZ-k1TQTe"
"esbjoern.archibold@edu.tbz.ch"|"rZ$DA9-IbkPi9-cuoZ@y"
"milena.pardal@edu.tbz.ch"|"VQJDy#-mhfeew-WI#3Dk"
"celestine.graveston@edu.tbz.ch"|"16TPsz-Scb69#-&$I6b6"
"maena.dallas@edu.tbz.ch"|"6ANIzQ-8Lrscz-ZLWYMQ"
"andree.tuke@edu.tbz.ch"|"sQfSb4-x#$$F8-5haFFf"
"methode.seldner@edu.tbz.ch"|"HoAL0%-0%lW#q-eC4j2V"
"venus.bullas@edu.tbz.ch"|"85lpx3-KrNQOo-aipSVo"
"mans.aguirrezabal@edu.tbz.ch"|"MGVcig-ahgmQf-tYlzNu"
"gaelle.eadington@edu.tbz.ch"|"eMNIxz-1p0xOw-2#7Q4v"
"anaelle.falkner@edu.tbz.ch"|"KuQzrv-ByD8zM-PZU$uP"
"ophelie.height@edu.tbz.ch"|"4hsRvX-r4gmlP-HUHHOb"
"marten.bolding@edu.tbz.ch"|"efcOAO-2$xdjx-f7J%Xa"
"pelagie.guswell@edu.tbz.ch"|"sn1aV7-0$3c3d-R9c0ks"
"gwenaelle.lecount@edu.tbz.ch"|"nCRBAu-gB@KWC-1LM0yr"
"hakan.laden@edu.tbz.ch"|"jOyChp-%yTUbI-bI2hXf"
"marie-josee.hylands@edu.tbz.ch"|"nIwO2T-6Z&E5V-mEC2$o"
"zoe.kingshott@edu.tbz.ch"|"mJDiiX-8o&OTj-I2ye2N"
"josee.janous@edu.tbz.ch"|"QAca63-lcjO&k-iPTvJZ"
"laurene.gallally@edu.tbz.ch"|"FR5&Z$-a3E2a&-5@SDxD"
"anael.bickle@edu.tbz.ch"|"IbPSF0-ykto3#-B4R2ZG"
"mediamass.lebbern@edu.tbz.ch"|"Xd4be6-&G@@Mo-l3Qwu1"
"berengere.hovy@edu.tbz.ch"|"pltXp4-Pvumm5-41&yEt"
"oerjan.kilmurray@edu.tbz.ch"|"BS7ENR-&bCmq@-Ry6trS"
"asloeg.venny@edu.tbz.ch"|"La9hx&-1$JL$r-BgetQt"
"marie-noel.stoad@edu.tbz.ch"|"fZeZ2Q-2EVmK9-2bXDGU"
"hakan.pettifor@edu.tbz.ch"|"9LQc@d-Sy3gM3-H6s%e7"
"maella.willgrass@edu.tbz.ch"|"wICcYI-LUFf20-@0tcxS"
"therese.ludovici@edu.tbz.ch"|"a%zJgA-eQc64k-Vc#fes"
"stephanie.trewhitt@edu.tbz.ch"|"aOnt70-95vgXy-Vg2OqT"
"maerta.bauduccio@edu.tbz.ch"|"SDIcVw-ALClUF-9z9hg2"
"gaetane.glaisner@edu.tbz.ch"|"uYwKBm-0YFPQh-3eU8m#"
"naeva.pargeter@edu.tbz.ch"|"ehNV9O-6YihsG-ZK73RV"
"salome.venable@edu.tbz.ch"|"OY6SfA-4hDO2F-0S1xbC"
"boerje.thickett@edu.tbz.ch"|"b0h8UM-q2TOIW-6HPym1"
"lucrece.prendergrass@edu.tbz.ch"|"MTMaxi-8lcqdR-wJ&%GM"
"laurene.ockleshaw@edu.tbz.ch"|"6$fByQ-7&$mXA-X07VUi"
"cecilia.pasticznyk@edu.tbz.ch"|"ViconT-&LHz6@-kcw#sx"
"stevina.mackey@edu.tbz.ch"|"0$j3A1-tke6C1-4@N%Im"
"marie-noel.reven@edu.tbz.ch"|"VOKBRZ-JN25Wk-dGZdYT"
"melina.quilkin@edu.tbz.ch"|"tGDHPS-Xny8vg-#IYyr%"
"marie-noel.ferrie@edu.tbz.ch"|"p80awE-&m&etU-l8%K4d"
"leone.alphege@edu.tbz.ch"|"apLtB4-6VxU8w-pvuXO#"
"zoe.leverson@edu.tbz.ch"|"xRuFnp-chleAj-&WT8aH"
"annotes.grayne@edu.tbz.ch"|"A8mshD-dUgo@w-%Q3oau"
"faites.lalley@edu.tbz.ch"|"xeDV9G-QBIaOp-hbCSmm"
"adele.wallis@edu.tbz.ch"|"H3k78l-L0Tj9H-5PPj9F"
"severine.madill@edu.tbz.ch"|"34YLVT-VTVref-&c81d#"
"valerie.tebb@edu.tbz.ch"|"FyPWWg-dz5pm0-kuLP6G"
"kalliste.rasper@edu.tbz.ch"|"j4emyc-zPecHT-6Yw&yd"
"audreanne.palomba@edu.tbz.ch"|"NTxZi9-#aqB3O-e@Yw5M"
"elea.adamik@edu.tbz.ch"|"yWSz#C-XElTvH-l0VZdd"
"reserves.jakuszewski@edu.tbz.ch"|"65ItTB-MAcaAt-eY#enx"
"athena.belhomme@edu.tbz.ch"|"t%Jsnh-ck1DC9-okxKZ@"
"rebecca.crippin@edu.tbz.ch"|"jZE$Us-k#zUqY-BEtWkt"
"maiwenn.curman@edu.tbz.ch"|"eCWldY-fwpGbB-FyiQNQ"
"andree.bunner@edu.tbz.ch"|"&HGm9#-USBsaz-7Cl$bz"
"ruo.winckles@edu.tbz.ch"|"afScEn-mauxN5-98wUT8"
"naeva.buntine@edu.tbz.ch"|"LysV$k-MFVRRR-AGFP3D"
"boerje.dollard@edu.tbz.ch"|"WA66v@-@OqioZ-$7GMTR"
"penelope.gorman@edu.tbz.ch"|"E14KBU-eCrL10-i6xnxE"
"alois.robelin@edu.tbz.ch"|"bsVMOX-$1qBzD-UReQ50"
"anaelle.tindle@edu.tbz.ch"|"jKQQlN-74B%yk-WeKuXf"
"ye.frears@edu.tbz.ch"|"xJHI@T-mmfN1I-o2EXGN"
"andree.ovid@edu.tbz.ch"|"eOa2oW-ZozNQZ-HC92Ms"
"hakan.peat@edu.tbz.ch"|"tp5M8W-Ngbbhf-QOLacJ"
"andre.januszewski@edu.tbz.ch"|"6gcO2H-csYriR-i9dB9p"
"annotes.clemmett@edu.tbz.ch"|"xBsWqu-ejDhss-VdVYeC"
"pal.lambswood@edu.tbz.ch"|"zJIxL7-ytiID2-NnHn0v"
"yao.lenton@edu.tbz.ch"|"so3a8P-q&1fZ#-&a#ePC"
"hakan.boyton@edu.tbz.ch"|"O1w3vv-mWUNMg-aXHuVC"
"nelie.forsey@edu.tbz.ch"|"uJ53mL-2balbr-BtfTI3"
"hakan.horche@edu.tbz.ch"|"cifSwq-ObPpOn-rtel6P"
"lorene.sinkings@edu.tbz.ch"|"wbDeE7-UpkQya-dlTatP"
"marie-therese.creddon@edu.tbz.ch"|"GWmHi2-K2EC7x-Gmog33"
"berenice.tolworthy@edu.tbz.ch"|"%xEeo9-zWXWso-&s4akw"
"theresa.land@edu.tbz.ch"|"CC#9#C-iBKYNg-f%vkkX"
"marie-therese.gianilli@edu.tbz.ch"|"eW@E7Q-zl%5aR-IlxNFp"
"meryl.glew@edu.tbz.ch"|"QoihQI-qtwFkY-5kDtqy"
"adele.debling@edu.tbz.ch"|"384qrv-2HpB$9-6PLduR"
"anae.metzke@edu.tbz.ch"|"wm0AIe-Y1gPHh-6r@dNN"
"gaetane.gooden@edu.tbz.ch"|"@y80J1-v%zExc-Ia2W44"
"laila.bootland@edu.tbz.ch"|"&h0#OF-veC&x#-BL09#f"
"maite.helsdon@edu.tbz.ch"|"HgrIg2-IwgleY-3aadWB"
"andree.malley@edu.tbz.ch"|"615Hc7-u%UWlf-eKcYPq"
"pal.simmens@edu.tbz.ch"|"$VKr0l-SYR80Q-K@Oo1I"
"maelys.nuccitelli@edu.tbz.ch"|"ENWrrC-z#zKyF-8%lJM@"
"dafnee.sibary@edu.tbz.ch"|"4eSx#r-I04P8%-UdscPb"
"alois.harsnep@edu.tbz.ch"|"XQKt0H-pqP6$d-EjSgQh"
"marie-helene.lacky@edu.tbz.ch"|"80llfp-$&yxaL-TVM0ut"
"mylene.youthed@edu.tbz.ch"|"2QVqfD-&lu&sh-Q#73DG"
"marie-helene.dehmel@edu.tbz.ch"|"nUJTqr-f0N4qI-&o2sdr"
"angele.batman@edu.tbz.ch"|"SXbXL$-2HQ5Fh-#YuPab"
"melia.younghusband@edu.tbz.ch"|"bhwNr#-4&wLYX-nXdUx3"
"eloise.baldi@edu.tbz.ch"|"JFM8#n-@AQzH@-rWe2G@"
"illustree.dun@edu.tbz.ch"|"hpTLUb-nVKfXF-3OwGXb"
"genevieve.late@edu.tbz.ch"|"PeSFkx-4OhWc&-rDj5D1"
"celestine.colville@edu.tbz.ch"|"liStaZ-36#Z#S-ADaOq2"
"gwenaelle.scarlon@edu.tbz.ch"|"jSMTFf-isrp1r-RNrUj4"
"regine.boddie@edu.tbz.ch"|"s70o@u-GjurdO-WTsK6g"
"creez.gaughan@edu.tbz.ch"|"ek0G@3-OM9%v6-SG8XNQ"
"gaia.longford@edu.tbz.ch"|"5ORrh5-#G&W7J-Q%pn3P"
"mailis.buckby@edu.tbz.ch"|"qk2obK-0OOqhz-@HQ@jW"
"song.parbrook@edu.tbz.ch"|"BXCD4V-7DvgaZ-9VXPsH"
"frederique.heddan@edu.tbz.ch"|"jlio%u-aGnMJ#-4MdL0u"
"ake.kirtlan@edu.tbz.ch"|"0ZNFav-zd#lec-HhKQ6a"
"nelie.runciman@edu.tbz.ch"|"g$GzFd-zYnX3y-inVFbC"
"mailis.cardnell@edu.tbz.ch"|"$JXxzf-8O015D-21P6E@"
"irene.navarro@edu.tbz.ch"|"WeJVU#-r$CSei-N#RrHh"
"maite.cough@edu.tbz.ch"|"mvJRx%-d#v7VQ-OR@V2E"
"anaelle.stocky@edu.tbz.ch"|"Olin@D-llrGK%-egf%kT"
"methode.moulder@edu.tbz.ch"|"1FL@%P-jBrjoI-%G0oO#"
"po.stafford@edu.tbz.ch"|"Kr3UHj-l3yM19-L84ujZ"
"faites.scraggs@edu.tbz.ch"|"7TPLOE-Yano$G-6iYghL"
"adelaide.dullard@edu.tbz.ch"|"%gLhku-kFMu5l-XB55PV"
"desiree.leonard@edu.tbz.ch"|"Hot3Wc-uJMBJO-QNtAj2"
"geraldine.badgers@edu.tbz.ch"|"GR6ZVV-gjYzjx-dwD6N2"
"ruo.masic@edu.tbz.ch"|"4e0E#0-6O8w70-GSLDFp"
"aurelie.lieber@edu.tbz.ch"|"30c1zg-IuageE-ukFE#R"
"naelle.balcock@edu.tbz.ch"|"MuD&XK-rO3nC2-rOlNOk"
"camelia.elger@edu.tbz.ch"|"gnmjGO-egrh8m-nnIGxT"
"publicite.oakeshott@edu.tbz.ch"|"3svdNu-BurBJa-MNRQ8K"
"cleopatre.fawley@edu.tbz.ch"|"o0NsD%-Bd0zEV-Aat0Mx"
"laurene.bruckmann@edu.tbz.ch"|"R8Oeg%-VauzAY-d2QXXb"
"rui.haughton@edu.tbz.ch"|"X%@XaL-OrhCC#-HhA18#"
"asa.ladewig@edu.tbz.ch"|"jeNTKd-lly$Vk-IvC$g0"
"gisele.janecek@edu.tbz.ch"|"MiqCpF-cF4EiS-8kE1gg"
"maily.loveridge@edu.tbz.ch"|"KcNZDz-&If&Fj-NDfzjB"
"marie-eve.yurkiewicz@edu.tbz.ch"|"ZXhGT1-KB2jld-ghWRUF"
"fei.roder@edu.tbz.ch"|"MQObPR-nUPLE6-nyl9Gu"
"edmee.chatburn@edu.tbz.ch"|"sc4oD&-3GIDQm-Xo4GZ@"
"geraldine.darke@edu.tbz.ch"|"W8zDND-MFpOOT-a6Fu6j"
"ye.jira@edu.tbz.ch"|"#1xMM2-5UzPXY-gs7Gzu"
"publicite.persent@edu.tbz.ch"|"7T#FxI-D3ToO2-TOj$0t"
"severine.wilcox@edu.tbz.ch"|"#JXa3r-ZckWhs-HUqCk5"
"yao.mcclaren@edu.tbz.ch"|"Oscinj-jjbdRp-VTwXdx"
"theresa.foynes@edu.tbz.ch"|"Sne0h4-XVkKAU-ZVtHCM"
"stephanie.isley@edu.tbz.ch"|"eh3O&D-op2%Zn-WEVz7R"
"torbjoern.growy@edu.tbz.ch"|"YVAnNf-RAlAY1-#jk2@a"
"eloise.tunnadine@edu.tbz.ch"|"Ighc2H-HG$#Do-kF#8qF"
"maeline.cossentine@edu.tbz.ch"|"d@CSXI-2slyFX-rp%#rV"
"nelie.desantos@edu.tbz.ch"|"ZSo4vV-NVOqeE-zHD9o5"
"gaetane.axston@edu.tbz.ch"|"eikP%w-#SciEy-nkvlem"
"aimee.merman@edu.tbz.ch"|"68tWMB-HS@f$n-dPMGC5"
"oerjan.drivers@edu.tbz.ch"|"bfzaEx-GLOW@r-gprKcO"
"aimee.miroy@edu.tbz.ch"|"YnKKQv-vahrgr-qIOh8B"
"nelie.glyde@edu.tbz.ch"|"GB8EkB-KIWWyE-Uih#VZ"
"hakan.kapelhof@edu.tbz.ch"|"22EbX0-LoluTd-UMaJKU"
"maelyss.cauley@edu.tbz.ch"|"4#aHv%-vU4@$&-DKEP&u"
"elea.vaggs@edu.tbz.ch"|"IIRit8-NA%fFH-@tR5kC"
"maelys.but@edu.tbz.ch"|"WbZW@%-p@SUUx-Fl$44W"
"maella.arthurs@edu.tbz.ch"|"pFx87E-Ctc#JF-i3NsGB"
"adele.liebrecht@edu.tbz.ch"|"OfFOOo-9%xMr%-bZ6s$@"
"meline.lomasny@edu.tbz.ch"|"AHXP21-5179zB-%Wlyon"
"mediamass.schwant@edu.tbz.ch"|"f2%mlc-2nKQyX-vPqBDN"
"leone.saunt@edu.tbz.ch"|"I&qaF#-Grt%0D-OGqK@M"
"annotes.gouch@edu.tbz.ch"|"m1pjIG-Ztc1Ks-29s9CB"
"gaetane.bowich@edu.tbz.ch"|"KDFs3l-u$xH6T-2qIi@p"
"alizee.strelitzki@edu.tbz.ch"|"qQqtiN-y1dzIO-rvtb1p"
"leone.poile@edu.tbz.ch"|"2tT#$Q-j6YUqV-ck0zei"
"amelie.saban@edu.tbz.ch"|"OjErcq-grgwE2-rCGjkL"
"marten.mcmenamin@edu.tbz.ch"|"DKbB@#-BBeHen-q3bx8f"
"becassine.keets@edu.tbz.ch"|"qtkWzH-oJovfk-U8PK2O"
"celine.million@edu.tbz.ch"|"2umfgF-7F86Ya-DnEh46"
"geraldine.belitz@edu.tbz.ch"|"9Z%FZN-x4h2Ol-6t6AvD"
"salome.mardling@edu.tbz.ch"|"T3mrVR-2zMvo$-@5jVkY"
"melia.blakemore@edu.tbz.ch"|"xt%DfE-E%1kBj-0f6%L0"
"dafnee.mcaulay@edu.tbz.ch"|"iSuDEf-cbDueB-SRm##g"
"garcon.dennett@edu.tbz.ch"|"y8yq3z-FAKi3H-ly0h$x"
"interessant.lesor@edu.tbz.ch"|"7y9kJh-nQhg%F-1dNT@K"
"annotee.wasbrough@edu.tbz.ch"|"RoAadq-n0NkGb-NwDC%2"
"asa.ibbeson@edu.tbz.ch"|"3GDztR-oPFh34-elbL7P"
"maily.kennealy@edu.tbz.ch"|"aoZCUC-@81&Ff-5MK7Hx"
"ye.seares@edu.tbz.ch"|"hZE1NF-gHO8LG-gpy8Ij"
"athena.harbron@edu.tbz.ch"|"QJ##8D-f@tF%g-xf@C95"
"andreanne.portail@edu.tbz.ch"|"ccTGlN-OoA$O7-8$HrvA"
"goeran.zannelli@edu.tbz.ch"|"WyYL83-FulokN-KITK6a"
"gerald.leathlay@edu.tbz.ch"|"rQWrhP-EMmaDl-QA#kJd"
"andreanne.chown@edu.tbz.ch"|"H%79%o-MfHrau-DaeS#g"
"esteve.clementel@edu.tbz.ch"|"Okv%&&-&22krl-nGlt8u"
"leone.legan@edu.tbz.ch"|"vJuXvS-N5t@ea-kShDxo"
"maena.pownall@edu.tbz.ch"|"wA&Yop-CwNb5l-FrY1W%"
"andree.rettie@edu.tbz.ch"|"o6SDHj-GD2sxu-gDGnnv"
"ines.kenwrick@edu.tbz.ch"|"ArROrj-DY37s0-aD0Dgm"
"marie-helene.yarnall@edu.tbz.ch"|"%plldR-MO0w5B-YuGfvS"
"po.martin@edu.tbz.ch"|"73vsSw-gVkmLX-GoOhbx"
"ruo.celiz@edu.tbz.ch"|"UCZ6Su-ZKYTSH-mlrMTC"
"po.bissett@edu.tbz.ch"|"vjwVQu-rn89cH-$EmarA"
"du.swindon@edu.tbz.ch"|"smr##Y-wOY7II-MRwQvZ"
"interessant.gouldthorp@edu.tbz.ch"|"V5T3b8-p&EaN8-ddfCz2"
"leandre.lilburn@edu.tbz.ch"|"8ktxpu-yF5zvQ-NiM#NW"
"bjoern.whales@edu.tbz.ch"|"EIeh4%-jtNUzh-JH2cCT"
"interessant.dieton@edu.tbz.ch"|"RIjX7R-Xjo&RS-O5MMMA"
"celestine.redhills@edu.tbz.ch"|"Noqe#X-%vzyWa-xt#nJK"
"tan.yakovlev@edu.tbz.ch"|"h&VYyt-EWCzPJ-AgKrpO"
"regine.mcdowell@edu.tbz.ch"|"1oI1Oh-&7EgGr-1W4lKt"
"ju.coysh@edu.tbz.ch"|"&ysHDr-IikVBt-jhPe@7"
"reserves.ofallon@edu.tbz.ch"|"1Xs1yl-TiM1gb-oEDac%"
"frederique.sobey@edu.tbz.ch"|"fqOgg4-V71uZc-u$pLdE"
"marie-eve.garstang@edu.tbz.ch"|"WzqGU7-$QM2bD-UiykQ%"
"andre.tapin@edu.tbz.ch"|"%2EZy#-SVE$Yj-Xixcv&"
"esbjoern.eynon@edu.tbz.ch"|"uNMUmr-@U2%pe-jJoOpY"
"maella.duffy@edu.tbz.ch"|"Fs#6Zy-eCaNLs-KFBe71"
"leandre.twinning@edu.tbz.ch"|"Uem%Sj-m3kRV7-lYtoUS"
"mai.whittingham@edu.tbz.ch"|"3YXVzn-Zoxb2#-1UCAO%"
"rachele.shevelin@edu.tbz.ch"|"xD&eRE-$lumIT-$et7DX"
"cecile.mcure@edu.tbz.ch"|"6JxxxO-ns9Hzu-5WoCd7"
"marie-eve.yurkevich@edu.tbz.ch"|"diZdl$-w6pLLM-bSSh43"
"almerinda.paice@edu.tbz.ch"|"3EzssI-B$z3M0-00$z@R"
"rao.howkins@edu.tbz.ch"|"QpqD7e-0mYJ@d-zfQUcY"
"serena.pack@edu.tbz.ch"|"SOoIoE-h%V&FN-wjzw1l"
"rebecca.mant@edu.tbz.ch"|"4P90ub-TuDnLH-rmD7ZR"
"reserves.spitell@edu.tbz.ch"|"CVod$p-sqI3LH-3YCp3K"
"garcon.hamfleet@edu.tbz.ch"|"%jLsDt-mS0GTy-ZvxaX$"
"methode.kerkham@edu.tbz.ch"|"i34GD&-IiRGMW-0#KRqO"
"pelagie.camies@edu.tbz.ch"|"#KKaAH-utj%do-Y3UFE5"
"josephine.macpharlain@edu.tbz.ch"|"fSaNPB-vgeLFx-lBV8aE"
"eugenie.mathet@edu.tbz.ch"|"ZvBwyZ-dg$9c0-sr9Q%r"
"gaetane.brangan@edu.tbz.ch"|"80ZEGw-AFh6uC-lAkm&m"
"michele.dewbury@edu.tbz.ch"|"ec#L0s-NpCF4&-0Gmv#J"
"eugenie.elcott@edu.tbz.ch"|"rMUoJo-nsU4hz-Gh&YPj"
"megane.harniman@edu.tbz.ch"|"#Yr9uH-6KvvXE-ni7gtW"
"agnes.cluney@edu.tbz.ch"|"7o%DN8-KLfG&z-JDk9If"
"marie-helene.angear@edu.tbz.ch"|"&uZBLm-aLUKDw-OgOolo"
"melia.dolphin@edu.tbz.ch"|"Hc@NPg-qgVSAs-1niD6k"
"lois.ruseworth@edu.tbz.ch"|"cc$pI%-8BFRXl-7Dp6M7"
"mailys.ryding@edu.tbz.ch"|"%yNB%a-Q9nCdZ-rBJcHZ"
"rachele.wulfinger@edu.tbz.ch"|"yzkEGc-tGa3Hi-B42$br"
"gwenaelle.talton@edu.tbz.ch"|"IogH#G-TR1oxr-Y2JUVJ"
"long.ronchetti@edu.tbz.ch"|"fPlZF4-8zaQxa-li1l5W"
"styrbjoern.kloska@edu.tbz.ch"|"8%g0AT-z@8scj-9NJVmK"
"len.sudran@edu.tbz.ch"|"m&JJQi-6bH51U-HmSfUW"
"maelle.andrysek@edu.tbz.ch"|"eAm2ZG-ThFcgU-jCL4B0"
"selene.senior@edu.tbz.ch"|"Difime-B&XcBK-#LGApf"
"anais.joskovitch@edu.tbz.ch"|"PqfJWZ-bnMhNC-WvmU#u"
"marie-noel.dally@edu.tbz.ch"|"c3tWUi-XEm2kg-RBiipR"
"marie-helene.laurence@edu.tbz.ch"|"la%ZYX-9Uhqfq-QJJ5pp"
"camelia.foxon@edu.tbz.ch"|"JmqShJ-YRwtC0-3g0n2j"
"helene.cankett@edu.tbz.ch"|"9NzdnD-yz@CNK-ma@KbP"
"marten.mitchelson@edu.tbz.ch"|"xGsJxn-aOV9$J-0gGIGb"
"helena.stirtle@edu.tbz.ch"|"U5Ctbi-0wo@WO-P03TnN"
"leane.barmby@edu.tbz.ch"|"yR@wPV-4zFUF2-gOe0jj"
"goeran.ofinan@edu.tbz.ch"|"AyB4RT-Da7MQq-f1pbQk"
"styrbjoern.proby@edu.tbz.ch"|"dHKnu4-Hu4sQ9-23xk2l"
"zoe.halse@edu.tbz.ch"|"38DkVk-ze%Y3t-$lTKCB"
"kui.drable@edu.tbz.ch"|"dHgpJb-YxL2m9-$d#$PE"
"desiree.bamford@edu.tbz.ch"|"8TMTCP-pL&vlJ-WNUwsS"
"zoe.suller@edu.tbz.ch"|"k1WZGP-$dUu6x-Ny&Z7v"
"marylene.audiss@edu.tbz.ch"|"r5me4B-tEsHMo-eoORQV"
"adelaide.poznanski@edu.tbz.ch"|"5&pC#F-QkQtUX-Wa$A&g"
"maella.coleyshaw@edu.tbz.ch"|"6nB#CS-cm1SQM-r5vDKr"
"marie-francoise.gelder@edu.tbz.ch"|"U&7ThN-61wb4u-uMq&MG"
"eleonore.chaffyn@edu.tbz.ch"|"w8$kkk-7RJR21-qdqrGP"
"celestine.sikorsky@edu.tbz.ch"|"Uev7xp-%iR4F&-h8%Amc"
"stevina.londsdale@edu.tbz.ch"|"tVvBG4-Ci$bqM-30oaW0"
"maiwenn.nevitt@edu.tbz.ch"|"p$AdjX-Fs3IbH-QVOkh%"
"magdalene.gerrey@edu.tbz.ch"|"n5z#ZQ-9Z1mSq-skU2%8"
"becassine.latimer@edu.tbz.ch"|"AN#%um-Ps4EVh-RLTbLg"
"da.lethibridge@edu.tbz.ch"|"sWmx2f-aMFQu2-0BZg0g"
"mailys.claige@edu.tbz.ch"|"zwzvjY-gO0rrE-zGxIAK"
"maena.torbard@edu.tbz.ch"|"XlyFGm-6ESXee-vNru#$"
"solene.lyvon@edu.tbz.ch"|"QbgBJv-#UM5Q9-QYQmU$"
"marie-therese.benbrick@edu.tbz.ch"|"vS5r6p-8rsRNI-UOuBLr"
"gerald.edmonson@edu.tbz.ch"|"MHcL1J-Rp69g0-Fu$wKP"
"ake.messruther@edu.tbz.ch"|"RPepTE-&L$4Kx-A%plHI"
"men.gosneye@edu.tbz.ch"|"pkQdxe-N1Z1Lv-LhCBMJ"
"anais.jefferys@edu.tbz.ch"|"bzCz4C-aZYgqI-r1MMa3"
"publicite.tregale@edu.tbz.ch"|"T7c9w3-LlcJf4-GiqAUI"
"maily.santorini@edu.tbz.ch"|"k#6FdS-Sot3CF-ovxG%1"
"ines.pioch@edu.tbz.ch"|"G@hQ@6-BgQDNQ-nw0HBy"
"noemie.marklew@edu.tbz.ch"|"qYW#ny-VYUpGw-Zjodx7"
"meghane.maccaffrey@edu.tbz.ch"|"QBXYuv-jVJG&e-WOZJIt"
"berangere.ambrogio@edu.tbz.ch"|"mO@nl&-BwCfHh-8TMOEm"
"mediamass.ryce@edu.tbz.ch"|"w9ZvFK-AzpVXQ-m7IMu9"
"oesten.ubank@edu.tbz.ch"|"&aFW$6-KyAqgK-3kOdEi"
"melina.mackee@edu.tbz.ch"|"p3$KVE-DBYJKY-9oLAC3"
"theresa.livezey@edu.tbz.ch"|"3rHNfc-4Gvwi3-$O@Qh3"
"clemence.weal@edu.tbz.ch"|"gxIHI8-fWa4$3-jg2Ook"
"faites.overton@edu.tbz.ch"|"Rpfh$Q-GHtyup-WOP6Mp"
"clea.lindblad@edu.tbz.ch"|"4sTin@-39aNNB-I2GIZ#"
"josephine.roseaman@edu.tbz.ch"|"w&Fb7Q-o6bJ2n-Qah45b"
"oesten.lowbridge@edu.tbz.ch"|"GQT0Bp-ApB9KV-XqGvFu"
"marie-josee.brion@edu.tbz.ch"|"WeiSq8-Nqp3$L-I$T8mS"
"therese.basili@edu.tbz.ch"|"qPe$Xq-tY#5Vt-yKOmGD"
"melia.vertigan@edu.tbz.ch"|"pfMyTW-40kXdm-g5TOeE"
"judicael.saull@edu.tbz.ch"|"XXywr5-fhcmT3-M4LxUL"
"selene.valentine@edu.tbz.ch"|"VkjyIq-n2VNuE-Z@e7IL"
"verane.dunlap@edu.tbz.ch"|"ud0jOD-ir1kUQ-10GZdF"
"meline.kinnear@edu.tbz.ch"|"ujik0B-#dFn6e-stygud"
"lei.luttgert@edu.tbz.ch"|"js19$d-26pHgp-UVwTD$"
"styrbjoern.lathleiffure@edu.tbz.ch"|"4EYZTu-cxy3QX-dF#Y1$"
"marlene.blasi@edu.tbz.ch"|"jfjbfI-2pWn3#-hBy381"
"mai.begwell@edu.tbz.ch"|"ZiseAY-ydQdiy-#BWAiN"
"gwenaelle.kaines@edu.tbz.ch"|"xwgzIc-gBIoJr-45#Gxd"
"gerald.adamthwaite@edu.tbz.ch"|"62b5Ga-kn#o@K-@fz3#O"
"kui.hartfield@edu.tbz.ch"|"JTAQA4-UECGig-XSAUJm"
"salome.currao@edu.tbz.ch"|"4plPsv-183DAQ-RSz#tz"
"angelique.tixier@edu.tbz.ch"|"50Fb2y-nEzn7&-Pw0zsT"
"ju.mcgragh@edu.tbz.ch"|"X8w$uy-vjBxnj-yQhl#5"
"dafnee.beachem@edu.tbz.ch"|"X#NZNw-yormQ&-PiMe%&"
"creez.terlinden@edu.tbz.ch"|"oFO0xx-taL%ZQ-lLvPbA"
"uo.mcskeagan@edu.tbz.ch"|"3BZTqp-cVSx0p-2PjVAd"
"edmee.mccaughren@edu.tbz.ch"|"pTua8v-vWZlrI-Od5$C%"
"asloeg.cozby@edu.tbz.ch"|"UNPohY-xE0M3W-X24f3Y"
"melodie.traite@edu.tbz.ch"|"baQKIy-Mh%%OT-#VttJ$"
"dorothee.aindriu@edu.tbz.ch"|"T#RH8D-nFNACd-OrrxMK"
"daniele.doley@edu.tbz.ch"|"g8r$3H-Ef3kzD-ya5CXj"
"mediamass.fairclough@edu.tbz.ch"|"j892Bg-5I01PI-z7ixpB"
"lorene.rainforth@edu.tbz.ch"|"80MKvH-oWYyZe-tvzlq9"
"leonore.eyer@edu.tbz.ch"|"zfxJh8-xyTN5h-YCYyjD"
"po.spillman@edu.tbz.ch"|"QpUH8b-0vZLST-dzPFv5"
"cecilia.plitz@edu.tbz.ch"|"P#6EvY-mjob#e-ye&Nf6"
"lorene.ludlow@edu.tbz.ch"|"33%bPe-nG0llC-C8jBBA"
"berangere.neligan@edu.tbz.ch"|"5cKabp-pR2Gro-MchKEE"
"simplifies.huggan@edu.tbz.ch"|"V5XOf@-qG5uNy-uC@xfm"
"clelia.prandy@edu.tbz.ch"|"eEa7Mh-4pd3pb-Ub1f#P"
"ake.osban@edu.tbz.ch"|"3yb6wj-aiwZwi-5&d92a"
"cunegonde.brunn@edu.tbz.ch"|"0XXaBR-nG2zVI-S06vW5"
"long.grizard@edu.tbz.ch"|"mngiIs-U&M4pe-F8RJsH"
"meghane.diss@edu.tbz.ch"|"Rta6oD-pUYqtB-%7TIvK"
"therese.oldman@edu.tbz.ch"|"FiajAX-v4FThm-bdYuzE"
"boerje.scamerdine@edu.tbz.ch"|"qZ%GY5-l1$23@-%cd&hc"
"du.saban@edu.tbz.ch"|"wClIha-s5dC1P-uxXbW%"
"hakan.clynmans@edu.tbz.ch"|"ncxyAX-3lWprL-ZGARpq"
"wa.macdowal@edu.tbz.ch"|"UzoV2F-uzdZvH-Zw#yG0"
"venus.hatrey@edu.tbz.ch"|"8A@F8h-&O@@Cy-@L&a@@"
"anaelle.vispo@edu.tbz.ch"|"UoUAU5-8hl3ct-MhmtIi"
"mahelie.ollcott@edu.tbz.ch"|"voSG47-McjhjB-jWJOMk"
"mediamass.whyman@edu.tbz.ch"|"J$p&k&-%a2dcH-eqJHwJ"
"esbjoern.basson@edu.tbz.ch"|"QRBkSd-vPibbN-vF%&jV"
"andrea.morrill@edu.tbz.ch"|"f6a2aw-22yiOi-fZ2a6l"
"melys.grassi@edu.tbz.ch"|"tmKelB-Yl#Y26-UBzkzC"
"leone.poleye@edu.tbz.ch"|"UOya8#-aBLTX8-8sbL3T"
"francoise.penny@edu.tbz.ch"|"%JLtfN-b1giO$-nNa4N8"
"rebecca.edney@edu.tbz.ch"|"1TFvKE-uT%i78-OT6Hw%"
"adelaide.murtagh@edu.tbz.ch"|"p$a6vN-9Q4eom-zUFU8Y"
"stevina.winterbourne@edu.tbz.ch"|"Mfh49H-pWE4%O-Ymuc@V"
"ma.cottom@edu.tbz.ch"|"ZOBX2Z-aCPcd#-vwn$lE"
"tan.harold@edu.tbz.ch"|"nv6sgf-ndOoDl-@vV89w"
"venus.forte@edu.tbz.ch"|"8CASJN-HswFtw-eqD0iV"
"almerinda.oluney@edu.tbz.ch"|"yBG2jT-ZVBtV6-e3PjG7"
"cleopatre.brehault@edu.tbz.ch"|"sxZrd0-5uXGXN-VsjMKX"
"interessant.lapides@edu.tbz.ch"|"#N8qOz-Kq9m%E-a71BBw"
"reserves.hallatt@edu.tbz.ch"|"KQ63$%-L4Khfm-n1zWqg"
"annotes.birdwhistle@edu.tbz.ch"|"245f%m-ZW&0Y%-e36tzQ"
"ai.dredge@edu.tbz.ch"|"J0GfgI-W3LZZ#-Pe2dsz"
"megane.mussard@edu.tbz.ch"|"#9CZGi-$ljX$Y-#xcHxf"
"esbjoern.gowrich@edu.tbz.ch"|"#f61KA-qjBYwG-leE214"
"boerje.brislawn@edu.tbz.ch"|"7bnSRQ-$2aZ%I-VUm@wW"
"becassine.wilce@edu.tbz.ch"|"%#MY3X-Vj#169-%5bnWt"
"personnalisee.oels@edu.tbz.ch"|"dg0gw5-w@NKxt-7zKYE7"
"verane.pett@edu.tbz.ch"|"BZYWqJ-wr#Npu-rrZE6U"
"marylene.glewe@edu.tbz.ch"|"q%OCe&-#q#BZa-RTZ#gO"
"lai.elson@edu.tbz.ch"|"dEx$VV-lSrhGN-gje&Yz"
"serena.difranceschi@edu.tbz.ch"|"5Zt%q8-#A&#$0-TH#1hv"
"lie.espinel@edu.tbz.ch"|"agOjks-2coyUW-ZnX@ui"
"marylene.fantini@edu.tbz.ch"|"Y9mrQr-a5vYSH-@&tbIy"
"andre.archdeckne@edu.tbz.ch"|"f$Op#d-RvYzy3-D#ZzRq"
"goeran.bohlingolsen@edu.tbz.ch"|"f6uc5T-ULKDi%-d9DBLg"
"cunegonde.heffer@edu.tbz.ch"|"ews2Tm-XuVLBy-qbp0WX"
"tan.fechnie@edu.tbz.ch"|"mVT6l$-zZk6BX-HoOmm#"
"marie-noel.brammar@edu.tbz.ch"|"syryv@-As%V5j-3arTo2"
"simplifies.aven@edu.tbz.ch"|"1R9@Ht-at@do0-$$lN%B"
"melys.pinchen@edu.tbz.ch"|"%fu85@-8jqK$N-ahKE8h"
"edmee.joyner@edu.tbz.ch"|"e4nMEw-CxwaFh-WKi#7F"
"berengere.edess@edu.tbz.ch"|"TjAb7B-KKflVQ-wKsg$t"
"marie-noel.goward@edu.tbz.ch"|"IblVNW-tLBYwT-i6nu%&"
"ju.edmons@edu.tbz.ch"|"Uo32J9-mEPHHP-2HvkFa"
"frederique.airds@edu.tbz.ch"|"3%CRiz-KtEkFW-KXDcIk"
"reserves.dauby@edu.tbz.ch"|"kU7@za-wxM@2d-7dLrKV"
"hakan.gynni@edu.tbz.ch"|"3C&xEg-T6#BwN-iIcfUr"
"leonore.pinwill@edu.tbz.ch"|"rACIDX-hTAcaT-GyGri2"
"marie-eve.mcallan@edu.tbz.ch"|"I3d$jx-M%P%ZS-c$fL%A"
"naelle.yeabsley@edu.tbz.ch"|"3KTtGg-SvlUaT-8NeT5m"
"nelie.jacobovitz@edu.tbz.ch"|"K7ThWM-HV&y1M-alc3FA"
"adele.conelly@edu.tbz.ch"|"xC@lha-kz8JDv-Q%oFrF"
"clementine.dondon@edu.tbz.ch"|"a0#O3E-aE9JmU-TUWESg"
"zhi.willcot@edu.tbz.ch"|"nVSymK-9ZZOD@-AhejTY"
"chloe.janicki@edu.tbz.ch"|"h6Y9X9-YbTOZp-uMNNPr"
"meng.linde@edu.tbz.ch"|"dQK36R-lw9FdW-qi@pR3"
"celine.janisson@edu.tbz.ch"|"o339D7-CtjoEI-B&AlT7"
"clelia.crow@edu.tbz.ch"|"G@@Gps-y02YYO-adAx#4"
"cecile.pyott@edu.tbz.ch"|"CVQCu$-H&B%fZ-csuLQ&"
"ma.fidelus@edu.tbz.ch"|"QbsYaA-zsxnOx-i9J4sG"
"marie-helene.poore@edu.tbz.ch"|"@&vRls-wih81T-K4YY@V"
"elies.blanket@edu.tbz.ch"|"iIwuS9-AJYijG-445%3o"
"yu.boyer@edu.tbz.ch"|"%yRV1@-2rGaTS-R7WM#G"
"celia.welds@edu.tbz.ch"|"tnJ1cd-S1ctJQ-yz4sH5"
"du.gunney@edu.tbz.ch"|"Y#7uGl-OP2AiA-boMMl8"
"goerel.crush@edu.tbz.ch"|"snuoV7-zW5oFb-XeCh4#"
"marie-josee.brosius@edu.tbz.ch"|"MhQE@T-OXe1sC-YNaP9R"
"camelia.adds@edu.tbz.ch"|"1FJLJF-wrStyu-WAXXhe"
"anae.irwin@edu.tbz.ch"|"zlXHHe-4nXSaz-D4OLA3"
"cleopatre.skeffington@edu.tbz.ch"|"ofFDXr-z79&au-7iVL@T"
"gerald.suggate@edu.tbz.ch"|"DF#CII-CJToJC-0w%zhF"
"laurene.tailour@edu.tbz.ch"|"Ye4Z0J-0S1MUm-TmUUWs"
"amelie.hoble@edu.tbz.ch"|"$MFwkB-4YbT9z-eG#k#D"
"venus.getch@edu.tbz.ch"|"INF9ub-wJN35W-Pw0fWg"
"renee.treby@edu.tbz.ch"|"uT0o@q-Rfscvp-zpJMlF"
"almerinda.stait@edu.tbz.ch"|"wFSyou-Bw&$Xz-jkGaf$"
"andree.reddecliffe@edu.tbz.ch"|"AS6gka-EDqArH-LPPs#b"
"leone.wintle@edu.tbz.ch"|"F#NCUs-EwkIAQ-nz7uu3"
"gerald.fellow@edu.tbz.ch"|"Il2bSE-19x2&T-HTV&Mo"
"ju.gudger@edu.tbz.ch"|"0N%QoR-QidJNq-z3I0#u"
"meng.ohaire@edu.tbz.ch"|"Z0oyCc-T8VLSF-tODIen"
"cleopatre.missington@edu.tbz.ch"|"XKhSRv-hEMa9Z-8z7g5t"
"annotes.debruyn@edu.tbz.ch"|"zoE#KN-mSDEwz-18R3r4"
"gerald.sinisbury@edu.tbz.ch"|"SOit#e-XjgJDJ-c3xY&K"
"creez.slora@edu.tbz.ch"|"yx42hN-LtVvXm-jt34nn"
"gisele.benbow@edu.tbz.ch"|"@Bs4rf-RZ8uTY-QMipbG"
"pal.dossit@edu.tbz.ch"|"QxDTQt-MVgjP#-vjqdia"
"nelie.stirrip@edu.tbz.ch"|"qw%STt-SMn4@7-bIH5ns"
"alois.ocrigane@edu.tbz.ch"|"dD$XGg-LeVk0K-N8y63S"
"kui.mcterry@edu.tbz.ch"|"cSZVF7-25$9Y0-w&mZqG"
"long.willgoss@edu.tbz.ch"|"Lt#&5A-3YZIkX-@n2By4"
"francoise.sumpner@edu.tbz.ch"|"m04U54-CmE0n$-5c8Cyi"
"maely.grinstead@edu.tbz.ch"|"PzEihu-gLvxRU-FcGcAD"
"creez.langeren@edu.tbz.ch"|"PR$0hL-gOjjDF-nNj%9a"
"adele.dungate@edu.tbz.ch"|"aHomE1-kNXXnG-Jp&H%O"
"cleopatre.noirel@edu.tbz.ch"|"znaJkc-1cqoRt-%3CkWY"
"interessant.daverin@edu.tbz.ch"|"Hlm0Ql-jZTJBl-SKJk91"
"naeva.kalderon@edu.tbz.ch"|"O0m2EE-C4EAdj-FsJG@R"
"anais.oshesnan@edu.tbz.ch"|"69wlzT-RS&#M4-50pVTt"
"judicael.anelay@edu.tbz.ch"|"PUCo2A-rXt0Dy-yc3Ixe"
"eloise.braxton@edu.tbz.ch"|"Ukza04-bTU2Yx-8bUt7L"
"desiree.greguol@edu.tbz.ch"|"zele1X-U6CF7K-72a5Fz"
"maite.mcclenaghan@edu.tbz.ch"|"aHg7x6-8cp$05-jNq7PZ"
"meng.doret@edu.tbz.ch"|"wcYNJv-tJFYmm-jcvby$"
"frederique.chippendale@edu.tbz.ch"|"niZDpy-D5zN5N-G4oSS%"
"andreanne.lanney@edu.tbz.ch"|"W0%%I$-jr8wiZ-9rVT8E"
"aurelie.claus@edu.tbz.ch"|"1ouH7I-Ty1Qgg-@2HyG6"
"renee.pabel@edu.tbz.ch"|"G1x&CI-$y0g5b-tbpetk"
"maena.roust@edu.tbz.ch"|"ZvsOXu-QhIcum-R1i2NY"
"nadege.carwithim@edu.tbz.ch"|"$x8rUq-6F1lqZ-svW1%N"
"solene.geyton@edu.tbz.ch"|"foMSyz-#W7RbY-LyEiky"
"dafnee.avraham@edu.tbz.ch"|"lv@ssB-&BpYPJ-nq$$Dh"
"leane.woolvin@edu.tbz.ch"|"3yLOnP-GdWvFA-WL6%v7"
"adele.macadie@edu.tbz.ch"|"gmTL08-S0&Wqj-w2w7ID"
"meline.rubica@edu.tbz.ch"|"5rLiIC-@zj7L$-7M0Upo"
"marie-noel.speeding@edu.tbz.ch"|"FuLTw4-TVdfBf-2IM2z#"
"nelie.mix@edu.tbz.ch"|"ogKwUQ-s1BVVs-E$Mp8o"
"clea.ollett@edu.tbz.ch"|"6&f69#-og6m2J-68I2nO"
"leandre.mcgavin@edu.tbz.ch"|"rpfXDk-Lg&S%N-sEh7aK"
"cecile.behne@edu.tbz.ch"|"fJwsmy-ZjboJn-uYL40S"
"melanie.polle@edu.tbz.ch"|"F1XtD1-uFlv3K-d7uMGu"
"marie-josee.titmuss@edu.tbz.ch"|"b1ULg7-stxmR8-#15deS"
"helena.guest@edu.tbz.ch"|"nnRgf$-yjX$Jl-HgjDNS"
"annotes.chicchetto@edu.tbz.ch"|"MjKW4S-Kl0gpB-vgT6aY"
"melia.tubb@edu.tbz.ch"|"olbgJe-NEg&gr-UoCwKb"
"angelique.casetti@edu.tbz.ch"|"C8TWC2-@y2aJf-Q@DFOG"
"cunegonde.cleall@edu.tbz.ch"|"Oo4Lwk-jBaRM#-QxDT4g"
"camelia.oaker@edu.tbz.ch"|"2luDpY-DZNtWJ-R@19Vr"
"you.searight@edu.tbz.ch"|"%8zyYd-2rcHMS-3ceENb"
"kevina.dederick@edu.tbz.ch"|"UTEuk@-xGLtU3-xpxMn5"
"milena.jeffrey@edu.tbz.ch"|"CAuCLb-t#50t4-6gCFZi"
"melodie.barkshire@edu.tbz.ch"|"vKghCW-d1@rg9-V2inf2"
"gaelle.kreutzer@edu.tbz.ch"|"ovw9dO-60J%hG-E1Rkdt"
"kalliste.kleinpeltz@edu.tbz.ch"|"I#7Bjh-MLXt4f-4%8rT1"
"clementine.danat@edu.tbz.ch"|"cENKoq-vb%4&i-Es4ARU"
"andrea.wabb@edu.tbz.ch"|"CquH@C-8swCc3-HVPA35"
"geraldine.piesold@edu.tbz.ch"|"EDuWKC-hxx$IQ-Cz3uh2"
"tan.fiveash@edu.tbz.ch"|"5A%whz-LT4QQO-MFplGh"
"meline.yuranovev@edu.tbz.ch"|"@XdIBn-Ut4kJp-3vY0lP"
"therese.holme@edu.tbz.ch"|"XnLDBH-9zM$qC-Hbocfe"
"salome.vaney@edu.tbz.ch"|"q3qs5R-gF#Jxq-RYj@UZ"
"anae.abramson@edu.tbz.ch"|"4vfNFb-cZFo5k-1yqP&G"
"kalliste.jimson@edu.tbz.ch"|"9&OfG&-CISkG8-TrdvVn"
"selene.yole@edu.tbz.ch"|"p0H$E#-YQkTFC-0y1H7p"
"agnes.defraine@edu.tbz.ch"|"TVHbEk-YwU&e$-Yq0&8o"
"faites.mccluin@edu.tbz.ch"|"OXiIOM-ChWu4c-lnO#SU"
"athena.deme@edu.tbz.ch"|"UP$QKf-Gsx$u6-OX@A6r"
"daphnee.brigstock@edu.tbz.ch"|"0fiH2C-QhAxpM-D33Rdb"
"goesta.skaif@edu.tbz.ch"|"p$p9s#-RnLvff-%wkdfy"
"oceane.jagoe@edu.tbz.ch"|"6XKWxY-MHPnqH-cbGFFD"
"annotes.broomhall@edu.tbz.ch"|"hCVJT$-Gx$NWQ-uk1ZJS"
"marie-eve.ballendine@edu.tbz.ch"|"cQFzvy-hFGlYE-9@yX42"
"melina.spykings@edu.tbz.ch"|"$rWsqB-QFAJTY-GlzVw6"
"laurene.ticehurst@edu.tbz.ch"|"qom5lh-R4&F&&-16o%o1"
"fei.avramovic@edu.tbz.ch"|"o0eF9d-4Fxvsa-WmE5SF"
"publicite.strathearn@edu.tbz.ch"|"3oj3mm-gMb8pI-T$t#4C"
"torbjoern.garrow@edu.tbz.ch"|"tLcN#B-GMx2S@-&bAwI%"
"chloe.rubinsztein@edu.tbz.ch"|"LaI9en-v&q5wS-BxBq5M"
"mylene.demanche@edu.tbz.ch"|"TKvQT%-IKVbXi-ntjsK&"
"mediamass.godlonton@edu.tbz.ch"|"@wuIP5-vwPUiD-Vd1f7&"
"renee.shurrocks@edu.tbz.ch"|"%d2o#P-lp@Lu2-UhJbEt"
"maiwenn.jedras@edu.tbz.ch"|"xD1NUD-BcwywS-#JHvbC"
"genevieve.castells@edu.tbz.ch"|"BFmx7U-YXvezl-PwCsG$"
"renee.sneden@edu.tbz.ch"|"jEjYfz-oq2wz@-gVUuNX"
"lai.mccallion@edu.tbz.ch"|"R2w0Y#-K0AEM6-oXEFmf"
"kevina.impleton@edu.tbz.ch"|"raC9nY-HZ9pcT-nlUHQI"
"oesten.fresson@edu.tbz.ch"|"9t9Xx%-Lb@J1L-P$jngR"
"verane.shawley@edu.tbz.ch"|"z$fpWb-&eudEV-LZBIW3"
"uo.sjostrom@edu.tbz.ch"|"EfJDhZ-%Ta8PL-&GqvDh"
"gisele.gothup@edu.tbz.ch"|"96CgD1-$O@rT1-HcPdY8"
"renee.beauman@edu.tbz.ch"|"U13h6#-dcvyD@-LDSYlK"
"elies.loton@edu.tbz.ch"|"GObnFv-OfKZTA-fH0OKE"
"valerie.elsmore@edu.tbz.ch"|"FTNMfM-WvIVIO-4jkoNq"
"berangere.delafeld@edu.tbz.ch"|"3tenEm-Pb9gb&-RVPMwD"
"bjoern.schimke@edu.tbz.ch"|"60Rn6J-B1TuJJ-yOu0#q"
"loic.ericssen@edu.tbz.ch"|"zUQ%Ex-2#FuE%-At3kqN"
"creez.richarz@edu.tbz.ch"|"%6TnTt-i81e0c-1wsbHE"
"athena.grocott@edu.tbz.ch"|"psU8VM-YwFvxO-EbEejc"
"naelle.piotr@edu.tbz.ch"|"&XG9nj-uEH16K-v#$##X"
"maella.paulson@edu.tbz.ch"|"W#srMD-#wZmws-h#6R0N"
"song.perot@edu.tbz.ch"|"ungpHF-xiBYHc-#fSVi6"
"kalliste.heckney@edu.tbz.ch"|"%d@72D-Yf6&4I-dWRqkN"
"ake.vasyutkin@edu.tbz.ch"|"ZXFed2-KY@EOB-$P#tCX"
"ma.castles@edu.tbz.ch"|"E90MGv-ZQbrG$-7gTV$$"
"maely.monget@edu.tbz.ch"|"#y&1ry-OPo5yv-Vrjx4y"
"tang.durbridge@edu.tbz.ch"|"gLW35j-3NY9%a-BJ0qP3"
"laurene.andrew@edu.tbz.ch"|"t&upbu-4tZlik-&5DVVI"
"lysea.beacon@edu.tbz.ch"|"trdv9r-LAV@ya-0O7znQ"
"leandre.peyntue@edu.tbz.ch"|"mbAp5Y-$MxE@K-3Pk5FV"
"rao.trever@edu.tbz.ch"|"$g5TBi-tJDcsP-tjl0qz"
"mahelie.streader@edu.tbz.ch"|"ggNG3K-mhOtkQ-OC5vV7"
"maerta.andrejevic@edu.tbz.ch"|"yyPwaG-BpNsWd-iA3f3%"
"goesta.tompkins@edu.tbz.ch"|"CJtB%7-7EPeCu-QNJ8&d"
"helena.agates@edu.tbz.ch"|"YYvBIQ-TCyB7A-pxrlMj"
"therese.glass@edu.tbz.ch"|"egi@Wt-2Jc6Ij-0MZXAb"
"alois.foan@edu.tbz.ch"|"OiIf5p-FSmfY$-uI7vCT"
"becassine.melchior@edu.tbz.ch"|"xfAgS9-7pfoET-SVNV5B"
"cloe.robart@edu.tbz.ch"|"GphWYb-kmwBIu-#l8teG"
"daniele.puckinghorne@edu.tbz.ch"|"Zs1ssD-0W#0zq-ZzViOo"
"selene.cammidge@edu.tbz.ch"|"$apy35-bfRXcO-ztZOTJ"
"regine.conochie@edu.tbz.ch"|"5yTXs6-P3oKBF-p1vAP5"
"interessant.tuiller@edu.tbz.ch"|"i7UOp$-Vqx1%A-@UUDpg"
"long.tiebe@edu.tbz.ch"|"3zgC8#-D9X@x#-VXn&s1"
"mans.yele@edu.tbz.ch"|"qy@T4G-Lopo6I-fPkC&$"
"ai.giles@edu.tbz.ch"|"MuJvf0-yeZ7%Z-LP0JIe"
"gaetane.hamberston@edu.tbz.ch"|"R#wcEl-b&4KyX-RjeFi%"
"marylene.fenix@edu.tbz.ch"|"Ai24Xn-$x%K7m-aAKbJc"
"geraldine.graeme@edu.tbz.ch"|"4jRnU$-FQnsve-Rzp3c6"
"tang.kinglake@edu.tbz.ch"|"$487nr-hS$j%L-#vNefG"
"lai.challoner@edu.tbz.ch"|"hcRoFi-eSh7lv-0&TtZI"
"desiree.mattei@edu.tbz.ch"|"6leW3$-2gYo9I-Z1NevU"
"ake.erley@edu.tbz.ch"|"v6cpdn-VIaRuo-SOcFAo"
"edmee.cavil@edu.tbz.ch"|"NXp#&X-sX9m9K-kiWtTM"
"alois.moyes@edu.tbz.ch"|"21@UFh-KtgHOD-NpD$Uu"
"becassine.pitman@edu.tbz.ch"|"TT#L4y-ymh1Bi-$5nLPD"
"ai.giacovelli@edu.tbz.ch"|"gxEquC-ZgusVW-MjpKEL"
"judicael.fruchter@edu.tbz.ch"|"DqbUHn-B0Mor$-32Xkhu"
"mans.mogg@edu.tbz.ch"|"f3KCBs-JQa#0l-ync7Tf"
"gerald.foyle@edu.tbz.ch"|"Ygl0CF-Fh0ed4-qSyjxC"
"wa.androletti@edu.tbz.ch"|"fPN&5G-a45oBo-lbOUBu"
"meng.ollett@edu.tbz.ch"|"1iOqYI-cGLrsc-zDyJRt"
"naelle.macmenamy@edu.tbz.ch"|"WhnbCz-8CvGNb-#$2UI5"
"gisele.mcramsey@edu.tbz.ch"|"v@HaRb-%@C%5T-B5QGEc"
"meryl.scolts@edu.tbz.ch"|"eylZhN-X1ANWx-hLwHWr"
"celia.bloxsome@edu.tbz.ch"|"oR$M@y-bbU0bZ-X%kTnd"
"styrbjoern.stuke@edu.tbz.ch"|"uTm8VK-@mf%gE-#CgTGB"
"felicie.gwilliam@edu.tbz.ch"|"IiWcCN-PM4nbG-UA#WsS"
"da.harms@edu.tbz.ch"|"FyfwOc-6bWDyP-%T1o4h"
"celestine.baulk@edu.tbz.ch"|"i7OFot-rz8R@G-$Zz#si"
"mahelie.blackledge@edu.tbz.ch"|"asHD8A-UMw77h-%#LZ4s"
"meghane.salt@edu.tbz.ch"|"FBxuc7-Lxa1CN-mnqMSo"
"methode.paxeford@edu.tbz.ch"|"3r$j04-I@vSK2-tu9hlq"
"asloeg.milligan@edu.tbz.ch"|"iQmJBi-or@zsv-znmrsP"
"you.pellman@edu.tbz.ch"|"01QwwY-$9v9tY-1GS5ZA"
"loic.regenhardt@edu.tbz.ch"|"QLbUMC-tobs9W-ka5DRg"
"daniele.savill@edu.tbz.ch"|"wtw3Rc-EIkSQ$-6mEiq5"
"alois.cornu@edu.tbz.ch"|"VIRkIp-NB77ig-@NW5Pe"
"oesten.govey@edu.tbz.ch"|"6cqGM9-QIUA$a-SlAyxU"
"marie-eve.louch@edu.tbz.ch"|"Cg%p$x-LDB$&i-VYKaMA"
"theresa.wenn@edu.tbz.ch"|"Fnn9q7-8xDmxP-oYvNt8"
"andree.eul@edu.tbz.ch"|"E&cNgM-XP#Nq3-#azwGY"
"lie.paynton@edu.tbz.ch"|"rHKRBn-ob1HTh-tlzf2q"
"marie-eve.girodier@edu.tbz.ch"|"yFiLuZ-$b3QT0-WlEceu"
"marie-noel.smithe@edu.tbz.ch"|"JqqT04-kd7DA$-szLJoF"
"men.bootyman@edu.tbz.ch"|"MKUqnv-upDI7q-S4tei3"
"ku.sugg@edu.tbz.ch"|"Q2Cer7-@9WxLK-XqAQUX"
"lucrece.roseman@edu.tbz.ch"|"FNWuJV-fm0Z2c-Xe&DBc"
"zoe.annear@edu.tbz.ch"|"AhZSZG-RdiWPS-mdMAK2"
"marie-helene.rennebach@edu.tbz.ch"|"7L%6aB-8O5m0v-ivWvEo"
"lea.djurdjevic@edu.tbz.ch"|"$&C8@x-oUQ%bA-VbL8np"
"goerel.robert@edu.tbz.ch"|"v%DC5H-4yQj2C-j5enww"
"mylene.foldes@edu.tbz.ch"|"hRiqNF-Un00Kc-LuV3QC"
"faites.clegg@edu.tbz.ch"|"yn9Om7-Q9ST0j-HDLBDL"
"marylene.crowcher@edu.tbz.ch"|"Y2VqyP-r2J6QM-wI5Fge"
"aimee.wimpeney@edu.tbz.ch"|"GSHg0b-yVzr9q-JOKYhV"
"renee.atkins@edu.tbz.ch"|"EvdPN1-wkPCy7-quPmwi"
"rejane.cainey@edu.tbz.ch"|"GAkyfx-Kybtvy-ZeU3z8"
"solene.britney@edu.tbz.ch"|"WXdQJz-S@%GrX-8TAwV&"
"marten.shatliffe@edu.tbz.ch"|"Hf3gh$-GlZV9f-9s&Und"
"maite.issatt@edu.tbz.ch"|"cdceNN-#A6Xl4-aWVq$o"
"maelyss.edon@edu.tbz.ch"|"tNReKk-t4IIkj-9bYi%S"
"nuo.bamling@edu.tbz.ch"|"MmWwOg-H&Iodo-8@v$Oo"
"anais.edards@edu.tbz.ch"|"M8HFDi-KuptWC-$FJMVi"
"mediamass.bromet@edu.tbz.ch"|"&eFyOZ-MRLb%L-CnS3Ed"
"beatrice.kimbrey@edu.tbz.ch"|"0z@nBS-iNUWYz-hkXKWg"
"ines.lawranson@edu.tbz.ch"|"@3TPAQ-ShL$ZR-WaFUO@"
"kalliste.scandroot@edu.tbz.ch"|"HahWb%-KT@RcB-cDY#ID"
"mans.barrowcliffe@edu.tbz.ch"|"flNkOO-dfA2YE-of5wX#"
"irene.couves@edu.tbz.ch"|"jVV@0m-flfKXB-PBV2Kb"
"milena.mucci@edu.tbz.ch"|"ZKdVvn-NI1wkj-ZRhCJR"
"naeva.cow@edu.tbz.ch"|"OXm6hE-oaHHwk-eVhbnE"
"audreanne.mournian@edu.tbz.ch"|"4S%FRC-M6rIdm-Su1PU2"
"melia.sinnatt@edu.tbz.ch"|"rJc#Nt-0fb87N-6sxdrT"
"nelie.burnard@edu.tbz.ch"|"Rg93B#-AWelh@-AxImON"
"clelia.ashfull@edu.tbz.ch"|"J3KTeC-qPxksi-xSoEXE"
"lie.macard@edu.tbz.ch"|"yONFKN-QMZWC@-thhz$G"
"valerie.matoshin@edu.tbz.ch"|"gENZFQ-mB4s2v-2gQ1QJ"
"anael.hatherleigh@edu.tbz.ch"|"Me6x8E-N5rLve-PUjqAg"
"interessant.warratt@edu.tbz.ch"|"34KtnO-L9c%XY-MF0Le2"
"eleonore.volage@edu.tbz.ch"|"4OL$%1-PCwblc-4yz#X4"
"zoe.stebbing@edu.tbz.ch"|"VKzzA1-IZdmum-KxFqTg"
"alizee.nye@edu.tbz.ch"|"wGL@d8-K%HYBZ-IoAMy4"
"celestine.bramley@edu.tbz.ch"|"U3xR2#-vPIhm5-zufeyS"
"selene.philcott@edu.tbz.ch"|"cCobfM-lf@%ip-3%oEsp"
"tang.newens@edu.tbz.ch"|"Q2i1lg-AMSU4L-0QZsV9"
"annotes.powys@edu.tbz.ch"|"zUFP#K-XdfjJD-hSEiwJ"
"lea.matthesius@edu.tbz.ch"|"QMpGL3-Tqf1th-Mz4x3m"
"illustree.garlett@edu.tbz.ch"|"NewvfZ-rAp1N8-6om&oY"
"maiwenn.meachem@edu.tbz.ch"|"$CCBFL-MYx3ZS-Xji3Hf"
"marie-francoise.mcbrady@edu.tbz.ch"|"4jqfO0-c%n2lB-6CRqe0"
"illustree.gimbart@edu.tbz.ch"|"3nquL4-Jz8cvc-%ZU5fk"
"melys.lyosik@edu.tbz.ch"|"BffPP7-AzXHU#-LoZZv0"
"marylene.mcnab@edu.tbz.ch"|"nwYTjw-&njBzg-73zFBS"
"gerald.blount@edu.tbz.ch"|"4ZOG9W-cmREVV-R#Rviz"
"clelia.shakelade@edu.tbz.ch"|"baUNwZ-g7Vgga-&h#kyD"
"penelope.cridlin@edu.tbz.ch"|"h$ljIG-NIxVh8-r1IjPc"
"maena.okuddyhy@edu.tbz.ch"|"jmMjBs-SLWakK-XHp%Iv"
"athena.keynd@edu.tbz.ch"|"v4tY5o-FfU5Vc-D8dZdZ"
"cloe.dwine@edu.tbz.ch"|"i&kHMl-@Y%e4d-U9UjLa"
"josephine.browett@edu.tbz.ch"|"Q3apjR-TBT2ld-JL0UIC"
"audreanne.oscanlon@edu.tbz.ch"|"vSRSVX-0KsANJ-LY8WOZ"
"fei.jeanequin@edu.tbz.ch"|"a#&Og2-@iA10e-3NVcJf"
"lois.gormally@edu.tbz.ch"|"9Dx859-9lH#$S-@Dkqmj"
"marie-francoise.finnigan@edu.tbz.ch"|"eDYoc%-MGJCBH-uLLr5a"
"leonore.trussman@edu.tbz.ch"|"XMM&2T-xrBH2h-U&c%HW"
"anaelle.trumper@edu.tbz.ch"|"3@&X6I-DchKJU-S7oQDn"
"clemence.dionis@edu.tbz.ch"|"MBI3ev-hzIOqY-tORi2D"
"lois.tranmer@edu.tbz.ch"|"kKEweg-RFYiKn-UCwZds"
"interessant.volett@edu.tbz.ch"|"CwG@z9-G8vbEL-2cNDRT"
"personnalisee.deackes@edu.tbz.ch"|"LfYhMQ-MFa135-Oq4uHy"
"lie.vasiliu@edu.tbz.ch"|"3oIN@d-SE4#Sr-FJy5v7"
"dafnee.lamputt@edu.tbz.ch"|"A0y0wr-HopYq$-uKa@BH"
"elies.bromige@edu.tbz.ch"|"5xoPFR-6AoGK$-r7CHeo"
"helena.klosser@edu.tbz.ch"|"TWSj46-KyBKcj-4&oeY#"
"andree.grim@edu.tbz.ch"|"4Ksyip-d#dmzj-BAXJeY"
"verane.coldbath@edu.tbz.ch"|"fUWMFP-xji5QC-E1lt1q"
"helena.bethell@edu.tbz.ch"|"DWh#&W-pgP1aT-X$F404"
"kalliste.carefull@edu.tbz.ch"|"oK0vdh-4d&UQR-uLKeX6"
"regine.odams@edu.tbz.ch"|"rPEl3j-ZP%760-Mu1Fbb"
"len.stannus@edu.tbz.ch"|"8HMsQG-71NeVO-yEJF1N"
"angelique.works@edu.tbz.ch"|"H$kKBs-%fB#8P-5Dgagr"
"goesta.rheaume@edu.tbz.ch"|"UsDwaE-wGE1@0-DQJ$WU"
"maelys.tynnan@edu.tbz.ch"|"EEulbq-QnWEz5-ZwPezl"
"maelle.carlesi@edu.tbz.ch"|"#MnxTZ-cT#wNt-k#vyY3"
"anael.spurden@edu.tbz.ch"|"PRh8uS-D9CeQY-zG1FJp"
"helene.pumfrett@edu.tbz.ch"|"xhCtwH-8hAdK3-@anh&w"
"goerel.pearn@edu.tbz.ch"|"ssmy5C-8WjifP-wUDHxc"
"laurelie.dezamora@edu.tbz.ch"|"lDdRAx-I9#GcF-5xBa%4"
"yao.twidale@edu.tbz.ch"|"0My113-HC4RYM-7p&6jL"
"berengere.sola@edu.tbz.ch"|"MvO&Tg-ejP8b#-XmPika"
"maelann.hardistry@edu.tbz.ch"|"ft%h&b-#cyHCQ-q#oxWQ"
"severine.littlefield@edu.tbz.ch"|"0BdV#j-s6fXWJ-RtOwh2"
"salome.heinl@edu.tbz.ch"|"REelfN-oPax8o-mzzxv$"
"meryl.warbey@edu.tbz.ch"|"z9iQ4c-TSjOYI-SEEyee"
"da.hunstone@edu.tbz.ch"|"fT6TA#-FH%5%7-@BDPf6"
"venus.broadbury@edu.tbz.ch"|"6Okn3#-sYBw3s-82XxcH"
"meghane.rentelll@edu.tbz.ch"|"OjXXdg-epepss-ICq4&L"
"marylene.drewitt@edu.tbz.ch"|"MqHnk6-8icgPu-NOGgKi"
"melinda.jacquemet@edu.tbz.ch"|"BMkhBm-C1AG%O-N6weFx"
"marie-josee.keyden@edu.tbz.ch"|"LfLszf-3ORp&#-82@zqQ"
"asloeg.montacute@edu.tbz.ch"|"aa$xF1-lh9ec1-VopNEN"
"ku.andreou@edu.tbz.ch"|"1b86ks-oVr@YS-wFJ4dE"
"personnalisee.feaveer@edu.tbz.ch"|"s&UwrS-f8&9Mp-D3aqBZ"
"laila.emptage@edu.tbz.ch"|"q@7F3L-Udq1HW-NsJou$"
"bjoern.dawdry@edu.tbz.ch"|"fYzkMo-j$6FM3-MZ3FAz"
"marie-eve.dinsell@edu.tbz.ch"|"dP@uw5-P04MJg-EmTFit"
"helene.follett@edu.tbz.ch"|"2tQo%2-$X#Zne-HtHTmt"
"penelope.cordero@edu.tbz.ch"|"CmWXey-0Df4hO-ybcd4F"
"boerje.beedell@edu.tbz.ch"|"uBKgTb-2g@XOT-rnLQYW"
"nelie.ferne@edu.tbz.ch"|"WsHAF@-ZPqh%3-QDstrw"
"celine.ahmed@edu.tbz.ch"|"xj#v2x-M5$h%f-jn%ovE"
"stevina.pimblett@edu.tbz.ch"|"T2zp1R-b4KeYt-P#GxCI"
"chloe.langlands@edu.tbz.ch"|"bUFCUs-m1ND7x-g@A8pT"
"simplifies.maude@edu.tbz.ch"|"khsylF-w6oQ&F-eqqqxT"
"genevieve.decarteret@edu.tbz.ch"|"%#x5wa-PwPeRl-Iczjs&"
"marylene.mughal@edu.tbz.ch"|"A163Bb-r4J9JJ-$0Yyk5"
"goeran.guttridge@edu.tbz.ch"|"TO1em7-J&uI2s-4V64D4"
"michele.smurfitt@edu.tbz.ch"|"yHx74J-aSeRn6-RkhH%a"
"methode.hadeke@edu.tbz.ch"|"8dQ40A-X&020L-Z53%YV"
"therese.rispine@edu.tbz.ch"|"hGIdu4-IcEfQV-QZk$lH"
"goerel.plumley@edu.tbz.ch"|"SAULQY-vWYoz7-Wg@9bG"
"oceane.friett@edu.tbz.ch"|"eKjarm-NMBwjd-1fH%Sg"
"marie-noel.achromov@edu.tbz.ch"|"wxcfmE-BqgUZ2-R7oz#N"
"dorothee.storek@edu.tbz.ch"|"UlW%1#-wYSU6g-Ne5liF"
"goesta.whittle@edu.tbz.ch"|"uq1PMe-sG$Icp-NpiQ@o"
"desiree.casely@edu.tbz.ch"|"ezTOEz-DSqBp9-oztPYv"
"felicie.condon@edu.tbz.ch"|"IUqU37-&onv3Y-Qfgoxr"
"maelyss.frisdick@edu.tbz.ch"|"Oz3soR-oWIC%j-iREO$G"
"aimee.banke@edu.tbz.ch"|"CUEVkh-y2km3w-PTF&6f"
"naeva.hodcroft@edu.tbz.ch"|"NlXx&y-K45ZxR-fCJ59D"
"laila.gerrans@edu.tbz.ch"|"3PsJaU-XZ3W78-PNp%1W"
"daniele.scrimshire@edu.tbz.ch"|"2Rwd7n-8K##Sm-YwR07&"
"daphnee.sheerin@edu.tbz.ch"|"&PNOno-RV@zhc-oWpAhC"
"pal.vanyukov@edu.tbz.ch"|"cxz9XX-S#sHVM-7po&Q2"
"zoe.childs@edu.tbz.ch"|"KW9R4g-&osqoN-L3Q53#"
"ai.corde@edu.tbz.ch"|"MIf0yN-huUX1G-zP03a#"
"maelys.berryann@edu.tbz.ch"|"NCOURu-%Gu1h1-W28nDV"
"cloe.gladding@edu.tbz.ch"|"kNt7jc-OfmK&$-HT2UvN"
"wa.kinnaird@edu.tbz.ch"|"tnHZVH-ntlCX&-FDh6oe"
"publicite.brittoner@edu.tbz.ch"|"Qbal1t-WWLxn6-b@if89"
"rao.windress@edu.tbz.ch"|"xmeRtD-S72&sh-$vs@Fl"
"uo.kollach@edu.tbz.ch"|"#hF&Q1-DsNEYo-7SXJ4h"
"josee.peskett@edu.tbz.ch"|"$$TtJf-N0A#NS-j6QRni"
"annotee.hasel@edu.tbz.ch"|"iDmeir-&LY#ja-sbPf@V"
"cinema.lee@edu.tbz.ch"|"a3LAGI-fxKF06-%cY7sT"
"lai.vedeshkin@edu.tbz.ch"|"uUfT@C-y6mlPJ-ga&j9A"
"renee.brisbane@edu.tbz.ch"|"f3Qsf9-pKtNST-Y$&HBw"
"ophelie.blincoe@edu.tbz.ch"|"LFDo5x-b2FOY@-papKqB"
"zhi.prazor@edu.tbz.ch"|"6%RZ8c-tDdc#k-E$7V%@"
"annotee.maddicks@edu.tbz.ch"|"GS$&u$-ux0fAs-PYs$V%"
"maelyss.codd@edu.tbz.ch"|"PM5m1D-Q00GDz-jVLt&9"
"celia.peplay@edu.tbz.ch"|"6l381A-zboiKO-0ApAxO"
"interessant.skone@edu.tbz.ch"|"5m$$L%-DYs2tF-90&IOE"
"audreanne.hebdon@edu.tbz.ch"|"S$h1QS-WblcDR-pRjOuu"
"oceane.glen@edu.tbz.ch"|"trkFDS-2vahc4-UCeVEB"
"daniele.vanyushkin@edu.tbz.ch"|"kVxBmc-VaP1F#-BNYdG$"
"daphnee.ayce@edu.tbz.ch"|"o12kfs-%08mSu-BHGjbq"
"andrea.attride@edu.tbz.ch"|"MAX0EY-a1IYow-SII$0s"
"penelope.bridgwood@edu.tbz.ch"|"2maVlf-5LnuuU-7KGIvf"
"mailis.drewitt@edu.tbz.ch"|"MU7KYJ-7J7&V6-wnT3QF"
"penelope.mollene@edu.tbz.ch"|"PzSzHD-%BQbRQ-5684vV"
"illustree.keely@edu.tbz.ch"|"TM1d5@-eFjujl-9ceCOy"
"meng.brisseau@edu.tbz.ch"|"#C8@dP-b1o0vz-%Zsiex"
"ruo.cleiment@edu.tbz.ch"|"c5c0wm-EeN&#b-bFEKGi"
"maite.krammer@edu.tbz.ch"|"rds3eR-W#uDoy-tpvVfU"
"genevieve.verry@edu.tbz.ch"|"uNOv#Y-VXAVa9-lHZyPF"
"lea.olochan@edu.tbz.ch"|"Rv2JZC-pWd&za-DUq8S6"
"naelle.brunnen@edu.tbz.ch"|"E9BKFB-VNwCCj-urmZAH"
"goesta.bragginton@edu.tbz.ch"|"cGBezY-XkxgDf-pOF0cl"
"fei.danilyuk@edu.tbz.ch"|"P0RQNW-bUAcdO-B8yya4"
"adelie.turbitt@edu.tbz.ch"|"emMkwx-6uuY2%-9wSmOB"
"marylene.nutman@edu.tbz.ch"|"mUL7Ti-Nsp%wL-Lx8n9j"
"therese.barbrick@edu.tbz.ch"|"7&dif4-iHOXat-8oiprk"
"melys.kolodziej@edu.tbz.ch"|"Bt47Ma-D$b3ph-hvoBso"
"melanie.runchman@edu.tbz.ch"|"sV%WqH-E2ukWm-OO00Ux"
"serena.lafond@edu.tbz.ch"|"t2zR2c-rSFzf1-NfnOpg"
"pelagie.desmond@edu.tbz.ch"|"$OamiS-KdyWmW-p#xVL0"
"wa.spickett@edu.tbz.ch"|"Maa3s1-&fSYG@-MU1hwq"
"po.shave@edu.tbz.ch"|"G1cX3N-ND2YYd-QFzdSB"
"song.huikerby@edu.tbz.ch"|"bYKw&b-aWXZE5-nOS&nh"
"melinda.bimson@edu.tbz.ch"|"HinKyL-AyAu2O-Hx0d&o"
"personnalisee.toffanelli@edu.tbz.ch"|"sQJ%BJ-2hIOHw-$Pl70a"
"leandre.hurn@edu.tbz.ch"|"YbPPPg-Bfdhtz-g9NenW"
"oesten.standell@edu.tbz.ch"|"L&QdoN-TnObWg-oMXx9p"
"naelle.smaleman@edu.tbz.ch"|"vM9UGz-%9gWDy-QGo5wG"
"berenice.tayt@edu.tbz.ch"|"vBCJv%-aL4Ii2-YrhWvI"
"kui.popplewell@edu.tbz.ch"|"z@OAKc-SsYDUg-7xYa2Q"
"melodie.ferandez@edu.tbz.ch"|"6VQZ@v-vTRVrb-NLc1lj"
"josee.negal@edu.tbz.ch"|"h&gv%w-mXUHJH-7G7uHf"
"melissandre.ferrelli@edu.tbz.ch"|"qj5cU9-h%Gw2t-%Sbef4"
"josephine.kemmer@edu.tbz.ch"|"z@im4l-3Ga1B1-Ewr9JM"
"maely.cayette@edu.tbz.ch"|"$QHe78-KgZk0R-G72%jV"
"nelie.vela@edu.tbz.ch"|"81xvaW-PFoHkH-g@R2$0"
"melina.cortes@edu.tbz.ch"|"2W0xhF-7TW6P3-4dS2JY"
"megane.leyshon@edu.tbz.ch"|"x9wdOI-belRY0-&e2quv"
"regine.harrie@edu.tbz.ch"|"R&PUwy-sQy&aK-3OYoF8"
"mylene.widdison@edu.tbz.ch"|"CgCidN-os0YKt-f2p$Ds"
"pelagie.vivash@edu.tbz.ch"|"kv&oUx-whR@87-%&5Wls"
"styrbjoern.vicarey@edu.tbz.ch"|"l1kzKq-GG3Uor-s7v5A3"
"long.kyles@edu.tbz.ch"|"P&q&%n-5@&6lP-5oXhou"
"stephanie.gipps@edu.tbz.ch"|"Wros3y-$#Slqa-JuB%IW"
"clea.constantine@edu.tbz.ch"|"d4oa4l-6UIfw3-JujAUX"
"maella.cometto@edu.tbz.ch"|"k2ZDYW-tja7OE-o7Q$en"
"laila.aubrun@edu.tbz.ch"|"Tr0z@e-NNZyBb-D&wkW5"
"yao.austins@edu.tbz.ch"|"lt9H&p-EiVhXZ-&CBDXJ"
"mailys.rylstone@edu.tbz.ch"|"md&Tv@-hsJiJn-TaPHIn"
"adelie.curuclis@edu.tbz.ch"|"nZ%0br-HMWMX2-T%dFCC"
"celine.longhurst@edu.tbz.ch"|"5e65$s-8&U8CQ-o5kt5n"
"gisele.hazell@edu.tbz.ch"|"H@HJEh-%4VjVo-tQ9xd8"
"celestine.ciccone@edu.tbz.ch"|"6uFIq5-f9$1C8-LwBjK%"
"maelyss.doole@edu.tbz.ch"|"7OPez%-$FBhOL-h6di5@"
"helene.grimsdike@edu.tbz.ch"|"Wthvcs-aDJJqg-RZU%b1"
"lie.macer@edu.tbz.ch"|"2fFtvg-gMRl4U-izF3NZ"
"maely.izard@edu.tbz.ch"|"ogq@nv-3cpr8z-YOIiUR"
"erwei.breewood@edu.tbz.ch"|"t9KS%k-3QARVK-Usg&Mj"
"chloe.woolford@edu.tbz.ch"|"TkrDRM-MJ%JRF-41dCt0"
"cleopatre.turpin@edu.tbz.ch"|"@Ep#4r-qrlYD$-vNDanf"
"melodie.surgison@edu.tbz.ch"|"pqVxxp-LK0Uqf-C7yCjo"
"elies.leander@edu.tbz.ch"|"Zh%vns-cP0ueZ-BsV9$d"
"mediamass.reignould@edu.tbz.ch"|"uEB9KI-dyEFeM-6qyzKM"
"celestine.wasmuth@edu.tbz.ch"|"5rmS@t-ODaZYv-P2eYwz"
"marten.jervis@edu.tbz.ch"|"$qkLKg-Wiv8wo-5&Ht5e"
"daphnee.bour@edu.tbz.ch"|"QavQwR-EdYJad-u%WM8$"
"regine.harlett@edu.tbz.ch"|"yO&5mI-J1#Snc-60V5Tf"
"noemie.macaskie@edu.tbz.ch"|"v&abNu-cw2r52-0dGqcx"
"loic.renfield@edu.tbz.ch"|"w3Nu3t-3wAS5D-ezkVSv"
"venus.kleinert@edu.tbz.ch"|"QBdjXL-PEaGfp-kE0IX4"
"marten.burlay@edu.tbz.ch"|"omAKU%-T0xUbV-@2ZdR2"
"berengere.radsdale@edu.tbz.ch"|"eVQghD-e0hd8E-XhggCo"
"genevieve.duckit@edu.tbz.ch"|"RPLRpw-LLp9Vb-N%0FEX"
"maely.ligerton@edu.tbz.ch"|"@Gy&fW-&t&F#6-4ZYNC#"
"maeline.ricciardelli@edu.tbz.ch"|"D%QycR-2oheAf-oOJ6t%"
"personnalisee.yggo@edu.tbz.ch"|"ser&QO-EVxNef-W@fDLe"
"alizee.pettinger@edu.tbz.ch"|"yQ@qsa-cir1xH-6@dYb1"
"desiree.curnnokk@edu.tbz.ch"|"IqUFDD-#6TPhz-dlDu7L"
"dorothee.minors@edu.tbz.ch"|"9drLKR-5METeG-4Ht%TN"
"oceanne.kopmann@edu.tbz.ch"|"WKtMhX-pi0xB2-ZuOKNi"
"almerinda.brodbin@edu.tbz.ch"|"oJE#PY-Nd3GjB-mzTPKY"
"yenora.carsberg@edu.tbz.ch"|"wf9uEo-aeal@N-L7RRA1"
"wa.beetles@edu.tbz.ch"|"CT%gWg-%dm1aW-Igt&GX"
"audreanne.abbot@edu.tbz.ch"|"u7$pvf-g3IVF#-gDKVf0"
"noemie.capper@edu.tbz.ch"|"o5@%CE-JQGwi9-Fb4iKT"
"mans.abramamov@edu.tbz.ch"|"URJ#Rr-nD95hM-NH3DbF"
"audreanne.blakey@edu.tbz.ch"|"MPd0MM-KBWdI6-K6mst2"
"leone.klimpke@edu.tbz.ch"|"u&roNV-WrFXgl-S#pEqe"
"lie.croston@edu.tbz.ch"|"w2fTcy-LAtRss-aR@RMy"
"anaelle.baistow@edu.tbz.ch"|"VT#B9k-SMXXc8-UJSZGd"
"michele.garwood@edu.tbz.ch"|"U8&#64-WiXwjV-pzD3fJ"
"interessant.albion@edu.tbz.ch"|"&JyZRs-F0TZ@L-@@eSbD"
"andre.brisco@edu.tbz.ch"|"VB0W3w-BnqLbK-9xIk#K"
"tang.totterdill@edu.tbz.ch"|"2zqnK$-kktqzu-bMYG@t"
"marie-josee.braundt@edu.tbz.ch"|"0v%CSO-5#C3m2-m5KJbt"
"lois.galer@edu.tbz.ch"|"eD6Nnd-Z7qYd&-gGePHP"
"faites.pellamonuten@edu.tbz.ch"|"VwZtbb-JALHGF-Rj1ymE"
"mai.barfford@edu.tbz.ch"|"6B$eE$-lP#qw8-NzF@At"
"laurene.macilory@edu.tbz.ch"|"MTqope-Ea3M$W-xbl$DK"
"elea.peak@edu.tbz.ch"|"SJdI8H-w%AfJA-lEpLJQ"
"rejane.doni@edu.tbz.ch"|"&pbF0N-gLiAO9-hXNzJt"
"mahelie.ector@edu.tbz.ch"|"@nGuaI-ZXjxrV-Sm0%vP"
"rachele.allum@edu.tbz.ch"|"V45jzr-Ud$$2i-Dcsr1h"
"laila.gerretsen@edu.tbz.ch"|"92$oTk-$SeNpr-pXR6Xh"
"ines.bowman@edu.tbz.ch"|"RfhLEP-#u$X$8-TIrNQG"
"publicite.barbary@edu.tbz.ch"|"Fcktd4-vXGr9R-JkDo4d"
"mailys.smooth@edu.tbz.ch"|"k@&4#o-RRPDbW-j$UzTk"
"mailis.huguenet@edu.tbz.ch"|"6zi#SH-NJwAst-nCStiV"
"lea.ewer@edu.tbz.ch"|"7hRSYu-PjySLo-gT2mvE"
