"email"|"password"
"melodie.vandervlies@edu.tbz.ch"|"ahEpFx-k@ByRj-nPFbJP"
"angele.edgecumbe@edu.tbz.ch"|"pk$$ex-Ko2iyV-p6rqZy"
"zhi.andreasson@edu.tbz.ch"|"VdB3&q-HRF7T@-rBPVJZ"
"judicael.koppeck@edu.tbz.ch"|"KSGq#E-hWUHP2-24Po#Y"
"berengere.capron@edu.tbz.ch"|"dcy6@7-8K7bjC-ECTTNX"
"leonie.brosini@edu.tbz.ch"|"KgOS0&-j9Khtt-ZyWK%D"
"venus.garfit@edu.tbz.ch"|"MpDCy8-SKnfiB-PNZtkj"
"melina.janota@edu.tbz.ch"|"#HjyL$-s19U23-tcaicv"
"laurene.bake@edu.tbz.ch"|"K7haBj-%r%AaZ-f03KtE"
"regine.dorkins@edu.tbz.ch"|"MJdkNZ-b6UKkR-0PflSh"
"cecile.moffet@edu.tbz.ch"|"Y9psez-LkH8iG-gYRdkh"
"maelann.labrone@edu.tbz.ch"|"XXV3s#-ZV5Rd8-HZG1F&"
"melinda.newbold@edu.tbz.ch"|"zthxJM-enSBNU-g0g@iH"
"mans.itzhak@edu.tbz.ch"|"OwZPez-%m7fOi-7Z4iYL"
"melodie.pattlel@edu.tbz.ch"|"aju8$C-X3eeBS-o016FK"
"celine.bonett@edu.tbz.ch"|"UTXjwX-CF5xnc-LVbAnz"
"adelie.mcgreal@edu.tbz.ch"|"8IOqfF-6wPLOO-IhDo3E"
"helene.soldan@edu.tbz.ch"|"WLEO@d-&Pequ6-GQyYC4"
"michele.cluer@edu.tbz.ch"|"@FLzAp-8ild%u-lZ6EQ&"
"maeline.mueller@edu.tbz.ch"|"l6hBML-px7WPa-xy%#33"
"maelann.benedito@edu.tbz.ch"|"uhaQw5-HICMJh-NQJJ1d"
"nuo.gransden@edu.tbz.ch"|"FmqRB7-ZBTWko-hoDJRs"
"berengere.stainton@edu.tbz.ch"|"m4kN8j-bge31r-Gr8sDN"
"wa.sabater@edu.tbz.ch"|"b#vqKn-NPEY34-5w7kZa"
"anais.cochran@edu.tbz.ch"|"6mo3Xl-o#J#HJ-0loQeb"
"gerald.bessant@edu.tbz.ch"|"iNwnEi-9tZUjK-EralJW"
"ruo.coffin@edu.tbz.ch"|"7$chFR-UPO@7G-xORqCm"
"melodie.mustill@edu.tbz.ch"|"7UneST-Qo4cwa-1fE7OT"
"ruo.stanesby@edu.tbz.ch"|"fR3Lk8-Gy4BhG-n%PR6c"
"noemie.antognelli@edu.tbz.ch"|"yDoDvi-d4fVd7-9F@GNo"
"maelann.hughson@edu.tbz.ch"|"QC51C5-&7Jbr8-BYddB#"
"milena.mieville@edu.tbz.ch"|"dwHc9b-gCZH91-9pQ#uJ"
"mailys.chamberlin@edu.tbz.ch"|"NX@s7#-#%a5Px-kN6cOG"
"nadege.tomalin@edu.tbz.ch"|"WVR%PK-YqprR$-mHctqG"
"oceane.omara@edu.tbz.ch"|"%xsKK5-C#2k2V-LzJuZp"
"cecile.aguirrezabala@edu.tbz.ch"|"pURVfv-ZVXYjW-02$XXw"
"maella.gwillim@edu.tbz.ch"|"JzLnbu-3da5tz-j7i9UX"
"lea.mcgahey@edu.tbz.ch"|"rdZauP-wycE9D-xS6rZ4"
"laurene.hagerty@edu.tbz.ch"|"471OTe-3sCKo4-A&$Mze"
"dorothee.link@edu.tbz.ch"|"16pbHU-ECZ#vl-9yLDu6"
"clementine.kynsey@edu.tbz.ch"|"QwgxeN-VzDH9U-#&dq7p"
"lorene.smitherman@edu.tbz.ch"|"N&MjQj-EncliB-OTtZs&"
"cleopatre.klulicek@edu.tbz.ch"|"ca3&Ws-IsT&Al-znY0j0"
"laurene.castaneda@edu.tbz.ch"|"$vzWPv-9Zz2DS-gGVqF1"
"melia.constant@edu.tbz.ch"|"&qqdgn-06m1xH-f72zpl"
"lucrece.clunie@edu.tbz.ch"|"#lGPZF-tWGtAA-DXmuUy"
"eleonore.mcmurthy@edu.tbz.ch"|"NKJMoi-L#UjeW-kIRiCS"
"melia.bevar@edu.tbz.ch"|"OgCxyg-4B9g6x-Tjj9QH"
"camelia.bontine@edu.tbz.ch"|"rnI7ry-@mLg$r-OMmBFw"
"methode.jozefczak@edu.tbz.ch"|"U9CMqZ-BMiqQG-zzPvx4"
"audreanne.hinsche@edu.tbz.ch"|"r2RWxR-GBDh&c-m3Xqpo"
"andree.varne@edu.tbz.ch"|"k2AnfN-2h&1L@-d5U0sJ"
"marten.kinleyside@edu.tbz.ch"|"@N#EFa-iYgRsM-UxtFYg"
"esteve.mcewan@edu.tbz.ch"|"TWvoCT-5b5&@u-wkCujQ"
"leane.dibbert@edu.tbz.ch"|"f3tbZ7-A#cTyx-8Y8Kkf"
"ma.thewlis@edu.tbz.ch"|"wjFiqC-KbwOZa-RWJ1o8"
"clea.djurkovic@edu.tbz.ch"|"kFSryC-KW%vzs-ktGqNk"
"rachele.reburn@edu.tbz.ch"|"OpMVIC-V%9OiK-@$xONN"
"gerald.gowling@edu.tbz.ch"|"fGbBuI-DBKSt5-4ROP3j"
"cleopatre.jackson@edu.tbz.ch"|"zVedFJ-pbQCdd-haHPiH"
"desiree.haskins@edu.tbz.ch"|"0owY8$-p@M$q%-WAiKLA"
"eleonore.longson@edu.tbz.ch"|"4svX9H-kzmqEs-VjayJ&"
"leane.dybell@edu.tbz.ch"|"$hCMct-IVf8G0-UnmFTh"
"becassine.grzesiak@edu.tbz.ch"|"O3sBhj-GLtwv7-$Y%4og"
"marie-josee.pickin@edu.tbz.ch"|"Bf@MWh-#Q@gcW-mccvdH"
"marie-josee.roxby@edu.tbz.ch"|"7lOQ6N-UEunBK-Ht@t1l"
"leonie.feenan@edu.tbz.ch"|"RFwtpG-$wvFU6-#7kXkV"
"valerie.ellum@edu.tbz.ch"|"WXGzxx-RkGwdf-5RyREp"
"ju.caseri@edu.tbz.ch"|"KFloVS-9e@jMV-uAhJni"
"boerje.strangman@edu.tbz.ch"|"7@KXK1-tj7BRE-BKoudr"
"beatrice.ghidelli@edu.tbz.ch"|"gmaEtv-B80NMx-6@ljHv"
"da.jablonski@edu.tbz.ch"|"MxX7Cy-PZBMMJ-i5gC1x"
"uo.beveridge@edu.tbz.ch"|"d2WDsD-1ljy&j-$vUvA#"
"valerie.bestman@edu.tbz.ch"|"v6zO8v-MO3yFb-6yWNSA"
"marlene.pohls@edu.tbz.ch"|"CZRjAa-7UgNo4-J#HT5N"
"ma.nolda@edu.tbz.ch"|"@Rs&Eo-RSpe1c-qIsiGW"
"marlene.bisiker@edu.tbz.ch"|"keTQxY-AZ8MNR-APJy8P"
"estee.babon@edu.tbz.ch"|"7kajBL-3zqgb3-zZ#SKQ"
"simplifies.dmisek@edu.tbz.ch"|"0v5Bk@-9ctLUS-eZ98WC"
"selene.ganing@edu.tbz.ch"|"xx8P1t-SmKGlC-dUs0iB"
"meryl.penke@edu.tbz.ch"|"iF$AZ5-%IzHlT-MRYXRy"
"anais.rawcliff@edu.tbz.ch"|"SYP4z&-Q7BL&w-JzKszp"
"melina.andri@edu.tbz.ch"|"5CqM8m-@2gA0x-RFMBA#"
"audreanne.fodden@edu.tbz.ch"|"INgZ0l-81Es1S-@jAyEX"
"bjoern.spellesy@edu.tbz.ch"|"GjhFvk-cCy5Pr-EN#yW3"
"francoise.summerscales@edu.tbz.ch"|"zkLse#-KIt0LM-08o@jD"
"laurene.ashtonhurst@edu.tbz.ch"|"pVOaho-V1jXAo-Ku4Dat"
"valerie.petters@edu.tbz.ch"|"DZ5X@E-yiox7U-GEkDw%"
"anael.spenclay@edu.tbz.ch"|"3ZD0Av-b68fLV-zzX8Cn"
"stephanie.keech@edu.tbz.ch"|"Txs6SH-ni$r9Y-g0rfKk"
"ines.deveril@edu.tbz.ch"|"s2DzBE-jDftx0-gpXWW4"
"berenice.gelder@edu.tbz.ch"|"Hm0Jn2-PhBRSc-4aydpu"
"melanie.ofogerty@edu.tbz.ch"|"wS&Iid-j%0dd&-%V5gcw"
"frederique.canepe@edu.tbz.ch"|"ox5oF6-d8w8#x-VH9jy$"
"nuo.otton@edu.tbz.ch"|"j1fN#n-C4BXZK-7UrIyE"
"genevieve.trusler@edu.tbz.ch"|"wyM9Po-e$zmgf-9Iun4g"
"ju.boag@edu.tbz.ch"|"gWy8V2-&#0Mlr-WwSl@E"
"josephine.dilucia@edu.tbz.ch"|"Zrnuje-m#@VW$-yWCLY5"
"laurene.armsden@edu.tbz.ch"|"s15PxJ-xPrqYN-zSc3VB"
"becassine.griffe@edu.tbz.ch"|"5u82eD-3z5bvH-Pa10$r"
"alois.parres@edu.tbz.ch"|"S7bZMX-3ojN63-aMDOwY"
"cleopatre.gaffey@edu.tbz.ch"|"c0o@uy-K@mX0r-76J58Y"
"andre.stiger@edu.tbz.ch"|"OGepeA-xLRg1@-n@hYzq"
"beatrice.godleman@edu.tbz.ch"|"0SfZNK-#159ve-AJ6YE4"
"hakan.harrhy@edu.tbz.ch"|"&2bG1R-CejcBD-h9gd28"
"celestine.dagnan@edu.tbz.ch"|"2YyxWL-TMBV8l-@ujq6$"
"clemence.haggart@edu.tbz.ch"|"CeuD1r-uAvxSH-Hjvs4u"
"long.caban@edu.tbz.ch"|"Fuc95S-zL2INp-kNQKtt"
"gaetane.grimble@edu.tbz.ch"|"vVADi#-NlWq2L-n5Foeu"
"maelann.piwall@edu.tbz.ch"|"1mJev8-9kMPUB-yrQD7t"
"magdalene.loble@edu.tbz.ch"|"7Ej6Za-4pUzpp-7a&dbH"
"veronique.domaschke@edu.tbz.ch"|"v##use-FkhO$E-Q#b6OS"
"clea.herity@edu.tbz.ch"|"$ELnlz-YyloBw-BeJUTO"
"maelann.bambrough@edu.tbz.ch"|"bEDNsJ-Wxl4v%-7&P8%X"
"clea.goulstone@edu.tbz.ch"|"bL$NtF-7CequM-qMRjFw"
"renee.deleek@edu.tbz.ch"|"KJQ09n-iZXQls-$XqzC@"
"boerje.rudderham@edu.tbz.ch"|"O3ltA8-L8vozB-7mdcog"
"marylene.broune@edu.tbz.ch"|"35Xz3H-nQ1y$j-sDqYCt"
"nadege.mccuish@edu.tbz.ch"|"l5GP73-I39NjN-Poz1t$"
"anael.littleover@edu.tbz.ch"|"j%xdY@-J6eByD-JscZW1"
"lie.baume@edu.tbz.ch"|"93n33K-msA1p9-P$m@t9"
"maella.murrow@edu.tbz.ch"|"NFjqvg-R0uoqD-89pMbq"
"cleopatre.pettifor@edu.tbz.ch"|"4R8&M%-jAqwEv-uyETPK"
"geraldine.asker@edu.tbz.ch"|"EmVBat-3q9Hm6-VKjrvs"
"gaetane.smedmore@edu.tbz.ch"|"$lfGSJ-n5zLEX-rNahlW"
"meryl.blencoe@edu.tbz.ch"|"kSefou-jqDbAH-@d2hU9"
"aurelie.chastaing@edu.tbz.ch"|"5#$sbo-IJn#89-&daMV6"
"oceanne.marthen@edu.tbz.ch"|"8hHhZo-tij43t-UbiVb7"
"dorothee.burrill@edu.tbz.ch"|"%%flI#-MepjRY-d1qcWq"
"hakan.belden@edu.tbz.ch"|"GDgJk9-aRLs71-fs4$Vs"
"celine.brunning@edu.tbz.ch"|"sCWKQy-Kl5SyF-Wl4XSt"
"anael.lapides@edu.tbz.ch"|"Au#vc6-OcuSe5-zZrwdT"
"ruo.saffran@edu.tbz.ch"|"uyk54K-liK0Ty-2e$JXL"
"loic.gerretsen@edu.tbz.ch"|"raZSmV-WXiVCX-dDEuQh"
"rui.fitzer@edu.tbz.ch"|"$GAK@q-$%Et5J-DZk&Yb"
"annotee.ogers@edu.tbz.ch"|"MxXve8-aEU%@m-u8QhzY"
"boerje.bindin@edu.tbz.ch"|"#Jy@4V-aj5YTP-9q7NST"
"ma.cronchey@edu.tbz.ch"|"%V38et-zhQYM2-Ohb8kG"
"laurelie.baiyle@edu.tbz.ch"|"9zsTZP-tv@KnQ-dbZ@iB"
"dorothee.older@edu.tbz.ch"|"WQAUIC-Ikr8v#-h4xXex"
"laurena.wile@edu.tbz.ch"|"PkN@71-7#xr7X-B%#tkk"
"clemence.brito@edu.tbz.ch"|"LIXODy-Zbjgm%-myPVfi"
"nadege.dallin@edu.tbz.ch"|"rzQWcW-$c@uyt-NfcGPb"
"mailis.matley@edu.tbz.ch"|"zoTQO5-qHKibU-O5WC6b"
"daniele.screaton@edu.tbz.ch"|"mAg3Pp-loDua3-0Ff$Ri"
"mediamass.godly@edu.tbz.ch"|"DXcJ%2-uFzb9Z-l2EEep"
"leone.kremer@edu.tbz.ch"|"#Me&zC-9A8n5k-RxTX6l"
"asa.adrian@edu.tbz.ch"|"dVuOTD-ZJBFNg-JclVXB"
"adele.doley@edu.tbz.ch"|"ZbYHNY-CkbNzR-4C2@Aa"
"fei.sidney@edu.tbz.ch"|"%529YD-%FUyb0-#eQc5n"
"marie-josee.walisiak@edu.tbz.ch"|"iVNAvX-b&dADR-#W4HqE"
"desiree.diplock@edu.tbz.ch"|"Z%0#bH-wDNKN2-Z1BKkZ"
"gisele.schust@edu.tbz.ch"|"Q7GYyT-XOJNJA-Y1l@hK"
"ma.longshaw@edu.tbz.ch"|"UTwBOe-kzHNRZ-zLBGYp"
"da.boother@edu.tbz.ch"|"cyPpe0-9sI9#z-CtPSLl"
"simplifies.chaudhry@edu.tbz.ch"|"Xqk#qs-&eQuSV-k7dg9$"
"garcon.baniard@edu.tbz.ch"|"Yy0GE7-owfNy$-FkqQZj"
"gaetane.elphee@edu.tbz.ch"|"Q6wFqK-3lsaMN-MvH&hd"
"gisele.hassey@edu.tbz.ch"|"ahQ9L4-GNGtoB-6YY6Jl"
"oceanne.booley@edu.tbz.ch"|"EoJ2S8-y9rUlQ-ZgA%W5"
"oerjan.dibden@edu.tbz.ch"|"32KsV4-ZlLvi5-14$D3l"
"regine.ocleary@edu.tbz.ch"|"2S$jAt-Hf8G7R-DMDBKx"
"selene.persse@edu.tbz.ch"|"dSK7hm-V8qeen-8iC%@8"
"helena.adenot@edu.tbz.ch"|"lsfIJ@-Av1$&X-FQK$6s"
"maelann.wassung@edu.tbz.ch"|"TziMH1-LcWFFE-5RUv2s"
"frederique.ackermann@edu.tbz.ch"|"IKI0wd-VINBgK-g%oER0"
"audreanne.kahen@edu.tbz.ch"|"CNlw&s-1@q7bg-Wc4aov"
"maiwenn.lasty@edu.tbz.ch"|"IBNrSd-hFjHE9-MasZHB"
"yu.dictus@edu.tbz.ch"|"ttTSgs-TRFk84-VjAgtR"
"anae.dukes@edu.tbz.ch"|"1RC&h@-kM5DRf-hHYAGu"
"yenora.warr@edu.tbz.ch"|"c4do4Z-B#LRjG-fMDhDM"
"esbjoern.archibold@edu.tbz.ch"|"Z6Bkwo-KL2Lau-XkHr81"
"milena.pardal@edu.tbz.ch"|"wwTI2b-19fPN5-LQuC&P"
"celestine.graveston@edu.tbz.ch"|"dorHIc-390oZg-xIBbcb"
"maena.dallas@edu.tbz.ch"|"hZkms7-14vewP-q##@WB"
"andree.tuke@edu.tbz.ch"|"rzsqDc-yCxpBg-Y8hc4B"
"methode.seldner@edu.tbz.ch"|"BBNcUH-uGuVUJ-2#a%3h"
"venus.bullas@edu.tbz.ch"|"u@BZHR-&ziyVG-PiMYBM"
"mans.aguirrezabal@edu.tbz.ch"|"ERkN#l-39%DuJ-CanN&j"
"gaelle.eadington@edu.tbz.ch"|"yG#OcX-%IVZBU-$N#MbX"
"anaelle.falkner@edu.tbz.ch"|"bF4Cav-1@R%1R-WURxUg"
"ophelie.height@edu.tbz.ch"|"Y#KC3D-CwZT9d-woeXMW"
"marten.bolding@edu.tbz.ch"|"6r#7bv-1OpwX@-K7GiPM"
"pelagie.guswell@edu.tbz.ch"|"VhZ#9%-c$XSPL-84voHt"
"gwenaelle.lecount@edu.tbz.ch"|"@PR0SD-10DcWU-#vVI8y"
"hakan.laden@edu.tbz.ch"|"P85QtM-rAvl&D-xim#xS"
"marie-josee.hylands@edu.tbz.ch"|"l@ntSh-u@Rcqi-XQao6Z"
"zoe.kingshott@edu.tbz.ch"|"iOYbtZ-NBICaN-K%CGGe"
"josee.janous@edu.tbz.ch"|"iDLUiS-f&d5@0-mr4X4U"
"laurene.gallally@edu.tbz.ch"|"bWNWHq-xA@Ul&-B8xcXB"
"anael.bickle@edu.tbz.ch"|"928vJ3-Z&Vs9M-3xfZBb"
"mediamass.lebbern@edu.tbz.ch"|"prZSrq-55KmKM-49E5Aa"
"berengere.hovy@edu.tbz.ch"|"Bbb4lT-03J&m&-R9l72Y"
"oerjan.kilmurray@edu.tbz.ch"|"9dFjRO-zMgwrR-0%fxrc"
"asloeg.venny@edu.tbz.ch"|"sQa0ND-dN%e$Z-h&eUJc"
"marie-noel.stoad@edu.tbz.ch"|"eGHmyy-Xm8epL-K#U%uC"
"hakan.pettifor@edu.tbz.ch"|"ws4lnm-Kt6tnU-hyPkbU"
"maella.willgrass@edu.tbz.ch"|"SSeE8q-mQOCe2-exbwLX"
"therese.ludovici@edu.tbz.ch"|"MIccMD-2vGyJd-kM7UmE"
"stephanie.trewhitt@edu.tbz.ch"|"uG2UHt-74#Lrr-qxX7mo"
"maerta.bauduccio@edu.tbz.ch"|"@ntOH&-m&%%wo-Y0EmZt"
"gaetane.glaisner@edu.tbz.ch"|"X2X4gD-cpK1Pk-ZKoiO0"
"naeva.pargeter@edu.tbz.ch"|"FXR4n$-qHocZw-GNziNj"
"salome.venable@edu.tbz.ch"|"qmGnbX-39E@U7-i45LrT"
"boerje.thickett@edu.tbz.ch"|"WGWUoB-TjwiQI-H&d%Hs"
"lucrece.prendergrass@edu.tbz.ch"|"U2v&kQ-@#yb#7-vP9LoB"
"laurene.ockleshaw@edu.tbz.ch"|"hFstTF-YG6Q9v-C@haN5"
"cecilia.pasticznyk@edu.tbz.ch"|"%V@2xO-J@INIX-TFhtD9"
"stevina.mackey@edu.tbz.ch"|"qyHnsm-unWXtI-FndILx"
"marie-noel.reven@edu.tbz.ch"|"hypmtn-F3Pc&M-IMO8$&"
"melina.quilkin@edu.tbz.ch"|"#WBdPi-XNjX@J-bGj7EC"
"marie-noel.ferrie@edu.tbz.ch"|"Ru9z3S-KANj6i-15xX0W"
"leone.alphege@edu.tbz.ch"|"xliwLI-BoN3@V-G1filh"
"zoe.leverson@edu.tbz.ch"|"W4Wz8i-OoKp$L-Bq9ur&"
"annotes.grayne@edu.tbz.ch"|"qbN9Ax-Q5hOD8-67qYqX"
"faites.lalley@edu.tbz.ch"|"l%CdM8-t3NAFX-fIvvKB"
"adele.wallis@edu.tbz.ch"|"Y8T$p2-01cbSj-pFtYxo"
"severine.madill@edu.tbz.ch"|"gTd6H6-h&12ma-vnLLc5"
"valerie.tebb@edu.tbz.ch"|"301SFk-R5$f8o-fLgMGw"
"kalliste.rasper@edu.tbz.ch"|"WM@f0R-TMKOWV-gJFBzO"
"audreanne.palomba@edu.tbz.ch"|"1bkhnj-8q@veN-QnMTcc"
"elea.adamik@edu.tbz.ch"|"&Et9x5-89Gq2s-OpNONb"
"reserves.jakuszewski@edu.tbz.ch"|"zeGHB#-o@WtUO-#GUe4K"
"athena.belhomme@edu.tbz.ch"|"c1$SzV-QReH1j-5hQevn"
"rebecca.crippin@edu.tbz.ch"|"jmYLGV-HuG%rG-zkadbz"
"maiwenn.curman@edu.tbz.ch"|"INYBi2-8#l1v4-ne8k82"
"andree.bunner@edu.tbz.ch"|"S8$bAa-OL&H6T-BmE6N0"
"ruo.winckles@edu.tbz.ch"|"4o1r2D-6MPWDY-F8#dfb"
"naeva.buntine@edu.tbz.ch"|"Zd&F@w-y#ZDtI-1&cdoy"
"boerje.dollard@edu.tbz.ch"|"MiSR@k-QH3Gzl-po2P0T"
"penelope.gorman@edu.tbz.ch"|"fPT$ga-6T7wAF-btxZBN"
"alois.robelin@edu.tbz.ch"|"QRa2ye-4Owts#-r0FyNd"
"anaelle.tindle@edu.tbz.ch"|"c8V4pf-UpYLdQ-awATID"
"ye.frears@edu.tbz.ch"|"vBqcOo-rhk3x1-JRMrqo"
"andree.ovid@edu.tbz.ch"|"WGKo4a-AQgYY3-x8iPMc"
"hakan.peat@edu.tbz.ch"|"4Gw#h@-IfxJ@t-UPk3ym"
"andre.januszewski@edu.tbz.ch"|"Vr4jF#-P9kw6Z-L2w0%K"
"annotes.clemmett@edu.tbz.ch"|"4U94Uq-kfeH%3-%LSdsB"
"pal.lambswood@edu.tbz.ch"|"o4sMTX-9&W4jv-FJUQG%"
"yao.lenton@edu.tbz.ch"|"&cM0@F-VZCJ%A-LO6Ypg"
"hakan.boyton@edu.tbz.ch"|"SZ%Um$-gp42W6-vgvxe5"
"nelie.forsey@edu.tbz.ch"|"mssdRe-HyD5zY-GpjLNM"
"hakan.horche@edu.tbz.ch"|"gsVDpx-yKeM9q-y&lwXr"
"lorene.sinkings@edu.tbz.ch"|"qDdSdh-kTE92N-m&DKzt"
"marie-therese.creddon@edu.tbz.ch"|"cv9pRD-5v61vR-Y9Rm2b"
"berenice.tolworthy@edu.tbz.ch"|"&R0V23-3lt7#N-F7zc2d"
"theresa.land@edu.tbz.ch"|"6BZbn&-zYe&Av-S@9mAO"
"marie-therese.gianilli@edu.tbz.ch"|"v75JLL-EFXz9w-Jx8cew"
"meryl.glew@edu.tbz.ch"|"@@g@bY-I5O%IB-O1AS3H"
"adele.debling@edu.tbz.ch"|"L2Xc4G-3fDQvG-I%WnLh"
"anae.metzke@edu.tbz.ch"|"9DGTdk-5wtATX-ZEK4Vm"
"gaetane.gooden@edu.tbz.ch"|"5ni7MP-ksTFAm-SA$Rka"
"laila.bootland@edu.tbz.ch"|"sMLhkc-Jjjf92-KdZGBq"
"maite.helsdon@edu.tbz.ch"|"J7rL#l-#36tG#-pbt5h2"
"andree.malley@edu.tbz.ch"|"u&Laa8-SDRcOL-s2jtIH"
"pal.simmens@edu.tbz.ch"|"suzKcJ-VNfnvs-&x@lFh"
"maelys.nuccitelli@edu.tbz.ch"|"l3K0LH-f#r6om-AdrE@M"
"dafnee.sibary@edu.tbz.ch"|"h$akmW-5%bghj-3@kzQV"
"alois.harsnep@edu.tbz.ch"|"xDWR89-qMmvf%-QRB$Fo"
"marie-helene.lacky@edu.tbz.ch"|"X$KyN1-PGDBFx-sxNsKD"
"mylene.youthed@edu.tbz.ch"|"T8SkkR-$g#Z%P-cIVJk9"
"marie-helene.dehmel@edu.tbz.ch"|"gAmXpT-C&NCW6-Cc$oAi"
"angele.batman@edu.tbz.ch"|"IXWfR6-YTZ1bx-eIwFK$"
"melia.younghusband@edu.tbz.ch"|"fbJLCv-RJPgQZ-&b1n2o"
"eloise.baldi@edu.tbz.ch"|"UxCURw-TaG#%w-yL2FyJ"
"illustree.dun@edu.tbz.ch"|"uC3d4W-tg6loZ-B@Wumc"
"genevieve.late@edu.tbz.ch"|"fqQLSJ-@XJCka-WLGRS3"
"celestine.colville@edu.tbz.ch"|"J&yqYp-R2fme7-PeVYLF"
"gwenaelle.scarlon@edu.tbz.ch"|"mj5aCa-R2ALW$-vR#jBk"
"regine.boddie@edu.tbz.ch"|"SOcwa8-pZreKt-iBX@MN"
"creez.gaughan@edu.tbz.ch"|"j50Opu-r04075-&&CP&E"
"gaia.longford@edu.tbz.ch"|"XRUNc$-RsS&HR-BipsNk"
"mailis.buckby@edu.tbz.ch"|"IKzNhT-3o8MUX-0uOpDa"
"song.parbrook@edu.tbz.ch"|"Y#HHFB-4quSpp-J#0KJJ"
"frederique.heddan@edu.tbz.ch"|"QPiJzP-sdZ%kB-Cj9#km"
"ake.kirtlan@edu.tbz.ch"|"0TUCDQ-fGovWs-X5Uzsd"
"nelie.runciman@edu.tbz.ch"|"SvcXV5-dFtRfx-L@0PmL"
"mailis.cardnell@edu.tbz.ch"|"O42EQJ-jCdRpt-9$GKNA"
"irene.navarro@edu.tbz.ch"|"2t10EN-JAE1Zr-Vn&Yok"
"maite.cough@edu.tbz.ch"|"csKlw6-XVQm1$-0z&XS6"
"anaelle.stocky@edu.tbz.ch"|"vETLCP-O7GeDy-GVocVd"
"methode.moulder@edu.tbz.ch"|"fL%Q3M-@qzG$e-nkxcrr"
"po.stafford@edu.tbz.ch"|"pGVU0A-q$#TBm-2@3NFc"
"faites.scraggs@edu.tbz.ch"|"qzNXC5-UxjqLs-oz3C%J"
"adelaide.dullard@edu.tbz.ch"|"e4JgPx-u1oo%r-jXEUo3"
"desiree.leonard@edu.tbz.ch"|"A3sz3%-u@PzrZ-@VLTmt"
"geraldine.badgers@edu.tbz.ch"|"P7PCPj-p6yAG0-$Te6Wj"
"ruo.masic@edu.tbz.ch"|"SPvm28-CcZp2c-wD0m6#"
"aurelie.lieber@edu.tbz.ch"|"5Vvujt-@u54q@-2bh$2G"
"naelle.balcock@edu.tbz.ch"|"0HBNw4-iySI&f-NvNUn2"
"camelia.elger@edu.tbz.ch"|"vh81c5-6vHBRg-Lm3u2#"
"publicite.oakeshott@edu.tbz.ch"|"GBGebE-90vori-HW4KYh"
"cleopatre.fawley@edu.tbz.ch"|"Mi8wNZ-LwzXI$-H5sORE"
"laurene.bruckmann@edu.tbz.ch"|"4ubNwE-3$YXlz-@4XqsS"
"rui.haughton@edu.tbz.ch"|"39pjVD-b3Qo1n-QfT&X0"
"asa.ladewig@edu.tbz.ch"|"yj%mxz-L%CmUd-o$enfC"
"gisele.janecek@edu.tbz.ch"|"DPm1D%-BdP0&L-xbfm@t"
"maily.loveridge@edu.tbz.ch"|"1MYkP9-8WKbtz-wlufR%"
"marie-eve.yurkiewicz@edu.tbz.ch"|"6zk1&V-Ko3N&h-Dw5497"
"fei.roder@edu.tbz.ch"|"QqYE6L-s7Zojg-4sANw$"
"edmee.chatburn@edu.tbz.ch"|"#vQXXX-ShtfuS-B7N7Hl"
"geraldine.darke@edu.tbz.ch"|"Zd$njc-Qapk6M-jkcNYF"
"ye.jira@edu.tbz.ch"|"HTQUTo-vrZede-wr5uPW"
"publicite.persent@edu.tbz.ch"|"z4U6Qr-@aLL4x-b@FfJ6"
"severine.wilcox@edu.tbz.ch"|"3AASrN-FaeenK-cMc63n"
"yao.mcclaren@edu.tbz.ch"|"k&$RwI-6ROAVk-vU8i7W"
"theresa.foynes@edu.tbz.ch"|"Jx9yHu-8v#HN7-7Kg6N7"
"stephanie.isley@edu.tbz.ch"|"FF8q16-&O@6a9-tWDpPu"
"torbjoern.growy@edu.tbz.ch"|"8NE5DF-85ez$@-TSTVFw"
"eloise.tunnadine@edu.tbz.ch"|"IXiOiZ-dcxRer-d7lj&i"
"maeline.cossentine@edu.tbz.ch"|"VfW9tc-0IgO&k-f4G2iS"
"nelie.desantos@edu.tbz.ch"|"WZbErU-kQRHDg-@TtKTR"
"gaetane.axston@edu.tbz.ch"|"CfRyIU-hK0XSY-oNSlN4"
"aimee.merman@edu.tbz.ch"|"P@fLQc-OZ3UoR-VJfczz"
"oerjan.drivers@edu.tbz.ch"|"8QVIzw-DG5SAd-5q93c#"
"aimee.miroy@edu.tbz.ch"|"TK0LIk-R9HGVe-e#I#Wr"
"nelie.glyde@edu.tbz.ch"|"YeTch2-Vr4i&7-tzRbuw"
"hakan.kapelhof@edu.tbz.ch"|"2&0mIS-CNydyN-EAC#ys"
"maelyss.cauley@edu.tbz.ch"|"kI5XsZ-Q6imRT-UabYw@"
"elea.vaggs@edu.tbz.ch"|"Fq0JXw-jFEaNj-rawDow"
"maelys.but@edu.tbz.ch"|"UH%2C3-lJ1bsx-HiQtge"
"maella.arthurs@edu.tbz.ch"|"ixh3MN-p3OU9r-dDsxFT"
"adele.liebrecht@edu.tbz.ch"|"HdQucB-%pO@Jj-AYmAIw"
"meline.lomasny@edu.tbz.ch"|"CfgGTe-hrgjM@-SPjT&l"
"mediamass.schwant@edu.tbz.ch"|"MQzS0%-wFDCOR-%6g6wp"
"leone.saunt@edu.tbz.ch"|"s0KfPT-S4xre1-jT54e7"
"annotes.gouch@edu.tbz.ch"|"7SiLH5-r905xp-hJh&2y"
"gaetane.bowich@edu.tbz.ch"|"cMHxTr-LOu1v3-Ilpsy0"
"alizee.strelitzki@edu.tbz.ch"|"z8iPur-$@6s9S-SSKwKD"
"leone.poile@edu.tbz.ch"|"2lbYXB-7eBvGh-IRwyNG"
"amelie.saban@edu.tbz.ch"|"v07xpc-A240b6-@hdXA9"
"marten.mcmenamin@edu.tbz.ch"|"iFBZcu-cC&Or5-IyUa7h"
"becassine.keets@edu.tbz.ch"|"Aa%pED-RfG6uS-DHddOP"
"celine.million@edu.tbz.ch"|"I6PpdG-a%sSs1-zdzZ&e"
"geraldine.belitz@edu.tbz.ch"|"8aHR$T-@aqcP%-Gbv53H"
"salome.mardling@edu.tbz.ch"|"Y6oyn7-l%x0wS-zlIdw%"
"melia.blakemore@edu.tbz.ch"|"ldhDK4-sa9Fsl-c&sTO4"
"dafnee.mcaulay@edu.tbz.ch"|"u98@FB-EMjXQH-1BcW44"
"garcon.dennett@edu.tbz.ch"|"Jsl6bO-Q1HPvX-hmWGN3"
"interessant.lesor@edu.tbz.ch"|"sJK&SU-TWvkVr-pj3FKU"
"annotee.wasbrough@edu.tbz.ch"|"7kecrz-n1V3iT-#Thev8"
"asa.ibbeson@edu.tbz.ch"|"bb$1mZ-urS6jG-RHHuQT"
"maily.kennealy@edu.tbz.ch"|"3Gmkns-tb&%P$-3Din1o"
"ye.seares@edu.tbz.ch"|"YxYC2n-ja8YEE-9F0o6k"
"athena.harbron@edu.tbz.ch"|"HmY7EP-MPHPJ4-cAym&B"
"andreanne.portail@edu.tbz.ch"|"$0CeTt-dLMw7t-SV1M8&"
"goeran.zannelli@edu.tbz.ch"|"87dEXt-dyImEw-Mln2z0"
"gerald.leathlay@edu.tbz.ch"|"iQd$Lu-4&i692-4N9$8q"
"andreanne.chown@edu.tbz.ch"|"rmH5bm-iZPYbg-XqjLlo"
"esteve.clementel@edu.tbz.ch"|"cm%@Ld-Dg8TPs-9WpYzi"
"leone.legan@edu.tbz.ch"|"3$4R8Q-rpsV&E-6ZnGE5"
"maena.pownall@edu.tbz.ch"|"Z@DARn-jqCpRX-tPnA@l"
"andree.rettie@edu.tbz.ch"|"SBkI2O-udVaiV-hHOQuo"
"ines.kenwrick@edu.tbz.ch"|"vSWzsc-vSBWV&-pScFMV"
"marie-helene.yarnall@edu.tbz.ch"|"o4gncG-mbK7Ny-FpDl&&"
"po.martin@edu.tbz.ch"|"xlFAKD-@SnwMW-XqXdtW"
"ruo.celiz@edu.tbz.ch"|"Tu6NdS-$Y2bQv-pfBVPg"
"po.bissett@edu.tbz.ch"|"&t#$cb-ifX5vH-FaySf7"
"du.swindon@edu.tbz.ch"|"NugD8V-SosPw1-vmoW2y"
"interessant.gouldthorp@edu.tbz.ch"|"CB#XNn-7YqrtC-GLtJZt"
"leandre.lilburn@edu.tbz.ch"|"7phn9M-uvTw6o-mwx6BM"
"bjoern.whales@edu.tbz.ch"|"9KJzim-V6f4bh-IuTi1o"
"interessant.dieton@edu.tbz.ch"|"d1Ngd7-6ruyfj-NYNfhN"
"celestine.redhills@edu.tbz.ch"|"TD9jvd-14HiZq-HnN3aW"
"tan.yakovlev@edu.tbz.ch"|"DZcLS2-3bj#iK-hN5uLa"
"regine.mcdowell@edu.tbz.ch"|"6o@uD0-LMlD6h-5NGY6s"
"ju.coysh@edu.tbz.ch"|"T$1D@W-66LHas-Oeiio%"
"reserves.ofallon@edu.tbz.ch"|"17ykdt-%mz7gv-IUwO9T"
"frederique.sobey@edu.tbz.ch"|"I4Lk0&-wGE4&5-8aw3qw"
"marie-eve.garstang@edu.tbz.ch"|"cFJ%ju-MmMuDK-b4n&1Z"
"andre.tapin@edu.tbz.ch"|"zSxkeK-1LVeE%-5ID#sx"
"esbjoern.eynon@edu.tbz.ch"|"3c9Xy6-iNWsXK-zrvFQb"
"maella.duffy@edu.tbz.ch"|"clpxc&-0ouDRS-pBEJIp"
"leandre.twinning@edu.tbz.ch"|"acTlKG-MNH#wU-MmcYCw"
"mai.whittingham@edu.tbz.ch"|"My8p$I-3Jogrq-q1ojjL"
"rachele.shevelin@edu.tbz.ch"|"kpBAHU-bYTOtX-4uqjef"
"cecile.mcure@edu.tbz.ch"|"0xpSDN-wyNCiS-Rfj0iW"
"marie-eve.yurkevich@edu.tbz.ch"|"QjKz@0-IqccsY-w2f3#9"
"almerinda.paice@edu.tbz.ch"|"K@9cOc-wpcfBW-ZVGRym"
"rao.howkins@edu.tbz.ch"|"hy1rbc-pm1Sdk-2DlbMm"
"serena.pack@edu.tbz.ch"|"TCEjd#-jtda8I-8Eq%%0"
"rebecca.mant@edu.tbz.ch"|"Z#MCKO-u5V%a#-mkQ&oR"
"reserves.spitell@edu.tbz.ch"|"hzQ%t9-l6uCuH-z9XNdD"
"garcon.hamfleet@edu.tbz.ch"|"BBjY85-3HqRIG-49WcuX"
"methode.kerkham@edu.tbz.ch"|"T8BjSN-4PJlDC-z5BdTI"
"pelagie.camies@edu.tbz.ch"|"TXh6Xy-5RFgcA-uesldF"
"josephine.macpharlain@edu.tbz.ch"|"vbzf7o-u7D5D9-IeL42s"
"eugenie.mathet@edu.tbz.ch"|"hZTnN8-MPIU$T-T8o6jY"
"gaetane.brangan@edu.tbz.ch"|"h4a7k%-u1ceVO-jC%nAd"
"michele.dewbury@edu.tbz.ch"|"TLx8P@-%D7YKT-tA4GFW"
"eugenie.elcott@edu.tbz.ch"|"vVKN5u-Uaetm%-RZHyJI"
"megane.harniman@edu.tbz.ch"|"o6yNVj-kWvuJo-qwwuha"
"agnes.cluney@edu.tbz.ch"|"$rDRW0-PRstZc-JBGXLk"
"marie-helene.angear@edu.tbz.ch"|"Im9bqT-jB@Rwx-ia&Av4"
"melia.dolphin@edu.tbz.ch"|"aIwGXL-t$$sdB-jKB@rP"
"lois.ruseworth@edu.tbz.ch"|"l&QMdh-M4m9Gy-&FZyyu"
"mailys.ryding@edu.tbz.ch"|"0k0PxA-latFgz-I3R2iD"
"rachele.wulfinger@edu.tbz.ch"|"n8$7du-WlyFe3-6V3qR4"
"gwenaelle.talton@edu.tbz.ch"|"%q3hMI-uXD4eE-iJQpqG"
"long.ronchetti@edu.tbz.ch"|"CxAVrw-A$t#UM-l&T#85"
"styrbjoern.kloska@edu.tbz.ch"|"Mi1JYc-lEsC#@-MvIh5Q"
"len.sudran@edu.tbz.ch"|"idjl03-46pa%f-y4koJQ"
"maelle.andrysek@edu.tbz.ch"|"aiDEbQ-5AZ&LL-oh0Emm"
"selene.senior@edu.tbz.ch"|"oInl3x-gHCj6O-SS&@Y$"
"anais.joskovitch@edu.tbz.ch"|"jyzoC8-&EgPBQ-ue4Jf2"
"marie-noel.dally@edu.tbz.ch"|"hFPGbM-csq7Dv-vX#lWI"
"marie-helene.laurence@edu.tbz.ch"|"Gzj5ry-zV2QPU-uyzVVv"
"camelia.foxon@edu.tbz.ch"|"&mLLhF-mK8B$D-yxRG0L"
"helene.cankett@edu.tbz.ch"|"lCKYNd-9S6b7j-mHHZWy"
"marten.mitchelson@edu.tbz.ch"|"CauPHH-qOlF71-qCHjxF"
"helena.stirtle@edu.tbz.ch"|"4d2o3r-xti&lX-7#5Ki1"
"leane.barmby@edu.tbz.ch"|"GMa@o&-52Am%5-Fv%r#m"
"goeran.ofinan@edu.tbz.ch"|"0yW2Ow-VNWVcX-&$v6wJ"
"styrbjoern.proby@edu.tbz.ch"|"d$QotT-kio1Te-43$qY0"
"zoe.halse@edu.tbz.ch"|"2$R9kO-B7LhGW-3#4ncp"
"kui.drable@edu.tbz.ch"|"LNK$5d-y28$@S-UMfLK1"
"desiree.bamford@edu.tbz.ch"|"29FvIP-2DZIGB-RV6BNW"
"zoe.suller@edu.tbz.ch"|"Mnwuf7-$xeV2B-q3MCUg"
"marylene.audiss@edu.tbz.ch"|"@cSzbs-V0$wbD-&dKXhK"
"adelaide.poznanski@edu.tbz.ch"|"vkR7aE-H5n0K0-MKvii2"
"maella.coleyshaw@edu.tbz.ch"|"5Bx%MY-GNKhaS-aAJIsM"
"marie-francoise.gelder@edu.tbz.ch"|"JIT%Jd-L5&1Eg-deP$v6"
"eleonore.chaffyn@edu.tbz.ch"|"LU7sCw-%gq#gr-xiKL#F"
"celestine.sikorsky@edu.tbz.ch"|"LQFLK8-XYlVpV-dnlczR"
"stevina.londsdale@edu.tbz.ch"|"ijKUXv-qwptrA-nL2mT0"
"maiwenn.nevitt@edu.tbz.ch"|"hy87No-GjQNIv-43Vohz"
"magdalene.gerrey@edu.tbz.ch"|"v%Qm0v-LFO3XN-x7wB@j"
"becassine.latimer@edu.tbz.ch"|"d4bisW-&%5kIh-ias@ut"
"da.lethibridge@edu.tbz.ch"|"f5QgM4-csN$55-tKp@WE"
"mailys.claige@edu.tbz.ch"|"7liHNT-1mp8WR-QkAn5Z"
"maena.torbard@edu.tbz.ch"|"onf9iW-R$uR1Y-SIE1OW"
"solene.lyvon@edu.tbz.ch"|"lshcO$-B0wpcs-403rQK"
"marie-therese.benbrick@edu.tbz.ch"|"IeXPol-LgBfZU-o1ZaJQ"
"gerald.edmonson@edu.tbz.ch"|"@U&4O@-pr52Ch-azcJc@"
"ake.messruther@edu.tbz.ch"|"cf9Fkf-EN004H-BYAXQy"
"men.gosneye@edu.tbz.ch"|"9oZ6KN-Jl#2Tr-Us&#K$"
"anais.jefferys@edu.tbz.ch"|"uMR&aq-LimxK7-bY0exH"
"publicite.tregale@edu.tbz.ch"|"rhM8km-nXnZEe-nhA$tf"
"maily.santorini@edu.tbz.ch"|"TCeSIt-@aunWO-fOJCh8"
"ines.pioch@edu.tbz.ch"|"W#LA9i-kc6wU#-N7q%LM"
"noemie.marklew@edu.tbz.ch"|"ug%STz-XF4DoP-W%yg57"
"meghane.maccaffrey@edu.tbz.ch"|"oPUf42-R6gXxS-I2UF#e"
"berangere.ambrogio@edu.tbz.ch"|"we7S&i-%1do&X-gJd@Mm"
"mediamass.ryce@edu.tbz.ch"|"KTv3Yi-oxo46K-9V8RC8"
"oesten.ubank@edu.tbz.ch"|"cwbLfJ-D9e@JH-jBGb4P"
"melina.mackee@edu.tbz.ch"|"IPZMcO-c7sNb0-&T%Vvf"
"theresa.livezey@edu.tbz.ch"|"4HPoV5-Or#4@R-@Lv7V#"
"clemence.weal@edu.tbz.ch"|"YGRJfD-qkDOlg-wXRpvK"
"faites.overton@edu.tbz.ch"|"yMfaxp-qQQcUx-sAO4rO"
"clea.lindblad@edu.tbz.ch"|"KRmf4b-aYFXa1-PRq@cT"
"josephine.roseaman@edu.tbz.ch"|"QnFFH0-w%MC4Z-Sn6Hyu"
"oesten.lowbridge@edu.tbz.ch"|"tzdbcV-PtOCru-syDK&Y"
"marie-josee.brion@edu.tbz.ch"|"qlv5ZK-2cux$M-i2qSwG"
"therese.basili@edu.tbz.ch"|"ZOYgUl-CoQUA5-Q7atLA"
"melia.vertigan@edu.tbz.ch"|"RNw&jp-WC7ITq-HEneDp"
"judicael.saull@edu.tbz.ch"|"3#6FJN-WmOPKn-7%OQNr"
"selene.valentine@edu.tbz.ch"|"hs3TWS-YXX1nd-GMRVl3"
"verane.dunlap@edu.tbz.ch"|"cqLzkF-yJjWDv-C41Yei"
"meline.kinnear@edu.tbz.ch"|"kWvFIn-xBwoHf-uHOjz&"
"lei.luttgert@edu.tbz.ch"|"5I9oFR-omzNQS-VIf3wo"
"styrbjoern.lathleiffure@edu.tbz.ch"|"AfY000-djM#k5-LQg%h3"
"marlene.blasi@edu.tbz.ch"|"$0zebT-OoA62#-$YQ8Eo"
"mai.begwell@edu.tbz.ch"|"YUUR#q-NPblDK-Pz9fXY"
"gwenaelle.kaines@edu.tbz.ch"|"eM5n4w-yyXlT7-tebfL&"
"gerald.adamthwaite@edu.tbz.ch"|"6XK9G9-RS@OrB-WlmMS$"
"kui.hartfield@edu.tbz.ch"|"ypYyeZ-yCsuMb-Im6qv#"
"salome.currao@edu.tbz.ch"|"k0$Pzs-OhEcNO-owoZ8Y"
"angelique.tixier@edu.tbz.ch"|"B8codO-8JRWmV-AQAtje"
"ju.mcgragh@edu.tbz.ch"|"wFE7NQ-#nKm0X-8C&P0@"
"dafnee.beachem@edu.tbz.ch"|"LQBFuR-PMU18V-rT$7Ix"
"creez.terlinden@edu.tbz.ch"|"FgPG8f-qvhThX-rZY&y%"
"uo.mcskeagan@edu.tbz.ch"|"YJQ@Jm-#mEPqO-oRFP@a"
"edmee.mccaughren@edu.tbz.ch"|"E25mUw-kWQcxS-7yV%Vo"
"asloeg.cozby@edu.tbz.ch"|"9sF27%-cRjxg1-Kb@PVU"
"melodie.traite@edu.tbz.ch"|"Opxkqj-dCYgSH-ZUWLht"
"dorothee.aindriu@edu.tbz.ch"|"mN9GTS-tXW2Sa-gY2hY9"
"daniele.doley@edu.tbz.ch"|"AF5r74-A8piOj-61kuvj"
"mediamass.fairclough@edu.tbz.ch"|"TudB@j-q1#dQ0-G@nRpJ"
"lorene.rainforth@edu.tbz.ch"|"x38Z6p-uqUbY#-46qM6f"
"leonore.eyer@edu.tbz.ch"|"$%ezP8-pz6CMO-0ixm3o"
"po.spillman@edu.tbz.ch"|"O$5vP0-@H4#KA-thmWRI"
"cecilia.plitz@edu.tbz.ch"|"ffX22i-y3rAuw-RZZATZ"
"lorene.ludlow@edu.tbz.ch"|"w3EMIP-4uC&sc-&Qd8o3"
"berangere.neligan@edu.tbz.ch"|"$NBL3L-Fsb5y9-eMp@cy"
"simplifies.huggan@edu.tbz.ch"|"bt2%Ya-r6da%D-BRRfM7"
"clelia.prandy@edu.tbz.ch"|"WmTOIe-bc66Gy-4V#tDL"
"ake.osban@edu.tbz.ch"|"kSTgeN-GLS9DR-2&rHfL"
"cunegonde.brunn@edu.tbz.ch"|"NU$SSi-UO4ONj-@WUKCo"
"long.grizard@edu.tbz.ch"|"bMKq65-V@feA6-46F#Y2"
"meghane.diss@edu.tbz.ch"|"GJSC0L-gEKEMS-Dl$byn"
"therese.oldman@edu.tbz.ch"|"SRndkk-wigkKX-pe3%Q5"
"boerje.scamerdine@edu.tbz.ch"|"WR0mpu-l@NaRS-CwA%4S"
"du.saban@edu.tbz.ch"|"&Ubf@m-CX064G-MCRUx8"
"hakan.clynmans@edu.tbz.ch"|"zOb$&Z-o7ewkI-#$n$QZ"
"wa.macdowal@edu.tbz.ch"|"%94ZHK-n7G7VC-jbw3mM"
"venus.hatrey@edu.tbz.ch"|"nr&JZN-SP1PL&-0xXmef"
"anaelle.vispo@edu.tbz.ch"|"9kPYus-dJiewQ-r%mbBS"
"mahelie.ollcott@edu.tbz.ch"|"$%TpUU-9KGlDI-yr&EEE"
"mediamass.whyman@edu.tbz.ch"|"RfQ$Vf-0y@T9N-xx&jzY"
"esbjoern.basson@edu.tbz.ch"|"@Z##Ql-u2wFHI-MrLk8V"
"andrea.morrill@edu.tbz.ch"|"bgz%yF-tzqeSu-TJyips"
"melys.grassi@edu.tbz.ch"|"2NiUI&-wowEfg-glt76c"
"leone.poleye@edu.tbz.ch"|"lIuRFE-GuRIP@-ATjUlX"
"francoise.penny@edu.tbz.ch"|"5lrvTm-06nzJ3-Ky$dFA"
"rebecca.edney@edu.tbz.ch"|"FJMNTj-hzS6&q-ZW$A9F"
"adelaide.murtagh@edu.tbz.ch"|"a6dcEH-xSrBdD-E0JW9v"
"stevina.winterbourne@edu.tbz.ch"|"ve8IDX-q9mqq$-t#zo8f"
"ma.cottom@edu.tbz.ch"|"&ilLJq-Xb#V2y-O2Fk@7"
"tan.harold@edu.tbz.ch"|"CVUJj4-1lkxxG-SptztI"
"venus.forte@edu.tbz.ch"|"QUN0%f-zYL4uD-yS35VU"
"almerinda.oluney@edu.tbz.ch"|"wVnpc$-TZLGfJ-UljXDi"
"cleopatre.brehault@edu.tbz.ch"|"4@Alun-Wai2sH-UV1KMn"
"interessant.lapides@edu.tbz.ch"|"6XZ9QV-rEz0hX-2nA3Mn"
"reserves.hallatt@edu.tbz.ch"|"kNsHLS-WOXuhW-ioi7HZ"
"annotes.birdwhistle@edu.tbz.ch"|"wtpOcI-iZvauo-H2ecfU"
"ai.dredge@edu.tbz.ch"|"2aA#ev-ioFzwR-I&5Hrf"
"megane.mussard@edu.tbz.ch"|"6O6Ul$-gg0qJ6-rGiPHX"
"esbjoern.gowrich@edu.tbz.ch"|"EVHbOj-7C$fu5-1w3bZ1"
"boerje.brislawn@edu.tbz.ch"|"xiqqL2-jp&DoC-IxnGjZ"
"becassine.wilce@edu.tbz.ch"|"pl%@ma-fwEat6-sHy3Zi"
"personnalisee.oels@edu.tbz.ch"|"6EqLNm-0dt&b9-my8PcG"
"verane.pett@edu.tbz.ch"|"Ismp7q-N7LHrl-K9hcFY"
"marylene.glewe@edu.tbz.ch"|"apa6uS-obBg54-1kE2yS"
"lai.elson@edu.tbz.ch"|"mtX8Gc-FRu5aj-dY1rmz"
"serena.difranceschi@edu.tbz.ch"|"Bws6FI-QM8yG#-nefRAH"
"lie.espinel@edu.tbz.ch"|"wfCxUi-OOxH9x-CaF08x"
"marylene.fantini@edu.tbz.ch"|"7xAzXU-x9#1Ly-x3x2Rr"
"andre.archdeckne@edu.tbz.ch"|"glp%j0-p%&rj7-hDvXqj"
"goeran.bohlingolsen@edu.tbz.ch"|"&q@0C8-n$yH3x-puh#aL"
"cunegonde.heffer@edu.tbz.ch"|"hGnuoj-CiA1y1-p%8jLT"
"tan.fechnie@edu.tbz.ch"|"s8TGq0-UJMhQg-4A6EOl"
"marie-noel.brammar@edu.tbz.ch"|"XVTITL-tAWliA-$6MbN6"
"simplifies.aven@edu.tbz.ch"|"6@36Lh-GgqOa3-VvJtY#"
"melys.pinchen@edu.tbz.ch"|"bBy0oy-1mQaar-LLB$uM"
"edmee.joyner@edu.tbz.ch"|"ztZH5C-32E5Ak-0D#M#H"
"berengere.edess@edu.tbz.ch"|"O$Va4u-HyM2MY-%L%H9J"
"marie-noel.goward@edu.tbz.ch"|"pXmoV9-W5ksJo-aBbBrp"
"ju.edmons@edu.tbz.ch"|"xFzk6I-vnvxf$-boJ6TL"
"frederique.airds@edu.tbz.ch"|"Gze%9h-drJGED-uj4Yd@"
"reserves.dauby@edu.tbz.ch"|"FnnmwA-qp1S98-lF1Bdi"
"hakan.gynni@edu.tbz.ch"|"Fch&wg-oszD0l-f0BCPm"
"leonore.pinwill@edu.tbz.ch"|"AUflwv-Mrpu4B-GlqGkK"
"marie-eve.mcallan@edu.tbz.ch"|"5cFjsN-ixSyal-4X3ER&"
"naelle.yeabsley@edu.tbz.ch"|"Orks8e-EOzHX$-foPvPt"
"nelie.jacobovitz@edu.tbz.ch"|"Vk2wkG-PUMUy7-NamFpd"
"adele.conelly@edu.tbz.ch"|"#gy49g-ZFFTH5-3u36vm"
"clementine.dondon@edu.tbz.ch"|"w%MZps-%39qfl-73stNP"
"zhi.willcot@edu.tbz.ch"|"MCR42W-FrbS21-0GYNoG"
"chloe.janicki@edu.tbz.ch"|"1ShTq4-tvTqyp-rpJi2w"
"meng.linde@edu.tbz.ch"|"2QQzQk-DT$p8U-bIoBYB"
"celine.janisson@edu.tbz.ch"|"Wswmz%-8Fx6U$-YSPe0z"
"clelia.crow@edu.tbz.ch"|"LEwrvz-toWGog-m5Nf5d"
"cecile.pyott@edu.tbz.ch"|"u%j81G-TU4YlS-8KNuP0"
"ma.fidelus@edu.tbz.ch"|"VU6hj0-xn6#ch-3J&VTx"
"marie-helene.poore@edu.tbz.ch"|"HX@GgC-mdJVP9-2A87Kx"
"elies.blanket@edu.tbz.ch"|"orIdYf-#RZ85E-5OB8fW"
"yu.boyer@edu.tbz.ch"|"7Ky%Fy-Ws6x96-n1hGqv"
"celia.welds@edu.tbz.ch"|"kcq8F&-YrV2@9-OgRWpI"
"du.gunney@edu.tbz.ch"|"XpvAMX-4GbYBH-zSVNmr"
"goerel.crush@edu.tbz.ch"|"&3A71&-n5LsK8-e0iKYK"
"marie-josee.brosius@edu.tbz.ch"|"lio21v-jeOwNR-@gdsDO"
"camelia.adds@edu.tbz.ch"|"g2zQsW-wxum32-NlNmrw"
"anae.irwin@edu.tbz.ch"|"jy$0VU-iI%Brp-OEGA2X"
"cleopatre.skeffington@edu.tbz.ch"|"UBo8m0-1iJT0$-phKDYv"
"gerald.suggate@edu.tbz.ch"|"C5Zkur-K@qc$I-JBng5&"
"laurene.tailour@edu.tbz.ch"|"oMBEyk-5Zudqe-M@6OEs"
"amelie.hoble@edu.tbz.ch"|"FqmxG6-MfvQau-dD2Ila"
"venus.getch@edu.tbz.ch"|"j1P1d5-7ybkVL-tyngIt"
"renee.treby@edu.tbz.ch"|"xPem1H-@FFjbT-Z@@d&F"
"almerinda.stait@edu.tbz.ch"|"1m3UTa-3PuU9S-DVXCa4"
"andree.reddecliffe@edu.tbz.ch"|"K7cgv#-H$9BNX-$iM6VD"
"leone.wintle@edu.tbz.ch"|"ZH&8FF-erAFPb-gPrO&j"
"gerald.fellow@edu.tbz.ch"|"mYRrO&-8odISP-oA7wMt"
"ju.gudger@edu.tbz.ch"|"t4NGfo-edJKCx-0Nu16q"
"meng.ohaire@edu.tbz.ch"|"Uwq0Jk-zDZT0S-Yhw5Ph"
"cleopatre.missington@edu.tbz.ch"|"tkRwH4-Tmfwup-$&6h%I"
"annotes.debruyn@edu.tbz.ch"|"uZoGRp-6sV5b@-v3zWNs"
"gerald.sinisbury@edu.tbz.ch"|"u5LC6G-$FYvTA-1SHij@"
"creez.slora@edu.tbz.ch"|"CQsBQo-KKsODE-uBv1h$"
"gisele.benbow@edu.tbz.ch"|"#rvcKe-eq48#S-mDwGo0"
"pal.dossit@edu.tbz.ch"|"N8GrNO-4q2mX2-hSP@jb"
"nelie.stirrip@edu.tbz.ch"|"M5K4B3-bd@cs8-fs%wmq"
"alois.ocrigane@edu.tbz.ch"|"k9Aafv-a99p&2-@IGmxC"
"kui.mcterry@edu.tbz.ch"|"$Muqo8-sDLl08-nbH8hW"
"long.willgoss@edu.tbz.ch"|"ZvbeYq-L2g77%-6Qd#5l"
"francoise.sumpner@edu.tbz.ch"|"f3lr%A-MQTdZp-1n2JL%"
"maely.grinstead@edu.tbz.ch"|"sgEoAa-WVLz2w-6y1LIw"
"creez.langeren@edu.tbz.ch"|"JuijUg-FmW4Lw-OQN08D"
"adele.dungate@edu.tbz.ch"|"BrJgFu-iK$ZdN-dGNaX5"
"cleopatre.noirel@edu.tbz.ch"|"WHf2sQ-7%UgTT-6HQcS&"
"interessant.daverin@edu.tbz.ch"|"gVp0td-ShZ2cK-PKsHL&"
"naeva.kalderon@edu.tbz.ch"|"&CiAEE-T2GNqe-Pptg&X"
"anais.oshesnan@edu.tbz.ch"|"@mUz#0-Nu8S@B-M47DJ3"
"judicael.anelay@edu.tbz.ch"|"ce3JKc-xV%6vB-aKw0xd"
"eloise.braxton@edu.tbz.ch"|"$BTMKM-YxsLAg-uE3c8@"
"desiree.greguol@edu.tbz.ch"|"9aL92l-0PkQCf-iWWGdp"
"maite.mcclenaghan@edu.tbz.ch"|"B9kIBI-x#i8wZ-Ud%UkS"
"meng.doret@edu.tbz.ch"|"%smEEJ-$6WVI6-ia1TaP"
"frederique.chippendale@edu.tbz.ch"|"PUcz1N-MelQOw-@923%F"
"andreanne.lanney@edu.tbz.ch"|"RiLTOB-acyt5S-yd9D#C"
"aurelie.claus@edu.tbz.ch"|"1cPb8y-9a4aXk-m@cchs"
"renee.pabel@edu.tbz.ch"|"YjCH3y-E#mCyZ-2M&bGe"
"maena.roust@edu.tbz.ch"|"mS2hc5-plJO6U-nog@TW"
"nadege.carwithim@edu.tbz.ch"|"RY6ygx-TpLwLg-Lm$@lo"
"solene.geyton@edu.tbz.ch"|"xLjWNz-Bb#&is-Sf@7HW"
"dafnee.avraham@edu.tbz.ch"|"K$#iHR-fBf1Qg-r$FNAY"
"leane.woolvin@edu.tbz.ch"|"vf9%Az-c6%gnw-PPMGrn"
"adele.macadie@edu.tbz.ch"|"3mCtCX-skGCGb-acl$Ar"
"meline.rubica@edu.tbz.ch"|"nA5ggd-ENvkKw-LlDn7o"
"marie-noel.speeding@edu.tbz.ch"|"A5t2$v-AnklrK-L0YgAK"
"nelie.mix@edu.tbz.ch"|"fpNHIH-C#X6%7-U%yfg4"
"clea.ollett@edu.tbz.ch"|"Mv$Abt-q@F3x6-b3bC9X"
"leandre.mcgavin@edu.tbz.ch"|"Zg6CCz-I$YQOX-stzDCu"
"cecile.behne@edu.tbz.ch"|"lvAHa3-4$LNll-LGUroF"
"melanie.polle@edu.tbz.ch"|"XGYLjQ-aZXw2$-A4L#BE"
"marie-josee.titmuss@edu.tbz.ch"|"xUsG04-RB@@Q&-90vKrv"
"helena.guest@edu.tbz.ch"|"@gYZS1-YOuhsz-1g#$uw"
"annotes.chicchetto@edu.tbz.ch"|"LQ&3xc-&6OpG&-9K8Ek9"
"melia.tubb@edu.tbz.ch"|"NjUb@R-0DBp3#-BwCFn5"
"angelique.casetti@edu.tbz.ch"|"FI9u2c-U8Y&Vm-DhuCxp"
"cunegonde.cleall@edu.tbz.ch"|"gwZphW-G8CIS0-yNsP2w"
"camelia.oaker@edu.tbz.ch"|"3E#P#d-QtQ@a4-1sS$5M"
"you.searight@edu.tbz.ch"|"DBif%l-&YpO$h-6AJTby"
"kevina.dederick@edu.tbz.ch"|"PLqFM3-RGe4VL-Dg3SGC"
"milena.jeffrey@edu.tbz.ch"|"ZyMdNi-tbqyNE-u96l3q"
"melodie.barkshire@edu.tbz.ch"|"quLf8m-25DPh3-tKD1Jk"
"gaelle.kreutzer@edu.tbz.ch"|"SLtlNu-%3gT@h-JtWKWM"
"kalliste.kleinpeltz@edu.tbz.ch"|"m#1#zy-sNpR&F-LMnRH7"
"clementine.danat@edu.tbz.ch"|"0#hsl%-Jb6v#j-kdASKg"
"andrea.wabb@edu.tbz.ch"|"TEhipA-kTbES9-NRaG$r"
"geraldine.piesold@edu.tbz.ch"|"lsZ#kA-2$KM#f-Q1WsaR"
"tan.fiveash@edu.tbz.ch"|"DzWLk#-Op8IjV-E23ypT"
"meline.yuranovev@edu.tbz.ch"|"7vlZya-Y0evv4-SPTy8m"
"therese.holme@edu.tbz.ch"|"8hPgHP-&D&#cP-@N4cho"
"salome.vaney@edu.tbz.ch"|"eYocs2-u&J&Dp-R1rfn&"
"anae.abramson@edu.tbz.ch"|"uYdBFW-gOBP$v-qMCR2Q"
"kalliste.jimson@edu.tbz.ch"|"34lvY%-Xt8D$&-8hBZte"
"selene.yole@edu.tbz.ch"|"fY5yQu-jx&xJx-dqVBjC"
"agnes.defraine@edu.tbz.ch"|"0FRCjj-5KdYqd-nkK8Ir"
"faites.mccluin@edu.tbz.ch"|"HXfjHt-iWz9s4-q&s5oE"
"athena.deme@edu.tbz.ch"|"vQc7Vy-G5b5Xb-%5N$4Q"
"daphnee.brigstock@edu.tbz.ch"|"k$ofvO-Srer5$-1q3vVJ"
"goesta.skaif@edu.tbz.ch"|"zoh3ka-X4YJBd-uKIh04"
"oceane.jagoe@edu.tbz.ch"|"PzC1ip-F6tV0c-TS&VVw"
"annotes.broomhall@edu.tbz.ch"|"ntAzDV-koy9xY-jaeIS%"
"marie-eve.ballendine@edu.tbz.ch"|"2r3&B&-KFSFgh-IBjK4D"
"melina.spykings@edu.tbz.ch"|"wuLmvv-2ZXjU#-C@OoQC"
"laurene.ticehurst@edu.tbz.ch"|"6AMVot-Pof7U%-3R&Fds"
"fei.avramovic@edu.tbz.ch"|"UxNRcj-GUeAeP-ouKBHF"
"publicite.strathearn@edu.tbz.ch"|"pZFvTp-GZ6FRm-JnvgUL"
"torbjoern.garrow@edu.tbz.ch"|"e9vrn@-mclFaz-cGyT3l"
"chloe.rubinsztein@edu.tbz.ch"|"E##CBV-TyFgGb-xkgvwg"
"mylene.demanche@edu.tbz.ch"|"UTB@Kp-VdWOlD-QRbXVR"
"mediamass.godlonton@edu.tbz.ch"|"J8BTGg-h0PKiK-01U68Z"
"renee.shurrocks@edu.tbz.ch"|"yd$Nbx-3v5rK0-1%Hdmk"
"maiwenn.jedras@edu.tbz.ch"|"EnTw7N-rU8JMc-%JY$Gg"
"genevieve.castells@edu.tbz.ch"|"lQeb%2-LpJtTG-6Wb5g&"
"renee.sneden@edu.tbz.ch"|"sYBieN-2Q3q2K-K38gs3"
"lai.mccallion@edu.tbz.ch"|"D#ktsF-D5cH$Q-6#&Y7p"
"kevina.impleton@edu.tbz.ch"|"$57D9Q-KQ#8j4-WaxegG"
"oesten.fresson@edu.tbz.ch"|"JVqDte-dWHO4E-uYWyVP"
"verane.shawley@edu.tbz.ch"|"JVfAxR-bYvwIe-Ud$Gfe"
"uo.sjostrom@edu.tbz.ch"|"MVdpHP-2vm9rg-zzDzTG"
"gisele.gothup@edu.tbz.ch"|"zd5BQv-GP2KBl-RjBUoO"
"renee.beauman@edu.tbz.ch"|"OhjMea-An66&P-u8XeDc"
"elies.loton@edu.tbz.ch"|"tsJ8$a-D4D2WL-ZnXlWM"
"valerie.elsmore@edu.tbz.ch"|"WMBs#a-cq$WRU-JI9rmE"
"berangere.delafeld@edu.tbz.ch"|"Ej83Bb-85$cia-F3JzA5"
"bjoern.schimke@edu.tbz.ch"|"2j5oha-g5IxlO-bp#t2v"
"loic.ericssen@edu.tbz.ch"|"gLTAsk-O7DNKe-cmtPSs"
"creez.richarz@edu.tbz.ch"|"Rg6WJv-WJXJ%B-2MPqzk"
"athena.grocott@edu.tbz.ch"|"Tx@XS6-q8rJ03-xClYf2"
"naelle.piotr@edu.tbz.ch"|"ffqO#P-36F0#%-RQZW0s"
"maella.paulson@edu.tbz.ch"|"qTQBnV-HDt$Kl-ilJlZN"
"song.perot@edu.tbz.ch"|"XiQ7y8-4AqAV6-ge9y5z"
"kalliste.heckney@edu.tbz.ch"|"Xpe$xs-YkuvEV-wPOtS&"
"ake.vasyutkin@edu.tbz.ch"|"7sF4$I-lFw&x8-9A&6Lz"
"ma.castles@edu.tbz.ch"|"rHSdVQ-WrxqvZ-Mq92nj"
"maely.monget@edu.tbz.ch"|"mFGi5q-S#ugWv-AbjXA9"
"tang.durbridge@edu.tbz.ch"|"XEN13&-sKzH#L-iL99vY"
"laurene.andrew@edu.tbz.ch"|"zjInhg-7rYHB4-sAw6YM"
"lysea.beacon@edu.tbz.ch"|"1PTtCo-3Wb52s-1KwgLX"
"leandre.peyntue@edu.tbz.ch"|"ddANCh-ZEhaeV-r&wsSr"
"rao.trever@edu.tbz.ch"|"4@SGJD-T8o2Fm-QOfJDv"
"mahelie.streader@edu.tbz.ch"|"YRrtY@-a@L6NI-Lt4BdJ"
"maerta.andrejevic@edu.tbz.ch"|"NvL4DM-#G8c5L-eMpLZd"
"goesta.tompkins@edu.tbz.ch"|"YBid&F-fg2WV&-7IUdIg"
"helena.agates@edu.tbz.ch"|"KlzQaV-BVRuJ5-rQ%u$%"
"therese.glass@edu.tbz.ch"|"Q@waqy-@syUXY-tr93p5"
"alois.foan@edu.tbz.ch"|"j3zuy3-$w0%GX-H39Qbj"
"becassine.melchior@edu.tbz.ch"|"yiX&#B-%1ympy-J7yVKH"
"cloe.robart@edu.tbz.ch"|"P%6rLY-rfszRS-9ty%4v"
"daniele.puckinghorne@edu.tbz.ch"|"RS$FY2-$YoZOP-tVeKHV"
"selene.cammidge@edu.tbz.ch"|"jVM%pp-aE0#IO-OqRQPJ"
"regine.conochie@edu.tbz.ch"|"JoSNpS-ZTFru#-d$1ifo"
"interessant.tuiller@edu.tbz.ch"|"%qxHtL-4bWSC0-BUgiMK"
"long.tiebe@edu.tbz.ch"|"ptKf25-HqV$zA-kmEbMv"
"mans.yele@edu.tbz.ch"|"rZgCgX-ymtHOk-j5PFbM"
"ai.giles@edu.tbz.ch"|"zpiFJ7-CMoDa@-Z0#TYQ"
"gaetane.hamberston@edu.tbz.ch"|"a6gtr0-did510-D63&Em"
"marylene.fenix@edu.tbz.ch"|"iU#eu4-e4PO5Y-SSxAxs"
"geraldine.graeme@edu.tbz.ch"|"LjRxLd-cLeZyw-w2L7%O"
"tang.kinglake@edu.tbz.ch"|"hB@xy3-0H2ge&-qteW&j"
"lai.challoner@edu.tbz.ch"|"mynCeK-3taT#P-%MfxWS"
"desiree.mattei@edu.tbz.ch"|"Qbpd4p-dFv$Sw-M6aWOC"
"ake.erley@edu.tbz.ch"|"C5pqyJ-&EvbQT-1KZ2@d"
"edmee.cavil@edu.tbz.ch"|"j&fdAO-R@SKIL-qD7ytf"
"alois.moyes@edu.tbz.ch"|"y#cEfe-4H7Tdl-WxUzxl"
"becassine.pitman@edu.tbz.ch"|"@$kLTh-t@tF4C-zFFpTC"
"ai.giacovelli@edu.tbz.ch"|"KER59Y-oEX4#x-jyE$lI"
"judicael.fruchter@edu.tbz.ch"|"2&6c#6-tnUJFF-dh49Cn"
"mans.mogg@edu.tbz.ch"|"mRpuF6-B7%XI5-V#Cu1M"
"gerald.foyle@edu.tbz.ch"|"wJINhF-MfrrgW-BFJsV@"
"wa.androletti@edu.tbz.ch"|"4N15sU-$5nNNs-KvvADq"
"meng.ollett@edu.tbz.ch"|"9vSjE6-kf@dzw-lt8FO#"
"naelle.macmenamy@edu.tbz.ch"|"l7JsMs-hi926L-JYxUob"
"gisele.mcramsey@edu.tbz.ch"|"tIasQ9-ET0gd6-Q9E3qf"
"meryl.scolts@edu.tbz.ch"|"KLyka6-Em@@Me-Ws@2Lx"
"celia.bloxsome@edu.tbz.ch"|"&$2IXa-$SeqgG-jL&qaj"
"styrbjoern.stuke@edu.tbz.ch"|"qt&yoK-$#H1k$-73w@Qx"
"felicie.gwilliam@edu.tbz.ch"|"ot3EcA-FJd@Dt-re94ad"
"da.harms@edu.tbz.ch"|"CK1EG2-RTbyNU-iSl5kW"
"celestine.baulk@edu.tbz.ch"|"ABEiTX-jwglgy-kq@Y3L"
"mahelie.blackledge@edu.tbz.ch"|"hmYxq#-A14ldB-DY2aCt"
"meghane.salt@edu.tbz.ch"|"vj8fDY-eFTTaN-dZ37Fl"
"methode.paxeford@edu.tbz.ch"|"eV#KaZ-4&uWw@-p4SyzF"
"asloeg.milligan@edu.tbz.ch"|"azlSUC-JAvL0b-sLRVBC"
"you.pellman@edu.tbz.ch"|"Q&F4eQ-Fc0sMi-kQXdxe"
"loic.regenhardt@edu.tbz.ch"|"1URxro-UYa#T0-j5rtuj"
"daniele.savill@edu.tbz.ch"|"NL7&Eo-BgKPa&-utyC5p"
"alois.cornu@edu.tbz.ch"|"UPXc0t-7pGgh2-XwTcVX"
"oesten.govey@edu.tbz.ch"|"cNBwWc-rAJOvu-yd9bLw"
"marie-eve.louch@edu.tbz.ch"|"4mFE#O-xqnUsp-g9W0ME"
"theresa.wenn@edu.tbz.ch"|"UMVmS7-#NAWWh-8vkhW4"
"andree.eul@edu.tbz.ch"|"zv&xIx-A%BM$d-XXUi86"
"lie.paynton@edu.tbz.ch"|"G4Y5Ev-375Zxf-LJO#Qb"
"marie-eve.girodier@edu.tbz.ch"|"XbyA%H-wT3r#$-Rmd$mH"
"marie-noel.smithe@edu.tbz.ch"|"8rR2u@-VE@uXH-W92C2c"
"men.bootyman@edu.tbz.ch"|"UgsWbL-NG4ihw-$tfLf0"
"ku.sugg@edu.tbz.ch"|"VBgKrz-X$ihmu-iqBRQp"
"lucrece.roseman@edu.tbz.ch"|"QlNX7$-U37G%C-T1i57$"
"zoe.annear@edu.tbz.ch"|"9fa3F8-QdikaD-RkLpYv"
"marie-helene.rennebach@edu.tbz.ch"|"9LyEha-J7QW#3-JQvpRW"
"lea.djurdjevic@edu.tbz.ch"|"&lXcHD-8b2siA-Ewx5Aw"
"goerel.robert@edu.tbz.ch"|"VeEVlo-jDf#mE-wkTbax"
"mylene.foldes@edu.tbz.ch"|"vPDv$A-CYdoq5-wa%MWF"
"faites.clegg@edu.tbz.ch"|"YyaUhU-7J3K7S-05$brI"
"marylene.crowcher@edu.tbz.ch"|"wcbvQw-9I4fnU-N$Zptl"
"aimee.wimpeney@edu.tbz.ch"|"1YdETa-hZemb4-yW#nwu"
"renee.atkins@edu.tbz.ch"|"lb6TxH-@hADGT-kSjdKl"
"rejane.cainey@edu.tbz.ch"|"HwJ1Pm-48ZqKi-VzaVw6"
"solene.britney@edu.tbz.ch"|"rLSYQD-0Jrjj&-ht@chF"
"marten.shatliffe@edu.tbz.ch"|"gHNLAg-yvd@V2-hg6mHT"
"maite.issatt@edu.tbz.ch"|"VuWObp-%eIa7b-8#9cTT"
"maelyss.edon@edu.tbz.ch"|"TQVY1z-XcFYio-Sg6uL2"
"nuo.bamling@edu.tbz.ch"|"zv8zja-UoixQn-VW8xmd"
"anais.edards@edu.tbz.ch"|"&mM0&I-@XkSX0-aqFsxi"
"mediamass.bromet@edu.tbz.ch"|"YlBOx@-DD#$Jk-wEzoIw"
"beatrice.kimbrey@edu.tbz.ch"|"faLTE8-BraiA0-bzVgyE"
"ines.lawranson@edu.tbz.ch"|"mjpOV1-O8rt2h-vJ2i9U"
"kalliste.scandroot@edu.tbz.ch"|"UeDu&Y-@qpGnn-R5&Di9"
"mans.barrowcliffe@edu.tbz.ch"|"7%nkIj-OYSaCm-7s5DJz"
"irene.couves@edu.tbz.ch"|"F5ogtD-LvlrIh-HEoH#4"
"milena.mucci@edu.tbz.ch"|"E%Ob4g-%9va8V-EHulxJ"
"naeva.cow@edu.tbz.ch"|"PTeWTR-AToAMX-Pj$w1&"
"audreanne.mournian@edu.tbz.ch"|"C81cUP-yCHxII-JyrlW1"
"melia.sinnatt@edu.tbz.ch"|"WmLRef-IExdVX-2w#DiG"
"nelie.burnard@edu.tbz.ch"|"%xfwyD-#2j2gd-6w97bd"
"clelia.ashfull@edu.tbz.ch"|"YfCdil-rj3#AL-uJHZTP"
"lie.macard@edu.tbz.ch"|"zhcvbL-PSYlhu-Z4SSI&"
"valerie.matoshin@edu.tbz.ch"|"E%Jl#e-kkogbA-RirO8$"
"anael.hatherleigh@edu.tbz.ch"|"P&LF1a-QeOcmj-Hdq$UZ"
"interessant.warratt@edu.tbz.ch"|"Tvi#@P-GakMzq-g2vpF6"
"eleonore.volage@edu.tbz.ch"|"3EvaEM-AmCIim-0j3@eJ"
"zoe.stebbing@edu.tbz.ch"|"@oPBu4-yMu69V-q6I70B"
"alizee.nye@edu.tbz.ch"|"6%dG&F-Xlm&dH-GML&pl"
"celestine.bramley@edu.tbz.ch"|"VxV#AH-uipmUm-L$UVzT"
"selene.philcott@edu.tbz.ch"|"7xfhbT-VHsY14-PMiXJP"
"tang.newens@edu.tbz.ch"|"rvHu$S-MxZuob-McIHC4"
"annotes.powys@edu.tbz.ch"|"5GMMwE-YtC@wf-Z%yrzA"
"lea.matthesius@edu.tbz.ch"|"pso9@Z-IRpD8i-6BYN2U"
"illustree.garlett@edu.tbz.ch"|"MY5Wja-qmV2Hy-gNEf1@"
"maiwenn.meachem@edu.tbz.ch"|"6kpSgj-j2#E6G-FjXPcI"
"marie-francoise.mcbrady@edu.tbz.ch"|"sC5i1$-BnVtr3-Uy9xgj"
"illustree.gimbart@edu.tbz.ch"|"kKDL1d-%A9xy&-0GMtMf"
"melys.lyosik@edu.tbz.ch"|"Ukd7DW-6ELlqU-hAIh4L"
"marylene.mcnab@edu.tbz.ch"|"KGivsu-fCOAIi-PxSE@E"
"gerald.blount@edu.tbz.ch"|"3gO#%V-6vFNUY-68oKI6"
"clelia.shakelade@edu.tbz.ch"|"nE$kfq-ZdzEXk-XNNh6g"
"penelope.cridlin@edu.tbz.ch"|"EBFH1U-EFFl8f-lIj6bc"
"maena.okuddyhy@edu.tbz.ch"|"7AH3PW-R40eis-AQ@hOV"
"athena.keynd@edu.tbz.ch"|"RlUOP2-v8p7Re-55%jpt"
"cloe.dwine@edu.tbz.ch"|"emDh$P-9mhQ2c-dUqJxo"
"josephine.browett@edu.tbz.ch"|"Gb19d8-uE13Y6-&#VD@g"
"audreanne.oscanlon@edu.tbz.ch"|"lpXuZQ-JTPrL@-21jU8t"
"fei.jeanequin@edu.tbz.ch"|"NQdEFY-kszOF6-C#KGcs"
"lois.gormally@edu.tbz.ch"|"B6euHm-9Fcm66-V8CKRO"
"marie-francoise.finnigan@edu.tbz.ch"|"n3mHkO-8Q0qLz-mHBbih"
"leonore.trussman@edu.tbz.ch"|"4uMYz@-jCct#B-03FHe9"
"anaelle.trumper@edu.tbz.ch"|"N6&YAh-6JtzmQ-$g7q$h"
"clemence.dionis@edu.tbz.ch"|"ERX25U-Qss2d1-Kwtn8g"
"lois.tranmer@edu.tbz.ch"|"SYbbkA-J0lJk%-966Y0j"
"interessant.volett@edu.tbz.ch"|"WhbaWx-e4FNca-Vi@SVv"
"personnalisee.deackes@edu.tbz.ch"|"&032KC-yjSYEH-70dsq2"
"lie.vasiliu@edu.tbz.ch"|"&hVYnP-oy75Dx-IMG5Pc"
"dafnee.lamputt@edu.tbz.ch"|"J@3Qq%-ptHFon-%Ek8L1"
"elies.bromige@edu.tbz.ch"|"bFhwo3-G9izVF-Ku$Oyd"
"helena.klosser@edu.tbz.ch"|"2CG5ar-%d0Qzq-Ye7Q6E"
"andree.grim@edu.tbz.ch"|"8iE6wt-p4Ui0B-HFqY%Y"
"verane.coldbath@edu.tbz.ch"|"fzvk59-jIhl9G-FiC@aq"
"helena.bethell@edu.tbz.ch"|"GPJQzQ-JglneR-#D6V7W"
"kalliste.carefull@edu.tbz.ch"|"vvP#i5-XJjbww-IswuT7"
"regine.odams@edu.tbz.ch"|"Hvp16K-Lj%rTV-ELJj&i"
"len.stannus@edu.tbz.ch"|"qjpUYj-Hx6DxP-#BmejC"
"angelique.works@edu.tbz.ch"|"W&I2zu-Td6FJ3-F%SO4I"
"goesta.rheaume@edu.tbz.ch"|"JQqC#9-a3DfOS-Xj8JeJ"
"maelys.tynnan@edu.tbz.ch"|"&U7UqT-YZ0iT4-asiW1W"
"maelle.carlesi@edu.tbz.ch"|"UzW8oH-aVoAYB-6eqWoq"
"anael.spurden@edu.tbz.ch"|"PtWbF0-QZkuNs-B1nRP1"
"helene.pumfrett@edu.tbz.ch"|"qed7%w-LlgjU%-ijv@zV"
"goerel.pearn@edu.tbz.ch"|"&5lpdh-iSYF13-F2r4Vo"
"laurelie.dezamora@edu.tbz.ch"|"s4Bd%#-Pu0Hfa-f2fKvF"
"yao.twidale@edu.tbz.ch"|"cRtFPw-pvTz1w-0cGOcX"
"berengere.sola@edu.tbz.ch"|"592elD-2y#Yor-fjY7L0"
"maelann.hardistry@edu.tbz.ch"|"DMtl1C-c@QPeX-3N7Z6s"
"severine.littlefield@edu.tbz.ch"|"zsW#J9-dPP%jP-PzhPg3"
"salome.heinl@edu.tbz.ch"|"pXqnXv-7E8WUr-UEkMl5"
"meryl.warbey@edu.tbz.ch"|"fPNV@x-XocYqj-zpXoTa"
"da.hunstone@edu.tbz.ch"|"U5VQWS-mhA4d2-HbS2ck"
"venus.broadbury@edu.tbz.ch"|"fuenmD-9xYP0H-#QzgLM"
"meghane.rentelll@edu.tbz.ch"|"mQ&&m3-brP2vW-s4#oWh"
"marylene.drewitt@edu.tbz.ch"|"sik70@-R0#LZ1-rmW94F"
"melinda.jacquemet@edu.tbz.ch"|"Nnafpt-CvQ1XV-bJzp32"
"marie-josee.keyden@edu.tbz.ch"|"OBihb@-BTBZKQ-FFiIPx"
"asloeg.montacute@edu.tbz.ch"|"pitLhh-#XREQV-icPMC#"
"ku.andreou@edu.tbz.ch"|"WZ@xaK-O8@UCK-c8hZsr"
"personnalisee.feaveer@edu.tbz.ch"|"1lfB#j-E4#I4T-gluur6"
"laila.emptage@edu.tbz.ch"|"El5CXl-8k6z5r-fPbIG0"
"bjoern.dawdry@edu.tbz.ch"|"ZSOyNs-Gv8OND-iCfP5S"
"marie-eve.dinsell@edu.tbz.ch"|"gRe9@p-PWi&Bc-&znSOf"
"helene.follett@edu.tbz.ch"|"ma83o8-eHTHlQ-F&oWhu"
"penelope.cordero@edu.tbz.ch"|"thzOz5-i9znzH-bZTR@v"
"boerje.beedell@edu.tbz.ch"|"zJukgJ-yNVvcn-r$EwbQ"
"nelie.ferne@edu.tbz.ch"|"JJ4YN8-a%%3t4-iDgHhu"
"celine.ahmed@edu.tbz.ch"|"1uXKJG-i&oI2Y-WIfzbq"
"stevina.pimblett@edu.tbz.ch"|"Ggcooy-8M@mIR-%eYuob"
"chloe.langlands@edu.tbz.ch"|"cnOlbU-0TKHFQ-0m0Vo@"
"simplifies.maude@edu.tbz.ch"|"NGP8%W-U36Vte-FWCI3k"
"genevieve.decarteret@edu.tbz.ch"|"aJMo2j-Iqv@tO-VfFUNi"
"marylene.mughal@edu.tbz.ch"|"Wkw&YG-Vsik3P-pw#Mxo"
"goeran.guttridge@edu.tbz.ch"|"vkhBaa-6cILew-ES#8Ho"
"michele.smurfitt@edu.tbz.ch"|"8M5#rE-2sEu07-%Sqbgi"
"methode.hadeke@edu.tbz.ch"|"8npAu4-1szeDm-6@GMKA"
"therese.rispine@edu.tbz.ch"|"LVyF9V-Ywl0ba-O#zw01"
"goerel.plumley@edu.tbz.ch"|"x#V2WU-X@rT5Y-wpjxko"
"oceane.friett@edu.tbz.ch"|"I8$EJy-OzMMri-RMr$gu"
"marie-noel.achromov@edu.tbz.ch"|"IQ$qp#-UEPaao-S$njdW"
"dorothee.storek@edu.tbz.ch"|"zJvmCp-9JzduR-ZJ%LTw"
"goesta.whittle@edu.tbz.ch"|"U8xaTP-a@XVSI-yu#k1J"
"desiree.casely@edu.tbz.ch"|"kk6S@M-gkM126-QtjI$4"
"felicie.condon@edu.tbz.ch"|"FV6HQn-sd&I5Y-7xAnQe"
"maelyss.frisdick@edu.tbz.ch"|"b&j346-7qCAlq-okuGV7"
"aimee.banke@edu.tbz.ch"|"GnRpF%-BsCA9d-jzeK%H"
"naeva.hodcroft@edu.tbz.ch"|"UB0mTq-H%@v39-Ik8oM0"
"laila.gerrans@edu.tbz.ch"|"JyUET4-sEs5wf-cowRCV"
"daniele.scrimshire@edu.tbz.ch"|"TQYCL7-$06LF$-#CQKx9"
"daphnee.sheerin@edu.tbz.ch"|"L4k3te-E6NMMj-N8zSqB"
"pal.vanyukov@edu.tbz.ch"|"1Rh$Hr-xM6uHa-pnm%zv"
"zoe.childs@edu.tbz.ch"|"ikvXw9-&w4%zV-DOUVtp"
"ai.corde@edu.tbz.ch"|"E@UL@w-xmAg6k-#8iiSz"
"maelys.berryann@edu.tbz.ch"|"bbai0e-%MP9OI-BJYolO"
"cloe.gladding@edu.tbz.ch"|"rthuRK-ZDObg$-u1#Fvo"
"wa.kinnaird@edu.tbz.ch"|"P1n1zY-cDUz#K-E55Gb1"
"publicite.brittoner@edu.tbz.ch"|"K0fczy-JdE$R9-kCD3Tv"
"rao.windress@edu.tbz.ch"|"dA5Qmu-0mzEBJ-jUyN@9"
"uo.kollach@edu.tbz.ch"|"aLVg5s-M$ap2s-&1ee&d"
"josee.peskett@edu.tbz.ch"|"3&4uyQ-2zZwi&-X@iTXZ"
"annotee.hasel@edu.tbz.ch"|"tuDhHO-hB3nfY-inaxdY"
"cinema.lee@edu.tbz.ch"|"5fdfr&-uBr8%4-Y2BHii"
"lai.vedeshkin@edu.tbz.ch"|"SMKItI-#s%JRU-KLhGCE"
"renee.brisbane@edu.tbz.ch"|"LE1&CI-keV9lW-VBMmt#"
"ophelie.blincoe@edu.tbz.ch"|"@satjR-1QL%SN-HHJn0@"
"zhi.prazor@edu.tbz.ch"|"3H#ram-oh5%v#-SEY5$A"
"annotee.maddicks@edu.tbz.ch"|"tHMfHP-h5OXb0-DodXQd"
"maelyss.codd@edu.tbz.ch"|"o$yz0%-re4MTr-%YVkMw"
"celia.peplay@edu.tbz.ch"|"MyXWU@-BYXiJC-STUMnp"
"interessant.skone@edu.tbz.ch"|"Y@$vVp-%RkJ3m-6VNCLL"
"audreanne.hebdon@edu.tbz.ch"|"g$JvgZ-Ku#Xp%-R8e%z4"
"oceane.glen@edu.tbz.ch"|"wZQ@uZ-6Roeyl-%zv2au"
"daniele.vanyushkin@edu.tbz.ch"|"gdvKFO-3h0zZd-FIOOP$"
"daphnee.ayce@edu.tbz.ch"|"K4UpZq-aSw4Hy-YDe7UE"
"andrea.attride@edu.tbz.ch"|"UrIXLW-GHu17H-sEK61g"
"penelope.bridgwood@edu.tbz.ch"|"5Dl#3D-Cy5qEu-qethG0"
"mailis.drewitt@edu.tbz.ch"|"NTJRIc-GAgzLz-p@$Q#T"
"penelope.mollene@edu.tbz.ch"|"#ZQLu$-Ot0Zvs-WS%MZJ"
"illustree.keely@edu.tbz.ch"|"L@hUvh-1l2AnJ-BByCJi"
"meng.brisseau@edu.tbz.ch"|"3AU9Ll-tmG6ri-7AFy9t"
"ruo.cleiment@edu.tbz.ch"|"ihi01z-Ooj736-ces2zY"
"maite.krammer@edu.tbz.ch"|"MjxzHh-A&r@ZP-W&CPps"
"genevieve.verry@edu.tbz.ch"|"avJWOp-N5zob3-zX580k"
"lea.olochan@edu.tbz.ch"|"N7YL3T-7BXY&e-9mJ9sA"
"naelle.brunnen@edu.tbz.ch"|"9soaXY-DhJzWO-eD4cfW"
"goesta.bragginton@edu.tbz.ch"|"3ZZRmv-PYMBT1-K$RQcR"
"fei.danilyuk@edu.tbz.ch"|"h7#q9K-T$kBVb-4lRwFN"
"adelie.turbitt@edu.tbz.ch"|"jLtmUF-J3Gn#l-8Zernv"
"marylene.nutman@edu.tbz.ch"|"%O1VBi-8Wv0HE-HV0KpZ"
"therese.barbrick@edu.tbz.ch"|"Xe#us2-w4&Aw2-nl8mJR"
"melys.kolodziej@edu.tbz.ch"|"TUFdC2-Sqf#Q5-f7UGd1"
"melanie.runchman@edu.tbz.ch"|"8WWqnk-Kj1W2X-obJa0n"
"serena.lafond@edu.tbz.ch"|"glDAXq-vwW0vO-SRZHeR"
"pelagie.desmond@edu.tbz.ch"|"nrsaXl-y03jM#-SSFHAy"
"wa.spickett@edu.tbz.ch"|"5klJnN-SUtFB7-duV%mM"
"po.shave@edu.tbz.ch"|"h$qNuc-X7Nnc3-gY1Pht"
"song.huikerby@edu.tbz.ch"|"HA8HM8-kjz36Z-REa#aB"
"melinda.bimson@edu.tbz.ch"|"9oN4EQ-CbzNKy-uR$KC4"
"personnalisee.toffanelli@edu.tbz.ch"|"Y5z4ZV-5A@CXy-Oilvhb"
"leandre.hurn@edu.tbz.ch"|"YAZBay-HIXx#M-7cf%kC"
"oesten.standell@edu.tbz.ch"|"Dlzm&I-Wr6nPg-J9MLhD"
"naelle.smaleman@edu.tbz.ch"|"&KJUfy-RI2P6z-tWGraw"
"berenice.tayt@edu.tbz.ch"|"Am9huR-S3%t5U-1Y2VFQ"
"kui.popplewell@edu.tbz.ch"|"xLkTe0-8wxPzr-fI&ZME"
"melodie.ferandez@edu.tbz.ch"|"PxDVau-VI90Lv-2ADxt&"
"josee.negal@edu.tbz.ch"|"C$BS5T-Obd5tu-bj@cn8"
"melissandre.ferrelli@edu.tbz.ch"|"H5QaIa-2PLGG6-zLBEjr"
"josephine.kemmer@edu.tbz.ch"|"AT8Z9Y-ID#@Li-N7rR1F"
"maely.cayette@edu.tbz.ch"|"rVsIL7-3KRJcN-3XdZSK"
"nelie.vela@edu.tbz.ch"|"GM0W@O-5Mz#yB-CfSZ08"
"melina.cortes@edu.tbz.ch"|"G4NgUg-l#f#fe-Ca7h2s"
"megane.leyshon@edu.tbz.ch"|"p54TFH-aya0Q$-TeA%N%"
"regine.harrie@edu.tbz.ch"|"EfuEQ2-tlRkUy-qs749A"
"mylene.widdison@edu.tbz.ch"|"8TpQrI-LTzVOP-djhffE"
"pelagie.vivash@edu.tbz.ch"|"Il6u%$-1@0FiZ-V#rC7j"
"styrbjoern.vicarey@edu.tbz.ch"|"Co#qYi-K#uUCE-jdRuoF"
"long.kyles@edu.tbz.ch"|"1a8%nK-BL4Bzz-5$v6%O"
"stephanie.gipps@edu.tbz.ch"|"6#0cHo-3G3XD0-fSA0cl"
"clea.constantine@edu.tbz.ch"|"IWuf1l-SNGEe$-3aAPkZ"
"maella.cometto@edu.tbz.ch"|"CstSoY-evx8Z4-ERSk0H"
"laila.aubrun@edu.tbz.ch"|"8e1htI-4d2lGs-rsR#o#"
"yao.austins@edu.tbz.ch"|"1CAgGT-RnpmK4-MNtEfm"
"mailys.rylstone@edu.tbz.ch"|"R2hfhn-1Xf8O8-H71QmM"
"adelie.curuclis@edu.tbz.ch"|"aCryF2-y#xcWs-qsq#8B"
"celine.longhurst@edu.tbz.ch"|"4&%WEo-xH6XCA-vHvULt"
"gisele.hazell@edu.tbz.ch"|"sEE2f5-lonmZk-tyt7LY"
"celestine.ciccone@edu.tbz.ch"|"t4oPnF-92oNxM-QTMj$$"
"maelyss.doole@edu.tbz.ch"|"@hnzo3-16Hx$I-qUpih4"
"helene.grimsdike@edu.tbz.ch"|"q6TNck-IFPUvD-zxoAz6"
"lie.macer@edu.tbz.ch"|"mWv6fe-46s36a-YAnPNM"
"maely.izard@edu.tbz.ch"|"9jVA7T-Ee90dM-7Oy$&Y"
"erwei.breewood@edu.tbz.ch"|"W%#9CW-16tNRK-Fd&3%F"
"chloe.woolford@edu.tbz.ch"|"MQItyz-VPHepE-eZlDOP"
"cleopatre.turpin@edu.tbz.ch"|"tJQduR-XiWd#1-hUz1Rl"
"melodie.surgison@edu.tbz.ch"|"qs&&PX-LJMKOr-R7Duep"
"elies.leander@edu.tbz.ch"|"NcFPdf-yuu3B#-zLDjB%"
"mediamass.reignould@edu.tbz.ch"|"cka@mF-%7c0y%-u@GtHy"
"celestine.wasmuth@edu.tbz.ch"|"3Pyo7d-xcwRsO-Qmbw@w"
"marten.jervis@edu.tbz.ch"|"VzVKQ8-Jf30l4-oRRgdN"
"daphnee.bour@edu.tbz.ch"|"Y%H5%P-$phIeg-fgYBrA"
"regine.harlett@edu.tbz.ch"|"4@seGQ-HLRDOw-FVG4Hi"
"noemie.macaskie@edu.tbz.ch"|"rEd63p-rgTKgV-Msk%9J"
"loic.renfield@edu.tbz.ch"|"dz2Nvd-TeJvi&-VKp9@r"
"venus.kleinert@edu.tbz.ch"|"9ZxPg$-O@cW#K-1Uf8f%"
"marten.burlay@edu.tbz.ch"|"KwOiOs-dQNp2a-mqFFzc"
"berengere.radsdale@edu.tbz.ch"|"MOx30V-uLDSLv-iMF1jn"
"genevieve.duckit@edu.tbz.ch"|"BPlTKU-yK4QrB-7ujxgA"
"maely.ligerton@edu.tbz.ch"|"Vy5eui-NLIJ&%-RGASm3"
"maeline.ricciardelli@edu.tbz.ch"|"#uJb#l-Abf$$N-JsSVo8"
"personnalisee.yggo@edu.tbz.ch"|"Yt40LZ-@3rRu8-pdpp0M"
"alizee.pettinger@edu.tbz.ch"|"FJZlZr-M#E1W&-&2Yo$q"
"desiree.curnnokk@edu.tbz.ch"|"SPdO8G-QSm4wk-8I0n8s"
"dorothee.minors@edu.tbz.ch"|"qu27Fh-D4Aq2w-yXns1I"
"oceanne.kopmann@edu.tbz.ch"|"Kpc&rY-7$hvV#-qMh#EC"
"almerinda.brodbin@edu.tbz.ch"|"F$eVp%-47cQEG-VlBz$m"
"yenora.carsberg@edu.tbz.ch"|"kIZJB2-Z181%0-7hZAO0"
"wa.beetles@edu.tbz.ch"|"fadrtO-Dba%17-haCe8b"
"audreanne.abbot@edu.tbz.ch"|"4bNJL8-jm0yhV-22gGnV"
"noemie.capper@edu.tbz.ch"|"arbxLn-Ahodwo-%@g@w4"
"mans.abramamov@edu.tbz.ch"|"2vbf@U-PuNbTq-gP3$pq"
"audreanne.blakey@edu.tbz.ch"|"kt1drr-ro6vMQ-Ix%OU3"
"leone.klimpke@edu.tbz.ch"|"dCMDVe-YOdNgA-e31HhX"
"lie.croston@edu.tbz.ch"|"t$5%Ij-DUq6D4-7gCg5N"
"anaelle.baistow@edu.tbz.ch"|"TFMogP-FQwoha-WiOavY"
"michele.garwood@edu.tbz.ch"|"wJ0NOI-XHN2SA-TXInj9"
"interessant.albion@edu.tbz.ch"|"QYv1I$-FU2j1u-AvIBW%"
"andre.brisco@edu.tbz.ch"|"pRddPR-8qomQB-0g4dZb"
"tang.totterdill@edu.tbz.ch"|"SetjL3-iIgXwa-C&P0LM"
"marie-josee.braundt@edu.tbz.ch"|"EIKh0y-Z0oO7R-QBxJCP"
"lois.galer@edu.tbz.ch"|"&Jtpqt-r#gnkn-xc351A"
"faites.pellamonuten@edu.tbz.ch"|"%j4V3f-ySxQKR-tEC0PH"
"mai.barfford@edu.tbz.ch"|"nEMEA5-mAr9ZG-6z6Ow2"
"laurene.macilory@edu.tbz.ch"|"5%$uPR-yB9&rx-xNs&$m"
"elea.peak@edu.tbz.ch"|"M&U#b%-&&8mFr-Zmb7#o"
"rejane.doni@edu.tbz.ch"|"fSgM&#-ucYfp#-Eaao4k"
"mahelie.ector@edu.tbz.ch"|"wMs7rb-StHpn@-yfW21h"
"rachele.allum@edu.tbz.ch"|"FsoOyV-QYUcDs-wwBJyF"
"laila.gerretsen@edu.tbz.ch"|"TjMxhz-Wr522h-tUiG4O"
"ines.bowman@edu.tbz.ch"|"3lH@lz-gDZh9O-PQ&ncf"
"publicite.barbary@edu.tbz.ch"|"uAexgE-AFgmH%-tL6ElO"
"mailys.smooth@edu.tbz.ch"|"1Px16L-&Q$WMg-eyrL2F"
"mailis.huguenet@edu.tbz.ch"|"8YYIYe-nfVfgY-i6rxc2"
"lea.ewer@edu.tbz.ch"|"nc5bsC-sB#yRZ-OxIBUL"
