"email"|"password"
"melodie.vandervlies@edu.tbz.ch"|"B8CvWk-IPludT-T%6Kp2"
"angele.edgecumbe@edu.tbz.ch"|"k5E7HX-mgDZbu-vAVEB$"
"zhi.andreasson@edu.tbz.ch"|"R6E1gH-Twk@fs-PH$LH2"
"judicael.koppeck@edu.tbz.ch"|"AtcB&F-lbR2i@-hBQ5uw"
"berengere.capron@edu.tbz.ch"|"bqnuif-RkVD#L-RHYHm7"
"leonie.brosini@edu.tbz.ch"|"i5@NbS-U2&ND6-yL3GnG"
"venus.garfit@edu.tbz.ch"|"H1NOpf-8E%%vo-@fQDV4"
"melina.janota@edu.tbz.ch"|"qivxYY-aeRDF6-5BT&QU"
"laurene.bake@edu.tbz.ch"|"ZbKCew-ZC4cpM-kyneIq"
"regine.dorkins@edu.tbz.ch"|"H6aiau-l35fGz-WLgzgq"
"cecile.moffet@edu.tbz.ch"|"G0DLLD-uF2bGQ-$u&0i7"
"maelann.labrone@edu.tbz.ch"|"ugQuxv-cBJcQt-@V$xVx"
"melinda.newbold@edu.tbz.ch"|"rC9QY5-kj0SFn-cB$g9P"
"mans.itzhak@edu.tbz.ch"|"0nxs&1-XQsfH0-iEzQqF"
"melodie.pattlel@edu.tbz.ch"|"gKIXUn-diWcn5-ig3db5"
"celine.bonett@edu.tbz.ch"|"RaiVcW-j$oNZd-IwdpFi"
"adelie.mcgreal@edu.tbz.ch"|"j8d&Eo-QLPH2#-$oyuR5"
"helene.soldan@edu.tbz.ch"|"zKtmMa-lsK#$$-tx%OBY"
"michele.cluer@edu.tbz.ch"|"ZWdgPu-zzBbmy-oRgf@b"
"maeline.mueller@edu.tbz.ch"|"cAmBHI-d#NHiD-Xj18A2"
"maelann.benedito@edu.tbz.ch"|"k1yL8a-cpLZBG-mhTNu$"
"nuo.gransden@edu.tbz.ch"|"shkjnk-$bzx8M-rWE7#D"
"berengere.stainton@edu.tbz.ch"|"d75I0Y-daME#h-j2Zw@Q"
"wa.sabater@edu.tbz.ch"|"r@yq7J-9VaJjM-h6jXqO"
"anais.cochran@edu.tbz.ch"|"zsn9VI-InN%9P-1Sh7nO"
"gerald.bessant@edu.tbz.ch"|"gN@tcD-BTPPdM-La#Ygh"
"ruo.coffin@edu.tbz.ch"|"XEa6qZ-ABts40-g0w9oS"
"melodie.mustill@edu.tbz.ch"|"Gw@e&V-J$mmSB-FoZXnA"
"ruo.stanesby@edu.tbz.ch"|"wgvI56-xmGqUZ-OBhgyq"
"noemie.antognelli@edu.tbz.ch"|"hq&CS&-$TAX9t-L6sU6m"
"maelann.hughson@edu.tbz.ch"|"h6HscX-@rhx8q-zUeYvK"
"milena.mieville@edu.tbz.ch"|"0WNV3L-a7#d4t-p&pwvP"
"mailys.chamberlin@edu.tbz.ch"|"nDZcMT-n3HxsI-Mk9oa3"
"nadege.tomalin@edu.tbz.ch"|"IMD&N%-Dk0eS7-48h#Ab"
"oceane.omara@edu.tbz.ch"|"ZRDlLM-jgoGxT-yrEQu$"
"cecile.aguirrezabala@edu.tbz.ch"|"O$%r2m-3$8n9A-I30$As"
"maella.gwillim@edu.tbz.ch"|"VP831@-VeiutH-@H#Y&e"
"lea.mcgahey@edu.tbz.ch"|"gWuKMh-bWZv4M-RsyQQ3"
"laurene.hagerty@edu.tbz.ch"|"FOPaVO-oV6#Gz-auVrjG"
"dorothee.link@edu.tbz.ch"|"%&kfRR-a%MU#s-4ibxho"
"clementine.kynsey@edu.tbz.ch"|"STB#q%-aqwa60-piVHO7"
"lorene.smitherman@edu.tbz.ch"|"9XG&a3-&nn%yg-kwYiEK"
"cleopatre.klulicek@edu.tbz.ch"|"j0tTzp-MfS@ue-SvDCAW"
"laurene.castaneda@edu.tbz.ch"|"JTXIIq-gU3mD9-TDPJoQ"
"melia.constant@edu.tbz.ch"|"urAEM9-txUgl5-NjAawC"
"lucrece.clunie@edu.tbz.ch"|"hzlzin-dy4BC%-iDr35%"
"eleonore.mcmurthy@edu.tbz.ch"|"HWI1k@-7gogLV-TFaDqz"
"melia.bevar@edu.tbz.ch"|"sbDAD6-n%iM2T-fepw#t"
"camelia.bontine@edu.tbz.ch"|"VcfPVI-SFEF06-6wnB#B"
"methode.jozefczak@edu.tbz.ch"|"5jqYzv-%pBEg&-cxw$mB"
"audreanne.hinsche@edu.tbz.ch"|"H0xv3r-3ftEON-xIfVPj"
"andree.varne@edu.tbz.ch"|"YLc&A@-58TWsw-x2vnJC"
"marten.kinleyside@edu.tbz.ch"|"PAlo#b-0Xl56k-1N4d8#"
"esteve.mcewan@edu.tbz.ch"|"LiIyLi-AkD8y8-O@qELW"
"leane.dibbert@edu.tbz.ch"|"z#6r2b-utOKvb-H7Kpas"
"ma.thewlis@edu.tbz.ch"|"$PX44P-3VFRd%-gn21LU"
"clea.djurkovic@edu.tbz.ch"|"a$@VCs-bc2W7&-zTVH8R"
"rachele.reburn@edu.tbz.ch"|"IAxWQ3-XmFPpq-Ld6tE$"
"gerald.gowling@edu.tbz.ch"|"OGL1tq-y7XKwN-VGSRfS"
"cleopatre.jackson@edu.tbz.ch"|"Whq4TM-hWgPsU-WtHDkS"
"desiree.haskins@edu.tbz.ch"|"MMVvB9-zzePs9-Sv$h6V"
"eleonore.longson@edu.tbz.ch"|"bRTj7%-1nECNr-ceREvM"
"leane.dybell@edu.tbz.ch"|"W%t&gI-#P8yaD-37LTVL"
"becassine.grzesiak@edu.tbz.ch"|"xrtQ$o-d8i@wj-J9GKCC"
"marie-josee.pickin@edu.tbz.ch"|"mhJIOX-&UqlAr-b19BSQ"
"marie-josee.roxby@edu.tbz.ch"|"i4QnAh-ZLwRdA-C%&Z27"
"leonie.feenan@edu.tbz.ch"|"k28K46-6IX#tT-ceawvH"
"valerie.ellum@edu.tbz.ch"|"u3ZUvd-ry#fNP-6&cv6G"
"ju.caseri@edu.tbz.ch"|"LpUUXb-RO@&%r-nBjBb9"
"boerje.strangman@edu.tbz.ch"|"NPzmYn-JDpzeo-%id2EC"
"beatrice.ghidelli@edu.tbz.ch"|"MmYM0Z-0BGn1S-J16DtG"
"da.jablonski@edu.tbz.ch"|"StnlUi-7JDq2G-Nrgmzw"
"uo.beveridge@edu.tbz.ch"|"EVhuHN-&kwmYz-zPFdJb"
"valerie.bestman@edu.tbz.ch"|"77%S4i-5bNK3G-HgGXez"
"marlene.pohls@edu.tbz.ch"|"1UD1wH-TOpEuc-kMNU9G"
"ma.nolda@edu.tbz.ch"|"LGMEBm-hCrlZv-BAGVDy"
"marlene.bisiker@edu.tbz.ch"|"TY7uIY-ggs0GI-EKK#lH"
"estee.babon@edu.tbz.ch"|"cAFyJu-2tpLU@-RXjlh9"
"simplifies.dmisek@edu.tbz.ch"|"PPQik3-pg&MLE-NrE##g"
"selene.ganing@edu.tbz.ch"|"Cqj&xR-NMskk1-9LZbyb"
"meryl.penke@edu.tbz.ch"|"koAG8d-@0C2RD-20nWm7"
"anais.rawcliff@edu.tbz.ch"|"$TPY3v-jQnUmZ-3QO4Im"
"melina.andri@edu.tbz.ch"|"zOWduc-AWwuy@-nVIg6o"
"audreanne.fodden@edu.tbz.ch"|"HMVkgc-hvj6XA-5UBRdp"
"bjoern.spellesy@edu.tbz.ch"|"5xf0Es-MzWJEF-sAOXh1"
"francoise.summerscales@edu.tbz.ch"|"ZJjjpe-gBgUVw-foogg6"
"laurene.ashtonhurst@edu.tbz.ch"|"i3UEL%-ZCz1AF-hq$&HI"
"valerie.petters@edu.tbz.ch"|"wq$MXu-AW5cj&-cr@yHB"
"anael.spenclay@edu.tbz.ch"|"fJVZ47-p@il%X-0ceFQM"
"stephanie.keech@edu.tbz.ch"|"jJWgj#-p@joiq-AvgrMJ"
"ines.deveril@edu.tbz.ch"|"EUJArw-&EEky@-58BQCf"
"berenice.gelder@edu.tbz.ch"|"CSinuk-uz16w7-FWfjBS"
"melanie.ofogerty@edu.tbz.ch"|"xuUfs6-7e@a8Q-zEFn8e"
"frederique.canepe@edu.tbz.ch"|"$dH7Md-E%#tYi-Y48ZlR"
"nuo.otton@edu.tbz.ch"|"DdCNFP-VKdgAt-N79j1A"
"genevieve.trusler@edu.tbz.ch"|"g9uigB-k5P1N3-5#GA#V"
"ju.boag@edu.tbz.ch"|"F0lczg-11dqvX-SUSI@Z"
"josephine.dilucia@edu.tbz.ch"|"q&k2Bh-N9ANcn-3&#6xL"
"laurene.armsden@edu.tbz.ch"|"DjRc35-VbRL@P-ZXKjml"
"becassine.griffe@edu.tbz.ch"|"Co6Ztm-uJVLc9-qJ4bBE"
"alois.parres@edu.tbz.ch"|"1h9W7$-VEPh@d-INZsDW"
"cleopatre.gaffey@edu.tbz.ch"|"J0NO2j-ln8yvQ-VAfmo9"
"andre.stiger@edu.tbz.ch"|"v&SwDn-lLPCd5-roGgXR"
"beatrice.godleman@edu.tbz.ch"|"CnN2Tl-bsiMYs-FXMlFy"
"hakan.harrhy@edu.tbz.ch"|"9&uDNv-AD2meI-u9K&GV"
"celestine.dagnan@edu.tbz.ch"|"jUdcW5-x6H3DM-8uUpYi"
"clemence.haggart@edu.tbz.ch"|"x3KkdX-IMgJxj-o9v@wi"
"long.caban@edu.tbz.ch"|"B0gl9k-qPF%zx-ya$QRy"
"gaetane.grimble@edu.tbz.ch"|"GaNRiQ-uewI3s-rhPkSN"
"maelann.piwall@edu.tbz.ch"|"tgelQu-&zx7o3-bv3LIb"
"magdalene.loble@edu.tbz.ch"|"dmN4Xr-Bcq&u4-MH2d6u"
"veronique.domaschke@edu.tbz.ch"|"jPsFYQ-@nX#%z-Qm1vi5"
"clea.herity@edu.tbz.ch"|"BkY9L6-AnCGM0-C164GB"
"maelann.bambrough@edu.tbz.ch"|"1kL9BB-6o%v6G-plWiTp"
"clea.goulstone@edu.tbz.ch"|"wy2zgV-$2pa03-f&jKHI"
"renee.deleek@edu.tbz.ch"|"RqpDPE-ZxnG$S-zFEWh3"
"boerje.rudderham@edu.tbz.ch"|"s$ieLh-qnrLx6-SEVTxR"
"marylene.broune@edu.tbz.ch"|"hSa58i-H2tLf4-mlIAXg"
"nadege.mccuish@edu.tbz.ch"|"nDSBC1-zhHII0-6M9@ol"
"anael.littleover@edu.tbz.ch"|"I8Q%Jd-s8PCQH-NEIldl"
"lie.baume@edu.tbz.ch"|"1Em7Qj-3l9cXe-vGhwWp"
"maella.murrow@edu.tbz.ch"|"JC9f4Z-Cuxz%u-j2Wc3P"
"cleopatre.pettifor@edu.tbz.ch"|"L6sM9n-WltpU0-ml1DnR"
"geraldine.asker@edu.tbz.ch"|"@vUYq1-cQOk0Z-LjqXRE"
"gaetane.smedmore@edu.tbz.ch"|"J%hW@b-6bjd#7-Wl3xjO"
"meryl.blencoe@edu.tbz.ch"|"7M0#ZD-aSQe7c-3rGrpr"
"aurelie.chastaing@edu.tbz.ch"|"%zjXMh-CZQdA0-XQpwcP"
"oceanne.marthen@edu.tbz.ch"|"YC%Whf-sHqd&M-ElAE$I"
"dorothee.burrill@edu.tbz.ch"|"28%toK-I0$og1-Lt5kBi"
"hakan.belden@edu.tbz.ch"|"kikWKX-3Oe6UZ-Bhql5W"
"celine.brunning@edu.tbz.ch"|"Zi1EP3-6G&cju-#1QPE4"
"anael.lapides@edu.tbz.ch"|"1mAnrR-%fddnY-z#%nA#"
"ruo.saffran@edu.tbz.ch"|"dCX%oY-F$h&&S-r3jla3"
"loic.gerretsen@edu.tbz.ch"|"etY#r5-Uxkg42-J#YCwh"
"rui.fitzer@edu.tbz.ch"|"%lZeE8-CC4PH7-#uMuC5"
"annotee.ogers@edu.tbz.ch"|"N3AAem-mXzDhI-RViY0h"
"boerje.bindin@edu.tbz.ch"|"OBC#mj-zH1K6s-TIAZYT"
"ma.cronchey@edu.tbz.ch"|"1XHiMr-w0Wf2P-jiYn69"
"laurelie.baiyle@edu.tbz.ch"|"2LmLo$-#3rc9X-pey3XU"
"dorothee.older@edu.tbz.ch"|"bXVxSg-#ijMgE-36fZtG"
"laurena.wile@edu.tbz.ch"|"ET5o@r-zt#9K8-PRR0J$"
"clemence.brito@edu.tbz.ch"|"ICKnEK-FA&e1F-7yYGb$"
"nadege.dallin@edu.tbz.ch"|"uQGvi6-nR3%mz-LjqIpx"
"mailis.matley@edu.tbz.ch"|"StezEp-BS1rGg-KG29h#"
"daniele.screaton@edu.tbz.ch"|"ia#Oug-DACTR&-cLkYTu"
"mediamass.godly@edu.tbz.ch"|"3zqCKN-3KaY4E-smFz09"
"leone.kremer@edu.tbz.ch"|"Ltvg8C-KrTP@W-rYjgfH"
"asa.adrian@edu.tbz.ch"|"J1lSFy-IUXF#&-#QVaY4"
"adele.doley@edu.tbz.ch"|"JV76Bn-f0CkrF-TMNee1"
"fei.sidney@edu.tbz.ch"|"gZZVx&-tUeQNQ-i1mW#F"
"marie-josee.walisiak@edu.tbz.ch"|"lpAxGu-SMRM3A-0qzwAm"
"desiree.diplock@edu.tbz.ch"|"E%6imW-0INfrX-#0xMJa"
"gisele.schust@edu.tbz.ch"|"wSm1F&-ypHG2v-963XZJ"
"ma.longshaw@edu.tbz.ch"|"UqlOE&-K%kmdb-5JAPSK"
"da.boother@edu.tbz.ch"|"eM8u@L-6$zIpL-&cK#JA"
"simplifies.chaudhry@edu.tbz.ch"|"YFjS%P-uKPlyc-jTjyD4"
"garcon.baniard@edu.tbz.ch"|"Zedh30-JEAYBX-QPyjld"
"gaetane.elphee@edu.tbz.ch"|"7AmXvX-OPCqP5-YdjO7O"
"gisele.hassey@edu.tbz.ch"|"VIc#$S-LdrycT-X5pUv0"
"oceanne.booley@edu.tbz.ch"|"8OenAq-TO81ia-M1LFJh"
"oerjan.dibden@edu.tbz.ch"|"uJNaNC-GR7B3b-COko#4"
"regine.ocleary@edu.tbz.ch"|"0b0CNy-DwmAj%-qPdHx%"
"selene.persse@edu.tbz.ch"|"$&BUSc-y8lWI3-7MMmd0"
"helena.adenot@edu.tbz.ch"|"Wfo$cf-ZwcFOA-8z0nod"
"maelann.wassung@edu.tbz.ch"|"eYkq#P-i4guDt-mP1kYi"
"frederique.ackermann@edu.tbz.ch"|"M0xmLz-ABG%o&-5UnfnU"
"audreanne.kahen@edu.tbz.ch"|"1BqBoR-Gwg%Lc-ph3A$k"
"maiwenn.lasty@edu.tbz.ch"|"tdXOPq-cTm9nA-8eT#P%"
"yu.dictus@edu.tbz.ch"|"trxUax-ZRP387-soH4hY"
"anae.dukes@edu.tbz.ch"|"g$u2jY-iRR5Ij-yI09mg"
"yenora.warr@edu.tbz.ch"|"wtMa#g-SUsqY1-AeEzoZ"
"esbjoern.archibold@edu.tbz.ch"|"tuW%9w-HafhyP-KoD6Nc"
"milena.pardal@edu.tbz.ch"|"EnopYt-aWk6jg-ksNpQR"
"celestine.graveston@edu.tbz.ch"|"aTgdlk-HR8NNo-f9%&uS"
"maena.dallas@edu.tbz.ch"|"KQ50Wd-WuCCWV-sZ4#f3"
"andree.tuke@edu.tbz.ch"|"7&5hs1-6eP3Vu-m%J#3@"
"methode.seldner@edu.tbz.ch"|"3jJZ3%-zOh7#1-EJH47B"
"venus.bullas@edu.tbz.ch"|"PNZ5TB-%lPp$s-yzhkZE"
"mans.aguirrezabal@edu.tbz.ch"|"SvcO3y-hJG&Ac-oZIqyk"
"gaelle.eadington@edu.tbz.ch"|"3$J$uk-LpXOk1-sHr5h1"
"anaelle.falkner@edu.tbz.ch"|"uuBblE-9W14J@-$BwTN#"
"ophelie.height@edu.tbz.ch"|"5ePgRY-t8QelG-JqInHo"
"marten.bolding@edu.tbz.ch"|"X@ys6e-mVUt7g-$wi1nD"
"pelagie.guswell@edu.tbz.ch"|"q%bu0#-O3xBYG-xfbAvR"
"gwenaelle.lecount@edu.tbz.ch"|"7M1f9C-&kojNT-Lf8so7"
"hakan.laden@edu.tbz.ch"|"gTlwH$-p5dq6h-%oW52S"
"marie-josee.hylands@edu.tbz.ch"|"iu5TgF-eOYrQJ-$lQyHQ"
"zoe.kingshott@edu.tbz.ch"|"SoY1mQ-tzdsdn-W57pqW"
"josee.janous@edu.tbz.ch"|"DX0Pd3-2GNgU2-zGgzQG"
"laurene.gallally@edu.tbz.ch"|"hpG8fV-nWlfcq-MDRpQ1"
"anael.bickle@edu.tbz.ch"|"hgYDdV-Vy2vHU-@GBo&o"
"mediamass.lebbern@edu.tbz.ch"|"6GeEXu-igqS5B-e2@3jY"
"berengere.hovy@edu.tbz.ch"|"t1l3yX-cthCX8-jLeh0$"
"oerjan.kilmurray@edu.tbz.ch"|"o@TjBT-Z&#K3W-esVaU8"
"asloeg.venny@edu.tbz.ch"|"jII4BP-0Q6BbR-9Nr#%J"
"marie-noel.stoad@edu.tbz.ch"|"lza&mj-JOiLru-sekCIa"
"hakan.pettifor@edu.tbz.ch"|"q$klaz-UlihHJ-Tyx5MD"
"maella.willgrass@edu.tbz.ch"|"Os2wMX-4PUgUl-dddM$x"
"therese.ludovici@edu.tbz.ch"|"SHDGZM-oBZ&Ec-&$auuK"
"stephanie.trewhitt@edu.tbz.ch"|"TAQwL2-awLFQ6-FYx5Ic"
"maerta.bauduccio@edu.tbz.ch"|"GwDvwJ-SfgXAg-lvZN#%"
"gaetane.glaisner@edu.tbz.ch"|"iyQcGx-OmU$Gg-k#kWD3"
"naeva.pargeter@edu.tbz.ch"|"izQhSw-c5&PCx-2huT8A"
"salome.venable@edu.tbz.ch"|"KsY7B8-rul2jz-cA%WfW"
"boerje.thickett@edu.tbz.ch"|"i1$Lvi-uKITe1-5ILCvb"
"lucrece.prendergrass@edu.tbz.ch"|"8usgrJ-j9CbVt-fwIR2D"
"laurene.ockleshaw@edu.tbz.ch"|"vcZI$@-xZiXA1-X42M97"
"cecilia.pasticznyk@edu.tbz.ch"|"KieYZr-3jEQLG-1%Q3Ca"
"stevina.mackey@edu.tbz.ch"|"atzT8Z-AFmQC%-H#4id6"
"marie-noel.reven@edu.tbz.ch"|"6xObL7-aD$NnK-czh2Pt"
"melina.quilkin@edu.tbz.ch"|"ncJN6R-yO5bSq-PoOwzX"
"marie-noel.ferrie@edu.tbz.ch"|"Nmz6vj-GFzx58-fbqjfo"
"leone.alphege@edu.tbz.ch"|"K7Fy0n-rWxYL8-pC%BXW"
"zoe.leverson@edu.tbz.ch"|"bh0tUx-o#LRzg-GDV@12"
"annotes.grayne@edu.tbz.ch"|"6fJbUt-$L%ECo-SK#QOb"
"faites.lalley@edu.tbz.ch"|"#4cvN1-GJjVcA-@6P8D5"
"adele.wallis@edu.tbz.ch"|"@XvBcO-xAX4Wr-bsR0Z5"
"severine.madill@edu.tbz.ch"|"JEYl1&-FuAN&T-p%rr5&"
"valerie.tebb@edu.tbz.ch"|"xfLFj%-O#oqIw-qLLl%p"
"kalliste.rasper@edu.tbz.ch"|"SltFEV-XsYsuM-E3KQ9R"
"audreanne.palomba@edu.tbz.ch"|"MvtpIw-0QY#GB-#6gSFD"
"elea.adamik@edu.tbz.ch"|"yxyWaY-&BBYxd-Z67ZJA"
"reserves.jakuszewski@edu.tbz.ch"|"wA1eTj-CUVT&k-3lm#53"
"athena.belhomme@edu.tbz.ch"|"VuF4&K-Q3y2Sr-7X%XSg"
"rebecca.crippin@edu.tbz.ch"|"c8e1A7-K87lF0-lZcBUC"
"maiwenn.curman@edu.tbz.ch"|"Ab9QIc-M&eA@M-s&b&v5"
"andree.bunner@edu.tbz.ch"|"ceRvP@-5ZG77G-v1u#ZC"
"ruo.winckles@edu.tbz.ch"|"qsERct-5SPfj0-TNtdzH"
"naeva.buntine@edu.tbz.ch"|"%DItrk-A&Q4vK-uAKCFV"
"boerje.dollard@edu.tbz.ch"|"#ES4DO-v2T7zj-p1pGO4"
"penelope.gorman@edu.tbz.ch"|"jrJrkQ-YItoFP-q8d5HY"
"alois.robelin@edu.tbz.ch"|"ANg@L1-%FY@qt-O3O1PD"
"anaelle.tindle@edu.tbz.ch"|"uX5I@O-NIveyi-iN0Cqv"
"ye.frears@edu.tbz.ch"|"&lysBJ-%4oAa6-vwov8h"
"andree.ovid@edu.tbz.ch"|"mBivCX-J9w$P1-G$T1&u"
"hakan.peat@edu.tbz.ch"|"tvpQYI-B4DfZH-VQ#mUb"
"andre.januszewski@edu.tbz.ch"|"nQDuSx-lFV@BT-##XAVa"
"annotes.clemmett@edu.tbz.ch"|"#Xdz2e-M57Nvt-N3vP8j"
"pal.lambswood@edu.tbz.ch"|"xglzuK-Y4SjC3-QA3IKD"
"yao.lenton@edu.tbz.ch"|"KdMiek-S4w&#y-q44XyP"
"hakan.boyton@edu.tbz.ch"|"fMKKyp-l2huGl-OaFLEH"
"nelie.forsey@edu.tbz.ch"|"AoR&zZ-#PFkMa-7e7CWr"
"hakan.horche@edu.tbz.ch"|"N3PI1l-ufXpgi-biWt4b"
"lorene.sinkings@edu.tbz.ch"|"08Mf$I-mgmcQ%-H1R@TY"
"marie-therese.creddon@edu.tbz.ch"|"7WVyjN-qSU#x0-faysg9"
"berenice.tolworthy@edu.tbz.ch"|"7ZG6su-kWBePn-SnyG46"
"theresa.land@edu.tbz.ch"|"GK#uc0-wGPayF-qwAQBb"
"marie-therese.gianilli@edu.tbz.ch"|"H6@$i6-8LEysh-01omWD"
"meryl.glew@edu.tbz.ch"|"1icO&l-8TEQRN-cPtK5s"
"adele.debling@edu.tbz.ch"|"OMHQve-FBko0l-6UdGt5"
"anae.metzke@edu.tbz.ch"|"mtv43l-9FBV@P-mjA1EE"
"gaetane.gooden@edu.tbz.ch"|"Ya4Lwn-yEcY&r-X5Lwjx"
"laila.bootland@edu.tbz.ch"|"6$9KHM-joO5JU-7bFOR5"
"maite.helsdon@edu.tbz.ch"|"gUHI##-0%ewkd-HjKqzg"
"andree.malley@edu.tbz.ch"|"60awdD-PQm39%-5kjUyY"
"pal.simmens@edu.tbz.ch"|"Q8x0tx-bElY5r-Ynx5uC"
"maelys.nuccitelli@edu.tbz.ch"|"iRNezD-Y6Svlq-O37dDn"
"dafnee.sibary@edu.tbz.ch"|"&uDh6Z-Gtxfnm-j$MZMc"
"alois.harsnep@edu.tbz.ch"|"uFeFNU-qAD0cK-r7D8hk"
"marie-helene.lacky@edu.tbz.ch"|"9BM59r-ig5ZoZ-BV6uom"
"mylene.youthed@edu.tbz.ch"|"XL50lK-lZid&W-zViA8@"
"marie-helene.dehmel@edu.tbz.ch"|"@9MsxS-QqZF16-3p@%do"
"angele.batman@edu.tbz.ch"|"%Jb4wO-p@zZ45-kORsrc"
"melia.younghusband@edu.tbz.ch"|"SfmxR&-o5EKJU-ma8ubu"
"eloise.baldi@edu.tbz.ch"|"h4U2CQ-j2VPuO-u7@XgC"
"illustree.dun@edu.tbz.ch"|"$K&1bI-g76W$r-Jup9A9"
"genevieve.late@edu.tbz.ch"|"7gZXaW-8lPJL&-#2pnDx"
"celestine.colville@edu.tbz.ch"|"XVzb2M-%j1GsQ-Wv130@"
"gwenaelle.scarlon@edu.tbz.ch"|"DMFm6#-bR3QEY-Y&OHjS"
"regine.boddie@edu.tbz.ch"|"zgxECO-NTKcHQ-#%TeKm"
"creez.gaughan@edu.tbz.ch"|"yPywZO-RK7#VH-RvQCeX"
"gaia.longford@edu.tbz.ch"|"1v2BVc-8Irm67-JWJFwj"
"mailis.buckby@edu.tbz.ch"|"h&$2vW-voQT3Q-UznzfU"
"song.parbrook@edu.tbz.ch"|"@Bgypc-dSkSml-CFyjj7"
"frederique.heddan@edu.tbz.ch"|"dyoig0-CXFKDA-Mzl38W"
"ake.kirtlan@edu.tbz.ch"|"b9ntLY-auWYgk-LOCzvJ"
"nelie.runciman@edu.tbz.ch"|"rxrKa6-EraAyB-I7DX&t"
"mailis.cardnell@edu.tbz.ch"|"@j8Ehc-qwn8Jh-a&JhVo"
"irene.navarro@edu.tbz.ch"|"YUN42s-UI#u#G-Li1Afp"
"maite.cough@edu.tbz.ch"|"WKODWg-1clEvk-IUYUOs"
"anaelle.stocky@edu.tbz.ch"|"ibCHV@-chuF5%-7cQnuT"
"methode.moulder@edu.tbz.ch"|"HRsbDQ-33L8f7-@dlrHP"
"po.stafford@edu.tbz.ch"|"ttGXC0-$&8Slq-kIsksG"
"faites.scraggs@edu.tbz.ch"|"Lw@iDQ-8PouCK-WZe3mE"
"adelaide.dullard@edu.tbz.ch"|"xB6oA7-J3HWp8-LqNJbH"
"desiree.leonard@edu.tbz.ch"|"a&40CA-TlVsSF-37Tp$b"
"geraldine.badgers@edu.tbz.ch"|"3xj6Gt-#Vgg7I-RXgZQC"
"ruo.masic@edu.tbz.ch"|"01BhD3-MGLt2B-FFSvGJ"
"aurelie.lieber@edu.tbz.ch"|"F5CiOl-BmlWT4-idQNN9"
"naelle.balcock@edu.tbz.ch"|"UJEYkR-j&dyZG-3riEcK"
"camelia.elger@edu.tbz.ch"|"dc3lla-ycejFp-@RoSlH"
"publicite.oakeshott@edu.tbz.ch"|"#oYT4Q-6%D38%-n@rVR3"
"cleopatre.fawley@edu.tbz.ch"|"nnT8cj-BUAheN-gFEy0#"
"laurene.bruckmann@edu.tbz.ch"|"EfwUvm-B$3NqS-$j16Bn"
"rui.haughton@edu.tbz.ch"|"OTJi8%-rkLXqe-sa3@$N"
"asa.ladewig@edu.tbz.ch"|"PKufNJ-v&PybA-fKrBJy"
"gisele.janecek@edu.tbz.ch"|"8VyKDv-0yOWs2-801jWY"
"maily.loveridge@edu.tbz.ch"|"Njtytr-TqDu#R-VhTQRL"
"marie-eve.yurkiewicz@edu.tbz.ch"|"r9h7b2-0QveFA-hCJ8ED"
"fei.roder@edu.tbz.ch"|"ZKYVtP-HK@7PL-5IlkJu"
"edmee.chatburn@edu.tbz.ch"|"IbC59@-5vR6Na-hxa8Sf"
"geraldine.darke@edu.tbz.ch"|"PcBIPj-H@KKX&-%W%qPy"
"ye.jira@edu.tbz.ch"|"b8qM1y-EH44ef-0Ig7bz"
"publicite.persent@edu.tbz.ch"|"bqSN@P-Au6WOu-KP7txj"
"severine.wilcox@edu.tbz.ch"|"zfvj0c-cfk8yv-z0E#ff"
"yao.mcclaren@edu.tbz.ch"|"hUm%jQ-ce34kB-9YI37v"
"theresa.foynes@edu.tbz.ch"|"vo1PkA-HaPKtb-JTK%uN"
"stephanie.isley@edu.tbz.ch"|"yBihwR-mG71D@-dd$cTh"
"torbjoern.growy@edu.tbz.ch"|"KJ4O@w-1t8hLE-ZNIOP2"
"eloise.tunnadine@edu.tbz.ch"|"%pf2HI-zHry%g-6nqEgX"
"maeline.cossentine@edu.tbz.ch"|"Y91d%L-%saGzH-BTgTuj"
"nelie.desantos@edu.tbz.ch"|"tSj%Mq-EE5qVd-2Ttxum"
"gaetane.axston@edu.tbz.ch"|"leeciJ-jEcYOX-ifbg5c"
"aimee.merman@edu.tbz.ch"|"uHewp&-KijoTO-&TEGJg"
"oerjan.drivers@edu.tbz.ch"|"p$qu7$-hcs5T4-3C5o7F"
"aimee.miroy@edu.tbz.ch"|"0cvJC#-OOnrcr-6y7uJ9"
"nelie.glyde@edu.tbz.ch"|"LmDYkr-x6QKZE-WQbQib"
"hakan.kapelhof@edu.tbz.ch"|"@haOGY-9IYsDk-0i0NcN"
"maelyss.cauley@edu.tbz.ch"|"wYiOJF-Fs7EBF-lY@9j5"
"elea.vaggs@edu.tbz.ch"|"TNwIww-kL#e8o-iN4N9G"
"maelys.but@edu.tbz.ch"|"A$%LYS-IyO4vW-MgsrXM"
"maella.arthurs@edu.tbz.ch"|"fN40#c-CATdcC-KX$$SU"
"adele.liebrecht@edu.tbz.ch"|"vdLFr@-nhn&FL-UxK#NX"
"meline.lomasny@edu.tbz.ch"|"cuW24o-hz5Iac-%#Jevh"
"mediamass.schwant@edu.tbz.ch"|"#v379j-5nn2Ao-DRShId"
"leone.saunt@edu.tbz.ch"|"azW#A4-rcZhoP-tX8ssF"
"annotes.gouch@edu.tbz.ch"|"3QmO1A-m%2wa7-hAE2RC"
"gaetane.bowich@edu.tbz.ch"|"1XiTbO-O8ZJY2-BOAVHM"
"alizee.strelitzki@edu.tbz.ch"|"xaFNNm-tQbmzO-DqpNQz"
"leone.poile@edu.tbz.ch"|"3S2UFa-EBpS#V-&eH@tO"
"amelie.saban@edu.tbz.ch"|"4cDOxM-PTyDue-YdnQ5W"
"marten.mcmenamin@edu.tbz.ch"|"mkAXkj-pgCFAR-bR2bbs"
"becassine.keets@edu.tbz.ch"|"e4@BAY-kfrJGp-JU4xiQ"
"celine.million@edu.tbz.ch"|"kpCiF9-aDaIEg-iedPcV"
"geraldine.belitz@edu.tbz.ch"|"e@qiZ&-2tBQ1#-Ic3hWC"
"salome.mardling@edu.tbz.ch"|"G5hjKo-16g5Ui-ewbp9J"
"melia.blakemore@edu.tbz.ch"|"U4dvJ@-meG$B8-9LUfdn"
"dafnee.mcaulay@edu.tbz.ch"|"7@h#Yf-3nqe3x-D9DQuO"
"garcon.dennett@edu.tbz.ch"|"Bki#al-zjIy4N-XTVCYs"
"interessant.lesor@edu.tbz.ch"|"yLmD24-P7btB6-ui8EZK"
"annotee.wasbrough@edu.tbz.ch"|"#lB##q-V@#aa9-U0IKc1"
"asa.ibbeson@edu.tbz.ch"|"hiU80d-3Gwh4f-HdN&ki"
"maily.kennealy@edu.tbz.ch"|"A6Lc5V-ts$lCb-d&VMoI"
"ye.seares@edu.tbz.ch"|"t$r1UY-EvX5aP-Mr$kGn"
"athena.harbron@edu.tbz.ch"|"@Al&qa-v&KHTC-Xz4Sa1"
"andreanne.portail@edu.tbz.ch"|"EMxFk4-9ZpW6M-NBI3t4"
"goeran.zannelli@edu.tbz.ch"|"q8wo$y-u1SKs1-WcB$8O"
"gerald.leathlay@edu.tbz.ch"|"1f7TM2-LBg8DZ-k6xJwZ"
"andreanne.chown@edu.tbz.ch"|"t768eE-TXr40l-17O&bn"
"esteve.clementel@edu.tbz.ch"|"@b&isL-c6gvJu-M6YBeb"
"leone.legan@edu.tbz.ch"|"hIGu@E-NTIbjX-VjA7aZ"
"maena.pownall@edu.tbz.ch"|"NM4f$5-oEDz7a-kgqduo"
"andree.rettie@edu.tbz.ch"|"ggy%In-7i2ND0-80%02h"
"ines.kenwrick@edu.tbz.ch"|"7rV%lj-yRnHv%-gccrKf"
"marie-helene.yarnall@edu.tbz.ch"|"FR@m67-jIT4dg-O8g1uv"
"po.martin@edu.tbz.ch"|"gzWeBe-phqgKz-8CoNNV"
"ruo.celiz@edu.tbz.ch"|"9Z5iH&-p3@1hj-oxN@LX"
"po.bissett@edu.tbz.ch"|"zhQEbo-$T@Az@-LblPuF"
"du.swindon@edu.tbz.ch"|"hxthb4-ENPYbB-p4CQER"
"interessant.gouldthorp@edu.tbz.ch"|"7uO5Kp-36M6lV-hkbY2c"
"leandre.lilburn@edu.tbz.ch"|"s2xx28-zBfGRs-ArmSnk"
"bjoern.whales@edu.tbz.ch"|"0wsMcD-4OOBD$-j$Yu@z"
"interessant.dieton@edu.tbz.ch"|"il$92W-cbQ8sb-kmFO%g"
"celestine.redhills@edu.tbz.ch"|"7mZk@4-vHtRdJ-hBsvts"
"tan.yakovlev@edu.tbz.ch"|"h1Celj-JIs&iF-XvMpQ8"
"regine.mcdowell@edu.tbz.ch"|"$qZHDI-qSc@SY-lKzmn6"
"ju.coysh@edu.tbz.ch"|"KOy&WM-9zttZS-iK7djL"
"reserves.ofallon@edu.tbz.ch"|"uPfaUA-BFdsLq-Rch2Q4"
"frederique.sobey@edu.tbz.ch"|"Qc%z7t-yJ4uGB-zSC4Qo"
"marie-eve.garstang@edu.tbz.ch"|"NnlG$S-HeYIas-der$XS"
"andre.tapin@edu.tbz.ch"|"IbpXsP-VF3%Rd-E8le0u"
"esbjoern.eynon@edu.tbz.ch"|"62%tsW-TXVlMF-6tGPAA"
"maella.duffy@edu.tbz.ch"|"LTOIz&-09aQRg-uExnm8"
"leandre.twinning@edu.tbz.ch"|"tiDh4e-QnTV1Z-aD4Mn1"
"mai.whittingham@edu.tbz.ch"|"%ClW1P-3SkBoQ-hYbvM8"
"rachele.shevelin@edu.tbz.ch"|"@S7wBQ-t@JQH2-#qHfkx"
"cecile.mcure@edu.tbz.ch"|"GQXL#a-H3JCD@-A1tRtP"
"marie-eve.yurkevich@edu.tbz.ch"|"OkwRz0-hfV7WD-UeIx&0"
"almerinda.paice@edu.tbz.ch"|"h&@$gM-Ip#Hc2-AU89IY"
"rao.howkins@edu.tbz.ch"|"WzNpxA-iSYoEw-aJr#yU"
"serena.pack@edu.tbz.ch"|"E8f&7e-mvjqlg-iCzrJy"
"rebecca.mant@edu.tbz.ch"|"qm0bev-Wx#h1l-TUEBta"
"reserves.spitell@edu.tbz.ch"|"9XMjBg-lnWk1q-F$Db%j"
"garcon.hamfleet@edu.tbz.ch"|"0gFDy$-WJ@Z9r-YUV3hx"
"methode.kerkham@edu.tbz.ch"|"O72Ciq-dqzxtM-&lc5rL"
"pelagie.camies@edu.tbz.ch"|"mjingx-a2Hj$k-OSEDsC"
"josephine.macpharlain@edu.tbz.ch"|"WPr7TK-PU$K3P-Mhqz9M"
"eugenie.mathet@edu.tbz.ch"|"7y0YND-B1Vd@K-hIW#kg"
"gaetane.brangan@edu.tbz.ch"|"GXMjuU-#1qctg-BuFkIy"
"michele.dewbury@edu.tbz.ch"|"tfdyCo-Y7m#w7-#NOrP8"
"eugenie.elcott@edu.tbz.ch"|"JTVWPJ-V&gYxT-QiGThS"
"megane.harniman@edu.tbz.ch"|"uL0ECW-waReH6-adSLw2"
"agnes.cluney@edu.tbz.ch"|"@Vy9Cd-vAtXJq-J#gI3a"
"marie-helene.angear@edu.tbz.ch"|"p3PoXd-ihKZ#R-qYr0D%"
"melia.dolphin@edu.tbz.ch"|"RIv1BU-1h7nmP-0eNbMA"
"lois.ruseworth@edu.tbz.ch"|"N15WqA-VXCCVT-N9%Uwg"
"mailys.ryding@edu.tbz.ch"|"I#Erhi-QOllpP-2WmB@B"
"rachele.wulfinger@edu.tbz.ch"|"pd&u1R-gwpCzG-1UyZ6g"
"gwenaelle.talton@edu.tbz.ch"|"kQDwDV-sHNk3E-bVxZY1"
"long.ronchetti@edu.tbz.ch"|"aQ#skp-2Ocr$4-Yvp2LY"
"styrbjoern.kloska@edu.tbz.ch"|"4ptLQF-5&lBuU-RU#5qY"
"len.sudran@edu.tbz.ch"|"ZpZ0qk-mupw3Y-Lp#eDR"
"maelle.andrysek@edu.tbz.ch"|"SUjoWq-c%H@E0-@34II4"
"selene.senior@edu.tbz.ch"|"C25GQ8-J3b6kr-pgBeb0"
"anais.joskovitch@edu.tbz.ch"|"GmTO0h-%su4Xp-tu7Xln"
"marie-noel.dally@edu.tbz.ch"|"lcsx&O-qXBQh9-1mtn0E"
"marie-helene.laurence@edu.tbz.ch"|"CmhgWL-J2ZQKn-5QhFKp"
"camelia.foxon@edu.tbz.ch"|"8&g4%y-AlZgc@-Bmy%0#"
"helene.cankett@edu.tbz.ch"|"exGNg&-8SgnzO-6wG1eA"
"marten.mitchelson@edu.tbz.ch"|"m23cUS-wjv9q6-CVcSJq"
"helena.stirtle@edu.tbz.ch"|"r$rISk-V$IPVz-CphEqk"
"leane.barmby@edu.tbz.ch"|"ZjtKTa-hWZeB1-Uw&%u7"
"goeran.ofinan@edu.tbz.ch"|"&DHLZT-VyC7dK-8tf3t6"
"styrbjoern.proby@edu.tbz.ch"|"zbTBiA-KKu8f2-VHqbFw"
"zoe.halse@edu.tbz.ch"|"P2285u-LklQxg-ycVk3Z"
"kui.drable@edu.tbz.ch"|"TQPgVU-BgGKMX-w2jtIk"
"desiree.bamford@edu.tbz.ch"|"&jF7%w-o2$fF6-svl5fG"
"zoe.suller@edu.tbz.ch"|"kacjB4-tDuCmP-7%ZsGq"
"marylene.audiss@edu.tbz.ch"|"osXms0-sgWnLc-op@6Rj"
"adelaide.poznanski@edu.tbz.ch"|"jBpvCM-KdQA6Z-1lIRgF"
"maella.coleyshaw@edu.tbz.ch"|"icKsPn-&4jgXL-%$l7i5"
"marie-francoise.gelder@edu.tbz.ch"|"i$UimT-npFaZi-WIY@se"
"eleonore.chaffyn@edu.tbz.ch"|"WHlYOY-99&pXF-k8iitQ"
"celestine.sikorsky@edu.tbz.ch"|"bomKK1-cwhU2r-CDgiW4"
"stevina.londsdale@edu.tbz.ch"|"InFaVS-&lQotf-4YWdcn"
"maiwenn.nevitt@edu.tbz.ch"|"9vz8vh-y2u1ai-18JowD"
"magdalene.gerrey@edu.tbz.ch"|"S0b$mm-m@5t2f-lCdNms"
"becassine.latimer@edu.tbz.ch"|"xYpOm#-2cwrvn-zp0wpl"
"da.lethibridge@edu.tbz.ch"|"53XsIO-@mduvL-tD3p1n"
"mailys.claige@edu.tbz.ch"|"M1%#xf-KOHdeh-cuhKBe"
"maena.torbard@edu.tbz.ch"|"bp4W9r-9WpUU3-Cp8g10"
"solene.lyvon@edu.tbz.ch"|"cP3UQo-YLOB7t-wLq2Fe"
"marie-therese.benbrick@edu.tbz.ch"|"Zwjnzw-f2bsX1-OvjLy%"
"gerald.edmonson@edu.tbz.ch"|"WrxKsp-9Lb9JW-K7#BXh"
"ake.messruther@edu.tbz.ch"|"Nzcl%r-z0cPH0-rDUjRy"
"men.gosneye@edu.tbz.ch"|"cKMd%4-TBeuz7-ra2mZ3"
"anais.jefferys@edu.tbz.ch"|"%&FoYm-e0F1WJ-fLm9gJ"
"publicite.tregale@edu.tbz.ch"|"&PyQB3-FxyKPG-OZWAq9"
"maily.santorini@edu.tbz.ch"|"URZGFr-jGDr@H-vwKRHF"
"ines.pioch@edu.tbz.ch"|"$VuD$c-@WiKOE-CRKKcO"
"noemie.marklew@edu.tbz.ch"|"65pSe#-cWSnqp-LdQ&91"
"meghane.maccaffrey@edu.tbz.ch"|"qnnHvz-RYpAm3-XfX2qk"
"berangere.ambrogio@edu.tbz.ch"|"FaIiXX-j7zp78-KdAiUw"
"mediamass.ryce@edu.tbz.ch"|"LPO0ja-I&pHRi-LxX24t"
"oesten.ubank@edu.tbz.ch"|"Gj05%D-TmCE2T-vEQWij"
"melina.mackee@edu.tbz.ch"|"mJk4XC-&JPN48-H9sp#z"
"theresa.livezey@edu.tbz.ch"|"C2pol9-nnlfvr-9pleZ3"
"clemence.weal@edu.tbz.ch"|"dT&HNV-4eqPsc-nOntdR"
"faites.overton@edu.tbz.ch"|"NUB653-BQidH%-YHkxc0"
"clea.lindblad@edu.tbz.ch"|"Kfr#6T-QoNWOG-sQBp1c"
"josephine.roseaman@edu.tbz.ch"|"1#dwIM-0omm4L-4UfWT3"
"oesten.lowbridge@edu.tbz.ch"|"Ny8r4J-d%mbJA-206AbV"
"marie-josee.brion@edu.tbz.ch"|"sZZk4r-8Pv3d4-V#dv4Q"
"therese.basili@edu.tbz.ch"|"EyklFj-MKZSsW-&zazdK"
"melia.vertigan@edu.tbz.ch"|"&8lPOg-XLs2z&-64iRhp"
"judicael.saull@edu.tbz.ch"|"VZEDGF-ozdKqU-SUHHMx"
"selene.valentine@edu.tbz.ch"|"Yugq7q-qFbv%x-vSBI6J"
"verane.dunlap@edu.tbz.ch"|"D4PS&1-6n%YRY-1mOJXe"
"meline.kinnear@edu.tbz.ch"|"3Z34KT-pHtlKs-08%lpT"
"lei.luttgert@edu.tbz.ch"|"WNiskA-3fiqE%-7GpCvF"
"styrbjoern.lathleiffure@edu.tbz.ch"|"BjS%lY-TVhbRs-DUozvO"
"marlene.blasi@edu.tbz.ch"|"G8K$Qn-Zhih4u-fJj893"
"mai.begwell@edu.tbz.ch"|"ES3YT7-uzovi$-#$iWW9"
"gwenaelle.kaines@edu.tbz.ch"|"Ce4wkk-U4OSSZ-guA7zm"
"gerald.adamthwaite@edu.tbz.ch"|"zBiKjE-QXYjwF-OReIUd"
"kui.hartfield@edu.tbz.ch"|"3HOZv$-Z710D%-F2k%7M"
"salome.currao@edu.tbz.ch"|"l04bLa-zS&tm0-l6yA#N"
"angelique.tixier@edu.tbz.ch"|"#86$Ck-8EZveO-qQXVlv"
"ju.mcgragh@edu.tbz.ch"|"fI8hcB-Oe#$vm-O6zxik"
"dafnee.beachem@edu.tbz.ch"|"Y#g3J0-Gh5p2I-ZRbS3%"
"creez.terlinden@edu.tbz.ch"|"oVN8AV-pdsLi7-ZN@Mkx"
"uo.mcskeagan@edu.tbz.ch"|"Lw4eRc-8LQso9-f8U$Nd"
"edmee.mccaughren@edu.tbz.ch"|"XKNtec-F7H%vr-l@S@4s"
"asloeg.cozby@edu.tbz.ch"|"V9Vddm-uBuGKH-%WT&Wz"
"melodie.traite@edu.tbz.ch"|"7&XgPX-Y&UT$X-PMuOdD"
"dorothee.aindriu@edu.tbz.ch"|"U2mKCX-Z$&KN4-58dpA#"
"daniele.doley@edu.tbz.ch"|"Gyvyxr-PJ0PtD-0tsEP8"
"mediamass.fairclough@edu.tbz.ch"|"oCC%lj-zUROaK-tj$P8R"
"lorene.rainforth@edu.tbz.ch"|"L@xQ%1-a2PWBv-rl3Ous"
"leonore.eyer@edu.tbz.ch"|"bMteOm-qQHyOv-433L&U"
"po.spillman@edu.tbz.ch"|"wd1x03-9vT9aC-Ztd6Qs"
"cecilia.plitz@edu.tbz.ch"|"sGl4Jk-X0Fv63-ZAfEKR"
"lorene.ludlow@edu.tbz.ch"|"ohFrDc-@@3vk#-Sse#rU"
"berangere.neligan@edu.tbz.ch"|"HU$PZA-0qAtDr-bFFlKj"
"simplifies.huggan@edu.tbz.ch"|"0GycHQ-sjg0AH-F1Ag8f"
"clelia.prandy@edu.tbz.ch"|"a&GnSB-&EET5D-$UlkBi"
"ake.osban@edu.tbz.ch"|"S2xD1v-0SAdWl-VrLvmX"
"cunegonde.brunn@edu.tbz.ch"|"bahYfo-jafRiB-0WcoQf"
"long.grizard@edu.tbz.ch"|"yx4k#r-hyzlIg-AsOxDY"
"meghane.diss@edu.tbz.ch"|"FXqOSZ-tbjjo3-GVk2#b"
"therese.oldman@edu.tbz.ch"|"XUdZ7B-c$ULAQ-kzMXhL"
"boerje.scamerdine@edu.tbz.ch"|"W4E#AF-mtNfYA-I%a7I@"
"du.saban@edu.tbz.ch"|"6NNWmA-bQlOQW-h7saBJ"
"hakan.clynmans@edu.tbz.ch"|"5x5rWL-b9KCQ#-2$sGYA"
"wa.macdowal@edu.tbz.ch"|"pQFXOt-8lBsin-nKAMCP"
"venus.hatrey@edu.tbz.ch"|"%eN8Ta-9mNfyM-bVS@8g"
"anaelle.vispo@edu.tbz.ch"|"DR5bLH-4wJJDz-hreErT"
"mahelie.ollcott@edu.tbz.ch"|"Ouk6WM-LTsZ$0-FpdmTc"
"mediamass.whyman@edu.tbz.ch"|"FbT2fj-T#xdZ1-Ko2p2D"
"esbjoern.basson@edu.tbz.ch"|"Y2YPaE-NX90wR-A1Z#m@"
"andrea.morrill@edu.tbz.ch"|"EU9WcS-vRtNWA-5J#fXS"
"melys.grassi@edu.tbz.ch"|"u#@Bi1-14w90C-DlmkQK"
"leone.poleye@edu.tbz.ch"|"7VTkYj-xDXv&z-t53QpC"
"francoise.penny@edu.tbz.ch"|"wjVZ1e-8MfOGW-y8TMjp"
"rebecca.edney@edu.tbz.ch"|"8yZp2n-MJFe5o-my0aMb"
"adelaide.murtagh@edu.tbz.ch"|"aWN3WL-ePH6g#-QnjpzH"
"stevina.winterbourne@edu.tbz.ch"|"JimQ4U-cuBNlr-gLYg7y"
"ma.cottom@edu.tbz.ch"|"pd68x8-Kj11AR-Z$18##"
"tan.harold@edu.tbz.ch"|"oKO1JT-2k9NCe-U716gF"
"venus.forte@edu.tbz.ch"|"ELf5mZ-NBEbRe-2I4FTX"
"almerinda.oluney@edu.tbz.ch"|"IprV2I-nW8VPy-uQ0xvy"
"cleopatre.brehault@edu.tbz.ch"|"5l2L3u-xEHM4x-Jkyvpl"
"interessant.lapides@edu.tbz.ch"|"eroPHn-dYZdBQ-5sA&Qv"
"reserves.hallatt@edu.tbz.ch"|"NVBjxw-fvmyT5-bIhwFw"
"annotes.birdwhistle@edu.tbz.ch"|"hs@WPL-@rwr#8-Njedtw"
"ai.dredge@edu.tbz.ch"|"K1zuWX-JuyFhg-CeZoR0"
"megane.mussard@edu.tbz.ch"|"rqUTKH-o8tz2m-5RRTu$"
"esbjoern.gowrich@edu.tbz.ch"|"7txlj7-azFsJd-xRF%R3"
"boerje.brislawn@edu.tbz.ch"|"3QT53Z-yM3Jl6-bX5v06"
"becassine.wilce@edu.tbz.ch"|"ZMZI8P-eiA3L8-4LKPqD"
"personnalisee.oels@edu.tbz.ch"|"0A4Cei-F@S2Wm-aS2SaO"
"verane.pett@edu.tbz.ch"|"HwN9lk-@Mnr1t-#oino8"
"marylene.glewe@edu.tbz.ch"|"%1Uc#v-Iiw82d-xSaLyO"
"lai.elson@edu.tbz.ch"|"BMJhPc-Tem2nQ-LuQgI5"
"serena.difranceschi@edu.tbz.ch"|"b1lldZ-VzrQOF-V$OF&k"
"lie.espinel@edu.tbz.ch"|"V7qdaY-QK3wLT-8nGPEE"
"marylene.fantini@edu.tbz.ch"|"a6PF9D-e4Ig4v-ZM$LiM"
"andre.archdeckne@edu.tbz.ch"|"zmad28-2B5YNz-HFD8A7"
"goeran.bohlingolsen@edu.tbz.ch"|"mJPD9k-FZ@lV2-pT7AUP"
"cunegonde.heffer@edu.tbz.ch"|"cfPhp1-qFgP&l-NZhGsH"
"tan.fechnie@edu.tbz.ch"|"HHzJwo-PNaW32-h5lW6y"
"marie-noel.brammar@edu.tbz.ch"|"&a5tiR-vYZHFG-WlVUIH"
"simplifies.aven@edu.tbz.ch"|"By$NrB-UD&izt-8hp@fF"
"melys.pinchen@edu.tbz.ch"|"Qto#Es-vlK1mc-uGQTkF"
"edmee.joyner@edu.tbz.ch"|"pzfFQc-#OpjTJ-NSZT3y"
"berengere.edess@edu.tbz.ch"|"eYQvmh-oJ7m#3-RbkLg0"
"marie-noel.goward@edu.tbz.ch"|"27Lbfb-Zzso8p-zjJ5Se"
"ju.edmons@edu.tbz.ch"|"gRURm3-OxaXI@-zEnXmg"
"frederique.airds@edu.tbz.ch"|"nGkcap-hi@cvw-RPfBHA"
"reserves.dauby@edu.tbz.ch"|"ogvBV4-m3f6Pq-M8%NVo"
"hakan.gynni@edu.tbz.ch"|"lXm#F3-TOyWGs-yW&ME3"
"leonore.pinwill@edu.tbz.ch"|"DB3Afm-FHIXOy-0b%MLT"
"marie-eve.mcallan@edu.tbz.ch"|"J@hTu7-UqTkem-qjkcQE"
"naelle.yeabsley@edu.tbz.ch"|"PKb&lo-9Dwxl#-A@H%tn"
"nelie.jacobovitz@edu.tbz.ch"|"NAQyy5-mim669-5zfJ&a"
"adele.conelly@edu.tbz.ch"|"bJDYa4-JTA6rh-1L%o5b"
"clementine.dondon@edu.tbz.ch"|"U5FIzF-CMADcv-tvMl$Z"
"zhi.willcot@edu.tbz.ch"|"SLVrD9-TmiEx%-Acs0Kz"
"chloe.janicki@edu.tbz.ch"|"lPSvSY-Ntp1oO-LdfaNy"
"meng.linde@edu.tbz.ch"|"sCOwrX-RZgrDP-xKvPD9"
"celine.janisson@edu.tbz.ch"|"CBT$ME-$4Gq&q-1e0yLS"
"clelia.crow@edu.tbz.ch"|"@WjD7E-JLzEcC-#CVvYI"
"cecile.pyott@edu.tbz.ch"|"uakkRx-Lrq7#h-2oIylc"
"ma.fidelus@edu.tbz.ch"|"YmxUcN-Ry%$yK-Rj2PT0"
"marie-helene.poore@edu.tbz.ch"|"YkF7E%-II5Yey-q5sdhf"
"elies.blanket@edu.tbz.ch"|"yw1o8&-WEy68O-@ZXnX%"
"yu.boyer@edu.tbz.ch"|"@D4b6b-WD6ZQz-y1pE2F"
"celia.welds@edu.tbz.ch"|"5sXnoH-L8Gwgs-mn%1CM"
"du.gunney@edu.tbz.ch"|"@4uT$f-1ufiTT-5Emnav"
"goerel.crush@edu.tbz.ch"|"2d6nFI-pOCfpT-WSkwun"
"marie-josee.brosius@edu.tbz.ch"|"bXLNOB-EE$m2x-&IiHwL"
"camelia.adds@edu.tbz.ch"|"OK3azz-IhDVZB-%amiM#"
"anae.irwin@edu.tbz.ch"|"w9eHSG-1U56kM-uOaiSf"
"cleopatre.skeffington@edu.tbz.ch"|"4pZUt6-u%#5vG-PR%ABf"
"gerald.suggate@edu.tbz.ch"|"NcPKq7-nY2Fxq-MV41ve"
"laurene.tailour@edu.tbz.ch"|"Z#3BbT-arjZff-&NnBzd"
"amelie.hoble@edu.tbz.ch"|"O0pGS9-@tSXbM-WMLXId"
"venus.getch@edu.tbz.ch"|"3rb4@9-&Xgjwi-1Co$u0"
"renee.treby@edu.tbz.ch"|"sTu0zl-Iq6n1J-@XM4CP"
"almerinda.stait@edu.tbz.ch"|"qhSgtG-O0iB0j-xdvbr1"
"andree.reddecliffe@edu.tbz.ch"|"8X#w6R-nm6tK4-KAdD2T"
"leone.wintle@edu.tbz.ch"|"j2n1BW-KhIxk9-mhmHet"
"gerald.fellow@edu.tbz.ch"|"kFqJsk-WP%NjC-zlUTQm"
"ju.gudger@edu.tbz.ch"|"wAYICt-uEV32G-@Jk51k"
"meng.ohaire@edu.tbz.ch"|"y4DG8g-BCGeXi-Q08r9N"
"cleopatre.missington@edu.tbz.ch"|"Wmo&Mj-XGew3d-r0ZA4z"
"annotes.debruyn@edu.tbz.ch"|"Kh&14b-bOXIdm-@t$AAe"
"gerald.sinisbury@edu.tbz.ch"|"y9qKI8-TL%9yW-gW6FRg"
"creez.slora@edu.tbz.ch"|"faVSzl-2wtjXp-q2$8e2"
"gisele.benbow@edu.tbz.ch"|"J%N3CS-Jrarsx-pF9k9Z"
"pal.dossit@edu.tbz.ch"|"Kv0c3T-cxvuM2-CKWzhS"
"nelie.stirrip@edu.tbz.ch"|"OvvypT-O@i$S&-F%rL$o"
"alois.ocrigane@edu.tbz.ch"|"#vG8QH-hvcwFe-z&RZKU"
"kui.mcterry@edu.tbz.ch"|"kUgQ7J-%5r&5g-FDlCj6"
"long.willgoss@edu.tbz.ch"|"B1e&iE-v&1HaX-P6HQjo"
"francoise.sumpner@edu.tbz.ch"|"Q4XQqb-s8ejow-RA%tFg"
"maely.grinstead@edu.tbz.ch"|"42PNi5-We$vA5-7ZQ@wc"
"creez.langeren@edu.tbz.ch"|"lnqh#f-4c0J$V-m$POHE"
"adele.dungate@edu.tbz.ch"|"to6CeN-RLsKoA-4s5G#l"
"cleopatre.noirel@edu.tbz.ch"|"CdE%6s-iFz#L$-6oDfyE"
"interessant.daverin@edu.tbz.ch"|"LGDTfn-rAXgIx-FkPBCZ"
"naeva.kalderon@edu.tbz.ch"|"B0TkzM-EYSp7S-4k$1ac"
"anais.oshesnan@edu.tbz.ch"|"yv@i72-sfKoQJ-qLESjr"
"judicael.anelay@edu.tbz.ch"|"Myq904-kMKj0w-5TiJX9"
"eloise.braxton@edu.tbz.ch"|"Jvg1Rw-VFw5wc-7pw&xQ"
"desiree.greguol@edu.tbz.ch"|"L3pveP-Io9y8h-j8F1#y"
"maite.mcclenaghan@edu.tbz.ch"|"By3k5F-oAOKTB-CUenAF"
"meng.doret@edu.tbz.ch"|"6i7NFe-PeDhT#-LF67#x"
"frederique.chippendale@edu.tbz.ch"|"Z@$I5i-uJqErx-1wCJJX"
"andreanne.lanney@edu.tbz.ch"|"d62rbY-mfZAf7-f1VCsx"
"aurelie.claus@edu.tbz.ch"|"gpYY4L-o%mRcq-#StUdK"
"renee.pabel@edu.tbz.ch"|"ZBIzIe-ZYk#I5-YUGmRe"
"maena.roust@edu.tbz.ch"|"ORRqDd-ffX5LU-E7lxjP"
"nadege.carwithim@edu.tbz.ch"|"yo&KCC-vMK@AK-YNC9tk"
"solene.geyton@edu.tbz.ch"|"vS614f-H#dL5p-z$Y3DI"
"dafnee.avraham@edu.tbz.ch"|"HB$oj0-kAAf2F-5Qe@v%"
"leane.woolvin@edu.tbz.ch"|"L@ML$O-056iD$-s@GZVR"
"adele.macadie@edu.tbz.ch"|"AjBv@r-01Nu&x-d968h0"
"meline.rubica@edu.tbz.ch"|"PtYSW9-LB59OL-hKbCJc"
"marie-noel.speeding@edu.tbz.ch"|"dD@aPA-Jm7WKs-7VXmQ2"
"nelie.mix@edu.tbz.ch"|"eC%j7S-l@U30F-Aau9Zn"
"clea.ollett@edu.tbz.ch"|"QQs19Y-T2FNoL-5NG0eO"
"leandre.mcgavin@edu.tbz.ch"|"jS3X86-fZpZND-9RHbjk"
"cecile.behne@edu.tbz.ch"|"2AI3bz-MTiV2H-wSeCqg"
"melanie.polle@edu.tbz.ch"|"mkQF2M-3b1AxA-5iApB%"
"marie-josee.titmuss@edu.tbz.ch"|"ApipiS-dTsi#y-Y4VWLa"
"helena.guest@edu.tbz.ch"|"Z6FP5S-qTzC21-p00VFy"
"annotes.chicchetto@edu.tbz.ch"|"MTZMDv-Qm3ugG-yYoXAR"
"melia.tubb@edu.tbz.ch"|"2WlPpC-6ahhP7-cU$12g"
"angelique.casetti@edu.tbz.ch"|"y4k8br-3W0M4f-MeNdmP"
"cunegonde.cleall@edu.tbz.ch"|"0ih59s-ZLkI34-O9@zTz"
"camelia.oaker@edu.tbz.ch"|"76KoH7-sxkTEu-8K52mu"
"you.searight@edu.tbz.ch"|"mkWBfT-7MVKLs-kYW7Ys"
"kevina.dederick@edu.tbz.ch"|"y5g8hA-0MgKiz-EniBFT"
"milena.jeffrey@edu.tbz.ch"|"MEYKuV-ckChgC-rWSY@1"
"melodie.barkshire@edu.tbz.ch"|"h05g#6-S@FBoT-QAa7hz"
"gaelle.kreutzer@edu.tbz.ch"|"kzEtyy-$T2w9z-BGKGMS"
"kalliste.kleinpeltz@edu.tbz.ch"|"HeBLZT-2HSuT3-cAccZC"
"clementine.danat@edu.tbz.ch"|"2iVPCP-6oG8tf-b0mvT6"
"andrea.wabb@edu.tbz.ch"|"rd6HUE-6lEYmy-gaDnjh"
"geraldine.piesold@edu.tbz.ch"|"J20gM4-3$A#RZ-WhRo54"
"tan.fiveash@edu.tbz.ch"|"tot#BW-T0R1ph-BZFKxv"
"meline.yuranovev@edu.tbz.ch"|"R761Bb-$YH0bY-W56jEO"
"therese.holme@edu.tbz.ch"|"B2d3cL-lVEhnH-OJSIDZ"
"salome.vaney@edu.tbz.ch"|"BrwpM7-EAu1PK-ntKSgR"
"anae.abramson@edu.tbz.ch"|"deSE&L-XBOZNa-2AZJVm"
"kalliste.jimson@edu.tbz.ch"|"Cra1p4-qMY%xD-Ly1v6R"
"selene.yole@edu.tbz.ch"|"A1ZvsU-ZXcbRn-hdE7bu"
"agnes.defraine@edu.tbz.ch"|"2q2ch&-DO2qZU-K48FWX"
"faites.mccluin@edu.tbz.ch"|"ifzv##-Pm9uXW-X88fr2"
"athena.deme@edu.tbz.ch"|"u$qRv3-4fSf#L-d9xUmf"
"daphnee.brigstock@edu.tbz.ch"|"7hiKhG-uH#Qqz-q2N$%C"
"goesta.skaif@edu.tbz.ch"|"p#MzDH-YXiBrs-$bqljV"
"oceane.jagoe@edu.tbz.ch"|"b%%ZUN-&0%Jqh-LBksj1"
"annotes.broomhall@edu.tbz.ch"|"kNrbvf-Im%M#Q-05iw%2"
"marie-eve.ballendine@edu.tbz.ch"|"DIsy@2-zV$H&c-HCA@VX"
"melina.spykings@edu.tbz.ch"|"ngCqcN-UwKa67-BUvGoN"
"laurene.ticehurst@edu.tbz.ch"|"GmOc4h-Lk1Eez-kKeAn0"
"fei.avramovic@edu.tbz.ch"|"BhQlW#-QBDB3z-BuWCx1"
"publicite.strathearn@edu.tbz.ch"|"&an#m8-1V80QS-4tC@tX"
"torbjoern.garrow@edu.tbz.ch"|"ZHzjcY-qJUEGS-PQ$%%5"
"chloe.rubinsztein@edu.tbz.ch"|"qAzkTk-qNyaOs-P28028"
"mylene.demanche@edu.tbz.ch"|"Pycvtc-WPbSKW-DMWUwg"
"mediamass.godlonton@edu.tbz.ch"|"ezs1We-8@oo3p-exPr&9"
"renee.shurrocks@edu.tbz.ch"|"UhY6QY-IpvGnu-m3Q8qd"
"maiwenn.jedras@edu.tbz.ch"|"9qyQe8-NDNzJj-Rq6cfl"
"genevieve.castells@edu.tbz.ch"|"FE9cjm-mCs#P7-eiCKqW"
"renee.sneden@edu.tbz.ch"|"nZnsrf-8oUD1S-PZd5ZL"
"lai.mccallion@edu.tbz.ch"|"JauNlr-gdVcJ2-&B14Fc"
"kevina.impleton@edu.tbz.ch"|"dJbzNf-S#RlLH-Uqx2w6"
"oesten.fresson@edu.tbz.ch"|"Zlm733-#B4S#v-eBCAJD"
"verane.shawley@edu.tbz.ch"|"3NFPtm-8CPCU3-9HTCse"
"uo.sjostrom@edu.tbz.ch"|"cEOa9j-&m%je6-lkBGUe"
"gisele.gothup@edu.tbz.ch"|"an5Pw%-4Ydbpp-KVCwJ1"
"renee.beauman@edu.tbz.ch"|"wCs87N-GB#$gk-Inyux1"
"elies.loton@edu.tbz.ch"|"@tKnAy-JuzZBe-3wS&@z"
"valerie.elsmore@edu.tbz.ch"|"%Y4@8j-ILJcdI-rIxqTJ"
"berangere.delafeld@edu.tbz.ch"|"TMTcxX-bgT#LH-WWLDyS"
"bjoern.schimke@edu.tbz.ch"|"2o&Ain-7k1Vjw-sgxI@W"
"loic.ericssen@edu.tbz.ch"|"M7GcDG-EKNLdU-JXHmcR"
"creez.richarz@edu.tbz.ch"|"g1c8NE-#cwIGj-PSmQ5v"
"athena.grocott@edu.tbz.ch"|"bX67Xf-tQTww6-hVA52#"
"naelle.piotr@edu.tbz.ch"|"kktOQG-W9I$Sh-82#&6$"
"maella.paulson@edu.tbz.ch"|"DyZBr9-LXrlew-B&2OP8"
"song.perot@edu.tbz.ch"|"Bf%&DI-lHBNfh-zrTO9B"
"kalliste.heckney@edu.tbz.ch"|"QD5N9T-CdqcN3-KLaHuc"
"ake.vasyutkin@edu.tbz.ch"|"C@n4Ge-er@$2D-sAHUrh"
"ma.castles@edu.tbz.ch"|"TZo&8Q-dN1Gvv-h4J9lm"
"maely.monget@edu.tbz.ch"|"rVtHSB-tu7ds7-ajRWGo"
"tang.durbridge@edu.tbz.ch"|"RAQacN-&hMmHi-FPk%6x"
"laurene.andrew@edu.tbz.ch"|"0gQFrx-KXLOO$-u9NZb@"
"lysea.beacon@edu.tbz.ch"|"wQ$rkx-auxOg$-61E$eH"
"leandre.peyntue@edu.tbz.ch"|"lSkQZm-lgpAnl-po1H0c"
"rao.trever@edu.tbz.ch"|"6RB5f0-XnM&E3-z$ia&x"
"mahelie.streader@edu.tbz.ch"|"uORjCL-kF8c38-pnSPdH"
"maerta.andrejevic@edu.tbz.ch"|"AJKb1q-4KPE7d-bbeJ7S"
"goesta.tompkins@edu.tbz.ch"|"uybJW5-%pKKsp-FR6&bt"
"helena.agates@edu.tbz.ch"|"HGxSRB-N$$DYY-jxQGoD"
"therese.glass@edu.tbz.ch"|"lYHOyo-bH7kxZ-C1c9gi"
"alois.foan@edu.tbz.ch"|"dTGj2w-3#8YVh-pZaShw"
"becassine.melchior@edu.tbz.ch"|"X%#duX-cLu4Ux-D2FKQE"
"cloe.robart@edu.tbz.ch"|"D$qFze-vSYhh4-RE@TeK"
"daniele.puckinghorne@edu.tbz.ch"|"LlaN$2-TlR7J@-xrhdBn"
"selene.cammidge@edu.tbz.ch"|"%v#Mo9-GLgBih-93Cc9d"
"regine.conochie@edu.tbz.ch"|"gcPYM#-DPWNYu-PsDON1"
"interessant.tuiller@edu.tbz.ch"|"H@LNwT-3%bnKD-fuggFq"
"long.tiebe@edu.tbz.ch"|"bqwqna-0qUBka-7rY0Ma"
"mans.yele@edu.tbz.ch"|"ZqlYdJ-CiHTne-6&5nuv"
"ai.giles@edu.tbz.ch"|"7Y$%cE-WJwUyA-Wm0At1"
"gaetane.hamberston@edu.tbz.ch"|"ltPbCJ-u4cevS-17EXLM"
"marylene.fenix@edu.tbz.ch"|"AwUeRz-ADLw#1-D4L1ys"
"geraldine.graeme@edu.tbz.ch"|"KhG4iU-&Tej$a-frQ84E"
"tang.kinglake@edu.tbz.ch"|"%S9nuj-$x@UkX-YHCBFQ"
"lai.challoner@edu.tbz.ch"|"SuHQx5-ejRHVy-bPWh83"
"desiree.mattei@edu.tbz.ch"|"08AmpH-JLqG@R-YcEBVB"
"ake.erley@edu.tbz.ch"|"1YHsl1-pZ0tNn-IoxcWK"
"edmee.cavil@edu.tbz.ch"|"Rf&5#x-T@t3kp-14n#Uw"
"alois.moyes@edu.tbz.ch"|"@d2Rx3-mOe@fl-S35#Ow"
"becassine.pitman@edu.tbz.ch"|"VU3a&u-nhj58R-OqwvzC"
"ai.giacovelli@edu.tbz.ch"|"jqGzgz-rTwqe4-Q9%I58"
"judicael.fruchter@edu.tbz.ch"|"cp1lVT-ss@1x6-aUHX@s"
"mans.mogg@edu.tbz.ch"|"s3bP41-cVPnVQ-YRJKJ3"
"gerald.foyle@edu.tbz.ch"|"%x#WOR-1cE%nL-kcRK88"
"wa.androletti@edu.tbz.ch"|"pGWKWJ-3EXCzN-%ubiY4"
"meng.ollett@edu.tbz.ch"|"flf4fN-z5Yq%7-AJMtcS"
"naelle.macmenamy@edu.tbz.ch"|"ZLZu2d-nHWovK-$zdgJ8"
"gisele.mcramsey@edu.tbz.ch"|"M0flBO-GR4IJ7-GL4Fak"
"meryl.scolts@edu.tbz.ch"|"gSX2BO-cvs#Oe-iB&Rqg"
"celia.bloxsome@edu.tbz.ch"|"xnyOu@-%Sdkgr-1$IeaL"
"styrbjoern.stuke@edu.tbz.ch"|"@HoZg0-4YIjKi-YEgga$"
"felicie.gwilliam@edu.tbz.ch"|"h%azC$-w#ydQ$-Plcj%E"
"da.harms@edu.tbz.ch"|"JQo3B2-hDMW2K-Z86HGX"
"celestine.baulk@edu.tbz.ch"|"VYcFm%-eGajRl-D&TlU#"
"mahelie.blackledge@edu.tbz.ch"|"Vsep$I-#3D7pB-zjOt6C"
"meghane.salt@edu.tbz.ch"|"%KA7tg-QQ%2Hg-7YvjaH"
"methode.paxeford@edu.tbz.ch"|"v6QGYT-2iT7hH-pRRP6P"
"asloeg.milligan@edu.tbz.ch"|"EzEogd-ZWfQ12-pDBknw"
"you.pellman@edu.tbz.ch"|"2vF$n3-9hdMKX-#moJCC"
"loic.regenhardt@edu.tbz.ch"|"t03xOM-9pB4Nr-Tt51zb"
"daniele.savill@edu.tbz.ch"|"1%G@6W-tKrEb2-6k2U9y"
"alois.cornu@edu.tbz.ch"|"NHw8sO-X$Lpip-zJ@l#4"
"oesten.govey@edu.tbz.ch"|"Pk5Tku-XhCfe&-qMgc6f"
"marie-eve.louch@edu.tbz.ch"|"gn3HqG-IBum5z-zYAHrV"
"theresa.wenn@edu.tbz.ch"|"CSCMFM-FBmjmg-BsdVbb"
"andree.eul@edu.tbz.ch"|"GD$j&o-VmENMF-gj$d#g"
"lie.paynton@edu.tbz.ch"|"yQlmxt-kxf4H$-gNMc$X"
"marie-eve.girodier@edu.tbz.ch"|"KC2fJL-rSTsVu-rOy#Z@"
"marie-noel.smithe@edu.tbz.ch"|"TSAar&-Wnl@%k-FQ%Upx"
"men.bootyman@edu.tbz.ch"|"Uf3LOz-w@SjRN-mMOOzu"
"ku.sugg@edu.tbz.ch"|"DdTz89-wCM9RA-ksF#9K"
"lucrece.roseman@edu.tbz.ch"|"@B6kDv-AgBOsN-&pBgw1"
"zoe.annear@edu.tbz.ch"|"YAl1vr-Tp0Hai-RNDkkb"
"marie-helene.rennebach@edu.tbz.ch"|"CmRVrg-dZDI2M-RBduih"
"lea.djurdjevic@edu.tbz.ch"|"5P&utG-4DEPQp-w9dnwW"
"goerel.robert@edu.tbz.ch"|"avi1Lw-gP0zC5-1619A2"
"mylene.foldes@edu.tbz.ch"|"uw#iFD-zrlsqY-thX@zl"
"faites.clegg@edu.tbz.ch"|"RxwVC1-PYC$Sy-bbs7pM"
"marylene.crowcher@edu.tbz.ch"|"u2U2FF-aW2@wN-QpbKq$"
"aimee.wimpeney@edu.tbz.ch"|"7#YbcV-popbu6-MXBR%J"
"renee.atkins@edu.tbz.ch"|"a8F4ni-9LFo@$-WYCFHu"
"rejane.cainey@edu.tbz.ch"|"LSlLzB-Di0FFk-EraPF0"
"solene.britney@edu.tbz.ch"|"ZCR$wx-47Cbzp-$IVZsd"
"marten.shatliffe@edu.tbz.ch"|"29c8Jp-jtpWz%-ujkGcn"
"maite.issatt@edu.tbz.ch"|"OWrQrY-9nHD&6-OMmwtu"
"maelyss.edon@edu.tbz.ch"|"ciwTLE-J7q3vJ-B#5D#V"
"nuo.bamling@edu.tbz.ch"|"4&VUSF-n%2c3w-vVSMe4"
"anais.edards@edu.tbz.ch"|"OoABM@-s#3&An-H55gqu"
"mediamass.bromet@edu.tbz.ch"|"3JQL8&-30If50-rC$eSq"
"beatrice.kimbrey@edu.tbz.ch"|"9uyGrV-$nmjOq-zq&Sc%"
"ines.lawranson@edu.tbz.ch"|"6Svm#x-b7Ostz-rLqfPz"
"kalliste.scandroot@edu.tbz.ch"|"5duSQn-X6$$a8-xianTA"
"mans.barrowcliffe@edu.tbz.ch"|"7$mA8q-CW65ch-wGSMJy"
"irene.couves@edu.tbz.ch"|"pLZV@h-uxtGsk-ntj27m"
"milena.mucci@edu.tbz.ch"|"y7AF$&-n3CnPy-tehito"
"naeva.cow@edu.tbz.ch"|"5jLztR-waTFeh-GL5fcn"
"audreanne.mournian@edu.tbz.ch"|"dHle70-1EJhni-gynVH4"
"melia.sinnatt@edu.tbz.ch"|"e3Hn%M-yB3Dwd-0#avro"
"nelie.burnard@edu.tbz.ch"|"hli@Oz-ILARyA-&VEcEp"
"clelia.ashfull@edu.tbz.ch"|"68E$aG-%O2FE7-eHB1@x"
"lie.macard@edu.tbz.ch"|"D4XiN9-6N7p9F-Ea5Lxr"
"valerie.matoshin@edu.tbz.ch"|"6m3XJx-BQpMv9-EkC#AE"
"anael.hatherleigh@edu.tbz.ch"|"yhRwAU-QzwxJ4-R@71YB"
"interessant.warratt@edu.tbz.ch"|"HJCz3g-Cq1IdI-aD&Gfd"
"eleonore.volage@edu.tbz.ch"|"dUFAHH-%iL1Z@-XwaKxl"
"zoe.stebbing@edu.tbz.ch"|"8TL2w7-bsqBph-XNX8CL"
"alizee.nye@edu.tbz.ch"|"RTGW%m-GA6VHw-A7xuWR"
"celestine.bramley@edu.tbz.ch"|"4bzZLs-MbQ6$y-C8j$hz"
"selene.philcott@edu.tbz.ch"|"O3HEiH-DiLCfo-B$bMpw"
"tang.newens@edu.tbz.ch"|"1Nm3RZ-FNAZxC-ymZSqD"
"annotes.powys@edu.tbz.ch"|"TZb74J-mZkMsH-Q@XnZS"
"lea.matthesius@edu.tbz.ch"|"lZ&s4@-feqqHU-uLNjKo"
"illustree.garlett@edu.tbz.ch"|"ba36mg-J72ftH-xOPIhp"
"maiwenn.meachem@edu.tbz.ch"|"iWwEJc-lmMupR-LVa424"
"marie-francoise.mcbrady@edu.tbz.ch"|"cMx5Em-9%l&e%-$M7kGM"
"illustree.gimbart@edu.tbz.ch"|"PPKEkw-Qmh1G#-o5uuak"
"melys.lyosik@edu.tbz.ch"|"Gr35oZ-7X%Pya-ECg2r3"
"marylene.mcnab@edu.tbz.ch"|"yO3cn@-pU4WED-@Z2#e$"
"gerald.blount@edu.tbz.ch"|"iRF&jq-2OwCFC-YQx8rP"
"clelia.shakelade@edu.tbz.ch"|"h7seTl-$ZEhx$-nNdik9"
"penelope.cridlin@edu.tbz.ch"|"yWs5qv-oVU3qK-sDXrfP"
"maena.okuddyhy@edu.tbz.ch"|"#&gMTF-e&s7c5-#Fpc$w"
"athena.keynd@edu.tbz.ch"|"n&d2j%-cjJXD8-y9M$f6"
"cloe.dwine@edu.tbz.ch"|"ey9Z3Y-l0A#TH-ZmEocI"
"josephine.browett@edu.tbz.ch"|"LflPJw-grdmO%-eAyuNj"
"audreanne.oscanlon@edu.tbz.ch"|"ZgU@Q%-dPyeaS-%IuUJY"
"fei.jeanequin@edu.tbz.ch"|"JKfq4Q-6iAfNJ-HzALY4"
"lois.gormally@edu.tbz.ch"|"IIii%Q-3Z@JUn-DRK0nA"
"marie-francoise.finnigan@edu.tbz.ch"|"opqQZW-teQoxx-#wTfwg"
"leonore.trussman@edu.tbz.ch"|"qL%4Bm-qBhzY8-TwtIIp"
"anaelle.trumper@edu.tbz.ch"|"yZLOhF-jUwi4n-ADF3A#"
"clemence.dionis@edu.tbz.ch"|"6zr50q-M&ro#m-WjS%4b"
"lois.tranmer@edu.tbz.ch"|"2kFo1G-n@xZHd-wpEpt9"
"interessant.volett@edu.tbz.ch"|"ZGQIjD-8ss&A#-QaeVJh"
"personnalisee.deackes@edu.tbz.ch"|"ytnDPU-ZT0SXw-ZUeBde"
"lie.vasiliu@edu.tbz.ch"|"dnXBXb-DwbWpf-6CHBGR"
"dafnee.lamputt@edu.tbz.ch"|"d$$arX-paso&r-rLxfR5"
"elies.bromige@edu.tbz.ch"|"Ropzz2-Vct%uM-Jp9OBW"
"helena.klosser@edu.tbz.ch"|"6OLbqa-6bQ#aV-f19rvp"
"andree.grim@edu.tbz.ch"|"AdUQlf-%woroF-aErKk%"
"verane.coldbath@edu.tbz.ch"|"vfgkLi-NuZfpu-vmB@Ff"
"helena.bethell@edu.tbz.ch"|"xRbZ8S-7DYJWd-xcjt0O"
"kalliste.carefull@edu.tbz.ch"|"Tkq2P#-1#1Xnr-@vpsv&"
"regine.odams@edu.tbz.ch"|"tVbA4z-7EF#yf-q1MQoY"
"len.stannus@edu.tbz.ch"|"FM$1BY-0LywHO-x0jRZ%"
"angelique.works@edu.tbz.ch"|"a97FxQ-vkLmLT-EzC3Vz"
"goesta.rheaume@edu.tbz.ch"|"gwe5j4-J$uYtx-9uAUjj"
"maelys.tynnan@edu.tbz.ch"|"mx$RS4-tL0OSD-GsdjyF"
"maelle.carlesi@edu.tbz.ch"|"inRoW%-9NBZ15-QMommW"
"anael.spurden@edu.tbz.ch"|"rsZS99-CyGj38-cN$54m"
"helene.pumfrett@edu.tbz.ch"|"428HiY-xPos2s-Al&sU9"
"goerel.pearn@edu.tbz.ch"|"@TSbKE-5288lK-V5Sb%o"
"laurelie.dezamora@edu.tbz.ch"|"lufum3-ecDfsT-OjQRHM"
"yao.twidale@edu.tbz.ch"|"Tu&sRI-hlaBZb-urqMuF"
"berengere.sola@edu.tbz.ch"|"cAKkZ8-SXlVMU-9UE#uh"
"maelann.hardistry@edu.tbz.ch"|"spA62A-Ukl890-Sq@lI&"
"severine.littlefield@edu.tbz.ch"|"%IY7#$-f0fTL0-6hKCjE"
"salome.heinl@edu.tbz.ch"|"xhlvci-LE4fuc-@vTxD4"
"meryl.warbey@edu.tbz.ch"|"8Fm15q-kFezzt-OH1Y5L"
"da.hunstone@edu.tbz.ch"|"R4d38V-#3hH#I-u#WGBA"
"venus.broadbury@edu.tbz.ch"|"%Nd@P#-oWRDPB-KFLWt%"
"meghane.rentelll@edu.tbz.ch"|"@ilUdl-e#6IZ%-FDC0Ix"
"marylene.drewitt@edu.tbz.ch"|"XbcGCI-W1b&22-TnFP44"
"melinda.jacquemet@edu.tbz.ch"|"VUmTeZ-1AIE%b-WOEQXg"
"marie-josee.keyden@edu.tbz.ch"|"PpuK1K-JCo7Jt-jTfxiF"
"asloeg.montacute@edu.tbz.ch"|"tm%xeE-Qp$Ckb-1&TekL"
"ku.andreou@edu.tbz.ch"|"m1K6K#-79YAW#-Ug%Aby"
"personnalisee.feaveer@edu.tbz.ch"|"o27m62-WdoHfY-rmwNDn"
"laila.emptage@edu.tbz.ch"|"cob6Uu-N0$6TZ-%ScPMp"
"bjoern.dawdry@edu.tbz.ch"|"X1rYHw-jx$$de-V&t6bZ"
"marie-eve.dinsell@edu.tbz.ch"|"uAoIwA-RKoXO$-xMGZCg"
"helene.follett@edu.tbz.ch"|"AuQxaz-9kGyAp-gT&o0U"
"penelope.cordero@edu.tbz.ch"|"yybO1i-5tCAQs-MfjD0@"
"boerje.beedell@edu.tbz.ch"|"bbk7WI-OihrQ0-EYWyQm"
"nelie.ferne@edu.tbz.ch"|"D%zTXU-rBd&AZ-c9bX#z"
"celine.ahmed@edu.tbz.ch"|"Tp7y0F-7E5Fo&-xOpbMj"
"stevina.pimblett@edu.tbz.ch"|"btRHwH-buBrtI-gx8yMz"
"chloe.langlands@edu.tbz.ch"|"pjxmCm-TlWQsF-fD8H%u"
"simplifies.maude@edu.tbz.ch"|"ZOTdmU-$EXxhe-pFl&fs"
"genevieve.decarteret@edu.tbz.ch"|"eX7RDX-I5AM4C-ZwZtQ0"
"marylene.mughal@edu.tbz.ch"|"E6YYgA-q4TCzM-SUHJkd"
"goeran.guttridge@edu.tbz.ch"|"urxhHe-zl0YHd-q6w1LX"
"michele.smurfitt@edu.tbz.ch"|"jXTgXS-iTsxnD-%1C8dn"
"methode.hadeke@edu.tbz.ch"|"CCzFW$-KrTbbO-zicr5C"
"therese.rispine@edu.tbz.ch"|"gXjBlm-gtgubH-V5YxUu"
"goerel.plumley@edu.tbz.ch"|"TTFc3w-H62BJf-SxWpfb"
"oceane.friett@edu.tbz.ch"|"IoGj%9-nxUCI1-fxG11%"
"marie-noel.achromov@edu.tbz.ch"|"%fqyaz-%S1tyy-Y4aF5e"
"dorothee.storek@edu.tbz.ch"|"PD$ArB-iEv6fe-iMu4M7"
"goesta.whittle@edu.tbz.ch"|"cutKx&-LPU8AU-3rBact"
"desiree.casely@edu.tbz.ch"|"NitQkD-KQku30-60tyvx"
"felicie.condon@edu.tbz.ch"|"97Doh%-e7j2HM-HUeZi7"
"maelyss.frisdick@edu.tbz.ch"|"h1xyxO-aKVqlk-oUk8&2"
"aimee.banke@edu.tbz.ch"|"qci3Xc-2MO#ZW-PsXvr0"
"naeva.hodcroft@edu.tbz.ch"|"RoSsJN-ij#mxF-$aeqvu"
"laila.gerrans@edu.tbz.ch"|"ENWbZc-siqPwq-ox&uUR"
"daniele.scrimshire@edu.tbz.ch"|"aPAw0B-FeMmJ4-FpeaFb"
"daphnee.sheerin@edu.tbz.ch"|"Z7UivD-W5rTCQ-wzRNuB"
"pal.vanyukov@edu.tbz.ch"|"Q1A4r0-nm#U@9-7U6p$0"
"zoe.childs@edu.tbz.ch"|"VPnrEN-9dpRZd-V#7WvE"
"ai.corde@edu.tbz.ch"|"O60xcI-pVLJjY-Cm%XAy"
"maelys.berryann@edu.tbz.ch"|"B2mw0z-pUbBBc-vaiYf2"
"cloe.gladding@edu.tbz.ch"|"Cvsy$J-jWkV%A-GTVBh@"
"wa.kinnaird@edu.tbz.ch"|"iNLtOV-in3SbM-$YUFj8"
"publicite.brittoner@edu.tbz.ch"|"r%tEj3-2qV&DF-9#wQLD"
"rao.windress@edu.tbz.ch"|"dOHAlh-xWP6V%-y$DCBd"
"uo.kollach@edu.tbz.ch"|"AkYdcS-#j60u%-FD7NYI"
"josee.peskett@edu.tbz.ch"|"TwYmM4-mV%3Tz-u5kIqM"
"annotee.hasel@edu.tbz.ch"|"0ohY6m-iWmSK6-G481Mf"
"cinema.lee@edu.tbz.ch"|"0mcuk%-gCkuGC-u6PsEm"
"lai.vedeshkin@edu.tbz.ch"|"R4utNN-3bLeXS-Zo2GaI"
"renee.brisbane@edu.tbz.ch"|"VbKmkX-VTjgYG-xwQtJ1"
"ophelie.blincoe@edu.tbz.ch"|"LTFWN&-Te24Mu-kpAkhV"
"zhi.prazor@edu.tbz.ch"|"GyK3D%-B1olKE-6kjItC"
"annotee.maddicks@edu.tbz.ch"|"imds%t-&hEg&f-FxQc1j"
"maelyss.codd@edu.tbz.ch"|"AXlBIF-EXENkT-1oK0an"
"celia.peplay@edu.tbz.ch"|"XMsq6h-tm5KF5-oWF%&8"
"interessant.skone@edu.tbz.ch"|"1639ba-n0AUxy-%$ijUF"
"audreanne.hebdon@edu.tbz.ch"|"OJu9e&-qfzhmF-9Fik%H"
"oceane.glen@edu.tbz.ch"|"roz@K9-l3O@gQ-n7S8gE"
"daniele.vanyushkin@edu.tbz.ch"|"mkaVqF-9vCTBs-jubVnv"
"daphnee.ayce@edu.tbz.ch"|"tI%38D-J3BJFR-r7egR3"
"andrea.attride@edu.tbz.ch"|"j@#XSn-GVgQCD-&VzNSX"
"penelope.bridgwood@edu.tbz.ch"|"KJkXsn-o2Pm2G-9$Cv9o"
"mailis.drewitt@edu.tbz.ch"|"qu8UoO-VSopC4-1gzH8q"
"penelope.mollene@edu.tbz.ch"|"UyPtLb-M55RNn-F266Za"
"illustree.keely@edu.tbz.ch"|"8j8Xgj-kKDxs9-EnhDZB"
"meng.brisseau@edu.tbz.ch"|"NcLw1X-BXV7@f-TAJzVL"
"ruo.cleiment@edu.tbz.ch"|"K5SJVr-PdgqTi-ZGhdZG"
"maite.krammer@edu.tbz.ch"|"Rl5R0v-kGgGB0-DUIpCF"
"genevieve.verry@edu.tbz.ch"|"6@Fwnl-Pqu1P3-4ccuCS"
"lea.olochan@edu.tbz.ch"|"L%ip3V-pXn6rZ-g$uyvx"
"naelle.brunnen@edu.tbz.ch"|"$OH7Bj-JvJRH9-Fj#73W"
"goesta.bragginton@edu.tbz.ch"|"2AFmwZ-6FSa4k-3o0N88"
"fei.danilyuk@edu.tbz.ch"|"WT6vZU-21k30C-Co5&5y"
"adelie.turbitt@edu.tbz.ch"|"HQB5sP-6fouwc-arMA91"
"marylene.nutman@edu.tbz.ch"|"HClEzG-k42kc0-fOPDH2"
"therese.barbrick@edu.tbz.ch"|"tMvUq9-i0@RAr-cfaJow"
"melys.kolodziej@edu.tbz.ch"|"5g$17H-EDV62%-mRILFB"
"melanie.runchman@edu.tbz.ch"|"XC$4dN-nUFH20-mFDnXy"
"serena.lafond@edu.tbz.ch"|"%aBsSj-n0C#mA-mV6tE%"
"pelagie.desmond@edu.tbz.ch"|"jHWiU2-40Ox%1-Q4gy@S"
"wa.spickett@edu.tbz.ch"|"xxV1xX-AAp34b-fDRh#B"
"po.shave@edu.tbz.ch"|"w5laOp-Eh8hiu-t8vQ%$"
"song.huikerby@edu.tbz.ch"|"DExzI@-wosLqD-ACPrKr"
"melinda.bimson@edu.tbz.ch"|"CXYsOF-tnp#26-LTOE3d"
"personnalisee.toffanelli@edu.tbz.ch"|"%Iit4G-26eURo-Ifa7nr"
"leandre.hurn@edu.tbz.ch"|"Y&XbKn-z9wbQm-GUHT0U"
"oesten.standell@edu.tbz.ch"|"XeqvQn-wwHlch-Fvu6v1"
"naelle.smaleman@edu.tbz.ch"|"rwpVVh-iSm@N0-SPUC17"
"berenice.tayt@edu.tbz.ch"|"%7l%Vn-MElpdA-@7br91"
"kui.popplewell@edu.tbz.ch"|"9lvlId-pxXHe1-QQlMS6"
"melodie.ferandez@edu.tbz.ch"|"N9EJVz-fOJ7L7-HNQ1s1"
"josee.negal@edu.tbz.ch"|"C64kLL-F&yttn-EJd2JD"
"melissandre.ferrelli@edu.tbz.ch"|"QMFR6R-i0wHFO-l5ZfsU"
"josephine.kemmer@edu.tbz.ch"|"$SY#I3-Qdi$UR-TZqY4$"
"maely.cayette@edu.tbz.ch"|"jE3tbC-G$RVna-2Xk&BF"
"nelie.vela@edu.tbz.ch"|"8VKfop-MS7I07-gtHMXs"
"melina.cortes@edu.tbz.ch"|"gHXBrG-$@tkP&-Un%dyI"
"megane.leyshon@edu.tbz.ch"|"mgHek2-Zk9Zwy-r9FSHL"
"regine.harrie@edu.tbz.ch"|"8INW8Q-vjvgb%-WUPHd1"
"mylene.widdison@edu.tbz.ch"|"%58Eq8-MyBGaZ-BRgOpZ"
"pelagie.vivash@edu.tbz.ch"|"sA14tU-zUcd3%-Bk92n9"
"styrbjoern.vicarey@edu.tbz.ch"|"Sz0I@#-A3wJcn-3QPfKg"
"long.kyles@edu.tbz.ch"|"54jjng-4ScU6U-Js&f4C"
"stephanie.gipps@edu.tbz.ch"|"g@9d2S-m5utUt-0CtQ8e"
"clea.constantine@edu.tbz.ch"|"%arBUc-KpMMPs-WtV6oz"
"maella.cometto@edu.tbz.ch"|"S6L@IA-hQBo#O-GpJdE0"
"laila.aubrun@edu.tbz.ch"|"&oQivX-bUDfXJ-avDjVo"
"yao.austins@edu.tbz.ch"|"wcT42h-J@REH%-Zv4gA3"
"mailys.rylstone@edu.tbz.ch"|"peSzyy-&15daM-J@uaYL"
"adelie.curuclis@edu.tbz.ch"|"C%6v2e-3yWrQq-tbLvG0"
"celine.longhurst@edu.tbz.ch"|"ZKn%xf-UYCdyn-oNaXdt"
"gisele.hazell@edu.tbz.ch"|"MPMEZK-F8upRY-yBX&Nq"
"celestine.ciccone@edu.tbz.ch"|"0wKbX9-BSw5bb-kunOQ%"
"maelyss.doole@edu.tbz.ch"|"pq6&OY-2S5OIy-WX&pf6"
"helene.grimsdike@edu.tbz.ch"|"ECegZl-fljx1L-p8DnA3"
"lie.macer@edu.tbz.ch"|"#n2Ssb-KsNilv-6QzXGC"
"maely.izard@edu.tbz.ch"|"E%7Jr9-6AWwFd-TY2kSc"
"erwei.breewood@edu.tbz.ch"|"VPfT0t-&JWqoX-32ZLFI"
"chloe.woolford@edu.tbz.ch"|"M6LegJ-mY#jHU-WeDpW4"
"cleopatre.turpin@edu.tbz.ch"|"kk6%@Y-GHP65x-cf&vOb"
"melodie.surgison@edu.tbz.ch"|"hjGaR1-Rzdkrg-427QpM"
"elies.leander@edu.tbz.ch"|"QrtH9x-LZ#VuB-vdohoy"
"mediamass.reignould@edu.tbz.ch"|"Xzrjc1-$XMG#O-VmqNAf"
"celestine.wasmuth@edu.tbz.ch"|"c8W9Wo-yJjEBd-wOjUa$"
"marten.jervis@edu.tbz.ch"|"Ixgw@1-xSI@87-OR84PL"
"daphnee.bour@edu.tbz.ch"|"hH&rNR-TThT9f-QYbKET"
"regine.harlett@edu.tbz.ch"|"1ahYfD-gbnA&e-h%q63G"
"noemie.macaskie@edu.tbz.ch"|"bfb%Wy-56W7@v-TcfgIQ"
"loic.renfield@edu.tbz.ch"|"#SP6nH-ayePVc-AyTQM$"
"venus.kleinert@edu.tbz.ch"|"cykkgn-RLddXm-TJKDQq"
"marten.burlay@edu.tbz.ch"|"0TkcFf-jGOtkY-h9B2bY"
"berengere.radsdale@edu.tbz.ch"|"57EPfY-un1$#%-6ujP4e"
"genevieve.duckit@edu.tbz.ch"|"mnHYZd-z88n$v-lJHXar"
"maely.ligerton@edu.tbz.ch"|"uRe3ez-mqF@S#-xHNBbr"
"maeline.ricciardelli@edu.tbz.ch"|"ZGrff2-QYZxzP-2K1WdS"
"personnalisee.yggo@edu.tbz.ch"|"D%MvVW-eDIC3V-gkw87D"
"alizee.pettinger@edu.tbz.ch"|"pTWeXc-gOR9AI-uzy113"
"desiree.curnnokk@edu.tbz.ch"|"MdsE%z-vl@GdA-uxJMJT"
"dorothee.minors@edu.tbz.ch"|"rTQyUx-Qqly9@-#BkZze"
"oceanne.kopmann@edu.tbz.ch"|"iZyIuU-F8SXq2-5E%88S"
"almerinda.brodbin@edu.tbz.ch"|"#Mk#1B-icPUHa-TBnrGM"
"yenora.carsberg@edu.tbz.ch"|"DxTxae-xRZX%z-vEvhMq"
"wa.beetles@edu.tbz.ch"|"zNM$7q-z6Ko1k-rEFs#G"
"audreanne.abbot@edu.tbz.ch"|"hW4n3&-CmoBip-rf6byn"
"noemie.capper@edu.tbz.ch"|"&gJ2vp-oLgp8C-rwp#Wn"
"mans.abramamov@edu.tbz.ch"|"ja&5dc-FUi#Mj-&uXRNI"
"audreanne.blakey@edu.tbz.ch"|"4S@#&y-9C$TsO-7dfIQi"
"leone.klimpke@edu.tbz.ch"|"zzJIj#-QzQm@s-BTHkqi"
"lie.croston@edu.tbz.ch"|"11Z#Uf-d@z&Cy-n5HGFk"
"anaelle.baistow@edu.tbz.ch"|"9c9ay6-6&LlHQ-bAQCS&"
"michele.garwood@edu.tbz.ch"|"wmi6YG-0#EB#B-#7viXq"
"interessant.albion@edu.tbz.ch"|"V3vdS8-eXQ#G0-X2fN1p"
"andre.brisco@edu.tbz.ch"|"0Esnxy-sIac0W-txUiFA"
"tang.totterdill@edu.tbz.ch"|"TYGj82-JsABSj-a#nHX8"
"marie-josee.braundt@edu.tbz.ch"|"BzQSUC-&e@X8c-eNCmOm"
"lois.galer@edu.tbz.ch"|"Pbi9h%-wtxKDW-ibS5OV"
"faites.pellamonuten@edu.tbz.ch"|"SlFYZa-hD5lSO-xgq5wm"
"mai.barfford@edu.tbz.ch"|"orvqyt-if&qm4-Yrf#pa"
"laurene.macilory@edu.tbz.ch"|"O2KqAD-pUR5b6-kklh$i"
"elea.peak@edu.tbz.ch"|"yG0Leb-Uz0akv-IW8QUP"
"rejane.doni@edu.tbz.ch"|"Ki57m9-99bX9n-0RHmGm"
"mahelie.ector@edu.tbz.ch"|"fmfb@a-#6E54M-i%Jyd9"
"rachele.allum@edu.tbz.ch"|"5upCS6-cIzOzr-V%0uM5"
"laila.gerretsen@edu.tbz.ch"|"0Qhm3E-uykB6B-o#&o4%"
"ines.bowman@edu.tbz.ch"|"WYZJjl-pJ%n0g-tDs8G2"
"publicite.barbary@edu.tbz.ch"|"O6egRS-HQlvMD-r@Ew0Z"
"mailys.smooth@edu.tbz.ch"|"1icVN$-BQhsX%-4gEm5s"
"mailis.huguenet@edu.tbz.ch"|"lN%qUi-HONjhY-$4Hpd%"
"lea.ewer@edu.tbz.ch"|"G6aQh6-FCgs@A-6EJFC#"
