"email"|"password"
"melodie.vandervlies@edu.tbz.ch"|"vJ7e7G-qY9lDP-4L5Rhr"
"angele.edgecumbe@edu.tbz.ch"|"%dPi8x-NJRmEx-WTirMw"
"zhi.andreasson@edu.tbz.ch"|"4Qbgg1-HyFCMQ-Sy8gxp"
"judicael.koppeck@edu.tbz.ch"|"s$IO7z-Ze$Zvr-qmmter"
"berengere.capron@edu.tbz.ch"|"SWGuQ%-R5#5ck-4dsY3C"
"leonie.brosini@edu.tbz.ch"|"8t9JIJ-OEFt#u-ZfTYB$"
"venus.garfit@edu.tbz.ch"|"UypPt2-dxvFou-yUHnDv"
"melina.janota@edu.tbz.ch"|"bX0x%q-6DtGjZ-YWPEk@"
"laurene.bake@edu.tbz.ch"|"m%1J4$-Er&BH9-gQxqh$"
"regine.dorkins@edu.tbz.ch"|"dDa$fv-aO2lMm-F%LWm4"
"cecile.moffet@edu.tbz.ch"|"8%I5aq-SB1eJc-L@8wkR"
"maelann.labrone@edu.tbz.ch"|"qlqAHp-NglQn1-TnwWjX"
"melinda.newbold@edu.tbz.ch"|"gP1LVJ-70pIqj-nW0dQc"
"mans.itzhak@edu.tbz.ch"|"svSiU&-8P1bx$-qnwoHh"
"melodie.pattlel@edu.tbz.ch"|"Swzhek-SYWWDv-RxsSJT"
"celine.bonett@edu.tbz.ch"|"fwVkzt-NhnxRR-9$oON%"
"adelie.mcgreal@edu.tbz.ch"|"Nof5EM-0RgpEf-sP$8#c"
"helene.soldan@edu.tbz.ch"|"qLrHeh-5QE99j-b@eiVC"
"michele.cluer@edu.tbz.ch"|"CYnzXS-fsPF66-EcXbvQ"
"maeline.mueller@edu.tbz.ch"|"7fYbL7-U98u22-Xd$6Yz"
"maelann.benedito@edu.tbz.ch"|"DSpdla-5wJNlh-VOi98J"
"nuo.gransden@edu.tbz.ch"|"Y6bRFs-%wpntH-SeejrO"
"berengere.stainton@edu.tbz.ch"|"YX2GL8-BoHxUE-RVUt28"
"wa.sabater@edu.tbz.ch"|"2UWH7m-20@JdR-rlY4bC"
"anais.cochran@edu.tbz.ch"|"43CxDP-1BlRNi-4mtK0v"
"gerald.bessant@edu.tbz.ch"|"cRTDU$-qSLyBp-MTNv%P"
"ruo.coffin@edu.tbz.ch"|"bXqV9F-rFA8R5-AyEZjo"
"melodie.mustill@edu.tbz.ch"|"fwxyKB-CBHP2#-Rtz7FY"
"ruo.stanesby@edu.tbz.ch"|"PDe5rR-oum$cc-znP@FY"
"noemie.antognelli@edu.tbz.ch"|"zfWnc&-VmNcZR-iFvNX8"
"maelann.hughson@edu.tbz.ch"|"a6b&SH-V8Qxt0-xnoJ@L"
"milena.mieville@edu.tbz.ch"|"w8fEIS-26vQfJ-V55aEI"
"mailys.chamberlin@edu.tbz.ch"|"OjgrYE-iGf&UU-vyfvOi"
"nadege.tomalin@edu.tbz.ch"|"ETVwy2-80K6Pm-d1B30N"
"oceane.omara@edu.tbz.ch"|"6lukm@-s@aFzv-YXnkka"
"cecile.aguirrezabala@edu.tbz.ch"|"D0h&to-ridqOa-YJxcZ0"
"maella.gwillim@edu.tbz.ch"|"D0kzD7-vC1e@$-SZQXSl"
"lea.mcgahey@edu.tbz.ch"|"@d3bwN-sDxzi4-XnTfhl"
"laurene.hagerty@edu.tbz.ch"|"GgpH$g-cae4S@-OXbyK4"
"dorothee.link@edu.tbz.ch"|"%a9lYe-&Py8Kz-kUT&Z1"
"clementine.kynsey@edu.tbz.ch"|"kepWhW-U45FoC-vW%di&"
"lorene.smitherman@edu.tbz.ch"|"CqDg2i-2X71UW-46cqw3"
"cleopatre.klulicek@edu.tbz.ch"|"sNBDWw-$WWaEM-sIVsK5"
"laurene.castaneda@edu.tbz.ch"|"t@q7L8-%Qolo2-XygD4b"
"melia.constant@edu.tbz.ch"|"mq0SHQ-20ksv$-YYBrVO"
"lucrece.clunie@edu.tbz.ch"|"hLGZyc-1cEE%U-fj44oM"
"eleonore.mcmurthy@edu.tbz.ch"|"22p8un-M3lGNJ-7od8#D"
"melia.bevar@edu.tbz.ch"|"Yn@8Qp-4XZUAO-BNWvKi"
"camelia.bontine@edu.tbz.ch"|"om9Z9I-mAlZ$M-a5RCPB"
"methode.jozefczak@edu.tbz.ch"|"NmcUtA-EKEp#u-KPCiM$"
"audreanne.hinsche@edu.tbz.ch"|"jS89N2-tjbWyi-Q%JCTM"
"andree.varne@edu.tbz.ch"|"@Wmono-L7hVKJ-p@e66p"
"marten.kinleyside@edu.tbz.ch"|"qEriLm-qBJfze-nl%WI&"
"esteve.mcewan@edu.tbz.ch"|"#KLjJr-l%ci0o-Wv&&gB"
"leane.dibbert@edu.tbz.ch"|"LzA@#E-MHRZy5-Ny2IW&"
"ma.thewlis@edu.tbz.ch"|"tWZLwM-YiRn3r-GEGDhE"
"clea.djurkovic@edu.tbz.ch"|"0o5Ua4-7rUJZ4-hraAoP"
"rachele.reburn@edu.tbz.ch"|"T97fSC-PHA%fK-J$UGIx"
"gerald.gowling@edu.tbz.ch"|"%0L6YW-tfTZHn-P@UBCJ"
"cleopatre.jackson@edu.tbz.ch"|"&uKFGj-UXI9xG-tQnPeZ"
"desiree.haskins@edu.tbz.ch"|"wdR7Xv-GDf7$G-%yNANt"
"eleonore.longson@edu.tbz.ch"|"YCw5y@-p9C4vN-L@DMC8"
"leane.dybell@edu.tbz.ch"|"@VRtiR-MliGvo-Jk&umh"
"becassine.grzesiak@edu.tbz.ch"|"C&O8AI-zEfdh3-TIlNr2"
"marie-josee.pickin@edu.tbz.ch"|"SlX49v-uSdkMp-@Ol%d@"
"marie-josee.roxby@edu.tbz.ch"|"aqNd2Q-&gaCBv-XdSfOE"
"leonie.feenan@edu.tbz.ch"|"SBlTgU-AkrtRt-rn0NKe"
"valerie.ellum@edu.tbz.ch"|"cAdiln-xZMqz6-gImfZw"
"ju.caseri@edu.tbz.ch"|"Cj&3cg-ui2K6W-T9#EFb"
"boerje.strangman@edu.tbz.ch"|"VOts&i-uHGsK1-baSF5N"
"beatrice.ghidelli@edu.tbz.ch"|"kcFa9r-ECU1pJ-5jfP30"
"da.jablonski@edu.tbz.ch"|"2J3brY-yAfx%M-qzb$nb"
"uo.beveridge@edu.tbz.ch"|"v%qgdw-nl3ZGA-U@gli@"
"valerie.bestman@edu.tbz.ch"|"W0QG1t-E%YiVU-2hS5oV"
"marlene.pohls@edu.tbz.ch"|"kwD71f-KR$bAh-dsi7eN"
"ma.nolda@edu.tbz.ch"|"q51%NB-Pik9SA-B6bs9c"
"marlene.bisiker@edu.tbz.ch"|"50%qS9-ZpFJW0-TU$Dhw"
"estee.babon@edu.tbz.ch"|"VTIq@b-0H&OWe-YysdNl"
"simplifies.dmisek@edu.tbz.ch"|"JbryBA-mvmf9u-eCVVXG"
"selene.ganing@edu.tbz.ch"|"iEVFSg-LV#N6e-v#KLnQ"
"meryl.penke@edu.tbz.ch"|"yqL7a9-9$I1#a-VlwLoy"
"anais.rawcliff@edu.tbz.ch"|"l#UKx1-ymeM9Z-vFGpu8"
"melina.andri@edu.tbz.ch"|"rpeuD$-e4m2R&-V&6dRb"
"audreanne.fodden@edu.tbz.ch"|"B#VkoO-yIC&qF-AyDaOV"
"bjoern.spellesy@edu.tbz.ch"|"u5DI&U-wD#@fW-S0@gZ$"
"francoise.summerscales@edu.tbz.ch"|"QcDsX#-%S1Dtc-T18fDu"
"laurene.ashtonhurst@edu.tbz.ch"|"BYs%DJ-n5qU5o-B%gwpd"
"valerie.petters@edu.tbz.ch"|"yemNMn-lHQALU-7GZyOf"
"anael.spenclay@edu.tbz.ch"|"d4Vug0-eMsat1-o6Zfl2"
"stephanie.keech@edu.tbz.ch"|"L%vAVI-R6zjK%-ejtNUD"
"ines.deveril@edu.tbz.ch"|"2UKRhP-p6ExGx-NvYvHD"
"berenice.gelder@edu.tbz.ch"|"5T8vpf-Ptgg4o-eMx6vO"
"melanie.ofogerty@edu.tbz.ch"|"rMXUGz-9KvROX-m7pk#8"
"frederique.canepe@edu.tbz.ch"|"Muh9g@-7yBF@z-5c$QxN"
"nuo.otton@edu.tbz.ch"|"zX&Zlt-n7LPl7-v2%In4"
"genevieve.trusler@edu.tbz.ch"|"dQETLk-nP$ed&-j$%rb1"
"ju.boag@edu.tbz.ch"|"zS%0VB-A7##AB-Boqg6a"
"josephine.dilucia@edu.tbz.ch"|"4A&isS-ymCftc-NMYiAY"
"laurene.armsden@edu.tbz.ch"|"lvBQBw-G4raO8-jJ3@EH"
"becassine.griffe@edu.tbz.ch"|"CNNduv-hPhPz5-sy9OsF"
"alois.parres@edu.tbz.ch"|"K18CW6-tBAPnR-yZU7ic"
"cleopatre.gaffey@edu.tbz.ch"|"@3UJAR-#0OfRJ-phty7d"
"andre.stiger@edu.tbz.ch"|"nVc7&7-L@lit%-OQ&$Wa"
"beatrice.godleman@edu.tbz.ch"|"bWvq&a-6ltefl-pcz9OW"
"hakan.harrhy@edu.tbz.ch"|"nwi9r%-ZM4Syq-Qw439Y"
"celestine.dagnan@edu.tbz.ch"|"XXYcW@-0Vz6u9-ih6ISF"
"clemence.haggart@edu.tbz.ch"|"tj$ZWJ-hqWa2P-ux8nD5"
"long.caban@edu.tbz.ch"|"rtCzCF-apPBBD-nZ7pl&"
"gaetane.grimble@edu.tbz.ch"|"yvQ&xF-%&PWiu-BxifvI"
"maelann.piwall@edu.tbz.ch"|"TjCO2M-PtG3Bv-#CGX$Y"
"magdalene.loble@edu.tbz.ch"|"ZoSjr4-yF1@aF-qCD#vO"
"veronique.domaschke@edu.tbz.ch"|"09t@kz-gHs@Fd-f@wYGi"
"clea.herity@edu.tbz.ch"|"I89YA1-HK%cTq-K69XWk"
"maelann.bambrough@edu.tbz.ch"|"6McDYh-CvhdSx-P5l$Ew"
"clea.goulstone@edu.tbz.ch"|"oIaISt-dO4WL#-Op2@mU"
"renee.deleek@edu.tbz.ch"|"SFl7uY-zr59Jr-hg76ft"
"boerje.rudderham@edu.tbz.ch"|"n2876F-V%YJSS-vgdgkK"
"marylene.broune@edu.tbz.ch"|"$aEIeL-0I50O5-4H9HrV"
"nadege.mccuish@edu.tbz.ch"|"xIZ9UR-57&Anl-MSiZvk"
"anael.littleover@edu.tbz.ch"|"YyT2CE-uMCchI-PnxnZ1"
"lie.baume@edu.tbz.ch"|"@NeGP7-IU1iAJ-qpikid"
"maella.murrow@edu.tbz.ch"|"j9dA34-rRG6KL-mbbrmO"
"cleopatre.pettifor@edu.tbz.ch"|"Sqk%I4-72S3Yh-txdPfO"
"geraldine.asker@edu.tbz.ch"|"99@bg7-XYNgPi-#vTFwm"
"gaetane.smedmore@edu.tbz.ch"|"&lOCEq-j&PRIf-UNVva8"
"meryl.blencoe@edu.tbz.ch"|"6MB#9D-ycOf3#-IIljUa"
"aurelie.chastaing@edu.tbz.ch"|"ZsJyUa-43wHxP-nsy74d"
"oceanne.marthen@edu.tbz.ch"|"TWq0TQ-dIynAt-K43wYE"
"dorothee.burrill@edu.tbz.ch"|"wEGNdP-pWaT4#-eTyZ%B"
"hakan.belden@edu.tbz.ch"|"Y&9WJb-zAxhIz-5yf%CC"
"celine.brunning@edu.tbz.ch"|"Ic5H$l-h#tYMi-Ea&Mi@"
"anael.lapides@edu.tbz.ch"|"MRwiN@-DnuHVl-uB$1Yi"
"ruo.saffran@edu.tbz.ch"|"&9gAD3-sP2$gY-QYkd@0"
"loic.gerretsen@edu.tbz.ch"|"DS0&EH-C2&0z@-v6$Tvh"
"rui.fitzer@edu.tbz.ch"|"FI2O@%-KMGVxh-d@GA7s"
"annotee.ogers@edu.tbz.ch"|"XOFJ62-GbQwqy-E$kzXt"
"boerje.bindin@edu.tbz.ch"|"q5Ifuc-7fe#Yq-ZrVD%w"
"ma.cronchey@edu.tbz.ch"|"qQK9Io-Wc7KGj-QKcf77"
"laurelie.baiyle@edu.tbz.ch"|"hFZ0SC-hi3SiU-wnK2Ek"
"dorothee.older@edu.tbz.ch"|"oMsdQo-$T7742-VH3ZL8"
"laurena.wile@edu.tbz.ch"|"HD%VF9-isLMYp-UGI8Mn"
"clemence.brito@edu.tbz.ch"|"w#mV95-erIfiL-Jeh%PX"
"nadege.dallin@edu.tbz.ch"|"WYt&X5-Urr#53-3JG3p6"
"mailis.matley@edu.tbz.ch"|"xNqWfR-ctqGVg-bvy$N@"
"daniele.screaton@edu.tbz.ch"|"iWcTSx-cvhPVO-RvqgmI"
"mediamass.godly@edu.tbz.ch"|"JbEVXy-ex2&so-i5f&dF"
"leone.kremer@edu.tbz.ch"|"@6lPPr-@IA&wJ-au$#jx"
"asa.adrian@edu.tbz.ch"|"7V#Uyj-25dYuO-gANb%2"
"adele.doley@edu.tbz.ch"|"HJw%gP-JPBLxc-%CT7AV"
"fei.sidney@edu.tbz.ch"|"vE26T4-7fG1om-1eYgP&"
"marie-josee.walisiak@edu.tbz.ch"|"1BmxUC-CL#D76-USX39K"
"desiree.diplock@edu.tbz.ch"|"7lusD%-qdD8Nu-hFmqCa"
"gisele.schust@edu.tbz.ch"|"VXSnV6-gWh$me-OCkkBc"
"ma.longshaw@edu.tbz.ch"|"enj1&L-SVZl0t-rSSALi"
"da.boother@edu.tbz.ch"|"uId7Rj-ZSseVA-v1c2Q2"
"simplifies.chaudhry@edu.tbz.ch"|"68b5nb-$#Rs&U-Vd4o3r"
"garcon.baniard@edu.tbz.ch"|"PnfVWh-qJe&TI-vrb&D#"
"gaetane.elphee@edu.tbz.ch"|"xjQqOl-duAu6$-kh@XWU"
"gisele.hassey@edu.tbz.ch"|"OAy%7%-&KGeKg-so0v4P"
"oceanne.booley@edu.tbz.ch"|"B3i4uE-@@8@&p-$OeJSo"
"oerjan.dibden@edu.tbz.ch"|"igQSNB-UKKZ1B-5b25v%"
"regine.ocleary@edu.tbz.ch"|"5scHod-MBcXPf-3yuTO&"
"selene.persse@edu.tbz.ch"|"wl8xiL-QeTx7t-$L428$"
"helena.adenot@edu.tbz.ch"|"4uCu8u-Cl#h2d-jo@4YD"
"maelann.wassung@edu.tbz.ch"|"x5mbGJ-Lc5@Lx-06Iwrh"
"frederique.ackermann@edu.tbz.ch"|"e2IEGc-kLxyW5-z75KU0"
"audreanne.kahen@edu.tbz.ch"|"eYt38f-5@#8GY-H4Kz$%"
"maiwenn.lasty@edu.tbz.ch"|"7EwDb2-n#Mq%X-37XwKk"
"yu.dictus@edu.tbz.ch"|"IV4Yt6-lLar@j-&&dPmh"
"anae.dukes@edu.tbz.ch"|"d&b%tR-cZA$I2-X48lYk"
"yenora.warr@edu.tbz.ch"|"3T2cRx-jjkYcl-0IbArW"
"esbjoern.archibold@edu.tbz.ch"|"XI&L%s-0Tg7IZ-YRmt1R"
"milena.pardal@edu.tbz.ch"|"4Oz&YT-3#kZ&S-G6TGO2"
"celestine.graveston@edu.tbz.ch"|"g2Jkxz-G2aq3l-@$UtcE"
"maena.dallas@edu.tbz.ch"|"0%JZXU-5tbX37-RKo@L5"
"andree.tuke@edu.tbz.ch"|"kr4R$B-rzpid$-#Yjuyl"
"methode.seldner@edu.tbz.ch"|"S@GOB#-1WLLCw-s6%0b2"
"venus.bullas@edu.tbz.ch"|"Nqb1ov-ant@r5-Xkr2bY"
"mans.aguirrezabal@edu.tbz.ch"|"DCjfys-9ECJEh-Cw7Wh1"
"gaelle.eadington@edu.tbz.ch"|"YS$IzH-l3%5rQ-&AWyZc"
"anaelle.falkner@edu.tbz.ch"|"cI7hVU-qS5sZH-j1vUPu"
"ophelie.height@edu.tbz.ch"|"F4hAjz-X53IqW-cMX60j"
"marten.bolding@edu.tbz.ch"|"GND%4Z-tgw2Ut-FXdz$I"
"pelagie.guswell@edu.tbz.ch"|"gshouc-4TFn6p-ck$6CE"
"gwenaelle.lecount@edu.tbz.ch"|"p4CltF-TkbAUO-FYU$im"
"hakan.laden@edu.tbz.ch"|"NmWZWu-xiuqWQ-si$CHk"
"marie-josee.hylands@edu.tbz.ch"|"MQnNjw-KHi7c5-#Wwk5w"
"zoe.kingshott@edu.tbz.ch"|"AVjdBc-0L5%bc-It3yvt"
"josee.janous@edu.tbz.ch"|"l$cgI&-YbFVXR-QbR1HD"
"laurene.gallally@edu.tbz.ch"|"2QkPGQ-87C6vo-lvi9dq"
"anael.bickle@edu.tbz.ch"|"kTM8j6-ZFD0$v-JDtDmD"
"mediamass.lebbern@edu.tbz.ch"|"zeOWwD-89Bj2I-hetCjp"
"berengere.hovy@edu.tbz.ch"|"wbM@ac-gx9EK$-c49@KY"
"oerjan.kilmurray@edu.tbz.ch"|"WVeKn8-z#Jmov-1H@XX%"
"asloeg.venny@edu.tbz.ch"|"YgbrfA-bbwWx&-4wieyz"
"marie-noel.stoad@edu.tbz.ch"|"@zL5x0-LU0pA2-7%lF@N"
"hakan.pettifor@edu.tbz.ch"|"P5fp$D-2C@4ho-6npoik"
"maella.willgrass@edu.tbz.ch"|"wRotbs-Ld@4kV-1gfY#n"
"therese.ludovici@edu.tbz.ch"|"oun$tS-rCMH8s-9UDpp7"
"stephanie.trewhitt@edu.tbz.ch"|"rKFzjU-FHgRa0-CEEwxp"
"maerta.bauduccio@edu.tbz.ch"|"J7UIKd-D%BMc#-opSUva"
"gaetane.glaisner@edu.tbz.ch"|"Mu8JVz-kqQLLe-I2Tb$i"
"naeva.pargeter@edu.tbz.ch"|"JeAsAV-akVR5c-SEdVSZ"
"salome.venable@edu.tbz.ch"|"AhRD@2-m8qLLR-QfpnFf"
"boerje.thickett@edu.tbz.ch"|"LAsm8p-hQ5NJ%-QATInv"
"lucrece.prendergrass@edu.tbz.ch"|"iQ28$N-yxnWTX-XnpZ8@"
"laurene.ockleshaw@edu.tbz.ch"|"yk3P4s-7W62Yl-P7$Jv9"
"cecilia.pasticznyk@edu.tbz.ch"|"b#mfYA-rzGp8a-M8qMpf"
"stevina.mackey@edu.tbz.ch"|"6FzMKI-V&1YP0-j$elVu"
"marie-noel.reven@edu.tbz.ch"|"YfC891-@TSzkD-bvSaA%"
"melina.quilkin@edu.tbz.ch"|"5ZqLgO-Y1ZlwP-oT35Pj"
"marie-noel.ferrie@edu.tbz.ch"|"U3t&&P-JYKiOC-wlEK4y"
"leone.alphege@edu.tbz.ch"|"kLHTxm-g0SP#S-rv1@m$"
"zoe.leverson@edu.tbz.ch"|"htwc@i-bE6b@j-drAmKV"
"annotes.grayne@edu.tbz.ch"|"BbQB2C-cIyZjv-o5A%Ch"
"faites.lalley@edu.tbz.ch"|"&Nq38P-6bQ8FT-lUGAon"
"adele.wallis@edu.tbz.ch"|"THQmg5-ZG6wvn-IU@jsn"
"severine.madill@edu.tbz.ch"|"akebY1-&cHZGy-YnDD%P"
"valerie.tebb@edu.tbz.ch"|"SEuihL-pyAJbJ-je6Caj"
"kalliste.rasper@edu.tbz.ch"|"$OaLDi-wYuCNQ-1RvrlD"
"audreanne.palomba@edu.tbz.ch"|"TOf$TF-uglzlX-#YfjEt"
"elea.adamik@edu.tbz.ch"|"9GpW1L-8Vcxvq-pMMZNW"
"reserves.jakuszewski@edu.tbz.ch"|"m7dUyL-ehbLt$-kqKU$R"
"athena.belhomme@edu.tbz.ch"|"OFDBgZ-JRrnzc-U4RB7B"
"rebecca.crippin@edu.tbz.ch"|"OSffLP-w%itLB-euA$&a"
"maiwenn.curman@edu.tbz.ch"|"UuLQ81-@nO7Ql-%ti0C8"
"andree.bunner@edu.tbz.ch"|"vOs4Mt-r8xPHf-8LmcFe"
"ruo.winckles@edu.tbz.ch"|"vIlzT$-$zUsgM-2#EVGF"
"naeva.buntine@edu.tbz.ch"|"$GudVz-lZgc1m-2dn%xG"
"boerje.dollard@edu.tbz.ch"|"N6n9Re-TnnRyM-V6d%3W"
"penelope.gorman@edu.tbz.ch"|"EaiI3u-y6MGmi-brg5p&"
"alois.robelin@edu.tbz.ch"|"lMv764-SjCRVS-gobv3R"
"anaelle.tindle@edu.tbz.ch"|"RMl%#r-@oAm2i-LfqV6x"
"ye.frears@edu.tbz.ch"|"ZsL6u@-a0k%f&-D0vN2D"
"andree.ovid@edu.tbz.ch"|"fuMyh3-QMao7k-w#kFPC"
"hakan.peat@edu.tbz.ch"|"4cLogZ-Sg83wv-%LEg8a"
"andre.januszewski@edu.tbz.ch"|"HCgDCy-6i1j4f-mgKZWY"
"annotes.clemmett@edu.tbz.ch"|"3h0vmo-VatcDx-bo8l73"
"pal.lambswood@edu.tbz.ch"|"fKZEL@-@GRan0-heDUq7"
"yao.lenton@edu.tbz.ch"|"mVGupF-6AL8pj-vqzcC%"
"hakan.boyton@edu.tbz.ch"|"j3vghA-tzJKyA-dmIuVk"
"nelie.forsey@edu.tbz.ch"|"hU@zSJ-QROLZv-UirEBn"
"hakan.horche@edu.tbz.ch"|"xFAQcN-4117aw-V$SvgY"
"lorene.sinkings@edu.tbz.ch"|"UB9s#z-1%PTxW-kdcXXU"
"marie-therese.creddon@edu.tbz.ch"|"5xcdIl-8@zwFq-$nWyqA"
"berenice.tolworthy@edu.tbz.ch"|"wUJ#hj-%r6qrV-CxO24S"
"theresa.land@edu.tbz.ch"|"GLLuhL-u0l9nc-E1xnqA"
"marie-therese.gianilli@edu.tbz.ch"|"#gziqJ-oM&Wgh-oD5xCp"
"meryl.glew@edu.tbz.ch"|"135HG#-@nBKDc-Si2IT1"
"adele.debling@edu.tbz.ch"|"u&pZ#q-HQmsCQ-M&z7vC"
"anae.metzke@edu.tbz.ch"|"c&YQah-Tibq87-IcyTg5"
"gaetane.gooden@edu.tbz.ch"|"&EP70H-PRMxBq-bO1mor"
"laila.bootland@edu.tbz.ch"|"bGp%QT-fsIK9w-2qax&O"
"maite.helsdon@edu.tbz.ch"|"enfRbK-B3lq9T-izBLb8"
"andree.malley@edu.tbz.ch"|"9fspHl-DnPTPH-IOXwo8"
"pal.simmens@edu.tbz.ch"|"jK084F-Jqe1ew-MozIiU"
"maelys.nuccitelli@edu.tbz.ch"|"L$PEI%-zTY6Dc-ZdtiL4"
"dafnee.sibary@edu.tbz.ch"|"d%3omI-@SeYpE-Gydb5z"
"alois.harsnep@edu.tbz.ch"|"sY6E8U-RoxNVn-TGfdA&"
"marie-helene.lacky@edu.tbz.ch"|"h4BX5M-Y7Yhqb-Zx0gTJ"
"mylene.youthed@edu.tbz.ch"|"L64BHe-ywB9tT-DcgWg@"
"marie-helene.dehmel@edu.tbz.ch"|"%PtGdc-dIFqjb-uui&Em"
"angele.batman@edu.tbz.ch"|"y87r97-K7G6pG-nPukXv"
"melia.younghusband@edu.tbz.ch"|"n@aSEW-0e$%NR-iAwvdN"
"eloise.baldi@edu.tbz.ch"|"TZZ7Kk-prUWSN-1IaQsv"
"illustree.dun@edu.tbz.ch"|"8lIK@P-qNwJ#J-CZUR3$"
"genevieve.late@edu.tbz.ch"|"7QJ6@&-EmuzUo-pFDMeD"
"celestine.colville@edu.tbz.ch"|"vpN0VW-kXKk2f-gtnMB5"
"gwenaelle.scarlon@edu.tbz.ch"|"VPsfF0-t5MFhw-EX%Jxn"
"regine.boddie@edu.tbz.ch"|"XdtXbf-$Y9sDw-KANM7p"
"creez.gaughan@edu.tbz.ch"|"EDqHG$-$%sIVo-k2#6zD"
"gaia.longford@edu.tbz.ch"|"fiIBZ0-ZzSO&T-PAfFhL"
"mailis.buckby@edu.tbz.ch"|"T&e&R9-xevMKr-x3KkvA"
"song.parbrook@edu.tbz.ch"|"aFLv%$-t2vU&6-rUSmYq"
"frederique.heddan@edu.tbz.ch"|"rxM6@%-a&neYB-Efarw6"
"ake.kirtlan@edu.tbz.ch"|"3dhSPs-zqnoAL-aud7h4"
"nelie.runciman@edu.tbz.ch"|"qAnYL3-SC$2KG-u37AfW"
"mailis.cardnell@edu.tbz.ch"|"AAHQFe-T#3VJ@-7ntyb9"
"irene.navarro@edu.tbz.ch"|"LrobdG-bF9llX-&3Pxbj"
"maite.cough@edu.tbz.ch"|"FnXAyc-xdHJXt-%@UlgL"
"anaelle.stocky@edu.tbz.ch"|"IeEVuc-hFemZG-U38d&B"
"methode.moulder@edu.tbz.ch"|"eVkhTI-nWhAIn-mFrVkJ"
"po.stafford@edu.tbz.ch"|"dNo5kW-r3vCO8-lgSdac"
"faites.scraggs@edu.tbz.ch"|"hzMobp-%lAX78-UoNTtl"
"adelaide.dullard@edu.tbz.ch"|"WknZe$-9EGatV-xL&J1q"
"desiree.leonard@edu.tbz.ch"|"HprEj&-ibdxcv-LUQRrN"
"geraldine.badgers@edu.tbz.ch"|"iQiyeX-whRDy4-@sddv5"
"ruo.masic@edu.tbz.ch"|"U6EZsq-dtr4id-qxt701"
"aurelie.lieber@edu.tbz.ch"|"TjL&hj-$wtHLi-a0PNm2"
"naelle.balcock@edu.tbz.ch"|"hCHH&k-a8Ys3E-AXg%s1"
"camelia.elger@edu.tbz.ch"|"6xkWxh-vwFsU4-V1EdJb"
"publicite.oakeshott@edu.tbz.ch"|"Czd$2l-jX%n%C-iVvN9u"
"cleopatre.fawley@edu.tbz.ch"|"SMi&&S-Apfmer-vcusFw"
"laurene.bruckmann@edu.tbz.ch"|"ipD@WG-Sk0x$s-nO0OhL"
"rui.haughton@edu.tbz.ch"|"8wR0eW-0JutY5-jmklcL"
"asa.ladewig@edu.tbz.ch"|"hs9ns6-oG%nqt-4KDgIU"
"gisele.janecek@edu.tbz.ch"|"6OmpCh-ds4E%p-cw#&N5"
"maily.loveridge@edu.tbz.ch"|"vUD%1m-Ev$Ufi-GpNTJb"
"marie-eve.yurkiewicz@edu.tbz.ch"|"Til9xL-o&XHaT-fXsLzy"
"fei.roder@edu.tbz.ch"|"rElN@x-hqltUQ-uiaNXg"
"edmee.chatburn@edu.tbz.ch"|"qL7$uc-9LacL3-rITM$X"
"geraldine.darke@edu.tbz.ch"|"Jvn8Hf-POWtTJ-CYK9N#"
"ye.jira@edu.tbz.ch"|"WdtCs9-jLIpvf-u12KWa"
"publicite.persent@edu.tbz.ch"|"AJrNW5-yWoVJW-ZtWOYJ"
"severine.wilcox@edu.tbz.ch"|"fev5AY-3bGPWe-P2UE$Y"
"yao.mcclaren@edu.tbz.ch"|"afj11S-Vpcm2U-ef5IjQ"
"theresa.foynes@edu.tbz.ch"|"8mf10W-qXjuWp-qwgGb4"
"stephanie.isley@edu.tbz.ch"|"smTa75-M6APd$-nJ$Y5Q"
"torbjoern.growy@edu.tbz.ch"|"ssji6y-2jtryL-B&q1Jz"
"eloise.tunnadine@edu.tbz.ch"|"vpKZ8A-&Xv#Al-yoQtqV"
"maeline.cossentine@edu.tbz.ch"|"fd&QDI-1&ajEb-7@wf5G"
"nelie.desantos@edu.tbz.ch"|"hb2JnS-bzyDY6-oZk1BO"
"gaetane.axston@edu.tbz.ch"|"I9vb8S-7kUO0a-ZZAh24"
"aimee.merman@edu.tbz.ch"|"bwLQLW-lAOvju-8cxjpo"
"oerjan.drivers@edu.tbz.ch"|"#YwtTZ-urHqxl-Z$k0H5"
"aimee.miroy@edu.tbz.ch"|"fk7KCU-I6#qbE-0qIhng"
"nelie.glyde@edu.tbz.ch"|"ji#Vga-8Kl5YJ-U@q&2c"
"hakan.kapelhof@edu.tbz.ch"|"H1hvw2-fva90Q-kMVuGP"
"maelyss.cauley@edu.tbz.ch"|"&vcOwr-lFeEjc-myxd$R"
"elea.vaggs@edu.tbz.ch"|"O2mC#i-1DGz61-7mvmxB"
"maelys.but@edu.tbz.ch"|"pCMnS&-eSsKKf-WrNZVK"
"maella.arthurs@edu.tbz.ch"|"YcNrX7-fs@1Sq-h4L2Yn"
"adele.liebrecht@edu.tbz.ch"|"VNatp&-xAvsdw-kFjm$r"
"meline.lomasny@edu.tbz.ch"|"Ctz$vK-bJPE@M-Pu9m34"
"mediamass.schwant@edu.tbz.ch"|"psk7Io-Lrpdz2-2fTeUs"
"leone.saunt@edu.tbz.ch"|"Ur@9Ox-7WX%B5-Tk5o@j"
"annotes.gouch@edu.tbz.ch"|"KwGw5Z-$mnrEE-imAy0J"
"gaetane.bowich@edu.tbz.ch"|"r7dGTb-rDTBBn-TY91qk"
"alizee.strelitzki@edu.tbz.ch"|"wkWD#i-46UBdR-iNKp1O"
"leone.poile@edu.tbz.ch"|"zvOeX7-$xAsh#-5260QE"
"amelie.saban@edu.tbz.ch"|"yXIL71-$Mul3C-ftk6wZ"
"marten.mcmenamin@edu.tbz.ch"|"L4Rys$-Po7QkR-@YyYJp"
"becassine.keets@edu.tbz.ch"|"Y#KBip-5lcKnZ-hu&%yF"
"celine.million@edu.tbz.ch"|"sNGJdp-gC6H5K-d%h8YH"
"geraldine.belitz@edu.tbz.ch"|"yEiMvJ-sd6rnT-rO88Hp"
"salome.mardling@edu.tbz.ch"|"vZb2fO-JloxjN-Ir0bry"
"melia.blakemore@edu.tbz.ch"|"UAZMPP-r35@gR-ec$sfj"
"dafnee.mcaulay@edu.tbz.ch"|"P$kdGf-5RbznN-8curff"
"garcon.dennett@edu.tbz.ch"|"2feoj2-kEkwVG-#$pDuw"
"interessant.lesor@edu.tbz.ch"|"NwCwOv-3K&2ur-HbPTMW"
"annotee.wasbrough@edu.tbz.ch"|"0a9L7r-Zk$mRq-C8MHBh"
"asa.ibbeson@edu.tbz.ch"|"H#tywt-t8txCB-T3PFaS"
"maily.kennealy@edu.tbz.ch"|"jODuvo-ID8w@Z-JYy8C1"
"ye.seares@edu.tbz.ch"|"dLt@MA-0fHbm1-C45L5e"
"athena.harbron@edu.tbz.ch"|"YOejK9-OaZN&J-wSkAi%"
"andreanne.portail@edu.tbz.ch"|"jSj%cn-kxYcBe-Al@Hc7"
"goeran.zannelli@edu.tbz.ch"|"CEaSEb-eRtBFy-nVF@Ed"
"gerald.leathlay@edu.tbz.ch"|"#lvadT-X%fMHZ-Yw3mgJ"
"andreanne.chown@edu.tbz.ch"|"zvO8a6-bNz35%-jPgu1e"
"esteve.clementel@edu.tbz.ch"|"t@E&P9-bel3uH-@jAt7u"
"leone.legan@edu.tbz.ch"|"YL7tXV-zR#hRN-W&5II7"
"maena.pownall@edu.tbz.ch"|"RCvWAn-&3gyDM-BzRgn&"
"andree.rettie@edu.tbz.ch"|"uBy5$t-$4XnVc-GrHBhB"
"ines.kenwrick@edu.tbz.ch"|"o4YGvO-r2#Zjm-tnaD0d"
"marie-helene.yarnall@edu.tbz.ch"|"d$hXCn-tZy4MU-mlN67$"
"po.martin@edu.tbz.ch"|"xBYYHQ-CaN#tS-RuQZph"
"ruo.celiz@edu.tbz.ch"|"WF6Wmj-n8GNcy-QPgfxg"
"po.bissett@edu.tbz.ch"|"JVP7W$-uxSZcc-UC3BzX"
"du.swindon@edu.tbz.ch"|"IAkEWR-Omvt7C-SR8LCm"
"interessant.gouldthorp@edu.tbz.ch"|"TrL7Og-$AQ8uk-i21fx7"
"leandre.lilburn@edu.tbz.ch"|"MmMJVr-Jjy0eX-Vpuopi"
"bjoern.whales@edu.tbz.ch"|"Io1mVq-lulAcY-xb&n87"
"interessant.dieton@edu.tbz.ch"|"&9xbkb-1aJKpY-O@zGOt"
"celestine.redhills@edu.tbz.ch"|"bK2p$U-UaA8Xj-A6IqRT"
"tan.yakovlev@edu.tbz.ch"|"pJe7bc-oMsfm8-E1ngz2"
"regine.mcdowell@edu.tbz.ch"|"MR3SYR-uxiEQe-MnN4SM"
"ju.coysh@edu.tbz.ch"|"$Nj67y-X9xzZK-BYkd02"
"reserves.ofallon@edu.tbz.ch"|"gUhp7I-W%EcDO-Y&f7rH"
"frederique.sobey@edu.tbz.ch"|"DQa#kS-V2KXts-bdRxce"
"marie-eve.garstang@edu.tbz.ch"|"tCREhz-A@C#gW-hIVfqG"
"andre.tapin@edu.tbz.ch"|"vfr0I1-gXEyIp-DdITS0"
"esbjoern.eynon@edu.tbz.ch"|"r2n8&F-%e$#Tw-@6qPRe"
"maella.duffy@edu.tbz.ch"|"$ct4R6-UiSKHm-Y6u$Bt"
"leandre.twinning@edu.tbz.ch"|"hGNEoU-1LasCM-ZDXeD8"
"mai.whittingham@edu.tbz.ch"|"Vi83sG-@Uy%UP-x6lcUZ"
"rachele.shevelin@edu.tbz.ch"|"aeX0x2-xgh8ys-ToSiA3"
"cecile.mcure@edu.tbz.ch"|"X&uRNq-daBnlt-a8dEkb"
"marie-eve.yurkevich@edu.tbz.ch"|"GelY%u-f97hbF-2UCZOS"
"almerinda.paice@edu.tbz.ch"|"LWiBHG-Rh43Gb-hgJ&Ht"
"rao.howkins@edu.tbz.ch"|"uc2aD6-Y%4LHK-djOVOk"
"serena.pack@edu.tbz.ch"|"fBrL@P-vEG512-y5H0bw"
"rebecca.mant@edu.tbz.ch"|"TD@VGJ-C0Wjgb-#YtIKe"
"reserves.spitell@edu.tbz.ch"|"&kJicq-05&HYB-KvVJo%"
"garcon.hamfleet@edu.tbz.ch"|"TUG5P@-9joMMr-YAzbhL"
"methode.kerkham@edu.tbz.ch"|"kn8jmY-$7gX2u-c6elzo"
"pelagie.camies@edu.tbz.ch"|"lvwSk7-Ro@yVV-gp%VoR"
"josephine.macpharlain@edu.tbz.ch"|"jPRY2o-@WTsFh-WaIs0C"
"eugenie.mathet@edu.tbz.ch"|"$eVW95-RIMmEy-l%yTw7"
"gaetane.brangan@edu.tbz.ch"|"vmoVcN-9xBIe$-YAvoCv"
"michele.dewbury@edu.tbz.ch"|"FlSB9w-8yZibG-osUvcx"
"eugenie.elcott@edu.tbz.ch"|"peKyMP-PrE%NF-UFAvV2"
"megane.harniman@edu.tbz.ch"|"#GY#hr-q$8lxM-Y3Anp1"
"agnes.cluney@edu.tbz.ch"|"BU%i10-vwoA1i-0&zjF@"
"marie-helene.angear@edu.tbz.ch"|"krwspX-6sUD%9-iUwCbH"
"melia.dolphin@edu.tbz.ch"|"g#Qqy6-23XGaQ-RDzMnF"
"lois.ruseworth@edu.tbz.ch"|"Hj3Ked-nLTMRz-T8#4Zk"
"mailys.ryding@edu.tbz.ch"|"@uGapo-t22bpi-qmLJOp"
"rachele.wulfinger@edu.tbz.ch"|"WSOEGd-kriUE#-JhdgfB"
"gwenaelle.talton@edu.tbz.ch"|"VmJ7eG-PmWch9-TE7B7W"
"long.ronchetti@edu.tbz.ch"|"3XmFqX-hzzdwr-x1MX&4"
"styrbjoern.kloska@edu.tbz.ch"|"z8NVOD-QKtf&B-1AS@y#"
"len.sudran@edu.tbz.ch"|"35AyBx-Gu9HMs-8oJbda"
"maelle.andrysek@edu.tbz.ch"|"sVOr5$-LX%p3M-uKG$Ei"
"selene.senior@edu.tbz.ch"|"S#g4yD-FP7JR&-4&xjSV"
"anais.joskovitch@edu.tbz.ch"|"3%Ii&o-89@G2t-Sn$0dV"
"marie-noel.dally@edu.tbz.ch"|"uQxEnq-vgdTon-HvSB8x"
"marie-helene.laurence@edu.tbz.ch"|"TmOyH3-@pCdRW-y5BKYr"
"camelia.foxon@edu.tbz.ch"|"DLKNN@-z2cDBd-N2sUHH"
"helene.cankett@edu.tbz.ch"|"$ByWnl-w3uj0C-LSQrLb"
"marten.mitchelson@edu.tbz.ch"|"Uyhabv-ypzu9u-Yc7Wyj"
"helena.stirtle@edu.tbz.ch"|"&5X5Kv-cJW6aM-v3GRGQ"
"leane.barmby@edu.tbz.ch"|"isaMUX-$VjvwV-1UU2fO"
"goeran.ofinan@edu.tbz.ch"|"gEThV%-BLCrMH-OpXy7@"
"styrbjoern.proby@edu.tbz.ch"|"8wb5za-DjWfVs-Tq7FY1"
"zoe.halse@edu.tbz.ch"|"W3Z&@X-wXdm@z-#Ajzn1"
"kui.drable@edu.tbz.ch"|"VIf74i-@IU1wU-qHxZLi"
"desiree.bamford@edu.tbz.ch"|"T5biw0-R7wuDy-0%XcyA"
"zoe.suller@edu.tbz.ch"|"nWCZt6-mI083o-unU7io"
"marylene.audiss@edu.tbz.ch"|"AQzQ8n-DqMR56-YAWu&k"
"adelaide.poznanski@edu.tbz.ch"|"cpJLgq-HHXswq-gZGZpg"
"maella.coleyshaw@edu.tbz.ch"|"IzfbXq-uj@c7I-roX77C"
"marie-francoise.gelder@edu.tbz.ch"|"UURR#F-10oC2h-SGcOE2"
"eleonore.chaffyn@edu.tbz.ch"|"5Y$B69-EQU4Cu-o1henL"
"celestine.sikorsky@edu.tbz.ch"|"LyX8C6-$u0pqK-%mImaQ"
"stevina.londsdale@edu.tbz.ch"|"pT5azw-tivDq4-1ltu#y"
"maiwenn.nevitt@edu.tbz.ch"|"KSUn5f-7SSpTT-jjwv$D"
"magdalene.gerrey@edu.tbz.ch"|"4IOVWu-E8X&BQ-WaIFnt"
"becassine.latimer@edu.tbz.ch"|"V%c%8W-uu%ZAi-doZm3a"
"da.lethibridge@edu.tbz.ch"|"5quft#-GbLj%6-fcPa6V"
"mailys.claige@edu.tbz.ch"|"CRt6Bs-n&HjaR-@RStek"
"maena.torbard@edu.tbz.ch"|"JMb4er-SH&sRg-zxlPGp"
"solene.lyvon@edu.tbz.ch"|"bRVxJX-6%bK@5-i92JY2"
"marie-therese.benbrick@edu.tbz.ch"|"&x&tA1-vt7%zE-#LkZYc"
"gerald.edmonson@edu.tbz.ch"|"$ithEA-65w9kQ-NQGC&F"
"ake.messruther@edu.tbz.ch"|"vLq4JF-wLACZh-TbbC4A"
"men.gosneye@edu.tbz.ch"|"mgCN8E-FZAh7#-#B0Y@p"
"anais.jefferys@edu.tbz.ch"|"&SxGwu-Nb7s9y-dQJuM%"
"publicite.tregale@edu.tbz.ch"|"Uv00lB-d%W@xE-wKqQ1g"
"maily.santorini@edu.tbz.ch"|"kO#HBz-Ag0kSX-RPXf57"
"ines.pioch@edu.tbz.ch"|"G3SNgx-ehb99w-p4@k49"
"noemie.marklew@edu.tbz.ch"|"qgch7N-bl1tdl-jZEbXl"
"meghane.maccaffrey@edu.tbz.ch"|"TgxmBi-tLrx$E-Sit7wm"
"berangere.ambrogio@edu.tbz.ch"|"kjOWQ%-bRViCX-AcxK8Z"
"mediamass.ryce@edu.tbz.ch"|"rJH7vR-76w#qg-mt%TB7"
"oesten.ubank@edu.tbz.ch"|"XHG&nV-Flf&@4-v0@A%s"
"melina.mackee@edu.tbz.ch"|"B9T5Y2-VyWi$i-uohb@I"
"theresa.livezey@edu.tbz.ch"|"Vi&cm%-c@pYcS-BgC3ct"
"clemence.weal@edu.tbz.ch"|"J6#AEZ-OJVcch-G4rvRU"
"faites.overton@edu.tbz.ch"|"NQ23U7-hz$$Ov-5WPvme"
"clea.lindblad@edu.tbz.ch"|"mtRdhB-bv@KcK-dFxzth"
"josephine.roseaman@edu.tbz.ch"|"CqgEPO-YN4y9z-Wg$gct"
"oesten.lowbridge@edu.tbz.ch"|"@6oU&6-Wo4$FF-GpXOJG"
"marie-josee.brion@edu.tbz.ch"|"9SF&Uz-X0mvRp-uu62rc"
"therese.basili@edu.tbz.ch"|"@1zq#h-UIpeN9-OeDsTN"
"melia.vertigan@edu.tbz.ch"|"UycCrs-eqO$tm-BWHDwO"
"judicael.saull@edu.tbz.ch"|"wnPJac-Rb5jBs-aUavdX"
"selene.valentine@edu.tbz.ch"|"Jhw3Z%-veEVlI-@5xr4V"
"verane.dunlap@edu.tbz.ch"|"yFe#51-orSCI1-fTFsyF"
"meline.kinnear@edu.tbz.ch"|"SVkqqH-Hq#DUs-uASGAZ"
"lei.luttgert@edu.tbz.ch"|"KixtuA-zyL10n-eacAHI"
"styrbjoern.lathleiffure@edu.tbz.ch"|"DmpS0I-hplls#-rCygZX"
"marlene.blasi@edu.tbz.ch"|"YfYxAZ-D5#3XZ-z0yT8w"
"mai.begwell@edu.tbz.ch"|"GXh2kt-w1nfZb-jYQSDd"
"gwenaelle.kaines@edu.tbz.ch"|"oO8NMR-Rl0UJL-XD1JV@"
"gerald.adamthwaite@edu.tbz.ch"|"ezzdgw-5J$1$r-bSeH7H"
"kui.hartfield@edu.tbz.ch"|"2Nz8Ux-o0bcfp-3oIusA"
"salome.currao@edu.tbz.ch"|"ugO&Lh-7loyOF-0$NR0c"
"angelique.tixier@edu.tbz.ch"|"eba2uB-JzyP0h-3H9DhG"
"ju.mcgragh@edu.tbz.ch"|"y%2ZFn-gVRF3V-K4lGRE"
"dafnee.beachem@edu.tbz.ch"|"m9%Tgs-k86Guf-NqG7HF"
"creez.terlinden@edu.tbz.ch"|"IWGk1X-m#N8Wd-hAQF03"
"uo.mcskeagan@edu.tbz.ch"|"QDmb5T-VSG1UK-N01omn"
"edmee.mccaughren@edu.tbz.ch"|"UsxUCy-#ScOim-5W4YPD"
"asloeg.cozby@edu.tbz.ch"|"T1McGa-fp$&mT-slYaiS"
"melodie.traite@edu.tbz.ch"|"Fm5ybT-@XnW1e-pVwmdT"
"dorothee.aindriu@edu.tbz.ch"|"ESHCHq-#&uwlz-BQDi00"
"daniele.doley@edu.tbz.ch"|"ihr#Kh-&9$dq6-$pefv8"
"mediamass.fairclough@edu.tbz.ch"|"BLlUsk-TVGB#4-wQ&%RU"
"lorene.rainforth@edu.tbz.ch"|"yXHx1V-bu$5UN-N3bkuP"
"leonore.eyer@edu.tbz.ch"|"$snCs2-#F@1RB-YWwA09"
"po.spillman@edu.tbz.ch"|"9yVMcR-YP#AKE-vg1BmF"
"cecilia.plitz@edu.tbz.ch"|"FFFeCc-U%FBHb-jjaRSN"
"lorene.ludlow@edu.tbz.ch"|"u@qF9I-t#wB4U-aU@t0f"
"berangere.neligan@edu.tbz.ch"|"EkG6g$-I$9kfR-IznQBO"
"simplifies.huggan@edu.tbz.ch"|"r3WCI0-qnVbhg-rkh7vg"
"clelia.prandy@edu.tbz.ch"|"o#b7BF-ZRVC$p-ZvkXQ0"
"ake.osban@edu.tbz.ch"|"xSWqAl-JXMBPR-zxv903"
"cunegonde.brunn@edu.tbz.ch"|"$Rdhtv-i1LDAU-5b9iRB"
"long.grizard@edu.tbz.ch"|"o#dPfI-3sEl9r-p&IO86"
"meghane.diss@edu.tbz.ch"|"k2VpZf-#S9Gro-d0ic60"
"therese.oldman@edu.tbz.ch"|"iXiv8$-RJ$NhJ-2YgPzM"
"boerje.scamerdine@edu.tbz.ch"|"D8O%@R-rFqkhp-GZb$0J"
"du.saban@edu.tbz.ch"|"UBZRy7-50Jed#-SP7lxu"
"hakan.clynmans@edu.tbz.ch"|"gJb%#0-My7W1e-Q%&Bka"
"wa.macdowal@edu.tbz.ch"|"dda2PL-yGsX4N-$njyLp"
"venus.hatrey@edu.tbz.ch"|"NxVT0f-tdUCL2-S&7F&m"
"anaelle.vispo@edu.tbz.ch"|"Jc@Q8h-BSjIrb-riXE2@"
"mahelie.ollcott@edu.tbz.ch"|"4RAeGG-%qrmfA-$aQ03N"
"mediamass.whyman@edu.tbz.ch"|"0humvZ-8Z9rAm-2sZLya"
"esbjoern.basson@edu.tbz.ch"|"4Knse8-zyMKtK-cmXdyt"
"andrea.morrill@edu.tbz.ch"|"UjeZ8$-0STqpw-dUTtFc"
"melys.grassi@edu.tbz.ch"|"I&w2Jd-foP81O-eoHk7K"
"leone.poleye@edu.tbz.ch"|"znbHQ5-pZ2r$$-KKfO4T"
"francoise.penny@edu.tbz.ch"|"#AE1#A-CqqlWu-s@VvIj"
"rebecca.edney@edu.tbz.ch"|"79ea#k-zI95fw-HvlhnC"
"adelaide.murtagh@edu.tbz.ch"|"lbEOh2-hAuhk0-EM035t"
"stevina.winterbourne@edu.tbz.ch"|"AQZDGF-YL48iM-DQ&pxM"
"ma.cottom@edu.tbz.ch"|"i%4gaW-GABMer-JOxN6k"
"tan.harold@edu.tbz.ch"|"9BFbeg-HFb1$g-AxQ2@Y"
"venus.forte@edu.tbz.ch"|"iZ6b9k-bi7ybh-4PUeCs"
"almerinda.oluney@edu.tbz.ch"|"2JhgJV-pemtt#-SdCLi@"
"cleopatre.brehault@edu.tbz.ch"|"vrd2Kq-Tu#4$8-IE8Ili"
"interessant.lapides@edu.tbz.ch"|"#kP#su-@b0N#I-f2$&Rg"
"reserves.hallatt@edu.tbz.ch"|"Ofh#Al-cahu7o-V5AiMs"
"annotes.birdwhistle@edu.tbz.ch"|"c5hZrR-3PTDyo-CXd7Hp"
"ai.dredge@edu.tbz.ch"|"pVp&Ck-Sc1ZDV-vG@4gm"
"megane.mussard@edu.tbz.ch"|"xtxXOx-XZL1CV-LQI6d#"
"esbjoern.gowrich@edu.tbz.ch"|"nKAWAr-3ZLEgS-3z%%bV"
"boerje.brislawn@edu.tbz.ch"|"yF2x7E-amFPii-TfVfHH"
"becassine.wilce@edu.tbz.ch"|"R$QJc5-$jB0ty-BDz74i"
"personnalisee.oels@edu.tbz.ch"|"$rVNyH-f$hrsI-JAO30L"
"verane.pett@edu.tbz.ch"|"Sh01gJ-Ft%S&J-XDG2Vs"
"marylene.glewe@edu.tbz.ch"|"rZRkak-t&1xbs-P$WRB2"
"lai.elson@edu.tbz.ch"|"6HPwqo-SQHNH5-anEuGG"
"serena.difranceschi@edu.tbz.ch"|"eAfXQz-XeSGM0-yGKILR"
"lie.espinel@edu.tbz.ch"|"EIhQMG-H$cibc-amnXEl"
"marylene.fantini@edu.tbz.ch"|"rraTbq-Bed#kV-2gBXK4"
"andre.archdeckne@edu.tbz.ch"|"Gikg@2-mUjxVr-joAE@z"
"goeran.bohlingolsen@edu.tbz.ch"|"Y&il8s-ukMt#S-Nr9Skq"
"cunegonde.heffer@edu.tbz.ch"|"BWeStR-0MZjFX-aTAOhT"
"tan.fechnie@edu.tbz.ch"|"4AbSjm-1l4SjK-LTnSGe"
"marie-noel.brammar@edu.tbz.ch"|"wej6pe-2$UP4S-JmVtyu"
"simplifies.aven@edu.tbz.ch"|"WQlvuF-nXCJGV-y$UqPt"
"melys.pinchen@edu.tbz.ch"|"Olq2yO-C&b21C-cN5PDV"
"edmee.joyner@edu.tbz.ch"|"scUGbd-lFMRT0-NLHn$5"
"berengere.edess@edu.tbz.ch"|"H9Kx2t-#nXmod-QmFwcB"
"marie-noel.goward@edu.tbz.ch"|"40w2qv-HT3dYo-UiYoHx"
"ju.edmons@edu.tbz.ch"|"e08fH&-2WaNY8-y%zl9t"
"frederique.airds@edu.tbz.ch"|"sWJi2w-ifktRx-09tswo"
"reserves.dauby@edu.tbz.ch"|"qJa%bc-Tuoiry-jn1klF"
"hakan.gynni@edu.tbz.ch"|"2LG14E-oZpdig-Cb1mWp"
"leonore.pinwill@edu.tbz.ch"|"hWpN1R-5AA$Q9-&#JcDf"
"marie-eve.mcallan@edu.tbz.ch"|"$0HEp$-jvly2m-JOOUZM"
"naelle.yeabsley@edu.tbz.ch"|"UzqlE0-pHmCIE-CTXXH0"
"nelie.jacobovitz@edu.tbz.ch"|"$W2fMw-ITa8vI-iraAyu"
"adele.conelly@edu.tbz.ch"|"LNu5DW-0sxfX4-Qzv%5P"
"clementine.dondon@edu.tbz.ch"|"fNwFdJ-l2qnOv-IIMlca"
"zhi.willcot@edu.tbz.ch"|"QELBYr-Hy6jjj-eM9Bv&"
"chloe.janicki@edu.tbz.ch"|"tIEiTe-ZkjGii-iG$M&D"
"meng.linde@edu.tbz.ch"|"GAFUeJ-y9Wj0u-dju9vB"
"celine.janisson@edu.tbz.ch"|"LSV0D6-4ugDjx-cXCeV2"
"clelia.crow@edu.tbz.ch"|"bkhRyg-dQvpgp-hPM2iq"
"cecile.pyott@edu.tbz.ch"|"OSMmIH-nx0RmR-93KUI$"
"ma.fidelus@edu.tbz.ch"|"Mmf3Z$-GMwYHv-WvFf2M"
"marie-helene.poore@edu.tbz.ch"|"AL1%Dq-ZRS4io-TPQM7R"
"elies.blanket@edu.tbz.ch"|"G5ydS4-80zH0Y-l2gYvF"
"yu.boyer@edu.tbz.ch"|"n70JWC-M4ADWV-P7uf8b"
"celia.welds@edu.tbz.ch"|"y#64@z-ixeGgA-fwRdMU"
"du.gunney@edu.tbz.ch"|"Qy4tGw-8clmMK-zWB&P%"
"goerel.crush@edu.tbz.ch"|"7X9FVr-IdvcZH-EFdqTY"
"marie-josee.brosius@edu.tbz.ch"|"PbvZNF-F%BK4D-PJ3iwR"
"camelia.adds@edu.tbz.ch"|"PT7ck1-s&FAx7-egVkCQ"
"anae.irwin@edu.tbz.ch"|"dwey44-WoNUse-1EMHXN"
"cleopatre.skeffington@edu.tbz.ch"|"aAb7lp-OQ1&M9-H9sPs3"
"gerald.suggate@edu.tbz.ch"|"@dVQ46-I3E&Jk-e&UAKR"
"laurene.tailour@edu.tbz.ch"|"D2SqBy-nTrnP$-qC9o2d"
"amelie.hoble@edu.tbz.ch"|"@#6Has-4kLESZ-iCJrFv"
"venus.getch@edu.tbz.ch"|"UDUe3J-ggPcld-fEaeNh"
"renee.treby@edu.tbz.ch"|"rpLTKy-ROjVTs-@7%MH5"
"almerinda.stait@edu.tbz.ch"|"OaJyUu-CJanWv-GplkVd"
"andree.reddecliffe@edu.tbz.ch"|"f0C7ff-u2l#F&-5ASeQL"
"leone.wintle@edu.tbz.ch"|"NMorQq-CPc6AA-vwA6wi"
"gerald.fellow@edu.tbz.ch"|"0WWhEi-5Qj&X7-$ZKWF7"
"ju.gudger@edu.tbz.ch"|"#S9ihm-v$n#$j-CMzq2%"
"meng.ohaire@edu.tbz.ch"|"2vmyKh-rIXTTy-wSZ5jR"
"cleopatre.missington@edu.tbz.ch"|"S@VXvE-jW7116-EC%voy"
"annotes.debruyn@edu.tbz.ch"|"ZiZ1B0-8GKvQi-nZ8$Tz"
"gerald.sinisbury@edu.tbz.ch"|"8Z#tFG-@OTmeW-$ou4xG"
"creez.slora@edu.tbz.ch"|"ae9J1i-hmwVbo-PhxokX"
"gisele.benbow@edu.tbz.ch"|"%rAHaa-19n1Mu-i&wRvy"
"pal.dossit@edu.tbz.ch"|"32V5#Y-f5PFcW-ZCUl%2"
"nelie.stirrip@edu.tbz.ch"|"XjNxKq-jbeJuH-BBBGWt"
"alois.ocrigane@edu.tbz.ch"|"uH&8B9-SKe6w%-sVrVBJ"
"kui.mcterry@edu.tbz.ch"|"uxI#Uh-y%49lb-13jWnt"
"long.willgoss@edu.tbz.ch"|"L0VheR-P3TYK7-hXn6uS"
"francoise.sumpner@edu.tbz.ch"|"cx#A%o-ETU3uv-uRvZ4$"
"maely.grinstead@edu.tbz.ch"|"3Mae@8-M1gqxn-VoWYzZ"
"creez.langeren@edu.tbz.ch"|"SrTACn-vFYU71-8FYJ$$"
"adele.dungate@edu.tbz.ch"|"v5R7u6-hE7Jaz-YdWE05"
"cleopatre.noirel@edu.tbz.ch"|"Pj2vYh-jGQSsd-Qgu9s7"
"interessant.daverin@edu.tbz.ch"|"yKDnwq-%SqaPf-uMgBxt"
"naeva.kalderon@edu.tbz.ch"|"3&0RLF-yWinEm-4jJqs$"
"anais.oshesnan@edu.tbz.ch"|"@XR1PL-m@6%1K-wBUDrW"
"judicael.anelay@edu.tbz.ch"|"m5B#0s-S2$R8s-IxuJ&e"
"eloise.braxton@edu.tbz.ch"|"NSpJs%-qIC8qa-FoUby0"
"desiree.greguol@edu.tbz.ch"|"pPW6N9-jdg1E3-HmY06D"
"maite.mcclenaghan@edu.tbz.ch"|"nTUQ3l-RQaxdB-PBMdRi"
"meng.doret@edu.tbz.ch"|"%wBtkw-apFic9-E#hcfi"
"frederique.chippendale@edu.tbz.ch"|"pQps62-H2KvpU-lQETlP"
"andreanne.lanney@edu.tbz.ch"|"0tNGKE-6vSa3y-Ltf@Un"
"aurelie.claus@edu.tbz.ch"|"AwCrVW-xZ7l6W-$ovN&S"
"renee.pabel@edu.tbz.ch"|"qPyOGN-RQmXIA-RL$N$T"
"maena.roust@edu.tbz.ch"|"2w%yE&-Bnto3U-jxUF2J"
"nadege.carwithim@edu.tbz.ch"|"VRxo0w-Y8mM3h-o5mHtA"
"solene.geyton@edu.tbz.ch"|"6Xi&EH-jUtq#a-aZH#e6"
"dafnee.avraham@edu.tbz.ch"|"nbY0KG-lGTyTs-AttIBL"
"leane.woolvin@edu.tbz.ch"|"3nHz3#-cIj12e-#OhQhk"
"adele.macadie@edu.tbz.ch"|"Ex7%ej-j99aqP-EHfzj9"
"meline.rubica@edu.tbz.ch"|"$zqeAH-4F&CwE-yOfRUu"
"marie-noel.speeding@edu.tbz.ch"|"%B5SP4-z9Edy1-HRMRM7"
"nelie.mix@edu.tbz.ch"|"M@Rrcw-sX6KqR-mukraO"
"clea.ollett@edu.tbz.ch"|"y%fJ@j-CWIRGu-pV%Q&4"
"leandre.mcgavin@edu.tbz.ch"|"i5Emqf-TU71hi-B6j%n0"
"cecile.behne@edu.tbz.ch"|"qic@#1-fnsYrd-U$4irY"
"melanie.polle@edu.tbz.ch"|"Ux2Jv$-@43Q0U-H4RMZf"
"marie-josee.titmuss@edu.tbz.ch"|"&SDNEH-Lx5FKR-3UmeH&"
"helena.guest@edu.tbz.ch"|"ngARWs-x0#t@a-9kQh0I"
"annotes.chicchetto@edu.tbz.ch"|"BFMcyl-M19bzc-RmzrBT"
"melia.tubb@edu.tbz.ch"|"eb4Lj3-IXXbz8-AR2LdM"
"angelique.casetti@edu.tbz.ch"|"OGUL0F-ctxZOg-Lkp7Qw"
"cunegonde.cleall@edu.tbz.ch"|"FgxY1A-A3GJwY-%@JPEv"
"camelia.oaker@edu.tbz.ch"|"WPVyLn-IV$P1Y-TnOf49"
"you.searight@edu.tbz.ch"|"mXty$#-wMnJAQ-avk9HW"
"kevina.dederick@edu.tbz.ch"|"%TnpYl-RNSnN9-y$&5#h"
"milena.jeffrey@edu.tbz.ch"|"o&BpNl-7k8U$G-1NTgDH"
"melodie.barkshire@edu.tbz.ch"|"&A97YK-4SnKxu-k%5t94"
"gaelle.kreutzer@edu.tbz.ch"|"grHs7B-h&gN$m-wuBqaa"
"kalliste.kleinpeltz@edu.tbz.ch"|"oezF&5-StilqF-K5On8n"
"clementine.danat@edu.tbz.ch"|"U9etYr-CO@AG5-@rvbOY"
"andrea.wabb@edu.tbz.ch"|"85mwpn-qoaN4I-iPyVsF"
"geraldine.piesold@edu.tbz.ch"|"BM9yjw-C9cEDy-8X1u5a"
"tan.fiveash@edu.tbz.ch"|"bACj1R-fwoFhy-USC4bf"
"meline.yuranovev@edu.tbz.ch"|"PcYv7#-Oja5Zc-XEEWm2"
"therese.holme@edu.tbz.ch"|"I2f9BV-OjdWQp-Tn8Wgv"
"salome.vaney@edu.tbz.ch"|"P2h&If-8AV#xA-#dnyuT"
"anae.abramson@edu.tbz.ch"|"Palghu-z@1Bv8-CMPA5g"
"kalliste.jimson@edu.tbz.ch"|"mD6@Uv-byvtZN-x&X$mM"
"selene.yole@edu.tbz.ch"|"bXf4oU-Z0WyO$-X@jdH#"
"agnes.defraine@edu.tbz.ch"|"3Pr73N-wnAHYS-B2g03J"
"faites.mccluin@edu.tbz.ch"|"$Yo#hy-SLcoPr-Kxw7mI"
"athena.deme@edu.tbz.ch"|"Rstsap-hnU&h$-bvgo%R"
"daphnee.brigstock@edu.tbz.ch"|"sviQi#-j7Wqgz-7LvBJT"
"goesta.skaif@edu.tbz.ch"|"vG2Z%E-H7LruA-zScc9U"
"oceane.jagoe@edu.tbz.ch"|"mwSNKa-lTfb3G-DGhYl#"
"annotes.broomhall@edu.tbz.ch"|"eYXSct-qs$zRq-0&38PX"
"marie-eve.ballendine@edu.tbz.ch"|"3YpyGi-r1P6Ky-V%jEwA"
"melina.spykings@edu.tbz.ch"|"XP6rLk-YA5eTd-dlR4OH"
"laurene.ticehurst@edu.tbz.ch"|"3Elsb2-b#bJMG-9kdBDk"
"fei.avramovic@edu.tbz.ch"|"SFhwYW-jgZxFZ-rz&8IV"
"publicite.strathearn@edu.tbz.ch"|"THSL$v-CleKWy-CHm4A6"
"torbjoern.garrow@edu.tbz.ch"|"QFX@Xd-rcUzYY-mD7Fo#"
"chloe.rubinsztein@edu.tbz.ch"|"DKO389-sqp2Xj-rUJpU0"
"mylene.demanche@edu.tbz.ch"|"RsibNn-Strpuq-2AIQQq"
"mediamass.godlonton@edu.tbz.ch"|"xfhQRa-PeiI4K-BzTX76"
"renee.shurrocks@edu.tbz.ch"|"irIDUP-hNZ1pj-M&qWW0"
"maiwenn.jedras@edu.tbz.ch"|"UBxXPQ-L&bipl-XjBOQh"
"genevieve.castells@edu.tbz.ch"|"7gA4F&-Ngdhfz-xF&28q"
"renee.sneden@edu.tbz.ch"|"FlmQka-sStWT&-lpW0TS"
"lai.mccallion@edu.tbz.ch"|"w2qUHf-Gw5Gre-0lW#zU"
"kevina.impleton@edu.tbz.ch"|"0fT6OX-P&DllX-2nW&aQ"
"oesten.fresson@edu.tbz.ch"|"S&7jl6-Nr#Iaj-3#pEhV"
"verane.shawley@edu.tbz.ch"|"hXQRd6-OECH$k-FFw0aN"
"uo.sjostrom@edu.tbz.ch"|"&C5iIM-iQDg7e-Rkj3Df"
"gisele.gothup@edu.tbz.ch"|"LfFppR-zU$mqj-zJeh@v"
"renee.beauman@edu.tbz.ch"|"UGXmWG-gi1PM&-mxLKqW"
"elies.loton@edu.tbz.ch"|"E#P0w4-YMFdEO-K&HbTG"
"valerie.elsmore@edu.tbz.ch"|"3ks&g%-dN2yiW-nkHag@"
"berangere.delafeld@edu.tbz.ch"|"FGF0r7-N228Mc-nN%FwI"
"bjoern.schimke@edu.tbz.ch"|"KIXlvF-f0TylE-wU#LBB"
"loic.ericssen@edu.tbz.ch"|"%y3Xhy-LD8h@B-N6YoPf"
"creez.richarz@edu.tbz.ch"|"0jHB1G-O3o&7g-jpfyQl"
"athena.grocott@edu.tbz.ch"|"KU4eHX-GldikR-BdMFuY"
"naelle.piotr@edu.tbz.ch"|"jPHVPE-oZJJYv-vDi9&a"
"maella.paulson@edu.tbz.ch"|"mC4N9J-oUVSWy-acdJ&M"
"song.perot@edu.tbz.ch"|"DQJ2vD-2DRcZr-NYlsU3"
"kalliste.heckney@edu.tbz.ch"|"SkB0SY-Va8Gkn-MwOf3x"
"ake.vasyutkin@edu.tbz.ch"|"thl7FG-Bg10l0-5%Dz3U"
"ma.castles@edu.tbz.ch"|"JiiYWA-qMxT3h-ky4Rso"
"maely.monget@edu.tbz.ch"|"YyDS2o-cAKnYE-MIpgfh"
"tang.durbridge@edu.tbz.ch"|"heEq2M-vEZNd5-gu0xuP"
"laurene.andrew@edu.tbz.ch"|"0eaIOd-Rxp36%-HpR9O8"
"lysea.beacon@edu.tbz.ch"|"5kXcXr-mMkGzz-beJzX5"
"leandre.peyntue@edu.tbz.ch"|"3l#pxN-kKrNe8-&ihoyP"
"rao.trever@edu.tbz.ch"|"&$ZcVS-4MAhDR-8SMhq3"
"mahelie.streader@edu.tbz.ch"|"#PcSjx-wmVJzh-yh0B&8"
"maerta.andrejevic@edu.tbz.ch"|"k5yFwc-iML3#o-VM1VCV"
"goesta.tompkins@edu.tbz.ch"|"xPHsM4-2PRAFN-sJpqXz"
"helena.agates@edu.tbz.ch"|"J9lNRI-cWDhKk-e#RP7Y"
"therese.glass@edu.tbz.ch"|"ZCD%wG-kiX1P9-oZoRP5"
"alois.foan@edu.tbz.ch"|"aCw0r8-pNh#Pg-ScT7px"
"becassine.melchior@edu.tbz.ch"|"7IiwQX-6lYfy9-vAFPAy"
"cloe.robart@edu.tbz.ch"|"sXHA0D-c6PyQW-qkzwf1"
"daniele.puckinghorne@edu.tbz.ch"|"tVap1b-03uv5@-lYqjLI"
"selene.cammidge@edu.tbz.ch"|"1&$yKR-TZmDX3-2b6uWU"
"regine.conochie@edu.tbz.ch"|"ciNZKD-&90sRe-W&mmJY"
"interessant.tuiller@edu.tbz.ch"|"SagWa8-iK%SI%-tX0slT"
"long.tiebe@edu.tbz.ch"|"lK@iEx-uVnbB3-MduZ5t"
"mans.yele@edu.tbz.ch"|"LMRMBr-XBg83$-F0c6zl"
"ai.giles@edu.tbz.ch"|"z9lMLP-ZIstRC-jBQiUZ"
"gaetane.hamberston@edu.tbz.ch"|"TozFW$-%TTs2p-3eC$QG"
"marylene.fenix@edu.tbz.ch"|"wO2Vlz-16hL93-wFyQLu"
"geraldine.graeme@edu.tbz.ch"|"At77Jm-x@GuIO-BBz%xd"
"tang.kinglake@edu.tbz.ch"|"2Nns6p-7L56Y1-t0u8NB"
"lai.challoner@edu.tbz.ch"|"NueF@o-tzc%5u-$ukvlA"
"desiree.mattei@edu.tbz.ch"|"8dCAED-xgZBkR-NnogO3"
"ake.erley@edu.tbz.ch"|"TzLkUz-trcbTL-0n2sDk"
"edmee.cavil@edu.tbz.ch"|"gwWGDt-vN$Ocs-6eNBM7"
"alois.moyes@edu.tbz.ch"|"iNN3&z-&p&WLI-VrOk%0"
"becassine.pitman@edu.tbz.ch"|"orMt0a-JzG5O8-adRyrg"
"ai.giacovelli@edu.tbz.ch"|"XFaENL-$ooOAa-8c4zK7"
"judicael.fruchter@edu.tbz.ch"|"mpEVpu-vs5vfe-0646OB"
"mans.mogg@edu.tbz.ch"|"JsYMrL-vhtfU@-PTkH#R"
"gerald.foyle@edu.tbz.ch"|"NIoB0%-oh90#s-jg16Lt"
"wa.androletti@edu.tbz.ch"|"I&SdmQ-SXwZrc-4$1BBX"
"meng.ollett@edu.tbz.ch"|"blZ7Zb-koAB#U-#3umob"
"naelle.macmenamy@edu.tbz.ch"|"sAyuXb-F&eDHv-EAz@JB"
"gisele.mcramsey@edu.tbz.ch"|"VIzI9G-s8pwHg-vxQWvK"
"meryl.scolts@edu.tbz.ch"|"yEGQCq-OUTcjd-tlrleg"
"celia.bloxsome@edu.tbz.ch"|"V7vI4V-h8udK&-mV@b%y"
"styrbjoern.stuke@edu.tbz.ch"|"aNCx7a-gBKjGR-nQtAnv"
"felicie.gwilliam@edu.tbz.ch"|"lHsqiA-vLH0CK-eMVSA#"
"da.harms@edu.tbz.ch"|"GZ1bOL-BDM%ci-IDy&Ni"
"celestine.baulk@edu.tbz.ch"|"DaSLQ%-UKkvKE-2iQhVJ"
"mahelie.blackledge@edu.tbz.ch"|"hQCR$Y-paMDhJ-%5zSSW"
"meghane.salt@edu.tbz.ch"|"$fEX@m-8bfYJn-SXKARI"
"methode.paxeford@edu.tbz.ch"|"8PXNk8-YiswZp-kPZFap"
"asloeg.milligan@edu.tbz.ch"|"U$IBZ$-zR8ALK-Y4PnSb"
"you.pellman@edu.tbz.ch"|"Ruizsl-PoogCl-q61$&s"
"loic.regenhardt@edu.tbz.ch"|"ea0Ygi-sPVFCh-sXqQ1g"
"daniele.savill@edu.tbz.ch"|"nhlh$q-8fSjk#-Mfw2VY"
"alois.cornu@edu.tbz.ch"|"HK#$EU-R93j5i-wNcyul"
"oesten.govey@edu.tbz.ch"|"XC7vnO-iYIerd-fQqamb"
"marie-eve.louch@edu.tbz.ch"|"bw@oCZ-QSlIuh-5mVCE7"
"theresa.wenn@edu.tbz.ch"|"j2d3Ma-$vtH8g-bG2FfX"
"andree.eul@edu.tbz.ch"|"ispBDF-YBBoc1-EOnCwO"
"lie.paynton@edu.tbz.ch"|"4dZnBb-iGSElm-WkvwFW"
"marie-eve.girodier@edu.tbz.ch"|"ZQlwmr-NZGQ$a-HdqTff"
"marie-noel.smithe@edu.tbz.ch"|"T%UM6@-vfaPWZ-H1Wupx"
"men.bootyman@edu.tbz.ch"|"TxkVaG-jHl#@R-Zob2uk"
"ku.sugg@edu.tbz.ch"|"a4GOBT-tFQJjE-lnXjea"
"lucrece.roseman@edu.tbz.ch"|"I6juwM-ENIW%t-wVOSBr"
"zoe.annear@edu.tbz.ch"|"StTSsS-Ww#OTs-ZvGk1e"
"marie-helene.rennebach@edu.tbz.ch"|"ldYvaU-OLf2dg-5KW9SF"
"lea.djurdjevic@edu.tbz.ch"|"NDSdLp-TVATPY-UC8Bsr"
"goerel.robert@edu.tbz.ch"|"E&dMvI-Gg8cEp-C2bKiU"
"mylene.foldes@edu.tbz.ch"|"t279mT-pqsFKW-YySaXD"
"faites.clegg@edu.tbz.ch"|"jRn1ay-b5jQqo-SUasWS"
"marylene.crowcher@edu.tbz.ch"|"0sQ7el-6LMinG-rJvW5C"
"aimee.wimpeney@edu.tbz.ch"|"SQIfMW-YNxp9D-QxPhh2"
"renee.atkins@edu.tbz.ch"|"zx%bLq-3f@OBB-qAZKcO"
"rejane.cainey@edu.tbz.ch"|"lSfLd0-TYWY5o-E2M3ak"
"solene.britney@edu.tbz.ch"|"5j0j3e-@nqDdg-E#k0yZ"
"marten.shatliffe@edu.tbz.ch"|"RhdsdX-A80J$6-$lY5PY"
"maite.issatt@edu.tbz.ch"|"o6ujOS-kvP0Sz-1gypeZ"
"maelyss.edon@edu.tbz.ch"|"tJRza8-rS94ed-nJHAw%"
"nuo.bamling@edu.tbz.ch"|"OThrp1-rm8gJm-aB36cR"
"anais.edards@edu.tbz.ch"|"kXkcZU-gvP&Xh-$Z4EXh"
"mediamass.bromet@edu.tbz.ch"|"NXv8Zg-As0Elz-Rx6a$%"
"beatrice.kimbrey@edu.tbz.ch"|"uT$0i0-TbEi4B-7P5299"
"ines.lawranson@edu.tbz.ch"|"mJGixF-DcxRY%-Uz@E3o"
"kalliste.scandroot@edu.tbz.ch"|"5pcgR6-OXfk#G-SCLUfd"
"mans.barrowcliffe@edu.tbz.ch"|"Kb808n-81gr3Y-Qu4OWJ"
"irene.couves@edu.tbz.ch"|"Xl0kC4-$pdTdS-xkUvft"
"milena.mucci@edu.tbz.ch"|"&DL%xI-$lkhRZ-XFlxNy"
"naeva.cow@edu.tbz.ch"|"grSeNL-NsAn&O-VP%5Ih"
"audreanne.mournian@edu.tbz.ch"|"dS78ll-JmzNfD-4nfF#D"
"melia.sinnatt@edu.tbz.ch"|"nNa0DR-7rAxPf-HbuBb5"
"nelie.burnard@edu.tbz.ch"|"onGczS-dnf8Z1-hJkBc1"
"clelia.ashfull@edu.tbz.ch"|"R&HqXe-8PqFM&-9DSNH&"
"lie.macard@edu.tbz.ch"|"dsteUe-Ta@bhV-wvk7Ph"
"valerie.matoshin@edu.tbz.ch"|"dZ9m8f-$nGDRk-WHJ#av"
"anael.hatherleigh@edu.tbz.ch"|"jr$4yg-7RZQzT-#u5Dvx"
"interessant.warratt@edu.tbz.ch"|"dBo5x0-d4Sd9W-@XPKqQ"
"eleonore.volage@edu.tbz.ch"|"jMx9J8-S#XoyL-bIyxRZ"
"zoe.stebbing@edu.tbz.ch"|"ALrS@A-WZVM4E-pS@fBC"
"alizee.nye@edu.tbz.ch"|"72GUAF-ss%%DL-6VRbQ9"
"celestine.bramley@edu.tbz.ch"|"Pk%hmZ-fC1vbq-$mMytT"
"selene.philcott@edu.tbz.ch"|"EZ3EIO-@r7CTi-SjK4Ck"
"tang.newens@edu.tbz.ch"|"Ia2cUg-gj9PnI-FKQ0bC"
"annotes.powys@edu.tbz.ch"|"t$GTcB-m9f2mg-doDHM7"
"lea.matthesius@edu.tbz.ch"|"$FXInu-ZQiD%G-YxM2cF"
"illustree.garlett@edu.tbz.ch"|"uUSlKY-U9GPB9-ID0EWG"
"maiwenn.meachem@edu.tbz.ch"|"vvF1Jr-MOhiUA-gjCS@$"
"marie-francoise.mcbrady@edu.tbz.ch"|"hT13gF-Q6GQon-i1gcir"
"illustree.gimbart@edu.tbz.ch"|"IMcTod-MEjS2o-S#qkLF"
"melys.lyosik@edu.tbz.ch"|"wF@40m-fxF5CA-LhsvmH"
"marylene.mcnab@edu.tbz.ch"|"Z%IZ0@-fajmty-RPhOva"
"gerald.blount@edu.tbz.ch"|"o$SnZe-Z@D70z-IHKnYP"
"clelia.shakelade@edu.tbz.ch"|"08gj85-e2O&sv-UORqka"
"penelope.cridlin@edu.tbz.ch"|"Ms4F4B-5KyWhL-zROhhI"
"maena.okuddyhy@edu.tbz.ch"|"%AIWdr-ACHQYY-wYSZsi"
"athena.keynd@edu.tbz.ch"|"$o8nep-LXoJA&-gf%z4K"
"cloe.dwine@edu.tbz.ch"|"4J&PD4-gi#F47-u6rBBb"
"josephine.browett@edu.tbz.ch"|"JuhreM-FhrE77-G9hh@P"
"audreanne.oscanlon@edu.tbz.ch"|"rEjo0@-$yw9jH-YnR8oQ"
"fei.jeanequin@edu.tbz.ch"|"jNf%iR-uelC@r-AhBfvZ"
"lois.gormally@edu.tbz.ch"|"QLnD6z-V8N9Ag-72@tAm"
"marie-francoise.finnigan@edu.tbz.ch"|"5rJc%0-mpzVzG-bk6PdK"
"leonore.trussman@edu.tbz.ch"|"1ffmIV-7&eEeu-1OWTz@"
"anaelle.trumper@edu.tbz.ch"|"IRU%#F-wvnP0X-IG27f5"
"clemence.dionis@edu.tbz.ch"|"d$Zlog-xvm5oj-cZS1TD"
"lois.tranmer@edu.tbz.ch"|"2m5#8r-v3Pobq-71uSyU"
"interessant.volett@edu.tbz.ch"|"S%VGdk-%jxxrn-N9CecV"
"personnalisee.deackes@edu.tbz.ch"|"O6vQEL-mkMG1M-7Qx%i2"
"lie.vasiliu@edu.tbz.ch"|"hPwrYq-TQuwTf-Y4aui$"
"dafnee.lamputt@edu.tbz.ch"|"jZSo4&-i7rPks-uNT74%"
"elies.bromige@edu.tbz.ch"|"e#mNRh-OnDLJK-jL68hS"
"helena.klosser@edu.tbz.ch"|"eD9M8A-gI5sD&-dRj93P"
"andree.grim@edu.tbz.ch"|"VfXRjY-8NLa@H-r#Zsou"
"verane.coldbath@edu.tbz.ch"|"otNyYi-h8qLRv-Sg0s27"
"helena.bethell@edu.tbz.ch"|"4lTzU@-zhQtaM-NeRdVK"
"kalliste.carefull@edu.tbz.ch"|"gK#36q-W9M7dP-k4NCkh"
"regine.odams@edu.tbz.ch"|"brUnyd-$rUPm1-8L&Yp$"
"len.stannus@edu.tbz.ch"|"WH6y2%-&fxAAv-cyo%A9"
"angelique.works@edu.tbz.ch"|"qpUJK%-jM26j9-M$$4WP"
"goesta.rheaume@edu.tbz.ch"|"Qs8%tC-NTRGLf-KC5SoA"
"maelys.tynnan@edu.tbz.ch"|"cnngzU-Qze@pC-d3jMZY"
"maelle.carlesi@edu.tbz.ch"|"LQa0FV-Hcajti-QtQfoU"
"anael.spurden@edu.tbz.ch"|"LrmZtJ-8JI%Vb-aP9v08"
"helene.pumfrett@edu.tbz.ch"|"Liy&%M-dRqqG3-rMTa2X"
"goerel.pearn@edu.tbz.ch"|"%VCOt%-1tu36f-@OwZP3"
"laurelie.dezamora@edu.tbz.ch"|"Xc02IC-LF$S9f-qhUCVj"
"yao.twidale@edu.tbz.ch"|"C1GLG1-#dTXru-oRjCBG"
"berengere.sola@edu.tbz.ch"|"JlAN1Q-h98oTZ-EJ#i98"
"maelann.hardistry@edu.tbz.ch"|"NC3$9g-IkkPsB-MrtX4a"
"severine.littlefield@edu.tbz.ch"|"eq37&U-XP1Hqw-qeFOlu"
"salome.heinl@edu.tbz.ch"|"x8a0Xd-kPY4Jz-CBBHd#"
"meryl.warbey@edu.tbz.ch"|"I3yPs7-kx2JFG-7ra0N#"
"da.hunstone@edu.tbz.ch"|"OueRQq-16BOeT-&SOrII"
"venus.broadbury@edu.tbz.ch"|"@Enf$V-HO1@qO-vER4Yy"
"meghane.rentelll@edu.tbz.ch"|"NFF2cL-X3LNIN-zLZzde"
"marylene.drewitt@edu.tbz.ch"|"#whOR7-zf43L5-XtaAh1"
"melinda.jacquemet@edu.tbz.ch"|"znS%HX-NCphGe-i&ltrP"
"marie-josee.keyden@edu.tbz.ch"|"wJK3bX-xsY7EK-1Pa0oR"
"asloeg.montacute@edu.tbz.ch"|"vs9Jn&-pZE3hk-R8Cx7T"
"ku.andreou@edu.tbz.ch"|"CdLw1X-5$lTju-lVqExF"
"personnalisee.feaveer@edu.tbz.ch"|"92bug2-w6DEFX-xPW1#Q"
"laila.emptage@edu.tbz.ch"|"&ch05W-mV@mdV-Ze%cuL"
"bjoern.dawdry@edu.tbz.ch"|"luexL$-QjMZ09-w5JGKK"
"marie-eve.dinsell@edu.tbz.ch"|"I&%RAb-pYXHta-rM2ksu"
"helene.follett@edu.tbz.ch"|"usVhWo-BJd$Ex-CLwhqV"
"penelope.cordero@edu.tbz.ch"|"fuIdpw-5jvFyv-TuybJh"
"boerje.beedell@edu.tbz.ch"|"Py7B9G-Ss@B&n-Iidtj8"
"nelie.ferne@edu.tbz.ch"|"R7LXGP-q84wUo-xHjqCE"
"celine.ahmed@edu.tbz.ch"|"IjH3h@-rj&%1g-mNG@wT"
"stevina.pimblett@edu.tbz.ch"|"mdCcMe-dOEQV3-peeIA7"
"chloe.langlands@edu.tbz.ch"|"izO33$-#Z@NcQ-J7goxC"
"simplifies.maude@edu.tbz.ch"|"lWgCCa-SKlHBW-O9p5q&"
"genevieve.decarteret@edu.tbz.ch"|"u%CJxF-zDWba0-XhDqgn"
"marylene.mughal@edu.tbz.ch"|"mJbP&G-o7&uQK-D6hjue"
"goeran.guttridge@edu.tbz.ch"|"c0G6FS-Icwu5i-czxm6B"
"michele.smurfitt@edu.tbz.ch"|"u661t3-pdq01m-kP%wdB"
"methode.hadeke@edu.tbz.ch"|"8RWxm@-sZAxrv-1qpqxe"
"therese.rispine@edu.tbz.ch"|"bOYuWa-76xf6$-t2ti9u"
"goerel.plumley@edu.tbz.ch"|"WZjAlK-kEGtfy-NJPVIY"
"oceane.friett@edu.tbz.ch"|"38UDE8-7$f@h6-BOAd67"
"marie-noel.achromov@edu.tbz.ch"|"N#YF4z-c9CEH9-nfqEpL"
"dorothee.storek@edu.tbz.ch"|"eF71FW-HToECS-i@sd@E"
"goesta.whittle@edu.tbz.ch"|"Q$4tUM-c%Xv9Y-Iq4LZR"
"desiree.casely@edu.tbz.ch"|"vWD44v-BoJVYw-suYkgM"
"felicie.condon@edu.tbz.ch"|"2Rx&0i-gUbyRM-GS34Iv"
"maelyss.frisdick@edu.tbz.ch"|"wz1jI&-14XPOR-nHZNBQ"
"aimee.banke@edu.tbz.ch"|"00vKa5-OYU@ZX-B$MVP8"
"naeva.hodcroft@edu.tbz.ch"|"pdm2fw-NtLU3I-i%bU96"
"laila.gerrans@edu.tbz.ch"|"scw5RP-FOb9vl-Efp0T#"
"daniele.scrimshire@edu.tbz.ch"|"pZO1i0-ADz2YG-o3t549"
"daphnee.sheerin@edu.tbz.ch"|"Odr#4x-PZnfny-D5MhIM"
"pal.vanyukov@edu.tbz.ch"|"W4QtMo-uVpitG-Fx3lji"
"zoe.childs@edu.tbz.ch"|"urld7C-qUWYp7-0LC1yQ"
"ai.corde@edu.tbz.ch"|"d3enN3-Cg7AP9-Y1LUmG"
"maelys.berryann@edu.tbz.ch"|"DE%DFq-EQaGIP-qRfWg%"
"cloe.gladding@edu.tbz.ch"|"90OtUR-x8xqVz-2QAIft"
"wa.kinnaird@edu.tbz.ch"|"w7FcqW-5%UN5K-BQFtB6"
"publicite.brittoner@edu.tbz.ch"|"2bsH#5-V$6aS%-zjj&zd"
"rao.windress@edu.tbz.ch"|"dx8JdL-zK9#t%-$Qbbal"
"uo.kollach@edu.tbz.ch"|"VYz9sU-vLwD6W-rCMGDb"
"josee.peskett@edu.tbz.ch"|"YZ%2o5-QIRI8w-9X7$$p"
"annotee.hasel@edu.tbz.ch"|"4NXFRS-WTB$hx-HNWuA6"
"cinema.lee@edu.tbz.ch"|"eIzxPl-C5TN5k-YF#W1e"
"lai.vedeshkin@edu.tbz.ch"|"bXkOaZ-ecUsag-8qAF5w"
"renee.brisbane@edu.tbz.ch"|"N57V&V-Nx&ah0-E1ehXU"
"ophelie.blincoe@edu.tbz.ch"|"7OVZ3n-kJ00j$-Z9tpi1"
"zhi.prazor@edu.tbz.ch"|"vka%&N-zNQTVa-x2kmMf"
"annotee.maddicks@edu.tbz.ch"|"Ry&hPW-x72ENu-KlW1$R"
"maelyss.codd@edu.tbz.ch"|"wku0qe-pP7o0m-GZ&aR4"
"celia.peplay@edu.tbz.ch"|"dMg6x@-Hzu4Le-3hgjhx"
"interessant.skone@edu.tbz.ch"|"tQxrr&-iBMaey-oZKQpP"
"audreanne.hebdon@edu.tbz.ch"|"KnkWOT-%6ViUQ-ITxcoS"
"oceane.glen@edu.tbz.ch"|"s5e001-6i9HFU-Zjv2H&"
"daniele.vanyushkin@edu.tbz.ch"|"6@%Ynb-VZ5YpD-X0$1Jg"
"daphnee.ayce@edu.tbz.ch"|"t4ovHh-&KTe0n-#O&$%I"
"andrea.attride@edu.tbz.ch"|"jaXDFi-b6JqRv-aPfLEP"
"penelope.bridgwood@edu.tbz.ch"|"na72cH-0sxYNf-VJ$aGj"
"mailis.drewitt@edu.tbz.ch"|"qJcFmA-288YP%-eFHV9#"
"penelope.mollene@edu.tbz.ch"|"UBlBlc-O3T6m5-5sZowN"
"illustree.keely@edu.tbz.ch"|"llFRSu-dwudiP-ptV&%V"
"meng.brisseau@edu.tbz.ch"|"xNL3tb-eltNJ$-jGfRs#"
"ruo.cleiment@edu.tbz.ch"|"46vA@Q-U2B9I7-lERBuh"
"maite.krammer@edu.tbz.ch"|"%ia5D1-c351fE-HZcvrC"
"genevieve.verry@edu.tbz.ch"|"%PdtKg-ERxqxU-$l$#kk"
"lea.olochan@edu.tbz.ch"|"kwZj5u-bU41C3-6tCFo3"
"naelle.brunnen@edu.tbz.ch"|"eCwi3a-fZAblp-im1#zx"
"goesta.bragginton@edu.tbz.ch"|"hx9J5T-aExAuP-hRyLUi"
"fei.danilyuk@edu.tbz.ch"|"2nDpA3-U#rQSf-M2@W@g"
"adelie.turbitt@edu.tbz.ch"|"HpdVHP-OBfO@a-oacRvv"
"marylene.nutman@edu.tbz.ch"|"9kPVQ6-W3kKtt-xTj9np"
"therese.barbrick@edu.tbz.ch"|"C2yRc3-#CSZzv-gFUjsU"
"melys.kolodziej@edu.tbz.ch"|"pKGpdc-P9haFP-aNTaOC"
"melanie.runchman@edu.tbz.ch"|"xrcPi#-LvZME$-GIDUuq"
"serena.lafond@edu.tbz.ch"|"pen@CN-NW7Z#x-MlF7PC"
"pelagie.desmond@edu.tbz.ch"|"CE15eE-CcOGxC-vUTKlw"
"wa.spickett@edu.tbz.ch"|"mbmaOI-WRgH&o-8n1vb2"
"po.shave@edu.tbz.ch"|"NB4@oj-RoBLN7-RoHFYT"
"song.huikerby@edu.tbz.ch"|"RPiSoX-XC27Ho-riBFRr"
"melinda.bimson@edu.tbz.ch"|"N$ETwZ-H14NDk-$3qWBh"
"personnalisee.toffanelli@edu.tbz.ch"|"MjDpuN-tO5qxd-HOWgzp"
"leandre.hurn@edu.tbz.ch"|"MEwp3Q-Tliczw-qUAN@O"
"oesten.standell@edu.tbz.ch"|"FfXFY8-bmOLu7-7XOv6$"
"naelle.smaleman@edu.tbz.ch"|"eBQcFw-kBndPh-JFzfQ1"
"berenice.tayt@edu.tbz.ch"|"bF2Wc3-rxBVl5-&9KPG$"
"kui.popplewell@edu.tbz.ch"|"YPRVm8-xblUtH-bNluFW"
"melodie.ferandez@edu.tbz.ch"|"c#Xkb@-nMzkUH-@Hgsvi"
"josee.negal@edu.tbz.ch"|"KG$xJd-RrHIHS-eeE$jh"
"melissandre.ferrelli@edu.tbz.ch"|"L@YutB-ry4XVA-5JUjJv"
"josephine.kemmer@edu.tbz.ch"|"2FG2%v-do28%s-dObqdB"
"maely.cayette@edu.tbz.ch"|"goBcNj-f8ZWVM-B$W12V"
"nelie.vela@edu.tbz.ch"|"ytt$av-f4EoQD-tN40BK"
"melina.cortes@edu.tbz.ch"|"Jl8P8D-6l8@5b-WD1kJr"
"megane.leyshon@edu.tbz.ch"|"5O%axS-0MVHuV-6iH0pD"
"regine.harrie@edu.tbz.ch"|"qtGVr5-ErCY7K-YylXPi"
"mylene.widdison@edu.tbz.ch"|"eJ5Ltm-PDauXK-kQxE$g"
"pelagie.vivash@edu.tbz.ch"|"RSAvS1-#o$Naz-z8$LiH"
"styrbjoern.vicarey@edu.tbz.ch"|"vh7R69-2N5$8@-WOgtcU"
"long.kyles@edu.tbz.ch"|"TEV%WW-aHpt6K-%cYnhm"
"stephanie.gipps@edu.tbz.ch"|"scx86Z-Fy9PkN-4gddB8"
"clea.constantine@edu.tbz.ch"|"NgSBrp-oVzWHW-Cw&4h2"
"maella.cometto@edu.tbz.ch"|"ZFc4ua-t%UJ55-yfSAAv"
"laila.aubrun@edu.tbz.ch"|"nL9eT7-&gfUU8-wh0Q%L"
"yao.austins@edu.tbz.ch"|"BkoADy-v9gZpm-R#5izt"
"mailys.rylstone@edu.tbz.ch"|"JFWN1e-rFZhtp-vn&pGl"
"adelie.curuclis@edu.tbz.ch"|"1jUgO3-e#tZ3p-CYU4W$"
"celine.longhurst@edu.tbz.ch"|"K7NjVd-Exg5tj-JIkvp2"
"gisele.hazell@edu.tbz.ch"|"2i#yjo-i$RJkv-B%5gzT"
"celestine.ciccone@edu.tbz.ch"|"I3El41-TrzJbj-cKBU7%"
"maelyss.doole@edu.tbz.ch"|"822XBd-#mR2H5-kwbqy5"
"helene.grimsdike@edu.tbz.ch"|"BYPMwd-8hvsSo-pqsPEP"
"lie.macer@edu.tbz.ch"|"bDKRP@-Wipi1F-LE4#4A"
"maely.izard@edu.tbz.ch"|"Im1uAT-KgGnET-SDcUa$"
"erwei.breewood@edu.tbz.ch"|"HrUHbV-QUCE2P-V#tbKC"
"chloe.woolford@edu.tbz.ch"|"HqvlXu-iA3Zvm-saNpL2"
"cleopatre.turpin@edu.tbz.ch"|"%04Lbx-H8gsoB-vrh5jw"
"melodie.surgison@edu.tbz.ch"|"48V$ef-R2RgGZ-IOnVoF"
"elies.leander@edu.tbz.ch"|"QAsSZm-J6sJh8-ubamwI"
"mediamass.reignould@edu.tbz.ch"|"00zB1g-9inBO2-9R05IF"
"celestine.wasmuth@edu.tbz.ch"|"A&079y-oMppP9-D8qKbL"
"marten.jervis@edu.tbz.ch"|"#BxSNg-&fGd&@-PdYcJf"
"daphnee.bour@edu.tbz.ch"|"jgapoq-LNmT#9-xE9V5G"
"regine.harlett@edu.tbz.ch"|"1bg$Yh-%3Awge-bGj5Vc"
"noemie.macaskie@edu.tbz.ch"|"s$p1NN-Pe0jzD-RfF1B%"
"loic.renfield@edu.tbz.ch"|"MZCH1u-kpA@sy-GoYMvk"
"venus.kleinert@edu.tbz.ch"|"mt$9Yr-M@#afg-y8IkQ5"
"marten.burlay@edu.tbz.ch"|"sDLf0P-6UilXk-#owwWo"
"berengere.radsdale@edu.tbz.ch"|"quNxF%-MCkDY2-nAI6VQ"
"genevieve.duckit@edu.tbz.ch"|"94vfm9-pdZtH9-fEA8Z#"
"maely.ligerton@edu.tbz.ch"|"oE20CO-KUHHKs-ie5t30"
"maeline.ricciardelli@edu.tbz.ch"|"E#ha#e-@1pShu-u&p4ED"
"personnalisee.yggo@edu.tbz.ch"|"4K72GH-jt5Ogg-RfZmlv"
"alizee.pettinger@edu.tbz.ch"|"x$oU2i-n2BOGk-kYW65Q"
"desiree.curnnokk@edu.tbz.ch"|"uWj2x%-Hc$y&X-%4W33V"
"dorothee.minors@edu.tbz.ch"|"GX@Wbp-PWC1K$-cfEHRN"
"oceanne.kopmann@edu.tbz.ch"|"TEifs#-O&p3bR-uQeU8#"
"almerinda.brodbin@edu.tbz.ch"|"9@XuqG-1EGtSy-SLE68t"
"yenora.carsberg@edu.tbz.ch"|"q5K5Fh-bkkHUE-kWksx$"
"wa.beetles@edu.tbz.ch"|"rItq@G-S4MOvt-GqA%&6"
"audreanne.abbot@edu.tbz.ch"|"n&awq%-OCU2tH-I7f1EQ"
"noemie.capper@edu.tbz.ch"|"wS2Jou-5mG5uf-zNeeRV"
"mans.abramamov@edu.tbz.ch"|"QKTp%N-fDUSAY-oU#4oH"
"audreanne.blakey@edu.tbz.ch"|"Ueve2S-CgXr7t-Y2K9B5"
"leone.klimpke@edu.tbz.ch"|"252h#n-J#XF3k-VA1w&p"
"lie.croston@edu.tbz.ch"|"2oRDMs-Qsoh%x-xk%6T5"
"anaelle.baistow@edu.tbz.ch"|"uL@ECd-syKt0F-92WM@G"
"michele.garwood@edu.tbz.ch"|"GDfgZk-KGvsIS-&RD8P0"
"interessant.albion@edu.tbz.ch"|"aV9YYX-UrBH3$-pn&LhW"
"andre.brisco@edu.tbz.ch"|"oDvvq%-vgl7n#-YM@nqd"
"tang.totterdill@edu.tbz.ch"|"AYp47X-rdzO$N-I5hWU3"
"marie-josee.braundt@edu.tbz.ch"|"nsfIIr-zPomVH-Tl#Wd@"
"lois.galer@edu.tbz.ch"|"&c4p@x-WHLxn9-$Zqcnj"
"faites.pellamonuten@edu.tbz.ch"|"inhBY3-m%@@2c-bsdbxp"
"mai.barfford@edu.tbz.ch"|"n0VTNT-ky$zDg-lsF@p0"
"laurene.macilory@edu.tbz.ch"|"$X#bdM-@2s3S3-VddF2D"
"elea.peak@edu.tbz.ch"|"abgVC#-%1DVaW-OPEc82"
"rejane.doni@edu.tbz.ch"|"TG5mZP-uBBMOr-1TIOqD"
"mahelie.ector@edu.tbz.ch"|"1Hg5uc-@KIbO1-Td%tE0"
"rachele.allum@edu.tbz.ch"|"5Rrq5g-BTE7n5-1L$3BP"
"laila.gerretsen@edu.tbz.ch"|"G$cxg@-Uk5hAI-GRu&E7"
"ines.bowman@edu.tbz.ch"|"cZ9A4T-eUUs5Y-VCu1UT"
"publicite.barbary@edu.tbz.ch"|"pU@%or-yIPvK7-sqtgpR"
"mailys.smooth@edu.tbz.ch"|"%PkU9n-JdUn6j-OBnAM9"
"mailis.huguenet@edu.tbz.ch"|"HpY3@0-fL2xnR-XppBMZ"
"lea.ewer@edu.tbz.ch"|"YCRzZh-r8@1wE-V1QJ4C"
