"email"|"password"
"melodie.vandervlies@edu.tbz.ch"|"mCuJDU-7Xu%RH-oOBpKs"
"angele.edgecumbe@edu.tbz.ch"|"9KC1jZ-mFaFlz-22&fwW"
"zhi.andreasson@edu.tbz.ch"|"ZxURA2-#Csgi#-aoQ@1Z"
"judicael.koppeck@edu.tbz.ch"|"b2w4V5-gE@#2Z-3jW%lB"
"berengere.capron@edu.tbz.ch"|"l5Fghl-ifWxuV-nnPqQ5"
"leonie.brosini@edu.tbz.ch"|"O9sYPh-JlnhaH-chs4dF"
"venus.garfit@edu.tbz.ch"|"A1MQg8-baW@qR-30yFVi"
"melina.janota@edu.tbz.ch"|"@R4FF0-TukZlF-94KUjl"
"laurene.bake@edu.tbz.ch"|"US5Q6b-EXN4&6-yAMZXL"
"regine.dorkins@edu.tbz.ch"|"Blcais-uFibIL-MxpyRz"
"cecile.moffet@edu.tbz.ch"|"2@IePb-GpqVLs-y89&Gn"
"maelann.labrone@edu.tbz.ch"|"zwH4SR-Eeo8Mk-t$WzQv"
"melinda.newbold@edu.tbz.ch"|"Sqt6wa-Ziea38-ndtn30"
"mans.itzhak@edu.tbz.ch"|"5g@TbQ-5KC1ri-943n%X"
"melodie.pattlel@edu.tbz.ch"|"sT4typ-CGdpa&-h$2SUD"
"celine.bonett@edu.tbz.ch"|"IuJxCP-S9GAYM-Us$JMI"
"adelie.mcgreal@edu.tbz.ch"|"Bfly@a-BXteeK-0ImMG%"
"helene.soldan@edu.tbz.ch"|"YkN3If-p%MVMp-tqh7v4"
"michele.cluer@edu.tbz.ch"|"PHCHZb-8kk2R3-7utaMX"
"maeline.mueller@edu.tbz.ch"|"ZRYIwt-hb81k%-c28XON"
"maelann.benedito@edu.tbz.ch"|"p%aJsA-3olajN-yWWtpC"
"nuo.gransden@edu.tbz.ch"|"8tcM6t-oRYwwH-$QTPR#"
"berengere.stainton@edu.tbz.ch"|"DdTY7o-A5xQHs-41Ovnj"
"wa.sabater@edu.tbz.ch"|"onHHb8-3NWHuM-2W9Mhu"
"anais.cochran@edu.tbz.ch"|"0L$42A-orbKcb-r3@Se$"
"gerald.bessant@edu.tbz.ch"|"ZEu#G9-yyTQMG-I2AgUy"
"ruo.coffin@edu.tbz.ch"|"q9Edwp-1xJGRO-ObV%du"
"melodie.mustill@edu.tbz.ch"|"JRCVuR-7U4@T1-DpGO5n"
"ruo.stanesby@edu.tbz.ch"|"BD0MzI-pHc7RA-WtNEGL"
"noemie.antognelli@edu.tbz.ch"|"GLbFqa-NuDfRr-NwYJeH"
"maelann.hughson@edu.tbz.ch"|"YvPxfH-sthCJO-Wj#Ibz"
"milena.mieville@edu.tbz.ch"|"ucfCZ%-M35YGo-w#nDsw"
"mailys.chamberlin@edu.tbz.ch"|"PODlDL-68ELCs-ii33NT"
"nadege.tomalin@edu.tbz.ch"|"vXLgt%-l6yvzc-bqIwfU"
"oceane.omara@edu.tbz.ch"|"&OByvF-&CalmN-LTxT73"
"cecile.aguirrezabala@edu.tbz.ch"|"8Q6TG0-rYsLdZ-gZU3QR"
"maella.gwillim@edu.tbz.ch"|"zH4&UF-ywpI&g-tyL7EW"
"lea.mcgahey@edu.tbz.ch"|"b5Pc2k-&&eAXt-PdU@&E"
"laurene.hagerty@edu.tbz.ch"|"WW&Brg-JO1pvZ-tLXog0"
"dorothee.link@edu.tbz.ch"|"W$egLs-0Hf2IP-qhny5w"
"clementine.kynsey@edu.tbz.ch"|"o5cvQs-xkums5-nLmsI@"
"lorene.smitherman@edu.tbz.ch"|"ctz9fx-eIwN87-WFhpNZ"
"cleopatre.klulicek@edu.tbz.ch"|"1sAkAJ-dTQRl9-CEh3NY"
"laurene.castaneda@edu.tbz.ch"|"27x556-s$9Wu3-pKK75Q"
"melia.constant@edu.tbz.ch"|"oTL4VE-sSMUty-c5PhN9"
"lucrece.clunie@edu.tbz.ch"|"TRV81a-nPNIbO-%Z8byi"
"eleonore.mcmurthy@edu.tbz.ch"|"tD#@O5-YIAx8z-QvnUtX"
"melia.bevar@edu.tbz.ch"|"@JFqgm-QKFN%e-lck%3C"
"camelia.bontine@edu.tbz.ch"|"eHF$OP-9WGPaT-Vj10Oo"
"methode.jozefczak@edu.tbz.ch"|"8QN7b8-4Xtybn-jVIgbe"
"audreanne.hinsche@edu.tbz.ch"|"$xquqM-lWKylm-vuWVR4"
"andree.varne@edu.tbz.ch"|"oSHZWq-R7iihk-E@LQ7m"
"marten.kinleyside@edu.tbz.ch"|"C9jyJh-fzrC1I-$J#mZw"
"esteve.mcewan@edu.tbz.ch"|"uFcj7A-LKBZtr-H&dAFC"
"leane.dibbert@edu.tbz.ch"|"d$jR20-HkQaq#-AZgRLB"
"ma.thewlis@edu.tbz.ch"|"4maHHK-hpGxHU-AvTbD4"
"clea.djurkovic@edu.tbz.ch"|"vR97I%-rbj%fo-2OxPf1"
"rachele.reburn@edu.tbz.ch"|"f#gj2z-%34s%M-hxbF5W"
"gerald.gowling@edu.tbz.ch"|"DIRomm-734p&q-M4bV3U"
"cleopatre.jackson@edu.tbz.ch"|"an8k%t-4jvDTT-yQviIl"
"desiree.haskins@edu.tbz.ch"|"dIB$Pw-bw1ZE1-@0duZF"
"eleonore.longson@edu.tbz.ch"|"B80VV$-&ZJcne-1%x6@&"
"leane.dybell@edu.tbz.ch"|"iXk6w8-9zBGAM-1M@Rc4"
"becassine.grzesiak@edu.tbz.ch"|"NOiFQL-Zr8kF$-GNGHqb"
"marie-josee.pickin@edu.tbz.ch"|"GV2bet-xGVumf-RVZk5Q"
"marie-josee.roxby@edu.tbz.ch"|"3zi%xN-vYqa8i-kv8e1C"
"leonie.feenan@edu.tbz.ch"|"8m6CdD-HSXvEw-fITM5j"
"valerie.ellum@edu.tbz.ch"|"rsQcXT-70qUXu-N3uYl7"
"ju.caseri@edu.tbz.ch"|"r@PEk$-q@YXO2-JpGx1z"
"boerje.strangman@edu.tbz.ch"|"7e6uFx-aydWkU-AVhjT6"
"beatrice.ghidelli@edu.tbz.ch"|"%48d&s-RLk4SO-Me4Tt&"
"da.jablonski@edu.tbz.ch"|"m@ZQhw-ZYMBwO-ZhrjZY"
"uo.beveridge@edu.tbz.ch"|"t%Imaf-RclhkA-I2n142"
"valerie.bestman@edu.tbz.ch"|"KatTii-yYVKOh-g@WHC2"
"marlene.pohls@edu.tbz.ch"|"hfqNnV-TgcLEn-@UMwYh"
"ma.nolda@edu.tbz.ch"|"We$r4y-la18Yf-bFB2wB"
"marlene.bisiker@edu.tbz.ch"|"9SfhB%-wDld4E-WBKz0m"
"estee.babon@edu.tbz.ch"|"9JNGIN-dvjeaG-NrBj1t"
"simplifies.dmisek@edu.tbz.ch"|"$E8t5F-qatwHI-ES$yQU"
"selene.ganing@edu.tbz.ch"|"48%zCk-@h@cU2-2PUajA"
"meryl.penke@edu.tbz.ch"|"vXGoVO-U@q%QH-O7pu#T"
"anais.rawcliff@edu.tbz.ch"|"@6Tk$M-w39nzH-03Bqcd"
"melina.andri@edu.tbz.ch"|"vNANZa-Ctx9mx-7#o&%c"
"audreanne.fodden@edu.tbz.ch"|"fV@HsV-mHw8L#-&c7J50"
"bjoern.spellesy@edu.tbz.ch"|"80V1FJ-UjtqxX-ous212"
"francoise.summerscales@edu.tbz.ch"|"n7ZdhQ-u69P7R-aujV#T"
"laurene.ashtonhurst@edu.tbz.ch"|"gDSUH%-%F#$Nf-R2wEC@"
"valerie.petters@edu.tbz.ch"|"l16$em-IPLKpw-#EP3jo"
"anael.spenclay@edu.tbz.ch"|"2WP7kc-KI$CwI-7vjWp@"
"stephanie.keech@edu.tbz.ch"|"#8bgOM-%V2h45-IAj3Gn"
"ines.deveril@edu.tbz.ch"|"8FOs4K-SdE1Vm-TrwXyy"
"berenice.gelder@edu.tbz.ch"|"W@MnIn-QXo#GC-FqceCr"
"melanie.ofogerty@edu.tbz.ch"|"xYF%GC-iGt0Zz-mRRDDl"
"frederique.canepe@edu.tbz.ch"|"f3MQ90-g8at0h-DzEH4A"
"nuo.otton@edu.tbz.ch"|"UWOLGs-q1yWGA-3NPFj2"
"genevieve.trusler@edu.tbz.ch"|"FMFEG$-6p3ra4-J0FUn7"
"ju.boag@edu.tbz.ch"|"%5h%hN-a0Ke13-#64w3F"
"josephine.dilucia@edu.tbz.ch"|"yy@GRh-OMsq5E-FY0&O2"
"laurene.armsden@edu.tbz.ch"|"ZHIbXr-Fe8YKq-2wCV0O"
"becassine.griffe@edu.tbz.ch"|"OKcTxL-P6OuXc-d&c%kg"
"alois.parres@edu.tbz.ch"|"WeQ7xo-QWsy0T-06OaAm"
"cleopatre.gaffey@edu.tbz.ch"|"EYT#Ku-rTPaiS-@xtZmF"
"andre.stiger@edu.tbz.ch"|"Zz5jo%-db3Z%g-gAO9LK"
"beatrice.godleman@edu.tbz.ch"|"CiTwfJ-TRJVQ3-53VJa#"
"hakan.harrhy@edu.tbz.ch"|"LvIi0O-1#8QSs-FaFd39"
"celestine.dagnan@edu.tbz.ch"|"bYmF5J-tYkjSG-wuoae2"
"clemence.haggart@edu.tbz.ch"|"@UK#2b-UZ3FvZ-qgYv#x"
"long.caban@edu.tbz.ch"|"dHLQtS-fOwRsj-x&6aep"
"gaetane.grimble@edu.tbz.ch"|"Annmp&-LjGgzk-mbOpBo"
"maelann.piwall@edu.tbz.ch"|"bZG%nT-ut7#wm-V3y9&%"
"magdalene.loble@edu.tbz.ch"|"3qHUA2-wlRXml-3PekNS"
"veronique.domaschke@edu.tbz.ch"|"4GjGQ&-W4kCe0-Ewibxr"
"clea.herity@edu.tbz.ch"|"oZxDsK-#PHnOD-kQY3Mt"
"maelann.bambrough@edu.tbz.ch"|"3iKF3A-qlg$R4-xhP03U"
"clea.goulstone@edu.tbz.ch"|"XTbyje-QIMMqb-LnYj8T"
"renee.deleek@edu.tbz.ch"|"fq6w2Y-ssJLc&-UHAwNU"
"boerje.rudderham@edu.tbz.ch"|"$UpirO-a4xCUD-rAMOeQ"
"marylene.broune@edu.tbz.ch"|"SVic%4-ImLdjX-6360wv"
"nadege.mccuish@edu.tbz.ch"|"g$Kz5O-vM26bq-&fb5c7"
"anael.littleover@edu.tbz.ch"|"BusKX$-Xu70I8-FdPNO3"
"lie.baume@edu.tbz.ch"|"am8si3-#ppUfR-dV4lUg"
"maella.murrow@edu.tbz.ch"|"FDwICW-8quqS1-dvNE#X"
"cleopatre.pettifor@edu.tbz.ch"|"cXP3yN-yv4sup-lMnUv9"
"geraldine.asker@edu.tbz.ch"|"$Z4w6K-0#Dm@q-sIJzL1"
"gaetane.smedmore@edu.tbz.ch"|"P1hLRX-SxU6$F-#zRu5n"
"meryl.blencoe@edu.tbz.ch"|"ojqRMN-DfMwXQ-BoRfOU"
"aurelie.chastaing@edu.tbz.ch"|"S40@FZ-YqkShw-I0DIMU"
"oceanne.marthen@edu.tbz.ch"|"gn26kt-zrz3Iz-iCw%ia"
"dorothee.burrill@edu.tbz.ch"|"8KPTV4-oyGo$h-y#4Kgt"
"hakan.belden@edu.tbz.ch"|"oIpgo0-FWFubT-QL3@TE"
"celine.brunning@edu.tbz.ch"|"Wu9GLo-wOlq8g-jl1uS#"
"anael.lapides@edu.tbz.ch"|"Km#k44-WtJLSU-FYjEeO"
"ruo.saffran@edu.tbz.ch"|"1x4xqp-kTiRkc-1@WVS7"
"loic.gerretsen@edu.tbz.ch"|"ysPLmR-fL@wDm-vv607N"
"rui.fitzer@edu.tbz.ch"|"6OwjUl-L8LJKa-toBAS6"
"annotee.ogers@edu.tbz.ch"|"UYciFa-GYqczu-15yACh"
"boerje.bindin@edu.tbz.ch"|"$R9rsh-EdNvz@-AfCHJK"
"ma.cronchey@edu.tbz.ch"|"u5VuLX-KxDKlQ-ifoZVf"
"laurelie.baiyle@edu.tbz.ch"|"SKiTfV-iU1WuR-QqsVXC"
"dorothee.older@edu.tbz.ch"|"3$x7KH-YNvf7e-PxHZKh"
"laurena.wile@edu.tbz.ch"|"4Ro&nl-$Xl#Rs-Fc1D$s"
"clemence.brito@edu.tbz.ch"|"SlJJqR-cOl#ot-09a0oL"
"nadege.dallin@edu.tbz.ch"|"E8l7bY-3jLNRq-kK3a6X"
"mailis.matley@edu.tbz.ch"|"jdoS8r-2vNLbS-zIClMv"
"daniele.screaton@edu.tbz.ch"|"4Uhz24-C1uwSV-juC8Qk"
"mediamass.godly@edu.tbz.ch"|"1Pigc5-iopfiR-R$L&sA"
"leone.kremer@edu.tbz.ch"|"Qw9afX-&$$VUo-vU1Z01"
"asa.adrian@edu.tbz.ch"|"JM0LCR-an7IQv-y9F%0R"
"adele.doley@edu.tbz.ch"|"rbu5GB-vt%Bgd-wQGBnM"
"fei.sidney@edu.tbz.ch"|"DQ2S%I-yM#pEB-W3v8Sr"
"marie-josee.walisiak@edu.tbz.ch"|"ggtq95-lTWkk7-MrBaZ@"
"desiree.diplock@edu.tbz.ch"|"WmFJYD-vI6wc2-@86bjg"
"gisele.schust@edu.tbz.ch"|"LVBYJ@-GoyHOm-HBCVyz"
"ma.longshaw@edu.tbz.ch"|"78Ehvu-U1dDBB-DKTBmh"
"da.boother@edu.tbz.ch"|"JnzKeI-Q&&f1q-$#DpT3"
"simplifies.chaudhry@edu.tbz.ch"|"bw&Jrm-H@CrTE-Zvq#il"
"garcon.baniard@edu.tbz.ch"|"CKng%X-aSRm7e-HyMChM"
"gaetane.elphee@edu.tbz.ch"|"fRiqQm-Da$2un-maEPX1"
"gisele.hassey@edu.tbz.ch"|"TPZ38$-bhfzzK-KUWg2p"
"oceanne.booley@edu.tbz.ch"|"he8r8O-8ng2c8-pp@QHq"
"oerjan.dibden@edu.tbz.ch"|"in82ZI-lNoJ@T-wHPK@B"
"regine.ocleary@edu.tbz.ch"|"FgL#eT-HtB$jt-uBHf7d"
"selene.persse@edu.tbz.ch"|"Eo&@PH-rsXSkh-wz#Fup"
"helena.adenot@edu.tbz.ch"|"@Nbxp0-qhjASk-vITBCO"
"maelann.wassung@edu.tbz.ch"|"mIeZHB-%9jMDK-I9WuKD"
"frederique.ackermann@edu.tbz.ch"|"gU@bIw-MM2e6G-WkzCK$"
"audreanne.kahen@edu.tbz.ch"|"xIVIcE-pRgEB@-OQ3ePX"
"maiwenn.lasty@edu.tbz.ch"|"9jHCkd-#BGVop-RsUcg2"
"yu.dictus@edu.tbz.ch"|"Ron42Q-QP#eYp-4U1ZAq"
"anae.dukes@edu.tbz.ch"|"KuJOwI-os%XKy-YtesNY"
"yenora.warr@edu.tbz.ch"|"bSZqWi-09&EJI-8OL&26"
"esbjoern.archibold@edu.tbz.ch"|"X9L1p6-6TgvHc-0E3s0Q"
"milena.pardal@edu.tbz.ch"|"8tD6%Q-Wqn3k4-MAQNcM"
"celestine.graveston@edu.tbz.ch"|"7POVA0-HEMw$8-ECUJQt"
"maena.dallas@edu.tbz.ch"|"RNs3VS-pUjUsA-c#OZV$"
"andree.tuke@edu.tbz.ch"|"7qfqgF-vX0bzM-5pRd4t"
"methode.seldner@edu.tbz.ch"|"6Y3%a3-sqwI@p-ZHmHbi"
"venus.bullas@edu.tbz.ch"|"Wpmquh-Nwhi8A-0dex@b"
"mans.aguirrezabal@edu.tbz.ch"|"I9RuNc-6kIwY8-jP3gxX"
"gaelle.eadington@edu.tbz.ch"|"P6e9EP-%vg6cX-7ljfk5"
"anaelle.falkner@edu.tbz.ch"|"f@F$lN-OeCcXM-2U92Yv"
"ophelie.height@edu.tbz.ch"|"MDVwVh-IZNBdW-Pma0OL"
"marten.bolding@edu.tbz.ch"|"eH@HiF-6rfnfn-mzYWtY"
"pelagie.guswell@edu.tbz.ch"|"yee8L6-Ah#soP-Dqwjpl"
"gwenaelle.lecount@edu.tbz.ch"|"MB5E6N-BcxL5K-s@jXx&"
"hakan.laden@edu.tbz.ch"|"17HALK-yvxMn9-9Leqh0"
"marie-josee.hylands@edu.tbz.ch"|"z60oVm-aPu2H5-k3CTYX"
"zoe.kingshott@edu.tbz.ch"|"77oMPb-JB4Y2C-6$vRr%"
"josee.janous@edu.tbz.ch"|"HJhl8t-TQ4M6E-n&bjn2"
"laurene.gallally@edu.tbz.ch"|"2DzIcA-wd018t-RH@lH$"
"anael.bickle@edu.tbz.ch"|"EzUcGR-iuiHH8-HtI%ph"
"mediamass.lebbern@edu.tbz.ch"|"Pk@MW$-2Rnivg-Kehvi7"
"berengere.hovy@edu.tbz.ch"|"8Ayw1K-hG%iBy-rDcPTc"
"oerjan.kilmurray@edu.tbz.ch"|"uu5qLq-&jKUKz-uGH7Fy"
"asloeg.venny@edu.tbz.ch"|"ngD8tj-3dzd#t-S@OHhC"
"marie-noel.stoad@edu.tbz.ch"|"N@0WVp-aAAL2%-8ZToov"
"hakan.pettifor@edu.tbz.ch"|"h405Ih-YVajnp-ERpSJz"
"maella.willgrass@edu.tbz.ch"|"2Z9BGj-up4XSG-vmtgZA"
"therese.ludovici@edu.tbz.ch"|"BUMQeH-WFCCXr-Fw1wAM"
"stephanie.trewhitt@edu.tbz.ch"|"mguBPo-qv3KOT-eEE&G#"
"maerta.bauduccio@edu.tbz.ch"|"kUUNnh-S2BPQw-odRIrh"
"gaetane.glaisner@edu.tbz.ch"|"FaJytf-@ZX6ya-5J8zA4"
"naeva.pargeter@edu.tbz.ch"|"YAKKM8-T9bXqW-Ngd5DI"
"salome.venable@edu.tbz.ch"|"BqQkyN-kMbB#t-En2au#"
"boerje.thickett@edu.tbz.ch"|"Xt2ZLp-cjBShB-X4ys7E"
"lucrece.prendergrass@edu.tbz.ch"|"nlI5o8-q0HHdu-2kf#cJ"
"laurene.ockleshaw@edu.tbz.ch"|"8iUa53-gmLWb9-kQrgS2"
"cecilia.pasticznyk@edu.tbz.ch"|"37c3Kk-$&G0&6-u7FEre"
"stevina.mackey@edu.tbz.ch"|"dTXj22-GEXqG@-uZT53v"
"marie-noel.reven@edu.tbz.ch"|"rtY#du-xYo48n-aTpOhZ"
"melina.quilkin@edu.tbz.ch"|"Q68b%q-hFtb13-L%KFM0"
"marie-noel.ferrie@edu.tbz.ch"|"zUm8Rj-X0W8%$-A3PXjA"
"leone.alphege@edu.tbz.ch"|"PczKa8-nQYtD&-F43O0I"
"zoe.leverson@edu.tbz.ch"|"Z4zoTq-80z9rG-s$6qnl"
"annotes.grayne@edu.tbz.ch"|"6I@p1E-8oCMWM-hex5gL"
"faites.lalley@edu.tbz.ch"|"Ey1CDz-9lxosb-eSChB7"
"adele.wallis@edu.tbz.ch"|"hxGN2h-KIfg4F-uKk6VP"
"severine.madill@edu.tbz.ch"|"9@qEAL-yJE$c0-hiBAmF"
"valerie.tebb@edu.tbz.ch"|"Qvf%$8-Dvcpcl-o9PVzh"
"kalliste.rasper@edu.tbz.ch"|"GcZnRh-fOi1lg-W$r0c3"
"audreanne.palomba@edu.tbz.ch"|"mODO9D-@kHHc@-EAngik"
"elea.adamik@edu.tbz.ch"|"d1$o1S-t&3rJ8-aj#u1l"
"reserves.jakuszewski@edu.tbz.ch"|"sq#jk9-c0EhaS-UbGvrE"
"athena.belhomme@edu.tbz.ch"|"k1FmAu-ob7vg1-fiXjH0"
"rebecca.crippin@edu.tbz.ch"|"WWeHM9-G8YKP&-jx3F5i"
"maiwenn.curman@edu.tbz.ch"|"bpvQCo-JeLeJi-vPXPS2"
"andree.bunner@edu.tbz.ch"|"Hcwitn-#qJ%nN-gba8BU"
"ruo.winckles@edu.tbz.ch"|"AuqmAJ-vk9Hdw-V$0$#6"
"naeva.buntine@edu.tbz.ch"|"zBlx3D-qpFRtx-buzClH"
"boerje.dollard@edu.tbz.ch"|"aZ72Ta-7XMJ8s-5q5GXX"
"penelope.gorman@edu.tbz.ch"|"A2OCe2-R5yUKO-hERRMh"
"alois.robelin@edu.tbz.ch"|"Fm#XYC-JuFW2G-dgX4BV"
"anaelle.tindle@edu.tbz.ch"|"cZNOVd-I1MY#o-X#YpRq"
"ye.frears@edu.tbz.ch"|"GoMHBy-EqRXiT-oJy3oH"
"andree.ovid@edu.tbz.ch"|"22vF7L-yi1Uic-4siJZY"
"hakan.peat@edu.tbz.ch"|"jV8ZG3-#qAHon-NmG$hI"
"andre.januszewski@edu.tbz.ch"|"7HuISq-3Rlo87-UZBe8o"
"annotes.clemmett@edu.tbz.ch"|"z1Ifcq-XNCb08-BSPZ17"
"pal.lambswood@edu.tbz.ch"|"C65hUQ-2OjUP1-kHJBe4"
"yao.lenton@edu.tbz.ch"|"7ELZrk-ajDB5w-ppAlQ%"
"hakan.boyton@edu.tbz.ch"|"iqX9jk-ZzByP$-Eqb3$0"
"nelie.forsey@edu.tbz.ch"|"44hgmx-I4jA@Q-zJPsGZ"
"hakan.horche@edu.tbz.ch"|"CqXA%r-fMwydB-YCrldf"
"lorene.sinkings@edu.tbz.ch"|"yh0vGU-aVkIdY-lNV4vE"
"marie-therese.creddon@edu.tbz.ch"|"#WFESp-IE%G2s-KQfmWG"
"berenice.tolworthy@edu.tbz.ch"|"tdxY4B-f@q5sa-q%FBjo"
"theresa.land@edu.tbz.ch"|"1KQHb1-EQMsfB-&IeKWD"
"marie-therese.gianilli@edu.tbz.ch"|"OX6tWv-3iSsUq-R9lOp2"
"meryl.glew@edu.tbz.ch"|"opfGdN-37z@Iy-UFYfMa"
"adele.debling@edu.tbz.ch"|"ll5sow-243ng@-1kjTEV"
"anae.metzke@edu.tbz.ch"|"0T3#Ja-IS%A%w-CyXN3$"
"gaetane.gooden@edu.tbz.ch"|"zHt90c-Sc@PsA-sxHo4p"
"laila.bootland@edu.tbz.ch"|"Y9L1lF-GW8uzw-Ev2dfR"
"maite.helsdon@edu.tbz.ch"|"3Zl02$-J78bOi-vzcm6s"
"andree.malley@edu.tbz.ch"|"U1GMAF-O4Rla0-MLJXl4"
"pal.simmens@edu.tbz.ch"|"g33W1@-l$5yU5-98YMpY"
"maelys.nuccitelli@edu.tbz.ch"|"zn71bv-&0SvU6-k&wZD6"
"dafnee.sibary@edu.tbz.ch"|"x%jfSX-MX0w0n-c#zhpo"
"alois.harsnep@edu.tbz.ch"|"cayJvN-iggAxj-7KANHr"
"marie-helene.lacky@edu.tbz.ch"|"muz01h-X9H#Rf-Zl93gQ"
"mylene.youthed@edu.tbz.ch"|"sK77UX-WB$pqK-nRYl@K"
"marie-helene.dehmel@edu.tbz.ch"|"oZdMuv-lA14aN-jxPzRX"
"angele.batman@edu.tbz.ch"|"o3Zuib-EJmRhb-1qALAS"
"melia.younghusband@edu.tbz.ch"|"2#Spf&-BowDJM-0kQdfT"
"eloise.baldi@edu.tbz.ch"|"pu3Lws-eoWJwD-2zOmJM"
"illustree.dun@edu.tbz.ch"|"KJWkFT-3VwV@K-RA3UfY"
"genevieve.late@edu.tbz.ch"|"NMBKig-#JocmB-@C1iQM"
"celestine.colville@edu.tbz.ch"|"ZGims5-TZ0ca6-oMBHeF"
"gwenaelle.scarlon@edu.tbz.ch"|"U1#Wub-ftXxtE-G1dSzz"
"regine.boddie@edu.tbz.ch"|"tGxQP7-prkivW-YyPfYp"
"creez.gaughan@edu.tbz.ch"|"g1zA9c-IaVl%%-obe1QX"
"gaia.longford@edu.tbz.ch"|"uzfUa0-qVU2bq-EzGdZ1"
"mailis.buckby@edu.tbz.ch"|"Z&xKe$-jyEyTk-kOpjoi"
"song.parbrook@edu.tbz.ch"|"2ZOhHH-iapos1-czyzqs"
"frederique.heddan@edu.tbz.ch"|"rbXiMQ-zi9fK7-C6ZQr3"
"ake.kirtlan@edu.tbz.ch"|"9KSkFU-PPwgYP-uKC$Ii"
"nelie.runciman@edu.tbz.ch"|"QRm0nK-$XXbgi-5JtoZG"
"mailis.cardnell@edu.tbz.ch"|"gfJ$G9-LQNb%a-Y#E1SH"
"irene.navarro@edu.tbz.ch"|"uYp%mQ-Xa48Xz-3uv@H1"
"maite.cough@edu.tbz.ch"|"6A3x3%-Ulb1S8-d0XqtQ"
"anaelle.stocky@edu.tbz.ch"|"Qs4gby-HEaAY4-8IxzJT"
"methode.moulder@edu.tbz.ch"|"TAmNGp-9d71@#-oZkixX"
"po.stafford@edu.tbz.ch"|"DcYlfx-vN#8SA-eyheZm"
"faites.scraggs@edu.tbz.ch"|"EwGT$I-863LdK-jF1%8h"
"adelaide.dullard@edu.tbz.ch"|"xpiCi9-OU&F%s-8HLTGe"
"desiree.leonard@edu.tbz.ch"|"Mn$XE%-xJfofl-4B3BXh"
"geraldine.badgers@edu.tbz.ch"|"pAz94T-CssKpU-2ig#Lf"
"ruo.masic@edu.tbz.ch"|"Z7TKbB-LIhbo9-9DZj&S"
"aurelie.lieber@edu.tbz.ch"|"YCkhhz-&2vKOJ-M7s@X8"
"naelle.balcock@edu.tbz.ch"|"FeDrlH-%qcuFx-O0SyGx"
"camelia.elger@edu.tbz.ch"|"EvAb9o-PXlqSl-HRQaC#"
"publicite.oakeshott@edu.tbz.ch"|"gBe1jS-1l8qow-shx$H$"
"cleopatre.fawley@edu.tbz.ch"|"ZdLLBK-lheghQ-3xNCM@"
"laurene.bruckmann@edu.tbz.ch"|"OOMUV4-ZDTM&z-unmqQz"
"rui.haughton@edu.tbz.ch"|"XcaMPc-iyY2Kl-b6PuLz"
"asa.ladewig@edu.tbz.ch"|"zXO&Gd-zph@q8-naaEOQ"
"gisele.janecek@edu.tbz.ch"|"ES0o%y-ZF3LCh-zLvw2L"
"maily.loveridge@edu.tbz.ch"|"@YzcQW-blMIpn-YIsmBf"
"marie-eve.yurkiewicz@edu.tbz.ch"|"GsCqFY-ERum&I-GK4tNT"
"fei.roder@edu.tbz.ch"|"czsEW6-hd4Muh-1NpPUL"
"edmee.chatburn@edu.tbz.ch"|"GL1RGj-dJ57DB-9CX@jY"
"geraldine.darke@edu.tbz.ch"|"n6upIw-jkFMKj-9Dlstb"
"ye.jira@edu.tbz.ch"|"e3&9NA-cLRiA%-C#TYZd"
"publicite.persent@edu.tbz.ch"|"Q#Rm6q-8SQb0$-b4BPTv"
"severine.wilcox@edu.tbz.ch"|"GuffAY-moO$A2-w7J&at"
"yao.mcclaren@edu.tbz.ch"|"YUf&FX-RU6Vku-XW60pf"
"theresa.foynes@edu.tbz.ch"|"y@nMyV-4#$94G-2WhhWL"
"stephanie.isley@edu.tbz.ch"|"PKfRTw-9dOmlR-hatwE#"
"torbjoern.growy@edu.tbz.ch"|"IJNeA#-KlQzpC-6&xqVh"
"eloise.tunnadine@edu.tbz.ch"|"9DQUrC-YPIuni-h@zWrx"
"maeline.cossentine@edu.tbz.ch"|"yPdCsD-HXaST5-WPuNwa"
"nelie.desantos@edu.tbz.ch"|"hfXqX&-VPaNpN-ZaT3Qa"
"gaetane.axston@edu.tbz.ch"|"aK@XDV-hPDth4-%JJ#LS"
"aimee.merman@edu.tbz.ch"|"kbMjbC-GA8oJ6-Um0ukS"
"oerjan.drivers@edu.tbz.ch"|"NOlrGp-5YP#d%-fScQ6W"
"aimee.miroy@edu.tbz.ch"|"NnsXIz-09mBVt-IHzvbZ"
"nelie.glyde@edu.tbz.ch"|"jM2FqR-tchgjS-R3%A76"
"hakan.kapelhof@edu.tbz.ch"|"h7%v5V-W8IYeX-hONDT5"
"maelyss.cauley@edu.tbz.ch"|"wt0XZd-u4cvLr-8QZTmv"
"elea.vaggs@edu.tbz.ch"|"b8&Gzr-tMCQuG-x1aweD"
"maelys.but@edu.tbz.ch"|"jpbPOM-UKl&hG-gDuNZ@"
"maella.arthurs@edu.tbz.ch"|"2uVMqI-gPBKfh-Fe%4JW"
"adele.liebrecht@edu.tbz.ch"|"6bpw83-3Zfry6-7tadp4"
"meline.lomasny@edu.tbz.ch"|"BG$e&7-s5uTJw-AsQ19w"
"mediamass.schwant@edu.tbz.ch"|"Uh6hx6-RUOjRm-4wkP1#"
"leone.saunt@edu.tbz.ch"|"rg#EuU-u8UqA9-YtRsw2"
"annotes.gouch@edu.tbz.ch"|"gpRcv9-HSSywd-VFja&r"
"gaetane.bowich@edu.tbz.ch"|"9jOhtH-GQfe%W-yAvvfh"
"alizee.strelitzki@edu.tbz.ch"|"T8sHHW-BqAbIC-lNDTAj"
"leone.poile@edu.tbz.ch"|"yvhF$3-DHDrWg-g@#zVi"
"amelie.saban@edu.tbz.ch"|"ccppqL-0LMSdv-L6X&jV"
"marten.mcmenamin@edu.tbz.ch"|"parIbN-kqmcr7-lIGXfL"
"becassine.keets@edu.tbz.ch"|"mXybaH-N4FJb7-cLmRd&"
"celine.million@edu.tbz.ch"|"Q@@q&f-S#r6CI-s4xDT5"
"geraldine.belitz@edu.tbz.ch"|"Ij#5%g-3FkLLe-OlKiac"
"salome.mardling@edu.tbz.ch"|"gOv6rt-I9SCv6-YKCxgZ"
"melia.blakemore@edu.tbz.ch"|"t4u@qa-3s56p2-5j@OUp"
"dafnee.mcaulay@edu.tbz.ch"|"5iFFmf-BfX8$L-8tqmu6"
"garcon.dennett@edu.tbz.ch"|"dxkPcp-1T$srG-$4V8o#"
"interessant.lesor@edu.tbz.ch"|"Bo#dmF-EF3aF7-ESOhfC"
"annotee.wasbrough@edu.tbz.ch"|"gM@2p1-eictnF-MkL&qp"
"asa.ibbeson@edu.tbz.ch"|"@@$eGj-4M6R1B-TCJmEJ"
"maily.kennealy@edu.tbz.ch"|"j2YUO&-bia#31-bQ1$Ai"
"ye.seares@edu.tbz.ch"|"YVhols-3WEbLv-S&#A&5"
"athena.harbron@edu.tbz.ch"|"xfov1W-uxPjRn-4LIIxT"
"andreanne.portail@edu.tbz.ch"|"unmzL9-$NIXia-TwFHco"
"goeran.zannelli@edu.tbz.ch"|"Ux%ooy-%WbIkZ-yIGejV"
"gerald.leathlay@edu.tbz.ch"|"zPn4mq-BKiXvS-kXZiNJ"
"andreanne.chown@edu.tbz.ch"|"Kl50F3-tyVqaP-osrJeg"
"esteve.clementel@edu.tbz.ch"|"L%WgPH-ZKFK&o-Q18kUA"
"leone.legan@edu.tbz.ch"|"lvD@3o-NSlOkE-QfUdwD"
"maena.pownall@edu.tbz.ch"|"Xxz5py-EpP&dP-@Rl2S$"
"andree.rettie@edu.tbz.ch"|"Fx7jlV-D1vpTc-@#vSWA"
"ines.kenwrick@edu.tbz.ch"|"on9#4&-5nkVYk-jWJJpk"
"marie-helene.yarnall@edu.tbz.ch"|"j0lYNE-mcAKTf-MPbUiL"
"po.martin@edu.tbz.ch"|"VRJY&U-tZS&kw-KnwmCc"
"ruo.celiz@edu.tbz.ch"|"RCQRQK-%TwCyb-Ir#txs"
"po.bissett@edu.tbz.ch"|"5Uz$GO-BdeZmz-S1MkWO"
"du.swindon@edu.tbz.ch"|"tu0kk9-6aLXzW-inJ7zi"
"interessant.gouldthorp@edu.tbz.ch"|"OJNeOq-CZ@#Um-YuH5Ov"
"leandre.lilburn@edu.tbz.ch"|"bAC$5G-OmAede-QgUQSK"
"bjoern.whales@edu.tbz.ch"|"VOrDjY-&y5EHx-apOOe7"
"interessant.dieton@edu.tbz.ch"|"YhtAFg-xiTFvl-@SPH41"
"celestine.redhills@edu.tbz.ch"|"k1eZdS-9VtCRp-zp0F0z"
"tan.yakovlev@edu.tbz.ch"|"HIvKsn-FB9s13-RT6o#j"
"regine.mcdowell@edu.tbz.ch"|"8JyUc2-4E9gtc-6deYyP"
"ju.coysh@edu.tbz.ch"|"NXxXNW-SsrFfF-4H6U4i"
"reserves.ofallon@edu.tbz.ch"|"rIqOrv-JqA5l1-&BTHrZ"
"frederique.sobey@edu.tbz.ch"|"9T84Ot-E3TkH%-gcu26&"
"marie-eve.garstang@edu.tbz.ch"|"3xgjvv-e8uWSt-r$&iXc"
"andre.tapin@edu.tbz.ch"|"dYInFL-uy&IQD-827GZS"
"esbjoern.eynon@edu.tbz.ch"|"aMw1eA-81fNu3-MvHXjJ"
"maella.duffy@edu.tbz.ch"|"OGazVA-aM2Hs2-lOJ8uM"
"leandre.twinning@edu.tbz.ch"|"rXQ%3B-b2%cdT-Pakt&F"
"mai.whittingham@edu.tbz.ch"|"P6RuAb-Y1Oh9w-i4W4fp"
"rachele.shevelin@edu.tbz.ch"|"OM5Kl4-U76ZgX-$bc8Vn"
"cecile.mcure@edu.tbz.ch"|"ZM8406-Zew2zd-$%XJZb"
"marie-eve.yurkevich@edu.tbz.ch"|"2$lMtq-d&T4QE-vwwrjg"
"almerinda.paice@edu.tbz.ch"|"gU$i3l-5mI5aS-za6ff3"
"rao.howkins@edu.tbz.ch"|"MiiW5q-Bmsp37-TPAXDX"
"serena.pack@edu.tbz.ch"|"QvRauM-cjSXlo-v&epoL"
"rebecca.mant@edu.tbz.ch"|"q$PkFv-efmXni-BXzh0X"
"reserves.spitell@edu.tbz.ch"|"lgHqSC-FV#h8s-L@a1px"
"garcon.hamfleet@edu.tbz.ch"|"7I1SF&-$VDJNR-xwFp3R"
"methode.kerkham@edu.tbz.ch"|"ODy0j2-Nttfi1-kr8%Rq"
"pelagie.camies@edu.tbz.ch"|"G6$oj$-HAXMlY-YadNwy"
"josephine.macpharlain@edu.tbz.ch"|"XlRzPy-N7AmjW-LAoVim"
"eugenie.mathet@edu.tbz.ch"|"a@s6La-kz0xxo-jdyJwQ"
"gaetane.brangan@edu.tbz.ch"|"Gjtcem-PzMKjf-rT1qIR"
"michele.dewbury@edu.tbz.ch"|"Vp7eol-d6TbOE-w8s73y"
"eugenie.elcott@edu.tbz.ch"|"3ucgZT-Bx%ri3-2dwaIv"
"megane.harniman@edu.tbz.ch"|"COHHV9-HbKeK9-4rvuyd"
"agnes.cluney@edu.tbz.ch"|"nPiZqi-bvazd#-#XKZIQ"
"marie-helene.angear@edu.tbz.ch"|"o&dKvW-duTOF5-bHIgLL"
"melia.dolphin@edu.tbz.ch"|"&Vtyzp-X6u6v5-lWyi0Y"
"lois.ruseworth@edu.tbz.ch"|"h3NI&x-JBrOw&-&TQWGA"
"mailys.ryding@edu.tbz.ch"|"nXhlge-DP5rsm-isLhBC"
"rachele.wulfinger@edu.tbz.ch"|"zYWSjl-uT5609-R54RAu"
"gwenaelle.talton@edu.tbz.ch"|"EgwGpl-eXjBIq-t%8XP5"
"long.ronchetti@edu.tbz.ch"|"QGy&5@-1EbE4k-9lbLdu"
"styrbjoern.kloska@edu.tbz.ch"|"w%HWvE-#z#PP#-lSpCoS"
"len.sudran@edu.tbz.ch"|"J$LjGi-T$$Yrp-SowdsI"
"maelle.andrysek@edu.tbz.ch"|"Bc8#LU-WH8YO0-IVr5zZ"
"selene.senior@edu.tbz.ch"|"#40sxs-XBi1Zz-5Gh5aw"
"anais.joskovitch@edu.tbz.ch"|"XuEV7d-kx@xf4-WVXA%b"
"marie-noel.dally@edu.tbz.ch"|"zFzrhT-yNNWBL-DL1#@A"
"marie-helene.laurence@edu.tbz.ch"|"eRdPlr-yEyfRt-OZy#Gq"
"camelia.foxon@edu.tbz.ch"|"VUpBf6-Nel2P1-Tf21b$"
"helene.cankett@edu.tbz.ch"|"F8kEEA-Qld9Gh-AkDJhr"
"marten.mitchelson@edu.tbz.ch"|"97gh3r-nuOcWZ-0VNM47"
"helena.stirtle@edu.tbz.ch"|"Xjc9U#-iLo1Fv-fEonoN"
"leane.barmby@edu.tbz.ch"|"U89t2%-ruN$ld-w4VuRY"
"goeran.ofinan@edu.tbz.ch"|"tsupMv-UJ&BMj-9WTTtC"
"styrbjoern.proby@edu.tbz.ch"|"YkBJNn-CFhgWr-r$fzQM"
"zoe.halse@edu.tbz.ch"|"gFmZk#-1bcf&J-Cwo9aE"
"kui.drable@edu.tbz.ch"|"qedGnw-MP9W&R-&blniu"
"desiree.bamford@edu.tbz.ch"|"jZ#Nl0-q4L&pg-3%Tp$y"
"zoe.suller@edu.tbz.ch"|"7pEyTG-kKAdg3-5&UOFo"
"marylene.audiss@edu.tbz.ch"|"&nM$Ib-lUNRyl-5iEn5C"
"adelaide.poznanski@edu.tbz.ch"|"D#x2#o-wKzvEh-l@6n6S"
"maella.coleyshaw@edu.tbz.ch"|"9lF73o-X#XhSL-H%1ZcO"
"marie-francoise.gelder@edu.tbz.ch"|"dGnn8h-XPs#Ls-aEMb&K"
"eleonore.chaffyn@edu.tbz.ch"|"OfmdTb-Ib@18d-K2cdiD"
"celestine.sikorsky@edu.tbz.ch"|"$5Hy8Z-iMBEF3-YLcxdz"
"stevina.londsdale@edu.tbz.ch"|"Qa3par-4dHeD5-AZCd6y"
"maiwenn.nevitt@edu.tbz.ch"|"xpahie-D8lKfs-XIQMFV"
"magdalene.gerrey@edu.tbz.ch"|"uee#FA-DqzdTM-tXHEuL"
"becassine.latimer@edu.tbz.ch"|"ed6cYl-YgJvh4-bZ4zox"
"da.lethibridge@edu.tbz.ch"|"MAiIU@-O4kI@@-Bs6adh"
"mailys.claige@edu.tbz.ch"|"VnbCqL-a8NaGM-oHRW#e"
"maena.torbard@edu.tbz.ch"|"%8YkHY-2SXbYY-3@gJc%"
"solene.lyvon@edu.tbz.ch"|"kOssDw-j24UqR-ABT&04"
"marie-therese.benbrick@edu.tbz.ch"|"TlFQxU-JEE1vQ-b03Kj@"
"gerald.edmonson@edu.tbz.ch"|"Lp$I0S-KTyi$e-VEgRtn"
"ake.messruther@edu.tbz.ch"|"c%QYDL-$WbvRN-UqimZh"
"men.gosneye@edu.tbz.ch"|"6MSR0B-T3igow-EtYAj%"
"anais.jefferys@edu.tbz.ch"|"RDWGuz-oNQezC-$3CEQK"
"publicite.tregale@edu.tbz.ch"|"blUla$-TIN@CY-KDePYD"
"maily.santorini@edu.tbz.ch"|"EHHxkc-WrioM6-IOpWKy"
"ines.pioch@edu.tbz.ch"|"&VRU1k-Mcw7VU-5$yHfh"
"noemie.marklew@edu.tbz.ch"|"@Q#bIQ-DKDma#-e7yzxO"
"meghane.maccaffrey@edu.tbz.ch"|"8XUOnM-Baly8T-T2Xist"
"berangere.ambrogio@edu.tbz.ch"|"gKRFx9-cCjeO2-zziyrK"
"mediamass.ryce@edu.tbz.ch"|"1yjPRQ-#uDzFZ-oyfyEL"
"oesten.ubank@edu.tbz.ch"|"c6VpG&-17GfmH-nxu%oD"
"melina.mackee@edu.tbz.ch"|"wu&hAc-LoPiuf-hjcL@3"
"theresa.livezey@edu.tbz.ch"|"Iaa2Mv-bAKVeo-pgpZji"
"clemence.weal@edu.tbz.ch"|"S6BKEf-uSFB9f-0BAmQ$"
"faites.overton@edu.tbz.ch"|"0tnPuc-d2AVuL-MurdbZ"
"clea.lindblad@edu.tbz.ch"|"KSgTrQ-G@8ZZy-&%9ZpU"
"josephine.roseaman@edu.tbz.ch"|"gDJi%Y-pr6&cD-dcs$tZ"
"oesten.lowbridge@edu.tbz.ch"|"slE@q@-0f5aep-FgY2pr"
"marie-josee.brion@edu.tbz.ch"|"pMjVXr-8vISTo-9@Wihs"
"therese.basili@edu.tbz.ch"|"O4KSun-c4CdrI-2WpVEu"
"melia.vertigan@edu.tbz.ch"|"fp2JuP-UKrxaW-ezGBh2"
"judicael.saull@edu.tbz.ch"|"D1yr4O-ReKxeN-3CuDK@"
"selene.valentine@edu.tbz.ch"|"ar3Q%i-P6e6ap-gH2mnv"
"verane.dunlap@edu.tbz.ch"|"fkG3BT-vYR@@6-%r7PJt"
"meline.kinnear@edu.tbz.ch"|"60GW#z-DovhB7-laNBa4"
"lei.luttgert@edu.tbz.ch"|"sJ#pzF-pgT7nt-Qm6WV2"
"styrbjoern.lathleiffure@edu.tbz.ch"|"am@Cjq-JwDQuD-Z$evqw"
"marlene.blasi@edu.tbz.ch"|"jft6@W-kAf3Yl-R2ueNW"
"mai.begwell@edu.tbz.ch"|"uZqlY3-NhIl76-BENivT"
"gwenaelle.kaines@edu.tbz.ch"|"t6X1EF-78yVRc-OKM3Zo"
"gerald.adamthwaite@edu.tbz.ch"|"Od#mYx-H3N8m3-$d9MNu"
"kui.hartfield@edu.tbz.ch"|"SpuHs2-oB6k$z-sj1Y7o"
"salome.currao@edu.tbz.ch"|"W0sQiG-@R$oDu-9Yy1yq"
"angelique.tixier@edu.tbz.ch"|"QWM0ZK-#aEe1c-LBvlqc"
"ju.mcgragh@edu.tbz.ch"|"cvpsfl-RaFs6u-IfBdtQ"
"dafnee.beachem@edu.tbz.ch"|"4oqmUu-0mVBtU-v%H05a"
"creez.terlinden@edu.tbz.ch"|"D2Mx$Z-I@B27S-lg31if"
"uo.mcskeagan@edu.tbz.ch"|"JSypgs-JkgDhW-jO@tNx"
"edmee.mccaughren@edu.tbz.ch"|"EAIY#w-@D%yXV-o92CrM"
"asloeg.cozby@edu.tbz.ch"|"NnRd93-jjgk$C-z7nmHR"
"melodie.traite@edu.tbz.ch"|"dD%bFq-r2UQ2h-DfFVX5"
"dorothee.aindriu@edu.tbz.ch"|"uRx$Vo-wiM9gV-fE$rUq"
"daniele.doley@edu.tbz.ch"|"T$ohtP-6znzZ5-b3El00"
"mediamass.fairclough@edu.tbz.ch"|"RQ$UdB-IQMtmo-1euGbE"
"lorene.rainforth@edu.tbz.ch"|"dfOE3N-b%B6cx-v@ofuz"
"leonore.eyer@edu.tbz.ch"|"p$LeFq-dJFeII-5Gz$a1"
"po.spillman@edu.tbz.ch"|"Jh@FIS-qiTjXU-7tM8SV"
"cecilia.plitz@edu.tbz.ch"|"ZDcp@1-y$gFIP-DeYra&"
"lorene.ludlow@edu.tbz.ch"|"9XMLpX-okMH%B-Dgqh@l"
"berangere.neligan@edu.tbz.ch"|"UApJkA-y7JoGR-f2#D4Z"
"simplifies.huggan@edu.tbz.ch"|"57BZ$9-y#D8lJ-rwxsbf"
"clelia.prandy@edu.tbz.ch"|"%ak608-c0sH52-jvd$Ff"
"ake.osban@edu.tbz.ch"|"H1Ucb7-SG$ok0-1eCHqI"
"cunegonde.brunn@edu.tbz.ch"|"%h&3XT-MX&&II-yS8nhe"
"long.grizard@edu.tbz.ch"|"ZdZf5#-UmW6yP-A$2KDu"
"meghane.diss@edu.tbz.ch"|"45IEJU-dnmJBo-8ogUah"
"therese.oldman@edu.tbz.ch"|"OY6dpx-QrQrg3-8wpUFw"
"boerje.scamerdine@edu.tbz.ch"|"OBJW%X-P1km7g-px0Ywd"
"du.saban@edu.tbz.ch"|"7802Yz-aV3K$V-pw%H6H"
"hakan.clynmans@edu.tbz.ch"|"sj2mVF-BIwO6c-7jnKCd"
"wa.macdowal@edu.tbz.ch"|"X6jtd9-rLyT3y-6WN8dp"
"venus.hatrey@edu.tbz.ch"|"kSzdMo-nb6Mz9-&Slv6u"
"anaelle.vispo@edu.tbz.ch"|"550ICP-6#Ylhj-XY8%E7"
"mahelie.ollcott@edu.tbz.ch"|"isKmDV-RjNfjM-YgwDdc"
"mediamass.whyman@edu.tbz.ch"|"x%7H&r-FfRqV1-OzmGHr"
"esbjoern.basson@edu.tbz.ch"|"yEq0b5-qTlBti-f1Gen3"
"andrea.morrill@edu.tbz.ch"|"l5zh9v-%KeJLJ-mggx5O"
"melys.grassi@edu.tbz.ch"|"kygS6x-0cZR69-fLKS0J"
"leone.poleye@edu.tbz.ch"|"YpE4qj-YQQXOl-91wdn&"
"francoise.penny@edu.tbz.ch"|"#P#1lq-WBUIaa-3amyki"
"rebecca.edney@edu.tbz.ch"|"J$KSqV-uh6qFn-xGzc$g"
"adelaide.murtagh@edu.tbz.ch"|"ScaG$e-pv&ciY-1B87&&"
"stevina.winterbourne@edu.tbz.ch"|"amHfIK-ijG08a-E5ujNZ"
"ma.cottom@edu.tbz.ch"|"SJIH84-0CEo8D-L$9pBb"
"tan.harold@edu.tbz.ch"|"ydEr&N-ZokZfc-ul%1Bn"
"venus.forte@edu.tbz.ch"|"yph1N3-dyQVRQ-l2A7za"
"almerinda.oluney@edu.tbz.ch"|"k7Cd8$-eYpxv$-b%ej8K"
"cleopatre.brehault@edu.tbz.ch"|"b7&CFg-tQjnKr-bnubZo"
"interessant.lapides@edu.tbz.ch"|"5pXxr8-60I2jk-Be&QR$"
"reserves.hallatt@edu.tbz.ch"|"sczQa4-ez@RFh-1IuzFa"
"annotes.birdwhistle@edu.tbz.ch"|"v8XSva-xdtEFs-uXs@&A"
"ai.dredge@edu.tbz.ch"|"LSu@XH-#V9gCI-OTBjxL"
"megane.mussard@edu.tbz.ch"|"tuiUIX-aYs4IM-uYCxnI"
"esbjoern.gowrich@edu.tbz.ch"|"IpS8Mj-9E@0OK-mWBcZJ"
"boerje.brislawn@edu.tbz.ch"|"hxe08Q-PUxq3f-67K5Pn"
"becassine.wilce@edu.tbz.ch"|"1S5t1U-hMFPTh-RJmCr2"
"personnalisee.oels@edu.tbz.ch"|"LDgPHi-ItLYni-mfox$K"
"verane.pett@edu.tbz.ch"|"28uPRw-EpMZWi-@wx#uc"
"marylene.glewe@edu.tbz.ch"|"D7lRzX-Pj4d0v-l4unKf"
"lai.elson@edu.tbz.ch"|"VFbgIt-r5W%WJ-lZyQHq"
"serena.difranceschi@edu.tbz.ch"|"sERwa4-rCPl10-YwUJE4"
"lie.espinel@edu.tbz.ch"|"$9snPn-LA66z7-FU#Zla"
"marylene.fantini@edu.tbz.ch"|"am8ed$-&dGHGE-#KPvBr"
"andre.archdeckne@edu.tbz.ch"|"Qqt8nA-BSJO0R-3sosTa"
"goeran.bohlingolsen@edu.tbz.ch"|"f48oVP-nh#GDd-&xVCda"
"cunegonde.heffer@edu.tbz.ch"|"CSSJ9q-kU6wq3-6JTDJx"
"tan.fechnie@edu.tbz.ch"|"&pTETE-HZKmc4-uwh#26"
"marie-noel.brammar@edu.tbz.ch"|"X6iQA7-2MAkqV-8is#3w"
"simplifies.aven@edu.tbz.ch"|"ali9YY-69WP5d-fLVmWh"
"melys.pinchen@edu.tbz.ch"|"NRlcV0-d4avsj-DRuHSJ"
"edmee.joyner@edu.tbz.ch"|"G48rcq-c$skWk-eHWH#D"
"berengere.edess@edu.tbz.ch"|"&J7K8O-TZVQ7H-HUpNtp"
"marie-noel.goward@edu.tbz.ch"|"CTNFS5-gorxyM-FHKVIr"
"ju.edmons@edu.tbz.ch"|"FGgBYJ-VELjr2-kSNNUh"
"frederique.airds@edu.tbz.ch"|"j@tQ&K-%Wl71@-y3wvkH"
"reserves.dauby@edu.tbz.ch"|"k%2o&E-OuU%jx-C6AS3t"
"hakan.gynni@edu.tbz.ch"|"3jnf9z-%RtYRA-7p866H"
"leonore.pinwill@edu.tbz.ch"|"q6q1Fo-8ZaAXn-B6S82N"
"marie-eve.mcallan@edu.tbz.ch"|"VWkjPc-MJs4NS-AD6zR@"
"naelle.yeabsley@edu.tbz.ch"|"Aw&oVA-Qjy0Su-#qmm9r"
"nelie.jacobovitz@edu.tbz.ch"|"P%Aj83-cj2#a0-B1xL$Z"
"adele.conelly@edu.tbz.ch"|"ClX@cO-JbXYSJ-4P1RTj"
"clementine.dondon@edu.tbz.ch"|"ec5JQs-%$d@l$-TVZ3Ia"
"zhi.willcot@edu.tbz.ch"|"q4I&py-qMg6kF-D$HRDU"
"chloe.janicki@edu.tbz.ch"|"edvpYj-R8rGYT-z39m1l"
"meng.linde@edu.tbz.ch"|"OF$UNx-V@NN74-iJPLOg"
"celine.janisson@edu.tbz.ch"|"$gn14z-&I1QZx-QXjMrB"
"clelia.crow@edu.tbz.ch"|"hfYXkB-Ay$mrQ-d1nDe0"
"cecile.pyott@edu.tbz.ch"|"JVo#ME-hmbI8p-hiizLY"
"ma.fidelus@edu.tbz.ch"|"fGn$XU-Ww2mo9-0HeaOE"
"marie-helene.poore@edu.tbz.ch"|"KHqon%-#5fWZh-Y%8TvM"
"elies.blanket@edu.tbz.ch"|"jBN02l-CmuiNU-iPkg2R"
"yu.boyer@edu.tbz.ch"|"@RpftL-#2ts64-M0jfVl"
"celia.welds@edu.tbz.ch"|"Ecf0V#-ZkMYiB-76Z%Yr"
"du.gunney@edu.tbz.ch"|"HLxNn0-8BoUKG-zjM8UH"
"goerel.crush@edu.tbz.ch"|"D6BHkV-YkDqGt-867sv2"
"marie-josee.brosius@edu.tbz.ch"|"3CHcY6-ESuJbx-Y&Lv@K"
"camelia.adds@edu.tbz.ch"|"mgcEKJ-G#07E1-W68%oh"
"anae.irwin@edu.tbz.ch"|"vnI2QP-z9FAbI-ziUhPS"
"cleopatre.skeffington@edu.tbz.ch"|"8d6N1L-mu&GlZ-LymqC%"
"gerald.suggate@edu.tbz.ch"|"45&HX$-j3qUmq-xc9#0C"
"laurene.tailour@edu.tbz.ch"|"FEiMmR-I%k13B-AWUPYH"
"amelie.hoble@edu.tbz.ch"|"xCB3GG-SZa4OV-vEcTA%"
"venus.getch@edu.tbz.ch"|"MWs1CR-MnkiM%-$xhjB9"
"renee.treby@edu.tbz.ch"|"uC2Ddu-z6%2#D-9fF@pw"
"almerinda.stait@edu.tbz.ch"|"uwin6L-Km83aF-UYQJ0B"
"andree.reddecliffe@edu.tbz.ch"|"aCTtVj-P5aBfe-GzYO#4"
"leone.wintle@edu.tbz.ch"|"jeeBhW-ZCy5nD-l0grHy"
"gerald.fellow@edu.tbz.ch"|"MpM9Rp-$d5gHt-zrt4IG"
"ju.gudger@edu.tbz.ch"|"rdoFbb-C#VBzQ-Jw09qL"
"meng.ohaire@edu.tbz.ch"|"lcSkyO-iAkjnv-$F0Eqb"
"cleopatre.missington@edu.tbz.ch"|"io&HUw-3F$h&L-MbOZG9"
"annotes.debruyn@edu.tbz.ch"|"YgA1be-WkUYTZ-@k&MdF"
"gerald.sinisbury@edu.tbz.ch"|"HE2nT1-0&LjwW-EMbZ0K"
"creez.slora@edu.tbz.ch"|"@F1nPN-X@Zxq4-ybsAg#"
"gisele.benbow@edu.tbz.ch"|"SNC6vO-trxSM@-ZX$zg$"
"pal.dossit@edu.tbz.ch"|"92PZB7-GfVPuA-TtKq7v"
"nelie.stirrip@edu.tbz.ch"|"p9Q7mP-k6BxGO-gcg363"
"alois.ocrigane@edu.tbz.ch"|"ianT4w-yfSyP8-8O&J7J"
"kui.mcterry@edu.tbz.ch"|"SHh8WT-5vcB#j-I#NQe6"
"long.willgoss@edu.tbz.ch"|"0qEtdQ-8FLiiJ-SE0Stq"
"francoise.sumpner@edu.tbz.ch"|"25bs33-pxhVBK-zyMJs5"
"maely.grinstead@edu.tbz.ch"|"w5fYpz-eBS2jL-jfp@9Q"
"creez.langeren@edu.tbz.ch"|"DzCe1D-zzu9TW-oavl0c"
"adele.dungate@edu.tbz.ch"|"iH$wVm-U2pnqk-$8E%G%"
"cleopatre.noirel@edu.tbz.ch"|"a7sKUK-U6BDao-rA8DHW"
"interessant.daverin@edu.tbz.ch"|"T9NfFS-Ioto9Y-gCaitB"
"naeva.kalderon@edu.tbz.ch"|"bvWLCF-Pcy@dt-shXQJV"
"anais.oshesnan@edu.tbz.ch"|"p7vxMJ-j%my@p-2uOi#F"
"judicael.anelay@edu.tbz.ch"|"Q7Ymf0-H2VwNa-evYzbc"
"eloise.braxton@edu.tbz.ch"|"tTH1hI-Fo16eV-0k9KFI"
"desiree.greguol@edu.tbz.ch"|"CD0JRJ-zbthwK-20K$me"
"maite.mcclenaghan@edu.tbz.ch"|"PTQmCU-moCSCN-TXnxbc"
"meng.doret@edu.tbz.ch"|"$atopN-Qs5I0j-GS8C8s"
"frederique.chippendale@edu.tbz.ch"|"v$&IWH-A4SF0u-CQsWNj"
"andreanne.lanney@edu.tbz.ch"|"9d&Sn8-OccRiL-j45z8z"
"aurelie.claus@edu.tbz.ch"|"%Z%nyT-fx&hKe-TMg23V"
"renee.pabel@edu.tbz.ch"|"EqF&cm-fqalIA-E9Kfpa"
"maena.roust@edu.tbz.ch"|"11dDdq-1fn8Wy-K7G8hX"
"nadege.carwithim@edu.tbz.ch"|"4969rM-JpaxQr-y8aeBJ"
"solene.geyton@edu.tbz.ch"|"&@IBLb-69t4Am-paylTt"
"dafnee.avraham@edu.tbz.ch"|"KTnObq-Aj&cmL-jM$ZJp"
"leane.woolvin@edu.tbz.ch"|"NF5EyD-%37A24-EW04l7"
"adele.macadie@edu.tbz.ch"|"jmuQ8&-9Xylfu-maezZp"
"meline.rubica@edu.tbz.ch"|"QKHkDF-@hA06l-y9D0D2"
"marie-noel.speeding@edu.tbz.ch"|"pPAMZM-ZoYqIK-IxG@s$"
"nelie.mix@edu.tbz.ch"|"kDTS6W-koc9fz-ID5e2d"
"clea.ollett@edu.tbz.ch"|"vfG9wf-rk3fxf-MIeIwb"
"leandre.mcgavin@edu.tbz.ch"|"4FC0fL-tGGwrR-4b9a6A"
"cecile.behne@edu.tbz.ch"|"YhCjkn-IFF4wu-7RxB8N"
"melanie.polle@edu.tbz.ch"|"p&53O6-gKDRm&-u57D&j"
"marie-josee.titmuss@edu.tbz.ch"|"5$xpgo-HRL@aK-TvkbVj"
"helena.guest@edu.tbz.ch"|"iUiJ9L-SITPMd-SNujR#"
"annotes.chicchetto@edu.tbz.ch"|"TY$DAc-vNUvMZ-E%#PlA"
"melia.tubb@edu.tbz.ch"|"5kZTc2-$AqnE5-Y&tH4o"
"angelique.casetti@edu.tbz.ch"|"dIEQyU-918z4%-NQowux"
"cunegonde.cleall@edu.tbz.ch"|"yCxmPJ-JjlZ3D-1H@d#@"
"camelia.oaker@edu.tbz.ch"|"wjekCR-5$RNVA-jrsEGw"
"you.searight@edu.tbz.ch"|"EKkgNW-K7K&jj-JHpBl$"
"kevina.dederick@edu.tbz.ch"|"F98P$G-v0k8#w-u22MVh"
"milena.jeffrey@edu.tbz.ch"|"29&I$u-FVDoLV-kIM3&r"
"melodie.barkshire@edu.tbz.ch"|"fpTi9e-HiSeYM-gX1yKA"
"gaelle.kreutzer@edu.tbz.ch"|"WIzsUB-w5e1I4-Kf2oq%"
"kalliste.kleinpeltz@edu.tbz.ch"|"nPBcLt-9767%&-XU2QK@"
"clementine.danat@edu.tbz.ch"|"nGC2Hn-MlPYM8-Lz34YR"
"andrea.wabb@edu.tbz.ch"|"i6$Cek-OlvNhe-$t1Vop"
"geraldine.piesold@edu.tbz.ch"|"7inT5M-HRdhEa-j#XES@"
"tan.fiveash@edu.tbz.ch"|"bi7CPL-Fdu&mQ-kFoHXN"
"meline.yuranovev@edu.tbz.ch"|"zWDLBU-Iyi648-FUVI%f"
"therese.holme@edu.tbz.ch"|"fWrTt0-GOpksI-J6IYI@"
"salome.vaney@edu.tbz.ch"|"qdKMUL-4ws6t$-IdXW6@"
"anae.abramson@edu.tbz.ch"|"oG03OP-f6PIZr-X04Ebd"
"kalliste.jimson@edu.tbz.ch"|"pdbrzs-YJR1NR-MB%ob0"
"selene.yole@edu.tbz.ch"|"AWZ$&a-yfZxVL-bYBUBE"
"agnes.defraine@edu.tbz.ch"|"RMpYq4-PJFQFG-UlbBaK"
"faites.mccluin@edu.tbz.ch"|"%BZL$j-#s@ekp-vbxDMr"
"athena.deme@edu.tbz.ch"|"V975Mf-gitU%o-DSl89u"
"daphnee.brigstock@edu.tbz.ch"|"2xasHb-&jHbJt-e$3skO"
"goesta.skaif@edu.tbz.ch"|"jfDOy3-aVqvU4-bp@$FM"
"oceane.jagoe@edu.tbz.ch"|"n0Jb6B-oXZGTK-XwMzhb"
"annotes.broomhall@edu.tbz.ch"|"CWY6WQ-W0awG8-ojj8Ti"
"marie-eve.ballendine@edu.tbz.ch"|"UIRmBS-C1@T1F-uPTLt0"
"melina.spykings@edu.tbz.ch"|"0kd5fv-CqN#Oz-6cco$3"
"laurene.ticehurst@edu.tbz.ch"|"XfjYCd-$gDcV3-FaDlv9"
"fei.avramovic@edu.tbz.ch"|"GHULMb-RE9xuf-UdCIw$"
"publicite.strathearn@edu.tbz.ch"|"6jxVNK-ABHEU3-RPfxms"
"torbjoern.garrow@edu.tbz.ch"|"YM%9@#-z7CAJ6-i7F5RW"
"chloe.rubinsztein@edu.tbz.ch"|"PP9klb-T27PdF-zykjj@"
"mylene.demanche@edu.tbz.ch"|"3j77Aw-HP1$PQ-ysZ7eA"
"mediamass.godlonton@edu.tbz.ch"|"BJgcvU-xizx86-&eM7z7"
"renee.shurrocks@edu.tbz.ch"|"e$Z1tU-Y%178@-JyKW&n"
"maiwenn.jedras@edu.tbz.ch"|"l3TVgW-jfpDpQ-T&8NPc"
"genevieve.castells@edu.tbz.ch"|"Hcp#kq-H#d3no-AU9EFg"
"renee.sneden@edu.tbz.ch"|"f2v$yi-LJ3Tux-dXq@Qm"
"lai.mccallion@edu.tbz.ch"|"ogLB5e-N4WFX6-VmBkm5"
"kevina.impleton@edu.tbz.ch"|"8SRddP-Xvjiqb-ADfbxQ"
"oesten.fresson@edu.tbz.ch"|"6vpy$L-wdKmia-zmwicc"
"verane.shawley@edu.tbz.ch"|"q9xNSM-H18IP@-9q9I4x"
"uo.sjostrom@edu.tbz.ch"|"AdPn3o-kB4hHz-qWDSr1"
"gisele.gothup@edu.tbz.ch"|"xr159L-dsRHJu-LwS&Tl"
"renee.beauman@edu.tbz.ch"|"U8ONkv-x7etsQ-j7A@7e"
"elies.loton@edu.tbz.ch"|"OUCWSW-V8IRf8-vgY2WX"
"valerie.elsmore@edu.tbz.ch"|"7ESk5K-DXUUwZ-Dg6siS"
"berangere.delafeld@edu.tbz.ch"|"KuJFyn-zN0vHL-nlszY1"
"bjoern.schimke@edu.tbz.ch"|"t6pDfB-cqe2ge-Z9lhOw"
"loic.ericssen@edu.tbz.ch"|"TvEjQC-ldKs5v-7xDWxU"
"creez.richarz@edu.tbz.ch"|"Xr6dHA-T4Nwbk-VVCqAR"
"athena.grocott@edu.tbz.ch"|"5t2aiD-938Ty@-3&Cm2o"
"naelle.piotr@edu.tbz.ch"|"n60shE-JgsMlz-btnb@M"
"maella.paulson@edu.tbz.ch"|"dkN4&c-T5oXa9-odcS08"
"song.perot@edu.tbz.ch"|"37%Q%i-Ace@9g-RKoOZJ"
"kalliste.heckney@edu.tbz.ch"|"OFdby@-uW8Kvh-WE9ljR"
"ake.vasyutkin@edu.tbz.ch"|"HckSkl-Ve#u&v-l8OYAu"
"ma.castles@edu.tbz.ch"|"7UK3lk-nMOxQl-ObQjrP"
"maely.monget@edu.tbz.ch"|"d2EUt5-7lYUOI-1oq#L3"
"tang.durbridge@edu.tbz.ch"|"$#%@VP-CVPHru-W%zP00"
"laurene.andrew@edu.tbz.ch"|"HAPGqd-bAPBrA-yGhjt9"
"lysea.beacon@edu.tbz.ch"|"1@JP5i-r097&F-KsPK&c"
"leandre.peyntue@edu.tbz.ch"|"TZZ0Ax-ANunDf-oVAVih"
"rao.trever@edu.tbz.ch"|"M8$hB9-4jtozT-SBw$0P"
"mahelie.streader@edu.tbz.ch"|"Daip3w-Lo8r@7-gPD8aq"
"maerta.andrejevic@edu.tbz.ch"|"97DlFH-%b5AHT-bGL8rz"
"goesta.tompkins@edu.tbz.ch"|"#xYEVE-nw$Y@9-a4Wh&g"
"helena.agates@edu.tbz.ch"|"aPNg%z-K@$ODJ-4bolgS"
"therese.glass@edu.tbz.ch"|"timfMu-Yhewa5-qLFTSU"
"alois.foan@edu.tbz.ch"|"rqvaBH-TxOrlc-kMPKjE"
"becassine.melchior@edu.tbz.ch"|"O2ts86-sxo69H-J6Jq7G"
"cloe.robart@edu.tbz.ch"|"RqdMZ%-ISY9VV-2V7Xgq"
"daniele.puckinghorne@edu.tbz.ch"|"f43clw-grrxWy-39z3UB"
"selene.cammidge@edu.tbz.ch"|"p&gZCk-2Fg2fn-dFiMt3"
"regine.conochie@edu.tbz.ch"|"FsSVIJ-Dg3s4H-amAKLK"
"interessant.tuiller@edu.tbz.ch"|"I3FqsB-JEfGHE-QICz@x"
"long.tiebe@edu.tbz.ch"|"twAMgc-jNjNwx-tfC620"
"mans.yele@edu.tbz.ch"|"1P##Zf-Xjgwsr-uyXP4$"
"ai.giles@edu.tbz.ch"|"2lGvwg-eEG61z-3PpAmE"
"gaetane.hamberston@edu.tbz.ch"|"#d3b2w-jlFyht-i0p&QO"
"marylene.fenix@edu.tbz.ch"|"&Xs7f5-3DteAh-3A#Afu"
"geraldine.graeme@edu.tbz.ch"|"lYtC0Z-qTHPAu-fC&@ya"
"tang.kinglake@edu.tbz.ch"|"q36voa-EHX%TE-nYcZUL"
"lai.challoner@edu.tbz.ch"|"sMiV#b-K%vMQb-G9ZuIg"
"desiree.mattei@edu.tbz.ch"|"HJxy5f-c91MlQ-e9n7tU"
"ake.erley@edu.tbz.ch"|"SKqnIB-$r4ge6-HivjJ4"
"edmee.cavil@edu.tbz.ch"|"DEnX4J-bWcQ&#-EmOqLs"
"alois.moyes@edu.tbz.ch"|"@qdNuH-gUrJ1f-TAYPAu"
"becassine.pitman@edu.tbz.ch"|"nxCHNF-L3lL0i-g8NPuy"
"ai.giacovelli@edu.tbz.ch"|"VKUW6x-POZe@M-DCTjbG"
"judicael.fruchter@edu.tbz.ch"|"6S1%VM-GULqsd-ES#FeP"
"mans.mogg@edu.tbz.ch"|"bsV6be-KDy1c&-RD2l7W"
"gerald.foyle@edu.tbz.ch"|"Ul&Q5A-X8laA5-N1tD05"
"wa.androletti@edu.tbz.ch"|"SiESB&-Upei6M-QB12da"
"meng.ollett@edu.tbz.ch"|"T0Jilq-K8gwMj-@m&G3b"
"naelle.macmenamy@edu.tbz.ch"|"gfEcV3-DpFii@-Y2xt9V"
"gisele.mcramsey@edu.tbz.ch"|"zvXYb0-k#0Fxq-WR#wNB"
"meryl.scolts@edu.tbz.ch"|"P8U1Ty-EDtzMc-qksFjD"
"celia.bloxsome@edu.tbz.ch"|"T3s6O3-knWWve-qnz&aC"
"styrbjoern.stuke@edu.tbz.ch"|"3LjZbq-ZhoFw0-zhUu3J"
"felicie.gwilliam@edu.tbz.ch"|"Xl6McD-YIHo&W-@3d%fA"
"da.harms@edu.tbz.ch"|"rj0eMI-rbB%Db-HYYDLy"
"celestine.baulk@edu.tbz.ch"|"TYnIwD-yIjqC8-K&Bt2R"
"mahelie.blackledge@edu.tbz.ch"|"@FJhoE-Q4O@WS-j&s$Dg"
"meghane.salt@edu.tbz.ch"|"cYKPGF-6n3ZBA-eTMZ9$"
"methode.paxeford@edu.tbz.ch"|"XGjTbO-1KO6Ok-JKLhmR"
"asloeg.milligan@edu.tbz.ch"|"2aHK0L-xir4eo-QYgoq%"
"you.pellman@edu.tbz.ch"|"3NHCs@-5MHegw-uOpIdw"
"loic.regenhardt@edu.tbz.ch"|"058Qir-hgsJu0-Ph18tl"
"daniele.savill@edu.tbz.ch"|"P8zyEH-UemrzC-AvtZsy"
"alois.cornu@edu.tbz.ch"|"A6OROr-AI%lSx-qMTwWE"
"oesten.govey@edu.tbz.ch"|"gGmFFC-N@@NM2-SKC#0W"
"marie-eve.louch@edu.tbz.ch"|"z6yYMF-ogefgT-uqHJ55"
"theresa.wenn@edu.tbz.ch"|"IPvi@Z-gFDNRe-&Pv@hQ"
"andree.eul@edu.tbz.ch"|"qQ8r3@-beUqu8-W5YbI%"
"lie.paynton@edu.tbz.ch"|"3QWA2s-UVWlGb-U3Ye9U"
"marie-eve.girodier@edu.tbz.ch"|"3ABYX$-rrfiiZ-o$ggqb"
"marie-noel.smithe@edu.tbz.ch"|"FBPQvl-JCtwBd-Gn$DVc"
"men.bootyman@edu.tbz.ch"|"rhdwCl-%VhwIu-4il3&V"
"ku.sugg@edu.tbz.ch"|"B5q77Q-XHb5IZ-hP0YsX"
"lucrece.roseman@edu.tbz.ch"|"$aNmzq-jLr#Bo-yQzLUc"
"zoe.annear@edu.tbz.ch"|"SU$j$K-bKVU@T-OVMorE"
"marie-helene.rennebach@edu.tbz.ch"|"GZrD07-b3Y332-t5nwMI"
"lea.djurdjevic@edu.tbz.ch"|"#0Mqgk-#J#@R8-O8kr3l"
"goerel.robert@edu.tbz.ch"|"Xtk$0q-H4o9&Z-bz0ScI"
"mylene.foldes@edu.tbz.ch"|"J1w4Jn-Ao2TXU-jXKZAP"
"faites.clegg@edu.tbz.ch"|"Cfew5s-RT9&a3-sTyVT#"
"marylene.crowcher@edu.tbz.ch"|"$Ceo%X-omu6Jy-VJCpXk"
"aimee.wimpeney@edu.tbz.ch"|"a@AYMH-8q9rYm-0hQyps"
"renee.atkins@edu.tbz.ch"|"2&6KQU-iCpM8#-TVtcO7"
"rejane.cainey@edu.tbz.ch"|"rGAiIh-QnurcG-CT6hJB"
"solene.britney@edu.tbz.ch"|"5g%4ez-JrAtAo-8ZWus4"
"marten.shatliffe@edu.tbz.ch"|"byVnCJ-Mu#vFe-uRigTs"
"maite.issatt@edu.tbz.ch"|"PYiADv-DqEPTn-&l%k6p"
"maelyss.edon@edu.tbz.ch"|"GNVjWR-VEIO0q-2OEYaf"
"nuo.bamling@edu.tbz.ch"|"OGCWML-&U3$NU-6Z1TPP"
"anais.edards@edu.tbz.ch"|"4fEYAL-zwMZfC-L58aK9"
"mediamass.bromet@edu.tbz.ch"|"xYfMv1-rtzsfO-#0RrwD"
"beatrice.kimbrey@edu.tbz.ch"|"J$fZ&h-4RomW&-uiyJ8w"
"ines.lawranson@edu.tbz.ch"|"HEHXrF-Eg$Wmw-FzLU8I"
"kalliste.scandroot@edu.tbz.ch"|"dL5lxr-i0CG4h-7P$NJ@"
"mans.barrowcliffe@edu.tbz.ch"|"yUtib4-%4sL5B-#jupbr"
"irene.couves@edu.tbz.ch"|"H8BrAT-73MaMw-aXDw3V"
"milena.mucci@edu.tbz.ch"|"&Tuqvs-ojuSgN-0nG%2K"
"naeva.cow@edu.tbz.ch"|"fVicK6-n#pA8o-KpwilE"
"audreanne.mournian@edu.tbz.ch"|"%rGx@G-0zRhdi-$@LCz@"
"melia.sinnatt@edu.tbz.ch"|"WNjmmY-IQsLQE-s4AFKU"
"nelie.burnard@edu.tbz.ch"|"3TfX3O-92uMCa-4l428M"
"clelia.ashfull@edu.tbz.ch"|"hBHrVY-8cGYZk-31q8&S"
"lie.macard@edu.tbz.ch"|"MYfj0k-ofO9%h-ho0dZ7"
"valerie.matoshin@edu.tbz.ch"|"zZXLYj-MDWx9X-@ClFW2"
"anael.hatherleigh@edu.tbz.ch"|"3fy5%R-D#Dlz#-jqDGnE"
"interessant.warratt@edu.tbz.ch"|"X59q3O-h$wNqz-@6$ZIs"
"eleonore.volage@edu.tbz.ch"|"CJkdps-9an1fq-P1Ukg$"
"zoe.stebbing@edu.tbz.ch"|"vPMDqf-fE1HDR-RvkCMt"
"alizee.nye@edu.tbz.ch"|"HIkm0o-usgNQA-#vHU0i"
"celestine.bramley@edu.tbz.ch"|"uOb&b4-CQ$Y96-xrLSCA"
"selene.philcott@edu.tbz.ch"|"kO%4Yg-UyZXDe-1Gh2l4"
"tang.newens@edu.tbz.ch"|"gBE8Jh-1q5MZi-ffWxoL"
"annotes.powys@edu.tbz.ch"|"nT74MF-WY@B&M-QUvYrf"
"lea.matthesius@edu.tbz.ch"|"0$xnob-6nP1Mm-VMQHdc"
"illustree.garlett@edu.tbz.ch"|"8yFRie-XidpD9-%XhH7o"
"maiwenn.meachem@edu.tbz.ch"|"T5iKob-biU%$@-XJEKN3"
"marie-francoise.mcbrady@edu.tbz.ch"|"ai14%C-t1alIu-tL8U2u"
"illustree.gimbart@edu.tbz.ch"|"%5Sse9-D0Io8V-$p#Lde"
"melys.lyosik@edu.tbz.ch"|"Y#Rjo9-22ngpu-U4LaqC"
"marylene.mcnab@edu.tbz.ch"|"ESVeuM-Ayw2jX-ek42Vq"
"gerald.blount@edu.tbz.ch"|"ZKA0%k-Pskc7V-lmPOtb"
"clelia.shakelade@edu.tbz.ch"|"%PF%kf-b7llKi-NHlJLf"
"penelope.cridlin@edu.tbz.ch"|"9Nx3JB-&eyb%f-OrHy8D"
"maena.okuddyhy@edu.tbz.ch"|"ysJtVK-Xcd05l-v6&WMS"
"athena.keynd@edu.tbz.ch"|"0JRhB&-#4oUYN-m&kO%A"
"cloe.dwine@edu.tbz.ch"|"XYAxn@-Cmms54-HKa@W@"
"josephine.browett@edu.tbz.ch"|"E3u@k7-sLkiO8-h34JpR"
"audreanne.oscanlon@edu.tbz.ch"|"7Wzzd5-sroDBu-%0@TzR"
"fei.jeanequin@edu.tbz.ch"|"NhDUeg-oX%J8I-C#lxmh"
"lois.gormally@edu.tbz.ch"|"le9W2Q-XIRwOE-E2y0xk"
"marie-francoise.finnigan@edu.tbz.ch"|"arG0gN-C4G&1O-@@engU"
"leonore.trussman@edu.tbz.ch"|"xlE13G-4ME5NH-Cu#@tL"
"anaelle.trumper@edu.tbz.ch"|"Pg4bMa-d0kZV4-MOP5U3"
"clemence.dionis@edu.tbz.ch"|"hYM3Hc-&SXw@&-hWU5ON"
"lois.tranmer@edu.tbz.ch"|"xK5jKR-edVAAJ-Y@7X3J"
"interessant.volett@edu.tbz.ch"|"QP&G26-&UgF1j-BTC5UX"
"personnalisee.deackes@edu.tbz.ch"|"PlgzI0-a4#bRe-eCR%mV"
"lie.vasiliu@edu.tbz.ch"|"macQDF-@r@7e&-FlQJd@"
"dafnee.lamputt@edu.tbz.ch"|"dxuEHx-hwUXpp-nXdd3d"
"elies.bromige@edu.tbz.ch"|"8w8FST-$1V@PO-S4A5cK"
"helena.klosser@edu.tbz.ch"|"pycvzR-WvuVyx-&KPtbL"
"andree.grim@edu.tbz.ch"|"9tTX#P-v&QgdA-ygkxS5"
"verane.coldbath@edu.tbz.ch"|"4cnhC0-tF#y8a-K8sGmz"
"helena.bethell@edu.tbz.ch"|"WQSYeL-Syqxh9-B0TeRM"
"kalliste.carefull@edu.tbz.ch"|"lOpOjg-iQub@o-myCnpP"
"regine.odams@edu.tbz.ch"|"30GMWm-A$Tuhr-YYPIxd"
"len.stannus@edu.tbz.ch"|"2#A3R2-Rh3mbL-%gBJ7b"
"angelique.works@edu.tbz.ch"|"&@kAax-kriZQW-QPozTT"
"goesta.rheaume@edu.tbz.ch"|"$lRgGr-WAHQ3b-NvxJU1"
"maelys.tynnan@edu.tbz.ch"|"4q$QaB-N7Awln-GkiAYZ"
"maelle.carlesi@edu.tbz.ch"|"RJwYy&-N2RI6e-gYiwWZ"
"anael.spurden@edu.tbz.ch"|"$Cf61c-0A6awQ-NY%m&9"
"helene.pumfrett@edu.tbz.ch"|"ZTbfNB-&Y4yxR-1fzF7s"
"goerel.pearn@edu.tbz.ch"|"j#i24E-SXa5gY-ZlBrlh"
"laurelie.dezamora@edu.tbz.ch"|"wVqqsk-o3kIg8-wtbfrY"
"yao.twidale@edu.tbz.ch"|"mMc2wP-287bJo-NM0vxN"
"berengere.sola@edu.tbz.ch"|"Cypztp-c0M60@-c@lpm0"
"maelann.hardistry@edu.tbz.ch"|"vS6zQM-EUP9lW-0QxH9f"
"severine.littlefield@edu.tbz.ch"|"HRI0f&-LOF8Jx-VaplDy"
"salome.heinl@edu.tbz.ch"|"rN#d4O-WUUvrW-lh4rbk"
"meryl.warbey@edu.tbz.ch"|"$cwRB1-R@S5ng-6iiJGz"
"da.hunstone@edu.tbz.ch"|"D&jlDF-8Vbrqj-ibDJFM"
"venus.broadbury@edu.tbz.ch"|"@8wOC2-GO1OJM-wN#2Ri"
"meghane.rentelll@edu.tbz.ch"|"JClTzy-MCX#66-ZbCVvR"
"marylene.drewitt@edu.tbz.ch"|"ty@mu%-NTWRCp-geCNJ%"
"melinda.jacquemet@edu.tbz.ch"|"7dE91h-9xZgn%-71S2DT"
"marie-josee.keyden@edu.tbz.ch"|"W6eszt-O0WCp5-gPBI69"
"asloeg.montacute@edu.tbz.ch"|"9$tZuE-62NpTQ-x$Tl79"
"ku.andreou@edu.tbz.ch"|"@h5L7q-OnSoxf-7EqIoi"
"personnalisee.feaveer@edu.tbz.ch"|"9lUHQ5-IyxJZD-p#oSux"
"laila.emptage@edu.tbz.ch"|"KSLj%w-am6aIg-kHgMUY"
"bjoern.dawdry@edu.tbz.ch"|"t#TXC2-DZ#8Sn-cioudj"
"marie-eve.dinsell@edu.tbz.ch"|"8Vu&lB-3ErlDk-p8dyrF"
"helene.follett@edu.tbz.ch"|"yF73U4-Pyyw5S-CIiT1H"
"penelope.cordero@edu.tbz.ch"|"iuSx$n-eb#Lni-aBfvt1"
"boerje.beedell@edu.tbz.ch"|"WVA501-XVeA&a-1y8yEc"
"nelie.ferne@edu.tbz.ch"|"bgrlUG-53cVtV-qvf04d"
"celine.ahmed@edu.tbz.ch"|"XlTX%B-Bc5aMS-nJepCI"
"stevina.pimblett@edu.tbz.ch"|"w#TUXW-bvwniU-B@Yo2W"
"chloe.langlands@edu.tbz.ch"|"pxRTFM-DWpvBY-XLO4H6"
"simplifies.maude@edu.tbz.ch"|"CZRgm&-S6&z4d-PiL@9K"
"genevieve.decarteret@edu.tbz.ch"|"Da2glL-vWRnKd-38AKPc"
"marylene.mughal@edu.tbz.ch"|"Wd67&T-Ie&p3B-Dunr1a"
"goeran.guttridge@edu.tbz.ch"|"H6Iw@O-mMJhWP-GOotAa"
"michele.smurfitt@edu.tbz.ch"|"BOenlB-OvI0Bw-uuOVIT"
"methode.hadeke@edu.tbz.ch"|"mb19Na-czWZHb-X$Diyd"
"therese.rispine@edu.tbz.ch"|"#FKBzq-@FwfO7-BfavQk"
"goerel.plumley@edu.tbz.ch"|"uTjUg3-xsmgtu-UpvtCw"
"oceane.friett@edu.tbz.ch"|"AZSWWc-6w$mCS-VbCrqW"
"marie-noel.achromov@edu.tbz.ch"|"R9sGJ0-1othBq-g6DGXy"
"dorothee.storek@edu.tbz.ch"|"p352uh-LooFLn-Xcloij"
"goesta.whittle@edu.tbz.ch"|"tT1iY1-gFGt7o-j$dflB"
"desiree.casely@edu.tbz.ch"|"A3@YGU-DTUsXm-2qfl#4"
"felicie.condon@edu.tbz.ch"|"lB&Qxf-&oa7Du-WCBZ%M"
"maelyss.frisdick@edu.tbz.ch"|"wRK9yR-l6PmV5-NtZfdd"
"aimee.banke@edu.tbz.ch"|"ayycAI-ixyZRM-zQ40Ue"
"naeva.hodcroft@edu.tbz.ch"|"T7wLL@-mBimxx-imtcdW"
"laila.gerrans@edu.tbz.ch"|"Z44V4L-QKvMhw-Be@CCm"
"daniele.scrimshire@edu.tbz.ch"|"EMPgSs-Ez3gKa-dN7yuV"
"daphnee.sheerin@edu.tbz.ch"|"6kN&Ul-1PwMfN-IrnEYq"
"pal.vanyukov@edu.tbz.ch"|"f1ue5c-ibWuTU-zKj@qc"
"zoe.childs@edu.tbz.ch"|"MzTGq4-5fZx6v-r7HVq7"
"ai.corde@edu.tbz.ch"|"O9dJCF-bSp5is-w0tS0@"
"maelys.berryann@edu.tbz.ch"|"2qy92a-u0Nr2T-etlOMV"
"cloe.gladding@edu.tbz.ch"|"37bGji-rch9FF-TQcoz8"
"wa.kinnaird@edu.tbz.ch"|"n$fg@F-BHY4#i-5AcWgm"
"publicite.brittoner@edu.tbz.ch"|"@PC1uM-zZF0rT-Iq@wEa"
"rao.windress@edu.tbz.ch"|"5#QzLJ-4Up%Is-R6d$rt"
"uo.kollach@edu.tbz.ch"|"cd3fht-byP5rv-6qJqVU"
"josee.peskett@edu.tbz.ch"|"@Qlodc-em%qmt-25N&fX"
"annotee.hasel@edu.tbz.ch"|"AcVd#c-qIEVm4-M687%W"
"cinema.lee@edu.tbz.ch"|"M0j98h-i5wO$n-K9cQhd"
"lai.vedeshkin@edu.tbz.ch"|"mksrcE-iR4@Kw-O1FEhp"
"renee.brisbane@edu.tbz.ch"|"Tlq%OR-S@0xql-3dQ1Il"
"ophelie.blincoe@edu.tbz.ch"|"$QzdUK-msKLQS-Q1UsTu"
"zhi.prazor@edu.tbz.ch"|"8N#zaG-lM6KcK-2oWbx$"
"annotee.maddicks@edu.tbz.ch"|"Eq7Jup-r@D3cJ-BM2ole"
"maelyss.codd@edu.tbz.ch"|"z4I3E#-K3oH7H-%mAPJF"
"celia.peplay@edu.tbz.ch"|"mx2MRx-rlbhvi-97WMdv"
"interessant.skone@edu.tbz.ch"|"8Ny$IZ-7nddHZ-%JZ0%f"
"audreanne.hebdon@edu.tbz.ch"|"c@bqv8-IdnCMi-HiPf9P"
"oceane.glen@edu.tbz.ch"|"mpF$&%-Qxuc2B-Xzc6G6"
"daniele.vanyushkin@edu.tbz.ch"|"K9aR9I-tI#$@S-%$W@9w"
"daphnee.ayce@edu.tbz.ch"|"su1E@G-bznq2a-X55CyW"
"andrea.attride@edu.tbz.ch"|"D%PVXv-@j0oHU-HzBOaI"
"penelope.bridgwood@edu.tbz.ch"|"JypYUG-aV&H&6-N99Y0n"
"mailis.drewitt@edu.tbz.ch"|"&rkNbR-hS3KY2-zfn7yB"
"penelope.mollene@edu.tbz.ch"|"xv$mWP-yleSm$-@#MPuh"
"illustree.keely@edu.tbz.ch"|"xfhmzJ-IF4p5r-o6aUEp"
"meng.brisseau@edu.tbz.ch"|"ag600F-lRwSda-5kwKUs"
"ruo.cleiment@edu.tbz.ch"|"c3b6ua-NQg5T@-BmxzIm"
"maite.krammer@edu.tbz.ch"|"Jj8&DS-Fl6#1z-%mCs$V"
"genevieve.verry@edu.tbz.ch"|"8mB8yo-dPcw1v-pKAvdE"
"lea.olochan@edu.tbz.ch"|"SCXPV8-E#23Sp-ez0cnM"
"naelle.brunnen@edu.tbz.ch"|"GYe#@P-u#EtCp-$uD@fV"
"goesta.bragginton@edu.tbz.ch"|"@XrFMS-t&#pGZ-LVBhSK"
"fei.danilyuk@edu.tbz.ch"|"tKSpp4-G2W%HC-D16t#3"
"adelie.turbitt@edu.tbz.ch"|"H9SzxI-@omrZg-UGprBy"
"marylene.nutman@edu.tbz.ch"|"&CldNy-e4K0n7-TgbWm$"
"therese.barbrick@edu.tbz.ch"|"mamG6#-7hHrMH-VHO#ZU"
"melys.kolodziej@edu.tbz.ch"|"pOleA5-VLQNgV-Jjn6@L"
"melanie.runchman@edu.tbz.ch"|"ihfEoJ-lWjp9L-%9RTRp"
"serena.lafond@edu.tbz.ch"|"U52sgj-UU%K0e-62EyLE"
"pelagie.desmond@edu.tbz.ch"|"FYN%0A-lx0#b0-4PiGA8"
"wa.spickett@edu.tbz.ch"|"66Xf5v-tP%6yB-0xmOiy"
"po.shave@edu.tbz.ch"|"rPqbXh-uf$g1B-xVza@s"
"song.huikerby@edu.tbz.ch"|"NiDKU8-ECweTb-ooR4RA"
"melinda.bimson@edu.tbz.ch"|"f&H7XW-cPE@#5-lclgiC"
"personnalisee.toffanelli@edu.tbz.ch"|"qACVfB-FBmk9a-@#KY4o"
"leandre.hurn@edu.tbz.ch"|"gTZ583-v1t6Sh-3pAblx"
"oesten.standell@edu.tbz.ch"|"#Dq@nn-SSk0Pc-UmLNKG"
"naelle.smaleman@edu.tbz.ch"|"aT#R%T-k8ePY$-v7VeS6"
"berenice.tayt@edu.tbz.ch"|"16qEyz-zBgPIE-rz0W34"
"kui.popplewell@edu.tbz.ch"|"JfXjtI-iTJ#Ra-5CPYL4"
"melodie.ferandez@edu.tbz.ch"|"q4XZD#-bYtdrc-rxiN%h"
"josee.negal@edu.tbz.ch"|"8BEbe6-x4BPdS-SR28Fc"
"melissandre.ferrelli@edu.tbz.ch"|"aZqZ7&-JvK0fJ-fG1Vvu"
"josephine.kemmer@edu.tbz.ch"|"FEkY#c-iI%1vZ-DTekbg"
"maely.cayette@edu.tbz.ch"|"50GCp7-msZjCT-KhvpKF"
"nelie.vela@edu.tbz.ch"|"EVJJ7w-&HNTWO-VC#X71"
"melina.cortes@edu.tbz.ch"|"uHEKY8-P6J6m4-XXeVXZ"
"megane.leyshon@edu.tbz.ch"|"gi4WGi-L&ZsFt-H9hh71"
"regine.harrie@edu.tbz.ch"|"8ddtJL-v2DcLh-QKXg0i"
"mylene.widdison@edu.tbz.ch"|"mFXcfz-DQosBf-zY7cRL"
"pelagie.vivash@edu.tbz.ch"|"5pkHJJ-NpLGA&-xpo%nM"
"styrbjoern.vicarey@edu.tbz.ch"|"JEtz$k-tBPnK$-jy&t6b"
"long.kyles@edu.tbz.ch"|"YwFsZS-Uqinju-ID0jQ7"
"stephanie.gipps@edu.tbz.ch"|"$m22$l-$sVh&1-w$t588"
"clea.constantine@edu.tbz.ch"|"WIpfDT-6rTG4O-n&wBq3"
"maella.cometto@edu.tbz.ch"|"M#06xc-Yr6ops-n4eiwL"
"laila.aubrun@edu.tbz.ch"|"SyfPIY-bmBn@E-&A6u$k"
"yao.austins@edu.tbz.ch"|"JqzM7A-WrjCmK-Wzb0d5"
"mailys.rylstone@edu.tbz.ch"|"@iM5w@-eqlHPd-p5z@a%"
"adelie.curuclis@edu.tbz.ch"|"m16U#7-i86#1t-NkS2wC"
"celine.longhurst@edu.tbz.ch"|"L1TnfO-Cm@arw-RzHkQZ"
"gisele.hazell@edu.tbz.ch"|"G7KyYV-cbnxIJ-f%KVmA"
"celestine.ciccone@edu.tbz.ch"|"#YJf%5-B3vyOh-MFr0sK"
"maelyss.doole@edu.tbz.ch"|"f%9wNo-Sq00p8-JzgeId"
"helene.grimsdike@edu.tbz.ch"|"AgP5t6-ufXYNc-u&oPrH"
"lie.macer@edu.tbz.ch"|"&PjE04-7K$Pvr-%PtlS$"
"maely.izard@edu.tbz.ch"|"2TYErd-&Xm8Ii-lrLOgo"
"erwei.breewood@edu.tbz.ch"|"aim$FH-Il82M@-wEXJvp"
"chloe.woolford@edu.tbz.ch"|"DfOAjD-JMUBAf-QC$$U#"
"cleopatre.turpin@edu.tbz.ch"|"Qn0p0b-N@5ng%-Tb1%mK"
"melodie.surgison@edu.tbz.ch"|"pn3iBs-7XI7NC-O8cwIg"
"elies.leander@edu.tbz.ch"|"fJ3#L7-z9J7tQ-@U5A8o"
"mediamass.reignould@edu.tbz.ch"|"iQO&qf-GQw3g$-$oX4dm"
"celestine.wasmuth@edu.tbz.ch"|"WThaBN-5v0ktQ-3Kk@3I"
"marten.jervis@edu.tbz.ch"|"GUiFp2-#Htp1H-b6lXSs"
"daphnee.bour@edu.tbz.ch"|"0YEseq-VUeWkM-eAJ3A5"
"regine.harlett@edu.tbz.ch"|"O9Zpew-#Y78wm-fvP&5G"
"noemie.macaskie@edu.tbz.ch"|"1VNm7y-jvCXdZ-GNdzgJ"
"loic.renfield@edu.tbz.ch"|"iEa&w1-t5tHUr-s7bpmg"
"venus.kleinert@edu.tbz.ch"|"vrrZC%-xCUcAU-gPNWe$"
"marten.burlay@edu.tbz.ch"|"Wjye0V-HmPnWS-gn&Fve"
"berengere.radsdale@edu.tbz.ch"|"jZC&kD-HoPExU-M%TlJ$"
"genevieve.duckit@edu.tbz.ch"|"kb5Vnw-uO$VFC-3Wu&jy"
"maely.ligerton@edu.tbz.ch"|"v43CkR-NqjXpJ-nVewPL"
"maeline.ricciardelli@edu.tbz.ch"|"IPL80d-YTkV60-Y5JCrD"
"personnalisee.yggo@edu.tbz.ch"|"Ci6dAF-XeFsv6-zNwMl$"
"alizee.pettinger@edu.tbz.ch"|"3YNcXw-QhDVK1-zQEMDy"
"desiree.curnnokk@edu.tbz.ch"|"@n6DTC-Uje4ke-4D0w%E"
"dorothee.minors@edu.tbz.ch"|"si17cZ-gIPm7K-Eju$MR"
"oceanne.kopmann@edu.tbz.ch"|"KlZz@Q-s8AWUB-yZriIe"
"almerinda.brodbin@edu.tbz.ch"|"z8oph7-wqC@eX-Rcbe8k"
"yenora.carsberg@edu.tbz.ch"|"Z$D8%M-o$$8A@-85s$9k"
"wa.beetles@edu.tbz.ch"|"URicZq-@o8$Rh-iwUb%j"
"audreanne.abbot@edu.tbz.ch"|"M2%LTs-E7qvXw-ZN8uL9"
"noemie.capper@edu.tbz.ch"|"pJkiDS-0PV&sl-LblCzZ"
"mans.abramamov@edu.tbz.ch"|"JjFBc3-Bf4v%O-iwOPas"
"audreanne.blakey@edu.tbz.ch"|"LT5k9u-Y24fqR-VhvHSZ"
"leone.klimpke@edu.tbz.ch"|"WIfn$l-rDdxWs-FYkC6h"
"lie.croston@edu.tbz.ch"|"a#dgR8-HYMVxY-pRNXBE"
"anaelle.baistow@edu.tbz.ch"|"aF16i1-Q$n6TW-ZSsJt7"
"michele.garwood@edu.tbz.ch"|"$Ox4DS-wwV1J8-rfzQJs"
"interessant.albion@edu.tbz.ch"|"4rU@Hw-0tY7&A-tO87Y7"
"andre.brisco@edu.tbz.ch"|"k7ELbe-RwjZHv-D6Ixvb"
"tang.totterdill@edu.tbz.ch"|"dEsSV6-uZjiB1-eBUs5z"
"marie-josee.braundt@edu.tbz.ch"|"S7OuNI-Ipl3St-AwMi4x"
"lois.galer@edu.tbz.ch"|"ATh73d-h2c0#v-&pPJRl"
"faites.pellamonuten@edu.tbz.ch"|"2roXcq-6NNxBI-5N4wr1"
"mai.barfford@edu.tbz.ch"|"82UZde-gJ%cP0-WR82&K"
"laurene.macilory@edu.tbz.ch"|"TcWv#i-Y&@qD8-wxt5Za"
"elea.peak@edu.tbz.ch"|"6$A4ef-em@TP#-Df53gQ"
"rejane.doni@edu.tbz.ch"|"pw379@-aWw5Y&-ayDL#d"
"mahelie.ector@edu.tbz.ch"|"leAvTA-9ng&qa-CReB8j"
"rachele.allum@edu.tbz.ch"|"boOLO6-5Esg4D-j9#LL7"
"laila.gerretsen@edu.tbz.ch"|"g5H2i#-CiLqku-k#sQFW"
"ines.bowman@edu.tbz.ch"|"ZW4W98-T3vBUe-mtw&Cy"
"publicite.barbary@edu.tbz.ch"|"$jB1V$-V%zQGH-xb6YkQ"
"mailys.smooth@edu.tbz.ch"|"3#mvn$-%YSXdF-azGt13"
"mailis.huguenet@edu.tbz.ch"|"7cQQKr-mpu85o-qQy7dd"
"lea.ewer@edu.tbz.ch"|"R1#N9N-%A1Jlb-rLfG#A"
