"email"|"password"
"melodie.vandervlies@edu.tbz.ch"|"%x#UHp-7YoXQK-Cq%OIe"
"angele.edgecumbe@edu.tbz.ch"|"nH6vCP-FyqXsj-kQqz@J"
"zhi.andreasson@edu.tbz.ch"|"oE2Dfm-JAVAJQ-D7jcjI"
"judicael.koppeck@edu.tbz.ch"|"ntxq1s-Mkftu%-9NMcpS"
"berengere.capron@edu.tbz.ch"|"qu$@XM-R3oL$p-M7T7dH"
"leonie.brosini@edu.tbz.ch"|"djVhiT-G0bXwR-t6MBQz"
"venus.garfit@edu.tbz.ch"|"iS4L77-8@GQq6-mwBfkN"
"melina.janota@edu.tbz.ch"|"UxytwG-SeI@d6-VdrP$w"
"laurene.bake@edu.tbz.ch"|"HBHDXk-6U7sfJ-ZHAg6K"
"regine.dorkins@edu.tbz.ch"|"dPhFtf-z1%bRs-1uD92C"
"cecile.moffet@edu.tbz.ch"|"MMueyj-zW#y3$-or2%35"
"maelann.labrone@edu.tbz.ch"|"nbYL2t-NA@#iH-PGsdL$"
"melinda.newbold@edu.tbz.ch"|"t4A#Z7-jz0c3m-MyH2$R"
"mans.itzhak@edu.tbz.ch"|"NnZbn4-SOWCoW-UEAFBA"
"melodie.pattlel@edu.tbz.ch"|"iSfVm6-$J%G4o-#aqSRm"
"celine.bonett@edu.tbz.ch"|"llTCvl-WvO4y9-%ctrya"
"adelie.mcgreal@edu.tbz.ch"|"lN87uU-yC0Jcr-lUf$kb"
"helene.soldan@edu.tbz.ch"|"H@%iDF-2CY#0C-XFFk4t"
"michele.cluer@edu.tbz.ch"|"E&YQYo-onTOc1-Qty$SO"
"maeline.mueller@edu.tbz.ch"|"BBauRA-eVwPH%-6JDx%P"
"maelann.benedito@edu.tbz.ch"|"pqmM7J-tX4O4K-We%uq6"
"nuo.gransden@edu.tbz.ch"|"pAtDtZ-t@wHSU-s$imu1"
"berengere.stainton@edu.tbz.ch"|"u4UKhq-2Rz2L&-#hafLk"
"wa.sabater@edu.tbz.ch"|"Mwlqia-WJiA@0-PwHYSb"
"anais.cochran@edu.tbz.ch"|"C2#B4@-sU@UkX-2fcI2R"
"gerald.bessant@edu.tbz.ch"|"@IHi2S-mcDZS5-bs0M3H"
"ruo.coffin@edu.tbz.ch"|"#bMDnx-5qFu5Q-#rffnm"
"melodie.mustill@edu.tbz.ch"|"RvKfdZ-yiuFkc-aJy@mq"
"ruo.stanesby@edu.tbz.ch"|"Kp4g&o-l$qHuT-tgt6f8"
"noemie.antognelli@edu.tbz.ch"|"xT&hf6-NbNHA@-I8urGx"
"maelann.hughson@edu.tbz.ch"|"6Ps8tQ-CnG$EK-G1y@jR"
"milena.mieville@edu.tbz.ch"|"2I%dg9-Lf%DSw-kZk8X#"
"mailys.chamberlin@edu.tbz.ch"|"OZZvuD-@6Etfg-fp5yqW"
"nadege.tomalin@edu.tbz.ch"|"&b2Gr0-LPfWcj-8QTj2U"
"oceane.omara@edu.tbz.ch"|"fN&Uv8-W&#Xv#-noimtv"
"cecile.aguirrezabala@edu.tbz.ch"|"d6jw09-Tr8Nul-fWgaMu"
"maella.gwillim@edu.tbz.ch"|"vTG$YC-M1WLFq-EbBmph"
"lea.mcgahey@edu.tbz.ch"|"geA&mK-6v8&Q$-KHIFmw"
"laurene.hagerty@edu.tbz.ch"|"HIXziA-vsqu0e-FONLsM"
"dorothee.link@edu.tbz.ch"|"Y3OM9a-qpD6nu-uYud0a"
"clementine.kynsey@edu.tbz.ch"|"I#Q9nB-dKJlYQ-q&3xRc"
"lorene.smitherman@edu.tbz.ch"|"@w836b-JIVp1Z-%S&KTO"
"cleopatre.klulicek@edu.tbz.ch"|"&h3mir-nGsYBE-Oo7X6q"
"laurene.castaneda@edu.tbz.ch"|"LxfiNm-P3xLEQ-JARThG"
"melia.constant@edu.tbz.ch"|"r2sv#m-&abSlg-7ypz#9"
"lucrece.clunie@edu.tbz.ch"|"dT00Q#-0RYFb2-KvRR@X"
"eleonore.mcmurthy@edu.tbz.ch"|"S8i5Cp-uamLxH-HPxhKJ"
"melia.bevar@edu.tbz.ch"|"Ig4HWx-w@WyO8-nJggb1"
"camelia.bontine@edu.tbz.ch"|"gC1r%r-3T0Dq@-JZXvzw"
"methode.jozefczak@edu.tbz.ch"|"hUkJSg-CIwLhw-lIcsT%"
"audreanne.hinsche@edu.tbz.ch"|"R3kBdJ-cf1kpA-D0XWs6"
"andree.varne@edu.tbz.ch"|"sBI01B-A9lIAG-J%TLFR"
"marten.kinleyside@edu.tbz.ch"|"Cex%3o-ihSjX6-rz7FZv"
"esteve.mcewan@edu.tbz.ch"|"p5zO7K-y0dqI3-Bcds7m"
"leane.dibbert@edu.tbz.ch"|"hWThu4-t81#Vs-MO$@yb"
"ma.thewlis@edu.tbz.ch"|"mZryFG-U9ODzY-zdDN1d"
"clea.djurkovic@edu.tbz.ch"|"Ax3Of7-iUxBEC-ZKW9hi"
"rachele.reburn@edu.tbz.ch"|"4o4hmX-abihf#-u7zTO$"
"gerald.gowling@edu.tbz.ch"|"lYufSG-%%Dy35-qi8vov"
"cleopatre.jackson@edu.tbz.ch"|"Xgsq@Q-9rrEln-E@m2S#"
"desiree.haskins@edu.tbz.ch"|"JIu73@-BI4Zeb-@LNrZ1"
"eleonore.longson@edu.tbz.ch"|"9bUyO%-bjWlah-HX#hvg"
"leane.dybell@edu.tbz.ch"|"NU8$WW-idqjPP-W&i0QN"
"becassine.grzesiak@edu.tbz.ch"|"DWckCD-tU$yYC-O&cSzy"
"marie-josee.pickin@edu.tbz.ch"|"#dGj46-AM&bpO-O@bJsJ"
"marie-josee.roxby@edu.tbz.ch"|"si4OWh-1CHeHV-ZAXbQo"
"leonie.feenan@edu.tbz.ch"|"7Sm9oI-opTN4H-ioVKt8"
"valerie.ellum@edu.tbz.ch"|"KjSXaV-1l&iBl-TtpRPW"
"ju.caseri@edu.tbz.ch"|"xi7Wyo-3Fv@Is-mNg1Xp"
"boerje.strangman@edu.tbz.ch"|"$xys8j-fWilKn-WumR@x"
"beatrice.ghidelli@edu.tbz.ch"|"NTZxyI-1XRDs4-XRj5li"
"da.jablonski@edu.tbz.ch"|"gdA5V@-%T4JdU-urILqC"
"uo.beveridge@edu.tbz.ch"|"fucw9D-eCVOVB-pZcSGt"
"valerie.bestman@edu.tbz.ch"|"HOeX#l-u&5AVt-o9bYJ7"
"marlene.pohls@edu.tbz.ch"|"@Giquy-ycBnp$-OKBpDL"
"ma.nolda@edu.tbz.ch"|"EGcGTi-76F919-DFMM$u"
"marlene.bisiker@edu.tbz.ch"|"M9z&eY-hBTrjh-AR9mow"
"estee.babon@edu.tbz.ch"|"3O7ARm-S6SFyg-P%hfM7"
"simplifies.dmisek@edu.tbz.ch"|"lDpYyp-abz$og-ASdRi$"
"selene.ganing@edu.tbz.ch"|"pgU%cK-qSKQ&H-X3UsvL"
"meryl.penke@edu.tbz.ch"|"#Llik7-wCiO#x-v$Qc#c"
"anais.rawcliff@edu.tbz.ch"|"Xdq@BE-8lWi0B-hqrYGZ"
"melina.andri@edu.tbz.ch"|"JXc3d2-4kwI2B-UJNGDe"
"audreanne.fodden@edu.tbz.ch"|"%EXGP9-GBQtX&-LkCrL9"
"bjoern.spellesy@edu.tbz.ch"|"KxtieV-AvNd9d-UlrSj6"
"francoise.summerscales@edu.tbz.ch"|"EgIu75-N01m%g-$KT#bZ"
"laurene.ashtonhurst@edu.tbz.ch"|"2AAvu2-12iSei-pafQty"
"valerie.petters@edu.tbz.ch"|"w@lBhU-$qH5Rp-YelifN"
"anael.spenclay@edu.tbz.ch"|"MLzsz#-xSy#Ie-0#h1%3"
"stephanie.keech@edu.tbz.ch"|"YVbt4E-ZCPHhc-gsYc&6"
"ines.deveril@edu.tbz.ch"|"PHfksI-TGtd@o-bYhC5&"
"berenice.gelder@edu.tbz.ch"|"zqSrjo-y$HhND-MC%a@0"
"melanie.ofogerty@edu.tbz.ch"|"J&uVWe-$L2pR9-9xNY7@"
"frederique.canepe@edu.tbz.ch"|"s9OnnH-P1oH59-rPJAPE"
"nuo.otton@edu.tbz.ch"|"QnNQ0S-CDEO1h-tQC&nM"
"genevieve.trusler@edu.tbz.ch"|"WluTCW-U$obsZ-xOvT0B"
"ju.boag@edu.tbz.ch"|"TEFfog-IMMvUv-XPEK7k"
"josephine.dilucia@edu.tbz.ch"|"t&B4ii-xKZQYW-I#H&Jf"
"laurene.armsden@edu.tbz.ch"|"ys#Zxe-fB1Hbr-xiN5Td"
"becassine.griffe@edu.tbz.ch"|"JqDe$Y-D2XlmP-bfDw%&"
"alois.parres@edu.tbz.ch"|"i2pVOq-tgNWPp-rzuI2L"
"cleopatre.gaffey@edu.tbz.ch"|"te#MLx-Z0%9R&-uS7j3U"
"andre.stiger@edu.tbz.ch"|"i9$AvL-ZKtiti-3BUe7@"
"beatrice.godleman@edu.tbz.ch"|"JQ1T9R-$9piE&-$JNTSG"
"hakan.harrhy@edu.tbz.ch"|"f#SlnM-ZWKwPy-twdLTt"
"celestine.dagnan@edu.tbz.ch"|"eO@K$c-pWJnV#-Zdi12g"
"clemence.haggart@edu.tbz.ch"|"%tt6ef-SK$KND-ZSX7qu"
"long.caban@edu.tbz.ch"|"6W25lS-KhIyl1-Pae%6F"
"gaetane.grimble@edu.tbz.ch"|"oYHvoQ-&$50RI-c7442z"
"maelann.piwall@edu.tbz.ch"|"UJwC0%-&z%9V4-AxUDre"
"magdalene.loble@edu.tbz.ch"|"9L#MM1-wVizLG-&f9ybF"
"veronique.domaschke@edu.tbz.ch"|"tjJcFN-AAZDTd-CuU9Sf"
"clea.herity@edu.tbz.ch"|"DV3rUy-27oCOy-uHt22F"
"maelann.bambrough@edu.tbz.ch"|"7an$MT-7S06FP-yqMHJO"
"clea.goulstone@edu.tbz.ch"|"S0u$hF-baN%ES-2xfMFI"
"renee.deleek@edu.tbz.ch"|"NLiv8s-tt5&w2-oD0x#N"
"boerje.rudderham@edu.tbz.ch"|"5nUvTG-&OLtZf-fhqHHq"
"marylene.broune@edu.tbz.ch"|"p0w0&O-3v0RRe-Z$XE6B"
"nadege.mccuish@edu.tbz.ch"|"XCvWtk-EpztaP-XQwRim"
"anael.littleover@edu.tbz.ch"|"IryxgV-gmN&ks-lp3zzh"
"lie.baume@edu.tbz.ch"|"Mn1e#w-ak#FmJ-uU%cxI"
"maella.murrow@edu.tbz.ch"|"m5K6O3-c&g7jT-dauuOt"
"cleopatre.pettifor@edu.tbz.ch"|"vnTx9w-#6LC1N-uTsRe6"
"geraldine.asker@edu.tbz.ch"|"WL@7Dy-%obHus-XVTj6w"
"gaetane.smedmore@edu.tbz.ch"|"mmOF0T-P$vCwD-1sN7$B"
"meryl.blencoe@edu.tbz.ch"|"c2eyQw-fCmcCl-nteGZA"
"aurelie.chastaing@edu.tbz.ch"|"2uWVOe-vPr$dg-q2KK6n"
"oceanne.marthen@edu.tbz.ch"|"Gqf%&$-hjWPHc-EueIa5"
"dorothee.burrill@edu.tbz.ch"|"AKZO@o-3@5aRR-XuiPLD"
"hakan.belden@edu.tbz.ch"|"4cH&8d-hNYENI-vDCVW0"
"celine.brunning@edu.tbz.ch"|"oxIi$8-#qgkAY-ppP@0p"
"anael.lapides@edu.tbz.ch"|"au7d@t-yykCOg-VgRgbi"
"ruo.saffran@edu.tbz.ch"|"8n#OWz-L7u#sH-tELtt#"
"loic.gerretsen@edu.tbz.ch"|"ph51X6-nyH3Gr-liefWH"
"rui.fitzer@edu.tbz.ch"|"iuc35U-Z5K3Tf-XMPcxq"
"annotee.ogers@edu.tbz.ch"|"as&n68-HADcgp-SIS49E"
"boerje.bindin@edu.tbz.ch"|"X@AxUA-69OB8o-0YxIoV"
"ma.cronchey@edu.tbz.ch"|"PjOmC6-EV7Eyx-S@BQ$m"
"laurelie.baiyle@edu.tbz.ch"|"xqkh4B-VmpeN6-cmfref"
"dorothee.older@edu.tbz.ch"|"BncDq%-f1Y7mn-lbVTxU"
"laurena.wile@edu.tbz.ch"|"hMn4W0-5wLfVu-MPc$eN"
"clemence.brito@edu.tbz.ch"|"vbfSz$-Lu%KNR-IWp%$t"
"nadege.dallin@edu.tbz.ch"|"iqp$Xv-&gJFyC-DBCo3R"
"mailis.matley@edu.tbz.ch"|"a#%aZD-rbqHNk-G4Uroj"
"daniele.screaton@edu.tbz.ch"|"bfNh3i-vNBsHH-IhtxFv"
"mediamass.godly@edu.tbz.ch"|"DM&gRO-024Y$e-uKIN1V"
"leone.kremer@edu.tbz.ch"|"xziKAc-#%P6Gd-2pKjy3"
"asa.adrian@edu.tbz.ch"|"fXAdcg-VGZG$5-oMlMaz"
"adele.doley@edu.tbz.ch"|"Fo&7#%-5gC4X5-lOMC6h"
"fei.sidney@edu.tbz.ch"|"6qGo81-4$mRg0-9eR&zi"
"marie-josee.walisiak@edu.tbz.ch"|"OVPHls-eye456-VMvB2&"
"desiree.diplock@edu.tbz.ch"|"e0ntt8-yk878n-WKT4i1"
"gisele.schust@edu.tbz.ch"|"ruahoK-oKXU$J-n%z@D9"
"ma.longshaw@edu.tbz.ch"|"iRi2hO-XrYdDj-np$f5Y"
"da.boother@edu.tbz.ch"|"rHeC5y-XDuEdl-Xg5LCa"
"simplifies.chaudhry@edu.tbz.ch"|"qTsHd7-rP#iN%-e0plwn"
"garcon.baniard@edu.tbz.ch"|"4c5E6D-oWAPb6-$yl1VF"
"gaetane.elphee@edu.tbz.ch"|"#sz82T-Nb@6E2-unVUx&"
"gisele.hassey@edu.tbz.ch"|"n3fYeI-z2&x$i-krfsZb"
"oceanne.booley@edu.tbz.ch"|"J@Nt67-kC3TkO-Dn%z7c"
"oerjan.dibden@edu.tbz.ch"|"S@Bl0x-xrSJTM-rj3&tz"
"regine.ocleary@edu.tbz.ch"|"P0GvMR-81yFdB-g0l4TV"
"selene.persse@edu.tbz.ch"|"A$x2Is-SABVuJ-kdlhn1"
"helena.adenot@edu.tbz.ch"|"wQOMhW-#0QGjp-TShS1K"
"maelann.wassung@edu.tbz.ch"|"veeD7D-hBO6HL-0z3tKk"
"frederique.ackermann@edu.tbz.ch"|"I2IQaz-&3zImS-PJ8XJX"
"audreanne.kahen@edu.tbz.ch"|"2kaw0A-dznSVU-skt1ln"
"maiwenn.lasty@edu.tbz.ch"|"6%Ecky-q&GdqT-lYUftL"
"yu.dictus@edu.tbz.ch"|"n9dQl5-BwUqHI-bWlGXK"
"anae.dukes@edu.tbz.ch"|"SNzA6#-7IaH$2-xQZVLz"
"yenora.warr@edu.tbz.ch"|"itFrGe-chMTa3-PwgoRk"
"esbjoern.archibold@edu.tbz.ch"|"EIHCYd-VDPyGw-ysy6JA"
"milena.pardal@edu.tbz.ch"|"971B7J-8ooTxA-s1HYrz"
"celestine.graveston@edu.tbz.ch"|"aKNUXa-gxj88T-GgoWWc"
"maena.dallas@edu.tbz.ch"|"7TEcBs-CLS$e7-@XidMU"
"andree.tuke@edu.tbz.ch"|"nNGFxx-x81GC1-xt54qA"
"methode.seldner@edu.tbz.ch"|"oT12fN-TM1dca-gYcK4A"
"venus.bullas@edu.tbz.ch"|"EBzzlG-65bW#g-bTSgqU"
"mans.aguirrezabal@edu.tbz.ch"|"W9LK63-v2ctyn-#XYrn$"
"gaelle.eadington@edu.tbz.ch"|"2BhKYx-Qsq@Mi-xjFFJQ"
"anaelle.falkner@edu.tbz.ch"|"YQl9OT-HZ3Uxr-P$hj6Y"
"ophelie.height@edu.tbz.ch"|"RRD0cV-HpkDbF-p&kZXJ"
"marten.bolding@edu.tbz.ch"|"t$Ly7e-Hqaly$-k&BGFU"
"pelagie.guswell@edu.tbz.ch"|"cot4JG-QrnNny-&rcjYr"
"gwenaelle.lecount@edu.tbz.ch"|"GSV9dM-5@jePa-uFNMtZ"
"hakan.laden@edu.tbz.ch"|"XgALAI-qEGyQR-CV429p"
"marie-josee.hylands@edu.tbz.ch"|"DyF5i3-XYQ7ch-#t&eWZ"
"zoe.kingshott@edu.tbz.ch"|"OWLs6b-g@UF@Y-Lobqnx"
"josee.janous@edu.tbz.ch"|"5n31W&-QDtFfa-uDJi3C"
"laurene.gallally@edu.tbz.ch"|"3duzD@-1LLOSJ-sB5kp4"
"anael.bickle@edu.tbz.ch"|"X96czG-tqNtP#-XNfnPe"
"mediamass.lebbern@edu.tbz.ch"|"88Xhbt-QPlgSK-lmp1TV"
"berengere.hovy@edu.tbz.ch"|"&Fc8CY-ttw1KD-5uuwac"
"oerjan.kilmurray@edu.tbz.ch"|"1%naFO-IFMEDM-9Vbow%"
"asloeg.venny@edu.tbz.ch"|"wG3wIp-mI0J@8-ToKItk"
"marie-noel.stoad@edu.tbz.ch"|"48XBGY-v15pO1-%faxQ@"
"hakan.pettifor@edu.tbz.ch"|"MBvh1m-QTqrmE-ayZXP%"
"maella.willgrass@edu.tbz.ch"|"K3VzmN-l4P8NB-C%L36K"
"therese.ludovici@edu.tbz.ch"|"KX@WY0-Beem&a-1MGYlV"
"stephanie.trewhitt@edu.tbz.ch"|"6w@cSH-FRnLRl-&u2%@A"
"maerta.bauduccio@edu.tbz.ch"|"%6QzJg-g58AC0-Y&%0uT"
"gaetane.glaisner@edu.tbz.ch"|"U35vrQ-7eIjL%-yAHZRT"
"naeva.pargeter@edu.tbz.ch"|"pPoGmh-ItplwO-X8ShpC"
"salome.venable@edu.tbz.ch"|"zqZkht-yjeG6m-8jlv2#"
"boerje.thickett@edu.tbz.ch"|"fcz5lk-Ca6jOI-3043&L"
"lucrece.prendergrass@edu.tbz.ch"|"IXJLl3-9CN5#i-&VzOty"
"laurene.ockleshaw@edu.tbz.ch"|"xDaXM&-BZWFFJ-uzYdW&"
"cecilia.pasticznyk@edu.tbz.ch"|"C#Vn#Y-tI1Z3K-wbxPXL"
"stevina.mackey@edu.tbz.ch"|"jnZ&iE-MnPnAG-JilZUk"
"marie-noel.reven@edu.tbz.ch"|"V1Zxs4-&htU@o-D@#GV8"
"melina.quilkin@edu.tbz.ch"|"T#k0aG-Z3yb#L-I51V$q"
"marie-noel.ferrie@edu.tbz.ch"|"bZTyu2-NZLc&M-eo0L&o"
"leone.alphege@edu.tbz.ch"|"OV7Y3S-jmuR3F-xeq4LQ"
"zoe.leverson@edu.tbz.ch"|"pTEMdF-S#zVgN-8u%3tY"
"annotes.grayne@edu.tbz.ch"|"ui@tIO-QZ2RpB-qx9iFg"
"faites.lalley@edu.tbz.ch"|"6FYG%p-SJZdax-S7Vi$o"
"adele.wallis@edu.tbz.ch"|"XsvPpA-S#5EDP-d9@pJb"
"severine.madill@edu.tbz.ch"|"#UttAn-$vtkQ@-rDd1um"
"valerie.tebb@edu.tbz.ch"|"fVeIE#-C1GuR8-#svfn5"
"kalliste.rasper@edu.tbz.ch"|"pV$acq-WPqq7b-1hnljm"
"audreanne.palomba@edu.tbz.ch"|"evXIku-ITB66j-Wa63&f"
"elea.adamik@edu.tbz.ch"|"W$HK3%-NzcGg1-UjE6yI"
"reserves.jakuszewski@edu.tbz.ch"|"&o6h6q-zjKfaq-7di10S"
"athena.belhomme@edu.tbz.ch"|"5iDkI7-2GMRRL-ULrXUK"
"rebecca.crippin@edu.tbz.ch"|"@WBR2v-bWY#C3-@1$3wc"
"maiwenn.curman@edu.tbz.ch"|"ZDqmPo-I7bxWl-LwiDol"
"andree.bunner@edu.tbz.ch"|"Mz#J7V-@4UodJ-d74Hv7"
"ruo.winckles@edu.tbz.ch"|"yol3QT-sOqL08-C5C013"
"naeva.buntine@edu.tbz.ch"|"#R#EuE-AE4Y0l-d374mb"
"boerje.dollard@edu.tbz.ch"|"nLiP%J-9wO5c6-KqcMlv"
"penelope.gorman@edu.tbz.ch"|"xtRqUW-cEPqQF-uC0J4F"
"alois.robelin@edu.tbz.ch"|"Ok$%D9-Oiv27b-cDXaMj"
"anaelle.tindle@edu.tbz.ch"|"SEC%rR-WCGsMn-unnGWL"
"ye.frears@edu.tbz.ch"|"yS8B$L-VFjq9n-fPDa0r"
"andree.ovid@edu.tbz.ch"|"mj#sCX-E$XP%$-&nJ$9O"
"hakan.peat@edu.tbz.ch"|"u1vxxU-yXBAPs-HAXpJE"
"andre.januszewski@edu.tbz.ch"|"$cD7Hi-P7smjV-vO1KMQ"
"annotes.clemmett@edu.tbz.ch"|"Frt5CP-dQDV8z-3I4Lpd"
"pal.lambswood@edu.tbz.ch"|"4QGrbx-m6XU$K-E1$hy2"
"yao.lenton@edu.tbz.ch"|"UqpffT-uAAxRn-R5kbI1"
"hakan.boyton@edu.tbz.ch"|"fm8kFw-Vpv@n0-ShzFzX"
"nelie.forsey@edu.tbz.ch"|"4azmF8-FFGWtc-RaM#IW"
"hakan.horche@edu.tbz.ch"|"7v@k1E-CL18kI-D@V&qo"
"lorene.sinkings@edu.tbz.ch"|"49IRte-DBBjRD-jQ1eDy"
"marie-therese.creddon@edu.tbz.ch"|"LN0D6A-A$#hEq-A6GACx"
"berenice.tolworthy@edu.tbz.ch"|"avOnCE-3TRiGa-Fng6oO"
"theresa.land@edu.tbz.ch"|"Ni$A%q-I#z%@c-ZjIfUS"
"marie-therese.gianilli@edu.tbz.ch"|"NmDbut-svQx9l-DEaOv@"
"meryl.glew@edu.tbz.ch"|"tR&9Np-q6r95K-nNTyAq"
"adele.debling@edu.tbz.ch"|"GEXh6$-OVyLWi-4fU0EB"
"anae.metzke@edu.tbz.ch"|"s$yVJ%-cRqS$$-vtbr$O"
"gaetane.gooden@edu.tbz.ch"|"Dafpwm-S@mlLW-AA@NTj"
"laila.bootland@edu.tbz.ch"|"Oxn0ze-nnLm$p-eBavOP"
"maite.helsdon@edu.tbz.ch"|"5Rz#OI-LNdZg8-eHDWbB"
"andree.malley@edu.tbz.ch"|"DkC7a5-nOUCEQ-FESm5J"
"pal.simmens@edu.tbz.ch"|"XJRNSG-dG1UMm-Wgd$X#"
"maelys.nuccitelli@edu.tbz.ch"|"9j@IqO-tietN#-0KGZWe"
"dafnee.sibary@edu.tbz.ch"|"20Kv8K-2hvaSG-B7Kx5L"
"alois.harsnep@edu.tbz.ch"|"e82lre-t08eYB-qgyEGW"
"marie-helene.lacky@edu.tbz.ch"|"mQ#UnW-liLtJh-mV7iWw"
"mylene.youthed@edu.tbz.ch"|"dSzlPJ-Dm97Q1-WHBKe3"
"marie-helene.dehmel@edu.tbz.ch"|"RaL#LW-Fa2fAT-R9egCk"
"angele.batman@edu.tbz.ch"|"IrTpRW-GZ#Xcb-wnvk&X"
"melia.younghusband@edu.tbz.ch"|"8vc2ST-jCco8g-ZPsqwj"
"eloise.baldi@edu.tbz.ch"|"NVRQrN-3ZpHGo-2MqEeF"
"illustree.dun@edu.tbz.ch"|"FYDwRD-ZDUKB&-0Mtdbr"
"genevieve.late@edu.tbz.ch"|"pztT#T-OGBiup-963GGe"
"celestine.colville@edu.tbz.ch"|"sfkrt$-JfaNET-H6V1Cj"
"gwenaelle.scarlon@edu.tbz.ch"|"m%Qubj-fRoW#t-ZxHQYj"
"regine.boddie@edu.tbz.ch"|"Qq2aTp-PDYMa$-Vw4#qj"
"creez.gaughan@edu.tbz.ch"|"lV@J7L-ih6oIL-@7J$o3"
"gaia.longford@edu.tbz.ch"|"@FqTkn-3zPqeE-PKa@ky"
"mailis.buckby@edu.tbz.ch"|"UooCdk-jFaeup-V62JCC"
"song.parbrook@edu.tbz.ch"|"2zOmtN-z0zlhn-xiTqMa"
"frederique.heddan@edu.tbz.ch"|"YQ%aZ#-KqUFm8-ercuFA"
"ake.kirtlan@edu.tbz.ch"|"vva72E-hT6yof-Z3wS0y"
"nelie.runciman@edu.tbz.ch"|"cYjc4C-4SGerZ-cDSbo4"
"mailis.cardnell@edu.tbz.ch"|"#yZ$pQ-H2Q$D5-tj$KmQ"
"irene.navarro@edu.tbz.ch"|"FxnV3S-DDZjHz-DBy5ZS"
"maite.cough@edu.tbz.ch"|"Yzlho1-50mdTV-W%oUiC"
"anaelle.stocky@edu.tbz.ch"|"5%n9MX-dCdRqU-vy6Szv"
"methode.moulder@edu.tbz.ch"|"9SB6Y%-7IEQ1%-Q7lfJ9"
"po.stafford@edu.tbz.ch"|"Y@Hlrp-OJCr5D-719gEY"
"faites.scraggs@edu.tbz.ch"|"VlCjsA-xh&R$1-@zrdiJ"
"adelaide.dullard@edu.tbz.ch"|"Tp#Qfe-Vq2cLZ-q5TISC"
"desiree.leonard@edu.tbz.ch"|"TDgEjE-MsV$fl-uXEIlI"
"geraldine.badgers@edu.tbz.ch"|"3D0Nwt-yb6uUC-N#mDhI"
"ruo.masic@edu.tbz.ch"|"SiOa47-b5#VSZ-L&lTEH"
"aurelie.lieber@edu.tbz.ch"|"xyMSD$-hoU$eL-ZIgm&q"
"naelle.balcock@edu.tbz.ch"|"tEMwIU-Oyh9N$-knIvoi"
"camelia.elger@edu.tbz.ch"|"RsE4yx-3eNWzB-5xsbP7"
"publicite.oakeshott@edu.tbz.ch"|"nFFVKX-C9lW8F-GnJTLw"
"cleopatre.fawley@edu.tbz.ch"|"Kh83Jb-iik88a-TmtlB4"
"laurene.bruckmann@edu.tbz.ch"|"MfhSza-Sw4$9A-L@29Yw"
"rui.haughton@edu.tbz.ch"|"gS8m59-sWN$1P-o%%#P7"
"asa.ladewig@edu.tbz.ch"|"hlyBk5-rt6F6d-iogpe5"
"gisele.janecek@edu.tbz.ch"|"SbN0t8-#Znrq#-pW4Wtx"
"maily.loveridge@edu.tbz.ch"|"hguHP6-YlRoO&-FiefHF"
"marie-eve.yurkiewicz@edu.tbz.ch"|"E5b3qD-SA&Rkl-zT@5nJ"
"fei.roder@edu.tbz.ch"|"XRdoZl-k&L#@R-pOJEHM"
"edmee.chatburn@edu.tbz.ch"|"dmVGcr-hE0hjB-zO0M2D"
"geraldine.darke@edu.tbz.ch"|"QwNLC1-bZertJ-0FP2mV"
"ye.jira@edu.tbz.ch"|"dhmk%8-iC0FA1-3ttcXR"
"publicite.persent@edu.tbz.ch"|"BE#oIh-lfRWrY-iFk1Al"
"severine.wilcox@edu.tbz.ch"|"4NGs5@-ECu#4#-MUBL5T"
"yao.mcclaren@edu.tbz.ch"|"AKtODQ-d3zozz-bvqoRg"
"theresa.foynes@edu.tbz.ch"|"RNT5YG-9A9PDQ-K&33Oj"
"stephanie.isley@edu.tbz.ch"|"Wz1oR1-IflRw8-gyv9BM"
"torbjoern.growy@edu.tbz.ch"|"t8NkuQ-1Zuve1-wFoIQT"
"eloise.tunnadine@edu.tbz.ch"|"1cb4&&-9BwZ4&-p0%Ky9"
"maeline.cossentine@edu.tbz.ch"|"#QRnkY-S5fKbm-zD%kFT"
"nelie.desantos@edu.tbz.ch"|"BiQDia-G7EN5i-ZX8rSl"
"gaetane.axston@edu.tbz.ch"|"VRG0fD-sJ0zwC-fG67gC"
"aimee.merman@edu.tbz.ch"|"K@yiCm-fylFR4-9EcKXO"
"oerjan.drivers@edu.tbz.ch"|"gowXGn-XL%Kt6-#4DPk0"
"aimee.miroy@edu.tbz.ch"|"6A25GE-yrC5uv-#9fJ5M"
"nelie.glyde@edu.tbz.ch"|"4qW8ky-JJwFpV-mfoe@B"
"hakan.kapelhof@edu.tbz.ch"|"PJu3za-&ujGBK-nm&B1X"
"maelyss.cauley@edu.tbz.ch"|"SzJsls-c4apCL-%yhvDP"
"elea.vaggs@edu.tbz.ch"|"HPhPBp-eDm20c-Cyhlzu"
"maelys.but@edu.tbz.ch"|"Vd2PVp-y6YvRq-lJTGwY"
"maella.arthurs@edu.tbz.ch"|"rw05vm-@4PF0I-UWHLKh"
"adele.liebrecht@edu.tbz.ch"|"G#%v&P-9iw2k$-JR4Y2e"
"meline.lomasny@edu.tbz.ch"|"e@08AI-C4hK0o-zzt7Mv"
"mediamass.schwant@edu.tbz.ch"|"t74UUk-CumCkj-yEPnYx"
"leone.saunt@edu.tbz.ch"|"3gaRlj-&6F2iu-zNaftO"
"annotes.gouch@edu.tbz.ch"|"c2uO@r-FNiHeQ-yydf&h"
"gaetane.bowich@edu.tbz.ch"|"$KKqV8-jjN%fy-fkyNye"
"alizee.strelitzki@edu.tbz.ch"|"FLayK5-amgk3c-gmmVN#"
"leone.poile@edu.tbz.ch"|"Up9tYo-TvADt3-jUyKF5"
"amelie.saban@edu.tbz.ch"|"bwol5J-iUjx2L-K8l&yj"
"marten.mcmenamin@edu.tbz.ch"|"3Ci@5S-7#UVfQ-DJrO4F"
"becassine.keets@edu.tbz.ch"|"1G@rk%-G8RlZ6-$QS0Y1"
"celine.million@edu.tbz.ch"|"yeVfU4-7lskqP-WFjrvv"
"geraldine.belitz@edu.tbz.ch"|"7jhx&@-vQxRwu-6Cq5ra"
"salome.mardling@edu.tbz.ch"|"y2SzpW-rkglR#-xkjcVC"
"melia.blakemore@edu.tbz.ch"|"fj$emc-h1cVgm-btkgMZ"
"dafnee.mcaulay@edu.tbz.ch"|"TJ0ufb-kZPrpy-U%zUA#"
"garcon.dennett@edu.tbz.ch"|"2nqKjw-R4au0w-qd%bei"
"interessant.lesor@edu.tbz.ch"|"0Q1IO$-iPJ4cn-#hS5fQ"
"annotee.wasbrough@edu.tbz.ch"|"Z2kJVH-5RIAXH-capQUZ"
"asa.ibbeson@edu.tbz.ch"|"Hx7PnA-Piv2t4-YgfnrI"
"maily.kennealy@edu.tbz.ch"|"s4ERb1-5aCsr&-6@5Q70"
"ye.seares@edu.tbz.ch"|"atWV0Z-Gm7KhL-g%2Jkh"
"athena.harbron@edu.tbz.ch"|"jiQ459-TVnp6L-%bEGrL"
"andreanne.portail@edu.tbz.ch"|"2fXeYr-Tnglxl-NYnCgt"
"goeran.zannelli@edu.tbz.ch"|"7s8W$o-J9%YdL-PzqtSK"
"gerald.leathlay@edu.tbz.ch"|"mVeca5-w@2l$q-PkMxYM"
"andreanne.chown@edu.tbz.ch"|"BsMt4b-4p9v9T-oue2sZ"
"esteve.clementel@edu.tbz.ch"|"4lcdfh-%hz3a7-QSqeSc"
"leone.legan@edu.tbz.ch"|"5frEAb-HUO&xU-nyyENa"
"maena.pownall@edu.tbz.ch"|"9osFQ$-W&XcgT-rYnYf1"
"andree.rettie@edu.tbz.ch"|"Lw%#yp-2@MpYi-9mKtb5"
"ines.kenwrick@edu.tbz.ch"|"JkfwGf-GYt$g%-ZX0dLT"
"marie-helene.yarnall@edu.tbz.ch"|"oVabdR-RdgBpS-beS315"
"po.martin@edu.tbz.ch"|"iDrm#b-xO$%fW-RgB6wK"
"ruo.celiz@edu.tbz.ch"|"suebwV-&CSjoZ-KKpRct"
"po.bissett@edu.tbz.ch"|"H$WbPm-MIv67o-z$LVO&"
"du.swindon@edu.tbz.ch"|"UbTlIj-#CkRLE-7UOCKe"
"interessant.gouldthorp@edu.tbz.ch"|"D&knJE-t08a1H-3kHwlj"
"leandre.lilburn@edu.tbz.ch"|"4kZitZ-zAn80i-jvX6O&"
"bjoern.whales@edu.tbz.ch"|"EZV1Sz-SZ0ZJJ-syyIj1"
"interessant.dieton@edu.tbz.ch"|"NjYKa1-vU%XEc-n%CCGQ"
"celestine.redhills@edu.tbz.ch"|"u4ZtNb-&YHW5#-FiP9st"
"tan.yakovlev@edu.tbz.ch"|"isOZXm-JftiBb-OqJZ5&"
"regine.mcdowell@edu.tbz.ch"|"@7Se%V-AkQQc1-$9hadN"
"ju.coysh@edu.tbz.ch"|"VltLbA-64BVnZ-&PtdJ7"
"reserves.ofallon@edu.tbz.ch"|"gi8b71-NeanD4-lpgKeI"
"frederique.sobey@edu.tbz.ch"|"i$$qq1-OKGPA$-Oeq2OR"
"marie-eve.garstang@edu.tbz.ch"|"8NfVFM-sHgAef-mO5%pn"
"andre.tapin@edu.tbz.ch"|"g9#ElS-#bTF3D-8Kmm9V"
"esbjoern.eynon@edu.tbz.ch"|"Gz8oH#-zlppl9-cbv8ow"
"maella.duffy@edu.tbz.ch"|"OBLAZ%-eP9Aps-cIT1G0"
"leandre.twinning@edu.tbz.ch"|"yV&Mjx-%YSMAc-88U198"
"mai.whittingham@edu.tbz.ch"|"NOiEM@-JkT3LC-k5D2c4"
"rachele.shevelin@edu.tbz.ch"|"8GFUoS-1ZTQc2-ZFE9N1"
"cecile.mcure@edu.tbz.ch"|"EX6SrV-#jqjzi-mCgtpU"
"marie-eve.yurkevich@edu.tbz.ch"|"4CbJMB-J6ZFwK-uedOV7"
"almerinda.paice@edu.tbz.ch"|"JkM9V6-NEgTbs-VKhHmh"
"rao.howkins@edu.tbz.ch"|"B%84s$-o$trhZ-iVm9TT"
"serena.pack@edu.tbz.ch"|"owguda-eNe4va-L&bX#v"
"rebecca.mant@edu.tbz.ch"|"asBBzT-55dv1j-OSjuof"
"reserves.spitell@edu.tbz.ch"|"ekbNP$-PJ#C28-0GP5pz"
"garcon.hamfleet@edu.tbz.ch"|"#fFAwP-DbdCGt-Fmxlim"
"methode.kerkham@edu.tbz.ch"|"#p&8l2-ZcEN%K-3MPv$s"
"pelagie.camies@edu.tbz.ch"|"fcrE@y-5UZ9w8-E3$6#@"
"josephine.macpharlain@edu.tbz.ch"|"SanZ6D-#c3DYJ-JJA8FY"
"eugenie.mathet@edu.tbz.ch"|"smF5Xf-wp%Z6h-23C5oy"
"gaetane.brangan@edu.tbz.ch"|"Lf7cZL-oMR0B6-nJgaCF"
"michele.dewbury@edu.tbz.ch"|"epj7#Z-Fx4aMS-Djv&ZC"
"eugenie.elcott@edu.tbz.ch"|"dBJte&-5wjOO$-&0%9ru"
"megane.harniman@edu.tbz.ch"|"LC80lG-b6mqMK-4l$pzF"
"agnes.cluney@edu.tbz.ch"|"hJ9LLj-lpXgKZ-aRERQ@"
"marie-helene.angear@edu.tbz.ch"|"ZhvdI#-rNtoNW-JmGpgJ"
"melia.dolphin@edu.tbz.ch"|"filpft-8m%cxJ-YxBJj8"
"lois.ruseworth@edu.tbz.ch"|"j%KQ%L-dSpExf-p9Sv2F"
"mailys.ryding@edu.tbz.ch"|"Fw0BDe-uiDJNR-r$2yGl"
"rachele.wulfinger@edu.tbz.ch"|"KQ%PGA-8FdgrX-fs%Fiy"
"gwenaelle.talton@edu.tbz.ch"|"MSK3b8-7sMjgs-o5f%M4"
"long.ronchetti@edu.tbz.ch"|"j8nF8G-6MilUE-uThm8h"
"styrbjoern.kloska@edu.tbz.ch"|"OPmsWL-SofAbM-LHyLHc"
"len.sudran@edu.tbz.ch"|"5Gkul2-IWKebh-V9$YN$"
"maelle.andrysek@edu.tbz.ch"|"yWypN9-GGCr4t-lW5IN8"
"selene.senior@edu.tbz.ch"|"5WNpnv-FUp9Zy-oZDMsr"
"anais.joskovitch@edu.tbz.ch"|"%bNdOA-thVmLx-OJ0O9J"
"marie-noel.dally@edu.tbz.ch"|"dcupNw-uUxQ0M-WQC7#g"
"marie-helene.laurence@edu.tbz.ch"|"ms7F%U-4B@9SD-m@Gww@"
"camelia.foxon@edu.tbz.ch"|"Empr&g-AofSUQ-%Lgiz3"
"helene.cankett@edu.tbz.ch"|"4F6AUp-UYp1VC-%C$WPW"
"marten.mitchelson@edu.tbz.ch"|"DUshOF-F3%KU1-cRxnKM"
"helena.stirtle@edu.tbz.ch"|"&VwDka-P8QOns-zeAE5O"
"leane.barmby@edu.tbz.ch"|"BNsFCl-qjNZ$x-@mHxve"
"goeran.ofinan@edu.tbz.ch"|"6SiRDY-KdEO6&-VR0N0s"
"styrbjoern.proby@edu.tbz.ch"|"MT8O$R-IhWwZT-r4VLqc"
"zoe.halse@edu.tbz.ch"|"0EDLm1-2tEkLk-I%eT4&"
"kui.drable@edu.tbz.ch"|"1c2H0q-ccK8BG-w4AQQf"
"desiree.bamford@edu.tbz.ch"|"x4j@h1-ogf#Vw-U0FMYU"
"zoe.suller@edu.tbz.ch"|"rO8rwX-wFUSsf-1fVI3m"
"marylene.audiss@edu.tbz.ch"|"ilW5gl-Aa1sUH-44$qPo"
"adelaide.poznanski@edu.tbz.ch"|"pm$V3$-eU5L9d-XZdpiV"
"maella.coleyshaw@edu.tbz.ch"|"n7UG$x-SGqexE-gF8RG3"
"marie-francoise.gelder@edu.tbz.ch"|"PcxEtQ-Vx1cpV-2D2Bmy"
"eleonore.chaffyn@edu.tbz.ch"|"S#%ZIE-gK$IbJ-s#VkXP"
"celestine.sikorsky@edu.tbz.ch"|"M7YzBE-VISnbN-e9GkjM"
"stevina.londsdale@edu.tbz.ch"|"3DrlYN-Q2X6Nx-pSL#Xz"
"maiwenn.nevitt@edu.tbz.ch"|"NH9@o2-mL3aAV-e6dAYJ"
"magdalene.gerrey@edu.tbz.ch"|"Hy6FGT-2IKw1k-OP%#B@"
"becassine.latimer@edu.tbz.ch"|"rh0XH6-15y9EV-GWgBat"
"da.lethibridge@edu.tbz.ch"|"Nede$%-EluPfB-Q9jfr&"
"mailys.claige@edu.tbz.ch"|"kA1rks-%$MQgH-uIaFpc"
"maena.torbard@edu.tbz.ch"|"nTrl9S-FVO8GS-xj7qHH"
"solene.lyvon@edu.tbz.ch"|"fxtoEd-t%pcLD-n@EbsH"
"marie-therese.benbrick@edu.tbz.ch"|"#f#PcL-DaPMnA-TRjLWP"
"gerald.edmonson@edu.tbz.ch"|"85Z4Bt-BUQz@v-lOp#3R"
"ake.messruther@edu.tbz.ch"|"XfWTWn-1odH1W-h&QtCl"
"men.gosneye@edu.tbz.ch"|"IFrwN$-QGjpnw-uf@3Cu"
"anais.jefferys@edu.tbz.ch"|"n6kdC#-t6m@bb-k4Atqk"
"publicite.tregale@edu.tbz.ch"|"UtO9dg-4grvKb-cNWYYW"
"maily.santorini@edu.tbz.ch"|"ajCtUJ-S6JLGT-Cq4i%J"
"ines.pioch@edu.tbz.ch"|"W@&MqF-R4BkLk-Wezwq7"
"noemie.marklew@edu.tbz.ch"|"9yBBOs-2Jd2tZ-#8JrNq"
"meghane.maccaffrey@edu.tbz.ch"|"i@y&os-9BEw74-BUkpO4"
"berangere.ambrogio@edu.tbz.ch"|"IEuGGX-AGS2tu-mCfGd6"
"mediamass.ryce@edu.tbz.ch"|"oPMxRI-WVYSx3-A3PhjD"
"oesten.ubank@edu.tbz.ch"|"WgpYg&-8$9J3o-m&kt7N"
"melina.mackee@edu.tbz.ch"|"qVGpZZ-v@G7kB-cgk0Gv"
"theresa.livezey@edu.tbz.ch"|"@B8gwJ-qGkmED-raOe%n"
"clemence.weal@edu.tbz.ch"|"jy0QoA-5L9GB1-UaMMG#"
"faites.overton@edu.tbz.ch"|"OMyZ3E-e9jYO2-7InLxy"
"clea.lindblad@edu.tbz.ch"|"aEvCp&-Uw&ixW-L$oS@2"
"josephine.roseaman@edu.tbz.ch"|"VkpwfZ-cDMP#m-0PclGa"
"oesten.lowbridge@edu.tbz.ch"|"xg@MDX-xfKZpg-hF@lX0"
"marie-josee.brion@edu.tbz.ch"|"M9%wsV-2J8%Pq-@ugR%a"
"therese.basili@edu.tbz.ch"|"Bzk2C3-aaf7g%-79goMW"
"melia.vertigan@edu.tbz.ch"|"qQUdW1-YFKaRf-$YdEo9"
"judicael.saull@edu.tbz.ch"|"dlN9Nf-$ZiZ3Y-Zh@TmT"
"selene.valentine@edu.tbz.ch"|"A#qGqR-si6O6i-Lm3#xP"
"verane.dunlap@edu.tbz.ch"|"yKZUmn-QYbiAN-mOMa#P"
"meline.kinnear@edu.tbz.ch"|"Seoz$G-kyOeI4-mW9W39"
"lei.luttgert@edu.tbz.ch"|"rubt@u-SuIPlC-zwXv4A"
"styrbjoern.lathleiffure@edu.tbz.ch"|"N3H@6g-Uf3aL%-%Un&n$"
"marlene.blasi@edu.tbz.ch"|"IfzT$%-3V@5wa-d7vQXq"
"mai.begwell@edu.tbz.ch"|"mSGFtn-RbManS-vjvmtO"
"gwenaelle.kaines@edu.tbz.ch"|"XzceaK-L%ae4s-WX8UtI"
"gerald.adamthwaite@edu.tbz.ch"|"UJlpnL-@4EZJ7-u3JkXs"
"kui.hartfield@edu.tbz.ch"|"bR2wN#-d8pOcu-IheWjw"
"salome.currao@edu.tbz.ch"|"%B5eIr-nSe3w#-K%Na8E"
"angelique.tixier@edu.tbz.ch"|"7AfRty-rXn7K5-G9O5gO"
"ju.mcgragh@edu.tbz.ch"|"J9gM7F-nscwQL-XZuSH0"
"dafnee.beachem@edu.tbz.ch"|"I@hAd2-z5dMaL-LTzYo4"
"creez.terlinden@edu.tbz.ch"|"3jI@LL-3Lt1g4-732a6$"
"uo.mcskeagan@edu.tbz.ch"|"#OHtVS-nzbtyc-EFOihu"
"edmee.mccaughren@edu.tbz.ch"|"ljKLhZ-0V$bHa-vPZFqs"
"asloeg.cozby@edu.tbz.ch"|"oZ3cvZ-Ac1S$s-0xguSG"
"melodie.traite@edu.tbz.ch"|"#lq%cK-S2PH0o-7A8ykI"
"dorothee.aindriu@edu.tbz.ch"|"QOScJv-zQy@jj-1tH8AP"
"daniele.doley@edu.tbz.ch"|"2bb%n$-DR8pcs-Q5POYe"
"mediamass.fairclough@edu.tbz.ch"|"FlBa$6-SqA0nG-tEacjQ"
"lorene.rainforth@edu.tbz.ch"|"FD7wHx-XqStI3-1LBXOD"
"leonore.eyer@edu.tbz.ch"|"BN41LI-E0y%5h-WeM6Yc"
"po.spillman@edu.tbz.ch"|"&PqFOs-aRW0AO-fMg9t0"
"cecilia.plitz@edu.tbz.ch"|"@Q9mtM-95wXK#-hCJPjh"
"lorene.ludlow@edu.tbz.ch"|"yU@QWT-3vdEhD-S7aODs"
"berangere.neligan@edu.tbz.ch"|"Ej2ZYj-AZoi&H-RxQOja"
"simplifies.huggan@edu.tbz.ch"|"LzIO$z-XAkJ2Y-mnC9Ax"
"clelia.prandy@edu.tbz.ch"|"jL7IH@-gxHYXH-AL6YKt"
"ake.osban@edu.tbz.ch"|"M5QTLl-czVBO3-#4nzpN"
"cunegonde.brunn@edu.tbz.ch"|"D9muXS-7TTJo1-BFIx7M"
"long.grizard@edu.tbz.ch"|"krORj6-0DOOZi-wcB$8I"
"meghane.diss@edu.tbz.ch"|"meNB2J-lQjmSX-Muwpec"
"therese.oldman@edu.tbz.ch"|"%vqKw6-ZyPocx-B%F&6s"
"boerje.scamerdine@edu.tbz.ch"|"hZ3ZVL-r$@P$J-0#W9HB"
"du.saban@edu.tbz.ch"|"eWjsjY-FPchDY-VLPbOo"
"hakan.clynmans@edu.tbz.ch"|"97XMtm-smdSFu-W63vXF"
"wa.macdowal@edu.tbz.ch"|"SvOAd8-3IplDE-dWS2o0"
"venus.hatrey@edu.tbz.ch"|"Q#QLwB-V#Fy1B-rQs@H$"
"anaelle.vispo@edu.tbz.ch"|"TH8LhI-0zxoa$-l$N9mI"
"mahelie.ollcott@edu.tbz.ch"|"oocGBB-$GZNb8-&pGiTi"
"mediamass.whyman@edu.tbz.ch"|"QPCMRL-IQwc$B-WMpEjE"
"esbjoern.basson@edu.tbz.ch"|"XV7dUx-Cev#n$-6ktVSM"
"andrea.morrill@edu.tbz.ch"|"3D8Lz6-cv7y4l-#&9h&k"
"melys.grassi@edu.tbz.ch"|"gp6L7s-Hscr9f-p$@&@Z"
"leone.poleye@edu.tbz.ch"|"hqQFmX-Td1g@c-yUIqGK"
"francoise.penny@edu.tbz.ch"|"y0g9yA-$@RKCQ-FwYCHu"
"rebecca.edney@edu.tbz.ch"|"sXxQ$V-gdEP3&-34B&eP"
"adelaide.murtagh@edu.tbz.ch"|"wk6qiR-ignKgT-HHlsCb"
"stevina.winterbourne@edu.tbz.ch"|"4#Mo9$-bHyqOP-RgOedw"
"ma.cottom@edu.tbz.ch"|"VLxlx3-3sIbJK-aS%Zi#"
"tan.harold@edu.tbz.ch"|"HG#JEp-klKMtd-sCwdVP"
"venus.forte@edu.tbz.ch"|"hTP%Y3-0264h5-Km38ns"
"almerinda.oluney@edu.tbz.ch"|"oxFCSq-wCzCzb-Glvpl9"
"cleopatre.brehault@edu.tbz.ch"|"dk5Lvj-8CeLfC-M%Q8Yl"
"interessant.lapides@edu.tbz.ch"|"VCggbj-w1p4px-losL7t"
"reserves.hallatt@edu.tbz.ch"|"bgxjrl-z22iC4-1O#WMm"
"annotes.birdwhistle@edu.tbz.ch"|"mG##JA-YvQYzd-dWLhtq"
"ai.dredge@edu.tbz.ch"|"7jj9Gl-rhVJ9e-Gdt70R"
"megane.mussard@edu.tbz.ch"|"WrnpQ6-KtcHxk-PeQ7C#"
"esbjoern.gowrich@edu.tbz.ch"|"GcfP3Y-WPXa@z-0NDlTs"
"boerje.brislawn@edu.tbz.ch"|"pZpVMX-Q5stsy-RX2v&f"
"becassine.wilce@edu.tbz.ch"|"Tfl&5v-R8B#7M-KN2fqY"
"personnalisee.oels@edu.tbz.ch"|"mNm1D6-calReJ-FJrs6b"
"verane.pett@edu.tbz.ch"|"arrkfB-XXDOHk-E6796N"
"marylene.glewe@edu.tbz.ch"|"s2@$mr-3Wxn6w-US$ui1"
"lai.elson@edu.tbz.ch"|"qMf#Xm-OW7Hzl-Wx@ovp"
"serena.difranceschi@edu.tbz.ch"|"nmpTV7-ZHXsRj-nfmwWu"
"lie.espinel@edu.tbz.ch"|"Y1oNBf-pYjIbd-NtO@JX"
"marylene.fantini@edu.tbz.ch"|"xG3PxY-5MKqXT-oSQpFZ"
"andre.archdeckne@edu.tbz.ch"|"Lpb8vR-1Y1%I3-PuX2Yd"
"goeran.bohlingolsen@edu.tbz.ch"|"RZeVPl-O6@sS@-C3D9Yw"
"cunegonde.heffer@edu.tbz.ch"|"pDFS23-1s7OLH-JNGci8"
"tan.fechnie@edu.tbz.ch"|"Qq85Ge-ob9rtc-pB71GE"
"marie-noel.brammar@edu.tbz.ch"|"L57yNl-rbcZJ%-aVGxaE"
"simplifies.aven@edu.tbz.ch"|"jVJ$I4-sWCCdo-XNYMM6"
"melys.pinchen@edu.tbz.ch"|"cDW@a@-j6Fe8N-oKj7@&"
"edmee.joyner@edu.tbz.ch"|"S60RXi-xbfB6c-6$KFIb"
"berengere.edess@edu.tbz.ch"|"QGL&y7-EPyLZG-wLTBgn"
"marie-noel.goward@edu.tbz.ch"|"yOeget-8rB7$%-9DY2Xj"
"ju.edmons@edu.tbz.ch"|"dtfNTc-glK6QB-nraj2e"
"frederique.airds@edu.tbz.ch"|"oK#KXN-nkm&DR-BxIyVa"
"reserves.dauby@edu.tbz.ch"|"QaIGqc-iLwNWC-4t1LlU"
"hakan.gynni@edu.tbz.ch"|"F$bryo-XSvo$L-Gt0nTO"
"leonore.pinwill@edu.tbz.ch"|"iMU0It-WgpI3E-&1nbSt"
"marie-eve.mcallan@edu.tbz.ch"|"XG9Oqu-gHGhc7-DsPPUw"
"naelle.yeabsley@edu.tbz.ch"|"2DCcxd-6L$@#3-VMOojf"
"nelie.jacobovitz@edu.tbz.ch"|"xjhlUx-gZrIKW-JHRc%S"
"adele.conelly@edu.tbz.ch"|"n&@nOo-zHg@BI-xiY1cd"
"clementine.dondon@edu.tbz.ch"|"R9R%2x-qYkRH8-Wt4BjL"
"zhi.willcot@edu.tbz.ch"|"elv22O-XsGgtE-quR%zf"
"chloe.janicki@edu.tbz.ch"|"8XWge6-WgvXhm-S79SIU"
"meng.linde@edu.tbz.ch"|"o4q5uv-YmV8qR-pUldRo"
"celine.janisson@edu.tbz.ch"|"LXEQts-MEwoxy-Iy89ai"
"clelia.crow@edu.tbz.ch"|"hn%lfk-aVoV$r-xAp@ea"
"cecile.pyott@edu.tbz.ch"|"LbchtS-3v6it0-G0Hi$B"
"ma.fidelus@edu.tbz.ch"|"w0a0Gi-Jr0jDa-wpuMcz"
"marie-helene.poore@edu.tbz.ch"|"wM1Mgu-gdlu1R-6CdSfE"
"elies.blanket@edu.tbz.ch"|"pIxbK9-jab5YO-FoyeCZ"
"yu.boyer@edu.tbz.ch"|"dMnU7T-y4pXij-AWOZo9"
"celia.welds@edu.tbz.ch"|"yKs&zz-C#T4Z3-@bazwm"
"du.gunney@edu.tbz.ch"|"2M7xLF-aCFNGu-KeRbSD"
"goerel.crush@edu.tbz.ch"|"K6C$qW-ZW%En5-PQQvVU"
"marie-josee.brosius@edu.tbz.ch"|"ILxm35-yzZb%E-RL#lR&"
"camelia.adds@edu.tbz.ch"|"7#RyCj-Iho#2Y-PkWVET"
"anae.irwin@edu.tbz.ch"|"665nwJ-A&VCEN-u2LvjC"
"cleopatre.skeffington@edu.tbz.ch"|"G$Vocl-l38duC-sJq6VT"
"gerald.suggate@edu.tbz.ch"|"HGL#8Y-I#CCw9-eJuub0"
"laurene.tailour@edu.tbz.ch"|"ukXTEl-iSOhU%-tmQXJq"
"amelie.hoble@edu.tbz.ch"|"ylwJpD-rLh43j-ZCOI&q"
"venus.getch@edu.tbz.ch"|"eqN9FH-pQNCBA-RXEWUC"
"renee.treby@edu.tbz.ch"|"xkQPo0-2iUnDf-qi$0sD"
"almerinda.stait@edu.tbz.ch"|"&VeZdK-ykUiHW-zVm6st"
"andree.reddecliffe@edu.tbz.ch"|"dy&h&a-3R0uyT-NqPE7B"
"leone.wintle@edu.tbz.ch"|"RLyMtL-Nk&4LB-Ro07d0"
"gerald.fellow@edu.tbz.ch"|"6YfBqW-MQvrCc-H&PS@Y"
"ju.gudger@edu.tbz.ch"|"#&SeQO-YD@UvE-Ot3djH"
"meng.ohaire@edu.tbz.ch"|"%s24@m-Z%OjPL-qxwA1W"
"cleopatre.missington@edu.tbz.ch"|"&zfx0a-DjZQhs-OCIhnS"
"annotes.debruyn@edu.tbz.ch"|"R3QU2w-qWWQGV-%o4vWL"
"gerald.sinisbury@edu.tbz.ch"|"y77LB@-YI6U8D-mZ6ou3"
"creez.slora@edu.tbz.ch"|"FXVZ0X-8IejhP-9SsWjy"
"gisele.benbow@edu.tbz.ch"|"SBdTfz-AyX5eg-@#uY4N"
"pal.dossit@edu.tbz.ch"|"re@nCc-v902m$-NeTlgD"
"nelie.stirrip@edu.tbz.ch"|"CMTOtl-lcd9bU-j$mIXC"
"alois.ocrigane@edu.tbz.ch"|"qEQO8z-4SWEyL-Jh1zKd"
"kui.mcterry@edu.tbz.ch"|"1u9rt#-4TrllB-lyadUS"
"long.willgoss@edu.tbz.ch"|"i%f&Gy-4eGG%E-9IVOj5"
"francoise.sumpner@edu.tbz.ch"|"NxkJ1z-2IGIt$-ZPXn1o"
"maely.grinstead@edu.tbz.ch"|"l7WiQJ-&RBBpG-7O12gR"
"creez.langeren@edu.tbz.ch"|"YZFiDj-uWMyYq-09reSk"
"adele.dungate@edu.tbz.ch"|"zv#&Lx-T1LjRh-sDhzqT"
"cleopatre.noirel@edu.tbz.ch"|"cticr2-&w#@iS-bqCWzu"
"interessant.daverin@edu.tbz.ch"|"5oUTkw-6S5Bpp-b7JEhl"
"naeva.kalderon@edu.tbz.ch"|"m2Zw1y-I@zL%G-UuDj5q"
"anais.oshesnan@edu.tbz.ch"|"Flb#2#-5#ftmW-kp1cMt"
"judicael.anelay@edu.tbz.ch"|"QH%Zi&-nOLlxB-9PtnCG"
"eloise.braxton@edu.tbz.ch"|"q8KX3j-U$NAD1-P2v%Ig"
"desiree.greguol@edu.tbz.ch"|"CKRDqG-4HRtWY-PDZofY"
"maite.mcclenaghan@edu.tbz.ch"|"iEYL0&-RX%$fV-k@oaqf"
"meng.doret@edu.tbz.ch"|"RqWcR#-W8s3Bc-&tX#yA"
"frederique.chippendale@edu.tbz.ch"|"Ynkk#l-8r@bpU-HR3&Xx"
"andreanne.lanney@edu.tbz.ch"|"iE3pF5-j8Kfau-VNh4&5"
"aurelie.claus@edu.tbz.ch"|"SUufzi-pk5J&t-VGhKv6"
"renee.pabel@edu.tbz.ch"|"@RYQ&W-0o8Nsk-u2SZyd"
"maena.roust@edu.tbz.ch"|"ZbWoyo-rH4lBX-&YFbJW"
"nadege.carwithim@edu.tbz.ch"|"dWcZ$T-&nR#cL-bixj7$"
"solene.geyton@edu.tbz.ch"|"FE%DhT-qAXWah-BfhCsT"
"dafnee.avraham@edu.tbz.ch"|"nLmVf0-4aj93S-TY1401"
"leane.woolvin@edu.tbz.ch"|"szMF1p-tsa1I1-NhYx1E"
"adele.macadie@edu.tbz.ch"|"#1zAwa-y%Buu0-%XB32Y"
"meline.rubica@edu.tbz.ch"|"CXGyQ8-EYR36C-XKVtzV"
"marie-noel.speeding@edu.tbz.ch"|"unalD6-2pmXJT-bX@WpH"
"nelie.mix@edu.tbz.ch"|"wf3vLn-3KEC37-zbcB9$"
"clea.ollett@edu.tbz.ch"|"lQIChL-7wg%Te-YULqO4"
"leandre.mcgavin@edu.tbz.ch"|"A@N57k-SpB&KU-5lU$nO"
"cecile.behne@edu.tbz.ch"|"pWYR$G-A6w0I5-2C%9q2"
"melanie.polle@edu.tbz.ch"|"5pD7Q0-fx8bT7-to9RiV"
"marie-josee.titmuss@edu.tbz.ch"|"f&rkWA-eoBlCU-QNwmWE"
"helena.guest@edu.tbz.ch"|"lH1z7b-GxA9oj-lzgeyQ"
"annotes.chicchetto@edu.tbz.ch"|"1mVcAg-oAcXwH-Zct3d1"
"melia.tubb@edu.tbz.ch"|"jfQk@r-5tGqTB-otemwi"
"angelique.casetti@edu.tbz.ch"|"rpvrKS-FQeotN-0MSZ89"
"cunegonde.cleall@edu.tbz.ch"|"7I4nq3-nUJdNT-kwCoKX"
"camelia.oaker@edu.tbz.ch"|"xASIdX-XZ&e5f-jrHuv6"
"you.searight@edu.tbz.ch"|"#6PzoG-h%evVV-%oYM#g"
"kevina.dederick@edu.tbz.ch"|"#$nj8K-x&9XAw-BL%raT"
"milena.jeffrey@edu.tbz.ch"|"mzaqd2-@n7zwH-ferdDb"
"melodie.barkshire@edu.tbz.ch"|"6yOhfB-hR#6cP-PBpiQe"
"gaelle.kreutzer@edu.tbz.ch"|"Uu1zN9-&ngJlc-NQ6u#j"
"kalliste.kleinpeltz@edu.tbz.ch"|"Omqx1M-6DbDaJ-3g1u7r"
"clementine.danat@edu.tbz.ch"|"ompPW5-VyNpxu-QBh@jX"
"andrea.wabb@edu.tbz.ch"|"aSbbOj-uI5DvJ-&FGXAb"
"geraldine.piesold@edu.tbz.ch"|"THsOhl-u5Bj8E-I1%OK4"
"tan.fiveash@edu.tbz.ch"|"M4SfM6-CGPeJM-NU38KE"
"meline.yuranovev@edu.tbz.ch"|"B@KJoL-gRbzn8-XCtgaO"
"therese.holme@edu.tbz.ch"|"EJkFjP-jf$IVf-O%ZcCp"
"salome.vaney@edu.tbz.ch"|"c5j9u3-W5OprY-nO5qSA"
"anae.abramson@edu.tbz.ch"|"Te1jI4-w@#iju-vJnOoP"
"kalliste.jimson@edu.tbz.ch"|"g9my6l-7de67S-PKcig4"
"selene.yole@edu.tbz.ch"|"h6PNIe-fpR400-IepGf#"
"agnes.defraine@edu.tbz.ch"|"WQTuS#-KM6Cbj-euGqYV"
"faites.mccluin@edu.tbz.ch"|"a@ci6A-Lw&rm$-njSKL@"
"athena.deme@edu.tbz.ch"|"hMhfTv-W6HX&I-b0ojxj"
"daphnee.brigstock@edu.tbz.ch"|"bjjqi6-1dfGL#-nXJmei"
"goesta.skaif@edu.tbz.ch"|"kCFq$C-OaYMAp-Oh5AKD"
"oceane.jagoe@edu.tbz.ch"|"LLjFj4-AY$VTP-yJuk%b"
"annotes.broomhall@edu.tbz.ch"|"Jhrc2k-JTB#hM-judEjq"
"marie-eve.ballendine@edu.tbz.ch"|"nBhEn#-2OH#hx-iTwvlW"
"melina.spykings@edu.tbz.ch"|"ywhlEt-#9zhsB-U8GINn"
"laurene.ticehurst@edu.tbz.ch"|"ZtrHm6-KyUMDM-d@pyll"
"fei.avramovic@edu.tbz.ch"|"XonyZy-e2bynv-kTE17V"
"publicite.strathearn@edu.tbz.ch"|"TDS8G2-#l4O$F-NKg8B9"
"torbjoern.garrow@edu.tbz.ch"|"Upyb71-XOVazx-&ct$9V"
"chloe.rubinsztein@edu.tbz.ch"|"IjEeEe-t5O2F&-o37$Bz"
"mylene.demanche@edu.tbz.ch"|"Kfsth&-wNS0vH-rwYLvz"
"mediamass.godlonton@edu.tbz.ch"|"I&6P47-KW%LnT-BsV&i@"
"renee.shurrocks@edu.tbz.ch"|"eCbAhz-0M2JF%-%iHkC5"
"maiwenn.jedras@edu.tbz.ch"|"K2YG2Z-H25BYX-OJz6XN"
"genevieve.castells@edu.tbz.ch"|"yQExj3-INxTR%-5PL3Fx"
"renee.sneden@edu.tbz.ch"|"IF#Y5l-MNFWyP-fHesV7"
"lai.mccallion@edu.tbz.ch"|"ucmAqi-g7#dyx-wp41Wq"
"kevina.impleton@edu.tbz.ch"|"QrUKhx-h@2K$f-p8ad7e"
"oesten.fresson@edu.tbz.ch"|"kQ30TJ-yZbC2g-InSNa4"
"verane.shawley@edu.tbz.ch"|"A0zIzJ-$ea9xy-IfVYqR"
"uo.sjostrom@edu.tbz.ch"|"KTcD&P-A7WSrH-6BLYU5"
"gisele.gothup@edu.tbz.ch"|"o%JLLW-3uP3nu-uCaAZx"
"renee.beauman@edu.tbz.ch"|"iY3#Il-JO07ej-GY7lRi"
"elies.loton@edu.tbz.ch"|"kzYF&w-dC9r1p-5z8EST"
"valerie.elsmore@edu.tbz.ch"|"LtpFty-Q2u45z-D3X3rq"
"berangere.delafeld@edu.tbz.ch"|"oPhES%-TcQZbe-BaVkV2"
"bjoern.schimke@edu.tbz.ch"|"twz061-9sppZe-D&bq$U"
"loic.ericssen@edu.tbz.ch"|"rl9Wcz-C6Ui6e-U5zDv&"
"creez.richarz@edu.tbz.ch"|"yzQINs-%pepQ1-JVn5NG"
"athena.grocott@edu.tbz.ch"|"tUOJ%5-m6V6vJ-mmyKyA"
"naelle.piotr@edu.tbz.ch"|"TSIavi-3tG4LH-LrdvW7"
"maella.paulson@edu.tbz.ch"|"l9avWn-p$GMWG-ox&8Pq"
"song.perot@edu.tbz.ch"|"htgcE$-J4cVae-Q1hh&m"
"kalliste.heckney@edu.tbz.ch"|"$RsC4u-ULwO2Q-1nNkls"
"ake.vasyutkin@edu.tbz.ch"|"WpNlbv-TFeEhs-pmk9RA"
"ma.castles@edu.tbz.ch"|"HvBpGC-8NKqi3-5ken7Q"
"maely.monget@edu.tbz.ch"|"#Nz4qF-@AOCVV-F2ol@s"
"tang.durbridge@edu.tbz.ch"|"s3I@f0-kBGMFJ-fG3QOX"
"laurene.andrew@edu.tbz.ch"|"#AmUla-dT9eS4-atRfZ1"
"lysea.beacon@edu.tbz.ch"|"kFFoGn-BKBaqB-2KG1uR"
"leandre.peyntue@edu.tbz.ch"|"Kw@PhL-hU$551-%ShvB3"
"rao.trever@edu.tbz.ch"|"D00%M9-1qFYKx-ju#tE6"
"mahelie.streader@edu.tbz.ch"|"SgC@fw-V595#P-dKp82l"
"maerta.andrejevic@edu.tbz.ch"|"Yx31rT-wV$fGf-6$2I$c"
"goesta.tompkins@edu.tbz.ch"|"SIK#q1-JiBd75-PzU83V"
"helena.agates@edu.tbz.ch"|"S1VyU#-k%6&&V-iNYaEG"
"therese.glass@edu.tbz.ch"|"IuVjLw-7W0TON-JjUvGi"
"alois.foan@edu.tbz.ch"|"#0m@1M-duywE0-YSQAc3"
"becassine.melchior@edu.tbz.ch"|"kIIuoh-#2$X&F-#gxuxr"
"cloe.robart@edu.tbz.ch"|"sbmHHS-3M4irs-s3iT#H"
"daniele.puckinghorne@edu.tbz.ch"|"s8&tov-XaGDoW-8ogQbn"
"selene.cammidge@edu.tbz.ch"|"gw%7Io-hmxWkr-THsaw9"
"regine.conochie@edu.tbz.ch"|"gYlRNe-wvKKUi-oAT0Ri"
"interessant.tuiller@edu.tbz.ch"|"h05$rQ-CGUED3-yH%XyJ"
"long.tiebe@edu.tbz.ch"|"xx%eTh-Prr1xG-nr6OH2"
"mans.yele@edu.tbz.ch"|"Sy39rK-ub0ZjL-tdn1qY"
"ai.giles@edu.tbz.ch"|"UjuKC@-$kD%Gu-hY27ML"
"gaetane.hamberston@edu.tbz.ch"|"aTTCRf-lREFL8-saP23I"
"marylene.fenix@edu.tbz.ch"|"soVUv$-YSrLlT-bMu71n"
"geraldine.graeme@edu.tbz.ch"|"#@sVgi-5mxq$S-WLaQF9"
"tang.kinglake@edu.tbz.ch"|"Jq0RR$-%1w0zl-%#RlUw"
"lai.challoner@edu.tbz.ch"|"X&4njW-AR#BHr-mk0vNW"
"desiree.mattei@edu.tbz.ch"|"D%3&aA-io@Oz5-0jY%j0"
"ake.erley@edu.tbz.ch"|"h9Fssd-#oF79R-AA7ruX"
"edmee.cavil@edu.tbz.ch"|"6LqrmZ-1Zz@i%-pAmRX0"
"alois.moyes@edu.tbz.ch"|"BX3ntC-ztuh0L-hPcX7K"
"becassine.pitman@edu.tbz.ch"|"rkB&bG-NNzPzE-5Bz#@N"
"ai.giacovelli@edu.tbz.ch"|"Bp0ptJ-9joc4y-RZshDJ"
"judicael.fruchter@edu.tbz.ch"|"bjJT0x-UgRjph-w56pDW"
"mans.mogg@edu.tbz.ch"|"92rVR1-uGEa5j-TcvyL2"
"gerald.foyle@edu.tbz.ch"|"m$4wm0-ML4B0D-6TZ$le"
"wa.androletti@edu.tbz.ch"|"i2&lnW-WtaWlH-tD#i#A"
"meng.ollett@edu.tbz.ch"|"PUDQ1P-kZcl30-dkK26&"
"naelle.macmenamy@edu.tbz.ch"|"r@a$WG-tWW0DM-5A3qNg"
"gisele.mcramsey@edu.tbz.ch"|"z6sXbO-BnmN9e-o7J85$"
"meryl.scolts@edu.tbz.ch"|"R%$I1I-DHMpOr-%Env8n"
"celia.bloxsome@edu.tbz.ch"|"v9fZOC-UzgjGL-5c#&Hl"
"styrbjoern.stuke@edu.tbz.ch"|"i$LmG%-6@bYt&-ele4Wb"
"felicie.gwilliam@edu.tbz.ch"|"QSxIPJ-9uR#$a-m%&CgC"
"da.harms@edu.tbz.ch"|"l#VsBX-HyoY57-2X6QzJ"
"celestine.baulk@edu.tbz.ch"|"8YZJf&-KIY@Yu-tIR#RF"
"mahelie.blackledge@edu.tbz.ch"|"rOA%#f-VohUjU-gpK7#g"
"meghane.salt@edu.tbz.ch"|"VYLx0i-$hggsw-XLV#Fk"
"methode.paxeford@edu.tbz.ch"|"xYW#Tp-7figqo-gpuRKf"
"asloeg.milligan@edu.tbz.ch"|"eOD$Gb-lSIEaV-9BC3$S"
"you.pellman@edu.tbz.ch"|"WIdta8-OTyRYS-syCmVE"
"loic.regenhardt@edu.tbz.ch"|"2pzfnK-jhM%va-SpuZ1t"
"daniele.savill@edu.tbz.ch"|"kpQYvw-0&8E7W-n2S1B8"
"alois.cornu@edu.tbz.ch"|"gWz8l&-oCqX9%-LuhPSO"
"oesten.govey@edu.tbz.ch"|"psVR7x-itQ5rR-hdCAE6"
"marie-eve.louch@edu.tbz.ch"|"H43zXO-Z4tcKe-3RVbl5"
"theresa.wenn@edu.tbz.ch"|"2SmLcJ-x2wQGa-eZsN3X"
"andree.eul@edu.tbz.ch"|"%Vv7ju-KdSNDa-i1afX3"
"lie.paynton@edu.tbz.ch"|"0Qfcfz-2ErHRw-8ZV6&c"
"marie-eve.girodier@edu.tbz.ch"|"UmSboq-teImNJ-fa8LRU"
"marie-noel.smithe@edu.tbz.ch"|"epi1Ml-6cObxk-r3IOdr"
"men.bootyman@edu.tbz.ch"|"nyQKwI-3aCp1k-n6oEKL"
"ku.sugg@edu.tbz.ch"|"nOE$vG-ShFJVb-LqNAP%"
"lucrece.roseman@edu.tbz.ch"|"H2fYnK-5DaKT3-nb7A0r"
"zoe.annear@edu.tbz.ch"|"y7gH3%-$W@Xfh-seuHya"
"marie-helene.rennebach@edu.tbz.ch"|"EhAmpw-aV7tRX-nxqTtZ"
"lea.djurdjevic@edu.tbz.ch"|"ZISE&E-DK@O0a-NdvCA2"
"goerel.robert@edu.tbz.ch"|"5BKZJ%-KU5WaE-PR2IGv"
"mylene.foldes@edu.tbz.ch"|"vxIksy-ruCGy#-co8ZL%"
"faites.clegg@edu.tbz.ch"|"9E9VMH-4LalG@-9p0zKC"
"marylene.crowcher@edu.tbz.ch"|"@k7Nhw-Xn9%Wo-VEmO95"
"aimee.wimpeney@edu.tbz.ch"|"#pzHsF-HwgXGq-4u1bps"
"renee.atkins@edu.tbz.ch"|"QnCwcK-s$CRl0-CkOP61"
"rejane.cainey@edu.tbz.ch"|"9kdKiF-Lzjdbk-U&HIvm"
"solene.britney@edu.tbz.ch"|"JmDi%V-r9FbeN-E9z5Oz"
"marten.shatliffe@edu.tbz.ch"|"Jjm4sw-%tUlGG-Ykm3Rt"
"maite.issatt@edu.tbz.ch"|"mvUQLI-jaGhBl-wCm2$R"
"maelyss.edon@edu.tbz.ch"|"TMZqjv-2mBGo0-ZhkjP3"
"nuo.bamling@edu.tbz.ch"|"tG4qsG-cRxdNF-fi91r6"
"anais.edards@edu.tbz.ch"|"gjy1L0-FM&EU6-$7gBYl"
"mediamass.bromet@edu.tbz.ch"|"698X64-lJeFEG-Y%uU6@"
"beatrice.kimbrey@edu.tbz.ch"|"OIZFWw-m$E7ct-b3$Umr"
"ines.lawranson@edu.tbz.ch"|"uLmTAr-bc2b@J-1uS9CD"
"kalliste.scandroot@edu.tbz.ch"|"EYm@uQ-lGl2T2-MZV7FK"
"mans.barrowcliffe@edu.tbz.ch"|"FsqXKl-5555XU-ZMRgss"
"irene.couves@edu.tbz.ch"|"aO6HWU-Sf$7Gm-80W&Gs"
"milena.mucci@edu.tbz.ch"|"7u%efi-HY$S$b-xihIO5"
"naeva.cow@edu.tbz.ch"|"rlp6lF-DpuJoC-JofWwI"
"audreanne.mournian@edu.tbz.ch"|"9ZqkF8-N8plXT-fk&@oM"
"melia.sinnatt@edu.tbz.ch"|"TqD5wW-X5I3l6-jZJXGh"
"nelie.burnard@edu.tbz.ch"|"L9SrUO-$oC59c-ubvASJ"
"clelia.ashfull@edu.tbz.ch"|"AOYGGo-Ipx#AE-bDXz1x"
"lie.macard@edu.tbz.ch"|"nYGX4d-UwfOf9-v8A6n@"
"valerie.matoshin@edu.tbz.ch"|"$c7q%P-YIa2y4-S3V4fx"
"anael.hatherleigh@edu.tbz.ch"|"vb@sr@-Usud1e-oh9G%T"
"interessant.warratt@edu.tbz.ch"|"M7152j-3qIym&-5zEQf4"
"eleonore.volage@edu.tbz.ch"|"%l$xfg-%B5KMW-5qFgGA"
"zoe.stebbing@edu.tbz.ch"|"Z8TAzq-j9wcvw-eVY1E&"
"alizee.nye@edu.tbz.ch"|"1BlBYY-BBpsam-NHbKb6"
"celestine.bramley@edu.tbz.ch"|"sj0Bio-wf$0$O-g$SS8H"
"selene.philcott@edu.tbz.ch"|"V#YUOC-4%y0Wr-uh&dZV"
"tang.newens@edu.tbz.ch"|"q$4YNl-0#DNYi-Glj1Z&"
"annotes.powys@edu.tbz.ch"|"Bv#abA-AzYiPK-VMRjas"
"lea.matthesius@edu.tbz.ch"|"ms$JJ5-VXILk%-x24z2M"
"illustree.garlett@edu.tbz.ch"|"&a45wh-&5T@FY-&E1Sqa"
"maiwenn.meachem@edu.tbz.ch"|"fZHcC1-hKIC1I-a$0R2A"
"marie-francoise.mcbrady@edu.tbz.ch"|"xRIj6M-G91cbi-1oHhRW"
"illustree.gimbart@edu.tbz.ch"|"Fk4B1w-iKzGu3-TmFCtJ"
"melys.lyosik@edu.tbz.ch"|"1YxzpH-xtFdt4-Nu&vy4"
"marylene.mcnab@edu.tbz.ch"|"#zyAkp-Eoc4dW-ae#zis"
"gerald.blount@edu.tbz.ch"|"Ig2#UU-mFP&QN-j0m2jV"
"clelia.shakelade@edu.tbz.ch"|"FvJKic-v%N2gp-DN2P4&"
"penelope.cridlin@edu.tbz.ch"|"90c7Sp-MMGHKZ-TG1wH$"
"maena.okuddyhy@edu.tbz.ch"|"6tHdku-FYIZ7Q-3@FqGj"
"athena.keynd@edu.tbz.ch"|"0Duq0R-7OU@Mm-H7a7mB"
"cloe.dwine@edu.tbz.ch"|"X8#%BD-kx2MWq-BlbaSs"
"josephine.browett@edu.tbz.ch"|"MKaS2c-o54U6t-R6mgVA"
"audreanne.oscanlon@edu.tbz.ch"|"@DH%B3-wDr#Td-LD0rc0"
"fei.jeanequin@edu.tbz.ch"|"6LfLsi-AqYLIy-b4BOoK"
"lois.gormally@edu.tbz.ch"|"2OauR1-ey4Bu5-XpjSjB"
"marie-francoise.finnigan@edu.tbz.ch"|"uBZWmE-R56CEC-T1r0Ks"
"leonore.trussman@edu.tbz.ch"|"IYm&ZI-n3jCCF-DZFF@L"
"anaelle.trumper@edu.tbz.ch"|"$mIlmj-VyH$fG-Y%Pr%A"
"clemence.dionis@edu.tbz.ch"|"1lrTXl-$giYdc-SZ64xU"
"lois.tranmer@edu.tbz.ch"|"482h3@-3MyriF-kZy#K@"
"interessant.volett@edu.tbz.ch"|"6mlOmW-7FlnRq-fLH568"
"personnalisee.deackes@edu.tbz.ch"|"bPaROL-ft6JCA-NnDPkJ"
"lie.vasiliu@edu.tbz.ch"|"34inT1-cHhDrw-OQieM9"
"dafnee.lamputt@edu.tbz.ch"|"sYZKiT-%&UjCw-NhxEht"
"elies.bromige@edu.tbz.ch"|"zdkC$A-Ycj5YX-6WvE4R"
"helena.klosser@edu.tbz.ch"|"2z8oxe-wGLR09-1Vz$CO"
"andree.grim@edu.tbz.ch"|"pGKdb7-KVzT4X-11BXft"
"verane.coldbath@edu.tbz.ch"|"sH8&rP-yhZxk8-ZCK#fe"
"helena.bethell@edu.tbz.ch"|"9NaZYj-Y%GI0J-jgvZ#i"
"kalliste.carefull@edu.tbz.ch"|"CqesHr-KtoDug-ckpcG&"
"regine.odams@edu.tbz.ch"|"&aJ@jY-oNCR7f-@Q52%E"
"len.stannus@edu.tbz.ch"|"QmpfVI-UXpg5#-oMOTEX"
"angelique.works@edu.tbz.ch"|"KBoYWu-e744oF-dxyW9r"
"goesta.rheaume@edu.tbz.ch"|"BPFF3D-k61nif-Tnb6qQ"
"maelys.tynnan@edu.tbz.ch"|"3lBSQD-hhU0dr-eAZTEu"
"maelle.carlesi@edu.tbz.ch"|"NxJWD4-o#8FAt-%RTB2X"
"anael.spurden@edu.tbz.ch"|"#MkOv3-ubwCiQ-@VCrn6"
"helene.pumfrett@edu.tbz.ch"|"aqUEiD-FE09UM-0JXo&&"
"goerel.pearn@edu.tbz.ch"|"rUzw&&-jlFjR8-B9iqPC"
"laurelie.dezamora@edu.tbz.ch"|"n5FW7M-E71PNq-bmJ3eE"
"yao.twidale@edu.tbz.ch"|"j5asEW-wSTvQ$-#834Wl"
"berengere.sola@edu.tbz.ch"|"YwDnLE-Y7sTOx-S2AL8#"
"maelann.hardistry@edu.tbz.ch"|"eIL4WP-R5aK0%-F$7z4Z"
"severine.littlefield@edu.tbz.ch"|"VMz7Ju-inp%YW-@AtOW7"
"salome.heinl@edu.tbz.ch"|"Rgii7w-we$UU2-zSuMDu"
"meryl.warbey@edu.tbz.ch"|"7sCd&7-9$QrXi-Od3O26"
"da.hunstone@edu.tbz.ch"|"@POXWu-Xg8VW7-X44YJi"
"venus.broadbury@edu.tbz.ch"|"48W#Pv-4P25v1-@&I2cP"
"meghane.rentelll@edu.tbz.ch"|"g3PcZ8-&0B$TJ-qaCFbS"
"marylene.drewitt@edu.tbz.ch"|"Na%pPv-7li8Sf-TuGOFE"
"melinda.jacquemet@edu.tbz.ch"|"Z@DSqn-JGphF9-YU&iZt"
"marie-josee.keyden@edu.tbz.ch"|"%ECoEl-@hC&5Q-rpzkwU"
"asloeg.montacute@edu.tbz.ch"|"pZvtg$-oAsg&y-QLgrHT"
"ku.andreou@edu.tbz.ch"|"KW4s2u-TODjt$-8#$yu8"
"personnalisee.feaveer@edu.tbz.ch"|"izep35-Xh@&8S-cangT&"
"laila.emptage@edu.tbz.ch"|"NX2@9x-rz%pRP-2HDjAp"
"bjoern.dawdry@edu.tbz.ch"|"%V7Z8A-9hNqq2-RLBCQY"
"marie-eve.dinsell@edu.tbz.ch"|"KqR$30-BiVkTm-g32a@H"
"helene.follett@edu.tbz.ch"|"xFXjAk-kU6jnk-pOK%h&"
"penelope.cordero@edu.tbz.ch"|"LGdJkK-3ZIRt2-W&ypMT"
"boerje.beedell@edu.tbz.ch"|"cUg%K7-V#EvY$-ygQ&FQ"
"nelie.ferne@edu.tbz.ch"|"$kGX4%-%5v%Hy-sEItpD"
"celine.ahmed@edu.tbz.ch"|"2JXJWv-sWJVVZ-O9KsOd"
"stevina.pimblett@edu.tbz.ch"|"06zKch-Afecnc-0t0HRX"
"chloe.langlands@edu.tbz.ch"|"MEqU6I-UVI5h$-lcb8eU"
"simplifies.maude@edu.tbz.ch"|"PX&NMp-e%A6YF-3QEPrq"
"genevieve.decarteret@edu.tbz.ch"|"#3CffK-rQwpad-N9woWg"
"marylene.mughal@edu.tbz.ch"|"9IvXo1-I4kU#x-PiTL%V"
"goeran.guttridge@edu.tbz.ch"|"98bkaU-N5dclo-zFu6Ym"
"michele.smurfitt@edu.tbz.ch"|"cxvtO#-tIlxqs-Nx@XDg"
"methode.hadeke@edu.tbz.ch"|"C3EaVU-t6ja9o-mA6pk#"
"therese.rispine@edu.tbz.ch"|"rDfwDl-YU&&%I-V9UxYG"
"goerel.plumley@edu.tbz.ch"|"zI#FEz-3E85s&-GPQZK7"
"oceane.friett@edu.tbz.ch"|"kciagG-morGlG-d&1PNn"
"marie-noel.achromov@edu.tbz.ch"|"org3Sn-7BGZ3w-OI$AWQ"
"dorothee.storek@edu.tbz.ch"|"4YT$uC-Ae9GYU-WLhyFB"
"goesta.whittle@edu.tbz.ch"|"Qcnq0R-zizJTu-&Ci6Nw"
"desiree.casely@edu.tbz.ch"|"FCC6s9-z2uAJV-jUsBiA"
"felicie.condon@edu.tbz.ch"|"NtCusN-j#YP3u-ui&Byw"
"maelyss.frisdick@edu.tbz.ch"|"XUZ4NJ-RqyDQL-BWm6bi"
"aimee.banke@edu.tbz.ch"|"c2lbp&-Dv4YuP-PwFSSm"
"naeva.hodcroft@edu.tbz.ch"|"to&Si0-Xfn#2T-IrMWrg"
"laila.gerrans@edu.tbz.ch"|"AE$vds-WNDMPm-rKlvuJ"
"daniele.scrimshire@edu.tbz.ch"|"iE1ztI-IaQCLT-p%Qr7r"
"daphnee.sheerin@edu.tbz.ch"|"HgEecm-vJf2jY-JbK7$y"
"pal.vanyukov@edu.tbz.ch"|"rFoliq-Pgi8jY-9CtXnA"
"zoe.childs@edu.tbz.ch"|"q8akMC-&1qTrn-paZSu3"
"ai.corde@edu.tbz.ch"|"nDyl6L-WlQl@l-o30eAT"
"maelys.berryann@edu.tbz.ch"|"soycOX-Ojdx0#-ozgP6I"
"cloe.gladding@edu.tbz.ch"|"OzvaXO-d9Xl#R-30W7%9"
"wa.kinnaird@edu.tbz.ch"|"U$ya7@-l98rNx-JW&O4O"
"publicite.brittoner@edu.tbz.ch"|"ZqoEod-C$nhAS-G6#s%$"
"rao.windress@edu.tbz.ch"|"tOp9qe-3@im3u-D#hBUp"
"uo.kollach@edu.tbz.ch"|"Fh0wSH-YE8H9i-LnTqpK"
"josee.peskett@edu.tbz.ch"|"g&ufjm-8rFSvj-&#@Lph"
"annotee.hasel@edu.tbz.ch"|"amcdwX-&Z&IvM-zVkG2D"
"cinema.lee@edu.tbz.ch"|"dwb2vz-AFB44f-j&AvjP"
"lai.vedeshkin@edu.tbz.ch"|"2D#T#J-%wEG2t-AxKFbY"
"renee.brisbane@edu.tbz.ch"|"#&nWlH-$8CVLD-4p9KgD"
"ophelie.blincoe@edu.tbz.ch"|"&#z3h7-2SAj65-EMl2hw"
"zhi.prazor@edu.tbz.ch"|"WBRy5O-RMN5bv-opMF9%"
"annotee.maddicks@edu.tbz.ch"|"#GJ27c-T9ElSz-@ct4Ud"
"maelyss.codd@edu.tbz.ch"|"B6@3Kk-SPO$pq-%RO0M9"
"celia.peplay@edu.tbz.ch"|"7JkiHC-r5&0Nd-ycusa0"
"interessant.skone@edu.tbz.ch"|"1KJYG#-gv@zMC-pyTMU2"
"audreanne.hebdon@edu.tbz.ch"|"X$5@Ka-oPtAjt-V6utUF"
"oceane.glen@edu.tbz.ch"|"R00znU-n75KEM-afYO25"
"daniele.vanyushkin@edu.tbz.ch"|"rfHsYu-C5SXA4-mTZ3wA"
"daphnee.ayce@edu.tbz.ch"|"yLFluT-zW&pCp-j9Q#h1"
"andrea.attride@edu.tbz.ch"|"&isZrw-6JHr7P-uidG#i"
"penelope.bridgwood@edu.tbz.ch"|"6Cm36N-In40M8-J8FFjk"
"mailis.drewitt@edu.tbz.ch"|"LlfFgT-ZfdgJA-bugTDs"
"penelope.mollene@edu.tbz.ch"|"dROMj#-jfOrbe-1cFDpN"
"illustree.keely@edu.tbz.ch"|"YSaIqT-qx1z&I-hstPh4"
"meng.brisseau@edu.tbz.ch"|"XoyA8E-SiE9Hw-JpA7Z8"
"ruo.cleiment@edu.tbz.ch"|"H89EER-vL%jJq-%T#4@C"
"maite.krammer@edu.tbz.ch"|"ofky8n-S$vv&2-pMptIl"
"genevieve.verry@edu.tbz.ch"|"H6CKgx-rw&EkY-QR6FPg"
"lea.olochan@edu.tbz.ch"|"4Niop3-A@bHZK-p0F9oa"
"naelle.brunnen@edu.tbz.ch"|"S7FQET-znfhVG-4iVTd7"
"goesta.bragginton@edu.tbz.ch"|"%6NIvk-R9EveO-RKMO5v"
"fei.danilyuk@edu.tbz.ch"|"GsRbND-7Zbm%a-%eLlfl"
"adelie.turbitt@edu.tbz.ch"|"uUDslT-znYf0d-QA&UFF"
"marylene.nutman@edu.tbz.ch"|"2UTtB&-FA@Gc#-RLBhZl"
"therese.barbrick@edu.tbz.ch"|"Q51OZN-9mO6TE-&yUhek"
"melys.kolodziej@edu.tbz.ch"|"#u4Eux-eOmr@P-ihCXf6"
"melanie.runchman@edu.tbz.ch"|"Q8b4ur-A$2LTA-#fpS%@"
"serena.lafond@edu.tbz.ch"|"WeyiB3-8wdWC8-0CCwN1"
"pelagie.desmond@edu.tbz.ch"|"Dt%sFH-p1xs71-NNasuI"
"wa.spickett@edu.tbz.ch"|"K@K6H3-xAKS#k-IT5oxZ"
"po.shave@edu.tbz.ch"|"EdTHH%-40TdBc-AO%u1V"
"song.huikerby@edu.tbz.ch"|"g2k6TD-2iQ08d-s2xjSL"
"melinda.bimson@edu.tbz.ch"|"jyZ0Ta-lgQh0p-av22u1"
"personnalisee.toffanelli@edu.tbz.ch"|"GnJDUG-dV1Vdo-aq4Di9"
"leandre.hurn@edu.tbz.ch"|"5XY4H%-97%WFU-DImo1K"
"oesten.standell@edu.tbz.ch"|"tYWts$-m1q9xG-V2kLdh"
"naelle.smaleman@edu.tbz.ch"|"Tvmxds-Z4EgM0-PLbew$"
"berenice.tayt@edu.tbz.ch"|"mjVXXu-zj&N%J-TNLEw#"
"kui.popplewell@edu.tbz.ch"|"ZSI%Pi-yMY%VP-xk&Q$9"
"melodie.ferandez@edu.tbz.ch"|"0$ckXI-PiBv7x-wuCItc"
"josee.negal@edu.tbz.ch"|"Z547YA-PbI@d1-0oLTTE"
"melissandre.ferrelli@edu.tbz.ch"|"7RjMo3-SQ6QXn-rVRMw3"
"josephine.kemmer@edu.tbz.ch"|"A7lvB6-BK#x@D-30794P"
"maely.cayette@edu.tbz.ch"|"Q#u3GU-&hz@%f-7#UHLK"
"nelie.vela@edu.tbz.ch"|"Pg#8Vd-yC$c9D-eFZ$JC"
"melina.cortes@edu.tbz.ch"|"osxopK-&5cTBe-YV&urw"
"megane.leyshon@edu.tbz.ch"|"1FYYD$-udIsuR-YDQxY&"
"regine.harrie@edu.tbz.ch"|"pIioLx-x@3xga-sNrClS"
"mylene.widdison@edu.tbz.ch"|"5T6Yp7-%Xuo#z-bzhL@w"
"pelagie.vivash@edu.tbz.ch"|"PKQhom-2USks%-8Qz6f4"
"styrbjoern.vicarey@edu.tbz.ch"|"2ZY01R-cBl0IH-paeCEe"
"long.kyles@edu.tbz.ch"|"WYg$Tk-Cd3AgS-ZiIS1@"
"stephanie.gipps@edu.tbz.ch"|"zEDldT-X3M2y9-xI6kS%"
"clea.constantine@edu.tbz.ch"|"gsrz4C-O9Sb$6-1ITBTz"
"maella.cometto@edu.tbz.ch"|"SIVNLK-m4@Xha-cOr8wf"
"laila.aubrun@edu.tbz.ch"|"HxeuHY-oU8a%3-og%Rn0"
"yao.austins@edu.tbz.ch"|"AZcMLw-fqXtHM-TDh3ek"
"mailys.rylstone@edu.tbz.ch"|"yuqGxN-5A$iEP-GFWv1p"
"adelie.curuclis@edu.tbz.ch"|"KUkpt$-2a8WDF-CnoRi9"
"celine.longhurst@edu.tbz.ch"|"13KwAx-Ka8vR#-Jum7zJ"
"gisele.hazell@edu.tbz.ch"|"qbOHbc-PSR$xm-g977Vx"
"celestine.ciccone@edu.tbz.ch"|"Lb7rHR-T@3#wh-YUZQbX"
"maelyss.doole@edu.tbz.ch"|"PCr0xN-#WvaQF-COJSXc"
"helene.grimsdike@edu.tbz.ch"|"@zHd%n-UejHZQ-sfKb9c"
"lie.macer@edu.tbz.ch"|"&G8#sE-oMaS%P-etUf%&"
"maely.izard@edu.tbz.ch"|"qTLiEH-S21sRa-S#AxQ7"
"erwei.breewood@edu.tbz.ch"|"gtGXbM-X0tQOP-sC&EFK"
"chloe.woolford@edu.tbz.ch"|"qNp&vq-hbi0KW-A49jF&"
"cleopatre.turpin@edu.tbz.ch"|"zhP&Q8-LHkA9K-BP$Pj1"
"melodie.surgison@edu.tbz.ch"|"ENyKUy-uOoThW-zK0775"
"elies.leander@edu.tbz.ch"|"4%ID0Y-dRVrhH-sB@dYU"
"mediamass.reignould@edu.tbz.ch"|"PxPKlN-q9OOF%-IBVVdn"
"celestine.wasmuth@edu.tbz.ch"|"c09hB&-pYbOQm-vOIgKH"
"marten.jervis@edu.tbz.ch"|"9#X0ib-ys@xXm-Ap1ZiP"
"daphnee.bour@edu.tbz.ch"|"IQWUe1-9T2541-GAnUve"
"regine.harlett@edu.tbz.ch"|"hzAv&#-$1rp$f-17&E1q"
"noemie.macaskie@edu.tbz.ch"|"y6OzRv-cpJ6PK-VRbsi6"
"loic.renfield@edu.tbz.ch"|"c9hP6j-$%bsmG-aiDKXw"
"venus.kleinert@edu.tbz.ch"|"#eQsP%-mOpJCH-VxlJ#F"
"marten.burlay@edu.tbz.ch"|"p2FnmS-#3hC8C-n3Iaqi"
"berengere.radsdale@edu.tbz.ch"|"hzkDYU-c6qEgD-WkIcGo"
"genevieve.duckit@edu.tbz.ch"|"%Uk8mS-yG8r$d-UbCNd6"
"maely.ligerton@edu.tbz.ch"|"z7jzoP-onhGRX-4lANu&"
"maeline.ricciardelli@edu.tbz.ch"|"X%VneQ-zl@vA4-UAaar9"
"personnalisee.yggo@edu.tbz.ch"|"F&BT46-$77ebO-tEkIRJ"
"alizee.pettinger@edu.tbz.ch"|"FjewyO-%oiksa-71Eo7B"
"desiree.curnnokk@edu.tbz.ch"|"rKsO8l-YXT4GW-$RYtxe"
"dorothee.minors@edu.tbz.ch"|"ATWohS-I2P%fT-33lGdU"
"oceanne.kopmann@edu.tbz.ch"|"nSrG$O-pN7ICC-hY71yn"
"almerinda.brodbin@edu.tbz.ch"|"YsY5hU-AQUoyx-aHfKFh"
"yenora.carsberg@edu.tbz.ch"|"p9uR#G-j0qb@S-zz938Z"
"wa.beetles@edu.tbz.ch"|"MklEAp-qmndpf-GcOEwg"
"audreanne.abbot@edu.tbz.ch"|"$dYt@J-kxQ5B9-wbVASy"
"noemie.capper@edu.tbz.ch"|"T6zfNz-1jQtZ4-BwxLXT"
"mans.abramamov@edu.tbz.ch"|"sagJTH-YhXnSd-Y9IW5j"
"audreanne.blakey@edu.tbz.ch"|"XxN#%b-XATJ@m-4$1Vfl"
"leone.klimpke@edu.tbz.ch"|"bplXAM-h1MVCp-BXpk5k"
"lie.croston@edu.tbz.ch"|"VioBW1-HqYp%9-1OOVez"
"anaelle.baistow@edu.tbz.ch"|"VUE@IF-Ru7AYe-vg43KV"
"michele.garwood@edu.tbz.ch"|"ZJNk92-d$BKeh-pLZ1N9"
"interessant.albion@edu.tbz.ch"|"4K$WyO-2F4qyJ-ZduuHQ"
"andre.brisco@edu.tbz.ch"|"Cs67V0-q%4sof-RlZyVM"
"tang.totterdill@edu.tbz.ch"|"jjy#5j-dBAIr6-Ngn3ZJ"
"marie-josee.braundt@edu.tbz.ch"|"e@kAez-cC$nhs-xjOAzF"
"lois.galer@edu.tbz.ch"|"&CrhX0-Ccxczn-P@QQvC"
"faites.pellamonuten@edu.tbz.ch"|"sSRvE5-wi8Z@U-inP7lO"
"mai.barfford@edu.tbz.ch"|"@AGhIK-dHA7Ub-4FRaAF"
"laurene.macilory@edu.tbz.ch"|"79a&@5-IAs1Si-8GBtqJ"
"elea.peak@edu.tbz.ch"|"iXeRvW-NUltZg-oNbw89"
"rejane.doni@edu.tbz.ch"|"M3rx0N-v8T&CF-8loWJJ"
"mahelie.ector@edu.tbz.ch"|"LKcVAt-C3OxuQ-ovwMsI"
"rachele.allum@edu.tbz.ch"|"jfVu0C-%gXEhJ-Vr2tJG"
"laila.gerretsen@edu.tbz.ch"|"CTWozU-1J50cs-LgM&Gu"
"ines.bowman@edu.tbz.ch"|"9L7PUY-rjx5LW-8qlBJC"
"publicite.barbary@edu.tbz.ch"|"M@L6Bm-Dz4%bY-kBxK2X"
"mailys.smooth@edu.tbz.ch"|"H#hHhZ-m3qeI9-3%MjeW"
"mailis.huguenet@edu.tbz.ch"|"Ze4%lt-76G1PH-m4LyYx"
"lea.ewer@edu.tbz.ch"|"sAOM1x-ZADyP1-9$9G3d"
