"email"|"password"
"melodie.vandervlies@edu.tbz.ch"|"75hklm-h0XhDs-1dFhBX"
"angele.edgecumbe@edu.tbz.ch"|"egOaju-Uc7JjI-pVQ4Nj"
"zhi.andreasson@edu.tbz.ch"|"LMvYyP-sLXxLF-a@#OtX"
"judicael.koppeck@edu.tbz.ch"|"ipzkQe-J3KG7S-O01m2d"
"berengere.capron@edu.tbz.ch"|"KU#C%@-@mBtBF-Q5JFyb"
"leonie.brosini@edu.tbz.ch"|"Lg85Sz-t4hcEq-y0AAxv"
"venus.garfit@edu.tbz.ch"|"rWyHav-QaZrfO-ae@BmJ"
"melina.janota@edu.tbz.ch"|"%&fW3y-m#7m84-EECNhn"
"laurene.bake@edu.tbz.ch"|"sU2o&Q-1&$up&-hEAB5J"
"regine.dorkins@edu.tbz.ch"|"xl1vv$-9mA2UO-i23kpw"
"cecile.moffet@edu.tbz.ch"|"uUQKB1-UYr9P$-3ajUCs"
"maelann.labrone@edu.tbz.ch"|"3Nhajh-1BxXiB-pI4$LF"
"melinda.newbold@edu.tbz.ch"|"rIFBjJ-xf&aDw-#bspXu"
"mans.itzhak@edu.tbz.ch"|"3WC7yG-%Zx@6J-E$Tf@n"
"melodie.pattlel@edu.tbz.ch"|"I50@3t-h10BD8-Pdgjvl"
"celine.bonett@edu.tbz.ch"|"1xiKzI-LxQrjO-%GJQ7X"
"adelie.mcgreal@edu.tbz.ch"|"q@8E3r-gcicfs-0D7aLt"
"helene.soldan@edu.tbz.ch"|"IiQbqN-Ee%vxa-0qNo#t"
"michele.cluer@edu.tbz.ch"|"hWr60P-AxSfJ%-HRbOIR"
"maeline.mueller@edu.tbz.ch"|"mKvYKZ-Yb#Oc5-iE5flY"
"maelann.benedito@edu.tbz.ch"|"LpTTM7-c9uKR3-LP6efE"
"nuo.gransden@edu.tbz.ch"|"adVuX&-a&8y#Z-x9XYKy"
"berengere.stainton@edu.tbz.ch"|"yKnrLp-te@uR3-i3&x3L"
"wa.sabater@edu.tbz.ch"|"D0R2xO-UPwE#i-VyHGzE"
"anais.cochran@edu.tbz.ch"|"PLYp%A-DFLi2O-UbsmqK"
"gerald.bessant@edu.tbz.ch"|"B9whuq-mB0pCF-qABuL4"
"ruo.coffin@edu.tbz.ch"|"k4bp7e-Shy1Ko-9&yhap"
"melodie.mustill@edu.tbz.ch"|"ZvPWK@-F&609T-#g7Nnu"
"ruo.stanesby@edu.tbz.ch"|"31C@cq-yFyo7$-QcELUe"
"noemie.antognelli@edu.tbz.ch"|"aI4QB5-UoO5p8-Z590uU"
"maelann.hughson@edu.tbz.ch"|"tK3LtZ-c1rdAx-rqYeAw"
"milena.mieville@edu.tbz.ch"|"97icUd-781OE$-McpJ9#"
"mailys.chamberlin@edu.tbz.ch"|"Q8UzXn-f%Dyak-hTN#s2"
"nadege.tomalin@edu.tbz.ch"|"#2TScd-NH0Pbl-voFYBO"
"oceane.omara@edu.tbz.ch"|"0i6$5A-QbkOmN-VolMCh"
"cecile.aguirrezabala@edu.tbz.ch"|"ZbX4ee-jL%Vj$-oacV3l"
"maella.gwillim@edu.tbz.ch"|"V%UxnF-ed2yF2-cV2@GI"
"lea.mcgahey@edu.tbz.ch"|"H6lSDe-x4#Fp9-j5C$L4"
"laurene.hagerty@edu.tbz.ch"|"4Dp#5o-BAM5tl-S5EaiY"
"dorothee.link@edu.tbz.ch"|"QJa2b1-rN9GrO-ZHWBi7"
"clementine.kynsey@edu.tbz.ch"|"jS%g1N-bzbM$y-SQSIp%"
"lorene.smitherman@edu.tbz.ch"|"#CbL%Q-O7gcvL-fb8BBf"
"cleopatre.klulicek@edu.tbz.ch"|"wt5NMC-gJBhc5-9PbgId"
"laurene.castaneda@edu.tbz.ch"|"hn#ySe-yHOlka-2VZJ@J"
"melia.constant@edu.tbz.ch"|"Ohh6fq-YYrdvO-3YxXJi"
"lucrece.clunie@edu.tbz.ch"|"%D2V32-Uceyt3-Ui1Yxd"
"eleonore.mcmurthy@edu.tbz.ch"|"0yJRWd-I2L$n4-XMX5bM"
"melia.bevar@edu.tbz.ch"|"df32PJ-%PT0bQ-cFaDem"
"camelia.bontine@edu.tbz.ch"|"VYM603-NL$j9F-S$2Eba"
"methode.jozefczak@edu.tbz.ch"|"372Mmc-BywCA4-w$F09J"
"audreanne.hinsche@edu.tbz.ch"|"h0mWhv-&6FPFN-CfF&wp"
"andree.varne@edu.tbz.ch"|"Zs0%DB-@cvj4K-5Gb4YJ"
"marten.kinleyside@edu.tbz.ch"|"O%2W4&-eObj5H-q09ALN"
"esteve.mcewan@edu.tbz.ch"|"Sk7fcm-alKkkq-JDLk4l"
"leane.dibbert@edu.tbz.ch"|"@SpKAd-9ONzXr-RcaaBf"
"ma.thewlis@edu.tbz.ch"|"i%tXss-dsjd9E-BY4LS3"
"clea.djurkovic@edu.tbz.ch"|"hmmyJ5-LCBCCH-o$KyrK"
"rachele.reburn@edu.tbz.ch"|"dUybO0-aW$#Y5-s9PWtY"
"gerald.gowling@edu.tbz.ch"|"E%s3tS-pNnnwh-QVbhvz"
"cleopatre.jackson@edu.tbz.ch"|"U$A13G-ctUTjw-hFjJ$%"
"desiree.haskins@edu.tbz.ch"|"GcZSPP-VIfKO1-T2LfsH"
"eleonore.longson@edu.tbz.ch"|"r$ks%4-0zYxJZ-rugO1t"
"leane.dybell@edu.tbz.ch"|"b8gKAC-ezhX6D-oU0h#T"
"becassine.grzesiak@edu.tbz.ch"|"kuB9rQ-Y$NNyV-&000uN"
"marie-josee.pickin@edu.tbz.ch"|"PxF9RC-2hHMi@-ULgMMt"
"marie-josee.roxby@edu.tbz.ch"|"F6@0#u-%JGnzf-X$T0Je"
"leonie.feenan@edu.tbz.ch"|"BbhXFR-ILg&Be-di0MFI"
"valerie.ellum@edu.tbz.ch"|"36D#&u-n3Nfjl-0MzXwy"
"ju.caseri@edu.tbz.ch"|"%3z9nn-2xEOf9-wDYfoJ"
"boerje.strangman@edu.tbz.ch"|"RvpT4T-MbPj6x-RTA%T5"
"beatrice.ghidelli@edu.tbz.ch"|"z$83Jq-Qba&Yr-8q7Gvu"
"da.jablonski@edu.tbz.ch"|"ugDCnn-V%M9jg-8dqhnu"
"uo.beveridge@edu.tbz.ch"|"tbqtk@-1HEsXu-7A&Q1Z"
"valerie.bestman@edu.tbz.ch"|"6q5KBS-%78eG9-GmqoO5"
"marlene.pohls@edu.tbz.ch"|"%xGYMJ-NB6Sok-19ZPcQ"
"ma.nolda@edu.tbz.ch"|"aL19K3-Rj1maN-yWIdgu"
"marlene.bisiker@edu.tbz.ch"|"Oii3KB-tXGgkP-hmb9Ox"
"estee.babon@edu.tbz.ch"|"x@7t6x-eDrz4L-ugy&2v"
"simplifies.dmisek@edu.tbz.ch"|"BCjzwM-48yFSe-xjNDHN"
"selene.ganing@edu.tbz.ch"|"H9AcZt-bTzi#h-u0db8F"
"meryl.penke@edu.tbz.ch"|"9FNCO8-RzrCM8-UmqND0"
"anais.rawcliff@edu.tbz.ch"|"66NTR0-@i70jl-ITTa6s"
"melina.andri@edu.tbz.ch"|"rZYU44-9&#Uw8-y8UAnG"
"audreanne.fodden@edu.tbz.ch"|"2jBod9-Zg8v&C-IvVwjO"
"bjoern.spellesy@edu.tbz.ch"|"oZU9T2-kymW0o-3Z1KGo"
"francoise.summerscales@edu.tbz.ch"|"rXvnrC-2FnOVB-ZGLGxt"
"laurene.ashtonhurst@edu.tbz.ch"|"COvPmG-9PGn%&-h%HCYC"
"valerie.petters@edu.tbz.ch"|"jRB0%6-9RKiUI-YO$6UA"
"anael.spenclay@edu.tbz.ch"|"DiU26C-HxA09%-$R9AH5"
"stephanie.keech@edu.tbz.ch"|"d#wYrv-YIyUr#-yyrrRP"
"ines.deveril@edu.tbz.ch"|"6KMr%s-dF%IvF-yna@X8"
"berenice.gelder@edu.tbz.ch"|"aXgfuq-IuOItO-OJ%TLz"
"melanie.ofogerty@edu.tbz.ch"|"gnFn7a-0@EB89-i57dGR"
"frederique.canepe@edu.tbz.ch"|"0pN9h@-y@fPa$-A09Cth"
"nuo.otton@edu.tbz.ch"|"F9cTG5-w#NZD6-tUVpMd"
"genevieve.trusler@edu.tbz.ch"|"BWN8g#-6&q7Ci-IyF9#X"
"ju.boag@edu.tbz.ch"|"%MXwxe-m@pGvJ-X3V8BR"
"josephine.dilucia@edu.tbz.ch"|"VghwF1-2R1jfE-qrsGd6"
"laurene.armsden@edu.tbz.ch"|"a#Nnfd-HyAhE&-qGyV6O"
"becassine.griffe@edu.tbz.ch"|"b37jvr-HWq3mH-M8U%on"
"alois.parres@edu.tbz.ch"|"wTlP@1-oJg31T-FbC@qC"
"cleopatre.gaffey@edu.tbz.ch"|"MKLfis-KxeeX0-gY%Sow"
"andre.stiger@edu.tbz.ch"|"tnoJTT-XKDWly-D79rp6"
"beatrice.godleman@edu.tbz.ch"|"mO1uzg-YNMRpA-OJdsw4"
"hakan.harrhy@edu.tbz.ch"|"reX@AZ-iyyEWx-8u#AaX"
"celestine.dagnan@edu.tbz.ch"|"IwHm8@-S5JDa5-bRngVy"
"clemence.haggart@edu.tbz.ch"|"7kbg1M-RsPg@a-Z8F@Tl"
"long.caban@edu.tbz.ch"|"Gcbq$2-@o%UaR-w4qNec"
"gaetane.grimble@edu.tbz.ch"|"3I6N&1-cK@8bC-rOFwcY"
"maelann.piwall@edu.tbz.ch"|"#GFq3w-Gt4uAd-B%ND$u"
"magdalene.loble@edu.tbz.ch"|"WQemnW-UrkdaR-zW%xCH"
"veronique.domaschke@edu.tbz.ch"|"8LKNLe-dSpA#0-vi86PZ"
"clea.herity@edu.tbz.ch"|"nYh&&E-H%LUME-RoZ18X"
"maelann.bambrough@edu.tbz.ch"|"zkFGgZ-$medke-o0dNvJ"
"clea.goulstone@edu.tbz.ch"|"ztxfSR-eGRZWn-3CuTNO"
"renee.deleek@edu.tbz.ch"|"w&BMQV-1yoZ#A-GpwJy$"
"boerje.rudderham@edu.tbz.ch"|"SY4UBl-VmxXu8-Uo$G6E"
"marylene.broune@edu.tbz.ch"|"W@1lO4-55gKz%-FVwtOM"
"nadege.mccuish@edu.tbz.ch"|"%IXdqr-jhowet-McHhvm"
"anael.littleover@edu.tbz.ch"|"fckz3G-RWW1VT-n2M3b#"
"lie.baume@edu.tbz.ch"|"KD8@1d-pfJOmI-5@X48K"
"maella.murrow@edu.tbz.ch"|"VZNi2y-wJoEOv-ZRFXAQ"
"cleopatre.pettifor@edu.tbz.ch"|"EI@GOO-VwcLDp-5$Ggm5"
"geraldine.asker@edu.tbz.ch"|"r$p@#R-sw6$H@-&@OCuN"
"gaetane.smedmore@edu.tbz.ch"|"hf&%Ek-J1P$zE-ukozaA"
"meryl.blencoe@edu.tbz.ch"|"qu9ecm-1Li0Zr-upxK4v"
"aurelie.chastaing@edu.tbz.ch"|"6k6orq-xQoysO-1$H&Lp"
"oceanne.marthen@edu.tbz.ch"|"Sm#%6H-nR1I3q-B2BypB"
"dorothee.burrill@edu.tbz.ch"|"4g&Zdq-h7TMia-8GrznI"
"hakan.belden@edu.tbz.ch"|"#HCTfc-&f94RG-iIDY8U"
"celine.brunning@edu.tbz.ch"|"jOijje-ccHDIH-am$AT3"
"anael.lapides@edu.tbz.ch"|"0sXPMv-&%0HEZ-mCUxZI"
"ruo.saffran@edu.tbz.ch"|"NyyD#5-50hwQy-j4PS3K"
"loic.gerretsen@edu.tbz.ch"|"@QrT1@-jnXez4-vJVZUD"
"rui.fitzer@edu.tbz.ch"|"%nheY$-9TV0NE-Qo3%9S"
"annotee.ogers@edu.tbz.ch"|"M1PJ3Z-ftF&Kj-IanPcD"
"boerje.bindin@edu.tbz.ch"|"FbrRqD-4ebKY1-hF#UFF"
"ma.cronchey@edu.tbz.ch"|"1T8HJE-sIiS0v-Pb6KF3"
"laurelie.baiyle@edu.tbz.ch"|"bov6%b-EOeRl%-tAI2eg"
"dorothee.older@edu.tbz.ch"|"yxhpe6-Y5uukd-uD420M"
"laurena.wile@edu.tbz.ch"|"bnQUOF-0jo2$t-OOMO$T"
"clemence.brito@edu.tbz.ch"|"vIwTj%-ONh@Wq-nfa#@x"
"nadege.dallin@edu.tbz.ch"|"pUuGZ9-J89xQ%-4b4GA#"
"mailis.matley@edu.tbz.ch"|"4#4ZAW-xHNx&i-Mj107E"
"daniele.screaton@edu.tbz.ch"|"dTT4Nw-WUc93V-j87aRp"
"mediamass.godly@edu.tbz.ch"|"B$6JK1-5un1CD-&6W&Bj"
"leone.kremer@edu.tbz.ch"|"pKC7X@-W5Csoj-7JoWEe"
"asa.adrian@edu.tbz.ch"|"SQoiYy-3iQFL%-p3bbGn"
"adele.doley@edu.tbz.ch"|"7d65Dz-bm7nvp-irPj1X"
"fei.sidney@edu.tbz.ch"|"NC8kQ8-#yOeJu-s@E7c@"
"marie-josee.walisiak@edu.tbz.ch"|"uMWYoN-Xl6tpp-8gGufi"
"desiree.diplock@edu.tbz.ch"|"fltmne-z9J$To-bYIz6@"
"gisele.schust@edu.tbz.ch"|"PxTcBX-l8hGFc-LNGocM"
"ma.longshaw@edu.tbz.ch"|"PKHtdM-1a6YBB-jxcr66"
"da.boother@edu.tbz.ch"|"zZN#Z9-UNiqjS-8kf5$e"
"simplifies.chaudhry@edu.tbz.ch"|"46sUc&-pQ4fRw-oU$jiy"
"garcon.baniard@edu.tbz.ch"|"cwb6Kd-yfuuYF-W7FZFk"
"gaetane.elphee@edu.tbz.ch"|"q%OJdy-vXzTZ2-8lgeQ%"
"gisele.hassey@edu.tbz.ch"|"xFNe$k-E804No-m1n$$#"
"oceanne.booley@edu.tbz.ch"|"JM3PDu-raNrDx-fR4WTF"
"oerjan.dibden@edu.tbz.ch"|"n1P5@k-QVaWhT-EsEwst"
"regine.ocleary@edu.tbz.ch"|"mZGkKG-zu%ikv-udHY0f"
"selene.persse@edu.tbz.ch"|"yNEatA-QwcKz0-wQkkZL"
"helena.adenot@edu.tbz.ch"|"$epx2I-Krs%Tn-XWtAeB"
"maelann.wassung@edu.tbz.ch"|"tar&nQ-AL6pOo-jEshWP"
"frederique.ackermann@edu.tbz.ch"|"#QxGd#-NQkY4B-#fJ4#4"
"audreanne.kahen@edu.tbz.ch"|"AzHrEF-K81mrK-XjB10g"
"maiwenn.lasty@edu.tbz.ch"|"5Zqd@2-k8&%ui-GhTr5t"
"yu.dictus@edu.tbz.ch"|"wtt1#7-2eoe7@-xZBW%y"
"anae.dukes@edu.tbz.ch"|"PH1rUE-rqUHvS-obD7#t"
"yenora.warr@edu.tbz.ch"|"ytoY4N-O0tvV0-QY5YbN"
"esbjoern.archibold@edu.tbz.ch"|"A5VXWj-28lDyA-XQOMzw"
"milena.pardal@edu.tbz.ch"|"89WOZZ-9AtbAd-UT9V@C"
"celestine.graveston@edu.tbz.ch"|"%J2p%W-eYNy@0-1L7wQb"
"maena.dallas@edu.tbz.ch"|"DzwrlQ-vMxdH&-MRXV9H"
"andree.tuke@edu.tbz.ch"|"x0ERz@-DT&6EW-lWmJJv"
"methode.seldner@edu.tbz.ch"|"@Yuri4-B4pZfu-f%sKpH"
"venus.bullas@edu.tbz.ch"|"PHpYro-ySZ5er-rgdTl%"
"mans.aguirrezabal@edu.tbz.ch"|"idx1EH-5P%n%N-hu&tr$"
"gaelle.eadington@edu.tbz.ch"|"4GBlIg-gxVKkO-pCQpWb"
"anaelle.falkner@edu.tbz.ch"|"se95E3-p7lSv&-uodgkF"
"ophelie.height@edu.tbz.ch"|"kkDDbd-gBMGQ6-W&Ml3M"
"marten.bolding@edu.tbz.ch"|"MG9ZwR-NLomVO-v9iwJ#"
"pelagie.guswell@edu.tbz.ch"|"hS655K-dWkUfW-gY33Pg"
"gwenaelle.lecount@edu.tbz.ch"|"Jn4tC1-5C6BF2-HQwgaX"
"hakan.laden@edu.tbz.ch"|"Gi3LC8-F#xo2j-u034P0"
"marie-josee.hylands@edu.tbz.ch"|"&bhLkM-tvL1QL-rjMTgU"
"zoe.kingshott@edu.tbz.ch"|"3ZrlfE-o&Xni1-v0HrO7"
"josee.janous@edu.tbz.ch"|"CM7Ope-Kvsyzn-Jl9qVN"
"laurene.gallally@edu.tbz.ch"|"9kLfoQ-eqx%cW-$u@EfT"
"anael.bickle@edu.tbz.ch"|"NjQJXL-k2nqqJ-y8zJcX"
"mediamass.lebbern@edu.tbz.ch"|"Hqy@8c-SR81hf-F6Wekk"
"berengere.hovy@edu.tbz.ch"|"LzH&EI-j10E8b-4vkmqe"
"oerjan.kilmurray@edu.tbz.ch"|"WlmUDA-WzdrTV-huh%5I"
"asloeg.venny@edu.tbz.ch"|"UTp2ii-%r7fY8-ZO2HfL"
"marie-noel.stoad@edu.tbz.ch"|"zuFqKB-kf5oaK-Gprgh&"
"hakan.pettifor@edu.tbz.ch"|"rEE2Bx-lQ3#yf-x2EqfF"
"maella.willgrass@edu.tbz.ch"|"F&bkfr-1X1cd&-KXddtk"
"therese.ludovici@edu.tbz.ch"|"ApXZAQ-0$%3A9-KCtklR"
"stephanie.trewhitt@edu.tbz.ch"|"mGkkRS-&nJI6p-xjKXzx"
"maerta.bauduccio@edu.tbz.ch"|"9Ll1Kg-AxEHp0-V@BwiM"
"gaetane.glaisner@edu.tbz.ch"|"eZnZam-iRmxsV-@@duPT"
"naeva.pargeter@edu.tbz.ch"|"kU@Fit-YS0Dbd-SVcdT$"
"salome.venable@edu.tbz.ch"|"OJ93SN-kaNKtX-ACCaN4"
"boerje.thickett@edu.tbz.ch"|"1u&HMl-04#BZp-FmEaR9"
"lucrece.prendergrass@edu.tbz.ch"|"SiA3OH-vwdbcT-B3ULOD"
"laurene.ockleshaw@edu.tbz.ch"|"$PZbmk-9FXPWD-tCsXh6"
"cecilia.pasticznyk@edu.tbz.ch"|"xwXka6-FQI9vv-PAQgMO"
"stevina.mackey@edu.tbz.ch"|"Z%gKA0-QkAM3m-bIDBeV"
"marie-noel.reven@edu.tbz.ch"|"AtCBvo-M9hiCx-eKR8VE"
"melina.quilkin@edu.tbz.ch"|"#i@Kvl-nTL1k2-gHZ8X7"
"marie-noel.ferrie@edu.tbz.ch"|"REHDv%-ic1v%L-#lQ4o%"
"leone.alphege@edu.tbz.ch"|"7s9Y0F-ErR$q8-U5WBwi"
"zoe.leverson@edu.tbz.ch"|"ASzQ8P-y6%$Sx-2AyfF@"
"annotes.grayne@edu.tbz.ch"|"XRSTVx-nlu$jx-v8dQ7h"
"faites.lalley@edu.tbz.ch"|"cZN#MX-NVtw#z-1NssOf"
"adele.wallis@edu.tbz.ch"|"NnrR1%-Ss@@2X-6zL2zo"
"severine.madill@edu.tbz.ch"|"zdMenq-65&Epv-GbT4y7"
"valerie.tebb@edu.tbz.ch"|"e7dIhM-QQRdKa-CVrgRx"
"kalliste.rasper@edu.tbz.ch"|"K%QvtL-V@Fg1S-xrb7bG"
"audreanne.palomba@edu.tbz.ch"|"0bPufe-wwNnWx-zQ9gsk"
"elea.adamik@edu.tbz.ch"|"INZGlW-#4d5eN-N69p9c"
"reserves.jakuszewski@edu.tbz.ch"|"ejPYn5-B9zjAn-NYqfBZ"
"athena.belhomme@edu.tbz.ch"|"#@%KqA-&v&U#z-De4gYh"
"rebecca.crippin@edu.tbz.ch"|"2hIeZE-GOL2uq-ZnHgy5"
"maiwenn.curman@edu.tbz.ch"|"0nTeKc-SMI2Jd-rfdNFv"
"andree.bunner@edu.tbz.ch"|"aQQcIV-ZF#3tZ-sORZbA"
"ruo.winckles@edu.tbz.ch"|"RrkcmZ-htEJ0Y-XbiUIE"
"naeva.buntine@edu.tbz.ch"|"y7iYB1-Hq7Scf-HteLGJ"
"boerje.dollard@edu.tbz.ch"|"LjSkmG-02K%A3-CA2XAP"
"penelope.gorman@edu.tbz.ch"|"BYWZwK-x9o52i-zphVWW"
"alois.robelin@edu.tbz.ch"|"ZJIlKl-e9eAvj-eoCSCY"
"anaelle.tindle@edu.tbz.ch"|"lUHwgO-e6zqUL-pP9C#D"
"ye.frears@edu.tbz.ch"|"hEm&DB-G6iwMh-RQZ@9O"
"andree.ovid@edu.tbz.ch"|"aBCYQO-kiyZZC-eQGkY&"
"hakan.peat@edu.tbz.ch"|"4a$Bov-0el#@C-u&XJ$U"
"andre.januszewski@edu.tbz.ch"|"xtnD$6-G5Bu%N-F#4udT"
"annotes.clemmett@edu.tbz.ch"|"2ZDPW6-w#J$qN-cjTk3F"
"pal.lambswood@edu.tbz.ch"|"t7sboW-toQVdZ-c0aiue"
"yao.lenton@edu.tbz.ch"|"Swjzbf-xqrm6H-zU2rGX"
"hakan.boyton@edu.tbz.ch"|"aBnbs6-Kmw99B-b4vwcm"
"nelie.forsey@edu.tbz.ch"|"uqXqaD-64BAis-TH8Gst"
"hakan.horche@edu.tbz.ch"|"2Qnbrl-FX7mS1-kz0hY$"
"lorene.sinkings@edu.tbz.ch"|"umNxlo-U3x@Az-oRwX3x"
"marie-therese.creddon@edu.tbz.ch"|"sveZ@E-JYFIN2-Zv9i5F"
"berenice.tolworthy@edu.tbz.ch"|"jxfmXy-HpRcmG-fAcavO"
"theresa.land@edu.tbz.ch"|"guKeLf-szvLSP-7pG#K3"
"marie-therese.gianilli@edu.tbz.ch"|"lznrN6-eQ$R17-USRXke"
"meryl.glew@edu.tbz.ch"|"h8C#02-TCb&Ws-J@pvSm"
"adele.debling@edu.tbz.ch"|"p75byS-Lpm#tZ-Ipd4r$"
"anae.metzke@edu.tbz.ch"|"%DNwAQ-$@G0U2-YgQSnV"
"gaetane.gooden@edu.tbz.ch"|"V5UJkb-%vQUQb-y%0ZQZ"
"laila.bootland@edu.tbz.ch"|"26ivmR-WF1Yo2-6mT4Sr"
"maite.helsdon@edu.tbz.ch"|"ovjcEd-cPQTKS-j8jnIQ"
"andree.malley@edu.tbz.ch"|"IQnCWe-YY@bQU-rp7UwC"
"pal.simmens@edu.tbz.ch"|"Y@SRy$-KzB3LR-M4V0sT"
"maelys.nuccitelli@edu.tbz.ch"|"KX3uAM-VC2Mfm-5rZ&wq"
"dafnee.sibary@edu.tbz.ch"|"eLcPMN-N6dDiv-dtfGq0"
"alois.harsnep@edu.tbz.ch"|"P0wpDS-n2uFdX-PYMleg"
"marie-helene.lacky@edu.tbz.ch"|"D8YPe$-j%J&SE-eJHps1"
"mylene.youthed@edu.tbz.ch"|"TYl6@d-quhFde-ZIMA9M"
"marie-helene.dehmel@edu.tbz.ch"|"Nupj99-9rrMtm-eGslcv"
"angele.batman@edu.tbz.ch"|"Vs3TvH-2&RJH0-qS3ZY#"
"melia.younghusband@edu.tbz.ch"|"nrMtnq-hJl8Sp-iYOY8v"
"eloise.baldi@edu.tbz.ch"|"2u9jq5-8s06J2-lemH6p"
"illustree.dun@edu.tbz.ch"|"8bb6On-3PjIbK-yE@5Vo"
"genevieve.late@edu.tbz.ch"|"WWc5@N-Zwoeiz-@UJOO6"
"celestine.colville@edu.tbz.ch"|"Ctcwhh-oU4aQ$-mWw6A2"
"gwenaelle.scarlon@edu.tbz.ch"|"e9bAbI-8Ax7%y-Y671DZ"
"regine.boddie@edu.tbz.ch"|"HAYSSU-yytF84-cXEx36"
"creez.gaughan@edu.tbz.ch"|"8kc0qq-A3J22&-uYInmu"
"gaia.longford@edu.tbz.ch"|"Ahiljb-tb%gJ$-i#q21k"
"mailis.buckby@edu.tbz.ch"|"0gt@iB-GI4m1I-Bgr5pY"
"song.parbrook@edu.tbz.ch"|"0Tqzk7-kKvSlZ-rpd0YH"
"frederique.heddan@edu.tbz.ch"|"zN&2@C-XdqvnU-XFaFBU"
"ake.kirtlan@edu.tbz.ch"|"Xq0qfO-vVIyxo-#t2&vV"
"nelie.runciman@edu.tbz.ch"|"e1ScaR-yPtRa0-Xc#EcE"
"mailis.cardnell@edu.tbz.ch"|"PnYqty-mTZDsD-XsFQF$"
"irene.navarro@edu.tbz.ch"|"S21adY-$HXa7i-G2BfPM"
"maite.cough@edu.tbz.ch"|"5az3cq-KcIqZT-MpCSD8"
"anaelle.stocky@edu.tbz.ch"|"tXbrFO-SwwYba-#PYfFA"
"methode.moulder@edu.tbz.ch"|"KnhhvD-H7L4ya-MvAVuq"
"po.stafford@edu.tbz.ch"|"OKsWKa-3PDs95-@b@@rc"
"faites.scraggs@edu.tbz.ch"|"OtWw8G-2i%EPe-Bj6Emr"
"adelaide.dullard@edu.tbz.ch"|"WlP#bg-@prkYa-&UtzN$"
"desiree.leonard@edu.tbz.ch"|"Llxn0v-LHuKkm-NOtgh2"
"geraldine.badgers@edu.tbz.ch"|"%drQvj-UJmT2S-5scCxo"
"ruo.masic@edu.tbz.ch"|"7#zNcv-AF0VyW-%yY4TB"
"aurelie.lieber@edu.tbz.ch"|"T&&xDh-92WZ8S-DOSRhj"
"naelle.balcock@edu.tbz.ch"|"&yNQCA-78$pPE-aORynN"
"camelia.elger@edu.tbz.ch"|"QQ8dwD-B8GWK8-v#Cmo1"
"publicite.oakeshott@edu.tbz.ch"|"YwhL#U-Z9o6Gk-%7A1yk"
"cleopatre.fawley@edu.tbz.ch"|"hPvvA&-PKkWY1-vbUYV3"
"laurene.bruckmann@edu.tbz.ch"|"#gnJOu-M8gDkd-2louGn"
"rui.haughton@edu.tbz.ch"|"$ne2qh-ePnSur-a@9WqN"
"asa.ladewig@edu.tbz.ch"|"&#@u1#-M8%1DV-IK8ecG"
"gisele.janecek@edu.tbz.ch"|"PCG0uX-El@7&5-D$08C2"
"maily.loveridge@edu.tbz.ch"|"z#KPZ0-b3pcJM-RIRo6p"
"marie-eve.yurkiewicz@edu.tbz.ch"|"riBSaB-qJghPp-hZ4X8h"
"fei.roder@edu.tbz.ch"|"hcwYKE-gL#wpI-XvT1&K"
"edmee.chatburn@edu.tbz.ch"|"e9ciIw-le#o68-VMecRY"
"geraldine.darke@edu.tbz.ch"|"5ys@GI-xHH54y-ErcFJ9"
"ye.jira@edu.tbz.ch"|"#Cd564-vaSUgU-c4D$R#"
"publicite.persent@edu.tbz.ch"|"QWEeUd-CWBmKB-Y$Tvii"
"severine.wilcox@edu.tbz.ch"|"EuLwn1-O&%rv&-iAzeqO"
"yao.mcclaren@edu.tbz.ch"|"WfWLP9-#NRBJl-3FEtD1"
"theresa.foynes@edu.tbz.ch"|"QBPGHZ-#hg4hn-TD&#@q"
"stephanie.isley@edu.tbz.ch"|"G2P#6c-1#HFSv-MOPyoz"
"torbjoern.growy@edu.tbz.ch"|"2uf#ND-6%eUb@-n7%tE#"
"eloise.tunnadine@edu.tbz.ch"|"H9jQAH-wlR2Lf-$493Rd"
"maeline.cossentine@edu.tbz.ch"|"HAgBdY-ldKH6a-MGyvpx"
"nelie.desantos@edu.tbz.ch"|"CJTD5v-z1pfNC-LnRKPd"
"gaetane.axston@edu.tbz.ch"|"RSOjyx-S4&ANS-timUBL"
"aimee.merman@edu.tbz.ch"|"FQJ8D4-TkS9PM-ODXO1c"
"oerjan.drivers@edu.tbz.ch"|"gYV53W-hapxe8-iO0d3A"
"aimee.miroy@edu.tbz.ch"|"DHtQz4-yOR5FC-3GTu9P"
"nelie.glyde@edu.tbz.ch"|"X0b#Ux-tx#&OX-EEkrz$"
"hakan.kapelhof@edu.tbz.ch"|"Yr&m0J-n#f#ng-myGRqN"
"maelyss.cauley@edu.tbz.ch"|"aZPuKP-tzz#go-$M7OQc"
"elea.vaggs@edu.tbz.ch"|"ixdOsj-OG3BiR-pC9yz9"
"maelys.but@edu.tbz.ch"|"ACWw&U-XPlhHo-147EH$"
"maella.arthurs@edu.tbz.ch"|"OyqdQi-vCG1Hd-Zs5lTd"
"adele.liebrecht@edu.tbz.ch"|"RN1Te4-hzL2CX-d%@JZV"
"meline.lomasny@edu.tbz.ch"|"FF@s6$-v6j#he-5Rv8Ee"
"mediamass.schwant@edu.tbz.ch"|"A@ps@o-at48wQ-Hftol8"
"leone.saunt@edu.tbz.ch"|"Zd3z#z-eCL9XP-F1nYyc"
"annotes.gouch@edu.tbz.ch"|"ax6yxK-#Q@&lR-%6BJ%r"
"gaetane.bowich@edu.tbz.ch"|"wd@zD1-L5el0s-IscBJY"
"alizee.strelitzki@edu.tbz.ch"|"cbVKDC-a9v5gE-Er8yDs"
"leone.poile@edu.tbz.ch"|"C06uFq-E8V6Vp-OQJvqp"
"amelie.saban@edu.tbz.ch"|"yKaqTO-fdZQ6W-tJBg95"
"marten.mcmenamin@edu.tbz.ch"|"mfYk51-#KwaWG-THA&#2"
"becassine.keets@edu.tbz.ch"|"jaMMen-NxWOob-x6GKjd"
"celine.million@edu.tbz.ch"|"9Bb89O-Wvp@kY-5YaJR@"
"geraldine.belitz@edu.tbz.ch"|"r2%UCU-KqSwhg-gt8xov"
"salome.mardling@edu.tbz.ch"|"5I$#F3-5BQn$F-2JyWc0"
"melia.blakemore@edu.tbz.ch"|"qwWbkk-ceoQ7n-9JMNRC"
"dafnee.mcaulay@edu.tbz.ch"|"yE5&vy-A&%HDm-cRFvN2"
"garcon.dennett@edu.tbz.ch"|"BFh9xT-QMRIev-2rw35I"
"interessant.lesor@edu.tbz.ch"|"qJY0YE-K@%4Lf-@5thK5"
"annotee.wasbrough@edu.tbz.ch"|"dmsP%c-hMbA8Q-8TtkiB"
"asa.ibbeson@edu.tbz.ch"|"bwrUom-Fd0s8R-uLYJ0w"
"maily.kennealy@edu.tbz.ch"|"4mh74X-igUk5I-rPBEon"
"ye.seares@edu.tbz.ch"|"StM$99-RLaVlN-VnR5ZD"
"athena.harbron@edu.tbz.ch"|"kEYssT-NJ@q3G-SS4qY1"
"andreanne.portail@edu.tbz.ch"|"Hrslj&-Wuq1Sy-ShD$PB"
"goeran.zannelli@edu.tbz.ch"|"DAUPoj-&e@kfq-NixQXE"
"gerald.leathlay@edu.tbz.ch"|"33iS7s-04iqKw-CRX#L1"
"andreanne.chown@edu.tbz.ch"|"%Jl@0G-89CGhY-oykxgO"
"esteve.clementel@edu.tbz.ch"|"fu8uA@-zG5en2-bCGQda"
"leone.legan@edu.tbz.ch"|"i6ldvf-b3y8%s-etyJq9"
"maena.pownall@edu.tbz.ch"|"q1CUJQ-buSOvR-D@iYJz"
"andree.rettie@edu.tbz.ch"|"jsbh9v-vH4CZG-Tms7fT"
"ines.kenwrick@edu.tbz.ch"|"laMd9C-s9XgKD-Rh%hAe"
"marie-helene.yarnall@edu.tbz.ch"|"RZozLh-Qri6hl-Jt0#b4"
"po.martin@edu.tbz.ch"|"ijs7xX-NHLpyQ-kuM4VU"
"ruo.celiz@edu.tbz.ch"|"%mQ4w#-7eiVo$-nKq%0H"
"po.bissett@edu.tbz.ch"|"eVHFvy-WnFUsN-3voM3I"
"du.swindon@edu.tbz.ch"|"l1dHOK-asEMn0-tgQd1O"
"interessant.gouldthorp@edu.tbz.ch"|"JGswZL-jS9HvI-fcj0g%"
"leandre.lilburn@edu.tbz.ch"|"xZ1$89-Un79V&-0Twfyq"
"bjoern.whales@edu.tbz.ch"|"YJfqLt-7gkAIP-Qeq@Ru"
"interessant.dieton@edu.tbz.ch"|"a90SWq-4jrW@e-vub6ns"
"celestine.redhills@edu.tbz.ch"|"FFlj8E-oBuETh-gTLlb4"
"tan.yakovlev@edu.tbz.ch"|"yKM%4M-UY$51f-LqoQfY"
"regine.mcdowell@edu.tbz.ch"|"lb3#KO-hee@Bk-0&hewd"
"ju.coysh@edu.tbz.ch"|"yZV7$7-MGvZnu-jl4as5"
"reserves.ofallon@edu.tbz.ch"|"M8q@cu-tNu5&Z-&S$isb"
"frederique.sobey@edu.tbz.ch"|"SBQ@Vy-WNoWZa-hiwdCe"
"marie-eve.garstang@edu.tbz.ch"|"jZ#3o#-RvPaiX-ijTi9f"
"andre.tapin@edu.tbz.ch"|"lvhFR8-fBfKtN-lsWCqq"
"esbjoern.eynon@edu.tbz.ch"|"CsLUVH-ds1gEx-tgd4mI"
"maella.duffy@edu.tbz.ch"|"Z7t4hg-UBG9By-YQjZHu"
"leandre.twinning@edu.tbz.ch"|"T2Qr6T-9Laazg-in#WY0"
"mai.whittingham@edu.tbz.ch"|"JHS3DF-sPifC8-bDWDZz"
"rachele.shevelin@edu.tbz.ch"|"Imo3nl-ksHhC@-ZcpdsY"
"cecile.mcure@edu.tbz.ch"|"i&jnxO-wTij2z-MCUX&a"
"marie-eve.yurkevich@edu.tbz.ch"|"s6mzjZ-S2hz0&-CZkpDH"
"almerinda.paice@edu.tbz.ch"|"GrOI#3-Dih2mB-0Begi&"
"rao.howkins@edu.tbz.ch"|"No0NtZ-IixTJY-6VjuuK"
"serena.pack@edu.tbz.ch"|"xUSBgK-xWWAe5-YU5doR"
"rebecca.mant@edu.tbz.ch"|"sW2eC#-7$mASr-9CNrhn"
"reserves.spitell@edu.tbz.ch"|"oqIlms-kQAN1r-1V5ZcA"
"garcon.hamfleet@edu.tbz.ch"|"auYg#C-5jYUqD-jZQ0J6"
"methode.kerkham@edu.tbz.ch"|"JTMnVQ-VostfW-&J$m72"
"pelagie.camies@edu.tbz.ch"|"mk2#hO-GhhMk%-J1yjHz"
"josephine.macpharlain@edu.tbz.ch"|"BMqild-y@9OxS-iLm9@Q"
"eugenie.mathet@edu.tbz.ch"|"Z$dJgu-olI$Zr-1pyfVv"
"gaetane.brangan@edu.tbz.ch"|"N95xoq-esihpk-&6ibAE"
"michele.dewbury@edu.tbz.ch"|"B7C&z9-bkCIi@-cHX0V8"
"eugenie.elcott@edu.tbz.ch"|"z$h%0T-#6r1V8-iKF57I"
"megane.harniman@edu.tbz.ch"|"sBlp@2-VbTUYd-bzSGk9"
"agnes.cluney@edu.tbz.ch"|"kb@OEt-TkKrQ5-wk7E7i"
"marie-helene.angear@edu.tbz.ch"|"tm9Em5-3SWjce-ZSaf#$"
"melia.dolphin@edu.tbz.ch"|"ESFZMz-I#aRQG-ZeVeM#"
"lois.ruseworth@edu.tbz.ch"|"$Lbdyk-SHrtAu-dwh@Rx"
"mailys.ryding@edu.tbz.ch"|"48OR#9-0L%wS&-Cf@TG5"
"rachele.wulfinger@edu.tbz.ch"|"V%NvNw-V&YI9V-HulVm7"
"gwenaelle.talton@edu.tbz.ch"|"rr1U3D-c5l8xP-0Z2puX"
"long.ronchetti@edu.tbz.ch"|"ld$sed-Gg#ioN-VnyKmP"
"styrbjoern.kloska@edu.tbz.ch"|"Xs9vo$-81zJCk-FIFAhg"
"len.sudran@edu.tbz.ch"|"lAS%fp-nyeOT7-DUZZLU"
"maelle.andrysek@edu.tbz.ch"|"7VVvjb-VTCfvO-s7@xc@"
"selene.senior@edu.tbz.ch"|"Fz7hpM-xiklOJ-D&jV#g"
"anais.joskovitch@edu.tbz.ch"|"3E$$EK-dsTEXH-07g5tD"
"marie-noel.dally@edu.tbz.ch"|"iBdmt3-Fh1IRo-%8q6WS"
"marie-helene.laurence@edu.tbz.ch"|"wcjcXz-E#h1cl-HC0Io@"
"camelia.foxon@edu.tbz.ch"|"14ii&7-9WrnEg-Wr$NrA"
"helene.cankett@edu.tbz.ch"|"SItPIp-4adrMt-e9Rf8k"
"marten.mitchelson@edu.tbz.ch"|"6BFKSu-PGpzD2-#n79oQ"
"helena.stirtle@edu.tbz.ch"|"4vsTmK-qUr7ak-0tPLvZ"
"leane.barmby@edu.tbz.ch"|"%PbGg4-5gEuRG-8fnC@N"
"goeran.ofinan@edu.tbz.ch"|"06h%KO-PW5AX6-AfIKnl"
"styrbjoern.proby@edu.tbz.ch"|"I@xIPS-zuRxRi-J$VG0S"
"zoe.halse@edu.tbz.ch"|"CjsDn9-dY8WSd-wlYqP3"
"kui.drable@edu.tbz.ch"|"oaWrEw-dlO2XP-WGIa7n"
"desiree.bamford@edu.tbz.ch"|"CuHcZG-FrH391-FvVTZi"
"zoe.suller@edu.tbz.ch"|"E4Vavr-zKjJ5X-gFnxBd"
"marylene.audiss@edu.tbz.ch"|"cxd7yO-wM@&4H-%ZPApS"
"adelaide.poznanski@edu.tbz.ch"|"lhkZYo-OaBuqE-0#Va7Y"
"maella.coleyshaw@edu.tbz.ch"|"D0AQsp-#k57Yi-UDGesx"
"marie-francoise.gelder@edu.tbz.ch"|"1JNjz8-gOmTcv-#mkBKa"
"eleonore.chaffyn@edu.tbz.ch"|"MHaX@l-e4uMEh-suaS22"
"celestine.sikorsky@edu.tbz.ch"|"OMGwAZ-gw1oHE-zFVQ1d"
"stevina.londsdale@edu.tbz.ch"|"WYJ2xo-$$X5wf-AbKs2V"
"maiwenn.nevitt@edu.tbz.ch"|"T5yQDF-wCj4Om-E41Cej"
"magdalene.gerrey@edu.tbz.ch"|"gQr#FM-BOk$xS-Vc@xLP"
"becassine.latimer@edu.tbz.ch"|"Qlt6Ev-o@hnYJ-cVXXLz"
"da.lethibridge@edu.tbz.ch"|"gZNkQP-bRvKj7-SnTolP"
"mailys.claige@edu.tbz.ch"|"A2CbJU-i8xYUl-Xgdzuh"
"maena.torbard@edu.tbz.ch"|"YtViId-aY&Uz9-#pu7lc"
"solene.lyvon@edu.tbz.ch"|"%k89IJ-0GhQwE-C2Wsin"
"marie-therese.benbrick@edu.tbz.ch"|"o9#fJi-MpJf9z-io5JmP"
"gerald.edmonson@edu.tbz.ch"|"gcLlpe-M0SlXw-Be0t3t"
"ake.messruther@edu.tbz.ch"|"YT4w6N-Ll9J$f-m#4ucg"
"men.gosneye@edu.tbz.ch"|"c@R7Hk-TmLqG@-xJKPXR"
"anais.jefferys@edu.tbz.ch"|"pZmVNK-TATZZX-pdvu5c"
"publicite.tregale@edu.tbz.ch"|"&C1i6C-0jJ%sK-pTQoSM"
"maily.santorini@edu.tbz.ch"|"BqLpOI-&Im3It-%PbvFh"
"ines.pioch@edu.tbz.ch"|"vFadW%-01W0ze-6scsw#"
"noemie.marklew@edu.tbz.ch"|"JJ2UkA-coqWlk-1Rq3dc"
"meghane.maccaffrey@edu.tbz.ch"|"yUOCPF-P81ULH-n$YHCA"
"berangere.ambrogio@edu.tbz.ch"|"yce2P%-NdBNXG-n3RvpO"
"mediamass.ryce@edu.tbz.ch"|"kT4uzt-q72wj$-%TTTHX"
"oesten.ubank@edu.tbz.ch"|"zG0qDO-7URFCS-PGSP&n"
"melina.mackee@edu.tbz.ch"|"VIs%3@-U4DD46-F&7hF2"
"theresa.livezey@edu.tbz.ch"|"f6yfrT-4SHFfw-AmBIxc"
"clemence.weal@edu.tbz.ch"|"slVqOr-TIU&AI-Z5wv4Z"
"faites.overton@edu.tbz.ch"|"MWFbOn-SoHd8@-Q@9Jeu"
"clea.lindblad@edu.tbz.ch"|"mg$oOS-#nNlbh-h8ec4Z"
"josephine.roseaman@edu.tbz.ch"|"jxBXAM-xEYMNb-D4U$vu"
"oesten.lowbridge@edu.tbz.ch"|"Ka0VZq-SM2zu1-n2u5Qr"
"marie-josee.brion@edu.tbz.ch"|"jQ&ueG-fGSFbt-nxMJn&"
"therese.basili@edu.tbz.ch"|"EgL%2n-GLe8IM-nMwtpZ"
"melia.vertigan@edu.tbz.ch"|"8bXh1K-l9ruP&-zAwAPe"
"judicael.saull@edu.tbz.ch"|"3yonKj-#gIN4V-Ds2WIx"
"selene.valentine@edu.tbz.ch"|"AYWIPx-GsPQun-R%RYCc"
"verane.dunlap@edu.tbz.ch"|"p7DWgH-1@Sq4q-0u4rmi"
"meline.kinnear@edu.tbz.ch"|"fclvv3-l3ILRy-tt6wsJ"
"lei.luttgert@edu.tbz.ch"|"GhQpVM-buRQX5-$E2ImF"
"styrbjoern.lathleiffure@edu.tbz.ch"|"oqLWDx-WV&iP1-$gRror"
"marlene.blasi@edu.tbz.ch"|"Etxdbn-qjCO9T-OYmuy#"
"mai.begwell@edu.tbz.ch"|"#YZ6NA-MSIlFr-O$bF1X"
"gwenaelle.kaines@edu.tbz.ch"|"yFOtiH-FI#gWw-mAtlAC"
"gerald.adamthwaite@edu.tbz.ch"|"FiDL77-wu&qNm-qVut#D"
"kui.hartfield@edu.tbz.ch"|"ozRi2a-SmhYxF-GiXo6Y"
"salome.currao@edu.tbz.ch"|"UOcGNy-VpVOY#-ytQO3V"
"angelique.tixier@edu.tbz.ch"|"JbWjI@-mtyQFu-g&K9Xe"
"ju.mcgragh@edu.tbz.ch"|"SdJwb@-cIlH$V-j5NE&p"
"dafnee.beachem@edu.tbz.ch"|"TpvOZL-vF7WCJ-LcEJ0q"
"creez.terlinden@edu.tbz.ch"|"UPKycn-PiQt8n-EH2X@U"
"uo.mcskeagan@edu.tbz.ch"|"LSzjxU-&d2NBH-KgSA1s"
"edmee.mccaughren@edu.tbz.ch"|"Ukl$%d-BzjCYQ-sC$xi7"
"asloeg.cozby@edu.tbz.ch"|"EL8%I&-nfUsZ8-4%RA6L"
"melodie.traite@edu.tbz.ch"|"odDn8d-ix#W@v-cf8PH7"
"dorothee.aindriu@edu.tbz.ch"|"o9p&Xq-kzNTEv-WK7vyi"
"daniele.doley@edu.tbz.ch"|"Smrk9C-3CzVhP-pZmFVf"
"mediamass.fairclough@edu.tbz.ch"|"4eNuyL-K8yhwJ-sC3KNM"
"lorene.rainforth@edu.tbz.ch"|"gKvw1g-hxX4EZ-0mqzbv"
"leonore.eyer@edu.tbz.ch"|"OxWYRs-sKyAZo-P@qSDG"
"po.spillman@edu.tbz.ch"|"0Bu5fB-ZKY9tU-rFwWr%"
"cecilia.plitz@edu.tbz.ch"|"SwVr@z-VKNVf3-hGwDbC"
"lorene.ludlow@edu.tbz.ch"|"xnoYmv-z$0leR-RJa&k&"
"berangere.neligan@edu.tbz.ch"|"DWL&Xz-i8Tuno-bXWMu0"
"simplifies.huggan@edu.tbz.ch"|"HpC2ZG-LV$elt-WB%VHe"
"clelia.prandy@edu.tbz.ch"|"O6ncvA-qGwF@D-PhAaMh"
"ake.osban@edu.tbz.ch"|"QjhHNo-8$JqJG-#jWQUX"
"cunegonde.brunn@edu.tbz.ch"|"LE#4tq-qYnI9c-9jtX1M"
"long.grizard@edu.tbz.ch"|"MCcA2W-JwZ%E@-AFXIEh"
"meghane.diss@edu.tbz.ch"|"WC&1n$-5rH#7$-mp0nRR"
"therese.oldman@edu.tbz.ch"|"Qeby0h-3J7rgU-mF$s&Q"
"boerje.scamerdine@edu.tbz.ch"|"UjzhK2-PMYaPX-zgrey7"
"du.saban@edu.tbz.ch"|"8#gysa-ovdIwe-WduM%K"
"hakan.clynmans@edu.tbz.ch"|"9DhxO5-2$ZCUN-FIoCeS"
"wa.macdowal@edu.tbz.ch"|"ONq$zv-$sYunC-seatun"
"venus.hatrey@edu.tbz.ch"|"AfaVMQ-wO5$BA-ypJzsn"
"anaelle.vispo@edu.tbz.ch"|"b&wTgz-dNnxSx-no%whc"
"mahelie.ollcott@edu.tbz.ch"|"yUSH5Y-5G3Ts7-5$e66N"
"mediamass.whyman@edu.tbz.ch"|"imjpLr-dx%$f1-Y2$1fN"
"esbjoern.basson@edu.tbz.ch"|"44F5$M-OilYfT-tAp5Ew"
"andrea.morrill@edu.tbz.ch"|"oUs2tU-467tl%-q&W@lo"
"melys.grassi@edu.tbz.ch"|"jrZ2c3-dqoQUR-XXJk$7"
"leone.poleye@edu.tbz.ch"|"yItQSR-lXj%d1-eoFYg7"
"francoise.penny@edu.tbz.ch"|"$wjtv7-&uxtEV-UDeRWl"
"rebecca.edney@edu.tbz.ch"|"vycLvk-fefHOF-bS$2Zn"
"adelaide.murtagh@edu.tbz.ch"|"3vqNr3-NJGCvA-su2S2u"
"stevina.winterbourne@edu.tbz.ch"|"pZmbPA-bzMzaB-NtE$7G"
"ma.cottom@edu.tbz.ch"|"VH7uax-Bed#Zo-tmlI$y"
"tan.harold@edu.tbz.ch"|"VP8$gH-2@bCvo-ZgY3@n"
"venus.forte@edu.tbz.ch"|"fPt5ig-rD62cG-dn3z7G"
"almerinda.oluney@edu.tbz.ch"|"oI7M0a-63udaZ-3ZkBa3"
"cleopatre.brehault@edu.tbz.ch"|"MKd8TX-d&lTmm-zxMmNH"
"interessant.lapides@edu.tbz.ch"|"ym5EzQ-Vo7Oi2-CyyY16"
"reserves.hallatt@edu.tbz.ch"|"GfGRNO-U1lC0W-2pL#dV"
"annotes.birdwhistle@edu.tbz.ch"|"Siu9&b-5C2qci-vK$deE"
"ai.dredge@edu.tbz.ch"|"vYE@aB-T2holj-zT%mtC"
"megane.mussard@edu.tbz.ch"|"14vsDz-pU%6@N-%KolLi"
"esbjoern.gowrich@edu.tbz.ch"|"wxaJ5X-@ozeAO-z4A8@2"
"boerje.brislawn@edu.tbz.ch"|"H0scLR-uUoh0x-szPsds"
"becassine.wilce@edu.tbz.ch"|"wWAVz%-qQJDhT-JxSBjp"
"personnalisee.oels@edu.tbz.ch"|"ZC&r4r-0VQ6RC-O415He"
"verane.pett@edu.tbz.ch"|"IgkC5j-lrcQR&-FU#f2q"
"marylene.glewe@edu.tbz.ch"|"s&XLki-1tdwqA-kGLHsC"
"lai.elson@edu.tbz.ch"|"J9Mk@9-Ldvf9B-znaL5s"
"serena.difranceschi@edu.tbz.ch"|"#a#7w$-AXKp8S-I%uLip"
"lie.espinel@edu.tbz.ch"|"pb$r2&-FS8h69-ovBJ0a"
"marylene.fantini@edu.tbz.ch"|"E#rGRf-GTXM62-u0W@#S"
"andre.archdeckne@edu.tbz.ch"|"fg&CFW-aI9pxW-U5wcHz"
"goeran.bohlingolsen@edu.tbz.ch"|"2bowvU-OJp@jt-BkC$u8"
"cunegonde.heffer@edu.tbz.ch"|"3A%kCG-fi$2L9-QKb0S7"
"tan.fechnie@edu.tbz.ch"|"z#lJ7L-6dRAah-W4ZmUX"
"marie-noel.brammar@edu.tbz.ch"|"m1If4#-t1lvyA-3uUBuD"
"simplifies.aven@edu.tbz.ch"|"Z5SJwr-eEM%n0-VJlrmS"
"melys.pinchen@edu.tbz.ch"|"B$gp9i-T&$GOn-01H#sv"
"edmee.joyner@edu.tbz.ch"|"$lD3sH-5H$JpR-Al7WZl"
"berengere.edess@edu.tbz.ch"|"ZqJFVX-xcdj5J-QQj1Nu"
"marie-noel.goward@edu.tbz.ch"|"8WF@s0-0yYsws-9D5ZrP"
"ju.edmons@edu.tbz.ch"|"wy&9#g-CmB6J&-RzHy4s"
"frederique.airds@edu.tbz.ch"|"PnJpob-CIU1Fq-P1YsD2"
"reserves.dauby@edu.tbz.ch"|"ZRz5XZ-1Cm2iu-UCI&rr"
"hakan.gynni@edu.tbz.ch"|"#g8MFW-0@Vs$q-&9LSp&"
"leonore.pinwill@edu.tbz.ch"|"a0Xz2x-Xw0q@Z-kK$5$D"
"marie-eve.mcallan@edu.tbz.ch"|"%yS6U8-jFat7j-E7H9T%"
"naelle.yeabsley@edu.tbz.ch"|"UOZLvF-bfuaJd-x0VT2h"
"nelie.jacobovitz@edu.tbz.ch"|"b1m8XP-9pJ0PM-ZchRf6"
"adele.conelly@edu.tbz.ch"|"yw%IL$-9M4V36-G3GO1F"
"clementine.dondon@edu.tbz.ch"|"0zs4F$-qt&75&-wtdxRF"
"zhi.willcot@edu.tbz.ch"|"koMAb$-lh3Gp$-XD0OWF"
"chloe.janicki@edu.tbz.ch"|"QuF1WD-U$AL#6-ThlXEA"
"meng.linde@edu.tbz.ch"|"7&8prD-BB4rDj-Da6rBR"
"celine.janisson@edu.tbz.ch"|"3hNfPg-$0QKs#-sady@S"
"clelia.crow@edu.tbz.ch"|"37nG%m-i1Lpc3-VMNRaN"
"cecile.pyott@edu.tbz.ch"|"Sr%%&Q-lXsDHS-IebqVy"
"ma.fidelus@edu.tbz.ch"|"IJQo$P-wNO6I6-zh$1@c"
"marie-helene.poore@edu.tbz.ch"|"kAnUxC-rdw7Ct-fAfGBT"
"elies.blanket@edu.tbz.ch"|"5HZUik-E1ysoU-aPLt6o"
"yu.boyer@edu.tbz.ch"|"DGRZ1l-mwZbfj-8Kyt9u"
"celia.welds@edu.tbz.ch"|"2PhVcl-@YB74E-WkHbBw"
"du.gunney@edu.tbz.ch"|"sPdirl-mmBxx#-EPVFyZ"
"goerel.crush@edu.tbz.ch"|"55yZHQ-9SEakq-e7Gbhe"
"marie-josee.brosius@edu.tbz.ch"|"lsyxT%-3XO6XM-kF8Yqu"
"camelia.adds@edu.tbz.ch"|"L%cdji-FHkZp%-nNTKa@"
"anae.irwin@edu.tbz.ch"|"qib4S&-0N35ll-b@zaWs"
"cleopatre.skeffington@edu.tbz.ch"|"@GrYLu-epN0J4-muw05A"
"gerald.suggate@edu.tbz.ch"|"Am%S8b-5aKfJt-oToA#j"
"laurene.tailour@edu.tbz.ch"|"iV387%-4Gu$LC-Z2#AYF"
"amelie.hoble@edu.tbz.ch"|"3PdmT9-kZ9ve3-1TcU&E"
"venus.getch@edu.tbz.ch"|"ItcWTK-yKkHky-bHCrqs"
"renee.treby@edu.tbz.ch"|"YZco%#-emymnh-ioF8an"
"almerinda.stait@edu.tbz.ch"|"scAIkd-VGob$W-BB52@g"
"andree.reddecliffe@edu.tbz.ch"|"tkcYnm-%FslVI-qhRgla"
"leone.wintle@edu.tbz.ch"|"WgDVju-@&PjB2-96uP0C"
"gerald.fellow@edu.tbz.ch"|"3v7EkH-DWbS6c-UhJT9N"
"ju.gudger@edu.tbz.ch"|"C0cOqB-dOPeCa-PFqRMw"
"meng.ohaire@edu.tbz.ch"|"l42MS&-mC1EFZ-R49AzO"
"cleopatre.missington@edu.tbz.ch"|"f1F@Cg-xG3E@I-LOzLXb"
"annotes.debruyn@edu.tbz.ch"|"AFGv0m-r$001Y-AL#y4h"
"gerald.sinisbury@edu.tbz.ch"|"&vLAhw-C7b6nw-GWqoPB"
"creez.slora@edu.tbz.ch"|"frz4Z9-rVvaCl-e5KBvk"
"gisele.benbow@edu.tbz.ch"|"XlFygW-LkANii-G8qhuy"
"pal.dossit@edu.tbz.ch"|"NDGGH5-RgEW7H-jfAfz7"
"nelie.stirrip@edu.tbz.ch"|"S9CHH8-FFgL7H-La&Unm"
"alois.ocrigane@edu.tbz.ch"|"vj6ti9-R2USV8-2fQLNZ"
"kui.mcterry@edu.tbz.ch"|"zZpJ4p-ASiwCy-AeLYrS"
"long.willgoss@edu.tbz.ch"|"p2L6Pp-M8AW#t-BN9qRS"
"francoise.sumpner@edu.tbz.ch"|"7l4F7m-sz$mza-$xiUfQ"
"maely.grinstead@edu.tbz.ch"|"AdAEb&-MIDCo5-8VP3bo"
"creez.langeren@edu.tbz.ch"|"zfqRXJ-HFQ9Xs-ydZFTE"
"adele.dungate@edu.tbz.ch"|"Tuk4Zq-ca9lek-fStgJz"
"cleopatre.noirel@edu.tbz.ch"|"CL8S6S-BeDJet-W#o5kj"
"interessant.daverin@edu.tbz.ch"|"lu4%1i-PxpbRP-73LHIO"
"naeva.kalderon@edu.tbz.ch"|"yGR1zN-l6gqUk-DnL7hf"
"anais.oshesnan@edu.tbz.ch"|"3QavCj-a7hUCI-m5kXf4"
"judicael.anelay@edu.tbz.ch"|"ZNxhW0-AQS%CA-MDCBQ#"
"eloise.braxton@edu.tbz.ch"|"u8bkbS-$$HddU-Gmw8xi"
"desiree.greguol@edu.tbz.ch"|"vUDfm%-S6nhlz-2g8Dy7"
"maite.mcclenaghan@edu.tbz.ch"|"2zZBCD-9Um9Zd-EDmo40"
"meng.doret@edu.tbz.ch"|"QNw0I%-GrtWAY-Bgm#R2"
"frederique.chippendale@edu.tbz.ch"|"kf9sX0-q2CFA8-vccLkq"
"andreanne.lanney@edu.tbz.ch"|"m0r0sO-7g$gGJ-#wLQv@"
"aurelie.claus@edu.tbz.ch"|"8Mk7hf-8Xa&oX-jWHbwP"
"renee.pabel@edu.tbz.ch"|"Nl1v0v-rZ#vjk-P0DKL&"
"maena.roust@edu.tbz.ch"|"ebJQos-INkeW#-U8L0$P"
"nadege.carwithim@edu.tbz.ch"|"xJAU#3-upZe0h-Khbqbb"
"solene.geyton@edu.tbz.ch"|"68#4om-rHJjWb-uuxJQl"
"dafnee.avraham@edu.tbz.ch"|"a6bwh%-Dp%WBT-Ze91%k"
"leane.woolvin@edu.tbz.ch"|"vifzA3-yJ88yr-BvAJg2"
"adele.macadie@edu.tbz.ch"|"23oEPy-ycbJdI-ZwlPO5"
"meline.rubica@edu.tbz.ch"|"Ve@Mu%-a0fEDl-Y%bRcR"
"marie-noel.speeding@edu.tbz.ch"|"%MltRU-tMrIqs-2xoiyb"
"nelie.mix@edu.tbz.ch"|"vVzAUv-bctthc-LOUDhv"
"clea.ollett@edu.tbz.ch"|"dgAOAv-xWiTpV-no5Nc%"
"leandre.mcgavin@edu.tbz.ch"|"5cFsf1-AP&3kD-%FFSY5"
"cecile.behne@edu.tbz.ch"|"GC%nzG-LEMvKu-pCxhUN"
"melanie.polle@edu.tbz.ch"|"DDamSr-VKEYMf-U$uQaa"
"marie-josee.titmuss@edu.tbz.ch"|"Wgw6ZJ-gGWj0D-PFn2L%"
"helena.guest@edu.tbz.ch"|"DSBg3x-j@jif2-7KdXr5"
"annotes.chicchetto@edu.tbz.ch"|"VNEomM-s31R51-sj3$BE"
"melia.tubb@edu.tbz.ch"|"2BFByi-bZLKQk-x2ZbsV"
"angelique.casetti@edu.tbz.ch"|"tKSzwD-KL0gBS-CBn9Zb"
"cunegonde.cleall@edu.tbz.ch"|"sU33OB-WdMatG-m$f%RV"
"camelia.oaker@edu.tbz.ch"|"CaoFu8-RT&mh8-0GZBmk"
"you.searight@edu.tbz.ch"|"lUGAlQ-Gne9kZ-17nscM"
"kevina.dederick@edu.tbz.ch"|"By7Wx8-iqF50I-PMp@hd"
"milena.jeffrey@edu.tbz.ch"|"6otq$$-Tb0Z1C-9JOlof"
"melodie.barkshire@edu.tbz.ch"|"NBWxd#-&z$8@z-IR&Ja5"
"gaelle.kreutzer@edu.tbz.ch"|"AIOVE1-ijvB8D-pvYXiZ"
"kalliste.kleinpeltz@edu.tbz.ch"|"NNZpKQ-iMbwAw-CgudTc"
"clementine.danat@edu.tbz.ch"|"QyJ$@u-0Tij&L-Hd3U$c"
"andrea.wabb@edu.tbz.ch"|"LmEtyJ-20IJna-dkiXvR"
"geraldine.piesold@edu.tbz.ch"|"2OZ27l-YcRL9s-b%USjp"
"tan.fiveash@edu.tbz.ch"|"bv%6d2-$dY&gj-ZyqC%9"
"meline.yuranovev@edu.tbz.ch"|"RcP15i-p#2Gp7-&rZKlg"
"therese.holme@edu.tbz.ch"|"ExP4aT-DAUZwJ-Bh9yYY"
"salome.vaney@edu.tbz.ch"|"0i%mI8-7g00w@-gbm$iE"
"anae.abramson@edu.tbz.ch"|"bIkmsp-Cfpnt2-LkFnQs"
"kalliste.jimson@edu.tbz.ch"|"wmSIMT-aPnBvz-9S#8HU"
"selene.yole@edu.tbz.ch"|"Svf1BL-wZu316-0Imk1c"
"agnes.defraine@edu.tbz.ch"|"AdG0Gp-aL6Tbf-pWH@gv"
"faites.mccluin@edu.tbz.ch"|"bj@XkO-MfiwB4-U&Fqb0"
"athena.deme@edu.tbz.ch"|"ljwZoM-u6#@%w-DhN$yd"
"daphnee.brigstock@edu.tbz.ch"|"#GsnWW-$iE2hL-X@FZ@F"
"goesta.skaif@edu.tbz.ch"|"Ves&0U-No%Nq7-BO7USI"
"oceane.jagoe@edu.tbz.ch"|"4bIh0c-nUqdJK-jTAhdw"
"annotes.broomhall@edu.tbz.ch"|"4r4liC-gLUnO%-PpVv5e"
"marie-eve.ballendine@edu.tbz.ch"|"WnlgvJ-dHuSrc-6sValF"
"melina.spykings@edu.tbz.ch"|"NCAA&q-xZ4ck%-ERuAUr"
"laurene.ticehurst@edu.tbz.ch"|"A2TS6h-1BzsMW-M$Ity8"
"fei.avramovic@edu.tbz.ch"|"2PqM32-nff8aQ-fea8RD"
"publicite.strathearn@edu.tbz.ch"|"YTc#uT-C7MYlD-w@hOV3"
"torbjoern.garrow@edu.tbz.ch"|"BwDxmH-91#ulM-A6hLOf"
"chloe.rubinsztein@edu.tbz.ch"|"NK0Rrb-fkqzj9-14WsBk"
"mylene.demanche@edu.tbz.ch"|"LRf1aS-Ltxt31-KeW0H4"
"mediamass.godlonton@edu.tbz.ch"|"mY0hKv-fHW1pe-d$kaN&"
"renee.shurrocks@edu.tbz.ch"|"DUY0ss-S5oO&N-i3UmiV"
"maiwenn.jedras@edu.tbz.ch"|"zs@s%H-A#1RU7-trlDcy"
"genevieve.castells@edu.tbz.ch"|"OF&KM1-q$GSOL-CKEuU@"
"renee.sneden@edu.tbz.ch"|"@gy$Vp-n0wd66-Kh89bt"
"lai.mccallion@edu.tbz.ch"|"pYL83Y-3MixuR-YPTgdm"
"kevina.impleton@edu.tbz.ch"|"aVk9$9-lgW$0F-hL0Dhf"
"oesten.fresson@edu.tbz.ch"|"jXO807-BLim91-4tz0Y%"
"verane.shawley@edu.tbz.ch"|"8LTRGv-yWPBEo-Sc&HoS"
"uo.sjostrom@edu.tbz.ch"|"Eky$8W-tMXzPS-dBTdCW"
"gisele.gothup@edu.tbz.ch"|"OT7a2#-qyUgw2-u6pLcO"
"renee.beauman@edu.tbz.ch"|"3oG%bP-k#W%kq-IuCGCV"
"elies.loton@edu.tbz.ch"|"evOhKk-MQs#bZ-uRynC9"
"valerie.elsmore@edu.tbz.ch"|"st%LWS-i0mz9z-cDxYl4"
"berangere.delafeld@edu.tbz.ch"|"Gg9koc-6A4poQ-dyosmR"
"bjoern.schimke@edu.tbz.ch"|"awI#N&-TRZS6b-ZP@v7$"
"loic.ericssen@edu.tbz.ch"|"XGdUax-nh@Lb@-766rHS"
"creez.richarz@edu.tbz.ch"|"DLIghY-aeBm3n-YZN2oa"
"athena.grocott@edu.tbz.ch"|"LaUKuC-a$mSM9-F4o$LV"
"naelle.piotr@edu.tbz.ch"|"nD1CPQ-DVku7W-FSDTdJ"
"maella.paulson@edu.tbz.ch"|"Toz5q5-43ZK$M-tqB@iz"
"song.perot@edu.tbz.ch"|"LE&WvC-hJxF1J-sswWP@"
"kalliste.heckney@edu.tbz.ch"|"skBkO8-aIPZmG-UqZIMJ"
"ake.vasyutkin@edu.tbz.ch"|"zgjHEn-FKZSlx-F69Gn$"
"ma.castles@edu.tbz.ch"|"apzD5r-u6Cn27-Omu@EL"
"maely.monget@edu.tbz.ch"|"EYzLtq-dmLlOl-NveDUa"
"tang.durbridge@edu.tbz.ch"|"HE8GNU-fl219U-DBllIO"
"laurene.andrew@edu.tbz.ch"|"QZinGN-Dhjkde-60QWDm"
"lysea.beacon@edu.tbz.ch"|"YrOjy5-ZhZ4A8-J6JvBI"
"leandre.peyntue@edu.tbz.ch"|"7EUGBG-n%8i1c-W0BoWT"
"rao.trever@edu.tbz.ch"|"&FSV2l-ascrjS-IPxDvG"
"mahelie.streader@edu.tbz.ch"|"IujE@Q-mzh81i-KSDOpn"
"maerta.andrejevic@edu.tbz.ch"|"ySIZSu-N9v&sC-%FaLNb"
"goesta.tompkins@edu.tbz.ch"|"WjfGH6-7SmOJK-HI2QrC"
"helena.agates@edu.tbz.ch"|"X0fGvR-0sgh06-EnigW4"
"therese.glass@edu.tbz.ch"|"MC&Vo9-9$NxYi-6CvWwf"
"alois.foan@edu.tbz.ch"|"22W6&j-6Ujr0u-tfELew"
"becassine.melchior@edu.tbz.ch"|"U4CLr2-wzrILS-Xge%vL"
"cloe.robart@edu.tbz.ch"|"u6AS5L-d8Te6S-ccB#9i"
"daniele.puckinghorne@edu.tbz.ch"|"PG0jhg-AB%hDK-Arq9Dq"
"selene.cammidge@edu.tbz.ch"|"sPGmXH-3mmk0T-py5oyW"
"regine.conochie@edu.tbz.ch"|"ekmjOi-&4Vf$o-fqodQc"
"interessant.tuiller@edu.tbz.ch"|"GsYBae-%B6F7F-KzuYJR"
"long.tiebe@edu.tbz.ch"|"QRr5jE-2yH%n&-nzq$Q6"
"mans.yele@edu.tbz.ch"|"%0Sr@@-xrfizS-REW8lw"
"ai.giles@edu.tbz.ch"|"JmyZTK-$Thf@A-HDec0Q"
"gaetane.hamberston@edu.tbz.ch"|"F4KDpj-bYC$EK-MIdMgU"
"marylene.fenix@edu.tbz.ch"|"zr@WwK-uAOepB-KL&b3N"
"geraldine.graeme@edu.tbz.ch"|"fIJ9Qu-P#yNl0-%iBkTt"
"tang.kinglake@edu.tbz.ch"|"fIY$Rp-cifN#K-0w8GBS"
"lai.challoner@edu.tbz.ch"|"Z8@1CF-Rk@#@A-CYNK7K"
"desiree.mattei@edu.tbz.ch"|"Vi0FnP-DzRhgg-41Yvvq"
"ake.erley@edu.tbz.ch"|"ZRfusD-2cFnhk-h3yKBi"
"edmee.cavil@edu.tbz.ch"|"gygQ9z-L&zBTf-5Z%N$t"
"alois.moyes@edu.tbz.ch"|"@UbpRn-@3C@DI-o0DQiw"
"becassine.pitman@edu.tbz.ch"|"7GoX7S-M44k%R-iAdWDz"
"ai.giacovelli@edu.tbz.ch"|"FABuLp-EiagKN-SsXQRI"
"judicael.fruchter@edu.tbz.ch"|"OsmALQ-Z8qeqM-Hy97@M"
"mans.mogg@edu.tbz.ch"|"72dZRl-t3PbcU-cbN2Rj"
"gerald.foyle@edu.tbz.ch"|"uQD48V-TTBtr$-a5Bgkz"
"wa.androletti@edu.tbz.ch"|"E3a39G-lC9lml-JGlpyl"
"meng.ollett@edu.tbz.ch"|"FFPZ#x-EVKZmy-SC2rLV"
"naelle.macmenamy@edu.tbz.ch"|"$fnhcx-fIsvf9-jCBvKY"
"gisele.mcramsey@edu.tbz.ch"|"A4j%Wf-YEFRfX-wbQyeh"
"meryl.scolts@edu.tbz.ch"|"SJGknw-z259pn-FYHv@c"
"celia.bloxsome@edu.tbz.ch"|"sAiK6d-&UFZcS-S9Awe@"
"styrbjoern.stuke@edu.tbz.ch"|"DB2DHu-HGxn33-Ic@MUL"
"felicie.gwilliam@edu.tbz.ch"|"m9grD7-e2mAPG-JBk1sT"
"da.harms@edu.tbz.ch"|"6Ft%kO-kXxy0L-WLgCiv"
"celestine.baulk@edu.tbz.ch"|"Eh4mg8-S&$HM9-jX&SN8"
"mahelie.blackledge@edu.tbz.ch"|"40f8%y-$tY7nT-&$o6HU"
"meghane.salt@edu.tbz.ch"|"iqv9aJ-zBumyT-c7yM3&"
"methode.paxeford@edu.tbz.ch"|"3Ivecs-ipYOEj-HLnsOw"
"asloeg.milligan@edu.tbz.ch"|"vhSFLP-%ZsPmc-oLozgR"
"you.pellman@edu.tbz.ch"|"B#Y7Vn-WMmE%l-bV4nGV"
"loic.regenhardt@edu.tbz.ch"|"99TH%C-6dyeWX-K5lkL2"
"daniele.savill@edu.tbz.ch"|"HYQeo5-90NDVr-O6KqYg"
"alois.cornu@edu.tbz.ch"|"mfXluq-VIOGb@-s9wR4W"
"oesten.govey@edu.tbz.ch"|"5u9KDC-mOjCEq-%D7uYO"
"marie-eve.louch@edu.tbz.ch"|"Ys11NC-plC8vA-ovywT9"
"theresa.wenn@edu.tbz.ch"|"GHtQe0-x#SsHN-lTQ8ns"
"andree.eul@edu.tbz.ch"|"KImg15-IQHSyc-q1%Vup"
"lie.paynton@edu.tbz.ch"|"iJ@XUN-Ra&y0x-FC4ody"
"marie-eve.girodier@edu.tbz.ch"|"@SHK&%-jp4ldX-sBlgrl"
"marie-noel.smithe@edu.tbz.ch"|"PXdNKU-Il7MnO-XZJkdS"
"men.bootyman@edu.tbz.ch"|"3gYikp-Pxd2Ad-KHzgJ7"
"ku.sugg@edu.tbz.ch"|"2ES#cS-ld5VIu-MafEWf"
"lucrece.roseman@edu.tbz.ch"|"JCD%Gt-Clc%hZ-CuwVIM"
"zoe.annear@edu.tbz.ch"|"ZcjS@7-OkKnpQ-$LkjEm"
"marie-helene.rennebach@edu.tbz.ch"|"Jjf6O1-iAqm9n-mq2cW@"
"lea.djurdjevic@edu.tbz.ch"|"%2AqWd-H#BQiO-l9b1y$"
"goerel.robert@edu.tbz.ch"|"DWIaB3-V2aJam-kV8Tqy"
"mylene.foldes@edu.tbz.ch"|"$Wpg7E-SnbMgL-tck3JP"
"faites.clegg@edu.tbz.ch"|"H2rdIH-8W#jcO-#1uk4p"
"marylene.crowcher@edu.tbz.ch"|"uLvZ#k-4WmzSm-Lx3@9p"
"aimee.wimpeney@edu.tbz.ch"|"kAbJxc-RnZAfS-JtqQIQ"
"renee.atkins@edu.tbz.ch"|"3MCny$-C&%Uk&-A3z8Ps"
"rejane.cainey@edu.tbz.ch"|"L4R$Pj-SbEUnZ-b84sIn"
"solene.britney@edu.tbz.ch"|"2S8@XY-gjRWOq-bSZ4DS"
"marten.shatliffe@edu.tbz.ch"|"22WNCZ-wyw9xn-AtEzWL"
"maite.issatt@edu.tbz.ch"|"@zWjhd-ZbYJ2t-jmjdG7"
"maelyss.edon@edu.tbz.ch"|"fMhsxV-isKSWS-oCwsUW"
"nuo.bamling@edu.tbz.ch"|"O2HF8l-vvXkNQ-uO#fGb"
"anais.edards@edu.tbz.ch"|"DWdgKy-Rv6rEg-i$th2&"
"mediamass.bromet@edu.tbz.ch"|"7CFqBc-39X8UH-lbBC&R"
"beatrice.kimbrey@edu.tbz.ch"|"xz6CWU-fo2P6d-Ebse2U"
"ines.lawranson@edu.tbz.ch"|"8pWR&$-g16JDT-HBUgo6"
"kalliste.scandroot@edu.tbz.ch"|"y16Jem-RijACt-F%c6#3"
"mans.barrowcliffe@edu.tbz.ch"|"bhhIL2-w66z9U-Lb$X$Q"
"irene.couves@edu.tbz.ch"|"b%6NlA-dYx118-DC2FRU"
"milena.mucci@edu.tbz.ch"|"mM7tim-l6llB3-VQdP%0"
"naeva.cow@edu.tbz.ch"|"7Z&RuR-@04Kwu-3d5qLl"
"audreanne.mournian@edu.tbz.ch"|"zErT$T-RcEMJi-V665$N"
"melia.sinnatt@edu.tbz.ch"|"jjnoMP-eckuGH-xtIxnt"
"nelie.burnard@edu.tbz.ch"|"l5V%tW-io$IjP-Rmv5LY"
"clelia.ashfull@edu.tbz.ch"|"%O9VSA-rsKQGI-DLY45p"
"lie.macard@edu.tbz.ch"|"h%$Ywi-al&dR8-sf3ioZ"
"valerie.matoshin@edu.tbz.ch"|"mj7V9p-GELSX4-0fyJEY"
"anael.hatherleigh@edu.tbz.ch"|"7iaXnI-UdMsSW-A0cvmx"
"interessant.warratt@edu.tbz.ch"|"LKPt#e-XNuOkK-zEJoyt"
"eleonore.volage@edu.tbz.ch"|"nyWGQL-m2ufnC-wW14bz"
"zoe.stebbing@edu.tbz.ch"|"VMxWlo-Hkt5QT-BbY3VO"
"alizee.nye@edu.tbz.ch"|"&@WBts-b5i9io-MkFO6A"
"celestine.bramley@edu.tbz.ch"|"#qJ$IC-6z0&zT-4QKBrj"
"selene.philcott@edu.tbz.ch"|"glcvhq-LkYpfq-3rE3O9"
"tang.newens@edu.tbz.ch"|"J&ezvx-RWfIa#-QSOdY9"
"annotes.powys@edu.tbz.ch"|"5XSez%-E7DXl4-Cj%z76"
"lea.matthesius@edu.tbz.ch"|"1vi#X3-LT&WeT-6@4yez"
"illustree.garlett@edu.tbz.ch"|"eDYtyN-HLlH&#-8$4nA7"
"maiwenn.meachem@edu.tbz.ch"|"lqkBK6-63$csm-LdTyHf"
"marie-francoise.mcbrady@edu.tbz.ch"|"QxUq1x-MRqtM6-Z5oZes"
"illustree.gimbart@edu.tbz.ch"|"v3CBkl-t5v9jI-AZqtmJ"
"melys.lyosik@edu.tbz.ch"|"jIwhaJ-j9Gm2D-pAVzvc"
"marylene.mcnab@edu.tbz.ch"|"er@toX-JV6%#a-jVnwD7"
"gerald.blount@edu.tbz.ch"|"MJEVzN-ww4u$C-11HRoF"
"clelia.shakelade@edu.tbz.ch"|"tp9W&4-3HxgjL-ya%rkt"
"penelope.cridlin@edu.tbz.ch"|"YKpjmS-oqwT7W-Dx5@FF"
"maena.okuddyhy@edu.tbz.ch"|"#$ZoDW-N%XKBQ-ovhQs4"
"athena.keynd@edu.tbz.ch"|"i5s&Km-mlklxQ-MVirc3"
"cloe.dwine@edu.tbz.ch"|"X4rj6u-#UteZF-Ox64GI"
"josephine.browett@edu.tbz.ch"|"Xr%PDG-urXJQB-UD20bS"
"audreanne.oscanlon@edu.tbz.ch"|"w0Q$@b-FheC@D-C6tz6%"
"fei.jeanequin@edu.tbz.ch"|"DQwnBU-mKDoKr-7ITEoD"
"lois.gormally@edu.tbz.ch"|"c65e&V-9shk2M-$gsbyp"
"marie-francoise.finnigan@edu.tbz.ch"|"R76y3X-E2pBNa-T%itiB"
"leonore.trussman@edu.tbz.ch"|"VKV@e8-FEEjj#-V1EHiW"
"anaelle.trumper@edu.tbz.ch"|"39y81G-P$Ol#5-QDDYc#"
"clemence.dionis@edu.tbz.ch"|"Erd5YB-%qE$sI-PqJIJy"
"lois.tranmer@edu.tbz.ch"|"L4d@wu-eliNWh-81YvEZ"
"interessant.volett@edu.tbz.ch"|"XFFbtm-Dtx15y-Aj2XCd"
"personnalisee.deackes@edu.tbz.ch"|"eruSxJ-7iZqmf-Vj3i&D"
"lie.vasiliu@edu.tbz.ch"|"nDwEAU-51eAjK-j$9FBk"
"dafnee.lamputt@edu.tbz.ch"|"TknU#N-%d7H#M-hRaRom"
"elies.bromige@edu.tbz.ch"|"PJz#nn-DHMa$C-0Hy99u"
"helena.klosser@edu.tbz.ch"|"xYAF%l-obz2#5-rz0MAr"
"andree.grim@edu.tbz.ch"|"z&Exu%-870n&v-fUM8Os"
"verane.coldbath@edu.tbz.ch"|"sKgdxK-JgpMvM-2ZeKp6"
"helena.bethell@edu.tbz.ch"|"Cz89Yw-0$qfPx-L&tdHN"
"kalliste.carefull@edu.tbz.ch"|"5pXV3j-RS7w3R-V&6Jde"
"regine.odams@edu.tbz.ch"|"aSA0@R-OdBcg7-vZXvlj"
"len.stannus@edu.tbz.ch"|"TU9C0h-0HwCSX-qeheXG"
"angelique.works@edu.tbz.ch"|"i3MOdO-lmfcG9-6vOgua"
"goesta.rheaume@edu.tbz.ch"|"#25jZY-P3OEfG-ziydb0"
"maelys.tynnan@edu.tbz.ch"|"q6G2It-T%qwLv-%b7vzv"
"maelle.carlesi@edu.tbz.ch"|"UoMwk#-%1BQ4K-lcyckD"
"anael.spurden@edu.tbz.ch"|"fX3a2p-9ZubUZ-ITn8#j"
"helene.pumfrett@edu.tbz.ch"|"FJtbv0-MmdTNp-pgjAwT"
"goerel.pearn@edu.tbz.ch"|"Ci3vUo-3FpuiC-Zqh5EU"
"laurelie.dezamora@edu.tbz.ch"|"$rncwX-Y29Jzs-pjtaoQ"
"yao.twidale@edu.tbz.ch"|"6eIlhz-Sbh8Tk-m&E$of"
"berengere.sola@edu.tbz.ch"|"Jl1JFp-fI8gny-2SSjs2"
"maelann.hardistry@edu.tbz.ch"|"fEZ9RQ-$FYxIh-oBt1Eh"
"severine.littlefield@edu.tbz.ch"|"FWemEY-M4KKxT-Aqpsh4"
"salome.heinl@edu.tbz.ch"|"v5N6a8-fhtr3Y-8rqcOl"
"meryl.warbey@edu.tbz.ch"|"8SFZ81-WZ796E-b19aJl"
"da.hunstone@edu.tbz.ch"|"cVbmfs-rty$q7-%bA&yP"
"venus.broadbury@edu.tbz.ch"|"mKOVOA-iOyjp5-lVWXfp"
"meghane.rentelll@edu.tbz.ch"|"j#28ct-IZPTpH-t1bdsh"
"marylene.drewitt@edu.tbz.ch"|"mC3&Ik-YEd#hZ-nfrw2o"
"melinda.jacquemet@edu.tbz.ch"|"vvl740-1OoTrr-6UVgtl"
"marie-josee.keyden@edu.tbz.ch"|"bZhtgX-zGXsuY-mAQKHt"
"asloeg.montacute@edu.tbz.ch"|"5xFWkg-Tuy8hy-$M1fbs"
"ku.andreou@edu.tbz.ch"|"1c#no3-SqiAXp-z4%1MT"
"personnalisee.feaveer@edu.tbz.ch"|"v00zgL-RQ5TCd-wmZY5@"
"laila.emptage@edu.tbz.ch"|"aPXB5s-Lhc#49-DfC#Q4"
"bjoern.dawdry@edu.tbz.ch"|"4nk5XG-Dor$Nw-qx&yjX"
"marie-eve.dinsell@edu.tbz.ch"|"aUNaJs-7H&TBq-%uU$L5"
"helene.follett@edu.tbz.ch"|"yh9lO$-cBZgc2-QYz3Ur"
"penelope.cordero@edu.tbz.ch"|"WIenW9-W5wO&4-mPH8Dr"
"boerje.beedell@edu.tbz.ch"|"6X0lrG-V1umTH-X34lsr"
"nelie.ferne@edu.tbz.ch"|"YY9k6y-LvYzJy-OqZiKh"
"celine.ahmed@edu.tbz.ch"|"0dpjPh-9dNlUO-84vwdt"
"stevina.pimblett@edu.tbz.ch"|"bvG7Of-9sZ#eF-RSN8Yf"
"chloe.langlands@edu.tbz.ch"|"t@vqo9-VosKYx-CEpeN1"
"simplifies.maude@edu.tbz.ch"|"@PHeAX-OKJPyV-4m#n@C"
"genevieve.decarteret@edu.tbz.ch"|"M32iP&-WrqJyM-#OMuv%"
"marylene.mughal@edu.tbz.ch"|"#Awpw0-&yymB4-94ZmzH"
"goeran.guttridge@edu.tbz.ch"|"GDlrJ@-xMSE57-KFq8K0"
"michele.smurfitt@edu.tbz.ch"|"b69iX&-SAlljt-bAqfyt"
"methode.hadeke@edu.tbz.ch"|"hePUe%-rvK89R-pp#&HE"
"therese.rispine@edu.tbz.ch"|"T97DZO-ruQ%Wo-R2RftP"
"goerel.plumley@edu.tbz.ch"|"XZeB#D-QZAa9e-3JOd&J"
"oceane.friett@edu.tbz.ch"|"T%93RD-oJ%xps-nGKmaO"
"marie-noel.achromov@edu.tbz.ch"|"j@V&jZ-Uwbf5L-AVEmGW"
"dorothee.storek@edu.tbz.ch"|"jBuZlX-6MJ1Ti-DNwW9g"
"goesta.whittle@edu.tbz.ch"|"ik8m9C-#acjac-RD@D4j"
"desiree.casely@edu.tbz.ch"|"pSEHZv-lQiCMP-mrCYix"
"felicie.condon@edu.tbz.ch"|"e540B5-hI@nCO-TOziPP"
"maelyss.frisdick@edu.tbz.ch"|"Tpk3uS-s3bg%x-TnkWEU"
"aimee.banke@edu.tbz.ch"|"ANKOQy-JvhYtO-FWNv7t"
"naeva.hodcroft@edu.tbz.ch"|"x1lNQn-8GBHNf-YfzO&G"
"laila.gerrans@edu.tbz.ch"|"ZCzWYS-9Xtfbm-iOMy&x"
"daniele.scrimshire@edu.tbz.ch"|"07kyF4-rraea9-B8rKXv"
"daphnee.sheerin@edu.tbz.ch"|"5n6F%#-Zi21Qe-2wqgJB"
"pal.vanyukov@edu.tbz.ch"|"P7UD41-qFrLGi-$5WmjS"
"zoe.childs@edu.tbz.ch"|"e6SIsn-QYpQI2-ECKWW@"
"ai.corde@edu.tbz.ch"|"tb1yEN-$$SQ2Z-p&5uhl"
"maelys.berryann@edu.tbz.ch"|"0@O1J2-bwuyZv-Fk1b@R"
"cloe.gladding@edu.tbz.ch"|"fx7fBF-o6V%kG-Y3CWBe"
"wa.kinnaird@edu.tbz.ch"|"1@%J1y-#BhqFy-hVcFYm"
"publicite.brittoner@edu.tbz.ch"|"JvGOP8-rxtx$7-BNgGJS"
"rao.windress@edu.tbz.ch"|"WoA4ZK-fRcABA-1QyWHL"
"uo.kollach@edu.tbz.ch"|"lVJ9xx-XQVTFk-8qAivv"
"josee.peskett@edu.tbz.ch"|"3mpEkZ-B2kJ58-CtcLCh"
"annotee.hasel@edu.tbz.ch"|"pBLOfi-47kgZJ-sDmoPW"
"cinema.lee@edu.tbz.ch"|"z@vxx6-dAErIu-zQcFWP"
"lai.vedeshkin@edu.tbz.ch"|"v$b9xd-L13Yy8-C9S9q3"
"renee.brisbane@edu.tbz.ch"|"w2gt4E-XqgNyd-ZUI$Cy"
"ophelie.blincoe@edu.tbz.ch"|"kKEG2S-71eYfx-FAD9jK"
"zhi.prazor@edu.tbz.ch"|"S96Y0V-leqBhk-T%QTEW"
"annotee.maddicks@edu.tbz.ch"|"hiUw%n-Nf6Zk2-l#$s%P"
"maelyss.codd@edu.tbz.ch"|"d&Shmr-YCM02C-wTf7I3"
"celia.peplay@edu.tbz.ch"|"W1qOxb-Wx4@iX-8LM1v5"
"interessant.skone@edu.tbz.ch"|"AsQdBm-9UGv1q-h#TfFm"
"audreanne.hebdon@edu.tbz.ch"|"IfirI&-LmiX&m-fJG1IZ"
"oceane.glen@edu.tbz.ch"|"KDDSp2-0zcB8Q-RUd#3D"
"daniele.vanyushkin@edu.tbz.ch"|"sRS1Jj-fsWQ09-ArG$XH"
"daphnee.ayce@edu.tbz.ch"|"HhC3uM-P2mGLI-fDWDyH"
"andrea.attride@edu.tbz.ch"|"Ooc7I0-$%%uur-5Ehk&X"
"penelope.bridgwood@edu.tbz.ch"|"pXfUnF-I8tWT@-&fMims"
"mailis.drewitt@edu.tbz.ch"|"djkw4A-XNEeD&-bU@QGY"
"penelope.mollene@edu.tbz.ch"|"RwCSwq-Hc$8Pi-N%Wc$D"
"illustree.keely@edu.tbz.ch"|"aelnzC-%U3uIM-R5BjpD"
"meng.brisseau@edu.tbz.ch"|"%2e#eX-$Chxab-7ZKRn7"
"ruo.cleiment@edu.tbz.ch"|"kI#@EO-tf2YjV-WBfTBB"
"maite.krammer@edu.tbz.ch"|"ClMLU3-q7yEYX-8TR7vC"
"genevieve.verry@edu.tbz.ch"|"9TuJGX-0OBs@t-S3uCQj"
"lea.olochan@edu.tbz.ch"|"WpfyLC-5xFXty-z%Rl0C"
"naelle.brunnen@edu.tbz.ch"|"2567D&-w3#@&c-eI7r$Z"
"goesta.bragginton@edu.tbz.ch"|"Uba1V%-89uH&$-a%B1oN"
"fei.danilyuk@edu.tbz.ch"|"brlqZj-c7%4cD-AG4ovH"
"adelie.turbitt@edu.tbz.ch"|"rensKZ-V6XS&v-xgvhlQ"
"marylene.nutman@edu.tbz.ch"|"8lKw$&-gT#w8C-#@JlWG"
"therese.barbrick@edu.tbz.ch"|"wTbHxD-&d#%Ap-nfY2mR"
"melys.kolodziej@edu.tbz.ch"|"pkcvXD-KIo9ba-YweMHw"
"melanie.runchman@edu.tbz.ch"|"YfM#Nx-ILX8@p-mPkqzy"
"serena.lafond@edu.tbz.ch"|"IEFWPV-Kmjmev-qeCTDJ"
"pelagie.desmond@edu.tbz.ch"|"RPvK7@-0v@0IY-xIh4Oq"
"wa.spickett@edu.tbz.ch"|"4ilr9l-XfR@wW-MJ80VU"
"po.shave@edu.tbz.ch"|"qRuQrw-kiFfJt-P2gL$3"
"song.huikerby@edu.tbz.ch"|"0kJlXn-O2X@&$-WI#QCZ"
"melinda.bimson@edu.tbz.ch"|"4jtPqV-Au8jeq-JVUvhC"
"personnalisee.toffanelli@edu.tbz.ch"|"QxlfvI-poG5I#-Ds9$Nu"
"leandre.hurn@edu.tbz.ch"|"bV6X7P-aD0f1g-hF%KrC"
"oesten.standell@edu.tbz.ch"|"##Jm7A-szddjX-vFG9gt"
"naelle.smaleman@edu.tbz.ch"|"7&#zuQ-sg3swk-z1uSmX"
"berenice.tayt@edu.tbz.ch"|"2v2up6-FN1K6p-L#edFn"
"kui.popplewell@edu.tbz.ch"|"NzWTXT-hlcCVC-CKB$Ua"
"melodie.ferandez@edu.tbz.ch"|"56SPI$-&Rao0w-h3ItRy"
"josee.negal@edu.tbz.ch"|"udf#Rk-rREn#$-o3w7SB"
"melissandre.ferrelli@edu.tbz.ch"|"7QVDAa-TLqhMt-%q7IjD"
"josephine.kemmer@edu.tbz.ch"|"y2l@XR-hqvCpJ-rQ2Kxu"
"maely.cayette@edu.tbz.ch"|"O#F1&U-prSYwM-TV@pY6"
"nelie.vela@edu.tbz.ch"|"Oue8bZ-TDpXfE-WEJw15"
"melina.cortes@edu.tbz.ch"|"H#0ZHQ-eafUmS-2VZXYS"
"megane.leyshon@edu.tbz.ch"|"8g5njK-MRKTGa-rrhfQr"
"regine.harrie@edu.tbz.ch"|"YaK&18-P9rOYP-IPCL4&"
"mylene.widdison@edu.tbz.ch"|"JNf@r&-Q$#787-gN3b8S"
"pelagie.vivash@edu.tbz.ch"|"TYcWbT-GZbLfg-teDdbS"
"styrbjoern.vicarey@edu.tbz.ch"|"Rxw1jH-5E#@Pr-sjWIor"
"long.kyles@edu.tbz.ch"|"Yb#isL-9#vtY6-by1Ii1"
"stephanie.gipps@edu.tbz.ch"|"9mGNXO-%jU@Mo-A&onRj"
"clea.constantine@edu.tbz.ch"|"uPdr35-Naw7mA-S#Cc$T"
"maella.cometto@edu.tbz.ch"|"HB4b1J-NOb8xw-mD&qEl"
"laila.aubrun@edu.tbz.ch"|"c4JmKe-mfV6ob-2#TpSF"
"yao.austins@edu.tbz.ch"|"k%u8#X-KGlO2K-%GRiec"
"mailys.rylstone@edu.tbz.ch"|"joRXW8-S5Jv2V-Bz$JSB"
"adelie.curuclis@edu.tbz.ch"|"vMyRWO-SMEDVw-M3ZJ3A"
"celine.longhurst@edu.tbz.ch"|"bs@ch8-vjxX0F-qMONDu"
"gisele.hazell@edu.tbz.ch"|"#sa&@O-Z5CW1o-75dzsA"
"celestine.ciccone@edu.tbz.ch"|"svHiC5-s@z7dR-S%dW&$"
"maelyss.doole@edu.tbz.ch"|"8zic5E-saPVhY-1A%6c@"
"helene.grimsdike@edu.tbz.ch"|"7XgVyR-pcr#0s-ho1nRw"
"lie.macer@edu.tbz.ch"|"Ivf21o-OUp1cD-t4Jbr2"
"maely.izard@edu.tbz.ch"|"aAK0lH-QbuhLl-Tq%%p@"
"erwei.breewood@edu.tbz.ch"|"n&3@L5-XpFTqq-nlT#xM"
"chloe.woolford@edu.tbz.ch"|"4rCs2b-Sg#0g&-iVEkEP"
"cleopatre.turpin@edu.tbz.ch"|"oKv#1S-esVdXN-X0lewt"
"melodie.surgison@edu.tbz.ch"|"$u03dD-oPNMCR-zTwRVf"
"elies.leander@edu.tbz.ch"|"hAfG$3-nv2a3n-H4l$J%"
"mediamass.reignould@edu.tbz.ch"|"V4N%q1-Om9ABb-xHtP&o"
"celestine.wasmuth@edu.tbz.ch"|"p0HGej-6TfRt&-Zo5rUZ"
"marten.jervis@edu.tbz.ch"|"X%z0gl-z%8#3M-s9O77S"
"daphnee.bour@edu.tbz.ch"|"DKzJmw-DCzmDz-1wZNWY"
"regine.harlett@edu.tbz.ch"|"yL8Npk-sQ4Q9H-Lwsqn0"
"noemie.macaskie@edu.tbz.ch"|"pdSxF7-7yCSIm-Zu1c2I"
"loic.renfield@edu.tbz.ch"|"9&DhYJ-hkE@j2-a8am2f"
"venus.kleinert@edu.tbz.ch"|"S1KFca-DNcyFC-N@rAXK"
"marten.burlay@edu.tbz.ch"|"Hejeah-nDWrIi-xPXlbH"
"berengere.radsdale@edu.tbz.ch"|"xc3LLh-O7#$W5-26Hcct"
"genevieve.duckit@edu.tbz.ch"|"H9sOEM-0cK91w-pfAJnB"
"maely.ligerton@edu.tbz.ch"|"00uDM9-Zw7ciO-pZadtt"
"maeline.ricciardelli@edu.tbz.ch"|"BjIh&8-TQTgLj-OcQCEA"
"personnalisee.yggo@edu.tbz.ch"|"DLpdiv-vpoa76-om0lDR"
"alizee.pettinger@edu.tbz.ch"|"NK2lCU-C1BURZ-GyPbOm"
"desiree.curnnokk@edu.tbz.ch"|"$32q2L-pYLnEA-L@zbe9"
"dorothee.minors@edu.tbz.ch"|"pSBXHZ-SAD9qJ-SrcehT"
"oceanne.kopmann@edu.tbz.ch"|"L2YlRi-$VibvG-AHfY$j"
"almerinda.brodbin@edu.tbz.ch"|"1@k2ug-LId%HG-ZMPTVz"
"yenora.carsberg@edu.tbz.ch"|"6ziGIM-O02ahO-hoL2t@"
"wa.beetles@edu.tbz.ch"|"$8IArE-7NMM$S-bINbuH"
"audreanne.abbot@edu.tbz.ch"|"THPQmn-Zrkdbc-#ZHuX5"
"noemie.capper@edu.tbz.ch"|"etzvUt-Pp33R8-8yXPLj"
"mans.abramamov@edu.tbz.ch"|"ilUEYj-YOY56S-WiiPI8"
"audreanne.blakey@edu.tbz.ch"|"%KFpVP-yf5SqB-RyKtLM"
"leone.klimpke@edu.tbz.ch"|"whJuDa-h%bdyG-@$gpN&"
"lie.croston@edu.tbz.ch"|"LlQwDl-wLdU5W-xt$Rkt"
"anaelle.baistow@edu.tbz.ch"|"&E9kbJ-@4E84&-Tq1R8O"
"michele.garwood@edu.tbz.ch"|"7iUKt1-fDjMLY-OTlgrV"
"interessant.albion@edu.tbz.ch"|"&HjTT0-dVd&7B-xZU4m$"
"andre.brisco@edu.tbz.ch"|"7MKAN&-peKIvg-gDB8EN"
"tang.totterdill@edu.tbz.ch"|"gaOvuA-LepnC3-w$rswL"
"marie-josee.braundt@edu.tbz.ch"|"5L4WaL-VTSFrQ-3k2r$r"
"lois.galer@edu.tbz.ch"|"$pdmps-ty9VeU-Zqww3j"
"faites.pellamonuten@edu.tbz.ch"|"YCLgID-vJMeNq-Eb$Fc3"
"mai.barfford@edu.tbz.ch"|"hPL4oe-h69F4E-LzLgfd"
"laurene.macilory@edu.tbz.ch"|"U1cooT-hgvtOO-ria@FE"
"elea.peak@edu.tbz.ch"|"Anns4J-j5#x4S-@ATM6j"
"rejane.doni@edu.tbz.ch"|"SN#6#C-Gs8%oL-0M&U&1"
"mahelie.ector@edu.tbz.ch"|"g2aHzC-3JvF8t-Y%8y73"
"rachele.allum@edu.tbz.ch"|"om1GlU-0Qj0XJ-CzCRO1"
"laila.gerretsen@edu.tbz.ch"|"aJ7cXr-&hO%NX-JHomb7"
"ines.bowman@edu.tbz.ch"|"gndCke-Drx0mL-MEgp3l"
"publicite.barbary@edu.tbz.ch"|"vwE&af-K8NXI&-eKtrWk"
"mailys.smooth@edu.tbz.ch"|"2DxfPP-c4P9dK-ouu7eG"
"mailis.huguenet@edu.tbz.ch"|"%pGjFh-mW#aPW-F@jU07"
"lea.ewer@edu.tbz.ch"|"mJYZfq-SdZvPs-7XdMu2"
