"email"|"password"
"melodie.vandervlies@edu.tbz.ch"|"nN@8n%-lwMqpP-lLT2&4"
"angele.edgecumbe@edu.tbz.ch"|"oSF2w7-3bxqZd-TRfHJ3"
"zhi.andreasson@edu.tbz.ch"|"cZxJdE-savQ5n-pW7R8l"
"judicael.koppeck@edu.tbz.ch"|"vBXTlZ-IsPD1h-tRNVw%"
"berengere.capron@edu.tbz.ch"|"1rh&yI-%rByxt-5jpdCE"
"leonie.brosini@edu.tbz.ch"|"uqlSsa-#i7QkG-t01xG8"
"venus.garfit@edu.tbz.ch"|"4P1RZw-X4bpl6-Xtumap"
"melina.janota@edu.tbz.ch"|"7m84Yv-LSEskL-O8ZFW4"
"laurene.bake@edu.tbz.ch"|"XXEy7d-ksWDIE-pbi%Q9"
"regine.dorkins@edu.tbz.ch"|"c140FX-v%#ws2-q%lYRX"
"cecile.moffet@edu.tbz.ch"|"CGv0Uo-Td0AvD-#a2T8i"
"maelann.labrone@edu.tbz.ch"|"RWxoR%-3H2cdw-rn0fsk"
"melinda.newbold@edu.tbz.ch"|"18Zqrh-#&8c0J-pks&yp"
"mans.itzhak@edu.tbz.ch"|"VQQqhX-DBrbre-d3oFg5"
"melodie.pattlel@edu.tbz.ch"|"i5C&n4-c8ROl$-zSQBfs"
"celine.bonett@edu.tbz.ch"|"Oj%NFG-3kctoK-ysE%gn"
"adelie.mcgreal@edu.tbz.ch"|"dHXMVE-Ga5#fF-MW2h9L"
"helene.soldan@edu.tbz.ch"|"Ohy#NB-vgM0gC-hua&Rt"
"michele.cluer@edu.tbz.ch"|"vUJ4bg-R2qKxs-llrOFC"
"maeline.mueller@edu.tbz.ch"|"407oom-f5QKLl-gMF2$f"
"maelann.benedito@edu.tbz.ch"|"1@nzMe-hM#wpD-gWT8x3"
"nuo.gransden@edu.tbz.ch"|"nl7dhi-ZaUBwE-OY0hzf"
"berengere.stainton@edu.tbz.ch"|"l$Q3AL-NK@8mk-jqsgvr"
"wa.sabater@edu.tbz.ch"|"$ysc2l-bnyjds-8iwnOP"
"anais.cochran@edu.tbz.ch"|"YABM8R-FIvDe6-xDu0mx"
"gerald.bessant@edu.tbz.ch"|"sbCo8P-FxCKFz-TSH6w#"
"ruo.coffin@edu.tbz.ch"|"hOcYj5-fWY%8G-02CKjk"
"melodie.mustill@edu.tbz.ch"|"p9&9vR-#vm7KL-#e30v&"
"ruo.stanesby@edu.tbz.ch"|"nsL#Ut-CAash$-dFAWKw"
"noemie.antognelli@edu.tbz.ch"|"uvE6xN-dhB3&n-rHjeis"
"maelann.hughson@edu.tbz.ch"|"hs0@HK-CNzB8G-b72J#Q"
"milena.mieville@edu.tbz.ch"|"bj9KdQ-3H8GTL-XRUnWg"
"mailys.chamberlin@edu.tbz.ch"|"AB1dMu-gw4EnZ-yylpFa"
"nadege.tomalin@edu.tbz.ch"|"eIW0mY-PJjQZD-pR@VhG"
"oceane.omara@edu.tbz.ch"|"Z2Tw4I-4auMif-Yfmzpk"
"cecile.aguirrezabala@edu.tbz.ch"|"V9KUQ%-QXekSg-kp5@HO"
"maella.gwillim@edu.tbz.ch"|"u4INVl-zxLHCd-SyI1y%"
"lea.mcgahey@edu.tbz.ch"|"7TxOzb-08U6Qp-iW$Q#t"
"laurene.hagerty@edu.tbz.ch"|"WIcnW0-Ldzu7Y-4gQrhv"
"dorothee.link@edu.tbz.ch"|"SkaZvq-Tw@s42-bnQEY@"
"clementine.kynsey@edu.tbz.ch"|"P4Kp@5-XVEXy%-HgH8AY"
"lorene.smitherman@edu.tbz.ch"|"H72Dw&-Swemgh-q1Sxty"
"cleopatre.klulicek@edu.tbz.ch"|"0o@&5%-O%tqAm-L9&Qf2"
"laurene.castaneda@edu.tbz.ch"|"epGX%H-jBSduy-A3D8Fi"
"melia.constant@edu.tbz.ch"|"liHfLc-uek57s-d2H0Ar"
"lucrece.clunie@edu.tbz.ch"|"1g&9Yr-LQyO05-dkLJVx"
"eleonore.mcmurthy@edu.tbz.ch"|"8yoCos-#vj2IB-uG&7mS"
"melia.bevar@edu.tbz.ch"|"LCQ0P4-YsnGm6-vzk6VS"
"camelia.bontine@edu.tbz.ch"|"8AXDXt-19%#ZC-TirUEk"
"methode.jozefczak@edu.tbz.ch"|"uI5duv-kLF2mV-FTQkwD"
"audreanne.hinsche@edu.tbz.ch"|"b&oNrE-0Id0ff-cQySJx"
"andree.varne@edu.tbz.ch"|"I#9o%6-Y0bm7D-2Z#k0B"
"marten.kinleyside@edu.tbz.ch"|"YjRbOH-eqRDkw-FzVccy"
"esteve.mcewan@edu.tbz.ch"|"BmQGrA-5FIz8q-lRMqF4"
"leane.dibbert@edu.tbz.ch"|"gpEJjN-x5ghzL-RIU6Sg"
"ma.thewlis@edu.tbz.ch"|"LHJxE$-rYHu4D-1dabTv"
"clea.djurkovic@edu.tbz.ch"|"ehbyy$-Rdl@wH-bNx7oT"
"rachele.reburn@edu.tbz.ch"|"XEhqwf-kZv3jN-$tkg&@"
"gerald.gowling@edu.tbz.ch"|"wISBj%-iTJ0jU-oCQR5c"
"cleopatre.jackson@edu.tbz.ch"|"75TuTE-UU1IEp-ldBq5r"
"desiree.haskins@edu.tbz.ch"|"AqrWAT-BouwU7-sYAgtR"
"eleonore.longson@edu.tbz.ch"|"zQtznl-jXSMPC-nZKTTy"
"leane.dybell@edu.tbz.ch"|"dx2#VH-XWcU3u-2vQfDz"
"becassine.grzesiak@edu.tbz.ch"|"FYWQlU-FT8$ne-#a#HVl"
"marie-josee.pickin@edu.tbz.ch"|"KK2NLc-t0O8nx-Ssf8Qz"
"marie-josee.roxby@edu.tbz.ch"|"EGTs6z-@AXkzI-l0r2AC"
"leonie.feenan@edu.tbz.ch"|"VVuQb8-Yl7T9V-4@Hgz%"
"valerie.ellum@edu.tbz.ch"|"EqKXFc-SQyTvP-0r#c#F"
"ju.caseri@edu.tbz.ch"|"7a8%Yu-#hMcBJ-tJPEFK"
"boerje.strangman@edu.tbz.ch"|"Ug5Ka%-Zn%%81-66bEM8"
"beatrice.ghidelli@edu.tbz.ch"|"ZAki##-xDVXWn-bu3iZh"
"da.jablonski@edu.tbz.ch"|"#%jgY0-b9A9dI-7lcDyz"
"uo.beveridge@edu.tbz.ch"|"r&1ANR-Vu0FWU-lx3cXo"
"valerie.bestman@edu.tbz.ch"|"u19nZw-lc86qH-z1KWWr"
"marlene.pohls@edu.tbz.ch"|"Ayq&F7-4OCdqb-FSGfvu"
"ma.nolda@edu.tbz.ch"|"lMp#5Q-D#bq@W-emMQO$"
"marlene.bisiker@edu.tbz.ch"|"Huw%BS-BhNwEK-%Z#oMc"
"estee.babon@edu.tbz.ch"|"&0OomX-hEZmu4-Yx4GfR"
"simplifies.dmisek@edu.tbz.ch"|"09clGQ-D&sKhp-fQrYgX"
"selene.ganing@edu.tbz.ch"|"z6RKBw-$zU840-8T%Zr6"
"meryl.penke@edu.tbz.ch"|"shNsqC-TYYCqK-vkBRuu"
"anais.rawcliff@edu.tbz.ch"|"19Xd7a-VfrtIX-ECkx5I"
"melina.andri@edu.tbz.ch"|"nLHh0n-F$zLmI-UjPaV7"
"audreanne.fodden@edu.tbz.ch"|"b%KjLR-FZknRk-Sckko1"
"bjoern.spellesy@edu.tbz.ch"|"x3ej7E-IXVO&X-c@GvHy"
"francoise.summerscales@edu.tbz.ch"|"nnGs&%-aOLFlb-dUanPH"
"laurene.ashtonhurst@edu.tbz.ch"|"OYe3zq-xKBQ$U-#1CM3V"
"valerie.petters@edu.tbz.ch"|"sCf17U-tiFQ1Z-9DCAUm"
"anael.spenclay@edu.tbz.ch"|"lBjDHj-wvxC5L-fDrMI4"
"stephanie.keech@edu.tbz.ch"|"RkXipf-LdiYdb-&nGi4c"
"ines.deveril@edu.tbz.ch"|"4%@x4J-1wx8bW-4gE5s@"
"berenice.gelder@edu.tbz.ch"|"bqRv@p-aupGcJ-OTbf7g"
"melanie.ofogerty@edu.tbz.ch"|"1gApHh-eTKn@m-jO4pyz"
"frederique.canepe@edu.tbz.ch"|"ZjFtns-iM$Tl1-uhYy6l"
"nuo.otton@edu.tbz.ch"|"opSMbe-uMqxA9-CgM3YX"
"genevieve.trusler@edu.tbz.ch"|"Fibho@-r6LnJT-XVSrd3"
"ju.boag@edu.tbz.ch"|"8MMeJR-i7RTWx-Yl&C5F"
"josephine.dilucia@edu.tbz.ch"|"m$HZ8e-V5JNMG-rE#8bQ"
"laurene.armsden@edu.tbz.ch"|"kgl&@N-%0wauq-t2xg@N"
"becassine.griffe@edu.tbz.ch"|"4cgz$t-RGQ@VB-qSPhI$"
"alois.parres@edu.tbz.ch"|"64Ws#l-aHFvMA-AtY@Oj"
"cleopatre.gaffey@edu.tbz.ch"|"FkgF#3-9CULhu-pfLl0q"
"andre.stiger@edu.tbz.ch"|"TSzohX-r@8$BI-M09Ymq"
"beatrice.godleman@edu.tbz.ch"|"py0e4A-iGLf97-@7#%@k"
"hakan.harrhy@edu.tbz.ch"|"9t0XU6-tS2pXt-fOIdC8"
"celestine.dagnan@edu.tbz.ch"|"JXK5Py-%6Nn8D-2gpNSA"
"clemence.haggart@edu.tbz.ch"|"V6Ms%L-Abe@Ai-UavvgD"
"long.caban@edu.tbz.ch"|"CT6&fD-DLHiAf-kHsSr6"
"gaetane.grimble@edu.tbz.ch"|"HQflRl-$Xc2o4-#@vp0a"
"maelann.piwall@edu.tbz.ch"|"aFbxPw-STLgEn-3HriKv"
"magdalene.loble@edu.tbz.ch"|"p4lSmF-bhPuQ%-EzaNeb"
"veronique.domaschke@edu.tbz.ch"|"3akKkz-L2dKpE-b%mdrT"
"clea.herity@edu.tbz.ch"|"L33gPm-9kxEr4-KtdsE&"
"maelann.bambrough@edu.tbz.ch"|"plGw0l-9awTs3-M5svlB"
"clea.goulstone@edu.tbz.ch"|"$$Z8Qa-eipj$m-$Jr$Xd"
"renee.deleek@edu.tbz.ch"|"5D%sTD-cQICzh-tXx0xx"
"boerje.rudderham@edu.tbz.ch"|"2gXr%S-QnDDab-yX1TLP"
"marylene.broune@edu.tbz.ch"|"5XN75&-RO6Cuz-vwzWM9"
"nadege.mccuish@edu.tbz.ch"|"0U1D5g-joTXWJ-6VSoew"
"anael.littleover@edu.tbz.ch"|"WI31Ts-RrvlQg-McR&72"
"lie.baume@edu.tbz.ch"|"uxi@Zy-SFhYaH-o1P4@R"
"maella.murrow@edu.tbz.ch"|"UfWjEQ-3eHdEw-atJhJY"
"cleopatre.pettifor@edu.tbz.ch"|"Y@$7d&-8HXLVP-1$p2yy"
"geraldine.asker@edu.tbz.ch"|"lln9Rj-MxPD86-IsyBt8"
"gaetane.smedmore@edu.tbz.ch"|"$uLoNe-f&R&2m-ZYTE7g"
"meryl.blencoe@edu.tbz.ch"|"YypEez-MLsPLY-bJ6OJR"
"aurelie.chastaing@edu.tbz.ch"|"r4RLOO-%Ylgn1-fOKaGS"
"oceanne.marthen@edu.tbz.ch"|"47%vDV-ARqRZB-s46m%w"
"dorothee.burrill@edu.tbz.ch"|"hJpx9q-qmBbEf-fv@JZE"
"hakan.belden@edu.tbz.ch"|"b@%x22-lftpW6-qdD#Dx"
"celine.brunning@edu.tbz.ch"|"2jeB&X-efF9Da-6h%Tvr"
"anael.lapides@edu.tbz.ch"|"K2hswA-7UCr6S-zpth%G"
"ruo.saffran@edu.tbz.ch"|"HShaJl-iDlnMP-qr85R4"
"loic.gerretsen@edu.tbz.ch"|"$oWRGV-p4HQjj-HahBkp"
"rui.fitzer@edu.tbz.ch"|"#rkjU1-MbUmVv-OLuEjx"
"annotee.ogers@edu.tbz.ch"|"k&@03k-lQv5LS-htUOUY"
"boerje.bindin@edu.tbz.ch"|"crBa4e-S3Rbdr-os0rhT"
"ma.cronchey@edu.tbz.ch"|"zFFn#K-6tuwFH-e&6VHJ"
"laurelie.baiyle@edu.tbz.ch"|"h78JUb-WjY2Rl-M&CfL3"
"dorothee.older@edu.tbz.ch"|"vbcbUm-H2QwiL-0TTyiQ"
"laurena.wile@edu.tbz.ch"|"FUBoQ$-7lV7yi-pOEMB1"
"clemence.brito@edu.tbz.ch"|"#spDR6-z1IG#M-KIYT@X"
"nadege.dallin@edu.tbz.ch"|"Xw$MGu-f5cR6q-Ue0zLc"
"mailis.matley@edu.tbz.ch"|"Qsnrhd-JcV6Tk-RBp4bJ"
"daniele.screaton@edu.tbz.ch"|"JcAYTS-OG283V-4#xGsC"
"mediamass.godly@edu.tbz.ch"|"diqJD&-H9kveu-pf6JKf"
"leone.kremer@edu.tbz.ch"|"yA2OGu-6gVT3A-rGcuMY"
"asa.adrian@edu.tbz.ch"|"I&cj8f-o@DZWZ-9Ej9VM"
"adele.doley@edu.tbz.ch"|"$uYZ8p-fZJwfz-FmxrSt"
"fei.sidney@edu.tbz.ch"|"Ydxj8m-Putq94-Hu2%OR"
"marie-josee.walisiak@edu.tbz.ch"|"pZ1wfQ-mGY3he-P8BKxQ"
"desiree.diplock@edu.tbz.ch"|"oTa2v#-xsSDo@-I7AaqT"
"gisele.schust@edu.tbz.ch"|"dYSyEg-M2eHpi-eoZ9Z&"
"ma.longshaw@edu.tbz.ch"|"YPKIvl-fBIkOo-U4@eIW"
"da.boother@edu.tbz.ch"|"DWuzgk-mGPb8H-HCdFRZ"
"simplifies.chaudhry@edu.tbz.ch"|"z%TZnv-cCEzni-F#is5i"
"garcon.baniard@edu.tbz.ch"|"DW%aRZ-bbN4sZ-LGA#3t"
"gaetane.elphee@edu.tbz.ch"|"Rpe7$u-fY#g8Z-@LznYt"
"gisele.hassey@edu.tbz.ch"|"GP&Yl%-xw4nZm-s&rVmp"
"oceanne.booley@edu.tbz.ch"|"HaotBK-9BU4nE-TMNsWz"
"oerjan.dibden@edu.tbz.ch"|"#8MLpR-AHx&QV-CeyjSg"
"regine.ocleary@edu.tbz.ch"|"aPM@3s-C5emgy-foMj%8"
"selene.persse@edu.tbz.ch"|"@UJjbB-%vyk45-x%d1mO"
"helena.adenot@edu.tbz.ch"|"$XvQFh-9YXnZg-5aJ5Fv"
"maelann.wassung@edu.tbz.ch"|"CuqDdb-3FQjen-0J5YhB"
"frederique.ackermann@edu.tbz.ch"|"B9#G$C-MfdDb0-RESsrp"
"audreanne.kahen@edu.tbz.ch"|"8905Gk-bO@Ep@-AGtmwb"
"maiwenn.lasty@edu.tbz.ch"|"8A$xGW-OFVkdc-FPUPPF"
"yu.dictus@edu.tbz.ch"|"B$yZH0-z6bzxc-crPo2f"
"anae.dukes@edu.tbz.ch"|"pDq3vM-u3APch-gHIJPI"
"yenora.warr@edu.tbz.ch"|"j62$uF-IxyQT8-7YARFZ"
"esbjoern.archibold@edu.tbz.ch"|"z@cQIC-kciraT-ehdWMh"
"milena.pardal@edu.tbz.ch"|"rqUrtg-6HksjJ-taTk6y"
"celestine.graveston@edu.tbz.ch"|"MpMVM6-F7s508-OZmQDu"
"maena.dallas@edu.tbz.ch"|"VjsPjF-C6DW9Z-fLY7i@"
"andree.tuke@edu.tbz.ch"|"isY6gq-#cEeni-1megjH"
"methode.seldner@edu.tbz.ch"|"ogZesO-MHu1uy-nTU8dr"
"venus.bullas@edu.tbz.ch"|"jNJQWX-UCrl1d-5oIPVn"
"mans.aguirrezabal@edu.tbz.ch"|"UA6n7R-jJBf3p-1@nJgV"
"gaelle.eadington@edu.tbz.ch"|"@u&Grc-XDJQ@h-CUcOZ0"
"anaelle.falkner@edu.tbz.ch"|"WQNYLf-pvIp5G-hpbUx&"
"ophelie.height@edu.tbz.ch"|"dhRtcS-RgzoZ4-oq3ONq"
"marten.bolding@edu.tbz.ch"|"IGi#Ci-4JOiVk-s0qnAU"
"pelagie.guswell@edu.tbz.ch"|"OSa@Rq-rQwlws-BDSjiM"
"gwenaelle.lecount@edu.tbz.ch"|"uC#5dC-Cg8kHo-xuK&oO"
"hakan.laden@edu.tbz.ch"|"qN&Xhf-3@O5td-KjVfcN"
"marie-josee.hylands@edu.tbz.ch"|"bAWJ4S-BPFJ$u-qcM1Wv"
"zoe.kingshott@edu.tbz.ch"|"ZycNo8-2ZF@ZI-2o&&VT"
"josee.janous@edu.tbz.ch"|"869WrE-fbcJmA-OKaNWM"
"laurene.gallally@edu.tbz.ch"|"12U1@K-cJWCFQ-HH#D3t"
"anael.bickle@edu.tbz.ch"|"mciERD-7a6GOt-JCUqpz"
"mediamass.lebbern@edu.tbz.ch"|"&0Fdo3-2$BAht-js9qOf"
"berengere.hovy@edu.tbz.ch"|"&54WeV-9UUBJf-B$vSIP"
"oerjan.kilmurray@edu.tbz.ch"|"b2mlho-twMSDy-8N@dN&"
"asloeg.venny@edu.tbz.ch"|"aub%SJ-5me%05-mcoMB6"
"marie-noel.stoad@edu.tbz.ch"|"IUp9Rd-IcEjIL-a73rWy"
"hakan.pettifor@edu.tbz.ch"|"QiLwbD-8j0PDL-NHAsVs"
"maella.willgrass@edu.tbz.ch"|"Fn##Kx-i&yK&N-6ECGnj"
"therese.ludovici@edu.tbz.ch"|"PIGGD@-$8CVhi-ksOYXC"
"stephanie.trewhitt@edu.tbz.ch"|"fn6xBo-XJJLqs-GrlQUH"
"maerta.bauduccio@edu.tbz.ch"|"XDO6Pg-8UVW0f-nYuraP"
"gaetane.glaisner@edu.tbz.ch"|"@@uOex-2gCoFL-mgP&Wd"
"naeva.pargeter@edu.tbz.ch"|"m4VCUA-P$%P6K-wCq&cD"
"salome.venable@edu.tbz.ch"|"nCfF1F-t9xSHq-07Gptc"
"boerje.thickett@edu.tbz.ch"|"efb6Pj-qJ9pHj-6s&O#q"
"lucrece.prendergrass@edu.tbz.ch"|"5Nsa7z-YOM28I-VX#ax5"
"laurene.ockleshaw@edu.tbz.ch"|"ccA3DS-o93KMz-Gsmg84"
"cecilia.pasticznyk@edu.tbz.ch"|"tyOCv5-7Le$eq-@AqW&a"
"stevina.mackey@edu.tbz.ch"|"t&xP@w-q3OMlY-UOyRXd"
"marie-noel.reven@edu.tbz.ch"|"4wH3CO-q0EUnW-VHP9sE"
"melina.quilkin@edu.tbz.ch"|"b4LaMV-wqIpIO-R8FJ2U"
"marie-noel.ferrie@edu.tbz.ch"|"XaMuXk-aegyIQ-0&MN&k"
"leone.alphege@edu.tbz.ch"|"fBlf6k-LnGx0J-Voj$JF"
"zoe.leverson@edu.tbz.ch"|"2GVGRU-YwQoQD-QHRx4e"
"annotes.grayne@edu.tbz.ch"|"0VBKOc-9X9YvC-7sEyb5"
"faites.lalley@edu.tbz.ch"|"#6jZi4-TYMNA7-60HZfY"
"adele.wallis@edu.tbz.ch"|"lhQAbH-g$%bBf-K$2kFC"
"severine.madill@edu.tbz.ch"|"PxuD8P-vVKxCl-EPepww"
"valerie.tebb@edu.tbz.ch"|"#HAe36-sZN8sL-t2jd@x"
"kalliste.rasper@edu.tbz.ch"|"1g7#l3-oPLp%j-NzLzsl"
"audreanne.palomba@edu.tbz.ch"|"3mijPQ-WUwfSf-$Z4KFy"
"elea.adamik@edu.tbz.ch"|"v%7mdy-&yvovV-ZDDkbK"
"reserves.jakuszewski@edu.tbz.ch"|"m@SkPa-at6IX&-RzmNPW"
"athena.belhomme@edu.tbz.ch"|"wWwoL6-Kbnp9v-@oQxRN"
"rebecca.crippin@edu.tbz.ch"|"ttIEYb-7t3tqt-pR7G0m"
"maiwenn.curman@edu.tbz.ch"|"68%@ax-ePQVl8-ySDftt"
"andree.bunner@edu.tbz.ch"|"xOPkYe-rx3afh-hBy9E&"
"ruo.winckles@edu.tbz.ch"|"8Eyht3-@F2@kH-8rSqed"
"naeva.buntine@edu.tbz.ch"|"fVb%44-PHW7OY-YRod8C"
"boerje.dollard@edu.tbz.ch"|"9N7&18-QrYmzh-AOC3Fu"
"penelope.gorman@edu.tbz.ch"|"SdkI%C-e@BrVX-TalK7B"
"alois.robelin@edu.tbz.ch"|"9l9ssD-VwJZs0-Wus7oQ"
"anaelle.tindle@edu.tbz.ch"|"$K5HYa-f%@CBt-ktYodE"
"ye.frears@edu.tbz.ch"|"dxfLrA-ZOTU$o-I7cUM$"
"andree.ovid@edu.tbz.ch"|"vla6RM-lCa4mE-Nlh9Xc"
"hakan.peat@edu.tbz.ch"|"vzpzq1-%Yp4x$-rQbRJn"
"andre.januszewski@edu.tbz.ch"|"LpS%CO-2%GQ4d-ycn&8Y"
"annotes.clemmett@edu.tbz.ch"|"p9VF4#-52TXQK-03nI9B"
"pal.lambswood@edu.tbz.ch"|"2YFZg&-JKiZ2j-jvvy1Z"
"yao.lenton@edu.tbz.ch"|"@7q$d3-3MaIOq-pod2y&"
"hakan.boyton@edu.tbz.ch"|"GrjGq%-qEMGQU-KXHwhG"
"nelie.forsey@edu.tbz.ch"|"QPBNvg-$ECo&F-AT9XBL"
"hakan.horche@edu.tbz.ch"|"ujAa6y-E1t1je-7%l@Og"
"lorene.sinkings@edu.tbz.ch"|"@ALKa%-iuFExR-D%ZK9f"
"marie-therese.creddon@edu.tbz.ch"|"vJZZtO-Dto7jL-iw%B1E"
"berenice.tolworthy@edu.tbz.ch"|"0%iw2T-Y3eAHf-0ztk0b"
"theresa.land@edu.tbz.ch"|"wzdbe&-UoDSnl-eEDYLM"
"marie-therese.gianilli@edu.tbz.ch"|"jrZcZt-9TvawZ-Tq14cU"
"meryl.glew@edu.tbz.ch"|"W28J#P-x574LG-37EVL0"
"adele.debling@edu.tbz.ch"|"SHMfT3-NqAEG6-y0GxN@"
"anae.metzke@edu.tbz.ch"|"cIMo&i-yRGbOd-MYqyWv"
"gaetane.gooden@edu.tbz.ch"|"VxrNh@-KJ98ae-Y8v3k0"
"laila.bootland@edu.tbz.ch"|"DwPt7F-oQRo%2-h59ydj"
"maite.helsdon@edu.tbz.ch"|"o8YxaK-bGLL85-5VoQZw"
"andree.malley@edu.tbz.ch"|"0abtY#-IdLxwD-I4zP1H"
"pal.simmens@edu.tbz.ch"|"voWYrC-fglFYQ-C2ZZrx"
"maelys.nuccitelli@edu.tbz.ch"|"FKzb$u-0RRRIY-0PpfF0"
"dafnee.sibary@edu.tbz.ch"|"fQ&sKA-INFU2J-ECUz3I"
"alois.harsnep@edu.tbz.ch"|"hbSb4s-c5U31x-jPn3YA"
"marie-helene.lacky@edu.tbz.ch"|"9dCHVT-v1VhNC-JORiot"
"mylene.youthed@edu.tbz.ch"|"0yaDaA-C4H&&y-V3Y8@B"
"marie-helene.dehmel@edu.tbz.ch"|"6nmnJm-LEc3SM-QnYl$7"
"angele.batman@edu.tbz.ch"|"gAGvSw-ks@gJ8-5URUy3"
"melia.younghusband@edu.tbz.ch"|"zYHD0X-FRYG#2-OHNIgF"
"eloise.baldi@edu.tbz.ch"|"izRZst-4iRlsB-VqnB0G"
"illustree.dun@edu.tbz.ch"|"mKa7eb-2nFr9T-&z#jGy"
"genevieve.late@edu.tbz.ch"|"UgRksY-g9qJMa-RqYbYb"
"celestine.colville@edu.tbz.ch"|"p4e72p-NEDCJB-$D%Qpm"
"gwenaelle.scarlon@edu.tbz.ch"|"Bj&g5b-y92OBJ-e205li"
"regine.boddie@edu.tbz.ch"|"1%qawn-d7%Q&Q-7OQrCk"
"creez.gaughan@edu.tbz.ch"|"6Iv&0O-JZ%I%g-DXT2P5"
"gaia.longford@edu.tbz.ch"|"jc5h7i-UGrUYw-%OR@9Y"
"mailis.buckby@edu.tbz.ch"|"GCpB@n-V@xYZ&-VLm#3$"
"song.parbrook@edu.tbz.ch"|"SflAoe-1oPwCb-1LLToP"
"frederique.heddan@edu.tbz.ch"|"$8EscW-kfSWPJ-Ljb0GT"
"ake.kirtlan@edu.tbz.ch"|"eNqVh0-YlNPKV-EbMbuC"
"nelie.runciman@edu.tbz.ch"|"Y$BOyq-Ch@Okp-biQAfL"
"mailis.cardnell@edu.tbz.ch"|"CuuASP-m9AN#K-IrbGls"
"irene.navarro@edu.tbz.ch"|"BfaFPg-9ci77N-8ze0f9"
"maite.cough@edu.tbz.ch"|"%VyB&T-gjVB$N-eX$5%7"
"anaelle.stocky@edu.tbz.ch"|"D#ic9r-b34Zbp-C8mRqn"
"methode.moulder@edu.tbz.ch"|"mvPQgw-L82bKR-Co13V1"
"po.stafford@edu.tbz.ch"|"XaO&Wy-7wd9s%-aOInms"
"faites.scraggs@edu.tbz.ch"|"GaEP6m-O0a863-uPORxP"
"adelaide.dullard@edu.tbz.ch"|"3oruNF-pGfQeI-PDDjkt"
"desiree.leonard@edu.tbz.ch"|"RNvRb2-ssOzk3-v%Eitl"
"geraldine.badgers@edu.tbz.ch"|"%v#thU-Pg1$HE-uUMjaW"
"ruo.masic@edu.tbz.ch"|"REDzS4-xMPqqh-fuDSzS"
"aurelie.lieber@edu.tbz.ch"|"A90xRF-IK#Y1f-laJiP3"
"naelle.balcock@edu.tbz.ch"|"DIsVaa-EErXEp-Pj@#fb"
"camelia.elger@edu.tbz.ch"|"GoAAv8-iEjO0e-alhyYg"
"publicite.oakeshott@edu.tbz.ch"|"1kmNAR-vuerHS-Jn1o5B"
"cleopatre.fawley@edu.tbz.ch"|"ADqJ#h-yoUgtL-URd6YI"
"laurene.bruckmann@edu.tbz.ch"|"D&ez%Z-8mcEtB-DUgVD2"
"rui.haughton@edu.tbz.ch"|"UfW8J5-MRFVqk-P8vGrD"
"asa.ladewig@edu.tbz.ch"|"L7Sfrp-QjZcgU-b2XWx0"
"gisele.janecek@edu.tbz.ch"|"BIAFzr-#xDk9X-@S86pg"
"maily.loveridge@edu.tbz.ch"|"HQRxnG-3O0Q8@-%G%N&N"
"marie-eve.yurkiewicz@edu.tbz.ch"|"ESlq$2-c1ekDe-7Vn3st"
"fei.roder@edu.tbz.ch"|"1vfjsd-93eo#1-0bTSai"
"edmee.chatburn@edu.tbz.ch"|"56RX3c-gLFatZ-g$0nGJ"
"geraldine.darke@edu.tbz.ch"|"eQCzES-CxIYjG-rSeZQ8"
"ye.jira@edu.tbz.ch"|"avXgR#-gJjWwg-R&#qMq"
"publicite.persent@edu.tbz.ch"|"M7KuzV-jQq66u-xn3ELx"
"severine.wilcox@edu.tbz.ch"|"GCCkMF-rWLFD6-ZIQ#Bb"
"yao.mcclaren@edu.tbz.ch"|"FwuhbA-gNEONV-3k#M#f"
"theresa.foynes@edu.tbz.ch"|"X#XA1X-xJqru4-MffrlY"
"stephanie.isley@edu.tbz.ch"|"LV3Ih6-gvnu3j-Mc9e7a"
"torbjoern.growy@edu.tbz.ch"|"PsPCLr-#RoZyA-hQ8XWw"
"eloise.tunnadine@edu.tbz.ch"|"lmAyGV-qeuVoK-KItOEs"
"maeline.cossentine@edu.tbz.ch"|"BvpkOp-4JnWOi-FlYHte"
"nelie.desantos@edu.tbz.ch"|"7YoADg-e#ZvkT-LSIFN8"
"gaetane.axston@edu.tbz.ch"|"aeFsjS-AR&rkD-iT613g"
"aimee.merman@edu.tbz.ch"|"uIeN&y-sTs2Vv-ek6VnQ"
"oerjan.drivers@edu.tbz.ch"|"b@iL1t-L7GVLH-16&vSj"
"aimee.miroy@edu.tbz.ch"|"tRf4l4-a6E0BI-$4rwtt"
"nelie.glyde@edu.tbz.ch"|"en1@cB-l#Ffq8-TYdOga"
"hakan.kapelhof@edu.tbz.ch"|"cjo4@6-z%oG%j-bNjfn1"
"maelyss.cauley@edu.tbz.ch"|"PcclF0-FdNV4x-ZgTacj"
"elea.vaggs@edu.tbz.ch"|"HTz@dD-urjr67-eAm8fx"
"maelys.but@edu.tbz.ch"|"nZK1Lr-wPv&BL-1N%rtB"
"maella.arthurs@edu.tbz.ch"|"mxNw@v-3DgN7t-@YTlVE"
"adele.liebrecht@edu.tbz.ch"|"yErTW#-nknU&G-wygZKK"
"meline.lomasny@edu.tbz.ch"|"TxRk4D-xmBW6m-V6lGFC"
"mediamass.schwant@edu.tbz.ch"|"TTTlSl-EJ@8Tc-JHrAPk"
"leone.saunt@edu.tbz.ch"|"De3vmW-mKjp77-xco7ua"
"annotes.gouch@edu.tbz.ch"|"R$a2uB-4WuGtU-$CWggx"
"gaetane.bowich@edu.tbz.ch"|"oF8YoY-49$8LO-cRh8JN"
"alizee.strelitzki@edu.tbz.ch"|"8YNIba-dh1aRn-H@EiY$"
"leone.poile@edu.tbz.ch"|"fsiorp-v7ffcY-PYiUOl"
"amelie.saban@edu.tbz.ch"|"1kJ735-Bh0pmx-wl%JJO"
"marten.mcmenamin@edu.tbz.ch"|"PGtjh@-OV91xQ-KECy$0"
"becassine.keets@edu.tbz.ch"|"W7%tke-2hpl$O-fLe2s#"
"celine.million@edu.tbz.ch"|"Ak25Gy-mnYM0N-oKI2&Q"
"geraldine.belitz@edu.tbz.ch"|"aQRO59-6@XMTd-&F$$wr"
"salome.mardling@edu.tbz.ch"|"6LwMB9-hIwHB8-BER0LK"
"melia.blakemore@edu.tbz.ch"|"f&50AK-2zrqds-UrLmRl"
"dafnee.mcaulay@edu.tbz.ch"|"uB8lKZ-CoPBUo-jTRtUs"
"garcon.dennett@edu.tbz.ch"|"&PW@nt-&hJ&u8-1r4vum"
"interessant.lesor@edu.tbz.ch"|"A%rLpI-A1g7Zd-HHBy2#"
"annotee.wasbrough@edu.tbz.ch"|"Cp61zv-Z9S9VS-6rRo%7"
"asa.ibbeson@edu.tbz.ch"|"8Q#O4p-27#Xkn-MxSWO@"
"maily.kennealy@edu.tbz.ch"|"gcRgg#-t6xZfg-pxgFiy"
"ye.seares@edu.tbz.ch"|"hvKmyj-uoJzHx-Bxd#Ze"
"athena.harbron@edu.tbz.ch"|"UnkODk-AfveAW-R@gOXO"
"andreanne.portail@edu.tbz.ch"|"dLIvxy-4u2Kcx-hWO4Mh"
"goeran.zannelli@edu.tbz.ch"|"F$adeW-XJi2my-pI9ZUI"
"gerald.leathlay@edu.tbz.ch"|"R7nWtp-@qseK@-#4II4N"
"andreanne.chown@edu.tbz.ch"|"j1sPNN-XkzmUe-kVqZ2q"
"esteve.clementel@edu.tbz.ch"|"sUnZ%d-JSJvwh-fOCGyB"
"leone.legan@edu.tbz.ch"|"Hp#HC4-E#dxLk-lw7B0X"
"maena.pownall@edu.tbz.ch"|"ss@A&y-&3ansp-G6I37M"
"andree.rettie@edu.tbz.ch"|"bVMtWW-uYsJsE-ScuLQV"
"ines.kenwrick@edu.tbz.ch"|"j4&3@u-FG&p8%-sUDeRt"
"marie-helene.yarnall@edu.tbz.ch"|"6Cui7B-NH$AIS-ADbLy1"
"po.martin@edu.tbz.ch"|"XnUmqa-fOTu$Y-Il&7UD"
"ruo.celiz@edu.tbz.ch"|"QPzNtK-Tb6ydl-1QShDW"
"po.bissett@edu.tbz.ch"|"R3rnX4-qxr834-akCFu2"
"du.swindon@edu.tbz.ch"|"&qYV@v-q10CJK-Tux3IN"
"interessant.gouldthorp@edu.tbz.ch"|"aa3Zd4-x&7VyH-31w&Dr"
"leandre.lilburn@edu.tbz.ch"|"l4m7Zr-EAi@i#-viqmD$"
"bjoern.whales@edu.tbz.ch"|"ojrPcK-1GpYYV-gaRTIB"
"interessant.dieton@edu.tbz.ch"|"tc66#u-QeT5Ok-iaTskS"
"celestine.redhills@edu.tbz.ch"|"Ybhad5-N3K9BO-%M@pTA"
"tan.yakovlev@edu.tbz.ch"|"QXJ&tF-eoo2Fv-CVEbCf"
"regine.mcdowell@edu.tbz.ch"|"vnBvvR-wuIK5X-23y9G7"
"ju.coysh@edu.tbz.ch"|"gjU5RD-&$Uy#r-q6TgPV"
"reserves.ofallon@edu.tbz.ch"|"qhujS9-v$Py#Z-$uZ0Eh"
"frederique.sobey@edu.tbz.ch"|"FyaL5k-l7COKD-OEH9Yl"
"marie-eve.garstang@edu.tbz.ch"|"uKtPZJ-iFMe4K-vd43#6"
"andre.tapin@edu.tbz.ch"|"GYY@Zz-@ztURD-#ZFnHz"
"esbjoern.eynon@edu.tbz.ch"|"knHIL8-mtrhbo-8AOo3c"
"maella.duffy@edu.tbz.ch"|"fkx@cc-Pd0Eoo-XkC#Nd"
"leandre.twinning@edu.tbz.ch"|"K8gjel-eFE2GL-LB0UCD"
"mai.whittingham@edu.tbz.ch"|"@Y#5m6-rsVvZC-xrpCxd"
"rachele.shevelin@edu.tbz.ch"|"gLbo14-MLr0g2-Bg$xXf"
"cecile.mcure@edu.tbz.ch"|"mbKBPh-#msaVh-5X#Jd@"
"marie-eve.yurkevich@edu.tbz.ch"|"x%e5l6-@Me&Mv-ZDWyOS"
"almerinda.paice@edu.tbz.ch"|"AzfSVn-LRKBO7-EUk@RO"
"rao.howkins@edu.tbz.ch"|"$Ny9be-ta3LH5-7nBVHR"
"serena.pack@edu.tbz.ch"|"qsRhzw-gsjwCh-O1x75J"
"rebecca.mant@edu.tbz.ch"|"KN8#tv-ag1yDS-91Q6ou"
"reserves.spitell@edu.tbz.ch"|"H#YY$V-BR4F99-Ehh0Ck"
"garcon.hamfleet@edu.tbz.ch"|"7QRU5x-J33tmu-6Lqbdg"
"methode.kerkham@edu.tbz.ch"|"W$D#@c-4gdm2v-KyXxRn"
"pelagie.camies@edu.tbz.ch"|"tXAxFB-EHL7IC-7Qzy3c"
"josephine.macpharlain@edu.tbz.ch"|"b1wYwS-RDqpvM-grZ9J#"
"eugenie.mathet@edu.tbz.ch"|"ow9KQG-ajOhIl-VjB83u"
"gaetane.brangan@edu.tbz.ch"|"YkPce@-WuwL3n-cFvWJT"
"michele.dewbury@edu.tbz.ch"|"PLUr2s-fbjlXk-F@Ph8N"
"eugenie.elcott@edu.tbz.ch"|"UJ44NG-7@E44D-WvkxxC"
"megane.harniman@edu.tbz.ch"|"Ek%Ce8-AFV#1@-W2W72q"
"agnes.cluney@edu.tbz.ch"|"DlYY7m-NCCovC-or1e8Y"
"marie-helene.angear@edu.tbz.ch"|"8ElTFG-$C2P##-NM@095"
"melia.dolphin@edu.tbz.ch"|"HRJe@8-zPVBRA-H2f01Z"
"lois.ruseworth@edu.tbz.ch"|"b5lqKK-ASCyO&-gzMDxF"
"mailys.ryding@edu.tbz.ch"|"srb#3@-fVeGBd-V7Yd%l"
"rachele.wulfinger@edu.tbz.ch"|"BPUo3H-43Etv@-e&xE50"
"gwenaelle.talton@edu.tbz.ch"|"z0oysx-XJ59vi-MXaNDT"
"long.ronchetti@edu.tbz.ch"|"GLCxUP-T%Pv0i-aSmMVm"
"styrbjoern.kloska@edu.tbz.ch"|"Cj3BhD-N6fAiC-mGou3y"
"len.sudran@edu.tbz.ch"|"wUdW3q-hY6l%X-Bfp7wA"
"maelle.andrysek@edu.tbz.ch"|"hcmlxO-IGHcvX-hkkOyz"
"selene.senior@edu.tbz.ch"|"gpctce-Eb%Dk4-70Rit0"
"anais.joskovitch@edu.tbz.ch"|"nyVpiE-dhFASn-UXX$%Z"
"marie-noel.dally@edu.tbz.ch"|"B2cqqj-#E7BjB-BgFFfh"
"marie-helene.laurence@edu.tbz.ch"|"&dPedX-TlFzTA-pLQrZu"
"camelia.foxon@edu.tbz.ch"|"iv8vsz-rnmaG%-0sXok#"
"helene.cankett@edu.tbz.ch"|"Mcmsgi-GrELzs-T3zJGl"
"marten.mitchelson@edu.tbz.ch"|"mKIEFf-D7G2e1-PmzV9Z"
"helena.stirtle@edu.tbz.ch"|"X1oR23-6IE$Zs-P5pJTK"
"leane.barmby@edu.tbz.ch"|"0p1nF8-d9uf8M-ZILouN"
"goeran.ofinan@edu.tbz.ch"|"AS%1UD-gLYmSX-1AYmWt"
"styrbjoern.proby@edu.tbz.ch"|"Yz#vrQ-2TugSl-scGPnr"
"zoe.halse@edu.tbz.ch"|"GAoWM0-g$7@XF-pWP3kt"
"kui.drable@edu.tbz.ch"|"ro1&s1-9%YURB-frpPiN"
"desiree.bamford@edu.tbz.ch"|"1batrt-o0H7v$-JYmnDt"
"zoe.suller@edu.tbz.ch"|"afOiyt-dSUC@i-%4IGXP"
"marylene.audiss@edu.tbz.ch"|"kHs$Gp-7XG44a-FVorII"
"adelaide.poznanski@edu.tbz.ch"|"XwWc#7-hQTTOX-&M0ar9"
"maella.coleyshaw@edu.tbz.ch"|"Z#esi&-p1z9&x-lMj6Yq"
"marie-francoise.gelder@edu.tbz.ch"|"cW5qQr-2oDytu-7g46Mq"
"eleonore.chaffyn@edu.tbz.ch"|"4GYq#h-Jn#MQi-688y6z"
"celestine.sikorsky@edu.tbz.ch"|"tQKU7X-cmmPzD-&FmzIT"
"stevina.londsdale@edu.tbz.ch"|"p%KBF#-Nq&hP7-Q3nduu"
"maiwenn.nevitt@edu.tbz.ch"|"x@UhHv-e7OZya-WqjCCV"
"magdalene.gerrey@edu.tbz.ch"|"eJYO&4-F8ZT%Q-zp3YNH"
"becassine.latimer@edu.tbz.ch"|"rN&$$I-i9aQGD-0t@tSz"
"da.lethibridge@edu.tbz.ch"|"HA1cyr-Jm89mk-Wa6VtH"
"mailys.claige@edu.tbz.ch"|"gsz1QA-Ax$MhX-21z8xs"
"maena.torbard@edu.tbz.ch"|"r$7EM6-Z&rcS6-F1iTja"
"solene.lyvon@edu.tbz.ch"|"e2Xt3&-lyRBOc-D7DQ9p"
"marie-therese.benbrick@edu.tbz.ch"|"@mRXcp-Z5mwBn-U$wJUh"
"gerald.edmonson@edu.tbz.ch"|"0J4x$V-5ehHC$-zvaVx9"
"ake.messruther@edu.tbz.ch"|"sgnIle-XvHa4Q-re7$p2"
"men.gosneye@edu.tbz.ch"|"InYpb%-5ywv85-8@VfQG"
"anais.jefferys@edu.tbz.ch"|"5lhft1-$bplfc-sS$2oR"
"publicite.tregale@edu.tbz.ch"|"wGdf%0-qe6jx$-nL3KlK"
"maily.santorini@edu.tbz.ch"|"Se8RvS-FRqvGa-qTt13g"
"ines.pioch@edu.tbz.ch"|"8l6#2U-1Eg&R$-0zDlD5"
"noemie.marklew@edu.tbz.ch"|"bMGaaH-1yVtos-@pZTT0"
"meghane.maccaffrey@edu.tbz.ch"|"rXTOqi-NNdoG4-AVBxeh"
"berangere.ambrogio@edu.tbz.ch"|"Cldm7v-49VAi3-#ACTSG"
"mediamass.ryce@edu.tbz.ch"|"Wr7NR4-970O3q-Rv3aQ#"
"oesten.ubank@edu.tbz.ch"|"%t2bgT-LMDXqs-dopEgN"
"melina.mackee@edu.tbz.ch"|"e$QEpg-Jqkbv0-Mf9siw"
"theresa.livezey@edu.tbz.ch"|"wtGbWN-@73i2t-A9gE@J"
"clemence.weal@edu.tbz.ch"|"PCkXVe-tIyEhr-@aNjkF"
"faites.overton@edu.tbz.ch"|"h#J23b-Ik@Fjs-bZ3A5Z"
"clea.lindblad@edu.tbz.ch"|"c@dKXX-%CHuyx-5@$g4t"
"josephine.roseaman@edu.tbz.ch"|"sDlYtd-TG3TIb-lw%&X2"
"oesten.lowbridge@edu.tbz.ch"|"D@1@S8-eT9Fba-X2OIb4"
"marie-josee.brion@edu.tbz.ch"|"nPyvfU-TDo7Th-AI%e2p"
"therese.basili@edu.tbz.ch"|"hPhLAZ-PvehRH-mCkRWe"
"melia.vertigan@edu.tbz.ch"|"jLHv9G-iQM9jj-%08ufS"
"judicael.saull@edu.tbz.ch"|"0ZccoP-H$jfE0-JSp73N"
"selene.valentine@edu.tbz.ch"|"fvKAE1-TIcXgI-h0wMov"
"verane.dunlap@edu.tbz.ch"|"JCLJ9u-5Ar&W7-aUPvR#"
"meline.kinnear@edu.tbz.ch"|"p@PqOt-04E9$n-iDFrWY"
"lei.luttgert@edu.tbz.ch"|"xOe$aq-jyBdRj-pZ8PR4"
"styrbjoern.lathleiffure@edu.tbz.ch"|"@PM&XE-l084zL-#xgvLI"
"marlene.blasi@edu.tbz.ch"|"mesD17-yF26RL-WJXM%H"
"mai.begwell@edu.tbz.ch"|"41xltz-bFAKT7-4F41Ql"
"gwenaelle.kaines@edu.tbz.ch"|"Dbb5lM-Hm3$Me-eZxC5D"
"gerald.adamthwaite@edu.tbz.ch"|"YjaHwA-Qw0ZBN-I%NIvv"
"kui.hartfield@edu.tbz.ch"|"tJjVNW-0atnu4-azVXQ7"
"salome.currao@edu.tbz.ch"|"XtjrGL-ZwirlI-$lx&h7"
"angelique.tixier@edu.tbz.ch"|"ulXC7c-6Atwqv-d2Pfqd"
"ju.mcgragh@edu.tbz.ch"|"&hsdAP-bDnTpL-XhY6e6"
"dafnee.beachem@edu.tbz.ch"|"HLXnG@-eICjjr-QhW&#d"
"creez.terlinden@edu.tbz.ch"|"nlPt7R-UlmT1N-b1LwU$"
"uo.mcskeagan@edu.tbz.ch"|"wnsL2U-g6uKih-fys#rX"
"edmee.mccaughren@edu.tbz.ch"|"gRooek-%Jl9tm-$4k@6Q"
"asloeg.cozby@edu.tbz.ch"|"nKN1ZP-CTGx&B-PBAR0$"
"melodie.traite@edu.tbz.ch"|"mgPq1Z-MM@HVQ-ZYiVfl"
"dorothee.aindriu@edu.tbz.ch"|"pFoilE-OdHRlS-rR@MST"
"daniele.doley@edu.tbz.ch"|"gQ#Yn#-utsuco-DRoWi0"
"mediamass.fairclough@edu.tbz.ch"|"B&GdHQ-$Ju@J6-5I1RJN"
"lorene.rainforth@edu.tbz.ch"|"EY6eDP-K9SSVW-nEMR@e"
"leonore.eyer@edu.tbz.ch"|"Hf9hHi-BTisNF-CWPCLq"
"po.spillman@edu.tbz.ch"|"VNsGcL-5lJ4ts-jw8v1O"
"cecilia.plitz@edu.tbz.ch"|"NXXtws-EE4cRM-vTl%&#"
"lorene.ludlow@edu.tbz.ch"|"IlXt25-MQnLIx-3SA7Q3"
"berangere.neligan@edu.tbz.ch"|"9$@Izv-jcnXYa-v&Ktrt"
"simplifies.huggan@edu.tbz.ch"|"PmhJH2-ns7iFG-QEgpJi"
"clelia.prandy@edu.tbz.ch"|"3j1N8H-NL%8fH-fEOxCg"
"ake.osban@edu.tbz.ch"|"nJQwt4-MiT6yj-5lPq&h"
"cunegonde.brunn@edu.tbz.ch"|"s9jo9x-Wo0$Y2-Sp8WRA"
"long.grizard@edu.tbz.ch"|"NzpVOa-Q@hIf%-e#Y3v%"
"meghane.diss@edu.tbz.ch"|"V$5dtq-HO8bU9-o%m%3L"
"therese.oldman@edu.tbz.ch"|"Vl3AQz-db7Jth-VPbBPe"
"boerje.scamerdine@edu.tbz.ch"|"HzO6zZ-E2cfa3-O6Id#$"
"du.saban@edu.tbz.ch"|"GCMoer-NOTbvP-oY3%rz"
"hakan.clynmans@edu.tbz.ch"|"HeJnN%-DdKnvs-8j4VNq"
"wa.macdowal@edu.tbz.ch"|"o3QgEO-P9e6AO-TXS6UG"
"venus.hatrey@edu.tbz.ch"|"kgtrOL-Ql0@W5-xrOQL9"
"anaelle.vispo@edu.tbz.ch"|"DDR#AU-eKxoZ9-MckfSA"
"mahelie.ollcott@edu.tbz.ch"|"47SGz6-h8VQJx-wd9LEG"
"mediamass.whyman@edu.tbz.ch"|"3KCx$j-BljO7%-KLo#UR"
"esbjoern.basson@edu.tbz.ch"|"6lg9vL-$aS8FU-NzvU7j"
"andrea.morrill@edu.tbz.ch"|"lytbeB-6p1wAW-P0&@q0"
"melys.grassi@edu.tbz.ch"|"1Zn%VG-JeCtyG-02ZnNq"
"leone.poleye@edu.tbz.ch"|"9wuInV-uLAfdQ-opH2Sj"
"francoise.penny@edu.tbz.ch"|"iqI$Bj-CnaKWZ-GlPK9h"
"rebecca.edney@edu.tbz.ch"|"W1ve$y-p7RN3J-5#zOlx"
"adelaide.murtagh@edu.tbz.ch"|"H#Gu2H-BdKdOf-oBg9yv"
"stevina.winterbourne@edu.tbz.ch"|"r0znpQ-NcFvRT-#V$Ef2"
"ma.cottom@edu.tbz.ch"|"cy9zZe-G%Y$ZZ-UAGWaD"
"tan.harold@edu.tbz.ch"|"AhHfnA-GCsSMg-kP6j4J"
"venus.forte@edu.tbz.ch"|"vq29Qp-6GEMfz-HEtLtx"
"almerinda.oluney@edu.tbz.ch"|"MksJzh-l15LFC-#$xaM3"
"cleopatre.brehault@edu.tbz.ch"|"rA9L8K-EhhFRe-RXTgGw"
"interessant.lapides@edu.tbz.ch"|"f9NwMN-8i08ao-UvFaO#"
"reserves.hallatt@edu.tbz.ch"|"hLVZ2C-hYHAJB-6eyPzT"
"annotes.birdwhistle@edu.tbz.ch"|"w9%6#W-QYlVja-@LkQSW"
"ai.dredge@edu.tbz.ch"|"qECosR-hWFHYw-UgksTp"
"megane.mussard@edu.tbz.ch"|"Vp$ChL-&NdCjQ-F@5f&J"
"esbjoern.gowrich@edu.tbz.ch"|"fYPjmZ-k71hcR-91ud0B"
"boerje.brislawn@edu.tbz.ch"|"vAy8DW-zDiVXC-d0#0bs"
"becassine.wilce@edu.tbz.ch"|"Dn0xI$-UIFN2i-JouE0E"
"personnalisee.oels@edu.tbz.ch"|"3tR$tu-eFLfhz-AAoR#m"
"verane.pett@edu.tbz.ch"|"vLyrnn-R&HYdZ-S7XHyH"
"marylene.glewe@edu.tbz.ch"|"cZUXtY-yH8s&T-2Z9zqP"
"lai.elson@edu.tbz.ch"|"4$hx4y-$dJwdR-n7JO4k"
"serena.difranceschi@edu.tbz.ch"|"&o@O35-qJcNfR-yuxQL5"
"lie.espinel@edu.tbz.ch"|"gQs9t3-e6fpmM-RFC90h"
"marylene.fantini@edu.tbz.ch"|"CO%bnp-mDVm3f-onB$l5"
"andre.archdeckne@edu.tbz.ch"|"wdAWZf-EHybud-OGNWQJ"
"goeran.bohlingolsen@edu.tbz.ch"|"508xar-%AMc91-vL3tvM"
"cunegonde.heffer@edu.tbz.ch"|"Nfvl@d-26JM3r-8YdlRW"
"tan.fechnie@edu.tbz.ch"|"kbV$Z7-2qHvOT-%tZkxE"
"marie-noel.brammar@edu.tbz.ch"|"BAE5cM-#kEFZb-33MIm5"
"simplifies.aven@edu.tbz.ch"|"R&KjW%-1wQA6I-RpZtC8"
"melys.pinchen@edu.tbz.ch"|"86nvF8-Xi4y8E-mkQwf@"
"edmee.joyner@edu.tbz.ch"|"$5vrTM-NH&eX8-jaszTy"
"berengere.edess@edu.tbz.ch"|"WUGds&-#qBx3M-6VUWeQ"
"marie-noel.goward@edu.tbz.ch"|"u$KRL%-76bQe4-KGiC#O"
"ju.edmons@edu.tbz.ch"|"cJicED-O$&sCt-0ZaoSI"
"frederique.airds@edu.tbz.ch"|"P$sAB0-I9duxJ-lvcWj#"
"reserves.dauby@edu.tbz.ch"|"EYUdvr-7@OUo#-ycDvS1"
"hakan.gynni@edu.tbz.ch"|"EzhH%@-h#bQwu-@K#mCr"
"leonore.pinwill@edu.tbz.ch"|"CuWcb2-x%2vTr-X8aS8u"
"marie-eve.mcallan@edu.tbz.ch"|"nhtXsU-k&J14i-iUoGN2"
"naelle.yeabsley@edu.tbz.ch"|"tOJ7%L-3aM84&-zV1klP"
"nelie.jacobovitz@edu.tbz.ch"|"S69g#D-NlQxDq-qzcVpi"
"adele.conelly@edu.tbz.ch"|"Qr6YoT-0ycRI2-kumIxa"
"clementine.dondon@edu.tbz.ch"|"jJRcDP-WB8Dpf-#5i$7L"
"zhi.willcot@edu.tbz.ch"|"FbvlbY-9TC22U-YzswHJ"
"chloe.janicki@edu.tbz.ch"|"iUzSY7-1mE7Tu-$59GZ1"
"meng.linde@edu.tbz.ch"|"RbUCKp-67nhIi-o5qaBD"
"celine.janisson@edu.tbz.ch"|"G9ZUrz-RSO8O7-sCI0Yp"
"clelia.crow@edu.tbz.ch"|"SLNrch-23F8#t-x@NE57"
"cecile.pyott@edu.tbz.ch"|"%apIFd-LghXye-O@d4EV"
"ma.fidelus@edu.tbz.ch"|"5IoIyn-$pmQZG-dIoeAR"
"marie-helene.poore@edu.tbz.ch"|"opFbjF-cck9e0-ZupBOc"
"elies.blanket@edu.tbz.ch"|"eODAZb-AylMNW-PIfv3f"
"yu.boyer@edu.tbz.ch"|"1dqn@i-VcHoey-4rnKg4"
"celia.welds@edu.tbz.ch"|"$u3w4y-6C$tgg-WQYSm&"
"du.gunney@edu.tbz.ch"|"6Fi9qM-%3e%KD-3XxEfI"
"goerel.crush@edu.tbz.ch"|"yVHFSS-UPWDIr-faddwO"
"marie-josee.brosius@edu.tbz.ch"|"Smeqs@-T2V9Kt-cjHQ3t"
"camelia.adds@edu.tbz.ch"|"RjnY7j-sZ%$d7-o99oOq"
"anae.irwin@edu.tbz.ch"|"CBe35c-mXNfmv-g3Ac9J"
"cleopatre.skeffington@edu.tbz.ch"|"Oe@epD-XVLLDE-xzXkJv"
"gerald.suggate@edu.tbz.ch"|"hkvqZK-4eGy0v-kQMY%9"
"laurene.tailour@edu.tbz.ch"|"x1AnAX-fWrP26-7$zav3"
"amelie.hoble@edu.tbz.ch"|"ySC4Bc-t5@BhP-Xdb9%m"
"venus.getch@edu.tbz.ch"|"aY@mm%-UyxiRh-Jf9IoN"
"renee.treby@edu.tbz.ch"|"wH%4Kn-m6Hrei-p@cMo$"
"almerinda.stait@edu.tbz.ch"|"DCrLCq-Yr0IvN-g3l98D"
"andree.reddecliffe@edu.tbz.ch"|"gSOCPd-sUtQnc-4t7Kat"
"leone.wintle@edu.tbz.ch"|"IvzXpy-rYI4J%-&Um$Ch"
"gerald.fellow@edu.tbz.ch"|"xRn5@J-Vg@eZt-QDZ@AI"
"ju.gudger@edu.tbz.ch"|"YGw&s3-vJQrbS-tmJtTv"
"meng.ohaire@edu.tbz.ch"|"Ks@MvV-Beu4DL-7a1#E5"
"cleopatre.missington@edu.tbz.ch"|"Pkix@H-NwH7hK-85A&RK"
"annotes.debruyn@edu.tbz.ch"|"@f14cC-7@gq9G-9UDqzY"
"gerald.sinisbury@edu.tbz.ch"|"kVwD89-G#wjgF-BJ@ZS6"
"creez.slora@edu.tbz.ch"|"40DO7D-05yQpY-K%WWWy"
"gisele.benbow@edu.tbz.ch"|"trKVCJ-10lg9I-Kr4uZZ"
"pal.dossit@edu.tbz.ch"|"$22hR1-zeq3pD-TS%R$C"
"nelie.stirrip@edu.tbz.ch"|"3FHbq1-thJI8j-q@1GBg"
"alois.ocrigane@edu.tbz.ch"|"L3gaIg-bEwlQl-07MR4C"
"kui.mcterry@edu.tbz.ch"|"zFedhG-zvOJAw-#OJk58"
"long.willgoss@edu.tbz.ch"|"syCK78-wQGT3n-s5spwS"
"francoise.sumpner@edu.tbz.ch"|"I$npQi-H$Sigq-%NWKak"
"maely.grinstead@edu.tbz.ch"|"Cpo6wN-haa$@r-$1YEv9"
"creez.langeren@edu.tbz.ch"|"4Cu5Zg-Aqx%hL-quKZ1$"
"adele.dungate@edu.tbz.ch"|"wAFI$X-jlMCOr-ehnxsB"
"cleopatre.noirel@edu.tbz.ch"|"rWSB4S-ERBRH8-hOyxpH"
"interessant.daverin@edu.tbz.ch"|"Q&#0Ff-oKKvA$-43DcE%"
"naeva.kalderon@edu.tbz.ch"|"9dvEkU-l44Pbs-OU#c6m"
"anais.oshesnan@edu.tbz.ch"|"FjguuB-7#RjLd-uYn6&t"
"judicael.anelay@edu.tbz.ch"|"jJtTmh-TQpxqw-M1SQeG"
"eloise.braxton@edu.tbz.ch"|"2h78TP-jy78$K-Zp#Id$"
"desiree.greguol@edu.tbz.ch"|"NCCzbi-vK4Wpd-qwTQXU"
"maite.mcclenaghan@edu.tbz.ch"|"0oIPse-1oyDVf-9Y9FtF"
"meng.doret@edu.tbz.ch"|"7SaeOP-Z6Te8C-lPSZoM"
"frederique.chippendale@edu.tbz.ch"|"6Hud6E-&eBj1G-@AsrVx"
"andreanne.lanney@edu.tbz.ch"|"SW1Cbk-pUPLRj-ruVpyD"
"aurelie.claus@edu.tbz.ch"|"7hW7no-8fHSgs-csjGch"
"renee.pabel@edu.tbz.ch"|"sTw3hH-tpwHXX-KBHizn"
"maena.roust@edu.tbz.ch"|"ZhZgwI-@Ped2a-yIy7QH"
"nadege.carwithim@edu.tbz.ch"|"Hk71Z%-3nF7y4-U7YdCK"
"solene.geyton@edu.tbz.ch"|"y08rSB-zeU0aE-3XH2ju"
"dafnee.avraham@edu.tbz.ch"|"pm16ir-OvgVV$-0hjIKk"
"leane.woolvin@edu.tbz.ch"|"r7aKF6-ZUBdTW-jMKTur"
"adele.macadie@edu.tbz.ch"|"7JwcJ$-504Rq8-8FQ64M"
"meline.rubica@edu.tbz.ch"|"fSasDg-GWz$td-th#xf8"
"marie-noel.speeding@edu.tbz.ch"|"#gjffl-ve76Ta-z9DGmi"
"nelie.mix@edu.tbz.ch"|"1vzgzO-eyvP8d-VpF10p"
"clea.ollett@edu.tbz.ch"|"%GEp&%-kDJzO3-Iey@4U"
"leandre.mcgavin@edu.tbz.ch"|"JGX9lY-Se&Xze-NdrfU$"
"cecile.behne@edu.tbz.ch"|"HXowP5-Zpul0w-Pxi&cp"
"melanie.polle@edu.tbz.ch"|"zm0RCK-uJziKB-#bv8DI"
"marie-josee.titmuss@edu.tbz.ch"|"H68nTs-vVuRFA-l3rfY5"
"helena.guest@edu.tbz.ch"|"qHv7Xw-jX$NHY-txJwl3"
"annotes.chicchetto@edu.tbz.ch"|"bHgXCa-Tk7rbb-k1pNdU"
"melia.tubb@edu.tbz.ch"|"hOTPwa-7w8qqG-trrdJk"
"angelique.casetti@edu.tbz.ch"|"9Wa0sj-yMUZCD-mGbFe1"
"cunegonde.cleall@edu.tbz.ch"|"uptL4d-1DMTxF-RSxilW"
"camelia.oaker@edu.tbz.ch"|"kar0j@-%fT$K@-5ss&6R"
"you.searight@edu.tbz.ch"|"FTAYI%-zqxtBE-RCUZPg"
"kevina.dederick@edu.tbz.ch"|"UISr4&-r8FYXy-xzkpVx"
"milena.jeffrey@edu.tbz.ch"|"CLqfwm-GaO3xp-pkEJJc"
"melodie.barkshire@edu.tbz.ch"|"Tj5n0p-vp0WV9-doFHXb"
"gaelle.kreutzer@edu.tbz.ch"|"iwfUVd-xMmW30-Chp%p%"
"kalliste.kleinpeltz@edu.tbz.ch"|"2t4vk#-hPLgfI-j0eJqq"
"clementine.danat@edu.tbz.ch"|"RiQRan-S&%F2z-gGvFZY"
"andrea.wabb@edu.tbz.ch"|"AukeP&-6nbfbN-Ib5@Df"
"geraldine.piesold@edu.tbz.ch"|"y9RGJY-DCPjLo-@iCVuK"
"tan.fiveash@edu.tbz.ch"|"5neqU&-Hc4iM1-wdHTFk"
"meline.yuranovev@edu.tbz.ch"|"5aRPgr-lChA&C-e3glgn"
"therese.holme@edu.tbz.ch"|"RBuu3r-uf7avG-VfNeWu"
"salome.vaney@edu.tbz.ch"|"BIky2s-MURakj-MR#Pzu"
"anae.abramson@edu.tbz.ch"|"3F2t69-SfGRzm-JbOD5S"
"kalliste.jimson@edu.tbz.ch"|"%Eq#%U-4lRFrj-wM1nJg"
"selene.yole@edu.tbz.ch"|"&XsQAS-SF2Rf7-sSSqb3"
"agnes.defraine@edu.tbz.ch"|"874e81-WFJ9WN-fLtQx8"
"faites.mccluin@edu.tbz.ch"|"NrqEzY-N2jD7i-IpU2aM"
"athena.deme@edu.tbz.ch"|"GLbH7K-@QZg9j-GJxiV#"
"daphnee.brigstock@edu.tbz.ch"|"KBu0lk-&R#4Mh-sImb7Z"
"goesta.skaif@edu.tbz.ch"|"QCo%XE-Hdo1NR-iFH#qZ"
"oceane.jagoe@edu.tbz.ch"|"eVQEQG-sLX1Eo-dXzs@I"
"annotes.broomhall@edu.tbz.ch"|"t0$UrF-FjgEDv-3MciPp"
"marie-eve.ballendine@edu.tbz.ch"|"9hfJ#5-ILd&u5-2t0qLA"
"melina.spykings@edu.tbz.ch"|"90Wtns-RwyN$F-4iQA&k"
"laurene.ticehurst@edu.tbz.ch"|"FvOd0h-I9E@t5-Gz3MLZ"
"fei.avramovic@edu.tbz.ch"|"OI#5F6-1K$&li-VNv6b4"
"publicite.strathearn@edu.tbz.ch"|"eFHFQu-cRsW9$-mJaimT"
"torbjoern.garrow@edu.tbz.ch"|"hrzmfw-f1f3DD-nKaIwo"
"chloe.rubinsztein@edu.tbz.ch"|"K6F5r&-lq%#Th-jWscUl"
"mylene.demanche@edu.tbz.ch"|"N2PAaF-ZKPD2&-DO4@uf"
"mediamass.godlonton@edu.tbz.ch"|"a4jM%o-rOe&ke-HC79jC"
"renee.shurrocks@edu.tbz.ch"|"4iLeW2-$0fhEV-ypX%af"
"maiwenn.jedras@edu.tbz.ch"|"sy@dmi-#5Op$v-5&Uk$f"
"genevieve.castells@edu.tbz.ch"|"j3UPdN-ccSCPn-ED@DaM"
"renee.sneden@edu.tbz.ch"|"ORfCfp-nJkI26-Bmx5@E"
"lai.mccallion@edu.tbz.ch"|"gtru#T-1D3gCC-NvveEg"
"kevina.impleton@edu.tbz.ch"|"vGeLO1-ziBoYE-dq6c06"
"oesten.fresson@edu.tbz.ch"|"RnDTi%-bf5&60-Nh3NXy"
"verane.shawley@edu.tbz.ch"|"cnvkXt-GgwtGk-@p4auj"
"uo.sjostrom@edu.tbz.ch"|"ZFat$&-JRYuly-riaqVj"
"gisele.gothup@edu.tbz.ch"|"8fo974-1eHcEA-fyykWd"
"renee.beauman@edu.tbz.ch"|"Hs$S2J-a07bwP-yTiyeM"
"elies.loton@edu.tbz.ch"|"I6ShvO-6njfR9-NuALd#"
"valerie.elsmore@edu.tbz.ch"|"496Oyb-D%3i7z-xg%BIK"
"berangere.delafeld@edu.tbz.ch"|"vBJ%3Q-mL%RWe-m%XGqO"
"bjoern.schimke@edu.tbz.ch"|"w3V9fp-CvT8hb-QcdBRh"
"loic.ericssen@edu.tbz.ch"|"t8xZxL-Xmo36T-wX9fSc"
"creez.richarz@edu.tbz.ch"|"ytFCIb-n#730d-Cspk9@"
"athena.grocott@edu.tbz.ch"|"atX#pR-t@U7zK-JJoF90"
"naelle.piotr@edu.tbz.ch"|"ukHnkw-M8idDA-R2z717"
"maella.paulson@edu.tbz.ch"|"wxtypW-GjXZZM-pU$KZA"
"song.perot@edu.tbz.ch"|"cvMBsY-hlS6xj-4tRcu@"
"kalliste.heckney@edu.tbz.ch"|"K4vss8-nV2sZS-QDHmFC"
"ake.vasyutkin@edu.tbz.ch"|"sduWZ4-LEOpLL-75gqRT"
"ma.castles@edu.tbz.ch"|"Afd0e0-jl8tw2-#jg8wa"
"maely.monget@edu.tbz.ch"|"4BYcmK-WataxL-T$@gcu"
"tang.durbridge@edu.tbz.ch"|"23se10-%SB$MP-6F66QI"
"laurene.andrew@edu.tbz.ch"|"A2Chru-JZexwm-qUhH40"
"lysea.beacon@edu.tbz.ch"|"tAVtlF-Xf3mQY-QdYMfa"
"leandre.peyntue@edu.tbz.ch"|"%lBze#-ubTh18-xcQDLY"
"rao.trever@edu.tbz.ch"|"VMnkZ@-vCbsPR-y8uMp5"
"mahelie.streader@edu.tbz.ch"|"A$36ic-L4bcBQ-9&fYaV"
"maerta.andrejevic@edu.tbz.ch"|"Z#O6li-@q$RqO-qBdDhy"
"goesta.tompkins@edu.tbz.ch"|"aIIiXx-7c5mVS-Ftd2H2"
"helena.agates@edu.tbz.ch"|"S7&UBq-lYiaif-2v34Mv"
"therese.glass@edu.tbz.ch"|"Hv@sve-2IZyu#-GzTmB8"
"alois.foan@edu.tbz.ch"|"yXvitR-$L8GLD-x%FsDK"
"becassine.melchior@edu.tbz.ch"|"SvL6Ne-NZf#&4-Sx@lkJ"
"cloe.robart@edu.tbz.ch"|"&x$7pD-8UpdIA-q6Qe@y"
"daniele.puckinghorne@edu.tbz.ch"|"ffsy44-D7kBoq-lEHG6F"
"selene.cammidge@edu.tbz.ch"|"l81oTz-qkRBeu-ieUur2"
"regine.conochie@edu.tbz.ch"|"cCdwyJ-j$7y1e-CRos1m"
"interessant.tuiller@edu.tbz.ch"|"9sdREH-SU5b9l-h52NR#"
"long.tiebe@edu.tbz.ch"|"eF%Qxs-XaAYpP-evUdk0"
"mans.yele@edu.tbz.ch"|"V7OfnR-xZ2Xf4-Xj&Hkw"
"ai.giles@edu.tbz.ch"|"MjoZiy-MVM7M2-FEBIso"
"gaetane.hamberston@edu.tbz.ch"|"khnuua-%aYOuk-cZia6l"
"marylene.fenix@edu.tbz.ch"|"W9E#9b-CzgQEJ-rWYbBW"
"geraldine.graeme@edu.tbz.ch"|"RLR&zD-JE4yEG-jCRbrD"
"tang.kinglake@edu.tbz.ch"|"xdfmm7-7uKuAP-w8Zn0B"
"lai.challoner@edu.tbz.ch"|"lvXFO8-b%8#gs-@OJQRy"
"desiree.mattei@edu.tbz.ch"|"4jzUtx-2#x@Ye-J3f7Ny"
"ake.erley@edu.tbz.ch"|"bhTRZ9-lr2Eml-8cT&x8"
"edmee.cavil@edu.tbz.ch"|"iYiJCQ-8Q5iKW-z9Oci1"
"alois.moyes@edu.tbz.ch"|"e3ZsK6-dny0$M-YZ8uhB"
"becassine.pitman@edu.tbz.ch"|"3teRDV-s6PY&3-eIySf2"
"ai.giacovelli@edu.tbz.ch"|"0ysR5n-2P@m6@-Y#S00h"
"judicael.fruchter@edu.tbz.ch"|"ojGb&C-xivQd0-Iv0Z@F"
"mans.mogg@edu.tbz.ch"|"JFdCF5-mcqUE2-oJk3Nz"
"gerald.foyle@edu.tbz.ch"|"$pV1F3-QV8U91-X%ViHV"
"wa.androletti@edu.tbz.ch"|"7u$LT7-XQIr7N-DeJsi6"
"meng.ollett@edu.tbz.ch"|"EOEhHX-cU@WLp-NDxgoN"
"naelle.macmenamy@edu.tbz.ch"|"K%@4TR-S0u$Xq-b38ug6"
"gisele.mcramsey@edu.tbz.ch"|"7nsqAr-G&Yxve-XJhD2j"
"meryl.scolts@edu.tbz.ch"|"%r4Oin-9ugREy-B#udai"
"celia.bloxsome@edu.tbz.ch"|"ftV6rz-mlCYVp-rOhjex"
"styrbjoern.stuke@edu.tbz.ch"|"@yUuOn-4RraQe-ClD1TD"
"felicie.gwilliam@edu.tbz.ch"|"sq1RSS-21dWAk-HQdwnt"
"da.harms@edu.tbz.ch"|"BBJ99T-xNs16A-TelSF7"
"celestine.baulk@edu.tbz.ch"|"XqDh@9-oRQWMT-35KIdA"
"mahelie.blackledge@edu.tbz.ch"|"&3kZ#8-HcYabM-eeITCO"
"meghane.salt@edu.tbz.ch"|"%YxPBe-3a1MYO-qObBmY"
"methode.paxeford@edu.tbz.ch"|"veHgF%-T9sHb#-j@Numm"
"asloeg.milligan@edu.tbz.ch"|"J0Cmb@-kp8EEJ-EJPBw1"
"you.pellman@edu.tbz.ch"|"SkFZAt-d&IWUP-w9XvQe"
"loic.regenhardt@edu.tbz.ch"|"q2&GWP-XQwNK&-D$rIVX"
"daniele.savill@edu.tbz.ch"|"RbQEw7-pNjSQR-aU0V2S"
"alois.cornu@edu.tbz.ch"|"#5Izx1-Y8r9cR-pPyXjy"
"oesten.govey@edu.tbz.ch"|"LDzxNP-9F%VQf-3Be#Ok"
"marie-eve.louch@edu.tbz.ch"|"TF9S0w-NYoZr&-yDhlHo"
"theresa.wenn@edu.tbz.ch"|"s4zOmY-fSL1#I-SO@zE%"
"andree.eul@edu.tbz.ch"|"dpEWIP-I&eqPj-ZX2zo8"
"lie.paynton@edu.tbz.ch"|"rz7O7m-u3WXGg-%w7B8O"
"marie-eve.girodier@edu.tbz.ch"|"qsS412-$jCMPU-$L24wS"
"marie-noel.smithe@edu.tbz.ch"|"OQ2WnL-TRJuja-3GaBYz"
"men.bootyman@edu.tbz.ch"|"o&ZhxU-OnA2YZ-uDYAyZ"
"ku.sugg@edu.tbz.ch"|"VHWWjD-lEnuHh-7MBB3P"
"lucrece.roseman@edu.tbz.ch"|"NZmjVq-UKMqUs-RuYZ$B"
"zoe.annear@edu.tbz.ch"|"0kss6$-HE9Kr$-&KIIYe"
"marie-helene.rennebach@edu.tbz.ch"|"vxOUVn-tI@ECT-hqJLTd"
"lea.djurdjevic@edu.tbz.ch"|"GAtJ$$-V5aiDR-r1#dHK"
"goerel.robert@edu.tbz.ch"|"nZDzfO-BdIQsT-&n9ysV"
"mylene.foldes@edu.tbz.ch"|"PmHVgK-ACeSXz-ak$2S&"
"faites.clegg@edu.tbz.ch"|"Madt0X-%q%x%c-j9pPDq"
"marylene.crowcher@edu.tbz.ch"|"9d0Hia-uUoD4N-Qb#JKe"
"aimee.wimpeney@edu.tbz.ch"|"Zv4wgZ-BMNapM-HBhaHx"
"renee.atkins@edu.tbz.ch"|"lw1ghh-D26bFI-H3JQl0"
"rejane.cainey@edu.tbz.ch"|"Cg9&9R-MS57ZF-l0B35M"
"solene.britney@edu.tbz.ch"|"YHnQ@E-T$6yeN-I3$$gA"
"marten.shatliffe@edu.tbz.ch"|"iE1J5d-9PC3dK-y29JRx"
"maite.issatt@edu.tbz.ch"|"Okj5VZ-FDeL76-o84zl5"
"maelyss.edon@edu.tbz.ch"|"McFHFr-3baHBA-7LUUbo"
"nuo.bamling@edu.tbz.ch"|"w2Ip#K-VmCa1e-TUt&Ii"
"anais.edards@edu.tbz.ch"|"Xu7fNz-WT8FUi-mV7p$Y"
"mediamass.bromet@edu.tbz.ch"|"r4zEbE-AP0dLF-O2aBGf"
"beatrice.kimbrey@edu.tbz.ch"|"v3mUxk-8gT#hv-0WhckP"
"ines.lawranson@edu.tbz.ch"|"slLcHw-&cDL&9-RmQXmF"
"kalliste.scandroot@edu.tbz.ch"|"47fiMq-rUQp4I-j4TQdG"
"mans.barrowcliffe@edu.tbz.ch"|"KB7Zpl-alW80@-uV1bwq"
"irene.couves@edu.tbz.ch"|"KPE#VT-JRAwFK-WTSieR"
"milena.mucci@edu.tbz.ch"|"ScX$&4-2YNFh%-MUf7X5"
"naeva.cow@edu.tbz.ch"|"E7OcwR-HupCKp-&ux45B"
"audreanne.mournian@edu.tbz.ch"|"xZsae#-DoKWOd-12t$o&"
"melia.sinnatt@edu.tbz.ch"|"q3qxMq-SFvPPf-Ur3i7x"
"nelie.burnard@edu.tbz.ch"|"yy375n-v2D2Jv-bDVXgP"
"clelia.ashfull@edu.tbz.ch"|"CgN@qo-Zvva2V-fj8X#M"
"lie.macard@edu.tbz.ch"|"rhjeAy-8sRjps-###Gtc"
"valerie.matoshin@edu.tbz.ch"|"vPkmWF-PsT0fo-t&diSn"
"anael.hatherleigh@edu.tbz.ch"|"6IhLsl-YKbP42-GuN9IO"
"interessant.warratt@edu.tbz.ch"|"ChbvY8-$xM$k@-7p6WRO"
"eleonore.volage@edu.tbz.ch"|"375uNv-YgfLPi-foZ4Cr"
"zoe.stebbing@edu.tbz.ch"|"@LLvMp-zITcJv-0ZMAry"
"alizee.nye@edu.tbz.ch"|"tlJo%@-Q8emvZ-qeCQ6k"
"celestine.bramley@edu.tbz.ch"|"N%p1k&-QhZY6k-26bwCg"
"selene.philcott@edu.tbz.ch"|"gz37Cx-uhQi$m-bFvhAJ"
"tang.newens@edu.tbz.ch"|"rQH0tv-ngJqno-a%vJKS"
"annotes.powys@edu.tbz.ch"|"dkCq0m-KDuVg7-8QKp@0"
"lea.matthesius@edu.tbz.ch"|"use1XP-AGDyWu-p&cHc3"
"illustree.garlett@edu.tbz.ch"|"Guw2oa-JB7fHD-AvH#SE"
"maiwenn.meachem@edu.tbz.ch"|"FKuX%E-5XaxgK-W9oJvr"
"marie-francoise.mcbrady@edu.tbz.ch"|"MZpE6X-V$$LQR-BaH9rd"
"illustree.gimbart@edu.tbz.ch"|"rbaXus-6QPM0k-MeoE#H"
"melys.lyosik@edu.tbz.ch"|"bFMxIM-YKFVbH-yDI0Bu"
"marylene.mcnab@edu.tbz.ch"|"9RDgnx-&hD$vw-fe4PnS"
"gerald.blount@edu.tbz.ch"|"mA9H8H-UjXh4P-lU2Q4K"
"clelia.shakelade@edu.tbz.ch"|"hLlAJW-ygTpbB-g$O5&B"
"penelope.cridlin@edu.tbz.ch"|"KJnzY3-K#i5k&-%LlV&u"
"maena.okuddyhy@edu.tbz.ch"|"CaDIjn-Eky98c-@OrmY1"
"athena.keynd@edu.tbz.ch"|"O6O2Wp-eur@f1-u317ux"
"cloe.dwine@edu.tbz.ch"|"Aj653M-HuCMe3-P$HdPs"
"josephine.browett@edu.tbz.ch"|"7Q3eOI-3smX#2-fNr#se"
"audreanne.oscanlon@edu.tbz.ch"|"otq95T-dwAiFt-c1HM5N"
"fei.jeanequin@edu.tbz.ch"|"CwfEyh-sLLFXd-8acgyI"
"lois.gormally@edu.tbz.ch"|"POhxiq-6zktn0-R2Kfjx"
"marie-francoise.finnigan@edu.tbz.ch"|"NsOtQk-XFs2aC-YWK2VR"
"leonore.trussman@edu.tbz.ch"|"%51HZa-08kVmt-ktyY%p"
"anaelle.trumper@edu.tbz.ch"|"XzTFJh-R#Wu1W-&&vIb#"
"clemence.dionis@edu.tbz.ch"|"zG4R9e-6OVsLN-CK2B%B"
"lois.tranmer@edu.tbz.ch"|"H9@fwB-oQp&lI-9S1OPP"
"interessant.volett@edu.tbz.ch"|"jO7sDY-Usreoh-6yJGre"
"personnalisee.deackes@edu.tbz.ch"|"%AuzRv-1bq5vx-tqLotJ"
"lie.vasiliu@edu.tbz.ch"|"YiI2J$-YNecw6-54NQaM"
"dafnee.lamputt@edu.tbz.ch"|"3sVR8L-KPLdTK-CZC2%n"
"elies.bromige@edu.tbz.ch"|"MBXP%n-1c4#8U-mPGT6g"
"helena.klosser@edu.tbz.ch"|"KCevCk-OMzdLd-GKGPxu"
"andree.grim@edu.tbz.ch"|"YoBo4s-QAwj1V-UIy0sO"
"verane.coldbath@edu.tbz.ch"|"@Bj8R8-EkJ0Y%-WngIHG"
"helena.bethell@edu.tbz.ch"|"gPgSCF-xIZM0M-NzGtrW"
"kalliste.carefull@edu.tbz.ch"|"NkSOho-lmi4nk-1CfqON"
"regine.odams@edu.tbz.ch"|"yLijZV-l&#eUq-C0&lJX"
"len.stannus@edu.tbz.ch"|"TmASd%-88w6FG-cTKDxQ"
"angelique.works@edu.tbz.ch"|"YI%KZb-s5Mw4F-x6&CX&"
"goesta.rheaume@edu.tbz.ch"|"Y2cKUE-wtpkOm-p0@8Ao"
"maelys.tynnan@edu.tbz.ch"|"@DMG#I-gnC%d#-CbaGWk"
"maelle.carlesi@edu.tbz.ch"|"zKEC&r-gHDD8v-CdnyPN"
"anael.spurden@edu.tbz.ch"|"zvm9UK-#SZ$2X-OqT%hD"
"helene.pumfrett@edu.tbz.ch"|"JVA#M%-tLR#PP-40$EGs"
"goerel.pearn@edu.tbz.ch"|"V572q1-l8RPk#-U7MZQ6"
"laurelie.dezamora@edu.tbz.ch"|"5%zIbs-DZzqPQ-3w1zfs"
"yao.twidale@edu.tbz.ch"|"Mh7X5%-I0D$LM-JVp8gF"
"berengere.sola@edu.tbz.ch"|"NBZWDS-ht1JDB-Ly8wsa"
"maelann.hardistry@edu.tbz.ch"|"B23RIZ-DZk8nE-Xrh84S"
"severine.littlefield@edu.tbz.ch"|"uy2#S$-P8WX6S-%rQtNB"
"salome.heinl@edu.tbz.ch"|"O0FblC-6rF38e-43BC9e"
"meryl.warbey@edu.tbz.ch"|"SU6vw3-v4ps$k-G2u8Sn"
"da.hunstone@edu.tbz.ch"|"Qe6OpZ-5uPyvX-rMF90V"
"venus.broadbury@edu.tbz.ch"|"yjioCl-9x9#rU-Dt3WTQ"
"meghane.rentelll@edu.tbz.ch"|"#ogiKd-BhAZhG-nfxMK#"
"marylene.drewitt@edu.tbz.ch"|"AaF5L@-QhA1sO-PY5csG"
"melinda.jacquemet@edu.tbz.ch"|"UbaCJ5-6iT1oU-J1#dQO"
"marie-josee.keyden@edu.tbz.ch"|"IPF0XS-IRXiaY-uHw3mw"
"asloeg.montacute@edu.tbz.ch"|"hPTb$M-GqD5e5-#NY@6V"
"ku.andreou@edu.tbz.ch"|"Udeevn-aD8GnO-a%5X3M"
"personnalisee.feaveer@edu.tbz.ch"|"AvtDmY-0ks5tL-@6AVam"
"laila.emptage@edu.tbz.ch"|"JDF6#m-OOHc&h-0Zw9v@"
"bjoern.dawdry@edu.tbz.ch"|"JzZJdI-m2D&ha-y8p4o0"
"marie-eve.dinsell@edu.tbz.ch"|"OpBPeL-aicUJs-map5kR"
"helene.follett@edu.tbz.ch"|"eYeRTQ-HlttY2-8kGJ23"
"penelope.cordero@edu.tbz.ch"|"@KXwfC-GFjx7W-fwzhE3"
"boerje.beedell@edu.tbz.ch"|"HKlap7-@I30OQ-M00NuQ"
"nelie.ferne@edu.tbz.ch"|"%uTnFA-$TlzsD-7VvA3h"
"celine.ahmed@edu.tbz.ch"|"zFSPm5-8FmgXi-&s$atW"
"stevina.pimblett@edu.tbz.ch"|"igFPoi-stzKgo-exdoMg"
"chloe.langlands@edu.tbz.ch"|"olr6gl-9ga4xA-Zdekg$"
"simplifies.maude@edu.tbz.ch"|"U5yNBT-8#PubU-Qv2JHh"
"genevieve.decarteret@edu.tbz.ch"|"nxqw4@-t9I0bl-jVvYGa"
"marylene.mughal@edu.tbz.ch"|"TuV1uW-YO%w2K-FlLtdu"
"goeran.guttridge@edu.tbz.ch"|"U#cCyk-5H1vV2-79grYE"
"michele.smurfitt@edu.tbz.ch"|"VJMows-D@hmkd-sd$iWt"
"methode.hadeke@edu.tbz.ch"|"SA&jqu-hS74qJ-inzXOt"
"therese.rispine@edu.tbz.ch"|"VKg5&L-bbgBpV-Kqob&#"
"goerel.plumley@edu.tbz.ch"|"qaFFzn-bKsa42-$EWNsL"
"oceane.friett@edu.tbz.ch"|"1vaCLz-7Lvyfv-bJOxLu"
"marie-noel.achromov@edu.tbz.ch"|"SSmewl-h$L9OP-k8ld4i"
"dorothee.storek@edu.tbz.ch"|"&&dJ#O-R1f4rf-AdgH%I"
"goesta.whittle@edu.tbz.ch"|"VfpW4m-mqzEGj-a4PlU%"
"desiree.casely@edu.tbz.ch"|"XMAC4%-o9kM80-c4@Apm"
"felicie.condon@edu.tbz.ch"|"KSP1ZT-nIt&Wd-ykavEo"
"maelyss.frisdick@edu.tbz.ch"|"PlnhDX-yWurzt-Yh$vca"
"aimee.banke@edu.tbz.ch"|"8ymQOW-cSxfSw-VFRkwE"
"naeva.hodcroft@edu.tbz.ch"|"msmWge-MVeaeN-MPY#53"
"laila.gerrans@edu.tbz.ch"|"BDNjFq-EzAHE1-k2nhR$"
"daniele.scrimshire@edu.tbz.ch"|"8MN&&7-15PAm4-2Dik4z"
"daphnee.sheerin@edu.tbz.ch"|"4GTYAR-@%DlBU-G&suV1"
"pal.vanyukov@edu.tbz.ch"|"Ro7A00-oHmus@-sFwC0#"
"zoe.childs@edu.tbz.ch"|"AFPW4I-lI2sp%-OndbSW"
"ai.corde@edu.tbz.ch"|"1rB#Kr-a7U3d2-AuyXg9"
"maelys.berryann@edu.tbz.ch"|"td%VwA-l5Yuc0-MQ4Mr0"
"cloe.gladding@edu.tbz.ch"|"RBxFeX-R6o2Bq-kiUUuo"
"wa.kinnaird@edu.tbz.ch"|"z@Q$48-i9hJDI-IC0#V4"
"publicite.brittoner@edu.tbz.ch"|"zRPta2-ERszZz-ip@fDr"
"rao.windress@edu.tbz.ch"|"JDJSUh-zy&@VF-rlpip%"
"uo.kollach@edu.tbz.ch"|"2HKB4Z-J8qgK3-$e5kFm"
"josee.peskett@edu.tbz.ch"|"wQdBI5-kkZOLU-GonaVV"
"annotee.hasel@edu.tbz.ch"|"5gqy@H-&a2S88-6QKLLE"
"cinema.lee@edu.tbz.ch"|"9@l4Dl-jBFV6R-l2TlaP"
"lai.vedeshkin@edu.tbz.ch"|"T6m6Ij-9q7Qpb-cC$8@k"
"renee.brisbane@edu.tbz.ch"|"wUFbLF-ug9i7&-h#ZPNn"
"ophelie.blincoe@edu.tbz.ch"|"5kmqbT-jN4#NS-j6yGQd"
"zhi.prazor@edu.tbz.ch"|"BuJGjn-kNSHpL-iMJg54"
"annotee.maddicks@edu.tbz.ch"|"a&Fa8F-5i@H#m-TqXF9M"
"maelyss.codd@edu.tbz.ch"|"$#vQFp-#SoTip-Br9o9N"
"celia.peplay@edu.tbz.ch"|"11xZvD-3a05q5-NNcxon"
"interessant.skone@edu.tbz.ch"|"XrykPH-W5akjX-YdGMsA"
"audreanne.hebdon@edu.tbz.ch"|"ryM#k8-ZQreCS-m6Ieyj"
"oceane.glen@edu.tbz.ch"|"3qroWF-nU@Nid-v@u&p$"
"daniele.vanyushkin@edu.tbz.ch"|"F2T%FV-RNZiy&-TWUX98"
"daphnee.ayce@edu.tbz.ch"|"gpM7KT-kfEshQ-N1iCGh"
"andrea.attride@edu.tbz.ch"|"S0pd9U-E%axZ3-QQJNyJ"
"penelope.bridgwood@edu.tbz.ch"|"1H7iQF-556gqT-7rZu@9"
"mailis.drewitt@edu.tbz.ch"|"$busn2-qbkLyh-U48XUI"
"penelope.mollene@edu.tbz.ch"|"XfWfMj-C#U6A%-S3tKNQ"
"illustree.keely@edu.tbz.ch"|"nfk&RB-qaLLDd-4o#Ssx"
"meng.brisseau@edu.tbz.ch"|"GKcUU#-B&rOzn-oNYx0z"
"ruo.cleiment@edu.tbz.ch"|"y27Jxn-TdR4nl-9uxrvl"
"maite.krammer@edu.tbz.ch"|"Qa0hRm-RWaJja-$81sR&"
"genevieve.verry@edu.tbz.ch"|"1es#zS-B#mMKn-N1aU8K"
"lea.olochan@edu.tbz.ch"|"sa6HRv-SLkIBO-d7&Qco"
"naelle.brunnen@edu.tbz.ch"|"Q50%sa-nA%VOT-fNB5WT"
"goesta.bragginton@edu.tbz.ch"|"$MUwxC-RhM0r#-$6SVNk"
"fei.danilyuk@edu.tbz.ch"|"2lMm2@-gbTSkp-GTfQ9x"
"adelie.turbitt@edu.tbz.ch"|"bgJA8i-TY7dl8-xbmNQh"
"marylene.nutman@edu.tbz.ch"|"Bf81LL-y86U7s-%mgzAA"
"therese.barbrick@edu.tbz.ch"|"UVBkFR-@nh2%q-T3NtMm"
"melys.kolodziej@edu.tbz.ch"|"f2rXRB-Iuvk5i-pgIVAw"
"melanie.runchman@edu.tbz.ch"|"Qmo3MT-GsKxKi-NDsfdW"
"serena.lafond@edu.tbz.ch"|"kw3ya8-@zGQK0-hSXVSb"
"pelagie.desmond@edu.tbz.ch"|"sd6bDr-JmZn#0-awtWtF"
"wa.spickett@edu.tbz.ch"|"rEC6L$-VBKrj5-r%g#VR"
"po.shave@edu.tbz.ch"|"ABLJQB-9&RaSX-Um8qWF"
"song.huikerby@edu.tbz.ch"|"RKO&d1-4yZKZf-dgZcRi"
"melinda.bimson@edu.tbz.ch"|"0&%MCO-KNk$nE-sgCUBY"
"personnalisee.toffanelli@edu.tbz.ch"|"&&aIkh-dLbOCc-EMBxjn"
"leandre.hurn@edu.tbz.ch"|"fq6mTP-O@OTG7-5s5nn4"
"oesten.standell@edu.tbz.ch"|"%tJU#9-3F6EAz-PJ$ucb"
"naelle.smaleman@edu.tbz.ch"|"qw325g-yPho6Z-zu4kTB"
"berenice.tayt@edu.tbz.ch"|"kGLP8q-AO5uRt-O51paq"
"kui.popplewell@edu.tbz.ch"|"&5rLiB-o9ILp0-z5AP7Q"
"melodie.ferandez@edu.tbz.ch"|"HCvQkc-h$38SI-nzmeyU"
"josee.negal@edu.tbz.ch"|"n7P74N-7K3EiO-aYOzJg"
"melissandre.ferrelli@edu.tbz.ch"|"vEDI9W-ztooCc-MHLaan"
"josephine.kemmer@edu.tbz.ch"|"LipJhw-INuIH0-zFFE3q"
"maely.cayette@edu.tbz.ch"|"3YU@g8-mSPE7L-N$JTE&"
"nelie.vela@edu.tbz.ch"|"fCRMHl-YhKN$i-q@kK#R"
"melina.cortes@edu.tbz.ch"|"tZ#nFV-zHJdYP-VKvsJx"
"megane.leyshon@edu.tbz.ch"|"fTJgzE-giRGvZ-H6lkTz"
"regine.harrie@edu.tbz.ch"|"nTnsCE-7F3ceL-zLQJJi"
"mylene.widdison@edu.tbz.ch"|"6w8YeY-#jjhbA-WgCgix"
"pelagie.vivash@edu.tbz.ch"|"UmJ0sK-DMykoS-s2NNbT"
"styrbjoern.vicarey@edu.tbz.ch"|"hxjQF4-dZtDzc-CWuo45"
"long.kyles@edu.tbz.ch"|"@5#HP$-U4V3r0-E&uTx3"
"stephanie.gipps@edu.tbz.ch"|"1udxVL-GPzPwX-VY#iM0"
"clea.constantine@edu.tbz.ch"|"0trP6j-dlBpa$-W$AJZC"
"maella.cometto@edu.tbz.ch"|"d#rlll-i0na8g-qUSG$l"
"laila.aubrun@edu.tbz.ch"|"k2bG7&-YPo48r-c3Mq%T"
"yao.austins@edu.tbz.ch"|"20ok7K-dD9WrE-9smvXC"
"mailys.rylstone@edu.tbz.ch"|"ESHoF3-87veEH-@UjDrE"
"adelie.curuclis@edu.tbz.ch"|"wLTGV2-B&GQH1-q72WYd"
"celine.longhurst@edu.tbz.ch"|"ss3tPR-&Aqrht-q3tTUE"
"gisele.hazell@edu.tbz.ch"|"qYyU0Y-4HD1tv-G%Xjky"
"celestine.ciccone@edu.tbz.ch"|"3Z2%nD-himqH%-k1WdU4"
"maelyss.doole@edu.tbz.ch"|"tgH@HX-9Dvnwa-KL&xjh"
"helene.grimsdike@edu.tbz.ch"|"3CSudq-2JqlFQ-1uDCzW"
"lie.macer@edu.tbz.ch"|"EkPNZ0-IgADaI-qi$o72"
"maely.izard@edu.tbz.ch"|"ON0k66-j89PLh-H9Nr9b"
"erwei.breewood@edu.tbz.ch"|"xHQ1Ad-5V6FEZ-Nh8UO7"
"chloe.woolford@edu.tbz.ch"|"I1FEmr-&k4e&O-58tG#z"
"cleopatre.turpin@edu.tbz.ch"|"gxmoC4-%VWuor-i3jWhf"
"melodie.surgison@edu.tbz.ch"|"imjXvO-FYdD&4-7LlxdS"
"elies.leander@edu.tbz.ch"|"3%C@$O-L1iyrJ-z4GISi"
"mediamass.reignould@edu.tbz.ch"|"1ls@pA-TwGl6r-K0oVl1"
"celestine.wasmuth@edu.tbz.ch"|"GXO@Nd-v3kr#Q-WpPDUT"
"marten.jervis@edu.tbz.ch"|"cqxM4k-SNq1mo-SPuXnC"
"daphnee.bour@edu.tbz.ch"|"ke8ua0-u6s&zH-%gW1oX"
"regine.harlett@edu.tbz.ch"|"DpvLMZ-RyrU7Z-%v%rZu"
"noemie.macaskie@edu.tbz.ch"|"9TKusv-E#GinV-pK%wTI"
"loic.renfield@edu.tbz.ch"|"iLPJxH-U0CdSK-aAt%0#"
"venus.kleinert@edu.tbz.ch"|"@FWys$-hvVrFi-z34$Pd"
"marten.burlay@edu.tbz.ch"|"iCP$xq-Lt10%o-rMpTpG"
"berengere.radsdale@edu.tbz.ch"|"b5S4#d-iWI82o-LFdSKW"
"genevieve.duckit@edu.tbz.ch"|"igOBm1-H7eXXW-TMxQps"
"maely.ligerton@edu.tbz.ch"|"xVOogc-jDE@OV-Bvq&ho"
"maeline.ricciardelli@edu.tbz.ch"|"T#6wx1-mQ8%xx-hz%799"
"personnalisee.yggo@edu.tbz.ch"|"twdY1C-Gnl%c%-%nHzEJ"
"alizee.pettinger@edu.tbz.ch"|"YLmVt8-4F4Xqs-Lw5mES"
"desiree.curnnokk@edu.tbz.ch"|"m4HjjT-WMrw%1-Tzeno3"
"dorothee.minors@edu.tbz.ch"|"6aHwQq-woO&M#-BJr5&G"
"oceanne.kopmann@edu.tbz.ch"|"T4tCXn-WIdsh7-LYtyny"
"almerinda.brodbin@edu.tbz.ch"|"3i3Ehx-nfo%FC-bZ8LqJ"
"yenora.carsberg@edu.tbz.ch"|"3#Qvwy-r1z1vz-pyMCcN"
"wa.beetles@edu.tbz.ch"|"exQ7mG-Ba1pgW-p$nSor"
"audreanne.abbot@edu.tbz.ch"|"tVI%OP-RNMSJC-#fLdDD"
"noemie.capper@edu.tbz.ch"|"eo%aMo-9r6Knb-JyUaQ2"
"mans.abramamov@edu.tbz.ch"|"4UHQ8r-9KQ0LK-w#UemC"
"audreanne.blakey@edu.tbz.ch"|"X&4sX2-%ePlyW-I7Esk0"
"leone.klimpke@edu.tbz.ch"|"ctlPT5-izpFkW-bCQ&Tn"
"lie.croston@edu.tbz.ch"|"EWYfGf-0gaCFj-1&w@pH"
"anaelle.baistow@edu.tbz.ch"|"XW%$1B-0IQ#oQ-ywjkHm"
"michele.garwood@edu.tbz.ch"|"XHNHtg-#PEt#H-RU6t8U"
"interessant.albion@edu.tbz.ch"|"Dx#iDY-ktFLXz-mSiXtL"
"andre.brisco@edu.tbz.ch"|"EPxsFu-o08wMb-mhCFqd"
"tang.totterdill@edu.tbz.ch"|"7kBFi1-S#JYGh-dWs2zh"
"marie-josee.braundt@edu.tbz.ch"|"82o%lP-oWRH@W-kynW43"
"lois.galer@edu.tbz.ch"|"Q$S6Y5-DWy7&u-@e$W0z"
"faites.pellamonuten@edu.tbz.ch"|"V4$a$I-6U4PdA-dfckMS"
"mai.barfford@edu.tbz.ch"|"MOn#B#-W@@ZXA-5eCAnw"
"laurene.macilory@edu.tbz.ch"|"eJiWim-FfuTKR-mEBLuc"
"elea.peak@edu.tbz.ch"|"YqshcW-cIOulO-XYyuAE"
"rejane.doni@edu.tbz.ch"|"1&P%ug-XE2eVB-JqP7JN"
"mahelie.ector@edu.tbz.ch"|"G9G%D1-Tvc5w$-TWveMl"
"rachele.allum@edu.tbz.ch"|"oKyoR8-TOoVaD-WhlOrr"
"laila.gerretsen@edu.tbz.ch"|"cfvPMU-kc%EEQ-Wi0YOT"
"ines.bowman@edu.tbz.ch"|"Nv5TKD-q3t3O@-hCZU$z"
"publicite.barbary@edu.tbz.ch"|"0t@U$s-7sL$JQ-tL776o"
"mailys.smooth@edu.tbz.ch"|"#myunl-e&Uo9l-V@ht0z"
"mailis.huguenet@edu.tbz.ch"|"GQ2baw-DX974e-$4hlFK"
"lea.ewer@edu.tbz.ch"|"of#dO1-DvP3PJ-9Zh#ol"
