"email"|"password"
"melodie.vandervlies@edu.tbz.ch"|"U19$UP-Kpo8bd-gswwDa"
"angele.edgecumbe@edu.tbz.ch"|"be%4H0-4ZSA#E-dPGUiO"
"zhi.andreasson@edu.tbz.ch"|"Q9OUQt-I@Prtt-P54ac$"
"judicael.koppeck@edu.tbz.ch"|"tkqBlv-phlnnp-2umhSO"
"berengere.capron@edu.tbz.ch"|"lLdwff-S3#JFU-E&45Lk"
"leonie.brosini@edu.tbz.ch"|"VlvLoV-tjQ#fU-3f7rt5"
"venus.garfit@edu.tbz.ch"|"UzcDRG-MwFZ&&-NYKq0X"
"melina.janota@edu.tbz.ch"|"FDDaAk-3GIwfc-u#Etqc"
"laurene.bake@edu.tbz.ch"|"yGk3tG-wJAS7j-mi4S8A"
"regine.dorkins@edu.tbz.ch"|"7I$BR%-LW2LgU-hQHEW%"
"cecile.moffet@edu.tbz.ch"|"Uhsbu7-Py$V@d-tgk%Qa"
"maelann.labrone@edu.tbz.ch"|"WJ1xcT-0iliWc-jgbbWO"
"melinda.newbold@edu.tbz.ch"|"ytTgYi-6L$5hU-DL4YCe"
"mans.itzhak@edu.tbz.ch"|"CFG3xP-oTPXp1-mulfHf"
"melodie.pattlel@edu.tbz.ch"|"@T4qbb-h9yj55-LT6wsn"
"celine.bonett@edu.tbz.ch"|"uAd7BW-xjiccW-eXjazh"
"adelie.mcgreal@edu.tbz.ch"|"noGcaO-fUZerp-Y$IKga"
"helene.soldan@edu.tbz.ch"|"CNyOKo-0ivPpP-Fr6WQJ"
"michele.cluer@edu.tbz.ch"|"U2Vl9o-b&9DHl-DJUW8U"
"maeline.mueller@edu.tbz.ch"|"VcPaga-vx8GEf-pop4s3"
"maelann.benedito@edu.tbz.ch"|"ruL%dt-kEallU-GKYwzR"
"nuo.gransden@edu.tbz.ch"|"7nOi6W-7jKpFT-ap967$"
"berengere.stainton@edu.tbz.ch"|"Z5A4ko-Ga44Lt-qVK4PP"
"wa.sabater@edu.tbz.ch"|"UnPHr#-%Rc3b9-#bB20M"
"anais.cochran@edu.tbz.ch"|"Ksdq&K-KYIms3-tbttoM"
"gerald.bessant@edu.tbz.ch"|"hkqi8w-SLv5P&-s5MS#N"
"ruo.coffin@edu.tbz.ch"|"lID9Ig-pOdIV3-mG#WtC"
"melodie.mustill@edu.tbz.ch"|"$3C3P2-ILTmW8-XlhrbR"
"ruo.stanesby@edu.tbz.ch"|"JAKHWH-YCrZgm-CKQuhJ"
"noemie.antognelli@edu.tbz.ch"|"bP7r@j-ag8esz-sityl3"
"maelann.hughson@edu.tbz.ch"|"DN$iWi-LrktO0-z5ACBh"
"milena.mieville@edu.tbz.ch"|"s6H8lH-qbh1tG-vU4bA3"
"mailys.chamberlin@edu.tbz.ch"|"oeqWhq-mBhsnv-cl4irh"
"nadege.tomalin@edu.tbz.ch"|"ZiWSW6-bcrRsG-gJPSG$"
"oceane.omara@edu.tbz.ch"|"QK7PWn-xBVYnQ-fc&OJN"
"cecile.aguirrezabala@edu.tbz.ch"|"iOf0#0-n1V$4r-Dg1eJ#"
"maella.gwillim@edu.tbz.ch"|"iQxh6V-7yTDNF-k8qFz8"
"lea.mcgahey@edu.tbz.ch"|"M7u%i4-TL1WOZ-UNk%o$"
"laurene.hagerty@edu.tbz.ch"|"V&hHGE-rGAUYa-ZXfQsn"
"dorothee.link@edu.tbz.ch"|"z4WaBI-%NatU6-U2&sfC"
"clementine.kynsey@edu.tbz.ch"|"%K8LG5-O9vuSh-Y#vgir"
"lorene.smitherman@edu.tbz.ch"|"m$ExqY-6WY43k-HOlMMW"
"cleopatre.klulicek@edu.tbz.ch"|"xPMpVF-U5dLvA-9&slUq"
"laurene.castaneda@edu.tbz.ch"|"a$CcQn-%@7xIM-@8n$Da"
"melia.constant@edu.tbz.ch"|"KFR5t5-P3@pUK-w5#kHS"
"lucrece.clunie@edu.tbz.ch"|"iyvd8N-84C4ri-vr5zRL"
"eleonore.mcmurthy@edu.tbz.ch"|"Z7$SYq-6mt9Pi-CJ#&xm"
"melia.bevar@edu.tbz.ch"|"9sPuF6-UsdD#F-CWU0F$"
"camelia.bontine@edu.tbz.ch"|"L5ok3@-KHWr@c-qnfgPY"
"methode.jozefczak@edu.tbz.ch"|"Ruro2d-Z0%2D6-x2NIra"
"audreanne.hinsche@edu.tbz.ch"|"0w2wxM-zJWRty-V9vcZV"
"andree.varne@edu.tbz.ch"|"#605#c-ta39b@-rjqV6H"
"marten.kinleyside@edu.tbz.ch"|"6HQs9g-mp@e&i-JSfi$L"
"esteve.mcewan@edu.tbz.ch"|"bsj99X-BUlzdg-A6262p"
"leane.dibbert@edu.tbz.ch"|"LU25aH-o9S&pk-LOpWmQ"
"ma.thewlis@edu.tbz.ch"|"kKcMd$-3XGb%L-VM0uuU"
"clea.djurkovic@edu.tbz.ch"|"&wU4Tn-RegJW9-AiTY2D"
"rachele.reburn@edu.tbz.ch"|"KRC6$M-vozL7m-yDKMQU"
"gerald.gowling@edu.tbz.ch"|"nKjSXP-YctGhJ-5qZoyg"
"cleopatre.jackson@edu.tbz.ch"|"j&4itD-34JGHt-F24wgr"
"desiree.haskins@edu.tbz.ch"|"EXeIKg-uPSFno-bjo3aJ"
"eleonore.longson@edu.tbz.ch"|"azs2us-6JRRXz-9@ob2B"
"leane.dybell@edu.tbz.ch"|"$i3hws-S30&FE-DJkVaW"
"becassine.grzesiak@edu.tbz.ch"|"cLx4tG-v#0OBp-uwui7e"
"marie-josee.pickin@edu.tbz.ch"|"EPKOm5-HkkU#0-Ds@fy2"
"marie-josee.roxby@edu.tbz.ch"|"s9B8O#-sXLFNT-QP&dVe"
"leonie.feenan@edu.tbz.ch"|"l6v8Xs-6NYx6C-phgUUD"
"valerie.ellum@edu.tbz.ch"|"Ix%2kn-k7EqfC-sfnNIh"
"ju.caseri@edu.tbz.ch"|"pmxi5y-BMnvk#-zBqnyZ"
"boerje.strangman@edu.tbz.ch"|"hYZgly-OFd3zV-pPkUOb"
"beatrice.ghidelli@edu.tbz.ch"|"s7FsuC-VqntUF-R1m@w9"
"da.jablonski@edu.tbz.ch"|"cmNoC7-Fgdb$z-7lqvsP"
"uo.beveridge@edu.tbz.ch"|"6JhGzP-HHmRsh-yqg7lX"
"valerie.bestman@edu.tbz.ch"|"UtWvf9-Ps$&rW-5qpcn$"
"marlene.pohls@edu.tbz.ch"|"lUWIMx-#1Ov1f-JyMPVk"
"ma.nolda@edu.tbz.ch"|"Ki9PcI-Nq0FWt-dV5UDy"
"marlene.bisiker@edu.tbz.ch"|"LQ7GCA-yNT7CS-jIeOUV"
"estee.babon@edu.tbz.ch"|"oN2TLO-dnkQwX-hlEjQP"
"simplifies.dmisek@edu.tbz.ch"|"dLwQXQ-4nlEAD-rH5HHj"
"selene.ganing@edu.tbz.ch"|"uIX1UY-2%AdHM-jfGS$f"
"meryl.penke@edu.tbz.ch"|"W0kywT-a6BlAf-KJqIMh"
"anais.rawcliff@edu.tbz.ch"|"CKZtZn-MGw8hC-PWygc7"
"melina.andri@edu.tbz.ch"|"EvVgvv-GkVmaU-KshysA"
"audreanne.fodden@edu.tbz.ch"|"C2PcTF-$frjbQ-uS%E28"
"bjoern.spellesy@edu.tbz.ch"|"BXoNHL-j@gzwU-vB15$5"
"francoise.summerscales@edu.tbz.ch"|"6Mxyyw-cxk905-z2L3##"
"laurene.ashtonhurst@edu.tbz.ch"|"4fAfNV-e0&2Io-MO9p@c"
"valerie.petters@edu.tbz.ch"|"lo4iEe-gtEB8M-S9dsgp"
"anael.spenclay@edu.tbz.ch"|"ZvkUQy-u@N07U-EvAMjq"
"stephanie.keech@edu.tbz.ch"|"C2iinp-VyEihz-@vQ%2d"
"ines.deveril@edu.tbz.ch"|"nj7iHw-62vWk7-&#yvqp"
"berenice.gelder@edu.tbz.ch"|"cV0HPi-N4avlY-60o@dk"
"melanie.ofogerty@edu.tbz.ch"|"OKnJ42-Qzn5XQ-G0p$L9"
"frederique.canepe@edu.tbz.ch"|"lng@Da-D0wxIT-4PKnxk"
"nuo.otton@edu.tbz.ch"|"@OgMMJ-2xWGsM-G3xH1G"
"genevieve.trusler@edu.tbz.ch"|"KaHkBs-RxoD5k-E0d%uj"
"ju.boag@edu.tbz.ch"|"5QQxSK-UQswJR-RX51V5"
"josephine.dilucia@edu.tbz.ch"|"fRsXdG-@41qCK-uB7H1w"
"laurene.armsden@edu.tbz.ch"|"j1mH&8-pNAMRM-MsP1pj"
"becassine.griffe@edu.tbz.ch"|"F4O&EY-e%JVSO-4HgxN$"
"alois.parres@edu.tbz.ch"|"%q8mAN-FyRDeB-QzOPRQ"
"cleopatre.gaffey@edu.tbz.ch"|"3g2GN$-mVltFp-e3TUtQ"
"andre.stiger@edu.tbz.ch"|"J8ISKL-b8I&Lv-eqyPd9"
"beatrice.godleman@edu.tbz.ch"|"4Afjm4-#F7GPf-tk$l7E"
"hakan.harrhy@edu.tbz.ch"|"xfjLK2-Drf0Ds-uQmCOr"
"celestine.dagnan@edu.tbz.ch"|"F5wKoW-P0BMpu-0l$Q@0"
"clemence.haggart@edu.tbz.ch"|"UQNBd5-AWCsrP-E0IWqJ"
"long.caban@edu.tbz.ch"|"t0iapl-FMwfv&-0hWx7x"
"gaetane.grimble@edu.tbz.ch"|"XQlk&e-ep&W9g-z11r1N"
"maelann.piwall@edu.tbz.ch"|"a%1pq#-NCPao9-x1cs1c"
"magdalene.loble@edu.tbz.ch"|"c@C&#O-Bi#hyk-SOC2SM"
"veronique.domaschke@edu.tbz.ch"|"omdgM2-zYRSgh-VY&ZIV"
"clea.herity@edu.tbz.ch"|"pFLJ&E-LDhx93-cGK@rk"
"maelann.bambrough@edu.tbz.ch"|"i62Gjy-Pr5wVd-mx&Pbi"
"clea.goulstone@edu.tbz.ch"|"ttxSLr-ps16E8-F#A1yB"
"renee.deleek@edu.tbz.ch"|"xh%XFe-Vyx4rh-Oyxu0s"
"boerje.rudderham@edu.tbz.ch"|"WamAn%-kj$#%e-6Z@bUV"
"marylene.broune@edu.tbz.ch"|"vcSjfX-vRPjw1-3ssqR0"
"nadege.mccuish@edu.tbz.ch"|"ZAXB5V-fypoei-ejR#S$"
"anael.littleover@edu.tbz.ch"|"SCIcJp-5@k@v3-dEfkw0"
"lie.baume@edu.tbz.ch"|"SNCaE6-ss3C5Y-PeftY2"
"maella.murrow@edu.tbz.ch"|"2qDDVR-OLs&aa-gp10ft"
"cleopatre.pettifor@edu.tbz.ch"|"fDwk%O-c@juc2-oHdj9v"
"geraldine.asker@edu.tbz.ch"|"aib4pA-%Mz#cS-mw5Esx"
"gaetane.smedmore@edu.tbz.ch"|"ToF%1e-1whpcy-@ci8FM"
"meryl.blencoe@edu.tbz.ch"|"XPWLf0-a8NTnh-h3hXKX"
"aurelie.chastaing@edu.tbz.ch"|"YWQhVo-8rZ#zE-9w2v1A"
"oceanne.marthen@edu.tbz.ch"|"zwK2GW-KJrQli-th%gjU"
"dorothee.burrill@edu.tbz.ch"|"SX63@H-QdBtUt-tAvwNA"
"hakan.belden@edu.tbz.ch"|"cPbtM5-kaj2ZN-uy3nhu"
"celine.brunning@edu.tbz.ch"|"tLLUUf-cv13@V-p5oyoX"
"anael.lapides@edu.tbz.ch"|"SaPcDu-Aq7ozV-Tvw4hU"
"ruo.saffran@edu.tbz.ch"|"zo#FP4-LlPEYR-qV%@Ub"
"loic.gerretsen@edu.tbz.ch"|"$plG1%-p$dEgF-LsnSc1"
"rui.fitzer@edu.tbz.ch"|"khv8dx-hgo$8Y-v@thXZ"
"annotee.ogers@edu.tbz.ch"|"6HAwC3-T3ig%U-TKlk6u"
"boerje.bindin@edu.tbz.ch"|"%2y@zT-zA$HlP-4NXDf%"
"ma.cronchey@edu.tbz.ch"|"J4z#7T-vP90S0-aECT5Q"
"laurelie.baiyle@edu.tbz.ch"|"euDFzY-s54Us9-GcQlUB"
"dorothee.older@edu.tbz.ch"|"mmw0LD-h7M03s-m4Pjcz"
"laurena.wile@edu.tbz.ch"|"HLCeO4-w7Lsj%-PoCqZx"
"clemence.brito@edu.tbz.ch"|"yXBVvy-f2rhg&-5Xv#f$"
"nadege.dallin@edu.tbz.ch"|"Rqs2N0-q%GAj3-AewEQt"
"mailis.matley@edu.tbz.ch"|"eeyAKx-WKxtAJ-P9ob7y"
"daniele.screaton@edu.tbz.ch"|"EGrbev-#FKHIJ-RnjBLY"
"mediamass.godly@edu.tbz.ch"|"2CMm0p-KX5pOj-coIT5F"
"leone.kremer@edu.tbz.ch"|"gWs7VX-N$jxsz-FnmZQ&"
"asa.adrian@edu.tbz.ch"|"brUJOE-%IU@gk-ZT#b01"
"adele.doley@edu.tbz.ch"|"gnfVxE-3MF#iX-bC49E2"
"fei.sidney@edu.tbz.ch"|"VBdt&4-Q1lLQN-UGlpM8"
"marie-josee.walisiak@edu.tbz.ch"|"c0e%Xn-dHmYf%-c4GKw1"
"desiree.diplock@edu.tbz.ch"|"CZ8UPo-O8b3h1-zbAqHr"
"gisele.schust@edu.tbz.ch"|"tuGkfU-ciHF9s-lr9L6X"
"ma.longshaw@edu.tbz.ch"|"r6wsDO-yfVooX-CdP5Xi"
"da.boother@edu.tbz.ch"|"iTQ5bz-en5Bao-Fn%wIK"
"simplifies.chaudhry@edu.tbz.ch"|"wZI@Se-FU&$Ri-Py9xw8"
"garcon.baniard@edu.tbz.ch"|"S9spPi-fD$joc-I0hkcs"
"gaetane.elphee@edu.tbz.ch"|"i12XSG-NBQcj9-9RfXPh"
"gisele.hassey@edu.tbz.ch"|"#wZ0HM-vufpcT-gpjoCe"
"oceanne.booley@edu.tbz.ch"|"THe$dR-KP3miB-jibRkE"
"oerjan.dibden@edu.tbz.ch"|"RWuoFM-H&LYJa-YIuX5T"
"regine.ocleary@edu.tbz.ch"|"xTp3XT-2k%Cog-MoXf1a"
"selene.persse@edu.tbz.ch"|"$NvPfb-Vmxclr-tNEsFi"
"helena.adenot@edu.tbz.ch"|"E2lZJY-0nuQkE-btxsVE"
"maelann.wassung@edu.tbz.ch"|"uWz@pF-vluoG@-fLUaHH"
"frederique.ackermann@edu.tbz.ch"|"C2D8OO-waTDld-D93UKq"
"audreanne.kahen@edu.tbz.ch"|"vO6D$P-&Gq3#u-E4O6VR"
"maiwenn.lasty@edu.tbz.ch"|"4@N6hs-vW&tHk-BQ1cFQ"
"yu.dictus@edu.tbz.ch"|"mNSF5&-JGipa9-YCwQpW"
"anae.dukes@edu.tbz.ch"|"5UG5g8-6agiik-5gPjfz"
"yenora.warr@edu.tbz.ch"|"mvkCHT-oQ4SMo-vacctm"
"esbjoern.archibold@edu.tbz.ch"|"Fh$K2U-lnnlM$-D0JA$6"
"milena.pardal@edu.tbz.ch"|"bnN6O$-jkuLPe-bcInR$"
"celestine.graveston@edu.tbz.ch"|"9&usPc-pb4E%j-Ib%MiV"
"maena.dallas@edu.tbz.ch"|"HVi6qI-z8NQk4-GsbEFg"
"andree.tuke@edu.tbz.ch"|"0UsrwL-iQQ75Q-LVFkVp"
"methode.seldner@edu.tbz.ch"|"x@OZZO-hXXv6t-&$YJPx"
"venus.bullas@edu.tbz.ch"|"kpl@fB-GUPeyf-uh@iuE"
"mans.aguirrezabal@edu.tbz.ch"|"dbHEEQ-C@Przo-bocHLC"
"gaelle.eadington@edu.tbz.ch"|"P9qgNz-n&7W9t-9N#sjF"
"anaelle.falkner@edu.tbz.ch"|"MBaGgx-3QRxtL-HYYOjw"
"ophelie.height@edu.tbz.ch"|"UIn&8v-B2vFK#-N&T7ep"
"marten.bolding@edu.tbz.ch"|"Iyaya8-gDVSC#-0GNb8Z"
"pelagie.guswell@edu.tbz.ch"|"pG920q-7VyINr-edQCta"
"gwenaelle.lecount@edu.tbz.ch"|"$txHq$-2YKor#-shBA&v"
"hakan.laden@edu.tbz.ch"|"6aYaUY-rB7kTR-Ii%mHd"
"marie-josee.hylands@edu.tbz.ch"|"eIqVCs-nrWEFm-VkF#y%"
"zoe.kingshott@edu.tbz.ch"|"&zcNYb-31Wo04-qaQhZH"
"josee.janous@edu.tbz.ch"|"JB37Ct-eNfQhO-tOQc5y"
"laurene.gallally@edu.tbz.ch"|"YjAKPb-G41$nN-o4glq@"
"anael.bickle@edu.tbz.ch"|"isYiIz-nlSwS@-Ba0h49"
"mediamass.lebbern@edu.tbz.ch"|"2$KWRG-zZkeG0-sWPs0C"
"berengere.hovy@edu.tbz.ch"|"9PQ9UJ-Ok3xP8-pTsJ9h"
"oerjan.kilmurray@edu.tbz.ch"|"rom58N-7nGiBT-kc46Pt"
"asloeg.venny@edu.tbz.ch"|"ReEUy3-X#nl0f-S#YOIc"
"marie-noel.stoad@edu.tbz.ch"|"CWTJsi-zN6V&r-%BqR3x"
"hakan.pettifor@edu.tbz.ch"|"5sxfmb-k@FvH0-gOv%@4"
"maella.willgrass@edu.tbz.ch"|"INKaG3-j525x@-juL8rS"
"therese.ludovici@edu.tbz.ch"|"zu7tY5-6iqT2I-ZSLE5l"
"stephanie.trewhitt@edu.tbz.ch"|"oD$JTy-60uKX4-j%Cwo9"
"maerta.bauduccio@edu.tbz.ch"|"wJnoOR-xNq5zV-FFLU1j"
"gaetane.glaisner@edu.tbz.ch"|"KRq@BB-3Fk3Ll-xXhE1K"
"naeva.pargeter@edu.tbz.ch"|"vth@AJ-Yo@9uM-r6Mcdm"
"salome.venable@edu.tbz.ch"|"FCo99b-pnyMpW-p1ypyH"
"boerje.thickett@edu.tbz.ch"|"X8F8#w-74JFvM-5f3tZj"
"lucrece.prendergrass@edu.tbz.ch"|"@a12em-1tPS@j-OctSgd"
"laurene.ockleshaw@edu.tbz.ch"|"H1M5z7-O7t&kd-wLJ8JN"
"cecilia.pasticznyk@edu.tbz.ch"|"xu&JZP-32j7pl-Yyz$8u"
"stevina.mackey@edu.tbz.ch"|"hdinyU-xg&EFP-2LRMb2"
"marie-noel.reven@edu.tbz.ch"|"3YlMEt-%0e8Ba-jhPZLf"
"melina.quilkin@edu.tbz.ch"|"XhEMAQ-uWqMk$-0G#9RT"
"marie-noel.ferrie@edu.tbz.ch"|"Q7TwRu-wd$0fi-Bvxnm%"
"leone.alphege@edu.tbz.ch"|"y6C%Le-bx#2BH-@9xKTt"
"zoe.leverson@edu.tbz.ch"|"ZqV0HS-W#Ym5B-7eePaY"
"annotes.grayne@edu.tbz.ch"|"y23Pzj-$qb1c4-Ycv%ix"
"faites.lalley@edu.tbz.ch"|"YxL0zm-baTNR1-NHy4e#"
"adele.wallis@edu.tbz.ch"|"QbS62k-SiuGcL-v7&Qbx"
"severine.madill@edu.tbz.ch"|"aiChxh-i1qh9Y-kQoyyd"
"valerie.tebb@edu.tbz.ch"|"DRNXAV-vZn&MQ-DBSEP6"
"kalliste.rasper@edu.tbz.ch"|"Xa5pJS-Ni7rzf-wAE3O9"
"audreanne.palomba@edu.tbz.ch"|"gTcsa7-P@9ez0-vIOUyF"
"elea.adamik@edu.tbz.ch"|"SQgjEh-sfXEO2-sTfP@R"
"reserves.jakuszewski@edu.tbz.ch"|"tCRYXP-hYi2MB-Uv$9x#"
"athena.belhomme@edu.tbz.ch"|"bO$Lqv-1QQL5q-MR@i5B"
"rebecca.crippin@edu.tbz.ch"|"v28LX2-zh0mpx-uN8Knb"
"maiwenn.curman@edu.tbz.ch"|"gMkoK5-gIVXQl-8ucQLT"
"andree.bunner@edu.tbz.ch"|"NbHPoo-@ktqQi-skaQb6"
"ruo.winckles@edu.tbz.ch"|"nGwdAb-boWTxj-bf3MdF"
"naeva.buntine@edu.tbz.ch"|"h2nGqt-BzS$63-qwMMEV"
"boerje.dollard@edu.tbz.ch"|"uOz6Bp-0%U1%V-AEQMFB"
"penelope.gorman@edu.tbz.ch"|"HgTu6P-23K4zC-w2oLCg"
"alois.robelin@edu.tbz.ch"|"@qgFUI-goXn1T-VR1XeP"
"anaelle.tindle@edu.tbz.ch"|"HlGHtK-MFpUbl-AtjAPo"
"ye.frears@edu.tbz.ch"|"M9YLDv-3DEEO4-GnKcyM"
"andree.ovid@edu.tbz.ch"|"DYvN7i-hk5Oeb-&hYNhk"
"hakan.peat@edu.tbz.ch"|"HOxsVQ-Y7gjRB-vlcGry"
"andre.januszewski@edu.tbz.ch"|"cL#4lI-SnBs6K-9C1K94"
"annotes.clemmett@edu.tbz.ch"|"BUmAXm-eSr3W2-TsIRgm"
"pal.lambswood@edu.tbz.ch"|"yHqcGr-HuZuTI-evc1rX"
"yao.lenton@edu.tbz.ch"|"ad71lw-St86IW-gzg1md"
"hakan.boyton@edu.tbz.ch"|"gWEKYU-cNVQkf-RWxECD"
"nelie.forsey@edu.tbz.ch"|"8b6Bg9-ovFZ$c-4@Dw8G"
"hakan.horche@edu.tbz.ch"|"yWQxB#-q@GD91-lnvtfz"
"lorene.sinkings@edu.tbz.ch"|"7K4hcM-0jpohW-D19fKR"
"marie-therese.creddon@edu.tbz.ch"|"I18VnE-6k9pMQ-s&89JS"
"berenice.tolworthy@edu.tbz.ch"|"6fM&6n-$R%pqg-2TwnRg"
"theresa.land@edu.tbz.ch"|"&plF4O-Rn5U9N-%Ocb54"
"marie-therese.gianilli@edu.tbz.ch"|"Kcwyag-#PwKbY-vWZF4C"
"meryl.glew@edu.tbz.ch"|"ETKIPd-btDLMX-SRCNfq"
"adele.debling@edu.tbz.ch"|"gc8LTi-KDQCUU-#ZRY5N"
"anae.metzke@edu.tbz.ch"|"dYhPQc-DOBkCM-&fh68j"
"gaetane.gooden@edu.tbz.ch"|"pFS%N3-1r#K7J-lU@uoY"
"laila.bootland@edu.tbz.ch"|"vGi9nT-BNWI48-nTgMWV"
"maite.helsdon@edu.tbz.ch"|"zlRhkl-d&10lN-Imw2Aq"
"andree.malley@edu.tbz.ch"|"h$DH0E-zi5dB&-WelOIK"
"pal.simmens@edu.tbz.ch"|"Y06kSi-KMhY@V-HxMj7L"
"maelys.nuccitelli@edu.tbz.ch"|"AIG1Pg-Vi1SiT-zolhT$"
"dafnee.sibary@edu.tbz.ch"|"lOz0@9-2h60%V-stzlh&"
"alois.harsnep@edu.tbz.ch"|"Uo$HFv-D&rB$K-gX#%vU"
"marie-helene.lacky@edu.tbz.ch"|"QDdCvo-WhmOg5-7d02Ak"
"mylene.youthed@edu.tbz.ch"|"yhU65c-b0p$eM-R6E#EB"
"marie-helene.dehmel@edu.tbz.ch"|"fkOcc0-TsmxJL-1%jRWQ"
"angele.batman@edu.tbz.ch"|"l1vHp8-eIYJfN-YWgw8@"
"melia.younghusband@edu.tbz.ch"|"W3ckzD-9%1VyU-U7%fiz"
"eloise.baldi@edu.tbz.ch"|"AdPa0q-86EwmQ-#ev9#c"
"illustree.dun@edu.tbz.ch"|"4Mrnvh-a%gbKj-rd3ib#"
"genevieve.late@edu.tbz.ch"|"hWO3fq-3f1EWC-UnFv%@"
"celestine.colville@edu.tbz.ch"|"yi13NP-fpdBjp-nMUhgx"
"gwenaelle.scarlon@edu.tbz.ch"|"x%2mTL-a$BbuF-bPj063"
"regine.boddie@edu.tbz.ch"|"kGRrJh-A&Ul@M-@%Md&Z"
"creez.gaughan@edu.tbz.ch"|"K7FGKN-W1GSWV-uHy$Pt"
"gaia.longford@edu.tbz.ch"|"fVwHGr-@t&cHs-UiEZU$"
"mailis.buckby@edu.tbz.ch"|"uznb%m-mto4$d-M#U%VM"
"song.parbrook@edu.tbz.ch"|"Qb&eIA-ZPoYHo-knQkI2"
"frederique.heddan@edu.tbz.ch"|"bQOmMq-SIGAga-LuQGo&"
"ake.kirtlan@edu.tbz.ch"|"2Oh7sj-I4u77f-FwuKv4"
"nelie.runciman@edu.tbz.ch"|"8z8jfe-aKOohG-9Sj4$U"
"mailis.cardnell@edu.tbz.ch"|"79DU%z-vrJp6q-k0XrZL"
"irene.navarro@edu.tbz.ch"|"fO#TZ5-3axqd2-2nY%zH"
"maite.cough@edu.tbz.ch"|"FRh3gN-fMi&bE-$mw6%q"
"anaelle.stocky@edu.tbz.ch"|"Q%SEH@-M%U8Hp-ZP5KQ5"
"methode.moulder@edu.tbz.ch"|"T%pvB&-Yz$tOl-$99GGD"
"po.stafford@edu.tbz.ch"|"gFR1w6-WxBY5k-OR&S&w"
"faites.scraggs@edu.tbz.ch"|"x7MU8P-zN$#nl-h%0omM"
"adelaide.dullard@edu.tbz.ch"|"Os9$0o-xgCY9K-IGHYfG"
"desiree.leonard@edu.tbz.ch"|"BNs3Jn-BFmJ0Q-VsRmtE"
"geraldine.badgers@edu.tbz.ch"|"Po9cno-Jdd22H-J@7cA4"
"ruo.masic@edu.tbz.ch"|"$s@0$0-P3q2vj-c$7M&D"
"aurelie.lieber@edu.tbz.ch"|"OC@m4m-e5m01W-qh&CVF"
"naelle.balcock@edu.tbz.ch"|"k4@hx5-@vF3NJ-WjP0FM"
"camelia.elger@edu.tbz.ch"|"nJC&KH-z@XK%h-1QKo$p"
"publicite.oakeshott@edu.tbz.ch"|"TFNS99-F94dxg-A7r139"
"cleopatre.fawley@edu.tbz.ch"|"O9nt%F-fTKphu-O012$y"
"laurene.bruckmann@edu.tbz.ch"|"W7VfmL-JISCyZ-k$elYs"
"rui.haughton@edu.tbz.ch"|"iv6mYE-FZ4feP-ux8EwP"
"asa.ladewig@edu.tbz.ch"|"fYohrx-gpkFSL-OOHI4d"
"gisele.janecek@edu.tbz.ch"|"FkQ6ng-RET6$z-8&9$RD"
"maily.loveridge@edu.tbz.ch"|"f1CPy4-HLA3v1-f@I5g8"
"marie-eve.yurkiewicz@edu.tbz.ch"|"hFpclI-2gOjkY-8bpm$l"
"fei.roder@edu.tbz.ch"|"nyRda%-NgG@b3-PINT#7"
"edmee.chatburn@edu.tbz.ch"|"OApf&m-bbQz%w-64qBvY"
"geraldine.darke@edu.tbz.ch"|"HIvbHF-q7#9WP-2PJVPT"
"ye.jira@edu.tbz.ch"|"EXscmR-HJd#1Y-gUukG8"
"publicite.persent@edu.tbz.ch"|"ZZj0G&-ZttShV-twI2B$"
"severine.wilcox@edu.tbz.ch"|"G@MEZ3-GFYo2M-AWETDy"
"yao.mcclaren@edu.tbz.ch"|"OfEhKP-41lEFg-Ul%y5%"
"theresa.foynes@edu.tbz.ch"|"1EfdeT-DMpXKv-w&XM&V"
"stephanie.isley@edu.tbz.ch"|"3%v6Om-27189T-3D@8&L"
"torbjoern.growy@edu.tbz.ch"|"$k8UzT-IZr#6f-O4h@d2"
"eloise.tunnadine@edu.tbz.ch"|"zwHjxl-vPpdey-0NrkA3"
"maeline.cossentine@edu.tbz.ch"|"9zPkJB-Rgkzf$-ggCWRl"
"nelie.desantos@edu.tbz.ch"|"I7MwQN-2EBrDE-ZKxj5q"
"gaetane.axston@edu.tbz.ch"|"lNUu@C-rrs%ld-uCRo1w"
"aimee.merman@edu.tbz.ch"|"63EW7X-JV712V-TmPmkl"
"oerjan.drivers@edu.tbz.ch"|"T4SIL0-eng6Q0-oB7nlF"
"aimee.miroy@edu.tbz.ch"|"tcLLEi-n$p$nE-lvmcaM"
"nelie.glyde@edu.tbz.ch"|"5ETXc@-J9L&e#-G2oXtV"
"hakan.kapelhof@edu.tbz.ch"|"EhK@$u-g@Wec5-Dd1szC"
"maelyss.cauley@edu.tbz.ch"|"Gd6zZP-DDK6o#-$2CPNW"
"elea.vaggs@edu.tbz.ch"|"AIBZf5-c@4LDd-rl2ZKf"
"maelys.but@edu.tbz.ch"|"LKLFn7-#ngbz%-d41S65"
"maella.arthurs@edu.tbz.ch"|"le10hW-OQGmA8-@AJ$JW"
"adele.liebrecht@edu.tbz.ch"|"FCVZk1-9jtZG$-aEbx@3"
"meline.lomasny@edu.tbz.ch"|"nGZRJM-V&Kdzj-dfBY2Q"
"mediamass.schwant@edu.tbz.ch"|"@7Tlml-$jpvPT-Kwxn0L"
"leone.saunt@edu.tbz.ch"|"#KnaC9-4xwdSj-FJD1AZ"
"annotes.gouch@edu.tbz.ch"|"cV#stQ-hcfhUo-9tU&MA"
"gaetane.bowich@edu.tbz.ch"|"yCTh3m-oujeg$-ouDo@7"
"alizee.strelitzki@edu.tbz.ch"|"qs4IUi-SjeP%v-ZayHUe"
"leone.poile@edu.tbz.ch"|"#wsRms-EwxB#z-KVjWbu"
"amelie.saban@edu.tbz.ch"|"fTFprm-H4BcmL-tKop#1"
"marten.mcmenamin@edu.tbz.ch"|"L6CtnR-ZMlND1-XHCRSm"
"becassine.keets@edu.tbz.ch"|"zTfSuD-fsZ8W0-%DJL$U"
"celine.million@edu.tbz.ch"|"NK1JFo-sqCu@G-OaXNFV"
"geraldine.belitz@edu.tbz.ch"|"6ZLT$W-nGr@p#-qag%n&"
"salome.mardling@edu.tbz.ch"|"kNIQRx-&mSUnj-wDCsHK"
"melia.blakemore@edu.tbz.ch"|"wSFfeS-@wN1PH-LE6LfW"
"dafnee.mcaulay@edu.tbz.ch"|"FKbsQv-7abzi6-6aMuPz"
"garcon.dennett@edu.tbz.ch"|"cqH9Ko-ra9I75-4Loxhf"
"interessant.lesor@edu.tbz.ch"|"yFON7b-2k#QGL-9hZ6zV"
"annotee.wasbrough@edu.tbz.ch"|"3wZE5@-V0&Ala-D&#kbq"
"asa.ibbeson@edu.tbz.ch"|"8T5O&o-Tk0PiW-IQTq0B"
"maily.kennealy@edu.tbz.ch"|"jjhzvQ-EdEent-KDyXPx"
"ye.seares@edu.tbz.ch"|"lFMUHV-##hcC0-VOQ%Zt"
"athena.harbron@edu.tbz.ch"|"LbNTHU-%Ce4xL-&aQVOO"
"andreanne.portail@edu.tbz.ch"|"RzU@5f-F&lG@j-Ebdod5"
"goeran.zannelli@edu.tbz.ch"|"p2A2&q-7PIBo7-Qukwyc"
"gerald.leathlay@edu.tbz.ch"|"jKDJcU-XysR6o-@8H&j%"
"andreanne.chown@edu.tbz.ch"|"M6PCRn-xdVoFF-oDGO%H"
"esteve.clementel@edu.tbz.ch"|"&YHgUv-0xidB%-0AlheX"
"leone.legan@edu.tbz.ch"|"d#QQQU-4@awJO-VUCmey"
"maena.pownall@edu.tbz.ch"|"PVjmqb-XnU&dN-iTEVIj"
"andree.rettie@edu.tbz.ch"|"aQkTGM-pAg$6#-@MRNzy"
"ines.kenwrick@edu.tbz.ch"|"oDTrgr-lKQ0pe-B$1cYU"
"marie-helene.yarnall@edu.tbz.ch"|"pJghTa-TGUHn#-jkz3TC"
"po.martin@edu.tbz.ch"|"l2arcK-ank9ja-xYOpMf"
"ruo.celiz@edu.tbz.ch"|"F3s%1N-g4#ptI-CK%Ayk"
"po.bissett@edu.tbz.ch"|"iRNOv&-Cdz#hU-R3HYl7"
"du.swindon@edu.tbz.ch"|"GbntQz-7CX9gR-eLW%dD"
"interessant.gouldthorp@edu.tbz.ch"|"CRU@0p-mOKMd3-hPTkDc"
"leandre.lilburn@edu.tbz.ch"|"eTCHZd-CYuYeg-5Zxgci"
"bjoern.whales@edu.tbz.ch"|"XF4AXr-sJM6J&-e3I2is"
"interessant.dieton@edu.tbz.ch"|"G#nzrQ-wx&R2C-XT12rK"
"celestine.redhills@edu.tbz.ch"|"Y@sxxb-ZjV83E-bWEC$E"
"tan.yakovlev@edu.tbz.ch"|"hwo74u-gsHcqI-0odfoq"
"regine.mcdowell@edu.tbz.ch"|"5#N0B@-Eo@pxO-M6YJTa"
"ju.coysh@edu.tbz.ch"|"j0aZO&-cI%rGN-q6p6OI"
"reserves.ofallon@edu.tbz.ch"|"4yZ$8Q-#IIG8$-%Q11yr"
"frederique.sobey@edu.tbz.ch"|"04Hovw-th4jnj-xWJoX4"
"marie-eve.garstang@edu.tbz.ch"|"ovK2n&-WTJ@Fb-P40rSN"
"andre.tapin@edu.tbz.ch"|"dRVNlz-X0g@FX-rwvnUH"
"esbjoern.eynon@edu.tbz.ch"|"YiKklB-Uyi8y4-Yau5M6"
"maella.duffy@edu.tbz.ch"|"Erh5x#-#@$u5X-fLjF9h"
"leandre.twinning@edu.tbz.ch"|"cyWHAC-6oK3nE-PO7w5J"
"mai.whittingham@edu.tbz.ch"|"u9qAw$-iQnSC%-dD88ho"
"rachele.shevelin@edu.tbz.ch"|"#oGdTr-CYrWDR-OhL%%c"
"cecile.mcure@edu.tbz.ch"|"m4hwfr-KzjsJ@-6DOm5Q"
"marie-eve.yurkevich@edu.tbz.ch"|"ImYT@0-dicwSG-$8QbBV"
"almerinda.paice@edu.tbz.ch"|"5q8fMt-4S&ws2-WCrIxL"
"rao.howkins@edu.tbz.ch"|"k0DIMI-61POju-9nw7CR"
"serena.pack@edu.tbz.ch"|"5#H%WW-AfTsD4-W4ImVf"
"rebecca.mant@edu.tbz.ch"|"Z10tmy-cgnPJg-YHq$Be"
"reserves.spitell@edu.tbz.ch"|"&PPyrl-0DuZz4-JeIA4S"
"garcon.hamfleet@edu.tbz.ch"|"WE&9Y&-kW3Bg&-6rf&rn"
"methode.kerkham@edu.tbz.ch"|"05aHX8-xrOoi#-RNbuzE"
"pelagie.camies@edu.tbz.ch"|"Vu@7an-SOjAtX-tExe8h"
"josephine.macpharlain@edu.tbz.ch"|"TKT%Z3-1RH8qg-8%3m3Z"
"eugenie.mathet@edu.tbz.ch"|"ME@wgl-@4yT%j-JJq$r&"
"gaetane.brangan@edu.tbz.ch"|"$jUx0y-Jh$Mfe-BC%WdT"
"michele.dewbury@edu.tbz.ch"|"JJuLoS-lnR526-aZZStx"
"eugenie.elcott@edu.tbz.ch"|"$BO5f2-pBeFGb-lfx@D%"
"megane.harniman@edu.tbz.ch"|"fl52xZ-7MBdC2-JC0Npv"
"agnes.cluney@edu.tbz.ch"|"DUsoI1-skbe5K-xFBomG"
"marie-helene.angear@edu.tbz.ch"|"oVOmb&-DujoQy-fNLtJZ"
"melia.dolphin@edu.tbz.ch"|"w3spSc-@$f%Z9-dFzv46"
"lois.ruseworth@edu.tbz.ch"|"8KkXzf-8pgO2z-gGAk#Y"
"mailys.ryding@edu.tbz.ch"|"%RfGem-ix33#A-fq6Hli"
"rachele.wulfinger@edu.tbz.ch"|"UvSOOh-DsIc5G-qDwWW8"
"gwenaelle.talton@edu.tbz.ch"|"MBi8nM-5&iOUj-0U3KxT"
"long.ronchetti@edu.tbz.ch"|"qw7gS4-toym3y-z4$ydL"
"styrbjoern.kloska@edu.tbz.ch"|"IGnQmq-Q0G86y-#FTBox"
"len.sudran@edu.tbz.ch"|"4#xt4@-9TpBp7-%a&Hej"
"maelle.andrysek@edu.tbz.ch"|"VYeK%j-1WUAO4-&KS#aZ"
"selene.senior@edu.tbz.ch"|"&gT22T-4H%7QF-pBi5Jn"
"anais.joskovitch@edu.tbz.ch"|"Dm$E6z-LMEysk-VLNaOd"
"marie-noel.dally@edu.tbz.ch"|"0yClWh-9iW56r-a5eEuC"
"marie-helene.laurence@edu.tbz.ch"|"QMoYRu-VmteSY-A0GY9T"
"camelia.foxon@edu.tbz.ch"|"SS86L6-IDW4dC-lg&EMs"
"helene.cankett@edu.tbz.ch"|"H9GI4y-i2Xk1R-Y7RXGP"
"marten.mitchelson@edu.tbz.ch"|"BAjhK2-LoflyT-AxZEdT"
"helena.stirtle@edu.tbz.ch"|"@zKNsg-osdPB%-1#yKY2"
"leane.barmby@edu.tbz.ch"|"rA1vI$-GxC@kC-K86ou@"
"goeran.ofinan@edu.tbz.ch"|"c1f2E1-UOZm%$-mK%lwS"
"styrbjoern.proby@edu.tbz.ch"|"acHVDf-em4DL%-$6crd7"
"zoe.halse@edu.tbz.ch"|"sNAFtZ-eJ9yg6-3Ww$RA"
"kui.drable@edu.tbz.ch"|"BzMbLf-Ke#2#T-Mb#GWR"
"desiree.bamford@edu.tbz.ch"|"qhJVHV-eW9G9y-Hk6$a7"
"zoe.suller@edu.tbz.ch"|"Uyz3iT-l%Yo@R-S&L3Gw"
"marylene.audiss@edu.tbz.ch"|"Zf&XQq-Z6ZSEm-nwZDAZ"
"adelaide.poznanski@edu.tbz.ch"|"djDagh-6Knt32-Sub#hC"
"maella.coleyshaw@edu.tbz.ch"|"BoH&dU-urHTYk-Fm#wSa"
"marie-francoise.gelder@edu.tbz.ch"|"zKNQFA-Y%6tIV-Wwpvn%"
"eleonore.chaffyn@edu.tbz.ch"|"zOINRM-3eraHk-KESWsj"
"celestine.sikorsky@edu.tbz.ch"|"K9d&$h-E6s%SC-NLxqeq"
"stevina.londsdale@edu.tbz.ch"|"aO8gYi-Fn25A1-ySkG3#"
"maiwenn.nevitt@edu.tbz.ch"|"gmmTcn-MmOZG9-oyBm$4"
"magdalene.gerrey@edu.tbz.ch"|"ReTLXN-DKdJ6s-ixKDC4"
"becassine.latimer@edu.tbz.ch"|"pIri30-4u7@l#-SdqENT"
"da.lethibridge@edu.tbz.ch"|"IR@%VX-sWPxty-mo65FB"
"mailys.claige@edu.tbz.ch"|"iDlEdE-lyfw8y-1#U0Sz"
"maena.torbard@edu.tbz.ch"|"kMe1UF-FXpp#M-qiUu8y"
"solene.lyvon@edu.tbz.ch"|"bLJW@4-M9skPW-I0FK9W"
"marie-therese.benbrick@edu.tbz.ch"|"M0YWW9-Sk0PqR-ELGYmg"
"gerald.edmonson@edu.tbz.ch"|"5n7LJy-udRD0k-BVli9D"
"ake.messruther@edu.tbz.ch"|"p8HNTh-tBT5t@-Fx%qgc"
"men.gosneye@edu.tbz.ch"|"b$zmpK-Mwmb#d-l2LCcb"
"anais.jefferys@edu.tbz.ch"|"@luKUT-lC3Au7-CpRiYh"
"publicite.tregale@edu.tbz.ch"|"uH50mM-%2oRAE-FsZsYc"
"maily.santorini@edu.tbz.ch"|"mtoYnx-xcowyC-WZUlN5"
"ines.pioch@edu.tbz.ch"|"$B405L-cyftYo-C3LiKg"
"noemie.marklew@edu.tbz.ch"|"vXzVzt-KpaJzt-lCDP6l"
"meghane.maccaffrey@edu.tbz.ch"|"GGVL$k-LN6exl-#IsIp2"
"berangere.ambrogio@edu.tbz.ch"|"bldMxa-jDAINh-RbpAy3"
"mediamass.ryce@edu.tbz.ch"|"uHjSHI-TVRJQR-H42WAD"
"oesten.ubank@edu.tbz.ch"|"YPQPhq-pZ@#z9-DNw2qI"
"melina.mackee@edu.tbz.ch"|"Ly#e6u-&2XD@R-WJZ8Pt"
"theresa.livezey@edu.tbz.ch"|"vEhljB-FFFIc@-3bo&1t"
"clemence.weal@edu.tbz.ch"|"IgNCV#-kCtDsv-qoLKGi"
"faites.overton@edu.tbz.ch"|"MvpJ5#-1HNviL-btLiqL"
"clea.lindblad@edu.tbz.ch"|"%3pz7o-fcNJ1S-sQPFX2"
"josephine.roseaman@edu.tbz.ch"|"liBF%c-5upPqh-zHba30"
"oesten.lowbridge@edu.tbz.ch"|"5qKrKQ-acguR0-yve5By"
"marie-josee.brion@edu.tbz.ch"|"aI1bPC-D7CGld-ZTc%WJ"
"therese.basili@edu.tbz.ch"|"mVBeUo-4mlgt0-IQVWqO"
"melia.vertigan@edu.tbz.ch"|"H@jWXB-x9huiU-kSpdKH"
"judicael.saull@edu.tbz.ch"|"nybo@H-@GG@jL-%0X%Y%"
"selene.valentine@edu.tbz.ch"|"i8J@ux-q@jz8q-rPD8aU"
"verane.dunlap@edu.tbz.ch"|"Wunhpx-@cpihC-XfijBT"
"meline.kinnear@edu.tbz.ch"|"XjJt&z-PuMW9I-T%Ic2w"
"lei.luttgert@edu.tbz.ch"|"VPTsqt-%6wWOa-3Kbt%k"
"styrbjoern.lathleiffure@edu.tbz.ch"|"SDLDle-fuJGXq-$7Woc%"
"marlene.blasi@edu.tbz.ch"|"s0SExs-BV@3@J-fjPwVB"
"mai.begwell@edu.tbz.ch"|"T1xRk4-tO1Mj1-ybM&%&"
"gwenaelle.kaines@edu.tbz.ch"|"WoLX6h-jvVRDI-eO8cI4"
"gerald.adamthwaite@edu.tbz.ch"|"Tpdf0$-Wl#9yu-zhrkah"
"kui.hartfield@edu.tbz.ch"|"CdVksj-D4enId-fJ1%A&"
"salome.currao@edu.tbz.ch"|"whaKw2-vVRI7J-OFYujz"
"angelique.tixier@edu.tbz.ch"|"9CRWT0-ETsl3y-N5RXUA"
"ju.mcgragh@edu.tbz.ch"|"VTDs&L-4vWrWk-gMRALM"
"dafnee.beachem@edu.tbz.ch"|"Gw&e7z-aKU7dw-ZHKh99"
"creez.terlinden@edu.tbz.ch"|"K$4sbw-i%1K%4-7frvES"
"uo.mcskeagan@edu.tbz.ch"|"flmnvi-1usKIw-@k9PtD"
"edmee.mccaughren@edu.tbz.ch"|"pO2uct-5#&T04-y7L8Yt"
"asloeg.cozby@edu.tbz.ch"|"KIG7mB-EMn%Bg-qx2API"
"melodie.traite@edu.tbz.ch"|"PxjQMf-0WnQtv-u0EKvK"
"dorothee.aindriu@edu.tbz.ch"|"20&XyA-V%Rwhb-bmk1W%"
"daniele.doley@edu.tbz.ch"|"rTMWAF-8p4Ozi-7DINXa"
"mediamass.fairclough@edu.tbz.ch"|"fq3Ika-iNsG9t-dvqM0Q"
"lorene.rainforth@edu.tbz.ch"|"ENP008-&O%ove-2zck3u"
"leonore.eyer@edu.tbz.ch"|"mhVD3u-fcuUEz-UVwRyf"
"po.spillman@edu.tbz.ch"|"QJ8unN-FQf47Y-jvBT3y"
"cecilia.plitz@edu.tbz.ch"|"C0zRoF-rc&dlm-KHvxHi"
"lorene.ludlow@edu.tbz.ch"|"dAdF6F-lJjCY5-9oPEQc"
"berangere.neligan@edu.tbz.ch"|"ZdopdC-WZdBnk-u22w&v"
"simplifies.huggan@edu.tbz.ch"|"PL&q4G-NS82@v-KLwgdk"
"clelia.prandy@edu.tbz.ch"|"fKyx%P-VjnHDx-V%xO22"
"ake.osban@edu.tbz.ch"|"E1pWAq-ut2Wp1-MgtIPw"
"cunegonde.brunn@edu.tbz.ch"|"B%jmtt-ODzMCu-TpfPUk"
"long.grizard@edu.tbz.ch"|"1%oMJQ-P&L4@j-7vm@fT"
"meghane.diss@edu.tbz.ch"|"pY7%5A-gYd1Pv-bvAKpy"
"therese.oldman@edu.tbz.ch"|"uN&@xE-9pJ2e@-rkO0%Q"
"boerje.scamerdine@edu.tbz.ch"|"N$$C78-qMO@S#-@rA1gr"
"du.saban@edu.tbz.ch"|"vO7WRD-HrATka-xSd9nR"
"hakan.clynmans@edu.tbz.ch"|"dqKC4e-LUE2ET-&0@D3e"
"wa.macdowal@edu.tbz.ch"|"Vuxlr2-eZhN4e-6gYFzQ"
"venus.hatrey@edu.tbz.ch"|"@DQxke-W71u7n-sgW6eS"
"anaelle.vispo@edu.tbz.ch"|"twLeSD-1MoRF%-atvqJ$"
"mahelie.ollcott@edu.tbz.ch"|"xty2BV-cBsYqY-nGU3L&"
"mediamass.whyman@edu.tbz.ch"|"mv92bO-kMMeE5-Rmil1J"
"esbjoern.basson@edu.tbz.ch"|"miS&8r-Tg$zrv-4#sm1o"
"andrea.morrill@edu.tbz.ch"|"vpN5g5-7HlNgU-Ef$8qN"
"melys.grassi@edu.tbz.ch"|"Z67aXe-eSTe#v-1GtUjo"
"leone.poleye@edu.tbz.ch"|"03#Px8-oQxF6v-n9LudV"
"francoise.penny@edu.tbz.ch"|"kmpSmk-jzVm9X-gP&XLx"
"rebecca.edney@edu.tbz.ch"|"uCAy4L-ZT@zAq-yOk&ZM"
"adelaide.murtagh@edu.tbz.ch"|"heXkbL-nhMgcH-cfcpVu"
"stevina.winterbourne@edu.tbz.ch"|"NKhXMx-0qXcmc-x32DY2"
"ma.cottom@edu.tbz.ch"|"vTAF4K-OS6IMh-dCXm9h"
"tan.harold@edu.tbz.ch"|"N%yscL-tlpwlW-18Z2ZQ"
"venus.forte@edu.tbz.ch"|"%dwAcA-&FzWmu-fs7xFr"
"almerinda.oluney@edu.tbz.ch"|"XjCmOv-4SNtEr-gxeXMG"
"cleopatre.brehault@edu.tbz.ch"|"#6XkU6-n0P87F-rsJd4R"
"interessant.lapides@edu.tbz.ch"|"CEuLdq-8quyJk-yca5dX"
"reserves.hallatt@edu.tbz.ch"|"AAFeED-aLGwia-F&%KxJ"
"annotes.birdwhistle@edu.tbz.ch"|"ku%Vhz-DLdADw-nKnqYt"
"ai.dredge@edu.tbz.ch"|"koAFFC-xMGXWl-va4Sg1"
"megane.mussard@edu.tbz.ch"|"srpb24-P2daAO-9Yw1cn"
"esbjoern.gowrich@edu.tbz.ch"|"Hnj1G3-$Lrs2w-Ry&sQd"
"boerje.brislawn@edu.tbz.ch"|"hEcH3P-77%MEJ-8b%X6H"
"becassine.wilce@edu.tbz.ch"|"@rtgVG-%4%7pO-wv6tG6"
"personnalisee.oels@edu.tbz.ch"|"A%JVr0-gb64tj-iNnj1i"
"verane.pett@edu.tbz.ch"|"C&OOcY-MGlXT6-#1iBeV"
"marylene.glewe@edu.tbz.ch"|"kzzRvz-o#aRVJ-p6kVKh"
"lai.elson@edu.tbz.ch"|"RY2VN3-H91fp&-OK%H#B"
"serena.difranceschi@edu.tbz.ch"|"MVlhWV-YG#eg$-iSpnEF"
"lie.espinel@edu.tbz.ch"|"7wpu#T-W8@H3e-S@OT#3"
"marylene.fantini@edu.tbz.ch"|"tGpGQn-30Oy66-#7QNPz"
"andre.archdeckne@edu.tbz.ch"|"2Cmi3a-2cDlSR-fKzk9c"
"goeran.bohlingolsen@edu.tbz.ch"|"uq9BqA-Rp@AOn-yR5X%V"
"cunegonde.heffer@edu.tbz.ch"|"nsreH%-LaNLJs-M5IF0%"
"tan.fechnie@edu.tbz.ch"|"nSrRp9-1kn0PI-4lg$yI"
"marie-noel.brammar@edu.tbz.ch"|"J$tHdG-bBHmar-ck9OU5"
"simplifies.aven@edu.tbz.ch"|"deim3t-@yklvB-Jbi7##"
"melys.pinchen@edu.tbz.ch"|"DMHLC4-DUayP2-6weBIu"
"edmee.joyner@edu.tbz.ch"|"S2SCIe-pa@DVV-4WMS4y"
"berengere.edess@edu.tbz.ch"|"KTzoGz-M&SvG3-505aQ%"
"marie-noel.goward@edu.tbz.ch"|"yVTV1r-6g9nzx-tzFh02"
"ju.edmons@edu.tbz.ch"|"Kdg3hV-vKGqT#-bhg%Bu"
"frederique.airds@edu.tbz.ch"|"coM8zI-b&5kcR-p@ZLCK"
"reserves.dauby@edu.tbz.ch"|"E9JkLv-cayrsw-bF0xKO"
"hakan.gynni@edu.tbz.ch"|"6X6GW1-lHe0q%-TSyrwW"
"leonore.pinwill@edu.tbz.ch"|"BRjYgE-0URuX#-IV#vV@"
"marie-eve.mcallan@edu.tbz.ch"|"eQ1vNR-aNe0o6-vY$a00"
"naelle.yeabsley@edu.tbz.ch"|"J1$Oiv-ALukv3-RJ85f2"
"nelie.jacobovitz@edu.tbz.ch"|"35L4kC-WldPxq-HMxQAx"
"adele.conelly@edu.tbz.ch"|"b6fgkF-7p#iGH-jNPYpE"
"clementine.dondon@edu.tbz.ch"|"Hm5Y@h-bucNOc-$Pj&61"
"zhi.willcot@edu.tbz.ch"|"YLwAlS-oKCPDa-GsGQl9"
"chloe.janicki@edu.tbz.ch"|"oxCHvU-BgcvmB-ENwD2W"
"meng.linde@edu.tbz.ch"|"VKYwE$-KGV$E1-ZQ9KfP"
"celine.janisson@edu.tbz.ch"|"xCSL7P-3Sp2o6-Zg$dz3"
"clelia.crow@edu.tbz.ch"|"#ZGVE@-Q5@@cQ-LKz8S$"
"cecile.pyott@edu.tbz.ch"|"6lm2ki-lnsFLM-N$cfsg"
"ma.fidelus@edu.tbz.ch"|"xkMOA3-ceb&&%-k#rc@W"
"marie-helene.poore@edu.tbz.ch"|"jE&j#v-Ko5x78-6r3J21"
"elies.blanket@edu.tbz.ch"|"2Eg7z2-YiM9Bo-XkAyov"
"yu.boyer@edu.tbz.ch"|"8dxHUR-Gk5yFp-fkMjjw"
"celia.welds@edu.tbz.ch"|"JnB#x9-Wdikny-CXDlbm"
"du.gunney@edu.tbz.ch"|"9dPp0v-MqNn%I-#PJF8z"
"goerel.crush@edu.tbz.ch"|"LSOPQ2-BJ#n7R-g7Dko3"
"marie-josee.brosius@edu.tbz.ch"|"m&SceU-qN#h0g-u6jCd@"
"camelia.adds@edu.tbz.ch"|"4ChIJu-L#H#E%-@9XsgX"
"anae.irwin@edu.tbz.ch"|"cPHy%K-RbE0Tp-xZOIa#"
"cleopatre.skeffington@edu.tbz.ch"|"Q2boUp-mjSn4T-YHh2DN"
"gerald.suggate@edu.tbz.ch"|"jqEjVe-IpFWgf-Qd5yXh"
"laurene.tailour@edu.tbz.ch"|"kUW&de-r5Wham-JjeRY@"
"amelie.hoble@edu.tbz.ch"|"dP&GtO-JIqQ@Y-WIKFzd"
"venus.getch@edu.tbz.ch"|"7h2JP@-LpNYWV-&@WJ$6"
"renee.treby@edu.tbz.ch"|"$KNoNL-Uuzj#&-$#Pjpa"
"almerinda.stait@edu.tbz.ch"|"a9V4Lh-ln06rD-b1r##o"
"andree.reddecliffe@edu.tbz.ch"|"RgNLQS-%2fDyN-IMnslG"
"leone.wintle@edu.tbz.ch"|"TSt7HF-btkddw-yOWJCK"
"gerald.fellow@edu.tbz.ch"|"73jRmW-VAdJUT-sRCQNo"
"ju.gudger@edu.tbz.ch"|"TXSqmN-P2vdCt-pQ9G#%"
"meng.ohaire@edu.tbz.ch"|"#8aZvI-wG3CeM-#zAqy3"
"cleopatre.missington@edu.tbz.ch"|"tavEbs-dA$vDU-KN%s0h"
"annotes.debruyn@edu.tbz.ch"|"JDUoIc-zGlWKc-cO&@7r"
"gerald.sinisbury@edu.tbz.ch"|"zZp$k5-@jAj$w-8gAfCk"
"creez.slora@edu.tbz.ch"|"4qxw%z-hc3uf9-t@wQgx"
"gisele.benbow@edu.tbz.ch"|"coTbEv-acIDiX-YiytdC"
"pal.dossit@edu.tbz.ch"|"bIL#Bq-qty%m&-WTGo0%"
"nelie.stirrip@edu.tbz.ch"|"vYxmhd-g#iE%Y-xoJw%x"
"alois.ocrigane@edu.tbz.ch"|"ac5FnU-kdU8jI-GuzwDh"
"kui.mcterry@edu.tbz.ch"|"H5fjGn-k8dxsR-Er4V5H"
"long.willgoss@edu.tbz.ch"|"tLTMFD-j$NItE-B1qOzn"
"francoise.sumpner@edu.tbz.ch"|"dr7LIZ-U46alT-cqu1ub"
"maely.grinstead@edu.tbz.ch"|"GQqwrA-b$UgLv-qlQFFO"
"creez.langeren@edu.tbz.ch"|"41zsLS-7jKmpr-w1w%mF"
"adele.dungate@edu.tbz.ch"|"%iOayE-VI4OcH-bR1f0T"
"cleopatre.noirel@edu.tbz.ch"|"@3mEtq-1vyD08-SJO5xW"
"interessant.daverin@edu.tbz.ch"|"7vcrSG-c4GtAH-w2@lt2"
"naeva.kalderon@edu.tbz.ch"|"XwwfQZ-aoYiBN-mpqgCB"
"anais.oshesnan@edu.tbz.ch"|"3qCmjN-1heLDy-uqkVVT"
"judicael.anelay@edu.tbz.ch"|"u&#Hpl-5YNF57-GgL#8J"
"eloise.braxton@edu.tbz.ch"|"vpD@h#-Rr3piz-264Sot"
"desiree.greguol@edu.tbz.ch"|"n22JrG-fX8692-s3nNLX"
"maite.mcclenaghan@edu.tbz.ch"|"eag42o-X3mWU6-4Wnrty"
"meng.doret@edu.tbz.ch"|"ZMTi#Q-NePLIF-vlmOjw"
"frederique.chippendale@edu.tbz.ch"|"9GM#Zb-vmGPCH-9TRikX"
"andreanne.lanney@edu.tbz.ch"|"LywJ8V-8CA91z-gqlX1c"
"aurelie.claus@edu.tbz.ch"|"3JpYUd-maOHy$-xt9BUh"
"renee.pabel@edu.tbz.ch"|"1kkp@m-bwigel-fuAcme"
"maena.roust@edu.tbz.ch"|"BHAgA#-PneJi&-k&mOSH"
"nadege.carwithim@edu.tbz.ch"|"RP645M-d$DVcg-#seH9B"
"solene.geyton@edu.tbz.ch"|"DFjyUI-plYO3M-GVN#U1"
"dafnee.avraham@edu.tbz.ch"|"0yXQtl-%ikjfu-FF751n"
"leane.woolvin@edu.tbz.ch"|"1l7FGC-RYsfs$-tIyXoa"
"adele.macadie@edu.tbz.ch"|"FZ2mfB-9OE30N-tHUlRC"
"meline.rubica@edu.tbz.ch"|"6l#Cmn-ABmFX8-mIXQlt"
"marie-noel.speeding@edu.tbz.ch"|"LnBZzP-yhsGC0-Wh5Gvo"
"nelie.mix@edu.tbz.ch"|"Wnq4Q1-obNdrM-u5u7D8"
"clea.ollett@edu.tbz.ch"|"qaKBqA-3P%mAy-ja7kug"
"leandre.mcgavin@edu.tbz.ch"|"k1rUwA-07&HRR-ZbxNlj"
"cecile.behne@edu.tbz.ch"|"jr%%DQ-$9VEz&-Ue9@iR"
"melanie.polle@edu.tbz.ch"|"Gyo7uq-1rvBrt-JOwAFT"
"marie-josee.titmuss@edu.tbz.ch"|"Rt47DL-b9xM0g-sWMj3k"
"helena.guest@edu.tbz.ch"|"Va#mBy-mMwKW5-Cv7@6q"
"annotes.chicchetto@edu.tbz.ch"|"2SD@&q-cWexYx-SsLAB1"
"melia.tubb@edu.tbz.ch"|"xPetJl-6G5ZtL-&bLhGg"
"angelique.casetti@edu.tbz.ch"|"Pdi1vi-9v2tdL-h8pA5o"
"cunegonde.cleall@edu.tbz.ch"|"FF$hS@-vzQabr-WA89hs"
"camelia.oaker@edu.tbz.ch"|"q63oFm-1SREPh-I@cZLr"
"you.searight@edu.tbz.ch"|"VsuZ@o-sRtn9i-uOm8Wh"
"kevina.dederick@edu.tbz.ch"|"VWnoH4-@M78x$-jhuuVS"
"milena.jeffrey@edu.tbz.ch"|"e&bboY-udNsj4-wQTFC7"
"melodie.barkshire@edu.tbz.ch"|"PH856J-qSl0ey-XBhC6q"
"gaelle.kreutzer@edu.tbz.ch"|"A0Obx@-ANO3vU-bFMKmt"
"kalliste.kleinpeltz@edu.tbz.ch"|"XcHm0T-oa1fxx-O#cMh7"
"clementine.danat@edu.tbz.ch"|"JdcLL7-KDnRL2-E&x@9N"
"andrea.wabb@edu.tbz.ch"|"7xukgD-9kLtzA-LlrUA6"
"geraldine.piesold@edu.tbz.ch"|"kqpx5@-TRrhah-iUNCGp"
"tan.fiveash@edu.tbz.ch"|"aazA6#-fVEj$7-HY@uSD"
"meline.yuranovev@edu.tbz.ch"|"YMRPth-2$njK2-5IF&mV"
"therese.holme@edu.tbz.ch"|"jk2NCB-PwKY#L-rmoend"
"salome.vaney@edu.tbz.ch"|"KTQkaw-HJStZ%-xtG4wl"
"anae.abramson@edu.tbz.ch"|"rBLJGO-GH0td7-ew1K&V"
"kalliste.jimson@edu.tbz.ch"|"VndLDg-m1E3Br-3PWnCm"
"selene.yole@edu.tbz.ch"|"oCTUYw-FKmw3o-6Q0n3m"
"agnes.defraine@edu.tbz.ch"|"KNzSFw-Z82uff-gpWU0&"
"faites.mccluin@edu.tbz.ch"|"@iqveu-2fhnPd-4rsE$P"
"athena.deme@edu.tbz.ch"|"v3Z$01-OmJD$$-GxlDh7"
"daphnee.brigstock@edu.tbz.ch"|"grK6t9-YkHQLU-mWQpbb"
"goesta.skaif@edu.tbz.ch"|"un$gjy-Ob3nX#-2EAA4L"
"oceane.jagoe@edu.tbz.ch"|"vl4#sm-ttjE9P-gIIdNl"
"annotes.broomhall@edu.tbz.ch"|"QGH%jg-$ZGfSm-xjP8yH"
"marie-eve.ballendine@edu.tbz.ch"|"a#PtGO-M#8HVG-bn6yTU"
"melina.spykings@edu.tbz.ch"|"izK7hJ-z8c$Wn-B8DMYO"
"laurene.ticehurst@edu.tbz.ch"|"ZonVMX-Q0SR%Q-2BQcvY"
"fei.avramovic@edu.tbz.ch"|"G84Dna-fprzL%-suZIZ8"
"publicite.strathearn@edu.tbz.ch"|"3&Mrzl-IBVG6%-hIFFWZ"
"torbjoern.garrow@edu.tbz.ch"|"zXBTSL-LZ$By0-U0$4%K"
"chloe.rubinsztein@edu.tbz.ch"|"dc6OSe-p9sRE0-A4srFr"
"mylene.demanche@edu.tbz.ch"|"8szd2Q-s31bH@-OJjN2&"
"mediamass.godlonton@edu.tbz.ch"|"ozmbKR-eQuDr2-w#IaF7"
"renee.shurrocks@edu.tbz.ch"|"c&3Rjz-qibyoW-LVTh5r"
"maiwenn.jedras@edu.tbz.ch"|"Oh1YAA-xIe9Qs-#FspEr"
"genevieve.castells@edu.tbz.ch"|"8x%zG$-2l8svI-wWgET$"
"renee.sneden@edu.tbz.ch"|"RbOSIQ-jw$w29-duV3#L"
"lai.mccallion@edu.tbz.ch"|"&&EqNZ-ey8eIJ-xYt45C"
"kevina.impleton@edu.tbz.ch"|"9K#0IF-$2GO&&-SDFtPl"
"oesten.fresson@edu.tbz.ch"|"TJrI9M-74dEjj-QVkQNr"
"verane.shawley@edu.tbz.ch"|"POpwH5-CWak#&-ZIryiG"
"uo.sjostrom@edu.tbz.ch"|"4AAtM5-ywrE&0-tZ9SE6"
"gisele.gothup@edu.tbz.ch"|"rdzmGQ-#8i$x4-hNYi6x"
"renee.beauman@edu.tbz.ch"|"LVWzFZ-auRklD-4XzfOi"
"elies.loton@edu.tbz.ch"|"CfzyE5-Znfvk@-pTejXM"
"valerie.elsmore@edu.tbz.ch"|"ip7k$d-W&hvLE-Q8cT0z"
"berangere.delafeld@edu.tbz.ch"|"32hhMl-tphLDz-FbBiLP"
"bjoern.schimke@edu.tbz.ch"|"F$4ZQS-z7%ea#-M@EunH"
"loic.ericssen@edu.tbz.ch"|"9PlGBJ-J#@hDF-tvifyC"
"creez.richarz@edu.tbz.ch"|"r4hrBb-Jr%Ai#-XRxHAk"
"athena.grocott@edu.tbz.ch"|"tHT$QO-QRf719-FOJcYa"
"naelle.piotr@edu.tbz.ch"|"%PxXwB-#S%9jw-#o9AK7"
"maella.paulson@edu.tbz.ch"|"Z7S5GB-VI2vpi-me$q8j"
"song.perot@edu.tbz.ch"|"X0CRrz-oDT4MU-GF5MCq"
"kalliste.heckney@edu.tbz.ch"|"%7En9j-Ab2@pe-#FShBG"
"ake.vasyutkin@edu.tbz.ch"|"1%hqvz-ZvDMAB-cTwhmn"
"ma.castles@edu.tbz.ch"|"xJ8B4O-tbGcN4-dMHDmG"
"maely.monget@edu.tbz.ch"|"aIKJH6-nExwlM-ft3SBU"
"tang.durbridge@edu.tbz.ch"|"Zik9@g-1QeanJ-xZyMUR"
"laurene.andrew@edu.tbz.ch"|"#V##cy-PIm7$h-XbnMq1"
"lysea.beacon@edu.tbz.ch"|"CAdrF4-AT702g-FNTmP8"
"leandre.peyntue@edu.tbz.ch"|"FeiJ0s-nmzzoN-cJoS8a"
"rao.trever@edu.tbz.ch"|"SZ$N1b-gtJO3v-uqbm02"
"mahelie.streader@edu.tbz.ch"|"DY9l34-qoaDYk-7s7N2s"
"maerta.andrejevic@edu.tbz.ch"|"t4JODt-RUhL86-SQG2TA"
"goesta.tompkins@edu.tbz.ch"|"M15%2%-9X@o$t-BesZH#"
"helena.agates@edu.tbz.ch"|"@qs8BW-cwjoFP-jdgrFr"
"therese.glass@edu.tbz.ch"|"0$paY7-el6p7w-yKaEEP"
"alois.foan@edu.tbz.ch"|"PqfWVh-z#XALW-Cw9PXu"
"becassine.melchior@edu.tbz.ch"|"WZyfwu-7xA9By-Jt5&j#"
"cloe.robart@edu.tbz.ch"|"ow8#1e-k%14W&-GJ4XRu"
"daniele.puckinghorne@edu.tbz.ch"|"k6WQEA-5H8i@%-iid9IU"
"selene.cammidge@edu.tbz.ch"|"EwEa@q-q5gTNF-kqD5Li"
"regine.conochie@edu.tbz.ch"|"UlsHMb-7cV&zG-7#wXxF"
"interessant.tuiller@edu.tbz.ch"|"$9hi52-S3@kYG-TL%vH0"
"long.tiebe@edu.tbz.ch"|"l$QxJ5-g&agNN-Pvvv0Z"
"mans.yele@edu.tbz.ch"|"1eKtrq-FHAovG-vbCkql"
"ai.giles@edu.tbz.ch"|"%SP&4B-#aPsnM-X2wLHH"
"gaetane.hamberston@edu.tbz.ch"|"ObiLGq-Qw7SvN-YLxBri"
"marylene.fenix@edu.tbz.ch"|"ET84VC-aGV2kA-ZJvScf"
"geraldine.graeme@edu.tbz.ch"|"Rg%P12-rwjJBJ-YG#og%"
"tang.kinglake@edu.tbz.ch"|"ZarPcE-H7Yo8H-g9365e"
"lai.challoner@edu.tbz.ch"|"@UPs#o-pG9Foz-8RBS9K"
"desiree.mattei@edu.tbz.ch"|"9Goafm-YErKC&-Qi5EYC"
"ake.erley@edu.tbz.ch"|"IJBhQj-#6UkzK-7lf35T"
"edmee.cavil@edu.tbz.ch"|"iNlgD9-N5FSZ3-dYIy5b"
"alois.moyes@edu.tbz.ch"|"NRUpxi-pNOgOM-YnX98R"
"becassine.pitman@edu.tbz.ch"|"Z0EMdH-jTPjMN-9oPYRy"
"ai.giacovelli@edu.tbz.ch"|"$fOdjQ-OodI&F-dN@#Ft"
"judicael.fruchter@edu.tbz.ch"|"39oPtm-Lw6KM&-jkQTGA"
"mans.mogg@edu.tbz.ch"|"RF2NNA-ilv1VM-G4$Em0"
"gerald.foyle@edu.tbz.ch"|"kn@S@M-u5JY6Q-42BA%R"
"wa.androletti@edu.tbz.ch"|"pUkXso-b3XO@F-MpvLc5"
"meng.ollett@edu.tbz.ch"|"KspCi5-BG6D@a-BeH8bj"
"naelle.macmenamy@edu.tbz.ch"|"xK4TUM-a9xTQr-4QRdk&"
"gisele.mcramsey@edu.tbz.ch"|"g9FBSx-QvEu@s-p%b7VW"
"meryl.scolts@edu.tbz.ch"|"DR648H-6ePq$o-fJ0fLU"
"celia.bloxsome@edu.tbz.ch"|"O@2xxc-k7kjmu-eKRxHp"
"styrbjoern.stuke@edu.tbz.ch"|"%yxYU0-qVgDaQ-WC3U5d"
"felicie.gwilliam@edu.tbz.ch"|"M1Rn0@-jrGvKl-3@Ck2M"
"da.harms@edu.tbz.ch"|"o@P6PS-uTenFO-ekhNj9"
"celestine.baulk@edu.tbz.ch"|"Y8bYE6-Ca0aB6-BseSo5"
"mahelie.blackledge@edu.tbz.ch"|"Og4VLH-Z6aqHY-mSMjz7"
"meghane.salt@edu.tbz.ch"|"9EC5Uf-8$9dY#-h0BPNf"
"methode.paxeford@edu.tbz.ch"|"zuSdds-SCTDkz-oogENQ"
"asloeg.milligan@edu.tbz.ch"|"5dcOcn-aGFUQ1-LAte6x"
"you.pellman@edu.tbz.ch"|"GafnID-GAXHN4-n$$ROG"
"loic.regenhardt@edu.tbz.ch"|"#ZrACG-lCItBE-E#ymcE"
"daniele.savill@edu.tbz.ch"|"BN#%3W-L3W3RJ-H5eF#3"
"alois.cornu@edu.tbz.ch"|"Z7h4X0-j#oCo4-8h&zwq"
"oesten.govey@edu.tbz.ch"|"t@sCa#-Zqehmk-l8CaPf"
"marie-eve.louch@edu.tbz.ch"|"7ueMp7-3kokGG-i8eo6Y"
"theresa.wenn@edu.tbz.ch"|"jgVvxx-0PGFZA-X@on6F"
"andree.eul@edu.tbz.ch"|"RaQwYe-S#hGGy-ZL1Ci9"
"lie.paynton@edu.tbz.ch"|"#IRL1u-yschXq-1jzDo0"
"marie-eve.girodier@edu.tbz.ch"|"gtKqiZ-zOq7$$-PjvGvG"
"marie-noel.smithe@edu.tbz.ch"|"UYXqCK-5rYt@f-mr7YkJ"
"men.bootyman@edu.tbz.ch"|"0FM0s8-$QrIfQ-QjG$%c"
"ku.sugg@edu.tbz.ch"|"SHkg%k-6TBh@E-F4harG"
"lucrece.roseman@edu.tbz.ch"|"DVZ4iS-2Wqrp7-br3sII"
"zoe.annear@edu.tbz.ch"|"pIadxG-BaMezC-AD$&HG"
"marie-helene.rennebach@edu.tbz.ch"|"&LWR%H-j#gVGh-0EW2eC"
"lea.djurdjevic@edu.tbz.ch"|"eB2y#T-4bbP4o-F9XjJx"
"goerel.robert@edu.tbz.ch"|"PlJ4qu-JSDUi9-%ApaHo"
"mylene.foldes@edu.tbz.ch"|"%O8YFb-AFp3GC-unknuN"
"faites.clegg@edu.tbz.ch"|"84R41h-FXpEjs-tOQNkj"
"marylene.crowcher@edu.tbz.ch"|"JtWa#l-QVg@ZK-z2bVjn"
"aimee.wimpeney@edu.tbz.ch"|"cGoyK@-CTCiRV-buNQ26"
"renee.atkins@edu.tbz.ch"|"H9tYyh-Gxje3w-$yiW97"
"rejane.cainey@edu.tbz.ch"|"HQIKwN-L6Ilg%-wTf1F2"
"solene.britney@edu.tbz.ch"|"jPLM9f-h7zSNX-ASLg72"
"marten.shatliffe@edu.tbz.ch"|"fP8ikL-MI&VmI-dQO@%W"
"maite.issatt@edu.tbz.ch"|"DkAZMl-iQr#Ae-e6TSxI"
"maelyss.edon@edu.tbz.ch"|"AZFTg1-5wd@eq-BnBVw9"
"nuo.bamling@edu.tbz.ch"|"P6OTR5-Vc$4YR-Yy#x8y"
"anais.edards@edu.tbz.ch"|"sK4@qe-%WUvkk-KcCGTN"
"mediamass.bromet@edu.tbz.ch"|"ApomZd-4R6%h0-M7W6Yt"
"beatrice.kimbrey@edu.tbz.ch"|"8ZpHCS-T9#SKR-IhstYr"
"ines.lawranson@edu.tbz.ch"|"knwvpe-PRmH#1-OxQ1GT"
"kalliste.scandroot@edu.tbz.ch"|"Fs%CLV-5gm6vK-N@gTJz"
"mans.barrowcliffe@edu.tbz.ch"|"C34xV3-b4N$j%-3A%i3b"
"irene.couves@edu.tbz.ch"|"MP#UA9-4LX542-maTK22"
"milena.mucci@edu.tbz.ch"|"Z#2FN#-Q6OHG3-l3JXCu"
"naeva.cow@edu.tbz.ch"|"#aZ$%Y-Rh03&E-c4tbJo"
"audreanne.mournian@edu.tbz.ch"|"jBcqY#-##50&c-O9dQ8b"
"melia.sinnatt@edu.tbz.ch"|"ESyezz-nQ3MOs-gzVbmw"
"nelie.burnard@edu.tbz.ch"|"DcgE3%-Q#twpD-UDE3dv"
"clelia.ashfull@edu.tbz.ch"|"fRNQLp-UJUMM6-krXYJ&"
"lie.macard@edu.tbz.ch"|"6gzKS2-2pPnny-bAxd6d"
"valerie.matoshin@edu.tbz.ch"|"IC%#V4-sXQByD-PqjOB2"
"anael.hatherleigh@edu.tbz.ch"|"UU@mpo-ccXBj7-fpTW9u"
"interessant.warratt@edu.tbz.ch"|"ZrQP4d-FJwp%Q-RW9GB7"
"eleonore.volage@edu.tbz.ch"|"t6AVGU-$HKLJ5-EqcRaF"
"zoe.stebbing@edu.tbz.ch"|"flEa9l-Yw0JRf-fkqqHT"
"alizee.nye@edu.tbz.ch"|"56@nRC-rCLTPc-LMkZVz"
"celestine.bramley@edu.tbz.ch"|"%wEp@Z-oLdaYt-H6r4yQ"
"selene.philcott@edu.tbz.ch"|"4YZMYh-0$gVNQ-wUA0oi"
"tang.newens@edu.tbz.ch"|"NSGyiq-EOzk#b-9OSBx1"
"annotes.powys@edu.tbz.ch"|"MURgAC-tk4z&W-yztnLG"
"lea.matthesius@edu.tbz.ch"|"PR1auC-3%0&YO-0uH$yi"
"illustree.garlett@edu.tbz.ch"|"&AcQnP-jCNXOW-Evxz7k"
"maiwenn.meachem@edu.tbz.ch"|"ijx%sv-bLFgLL-lTx$sN"
"marie-francoise.mcbrady@edu.tbz.ch"|"pIUVu2-cjzQex-2dELHN"
"illustree.gimbart@edu.tbz.ch"|"CNlH1#-HcV1k7-9O6SaM"
"melys.lyosik@edu.tbz.ch"|"zaMUB$-J0%nhE-Dzms8b"
"marylene.mcnab@edu.tbz.ch"|"17JSlU-kDUG#R-jE@dQ8"
"gerald.blount@edu.tbz.ch"|"D0FNBa-81L5V$-ZVidWu"
"clelia.shakelade@edu.tbz.ch"|"@tkL9t-Q12hL7-8oEQgi"
"penelope.cridlin@edu.tbz.ch"|"JDAJ0K-61ldh1-8rGp3J"
"maena.okuddyhy@edu.tbz.ch"|"v8NbBh-1AceQz-1&dpli"
"athena.keynd@edu.tbz.ch"|"FI7LMa-$Kw@1j-eViwH0"
"cloe.dwine@edu.tbz.ch"|"1qWTtI-Fo5bg&-MN3o6j"
"josephine.browett@edu.tbz.ch"|"&2yZJd-rpcybr-VKplvA"
"audreanne.oscanlon@edu.tbz.ch"|"gmH82W-S9xTB#-cBp9F@"
"fei.jeanequin@edu.tbz.ch"|"EIXZst-#Nw@CV-2Mb9mR"
"lois.gormally@edu.tbz.ch"|"5ugDCG-#x#w$b-TE3gwk"
"marie-francoise.finnigan@edu.tbz.ch"|"GItPNl-L8uxyq-gyJstA"
"leonore.trussman@edu.tbz.ch"|"j@QhX7-&%pYd5-b#s5gS"
"anaelle.trumper@edu.tbz.ch"|"aspc#l-7VX$r@-K1iiR@"
"clemence.dionis@edu.tbz.ch"|"Zbsk$H-GP5YJs-DO5BX$"
"lois.tranmer@edu.tbz.ch"|"JWf5LK-sHOKw4-ZMokEn"
"interessant.volett@edu.tbz.ch"|"LR$Okh-9@vMR$-oEv8y&"
"personnalisee.deackes@edu.tbz.ch"|"ledC$X-wDhE3C-SlHB@h"
"lie.vasiliu@edu.tbz.ch"|"3dmF%s-Mh9k2V-ye#amn"
"dafnee.lamputt@edu.tbz.ch"|"qrjEay-Oku#dT-nq90W4"
"elies.bromige@edu.tbz.ch"|"jBiFg3-3Bg6YV-tvwW&&"
"helena.klosser@edu.tbz.ch"|"qwgIU1-HNdVJd-xJzR0F"
"andree.grim@edu.tbz.ch"|"DZoF$9-S$oF74-SyTrVt"
"verane.coldbath@edu.tbz.ch"|"RAdj5D-lLz2f0-$IQf5$"
"helena.bethell@edu.tbz.ch"|"lcqNiS-SgD9EU-gOLp#2"
"kalliste.carefull@edu.tbz.ch"|"SqC14I-5JdC%x-Xkozb8"
"regine.odams@edu.tbz.ch"|"brdig3-Ue#XRT-2vFSM0"
"len.stannus@edu.tbz.ch"|"Uuw1fn-n2CAIA-Oil5Nj"
"angelique.works@edu.tbz.ch"|"7WmGwp-eH5DgD-j7MU%v"
"goesta.rheaume@edu.tbz.ch"|"ewcWv#-l4Ibm@-1rScQC"
"maelys.tynnan@edu.tbz.ch"|"OG&#M6-oTd6W$-lc3PLP"
"maelle.carlesi@edu.tbz.ch"|"V@Dc1Y-3i8JKl-lEqbxH"
"anael.spurden@edu.tbz.ch"|"Yp2$9m-#xB$U4-8NNNg8"
"helene.pumfrett@edu.tbz.ch"|"4yDN7x-MgrcYy-hAuB3%"
"goerel.pearn@edu.tbz.ch"|"JCvcwE-C97DBB-NKJTtY"
"laurelie.dezamora@edu.tbz.ch"|"DIGiUU-EL4$@N-ACJDA@"
"yao.twidale@edu.tbz.ch"|"maOnN2-6nJKxM-u63gv@"
"berengere.sola@edu.tbz.ch"|"gGSmAd-o#3SU0-p72d36"
"maelann.hardistry@edu.tbz.ch"|"TAULy9-vOgw20-fdWcmo"
"severine.littlefield@edu.tbz.ch"|"248sDW-gBgb5g-7$kkFn"
"salome.heinl@edu.tbz.ch"|"en3vP5-E%IHmu-qx7n4v"
"meryl.warbey@edu.tbz.ch"|"RojOGk-mtXlgq-fSEui1"
"da.hunstone@edu.tbz.ch"|"La2&3f-GAk$0J-9jUAyj"
"venus.broadbury@edu.tbz.ch"|"c9mpS5-J5KRib-bz@jd8"
"meghane.rentelll@edu.tbz.ch"|"dyMQN5-hQ7Ovx-w$x7Jt"
"marylene.drewitt@edu.tbz.ch"|"MQ6Zq1-9#i77G-o4VY@y"
"melinda.jacquemet@edu.tbz.ch"|"lIU@iw-NXO$fj-%kR6p0"
"marie-josee.keyden@edu.tbz.ch"|"@aeIk$-o@dNRh-SP2TNG"
"asloeg.montacute@edu.tbz.ch"|"rPas4O-ZqSv0s-eWMcEO"
"ku.andreou@edu.tbz.ch"|"kJzXEQ-ICSCPc-Xjj@tm"
"personnalisee.feaveer@edu.tbz.ch"|"t89%kl-knMkJ0-BZHCwO"
"laila.emptage@edu.tbz.ch"|"Rg3QzM-PeYM0M-97h5#A"
"bjoern.dawdry@edu.tbz.ch"|"u#jV2X-cHci%0-DP7760"
"marie-eve.dinsell@edu.tbz.ch"|"SnIMpB-b@ThXv-k7nS@C"
"helene.follett@edu.tbz.ch"|"EMJ4@u-obrxq@-Iv7WyX"
"penelope.cordero@edu.tbz.ch"|"eoxeRI-kDcqU5-lXVUTz"
"boerje.beedell@edu.tbz.ch"|"woKwQi-T4WZch-a4hznL"
"nelie.ferne@edu.tbz.ch"|"Aby$qn-yRM5GX-Icnjf6"
"celine.ahmed@edu.tbz.ch"|"AI5RLx-S6O$BK-80hOCj"
"stevina.pimblett@edu.tbz.ch"|"36&%hP-S#sYKO-f2McCF"
"chloe.langlands@edu.tbz.ch"|"54cTRG-VKq$BB-JpNy@u"
"simplifies.maude@edu.tbz.ch"|"SZjZEQ-5RhvE9-$exYLD"
"genevieve.decarteret@edu.tbz.ch"|"W&Xa1K-tvku3Z-hU9kD2"
"marylene.mughal@edu.tbz.ch"|"mVEv3K-7S8O7S-cQLMM$"
"goeran.guttridge@edu.tbz.ch"|"$wm1Lf-jMKs5#-29pM5#"
"michele.smurfitt@edu.tbz.ch"|"66yFll-z%CXo0-nbr@XY"
"methode.hadeke@edu.tbz.ch"|"EjOP%P-qydTqq-VTyWOh"
"therese.rispine@edu.tbz.ch"|"zvhhmz-AK49Hc-TWGzXq"
"goerel.plumley@edu.tbz.ch"|"VSIz4E-uBZSoU-8nrmyE"
"oceane.friett@edu.tbz.ch"|"qTTHnX-93QXeb-bFEZU4"
"marie-noel.achromov@edu.tbz.ch"|"8%97QA-CR6yeS-kuCkKo"
"dorothee.storek@edu.tbz.ch"|"9k$WYA-RRb2Rg-qWT1Vr"
"goesta.whittle@edu.tbz.ch"|"j%MeB#-Cgrmwp-qWhlQ4"
"desiree.casely@edu.tbz.ch"|"HFeR$t-q&XrZg-UUt28n"
"felicie.condon@edu.tbz.ch"|"E3vLcp-1@tT9q-0Yewsl"
"maelyss.frisdick@edu.tbz.ch"|"mX3#09-@I5U6b-IdGC%3"
"aimee.banke@edu.tbz.ch"|"$ukLk4-8QUM6y-r#TXI3"
"naeva.hodcroft@edu.tbz.ch"|"&EbZ2J-#ozQ&F-Pj%QZ9"
"laila.gerrans@edu.tbz.ch"|"NzQTpL-jkNy5X-oQFY81"
"daniele.scrimshire@edu.tbz.ch"|"Pg6u9J-2Sjg8I-BTE%Ax"
"daphnee.sheerin@edu.tbz.ch"|"A8dwja-eBIIfu-A3%cPV"
"pal.vanyukov@edu.tbz.ch"|"s7Xj0k-sSzy8e-63b5Ei"
"zoe.childs@edu.tbz.ch"|"G9RV1r-9&FkUQ-L%B8Jg"
"ai.corde@edu.tbz.ch"|"ctpo%j-RptFig-@J7Tud"
"maelys.berryann@edu.tbz.ch"|"8v7gLn-OY3Z%o-0fvVRa"
"cloe.gladding@edu.tbz.ch"|"0K$e80-fSbv77-jV#Kni"
"wa.kinnaird@edu.tbz.ch"|"@gpbW5-VBvsXR-a0RMQs"
"publicite.brittoner@edu.tbz.ch"|"vitVsh-vl$Z9U-euimGJ"
"rao.windress@edu.tbz.ch"|"ljLKoh-mc9J8X-$JX4av"
"uo.kollach@edu.tbz.ch"|"6VNxqh-eOr%zc-XzQ$fD"
"josee.peskett@edu.tbz.ch"|"XD5&wk-$Wxw%f-4#H9#G"
"annotee.hasel@edu.tbz.ch"|"#$1$Gb-%ZKkys-ldI$iE"
"cinema.lee@edu.tbz.ch"|"@Xfvh$-RDy7LR-hjEVe0"
"lai.vedeshkin@edu.tbz.ch"|"@pyNef-PvD5T6-GSTV1Y"
"renee.brisbane@edu.tbz.ch"|"dt@u7e-R#8t0K-8n01kN"
"ophelie.blincoe@edu.tbz.ch"|"UU8qZC-dp24Lg-E8pwfJ"
"zhi.prazor@edu.tbz.ch"|"U&VqAI-SYE9P5-jKcgfH"
"annotee.maddicks@edu.tbz.ch"|"IfPL#R-ALt6@H-Dq5I3p"
"maelyss.codd@edu.tbz.ch"|"16PY2T-ohcGDI-PP#yIE"
"celia.peplay@edu.tbz.ch"|"eoDhLp-vpFdi&-x4Xq3R"
"interessant.skone@edu.tbz.ch"|"lNfF5@-0i5Joi-Istw7Q"
"audreanne.hebdon@edu.tbz.ch"|"A4tldx-OY0oTU-6DM$nq"
"oceane.glen@edu.tbz.ch"|"j$Vq$x-VYQUF9-z7Rrrd"
"daniele.vanyushkin@edu.tbz.ch"|"nso0Ib-mF54qw-xja8aA"
"daphnee.ayce@edu.tbz.ch"|"MzS7EP-l6kwm4-9n39$Q"
"andrea.attride@edu.tbz.ch"|"pySkcS-5T97$@-bF1%1&"
"penelope.bridgwood@edu.tbz.ch"|"ILZsiw-55mQN1-hq1Sc@"
"mailis.drewitt@edu.tbz.ch"|"FhR@3P-K%if#M-bHaY5N"
"penelope.mollene@edu.tbz.ch"|"$f%wOu-kZ7QWF-zU3#4T"
"illustree.keely@edu.tbz.ch"|"C#B6@G-0pA5pF-AoJli6"
"meng.brisseau@edu.tbz.ch"|"NTXOcR-8ozFbp-U2tpB2"
"ruo.cleiment@edu.tbz.ch"|"4XAInZ-7Rk9Ck-rfoV24"
"maite.krammer@edu.tbz.ch"|"sIziDi-#D8#Ry-rr1vxt"
"genevieve.verry@edu.tbz.ch"|"DNU21q-LfkTcb-@6TjNb"
"lea.olochan@edu.tbz.ch"|"s7jmdD-h@bDP9-Cr47jR"
"naelle.brunnen@edu.tbz.ch"|"C#TVV#-E3K#wQ-1eecIs"
"goesta.bragginton@edu.tbz.ch"|"DVsirW-wqrFR5-%4H5Lu"
"fei.danilyuk@edu.tbz.ch"|"0miNDy-zHmqVW-je8I7m"
"adelie.turbitt@edu.tbz.ch"|"rkZ%XY-VezvJn-7bAuEx"
"marylene.nutman@edu.tbz.ch"|"@@@N$f-3Eg@Iv-&UXn2f"
"therese.barbrick@edu.tbz.ch"|"L&T3A2-@04XQi-L#7BAi"
"melys.kolodziej@edu.tbz.ch"|"xW68#g-$9Wrf0-ZTytOH"
"melanie.runchman@edu.tbz.ch"|"ZW$k7C-E6$q4T-KX$gI2"
"serena.lafond@edu.tbz.ch"|"1p@&9h-KBF92K-ZSVeyP"
"pelagie.desmond@edu.tbz.ch"|"v3ine4-k3xxMa-ZD2WGN"
"wa.spickett@edu.tbz.ch"|"cg9U$D-28YWD$-J6IvcN"
"po.shave@edu.tbz.ch"|"meqN7F-7zvnW4-cfvJzu"
"song.huikerby@edu.tbz.ch"|"H$Plar-JUB6qV-@h1xnO"
"melinda.bimson@edu.tbz.ch"|"L%o3dg-QGWB6i-BuAaLX"
"personnalisee.toffanelli@edu.tbz.ch"|"9n3RQ&-d1xY9q-7GsAGt"
"leandre.hurn@edu.tbz.ch"|"DEbslf-UjCO8B-0$R76l"
"oesten.standell@edu.tbz.ch"|"70xA61-qHjc3P-Ant8Ei"
"naelle.smaleman@edu.tbz.ch"|"D@sgSz-RW$v$L-hcyuDW"
"berenice.tayt@edu.tbz.ch"|"AMW8I@-HN2iVb-i%gSe8"
"kui.popplewell@edu.tbz.ch"|"&v9atw-$o1h5Y-bG6DY7"
"melodie.ferandez@edu.tbz.ch"|"FTNSQi-Bq7ZKu-xiTlTx"
"josee.negal@edu.tbz.ch"|"#30wFI-wNDy%i-SRmmQV"
"melissandre.ferrelli@edu.tbz.ch"|"&aBadT-fQ5oGl-Ttl%d$"
"josephine.kemmer@edu.tbz.ch"|"tqOlWh-qSq$9V-23dNbn"
"maely.cayette@edu.tbz.ch"|"63SODQ-t5zFF4-uMtMyT"
"nelie.vela@edu.tbz.ch"|"f8yp0M-W#ZC&$-961hx2"
"melina.cortes@edu.tbz.ch"|"BkK#nR-s7RQe8-vXYp22"
"megane.leyshon@edu.tbz.ch"|"FHYtUx-llB5kk-6oD4bI"
"regine.harrie@edu.tbz.ch"|"2hpPSo-rc&9UX-miGra$"
"mylene.widdison@edu.tbz.ch"|"LEYBjz-0L#0ED-jQ9vrO"
"pelagie.vivash@edu.tbz.ch"|"y3UHcu-ws2mP7-H#1uyv"
"styrbjoern.vicarey@edu.tbz.ch"|"WNQqc8-A#r8tc-b@qXMa"
"long.kyles@edu.tbz.ch"|"xQUNDf-$XEL9H-f766Ou"
"stephanie.gipps@edu.tbz.ch"|"xruo3e-JUZxZp-zMsgWZ"
"clea.constantine@edu.tbz.ch"|"YfY1xI-hRe2gv-V@mobi"
"maella.cometto@edu.tbz.ch"|"NdOpe3-sYY10h-DkjbNM"
"laila.aubrun@edu.tbz.ch"|"JPYi85-AMEl#T-wQyBVe"
"yao.austins@edu.tbz.ch"|"#m5mnC-x3##NU-0Z&fuz"
"mailys.rylstone@edu.tbz.ch"|"r&FtAM-@$6cxP-uDsjUj"
"adelie.curuclis@edu.tbz.ch"|"NYq$E0-j3E&rP-7Sfir3"
"celine.longhurst@edu.tbz.ch"|"UTYg2i-2a008R-wLP6it"
"gisele.hazell@edu.tbz.ch"|"1SvejE-kg$U&A-vVttqu"
"celestine.ciccone@edu.tbz.ch"|"YJ7z5n-97QEaK-fYofM8"
"maelyss.doole@edu.tbz.ch"|"l0dPGw-oQYv56-UZ&gRM"
"helene.grimsdike@edu.tbz.ch"|"$XXglR-hT$2jB-#K@bt8"
"lie.macer@edu.tbz.ch"|"fWNBZ&-Iy9wbM-37K#kK"
"maely.izard@edu.tbz.ch"|"IBhumV-o4wa1h-DySwtR"
"erwei.breewood@edu.tbz.ch"|"&ufCMa-5scYJ8-AC%jSh"
"chloe.woolford@edu.tbz.ch"|"b39eQr-$%%kbU-3JwVe%"
"cleopatre.turpin@edu.tbz.ch"|"SA4iw9-uxFi02-rCb52@"
"melodie.surgison@edu.tbz.ch"|"Oor6V@-q48rAK-b%YTh1"
"elies.leander@edu.tbz.ch"|"pGX3U7-jaj&OE-4CXeE5"
"mediamass.reignould@edu.tbz.ch"|"httdNi-QTAHR3-p6V4@T"
"celestine.wasmuth@edu.tbz.ch"|"w$qHZJ-QTDuRE-ZDkxip"
"marten.jervis@edu.tbz.ch"|"MdQncL-3F5ICn-40ZLtj"
"daphnee.bour@edu.tbz.ch"|"MLIcJE-@GZ0&b-CK76&3"
"regine.harlett@edu.tbz.ch"|"RJlT#7-TT4hjD-xz$FBt"
"noemie.macaskie@edu.tbz.ch"|"L7JEqI-CYaGgk-r5xg9h"
"loic.renfield@edu.tbz.ch"|"Ds1t21-tQmgWs-V&MeW1"
"venus.kleinert@edu.tbz.ch"|"HE9$iL-z@9LnT-xaenH6"
"marten.burlay@edu.tbz.ch"|"2GGjDB-XAyDH7-NsOTRf"
"berengere.radsdale@edu.tbz.ch"|"Jo9WV@-H28NpJ-sA&vlw"
"genevieve.duckit@edu.tbz.ch"|"qut$o%-SH&nwr-v86#6#"
"maely.ligerton@edu.tbz.ch"|"EFQQfi-ZOqMj1-4MpCKB"
"maeline.ricciardelli@edu.tbz.ch"|"ijQFEx-@hzW23-$QSFtD"
"personnalisee.yggo@edu.tbz.ch"|"e2MVXK-%7z9e1-jIfI9M"
"alizee.pettinger@edu.tbz.ch"|"cVQ8QW-hQ0ah0-K5UJWk"
"desiree.curnnokk@edu.tbz.ch"|"tn5MyW-pIG3zn-K7QkXa"
"dorothee.minors@edu.tbz.ch"|"0Knw7h-7vBCpg-9VfsjG"
"oceanne.kopmann@edu.tbz.ch"|"VpDnuQ-NHeTJ3-R7%EOT"
"almerinda.brodbin@edu.tbz.ch"|"deMLvR-POt3tg-eFhma1"
"yenora.carsberg@edu.tbz.ch"|"iSS3EJ-Fk$BZ&-ouHgFa"
"wa.beetles@edu.tbz.ch"|"0cUT3B-HSRFuL-Llja9U"
"audreanne.abbot@edu.tbz.ch"|"ONUYpk-ueJK%o-c5OPQW"
"noemie.capper@edu.tbz.ch"|"u%nKYo-sAjWCk-BDOF%f"
"mans.abramamov@edu.tbz.ch"|"cX#8zh-Lehjcy-bqZfTc"
"audreanne.blakey@edu.tbz.ch"|"4d8X8D-KhQJNH-5Gfko$"
"leone.klimpke@edu.tbz.ch"|"b0H1Ik-H6larm-g0OI#g"
"lie.croston@edu.tbz.ch"|"lLy3lq-wAdYh3-aY@gqy"
"anaelle.baistow@edu.tbz.ch"|"f&1sO8-9FHcsa-qu$%3m"
"michele.garwood@edu.tbz.ch"|"PB#byx-nzMzbI-tJgnVr"
"interessant.albion@edu.tbz.ch"|"VflNUi-a0&E0o-8suAmm"
"andre.brisco@edu.tbz.ch"|"%OOaf3-NjCFYs-s1IQeX"
"tang.totterdill@edu.tbz.ch"|"bSNdA$-3AZFOV-i68wPn"
"marie-josee.braundt@edu.tbz.ch"|"fRBB0P-d15J6z-#R#fNM"
"lois.galer@edu.tbz.ch"|"Q2XW87-Gwv&$#-oLIDLZ"
"faites.pellamonuten@edu.tbz.ch"|"aqSua#-EH0AP0-mv3nFX"
"mai.barfford@edu.tbz.ch"|"nuKVxm-OcRXVq-Jm3t9R"
"laurene.macilory@edu.tbz.ch"|"UxQNvL-N$GDkH-XvPX$Z"
"elea.peak@edu.tbz.ch"|"ItEjIH-jal9e6-blSrQj"
"rejane.doni@edu.tbz.ch"|"z0w0FI-R6v@do-ZxSKmA"
"mahelie.ector@edu.tbz.ch"|"p52bDk-p7&H30-p#vfrc"
"rachele.allum@edu.tbz.ch"|"L1pXiv-izn6s2-A0LFhm"
"laila.gerretsen@edu.tbz.ch"|"9Iovrj-XWO096-&Jd%mF"
"ines.bowman@edu.tbz.ch"|"fIbR@8-LTKT&G-2rQWHP"
"publicite.barbary@edu.tbz.ch"|"b8ny9A-9lMu6j-nCylQ@"
"mailys.smooth@edu.tbz.ch"|"QSWp77-6&7okO-BJ&0Wd"
"mailis.huguenet@edu.tbz.ch"|"ezIfwl-3PpgMl-PU%7TC"
"lea.ewer@edu.tbz.ch"|"CBmw24-ZSIG39-3A9bVf"
