"email"|"password"
"melodie.vandervlies@edu.tbz.ch"|"06UQGq-V8SlhW-hIxDPm"
"angele.edgecumbe@edu.tbz.ch"|"icbn7I-7U&$wd-eZDKf$"
"zhi.andreasson@edu.tbz.ch"|"mnUD#M-Qfrtex-uwETtM"
"judicael.koppeck@edu.tbz.ch"|"3#09gS-1xrrKX-Hrx@aU"
"berengere.capron@edu.tbz.ch"|"F6e&ac-NiOkY0-IWb$sE"
"leonie.brosini@edu.tbz.ch"|"qdDTp5-h8Sp7y-IXsGBs"
"venus.garfit@edu.tbz.ch"|"t4bi0r-IhiwgM-OVmRok"
"melina.janota@edu.tbz.ch"|"fadJ8h-EWv#AZ-D4ce@z"
"laurene.bake@edu.tbz.ch"|"sV85v2-dRBdNS-wM24XJ"
"regine.dorkins@edu.tbz.ch"|"5Nj5zJ-$L2#Pk-SQvtWS"
"cecile.moffet@edu.tbz.ch"|"p2WD6o-yngLiB-Qi6nSg"
"maelann.labrone@edu.tbz.ch"|"Dwpdhh-F@2Z5m-@gKKOI"
"melinda.newbold@edu.tbz.ch"|"4%Ses9-wyHwIo-Gz6BWP"
"mans.itzhak@edu.tbz.ch"|"xmJOlR-@Ghgs0-N2A4wb"
"melodie.pattlel@edu.tbz.ch"|"rOfxjC-rPgRnA-ybLCPM"
"celine.bonett@edu.tbz.ch"|"TuGg6l-DD&tm#-eTbu3f"
"adelie.mcgreal@edu.tbz.ch"|"uZWQF&-FNvl25-aIEXe$"
"helene.soldan@edu.tbz.ch"|"bUsvpZ-2YVBD3-aa@AhA"
"michele.cluer@edu.tbz.ch"|"FOngL$-kDrTh4-eNZgGE"
"maeline.mueller@edu.tbz.ch"|"8E6R#w-cmH%xk-x0Zt0m"
"maelann.benedito@edu.tbz.ch"|"&gEtCQ-l5CztB-yM9tl8"
"nuo.gransden@edu.tbz.ch"|"T0aMX4-1f6gq4-Cdm1rI"
"berengere.stainton@edu.tbz.ch"|"oHRXbS-12$bu#-W0Zo2M"
"wa.sabater@edu.tbz.ch"|"eXoopa-cGRtVo-VvKeQt"
"anais.cochran@edu.tbz.ch"|"Sp7uCM-Tn$6gC-r3Q5Cl"
"gerald.bessant@edu.tbz.ch"|"ns3f4@-xOBjzC-9P9E6K"
"ruo.coffin@edu.tbz.ch"|"XhtgYH-JKSlWi-yUrvGZ"
"melodie.mustill@edu.tbz.ch"|"LU$@PZ-UeYIhP-TaEnMP"
"ruo.stanesby@edu.tbz.ch"|"3Ee8hH-$eRD&L-d5P1P%"
"noemie.antognelli@edu.tbz.ch"|"k#nGsp-s3Z&8p-Y3EZ8G"
"maelann.hughson@edu.tbz.ch"|"RbZm24-#UrWjs-iLkG%p"
"milena.mieville@edu.tbz.ch"|"zKNF9r-@j5VcR-HfIMcj"
"mailys.chamberlin@edu.tbz.ch"|"3j53E6-$UrD2E-6vFrbS"
"nadege.tomalin@edu.tbz.ch"|"3a2jFi-nWEpzD-t%h8IT"
"oceane.omara@edu.tbz.ch"|"S4e96T-vl%RbS-%oo1Ee"
"cecile.aguirrezabala@edu.tbz.ch"|"gBL6Dw-HB&68m-nW4TQV"
"maella.gwillim@edu.tbz.ch"|"7qbQqP-DPMTdc-GctUDQ"
"lea.mcgahey@edu.tbz.ch"|"2#suVT-oP9Zhw-131x&T"
"laurene.hagerty@edu.tbz.ch"|"Iy%lH0-5mDnfp-@KgghB"
"dorothee.link@edu.tbz.ch"|"pvwnse-ri1c3x-ECeg5m"
"clementine.kynsey@edu.tbz.ch"|"94Pf0@-BsZBQS-VIjDeD"
"lorene.smitherman@edu.tbz.ch"|"OJkmur-hZGoBO-8@DtpJ"
"cleopatre.klulicek@edu.tbz.ch"|"rT0oSE-cO4eKL-locvYg"
"laurene.castaneda@edu.tbz.ch"|"6f&%kx-WGz0nP-ZCq9AC"
"melia.constant@edu.tbz.ch"|"h5kd&T-p5bW#g-fc4Um4"
"lucrece.clunie@edu.tbz.ch"|"7V5rc&-ES2zPO-0&Memr"
"eleonore.mcmurthy@edu.tbz.ch"|"ASl&k&-c95KDe-suEsCS"
"melia.bevar@edu.tbz.ch"|"yr@CPj-uA2bxD-d#Wblx"
"camelia.bontine@edu.tbz.ch"|"uGm8&z-qQ2l3a-x6nszG"
"methode.jozefczak@edu.tbz.ch"|"QedTWI-L%Z2Vj-G@US#u"
"audreanne.hinsche@edu.tbz.ch"|"zIvZ3U-8Y$oCl-OQHGDX"
"andree.varne@edu.tbz.ch"|"q$Cfbg-hVtVCo-RFp5qL"
"marten.kinleyside@edu.tbz.ch"|"xKX8fb-NeViNl-Bz%@@d"
"esteve.mcewan@edu.tbz.ch"|"NYEVVk-XcIHFh-HEvQqo"
"leane.dibbert@edu.tbz.ch"|"b&4HVl-V$ZpGo-0sWzTg"
"ma.thewlis@edu.tbz.ch"|"V0YfF&-E$EDki-1JPbhb"
"clea.djurkovic@edu.tbz.ch"|"jpj$wh-XNwlZf-Q$hjA2"
"rachele.reburn@edu.tbz.ch"|"7OD6Qw-0b0s6$-QvLcej"
"gerald.gowling@edu.tbz.ch"|"HcFq9c-jfNpwF-gtzJnr"
"cleopatre.jackson@edu.tbz.ch"|"@18fVr-e29sf6-OYizn1"
"desiree.haskins@edu.tbz.ch"|"Z5vqKa-CxxSLu-Ilx76X"
"eleonore.longson@edu.tbz.ch"|"6w@tQV-92qg6L-2h6FM4"
"leane.dybell@edu.tbz.ch"|"PM69hE-U3da6o-QN&wIo"
"becassine.grzesiak@edu.tbz.ch"|"1iO6GZ-JdNZQU-NUDVPf"
"marie-josee.pickin@edu.tbz.ch"|"AiP$sI-Uelw3d-3bd0kq"
"marie-josee.roxby@edu.tbz.ch"|"&gL8kQ-AAUUfh-9ndjWo"
"leonie.feenan@edu.tbz.ch"|"AsjG4R-r0PXz8-rkRleQ"
"valerie.ellum@edu.tbz.ch"|"vJBJYt-0o#8hZ-uRRvdF"
"ju.caseri@edu.tbz.ch"|"34zb@i-Aj0bLv-nbp3CX"
"boerje.strangman@edu.tbz.ch"|"9Undm8-wSmhf@-7YJTj&"
"beatrice.ghidelli@edu.tbz.ch"|"gA4U6o-VBta7f-GpDYHm"
"da.jablonski@edu.tbz.ch"|"1mJvfe-HksgJh-fXhUm&"
"uo.beveridge@edu.tbz.ch"|"ER$hDj-YICyAd-nt2sHv"
"valerie.bestman@edu.tbz.ch"|"R5YI0G-m2v5@3-6AvRKc"
"marlene.pohls@edu.tbz.ch"|"Awtyqz-fWV3qY-LvMcp1"
"ma.nolda@edu.tbz.ch"|"EF2&H%-iMQwFf-3P%oSG"
"marlene.bisiker@edu.tbz.ch"|"pbdylt-hgnRiF-#5GyA8"
"estee.babon@edu.tbz.ch"|"EpCSTu-4D831g-G&r#Qp"
"simplifies.dmisek@edu.tbz.ch"|"LtASXJ-KhPKOH-EObPDd"
"selene.ganing@edu.tbz.ch"|"4xL7Mm-YM@4w1-fghtpm"
"meryl.penke@edu.tbz.ch"|"%0pQDh-1ANgWy-yfScbA"
"anais.rawcliff@edu.tbz.ch"|"C$3Xo$-SjayqV-$UfuPD"
"melina.andri@edu.tbz.ch"|"@mcaku-&yG%as-c0khus"
"audreanne.fodden@edu.tbz.ch"|"4DZnQG-frwRoG-5IaBUC"
"bjoern.spellesy@edu.tbz.ch"|"4XN$U5-JpjStI-74fUZs"
"francoise.summerscales@edu.tbz.ch"|"W9#Oa@-Y7xIKD-x17qEy"
"laurene.ashtonhurst@edu.tbz.ch"|"38V0Cn-d4$Mtx-C@8q@H"
"valerie.petters@edu.tbz.ch"|"abpGAz-g4pGnp-FEJiAC"
"anael.spenclay@edu.tbz.ch"|"DLrqpd-c#fqy$-yqaSXS"
"stephanie.keech@edu.tbz.ch"|"1ro7&o-WCPCNM-Ri%Nx#"
"ines.deveril@edu.tbz.ch"|"A1zQ41-Y5Y9xn-Xd5sWv"
"berenice.gelder@edu.tbz.ch"|"WSITHw-nts61F-x5DnI$"
"melanie.ofogerty@edu.tbz.ch"|"b6i%YE-Z1lrkp-e6Int6"
"frederique.canepe@edu.tbz.ch"|"n$osS@-vsblQm-zZlMDZ"
"nuo.otton@edu.tbz.ch"|"hbiNSq-uL7iMq-a4cEiV"
"genevieve.trusler@edu.tbz.ch"|"gGi7PN-K60Ly4-fURcmX"
"ju.boag@edu.tbz.ch"|"ndatu8-fvIxHt-ggagb6"
"josephine.dilucia@edu.tbz.ch"|"S$NLAL-JVqunB-xVsSQX"
"laurene.armsden@edu.tbz.ch"|"X6VBMV-7DRLpu-VjJdUt"
"becassine.griffe@edu.tbz.ch"|"Qf3OsP-GgSXVD-00oDX0"
"alois.parres@edu.tbz.ch"|"9X32G#-zC$GDq-a2LtgP"
"cleopatre.gaffey@edu.tbz.ch"|"sOD4EC-7&mVky-TLF%tL"
"andre.stiger@edu.tbz.ch"|"9sCAKb-9aOqG%-C0TN1U"
"beatrice.godleman@edu.tbz.ch"|"fab#P$-qGzB1h-ihiMH@"
"hakan.harrhy@edu.tbz.ch"|"7YQcDx-FKZVWd-Og5Gwr"
"celestine.dagnan@edu.tbz.ch"|"zOtBYK-&W0#6%-Kn#wHd"
"clemence.haggart@edu.tbz.ch"|"NxJX%D-DXJ0HB-GQv@hm"
"long.caban@edu.tbz.ch"|"y69YnD-#2LvdX-zHnxqD"
"gaetane.grimble@edu.tbz.ch"|"QchTdA-7T&jHb-sgG15x"
"maelann.piwall@edu.tbz.ch"|"ufTaDh-h4yjM4-fND93t"
"magdalene.loble@edu.tbz.ch"|"wlmwGM-CFbO5t-A@WACp"
"veronique.domaschke@edu.tbz.ch"|"QawcIJ-0AmQa3-EOQp$T"
"clea.herity@edu.tbz.ch"|"J5IQsU-t5N3kS-BXJYUM"
"maelann.bambrough@edu.tbz.ch"|"Q#BNSP-DvlttL-ubQryj"
"clea.goulstone@edu.tbz.ch"|"OFrcPo-Vyz9iA-y1@Tfs"
"renee.deleek@edu.tbz.ch"|"dQIP2m-KCjmdg-WbjSm7"
"boerje.rudderham@edu.tbz.ch"|"of2NAA-tFZLMz-uajzhC"
"marylene.broune@edu.tbz.ch"|"RGKjF7-180qVE-OAGWOP"
"nadege.mccuish@edu.tbz.ch"|"DJxHcx-jXiEBe-w$5$zQ"
"anael.littleover@edu.tbz.ch"|"jfwUXh-Hy5@2@-u&oyZ@"
"lie.baume@edu.tbz.ch"|"8dO@6r-9gUy$J-WRn4v2"
"maella.murrow@edu.tbz.ch"|"03t10U-n6hSfm-bl8WEr"
"cleopatre.pettifor@edu.tbz.ch"|"TUvF6X-JdzYnj-LdTVIx"
"geraldine.asker@edu.tbz.ch"|"GwZZD2-l7JvMn-0f7PSv"
"gaetane.smedmore@edu.tbz.ch"|"HHJCPd-YgAmUG-q2Z#ci"
"meryl.blencoe@edu.tbz.ch"|"UZqzU6-7oNQga-sGeJjF"
"aurelie.chastaing@edu.tbz.ch"|"$cjBdq-aZ8Opw-WSsRSi"
"oceanne.marthen@edu.tbz.ch"|"8qRU87-YPzHdM-j#EoRq"
"dorothee.burrill@edu.tbz.ch"|"mRf18I-NsXnJp-dnwJXW"
"hakan.belden@edu.tbz.ch"|"y3aTQP-DvuEu1-6HCq9u"
"celine.brunning@edu.tbz.ch"|"zJMapG-sbNm0I-fu2%Ie"
"anael.lapides@edu.tbz.ch"|"XLo3%h-kXKXpo-QjNh$W"
"ruo.saffran@edu.tbz.ch"|"jFW#AG-O@fbXZ-65zMQG"
"loic.gerretsen@edu.tbz.ch"|"sd@zRg-3c%y&8-74B7JH"
"rui.fitzer@edu.tbz.ch"|"YVj1cy-Nx$DtO-ZhOE&f"
"annotee.ogers@edu.tbz.ch"|"7tgZkO-QFV9Yc-dNff#d"
"boerje.bindin@edu.tbz.ch"|"raiaJz-1frVvP-jFTVTN"
"ma.cronchey@edu.tbz.ch"|"mVQsPg-cHO$GX-htHF2K"
"laurelie.baiyle@edu.tbz.ch"|"3weZey-d%JQ0%-Sv8OpG"
"dorothee.older@edu.tbz.ch"|"TrrPZq-IX7MoS-WzuRNb"
"laurena.wile@edu.tbz.ch"|"qQPYk0-b5ln#K-fSD10o"
"clemence.brito@edu.tbz.ch"|"pap6zX-yqe$PT-8crYwn"
"nadege.dallin@edu.tbz.ch"|"TRK5VQ-o&TVFA-8pFom9"
"mailis.matley@edu.tbz.ch"|"9HkpQ4-0ymBsZ-hgtm$y"
"daniele.screaton@edu.tbz.ch"|"ppg3m7-J9$iDI-yATf93"
"mediamass.godly@edu.tbz.ch"|"F#FdYo-eH%M8i-H1Ketc"
"leone.kremer@edu.tbz.ch"|"QYMHw3-BWcl#m-VA$RZ#"
"asa.adrian@edu.tbz.ch"|"WKAG@0-kg8sz1-afT2xp"
"adele.doley@edu.tbz.ch"|"46a8mS-U3$2#P-Kqgv9p"
"fei.sidney@edu.tbz.ch"|"XnmBKl-lmUY7G-uCpi2m"
"marie-josee.walisiak@edu.tbz.ch"|"$or@zN-N&a#8$-j7A3MI"
"desiree.diplock@edu.tbz.ch"|"qKamOC-XI%vuH-gqs9Qf"
"gisele.schust@edu.tbz.ch"|"rZHq9W-hXONid-mru%n0"
"ma.longshaw@edu.tbz.ch"|"A3I@@9-iXtkMn-sG27#Q"
"da.boother@edu.tbz.ch"|"CeEYUv-Qvu2Ie-oEVQq8"
"simplifies.chaudhry@edu.tbz.ch"|"6$9GVH-WVR$0D-yKyJjO"
"garcon.baniard@edu.tbz.ch"|"tq59Ul-Av%A3H-8gSai&"
"gaetane.elphee@edu.tbz.ch"|"mQIZkI-OCkmrr-rZ32el"
"gisele.hassey@edu.tbz.ch"|"fYi9VL-BnNmPk-rYE5nv"
"oceanne.booley@edu.tbz.ch"|"b9lE%1-D1U4KN-k4TD0Q"
"oerjan.dibden@edu.tbz.ch"|"Pr14mf-CnHlQ9-@XICwt"
"regine.ocleary@edu.tbz.ch"|"4qmqAP-Ud#TWv-yiM1qw"
"selene.persse@edu.tbz.ch"|"b66UfI-z1YtGs-Wx%W2z"
"helena.adenot@edu.tbz.ch"|"umyqOV-bcSc&x-s0&RHP"
"maelann.wassung@edu.tbz.ch"|"di5HGE-dVhe&W-uctwqP"
"frederique.ackermann@edu.tbz.ch"|"O#Ou3R-b%bUZU-Ui#&&u"
"audreanne.kahen@edu.tbz.ch"|"J1P6Yp-QB5yr0-&jNyrh"
"maiwenn.lasty@edu.tbz.ch"|"%ZBIM4-6s@4Fi-bZVfLo"
"yu.dictus@edu.tbz.ch"|"Smaf0@-zrmCoW-uOzfz@"
"anae.dukes@edu.tbz.ch"|"SuZ&Um-2yZ5QU-oyFIJW"
"yenora.warr@edu.tbz.ch"|"BmSHNw-w0hF8l-JfFT8@"
"esbjoern.archibold@edu.tbz.ch"|"@2zzKl-Zww7pP-JkrkcX"
"milena.pardal@edu.tbz.ch"|"muorBH-LYNgId-Wxh$OM"
"celestine.graveston@edu.tbz.ch"|"rYhF7Q-KsqZzC-deS23$"
"maena.dallas@edu.tbz.ch"|"imPzKj-nw@V4l-1aX983"
"andree.tuke@edu.tbz.ch"|"88$jJs-&Lf$pK-J0XUhQ"
"methode.seldner@edu.tbz.ch"|"kdx4N5-RIlOP5-aeBLXg"
"venus.bullas@edu.tbz.ch"|"K$lIy4-zVNH@y-BDQ%fb"
"mans.aguirrezabal@edu.tbz.ch"|"IlxmtB-i$ugD%-2X$5wE"
"gaelle.eadington@edu.tbz.ch"|"jb7P2L-@cK%GU-jXGR4V"
"anaelle.falkner@edu.tbz.ch"|"eqXyLl-GLktk1-SJb4BY"
"ophelie.height@edu.tbz.ch"|"FdFKAy-fJns2Z-s&3lv5"
"marten.bolding@edu.tbz.ch"|"#z42YH-E06I&w-3h4UoR"
"pelagie.guswell@edu.tbz.ch"|"JmpxZ$-WR1FqL-tZ2h$0"
"gwenaelle.lecount@edu.tbz.ch"|"Gw6#lp-3pW665-wU7oxI"
"hakan.laden@edu.tbz.ch"|"4y&tZB-uu&Td6-u%HdId"
"marie-josee.hylands@edu.tbz.ch"|"cAFQS3-E3VprM-JxEx1o"
"zoe.kingshott@edu.tbz.ch"|"mzkwqI-jmXlAa-$Ap4zt"
"josee.janous@edu.tbz.ch"|"yMhvlM-pKOlyX-wzk08i"
"laurene.gallally@edu.tbz.ch"|"z5D0WI-&XUO6u-88uFiW"
"anael.bickle@edu.tbz.ch"|"&9vYFf-Kq%7TD-$lvrV6"
"mediamass.lebbern@edu.tbz.ch"|"4Os7Hs-kx6HsN-8NPhE&"
"berengere.hovy@edu.tbz.ch"|"9B51Xi-DAcMQ0-k7&WPa"
"oerjan.kilmurray@edu.tbz.ch"|"$rXmJY-A%%dpy-hdysgs"
"asloeg.venny@edu.tbz.ch"|"sMEoFa-ZbMbhv-dHUJjC"
"marie-noel.stoad@edu.tbz.ch"|"QxVPIc-@lyTA6-ES00et"
"hakan.pettifor@edu.tbz.ch"|"YA&HQg-W#Xhpa-APrWwb"
"maella.willgrass@edu.tbz.ch"|"#eWrlY-WEdQNk-KYaogY"
"therese.ludovici@edu.tbz.ch"|"q1Dz4G-hHv&iq-8Epnru"
"stephanie.trewhitt@edu.tbz.ch"|"$Dz54&-WFgxHJ-r5Sjq6"
"maerta.bauduccio@edu.tbz.ch"|"0An@5R-aFDCtw-ZORKYL"
"gaetane.glaisner@edu.tbz.ch"|"9d2CIf-DCqntb-IY8CWu"
"naeva.pargeter@edu.tbz.ch"|"RcW1Ff-IH5tHq-TJ0JJq"
"salome.venable@edu.tbz.ch"|"02LjzI-5XZuRX-Nk1hnY"
"boerje.thickett@edu.tbz.ch"|"rjemRg-mhmOBo-%z&AC6"
"lucrece.prendergrass@edu.tbz.ch"|"7HhvKf-e5SAgO-SGIoDK"
"laurene.ockleshaw@edu.tbz.ch"|"JmWylm-4gh6Y6-&Zbttt"
"cecilia.pasticznyk@edu.tbz.ch"|"c#OWcK-D3wCAV-4Tf3&$"
"stevina.mackey@edu.tbz.ch"|"WydoUE-7OuTQx-fHa#t#"
"marie-noel.reven@edu.tbz.ch"|"TYlQgC-834kmk-QOmMfs"
"melina.quilkin@edu.tbz.ch"|"U0lyQ2-bQ6pyM-EH2fSO"
"marie-noel.ferrie@edu.tbz.ch"|"ZKMlli-GR33Y3-ik4Uh9"
"leone.alphege@edu.tbz.ch"|"HScmRS-fkuH8v-WeeBH7"
"zoe.leverson@edu.tbz.ch"|"0wL#kf-#jnhAN-HN@#Ue"
"annotes.grayne@edu.tbz.ch"|"njfNhF-gzjgWo-1R@xs7"
"faites.lalley@edu.tbz.ch"|"3YLM7%-Z5R7zN-DxJ#tr"
"adele.wallis@edu.tbz.ch"|"jv$pZl-RJAfuz-ruN6X&"
"severine.madill@edu.tbz.ch"|"dLRg3l-yAp##w-y35dQZ"
"valerie.tebb@edu.tbz.ch"|"FM9LJ4-LU%Inf-H$VdvK"
"kalliste.rasper@edu.tbz.ch"|"$jhhAW-%EQhgD-YMvqNS"
"audreanne.palomba@edu.tbz.ch"|"j2UN4S-8UUwn$-6Rd&Y#"
"elea.adamik@edu.tbz.ch"|"ijQ%Hj-H23a$j-kgVRYn"
"reserves.jakuszewski@edu.tbz.ch"|"&AeVjs-Pima6X-EPNrra"
"athena.belhomme@edu.tbz.ch"|"vEWQZk-&f#&%y-wAMQFd"
"rebecca.crippin@edu.tbz.ch"|"SabRJo-fMKmUA-ID8udB"
"maiwenn.curman@edu.tbz.ch"|"r@#Ro6-ncHyzT-PW66P1"
"andree.bunner@edu.tbz.ch"|"qw1En$-eDR$%b-kV5fUa"
"ruo.winckles@edu.tbz.ch"|"$nk1BJ-Uz%OpZ-hukC#W"
"naeva.buntine@edu.tbz.ch"|"ds9fVP-qrxLsU-ESDQuK"
"boerje.dollard@edu.tbz.ch"|"vNSA&Y-QvaEmD-JArE5e"
"penelope.gorman@edu.tbz.ch"|"V1zSWJ-sz$yRI-1AaN&P"
"alois.robelin@edu.tbz.ch"|"SCvov8-r7F4SA-sQBsG4"
"anaelle.tindle@edu.tbz.ch"|"OX35J@-ELgoTb-wBEQYn"
"ye.frears@edu.tbz.ch"|"zKFgok-WY9kMH-X$bN5U"
"andree.ovid@edu.tbz.ch"|"cJKkND-YCbGsZ-$Nc1Dd"
"hakan.peat@edu.tbz.ch"|"IPsPto-TagZX7-GfMXEj"
"andre.januszewski@edu.tbz.ch"|"HcqCEK-bXuJ6B-O3te@E"
"annotes.clemmett@edu.tbz.ch"|"8PLqmL-WvMRet-x#zykN"
"pal.lambswood@edu.tbz.ch"|"aA$rjz-nRS@Zq-p#DHoX"
"yao.lenton@edu.tbz.ch"|"tkvevL-HV1RM#-IwEoq3"
"hakan.boyton@edu.tbz.ch"|"2sgGgf-&t@lt%-hh94Nx"
"nelie.forsey@edu.tbz.ch"|"c5QY7R-oX2r5f-zPAxmw"
"hakan.horche@edu.tbz.ch"|"yV9oP1-v$JuTL-@hHqX7"
"lorene.sinkings@edu.tbz.ch"|"FuHqSr-6Ju9El-nV7RNJ"
"marie-therese.creddon@edu.tbz.ch"|"EagH%c-S@q1K7-6TIxV@"
"berenice.tolworthy@edu.tbz.ch"|"B9yC1&-H%Jrcw-LMaIqS"
"theresa.land@edu.tbz.ch"|"mUO0H&-w$xNKp-B8bM$s"
"marie-therese.gianilli@edu.tbz.ch"|"lTt7lV-wM7Gn4-6rd#zW"
"meryl.glew@edu.tbz.ch"|"9f1uF7-65H0mm-Oi6qYV"
"adele.debling@edu.tbz.ch"|"atbDR4-X$k4Eo-sY90KJ"
"anae.metzke@edu.tbz.ch"|"esRkrB-ukS8rf-ecSVTJ"
"gaetane.gooden@edu.tbz.ch"|"hgOt0h-ZBs6dL-@caM2n"
"laila.bootland@edu.tbz.ch"|"80ehE3-#Ptf9v-V%BElD"
"maite.helsdon@edu.tbz.ch"|"04EL3n-7yhkdj-tKz%e4"
"andree.malley@edu.tbz.ch"|"9J&Q2@-VpEQD0-pZRYMv"
"pal.simmens@edu.tbz.ch"|"PCFBfG-Genm70-vGTfVn"
"maelys.nuccitelli@edu.tbz.ch"|"qkGSzC-lDM8KT-yhm@CK"
"dafnee.sibary@edu.tbz.ch"|"208xAv-StTIN7-UmUwhf"
"alois.harsnep@edu.tbz.ch"|"Qo%%@Z-ktmn$b-DWdqTP"
"marie-helene.lacky@edu.tbz.ch"|"RyYr@t-WmJHo6-$vAcDv"
"mylene.youthed@edu.tbz.ch"|"flqelr-x0Yd%T-Pzi9uu"
"marie-helene.dehmel@edu.tbz.ch"|"jbTqXG-a5NceK-KHJKbD"
"angele.batman@edu.tbz.ch"|"g9HcTt-0h4O9r-dW09Ho"
"melia.younghusband@edu.tbz.ch"|"lqVt#a-Q0&wVJ-ti3C%k"
"eloise.baldi@edu.tbz.ch"|"P$eE8x-s&Z&1K-FW@vOF"
"illustree.dun@edu.tbz.ch"|"uiz&ZA-x&h5zE-3GS3%h"
"genevieve.late@edu.tbz.ch"|"PcWhGS-RjA3JR-KV53Z1"
"celestine.colville@edu.tbz.ch"|"4WAZzY-kV49u2-I40TJF"
"gwenaelle.scarlon@edu.tbz.ch"|"AUY#73-aEjgSY-BbzjS6"
"regine.boddie@edu.tbz.ch"|"V3J6$Q-X#24xW-swdBur"
"creez.gaughan@edu.tbz.ch"|"2Tk09j-0AXkAP-hF4mEh"
"gaia.longford@edu.tbz.ch"|"tdDfJX-36JTr%-n6f3OG"
"mailis.buckby@edu.tbz.ch"|"xoBezR-Gyx2Nb-gmPj8m"
"song.parbrook@edu.tbz.ch"|"ThKgsS-kU1I9R-HYBtpj"
"frederique.heddan@edu.tbz.ch"|"a5bntC-lHNB#N-kP8545"
"ake.kirtlan@edu.tbz.ch"|"l&hncw-%b#TgG-#eW5zm"
"nelie.runciman@edu.tbz.ch"|"yW@OXN-wYKdbx-s81mQ%"
"mailis.cardnell@edu.tbz.ch"|"Gy7EmW-Mhz@pK-zu3#DM"
"irene.navarro@edu.tbz.ch"|"Zh2n@c-Y5pcnT-aYdpQ@"
"maite.cough@edu.tbz.ch"|"TCRvAM-WoiTH3-vlhtmW"
"anaelle.stocky@edu.tbz.ch"|"B6J%M2-C3ERcX-rQRt7t"
"methode.moulder@edu.tbz.ch"|"h6e3ky-j7Jng7-k5@SPS"
"po.stafford@edu.tbz.ch"|"u9ElTu-bIik79-%KJQh9"
"faites.scraggs@edu.tbz.ch"|"RMM#I#-JUZN%#-GKHCZ1"
"adelaide.dullard@edu.tbz.ch"|"BnVD7F-pMPm2V-t8DZ$g"
"desiree.leonard@edu.tbz.ch"|"gSkTAH-DYonJu-lqGMJ4"
"geraldine.badgers@edu.tbz.ch"|"sl6ULn-A11e98-yXXIm&"
"ruo.masic@edu.tbz.ch"|"dL$Rms-nPwxy8-95SI$s"
"aurelie.lieber@edu.tbz.ch"|"9FT4pz-rJnBeU-L9YQVo"
"naelle.balcock@edu.tbz.ch"|"GHs#J1-@ZY27$-#3ZCCE"
"camelia.elger@edu.tbz.ch"|"WvzhPZ-L1&3nG-Z4E&9v"
"publicite.oakeshott@edu.tbz.ch"|"9nHGMY-okr$5l-TpbujE"
"cleopatre.fawley@edu.tbz.ch"|"VsZP%N-niL&uK-pZ&5kg"
"laurene.bruckmann@edu.tbz.ch"|"xNvy$E-k8SA1f-p5@D3z"
"rui.haughton@edu.tbz.ch"|"pYGFn%-o5q@f0-5m6y08"
"asa.ladewig@edu.tbz.ch"|"6QNMES-g7TxeQ-n2tNYZ"
"gisele.janecek@edu.tbz.ch"|"sIYBGP-6mYw3y-UojYf9"
"maily.loveridge@edu.tbz.ch"|"51vwHu-QP1yUi-Y2nA03"
"marie-eve.yurkiewicz@edu.tbz.ch"|"GKYB1H-WxOPM#-h1Yd2i"
"fei.roder@edu.tbz.ch"|"TniA4b-XXOerJ-BAapPU"
"edmee.chatburn@edu.tbz.ch"|"e9ohie-h&acRF-FAL9ab"
"geraldine.darke@edu.tbz.ch"|"oypnju-czWe&w-cu&esB"
"ye.jira@edu.tbz.ch"|"6$z6sF-Y#9J5f-xKWUCk"
"publicite.persent@edu.tbz.ch"|"@$W9ii-4ydZrt-AIiqy9"
"severine.wilcox@edu.tbz.ch"|"b0wSSC-Tgq%5a-&kDveo"
"yao.mcclaren@edu.tbz.ch"|"Dcuint-vnIIRY-DX6386"
"theresa.foynes@edu.tbz.ch"|"l#J2av-k3QMrO-vVqy4$"
"stephanie.isley@edu.tbz.ch"|"yaEszo-@AUY0P-nu946A"
"torbjoern.growy@edu.tbz.ch"|"qVFWmr-B%1JRG-uoppHV"
"eloise.tunnadine@edu.tbz.ch"|"k$kCwt-aWQ1g$-eHkoZn"
"maeline.cossentine@edu.tbz.ch"|"LyGyJ0-4xvCfH-aqc3wV"
"nelie.desantos@edu.tbz.ch"|"s@8cYm-3iiyRs-mbnEES"
"gaetane.axston@edu.tbz.ch"|"YBghs6-LsnJbY-vf&$lD"
"aimee.merman@edu.tbz.ch"|"9A9e$5-E6jWIm-8GXVWJ"
"oerjan.drivers@edu.tbz.ch"|"Qqln%S-T5Zih%-5w26P4"
"aimee.miroy@edu.tbz.ch"|"cmF2wb-fWtTfD-5GvNPn"
"nelie.glyde@edu.tbz.ch"|"WX9ZK3-ebnjKi-TQ5CZc"
"hakan.kapelhof@edu.tbz.ch"|"m5sy4v-c3ChdX-$Hy%bE"
"maelyss.cauley@edu.tbz.ch"|"QfJwnf-muJ6pA-$KF2PD"
"elea.vaggs@edu.tbz.ch"|"UGBTbl-rapN4o-53@t9g"
"maelys.but@edu.tbz.ch"|"WsXu@%-33FVMl-MxLJDi"
"maella.arthurs@edu.tbz.ch"|"pxi28u-xlbrNb-YBWLNK"
"adele.liebrecht@edu.tbz.ch"|"RKbLQ$-gZ#5B9-y@7xiB"
"meline.lomasny@edu.tbz.ch"|"JEk0@y-ZqshYH-z@3fz3"
"mediamass.schwant@edu.tbz.ch"|"eEr3jW-ZlkiqC-0hUqn1"
"leone.saunt@edu.tbz.ch"|"PS#tRF-neXehC-asNdpB"
"annotes.gouch@edu.tbz.ch"|"RLrF6m-2rZMei-$XWruw"
"gaetane.bowich@edu.tbz.ch"|"mKCJYW-exZSBR-KTaIrc"
"alizee.strelitzki@edu.tbz.ch"|"EezdQt-EWXwpn-t9gdHz"
"leone.poile@edu.tbz.ch"|"PMjDpd-wTf7z%-5G$UgI"
"amelie.saban@edu.tbz.ch"|"bSJ8Bn-3scXU%-oxFTW5"
"marten.mcmenamin@edu.tbz.ch"|"1J#2p8-TUH7KF-E%@p36"
"becassine.keets@edu.tbz.ch"|"uvvFUp-fmd&Ao-Dy#iEj"
"celine.million@edu.tbz.ch"|"ev6SDD-ozo77R-Nc6NmS"
"geraldine.belitz@edu.tbz.ch"|"rz4D#l-P50lmj-xi4SE&"
"salome.mardling@edu.tbz.ch"|"W5PYQG-9TPZRe-dS1MRO"
"melia.blakemore@edu.tbz.ch"|"P3VqJy-cp0a9l-MaNJBM"
"dafnee.mcaulay@edu.tbz.ch"|"uKc4Xw-#YBox8-KU0ggP"
"garcon.dennett@edu.tbz.ch"|"4oI7bw-tt8BzR-KkLFzN"
"interessant.lesor@edu.tbz.ch"|"raaLD5-oOPB0g-mxVeub"
"annotee.wasbrough@edu.tbz.ch"|"zbavoy-XIZhLQ-$zdYTs"
"asa.ibbeson@edu.tbz.ch"|"Te9WKI-C08F0E-DRsyyv"
"maily.kennealy@edu.tbz.ch"|"5Wr6Yf-qwmz81-KXG9nE"
"ye.seares@edu.tbz.ch"|"XMPjAL-hZ81#O-HMuZpc"
"athena.harbron@edu.tbz.ch"|"hiXWRU-j&Iaj0-qmuut7"
"andreanne.portail@edu.tbz.ch"|"r&$cPl-6&J7jX-oMyxQj"
"goeran.zannelli@edu.tbz.ch"|"0PZ7Id-Vnwafv-&4Ci4y"
"gerald.leathlay@edu.tbz.ch"|"wkTbxr-NnVTgy-A#sK@c"
"andreanne.chown@edu.tbz.ch"|"I&%RRP-NaEF7#-Gf8tby"
"esteve.clementel@edu.tbz.ch"|"yCJLnE-L#k0oq-xSMH#B"
"leone.legan@edu.tbz.ch"|"cU$rts-%XU@cK-5RGTn3"
"maena.pownall@edu.tbz.ch"|"cg&JIY-Cu8fzG-Fo&tkF"
"andree.rettie@edu.tbz.ch"|"G8CFUk-JijGvP-r73N2b"
"ines.kenwrick@edu.tbz.ch"|"Q$P&5G-nT&7E@-vbX1wX"
"marie-helene.yarnall@edu.tbz.ch"|"KvOLYA-#4MDMx-JgWFAH"
"po.martin@edu.tbz.ch"|"lY7Oiv-xA7luQ-RKB9#V"
"ruo.celiz@edu.tbz.ch"|"fPLaYO-3VMZ0X-tBzqAN"
"po.bissett@edu.tbz.ch"|"jpfc%r-8GArlM-FXcXdM"
"du.swindon@edu.tbz.ch"|"r&DeFs-Pd0tkC-J#CD#o"
"interessant.gouldthorp@edu.tbz.ch"|"9GVESy-QRy9&9-qT0wVi"
"leandre.lilburn@edu.tbz.ch"|"w2vg1D-PwFPIh-tTf#Zq"
"bjoern.whales@edu.tbz.ch"|"c&q%VR-R7yZq9-u1qfIg"
"interessant.dieton@edu.tbz.ch"|"zPBcCC-1&ixdU-OL@M#8"
"celestine.redhills@edu.tbz.ch"|"Oz2cw&-4@sgo$-eMka4J"
"tan.yakovlev@edu.tbz.ch"|"Vr81dA-UylWtm-On5R7A"
"regine.mcdowell@edu.tbz.ch"|"jTOfC&-@F6BDM-Pqjvwj"
"ju.coysh@edu.tbz.ch"|"SxMK6i-zx7J#8-InVlpl"
"reserves.ofallon@edu.tbz.ch"|"OE0WM@-fbYmmF-mG#K&d"
"frederique.sobey@edu.tbz.ch"|"LqH2PD-C85aby-BC%eMT"
"marie-eve.garstang@edu.tbz.ch"|"uMHTw2-rnH@Fn-KeQp8i"
"andre.tapin@edu.tbz.ch"|"GyCY%J-k2%tx2-TZTRw4"
"esbjoern.eynon@edu.tbz.ch"|"OuJ0sp-klRbOA-c2q5xW"
"maella.duffy@edu.tbz.ch"|"6JfYTe-#b1bvE-axgFxW"
"leandre.twinning@edu.tbz.ch"|"#i2xhy-K5wuz#-x#nb$B"
"mai.whittingham@edu.tbz.ch"|"8oT$hi-KzcbuA-vxj%m2"
"rachele.shevelin@edu.tbz.ch"|"l3$qWT-KEFzSe-wioicy"
"cecile.mcure@edu.tbz.ch"|"XOmwll-uqg1%O-MYH6#4"
"marie-eve.yurkevich@edu.tbz.ch"|"dAprEd-brFLAr-I0vqx3"
"almerinda.paice@edu.tbz.ch"|"QxkSGI-xelO@@-jo@oOG"
"rao.howkins@edu.tbz.ch"|"qfs3uG-k0GsDW-V5Ns$D"
"serena.pack@edu.tbz.ch"|"8IPWG2-ibHWR0-SL922h"
"rebecca.mant@edu.tbz.ch"|"2r#Cjw-X7cG&E-a5lRCS"
"reserves.spitell@edu.tbz.ch"|"2HLKDk-XTKu8G-55GpVJ"
"garcon.hamfleet@edu.tbz.ch"|"naaQw@-imLHlz-2ixAYF"
"methode.kerkham@edu.tbz.ch"|"fLE&Wu-kq#loh-N$FcwV"
"pelagie.camies@edu.tbz.ch"|"PgGGa3-drico&-vzxp7U"
"josephine.macpharlain@edu.tbz.ch"|"f@Txb$-0hGqyT-JSnKxZ"
"eugenie.mathet@edu.tbz.ch"|"BN$3JL-xyk&oz-5lMMoJ"
"gaetane.brangan@edu.tbz.ch"|"R4XkYb-up50sB-zFaVDF"
"michele.dewbury@edu.tbz.ch"|"VJmVVp-#1#JSp-2dUqMm"
"eugenie.elcott@edu.tbz.ch"|"%AjnF1-NDkFjH-tq8Vuv"
"megane.harniman@edu.tbz.ch"|"lkMArp-piR7&S-arSwUC"
"agnes.cluney@edu.tbz.ch"|"qL7Vv3-l4&oy$-kc@JXV"
"marie-helene.angear@edu.tbz.ch"|"bi7K2I-FKaDkG-7IxJPZ"
"melia.dolphin@edu.tbz.ch"|"oGTCze-5ONWXn-W31F3S"
"lois.ruseworth@edu.tbz.ch"|"JuCPuj-ic$zzN-1MIcGq"
"mailys.ryding@edu.tbz.ch"|"XBcIP2-GQrTVH-HuXziT"
"rachele.wulfinger@edu.tbz.ch"|"UOqmb3-57rTFb-%RKDFA"
"gwenaelle.talton@edu.tbz.ch"|"K7yrs8-GxzEQ6-3TXX4a"
"long.ronchetti@edu.tbz.ch"|"$oElR2-w7twM6-quhEu6"
"styrbjoern.kloska@edu.tbz.ch"|"tUMRh6-&kW0zp-D9&TvX"
"len.sudran@edu.tbz.ch"|"7xAKJ6-YhrFmL-ZE1y24"
"maelle.andrysek@edu.tbz.ch"|"ro@jjY-OWQxIk-W0Xe&i"
"selene.senior@edu.tbz.ch"|"lz$n@v-ow$9M$-dIvqtB"
"anais.joskovitch@edu.tbz.ch"|"LfNmbp-rwBgyc-ADS2Ka"
"marie-noel.dally@edu.tbz.ch"|"m#AkvZ-pI6ToX-GwZCGg"
"marie-helene.laurence@edu.tbz.ch"|"PM%WuO-xfI7Of-pa#QTc"
"camelia.foxon@edu.tbz.ch"|"IoBVCk-sg12fQ-IYA1q4"
"helene.cankett@edu.tbz.ch"|"gU0ZMd-LjQraM-UgJVNw"
"marten.mitchelson@edu.tbz.ch"|"14EQ9&-4QX5&9-9PrzTo"
"helena.stirtle@edu.tbz.ch"|"EAH@CT-gpjdpE-LONxsf"
"leane.barmby@edu.tbz.ch"|"L$@W0@-sNHXkR-MavA#u"
"goeran.ofinan@edu.tbz.ch"|"1tDvGv-X3K2L1-BMpTzO"
"styrbjoern.proby@edu.tbz.ch"|"OjBd2T-cDeDvL-pRr@gB"
"zoe.halse@edu.tbz.ch"|"G&Gl5q-VZjIcw-PrXDFt"
"kui.drable@edu.tbz.ch"|"bdkMam-Y%0HRK-W$3nKF"
"desiree.bamford@edu.tbz.ch"|"vrcbxC-ORWAPA-t%k&ye"
"zoe.suller@edu.tbz.ch"|"@mD6NK-dMRPN%-mGMX@I"
"marylene.audiss@edu.tbz.ch"|"RJRN@0-z%Zkmr-3RoSaL"
"adelaide.poznanski@edu.tbz.ch"|"guPKza-atJ%&y-zfho0j"
"maella.coleyshaw@edu.tbz.ch"|"s0RLO%-uWTSQg-2I9bUe"
"marie-francoise.gelder@edu.tbz.ch"|"Gmqd5G-jNBOOj-GQbMB9"
"eleonore.chaffyn@edu.tbz.ch"|"53Jbeq-s@NtoV-j0%gZc"
"celestine.sikorsky@edu.tbz.ch"|"WDD$dl-nYbI#9-Id#2f8"
"stevina.londsdale@edu.tbz.ch"|"2zTW9H-3p$nnp-gcjbd1"
"maiwenn.nevitt@edu.tbz.ch"|"@fk%8p-bxc1%Z-u25dvU"
"magdalene.gerrey@edu.tbz.ch"|"uQXjmO-4pF4s@-lRbRzU"
"becassine.latimer@edu.tbz.ch"|"A7Lm5h-BUJ6zW-V3Wtka"
"da.lethibridge@edu.tbz.ch"|"3PPqBc-uRg2qs-tjbH4W"
"mailys.claige@edu.tbz.ch"|"plG3Rf-ntP7ZX-O4g7Xw"
"maena.torbard@edu.tbz.ch"|"x6@YTn-KXJ4Dp-akcBXV"
"solene.lyvon@edu.tbz.ch"|"DvSloX-vBstrY-&aju83"
"marie-therese.benbrick@edu.tbz.ch"|"$5ToWA-SVcw0q-EHeHW2"
"gerald.edmonson@edu.tbz.ch"|"Ye6vJD-P&VkZT-%aWc%V"
"ake.messruther@edu.tbz.ch"|"QxD4A2-6CXa2I-jtOp%M"
"men.gosneye@edu.tbz.ch"|"Lk0&q$-R4WSd3-CvVbIv"
"anais.jefferys@edu.tbz.ch"|"6S5r05-SetNvG-waPXFx"
"publicite.tregale@edu.tbz.ch"|"#7GgKN-%6Wf0M-p0LVKZ"
"maily.santorini@edu.tbz.ch"|"WTZNZS-wWZhGu-X1d8As"
"ines.pioch@edu.tbz.ch"|"I262D2-fO10M$-TJRdN2"
"noemie.marklew@edu.tbz.ch"|"48ldGS-I0p&J1-IoKJfg"
"meghane.maccaffrey@edu.tbz.ch"|"hzQ&Bl-h4uJPo-t#A8ER"
"berangere.ambrogio@edu.tbz.ch"|"@#Ho3$-%cXVb5-k&2HdS"
"mediamass.ryce@edu.tbz.ch"|"durhS$-BOZ40N-7&VSwS"
"oesten.ubank@edu.tbz.ch"|"8LT5Le-4Unz24-QKTwFW"
"melina.mackee@edu.tbz.ch"|"ftB&AB-y1Ijz4-Lj6BgR"
"theresa.livezey@edu.tbz.ch"|"ep4WYw-YJ&Xxv-RpFbp9"
"clemence.weal@edu.tbz.ch"|"%5UaRW-qvI2mi-CTPwOY"
"faites.overton@edu.tbz.ch"|"h2Cz3n-oayQ42-HSiucd"
"clea.lindblad@edu.tbz.ch"|"lEy7xH-Z@Rj41-gTut@t"
"josephine.roseaman@edu.tbz.ch"|"ZdHufr-#mg#R3-sYo6qT"
"oesten.lowbridge@edu.tbz.ch"|"MWp@9d-mqAkTl-7kWsMK"
"marie-josee.brion@edu.tbz.ch"|"20gfK7-RWzROd-pnQs@k"
"therese.basili@edu.tbz.ch"|"hX#xCi-rV57tt-hPh$0V"
"melia.vertigan@edu.tbz.ch"|"#x&JGk-2ztswi-@MxK3c"
"judicael.saull@edu.tbz.ch"|"#7LwF7-EpKjgs-IUPo8q"
"selene.valentine@edu.tbz.ch"|"HsBAj8-bIpmV&-ewr6Hl"
"verane.dunlap@edu.tbz.ch"|"eImvji-aMS&zk-LUSxBq"
"meline.kinnear@edu.tbz.ch"|"GyOEvQ-&jkX6x-nmEB0M"
"lei.luttgert@edu.tbz.ch"|"KbgtPL-U6kIvU-DWtvNK"
"styrbjoern.lathleiffure@edu.tbz.ch"|"JAgHgv-h0#EtY-YxyKIk"
"marlene.blasi@edu.tbz.ch"|"vEnbl3-mvMQm#-thZYYP"
"mai.begwell@edu.tbz.ch"|"FC2S8A-n@FzJf-Dzx8v#"
"gwenaelle.kaines@edu.tbz.ch"|"k0CdET-FS1ore-PFCD78"
"gerald.adamthwaite@edu.tbz.ch"|"4xXclA-fMIfBd-vVtJ#w"
"kui.hartfield@edu.tbz.ch"|"WDWAzF-YJOUKO-qEOWP7"
"salome.currao@edu.tbz.ch"|"SwxLrV-KWvWJH-udq$VG"
"angelique.tixier@edu.tbz.ch"|"lhgLdt-3jNXc9-2@jOIN"
"ju.mcgragh@edu.tbz.ch"|"013RMj-k2m0Bo-gHZXxD"
"dafnee.beachem@edu.tbz.ch"|"2c#XVw-qG5IgT-UpZ5n%"
"creez.terlinden@edu.tbz.ch"|"UbxjIa-m%#yKu-O61ySs"
"uo.mcskeagan@edu.tbz.ch"|"0wzodz-2hn8KJ-SCpl$v"
"edmee.mccaughren@edu.tbz.ch"|"3wdm0#-IwUXTX-y$oBAE"
"asloeg.cozby@edu.tbz.ch"|"3iV$za-Xxs5k@-KrJe1R"
"melodie.traite@edu.tbz.ch"|"$SbZwX-W5R&Cd-2u#&G3"
"dorothee.aindriu@edu.tbz.ch"|"XDqxXL-AtKi6#-gJ4GWi"
"daniele.doley@edu.tbz.ch"|"5npCSu-EpPCZA-Gsw$wr"
"mediamass.fairclough@edu.tbz.ch"|"d@owdt-o23D4e-VGSMeL"
"lorene.rainforth@edu.tbz.ch"|"F3L6ig-eY2wuo-dWyycp"
"leonore.eyer@edu.tbz.ch"|"gceXfT-9Qs1Tl-ZT&rrm"
"po.spillman@edu.tbz.ch"|"jc%vxJ-NpbXnu-T7qyoa"
"cecilia.plitz@edu.tbz.ch"|"7ld7gX-a&6LNj-@PYeU8"
"lorene.ludlow@edu.tbz.ch"|"h%AkQc-A3NQmj-62%jkW"
"berangere.neligan@edu.tbz.ch"|"6X@pLk-SxUW0h-&z$J1&"
"simplifies.huggan@edu.tbz.ch"|"nu&f#a-Kk%T6G-rFq1fx"
"clelia.prandy@edu.tbz.ch"|"AQYsTI-WIm&jJ-JezywZ"
"ake.osban@edu.tbz.ch"|"Vs3B6N-Xwvx5M-xq7CdP"
"cunegonde.brunn@edu.tbz.ch"|"2bCLlE-INl0ml-#Fmuim"
"long.grizard@edu.tbz.ch"|"YvjyI#-y782$C-lyYYO%"
"meghane.diss@edu.tbz.ch"|"KLBcua-OgTC#R-gxVamG"
"therese.oldman@edu.tbz.ch"|"$ot1Nt-GyY&zh-@CaM27"
"boerje.scamerdine@edu.tbz.ch"|"0Xk$jm-rpbXHD-hejNvI"
"du.saban@edu.tbz.ch"|"uVrlY2-$oBcec-fF%pxS"
"hakan.clynmans@edu.tbz.ch"|"18qgK$-lYiR&m-ff@Em9"
"wa.macdowal@edu.tbz.ch"|"$4l$7T-uwT29j-kWQonQ"
"venus.hatrey@edu.tbz.ch"|"wzKuvz-C5bspD-ZYliV4"
"anaelle.vispo@edu.tbz.ch"|"OMDXV1-#z3pWT-imZ4XO"
"mahelie.ollcott@edu.tbz.ch"|"DlXWFU-V4#Z#0-Pr0Gw1"
"mediamass.whyman@edu.tbz.ch"|"Gonqn#-f3$9&b-2AKh8d"
"esbjoern.basson@edu.tbz.ch"|"8%OHzs-N&M%fq-uMbYyG"
"andrea.morrill@edu.tbz.ch"|"$SoD0%-JnTpFV-N90qgS"
"melys.grassi@edu.tbz.ch"|"IhfPcd-Rxl2v5-ovZsCp"
"leone.poleye@edu.tbz.ch"|"NL#sIO-BySkIc-#i5&kL"
"francoise.penny@edu.tbz.ch"|"zMCDtb-YxWxrR-ku3T9l"
"rebecca.edney@edu.tbz.ch"|"WzYz9L-Wh&g8j-b2Z#7x"
"adelaide.murtagh@edu.tbz.ch"|"2yg13g-EEVHwH-qjYzs@"
"stevina.winterbourne@edu.tbz.ch"|"GR&RSL-Yp1Oes-AyNWc1"
"ma.cottom@edu.tbz.ch"|"elNRsi-wm%E#w-5m4Qup"
"tan.harold@edu.tbz.ch"|"b9%J1J-$#ue79-5hPOFN"
"venus.forte@edu.tbz.ch"|"DeA#50-5tcsKf-xF6V4p"
"almerinda.oluney@edu.tbz.ch"|"Oc5AH4-Y&iC5r-vyG%0t"
"cleopatre.brehault@edu.tbz.ch"|"go3xz1-3RIoIP-j8ItSV"
"interessant.lapides@edu.tbz.ch"|"28VGXs-xJ&rxQ-4N6nAk"
"reserves.hallatt@edu.tbz.ch"|"sHU6ni-7row06-%lU%xg"
"annotes.birdwhistle@edu.tbz.ch"|"jq6mNZ-e97##4-m&nTob"
"ai.dredge@edu.tbz.ch"|"w2&O&2-NpgcYR-t0wJx#"
"megane.mussard@edu.tbz.ch"|"C@pQ6Z-9yg@hI-m4lt$4"
"esbjoern.gowrich@edu.tbz.ch"|"YzkMxv-vEgPGe-9BX6ko"
"boerje.brislawn@edu.tbz.ch"|"Y6rHp6-bbgrF$-ibTUhH"
"becassine.wilce@edu.tbz.ch"|"tIaEbQ-CLHtx3-N4dUhq"
"personnalisee.oels@edu.tbz.ch"|"ZyxXTq-KLOFkA-4RORJ5"
"verane.pett@edu.tbz.ch"|"B#4O3i-1FtAjp-Af#B%9"
"marylene.glewe@edu.tbz.ch"|"#nRo51-&lr2xG-FqbmEd"
"lai.elson@edu.tbz.ch"|"ppKh@7-#ipICR-ZhMYM$"
"serena.difranceschi@edu.tbz.ch"|"YX%@nn-3Duqz2-IJQZUq"
"lie.espinel@edu.tbz.ch"|"&VYnc@-OVJJt7-KfbXGd"
"marylene.fantini@edu.tbz.ch"|"%Sby7g-7yQJZD-LdZAV0"
"andre.archdeckne@edu.tbz.ch"|"alh#cm-u@sfj&-LlvgL9"
"goeran.bohlingolsen@edu.tbz.ch"|"KgxXe1-n@k$n%-o#nR47"
"cunegonde.heffer@edu.tbz.ch"|"3l6QGl-Z$gCFa-zEISM#"
"tan.fechnie@edu.tbz.ch"|"8MmzRY-5$0Xub-1dTtof"
"marie-noel.brammar@edu.tbz.ch"|"gkIqPV-kXuOaY-Ceyc18"
"simplifies.aven@edu.tbz.ch"|"JUAIVC-aWWMvs-6tPsxP"
"melys.pinchen@edu.tbz.ch"|"%wXB@%-&T#zSM-5tvh5w"
"edmee.joyner@edu.tbz.ch"|"KhyenI-2b5XpY-6otds&"
"berengere.edess@edu.tbz.ch"|"XG#7df-Hfcm9H-qLoTcY"
"marie-noel.goward@edu.tbz.ch"|"8KyrCz-fZ#aXY-2nSAEm"
"ju.edmons@edu.tbz.ch"|"#E@SlS-cqt@NW-suW7N6"
"frederique.airds@edu.tbz.ch"|"QARY#3-UzD$gY-b#QKlP"
"reserves.dauby@edu.tbz.ch"|"mM3@K$-DvKb%R-ijs6is"
"hakan.gynni@edu.tbz.ch"|"QU6dLg-Z$KasJ-KLpc8v"
"leonore.pinwill@edu.tbz.ch"|"7mt%t8-CDW0G8-re8rgV"
"marie-eve.mcallan@edu.tbz.ch"|"WK5O$$-#U3DQ5-OhiZSX"
"naelle.yeabsley@edu.tbz.ch"|"s4iRt&-ki6Ned-wOvDPt"
"nelie.jacobovitz@edu.tbz.ch"|"Tw8aLm-$HWOQ&-zq2@AF"
"adele.conelly@edu.tbz.ch"|"1tT1kD-her@is-mK%59K"
"clementine.dondon@edu.tbz.ch"|"Tsqz&I-F3e7z%-4HF%U%"
"zhi.willcot@edu.tbz.ch"|"YK$bl7-KEU1GW-&7Bhxy"
"chloe.janicki@edu.tbz.ch"|"C1Z9MC-nIdUph-HjvXxG"
"meng.linde@edu.tbz.ch"|"39Ym&L-c@wsoh-3HdzTq"
"celine.janisson@edu.tbz.ch"|"BxmaAZ-b9sabq-NsH@H7"
"clelia.crow@edu.tbz.ch"|"gPh1gJ-i8djxt-ifSBh0"
"cecile.pyott@edu.tbz.ch"|"bMY1jF-A0s3IW-d&S0zP"
"ma.fidelus@edu.tbz.ch"|"we0w4f-JdK20i-zilSse"
"marie-helene.poore@edu.tbz.ch"|"ThX&3Y-7E6WvT-D7vXqS"
"elies.blanket@edu.tbz.ch"|"BkOv$w-k1SB2X-wlxc$q"
"yu.boyer@edu.tbz.ch"|"ZyVzQW-V%Pa05-Oup$9M"
"celia.welds@edu.tbz.ch"|"u5e&I0-HB6p4L-$0EcMJ"
"du.gunney@edu.tbz.ch"|"XKZ5VW-0vGPN8-ibW$wn"
"goerel.crush@edu.tbz.ch"|"ZUkiRm-BUlAZE-6j9lBq"
"marie-josee.brosius@edu.tbz.ch"|"US5rzm-7NOrdf-6VmcUa"
"camelia.adds@edu.tbz.ch"|"dCK@kF-X6@HWm-ZAcI4g"
"anae.irwin@edu.tbz.ch"|"MTihbs-hxANni-ycrn#r"
"cleopatre.skeffington@edu.tbz.ch"|"Sc4wdl-9Y6lTs-paXwy%"
"gerald.suggate@edu.tbz.ch"|"laQl#h-kllRjW-fOwyuG"
"laurene.tailour@edu.tbz.ch"|"rP#hcg-LKskc5-d2EDtc"
"amelie.hoble@edu.tbz.ch"|"JuDGeR-WkuPDs-OXtlbd"
"venus.getch@edu.tbz.ch"|"jHlQML-nLbJWe-N2n8jR"
"renee.treby@edu.tbz.ch"|"DNO6#S-cMWE&&-qUYTDY"
"almerinda.stait@edu.tbz.ch"|"By%wlX-qqbdGV-B&LGCc"
"andree.reddecliffe@edu.tbz.ch"|"stE9TK-Q1uQV1-1fdY7@"
"leone.wintle@edu.tbz.ch"|"6yRerx-%wV%kd-$ZX%az"
"gerald.fellow@edu.tbz.ch"|"YBaT79-lXnKqf-xq$awD"
"ju.gudger@edu.tbz.ch"|"snoO9%-hA%zf0-@Tcqgu"
"meng.ohaire@edu.tbz.ch"|"YXcx&W-ursedr-TPw%pq"
"cleopatre.missington@edu.tbz.ch"|"7dOGKF-%jR6$v-7G0ElR"
"annotes.debruyn@edu.tbz.ch"|"XZIsfn-LDHQCy-vk#K&I"
"gerald.sinisbury@edu.tbz.ch"|"poFEbM-7LWqj4-Vs&4oG"
"creez.slora@edu.tbz.ch"|"7kR&uS-nCZXky-FnKf0w"
"gisele.benbow@edu.tbz.ch"|"pEUu68-&cEcEh-9FgBa8"
"pal.dossit@edu.tbz.ch"|"umzirp-MUMins-aqrQed"
"nelie.stirrip@edu.tbz.ch"|"MmqB#n-%270KN-bSC3OC"
"alois.ocrigane@edu.tbz.ch"|"An9FsA-UKdd%4-@zzPYu"
"kui.mcterry@edu.tbz.ch"|"PjWUG$-TxKbp4-h2iL5@"
"long.willgoss@edu.tbz.ch"|"Q8uzzL-HWrTcc-5VHJ2J"
"francoise.sumpner@edu.tbz.ch"|"WDepBd-68&&bS-MpFtzn"
"maely.grinstead@edu.tbz.ch"|"pnN3l2-rcc2xK-$9vThC"
"creez.langeren@edu.tbz.ch"|"TpQNWy-6t$&$x-3gE7bp"
"adele.dungate@edu.tbz.ch"|"Rsc#YL-%iV5op-8#Igra"
"cleopatre.noirel@edu.tbz.ch"|"#bQXTQ-bTrawm-FIu64Z"
"interessant.daverin@edu.tbz.ch"|"NdwKZM-rJG@hM-nrM7Wn"
"naeva.kalderon@edu.tbz.ch"|"SaWoa3-m4BCae-lolBok"
"anais.oshesnan@edu.tbz.ch"|"R3FoWy-TieZIW-SD%Ro7"
"judicael.anelay@edu.tbz.ch"|"JCBlbG-3yQ1l8-3GtpFa"
"eloise.braxton@edu.tbz.ch"|"ExFH&M-5GnD6h-Cgk$cl"
"desiree.greguol@edu.tbz.ch"|"iU0Hrv-ggIGWC-WvkG3J"
"maite.mcclenaghan@edu.tbz.ch"|"3ovR0$-yBFWcy-w6vXAK"
"meng.doret@edu.tbz.ch"|"dQ%Xgy-yU5Opb-TFnPsQ"
"frederique.chippendale@edu.tbz.ch"|"wYehsN-Z694JA-17sm96"
"andreanne.lanney@edu.tbz.ch"|"byYIW&-8g5bBA-yyPWUl"
"aurelie.claus@edu.tbz.ch"|"UFU#NS-umo5O&-sZsms4"
"renee.pabel@edu.tbz.ch"|"6IusLr-1GPVpN-35%Zze"
"maena.roust@edu.tbz.ch"|"0iDFlB-VnDbQr-ODM6Uh"
"nadege.carwithim@edu.tbz.ch"|"5A0dGa-YdKE&%-vHVzLU"
"solene.geyton@edu.tbz.ch"|"YPGWWP-swwt7Q-fUUakt"
"dafnee.avraham@edu.tbz.ch"|"sw&#LS-r5#EhV-95dfrQ"
"leane.woolvin@edu.tbz.ch"|"ehFabI-ou9bmf-pc23bg"
"adele.macadie@edu.tbz.ch"|"xyxH3l-skfPoy-x7rzYL"
"meline.rubica@edu.tbz.ch"|"LMUJsT-&4#tvZ-RLiOGs"
"marie-noel.speeding@edu.tbz.ch"|"Kq&EwI-D6NZPW-fKp6C#"
"nelie.mix@edu.tbz.ch"|"@jzopr-qJpRka-DVGisR"
"clea.ollett@edu.tbz.ch"|"nHSRk3-5a8w6y-uH9hK0"
"leandre.mcgavin@edu.tbz.ch"|"FDIf6N-NXoGTq-tu8Q1W"
"cecile.behne@edu.tbz.ch"|"Xp1$RU-Nw3fWM-O#jSc#"
"melanie.polle@edu.tbz.ch"|"KALLkw-q80sq0-#%uhIg"
"marie-josee.titmuss@edu.tbz.ch"|"@qTX1N-lM9wuF-30GGh0"
"helena.guest@edu.tbz.ch"|"yjUB%x-MeYhDl-zviiF6"
"annotes.chicchetto@edu.tbz.ch"|"H6hX3Q-QXQrfl-vS9kyj"
"melia.tubb@edu.tbz.ch"|"2sp66o-LItbgD-ZLf6tq"
"angelique.casetti@edu.tbz.ch"|"48c59E-kd2fu$-lapr9v"
"cunegonde.cleall@edu.tbz.ch"|"xDpAto-9CwgN1-#p0iNR"
"camelia.oaker@edu.tbz.ch"|"dZ9f#C-rfK3By-FG#iBe"
"you.searight@edu.tbz.ch"|"41ldrX-Hk@Ua3-DSKq0#"
"kevina.dederick@edu.tbz.ch"|"MWgpng-7KScOM-@bkkz4"
"milena.jeffrey@edu.tbz.ch"|"rQAq6&-IM@sc5-1XwxZ2"
"melodie.barkshire@edu.tbz.ch"|"1DFuy0-qh07nF-a4S2xH"
"gaelle.kreutzer@edu.tbz.ch"|"eQEBMz-fEG6EA-m#H4kH"
"kalliste.kleinpeltz@edu.tbz.ch"|"5JACij-Jo#pw5-r#UM#9"
"clementine.danat@edu.tbz.ch"|"cUJjt%-zv#L3s-aLt&Dh"
"andrea.wabb@edu.tbz.ch"|"jFA1@W-g$bZh4-JHCx@N"
"geraldine.piesold@edu.tbz.ch"|"bN#7TD-scSHyF-br9t1$"
"tan.fiveash@edu.tbz.ch"|"1t3LZC-9@NJki-QhCQ1s"
"meline.yuranovev@edu.tbz.ch"|"Uu$PbL-K2$wP#-QVV&E@"
"therese.holme@edu.tbz.ch"|"oLxidU-0&oa@P-kg8dVH"
"salome.vaney@edu.tbz.ch"|"iU57cL-1CJg6K-5WfO@a"
"anae.abramson@edu.tbz.ch"|"1gIPIx-JN3RYR-hM7ahI"
"kalliste.jimson@edu.tbz.ch"|"nZZozN-BSvGZ5-GYGX0N"
"selene.yole@edu.tbz.ch"|"fnrk0k-RSIIde-voAeNC"
"agnes.defraine@edu.tbz.ch"|"KvPXJ1-sYd@4j-gIFXgx"
"faites.mccluin@edu.tbz.ch"|"QWLmFr-O6kYc0-0mp5u6"
"athena.deme@edu.tbz.ch"|"iFObxW-qNS%j6-2h6cK8"
"daphnee.brigstock@edu.tbz.ch"|"dyBtXb-RVJTLU-sBXw$y"
"goesta.skaif@edu.tbz.ch"|"QUWW6L-5s6klX-S8p@Xq"
"oceane.jagoe@edu.tbz.ch"|"8BuK75-YzL7Iz-DW0$SN"
"annotes.broomhall@edu.tbz.ch"|"@HZ#xi-RS#3ho-VXAPBc"
"marie-eve.ballendine@edu.tbz.ch"|"yfL1JD-MH&jT$-i@&Yub"
"melina.spykings@edu.tbz.ch"|"AJJYCT-#aaObU-TAas&c"
"laurene.ticehurst@edu.tbz.ch"|"%qlzHS-MgSvCq-zF3xTE"
"fei.avramovic@edu.tbz.ch"|"&wm5co-CxVyAh-BPDO97"
"publicite.strathearn@edu.tbz.ch"|"&eaZAt-M%VKJp-1Ca#QA"
"torbjoern.garrow@edu.tbz.ch"|"lW5cIY-nWM3&H-VAhh3g"
"chloe.rubinsztein@edu.tbz.ch"|"#rL#Vv-RhX#UJ-$3%NPm"
"mylene.demanche@edu.tbz.ch"|"buKIEr-zFHRQ0-WBJ@vV"
"mediamass.godlonton@edu.tbz.ch"|"U3&w##-vcihS&-N1&I$A"
"renee.shurrocks@edu.tbz.ch"|"6Gsysg-qKrJ9$-QR5Uua"
"maiwenn.jedras@edu.tbz.ch"|"jq6tnU-7qdCBZ-6nyj&1"
"genevieve.castells@edu.tbz.ch"|"vcuhQ2-6SntNr-p5Sum7"
"renee.sneden@edu.tbz.ch"|"2KavrB-85#7UP-xyvb$K"
"lai.mccallion@edu.tbz.ch"|"rfMmoo-WQty5t-wO43yS"
"kevina.impleton@edu.tbz.ch"|"RE75rf-mQFCOF-94oOxF"
"oesten.fresson@edu.tbz.ch"|"6iZkdo-Up@0cd-yjAOI5"
"verane.shawley@edu.tbz.ch"|"Aq7k3m-MR&bBN-Fw$Maw"
"uo.sjostrom@edu.tbz.ch"|"B$GN0W-FxH8Us-amfFGf"
"gisele.gothup@edu.tbz.ch"|"l062q$-#pw%mQ-2FLgQs"
"renee.beauman@edu.tbz.ch"|"O0wTd8-G8X8GU-DIFS5t"
"elies.loton@edu.tbz.ch"|"0Aq#be-7hG6yN-RfT#5L"
"valerie.elsmore@edu.tbz.ch"|"ZwBYuA-j6uoOU-xF9j9o"
"berangere.delafeld@edu.tbz.ch"|"#0wdjR-o4QSOv-@Du$BU"
"bjoern.schimke@edu.tbz.ch"|"bvSQ%v-vjPWmx-7YFHto"
"loic.ericssen@edu.tbz.ch"|"uUQppC-7n#8Gs-Pt#Xyw"
"creez.richarz@edu.tbz.ch"|"gvEq#G-Ch0wKV-n1EZ@6"
"athena.grocott@edu.tbz.ch"|"KUByI8-9t61RS-KjBMTK"
"naelle.piotr@edu.tbz.ch"|"151rAK-XY3hlh-g7ys3f"
"maella.paulson@edu.tbz.ch"|"4eY8@M-XRbeWN-lLck&H"
"song.perot@edu.tbz.ch"|"KFUAL3-hTQEJl-%&x4z$"
"kalliste.heckney@edu.tbz.ch"|"Kz3PQG-RXIxdC-S4KZvx"
"ake.vasyutkin@edu.tbz.ch"|"9HN8VR-rdBkF@-xDQ9rJ"
"ma.castles@edu.tbz.ch"|"4yuz2j-GCm$8V-XJz32Q"
"maely.monget@edu.tbz.ch"|"I@R$nl-N6hwlw-yapvJl"
"tang.durbridge@edu.tbz.ch"|"Wr4nNA-iczir9-ThwoD5"
"laurene.andrew@edu.tbz.ch"|"9vQ5wK-QktbwK-Vr#@lO"
"lysea.beacon@edu.tbz.ch"|"@30N%T-#IuRQU-PVIsHN"
"leandre.peyntue@edu.tbz.ch"|"SVK4Zi-e#a&Vc-WuyKa7"
"rao.trever@edu.tbz.ch"|"6RPDfP-sUY7nl-lR@AnQ"
"mahelie.streader@edu.tbz.ch"|"QE7#FV-4X$af@-rt3QPQ"
"maerta.andrejevic@edu.tbz.ch"|"spO03Y-Kp4WCN-$XqRJO"
"goesta.tompkins@edu.tbz.ch"|"vFR1Sd-4fJJiT-2&23Qu"
"helena.agates@edu.tbz.ch"|"Pi0ED4-o7F5ah-hEpllY"
"therese.glass@edu.tbz.ch"|"&rANws-SZ$S&H-Qqga@K"
"alois.foan@edu.tbz.ch"|"3l2dml-eIWJhG-XTCj93"
"becassine.melchior@edu.tbz.ch"|"F#A5#J-h6dp1Y-%zOSwv"
"cloe.robart@edu.tbz.ch"|"NBED2l-rywnly-kDFDBN"
"daniele.puckinghorne@edu.tbz.ch"|"FaR2eI-a$gq3K-zc#sJe"
"selene.cammidge@edu.tbz.ch"|"n13MKu-TC9pJX-g$pVPe"
"regine.conochie@edu.tbz.ch"|"ZmK%&X-eoDY%O-L83H4N"
"interessant.tuiller@edu.tbz.ch"|"MTgzWi-E5EJc#-MUZw#8"
"long.tiebe@edu.tbz.ch"|"DVZfGv-5gcH3@-BEWPDn"
"mans.yele@edu.tbz.ch"|"&nOsau-#CPgrD-%Z6vQh"
"ai.giles@edu.tbz.ch"|"2D@Ukz-Xw&a2#-7$42Vf"
"gaetane.hamberston@edu.tbz.ch"|"wOY6gz-c&ZRCw-7fhDuz"
"marylene.fenix@edu.tbz.ch"|"EqO6pX-7BFDbF-#$p5Ny"
"geraldine.graeme@edu.tbz.ch"|"hwA0jy-Z04n%I-ZH2ng1"
"tang.kinglake@edu.tbz.ch"|"pRglyS-zxh@QF-F7TlsC"
"lai.challoner@edu.tbz.ch"|"nCBNSU-sDGmQi-gsIVBM"
"desiree.mattei@edu.tbz.ch"|"e9KSmE-uZjcx%-khT9Kf"
"ake.erley@edu.tbz.ch"|"Md7ouj-dJs7Eo-NMihB6"
"edmee.cavil@edu.tbz.ch"|"RJ0oOq-ofBzuk-JMTb5N"
"alois.moyes@edu.tbz.ch"|"yA4M8d-CUE1w1-otGZzs"
"becassine.pitman@edu.tbz.ch"|"rLVGWA-%F@hRC-eTJT4j"
"ai.giacovelli@edu.tbz.ch"|"ldjjjH-2yyB9G-B3XR%g"
"judicael.fruchter@edu.tbz.ch"|"0Q4yQq-xihd7Z-@aS#PF"
"mans.mogg@edu.tbz.ch"|"vudmiR-5IM3nH-eD6BFv"
"gerald.foyle@edu.tbz.ch"|"CUkVcW-39Vbia-uae3YF"
"wa.androletti@edu.tbz.ch"|"i@eV8M-$ziw2k-ECiXN3"
"meng.ollett@edu.tbz.ch"|"fW$8dT-fyyK44-4QOqQA"
"naelle.macmenamy@edu.tbz.ch"|"FOSPnf-NBn3Ig-sQCkVT"
"gisele.mcramsey@edu.tbz.ch"|"ZQc#d9-d&xfrJ-kHZ07E"
"meryl.scolts@edu.tbz.ch"|"6zxkYA-2iPNau-&D@CfU"
"celia.bloxsome@edu.tbz.ch"|"PyYpTU-jd%Bq3-uvIP3T"
"styrbjoern.stuke@edu.tbz.ch"|"mVEL$A-lFMJ@0-@a1@hr"
"felicie.gwilliam@edu.tbz.ch"|"3dDZXQ-dxGWJ2-y5#n5f"
"da.harms@edu.tbz.ch"|"NsN9WJ-vopQ5e-ppO3BP"
"celestine.baulk@edu.tbz.ch"|"s@vVJc-RXWQan-6BuBRN"
"mahelie.blackledge@edu.tbz.ch"|"BGAfOi-mB5Rxb-kzzEKi"
"meghane.salt@edu.tbz.ch"|"b%6YtV-X0DfZI-pTkv##"
"methode.paxeford@edu.tbz.ch"|"J3YBia-EFyecb-Q453h0"
"asloeg.milligan@edu.tbz.ch"|"OVeaTJ-%2lyzs-O03cy7"
"you.pellman@edu.tbz.ch"|"LTiEAZ-DGWD8i-2A5leO"
"loic.regenhardt@edu.tbz.ch"|"jE@BKz-U6xPdF-S23kat"
"daniele.savill@edu.tbz.ch"|"2Z%Tl9-IfSqPP-ji%8qW"
"alois.cornu@edu.tbz.ch"|"v$eE$J-9FplZF-sP2cv$"
"oesten.govey@edu.tbz.ch"|"Fuiym3-JUri0Z-$6@CUq"
"marie-eve.louch@edu.tbz.ch"|"u6rUvm-12hNwo-9vHB$a"
"theresa.wenn@edu.tbz.ch"|"A1WYxX-CW8cC8-t6ZeQJ"
"andree.eul@edu.tbz.ch"|"PwNvfi-YvwQli-tA&SlO"
"lie.paynton@edu.tbz.ch"|"G$5gqq-NbQ7kO-cw%3o9"
"marie-eve.girodier@edu.tbz.ch"|"Xeob4x-$Qg50@-e6yDP3"
"marie-noel.smithe@edu.tbz.ch"|"@3Hwrv-3I5RZz-y@XFs0"
"men.bootyman@edu.tbz.ch"|"&JKrXc-gVsEwH-&vKFng"
"ku.sugg@edu.tbz.ch"|"eTrKrt-ET8mTX-fNbuSl"
"lucrece.roseman@edu.tbz.ch"|"v2Nz3A-lwu%#N-Y3EsnC"
"zoe.annear@edu.tbz.ch"|"sOshW6-dAnlMt-b6xG8#"
"marie-helene.rennebach@edu.tbz.ch"|"5TAWI0-uyQiYO-vOqnZo"
"lea.djurdjevic@edu.tbz.ch"|"3&qXxB-emEyO6-wCe02I"
"goerel.robert@edu.tbz.ch"|"UM$XcB-TDe5IC-Eetd&O"
"mylene.foldes@edu.tbz.ch"|"6Y9AHH-KujeXu-WKJlS%"
"faites.clegg@edu.tbz.ch"|"7L1teR-t5I@ns-zsToSO"
"marylene.crowcher@edu.tbz.ch"|"j5l$wt-3F6W0p-n3Ec0k"
"aimee.wimpeney@edu.tbz.ch"|"nh@VP4-QKf1f@-r5tkL4"
"renee.atkins@edu.tbz.ch"|"#XcZk$-4DR33b-Axg2Xq"
"rejane.cainey@edu.tbz.ch"|"Bq983e-EQqf4x-pLMUL&"
"solene.britney@edu.tbz.ch"|"kuAqZT-7eTD9D-RijwZZ"
"marten.shatliffe@edu.tbz.ch"|"VVmII2-kiqJaO-WxQL0A"
"maite.issatt@edu.tbz.ch"|"Rgt1Rp-$MVXmJ-sSZhyj"
"maelyss.edon@edu.tbz.ch"|"GOizJs-KaA@Gy-he53Pp"
"nuo.bamling@edu.tbz.ch"|"b8AmSk-nL%M&%-Pb1HcH"
"anais.edards@edu.tbz.ch"|"kKc6ye-skhWlO-HO9SWm"
"mediamass.bromet@edu.tbz.ch"|"v4RE1q-Sj1Nk4-35xf3c"
"beatrice.kimbrey@edu.tbz.ch"|"zUO0QV-b&xUna-wzhrEA"
"ines.lawranson@edu.tbz.ch"|"2yp2eN-Y$ln2m-pGFIeC"
"kalliste.scandroot@edu.tbz.ch"|"EMg3sJ-OjMW9t-&5g0ha"
"mans.barrowcliffe@edu.tbz.ch"|"LqnGuG-dEddnZ-0etxpq"
"irene.couves@edu.tbz.ch"|"D@OYDC-eeyP3F-FK2d$Q"
"milena.mucci@edu.tbz.ch"|"AVUFM$-mJiDzd-HjNNMT"
"naeva.cow@edu.tbz.ch"|"p6asAv-mjY##H-X3I7CZ"
"audreanne.mournian@edu.tbz.ch"|"PhaN2k-Ym85Nd-rf5&Ee"
"melia.sinnatt@edu.tbz.ch"|"WOc$%F-#R6RI1-adWGjY"
"nelie.burnard@edu.tbz.ch"|"CXfb00-knKA%Z-RmrlMs"
"clelia.ashfull@edu.tbz.ch"|"KgBHeh-L87x40-H3l9zu"
"lie.macard@edu.tbz.ch"|"Eg4u$r-R%RQOq-9xX66A"
"valerie.matoshin@edu.tbz.ch"|"%PkWyb-E9yBSq-J6#qJ4"
"anael.hatherleigh@edu.tbz.ch"|"Nc$QkF-&LkeRB-Usm7f$"
"interessant.warratt@edu.tbz.ch"|"r6wVxk-k5&&IO-pfzV0y"
"eleonore.volage@edu.tbz.ch"|"K0qKDH-@Cbe6L-Aa6gJP"
"zoe.stebbing@edu.tbz.ch"|"0PosJg-vZSscF-wC4Zu9"
"alizee.nye@edu.tbz.ch"|"upE%GU-Z87gdd-TEoOqx"
"celestine.bramley@edu.tbz.ch"|"KtQmF9-vFjDuM-W2vIel"
"selene.philcott@edu.tbz.ch"|"TOXvqc-irO0g9-LU4$YV"
"tang.newens@edu.tbz.ch"|"KeL4iI-X3J5h@-fFwdqV"
"annotes.powys@edu.tbz.ch"|"STpYTL-F8S9E9-He3vqh"
"lea.matthesius@edu.tbz.ch"|"ni%DGB-8lTa$K-tl@LlO"
"illustree.garlett@edu.tbz.ch"|"yExQ07-rI0BL8-jYPRwo"
"maiwenn.meachem@edu.tbz.ch"|"LnaZSN-BTOwBX-QLBGIk"
"marie-francoise.mcbrady@edu.tbz.ch"|"alUVa%-$fOXU1-tqGvca"
"illustree.gimbart@edu.tbz.ch"|"lCvppL-O$ajl9-L%Q$uc"
"melys.lyosik@edu.tbz.ch"|"TiZlV3-I7a$n&-qC@Mim"
"marylene.mcnab@edu.tbz.ch"|"NiLeJG-dkr2yJ-MZ85M4"
"gerald.blount@edu.tbz.ch"|"qVzrMo-cd3Ls9-7oCYQF"
"clelia.shakelade@edu.tbz.ch"|"xi@Y08-Tey82o-ri1IOH"
"penelope.cridlin@edu.tbz.ch"|"zt7sYA-vedeOB-gqI#CD"
"maena.okuddyhy@edu.tbz.ch"|"8Ndojd-3J2FIb-OsJkjd"
"athena.keynd@edu.tbz.ch"|"YyaJE4-eOz7EB-zcm4w7"
"cloe.dwine@edu.tbz.ch"|"Att@Ot-fXlLaK-7zuEQ6"
"josephine.browett@edu.tbz.ch"|"9CUdYS-54O$uW-L@3BHe"
"audreanne.oscanlon@edu.tbz.ch"|"e3l3lG-CHvno2-P3eNPP"
"fei.jeanequin@edu.tbz.ch"|"UXAgSK-L#yAa5-D6ZduV"
"lois.gormally@edu.tbz.ch"|"B%v$%x-BB4qP@-gTC0uK"
"marie-francoise.finnigan@edu.tbz.ch"|"rDM6Kl-tQpd9N-%6eiL9"
"leonore.trussman@edu.tbz.ch"|"an4rLz-2SrbGI-oeJlQX"
"anaelle.trumper@edu.tbz.ch"|"rYAvEm-@Yj9aW-Ftwthy"
"clemence.dionis@edu.tbz.ch"|"6m%kRo-F#Srze-vg#Wbo"
"lois.tranmer@edu.tbz.ch"|"qSbDWi-roW#3w-kb1txk"
"interessant.volett@edu.tbz.ch"|"mLbuq$-5&s1LD-ZknCDP"
"personnalisee.deackes@edu.tbz.ch"|"v@ThBf-mfNtSI-s#nTrA"
"lie.vasiliu@edu.tbz.ch"|"qjXXsv-WebGps-ZyG8o$"
"dafnee.lamputt@edu.tbz.ch"|"sPVMWK-s8wOEe-vp0xXS"
"elies.bromige@edu.tbz.ch"|"V8pWXq-n8Q6Hw-E%rtN#"
"helena.klosser@edu.tbz.ch"|"AjtNRx-BWDmP9-uwFcmt"
"andree.grim@edu.tbz.ch"|"Yft7s%-l#kOJv-oX8Egj"
"verane.coldbath@edu.tbz.ch"|"AzY2WT-lix4SY-L389lK"
"helena.bethell@edu.tbz.ch"|"&3XSDt-1OhvSz-ttBMIJ"
"kalliste.carefull@edu.tbz.ch"|"roO&c9-Z4qDCn-Y3YqkF"
"regine.odams@edu.tbz.ch"|"pcTAK@-5nS#Wu-PeSZ2i"
"len.stannus@edu.tbz.ch"|"&CNPN$-giyFBL-tXV3W7"
"angelique.works@edu.tbz.ch"|"AAVL&K-YU@rs0-F8fbc@"
"goesta.rheaume@edu.tbz.ch"|"x@Jz2F-FJl%QH-g8N@18"
"maelys.tynnan@edu.tbz.ch"|"XeJYDD-p3kjrD-mQyuo2"
"maelle.carlesi@edu.tbz.ch"|"WyPaIV-%zP9Wt-@LhGlq"
"anael.spurden@edu.tbz.ch"|"%z87PW-nM9zbT-3ZfxdU"
"helene.pumfrett@edu.tbz.ch"|"U%g$pW-%#TPL9-nSRXC&"
"goerel.pearn@edu.tbz.ch"|"D$Bd25-OwD$nh-i@LFmD"
"laurelie.dezamora@edu.tbz.ch"|"7nBcKf-rD@H3j-J3%tN&"
"yao.twidale@edu.tbz.ch"|"UsZaWj-82gX@h-o2wrcV"
"berengere.sola@edu.tbz.ch"|"7BzTW1-ax#dmN-yLwALA"
"maelann.hardistry@edu.tbz.ch"|"Z1g8dB-vOnSx3-%LiQrr"
"severine.littlefield@edu.tbz.ch"|"Rd1g3k-9$Bx1f-cqIuHj"
"salome.heinl@edu.tbz.ch"|"8GL6$E-yhbtcx-i&aOF8"
"meryl.warbey@edu.tbz.ch"|"qmvHOt-rNk4#C-V&aXeu"
"da.hunstone@edu.tbz.ch"|"Pg3FwJ-$#sQe5-tQKnWN"
"venus.broadbury@edu.tbz.ch"|"ilJLX3-4323Ix-nASBpP"
"meghane.rentelll@edu.tbz.ch"|"JcnSWY-eGpUu2-@XtfYd"
"marylene.drewitt@edu.tbz.ch"|"b2O$9U-QLv9y4-gA1VYM"
"melinda.jacquemet@edu.tbz.ch"|"t52AqH-RqwUKH-kuz0g$"
"marie-josee.keyden@edu.tbz.ch"|"dG6d8K-Wrn1MK-V4QHIB"
"asloeg.montacute@edu.tbz.ch"|"QyYmEi-5n0J8T-8O&UEg"
"ku.andreou@edu.tbz.ch"|"TgpsvD-KGzrsn-QxG$2W"
"personnalisee.feaveer@edu.tbz.ch"|"Ab#2lR-sCdSZv-zUDP8y"
"laila.emptage@edu.tbz.ch"|"RD6qto-rqcIL&-SMow6h"
"bjoern.dawdry@edu.tbz.ch"|"ARUfrJ-p24O7&-VXvDYH"
"marie-eve.dinsell@edu.tbz.ch"|"XK&rel-ed63FT-U9e87P"
"helene.follett@edu.tbz.ch"|"8$3Wji-IZwaLo-mZmM7t"
"penelope.cordero@edu.tbz.ch"|"i3uPKx-Mv0Tku-b#8SSt"
"boerje.beedell@edu.tbz.ch"|"AIE5Oi-F41kPD-x9Q9G@"
"nelie.ferne@edu.tbz.ch"|"Pf8VW3-DVNI@3-HNlRy9"
"celine.ahmed@edu.tbz.ch"|"svvYFt-yXp6dV-B3K@&X"
"stevina.pimblett@edu.tbz.ch"|"GAuIpX-bqMjFk-tpdoEy"
"chloe.langlands@edu.tbz.ch"|"n0dn$E-PZJZ75-Zx0FMI"
"simplifies.maude@edu.tbz.ch"|"Xn$mMK-URo@W2-@7bI%Z"
"genevieve.decarteret@edu.tbz.ch"|"0v$MyR-MLS0dw-suWemn"
"marylene.mughal@edu.tbz.ch"|"%IRnmc-pe7F&z-L4pf5f"
"goeran.guttridge@edu.tbz.ch"|"A12fYh-@3EhIx-BFIPU2"
"michele.smurfitt@edu.tbz.ch"|"NoP&B$-bmyjMa-sQZeQ6"
"methode.hadeke@edu.tbz.ch"|"ebusBr-h8kzMm-7tIJ70"
"therese.rispine@edu.tbz.ch"|"NPiinH-CpjKGU-#a&RDI"
"goerel.plumley@edu.tbz.ch"|"fm3X1N-wrBsA0-j18#V4"
"oceane.friett@edu.tbz.ch"|"r8CCLp-xgYxqB-K4ft@w"
"marie-noel.achromov@edu.tbz.ch"|"XZqPK1-J972Eb-05DRGE"
"dorothee.storek@edu.tbz.ch"|"xV2CMy-Jkdq6A-Z4Beof"
"goesta.whittle@edu.tbz.ch"|"txkBVw-GIX20G-1G5V7R"
"desiree.casely@edu.tbz.ch"|"tSyf&&-yGPtay-OLjIjX"
"felicie.condon@edu.tbz.ch"|"oqqMZ#-kDMk2e-gyArtR"
"maelyss.frisdick@edu.tbz.ch"|"ca0n1a-nwwZHq-#JmlwX"
"aimee.banke@edu.tbz.ch"|"9qQNcD-k3mcks-CXb1rW"
"naeva.hodcroft@edu.tbz.ch"|"SvE30Z-M%ThIB-0UU9cD"
"laila.gerrans@edu.tbz.ch"|"wXk9jW-U3iM59-nCQL1o"
"daniele.scrimshire@edu.tbz.ch"|"VdpjLZ-rKs71&-mNJ4S5"
"daphnee.sheerin@edu.tbz.ch"|"bS6EJS-OX&klb-wC7zsr"
"pal.vanyukov@edu.tbz.ch"|"4mjxDJ-LuOlE#-#D&COh"
"zoe.childs@edu.tbz.ch"|"G4yk%m-$w3ZNZ-KI&Hao"
"ai.corde@edu.tbz.ch"|"noEE&v-o$OTV2-Kw0Lf9"
"maelys.berryann@edu.tbz.ch"|"tW3L1N-v6FtKj-9NxjGg"
"cloe.gladding@edu.tbz.ch"|"BQAdYn-wf5woj-b4hv&m"
"wa.kinnaird@edu.tbz.ch"|"QVH12C-PvrAO#-FTIIeL"
"publicite.brittoner@edu.tbz.ch"|"x$XCz0-riN%Gt-DIoAxf"
"rao.windress@edu.tbz.ch"|"0ZDpvt-8jYsYz-hzM3ZD"
"uo.kollach@edu.tbz.ch"|"3cBy1Z-F$PQgz-F9GVtb"
"josee.peskett@edu.tbz.ch"|"hfp&dt-CRjl2O-Jlc##I"
"annotee.hasel@edu.tbz.ch"|"evYmjX-JUvCnb-Hk9agS"
"cinema.lee@edu.tbz.ch"|"1qdn0H-MghdDL-e4ljiZ"
"lai.vedeshkin@edu.tbz.ch"|"nZQ&O7-$4o@2B-ZpEa4G"
"renee.brisbane@edu.tbz.ch"|"JnpyUz-N$lfB1-Dcf6Bp"
"ophelie.blincoe@edu.tbz.ch"|"bY6XRr-wXApIj-drC20h"
"zhi.prazor@edu.tbz.ch"|"&abXML-vP6JPZ-i#yz3a"
"annotee.maddicks@edu.tbz.ch"|"mrA%Ln-YzfY7e-5@A1sS"
"maelyss.codd@edu.tbz.ch"|"$HCKvE-Ryv7o$-f#ImaS"
"celia.peplay@edu.tbz.ch"|"lRqcEv-rK$zyR-umMkBC"
"interessant.skone@edu.tbz.ch"|"FMDRgu-JAKm1G-OQy8%j"
"audreanne.hebdon@edu.tbz.ch"|"7pLsjd-mQ@Ilc-#QUFDK"
"oceane.glen@edu.tbz.ch"|"XfTKWy-FaKjkU-mHiefC"
"daniele.vanyushkin@edu.tbz.ch"|"nMGE#U-9QX7BN-qC1z@5"
"daphnee.ayce@edu.tbz.ch"|"$WFPVB-xX#V%E-Pc96f4"
"andrea.attride@edu.tbz.ch"|"C#BNZb-vsW61z-Qz0FLc"
"penelope.bridgwood@edu.tbz.ch"|"yXc5ey-Bh17&W-Yvomza"
"mailis.drewitt@edu.tbz.ch"|"75BX$c-3L9hmR-W5vGKH"
"penelope.mollene@edu.tbz.ch"|"Ox7OYc-oz7msZ-hJSRb&"
"illustree.keely@edu.tbz.ch"|"g@Dhui-4rnlzy-idnuOj"
"meng.brisseau@edu.tbz.ch"|"#kbHyx-mb@%KD-FZKMs4"
"ruo.cleiment@edu.tbz.ch"|"HJjwNy-O06l&&-tNCRmo"
"maite.krammer@edu.tbz.ch"|"xUutKM-q#3WYo-cIxqM2"
"genevieve.verry@edu.tbz.ch"|"JtmryC-lOuIZw-rcA5dG"
"lea.olochan@edu.tbz.ch"|"NgzwRc-nWXWdJ-FaUHzV"
"naelle.brunnen@edu.tbz.ch"|"oqo%7P-v#aDoH-fILz&T"
"goesta.bragginton@edu.tbz.ch"|"tR4hch-&l1tZy-%sDY4R"
"fei.danilyuk@edu.tbz.ch"|"z%8t6Y-U8qQ6o-pgkFBc"
"adelie.turbitt@edu.tbz.ch"|"1QcuWw-A6Z85N-2OMhEN"
"marylene.nutman@edu.tbz.ch"|"74XdGK-Ej0CRM-3d8cRV"
"therese.barbrick@edu.tbz.ch"|"J384DM-ZDY8y0-jQPBTD"
"melys.kolodziej@edu.tbz.ch"|"19g47B-UuqkNm-RPk8LW"
"melanie.runchman@edu.tbz.ch"|"TR9Y$m-T4D%fb-a0WhCG"
"serena.lafond@edu.tbz.ch"|"s59OuV-7hucbP-8tmJqa"
"pelagie.desmond@edu.tbz.ch"|"&pcWKw-33WUmW-7AOxTS"
"wa.spickett@edu.tbz.ch"|"MUQn3M-I$ZzR0-&kxWoc"
"po.shave@edu.tbz.ch"|"OSkLrB-Z$XDv4-5NIqP5"
"song.huikerby@edu.tbz.ch"|"Eeqtyd-PhY#hp-Pftasw"
"melinda.bimson@edu.tbz.ch"|"h6xihl-xkYicU-#mBs7k"
"personnalisee.toffanelli@edu.tbz.ch"|"BIH%Jy-lzG3IA-&QS%qC"
"leandre.hurn@edu.tbz.ch"|"sd$iIx-hZh@fZ-67@mNz"
"oesten.standell@edu.tbz.ch"|"cW9Nxk-cjeko3-z0r2@t"
"naelle.smaleman@edu.tbz.ch"|"n8dKjd-WGYdCI-9Ce&0x"
"berenice.tayt@edu.tbz.ch"|"Oz57dz-MzUcGY-bV17#c"
"kui.popplewell@edu.tbz.ch"|"YyZy5o-@$FSp%-otPBjv"
"melodie.ferandez@edu.tbz.ch"|"4tPN8W-DMjW5G-W8Pu4#"
"josee.negal@edu.tbz.ch"|"5BgGI1-p69MoU-Fd9Aq4"
"melissandre.ferrelli@edu.tbz.ch"|"n7kH8Q-X5bnYn-DYMn33"
"josephine.kemmer@edu.tbz.ch"|"kGI7Gu-Eu44L&-R%GWdA"
"maely.cayette@edu.tbz.ch"|"zZzb$2-En2#PB-fKAZxh"
"nelie.vela@edu.tbz.ch"|"Cu1InV-B8MAiZ-tw$wId"
"melina.cortes@edu.tbz.ch"|"wUntMl-8WaQdt-DfVmuF"
"megane.leyshon@edu.tbz.ch"|"fjsul%-H8YW4D-ukn#Vl"
"regine.harrie@edu.tbz.ch"|"uWdlb$-&BkXn1-9CV0Kg"
"mylene.widdison@edu.tbz.ch"|"r#atk$-l$65N7-slejWi"
"pelagie.vivash@edu.tbz.ch"|"35w4h%-dwp5jC-LgEpB$"
"styrbjoern.vicarey@edu.tbz.ch"|"asrK%F-aX8AcX-Roj4j4"
"long.kyles@edu.tbz.ch"|"sphy5x-mrIGkS-VyGpgX"
"stephanie.gipps@edu.tbz.ch"|"nYKSt7-BUeaq8-XC94NM"
"clea.constantine@edu.tbz.ch"|"apTvK@-9T%WkM-s9&&FU"
"maella.cometto@edu.tbz.ch"|"jVopAr-InEjZ#-H27JoM"
"laila.aubrun@edu.tbz.ch"|"mZ3h8X-BoTmL9-FFI7yN"
"yao.austins@edu.tbz.ch"|"MqQmZD-iPVWbz-8a#136"
"mailys.rylstone@edu.tbz.ch"|"6qyZ0C-ClvVKc-ZwoadS"
"adelie.curuclis@edu.tbz.ch"|"P#Za48-aDYcpI-X4TMbI"
"celine.longhurst@edu.tbz.ch"|"1JLYHK-#jtDGV-eP7VdK"
"gisele.hazell@edu.tbz.ch"|"kX5kkb-@W@JwG-@9ZRsj"
"celestine.ciccone@edu.tbz.ch"|"hGkYWL-$0VNMa-ai4KYH"
"maelyss.doole@edu.tbz.ch"|"#1vhXL-Q21Bei-0rMNuR"
"helene.grimsdike@edu.tbz.ch"|"tsUzbH-0PB9fd-bmgB%u"
"lie.macer@edu.tbz.ch"|"7ONzk4-vnh4&n-&3dKIb"
"maely.izard@edu.tbz.ch"|"DkwouO-CwehHv-Y5PvGy"
"erwei.breewood@edu.tbz.ch"|"bFByHC-cIZ2h#-IaGYQg"
"chloe.woolford@edu.tbz.ch"|"4Uh5Iy-IaGTtV-Mql7ST"
"cleopatre.turpin@edu.tbz.ch"|"d1mDY7-ZFgn9a-qi3MvJ"
"melodie.surgison@edu.tbz.ch"|"CA$hHd-J5qA6@-x62$zq"
"elies.leander@edu.tbz.ch"|"KaIviZ-WP@FtX-fbMv6k"
"mediamass.reignould@edu.tbz.ch"|"UkQKHN-nJl#vv-h@xPce"
"celestine.wasmuth@edu.tbz.ch"|"zSjR0G-X$y2bg-rh8Ej0"
"marten.jervis@edu.tbz.ch"|"u%aOjq-ab@M#z-m4LCAD"
"daphnee.bour@edu.tbz.ch"|"vkGzLm-Qko1pf-a1gCjh"
"regine.harlett@edu.tbz.ch"|"VJydaf-nTAr5K-gt#jP2"
"noemie.macaskie@edu.tbz.ch"|"@TS&Q%-3VQBZE-vcgz2J"
"loic.renfield@edu.tbz.ch"|"&edpqq-%e4nWm-bg1pg2"
"venus.kleinert@edu.tbz.ch"|"mu%IXD-sibPyy-&iNh2$"
"marten.burlay@edu.tbz.ch"|"bxwxyD-l&JHKn-uBH8Dy"
"berengere.radsdale@edu.tbz.ch"|"nPb12t-YLAp77-V3p%CT"
"genevieve.duckit@edu.tbz.ch"|"mbmCm4-DipG$E-u#r7kG"
"maely.ligerton@edu.tbz.ch"|"ozKrWO-jrk5a8-oZAhOX"
"maeline.ricciardelli@edu.tbz.ch"|"fmtsB8-Wt3VLA-7fPwSg"
"personnalisee.yggo@edu.tbz.ch"|"2Sn0cb-&#JEG0-GdyO3s"
"alizee.pettinger@edu.tbz.ch"|"&tGYbp-pnfL$J-%1mbgh"
"desiree.curnnokk@edu.tbz.ch"|"yNXdCM-cBaH$%-QfG63x"
"dorothee.minors@edu.tbz.ch"|"u22v0R-GebYwV-Cz2kqj"
"oceanne.kopmann@edu.tbz.ch"|"6AQPiR-C50nzl-S%rcJs"
"almerinda.brodbin@edu.tbz.ch"|"nq51dJ-i4mgpu-QseD1K"
"yenora.carsberg@edu.tbz.ch"|"pqfa$X-jKfCVm-hkIWlG"
"wa.beetles@edu.tbz.ch"|"v&AjrX-VGtDZq-1WLVA9"
"audreanne.abbot@edu.tbz.ch"|"NqLKLS-d%SmoS-UgiZOu"
"noemie.capper@edu.tbz.ch"|"r5Bm6v-9CBxPg-QZ9aZB"
"mans.abramamov@edu.tbz.ch"|"YSDDKw-Ln9khs-TvMwMg"
"audreanne.blakey@edu.tbz.ch"|"Wcj6QN-d@HQr@-n7X$Nl"
"leone.klimpke@edu.tbz.ch"|"nN0wdy-3Nc68m-qUt9ga"
"lie.croston@edu.tbz.ch"|"KPuDwL-86fA5M-0uJ#sb"
"anaelle.baistow@edu.tbz.ch"|"Fao0TM-UOCnvf-AqrJRQ"
"michele.garwood@edu.tbz.ch"|"QQFyMu-@lSE2K-z67Y4Q"
"interessant.albion@edu.tbz.ch"|"gQGS9r-a7OA%P-S26I8C"
"andre.brisco@edu.tbz.ch"|"NjnlLd-UpcNGl-88fDe$"
"tang.totterdill@edu.tbz.ch"|"Gyf5uF-fWR40j-lfbiZt"
"marie-josee.braundt@edu.tbz.ch"|"pu%#Z%-SelF15-wHcnFs"
"lois.galer@edu.tbz.ch"|"Hyc89H-X@07w3-JMdL20"
"faites.pellamonuten@edu.tbz.ch"|"xdvIOL-4K8W$z-ayyyBa"
"mai.barfford@edu.tbz.ch"|"Q8Dqxa-g88ErU-UZW4RC"
"laurene.macilory@edu.tbz.ch"|"FqRm3D-kaWVB4-QmyX@6"
"elea.peak@edu.tbz.ch"|"KgaWtE-IeyZk4-OiBzg#"
"rejane.doni@edu.tbz.ch"|"e6R7VI-1Cxp83-u7Gxxf"
"mahelie.ector@edu.tbz.ch"|"@$0Iph-oQWr%8-ov$Enb"
"rachele.allum@edu.tbz.ch"|"3zHFSl-LZx9vy-GdNN$6"
"laila.gerretsen@edu.tbz.ch"|"fXf7ZE-4F1f45-z6dul2"
"ines.bowman@edu.tbz.ch"|"wYOJm7-Ia&XsI-W0cWyh"
"publicite.barbary@edu.tbz.ch"|"#AuG8i-6yerex-cGqA#L"
"mailys.smooth@edu.tbz.ch"|"3QZ9QN-mphvYd-xJUWUC"
"mailis.huguenet@edu.tbz.ch"|"6VEop#-GA8LHF-Ac8r@j"
"lea.ewer@edu.tbz.ch"|"rOikvb-ppOuSJ-eBoMBy"
