"email"|"password"
"melodie.vandervlies@edu.tbz.ch"|"atrO%M-HQ3Puj-OPjKcb"
"angele.edgecumbe@edu.tbz.ch"|"TZ@JNX-BX&@DK-8BLW3V"
"zhi.andreasson@edu.tbz.ch"|"iE9r6I-3o2pES-mEdPN#"
"judicael.koppeck@edu.tbz.ch"|"Sx7F7s-RUNb$I-y&uuM5"
"berengere.capron@edu.tbz.ch"|"hkHzZ0-fTn@4Q-G@WaBy"
"leonie.brosini@edu.tbz.ch"|"qDEUfe-x#WHT@-q14TZR"
"venus.garfit@edu.tbz.ch"|"%ii@1D-qSclWn-lMUQbs"
"melina.janota@edu.tbz.ch"|"f2qQ5V-8avPgq-MKCFVW"
"laurene.bake@edu.tbz.ch"|"G8wOW6-q#lcQ4-$USM4G"
"regine.dorkins@edu.tbz.ch"|"u8GiQ#-i4yS@l-utu7y4"
"cecile.moffet@edu.tbz.ch"|"xLt7mh-o2WM2S-ZZnev0"
"maelann.labrone@edu.tbz.ch"|"0@X9Ly-cQGDo%-Xuf18p"
"melinda.newbold@edu.tbz.ch"|"qctaWt-E9eDnr-XHLXn0"
"mans.itzhak@edu.tbz.ch"|"tsCSrc-Ct8lrH-@4e#IO"
"melodie.pattlel@edu.tbz.ch"|"1HQyXg-bgJo76-9tyVWp"
"celine.bonett@edu.tbz.ch"|"xFcHyK-5Vhh5$-&dkUgy"
"adelie.mcgreal@edu.tbz.ch"|"VqbGIL-s4vQyd-z0ZIG&"
"helene.soldan@edu.tbz.ch"|"JHVo30-ccI2D5-fnd#HT"
"michele.cluer@edu.tbz.ch"|"c3e32u-hmJ7Gq-#yGVJ4"
"maeline.mueller@edu.tbz.ch"|"i5$Cuk-6Pdxb4-0M3rcj"
"maelann.benedito@edu.tbz.ch"|"Z317D#-7gdF6N-ebK98p"
"nuo.gransden@edu.tbz.ch"|"ohW8S3-nCZSRb-9Xouk&"
"berengere.stainton@edu.tbz.ch"|"u2mRDl-7xcPX4-%AaUVd"
"wa.sabater@edu.tbz.ch"|"1kk1&v-vUQWh7-U2a&8w"
"anais.cochran@edu.tbz.ch"|"gwN&N9-ooS7Wa-xHFt6m"
"gerald.bessant@edu.tbz.ch"|"Wg1nYq-gfs5Cn-0N4oar"
"ruo.coffin@edu.tbz.ch"|"HMIjK$-KSWxu8-4Qo0NL"
"melodie.mustill@edu.tbz.ch"|"GKwSL#-WBrya0-zwSaeN"
"ruo.stanesby@edu.tbz.ch"|"67%BOv-WDq2ZZ-Z1nI@j"
"noemie.antognelli@edu.tbz.ch"|"6gFjsv-sg#9Iu-z%%ehS"
"maelann.hughson@edu.tbz.ch"|"LlrUF%-Ga1&2o-4ijoEZ"
"milena.mieville@edu.tbz.ch"|"oi&#MB-@7ufSy-$VeESh"
"mailys.chamberlin@edu.tbz.ch"|"Qc4t3&-X7m6Nj-0N5gAG"
"nadege.tomalin@edu.tbz.ch"|"wR@tvL-2Nl8Hi-OxQ#Bc"
"oceane.omara@edu.tbz.ch"|"#IN3bY-52vCeW-U8x%rX"
"cecile.aguirrezabala@edu.tbz.ch"|"v2Qrz0-pKGP0@-gq&HNa"
"maella.gwillim@edu.tbz.ch"|"vr5kI@-A7vp#Y-jmh9Kw"
"lea.mcgahey@edu.tbz.ch"|"HCzzFf-guVrmQ-qzVyJy"
"laurene.hagerty@edu.tbz.ch"|"BsE0OF-gSJX3K-DzQZKG"
"dorothee.link@edu.tbz.ch"|"S7wUai-oAxodr-GUo4ia"
"clementine.kynsey@edu.tbz.ch"|"NGn#iP-WTvtuH-jDAkkn"
"lorene.smitherman@edu.tbz.ch"|"x7lqWQ-Q%Crcs-JPvbAW"
"cleopatre.klulicek@edu.tbz.ch"|"UY9&a6-lKhsfC-5i6wjz"
"laurene.castaneda@edu.tbz.ch"|"#%J%QM-OZgGkY-x$g1tZ"
"melia.constant@edu.tbz.ch"|"1qA4#z-tyCISo-B3RSci"
"lucrece.clunie@edu.tbz.ch"|"w2FER2-FbnXqC-9DRwRV"
"eleonore.mcmurthy@edu.tbz.ch"|"6&%mEN-3mgIwR-c1@MZh"
"melia.bevar@edu.tbz.ch"|"V5qPwl-eKBpDs-ugX1mz"
"camelia.bontine@edu.tbz.ch"|"KHD$8o-Lw7&89-c#$$hX"
"methode.jozefczak@edu.tbz.ch"|"Dp@#Dq-WWliiK-&3zDlp"
"audreanne.hinsche@edu.tbz.ch"|"7fq&4N-2CgASQ-YRf1&K"
"andree.varne@edu.tbz.ch"|"ClAYHl-bmdIiK-dOLgs1"
"marten.kinleyside@edu.tbz.ch"|"tmf@7k-M1GJ&7-1h1hot"
"esteve.mcewan@edu.tbz.ch"|"vbMcd5-$d&&1j-tGApr2"
"leane.dibbert@edu.tbz.ch"|"rwzrjJ-8kOki$-sjvvdu"
"ma.thewlis@edu.tbz.ch"|"a@JCE3-Ukh7o2-6wx2$O"
"clea.djurkovic@edu.tbz.ch"|"i@BHWQ-defx5q-Z0@b69"
"rachele.reburn@edu.tbz.ch"|"ebwKX4-O4@6fa-ZSN77M"
"gerald.gowling@edu.tbz.ch"|"4lIENP-Ty0#He-gsO3P8"
"cleopatre.jackson@edu.tbz.ch"|"osQtcC-B5GfBx-NIa9Jb"
"desiree.haskins@edu.tbz.ch"|"K2JkSY-mKmzUJ-3kS8G4"
"eleonore.longson@edu.tbz.ch"|"&miPM%-q3Hr8g-g2RlMZ"
"leane.dybell@edu.tbz.ch"|"Y0hCW&-@ZM9eO-H0WA%U"
"becassine.grzesiak@edu.tbz.ch"|"qC1F&H-AthACz-AhFviF"
"marie-josee.pickin@edu.tbz.ch"|"GGXcui-H#b#4Y-ioXE#7"
"marie-josee.roxby@edu.tbz.ch"|"iBKkhg-1cElOb-3g1K9G"
"leonie.feenan@edu.tbz.ch"|"O$avI5-0mKVrH-uZmcTY"
"valerie.ellum@edu.tbz.ch"|"YQDE2U-IL5#wq-&K6x@O"
"ju.caseri@edu.tbz.ch"|"05NOYg-yEukRU-h6xfep"
"boerje.strangman@edu.tbz.ch"|"yDQbDu-Lrfyyl-b4AWk#"
"beatrice.ghidelli@edu.tbz.ch"|"bb8@$Q-4iRkVm-L6C0g%"
"da.jablonski@edu.tbz.ch"|"kITU2u-FcTrl5-lri$#d"
"uo.beveridge@edu.tbz.ch"|"#AE7tw-2aqrRt-0L1C7z"
"valerie.bestman@edu.tbz.ch"|"dMY1BL-YZpp9$-hxBsqC"
"marlene.pohls@edu.tbz.ch"|"TrPf9k-n7qrIX-KMBCA3"
"ma.nolda@edu.tbz.ch"|"njN%tL-@mFjm@-hla&rE"
"marlene.bisiker@edu.tbz.ch"|"sJE55R-CKxM1P-G@pkru"
"estee.babon@edu.tbz.ch"|"z6ksFg-AT03mi-pwbpzp"
"simplifies.dmisek@edu.tbz.ch"|"NJsMdx-juvTPW-@UrE0w"
"selene.ganing@edu.tbz.ch"|"$VRFQ8-9Iog12-YmOLE#"
"meryl.penke@edu.tbz.ch"|"W$u5eD-itdHuc-2ikpic"
"anais.rawcliff@edu.tbz.ch"|"oIFSLc-cCSh@n-XqO14F"
"melina.andri@edu.tbz.ch"|"D6DDdp-gqksjP-4SUvWf"
"audreanne.fodden@edu.tbz.ch"|"urTxOC-Q7ilep-sWycNB"
"bjoern.spellesy@edu.tbz.ch"|"XJL#KO-t&3Fq%-hS3PZC"
"francoise.summerscales@edu.tbz.ch"|"uOqbqX-5p4aF1-9lFbTX"
"laurene.ashtonhurst@edu.tbz.ch"|"TMWsQb-&K&iiW-qdQLlg"
"valerie.petters@edu.tbz.ch"|"%jiTES-pb$y8m-hYcXud"
"anael.spenclay@edu.tbz.ch"|"3l&GwQ-TX@ch5-b&eVB$"
"stephanie.keech@edu.tbz.ch"|"7GJokW-RdNbnu-c49676"
"ines.deveril@edu.tbz.ch"|"OFqB#G-$0nU$P-8XyOQi"
"berenice.gelder@edu.tbz.ch"|"YnXKXl-g9ueHw-z3YPrf"
"melanie.ofogerty@edu.tbz.ch"|"BDUf$%-W8hxCx-Y9zXWi"
"frederique.canepe@edu.tbz.ch"|"FJp2BO-$i3IgB-Od0Cyr"
"nuo.otton@edu.tbz.ch"|"%UxMHI-AqdzCQ-mVQVtC"
"genevieve.trusler@edu.tbz.ch"|"v7l194-cW5awC-MLVqnm"
"ju.boag@edu.tbz.ch"|"K4$JAq-J#wxEE-xfXXwO"
"josephine.dilucia@edu.tbz.ch"|"yzrq1@-XU5eQn-mS4%dR"
"laurene.armsden@edu.tbz.ch"|"dzaKCn-jLn1GF-j@y4S&"
"becassine.griffe@edu.tbz.ch"|"4t2@kV-hiu@vd-0ALUau"
"alois.parres@edu.tbz.ch"|"FgJkn3-22aiEq-x&DxOV"
"cleopatre.gaffey@edu.tbz.ch"|"EYVmQf-WLIEm$-a1wHce"
"andre.stiger@edu.tbz.ch"|"qr0hiy-6ioFE1-Wxh#Wc"
"beatrice.godleman@edu.tbz.ch"|"&ZY1P8-cMHOUr-Ucdmcu"
"hakan.harrhy@edu.tbz.ch"|"lDEeMo-7bJ$H5-h$F%il"
"celestine.dagnan@edu.tbz.ch"|"b3AuPC-A0GBgV-ItRtuF"
"clemence.haggart@edu.tbz.ch"|"XDsUte-VC4nxe-TsZ&Z%"
"long.caban@edu.tbz.ch"|"v2G%f#-RoDEIE-sRHkKr"
"gaetane.grimble@edu.tbz.ch"|"V0dNVb-6BKWrF-R$Re%1"
"maelann.piwall@edu.tbz.ch"|"NYb2bs-@Daw2S-uoXmXh"
"magdalene.loble@edu.tbz.ch"|"MK5gNF-t#08pI-x9FUtp"
"veronique.domaschke@edu.tbz.ch"|"WYTRL5-iyQkEy-EBipND"
"clea.herity@edu.tbz.ch"|"GFoK1t-2REYA&-ogLvml"
"maelann.bambrough@edu.tbz.ch"|"iT1kyl-pmPNY9-SmGDfW"
"clea.goulstone@edu.tbz.ch"|"d2dfyC-jFFJP&-Pggg6S"
"renee.deleek@edu.tbz.ch"|"sqeR02-fGoM1C-Bfk@Gd"
"boerje.rudderham@edu.tbz.ch"|"Er$JSM-#RX$3l-8LA%FH"
"marylene.broune@edu.tbz.ch"|"7FIQm7-tbg9Z0-i%z0H#"
"nadege.mccuish@edu.tbz.ch"|"H7s4J4-cnzEu0-k#kyEZ"
"anael.littleover@edu.tbz.ch"|"7onIRv-Wgj2MS-7YLKMx"
"lie.baume@edu.tbz.ch"|"rsdEon-oHGrg$-4zIOQT"
"maella.murrow@edu.tbz.ch"|"RPusnR-HF5Sax-UGAGKF"
"cleopatre.pettifor@edu.tbz.ch"|"eweEJh-vZDWM9-kCKBwW"
"geraldine.asker@edu.tbz.ch"|"CQbmKq-%c9b@T-3lWAYG"
"gaetane.smedmore@edu.tbz.ch"|"7T2qt2-c833#$-Bp3re2"
"meryl.blencoe@edu.tbz.ch"|"HyrLG8-QvJIw$-m%tKK$"
"aurelie.chastaing@edu.tbz.ch"|"q3tCZ%-6V8NBf-pfauQ$"
"oceanne.marthen@edu.tbz.ch"|"MoEn2z-hmR1W%-ENJNlT"
"dorothee.burrill@edu.tbz.ch"|"eNv2aF-I8N@n@-5FcfT7"
"hakan.belden@edu.tbz.ch"|"jDozX8-LsvN8@-N0y0mC"
"celine.brunning@edu.tbz.ch"|"##xt7q-&VLuMn-HgrKzq"
"anael.lapides@edu.tbz.ch"|"q5VPCw-$30EAr-rNsKd7"
"ruo.saffran@edu.tbz.ch"|"Fbmxvg-DhV$te-3n3WM8"
"loic.gerretsen@edu.tbz.ch"|"M&EuRh-Ftvm8b-ETHZ36"
"rui.fitzer@edu.tbz.ch"|"2m1xpp-3x@4YL-5@3@nr"
"annotee.ogers@edu.tbz.ch"|"oz#DVr-6vtc8u-49g6bk"
"boerje.bindin@edu.tbz.ch"|"kumAvX-IglCY7-ZYLvRP"
"ma.cronchey@edu.tbz.ch"|"A04DqR-$50MzR-OdxAPz"
"laurelie.baiyle@edu.tbz.ch"|"4hoj9g-Hx4ZWp-GHw2gQ"
"dorothee.older@edu.tbz.ch"|"eD4bxd-XZ9aW@-20KA65"
"laurena.wile@edu.tbz.ch"|"0P7ta@-ApaLX1-FaOsu8"
"clemence.brito@edu.tbz.ch"|"2u9ID4-oKW7kT-PJlwA4"
"nadege.dallin@edu.tbz.ch"|"$l2Dvp-f$02hd-RAfKGl"
"mailis.matley@edu.tbz.ch"|"E4DA5u-uz1Fhp-O5A8Iz"
"daniele.screaton@edu.tbz.ch"|"g@78Rk-bPuORj-mRIEp%"
"mediamass.godly@edu.tbz.ch"|"N16FeQ-z5xrPE-E#E7VR"
"leone.kremer@edu.tbz.ch"|"#MEtYk-$pSptV-&i7S0R"
"asa.adrian@edu.tbz.ch"|"4iVxV6-k0@ZSj-@fx4@B"
"adele.doley@edu.tbz.ch"|"jmJP@6-OMjCiY-s1MYC3"
"fei.sidney@edu.tbz.ch"|"pMJNzt-bZAW06-dvdkHr"
"marie-josee.walisiak@edu.tbz.ch"|"ixl90h-oK6sqr-I#j0Ap"
"desiree.diplock@edu.tbz.ch"|"2vaI&U-YW7Y6b-Wi5Atp"
"gisele.schust@edu.tbz.ch"|"SZ#1OK-LrAqmL-Zkq3K@"
"ma.longshaw@edu.tbz.ch"|"GRi@HU-gvVnnX-1eYUeP"
"da.boother@edu.tbz.ch"|"5cUg4J-kniy06-@TADDz"
"simplifies.chaudhry@edu.tbz.ch"|"8Acp3O-&8g6G2-RPPb&N"
"garcon.baniard@edu.tbz.ch"|"0oDYn3-rkCoOH-BaxGRq"
"gaetane.elphee@edu.tbz.ch"|"#t@CN9-MmPHB$-h%3A5U"
"gisele.hassey@edu.tbz.ch"|"QB9F&h-3tjNXE-vCWC3s"
"oceanne.booley@edu.tbz.ch"|"MvYoBE-KZF@SF-FsLT#5"
"oerjan.dibden@edu.tbz.ch"|"9aoRYr-C#Q5xj-pRBUiI"
"regine.ocleary@edu.tbz.ch"|"1wROMX-kZoXFS-$2z#PJ"
"selene.persse@edu.tbz.ch"|"B7#f%&-Y1VoVW-9%hzVu"
"helena.adenot@edu.tbz.ch"|"UOdk8A-zx#Q6w-7jZYzi"
"maelann.wassung@edu.tbz.ch"|"v%4Ey@-%&RE4D-7rqxPX"
"frederique.ackermann@edu.tbz.ch"|"QmoN5B-Mb7FZ7-f17ssE"
"audreanne.kahen@edu.tbz.ch"|"PJSYFZ-zWlZck-%Df%X#"
"maiwenn.lasty@edu.tbz.ch"|"f5vZ8Z-adr%B#-jZSbZ7"
"yu.dictus@edu.tbz.ch"|"slBwgN-$XkoXe-ZYD%Dv"
"anae.dukes@edu.tbz.ch"|"pEE9Hd-U0gMgQ-Rf6pK6"
"yenora.warr@edu.tbz.ch"|"YLnGul-%mb@xd-VOjd8m"
"esbjoern.archibold@edu.tbz.ch"|"3XEMQK-%R6Jh1-%4T57f"
"milena.pardal@edu.tbz.ch"|"Ktvunr-8WM&12-15W%0G"
"celestine.graveston@edu.tbz.ch"|"PzzC9u-K2B5Y6-cnvX@E"
"maena.dallas@edu.tbz.ch"|"r8z%5j-rLUZvb-wr5iE7"
"andree.tuke@edu.tbz.ch"|"WVmJdb-Gs0F$U-LSbr9U"
"methode.seldner@edu.tbz.ch"|"LS72r1-x7malU-skqYrh"
"venus.bullas@edu.tbz.ch"|"v#&9hA-nbCHSk-8vyD9f"
"mans.aguirrezabal@edu.tbz.ch"|"lblkur-CMfK%Y-wMKbGR"
"gaelle.eadington@edu.tbz.ch"|"O12SwS-Y&NAf%-rGorZO"
"anaelle.falkner@edu.tbz.ch"|"H%Rjvd-IPPnel-z34&Gk"
"ophelie.height@edu.tbz.ch"|"BwTp4s-Ctg6nj-fs$p17"
"marten.bolding@edu.tbz.ch"|"sPpcAY-g9Rbuy-JiNLYo"
"pelagie.guswell@edu.tbz.ch"|"HB2mqJ-%ywkD6-j1bQpr"
"gwenaelle.lecount@edu.tbz.ch"|"if&v5B-0XuZZa-%cz#@O"
"hakan.laden@edu.tbz.ch"|"E%cRU5-xqXdWu-PtvqyY"
"marie-josee.hylands@edu.tbz.ch"|"iWgn5O-TrkIf1-pbPjT2"
"zoe.kingshott@edu.tbz.ch"|"E05k7z-5%Ke#y-UXFRz5"
"josee.janous@edu.tbz.ch"|"foh&6z-c%VovH-wC1VqK"
"laurene.gallally@edu.tbz.ch"|"DT2gM2-Yj&GF3-Cho4pD"
"anael.bickle@edu.tbz.ch"|"wYm39Q-KgBjtj-deLzmi"
"mediamass.lebbern@edu.tbz.ch"|"e1o1UG-5$D&Hf-GPhl%@"
"berengere.hovy@edu.tbz.ch"|"zS5810-a2bKq3-e@DY&e"
"oerjan.kilmurray@edu.tbz.ch"|"mXdSHO-Eo7bUQ-2rf&sH"
"asloeg.venny@edu.tbz.ch"|"oCiFQf-O7sCx#-smU3k5"
"marie-noel.stoad@edu.tbz.ch"|"sPMrX8-A9mj@N-J9wHvT"
"hakan.pettifor@edu.tbz.ch"|"a&i7QQ-GQM6yT-TydYrE"
"maella.willgrass@edu.tbz.ch"|"o6#Do5-PXiAov-u9UXRf"
"therese.ludovici@edu.tbz.ch"|"q5PV0V-wiuW5x-$7LIme"
"stephanie.trewhitt@edu.tbz.ch"|"mLr0nl-a#3AX9-hPYW7q"
"maerta.bauduccio@edu.tbz.ch"|"NB&sBe-7ZxGmN-$GMV0Q"
"gaetane.glaisner@edu.tbz.ch"|"i@ycMz-z3SXF9-Uza403"
"naeva.pargeter@edu.tbz.ch"|"xRV&&K-$qhslf-6bIJYh"
"salome.venable@edu.tbz.ch"|"EJmHXx-EKUS#z-5O5o9D"
"boerje.thickett@edu.tbz.ch"|"mB%7G0-G&sDe4-W48hmu"
"lucrece.prendergrass@edu.tbz.ch"|"%r3anK-Tz$JT@-&9&fzx"
"laurene.ockleshaw@edu.tbz.ch"|"qHe6dd-pCZd9L-u4NDTl"
"cecilia.pasticznyk@edu.tbz.ch"|"Xo23BR-mCTSH4-Y8$Pyy"
"stevina.mackey@edu.tbz.ch"|"YlK@km-74jjkV-YE$By6"
"marie-noel.reven@edu.tbz.ch"|"ugy7mz-8Hs9Jo-q922Kw"
"melina.quilkin@edu.tbz.ch"|"iuNI6d-GKvlo$-mMivyq"
"marie-noel.ferrie@edu.tbz.ch"|"d1IdiT-pj4y83-wFNH0I"
"leone.alphege@edu.tbz.ch"|"u7Rf9#-vLpubf-1t8zIv"
"zoe.leverson@edu.tbz.ch"|"SqsseH-sscBPm-%2LJUL"
"annotes.grayne@edu.tbz.ch"|"W$5Xbr-peXfo#-G@HX$5"
"faites.lalley@edu.tbz.ch"|"6jkwbJ-M2Gov@-%VLZVs"
"adele.wallis@edu.tbz.ch"|"FRlYdv-Icc@E7-YlR%9E"
"severine.madill@edu.tbz.ch"|"j$B5aW-z&g#az-V7FQso"
"valerie.tebb@edu.tbz.ch"|"X%xXbD-QhyGOI-7#HekQ"
"kalliste.rasper@edu.tbz.ch"|"vUytqW-pjSPeX-%ifpLN"
"audreanne.palomba@edu.tbz.ch"|"uvJGTV-JSV#NB-tDLKeb"
"elea.adamik@edu.tbz.ch"|"RMoI#L-bKYOmI-DCMDGw"
"reserves.jakuszewski@edu.tbz.ch"|"en27&%-o$udGK-HEdp%A"
"athena.belhomme@edu.tbz.ch"|"rao#io-c8WOif-JAU9dt"
"rebecca.crippin@edu.tbz.ch"|"1sA4HI-c7Ym5D-muvJJ2"
"maiwenn.curman@edu.tbz.ch"|"PH%B6M-pc@ZEO-@DkX20"
"andree.bunner@edu.tbz.ch"|"G&pf3n-Vn%2PH-1zgPOe"
"ruo.winckles@edu.tbz.ch"|"w@Xesr-&QO&gM-aVxiE$"
"naeva.buntine@edu.tbz.ch"|"CwvbkR-Zc6pCf-lyPS13"
"boerje.dollard@edu.tbz.ch"|"dcyChc-ydIxn9-8Q7gtj"
"penelope.gorman@edu.tbz.ch"|"YvCeJS-TZOoWy-vZ#h#T"
"alois.robelin@edu.tbz.ch"|"zaKQ#o-zIln5A-%OjB3Z"
"anaelle.tindle@edu.tbz.ch"|"5YQ1f%-o%hm7f-T7USe8"
"ye.frears@edu.tbz.ch"|"lr#sc%-VA7oWX-4$LHHR"
"andree.ovid@edu.tbz.ch"|"mq#2n%-ytNIMp-PmwCZc"
"hakan.peat@edu.tbz.ch"|"DBnjKv-mzYfRP-4vykkd"
"andre.januszewski@edu.tbz.ch"|"8aDV$f-rT25yV-q%2#SZ"
"annotes.clemmett@edu.tbz.ch"|"OjLhIe-L&B#TZ-kkDUvU"
"pal.lambswood@edu.tbz.ch"|"oBE&E0-WPXMVu-WxNCxt"
"yao.lenton@edu.tbz.ch"|"alUCl$-$0n&l9-#FZ6@K"
"hakan.boyton@edu.tbz.ch"|"HNbeQh-SpE3AE-#FCmvR"
"nelie.forsey@edu.tbz.ch"|"TfX8n#-J8ZZds-JWiTdo"
"hakan.horche@edu.tbz.ch"|"b26CFQ-5k95BB-@wWE26"
"lorene.sinkings@edu.tbz.ch"|"OLbuD3-TkitL3-7YUHz%"
"marie-therese.creddon@edu.tbz.ch"|"tnGbG2-WpUVQD-IuYozK"
"berenice.tolworthy@edu.tbz.ch"|"LrsZmW-&OQR0n-UUF1bd"
"theresa.land@edu.tbz.ch"|"UWe&ji-nwf6QT-d3kiA4"
"marie-therese.gianilli@edu.tbz.ch"|"8GjE$A-vCXQoj-wkunxT"
"meryl.glew@edu.tbz.ch"|"sxY5al-jj0wI9-70YgnM"
"adele.debling@edu.tbz.ch"|"mD4UJC-GghB1f-4@387U"
"anae.metzke@edu.tbz.ch"|"aL9YS3-rojPT1-@fJTMn"
"gaetane.gooden@edu.tbz.ch"|"Ba$DRd-fj9HNO-1CYTpb"
"laila.bootland@edu.tbz.ch"|"b&3nZ4-NKT25G-9NOUc&"
"maite.helsdon@edu.tbz.ch"|"31L0Sy-8XL3ZV-r9YLMo"
"andree.malley@edu.tbz.ch"|"diAjdn-8xb8JZ-luLX8o"
"pal.simmens@edu.tbz.ch"|"Dts3B7-y#VsoT-$UW6xF"
"maelys.nuccitelli@edu.tbz.ch"|"lJuaA5-$b3fFS-9KTj9#"
"dafnee.sibary@edu.tbz.ch"|"1$srIW-ZU#fIb-Pu8v%y"
"alois.harsnep@edu.tbz.ch"|"#Xj9Lh-w5zutI-d6lb@t"
"marie-helene.lacky@edu.tbz.ch"|"&1p3%C-pBOmiU-Sas1#i"
"mylene.youthed@edu.tbz.ch"|"l0gus6-s5umV4-HKh9Iz"
"marie-helene.dehmel@edu.tbz.ch"|"%1aB6@-$pldwR-fa8ti8"
"angele.batman@edu.tbz.ch"|"qzgCFM-nt5ZEa-rDVnKc"
"melia.younghusband@edu.tbz.ch"|"BsmOkn-IJBWkK-kU1Qw5"
"eloise.baldi@edu.tbz.ch"|"r#EtIN-uJjyIT-6Y2C9G"
"illustree.dun@edu.tbz.ch"|"Ub5VuR-e2vQKr-HE0b8D"
"genevieve.late@edu.tbz.ch"|"oHs2mj-J6&B4p-rKbs&R"
"celestine.colville@edu.tbz.ch"|"JfuhCq-feHBsr-fD@6XK"
"gwenaelle.scarlon@edu.tbz.ch"|"7HHSDB-gbS3Hi-WpeB91"
"regine.boddie@edu.tbz.ch"|"OlSc2%-ACLFo1-elAUYU"
"creez.gaughan@edu.tbz.ch"|"rod&UJ-pXvTtK-QYolKL"
"gaia.longford@edu.tbz.ch"|"Ie3AzW-xTkPih-zhapsv"
"mailis.buckby@edu.tbz.ch"|"&XNPMJ-LhjgZp-YY1tEa"
"song.parbrook@edu.tbz.ch"|"L085oF-DJ4#@o-TXCNhC"
"frederique.heddan@edu.tbz.ch"|"3XWMC@-Gc%c9x-L09U6S"
"ake.kirtlan@edu.tbz.ch"|"lgl5mO-6$DDWL-6iZS5T"
"nelie.runciman@edu.tbz.ch"|"FBjwzS-T9kT2$-sNG%%s"
"mailis.cardnell@edu.tbz.ch"|"aefeYs-%Farg&-L@RZQf"
"irene.navarro@edu.tbz.ch"|"9kHlHp-6KVgEj-j8X1SL"
"maite.cough@edu.tbz.ch"|"m%JtxX-aXi1ra-J99i&w"
"anaelle.stocky@edu.tbz.ch"|"m&6TJA-Sjg@cg-fEbTVQ"
"methode.moulder@edu.tbz.ch"|"5U5Lv1-tl6QcY-GTjRpO"
"po.stafford@edu.tbz.ch"|"d%SkbW-$o9x9R-F7@L8Q"
"faites.scraggs@edu.tbz.ch"|"YAj&Vk-eT@wkJ-vBNaDh"
"adelaide.dullard@edu.tbz.ch"|"%%Rxv9-6aeC8c-nUScM#"
"desiree.leonard@edu.tbz.ch"|"3tLgV6-OXV6qu-JmV0B7"
"geraldine.badgers@edu.tbz.ch"|"xJSyU1-#NFIp6-#aVSxm"
"ruo.masic@edu.tbz.ch"|"I8jf#6-kf4pi9-Ze04%a"
"aurelie.lieber@edu.tbz.ch"|"EuoGrA-Mzt2l6-OQil&q"
"naelle.balcock@edu.tbz.ch"|"XjhG9B-Nx3c3e-maB0V2"
"camelia.elger@edu.tbz.ch"|"9$cLNS-ABQ36#-#84l@Z"
"publicite.oakeshott@edu.tbz.ch"|"dlPCUK-02mPwt-9sEATo"
"cleopatre.fawley@edu.tbz.ch"|"8Bhci1-&5l7eI-7UuDV$"
"laurene.bruckmann@edu.tbz.ch"|"R0q3t8-WBRjIS-hMpx8a"
"rui.haughton@edu.tbz.ch"|"ryI#FO-tyxmLw-HD9mpm"
"asa.ladewig@edu.tbz.ch"|"mCd&OP-EZpxCf-Q6Ag3g"
"gisele.janecek@edu.tbz.ch"|"jE8wmp-NFbgY9-ksmbH2"
"maily.loveridge@edu.tbz.ch"|"37aD5F-41ndoU-2ahuCX"
"marie-eve.yurkiewicz@edu.tbz.ch"|"LzDGfd-978vTW-0RQ4uU"
"fei.roder@edu.tbz.ch"|"cgq9fC-QzljU&-lmDuUr"
"edmee.chatburn@edu.tbz.ch"|"jiEdaF-ums%PD-7Yot6S"
"geraldine.darke@edu.tbz.ch"|"maQap0-b46nks-xqFwXq"
"ye.jira@edu.tbz.ch"|"j7OsTJ-GSAdWO-Qu04zz"
"publicite.persent@edu.tbz.ch"|"rFvts2-sm%gJB-j4uWWV"
"severine.wilcox@edu.tbz.ch"|"Dg8#6g-%Yjigt-dpKG7X"
"yao.mcclaren@edu.tbz.ch"|"DjZZUQ-P4RZV2-r9oaQK"
"theresa.foynes@edu.tbz.ch"|"TWgAKM-7%z0Ah-MRK7RN"
"stephanie.isley@edu.tbz.ch"|"XvtNX6-BoxucK-aB2nAo"
"torbjoern.growy@edu.tbz.ch"|"9J4b&K-G9o6aU-schSCA"
"eloise.tunnadine@edu.tbz.ch"|"R3KX$@-#cwD1E-donxCd"
"maeline.cossentine@edu.tbz.ch"|"68JB3r-#fu&UT-OKMgkm"
"nelie.desantos@edu.tbz.ch"|"MXdRJ2-RRfCXg-eYsCzs"
"gaetane.axston@edu.tbz.ch"|"9KCHyP-Fjuy$s-QS6gwQ"
"aimee.merman@edu.tbz.ch"|"4cKDSt-4x8JV3-F2nPEQ"
"oerjan.drivers@edu.tbz.ch"|"xiv76h-czeugI-sr&mgF"
"aimee.miroy@edu.tbz.ch"|"3MdBlD-T8VLzj-3g5M9z"
"nelie.glyde@edu.tbz.ch"|"AplQFC-LiD&Cm-E&4L1n"
"hakan.kapelhof@edu.tbz.ch"|"Aopiex-jX5giQ-P4rHJg"
"maelyss.cauley@edu.tbz.ch"|"o7Og6@-xu1YLj-tAts&L"
"elea.vaggs@edu.tbz.ch"|"Fzf8z1-UMyeiX-b6uXLL"
"maelys.but@edu.tbz.ch"|"Ko4V0v-ckPdKM-UgDob0"
"maella.arthurs@edu.tbz.ch"|"E&dVH@-jjl2ka-JlB75z"
"adele.liebrecht@edu.tbz.ch"|"PY2NP5-vxhVW&-Sgb9Ur"
"meline.lomasny@edu.tbz.ch"|"3rBTJJ-2j#FjB-MrY&JW"
"mediamass.schwant@edu.tbz.ch"|"MFOPxb-cy4vj@-klF2xe"
"leone.saunt@edu.tbz.ch"|"W8k9We-Ax0vOG-9xcIR%"
"annotes.gouch@edu.tbz.ch"|"TlK$xY-VR5iDc-vJM3&e"
"gaetane.bowich@edu.tbz.ch"|"qK4cse-#i$K62-T&YO@l"
"alizee.strelitzki@edu.tbz.ch"|"$p4Jxe-3mUT8B-#pNL$D"
"leone.poile@edu.tbz.ch"|"NCRG0S-1$ABIY-TwAjMT"
"amelie.saban@edu.tbz.ch"|"MCgwWX-6V2rQC-mOtAGb"
"marten.mcmenamin@edu.tbz.ch"|"qfAP46-FPcqQK-zvP&cb"
"becassine.keets@edu.tbz.ch"|"u%#of6-Q8TC5w-3ZhK2n"
"celine.million@edu.tbz.ch"|"9k0Sr&-Iken0o-YJjVYO"
"geraldine.belitz@edu.tbz.ch"|"6SAgS6-e&4DCB-n7vmCL"
"salome.mardling@edu.tbz.ch"|"JbfE@G-TjWUJg-wScQWT"
"melia.blakemore@edu.tbz.ch"|"Wbe@RE-BjkzxN-ngvZLk"
"dafnee.mcaulay@edu.tbz.ch"|"3S0j$T-SGih2R-MyuwHj"
"garcon.dennett@edu.tbz.ch"|"yGUGHN-v5N6H9-ca5Bo%"
"interessant.lesor@edu.tbz.ch"|"r5YcGY-B5g2WV-VsNHXp"
"annotee.wasbrough@edu.tbz.ch"|"f2vJJR-SDv1$4-j#n%7C"
"asa.ibbeson@edu.tbz.ch"|"R2O#AM-Qp4UAh-Rh6$9q"
"maily.kennealy@edu.tbz.ch"|"7T2Db6-%q7An%-Kh&Q9v"
"ye.seares@edu.tbz.ch"|"cnrRxC-2WzJfb-SjIIqB"
"athena.harbron@edu.tbz.ch"|"rrcPyh-WcB0aF-zLAvhd"
"andreanne.portail@edu.tbz.ch"|"#JvJve-lGcrc7-k2niHZ"
"goeran.zannelli@edu.tbz.ch"|"5QpIE3-9l&in2-#dUxb1"
"gerald.leathlay@edu.tbz.ch"|"PSgMv%-RPRf6v-bJo7mG"
"andreanne.chown@edu.tbz.ch"|"LaelU%-p@NL@3-SZ&p#8"
"esteve.clementel@edu.tbz.ch"|"Ou@vxr-Q46K1#-h@Nj51"
"leone.legan@edu.tbz.ch"|"TtI%fC-$r#RID-EO&wyw"
"maena.pownall@edu.tbz.ch"|"zSphrM-75g4GD-F7#rvf"
"andree.rettie@edu.tbz.ch"|"ddOvc7-RH4CXd-$B6rbZ"
"ines.kenwrick@edu.tbz.ch"|"t9quhZ-blHRnj-807YIt"
"marie-helene.yarnall@edu.tbz.ch"|"41icAv-QV$L$b-ZIiHQo"
"po.martin@edu.tbz.ch"|"98TnkQ-%Oi#vT-cV0Sxq"
"ruo.celiz@edu.tbz.ch"|"&3Wpve-Frn93Z-ehsv2R"
"po.bissett@edu.tbz.ch"|"uRmTAX-vs2kyQ-juWG&@"
"du.swindon@edu.tbz.ch"|"5WFQC@-SLpkG$-thitgI"
"interessant.gouldthorp@edu.tbz.ch"|"w@cD58-nTKYHL-L0VAkW"
"leandre.lilburn@edu.tbz.ch"|"s0PvcI-g1SK@S-UkfjtL"
"bjoern.whales@edu.tbz.ch"|"3V2J7z-pyNZMk-Y&AnVJ"
"interessant.dieton@edu.tbz.ch"|"BcYIoQ-nOOhi2-fg@pf@"
"celestine.redhills@edu.tbz.ch"|"R79$td-tz9kfM-tiqdmw"
"tan.yakovlev@edu.tbz.ch"|"@Sflxl-xVbQ$y-k6TN5D"
"regine.mcdowell@edu.tbz.ch"|"#tBm49-cxAXSf-njIcpx"
"ju.coysh@edu.tbz.ch"|"zJprMj-3cwYp6-#eRm5v"
"reserves.ofallon@edu.tbz.ch"|"YyFeGv-SCE&hE-7X86EQ"
"frederique.sobey@edu.tbz.ch"|"BnEe4@-mGeeRr-pAB5hs"
"marie-eve.garstang@edu.tbz.ch"|"i0&EeT-Grutnl-hgFg00"
"andre.tapin@edu.tbz.ch"|"TUfK%D-$aJ&NN-DEpaQ&"
"esbjoern.eynon@edu.tbz.ch"|"kn9BUP-OjpBu8-HtuHRm"
"maella.duffy@edu.tbz.ch"|"Dw%ds&-8g3Ung-Rjrs3y"
"leandre.twinning@edu.tbz.ch"|"LT9$AD-d%&2ex-At0Yfv"
"mai.whittingham@edu.tbz.ch"|"8s$qve-6o3R4e-il6xIF"
"rachele.shevelin@edu.tbz.ch"|"9O2s4@-ROYb6E-CzpRJf"
"cecile.mcure@edu.tbz.ch"|"MToi86-JHQT2p-ooFI$P"
"marie-eve.yurkevich@edu.tbz.ch"|"bDiV7C-q&gqwt-9nq&us"
"almerinda.paice@edu.tbz.ch"|"zx4t5h-3Fs#xu-XZ568c"
"rao.howkins@edu.tbz.ch"|"Pwl10r-fayaY2-02vSym"
"serena.pack@edu.tbz.ch"|"sxc$Ga-Ghtyay-%Sqp3&"
"rebecca.mant@edu.tbz.ch"|"2NEMyj-xzZXIj-wXPyAe"
"reserves.spitell@edu.tbz.ch"|"Eoa&PH-C@ChPJ-Wu72LS"
"garcon.hamfleet@edu.tbz.ch"|"1Y7D5L-yTy$U3-diwqbN"
"methode.kerkham@edu.tbz.ch"|"#k&Nrz-QfsuT6-HtpCgX"
"pelagie.camies@edu.tbz.ch"|"4c6yN3-gRjzDe-0OxVLw"
"josephine.macpharlain@edu.tbz.ch"|"QsVRMR-6lkvuZ-eJ4&BU"
"eugenie.mathet@edu.tbz.ch"|"78igE$-QvDn7%-NZk#w0"
"gaetane.brangan@edu.tbz.ch"|"HliE%e-uxomtP-xS1X6Q"
"michele.dewbury@edu.tbz.ch"|"ioSUH$-8JzEC9-rig90@"
"eugenie.elcott@edu.tbz.ch"|"&IwFov-dtoZZn-UZ42xL"
"megane.harniman@edu.tbz.ch"|"iAx5o%-DGTrj3-cQa58R"
"agnes.cluney@edu.tbz.ch"|"l#QfeJ-2XCmoV-ibg@HX"
"marie-helene.angear@edu.tbz.ch"|"RAm6%Y-dL4EOz-anmric"
"melia.dolphin@edu.tbz.ch"|"oJ3q38-T3uuy7-%WML7u"
"lois.ruseworth@edu.tbz.ch"|"M&zglH-169pRp-Dqb#Wr"
"mailys.ryding@edu.tbz.ch"|"zecsU0-qWDi3X-VsP7L@"
"rachele.wulfinger@edu.tbz.ch"|"oxnaMJ-T7gWk2-XfsSYb"
"gwenaelle.talton@edu.tbz.ch"|"QbHh0u-AZQp%7-93mCVY"
"long.ronchetti@edu.tbz.ch"|"sNSrfh-oitC@&-wlFwRA"
"styrbjoern.kloska@edu.tbz.ch"|"dUlPSO-YzHu20-p@ZrZZ"
"len.sudran@edu.tbz.ch"|"4vPIhj-WNwBRW-Y7Cbuc"
"maelle.andrysek@edu.tbz.ch"|"z2XGxH-0DYTeb-7FXrgs"
"selene.senior@edu.tbz.ch"|"9rA0hD-&VoADz-3bzZ1q"
"anais.joskovitch@edu.tbz.ch"|"%CfSrG-5@%jCC-dEet19"
"marie-noel.dally@edu.tbz.ch"|"%D8Ull-8wtIV2-$H3YSI"
"marie-helene.laurence@edu.tbz.ch"|"E10d0&-otb83s-F34nxO"
"camelia.foxon@edu.tbz.ch"|"zuJH%D-Dgtc3f-6C5NRz"
"helene.cankett@edu.tbz.ch"|"&Jfj1R-#lUixo-0KJJOY"
"marten.mitchelson@edu.tbz.ch"|"#WBONp-V1%UeT-$Zc1##"
"helena.stirtle@edu.tbz.ch"|"adFM4U-gPUFne-GdPDnx"
"leane.barmby@edu.tbz.ch"|"T&X4pT-HQYGNB-tbNgIt"
"goeran.ofinan@edu.tbz.ch"|"zFtEP8-yvFGwK-TCWL2G"
"styrbjoern.proby@edu.tbz.ch"|"TY0A0F-DW6q7Z-1C@TXS"
"zoe.halse@edu.tbz.ch"|"wEzQxX-W@Gx2d-F9bHi9"
"kui.drable@edu.tbz.ch"|"mILApL-dep2%g-QIT85b"
"desiree.bamford@edu.tbz.ch"|"dsLAZi-hKY0Ve-p&0GCy"
"zoe.suller@edu.tbz.ch"|"OxRuUF-aw7jb6-0yOpqu"
"marylene.audiss@edu.tbz.ch"|"%ytwTY-txkkqZ-&ks6%a"
"adelaide.poznanski@edu.tbz.ch"|"6u3Ewz-ygURaw-S4RAep"
"maella.coleyshaw@edu.tbz.ch"|"Pi7F&N-oJ41fo-PzyHZ2"
"marie-francoise.gelder@edu.tbz.ch"|"6s37Qb-QmIoe9-JREE@V"
"eleonore.chaffyn@edu.tbz.ch"|"Sbi$4n-TSZEqI-ssr#bR"
"celestine.sikorsky@edu.tbz.ch"|"5gDomc-4GY23O-vun5af"
"stevina.londsdale@edu.tbz.ch"|"RpvD2g-Nv%W3k-1ly1ZW"
"maiwenn.nevitt@edu.tbz.ch"|"Nz82cO-mKDROJ-3ZVigE"
"magdalene.gerrey@edu.tbz.ch"|"ys82@K-R&z&Ke-pbqioA"
"becassine.latimer@edu.tbz.ch"|"bzSqvn-rlf9G1-lSrclu"
"da.lethibridge@edu.tbz.ch"|"0ShupG-4dwl7D-3#h9QV"
"mailys.claige@edu.tbz.ch"|"ojdN2V-KyTnRh-ZfdYcR"
"maena.torbard@edu.tbz.ch"|"i4TDKX-bPAd0Q-q6YaN$"
"solene.lyvon@edu.tbz.ch"|"DNdEcM-a64RPO-CWjLEX"
"marie-therese.benbrick@edu.tbz.ch"|"r0spqc-voKGAj-LX7bT9"
"gerald.edmonson@edu.tbz.ch"|"6yULvM-LT946s-dQsSnC"
"ake.messruther@edu.tbz.ch"|"1rp6cI-QKLU4h-Dj9vBI"
"men.gosneye@edu.tbz.ch"|"0uFHwL-lTRMdi-rAhBMs"
"anais.jefferys@edu.tbz.ch"|"rktvP#-TbLH%c-PTCLuC"
"publicite.tregale@edu.tbz.ch"|"WnZOYl-02HVVe-uiNS#l"
"maily.santorini@edu.tbz.ch"|"gekuwu-2rb#&8-R@za0V"
"ines.pioch@edu.tbz.ch"|"LE9$x1-TSVGAa-rOmuK8"
"noemie.marklew@edu.tbz.ch"|"ehDW5E-RpMFPu-Tqvi@R"
"meghane.maccaffrey@edu.tbz.ch"|"VBgtYP-i4m8Yi-CEo4JM"
"berangere.ambrogio@edu.tbz.ch"|"TuDYTs-yIw4l@-4x3%&7"
"mediamass.ryce@edu.tbz.ch"|"TK7SW9-EfHpiE-mPlJGw"
"oesten.ubank@edu.tbz.ch"|"%m47yV-Q3TuxI-ZuOVP0"
"melina.mackee@edu.tbz.ch"|"$qyfwA-IUzdLC-@0be7H"
"theresa.livezey@edu.tbz.ch"|"qWfUdU-oGelxG-MWadDT"
"clemence.weal@edu.tbz.ch"|"v4@mg@-1D@5Vx-YQJzqd"
"faites.overton@edu.tbz.ch"|"kGqllK-sHYPCq-1goHix"
"clea.lindblad@edu.tbz.ch"|"0xjEv7-uwrayW-E$u@83"
"josephine.roseaman@edu.tbz.ch"|"kC&vaV-DGvsGU-mQCkjP"
"oesten.lowbridge@edu.tbz.ch"|"O9c3&2-k3BpCo-nT1tkP"
"marie-josee.brion@edu.tbz.ch"|"MUlShm-3byvSt-Z55fM5"
"therese.basili@edu.tbz.ch"|"6lp@CU-vU@64d-C4HrQo"
"melia.vertigan@edu.tbz.ch"|"5ml7Df-H$Yb44-eWZAB&"
"judicael.saull@edu.tbz.ch"|"zi@3OO-x9egzN-h@FRSJ"
"selene.valentine@edu.tbz.ch"|"A8zqdJ-oeZ8$1-elJbJ#"
"verane.dunlap@edu.tbz.ch"|"R%0E4h-v9xtRP-qr%yI2"
"meline.kinnear@edu.tbz.ch"|"nq8WIt-x$EORu-47$nHY"
"lei.luttgert@edu.tbz.ch"|"vvdIde-9uZtWt-dsz3ae"
"styrbjoern.lathleiffure@edu.tbz.ch"|"kXMxuT-oT$NlJ-XJEV@P"
"marlene.blasi@edu.tbz.ch"|"8I73jr-O6@Gkm-%p8o8X"
"mai.begwell@edu.tbz.ch"|"i8axB%-lzN#$o-9wgbg4"
"gwenaelle.kaines@edu.tbz.ch"|"0f2HdM-XZ0QKd-5dkHwt"
"gerald.adamthwaite@edu.tbz.ch"|"ivBph6-jEUJPE-ry8Bbh"
"kui.hartfield@edu.tbz.ch"|"hLNPrf-$gOA75-iD9P@W"
"salome.currao@edu.tbz.ch"|"HugrGU-U$dXZy-yrbpX&"
"angelique.tixier@edu.tbz.ch"|"DlMUp#-HTg2@U-E4@WU5"
"ju.mcgragh@edu.tbz.ch"|"zSHj2@-EuTeb7-9Og@oh"
"dafnee.beachem@edu.tbz.ch"|"O3u@my-xI7Ena-t46F34"
"creez.terlinden@edu.tbz.ch"|"TpMrc6-b0VG%7-uBo01n"
"uo.mcskeagan@edu.tbz.ch"|"LEHec%-%spUCS-8&#TOR"
"edmee.mccaughren@edu.tbz.ch"|"rY&GNT-zl8au1-OLRDix"
"asloeg.cozby@edu.tbz.ch"|"6ZLuHk-T1D6HL-jteDO1"
"melodie.traite@edu.tbz.ch"|"HznUgW-Jdux6v-4lnWIi"
"dorothee.aindriu@edu.tbz.ch"|"kcaZ1B-gZwBIU-oVoc#k"
"daniele.doley@edu.tbz.ch"|"e1qm6e-9lJsel-$&vwAC"
"mediamass.fairclough@edu.tbz.ch"|"2v$@W7-SPChpC-94qBG%"
"lorene.rainforth@edu.tbz.ch"|"WHdIIc-Gr5Jg#-icGbqf"
"leonore.eyer@edu.tbz.ch"|"qIgZPo-8lfQMI-hY3#K1"
"po.spillman@edu.tbz.ch"|"O%VJsD-D@O8&s-7aVBYH"
"cecilia.plitz@edu.tbz.ch"|"@C2O&r-N%lXJ%-3Ic14h"
"lorene.ludlow@edu.tbz.ch"|"IhdPAJ-LKktLs-Kpfh#2"
"berangere.neligan@edu.tbz.ch"|"3U4zFW-SxfYAP-f6YPE3"
"simplifies.huggan@edu.tbz.ch"|"FCG2Tw-uoBjqJ-dCxtl@"
"clelia.prandy@edu.tbz.ch"|"IT85qy-M1X%pX-Fe&9Z%"
"ake.osban@edu.tbz.ch"|"&jBWSZ-40Vgzh-fzQ85G"
"cunegonde.brunn@edu.tbz.ch"|"&3%caw-o%vpR3-VPP$qo"
"long.grizard@edu.tbz.ch"|"P2e%&Q-kQAVyL-%VPBpK"
"meghane.diss@edu.tbz.ch"|"MrsnMb-jw6Mu&-Uar181"
"therese.oldman@edu.tbz.ch"|"g&q6k4-GEAtLU-%NM@j1"
"boerje.scamerdine@edu.tbz.ch"|"15ay$5-2h2ypz-sU6I6Q"
"du.saban@edu.tbz.ch"|"d0GhoT-v$T3b2-D$EhMc"
"hakan.clynmans@edu.tbz.ch"|"vYscvG-2NUDAS-PKDzz7"
"wa.macdowal@edu.tbz.ch"|"AuLWP2-Syw2fR-v6VLz3"
"venus.hatrey@edu.tbz.ch"|"rmB8Vt-TlnU0t-5CnvVv"
"anaelle.vispo@edu.tbz.ch"|"UMWchl-VNie4J-8DyQ08"
"mahelie.ollcott@edu.tbz.ch"|"hgX5CY-c@&fK5-INLCkh"
"mediamass.whyman@edu.tbz.ch"|"GHTLpx-euj$wj-cDqHlm"
"esbjoern.basson@edu.tbz.ch"|"KL$Ll4-1ybzjx-vaaB$i"
"andrea.morrill@edu.tbz.ch"|"YumoV#-7rYxNl-BzRJ64"
"melys.grassi@edu.tbz.ch"|"$nG&OX-D8BV7a-h85Du%"
"leone.poleye@edu.tbz.ch"|"6tH@Iv-vc7%FM-O02XMY"
"francoise.penny@edu.tbz.ch"|"iNHCu5-o3uMu#-5JCeyn"
"rebecca.edney@edu.tbz.ch"|"gZhqF$-L%e#Gw-mv0mDR"
"adelaide.murtagh@edu.tbz.ch"|"HT1hGd-$Yf0su-70zBvW"
"stevina.winterbourne@edu.tbz.ch"|"zbOegZ-LPuIj7-hYN4rB"
"ma.cottom@edu.tbz.ch"|"sjV$7X-z2BYoM-pq$nTi"
"tan.harold@edu.tbz.ch"|"lpWdHn-GgJD83-tvFWd8"
"venus.forte@edu.tbz.ch"|"GUPSLM-wkFCZk-ZcwGH2"
"almerinda.oluney@edu.tbz.ch"|"Tz&0cc-unVQfP-Y$YdAj"
"cleopatre.brehault@edu.tbz.ch"|"h0AG%9-eMkJEd-lsdI0e"
"interessant.lapides@edu.tbz.ch"|"IJdD5G-j6B@eE-oQuEL2"
"reserves.hallatt@edu.tbz.ch"|"dtLPAX-Smo3Kg-j@j55B"
"annotes.birdwhistle@edu.tbz.ch"|"nMF@AM-bSoAZk-uXyErr"
"ai.dredge@edu.tbz.ch"|"n$Mgcf-DZBlKc-oNshPQ"
"megane.mussard@edu.tbz.ch"|"CSbSC8-mPrlZa-#s4fUd"
"esbjoern.gowrich@edu.tbz.ch"|"Pw7Kei-IoVBjI-eZEfy2"
"boerje.brislawn@edu.tbz.ch"|"S1qLpj-5waV$G-Kq9AGo"
"becassine.wilce@edu.tbz.ch"|"WdKini-6ZCXH#-pUESwl"
"personnalisee.oels@edu.tbz.ch"|"F6hgUW-1BYfJv-duSYuL"
"verane.pett@edu.tbz.ch"|"MiUB40-a@LG0i-cR52xM"
"marylene.glewe@edu.tbz.ch"|"uQgUA7-1$%aC8-tkdOKH"
"lai.elson@edu.tbz.ch"|"IQRu8a-x%74kS-nnjCO$"
"serena.difranceschi@edu.tbz.ch"|"aWVOMF-vELaOX-5D210X"
"lie.espinel@edu.tbz.ch"|"mD$q5N-QE8gU5-aC6fOg"
"marylene.fantini@edu.tbz.ch"|"TUNW2#-@aXTYi-ztlfAp"
"andre.archdeckne@edu.tbz.ch"|"WbqAAw-$N#L42-HWn5Jl"
"goeran.bohlingolsen@edu.tbz.ch"|"W#qFWO-N8VNjN-ZfM5Zj"
"cunegonde.heffer@edu.tbz.ch"|"Cj##vf-Pybw0O-wwM3cZ"
"tan.fechnie@edu.tbz.ch"|"0gYAgc-dA$mgy-B5$nvs"
"marie-noel.brammar@edu.tbz.ch"|"fglcod-Tmzuaz-ynzf$0"
"simplifies.aven@edu.tbz.ch"|"sP8RNP-rjLfgq-DKMfQi"
"melys.pinchen@edu.tbz.ch"|"cl0Lda-m1qW70-SUBDaD"
"edmee.joyner@edu.tbz.ch"|"MRQcSJ-tvWf68-Geq2wP"
"berengere.edess@edu.tbz.ch"|"7slAxN-WRDmtX-5b@QEQ"
"marie-noel.goward@edu.tbz.ch"|"SJ6Crj-bKkcl2-Ly%yL3"
"ju.edmons@edu.tbz.ch"|"%Nzl%o-JNyGCb-jPsTSa"
"frederique.airds@edu.tbz.ch"|"7318A&-#fPqNl-XO6eFw"
"reserves.dauby@edu.tbz.ch"|"Vd6Pwe-xXIkNt-it0IT@"
"hakan.gynni@edu.tbz.ch"|"Ik0rbN-#YoG8y-piypSy"
"leonore.pinwill@edu.tbz.ch"|"BbmvOM-m#7Dc8-B8@$bs"
"marie-eve.mcallan@edu.tbz.ch"|"pYD40#-YLcdtW-TM@wK#"
"naelle.yeabsley@edu.tbz.ch"|"$QXrdi-c&jq9M-ug6PJy"
"nelie.jacobovitz@edu.tbz.ch"|"b%rseD-$RQ4t@-gk&A6w"
"adele.conelly@edu.tbz.ch"|"2B6TvG-vgR63s-sr3oUr"
"clementine.dondon@edu.tbz.ch"|"%fDiIP-8pT62&-QipkgJ"
"zhi.willcot@edu.tbz.ch"|"2kqhFx-0rtt4Y-Bu1Mn6"
"chloe.janicki@edu.tbz.ch"|"Df45EG-f0DxTu-SYpQYD"
"meng.linde@edu.tbz.ch"|"1StDZe-#J9EGD-3WvLuS"
"celine.janisson@edu.tbz.ch"|"7uHzrD-yPbzU2-yYtJQw"
"clelia.crow@edu.tbz.ch"|"&FJrlc-o&SY5B-z9AW8q"
"cecile.pyott@edu.tbz.ch"|"bmpWL7-Yi#0MR-665A9I"
"ma.fidelus@edu.tbz.ch"|"c2lHBL-Nkdv9C-lCvx2G"
"marie-helene.poore@edu.tbz.ch"|"G293gA-Hf6ydX-dH2zNG"
"elies.blanket@edu.tbz.ch"|"mpUja3-#dg0wI-r31vl@"
"yu.boyer@edu.tbz.ch"|"rAk6HO-4F9qqX-55UOQs"
"celia.welds@edu.tbz.ch"|"faUeEA-lC3Jf#-m8AEFv"
"du.gunney@edu.tbz.ch"|"Z8wivS-CKVYv@-9@TWKW"
"goerel.crush@edu.tbz.ch"|"ZSK7N7-$DsJ$N-Tz$U4p"
"marie-josee.brosius@edu.tbz.ch"|"CX2AFg-vuL7fF-Xdc#7e"
"camelia.adds@edu.tbz.ch"|"crwNAM-CqeYFd-MM84A2"
"anae.irwin@edu.tbz.ch"|"ol8rlE-25c1mc-W2P@ie"
"cleopatre.skeffington@edu.tbz.ch"|"BB&5Ay-R%WrkF-E8cLHr"
"gerald.suggate@edu.tbz.ch"|"zFQZRe-%JWFd#-ZzRtem"
"laurene.tailour@edu.tbz.ch"|"0kp3yA-IwqQGw-FpP0ef"
"amelie.hoble@edu.tbz.ch"|"l$4toW-f6tJQ&-pcjZzh"
"venus.getch@edu.tbz.ch"|"AH3w8q-3wmgIF-vtAF1o"
"renee.treby@edu.tbz.ch"|"p9jl2M-S7RVkH-ceH9J#"
"almerinda.stait@edu.tbz.ch"|"sTSue4-82dq7f-JfG1pT"
"andree.reddecliffe@edu.tbz.ch"|"ND%2nE-BpzDQc-bALmoq"
"leone.wintle@edu.tbz.ch"|"%1TnrL-tUS&4D-EHMmyC"
"gerald.fellow@edu.tbz.ch"|"U9UGPZ-Ue4l&q-2cUBBI"
"ju.gudger@edu.tbz.ch"|"ypjAUm-JIc@@L-Y%NJ0o"
"meng.ohaire@edu.tbz.ch"|"uhVC8p-9gRIu9-p9zu$l"
"cleopatre.missington@edu.tbz.ch"|"q0sbUZ-lLT@@H-O34wke"
"annotes.debruyn@edu.tbz.ch"|"Ih6z9X-BI%X#A-C6sXuk"
"gerald.sinisbury@edu.tbz.ch"|"EqVl2D-c8WiXt-WsS1KD"
"creez.slora@edu.tbz.ch"|"ag5Xn5-60H@cP-S0stJL"
"gisele.benbow@edu.tbz.ch"|"9InENb-F0weim-V%Azsa"
"pal.dossit@edu.tbz.ch"|"NyC@tP-4z9LXt-EXtPsp"
"nelie.stirrip@edu.tbz.ch"|"KihKy5-BmfIRt-w$lVKr"
"alois.ocrigane@edu.tbz.ch"|"qajxj4-&vciVP-w4JRU8"
"kui.mcterry@edu.tbz.ch"|"13qpQk-7sIloH-wUTIq&"
"long.willgoss@edu.tbz.ch"|"2UabkP-d&%198-Tx987%"
"francoise.sumpner@edu.tbz.ch"|"Y4ipD1-n0JO8L-kleScQ"
"maely.grinstead@edu.tbz.ch"|"ziRnt5-CJZ4Mb-ZM4met"
"creez.langeren@edu.tbz.ch"|"%BmYnj-OwWx&0-1Wme%d"
"adele.dungate@edu.tbz.ch"|"$6yJzo-JyRwQ2-vq6ok5"
"cleopatre.noirel@edu.tbz.ch"|"uufS20-iihafp-VB2tpx"
"interessant.daverin@edu.tbz.ch"|"FJH#4X-sxTiCI-YxH2Xj"
"naeva.kalderon@edu.tbz.ch"|"u&hqEH-VJ0cny-m9Mm@t"
"anais.oshesnan@edu.tbz.ch"|"2zJTeJ-geQkDw-n83WnC"
"judicael.anelay@edu.tbz.ch"|"EWIHJg-OyrT6c-yxJQ1E"
"eloise.braxton@edu.tbz.ch"|"eCovKm-mfgHCp-GIZ&ih"
"desiree.greguol@edu.tbz.ch"|"pwfkTt-wem$za-qgNpLU"
"maite.mcclenaghan@edu.tbz.ch"|"DJQnbS-D&tXxw-cIW7o4"
"meng.doret@edu.tbz.ch"|"ZL4squ-urNtg7-#NKxpb"
"frederique.chippendale@edu.tbz.ch"|"neU477-Dq9BEP-DuQT7a"
"andreanne.lanney@edu.tbz.ch"|"Fntwim-h$1bdM-46Byia"
"aurelie.claus@edu.tbz.ch"|"UaM2ql-rxlOI$-c0O6F8"
"renee.pabel@edu.tbz.ch"|"FAoalS-BLbXbO-7ZAVOt"
"maena.roust@edu.tbz.ch"|"YBajlu-2#K8Cn-fI1dtw"
"nadege.carwithim@edu.tbz.ch"|"I4SxrS-T6TkZ9-#0Ov#6"
"solene.geyton@edu.tbz.ch"|"cwqxKg-UfkgIi-0vQbVs"
"dafnee.avraham@edu.tbz.ch"|"H24RKn-4XK1eQ-EF33kv"
"leane.woolvin@edu.tbz.ch"|"Jm#cUg-&$Haju-eeUFSc"
"adele.macadie@edu.tbz.ch"|"WKvhXr-&tNMP5-kq@y7h"
"meline.rubica@edu.tbz.ch"|"EYqDde-Le#@Lo-aNU2nR"
"marie-noel.speeding@edu.tbz.ch"|"#KQjc3-SHMyZ8-PH21nC"
"nelie.mix@edu.tbz.ch"|"S9wFh%-DuyzPi-Xp1UQ1"
"clea.ollett@edu.tbz.ch"|"zhS#CG-wEvKB0-inBB3w"
"leandre.mcgavin@edu.tbz.ch"|"U#59lq-8rVWPM-9dLVCp"
"cecile.behne@edu.tbz.ch"|"QBT67%-MBh7GK-8dYUTQ"
"melanie.polle@edu.tbz.ch"|"B8$VSU-K58vD2-Cww1KI"
"marie-josee.titmuss@edu.tbz.ch"|"Uxg$4%-bbND9C-uJTHAe"
"helena.guest@edu.tbz.ch"|"YAzUE@-KQa&%5-i1zmGy"
"annotes.chicchetto@edu.tbz.ch"|"#30#qv-XkxnU@-7u2WH3"
"melia.tubb@edu.tbz.ch"|"2c1anR-sbuOZP-3c&cR6"
"angelique.casetti@edu.tbz.ch"|"uZ7Ahb-Lx7Vgd-RrZDr3"
"cunegonde.cleall@edu.tbz.ch"|"6DJb6m-FYPlUp-EdNEWE"
"camelia.oaker@edu.tbz.ch"|"DnTQxV-NUnQds-fvsk%a"
"you.searight@edu.tbz.ch"|"s1cjC%-1@oYF8-#WV9aP"
"kevina.dederick@edu.tbz.ch"|"Y6BABM-#KPIVV-wGS9Hm"
"milena.jeffrey@edu.tbz.ch"|"AZz5mZ-69kN7%-dBPFK$"
"melodie.barkshire@edu.tbz.ch"|"63fdK5-&iT0xH-QTmwtC"
"gaelle.kreutzer@edu.tbz.ch"|"zkl%Na-JMa42J-ppj%&R"
"kalliste.kleinpeltz@edu.tbz.ch"|"DEmsv5-1WsgQ6-iPtvXP"
"clementine.danat@edu.tbz.ch"|"gX0&dV-Gwrpes-AM63b2"
"andrea.wabb@edu.tbz.ch"|"UX4sbq-DeTkIa-xfbfdP"
"geraldine.piesold@edu.tbz.ch"|"7GvUYD-YrBMDs-9ZY2st"
"tan.fiveash@edu.tbz.ch"|"C&6hih-YPf7Z7-y$YvYV"
"meline.yuranovev@edu.tbz.ch"|"tn&Wtg-s7OblK-l9YrUX"
"therese.holme@edu.tbz.ch"|"Ig&6FK-IPSg0u-4c#8yT"
"salome.vaney@edu.tbz.ch"|"W2LExO-0TnnJ2-h9xbDs"
"anae.abramson@edu.tbz.ch"|"W#jemE-inzS$X-s@jxyU"
"kalliste.jimson@edu.tbz.ch"|"ujgAy&-jAF3Co-qUmi2l"
"selene.yole@edu.tbz.ch"|"40KI&W-mQ426n-Bq3rN$"
"agnes.defraine@edu.tbz.ch"|"0K7JbT-GjXaRf-coUYJ1"
"faites.mccluin@edu.tbz.ch"|"QXZPPB-X8OZ3p-JnPlR5"
"athena.deme@edu.tbz.ch"|"KqrZpQ-##Q8GQ-T1QREG"
"daphnee.brigstock@edu.tbz.ch"|"5QoLvY-VgqQqf-%cJ$t%"
"goesta.skaif@edu.tbz.ch"|"BL&b&d-yOoPux-pGHXgP"
"oceane.jagoe@edu.tbz.ch"|"yn79eE-EjluAe-nWYEUe"
"annotes.broomhall@edu.tbz.ch"|"B2NSK5-v1lBxd-w17osu"
"marie-eve.ballendine@edu.tbz.ch"|"WJEmme-SCs8Wz-O2CrRr"
"melina.spykings@edu.tbz.ch"|"yA5t07-zL4k4a-ukUosz"
"laurene.ticehurst@edu.tbz.ch"|"tcaitV-OV5EHr-Ll$6eS"
"fei.avramovic@edu.tbz.ch"|"V#k9Tz-qZJMS#-YYU@Ls"
"publicite.strathearn@edu.tbz.ch"|"l#Bd5U-t62#DV-P0Blgk"
"torbjoern.garrow@edu.tbz.ch"|"cFe4S2-DrwU9a-ir58Us"
"chloe.rubinsztein@edu.tbz.ch"|"FKy@ym-XvWw1F-BZGiWi"
"mylene.demanche@edu.tbz.ch"|"0wTKyr-#&WebR-fNaiRP"
"mediamass.godlonton@edu.tbz.ch"|"lSaFmi-p8lsgD-enH5bd"
"renee.shurrocks@edu.tbz.ch"|"pZtfLa-Q4kgTE-Lcs1So"
"maiwenn.jedras@edu.tbz.ch"|"OChLCW-AxWum@-&9ycQ8"
"genevieve.castells@edu.tbz.ch"|"8&B@KU-BhulJY-cdSj$y"
"renee.sneden@edu.tbz.ch"|"2zD0Vs-bZju5j-RRuUAV"
"lai.mccallion@edu.tbz.ch"|"h4wVhg-G4YIfb-scTv0R"
"kevina.impleton@edu.tbz.ch"|"2wt4sm-posX3G-J8vuoi"
"oesten.fresson@edu.tbz.ch"|"qMOS59-8PRntH-tXHCGA"
"verane.shawley@edu.tbz.ch"|"1YuS2r-u3Naks-4XcZgG"
"uo.sjostrom@edu.tbz.ch"|"7mFuL#-yNJJp9-MQJjlv"
"gisele.gothup@edu.tbz.ch"|"l3SaL6-uzInWb-e6f0qO"
"renee.beauman@edu.tbz.ch"|"ukjcAK-rio#qZ-dvpdja"
"elies.loton@edu.tbz.ch"|"pVUmAo-F@fWr1-KAPAT$"
"valerie.elsmore@edu.tbz.ch"|"u9zUvl-CJUumf-Q2fPm&"
"berangere.delafeld@edu.tbz.ch"|"NXsLSK-dnF6%@-1Ua&WC"
"bjoern.schimke@edu.tbz.ch"|"OYG1o7-NAfKt$-#wczd@"
"loic.ericssen@edu.tbz.ch"|"Bkke0%-Z&g#zp-BdDJJc"
"creez.richarz@edu.tbz.ch"|"WaS7kC-R#qNRf-DXwK6s"
"athena.grocott@edu.tbz.ch"|"GS4D8P-1EW@40-2R4wAG"
"naelle.piotr@edu.tbz.ch"|"8a@S$@-cDO3@J-&V&D0O"
"maella.paulson@edu.tbz.ch"|"zXlA8L-&pUQQB-pcPWhg"
"song.perot@edu.tbz.ch"|"BDqHJ0-gWPYQ4-KnVoe1"
"kalliste.heckney@edu.tbz.ch"|"5d7Y5V-7v$cn&-U#$oth"
"ake.vasyutkin@edu.tbz.ch"|"eU9FJa-J&Rqxo-EREVgC"
"ma.castles@edu.tbz.ch"|"9zvv@4-Xc12Fn-cWzH&g"
"maely.monget@edu.tbz.ch"|"IYYaX4-WzET#X-iJn6g%"
"tang.durbridge@edu.tbz.ch"|"#bSlO9-BupbU4-ciokUX"
"laurene.andrew@edu.tbz.ch"|"Bg15eO-4i5z#p-VATJBK"
"lysea.beacon@edu.tbz.ch"|"nZw8tq-%GQfFy-hTY5$P"
"leandre.peyntue@edu.tbz.ch"|"ut5IL8-LqMmGa-jThsus"
"rao.trever@edu.tbz.ch"|"vLrYqe-&Jp$gR-7Pdlau"
"mahelie.streader@edu.tbz.ch"|"FTQZXo-DX#05b-mqP4X0"
"maerta.andrejevic@edu.tbz.ch"|"9IC139-Xtf9Mj-$8NbNG"
"goesta.tompkins@edu.tbz.ch"|"qfmSvR-sOrbkD-u%@2NW"
"helena.agates@edu.tbz.ch"|"nqZ4zS-HavOJx-D8eNq@"
"therese.glass@edu.tbz.ch"|"LcXeme-$lA9Pa-LBpfRt"
"alois.foan@edu.tbz.ch"|"7TomW&-J7EY8@-Z71@it"
"becassine.melchior@edu.tbz.ch"|"kvZwHQ-QSy&&w-RGIQev"
"cloe.robart@edu.tbz.ch"|"Us4dhM-u4wD8i-TDJQCP"
"daniele.puckinghorne@edu.tbz.ch"|"#TAspt-&t#mZk-fJ0XMh"
"selene.cammidge@edu.tbz.ch"|"7aeDxf-mRgKS9-o8Vbdv"
"regine.conochie@edu.tbz.ch"|"Vae3Rq-BQgQB5-ugrzM5"
"interessant.tuiller@edu.tbz.ch"|"@#MNPg-fUsubd-ec23z7"
"long.tiebe@edu.tbz.ch"|"xGewBK-ox0@Y1-PtNZ57"
"mans.yele@edu.tbz.ch"|"QXlg3i-rwQSpP-i6R7kk"
"ai.giles@edu.tbz.ch"|"bQ0ITv-8MZL3Z-jpREHm"
"gaetane.hamberston@edu.tbz.ch"|"RzZ4AB-qN#VLS-vvcF7g"
"marylene.fenix@edu.tbz.ch"|"b@0oRx-2degGb-rfQhc7"
"geraldine.graeme@edu.tbz.ch"|"BlqXo$-E0o89C-T08nZ1"
"tang.kinglake@edu.tbz.ch"|"zUMBeC-0ypo5q-ijayIO"
"lai.challoner@edu.tbz.ch"|"cQP5he-9dxbcv-qopB9&"
"desiree.mattei@edu.tbz.ch"|"bw9dpT-FulesR-qGwWh5"
"ake.erley@edu.tbz.ch"|"4Hg$v0-6fiElW-g&g2o8"
"edmee.cavil@edu.tbz.ch"|"#BUVWa-rJN07h-dzeFyq"
"alois.moyes@edu.tbz.ch"|"BNe#2&-pUv%6n-6BEU5x"
"becassine.pitman@edu.tbz.ch"|"in#fwR-ibtk2l-mbJZ1@"
"ai.giacovelli@edu.tbz.ch"|"6&pxFk-Dj#kwK-o2t88T"
"judicael.fruchter@edu.tbz.ch"|"fzIF#d-ynhFIV-DO6y%v"
"mans.mogg@edu.tbz.ch"|"tjOVHp-g540YS-tfyyNI"
"gerald.foyle@edu.tbz.ch"|"AITg$4-OD&&hr-7efk1T"
"wa.androletti@edu.tbz.ch"|"e$49Sz-fiHo0@-Z$@U6c"
"meng.ollett@edu.tbz.ch"|"aKyQyE-F853x9-Y8ofb$"
"naelle.macmenamy@edu.tbz.ch"|"QAAU&G-z@mvoS-1bBx26"
"gisele.mcramsey@edu.tbz.ch"|"JDvJIw-9Smt0l-aPWd3w"
"meryl.scolts@edu.tbz.ch"|"CWG4C6-QSS1yB-vHL4AT"
"celia.bloxsome@edu.tbz.ch"|"kprec%-Lb2@7A-dqXdpU"
"styrbjoern.stuke@edu.tbz.ch"|"%6R6V7-PGKV7h-fxxgQH"
"felicie.gwilliam@edu.tbz.ch"|"#KFVL9-vYFpQg-s1Dxxw"
"da.harms@edu.tbz.ch"|"WCa@QX-VOe#KI-D0TEIn"
"celestine.baulk@edu.tbz.ch"|"TqLD03-$lAGL8-r#GHY&"
"mahelie.blackledge@edu.tbz.ch"|"JP%111-o1rUBF-roTOy1"
"meghane.salt@edu.tbz.ch"|"2vSX9y-fGmJ5F-iAf$&T"
"methode.paxeford@edu.tbz.ch"|"b8AHzc-mZlhKk-3Z%ueG"
"asloeg.milligan@edu.tbz.ch"|"#hbAsB-KaPCV2-8psadV"
"you.pellman@edu.tbz.ch"|"XP%xPc-CX#9j0-l9kmRI"
"loic.regenhardt@edu.tbz.ch"|"Gayiem-R#wTBP-2&ehLO"
"daniele.savill@edu.tbz.ch"|"B4DGsb-N1KibU-HI6&$n"
"alois.cornu@edu.tbz.ch"|"1p5u@M-nG6i98-bUBOyL"
"oesten.govey@edu.tbz.ch"|"5%#%M2-kf8Zm3-UOwlM5"
"marie-eve.louch@edu.tbz.ch"|"8tcurF-tUG3LC-vW9zQ4"
"theresa.wenn@edu.tbz.ch"|"D3MCt@-K#0cDH-X88bVi"
"andree.eul@edu.tbz.ch"|"m&vhV9-fcWfrQ-3rfZs8"
"lie.paynton@edu.tbz.ch"|"Q#bA8i-SHf$d6-djhU&X"
"marie-eve.girodier@edu.tbz.ch"|"Y&E&P@-$QTdKU-lXGlfb"
"marie-noel.smithe@edu.tbz.ch"|"x9E4FQ-2u&s2v-kZ1Y1%"
"men.bootyman@edu.tbz.ch"|"KKSI1v-syAn41-@29fJ0"
"ku.sugg@edu.tbz.ch"|"4dpfOm-a8xR$k-OZzD#j"
"lucrece.roseman@edu.tbz.ch"|"gX0Fx@-bNh$PI-1bqdHG"
"zoe.annear@edu.tbz.ch"|"Unfd4@-z&nWO%-X@$qiZ"
"marie-helene.rennebach@edu.tbz.ch"|"NVthE#-@zb2JO-Et#RYJ"
"lea.djurdjevic@edu.tbz.ch"|"fKpWYP-pS7z%c-e1KJqp"
"goerel.robert@edu.tbz.ch"|"MCkHaf-xdBKkl-0D#FwK"
"mylene.foldes@edu.tbz.ch"|"PV6$g#-D0L1%o-U8v8%x"
"faites.clegg@edu.tbz.ch"|"9CxG$I-WGhzTV-ljeUjE"
"marylene.crowcher@edu.tbz.ch"|"SD&XFA-AocRp7-&t@6q5"
"aimee.wimpeney@edu.tbz.ch"|"kdsSVL-q$L#tC-Wiwke@"
"renee.atkins@edu.tbz.ch"|"8p3t65-yotBtR-n4G0@8"
"rejane.cainey@edu.tbz.ch"|"sgn@x6-ZQCRUv-uoJIso"
"solene.britney@edu.tbz.ch"|"vX%hgf-tuZEpx-Qhcm#q"
"marten.shatliffe@edu.tbz.ch"|"va4y&1-1TfY&#-CgRPyg"
"maite.issatt@edu.tbz.ch"|"bbHYFc-BSsRSM-lF1dkT"
"maelyss.edon@edu.tbz.ch"|"1rn0Zm-iTfPrx-P7slgx"
"nuo.bamling@edu.tbz.ch"|"we37oj-t5htMk-Pykt6q"
"anais.edards@edu.tbz.ch"|"azaQfl-M5KrY6-wCoQaF"
"mediamass.bromet@edu.tbz.ch"|"HOhtUZ-ZnaNN8-YMPfm4"
"beatrice.kimbrey@edu.tbz.ch"|"Na03UK-pqCuY8-MeV2B6"
"ines.lawranson@edu.tbz.ch"|"cURmdj-K5owmg-XnB$wo"
"kalliste.scandroot@edu.tbz.ch"|"5QKVIb-T#6TB4-GGjMWN"
"mans.barrowcliffe@edu.tbz.ch"|"a9PVcI-Mw6OuS-Fs#odP"
"irene.couves@edu.tbz.ch"|"Oe5fv4-9Fc5X7-%GLj&E"
"milena.mucci@edu.tbz.ch"|"b#oKAl-pQcdqJ-UDGOgs"
"naeva.cow@edu.tbz.ch"|"wcW9yJ-zY88sp-icU6h4"
"audreanne.mournian@edu.tbz.ch"|"Q#E#vk-5Xl@$J-$ZFZqL"
"melia.sinnatt@edu.tbz.ch"|"a4slcw-PEaQ4p-bdJT7V"
"nelie.burnard@edu.tbz.ch"|"oPGzRv-RwxbZ0-$vI7yu"
"clelia.ashfull@edu.tbz.ch"|"MbHrc6-EHmBQS-%N07oK"
"lie.macard@edu.tbz.ch"|"ESP93l-maosCS-jYj#MH"
"valerie.matoshin@edu.tbz.ch"|"&uouP1-$ku59j-no2Uza"
"anael.hatherleigh@edu.tbz.ch"|"cGX7iz-8SIoZR-@fRb&2"
"interessant.warratt@edu.tbz.ch"|"y3sXec-YXms&#-T5UPv5"
"eleonore.volage@edu.tbz.ch"|"yhCXta-q%d&cf-9pW7sd"
"zoe.stebbing@edu.tbz.ch"|"KUrlpf-bUYl@o-T04YCT"
"alizee.nye@edu.tbz.ch"|"Zz7Wof-z2#JCX-qa40bN"
"celestine.bramley@edu.tbz.ch"|"r5RzYV-poYPvW-fop&#Z"
"selene.philcott@edu.tbz.ch"|"pN05uw-GQgjw9-P%vS&t"
"tang.newens@edu.tbz.ch"|"&mEf#c-ExXYsa-z2@Qn9"
"annotes.powys@edu.tbz.ch"|"x#2sFW-78eLza-HIGqgW"
"lea.matthesius@edu.tbz.ch"|"g5d4TJ-n6lrPR-rSd6J&"
"illustree.garlett@edu.tbz.ch"|"M6wLjM-eTzCyX-4m9HQU"
"maiwenn.meachem@edu.tbz.ch"|"3h4JbZ-aTmiND-tXWchB"
"marie-francoise.mcbrady@edu.tbz.ch"|"Pch$Gq-&MOKP0-ERIspX"
"illustree.gimbart@edu.tbz.ch"|"x%7dmj-Ayb5q7-8gozet"
"melys.lyosik@edu.tbz.ch"|"jWegpP-GKb2v9-98V2HP"
"marylene.mcnab@edu.tbz.ch"|"MFcpsD-AQ&lKh-3TEA1F"
"gerald.blount@edu.tbz.ch"|"tXMzhs-4H#I@b-sD#Kaz"
"clelia.shakelade@edu.tbz.ch"|"hivvU%-G6aDDJ-fy0mUh"
"penelope.cridlin@edu.tbz.ch"|"MBWiwS-OGZ1qy-XJ4FJ@"
"maena.okuddyhy@edu.tbz.ch"|"pemGFv-$A$%qa-X4f%fK"
"athena.keynd@edu.tbz.ch"|"0mEQyC-Zroa0k-BoAQC@"
"cloe.dwine@edu.tbz.ch"|"MS3uqi-murM#%-rh%ksM"
"josephine.browett@edu.tbz.ch"|"o9NYLM-jvWJlI-YcLSPV"
"audreanne.oscanlon@edu.tbz.ch"|"agcKJq-pr5k&F-K0zQ8B"
"fei.jeanequin@edu.tbz.ch"|"%x1oVf-b1h1F3-ZDUt8V"
"lois.gormally@edu.tbz.ch"|"SbcirV-CTWY#B-LK1Tdv"
"marie-francoise.finnigan@edu.tbz.ch"|"yGpq$2-BbSib0-&mbRK7"
"leonore.trussman@edu.tbz.ch"|"#ck68N-%#3AtE-i@rx@b"
"anaelle.trumper@edu.tbz.ch"|"R7Nkt4-wW6krk-GEO@TF"
"clemence.dionis@edu.tbz.ch"|"a4I@pG-85wAFq-t$$dUR"
"lois.tranmer@edu.tbz.ch"|"#XPR9i-WhuJam-GapLL$"
"interessant.volett@edu.tbz.ch"|"LwTEZD-CVdH4T-eld3bx"
"personnalisee.deackes@edu.tbz.ch"|"F7QVLO-xagAd3-p4cU8g"
"lie.vasiliu@edu.tbz.ch"|"PE#MHN-cqOivx-iJNvc#"
"dafnee.lamputt@edu.tbz.ch"|"g&@GPC-vecg5#-Qs0mpr"
"elies.bromige@edu.tbz.ch"|"F6aLKw-g#m1Y7-bZZEf$"
"helena.klosser@edu.tbz.ch"|"MH1k9m-4CV6TF-I0uLDb"
"andree.grim@edu.tbz.ch"|"UoRX6e-t46gX6-qVwGd4"
"verane.coldbath@edu.tbz.ch"|"9aVOvv-$HmatH-FFgh2u"
"helena.bethell@edu.tbz.ch"|"fd8mm1-bYaF&F-q1ROhU"
"kalliste.carefull@edu.tbz.ch"|"4IG5m1-95MXtb-cjzLTO"
"regine.odams@edu.tbz.ch"|"AdCSKl-E810zK-R9%ViF"
"len.stannus@edu.tbz.ch"|"zJ7WUl-1qAmHB-U%mtiQ"
"angelique.works@edu.tbz.ch"|"HnUOTB-$VxMP3-ChjuAO"
"goesta.rheaume@edu.tbz.ch"|"QWK8oG-2uz9qK-yWij9D"
"maelys.tynnan@edu.tbz.ch"|"9%zZGY-nmTrFQ-yBEUBx"
"maelle.carlesi@edu.tbz.ch"|"6@wptn-%j%4Ij-rCWBa&"
"anael.spurden@edu.tbz.ch"|"EyCNWN-&7%c2@-N6xkHW"
"helene.pumfrett@edu.tbz.ch"|"$4GwLm-Uttz$I-m7R$l1"
"goerel.pearn@edu.tbz.ch"|"3fZvvH-NEWHai-olnoos"
"laurelie.dezamora@edu.tbz.ch"|"%ET1ER-$jLfXQ-0lPjSn"
"yao.twidale@edu.tbz.ch"|"kjeFIy-fO4O7&-5z@Fpg"
"berengere.sola@edu.tbz.ch"|"0ji1X6-W4qxOV-4uFayJ"
"maelann.hardistry@edu.tbz.ch"|"lY#WmN-Y7NKq2-b#ZAcR"
"severine.littlefield@edu.tbz.ch"|"g%2JJg-np5mHB-wvuWM#"
"salome.heinl@edu.tbz.ch"|"OFEIkR-CEKc@Y-xkYyI7"
"meryl.warbey@edu.tbz.ch"|"Se@wN8-Ob@HEi-d@deVu"
"da.hunstone@edu.tbz.ch"|"S&UcJu-3LOPMo-G2rIK8"
"venus.broadbury@edu.tbz.ch"|"ZAGiCD-I20rbl-x&MmuV"
"meghane.rentelll@edu.tbz.ch"|"5UgyAN-GBPVLu-7XmcpK"
"marylene.drewitt@edu.tbz.ch"|"1x4$tz-1qciTJ-VQjcBM"
"melinda.jacquemet@edu.tbz.ch"|"loeSQU-yDqFBi-$QObpl"
"marie-josee.keyden@edu.tbz.ch"|"iQyrMw-cQTG#H-cx89F2"
"asloeg.montacute@edu.tbz.ch"|"UdEhpq-BHK5#i-BUWh35"
"ku.andreou@edu.tbz.ch"|"39%ag8-tEehHQ-pw4Koi"
"personnalisee.feaveer@edu.tbz.ch"|"$j9YvQ-nJTpa$-BQUEPr"
"laila.emptage@edu.tbz.ch"|"8HfZS3-ud6Dmj-O@RgFb"
"bjoern.dawdry@edu.tbz.ch"|"IyV6N5-piV&3D-BPZ5kL"
"marie-eve.dinsell@edu.tbz.ch"|"51nJUb-o#EOSr-tJTZO8"
"helene.follett@edu.tbz.ch"|"wzknxe-LrI2qr-owEom8"
"penelope.cordero@edu.tbz.ch"|"YUYsSD-3F#j&m-nje&CE"
"boerje.beedell@edu.tbz.ch"|"wGpABu-M61AHP-kI1E5x"
"nelie.ferne@edu.tbz.ch"|"h$kl&5-WI9kz2-AuWMEJ"
"celine.ahmed@edu.tbz.ch"|"@#QmpT-lcYx45-9HSLCy"
"stevina.pimblett@edu.tbz.ch"|"w@%HJJ-vZbhP7-&5tJSZ"
"chloe.langlands@edu.tbz.ch"|"%gN@Po-bFKWWY-bs330a"
"simplifies.maude@edu.tbz.ch"|"e4LpzN-97SzjS-MH@FiC"
"genevieve.decarteret@edu.tbz.ch"|"&tM0GQ-Kem43P-EYlsW$"
"marylene.mughal@edu.tbz.ch"|"18ezmZ-nH8341-zV%e3N"
"goeran.guttridge@edu.tbz.ch"|"#&@Aq4-iH$0M%-Dyy#Cy"
"michele.smurfitt@edu.tbz.ch"|"6kPMiu-AmvY7g-5&6PNL"
"methode.hadeke@edu.tbz.ch"|"yq&OIS-7shOlp-vr7SYE"
"therese.rispine@edu.tbz.ch"|"Oh$3D5-0RTB5p-&xB&%m"
"goerel.plumley@edu.tbz.ch"|"KnG65O-9bbOqJ-L4vr34"
"oceane.friett@edu.tbz.ch"|"$AXLQ4-nQYxVR-7Z51Em"
"marie-noel.achromov@edu.tbz.ch"|"N2vDZa-S6Lzi%-SxWwxr"
"dorothee.storek@edu.tbz.ch"|"&PXjVT-H9d2vj-KVk87@"
"goesta.whittle@edu.tbz.ch"|"DOUP2H-i1yccb-wLjb75"
"desiree.casely@edu.tbz.ch"|"Bsi#JE-8aA$7M-g09PhQ"
"felicie.condon@edu.tbz.ch"|"zWIHpk-tuhRHM-TctWl3"
"maelyss.frisdick@edu.tbz.ch"|"qse0qJ-cHdKQO-aEu0oy"
"aimee.banke@edu.tbz.ch"|"Seh8IM-ZuZ5aY-OvvQAN"
"naeva.hodcroft@edu.tbz.ch"|"KXVbbg-9hS$s9-#lWAWc"
"laila.gerrans@edu.tbz.ch"|"cGF7yl-$6$m1E-BDLWQQ"
"daniele.scrimshire@edu.tbz.ch"|"uS7y$e-atYupH-VE0jI8"
"daphnee.sheerin@edu.tbz.ch"|"o@Yc@T-xwdrMb-6oUYq0"
"pal.vanyukov@edu.tbz.ch"|"qI04h9-j%pz96-#DAtmE"
"zoe.childs@edu.tbz.ch"|"2yyIbW-bYYrHn-Yys21I"
"ai.corde@edu.tbz.ch"|"kYIrMT-rq35TD-xqArxz"
"maelys.berryann@edu.tbz.ch"|"iF54Ec-L9MqXN-yIRdiT"
"cloe.gladding@edu.tbz.ch"|"UJbVzP-y6Ui8p-ecDbLu"
"wa.kinnaird@edu.tbz.ch"|"oZiR@H-if$VCg-NM73Cs"
"publicite.brittoner@edu.tbz.ch"|"$qSoi5-B4A7Hs-mzDKdv"
"rao.windress@edu.tbz.ch"|"U8AFLy-PeWP@X-rpwflm"
"uo.kollach@edu.tbz.ch"|"$qLjTj-AxBX1N-kdv#9X"
"josee.peskett@edu.tbz.ch"|"yJqUxE-wwVAdl-GcEb@G"
"annotee.hasel@edu.tbz.ch"|"fi%dT%-jrjbmo-wkv#Gb"
"cinema.lee@edu.tbz.ch"|"lQvGS%-7aUuCe-2OdU$i"
"lai.vedeshkin@edu.tbz.ch"|"C#nWJx-gH%Ov@-b7x5Xv"
"renee.brisbane@edu.tbz.ch"|"f5dk1m-AzE@6d-PhQAFw"
"ophelie.blincoe@edu.tbz.ch"|"3BN%xc-5VV$xV-Kk$Bja"
"zhi.prazor@edu.tbz.ch"|"R2q4c@-3Ib8Ce-rI0wtH"
"annotee.maddicks@edu.tbz.ch"|"FE1O&N-bHsM7#-7nVFyS"
"maelyss.codd@edu.tbz.ch"|"Fr6j9z-r5jAu1-$p5Kxi"
"celia.peplay@edu.tbz.ch"|"W#E22V-Vz4poF-dfIoiF"
"interessant.skone@edu.tbz.ch"|"h5ddVN-$lzqxD-cjWGP4"
"audreanne.hebdon@edu.tbz.ch"|"@r5Hd1-frxp@D-QrSnSr"
"oceane.glen@edu.tbz.ch"|"9@tvtI-JGxS1t-V#GQjC"
"daniele.vanyushkin@edu.tbz.ch"|"LR8F#B-@jNDo5-pG7RD3"
"daphnee.ayce@edu.tbz.ch"|"2s5Py@-4twllk-H%i#gP"
"andrea.attride@edu.tbz.ch"|"T&5TMN-TLA0U@-e@9iUE"
"penelope.bridgwood@edu.tbz.ch"|"mkLiq6-FX5voy-jFWZGD"
"mailis.drewitt@edu.tbz.ch"|"#n4Wm5-OzrRov-o#@5fN"
"penelope.mollene@edu.tbz.ch"|"RV7IPE-DCZAo$-@woYUV"
"illustree.keely@edu.tbz.ch"|"O$a5bv-qfWi3Z-kIhE12"
"meng.brisseau@edu.tbz.ch"|"Iha@Uh-JDfJf8-LxsWT8"
"ruo.cleiment@edu.tbz.ch"|"%KMKuE-h0zXPB-zBsbDq"
"maite.krammer@edu.tbz.ch"|"7w8pkx-eeKscC-kpE%VU"
"genevieve.verry@edu.tbz.ch"|"KfKVp1-6daKA8-kpGttx"
"lea.olochan@edu.tbz.ch"|"ZL24XL-pt6d3c-jGCLtZ"
"naelle.brunnen@edu.tbz.ch"|"yJzvrQ-1JddKG-bzy%rZ"
"goesta.bragginton@edu.tbz.ch"|"IwIDIv-3UcmP4-XB8tO1"
"fei.danilyuk@edu.tbz.ch"|"LPQS#t-Ph$rj8-cSy$3n"
"adelie.turbitt@edu.tbz.ch"|"dOwLOR-hCZ7Dw-ADJx0V"
"marylene.nutman@edu.tbz.ch"|"Tyq#2m-Lk8&WC-&Z&Zf0"
"therese.barbrick@edu.tbz.ch"|"x%bAuy-0qFuzB-&S9B3j"
"melys.kolodziej@edu.tbz.ch"|"%91Q2I-3bZJsY-ELo6sg"
"melanie.runchman@edu.tbz.ch"|"po2SlI-R1L9@w-j8C%RX"
"serena.lafond@edu.tbz.ch"|"sSK&Hc-xrwTmP-QyrBsi"
"pelagie.desmond@edu.tbz.ch"|"@L#9n%-rpldiB-nfhU08"
"wa.spickett@edu.tbz.ch"|"Tu8LG%-#JdJ6S-aUcsM2"
"po.shave@edu.tbz.ch"|"RfBjkR-gaiIq4-a4uPNS"
"song.huikerby@edu.tbz.ch"|"wLVk7K-PvI1N0-rxdAFp"
"melinda.bimson@edu.tbz.ch"|"8z6Ppc-0eFrMN-f&uCn7"
"personnalisee.toffanelli@edu.tbz.ch"|"GSY2Og-pgxNqa-ZKxtUq"
"leandre.hurn@edu.tbz.ch"|"d@8LNa-otXDkS-8tm&q5"
"oesten.standell@edu.tbz.ch"|"Rgxzej-K1B@TD-G7YydX"
"naelle.smaleman@edu.tbz.ch"|"zUbLRV-Y@sQuh-W6nbic"
"berenice.tayt@edu.tbz.ch"|"5L1fOi-f%%O7p-H@FFvA"
"kui.popplewell@edu.tbz.ch"|"J@V#Z#-EW@0Fb-JGvskd"
"melodie.ferandez@edu.tbz.ch"|"NR2yum-Lj$wL6-QA3aBG"
"josee.negal@edu.tbz.ch"|"g#EDC8-yHBfzC-WUqaO&"
"melissandre.ferrelli@edu.tbz.ch"|"bzXqbO-20TvZh-hy4ROw"
"josephine.kemmer@edu.tbz.ch"|"seSKyU-hIVVDA-@ArIrp"
"maely.cayette@edu.tbz.ch"|"&dHC%i-bHZI$X-l7SVSS"
"nelie.vela@edu.tbz.ch"|"dKD%aS-5Eq9pa-BSFv27"
"melina.cortes@edu.tbz.ch"|"XQ4S4%-cfodP8-H9wDbH"
"megane.leyshon@edu.tbz.ch"|"ewHfyz-fD&H3z-Y$#y%m"
"regine.harrie@edu.tbz.ch"|"5YJP5S-9wDAi8-eV1ssd"
"mylene.widdison@edu.tbz.ch"|"lN52we-ugqkj0-rztzYi"
"pelagie.vivash@edu.tbz.ch"|"8nR#ij-FcnhMP-#9Ga@$"
"styrbjoern.vicarey@edu.tbz.ch"|"Y@#uap-42DQ8n-$T7P4B"
"long.kyles@edu.tbz.ch"|"suX#qh-9yWdar-SyvSjJ"
"stephanie.gipps@edu.tbz.ch"|"Fsu3mB-taSLiV-YHwnqP"
"clea.constantine@edu.tbz.ch"|"MpPmsa-b$Gfhw-vYxiD#"
"maella.cometto@edu.tbz.ch"|"rG1Zgi-W2&ko@-Ee&3dz"
"laila.aubrun@edu.tbz.ch"|"iMrI$A-zptLVy-JQKRvz"
"yao.austins@edu.tbz.ch"|"#zkqxe-P2D1P&-UohRQT"
"mailys.rylstone@edu.tbz.ch"|"#JGhIR-PtVDOQ-VDEs2h"
"adelie.curuclis@edu.tbz.ch"|"bQo0sY-RqujqK-e4NeoS"
"celine.longhurst@edu.tbz.ch"|"&did72-C9JTSk-tyz$OD"
"gisele.hazell@edu.tbz.ch"|"17TXH3-Y&Z8tk-Ucpy55"
"celestine.ciccone@edu.tbz.ch"|"y0qfnN-deydhX-3vJ4F5"
"maelyss.doole@edu.tbz.ch"|"6MuNDk-WRg&Q@-u4FOi8"
"helene.grimsdike@edu.tbz.ch"|"OSPcAe-399DMb-KFFNkV"
"lie.macer@edu.tbz.ch"|"LBr48m-3Yk4ZZ-niH&WC"
"maely.izard@edu.tbz.ch"|"vP@%@&-IfVXhH-%Ti3B%"
"erwei.breewood@edu.tbz.ch"|"xrqMsm-FS%iOw-0NLlaZ"
"chloe.woolford@edu.tbz.ch"|"DfGGlt-k6hlZu-be6YjR"
"cleopatre.turpin@edu.tbz.ch"|"jt&UOv-ydApjY-he6b3m"
"melodie.surgison@edu.tbz.ch"|"1Stt5F-wu%qPM-tX&9ot"
"elies.leander@edu.tbz.ch"|"AA9532-QOshwX-v6$1@5"
"mediamass.reignould@edu.tbz.ch"|"5kNrYR-wHHa%i-i@38fd"
"celestine.wasmuth@edu.tbz.ch"|"fu2x8j-JK7$NR-4Q4bYD"
"marten.jervis@edu.tbz.ch"|"ner120-TYTvhI-PHWKpi"
"daphnee.bour@edu.tbz.ch"|"giho5A-1WK3fJ-GQ7Jkf"
"regine.harlett@edu.tbz.ch"|"$cgRFB-z9DWoE-4#xi0x"
"noemie.macaskie@edu.tbz.ch"|"@LMFsZ-kSSTga-wo$EEc"
"loic.renfield@edu.tbz.ch"|"FPeT3C-aFHiFO-Szku16"
"venus.kleinert@edu.tbz.ch"|"mp@wff-F#lTTl-5Vo58A"
"marten.burlay@edu.tbz.ch"|"rB6icR-nMBVr7-xsiFcu"
"berengere.radsdale@edu.tbz.ch"|"e@J#t%-JaHGwS-3PTFg6"
"genevieve.duckit@edu.tbz.ch"|"sHCAJh-C$x0eF-m4y7I7"
"maely.ligerton@edu.tbz.ch"|"mFKNjK-UPsZZ%-VEiB0W"
"maeline.ricciardelli@edu.tbz.ch"|"JUJ9E3-xx0FwN-DH7s9Q"
"personnalisee.yggo@edu.tbz.ch"|"DaZKMR-29DBrs-DpQvHP"
"alizee.pettinger@edu.tbz.ch"|"MiiThR-kOMt@8-2AbUyP"
"desiree.curnnokk@edu.tbz.ch"|"kkPSd6-shK%5l-Cprd$Y"
"dorothee.minors@edu.tbz.ch"|"cdUJWe-aE#c%h-@tQgl0"
"oceanne.kopmann@edu.tbz.ch"|"Sixi8Z-xEDyZM-zGUcRp"
"almerinda.brodbin@edu.tbz.ch"|"5bpvjg-MucyO8-mEmhVC"
"yenora.carsberg@edu.tbz.ch"|"Oa3%Ss-&z4ajn-LWl4aH"
"wa.beetles@edu.tbz.ch"|"V$ymH6-OC@t8g-J6c&tB"
"audreanne.abbot@edu.tbz.ch"|"rVQAbZ-BS3a3y-buMF#P"
"noemie.capper@edu.tbz.ch"|"1Lp#5o-DOkfyI-g3BU&@"
"mans.abramamov@edu.tbz.ch"|"BCbhcW-otGNFD-bRguO1"
"audreanne.blakey@edu.tbz.ch"|"pWVR@7-zv26%N-ObC%T0"
"leone.klimpke@edu.tbz.ch"|"#fcZ7K-z5nNKQ-&idvPK"
"lie.croston@edu.tbz.ch"|"11f5MJ-RrOhf%-ZQTi43"
"anaelle.baistow@edu.tbz.ch"|"x&b#Ef-sEXA#B-xSu@7b"
"michele.garwood@edu.tbz.ch"|"QeeLgd-ug@5fJ-Rs%Gey"
"interessant.albion@edu.tbz.ch"|"e4viXT-8nz6l1-rgz4&L"
"andre.brisco@edu.tbz.ch"|"zREi9G-Sj#%mb-J24Ff3"
"tang.totterdill@edu.tbz.ch"|"YJmJ86-fAUb#W-VZxPtX"
"marie-josee.braundt@edu.tbz.ch"|"PV&RCk-kPsJ7V-9WR#bh"
"lois.galer@edu.tbz.ch"|"bdq9oW-px4AsB-PToPQs"
"faites.pellamonuten@edu.tbz.ch"|"CkeuW0-Ijal92-nhZXVO"
"mai.barfford@edu.tbz.ch"|"QJ@l3Y-gnM&BC-9A6n3E"
"laurene.macilory@edu.tbz.ch"|"1hS%eh-0XrUeY-LSf6kq"
"elea.peak@edu.tbz.ch"|"BtypRj-o67niy-JyL2pG"
"rejane.doni@edu.tbz.ch"|"ybOQ5#-vYt4cl-ACz#i0"
"mahelie.ector@edu.tbz.ch"|"qdGK1#-7WPN$9-d9Eck6"
"rachele.allum@edu.tbz.ch"|"R1DXFe-TRUBYf-mR7rdj"
"laila.gerretsen@edu.tbz.ch"|"f348$N-mc8e0F-AHt04v"
"ines.bowman@edu.tbz.ch"|"KX66xz-I$j#3R-K0rCaE"
"publicite.barbary@edu.tbz.ch"|"C9fxht-01#p&b-YA%wRc"
"mailys.smooth@edu.tbz.ch"|"af6iWH-Ed46bQ-dQnl5b"
"mailis.huguenet@edu.tbz.ch"|"6kE@ia-dut9lb-ezy38v"
"lea.ewer@edu.tbz.ch"|"@c@4Dj-@l2OQO-BUsez#"
