"email"|"password"
"melodie.vandervlies@edu.tbz.ch"|"IAVJsK-%DxcjZ-o&PlNg"
"angele.edgecumbe@edu.tbz.ch"|"tO#HGi-FeOLB4-bS35uS"
"zhi.andreasson@edu.tbz.ch"|"74vtgg-I4%%@7-rzSGc6"
"judicael.koppeck@edu.tbz.ch"|"EbiINs-SwjtDD-OGmR1c"
"berengere.capron@edu.tbz.ch"|"YDPlN0-xxF3qo-%D#KAU"
"leonie.brosini@edu.tbz.ch"|"fcpW@#-vqv5GX-tSg8aF"
"venus.garfit@edu.tbz.ch"|"mRg#4G-DXCKoc-yxaLJ1"
"melina.janota@edu.tbz.ch"|"N3UQH3-aiEExZ-B9%wOk"
"laurene.bake@edu.tbz.ch"|"v98dRT-fvU54S-yPKRMm"
"regine.dorkins@edu.tbz.ch"|"9K2b5g-dqB27H-1$NWoe"
"cecile.moffet@edu.tbz.ch"|"8Oe@5w-Tu97AM-vGk3Za"
"maelann.labrone@edu.tbz.ch"|"jHCQ7b-RKV5@$-38OmLv"
"melinda.newbold@edu.tbz.ch"|"X$wZ5W-GXz3ZG-@1mWmB"
"mans.itzhak@edu.tbz.ch"|"txNFyp-KVxj#2-65waKx"
"melodie.pattlel@edu.tbz.ch"|"Z64szA-ekdPh$-j&HkBL"
"celine.bonett@edu.tbz.ch"|"I5Cwfj-Up%$pD-0lKq5y"
"adelie.mcgreal@edu.tbz.ch"|"hVP8tb-Kjxh#b-IDl3bo"
"helene.soldan@edu.tbz.ch"|"2I&7Cx-%BHPS5-wQeNyH"
"michele.cluer@edu.tbz.ch"|"1t#GxJ-8ZTaPP-KMCuZb"
"maeline.mueller@edu.tbz.ch"|"hDFK2R-QC354l-Dye1x6"
"maelann.benedito@edu.tbz.ch"|"5h9ufr-1eF2z0-&YR9Ss"
"nuo.gransden@edu.tbz.ch"|"v$t#4p-W38L2@-Tks6vA"
"berengere.stainton@edu.tbz.ch"|"gjhJr3-V5VxdE-mp5lmi"
"wa.sabater@edu.tbz.ch"|"L1pOhv-EXHdUO-s#gJjC"
"anais.cochran@edu.tbz.ch"|"B5e9oa-IcI6vn-xrp2E3"
"gerald.bessant@edu.tbz.ch"|"aM4qGk-H5&WhU-ZHWOJr"
"ruo.coffin@edu.tbz.ch"|"l1BFCM-iggr3Y-tvDWI3"
"melodie.mustill@edu.tbz.ch"|"cXHxX3-CqJdq%-ybcqZv"
"ruo.stanesby@edu.tbz.ch"|"M1Pf%a-6442nb-GfSI47"
"noemie.antognelli@edu.tbz.ch"|"KzTQCJ-Vn9uL&-Qs3bze"
"maelann.hughson@edu.tbz.ch"|"&QELvx-Vk@tVk-Ew%P0L"
"milena.mieville@edu.tbz.ch"|"Q3@@C1-8xy0S6-KMW8sH"
"mailys.chamberlin@edu.tbz.ch"|"6r3k1$-6EC97m-%xUFBu"
"nadege.tomalin@edu.tbz.ch"|"IlzR47-UqhDkJ-QO01kE"
"oceane.omara@edu.tbz.ch"|"tZOYgc-0ySm&V-%fHKhy"
"cecile.aguirrezabala@edu.tbz.ch"|"G4eLx&-f#V33K-COQxOc"
"maella.gwillim@edu.tbz.ch"|"AY&cb$-M$4uq&-tWQtj8"
"lea.mcgahey@edu.tbz.ch"|"@Ea@%9-RCFatd-&5A7L6"
"laurene.hagerty@edu.tbz.ch"|"e7OkCN-bPL18g-l%lgnI"
"dorothee.link@edu.tbz.ch"|"0FYEZl-C&hv5x-WVbZHP"
"clementine.kynsey@edu.tbz.ch"|"W&zMAr-WCxAyO-EhTF7T"
"lorene.smitherman@edu.tbz.ch"|"rCDfZA-#Krh@P-C2mmRZ"
"cleopatre.klulicek@edu.tbz.ch"|"IotwLe-gYsiH0-LcSdvX"
"laurene.castaneda@edu.tbz.ch"|"8z%KB9-PA2qfQ-y#%4CZ"
"melia.constant@edu.tbz.ch"|"DzWi2J-%w8CP3-TFhF6B"
"lucrece.clunie@edu.tbz.ch"|"WK0Yyk-PWm%hf-JQ3KXI"
"eleonore.mcmurthy@edu.tbz.ch"|"ZzGZ#Q-z07zg&-gDoHmz"
"melia.bevar@edu.tbz.ch"|"2vkI8I-PBLK61-FTwXko"
"camelia.bontine@edu.tbz.ch"|"sajOcQ-970DMV-gh0qKB"
"methode.jozefczak@edu.tbz.ch"|"5$2Bwz-ljUrio-y0cNKN"
"audreanne.hinsche@edu.tbz.ch"|"DU@Clk-epfQQ0-$NKPI%"
"andree.varne@edu.tbz.ch"|"KC2pkr-%J$rW&-@JvSaD"
"marten.kinleyside@edu.tbz.ch"|"kucy56-QUylLN-tFALG5"
"esteve.mcewan@edu.tbz.ch"|"eGzQL8-bfqftm-e2FDXz"
"leane.dibbert@edu.tbz.ch"|"0hzlfS-R3oEdk-hQQ22m"
"ma.thewlis@edu.tbz.ch"|"FNJu&l-9gNFG2-yAsvRR"
"clea.djurkovic@edu.tbz.ch"|"DGG0Al-hxTlxj-YTAdMi"
"rachele.reburn@edu.tbz.ch"|"SAMli3-k#DRD1-XOXGpf"
"gerald.gowling@edu.tbz.ch"|"7w2WQk-AueFpi-EkDhLB"
"cleopatre.jackson@edu.tbz.ch"|"Mi6jX@-1YDvBf-FU02KV"
"desiree.haskins@edu.tbz.ch"|"VMyL4k-T2DBJX-ojs8SJ"
"eleonore.longson@edu.tbz.ch"|"Qm4GC1-0e@Z30-Dz#@f7"
"leane.dybell@edu.tbz.ch"|"FYmSKL-AP8MV$-nxRL42"
"becassine.grzesiak@edu.tbz.ch"|"rJDIB6-oGswAh-BDH0i7"
"marie-josee.pickin@edu.tbz.ch"|"%Z$0w#-mn4CkQ-IAylcc"
"marie-josee.roxby@edu.tbz.ch"|"shxnN2-Fk0mBZ-lksuYo"
"leonie.feenan@edu.tbz.ch"|"Wfq38n-C0gBbh-XGwty7"
"valerie.ellum@edu.tbz.ch"|"dV8G9e-d9xi8n-VL$H&&"
"ju.caseri@edu.tbz.ch"|"0Q%rGr-ysCYT8-c$ijJE"
"boerje.strangman@edu.tbz.ch"|"8$ke&R-y4mLPc-VYHd$P"
"beatrice.ghidelli@edu.tbz.ch"|"U#9NOF-VV85CC-&Dv3Cm"
"da.jablonski@edu.tbz.ch"|"49r#hP-v1$bdk-fsQc1A"
"uo.beveridge@edu.tbz.ch"|"Vd0QJG-pn7bXG-wJElLq"
"valerie.bestman@edu.tbz.ch"|"pkUKQJ-gPJNdr-4mINHp"
"marlene.pohls@edu.tbz.ch"|"c5Zimz-M7r5cU-ktKoV4"
"ma.nolda@edu.tbz.ch"|"nQKXVn-Z1N2Vh-zHtvSV"
"marlene.bisiker@edu.tbz.ch"|"dbe0Nn-87GYpb-b#pfOy"
"estee.babon@edu.tbz.ch"|"e19Yn6-46xmZ8-6&#2Vq"
"simplifies.dmisek@edu.tbz.ch"|"Dm%dwz-sPqW@G-QT21l3"
"selene.ganing@edu.tbz.ch"|"UUKNDf-9ZpZa0-nVDe71"
"meryl.penke@edu.tbz.ch"|"GSNRD#-6Kc5JK-fm9txo"
"anais.rawcliff@edu.tbz.ch"|"vppkRf-FL##xp-cARxzQ"
"melina.andri@edu.tbz.ch"|"GRdSyr-X3H8Nl-v$$DQW"
"audreanne.fodden@edu.tbz.ch"|"t#6R%z-QiiS7d-7lCGGr"
"bjoern.spellesy@edu.tbz.ch"|"MxTi&Z-giCmMt-VzkktN"
"francoise.summerscales@edu.tbz.ch"|"s%jE3U-KwOr#k-6qsjcZ"
"laurene.ashtonhurst@edu.tbz.ch"|"dUAk%p-fqirWD-tIfYcp"
"valerie.petters@edu.tbz.ch"|"@8656d-iaJcm%-ERdz@2"
"anael.spenclay@edu.tbz.ch"|"maT12F-Ol84Y&-WLYWgJ"
"stephanie.keech@edu.tbz.ch"|"wO1tJF-Zxvu7l-MejOFn"
"ines.deveril@edu.tbz.ch"|"6QGfis-AJ79G#-QeLR7J"
"berenice.gelder@edu.tbz.ch"|"7rWgIN-uf2Aqi-YMCMAQ"
"melanie.ofogerty@edu.tbz.ch"|"wbzORx-00hmU1-InsGhD"
"frederique.canepe@edu.tbz.ch"|"m4aYN1-1LkRt#-Z5ktyQ"
"nuo.otton@edu.tbz.ch"|"lfx7xC-aPOasr-gODvjA"
"genevieve.trusler@edu.tbz.ch"|"u$@kT6-97JZ%Z-12%ctb"
"ju.boag@edu.tbz.ch"|"s2ScYu-0c6p0e-N8muUL"
"josephine.dilucia@edu.tbz.ch"|"wl4h7Y-BbsR#K-s7UPkc"
"laurene.armsden@edu.tbz.ch"|"BTpYXa-RcmJ2m-x0cxtO"
"becassine.griffe@edu.tbz.ch"|"cpC99b-jFyC4&-&eCj5N"
"alois.parres@edu.tbz.ch"|"K037&Q-GEuxT9-ZEgbhg"
"cleopatre.gaffey@edu.tbz.ch"|"hSYmef-YB4R8f-WFRfJ2"
"andre.stiger@edu.tbz.ch"|"pRaXC7-R2qZJg-@D9yLP"
"beatrice.godleman@edu.tbz.ch"|"0tYfJF-2g7P6y-PU@k2D"
"hakan.harrhy@edu.tbz.ch"|"xb6RxT-Q@cgfI-tW2RF%"
"celestine.dagnan@edu.tbz.ch"|"#pJdr$-sEZ4X2-dsqG8A"
"clemence.haggart@edu.tbz.ch"|"H4laKw-epPj7n-QnToX4"
"long.caban@edu.tbz.ch"|"mxRK$1-AmHXyA-SOi5tz"
"gaetane.grimble@edu.tbz.ch"|"JObyTz-@Gjly1-Q%Fja3"
"maelann.piwall@edu.tbz.ch"|"$f4o0G-mIeVH7-11i%yE"
"magdalene.loble@edu.tbz.ch"|"@kzo$0-wp8yEi-1zwiUt"
"veronique.domaschke@edu.tbz.ch"|"OChph6-cyMed6-3RnLd&"
"clea.herity@edu.tbz.ch"|"e3c7h%-YOW2z$-EfVY50"
"maelann.bambrough@edu.tbz.ch"|"cI#ETE-PCK7BW-ejl5We"
"clea.goulstone@edu.tbz.ch"|"M9hGlM-YoOh2D-p&laoi"
"renee.deleek@edu.tbz.ch"|"#vUszr-6$a@TD-e3BXI%"
"boerje.rudderham@edu.tbz.ch"|"D2Qp6b-r1dqid-7&YwNe"
"marylene.broune@edu.tbz.ch"|"SnU&h%-rvVzUS-WD58OC"
"nadege.mccuish@edu.tbz.ch"|"&&U4ZU-OU7myM-j3DR07"
"anael.littleover@edu.tbz.ch"|"WoUURe-Is9pW2-kqqZF$"
"lie.baume@edu.tbz.ch"|"#@O622-yKHI7X-IvsafF"
"maella.murrow@edu.tbz.ch"|"#e#%xV-lJtkL0-Cyd@H3"
"cleopatre.pettifor@edu.tbz.ch"|"qLBlnE-WMQNwj-P3qhJc"
"geraldine.asker@edu.tbz.ch"|"C0aJeS-uoilCa-9ys$O#"
"gaetane.smedmore@edu.tbz.ch"|"henUjD-aOB1hX-wqtLJM"
"meryl.blencoe@edu.tbz.ch"|"N#hYEP-M6c9dy-9YYGgV"
"aurelie.chastaing@edu.tbz.ch"|"B1#2@k-IxK84J-FVrVEM"
"oceanne.marthen@edu.tbz.ch"|"1WFyTz-R1xhvN-9UGY$N"
"dorothee.burrill@edu.tbz.ch"|"QEfg3F-pZ$tZF-lkDGG8"
"hakan.belden@edu.tbz.ch"|"6Csrya-G4BFOo-XsltmJ"
"celine.brunning@edu.tbz.ch"|"vxhONf-WPDYU5-mpNb03"
"anael.lapides@edu.tbz.ch"|"Sy#iPB-njb%IM-SsP16G"
"ruo.saffran@edu.tbz.ch"|"DCUivU-Bj68xe-azYAE&"
"loic.gerretsen@edu.tbz.ch"|"6EfgHm-c6$1%M-Ho$1Nx"
"rui.fitzer@edu.tbz.ch"|"CoHl@X-zNcvzS-yT#guA"
"annotee.ogers@edu.tbz.ch"|"#vElJh-BbCf25-gJ@byd"
"boerje.bindin@edu.tbz.ch"|"HA6UNM-JZUxRP-@CDdik"
"ma.cronchey@edu.tbz.ch"|"W%CpyS-YxS3lF-V2TFbI"
"laurelie.baiyle@edu.tbz.ch"|"zJvysh-gxhXvI-axIpo1"
"dorothee.older@edu.tbz.ch"|"L&0W56-f1WE&p-TztDmX"
"laurena.wile@edu.tbz.ch"|"#4&2qW-lyQmU4-P6mLUm"
"clemence.brito@edu.tbz.ch"|"PBKrOW-A6%nA2-uv65Ic"
"nadege.dallin@edu.tbz.ch"|"JQSnlu-uqpB5L-dzbCDB"
"mailis.matley@edu.tbz.ch"|"456U$b-$hBSvu-5Fk3e%"
"daniele.screaton@edu.tbz.ch"|"0hSDNA-P4%x2s-qaPjxN"
"mediamass.godly@edu.tbz.ch"|"gF&kVC-E@jl31-#ia8W5"
"leone.kremer@edu.tbz.ch"|"7mOLQd-X7osU5-MOxL3e"
"asa.adrian@edu.tbz.ch"|"&c@si6-M4aWco-xQF#M4"
"adele.doley@edu.tbz.ch"|"P%10RC-wQh2G3-GknJwI"
"fei.sidney@edu.tbz.ch"|"L9oFZ#-kLcrg4-pYpZ#v"
"marie-josee.walisiak@edu.tbz.ch"|"4O2%lR-jQU0mr-LPUg3E"
"desiree.diplock@edu.tbz.ch"|"S7@DxO-@Q8&4u-DLFIb0"
"gisele.schust@edu.tbz.ch"|"WFUEgq-vNGQks-S#bGp@"
"ma.longshaw@edu.tbz.ch"|"RG@Svc-1ke2%U-FZcNIe"
"da.boother@edu.tbz.ch"|"fqxqFV-ETOkD&-6pyGL7"
"simplifies.chaudhry@edu.tbz.ch"|"ixah8m-FUhD%f-%TJ8$B"
"garcon.baniard@edu.tbz.ch"|"BVa0ZT-WFIfER-p#H84&"
"gaetane.elphee@edu.tbz.ch"|"$vR8pe-GsvUAc-990lIm"
"gisele.hassey@edu.tbz.ch"|"Xx1jak-jHaq@W-Ol%xIK"
"oceanne.booley@edu.tbz.ch"|"rLd8ry-db0CWb-1lq@@C"
"oerjan.dibden@edu.tbz.ch"|"O5opFl-twwnfn-XWsqw$"
"regine.ocleary@edu.tbz.ch"|"o25oSd-h6$JUJ-Gv%rj8"
"selene.persse@edu.tbz.ch"|"m0iVfn-Q#EkC@-pcvW7X"
"helena.adenot@edu.tbz.ch"|"vBV&L#-tJ4kx9-fhba&i"
"maelann.wassung@edu.tbz.ch"|"CKjioR-PhBqBs-3D1k5J"
"frederique.ackermann@edu.tbz.ch"|"t8Ctei-DbRya@-cphM@I"
"audreanne.kahen@edu.tbz.ch"|"1xLDob-ipNc8u-7cEJk0"
"maiwenn.lasty@edu.tbz.ch"|"a6##Jk-smlJhc-XIx@I2"
"yu.dictus@edu.tbz.ch"|"YYPjiv-D6Zn1&-bTsd1P"
"anae.dukes@edu.tbz.ch"|"po2NXf-eSL$Ke-SXW6z9"
"yenora.warr@edu.tbz.ch"|"rTUEqd-X%DTtQ-L@G8B#"
"esbjoern.archibold@edu.tbz.ch"|"hdUbC5-WJxpvs-1Ghixv"
"milena.pardal@edu.tbz.ch"|"GALOEH-O@8heA-Z$i7s$"
"celestine.graveston@edu.tbz.ch"|"jbVvqK-wW6xr7-zlq7Oj"
"maena.dallas@edu.tbz.ch"|"MyWQG5-X6cpKc-xTwGkp"
"andree.tuke@edu.tbz.ch"|"@nfLtY-hir9gq-TzPQVq"
"methode.seldner@edu.tbz.ch"|"syAs%$-TlH%vV-NYTT0@"
"venus.bullas@edu.tbz.ch"|"CYQ%Mn-Qi9nuc-P$xcEp"
"mans.aguirrezabal@edu.tbz.ch"|"#wQ1DB-yL7Hfv-ZxxyJ6"
"gaelle.eadington@edu.tbz.ch"|"3JuBU1-mkwsJy-YmNHH@"
"anaelle.falkner@edu.tbz.ch"|"mc5@qd-crLGbF-vc@5v2"
"ophelie.height@edu.tbz.ch"|"6nbT#T-CD@TLr-&y%5NR"
"marten.bolding@edu.tbz.ch"|"NEhY4n-GnjrPu-Rjt&TC"
"pelagie.guswell@edu.tbz.ch"|"touLfS-uu8z3R-mEnx4V"
"gwenaelle.lecount@edu.tbz.ch"|"OcrLXu-#iRIqQ-uZdo7u"
"hakan.laden@edu.tbz.ch"|"Zxv1pG-s%mtD9-IX&3h8"
"marie-josee.hylands@edu.tbz.ch"|"LRfaxH-g%gn5H-rfHk88"
"zoe.kingshott@edu.tbz.ch"|"YM@bk6-yWK%h4-NpB5zC"
"josee.janous@edu.tbz.ch"|"JtNPa0-e2Cz7d-GJ73J7"
"laurene.gallally@edu.tbz.ch"|"LQ3f%T-WrLij6-&paDO@"
"anael.bickle@edu.tbz.ch"|"9jTLcF-on6PKm-QfyfLs"
"mediamass.lebbern@edu.tbz.ch"|"DXThK8-ghUxwb-SZUcZX"
"berengere.hovy@edu.tbz.ch"|"f7dxYD-Yu1%8o-%BOl6N"
"oerjan.kilmurray@edu.tbz.ch"|"Fm6#eB-ALO3Uc-TnF&qW"
"asloeg.venny@edu.tbz.ch"|"Ay8Igw-o#tf53-8bl50m"
"marie-noel.stoad@edu.tbz.ch"|"OR6#Ze-eMsE$W-Luu2x1"
"hakan.pettifor@edu.tbz.ch"|"UzlL7t-82edPc-&TwidX"
"maella.willgrass@edu.tbz.ch"|"UU5uWY-RStr@V-#uI684"
"therese.ludovici@edu.tbz.ch"|"v$eP6D-feukOs-lfG7D4"
"stephanie.trewhitt@edu.tbz.ch"|"FHBi4J-EDitg2-ZRv9tS"
"maerta.bauduccio@edu.tbz.ch"|"$2mP&N-WN1Q4y-Ce1t8A"
"gaetane.glaisner@edu.tbz.ch"|"LSd8xn-nq&tgd-wpXY2Q"
"naeva.pargeter@edu.tbz.ch"|"9moIIG-U%zBCo-jdf@&c"
"salome.venable@edu.tbz.ch"|"&6PLPP-5tgBJf-514a#d"
"boerje.thickett@edu.tbz.ch"|"pHWSSA-P&OR1Z-b47AOL"
"lucrece.prendergrass@edu.tbz.ch"|"t52670-7P$6sI-5ycggQ"
"laurene.ockleshaw@edu.tbz.ch"|"7mKG3s-tUnc1G-QF7oIZ"
"cecilia.pasticznyk@edu.tbz.ch"|"FxAafc-$W6juo-wOquuS"
"stevina.mackey@edu.tbz.ch"|"hUFC#l-$GZd59-yv3keo"
"marie-noel.reven@edu.tbz.ch"|"SX29I0-LJGE5j-MlaAuB"
"melina.quilkin@edu.tbz.ch"|"v&jMgj-&U$1Dw-$jVzkt"
"marie-noel.ferrie@edu.tbz.ch"|"NctgDP-r9Y0AN-Mzm39X"
"leone.alphege@edu.tbz.ch"|"a82Drr-7PK%PC-3KPTmF"
"zoe.leverson@edu.tbz.ch"|"g4favu-Id#JW$-CkX10o"
"annotes.grayne@edu.tbz.ch"|"U@bcxq-uw%iUX-wc3jaa"
"faites.lalley@edu.tbz.ch"|"DrDivK-1$zCwD-S#0h0a"
"adele.wallis@edu.tbz.ch"|"p$tls0-#31Xe&-Q8xgxF"
"severine.madill@edu.tbz.ch"|"b9A%MR-E5Alqa-ZHtH88"
"valerie.tebb@edu.tbz.ch"|"GP2UtY-Q9TSMy-hHQQ@Z"
"kalliste.rasper@edu.tbz.ch"|"Z1V$nj-Xnv4yt-uUu8z3"
"audreanne.palomba@edu.tbz.ch"|"3qKdta-fBed#Z-cp3Yli"
"elea.adamik@edu.tbz.ch"|"RBgCTv-ieQJ5E-Gb0nzg"
"reserves.jakuszewski@edu.tbz.ch"|"%2Qg9v-c@wa#9-xLe7J@"
"athena.belhomme@edu.tbz.ch"|"ySDBi1-v@uC@g-iJ5oeF"
"rebecca.crippin@edu.tbz.ch"|"SAKYV9-VX8GLh-T1ePLb"
"maiwenn.curman@edu.tbz.ch"|"UCtxRw-kz@e%h-5WjLQK"
"andree.bunner@edu.tbz.ch"|"8jRl1W-97ooVR-rOz6rh"
"ruo.winckles@edu.tbz.ch"|"Gl3DV1-l4n45i-#kMLSc"
"naeva.buntine@edu.tbz.ch"|"9r11NU-qjpfzh-Hh0SOp"
"boerje.dollard@edu.tbz.ch"|"c1a46R-l7@YxX-EWC$qU"
"penelope.gorman@edu.tbz.ch"|"DXHa8r-pEMMzh-Fyv5Ow"
"alois.robelin@edu.tbz.ch"|"a4xc0m-V28gj0-gwlpc&"
"anaelle.tindle@edu.tbz.ch"|"J1i2eZ-7JYPET-@VoQkg"
"ye.frears@edu.tbz.ch"|"7@a6L&-onsY1Q-$O0SfO"
"andree.ovid@edu.tbz.ch"|"2LIGr5-fOh6YQ-aI1jX8"
"hakan.peat@edu.tbz.ch"|"SK8jjb-4jiwET-uyBtc8"
"andre.januszewski@edu.tbz.ch"|"ZkGbEG-scC&17-arw6fc"
"annotes.clemmett@edu.tbz.ch"|"75Wp%x-&qACKT-s1ON5A"
"pal.lambswood@edu.tbz.ch"|"@UokoE-l1YWGC-3IpdxH"
"yao.lenton@edu.tbz.ch"|"tfy&ag-VKLjgv-wifOOV"
"hakan.boyton@edu.tbz.ch"|"Ad$ge9-x9rk8i-caXSiu"
"nelie.forsey@edu.tbz.ch"|"YIk6Gd-%0cwR&-fCnlHl"
"hakan.horche@edu.tbz.ch"|"3sP2Cw-oHZl6h-rMVr&O"
"lorene.sinkings@edu.tbz.ch"|"v9iE7l-rmdBoP-J7ti1y"
"marie-therese.creddon@edu.tbz.ch"|"ZXG#8f-Rvgt1A-XP0JZF"
"berenice.tolworthy@edu.tbz.ch"|"lw2$PU-$@r@wO-TfPk62"
"theresa.land@edu.tbz.ch"|"XvQ#28-E9f9O4-Q8c277"
"marie-therese.gianilli@edu.tbz.ch"|"6WYhU2-e$2FCa-YHkDG1"
"meryl.glew@edu.tbz.ch"|"b&S9ag-LzQnE9-lybgsK"
"adele.debling@edu.tbz.ch"|"bEkeZN-7DvHHP-adb7Eh"
"anae.metzke@edu.tbz.ch"|"6mdpc#-oDqa$z-LUDUuV"
"gaetane.gooden@edu.tbz.ch"|"w3cAql-ejcYrX-kpR$UP"
"laila.bootland@edu.tbz.ch"|"YxJW#F-$&2K#b-3fnv4A"
"maite.helsdon@edu.tbz.ch"|"M55W2R-aP&9II-3i%zqh"
"andree.malley@edu.tbz.ch"|"Qm83ej-FC26hY-vb0IqW"
"pal.simmens@edu.tbz.ch"|"ERgd2x-2Jsefn-qiDw3X"
"maelys.nuccitelli@edu.tbz.ch"|"T6x5GN-fJjABS-joraaX"
"dafnee.sibary@edu.tbz.ch"|"w6B7pR-do4tIi-@tvfrC"
"alois.harsnep@edu.tbz.ch"|"$Y0Gm0-19b8jp-5ulhmk"
"marie-helene.lacky@edu.tbz.ch"|"g5Og%X-a%naLu-ChiTac"
"mylene.youthed@edu.tbz.ch"|"jC@#oC-AHxpGl-C77xZf"
"marie-helene.dehmel@edu.tbz.ch"|"WXDqx5-lTdGIb-3VY4Oh"
"angele.batman@edu.tbz.ch"|"FRv5jL-qPSbUi-C7O39@"
"melia.younghusband@edu.tbz.ch"|"9h0e@t-pSTf6Y-ag37Ro"
"eloise.baldi@edu.tbz.ch"|"yjwTqT-dN9a1M-bzLHaq"
"illustree.dun@edu.tbz.ch"|"4nZZpB-u9Woii-AF1CjU"
"genevieve.late@edu.tbz.ch"|"lOdGtl-@PtvBf-AogW1i"
"celestine.colville@edu.tbz.ch"|"MTt6K5-WXCMrR-e12SLU"
"gwenaelle.scarlon@edu.tbz.ch"|"@ODCKJ-k9JN1K-atC#Df"
"regine.boddie@edu.tbz.ch"|"5TZZjM-NHyfon-edVcQZ"
"creez.gaughan@edu.tbz.ch"|"Xh17ti-NHZaKI-nDV25i"
"gaia.longford@edu.tbz.ch"|"uPZ&rz-LfTkaw-KWk%F$"
"mailis.buckby@edu.tbz.ch"|"pJcxkj-zeTk1W-I7OJ85"
"song.parbrook@edu.tbz.ch"|"ClXktS-4gcR9d-Mpc%q#"
"frederique.heddan@edu.tbz.ch"|"J2ZLn6-xgTrSO-wh&Q2b"
"ake.kirtlan@edu.tbz.ch"|"FzHx3Y-U5xua6-%LJcBm"
"nelie.runciman@edu.tbz.ch"|"bcSaVK-HlznJv-eVwo3G"
"mailis.cardnell@edu.tbz.ch"|"O&xfzy-YQPw7G-eCKilu"
"irene.navarro@edu.tbz.ch"|"whyJuq-XVb1H#-RheH0k"
"maite.cough@edu.tbz.ch"|"DWF$6S-oGLqQo-@uVAsp"
"anaelle.stocky@edu.tbz.ch"|"1WXveA-49pKEO-DCbRRj"
"methode.moulder@edu.tbz.ch"|"qab$LU-0x4nv#-2pNjP4"
"po.stafford@edu.tbz.ch"|"qjrDG0-NOjENa-TTSG3B"
"faites.scraggs@edu.tbz.ch"|"YyfgTp-twyeng-ubSkRb"
"adelaide.dullard@edu.tbz.ch"|"fJ#&NE-YNs4ef-p2bic5"
"desiree.leonard@edu.tbz.ch"|"232I8$-hnLELO-JWHS9K"
"geraldine.badgers@edu.tbz.ch"|"9uV#IA-kUY4Tq-%Jkf6b"
"ruo.masic@edu.tbz.ch"|"C@jZjJ-U7LX6p-2x0ZvN"
"aurelie.lieber@edu.tbz.ch"|"0ue&y9-4WEQev-NyLAOx"
"naelle.balcock@edu.tbz.ch"|"Il@yWL-TK@1e1-xBCfdq"
"camelia.elger@edu.tbz.ch"|"Xo&UeK-NWZ@f5-DG$WKB"
"publicite.oakeshott@edu.tbz.ch"|"x0O3bm-v34ii3-YcBlt&"
"cleopatre.fawley@edu.tbz.ch"|"cNL7mD-Jpk7u%-nDb1Fb"
"laurene.bruckmann@edu.tbz.ch"|"XFaQqf-Pgpk19-0UC2Ee"
"rui.haughton@edu.tbz.ch"|"mHvHra-O@lm8x-Em1O1k"
"asa.ladewig@edu.tbz.ch"|"A2Ijkq-Pt7wtW-0@ALCn"
"gisele.janecek@edu.tbz.ch"|"VaEka0-5if@tc-N@dH7R"
"maily.loveridge@edu.tbz.ch"|"ujscU3-z9@I3b-E7kvHv"
"marie-eve.yurkiewicz@edu.tbz.ch"|"82dS#e-F4MTb0-xPH&4h"
"fei.roder@edu.tbz.ch"|"M1xFY$-l1mWUC-d$6KIh"
"edmee.chatburn@edu.tbz.ch"|"0OGP0h-Lb6QGO-4wRwSl"
"geraldine.darke@edu.tbz.ch"|"xEIrjD-BZxbLL-Rk#&Mf"
"ye.jira@edu.tbz.ch"|"H0DzVH-4z334v-pviNjn"
"publicite.persent@edu.tbz.ch"|"VA%%se-7FYhnC-i1Yrft"
"severine.wilcox@edu.tbz.ch"|"jPjP@J-s@gheX-E84qEz"
"yao.mcclaren@edu.tbz.ch"|"MNXHz7-UB%7bz-mthmNL"
"theresa.foynes@edu.tbz.ch"|"GChXpa-8&Ar1@-WPFcYJ"
"stephanie.isley@edu.tbz.ch"|"w&mofB-xRoiO&-&NRUFi"
"torbjoern.growy@edu.tbz.ch"|"Sfm8M1-zTL2Pw-lwy$nH"
"eloise.tunnadine@edu.tbz.ch"|"40m7qi-&1j86S-wz95vS"
"maeline.cossentine@edu.tbz.ch"|"Qbb1vP-UipKuo-ES&#Dr"
"nelie.desantos@edu.tbz.ch"|"UFvrgo-TWooeu-EGpHTq"
"gaetane.axston@edu.tbz.ch"|"ny$72M-On71E2-5VIFn8"
"aimee.merman@edu.tbz.ch"|"HNJBCQ-ZLEJe6-V37f42"
"oerjan.drivers@edu.tbz.ch"|"DFcEWQ-Z5N2WJ-bWmf#j"
"aimee.miroy@edu.tbz.ch"|"ImTKKT-lPT9aC-lcvFe0"
"nelie.glyde@edu.tbz.ch"|"OTxEYj-IeN1d9-#wzrj3"
"hakan.kapelhof@edu.tbz.ch"|"DAabo6-i3taBY-ccdOVd"
"maelyss.cauley@edu.tbz.ch"|"Cxdx2Q-4C$@&4-py3N#i"
"elea.vaggs@edu.tbz.ch"|"8jGgJc-1q52GV-0qnraq"
"maelys.but@edu.tbz.ch"|"DO#s1J-1uBMoU-VvQdef"
"maella.arthurs@edu.tbz.ch"|"gkTxy3-2ldhzx-29$O&F"
"adele.liebrecht@edu.tbz.ch"|"bcy9Tb-0SxZ25-9IkKwR"
"meline.lomasny@edu.tbz.ch"|"e8MabI-ap%q%0-3QmZ8Z"
"mediamass.schwant@edu.tbz.ch"|"slTFsv-2Re%iM-1jNf9N"
"leone.saunt@edu.tbz.ch"|"iPh9uz-HbxwW4-UtWILn"
"annotes.gouch@edu.tbz.ch"|"y37fD#-h5pl2C-nk1H0a"
"gaetane.bowich@edu.tbz.ch"|"Xcts6W-z4P0kr-9w3Lga"
"alizee.strelitzki@edu.tbz.ch"|"bv59B$-hfyj47-roqA9k"
"leone.poile@edu.tbz.ch"|"QIvKZd-Gtxj#Y-zVah5F"
"amelie.saban@edu.tbz.ch"|"6EyP1N-hzSkNx-s2Nq@Q"
"marten.mcmenamin@edu.tbz.ch"|"YvrpLT-W@@TR7-J%OvZM"
"becassine.keets@edu.tbz.ch"|"M4IjMr-LBz46&-iF26a3"
"celine.million@edu.tbz.ch"|"PMNUpr-#W1DzL-9szzwT"
"geraldine.belitz@edu.tbz.ch"|"WcBFH4-l@eeYF-RsUsWA"
"salome.mardling@edu.tbz.ch"|"1fummI-qpIjaD-BUx4fL"
"melia.blakemore@edu.tbz.ch"|"g%ZZLb-j$KC3z-I44Avs"
"dafnee.mcaulay@edu.tbz.ch"|"3zo%49-ehlP2n-o2Q6QU"
"garcon.dennett@edu.tbz.ch"|"6NXfEV-DGLivJ-PylRWR"
"interessant.lesor@edu.tbz.ch"|"qC0DM8-V9x3W8-27h4pe"
"annotee.wasbrough@edu.tbz.ch"|"EU%xes-e2#1pU-jg3VzP"
"asa.ibbeson@edu.tbz.ch"|"DcHgxa-s2Euv4-iBbS4s"
"maily.kennealy@edu.tbz.ch"|"f7nAta-W4QlGP-chwr1j"
"ye.seares@edu.tbz.ch"|"JIW26F-mr&jVA-69tTUe"
"athena.harbron@edu.tbz.ch"|"0mK78%-qeoBMk-Y#DtDr"
"andreanne.portail@edu.tbz.ch"|"KUF5hW-oDw&ru-qKUJ$2"
"goeran.zannelli@edu.tbz.ch"|"va@NMr-Ud%@Om-d@KpnU"
"gerald.leathlay@edu.tbz.ch"|"yw&A6U-K0iRy5-qCVh5f"
"andreanne.chown@edu.tbz.ch"|"HlMBNK-bwr%1t-a6cSzQ"
"esteve.clementel@edu.tbz.ch"|"7v%Q1C-%kMqWV-A9S9XH"
"leone.legan@edu.tbz.ch"|"c3TcVq-cHNPrH-PHtL9g"
"maena.pownall@edu.tbz.ch"|"V@SHCN-BVuW9w-VMIwCN"
"andree.rettie@edu.tbz.ch"|"IrBe7B-r9xEid-DkuA9@"
"ines.kenwrick@edu.tbz.ch"|"fAhhvA-X%k2k7-IhUGvh"
"marie-helene.yarnall@edu.tbz.ch"|"Ua98VQ-JOILla-$HEv$W"
"po.martin@edu.tbz.ch"|"8NVBDu-g8CXct-rvzfux"
"ruo.celiz@edu.tbz.ch"|"vA8gOB-%%xxmT-bTDACv"
"po.bissett@edu.tbz.ch"|"kuDiVn-tuS&Vj-pBf0Uf"
"du.swindon@edu.tbz.ch"|"TkvdWk-ifqqV6-Dycfab"
"interessant.gouldthorp@edu.tbz.ch"|"Oegy2l-eagFkj-KFLtZ#"
"leandre.lilburn@edu.tbz.ch"|"pqNS9w-0su4SQ-Fwj@J5"
"bjoern.whales@edu.tbz.ch"|"tJS&Ry-%Yr36Q-zdrC4v"
"interessant.dieton@edu.tbz.ch"|"$mQkcb-z6d54i-mEicIM"
"celestine.redhills@edu.tbz.ch"|"aE7GFw-e45v0J-Vaznzv"
"tan.yakovlev@edu.tbz.ch"|"mzh8&p-1S&ksH-yt8tuC"
"regine.mcdowell@edu.tbz.ch"|"46#v%a-WH6Z07-@g69uB"
"ju.coysh@edu.tbz.ch"|"@l8LiP-Z$cvlt-%1R2BG"
"reserves.ofallon@edu.tbz.ch"|"AjLYX&-o$WZlZ-yQzRX7"
"frederique.sobey@edu.tbz.ch"|"aRXMEl-kX$xyw-@x6TQ7"
"marie-eve.garstang@edu.tbz.ch"|"tb443c-E85AT8-41cfdu"
"andre.tapin@edu.tbz.ch"|"hgS9f2-x7@Uk0-EiimYD"
"esbjoern.eynon@edu.tbz.ch"|"pf%qOD-kraz90-1J0O%&"
"maella.duffy@edu.tbz.ch"|"6VIJRB-2%EAOb-U@7W&%"
"leandre.twinning@edu.tbz.ch"|"3$KPbF-G@jRAd-BiiVdX"
"mai.whittingham@edu.tbz.ch"|"jcQ9ie-L7Wn0B-1Rk%My"
"rachele.shevelin@edu.tbz.ch"|"dW45ZT-qrd9NZ-s%nzr&"
"cecile.mcure@edu.tbz.ch"|"uU%je1-5$y3cE-965rxA"
"marie-eve.yurkevich@edu.tbz.ch"|"0Y7p0j-ecZjbh-at9C0%"
"almerinda.paice@edu.tbz.ch"|"ij40#J-1ZA4cc-pwTqhp"
"rao.howkins@edu.tbz.ch"|"mu5C77-BYthM2-cuho7I"
"serena.pack@edu.tbz.ch"|"DKimfJ-sFzqya-56tWXS"
"rebecca.mant@edu.tbz.ch"|"36NUYZ-UxrayC-ejnHRJ"
"reserves.spitell@edu.tbz.ch"|"&W53Ag-@ghsHC-stHvk%"
"garcon.hamfleet@edu.tbz.ch"|"rd@4eA-kQL7ps-Fe$Dnf"
"methode.kerkham@edu.tbz.ch"|"i7UYSe-XOi6ap-FZnbSa"
"pelagie.camies@edu.tbz.ch"|"70i1fz-VRen2q-JYHU7v"
"josephine.macpharlain@edu.tbz.ch"|"JlX8BE-l#njvJ-@5yZf0"
"eugenie.mathet@edu.tbz.ch"|"TkQIEP-k4g2hk-OsPbGh"
"gaetane.brangan@edu.tbz.ch"|"VQ4F1F-QfIePk-uD@VP3"
"michele.dewbury@edu.tbz.ch"|"juQAhQ-jEiS%7-Qb$Q5e"
"eugenie.elcott@edu.tbz.ch"|"9UrbKI-ve&bds-GmRe&Z"
"megane.harniman@edu.tbz.ch"|"xq%5sS-@Sy2ol-dt4IMJ"
"agnes.cluney@edu.tbz.ch"|"izjD4e-#Ct%BJ-lj3Ufu"
"marie-helene.angear@edu.tbz.ch"|"xsbsCZ-FxbZR%-UqXSx8"
"melia.dolphin@edu.tbz.ch"|"D1hjbg-6Qr4Q%-cSDRpN"
"lois.ruseworth@edu.tbz.ch"|"3JYc3W-sYRnGR-U5DqM0"
"mailys.ryding@edu.tbz.ch"|"3Vsfdt-9Act@P-U$Lp79"
"rachele.wulfinger@edu.tbz.ch"|"KN5JCa-OJBhpn-Ff9b0h"
"gwenaelle.talton@edu.tbz.ch"|"uZaJzB-5GSf5c-Lm53yl"
"long.ronchetti@edu.tbz.ch"|"8oLXKQ-jZ6gs4-%ZJK@8"
"styrbjoern.kloska@edu.tbz.ch"|"A6&wFS-QPI&Yi-A4$iSu"
"len.sudran@edu.tbz.ch"|"YfE@#G-hGUrFR-CB26EL"
"maelle.andrysek@edu.tbz.ch"|"@MLlE2-yB&%94-wSnh$@"
"selene.senior@edu.tbz.ch"|"tGzpxv-IMbW&t-bJWare"
"anais.joskovitch@edu.tbz.ch"|"yxq%ZQ-1GyhtD-i8UCNr"
"marie-noel.dally@edu.tbz.ch"|"QfdQ9K-A&MkaC-&AAV0H"
"marie-helene.laurence@edu.tbz.ch"|"pUA6$2-0OIZH9-QCmyit"
"camelia.foxon@edu.tbz.ch"|"23iXAM-yPzO&f-TbaK7T"
"helene.cankett@edu.tbz.ch"|"5wIZUX-atOz1d-b12Bl3"
"marten.mitchelson@edu.tbz.ch"|"AQLDoH-&Prtg6-%P5rXe"
"helena.stirtle@edu.tbz.ch"|"MtL4JZ-45Ct6%-s#95YL"
"leane.barmby@edu.tbz.ch"|"@oxNny-iErgSj-%z4XZA"
"goeran.ofinan@edu.tbz.ch"|"tR$yWN-Zc26Pb-TrhDEG"
"styrbjoern.proby@edu.tbz.ch"|"PNGbtN-8WB4Vw-#aItBU"
"zoe.halse@edu.tbz.ch"|"WCzA0$-ci3uQE-&GF7C6"
"kui.drable@edu.tbz.ch"|"vv20pn-01hDm7-kG6zU8"
"desiree.bamford@edu.tbz.ch"|"eLpTaS-jlgEWV-iU@ezE"
"zoe.suller@edu.tbz.ch"|"7ZK49V-0N4FOE-8qjp9Y"
"marylene.audiss@edu.tbz.ch"|"$LTNbQ-fz0U3H-p4fngX"
"adelaide.poznanski@edu.tbz.ch"|"Nb8Mzw-D24oko-4#Z@mx"
"maella.coleyshaw@edu.tbz.ch"|"&eAisr-R71Jjp-BltHfZ"
"marie-francoise.gelder@edu.tbz.ch"|"AmaWX7-5##6gJ-r6&irT"
"eleonore.chaffyn@edu.tbz.ch"|"ZrlQjw-uiI4jw-cPSnHe"
"celestine.sikorsky@edu.tbz.ch"|"R@M%bH-CW0LYn-NG6FHA"
"stevina.londsdale@edu.tbz.ch"|"Xpx5ac-B%UYj@-Ey1Rr2"
"maiwenn.nevitt@edu.tbz.ch"|"YZCAVo-JbtSf@-tgX5Ft"
"magdalene.gerrey@edu.tbz.ch"|"BzClpu-IGqaaH-lQ54RT"
"becassine.latimer@edu.tbz.ch"|"vBrsi9-zoKUR$-7%#gbr"
"da.lethibridge@edu.tbz.ch"|"Q6sqO4-Xoa4uV-IIwt2Q"
"mailys.claige@edu.tbz.ch"|"d#QgwT-I3bIcP-i%IKH1"
"maena.torbard@edu.tbz.ch"|"HgYGvA-E4xBLO-QQiy1@"
"solene.lyvon@edu.tbz.ch"|"PhLFvP-MuRnrL-0yn80%"
"marie-therese.benbrick@edu.tbz.ch"|"nUGik&-yavku4-XQ5$g%"
"gerald.edmonson@edu.tbz.ch"|"TYxDGb-@b&M7u-ERuN#$"
"ake.messruther@edu.tbz.ch"|"Q%@Jmm-ntUZic-%@CdzX"
"men.gosneye@edu.tbz.ch"|"MwMVsM-ZMOzPk-WoLPCp"
"anais.jefferys@edu.tbz.ch"|"vL0J%Z-OQFH88-T4mBif"
"publicite.tregale@edu.tbz.ch"|"WLijee-7FhnKa-SQ9RJY"
"maily.santorini@edu.tbz.ch"|"575z%U-laJfOZ-z7Fjd#"
"ines.pioch@edu.tbz.ch"|"TOvhCe-7r7jnp-BuREH@"
"noemie.marklew@edu.tbz.ch"|"5FSTWi-HS@P$@-Wbn6TO"
"meghane.maccaffrey@edu.tbz.ch"|"OJ@px%-OMdDmV-Pw521O"
"berangere.ambrogio@edu.tbz.ch"|"@WQSwD-4r3eo9-sBYKRZ"
"mediamass.ryce@edu.tbz.ch"|"6g%Aw8-dfRY95-jV8$Df"
"oesten.ubank@edu.tbz.ch"|"U2EHA5-6ps#Cd-Q3OLNL"
"melina.mackee@edu.tbz.ch"|"n5MB2z-%q0Bsy-3TuN%8"
"theresa.livezey@edu.tbz.ch"|"kqKgj1-sFRlYT-MofmwN"
"clemence.weal@edu.tbz.ch"|"nFx4fS-v3p8FC-3yucnK"
"faites.overton@edu.tbz.ch"|"JT3dTt-vWyiwl-Swgvu@"
"clea.lindblad@edu.tbz.ch"|"KmFtOw-JJXYVK-WlYWiC"
"josephine.roseaman@edu.tbz.ch"|"UWiv2f-54nhRv-ckh2@E"
"oesten.lowbridge@edu.tbz.ch"|"ULaYxl-Bx6a3v-s3P$b0"
"marie-josee.brion@edu.tbz.ch"|"z4cV0M-q0J#Hd-xlmX3n"
"therese.basili@edu.tbz.ch"|"iCi0j7-M#&EVi-iT09M&"
"melia.vertigan@edu.tbz.ch"|"JhFX$u-#b48Tp-PA9wkx"
"judicael.saull@edu.tbz.ch"|"9zw4lV-fe3LL%-8R99IJ"
"selene.valentine@edu.tbz.ch"|"&KuMj8-@YMPAq-s@yWjJ"
"verane.dunlap@edu.tbz.ch"|"GDXGf4-b6#yDB-60T9$N"
"meline.kinnear@edu.tbz.ch"|"&ec26t-aNXAM5-mfe3PT"
"lei.luttgert@edu.tbz.ch"|"jtYpeb-I3Q426-B#0Juy"
"styrbjoern.lathleiffure@edu.tbz.ch"|"D%&NU9-zC&7mg-mGzpm0"
"marlene.blasi@edu.tbz.ch"|"62zTRm-BNxOJR-lr7I0J"
"mai.begwell@edu.tbz.ch"|"fbogil-44KFwU-roxw7I"
"gwenaelle.kaines@edu.tbz.ch"|"5JA8D3-pmZvS0-kUbBVC"
"gerald.adamthwaite@edu.tbz.ch"|"zoO0wH-ZL77Nq-83Ken1"
"kui.hartfield@edu.tbz.ch"|"$ptW0P-p3%4fm-LXe@J4"
"salome.currao@edu.tbz.ch"|"YJzPyT-&mJp%1-@5C2SG"
"angelique.tixier@edu.tbz.ch"|"WAl0&m-H78L3m-Y7sXz9"
"ju.mcgragh@edu.tbz.ch"|"$2iyaZ-brbin$-5B1iFd"
"dafnee.beachem@edu.tbz.ch"|"veOb79-UxLAjc-0UcjzT"
"creez.terlinden@edu.tbz.ch"|"0&bKHw-FiQAy1-Z#th7n"
"uo.mcskeagan@edu.tbz.ch"|"SrHVHy-cs0$kl-Q$b2KC"
"edmee.mccaughren@edu.tbz.ch"|"WUeh0%-eAmRwS-HXyYAW"
"asloeg.cozby@edu.tbz.ch"|"0F&dEQ-bEPewn-LLk@Qi"
"melodie.traite@edu.tbz.ch"|"IZ%DC9-lv7xH4-eGzILk"
"dorothee.aindriu@edu.tbz.ch"|"2v9rOA-qDMLA4-wm$Pxa"
"daniele.doley@edu.tbz.ch"|"4PPeDA-n9izwD-gxMDz7"
"mediamass.fairclough@edu.tbz.ch"|"RoMPPW-HjteEI-03#tBB"
"lorene.rainforth@edu.tbz.ch"|"aFsCN6-sSUUNU-Gtyb56"
"leonore.eyer@edu.tbz.ch"|"TQp90Z-hpsc8V-Vz2AO5"
"po.spillman@edu.tbz.ch"|"fykyL6-6%#l#2-yX20pG"
"cecilia.plitz@edu.tbz.ch"|"wKG53g-sOJ8J7-0Uo%l2"
"lorene.ludlow@edu.tbz.ch"|"0IUPNi-7tvF45-viId$f"
"berangere.neligan@edu.tbz.ch"|"pDMd8E-tr#x1J-ypaINz"
"simplifies.huggan@edu.tbz.ch"|"bStufU-C8jn4R-EYw3@g"
"clelia.prandy@edu.tbz.ch"|"v@Qzmi-9dKSeb-8YGsla"
"ake.osban@edu.tbz.ch"|"c6Bii5-plW6Ql-zWVK1W"
"cunegonde.brunn@edu.tbz.ch"|"km72hS-#ddKBU-y$yflc"
"long.grizard@edu.tbz.ch"|"2#8lgZ-yXcfZ5-s&kPkG"
"meghane.diss@edu.tbz.ch"|"8HCeyP-qdrO2y-bICX3n"
"therese.oldman@edu.tbz.ch"|"CTa@lR-2$UuYl-6cxRrk"
"boerje.scamerdine@edu.tbz.ch"|"VAAl7c-oyDiRX-Vc%Zs%"
"du.saban@edu.tbz.ch"|"E6PAOb-Yu$Td3-aT3s@9"
"hakan.clynmans@edu.tbz.ch"|"IjrDr7-N2Rl2n-HRwoGf"
"wa.macdowal@edu.tbz.ch"|"U$1cNH-D2W8X2-%98PxJ"
"venus.hatrey@edu.tbz.ch"|"eiz1s8-PCgKXC-7MgNE#"
"anaelle.vispo@edu.tbz.ch"|"CCMhXT-pqzrvv-%QtSPb"
"mahelie.ollcott@edu.tbz.ch"|"HfZAl2-2yMDrF-8k9x57"
"mediamass.whyman@edu.tbz.ch"|"3Z$ROL-mv$GOp-rBvtcI"
"esbjoern.basson@edu.tbz.ch"|"pN91Ba-y0xEoi-oAT7Db"
"andrea.morrill@edu.tbz.ch"|"i4jEmh-s22oVs-6JoAoe"
"melys.grassi@edu.tbz.ch"|"ILe@rM-Z2PyC@-NxzpOR"
"leone.poleye@edu.tbz.ch"|"swqH&S-9AM&D7-fhl46b"
"francoise.penny@edu.tbz.ch"|"kNxngW-7QC2i&-I7J07x"
"rebecca.edney@edu.tbz.ch"|"JRn$8O-wyPKGe-0tOts0"
"adelaide.murtagh@edu.tbz.ch"|"rf@2bL-Lwrny2-4sDFVx"
"stevina.winterbourne@edu.tbz.ch"|"wzRcVM-5EABK7-kZmmhc"
"ma.cottom@edu.tbz.ch"|"i#CWsb-AML&W8-Ymf5@E"
"tan.harold@edu.tbz.ch"|"eBN2wu-NT92fg-gOZLDQ"
"venus.forte@edu.tbz.ch"|"I%VBm&-P@jD08-YW99uE"
"almerinda.oluney@edu.tbz.ch"|"3cjY1G-rNLLez-eQzIm6"
"cleopatre.brehault@edu.tbz.ch"|"vvOaAy-cMelp#-3$JKXO"
"interessant.lapides@edu.tbz.ch"|"hMONEF-@p1hht-0BvtZL"
"reserves.hallatt@edu.tbz.ch"|"pzsIti-R66mPj-&ljeyA"
"annotes.birdwhistle@edu.tbz.ch"|"i4tzY0-hNY#tL-$ORjW&"
"ai.dredge@edu.tbz.ch"|"xbOptO-Zml733-g5THY9"
"megane.mussard@edu.tbz.ch"|"#CE7Mo-Np&4BH-9enz0g"
"esbjoern.gowrich@edu.tbz.ch"|"721Z5U-Fzip1n-QPPoZs"
"boerje.brislawn@edu.tbz.ch"|"Q5rph5-ZNFMG@-GeLCzy"
"becassine.wilce@edu.tbz.ch"|"UpewBL-J5Hb%Y-65VS%C"
"personnalisee.oels@edu.tbz.ch"|"2J#zBM-7QjsVQ-SkfrFK"
"verane.pett@edu.tbz.ch"|"QruQBw-OOQ32Z-@JywxF"
"marylene.glewe@edu.tbz.ch"|"p&vtV8-$0lSUv-8gD0U#"
"lai.elson@edu.tbz.ch"|"0xazvV-cK9Bci-&DBC0t"
"serena.difranceschi@edu.tbz.ch"|"pakEfn-5mWjJ$-S3KRvQ"
"lie.espinel@edu.tbz.ch"|"@eYBj&-CpRho1-OcmQtW"
"marylene.fantini@edu.tbz.ch"|"K0iix$-9AaCy4-#UXOXM"
"andre.archdeckne@edu.tbz.ch"|"b6DuJn-vZ8jNn-@@OZb0"
"goeran.bohlingolsen@edu.tbz.ch"|"YxUXxW-00kR13-2u8vEY"
"cunegonde.heffer@edu.tbz.ch"|"1wAs5$-E5l#m6-%ptg0v"
"tan.fechnie@edu.tbz.ch"|"6DbTez-3LDOdh-uxpgvc"
"marie-noel.brammar@edu.tbz.ch"|"G93#J$-9psiD#-65SDT%"
"simplifies.aven@edu.tbz.ch"|"BU$a&8-S%hN56-oq1w7k"
"melys.pinchen@edu.tbz.ch"|"61I$9J-OVpay9-cbEugw"
"edmee.joyner@edu.tbz.ch"|"%FhnIW-POr6bn-tG#i15"
"berengere.edess@edu.tbz.ch"|"@lG4h#-MaWxat-FefP$P"
"marie-noel.goward@edu.tbz.ch"|"Qh5fh&-E1H0vd-MToj06"
"ju.edmons@edu.tbz.ch"|"G1Dlhv-FMdkU$-f3mZuo"
"frederique.airds@edu.tbz.ch"|"VpvulV-Dn%GRh-FlPKSx"
"reserves.dauby@edu.tbz.ch"|"y06T0P-K%QZtH-kqLEsR"
"hakan.gynni@edu.tbz.ch"|"MzQdxD-$AHmx2-G3apKk"
"leonore.pinwill@edu.tbz.ch"|"A1KEbg-PmJn@8-3wPu6M"
"marie-eve.mcallan@edu.tbz.ch"|"8FgOX4-e7o7LA-13Ssct"
"naelle.yeabsley@edu.tbz.ch"|"DXJGm$-KOgFPf-OOYRSw"
"nelie.jacobovitz@edu.tbz.ch"|"4o%RB&-izCoXx-WktpCa"
"adele.conelly@edu.tbz.ch"|"iwSSvJ-K4Nfze-1dZ6Rq"
"clementine.dondon@edu.tbz.ch"|"pVrSOC-46d7W4-FQQn$K"
"zhi.willcot@edu.tbz.ch"|"Eb0LfY-Bb3&Uq-qheHVJ"
"chloe.janicki@edu.tbz.ch"|"1z@k52-hq9ZOH-0JJ8ZG"
"meng.linde@edu.tbz.ch"|"qZ%1bH-H$jjdE-ZA&bJp"
"celine.janisson@edu.tbz.ch"|"ATITAz-UNv$5Z-fosSH9"
"clelia.crow@edu.tbz.ch"|"aw2NvJ-IQyl4K-mVYWRw"
"cecile.pyott@edu.tbz.ch"|"OfQJsq-pINDdY-z9%ZL3"
"ma.fidelus@edu.tbz.ch"|"0U1T7E-PdmigL-elcCjC"
"marie-helene.poore@edu.tbz.ch"|"z#t1Y&-EdMhte-BF@9qc"
"elies.blanket@edu.tbz.ch"|"gND4RB-AHZDk0-p3IQwB"
"yu.boyer@edu.tbz.ch"|"khm7AQ-SpR7T@-PFnvTQ"
"celia.welds@edu.tbz.ch"|"S#bQ0u-UWs%#F-k%DunN"
"du.gunney@edu.tbz.ch"|"ujiKgL-u%Uaua-IOA7sX"
"goerel.crush@edu.tbz.ch"|"BmY&$G-v0uEWC-z3Uol9"
"marie-josee.brosius@edu.tbz.ch"|"S52D7M-Pl@&cZ-hczI%O"
"camelia.adds@edu.tbz.ch"|"5Lqyw7-4tyLVu-j5lXBV"
"anae.irwin@edu.tbz.ch"|"oBiD35-dfEMVj-nYqxfW"
"cleopatre.skeffington@edu.tbz.ch"|"%q#dhP-ZrXi#F-J7fy28"
"gerald.suggate@edu.tbz.ch"|"@bX%nE-3lyMpR-bHH%Rk"
"laurene.tailour@edu.tbz.ch"|"AS2uMY-Gd3OpM-2MOuy@"
"amelie.hoble@edu.tbz.ch"|"T#QI3m-@sFm2h-7VXlzm"
"venus.getch@edu.tbz.ch"|"dCgxvr-@28Smh-rsjlIA"
"renee.treby@edu.tbz.ch"|"%vE2z3-PJh7mU-DEAOGc"
"almerinda.stait@edu.tbz.ch"|"%Q$xfD-$utHv6-E1tIW$"
"andree.reddecliffe@edu.tbz.ch"|"sSLUTI-aiN$Tm-0fDEXX"
"leone.wintle@edu.tbz.ch"|"Tv6Bhd-7&hto0-ELGCaN"
"gerald.fellow@edu.tbz.ch"|"wZJ4BU-h3K@bf-n3emhw"
"ju.gudger@edu.tbz.ch"|"Lb6I@3-QaJdHx-hFnh@T"
"meng.ohaire@edu.tbz.ch"|"EHhqcA-0iixm$-KBpIPL"
"cleopatre.missington@edu.tbz.ch"|"TpMJjs-ABwwBO-WA06hg"
"annotes.debruyn@edu.tbz.ch"|"X897fa-lwP&N2-cMCiNA"
"gerald.sinisbury@edu.tbz.ch"|"vHkCvx-zLkSNi-jxCsc%"
"creez.slora@edu.tbz.ch"|"nL5hxv-RfLWM%-q%RpFP"
"gisele.benbow@edu.tbz.ch"|"eXIxol-4L4Flj-z8f8qC"
"pal.dossit@edu.tbz.ch"|"PB07xb-WnDJf#-xFUc5h"
"nelie.stirrip@edu.tbz.ch"|"OlUPuT-0mMMTE-vsHsli"
"alois.ocrigane@edu.tbz.ch"|"CD05T$-diFeWi-j8eJkW"
"kui.mcterry@edu.tbz.ch"|"91g2om-ZzZs3Z-2zNKo&"
"long.willgoss@edu.tbz.ch"|"IQVEQc-@CscqG-Uo7X#V"
"francoise.sumpner@edu.tbz.ch"|"P5ZFJC-EmzQOU-P%ioXB"
"maely.grinstead@edu.tbz.ch"|"ggyz#0-7Asfab-8fyW9Y"
"creez.langeren@edu.tbz.ch"|"SDv&vZ-3cK#9$-pfNC2g"
"adele.dungate@edu.tbz.ch"|"tPLCSr-bIfKZ9-X3mJLY"
"cleopatre.noirel@edu.tbz.ch"|"LAPo7G-&ZYXZ4-q3@G&r"
"interessant.daverin@edu.tbz.ch"|"4j%o6l-iZhduP-LwP@jA"
"naeva.kalderon@edu.tbz.ch"|"CD032$-Y9iiu6-Yyk3Fe"
"anais.oshesnan@edu.tbz.ch"|"r5jk9M-vn0d2U-FvQWIB"
"judicael.anelay@edu.tbz.ch"|"%Yl$@a-ZOf1x8-Nry3$X"
"eloise.braxton@edu.tbz.ch"|"Iqfn37-lRAeoj-GIv&IH"
"desiree.greguol@edu.tbz.ch"|"5D29&r-SRvaQ2-Nz2G9U"
"maite.mcclenaghan@edu.tbz.ch"|"26Zu0e-Ayfu#R-C&LYc#"
"meng.doret@edu.tbz.ch"|"EvkZKj-ofvYwe-IxXmsd"
"frederique.chippendale@edu.tbz.ch"|"dU#Wnr-ypo&km-LVBLMA"
"andreanne.lanney@edu.tbz.ch"|"yJlAcM-R8R5kv-q#eYm2"
"aurelie.claus@edu.tbz.ch"|"tG$OF%-TacJaS-koVa6r"
"renee.pabel@edu.tbz.ch"|"YfmHKD-hpkmZw-gl3R3J"
"maena.roust@edu.tbz.ch"|"FJMCed-@SKmAP-ZPul@N"
"nadege.carwithim@edu.tbz.ch"|"aXE&93-pcDskj-m10Jv&"
"solene.geyton@edu.tbz.ch"|"wOLCF6-lHk7w1-I6DCil"
"dafnee.avraham@edu.tbz.ch"|"hwS3GI-gN&qZ%-wT@qU&"
"leane.woolvin@edu.tbz.ch"|"g71vvA-9DbA62-zWHack"
"adele.macadie@edu.tbz.ch"|"RFSeb$-FD%WPZ-TyF2s2"
"meline.rubica@edu.tbz.ch"|"u4%gp#-teXS$c-kbI6dm"
"marie-noel.speeding@edu.tbz.ch"|"wSUlis-iuc0jR-1qs14$"
"nelie.mix@edu.tbz.ch"|"Xg@aBM-ZH5krA-q$APsX"
"clea.ollett@edu.tbz.ch"|"dkOmG%-4KkURO-Tfm%Qo"
"leandre.mcgavin@edu.tbz.ch"|"@knukK-LDMTh8-Ugtf&k"
"cecile.behne@edu.tbz.ch"|"&mFJt6-MKkafn-ySkefD"
"melanie.polle@edu.tbz.ch"|"tlhCWO-bZ8wJ7-@OwG@B"
"marie-josee.titmuss@edu.tbz.ch"|"DUxR8Q-fs$U1M-9Fw%pn"
"helena.guest@edu.tbz.ch"|"@7pQhZ-MIKs&5-I6O&mn"
"annotes.chicchetto@edu.tbz.ch"|"6#uS&A-epdQBs-F2CnoL"
"melia.tubb@edu.tbz.ch"|"04yLNg-LIVsTt-bnXYcn"
"angelique.casetti@edu.tbz.ch"|"D#9OOk-RFuwz2-RWQX@R"
"cunegonde.cleall@edu.tbz.ch"|"ECoth$-NsMuhH-yg#16v"
"camelia.oaker@edu.tbz.ch"|"UMl7HP-x90n74-PE7sj&"
"you.searight@edu.tbz.ch"|"1KA0Mx-jSroLB-9$Tc0s"
"kevina.dederick@edu.tbz.ch"|"YKonB8-Kj38og-6zB%yU"
"milena.jeffrey@edu.tbz.ch"|"XLfe8w-4VdnQU-ZkQ817"
"melodie.barkshire@edu.tbz.ch"|"4eTqD&-d@NVhB-dLm&hN"
"gaelle.kreutzer@edu.tbz.ch"|"8OVLer-gEFIW6-u4E@i%"
"kalliste.kleinpeltz@edu.tbz.ch"|"ZZM8b7-OBLhcr-1xpjo2"
"clementine.danat@edu.tbz.ch"|"CtPUEt-x#r7Uq-CkSA$%"
"andrea.wabb@edu.tbz.ch"|"oa5xdj-qbNdW6-wNFTLx"
"geraldine.piesold@edu.tbz.ch"|"YCP0rs-ZJ72CH-%z8Eqe"
"tan.fiveash@edu.tbz.ch"|"%RvK2q-GnashP-wv@ikL"
"meline.yuranovev@edu.tbz.ch"|"s68XzI-jwv0xQ-Bv1JdE"
"therese.holme@edu.tbz.ch"|"3fG04N-lSv9ez-YNiCfr"
"salome.vaney@edu.tbz.ch"|"rwcKRv-K#CWUl-K#nhfb"
"anae.abramson@edu.tbz.ch"|"qaBH%t-MDEV4$-UdboFX"
"kalliste.jimson@edu.tbz.ch"|"zDBK05-$ca@em-R4erzv"
"selene.yole@edu.tbz.ch"|"ury6v4-NXAW&9-RE#w$c"
"agnes.defraine@edu.tbz.ch"|"z@6%Bh-p9UorM-7HzUGW"
"faites.mccluin@edu.tbz.ch"|"cCpeRp-Qmgwsr-tXw0xL"
"athena.deme@edu.tbz.ch"|"dFvQSp-PPWup0-6KaG#u"
"daphnee.brigstock@edu.tbz.ch"|"L&EIC8-z9Rgdk-ANpxyY"
"goesta.skaif@edu.tbz.ch"|"gzHIt6-8u869b-Ze%uNM"
"oceane.jagoe@edu.tbz.ch"|"Fcm53D-5x%7kU-hfflzQ"
"annotes.broomhall@edu.tbz.ch"|"uXabG9-LYCK&j-%O95gy"
"marie-eve.ballendine@edu.tbz.ch"|"59ytYO-is2#@j-bhF3q%"
"melina.spykings@edu.tbz.ch"|"X3NUPL-#O9XsT-boh4lN"
"laurene.ticehurst@edu.tbz.ch"|"fuvnn%-LWLJ7c-51EYhR"
"fei.avramovic@edu.tbz.ch"|"AuTm5X-pKNVM8-ena280"
"publicite.strathearn@edu.tbz.ch"|"IaVebh-&tjG%x-j5PEy9"
"torbjoern.garrow@edu.tbz.ch"|"A31BMb-WRQn6b-8#K9L9"
"chloe.rubinsztein@edu.tbz.ch"|"HeT1vo-fLVVkH-4Jr8gb"
"mylene.demanche@edu.tbz.ch"|"Uo29#E-d48y5Z-yc%4de"
"mediamass.godlonton@edu.tbz.ch"|"Wjzz&8-CWUnS&-GZyNQr"
"renee.shurrocks@edu.tbz.ch"|"0a7jB&-xtXSTn-UaBwtw"
"maiwenn.jedras@edu.tbz.ch"|"FIU46z-dzH4jM-Vjn9ii"
"genevieve.castells@edu.tbz.ch"|"6k4zWS-CNrAfd-@TDKoT"
"renee.sneden@edu.tbz.ch"|"Zscmlr-K&4fcI-yFYyi6"
"lai.mccallion@edu.tbz.ch"|"WjzWkl-T3lha0-A3gPZu"
"kevina.impleton@edu.tbz.ch"|"1QeO6G-LUXu7V-wNzNjE"
"oesten.fresson@edu.tbz.ch"|"TUcSvs-U9r8UV-EYAxIK"
"verane.shawley@edu.tbz.ch"|"S#pCSF-V@dvm&-nB3pqQ"
"uo.sjostrom@edu.tbz.ch"|"CLW&ne-VMJAi8-YJH@Dm"
"gisele.gothup@edu.tbz.ch"|"DlFArb-II%BUh-JLsXMy"
"renee.beauman@edu.tbz.ch"|"rNwurc-%hH2zW-9pVyK1"
"elies.loton@edu.tbz.ch"|"M2se%P-vYJ%z0-B@QJj&"
"valerie.elsmore@edu.tbz.ch"|"1bP&5B-WL0puZ-0O$ua&"
"berangere.delafeld@edu.tbz.ch"|"3c8HsK-c9bGG2-$&eJv9"
"bjoern.schimke@edu.tbz.ch"|"rbMo%l-qtoaXA-1qikc&"
"loic.ericssen@edu.tbz.ch"|"PODQ1d-xTIyMD-hUood6"
"creez.richarz@edu.tbz.ch"|"QS73iU-tPcjfZ-pZtPoG"
"athena.grocott@edu.tbz.ch"|"dlL7#E-7Bu5%B-A&aC6F"
"naelle.piotr@edu.tbz.ch"|"rsmf@u-yOXK47-U08WqB"
"maella.paulson@edu.tbz.ch"|"nkcNb0-JTKx@e-uiIhhT"
"song.perot@edu.tbz.ch"|"BYTAC%-7TBRJ8-JvA%nQ"
"kalliste.heckney@edu.tbz.ch"|"m00F@J-ZZ&uQr-SyXpbK"
"ake.vasyutkin@edu.tbz.ch"|"#paXIF-5PTNDt-5cQYJO"
"ma.castles@edu.tbz.ch"|"2ykGw3-n4RtqE-p%KQuF"
"maely.monget@edu.tbz.ch"|"p16Bgv-DeH&V3-qONl9o"
"tang.durbridge@edu.tbz.ch"|"mSw1Zl-D2ff$N-iQbTV2"
"laurene.andrew@edu.tbz.ch"|"@m6yH8-LRk9To-KpwEk#"
"lysea.beacon@edu.tbz.ch"|"FmdlN6-jA$1ME-sg6rfS"
"leandre.peyntue@edu.tbz.ch"|"Y76CdH-Na2Ggp-mL%Zx%"
"rao.trever@edu.tbz.ch"|"ZSrABh-3TksQ0-hC2a1H"
"mahelie.streader@edu.tbz.ch"|"ZdIzGL-AX&$Ny-obubR%"
"maerta.andrejevic@edu.tbz.ch"|"B8ylzJ-C7ITor-NQLknT"
"goesta.tompkins@edu.tbz.ch"|"IpT43M-0Yyu8X-vA2f%X"
"helena.agates@edu.tbz.ch"|"NHgX2n-BBtp8f-k7DRl5"
"therese.glass@edu.tbz.ch"|"DgCyHh-WM5Ky$-Ho$@Ua"
"alois.foan@edu.tbz.ch"|"4khDF2-UVwJL9-6A0qd8"
"becassine.melchior@edu.tbz.ch"|"cF3iaE-yJzJ6W-%RIk10"
"cloe.robart@edu.tbz.ch"|"4i$Kcc-vqn5Uk-U8b2xg"
"daniele.puckinghorne@edu.tbz.ch"|"yLPfLG-GJdJBz-Jw#qlh"
"selene.cammidge@edu.tbz.ch"|"M1ixr4-$ADOEm-aLab3J"
"regine.conochie@edu.tbz.ch"|"Cd#Y0E-H597#r-#vYoji"
"interessant.tuiller@edu.tbz.ch"|"UxD&#G-T7bZKb-BAk2On"
"long.tiebe@edu.tbz.ch"|"sxStDx-T7Gud$-Q3s4o&"
"mans.yele@edu.tbz.ch"|"lp0gY9-dU#h9T-2OvrlR"
"ai.giles@edu.tbz.ch"|"6Dnhdz-rat2DL-YfqZfy"
"gaetane.hamberston@edu.tbz.ch"|"oe0D7I-jkdHLG-JF2XCR"
"marylene.fenix@edu.tbz.ch"|"yRVLxC-@Ffeff-XULn@8"
"geraldine.graeme@edu.tbz.ch"|"CNWpgT-Gz8#fY-lW&0CA"
"tang.kinglake@edu.tbz.ch"|"Gcqjuu-tpF9ER-x6EACM"
"lai.challoner@edu.tbz.ch"|"JvaWfY-epsu&Y-6skowm"
"desiree.mattei@edu.tbz.ch"|"UhIhIW-oHg1mO-@RQQsN"
"ake.erley@edu.tbz.ch"|"xAtr$6-pXDm#e-GMt@g5"
"edmee.cavil@edu.tbz.ch"|"LEDT$C-$AdsEW-YBljLM"
"alois.moyes@edu.tbz.ch"|"aK8Itf-4nox$o-er9040"
"becassine.pitman@edu.tbz.ch"|"zvBNiW-fu8qAb-T66X%3"
"ai.giacovelli@edu.tbz.ch"|"w93yIv-akOMTv-6@M@we"
"judicael.fruchter@edu.tbz.ch"|"U0NTx%-9uaqkO-#QEMO7"
"mans.mogg@edu.tbz.ch"|"xe%MEQ-btTK2g-MBHGsn"
"gerald.foyle@edu.tbz.ch"|"IUaoS6-bfq2AB-tBqrwq"
"wa.androletti@edu.tbz.ch"|"Xyguqi-syf6oL-arSXO$"
"meng.ollett@edu.tbz.ch"|"GZCglZ-IlIqdU-$vXrSh"
"naelle.macmenamy@edu.tbz.ch"|"gLLblV-X%lFUI-T9TT4T"
"gisele.mcramsey@edu.tbz.ch"|"2ME2xf-1CUXhG-q0Ygnr"
"meryl.scolts@edu.tbz.ch"|"&L$H5G-Rgjhz6-xEYEJ7"
"celia.bloxsome@edu.tbz.ch"|"Z@APfn-qtLHCp-c#pG7R"
"styrbjoern.stuke@edu.tbz.ch"|"mX8zTA-0LkLwR-4TAoJg"
"felicie.gwilliam@edu.tbz.ch"|"48$diy-42v2De-z8qe#N"
"da.harms@edu.tbz.ch"|"Qcp1x3-xDFldx-GFLQ8d"
"celestine.baulk@edu.tbz.ch"|"JeCsdF-Z1JZ8y-u8LjEP"
"mahelie.blackledge@edu.tbz.ch"|"bGvlOy-@IVXcY-16n5uS"
"meghane.salt@edu.tbz.ch"|"J2ODzr-AeJ4fl-%m9Tr1"
"methode.paxeford@edu.tbz.ch"|"d27drL-VVuPmB-zR0Ry6"
"asloeg.milligan@edu.tbz.ch"|"ow7svR-QULh2B-bm6oCC"
"you.pellman@edu.tbz.ch"|"hB0dg8-sX#K1g-Dz0j&e"
"loic.regenhardt@edu.tbz.ch"|"%4vlgA-FS%6U#-xpE2IU"
"daniele.savill@edu.tbz.ch"|"QMNbcv-6hRNXZ-rSRqqY"
"alois.cornu@edu.tbz.ch"|"UfeD6K-YeO@eU-RYWwjv"
"oesten.govey@edu.tbz.ch"|"gM$AFF-nNK$P4-TrYclV"
"marie-eve.louch@edu.tbz.ch"|"cw#090-&6@2Fk-NdhU3p"
"theresa.wenn@edu.tbz.ch"|"kB5PFR-wEJUIQ-pVhBoX"
"andree.eul@edu.tbz.ch"|"G10p6V-EcvhxY-Twzf%&"
"lie.paynton@edu.tbz.ch"|"SJ18t7-rn&eiP-NGFkD2"
"marie-eve.girodier@edu.tbz.ch"|"Pe$A6o-WoD1ZO-&nS$xC"
"marie-noel.smithe@edu.tbz.ch"|"LuRroG-4c%33@-gwcyj7"
"men.bootyman@edu.tbz.ch"|"eNMtha-LXz5lj-3#k3vZ"
"ku.sugg@edu.tbz.ch"|"g&uvP5-4vLVPi-aEEZfm"
"lucrece.roseman@edu.tbz.ch"|"jVlA1u-DZmOiC-rr#bgn"
"zoe.annear@edu.tbz.ch"|"UzaDD4-2DQoRr-EIVt9d"
"marie-helene.rennebach@edu.tbz.ch"|"GH4R9v-1Fgfb&-vvn09O"
"lea.djurdjevic@edu.tbz.ch"|"fS2l2b-cAuLst-%WSy57"
"goerel.robert@edu.tbz.ch"|"1lOz$D-Te96VT-vq5A3j"
"mylene.foldes@edu.tbz.ch"|"67reCJ-KL@Mh1-VEcFmz"
"faites.clegg@edu.tbz.ch"|"m2#O1$-UT7yRI-iT$xo6"
"marylene.crowcher@edu.tbz.ch"|"2ftImu-1Y77jf-w3fHeH"
"aimee.wimpeney@edu.tbz.ch"|"kZNaHh-jJ7Y9R-UZXewD"
"renee.atkins@edu.tbz.ch"|"O1STIv-x86TpS-QkvIZz"
"rejane.cainey@edu.tbz.ch"|"g5KrPv-ua8SAd-1sHexh"
"solene.britney@edu.tbz.ch"|"FkrwGR-Qnup0c-T3LiKG"
"marten.shatliffe@edu.tbz.ch"|"55oMRf-DIuY$A-H69CL7"
"maite.issatt@edu.tbz.ch"|"BYFD%@-%gqy34-3TYKAK"
"maelyss.edon@edu.tbz.ch"|"bhNgdY-kRIDDu-JjvD2y"
"nuo.bamling@edu.tbz.ch"|"M0eotK-zd%dHx-QoP$@T"
"anais.edards@edu.tbz.ch"|"jVI4Xf-VDen1l-GgaPzA"
"mediamass.bromet@edu.tbz.ch"|"EYcueG-CQFtQI-TE4xxC"
"beatrice.kimbrey@edu.tbz.ch"|"Lfi477-b&lbk3-gPmvt#"
"ines.lawranson@edu.tbz.ch"|"GdkkhW-16kEdQ-x0lj8Z"
"kalliste.scandroot@edu.tbz.ch"|"Wq5ND4-OmoL4F-lpbxji"
"mans.barrowcliffe@edu.tbz.ch"|"xw8Zu3-HIjmJn-lK$7%&"
"irene.couves@edu.tbz.ch"|"nFKStB-QsGsQU-6vLSPN"
"milena.mucci@edu.tbz.ch"|"DcEmIs-LSvsqQ-QLwM0K"
"naeva.cow@edu.tbz.ch"|"mbHIoV-%wGhqh-UtERp$"
"audreanne.mournian@edu.tbz.ch"|"6$jbcs-S%O7DC-xCyRuL"
"melia.sinnatt@edu.tbz.ch"|"LrNLcs-H3tpzn-Ikz9dj"
"nelie.burnard@edu.tbz.ch"|"t3ig65-qbvmYf-gA%0lX"
"clelia.ashfull@edu.tbz.ch"|"UWJ$YD-eyym5$-Eo9C7b"
"lie.macard@edu.tbz.ch"|"zJuhaa-cVJj$P-SuOafR"
"valerie.matoshin@edu.tbz.ch"|"Swq9xp-Ru3ebS-A4KsEM"
"anael.hatherleigh@edu.tbz.ch"|"aziW9e-cIj3V5-Ejwv2d"
"interessant.warratt@edu.tbz.ch"|"##2TUS-69qhv3-4pd7wg"
"eleonore.volage@edu.tbz.ch"|"FVdd0s-u7IZ5G-l%6QTn"
"zoe.stebbing@edu.tbz.ch"|"V&@#d0-8yzGXC-ya40Ag"
"alizee.nye@edu.tbz.ch"|"xHIQ6u-4qR&AL-#Djqz5"
"celestine.bramley@edu.tbz.ch"|"r2eur1-QjE4eC-IvKiU%"
"selene.philcott@edu.tbz.ch"|"2MGbt8-OawQjb-eLzxYu"
"tang.newens@edu.tbz.ch"|"Uefgcq-BwsXmX-rjZC@u"
"annotes.powys@edu.tbz.ch"|"FGVJB6-V5i&b8-vI3tSX"
"lea.matthesius@edu.tbz.ch"|"PQXSKB-M#E5Fa-6xJjeb"
"illustree.garlett@edu.tbz.ch"|"0&sAwn-PMUqfR-@NCTvu"
"maiwenn.meachem@edu.tbz.ch"|"q%RPU$-0SYKNQ-Bn&@9j"
"marie-francoise.mcbrady@edu.tbz.ch"|"5BlaJJ-N7XCrt-D%T9U6"
"illustree.gimbart@edu.tbz.ch"|"fGC00p-CmPT5b-GcQUZ6"
"melys.lyosik@edu.tbz.ch"|"195w3J-T0@7cs-02I%Mj"
"marylene.mcnab@edu.tbz.ch"|"BMk@zw-PmeyU0-x@8kmE"
"gerald.blount@edu.tbz.ch"|"QdMCOw-Lefa0c-AhAYzV"
"clelia.shakelade@edu.tbz.ch"|"9iUwvM-W6P9Jr-lMZgSn"
"penelope.cridlin@edu.tbz.ch"|"w127x$-UOT1&%-I@j9Y5"
"maena.okuddyhy@edu.tbz.ch"|"tPvluX-tYpPb0-4MZTHE"
"athena.keynd@edu.tbz.ch"|"RFMBNB-88C2M4-9LegV6"
"cloe.dwine@edu.tbz.ch"|"OZ6gcM-Ttx43c-PQFlWp"
"josephine.browett@edu.tbz.ch"|"sp1Y3q-tTVSlx-aHJk7X"
"audreanne.oscanlon@edu.tbz.ch"|"CEdyvg-cTZOvF-WE0a0#"
"fei.jeanequin@edu.tbz.ch"|"ecd@Oe-CHt4Hm-L4Pj0$"
"lois.gormally@edu.tbz.ch"|"NiAJ5D-0kxuT3-ZgcvuC"
"marie-francoise.finnigan@edu.tbz.ch"|"g#k@83-tCUxB0-Mj6#gP"
"leonore.trussman@edu.tbz.ch"|"KfbI@y-CKkdRK-GuL@LF"
"anaelle.trumper@edu.tbz.ch"|"hyTWMm-%&7sK$-n&3SHr"
"clemence.dionis@edu.tbz.ch"|"4vnAFY-0Dw8kC-#poTP3"
"lois.tranmer@edu.tbz.ch"|"TI2tiE-q0Rq9A-vNJ7UJ"
"interessant.volett@edu.tbz.ch"|"nkzoUV-e978$w-Uv7u&%"
"personnalisee.deackes@edu.tbz.ch"|"P4TInK-O2cFR$-UEuBKn"
"lie.vasiliu@edu.tbz.ch"|"D&knLw-eRcGIv-ghLbNo"
"dafnee.lamputt@edu.tbz.ch"|"eEcEWp-E0F1hR-gofiui"
"elies.bromige@edu.tbz.ch"|"jUuiEH-03j&Bj-h$gJ%w"
"helena.klosser@edu.tbz.ch"|"KC@0GC-Av2Oni-39XqSH"
"andree.grim@edu.tbz.ch"|"3sa0qH-t8NBVQ-4IELuC"
"verane.coldbath@edu.tbz.ch"|"Jpm&kd-ab#7ft-f%GEiR"
"helena.bethell@edu.tbz.ch"|"#v$86t-E6u8g8-6GrhG7"
"kalliste.carefull@edu.tbz.ch"|"hLVbae-JRHlrT-z4$nIx"
"regine.odams@edu.tbz.ch"|"$bv@sF-s2qc%J-Jv2Sr1"
"len.stannus@edu.tbz.ch"|"buYYtf-W1wfbp-4C$F63"
"angelique.works@edu.tbz.ch"|"ZoTJcy-gpOF@O-U8ll1d"
"goesta.rheaume@edu.tbz.ch"|"ijeftf-qtmgMm-kh$%t$"
"maelys.tynnan@edu.tbz.ch"|"3uPbio-u#Pkq&-x4ZB$2"
"maelle.carlesi@edu.tbz.ch"|"nJoJzx-#I$&D2-$gtdUT"
"anael.spurden@edu.tbz.ch"|"iZj#Z%-eWPNm&-$RAsde"
"helene.pumfrett@edu.tbz.ch"|"BfIgfa-Ps$h22-Z#G&x3"
"goerel.pearn@edu.tbz.ch"|"Rjbabx-gnRT0u-PWUjg6"
"laurelie.dezamora@edu.tbz.ch"|"T%q7ol-y4ThQZ-@Np9%O"
"yao.twidale@edu.tbz.ch"|"AU%F4Z-yXySnO-Ejvps4"
"berengere.sola@edu.tbz.ch"|"KlXWvH-X9jYDJ-YqnoC9"
"maelann.hardistry@edu.tbz.ch"|"UN%Rh8-RuR$@S-vVuTjH"
"severine.littlefield@edu.tbz.ch"|"92@I46-mY$rkR-HZklOz"
"salome.heinl@edu.tbz.ch"|"aa7sTS-ttTVzv-UqMbqf"
"meryl.warbey@edu.tbz.ch"|"h8qE9j-gBEB8z-BPNwDf"
"da.hunstone@edu.tbz.ch"|"1mHhg2-QL8Mdq-Mt7fb8"
"venus.broadbury@edu.tbz.ch"|"q%be3D-uh9t77-@GEnV$"
"meghane.rentelll@edu.tbz.ch"|"ISCph6-fMdIL$-6Y3lmq"
"marylene.drewitt@edu.tbz.ch"|"6DO8MJ-#gwHER-FxH@Ca"
"melinda.jacquemet@edu.tbz.ch"|"NXEE#K-OLm0jA-k%K$QX"
"marie-josee.keyden@edu.tbz.ch"|"saTB9H-Oyvq#b-jSabF6"
"asloeg.montacute@edu.tbz.ch"|"p1f&GR-jdnD80-lkw&4c"
"ku.andreou@edu.tbz.ch"|"XDHOvU-U3$grw-eiD#4s"
"personnalisee.feaveer@edu.tbz.ch"|"EzhGcX-HV08On-9%d$5#"
"laila.emptage@edu.tbz.ch"|"KLVX4j-kIR6QP-U54Osc"
"bjoern.dawdry@edu.tbz.ch"|"3R1kw0-6u34l7-swI91M"
"marie-eve.dinsell@edu.tbz.ch"|"RayFfQ-WsE1MV-dCWVpa"
"helene.follett@edu.tbz.ch"|"bvDJt$-FB@iyK-g&ayA1"
"penelope.cordero@edu.tbz.ch"|"8CxJic-JT@R4%-xrIdp0"
"boerje.beedell@edu.tbz.ch"|"H8mOZi-mf#%Nt-uqe&rN"
"nelie.ferne@edu.tbz.ch"|"Jfls8N-fvFk0y-TFeSy0"
"celine.ahmed@edu.tbz.ch"|"KiR0LE-&zZ3xr-sf@zkb"
"stevina.pimblett@edu.tbz.ch"|"MFFraK-apq89T-%xvX0R"
"chloe.langlands@edu.tbz.ch"|"pJ1G82-&4Qwj5-9obytc"
"simplifies.maude@edu.tbz.ch"|"a9Dn@P-k5T1xb-KfdTmQ"
"genevieve.decarteret@edu.tbz.ch"|"n@vem3-$mYz2i-oCdy1j"
"marylene.mughal@edu.tbz.ch"|"pan22H-P2WIFu-ELj@Fq"
"goeran.guttridge@edu.tbz.ch"|"kMPJxR-c6E7sl-BW1Ui7"
"michele.smurfitt@edu.tbz.ch"|"daA4FO-YgXOi1-milm15"
"methode.hadeke@edu.tbz.ch"|"WzJOvb-ckzTzj-zkSk3d"
"therese.rispine@edu.tbz.ch"|"EOghab-tgZz%t-xB85HU"
"goerel.plumley@edu.tbz.ch"|"lBuRjv-fft0KV-CZV2XR"
"oceane.friett@edu.tbz.ch"|"Wvk3Ee-7qcYaa-tWabQl"
"marie-noel.achromov@edu.tbz.ch"|"w6X@H2-iV5bJ8-pK&a4Y"
"dorothee.storek@edu.tbz.ch"|"2vsF$9-W4&$wL-vRwMfM"
"goesta.whittle@edu.tbz.ch"|"wFuub%-tiH7XK-9nEpSB"
"desiree.casely@edu.tbz.ch"|"34wnXZ-pLKA6v-I8V0sR"
"felicie.condon@edu.tbz.ch"|"JG1K$7-0ypc01-PbrboI"
"maelyss.frisdick@edu.tbz.ch"|"Ee3zMd-e#Xyx&-PWRJ3C"
"aimee.banke@edu.tbz.ch"|"fPr5Ob-55b#7m-9cKvED"
"naeva.hodcroft@edu.tbz.ch"|"f%&i2R-DMKWXf-wzEJD9"
"laila.gerrans@edu.tbz.ch"|"$3sbmJ-FvT6VV-Rl5hvu"
"daniele.scrimshire@edu.tbz.ch"|"l4leSU-bRQHqC-Wqq1u#"
"daphnee.sheerin@edu.tbz.ch"|"Ws2m@C-sJ6WQH-jvcbKY"
"pal.vanyukov@edu.tbz.ch"|"f@Jexc-WgKY%A-mGm#x5"
"zoe.childs@edu.tbz.ch"|"THB420-yF9N9g-KuAT0%"
"ai.corde@edu.tbz.ch"|"SS42%f-Vo12JJ-Ra0RPI"
"maelys.berryann@edu.tbz.ch"|"W7s@Ln-4&V5T7-rWmjDg"
"cloe.gladding@edu.tbz.ch"|"R$iPK6-TiNSw4-8goz52"
"wa.kinnaird@edu.tbz.ch"|"9W6glX-L8u12b-jPF%qY"
"publicite.brittoner@edu.tbz.ch"|"vKBH7D-f9UmGa-xTzIuB"
"rao.windress@edu.tbz.ch"|"7HACwW-#%VIJs-yxBg@x"
"uo.kollach@edu.tbz.ch"|"3c8Xck-gDao73-aCsVw$"
"josee.peskett@edu.tbz.ch"|"hWUitg-VwNVSs-U#HaLV"
"annotee.hasel@edu.tbz.ch"|"8yU82Z-sMCKua-1Thflk"
"cinema.lee@edu.tbz.ch"|"cgG$AV-1bot@W-EWEmr%"
"lai.vedeshkin@edu.tbz.ch"|"Rb7DdN-DPUdbx-%xwitb"
"renee.brisbane@edu.tbz.ch"|"aluxyq-HHBQHJ-2Y69lf"
"ophelie.blincoe@edu.tbz.ch"|"U896mZ-x2is0f-h2Q2$M"
"zhi.prazor@edu.tbz.ch"|"DbKQ#p-R@QVSp-uQMK8n"
"annotee.maddicks@edu.tbz.ch"|"gpQL6Z-ff$l0i-ePkfG8"
"maelyss.codd@edu.tbz.ch"|"zOM&dL-rSRCBL-5Bhcy0"
"celia.peplay@edu.tbz.ch"|"DouUwl-tcl4GX-C$1b5F"
"interessant.skone@edu.tbz.ch"|"Yqvzef-b7XmeW-#46VbU"
"audreanne.hebdon@edu.tbz.ch"|"MXdmQb-@qRxGo-yNqj3d"
"oceane.glen@edu.tbz.ch"|"moUvSJ-tU@20U-HpA2S$"
"daniele.vanyushkin@edu.tbz.ch"|"UBmuVP-nbiW1u-2ph1JT"
"daphnee.ayce@edu.tbz.ch"|"xq6hM#-S05lH6-BJltbd"
"andrea.attride@edu.tbz.ch"|"y%WV%H-gb6luS-KxSEm0"
"penelope.bridgwood@edu.tbz.ch"|"X0$aWy-InGaEx-7c95n8"
"mailis.drewitt@edu.tbz.ch"|"rI1VU&-j4xxQF-2LzSXF"
"penelope.mollene@edu.tbz.ch"|"eBg82x-$g8wRo-bv&AE1"
"illustree.keely@edu.tbz.ch"|"ovaJ%e-ozX$Ab-8ZkBGT"
"meng.brisseau@edu.tbz.ch"|"Dplp5l-ZNxN66-2@m6kN"
"ruo.cleiment@edu.tbz.ch"|"8tD&xn-$#0N89-8sTMwn"
"maite.krammer@edu.tbz.ch"|"pF#XjS-2Vkrq$-7P12Yn"
"genevieve.verry@edu.tbz.ch"|"X1#@$v-si6gpN-IvqVT4"
"lea.olochan@edu.tbz.ch"|"oExcNz-Ap%R8B-rrudDR"
"naelle.brunnen@edu.tbz.ch"|"3a4GCH-O9zj%P-Esl4BB"
"goesta.bragginton@edu.tbz.ch"|"pKWKOU-c37N0A-zZgJVJ"
"fei.danilyuk@edu.tbz.ch"|"BET&iO-J1mzga-L&idT@"
"adelie.turbitt@edu.tbz.ch"|"8XI9Ur-P$p4HY-wFvL@#"
"marylene.nutman@edu.tbz.ch"|"O4Z@WT-fYG0Qy-RAWy3N"
"therese.barbrick@edu.tbz.ch"|"4efKB4-024$k&-sUXteY"
"melys.kolodziej@edu.tbz.ch"|"&pKnnV-TEmBTE-oXRoP4"
"melanie.runchman@edu.tbz.ch"|"8ZIMxE-rd2oLn-8x1ABl"
"serena.lafond@edu.tbz.ch"|"lIbxZr-p7rI3v-tSjalj"
"pelagie.desmond@edu.tbz.ch"|"GioI9z-NNtb94-leAw3k"
"wa.spickett@edu.tbz.ch"|"Z&RP@#-WOetYH-Mk$$wJ"
"po.shave@edu.tbz.ch"|"guy7g1-SsifI3-aMi0au"
"song.huikerby@edu.tbz.ch"|"zy&eRS-Szk@PD-mIE$V@"
"melinda.bimson@edu.tbz.ch"|"ebb2jI-eBbmZo-iKUANt"
"personnalisee.toffanelli@edu.tbz.ch"|"n5KDAH-V$QLYr-ZTDVYf"
"leandre.hurn@edu.tbz.ch"|"LVgp3y-G%I1%F-gFR8Uu"
"oesten.standell@edu.tbz.ch"|"gAIYPM-ngCCI6-SgueUm"
"naelle.smaleman@edu.tbz.ch"|"#X5IJ#-dgndVr-YGh1Oy"
"berenice.tayt@edu.tbz.ch"|"#GHCWo-VzNxFm-eU%HVU"
"kui.popplewell@edu.tbz.ch"|"y8mLws-Mqw2iQ-0$8@uW"
"melodie.ferandez@edu.tbz.ch"|"$1ZY6R-9QrzA5-AfidPM"
"josee.negal@edu.tbz.ch"|"Qz@1A0-AJ8qy&-oxzOcP"
"melissandre.ferrelli@edu.tbz.ch"|"RjCI@d-xCsSFQ-87rUho"
"josephine.kemmer@edu.tbz.ch"|"hAgOb8-ujS4Qi-d9Ke3Z"
"maely.cayette@edu.tbz.ch"|"UoOvDN-Xl0Y4I-6Cp6GC"
"nelie.vela@edu.tbz.ch"|"$gurYn-CuaBD7-vSW$Ny"
"melina.cortes@edu.tbz.ch"|"NGB4CG-ahe9@4-$hi#S0"
"megane.leyshon@edu.tbz.ch"|"DFXpyG-bBTMuj-h@5M0y"
"regine.harrie@edu.tbz.ch"|"CDu3@Q-Ut2RA#-UYSWlU"
"mylene.widdison@edu.tbz.ch"|"%cjgmh-7aWwz2-38bmWi"
"pelagie.vivash@edu.tbz.ch"|"%a@CBO-Sr8A$J-k6iSzv"
"styrbjoern.vicarey@edu.tbz.ch"|"#EHSk%-qWlMPv-m8Bvp9"
"long.kyles@edu.tbz.ch"|"zoxGf$-Am$FvF-aQ2TY5"
"stephanie.gipps@edu.tbz.ch"|"lF&V&k-$EUlN0-2dfNaU"
"clea.constantine@edu.tbz.ch"|"eus$8m-1AEuTo-oRQ8sr"
"maella.cometto@edu.tbz.ch"|"QVDNpr-ofm@Uf-N9YK5Z"
"laila.aubrun@edu.tbz.ch"|"WDaHB4-EJ@C9D-Nx@K8L"
"yao.austins@edu.tbz.ch"|"NulA$c-pYI#zO-z1tnDN"
"mailys.rylstone@edu.tbz.ch"|"EEN&v8-Und$KS-l1&av9"
"adelie.curuclis@edu.tbz.ch"|"TAoEok-3V1GYr-&0lnGH"
"celine.longhurst@edu.tbz.ch"|"UW3oWr-xEbH5e-$XhWZj"
"gisele.hazell@edu.tbz.ch"|"pqE%$x-MouxC&-0OOli&"
"celestine.ciccone@edu.tbz.ch"|"xfdStV-X0$8JG-@Ygmn7"
"maelyss.doole@edu.tbz.ch"|"%OLWps-2mwUD1-@jjzlz"
"helene.grimsdike@edu.tbz.ch"|"3VAmeU-6LYxjy-0Q#5cX"
"lie.macer@edu.tbz.ch"|"n3O99S-FK$UeF-J0#JkM"
"maely.izard@edu.tbz.ch"|"$Ue%OC-mo7vvY-z1SDlT"
"erwei.breewood@edu.tbz.ch"|"DuBk$H-YX1jx4-5uVpDN"
"chloe.woolford@edu.tbz.ch"|"fz8Z5F-hsN%O&-LToplN"
"cleopatre.turpin@edu.tbz.ch"|"kz8ILi-HydUPC-LPSKAl"
"melodie.surgison@edu.tbz.ch"|"sjTjRB-b7nnOo-IxfI8D"
"elies.leander@edu.tbz.ch"|"uKr6S$-lYmTtp-qEa4@4"
"mediamass.reignould@edu.tbz.ch"|"8YJIDb-RoOjQe-wZGbv0"
"celestine.wasmuth@edu.tbz.ch"|"IjSA3b-yI$tr4-kk@H%b"
"marten.jervis@edu.tbz.ch"|"FhM5Ld-qg7xRp-#mJJSl"
"daphnee.bour@edu.tbz.ch"|"RwSRXw-KNmSRX-YGcHOz"
"regine.harlett@edu.tbz.ch"|"HxDYwS-PbjLc5-Z2&Aw7"
"noemie.macaskie@edu.tbz.ch"|"1jJm5q-p7ESoL-JPK43$"
"loic.renfield@edu.tbz.ch"|"xLTfhI-fQtza0-3sPOiT"
"venus.kleinert@edu.tbz.ch"|"NXUNCx-vp5lpn-T9Z6ZJ"
"marten.burlay@edu.tbz.ch"|"Cg0Nw7-w#ykGK-ze$ewd"
"berengere.radsdale@edu.tbz.ch"|"OLCm@n-oXMNbd-5%vhX4"
"genevieve.duckit@edu.tbz.ch"|"KdwugM-&21$k&-xyG7ls"
"maely.ligerton@edu.tbz.ch"|"XVE@gG-gduEEE-Ym2GZS"
"maeline.ricciardelli@edu.tbz.ch"|"vka6j4-Pjh9b1-hIpI5g"
"personnalisee.yggo@edu.tbz.ch"|"SMpo&&-Vtrv%c-0smdxh"
"alizee.pettinger@edu.tbz.ch"|"suYYuE-&2HQ$1-GSf1uy"
"desiree.curnnokk@edu.tbz.ch"|"VEfUH6-@DKLV5-3gdcb@"
"dorothee.minors@edu.tbz.ch"|"nw3BP$-Y3wSns-06MMe3"
"oceanne.kopmann@edu.tbz.ch"|"NL2YJR-8DAR3h-XuH@O2"
"almerinda.brodbin@edu.tbz.ch"|"eSL%57-Gxn9C@-E@r$Ay"
"yenora.carsberg@edu.tbz.ch"|"@7XA5n-SGurZ6-5zCmOv"
"wa.beetles@edu.tbz.ch"|"yiiB4x-$@xiQb-gcKSZA"
"audreanne.abbot@edu.tbz.ch"|"IeIbh#-dibt9@-lNbYFP"
"noemie.capper@edu.tbz.ch"|"aymse1-flxZuW-X1@cbx"
"mans.abramamov@edu.tbz.ch"|"AU#tOH-u6tIt@-UydzBe"
"audreanne.blakey@edu.tbz.ch"|"%Gxq&0-dus9EX-DRz6Pm"
"leone.klimpke@edu.tbz.ch"|"S16rvO-gUaktA-fL0q&e"
"lie.croston@edu.tbz.ch"|"qGg&&A-owsKvY-tOsCTU"
"anaelle.baistow@edu.tbz.ch"|"XrQzV8-DSNUY3-%qJSUh"
"michele.garwood@edu.tbz.ch"|"BONgRb-KCTYg#-pilS@p"
"interessant.albion@edu.tbz.ch"|"oBp2hC-Krq6s1-ydgVSU"
"andre.brisco@edu.tbz.ch"|"SiryuZ-wJq2H8-$yi$RE"
"tang.totterdill@edu.tbz.ch"|"M%6HYr-JGrMIK-wAucjC"
"marie-josee.braundt@edu.tbz.ch"|"Lf5#il-&yt7e0-EG1f8G"
"lois.galer@edu.tbz.ch"|"$VZkFM-8qCanM-lSbW6@"
"faites.pellamonuten@edu.tbz.ch"|"Dix7iX-iQnRyi-nushPd"
"mai.barfford@edu.tbz.ch"|"a1&q6E-pQvK0t-yyfpoU"
"laurene.macilory@edu.tbz.ch"|"tfP#gv-gMgwEh-f64I&z"
"elea.peak@edu.tbz.ch"|"NxjNXk-ImFJBd-DL&iog"
"rejane.doni@edu.tbz.ch"|"Y0TFX&-gGycFP-ULZkkc"
"mahelie.ector@edu.tbz.ch"|"448g4x-%mI$9R-kRCpzn"
"rachele.allum@edu.tbz.ch"|"8DMncT-0oy3Ve-8uh&Uk"
"laila.gerretsen@edu.tbz.ch"|"hYJa56-i3I2oV-GN%vjT"
"ines.bowman@edu.tbz.ch"|"h#Wwkj-Pr7uvf-fSe7Mb"
"publicite.barbary@edu.tbz.ch"|"SoOLA7-#wXjY4-yrgi8M"
"mailys.smooth@edu.tbz.ch"|"nnoxCC-e1#0Oj-eQxj0A"
"mailis.huguenet@edu.tbz.ch"|"D$0EtH-FQGOvn-jN38%i"
"lea.ewer@edu.tbz.ch"|"S0vkn%-APmB5S-xwGv%F"
