"email"|"password"
"melodie.vandervlies@edu.tbz.ch"|"2Ymm59-Lc15RT-oVT3sZ"
"angele.edgecumbe@edu.tbz.ch"|"QjH04n-sCD%VT-4G3o$m"
"zhi.andreasson@edu.tbz.ch"|"#xTFG6-Ha5qNW-06YRle"
"judicael.koppeck@edu.tbz.ch"|"9hnEG5-N%DDMH-&EIEfi"
"berengere.capron@edu.tbz.ch"|"brg&1Z-DH0IsE-2%DBL6"
"leonie.brosini@edu.tbz.ch"|"4Jp5Xj-7LtE7d-NLswA$"
"venus.garfit@edu.tbz.ch"|"manu$E-Dj0na9-7phOmh"
"melina.janota@edu.tbz.ch"|"Od0swq-jxNNDR-S@UIWR"
"laurene.bake@edu.tbz.ch"|"8%%6uk-pz777j-&W@Uzm"
"regine.dorkins@edu.tbz.ch"|"tJfeFd-EGD8%W-8I$tH#"
"cecile.moffet@edu.tbz.ch"|"Hbl0$9-oKJTGf-AzMhfw"
"maelann.labrone@edu.tbz.ch"|"czf95a-1s8lyz-pgQPy6"
"melinda.newbold@edu.tbz.ch"|"Nmo1xw-nji09Q-kCzmHh"
"mans.itzhak@edu.tbz.ch"|"kcTup0-gDyIb1-zj2PNl"
"melodie.pattlel@edu.tbz.ch"|"FJ$wOY-#qyn7z-tGWMOs"
"celine.bonett@edu.tbz.ch"|"5FcaRg-zccmFZ-0nm61o"
"adelie.mcgreal@edu.tbz.ch"|"6vTa9z-6yVp#9-yxxaeW"
"helene.soldan@edu.tbz.ch"|"JsOWZh-sKwdkJ-uToio7"
"michele.cluer@edu.tbz.ch"|"GrqmsR-dRClQD-pIj1gz"
"maeline.mueller@edu.tbz.ch"|"$PoQOo-ij96$6-gnalgJ"
"maelann.benedito@edu.tbz.ch"|"FyMy%M-Xehe45-kLps1G"
"nuo.gransden@edu.tbz.ch"|"C4cwPq-ok%WRz-lc#Szo"
"berengere.stainton@edu.tbz.ch"|"iqCEyc-&vTnJ8-Po3Dd#"
"wa.sabater@edu.tbz.ch"|"8CZpAs-APjrn3-jL3#Ru"
"anais.cochran@edu.tbz.ch"|"Zy@UKI-TLjg@%-D$cO$z"
"gerald.bessant@edu.tbz.ch"|"mb1Vuw-P%ryqJ-@EqdWR"
"ruo.coffin@edu.tbz.ch"|"12fgM&-PyB2qx-@Q5GAe"
"melodie.mustill@edu.tbz.ch"|"H0E4ia-DHHA9Z-wFxkpl"
"ruo.stanesby@edu.tbz.ch"|"N%jHS%-@&FTeD-@z$CAL"
"noemie.antognelli@edu.tbz.ch"|"M4q&&%-p4#0oB-ttG#xq"
"maelann.hughson@edu.tbz.ch"|"sm9fc#-BKW5e$-4df7M2"
"milena.mieville@edu.tbz.ch"|"UT9gPJ-l%ordX-zeMQr6"
"mailys.chamberlin@edu.tbz.ch"|"7zY%z$-oluaLX-7ooTQX"
"nadege.tomalin@edu.tbz.ch"|"zTZ&VQ-uV3E4C-Wai6dJ"
"oceane.omara@edu.tbz.ch"|"TCar3T-gfCMEX-EWSi4x"
"cecile.aguirrezabala@edu.tbz.ch"|"lmVr3R-N5AMul-vL&4Jb"
"maella.gwillim@edu.tbz.ch"|"Q83k&T-Vl2$nz-J2fgrq"
"lea.mcgahey@edu.tbz.ch"|"nzVoAC-AW3BGi-sRvZto"
"laurene.hagerty@edu.tbz.ch"|"ozP7KC-HspHIn-2TDje%"
"dorothee.link@edu.tbz.ch"|"G#NGeH-aN3xNY-qthWZN"
"clementine.kynsey@edu.tbz.ch"|"umo2IZ-XlfQMF-##wIwn"
"lorene.smitherman@edu.tbz.ch"|"%hS4M4-FET&bg-M2PMlp"
"cleopatre.klulicek@edu.tbz.ch"|"CJqu&F-7zXw$J-oJkqty"
"laurene.castaneda@edu.tbz.ch"|"DZ@NO8-r4SDbY-vkp2UB"
"melia.constant@edu.tbz.ch"|"AjJ7nB-Oh%NFe-huY95I"
"lucrece.clunie@edu.tbz.ch"|"&Z$bOS-sQNnPS-bi$rjY"
"eleonore.mcmurthy@edu.tbz.ch"|"3WY4&1-pcEyZ@-hBQKtM"
"melia.bevar@edu.tbz.ch"|"fsTsTf-AWV0PP-&YfHlQ"
"camelia.bontine@edu.tbz.ch"|"dkce9T-cL2V8U-E#IaGF"
"methode.jozefczak@edu.tbz.ch"|"lHcRdr-@hK8JY-XfV0#j"
"audreanne.hinsche@edu.tbz.ch"|"QLm7b5-8Oe2rJ-yIaUYG"
"andree.varne@edu.tbz.ch"|"&dCjeE-cAcZkQ-IcsQLu"
"marten.kinleyside@edu.tbz.ch"|"PXvT$W-TDgodc-WB&&MS"
"esteve.mcewan@edu.tbz.ch"|"g1t2Bz-z0s9SX-cnjF$Q"
"leane.dibbert@edu.tbz.ch"|"nWkZLL-cI%DF1-EI7Zxr"
"ma.thewlis@edu.tbz.ch"|"kn@GSY-JPK@uZ-oMhgO7"
"clea.djurkovic@edu.tbz.ch"|"cFN5Pr-YeY$qQ-SVcmb4"
"rachele.reburn@edu.tbz.ch"|"I8ZMNt-9ywRP4-KfPMnd"
"gerald.gowling@edu.tbz.ch"|"NclLQJ-kpnQc#-BDU8Iq"
"cleopatre.jackson@edu.tbz.ch"|"&zaIUq-gPaewy-nYSUzL"
"desiree.haskins@edu.tbz.ch"|"P24J#&-Tp@S$m-3GBPYB"
"eleonore.longson@edu.tbz.ch"|"M5xmzg-hdwT0U-cGL@&q"
"leane.dybell@edu.tbz.ch"|"xdWTV9-O8ioT0-Ga4Ohi"
"becassine.grzesiak@edu.tbz.ch"|"2C6g@3-7nk83R-vId8CV"
"marie-josee.pickin@edu.tbz.ch"|"2%6jSD-5tf6aO-m6qxgS"
"marie-josee.roxby@edu.tbz.ch"|"0pUkuf-@bY0y1-ugIvtL"
"leonie.feenan@edu.tbz.ch"|"l%H4qJ-ZBUvBs-PDnInm"
"valerie.ellum@edu.tbz.ch"|"U7fRBA-Zmc8FZ-j&lD&Y"
"ju.caseri@edu.tbz.ch"|"cKr@Ik-ka8kZo-I8sdPR"
"boerje.strangman@edu.tbz.ch"|"P1VA0j-4ykNjO-T&KLNd"
"beatrice.ghidelli@edu.tbz.ch"|"u0gPKO-nMXDSA-Rb5EYR"
"da.jablonski@edu.tbz.ch"|"fX9RGs-UO3G5@-6PoV#e"
"uo.beveridge@edu.tbz.ch"|"e#r@Nv-6sYlJz-RvGqk@"
"valerie.bestman@edu.tbz.ch"|"1wViDd-vhMT9B-ch7AU@"
"marlene.pohls@edu.tbz.ch"|"RaUaDm-swNgQw-LkSJyY"
"ma.nolda@edu.tbz.ch"|"zUWeF7-M@#0RR-F3LU%W"
"marlene.bisiker@edu.tbz.ch"|"B5guPV-zB1HPw-lNQEBK"
"estee.babon@edu.tbz.ch"|"Uk2Dw@-Divw7U-Gv&NZI"
"simplifies.dmisek@edu.tbz.ch"|"eGWBSA-9wjgQt-kT5m&G"
"selene.ganing@edu.tbz.ch"|"V9MiiE-bJpYSI-KvNCih"
"meryl.penke@edu.tbz.ch"|"R8KTbA-80skI7-fU#Yd%"
"anais.rawcliff@edu.tbz.ch"|"0%xQEP-9xEviD-oTNbNl"
"melina.andri@edu.tbz.ch"|"S@NUS9-4P2DVl-gAmkYG"
"audreanne.fodden@edu.tbz.ch"|"u1qDrm-QZ4mRr-5lNepT"
"bjoern.spellesy@edu.tbz.ch"|"r@OVVa-D71KWV-vX6MX8"
"francoise.summerscales@edu.tbz.ch"|"#8JPLi-uGRo71-i6q#3f"
"laurene.ashtonhurst@edu.tbz.ch"|"wr5Hbu-8yIFbA-RvRuQP"
"valerie.petters@edu.tbz.ch"|"#4DwN%-1DGD0x-bVF0t5"
"anael.spenclay@edu.tbz.ch"|"Bc#z7W-j6E69Z-sM2hpT"
"stephanie.keech@edu.tbz.ch"|"yx7WNu-XrjyBY-tfmLJo"
"ines.deveril@edu.tbz.ch"|"Y3jYec-BHqBav-UoGCcj"
"berenice.gelder@edu.tbz.ch"|"$HWorV-5zvfNa-jh9TiS"
"melanie.ofogerty@edu.tbz.ch"|"TrQTMY-H0nkQ@-e9d%MH"
"frederique.canepe@edu.tbz.ch"|"fJzDro-ukZvGN-vRffo%"
"nuo.otton@edu.tbz.ch"|"u$SSpZ-r%U%U#-tCVzEU"
"genevieve.trusler@edu.tbz.ch"|"xFH3Ky-b3#lLT-0bpBS2"
"ju.boag@edu.tbz.ch"|"hpSg6X-21QevD-8bU8ZQ"
"josephine.dilucia@edu.tbz.ch"|"abh%va-E50YWu-dJTcNR"
"laurene.armsden@edu.tbz.ch"|"h5Fz%F-BKa@Pp-oBjxW%"
"becassine.griffe@edu.tbz.ch"|"HIe2Mm-Ufjgy3-wxz3WM"
"alois.parres@edu.tbz.ch"|"UqxYRd-xQeq7n-McndsB"
"cleopatre.gaffey@edu.tbz.ch"|"zHP2Zn-KMJ3A&-Wzu$bK"
"andre.stiger@edu.tbz.ch"|"MRmf6%-f%#qP$-iU51up"
"beatrice.godleman@edu.tbz.ch"|"y$zJD6-11TZ9w-8EXPCB"
"hakan.harrhy@edu.tbz.ch"|"@mAZoI-DmDutZ-yoe2IM"
"celestine.dagnan@edu.tbz.ch"|"Lb@IMl-LBb2qU-@Vn#s5"
"clemence.haggart@edu.tbz.ch"|"0h9uFF-us37O5-TMefDo"
"long.caban@edu.tbz.ch"|"63qgUk-2auv$v-yuD954"
"gaetane.grimble@edu.tbz.ch"|"V6yLcv-TkgsYi-FuKtX%"
"maelann.piwall@edu.tbz.ch"|"dFElBD-wMIMy8-FcGX@6"
"magdalene.loble@edu.tbz.ch"|"Cvt##m-JULt@6-J8L0fk"
"veronique.domaschke@edu.tbz.ch"|"wsvAW#-senJmI-wkqkLG"
"clea.herity@edu.tbz.ch"|"HMM4S#-91gf1B-EHh0kG"
"maelann.bambrough@edu.tbz.ch"|"KAr&pw-aEzh&E-MSSAyR"
"clea.goulstone@edu.tbz.ch"|"n01VZQ-5wILlg-eb1Xv1"
"renee.deleek@edu.tbz.ch"|"Z@%M5#-9EUEH8-XNV6c9"
"boerje.rudderham@edu.tbz.ch"|"6D$QJD-Fkde$A-@frvlM"
"marylene.broune@edu.tbz.ch"|"xL&yrp-p%lxqi-4@b50p"
"nadege.mccuish@edu.tbz.ch"|"60kPk9-LKQ&p@-RljFp%"
"anael.littleover@edu.tbz.ch"|"hNigBI-8Z$FDa-#gD8@X"
"lie.baume@edu.tbz.ch"|"381v8n-sIF2su-&7Gqh5"
"maella.murrow@edu.tbz.ch"|"Q&OLCd-BEwb92-b4qILQ"
"cleopatre.pettifor@edu.tbz.ch"|"cqfWEY-TE0O5A-P#2IAk"
"geraldine.asker@edu.tbz.ch"|"4qA885-rx4aId-mv03Rt"
"gaetane.smedmore@edu.tbz.ch"|"$$4v$S-CzhoRb-k1$6ci"
"meryl.blencoe@edu.tbz.ch"|"yTH39Y-Jth867-BFNEjV"
"aurelie.chastaing@edu.tbz.ch"|"LzrB3&-Q13RE4-DBPW2@"
"oceanne.marthen@edu.tbz.ch"|"9K9TdT-QDvIG@-%hhDda"
"dorothee.burrill@edu.tbz.ch"|"jNBMst-P@LZNj-gA0EKE"
"hakan.belden@edu.tbz.ch"|"B71KEb-2n3QBj-l7rL$u"
"celine.brunning@edu.tbz.ch"|"KQ1mzJ-zqOmIF-YZw1MW"
"anael.lapides@edu.tbz.ch"|"oaj%XY-2h$KMd-7%nbaK"
"ruo.saffran@edu.tbz.ch"|"520%t6-pWNqRj-#jwi#h"
"loic.gerretsen@edu.tbz.ch"|"4M6Rt3-wyXhKI-PRaonr"
"rui.fitzer@edu.tbz.ch"|"5KAC7D-HdcF2v-RAhNaK"
"annotee.ogers@edu.tbz.ch"|"n#7JSz-khNagR-$M8qhA"
"boerje.bindin@edu.tbz.ch"|"t%O6p0-sGBVeP-qGlhqW"
"ma.cronchey@edu.tbz.ch"|"zpXOUD-dFiZE4-9$ASaO"
"laurelie.baiyle@edu.tbz.ch"|"CbFg9K-M5gh@7-BQ$e7c"
"dorothee.older@edu.tbz.ch"|"@GBsZA-6L4#B2-BnzVZq"
"laurena.wile@edu.tbz.ch"|"2DJswn-%GM5XQ-OiafJl"
"clemence.brito@edu.tbz.ch"|"x52BL3-goGY6A-&fwvPf"
"nadege.dallin@edu.tbz.ch"|"pHhG$T-xp6cVe-9fNAMd"
"mailis.matley@edu.tbz.ch"|"fPtnho-iHvRp%-ikw2Iw"
"daniele.screaton@edu.tbz.ch"|"vfrG7N-pVI0b#-%yM1D6"
"mediamass.godly@edu.tbz.ch"|"xdyv%w-#mVCfv-PJrgEQ"
"leone.kremer@edu.tbz.ch"|"R&k9sh-mqOdia-1mxTs6"
"asa.adrian@edu.tbz.ch"|"LeqPs3-pBLvsv-4aF#fI"
"adele.doley@edu.tbz.ch"|"xnacnN-K&cmOS-1x#tIw"
"fei.sidney@edu.tbz.ch"|"e@0Qqg-@%ikNc-U2$5mk"
"marie-josee.walisiak@edu.tbz.ch"|"gWOl4y-XUsZk%-Uq&ThD"
"desiree.diplock@edu.tbz.ch"|"kXHoej-G8S#KJ-Vy11PN"
"gisele.schust@edu.tbz.ch"|"BbtrLf-JcG00e-x%6NXS"
"ma.longshaw@edu.tbz.ch"|"w#PhZO-NBKFh6-4$5vZn"
"da.boother@edu.tbz.ch"|"gsWTIp-g8mzX2-iMfVWO"
"simplifies.chaudhry@edu.tbz.ch"|"9pjRNG-Zce7uF-Li3WmH"
"garcon.baniard@edu.tbz.ch"|"GELlsi-8jWRJx-AJ2ykp"
"gaetane.elphee@edu.tbz.ch"|"1vW%rP-$4e1q%-zNyHv6"
"gisele.hassey@edu.tbz.ch"|"LZj1xt-%zpW1e-xhDGc#"
"oceanne.booley@edu.tbz.ch"|"H80RUm-$2v4z8-w6HZxo"
"oerjan.dibden@edu.tbz.ch"|"Kjcyhc-K57XVl-NE7nC#"
"regine.ocleary@edu.tbz.ch"|"pJ&Pz@-LZYx7%-6tW#S3"
"selene.persse@edu.tbz.ch"|"55sUeG-#yJ8YD-YPsexc"
"helena.adenot@edu.tbz.ch"|"rmml@W-JpaWTK-Y0$1GT"
"maelann.wassung@edu.tbz.ch"|"0XF$Xz-mq0iLL-dE$BB&"
"frederique.ackermann@edu.tbz.ch"|"8be4l0-GXSpx5-YsflpA"
"audreanne.kahen@edu.tbz.ch"|"STm$El-kfEM&R-2FtjzK"
"maiwenn.lasty@edu.tbz.ch"|"hQHE$h-QQ%PV2-TUbm29"
"yu.dictus@edu.tbz.ch"|"dvpeNm-n7#9HL-otlyXv"
"anae.dukes@edu.tbz.ch"|"#AQiq7-E4EjEO-8gzz8e"
"yenora.warr@edu.tbz.ch"|"nH6iz9-SMmQS7-Fxmy3L"
"esbjoern.archibold@edu.tbz.ch"|"FhC7xS-YJ56Ao-ifK0qp"
"milena.pardal@edu.tbz.ch"|"5djnWt-qiJ4ac-SHJGBA"
"celestine.graveston@edu.tbz.ch"|"F2zXYf-kfF$7x-SiqD8b"
"maena.dallas@edu.tbz.ch"|"2SyXrq-1qOTm1-9B0jzB"
"andree.tuke@edu.tbz.ch"|"S&Nsen-#pxnZd-udw$6M"
"methode.seldner@edu.tbz.ch"|"8buDIm-RrQkRJ-AA12lV"
"venus.bullas@edu.tbz.ch"|"L@sPrs-o0Wa8$-I7h1by"
"mans.aguirrezabal@edu.tbz.ch"|"$oPcCG-YSX0pi-HwXe7T"
"gaelle.eadington@edu.tbz.ch"|"m1fFoC-7jFcPt-gZi4$c"
"anaelle.falkner@edu.tbz.ch"|"6M84gH-SDA0aF-nJCY9w"
"ophelie.height@edu.tbz.ch"|"i0$4k0-PXB6GX-1uJXVp"
"marten.bolding@edu.tbz.ch"|"1J9Zwp-9ZqF&I-SupLVw"
"pelagie.guswell@edu.tbz.ch"|"Dm%1La-07lpcd-QSEjJi"
"gwenaelle.lecount@edu.tbz.ch"|"6nr569-@yfn7b-DPS6Ci"
"hakan.laden@edu.tbz.ch"|"aH4NYb-CwpYag-uqb3hO"
"marie-josee.hylands@edu.tbz.ch"|"mFDzS@-meWutJ-KBk#JI"
"zoe.kingshott@edu.tbz.ch"|"ULkJY5-tA4qsP-KAXMH@"
"josee.janous@edu.tbz.ch"|"oj3rA3-roX8FB-E5sAxA"
"laurene.gallally@edu.tbz.ch"|"p1nZi7-m1x7UW-3iZJ5a"
"anael.bickle@edu.tbz.ch"|"AN6H8b-4ZO#xc-@TbA@8"
"mediamass.lebbern@edu.tbz.ch"|"KEVM8I-$vc052-ZBP4EA"
"berengere.hovy@edu.tbz.ch"|"e0e%Dh-e$miON-iQyrfW"
"oerjan.kilmurray@edu.tbz.ch"|"rRThxR-XqN1WL-92kckh"
"asloeg.venny@edu.tbz.ch"|"NtM#%h-Chpqnf-0B0l3N"
"marie-noel.stoad@edu.tbz.ch"|"ofmErk-7ny9r0-zE%MvQ"
"hakan.pettifor@edu.tbz.ch"|"fOgyIy-U8qHW8-9B5Wr&"
"maella.willgrass@edu.tbz.ch"|"sh9HPq-1GUAd7-ky45Tb"
"therese.ludovici@edu.tbz.ch"|"eZ@e5T-p8I#n1-zcqOJ2"
"stephanie.trewhitt@edu.tbz.ch"|"sI6Iwd-bAlz6X-XEj7r4"
"maerta.bauduccio@edu.tbz.ch"|"9#e7zQ-3jQLmF-n%Npft"
"gaetane.glaisner@edu.tbz.ch"|"h&216V-gZSxKu-OT1x#E"
"naeva.pargeter@edu.tbz.ch"|"ty7&Ox-iemIZi-iBSlvq"
"salome.venable@edu.tbz.ch"|"sjdX%9-njIXqk-YMXRm#"
"boerje.thickett@edu.tbz.ch"|"KWK04C-LM5uBI-I$nuSq"
"lucrece.prendergrass@edu.tbz.ch"|"Zhgh1X-7ApAbI-OC9Gsq"
"laurene.ockleshaw@edu.tbz.ch"|"H&a2w7-x&pRyC-8T%puX"
"cecilia.pasticznyk@edu.tbz.ch"|"SK279B-0qp0m5-md1A$I"
"stevina.mackey@edu.tbz.ch"|"bNs0JT-XSV8lu-r9FJ24"
"marie-noel.reven@edu.tbz.ch"|"n60rWB-9f&0C0-j8LszM"
"melina.quilkin@edu.tbz.ch"|"2b%RAd-xhtdod-yIQ1Sy"
"marie-noel.ferrie@edu.tbz.ch"|"QABuwG-sGf17h-XRCkw@"
"leone.alphege@edu.tbz.ch"|"x4Mq9@-pwoEYC-AH%DO6"
"zoe.leverson@edu.tbz.ch"|"iDjefY-zLNW$#-cYqjL2"
"annotes.grayne@edu.tbz.ch"|"4h8ZQO-lD2W1q-jxIrGl"
"faites.lalley@edu.tbz.ch"|"uQSGZS-ncFuk#-COD2Qm"
"adele.wallis@edu.tbz.ch"|"rnl6%r-nPGCnl-6iaj9V"
"severine.madill@edu.tbz.ch"|"uCvOHE-wxO09n-m&giK&"
"valerie.tebb@edu.tbz.ch"|"wsZu66-c$I6mi-nIHme$"
"kalliste.rasper@edu.tbz.ch"|"#2p9nh-g$EJ@j-OleF4n"
"audreanne.palomba@edu.tbz.ch"|"YGwfp$-3@9xxr-d3&PPb"
"elea.adamik@edu.tbz.ch"|"fXHZ5D-qL7eEL-elzkk%"
"reserves.jakuszewski@edu.tbz.ch"|"E3z7sj-R50896-rZFGO1"
"athena.belhomme@edu.tbz.ch"|"zl5YuD-VA5&v5-xbNRV0"
"rebecca.crippin@edu.tbz.ch"|"05p5gu-QRa%Pg-5G6MTA"
"maiwenn.curman@edu.tbz.ch"|"DvnahK-DOugiN-FUzpmh"
"andree.bunner@edu.tbz.ch"|"mYtD92-xCbNjI-lMi#xT"
"ruo.winckles@edu.tbz.ch"|"4M4HrF-P$ZFw1-zXL$&J"
"naeva.buntine@edu.tbz.ch"|"1IgS52-KtA&HR-LBoAZH"
"boerje.dollard@edu.tbz.ch"|"B@0ehd-wpBMWD-Zmv259"
"penelope.gorman@edu.tbz.ch"|"F8KVgc-SwjpOj-8CxhAC"
"alois.robelin@edu.tbz.ch"|"c30Y3T-7n8SPf-Ftum75"
"anaelle.tindle@edu.tbz.ch"|"soCfl#-1pWJ62-Tcui1%"
"ye.frears@edu.tbz.ch"|"Sg51XW-jBwYnK-zQQ41T"
"andree.ovid@edu.tbz.ch"|"kMiFEc-uurxiS-0LxNht"
"hakan.peat@edu.tbz.ch"|"vWKCqN-Bkd3tb-G2#vy&"
"andre.januszewski@edu.tbz.ch"|"nxCyru-bT&rzU-851tJP"
"annotes.clemmett@edu.tbz.ch"|"Qve8IH-1p&mP@-DcM9sP"
"pal.lambswood@edu.tbz.ch"|"NrwLwc-yHzm8E-Bq6zhb"
"yao.lenton@edu.tbz.ch"|"TSYw8A-fY45&t-ESC#T&"
"hakan.boyton@edu.tbz.ch"|"@sE2AD-9rKpuL-$d06dr"
"nelie.forsey@edu.tbz.ch"|"lsvKwr-46e5h#-LzppH3"
"hakan.horche@edu.tbz.ch"|"7T@vQa-5cful%-UisJn2"
"lorene.sinkings@edu.tbz.ch"|"MBskQz-RBdckI-SftF08"
"marie-therese.creddon@edu.tbz.ch"|"eJAAVd-3tbuXX-JEO48x"
"berenice.tolworthy@edu.tbz.ch"|"@POWh7-l1Y5p6-5rohDF"
"theresa.land@edu.tbz.ch"|"7vIWog-DsQEP1-9SsxkA"
"marie-therese.gianilli@edu.tbz.ch"|"7ua#mZ-r@j9Dw-vRQh1d"
"meryl.glew@edu.tbz.ch"|"Cl$fNd-virl2x-EwbuD4"
"adele.debling@edu.tbz.ch"|"rlQE4L-tbyjEM-jV8cm1"
"anae.metzke@edu.tbz.ch"|"IqKe4O-ZyDgzI-2UrRd8"
"gaetane.gooden@edu.tbz.ch"|"JO6wgl-tEbxi5-i3SCwG"
"laila.bootland@edu.tbz.ch"|"ls8pV$-TiLGfJ-XZeh$x"
"maite.helsdon@edu.tbz.ch"|"8W%jp4-dES2A6-DygC0O"
"andree.malley@edu.tbz.ch"|"0d2czm-FuBZkh-uZ9Ny4"
"pal.simmens@edu.tbz.ch"|"sRZfeo-A9PNq5-CV7cXZ"
"maelys.nuccitelli@edu.tbz.ch"|"W&SJGP-DcOmoq-Lu8YVv"
"dafnee.sibary@edu.tbz.ch"|"KLd5xp-QQV4z@-FIalQ%"
"alois.harsnep@edu.tbz.ch"|"D#24Wd-Aye7f%-S$6$&y"
"marie-helene.lacky@edu.tbz.ch"|"CR&WYc-5#wh7B-kHE%SF"
"mylene.youthed@edu.tbz.ch"|"fzz1hG-iRCfSX-lpfzpB"
"marie-helene.dehmel@edu.tbz.ch"|"8qdiVm-efHkz6-5pg7gf"
"angele.batman@edu.tbz.ch"|"I#ZpeR-Y&DtRX-Fr@LwW"
"melia.younghusband@edu.tbz.ch"|"6M2PkT-rIL#Nw-La3QHz"
"eloise.baldi@edu.tbz.ch"|"RVfe$Y-1CLlkW-%9KDGv"
"illustree.dun@edu.tbz.ch"|"@lRqGN-@GChXj-d4m4cX"
"genevieve.late@edu.tbz.ch"|"bdeHRU-9s7$pE-@FD%n8"
"celestine.colville@edu.tbz.ch"|"dkNLUj-tzW&j8-v9p8dj"
"gwenaelle.scarlon@edu.tbz.ch"|"u4QeqW-jve9c9-X8PLGF"
"regine.boddie@edu.tbz.ch"|"&f@e&6-%EXiLQ-8XXQp2"
"creez.gaughan@edu.tbz.ch"|"&ca&LU-wnItKA-pukhEG"
"gaia.longford@edu.tbz.ch"|"aXVHRm-2NoE3$-fWZ@6e"
"mailis.buckby@edu.tbz.ch"|"F%GL59-WZZ9cH-S59TLY"
"song.parbrook@edu.tbz.ch"|"0ulsoH-U6%wm4-a%niAw"
"frederique.heddan@edu.tbz.ch"|"TABAs1-P5tkYk-pCBEgE"
"ake.kirtlan@edu.tbz.ch"|"ePLBIu-t$Igc3-rG8D$U"
"nelie.runciman@edu.tbz.ch"|"ZhTTgx-XFXX#r-SYmyWq"
"mailis.cardnell@edu.tbz.ch"|"xtbLcy-KWEpkA-BEfggf"
"irene.navarro@edu.tbz.ch"|"Uewrum-85WMt4-Vms1oW"
"maite.cough@edu.tbz.ch"|"C8$mXC-vy24hD-rMzp2f"
"anaelle.stocky@edu.tbz.ch"|"TpDfXy-7DAkz#-6gco@5"
"methode.moulder@edu.tbz.ch"|"H8jLxy-jP8zQo-THv@O6"
"po.stafford@edu.tbz.ch"|"%f%27g-yib27L-2LbZ8T"
"faites.scraggs@edu.tbz.ch"|"e7OnKm-7%#QjE-LGW26P"
"adelaide.dullard@edu.tbz.ch"|"ue4ebD-oiBnMo-eRHQ@S"
"desiree.leonard@edu.tbz.ch"|"xefb6T-I8L&TT-0AATBU"
"geraldine.badgers@edu.tbz.ch"|"dM5%@W-e%2QUF-GqcT#n"
"ruo.masic@edu.tbz.ch"|"v4heiQ-QnUMln-lMVuMH"
"aurelie.lieber@edu.tbz.ch"|"0PUKIu-p&wHUV-TYtXb%"
"naelle.balcock@edu.tbz.ch"|"kb@Psn-gOJdSf-tmouUT"
"camelia.elger@edu.tbz.ch"|"3q@FPg-G@LDfp-DUcXT0"
"publicite.oakeshott@edu.tbz.ch"|"DeP@7&-@43XjV-%hDcG2"
"cleopatre.fawley@edu.tbz.ch"|"GtfVlv-u9LZJX-LLpB#P"
"laurene.bruckmann@edu.tbz.ch"|"XdYMw3-c$6H@&-yO$U1d"
"rui.haughton@edu.tbz.ch"|"ZzJIAc-S&XVW2-M2EwFL"
"asa.ladewig@edu.tbz.ch"|"CVy$EG-rnDmsq-pXOhK#"
"gisele.janecek@edu.tbz.ch"|"Ei36op-pbW38E-6VJQy6"
"maily.loveridge@edu.tbz.ch"|"QOo6YD-NT&dru-jQzvA4"
"marie-eve.yurkiewicz@edu.tbz.ch"|"MW2F%P-8INUw%-ZWHzg9"
"fei.roder@edu.tbz.ch"|"X&t03I-dRhju@-yjebl2"
"edmee.chatburn@edu.tbz.ch"|"WK25vo-jwMV0E-DYpltB"
"geraldine.darke@edu.tbz.ch"|"&1uZUd-ZKpSb2-xXMJjD"
"ye.jira@edu.tbz.ch"|"Ym3uQL-nVzNtE-UBLA5x"
"publicite.persent@edu.tbz.ch"|"a3bqFM-Tb@4wy-3C@b47"
"severine.wilcox@edu.tbz.ch"|"IbTnku-K&1zii-VNUh6C"
"yao.mcclaren@edu.tbz.ch"|"r8K7AS-KdWlz2-NX$blv"
"theresa.foynes@edu.tbz.ch"|"PAziP%-8m0w7t-mPKZ%c"
"stephanie.isley@edu.tbz.ch"|"DHXv5c-faI3cZ-N5CR35"
"torbjoern.growy@edu.tbz.ch"|"6bha2j-6n&O9V-#H8eQI"
"eloise.tunnadine@edu.tbz.ch"|"VR#bxL-4mNM1g-ekawaj"
"maeline.cossentine@edu.tbz.ch"|"kGYD$D-8HkSaZ-tm22tI"
"nelie.desantos@edu.tbz.ch"|"7ml2Gx-Jdzp2y-DbxdRS"
"gaetane.axston@edu.tbz.ch"|"B$Izpy-Zl88Zi-duEN22"
"aimee.merman@edu.tbz.ch"|"#9jg57-RGH1PY-m7ni6J"
"oerjan.drivers@edu.tbz.ch"|"#4A$Rk-mksI&t-6T%3T#"
"aimee.miroy@edu.tbz.ch"|"nldJ3O-0vr0QQ-hLGwar"
"nelie.glyde@edu.tbz.ch"|"SzACCJ-WlPRXU-O2P@AE"
"hakan.kapelhof@edu.tbz.ch"|"kOMMra-Iz3$#e-lO9&tc"
"maelyss.cauley@edu.tbz.ch"|"k5S5P#-dfTbdU-95%NMS"
"elea.vaggs@edu.tbz.ch"|"A69PTJ-cF5zzq-BmlqDW"
"maelys.but@edu.tbz.ch"|"kx$@nr-X#E&Xn-h0Yo6J"
"maella.arthurs@edu.tbz.ch"|"IVVySu-&GReKJ-UPJ$V5"
"adele.liebrecht@edu.tbz.ch"|"KX4%r2-rjJ4Nq-q0u1&Y"
"meline.lomasny@edu.tbz.ch"|"Pzv#B4-M1zcNQ-5ZXqnB"
"mediamass.schwant@edu.tbz.ch"|"WPpj05-@OYTxp-iOCfdF"
"leone.saunt@edu.tbz.ch"|"rBXTt1-Sj6plI-Vr1#5O"
"annotes.gouch@edu.tbz.ch"|"EuptuY-7mkUGz-mkIgwU"
"gaetane.bowich@edu.tbz.ch"|"ot2Amy-kYSBaX-zTcul6"
"alizee.strelitzki@edu.tbz.ch"|"6#PqrS-zvm38C-Itc8Iu"
"leone.poile@edu.tbz.ch"|"WYjFdv-9OVOy&-v@juPS"
"amelie.saban@edu.tbz.ch"|"WKRY9Y-HaoEGq-H4ADD%"
"marten.mcmenamin@edu.tbz.ch"|"iyT5UC-OGZhL@-w8Eap4"
"becassine.keets@edu.tbz.ch"|"SY%Jia-inUrre-DYo#wa"
"celine.million@edu.tbz.ch"|"YCjpDb-vOY3R1-l8WiAk"
"geraldine.belitz@edu.tbz.ch"|"bD7kqp-G6y7QC-2UQWIj"
"salome.mardling@edu.tbz.ch"|"oe2@uK-bezSAW-%oEgfo"
"melia.blakemore@edu.tbz.ch"|"#eAUoc-5LtnvL-3fBPG9"
"dafnee.mcaulay@edu.tbz.ch"|"gwRTL4-#MXm3p-fJoQ46"
"garcon.dennett@edu.tbz.ch"|"q2Kdeu-hZBe24-gri2Sx"
"interessant.lesor@edu.tbz.ch"|"Tipa#J-8b%OCz-EGNsJn"
"annotee.wasbrough@edu.tbz.ch"|"O3gDYJ-nprBiQ-QnazAj"
"asa.ibbeson@edu.tbz.ch"|"kABojx-%%SlBd-wV6LYF"
"maily.kennealy@edu.tbz.ch"|"N3X2Be-ILZtLZ-0vqFxs"
"ye.seares@edu.tbz.ch"|"ceRWM7-St1Z2z-ivCXTM"
"athena.harbron@edu.tbz.ch"|"pM3TKS-A8ZDj0-OLZ$2q"
"andreanne.portail@edu.tbz.ch"|"4IwJ3f-fpQ@2%-lKFLZu"
"goeran.zannelli@edu.tbz.ch"|"Js2$pK-j%Bj7P-d%idn4"
"gerald.leathlay@edu.tbz.ch"|"Je$wxl-as1SEw-3ap5cf"
"andreanne.chown@edu.tbz.ch"|"8&vcqB-c3fsXe-wwN2cW"
"esteve.clementel@edu.tbz.ch"|"vPm0v0-kPpi3#-PU95iQ"
"leone.legan@edu.tbz.ch"|"8ZJ@Xp-eW@7hN-&for#K"
"maena.pownall@edu.tbz.ch"|"lmZeQG-Ka$oJO-ioa1Cn"
"andree.rettie@edu.tbz.ch"|"WjOQ&q-bP0Ksl-@PxUKz"
"ines.kenwrick@edu.tbz.ch"|"9ooBn2-#2gBAl-%4p%Q@"
"marie-helene.yarnall@edu.tbz.ch"|"uGj0gg-hkbPOy-voXO0A"
"po.martin@edu.tbz.ch"|"nvkGhE-doCwz5-$jmYpJ"
"ruo.celiz@edu.tbz.ch"|"6U0uZT-nGQmha-GReYhv"
"po.bissett@edu.tbz.ch"|"@3BZ8U-2NRQzG-YKvHWO"
"du.swindon@edu.tbz.ch"|"DoQ@4k-jqNJJE-DQIlg6"
"interessant.gouldthorp@edu.tbz.ch"|"lisx8n-78qrkF-HI@VXH"
"leandre.lilburn@edu.tbz.ch"|"gsumml-TDchwv-s9%0T1"
"bjoern.whales@edu.tbz.ch"|"GWPJRN-MgEsOA-Ve&Lq3"
"interessant.dieton@edu.tbz.ch"|"X5xnoW-aj7Bcy-La8KMn"
"celestine.redhills@edu.tbz.ch"|"KwmWjg-FloAT7-qOaoNe"
"tan.yakovlev@edu.tbz.ch"|"591HKd-u&AT94-xmdJWC"
"regine.mcdowell@edu.tbz.ch"|"UcHhS6-SzsRp1-JJ6CHS"
"ju.coysh@edu.tbz.ch"|"JLCqPN-DEymun-Y1qUA@"
"reserves.ofallon@edu.tbz.ch"|"Eabx3j-@rA3oc-W5aKcC"
"frederique.sobey@edu.tbz.ch"|"ByCkCS-pv$JP7-rKczDt"
"marie-eve.garstang@edu.tbz.ch"|"ze2A4I-6JoKvB-79xgCw"
"andre.tapin@edu.tbz.ch"|"d7Ukju-Txx7jh-EUyJ7s"
"esbjoern.eynon@edu.tbz.ch"|"yg&FOW-wuFWZ%-Xj89Vu"
"maella.duffy@edu.tbz.ch"|"%8FC20-%tTp%&-bN2fWB"
"leandre.twinning@edu.tbz.ch"|"ceW14P-7sWfQ1-qftmaI"
"mai.whittingham@edu.tbz.ch"|"qt9ZKD-TjcG6E-oKZZx6"
"rachele.shevelin@edu.tbz.ch"|"k6lgZ%-RbU5yz-o2fuOP"
"cecile.mcure@edu.tbz.ch"|"kI%q4x-Be@#7s-2ly80r"
"marie-eve.yurkevich@edu.tbz.ch"|"raPgdp-toM7#G-PIRFcp"
"almerinda.paice@edu.tbz.ch"|"2tnNfA-acyHpe-3qWnDB"
"rao.howkins@edu.tbz.ch"|"5#COAp-Ni#wRu-iB##LK"
"serena.pack@edu.tbz.ch"|"vC1Pf@-Xz%4sJ-X4wkex"
"rebecca.mant@edu.tbz.ch"|"GyW7EX-wP2EsL-0wp6IP"
"reserves.spitell@edu.tbz.ch"|"mMgre%-YuQV6#-aol5FV"
"garcon.hamfleet@edu.tbz.ch"|"dbTP$E-lPJSpP-G9lYz7"
"methode.kerkham@edu.tbz.ch"|"Ue8k1p-hqaetn-a9NBO@"
"pelagie.camies@edu.tbz.ch"|"7GDGUY-8V2KoB-@c#S8a"
"josephine.macpharlain@edu.tbz.ch"|"uC#Ekw-1MHiKv-QMKSjR"
"eugenie.mathet@edu.tbz.ch"|"7lHCE6-w%eJtA-ddxsLj"
"gaetane.brangan@edu.tbz.ch"|"CPAWPP-ItX6%#-pX44kL"
"michele.dewbury@edu.tbz.ch"|"05qBAR-c7K@1#-&oUSEx"
"eugenie.elcott@edu.tbz.ch"|"Iz9t&n-0JyCdM-dGsIXN"
"megane.harniman@edu.tbz.ch"|"QHzRfd-Itt64V-V#TLjH"
"agnes.cluney@edu.tbz.ch"|"9YWUKA-4#gOI3-0k#45x"
"marie-helene.angear@edu.tbz.ch"|"kCeNiB-I#IdCu-5O3AGG"
"melia.dolphin@edu.tbz.ch"|"mYrOW$-RM0ymg-lmj0mg"
"lois.ruseworth@edu.tbz.ch"|"qITlJQ-%GaTU5-Ok7P6c"
"mailys.ryding@edu.tbz.ch"|"%0KirX-qCtJD@-$YJhNb"
"rachele.wulfinger@edu.tbz.ch"|"HJ4NPA-Vv9A@j-OHlCoT"
"gwenaelle.talton@edu.tbz.ch"|"GPzFpL-BnMany-moHXDu"
"long.ronchetti@edu.tbz.ch"|"RFcEgK-vBORf2-d#w5Ld"
"styrbjoern.kloska@edu.tbz.ch"|"OLjgXH-Nkh%U5-ALrw&D"
"len.sudran@edu.tbz.ch"|"3zZjZE-UbYWhZ-YTp&bM"
"maelle.andrysek@edu.tbz.ch"|"ISwDmo-iu2UU8-03s&EW"
"selene.senior@edu.tbz.ch"|"OfdPXG-28#fyG-GPIKkq"
"anais.joskovitch@edu.tbz.ch"|"QuIl6J-%e7%mm-lk6c#o"
"marie-noel.dally@edu.tbz.ch"|"ayhRuR-x8xmdP-VedGhw"
"marie-helene.laurence@edu.tbz.ch"|"dNHsNi-6ylVPz-dqrVGL"
"camelia.foxon@edu.tbz.ch"|"$GPfmZ-k%uvp3-8hYL&h"
"helene.cankett@edu.tbz.ch"|"%GwgB3-F@Zjmy-OSj#y0"
"marten.mitchelson@edu.tbz.ch"|"7evDBM-CcdNzV-vdRsk9"
"helena.stirtle@edu.tbz.ch"|"TnQwkW-4SL#Pb-AQy7Cr"
"leane.barmby@edu.tbz.ch"|"2WWAD4-9#B4R5-6PiY9V"
"goeran.ofinan@edu.tbz.ch"|"e6wm@a-L@HQHq-AgQ@YH"
"styrbjoern.proby@edu.tbz.ch"|"DlEWuX-hZBBDW-8B0bbP"
"zoe.halse@edu.tbz.ch"|"iztu9H-tghBYx-0N#Nrh"
"kui.drable@edu.tbz.ch"|"ANefXU-mMEDLL-3A&rP3"
"desiree.bamford@edu.tbz.ch"|"H0rg$A-&SH%yt-acgVyB"
"zoe.suller@edu.tbz.ch"|"oV3OcV-V%SBoL-#Ftsuw"
"marylene.audiss@edu.tbz.ch"|"jzBuz#-WBq$76-AwkkW6"
"adelaide.poznanski@edu.tbz.ch"|"CXmrdK-6XKqVJ-AuvpwI"
"maella.coleyshaw@edu.tbz.ch"|"lEHWVy-2%jYJx-uXWj4P"
"marie-francoise.gelder@edu.tbz.ch"|"J0ID0m-Mb9L3p-a$UDX8"
"eleonore.chaffyn@edu.tbz.ch"|"2KJZQn-h3SzY4-j&RRJ$"
"celestine.sikorsky@edu.tbz.ch"|"NraSvA-64QcU2-ccAed9"
"stevina.londsdale@edu.tbz.ch"|"Ug3R8w-@wU3sg-eFk%iA"
"maiwenn.nevitt@edu.tbz.ch"|"cf&Wxh-d8CKnx-N5#hit"
"magdalene.gerrey@edu.tbz.ch"|"eZnYE6-G0#KBF-Ca%0Gj"
"becassine.latimer@edu.tbz.ch"|"jCgf0M-CxcpDK-sBwnSr"
"da.lethibridge@edu.tbz.ch"|"scjJpc-p5N7P2-HAvd1i"
"mailys.claige@edu.tbz.ch"|"Q16nxt-FgqRpm-i2X%Rb"
"maena.torbard@edu.tbz.ch"|"y6kgsj-gndc4h-&33ZBH"
"solene.lyvon@edu.tbz.ch"|"&KczVJ-w7iQEg-uUb2u7"
"marie-therese.benbrick@edu.tbz.ch"|"CVtC3s-&gksHd-jA7uO%"
"gerald.edmonson@edu.tbz.ch"|"Tqn$b@-LB8O@m-x1&Xq1"
"ake.messruther@edu.tbz.ch"|"XMp3Gn-#UB%t9-It%S8y"
"men.gosneye@edu.tbz.ch"|"UVnljE-#9uW%9-hZfrpN"
"anais.jefferys@edu.tbz.ch"|"H5KhiV-VI387X-vh8pID"
"publicite.tregale@edu.tbz.ch"|"472vTo-8A3jgW-6Q3beD"
"maily.santorini@edu.tbz.ch"|"7ZN%1r-eXp3Pa-7yeGPd"
"ines.pioch@edu.tbz.ch"|"dSwKNL-jWBEY7-mh9UvV"
"noemie.marklew@edu.tbz.ch"|"I#OrCR-q@LjJm-dbIi1#"
"meghane.maccaffrey@edu.tbz.ch"|"agVGct-P@KJTU-T@FzM5"
"berangere.ambrogio@edu.tbz.ch"|"34ds9l-I#IOjf-PoDIwo"
"mediamass.ryce@edu.tbz.ch"|"do@9pA-q%bA5q-bFzE$H"
"oesten.ubank@edu.tbz.ch"|"&Ojwn7-Jcr8NB-b3&pXB"
"melina.mackee@edu.tbz.ch"|"1gRzgu-i5qaSU-0HGqvQ"
"theresa.livezey@edu.tbz.ch"|"q$iqLw-@DyKCA-H3RA2k"
"clemence.weal@edu.tbz.ch"|"q#talh-#Vu0Ry-fLADZn"
"faites.overton@edu.tbz.ch"|"NZ93Iv-X2dSGZ-KRT8qc"
"clea.lindblad@edu.tbz.ch"|"UD0sMk-1uCr8S-zR&hK4"
"josephine.roseaman@edu.tbz.ch"|"sbHR6N-sF6R6t-xIfxk%"
"oesten.lowbridge@edu.tbz.ch"|"Hrx8mp-tU#uJD-lHSzsq"
"marie-josee.brion@edu.tbz.ch"|"JXEGd7-401dVL-FiDXJ7"
"therese.basili@edu.tbz.ch"|"r97HQF-94w4m%-lYRuS#"
"melia.vertigan@edu.tbz.ch"|"SwMHzJ-EbQjpt-w9WmDA"
"judicael.saull@edu.tbz.ch"|"vyxPhX-9XbFRM-R20BzV"
"selene.valentine@edu.tbz.ch"|"Tf3LNU-3%Ldzn-Q%gK8b"
"verane.dunlap@edu.tbz.ch"|"m4y8zN-uMhIFm-xVomCX"
"meline.kinnear@edu.tbz.ch"|"HGJVWJ-USv4hf-m7DoXK"
"lei.luttgert@edu.tbz.ch"|"DZI2Ax-JIRJ8r-Mn7v7h"
"styrbjoern.lathleiffure@edu.tbz.ch"|"6ykhqr-HIjZBY-U&bDIb"
"marlene.blasi@edu.tbz.ch"|"BYWDpX-xSYUkh-ykiDW5"
"mai.begwell@edu.tbz.ch"|"ZB%9zq-O%QFsV-Zwm0Rm"
"gwenaelle.kaines@edu.tbz.ch"|"f#r1di-Esq43g-OOahxZ"
"gerald.adamthwaite@edu.tbz.ch"|"jt2WhN-ZqIy17-bxSadu"
"kui.hartfield@edu.tbz.ch"|"8vIzDC-oIm5@M-29uqIG"
"salome.currao@edu.tbz.ch"|"mpAXGm-0N3vK%-FlxYYG"
"angelique.tixier@edu.tbz.ch"|"LvwpKe-TR@j%R-1qy1Zh"
"ju.mcgragh@edu.tbz.ch"|"P#3F3E-7BDDgr-FJqd5Z"
"dafnee.beachem@edu.tbz.ch"|"aZ@TGa-Hpn&nY-zp%gfE"
"creez.terlinden@edu.tbz.ch"|"MXp6g8-%X9tGh-7J%N4r"
"uo.mcskeagan@edu.tbz.ch"|"o9kGmh-GuGR$G-3NHm0Q"
"edmee.mccaughren@edu.tbz.ch"|"D76@%g-NyTnF8-qXl#bc"
"asloeg.cozby@edu.tbz.ch"|"6oxD0r-&J$$il-owFltb"
"melodie.traite@edu.tbz.ch"|"HwOoR@-HSKiWZ-q&r8Fv"
"dorothee.aindriu@edu.tbz.ch"|"Q9XA2Y-HP0UtW-Bv3fUB"
"daniele.doley@edu.tbz.ch"|"hgHyu8-rMrcaO-8jLNLZ"
"mediamass.fairclough@edu.tbz.ch"|"a2%fic-ukBr8m-SEnrk@"
"lorene.rainforth@edu.tbz.ch"|"OtqV$M-dkFmEa-S%PPig"
"leonore.eyer@edu.tbz.ch"|"iBW35U-TpIKAh-yTtvkl"
"po.spillman@edu.tbz.ch"|"LIOfsk-F5AT7L-%ofY40"
"cecilia.plitz@edu.tbz.ch"|"BP3mo0-f&OhMF-TR$dy0"
"lorene.ludlow@edu.tbz.ch"|"THbqb0-z%o%jg-jHPPLN"
"berangere.neligan@edu.tbz.ch"|"7Iv9$5-XO8Fwx-uxFL1g"
"simplifies.huggan@edu.tbz.ch"|"hak5Ms-U#BMza-DUJTpG"
"clelia.prandy@edu.tbz.ch"|"6c&f8s-V8cb5d-gT2ViR"
"ake.osban@edu.tbz.ch"|"q4xpWy-%JF3JW-sGagSq"
"cunegonde.brunn@edu.tbz.ch"|"4OO0ZK-pPIPdU-V9pNrM"
"long.grizard@edu.tbz.ch"|"fhHwWd-TBjdec-9jQjyT"
"meghane.diss@edu.tbz.ch"|"lugvRi-@p8Jgd-edhWlc"
"therese.oldman@edu.tbz.ch"|"I5@&Gv-D#kZzY-ajJT79"
"boerje.scamerdine@edu.tbz.ch"|"Q7f1GN-wjK1So-THm6Vu"
"du.saban@edu.tbz.ch"|"Cadr0E-zVdUXo-EC#TQy"
"hakan.clynmans@edu.tbz.ch"|"Qt9C3H-gHi6Pv-qPnRcO"
"wa.macdowal@edu.tbz.ch"|"Y&t56O-Kvuy1C-VPvQ8r"
"venus.hatrey@edu.tbz.ch"|"Iw7L5o-Oo65T5-5NluF8"
"anaelle.vispo@edu.tbz.ch"|"9nB077-wKpyXU-wNlRHn"
"mahelie.ollcott@edu.tbz.ch"|"MLQulT-dHZ270-RWSBb#"
"mediamass.whyman@edu.tbz.ch"|"DJzByw-N03bb3-Vy1eyq"
"esbjoern.basson@edu.tbz.ch"|"p#Mew1-RLhkg1-919Fiz"
"andrea.morrill@edu.tbz.ch"|"%YVJfM-FLGAPE-ff2Jkf"
"melys.grassi@edu.tbz.ch"|"3&QVQP-x54q1a-I7MpLG"
"leone.poleye@edu.tbz.ch"|"4jux04-BMVeRE-YRx@Tm"
"francoise.penny@edu.tbz.ch"|"T#4bw%-&i8e%B-$ioK8t"
"rebecca.edney@edu.tbz.ch"|"%43gBg-jIOAm&-F2Bn5V"
"adelaide.murtagh@edu.tbz.ch"|"9SajDw-X8Kprp-eqAu&0"
"stevina.winterbourne@edu.tbz.ch"|"H3FIac-0B0Tnl-T4s%or"
"ma.cottom@edu.tbz.ch"|"%JYNxJ-vJMsP&-D2iFGw"
"tan.harold@edu.tbz.ch"|"0b&xQO-Ja&$yz-dxDPF2"
"venus.forte@edu.tbz.ch"|"#e53PY-mHu#Yy-BRTG91"
"almerinda.oluney@edu.tbz.ch"|"NxLlkx-93RSh4-38kZ7#"
"cleopatre.brehault@edu.tbz.ch"|"BkI@ZN-cCKuim-NK&o7v"
"interessant.lapides@edu.tbz.ch"|"%4EOGl-$O@XKE-wQzzCO"
"reserves.hallatt@edu.tbz.ch"|"b%Nedu-Q0aPio-qw05R9"
"annotes.birdwhistle@edu.tbz.ch"|"c3mNk6-t8tB70-r@8L%O"
"ai.dredge@edu.tbz.ch"|"YZARzq-H7HH$M-XnxZa0"
"megane.mussard@edu.tbz.ch"|"FCH1po-Xk&UzV-23NWYm"
"esbjoern.gowrich@edu.tbz.ch"|"nPZlHU-wlt7zr-ZJyC8U"
"boerje.brislawn@edu.tbz.ch"|"x1M5Bb-yr%KYU-AVuMZH"
"becassine.wilce@edu.tbz.ch"|"WbNTlr-0NtVKk-3ekBOY"
"personnalisee.oels@edu.tbz.ch"|"wi#Df7-$NAy0s-M8wR43"
"verane.pett@edu.tbz.ch"|"Ielnt$-2y%uLF-3VfYHZ"
"marylene.glewe@edu.tbz.ch"|"JbxtbY-Wb$f8t-7HvnlU"
"lai.elson@edu.tbz.ch"|"l1XLbr-rOrP6U-0ZH1f$"
"serena.difranceschi@edu.tbz.ch"|"%61YEB-KewtNj-LYyB@h"
"lie.espinel@edu.tbz.ch"|"ri6AMW-E#iobV-2hg#6y"
"marylene.fantini@edu.tbz.ch"|"zO3mwi-Kq2HrS-jn8FBa"
"andre.archdeckne@edu.tbz.ch"|"X$tptQ-uCd$%6-LCHNKF"
"goeran.bohlingolsen@edu.tbz.ch"|"8MRCub-JcXfyg-34VePp"
"cunegonde.heffer@edu.tbz.ch"|"asFpvu-4DRSYy-Tf#6Ga"
"tan.fechnie@edu.tbz.ch"|"ljsWOz-sqbBcl-Pn%9BM"
"marie-noel.brammar@edu.tbz.ch"|"iltpK1-BmnWhp-nAKz7m"
"simplifies.aven@edu.tbz.ch"|"w9bFzV-Df2xrg-AiM9nm"
"melys.pinchen@edu.tbz.ch"|"R7YbaG-Bw@715-c7Fvr#"
"edmee.joyner@edu.tbz.ch"|"RA@etk-tj3IyU-Ay6CZg"
"berengere.edess@edu.tbz.ch"|"Fuql#I-pGubYq-e1r1nW"
"marie-noel.goward@edu.tbz.ch"|"h7JINZ-NhOhO7-o0J@CY"
"ju.edmons@edu.tbz.ch"|"tFX4jm-Xjl4Ov-3eVK1w"
"frederique.airds@edu.tbz.ch"|"LxH3Ut-UxLaIN-6QzmFw"
"reserves.dauby@edu.tbz.ch"|"f%Tgbe-%PCYCE-OYNwkV"
"hakan.gynni@edu.tbz.ch"|"sS2OI@-%NCKNM-CLQHQY"
"leonore.pinwill@edu.tbz.ch"|"9kjuE#-vjTGhV-xsVQWG"
"marie-eve.mcallan@edu.tbz.ch"|"44HVn0-%wePYg-j3b3lE"
"naelle.yeabsley@edu.tbz.ch"|"iZH19P-9nje2k-&&J#KU"
"nelie.jacobovitz@edu.tbz.ch"|"#oipGk-L%q5qg-g0msJt"
"adele.conelly@edu.tbz.ch"|"rl#Mu&-qpmrsL-@eW$yN"
"clementine.dondon@edu.tbz.ch"|"DdouAY-U#iehJ-2$UIGg"
"zhi.willcot@edu.tbz.ch"|"P8k2r&-5xiJM3-pHsmx4"
"chloe.janicki@edu.tbz.ch"|"txlVWX-JWB1Kj-kh$rcA"
"meng.linde@edu.tbz.ch"|"g4306s-fswyqY-xmwsZu"
"celine.janisson@edu.tbz.ch"|"TStND4-12R%hx-D@N1zL"
"clelia.crow@edu.tbz.ch"|"nBsfUk-Vd0mCC-z$yPbJ"
"cecile.pyott@edu.tbz.ch"|"ie3@Cd-um$arn-4kxlrz"
"ma.fidelus@edu.tbz.ch"|"6lBbhp-RY5Kgm-aTXDEf"
"marie-helene.poore@edu.tbz.ch"|"@mPCtP-MBghae-bSadRq"
"elies.blanket@edu.tbz.ch"|"ekYYiT-BVfVvS-MWKKZF"
"yu.boyer@edu.tbz.ch"|"fD&nZM-h3MEeP-aPz7VY"
"celia.welds@edu.tbz.ch"|"3WlRNC-QFpsvc-F8pVbX"
"du.gunney@edu.tbz.ch"|"Ry2ZIV-%&4nBS-wnt0&@"
"goerel.crush@edu.tbz.ch"|"qxvAXL-rt#37b-B6heAN"
"marie-josee.brosius@edu.tbz.ch"|"$rUKep-ErJBZC-UIEU0s"
"camelia.adds@edu.tbz.ch"|"QTnokK-qtMsgp-InLumk"
"anae.irwin@edu.tbz.ch"|"CljJ5j-0vdFzh-n8rgS#"
"cleopatre.skeffington@edu.tbz.ch"|"1L2#n4-qvrZT#-P3xDO#"
"gerald.suggate@edu.tbz.ch"|"bv1Qv0-PxSRqb-vJa&m1"
"laurene.tailour@edu.tbz.ch"|"QucBpZ-1lnZyg-oqopsO"
"amelie.hoble@edu.tbz.ch"|"A%uOto-aq@Aii-K60S19"
"venus.getch@edu.tbz.ch"|"25BtBy-iAlold-E13nxn"
"renee.treby@edu.tbz.ch"|"OX#x7H-B%TP3$-4XHQ86"
"almerinda.stait@edu.tbz.ch"|"E%Utv#-ooQXRn-&7GQFG"
"andree.reddecliffe@edu.tbz.ch"|"PNVb9H-taAwSl-GICt3f"
"leone.wintle@edu.tbz.ch"|"0@KuMb-mlx8Kn-Oi%3Wu"
"gerald.fellow@edu.tbz.ch"|"AkI71o-BbxNe2-zdd4pi"
"ju.gudger@edu.tbz.ch"|"ztinI3-JMU7mQ-jwMHNj"
"meng.ohaire@edu.tbz.ch"|"Fqfq#u-1%$6fQ-BBSVS7"
"cleopatre.missington@edu.tbz.ch"|"1pZhbm-H64mm8-VVnp@X"
"annotes.debruyn@edu.tbz.ch"|"QYKHi8-M@5S1c-c9fr4F"
"gerald.sinisbury@edu.tbz.ch"|"Oer5#L-w7m2aX-oqPXK5"
"creez.slora@edu.tbz.ch"|"NoX#HA-G2rRf2-rBR9Sa"
"gisele.benbow@edu.tbz.ch"|"bm8b2z-kwGtFu-UOHQ@P"
"pal.dossit@edu.tbz.ch"|"Q3JBif-S9NVf@-g5wkNw"
"nelie.stirrip@edu.tbz.ch"|"IsA13%-KtieX@-7YFdcd"
"alois.ocrigane@edu.tbz.ch"|"d&9rDN-aT$dSW-BTbUXK"
"kui.mcterry@edu.tbz.ch"|"O4PJ2Q-QYuDzP-NCOW#F"
"long.willgoss@edu.tbz.ch"|"8KCNls-##$0@5-rhv4LY"
"francoise.sumpner@edu.tbz.ch"|"5Xgkr#-8FWPl9-yiyZkH"
"maely.grinstead@edu.tbz.ch"|"xFrQeO-baMnq3-D#eodC"
"creez.langeren@edu.tbz.ch"|"S82dX3-C0WKIZ-OQy6Xv"
"adele.dungate@edu.tbz.ch"|"%4KoKy-b5D9Tx-8A#%ej"
"cleopatre.noirel@edu.tbz.ch"|"1ca#BQ-h6OqjL-343IzV"
"interessant.daverin@edu.tbz.ch"|"ny4DZZ-hjBdET-Y36@b@"
"naeva.kalderon@edu.tbz.ch"|"is1qQv-Lfgf5t-kHnNdH"
"anais.oshesnan@edu.tbz.ch"|"dvv5Oh-A1NzrI-3GR0W1"
"judicael.anelay@edu.tbz.ch"|"hnhNA6-rPnrXY-0Lr$pI"
"eloise.braxton@edu.tbz.ch"|"%LuOAH-X$Hrak-LCV1f%"
"desiree.greguol@edu.tbz.ch"|"xQRPz4-vMM#ou-SyS5t6"
"maite.mcclenaghan@edu.tbz.ch"|"EdZKhl-4Z3czL-P7Ew&N"
"meng.doret@edu.tbz.ch"|"KLA1bx-sygl6O-XkZ1DA"
"frederique.chippendale@edu.tbz.ch"|"PMlvtS-s01GBp-KsFe#S"
"andreanne.lanney@edu.tbz.ch"|"d47uOw-qQM64Z-eyyaGJ"
"aurelie.claus@edu.tbz.ch"|"lqywiX-PVI3XL-pg7$#C"
"renee.pabel@edu.tbz.ch"|"iaqZHa-zPMncr-YEAY1s"
"maena.roust@edu.tbz.ch"|"AmOhrd-kQExlP-Fsa#&n"
"nadege.carwithim@edu.tbz.ch"|"Yxkb@E-Dhi5X5-XLuEyO"
"solene.geyton@edu.tbz.ch"|"drMWfg-RWx#%U-tCakGi"
"dafnee.avraham@edu.tbz.ch"|"KMwiMC-9zdEl5-9vWpKj"
"leane.woolvin@edu.tbz.ch"|"Bcl7wi-2Y&cpH-ID4HNr"
"adele.macadie@edu.tbz.ch"|"wRdp$l-PDA0%4-veu%4W"
"meline.rubica@edu.tbz.ch"|"0RhRy@-iYXx#m-JS3yjj"
"marie-noel.speeding@edu.tbz.ch"|"%VU@yM-1zPD#V-o14sgP"
"nelie.mix@edu.tbz.ch"|"vz4FnI-vSUYcx-eX5vVo"
"clea.ollett@edu.tbz.ch"|"SGM6VC-dUOTRK-yUNPJQ"
"leandre.mcgavin@edu.tbz.ch"|"sFirsb-fIIff2-qzQVQB"
"cecile.behne@edu.tbz.ch"|"i5w%aA-XnFn9L-@#M%LC"
"melanie.polle@edu.tbz.ch"|"&TtRhJ-GXuGAk-nrCfXM"
"marie-josee.titmuss@edu.tbz.ch"|"7d0lCp-2R44AO-EZXIrf"
"helena.guest@edu.tbz.ch"|"jj#KEY-WRLz#s-zC%n@$"
"annotes.chicchetto@edu.tbz.ch"|"wAGi8F-LMdGbQ-s&K8Hi"
"melia.tubb@edu.tbz.ch"|"8douOP-WPJlsz-x0V6Lz"
"angelique.casetti@edu.tbz.ch"|"MySZA$-dWW&Ab-n@1Wo9"
"cunegonde.cleall@edu.tbz.ch"|"PE0Ys6-Z$L#hG-iKu86n"
"camelia.oaker@edu.tbz.ch"|"nRUP&b-4cjHhe-uWdRbi"
"you.searight@edu.tbz.ch"|"69c20b-eaazoq-koDMLy"
"kevina.dederick@edu.tbz.ch"|"av&2xu-nqQIhd-zpqEkf"
"milena.jeffrey@edu.tbz.ch"|"ZQq7zh-OleGa0-DRW8u9"
"melodie.barkshire@edu.tbz.ch"|"A5Wk1x-JJg3k3-G5qfgQ"
"gaelle.kreutzer@edu.tbz.ch"|"sPBFBf-cULEoA-$doNk#"
"kalliste.kleinpeltz@edu.tbz.ch"|"B53nnn-w795GV-jhdA07"
"clementine.danat@edu.tbz.ch"|"l2A&2q-BmT5GG-Xaw1c1"
"andrea.wabb@edu.tbz.ch"|"KbdAlZ-jZP@eg-kNB2K8"
"geraldine.piesold@edu.tbz.ch"|"biKeTd-Z7GbkE-Lzyjw3"
"tan.fiveash@edu.tbz.ch"|"xrCEPp-97Yow1-#k@hWf"
"meline.yuranovev@edu.tbz.ch"|"xqG%5Y-NBt90P-6y7Mrj"
"therese.holme@edu.tbz.ch"|"g27$IB-zcEQF9-7vMLnD"
"salome.vaney@edu.tbz.ch"|"0UQs1R-koQSea-Ps6cMC"
"anae.abramson@edu.tbz.ch"|"D8IQ8t-3fVceV-63u%Gs"
"kalliste.jimson@edu.tbz.ch"|"QD79fB-Z1H8TA-&V0cfY"
"selene.yole@edu.tbz.ch"|"N69AB2-V%72B7-tF2yLR"
"agnes.defraine@edu.tbz.ch"|"qU2lIZ-36fw%&-isv0Tm"
"faites.mccluin@edu.tbz.ch"|"m%45yH-hUitC%-ZSCNVv"
"athena.deme@edu.tbz.ch"|"KtfQkI-7hNA8J-bzPr49"
"daphnee.brigstock@edu.tbz.ch"|"utpHWt-IQFM8m-EcJnng"
"goesta.skaif@edu.tbz.ch"|"du0JAx-cZ1an$-2A0#zm"
"oceane.jagoe@edu.tbz.ch"|"HBUKQH-FI2Q&2-RbEtc5"
"annotes.broomhall@edu.tbz.ch"|"C7zkx5-TGqIe@-Xk8MbZ"
"marie-eve.ballendine@edu.tbz.ch"|"Xb#gDy-5$T$pn-ogxN#9"
"melina.spykings@edu.tbz.ch"|"CS5MMW-Wl8pHG-PHjgkB"
"laurene.ticehurst@edu.tbz.ch"|"ubBKnr-Qm0anM-0pP&$g"
"fei.avramovic@edu.tbz.ch"|"n8eis2-4pqIhN-ugibpQ"
"publicite.strathearn@edu.tbz.ch"|"Q0Y23C-Q6XNPR-4N2#Hw"
"torbjoern.garrow@edu.tbz.ch"|"nRY#3S-PtFTaD-RJl%UX"
"chloe.rubinsztein@edu.tbz.ch"|"DtB27c-sQCT@p-XBcEV1"
"mylene.demanche@edu.tbz.ch"|"5mqJqx-&ZD0zd-pVC@mK"
"mediamass.godlonton@edu.tbz.ch"|"ch1U%v-tnZt29-YjZ%Lg"
"renee.shurrocks@edu.tbz.ch"|"OEa$ni-1awhxu-Dr6jma"
"maiwenn.jedras@edu.tbz.ch"|"h#kocC-IjWFFk-Auvys5"
"genevieve.castells@edu.tbz.ch"|"RMrjL3-WP71iA-g2N7eY"
"renee.sneden@edu.tbz.ch"|"%348Fa-DA8fi0-eTH8cx"
"lai.mccallion@edu.tbz.ch"|"nRePO7-v@LD32-%8lbCA"
"kevina.impleton@edu.tbz.ch"|"JDDIsv-0nQqR7-jMNbjK"
"oesten.fresson@edu.tbz.ch"|"M2R7EO-zvQ&Zk-Lg9QWm"
"verane.shawley@edu.tbz.ch"|"xviEyO-qYyQKu-tqo0yD"
"uo.sjostrom@edu.tbz.ch"|"sAjTSN-ROt#sw-R3#Q0G"
"gisele.gothup@edu.tbz.ch"|"ScaOoJ-cdj@95-D$vz1J"
"renee.beauman@edu.tbz.ch"|"qPiCg%-1dN7Oo-Wu0XaM"
"elies.loton@edu.tbz.ch"|"SSAEu2-7VsLQ6-vru7RW"
"valerie.elsmore@edu.tbz.ch"|"6g8n%H-U8QoKu-OkHtlN"
"berangere.delafeld@edu.tbz.ch"|"67t1Av-I%POHd-cf7L&m"
"bjoern.schimke@edu.tbz.ch"|"qp%JxW-m4#n9T-157RF5"
"loic.ericssen@edu.tbz.ch"|"#J4c5T-W%tCEn-xxsJsQ"
"creez.richarz@edu.tbz.ch"|"NJPWv6-rmqk4f-wUSoZU"
"athena.grocott@edu.tbz.ch"|"3QVFlb-SB%no#-d7l%OZ"
"naelle.piotr@edu.tbz.ch"|"5qAqA@-M9kO2s-ZFZdnI"
"maella.paulson@edu.tbz.ch"|"2yudid-5PpR40-mSr4QO"
"song.perot@edu.tbz.ch"|"QBTk@C-eXKgXC-qvfGUx"
"kalliste.heckney@edu.tbz.ch"|"PvBi3w-MmY2EX-4UmwWS"
"ake.vasyutkin@edu.tbz.ch"|"BQu1c7-WXRNOE-SEucyI"
"ma.castles@edu.tbz.ch"|"AkwntO-nbA82K-DpcGyx"
"maely.monget@edu.tbz.ch"|"2gFmpq-7AC3Aj-yHzWrv"
"tang.durbridge@edu.tbz.ch"|"bmTqOx-Ufakyq-arkHSF"
"laurene.andrew@edu.tbz.ch"|"M@rQ#R-myefYy-0KYVAc"
"lysea.beacon@edu.tbz.ch"|"TOI6QQ-sChP4W-8%eeJt"
"leandre.peyntue@edu.tbz.ch"|"Iag0Mp-kilkGY-Pj2ftG"
"rao.trever@edu.tbz.ch"|"lBSUUI-WUWubh-odRkE#"
"mahelie.streader@edu.tbz.ch"|"AWQ8gQ-3#FQrg-RWaL3U"
"maerta.andrejevic@edu.tbz.ch"|"M7TGHZ-zptsSY-l30e31"
"goesta.tompkins@edu.tbz.ch"|"R#gIAB-3p6Xim-PlVclJ"
"helena.agates@edu.tbz.ch"|"HcnM2Y-bQVFaq-8GIG&6"
"therese.glass@edu.tbz.ch"|"o%qK%s-g4#7Qv-izrpFX"
"alois.foan@edu.tbz.ch"|"Nxfqip-YG3sB&-ofEFiI"
"becassine.melchior@edu.tbz.ch"|"GTJh0G-WhUKtm-Yu@sER"
"cloe.robart@edu.tbz.ch"|"srwKul-qVK#g4-11qqWB"
"daniele.puckinghorne@edu.tbz.ch"|"zWYdyS-JZ0k9e-@dy2Tb"
"selene.cammidge@edu.tbz.ch"|"dIS4lU-uHmt07-PVtpbX"
"regine.conochie@edu.tbz.ch"|"7TvT78-ALLzc$-9FhIhJ"
"interessant.tuiller@edu.tbz.ch"|"xFPQCa-eFvqqP-Xhbae0"
"long.tiebe@edu.tbz.ch"|"JLfQ1P-4qbttU-wNSqsF"
"mans.yele@edu.tbz.ch"|"Al4L56-ZsC%D0-MyIk@K"
"ai.giles@edu.tbz.ch"|"G%UmCD-s7HH&9-PWrmg0"
"gaetane.hamberston@edu.tbz.ch"|"gq$Ktl-a$fEZK-Jf5IZf"
"marylene.fenix@edu.tbz.ch"|"qG1Yhq-KdREDb-T2FmiV"
"geraldine.graeme@edu.tbz.ch"|"@Sq9T2-1mwZZE-6bRAX$"
"tang.kinglake@edu.tbz.ch"|"xCp9wZ-&5KN%3-TaZQCG"
"lai.challoner@edu.tbz.ch"|"usL5%6-1EjFCC-erSko4"
"desiree.mattei@edu.tbz.ch"|"oDPK@i-xkPGFK-SJnR64"
"ake.erley@edu.tbz.ch"|"k6hRA%-j15qxi-k#LvLe"
"edmee.cavil@edu.tbz.ch"|"6Jw5Qm-vLhV35-z6KuZ4"
"alois.moyes@edu.tbz.ch"|"U26maB-2$DPRr-G#LKLB"
"becassine.pitman@edu.tbz.ch"|"yR6qaB-GstBYC-U7aQnP"
"ai.giacovelli@edu.tbz.ch"|"u@TRuK-BPp0zX-BgtuWM"
"judicael.fruchter@edu.tbz.ch"|"3PakRC-MPHU4W-rFz7H7"
"mans.mogg@edu.tbz.ch"|"S#Tltj-$PJP&7-n#kOt3"
"gerald.foyle@edu.tbz.ch"|"i$f2R7-&Tzfd3-V#8rFW"
"wa.androletti@edu.tbz.ch"|"aBu8j1-%@yk0a-7Xrx&W"
"meng.ollett@edu.tbz.ch"|"qq&$0f-puzZ4@-CztZF5"
"naelle.macmenamy@edu.tbz.ch"|"ucd35t-uiUwnI-fRVw45"
"gisele.mcramsey@edu.tbz.ch"|"ePIGg@-oZS&Jq-n7feU0"
"meryl.scolts@edu.tbz.ch"|"93gyi6-y4H9jL-q$3@gM"
"celia.bloxsome@edu.tbz.ch"|"fozTtu-k03wxv-wXDLEh"
"styrbjoern.stuke@edu.tbz.ch"|"pwxS9f-D4@Djh-#KamMD"
"felicie.gwilliam@edu.tbz.ch"|"XRHwFO-JJ9Ft2-JcBGgn"
"da.harms@edu.tbz.ch"|"a49#id-yZ%y7G-wKlh0l"
"celestine.baulk@edu.tbz.ch"|"9hDO3F-EvLYHj-aQ#e47"
"mahelie.blackledge@edu.tbz.ch"|"t%Ftkc-wujxVP-SY&Iq6"
"meghane.salt@edu.tbz.ch"|"WI6by&-GJNb$y-giosej"
"methode.paxeford@edu.tbz.ch"|"CWkgzC-IYiOn3-PH9QM3"
"asloeg.milligan@edu.tbz.ch"|"vgUjjx-$VIsCD-o%lzlI"
"you.pellman@edu.tbz.ch"|"%sg3u0-kmFJ2U-3Uiz#%"
"loic.regenhardt@edu.tbz.ch"|"Cqk6Jp-hn@LEO-KbmFUO"
"daniele.savill@edu.tbz.ch"|"aHGL0$-rFp$&c-13mp7L"
"alois.cornu@edu.tbz.ch"|"8DNuk4-Us3IGp-9k0xN4"
"oesten.govey@edu.tbz.ch"|"Jp0KqD-cOkfDR-izifC@"
"marie-eve.louch@edu.tbz.ch"|"Aol4se-3I8h1k-L74x6o"
"theresa.wenn@edu.tbz.ch"|"&40@mn-kuZsqK-sDYVEL"
"andree.eul@edu.tbz.ch"|"B3zv6e-qU$A40-O%fgbf"
"lie.paynton@edu.tbz.ch"|"KqsdGY-880lr%-xHHvq6"
"marie-eve.girodier@edu.tbz.ch"|"ih4Ie7-$L#oIj-LJAasM"
"marie-noel.smithe@edu.tbz.ch"|"CRwTPn-pn6O%t-bjEtkV"
"men.bootyman@edu.tbz.ch"|"8yxCB3-VmAeXR-u17nkY"
"ku.sugg@edu.tbz.ch"|"YZ#E@p-#jZMtw-9wC5fs"
"lucrece.roseman@edu.tbz.ch"|"ZrDff8-9Hd%XZ-13il7y"
"zoe.annear@edu.tbz.ch"|"pE6X5i-3p%o7&-j$I#jy"
"marie-helene.rennebach@edu.tbz.ch"|"qZoHgV-C1SGGW-I#Ogy%"
"lea.djurdjevic@edu.tbz.ch"|"DhE8Jq-F0yEUI-XcfFZu"
"goerel.robert@edu.tbz.ch"|"zjb%fR-PQMR4w-&#NH7I"
"mylene.foldes@edu.tbz.ch"|"DqxJh%-xwsoLd-x9JIib"
"faites.clegg@edu.tbz.ch"|"qJ75Nh-is8lI&-R2OQjV"
"marylene.crowcher@edu.tbz.ch"|"7YkIZW-UuPTbK-1S5ZPN"
"aimee.wimpeney@edu.tbz.ch"|"2StZ0%-Z7P%Hm-XbQrIn"
"renee.atkins@edu.tbz.ch"|"a1PbPq-uVXBJX-6QOjWZ"
"rejane.cainey@edu.tbz.ch"|"x%9Whz-93gfKd-@qUSPA"
"solene.britney@edu.tbz.ch"|"x6Pl%P-FxU3s@-JuCKv1"
"marten.shatliffe@edu.tbz.ch"|"ZCLYC@-DJ6KMj-8Ijhp1"
"maite.issatt@edu.tbz.ch"|"GGg6@O-jxPhdk-XI12LL"
"maelyss.edon@edu.tbz.ch"|"ItYFXe-IX9wZg-TewEB7"
"nuo.bamling@edu.tbz.ch"|"@%4qgO-Ulil#x-StjG6%"
"anais.edards@edu.tbz.ch"|"ksYui2-ionoDr-6KOhqG"
"mediamass.bromet@edu.tbz.ch"|"w3zN%q-%55#oV-lCwOD&"
"beatrice.kimbrey@edu.tbz.ch"|"ncKjCe-B5$nqX-Y73zYg"
"ines.lawranson@edu.tbz.ch"|"8lm&TV-tBg3xM-S7NqnB"
"kalliste.scandroot@edu.tbz.ch"|"dbjgF#-XloUu@-w3MA%C"
"mans.barrowcliffe@edu.tbz.ch"|"dYY1g8-6%MUdP-6F%n8F"
"irene.couves@edu.tbz.ch"|"SbaTqT-n@eRpv-nwTtw%"
"milena.mucci@edu.tbz.ch"|"z45QvR-iiEfzC-LCQ8Dv"
"naeva.cow@edu.tbz.ch"|"BnUz6G-z9v53k-pFr4xO"
"audreanne.mournian@edu.tbz.ch"|"wCuzh7-0Bhslw-u73K&i"
"melia.sinnatt@edu.tbz.ch"|"JdDyIN-749nOZ-pU5nBU"
"nelie.burnard@edu.tbz.ch"|"Eyyefi-RhE%X#-O3a%5v"
"clelia.ashfull@edu.tbz.ch"|"dzouYA-iG4f$M-NPVeN%"
"lie.macard@edu.tbz.ch"|"0wtrHc-OvOklt-Gn&eI5"
"valerie.matoshin@edu.tbz.ch"|"zlFxeJ-FHIBbw-Z6u5%D"
"anael.hatherleigh@edu.tbz.ch"|"XEp&Aj-cwj%1x-ZXu7Ll"
"interessant.warratt@edu.tbz.ch"|"8VHRoo-T@OWjW-uiqYMB"
"eleonore.volage@edu.tbz.ch"|"V9459Q-zmvBLo-oihnHS"
"zoe.stebbing@edu.tbz.ch"|"m6pYDc-THN1GQ-G&TVMd"
"alizee.nye@edu.tbz.ch"|"WFG&Su-tcIai&-BjXVTG"
"celestine.bramley@edu.tbz.ch"|"#f2XE1-e@r3go-#&RcJL"
"selene.philcott@edu.tbz.ch"|"&jymzu-OQvtV&-3QgoV0"
"tang.newens@edu.tbz.ch"|"8jLx@P-s0OseM-zHuQt9"
"annotes.powys@edu.tbz.ch"|"Da88jy-NYy0YJ-b6XWvS"
"lea.matthesius@edu.tbz.ch"|"XrNgBN-XozUuL-&6$x#3"
"illustree.garlett@edu.tbz.ch"|"I0Yj19-YmbnJo-aqh0KF"
"maiwenn.meachem@edu.tbz.ch"|"G#7upR-QBFXe7-ONAMCH"
"marie-francoise.mcbrady@edu.tbz.ch"|"bETbe9-xwdKQN-#SCs@z"
"illustree.gimbart@edu.tbz.ch"|"Bl@QOg-c&Yeny-FkZauQ"
"melys.lyosik@edu.tbz.ch"|"ndCjVt-f5q9Bk-bTwx7G"
"marylene.mcnab@edu.tbz.ch"|"2x9wtb-U4spNd-PaZPnz"
"gerald.blount@edu.tbz.ch"|"enVihU-Yn&&f4-l58uwA"
"clelia.shakelade@edu.tbz.ch"|"mAHSBn-kwEl&f-Y@sme$"
"penelope.cridlin@edu.tbz.ch"|"sVo4V3-GT%GLV-91i@6v"
"maena.okuddyhy@edu.tbz.ch"|"YuJDuI-rFvm&h-hjUnM3"
"athena.keynd@edu.tbz.ch"|"Mp$wAp-JU98Na-lgYpAm"
"cloe.dwine@edu.tbz.ch"|"V@cU9E-Lk0TZQ-rFP1z&"
"josephine.browett@edu.tbz.ch"|"%xUA&s-bOdhQp-DjW7AS"
"audreanne.oscanlon@edu.tbz.ch"|"VAH$B&-BgaujV-RSc9Uw"
"fei.jeanequin@edu.tbz.ch"|"IiZdh7-9g77yl-9WLLZs"
"lois.gormally@edu.tbz.ch"|"MRZ5PH-nSi6X$-8yV4ns"
"marie-francoise.finnigan@edu.tbz.ch"|"4Dq8Sr-12eTLj-zJbMYY"
"leonore.trussman@edu.tbz.ch"|"Cdn#oA-YAINH@-KzIjHN"
"anaelle.trumper@edu.tbz.ch"|"WobHkr-v0a$8B-g4hWRo"
"clemence.dionis@edu.tbz.ch"|"#nkqAx-&ytMtK-i@XP3B"
"lois.tranmer@edu.tbz.ch"|"gA4N1h-nzsh8F-TpGljz"
"interessant.volett@edu.tbz.ch"|"$0fv01-ZQNkih-q8b&jo"
"personnalisee.deackes@edu.tbz.ch"|"BO1K9Y-VwOfri-9oSPA%"
"lie.vasiliu@edu.tbz.ch"|"GD6KBS-t$tKwM-zs3xHS"
"dafnee.lamputt@edu.tbz.ch"|"xzrtkL-kW5w6E-qETHRf"
"elies.bromige@edu.tbz.ch"|"Ylx6li-sjQO0D-9xNE7n"
"helena.klosser@edu.tbz.ch"|"bncM8W-I@VWAT-dnHwIW"
"andree.grim@edu.tbz.ch"|"Vrl0&N-NTAI23-hxPO59"
"verane.coldbath@edu.tbz.ch"|"NtSp67-vpp&@2-H6bGTB"
"helena.bethell@edu.tbz.ch"|"QhfaJo-IwyI@5-#NJ5wM"
"kalliste.carefull@edu.tbz.ch"|"N#ZwVO-iJ0#sd-BMA03i"
"regine.odams@edu.tbz.ch"|"xS22Qq-4mJrw7-IRCBWy"
"len.stannus@edu.tbz.ch"|"R8TMDV-&MVbPC-4Lp4Vx"
"angelique.works@edu.tbz.ch"|"glpLp0-bFQJXG-jR609x"
"goesta.rheaume@edu.tbz.ch"|"QQxlmP-n3%Pbe-c6DWPy"
"maelys.tynnan@edu.tbz.ch"|"phA5rK-IT%Wf6-6CnHfE"
"maelle.carlesi@edu.tbz.ch"|"KAAllc-MrHbJq-FSKmk6"
"anael.spurden@edu.tbz.ch"|"2duG4V-4Gff8p-kg6zVR"
"helene.pumfrett@edu.tbz.ch"|"&pb&z6-@5OkEw-ROF0li"
"goerel.pearn@edu.tbz.ch"|"NO2X&B-WKNKNT-hx9Zq0"
"laurelie.dezamora@edu.tbz.ch"|"ZMA#Wk-YnyGbs-RqW1fF"
"yao.twidale@edu.tbz.ch"|"Iu#fgC-I10ZBg-@PMxpu"
"berengere.sola@edu.tbz.ch"|"XlNej%-Bdb@IY-HrH#Pw"
"maelann.hardistry@edu.tbz.ch"|"WCx2wl-H8k9&4-W8YB7e"
"severine.littlefield@edu.tbz.ch"|"u03a4e-AdFBlE-1QEr7A"
"salome.heinl@edu.tbz.ch"|"FF#ey&-0s&feZ-497Q5H"
"meryl.warbey@edu.tbz.ch"|"tCfrRp-ZX$C3C-9m%$XT"
"da.hunstone@edu.tbz.ch"|"CuGfie-jCEf%R-tIMlmz"
"venus.broadbury@edu.tbz.ch"|"a@EWCk-MlHHmF-%we#5B"
"meghane.rentelll@edu.tbz.ch"|"220qVn-OTgg7Z-lujuZQ"
"marylene.drewitt@edu.tbz.ch"|"kh4Htj-y8vdsu-RyiIex"
"melinda.jacquemet@edu.tbz.ch"|"@hsucv-EyzK@I-3JIzpB"
"marie-josee.keyden@edu.tbz.ch"|"u5oFwZ-GKfyUY-x8n0fo"
"asloeg.montacute@edu.tbz.ch"|"yJvUoS-VYp$Xg-Nb5YMV"
"ku.andreou@edu.tbz.ch"|"PgRfhm-70pFgS-u3LyYH"
"personnalisee.feaveer@edu.tbz.ch"|"ciXmBi-Rcv1sx-shHppm"
"laila.emptage@edu.tbz.ch"|"&P9si@-VnrokC-PkT7#q"
"bjoern.dawdry@edu.tbz.ch"|"97I4Q1-EjaLC3-zlo3hj"
"marie-eve.dinsell@edu.tbz.ch"|"lWhSj4-q56uW6-DRu9ft"
"helene.follett@edu.tbz.ch"|"YpYZ@T-mRBl45-$oyxbk"
"penelope.cordero@edu.tbz.ch"|"Ts5IsB-9sXWVa-$pkRSQ"
"boerje.beedell@edu.tbz.ch"|"4473qH-bNoOuw-zMkdl&"
"nelie.ferne@edu.tbz.ch"|"i%zLGr-Zh4Zs0-fQNb2g"
"celine.ahmed@edu.tbz.ch"|"MMhrBu-aC$uI#-geFgzg"
"stevina.pimblett@edu.tbz.ch"|"g$aEy9-kE9XTp-dkD$dX"
"chloe.langlands@edu.tbz.ch"|"PoPTb6-%ANE$O-ZqCg9s"
"simplifies.maude@edu.tbz.ch"|"iFLPsU-m%nl5s-W8xqGs"
"genevieve.decarteret@edu.tbz.ch"|"noTgw0-gGOg$a-tm1d5S"
"marylene.mughal@edu.tbz.ch"|"6vPFIu-K4opbs-o67BYZ"
"goeran.guttridge@edu.tbz.ch"|"%mB$GS-sYvDAO-ASZH5N"
"michele.smurfitt@edu.tbz.ch"|"pDZAq6-sYmHKY-tkUY7N"
"methode.hadeke@edu.tbz.ch"|"vb2@Z6-@E@Aa9-zVOrEZ"
"therese.rispine@edu.tbz.ch"|"cfGEnB-dsHedH-mqDzG2"
"goerel.plumley@edu.tbz.ch"|"8uPDqL-UGTn@N-$I%m&l"
"oceane.friett@edu.tbz.ch"|"$GSKkE-atswXh-dKn0D4"
"marie-noel.achromov@edu.tbz.ch"|"mpEUg4-6ejut@-LE@wc@"
"dorothee.storek@edu.tbz.ch"|"pRW%0G-GA#X4S-RyNHze"
"goesta.whittle@edu.tbz.ch"|"fWNAkT-uzXyjn-WEDw2A"
"desiree.casely@edu.tbz.ch"|"jX2WqX-&eMYZE-6F2YA%"
"felicie.condon@edu.tbz.ch"|"D@oEBt-@TPpGo-Y5&uiW"
"maelyss.frisdick@edu.tbz.ch"|"Kbpo&G-yrN7Fb-fl@#Xu"
"aimee.banke@edu.tbz.ch"|"feVX36-7CPpcW-l8iKjo"
"naeva.hodcroft@edu.tbz.ch"|"KC@PnV-QM0qX%-Z&010L"
"laila.gerrans@edu.tbz.ch"|"j6KyYH-IaPS%i-rj@7kZ"
"daniele.scrimshire@edu.tbz.ch"|"RR2UtT-tGnJMJ-odx@Zb"
"daphnee.sheerin@edu.tbz.ch"|"DRf6MV-YZxSCN-qdnMd%"
"pal.vanyukov@edu.tbz.ch"|"$nD3oi-3ViLr7-iJjgHE"
"zoe.childs@edu.tbz.ch"|"4mdfTD-$dOChk-PbXbiK"
"ai.corde@edu.tbz.ch"|"J$9g@j-x97#Ti-XI#Ua&"
"maelys.berryann@edu.tbz.ch"|"Q6RNi&-uJLS$z-x4$TTG"
"cloe.gladding@edu.tbz.ch"|"L5xEUe-0vpscr-W#PLIP"
"wa.kinnaird@edu.tbz.ch"|"p5R#Pu-5J5KIR-YZKCP4"
"publicite.brittoner@edu.tbz.ch"|"N#p5oz-Ufsoh0-PsQTi2"
"rao.windress@edu.tbz.ch"|"03DJ29-%eXavt-n0DMUF"
"uo.kollach@edu.tbz.ch"|"R9tCkn-487uUG-QyiKiL"
"josee.peskett@edu.tbz.ch"|"1PJfZi-@%s5B$-&L#3N1"
"annotee.hasel@edu.tbz.ch"|"EcjPZH-x%oKic-@V6#%B"
"cinema.lee@edu.tbz.ch"|"hI$qZ9-G%ER0f-kZWyQ8"
"lai.vedeshkin@edu.tbz.ch"|"&#%ahO-OpbR1C-ka#ThS"
"renee.brisbane@edu.tbz.ch"|"XTGAn@-fdfPTE-lrfmGH"
"ophelie.blincoe@edu.tbz.ch"|"&bv2Ds-%0ttR3-N6gi#A"
"zhi.prazor@edu.tbz.ch"|"uskink-o8@yA0-afX0ld"
"annotee.maddicks@edu.tbz.ch"|"&1Jw9P-f%hmHR-8nqv8b"
"maelyss.codd@edu.tbz.ch"|"WQJjOL-5XaJ&X-NMykLx"
"celia.peplay@edu.tbz.ch"|"U%noz3-ZB@OT%-9kTeAo"
"interessant.skone@edu.tbz.ch"|"dsQA1j-%M662l-mVOA@e"
"audreanne.hebdon@edu.tbz.ch"|"gd%a7w-ePfVs6-amURaJ"
"oceane.glen@edu.tbz.ch"|"qu4crt-73No&h-ywfnOz"
"daniele.vanyushkin@edu.tbz.ch"|"hV%Rf9-53t8EL-WpNx1V"
"daphnee.ayce@edu.tbz.ch"|"zASXBV-a%m@rG-2AvLpe"
"andrea.attride@edu.tbz.ch"|"NNQGtf-$xwFEP-EKe1PJ"
"penelope.bridgwood@edu.tbz.ch"|"MFaX1j-o6eez8-C52GKG"
"mailis.drewitt@edu.tbz.ch"|"e32EOw-wGpM2Q-J2Shal"
"penelope.mollene@edu.tbz.ch"|"3asASG-nLZEP6-D7Yr9c"
"illustree.keely@edu.tbz.ch"|"p$aDrI-xhtVm6-OoXxkS"
"meng.brisseau@edu.tbz.ch"|"0M#o0v-Fc5Dg9-LAuIcq"
"ruo.cleiment@edu.tbz.ch"|"ktKX2q-7lKZ@a-rvhy#8"
"maite.krammer@edu.tbz.ch"|"BJOEhR-9ejdwO-oIymOV"
"genevieve.verry@edu.tbz.ch"|"zvV%5b-7G826@-jHvDfU"
"lea.olochan@edu.tbz.ch"|"SvR8#8-41dE2v-ON3iyn"
"naelle.brunnen@edu.tbz.ch"|"XYO8oH-nyUefD-fELxIH"
"goesta.bragginton@edu.tbz.ch"|"xdn$q3-w06%nI-AFV@iY"
"fei.danilyuk@edu.tbz.ch"|"Hrcu1#-z6ZT#E-1iwBFr"
"adelie.turbitt@edu.tbz.ch"|"XYXnV#-bO1#wz-$N$9tj"
"marylene.nutman@edu.tbz.ch"|"BOC4uW-sfrD5E-LnyetE"
"therese.barbrick@edu.tbz.ch"|"rXtKTL-Xcok6F-mG%reF"
"melys.kolodziej@edu.tbz.ch"|"%3KP#8-XvgevL-vMWLyu"
"melanie.runchman@edu.tbz.ch"|"3nY57@-AFcTt2-PuSkIz"
"serena.lafond@edu.tbz.ch"|"KtqhTA-6s3ObZ-#12eAe"
"pelagie.desmond@edu.tbz.ch"|"2Sc93u-zsgWBt-YAPT9R"
"wa.spickett@edu.tbz.ch"|"fkzgtR-NeENdM-xkAS1W"
"po.shave@edu.tbz.ch"|"x9vi5a-ZoskrS-dZpdR6"
"song.huikerby@edu.tbz.ch"|"JZth4d-XLT1tX-9nnvIi"
"melinda.bimson@edu.tbz.ch"|"#&qnUS-ewuug$-i6&3bk"
"personnalisee.toffanelli@edu.tbz.ch"|"ezR4iV-HQI$Dg-LCGopj"
"leandre.hurn@edu.tbz.ch"|"CGEnW3-$q3fmv-x7gjXk"
"oesten.standell@edu.tbz.ch"|"Uq%U@J-y@TB59-P4QOD0"
"naelle.smaleman@edu.tbz.ch"|"$a&pBk-r8wCPd-acx3Dy"
"berenice.tayt@edu.tbz.ch"|"Fu18zj-06pc5o-V@KXMr"
"kui.popplewell@edu.tbz.ch"|"WKZQGZ-MwWlL3-jI4$r9"
"melodie.ferandez@edu.tbz.ch"|"a%CrGW-XiSt4i-bEBXVW"
"josee.negal@edu.tbz.ch"|"ksiaaN-$4dVRX-C81Lo9"
"melissandre.ferrelli@edu.tbz.ch"|"qAn@1S-Lp&TG7-gJ4rzF"
"josephine.kemmer@edu.tbz.ch"|"gdUZ%B-Zxqdvj-OlLcDu"
"maely.cayette@edu.tbz.ch"|"Z@kQaL-rZvSyx-CU%eId"
"nelie.vela@edu.tbz.ch"|"Xm0jNq-GWjGLT-PQl8m%"
"melina.cortes@edu.tbz.ch"|"bWIP8y-fJg5sq-AROBfe"
"megane.leyshon@edu.tbz.ch"|"MNK8if-KOlcmD-vl0O$v"
"regine.harrie@edu.tbz.ch"|"S00A5L-xjWUd8-C39wP2"
"mylene.widdison@edu.tbz.ch"|"jBc@Nz-l0qit8-SzBrxt"
"pelagie.vivash@edu.tbz.ch"|"iCHqq0-Tb5l5e-r1s6eD"
"styrbjoern.vicarey@edu.tbz.ch"|"FA#LuI-hqFxP9-TMGjcB"
"long.kyles@edu.tbz.ch"|"b@O3$7-bwW%TV-EMeR9Y"
"stephanie.gipps@edu.tbz.ch"|"Vo@kZM-930JbZ-2Ixszy"
"clea.constantine@edu.tbz.ch"|"eCn490-QKPwOx-dZCBh&"
"maella.cometto@edu.tbz.ch"|"zknUGl-d2teOA-zPeKA3"
"laila.aubrun@edu.tbz.ch"|"jm$Rml-K$Tvj3-Qa1EiI"
"yao.austins@edu.tbz.ch"|"y580Gn-saKs7#-S4&n&O"
"mailys.rylstone@edu.tbz.ch"|"617dcx-otp3sW-i6a3ta"
"adelie.curuclis@edu.tbz.ch"|"MWEHeq-myXCeA-#WZV&A"
"celine.longhurst@edu.tbz.ch"|"bYJcTz-PQ0qGV-YWr3hk"
"gisele.hazell@edu.tbz.ch"|"9YEH6r-e$hw8g-MOr%Wq"
"celestine.ciccone@edu.tbz.ch"|"p$#Fy4-CJhPiu-kbOWZH"
"maelyss.doole@edu.tbz.ch"|"O%nICq-jOq@qW-q6U$Hh"
"helene.grimsdike@edu.tbz.ch"|"fXLhxo-I7HwFu-SNKHXr"
"lie.macer@edu.tbz.ch"|"penKAf-clRhzB-4raWZd"
"maely.izard@edu.tbz.ch"|"uCQgBd-@ReBw2-0JsGL2"
"erwei.breewood@edu.tbz.ch"|"#rqxbf-KKwnkV-hlQmME"
"chloe.woolford@edu.tbz.ch"|"GkZ1fh-%&#1Uv-QamcKE"
"cleopatre.turpin@edu.tbz.ch"|"BiC5cc-v0&8D@-enf2%g"
"melodie.surgison@edu.tbz.ch"|"VMs#c8-g%wEPx-CJuOeS"
"elies.leander@edu.tbz.ch"|"0frxBO-d2f$&T-Qry3Oy"
"mediamass.reignould@edu.tbz.ch"|"2u$J%j-&D3948-0HfyBE"
"celestine.wasmuth@edu.tbz.ch"|"Zruh7C-1&Artk-lo9VXB"
"marten.jervis@edu.tbz.ch"|"cLc59m-cP6cmp-DnICcq"
"daphnee.bour@edu.tbz.ch"|"R5YuQz-xmLPPf-g1KU3&"
"regine.harlett@edu.tbz.ch"|"rgP0O3-8dIgPY-thE#ym"
"noemie.macaskie@edu.tbz.ch"|"AWbRII-MN7kDb-#T43k9"
"loic.renfield@edu.tbz.ch"|"&VB$eL-7ZNQon-UrVYEM"
"venus.kleinert@edu.tbz.ch"|"Z4yNce-QeCEKg-pU9r&l"
"marten.burlay@edu.tbz.ch"|"FNiLZe-&MDkB#-I1ytaK"
"berengere.radsdale@edu.tbz.ch"|"MYu@6k-iDR8%F-REv@Cn"
"genevieve.duckit@edu.tbz.ch"|"My30EK-3RxeHH-r%AFaB"
"maely.ligerton@edu.tbz.ch"|"TOr4Ai-NtVU%l-wvZZI6"
"maeline.ricciardelli@edu.tbz.ch"|"KMzDkY-xj01ep-@AO@lR"
"personnalisee.yggo@edu.tbz.ch"|"stwAUh-E7GDxu-$%MSe%"
"alizee.pettinger@edu.tbz.ch"|"aIHPD6-1VjNQE-mGgPm1"
"desiree.curnnokk@edu.tbz.ch"|"%Yv3LB-SE4gAN-GOnueV"
"dorothee.minors@edu.tbz.ch"|"sRZSyT-ry68FL-2lW5OF"
"oceanne.kopmann@edu.tbz.ch"|"josO9F-&ck$7Q-oGv8Zw"
"almerinda.brodbin@edu.tbz.ch"|"dy7zQN-WRYL4U-&lOF4t"
"yenora.carsberg@edu.tbz.ch"|"#0mzAn-lCrYAs-lu4S8$"
"wa.beetles@edu.tbz.ch"|"vYhS0R-u@KzhL-wuJzoE"
"audreanne.abbot@edu.tbz.ch"|"Ea4v11-FjJCk8-oDHG%b"
"noemie.capper@edu.tbz.ch"|"HMbzPs-4oitpz-saWI55"
"mans.abramamov@edu.tbz.ch"|"KYDRMk-E%Pg9%-fc0Ufk"
"audreanne.blakey@edu.tbz.ch"|"iyMj1Y-1jj3h6-ndtwBU"
"leone.klimpke@edu.tbz.ch"|"qZ@NOx-fPCIF5-4Jrfjj"
"lie.croston@edu.tbz.ch"|"vWAel8-AQ1o4S-MSIy2U"
"anaelle.baistow@edu.tbz.ch"|"kwvmE$-nZ6rb1-#WhM1F"
"michele.garwood@edu.tbz.ch"|"bC@gHN-#2jS$C-z56d#&"
"interessant.albion@edu.tbz.ch"|"nnr$3m-qeCc$D-ShS5Si"
"andre.brisco@edu.tbz.ch"|"xlqPJO-xFKT8M-rVtHxz"
"tang.totterdill@edu.tbz.ch"|"e#0hV7-kRyvGo-kqze$U"
"marie-josee.braundt@edu.tbz.ch"|"R1iQ8G-jHoz7q-A2xKte"
"lois.galer@edu.tbz.ch"|"MmY8dV-iBdVSP-xr#pNQ"
"faites.pellamonuten@edu.tbz.ch"|"c5lrlm-klgzA4-ccqv#f"
"mai.barfford@edu.tbz.ch"|"jPThZ0-ueSLVD-rSfUlE"
"laurene.macilory@edu.tbz.ch"|"8lJTU8-lvPF7c-bFhgcL"
"elea.peak@edu.tbz.ch"|"txme3w-#ZmXQj-Qkz&3k"
"rejane.doni@edu.tbz.ch"|"AJquzm-Yz14EW-Raj%bP"
"mahelie.ector@edu.tbz.ch"|"4ddnkO-hrqER$-2XlrxM"
"rachele.allum@edu.tbz.ch"|"PcmTJC-#KcE$e-ZokYE@"
"laila.gerretsen@edu.tbz.ch"|"U2GU54-RvDR0Z-SWbkC6"
"ines.bowman@edu.tbz.ch"|"dEecig-YfR$0k-fSidle"
"publicite.barbary@edu.tbz.ch"|"JIo75w-qk$VJo-QOisIv"
"mailys.smooth@edu.tbz.ch"|"j9Ow8g-Lk&$%I-5wxkj%"
"mailis.huguenet@edu.tbz.ch"|"DCMqwd-62eXlr-Ko35tK"
"lea.ewer@edu.tbz.ch"|"xbX2Yc-V4e2w1-LIpwvB"
