"email"|"password"
"melodie.vandervlies@edu.tbz.ch"|"rpoMMd-ETLB6t-v0wj%t"
"angele.edgecumbe@edu.tbz.ch"|"7vUKOa-C&1DP9-jkhVgL"
"zhi.andreasson@edu.tbz.ch"|"54b2KH-HaVCZN-sPzlWT"
"judicael.koppeck@edu.tbz.ch"|"KwyLSM-Z5mGu4-BprNeK"
"berengere.capron@edu.tbz.ch"|"C#9j$G-4u1d&l-TLKPz7"
"leonie.brosini@edu.tbz.ch"|"m2e7sn-pt%Idr-mEnZB&"
"venus.garfit@edu.tbz.ch"|"P2NdhX-LFMLx6-SsWbmN"
"melina.janota@edu.tbz.ch"|"L3Qg%Y-l1fQ7a-QpyI%q"
"laurene.bake@edu.tbz.ch"|"V13Br8-BQhCqI-Za0qgf"
"regine.dorkins@edu.tbz.ch"|"W#1pGb-FXjxl4-yeQwI&"
"cecile.moffet@edu.tbz.ch"|"5UyvBf-YR%Xws-3M6kPc"
"maelann.labrone@edu.tbz.ch"|"bnkEjU-anViDM-mKHIRx"
"melinda.newbold@edu.tbz.ch"|"&1QJ62-Oq3g#s-fVKeTC"
"mans.itzhak@edu.tbz.ch"|"hW%F8T-V2ghpK-&jsYIb"
"melodie.pattlel@edu.tbz.ch"|"jTv4jE-U06KkX-vx6ZDN"
"celine.bonett@edu.tbz.ch"|"1f$OPF-4R6dRi-wUJIQE"
"adelie.mcgreal@edu.tbz.ch"|"eNKwpx-tG8Qes-SZM&gD"
"helene.soldan@edu.tbz.ch"|"KXUPaQ-YjRHEv-dGyOoR"
"michele.cluer@edu.tbz.ch"|"kUQlkA-q&ahod-p1IeC&"
"maeline.mueller@edu.tbz.ch"|"@LDuKn-LeQkg$-UxAQYA"
"maelann.benedito@edu.tbz.ch"|"mGN0aP-9UC$xI-ApVXGM"
"nuo.gransden@edu.tbz.ch"|"CsznFR-B5BSA8-QIQ6rM"
"berengere.stainton@edu.tbz.ch"|"u2HJJc-Fifj18-lWdEs%"
"wa.sabater@edu.tbz.ch"|"lCRi60-yMZ#LH-tGo4Em"
"anais.cochran@edu.tbz.ch"|"Dtcb#f-HZcfs4-Y7H2fu"
"gerald.bessant@edu.tbz.ch"|"$Rxp7P-Woe$9c-cGPNJn"
"ruo.coffin@edu.tbz.ch"|"mWuJx7-DNrmms-V@t5J2"
"melodie.mustill@edu.tbz.ch"|"mVNMml-PypE1D-#TBxdd"
"ruo.stanesby@edu.tbz.ch"|"IKih9X-66BjtP-zWt825"
"noemie.antognelli@edu.tbz.ch"|"j9FNVS-1AnF#L-9tCu8i"
"maelann.hughson@edu.tbz.ch"|"XCGyCf-gRDYQC-qBK%b1"
"milena.mieville@edu.tbz.ch"|"rEv$e6-BLh4vW-ZKRCxL"
"mailys.chamberlin@edu.tbz.ch"|"HIMkbD-SWrGiu-p3McR5"
"nadege.tomalin@edu.tbz.ch"|"AALjsf-R$hTxq-clRXtg"
"oceane.omara@edu.tbz.ch"|"2MvYuk-NdJf0$-&WcxC0"
"cecile.aguirrezabala@edu.tbz.ch"|"ntP25E-RC85B&-HP8t55"
"maella.gwillim@edu.tbz.ch"|"%hloDg-XjNCY6-7hICtO"
"lea.mcgahey@edu.tbz.ch"|"ei92fp-c&I$Dq-dBGP5m"
"laurene.hagerty@edu.tbz.ch"|"#j4OCJ-V33q$C-adxMLm"
"dorothee.link@edu.tbz.ch"|"uHOQg0-qFHdsz-FmJC0L"
"clementine.kynsey@edu.tbz.ch"|"pROWH1-56HkW5-qeWvUw"
"lorene.smitherman@edu.tbz.ch"|"iBPPr4-kvUjcB-8wvFH0"
"cleopatre.klulicek@edu.tbz.ch"|"%E#xbX-i1cbgz-qCJu3D"
"laurene.castaneda@edu.tbz.ch"|"#Y0cJK-46aF3k-N%q8GO"
"melia.constant@edu.tbz.ch"|"m1zaFP-s$JfF%-x%5FkZ"
"lucrece.clunie@edu.tbz.ch"|"8q27gi-ACrMuV-EY2J1z"
"eleonore.mcmurthy@edu.tbz.ch"|"Q5Y3gP-SvaWvX-yGUuHs"
"melia.bevar@edu.tbz.ch"|"RZQBmq-5V4Ohr-&JZqq$"
"camelia.bontine@edu.tbz.ch"|"%&OeQh-AepJ%O-jhcGw9"
"methode.jozefczak@edu.tbz.ch"|"2ngTks-ZVq9tB-3yMFZf"
"audreanne.hinsche@edu.tbz.ch"|"QmWGUm-IAC5gk-%@wqxB"
"andree.varne@edu.tbz.ch"|"FbBZoW-cleivv-5TA5Pb"
"marten.kinleyside@edu.tbz.ch"|"5Iv7Zk-Zvhmph-e4LF2k"
"esteve.mcewan@edu.tbz.ch"|"rYrC%w-D7YLEA-HS#WWw"
"leane.dibbert@edu.tbz.ch"|"1jj5z7-VGp11M-r&K%#V"
"ma.thewlis@edu.tbz.ch"|"r%dUKJ-E4mNLR-5zZWBI"
"clea.djurkovic@edu.tbz.ch"|"%9B3RQ-R%2TTO-qB&Ds$"
"rachele.reburn@edu.tbz.ch"|"0bx7wb-88f%EI-t0Jo3j"
"gerald.gowling@edu.tbz.ch"|"LRz$2z-JZ9CQY-d&5G@%"
"cleopatre.jackson@edu.tbz.ch"|"I85v%m-X4OM@Y-0EppHO"
"desiree.haskins@edu.tbz.ch"|"Qs#en5-sflCpT-QRsPEu"
"eleonore.longson@edu.tbz.ch"|"qC600E-xSunlB-zEAn%6"
"leane.dybell@edu.tbz.ch"|"TO9rNn-G@3Yni-tOPp3p"
"becassine.grzesiak@edu.tbz.ch"|"vh#1l$-A6LUPc-R84dMW"
"marie-josee.pickin@edu.tbz.ch"|"pfeiaW-jRPYGB-cojbNW"
"marie-josee.roxby@edu.tbz.ch"|"CLm5OD-opQc%L-5OYeS%"
"leonie.feenan@edu.tbz.ch"|"iVGEkM-l98qul-AmjERB"
"valerie.ellum@edu.tbz.ch"|"FfiJ3%-8ZQvfJ-k@ymSr"
"ju.caseri@edu.tbz.ch"|"p3v8LY-X@N9p&-XFkHYT"
"boerje.strangman@edu.tbz.ch"|"&4u#VD-trp1ER-wS2WSR"
"beatrice.ghidelli@edu.tbz.ch"|"OAtCJ8-ttZdIR-wW&$2j"
"da.jablonski@edu.tbz.ch"|"v#NxP0-3shZX$-U#ANUw"
"uo.beveridge@edu.tbz.ch"|"c4J@3K-Z5g9Wj-yRI8D%"
"valerie.bestman@edu.tbz.ch"|"OM@qH8-nYKp5c-VsriTJ"
"marlene.pohls@edu.tbz.ch"|"QhSja1-TxLKdX-XDVWR8"
"ma.nolda@edu.tbz.ch"|"VEfB8o-gqIQpn-Q#j4V3"
"marlene.bisiker@edu.tbz.ch"|"ORob@i-&ckpP3-S#diU8"
"estee.babon@edu.tbz.ch"|"SNXn2g-vZ37ZE-1oZ8&7"
"simplifies.dmisek@edu.tbz.ch"|"FaJPYL-7lV&36-DVPhL&"
"selene.ganing@edu.tbz.ch"|"cdc%rf-E@#ebu-ZDqaNJ"
"meryl.penke@edu.tbz.ch"|"9$sZbI-ng#bWi-qdeG9s"
"anais.rawcliff@edu.tbz.ch"|"82OM2J-mS4P$v-txuLLk"
"melina.andri@edu.tbz.ch"|"$ZRmgG-5x7Mpo-GBBgqH"
"audreanne.fodden@edu.tbz.ch"|"gtbK48-ntHYkN-LGYGA4"
"bjoern.spellesy@edu.tbz.ch"|"U1pahd-176198-d1vFYw"
"francoise.summerscales@edu.tbz.ch"|"$Wo08f-73JRxZ-FR89lg"
"laurene.ashtonhurst@edu.tbz.ch"|"4TlW76-TydVcN-7ZRXNG"
"valerie.petters@edu.tbz.ch"|"$JROvl-zGFlzx-fUf0R&"
"anael.spenclay@edu.tbz.ch"|"IuX6Km-yoWqdJ-U3GGj4"
"stephanie.keech@edu.tbz.ch"|"69@idL-%UsKKs-ekeaIE"
"ines.deveril@edu.tbz.ch"|"VsMT3T-an#yd2-jK0mUT"
"berenice.gelder@edu.tbz.ch"|"zs@192-OaQo$%-zsuDDh"
"melanie.ofogerty@edu.tbz.ch"|"9Qdwf9-@wEcXV-vBvW3O"
"frederique.canepe@edu.tbz.ch"|"d0k4nz-KxlPP&-tQv7Qj"
"nuo.otton@edu.tbz.ch"|"D3cPLj-ZKDgnc-FI3IYB"
"genevieve.trusler@edu.tbz.ch"|"ZTJXqI-SKmDvl-eOx#wU"
"ju.boag@edu.tbz.ch"|"kUKZBE-geEDNs-VG#e09"
"josephine.dilucia@edu.tbz.ch"|"4ri4EY-DDMXHW-h9upyY"
"laurene.armsden@edu.tbz.ch"|"02EuBt-WdojZ5-#9MBKI"
"becassine.griffe@edu.tbz.ch"|"n0lAf5-bjYplI-LbDDT8"
"alois.parres@edu.tbz.ch"|"niNva@-732nDl-G0uLYR"
"cleopatre.gaffey@edu.tbz.ch"|"wqzsOR-YK9i#7-CW7F%&"
"andre.stiger@edu.tbz.ch"|"t#SG4g-tr3AmM-3P8WKR"
"beatrice.godleman@edu.tbz.ch"|"jNOjy8-BFynd1-@FY9%X"
"hakan.harrhy@edu.tbz.ch"|"bQ38uN-SVPFfx-2M2SML"
"celestine.dagnan@edu.tbz.ch"|"ubP$N%-wXi6HP-4VOi4F"
"clemence.haggart@edu.tbz.ch"|"&&#ZrB-T8h$RP-BHmoWZ"
"long.caban@edu.tbz.ch"|"QuA4VG-rr3emG-spHI0U"
"gaetane.grimble@edu.tbz.ch"|"TQRRqT-mDX&Bb-yOh34@"
"maelann.piwall@edu.tbz.ch"|"gZjED3-pD9gmu-psiqH4"
"magdalene.loble@edu.tbz.ch"|"lrT2Nd-EnuIr%-gkjsA0"
"veronique.domaschke@edu.tbz.ch"|"7Toh7%-iEjlkI-fU&WMH"
"clea.herity@edu.tbz.ch"|"Hxv$4y-uymYWR-ENW5B9"
"maelann.bambrough@edu.tbz.ch"|"OLYmQI-dCTjm%-%3EX12"
"clea.goulstone@edu.tbz.ch"|"D0Xapb-NxsFI%-Sin%PN"
"renee.deleek@edu.tbz.ch"|"#OPVcp-$9kYPP-qF%bfa"
"boerje.rudderham@edu.tbz.ch"|"3cWnVh-xa8d9s-ZqeEAw"
"marylene.broune@edu.tbz.ch"|"N7B&Ft-t36DfO-GG%Rs5"
"nadege.mccuish@edu.tbz.ch"|"0fFjtj-E@7Y&D-sr6Jfc"
"anael.littleover@edu.tbz.ch"|"Ky%k7%-ZSqEoN-C6ChtO"
"lie.baume@edu.tbz.ch"|"rHAw$x-LN3$V%-eE4BxZ"
"maella.murrow@edu.tbz.ch"|"21HX9k-NvaUl7-E%Q53P"
"cleopatre.pettifor@edu.tbz.ch"|"4mpF8u-J&kkM4-vLeiwS"
"geraldine.asker@edu.tbz.ch"|"KvlJKv-Uk$FqS-%Z7#f0"
"gaetane.smedmore@edu.tbz.ch"|"HiZOFz-qN7uP5-tiKOy2"
"meryl.blencoe@edu.tbz.ch"|"13qBFJ-7%qtNs-aBmQu6"
"aurelie.chastaing@edu.tbz.ch"|"vqs0q#-%Y#CqH-vEHQgU"
"oceanne.marthen@edu.tbz.ch"|"zGq3zW-os%wDj-g4yITm"
"dorothee.burrill@edu.tbz.ch"|"W0C%$t-sOv&gO-xUoeSR"
"hakan.belden@edu.tbz.ch"|"0rPaQI-jvF&4l-YuhfiU"
"celine.brunning@edu.tbz.ch"|"LEysV7-VCnz8o-utMEAc"
"anael.lapides@edu.tbz.ch"|"nZqPcm-3CTAYM-EGGIGN"
"ruo.saffran@edu.tbz.ch"|"7XAvoR-iOQ7n9-xfjg$j"
"loic.gerretsen@edu.tbz.ch"|"HSJ@E1-bIFYrS-TarKZU"
"rui.fitzer@edu.tbz.ch"|"jS0nIh-GFMXlQ-bGS@rW"
"annotee.ogers@edu.tbz.ch"|"Au1%2%-0vaMyw-StzSJt"
"boerje.bindin@edu.tbz.ch"|"#AApy2-n8YB01-hdK1Rc"
"ma.cronchey@edu.tbz.ch"|"hNjRV%-d3zWoa-YOeZ6P"
"laurelie.baiyle@edu.tbz.ch"|"dO%%P$-mpKTk&-JMYc$U"
"dorothee.older@edu.tbz.ch"|"3ozeq5-tGxR6u-4wmiYW"
"laurena.wile@edu.tbz.ch"|"7j#uZI-tGD%3J-kh%sso"
"clemence.brito@edu.tbz.ch"|"EOY#hh-6HVcf$-LaM20c"
"nadege.dallin@edu.tbz.ch"|"N2MrlE-PqiOqr-v7ZA%i"
"mailis.matley@edu.tbz.ch"|"S7o9sK-f&CLdO-gdRfrB"
"daniele.screaton@edu.tbz.ch"|"5E6e&L-1vDl6p-2E3KU&"
"mediamass.godly@edu.tbz.ch"|"$sGTJt-iXwcmF-9TQdZO"
"leone.kremer@edu.tbz.ch"|"kfD&4M-WmW1p3-z02No1"
"asa.adrian@edu.tbz.ch"|"6JwSmk-nbSy0m-GcDhg1"
"adele.doley@edu.tbz.ch"|"@jdh5B-ugE4O5-u6i#tb"
"fei.sidney@edu.tbz.ch"|"u2Zle6-F@xCtD-mX$J9o"
"marie-josee.walisiak@edu.tbz.ch"|"gumM85-342&VX-P%PZ6#"
"desiree.diplock@edu.tbz.ch"|"E4x%jW-kx2IH6-vYt$5W"
"gisele.schust@edu.tbz.ch"|"QwfMu0-fU$kgm-ZFlL4p"
"ma.longshaw@edu.tbz.ch"|"sXySd7-8yFcHy-&Ua$5K"
"da.boother@edu.tbz.ch"|"Xodtc6-mME#sC-WJ5s@t"
"simplifies.chaudhry@edu.tbz.ch"|"gvtVli-inO&tZ-#uypfX"
"garcon.baniard@edu.tbz.ch"|"PJF@Qc-vL0hdD-FDE&q%"
"gaetane.elphee@edu.tbz.ch"|"N3pORV-MHXp%E-UC0OA4"
"gisele.hassey@edu.tbz.ch"|"clpqmB-mFYcIE-E#chni"
"oceanne.booley@edu.tbz.ch"|"NN3JVk-gzoUNe-@MlxZM"
"oerjan.dibden@edu.tbz.ch"|"wilgEo-gK@BEa-IgHqVr"
"regine.ocleary@edu.tbz.ch"|"Dtd6hn-6YT@f3-gK5s%m"
"selene.persse@edu.tbz.ch"|"9ktO17-3NaZLp-sab%zK"
"helena.adenot@edu.tbz.ch"|"tHM7As-hkpnqm-djJr0U"
"maelann.wassung@edu.tbz.ch"|"&JdNAt-f8eP7W-@91&we"
"frederique.ackermann@edu.tbz.ch"|"lRvJ4L-1q2#i$-gM7i$B"
"audreanne.kahen@edu.tbz.ch"|"N$ET25-bUqzPA-dxBmea"
"maiwenn.lasty@edu.tbz.ch"|"w1vIWs-%DulQM-ErMC#7"
"yu.dictus@edu.tbz.ch"|"Bxe7Q0-Z2PjQO-aAvD0p"
"anae.dukes@edu.tbz.ch"|"VAyNo2-df2rcg-hy6$ku"
"yenora.warr@edu.tbz.ch"|"grdg$A-BNnRxu-RAYqJk"
"esbjoern.archibold@edu.tbz.ch"|"rExCUl-%1#ez7-cCDDVN"
"milena.pardal@edu.tbz.ch"|"bUIjE@-23@n6N-Q#$z5#"
"celestine.graveston@edu.tbz.ch"|"iNs1EA-B23OT3-YgmeU4"
"maena.dallas@edu.tbz.ch"|"wOLuOI-QStJji-jsGxP9"
"andree.tuke@edu.tbz.ch"|"#q%D#4-Q$PHP&-Agtbhl"
"methode.seldner@edu.tbz.ch"|"PHsjEp-d0fWgV-zbpFh&"
"venus.bullas@edu.tbz.ch"|"ru&2KT-6W#rNC-$zFl%a"
"mans.aguirrezabal@edu.tbz.ch"|"ai@oqr-WA%OR@-2fdHmn"
"gaelle.eadington@edu.tbz.ch"|"9itl$G-sZfvsx-pYNTpM"
"anaelle.falkner@edu.tbz.ch"|"18ygCS-2D2x0S-cLSEGR"
"ophelie.height@edu.tbz.ch"|"bvXfFi-RosC4B-qD2xn@"
"marten.bolding@edu.tbz.ch"|"UaQ%@I-di6p&P-lXMWWH"
"pelagie.guswell@edu.tbz.ch"|"1duY01-cS0jAv-IEc@70"
"gwenaelle.lecount@edu.tbz.ch"|"G$S2Uy-oZ5Znm-XBhaWA"
"hakan.laden@edu.tbz.ch"|"2kI1oq-0vDYKJ-C&ndyZ"
"marie-josee.hylands@edu.tbz.ch"|"bncqfk-0pYRL6-KG%S@z"
"zoe.kingshott@edu.tbz.ch"|"Yxr3Ig-smcfJ&-k&gfP&"
"josee.janous@edu.tbz.ch"|"&qg3@&-2sZQIW-&AinvI"
"laurene.gallally@edu.tbz.ch"|"5pAWgK-rbHlK&-EHMyQX"
"anael.bickle@edu.tbz.ch"|"wD6WQs-umN&iN-0I6qZ@"
"mediamass.lebbern@edu.tbz.ch"|"ZO93xB-qSTuKJ-LTAPZd"
"berengere.hovy@edu.tbz.ch"|"ORAi&z-M2s3ap-&c7%x8"
"oerjan.kilmurray@edu.tbz.ch"|"V#NnBz-f#h1Gz-6ZTHB&"
"asloeg.venny@edu.tbz.ch"|"wXz%5L-RU9&3r-K@gcOJ"
"marie-noel.stoad@edu.tbz.ch"|"Zt0@pU-dq$3i8-TtoCS3"
"hakan.pettifor@edu.tbz.ch"|"th#&qt-iNCUGc-d4@q0o"
"maella.willgrass@edu.tbz.ch"|"g5A@oV-SNbrMm-bZ%7AH"
"therese.ludovici@edu.tbz.ch"|"uP4s66-tuVlQQ-8gZRCK"
"stephanie.trewhitt@edu.tbz.ch"|"hLwjps-mP4n&r-HZR#3m"
"maerta.bauduccio@edu.tbz.ch"|"4z$BfR-#v#1qN-wo5XAl"
"gaetane.glaisner@edu.tbz.ch"|"AfokAN-v9bks%-5e10gt"
"naeva.pargeter@edu.tbz.ch"|"VrFtHI-3@DAMv-JI#nL6"
"salome.venable@edu.tbz.ch"|"CMLTro-xyuKxT-CUKBRZ"
"boerje.thickett@edu.tbz.ch"|"QibICx-8&3n3M-p15z0w"
"lucrece.prendergrass@edu.tbz.ch"|"$DMgaR-tMQz4N-##MkDv"
"laurene.ockleshaw@edu.tbz.ch"|"vIIZ9q-27lwFU-KrEcCq"
"cecilia.pasticznyk@edu.tbz.ch"|"TTEXVc-M%uxCB-Lh9FUI"
"stevina.mackey@edu.tbz.ch"|"COVRts-7Q5Gph-GKNQzM"
"marie-noel.reven@edu.tbz.ch"|"P1KpTM-iseM9b-A0nqOQ"
"melina.quilkin@edu.tbz.ch"|"g@78X$-khztYt-W7MmzR"
"marie-noel.ferrie@edu.tbz.ch"|"OohwKx-sJ3dun-Pp&KkQ"
"leone.alphege@edu.tbz.ch"|"SDBpQZ-ACClLy-2bXztf"
"zoe.leverson@edu.tbz.ch"|"DYi4L2-FtMf4j-F8W#NZ"
"annotes.grayne@edu.tbz.ch"|"layBDn-h7H55G-jXNi&s"
"faites.lalley@edu.tbz.ch"|"IyyY8q-0wwGo6-u@HrtA"
"adele.wallis@edu.tbz.ch"|"35VXR%-0AdrMC-eB4W@5"
"severine.madill@edu.tbz.ch"|"Cechb7-FB6KEZ-wcyqN0"
"valerie.tebb@edu.tbz.ch"|"L0Luxg-rKOsRQ-Ci80%t"
"kalliste.rasper@edu.tbz.ch"|"&SyX1@-8iM%9q-TITyId"
"audreanne.palomba@edu.tbz.ch"|"k1vD#K-Nz#bHA-idN$3T"
"elea.adamik@edu.tbz.ch"|"0VYIUb-RaJqcl-eR9yrB"
"reserves.jakuszewski@edu.tbz.ch"|"dTLQHa-S$op$6-JKWZiB"
"athena.belhomme@edu.tbz.ch"|"AE4eQm-aL6Ti6-4EtxMJ"
"rebecca.crippin@edu.tbz.ch"|"PgE4F0-iIu4y1-tP%THT"
"maiwenn.curman@edu.tbz.ch"|"Y41VCQ-cYA&wi-0ggssO"
"andree.bunner@edu.tbz.ch"|"#K#Ox6-Y@of9S-W50dAJ"
"ruo.winckles@edu.tbz.ch"|"nm4%3m-zl$tVz-u2bp9d"
"naeva.buntine@edu.tbz.ch"|"YvqMWh-o&v29U-R8LwHt"
"boerje.dollard@edu.tbz.ch"|"85qG7x-r0BLBD-MR47qZ"
"penelope.gorman@edu.tbz.ch"|"VB80Nf-V3G1DQ-DUQS1o"
"alois.robelin@edu.tbz.ch"|"p8H@uo-L#jnkd-x6%do7"
"anaelle.tindle@edu.tbz.ch"|"RBSKLp-KL@xCZ-votb$W"
"ye.frears@edu.tbz.ch"|"qqdvXc-vf#G%V-9KlI6H"
"andree.ovid@edu.tbz.ch"|"3PlC2n-MK%v9@-H0a%PS"
"hakan.peat@edu.tbz.ch"|"83SAQx-2e9U$5-lKQs2a"
"andre.januszewski@edu.tbz.ch"|"%qhf3C-VrCKwm-iz2Ojw"
"annotes.clemmett@edu.tbz.ch"|"kG0tjo-ocxLuO-uQAWUz"
"pal.lambswood@edu.tbz.ch"|"H$#kzS-aty9A2-iWUpWk"
"yao.lenton@edu.tbz.ch"|"oxpBXU-J9$lUv-BWPgcE"
"hakan.boyton@edu.tbz.ch"|"9qUFM8-L2vt$U-I5Kmd4"
"nelie.forsey@edu.tbz.ch"|"8eEv&P-0EAFsg-BR@Y&1"
"hakan.horche@edu.tbz.ch"|"2d1R$p-pJSN@f-lXIBfa"
"lorene.sinkings@edu.tbz.ch"|"#sPWXb-cqSYGg-tKHMI0"
"marie-therese.creddon@edu.tbz.ch"|"RocIIq-A#FZbN-m#mcm0"
"berenice.tolworthy@edu.tbz.ch"|"UcxCd3-CecT0L-eb%hUL"
"theresa.land@edu.tbz.ch"|"PNj&mx-YmsE%H-rBYry0"
"marie-therese.gianilli@edu.tbz.ch"|"lrgeEt-UGqEnW-0psYuX"
"meryl.glew@edu.tbz.ch"|"1TdtVZ-6So#nD-eOUn1v"
"adele.debling@edu.tbz.ch"|"5FlWvB-#xK@8u-2msEMr"
"anae.metzke@edu.tbz.ch"|"#6Z#UA-I03vw&-jbmfCh"
"gaetane.gooden@edu.tbz.ch"|"GuUsQh-@vyxQK-vQ9yoA"
"laila.bootland@edu.tbz.ch"|"ItEv4x-JtrRbL-b2x2@A"
"maite.helsdon@edu.tbz.ch"|"ZMrPND-Xo@N@S-fKMSsm"
"andree.malley@edu.tbz.ch"|"moBV#n-%uH9K&-@OmZfY"
"pal.simmens@edu.tbz.ch"|"0uyGQK-cjV3S4-yoWk3Q"
"maelys.nuccitelli@edu.tbz.ch"|"&%41yB-3iGpXt-Lv%Lvj"
"dafnee.sibary@edu.tbz.ch"|"tp&#SM-S3$Be5-TRI&hb"
"alois.harsnep@edu.tbz.ch"|"DLymRJ-fKv23o-BQ6ysR"
"marie-helene.lacky@edu.tbz.ch"|"B7981k-A%R@@P-gfSOyi"
"mylene.youthed@edu.tbz.ch"|"NrPGCw-bX7L16-FC01UT"
"marie-helene.dehmel@edu.tbz.ch"|"$1QLxj-30f@N8-hXc#Ze"
"angele.batman@edu.tbz.ch"|"uubnKb-MY76vZ-7PaM0C"
"melia.younghusband@edu.tbz.ch"|"GNvvoq-JEG3X9-dNpy7x"
"eloise.baldi@edu.tbz.ch"|"t4SSOW-3acNAh-7BHcIQ"
"illustree.dun@edu.tbz.ch"|"gurXoW-@Uqrir-n3I75d"
"genevieve.late@edu.tbz.ch"|"TX2DIj-cps9Xe-8jBv4Y"
"celestine.colville@edu.tbz.ch"|"r8ENf2-#sOFJ0-z$#dhL"
"gwenaelle.scarlon@edu.tbz.ch"|"6Iyibb-EKInAi-X&b@r9"
"regine.boddie@edu.tbz.ch"|"hvTf7r-6NciVl-K7Th4#"
"creez.gaughan@edu.tbz.ch"|"7guqrT-8F%Gkp-u@HBUj"
"gaia.longford@edu.tbz.ch"|"0xUA77-@rfEpS-lz3bng"
"mailis.buckby@edu.tbz.ch"|"dptROq-@bNMor-Q3SoHn"
"song.parbrook@edu.tbz.ch"|"TLL1n8-3LY3iF-%3yEtE"
"frederique.heddan@edu.tbz.ch"|"i&xfRf-x1eXi9-6LOBd4"
"ake.kirtlan@edu.tbz.ch"|"G8$m9X-ilvVMH-m3@tDh"
"nelie.runciman@edu.tbz.ch"|"1k4Hxt-wz7LUy-VFdX3J"
"mailis.cardnell@edu.tbz.ch"|"rkwZn3-qc7x&N-$6S%b1"
"irene.navarro@edu.tbz.ch"|"BGl$XM-6Kap4s-LvtdnK"
"maite.cough@edu.tbz.ch"|"0BT5HH-oCbti7-JFA0Xk"
"anaelle.stocky@edu.tbz.ch"|"4#510J-08%Fi9-ClGVyr"
"methode.moulder@edu.tbz.ch"|"NhGH@A-T#TSA7-oENN6#"
"po.stafford@edu.tbz.ch"|"s%ArPS-PXG8xm-LThh#w"
"faites.scraggs@edu.tbz.ch"|"ni6p3g-f9rp28-NTcd4C"
"adelaide.dullard@edu.tbz.ch"|"Oeu3Cp-PlY#gR-o8lMWm"
"desiree.leonard@edu.tbz.ch"|"zRil2Z-7Qt4DR-IKO7wY"
"geraldine.badgers@edu.tbz.ch"|"KDIuXa-Q3EzmQ-&r4B#Q"
"ruo.masic@edu.tbz.ch"|"HYx2dZ-58F9h8-T2Ip9e"
"aurelie.lieber@edu.tbz.ch"|"k1O@9a-8r8Wz4-6rt@na"
"naelle.balcock@edu.tbz.ch"|"19N3Ot-REK1dv-Di7JHi"
"camelia.elger@edu.tbz.ch"|"vdHO8z-1IrP#k-H75nCQ"
"publicite.oakeshott@edu.tbz.ch"|"jDT7%t-dn1IDW-@u8$fy"
"cleopatre.fawley@edu.tbz.ch"|"Rn%RRc-&JZjov-f7Q2vd"
"laurene.bruckmann@edu.tbz.ch"|"HTil&Y-vxnYD6-4Mbz9@"
"rui.haughton@edu.tbz.ch"|"m1%oXC-$h1&o@-un1nDy"
"asa.ladewig@edu.tbz.ch"|"@KSU%T-r%lXgs-NijbI%"
"gisele.janecek@edu.tbz.ch"|"ZaNHqq-nFavnr-bUhZ6w"
"maily.loveridge@edu.tbz.ch"|"rSH8Dx-ERnd%2-gKY26h"
"marie-eve.yurkiewicz@edu.tbz.ch"|"765Kxj-eXdB1t-FZHXzL"
"fei.roder@edu.tbz.ch"|"NiftNn-HY4xor-yFR@SY"
"edmee.chatburn@edu.tbz.ch"|"b16DxQ-X0r&Cf-6dCFxq"
"geraldine.darke@edu.tbz.ch"|"Z1D&MG-61oypq-NiKri#"
"ye.jira@edu.tbz.ch"|"qvA4g8-rfeIZl-yQyzss"
"publicite.persent@edu.tbz.ch"|"1nAiQ7-E7T1uu-d$2Hwi"
"severine.wilcox@edu.tbz.ch"|"TuM2qM-uzO505-W4a21k"
"yao.mcclaren@edu.tbz.ch"|"gQ3fip-GP3wuH-9XAeTq"
"theresa.foynes@edu.tbz.ch"|"jemkob-$&Jpm7-@gNBoA"
"stephanie.isley@edu.tbz.ch"|"QjfGqs-s%GmT5-VySMPy"
"torbjoern.growy@edu.tbz.ch"|"LFimU#-VO1wEl-Y7fauB"
"eloise.tunnadine@edu.tbz.ch"|"grXyfF-TH9mt1-kc&UDj"
"maeline.cossentine@edu.tbz.ch"|"HJXUef-YX3oRG-2qRqdh"
"nelie.desantos@edu.tbz.ch"|"FO87UL-pwDMIE-QP1jfP"
"gaetane.axston@edu.tbz.ch"|"huj3bg-jqkUdd-pC1NG$"
"aimee.merman@edu.tbz.ch"|"$J6bEV-q9H7Pm-YNjryb"
"oerjan.drivers@edu.tbz.ch"|"9bqWAK-v2cSEx-luOQ01"
"aimee.miroy@edu.tbz.ch"|"D$5Dav-dqT30l-gJB9VC"
"nelie.glyde@edu.tbz.ch"|"MZev1j-F85bsd-MKT06l"
"hakan.kapelhof@edu.tbz.ch"|"%Tv2qL-pqEBLh-uvXrlE"
"maelyss.cauley@edu.tbz.ch"|"i7M2gM-OkaD1z-USzs@E"
"elea.vaggs@edu.tbz.ch"|"U@H$3k-altTHm-Qi7Wtj"
"maelys.but@edu.tbz.ch"|"tuhEIA-fMVXEb-57QxxO"
"maella.arthurs@edu.tbz.ch"|"InqOrX-xXVuYy-A7xU6y"
"adele.liebrecht@edu.tbz.ch"|"8UsKPe-KcvKsE-efbOKX"
"meline.lomasny@edu.tbz.ch"|"YAl1ok-Wxq0MV-qnDRa7"
"mediamass.schwant@edu.tbz.ch"|"RqVOl3-2vbZlN-6mO0%e"
"leone.saunt@edu.tbz.ch"|"l1Sr0S-hx2POZ-VGiMN6"
"annotes.gouch@edu.tbz.ch"|"JbLuyk-ColnjQ-m1NvBs"
"gaetane.bowich@edu.tbz.ch"|"pC6dU5-ZmwAyS-kDOQ4V"
"alizee.strelitzki@edu.tbz.ch"|"VTvb3b-9zsQHy-hVWzza"
"leone.poile@edu.tbz.ch"|"4YDDG5-8#RVvs-$ZdoMd"
"amelie.saban@edu.tbz.ch"|"@q0QMd-T8ItWz-UAR8h8"
"marten.mcmenamin@edu.tbz.ch"|"DGDEv5-ZN@Ejf-GwimsX"
"becassine.keets@edu.tbz.ch"|"wwnf$@-9KjeSD-1tKR@E"
"celine.million@edu.tbz.ch"|"31fQzh-ULg%Ck-aI684G"
"geraldine.belitz@edu.tbz.ch"|"9MZ8zL-5&Nq#Y-DCqP1a"
"salome.mardling@edu.tbz.ch"|"OLYsTg-ZoIgFs-0MTYYn"
"melia.blakemore@edu.tbz.ch"|"2vX@9l-wqqIuO-ChnLq8"
"dafnee.mcaulay@edu.tbz.ch"|"VHPo90-zfww6#-QlS0Og"
"garcon.dennett@edu.tbz.ch"|"U7SoBF-LJL0th-hTGIv&"
"interessant.lesor@edu.tbz.ch"|"mO$zaH-%e5QiT-zhQeOJ"
"annotee.wasbrough@edu.tbz.ch"|"@a5FFm-SVKFIO-Ofd2Dn"
"asa.ibbeson@edu.tbz.ch"|"ql8bl6-DxiaEZ-VKGyyE"
"maily.kennealy@edu.tbz.ch"|"ypdOq3-AEHEZx-Vr5uGp"
"ye.seares@edu.tbz.ch"|"a%bYQv-P7@vbP-LLXkfu"
"athena.harbron@edu.tbz.ch"|"aarGpU-j5webW-vjizUT"
"andreanne.portail@edu.tbz.ch"|"99rhNH-d5qtY%-K64l0e"
"goeran.zannelli@edu.tbz.ch"|"6#oo%G-IPHqjh-c7u8ey"
"gerald.leathlay@edu.tbz.ch"|"WScF8Y-wpFHd2-SVcmiX"
"andreanne.chown@edu.tbz.ch"|"q#Hmpi-ZRlXkT-CokAdG"
"esteve.clementel@edu.tbz.ch"|"l6Ok$q-tn1BAk-aJII3S"
"leone.legan@edu.tbz.ch"|"kammZU-o1Q3kI-7BEA4n"
"maena.pownall@edu.tbz.ch"|"ShaKRB-AU0hCY-VsGpIa"
"andree.rettie@edu.tbz.ch"|"BFK2jQ-wrjZuY-YSHDWM"
"ines.kenwrick@edu.tbz.ch"|"BveCtg-khZdac-j5abh6"
"marie-helene.yarnall@edu.tbz.ch"|"d8#FLn-GLUtX$-eyYNfa"
"po.martin@edu.tbz.ch"|"Nko15J-elFntt-VLhpIm"
"ruo.celiz@edu.tbz.ch"|"&JcIlq-mSHFb7-mHOYAK"
"po.bissett@edu.tbz.ch"|"H@ZgS5-lUWh@N-z93q5Z"
"du.swindon@edu.tbz.ch"|"ttd#y0-zhr1FI-0SI6in"
"interessant.gouldthorp@edu.tbz.ch"|"mlDKMT-tG3Tl2-&HZYb4"
"leandre.lilburn@edu.tbz.ch"|"3bsE%F-hiqriy-UrOrJr"
"bjoern.whales@edu.tbz.ch"|"YQMdlx-dEgIwA-agFCxf"
"interessant.dieton@edu.tbz.ch"|"&MVd&2-wo&96%-f6dqAv"
"celestine.redhills@edu.tbz.ch"|"4A#NIk-@meKht-9&X7#o"
"tan.yakovlev@edu.tbz.ch"|"1HaoR4-Ba#hm3-98HW&r"
"regine.mcdowell@edu.tbz.ch"|"6mgGen-Cyq%ZQ-9e8DV1"
"ju.coysh@edu.tbz.ch"|"5XVvso-d8yuLA-TMoC8u"
"reserves.ofallon@edu.tbz.ch"|"VksaxM-Of@diW-o03esx"
"frederique.sobey@edu.tbz.ch"|"3QnMwe-poD8x3-0jKfHL"
"marie-eve.garstang@edu.tbz.ch"|"RsEjDe-ErFSop-#E%H@H"
"andre.tapin@edu.tbz.ch"|"Pp8I@O-gz%6UN-7NqjAD"
"esbjoern.eynon@edu.tbz.ch"|"Oh5URS-G4n3JC-UXdJO2"
"maella.duffy@edu.tbz.ch"|"ZvY63q-Lv%w9h-8eiD4M"
"leandre.twinning@edu.tbz.ch"|"Y3HvzP-hzCi7x-vA6H5l"
"mai.whittingham@edu.tbz.ch"|"fatAVO-erDjWP-M4#pYf"
"rachele.shevelin@edu.tbz.ch"|"cvMK%K-iyHw6d-&DEKGr"
"cecile.mcure@edu.tbz.ch"|"XAxwca-DxUL$Q-NZDhvM"
"marie-eve.yurkevich@edu.tbz.ch"|"SMHdc1-edaRGo-0YePFn"
"almerinda.paice@edu.tbz.ch"|"10B3E#-b$1ntk-%CmphE"
"rao.howkins@edu.tbz.ch"|"b91lTd-gg8m07-WMkRn2"
"serena.pack@edu.tbz.ch"|"gWtYOv-Hq5wjo-pQ3B93"
"rebecca.mant@edu.tbz.ch"|"Vz65hp-weOQHa-DfNZz5"
"reserves.spitell@edu.tbz.ch"|"m3nvCJ-DZnYQF-P5Snsw"
"garcon.hamfleet@edu.tbz.ch"|"3eK5Bn-utPW6&-r0qScS"
"methode.kerkham@edu.tbz.ch"|"o23ov9-IOnq4q-5T08@I"
"pelagie.camies@edu.tbz.ch"|"Q$121d-TA4fZH-6IwmXn"
"josephine.macpharlain@edu.tbz.ch"|"DD#jtA-Q@JC29-bPpcVL"
"eugenie.mathet@edu.tbz.ch"|"GzgyIP-cCu$@5-B&BZ%3"
"gaetane.brangan@edu.tbz.ch"|"&Bl4bR-FjFm5#-TQ1k#t"
"michele.dewbury@edu.tbz.ch"|"xzR7oz-YRHJ&&-J7Enoz"
"eugenie.elcott@edu.tbz.ch"|"6Lt$S%-TwoBfP-D2SuRT"
"megane.harniman@edu.tbz.ch"|"fW1G5G-lwI&@1-jyEZo3"
"agnes.cluney@edu.tbz.ch"|"mG1rpo-NU$j8W-lXbWYG"
"marie-helene.angear@edu.tbz.ch"|"OYPTnx-JS5%Ex-POLAci"
"melia.dolphin@edu.tbz.ch"|"#XjiIt-6YJGc%-TtuDNr"
"lois.ruseworth@edu.tbz.ch"|"53Icuy-KedFIi-er1buG"
"mailys.ryding@edu.tbz.ch"|"$SZvRK-O3rDS4-Ne&pre"
"rachele.wulfinger@edu.tbz.ch"|"8F@8Nm-5U4mxk-oAbsiz"
"gwenaelle.talton@edu.tbz.ch"|"dCVBo$-TiGJVx-OSLP40"
"long.ronchetti@edu.tbz.ch"|"JLUAoU-3LbnYo-AuS1%l"
"styrbjoern.kloska@edu.tbz.ch"|"@malhD-0Gsq4E-hX@zUA"
"len.sudran@edu.tbz.ch"|"g#Nefl-vvtRb3-m3cAE#"
"maelle.andrysek@edu.tbz.ch"|"g$wevG-N989%k-vl1F2q"
"selene.senior@edu.tbz.ch"|"$D7pj@-IvniW4-8lpI@z"
"anais.joskovitch@edu.tbz.ch"|"FOwjgY-DO9hju-SsA7pQ"
"marie-noel.dally@edu.tbz.ch"|"ExHvXL-$D0Zzl-vsuSaf"
"marie-helene.laurence@edu.tbz.ch"|"ty0@8T-re$wKi-@QRYG@"
"camelia.foxon@edu.tbz.ch"|"@t@RjB-UaxxX2-tRn3cE"
"helene.cankett@edu.tbz.ch"|"14ymDE-z%3%wG-uzYVF0"
"marten.mitchelson@edu.tbz.ch"|"L4otNf-%VeaxH-o3HMPy"
"helena.stirtle@edu.tbz.ch"|"189i@e-pMKD@P-pEtOTs"
"leane.barmby@edu.tbz.ch"|"rh2#nL-LwMHto-NDz@Td"
"goeran.ofinan@edu.tbz.ch"|"atAA8c-n%RgGX-d3VE$m"
"styrbjoern.proby@edu.tbz.ch"|"og3Tvt-XQ0pnR-ee8O6W"
"zoe.halse@edu.tbz.ch"|"ENJn$2-Wa7bSi-@HdRJ@"
"kui.drable@edu.tbz.ch"|"bFIqB1-X@aLC1-Y@k3H#"
"desiree.bamford@edu.tbz.ch"|"mpmiW8-hcvDIX-9snd2F"
"zoe.suller@edu.tbz.ch"|"iyes9C-@RTquI-m9dA6a"
"marylene.audiss@edu.tbz.ch"|"h4zhVY-ch$J3Y-x9BQpu"
"adelaide.poznanski@edu.tbz.ch"|"ap94F5-buEk8Y-E0l2W1"
"maella.coleyshaw@edu.tbz.ch"|"7$huwx-CAn4Ua-Jf#C%I"
"marie-francoise.gelder@edu.tbz.ch"|"q50VkS-xxPRrR-7F2zoQ"
"eleonore.chaffyn@edu.tbz.ch"|"W1w&cy-@tK0#1-34U7rW"
"celestine.sikorsky@edu.tbz.ch"|"kjvI8w-nF5bRh-YMyW9Q"
"stevina.londsdale@edu.tbz.ch"|"gb&Pnb-scy0Nl-nP0CyR"
"maiwenn.nevitt@edu.tbz.ch"|"j@dMWe-ydFOzK-O@WyZL"
"magdalene.gerrey@edu.tbz.ch"|"J9XmaT-qOS8lQ-9YSfxt"
"becassine.latimer@edu.tbz.ch"|"YpuiUz-AphAlG-3jijYH"
"da.lethibridge@edu.tbz.ch"|"2zPEvo-NJeyF0-OZmFC#"
"mailys.claige@edu.tbz.ch"|"DVqpRn-Eow2Is-WI#8uJ"
"maena.torbard@edu.tbz.ch"|"tmYWIu-N#mWGb-H7Bh5W"
"solene.lyvon@edu.tbz.ch"|"oAzM12-EKIDzQ-3DLCu$"
"marie-therese.benbrick@edu.tbz.ch"|"RLRzYQ-nW6OA%-U6MvxG"
"gerald.edmonson@edu.tbz.ch"|"$yz%UY-bOmcOa-l7L6zk"
"ake.messruther@edu.tbz.ch"|"1c#AcO-TWWki7-IwMOxn"
"men.gosneye@edu.tbz.ch"|"5&5JY9-yyc0Fu-FazTE4"
"anais.jefferys@edu.tbz.ch"|"k2YOHz-M6hqI#-FSJrey"
"publicite.tregale@edu.tbz.ch"|"r5y3u5-KBX0R9-gYJ23p"
"maily.santorini@edu.tbz.ch"|"bynbn#-edsDWb-hgPtw#"
"ines.pioch@edu.tbz.ch"|"xL8lpK-H2EGxK-1yRx7@"
"noemie.marklew@edu.tbz.ch"|"O87@AC-SzKXrg-I1uwwc"
"meghane.maccaffrey@edu.tbz.ch"|"Rv$yIf-aIWdad-VhZsL#"
"berangere.ambrogio@edu.tbz.ch"|"m#eCzY-QO2Nlg-qrMsJY"
"mediamass.ryce@edu.tbz.ch"|"OmGowl-uabIuQ-057%EO"
"oesten.ubank@edu.tbz.ch"|"@B3AKz-xxalCt-#LkiGl"
"melina.mackee@edu.tbz.ch"|"n%XA71-NxI@bg-n3Rewh"
"theresa.livezey@edu.tbz.ch"|"rnKi4E-dGlvFq-gh%wu$"
"clemence.weal@edu.tbz.ch"|"l#XNgp-q2014I-Fluebf"
"faites.overton@edu.tbz.ch"|"pVzG9H-88w4wV-zqqaMF"
"clea.lindblad@edu.tbz.ch"|"n532@i-EnmuQz-zr4Ms&"
"josephine.roseaman@edu.tbz.ch"|"m4M4p4-P8cMDF-G7oCsv"
"oesten.lowbridge@edu.tbz.ch"|"7lsGGU-K8eSUk-1tWsbU"
"marie-josee.brion@edu.tbz.ch"|"S1nqHv-BEe9kY-PRqiGJ"
"therese.basili@edu.tbz.ch"|"h4SCan-5dAdBt-iY1oei"
"melia.vertigan@edu.tbz.ch"|"0zCroZ-Gl%LF$-D2y$Kl"
"judicael.saull@edu.tbz.ch"|"yTklTo-gP$1JP-vNYweK"
"selene.valentine@edu.tbz.ch"|"soWVwz-Gc&73T-3dCN$4"
"verane.dunlap@edu.tbz.ch"|"R2AHZ#-N7v%BL-k9UJfu"
"meline.kinnear@edu.tbz.ch"|"djReRj-3NIpl&-E26pBk"
"lei.luttgert@edu.tbz.ch"|"QyW@27-Xr8Ykp-DTYMtm"
"styrbjoern.lathleiffure@edu.tbz.ch"|"enKUj3-#rmpjl-hF17@6"
"marlene.blasi@edu.tbz.ch"|"0Bk07g-XkeShL-CDbCyz"
"mai.begwell@edu.tbz.ch"|"74zC$2-tq3Laj-id8hkm"
"gwenaelle.kaines@edu.tbz.ch"|"spI%@r-dPD#Q4-xJuiBA"
"gerald.adamthwaite@edu.tbz.ch"|"16Oya4-nnG0CP-glUN@A"
"kui.hartfield@edu.tbz.ch"|"UAn79B-0FzQf$-6n1D&p"
"salome.currao@edu.tbz.ch"|"FnWJlM-$ngyug-@lAM&y"
"angelique.tixier@edu.tbz.ch"|"NFmFib-TiO7oN-ZaFD8A"
"ju.mcgragh@edu.tbz.ch"|"XaaBQp-QaUZB2-8oCE15"
"dafnee.beachem@edu.tbz.ch"|"tqGh$2-CkU1GD-xwh7bC"
"creez.terlinden@edu.tbz.ch"|"g8a9#9-dTaNw8-P$7VL$"
"uo.mcskeagan@edu.tbz.ch"|"zzVnjh-1sbqUD-fDPusd"
"edmee.mccaughren@edu.tbz.ch"|"&ULA61-YDT3IY-$mN3c9"
"asloeg.cozby@edu.tbz.ch"|"Soycwm-rGH2Jl-HhREXA"
"melodie.traite@edu.tbz.ch"|"WBVsER-NlG9J$-Gf4#@Y"
"dorothee.aindriu@edu.tbz.ch"|"oOtBI%-kk9O8z-Z&bgiu"
"daniele.doley@edu.tbz.ch"|"$dqhVV-7az&Ne-KfVoJq"
"mediamass.fairclough@edu.tbz.ch"|"@2I&Yv-ykkEmo-3xAL8L"
"lorene.rainforth@edu.tbz.ch"|"2ZmJ@U-jIlCFE-1yNSPL"
"leonore.eyer@edu.tbz.ch"|"nxvRFf-pkWSxj-up#ddM"
"po.spillman@edu.tbz.ch"|"930P5#-O0rios-u7nwhQ"
"cecilia.plitz@edu.tbz.ch"|"v44wP6-1SApCt-cMjiiC"
"lorene.ludlow@edu.tbz.ch"|"nJkNah-&u@WYS-NdCBSv"
"berangere.neligan@edu.tbz.ch"|"42HFBx-lD3slG-XQm7S5"
"simplifies.huggan@edu.tbz.ch"|"On7%4X-c4fuVE-m@ljDq"
"clelia.prandy@edu.tbz.ch"|"&CmOmF-4SOz7u-JxMft%"
"ake.osban@edu.tbz.ch"|"&ovSRO-VCj43T-QWQJBk"
"cunegonde.brunn@edu.tbz.ch"|"8N7I3M-PfFCDr-Z7%AIO"
"long.grizard@edu.tbz.ch"|"L1xm8f-$NpBXx-DZ%DZh"
"meghane.diss@edu.tbz.ch"|"u3Fiea-ysU$MT-3Q#ri@"
"therese.oldman@edu.tbz.ch"|"u2@yQX-9qmhxN-rryc1H"
"boerje.scamerdine@edu.tbz.ch"|"aP$yqY-vEE3TX-k4stDz"
"du.saban@edu.tbz.ch"|"L5tz@g-Ul&4BV-92QOig"
"hakan.clynmans@edu.tbz.ch"|"uj9pQw-OQMV34-Rp%o3N"
"wa.macdowal@edu.tbz.ch"|"V6@Nf6-WuXAGh-dZQ1xX"
"venus.hatrey@edu.tbz.ch"|"v$Fi85-56s3mH-m1yEgg"
"anaelle.vispo@edu.tbz.ch"|"c4xKNb-U2gy1o-HcylSr"
"mahelie.ollcott@edu.tbz.ch"|"zy#arz-T3GHcv-ckr@zN"
"mediamass.whyman@edu.tbz.ch"|"3R&1Fm-@HLahV-1MNRHI"
"esbjoern.basson@edu.tbz.ch"|"m02IPK-#NId&j-fV7fZF"
"andrea.morrill@edu.tbz.ch"|"RK3Kwf-jRxWaS-Tg#C6Y"
"melys.grassi@edu.tbz.ch"|"v6xVY5-25JLvy-Yxn3Cn"
"leone.poleye@edu.tbz.ch"|"4ApK&z-e4dEsj-#HDue5"
"francoise.penny@edu.tbz.ch"|"0Iw7sw-YvUHj$-G1jPiC"
"rebecca.edney@edu.tbz.ch"|"bkvP$c-#hS@Ly-vqOTYz"
"adelaide.murtagh@edu.tbz.ch"|"6@%g73-0gMqyf-g&rA63"
"stevina.winterbourne@edu.tbz.ch"|"KQoi4$-Xnjhg$-TnqUUA"
"ma.cottom@edu.tbz.ch"|"nhU$l&-a7je6Q-iBKfl8"
"tan.harold@edu.tbz.ch"|"2E0nKM-kxDyc#-jjnZKJ"
"venus.forte@edu.tbz.ch"|"#Lc%WS-0Kp#IB-jI52w&"
"almerinda.oluney@edu.tbz.ch"|"L12xpe-qFYUMN-yN9b6g"
"cleopatre.brehault@edu.tbz.ch"|"6YAkBl-@cjlOM-Ot4V%a"
"interessant.lapides@edu.tbz.ch"|"PAA$Su-OMKS$7-TYKUCn"
"reserves.hallatt@edu.tbz.ch"|"nooeSr-&6KeYe-5or0J$"
"annotes.birdwhistle@edu.tbz.ch"|"6gI5rM-hE&6xF-PCXyhu"
"ai.dredge@edu.tbz.ch"|"mDs0IN-D&8C9l-#0DfVz"
"megane.mussard@edu.tbz.ch"|"n4e#O%-Pw7hoU-A$BM9d"
"esbjoern.gowrich@edu.tbz.ch"|"1qYLwm-EGi$jQ-4uuz3n"
"boerje.brislawn@edu.tbz.ch"|"icjGHc-a0DYmT-w0xgjl"
"becassine.wilce@edu.tbz.ch"|"$yS92E-pubXLD-LrzKnt"
"personnalisee.oels@edu.tbz.ch"|"tiiN9y-WFey#U-S3e5si"
"verane.pett@edu.tbz.ch"|"DnwLFI-jbTkbu-yhhTdd"
"marylene.glewe@edu.tbz.ch"|"iK#EQn-o6xZwn-7pZhK7"
"lai.elson@edu.tbz.ch"|"zo5Z@%-wP%@CW-wqG%kk"
"serena.difranceschi@edu.tbz.ch"|"GsTT7N-Ptiq4B-79G85K"
"lie.espinel@edu.tbz.ch"|"4xVAUZ-0bXDdt-1eB2TH"
"marylene.fantini@edu.tbz.ch"|"t#gMGP-PtDlrd-B8y$YD"
"andre.archdeckne@edu.tbz.ch"|"iq3dFD-dqg5T%-@bJVCQ"
"goeran.bohlingolsen@edu.tbz.ch"|"65l2tK-1S1jjS-6NB7Z$"
"cunegonde.heffer@edu.tbz.ch"|"ZpLOEQ-CNMxOq-0w2RyF"
"tan.fechnie@edu.tbz.ch"|"2z9Dz4-52dAGr-dQcV@X"
"marie-noel.brammar@edu.tbz.ch"|"H#kj6K-7AINL9-gHSluY"
"simplifies.aven@edu.tbz.ch"|"Au@mHh-ZOqfof-Vy3SOa"
"melys.pinchen@edu.tbz.ch"|"P&$Dr&-LSh7d3-4LOr4q"
"edmee.joyner@edu.tbz.ch"|"M8Rg0x-nhn6wb-mOUBtU"
"berengere.edess@edu.tbz.ch"|"zHwU3e-vpJ0PA-C4oyh9"
"marie-noel.goward@edu.tbz.ch"|"P0B%i5-%MpkGG-9ccyX$"
"ju.edmons@edu.tbz.ch"|"ffxMUF-nsYr7z-iDFq58"
"frederique.airds@edu.tbz.ch"|"AaMSC$-5hXfYD-XZ#1@o"
"reserves.dauby@edu.tbz.ch"|"d3uEFZ-Oddy1V-9h%OVq"
"hakan.gynni@edu.tbz.ch"|"GhdeX5-6coYpL-WghcBI"
"leonore.pinwill@edu.tbz.ch"|"kA#1ik-1eAg2O-0Q6Jke"
"marie-eve.mcallan@edu.tbz.ch"|"2oWwyM-hnlSvy-DeUA%D"
"naelle.yeabsley@edu.tbz.ch"|"PqyY6e-wCs&wy-B5TTWM"
"nelie.jacobovitz@edu.tbz.ch"|"rrPkke-gGsWN8-lU@Ie2"
"adele.conelly@edu.tbz.ch"|"l&oSwe-&3orB$-xhlAgS"
"clementine.dondon@edu.tbz.ch"|"lN9H5B-fV0ymN-5T%ggR"
"zhi.willcot@edu.tbz.ch"|"0JAHop-78Z$aR-pxppdp"
"chloe.janicki@edu.tbz.ch"|"WExLPO-MdxzE8-b&f300"
"meng.linde@edu.tbz.ch"|"Zdq#&W-fvtR82-dlmH5W"
"celine.janisson@edu.tbz.ch"|"UDg@o3-QLBGsu-kJDJOV"
"clelia.crow@edu.tbz.ch"|"DET3@$-BhF@@8-$ASGx&"
"cecile.pyott@edu.tbz.ch"|"d1I4K&-pi3FSU-v0wWDl"
"ma.fidelus@edu.tbz.ch"|"gQe3bK-yVoAUJ-vHMl1t"
"marie-helene.poore@edu.tbz.ch"|"vk2nb$-PoRJf4-Eh4xEw"
"elies.blanket@edu.tbz.ch"|"MmsQ9f-mWHN1y-O@f39k"
"yu.boyer@edu.tbz.ch"|"Uv9WV6-G6&zo7-nojTzD"
"celia.welds@edu.tbz.ch"|"n5ayt&-BTmN2n-N#RHRs"
"du.gunney@edu.tbz.ch"|"BmgXVv-%Dim2W-gGciIK"
"goerel.crush@edu.tbz.ch"|"NQXMEu-vNAJhk-S7@@aI"
"marie-josee.brosius@edu.tbz.ch"|"eRyaz4-I16v3f-3#TabW"
"camelia.adds@edu.tbz.ch"|"a%h2&q-yJfVIb-x$G4Gj"
"anae.irwin@edu.tbz.ch"|"Pjb6Nr-z8M7kW-Z54dO%"
"cleopatre.skeffington@edu.tbz.ch"|"34SQWW-e3XzAi-pDSJmf"
"gerald.suggate@edu.tbz.ch"|"VodAn6-w&P6g0-8T3R1i"
"laurene.tailour@edu.tbz.ch"|"FSqKYQ-w0aZ@k-8MbHVE"
"amelie.hoble@edu.tbz.ch"|"DE9yp&-uJQgYQ-bqmLrp"
"venus.getch@edu.tbz.ch"|"70zBBy-n1fiU%-jGWigr"
"renee.treby@edu.tbz.ch"|"qoAJ4T-VJ2hPW-ozX7T7"
"almerinda.stait@edu.tbz.ch"|"yh@jV6-na7mkp-hq0mJt"
"andree.reddecliffe@edu.tbz.ch"|"9JTIGc-DBrdH8-tiKtOi"
"leone.wintle@edu.tbz.ch"|"dmbU%o-r57DdT-czTe#g"
"gerald.fellow@edu.tbz.ch"|"nBy7V1-ksAZL4-WdIt%t"
"ju.gudger@edu.tbz.ch"|"&5gMvN-7$4l3#-wet3q#"
"meng.ohaire@edu.tbz.ch"|"vji4Bl-1ANkQy-1e9Aj8"
"cleopatre.missington@edu.tbz.ch"|"&bVYGX-SXXUcZ-YNCL5f"
"annotes.debruyn@edu.tbz.ch"|"G0Rlrf-NeMpG4-9%0#h@"
"gerald.sinisbury@edu.tbz.ch"|"WTv5GA-95R3yZ-zSFKBJ"
"creez.slora@edu.tbz.ch"|"OqWL@d-qz9Nx%-olQpPj"
"gisele.benbow@edu.tbz.ch"|"@OfyZ3-935&Dl-#J&Xe9"
"pal.dossit@edu.tbz.ch"|"aT@TkX-DZ1CFg-PyBjdm"
"nelie.stirrip@edu.tbz.ch"|"h7cQ#M-uY8CTL-oYC5mS"
"alois.ocrigane@edu.tbz.ch"|"7mvSvD-%fVV&7-Nnfvnn"
"kui.mcterry@edu.tbz.ch"|"mvzosp-PORJkm-xjiDiY"
"long.willgoss@edu.tbz.ch"|"txtOAS-f$O3uH-aq$jxM"
"francoise.sumpner@edu.tbz.ch"|"cyBQFV-cNKFBP-uDfZwQ"
"maely.grinstead@edu.tbz.ch"|"CdOORu-YkBJmZ-Dn#h9n"
"creez.langeren@edu.tbz.ch"|"MkrTYN-yLZbTC-LMS3%c"
"adele.dungate@edu.tbz.ch"|"lhJT5I-59uk7$-lA6hnF"
"cleopatre.noirel@edu.tbz.ch"|"6NeV%H-lHjc%5-SG5jwC"
"interessant.daverin@edu.tbz.ch"|"FnVGLH-ozCpex-NNQXIx"
"naeva.kalderon@edu.tbz.ch"|"IWVm@t-XRyXS#-m8wTRr"
"anais.oshesnan@edu.tbz.ch"|"nxe6kG-xx1xbw-cT%@1J"
"judicael.anelay@edu.tbz.ch"|"Xp4PQX-uzNfdt-jz@ZfD"
"eloise.braxton@edu.tbz.ch"|"DBNsGh-BRwEcW-0fUTx2"
"desiree.greguol@edu.tbz.ch"|"G%P7%H-MHsR9o-eIBcrp"
"maite.mcclenaghan@edu.tbz.ch"|"Q%ROjL-i&7PYJ-k&rcys"
"meng.doret@edu.tbz.ch"|"zw&o$u-@$Svx7-1lQNyc"
"frederique.chippendale@edu.tbz.ch"|"DMxQw0-81w&jt-6V3AfZ"
"andreanne.lanney@edu.tbz.ch"|"tTzuxf-vHViC8-xgp@0n"
"aurelie.claus@edu.tbz.ch"|"4oIAgw-eV#vaw-xE1yh3"
"renee.pabel@edu.tbz.ch"|"m3@cyy-pW$VSb-%X@Wve"
"maena.roust@edu.tbz.ch"|"eUV6$2-KOkdpf-WLZnma"
"nadege.carwithim@edu.tbz.ch"|"%$CZlt-PpHiLo-kCwjo2"
"solene.geyton@edu.tbz.ch"|"gLmXeg-vAmpcr-Pd1y#P"
"dafnee.avraham@edu.tbz.ch"|"KFlSBR-X7%X9O-u7eMH#"
"leane.woolvin@edu.tbz.ch"|"QI0e3y-B$9nCs-YQuL5v"
"adele.macadie@edu.tbz.ch"|"$tm2vM-xE1Z4a-gKFNY7"
"meline.rubica@edu.tbz.ch"|"NL#TMG-5uOP8B-e8iZxm"
"marie-noel.speeding@edu.tbz.ch"|"tmNkD9-isos6I-ZDm%mx"
"nelie.mix@edu.tbz.ch"|"SkXbSG-sRXxN5-&z01kD"
"clea.ollett@edu.tbz.ch"|"sN%$cl-VNyxvf-OOE%FI"
"leandre.mcgavin@edu.tbz.ch"|"lP%naR-WICA@&-IDD4fo"
"cecile.behne@edu.tbz.ch"|"6mSeB5-HJrGQ@-JKbB%v"
"melanie.polle@edu.tbz.ch"|"wbyrO4-Z1FKjr-vU3qrj"
"marie-josee.titmuss@edu.tbz.ch"|"wLRDqE-XkYjLQ-B5@I9Y"
"helena.guest@edu.tbz.ch"|"AeRd#f-qT4ayJ-0p%5@7"
"annotes.chicchetto@edu.tbz.ch"|"q&VezD-ONuZqI-pSftRQ"
"melia.tubb@edu.tbz.ch"|"t$xmHS-2LqEDt-2oi65&"
"angelique.casetti@edu.tbz.ch"|"2b4ZBI-%e87iU-wP%tHC"
"cunegonde.cleall@edu.tbz.ch"|"j8PXp$-JJjorT-3vm03Q"
"camelia.oaker@edu.tbz.ch"|"QsaQii-Xn6e3m-JjZcIs"
"you.searight@edu.tbz.ch"|"k5eJYL-ttbTUK-Eq#kCv"
"kevina.dederick@edu.tbz.ch"|"g4lkpU-ZsxGe$-aD%U5n"
"milena.jeffrey@edu.tbz.ch"|"4@lELV-2zRoK@-kRgt81"
"melodie.barkshire@edu.tbz.ch"|"DHCE22-3@uIiS-SPOBNV"
"gaelle.kreutzer@edu.tbz.ch"|"EXhbw&-g1yNHW-YqX4y%"
"kalliste.kleinpeltz@edu.tbz.ch"|"0@TbTa-3t2m$T-ZuzD8L"
"clementine.danat@edu.tbz.ch"|"3MYyJj-Yqi3hD-1umAvb"
"andrea.wabb@edu.tbz.ch"|"nniUiX-RdqtyK-$gEsII"
"geraldine.piesold@edu.tbz.ch"|"c#Em4x-iyBMK&-ac1NGK"
"tan.fiveash@edu.tbz.ch"|"y7Xhe#-FEtqmg-UB6ftz"
"meline.yuranovev@edu.tbz.ch"|"%9Dtw&-&RBCKx-CzPoG0"
"therese.holme@edu.tbz.ch"|"jR0SBY-HXsfKk-XUAmQT"
"salome.vaney@edu.tbz.ch"|"a&qXRf-T5r8y8-BAgjo3"
"anae.abramson@edu.tbz.ch"|"yDvubn-GqggSE-MZSWFS"
"kalliste.jimson@edu.tbz.ch"|"2xoLNI-KjYgm8-z&n46a"
"selene.yole@edu.tbz.ch"|"q@GYoO-v3qW##-2FHXfd"
"agnes.defraine@edu.tbz.ch"|"2ov5Mx-JwIGKy-i%gSAb"
"faites.mccluin@edu.tbz.ch"|"KNASO0-jo73Mb-SAs&lN"
"athena.deme@edu.tbz.ch"|"WSA7DP-aXxOpg-Lw#jD8"
"daphnee.brigstock@edu.tbz.ch"|"J6pYSN-H9wd9c-$YEXIC"
"goesta.skaif@edu.tbz.ch"|"c2pjic-bM16oq-%jvRTJ"
"oceane.jagoe@edu.tbz.ch"|"2HNLoA-QaDXRk-0N10AB"
"annotes.broomhall@edu.tbz.ch"|"xdNrNG-10eIMI-DulCnx"
"marie-eve.ballendine@edu.tbz.ch"|"Uy9pWl-BeBu9%-Fa$kb9"
"melina.spykings@edu.tbz.ch"|"&LR#WH-i6lljM-vgCxY2"
"laurene.ticehurst@edu.tbz.ch"|"z7CwP9-L#1iW3-2hi4RQ"
"fei.avramovic@edu.tbz.ch"|"tNN4U1-@P33aY-6Azp9v"
"publicite.strathearn@edu.tbz.ch"|"Gsl21k-rlang$-S94e7&"
"torbjoern.garrow@edu.tbz.ch"|"Eq4bZl-JiXecR-6yresE"
"chloe.rubinsztein@edu.tbz.ch"|"gbPmfT-cvb0Lb-@YIabr"
"mylene.demanche@edu.tbz.ch"|"n73iE%-F#BRvE-0q8MhL"
"mediamass.godlonton@edu.tbz.ch"|"Guihnq-htPcke-VBdPq5"
"renee.shurrocks@edu.tbz.ch"|"zbb152-@5LZKh-BD$awx"
"maiwenn.jedras@edu.tbz.ch"|"v%OEEv-Nswp$D-&6sUOM"
"genevieve.castells@edu.tbz.ch"|"EQCSpF-P4DOTs-CrRcXa"
"renee.sneden@edu.tbz.ch"|"mAIOrh-hb&Jzk-jcyRtz"
"lai.mccallion@edu.tbz.ch"|"XpQyaZ-K#ggVi-r7dh%E"
"kevina.impleton@edu.tbz.ch"|"je5NYg-IUgNv6-f6mFBX"
"oesten.fresson@edu.tbz.ch"|"Q5KIC#-fLo1Pb-Cm0P0t"
"verane.shawley@edu.tbz.ch"|"a9m3@U-BYlpvE-aLQsaE"
"uo.sjostrom@edu.tbz.ch"|"UEKgFh-OW3SS7-3GDy5N"
"gisele.gothup@edu.tbz.ch"|"k@2rv$-kOBeWE-I3EauT"
"renee.beauman@edu.tbz.ch"|"Vbv51r-x#cEH3-a&j1H8"
"elies.loton@edu.tbz.ch"|"xt0moJ-k5SBqf-GExP#U"
"valerie.elsmore@edu.tbz.ch"|"UFJy1u-Axm5UP-9hUnYh"
"berangere.delafeld@edu.tbz.ch"|"UeaW9u-F$nX5g-xwltC7"
"bjoern.schimke@edu.tbz.ch"|"CZhaU6-bRCeYe-hVa6I5"
"loic.ericssen@edu.tbz.ch"|"j#40Uv-&fS2CW-v@jKdW"
"creez.richarz@edu.tbz.ch"|"VF58Lx-sZ8ugK-zDyiuX"
"athena.grocott@edu.tbz.ch"|"nqg2PU-76UJvj-N6k%lR"
"naelle.piotr@edu.tbz.ch"|"koKRLO-P9k9AQ-PWiNXj"
"maella.paulson@edu.tbz.ch"|"icTiTg-VCNe6f-wNkCsV"
"song.perot@edu.tbz.ch"|"uQNBJ2-x7gkPg-HU5zP1"
"kalliste.heckney@edu.tbz.ch"|"EaMZXi-ztk&&Y-Iatct&"
"ake.vasyutkin@edu.tbz.ch"|"l29c8h-2bVy77-ehT5zh"
"ma.castles@edu.tbz.ch"|"7m4PGk-x2h7b6-d1dK0P"
"maely.monget@edu.tbz.ch"|"xZClgi-CfbuMT-Ea45VN"
"tang.durbridge@edu.tbz.ch"|"KcDXpg-oRT@1J-j2vYV8"
"laurene.andrew@edu.tbz.ch"|"AZWJkf-ZREYv6-6b45rO"
"lysea.beacon@edu.tbz.ch"|"JUDoCM-Q%4yrs-ywPU1&"
"leandre.peyntue@edu.tbz.ch"|"9#elNk-MfSipL-2tRrvW"
"rao.trever@edu.tbz.ch"|"CvTvea-rvgwW1-XS0Gke"
"mahelie.streader@edu.tbz.ch"|"Jvgxb2-I&Eemt-tSC%nn"
"maerta.andrejevic@edu.tbz.ch"|"qCJ06C-xHbWoP-TcZsyL"
"goesta.tompkins@edu.tbz.ch"|"6$qBDR-t66owI-rNQu@R"
"helena.agates@edu.tbz.ch"|"mGL$Gz-r9oP6o-#g8Sp0"
"therese.glass@edu.tbz.ch"|"uu78@N-JE@zzb-&b%kp%"
"alois.foan@edu.tbz.ch"|"rYYfIV-Y9g2C$-h8dQWw"
"becassine.melchior@edu.tbz.ch"|"WDKJvE-3YgNjV-YjHOj6"
"cloe.robart@edu.tbz.ch"|"ZrmV$0-z3jfnS-3g4NZK"
"daniele.puckinghorne@edu.tbz.ch"|"sD$yRl-IhaEjA-LVuAwH"
"selene.cammidge@edu.tbz.ch"|"RNdsXf-pJ0vdr-UOTyHG"
"regine.conochie@edu.tbz.ch"|"stN&36-41MY0W-uL@e4Z"
"interessant.tuiller@edu.tbz.ch"|"hl&%Fp-r@RH@g-d%4IV7"
"long.tiebe@edu.tbz.ch"|"SXwnrx-96ZWCc-6Fvner"
"mans.yele@edu.tbz.ch"|"P5ewPO-DWUD1c-Ky3LK2"
"ai.giles@edu.tbz.ch"|"dao1vz-gjCgYL-90yEAX"
"gaetane.hamberston@edu.tbz.ch"|"i1JmfJ-A@NG&u-lwyzgu"
"marylene.fenix@edu.tbz.ch"|"D&uhz6-cRwgV4-@L#H33"
"geraldine.graeme@edu.tbz.ch"|"Ek5oSH-Jk7wAI-e3Owcq"
"tang.kinglake@edu.tbz.ch"|"FiaHAo-kuUVj3-4xc2HO"
"lai.challoner@edu.tbz.ch"|"FO9SB7-2h0wGR-JXD#q#"
"desiree.mattei@edu.tbz.ch"|"Jc1HN6-yYxegw-@7Cv#n"
"ake.erley@edu.tbz.ch"|"ZsXdoQ-&6p&Za-LYU@kX"
"edmee.cavil@edu.tbz.ch"|"98neXO-OFkG#h-DGPC#Y"
"alois.moyes@edu.tbz.ch"|"P1bIJ5-oplKjV-comDxZ"
"becassine.pitman@edu.tbz.ch"|"v7@1yT-vNmAdO-0cw@lU"
"ai.giacovelli@edu.tbz.ch"|"gVgDSm-P%E87w-gBU$Z7"
"judicael.fruchter@edu.tbz.ch"|"o3sIQm-DEaTYK-VuE@QX"
"mans.mogg@edu.tbz.ch"|"K8GwJb-Xfup1p-A@V0ty"
"gerald.foyle@edu.tbz.ch"|"4FAgqO-C0PQac-SZ2vNU"
"wa.androletti@edu.tbz.ch"|"5q6$@V-ImurmO-F7sjKG"
"meng.ollett@edu.tbz.ch"|"Cuv2Uf-Q1@W57-ZdtGYd"
"naelle.macmenamy@edu.tbz.ch"|"cKm#q$-f0keQI-5vy3BJ"
"gisele.mcramsey@edu.tbz.ch"|"kUUHRQ-t0w97J-zIepr3"
"meryl.scolts@edu.tbz.ch"|"8r7Yvk-i9cHOV-XmltJV"
"celia.bloxsome@edu.tbz.ch"|"szZuUF-YPzx3h-DUs7CK"
"styrbjoern.stuke@edu.tbz.ch"|"MOv%Q9-fnYn4K-M&knPK"
"felicie.gwilliam@edu.tbz.ch"|"wIVabK-4TA&4s-tzJtlN"
"da.harms@edu.tbz.ch"|"5KYlGk-pnrtZu-VxOnv%"
"celestine.baulk@edu.tbz.ch"|"T0F08s-oOuNw8-dXk8#p"
"mahelie.blackledge@edu.tbz.ch"|"%lofWI-KEN4zT-KD2FSw"
"meghane.salt@edu.tbz.ch"|"QWZdY3-2d7hwC-&TWXNQ"
"methode.paxeford@edu.tbz.ch"|"UR6912-ayZPrA-roOBFP"
"asloeg.milligan@edu.tbz.ch"|"raNlS3-8bFusA-0iLHvS"
"you.pellman@edu.tbz.ch"|"nKN9P#-YW3A6a-7NXZEI"
"loic.regenhardt@edu.tbz.ch"|"ILFmk4-Us%P$F-KIyhRr"
"daniele.savill@edu.tbz.ch"|"H8svfx-oowo9$-UqQ6KI"
"alois.cornu@edu.tbz.ch"|"WzvgDg-mryJSy-@qmU7U"
"oesten.govey@edu.tbz.ch"|"KJXXBh-2NsUg&-FpWVr4"
"marie-eve.louch@edu.tbz.ch"|"z0YZ8y-sVgpKd-R0ktmP"
"theresa.wenn@edu.tbz.ch"|"zzyE88-15SnI9-th90RQ"
"andree.eul@edu.tbz.ch"|"inD$IS-XEupl&-NAHXdn"
"lie.paynton@edu.tbz.ch"|"1rdqe$-PJbLej-RX@CMK"
"marie-eve.girodier@edu.tbz.ch"|"uN#o1M-ib%Fqc-FHf$gI"
"marie-noel.smithe@edu.tbz.ch"|"%mzozq-wernIW-GgxeEY"
"men.bootyman@edu.tbz.ch"|"wihmY#-PTILun-2f2qTF"
"ku.sugg@edu.tbz.ch"|"tdw8aZ-S4o2uf-ApLGee"
"lucrece.roseman@edu.tbz.ch"|"BrDGIJ-E9Da0J-0PTj4K"
"zoe.annear@edu.tbz.ch"|"mW7yH&-E%3h0y-bdRprw"
"marie-helene.rennebach@edu.tbz.ch"|"1#o@Rf-7oR&DG-AapfI%"
"lea.djurdjevic@edu.tbz.ch"|"8OyWjW-HRevBD-3vk@rT"
"goerel.robert@edu.tbz.ch"|"26uzTm-fJoE2Z-HUckno"
"mylene.foldes@edu.tbz.ch"|"gA3ZiA-vmtFhu-uI3R3a"
"faites.clegg@edu.tbz.ch"|"ApoHLz-3hZw3L-2ivVGB"
"marylene.crowcher@edu.tbz.ch"|"$GROJ%-0o8Kf%-tH#73Q"
"aimee.wimpeney@edu.tbz.ch"|"UZRls&-59CTcY-bLvg$N"
"renee.atkins@edu.tbz.ch"|"DZ6%qw-lRrgm@-iZkr0C"
"rejane.cainey@edu.tbz.ch"|"66CEiS-aGKIYo-cNG2R3"
"solene.britney@edu.tbz.ch"|"Dv7&Qf-66eq#H-wQQvf#"
"marten.shatliffe@edu.tbz.ch"|"MXzHg#-ST6mig-0TsaUT"
"maite.issatt@edu.tbz.ch"|"dL$&h@-aVu2ln-WR9eau"
"maelyss.edon@edu.tbz.ch"|"Qre6oR-ZdHAwP-cIfvZA"
"nuo.bamling@edu.tbz.ch"|"Kd2BgK-I@5kjY-s5NKNB"
"anais.edards@edu.tbz.ch"|"4&Fdtf-%Tk2sa-AfqbJ5"
"mediamass.bromet@edu.tbz.ch"|"sbZ9Os-Wd$Z1o-HB9TPq"
"beatrice.kimbrey@edu.tbz.ch"|"aEFYsb-yLLsUV-cDGW$@"
"ines.lawranson@edu.tbz.ch"|"0NFU40-FV$Ao5-&TEo0T"
"kalliste.scandroot@edu.tbz.ch"|"dblySW-#ufmSq-futxC9"
"mans.barrowcliffe@edu.tbz.ch"|"ALPkim-eTiFcb-TfiWxT"
"irene.couves@edu.tbz.ch"|"ir3xaD-NbU%MS-zWCirW"
"milena.mucci@edu.tbz.ch"|"JO$qHe-oa%IJ9-z6y0YZ"
"naeva.cow@edu.tbz.ch"|"pi93j7-klfwcn-kdpjLb"
"audreanne.mournian@edu.tbz.ch"|"erUTLy-90Etc&-WpGNfJ"
"melia.sinnatt@edu.tbz.ch"|"RxZ634-vAsFwC-UD%ZLp"
"nelie.burnard@edu.tbz.ch"|"8ZM#HE-g&5spU-ue0hmR"
"clelia.ashfull@edu.tbz.ch"|"pIEhcW-H8QRss-9UwOdu"
"lie.macard@edu.tbz.ch"|"M3eS8@-aVy#RZ-n4Yf3f"
"valerie.matoshin@edu.tbz.ch"|"2D0usM-k5zVjO-kR2Df7"
"anael.hatherleigh@edu.tbz.ch"|"SOGwjA-04$CgP-d53cM1"
"interessant.warratt@edu.tbz.ch"|"F#qMKD-iT#0yL-EEBhW$"
"eleonore.volage@edu.tbz.ch"|"864NWS-3sCaQE-88PcDD"
"zoe.stebbing@edu.tbz.ch"|"z#7jZ0-7@Hl@7-USeDUT"
"alizee.nye@edu.tbz.ch"|"JnFVhr-mty1#m-#%7445"
"celestine.bramley@edu.tbz.ch"|"bLZE@P-eSY$bw-%7cNM2"
"selene.philcott@edu.tbz.ch"|"4FQ$V9-4RiHB6-jbaB#$"
"tang.newens@edu.tbz.ch"|"cCSeDb-wsyAS%-yYZu%k"
"annotes.powys@edu.tbz.ch"|"1vClzF-%$d6lH-lu165F"
"lea.matthesius@edu.tbz.ch"|"$eDF8K-aQP$WP-VKFxJ4"
"illustree.garlett@edu.tbz.ch"|"aEZ#mT-SpY7%V-VO09Vc"
"maiwenn.meachem@edu.tbz.ch"|"tvCSOE-&&7#WY-THidcB"
"marie-francoise.mcbrady@edu.tbz.ch"|"riZF91-L2#JVc-E8dO75"
"illustree.gimbart@edu.tbz.ch"|"JsfJ4@-MWkklh-1njFf%"
"melys.lyosik@edu.tbz.ch"|"roQpuW-QPv$Dc-Y%AjVH"
"marylene.mcnab@edu.tbz.ch"|"vU8@Cq-dqGdnQ-XSPk62"
"gerald.blount@edu.tbz.ch"|"Pm30Dc-bQFMvM-KIR5ph"
"clelia.shakelade@edu.tbz.ch"|"NyHa1f-H0cEG$-waM7AT"
"penelope.cridlin@edu.tbz.ch"|"z1toT&-#ONK8n-sJ%1IX"
"maena.okuddyhy@edu.tbz.ch"|"mKJhMc-OwN9&H-oaw9lM"
"athena.keynd@edu.tbz.ch"|"dw%m6%-CA@2k1-e60kRH"
"cloe.dwine@edu.tbz.ch"|"@w1rdI-F4eiYr-vFgKou"
"josephine.browett@edu.tbz.ch"|"oiiFcz-e3T&EQ-0Qz7A5"
"audreanne.oscanlon@edu.tbz.ch"|"NAOQ@Q-2gBxrQ-@1KuQK"
"fei.jeanequin@edu.tbz.ch"|"XcYNwn-V3aVod-SQMXpE"
"lois.gormally@edu.tbz.ch"|"ePDlgM-m8PoIH-kAr&fx"
"marie-francoise.finnigan@edu.tbz.ch"|"Makfu$-lJTHMd-ByBCus"
"leonore.trussman@edu.tbz.ch"|"IBg$#G-N4OV3L-$aUKXD"
"anaelle.trumper@edu.tbz.ch"|"MOhkeP-VFyad&-MY7Oft"
"clemence.dionis@edu.tbz.ch"|"gortlH-ehalj6-K7K$#I"
"lois.tranmer@edu.tbz.ch"|"K9YB%N-y@h8tj-nF0Kk1"
"interessant.volett@edu.tbz.ch"|"aPwAih-sUVAls-NY7#2D"
"personnalisee.deackes@edu.tbz.ch"|"r3NMwI-Ojy0Mb-Vh4P6F"
"lie.vasiliu@edu.tbz.ch"|"hiZGt0-elJkX&-Fo2Wii"
"dafnee.lamputt@edu.tbz.ch"|"GlyYsa-IL9SXy-um%Epv"
"elies.bromige@edu.tbz.ch"|"ScN9uO-VdWW2d-d3a@Qq"
"helena.klosser@edu.tbz.ch"|"jqi%WJ-vPTKCe-1jirn3"
"andree.grim@edu.tbz.ch"|"QlBjty-pizav@-dZVDqW"
"verane.coldbath@edu.tbz.ch"|"$wV35i-HAGDfU-jp2qMO"
"helena.bethell@edu.tbz.ch"|"oijKBs-xXpXYg-b5tJPm"
"kalliste.carefull@edu.tbz.ch"|"5HYAZp-J9#UoG-g@pZAT"
"regine.odams@edu.tbz.ch"|"WOFMi9-8TXFpf-KoKOPP"
"len.stannus@edu.tbz.ch"|"gfke@g-mErTXd-bgBbFE"
"angelique.works@edu.tbz.ch"|"fGXaQq-Wg4DtN-o0CGMA"
"goesta.rheaume@edu.tbz.ch"|"ke08&y-fUl1cg-kWSDnk"
"maelys.tynnan@edu.tbz.ch"|"uLRabb-rFCos3-9Jm2SL"
"maelle.carlesi@edu.tbz.ch"|"cD7uCe-fQ9LXS-tU9bv@"
"anael.spurden@edu.tbz.ch"|"gE$381-ZugUyj-w3&hpg"
"helene.pumfrett@edu.tbz.ch"|"2@4Ksx-KfZ&KX-mIxreX"
"goerel.pearn@edu.tbz.ch"|"fYc%Bn-c%QxTD-MkGkjO"
"laurelie.dezamora@edu.tbz.ch"|"T5snGm-LR$jtt-jKO4b3"
"yao.twidale@edu.tbz.ch"|"tBItz%-maO1DR-IGSxkY"
"berengere.sola@edu.tbz.ch"|"Jd&QvS-uFt9tI-U4tHkQ"
"maelann.hardistry@edu.tbz.ch"|"ZaQXf4-b5tAIy-hHTb%N"
"severine.littlefield@edu.tbz.ch"|"D6$8wD-NaStOj-59Jm6O"
"salome.heinl@edu.tbz.ch"|"WoRo00-BfXA$E-ZGaBIB"
"meryl.warbey@edu.tbz.ch"|"YmiWax-7rR6dq-hg8uL8"
"da.hunstone@edu.tbz.ch"|"TU0gpU-NeElF4-f$wxWR"
"venus.broadbury@edu.tbz.ch"|"15IkP%-#plMR#-Fz1dw2"
"meghane.rentelll@edu.tbz.ch"|"MOC1mt-9z8m@i-hSUlk8"
"marylene.drewitt@edu.tbz.ch"|"PfVz9n-WrqD5q-%iY72q"
"melinda.jacquemet@edu.tbz.ch"|"w3PKgN-gERnEl-H%MXKR"
"marie-josee.keyden@edu.tbz.ch"|"g#QWDB-mZhGzR-9YZhSL"
"asloeg.montacute@edu.tbz.ch"|"0NYwNJ-UUK#5A-WmnXnr"
"ku.andreou@edu.tbz.ch"|"7rlP1X-7EgGxM-cHa23B"
"personnalisee.feaveer@edu.tbz.ch"|"51nKxm-r3G%Rv-rGek&q"
"laila.emptage@edu.tbz.ch"|"&@5sXC-7LhWTU-kD7@c&"
"bjoern.dawdry@edu.tbz.ch"|"dwjda5-qdV7ru-uAEl2i"
"marie-eve.dinsell@edu.tbz.ch"|"sHgMmp-w506mI-zlt#1P"
"helene.follett@edu.tbz.ch"|"rzMs4W-TxIZ$v-BtvFc1"
"penelope.cordero@edu.tbz.ch"|"KRnoXV-b8Jgan-2roN@p"
"boerje.beedell@edu.tbz.ch"|"DtUAhH-o2b22E-WGtqX3"
"nelie.ferne@edu.tbz.ch"|"T3uHxa-#Nuag$-ut46h&"
"celine.ahmed@edu.tbz.ch"|"ZyvwCK-sA@og&-Xqeqyx"
"stevina.pimblett@edu.tbz.ch"|"G6nqKA-a6iad6-VIe5QH"
"chloe.langlands@edu.tbz.ch"|"Hd5LZF-Zar$w9-bCHO86"
"simplifies.maude@edu.tbz.ch"|"Ms6slQ-lLOh#l-&NxSL7"
"genevieve.decarteret@edu.tbz.ch"|"JqpySR-eHkw0v-AZ920b"
"marylene.mughal@edu.tbz.ch"|"rQNUU@-twNi4p-Q#3PVJ"
"goeran.guttridge@edu.tbz.ch"|"o#&x0%-cdzXGY-CJZSxv"
"michele.smurfitt@edu.tbz.ch"|"%21IMf-jMPTJv-oOeUXx"
"methode.hadeke@edu.tbz.ch"|"arNu1O-#ElWp#-lXCFGX"
"therese.rispine@edu.tbz.ch"|"crunmS-7lwAgV-jAZaHG"
"goerel.plumley@edu.tbz.ch"|"3byU8O-kM9RLp-jpM81J"
"oceane.friett@edu.tbz.ch"|"odpGXR-t$BvVm-aPB16u"
"marie-noel.achromov@edu.tbz.ch"|"%RhLz6-3x%x7H-My#PmC"
"dorothee.storek@edu.tbz.ch"|"FbCt73-$Rr2qL-WNPPq&"
"goesta.whittle@edu.tbz.ch"|"BzF%6v-m8SZMh-wTPxcl"
"desiree.casely@edu.tbz.ch"|"KZHeBm-HVV5YD-xGaL5E"
"felicie.condon@edu.tbz.ch"|"#aaUZD-K9hZft-$WfNRo"
"maelyss.frisdick@edu.tbz.ch"|"P8NcXX-lhPCkl-ryAO@P"
"aimee.banke@edu.tbz.ch"|"vV6g4N-VnaevF-7QhLfB"
"naeva.hodcroft@edu.tbz.ch"|"wkm6v4-j&Ij27-G6B&T7"
"laila.gerrans@edu.tbz.ch"|"@Ewg97-W9V%gW-n2O0NI"
"daniele.scrimshire@edu.tbz.ch"|"SBalBk-s5c$ef-&64L50"
"daphnee.sheerin@edu.tbz.ch"|"bARiDq-zGbPjM-@YRJoA"
"pal.vanyukov@edu.tbz.ch"|"PZ4%&w-tQfZYz-0mYyJI"
"zoe.childs@edu.tbz.ch"|"gTDxnE-#z1d8h-B4bwEc"
"ai.corde@edu.tbz.ch"|"QWBWhK-zzY#U7-ntstcV"
"maelys.berryann@edu.tbz.ch"|"ngV8&w-sxbU3z-F70T7K"
"cloe.gladding@edu.tbz.ch"|"&m&1QX-TRFr%J-r0NNq0"
"wa.kinnaird@edu.tbz.ch"|"7kvX2i-tl$I66-2dnm$e"
"publicite.brittoner@edu.tbz.ch"|"Ni@PNE-i6UBTc-oDL4yL"
"rao.windress@edu.tbz.ch"|"S9YUR@-E#QW9s-f&4g#T"
"uo.kollach@edu.tbz.ch"|"di9DvS-@8jrGM-xO7FnF"
"josee.peskett@edu.tbz.ch"|"G4ijm0-2FJXAy-NLc76z"
"annotee.hasel@edu.tbz.ch"|"ABRYob-@qkFmf-eYw&rv"
"cinema.lee@edu.tbz.ch"|"gqwhnf-I7LEL3-M@umbI"
"lai.vedeshkin@edu.tbz.ch"|"vJyxpA-X7IsLJ-g&gnmm"
"renee.brisbane@edu.tbz.ch"|"GfLb9E-xV6R2g-0Xc5Bo"
"ophelie.blincoe@edu.tbz.ch"|"I8$yIH-vm$S&2-v2XVTo"
"zhi.prazor@edu.tbz.ch"|"6G8JH2-YfwReD-NOdE8p"
"annotee.maddicks@edu.tbz.ch"|"KsIagI-&iw1uq-mPRlrN"
"maelyss.codd@edu.tbz.ch"|"6ywK0w-0vdRSA-DOEQou"
"celia.peplay@edu.tbz.ch"|"#muss4-IZdvj&-dii3ji"
"interessant.skone@edu.tbz.ch"|"KC%x4Y-aejhYL-fqzJpA"
"audreanne.hebdon@edu.tbz.ch"|"pA7LnG-$g1Z&S-rz$u03"
"oceane.glen@edu.tbz.ch"|"U%z5g5-ZAwz%z-0VvM6q"
"daniele.vanyushkin@edu.tbz.ch"|"ABnUog-EkrJpo-NzSx8&"
"daphnee.ayce@edu.tbz.ch"|"ysTBh%-#&RSC1-DcR2BE"
"andrea.attride@edu.tbz.ch"|"prDrCN-EMmRCg-WPywO@"
"penelope.bridgwood@edu.tbz.ch"|"1EFf38-5NDr7E-Uw%Nbm"
"mailis.drewitt@edu.tbz.ch"|"xX16Ew-jUVUe1-jHC%%b"
"penelope.mollene@edu.tbz.ch"|"fSzPbP-knFLRi-8iMZs0"
"illustree.keely@edu.tbz.ch"|"g&N$s&-CsoRMc-cSpxMp"
"meng.brisseau@edu.tbz.ch"|"1YX2Wz-toM7YQ-BSVe5B"
"ruo.cleiment@edu.tbz.ch"|"kkCzdo-TVRPhU-yGS$6G"
"maite.krammer@edu.tbz.ch"|"WTfk7R-x0uBmW-XYLbI3"
"genevieve.verry@edu.tbz.ch"|"X%i@rZ-sl%$f4-WtZZXT"
"lea.olochan@edu.tbz.ch"|"YMD7gl-BCmy9P-ev8nq7"
"naelle.brunnen@edu.tbz.ch"|"mWkRPK-6rAUPs-Aa5AJ4"
"goesta.bragginton@edu.tbz.ch"|"BL6Pxb-%Hyj%E-MWpSCy"
"fei.danilyuk@edu.tbz.ch"|"BBQGp5-gNOIG6-4jP2E$"
"adelie.turbitt@edu.tbz.ch"|"p$j5oi-2W&&bl-us%tgj"
"marylene.nutman@edu.tbz.ch"|"tD$aNs-wnTp@I-Z@&@CV"
"therese.barbrick@edu.tbz.ch"|"6pNKNx-HTg0rv-YeZ6vi"
"melys.kolodziej@edu.tbz.ch"|"QFgp&b-0FuPFR-s#ODQh"
"melanie.runchman@edu.tbz.ch"|"6smumS-EMJ#tr-3pwdJq"
"serena.lafond@edu.tbz.ch"|"TptYF0-@5Ls$r-xt8LVa"
"pelagie.desmond@edu.tbz.ch"|"ljbeg8-Os5cEG-5m4inG"
"wa.spickett@edu.tbz.ch"|"OUd6e0-QUrgXc-12S03K"
"po.shave@edu.tbz.ch"|"wfcO$$-M83%Dm-FVUy2W"
"song.huikerby@edu.tbz.ch"|"Y$VbKw-3ByD5t-tgzYDz"
"melinda.bimson@edu.tbz.ch"|"6tSdfO-CKklgy-CyV$xw"
"personnalisee.toffanelli@edu.tbz.ch"|"im3VSl-vnF#zR-R%U4d4"
"leandre.hurn@edu.tbz.ch"|"m0kJJq-hePqtG-nLl1QE"
"oesten.standell@edu.tbz.ch"|"aSH$eb-QqYLPC-om6OPo"
"naelle.smaleman@edu.tbz.ch"|"qla2rC-FaQDWT-@X&vgc"
"berenice.tayt@edu.tbz.ch"|"tMyo6I-xtEsV@-dIEfGT"
"kui.popplewell@edu.tbz.ch"|"ptC4CG-%tDtRR-2YJn2x"
"melodie.ferandez@edu.tbz.ch"|"5liHSY-$Vo7We-xKjG3C"
"josee.negal@edu.tbz.ch"|"j1UgB#-#wX83r-Yj$H#d"
"melissandre.ferrelli@edu.tbz.ch"|"e69XM@-dAyz#x-jm2qCX"
"josephine.kemmer@edu.tbz.ch"|"IMtH$K-NxFN16-DYU5de"
"maely.cayette@edu.tbz.ch"|"@NMJA0-Z5PU&V-EDa1M%"
"nelie.vela@edu.tbz.ch"|"q7qUQS-Yg$APV-ExcDko"
"melina.cortes@edu.tbz.ch"|"XSVJr5-6TufYH-EEDb4F"
"megane.leyshon@edu.tbz.ch"|"@DinI5-ds32lX-L&Yya&"
"regine.harrie@edu.tbz.ch"|"G$uO9Y-SW4qWt-JYqLVZ"
"mylene.widdison@edu.tbz.ch"|"pjDgmD-L3IaMg-2$LLtX"
"pelagie.vivash@edu.tbz.ch"|"ZgOmg6-pp%pZe-F530of"
"styrbjoern.vicarey@edu.tbz.ch"|"AbrCbZ-#bk8Zp-2qEWi6"
"long.kyles@edu.tbz.ch"|"S7b0VL-4M&4am-Y#wREN"
"stephanie.gipps@edu.tbz.ch"|"voXuYk-@vlQyq-9SMmDZ"
"clea.constantine@edu.tbz.ch"|"3GJ2mr-8nvUFF-@JIOkT"
"maella.cometto@edu.tbz.ch"|"R%uA6Y-j$MvEo-F$XKLk"
"laila.aubrun@edu.tbz.ch"|"DJXI#M-w$V@PM-TiHUVb"
"yao.austins@edu.tbz.ch"|"RTO%S6-7tDKlW-4Rnr87"
"mailys.rylstone@edu.tbz.ch"|"kRtETA-KZaVN9-xLBhLo"
"adelie.curuclis@edu.tbz.ch"|"BVmTbE-mk7S9y-%zo425"
"celine.longhurst@edu.tbz.ch"|"GwuzMW-u8tC4Q-cP#WPU"
"gisele.hazell@edu.tbz.ch"|"2%Hk&p-2b3&xN-RCnaPX"
"celestine.ciccone@edu.tbz.ch"|"4lGgnm-VHiITU-rx3xNx"
"maelyss.doole@edu.tbz.ch"|"171HBV-$B%Sgy-PP&xgw"
"helene.grimsdike@edu.tbz.ch"|"OeBsDj-wYl6CQ-%G&Li5"
"lie.macer@edu.tbz.ch"|"JxvXMF-CexrZF-pLRG#C"
"maely.izard@edu.tbz.ch"|"AiorHD-QWgBEH-MZg$aL"
"erwei.breewood@edu.tbz.ch"|"cGNWOs-xqJ0uC-64aEok"
"chloe.woolford@edu.tbz.ch"|"AcgJU0-dn9gIe-uCNDSn"
"cleopatre.turpin@edu.tbz.ch"|"39$4hE-31g$2b-gschLT"
"melodie.surgison@edu.tbz.ch"|"QbJcXJ-p14jq1-$xuk9G"
"elies.leander@edu.tbz.ch"|"p5o1a%-#tiMSU-#%c9nT"
"mediamass.reignould@edu.tbz.ch"|"O@KVmb-hz&ggo-FHQ@z$"
"celestine.wasmuth@edu.tbz.ch"|"BPm%mk-a&kgHP-M5NC%j"
"marten.jervis@edu.tbz.ch"|"DPUAcU-DVtd9L-tAAdS0"
"daphnee.bour@edu.tbz.ch"|"#1SoBO-5HoMgk-Z&sB08"
"regine.harlett@edu.tbz.ch"|"anlraM-s%kJ%M-yxiDML"
"noemie.macaskie@edu.tbz.ch"|"FlAECC-N3CrDG-l5X@rf"
"loic.renfield@edu.tbz.ch"|"$gUkDB-aBXPfT-FyPZBl"
"venus.kleinert@edu.tbz.ch"|"5&SYds-j%J@tL-L51vUi"
"marten.burlay@edu.tbz.ch"|"cKYamz-OGT6He-tNcG61"
"berengere.radsdale@edu.tbz.ch"|"Qi#d$e-7I4bvx-&4XsdY"
"genevieve.duckit@edu.tbz.ch"|"w2#uYA-aLDj4D-vSSP1r"
"maely.ligerton@edu.tbz.ch"|"sJD#9s-hrdRFZ-F#n5t0"
"maeline.ricciardelli@edu.tbz.ch"|"CcgpSS-SH2H9h-csI&gO"
"personnalisee.yggo@edu.tbz.ch"|"Xg%@&K-l956$k-xhawru"
"alizee.pettinger@edu.tbz.ch"|"29uYBx-@#Ev0B-4fmyLf"
"desiree.curnnokk@edu.tbz.ch"|"P0ycFo-mz7glq-awzB34"
"dorothee.minors@edu.tbz.ch"|"Pw6Jll-7i9Mzl-uDF%2n"
"oceanne.kopmann@edu.tbz.ch"|"3GVvVe-BL7kST-Sa@SFx"
"almerinda.brodbin@edu.tbz.ch"|"Qe0b3&-YnrtIq-g0#7Jd"
"yenora.carsberg@edu.tbz.ch"|"XaxzT2-GL%PM8-4s42SI"
"wa.beetles@edu.tbz.ch"|"wM7bEY-qgioZx-zaWJYE"
"audreanne.abbot@edu.tbz.ch"|"eoDom0-%9V0ZW-R#JszY"
"noemie.capper@edu.tbz.ch"|"TqNb1C-y6h1Tc-TFasjU"
"mans.abramamov@edu.tbz.ch"|"B%BrCf-mu7bHd-%pRyp8"
"audreanne.blakey@edu.tbz.ch"|"KUyPQt-VNR6KB-ve2$Wc"
"leone.klimpke@edu.tbz.ch"|"wWzPRM-G$N%j7-@ferqs"
"lie.croston@edu.tbz.ch"|"7h8Rb0-YROgqW-xpFcpr"
"anaelle.baistow@edu.tbz.ch"|"ACnS#f-7K#8CI-sdQtJO"
"michele.garwood@edu.tbz.ch"|"tmZMKy-W9PCss-R$j6tJ"
"interessant.albion@edu.tbz.ch"|"BTKFte-@wCB&8-EaGkjs"
"andre.brisco@edu.tbz.ch"|"$YGihl-YCBiFs-mrNhV5"
"tang.totterdill@edu.tbz.ch"|"aYpRw5-E%S98z-GHr09g"
"marie-josee.braundt@edu.tbz.ch"|"SUGcK7-dZaz$U-LVcjHV"
"lois.galer@edu.tbz.ch"|"TEPP1i-t7a1GV-fLFd0Y"
"faites.pellamonuten@edu.tbz.ch"|"KF4uiE-C2wpNl-n5gBf3"
"mai.barfford@edu.tbz.ch"|"%fWfJf-bnuyxn-NP$%q1"
"laurene.macilory@edu.tbz.ch"|"sgQSer-7mUTCZ-z65BK3"
"elea.peak@edu.tbz.ch"|"WDeWzd-k@1v$o-60OMqk"
"rejane.doni@edu.tbz.ch"|"lpe#gN-vh5WxD-tbyyjk"
"mahelie.ector@edu.tbz.ch"|"mdIKD2-P58Py8-oUwaAk"
"rachele.allum@edu.tbz.ch"|"tCE7WP-%Kfuw%-fQMkII"
"laila.gerretsen@edu.tbz.ch"|"rC9nZb-fpuM#i-YWntMd"
"ines.bowman@edu.tbz.ch"|"Z5u#Ze-ase9P$-bO6hMI"
"publicite.barbary@edu.tbz.ch"|"RqZqiv-h31SZM-h647FQ"
"mailys.smooth@edu.tbz.ch"|"qzkhNH-@ivDSw-HnbQUp"
"mailis.huguenet@edu.tbz.ch"|"te&R%d-N@#PG5-SjRd2n"
"lea.ewer@edu.tbz.ch"|"sIkKkh-rrNh2B-o2knK&"
