"email"|"password"
"melodie.vandervlies@edu.tbz.ch"|"NUWB4X-GhSj$s-$aTZzP"
"angele.edgecumbe@edu.tbz.ch"|"UBk#BF-QqNRLN-XBA4#@"
"zhi.andreasson@edu.tbz.ch"|"Fxs2bS-VSmgJZ-xS2&VY"
"judicael.koppeck@edu.tbz.ch"|"FNfsJa-U1WQDf-wB2zBW"
"berengere.capron@edu.tbz.ch"|"1zkjCT-ntVHCa-mptEyO"
"leonie.brosini@edu.tbz.ch"|"ZulbwE-Xb87LZ-N26zmg"
"venus.garfit@edu.tbz.ch"|"OQzuVw-4mtFa5-5WYkKH"
"melina.janota@edu.tbz.ch"|"ac&j0B-z1YVxp-USkEGW"
"laurene.bake@edu.tbz.ch"|"Gn9jMH-6HLyEw-1q2wfp"
"regine.dorkins@edu.tbz.ch"|"Hv2XSo-yb4zIb-o9DaWx"
"cecile.moffet@edu.tbz.ch"|"WMzUSL-BmPq6V-TSnvj@"
"maelann.labrone@edu.tbz.ch"|"T2WGVB-@RlZ#6-8rAVR4"
"melinda.newbold@edu.tbz.ch"|"CU2Mca-bQRxJM-u3Xhw0"
"mans.itzhak@edu.tbz.ch"|"90R6u7-Al01KJ-lBJCjR"
"melodie.pattlel@edu.tbz.ch"|"lhBuf8-TVOZtY-G#VTbq"
"celine.bonett@edu.tbz.ch"|"XVVw#P-Q45rz#-GMdmGW"
"adelie.mcgreal@edu.tbz.ch"|"JQp8Nk-khYoVw-ncq5m4"
"helene.soldan@edu.tbz.ch"|"ueIkB5-Y8epdR-NGUs8f"
"michele.cluer@edu.tbz.ch"|"cSRD6B-Rxau9h-dQGDcj"
"maeline.mueller@edu.tbz.ch"|"H18QgG-$Y&2Dm-JImft#"
"maelann.benedito@edu.tbz.ch"|"q3%f5K-zD#yb8-HsKTo$"
"nuo.gransden@edu.tbz.ch"|"vrGe3Q-gyI#bH-MEgDyb"
"berengere.stainton@edu.tbz.ch"|"f%$I%Y-n6xI5J-5xzbXC"
"wa.sabater@edu.tbz.ch"|"QNa$9$-FNEgxF-K3KgTA"
"anais.cochran@edu.tbz.ch"|"WI3BQq-Tn#7V3-#Dzbzo"
"gerald.bessant@edu.tbz.ch"|"$wkOsh-J$kByD-b7nLI2"
"ruo.coffin@edu.tbz.ch"|"kJX&5V-&TZzlr-nRJqmE"
"melodie.mustill@edu.tbz.ch"|"89OCFg-5yDiM#-bPHEKy"
"ruo.stanesby@edu.tbz.ch"|"O1Gprz-8Z%sCt-n@DwkB"
"noemie.antognelli@edu.tbz.ch"|"MXOcAT-lk$X5K-AWyvMb"
"maelann.hughson@edu.tbz.ch"|"bF496$-X5Di&c-1$F%Gz"
"milena.mieville@edu.tbz.ch"|"yTYKdJ-fh#Rzn-vAQ95R"
"mailys.chamberlin@edu.tbz.ch"|"bj8nCO-x@OYft-ws%S9m"
"nadege.tomalin@edu.tbz.ch"|"#80ThZ-7NH&S0-Hi5Dpp"
"oceane.omara@edu.tbz.ch"|"7XsFoy-VjMF@C-tJ1sBQ"
"cecile.aguirrezabala@edu.tbz.ch"|"i&Ygm1-dz#0SK-CHfR9Y"
"maella.gwillim@edu.tbz.ch"|"5S#uoi-Kl#4gb-V#xhh$"
"lea.mcgahey@edu.tbz.ch"|"#wfAZa-&uJSD9-9jbs&c"
"laurene.hagerty@edu.tbz.ch"|"aNM6kr-nE1mYb-5#gvPz"
"dorothee.link@edu.tbz.ch"|"%zo8#z-AcZnV8-Rdzfn4"
"clementine.kynsey@edu.tbz.ch"|"0J$Sa3-fVqsP3-kClHkG"
"lorene.smitherman@edu.tbz.ch"|"JlztEG-AB7Pz$-P9FhmQ"
"cleopatre.klulicek@edu.tbz.ch"|"r&GU&W-&CL0dB-V39mIO"
"laurene.castaneda@edu.tbz.ch"|"DBqEj$-PUnggG-0FdH9d"
"melia.constant@edu.tbz.ch"|"q3wM@9-daXblY-AbIDAs"
"lucrece.clunie@edu.tbz.ch"|"2rSz8i-jnYIez-8ihcSN"
"eleonore.mcmurthy@edu.tbz.ch"|"WPHX91-%hSEmX-kFK6AU"
"melia.bevar@edu.tbz.ch"|"EKYV$s-meCV5F-EZ$KjG"
"camelia.bontine@edu.tbz.ch"|"vDbTBq-Yzocyk-0KBvJ6"
"methode.jozefczak@edu.tbz.ch"|"9VfKcb-uiittG-ns8bk9"
"audreanne.hinsche@edu.tbz.ch"|"@s8thD-t@BtX0-@d8rzc"
"andree.varne@edu.tbz.ch"|"OGRwCa-3wR90d-U$N#4F"
"marten.kinleyside@edu.tbz.ch"|"W&jaTq-$Il9Or-Raebhy"
"esteve.mcewan@edu.tbz.ch"|"@&Ltuu-WvKaZk-3FYiUO"
"leane.dibbert@edu.tbz.ch"|"nH4IF1-m@fPA4-Ng#w3V"
"ma.thewlis@edu.tbz.ch"|"a92AiL-Tdr@ou-3L2sx6"
"clea.djurkovic@edu.tbz.ch"|"qfMR$9-D$cL@&-Hq8L#K"
"rachele.reburn@edu.tbz.ch"|"Bsok&2-mIVqm0-rlCn2$"
"gerald.gowling@edu.tbz.ch"|"BkA$1K-5izhAS-Gs005B"
"cleopatre.jackson@edu.tbz.ch"|"qsVR@z-9rIoD1-bjhXy6"
"desiree.haskins@edu.tbz.ch"|"M0AkAR-ESumWy-%so3k6"
"eleonore.longson@edu.tbz.ch"|"To#J6h-lDYlqF-HyXnUA"
"leane.dybell@edu.tbz.ch"|"iK88JF-0YowUt-nnpg3k"
"becassine.grzesiak@edu.tbz.ch"|"QcGoXi-11X#Wa-JH5FGd"
"marie-josee.pickin@edu.tbz.ch"|"S4DdTr-lxexFr-5xj5aY"
"marie-josee.roxby@edu.tbz.ch"|"KE10Hm-maEYVY-CrEyC7"
"leonie.feenan@edu.tbz.ch"|"bdYdb8-3iG68h-jJpBVa"
"valerie.ellum@edu.tbz.ch"|"pcKOAh-Q@ixoT-Yl4gng"
"ju.caseri@edu.tbz.ch"|"#zRmGE-FvkOu2-H0uIpm"
"boerje.strangman@edu.tbz.ch"|"708z86-9z@qNH-ppNQAQ"
"beatrice.ghidelli@edu.tbz.ch"|"485lty-LBlciF-uxXMtY"
"da.jablonski@edu.tbz.ch"|"J0PP%e-L##uo2-f&bb@F"
"uo.beveridge@edu.tbz.ch"|"vl4RUQ-C@2DDP-gTwQJf"
"valerie.bestman@edu.tbz.ch"|"9KVw0f-kH7cxo-ZN26tv"
"marlene.pohls@edu.tbz.ch"|"j51Y9m-I&xXFq-j$sW4D"
"ma.nolda@edu.tbz.ch"|"&Gv7eX-y9nFn4-5OL3mU"
"marlene.bisiker@edu.tbz.ch"|"&v23MT-&%lphL-e0Y2HD"
"estee.babon@edu.tbz.ch"|"6HxaIv-mspCpl-28iAub"
"simplifies.dmisek@edu.tbz.ch"|"jzkIdO-fslcQ0-3BRXQA"
"selene.ganing@edu.tbz.ch"|"PO4n@b-plt9rB-qz@bK%"
"meryl.penke@edu.tbz.ch"|"x8qlSY-Y#ukqk-zak3u#"
"anais.rawcliff@edu.tbz.ch"|"&GYmMi-A%I0cq-s@DZ8K"
"melina.andri@edu.tbz.ch"|"%V3Uyu-g##EqI-88i417"
"audreanne.fodden@edu.tbz.ch"|"yrYw6r-mTOpIS-sy@KD4"
"bjoern.spellesy@edu.tbz.ch"|"pzX%#5-Il2JFV-0S@Bg5"
"francoise.summerscales@edu.tbz.ch"|"lVDY@J-fL7S%f-XwWdD8"
"laurene.ashtonhurst@edu.tbz.ch"|"a9aC%r-k@aSJ0-GDccr6"
"valerie.petters@edu.tbz.ch"|"4mIEEx-EtzWG0-&0dtKx"
"anael.spenclay@edu.tbz.ch"|"t4$X&G-nCO46&-N9iAlM"
"stephanie.keech@edu.tbz.ch"|"6$axMQ-R7L&jN-QT8Aaj"
"ines.deveril@edu.tbz.ch"|"JiCeVi-p1NUq5-B3LzYs"
"berenice.gelder@edu.tbz.ch"|"qZ#TGX-pUr6DO-y%SEcI"
"melanie.ofogerty@edu.tbz.ch"|"XGj9gS-UUxFL$-IFhU%v"
"frederique.canepe@edu.tbz.ch"|"RTxKMN-fQgSf0-J#dA2e"
"nuo.otton@edu.tbz.ch"|"YKuIQ6-p7FQEO-eQv7np"
"genevieve.trusler@edu.tbz.ch"|"qp5Lbd-zICLQj-YW9Enp"
"ju.boag@edu.tbz.ch"|"P&9ET@-kO@qRJ-YAH$%4"
"josephine.dilucia@edu.tbz.ch"|"Cjmm92-q#0#Lg-@VRfew"
"laurene.armsden@edu.tbz.ch"|"9V4pM$-a8P67P-KLFSwC"
"becassine.griffe@edu.tbz.ch"|"9%Psuw-V5MMEs-fzJbE3"
"alois.parres@edu.tbz.ch"|"Yrd$4E-LYWlYT-Ugu3Cx"
"cleopatre.gaffey@edu.tbz.ch"|"pfH#%x-OJjZ&%-FFZiUB"
"andre.stiger@edu.tbz.ch"|"SZLx7n-0ahyGw-HohRDU"
"beatrice.godleman@edu.tbz.ch"|"A#sxd#-Ol#xce-oJTvAG"
"hakan.harrhy@edu.tbz.ch"|"Uj1BUp-@aBw%9-rJrQB9"
"celestine.dagnan@edu.tbz.ch"|"WnjfJP-ARQHw2-n1KaRQ"
"clemence.haggart@edu.tbz.ch"|"PCxMoa-0sQfK&-NPS&$m"
"long.caban@edu.tbz.ch"|"rnVfdl-1x8og$-2oMGtq"
"gaetane.grimble@edu.tbz.ch"|"kqfPPe-cWFYv&-#ngBLM"
"maelann.piwall@edu.tbz.ch"|"JM4hUP-wcG7fx-&n$2cW"
"magdalene.loble@edu.tbz.ch"|"CutG$E-&Rx%nj-xF1CXx"
"veronique.domaschke@edu.tbz.ch"|"&qvGO6-83t@Qg-tciNVS"
"clea.herity@edu.tbz.ch"|"06IRHA-htwuSF-T8NQzQ"
"maelann.bambrough@edu.tbz.ch"|"2fnS3E-0FuF2b-1c@F0x"
"clea.goulstone@edu.tbz.ch"|"z0a2oi-KYlmIL-co5OxU"
"renee.deleek@edu.tbz.ch"|"grbuxP-7xnsB%-oT1cO%"
"boerje.rudderham@edu.tbz.ch"|"3MT@6A-v99hOS-TV90Oh"
"marylene.broune@edu.tbz.ch"|"Hxn12m-5TfS@E-1$PyV6"
"nadege.mccuish@edu.tbz.ch"|"PNlEam-KB3DTy-znrJsH"
"anael.littleover@edu.tbz.ch"|"xq1pjm-Kp7Bez-KRh20R"
"lie.baume@edu.tbz.ch"|"a9m&IZ-GcykgZ-0xQ4Uu"
"maella.murrow@edu.tbz.ch"|"D@@%uP-9rlPH&-A8jYKB"
"cleopatre.pettifor@edu.tbz.ch"|"IeG5nA-WtKC8T-4#Kxbi"
"geraldine.asker@edu.tbz.ch"|"$0WgR6-UQooWy-xIeXWm"
"gaetane.smedmore@edu.tbz.ch"|"sNPVLS-WA2zRO-qKIF#J"
"meryl.blencoe@edu.tbz.ch"|"bnQJdq-iZQ22N-SXRJ5V"
"aurelie.chastaing@edu.tbz.ch"|"1UsN9G-5alGI2-PDnsK5"
"oceanne.marthen@edu.tbz.ch"|"AKk7oD-HOFb3B-WYUsAt"
"dorothee.burrill@edu.tbz.ch"|"sC6iF6-m5rUku-3XZYJL"
"hakan.belden@edu.tbz.ch"|"8SbFPU-orRScj-Rx16Ou"
"celine.brunning@edu.tbz.ch"|"E24s8d-5Em168-AKtmUy"
"anael.lapides@edu.tbz.ch"|"XI9l3K-mtufHG-OVmGdS"
"ruo.saffran@edu.tbz.ch"|"EUoYW&-zg&&Hl-8aDy3s"
"loic.gerretsen@edu.tbz.ch"|"&$gRUq-C0WCCg-YA&5EV"
"rui.fitzer@edu.tbz.ch"|"V%M1KY-wdckAB-YaD9dR"
"annotee.ogers@edu.tbz.ch"|"uTqu&M-#ysayP-SJ%s5f"
"boerje.bindin@edu.tbz.ch"|"jFFQYH-nqVfZW-35S3b#"
"ma.cronchey@edu.tbz.ch"|"Gzq02A-0@25uR-uRpaxr"
"laurelie.baiyle@edu.tbz.ch"|"&ORMCp-oW7feA-opPmCP"
"dorothee.older@edu.tbz.ch"|"mnOQmN-@gtuxk-dYG8OB"
"laurena.wile@edu.tbz.ch"|"o$e8Ki-UvZgCE-X4%txt"
"clemence.brito@edu.tbz.ch"|"TsnX$m-o9Daap-%FH$@y"
"nadege.dallin@edu.tbz.ch"|"8xBfrh-1lhHZ9-w9Le3m"
"mailis.matley@edu.tbz.ch"|"ovX%oR-@spu3D-hJJIw8"
"daniele.screaton@edu.tbz.ch"|"sXI683-XZT5#d-5BBbTg"
"mediamass.godly@edu.tbz.ch"|"WZmNqZ-arybEa-WNpqzu"
"leone.kremer@edu.tbz.ch"|"nhROSs-e4nES8-3Q1wUW"
"asa.adrian@edu.tbz.ch"|"qSubx$-DXO&PO-HI4lR4"
"adele.doley@edu.tbz.ch"|"onYcJy-zL23%3-S9eFqT"
"fei.sidney@edu.tbz.ch"|"uPV01O-ud89$v-4nKmTP"
"marie-josee.walisiak@edu.tbz.ch"|"Uun4Es-w@fkhk-&YdTHX"
"desiree.diplock@edu.tbz.ch"|"sIeIGM-9ADWXS-PDPBhO"
"gisele.schust@edu.tbz.ch"|"LLVayV-CTJUQ9-yS1R9j"
"ma.longshaw@edu.tbz.ch"|"lCYu&u-4c9P%p-KfGPzu"
"da.boother@edu.tbz.ch"|"u0dwuo-p6Z1AR-lrK9tM"
"simplifies.chaudhry@edu.tbz.ch"|"Wcq0Ee-dryKR%-5Yn9b%"
"garcon.baniard@edu.tbz.ch"|"fJLnJb-rDte6X-1gU0md"
"gaetane.elphee@edu.tbz.ch"|"HMA5E$-GvlgUG-3JfYz4"
"gisele.hassey@edu.tbz.ch"|"X9ScpI-iftDmN-1LuWZ2"
"oceanne.booley@edu.tbz.ch"|"DFOp$9-jzho%T-FDh$bF"
"oerjan.dibden@edu.tbz.ch"|"2J%3Uk-tAB@FY-5u4z9w"
"regine.ocleary@edu.tbz.ch"|"5$PzDD-vB&1WT-kT8mrp"
"selene.persse@edu.tbz.ch"|"t#i&Tq-@8AFAI-3%k3un"
"helena.adenot@edu.tbz.ch"|"La2C7n-IkMI#G-FEYtRd"
"maelann.wassung@edu.tbz.ch"|"NsWbUU-5qpKt6-sBsDL7"
"frederique.ackermann@edu.tbz.ch"|"yf2vgd-BG%n7D-PIosDs"
"audreanne.kahen@edu.tbz.ch"|"YIYKbF-Bx0Kp5-GeAnwm"
"maiwenn.lasty@edu.tbz.ch"|"1F3vZZ-RXe0Fq-zmg8OD"
"yu.dictus@edu.tbz.ch"|"@8&Hwa-5Z1Iej-LP2gS9"
"anae.dukes@edu.tbz.ch"|"wXYEsw-No0mTM-X$vgY3"
"yenora.warr@edu.tbz.ch"|"v%e$UO-UeZrYz-HuU75P"
"esbjoern.archibold@edu.tbz.ch"|"1z5RSe-IxsoIF-Z#h&aC"
"milena.pardal@edu.tbz.ch"|"nUXuDo-%%$vn6-UKBFdG"
"celestine.graveston@edu.tbz.ch"|"W3zX$G-la5oL&-2pIw&C"
"maena.dallas@edu.tbz.ch"|"3hngCB-zl&h6a-sXTuTX"
"andree.tuke@edu.tbz.ch"|"yqkVxS-DkgGQd-VY&bLA"
"methode.seldner@edu.tbz.ch"|"wrIBjC-&DHgdm-t#VAJX"
"venus.bullas@edu.tbz.ch"|"L1s6u#-ZO7yDG-uuI9w@"
"mans.aguirrezabal@edu.tbz.ch"|"z7Dx56-FgDI81-PX0zLF"
"gaelle.eadington@edu.tbz.ch"|"HCloJ#-ODv6CX-6bwT%X"
"anaelle.falkner@edu.tbz.ch"|"Yaby5b-9Di64%-iNoE1f"
"ophelie.height@edu.tbz.ch"|"p0ZY$V-86DjwT-I%cKSo"
"marten.bolding@edu.tbz.ch"|"KtqwPr-Jym&j6-OZqYG1"
"pelagie.guswell@edu.tbz.ch"|"@UBL#Q-aNKH9O-jUIGBb"
"gwenaelle.lecount@edu.tbz.ch"|"cSjKhu-$xVJoM-9jUa6r"
"hakan.laden@edu.tbz.ch"|"w1yd&B-G3QeI@-WVZs8L"
"marie-josee.hylands@edu.tbz.ch"|"dD6jvV-QAxLbK-ylbA3O"
"zoe.kingshott@edu.tbz.ch"|"L9g4ft-5aXT1y-F3cwLU"
"josee.janous@edu.tbz.ch"|"$T9XfO-ky50OP-mIX08K"
"laurene.gallally@edu.tbz.ch"|"H0zKSF-9Yn0au-9m4jPC"
"anael.bickle@edu.tbz.ch"|"$AONmG-rDjAB#-mzXFh1"
"mediamass.lebbern@edu.tbz.ch"|"S@X&$p-ZBmCaQ-kTkxuV"
"berengere.hovy@edu.tbz.ch"|"Z&YwSt-hmI5aD-mGTCy%"
"oerjan.kilmurray@edu.tbz.ch"|"0kve&Z-uD961X-UeaAdE"
"asloeg.venny@edu.tbz.ch"|"0Jlvu3-M%MMP1-XIm0l2"
"marie-noel.stoad@edu.tbz.ch"|"VUHPwX-%Y@ZP%-IP@uvl"
"hakan.pettifor@edu.tbz.ch"|"$&92WW-lEXdOV-DZUXdH"
"maella.willgrass@edu.tbz.ch"|"cDJFsl-TcwyuQ-lk@tHq"
"therese.ludovici@edu.tbz.ch"|"#$q487-rLtmpA-PSkb1W"
"stephanie.trewhitt@edu.tbz.ch"|"Cly@F9-9EhtuR-76hmVk"
"maerta.bauduccio@edu.tbz.ch"|"9eDyNE-2doX1e-8@YHsY"
"gaetane.glaisner@edu.tbz.ch"|"qmPNEQ-U0JzZ8-nYnf0f"
"naeva.pargeter@edu.tbz.ch"|"N5$o8e-nah1Fr-j#IoBM"
"salome.venable@edu.tbz.ch"|"Zic6i9-0eO#dW-fccZG7"
"boerje.thickett@edu.tbz.ch"|"gI1LfV-qHVxZG-dFQZp%"
"lucrece.prendergrass@edu.tbz.ch"|"X0#EXm-BzO&#c-p5TiTw"
"laurene.ockleshaw@edu.tbz.ch"|"THHU3G-%v#N&q-UMY&LJ"
"cecilia.pasticznyk@edu.tbz.ch"|"1ea5w5-C81f$G-94dWzK"
"stevina.mackey@edu.tbz.ch"|"Dft24o-@q&n$f-0$TN9o"
"marie-noel.reven@edu.tbz.ch"|"dauEbn-dNe6ZV-WbaOIe"
"melina.quilkin@edu.tbz.ch"|"@$cTH9-6tGw29-qbP2HL"
"marie-noel.ferrie@edu.tbz.ch"|"mSal7N-Wq3rFN-c7a9j5"
"leone.alphege@edu.tbz.ch"|"o19LFx-&h7Nu5-Upgeb5"
"zoe.leverson@edu.tbz.ch"|"$89UdQ-BQxyYi-gKQqZ@"
"annotes.grayne@edu.tbz.ch"|"o45MV@-NQRJ2R-Ql5#X#"
"faites.lalley@edu.tbz.ch"|"%WO74q-qPyrxg-35tFgy"
"adele.wallis@edu.tbz.ch"|"uF6cow-XjrwL4-S68un5"
"severine.madill@edu.tbz.ch"|"zSpAYJ-b#uJ3E-eKbjIA"
"valerie.tebb@edu.tbz.ch"|"ASAS64-8Gn&O9-yXqMyb"
"kalliste.rasper@edu.tbz.ch"|"xCLvTH-hT$q5M-cV@BNT"
"audreanne.palomba@edu.tbz.ch"|"qA8PX7-9F8dKk-rUGMNp"
"elea.adamik@edu.tbz.ch"|"j%dtPO-lTjKRG-%4xFXQ"
"reserves.jakuszewski@edu.tbz.ch"|"@6KMaV-Zvv3zs-H6F7ti"
"athena.belhomme@edu.tbz.ch"|"FGpQyt-rGDaAL-SNFDRI"
"rebecca.crippin@edu.tbz.ch"|"myeNtV-x%UEYP-G6&6Q&"
"maiwenn.curman@edu.tbz.ch"|"LMS1dj-QrQM21-EXjHzg"
"andree.bunner@edu.tbz.ch"|"y&Wptu-krjjTJ-ITDjVU"
"ruo.winckles@edu.tbz.ch"|"Q@a6S$-vRqpja-Qdq03k"
"naeva.buntine@edu.tbz.ch"|"a299PM-q1hdJZ-fpl7N9"
"boerje.dollard@edu.tbz.ch"|"de$YkN-NZ5QY4-xJ2PeQ"
"penelope.gorman@edu.tbz.ch"|"wGW#D7-CrgjQC-uUc%Wq"
"alois.robelin@edu.tbz.ch"|"1L1@&f-t&#Spt-yCX&d%"
"anaelle.tindle@edu.tbz.ch"|"cJyFKu-EsoDLY-pk9IIt"
"ye.frears@edu.tbz.ch"|"SjhFZ8-cpjg0c-LXc5C1"
"andree.ovid@edu.tbz.ch"|"j9b@RF-@@mNwR-B086ul"
"hakan.peat@edu.tbz.ch"|"6zOllW-NU8B8i-xLRhIg"
"andre.januszewski@edu.tbz.ch"|"Z0O566-eDKSmw-KfLS@8"
"annotes.clemmett@edu.tbz.ch"|"Iu#$N5-d4F0i5-ZmRMsP"
"pal.lambswood@edu.tbz.ch"|"9QHtl8-&waqDU-IKvETv"
"yao.lenton@edu.tbz.ch"|"3ny1gv-5y2SmW-ho@vp%"
"hakan.boyton@edu.tbz.ch"|"LoqO1a-E&fp5s-5v4j4u"
"nelie.forsey@edu.tbz.ch"|"MkDIWH-LeffjS-$TXUOK"
"hakan.horche@edu.tbz.ch"|"HpJF%6-16GTJF-1fun6P"
"lorene.sinkings@edu.tbz.ch"|"6&fsHk-bKIqd7-c9GIgT"
"marie-therese.creddon@edu.tbz.ch"|"g5ApWZ-Bat5YQ-b$Njow"
"berenice.tolworthy@edu.tbz.ch"|"&&Rtkl-GvK@VB-aME4k@"
"theresa.land@edu.tbz.ch"|"MpsLQ4-MXrCuG-2%fRIs"
"marie-therese.gianilli@edu.tbz.ch"|"ix%Qfl-Ns%vBt-4AQ%hv"
"meryl.glew@edu.tbz.ch"|"mQ$5Tb-4NHW@8-uJ3S7e"
"adele.debling@edu.tbz.ch"|"cyyg3p-z7kud$-KSqXzV"
"anae.metzke@edu.tbz.ch"|"RQxjfZ-cJmxmS-hVkIDM"
"gaetane.gooden@edu.tbz.ch"|"6TVHA3-54B1Wd-dcd8Ka"
"laila.bootland@edu.tbz.ch"|"xCMASr-&lhc5p-je43D2"
"maite.helsdon@edu.tbz.ch"|"ao4L@L-v2uelN-QPDATu"
"andree.malley@edu.tbz.ch"|"hYyDp$-qAbvbP-5Ti9b0"
"pal.simmens@edu.tbz.ch"|"yQigmQ-c5L&4E-uJJDi5"
"maelys.nuccitelli@edu.tbz.ch"|"w5%#TM-L7DUN6-wsIv5V"
"dafnee.sibary@edu.tbz.ch"|"xYdmSY-PzmyOr-xvZ5V8"
"alois.harsnep@edu.tbz.ch"|"@4YIpF-S0mc4z-m9e&vr"
"marie-helene.lacky@edu.tbz.ch"|"@AWTvl-t1TyvE-@9gHaO"
"mylene.youthed@edu.tbz.ch"|"XD&Iv7-q#d#NV-nmcxZ#"
"marie-helene.dehmel@edu.tbz.ch"|"Iy#Esb-FoWd@K-NfLKCj"
"angele.batman@edu.tbz.ch"|"taJ2JN-KMJmM7-OYYcpK"
"melia.younghusband@edu.tbz.ch"|"99BjV7-GxqeCC-#EUB#u"
"eloise.baldi@edu.tbz.ch"|"0ZEsVN-Mq@FPp-h@Gl%Q"
"illustree.dun@edu.tbz.ch"|"EEf7V3-d9OWW%-ygD4zD"
"genevieve.late@edu.tbz.ch"|"lf5TS2-%yPaX6-rt%x&6"
"celestine.colville@edu.tbz.ch"|"y1pcLJ-FWWBpq-eQJTq3"
"gwenaelle.scarlon@edu.tbz.ch"|"Ve7XFw-A6raye-OPFaRd"
"regine.boddie@edu.tbz.ch"|"EB9M3V-oEZIt9-c%qCgI"
"creez.gaughan@edu.tbz.ch"|"5hSywQ-KEfqKZ-wDDJ4r"
"gaia.longford@edu.tbz.ch"|"qsOR35-9UxXXn-UZ$1y8"
"mailis.buckby@edu.tbz.ch"|"8H4bIY-pA&A2x-2Seql6"
"song.parbrook@edu.tbz.ch"|"NyvBg1-igLlfu-dGLcSp"
"frederique.heddan@edu.tbz.ch"|"LbjIem-TzLXK6-a1bc5c"
"ake.kirtlan@edu.tbz.ch"|"rgCy3t-IqI%Xn-atJqx2"
"nelie.runciman@edu.tbz.ch"|"vpDrBK-47wANz-XQCwop"
"mailis.cardnell@edu.tbz.ch"|"7adJ&f-CtD%xc-Q7Zh8p"
"irene.navarro@edu.tbz.ch"|"bNgCa@-viv0oH-uFC1eU"
"maite.cough@edu.tbz.ch"|"dLfLk1-s#3i7t-nCPwpS"
"anaelle.stocky@edu.tbz.ch"|"exuhcO-ECeRoa-iAkhTE"
"methode.moulder@edu.tbz.ch"|"Ad&#rp-uRRgxZ-ef$Vi&"
"po.stafford@edu.tbz.ch"|"HXODrE-vBjzKI-xODBPq"
"faites.scraggs@edu.tbz.ch"|"qks$am-zN#8No-harst9"
"adelaide.dullard@edu.tbz.ch"|"9qoU8h-3Hd5Z5-vW2qGA"
"desiree.leonard@edu.tbz.ch"|"#K7S8G-QhqQNu-KBLKok"
"geraldine.badgers@edu.tbz.ch"|"7LI$Fw-aN7aYt-8BRrwd"
"ruo.masic@edu.tbz.ch"|"jHXSQc-ffu9@L-zG9a9Z"
"aurelie.lieber@edu.tbz.ch"|"qgwkY0-9#Mq0N-$tPp8s"
"naelle.balcock@edu.tbz.ch"|"TD7ZS2-eF&hPz-9aRS2q"
"camelia.elger@edu.tbz.ch"|"kbIYzN-IYVVfg-EYRJ1Z"
"publicite.oakeshott@edu.tbz.ch"|"PK62OI-ZzS9Se-XrTNbR"
"cleopatre.fawley@edu.tbz.ch"|"tTzg1g-@jkSCo-UcNljK"
"laurene.bruckmann@edu.tbz.ch"|"nB%D3a-DMkZdL-2qx7@B"
"rui.haughton@edu.tbz.ch"|"&UTJco-%GTW%a-w4CjLt"
"asa.ladewig@edu.tbz.ch"|"qJcRCl-FwlkNM-Sx7n4P"
"gisele.janecek@edu.tbz.ch"|"&9aMAG-BUY$9K-GrT2q#"
"maily.loveridge@edu.tbz.ch"|"UNzch3-&KODd1-ebg1Sy"
"marie-eve.yurkiewicz@edu.tbz.ch"|"Wu9tjE-ol94G0-X%LdI3"
"fei.roder@edu.tbz.ch"|"h98FFG-R7BfJv-A7xM5&"
"edmee.chatburn@edu.tbz.ch"|"n&anPY-m@UUy3-XUd@sN"
"geraldine.darke@edu.tbz.ch"|"#dyVu4-Oi1Ecr-5K4N1r"
"ye.jira@edu.tbz.ch"|"CsAnU5-kGEeNP-QYnfrQ"
"publicite.persent@edu.tbz.ch"|"OQ0fl9-dJRP@A-Gr4QF&"
"severine.wilcox@edu.tbz.ch"|"RhKz&H-Tn8L0q-V@nzGq"
"yao.mcclaren@edu.tbz.ch"|"rWupFf-uXRPBb-gWYCII"
"theresa.foynes@edu.tbz.ch"|"qlnCNb-62KFZ5-U97%pw"
"stephanie.isley@edu.tbz.ch"|"88@CKg-9I6E&9-8#HYHI"
"torbjoern.growy@edu.tbz.ch"|"XbYEd5-8&7XX4-6VJAIA"
"eloise.tunnadine@edu.tbz.ch"|"Wq2OSK-r1hhCg-fyXetv"
"maeline.cossentine@edu.tbz.ch"|"s5uBiR-yRhrPX-mS8Ig@"
"nelie.desantos@edu.tbz.ch"|"5k2Il2-85B2hz-Zscb84"
"gaetane.axston@edu.tbz.ch"|"OEgFPF-EJ8Yg3-VHfBMN"
"aimee.merman@edu.tbz.ch"|"kJHtd5-QbuoN0-g0lud6"
"oerjan.drivers@edu.tbz.ch"|"Ty&cpt-z@G0xy-cHl0gA"
"aimee.miroy@edu.tbz.ch"|"V22iH#-JW1z7c-wmnIFS"
"nelie.glyde@edu.tbz.ch"|"sQlg4Q-icLYr9-KtrUo6"
"hakan.kapelhof@edu.tbz.ch"|"mTTr&W-&h$40B-Dxl0Ek"
"maelyss.cauley@edu.tbz.ch"|"2T@KHb-eh@27J-W@Mma5"
"elea.vaggs@edu.tbz.ch"|"3h6cTv-S@MQ2n-8@&GIc"
"maelys.but@edu.tbz.ch"|"EOZrrO-Efe#nz-%9NhFh"
"maella.arthurs@edu.tbz.ch"|"$7jbeA-nRtX@F-jQzF6#"
"adele.liebrecht@edu.tbz.ch"|"JbSzg&-MlrVFV-W16#8j"
"meline.lomasny@edu.tbz.ch"|"fLfGn5-bUgU0w-H%CesP"
"mediamass.schwant@edu.tbz.ch"|"WnW#KK-ixAj5S-kyT5g6"
"leone.saunt@edu.tbz.ch"|"qvsZZx-G4Zsk0-gwzzwg"
"annotes.gouch@edu.tbz.ch"|"BLthfd-Ir#neK-sprVbe"
"gaetane.bowich@edu.tbz.ch"|"nh9dnC-0mw2u8-AL1S&4"
"alizee.strelitzki@edu.tbz.ch"|"0d%vJg-hLKpCl-pIpWz3"
"leone.poile@edu.tbz.ch"|"dh4iGI-EgfL0q-8ivMHI"
"amelie.saban@edu.tbz.ch"|"VpP#1N-zct%9J-Zk03BB"
"marten.mcmenamin@edu.tbz.ch"|"ILGYI9-mg0kMv-3RT2bZ"
"becassine.keets@edu.tbz.ch"|"BUsKQt-@sxC#7-o9fpBr"
"celine.million@edu.tbz.ch"|"oPhH0a-hbSegZ-9H&0lN"
"geraldine.belitz@edu.tbz.ch"|"Orc&Wh-cKLf@d-5l5fLI"
"salome.mardling@edu.tbz.ch"|"B08ccQ-d$jOzC-Ww$OJJ"
"melia.blakemore@edu.tbz.ch"|"NQyNyi-ynZw0p-L4&mQw"
"dafnee.mcaulay@edu.tbz.ch"|"W9BADc-a1NyLk-9vDy%y"
"garcon.dennett@edu.tbz.ch"|"RKCspT-U82CxW-OmbixS"
"interessant.lesor@edu.tbz.ch"|"hnBZrz-7at8OX-PvMWN$"
"annotee.wasbrough@edu.tbz.ch"|"fvmWsx-wmU8be-j&ZCH5"
"asa.ibbeson@edu.tbz.ch"|"8Vc4vq-IRKplX-sNdWKY"
"maily.kennealy@edu.tbz.ch"|"r61BWs-l#tYih-4&3TwN"
"ye.seares@edu.tbz.ch"|"gFqGcG-RzT0Ag-Lois%6"
"athena.harbron@edu.tbz.ch"|"lZHJUf-M23bty-rkX3z@"
"andreanne.portail@edu.tbz.ch"|"hOauiC-IKjmZh-LNZzT1"
"goeran.zannelli@edu.tbz.ch"|"gr65Xp-vLHa2%-Bp5OP0"
"gerald.leathlay@edu.tbz.ch"|"6IgROE-xluU$s-W4K6ZV"
"andreanne.chown@edu.tbz.ch"|"b&14zE-rJVRPS-zSF%vU"
"esteve.clementel@edu.tbz.ch"|"5@6s@Q-yh@gOp-KeyCcY"
"leone.legan@edu.tbz.ch"|"5sjuv8-M5JUH8-DWhGMv"
"maena.pownall@edu.tbz.ch"|"5HjIlO-TLts$x-vW7Kge"
"andree.rettie@edu.tbz.ch"|"wpVnuL-EgkO5w-uQ3ffb"
"ines.kenwrick@edu.tbz.ch"|"hdHx9#-LlZmDg-UkvOs%"
"marie-helene.yarnall@edu.tbz.ch"|"$2z&Vi-zo9vQ0-%08hV1"
"po.martin@edu.tbz.ch"|"YBAp9T-MM$HSk-GIvUo7"
"ruo.celiz@edu.tbz.ch"|"d8UMeP-EL19IE-&yYodu"
"po.bissett@edu.tbz.ch"|"pL$kzA-OhHNRp-HHHiEO"
"du.swindon@edu.tbz.ch"|"Sx9nAE-3imWM4-t7cANw"
"interessant.gouldthorp@edu.tbz.ch"|"#W54wz-#qAVq2-Br6lAL"
"leandre.lilburn@edu.tbz.ch"|"dTrPVk-hdAqlT-$x$BOr"
"bjoern.whales@edu.tbz.ch"|"dNjdGC-7YnMwW-nc4fkX"
"interessant.dieton@edu.tbz.ch"|"FcUJ7o-6F6lvd-CQZC#V"
"celestine.redhills@edu.tbz.ch"|"mZ3rp3-MF6GnR-w7d7LV"
"tan.yakovlev@edu.tbz.ch"|"9iuxir-e5rXC3-XfTbkE"
"regine.mcdowell@edu.tbz.ch"|"s3bq4o-O#aHGB-1%4901"
"ju.coysh@edu.tbz.ch"|"2TBEzj-5eLksH-t&du6&"
"reserves.ofallon@edu.tbz.ch"|"0XyZZG-od1jXc-RuXJtL"
"frederique.sobey@edu.tbz.ch"|"D4%NNv-AmTsib-@wfk7a"
"marie-eve.garstang@edu.tbz.ch"|"@XC&%e-PJ@N$G-o9hm9o"
"andre.tapin@edu.tbz.ch"|"yI0U8J-UWfbAd-Csq2kN"
"esbjoern.eynon@edu.tbz.ch"|"t4uAM7-tT&D5@-xpWK#1"
"maella.duffy@edu.tbz.ch"|"714M2E-#t@H07-jiEYZH"
"leandre.twinning@edu.tbz.ch"|"sJAtzF-Ipepiu-8KhIFg"
"mai.whittingham@edu.tbz.ch"|"h%uXO%-6xTbG9-R%ApCs"
"rachele.shevelin@edu.tbz.ch"|"t3VlvT-lMHSF1-$0cc9y"
"cecile.mcure@edu.tbz.ch"|"Ez#@Fm-zS8yC7-jtoCFr"
"marie-eve.yurkevich@edu.tbz.ch"|"7D@Kxr-mNKpNv-lVHUOB"
"almerinda.paice@edu.tbz.ch"|"KMq#l5-iKMNNg-UhK9Qa"
"rao.howkins@edu.tbz.ch"|"MepBZ0-K4SqYr-ujtnYD"
"serena.pack@edu.tbz.ch"|"yiQe7d-BN8Tyi-$reBbz"
"rebecca.mant@edu.tbz.ch"|"4aHlWZ-I3jaPM-@Vb#M4"
"reserves.spitell@edu.tbz.ch"|"Sk@EhB-gK9gdH-MZ8fOw"
"garcon.hamfleet@edu.tbz.ch"|"v0@OYR-oE9mk2-CGD4JL"
"methode.kerkham@edu.tbz.ch"|"wCHu3C-gzsJMx-OKtvmW"
"pelagie.camies@edu.tbz.ch"|"5%sKyG-V7ZDzw-0OWCwH"
"josephine.macpharlain@edu.tbz.ch"|"IgcGoQ-Q5xeXk-nUOQUc"
"eugenie.mathet@edu.tbz.ch"|"divptz-GA#RPH-Gt1DtL"
"gaetane.brangan@edu.tbz.ch"|"DFaIZR-9gGNRX-ZbQgZ3"
"michele.dewbury@edu.tbz.ch"|"TqjPVw-9NBP$y-gMMEwQ"
"eugenie.elcott@edu.tbz.ch"|"9EPJx5-75Md1N-6W2lMy"
"megane.harniman@edu.tbz.ch"|"O9VkCd-7S3X%j-3ZaGD#"
"agnes.cluney@edu.tbz.ch"|"Re$Sss-U#3om@-F52P23"
"marie-helene.angear@edu.tbz.ch"|"m8D2uP-3vXnsV-HBPTUq"
"melia.dolphin@edu.tbz.ch"|"u13@N#-BaEa3I-$0NUYq"
"lois.ruseworth@edu.tbz.ch"|"RaEBnx-5X&UT&-p$Mbb7"
"mailys.ryding@edu.tbz.ch"|"ZHiOUX-7HQgmT-j$h54d"
"rachele.wulfinger@edu.tbz.ch"|"GXckbL-Za%s59-dw8l%K"
"gwenaelle.talton@edu.tbz.ch"|"GRjT0s-eAoF5s-KDNudT"
"long.ronchetti@edu.tbz.ch"|"A23$Ue-t8nnMd-DPu@@6"
"styrbjoern.kloska@edu.tbz.ch"|"YDqyJ2-WJpmCN-Pl@TMe"
"len.sudran@edu.tbz.ch"|"soS$lE-vXgpJZ-Azns$N"
"maelle.andrysek@edu.tbz.ch"|"uVF$4G-%y@XID-0p$bC#"
"selene.senior@edu.tbz.ch"|"Aq6%h1-gyO5FD-C$lGml"
"anais.joskovitch@edu.tbz.ch"|"8Y$8QE-LtHmp1-dmvg7&"
"marie-noel.dally@edu.tbz.ch"|"WN&2MR-@rR5%Q-guEZU2"
"marie-helene.laurence@edu.tbz.ch"|"Z7H%b0-M0#6Tm-eQ7NEP"
"camelia.foxon@edu.tbz.ch"|"G7gVfX-gLdf1i-Iyiu9L"
"helene.cankett@edu.tbz.ch"|"94i%mb-WtwLWl-rjvHVk"
"marten.mitchelson@edu.tbz.ch"|"L5w0yT-rINo##-eyTbQT"
"helena.stirtle@edu.tbz.ch"|"SVKaXr-6WcYgX-$R#@oT"
"leane.barmby@edu.tbz.ch"|"eIkrI1-1&v2@1-$uh3Fa"
"goeran.ofinan@edu.tbz.ch"|"J&96vp-LRr7r#-Vpd30O"
"styrbjoern.proby@edu.tbz.ch"|"Ljd2Lq-s9s$wQ-ubj%H3"
"zoe.halse@edu.tbz.ch"|"lrS36z-k$bTWK-UdJNuP"
"kui.drable@edu.tbz.ch"|"hNSIS$-Gna47Z-$2WgBY"
"desiree.bamford@edu.tbz.ch"|"tQ2l16-1jzflo-WkpWYn"
"zoe.suller@edu.tbz.ch"|"rtDqiq-ercaN8-EUfvai"
"marylene.audiss@edu.tbz.ch"|"hpjcy6-ugzrJa-rQ$pRs"
"adelaide.poznanski@edu.tbz.ch"|"o8qGsI-kcNJKp-uaA2Hs"
"maella.coleyshaw@edu.tbz.ch"|"eM5el3-8&D&cZ-LufUY1"
"marie-francoise.gelder@edu.tbz.ch"|"VMzJsd-G%fTKE-a@D5Rx"
"eleonore.chaffyn@edu.tbz.ch"|"2SLJiA-6Dmc$v-fwAlV8"
"celestine.sikorsky@edu.tbz.ch"|"S&5hbr-ixCcRo-vq7js%"
"stevina.londsdale@edu.tbz.ch"|"q2AQ$7-j0dM$#-oJJY39"
"maiwenn.nevitt@edu.tbz.ch"|"yxEy$X-14&x6r-fLEFat"
"magdalene.gerrey@edu.tbz.ch"|"IZ9Nz1-VXE@PT-7ZAG8#"
"becassine.latimer@edu.tbz.ch"|"PX2Jpm-&mVJt1-mT@s&q"
"da.lethibridge@edu.tbz.ch"|"ueaUAx-b&nBa6-N3Bg8g"
"mailys.claige@edu.tbz.ch"|"P79h6N-d9J0Dn-C1C$FS"
"maena.torbard@edu.tbz.ch"|"3PVFaR-lrCPp5-8r1Yr&"
"solene.lyvon@edu.tbz.ch"|"O7r@Zx-JNF&xt-ew4%oJ"
"marie-therese.benbrick@edu.tbz.ch"|"nA&nbt-1$7DoP-VVaLZD"
"gerald.edmonson@edu.tbz.ch"|"6M50xN-e&5l%3-DH$7o7"
"ake.messruther@edu.tbz.ch"|"z%h%mZ-MOy4QR-LUKgUd"
"men.gosneye@edu.tbz.ch"|"PBvuHo-jCFvXh-0jbGyg"
"anais.jefferys@edu.tbz.ch"|"Md185G-Jbx&er-lxE5Q1"
"publicite.tregale@edu.tbz.ch"|"Z6G8p3-nvQ1jo-jqJ3Un"
"maily.santorini@edu.tbz.ch"|"N6XbKH-B&vOOJ-qjpm5N"
"ines.pioch@edu.tbz.ch"|"xTyAKg-7BybAz-5yJV#L"
"noemie.marklew@edu.tbz.ch"|"Saoh82-#W7Q&l-W2VpEJ"
"meghane.maccaffrey@edu.tbz.ch"|"8q9djy-JZNEV9-vm5pFA"
"berangere.ambrogio@edu.tbz.ch"|"aG1BzQ-WgBPA%-O2ZyBq"
"mediamass.ryce@edu.tbz.ch"|"utoqs6-XGG6@A-j4%5pY"
"oesten.ubank@edu.tbz.ch"|"X73kX#-ZWE#Ja-AofA5T"
"melina.mackee@edu.tbz.ch"|"gRxz2z-kQLRsC-e4YuV$"
"theresa.livezey@edu.tbz.ch"|"bKjczc-zrRXw6-HnTjNo"
"clemence.weal@edu.tbz.ch"|"YkG5kS-&cUbqW-V8ehJI"
"faites.overton@edu.tbz.ch"|"3vLF4D-91h$k%-23FLoY"
"clea.lindblad@edu.tbz.ch"|"gJhio&-&SAGKF-6683fS"
"josephine.roseaman@edu.tbz.ch"|"qqHB%K-XkuKrM-En48Xi"
"oesten.lowbridge@edu.tbz.ch"|"jn0OQA-uIfbXR-STH2Qp"
"marie-josee.brion@edu.tbz.ch"|"ClH8TH-QaJSEr-0qLDtu"
"therese.basili@edu.tbz.ch"|"hj6rkC-HmZj2R-8a7TFE"
"melia.vertigan@edu.tbz.ch"|"pPqh4H-tK5tm0-lLyNr%"
"judicael.saull@edu.tbz.ch"|"5s2nYv-E0A%kU-Da#QiV"
"selene.valentine@edu.tbz.ch"|"hxBo#z-Dqk3as-fLgqWJ"
"verane.dunlap@edu.tbz.ch"|"Sypv6U-aGu2xU-h#b#D5"
"meline.kinnear@edu.tbz.ch"|"pasRPu-m&9QVj-0wLmUj"
"lei.luttgert@edu.tbz.ch"|"8ApfNn-$tDvXa-Af$eOP"
"styrbjoern.lathleiffure@edu.tbz.ch"|"wzn9Ub-BJo2f5-#X0P1O"
"marlene.blasi@edu.tbz.ch"|"mn$Ka8-EF1G7y-cW4NKT"
"mai.begwell@edu.tbz.ch"|"oAmvk5-dx%6pl-OxfW6Q"
"gwenaelle.kaines@edu.tbz.ch"|"wO1Y7B-7Yw0TA-hd2gu2"
"gerald.adamthwaite@edu.tbz.ch"|"rPsmii-M55p$a-gBlnWn"
"kui.hartfield@edu.tbz.ch"|"kAofIJ-XNRKqW-q2eG3$"
"salome.currao@edu.tbz.ch"|"abLyAr-4RUxOw-#FWCGO"
"angelique.tixier@edu.tbz.ch"|"tKN&zP-DiQ5S7-qU@VAB"
"ju.mcgragh@edu.tbz.ch"|"oAAhjh-z@qCLq-j4aCde"
"dafnee.beachem@edu.tbz.ch"|"tWrH&C-A37vWx-iw&xYG"
"creez.terlinden@edu.tbz.ch"|"Asqm$g-rboVnn-%Hn$Y&"
"uo.mcskeagan@edu.tbz.ch"|"hs5#vy-9x9jiW-UAd$f7"
"edmee.mccaughren@edu.tbz.ch"|"tqCO4g-x3Aum%-3NWNI%"
"asloeg.cozby@edu.tbz.ch"|"2rmnBo-fLzNWW-u1QIwi"
"melodie.traite@edu.tbz.ch"|"uKF16L-boseH7-Kz37He"
"dorothee.aindriu@edu.tbz.ch"|"jOY6Oj-nA80Fk-nuFnfW"
"daniele.doley@edu.tbz.ch"|"v@6Ds0-t0yksx-nH#c8q"
"mediamass.fairclough@edu.tbz.ch"|"BKWmQN-Y3bIBp-l%dlAt"
"lorene.rainforth@edu.tbz.ch"|"cm@JxX-xfGifw-4Wo#h1"
"leonore.eyer@edu.tbz.ch"|"3MfEE%-p9gHNy-apHn&H"
"po.spillman@edu.tbz.ch"|"UkOY9T-ZcCz4O-OAtLaA"
"cecilia.plitz@edu.tbz.ch"|"PE#RL0-Cjp&UE-4h9XR#"
"lorene.ludlow@edu.tbz.ch"|"q8REOw-LH41sZ-HGOkS@"
"berangere.neligan@edu.tbz.ch"|"9m11%P-QkpO@9-w%9umJ"
"simplifies.huggan@edu.tbz.ch"|"wb8uoV-WC95TY-ZcQS1q"
"clelia.prandy@edu.tbz.ch"|"2lmPVs-l5IVAX-ivm21i"
"ake.osban@edu.tbz.ch"|"tYgbp@-QYGTz#-QnDZPm"
"cunegonde.brunn@edu.tbz.ch"|"NEP5ZQ-gTbaWf-gbTZ&0"
"long.grizard@edu.tbz.ch"|"C181QC-&%F$%x-NqwMpG"
"meghane.diss@edu.tbz.ch"|"EItnBx-QSg9%n-GqGsov"
"therese.oldman@edu.tbz.ch"|"DN6ftP-VIvyEk-4sY$Ut"
"boerje.scamerdine@edu.tbz.ch"|"G33T17-4vE#jt-z&w56K"
"du.saban@edu.tbz.ch"|"$vjs2a-2Rudd&-aSX5cH"
"hakan.clynmans@edu.tbz.ch"|"3Pjvao-D%e&$R-CFH18j"
"wa.macdowal@edu.tbz.ch"|"4D$Q&r-0B31%w-h418sd"
"venus.hatrey@edu.tbz.ch"|"jns3qD-zjwR05-Qg#eDl"
"anaelle.vispo@edu.tbz.ch"|"MjBWn&-#npTOJ-EBLQbc"
"mahelie.ollcott@edu.tbz.ch"|"1HVwjX-TkdAMA-bNrGa3"
"mediamass.whyman@edu.tbz.ch"|"UJ90Qv-owT3Cl-jjdXN8"
"esbjoern.basson@edu.tbz.ch"|"K@cf08-TB$YQo-PlqSC$"
"andrea.morrill@edu.tbz.ch"|"4qgjJk-TujAu9-a#CPW$"
"melys.grassi@edu.tbz.ch"|"pQmu66-2kHZWH-x&Nv1n"
"leone.poleye@edu.tbz.ch"|"y@I%z0-rDoqwX-cFuIih"
"francoise.penny@edu.tbz.ch"|"t73rg&-X#@hpL-AN1HD2"
"rebecca.edney@edu.tbz.ch"|"gzlnIX-D09#Mn-&&zHon"
"adelaide.murtagh@edu.tbz.ch"|"B9yM0h-%u53kq-pqcj9r"
"stevina.winterbourne@edu.tbz.ch"|"hcaMqk-e&qrQK-XgM%Kx"
"ma.cottom@edu.tbz.ch"|"TZTLUp-uvyvHM-W6L@zN"
"tan.harold@edu.tbz.ch"|"MWZzeW-#Lqb5V-wV01S9"
"venus.forte@edu.tbz.ch"|"kQvd7z-MskXQU-FdXOBJ"
"almerinda.oluney@edu.tbz.ch"|"w%29Ge-QCAiGC-emcXAF"
"cleopatre.brehault@edu.tbz.ch"|"WsEw@d-4X#W$t-cNPZHE"
"interessant.lapides@edu.tbz.ch"|"lZWirt-td#l#$-g%LGaH"
"reserves.hallatt@edu.tbz.ch"|"0BOeH4-rQBHPK-%dZ7GK"
"annotes.birdwhistle@edu.tbz.ch"|"lvJ4&O-WjiXnP-s%Fus@"
"ai.dredge@edu.tbz.ch"|"XC6Dd&-mCx3ls-EtPVPG"
"megane.mussard@edu.tbz.ch"|"zWHLSA-NhZ3nw-YiV50E"
"esbjoern.gowrich@edu.tbz.ch"|"ooZJlu-hjRz&I-9lgJb7"
"boerje.brislawn@edu.tbz.ch"|"WdN@10-#C1n9W-EMhMzy"
"becassine.wilce@edu.tbz.ch"|"@3XOmI-tv85U1-E2P7Q2"
"personnalisee.oels@edu.tbz.ch"|"SUQYh3-Ve4Img-mNYiK6"
"verane.pett@edu.tbz.ch"|"$#%24&-@fgYGI-Ms#sPN"
"marylene.glewe@edu.tbz.ch"|"fh4oC&-#7H%NS-MuOu4n"
"lai.elson@edu.tbz.ch"|"K#mZ9a-LM&GVq-a4MhHr"
"serena.difranceschi@edu.tbz.ch"|"T1KGXb-l@b1@9-L91GRC"
"lie.espinel@edu.tbz.ch"|"d@J4q6-Wqp6vw-fN5oje"
"marylene.fantini@edu.tbz.ch"|"axJcmw-deqEoJ-Mu7Esf"
"andre.archdeckne@edu.tbz.ch"|"LzD2uh-kpVCv4-6JAn$P"
"goeran.bohlingolsen@edu.tbz.ch"|"D$ZoFT-@jnJLQ-AqsUAO"
"cunegonde.heffer@edu.tbz.ch"|"V#jLk8-ZKKTbh-&LR2Gv"
"tan.fechnie@edu.tbz.ch"|"E4am2e-J3wZje-1tI8@V"
"marie-noel.brammar@edu.tbz.ch"|"CCq9mH-p&TYOq-6GYTx5"
"simplifies.aven@edu.tbz.ch"|"9KhPu3-1amOxa-altYFn"
"melys.pinchen@edu.tbz.ch"|"TUP14A-wgndP2-%SzXCt"
"edmee.joyner@edu.tbz.ch"|"XRtQ%S-T9oOYR-0rvkBq"
"berengere.edess@edu.tbz.ch"|"oSKTCX-kqQkGL-cVr7H@"
"marie-noel.goward@edu.tbz.ch"|"j@ixIR-BOkqS3-gfal@v"
"ju.edmons@edu.tbz.ch"|"@qRrWa-rCayb4-Ff&a5A"
"frederique.airds@edu.tbz.ch"|"%Bf6Oy-CmsbhX-6@wGYW"
"reserves.dauby@edu.tbz.ch"|"y3Ka01-ZXXRJW-AKw%FW"
"hakan.gynni@edu.tbz.ch"|"lvOGpz-@QtYSs-7ZeeRc"
"leonore.pinwill@edu.tbz.ch"|"xbWgnV-ZXKyD3-RJ6xj8"
"marie-eve.mcallan@edu.tbz.ch"|"8p4aLT-AHiAP#-UI%lp5"
"naelle.yeabsley@edu.tbz.ch"|"nDl@e4-0V1J5O-xSSrO6"
"nelie.jacobovitz@edu.tbz.ch"|"rbhp#e-y&eW4G-GitfB6"
"adele.conelly@edu.tbz.ch"|"eqfn7A-%FE3Nk-k5ZIMU"
"clementine.dondon@edu.tbz.ch"|"GnwG2u-WH#DFk-gtQzct"
"zhi.willcot@edu.tbz.ch"|"D99DGS-$Y4vMs-%6D14x"
"chloe.janicki@edu.tbz.ch"|"eb7pLN-DyjYyn-#JG%@7"
"meng.linde@edu.tbz.ch"|"sOcGz2-9#h0yp-5oRyK$"
"celine.janisson@edu.tbz.ch"|"JALtd&-of8k3g-rbCUuJ"
"clelia.crow@edu.tbz.ch"|"jh3%fL-GMUX6Z-vBL6Jt"
"cecile.pyott@edu.tbz.ch"|"gaqfro-udgRYb-p%giYF"
"ma.fidelus@edu.tbz.ch"|"IaxIyo-aKOHTe-2Yxg8K"
"marie-helene.poore@edu.tbz.ch"|"dGkl&P-SjRnqI-kk7Xuh"
"elies.blanket@edu.tbz.ch"|"r&WIN@-M#Ljyl-&PHH03"
"yu.boyer@edu.tbz.ch"|"s0T8Dx-vhHvRD-3cUD3b"
"celia.welds@edu.tbz.ch"|"%JkYp7-wp6qMo-jo&kXN"
"du.gunney@edu.tbz.ch"|"cg6$sM-9ckX0v-lIbf7G"
"goerel.crush@edu.tbz.ch"|"W@0WWK-E4vaEN-i2pJxX"
"marie-josee.brosius@edu.tbz.ch"|"#z9E&l-r3Es7I-EpxtHC"
"camelia.adds@edu.tbz.ch"|"IlpmVh-ipM2%c-hE3hvR"
"anae.irwin@edu.tbz.ch"|"VFUx5e-9uoUfS-rfqoKT"
"cleopatre.skeffington@edu.tbz.ch"|"sHGjDO-YkD8E5-gOH@sB"
"gerald.suggate@edu.tbz.ch"|"zwW64C-ZU5xFG-T7q&S%"
"laurene.tailour@edu.tbz.ch"|"z6Ico8-@JkiJj-EfU@Sm"
"amelie.hoble@edu.tbz.ch"|"16aRjA-b%tJZR-bTlC%q"
"venus.getch@edu.tbz.ch"|"Rq3zBR-RL5#5y-9uXjEe"
"renee.treby@edu.tbz.ch"|"ZUs1IP-YpbZ2V-o71HiC"
"almerinda.stait@edu.tbz.ch"|"avQbyF-Wc3OxP-c9Y&xf"
"andree.reddecliffe@edu.tbz.ch"|"BSCNEi-y67zQ8-Rv4E48"
"leone.wintle@edu.tbz.ch"|"zLbq5e-BmZbQf-1d@Tdy"
"gerald.fellow@edu.tbz.ch"|"4V4lez-a3KNBZ-0A1d4i"
"ju.gudger@edu.tbz.ch"|"cOz8VX-xHGaS2-QWWhVn"
"meng.ohaire@edu.tbz.ch"|"7VkbyL-k418cD-%AlR@t"
"cleopatre.missington@edu.tbz.ch"|"vPgewe-awS9rl-Xb#lpr"
"annotes.debruyn@edu.tbz.ch"|"uTLZys-eeubTC-YHzsLX"
"gerald.sinisbury@edu.tbz.ch"|"nXv54g-zsQ1n5-sm6RRv"
"creez.slora@edu.tbz.ch"|"5bDLHV-Hw$490-jqb@3h"
"gisele.benbow@edu.tbz.ch"|"LSvFvU-6NoWfX-1pZpVi"
"pal.dossit@edu.tbz.ch"|"YYXJqo-KSA2SL-Rdw#vx"
"nelie.stirrip@edu.tbz.ch"|"dhE6UN-D663cB-e6WSan"
"alois.ocrigane@edu.tbz.ch"|"rmw5ly-jItMwJ-lz7v9o"
"kui.mcterry@edu.tbz.ch"|"78Jr4&-ePc#C@-rznzXV"
"long.willgoss@edu.tbz.ch"|"nYuHaS-hrv5nQ-ogml2X"
"francoise.sumpner@edu.tbz.ch"|"eLG2uD-DTqNUh-DUBB9&"
"maely.grinstead@edu.tbz.ch"|"0Bz3n&-HNDQL3-Nmkq0n"
"creez.langeren@edu.tbz.ch"|"N3Y3##-Yotb7I-Ogr#s#"
"adele.dungate@edu.tbz.ch"|"wbksm8-hedjw#-O4fUY$"
"cleopatre.noirel@edu.tbz.ch"|"6A5ADO-T6I%no-ITuH@i"
"interessant.daverin@edu.tbz.ch"|"cYu@gl-%$sOci-oy$yMA"
"naeva.kalderon@edu.tbz.ch"|"Yf63Rq-nnSyGo-PpoEOF"
"anais.oshesnan@edu.tbz.ch"|"a#G8QH-EutD2u-TS4FUu"
"judicael.anelay@edu.tbz.ch"|"X0uy6y-Dw4Tou-ZwzU9%"
"eloise.braxton@edu.tbz.ch"|"S3yyTS-TgHKT0-sd&bWM"
"desiree.greguol@edu.tbz.ch"|"0e7DIQ-pr2H$Z-wew&6a"
"maite.mcclenaghan@edu.tbz.ch"|"kU6bym-M&YtVS-SGtpo@"
"meng.doret@edu.tbz.ch"|"3RtO0&-#dhZNi-y9etNw"
"frederique.chippendale@edu.tbz.ch"|"mrwSmW-%qiUv1-CLrIOB"
"andreanne.lanney@edu.tbz.ch"|"sbR1$M-#fvvvI-DsduVw"
"aurelie.claus@edu.tbz.ch"|"SMzdRo-UQa%ck-2ZYJ%e"
"renee.pabel@edu.tbz.ch"|"#vdU7q-73yHc9-#VWY#F"
"maena.roust@edu.tbz.ch"|"xHqnoJ-wIt#T6-2pqZL3"
"nadege.carwithim@edu.tbz.ch"|"pHldZ2-R#bbvF-cUs4q8"
"solene.geyton@edu.tbz.ch"|"CEa4qW-G7r%%1-Ej6OKE"
"dafnee.avraham@edu.tbz.ch"|"I7fSFF-1MUw$V-kl7fgR"
"leane.woolvin@edu.tbz.ch"|"GnjGXz-Frx@Ds-$b%LTw"
"adele.macadie@edu.tbz.ch"|"FIxVo4-KGzqHT-SSl1iZ"
"meline.rubica@edu.tbz.ch"|"6lB#h4-WdUCB7-5$zkW0"
"marie-noel.speeding@edu.tbz.ch"|"j$0VX4-2%kn19-s0GV2M"
"nelie.mix@edu.tbz.ch"|"cbWrw4-@M@tQP-rK4DbT"
"clea.ollett@edu.tbz.ch"|"AfHnmV-4BJkCl-JevgUb"
"leandre.mcgavin@edu.tbz.ch"|"##gobh-bhotL8-3UF1G3"
"cecile.behne@edu.tbz.ch"|"J5rDEG-9E31Ji-r1Kvl&"
"melanie.polle@edu.tbz.ch"|"3IHI3q-Lj1Tz3-ANdIs1"
"marie-josee.titmuss@edu.tbz.ch"|"@hdtaM-gB%fm6-lQsOK&"
"helena.guest@edu.tbz.ch"|"BYF723-txFHT6-P0c4nu"
"annotes.chicchetto@edu.tbz.ch"|"7jmi2z-Jh2Zcx-CewHgU"
"melia.tubb@edu.tbz.ch"|"OehX50-9N#Ehg-aKwVC&"
"angelique.casetti@edu.tbz.ch"|"PXf0Vb-MjL#VZ-VKji6U"
"cunegonde.cleall@edu.tbz.ch"|"Y80gtm-yA7iKm-gBj#Oc"
"camelia.oaker@edu.tbz.ch"|"ueVPba-gcoNuI-IylZXq"
"you.searight@edu.tbz.ch"|"PO6DlX-YFL@wT-UyEjaD"
"kevina.dederick@edu.tbz.ch"|"bQ0jd0-4a4Q4Z-D23PhD"
"milena.jeffrey@edu.tbz.ch"|"bRPE8u-Vk@rgF-4plzHl"
"melodie.barkshire@edu.tbz.ch"|"msHwki-nMNoGC-0WgNkh"
"gaelle.kreutzer@edu.tbz.ch"|"wQj&vJ-ScY#0A-#8erXy"
"kalliste.kleinpeltz@edu.tbz.ch"|"Q8ER1&-@Vc5@M-E1Evnm"
"clementine.danat@edu.tbz.ch"|"pa%Oof-d9mDbx-MCMoPs"
"andrea.wabb@edu.tbz.ch"|"qZxJrK-F#o60w-kb$1Uw"
"geraldine.piesold@edu.tbz.ch"|"vHBnb$-4W5E#5-4MY6q%"
"tan.fiveash@edu.tbz.ch"|"Pcai6K-aGWy4O-jSOqBh"
"meline.yuranovev@edu.tbz.ch"|"PCcDTA-QG6X9j-J1yV0q"
"therese.holme@edu.tbz.ch"|"t76O%d-i6BIB3-S9wWRM"
"salome.vaney@edu.tbz.ch"|"ftEmW#-w2%l28-Nz$CF3"
"anae.abramson@edu.tbz.ch"|"ZUkD%V-1Y$fwo-pj5O#O"
"kalliste.jimson@edu.tbz.ch"|"Uf@Co1-ijOqZF-WCyScK"
"selene.yole@edu.tbz.ch"|"7ZFst2-ckV#y&-OrbBtG"
"agnes.defraine@edu.tbz.ch"|"OF3p%j-%TThq4-6iRQKL"
"faites.mccluin@edu.tbz.ch"|"bAoZbr-kgMCd6-EEVzMp"
"athena.deme@edu.tbz.ch"|"ncdt6i-DQpc7M-cxhxL3"
"daphnee.brigstock@edu.tbz.ch"|"JSiZZV-uQ6vQC-02dWct"
"goesta.skaif@edu.tbz.ch"|"9ZVt9h-JajNkv-pe6y8h"
"oceane.jagoe@edu.tbz.ch"|"jduS@t-VWY08m-T88u7Y"
"annotes.broomhall@edu.tbz.ch"|"f4q17F-Paj&7Q-AVDs68"
"marie-eve.ballendine@edu.tbz.ch"|"3taTCA-SQH0xI-iX7vjI"
"melina.spykings@edu.tbz.ch"|"1Y&ijI-dZ3Icm-7y6GmD"
"laurene.ticehurst@edu.tbz.ch"|"m4y&bN-&DzOZz-WM5&#L"
"fei.avramovic@edu.tbz.ch"|"L#3BO0-VWZZCy-B2zwbI"
"publicite.strathearn@edu.tbz.ch"|"$%1Twx-WByUOd-7GD610"
"torbjoern.garrow@edu.tbz.ch"|"#cj90h-NY&T0v-ugcW0f"
"chloe.rubinsztein@edu.tbz.ch"|"IQxbYg-GDY0WK-5D5DY7"
"mylene.demanche@edu.tbz.ch"|"w%u&Yv-xTg2bA-eyoJP$"
"mediamass.godlonton@edu.tbz.ch"|"#2QrT2-cfsWLj-4vqV6K"
"renee.shurrocks@edu.tbz.ch"|"j9%5Hr-Z86NRc-TWAt$X"
"maiwenn.jedras@edu.tbz.ch"|"aANgRI-BnDDnd-gH8fJH"
"genevieve.castells@edu.tbz.ch"|"Lq8C$R-8AFJI8-VJro8a"
"renee.sneden@edu.tbz.ch"|"Q7lTEM-aQOKy4-ejg7nK"
"lai.mccallion@edu.tbz.ch"|"8POMb2-i8n9bt-bbK#03"
"kevina.impleton@edu.tbz.ch"|"obkFss-0V#mzA-h9Hly7"
"oesten.fresson@edu.tbz.ch"|"B3nAoB-296tgV-bjtT&F"
"verane.shawley@edu.tbz.ch"|"Ub@rGx-uqI71b-nv1tN2"
"uo.sjostrom@edu.tbz.ch"|"5l0Z5L-#0azKa-VqghsM"
"gisele.gothup@edu.tbz.ch"|"dS#7rI-Gp$F0W-dyHegi"
"renee.beauman@edu.tbz.ch"|"WCnDoK-C#J%8E-JepIOB"
"elies.loton@edu.tbz.ch"|"4q5BcE-S6oYqe-JdQ&A#"
"valerie.elsmore@edu.tbz.ch"|"3kekzo-waT6B6-sNueWc"
"berangere.delafeld@edu.tbz.ch"|"9VQuME-qnKL34-1X&fn5"
"bjoern.schimke@edu.tbz.ch"|"zsFz#F-p4jnnQ-5Imwe$"
"loic.ericssen@edu.tbz.ch"|"ivB0Li-MZViVf-fTP2ks"
"creez.richarz@edu.tbz.ch"|"QKv1zh-cp@SwH-iaE9Ur"
"athena.grocott@edu.tbz.ch"|"3%4quZ-HkbU5%-nm4ade"
"naelle.piotr@edu.tbz.ch"|"f5MVZE-@qSWuK-nj4vII"
"maella.paulson@edu.tbz.ch"|"cRFY4C-ccI66m-PoNgg#"
"song.perot@edu.tbz.ch"|"MSPUPT-x%Tcsc-VKi$Jl"
"kalliste.heckney@edu.tbz.ch"|"8yzuwq-iR6Z1j-o%dgde"
"ake.vasyutkin@edu.tbz.ch"|"tVDM&y-B2AeeD-uq5vi6"
"ma.castles@edu.tbz.ch"|"ubh545-e&E3fu-$nlwhQ"
"maely.monget@edu.tbz.ch"|"CO&dMr-c1lkgG-eEYtY2"
"tang.durbridge@edu.tbz.ch"|"z%Sg6r-RplBd@-FLDI#7"
"laurene.andrew@edu.tbz.ch"|"oCZYvT-blo32B-FElmvi"
"lysea.beacon@edu.tbz.ch"|"IiSZQr-bmjJRW-V3PaUH"
"leandre.peyntue@edu.tbz.ch"|"ZCvhw6-jFAv9I-JiJ9mG"
"rao.trever@edu.tbz.ch"|"UFa0#z-DdW$5U-XaFlcL"
"mahelie.streader@edu.tbz.ch"|"B86mCH-v9@vK2-wzf4@F"
"maerta.andrejevic@edu.tbz.ch"|"D@#BZ%-qekBaz-AfEhjP"
"goesta.tompkins@edu.tbz.ch"|"15YLGd-0XXiot-QM07oK"
"helena.agates@edu.tbz.ch"|"WWJ#fV-OP#ZEf-Wea72m"
"therese.glass@edu.tbz.ch"|"cV0jJS-xCEPvn-OdyQPz"
"alois.foan@edu.tbz.ch"|"8wXaiL-k#T$ui-mL&Nzl"
"becassine.melchior@edu.tbz.ch"|"u&P@t%-jDXy44-Wr6RQq"
"cloe.robart@edu.tbz.ch"|"QX&bRV-wKblAU-2kxBF#"
"daniele.puckinghorne@edu.tbz.ch"|"gM2Ntw-#Qs7Q2-GoS4kx"
"selene.cammidge@edu.tbz.ch"|"pULt58-WDqLjG-VcZQ4y"
"regine.conochie@edu.tbz.ch"|"GEstRm-H#Y914-rWyDc4"
"interessant.tuiller@edu.tbz.ch"|"QqNH1A-NqOnVW-sTEb4$"
"long.tiebe@edu.tbz.ch"|"t5Y#jO-BZ#VJD-&#k5L@"
"mans.yele@edu.tbz.ch"|"xTbWuO-dBXs@K-R#yoML"
"ai.giles@edu.tbz.ch"|"ExVWbG-762Z8#-Ic4DPE"
"gaetane.hamberston@edu.tbz.ch"|"Ed4fHb-b2rq%7-bPrqon"
"marylene.fenix@edu.tbz.ch"|"8KU8sP-f%%x5x-OVvPDv"
"geraldine.graeme@edu.tbz.ch"|"71dnLC-tn5rZi-9P4JMB"
"tang.kinglake@edu.tbz.ch"|"3VSr6$-rFS3i2-9AAh0y"
"lai.challoner@edu.tbz.ch"|"Z4aLLT-j0iYQn-kc34GG"
"desiree.mattei@edu.tbz.ch"|"hys%Ws-UAFqj1-R9SO1d"
"ake.erley@edu.tbz.ch"|"xoXXlu-FRbuXS-W6&$um"
"edmee.cavil@edu.tbz.ch"|"SFCTUr-HFtxP%-NUcrcE"
"alois.moyes@edu.tbz.ch"|"@Eijga-BUNihM-@7dijo"
"becassine.pitman@edu.tbz.ch"|"@mrS0Q-1ZM$DO-VOC9Jl"
"ai.giacovelli@edu.tbz.ch"|"d0@qW$-o7lL4$-@V4hoW"
"judicael.fruchter@edu.tbz.ch"|"uvyREy-PlgKQi-VhlZBE"
"mans.mogg@edu.tbz.ch"|"mq4mRZ-6Np1mC-WoIbue"
"gerald.foyle@edu.tbz.ch"|"whrp&1-dBz2nB-4hoAle"
"wa.androletti@edu.tbz.ch"|"HVnPhC-Z@Y$Xu-JeVL@O"
"meng.ollett@edu.tbz.ch"|"ZRbJD9-#4pmwK-jZxp#H"
"naelle.macmenamy@edu.tbz.ch"|"mJf&@n-Z75jYt-9f81XQ"
"gisele.mcramsey@edu.tbz.ch"|"M0k0Ou-guPaaU-v$z&Pa"
"meryl.scolts@edu.tbz.ch"|"FseY7a-6k4oEG-wZeQ4m"
"celia.bloxsome@edu.tbz.ch"|"2Ej88V-hK1H@H-sCqJq8"
"styrbjoern.stuke@edu.tbz.ch"|"X@F3gD-E042fX-xdpA$p"
"felicie.gwilliam@edu.tbz.ch"|"@wwVz%-uSF@#H-Ke&gDa"
"da.harms@edu.tbz.ch"|"OUMs$l-oCmbMY-eU6XjZ"
"celestine.baulk@edu.tbz.ch"|"V@1$4b-RsXIu1-L1hb%j"
"mahelie.blackledge@edu.tbz.ch"|"RkWNCW-FdQ0L7-R33cAx"
"meghane.salt@edu.tbz.ch"|"lcDR%w-yRepyy-hDFIoE"
"methode.paxeford@edu.tbz.ch"|"4veZ@2-KHgdCq-KyTCR%"
"asloeg.milligan@edu.tbz.ch"|"fJIX8m-Jcrvve-yVq6KR"
"you.pellman@edu.tbz.ch"|"nhpop1-fJmcZn-AJVnhL"
"loic.regenhardt@edu.tbz.ch"|"wDhhZq-0N4oTE-t%mRre"
"daniele.savill@edu.tbz.ch"|"gAIfPS-eT1Gpc-x27$ox"
"alois.cornu@edu.tbz.ch"|"hkH7z9-dupEKk-C6dq#S"
"oesten.govey@edu.tbz.ch"|"BpA%Do-NCxQW#-Ua&gUO"
"marie-eve.louch@edu.tbz.ch"|"mx9$gP-aCtR%T-79vqCI"
"theresa.wenn@edu.tbz.ch"|"aQQBeb-iA36@m-QpA6LC"
"andree.eul@edu.tbz.ch"|"6POvfh-VUFYsI-GdDZBO"
"lie.paynton@edu.tbz.ch"|"fgRoZc-AiNn@6-D6lsWG"
"marie-eve.girodier@edu.tbz.ch"|"Xp36sC-nXZDw8-0J&$dD"
"marie-noel.smithe@edu.tbz.ch"|"xpNmXu-Iyz3J@-JZrVUr"
"men.bootyman@edu.tbz.ch"|"r07HR@-cZs7oE-5@ZY1K"
"ku.sugg@edu.tbz.ch"|"$laPf8-@&Tjfj-4WqLPH"
"lucrece.roseman@edu.tbz.ch"|"QLg78M-r3$GEq-Iok9VM"
"zoe.annear@edu.tbz.ch"|"OT#3$B-C5lIry-M0pDN%"
"marie-helene.rennebach@edu.tbz.ch"|"voAJ94-VSF24#-iz#Cae"
"lea.djurdjevic@edu.tbz.ch"|"GOQFCB-4VpHsO-6DKWsL"
"goerel.robert@edu.tbz.ch"|"E%gsVP-@UT%n5-rYxv9s"
"mylene.foldes@edu.tbz.ch"|"Ci21zH-C4NpPu-4M&ncq"
"faites.clegg@edu.tbz.ch"|"Jrae9d-tFeGB4-feq02I"
"marylene.crowcher@edu.tbz.ch"|"hM6Bxi-u1U#c5-SftbAS"
"aimee.wimpeney@edu.tbz.ch"|"s#Kf$J-F1zOiH-yNJiWm"
"renee.atkins@edu.tbz.ch"|"UivM$z-KFMn41-a7a&8w"
"rejane.cainey@edu.tbz.ch"|"K7mdQc-i52Hkt-ORV6#D"
"solene.britney@edu.tbz.ch"|"THz5wv-7uLc0p-ZJj4ty"
"marten.shatliffe@edu.tbz.ch"|"HTOQAM-Qa5cDx-32fKli"
"maite.issatt@edu.tbz.ch"|"OotCVV-YCTcHv-ZIAMYN"
"maelyss.edon@edu.tbz.ch"|"J2ljwr-WBnyPz-T0$GbB"
"nuo.bamling@edu.tbz.ch"|"G92oCd-RsHOTE-TD0yYf"
"anais.edards@edu.tbz.ch"|"x8yzLD-uV&Q43-ibuVim"
"mediamass.bromet@edu.tbz.ch"|"i#Moaw-o%IFSC-RCL3ua"
"beatrice.kimbrey@edu.tbz.ch"|"TDb2L1-Ut0NZQ-3WbckR"
"ines.lawranson@edu.tbz.ch"|"iPU20k-$NpWcQ-hwx$MT"
"kalliste.scandroot@edu.tbz.ch"|"YKbp5k-ABTjqm-PC$L5K"
"mans.barrowcliffe@edu.tbz.ch"|"xX5$Ks-$EPZ4Z-6RwrI8"
"irene.couves@edu.tbz.ch"|"ZCsqNo-hRcMpk-BFUx72"
"milena.mucci@edu.tbz.ch"|"F7F79A-bVwiSM-B$MrZ7"
"naeva.cow@edu.tbz.ch"|"7l5LW&-DAR9aC-eWaqDp"
"audreanne.mournian@edu.tbz.ch"|"VysN@i-2M2GrK-%YjSpP"
"melia.sinnatt@edu.tbz.ch"|"$7HjZh-83ZKBA-yxkn#H"
"nelie.burnard@edu.tbz.ch"|"BaT$WZ-fKGupH-HqJh9s"
"clelia.ashfull@edu.tbz.ch"|"Ufl#Ef-k6u9mg-U4TArY"
"lie.macard@edu.tbz.ch"|"cqKxv1-LJdB$a-iHqV3C"
"valerie.matoshin@edu.tbz.ch"|"pHL@un-FawnRV-WAc@yB"
"anael.hatherleigh@edu.tbz.ch"|"ytn0vr-Ga9lvY-hTMp%I"
"interessant.warratt@edu.tbz.ch"|"y5H&Zw-QLAw9G-SWzfcB"
"eleonore.volage@edu.tbz.ch"|"9Y7OP#-pHnosA-VAbnEy"
"zoe.stebbing@edu.tbz.ch"|"UEqXDq-szMFET-9ubCgn"
"alizee.nye@edu.tbz.ch"|"ouJZFt-Olr&sR-IJ4cm4"
"celestine.bramley@edu.tbz.ch"|"X9ymDB-s@53tM-6MNI$h"
"selene.philcott@edu.tbz.ch"|"gwNU@m-j52%On-wOaMiR"
"tang.newens@edu.tbz.ch"|"x5wyQA-D$nEAp-5ctXs6"
"annotes.powys@edu.tbz.ch"|"$l0@8S-Eh5p2c-64X75p"
"lea.matthesius@edu.tbz.ch"|"fcGHwV-qMJKzA-wr3SAs"
"illustree.garlett@edu.tbz.ch"|"qgu0#q-5tF@T5-47jt8h"
"maiwenn.meachem@edu.tbz.ch"|"Vz8PSK-hVLFH$-yGh$mm"
"marie-francoise.mcbrady@edu.tbz.ch"|"n0iU4N-DiLTAz-%RG#rD"
"illustree.gimbart@edu.tbz.ch"|"MJZE0L-aRoTSF-@DpNh@"
"melys.lyosik@edu.tbz.ch"|"NorF0b-GP@T40-8CfMGL"
"marylene.mcnab@edu.tbz.ch"|"3qcygW-W#lmH4-sACNpS"
"gerald.blount@edu.tbz.ch"|"yvAbem-VY9pki-Gx&cHG"
"clelia.shakelade@edu.tbz.ch"|"V%bnAu-QN6E74-Ub7OcI"
"penelope.cridlin@edu.tbz.ch"|"Il9mIX-#BJ@Rw-hBWBgW"
"maena.okuddyhy@edu.tbz.ch"|"jiCz5l-yaT1x#-wuTg2N"
"athena.keynd@edu.tbz.ch"|"By&YPe-6UHR3Y-%V@zV6"
"cloe.dwine@edu.tbz.ch"|"ri1L7i-vW#D6W-z5z6Lw"
"josephine.browett@edu.tbz.ch"|"4qwXxF-f6gn7B-RNbrif"
"audreanne.oscanlon@edu.tbz.ch"|"YM02O8-34qGZO-NR$txT"
"fei.jeanequin@edu.tbz.ch"|"nvoWAH-uFN4TN-pG6mUh"
"lois.gormally@edu.tbz.ch"|"Zvv6Gr-q2nRZI-F7Dmol"
"marie-francoise.finnigan@edu.tbz.ch"|"&6on6h-38Ou@J-We@Dy0"
"leonore.trussman@edu.tbz.ch"|"#yH7Kc-TsyNpJ-MNn9xJ"
"anaelle.trumper@edu.tbz.ch"|"2IzO%T-CitdoY-rLOFGG"
"clemence.dionis@edu.tbz.ch"|"EIQtwN-D0THZV-jg%tvs"
"lois.tranmer@edu.tbz.ch"|"25$95h-444X2h-fGMZ#K"
"interessant.volett@edu.tbz.ch"|"v58dg0-%Rnqjc-55%@Jk"
"personnalisee.deackes@edu.tbz.ch"|"HRq8ka-J&kE$I-s0pFMu"
"lie.vasiliu@edu.tbz.ch"|"DQ#rAs-@35doU-oaBYd2"
"dafnee.lamputt@edu.tbz.ch"|"IXPZsM-#nk$R$-P0aK2M"
"elies.bromige@edu.tbz.ch"|"NhY@$6-o#Vyd&-OkJ5Vd"
"helena.klosser@edu.tbz.ch"|"aAp@WQ-olnAg%-Id#Vz1"
"andree.grim@edu.tbz.ch"|"4lO&Yf-6lFGiY-E2eBhO"
"verane.coldbath@edu.tbz.ch"|"SyEqsk-dwydtY-U0oM%3"
"helena.bethell@edu.tbz.ch"|"DPuTnx-q8jEpD-No3Pwm"
"kalliste.carefull@edu.tbz.ch"|"x%MdAV-0DnK3X-1%TCR&"
"regine.odams@edu.tbz.ch"|"HK52Yr-Tt9WKS-CXZf7y"
"len.stannus@edu.tbz.ch"|"qkrOCW-4&d&uX-kD$6T#"
"angelique.works@edu.tbz.ch"|"8&tYBw-MwtbWK-1IE4lx"
"goesta.rheaume@edu.tbz.ch"|"0s8&3l-#UIdrF-GIz#SM"
"maelys.tynnan@edu.tbz.ch"|"HWUQzL-6hgDK$-ugJb#S"
"maelle.carlesi@edu.tbz.ch"|"1FrFde-VTD@@7-Z7Jm%U"
"anael.spurden@edu.tbz.ch"|"&Aa8Oq-8Z&CUn-9evf#0"
"helene.pumfrett@edu.tbz.ch"|"bX6kO$-YAebXT-oeqcU6"
"goerel.pearn@edu.tbz.ch"|"mt94O5-HzK%m0-oIIe76"
"laurelie.dezamora@edu.tbz.ch"|"fsoVXr-#93xAs-A&&%yQ"
"yao.twidale@edu.tbz.ch"|"9Z%6L1-zo1vAe-qCljMk"
"berengere.sola@edu.tbz.ch"|"nPlKmx-fFXIPV-TybXfx"
"maelann.hardistry@edu.tbz.ch"|"ZwlwXG-6PagAv-sI9Ic3"
"severine.littlefield@edu.tbz.ch"|"yDXtTN-QOKe&7-3dc5Af"
"salome.heinl@edu.tbz.ch"|"hwrC@5-S&c&n#-7NIra9"
"meryl.warbey@edu.tbz.ch"|"gUzf$T-d#Nccc-OZ3R5N"
"da.hunstone@edu.tbz.ch"|"NCsbxF-nEN@P3-Y4KfYW"
"venus.broadbury@edu.tbz.ch"|"qDHV1C-qtaBZt-8ycJfa"
"meghane.rentelll@edu.tbz.ch"|"1FLWc#-#3N4L3-AmOrYV"
"marylene.drewitt@edu.tbz.ch"|"6UScxR-DN5tle-Rq03%g"
"melinda.jacquemet@edu.tbz.ch"|"H$o43f-lRwWmH-lea@fz"
"marie-josee.keyden@edu.tbz.ch"|"$YYQrb-o0SLUL-%Sf&mJ"
"asloeg.montacute@edu.tbz.ch"|"llFJ6$-WO7Sta-io3@jT"
"ku.andreou@edu.tbz.ch"|"XJxEK2-huZDC0-%QjOxJ"
"personnalisee.feaveer@edu.tbz.ch"|"CHoq1f-&hT&lt-hvBUSh"
"laila.emptage@edu.tbz.ch"|"94DfTj-lByiK#-&rBhsO"
"bjoern.dawdry@edu.tbz.ch"|"zDM6Xk-bDg7id-bfQh6m"
"marie-eve.dinsell@edu.tbz.ch"|"jz6oar-wu2WIg-&KDAov"
"helene.follett@edu.tbz.ch"|"j9tGNz-eCoOvF-5p860v"
"penelope.cordero@edu.tbz.ch"|"Wp4O#L-RFsTxW-vstWxc"
"boerje.beedell@edu.tbz.ch"|"NlgN5i-S42Sg%-n7XITP"
"nelie.ferne@edu.tbz.ch"|"I7jGQ7-0&ykBY-Ik5#ku"
"celine.ahmed@edu.tbz.ch"|"VxbPnt-ecVtoY-&YWxuk"
"stevina.pimblett@edu.tbz.ch"|"4Pn%R2-QVTjZ8-cxE0n@"
"chloe.langlands@edu.tbz.ch"|"oQ%4$W-@Rh&JQ-KdGXp#"
"simplifies.maude@edu.tbz.ch"|"2WOrL2-fR74T0-ON&h7m"
"genevieve.decarteret@edu.tbz.ch"|"1UuXc2-YhY$8z-GFG9el"
"marylene.mughal@edu.tbz.ch"|"D4S6Z2-i4eb08-mzEXLi"
"goeran.guttridge@edu.tbz.ch"|"&#Xl7M-7P11#T-$YuZhs"
"michele.smurfitt@edu.tbz.ch"|"WPu5np-4Y%vM7-tiBGq3"
"methode.hadeke@edu.tbz.ch"|"SBwSzs-KAHFBx-BvTPC2"
"therese.rispine@edu.tbz.ch"|"JKr3xm-X07&AB-2D&u3t"
"goerel.plumley@edu.tbz.ch"|"uiK3L%-Wl3TJS-B#t1rL"
"oceane.friett@edu.tbz.ch"|"VgdqrC-3jCq92-n1fvB5"
"marie-noel.achromov@edu.tbz.ch"|"w0pT2g-F9Y0y0-hKlnQw"
"dorothee.storek@edu.tbz.ch"|"Y7R&Fj-bUWVk6-x7%Go@"
"goesta.whittle@edu.tbz.ch"|"v$ChmY-2Mo@bj-GUHGdz"
"desiree.casely@edu.tbz.ch"|"IwU8Xu-wS9sv4-WH4mWn"
"felicie.condon@edu.tbz.ch"|"r0Viv5-@6NivG-YwDzgN"
"maelyss.frisdick@edu.tbz.ch"|"Bmq1jf-tgIe7o-axMRjb"
"aimee.banke@edu.tbz.ch"|"EaSQcY-74c7dX-o7t9n$"
"naeva.hodcroft@edu.tbz.ch"|"6bq%nc-bd8yfg-mjvJL9"
"laila.gerrans@edu.tbz.ch"|"usEuhw-Wu#7a2-#ke#Bo"
"daniele.scrimshire@edu.tbz.ch"|"phS12D-@BHa@3-kWmlze"
"daphnee.sheerin@edu.tbz.ch"|"RMvr&m-PrnE%j-#XEsR7"
"pal.vanyukov@edu.tbz.ch"|"51A9G3-hYjLAw-@uV3Xp"
"zoe.childs@edu.tbz.ch"|"xQgjMV-LxwJIW-Uob3o4"
"ai.corde@edu.tbz.ch"|"gGUq0a-GOe7is-Cny@37"
"maelys.berryann@edu.tbz.ch"|"Vri0XF-nRkv7A-lwv%f3"
"cloe.gladding@edu.tbz.ch"|"Ma2fWs-VjOLGB-GGE4vy"
"wa.kinnaird@edu.tbz.ch"|"pgF91X-HLJckb-E6U6xa"
"publicite.brittoner@edu.tbz.ch"|"m@a8Zf-93die0-CLJ1QQ"
"rao.windress@edu.tbz.ch"|"sMVzzu-qE2GZ&-rjOXx6"
"uo.kollach@edu.tbz.ch"|"W&h&Ui-CVdFP1-8HFEtg"
"josee.peskett@edu.tbz.ch"|"lynH5o-f0y#Ku-7kMgP8"
"annotee.hasel@edu.tbz.ch"|"0asIi&-B8nTq9-5$V1Sn"
"cinema.lee@edu.tbz.ch"|"ELmyHL-5ceihp-G%wXNA"
"lai.vedeshkin@edu.tbz.ch"|"c8VOMr-kiuqXq-AD5Bho"
"renee.brisbane@edu.tbz.ch"|"&NEspk-5pYOH%-wsMLAN"
"ophelie.blincoe@edu.tbz.ch"|"ilRw39-4@26yQ-aLa7U9"
"zhi.prazor@edu.tbz.ch"|"i4pT0F-DtACKf-pLFoJi"
"annotee.maddicks@edu.tbz.ch"|"zQPn@n-bzHYg3-s@72vv"
"maelyss.codd@edu.tbz.ch"|"IGzjiY-x5z&sk-uKgoBI"
"celia.peplay@edu.tbz.ch"|"x@zlbM-BwsUfv-hmM7oF"
"interessant.skone@edu.tbz.ch"|"gCSBsm-8Bg&lc-fqkMk9"
"audreanne.hebdon@edu.tbz.ch"|"Tqox69-ZBmxyg-M@EeF$"
"oceane.glen@edu.tbz.ch"|"Yv26cn-CHIdDR-@a4ApR"
"daniele.vanyushkin@edu.tbz.ch"|"0A7Nlh-ZgqV7V-1e9rsn"
"daphnee.ayce@edu.tbz.ch"|"tDFybk-7R4Usj-2LEQ9D"
"andrea.attride@edu.tbz.ch"|"VtB1$Z-ahdvkx-emDe6F"
"penelope.bridgwood@edu.tbz.ch"|"Q@7dzN-SQr5rq-1aC6&d"
"mailis.drewitt@edu.tbz.ch"|"gvMFke-e5KouG-fhTYm3"
"penelope.mollene@edu.tbz.ch"|"j837wu-Ye4@$M-lm$DBN"
"illustree.keely@edu.tbz.ch"|"$365QK-ZSvpKc-%aD&32"
"meng.brisseau@edu.tbz.ch"|"vkmdiv-sNEIl@-&v%mI4"
"ruo.cleiment@edu.tbz.ch"|"ty9xA6-i59sgW-ErL12C"
"maite.krammer@edu.tbz.ch"|"0gLDUE-Pok82Q-&w1HmP"
"genevieve.verry@edu.tbz.ch"|"HOlPyp-gnUCAL-#l6GuN"
"lea.olochan@edu.tbz.ch"|"iI8%Gi-Y99K24-GYBeh%"
"naelle.brunnen@edu.tbz.ch"|"SX6i0N-TYqfvY-1gUD&@"
"goesta.bragginton@edu.tbz.ch"|"26uZ2x-VD7MyF-rkEfyd"
"fei.danilyuk@edu.tbz.ch"|"F8z8RC-O%lh51-W&0RH8"
"adelie.turbitt@edu.tbz.ch"|"bo#xjN-2mOXR&-DbdT9f"
"marylene.nutman@edu.tbz.ch"|"U3qxjw-BSFCjw-S6Ys#u"
"therese.barbrick@edu.tbz.ch"|"bR#9%I-d83RR2-0mbqpY"
"melys.kolodziej@edu.tbz.ch"|"YDNWwN-#&t7vS-TrMPVR"
"melanie.runchman@edu.tbz.ch"|"zW0ELH-aNNNVc-MNL@KU"
"serena.lafond@edu.tbz.ch"|"f9qX14-YFcw8s-sBIQXD"
"pelagie.desmond@edu.tbz.ch"|"28UBvD-uQ2pOf-MtkHb4"
"wa.spickett@edu.tbz.ch"|"XUi@OP-S$zAGW-Vv4yPQ"
"po.shave@edu.tbz.ch"|"4dLOR2-Qwdw84-PA9@Tf"
"song.huikerby@edu.tbz.ch"|"qgCwBN-NmbI0U-QY1enW"
"melinda.bimson@edu.tbz.ch"|"FjjqkT-ZYR$ke-6Az&WD"
"personnalisee.toffanelli@edu.tbz.ch"|"SS8cOC-sKUuOf-H@UnIO"
"leandre.hurn@edu.tbz.ch"|"DxHCi#-EbiZXG-UHI0rf"
"oesten.standell@edu.tbz.ch"|"6TV$a8-wP@9cP-mhajOP"
"naelle.smaleman@edu.tbz.ch"|"kV2Lkx-uQZjPn-5LuzsQ"
"berenice.tayt@edu.tbz.ch"|"EW7c#L-kwOi1@-2rAP58"
"kui.popplewell@edu.tbz.ch"|"221ZUN-AyADOi-3FE3mD"
"melodie.ferandez@edu.tbz.ch"|"AHSF5r-zQh5v2-Stv@lp"
"josee.negal@edu.tbz.ch"|"#SPPPZ-KOyTfC-dT&i8@"
"melissandre.ferrelli@edu.tbz.ch"|"XgDRTb-0X1xJV-#5M0og"
"josephine.kemmer@edu.tbz.ch"|"SNRjTz-I7aPwG-kaq4EU"
"maely.cayette@edu.tbz.ch"|"Ofompq-PHSVRz-Hi@UdY"
"nelie.vela@edu.tbz.ch"|"JMMcJq-pv&oqV-LAp23d"
"melina.cortes@edu.tbz.ch"|"GIAkyx-ODKA#H-co8VFy"
"megane.leyshon@edu.tbz.ch"|"v1wpok-q5TOhu-NDI3Zu"
"regine.harrie@edu.tbz.ch"|"OQN$a2-cfL1ZE-GyLFQ@"
"mylene.widdison@edu.tbz.ch"|"A73&%n-w5IN54-C8ONE8"
"pelagie.vivash@edu.tbz.ch"|"vVsZK%-MR&LKj-y@DU6T"
"styrbjoern.vicarey@edu.tbz.ch"|"EJNJy9-mSNx3y-ByvHDx"
"long.kyles@edu.tbz.ch"|"a2ENRo-dqa4nO-hqP15a"
"stephanie.gipps@edu.tbz.ch"|"1dw#&F-l&w&lU-U#Xl2$"
"clea.constantine@edu.tbz.ch"|"TsEzAe-5vdpnO-j6fT7D"
"maella.cometto@edu.tbz.ch"|"AZq6bL-@wiJne-PtowOV"
"laila.aubrun@edu.tbz.ch"|"kW&eHt-qYODb0-&#zWTK"
"yao.austins@edu.tbz.ch"|"Ivp4Nt-GlFyB8-aWf$7s"
"mailys.rylstone@edu.tbz.ch"|"O0ru17-EtI94t-732mky"
"adelie.curuclis@edu.tbz.ch"|"HvUQuM-H%iEjy-veT4r$"
"celine.longhurst@edu.tbz.ch"|"Il$gjg-arVPP%-rmumqQ"
"gisele.hazell@edu.tbz.ch"|"rqdkgK-sq#MnX-oNCUH%"
"celestine.ciccone@edu.tbz.ch"|"JS8MXN-#AC5ub-esxneC"
"maelyss.doole@edu.tbz.ch"|"K30tNW-uMt@UA-96@MZQ"
"helene.grimsdike@edu.tbz.ch"|"JO%YCU-3hdOTV-$5A7%o"
"lie.macer@edu.tbz.ch"|"Aat11a-BR%tVX-iMRjBQ"
"maely.izard@edu.tbz.ch"|"UR8xc3-vh8Tzn-BPjq4t"
"erwei.breewood@edu.tbz.ch"|"$IFMnd-CIF9KU-HYr7av"
"chloe.woolford@edu.tbz.ch"|"Uxgcos-NFPh@C-CwDYSL"
"cleopatre.turpin@edu.tbz.ch"|"vTv@Pz-Oi$33h-@ZR7Di"
"melodie.surgison@edu.tbz.ch"|"aYxt#5-6Gtrq9-H0B%fG"
"elies.leander@edu.tbz.ch"|"J3IQrT-JZIQM&-h4mjrv"
"mediamass.reignould@edu.tbz.ch"|"TXtXKL-ZSFEW#-eKwNyh"
"celestine.wasmuth@edu.tbz.ch"|"iPOpNi-Ikv#AA-&ytpGN"
"marten.jervis@edu.tbz.ch"|"z8FEYx-TNzhZq-OFH3z6"
"daphnee.bour@edu.tbz.ch"|"FOBsiO-lmTrmk-MTVBtt"
"regine.harlett@edu.tbz.ch"|"dw&g@@-Lz7GZ#-YmNOdi"
"noemie.macaskie@edu.tbz.ch"|"y2RNNq-FN#bjl-G3YRxE"
"loic.renfield@edu.tbz.ch"|"u@W8t7-DuXC#D-jTF1q&"
"venus.kleinert@edu.tbz.ch"|"yjSGVb-XQWwdh-9YgIO7"
"marten.burlay@edu.tbz.ch"|"hUI40x-ty#ere-dbIo&D"
"berengere.radsdale@edu.tbz.ch"|"jqK1T@-FYAX0N-iUbv2n"
"genevieve.duckit@edu.tbz.ch"|"Btmtza-fsp3eO-zPzz9b"
"maely.ligerton@edu.tbz.ch"|"y3mzBw-nSIRE$-FE1TfP"
"maeline.ricciardelli@edu.tbz.ch"|"YCBgs5-Evxz$V-TRR2Xc"
"personnalisee.yggo@edu.tbz.ch"|"6KbQ3m-qJTsOe-cIeXPP"
"alizee.pettinger@edu.tbz.ch"|"PJ9PXC-N5Ojkp-seJHUH"
"desiree.curnnokk@edu.tbz.ch"|"pt7j&E-dYPZzp-iLJ78J"
"dorothee.minors@edu.tbz.ch"|"l#L5#S-fv0gxa-Dc2MNS"
"oceanne.kopmann@edu.tbz.ch"|"pYIZju-r34aK$-he45cp"
"almerinda.brodbin@edu.tbz.ch"|"pyh&o5-TBMuy&-zZm7yg"
"yenora.carsberg@edu.tbz.ch"|"koVCYj-oyG9Tr-IPnKtK"
"wa.beetles@edu.tbz.ch"|"AQJb5K-PykKIx-Ofin$e"
"audreanne.abbot@edu.tbz.ch"|"dr2k%z-uI%Uv&-1ta7pV"
"noemie.capper@edu.tbz.ch"|"y&pK#P-a7Zh11-b7MsN3"
"mans.abramamov@edu.tbz.ch"|"M@jghP-1F&&uC-w3pzMi"
"audreanne.blakey@edu.tbz.ch"|"wtkPxs-cADEVj-UQGXVc"
"leone.klimpke@edu.tbz.ch"|"x3JL3r-v3B1V$-N%NXOv"
"lie.croston@edu.tbz.ch"|"$LixYo-@eq#@D-@BgPtF"
"anaelle.baistow@edu.tbz.ch"|"rpQ5XX-Q9bhGJ-n1RBD$"
"michele.garwood@edu.tbz.ch"|"Gf9sSo-96#sDq-E5FRnP"
"interessant.albion@edu.tbz.ch"|"S$CodS-5UALk9-w1@HMQ"
"andre.brisco@edu.tbz.ch"|"tA8@@4-gIgeTn-EE&Qr2"
"tang.totterdill@edu.tbz.ch"|"0k73MI-jb13%V-Rbm$Vw"
"marie-josee.braundt@edu.tbz.ch"|"1L4oL9-@67bmO-WQlbNq"
"lois.galer@edu.tbz.ch"|"J7pgCs-KiCT@t-r6oNJi"
"faites.pellamonuten@edu.tbz.ch"|"ziXpMV-jHKqro-vhm#s$"
"mai.barfford@edu.tbz.ch"|"o#3Liw-Zj0Gq&-4fxcn9"
"laurene.macilory@edu.tbz.ch"|"1jBlQ#-7BQRef-zl@Zgn"
"elea.peak@edu.tbz.ch"|"wwX6lg-mPkY%F-TREGCr"
"rejane.doni@edu.tbz.ch"|"ERHdmo-ZxG1DZ-E1bXnj"
"mahelie.ector@edu.tbz.ch"|"rt0zhx-hpBTpP-#UAnum"
"rachele.allum@edu.tbz.ch"|"rhXxvq-Fwij3G-J@Yr2Z"
"laila.gerretsen@edu.tbz.ch"|"z8KM1v-eH60PY-g2lQhA"
"ines.bowman@edu.tbz.ch"|"yZwQK7-Fw#jWt-Xh0SWe"
"publicite.barbary@edu.tbz.ch"|"WOdJVx-H4vxTb-BiGKpG"
"mailys.smooth@edu.tbz.ch"|"habaT3-VG1ijM-%S1IeR"
"mailis.huguenet@edu.tbz.ch"|"AJ&uqq-BFYfwi-iQb1nc"
"lea.ewer@edu.tbz.ch"|"6uRgMP-kf&F0h-#c3Pyx"
