"email"|"password"
"melodie.vandervlies@edu.tbz.ch"|"PLpee4-B6dQ&B-ySr0IB"
"angele.edgecumbe@edu.tbz.ch"|"YqKNKm-0P38Yw-57z5$A"
"zhi.andreasson@edu.tbz.ch"|"vwP&zr-p8g46n-ZfIXPz"
"judicael.koppeck@edu.tbz.ch"|"3pXxDw-mRqEPj-ma523Q"
"berengere.capron@edu.tbz.ch"|"tVcddZ-Ayni$&-aoMVm#"
"leonie.brosini@edu.tbz.ch"|"4sy$cj-4vML3y-3wpaL0"
"venus.garfit@edu.tbz.ch"|"puD3V5-arNJfC-C9tFt5"
"melina.janota@edu.tbz.ch"|"LIccFX-%0IUgz-CQH9Cu"
"laurene.bake@edu.tbz.ch"|"ieV248-bw6eeE-jwcAUr"
"regine.dorkins@edu.tbz.ch"|"CZ$4hZ-RStTsb-vQN%bR"
"cecile.moffet@edu.tbz.ch"|"wuzL#u-ukVkYA-zMrkFu"
"maelann.labrone@edu.tbz.ch"|"lJGho2-yP6j2x-ZBxFAK"
"melinda.newbold@edu.tbz.ch"|"j@%e1O-sk0nJQ-7F5JB@"
"mans.itzhak@edu.tbz.ch"|"nG0uH9-SlJNUQ-tYAd2u"
"melodie.pattlel@edu.tbz.ch"|"Mx&xoS-4YO0v1-unx@m3"
"celine.bonett@edu.tbz.ch"|"oklI29-zUkNF6-iStzye"
"adelie.mcgreal@edu.tbz.ch"|"ynIlbt-b4ouHT-8AVTgc"
"helene.soldan@edu.tbz.ch"|"x9yBsC-ZAULDw-#11i#e"
"michele.cluer@edu.tbz.ch"|"DqtDZe-lfDXq7-IF0bkm"
"maeline.mueller@edu.tbz.ch"|"uvz4Vh-17FL&c-kgQoGY"
"maelann.benedito@edu.tbz.ch"|"P3mVCZ-No76Qw-QHIliB"
"nuo.gransden@edu.tbz.ch"|"du7YFq-YiWT6L-IM&EG3"
"berengere.stainton@edu.tbz.ch"|"izv6#n-w4MAh$-peCaYL"
"wa.sabater@edu.tbz.ch"|"mTGBjL-e0I0Us-QqqMHN"
"anais.cochran@edu.tbz.ch"|"XRvM%D-i8yFtc-iZkOZ$"
"gerald.bessant@edu.tbz.ch"|"5cTZ5B-bwqpOC-Q4rAHk"
"ruo.coffin@edu.tbz.ch"|"56@X78-oVX6Lv-fp@A3A"
"melodie.mustill@edu.tbz.ch"|"Crxrwi-QGQrgP-kIRTxn"
"ruo.stanesby@edu.tbz.ch"|"cXbedY-H8$QUs-LbMYHa"
"noemie.antognelli@edu.tbz.ch"|"UGSl$M-#LH1K8-fFReP6"
"maelann.hughson@edu.tbz.ch"|"LAcf@s-#uGBgG-Awswyk"
"milena.mieville@edu.tbz.ch"|"j7k@a%-8xWXMs-0UXjzM"
"mailys.chamberlin@edu.tbz.ch"|"dWhZng-BCaZH0-lz4D59"
"nadege.tomalin@edu.tbz.ch"|"cHkXvK-#Nos#B-pCXbEZ"
"oceane.omara@edu.tbz.ch"|"xSy9r&-b&@xl@-iL3Nph"
"cecile.aguirrezabala@edu.tbz.ch"|"yjpi1w-yfO64P-SVdMas"
"maella.gwillim@edu.tbz.ch"|"d3Y%t0-SU@wKT-5j1RLG"
"lea.mcgahey@edu.tbz.ch"|"&tWLB6-msQE4s-FvJpX1"
"laurene.hagerty@edu.tbz.ch"|"Ex2ZxI-dazgt6-zAfn0c"
"dorothee.link@edu.tbz.ch"|"uX1F&k-E9AUhn-ZBl&d6"
"clementine.kynsey@edu.tbz.ch"|"$Zkl%%-IaUr0s-uiDf7l"
"lorene.smitherman@edu.tbz.ch"|"4cqZTN-6@bdTH-E#mTij"
"cleopatre.klulicek@edu.tbz.ch"|"PIKXVL-Nfz1LY-NRpWGq"
"laurene.castaneda@edu.tbz.ch"|"Ru1Vua-&JcOW$-WLwxFP"
"melia.constant@edu.tbz.ch"|"iZUGtA-1UiiUF-MrLIL#"
"lucrece.clunie@edu.tbz.ch"|"Loiqkq-xsd&kr-QwwAuk"
"eleonore.mcmurthy@edu.tbz.ch"|"80iqtE-$kg1VW-Dr$lMk"
"melia.bevar@edu.tbz.ch"|"CPGmFZ-0Umj3I-aBgTgz"
"camelia.bontine@edu.tbz.ch"|"#x2Jvv-x28Ryw-3A1dU3"
"methode.jozefczak@edu.tbz.ch"|"InbecO-msj@B%-OepWfX"
"audreanne.hinsche@edu.tbz.ch"|"YObuF9-5r8PtP-z1UeSo"
"andree.varne@edu.tbz.ch"|"SzzyyC-fC$FmD-ZxwJhS"
"marten.kinleyside@edu.tbz.ch"|"dvU$oX-WW$hT#-$ZvCQ4"
"esteve.mcewan@edu.tbz.ch"|"giPFK7-cXSD$R-&osHuk"
"leane.dibbert@edu.tbz.ch"|"PpDP6S-DLfuAQ-y3J8kb"
"ma.thewlis@edu.tbz.ch"|"Ba@ZyJ-rZ#z3P-clBxXa"
"clea.djurkovic@edu.tbz.ch"|"wpK5Vr-vZX3h8-Gj%F2J"
"rachele.reburn@edu.tbz.ch"|"WP#6LJ-J0tif0-6t8YT7"
"gerald.gowling@edu.tbz.ch"|"#My2K8-#EkO8k-XwZv3U"
"cleopatre.jackson@edu.tbz.ch"|"10VokU-1L0wDT-mLU2#a"
"desiree.haskins@edu.tbz.ch"|"@OAPyo-Z4DOK8-ovUQ1M"
"eleonore.longson@edu.tbz.ch"|"Ezgutd-lJZFAb-4AGkt6"
"leane.dybell@edu.tbz.ch"|"06iAD7-YTfUrS-%FFb2I"
"becassine.grzesiak@edu.tbz.ch"|"o35rln-w$v2Lp-yoKvKv"
"marie-josee.pickin@edu.tbz.ch"|"9aBDiI-SZrWZM-GVUT95"
"marie-josee.roxby@edu.tbz.ch"|"NIcdsu-yYwHR&-D@gS$3"
"leonie.feenan@edu.tbz.ch"|"ayAtPl-8fge7S-E2ovaU"
"valerie.ellum@edu.tbz.ch"|"1HsU#z-FlKzeS-SX%Tmb"
"ju.caseri@edu.tbz.ch"|"NuNf@B-UyUknK-0atSOv"
"boerje.strangman@edu.tbz.ch"|"OnsFoF-t%pX@j-cDS7@G"
"beatrice.ghidelli@edu.tbz.ch"|"nb2Il$-oTykFe-l19vbd"
"da.jablonski@edu.tbz.ch"|"Kriz0y-3N2opI-8VQH@T"
"uo.beveridge@edu.tbz.ch"|"&$rAR0-9KxPRA-eY0wya"
"valerie.bestman@edu.tbz.ch"|"9phuZB-G9nSJc-$RDbY3"
"marlene.pohls@edu.tbz.ch"|"WQmOFD-vmcvNw-eiQm8C"
"ma.nolda@edu.tbz.ch"|"@D8TrP-iNjD$b-t$Xwa7"
"marlene.bisiker@edu.tbz.ch"|"KqeJv%-oafDJQ-@K4Ga6"
"estee.babon@edu.tbz.ch"|"OwRvZC-zz&SUU-bQfJIK"
"simplifies.dmisek@edu.tbz.ch"|"37KEwG-f1YIce-S1H68b"
"selene.ganing@edu.tbz.ch"|"kPt2@q-MJzpY#-RVKwsf"
"meryl.penke@edu.tbz.ch"|"7O4lUb-pmjf4@-AaI7@A"
"anais.rawcliff@edu.tbz.ch"|"Bculef-Z#QCOo-4wXf34"
"melina.andri@edu.tbz.ch"|"GTsHSG-Cj6wyJ-@enUyJ"
"audreanne.fodden@edu.tbz.ch"|"8i6x7u-ICLYFi-hXebW1"
"bjoern.spellesy@edu.tbz.ch"|"k64lOv-92knW0-w4lxTb"
"francoise.summerscales@edu.tbz.ch"|"lcQEx5-Y&XnuV-YWzb9F"
"laurene.ashtonhurst@edu.tbz.ch"|"GE02Ku-OhMXyl-Ojbco7"
"valerie.petters@edu.tbz.ch"|"xvcLqB-mqG3Gr-5@DLha"
"anael.spenclay@edu.tbz.ch"|"%JqhCl-mP3jwN-A7Y1oI"
"stephanie.keech@edu.tbz.ch"|"guDojs-onoQ64-n7Pita"
"ines.deveril@edu.tbz.ch"|"Bik3RY-hS5Fkf-e7M0y4"
"berenice.gelder@edu.tbz.ch"|"ny@XbM-$xVLfq-&5AT4O"
"melanie.ofogerty@edu.tbz.ch"|"TB&jZB-OCdza#-OtKzo9"
"frederique.canepe@edu.tbz.ch"|"RasiQ@-rKoHad-t5F5%$"
"nuo.otton@edu.tbz.ch"|"6yAP51-&CCsVf-mohn%Y"
"genevieve.trusler@edu.tbz.ch"|"OMDnab-rYV$zK-RJrgRv"
"ju.boag@edu.tbz.ch"|"1ioT32-XzTI39-GuHm&q"
"josephine.dilucia@edu.tbz.ch"|"CgX%LC-XQW%WJ-lvkZft"
"laurene.armsden@edu.tbz.ch"|"wHj7l2-$UWXwU-01evnY"
"becassine.griffe@edu.tbz.ch"|"@rDiDA-hjfP5P-5#3Cxy"
"alois.parres@edu.tbz.ch"|"kaG2#C-5&NKk%-KI$TGo"
"cleopatre.gaffey@edu.tbz.ch"|"T@wHbm-aU0hQ1-Vtlz#K"
"andre.stiger@edu.tbz.ch"|"oJE9OS-8DqwLH-iw7E%0"
"beatrice.godleman@edu.tbz.ch"|"I1JrwZ-z4b399-awLRyi"
"hakan.harrhy@edu.tbz.ch"|"I781El-kDkYrh-i9yOLc"
"celestine.dagnan@edu.tbz.ch"|"vNAYYx-4tlTK%-RFmBKJ"
"clemence.haggart@edu.tbz.ch"|"9RNwpO-FsQDGO-u8SEDw"
"long.caban@edu.tbz.ch"|"ItH@&7-ip#82k-kn0VRe"
"gaetane.grimble@edu.tbz.ch"|"F8JLu8-TXV9Wu-CVaTEC"
"maelann.piwall@edu.tbz.ch"|"Jjmoqf-IpMEGB-UaDuVN"
"magdalene.loble@edu.tbz.ch"|"AJELPt-NtHndF-Jyfr7q"
"veronique.domaschke@edu.tbz.ch"|"0hVUWj-3Pr2Zc-t#VB69"
"clea.herity@edu.tbz.ch"|"0UQ4D9-&Zjjl0-kg7TYT"
"maelann.bambrough@edu.tbz.ch"|"m4P64f-5pOXXM-wYCbbb"
"clea.goulstone@edu.tbz.ch"|"ycAr2X-wnlXA3-CgB6$F"
"renee.deleek@edu.tbz.ch"|"hFLBPo-eApQBE-Cd&7rs"
"boerje.rudderham@edu.tbz.ch"|"y%n4YZ-UoNBHx-E1yKyS"
"marylene.broune@edu.tbz.ch"|"ZvDXhs-F%1tTT-4IHYbZ"
"nadege.mccuish@edu.tbz.ch"|"6RH&J1-wd9nP2-rw5vuB"
"anael.littleover@edu.tbz.ch"|"R3wm%B-c@A1CQ-V9I5vX"
"lie.baume@edu.tbz.ch"|"2Kjiat-4Hy7No-R2gaFJ"
"maella.murrow@edu.tbz.ch"|"s&yHbY-9uc9uN-c$M4K7"
"cleopatre.pettifor@edu.tbz.ch"|"Cv7$rT-aREV59-H4yxht"
"geraldine.asker@edu.tbz.ch"|"15ntjM-N&4sKm-fyG8BT"
"gaetane.smedmore@edu.tbz.ch"|"ALO4$k-1kIeD4-CzoXxO"
"meryl.blencoe@edu.tbz.ch"|"ZOh$IL-tY$Wi#-TTSQr5"
"aurelie.chastaing@edu.tbz.ch"|"lQdh5I-j5jmXb-LiRMbS"
"oceanne.marthen@edu.tbz.ch"|"JmxhNg-7smF0q-tYN2ng"
"dorothee.burrill@edu.tbz.ch"|"123Phf-Js#HXS-oXKtJN"
"hakan.belden@edu.tbz.ch"|"Rh2&uf-aQyHKQ-&ZQHcD"
"celine.brunning@edu.tbz.ch"|"Pt9Bct-uALRRe-lPumNO"
"anael.lapides@edu.tbz.ch"|"mcTwI7-&oBRQk-vhN#Qv"
"ruo.saffran@edu.tbz.ch"|"A%Ud8m-IHVP5g-3uUYxD"
"loic.gerretsen@edu.tbz.ch"|"1VeaSs-eW8Of4-9xE6Kx"
"rui.fitzer@edu.tbz.ch"|"cknurI-ds&SAC-#ywykw"
"annotee.ogers@edu.tbz.ch"|"ezXGRr-ft6Dwd-4ANgWC"
"boerje.bindin@edu.tbz.ch"|"ZMRGkZ-b&cADX-803ckB"
"ma.cronchey@edu.tbz.ch"|"0lfGT8-J&H&mv-8OlnGY"
"laurelie.baiyle@edu.tbz.ch"|"$2ovRg-EVd0IZ-0ZnwFF"
"dorothee.older@edu.tbz.ch"|"NXPHR#-@Oft2O-yCYzSK"
"laurena.wile@edu.tbz.ch"|"%ePfww-p@RYVJ-IrlElW"
"clemence.brito@edu.tbz.ch"|"zp8zCw-fw81QU-Pm1@et"
"nadege.dallin@edu.tbz.ch"|"wdpzqd-i7qpnV-Qf3QCF"
"mailis.matley@edu.tbz.ch"|"JnXZGx-9IFoHo-1FPscD"
"daniele.screaton@edu.tbz.ch"|"G$WBu8-zrEjW4-gfyqK2"
"mediamass.godly@edu.tbz.ch"|"A062KM-B8wu4D-@J0p0B"
"leone.kremer@edu.tbz.ch"|"f5%nxG-NF5I6$-ks3p%#"
"asa.adrian@edu.tbz.ch"|"JHK4%g-@yXK2Q-NNvJdx"
"adele.doley@edu.tbz.ch"|"WvIns%-SIVJHs-sbG4V0"
"fei.sidney@edu.tbz.ch"|"7B0AdP-OvStEE-piNtvu"
"marie-josee.walisiak@edu.tbz.ch"|"S$3MiC-3tMA@b-tnDae&"
"desiree.diplock@edu.tbz.ch"|"YWFb6h-uHAY2N-OHkmD%"
"gisele.schust@edu.tbz.ch"|"Bil696-wh$T2j-VRM0oF"
"ma.longshaw@edu.tbz.ch"|"M1N9#k-yXb&j@-m6MdJK"
"da.boother@edu.tbz.ch"|"ZnAzjU-Seu2Mo-RxST#K"
"simplifies.chaudhry@edu.tbz.ch"|"w9b6e9-OXqXe@-Tj3Kd0"
"garcon.baniard@edu.tbz.ch"|"XcnQVY-NB%FpO-9d%W7o"
"gaetane.elphee@edu.tbz.ch"|"wf1TzZ-u7nm%k-qDxIhN"
"gisele.hassey@edu.tbz.ch"|"jPB$mm-eKf6pT-IqPegq"
"oceanne.booley@edu.tbz.ch"|"gSTQM9-0ZB9Qg-Sur1@I"
"oerjan.dibden@edu.tbz.ch"|"Cn8udM-ibO21i-GcW6Cr"
"regine.ocleary@edu.tbz.ch"|"Lls1t8-FAl7z3-4XyvSq"
"selene.persse@edu.tbz.ch"|"uZnIMQ-FDtqo9-vV2Bdk"
"helena.adenot@edu.tbz.ch"|"jh4Kqz-bdjd6f-t$pCS8"
"maelann.wassung@edu.tbz.ch"|"eezEs5-@MHRhy-Jhx%@V"
"frederique.ackermann@edu.tbz.ch"|"Iup0nM-WFIzW6-8No3wz"
"audreanne.kahen@edu.tbz.ch"|"rlAro8-P1Y%%U-CdaezF"
"maiwenn.lasty@edu.tbz.ch"|"%G5Hve-3IiCTV-1J382I"
"yu.dictus@edu.tbz.ch"|"X@FUj5-u$42Iq-M&v6$F"
"anae.dukes@edu.tbz.ch"|"v$mR86-hyVNx6-%38CUj"
"yenora.warr@edu.tbz.ch"|"tnNQ%4-VE7u4Q-xhA@9V"
"esbjoern.archibold@edu.tbz.ch"|"AP$iXR-Rcsys7-UZ6IwE"
"milena.pardal@edu.tbz.ch"|"xwUSqS-W&MI2g-RM%nuj"
"celestine.graveston@edu.tbz.ch"|"%FR00g-ey5mil-iV&DtL"
"maena.dallas@edu.tbz.ch"|"4%2bIa-gIa#qF-8Ariwl"
"andree.tuke@edu.tbz.ch"|"P@xjaV-nw3GxW-xlNrK0"
"methode.seldner@edu.tbz.ch"|"XIxjiV-%JFn2M-NK7uKo"
"venus.bullas@edu.tbz.ch"|"SAbdcp-H4ywtI-eXu2iD"
"mans.aguirrezabal@edu.tbz.ch"|"WVqUoJ-qjxrTQ-dKXGUn"
"gaelle.eadington@edu.tbz.ch"|"sEQ0rR-BVM1z$-eMa1f2"
"anaelle.falkner@edu.tbz.ch"|"U#lgeN-q%D$VJ-5pza%u"
"ophelie.height@edu.tbz.ch"|"ZH2PUp-23tK4l-giFTEv"
"marten.bolding@edu.tbz.ch"|"6by8dL-Qk92uJ-@QXi3l"
"pelagie.guswell@edu.tbz.ch"|"azHbfc-ABuAkp-RrD@LW"
"gwenaelle.lecount@edu.tbz.ch"|"x3pgZa-3$3K@x-c5oZz&"
"hakan.laden@edu.tbz.ch"|"Dh4Yo1-B1bMTP-Qn36jS"
"marie-josee.hylands@edu.tbz.ch"|"XGfPas-@rhQ#5-BX&YU4"
"zoe.kingshott@edu.tbz.ch"|"RM3AMX-AG&eq8-aDxHq7"
"josee.janous@edu.tbz.ch"|"QGUjQ6-ObzChR-Sc3y5I"
"laurene.gallally@edu.tbz.ch"|"9MPgvi-yrRep@-C@fe2X"
"anael.bickle@edu.tbz.ch"|"ehnhxP-AEZv63-ax1iaO"
"mediamass.lebbern@edu.tbz.ch"|"IlemTC-ARZnU0-RupOyg"
"berengere.hovy@edu.tbz.ch"|"g6LB9i-PDVs6D-r8Tja&"
"oerjan.kilmurray@edu.tbz.ch"|"vtZt@A-y$G5g@-uoU%#6"
"asloeg.venny@edu.tbz.ch"|"fDd6rG-1cctP@-S9f5UF"
"marie-noel.stoad@edu.tbz.ch"|"dnxs#H-cdzxD0-Xwpu#B"
"hakan.pettifor@edu.tbz.ch"|"zEtQ6L-yFu@0l-5TyGyJ"
"maella.willgrass@edu.tbz.ch"|"NWSYCG-dy$b9h-V3rPTK"
"therese.ludovici@edu.tbz.ch"|"XiZIZO-c7&NuH-EU6Dxa"
"stephanie.trewhitt@edu.tbz.ch"|"6grPvc-wabGdQ-0qZ49p"
"maerta.bauduccio@edu.tbz.ch"|"7QgVyt-3I0ciK-C6drq2"
"gaetane.glaisner@edu.tbz.ch"|"wHmqyR-BHmfj6-3LBW4D"
"naeva.pargeter@edu.tbz.ch"|"1WBPkd-pUaypC-JG7E9M"
"salome.venable@edu.tbz.ch"|"pTNXGB-llOj&w-sfWFrh"
"boerje.thickett@edu.tbz.ch"|"5A1kB5-nx#SxH-hyO$@p"
"lucrece.prendergrass@edu.tbz.ch"|"KDU0zW-nSs@1z-QVq4@c"
"laurene.ockleshaw@edu.tbz.ch"|"AtBQKC-unRrdZ-$z#iLV"
"cecilia.pasticznyk@edu.tbz.ch"|"LRWiOs-#JoOvt-ELDX10"
"stevina.mackey@edu.tbz.ch"|"MdG7Ij-b$$D%z-3q0Sn&"
"marie-noel.reven@edu.tbz.ch"|"yFVl1g-13LJHR-sj2emq"
"melina.quilkin@edu.tbz.ch"|"suKPUz-88F9iM-lFg$Oh"
"marie-noel.ferrie@edu.tbz.ch"|"H1GTcv-n@ne4G-#iHQCL"
"leone.alphege@edu.tbz.ch"|"Vk%Nzh-$qTN3v-L1lIL1"
"zoe.leverson@edu.tbz.ch"|"gxVMU#-8OHu1K-oozIBd"
"annotes.grayne@edu.tbz.ch"|"P5$5SO-0u3ZFe-ZUzU5Q"
"faites.lalley@edu.tbz.ch"|"5DG9p6-6Gl4Eh-XMEUay"
"adele.wallis@edu.tbz.ch"|"MpE@OW-Be6TAb-63@C3D"
"severine.madill@edu.tbz.ch"|"#H&#TK-jl&7V@-ZF9LJv"
"valerie.tebb@edu.tbz.ch"|"KIIKd2-vk0RBh-IodadK"
"kalliste.rasper@edu.tbz.ch"|"Zi@Qdp-Iv4Jt2-A6VlFG"
"audreanne.palomba@edu.tbz.ch"|"%zeou2-qPW3XL-QkrC2g"
"elea.adamik@edu.tbz.ch"|"tZgP#d-znUnNY-pga@dR"
"reserves.jakuszewski@edu.tbz.ch"|"L%RsNf-dcI6E4-vJhaHy"
"athena.belhomme@edu.tbz.ch"|"b%qOFt-H&@WV7-CpZAY#"
"rebecca.crippin@edu.tbz.ch"|"F1JzGL-ieGVtA-Y7V4II"
"maiwenn.curman@edu.tbz.ch"|"OdnNn6-ilGJZ$-FsgR0i"
"andree.bunner@edu.tbz.ch"|"xWbISI-paFSU8-1KetDc"
"ruo.winckles@edu.tbz.ch"|"UwUQe0-ruHdMj-EWzVG8"
"naeva.buntine@edu.tbz.ch"|"NTmB4M-Bs4Cvs-k8XbsY"
"boerje.dollard@edu.tbz.ch"|"YPz4C#-f%&Am@-hQgCm@"
"penelope.gorman@edu.tbz.ch"|"aOgdlx-SCvJXn-8@B%8D"
"alois.robelin@edu.tbz.ch"|"yUGEsk-Djan8O-g&kaKu"
"anaelle.tindle@edu.tbz.ch"|"i@@o$n-Df7FnI-c1lB#p"
"ye.frears@edu.tbz.ch"|"FRvClb-7e%@yB-nkvgkq"
"andree.ovid@edu.tbz.ch"|"VZN9M%-AXI1V8-eJjXxw"
"hakan.peat@edu.tbz.ch"|"&I&cJ4-ghEVAs-0$xdVX"
"andre.januszewski@edu.tbz.ch"|"m$BdeE-h&iUhm-OxADIJ"
"annotes.clemmett@edu.tbz.ch"|"x@BN4M-%24QhL-cEtYId"
"pal.lambswood@edu.tbz.ch"|"MvC8ex-PfsmG%-W5Ad0A"
"yao.lenton@edu.tbz.ch"|"ZB8s8h-8H3HPp-4Y@vTV"
"hakan.boyton@edu.tbz.ch"|"bv3co2-vK%h9@-fWaLGC"
"nelie.forsey@edu.tbz.ch"|"zDgi5e-HLEiUO-V7ni7K"
"hakan.horche@edu.tbz.ch"|"px$wvF-ScKhL$-Ys4eOP"
"lorene.sinkings@edu.tbz.ch"|"GU@kvG-dpIihK-nHjQQm"
"marie-therese.creddon@edu.tbz.ch"|"%OhgZh-$HrYlq-k1#reA"
"berenice.tolworthy@edu.tbz.ch"|"7q&LlE-hwPfh2-Wbel&e"
"theresa.land@edu.tbz.ch"|"pVzDp&-o0jA8p-Qv#qUj"
"marie-therese.gianilli@edu.tbz.ch"|"Ha%7je-u9JEl1-DSD1cu"
"meryl.glew@edu.tbz.ch"|"$O2U6G-ySBdXX-HM56&G"
"adele.debling@edu.tbz.ch"|"D%iQD3-m6@#J9-&YvSBN"
"anae.metzke@edu.tbz.ch"|"uiMWGL-W5UJpx-yqtdq5"
"gaetane.gooden@edu.tbz.ch"|"NRMjwV-jL$SK6-u5TVxe"
"laila.bootland@edu.tbz.ch"|"QF3mfD-6Pe3#A-IHw@3U"
"maite.helsdon@edu.tbz.ch"|"57lIG$-$q05U3-cEo@ST"
"andree.malley@edu.tbz.ch"|"Axt@ZN-Mcng@7-Yw0d@t"
"pal.simmens@edu.tbz.ch"|"M$$vhX-s3qidS-xzO0q6"
"maelys.nuccitelli@edu.tbz.ch"|"vK@0wK-cO3Dzi-ufANWH"
"dafnee.sibary@edu.tbz.ch"|"ejTMFM-AZf24w-VGL6Zs"
"alois.harsnep@edu.tbz.ch"|"XFPhGb-ZeAOBs-uDCeQ9"
"marie-helene.lacky@edu.tbz.ch"|"9hjwZT-5Qql8e-xxQ7Fv"
"mylene.youthed@edu.tbz.ch"|"zmeFSn-bvJY#C-cCIHx2"
"marie-helene.dehmel@edu.tbz.ch"|"RRYsfm-hNeG7j-7prVEk"
"angele.batman@edu.tbz.ch"|"tS&ajw-kT7NNi-3$fCrk"
"melia.younghusband@edu.tbz.ch"|"EAy2sU-j9EZe7-pvGZeq"
"eloise.baldi@edu.tbz.ch"|"ngnw9w-$tst16-Z5IlUB"
"illustree.dun@edu.tbz.ch"|"vtW066-aPRdQj-rJ03jM"
"genevieve.late@edu.tbz.ch"|"qz%GB5-ZrFxip-jP0Cp6"
"celestine.colville@edu.tbz.ch"|"WLYDxu-HjlmAS-n2SGfg"
"gwenaelle.scarlon@edu.tbz.ch"|"#pC#k9-4ibX3b-jnD8jf"
"regine.boddie@edu.tbz.ch"|"#Kh5Rv-HVgeTx-gr95YN"
"creez.gaughan@edu.tbz.ch"|"ZG4NjJ-$nG843-ApJhrA"
"gaia.longford@edu.tbz.ch"|"nlNBhn-KpFaq%-rBkE2r"
"mailis.buckby@edu.tbz.ch"|"IQVUOc-th9FlS-rTvJQh"
"song.parbrook@edu.tbz.ch"|"YhUUki-uonvrz-jh6YQG"
"frederique.heddan@edu.tbz.ch"|"CORg3G-bOMNO&-R1vfxk"
"ake.kirtlan@edu.tbz.ch"|"azrpLG-jarBpN-@Mid65"
"nelie.runciman@edu.tbz.ch"|"1ZGH#W-@xP59L-u7@k&q"
"mailis.cardnell@edu.tbz.ch"|"lwcEs@-raHjLH-gJS7PA"
"irene.navarro@edu.tbz.ch"|"rP7tkl-X6txog-d&iYI4"
"maite.cough@edu.tbz.ch"|"hia#je-XS&uQo-E3errL"
"anaelle.stocky@edu.tbz.ch"|"XpRMlQ-7aP@Ae-NqU#@c"
"methode.moulder@edu.tbz.ch"|"qtGXdZ-s7I23b-2f4uBk"
"po.stafford@edu.tbz.ch"|"rnPO6X-PSZbrZ-hA&Pd8"
"faites.scraggs@edu.tbz.ch"|"Mghxlv-arX&MP-lYXkQ6"
"adelaide.dullard@edu.tbz.ch"|"fO$hm@-FQRvz%-VU3ErF"
"desiree.leonard@edu.tbz.ch"|"TNRuhk-KnatD7-s&pinQ"
"geraldine.badgers@edu.tbz.ch"|"#FVc$P-6o6MPc-FY1jbS"
"ruo.masic@edu.tbz.ch"|"trr@r2-zzdrhR-rbCB8p"
"aurelie.lieber@edu.tbz.ch"|"BfNbz9-PLGvPB-@hDG0O"
"naelle.balcock@edu.tbz.ch"|"GaDNnw-yCw%No-ZWWkt%"
"camelia.elger@edu.tbz.ch"|"Ftp#Zo-tXfh6W-RX988O"
"publicite.oakeshott@edu.tbz.ch"|"9ZiDLc-YSLQK#-%CZz3e"
"cleopatre.fawley@edu.tbz.ch"|"suIfEF-ab9rP4-w%obXV"
"laurene.bruckmann@edu.tbz.ch"|"ws9pN7-H77Aa%-zhfJNl"
"rui.haughton@edu.tbz.ch"|"mWF1zd-Fi$Jk3-tb2N1C"
"asa.ladewig@edu.tbz.ch"|"P5CzJn-sVE1k6-xPFiFT"
"gisele.janecek@edu.tbz.ch"|"FW3lHP-JMnkxq-8&kE3F"
"maily.loveridge@edu.tbz.ch"|"VynZ38-OF@xJm-11Sjh#"
"marie-eve.yurkiewicz@edu.tbz.ch"|"ILEno@-j5XExt-BVShTN"
"fei.roder@edu.tbz.ch"|"%#7j4u-$J5Nc8-gJaNZy"
"edmee.chatburn@edu.tbz.ch"|"XmbF&s-wH7d@F-O@4pqY"
"geraldine.darke@edu.tbz.ch"|"@UatgP-lD$LWU-EAtp9S"
"ye.jira@edu.tbz.ch"|"%jQams-r4DWrV-PgNB0X"
"publicite.persent@edu.tbz.ch"|"NetCA3-z0TwHa-LpOeX0"
"severine.wilcox@edu.tbz.ch"|"RW1a7$-nTZh#m-M1XhMm"
"yao.mcclaren@edu.tbz.ch"|"fxKXDn-9u&4us-QUsobS"
"theresa.foynes@edu.tbz.ch"|"Bz7ryY-f@n69%-px0C4L"
"stephanie.isley@edu.tbz.ch"|"t8Z2tg-@Spgqx-qKGWCV"
"torbjoern.growy@edu.tbz.ch"|"SXZVkJ-A2PG8k-G9f$nW"
"eloise.tunnadine@edu.tbz.ch"|"$YsN$t-he2MJ6-jxEU7P"
"maeline.cossentine@edu.tbz.ch"|"8DfZll-ES1dKW-ICkwSv"
"nelie.desantos@edu.tbz.ch"|"Bl4tvf-ArWIzV-ZIvUMt"
"gaetane.axston@edu.tbz.ch"|"&ZgbNQ-LtTPTk-axzg6h"
"aimee.merman@edu.tbz.ch"|"5d0v5t-hH%CHk-Y2pT$#"
"oerjan.drivers@edu.tbz.ch"|"JJgfyX-efZdmq-xcfoNr"
"aimee.miroy@edu.tbz.ch"|"Jt2MLw-KM7&oi-gRco0m"
"nelie.glyde@edu.tbz.ch"|"0Hqcnj-ZiZ%D9-Y3bnaG"
"hakan.kapelhof@edu.tbz.ch"|"LhvM6h-oeKzO8-l$qO6H"
"maelyss.cauley@edu.tbz.ch"|"8s$KH0-FnVguM-lz29QO"
"elea.vaggs@edu.tbz.ch"|"eJF9#t-XJs7a3-sTs&um"
"maelys.but@edu.tbz.ch"|"PEag8o-Es$riR-NcY@Ql"
"maella.arthurs@edu.tbz.ch"|"#eFNbi-aKi0%F-E6p8lr"
"adele.liebrecht@edu.tbz.ch"|"&qEEyD-wYlN63-OjVFXn"
"meline.lomasny@edu.tbz.ch"|"omxsT8-238#9y-5wgwr$"
"mediamass.schwant@edu.tbz.ch"|"dRvTf#-2B@baE-StDdpg"
"leone.saunt@edu.tbz.ch"|"7qHM0U-HgbjH4-3XWtfL"
"annotes.gouch@edu.tbz.ch"|"UXFL#C-1H0IsX-hbeeSr"
"gaetane.bowich@edu.tbz.ch"|"Cme#tA-6qFpG&-NvtkV3"
"alizee.strelitzki@edu.tbz.ch"|"&JFqFk-cmzGxw-A7BRu2"
"leone.poile@edu.tbz.ch"|"cwKzGu-qV%pmI-F$zybU"
"amelie.saban@edu.tbz.ch"|"y@fpP4-c4lI49-%kDspi"
"marten.mcmenamin@edu.tbz.ch"|"QhbfeC-dnSoCH-t03619"
"becassine.keets@edu.tbz.ch"|"S%TvhL-@WjE5c-yhblo2"
"celine.million@edu.tbz.ch"|"hpSsZG-#c3elF-x%nIqV"
"geraldine.belitz@edu.tbz.ch"|"AdXZpd-C#5pWb-k3HyRY"
"salome.mardling@edu.tbz.ch"|"1dKjNO-3A3Mrt-Rztqi2"
"melia.blakemore@edu.tbz.ch"|"aB7zoS-ytwpeI-MiKP71"
"dafnee.mcaulay@edu.tbz.ch"|"QZsH@v-umKwJV-KDS$2d"
"garcon.dennett@edu.tbz.ch"|"%9Ne3X-Fcx@Il-LrTrlF"
"interessant.lesor@edu.tbz.ch"|"2%Bea3-W7p41b-HRHupB"
"annotee.wasbrough@edu.tbz.ch"|"09Kfo%-e7TW42-LflIP3"
"asa.ibbeson@edu.tbz.ch"|"bW1KZ2-8q9U&l-0S#2zV"
"maily.kennealy@edu.tbz.ch"|"$TbyHj-VvFy47-1$Mges"
"ye.seares@edu.tbz.ch"|"bMUcca-V4ybGk-k0v%@N"
"athena.harbron@edu.tbz.ch"|"8IM6Z&-plvvZ@-1J@UdY"
"andreanne.portail@edu.tbz.ch"|"&Gtoc@-blJhAS-OR2Owu"
"goeran.zannelli@edu.tbz.ch"|"vflEKg-wz#8e0-mShzBC"
"gerald.leathlay@edu.tbz.ch"|"zr9vgT-qXfZJR-UydSkA"
"andreanne.chown@edu.tbz.ch"|"Bi4vM9-#UGG#J-AGReT7"
"esteve.clementel@edu.tbz.ch"|"u0DXtT-dNZiH$-WuNhq6"
"leone.legan@edu.tbz.ch"|"E@QQvb-lCsENw-3vTQU8"
"maena.pownall@edu.tbz.ch"|"P$R9hp-IG44ZR-1sF8BJ"
"andree.rettie@edu.tbz.ch"|"2ET8sQ-se70aS-odU2NL"
"ines.kenwrick@edu.tbz.ch"|"McmKuj-1n46Ie-A1M2iw"
"marie-helene.yarnall@edu.tbz.ch"|"wRYiyJ-iiv#VV-4fT#Vx"
"po.martin@edu.tbz.ch"|"X$eNye-JcQV%5-air1D#"
"ruo.celiz@edu.tbz.ch"|"@7nm0W-91ZTLR-XKsmup"
"po.bissett@edu.tbz.ch"|"cXowVE-8$U3wM-pJcbFg"
"du.swindon@edu.tbz.ch"|"a3sTHF-G#&cVp-ylsRES"
"interessant.gouldthorp@edu.tbz.ch"|"peUtk3-JBJTkm-pEh13p"
"leandre.lilburn@edu.tbz.ch"|"vOfzNB-frkKQp-gqHhy6"
"bjoern.whales@edu.tbz.ch"|"aJ#Nnz-CfUEoY-y45YVl"
"interessant.dieton@edu.tbz.ch"|"pvarWv-Xx#wHo-LF8H@U"
"celestine.redhills@edu.tbz.ch"|"LLeOOT-fE#%Rm-r8GTaS"
"tan.yakovlev@edu.tbz.ch"|"g6@X@b-eysP1x-zWeiAN"
"regine.mcdowell@edu.tbz.ch"|"cweTuH-2D2uG8-wy90zC"
"ju.coysh@edu.tbz.ch"|"ZRLbvV-GtVaoL-nWJSBA"
"reserves.ofallon@edu.tbz.ch"|"va3%6e-ov@OP4-Es$cVq"
"frederique.sobey@edu.tbz.ch"|"1UwQ#q-gRaNok-Ousz#V"
"marie-eve.garstang@edu.tbz.ch"|"ylwNt#-F#VQNJ-0962la"
"andre.tapin@edu.tbz.ch"|"Td1f&C-URjdf3-ghhhCt"
"esbjoern.eynon@edu.tbz.ch"|"Zq83b0-qn%tCe-59jtA4"
"maella.duffy@edu.tbz.ch"|"TV9YGr-Fq&@C9-s1r1sa"
"leandre.twinning@edu.tbz.ch"|"AbMGED-D3M7Wo-cpZgrZ"
"mai.whittingham@edu.tbz.ch"|"ONbPad-UFNDMQ-v12Wko"
"rachele.shevelin@edu.tbz.ch"|"qzsOC0-TivV8l-P7ebru"
"cecile.mcure@edu.tbz.ch"|"dNj0Xh-75UnUZ-pBr9c$"
"marie-eve.yurkevich@edu.tbz.ch"|"O0fwe&-IvKnBU-W%Sc@d"
"almerinda.paice@edu.tbz.ch"|"qSpKAF-YGzkLQ-dC2Qkr"
"rao.howkins@edu.tbz.ch"|"8eu7#i-2bK#Vb-PN%xGI"
"serena.pack@edu.tbz.ch"|"gCfs55-95dw4t-u6b&Z%"
"rebecca.mant@edu.tbz.ch"|"lT8C@F-Bg$dVO-mfzuv4"
"reserves.spitell@edu.tbz.ch"|"IplEZz-bySIUw-5J7zYQ"
"garcon.hamfleet@edu.tbz.ch"|"1IXZ9x-qahKYZ-$fydWv"
"methode.kerkham@edu.tbz.ch"|"eW84Le-@9tqmh-q5%MLc"
"pelagie.camies@edu.tbz.ch"|"GKPs3w-fZgZ6q-h&qPhN"
"josephine.macpharlain@edu.tbz.ch"|"thS98i-FxyVk9-@YP$C9"
"eugenie.mathet@edu.tbz.ch"|"vnbVmJ-7zcoUO-xTqIlL"
"gaetane.brangan@edu.tbz.ch"|"IX%&un-JOked4-PsBy9P"
"michele.dewbury@edu.tbz.ch"|"hRy0Ge-hIYu#1-548qyo"
"eugenie.elcott@edu.tbz.ch"|"98iF1T-2jEOPq-YGbg2K"
"megane.harniman@edu.tbz.ch"|"0ME$Qu-9GABwb-p0ub8o"
"agnes.cluney@edu.tbz.ch"|"OmANMH-uT7r5w-a1TCZj"
"marie-helene.angear@edu.tbz.ch"|"dgC&mW-ddTMQY-YyRtV$"
"melia.dolphin@edu.tbz.ch"|"MJb2r4-d#AZh%-dOahl5"
"lois.ruseworth@edu.tbz.ch"|"fuF1tu-28naPM-#&Zr&N"
"mailys.ryding@edu.tbz.ch"|"MfKQTM-c%E&xS-ykW6n1"
"rachele.wulfinger@edu.tbz.ch"|"p84FNq-Il#VEq-nCwjyF"
"gwenaelle.talton@edu.tbz.ch"|"K1IDYB-ay968J-bUF53Q"
"long.ronchetti@edu.tbz.ch"|"BcxMcU-2PRhRs-2qx6a8"
"styrbjoern.kloska@edu.tbz.ch"|"RrGqW$-sfikJK-A%eOL5"
"len.sudran@edu.tbz.ch"|"sL#bbT-nnKl1%-BYu4bS"
"maelle.andrysek@edu.tbz.ch"|"7JKGz%-YO4Iz$-6m#mnN"
"selene.senior@edu.tbz.ch"|"QAcMEJ-KICy2L-eiQEjL"
"anais.joskovitch@edu.tbz.ch"|"XqBLCb-S3b6jI-8aP3JP"
"marie-noel.dally@edu.tbz.ch"|"PfWpjC-7Rr3IG-GNu2Bg"
"marie-helene.laurence@edu.tbz.ch"|"DzaSPW-UduLMu-XdZL%B"
"camelia.foxon@edu.tbz.ch"|"vq8h9l-O2iBFQ-pGCZ6r"
"helene.cankett@edu.tbz.ch"|"gxShfy-cW%3Uh-gX7zzo"
"marten.mitchelson@edu.tbz.ch"|"&%6Ibo-6WfiiA-uCzdTF"
"helena.stirtle@edu.tbz.ch"|"Uf&rhr-w9MrDE-WsItL2"
"leane.barmby@edu.tbz.ch"|"7cUEV5-YnWnWY-R@ds%Y"
"goeran.ofinan@edu.tbz.ch"|"xeSn0W-wI%Z55-AzoI8r"
"styrbjoern.proby@edu.tbz.ch"|"4cfYjo-i3yDmE-s@&nNc"
"zoe.halse@edu.tbz.ch"|"Y@J9L%-h7Ft@b-DSvfi1"
"kui.drable@edu.tbz.ch"|"x8VNOZ-ya7S@2-JwOgE7"
"desiree.bamford@edu.tbz.ch"|"Lu&2rN-2YlDM@-e70vMc"
"zoe.suller@edu.tbz.ch"|"4N#Q1N-oHi5Kl-6DRfut"
"marylene.audiss@edu.tbz.ch"|"BVui5i-8@4@Uh-iBsj5S"
"adelaide.poznanski@edu.tbz.ch"|"JUA%o$-AFrzuQ-O&Qq1U"
"maella.coleyshaw@edu.tbz.ch"|"zpKZpe-zYk$JK-SxC3hg"
"marie-francoise.gelder@edu.tbz.ch"|"QOzw@d-biLwAP-o$Zemi"
"eleonore.chaffyn@edu.tbz.ch"|"8&9Oum-5@H3bT-2aRDEK"
"celestine.sikorsky@edu.tbz.ch"|"maRNJv-zw4k7B-j15hd7"
"stevina.londsdale@edu.tbz.ch"|"OjL8NU-uEWS@B-A%fjY3"
"maiwenn.nevitt@edu.tbz.ch"|"EWv@42-3u%FI9-V#LUFu"
"magdalene.gerrey@edu.tbz.ch"|"YmfENi-nI1jrr-8om32G"
"becassine.latimer@edu.tbz.ch"|"c3smMb-HXjDF7-T#T8s$"
"da.lethibridge@edu.tbz.ch"|"xf1OfM-k&x4uT-#hh&34"
"mailys.claige@edu.tbz.ch"|"8DekwJ-R#4B8B-ZkYaD&"
"maena.torbard@edu.tbz.ch"|"1#jTDH-FhmpVg-aJmRas"
"solene.lyvon@edu.tbz.ch"|"ziRyn0-hLh212-hQHdto"
"marie-therese.benbrick@edu.tbz.ch"|"RWv5U@-#V@yHA-zEVU3A"
"gerald.edmonson@edu.tbz.ch"|"NGj0CG-lZng61-wPpGiH"
"ake.messruther@edu.tbz.ch"|"Kf1cDt-@@J6AV-wVuYbF"
"men.gosneye@edu.tbz.ch"|"I#BwTa-Em6NF6-EBRKOU"
"anais.jefferys@edu.tbz.ch"|"flMjQ3-@3t%Ox-LQOb6q"
"publicite.tregale@edu.tbz.ch"|"Qv1JcD-ae1pR5-9z@PyU"
"maily.santorini@edu.tbz.ch"|"pPQvfq-dF8CaK-6nstjs"
"ines.pioch@edu.tbz.ch"|"n%Srs5-RZldYy-cokQ$g"
"noemie.marklew@edu.tbz.ch"|"7LjooO-ui4p#l-kFkxdp"
"meghane.maccaffrey@edu.tbz.ch"|"qBecUK-g%$AgF-ThxEwX"
"berangere.ambrogio@edu.tbz.ch"|"9t4zg9-NjHd$M-D@NsdS"
"mediamass.ryce@edu.tbz.ch"|"wEYW6E-qWtQaf-QxpkH4"
"oesten.ubank@edu.tbz.ch"|"M1FgRI-sE1Q#I-$SIxaT"
"melina.mackee@edu.tbz.ch"|"l#kI2n-hfQzLj-q9w$xU"
"theresa.livezey@edu.tbz.ch"|"E1&@59-zH7MgQ-159Erv"
"clemence.weal@edu.tbz.ch"|"jJZqZh-YYv9s%-aMWoq4"
"faites.overton@edu.tbz.ch"|"bQ8Bz6-&NcYm9-rmtaIl"
"clea.lindblad@edu.tbz.ch"|"LvVhPv-g3a6QY-mbaeGN"
"josephine.roseaman@edu.tbz.ch"|"L5Z@ka-slKG6k-zuQh%x"
"oesten.lowbridge@edu.tbz.ch"|"a$YknY-VSdExv-CsZHe1"
"marie-josee.brion@edu.tbz.ch"|"jd@agn-AMo&xV-dnz%aO"
"therese.basili@edu.tbz.ch"|"EZb6cj-3kDNoE-&0DP9q"
"melia.vertigan@edu.tbz.ch"|"35MzBp-ijmHd2-iBYZdc"
"judicael.saull@edu.tbz.ch"|"DQZsm&-TGDkk$-o28reS"
"selene.valentine@edu.tbz.ch"|"97d@Ul-acFfqS-iZb@n8"
"verane.dunlap@edu.tbz.ch"|"c70K9V-5gIT7F-GlYKLf"
"meline.kinnear@edu.tbz.ch"|"AOGgkC-l#5crt-Ld6EmS"
"lei.luttgert@edu.tbz.ch"|"X6AlpI-ceyToh-IHzhHE"
"styrbjoern.lathleiffure@edu.tbz.ch"|"$ytlsy-Ub8Eq9-kTdaOc"
"marlene.blasi@edu.tbz.ch"|"HRHGRI-R&uiPs-HISIf&"
"mai.begwell@edu.tbz.ch"|"RlJCXu-RrTe$H-GLNThC"
"gwenaelle.kaines@edu.tbz.ch"|"VtB&64-oJGwiR-gJ5ET#"
"gerald.adamthwaite@edu.tbz.ch"|"8sKwmi-oUZQ4s-XV22uO"
"kui.hartfield@edu.tbz.ch"|"kG$ziD-6SYOHB-Npoz8V"
"salome.currao@edu.tbz.ch"|"bZdGXc-Rj@@tj-3JuFrP"
"angelique.tixier@edu.tbz.ch"|"LlKpp0-&i65QB-cg00Re"
"ju.mcgragh@edu.tbz.ch"|"3HO2Bi-4#jALQ-2gt0mp"
"dafnee.beachem@edu.tbz.ch"|"NLy8Mu-b9Qrr0-qbf3#X"
"creez.terlinden@edu.tbz.ch"|"XLOTgI-yQCO6V-2&rY#e"
"uo.mcskeagan@edu.tbz.ch"|"4onT7F-IDM7CL-PBcgSd"
"edmee.mccaughren@edu.tbz.ch"|"U1aZR$-&DNA0T-5J#fDX"
"asloeg.cozby@edu.tbz.ch"|"1xM6#G-mxFq@1-B6XAhM"
"melodie.traite@edu.tbz.ch"|"NsTkpi-EgoqE3-MerFNT"
"dorothee.aindriu@edu.tbz.ch"|"7b7AgY-ZtD7ok-Zvu4el"
"daniele.doley@edu.tbz.ch"|"W1ASNb-D1zs#w-ZvIw4@"
"mediamass.fairclough@edu.tbz.ch"|"ER5@R2-ftqrkc-ivwLCb"
"lorene.rainforth@edu.tbz.ch"|"kjgFra-VAQwjh-&weXhp"
"leonore.eyer@edu.tbz.ch"|"&Qqh0H-VP4X4S-XW4#b&"
"po.spillman@edu.tbz.ch"|"IM3Ds%-Qdv2Qw-e2hDyH"
"cecilia.plitz@edu.tbz.ch"|"2T9937-jeyWO0-vfNZkm"
"lorene.ludlow@edu.tbz.ch"|"YW3bj0-waTfoG-6h9Wjy"
"berangere.neligan@edu.tbz.ch"|"M9ZUj@-$Qlr#q-l1&bF1"
"simplifies.huggan@edu.tbz.ch"|"H$EQLN-D0MZ@Q-uaPFuv"
"clelia.prandy@edu.tbz.ch"|"XoF%dZ-$BeDvO-6@t53h"
"ake.osban@edu.tbz.ch"|"zbXRm3-9s#kxD-zUi9Sa"
"cunegonde.brunn@edu.tbz.ch"|"U46m3@-5nRG4I-28A9Jb"
"long.grizard@edu.tbz.ch"|"RewCq5-xSs5nx-L1va88"
"meghane.diss@edu.tbz.ch"|"#ZAvhn-xUr$eB-f3Jn1I"
"therese.oldman@edu.tbz.ch"|"t2i7Sh-vYnrI6-#prYDV"
"boerje.scamerdine@edu.tbz.ch"|"pTyNAp-yS341W-y@p#ye"
"du.saban@edu.tbz.ch"|"yBg7Sr-Bb&MBJ-t8Kwum"
"hakan.clynmans@edu.tbz.ch"|"SFOzlI-11PovV-V#01&D"
"wa.macdowal@edu.tbz.ch"|"9zVRpW-330@Fo-Bs9dOT"
"venus.hatrey@edu.tbz.ch"|"9YK55C-Bo33Xy-MT15wO"
"anaelle.vispo@edu.tbz.ch"|"um74nW-yVyyRJ-J5gm89"
"mahelie.ollcott@edu.tbz.ch"|"NF&LEI-Qr8Lxe-Fmnjbv"
"mediamass.whyman@edu.tbz.ch"|"ynrZD5-z4Tukr-#QuUt2"
"esbjoern.basson@edu.tbz.ch"|"#WcUUW-rbrYWC-lZ6e3Q"
"andrea.morrill@edu.tbz.ch"|"Sws$$Z-zPDgI3-tu0pn&"
"melys.grassi@edu.tbz.ch"|"B13N8b-mmyZ6D-z1#Szu"
"leone.poleye@edu.tbz.ch"|"GqQjRC-y5FUqc-ZjPzuv"
"francoise.penny@edu.tbz.ch"|"WOAPGw-5lWWDf-iJ7V@H"
"rebecca.edney@edu.tbz.ch"|"9gW&F@-22RhAi-6M#2mV"
"adelaide.murtagh@edu.tbz.ch"|"aY9Mow-iAqzPL-MceBK7"
"stevina.winterbourne@edu.tbz.ch"|"GIBTLK-EoYp9#-iHRomL"
"ma.cottom@edu.tbz.ch"|"xUmZ77-Bf2ruQ-mdRMmK"
"tan.harold@edu.tbz.ch"|"fjE1Us-KjIbMP-bO4v1l"
"venus.forte@edu.tbz.ch"|"vHKjqE-61%ODv-zPOY0Q"
"almerinda.oluney@edu.tbz.ch"|"2vIcye-uG1zVY-Ei5RVV"
"cleopatre.brehault@edu.tbz.ch"|"pHLR%F-xsoOQC-D7wc&Z"
"interessant.lapides@edu.tbz.ch"|"x#wPIE-Qcjsys-rIHLR8"
"reserves.hallatt@edu.tbz.ch"|"iBU#ui-&5F8G4-9PO2mc"
"annotes.birdwhistle@edu.tbz.ch"|"l6TsyG-r5cnX0-KumfyS"
"ai.dredge@edu.tbz.ch"|"IrF4ou-tUK3NW-aVV@E1"
"megane.mussard@edu.tbz.ch"|"s#nmi$-&geAJq-kZ37%9"
"esbjoern.gowrich@edu.tbz.ch"|"jQI#xd-04la1H-j6ycL@"
"boerje.brislawn@edu.tbz.ch"|"jvaC9h-Tj0w#E-a6slZu"
"becassine.wilce@edu.tbz.ch"|"tueOOX-S5&$KU-JXAllH"
"personnalisee.oels@edu.tbz.ch"|"v2rbi%-nVVQio-fFJLf$"
"verane.pett@edu.tbz.ch"|"TyyRQP-rWtuZ4-4phM&V"
"marylene.glewe@edu.tbz.ch"|"dAj9wd-feeYoZ-q6t3h5"
"lai.elson@edu.tbz.ch"|"U7dnFo-a5mI$l-ekuZw5"
"serena.difranceschi@edu.tbz.ch"|"LaNFp@-$Iyl48-xjacvY"
"lie.espinel@edu.tbz.ch"|"xcfs9v-j3NmqS-0jdEl7"
"marylene.fantini@edu.tbz.ch"|"YeCHWz-cFKg2A-avKF#C"
"andre.archdeckne@edu.tbz.ch"|"3$zJeH-8w67$q-qyNAhM"
"goeran.bohlingolsen@edu.tbz.ch"|"biwboz-Dhh&hS-edXzT&"
"cunegonde.heffer@edu.tbz.ch"|"f59itr-Wa9gWg-Z7eTat"
"tan.fechnie@edu.tbz.ch"|"PrXZq1-qqq#rl-4kHBO6"
"marie-noel.brammar@edu.tbz.ch"|"rBw2ze-3viIfL-4jfJKG"
"simplifies.aven@edu.tbz.ch"|"4y3y@@-P#gbXt-kWxc%4"
"melys.pinchen@edu.tbz.ch"|"7MAGyX-ytopHC-gOOiUk"
"edmee.joyner@edu.tbz.ch"|"UI5tVd-lOaikq-0RvfY8"
"berengere.edess@edu.tbz.ch"|"Sls7AX-dvWLYM-SVMk3c"
"marie-noel.goward@edu.tbz.ch"|"EMqqEK-%&xmWa-B21qNC"
"ju.edmons@edu.tbz.ch"|"GlwPg$-j1hdzB-aa32&1"
"frederique.airds@edu.tbz.ch"|"L6YzR1-zUa@eN-%EFMzj"
"reserves.dauby@edu.tbz.ch"|"Q$d87k-njYP4B-6dztGX"
"hakan.gynni@edu.tbz.ch"|"O4Fa3s-#Leb$4-cmuRO&"
"leonore.pinwill@edu.tbz.ch"|"&jvIo@-pAvh7x-o#KCYL"
"marie-eve.mcallan@edu.tbz.ch"|"rBQP9u-6YUmSy-Ak65bJ"
"naelle.yeabsley@edu.tbz.ch"|"s3rVTL-njsa4T-P&4tck"
"nelie.jacobovitz@edu.tbz.ch"|"ldS8dW-qCL5fs-1is6mi"
"adele.conelly@edu.tbz.ch"|"Do2EUl-HNIWp2-J$bBeS"
"clementine.dondon@edu.tbz.ch"|"n3qG2e-M%N6Jb-sj7Pmd"
"zhi.willcot@edu.tbz.ch"|"3#aXg1-M3kB8J-2BoveS"
"chloe.janicki@edu.tbz.ch"|"jlC%GB-aPiYli-Oakbu0"
"meng.linde@edu.tbz.ch"|"nZ7xZX-QxmXhz-pPfScR"
"celine.janisson@edu.tbz.ch"|"JibHM2-@bxxaA-ABV%e$"
"clelia.crow@edu.tbz.ch"|"eyTe1S-j3UPFS-z5#yO0"
"cecile.pyott@edu.tbz.ch"|"owN71&-zRR#Bb-RYxM@C"
"ma.fidelus@edu.tbz.ch"|"3TDvki-PkwtG7-5XiAnc"
"marie-helene.poore@edu.tbz.ch"|"uuI@U#-sQzQ69-3Ze%Rc"
"elies.blanket@edu.tbz.ch"|"zijvp@-5vn#sI-jmSsS#"
"yu.boyer@edu.tbz.ch"|"vzI65p-7#$Mvw-L2xKcn"
"celia.welds@edu.tbz.ch"|"i9s@jH-8jp%#%-BxUv&1"
"du.gunney@edu.tbz.ch"|"2JO86t-d5Yt54-0l66By"
"goerel.crush@edu.tbz.ch"|"$wNmAi-$j1mXk-aSQ$BO"
"marie-josee.brosius@edu.tbz.ch"|"er73sZ-xq$@%e-MfWslZ"
"camelia.adds@edu.tbz.ch"|"u@qEJS-Ee@eru-vsKVIi"
"anae.irwin@edu.tbz.ch"|"xsmbEj-dwaRCm-AQf%ZN"
"cleopatre.skeffington@edu.tbz.ch"|"OCqc8u-35U56O-vcPLKB"
"gerald.suggate@edu.tbz.ch"|"nw4p%A-ZCl8mP-M@byb3"
"laurene.tailour@edu.tbz.ch"|"N4w9zn-xVCrZP-X%Qy3%"
"amelie.hoble@edu.tbz.ch"|"t91Anj-BMMijX-V68mys"
"venus.getch@edu.tbz.ch"|"oZQz7m-46@t@j-Ny8fHo"
"renee.treby@edu.tbz.ch"|"BTm4q6-axcPMk-om4hth"
"almerinda.stait@edu.tbz.ch"|"ALYY4o-GeTb6@-rKIrBU"
"andree.reddecliffe@edu.tbz.ch"|"D4U@YT-3aoi#G-YyLa3z"
"leone.wintle@edu.tbz.ch"|"qKq%Z6-Zcm4fK-jG38gH"
"gerald.fellow@edu.tbz.ch"|"J5otZY-D3z8Ay-UtX4vq"
"ju.gudger@edu.tbz.ch"|"mOBvE2-Yx&e6B-YYkTME"
"meng.ohaire@edu.tbz.ch"|"PpjOA7-umj970-uxpvcE"
"cleopatre.missington@edu.tbz.ch"|"vg4BfN-0G8uN2-psq27f"
"annotes.debruyn@edu.tbz.ch"|"G5JQrV-BIf3NR-APTuvf"
"gerald.sinisbury@edu.tbz.ch"|"MBcUDo-U&PFuu-Kgr5zM"
"creez.slora@edu.tbz.ch"|"@x2dzB-Bih7w#-5Ua1ul"
"gisele.benbow@edu.tbz.ch"|"Newo5a-XZO7e%-a6tb$f"
"pal.dossit@edu.tbz.ch"|"ejF3Jf-daL&rf-tHDfVR"
"nelie.stirrip@edu.tbz.ch"|"vuXdqu-WUyITX-Vahbtx"
"alois.ocrigane@edu.tbz.ch"|"rVTAaF-M9MCIH-4bO3Y5"
"kui.mcterry@edu.tbz.ch"|"ThSImB-u3vHWt-f28AbZ"
"long.willgoss@edu.tbz.ch"|"Z#MJhX-3Mv@Pp-ZhP5G%"
"francoise.sumpner@edu.tbz.ch"|"p7dz6L-a3Vl4a-XY@5ps"
"maely.grinstead@edu.tbz.ch"|"BsA%v$-xOmQHS-AqyBEV"
"creez.langeren@edu.tbz.ch"|"YRPz2X-$MCOD8-Z46kbM"
"adele.dungate@edu.tbz.ch"|"d8u36w-EQn2gm-673A6O"
"cleopatre.noirel@edu.tbz.ch"|"bPdpsA-BOwjb4-Iemn5o"
"interessant.daverin@edu.tbz.ch"|"s4Zw#C-DBpEB8-ECqqwH"
"naeva.kalderon@edu.tbz.ch"|"P2zX$1-SCSzgG-DnXmH2"
"anais.oshesnan@edu.tbz.ch"|"zteYpZ-WpmLj1-MR#%QK"
"judicael.anelay@edu.tbz.ch"|"s8xorc-#z9R82-VglR75"
"eloise.braxton@edu.tbz.ch"|"jDGJG2-vMxWQI-6F3Iem"
"desiree.greguol@edu.tbz.ch"|"t2Ttrg-o48#Er-zm%$NT"
"maite.mcclenaghan@edu.tbz.ch"|"qHqWX1-$JbIh2-KApgtF"
"meng.doret@edu.tbz.ch"|"wcqTlx-cM2F8M-AzaInm"
"frederique.chippendale@edu.tbz.ch"|"E9MK85-pemNBS-RXrtc%"
"andreanne.lanney@edu.tbz.ch"|"uG5dI6-U1mzQs-o0L8S3"
"aurelie.claus@edu.tbz.ch"|"wKn9vY-%qczl#-z#K8S5"
"renee.pabel@edu.tbz.ch"|"fnpWuk-Xv67Y8-ZjovKr"
"maena.roust@edu.tbz.ch"|"x1RCpM-is9YBZ-3Zx5PJ"
"nadege.carwithim@edu.tbz.ch"|"cV7lZ9-vAhjU2-DUIDQ&"
"solene.geyton@edu.tbz.ch"|"5KG@Zl-D2DsFl-jAn1rb"
"dafnee.avraham@edu.tbz.ch"|"#5DiDC-BSKL4o-pzK@@R"
"leane.woolvin@edu.tbz.ch"|"lnt9Pr-yIuepy-em1pUy"
"adele.macadie@edu.tbz.ch"|"czkuEK-Hecy8m-#o@RjN"
"meline.rubica@edu.tbz.ch"|"LnEYJX-Nb1jGk-D2PUah"
"marie-noel.speeding@edu.tbz.ch"|"fBILmw-JbAFV$-5NQfp6"
"nelie.mix@edu.tbz.ch"|"2hSRa0-%uiNR4-DLIGHM"
"clea.ollett@edu.tbz.ch"|"vUv@Vy-KIsmMw-%@vYE4"
"leandre.mcgavin@edu.tbz.ch"|"vWG8Vq-uoZIHm-dRRPzt"
"cecile.behne@edu.tbz.ch"|"Atyz7i-TPEFCE-gy265U"
"melanie.polle@edu.tbz.ch"|"l$vUXv-sPVKDj-2nOPQ1"
"marie-josee.titmuss@edu.tbz.ch"|"XnA45r-UB01sl-KvIhN6"
"helena.guest@edu.tbz.ch"|"8Gc18a-Nnnigy-YKX30i"
"annotes.chicchetto@edu.tbz.ch"|"oAZIhF-f2syLQ-lUkzkG"
"melia.tubb@edu.tbz.ch"|"&L1fRx-NFKx#1-OweC6G"
"angelique.casetti@edu.tbz.ch"|"LspPFd-#FekA&-Vyr6ei"
"cunegonde.cleall@edu.tbz.ch"|"h4skTq-8w4IfO-u8c%Kn"
"camelia.oaker@edu.tbz.ch"|"VN0v&@-1LUQ%T-Om#aHO"
"you.searight@edu.tbz.ch"|"sGP#N@-2fV8v#-0ZmQ3z"
"kevina.dederick@edu.tbz.ch"|"8&24qq-P6b0wv-FywFLH"
"milena.jeffrey@edu.tbz.ch"|"lrPuvX-M$EkBU-IEZByl"
"melodie.barkshire@edu.tbz.ch"|"BZt%bP-AXkM&p-v2iVXM"
"gaelle.kreutzer@edu.tbz.ch"|"4$X2$3-5UPOcj-&XGN5q"
"kalliste.kleinpeltz@edu.tbz.ch"|"Sh#pkP-#ZbF2a-wQcf&i"
"clementine.danat@edu.tbz.ch"|"WMeZ34-YSqYJo-@K8yWz"
"andrea.wabb@edu.tbz.ch"|"vSC8K3-&J9HJw-b3lQES"
"geraldine.piesold@edu.tbz.ch"|"J&1Eo8-FzOdBp-giib&I"
"tan.fiveash@edu.tbz.ch"|"CbQYew-O4Z7qI-9t5AUi"
"meline.yuranovev@edu.tbz.ch"|"avrpIJ-FFebwj-aiIJx4"
"therese.holme@edu.tbz.ch"|"ja16lj-T89QLU-HC75%I"
"salome.vaney@edu.tbz.ch"|"4NKzy#-Bn0&la-#DDppr"
"anae.abramson@edu.tbz.ch"|"oSnQA6-j&@ZMh-W8Ksu@"
"kalliste.jimson@edu.tbz.ch"|"Jhpsht-zPeCLL-x1ppIV"
"selene.yole@edu.tbz.ch"|"MGSP4t-wozepm-IaCiAA"
"agnes.defraine@edu.tbz.ch"|"8XNW3$-8f4OD5-iQIboa"
"faites.mccluin@edu.tbz.ch"|"Xhhcvx-iG3JoF-7pmoOn"
"athena.deme@edu.tbz.ch"|"rNmw1t-%eY$5I-u7c3XB"
"daphnee.brigstock@edu.tbz.ch"|"ddCl&i-A2pYWC-Nb8CJw"
"goesta.skaif@edu.tbz.ch"|"S%LItN-RzaA96-l4KldM"
"oceane.jagoe@edu.tbz.ch"|"yDwkg1-#5v324-5ZtMxs"
"annotes.broomhall@edu.tbz.ch"|"3Q5v4y-epKzfJ-FedbeA"
"marie-eve.ballendine@edu.tbz.ch"|"L1qCdb-Vfru3o-Ir6qKR"
"melina.spykings@edu.tbz.ch"|"&PuiGP-Yuh8DY-$iNTmO"
"laurene.ticehurst@edu.tbz.ch"|"bxSBbG-7udU$&-30EcxB"
"fei.avramovic@edu.tbz.ch"|"b4n6Q%-9rme1N-qfY%lu"
"publicite.strathearn@edu.tbz.ch"|"0sd0di-MfW7HJ-c@bTkw"
"torbjoern.garrow@edu.tbz.ch"|"xsH@CD-ZlE9Kq-pCLaJb"
"chloe.rubinsztein@edu.tbz.ch"|"PnWBN3-ASJnS8-oLdg#m"
"mylene.demanche@edu.tbz.ch"|"o@knSf-GVrWNa-Iy&lfq"
"mediamass.godlonton@edu.tbz.ch"|"#Rao&1-kuFHff-jF50nr"
"renee.shurrocks@edu.tbz.ch"|"#5PrnN-grvibp-kn7LAb"
"maiwenn.jedras@edu.tbz.ch"|"uDgbEG-da4ulz-oX3%Ip"
"genevieve.castells@edu.tbz.ch"|"FShlTs-10K6pg-dypBI6"
"renee.sneden@edu.tbz.ch"|"iRYENf-FkIYKl-6atvbt"
"lai.mccallion@edu.tbz.ch"|"jda2PK-sDWJHK-S7ukDZ"
"kevina.impleton@edu.tbz.ch"|"sFuUjI-U$pZfU-wZqti5"
"oesten.fresson@edu.tbz.ch"|"0np@kO-%2zDfG-FlUMyW"
"verane.shawley@edu.tbz.ch"|"@3ttBj-epfWf6-$KvWHA"
"uo.sjostrom@edu.tbz.ch"|"&efxTA-$HYnmE-FlfE1S"
"gisele.gothup@edu.tbz.ch"|"J4vy2l-xPpK%U-9ZolZQ"
"renee.beauman@edu.tbz.ch"|"qhAsHF-X2BWLM-cBLNqo"
"elies.loton@edu.tbz.ch"|"SZyL&F-R4E5o4-%AF6e4"
"valerie.elsmore@edu.tbz.ch"|"3O5Ql@-KIHB9Q-iWBBlS"
"berangere.delafeld@edu.tbz.ch"|"qAgxPw-mlpn&R-Ob5$du"
"bjoern.schimke@edu.tbz.ch"|"#HSGx2-QAh27f-BmAT$A"
"loic.ericssen@edu.tbz.ch"|"EDlDta-WxPR42-OModDc"
"creez.richarz@edu.tbz.ch"|"ID$jWp-tknRlb-oC5B32"
"athena.grocott@edu.tbz.ch"|"W7fpE6-5dJyJH-k$KApr"
"naelle.piotr@edu.tbz.ch"|"kpES&p-CFfoEb-4ncOfe"
"maella.paulson@edu.tbz.ch"|"y$&qdB-FAX2TV-tAaY0W"
"song.perot@edu.tbz.ch"|"%7bjkg-Vc5mw5-Mc&6sM"
"kalliste.heckney@edu.tbz.ch"|"LSoPsk-OlSDFU-8zhn@r"
"ake.vasyutkin@edu.tbz.ch"|"p9tsiR-9%6059-RzWLF0"
"ma.castles@edu.tbz.ch"|"vaP0WE-#exTG&-F6IX3X"
"maely.monget@edu.tbz.ch"|"ODbb1A-ppX5uS-ZVoo4Y"
"tang.durbridge@edu.tbz.ch"|"iY41PE-NlHnZb-DIRnYg"
"laurene.andrew@edu.tbz.ch"|"nXqRxX-ROH#a3-vVdi&R"
"lysea.beacon@edu.tbz.ch"|"xsc@SO-TkbjQS-hmEKAA"
"leandre.peyntue@edu.tbz.ch"|"SH#ifL-yxgGoE-Sg1HWT"
"rao.trever@edu.tbz.ch"|"aOmgov-I&fk@o-fzzK@$"
"mahelie.streader@edu.tbz.ch"|"KGg0sZ-X9B$#O-7vHSLu"
"maerta.andrejevic@edu.tbz.ch"|"HX9Jml-LonQ9z-DSveiF"
"goesta.tompkins@edu.tbz.ch"|"yfmGCn-AAunT8-BsdmhO"
"helena.agates@edu.tbz.ch"|"eAP%zl-bEIzid-2rng4v"
"therese.glass@edu.tbz.ch"|"%oKgN6-%Jhqu6-rsCHBj"
"alois.foan@edu.tbz.ch"|"s@bZdn-8UC6fW-borGmZ"
"becassine.melchior@edu.tbz.ch"|"HWlsV1-siRVWo-s96hI9"
"cloe.robart@edu.tbz.ch"|"$atvQa-3OFeDt-A01J%B"
"daniele.puckinghorne@edu.tbz.ch"|"157Ul#-1JsDtP-%5KCt1"
"selene.cammidge@edu.tbz.ch"|"Ugo%YP-hbJ&ff-VOUTa3"
"regine.conochie@edu.tbz.ch"|"0@mqIP-XH4Hyy-SJ4XtQ"
"interessant.tuiller@edu.tbz.ch"|"QuJbG#-EG7pWq-jPNoQk"
"long.tiebe@edu.tbz.ch"|"NsTCx6-AFsR&O-qAC8xS"
"mans.yele@edu.tbz.ch"|"w7$JDc-2U$RjB-MOLLLN"
"ai.giles@edu.tbz.ch"|"nsCtkA-LyQ1vp-ES1Cxu"
"gaetane.hamberston@edu.tbz.ch"|"X2Ny#2-FZwPc5-X2$s6E"
"marylene.fenix@edu.tbz.ch"|"WY5Lcu-M5i5Ov-qOQneL"
"geraldine.graeme@edu.tbz.ch"|"xEeb7D-RIMVWu-JYGbFh"
"tang.kinglake@edu.tbz.ch"|"kkwQcl-VQKLj1-RXqj6J"
"lai.challoner@edu.tbz.ch"|"J0tCIk-K#vw&m-Jx1V1o"
"desiree.mattei@edu.tbz.ch"|"THIO$6-xvFIk8-s8UP9E"
"ake.erley@edu.tbz.ch"|"n1cR72-ErYm&2-FMx$QT"
"edmee.cavil@edu.tbz.ch"|"NOe#EJ-icIc4b-IS3DXg"
"alois.moyes@edu.tbz.ch"|"5KwMjI-DX6FDb-Wr@7oc"
"becassine.pitman@edu.tbz.ch"|"1KnWWU-oT93Bk-%vYBl6"
"ai.giacovelli@edu.tbz.ch"|"QLi8G5-XZ$5Rm-qSt1lV"
"judicael.fruchter@edu.tbz.ch"|"vLA&vF-vle28m-kbQBCS"
"mans.mogg@edu.tbz.ch"|"QJ8k5r-msYi4m-UOBaUn"
"gerald.foyle@edu.tbz.ch"|"mWfjCA-QgiYNG-IvfAw#"
"wa.androletti@edu.tbz.ch"|"wRXfQK-h&KIfE-%OwH$7"
"meng.ollett@edu.tbz.ch"|"K3tu&Y-ah7SF3-SRy%Wj"
"naelle.macmenamy@edu.tbz.ch"|"U#1n5F-Q%WV5P-Cw2sCA"
"gisele.mcramsey@edu.tbz.ch"|"bND#v7-6FhdK3-V%s2Yy"
"meryl.scolts@edu.tbz.ch"|"YOHH02-TrhcMB-FsxLDY"
"celia.bloxsome@edu.tbz.ch"|"XKwt8M-6ntCJ9-%W7mz6"
"styrbjoern.stuke@edu.tbz.ch"|"eLrmes-2LGk63-IBe3Fl"
"felicie.gwilliam@edu.tbz.ch"|"m6wykZ-XLOXBo-oDlX07"
"da.harms@edu.tbz.ch"|"KBApmK-xh68u4-5oBh2S"
"celestine.baulk@edu.tbz.ch"|"3antw9-EcrqjL-Fs7N1c"
"mahelie.blackledge@edu.tbz.ch"|"ATr$D3-f@fhsX-VhxeTk"
"meghane.salt@edu.tbz.ch"|"FZrga3-kIU#w4-ISM6ZW"
"methode.paxeford@edu.tbz.ch"|"KkZ1PV-Rzy1c#-VvO&V$"
"asloeg.milligan@edu.tbz.ch"|"HnvUDi-1pkAez-6XaCQ8"
"you.pellman@edu.tbz.ch"|"mCTZ%3-0JtY&x-w4y%LQ"
"loic.regenhardt@edu.tbz.ch"|"Sr8H9M-ASxGQM-fPrWNp"
"daniele.savill@edu.tbz.ch"|"HNQ$4#-ZZa$tD-n846iI"
"alois.cornu@edu.tbz.ch"|"9z1hY5-jWDq$x-tlXp7s"
"oesten.govey@edu.tbz.ch"|"5rlNvZ-gIIpJD-9sA6cx"
"marie-eve.louch@edu.tbz.ch"|"Y2ewXf-SH$2SL-4Cc1@A"
"theresa.wenn@edu.tbz.ch"|"n%%Vla-K3mz6O-C5Oust"
"andree.eul@edu.tbz.ch"|"6%xsTg-TRG8uJ-fsw9Ph"
"lie.paynton@edu.tbz.ch"|"dQNE3U-Dc9IR8-0BLSPB"
"marie-eve.girodier@edu.tbz.ch"|"0qGNFK-CGJwtW-O$t2oJ"
"marie-noel.smithe@edu.tbz.ch"|"WiJYLm-5CP$44-PtK5fI"
"men.bootyman@edu.tbz.ch"|"XhkAQD-#pPfGu-YgsgNg"
"ku.sugg@edu.tbz.ch"|"CnG1jx-lkD4UI-9nwwR6"
"lucrece.roseman@edu.tbz.ch"|"DpixHt-1mmxBl-zqV9tw"
"zoe.annear@edu.tbz.ch"|"eJsuXX-iNNlpu-4E7dv5"
"marie-helene.rennebach@edu.tbz.ch"|"HlW$8G-f2ALfl-RmZUXN"
"lea.djurdjevic@edu.tbz.ch"|"J1If4L-a3mhlU-lmF@98"
"goerel.robert@edu.tbz.ch"|"SXNsI$-RY4cEj-apPIYk"
"mylene.foldes@edu.tbz.ch"|"$SXlbm-BWLzTA-xEAkl3"
"faites.clegg@edu.tbz.ch"|"lweaWF-E$prcD-2ALWn6"
"marylene.crowcher@edu.tbz.ch"|"9VfI9Z-yI2&nY-vdvyGr"
"aimee.wimpeney@edu.tbz.ch"|"@Jpc91-pToZA8-m7Ch@W"
"renee.atkins@edu.tbz.ch"|"JbgrsQ-d@C6CS-4iHHWI"
"rejane.cainey@edu.tbz.ch"|"RcF2In-WevNwh-gnzuXu"
"solene.britney@edu.tbz.ch"|"Ysc#OJ-r5XC%Z-i$H26K"
"marten.shatliffe@edu.tbz.ch"|"NsbCBA-sQv4BX-@wnlVG"
"maite.issatt@edu.tbz.ch"|"TbyoMl-KptfU#-kTcSsT"
"maelyss.edon@edu.tbz.ch"|"zS@uE3-UIEuP8-wE0%Os"
"nuo.bamling@edu.tbz.ch"|"o6fDmy-R01Y#2-z%vtXz"
"anais.edards@edu.tbz.ch"|"UZAS&X-pKIbM5-Tgy#HN"
"mediamass.bromet@edu.tbz.ch"|"yhVPIg-VVpqTx-LHU2ch"
"beatrice.kimbrey@edu.tbz.ch"|"LRG3AL-8ujczX-#tZNX1"
"ines.lawranson@edu.tbz.ch"|"4QA5mz-erN$3E-4e1R2F"
"kalliste.scandroot@edu.tbz.ch"|"CY2JPD-NBJ3nA-vS%rML"
"mans.barrowcliffe@edu.tbz.ch"|"zRzPI0-1bq3Q#-iCeuxx"
"irene.couves@edu.tbz.ch"|"k@Ab&m-#gA25J-dK1Cje"
"milena.mucci@edu.tbz.ch"|"lWJP0E-c829B#-JqW&2y"
"naeva.cow@edu.tbz.ch"|"nHVwBL-cG#t3r-Q5cjNy"
"audreanne.mournian@edu.tbz.ch"|"4AjKsd-04iX1T-6yINmg"
"melia.sinnatt@edu.tbz.ch"|"vEI5EN-ctmRPY-lsch83"
"nelie.burnard@edu.tbz.ch"|"@9JUbO-Sfjxqt-vUZlRx"
"clelia.ashfull@edu.tbz.ch"|"7PhPjS-vvcM2e-I&AunY"
"lie.macard@edu.tbz.ch"|"NzQDIE-R%#Hk5-myTTgw"
"valerie.matoshin@edu.tbz.ch"|"8YF#K3-d9eJ77-cdpcM9"
"anael.hatherleigh@edu.tbz.ch"|"Y4fIAm-ew1SUG-BAKmiR"
"interessant.warratt@edu.tbz.ch"|"%NcSSE-hcAMdH-GV1#c1"
"eleonore.volage@edu.tbz.ch"|"dkvJJ6-D07YYn-V0Ktt4"
"zoe.stebbing@edu.tbz.ch"|"Uc2Qis-GY4kgs-XotJUx"
"alizee.nye@edu.tbz.ch"|"tYEB4J-cQ1e7C-8ey9#B"
"celestine.bramley@edu.tbz.ch"|"S5KQ5M-@WvLUV-c2PZeS"
"selene.philcott@edu.tbz.ch"|"MkFQa%-HpAVss-aYAwcf"
"tang.newens@edu.tbz.ch"|"Y7CbN$-ZaOTZH-EekE5x"
"annotes.powys@edu.tbz.ch"|"8LJyyR-%89z9w-ep%tqF"
"lea.matthesius@edu.tbz.ch"|"ipkrd@-I3Wg42-Hm%JH$"
"illustree.garlett@edu.tbz.ch"|"UEAbhV-60pmWO-p3KXC9"
"maiwenn.meachem@edu.tbz.ch"|"$VCh&H-Z5AER%-V6MvFx"
"marie-francoise.mcbrady@edu.tbz.ch"|"V#hmvj-uVovIc-7wACMy"
"illustree.gimbart@edu.tbz.ch"|"&SKgX&-QbLtql-I@9Jx0"
"melys.lyosik@edu.tbz.ch"|"f&@bE#-WbjC8P-oWnluZ"
"marylene.mcnab@edu.tbz.ch"|"G%Oc24-3dqEGe-Xdr85E"
"gerald.blount@edu.tbz.ch"|"0v8YNO-gKJ55R-2d7Hfk"
"clelia.shakelade@edu.tbz.ch"|"k7FO#s-ouyFlh-z1v%4J"
"penelope.cridlin@edu.tbz.ch"|"a56cDB-mz8X0g-%PKSjP"
"maena.okuddyhy@edu.tbz.ch"|"jivBbN-tn6v9h-XMAdk8"
"athena.keynd@edu.tbz.ch"|"N&$sFC-ZULQGr-foF#Q5"
"cloe.dwine@edu.tbz.ch"|"sn#zBN-Er1xTr-a6YPXN"
"josephine.browett@edu.tbz.ch"|"CjGP4A-hXotec-xvIhcn"
"audreanne.oscanlon@edu.tbz.ch"|"mLrnl$-jruu5%-0LWZPB"
"fei.jeanequin@edu.tbz.ch"|"$672#M-1k3IxG-AjaZYG"
"lois.gormally@edu.tbz.ch"|"YoqO5t-N&B6Q#-nC8YDL"
"marie-francoise.finnigan@edu.tbz.ch"|"fuB&Wr-KdbKFK-w@9jqk"
"leonore.trussman@edu.tbz.ch"|"Fb8a@Z-9#TdVg-nyE5hv"
"anaelle.trumper@edu.tbz.ch"|"CRa9d6-l3hRWc-t2DTxL"
"clemence.dionis@edu.tbz.ch"|"Tz@kKg-95Qyyg-K1eLWb"
"lois.tranmer@edu.tbz.ch"|"72MY6u-U6n7II-%1Fmze"
"interessant.volett@edu.tbz.ch"|"cm3Q@r-9MNmOj-VXP2vp"
"personnalisee.deackes@edu.tbz.ch"|"n803se-rAybOv-DazQKk"
"lie.vasiliu@edu.tbz.ch"|"GwYMAP-X8XYmM-H4o@h5"
"dafnee.lamputt@edu.tbz.ch"|"ToF5pu-RD5831-SSd5%4"
"elies.bromige@edu.tbz.ch"|"uVv8&G-xWY7nj-Eiivoi"
"helena.klosser@edu.tbz.ch"|"w9pGB8-1Gk&y2-zSYeb@"
"andree.grim@edu.tbz.ch"|"9CUTEj-#puC#W-gFyIJo"
"verane.coldbath@edu.tbz.ch"|"5hsXdA-%mi#IH-mDV@8g"
"helena.bethell@edu.tbz.ch"|"1Ajji@-XgS@JK-xWOQ1l"
"kalliste.carefull@edu.tbz.ch"|"gmX#Az-k781HO-oQGAz9"
"regine.odams@edu.tbz.ch"|"Uqdnix-@%5zV7-bDc2OM"
"len.stannus@edu.tbz.ch"|"nT&WkL-Mo$0hE-0Mayqr"
"angelique.works@edu.tbz.ch"|"MBIV7Q-Hwnl60-Dt&xwy"
"goesta.rheaume@edu.tbz.ch"|"3rPd9H-Bx5GOq-kbmS8R"
"maelys.tynnan@edu.tbz.ch"|"SMt6WI-%motLc-MffO0E"
"maelle.carlesi@edu.tbz.ch"|"G$QHqV-oHMLOC-Jo3x1l"
"anael.spurden@edu.tbz.ch"|"$vX7JY-yxvYb7-k#Bsva"
"helene.pumfrett@edu.tbz.ch"|"9FNZVL-R9CxfZ-I2lIGQ"
"goerel.pearn@edu.tbz.ch"|"iDwuCN-s4nahn-R5DMzP"
"laurelie.dezamora@edu.tbz.ch"|"zH0v#a-xrq4Xr-j1tj$Q"
"yao.twidale@edu.tbz.ch"|"iFJIoH-yblUv2-Onyvjj"
"berengere.sola@edu.tbz.ch"|"gLwufG-mi0cLU-RTAr8u"
"maelann.hardistry@edu.tbz.ch"|"SjjO2Z-3LlT42-kiqCvT"
"severine.littlefield@edu.tbz.ch"|"KIm7Ju-1JE@sb-kbnVa6"
"salome.heinl@edu.tbz.ch"|"07Bz0w-zPgR0u-J5hVlG"
"meryl.warbey@edu.tbz.ch"|"tgEC1$-EnQCnD-F5gmaq"
"da.hunstone@edu.tbz.ch"|"neBzMj-eyy@yL-Ja4Ys2"
"venus.broadbury@edu.tbz.ch"|"Nw7Q#O-@ffAQW-zIV2W0"
"meghane.rentelll@edu.tbz.ch"|"ymzGqe-SFKA9Z-wNVK7r"
"marylene.drewitt@edu.tbz.ch"|"78Ab#x-gMtG$c-gSUsr3"
"melinda.jacquemet@edu.tbz.ch"|"k2CJOQ-#aNU5q-JIZnpZ"
"marie-josee.keyden@edu.tbz.ch"|"Wz9frJ-rBZHIf-aR2a3#"
"asloeg.montacute@edu.tbz.ch"|"tc&XrS-dWrSU9-lJ9wUP"
"ku.andreou@edu.tbz.ch"|"S&IVee-ZwTcjG-jQfU0#"
"personnalisee.feaveer@edu.tbz.ch"|"Ewg48#-&Bx$F1-h7jiAw"
"laila.emptage@edu.tbz.ch"|"%5&JQo-EZQyj6-C4u#pY"
"bjoern.dawdry@edu.tbz.ch"|"rjskh0-Q4dJmX-H3W6Y6"
"marie-eve.dinsell@edu.tbz.ch"|"aOG9QT-hBBvQF-iKVCxw"
"helene.follett@edu.tbz.ch"|"$4IfJL-#oY$&R-lg7iHt"
"penelope.cordero@edu.tbz.ch"|"RxtMa#-T3Mu9$-6@TGRk"
"boerje.beedell@edu.tbz.ch"|"#3PblE-Cbd&9O-CIRIWU"
"nelie.ferne@edu.tbz.ch"|"O7RJVp-lY#7H5-G#teyJ"
"celine.ahmed@edu.tbz.ch"|"VJCE7J-ceHtDJ-bsoudz"
"stevina.pimblett@edu.tbz.ch"|"vTWu21-UAiouU-zLzZlx"
"chloe.langlands@edu.tbz.ch"|"GqQi%K-CSFSA5-s1C&EM"
"simplifies.maude@edu.tbz.ch"|"gsOpRZ-IVanGK-KK%FRv"
"genevieve.decarteret@edu.tbz.ch"|"hhylhi-riwhlN-vATriz"
"marylene.mughal@edu.tbz.ch"|"NYsb@z-VL8e7o-%Vdr$X"
"goeran.guttridge@edu.tbz.ch"|"FULrxt-rmJiZW-pUSlbo"
"michele.smurfitt@edu.tbz.ch"|"ib1bE0-bxnALe-zbX2rI"
"methode.hadeke@edu.tbz.ch"|"$hwB%b-P$@fAZ-StEW1G"
"therese.rispine@edu.tbz.ch"|"hEj2nB-Ms0h#w-9VUkDF"
"goerel.plumley@edu.tbz.ch"|"QWydWh-pOl5Pz-LwAqdd"
"oceane.friett@edu.tbz.ch"|"uabNsI-gvRasU-Ek&h5E"
"marie-noel.achromov@edu.tbz.ch"|"lD1KhK-QHu&Zp-%hglY%"
"dorothee.storek@edu.tbz.ch"|"TA%gOz-u2os%Z-JK06wr"
"goesta.whittle@edu.tbz.ch"|"VaeUJh-EOquqx-lZWol3"
"desiree.casely@edu.tbz.ch"|"oGps7N-NKisy7-0f4Z%0"
"felicie.condon@edu.tbz.ch"|"XpjljH-c2$F%%-@%h6AG"
"maelyss.frisdick@edu.tbz.ch"|"Q7MTT9-g4T0%m-CucbkM"
"aimee.banke@edu.tbz.ch"|"#cH5AT-eoLgFT-vD3wXs"
"naeva.hodcroft@edu.tbz.ch"|"nnr@lE-%yuwb6-G#wSfE"
"laila.gerrans@edu.tbz.ch"|"Fzm@F5-fIKK5A-Hmq5f@"
"daniele.scrimshire@edu.tbz.ch"|"FXssVi-ctqpAw-mW@HNf"
"daphnee.sheerin@edu.tbz.ch"|"blW9g5-Z@7W1q-ej1&n4"
"pal.vanyukov@edu.tbz.ch"|"PKTQ34-Tt4M&V-iuZjQ8"
"zoe.childs@edu.tbz.ch"|"tzfzEB-uPfQW1-vgzqOt"
"ai.corde@edu.tbz.ch"|"jy6wO4-sBJc4o-KgpdOM"
"maelys.berryann@edu.tbz.ch"|"kPplqv-n2$bot-2N8JgC"
"cloe.gladding@edu.tbz.ch"|"O9vv9v-g6kQ8P-gN@VcN"
"wa.kinnaird@edu.tbz.ch"|"OQXBtG-uGnEGo-ovoMmY"
"publicite.brittoner@edu.tbz.ch"|"ix&@LS-kQ&Rq5-7R03Bt"
"rao.windress@edu.tbz.ch"|"lGJLU&-o7#JOX-OT2@a4"
"uo.kollach@edu.tbz.ch"|"19V4i@-UCJZog-r90oEz"
"josee.peskett@edu.tbz.ch"|"UTq8uf-i&z@LD-b@8g80"
"annotee.hasel@edu.tbz.ch"|"XOoRH4-L62Gb1-IzXH6W"
"cinema.lee@edu.tbz.ch"|"XFAf@K-v9YZgK-h9bvUm"
"lai.vedeshkin@edu.tbz.ch"|"DQEW9q-HYvoHF-L1nLAO"
"renee.brisbane@edu.tbz.ch"|"qzz%my-7VTO%O-I8fIs2"
"ophelie.blincoe@edu.tbz.ch"|"rI2me$-ACav5c-kBGpPq"
"zhi.prazor@edu.tbz.ch"|"i%dcav-okf8UT-a2i%%&"
"annotee.maddicks@edu.tbz.ch"|"@qmySN-wo#B7m-nAZQxv"
"maelyss.codd@edu.tbz.ch"|"5nGPQD-mPaAGA-QtdR9a"
"celia.peplay@edu.tbz.ch"|"Ck5CQ9-fi6YCm-q@KfOS"
"interessant.skone@edu.tbz.ch"|"ZwqnT9-JhWZOp-boqNns"
"audreanne.hebdon@edu.tbz.ch"|"O5g5jW-ntit6Q-hA3R6O"
"oceane.glen@edu.tbz.ch"|"EFEbxD-aLtRdA-pS61qp"
"daniele.vanyushkin@edu.tbz.ch"|"8SZxz7-zS0KI%-Y8d7Qu"
"daphnee.ayce@edu.tbz.ch"|"TMnKOJ-yXaIvi-2Gwa$g"
"andrea.attride@edu.tbz.ch"|"NGasGi-oXLOq6-4Fp#3n"
"penelope.bridgwood@edu.tbz.ch"|"z&%Xxd-kSpTBY-HxeMwW"
"mailis.drewitt@edu.tbz.ch"|"509lpT-mHdK6E-qeFEnt"
"penelope.mollene@edu.tbz.ch"|"RAUoLF-YsWyEI-@jbowB"
"illustree.keely@edu.tbz.ch"|"H7&YYS-R1ZX4g-rQwezG"
"meng.brisseau@edu.tbz.ch"|"Hivswz-lHpoWM-TgIyi0"
"ruo.cleiment@edu.tbz.ch"|"YFOFiX-b0l0QP-mGBXwt"
"maite.krammer@edu.tbz.ch"|"SdP93Q-vRnFO$-LnZATQ"
"genevieve.verry@edu.tbz.ch"|"p&#e@D-p037p8-vtr56c"
"lea.olochan@edu.tbz.ch"|"$Bl@6n-NFvVSE-iXC290"
"naelle.brunnen@edu.tbz.ch"|"Y$P#ew-UwXXkT-dlWlTm"
"goesta.bragginton@edu.tbz.ch"|"KZYgeJ-Hmw58z-IWvMGg"
"fei.danilyuk@edu.tbz.ch"|"zP1QVw-CyI1qI-nEkA&s"
"adelie.turbitt@edu.tbz.ch"|"jmMM84-PMOb7b-iVTGmj"
"marylene.nutman@edu.tbz.ch"|"icScUC-V75Jd2-eE4Ooa"
"therese.barbrick@edu.tbz.ch"|"&0kZx2-zt2T&x-YfG$5N"
"melys.kolodziej@edu.tbz.ch"|"wpIomY-Z3BNJc-kgaEoe"
"melanie.runchman@edu.tbz.ch"|"Wgp5le-%M01Rz-S22B&W"
"serena.lafond@edu.tbz.ch"|"0Uaq1a-fJww6i-9asX%2"
"pelagie.desmond@edu.tbz.ch"|"obAalL-41y3A#-HMuR6z"
"wa.spickett@edu.tbz.ch"|"&A@@&p-WXqbjp-XhT6FA"
"po.shave@edu.tbz.ch"|"RPLa3e-%3McnB-@50YSZ"
"song.huikerby@edu.tbz.ch"|"AQH3Jt-5jx#NU-EyFivg"
"melinda.bimson@edu.tbz.ch"|"4oSGpj-hu3WJ@-QaB#Rq"
"personnalisee.toffanelli@edu.tbz.ch"|"RBMlpR-7xksHF-KEJEZf"
"leandre.hurn@edu.tbz.ch"|"#PDOzf-EBUJ8S-GslvzL"
"oesten.standell@edu.tbz.ch"|"rBfS8q-mAp$Oo-jVcG0R"
"naelle.smaleman@edu.tbz.ch"|"mbbh#o-M@DX$E-RllU82"
"berenice.tayt@edu.tbz.ch"|"lGF6R7-Nm2eCW-94z628"
"kui.popplewell@edu.tbz.ch"|"SYaG8Z-tsNar2-dcpf8F"
"melodie.ferandez@edu.tbz.ch"|"L$MZqD-tS3e2d-9xhEpb"
"josee.negal@edu.tbz.ch"|"fP9Q88-tv$PLe-9Uw#5#"
"melissandre.ferrelli@edu.tbz.ch"|"vPq9rJ-$vrtr3-DmJ0Mr"
"josephine.kemmer@edu.tbz.ch"|"QFh9g8-lUdU4@-I2MnAM"
"maely.cayette@edu.tbz.ch"|"DZvo8B-L83aWC-HjMb8Y"
"nelie.vela@edu.tbz.ch"|"m%%pB#-vwcg%g-$rrjUt"
"melina.cortes@edu.tbz.ch"|"%F7M5e-0ph1D5-KhtY%&"
"megane.leyshon@edu.tbz.ch"|"qnp8r9-8S$qWh-%MDQPR"
"regine.harrie@edu.tbz.ch"|"0fBsLr-GysgYU-CxYcg@"
"mylene.widdison@edu.tbz.ch"|"faOTeE-$2uba%-%xTwfj"
"pelagie.vivash@edu.tbz.ch"|"a@udLW-Aromxg-g73P5m"
"styrbjoern.vicarey@edu.tbz.ch"|"sy%j%M-99#bRG-s1zuKg"
"long.kyles@edu.tbz.ch"|"#8BnqO-Dsey0l-TXJK@h"
"stephanie.gipps@edu.tbz.ch"|"PZumko-%w%Ct$-@wszWg"
"clea.constantine@edu.tbz.ch"|"vpbcR2-Yp#HcV-4OS7fN"
"maella.cometto@edu.tbz.ch"|"1RWQJ4-Leo4W$-@rT3TF"
"laila.aubrun@edu.tbz.ch"|"DsvU$L-qTBoo8-na5JHc"
"yao.austins@edu.tbz.ch"|"sJJfQx-HD4krn-#WdATl"
"mailys.rylstone@edu.tbz.ch"|"pHzY$P-L$8qZO-Smabse"
"adelie.curuclis@edu.tbz.ch"|"T533#$-G%JXZz-LmzUQn"
"celine.longhurst@edu.tbz.ch"|"elwk44-ZcHZ6S-am@mxi"
"gisele.hazell@edu.tbz.ch"|"Er4AVQ-#Bc&fd-Cm1vJU"
"celestine.ciccone@edu.tbz.ch"|"gK&FhV-$@hwu%-ERIrL4"
"maelyss.doole@edu.tbz.ch"|"zR5IAl-cQ7q07-3wK6&M"
"helene.grimsdike@edu.tbz.ch"|"I3wd5X-OhGgL#-ghpA9T"
"lie.macer@edu.tbz.ch"|"552vKo-fm7d@M-cBxJog"
"maely.izard@edu.tbz.ch"|"HLvNz6-Zac1c6-6mc#39"
"erwei.breewood@edu.tbz.ch"|"#s&UcX-gkD@eF-cFWwNu"
"chloe.woolford@edu.tbz.ch"|"xSDjrg-iA%Foz-EnCJdg"
"cleopatre.turpin@edu.tbz.ch"|"J5zdLv-te20XH-%8dKRU"
"melodie.surgison@edu.tbz.ch"|"q6Tes5-4JS3gb-Cdmamh"
"elies.leander@edu.tbz.ch"|"WhSxI5-k3WZQS-hcJoCc"
"mediamass.reignould@edu.tbz.ch"|"@jG2cS-cCj$Qk-Uy9DHb"
"celestine.wasmuth@edu.tbz.ch"|"pW56L%-lG&Wqq-cZV7bs"
"marten.jervis@edu.tbz.ch"|"3M&QWf-hhqs@$-RVzmdB"
"daphnee.bour@edu.tbz.ch"|"cn0ujC-5aE@Jr-$5#wA1"
"regine.harlett@edu.tbz.ch"|"i9bk5V-w050yq-w7a@PM"
"noemie.macaskie@edu.tbz.ch"|"4XTQzr-j#z7b$-dQ7pp&"
"loic.renfield@edu.tbz.ch"|"XpbRrK-T#1gyZ-3rHQki"
"venus.kleinert@edu.tbz.ch"|"OpUoET-MO%B2P-VmO8g$"
"marten.burlay@edu.tbz.ch"|"ooTkA2-r4hkC3-YQwIui"
"berengere.radsdale@edu.tbz.ch"|"KTmwu9-lDCOW4-eyf$cb"
"genevieve.duckit@edu.tbz.ch"|"ODYXV0-oeRnO1-wM6hTs"
"maely.ligerton@edu.tbz.ch"|"JTFI8I-lrfD@J-BhI#1L"
"maeline.ricciardelli@edu.tbz.ch"|"URNSzK-mCMZC%-bwdM8G"
"personnalisee.yggo@edu.tbz.ch"|"ww@9WO-Cv%nI8-CpJ$K6"
"alizee.pettinger@edu.tbz.ch"|"lJ8%Lz-oq#3ti-EX%f2Z"
"desiree.curnnokk@edu.tbz.ch"|"Ydpb@y-LOD%yp-ED9#XR"
"dorothee.minors@edu.tbz.ch"|"DXNrIB-biOVLv-4XDEOi"
"oceanne.kopmann@edu.tbz.ch"|"yZi@MT-yDGzdH-YW@Z9h"
"almerinda.brodbin@edu.tbz.ch"|"Rn&F%k-X13c05-iOB&vb"
"yenora.carsberg@edu.tbz.ch"|"J46Di0-DbYyjE-k3B&zJ"
"wa.beetles@edu.tbz.ch"|"Kb5tVU-G$SId@-d3SRwM"
"audreanne.abbot@edu.tbz.ch"|"swXcEe-DE9rrd-z477AK"
"noemie.capper@edu.tbz.ch"|"DaQdEK-ntINza-HqT4ZU"
"mans.abramamov@edu.tbz.ch"|"sYTbeb-9Fg4UZ-b6DCJO"
"audreanne.blakey@edu.tbz.ch"|"dyU9Fy-MpNZAB-%e42Gr"
"leone.klimpke@edu.tbz.ch"|"#YLbsJ-11sqh8-Vik@u&"
"lie.croston@edu.tbz.ch"|"O6UXaZ-ex5@l9-pKu&JN"
"anaelle.baistow@edu.tbz.ch"|"rArJSD-L&HftI-s$x0fl"
"michele.garwood@edu.tbz.ch"|"YI#%zD-c#XCx9-PR89Sq"
"interessant.albion@edu.tbz.ch"|"la09jt-AakmxP-rMdPSP"
"andre.brisco@edu.tbz.ch"|"yEs@&P-c222g2-ROl9nC"
"tang.totterdill@edu.tbz.ch"|"l@iAGY-ydDj$G-2ER@p8"
"marie-josee.braundt@edu.tbz.ch"|"#U6BTk-hKgc74-axSt90"
"lois.galer@edu.tbz.ch"|"DZBuZ2-OjrUs2-oGnjLS"
"faites.pellamonuten@edu.tbz.ch"|"KLnllb-fxRZ$M-iZFFbn"
"mai.barfford@edu.tbz.ch"|"&LBxsq-voOma&-uiC18B"
"laurene.macilory@edu.tbz.ch"|"UQ2m%B-yQCU#E-NwyL%R"
"elea.peak@edu.tbz.ch"|"U6pwUu-WD0lqD-ApHAk5"
"rejane.doni@edu.tbz.ch"|"&oDWNB-gVqj4&-8T@yQf"
"mahelie.ector@edu.tbz.ch"|"S5PYD#-5boQXC-e3syPV"
"rachele.allum@edu.tbz.ch"|"MlUpmn-uaWJ$N-wxPkJO"
"laila.gerretsen@edu.tbz.ch"|"pO4&0w-cxzbWi-6PV%je"
"ines.bowman@edu.tbz.ch"|"&ukuu%-jRe4on-dBUYI@"
"publicite.barbary@edu.tbz.ch"|"yEbiEO-6hFZ%t-I1w6cS"
"mailys.smooth@edu.tbz.ch"|"Gmi@NE-#JtFH9-$%NyIl"
"mailis.huguenet@edu.tbz.ch"|"husMl1-q1x$Vv-qE1qu%"
"lea.ewer@edu.tbz.ch"|"SaXBir-qM95Ln-EHPX#v"
