"email"|"password"
"melodie.vandervlies@edu.tbz.ch"|"hKjgYw-3kBlcn-eIPC5i"
"angele.edgecumbe@edu.tbz.ch"|"g1toNq-dw%Wzg-YVhbEp"
"zhi.andreasson@edu.tbz.ch"|"IlREP&-ohi&mH-J$Nl25"
"judicael.koppeck@edu.tbz.ch"|"r1H2&R-YkblIh-aCusBS"
"berengere.capron@edu.tbz.ch"|"b358CX-JsHpD#-c9TPeA"
"leonie.brosini@edu.tbz.ch"|"osEGO@-lRT3QB-xGOTlm"
"venus.garfit@edu.tbz.ch"|"ivVqw3-%z5$W1-b%@dX5"
"melina.janota@edu.tbz.ch"|"YAIw$N-$aKA10-pjdsf%"
"laurene.bake@edu.tbz.ch"|"P6driD-9O%Jv9-yVc7HD"
"regine.dorkins@edu.tbz.ch"|"Wr$aAk-sKp0@6-1PwRSB"
"cecile.moffet@edu.tbz.ch"|"r#7pLH-$KIC2F-pRnpvu"
"maelann.labrone@edu.tbz.ch"|"VGEtwN-l#xF16-T1mrgT"
"melinda.newbold@edu.tbz.ch"|"77dBIx-uMNx93-RQvhLi"
"mans.itzhak@edu.tbz.ch"|"p#VwG5-Fh881z-4lnl9J"
"melodie.pattlel@edu.tbz.ch"|"eZEqXh-oyNE#f-T%1AG%"
"celine.bonett@edu.tbz.ch"|"g1XeD&-PhVpNs-deqM7#"
"adelie.mcgreal@edu.tbz.ch"|"aTppPr-B8QDCS-5FHp#7"
"helene.soldan@edu.tbz.ch"|"fTeP%e-l@VXWK-IVEhFJ"
"michele.cluer@edu.tbz.ch"|"sC7OhY-gl@6SY-r4AIdF"
"maeline.mueller@edu.tbz.ch"|"qlKr&b-Q2VhBE-sLKD3B"
"maelann.benedito@edu.tbz.ch"|"q8LA9a-hB@mJH-3#iX4x"
"nuo.gransden@edu.tbz.ch"|"xTjVQG-xrhyXh-gVWluE"
"berengere.stainton@edu.tbz.ch"|"DNDMil-nUwvkb-fjb2QW"
"wa.sabater@edu.tbz.ch"|"JRG$R$-I5Qgav-fcwGOa"
"anais.cochran@edu.tbz.ch"|"sB%9F1-bwwHar-zhCj@R"
"gerald.bessant@edu.tbz.ch"|"z@WZW3-FKKP17-wPRKpe"
"ruo.coffin@edu.tbz.ch"|"qtRBO2-AcQWir-k7TLGo"
"melodie.mustill@edu.tbz.ch"|"HMeP0Q-eKri78-32YnNJ"
"ruo.stanesby@edu.tbz.ch"|"hOPYpI-mu432S-OY5mIE"
"noemie.antognelli@edu.tbz.ch"|"ABFyQ@-wBwfWT-UiQMgj"
"maelann.hughson@edu.tbz.ch"|"aD66tZ-ROwWz@-lejhzb"
"milena.mieville@edu.tbz.ch"|"@8sDVy-PYZFey-aMco@5"
"mailys.chamberlin@edu.tbz.ch"|"4sLppI-9MsUjV-kJpzRy"
"nadege.tomalin@edu.tbz.ch"|"U$y2pq-@AiUZG-YvpF21"
"oceane.omara@edu.tbz.ch"|"7767k%-Qs313W-khIHBr"
"cecile.aguirrezabala@edu.tbz.ch"|"U1y3Er-Sow8JW-blACZg"
"maella.gwillim@edu.tbz.ch"|"OBu9lk-1GKtjc-p6$Ylk"
"lea.mcgahey@edu.tbz.ch"|"9RN6TP-fqQx8&-Ur$@S#"
"laurene.hagerty@edu.tbz.ch"|"B8@nGt-JQ$RPt-l@u&i5"
"dorothee.link@edu.tbz.ch"|"PnUF3I-YsvrNx-EuEnkB"
"clementine.kynsey@edu.tbz.ch"|"wjbw9u-wiYMCu-wL4Ck1"
"lorene.smitherman@edu.tbz.ch"|"jjEJwa-GUDPUV-bCw4OP"
"cleopatre.klulicek@edu.tbz.ch"|"%BfPV#-lqPNuB-XBu5ye"
"laurene.castaneda@edu.tbz.ch"|"M2XqBx-x73Bub-aZCaa$"
"melia.constant@edu.tbz.ch"|"SAoWRP-BU0NI1-#ORuM5"
"lucrece.clunie@edu.tbz.ch"|"lS8Q4%-xDQgzi-43oIWf"
"eleonore.mcmurthy@edu.tbz.ch"|"q#PY5@-O4Jm2b-N5L%zC"
"melia.bevar@edu.tbz.ch"|"kBK5eV-7Tq8RA-@Ljb3a"
"camelia.bontine@edu.tbz.ch"|"dNMI%F-CVuJ#I-rkoVz@"
"methode.jozefczak@edu.tbz.ch"|"hBl7Uc-@Yqew$-WB94b6"
"audreanne.hinsche@edu.tbz.ch"|"AmA#$G-2dZx7w-BXxCI4"
"andree.varne@edu.tbz.ch"|"X4ivI6-$z4lGZ-@IfiC7"
"marten.kinleyside@edu.tbz.ch"|"Cla6By-3#GMhd-7NVzpJ"
"esteve.mcewan@edu.tbz.ch"|"gic1f3-EzgcUI-lpeYHB"
"leane.dibbert@edu.tbz.ch"|"h$0lgQ-TJACng-HF6XB@"
"ma.thewlis@edu.tbz.ch"|"RT@SS5-mQhRtS-n98b2H"
"clea.djurkovic@edu.tbz.ch"|"B#vblg-JHqSOA-of4Bwo"
"rachele.reburn@edu.tbz.ch"|"bGqF$J-xlX5mu-t@%z2m"
"gerald.gowling@edu.tbz.ch"|"D7hOi9-LZr8lu-XSKoQ%"
"cleopatre.jackson@edu.tbz.ch"|"6feZ9R-xiSjiM-A23fZ9"
"desiree.haskins@edu.tbz.ch"|"A%oz30-&H1Ue1-lrEmbg"
"eleonore.longson@edu.tbz.ch"|"9&EZ6V-7jyi3j-1F&QkQ"
"leane.dybell@edu.tbz.ch"|"Jeo7Bd-WEbgcM-HWcKJ8"
"becassine.grzesiak@edu.tbz.ch"|"p3f$GX-GnlGbK-EBksJ5"
"marie-josee.pickin@edu.tbz.ch"|"voU#f#-B4Yo#O-xg%Nug"
"marie-josee.roxby@edu.tbz.ch"|"PgHLdq-d$iNVh-ncOfni"
"leonie.feenan@edu.tbz.ch"|"FvpiPO-ByhnNA-PpU1DL"
"valerie.ellum@edu.tbz.ch"|"F@puK2-nHyg7%-3m8LBm"
"ju.caseri@edu.tbz.ch"|"i@yYDc-pv6cRx-TvzUKQ"
"boerje.strangman@edu.tbz.ch"|"4kxVzH-qn9IfN-igfoaY"
"beatrice.ghidelli@edu.tbz.ch"|"guvxIv-@9sI7c-6aLu7y"
"da.jablonski@edu.tbz.ch"|"e2hTuF-Z2@@oi-YDW&CU"
"uo.beveridge@edu.tbz.ch"|"N5v1ka-Ql3adp-nLAQ2G"
"valerie.bestman@edu.tbz.ch"|"1P9Lg3-7J9ksL-ix9p1v"
"marlene.pohls@edu.tbz.ch"|"LE%YvE-CMfZ$c-1$LTYy"
"ma.nolda@edu.tbz.ch"|"vG9z&b-EWMAKq-PJUlQm"
"marlene.bisiker@edu.tbz.ch"|"9jFySC-nDyNOk-JXcf$&"
"estee.babon@edu.tbz.ch"|"RPiuww-G2d@hZ-nV44yh"
"simplifies.dmisek@edu.tbz.ch"|"Qicl5A-G2ASje-1$d5j2"
"selene.ganing@edu.tbz.ch"|"0n4e84-OsKSDf-bbujiv"
"meryl.penke@edu.tbz.ch"|"vRF7zK-VCmCJm-4y2gmp"
"anais.rawcliff@edu.tbz.ch"|"0id5oy-CBygHd-tRXjTL"
"melina.andri@edu.tbz.ch"|"bYqYHO-esKbdz-SlB0sY"
"audreanne.fodden@edu.tbz.ch"|"db0lQs-2@0hWP-fGnYyk"
"bjoern.spellesy@edu.tbz.ch"|"pTOrz2-Lh&oOs-QdvriS"
"francoise.summerscales@edu.tbz.ch"|"yLro8g-eGoT48-V5ytty"
"laurene.ashtonhurst@edu.tbz.ch"|"2HAxAd-frQCiY-@22sgd"
"valerie.petters@edu.tbz.ch"|"nA6Z3k-YjnfTd-zBRBwr"
"anael.spenclay@edu.tbz.ch"|"dVUpko-HvFn40-uisZPI"
"stephanie.keech@edu.tbz.ch"|"NtXM8Y-JVljlu-M5A$71"
"ines.deveril@edu.tbz.ch"|"VNfi7Y-2qCnZP-VlTC6#"
"berenice.gelder@edu.tbz.ch"|"aVTOWi-0ZHB&F-uiMDLY"
"melanie.ofogerty@edu.tbz.ch"|"i%PH6N-6%v5UJ-jB4RWX"
"frederique.canepe@edu.tbz.ch"|"Wb8#UE-$t7fyc-BhRo6P"
"nuo.otton@edu.tbz.ch"|"TVLI1H-oh3kWV-wUT4Y1"
"genevieve.trusler@edu.tbz.ch"|"KDKZQh-DRYV3%-J$c7Kp"
"ju.boag@edu.tbz.ch"|"0hExjx-0s5dha-XrE544"
"josephine.dilucia@edu.tbz.ch"|"HOdfW8-Udiqy4-kXU9Fp"
"laurene.armsden@edu.tbz.ch"|"GiNLF0-0HSrYh-&iJAyH"
"becassine.griffe@edu.tbz.ch"|"bdZxlj-iOIUXp-abh1v7"
"alois.parres@edu.tbz.ch"|"xO%EYZ-zhO2kT-S97GFS"
"cleopatre.gaffey@edu.tbz.ch"|"6$WoG3-B14okb-m93N%h"
"andre.stiger@edu.tbz.ch"|"h$mdyo-31q2W1-ih73OG"
"beatrice.godleman@edu.tbz.ch"|"tBIPk8-eXcxcB-Mzpuq&"
"hakan.harrhy@edu.tbz.ch"|"pEg5iw-#X2ORK-S3$GE&"
"celestine.dagnan@edu.tbz.ch"|"wTHJed-q5KKYo-05WeqA"
"clemence.haggart@edu.tbz.ch"|"Z6bLe8-66UQE@-fCKZdt"
"long.caban@edu.tbz.ch"|"XXWnMr-Yb0&8k-gLN5Yk"
"gaetane.grimble@edu.tbz.ch"|"eDuR69-@0fmsR-Kk0sJ%"
"maelann.piwall@edu.tbz.ch"|"G4DjW4-L@C1%H-GzfBuH"
"magdalene.loble@edu.tbz.ch"|"rDjAmR-p#e5Z&-6beqJp"
"veronique.domaschke@edu.tbz.ch"|"VPOHDH-dl7pvX-0vzjq%"
"clea.herity@edu.tbz.ch"|"I40FBj-Jurs%w-V93cK%"
"maelann.bambrough@edu.tbz.ch"|"1zxSNg-ua&nIl-8zhpym"
"clea.goulstone@edu.tbz.ch"|"yTI%Bf-W@kx7c-GgnZbE"
"renee.deleek@edu.tbz.ch"|"SUON1s-37aOwU-SHpBQY"
"boerje.rudderham@edu.tbz.ch"|"DhKYGn-goj%@n-9lx#Ue"
"marylene.broune@edu.tbz.ch"|"ze9JaB-cO0rZE-19rVDz"
"nadege.mccuish@edu.tbz.ch"|"rU$&Ep-KqQJcN-K0gozZ"
"anael.littleover@edu.tbz.ch"|"VXIZzB-SWIuB7-DRZ2fz"
"lie.baume@edu.tbz.ch"|"SzPEs$-zhAzX%-4k%h&R"
"maella.murrow@edu.tbz.ch"|"MbFa8h-@cxRPT-ox2g0W"
"cleopatre.pettifor@edu.tbz.ch"|"tF3N05-hKecJN-@yHheg"
"geraldine.asker@edu.tbz.ch"|"2IWA2u-Usi#E5-iegphP"
"gaetane.smedmore@edu.tbz.ch"|"xMsn6H-qmtIxC-%jhDFw"
"meryl.blencoe@edu.tbz.ch"|"lK&KVp-KKAw#L-8qpb%P"
"aurelie.chastaing@edu.tbz.ch"|"JEgEsa-K@4Lo$-uJtFA%"
"oceanne.marthen@edu.tbz.ch"|"Z$hmng-pR6R0z-Cp&7aP"
"dorothee.burrill@edu.tbz.ch"|"gnVWDT-X%lKP%-WXoWFS"
"hakan.belden@edu.tbz.ch"|"QUeM6F-Faq&ef-WyJ#zH"
"celine.brunning@edu.tbz.ch"|"JOPZJX-DyIpfC-M@VVqt"
"anael.lapides@edu.tbz.ch"|"fdq@Z%-dq4ZXt-I1$ilq"
"ruo.saffran@edu.tbz.ch"|"DFy6gd-C4hE#w-3h$iCI"
"loic.gerretsen@edu.tbz.ch"|"sLgAt1-ss33G6-7c#2NR"
"rui.fitzer@edu.tbz.ch"|"kwilVE-E7TDl6-9l&xf3"
"annotee.ogers@edu.tbz.ch"|"eZt@o%-cm1$d&-PUp6cO"
"boerje.bindin@edu.tbz.ch"|"uBaT70-Rq43Js-NwnkLh"
"ma.cronchey@edu.tbz.ch"|"dFB58#-%OvS0N-MYbl8l"
"laurelie.baiyle@edu.tbz.ch"|"yWRCML-@@nFe1-mjjh$W"
"dorothee.older@edu.tbz.ch"|"33ODxL-90ARa@-xlLcJJ"
"laurena.wile@edu.tbz.ch"|"xKDjx2-XcZPiT-QkKipe"
"clemence.brito@edu.tbz.ch"|"K0x1@L-K4fF#S-IHC4F3"
"nadege.dallin@edu.tbz.ch"|"sv6As6-$@dEb$-Y#RqvP"
"mailis.matley@edu.tbz.ch"|"eoGxiq-Q5yWIA-Sxh5Hz"
"daniele.screaton@edu.tbz.ch"|"j3bqFJ-HS8yAi-7fdSXH"
"mediamass.godly@edu.tbz.ch"|"sTPOMU-ZoIH$3-Twrx02"
"leone.kremer@edu.tbz.ch"|"OxWS3&-PMR#9R-bwY0Vi"
"asa.adrian@edu.tbz.ch"|"voW&Fy-YcNDT8-v3leHA"
"adele.doley@edu.tbz.ch"|"nW&Zyy-ysM&zr-Yh4@vb"
"fei.sidney@edu.tbz.ch"|"C&$U#a-ApCdE%-3jz&#1"
"marie-josee.walisiak@edu.tbz.ch"|"sqiCAn-vURgUv-&o&CCU"
"desiree.diplock@edu.tbz.ch"|"x7K9PE-RjUCsM-$Y9xhY"
"gisele.schust@edu.tbz.ch"|"7s44H&-kreLtZ-s3hZa2"
"ma.longshaw@edu.tbz.ch"|"q&8Arn-4s7Ntd-$dluq0"
"da.boother@edu.tbz.ch"|"j6yxXf-NzTWel-O1nf4O"
"simplifies.chaudhry@edu.tbz.ch"|"74Mxox-wRB0yL-D22uYA"
"garcon.baniard@edu.tbz.ch"|"#uGaSL-f5#t8v-Je041c"
"gaetane.elphee@edu.tbz.ch"|"Sti#lM-4zLw%5-s&aY3B"
"gisele.hassey@edu.tbz.ch"|"wmt7fh-tWIz1u-1ecQmQ"
"oceanne.booley@edu.tbz.ch"|"R0zxug-#w@dIa-Vjab2c"
"oerjan.dibden@edu.tbz.ch"|"7gz&q7-uEe&Zk-TmPaml"
"regine.ocleary@edu.tbz.ch"|"k7UWo$-7Stik#-1m@g$F"
"selene.persse@edu.tbz.ch"|"CBBo3b-G%0ZXF-pV%51V"
"helena.adenot@edu.tbz.ch"|"NfNpVI-BPh0yY-dJMS&a"
"maelann.wassung@edu.tbz.ch"|"TajBto-1pyY0Y-58a4L7"
"frederique.ackermann@edu.tbz.ch"|"3iuLlR-J@$caz-TghV9S"
"audreanne.kahen@edu.tbz.ch"|"q0ZpLs-hJT7Is-ARgJ5k"
"maiwenn.lasty@edu.tbz.ch"|"pNkaTq-L4x1qe-wOSJXs"
"yu.dictus@edu.tbz.ch"|"NeySvS-pCNnCb-sb&QsZ"
"anae.dukes@edu.tbz.ch"|"z1NhdF-TnId1j-gtPF4V"
"yenora.warr@edu.tbz.ch"|"ytMpEh-LY#nM3-yN%QJ&"
"esbjoern.archibold@edu.tbz.ch"|"igFcPd-pxjHz#-s2&qOp"
"milena.pardal@edu.tbz.ch"|"l3Neu0-woZZ7L-eZFr2p"
"celestine.graveston@edu.tbz.ch"|"e9qGPx-OHFBzu-3iVBZ0"
"maena.dallas@edu.tbz.ch"|"BS$W9B-fC6zH2-4C%H&&"
"andree.tuke@edu.tbz.ch"|"NMScON-BVe&wK-224dab"
"methode.seldner@edu.tbz.ch"|"7O753F-o&xI1#-tNwqG6"
"venus.bullas@edu.tbz.ch"|"CNm0S&-NuTkFg-Et9#L2"
"mans.aguirrezabal@edu.tbz.ch"|"fc$uMe-#Uyy5R-oi7mFo"
"gaelle.eadington@edu.tbz.ch"|"Co%Dze-dagdyn-J2&XUR"
"anaelle.falkner@edu.tbz.ch"|"d69Fhu-ALRBI1-gQnvI3"
"ophelie.height@edu.tbz.ch"|"g#dmfW-A57j&E-%g&nmR"
"marten.bolding@edu.tbz.ch"|"JKn7GU-JlhqYF-rchn0R"
"pelagie.guswell@edu.tbz.ch"|"AI1eG1-A7Gh3y-Ix9@Ir"
"gwenaelle.lecount@edu.tbz.ch"|"yHLARg-a70M4o-tM%k5c"
"hakan.laden@edu.tbz.ch"|"hRj2Q7-ErIgjm-ZCz7SL"
"marie-josee.hylands@edu.tbz.ch"|"DhCm7w-x7uBE0-kJ919a"
"zoe.kingshott@edu.tbz.ch"|"xtT7u4-0RJyjB-V38pMD"
"josee.janous@edu.tbz.ch"|"pmk6fQ-j10hS1-5EJ8en"
"laurene.gallally@edu.tbz.ch"|"hr&lUA-EXzSNL-kmcMoR"
"anael.bickle@edu.tbz.ch"|"atZLJp-OQ&miF-U8nlFD"
"mediamass.lebbern@edu.tbz.ch"|"0tMXyl-3UKNr3-iA&qne"
"berengere.hovy@edu.tbz.ch"|"8UIx0o-P1D$tl-IDmKFz"
"oerjan.kilmurray@edu.tbz.ch"|"h9szSb-zcj4GZ-xi0bkq"
"asloeg.venny@edu.tbz.ch"|"BXyATV-9uIPQP-KrBdaK"
"marie-noel.stoad@edu.tbz.ch"|"VFfF%L-zFOSxu-5#yiEZ"
"hakan.pettifor@edu.tbz.ch"|"dEicew-5ju2xb-gqjNWk"
"maella.willgrass@edu.tbz.ch"|"2CzRec-45ZKFq-v#db9S"
"therese.ludovici@edu.tbz.ch"|"QmP6@5-4leNFF-qcn0#F"
"stephanie.trewhitt@edu.tbz.ch"|"zoKiu@-DeY1#m-JuF9mR"
"maerta.bauduccio@edu.tbz.ch"|"9QwKIH-D2Mv04-56cUdR"
"gaetane.glaisner@edu.tbz.ch"|"E4INYR-TCGx&S-3@iz2P"
"naeva.pargeter@edu.tbz.ch"|"Z5#pTc-b6h2AD-%&4GAW"
"salome.venable@edu.tbz.ch"|"2Ey7#P-ti@CNI-FEf1mq"
"boerje.thickett@edu.tbz.ch"|"F&%BZQ-DcT11F-P6jzsb"
"lucrece.prendergrass@edu.tbz.ch"|"QCNrCs-eYj3y2-ML1tu#"
"laurene.ockleshaw@edu.tbz.ch"|"GzmaD5-hjQ6OJ-rJultv"
"cecilia.pasticznyk@edu.tbz.ch"|"IxJeXd-$LPrWo-xizhmV"
"stevina.mackey@edu.tbz.ch"|"m&owe$-GjvSER-f@CXUC"
"marie-noel.reven@edu.tbz.ch"|"h3M3bA-$mfY11-QUvD3$"
"melina.quilkin@edu.tbz.ch"|"Qp%RZg-$3&sIB-QO8c4&"
"marie-noel.ferrie@edu.tbz.ch"|"jty40l-FynSga-pWxjS6"
"leone.alphege@edu.tbz.ch"|"4gIlFL-5724z3-DbOHGK"
"zoe.leverson@edu.tbz.ch"|"iir$dV-razM#c-nQBLgB"
"annotes.grayne@edu.tbz.ch"|"@de72F-%IKISv-RYUssH"
"faites.lalley@edu.tbz.ch"|"zkNfdy-$P%xHD-2H@uyt"
"adele.wallis@edu.tbz.ch"|"O3apn%-zsUZXq-#5u9uy"
"severine.madill@edu.tbz.ch"|"o8JxJr-O$jLuM-CI4%Vd"
"valerie.tebb@edu.tbz.ch"|"uf&SBd-ytMUMi-SrmvUQ"
"kalliste.rasper@edu.tbz.ch"|"i#j8qe-pV45wF-ZA3IFH"
"audreanne.palomba@edu.tbz.ch"|"mf5Y@Y-nfAv@6-7JZkNm"
"elea.adamik@edu.tbz.ch"|"SPtnYM-TWkxsQ-loz@P4"
"reserves.jakuszewski@edu.tbz.ch"|"VcaHI&-oQoTnW-eGP$rj"
"athena.belhomme@edu.tbz.ch"|"swAP0h-#Phlej-pB4nhr"
"rebecca.crippin@edu.tbz.ch"|"xxyDu7-zhM21Q-wAclnP"
"maiwenn.curman@edu.tbz.ch"|"MfpXhW-DSAHbw-86Pp3i"
"andree.bunner@edu.tbz.ch"|"hdEGVS-4MFeoN-GduGI%"
"ruo.winckles@edu.tbz.ch"|"32Vtzv-$hpedY-S3Gjoj"
"naeva.buntine@edu.tbz.ch"|"TZH0N3-bD&WFS-ABBTF8"
"boerje.dollard@edu.tbz.ch"|"ryV5XG-Jp6Y6V-HoPH#1"
"penelope.gorman@edu.tbz.ch"|"bDlMXG-ZCAVuK-APz7kM"
"alois.robelin@edu.tbz.ch"|"&jbFpB-cta7iV-Mci9OD"
"anaelle.tindle@edu.tbz.ch"|"Rkb2zZ-3vquNp-YV#d@t"
"ye.frears@edu.tbz.ch"|"zpkUsz-ida4eO-Z4&rPn"
"andree.ovid@edu.tbz.ch"|"wELIOK-p76yIP-fJn5FQ"
"hakan.peat@edu.tbz.ch"|"4&15pf-192XM#-#BRmnb"
"andre.januszewski@edu.tbz.ch"|"0HbW2L-0Li#jb-rVGLYl"
"annotes.clemmett@edu.tbz.ch"|"DTtnPM-lGUhbS-&gN%Xg"
"pal.lambswood@edu.tbz.ch"|"@Wbl%m-DaCZSu-FK7PTi"
"yao.lenton@edu.tbz.ch"|"WfwVbe-bu6Zh%-OuGNFj"
"hakan.boyton@edu.tbz.ch"|"kjtVmj-slix$3-2TLahC"
"nelie.forsey@edu.tbz.ch"|"SncNaN-@ZBSF@-z5m9oP"
"hakan.horche@edu.tbz.ch"|"sLAXeF-4je2bp-yD%kCc"
"lorene.sinkings@edu.tbz.ch"|"Zkp%qO-r9lL95-Kp$1UY"
"marie-therese.creddon@edu.tbz.ch"|"$2@N5v-2s3Y$J-6rIy3c"
"berenice.tolworthy@edu.tbz.ch"|"OQyR9o-thQeJr-zhn&W&"
"theresa.land@edu.tbz.ch"|"2gREQi-7#0ITL-R6CZiC"
"marie-therese.gianilli@edu.tbz.ch"|"Iv@IDu-lMRJKQ-h1#27h"
"meryl.glew@edu.tbz.ch"|"1AtIda-MXqq6Y-RI@Vq&"
"adele.debling@edu.tbz.ch"|"iBu1sA-NnSc#H-qD@g#a"
"anae.metzke@edu.tbz.ch"|"ne#wMv-bGP7PO-Zq5TO$"
"gaetane.gooden@edu.tbz.ch"|"Y7EBRW-v4vjrV-pxLwo1"
"laila.bootland@edu.tbz.ch"|"ha37vt-ajd%YB-Un$IQl"
"maite.helsdon@edu.tbz.ch"|"ls8Zz4-NiUBDc-Zexjll"
"andree.malley@edu.tbz.ch"|"ClHrSg-llx08%-jdmm&d"
"pal.simmens@edu.tbz.ch"|"5aKVtK-a1hvYX-z2xSv8"
"maelys.nuccitelli@edu.tbz.ch"|"OG$uNS-KnOvpW-5vg&ts"
"dafnee.sibary@edu.tbz.ch"|"qgke9p-VUcMPq-t@uHjB"
"alois.harsnep@edu.tbz.ch"|"sWs6$q-Ax&QHn-AeZJCC"
"marie-helene.lacky@edu.tbz.ch"|"aqFqLS-brQgfP-#kHbcg"
"mylene.youthed@edu.tbz.ch"|"JnB91B-Isy#vY-v@USok"
"marie-helene.dehmel@edu.tbz.ch"|"kPJCoE-N%ByY6-NeLoJI"
"angele.batman@edu.tbz.ch"|"0Yg#W&-ih@ef9-&9Sc4w"
"melia.younghusband@edu.tbz.ch"|"V95W4c-zgdTm6-vGnhXX"
"eloise.baldi@edu.tbz.ch"|"1NWAlB-QEDA%P-XmGj7$"
"illustree.dun@edu.tbz.ch"|"nHYBFQ-kmCLfR-00qClP"
"genevieve.late@edu.tbz.ch"|"OC9Ozh-DZa&RG-V0r7Sc"
"celestine.colville@edu.tbz.ch"|"LPOxiL-B48CJ#-AfvSPH"
"gwenaelle.scarlon@edu.tbz.ch"|"kfwGaD-phTb9Y-VCxOho"
"regine.boddie@edu.tbz.ch"|"psREGC-2madJg-qsTr5o"
"creez.gaughan@edu.tbz.ch"|"panEmF-$#s@%g-kgZgf0"
"gaia.longford@edu.tbz.ch"|"HpaTVW-RG8zd%-j#PY&f"
"mailis.buckby@edu.tbz.ch"|"9MY9io-#W62zx-8Nh5fu"
"song.parbrook@edu.tbz.ch"|"RwkIz%-R%R8QL-Q%L7bo"
"frederique.heddan@edu.tbz.ch"|"mX1wxf-A&ivfE-h&#HhK"
"ake.kirtlan@edu.tbz.ch"|"RXvWEP-3&V7tF-gLYL2q"
"nelie.runciman@edu.tbz.ch"|"9kCe8e-gE5HcV-ru0vXQ"
"mailis.cardnell@edu.tbz.ch"|"O3E1Ud-J1gTT#-w35Po#"
"irene.navarro@edu.tbz.ch"|"&zS46M-XlXymH-PIqhD%"
"maite.cough@edu.tbz.ch"|"qVAY6O-dogqno-W@AZHx"
"anaelle.stocky@edu.tbz.ch"|"iXS2Ff-xXToiX-Ck18%I"
"methode.moulder@edu.tbz.ch"|"snO4p8-9DCSMj-s3Yh5Q"
"po.stafford@edu.tbz.ch"|"Zbldsa-mQEQJs-yM8aVX"
"faites.scraggs@edu.tbz.ch"|"kieej1-XvOrKY-3hU&Vv"
"adelaide.dullard@edu.tbz.ch"|"qIc$#d-FBRl9k-mIDp4o"
"desiree.leonard@edu.tbz.ch"|"dkmt&8-ZBSXcn-9FA%VQ"
"geraldine.badgers@edu.tbz.ch"|"&@1u9B-N6h3RE-$3l#63"
"ruo.masic@edu.tbz.ch"|"1SPAxs-Wg%H$m-jfSn$h"
"aurelie.lieber@edu.tbz.ch"|"lU&4Qb-rmejC4-kyRbFv"
"naelle.balcock@edu.tbz.ch"|"HwbGMG-9f2uNh-1pPY&c"
"camelia.elger@edu.tbz.ch"|"q%ITGo-P4Xumk-Cqk#HV"
"publicite.oakeshott@edu.tbz.ch"|"pQCk25-qASyB3-IhlpKr"
"cleopatre.fawley@edu.tbz.ch"|"3IFmCt-UEKQLY-QztvY6"
"laurene.bruckmann@edu.tbz.ch"|"d$sJ6x-OAYWSu-4gvY3m"
"rui.haughton@edu.tbz.ch"|"d1SJmJ-#90NA#-rD4%sP"
"asa.ladewig@edu.tbz.ch"|"leae$I-0trGm&-@02ieW"
"gisele.janecek@edu.tbz.ch"|"%1WP@p-81vP5o-pPgyxd"
"maily.loveridge@edu.tbz.ch"|"BKTtwv-kC2wce-LrxQVi"
"marie-eve.yurkiewicz@edu.tbz.ch"|"45cCPx-cujLt0-xysx1v"
"fei.roder@edu.tbz.ch"|"&x#6hf-%JGkZv-GrRfco"
"edmee.chatburn@edu.tbz.ch"|"EodILD-MP35#L-oew9&G"
"geraldine.darke@edu.tbz.ch"|"f0pHeL-t350Bf-Ag34Kr"
"ye.jira@edu.tbz.ch"|"BMHOJQ-4NHEXd-pnXUEC"
"publicite.persent@edu.tbz.ch"|"BAz2%s-V6%ej7-p9tv$n"
"severine.wilcox@edu.tbz.ch"|"sx91hq-&mKe6R-iPJKpR"
"yao.mcclaren@edu.tbz.ch"|"0CoJhB-xyc1nU-ETkuhz"
"theresa.foynes@edu.tbz.ch"|"ZLXBRq-ggWc8e-EOK99a"
"stephanie.isley@edu.tbz.ch"|"c9dJej-BE%3y@-qQTVkV"
"torbjoern.growy@edu.tbz.ch"|"X@hNQm-JaXW2X-53Ur@S"
"eloise.tunnadine@edu.tbz.ch"|"@Bp4Vv-h5#VvI-PYi4Wh"
"maeline.cossentine@edu.tbz.ch"|"zxU#ZL-Nbrud2-IOkQ1P"
"nelie.desantos@edu.tbz.ch"|"APWuKB-n0s6gx-yk@zmp"
"gaetane.axston@edu.tbz.ch"|"bgwpIx-3MjqL$-OALj2l"
"aimee.merman@edu.tbz.ch"|"@Vx7Z&-PH$Wn4-hkd3Cv"
"oerjan.drivers@edu.tbz.ch"|"7wQDRy-EM2K1e-rarzWc"
"aimee.miroy@edu.tbz.ch"|"zXgDtr-U3EpQ8-F47P0Y"
"nelie.glyde@edu.tbz.ch"|"&affPy-FxDp$z-jkCFmw"
"hakan.kapelhof@edu.tbz.ch"|"RxH4bz-tES5HE-6qfEPU"
"maelyss.cauley@edu.tbz.ch"|"s#GPAX-X&V5ag-90K%6D"
"elea.vaggs@edu.tbz.ch"|"bZ$ldW-q$BhF@-zr3VrO"
"maelys.but@edu.tbz.ch"|"E8fuTr-G3BcoY-AFBb4d"
"maella.arthurs@edu.tbz.ch"|"dGQ9zB-BFHCZL-VI@uz#"
"adele.liebrecht@edu.tbz.ch"|"rziNHd-IZrG$F-ZJtwPf"
"meline.lomasny@edu.tbz.ch"|"RWC3yY-%YDMD9-VJ1$$1"
"mediamass.schwant@edu.tbz.ch"|"mjhPcD-rDEonS-lcsM$M"
"leone.saunt@edu.tbz.ch"|"6wFtLW-309XPk-FncYlr"
"annotes.gouch@edu.tbz.ch"|"S8Y$nA-3%2c&Y-ER3Z3O"
"gaetane.bowich@edu.tbz.ch"|"Ew$umS-qjuRVY-1j&k#o"
"alizee.strelitzki@edu.tbz.ch"|"F0oi10-$l9zC5-CkZpV1"
"leone.poile@edu.tbz.ch"|"gspgRs-O@wawl-WpkinA"
"amelie.saban@edu.tbz.ch"|"ML%XPX-5qKliD-fGAtbp"
"marten.mcmenamin@edu.tbz.ch"|"7g&UUl-WKyVcc-jwvaH8"
"becassine.keets@edu.tbz.ch"|"SKfZia-Z6WAz0-icSlLA"
"celine.million@edu.tbz.ch"|"5Y01CK-E6SKv7-w%dfHF"
"geraldine.belitz@edu.tbz.ch"|"ja2ooU-luQ8uj-ws3qOz"
"salome.mardling@edu.tbz.ch"|"iOFPgH-O9Xkjw-oKe4@b"
"melia.blakemore@edu.tbz.ch"|"NbkIYj-9QRNQn-nH9JyY"
"dafnee.mcaulay@edu.tbz.ch"|"5fDQj2-qNa4ZL-PdP4lX"
"garcon.dennett@edu.tbz.ch"|"ChwlJk-Rl@Ezd-3eKPCD"
"interessant.lesor@edu.tbz.ch"|"1ZmhiB-f%qbxb-rrU&Ux"
"annotee.wasbrough@edu.tbz.ch"|"CvxEZm-O3uUzD-JSPJ5O"
"asa.ibbeson@edu.tbz.ch"|"vAnqp9-7hmb4Q-dHVNXu"
"maily.kennealy@edu.tbz.ch"|"TysMd@-ocZcPJ-DfiYKD"
"ye.seares@edu.tbz.ch"|"t7Ujq5-It1Saw-Zt#tNE"
"athena.harbron@edu.tbz.ch"|"%fZ&sG-CeFM91-15cs4s"
"andreanne.portail@edu.tbz.ch"|"%neXR0-iUb%ZC-MncR2%"
"goeran.zannelli@edu.tbz.ch"|"Nhfrr5-wO3Whz-%7GOlK"
"gerald.leathlay@edu.tbz.ch"|"&pi20a-9qaUma-smEErC"
"andreanne.chown@edu.tbz.ch"|"ilHQrw-djwDgX-FLs9k2"
"esteve.clementel@edu.tbz.ch"|"avWUCY-1DCeWD-MX3RLw"
"leone.legan@edu.tbz.ch"|"SDYG#p-PYr3R@-skkTAD"
"maena.pownall@edu.tbz.ch"|"KVu#dm-BVQ6VU-hun7kt"
"andree.rettie@edu.tbz.ch"|"HUVl2B-A2ys&m-NnX3sQ"
"ines.kenwrick@edu.tbz.ch"|"HvwN5D-DZEbuU-WCgrR7"
"marie-helene.yarnall@edu.tbz.ch"|"9sebzZ-J13nsy-oFeS5L"
"po.martin@edu.tbz.ch"|"ZFuKFo-CwSwGf-k2kgjl"
"ruo.celiz@edu.tbz.ch"|"aQcOez-hitPLp-l2K0On"
"po.bissett@edu.tbz.ch"|"A05jZl-sIIC6k-QaiHh&"
"du.swindon@edu.tbz.ch"|"nAoSWx-eBJENI-zM7y7y"
"interessant.gouldthorp@edu.tbz.ch"|"yyCl7A-Q53K3q-3f9F3z"
"leandre.lilburn@edu.tbz.ch"|"aLkiKr-%e9%T0-wnjdt&"
"bjoern.whales@edu.tbz.ch"|"RSFiFp-bx43yh-wP#9oL"
"interessant.dieton@edu.tbz.ch"|"nzgYfs-653U@B-amU4Y3"
"celestine.redhills@edu.tbz.ch"|"rOSRUN-0YbCly-2wbzXV"
"tan.yakovlev@edu.tbz.ch"|"&CSpb3-7zXN4H-%cgbkL"
"regine.mcdowell@edu.tbz.ch"|"&46Oj%-MFKWcs-wXYuZ%"
"ju.coysh@edu.tbz.ch"|"FX87wG-PiTI6q-93RsWf"
"reserves.ofallon@edu.tbz.ch"|"sZzOGh-JPvWQL-YwKL0G"
"frederique.sobey@edu.tbz.ch"|"TQ9YfN-YW8@F7-kgLN3e"
"marie-eve.garstang@edu.tbz.ch"|"&xyI&#-keXa$1-2MuFEf"
"andre.tapin@edu.tbz.ch"|"Fle8Lk-U$GJwb-yY5wR%"
"esbjoern.eynon@edu.tbz.ch"|"e7c%uu-JKlkUm-5jbQuW"
"maella.duffy@edu.tbz.ch"|"AIGVcS-KOs%Qy-E5#mms"
"leandre.twinning@edu.tbz.ch"|"Hq$DzD-yM&B4q-0Xu&Me"
"mai.whittingham@edu.tbz.ch"|"ocQEcT-XmPJBM-cIsYP7"
"rachele.shevelin@edu.tbz.ch"|"neZDd&-SV#&m4-BO&XkP"
"cecile.mcure@edu.tbz.ch"|"ErvjxL-NlYtXz-Ddd@Hl"
"marie-eve.yurkevich@edu.tbz.ch"|"5BxX3i-ztg%#v-vj&A9f"
"almerinda.paice@edu.tbz.ch"|"4diEZg-9&#elw-XUa%2Z"
"rao.howkins@edu.tbz.ch"|"pA1Cin-nqEH1S-8OH7p$"
"serena.pack@edu.tbz.ch"|"MRP7zv-1qD#nZ-Z#9RRn"
"rebecca.mant@edu.tbz.ch"|"QWSGv5-FSuN&n-Bnx1va"
"reserves.spitell@edu.tbz.ch"|"hfnvYc-q7eiOf-#PgFhE"
"garcon.hamfleet@edu.tbz.ch"|"WwycHY-RJX5Wm-f#lljs"
"methode.kerkham@edu.tbz.ch"|"wkA0Yz-9mdhdz-vEF6mL"
"pelagie.camies@edu.tbz.ch"|"wTot1&-bY35Bm-U$eNg2"
"josephine.macpharlain@edu.tbz.ch"|"mHcmIg-zu&$Q7-Sx5&Nz"
"eugenie.mathet@edu.tbz.ch"|"WV8MHI-U4qc09-HfTZlo"
"gaetane.brangan@edu.tbz.ch"|"pc8uWw-&QiZtp-#n5s41"
"michele.dewbury@edu.tbz.ch"|"1nceP4-Jc5nFe-l8cRau"
"eugenie.elcott@edu.tbz.ch"|"Hb&cH9-1uJ26W-LMS7%8"
"megane.harniman@edu.tbz.ch"|"EGFbL9-TMHlY$-f8bB1w"
"agnes.cluney@edu.tbz.ch"|"5eBvYo-II0IZ2-NSPeza"
"marie-helene.angear@edu.tbz.ch"|"mVTAgq-KrtIiW-@Syw&P"
"melia.dolphin@edu.tbz.ch"|"PLW$2o-WVAZR8-&lpC@e"
"lois.ruseworth@edu.tbz.ch"|"zSBMPO-5e0ALF-2#E#It"
"mailys.ryding@edu.tbz.ch"|"5RHVqc-DL4qJ$-1PeVAh"
"rachele.wulfinger@edu.tbz.ch"|"7ne95A-umWT%$-CDnWBK"
"gwenaelle.talton@edu.tbz.ch"|"SpTQUF-PkIQuT-FiM5Gu"
"long.ronchetti@edu.tbz.ch"|"QSbKFW-0ZRXTW-t5pdLU"
"styrbjoern.kloska@edu.tbz.ch"|"2$0LCI-7bB8Je-J%BlT@"
"len.sudran@edu.tbz.ch"|"Y2O4@Q-aajly5-9MNI0N"
"maelle.andrysek@edu.tbz.ch"|"KKJzqS-0gym%m-g1ZGEC"
"selene.senior@edu.tbz.ch"|"XKwFr5-IU4fK@-4BGSp%"
"anais.joskovitch@edu.tbz.ch"|"MTWUzJ-7oTDTH-&4bBhu"
"marie-noel.dally@edu.tbz.ch"|"VQR$80-F#fGLd-sr&x4Z"
"marie-helene.laurence@edu.tbz.ch"|"WpoQBY-mYOcC3-m66Yrc"
"camelia.foxon@edu.tbz.ch"|"zOJFGG-xS7hVt-W0tz9@"
"helene.cankett@edu.tbz.ch"|"BoDk#Y-fBF#U9-wmwDya"
"marten.mitchelson@edu.tbz.ch"|"ie9F2J-lr85MB-J05OZU"
"helena.stirtle@edu.tbz.ch"|"A1bmlu-#ZoRLN-1x4F4z"
"leane.barmby@edu.tbz.ch"|"1fyes&-r&gKA5-M#Z1Uo"
"goeran.ofinan@edu.tbz.ch"|"bXKW6V-T#tXI4-q0sqXB"
"styrbjoern.proby@edu.tbz.ch"|"N5y8xi-8Fg22L-XV2G8A"
"zoe.halse@edu.tbz.ch"|"QsJIm5-T31xLo-XY7fCr"
"kui.drable@edu.tbz.ch"|"HNaTb9-xOs&gP-UPC0Na"
"desiree.bamford@edu.tbz.ch"|"MxTLUo-Y0Ie5T-efZCU$"
"zoe.suller@edu.tbz.ch"|"dj%64T-s8%O6%-Ik9nBO"
"marylene.audiss@edu.tbz.ch"|"jOx&AV-&0H#sU-bHID8$"
"adelaide.poznanski@edu.tbz.ch"|"w&%dIV-eVX0Uz-6HE1LF"
"maella.coleyshaw@edu.tbz.ch"|"Q#DCZO-8vp$P7-cbYtn2"
"marie-francoise.gelder@edu.tbz.ch"|"ntS7rJ-Dh#pc5-SeN5S@"
"eleonore.chaffyn@edu.tbz.ch"|"266s&T-oJmtq3-3us0p6"
"celestine.sikorsky@edu.tbz.ch"|"T8BXzn-lTCZDi-BMSOyd"
"stevina.londsdale@edu.tbz.ch"|"ijFIaI-YAOkoU-prVPi0"
"maiwenn.nevitt@edu.tbz.ch"|"hwa%pp-a2OhXE-2iUR@F"
"magdalene.gerrey@edu.tbz.ch"|"0jd5Q8-TOR5WO-d&U&P1"
"becassine.latimer@edu.tbz.ch"|"&8JP9a-a@y@By-09dIVZ"
"da.lethibridge@edu.tbz.ch"|"9s#0@t-GyPJSw-amTj2V"
"mailys.claige@edu.tbz.ch"|"axWkTj-SzW@Bs-WgFMKD"
"maena.torbard@edu.tbz.ch"|"Voio04-uQR%uw-33a5Qz"
"solene.lyvon@edu.tbz.ch"|"rfRax@-EEStXl-EY3xov"
"marie-therese.benbrick@edu.tbz.ch"|"zXiG@C-qMWETA-EZ8QBj"
"gerald.edmonson@edu.tbz.ch"|"hBbuCE-Kf1UL0-l3hWx$"
"ake.messruther@edu.tbz.ch"|"nDAqGN-obYt0G-LzEiI6"
"men.gosneye@edu.tbz.ch"|"xGSLOa-3AXQAE-z7QEok"
"anais.jefferys@edu.tbz.ch"|"8uv0QW-Dp8UnE-mJ#fJm"
"publicite.tregale@edu.tbz.ch"|"Rk51I@-6x6jzl-Rk$GUr"
"maily.santorini@edu.tbz.ch"|"T@CtkD-@Oy5Kj-DU&4OM"
"ines.pioch@edu.tbz.ch"|"fec#m#-6ZxdUn-xVxuh9"
"noemie.marklew@edu.tbz.ch"|"P36WrB-F@y0RX-M9$Cai"
"meghane.maccaffrey@edu.tbz.ch"|"W4tShD-N9#%8#-G23SRH"
"berangere.ambrogio@edu.tbz.ch"|"b%&FJL-c9J6Bv-4C4G@8"
"mediamass.ryce@edu.tbz.ch"|"7Kri1l-%2X$$P-PPjo4O"
"oesten.ubank@edu.tbz.ch"|"tr8nMo-1hFFUN-ee36zE"
"melina.mackee@edu.tbz.ch"|"lEFIzI-7rErZZ-ntrxDw"
"theresa.livezey@edu.tbz.ch"|"Yt7bxw-qgPei$-%&5B4L"
"clemence.weal@edu.tbz.ch"|"&e3W9K-LfCeQF-PZn@Fx"
"faites.overton@edu.tbz.ch"|"6XR7j1-BHz5xr-NkgkD#"
"clea.lindblad@edu.tbz.ch"|"PrK$cV-EexDOJ-LA&TyT"
"josephine.roseaman@edu.tbz.ch"|"bB4USe-pkRUYn-&IPO%B"
"oesten.lowbridge@edu.tbz.ch"|"ptqSww-ksn9Vb-p@Js#U"
"marie-josee.brion@edu.tbz.ch"|"g8SD1w-uNrW8F-Oka1h2"
"therese.basili@edu.tbz.ch"|"3Ggu7U-#LCtDb-q&gVM9"
"melia.vertigan@edu.tbz.ch"|"BqbltV-J@IF@r-Jdyt70"
"judicael.saull@edu.tbz.ch"|"JbL0M0-Z1SGvy-W0RyEV"
"selene.valentine@edu.tbz.ch"|"W8rQvi-OjJ1K9-m3TMVk"
"verane.dunlap@edu.tbz.ch"|"jXvNyQ-LuPgA&-Ebm$Z$"
"meline.kinnear@edu.tbz.ch"|"KfFXCW-QvVPuq-xSpY%L"
"lei.luttgert@edu.tbz.ch"|"QK234l-C5D#JH-RV&dwo"
"styrbjoern.lathleiffure@edu.tbz.ch"|"3x7KOf-wKwYGF-9$rB9R"
"marlene.blasi@edu.tbz.ch"|"BX7D@O-D#WKaI-WV&$a8"
"mai.begwell@edu.tbz.ch"|"9a#nLC-GrB4Xu-3hRR&h"
"gwenaelle.kaines@edu.tbz.ch"|"L2bip%-AOvXF8-t@QtmA"
"gerald.adamthwaite@edu.tbz.ch"|"LPpqKx-0mjoZ8-sqQ#Qt"
"kui.hartfield@edu.tbz.ch"|"fbuqrU-t24Xmj-%Kcogw"
"salome.currao@edu.tbz.ch"|"EN4div-HkKf10-YVGnJG"
"angelique.tixier@edu.tbz.ch"|"6YzRQQ-ymUNTK-rFUNVr"
"ju.mcgragh@edu.tbz.ch"|"xphQX8-AicGZ4-CEkvDu"
"dafnee.beachem@edu.tbz.ch"|"L@a6l1-hXva@u-iKrFhA"
"creez.terlinden@edu.tbz.ch"|"F@yqf%-rnH4qm-u38#mw"
"uo.mcskeagan@edu.tbz.ch"|"C9S@df-bCWwxU-5%OK98"
"edmee.mccaughren@edu.tbz.ch"|"H5SzhO-oK9Wgw-SC5wZD"
"asloeg.cozby@edu.tbz.ch"|"c&UpNU-5MWFKc-tl9roj"
"melodie.traite@edu.tbz.ch"|"tO2DB&-tQJy1D-B1wXDT"
"dorothee.aindriu@edu.tbz.ch"|"JyypPv-zGyNTB-dxXdUM"
"daniele.doley@edu.tbz.ch"|"D%Oqc3-ERop6r-vW92D9"
"mediamass.fairclough@edu.tbz.ch"|"0kYX0K-&j@1oA-WTsPWF"
"lorene.rainforth@edu.tbz.ch"|"ky6S#w-za8u%G-&cpPN%"
"leonore.eyer@edu.tbz.ch"|"hpXK6Z-ntqR1X-SXLj9&"
"po.spillman@edu.tbz.ch"|"7$lOED-Lygi@N-4%hbKd"
"cecilia.plitz@edu.tbz.ch"|"elZ%rQ-LT7TzK-dIaQx6"
"lorene.ludlow@edu.tbz.ch"|"Rrn8mN-jSit87-@0$39g"
"berangere.neligan@edu.tbz.ch"|"RV%meD-I3oAVH-gwKcGA"
"simplifies.huggan@edu.tbz.ch"|"w9$HpV-kcTD6c-FDmHoB"
"clelia.prandy@edu.tbz.ch"|"9lIjSK-E2oEhY-kydQXr"
"ake.osban@edu.tbz.ch"|"ovKSIb-5gp1Xf-ztKN8f"
"cunegonde.brunn@edu.tbz.ch"|"G8izY4-OPwDhm-8V0p7X"
"long.grizard@edu.tbz.ch"|"bpve$g-hxbIU&-69QGaz"
"meghane.diss@edu.tbz.ch"|"w%aTiY-&KL2mZ-2uide6"
"therese.oldman@edu.tbz.ch"|"HDCh&h-nbYvAC-WI2UUn"
"boerje.scamerdine@edu.tbz.ch"|"J$$c2D-d&sxwc-2a3#43"
"du.saban@edu.tbz.ch"|"GcBMC%-WN0DjN-92asuE"
"hakan.clynmans@edu.tbz.ch"|"KtDo%&-LCW2Xq-pL1aCz"
"wa.macdowal@edu.tbz.ch"|"0H0yWP-Uoh6Po-tIFJ7#"
"venus.hatrey@edu.tbz.ch"|"Fs6Z&G-GJI#tF-nfG9x#"
"anaelle.vispo@edu.tbz.ch"|"ggRvCP-0sczlp-R56cbv"
"mahelie.ollcott@edu.tbz.ch"|"$63C8i-%$sUSi-GaIQx0"
"mediamass.whyman@edu.tbz.ch"|"PiFk65-997Sm4-mdW0N1"
"esbjoern.basson@edu.tbz.ch"|"nkCcuw-2GG@5g-004w1c"
"andrea.morrill@edu.tbz.ch"|"MhXZXO-$WNL%9-AlZPM4"
"melys.grassi@edu.tbz.ch"|"7eX55z-8hstRn-JIGsw5"
"leone.poleye@edu.tbz.ch"|"$mAv8d-$svy2w-qvYiEd"
"francoise.penny@edu.tbz.ch"|"KXOSLS-%7cysP-CVLnkb"
"rebecca.edney@edu.tbz.ch"|"4R$Oi2-VB9c$K-t8WwfZ"
"adelaide.murtagh@edu.tbz.ch"|"2AYoYA-C708%N-MrYYUp"
"stevina.winterbourne@edu.tbz.ch"|"reUBYc-kNYkpx-pFQ6F%"
"ma.cottom@edu.tbz.ch"|"FWzAt9-6MYiBC-P5SaKM"
"tan.harold@edu.tbz.ch"|"gU@M3f-bKHiCX-y6bcnw"
"venus.forte@edu.tbz.ch"|"K#LsK1-6%ARYf-nYH8u$"
"almerinda.oluney@edu.tbz.ch"|"%LAvqA-uQd17Q-SDEnN6"
"cleopatre.brehault@edu.tbz.ch"|"2i%tiE-JBMLfn-pvjm&b"
"interessant.lapides@edu.tbz.ch"|"jFkd2J-x6mtp8-N$S%qi"
"reserves.hallatt@edu.tbz.ch"|"jrl&SS-uSb9eq-NHfSEg"
"annotes.birdwhistle@edu.tbz.ch"|"OuteiL-1C1x5V-8YzVqO"
"ai.dredge@edu.tbz.ch"|"Q%QjSW-9S5SSs-WswIJ5"
"megane.mussard@edu.tbz.ch"|"Ic6Y&R-G&P5Ga-OA@F#q"
"esbjoern.gowrich@edu.tbz.ch"|"&7lkpY-cm9vhO-cTorpF"
"boerje.brislawn@edu.tbz.ch"|"VWf#Tq-mB4Bag-dB7m32"
"becassine.wilce@edu.tbz.ch"|"3mp%C5-r6KlgU-FaBD%@"
"personnalisee.oels@edu.tbz.ch"|"lzUbRQ-&7GttV-ePLKh#"
"verane.pett@edu.tbz.ch"|"Hjd0bX-99d&1$-$z0SSh"
"marylene.glewe@edu.tbz.ch"|"6xkDSp-Sh80dO-eLHbl4"
"lai.elson@edu.tbz.ch"|"5qrBLD-AS6l6M-EmMTCP"
"serena.difranceschi@edu.tbz.ch"|"MMA9ai-lbljhr-s1bhK6"
"lie.espinel@edu.tbz.ch"|"RFEO0o-jRVTUm-QhRka9"
"marylene.fantini@edu.tbz.ch"|"nF4sq9-%01UDA-sE1EIV"
"andre.archdeckne@edu.tbz.ch"|"B7gqEh-fi#Bzm-0YR5q4"
"goeran.bohlingolsen@edu.tbz.ch"|"zUtxk1-8lz&42-o35Azv"
"cunegonde.heffer@edu.tbz.ch"|"k$73$J-QNYnq@-cXygfH"
"tan.fechnie@edu.tbz.ch"|"NKtSu5-tQZUm1-SVm62z"
"marie-noel.brammar@edu.tbz.ch"|"INy6Wm-TrnrWx-bU5lCx"
"simplifies.aven@edu.tbz.ch"|"xKalDx-Ke7yoN-8g3TFq"
"melys.pinchen@edu.tbz.ch"|"Chib#R-7MUKQm-jvaAJ&"
"edmee.joyner@edu.tbz.ch"|"2WjuYU-0aiK#I-Dracot"
"berengere.edess@edu.tbz.ch"|"e0&Awz-@bLgAK-&vgtvL"
"marie-noel.goward@edu.tbz.ch"|"pbAu#r-aQrHea-6YpYq%"
"ju.edmons@edu.tbz.ch"|"gcn%uw-dz%48$-9bcBiP"
"frederique.airds@edu.tbz.ch"|"fGjY@z-2W0Q52-8Toetv"
"reserves.dauby@edu.tbz.ch"|"I&PJUi-uGRZLT-q67f6q"
"hakan.gynni@edu.tbz.ch"|"SHFE27-KB7dKY-oxPq1D"
"leonore.pinwill@edu.tbz.ch"|"HYPfvt-4DU5bc-Rokw&$"
"marie-eve.mcallan@edu.tbz.ch"|"R@88oF-0l5vRy-6irA3o"
"naelle.yeabsley@edu.tbz.ch"|"tVd@37-wpXNgH-qWLG9J"
"nelie.jacobovitz@edu.tbz.ch"|"5u9pao-zqvP75-5aAMzy"
"adele.conelly@edu.tbz.ch"|"$aMNS8-cxh4#X-Pj%90h"
"clementine.dondon@edu.tbz.ch"|"4%gYND-YlOf%J-XycwBi"
"zhi.willcot@edu.tbz.ch"|"WwtV9u-pdtgf2-CQYsvl"
"chloe.janicki@edu.tbz.ch"|"a62uX%-yqOIua-V$e8ya"
"meng.linde@edu.tbz.ch"|"GWm%yp-xpDi%m-PPU$yb"
"celine.janisson@edu.tbz.ch"|"1fOS$m-%D@YO$-yT&9%T"
"clelia.crow@edu.tbz.ch"|"cmYFZT-#&gst8-XacZkR"
"cecile.pyott@edu.tbz.ch"|"RKlqIh-i$&Kpc-ahyqGv"
"ma.fidelus@edu.tbz.ch"|"hOguB2-zE1nJw-ARKv#&"
"marie-helene.poore@edu.tbz.ch"|"tz20M5-7Z$Qbz-K8WfdN"
"elies.blanket@edu.tbz.ch"|"&TRXBT-HRI2Ra-&&x%3i"
"yu.boyer@edu.tbz.ch"|"$DxEZp-OXIKyQ-g56r$h"
"celia.welds@edu.tbz.ch"|"O28hwU-9MB2dw-d71QZ0"
"du.gunney@edu.tbz.ch"|"kxHaQO-xe#mPV-lqNcBN"
"goerel.crush@edu.tbz.ch"|"TRhhSM-#CWnQH-DOU6#Y"
"marie-josee.brosius@edu.tbz.ch"|"9xi8lF-zG61#f-oWDzNQ"
"camelia.adds@edu.tbz.ch"|"jde$qY-3CnGZH-B7#hdY"
"anae.irwin@edu.tbz.ch"|"4m0ZVd-n5E4yg-bocdkm"
"cleopatre.skeffington@edu.tbz.ch"|"aWYCET-CqpMsp-7NZ6ov"
"gerald.suggate@edu.tbz.ch"|"g&RnsF-fJZjQC-aYem&0"
"laurene.tailour@edu.tbz.ch"|"#Nn1DS-sAXAn%-TDev&6"
"amelie.hoble@edu.tbz.ch"|"SlkqOc-5H$k5M-Y4dTaR"
"venus.getch@edu.tbz.ch"|"jJnDFc-sllpEl-3sIK6i"
"renee.treby@edu.tbz.ch"|"nemimM-NsBv7G-4AIp8t"
"almerinda.stait@edu.tbz.ch"|"Da1h4M-akZ5NT-C$7DmF"
"andree.reddecliffe@edu.tbz.ch"|"h4t38q-%RJA@j-vcuXZU"
"leone.wintle@edu.tbz.ch"|"O$EqUY-ztc&rJ-U8Zc3t"
"gerald.fellow@edu.tbz.ch"|"JCzWL8-UlfWYL-ukBPAX"
"ju.gudger@edu.tbz.ch"|"7YIssC-zPg3zJ-cYEaYF"
"meng.ohaire@edu.tbz.ch"|"gZIELu-4LMF#X-imEMj4"
"cleopatre.missington@edu.tbz.ch"|"bGlfOq-NnUWM%-6vyRKL"
"annotes.debruyn@edu.tbz.ch"|"RrazaL-EfHD73-xBSwiV"
"gerald.sinisbury@edu.tbz.ch"|"n#3Gv7-2ZjTQS-hNVuou"
"creez.slora@edu.tbz.ch"|"%dVeQn-gk##og-d$P$bv"
"gisele.benbow@edu.tbz.ch"|"ZmrKn9-5k2i&Y-uWiwSk"
"pal.dossit@edu.tbz.ch"|"eiSNHa-L0b1wj-Yzaj7F"
"nelie.stirrip@edu.tbz.ch"|"Br#0vJ-GY$yO9-jv&e#g"
"alois.ocrigane@edu.tbz.ch"|"6t3Z0T-s1rlTE-I1hjCP"
"kui.mcterry@edu.tbz.ch"|"bF8YDK-SuGrQA-W8$H1n"
"long.willgoss@edu.tbz.ch"|"RiaCTl-SZz&i1-s%NDx3"
"francoise.sumpner@edu.tbz.ch"|"%Nf4jd-kgRBPz-4@BXZk"
"maely.grinstead@edu.tbz.ch"|"CE1AnP-4evERy-VjyyJh"
"creez.langeren@edu.tbz.ch"|"HqgsMJ-p2K&qe-2$Nf@H"
"adele.dungate@edu.tbz.ch"|"0XMeRX-a%hMD1-DQNu32"
"cleopatre.noirel@edu.tbz.ch"|"SWsPUC-Hiaiy0-EAOFmr"
"interessant.daverin@edu.tbz.ch"|"S%zwjm-zW8DMT-tSd@r5"
"naeva.kalderon@edu.tbz.ch"|"KINqZ#-ur4R0l-Hn9Ow#"
"anais.oshesnan@edu.tbz.ch"|"isrWc#-7aYQZI-O%BubN"
"judicael.anelay@edu.tbz.ch"|"4YTmpo-DnWs@D-QUCNF7"
"eloise.braxton@edu.tbz.ch"|"qIIJbn-Q#LB8J-pehJhf"
"desiree.greguol@edu.tbz.ch"|"$eWtaf-aTskfm-s%bqtk"
"maite.mcclenaghan@edu.tbz.ch"|"0%B4rH-FS1hI4-Qd&fV8"
"meng.doret@edu.tbz.ch"|"W@Hgx4-dIVWRp-jNugDc"
"frederique.chippendale@edu.tbz.ch"|"VVARl&-js5lT6-nAhw$5"
"andreanne.lanney@edu.tbz.ch"|"1TNQtq-tAnQGR-YNOLe3"
"aurelie.claus@edu.tbz.ch"|"3IQT4I-nUcHjj-pirH4B"
"renee.pabel@edu.tbz.ch"|"1G7cHO-nsA8sW-%2tTz&"
"maena.roust@edu.tbz.ch"|"S7$SOz-90PgfJ-ZhGgND"
"nadege.carwithim@edu.tbz.ch"|"bxUqft-oIPuy%-hX33ra"
"solene.geyton@edu.tbz.ch"|"2uP4$$-hP%W7$-VRI%IE"
"dafnee.avraham@edu.tbz.ch"|"pcB@Wo-W&rN$m-kWo#1u"
"leane.woolvin@edu.tbz.ch"|"li8aLP-9#PEIF-BoDVbO"
"adele.macadie@edu.tbz.ch"|"hky8Ck-HGxtP1-JUeWH#"
"meline.rubica@edu.tbz.ch"|"aLccVv-3%t5LH-25HtdI"
"marie-noel.speeding@edu.tbz.ch"|"@g4o@d-pnYocj-46keYd"
"nelie.mix@edu.tbz.ch"|"$@vatA-ySfgso-LDCWL5"
"clea.ollett@edu.tbz.ch"|"&LSKt6-82eLic-4eTQxG"
"leandre.mcgavin@edu.tbz.ch"|"zKtFsA-1RibdR-CR$Iz0"
"cecile.behne@edu.tbz.ch"|"VOhtLf-$hE@%l-jfftUC"
"melanie.polle@edu.tbz.ch"|"aGXb6f-yvjxn@-nSWMt0"
"marie-josee.titmuss@edu.tbz.ch"|"rASxFg-@S9yX0-DM#qae"
"helena.guest@edu.tbz.ch"|"NftxpT-&6jwuU-yqucHn"
"annotes.chicchetto@edu.tbz.ch"|"$CssRR-D@hPAu-%mOa8c"
"melia.tubb@edu.tbz.ch"|"HJyVf&-qt%F#K-7sbD3f"
"angelique.casetti@edu.tbz.ch"|"#khsu3-ehXnvq-zYdutH"
"cunegonde.cleall@edu.tbz.ch"|"9Zu#$G-0hZcSm-pEARHj"
"camelia.oaker@edu.tbz.ch"|"Sh%O2o-RAL5WW-PQ2bSh"
"you.searight@edu.tbz.ch"|"IJ5lK0-5pR8Lm-dUcm&m"
"kevina.dederick@edu.tbz.ch"|"rn8PUX-7lwxM%-qXhU24"
"milena.jeffrey@edu.tbz.ch"|"tQhFzJ-AEv&ql-QIfIS7"
"melodie.barkshire@edu.tbz.ch"|"YqTIy7-DZbKqN-5syby#"
"gaelle.kreutzer@edu.tbz.ch"|"ka&k6u-ChfZwf-Gimzc9"
"kalliste.kleinpeltz@edu.tbz.ch"|"7eyenH-BgXBcW-cv7$mK"
"clementine.danat@edu.tbz.ch"|"AavfWd-thpAXW-5JKz&V"
"andrea.wabb@edu.tbz.ch"|"Ewhxu9-5xSIur-RcFDQo"
"geraldine.piesold@edu.tbz.ch"|"ojNWQm-0j5DvA-BmZQzc"
"tan.fiveash@edu.tbz.ch"|"xaU2$l-0TXKyP-DQvWl$"
"meline.yuranovev@edu.tbz.ch"|"yME#yG-&qo&sO-tWv4FG"
"therese.holme@edu.tbz.ch"|"L#EJlD-rgHnr6-aioWgE"
"salome.vaney@edu.tbz.ch"|"dEjaw2-R4L#7L-VL&l2S"
"anae.abramson@edu.tbz.ch"|"uxbS3x-LiCko@-%&2%Ac"
"kalliste.jimson@edu.tbz.ch"|"qZABsg-B3UBXa-S0z%bw"
"selene.yole@edu.tbz.ch"|"IS4LoV-2Ju87y-X88AN$"
"agnes.defraine@edu.tbz.ch"|"ee8dmO-ijoASr-gb0P4R"
"faites.mccluin@edu.tbz.ch"|"RZ8uTA-ZVDN%B-bXrUly"
"athena.deme@edu.tbz.ch"|"Bbye6o-T6l8cp-xWes%k"
"daphnee.brigstock@edu.tbz.ch"|"m299qc-zZ#VOw-trM#ao"
"goesta.skaif@edu.tbz.ch"|"l3mkXd-XLJ8Rf-lkJwi%"
"oceane.jagoe@edu.tbz.ch"|"abZhSA-kx5PwI-vOhFxR"
"annotes.broomhall@edu.tbz.ch"|"#@@JTi-#Ou1wS-TG@QwO"
"marie-eve.ballendine@edu.tbz.ch"|"PgFTNZ-aqJ9Ph-qn&X%z"
"melina.spykings@edu.tbz.ch"|"IpFRHS-mspgak-YDkW23"
"laurene.ticehurst@edu.tbz.ch"|"Gp@NVK-mrwmFd-epXjhR"
"fei.avramovic@edu.tbz.ch"|"U0ZS3v-Xr6aSU-cFC$SS"
"publicite.strathearn@edu.tbz.ch"|"y2dgrp-17AQl@-L@7Ay@"
"torbjoern.garrow@edu.tbz.ch"|"gsMxeH-bwTMzm-mJ34cM"
"chloe.rubinsztein@edu.tbz.ch"|"EXs6Sy-joHnJj-QSUobS"
"mylene.demanche@edu.tbz.ch"|"yDWVMM-q5Kg$4-%dP5xQ"
"mediamass.godlonton@edu.tbz.ch"|"c4SbF&-Q0fBnu-PfP5zK"
"renee.shurrocks@edu.tbz.ch"|"UIm3Nf-X@b7gU-mpcyNI"
"maiwenn.jedras@edu.tbz.ch"|"XAN737-@joWQS-K#yazC"
"genevieve.castells@edu.tbz.ch"|"dV%#wL-QDsNX@-RRVv8R"
"renee.sneden@edu.tbz.ch"|"KLaLup-@1XYAc-%o#MTY"
"lai.mccallion@edu.tbz.ch"|"Thk$sA-YMn2gP-6bnZTm"
"kevina.impleton@edu.tbz.ch"|"OGcjfC-Zrhv4&-mHw6fn"
"oesten.fresson@edu.tbz.ch"|"8HzEiD-AD3b&B-Nm70ri"
"verane.shawley@edu.tbz.ch"|"@tV8Oj-taa$JY-H0ceyL"
"uo.sjostrom@edu.tbz.ch"|"CPhe65-aZfsCG-DiisiQ"
"gisele.gothup@edu.tbz.ch"|"zaqc5K-q7aKlh-VDT0MH"
"renee.beauman@edu.tbz.ch"|"MP4ea8-O58YGJ-KpUTx3"
"elies.loton@edu.tbz.ch"|"i6#wZp-Wuke84-grr59F"
"valerie.elsmore@edu.tbz.ch"|"g%fYOK-lDp5@Y-95VDuX"
"berangere.delafeld@edu.tbz.ch"|"&DkwXX-ZHGakd-U%q#UM"
"bjoern.schimke@edu.tbz.ch"|"2mFp2&-FQRpp6-kFhR2B"
"loic.ericssen@edu.tbz.ch"|"X$frII-dEjhbR-S42PKD"
"creez.richarz@edu.tbz.ch"|"y#r1EQ-F6jcKg-IPyyzt"
"athena.grocott@edu.tbz.ch"|"3fS96s-CphzL0-2JkNhs"
"naelle.piotr@edu.tbz.ch"|"ARIYJ#-N71s2N-TPcIS%"
"maella.paulson@edu.tbz.ch"|"a7CAw4-pc%SsG-I983xU"
"song.perot@edu.tbz.ch"|"@3w9Fi-@7vu3i-1OCmnv"
"kalliste.heckney@edu.tbz.ch"|"cToSAe-sx2YaW-P0bF3W"
"ake.vasyutkin@edu.tbz.ch"|"lqB4uc-e3g6i7-QxL529"
"ma.castles@edu.tbz.ch"|"uJ7xlO-pmJxDF-Fs7B2W"
"maely.monget@edu.tbz.ch"|"AuD7M6-0FGIaa-wn0fcD"
"tang.durbridge@edu.tbz.ch"|"Q@wWmB-8@EqmT-o@YIeL"
"laurene.andrew@edu.tbz.ch"|"83j$P6-U9j63P-5V1#ZD"
"lysea.beacon@edu.tbz.ch"|"@M3TRP-KMTw6F-egnxzL"
"leandre.peyntue@edu.tbz.ch"|"hDV$Zn-ULquwP-ZZoj6O"
"rao.trever@edu.tbz.ch"|"Che8Uy-hWZblT-1nI5sf"
"mahelie.streader@edu.tbz.ch"|"TOfefc-k6Silm-9zkTuT"
"maerta.andrejevic@edu.tbz.ch"|"J$#VcH-Kjb801-zdHQh6"
"goesta.tompkins@edu.tbz.ch"|"1HQu0k-GooTzI-Y4B%2w"
"helena.agates@edu.tbz.ch"|"XQJ5Hv-TTBF95-pvy5mx"
"therese.glass@edu.tbz.ch"|"0FRkrV-b02cqI-tKuje2"
"alois.foan@edu.tbz.ch"|"b&fbRt-D&wpwp-wjsGBt"
"becassine.melchior@edu.tbz.ch"|"KBh@bY-ZQaquK-1zlTIr"
"cloe.robart@edu.tbz.ch"|"7%tYHp-SKmgIT-cRs4rr"
"daniele.puckinghorne@edu.tbz.ch"|"%BG&o&-8@476B-vx#UIm"
"selene.cammidge@edu.tbz.ch"|"57K1EN-Au1wkB-s1UItU"
"regine.conochie@edu.tbz.ch"|"N5dW@$-dn3ejk-Rg4Veq"
"interessant.tuiller@edu.tbz.ch"|"#0@4FU-Ir2aYf-@uthx2"
"long.tiebe@edu.tbz.ch"|"xVvx7W-zqUL2i-Ur6QY8"
"mans.yele@edu.tbz.ch"|"Je7l@j-Jt2Fkg-5tN%6i"
"ai.giles@edu.tbz.ch"|"PjPN3A-8D7o8Z-HtUMIi"
"gaetane.hamberston@edu.tbz.ch"|"02KcVX-UQKOQ7-C7wtjW"
"marylene.fenix@edu.tbz.ch"|"QiLRWI-iGR%Cp-r2UTNL"
"geraldine.graeme@edu.tbz.ch"|"6b6%8J-tD32PN-W01vdI"
"tang.kinglake@edu.tbz.ch"|"%m&OiE-paZUj5-wQJ6Mt"
"lai.challoner@edu.tbz.ch"|"@s5dVT-$ibGNN-liB6C7"
"desiree.mattei@edu.tbz.ch"|"maO4Z0-3AlQ8K-lpU@$M"
"ake.erley@edu.tbz.ch"|"Xj#aNb-umxyFa-lGc&nu"
"edmee.cavil@edu.tbz.ch"|"1gWyLr-0$Z0cz-f3D4Bw"
"alois.moyes@edu.tbz.ch"|"a@dT&5-fb7okH-K&q6PB"
"becassine.pitman@edu.tbz.ch"|"znNMr8-@nmWAH-E2YNYf"
"ai.giacovelli@edu.tbz.ch"|"oUKNte-TurL&X-FkINu5"
"judicael.fruchter@edu.tbz.ch"|"xr9Y#w-sHp7rV-8cd%o@"
"mans.mogg@edu.tbz.ch"|"VJGTyU-y1l#ZP-%w6YmC"
"gerald.foyle@edu.tbz.ch"|"InhWYV-wtmUHO-Tw0Cc4"
"wa.androletti@edu.tbz.ch"|"XGF8jf-J%ioxb-qAL2tZ"
"meng.ollett@edu.tbz.ch"|"M%9yDi-$A1uoC-xzYuMb"
"naelle.macmenamy@edu.tbz.ch"|"g3lj7u-H%lPrS-L2llT5"
"gisele.mcramsey@edu.tbz.ch"|"Ekq89V-r0$eSC-hH0q#H"
"meryl.scolts@edu.tbz.ch"|"j&rMPH-38TObG-5tTynk"
"celia.bloxsome@edu.tbz.ch"|"#iFY#v-DCkSp7-LDCwky"
"styrbjoern.stuke@edu.tbz.ch"|"Ma9n@r-EaQ4$Q-8kEIVM"
"felicie.gwilliam@edu.tbz.ch"|"3rGoD$-zKKMx#-g3wnN8"
"da.harms@edu.tbz.ch"|"MwhXZS-0fKzt3-mM9NEH"
"celestine.baulk@edu.tbz.ch"|"C3wKaV-zD#il4-m10dT@"
"mahelie.blackledge@edu.tbz.ch"|"DMTWcH-PK6TB3-W0f430"
"meghane.salt@edu.tbz.ch"|"%@%0V9-s@GrBf-XeBcvJ"
"methode.paxeford@edu.tbz.ch"|"8utqSA-Mg6&NR-hPwJck"
"asloeg.milligan@edu.tbz.ch"|"5Q7wMT-ClO#AR-kqKAC$"
"you.pellman@edu.tbz.ch"|"FWDvYb-awS3K%-eK5JUv"
"loic.regenhardt@edu.tbz.ch"|"hdiTfH-DJryQZ-VdFUDD"
"daniele.savill@edu.tbz.ch"|"1B@wPs-sg2STw-ZHIJMW"
"alois.cornu@edu.tbz.ch"|"FapHHc-p2ENyu-3F%VGz"
"oesten.govey@edu.tbz.ch"|"7aE0Ba-XUVrDi-iwhIyD"
"marie-eve.louch@edu.tbz.ch"|"%kUl9V-1WCX#%-WYLS@0"
"theresa.wenn@edu.tbz.ch"|"V4$0pM-sSHPvr-xoNcfi"
"andree.eul@edu.tbz.ch"|"O@cyyt-#aH1Cf-17EKuO"
"lie.paynton@edu.tbz.ch"|"IzDKD%-LxYUcK-kKEH@J"
"marie-eve.girodier@edu.tbz.ch"|"Hz6&lN-ZtaW#Y-jgrhUj"
"marie-noel.smithe@edu.tbz.ch"|"opwVC1-rGVunk-H8IqL1"
"men.bootyman@edu.tbz.ch"|"pIDx7c-bVn7hs-Z0&7m1"
"ku.sugg@edu.tbz.ch"|"xNccCx-Q2AFhi-7S2kid"
"lucrece.roseman@edu.tbz.ch"|"G$muPM-#X5@ca-O9Dao$"
"zoe.annear@edu.tbz.ch"|"NCPgYO-V30q9n-PWAQQC"
"marie-helene.rennebach@edu.tbz.ch"|"olgb3d-S$gJaq-oSdL7r"
"lea.djurdjevic@edu.tbz.ch"|"NxNo0S-DMD3Io-om2KVZ"
"goerel.robert@edu.tbz.ch"|"fWsqsE-zqqj@t-w1C#4x"
"mylene.foldes@edu.tbz.ch"|"legBTC-Tr%stW-JFVOQD"
"faites.clegg@edu.tbz.ch"|"xl$&Z#-Q6e72e-EFjmOl"
"marylene.crowcher@edu.tbz.ch"|"$5zkct-RFqV1S-Uyiqo7"
"aimee.wimpeney@edu.tbz.ch"|"BzFyW6-c#9cTA-LhHuTF"
"renee.atkins@edu.tbz.ch"|"Nt2mH$-SbIn@S-Paxkmv"
"rejane.cainey@edu.tbz.ch"|"Gkadm5-wi@ujY-yE2fpz"
"solene.britney@edu.tbz.ch"|"TkVW%x-3T#kMj-fdVYev"
"marten.shatliffe@edu.tbz.ch"|"wI4%SL-CQewGe-4cZQ$d"
"maite.issatt@edu.tbz.ch"|"wx6B%p-Gl7MDv-#$%k@k"
"maelyss.edon@edu.tbz.ch"|"K5lKhD-Uisywe-8YxxE3"
"nuo.bamling@edu.tbz.ch"|"19YDmN-7gs@1L-oVqQFF"
"anais.edards@edu.tbz.ch"|"Ua6R68-%bmZPw-EEQZyE"
"mediamass.bromet@edu.tbz.ch"|"y6naZo-aupc8A-4RHf#U"
"beatrice.kimbrey@edu.tbz.ch"|"wMflmU-1II7Ux-NBbfOq"
"ines.lawranson@edu.tbz.ch"|"i%nbUH-E6nzN0-yxXcT#"
"kalliste.scandroot@edu.tbz.ch"|"0h2qls-fT7Hjn-#QpuUP"
"mans.barrowcliffe@edu.tbz.ch"|"x9Gure-C&yRlJ-%480UL"
"irene.couves@edu.tbz.ch"|"hm2DCX-AJcWFx-&d0fr3"
"milena.mucci@edu.tbz.ch"|"zgj1qF-OKqNCA-ZK2K$h"
"naeva.cow@edu.tbz.ch"|"K7bSpA-eD11mB-LS9C5G"
"audreanne.mournian@edu.tbz.ch"|"ktLTwo-XhjkBT-%u4HtO"
"melia.sinnatt@edu.tbz.ch"|"vNzzqY-X#E@yW-KhOb6N"
"nelie.burnard@edu.tbz.ch"|"g@LPol-H6dnew-&L4Myy"
"clelia.ashfull@edu.tbz.ch"|"bqm9mB-gBfwcD-LdoJ$u"
"lie.macard@edu.tbz.ch"|"LMNLD1-Wx6c@L-mh8UJg"
"valerie.matoshin@edu.tbz.ch"|"$chsRu-Bt731x-MwjFJg"
"anael.hatherleigh@edu.tbz.ch"|"c1gYqS-x8cyA4-CtqTaq"
"interessant.warratt@edu.tbz.ch"|"qMKgop-KwoFO1-raHypk"
"eleonore.volage@edu.tbz.ch"|"7Ziy#I-qrxIWO-8F19LK"
"zoe.stebbing@edu.tbz.ch"|"ljwBZD-cYCWB6-V5GD#M"
"alizee.nye@edu.tbz.ch"|"XuZ93v-@w8WyQ-DBcgb$"
"celestine.bramley@edu.tbz.ch"|"QHDI%R-DvR6@A-SYgvlI"
"selene.philcott@edu.tbz.ch"|"AI6lyl-IHkkJ$-5Ax213"
"tang.newens@edu.tbz.ch"|"as2ERP-ELVG6Q-WFgK$2"
"annotes.powys@edu.tbz.ch"|"Wb&o%F-l#r#Fd-6f1S1S"
"lea.matthesius@edu.tbz.ch"|"h98eqT-Gm01Rm-WcWzjk"
"illustree.garlett@edu.tbz.ch"|"MbHkl6-h3MEpn-S9K3VK"
"maiwenn.meachem@edu.tbz.ch"|"6tKj5f-FzHMdp-bE7@k6"
"marie-francoise.mcbrady@edu.tbz.ch"|"q9CYjc-GJ8ES1-BU7gru"
"illustree.gimbart@edu.tbz.ch"|"U8izn#-%710ZM-DbckK4"
"melys.lyosik@edu.tbz.ch"|"P0$PCW-CwbZDn-KQjX8P"
"marylene.mcnab@edu.tbz.ch"|"LlpmR2-rgEyud-&TMqaO"
"gerald.blount@edu.tbz.ch"|"m7jHdz-ahUwRI-7MMgVf"
"clelia.shakelade@edu.tbz.ch"|"IQ&sb0-PDQfl%-gTsCAX"
"penelope.cridlin@edu.tbz.ch"|"ecGVW6-uX$u9c-D8jEKd"
"maena.okuddyhy@edu.tbz.ch"|"ovEWKi-%7w&U7-AKOvaT"
"athena.keynd@edu.tbz.ch"|"owv0HE-cm2@cx-deSyQb"
"cloe.dwine@edu.tbz.ch"|"V2%R04-l9rPrN-LzlI&I"
"josephine.browett@edu.tbz.ch"|"eK5EqY-$X8$NH-XquC@l"
"audreanne.oscanlon@edu.tbz.ch"|"lDQatU-biY5vZ-zOV@Am"
"fei.jeanequin@edu.tbz.ch"|"z3eHlR-t8AyOQ-04aQe&"
"lois.gormally@edu.tbz.ch"|"lxD4kQ-F6JOmd-UjOHNm"
"marie-francoise.finnigan@edu.tbz.ch"|"x60#Sw-8zV7Fo-Z9n8bP"
"leonore.trussman@edu.tbz.ch"|"FhvJMw-NHR#$v-HeiGAN"
"anaelle.trumper@edu.tbz.ch"|"XvEEfo-I5S#5a-MULfu$"
"clemence.dionis@edu.tbz.ch"|"s&e2W9-N@MPVL-l3$R2v"
"lois.tranmer@edu.tbz.ch"|"#P5x9y-%&Z&sS-tI@orZ"
"interessant.volett@edu.tbz.ch"|"56zhn%-R#c@aQ-WUz9tQ"
"personnalisee.deackes@edu.tbz.ch"|"29hbwW-2yyNGc-E%EFxe"
"lie.vasiliu@edu.tbz.ch"|"GHJgDd-9kozOS-wBaivf"
"dafnee.lamputt@edu.tbz.ch"|"Xd&mbc-kO02kz-4kSdgB"
"elies.bromige@edu.tbz.ch"|"DKZ$8P-JeyygN-qyd@or"
"helena.klosser@edu.tbz.ch"|"r1dTcF-wd@6ol-m0&Ptt"
"andree.grim@edu.tbz.ch"|"1vE4#M-QuTu4S-BBCF38"
"verane.coldbath@edu.tbz.ch"|"y2vmyl-x$q#zz-mfM129"
"helena.bethell@edu.tbz.ch"|"%MuJbm-aw%YIB-IGYsbK"
"kalliste.carefull@edu.tbz.ch"|"g95#9T-uzF$ku-yJEOka"
"regine.odams@edu.tbz.ch"|"3$TEgE-7acJHm-EgSnuT"
"len.stannus@edu.tbz.ch"|"V4WZpS-SxZZeN-DPEiEw"
"angelique.works@edu.tbz.ch"|"ehP0Zm-a#Ebz4-noyF4h"
"goesta.rheaume@edu.tbz.ch"|"LJZJUx-UPDhVy-3RR$#j"
"maelys.tynnan@edu.tbz.ch"|"nBi%Gz-r39ZgP-xbxQ@s"
"maelle.carlesi@edu.tbz.ch"|"@&$G31-8jffSo-4Wl1dn"
"anael.spurden@edu.tbz.ch"|"NTJo8&-#ez2WJ-86wt2J"
"helene.pumfrett@edu.tbz.ch"|"XZNrP1-Eqn$bu-o4M#DJ"
"goerel.pearn@edu.tbz.ch"|"Z2eSIg-cJNv4y-H9oND%"
"laurelie.dezamora@edu.tbz.ch"|"DiyxxF-AcVd3J-io@XBZ"
"yao.twidale@edu.tbz.ch"|"gC0k@X-a3XXEk-zzSfEW"
"berengere.sola@edu.tbz.ch"|"oXKdzD-RIVi$o-7o4EOT"
"maelann.hardistry@edu.tbz.ch"|"P4DU8i-LEZxCK-RNXqBa"
"severine.littlefield@edu.tbz.ch"|"FaOUYS-th63Y0-Li&g46"
"salome.heinl@edu.tbz.ch"|"@Q59@j-Vn5t7i-7F1wuW"
"meryl.warbey@edu.tbz.ch"|"7RVTc2-&qG8VK-uiOllM"
"da.hunstone@edu.tbz.ch"|"O1dIQM-RqCnRP-UwSLAD"
"venus.broadbury@edu.tbz.ch"|"gNSBJ&-eay&@$-XDbqH2"
"meghane.rentelll@edu.tbz.ch"|"Ll2wnJ-$fpbDp-PtpTbr"
"marylene.drewitt@edu.tbz.ch"|"1FUdVV-SZbpYt-nS6WaH"
"melinda.jacquemet@edu.tbz.ch"|"OJ7RRE-ELqvio-C@NhGQ"
"marie-josee.keyden@edu.tbz.ch"|"zHdg&x-ddM0D&-wc8sL5"
"asloeg.montacute@edu.tbz.ch"|"yhra%B-ARIpJ%-FtGM@2"
"ku.andreou@edu.tbz.ch"|"NX#t@O-9Lg$3v-P@RsKq"
"personnalisee.feaveer@edu.tbz.ch"|"1weYEA-sJuux7-e$goTz"
"laila.emptage@edu.tbz.ch"|"yYKUH4-hJmNln-k3GYCp"
"bjoern.dawdry@edu.tbz.ch"|"LUH6Cg-Yi7Jbn-cX2QCP"
"marie-eve.dinsell@edu.tbz.ch"|"4j1jHz-k$Y6jr-I1oV#s"
"helene.follett@edu.tbz.ch"|"vcITqK-9DXpoS-UDyyot"
"penelope.cordero@edu.tbz.ch"|"YXViAn-smFJ0J-4nXGeD"
"boerje.beedell@edu.tbz.ch"|"@Q4krU-J2S&Dh-JK0Y4T"
"nelie.ferne@edu.tbz.ch"|"IWRx4O-LPliZ1-@eAIDH"
"celine.ahmed@edu.tbz.ch"|"ML4jBL-MgPtQN-2FL@3r"
"stevina.pimblett@edu.tbz.ch"|"YgQzd5-iCN&tK-o6QieG"
"chloe.langlands@edu.tbz.ch"|"8ARsBV-3H8Vrk-xCtssP"
"simplifies.maude@edu.tbz.ch"|"U%PAP7-&$@6rq-UC$upn"
"genevieve.decarteret@edu.tbz.ch"|"WQsUce-y05J%S-d3O8c8"
"marylene.mughal@edu.tbz.ch"|"5#cWnF-DzJHgL-D#WqZ2"
"goeran.guttridge@edu.tbz.ch"|"Rj&5kK-Ausi3#-ap0@pR"
"michele.smurfitt@edu.tbz.ch"|"TpH6lP-LXWztO-wPU3on"
"methode.hadeke@edu.tbz.ch"|"u&qIqY-CaztZW-2fZSbl"
"therese.rispine@edu.tbz.ch"|"2HTc0I-L@iw%D-C5hFce"
"goerel.plumley@edu.tbz.ch"|"vcMG&a-7uly0r-ek8C$z"
"oceane.friett@edu.tbz.ch"|"6bc3Vv-2DYawu-Ma1luI"
"marie-noel.achromov@edu.tbz.ch"|"jpcpQY-yNDP6D-qmt7FK"
"dorothee.storek@edu.tbz.ch"|"xqso3@-kNiG6X-jjwpU&"
"goesta.whittle@edu.tbz.ch"|"fytcin-O9W0Fq-H&6nPJ"
"desiree.casely@edu.tbz.ch"|"Me$EK9-ZThJBP-1k4blw"
"felicie.condon@edu.tbz.ch"|"btVFkk-rwDRyu-t2wTy9"
"maelyss.frisdick@edu.tbz.ch"|"lsLF%7-uQXRzy-IoVPWx"
"aimee.banke@edu.tbz.ch"|"hv6OT0-IvRkhY-Z5q3dh"
"naeva.hodcroft@edu.tbz.ch"|"i3JLnP-nikpx7-PE8$24"
"laila.gerrans@edu.tbz.ch"|"WEqOrO-#MciTc-eRmh&2"
"daniele.scrimshire@edu.tbz.ch"|"FvW7L%-WprSiz-wx&3tq"
"daphnee.sheerin@edu.tbz.ch"|"l9bms0-F3sS@G-rWTtHV"
"pal.vanyukov@edu.tbz.ch"|"8QEvxm-Igwnqb-6nb7Lq"
"zoe.childs@edu.tbz.ch"|"Qf%QIz-IOVbvc-4dQgdd"
"ai.corde@edu.tbz.ch"|"9laqjw-rVVocm-wvNooc"
"maelys.berryann@edu.tbz.ch"|"dsrcbe-vbpGC4-xznjDY"
"cloe.gladding@edu.tbz.ch"|"F$Ogtz-$Nosrk-ll&q6G"
"wa.kinnaird@edu.tbz.ch"|"LMSCGE-RjeYM6-PP3vEU"
"publicite.brittoner@edu.tbz.ch"|"8M0nYl-%2ZziO-U%CGPg"
"rao.windress@edu.tbz.ch"|"kAt9pf-zPyf00-cLESTo"
"uo.kollach@edu.tbz.ch"|"@4gK%v-FUPklw-vMUxaZ"
"josee.peskett@edu.tbz.ch"|"JLoGoc-VLdVTT-NpzB$a"
"annotee.hasel@edu.tbz.ch"|"IHRtE6-Chov6B-bTnC%8"
"cinema.lee@edu.tbz.ch"|"uMEGS4-2i7T8C-njEpj9"
"lai.vedeshkin@edu.tbz.ch"|"y#kE2l-YGSrao-erIO@@"
"renee.brisbane@edu.tbz.ch"|"IVp0In-dLLz5D-n5IAs4"
"ophelie.blincoe@edu.tbz.ch"|"1BRy@p-thcE$d-5X#23&"
"zhi.prazor@edu.tbz.ch"|"g$3s%t-RUAiIl-UpxzoU"
"annotee.maddicks@edu.tbz.ch"|"c5uWs8-EPNZXt-FpDxf5"
"maelyss.codd@edu.tbz.ch"|"yEa2bk-57MerX-uB2R#Z"
"celia.peplay@edu.tbz.ch"|"Rylog6-gNICBn-S9T7rh"
"interessant.skone@edu.tbz.ch"|"6xqQI8-qfYIkq-fDs6qJ"
"audreanne.hebdon@edu.tbz.ch"|"or5K7i-6Cbra&-KzO$gZ"
"oceane.glen@edu.tbz.ch"|"W3LQEF-iMF6G9-GMJcSu"
"daniele.vanyushkin@edu.tbz.ch"|"z2ibsq-7RYicl-UNKYa8"
"daphnee.ayce@edu.tbz.ch"|"gupbma-2xtd23-MMO6yt"
"andrea.attride@edu.tbz.ch"|"qrOt1j-vl&fKV-xmDbUq"
"penelope.bridgwood@edu.tbz.ch"|"0c%#lC-0JW8he-7@S0&V"
"mailis.drewitt@edu.tbz.ch"|"wJpj08-2itdMi-yuh@US"
"penelope.mollene@edu.tbz.ch"|"DsZt&8-MPIi$s-TOs4Ni"
"illustree.keely@edu.tbz.ch"|"97fpny-4qD@QZ-%3iJ#s"
"meng.brisseau@edu.tbz.ch"|"fR$8%E-FuBnaB-K%jorN"
"ruo.cleiment@edu.tbz.ch"|"WdH&a4-c8Nhde-whKW1n"
"maite.krammer@edu.tbz.ch"|"3gJEe$-04&HNS-Fub0$G"
"genevieve.verry@edu.tbz.ch"|"sBf9Qs-ydGoja-GBmRp&"
"lea.olochan@edu.tbz.ch"|"A8x%#F-hq6%An-arB$%d"
"naelle.brunnen@edu.tbz.ch"|"ccBODI-icob&w-X4pEIs"
"goesta.bragginton@edu.tbz.ch"|"lI2Ax#-TdLNrO-NEMw%z"
"fei.danilyuk@edu.tbz.ch"|"USxSf5-Hey%Yl-6Ri5rw"
"adelie.turbitt@edu.tbz.ch"|"CzeP$p-BNDoxj-m@nZL&"
"marylene.nutman@edu.tbz.ch"|"1lgTZ8-KZwpNf-$rso92"
"therese.barbrick@edu.tbz.ch"|"fgXOJG-X7cg0P-8UJ6T5"
"melys.kolodziej@edu.tbz.ch"|"abNqSx-GNOU2M-mpbzH$"
"melanie.runchman@edu.tbz.ch"|"hJX7ZB-igcS@H-IzfL@L"
"serena.lafond@edu.tbz.ch"|"w#ZR1x-h7OiWV-nNiTMQ"
"pelagie.desmond@edu.tbz.ch"|"Qbo544-Xe$z%5-PqU$u1"
"wa.spickett@edu.tbz.ch"|"$Rup#c-d6o&3v-LmWQ7f"
"po.shave@edu.tbz.ch"|"03&@cy-wLHx&9-YPf9#q"
"song.huikerby@edu.tbz.ch"|"B0VTcO-gHQ&8F-4Svcah"
"melinda.bimson@edu.tbz.ch"|"laCBBi-Ag$%R8-PODt1r"
"personnalisee.toffanelli@edu.tbz.ch"|"T%nPra-RBv1Qo-KRu83J"
"leandre.hurn@edu.tbz.ch"|"7oogCZ-xrGBgj-cnFsop"
"oesten.standell@edu.tbz.ch"|"OIItLN-fKJx3s-SUDsxz"
"naelle.smaleman@edu.tbz.ch"|"ZhKVkC-#cjP81-kq4NO%"
"berenice.tayt@edu.tbz.ch"|"B%99H8-Cm6F$3-Y3Mp4K"
"kui.popplewell@edu.tbz.ch"|"Ln6Oun-$%Sidr-&ZEsvO"
"melodie.ferandez@edu.tbz.ch"|"6385tc-%qY$kN-rfG$W7"
"josee.negal@edu.tbz.ch"|"&fyF8t-Y8aW2%-kxjU0J"
"melissandre.ferrelli@edu.tbz.ch"|"IwNtnh-Frzww3-4aMSpG"
"josephine.kemmer@edu.tbz.ch"|"OTX#fA-Lro4TH-F&kELJ"
"maely.cayette@edu.tbz.ch"|"vjIuPG-M#hExS-3oNc78"
"nelie.vela@edu.tbz.ch"|"wNrVL5-fA8wIM-W4hGTa"
"melina.cortes@edu.tbz.ch"|"i@fMZ0-vH4yD#-80A4X7"
"megane.leyshon@edu.tbz.ch"|"MINGwG-244#X5-y4THHG"
"regine.harrie@edu.tbz.ch"|"zl5PyU-RSE6#v-$@3gOu"
"mylene.widdison@edu.tbz.ch"|"ODIXM0-Sn8#pC-3S@6mA"
"pelagie.vivash@edu.tbz.ch"|"ojbqa#-iGBO9t-FLICnW"
"styrbjoern.vicarey@edu.tbz.ch"|"&oI$Bu-W3DkQf-KNA#Te"
"long.kyles@edu.tbz.ch"|"65gm0e-g&Dzb%-f1hm#e"
"stephanie.gipps@edu.tbz.ch"|"J$ybY0-oXlzhK-l#PC%v"
"clea.constantine@edu.tbz.ch"|"wuEmlL-aGewZd-A&GGCm"
"maella.cometto@edu.tbz.ch"|"1iTQAy-FPa0BV-OsoXkR"
"laila.aubrun@edu.tbz.ch"|"rDJtjb-dwaMFG-O4KImv"
"yao.austins@edu.tbz.ch"|"svCqkX-pt2Mi2-iszrdP"
"mailys.rylstone@edu.tbz.ch"|"#kMSri-IRDmLi-aeTQ%H"
"adelie.curuclis@edu.tbz.ch"|"2vRenv-yGUKQv-9AP2y#"
"celine.longhurst@edu.tbz.ch"|"@280M&-qjp@&q-Tp6yji"
"gisele.hazell@edu.tbz.ch"|"RDlnBm-NTKG01-8tA$vS"
"celestine.ciccone@edu.tbz.ch"|"@9a1pp-2sDgmN-&MmYKN"
"maelyss.doole@edu.tbz.ch"|"R2pLu3-EBfQFJ-xCY5vh"
"helene.grimsdike@edu.tbz.ch"|"PNl8$0-fVXwl9-U&K#fO"
"lie.macer@edu.tbz.ch"|"o@8el$-Hbxdfv-5ZqWpW"
"maely.izard@edu.tbz.ch"|"Ivgno4-LX3U$#-xx0U5I"
"erwei.breewood@edu.tbz.ch"|"kpF6f0-FNVcZM-vVCwWS"
"chloe.woolford@edu.tbz.ch"|"a#9F@c-u5nQXq-Q#%l4Q"
"cleopatre.turpin@edu.tbz.ch"|"Tiq#Tt-WS$ZLP-yOVT8%"
"melodie.surgison@edu.tbz.ch"|"9U&dm$-d9q&nG-hjqL&C"
"elies.leander@edu.tbz.ch"|"foCpLA-h@fU#%-o8cdNe"
"mediamass.reignould@edu.tbz.ch"|"cywWdN-Zw&wV7-2qW5Mi"
"celestine.wasmuth@edu.tbz.ch"|"R11GL@-5VQrty-mgDQfm"
"marten.jervis@edu.tbz.ch"|"tzIQE2-w3Ih0n-&4gsLM"
"daphnee.bour@edu.tbz.ch"|"I26sXO-RLax7X-kjDo36"
"regine.harlett@edu.tbz.ch"|"yUc80C-2U9CAO-7uMO#Q"
"noemie.macaskie@edu.tbz.ch"|"wBOFky-HR3qjL-zQcmHF"
"loic.renfield@edu.tbz.ch"|"zUvt4r-5o24Y5-KgY%ql"
"venus.kleinert@edu.tbz.ch"|"mwy$$o-7SyWHp-njo5BB"
"marten.burlay@edu.tbz.ch"|"C2T0#D-S2bLHM-#xJEZU"
"berengere.radsdale@edu.tbz.ch"|"bWkj3z-$SHFpg-41JMEA"
"genevieve.duckit@edu.tbz.ch"|"7LtutW-J4KsmK-v6Rp#5"
"maely.ligerton@edu.tbz.ch"|"flaR4X-7CfB9i-8t%4QX"
"maeline.ricciardelli@edu.tbz.ch"|"W9%5oK-eP5bI2-xRejv8"
"personnalisee.yggo@edu.tbz.ch"|"Su4Tm5-TyXLgN-1U$A#$"
"alizee.pettinger@edu.tbz.ch"|"7IBqw&-lteTVh-n&ddod"
"desiree.curnnokk@edu.tbz.ch"|"ZV56U0-yWBa#L-w3l%OC"
"dorothee.minors@edu.tbz.ch"|"JY9E9Z-&tL@bH-wHm6MM"
"oceanne.kopmann@edu.tbz.ch"|"RwePkd-#i30Qf-XCz9eZ"
"almerinda.brodbin@edu.tbz.ch"|"kZ5ny6-Z#XSUn-h8cuK7"
"yenora.carsberg@edu.tbz.ch"|"@oObFK-ovJyQW-H5@Sig"
"wa.beetles@edu.tbz.ch"|"Cn3tul-kIRvNw-@wBJ8#"
"audreanne.abbot@edu.tbz.ch"|"NIx5BK-S%gJQH-zzCdaB"
"noemie.capper@edu.tbz.ch"|"z6xX71-8bQkOE-IoR5qR"
"mans.abramamov@edu.tbz.ch"|"R@FSle-JqjEmk-lEU2Y%"
"audreanne.blakey@edu.tbz.ch"|"M@H#@L-gOxP3M-5odw&@"
"leone.klimpke@edu.tbz.ch"|"Z#bq6I-@oyPzl-StKP4V"
"lie.croston@edu.tbz.ch"|"fDEWo4-yMCeam-aaps9z"
"anaelle.baistow@edu.tbz.ch"|"P$08yt-V5UQrK-3CEZNw"
"michele.garwood@edu.tbz.ch"|"dWZwaS-jxzYdV-w%XV2A"
"interessant.albion@edu.tbz.ch"|"uRqm3U-bAaz7W-8Lq$3G"
"andre.brisco@edu.tbz.ch"|"KrChmS-r87xKD-YABIes"
"tang.totterdill@edu.tbz.ch"|"kEPbhN-NvOb5I-ex5Mkb"
"marie-josee.braundt@edu.tbz.ch"|"HYIQmJ-d$2AHt-STZKFQ"
"lois.galer@edu.tbz.ch"|"ZrEf#W-E7J92i-A6xT#2"
"faites.pellamonuten@edu.tbz.ch"|"s9xX#o-ejUf@M-bbTsKy"
"mai.barfford@edu.tbz.ch"|"@UKMTF-6H8YsY-Kgj0WC"
"laurene.macilory@edu.tbz.ch"|"#kpuQq-#a&$Ht-K#8#Hf"
"elea.peak@edu.tbz.ch"|"eYbssX-FY%$jj-nKvdOz"
"rejane.doni@edu.tbz.ch"|"oXikim-CoN5IQ-V%hB1l"
"mahelie.ector@edu.tbz.ch"|"DvjoDJ-v$0#KJ-#De$E7"
"rachele.allum@edu.tbz.ch"|"VwC#v6-Di2%be-qvmDxj"
"laila.gerretsen@edu.tbz.ch"|"Tr5U&T-p3u1ad-quAD6Z"
"ines.bowman@edu.tbz.ch"|"MYIru6-Lgm3@K-8dGYDh"
"publicite.barbary@edu.tbz.ch"|"HyTN8b-IuLIzV-LAMB$2"
"mailys.smooth@edu.tbz.ch"|"moXahF-um8KCY-N2G%pJ"
"mailis.huguenet@edu.tbz.ch"|"8tKWjC-@OKSJ1-qxQVOv"
"lea.ewer@edu.tbz.ch"|"S@dA4x-@Glq59-FZZdRz"
