"email"|"password"
"melodie.vandervlies@edu.tbz.ch"|"WQZ@qr-hgc007-UM5qnr"
"angele.edgecumbe@edu.tbz.ch"|"iQ&ZPw-&a8tpG-IG6%@N"
"zhi.andreasson@edu.tbz.ch"|"cQZ2TM-GNl90M-y&lWGk"
"judicael.koppeck@edu.tbz.ch"|"YXL7%1-kcf8Lv-lxqDrM"
"berengere.capron@edu.tbz.ch"|"mDZ2@O-d1%uK4-a5qCKH"
"leonie.brosini@edu.tbz.ch"|"CUO9le-aTl#fY-@n&4g7"
"venus.garfit@edu.tbz.ch"|"4PgCCM-@ah5k1-0jC8bZ"
"melina.janota@edu.tbz.ch"|"h&tlJV-dmVdSz-TX5&&f"
"laurene.bake@edu.tbz.ch"|"CVMMCG-Gvk7V&-pucbZz"
"regine.dorkins@edu.tbz.ch"|"@Vd6v0-C4hfmO-1eUTat"
"cecile.moffet@edu.tbz.ch"|"y7czHJ-FLfLnX-gw2Z0F"
"maelann.labrone@edu.tbz.ch"|"UU5F#4-YlGwgv-#%wqjU"
"melinda.newbold@edu.tbz.ch"|"NoQHgf-EXw5oo-6nGj2J"
"mans.itzhak@edu.tbz.ch"|"pPaHTZ-TV&VU6-XQ%Qpu"
"melodie.pattlel@edu.tbz.ch"|"QDkLzS-qNTF#v-Ml8r6w"
"celine.bonett@edu.tbz.ch"|"cfO$a$-HxMeVx-REBKky"
"adelie.mcgreal@edu.tbz.ch"|"nwEw6V-Of6aso-c8CgcT"
"helene.soldan@edu.tbz.ch"|"6KzYfe-cbH7hL-%Vv7eY"
"michele.cluer@edu.tbz.ch"|"pKE33C-apKoS@-ZXgkjT"
"maeline.mueller@edu.tbz.ch"|"idb#%m-0U5#9p-@F&Zyi"
"maelann.benedito@edu.tbz.ch"|"@QMi0$-a7Ei7a-0RvU%B"
"nuo.gransden@edu.tbz.ch"|"TBDU#a-U5Op9N-AzJqa6"
"berengere.stainton@edu.tbz.ch"|"aPpTgv-P4jUAG-ZbuzgB"
"wa.sabater@edu.tbz.ch"|"1w3Sjc-Mp&hL$-y652Lk"
"anais.cochran@edu.tbz.ch"|"o3DXsW-bK57HE-ol8xhT"
"gerald.bessant@edu.tbz.ch"|"cQJjeG-m0CE#s-4QxSbj"
"ruo.coffin@edu.tbz.ch"|"UgBrzo-OY3vbh-BBkrkn"
"melodie.mustill@edu.tbz.ch"|"Hi2qxy-DLwEGC-dbgkuE"
"ruo.stanesby@edu.tbz.ch"|"Ta12bP-J8&Mcr-OBiPH5"
"noemie.antognelli@edu.tbz.ch"|"2W3aiM-LGeH3N-lwoLSI"
"maelann.hughson@edu.tbz.ch"|"tEe6QO-2S9BEH-UNW&bc"
"milena.mieville@edu.tbz.ch"|"&ZmyiC-mF8nw7-4ESs97"
"mailys.chamberlin@edu.tbz.ch"|"QDqTqj-VZ3@Rs-DK5owt"
"nadege.tomalin@edu.tbz.ch"|"i80qLx-mmiSoz-0Z6un$"
"oceane.omara@edu.tbz.ch"|"IqWFaX-kQ0KGm-SPG8BS"
"cecile.aguirrezabala@edu.tbz.ch"|"W4udTT-Q8VYke-d7e6UD"
"maella.gwillim@edu.tbz.ch"|"gqey4l-skL&zS-ofDk#@"
"lea.mcgahey@edu.tbz.ch"|"UTmFlm-sG8Gpk-Vbq6sd"
"laurene.hagerty@edu.tbz.ch"|"TNqL5Z-Sl$GVn-exS31l"
"dorothee.link@edu.tbz.ch"|"LwD0EB-9pqLQ3-Os%ew9"
"clementine.kynsey@edu.tbz.ch"|"lWv5xH-jQRtLp-kq%A$e"
"lorene.smitherman@edu.tbz.ch"|"SGtKQM-ui$2Q6-uQl8%0"
"cleopatre.klulicek@edu.tbz.ch"|"%STzmZ-yRZKsQ-@NV@i0"
"laurene.castaneda@edu.tbz.ch"|"lWhVC#-X5DL%I-Assst2"
"melia.constant@edu.tbz.ch"|"yDKmao-B0laVt-CHtN23"
"lucrece.clunie@edu.tbz.ch"|"#l7KmV-LSlS5d-n2Rnt0"
"eleonore.mcmurthy@edu.tbz.ch"|"8T7q#P-$KycTR-N5y#vN"
"melia.bevar@edu.tbz.ch"|"AcfoVB-g&4$qY-qLIcRn"
"camelia.bontine@edu.tbz.ch"|"9lxQna-sDukL8-2@%SIo"
"methode.jozefczak@edu.tbz.ch"|"@u5Kxd-UhFfUR-llxpAY"
"audreanne.hinsche@edu.tbz.ch"|"iqw9ZR-5T$3W9-eiH#au"
"andree.varne@edu.tbz.ch"|"HaKeQb-DPXKOw-LF5bVe"
"marten.kinleyside@edu.tbz.ch"|"Ir4Y#P-ZIICpc-ZV5YDA"
"esteve.mcewan@edu.tbz.ch"|"3&x%iz-kiV3p4-$Tz0m&"
"leane.dibbert@edu.tbz.ch"|"W@OudG-DEpsD$-XciN@y"
"ma.thewlis@edu.tbz.ch"|"xPyN6D-KAvxNr-3HYjxF"
"clea.djurkovic@edu.tbz.ch"|"EK%QAn-C0zFrr-6DM@o#"
"rachele.reburn@edu.tbz.ch"|"mD73un-@59och-rb5Tny"
"gerald.gowling@edu.tbz.ch"|"2eVWPM-Q2fB3x-7HD&Ma"
"cleopatre.jackson@edu.tbz.ch"|"g67p5L-arqQWh-renuu#"
"desiree.haskins@edu.tbz.ch"|"NBGfSC-n$VLWy-@0kooU"
"eleonore.longson@edu.tbz.ch"|"DdX0bO-NEk8Ed-J@75qa"
"leane.dybell@edu.tbz.ch"|"iLHyCi-2ei1BE-ACDzUS"
"becassine.grzesiak@edu.tbz.ch"|"iQ%##1-uBeOVP-F84iJx"
"marie-josee.pickin@edu.tbz.ch"|"TSChRJ-vWoJG5-E3Jhyt"
"marie-josee.roxby@edu.tbz.ch"|"JGmFCa-OKKybz-u6xrpo"
"leonie.feenan@edu.tbz.ch"|"RlJ5u4-bjV#ib-Nrq#0G"
"valerie.ellum@edu.tbz.ch"|"7ptoyk-ivCk#5-&KdC6B"
"ju.caseri@edu.tbz.ch"|"WzJs5Y-mUOjrW-bo7Ys7"
"boerje.strangman@edu.tbz.ch"|"CpG#uM-kKmahJ-z&m@E&"
"beatrice.ghidelli@edu.tbz.ch"|"aoekdK-gMMH@O-ATI3Ej"
"da.jablonski@edu.tbz.ch"|"2%L39W-DDyz@#-sCfn&3"
"uo.beveridge@edu.tbz.ch"|"XxItuA-QTrhwv-ee14wB"
"valerie.bestman@edu.tbz.ch"|"LUyqfI-Y3@5JU-YOlTrQ"
"marlene.pohls@edu.tbz.ch"|"Ux$mmJ-7P&1Kl-M7mWYq"
"ma.nolda@edu.tbz.ch"|"YnKgVX-i4GcgY-y$yzRD"
"marlene.bisiker@edu.tbz.ch"|"V2XT6e-bhrf4i-nVyueL"
"estee.babon@edu.tbz.ch"|"bbmpu#-laM5h%-cxuH%T"
"simplifies.dmisek@edu.tbz.ch"|"AsFwlE-ggoCpO-rlG771"
"selene.ganing@edu.tbz.ch"|"LlLGaq-aU02NA-%$mbzL"
"meryl.penke@edu.tbz.ch"|"hXHMEy-FL5U87-1JhzLj"
"anais.rawcliff@edu.tbz.ch"|"vvu%Nu-rAumAI-M7eN#1"
"melina.andri@edu.tbz.ch"|"L&fXhD-O2j$2B-ZBFBPc"
"audreanne.fodden@edu.tbz.ch"|"eSXr%K-vfvLSu-RsAhde"
"bjoern.spellesy@edu.tbz.ch"|"EXYiBw-fx1&7H-5tKs@d"
"francoise.summerscales@edu.tbz.ch"|"$a0OSS-tGcLr6-7lwoRg"
"laurene.ashtonhurst@edu.tbz.ch"|"cNQi7v-MsgoJV-67ZoEF"
"valerie.petters@edu.tbz.ch"|"UI1K&Z-w1dMhj-i11nDB"
"anael.spenclay@edu.tbz.ch"|"4t#0As-uduczQ-IVkImZ"
"stephanie.keech@edu.tbz.ch"|"jr4Nbe-oYdN0k-frJfkF"
"ines.deveril@edu.tbz.ch"|"ohCpLC-ZHDMF1-F0Z%3o"
"berenice.gelder@edu.tbz.ch"|"q&Rj%m-WtzJeJ-rtbTbY"
"melanie.ofogerty@edu.tbz.ch"|"2J#f4O-WsE&Xk-dpHhF1"
"frederique.canepe@edu.tbz.ch"|"0dolaL-QS4sgJ-JEs3Jq"
"nuo.otton@edu.tbz.ch"|"T3OzJy-hFLXDc-I5#XGf"
"genevieve.trusler@edu.tbz.ch"|"mcId#c-RayAH3-MQ#m@@"
"ju.boag@edu.tbz.ch"|"XrXwM1-nmI$AZ-kpycKE"
"josephine.dilucia@edu.tbz.ch"|"&WL8TL-QNhm1U-oFEHmu"
"laurene.armsden@edu.tbz.ch"|"Sz$7TT-E2qrn6-SJLtZt"
"becassine.griffe@edu.tbz.ch"|"AzPtDQ-KnurWz-0#$C5X"
"alois.parres@edu.tbz.ch"|"d3&$9W-IxpnK6-7uf#b6"
"cleopatre.gaffey@edu.tbz.ch"|"ay35XH-GV9v%D-gnDSLM"
"andre.stiger@edu.tbz.ch"|"IXr3Ww-iq7lNN-xuvTb&"
"beatrice.godleman@edu.tbz.ch"|"g%54xg-1tANg@-%lkdOQ"
"hakan.harrhy@edu.tbz.ch"|"4vbwC&-9VWQ@5-wexb1V"
"celestine.dagnan@edu.tbz.ch"|"JhRYqM-3#Qawq-ivM4yq"
"clemence.haggart@edu.tbz.ch"|"v%prow-qMD1P7-bStFrn"
"long.caban@edu.tbz.ch"|"7Wo@3p-spZp6y-6$DQhH"
"gaetane.grimble@edu.tbz.ch"|"0U&00n-eCpI%f-I562GJ"
"maelann.piwall@edu.tbz.ch"|"TRp@2Z-0wvwLA-z2V&c1"
"magdalene.loble@edu.tbz.ch"|"i0Gx5f-V8flhU-Vl7uv&"
"veronique.domaschke@edu.tbz.ch"|"NyHBD4-Fq@VFj-d9TquR"
"clea.herity@edu.tbz.ch"|"fQVDaQ-vJFEH7-&gyhI7"
"maelann.bambrough@edu.tbz.ch"|"QXFjVM-JxZUXc-iQuOb6"
"clea.goulstone@edu.tbz.ch"|"ijeCiV-WpAHcT-MIZMO@"
"renee.deleek@edu.tbz.ch"|"mU%OXf-JKsc1Y-vhgiWR"
"boerje.rudderham@edu.tbz.ch"|"&iH9oG-JK7cOp-MAoIpQ"
"marylene.broune@edu.tbz.ch"|"2e85Cj-DsJ7LC-5F&nCh"
"nadege.mccuish@edu.tbz.ch"|"V@jXJ2-xycR3m-ZOwqy$"
"anael.littleover@edu.tbz.ch"|"g9TQfd-E$ScI2-MHrfPS"
"lie.baume@edu.tbz.ch"|"Mk@RBf-Y3prU&-7rAzcF"
"maella.murrow@edu.tbz.ch"|"kNyHDm-3K%JWf-ICP5F%"
"cleopatre.pettifor@edu.tbz.ch"|"fmE7IO-0vT3J&-jFXeB5"
"geraldine.asker@edu.tbz.ch"|"4&v#xE-#cqw9z-Lm4vG6"
"gaetane.smedmore@edu.tbz.ch"|"VajtHF-#0mOHj-t$QCRz"
"meryl.blencoe@edu.tbz.ch"|"0E0dWo-X9Gm89-mFfFXw"
"aurelie.chastaing@edu.tbz.ch"|"TLdz6W-j%H1NB-NCPV3M"
"oceanne.marthen@edu.tbz.ch"|"lIyxCh-g27cn0-e@5vNR"
"dorothee.burrill@edu.tbz.ch"|"6B1qbC-a1vohv-9jtcCr"
"hakan.belden@edu.tbz.ch"|"wW%4Yc-Rk22&#-hwtYrq"
"celine.brunning@edu.tbz.ch"|"UnC$d6-eag4dw-S$vw5m"
"anael.lapides@edu.tbz.ch"|"%Cz3BY-pHjDuR-bNtWh4"
"ruo.saffran@edu.tbz.ch"|"mekOaf-#oFTxK-om&Qp0"
"loic.gerretsen@edu.tbz.ch"|"bno5So-7E3nDq-oKcrLu"
"rui.fitzer@edu.tbz.ch"|"ulCxmf-rtHHle-hiWiFd"
"annotee.ogers@edu.tbz.ch"|"i@klqQ-Mgcj0c-J9WbIP"
"boerje.bindin@edu.tbz.ch"|"xE15up-7f$jZP-1J9AHs"
"ma.cronchey@edu.tbz.ch"|"OIOL90-3$C0zu-q89rtY"
"laurelie.baiyle@edu.tbz.ch"|"hNZuVz-yAVwXY-Ll6e&5"
"dorothee.older@edu.tbz.ch"|"P&C91q-cTbMbo-Oe3Hhl"
"laurena.wile@edu.tbz.ch"|"$2tHTy-mF1qis-N0GbCT"
"clemence.brito@edu.tbz.ch"|"fW4o5n-GmV$mi-vuaPSt"
"nadege.dallin@edu.tbz.ch"|"DYCep&-Ha0$xs-QhqF%a"
"mailis.matley@edu.tbz.ch"|"ogzyw@-reRwmP-bppTII"
"daniele.screaton@edu.tbz.ch"|"KoPPaO-YX5hX0-drKMpM"
"mediamass.godly@edu.tbz.ch"|"#v&bgA-cq27ZT-@ujmSU"
"leone.kremer@edu.tbz.ch"|"9fVE7a-@DyF&0-1EkzDo"
"asa.adrian@edu.tbz.ch"|"SqlKdB-DERa7j-TXYCKj"
"adele.doley@edu.tbz.ch"|"j6t#4T-l9L13h-Xc3z$w"
"fei.sidney@edu.tbz.ch"|"0pZCI0-IQUm3v-53QTaS"
"marie-josee.walisiak@edu.tbz.ch"|"$rMzUJ-PQQMyO-&u8tZk"
"desiree.diplock@edu.tbz.ch"|"IYxRd$-Fs&m%3-zcLzsS"
"gisele.schust@edu.tbz.ch"|"@lKvoL-sY&Oiq-VJX1rI"
"ma.longshaw@edu.tbz.ch"|"7zGe3m-DI#JSA-w@Boin"
"da.boother@edu.tbz.ch"|"qr&ohs-i#5#un-WLxyMc"
"simplifies.chaudhry@edu.tbz.ch"|"JpAvci-bjnXyo-LM2JrV"
"garcon.baniard@edu.tbz.ch"|"LkdEyL-a2sFTy-Ru2iw2"
"gaetane.elphee@edu.tbz.ch"|"XBMMgo-Q3weHf-lz4%Il"
"gisele.hassey@edu.tbz.ch"|"7pqBik-g$9AFb-xvfk7s"
"oceanne.booley@edu.tbz.ch"|"icKKT3-ji#RdA-AK6T4K"
"oerjan.dibden@edu.tbz.ch"|"DccQ@8-X%fiJR-slFgO9"
"regine.ocleary@edu.tbz.ch"|"zMfcu7-8@cLDP-p8NrF1"
"selene.persse@edu.tbz.ch"|"WQXiNp-1qmTmQ-umrBGv"
"helena.adenot@edu.tbz.ch"|"6G4cNZ-DS6a1D-@YAkE6"
"maelann.wassung@edu.tbz.ch"|"eKQi%Q-wUpp2E-JkbuE3"
"frederique.ackermann@edu.tbz.ch"|"qtRos%-kOmDgF-RdjZcn"
"audreanne.kahen@edu.tbz.ch"|"GyWo7m-Yp@A9o-dZygIw"
"maiwenn.lasty@edu.tbz.ch"|"3ctGTm-Vvqn0G-M%p@nh"
"yu.dictus@edu.tbz.ch"|"wXG4&1-N3SEYj-hyOsNX"
"anae.dukes@edu.tbz.ch"|"1jZd$M-WNyQPU-u#Khmk"
"yenora.warr@edu.tbz.ch"|"TE9EAJ-tBKqwv-KLcCGX"
"esbjoern.archibold@edu.tbz.ch"|"#yClb%-Nq34cM-Y9#Tl7"
"milena.pardal@edu.tbz.ch"|"rGRPfN-Uy8$M0-n0S%jz"
"celestine.graveston@edu.tbz.ch"|"mLSEq3-aLtdcn-et1Jj6"
"maena.dallas@edu.tbz.ch"|"t&m967-6FZbVz-j3R6wb"
"andree.tuke@edu.tbz.ch"|"Tm9&0k-7K0NoB-ykcbBj"
"methode.seldner@edu.tbz.ch"|"aiSPm#-pYkSO7-jT4gk2"
"venus.bullas@edu.tbz.ch"|"N62opc-daSvwb-jBmqN8"
"mans.aguirrezabal@edu.tbz.ch"|"vbrh0z-qIC159-5%oId9"
"gaelle.eadington@edu.tbz.ch"|"s9nmKj-$ARzLs-SvCVRW"
"anaelle.falkner@edu.tbz.ch"|"OfVfQb-KAqzpU-FLdBgp"
"ophelie.height@edu.tbz.ch"|"yp6pJl-RfCqxI-D4nNSo"
"marten.bolding@edu.tbz.ch"|"guw1b2-gbJxrO-eDib5P"
"pelagie.guswell@edu.tbz.ch"|"scpD&P-BqkzBf-XfI5b8"
"gwenaelle.lecount@edu.tbz.ch"|"dkIkej-r0fetD-%cPSqh"
"hakan.laden@edu.tbz.ch"|"3AV3RQ-UyPD4z-PAi8lB"
"marie-josee.hylands@edu.tbz.ch"|"Z2BOXz-pl$UD@-ONr689"
"zoe.kingshott@edu.tbz.ch"|"yfRIA3-S&984o-gr#gh4"
"josee.janous@edu.tbz.ch"|"DtBF1w-c8L2Io-sc0DHb"
"laurene.gallally@edu.tbz.ch"|"0ClD$N-Qel7L&-mAc2ch"
"anael.bickle@edu.tbz.ch"|"8kpb7#-Oaqq6s-6hyDzN"
"mediamass.lebbern@edu.tbz.ch"|"SHV8e$-dHn7b1-VDVR2k"
"berengere.hovy@edu.tbz.ch"|"DyBwXR-7UI2WI-K#0YIx"
"oerjan.kilmurray@edu.tbz.ch"|"l4xkS4-BTMFE0-jUavmz"
"asloeg.venny@edu.tbz.ch"|"w#Mf5o-@IE4Aj-d&Oukr"
"marie-noel.stoad@edu.tbz.ch"|"wuSBhX-y%@SkT-p43cSm"
"hakan.pettifor@edu.tbz.ch"|"4eRIgX-r$YUhQ-ksAbDs"
"maella.willgrass@edu.tbz.ch"|"z%xm1m-IS845A-m2kB#b"
"therese.ludovici@edu.tbz.ch"|"YjKaA&-1g7Hc9-SUjGUh"
"stephanie.trewhitt@edu.tbz.ch"|"nTHIJG-j6wZRc-F5Epf#"
"maerta.bauduccio@edu.tbz.ch"|"KK9h7%-DRT1GX-hluD5y"
"gaetane.glaisner@edu.tbz.ch"|"xX8Goa-&QE2O#-pRdfk6"
"naeva.pargeter@edu.tbz.ch"|"OIk6ic-&Oaqqu-CqGuR&"
"salome.venable@edu.tbz.ch"|"9VuVic-Q9Lfy7-qxkHET"
"boerje.thickett@edu.tbz.ch"|"9j@Xy@-dR24as-iPb9K@"
"lucrece.prendergrass@edu.tbz.ch"|"902%rC-hOOM04-QR5ldL"
"laurene.ockleshaw@edu.tbz.ch"|"NgH0Ew-7aL7%o-yRd$H6"
"cecilia.pasticznyk@edu.tbz.ch"|"l2NcWf-eW#2tD-Li1fCc"
"stevina.mackey@edu.tbz.ch"|"rE2Z98-Zs2L9N-d4sQFy"
"marie-noel.reven@edu.tbz.ch"|"MpKkCP-ht%hbp-MSpEh6"
"melina.quilkin@edu.tbz.ch"|"d9JdwJ-aTXz28-tyLO7S"
"marie-noel.ferrie@edu.tbz.ch"|"b2$9JU-5I87J3-Nt#ky4"
"leone.alphege@edu.tbz.ch"|"BJAb91-veBiwI-BOME0Z"
"zoe.leverson@edu.tbz.ch"|"plgyPf-Zn0kN0-gRpeDU"
"annotes.grayne@edu.tbz.ch"|"IIB$mD-7inM8K-rN$#&A"
"faites.lalley@edu.tbz.ch"|"7ALzVm-xYbMt6-rVz@wK"
"adele.wallis@edu.tbz.ch"|"&RKY@r-GwQeI3-wOg1Sj"
"severine.madill@edu.tbz.ch"|"oV80hS-o61MV&-k%iEjH"
"valerie.tebb@edu.tbz.ch"|"AUqCV5-X6IwD$-KULVbB"
"kalliste.rasper@edu.tbz.ch"|"AAgUVj-VU$O&#-CUJAQm"
"audreanne.palomba@edu.tbz.ch"|"V#s19D-jHHO1e-kd6Pu8"
"elea.adamik@edu.tbz.ch"|"YJC4o7-rwwm#%-0BbR$L"
"reserves.jakuszewski@edu.tbz.ch"|"ZH4KR8-T46Dtx-9gzjb5"
"athena.belhomme@edu.tbz.ch"|"lsXkmt-q3T$QU-%Nz@mM"
"rebecca.crippin@edu.tbz.ch"|"sikK@k-thoD4e-r0rFxA"
"maiwenn.curman@edu.tbz.ch"|"Eaec3&-darLVu-eIO&Ld"
"andree.bunner@edu.tbz.ch"|"TjOvER-OYeMsS-Hg5xnE"
"ruo.winckles@edu.tbz.ch"|"dzyRi3-xUUJyQ-e@RMe9"
"naeva.buntine@edu.tbz.ch"|"Co#6Bq-u&TWRC-lEk6Dk"
"boerje.dollard@edu.tbz.ch"|"yJ9MKD-4e0p3Y-uJ%OUo"
"penelope.gorman@edu.tbz.ch"|"xY@eoz-MCyW3f-v0GGCD"
"alois.robelin@edu.tbz.ch"|"u%BClI-T%3vGt-nEbyc5"
"anaelle.tindle@edu.tbz.ch"|"OYcq%e-CbxS1I-IGdvDp"
"ye.frears@edu.tbz.ch"|"3Nkak7-H2%sSP-PmjoAM"
"andree.ovid@edu.tbz.ch"|"wZIjoy-Icc@QU-42wvMM"
"hakan.peat@edu.tbz.ch"|"G$MLl6-wVcXTK-mc2fMQ"
"andre.januszewski@edu.tbz.ch"|"GSHMs9-pbU7br-i3XZIJ"
"annotes.clemmett@edu.tbz.ch"|"t@k9w#-q4zDgm-wZ8jdA"
"pal.lambswood@edu.tbz.ch"|"MMbwUq-1qP8hu-k6S9L6"
"yao.lenton@edu.tbz.ch"|"2jBui2-RQR&NJ-hZaEV4"
"hakan.boyton@edu.tbz.ch"|"EHHpPV-xhwMsw-RrW3L3"
"nelie.forsey@edu.tbz.ch"|"hTO8Rw-uX94LS-CZh6Ui"
"hakan.horche@edu.tbz.ch"|"JzDflr-8g6Mz6-t1t#7d"
"lorene.sinkings@edu.tbz.ch"|"RVeHPw-tVe%Md-u#U#7p"
"marie-therese.creddon@edu.tbz.ch"|"aCWSz$-0jiuTK-SB13yc"
"berenice.tolworthy@edu.tbz.ch"|"9&3%rw-&0pNjx-yFE9F4"
"theresa.land@edu.tbz.ch"|"M10#5E-T6YWtr-XbW@xu"
"marie-therese.gianilli@edu.tbz.ch"|"4IGf#0-%4tqKV-28BFUF"
"meryl.glew@edu.tbz.ch"|"VKrMhM-TnUVgF-2lPssw"
"adele.debling@edu.tbz.ch"|"AOf45C-Fy0Pms-erXzlE"
"anae.metzke@edu.tbz.ch"|"FCFlJN-Uvnz9u-I3T@rX"
"gaetane.gooden@edu.tbz.ch"|"3exQ3S-Z2mO9M-8vG0B@"
"laila.bootland@edu.tbz.ch"|"rczuu&-12I%52-76empf"
"maite.helsdon@edu.tbz.ch"|"qprRIp-BlW3fx-%EJtHh"
"andree.malley@edu.tbz.ch"|"%AGtUn-Rmzrei-vkb8Dd"
"pal.simmens@edu.tbz.ch"|"RbWTHA-sqf2F0-3bVS7l"
"maelys.nuccitelli@edu.tbz.ch"|"1uumY9-6108ox-StmnOD"
"dafnee.sibary@edu.tbz.ch"|"S&tbmg-MlwykH-Ij9Nt$"
"alois.harsnep@edu.tbz.ch"|"t2O8JT-eu4FHr-IsymfU"
"marie-helene.lacky@edu.tbz.ch"|"1HsRZl-6JMUUB-bFV5uK"
"mylene.youthed@edu.tbz.ch"|"95KHbF-Q#lsK7-9O7$8t"
"marie-helene.dehmel@edu.tbz.ch"|"kep&BL-CfnoH5-SAwwbz"
"angele.batman@edu.tbz.ch"|"i7wjX7-6LSW%Y-qO&2Ga"
"melia.younghusband@edu.tbz.ch"|"jFv1aU-DQiJmD-oVP4qi"
"eloise.baldi@edu.tbz.ch"|"&eY#zj-fu%9YD-U9%reI"
"illustree.dun@edu.tbz.ch"|"8xv%jv-t6OxYw-CkIs1j"
"genevieve.late@edu.tbz.ch"|"0mIw3W-PZnTdJ-sjBem2"
"celestine.colville@edu.tbz.ch"|"qOaFDd-@1v9cg-mrDMMx"
"gwenaelle.scarlon@edu.tbz.ch"|"jN4Rch-yKLZqB-bxVnWR"
"regine.boddie@edu.tbz.ch"|"ZSW0Uw-v3$oGJ-f%Srn5"
"creez.gaughan@edu.tbz.ch"|"G@Zs8I-oj5Heu-xij@0E"
"gaia.longford@edu.tbz.ch"|"k5oyGJ-5Y3&Nv-$VPqwH"
"mailis.buckby@edu.tbz.ch"|"OLQlBs-Ke$hyJ-edVYh$"
"song.parbrook@edu.tbz.ch"|"gzRnqC-5lE@PA-fKqN%a"
"frederique.heddan@edu.tbz.ch"|"2E51Rq-xEMNas-5S8hww"
"ake.kirtlan@edu.tbz.ch"|"mPRIJs-ryl3IY-k7UOzy"
"nelie.runciman@edu.tbz.ch"|"O8jJ%U-pmiR3W-ta3rl@"
"mailis.cardnell@edu.tbz.ch"|"mYMIIZ-zRDjVX-g5Sf0#"
"irene.navarro@edu.tbz.ch"|"Yodoeh-UYf5yJ-MgKyI@"
"maite.cough@edu.tbz.ch"|"$TiGI2-rpK#Gz-I&GjRs"
"anaelle.stocky@edu.tbz.ch"|"T9Gq5Z-NYEz8R-zPlrWU"
"methode.moulder@edu.tbz.ch"|"OwU1h@-imEvUN-F@iBUv"
"po.stafford@edu.tbz.ch"|"s4wHbC-BpDHXH-dVZvSE"
"faites.scraggs@edu.tbz.ch"|"ox4VOr-3hSVh7-teTjLZ"
"adelaide.dullard@edu.tbz.ch"|"tD9x2y-lribEz-fo%gSR"
"desiree.leonard@edu.tbz.ch"|"&R6dMv-HWlx%2-iA71en"
"geraldine.badgers@edu.tbz.ch"|"RbIXDn-1Zn4&L-2ik8od"
"ruo.masic@edu.tbz.ch"|"86mRa2-rNn#yD-AabHQs"
"aurelie.lieber@edu.tbz.ch"|"pR#1&m-7Fh38h-q58jg8"
"naelle.balcock@edu.tbz.ch"|"hH9knG-W2a0ly-r&BGh0"
"camelia.elger@edu.tbz.ch"|"oxm#Br-0%Nnk8-JGCQ6U"
"publicite.oakeshott@edu.tbz.ch"|"CBPW9%-30yer#-$zwp4H"
"cleopatre.fawley@edu.tbz.ch"|"h$THTu-i3$&WL-&pFNrb"
"laurene.bruckmann@edu.tbz.ch"|"@T2BqX-OY&1tj-x1MhMl"
"rui.haughton@edu.tbz.ch"|"fS7&jN-PW9jl2-N#$07e"
"asa.ladewig@edu.tbz.ch"|"NYUjuw-mVIaKw-APbUGo"
"gisele.janecek@edu.tbz.ch"|"ix$xpR-7#NTvC-ayqCFI"
"maily.loveridge@edu.tbz.ch"|"CZpVyo-BSA$Hq-5eThsF"
"marie-eve.yurkiewicz@edu.tbz.ch"|"ATXaYH-tnDyzu-H2mEHP"
"fei.roder@edu.tbz.ch"|"tCY9XO-G6CNBD-AK#gwW"
"edmee.chatburn@edu.tbz.ch"|"Nfq8yU-DTo83z-lnTIqo"
"geraldine.darke@edu.tbz.ch"|"#C$Hr7-%TO7qY-RU7Dmo"
"ye.jira@edu.tbz.ch"|"j#OdTb-nHTSsR-ZVjjbz"
"publicite.persent@edu.tbz.ch"|"7fPtDy-PDeekZ-Tmj8Zd"
"severine.wilcox@edu.tbz.ch"|"1unPIK-LOBLyR-$4E6#W"
"yao.mcclaren@edu.tbz.ch"|"#M18rm-W@Q078-xFYgYT"
"theresa.foynes@edu.tbz.ch"|"uz35nP-t9Rpsv-Rh&sNa"
"stephanie.isley@edu.tbz.ch"|"jiRON#-ApJ7Wk-BXZadA"
"torbjoern.growy@edu.tbz.ch"|"nGoknP-IRnrfI-XZAY3d"
"eloise.tunnadine@edu.tbz.ch"|"YCxIvh-HM%2Cd-fvKq%&"
"maeline.cossentine@edu.tbz.ch"|"0kxkpX-6ucOmA-7bh6fi"
"nelie.desantos@edu.tbz.ch"|"vncAgT-cWlkCt-%QRon5"
"gaetane.axston@edu.tbz.ch"|"#OEDQB-VlKmFd-&ZLhzM"
"aimee.merman@edu.tbz.ch"|"65G&hT-beitQ&-PpIc4m"
"oerjan.drivers@edu.tbz.ch"|"DoW1Ly-rQ%Eqg-h98d23"
"aimee.miroy@edu.tbz.ch"|"NpO3ut-kUYkhK-snwPiM"
"nelie.glyde@edu.tbz.ch"|"19Ome%-@6p33I-pVkLvI"
"hakan.kapelhof@edu.tbz.ch"|"iQ0QK1-fnAWuO-QozXgi"
"maelyss.cauley@edu.tbz.ch"|"r1JVVo-jLjVyr-otTiFT"
"elea.vaggs@edu.tbz.ch"|"U872az-wJ3zg$-dFQt3t"
"maelys.but@edu.tbz.ch"|"1yJY9N-KK$2HD-ks3ydh"
"maella.arthurs@edu.tbz.ch"|"eMB0U0-Reg66t-1Vyhbu"
"adele.liebrecht@edu.tbz.ch"|"nNn9PV-@L6gCG-y2oNOe"
"meline.lomasny@edu.tbz.ch"|"OWbKW5-joBACt-Id7rC1"
"mediamass.schwant@edu.tbz.ch"|"Brf6FD-lSCJnF-scPMl9"
"leone.saunt@edu.tbz.ch"|"95UxIx-C0Vd$X-x3%@#V"
"annotes.gouch@edu.tbz.ch"|"%Qy6K0-pt$uXr-ZDD&oa"
"gaetane.bowich@edu.tbz.ch"|"rORTbK-ywzDew-Kbzpya"
"alizee.strelitzki@edu.tbz.ch"|"DlGn9e-Rwa0TW-%mO2Xh"
"leone.poile@edu.tbz.ch"|"VNJ%44-ZtMW#b-JY2R3I"
"amelie.saban@edu.tbz.ch"|"jlPOQ$-yQaJgS-Iu0N7A"
"marten.mcmenamin@edu.tbz.ch"|"BBCJ#X-K@vMUJ-d30K@e"
"becassine.keets@edu.tbz.ch"|"vgK7cK-Bhmq6x-8yzmmo"
"celine.million@edu.tbz.ch"|"YqUgqJ-bHsZOx-08J1w@"
"geraldine.belitz@edu.tbz.ch"|"MrAhXU-JI@oar-xIh#Po"
"salome.mardling@edu.tbz.ch"|"9q9Fzx-GhVTkm-Jo0Uef"
"melia.blakemore@edu.tbz.ch"|"h47TsB-E0gBTb-ROFWwH"
"dafnee.mcaulay@edu.tbz.ch"|"5ctVD1-wrTA6C-O$shcZ"
"garcon.dennett@edu.tbz.ch"|"BPN0In-p9m9m&-nf1WkD"
"interessant.lesor@edu.tbz.ch"|"YaZb12-Ayq0pc-A9TJ#w"
"annotee.wasbrough@edu.tbz.ch"|"4hDnsj-jOkIz5-qqu&%h"
"asa.ibbeson@edu.tbz.ch"|"IvfXG0-G&q9J%-9AqG9h"
"maily.kennealy@edu.tbz.ch"|"CgPjZc-1@Q27H-%0U4BC"
"ye.seares@edu.tbz.ch"|"vo0vs@-m0XRF7-OAP@iH"
"athena.harbron@edu.tbz.ch"|"6I#VQ%-mias7a-S0QjYy"
"andreanne.portail@edu.tbz.ch"|"@n$hab-6g@9wy-2sF$qJ"
"goeran.zannelli@edu.tbz.ch"|"lLzL0u-ioo@m6-n$fPRJ"
"gerald.leathlay@edu.tbz.ch"|"4diBc4-VedDpk-ZObu08"
"andreanne.chown@edu.tbz.ch"|"xQhsq7-fSJZVO-L8kuJy"
"esteve.clementel@edu.tbz.ch"|"p2RofK-tFeJxq-uj$Xti"
"leone.legan@edu.tbz.ch"|"PLx%k1-DrQSHd-b5lPTC"
"maena.pownall@edu.tbz.ch"|"2k1nNm-TokhzN-KiozmX"
"andree.rettie@edu.tbz.ch"|"tkY$Wk-kwMlEq-$LnGow"
"ines.kenwrick@edu.tbz.ch"|"%ry0JP-S%M$Ue-p3x5MF"
"marie-helene.yarnall@edu.tbz.ch"|"IXU1TK-OLgEeq-4uOHbl"
"po.martin@edu.tbz.ch"|"aaQN8z-O24gt0-sqj#qW"
"ruo.celiz@edu.tbz.ch"|"#pdIEL-W6kEIf-xr3lHn"
"po.bissett@edu.tbz.ch"|"X#g5Hp-g2L97y-XXSnRn"
"du.swindon@edu.tbz.ch"|"77P4hz-37sfaM-Kodayl"
"interessant.gouldthorp@edu.tbz.ch"|"3ENVRS-gRkEPh-44mrJ0"
"leandre.lilburn@edu.tbz.ch"|"exvyyY-YeHhEe-hMev37"
"bjoern.whales@edu.tbz.ch"|"fg0gAo-1rRz#3-u9C7Om"
"interessant.dieton@edu.tbz.ch"|"ofv7NC-oBJ0rF-5WGh0E"
"celestine.redhills@edu.tbz.ch"|"L&3zpC-FUSQep-VJ9XWH"
"tan.yakovlev@edu.tbz.ch"|"$IkRAN-Cg7eGm-PG2GLv"
"regine.mcdowell@edu.tbz.ch"|"gbTc9b-RRy0Jj-ksho43"
"ju.coysh@edu.tbz.ch"|"0f0%ds-hBOrOV-K@nr1n"
"reserves.ofallon@edu.tbz.ch"|"s@%n11-ckwSYo-ac$&Hk"
"frederique.sobey@edu.tbz.ch"|"4#GqWy-GJuJE4-MQC@KE"
"marie-eve.garstang@edu.tbz.ch"|"yDAbeh-khX0w8-b1zAjt"
"andre.tapin@edu.tbz.ch"|"W@xJYN-fmQAcG-D6I%p8"
"esbjoern.eynon@edu.tbz.ch"|"yXL3EE-cjh9RP-AXpRIk"
"maella.duffy@edu.tbz.ch"|"bkLoey-5HPGYt-AL5xII"
"leandre.twinning@edu.tbz.ch"|"DGspA2-wAnx$p-eA0D$r"
"mai.whittingham@edu.tbz.ch"|"zbRTql-5aR7Bv-G6Owb#"
"rachele.shevelin@edu.tbz.ch"|"VQDDaV-UXv4I5-clFR5y"
"cecile.mcure@edu.tbz.ch"|"jP&&#V-9t@9sC-iK1mp#"
"marie-eve.yurkevich@edu.tbz.ch"|"8FW2T1-YB1kOb-W2SAxV"
"almerinda.paice@edu.tbz.ch"|"M&w93O-61#@x0-GfQzlO"
"rao.howkins@edu.tbz.ch"|"CZ%#FM-5kGBRJ-2oTlY$"
"serena.pack@edu.tbz.ch"|"g4FVFo-d9DUyN-Aoxv8D"
"rebecca.mant@edu.tbz.ch"|"ukPKmQ-&3ReXz-Przlc0"
"reserves.spitell@edu.tbz.ch"|"xqZLid-iid8F5-rn3vbu"
"garcon.hamfleet@edu.tbz.ch"|"4BOKdu-kXqikR-51uPi7"
"methode.kerkham@edu.tbz.ch"|"IYnonH-r%qXPj-SadZF1"
"pelagie.camies@edu.tbz.ch"|"3Qp5rk-un55FA-HxN%QX"
"josephine.macpharlain@edu.tbz.ch"|"LMvU6X-shrPP%-KrX3gC"
"eugenie.mathet@edu.tbz.ch"|"0WTlc2-qzGFsM-enPefi"
"gaetane.brangan@edu.tbz.ch"|"wBipx&-AbwdjA-54CzLO"
"michele.dewbury@edu.tbz.ch"|"%JhDpV-s#9rw9-UoCwCW"
"eugenie.elcott@edu.tbz.ch"|"TmLC5S-C41TD2-cnoaQ$"
"megane.harniman@edu.tbz.ch"|"zO6@lW-hHQ@kv-C$7$aP"
"agnes.cluney@edu.tbz.ch"|"y7UIJI-uf05kh-MUTgee"
"marie-helene.angear@edu.tbz.ch"|"8tsUUy-eOX7WV-eyZzDz"
"melia.dolphin@edu.tbz.ch"|"cAGW9M-&pihJh-Oljy$y"
"lois.ruseworth@edu.tbz.ch"|"hHH@hA-s57TeN-gyScIv"
"mailys.ryding@edu.tbz.ch"|"ugfXzT-zt6ztt-YuD4&2"
"rachele.wulfinger@edu.tbz.ch"|"Jnbfu2-#jMcM7-84FaCG"
"gwenaelle.talton@edu.tbz.ch"|"s0k0gw-A29nuM-L4QC5S"
"long.ronchetti@edu.tbz.ch"|"kziEH0-1H7aRT-GH6eZw"
"styrbjoern.kloska@edu.tbz.ch"|"aCLDIe-&&MTxC-cM86ZS"
"len.sudran@edu.tbz.ch"|"ZDMQPT-$#2OZn-GGV62I"
"maelle.andrysek@edu.tbz.ch"|"rTbbzM-oyZCJl-Fib@Q$"
"selene.senior@edu.tbz.ch"|"kE&Tah-LY3Iy5-%YBvkB"
"anais.joskovitch@edu.tbz.ch"|"NBSfPY-b0PTFE-J%Efb9"
"marie-noel.dally@edu.tbz.ch"|"xXeIJ5-K0M&T5-u@OsfN"
"marie-helene.laurence@edu.tbz.ch"|"@U#cNh-HxjBIL-49lhkC"
"camelia.foxon@edu.tbz.ch"|"slItAN-Ef3m@L-ps7Lcm"
"helene.cankett@edu.tbz.ch"|"V@ya5e-82rwGB-ygMMBw"
"marten.mitchelson@edu.tbz.ch"|"WaAZc9-jC%mV$-y@EseN"
"helena.stirtle@edu.tbz.ch"|"NNc@9E-VSemMo-MRgoVD"
"leane.barmby@edu.tbz.ch"|"Blwr2C-KRhhP$-1bde2t"
"goeran.ofinan@edu.tbz.ch"|"B8p#L7-6@lyr9-QzC$Ju"
"styrbjoern.proby@edu.tbz.ch"|"i@6fbe-8Nslpg-J3q1qy"
"zoe.halse@edu.tbz.ch"|"ScPNEK-kj0CEM-N9e5$A"
"kui.drable@edu.tbz.ch"|"US83O9-r@SgoG-I@ecn1"
"desiree.bamford@edu.tbz.ch"|"@U@qGJ-zDBUms-QnBD5y"
"zoe.suller@edu.tbz.ch"|"t61yg1-661S3H-tnzC%J"
"marylene.audiss@edu.tbz.ch"|"LhZHw$-CqUiC6-r8wVZo"
"adelaide.poznanski@edu.tbz.ch"|"MZz&lN-CiIAe3-4JmGPk"
"maella.coleyshaw@edu.tbz.ch"|"wGpvf2-HFzvyi-s4l93J"
"marie-francoise.gelder@edu.tbz.ch"|"0l$H4a-GY9FIt-3tbiZ#"
"eleonore.chaffyn@edu.tbz.ch"|"5IV$HF-M2wI#e-59QaOK"
"celestine.sikorsky@edu.tbz.ch"|"Amwe01-xtMMFG-7DrvD@"
"stevina.londsdale@edu.tbz.ch"|"UMdKY7-M%sx0n-d@WfbG"
"maiwenn.nevitt@edu.tbz.ch"|"2pCkxa-rU2wme-jhiKpr"
"magdalene.gerrey@edu.tbz.ch"|"&YO@v%-m7H1uI-q#WpXr"
"becassine.latimer@edu.tbz.ch"|"mLXUYg-8J#Dfs-yc6FPG"
"da.lethibridge@edu.tbz.ch"|"9MN2jO-Dr7A@Q-#szdTG"
"mailys.claige@edu.tbz.ch"|"m0xqS2-NSOI5l-mkmq3m"
"maena.torbard@edu.tbz.ch"|"B13Us1-Msu7iz-Kgy5Tu"
"solene.lyvon@edu.tbz.ch"|"ndeN7Z-%4E4pR-D2f&6J"
"marie-therese.benbrick@edu.tbz.ch"|"NEdo4@-pynQtU-pER3WF"
"gerald.edmonson@edu.tbz.ch"|"&@ob9J-Wb29L@-@D7Xem"
"ake.messruther@edu.tbz.ch"|"#k$x5S-v@qvpK-kFjqBH"
"men.gosneye@edu.tbz.ch"|"Jfc$XL-Sj%keE-tizT1T"
"anais.jefferys@edu.tbz.ch"|"Z5icLl-dP6l2b-&K$eYq"
"publicite.tregale@edu.tbz.ch"|"1yuCSC-o1Bm5X-A%$3be"
"maily.santorini@edu.tbz.ch"|"EOV9q@-X7dqxx-IdwA9U"
"ines.pioch@edu.tbz.ch"|"0bRWCe-5J4bJF-tE9sdB"
"noemie.marklew@edu.tbz.ch"|"cWusSo-EdPQlk-D@bRYE"
"meghane.maccaffrey@edu.tbz.ch"|"71owTw-#1W7uz-OlJDtH"
"berangere.ambrogio@edu.tbz.ch"|"5PyCBt-DpxTFH-$%Q1$n"
"mediamass.ryce@edu.tbz.ch"|"gBqifX-cTSTbg-VXz5@w"
"oesten.ubank@edu.tbz.ch"|"Dq$6Y6-U@gspu-&&CJoD"
"melina.mackee@edu.tbz.ch"|"Krx1R&-PDOFXC-Z5&MMV"
"theresa.livezey@edu.tbz.ch"|"dASqsN-Hs%43N-0e0&gh"
"clemence.weal@edu.tbz.ch"|"3M90lV-3tQgd0-CsswRW"
"faites.overton@edu.tbz.ch"|"HtsMoN-EZmWzN-pj3FVB"
"clea.lindblad@edu.tbz.ch"|"PIEkXq-fhhikr-fZDXRD"
"josephine.roseaman@edu.tbz.ch"|"%fWxdV-Dc53GC-BllFFc"
"oesten.lowbridge@edu.tbz.ch"|"8SCS$v-G@XqRd-GS&18g"
"marie-josee.brion@edu.tbz.ch"|"imHj%P-GAhBnN-vqLedm"
"therese.basili@edu.tbz.ch"|"otOcsJ-BSDP9%-QBRfT$"
"melia.vertigan@edu.tbz.ch"|"sEeoNb-zFYaCE-deq1TG"
"judicael.saull@edu.tbz.ch"|"tNO0vP-A2MLXs-LjQ@Mw"
"selene.valentine@edu.tbz.ch"|"DcZAP4-3#hlly-Yg%kIT"
"verane.dunlap@edu.tbz.ch"|"w9&Nok-Rg1x5C-9eT1Ey"
"meline.kinnear@edu.tbz.ch"|"vy364D-BWiqqd-ULRuvg"
"lei.luttgert@edu.tbz.ch"|"mS6qr0-DpuH8h-KUKCA@"
"styrbjoern.lathleiffure@edu.tbz.ch"|"ADfG8b-Ueqlrk-0hp6Bg"
"marlene.blasi@edu.tbz.ch"|"1kqdyJ-#7I@di-GZ#Rf1"
"mai.begwell@edu.tbz.ch"|"gSo@9d-$qSRmU-u5ztzV"
"gwenaelle.kaines@edu.tbz.ch"|"55oE7A-3tA2pi-t9uwTC"
"gerald.adamthwaite@edu.tbz.ch"|"7QyUy9-ggZdC4-D97u7E"
"kui.hartfield@edu.tbz.ch"|"Kt#%Wm-@Vk9Mv-gcfVkp"
"salome.currao@edu.tbz.ch"|"xa3uV@-RKiDpP-w4mJms"
"angelique.tixier@edu.tbz.ch"|"u%ndhr-8PTTVy-t31KCL"
"ju.mcgragh@edu.tbz.ch"|"8U@jJZ-h2#wge-d$nO#%"
"dafnee.beachem@edu.tbz.ch"|"BFgox9-6k%fjc-KJb62i"
"creez.terlinden@edu.tbz.ch"|"VLBbeA-flCHld-gHHro$"
"uo.mcskeagan@edu.tbz.ch"|"vMaVxz-XytIE0-MQ%NT$"
"edmee.mccaughren@edu.tbz.ch"|"kzYUJS-fZ5WRw-X6LfQj"
"asloeg.cozby@edu.tbz.ch"|"Sffik@-$bcgSu-ecyQjl"
"melodie.traite@edu.tbz.ch"|"w&FZHi-wnmlMS-ifXIax"
"dorothee.aindriu@edu.tbz.ch"|"FDHWOD-aD#GOW-Fb9EWR"
"daniele.doley@edu.tbz.ch"|"S$8#OI-vwSWZP-nOxhcN"
"mediamass.fairclough@edu.tbz.ch"|"@%EnIi-mXyREj-QV2cAs"
"lorene.rainforth@edu.tbz.ch"|"rGeIbZ-QFf1lJ-zlz0$Z"
"leonore.eyer@edu.tbz.ch"|"jgHE9P-UI$SfK-x4UGzZ"
"po.spillman@edu.tbz.ch"|"xvNlhh-va7lO6-LPHAuP"
"cecilia.plitz@edu.tbz.ch"|"Ht21oS-2nRffV-90qRD5"
"lorene.ludlow@edu.tbz.ch"|"Lcn6Pe-m3rtjt-GgTV5E"
"berangere.neligan@edu.tbz.ch"|"Gf$g0c-FRpx1S-&#BbZ0"
"simplifies.huggan@edu.tbz.ch"|"uL3XRL-gpAJWX-&pVNQN"
"clelia.prandy@edu.tbz.ch"|"tcb7x8-ATLPPl-zBixin"
"ake.osban@edu.tbz.ch"|"QsjzNJ-7&0cWs-$KLKwX"
"cunegonde.brunn@edu.tbz.ch"|"SUDeHE-&HuYYM-NcT0xj"
"long.grizard@edu.tbz.ch"|"5&JP#B-nyNDik-%et5ml"
"meghane.diss@edu.tbz.ch"|"lZW4pj-5Nbwpq-DIKPlw"
"therese.oldman@edu.tbz.ch"|"vtq1TE-zWsY89-xnVItx"
"boerje.scamerdine@edu.tbz.ch"|"gySQq7-E@9XVf-yoWar5"
"du.saban@edu.tbz.ch"|"k931MI-T64iCd-20%3iy"
"hakan.clynmans@edu.tbz.ch"|"qkXhWN-rVK5lU-e1Oaux"
"wa.macdowal@edu.tbz.ch"|"TnR%tk-CcEYEX-UmbCrV"
"venus.hatrey@edu.tbz.ch"|"MrvhG4-eJtB&G-kxhzQs"
"anaelle.vispo@edu.tbz.ch"|"KA#RRx-RBXFFt-Tw06p#"
"mahelie.ollcott@edu.tbz.ch"|"6PJaVM-tS92#7-&NMYpk"
"mediamass.whyman@edu.tbz.ch"|"ZdWeQV-3WWEy1-vMKVd3"
"esbjoern.basson@edu.tbz.ch"|"O@LwZq-pr#WjK-YQQJuE"
"andrea.morrill@edu.tbz.ch"|"c6cReQ-Z28RB@-5S5vzc"
"melys.grassi@edu.tbz.ch"|"cOhmT9-8NQ$O&-cP&jPc"
"leone.poleye@edu.tbz.ch"|"iV0FjG-A4%j8b-tEPM11"
"francoise.penny@edu.tbz.ch"|"kUOb2x-KC2&%4-#@6GMY"
"rebecca.edney@edu.tbz.ch"|"MStRvp-SL&stN-ETDqSK"
"adelaide.murtagh@edu.tbz.ch"|"Stx6is-kFlTM9-gZz$4O"
"stevina.winterbourne@edu.tbz.ch"|"Q4GOpY-JdMlYl-AS62lj"
"ma.cottom@edu.tbz.ch"|"q9Fua4-1oH&D&-3wFRV7"
"tan.harold@edu.tbz.ch"|"kKPqT@-qpbSlc-ZxqxnT"
"venus.forte@edu.tbz.ch"|"MZNw@3-pIdnru-sb083w"
"almerinda.oluney@edu.tbz.ch"|"$B#bji-YfaVza-7mF6b%"
"cleopatre.brehault@edu.tbz.ch"|"6fZuaC-jFpt$u-c%q7oW"
"interessant.lapides@edu.tbz.ch"|"Spsoe5-%jTbpZ-IftK4t"
"reserves.hallatt@edu.tbz.ch"|"EAvr@y-&jj%In-w9jkr@"
"annotes.birdwhistle@edu.tbz.ch"|"5H#FqH-pR@&VJ-15SgiT"
"ai.dredge@edu.tbz.ch"|"%f&pxP-@ChrTZ-h8QKBk"
"megane.mussard@edu.tbz.ch"|"zwJgLl-ZYnjYe-R3wy4g"
"esbjoern.gowrich@edu.tbz.ch"|"BeeghX-koUEnP-CytBnU"
"boerje.brislawn@edu.tbz.ch"|"5sSuAN-Q681EC-QW2y1&"
"becassine.wilce@edu.tbz.ch"|"HLQn&3-txaCUQ-wzLiEZ"
"personnalisee.oels@edu.tbz.ch"|"hUc7yr-GT&VEO-ySpgSl"
"verane.pett@edu.tbz.ch"|"VN$Udq-%n6u&K-w8AtrN"
"marylene.glewe@edu.tbz.ch"|"YUC#LL-qkZ0x6-LnE35m"
"lai.elson@edu.tbz.ch"|"Ab99B5-hdJcbQ-Bdesk2"
"serena.difranceschi@edu.tbz.ch"|"V7#6x5-CCrMbH-urxJR5"
"lie.espinel@edu.tbz.ch"|"fZ%zzZ-&xse5%-xulT1x"
"marylene.fantini@edu.tbz.ch"|"Ongq%l-tkWXjr-hCtXz2"
"andre.archdeckne@edu.tbz.ch"|"#ZH6H6-Vr&#Be-lhPdOg"
"goeran.bohlingolsen@edu.tbz.ch"|"FNEJTh-eyQoxE-v5jqgh"
"cunegonde.heffer@edu.tbz.ch"|"cc9&N8-aarOuA-ZfOemQ"
"tan.fechnie@edu.tbz.ch"|"r$nb6G-r0Vt$p-KsmNvg"
"marie-noel.brammar@edu.tbz.ch"|"aOas@J-z8M$QP-eos8eF"
"simplifies.aven@edu.tbz.ch"|"Z2vx&4-DxxEcb-25hGLW"
"melys.pinchen@edu.tbz.ch"|"j03qnJ-Z&Kw9J-nxVwJY"
"edmee.joyner@edu.tbz.ch"|"hRpGsQ-wNVsP0-C%@5s4"
"berengere.edess@edu.tbz.ch"|"cWMPs9-iKDAcO-BLFo4h"
"marie-noel.goward@edu.tbz.ch"|"dFjKnb-jz1Uyv-4BxH20"
"ju.edmons@edu.tbz.ch"|"NinA8w-rl59AH-gFx7Y6"
"frederique.airds@edu.tbz.ch"|"EbbpKf-flhDVW-Bg%h$b"
"reserves.dauby@edu.tbz.ch"|"CGFvMH-MlYF%3-n0cc@Y"
"hakan.gynni@edu.tbz.ch"|"Piaxh6-PaJXbI-yN%%YR"
"leonore.pinwill@edu.tbz.ch"|"iI7aHh-H&w$$U-L0t3yj"
"marie-eve.mcallan@edu.tbz.ch"|"re7iHs-91ds2H-wxcEoJ"
"naelle.yeabsley@edu.tbz.ch"|"E&3b5O-j2Wc9o-rJj&zY"
"nelie.jacobovitz@edu.tbz.ch"|"A0tdLH-istsPr-0dtiuP"
"adele.conelly@edu.tbz.ch"|"tfFOVK-PKcw#Y-CUykqm"
"clementine.dondon@edu.tbz.ch"|"pfdLMA-uC&J3P-n7yPUt"
"zhi.willcot@edu.tbz.ch"|"p366Bf-6s8a&F-fE3Mj3"
"chloe.janicki@edu.tbz.ch"|"xkdnC7-m5Pwqh-%qPqG3"
"meng.linde@edu.tbz.ch"|"u8ioI8-@0tman-SPgGCa"
"celine.janisson@edu.tbz.ch"|"rXCRHP-uALpk2-v3j67e"
"clelia.crow@edu.tbz.ch"|"x@LCKt-VXHLPJ-KRof5&"
"cecile.pyott@edu.tbz.ch"|"N$O06%-2UxJTh-Fudmht"
"ma.fidelus@edu.tbz.ch"|"8VGwIL-RCUQPu-VQLlXT"
"marie-helene.poore@edu.tbz.ch"|"70h7z&-OfsArh-J&67QR"
"elies.blanket@edu.tbz.ch"|"ZGPZdN-XuoDG5-vyYNjm"
"yu.boyer@edu.tbz.ch"|"myYxfI-bMJRsV-NGs17E"
"celia.welds@edu.tbz.ch"|"FAEfPH-XzOzEr-QTLwUv"
"du.gunney@edu.tbz.ch"|"maum1s-emC5r8-5S&r7x"
"goerel.crush@edu.tbz.ch"|"mLNCt@-01zDzw-liKkPI"
"marie-josee.brosius@edu.tbz.ch"|"Y94sNy-UljFHQ-Qcy2bp"
"camelia.adds@edu.tbz.ch"|"o78mlB-HzM32L-i1Y&y1"
"anae.irwin@edu.tbz.ch"|"fxUX5N-d2$Uh#-JxzjsG"
"cleopatre.skeffington@edu.tbz.ch"|"i9Z1Vx-opY0E0-N1bPrN"
"gerald.suggate@edu.tbz.ch"|"2ZEw4p-lf&Aq3-eB3uPj"
"laurene.tailour@edu.tbz.ch"|"3xPAQW-XRrwll-#CDIK9"
"amelie.hoble@edu.tbz.ch"|"8RNU7X-A0F1OA-AYmf4C"
"venus.getch@edu.tbz.ch"|"5tng6t-qaOBj8-lGhh4x"
"renee.treby@edu.tbz.ch"|"&BduEW-0RMHGo-UYTTKZ"
"almerinda.stait@edu.tbz.ch"|"y0srHi-y#$eJ1-n91j@z"
"andree.reddecliffe@edu.tbz.ch"|"1l2f4b-KCBIOJ-b&YMKC"
"leone.wintle@edu.tbz.ch"|"DcPPN0-aIyDGQ-QLUw01"
"gerald.fellow@edu.tbz.ch"|"Vsleoe-l88z$V-jhfbRo"
"ju.gudger@edu.tbz.ch"|"7pM5by-W8Wc6t-1Wix$S"
"meng.ohaire@edu.tbz.ch"|"h5MOaB-$Z#K56-B5xPeE"
"cleopatre.missington@edu.tbz.ch"|"sHGtCQ-G%tG9A-MtNcZG"
"annotes.debruyn@edu.tbz.ch"|"L2&hkt-JJ4s$h-Xth08U"
"gerald.sinisbury@edu.tbz.ch"|"7ZmTAk-zN2s21-2stVrY"
"creez.slora@edu.tbz.ch"|"hXBLeV-msi%#a-XUiCJq"
"gisele.benbow@edu.tbz.ch"|"@34lns-nsqGvp-cPOcQD"
"pal.dossit@edu.tbz.ch"|"%K$eq9-Fh$@t0-2wvdPz"
"nelie.stirrip@edu.tbz.ch"|"1YZo1H-iVfPSH-tedp5C"
"alois.ocrigane@edu.tbz.ch"|"T%#5Mk-IwrHbp-Hy@sg8"
"kui.mcterry@edu.tbz.ch"|"evleK0-D%rl@J-ag7pdW"
"long.willgoss@edu.tbz.ch"|"GSOCCx-HTzo3b-Rzhrdv"
"francoise.sumpner@edu.tbz.ch"|"ZYg&Z3-RThh@a-bkukut"
"maely.grinstead@edu.tbz.ch"|"siThhA-@wkng6-cmktNh"
"creez.langeren@edu.tbz.ch"|"eJgwCq-wroTBJ-on#W4%"
"adele.dungate@edu.tbz.ch"|"nQKyPI-e&ld5A-X1%Eu%"
"cleopatre.noirel@edu.tbz.ch"|"kI2$UP-HRaqyw-kDiSNk"
"interessant.daverin@edu.tbz.ch"|"01nb0&-sFK21d-zYvpOq"
"naeva.kalderon@edu.tbz.ch"|"vj$gKP-gZluLX-%iFqGB"
"anais.oshesnan@edu.tbz.ch"|"PNKhsk-XiLVN#-e1ofRQ"
"judicael.anelay@edu.tbz.ch"|"SL6bba-I3kh%w-QkgmyV"
"eloise.braxton@edu.tbz.ch"|"mX1w65-atl$k8-6S9NnC"
"desiree.greguol@edu.tbz.ch"|"cqYuqP-WglDBF-ZVt131"
"maite.mcclenaghan@edu.tbz.ch"|"Qar&IZ-ETUqXk-3c7dJe"
"meng.doret@edu.tbz.ch"|"mFT@kx-JSE9iC-dnPA11"
"frederique.chippendale@edu.tbz.ch"|"8MyNuw-ZVZNBF-pDLchm"
"andreanne.lanney@edu.tbz.ch"|"JT5I9%-V#KGD6-gQJ5Zo"
"aurelie.claus@edu.tbz.ch"|"Z1a6v&-d#Me1K-Fg3DQ#"
"renee.pabel@edu.tbz.ch"|"7R%F%Q-de#vaH-tyvnSx"
"maena.roust@edu.tbz.ch"|"hTz7%s-HnbR0U-no4rAS"
"nadege.carwithim@edu.tbz.ch"|"Im0qlb-7S@#iA-TxZIUL"
"solene.geyton@edu.tbz.ch"|"f9x4NW-Bge3ci-&M@h9Q"
"dafnee.avraham@edu.tbz.ch"|"W$IhEU-%o1$X&-P5Bszp"
"leane.woolvin@edu.tbz.ch"|"&dGjLd-NWHqWz-F$BNNb"
"adele.macadie@edu.tbz.ch"|"%dRUn5-B%oObT-F5sxN9"
"meline.rubica@edu.tbz.ch"|"3uepsI-CAM0VN-P62S88"
"marie-noel.speeding@edu.tbz.ch"|"eH3IT@-w3Buuq-#6QAfo"
"nelie.mix@edu.tbz.ch"|"s8Yi1B-1HV3we-rW$sAg"
"clea.ollett@edu.tbz.ch"|"LGrUzt-eCS0#D-NbT5Ys"
"leandre.mcgavin@edu.tbz.ch"|"lomOKH-X5iPuV-WzmQb0"
"cecile.behne@edu.tbz.ch"|"axDWfn-hXlbs$-n4RlNd"
"melanie.polle@edu.tbz.ch"|"%Th3@O-4&hRlN-vw&0hC"
"marie-josee.titmuss@edu.tbz.ch"|"8TUHp&-pEIobb-vftJ#t"
"helena.guest@edu.tbz.ch"|"QvVrCd-Low%BA-lpzd5$"
"annotes.chicchetto@edu.tbz.ch"|"WlzGig-bbt%SZ-3N92t7"
"melia.tubb@edu.tbz.ch"|"07K&FF-IAOQuz-01vLlc"
"angelique.casetti@edu.tbz.ch"|"nou9ZX-u&4uCb-wCwb4o"
"cunegonde.cleall@edu.tbz.ch"|"lToC@%-5suFVo-ShhQdg"
"camelia.oaker@edu.tbz.ch"|"aztGF5-EHx1FN-j7VZ@C"
"you.searight@edu.tbz.ch"|"S5PhUW-vrGs@U-u0h@m7"
"kevina.dederick@edu.tbz.ch"|"d7#nHJ-GeV$NZ-qK4Y%w"
"milena.jeffrey@edu.tbz.ch"|"QUsB5g-QP9ptc-vkd0VD"
"melodie.barkshire@edu.tbz.ch"|"fhb%$G-M34q@F-Ca#Sy1"
"gaelle.kreutzer@edu.tbz.ch"|"ugakUW-d$RDOH-khW3Jq"
"kalliste.kleinpeltz@edu.tbz.ch"|"wMS0lO-2Ubt%g-ISm6VD"
"clementine.danat@edu.tbz.ch"|"AQgYf1-%Rh7qs-&EOKt7"
"andrea.wabb@edu.tbz.ch"|"4#4nzq-ZyrMrW-&rV9Un"
"geraldine.piesold@edu.tbz.ch"|"L@7qQW-5f4Fyl-jGbWIm"
"tan.fiveash@edu.tbz.ch"|"ze4ldF-Kg0hRI-Zpjf%o"
"meline.yuranovev@edu.tbz.ch"|"$DQmtJ-0YMpzI-0fp%N7"
"therese.holme@edu.tbz.ch"|"JdtiHI-mQB@jF-wwv7RR"
"salome.vaney@edu.tbz.ch"|"XfRxzf-sB$cu2-D29R6P"
"anae.abramson@edu.tbz.ch"|"Twz9E8-Fv5C6L-ZrvKLN"
"kalliste.jimson@edu.tbz.ch"|"PsGO16-T54j$w-8qY0E6"
"selene.yole@edu.tbz.ch"|"whNaRH-FEMLmo-D5sU9&"
"agnes.defraine@edu.tbz.ch"|"#%37bu-OEt9d1-4FC2YL"
"faites.mccluin@edu.tbz.ch"|"3I$aWt-vC61%8-VDYErW"
"athena.deme@edu.tbz.ch"|"rvbzGJ-ECCZQt-Nykask"
"daphnee.brigstock@edu.tbz.ch"|"R9PKsR-cxSA83-$BhvT6"
"goesta.skaif@edu.tbz.ch"|"4cwwym-Wn45wJ-puMrXq"
"oceane.jagoe@edu.tbz.ch"|"m5G4Io-FnELgm-rKg%W6"
"annotes.broomhall@edu.tbz.ch"|"#hf0f&-CyPV6R-qZHXJx"
"marie-eve.ballendine@edu.tbz.ch"|"4r7bEp-CzE7l7-plCwEP"
"melina.spykings@edu.tbz.ch"|"gYKraJ-sv@&cw-#YmCAC"
"laurene.ticehurst@edu.tbz.ch"|"tVBllR-@5pS@t-ILjune"
"fei.avramovic@edu.tbz.ch"|"7TrOux-BJhFM8-Fr9kxu"
"publicite.strathearn@edu.tbz.ch"|"@YsD4M-ztH5&%-X%j5t@"
"torbjoern.garrow@edu.tbz.ch"|"uMOCpe-8N3n8M-Y7n1sO"
"chloe.rubinsztein@edu.tbz.ch"|"@Kwk77-dBC1pA-%cwvmU"
"mylene.demanche@edu.tbz.ch"|"8BCGiX-efL6q@-9V#CDZ"
"mediamass.godlonton@edu.tbz.ch"|"HaMG4e-8k89Ng-ot5&OK"
"renee.shurrocks@edu.tbz.ch"|"3HpCnJ-yKxLjI-hx@kX0"
"maiwenn.jedras@edu.tbz.ch"|"Vu&BG1-Jm8bnz-g$OuEC"
"genevieve.castells@edu.tbz.ch"|"6u6Pcr-X3wVdu-a8ibnJ"
"renee.sneden@edu.tbz.ch"|"6iZYuD-aYFJAt-UpArIQ"
"lai.mccallion@edu.tbz.ch"|"wFj9M1-H8Y6OY-31aKNv"
"kevina.impleton@edu.tbz.ch"|"U9Cim6-LcQ%Dn-o7g%FP"
"oesten.fresson@edu.tbz.ch"|"L9KzrX-l%h@II-z%AwOU"
"verane.shawley@edu.tbz.ch"|"voHJFX-mojYir-xtQmT@"
"uo.sjostrom@edu.tbz.ch"|"SVHfvL-wpTNRO-a&oMMT"
"gisele.gothup@edu.tbz.ch"|"ahapA8-R%Q2pq-HaqE6$"
"renee.beauman@edu.tbz.ch"|"&#x1nR-EPCp5@-6EpqAd"
"elies.loton@edu.tbz.ch"|"4dvPEi-qIC7j$-LewSBd"
"valerie.elsmore@edu.tbz.ch"|"eJyNqZ-k57%Bw-xjLJ1t"
"berangere.delafeld@edu.tbz.ch"|"m70eYA-SkF3@E-k6on#&"
"bjoern.schimke@edu.tbz.ch"|"GLtpHr-crFVPh-qSJJCu"
"loic.ericssen@edu.tbz.ch"|"mAxoO&-soG#WT-hAdlM$"
"creez.richarz@edu.tbz.ch"|"l2QFE0-gMS8az-aV6DHW"
"athena.grocott@edu.tbz.ch"|"RUQ%I#-F#KBwD-&Mehxw"
"naelle.piotr@edu.tbz.ch"|"@85T9#-@iboi2-FxliZN"
"maella.paulson@edu.tbz.ch"|"rR#rN8-v54OW5-1Z@gzp"
"song.perot@edu.tbz.ch"|"OAIyN%-Z9gA0z-hCJGyc"
"kalliste.heckney@edu.tbz.ch"|"L#2yHI-Guj770-HtA7ZH"
"ake.vasyutkin@edu.tbz.ch"|"#&5O@i-oyKNZA-S9m2NO"
"ma.castles@edu.tbz.ch"|"RecvqZ-ANi37n-xGn5@B"
"maely.monget@edu.tbz.ch"|"8IphBc-4#a6Yh-yDcjsk"
"tang.durbridge@edu.tbz.ch"|"eZXE%h-dknMK7-RkviA1"
"laurene.andrew@edu.tbz.ch"|"SO6Axm-6F0uc5-HS$$y4"
"lysea.beacon@edu.tbz.ch"|"hFMVRg-@PyLpC-E9%RFu"
"leandre.peyntue@edu.tbz.ch"|"q$19p%-6mz&yZ-u18pVi"
"rao.trever@edu.tbz.ch"|"01LDcB-WtFa5y-Ex1HYQ"
"mahelie.streader@edu.tbz.ch"|"LPWaeB-Zgbqjy-x$KJC&"
"maerta.andrejevic@edu.tbz.ch"|"U2LISM-jfqh1G-CFos7W"
"goesta.tompkins@edu.tbz.ch"|"CQRFgI-9VxG5U-ElRAZU"
"helena.agates@edu.tbz.ch"|"u0P&G8-8uXCec-NgDD9x"
"therese.glass@edu.tbz.ch"|"dPdoZw-A5J5%%-PVxOk0"
"alois.foan@edu.tbz.ch"|"wEJkN2-j7jUNy-#xFcCL"
"becassine.melchior@edu.tbz.ch"|"DvU1WP-sT#tTJ-QQzyHO"
"cloe.robart@edu.tbz.ch"|"abUkKS-QijMPP-nKiYWf"
"daniele.puckinghorne@edu.tbz.ch"|"4%#x1o-rKH&NS-DDrVJi"
"selene.cammidge@edu.tbz.ch"|"2mu@Zj-4#TQpQ-OfpnPk"
"regine.conochie@edu.tbz.ch"|"oMCpUi-%c$JjC-uyOiRL"
"interessant.tuiller@edu.tbz.ch"|"EWSYq2-3jAP&k-B0h3dH"
"long.tiebe@edu.tbz.ch"|"9iHZbx-sZREsx-ww0Xb&"
"mans.yele@edu.tbz.ch"|"c5%35o-lblmDh-ruINiH"
"ai.giles@edu.tbz.ch"|"ePYx@V-NvERx9-GD@Ns@"
"gaetane.hamberston@edu.tbz.ch"|"Dya1mN-LN5Xju-kh62Cq"
"marylene.fenix@edu.tbz.ch"|"m6Na6v-A8mkZ4-ZZYZCS"
"geraldine.graeme@edu.tbz.ch"|"FOWgPU-i$NQA7-lg0vBe"
"tang.kinglake@edu.tbz.ch"|"JIbc%9-0dsmvX-inG0Fs"
"lai.challoner@edu.tbz.ch"|"cBz9L3-%phD2w-7@bgcO"
"desiree.mattei@edu.tbz.ch"|"AQDyZC-h3443d-iqMkPq"
"ake.erley@edu.tbz.ch"|"eR@uXt-4UQGPn-KlQ@Sd"
"edmee.cavil@edu.tbz.ch"|"sJtSgB-icv&vR-kNonC6"
"alois.moyes@edu.tbz.ch"|"eW4Dr%-2Me2Tj-pZFgK$"
"becassine.pitman@edu.tbz.ch"|"mTf80p-a$L7EH-JtychY"
"ai.giacovelli@edu.tbz.ch"|"CZ2k%v-3AOf@W-3ZyI1w"
"judicael.fruchter@edu.tbz.ch"|"e45#g9-ommYb&-8PRXZT"
"mans.mogg@edu.tbz.ch"|"Hdw1TD-EyHn#s-OpRo&t"
"gerald.foyle@edu.tbz.ch"|"$$uBjh-JJiMpy-J1@TrO"
"wa.androletti@edu.tbz.ch"|"cSgr#j-JZpIeH-41w54u"
"meng.ollett@edu.tbz.ch"|"hhvRde-JlzE%V-PSa9ic"
"naelle.macmenamy@edu.tbz.ch"|"ivCV3o-no%oFb-k8RB8E"
"gisele.mcramsey@edu.tbz.ch"|"QkZq2m-k@3xKD-p33Dwy"
"meryl.scolts@edu.tbz.ch"|"byxvR8-ezDq1O-IY#F0p"
"celia.bloxsome@edu.tbz.ch"|"VJaGx$-lPDgEi-$ibu0X"
"styrbjoern.stuke@edu.tbz.ch"|"6OwLTs-lBG3#Z-xa3JIl"
"felicie.gwilliam@edu.tbz.ch"|"GzHY63-L6Pi9W-LfCf1i"
"da.harms@edu.tbz.ch"|"hBuh1N-lLKmqA-MqCgnj"
"celestine.baulk@edu.tbz.ch"|"em7WcT-imFDrO-9csqHX"
"mahelie.blackledge@edu.tbz.ch"|"CYlxds-AxYKK%-ekhqDi"
"meghane.salt@edu.tbz.ch"|"wfvx%H-tp24qo-BJaqOk"
"methode.paxeford@edu.tbz.ch"|"ATTERR-8FemP#-hBZTlI"
"asloeg.milligan@edu.tbz.ch"|"McO$Mr-6#cG$$-9ggLAJ"
"you.pellman@edu.tbz.ch"|"Gn$eZK-HYPh@l-#3#N7T"
"loic.regenhardt@edu.tbz.ch"|"Mz@pR@-8QZFDQ-rU21TV"
"daniele.savill@edu.tbz.ch"|"r16aPk-tpYeKT-rd@gM6"
"alois.cornu@edu.tbz.ch"|"vx&VtB-9Prduz-#K4$MW"
"oesten.govey@edu.tbz.ch"|"gCXudx-fB5GcP-m8NQvk"
"marie-eve.louch@edu.tbz.ch"|"gbr#Sr-lW2hT8-JUGgn6"
"theresa.wenn@edu.tbz.ch"|"xWar@j-ye$bL3-ZFN3Qz"
"andree.eul@edu.tbz.ch"|"bgxia6-Xfw3Nb-U7sSKL"
"lie.paynton@edu.tbz.ch"|"$Mqfy9-ccmLpa-z9V8V@"
"marie-eve.girodier@edu.tbz.ch"|"fu2#%9-kQLOJP-bzwc$x"
"marie-noel.smithe@edu.tbz.ch"|"#CFGpb-Goh$3%-C02UOO"
"men.bootyman@edu.tbz.ch"|"UQBxbR-EaAhZ8-YiolYS"
"ku.sugg@edu.tbz.ch"|"hXhUjU-nuPBP1-gsclqz"
"lucrece.roseman@edu.tbz.ch"|"wrqdFx-oPezFV-bT6Iei"
"zoe.annear@edu.tbz.ch"|"4MD%oC-Dr5XHc-LuUno#"
"marie-helene.rennebach@edu.tbz.ch"|"ONPNfM-X&CH@E-n8k7YM"
"lea.djurdjevic@edu.tbz.ch"|"AR05EK-4hYga9-VQxE@Y"
"goerel.robert@edu.tbz.ch"|"KhJga5-xMMHh&-2alPfV"
"mylene.foldes@edu.tbz.ch"|"Ijr0TQ-o%3HBF-Hrv@WA"
"faites.clegg@edu.tbz.ch"|"ODRl7@-ile6HV-mBN9gn"
"marylene.crowcher@edu.tbz.ch"|"fVPYRc-MdXmKT-6#ylyp"
"aimee.wimpeney@edu.tbz.ch"|"Zqp%mM-3J&$kR-VE2PdX"
"renee.atkins@edu.tbz.ch"|"LuxMN7-pIqHdY-kv&dZ5"
"rejane.cainey@edu.tbz.ch"|"MQcfmo-y$g7zt-VNGA2E"
"solene.britney@edu.tbz.ch"|"rJEjqV-HBS8d%-VookB6"
"marten.shatliffe@edu.tbz.ch"|"9uAXk&-s%RWrA-3J4i#O"
"maite.issatt@edu.tbz.ch"|"x3g#6x-93EdOd-GC248r"
"maelyss.edon@edu.tbz.ch"|"pZHL0h-%b13Ei-0$EX6#"
"nuo.bamling@edu.tbz.ch"|"QQ3vzU-GbepAa-h1kRGr"
"anais.edards@edu.tbz.ch"|"3kne10-FRS140-h#An$P"
"mediamass.bromet@edu.tbz.ch"|"HCZYIq-Oxh396-hs6vyR"
"beatrice.kimbrey@edu.tbz.ch"|"8At5Kp-eHqD&Q-CQG@bC"
"ines.lawranson@edu.tbz.ch"|"feF@5P-p4Itv3-lhfg7x"
"kalliste.scandroot@edu.tbz.ch"|"w@Hxmg-GHjcx4-p5&JVr"
"mans.barrowcliffe@edu.tbz.ch"|"DxwLYo-DK$3OT-WF2hiL"
"irene.couves@edu.tbz.ch"|"yXVNOd-lMC3E3-w@9s2J"
"milena.mucci@edu.tbz.ch"|"uFE0dj-jNN%@K-KQ@RH@"
"naeva.cow@edu.tbz.ch"|"67gTwa-sGSfTa-EY51g0"
"audreanne.mournian@edu.tbz.ch"|"Z@8asn-Y8DYBN-3W$iPs"
"melia.sinnatt@edu.tbz.ch"|"BDDUwM-dI0K0a-KMepFd"
"nelie.burnard@edu.tbz.ch"|"aPt$vS-DT4g9$-eiqLon"
"clelia.ashfull@edu.tbz.ch"|"ZGSijY-u4MuD@-$qmySi"
"lie.macard@edu.tbz.ch"|"tM@#m2-blg$eZ-7CPPbR"
"valerie.matoshin@edu.tbz.ch"|"lrmvGR-lV$X6j-Drk#g5"
"anael.hatherleigh@edu.tbz.ch"|"O&FeJ$-%carFE-FYARE2"
"interessant.warratt@edu.tbz.ch"|"swoboZ-1fsdzf-vtLiaS"
"eleonore.volage@edu.tbz.ch"|"&yOOB6-CWWqf1-2O29@M"
"zoe.stebbing@edu.tbz.ch"|"7Fw36#-8WLofk-5T$ziY"
"alizee.nye@edu.tbz.ch"|"qBoSiy-r%mEzs-xxmZR@"
"celestine.bramley@edu.tbz.ch"|"YMfVJI-1dY4BG-ku5RMe"
"selene.philcott@edu.tbz.ch"|"#KsAML-JY3Mmz-hQe&AB"
"tang.newens@edu.tbz.ch"|"%A4NRq-ZGD6Me-W$s3Wt"
"annotes.powys@edu.tbz.ch"|"Xaj&7S-FI6Ayt-JI8#i7"
"lea.matthesius@edu.tbz.ch"|"W37ZdK-8Y&jkN-RqjsW$"
"illustree.garlett@edu.tbz.ch"|"yTn5O&-WKHvGI-VrxKIc"
"maiwenn.meachem@edu.tbz.ch"|"pZaxbP-B3dzRw-d@PPha"
"marie-francoise.mcbrady@edu.tbz.ch"|"n%s3yC-b%%u35-ZH9bZ&"
"illustree.gimbart@edu.tbz.ch"|"KM$%QD-gnqHx$-THvplg"
"melys.lyosik@edu.tbz.ch"|"ddI@iR-XSeI9x-d1eOuZ"
"marylene.mcnab@edu.tbz.ch"|"HufcF9-2@vNw3-YeC$Xn"
"gerald.blount@edu.tbz.ch"|"KhHM7H-&#Ae1j-hMiyZl"
"clelia.shakelade@edu.tbz.ch"|"gknx#Y-3PXBIX-Q@Lgpl"
"penelope.cridlin@edu.tbz.ch"|"arkIjW-#zVyDQ-V1dzQN"
"maena.okuddyhy@edu.tbz.ch"|"a3mjig-lOzE2Q-ShHwrM"
"athena.keynd@edu.tbz.ch"|"NWHpW2-GNAcyj-18kqfU"
"cloe.dwine@edu.tbz.ch"|"N9TBGZ-X5mMzF-7OkQJ0"
"josephine.browett@edu.tbz.ch"|"&2Y0CJ-ekW9VQ-kcBcwI"
"audreanne.oscanlon@edu.tbz.ch"|"G246A0-ZMMkFN-FBXv4F"
"fei.jeanequin@edu.tbz.ch"|"ogHYrj-lwalRE-kKXuhU"
"lois.gormally@edu.tbz.ch"|"KSU@Xj-h@96yY-h$R%O3"
"marie-francoise.finnigan@edu.tbz.ch"|"GwdVf&-#ZBjOX-Mfk5H3"
"leonore.trussman@edu.tbz.ch"|"wwCzOp-jZa%TH-R#asxH"
"anaelle.trumper@edu.tbz.ch"|"EF6aY3-NYNeOO-3Wshhu"
"clemence.dionis@edu.tbz.ch"|"kfJ6Ps-OJ0wys-QM7NXT"
"lois.tranmer@edu.tbz.ch"|"Plq@MP-&irBI$-iMAv2v"
"interessant.volett@edu.tbz.ch"|"Ai4sfZ-aU&F3$-EI3L$J"
"personnalisee.deackes@edu.tbz.ch"|"Bl6%B3-nefVCm-jaLIs5"
"lie.vasiliu@edu.tbz.ch"|"vlWinv-58$hZi-JcJepi"
"dafnee.lamputt@edu.tbz.ch"|"aqIpnV-m909Dw-r$BSM$"
"elies.bromige@edu.tbz.ch"|"9sPt78-s11Vcc-uBDAkw"
"helena.klosser@edu.tbz.ch"|"crwBX&-G#WURp-Hwg8Tf"
"andree.grim@edu.tbz.ch"|"%CMKHb-21SP#&-z9@zwD"
"verane.coldbath@edu.tbz.ch"|"xrc0j$-SMk9M%-@ksY7L"
"helena.bethell@edu.tbz.ch"|"bp6i#F-u1aTuF-MOX1yJ"
"kalliste.carefull@edu.tbz.ch"|"eFAnag-8h36AT-W9cR@N"
"regine.odams@edu.tbz.ch"|"rwuYvH-n2bMwa-50zGZj"
"len.stannus@edu.tbz.ch"|"1P#Q5Y-sZ$Uy%-k%b4$A"
"angelique.works@edu.tbz.ch"|"Ub@VTJ-N0RsKs-f8&MEq"
"goesta.rheaume@edu.tbz.ch"|"jq4brD-TAuYFp-oJO7IM"
"maelys.tynnan@edu.tbz.ch"|"ZkcNUp-i8d3yX-WwxPtV"
"maelle.carlesi@edu.tbz.ch"|"Tcp#vB-mQg5li-Ev1Qqy"
"anael.spurden@edu.tbz.ch"|"@pDcMk-ain1Kf-ZdjTbu"
"helene.pumfrett@edu.tbz.ch"|"pvee2#-MFMlr0-SOA3V$"
"goerel.pearn@edu.tbz.ch"|"3472HQ-JGWhtt-c1hxx1"
"laurelie.dezamora@edu.tbz.ch"|"Z6%bjs-swQmeH-rRH49s"
"yao.twidale@edu.tbz.ch"|"C@z&Ih-0IHoCO-7c8OxF"
"berengere.sola@edu.tbz.ch"|"kEHf%0-rzFXpF-NeuCf$"
"maelann.hardistry@edu.tbz.ch"|"o0ffTs-1zD7Eg-vsRo13"
"severine.littlefield@edu.tbz.ch"|"DCv480-A10zwz-jdiNqH"
"salome.heinl@edu.tbz.ch"|"icRGG%-4wr@my-5&rZLe"
"meryl.warbey@edu.tbz.ch"|"6wqwJw-TXo1X6-g6krux"
"da.hunstone@edu.tbz.ch"|"Etvuxg-XLsSkt-15W%Va"
"venus.broadbury@edu.tbz.ch"|"Ju&hO2-Mi%um$-K%q59L"
"meghane.rentelll@edu.tbz.ch"|"Bz6b%C-xt8cgZ-laY$s#"
"marylene.drewitt@edu.tbz.ch"|"o@i439-geYq@D-7gxs2m"
"melinda.jacquemet@edu.tbz.ch"|"OjvJpe-cQ9W1b-$MzfsK"
"marie-josee.keyden@edu.tbz.ch"|"8NF0B2-44Y%Jq-PMd$$&"
"asloeg.montacute@edu.tbz.ch"|"u@l3MF-Cej$oj-GlcWAy"
"ku.andreou@edu.tbz.ch"|"5$K#yq-LQheSE-3q&yRG"
"personnalisee.feaveer@edu.tbz.ch"|"Ywzaz9-tj3u3h-PaU2qi"
"laila.emptage@edu.tbz.ch"|"itz%8D-M51qcH-djYjNa"
"bjoern.dawdry@edu.tbz.ch"|"S2j77O-4yPizq-VyuQ&4"
"marie-eve.dinsell@edu.tbz.ch"|"Zgg%WV-T@LrBX-kfm7Lv"
"helene.follett@edu.tbz.ch"|"Qe1Dbo-lk@9Im-nHksx&"
"penelope.cordero@edu.tbz.ch"|"mGvLi@-6b34&y-EyC4vv"
"boerje.beedell@edu.tbz.ch"|"b25i0a-PX&2&R-Ax&j@I"
"nelie.ferne@edu.tbz.ch"|"COoDed-JBhjJH-rumqFm"
"celine.ahmed@edu.tbz.ch"|"ZNew3v-%qXGh0-L63aB5"
"stevina.pimblett@edu.tbz.ch"|"7Op$zU-HEnt0A-Xh%DIa"
"chloe.langlands@edu.tbz.ch"|"n7fW7C-H#iMrM-XEIwP6"
"simplifies.maude@edu.tbz.ch"|"4Qs6Y2-XvyvZQ-D%49tG"
"genevieve.decarteret@edu.tbz.ch"|"aNsw6m-6&vzCw-10AewK"
"marylene.mughal@edu.tbz.ch"|"2y@u7a-ZPNye@-MsyG52"
"goeran.guttridge@edu.tbz.ch"|"mUzS%5-cTEdtC-E8F&Ym"
"michele.smurfitt@edu.tbz.ch"|"flQk@7-%#q%z&-%pVP40"
"methode.hadeke@edu.tbz.ch"|"UwdJqR-J7FFxf-pUUnqu"
"therese.rispine@edu.tbz.ch"|"l$hWi%-tXgKlV-Mol7AV"
"goerel.plumley@edu.tbz.ch"|"cJsbsP-JFu4DL-OBo93d"
"oceane.friett@edu.tbz.ch"|"KmKNqZ-%&0YzA-bDMW$n"
"marie-noel.achromov@edu.tbz.ch"|"v%pebT-hxwtg0-bhUGEw"
"dorothee.storek@edu.tbz.ch"|"NNffKH-1czu9h-Zihdhh"
"goesta.whittle@edu.tbz.ch"|"VU8fpA-8vcNjy-#CRHfC"
"desiree.casely@edu.tbz.ch"|"GjV9$8-b6rAZP-4TCKs1"
"felicie.condon@edu.tbz.ch"|"9I6pwj-7AxnK1-samGZW"
"maelyss.frisdick@edu.tbz.ch"|"WWgCj@-Cqqda%-M1fWmv"
"aimee.banke@edu.tbz.ch"|"49mc@w-sCut%i-baJHk4"
"naeva.hodcroft@edu.tbz.ch"|"Jauz$V-I8jYol-9#d0wC"
"laila.gerrans@edu.tbz.ch"|"ipo9QH-na#zeD-m93vbq"
"daniele.scrimshire@edu.tbz.ch"|"5LJf@i-Hlkg6a-@I4jwR"
"daphnee.sheerin@edu.tbz.ch"|"iozlWw-GZbsfZ-uEcpbd"
"pal.vanyukov@edu.tbz.ch"|"Hhfdi0-Oj&8qs-3Qfh%Y"
"zoe.childs@edu.tbz.ch"|"YM&MNa-k&fzyt-zbj$N%"
"ai.corde@edu.tbz.ch"|"orQ0aK-Wxz&d&-f&fnom"
"maelys.berryann@edu.tbz.ch"|"P&iwO2-npbkA5-txYy@I"
"cloe.gladding@edu.tbz.ch"|"N1PRS5-JA2xxN-00mJP0"
"wa.kinnaird@edu.tbz.ch"|"Dy8xFc-NE0TKQ-rbyvrQ"
"publicite.brittoner@edu.tbz.ch"|"mM@ahZ-VmL%TQ-AF9gQk"
"rao.windress@edu.tbz.ch"|"RbwoKt-cRRmBY-gI35Pq"
"uo.kollach@edu.tbz.ch"|"v%BGFQ-R27PWL-cW4QsI"
"josee.peskett@edu.tbz.ch"|"AAQ4FG-tbYIhr-722TKl"
"annotee.hasel@edu.tbz.ch"|"Ce%SQp-DIunje-@HAt3X"
"cinema.lee@edu.tbz.ch"|"CdoaC5-tn5eCd-LkIrRN"
"lai.vedeshkin@edu.tbz.ch"|"HbkenR-Kg2k#a-Kpo@0N"
"renee.brisbane@edu.tbz.ch"|"xETex1-yWroi1-yAb8Uk"
"ophelie.blincoe@edu.tbz.ch"|"dT3TV%-VrR0vo-QrpBMp"
"zhi.prazor@edu.tbz.ch"|"D%MFQU-@QFlNs-xzqha5"
"annotee.maddicks@edu.tbz.ch"|"ZolBqw-KDUP3w-gQfE&t"
"maelyss.codd@edu.tbz.ch"|"m3&BD%-07kwu6-9tKylP"
"celia.peplay@edu.tbz.ch"|"H1X3US-kE$O@Y-y&i#Lt"
"interessant.skone@edu.tbz.ch"|"spPbhD-Wt9XkA-N3X#@d"
"audreanne.hebdon@edu.tbz.ch"|"JedTbl-WYG4MV-%Ctj7g"
"oceane.glen@edu.tbz.ch"|"l3kZfa-OOd%Np-k%dK5N"
"daniele.vanyushkin@edu.tbz.ch"|"CB&9nD-OPDONW-s@$fNZ"
"daphnee.ayce@edu.tbz.ch"|"HXwncT-@8fLTu-s31Ycb"
"andrea.attride@edu.tbz.ch"|"&ItMrb-jd#4%I-sB7mDz"
"penelope.bridgwood@edu.tbz.ch"|"ky@pFm-MNfute-Ygy0HB"
"mailis.drewitt@edu.tbz.ch"|"oWZi0z-tL$vZX-TnqNCV"
"penelope.mollene@edu.tbz.ch"|"7#zzh6-7RaNok-pAXqxg"
"illustree.keely@edu.tbz.ch"|"zHjMqd-#iEY38-Qo93I#"
"meng.brisseau@edu.tbz.ch"|"xy%j3S-NLqni2-Ffz2Yl"
"ruo.cleiment@edu.tbz.ch"|"gTU1vc-U6un6m-Iqni$i"
"maite.krammer@edu.tbz.ch"|"p3pwTe-UCcEvd-6nZHYq"
"genevieve.verry@edu.tbz.ch"|"#AKMo1-ckyUXX-c%fQOu"
"lea.olochan@edu.tbz.ch"|"4731H@-qkalL6-yuqYGN"
"naelle.brunnen@edu.tbz.ch"|"a3icaL-a@e6TC-1zIcwD"
"goesta.bragginton@edu.tbz.ch"|"HVA&tG-mbDtsO-2O0Cj#"
"fei.danilyuk@edu.tbz.ch"|"@S@@@e-Cs9SXv-WO#GgK"
"adelie.turbitt@edu.tbz.ch"|"Hdr1v8-LCKDMT-OplGFE"
"marylene.nutman@edu.tbz.ch"|"7qzmcw-wZHuAP-C95WGY"
"therese.barbrick@edu.tbz.ch"|"7%aH6N-2JhsfW-5DZZia"
"melys.kolodziej@edu.tbz.ch"|"p4Y@&2-pgNFUA-p#TzCV"
"melanie.runchman@edu.tbz.ch"|"x83%cf-lVmWiG-V3X01T"
"serena.lafond@edu.tbz.ch"|"79cU1$-q6Ku#q-dQodY2"
"pelagie.desmond@edu.tbz.ch"|"GvSfi5-o#y0T7-VDMc#r"
"wa.spickett@edu.tbz.ch"|"nh0EYo-Y3bnpE-Kn9@Pq"
"po.shave@edu.tbz.ch"|"xBVdm$-WzWVSf-lNQRdd"
"song.huikerby@edu.tbz.ch"|"Vp$qh4-GSFRfB-zf0v5Y"
"melinda.bimson@edu.tbz.ch"|"RpdoDH-TcxVKx-j%waL2"
"personnalisee.toffanelli@edu.tbz.ch"|"LLCB8u-P9VgFQ-s%Ep9n"
"leandre.hurn@edu.tbz.ch"|"%QTzzp-5ITtkp-RwTrAT"
"oesten.standell@edu.tbz.ch"|"Zv&NkG-1Y3Drz-I@t&4Y"
"naelle.smaleman@edu.tbz.ch"|"sXQ6q@-GQBDch-CJEDj#"
"berenice.tayt@edu.tbz.ch"|"jWUh#h-p#zLJP-Uga8AZ"
"kui.popplewell@edu.tbz.ch"|"zxRSZy-S$SxdQ-wJKgdF"
"melodie.ferandez@edu.tbz.ch"|"5vwwSU-RZLThP-16Dr@V"
"josee.negal@edu.tbz.ch"|"#uCz7s-2QOiMD-nPw7Cs"
"melissandre.ferrelli@edu.tbz.ch"|"7A9bfN-&wWE50-t1f#qx"
"josephine.kemmer@edu.tbz.ch"|"rXNYVe-pVtcLq-nt7Nv9"
"maely.cayette@edu.tbz.ch"|"qewE5C-24vK5a-S0XAO&"
"nelie.vela@edu.tbz.ch"|"sUd9vM-&blZDf-PFFocS"
"melina.cortes@edu.tbz.ch"|"n8a6xe-eLSV4h-N1akk&"
"megane.leyshon@edu.tbz.ch"|"03&IlT-ge8k0s-686$8I"
"regine.harrie@edu.tbz.ch"|"bjIK9d-GXuZwc-64daDe"
"mylene.widdison@edu.tbz.ch"|"AxYCQO-gLF4Ap-jPFEH2"
"pelagie.vivash@edu.tbz.ch"|"vCpBHf-4ak$i8-t189$a"
"styrbjoern.vicarey@edu.tbz.ch"|"cRI54H-Bxm$ds-71Vpw4"
"long.kyles@edu.tbz.ch"|"2kOwA$-VdSrl%-GQA15M"
"stephanie.gipps@edu.tbz.ch"|"jqDr1D-OY#jcB-g45Plz"
"clea.constantine@edu.tbz.ch"|"vzS5@T-9vsLHZ-@J6PIS"
"maella.cometto@edu.tbz.ch"|"qTkX6J-@cfaXD-auelq7"
"laila.aubrun@edu.tbz.ch"|"32KPNd-JGv5Jp-cn$jf1"
"yao.austins@edu.tbz.ch"|"5D9ikH-$qfBQL-%FcG7#"
"mailys.rylstone@edu.tbz.ch"|"Hv2eXq-3j4vt0-LWXrB5"
"adelie.curuclis@edu.tbz.ch"|"Ym6oip-em7KFr-rDRIaM"
"celine.longhurst@edu.tbz.ch"|"@%Up39-j#SNUB-tarSZk"
"gisele.hazell@edu.tbz.ch"|"b5htKv-lKNv7V-XgIlzq"
"celestine.ciccone@edu.tbz.ch"|"nYCswQ-5A8TQK-X5OHz0"
"maelyss.doole@edu.tbz.ch"|"nrM0YM-UnRUeX-u$op9F"
"helene.grimsdike@edu.tbz.ch"|"tCUpQ7-4Ruol9-q%b9$v"
"lie.macer@edu.tbz.ch"|"uQYhFt-buJD0v-258IMq"
"maely.izard@edu.tbz.ch"|"o3v$de-c@zBNG-rfPLET"
"erwei.breewood@edu.tbz.ch"|"pVzHFQ-bGTo00-1JqIFJ"
"chloe.woolford@edu.tbz.ch"|"DGHYGq-bTYomu-AMNGnx"
"cleopatre.turpin@edu.tbz.ch"|"9hCG6Q-72R$K0-hh88lH"
"melodie.surgison@edu.tbz.ch"|"tCXbDa-3bZ3f2-kPA&iK"
"elies.leander@edu.tbz.ch"|"rIdNHh-7VxtE9-aUuLRo"
"mediamass.reignould@edu.tbz.ch"|"BZ6YlI-JBZ6KI-1f#h7q"
"celestine.wasmuth@edu.tbz.ch"|"E3Buj3-GvsZdo-9TldLT"
"marten.jervis@edu.tbz.ch"|"viOaPs-KSHvnX-RxT$oh"
"daphnee.bour@edu.tbz.ch"|"UxPoPp-4FI9iy-qD9vKI"
"regine.harlett@edu.tbz.ch"|"&D5H0z-0p3j#D-ZLr#SR"
"noemie.macaskie@edu.tbz.ch"|"zFv9rf-DLIyTM-otF2tw"
"loic.renfield@edu.tbz.ch"|"cg#yCn-AI&IWI-w#cM4A"
"venus.kleinert@edu.tbz.ch"|"kDDaiN-&y%isH-H4zI&R"
"marten.burlay@edu.tbz.ch"|"k#QKSC-clG#RO-4L74BQ"
"berengere.radsdale@edu.tbz.ch"|"nUlfnB-B1@DHu-x0%szX"
"genevieve.duckit@edu.tbz.ch"|"sByMKQ-id%pdE-ZKh9#l"
"maely.ligerton@edu.tbz.ch"|"aHQya4-eySudB-7yYzHy"
"maeline.ricciardelli@edu.tbz.ch"|"G4vJYl-KjX6$o-3i#UuN"
"personnalisee.yggo@edu.tbz.ch"|"MASnnq-kuMU#&-PWTX1X"
"alizee.pettinger@edu.tbz.ch"|"d%IM56-nsdmm&-3Vid2m"
"desiree.curnnokk@edu.tbz.ch"|"C&&mC6-@#FXzc-RjZx&Y"
"dorothee.minors@edu.tbz.ch"|"&OnU8x-HB%Lke-UHDQ2U"
"oceanne.kopmann@edu.tbz.ch"|"mGgfEx-guJe35-R6BdTQ"
"almerinda.brodbin@edu.tbz.ch"|"E&ZZBU-I$23HZ-s933hy"
"yenora.carsberg@edu.tbz.ch"|"J#sg3C-%APX4X-97ZUJ5"
"wa.beetles@edu.tbz.ch"|"GEYRSM-opWjw#-K8o1YK"
"audreanne.abbot@edu.tbz.ch"|"AEsIZ%-GDuxpj-hcY$Bo"
"noemie.capper@edu.tbz.ch"|"EcbzYG-M8P4V@-@X2zbE"
"mans.abramamov@edu.tbz.ch"|"no&P@U-Up79$6-X&krj3"
"audreanne.blakey@edu.tbz.ch"|"VOLYXh-w$c50L-ijTuTS"
"leone.klimpke@edu.tbz.ch"|"HlfLFZ-NhCYsD-n#nI9R"
"lie.croston@edu.tbz.ch"|"85tbts-2nQTRT-FR2$5z"
"anaelle.baistow@edu.tbz.ch"|"MqcXHX-fIjNGj-8RhFd2"
"michele.garwood@edu.tbz.ch"|"B9CAZS-ZYOxbh-G82$4T"
"interessant.albion@edu.tbz.ch"|"9@FV%J-PcGKdG-rPRvFJ"
"andre.brisco@edu.tbz.ch"|"0VK9GS-SvF$uB-EAq6cp"
"tang.totterdill@edu.tbz.ch"|"DuJ&Zk-fKkWq9-hLdAP9"
"marie-josee.braundt@edu.tbz.ch"|"cAFzSM-4wvju6-Sg3g3Q"
"lois.galer@edu.tbz.ch"|"XuM01@-OOJM&s-L9BQ@Q"
"faites.pellamonuten@edu.tbz.ch"|"vL@XK2-Brj#UD-y8EPt$"
"mai.barfford@edu.tbz.ch"|"L&TP8m-bMmBYe-cLYnfe"
"laurene.macilory@edu.tbz.ch"|"TwlJ6N-hhuu$t-lllMeS"
"elea.peak@edu.tbz.ch"|"cD5NgA-h6mgDs-Z65r@W"
"rejane.doni@edu.tbz.ch"|"MTIGhG-lfbXU2-SwbpAa"
"mahelie.ector@edu.tbz.ch"|"UTsS91-D&TB2y-vgDgq&"
"rachele.allum@edu.tbz.ch"|"pFlcKZ-$B1MO4-ttnkEP"
"laila.gerretsen@edu.tbz.ch"|"rhPgew-WTm@Oj-WbiywS"
"ines.bowman@edu.tbz.ch"|"biD8hP-6pPluw-QPPO9B"
"publicite.barbary@edu.tbz.ch"|"%wrdwu-koIi%Q-dy1Szb"
"mailys.smooth@edu.tbz.ch"|"kkyB#A-%0JL3F-SJ6j$2"
"mailis.huguenet@edu.tbz.ch"|"$euxSk-n$O1D&-ULpIix"
"lea.ewer@edu.tbz.ch"|"fiC@Du-kTmXhA-Z3&xZU"
