"email"|"password"
"melodie.vandervlies@edu.tbz.ch"|"77SyM0-fUl4h7-86UI34"
"angele.edgecumbe@edu.tbz.ch"|"&jyK02-&z$Z#c-Vg48Eh"
"zhi.andreasson@edu.tbz.ch"|"GjxmI4-oob$#t-k@my4V"
"judicael.koppeck@edu.tbz.ch"|"AKNGj6-#QZb5W-jpZlTu"
"berengere.capron@edu.tbz.ch"|"ji2Zj#-%&hz0h-jPERa$"
"leonie.brosini@edu.tbz.ch"|"KLiEBb-4o2j2Z-g5EPtg"
"venus.garfit@edu.tbz.ch"|"49@qvl-FyOC$E-M71qb9"
"melina.janota@edu.tbz.ch"|"VtsMAm-w2kA6j-GfOxN$"
"laurene.bake@edu.tbz.ch"|"FRIpXX-G0IHZB-PeWVY5"
"regine.dorkins@edu.tbz.ch"|"3sHJZa-WwqQhp-6w0BLQ"
"cecile.moffet@edu.tbz.ch"|"jRyw5G-&CQqWe-BLef#s"
"maelann.labrone@edu.tbz.ch"|"RfRoYc-K2ScFA-m6O%rg"
"melinda.newbold@edu.tbz.ch"|"%%FeQW-FlOaI3-2JnNJk"
"mans.itzhak@edu.tbz.ch"|"xcj5wb-3CooiQ-M4Z@cp"
"melodie.pattlel@edu.tbz.ch"|"rs7Q8J-f1l2r@-lYW3f7"
"celine.bonett@edu.tbz.ch"|"6CRxVc-Zy0ba4-3H0K9z"
"adelie.mcgreal@edu.tbz.ch"|"VWm$u9-BwpD@c-53TPh%"
"helene.soldan@edu.tbz.ch"|"8gHL1N-#ksoR3-@1QAzP"
"michele.cluer@edu.tbz.ch"|"zVbHCe-Zy$C0V-#IF9Ow"
"maeline.mueller@edu.tbz.ch"|"VM8d70-HJ@sJD-SBr0Z1"
"maelann.benedito@edu.tbz.ch"|"oUflag-vjLziA-mQlC%c"
"nuo.gransden@edu.tbz.ch"|"ZpZvEO-Ij#Bf@-$YtGFX"
"berengere.stainton@edu.tbz.ch"|"nUpyA0-d1IDCc-aimhZt"
"wa.sabater@edu.tbz.ch"|"t#&1ij-uE0NdK-0TJJtW"
"anais.cochran@edu.tbz.ch"|"p18tSD-@gLPVW-$OiHvF"
"gerald.bessant@edu.tbz.ch"|"7DOceF-NPyAFH-D6YUXg"
"ruo.coffin@edu.tbz.ch"|"XIeh1b-p2iW1b-fFG%Gz"
"melodie.mustill@edu.tbz.ch"|"ncp10e-m0Locy-owzc$b"
"ruo.stanesby@edu.tbz.ch"|"VBz%PF-&lG@z4-n4mSum"
"noemie.antognelli@edu.tbz.ch"|"Yfu#dv-w1iZjv-obkjK9"
"maelann.hughson@edu.tbz.ch"|"Aw3%HI-fHkIYO-7gQ0x3"
"milena.mieville@edu.tbz.ch"|"lnvW0H-q5vAad-Xm$DKY"
"mailys.chamberlin@edu.tbz.ch"|"fTBAhX-YrR02%-sXyivh"
"nadege.tomalin@edu.tbz.ch"|"AnmGEG-ZITvBH-Uq5FeP"
"oceane.omara@edu.tbz.ch"|"ghy8T3-L8Wf1S-ap@wBC"
"cecile.aguirrezabala@edu.tbz.ch"|"uU2ETe-nxq0Ee-aN7bUF"
"maella.gwillim@edu.tbz.ch"|"#@N%kn-1x@MuK-7gjaE$"
"lea.mcgahey@edu.tbz.ch"|"GEJ7&m-PLsqBl-LKYcxy"
"laurene.hagerty@edu.tbz.ch"|"rLDCwd-sQQ4&X-5IVqbK"
"dorothee.link@edu.tbz.ch"|"60aT&&-mA#E&%-Nm5LD8"
"clementine.kynsey@edu.tbz.ch"|"du@oo%-dw%KIw-d48O#h"
"lorene.smitherman@edu.tbz.ch"|"%Z2qC$-Ac8GoZ-&vxZbK"
"cleopatre.klulicek@edu.tbz.ch"|"FB%T&X-r912y9-Y6Zw1D"
"laurene.castaneda@edu.tbz.ch"|"TaKXMd-4ElAKD-QK%yKy"
"melia.constant@edu.tbz.ch"|"6Tb6bg-Xy#nNR-SShiaX"
"lucrece.clunie@edu.tbz.ch"|"8sqH3s-npp1Bk-TMm3D$"
"eleonore.mcmurthy@edu.tbz.ch"|"GryL7Q-SuCn32-O9r4iv"
"melia.bevar@edu.tbz.ch"|"eLjYDJ-un&yZg-EkholV"
"camelia.bontine@edu.tbz.ch"|"GEF3Uo-lZ#AkD-&rbb3c"
"methode.jozefczak@edu.tbz.ch"|"ofl694-w0TYKW-tm48BM"
"audreanne.hinsche@edu.tbz.ch"|"RgdGQ&-&40Tpz-XgmLxU"
"andree.varne@edu.tbz.ch"|"&ZBZLB-fUgn$X-jn$B1Y"
"marten.kinleyside@edu.tbz.ch"|"sExnY6-$49wyN-UkEC3@"
"esteve.mcewan@edu.tbz.ch"|"&24fzr-vN2Dfr-rD6877"
"leane.dibbert@edu.tbz.ch"|"4eM6b6-Xu1ca#-63tQ95"
"ma.thewlis@edu.tbz.ch"|"jk5nQI-L7zwwo-967Rmw"
"clea.djurkovic@edu.tbz.ch"|"JvMAgy-V0Gi1M-Yj2@SF"
"rachele.reburn@edu.tbz.ch"|"csM1GF-lyOC9b-$#wRXW"
"gerald.gowling@edu.tbz.ch"|"dIq412-@seLlJ-9AWJ0z"
"cleopatre.jackson@edu.tbz.ch"|"XASSXT-Jx4n8h-yMADm6"
"desiree.haskins@edu.tbz.ch"|"8#r5Fn-6Dr%Y0-YZwtZL"
"eleonore.longson@edu.tbz.ch"|"GyOShE-BOybC$-OAXmF6"
"leane.dybell@edu.tbz.ch"|"vv2byk-R@ph9u-UYeYS9"
"becassine.grzesiak@edu.tbz.ch"|"bujyw5-DF@wXS-0AInVk"
"marie-josee.pickin@edu.tbz.ch"|"LpOa@t-vNkYlD-xAC6#G"
"marie-josee.roxby@edu.tbz.ch"|"xB6fQg-X2AbAU-ljssHT"
"leonie.feenan@edu.tbz.ch"|"OWpvMr-YyOWhd-b9J8df"
"valerie.ellum@edu.tbz.ch"|"O4BJlg-aUCDEY-gmH9am"
"ju.caseri@edu.tbz.ch"|"qw3jxa-53XZDt-lFHOym"
"boerje.strangman@edu.tbz.ch"|"SLpqys-5I2sbm-qpqmNZ"
"beatrice.ghidelli@edu.tbz.ch"|"Ayp7Hx-n9TRNJ-tHFzKJ"
"da.jablonski@edu.tbz.ch"|"W6afnE-FRKV09-zj$ubs"
"uo.beveridge@edu.tbz.ch"|"yCAA1o-a%jyAS-yHUGqx"
"valerie.bestman@edu.tbz.ch"|"0HpFp5-#3YoLA-Y#KNp6"
"marlene.pohls@edu.tbz.ch"|"gicBZJ-v7QUin-DJWWXW"
"ma.nolda@edu.tbz.ch"|"Heh2%p-rIML2J-XxrhnB"
"marlene.bisiker@edu.tbz.ch"|"8ANSXD-cT7%UI-v#uf4A"
"estee.babon@edu.tbz.ch"|"Zt5fB9-KC4GIv-ORSBda"
"simplifies.dmisek@edu.tbz.ch"|"6xS8m4-3&AtJ8-$Mrbf@"
"selene.ganing@edu.tbz.ch"|"8wh6$p-WB8miy-jVsaX5"
"meryl.penke@edu.tbz.ch"|"AXtjl%-%eTWSV-6u9nv0"
"anais.rawcliff@edu.tbz.ch"|"@nK5%Q-wDK19U-qUg5@G"
"melina.andri@edu.tbz.ch"|"MwjZCd-%gDAYj-1nxq29"
"audreanne.fodden@edu.tbz.ch"|"2J#mWq-TOOD&2-CRD%q%"
"bjoern.spellesy@edu.tbz.ch"|"F2&o8X-&QOSsT-L7OEo5"
"francoise.summerscales@edu.tbz.ch"|"CJKuvz-KwG5Qd-dHWjxb"
"laurene.ashtonhurst@edu.tbz.ch"|"YINsKO-xGg6Ji-AhqasR"
"valerie.petters@edu.tbz.ch"|"Yl5mW7-@5AflB-Nn&&mQ"
"anael.spenclay@edu.tbz.ch"|"gHul1Z-nlUD51-y@O%7X"
"stephanie.keech@edu.tbz.ch"|"uZ$bs8-2ysPm&-nDDuLD"
"ines.deveril@edu.tbz.ch"|"F&KkMq-kqNuTf-A7h0OD"
"berenice.gelder@edu.tbz.ch"|"s&e3@J-pnc3eV-eJb95@"
"melanie.ofogerty@edu.tbz.ch"|"LblnNS-HHNPQi-HLTRlR"
"frederique.canepe@edu.tbz.ch"|"sOeB6h-F5JQHc-Ff3dat"
"nuo.otton@edu.tbz.ch"|"3n9%1q-X4WSUm-wgHk90"
"genevieve.trusler@edu.tbz.ch"|"I1S$dm-zbJnMi-0DbzRu"
"ju.boag@edu.tbz.ch"|"Zr3iyq-RjeFkX-rdYCha"
"josephine.dilucia@edu.tbz.ch"|"8QpECw-RIbmyo-huD%Ft"
"laurene.armsden@edu.tbz.ch"|"Jo7Iuq-9DqZUN-vYdfRY"
"becassine.griffe@edu.tbz.ch"|"O%yENK-o65AtY-ipr2gQ"
"alois.parres@edu.tbz.ch"|"6AJuYm-Lx4lgr-$f#qrV"
"cleopatre.gaffey@edu.tbz.ch"|"yIJsCB-awv91W-NF8b$h"
"andre.stiger@edu.tbz.ch"|"JHBRnC-UP3mIn-Sy4IH4"
"beatrice.godleman@edu.tbz.ch"|"rw0i6C-gpUYN0-W9dV8J"
"hakan.harrhy@edu.tbz.ch"|"tnKSad-&zS1ky-vC1xny"
"celestine.dagnan@edu.tbz.ch"|"dk34iH-5P3Puw-wYQDJ4"
"clemence.haggart@edu.tbz.ch"|"h1Sji&-d2zDTa-M@NNMO"
"long.caban@edu.tbz.ch"|"kx45uZ-fztI5b-9LLZVn"
"gaetane.grimble@edu.tbz.ch"|"Xkb0cQ-bt1H3f-lnY%7#"
"maelann.piwall@edu.tbz.ch"|"cF8tpe-soTEhL-Inbtt@"
"magdalene.loble@edu.tbz.ch"|"a&du4b-XDgpYQ-@ejZJz"
"veronique.domaschke@edu.tbz.ch"|"YhTua8-6qaXiV-tUWAes"
"clea.herity@edu.tbz.ch"|"mCGwDx-pVTTP4-IK40xW"
"maelann.bambrough@edu.tbz.ch"|"f5roHC-yD&#WL-EpwMS%"
"clea.goulstone@edu.tbz.ch"|"w08ZfN-yfQVlM-EHxcYw"
"renee.deleek@edu.tbz.ch"|"op#wsu-e8clMH-fPhrBn"
"boerje.rudderham@edu.tbz.ch"|"s#s91L-@s6$zm-HOW@Cu"
"marylene.broune@edu.tbz.ch"|"1NAAeb-Mkr3&f-mm2QFR"
"nadege.mccuish@edu.tbz.ch"|"ioMEYx-GDpuxf-u&kBy6"
"anael.littleover@edu.tbz.ch"|"b5#llO-XTyN7l-0KD2#e"
"lie.baume@edu.tbz.ch"|"UewN4o-3AhOwD-f#ci@o"
"maella.murrow@edu.tbz.ch"|"7h2ePr-PHG1x4-b86G#e"
"cleopatre.pettifor@edu.tbz.ch"|"xa3Sal-#lspFB-%GqU@2"
"geraldine.asker@edu.tbz.ch"|"wq6U6a-QfwIac-fJNzfP"
"gaetane.smedmore@edu.tbz.ch"|"h4XlK6-X9ctKC-uCMqB%"
"meryl.blencoe@edu.tbz.ch"|"41IH7%-IWWiax-KR7$JA"
"aurelie.chastaing@edu.tbz.ch"|"JTM8vK-AIBYSA-Kn9dKi"
"oceanne.marthen@edu.tbz.ch"|"SSsYH@-DHEkY3-QVhi2H"
"dorothee.burrill@edu.tbz.ch"|"hoBv9m-gINGgA-olJgPG"
"hakan.belden@edu.tbz.ch"|"xMidvs-aqqv&Z-vk46bP"
"celine.brunning@edu.tbz.ch"|"RNSX99-ge4x8%-XdETNq"
"anael.lapides@edu.tbz.ch"|"yUbF9z-&Wbi8I-N8pSyE"
"ruo.saffran@edu.tbz.ch"|"UWpxw@-gIe13J-6dLn05"
"loic.gerretsen@edu.tbz.ch"|"xKi7la-H#8VER-DbjB6P"
"rui.fitzer@edu.tbz.ch"|"GKJNfP-gODJc9-$5i3rc"
"annotee.ogers@edu.tbz.ch"|"UekCzc-186x8&-QTcPcc"
"boerje.bindin@edu.tbz.ch"|"WXFdID-dD2isT-1DDqS3"
"ma.cronchey@edu.tbz.ch"|"XkQdTn-xvP&zc-cXc3Qh"
"laurelie.baiyle@edu.tbz.ch"|"dR1BVi-GLxem6-5nT0Ix"
"dorothee.older@edu.tbz.ch"|"2KL$24-C&1mIA-WxhzAm"
"laurena.wile@edu.tbz.ch"|"ElQfKy-O1xU8V-K9lkW2"
"clemence.brito@edu.tbz.ch"|"cyXVeH-Xoj3jW-1D$2ST"
"nadege.dallin@edu.tbz.ch"|"S3WeRd-#Nekol-#RTy@B"
"mailis.matley@edu.tbz.ch"|"x8WVxe-YX1c5V-JLUrRH"
"daniele.screaton@edu.tbz.ch"|"HFZyav-YxbgP9-#i%3iT"
"mediamass.godly@edu.tbz.ch"|"BNIp&I-KP44ri-CSRv13"
"leone.kremer@edu.tbz.ch"|"bj37mM-iF6aud-LDTXwI"
"asa.adrian@edu.tbz.ch"|"6ta#s#-DBqYaF-rRx$kx"
"adele.doley@edu.tbz.ch"|"yvI1le-F1tqBb-L04xo&"
"fei.sidney@edu.tbz.ch"|"vHmH7z-wEnZ3s-R3nvkA"
"marie-josee.walisiak@edu.tbz.ch"|"HN#5vG-IKPKSk-Cro%PO"
"desiree.diplock@edu.tbz.ch"|"qNdDEG-&$J%zL-suuwEx"
"gisele.schust@edu.tbz.ch"|"js3fft-V4ZLKp-$jGhSA"
"ma.longshaw@edu.tbz.ch"|"JyNvdO-N%C8pB-wZ8Z@Q"
"da.boother@edu.tbz.ch"|"VZc8Cc-BOnSPf-Ge7DhQ"
"simplifies.chaudhry@edu.tbz.ch"|"hyKgyZ-AFer$e-n0Sz49"
"garcon.baniard@edu.tbz.ch"|"JtPz&5-p2zP#B-4gsJDj"
"gaetane.elphee@edu.tbz.ch"|"#uM5vZ-RfmEu%-50CNNf"
"gisele.hassey@edu.tbz.ch"|"bT9qMr-0ZCE%I-kVSNW#"
"oceanne.booley@edu.tbz.ch"|"HOiWV0-8bnn4m-5fP&h2"
"oerjan.dibden@edu.tbz.ch"|"FePO8H-rvfvH7-di6gC1"
"regine.ocleary@edu.tbz.ch"|"GizWml-WQ1gql-GEx4ju"
"selene.persse@edu.tbz.ch"|"f%fwa9-QCPD8P-zV9Yk2"
"helena.adenot@edu.tbz.ch"|"vxpelj-&wyr@p-%NfwIy"
"maelann.wassung@edu.tbz.ch"|"pmQBV9-vXE&9q-fHKdM#"
"frederique.ackermann@edu.tbz.ch"|"hl6APE-Qq%@dQ-KyNSu8"
"audreanne.kahen@edu.tbz.ch"|"UZjFzo-Fis11X-%2azZw"
"maiwenn.lasty@edu.tbz.ch"|"oxsDh2-QqIN&t-WMLoPe"
"yu.dictus@edu.tbz.ch"|"TJEvJn-6YcY%O-UwCIzj"
"anae.dukes@edu.tbz.ch"|"A6mexZ-l$m53O-4$wHTw"
"yenora.warr@edu.tbz.ch"|"7bV3tp-3sq@KV-6Deu38"
"esbjoern.archibold@edu.tbz.ch"|"PECafF-sgz#E2-tDs$iG"
"milena.pardal@edu.tbz.ch"|"H#WVks-w$QeHt-jv@wc#"
"celestine.graveston@edu.tbz.ch"|"eR5zv$-7eI4ij-TJgkld"
"maena.dallas@edu.tbz.ch"|"7$YQJY-LeoaMn-LF$g9S"
"andree.tuke@edu.tbz.ch"|"HXCfNy-JKJad0-SrjHKM"
"methode.seldner@edu.tbz.ch"|"wR7rKd-$sF6#s-D&yIzE"
"venus.bullas@edu.tbz.ch"|"e&8xs7-hiTdDV-Nt@4zG"
"mans.aguirrezabal@edu.tbz.ch"|"dAaZLg-Gu3vDv-ECAx7%"
"gaelle.eadington@edu.tbz.ch"|"@mKHJ8-uAb5B7-J6Msuy"
"anaelle.falkner@edu.tbz.ch"|"7Z9eJn-VAWxrS-3@ZEgQ"
"ophelie.height@edu.tbz.ch"|"JxC6Pn-CMCynm-MzYz5G"
"marten.bolding@edu.tbz.ch"|"tY0rK0-QNEK4w-%G#C1d"
"pelagie.guswell@edu.tbz.ch"|"ouaJ2I-&V$NGl-ONIRvq"
"gwenaelle.lecount@edu.tbz.ch"|"eP&Lux-qf&iuS-Vb0oxx"
"hakan.laden@edu.tbz.ch"|"QypPYS-1FrXn8-a@41ud"
"marie-josee.hylands@edu.tbz.ch"|"fou&eS-znz2@s-A6P#kW"
"zoe.kingshott@edu.tbz.ch"|"nl2&R&-pvZle@-l41&aM"
"josee.janous@edu.tbz.ch"|"L08XbH-@BqNGC-e@#FOY"
"laurene.gallally@edu.tbz.ch"|"ISmEqN-%LUK42-dAL7@q"
"anael.bickle@edu.tbz.ch"|"UBjuxW-oL6kJA-6V@Oid"
"mediamass.lebbern@edu.tbz.ch"|"hu7N25-&uO3CF-V$6xnN"
"berengere.hovy@edu.tbz.ch"|"KQ$jAN-5pymWL-0E2k%M"
"oerjan.kilmurray@edu.tbz.ch"|"PHHhkf-@FohWt-yLPvG&"
"asloeg.venny@edu.tbz.ch"|"R79@mS-DGMXcK-xndI7F"
"marie-noel.stoad@edu.tbz.ch"|"&XXzV$-BDN4r$-WPsW5p"
"hakan.pettifor@edu.tbz.ch"|"5BXAVi-jwi$SL-&j$sMs"
"maella.willgrass@edu.tbz.ch"|"9SWzE8-oBSTvk-k$CRwR"
"therese.ludovici@edu.tbz.ch"|"QvD7%n-eF@akv-2d&a14"
"stephanie.trewhitt@edu.tbz.ch"|"#FEO7X-94vBS0-xyGzN7"
"maerta.bauduccio@edu.tbz.ch"|"JE9b5x-g7YfzL-6VW7Pj"
"gaetane.glaisner@edu.tbz.ch"|"SQfPlO-x8rFM8-4oUwjE"
"naeva.pargeter@edu.tbz.ch"|"ifYDm8-qdj3V#-wdUs7S"
"salome.venable@edu.tbz.ch"|"UH9b@v-1KtUVd-8#NbBv"
"boerje.thickett@edu.tbz.ch"|"@C%X73-dgu0I9-Jh0s&B"
"lucrece.prendergrass@edu.tbz.ch"|"zUPFF%-r7L4ih-BnJ9As"
"laurene.ockleshaw@edu.tbz.ch"|"pB4zu6-eqvA4X-%FYRNt"
"cecilia.pasticznyk@edu.tbz.ch"|"@YRNGL-y8BUAZ-Ny1x@g"
"stevina.mackey@edu.tbz.ch"|"l3gp4C-z6@CRy-fezx5z"
"marie-noel.reven@edu.tbz.ch"|"nqFuQI-x8N1VS-z5792m"
"melina.quilkin@edu.tbz.ch"|"Xyo&%m-gp$5vm-C07XV6"
"marie-noel.ferrie@edu.tbz.ch"|"yldgG6-1Tc@fX-soXOJ2"
"leone.alphege@edu.tbz.ch"|"k43EpE-cDa0t$-mWb2Ye"
"zoe.leverson@edu.tbz.ch"|"SCJgj7-VRyWep-Gd&8Sc"
"annotes.grayne@edu.tbz.ch"|"BKwj%m-h6BJ3h-cn0nj4"
"faites.lalley@edu.tbz.ch"|"VHbOik-kKXJSC-Z1H@nW"
"adele.wallis@edu.tbz.ch"|"bxMP4H-hs5juc-9464P$"
"severine.madill@edu.tbz.ch"|"n&7nVm-mJLUbU-kdlN$r"
"valerie.tebb@edu.tbz.ch"|"t7&$kN-4&1eJy-%s$TbV"
"kalliste.rasper@edu.tbz.ch"|"xAF@T2-Pgs1q4-4uM32T"
"audreanne.palomba@edu.tbz.ch"|"$jtt4A-p2xCHO-F4oX5C"
"elea.adamik@edu.tbz.ch"|"KoAFhZ-AFA4JQ-xserb#"
"reserves.jakuszewski@edu.tbz.ch"|"Y$aNDn-ra1N%I-SE72e3"
"athena.belhomme@edu.tbz.ch"|"lz8&wS-Zfu8tA-YC@Qp9"
"rebecca.crippin@edu.tbz.ch"|"WtsxGa-jbDl6L-SRtKrR"
"maiwenn.curman@edu.tbz.ch"|"khengA-OZBuuZ-6bT7By"
"andree.bunner@edu.tbz.ch"|"nZRuda-4ksv93-KN3cb4"
"ruo.winckles@edu.tbz.ch"|"6g83gO-ARMEPr-m1MSRj"
"naeva.buntine@edu.tbz.ch"|"gBUYgD-pxfpIh-#n3HUj"
"boerje.dollard@edu.tbz.ch"|"qysc3d-vgpoB9-ABd@Nt"
"penelope.gorman@edu.tbz.ch"|"zu3OGS-KIvEVp-EWvK1x"
"alois.robelin@edu.tbz.ch"|"&Q7Q5q-FGry9%-UFj&lK"
"anaelle.tindle@edu.tbz.ch"|"Cix%$W-a3LUgE-jHmAaP"
"ye.frears@edu.tbz.ch"|"vueGPB-ivVYh8-zYuk9u"
"andree.ovid@edu.tbz.ch"|"lpF&Lu-IB@p98-HA@9pq"
"hakan.peat@edu.tbz.ch"|"My3FhK-gBazy4-CjWnMX"
"andre.januszewski@edu.tbz.ch"|"GICjoY-bTjpVc-E&t0TD"
"annotes.clemmett@edu.tbz.ch"|"rC$JAu-IHnRg4-lP9HMl"
"pal.lambswood@edu.tbz.ch"|"zSicLX-06H5Uu-8ntmG&"
"yao.lenton@edu.tbz.ch"|"d8jErg-4kkUSl-7arJnS"
"hakan.boyton@edu.tbz.ch"|"nuy75W-L5@Ymz-nX3H2M"
"nelie.forsey@edu.tbz.ch"|"HK4qfO-HIbhWm-T67ZP$"
"hakan.horche@edu.tbz.ch"|"Qm0mx7-bCXhJQ-@nCH$O"
"lorene.sinkings@edu.tbz.ch"|"9u56oX-4jWFih-a4N$Fp"
"marie-therese.creddon@edu.tbz.ch"|"wRELAX-Lqyx#b-efOuux"
"berenice.tolworthy@edu.tbz.ch"|"#gUzxs-0gr&&E-AXMInJ"
"theresa.land@edu.tbz.ch"|"9OuXd#-fVx2kb-8Z65ab"
"marie-therese.gianilli@edu.tbz.ch"|"KRpfGH-Qnrt2p-xYjl$B"
"meryl.glew@edu.tbz.ch"|"m5RjEn-91NWop-5MgH2#"
"adele.debling@edu.tbz.ch"|"sQC&vs-pAY96o-ED8xAO"
"anae.metzke@edu.tbz.ch"|"zDvJJt-x%Xf4K-KsiRvm"
"gaetane.gooden@edu.tbz.ch"|"WsWukq-o@5vTi-ayqMSQ"
"laila.bootland@edu.tbz.ch"|"5Ftv0y-60h@kR-dTKTQy"
"maite.helsdon@edu.tbz.ch"|"Dd07pi-uTrLzZ-8ZFxDX"
"andree.malley@edu.tbz.ch"|"zf079C-R#gS5N-e1IpHc"
"pal.simmens@edu.tbz.ch"|"3#9ltB-rzth%c-RIDEaN"
"maelys.nuccitelli@edu.tbz.ch"|"s9oZCh-04GwbN-bCP@zE"
"dafnee.sibary@edu.tbz.ch"|"auFo&o-HuFk&8-pR4u47"
"alois.harsnep@edu.tbz.ch"|"eZH5Q6-AoTbPG-FjPnjs"
"marie-helene.lacky@edu.tbz.ch"|"$HHrzD-LkoIXI-FqEynB"
"mylene.youthed@edu.tbz.ch"|"Mk1Ta9-b%ylUT-WN0OUA"
"marie-helene.dehmel@edu.tbz.ch"|"8wP8Bz-dhVn5Y-LLH3#T"
"angele.batman@edu.tbz.ch"|"EmVaQq-66MlNF-SjXjQs"
"melia.younghusband@edu.tbz.ch"|"PP$yHg-lZ2lUT-Ot5wf#"
"eloise.baldi@edu.tbz.ch"|"WqSlWv-cP3GBd-thCUt%"
"illustree.dun@edu.tbz.ch"|"STV2Dr-vrxLtr-gH5e1p"
"genevieve.late@edu.tbz.ch"|"1sOKFf-6ANHJN-O$uVtC"
"celestine.colville@edu.tbz.ch"|"3W1LuH-4jujGm-@%j%Tq"
"gwenaelle.scarlon@edu.tbz.ch"|"jrrgeC-hnu5%Y-pLjbX4"
"regine.boddie@edu.tbz.ch"|"dQ8mVV-9BP2AA-VX2uXF"
"creez.gaughan@edu.tbz.ch"|"OIv9Lr-T@g8gV-@HWJPg"
"gaia.longford@edu.tbz.ch"|"mGUorE-uIobAk-V1kCXM"
"mailis.buckby@edu.tbz.ch"|"V20S1a-Hvlw$t-AAif3S"
"song.parbrook@edu.tbz.ch"|"2pZdwO-Dmj3hA-%1gqf6"
"frederique.heddan@edu.tbz.ch"|"MpaqqL-RWZpmk-bb&0wp"
"ake.kirtlan@edu.tbz.ch"|"g9UnRx-dy9lY7-1QeP@F"
"nelie.runciman@edu.tbz.ch"|"iNeDPg-#RxneQ-N2JQNZ"
"mailis.cardnell@edu.tbz.ch"|"jMlwSf-kSS#Py-vGSh9O"
"irene.navarro@edu.tbz.ch"|"zNHLCH-AJh398-AuIEf6"
"maite.cough@edu.tbz.ch"|"ffWbVa-qfI00d-04gVG8"
"anaelle.stocky@edu.tbz.ch"|"bdprEm-v6OXbP-0h@#48"
"methode.moulder@edu.tbz.ch"|"GXz1Di-the%OO-nBblPx"
"po.stafford@edu.tbz.ch"|"xsIvly-uy5RC2-3@tSLn"
"faites.scraggs@edu.tbz.ch"|"Eaxk6S-n21iGr-2Es4kK"
"adelaide.dullard@edu.tbz.ch"|"tCoMS#-%hcfTy-fKzTf9"
"desiree.leonard@edu.tbz.ch"|"%pq1lI-ZuWDez-mw5F6O"
"geraldine.badgers@edu.tbz.ch"|"nNy9Gx-@XPQ1n-tHRJey"
"ruo.masic@edu.tbz.ch"|"To3QTl-nlQlun-Yn8RWq"
"aurelie.lieber@edu.tbz.ch"|"0nVW5N-HqUN@0-yRbmnZ"
"naelle.balcock@edu.tbz.ch"|"KGeiLU-AMFzvQ-1CdIgK"
"camelia.elger@edu.tbz.ch"|"o1SB1v-5hfqni-6UEW08"
"publicite.oakeshott@edu.tbz.ch"|"X%i7pR-xfqwm1-VGA3jM"
"cleopatre.fawley@edu.tbz.ch"|"kEjjdR-Qk5bfK-kUeLOT"
"laurene.bruckmann@edu.tbz.ch"|"zv&jso-kbCV&u-%IXO0c"
"rui.haughton@edu.tbz.ch"|"ayQnkK-%33XYv-SV5XBm"
"asa.ladewig@edu.tbz.ch"|"yDE7Cu-#aBTCr-hyM#Yq"
"gisele.janecek@edu.tbz.ch"|"P%Rg3z-hPZXxr-zZwDr&"
"maily.loveridge@edu.tbz.ch"|"DSWfOl-hNltWa-WuHZxc"
"marie-eve.yurkiewicz@edu.tbz.ch"|"cYLn44-fkznj9-ASq9yP"
"fei.roder@edu.tbz.ch"|"H5UmtU-YX$4#N-9LCtzP"
"edmee.chatburn@edu.tbz.ch"|"0sNx4P-NzlzVz-IPu6j$"
"geraldine.darke@edu.tbz.ch"|"zj$pSD-eXZu#a-&GbgXQ"
"ye.jira@edu.tbz.ch"|"QVTuNv-niF7H4-o1OQo1"
"publicite.persent@edu.tbz.ch"|"qwi3BY-X2&27g-zn3wOD"
"severine.wilcox@edu.tbz.ch"|"SU#vx&-5qR8Sm-96k1Ax"
"yao.mcclaren@edu.tbz.ch"|"6ea6rB-yRCy$b-Z$rcSw"
"theresa.foynes@edu.tbz.ch"|"K2#R2Z-kvl5Ue-zmCvU@"
"stephanie.isley@edu.tbz.ch"|"S$BKag-H87FH9-9XzgQK"
"torbjoern.growy@edu.tbz.ch"|"X%y9AV-S#8VuE-Jv85aa"
"eloise.tunnadine@edu.tbz.ch"|"SUV#%r-4n0xmj-dUxtzw"
"maeline.cossentine@edu.tbz.ch"|"HgcIzg-FTxJl3-haySyc"
"nelie.desantos@edu.tbz.ch"|"xh0c@x-8oppi8-BHisSS"
"gaetane.axston@edu.tbz.ch"|"wkPJaL-P#b4YB-FFCON@"
"aimee.merman@edu.tbz.ch"|"NRnK$j-cLOXs&-MQucUp"
"oerjan.drivers@edu.tbz.ch"|"eBp7fn-Tr0xBO-KkVUIx"
"aimee.miroy@edu.tbz.ch"|"DhisOq-i3J6Ux-ygoMTT"
"nelie.glyde@edu.tbz.ch"|"wfR0tq-o#283P-BH#dqP"
"hakan.kapelhof@edu.tbz.ch"|"I@mfBM-QkMa0a-bIcmmn"
"maelyss.cauley@edu.tbz.ch"|"pmtIEZ-zz0$VB-hbQSFo"
"elea.vaggs@edu.tbz.ch"|"4R%&iv-817&S9-TNfp5J"
"maelys.but@edu.tbz.ch"|"Sdibs0-kyDIuc-MEd7tN"
"maella.arthurs@edu.tbz.ch"|"zmO5L%-cCSDeo-@B02Bl"
"adele.liebrecht@edu.tbz.ch"|"yG8vsl-aOS0Lv-85C96c"
"meline.lomasny@edu.tbz.ch"|"VytPhY-HUjFzD-%vhGz%"
"mediamass.schwant@edu.tbz.ch"|"UuDdr%-HpL$kD-z@A@5h"
"leone.saunt@edu.tbz.ch"|"mFKJd2-sFzBrp-8iVH$n"
"annotes.gouch@edu.tbz.ch"|"0LGk4D-VYESeU-SFxMUV"
"gaetane.bowich@edu.tbz.ch"|"d2MpCH-DaJbCD-POsGmh"
"alizee.strelitzki@edu.tbz.ch"|"CCKg$q-mqehll-grJw$F"
"leone.poile@edu.tbz.ch"|"gDx6dI-K&8MnH-ude#SA"
"amelie.saban@edu.tbz.ch"|"pAZlmW-@NBAal-pc2rRF"
"marten.mcmenamin@edu.tbz.ch"|"VLDhDs-KDG8wE-xuyp#H"
"becassine.keets@edu.tbz.ch"|"U&jQEn-2SyyZl-6QiaId"
"celine.million@edu.tbz.ch"|"sdBBMr-d%D5e#-2f$XTg"
"geraldine.belitz@edu.tbz.ch"|"HVhjvX-XdAFdO-231ic2"
"salome.mardling@edu.tbz.ch"|"nak@Df-@YbKeu-F&dZap"
"melia.blakemore@edu.tbz.ch"|"OI5Vai-gLGwzp-WLLtWb"
"dafnee.mcaulay@edu.tbz.ch"|"B37RTB-fx31jw-TeRcdr"
"garcon.dennett@edu.tbz.ch"|"9ai9sA-zKEato-qf8#Al"
"interessant.lesor@edu.tbz.ch"|"PeB%7y-myZgp#-PNZatj"
"annotee.wasbrough@edu.tbz.ch"|"O71F%9-kgVpQQ-vo97w&"
"asa.ibbeson@edu.tbz.ch"|"Iu$04N-k2XJRf-juHsDq"
"maily.kennealy@edu.tbz.ch"|"C880eJ-VIlf6M-%7Doh2"
"ye.seares@edu.tbz.ch"|"XU#iHH-oYSYz0-mG%1Gi"
"athena.harbron@edu.tbz.ch"|"igxtig-UWNo9C-deCtcV"
"andreanne.portail@edu.tbz.ch"|"VQR9Rl-lpesnP-A4x53E"
"goeran.zannelli@edu.tbz.ch"|"MWXVSh-1%xd%L-BixfCv"
"gerald.leathlay@edu.tbz.ch"|"0ZsuO%-yi9%b9-cELMIn"
"andreanne.chown@edu.tbz.ch"|"t8f1RH-%6ZwO1-Q1AKrC"
"esteve.clementel@edu.tbz.ch"|"jGlxBS-@1ElKy-&4rrlF"
"leone.legan@edu.tbz.ch"|"NLkkB2-HZL4#x-2g6HZ6"
"maena.pownall@edu.tbz.ch"|"ufSQnd-TU$UFt-2ga9Zr"
"andree.rettie@edu.tbz.ch"|"L6vLy5-Bzm90c-ciwwTF"
"ines.kenwrick@edu.tbz.ch"|"TIdY7#-u9PGDr-#XITH#"
"marie-helene.yarnall@edu.tbz.ch"|"hqwjIy-@YZmrX-6hFVCd"
"po.martin@edu.tbz.ch"|"nWNXRE-mlyP13-XjZJos"
"ruo.celiz@edu.tbz.ch"|"WX22HZ-6vQzsW-Z%4oCd"
"po.bissett@edu.tbz.ch"|"Wr14K3-4mLWCJ-BM6Otr"
"du.swindon@edu.tbz.ch"|"pPEHCY-CpN%P9-xi94V2"
"interessant.gouldthorp@edu.tbz.ch"|"kfEe1T-#mmp@%-wlS2SE"
"leandre.lilburn@edu.tbz.ch"|"k5x@0n-lxCF1j-Bs1C6w"
"bjoern.whales@edu.tbz.ch"|"BHSh&X-2@OU8w-%b&EIq"
"interessant.dieton@edu.tbz.ch"|"UN0Bc5-d4ULAt-aOgdzw"
"celestine.redhills@edu.tbz.ch"|"p7Okya-mtEX9y-L84SaL"
"tan.yakovlev@edu.tbz.ch"|"bE72V7-zM$Uk6-Ey&nGy"
"regine.mcdowell@edu.tbz.ch"|"WgheCG-pD3Oww-kJNcEk"
"ju.coysh@edu.tbz.ch"|"s8eDm3-%ySeVM-bbSg8Z"
"reserves.ofallon@edu.tbz.ch"|"l#qZx9-SSFETU-9fDrZN"
"frederique.sobey@edu.tbz.ch"|"hm6KHG-3Ah&@v-Wts3TT"
"marie-eve.garstang@edu.tbz.ch"|"QHzvb0-Gb1uh9-44jLk7"
"andre.tapin@edu.tbz.ch"|"Apf@n6-Xw1viR-h@Gner"
"esbjoern.eynon@edu.tbz.ch"|"aX15mG-MTKNBd-X#AZuv"
"maella.duffy@edu.tbz.ch"|"xEROWr-#oeyw9-Wa1ET6"
"leandre.twinning@edu.tbz.ch"|"N2%iV@-cSTS2Z-NF8@uj"
"mai.whittingham@edu.tbz.ch"|"$QbP@T-KpQ0M7-XcJU7z"
"rachele.shevelin@edu.tbz.ch"|"1yG7Gq-fP$fWG-tQXPFg"
"cecile.mcure@edu.tbz.ch"|"lvXMzV-3oz52l-ZMdnGs"
"marie-eve.yurkevich@edu.tbz.ch"|"Q2J5mF-EKmJoN-2Thw$J"
"almerinda.paice@edu.tbz.ch"|"KJXAwO-Q0ehmr-qFsJFF"
"rao.howkins@edu.tbz.ch"|"H8yJDm-kyw58j-jO%a3l"
"serena.pack@edu.tbz.ch"|"OePCAu-L@v4mI-1Qp@$B"
"rebecca.mant@edu.tbz.ch"|"MxEHI5-Kp8R0j-3lk@&2"
"reserves.spitell@edu.tbz.ch"|"u%g7am-0@u@gp-Nu72n6"
"garcon.hamfleet@edu.tbz.ch"|"Mqe%PQ-j3bFVs-h#&oaz"
"methode.kerkham@edu.tbz.ch"|"I2iAg9-pc40&8-HXLwEE"
"pelagie.camies@edu.tbz.ch"|"VVbAoV-iHYiCH-5l6WkR"
"josephine.macpharlain@edu.tbz.ch"|"J0hheF-u27EgP-Yu4LR1"
"eugenie.mathet@edu.tbz.ch"|"6ccyIA-jkaJ9V-wd0y25"
"gaetane.brangan@edu.tbz.ch"|"zjbeTh-N@U43S-sXvy0T"
"michele.dewbury@edu.tbz.ch"|"&iZ6t2-nMSEVV-P0bps2"
"eugenie.elcott@edu.tbz.ch"|"sXJNYL-E3CxA&-Xl5V1m"
"megane.harniman@edu.tbz.ch"|"LD2ajV-j5nIGR-SgL&ha"
"agnes.cluney@edu.tbz.ch"|"zmjW59-p58oDE-&NSCU#"
"marie-helene.angear@edu.tbz.ch"|"bseZh6-xnf7NL-rfoXvN"
"melia.dolphin@edu.tbz.ch"|"s8ukdF-nNseSB-rDmtTC"
"lois.ruseworth@edu.tbz.ch"|"5BS1RC-piK7qS-6xr@xF"
"mailys.ryding@edu.tbz.ch"|"srXTm@-r38Kt3-3F70zn"
"rachele.wulfinger@edu.tbz.ch"|"kxHjAW-NuSTcp-&FwYvX"
"gwenaelle.talton@edu.tbz.ch"|"D8DRyY-On#n7z-t0cGPr"
"long.ronchetti@edu.tbz.ch"|"FonpB$-5&ePG&-sJlOE$"
"styrbjoern.kloska@edu.tbz.ch"|"Cn6%V0-Sz%Jfo-BixcFg"
"len.sudran@edu.tbz.ch"|"04slCu-DcPc19-&hOwfi"
"maelle.andrysek@edu.tbz.ch"|"NEod%$-sqe2zV-R3XXj8"
"selene.senior@edu.tbz.ch"|"o0jN#a-KxBuiR-8sYMST"
"anais.joskovitch@edu.tbz.ch"|"LrdGj5-ej14pU-L0$syp"
"marie-noel.dally@edu.tbz.ch"|"lBFRv0-SUzQ5u-v6t8TI"
"marie-helene.laurence@edu.tbz.ch"|"iUvqDY-jigNSY-sEAN4K"
"camelia.foxon@edu.tbz.ch"|"$@z@vW-$q2Cb@-3ZOjKN"
"helene.cankett@edu.tbz.ch"|"N#4JLI-aBE2F#-yT$iHc"
"marten.mitchelson@edu.tbz.ch"|"moQpXe-dk#Fmr-bWSs4y"
"helena.stirtle@edu.tbz.ch"|"#4Rotj-hJECSR-UvAqsl"
"leane.barmby@edu.tbz.ch"|"#%k5M%-5PsH$I-lgVg$b"
"goeran.ofinan@edu.tbz.ch"|"pqnv3Z-ZfL5IK-&0KjbY"
"styrbjoern.proby@edu.tbz.ch"|"k@A4I@-qlIC6M-53b4cn"
"zoe.halse@edu.tbz.ch"|"x2mqZh-hoBD#v-CXtiYY"
"kui.drable@edu.tbz.ch"|"OnEzxk-SLZ3Af-KvbvH2"
"desiree.bamford@edu.tbz.ch"|"pgwtI4-afSDFQ-6r%JnO"
"zoe.suller@edu.tbz.ch"|"Ik9zqK-P5hBvo-M$7LY0"
"marylene.audiss@edu.tbz.ch"|"wpVjEy-7Rzo#t-&p92yD"
"adelaide.poznanski@edu.tbz.ch"|"siI&KJ-O3C@AO-gtfBF$"
"maella.coleyshaw@edu.tbz.ch"|"v@5yfO-Jk#iqb-wDino7"
"marie-francoise.gelder@edu.tbz.ch"|"r8oO3O-Hmtfhv-ajWkir"
"eleonore.chaffyn@edu.tbz.ch"|"ZKzqmB-PMZsmD-Y2$20b"
"celestine.sikorsky@edu.tbz.ch"|"zu4HWG-kG4fYy-t%aisV"
"stevina.londsdale@edu.tbz.ch"|"mgFxf#-1z@OZU-J$p5#h"
"maiwenn.nevitt@edu.tbz.ch"|"Xk#xf$-rBBJXN-8XGYaE"
"magdalene.gerrey@edu.tbz.ch"|"iT&lWo-qRYGq$-cbURGu"
"becassine.latimer@edu.tbz.ch"|"hTOsH6-KOQG4f-08QjOL"
"da.lethibridge@edu.tbz.ch"|"Z7uGWH-V7UfyV-EVTm%q"
"mailys.claige@edu.tbz.ch"|"Pw7Bgx-#oOFrf-36mcNY"
"maena.torbard@edu.tbz.ch"|"BzokD1-ACPCUZ-AkAcva"
"solene.lyvon@edu.tbz.ch"|"CABvxa-9X1XqF-BpM1KE"
"marie-therese.benbrick@edu.tbz.ch"|"8oZdMj-8$TJDe-KxIHuU"
"gerald.edmonson@edu.tbz.ch"|"2pxtHB-9zHn5w-PnzACV"
"ake.messruther@edu.tbz.ch"|"DC$nM@-BuVv87-$6gB7s"
"men.gosneye@edu.tbz.ch"|"yTxeRk-MppuN&-s7K26H"
"anais.jefferys@edu.tbz.ch"|"9NSXeZ-qkFA2c-3hI0A2"
"publicite.tregale@edu.tbz.ch"|"vXgc3c-132R%m-W5tIt#"
"maily.santorini@edu.tbz.ch"|"bUcjXS-NCDK64-VSXoqw"
"ines.pioch@edu.tbz.ch"|"y6RxVn-8qDfRj-uWfH2b"
"noemie.marklew@edu.tbz.ch"|"4ZApvj-oVHuJX-rzZ%$d"
"meghane.maccaffrey@edu.tbz.ch"|"j@FmSS-2IUD@5-E6IRT0"
"berangere.ambrogio@edu.tbz.ch"|"UPTkoo-AJfl6D-aA4xbP"
"mediamass.ryce@edu.tbz.ch"|"GURvt#-zChNB#-3LWAh4"
"oesten.ubank@edu.tbz.ch"|"3FXWf%-dIq#VC-vOG#so"
"melina.mackee@edu.tbz.ch"|"P9ZL&s-oGIeIe-m&sSpk"
"theresa.livezey@edu.tbz.ch"|"B&srCP-ziaOCy-l6&k&O"
"clemence.weal@edu.tbz.ch"|"UbU1D8-aDJht0-w#caC0"
"faites.overton@edu.tbz.ch"|"IlOHhb-OvEd2g-o%CS4D"
"clea.lindblad@edu.tbz.ch"|"skUKBJ-6RrH8u-jsgtyX"
"josephine.roseaman@edu.tbz.ch"|"GvrF$j-5An7gr-eFlDYV"
"oesten.lowbridge@edu.tbz.ch"|"YtJ2EU-IYAbNv-yf&Bg5"
"marie-josee.brion@edu.tbz.ch"|"Ac@d$y-$9PJih-Wl8QcC"
"therese.basili@edu.tbz.ch"|"0ZD6L9-rvShRq-S&aWdA"
"melia.vertigan@edu.tbz.ch"|"S$Vgwa-$S8qwb-jDge6V"
"judicael.saull@edu.tbz.ch"|"QqWPG1-#3zZ3T-skBWKO"
"selene.valentine@edu.tbz.ch"|"mjadIi-wX3KhL-vkwCL2"
"verane.dunlap@edu.tbz.ch"|"pJNl7F-c7yenf-Tfk%iv"
"meline.kinnear@edu.tbz.ch"|"p67QOS-7gts4$-UJ71Su"
"lei.luttgert@edu.tbz.ch"|"%Ab2Ky-nSYo#G-NWxki0"
"styrbjoern.lathleiffure@edu.tbz.ch"|"LObzPD-7c9LpP-lBkOOb"
"marlene.blasi@edu.tbz.ch"|"BP4i5U-$ZniOa-LVEdoS"
"mai.begwell@edu.tbz.ch"|"@sHAVk-eb7LJG-ANztfW"
"gwenaelle.kaines@edu.tbz.ch"|"s#tly%-RZo@6z-tG47rJ"
"gerald.adamthwaite@edu.tbz.ch"|"Q22A$#-TyOygL-AU3jmd"
"kui.hartfield@edu.tbz.ch"|"EZKOWK-VZ#yKh-%Pn7b2"
"salome.currao@edu.tbz.ch"|"MnIrFn-E5aVdG-GprF%O"
"angelique.tixier@edu.tbz.ch"|"N&QAdL-ba@gd7-Miz96O"
"ju.mcgragh@edu.tbz.ch"|"rQHiZ#-1MCxFt-#GAMda"
"dafnee.beachem@edu.tbz.ch"|"8fMgnS-O1QScj-&E9Zpw"
"creez.terlinden@edu.tbz.ch"|"e@CBPP-bxGzNp-W96N1O"
"uo.mcskeagan@edu.tbz.ch"|"GABivk-zb26LP-b4Nlwj"
"edmee.mccaughren@edu.tbz.ch"|"jb9bce-3tvFmk-Y9Dk$t"
"asloeg.cozby@edu.tbz.ch"|"M45fww-rMlwfP-#%DuWw"
"melodie.traite@edu.tbz.ch"|"mXREmp-qfA9I3-IIvFzn"
"dorothee.aindriu@edu.tbz.ch"|"jDmced-qszGtO-vZO6ip"
"daniele.doley@edu.tbz.ch"|"LO&iml-eTdgYf-463MEX"
"mediamass.fairclough@edu.tbz.ch"|"WB7XlG-%MA1aJ-OKnrcp"
"lorene.rainforth@edu.tbz.ch"|"z$C5u6-baKzja-7V0x0W"
"leonore.eyer@edu.tbz.ch"|"iA%WNF-e&Si&w-ORbJpj"
"po.spillman@edu.tbz.ch"|"s&VlDY-HKGA$8-plYn6l"
"cecilia.plitz@edu.tbz.ch"|"12eWuZ-c@hnq7-8X5IJT"
"lorene.ludlow@edu.tbz.ch"|"Ch8jeJ-r4Jzw6-cGg&IW"
"berangere.neligan@edu.tbz.ch"|"uEkm%d-Ok&bPp-b4Alj7"
"simplifies.huggan@edu.tbz.ch"|"3u58J&-egu&Lz-99zibe"
"clelia.prandy@edu.tbz.ch"|"qt777Q-PlExV1-WLxR3Z"
"ake.osban@edu.tbz.ch"|"8AS5kX-1iJXE9-Hrjvoi"
"cunegonde.brunn@edu.tbz.ch"|"Jz##0V-QsQfUS-0&92R1"
"long.grizard@edu.tbz.ch"|"3TV5re-&T6bcm-0LU%P1"
"meghane.diss@edu.tbz.ch"|"645uKq-JmLDmU-xbR7np"
"therese.oldman@edu.tbz.ch"|"76K$2o-Wq#0BT-7xc6$A"
"boerje.scamerdine@edu.tbz.ch"|"c@ipMQ-Fxsjz@-VWu6cf"
"du.saban@edu.tbz.ch"|"$XJgN&-BpMwaN-ikFuNk"
"hakan.clynmans@edu.tbz.ch"|"kgbETr-X7v6iJ-mBFCsg"
"wa.macdowal@edu.tbz.ch"|"joM$mh-KhFFnr-dVh5x9"
"venus.hatrey@edu.tbz.ch"|"DCgdzM-cKfkZT-7KABre"
"anaelle.vispo@edu.tbz.ch"|"b89BET-iwMLNK-UtPKwa"
"mahelie.ollcott@edu.tbz.ch"|"3qsE7J-Jh8pxX-l1srq7"
"mediamass.whyman@edu.tbz.ch"|"RTaDqk-VTmjbn-#rZWGm"
"esbjoern.basson@edu.tbz.ch"|"pQgUot-DwWOe4-i8yXnP"
"andrea.morrill@edu.tbz.ch"|"zNN1eq-4O@ouv-M&Pn7z"
"melys.grassi@edu.tbz.ch"|"%o8kT9-a3$41P-qDLOq&"
"leone.poleye@edu.tbz.ch"|"xVHHDd-V9GJNm-uO35cI"
"francoise.penny@edu.tbz.ch"|"Tk@@Ec-E3LT95-X%%jKr"
"rebecca.edney@edu.tbz.ch"|"dcQLoU-cJFcH%-guHmKk"
"adelaide.murtagh@edu.tbz.ch"|"kE2&#E-ywyHfb-$1W62c"
"stevina.winterbourne@edu.tbz.ch"|"gGHAwp-IUS4bA-tXfnxq"
"ma.cottom@edu.tbz.ch"|"Xs&p4W-v8J9RT-2$jJjU"
"tan.harold@edu.tbz.ch"|"#aY9E$-93BHza-7pG5#k"
"venus.forte@edu.tbz.ch"|"gegKyT-u0q4CQ-Mp8k#O"
"almerinda.oluney@edu.tbz.ch"|"xEz9OI-0%JjCW-5rkD#4"
"cleopatre.brehault@edu.tbz.ch"|"7#5VUs-Bvlemb-T&4lkD"
"interessant.lapides@edu.tbz.ch"|"Mf#ubZ-@S#Kov-c7SzA6"
"reserves.hallatt@edu.tbz.ch"|"sbx$AB-JhJhv&-bRWfyw"
"annotes.birdwhistle@edu.tbz.ch"|"g3h%q1-jAXOuO-QVV5vg"
"ai.dredge@edu.tbz.ch"|"AFhDu3-ntUDj$-rW5mpY"
"megane.mussard@edu.tbz.ch"|"8jfpv#-#u8NYP-e&yRZt"
"esbjoern.gowrich@edu.tbz.ch"|"nlw7&6-8AGfYd-2GYH$r"
"boerje.brislawn@edu.tbz.ch"|"tg2C&H-ytkggg-myMVJG"
"becassine.wilce@edu.tbz.ch"|"KD6nky-Cdh@Ni-isZ3Xa"
"personnalisee.oels@edu.tbz.ch"|"ghF#rG-VEYaNB-%bzZ42"
"verane.pett@edu.tbz.ch"|"%rUnvl-2FM$%7-bSbN4r"
"marylene.glewe@edu.tbz.ch"|"W5B2%H-Z%lWqo-m1tFwq"
"lai.elson@edu.tbz.ch"|"svWsCO-CmN$4m-UJ0ORY"
"serena.difranceschi@edu.tbz.ch"|"DiaRC@-2whTw6-8j8$ua"
"lie.espinel@edu.tbz.ch"|"%f3H@t-TPvEnr-KctfAn"
"marylene.fantini@edu.tbz.ch"|"epwYOW-KFamf&-umQwA2"
"andre.archdeckne@edu.tbz.ch"|"kTfEUF-gPLK$A-Zvh3eK"
"goeran.bohlingolsen@edu.tbz.ch"|"4CTWq%-DiOjrD-idmz56"
"cunegonde.heffer@edu.tbz.ch"|"LKnQaw-VPc@Ac-14#X#E"
"tan.fechnie@edu.tbz.ch"|"lRdm0c-IHlwQh-m2HCV$"
"marie-noel.brammar@edu.tbz.ch"|"ZVSvdN-X$5@bg-4ILJfw"
"simplifies.aven@edu.tbz.ch"|"gCYXh2-ZOkk8w-$sdOtP"
"melys.pinchen@edu.tbz.ch"|"017B4m-JqElJn-Eyyd&o"
"edmee.joyner@edu.tbz.ch"|"G&q0aC-z@dpk6-EWyrtJ"
"berengere.edess@edu.tbz.ch"|"T0XfYq-7RQVIa-1urElU"
"marie-noel.goward@edu.tbz.ch"|"FksE2Q-NVaxB6-HlS1hW"
"ju.edmons@edu.tbz.ch"|"Q77389-7QSePz-p9saja"
"frederique.airds@edu.tbz.ch"|"R1keIM-tc5@bO-rW0u@&"
"reserves.dauby@edu.tbz.ch"|"%%w$C8-fWdru8-8diw7l"
"hakan.gynni@edu.tbz.ch"|"1$lypl-PaWZaK-msPBnp"
"leonore.pinwill@edu.tbz.ch"|"SzPo9D-ADYV$u-4PNXj8"
"marie-eve.mcallan@edu.tbz.ch"|"OhtsEv-k3mlrO-1WVGI%"
"naelle.yeabsley@edu.tbz.ch"|"50D&ed-U9zb0U-yFgnMA"
"nelie.jacobovitz@edu.tbz.ch"|"lkuT#W-k1$Z9b-my4ndK"
"adele.conelly@edu.tbz.ch"|"#Booft-$KDezl-%D@k@X"
"clementine.dondon@edu.tbz.ch"|"8mf$Ig-rp$Ewz-Obzp91"
"zhi.willcot@edu.tbz.ch"|"4qXdKu-vJO9jy-glhujT"
"chloe.janicki@edu.tbz.ch"|"vm%JXq-ZaYQ3J-DPzIxG"
"meng.linde@edu.tbz.ch"|"mt&RTv-T13cn3-97T8Yo"
"celine.janisson@edu.tbz.ch"|"#YI2cc-msEh6K-m&o4XF"
"clelia.crow@edu.tbz.ch"|"eJu55t-BdIX0Y-ZolfH$"
"cecile.pyott@edu.tbz.ch"|"TZsBho-rzTW@g-C0S2Et"
"ma.fidelus@edu.tbz.ch"|"xHqYPO-YTaCj4-iUOIIf"
"marie-helene.poore@edu.tbz.ch"|"uhuNnZ-d1j6BK-rBSZn@"
"elies.blanket@edu.tbz.ch"|"P4v7jW-L4UWUP-APSFc@"
"yu.boyer@edu.tbz.ch"|"RT2FR9-QbDaS$-7ZPSmU"
"celia.welds@edu.tbz.ch"|"@gAbbH-pUOVVN-yOhh5n"
"du.gunney@edu.tbz.ch"|"UrchLu-PNV%rT-vAVh7s"
"goerel.crush@edu.tbz.ch"|"ZiISQa-eD58T5-@qamHH"
"marie-josee.brosius@edu.tbz.ch"|"bQSYcT-0RbS%7-3Hyo2b"
"camelia.adds@edu.tbz.ch"|"x@tfX2-gZotHf-tLoHeN"
"anae.irwin@edu.tbz.ch"|"h6os@&-kCgI3z-VZ0Ms5"
"cleopatre.skeffington@edu.tbz.ch"|"LU#3GC-gknZea-WJ#5%&"
"gerald.suggate@edu.tbz.ch"|"vrGS#H-6wBC1u-kHekVW"
"laurene.tailour@edu.tbz.ch"|"zN9Pu1-7e3$5Q-muxNA8"
"amelie.hoble@edu.tbz.ch"|"7rtASI-%TeHn$-sQr76m"
"venus.getch@edu.tbz.ch"|"D3MGce-Ul4exT-&IMGu6"
"renee.treby@edu.tbz.ch"|"EgeJAJ-5JWdJ3-KmNivV"
"almerinda.stait@edu.tbz.ch"|"D8lhZu-3aGvjo-ovaSJu"
"andree.reddecliffe@edu.tbz.ch"|"MCp@yo-iRHQ4i-9rGSGS"
"leone.wintle@edu.tbz.ch"|"6nU6xi-DbOM%y-7fCt@h"
"gerald.fellow@edu.tbz.ch"|"d$Gc&W-SUBbpY-Gd@q20"
"ju.gudger@edu.tbz.ch"|"E37bhQ-Tm@t99-IDdeEI"
"meng.ohaire@edu.tbz.ch"|"87ANpK-Tx4vnF-SOz#Cl"
"cleopatre.missington@edu.tbz.ch"|"mm9SQB-@UOzWz-h2@EfG"
"annotes.debruyn@edu.tbz.ch"|"TSWpBt-rHsAzn-fgZ8F9"
"gerald.sinisbury@edu.tbz.ch"|"K772t5-sOUBNL-F69JeW"
"creez.slora@edu.tbz.ch"|"1Hz8ww-Dq&Z79-d5giMq"
"gisele.benbow@edu.tbz.ch"|"tZAtQX-Xo1kKu-HxdKTs"
"pal.dossit@edu.tbz.ch"|"T94rEe-EIpr0o-U&Ea0X"
"nelie.stirrip@edu.tbz.ch"|"Nkvb8F-hIIYcJ-UrGkfX"
"alois.ocrigane@edu.tbz.ch"|"wCX8vn-Vi9QP@-xVQLH0"
"kui.mcterry@edu.tbz.ch"|"6eOHPj-Nobj&#-bJ0%7H"
"long.willgoss@edu.tbz.ch"|"IoQOm5-OEEpsg-I%PX1Q"
"francoise.sumpner@edu.tbz.ch"|"1e2SrE-gUTI3y-euKcoT"
"maely.grinstead@edu.tbz.ch"|"RC$Oaa-O7ZqVV-4FuA@I"
"creez.langeren@edu.tbz.ch"|"tnPj2Q-6KPk#s-Ww0cEI"
"adele.dungate@edu.tbz.ch"|"SG4nVx-LjSR#K-&CH5ND"
"cleopatre.noirel@edu.tbz.ch"|"pRS5Ah-0t8sYQ-CKZNrr"
"interessant.daverin@edu.tbz.ch"|"enI7fw-rbQ8l#-#DK4j8"
"naeva.kalderon@edu.tbz.ch"|"NzeZJR-Uca%@Z-tl@dkd"
"anais.oshesnan@edu.tbz.ch"|"7lR$st-23LTZd-8QOTIQ"
"judicael.anelay@edu.tbz.ch"|"pgVWWB-dyLqy#-#iCoJC"
"eloise.braxton@edu.tbz.ch"|"XyzAnO-&Vl6Fi-Oc0u1X"
"desiree.greguol@edu.tbz.ch"|"tUU50B-qXgJRx-YMu@bk"
"maite.mcclenaghan@edu.tbz.ch"|"mPdBhv-%GNUWw-U9vgWa"
"meng.doret@edu.tbz.ch"|"rgwNu$-aGxLcK-vF04bU"
"frederique.chippendale@edu.tbz.ch"|"1bK3KI-Q5Ag$9-ELp@71"
"andreanne.lanney@edu.tbz.ch"|"$@Z&ef-ygrADY-yqLMjk"
"aurelie.claus@edu.tbz.ch"|"tWoors-0##K72-kz2RLI"
"renee.pabel@edu.tbz.ch"|"71@Mvj-rr6Z@6-8%1$Pt"
"maena.roust@edu.tbz.ch"|"wYrcQw-8krc$p-$2Fjy$"
"nadege.carwithim@edu.tbz.ch"|"Fs9aiK-ms7e@P-pzdpOe"
"solene.geyton@edu.tbz.ch"|"%#Wwyj-#WqRi&-nYf27#"
"dafnee.avraham@edu.tbz.ch"|"DCgqiN-6@#elZ-flMAKf"
"leane.woolvin@edu.tbz.ch"|"oIzH4$-p9k&UR-bJT1Q7"
"adele.macadie@edu.tbz.ch"|"qzjlZm-senYLN-rZX5e4"
"meline.rubica@edu.tbz.ch"|"kZ9rxe-7o#JcY-ROFkIw"
"marie-noel.speeding@edu.tbz.ch"|"n#$ltm-PA300m-Klible"
"nelie.mix@edu.tbz.ch"|"t3@2B2-jJlYIm-W0u&jF"
"clea.ollett@edu.tbz.ch"|"e%2i9I-ZMlz&h-&cKyhw"
"leandre.mcgavin@edu.tbz.ch"|"Gq8$81-ntUXlx-Vri2CZ"
"cecile.behne@edu.tbz.ch"|"h2JHYb-X%uf5Y-@ikH1K"
"melanie.polle@edu.tbz.ch"|"z8KaMJ-F0n4W&-0v26Bm"
"marie-josee.titmuss@edu.tbz.ch"|"MBmAGP-6A2Qcp-MMS$@q"
"helena.guest@edu.tbz.ch"|"EFZ@jm-CSEazs-xd06VJ"
"annotes.chicchetto@edu.tbz.ch"|"OTcQ6U-W2HM7U-11XBeM"
"melia.tubb@edu.tbz.ch"|"LlCkzN-pLlQF2-CJ6Sk0"
"angelique.casetti@edu.tbz.ch"|"u3ojlq-Nw%aJo-sw$YN3"
"cunegonde.cleall@edu.tbz.ch"|"U0SlDs-96Uqs1-QCeFMk"
"camelia.oaker@edu.tbz.ch"|"g6EZHl-saXBkh-2HBLb#"
"you.searight@edu.tbz.ch"|"#RUq&t-CMIdV#-GHkqAp"
"kevina.dederick@edu.tbz.ch"|"DxbYi%-hf00KX-8UT@NL"
"milena.jeffrey@edu.tbz.ch"|"edbRVw-aCaMVj-Or5XJ0"
"melodie.barkshire@edu.tbz.ch"|"juaMs4-2jYu#x-dnVCaN"
"gaelle.kreutzer@edu.tbz.ch"|"$H45Wp-iHrmzD-kVBg2x"
"kalliste.kleinpeltz@edu.tbz.ch"|"1dmT$Q-G1we4N-XfUljJ"
"clementine.danat@edu.tbz.ch"|"VQx%WW-VBICLa-zhQeBf"
"andrea.wabb@edu.tbz.ch"|"hyMYs4-Pu1T1j-BZQFD0"
"geraldine.piesold@edu.tbz.ch"|"M3sqz0-RrIeQY-o202$n"
"tan.fiveash@edu.tbz.ch"|"eXtus5-rn5aXi-YeKURl"
"meline.yuranovev@edu.tbz.ch"|"iaRj72-02TUjK-CDF#uK"
"therese.holme@edu.tbz.ch"|"6ix$3W-wxj5eX-E@Ta&h"
"salome.vaney@edu.tbz.ch"|"j4th2b-XFELlM-jOOV1%"
"anae.abramson@edu.tbz.ch"|"VALQO8-BinNPy-txe75Q"
"kalliste.jimson@edu.tbz.ch"|"Fd%y$z-3Bj46a-QeK9Aw"
"selene.yole@edu.tbz.ch"|"f#$Rc7-Qd@1s8-BicRm2"
"agnes.defraine@edu.tbz.ch"|"ywrMyE-ktuJzO-LJPzFX"
"faites.mccluin@edu.tbz.ch"|"zEAkm3-tHZqOx-cPDrRv"
"athena.deme@edu.tbz.ch"|"Rj9oz8-o0rhXP-CJ84dL"
"daphnee.brigstock@edu.tbz.ch"|"I#M#pJ-DG%6M6-4Mrn@P"
"goesta.skaif@edu.tbz.ch"|"DzpAAF-vn9mir-D3ecZJ"
"oceane.jagoe@edu.tbz.ch"|"K1qoB#-0&GkC3-TMhPar"
"annotes.broomhall@edu.tbz.ch"|"UyZykg-$XEWK$-Q24kA#"
"marie-eve.ballendine@edu.tbz.ch"|"5VIl4g-qHG6gx-5tg#U6"
"melina.spykings@edu.tbz.ch"|"p9huFt-rR5%KX-P&ig%l"
"laurene.ticehurst@edu.tbz.ch"|"l&vS6A-yq@DH7-ox3K&2"
"fei.avramovic@edu.tbz.ch"|"NAQ5Fc-koOlLq-%jAR2P"
"publicite.strathearn@edu.tbz.ch"|"6Mpe&o-3Tw3XY-TaKw1r"
"torbjoern.garrow@edu.tbz.ch"|"6i%oW&-LGbXTJ-ZVU&G2"
"chloe.rubinsztein@edu.tbz.ch"|"G9&9%w-z3bXt4-g0HfX$"
"mylene.demanche@edu.tbz.ch"|"PAO#iS-RPQ8eL-1ZhMJ2"
"mediamass.godlonton@edu.tbz.ch"|"uNBa$6-COb9P&-o%qRUN"
"renee.shurrocks@edu.tbz.ch"|"2oN$WC-vcFyBJ-xksXzW"
"maiwenn.jedras@edu.tbz.ch"|"QwcEXS-lob@$z-qi7zWF"
"genevieve.castells@edu.tbz.ch"|"U#TYax-FeFDh$-2Ra8ww"
"renee.sneden@edu.tbz.ch"|"&S2LtJ-3tByvj-mE61vg"
"lai.mccallion@edu.tbz.ch"|"$ShTRC-%psP&T-XtMPLr"
"kevina.impleton@edu.tbz.ch"|"JkSRj%-&eGJpd-yhBla7"
"oesten.fresson@edu.tbz.ch"|"3#bfX4-wxwmca-HvYZYG"
"verane.shawley@edu.tbz.ch"|"KTfmcR-SH$Pff-u$mv#k"
"uo.sjostrom@edu.tbz.ch"|"$krK$9-%rPT#q-FfLq%U"
"gisele.gothup@edu.tbz.ch"|"V5Q24Q-ETyCHl-&fAcos"
"renee.beauman@edu.tbz.ch"|"RCAc3l-FtOEr7-4219l0"
"elies.loton@edu.tbz.ch"|"LJrnik-Cpdd8b-AeWv3s"
"valerie.elsmore@edu.tbz.ch"|"NN#1TB-297I5p-std00E"
"berangere.delafeld@edu.tbz.ch"|"zCwff#-JCUNbi-UGn3nO"
"bjoern.schimke@edu.tbz.ch"|"xoAi7U-nLnSX1-PoZL$B"
"loic.ericssen@edu.tbz.ch"|"Z@TJoj-i14tDP-8YmlgT"
"creez.richarz@edu.tbz.ch"|"aq5kNB-AAXO&f-$Mvk$P"
"athena.grocott@edu.tbz.ch"|"JADwZO-bFo%W7-$H6Xk4"
"naelle.piotr@edu.tbz.ch"|"Azasgi-jm$Gyv-DzQIrA"
"maella.paulson@edu.tbz.ch"|"XHuuDb-tlDdNf-p5TTtl"
"song.perot@edu.tbz.ch"|"y68Mjd-nFGarM-ILLi%7"
"kalliste.heckney@edu.tbz.ch"|"5jceiO-80eLLf-XfpEn5"
"ake.vasyutkin@edu.tbz.ch"|"9r4UyD-%h8iMV-GxysVr"
"ma.castles@edu.tbz.ch"|"ZNURMl-tUC&Vl-6wcT$K"
"maely.monget@edu.tbz.ch"|"RXnVRl-oPNUM5-wO&AIA"
"tang.durbridge@edu.tbz.ch"|"YyfA5N-L6wE1u-&2wRxf"
"laurene.andrew@edu.tbz.ch"|"1ta6&S-8M3oVQ-yYvAbM"
"lysea.beacon@edu.tbz.ch"|"2hQyPr-c4&r2&-Je3nru"
"leandre.peyntue@edu.tbz.ch"|"sToQul-2gqT@1-7$LuFg"
"rao.trever@edu.tbz.ch"|"A73hOp-kTbi2R-o53%8N"
"mahelie.streader@edu.tbz.ch"|"hdfVyz-1tu2Ye-9@yj5m"
"maerta.andrejevic@edu.tbz.ch"|"q8lUfn-La9B1z-lEpxTq"
"goesta.tompkins@edu.tbz.ch"|"e3LzlV-lhQN5%-PwQW9M"
"helena.agates@edu.tbz.ch"|"0c&2fw-ficFdd-h#Q9gp"
"therese.glass@edu.tbz.ch"|"y6KVNm-1y8kQ2-@Fyez&"
"alois.foan@edu.tbz.ch"|"IMTf@i-HeqWVm-bjJi20"
"becassine.melchior@edu.tbz.ch"|"0Oqb6h-3&QqB2-99unIi"
"cloe.robart@edu.tbz.ch"|"AsTNtc-kgyeHI-yyjgnD"
"daniele.puckinghorne@edu.tbz.ch"|"JiOFkD-28$XAu-b1NtIo"
"selene.cammidge@edu.tbz.ch"|"mHEJNr-&N9YVs-zbfOMJ"
"regine.conochie@edu.tbz.ch"|"akxv62-@Sm6P1-k7QPid"
"interessant.tuiller@edu.tbz.ch"|"ybW&2z-WWTXNa-P#%jcE"
"long.tiebe@edu.tbz.ch"|"YaC7$l-LuF%jj-1g7yRN"
"mans.yele@edu.tbz.ch"|"iiXFjx-T0D6IT-xT8kRN"
"ai.giles@edu.tbz.ch"|"8vRZb$-cRG0kD-6HpPar"
"gaetane.hamberston@edu.tbz.ch"|"EeLf17-0x$rrl-EkbcsR"
"marylene.fenix@edu.tbz.ch"|"y6FmI$-4LIls1-bH$rbv"
"geraldine.graeme@edu.tbz.ch"|"6NRmhB-jJuw%0-jwkIRr"
"tang.kinglake@edu.tbz.ch"|"X1Son#-6tZAHo-P4ceSY"
"lai.challoner@edu.tbz.ch"|"Ds8AW8-VGzRjE-&YuaN@"
"desiree.mattei@edu.tbz.ch"|"IMgcU$-t%y2lL-eDa4fR"
"ake.erley@edu.tbz.ch"|"C4NB1H-d3V%PD-95DUyI"
"edmee.cavil@edu.tbz.ch"|"uT%uA9-5FT6l7-EyqfdX"
"alois.moyes@edu.tbz.ch"|"f8%Qt%-nnb5AO-9LHgkA"
"becassine.pitman@edu.tbz.ch"|"M&dF4%-6n9oaD-1%pSxc"
"ai.giacovelli@edu.tbz.ch"|"&nCCTB-h@6@nV-EsmzqR"
"judicael.fruchter@edu.tbz.ch"|"kaa8mS-L8QGx2-w4&dZF"
"mans.mogg@edu.tbz.ch"|"ARhijH-DXavmv-GwGSYb"
"gerald.foyle@edu.tbz.ch"|"gfHcFA-@IOLac-&yBZzj"
"wa.androletti@edu.tbz.ch"|"OyQNhg-AoJxMK-8aylfd"
"meng.ollett@edu.tbz.ch"|"0K@2Uy-X6I0wZ-$ffQZj"
"naelle.macmenamy@edu.tbz.ch"|"NEICT1-y#pkKp-@MgR%R"
"gisele.mcramsey@edu.tbz.ch"|"D3rf6V-1yGP$H-4LFUWv"
"meryl.scolts@edu.tbz.ch"|"XX3Uw1-92em%u-wE$c8t"
"celia.bloxsome@edu.tbz.ch"|"XFw4iu-JE4yjN-9OMpPj"
"styrbjoern.stuke@edu.tbz.ch"|"ZL2a0b-Hy$JO6-#CD%SF"
"felicie.gwilliam@edu.tbz.ch"|"nRPNf&-7jrMKH-v&DaT%"
"da.harms@edu.tbz.ch"|"S6mSxK-h4AN$m-NeA#xF"
"celestine.baulk@edu.tbz.ch"|"53y7TY-Y7radM-&@dw2F"
"mahelie.blackledge@edu.tbz.ch"|"UJ9tGe-ReQxq5-0ta7o7"
"meghane.salt@edu.tbz.ch"|"18BugJ-sMIiSL-sfQ@NR"
"methode.paxeford@edu.tbz.ch"|"Cr7zKJ-Jpbzo@-@NnKR7"
"asloeg.milligan@edu.tbz.ch"|"DP$3g%-AHMVG$-zrQdte"
"you.pellman@edu.tbz.ch"|"lME#o$-T$UaAH-g$vlFk"
"loic.regenhardt@edu.tbz.ch"|"ih6ro0-BKZ$sR-cnqwli"
"daniele.savill@edu.tbz.ch"|"p2QwE1-fNV%Hw-Ydm%P7"
"alois.cornu@edu.tbz.ch"|"RMBGTW-rTKFir-Xaw3US"
"oesten.govey@edu.tbz.ch"|"Jd8o7z-Cbl6gm-y9gVe4"
"marie-eve.louch@edu.tbz.ch"|"DkCg8r-wucL#R-BpLESW"
"theresa.wenn@edu.tbz.ch"|"3pY88M-Lk8wwm-qZB3Yr"
"andree.eul@edu.tbz.ch"|"zGpOlV-gL@Jb#-Cxjhg6"
"lie.paynton@edu.tbz.ch"|"2LMCb4-jpAAAV-lR@Uf2"
"marie-eve.girodier@edu.tbz.ch"|"XwOQyf-scseo#-h8mtWl"
"marie-noel.smithe@edu.tbz.ch"|"5$dws@-wc23U$-ldPnjG"
"men.bootyman@edu.tbz.ch"|"7XQwhS-fF8yLs-Wd8QKL"
"ku.sugg@edu.tbz.ch"|"cOTh%Y-4pF&ya-yhJtL7"
"lucrece.roseman@edu.tbz.ch"|"360S3d-#2hmVA-Uj3EJW"
"zoe.annear@edu.tbz.ch"|"Qex6s6-ab1tQv-GdDBzB"
"marie-helene.rennebach@edu.tbz.ch"|"ZlUQt$-mqt0nW-Qb7OVQ"
"lea.djurdjevic@edu.tbz.ch"|"kW8Cd8-8M7I3T-tB2Pn5"
"goerel.robert@edu.tbz.ch"|"Y5Ac0W-oj#mE1-UMfNp0"
"mylene.foldes@edu.tbz.ch"|"YOmXJd-8O@Q57-xmZzM@"
"faites.clegg@edu.tbz.ch"|"BTmBHH-As03X8-7kI%3R"
"marylene.crowcher@edu.tbz.ch"|"GOW6qe-2EhPyl-$S4$nA"
"aimee.wimpeney@edu.tbz.ch"|"A2rFN%-8Cjh6z-VnFjt8"
"renee.atkins@edu.tbz.ch"|"njGNCN-jiOayI-#rBJ4F"
"rejane.cainey@edu.tbz.ch"|"2yjz5k-GP6G2p-aRLR1G"
"solene.britney@edu.tbz.ch"|"C#wUoO-VeMEEl-swr&z1"
"marten.shatliffe@edu.tbz.ch"|"ZPP3Xs-CUCpRJ-tFouxE"
"maite.issatt@edu.tbz.ch"|"O3rX2k-IHKaeU-PF&HhW"
"maelyss.edon@edu.tbz.ch"|"nSZVH$-WtPf@k-djnaKJ"
"nuo.bamling@edu.tbz.ch"|"mHVdxY-qBLw6n-J5QKZV"
"anais.edards@edu.tbz.ch"|"eGXuJv-UGwnOA-k0Pe27"
"mediamass.bromet@edu.tbz.ch"|"Cr#zu2-kNGieq-y$tqCn"
"beatrice.kimbrey@edu.tbz.ch"|"XjV927-U6cwze-V$VkbX"
"ines.lawranson@edu.tbz.ch"|"@#gTkw-Pd0nVv-BIsjh&"
"kalliste.scandroot@edu.tbz.ch"|"gI80KN-Yi8ra3-azrzF2"
"mans.barrowcliffe@edu.tbz.ch"|"c5oB%5-vP4D%s-XyskdC"
"irene.couves@edu.tbz.ch"|"lr@zeA-3pIBf0-KvY%GN"
"milena.mucci@edu.tbz.ch"|"uLNCov-Nrj8di-n#UGit"
"naeva.cow@edu.tbz.ch"|"O$Mez&-x0c$FH-yRF1Uq"
"audreanne.mournian@edu.tbz.ch"|"UwxpcB-M0%BHp-ZIWZ&K"
"melia.sinnatt@edu.tbz.ch"|"ZPD5S5-Xdxkk@-PqohfY"
"nelie.burnard@edu.tbz.ch"|"Z4OhFP-U#87YI-@#rwtS"
"clelia.ashfull@edu.tbz.ch"|"Sl8RP1-pZi6X$-8RM@Z6"
"lie.macard@edu.tbz.ch"|"VP#9hw-$UzaxA-A5zx7W"
"valerie.matoshin@edu.tbz.ch"|"USHZLv-Y5xf01-aO6kUK"
"anael.hatherleigh@edu.tbz.ch"|"XhUSX8-6jvM4W-hpKOeE"
"interessant.warratt@edu.tbz.ch"|"a7GbeL-3s&3Ba-AB6xAZ"
"eleonore.volage@edu.tbz.ch"|"F@FcRD-P3X0H%-J83l@u"
"zoe.stebbing@edu.tbz.ch"|"kk1ZZF-&T1MCW-x0W8Oh"
"alizee.nye@edu.tbz.ch"|"PPZIEb-m1hgqh-owoHhO"
"celestine.bramley@edu.tbz.ch"|"6xuYrz-DxwfyV-3Qh56x"
"selene.philcott@edu.tbz.ch"|"lOF5tT-%OHNhz-2Bt@qf"
"tang.newens@edu.tbz.ch"|"iMRd5e-Mc1VVj-Jgykag"
"annotes.powys@edu.tbz.ch"|"j17l9A-89W%tj-TmB4Z7"
"lea.matthesius@edu.tbz.ch"|"1p0Uak-PtPWGU-BE4FUW"
"illustree.garlett@edu.tbz.ch"|"NY#Rt6-YjUH6G-B$9msG"
"maiwenn.meachem@edu.tbz.ch"|"3HoOE7-9SJmBc-pGincd"
"marie-francoise.mcbrady@edu.tbz.ch"|"xRQfJl-WtD4HI-L7#%%W"
"illustree.gimbart@edu.tbz.ch"|"eSBOzH-mWBFQO-FhD#kK"
"melys.lyosik@edu.tbz.ch"|"Rq2L%d-ao#k4z-auZD9X"
"marylene.mcnab@edu.tbz.ch"|"Bz10R4-ok$fKb-cgu9Cp"
"gerald.blount@edu.tbz.ch"|"wUeMNN-VzrUH$-b@yL@Z"
"clelia.shakelade@edu.tbz.ch"|"%C6okC-OIB5bD-V&cG&C"
"penelope.cridlin@edu.tbz.ch"|"muHCxo-d#u$FN-MKA3z@"
"maena.okuddyhy@edu.tbz.ch"|"GP@Auq-rIn0Up-snqfYK"
"athena.keynd@edu.tbz.ch"|"z$W%xY-Sk6BMz-4D#rXc"
"cloe.dwine@edu.tbz.ch"|"4LA3Ig-3AEF7H-ZwrzZV"
"josephine.browett@edu.tbz.ch"|"Z3ilW&-4jkq&W-rW8FCo"
"audreanne.oscanlon@edu.tbz.ch"|"hnW4N6-OcmQDu-i45Fh6"
"fei.jeanequin@edu.tbz.ch"|"yyeA#o-p$3tx0-x@Py7#"
"lois.gormally@edu.tbz.ch"|"owVRvO-TXo%1&-spVM96"
"marie-francoise.finnigan@edu.tbz.ch"|"3i6%lG-vpTHUX-W36uZT"
"leonore.trussman@edu.tbz.ch"|"#XorVV-Yo578I-fuWdtg"
"anaelle.trumper@edu.tbz.ch"|"vBgwzV-8lHp8n-sim0n1"
"clemence.dionis@edu.tbz.ch"|"dvKeez-j0FKQx-scBYjX"
"lois.tranmer@edu.tbz.ch"|"4tavX1-w$61V8-#ZDy3Z"
"interessant.volett@edu.tbz.ch"|"LJJa8Z-1yXK1O-Gy3AB$"
"personnalisee.deackes@edu.tbz.ch"|"kkizkG-Ana061-4#9pdW"
"lie.vasiliu@edu.tbz.ch"|"ol7du@-aV6hrx-SdEk0j"
"dafnee.lamputt@edu.tbz.ch"|"PFHYB8-H3BTyV-$X1VH8"
"elies.bromige@edu.tbz.ch"|"9FNi33-h3$K2N-fA5%yJ"
"helena.klosser@edu.tbz.ch"|"wEx@Y0-OxU6RI-qLTwOT"
"andree.grim@edu.tbz.ch"|"EOGkf8-Kc0nKg-kcOJbr"
"verane.coldbath@edu.tbz.ch"|"1F0RUu-EQiCLq-69UKPc"
"helena.bethell@edu.tbz.ch"|"A9Q&u3-GcPYPu-OpHwd&"
"kalliste.carefull@edu.tbz.ch"|"US0V#y-5F0#DN-a92WsG"
"regine.odams@edu.tbz.ch"|"lao973-kqt80$-geaFCZ"
"len.stannus@edu.tbz.ch"|"O@4TE@-aC8gQY-vpA@9R"
"angelique.works@edu.tbz.ch"|"XR%2OS-V%4VxJ-cSV&Oj"
"goesta.rheaume@edu.tbz.ch"|"2Ztk0X-o2OSfn-#ALfhA"
"maelys.tynnan@edu.tbz.ch"|"%S47Dj-##Lnez-i95ZWr"
"maelle.carlesi@edu.tbz.ch"|"4qCmBK-2s1a83-$lNR&Y"
"anael.spurden@edu.tbz.ch"|"FhavLE-qdZ7kX-Wv3L9X"
"helene.pumfrett@edu.tbz.ch"|"vJo9I0-7ICP%W-9y%sj5"
"goerel.pearn@edu.tbz.ch"|"HmOtAW-ux315J-FvNSVJ"
"laurelie.dezamora@edu.tbz.ch"|"1yU6@2-wpUsLo-eiEV8h"
"yao.twidale@edu.tbz.ch"|"P%vTM8-jDPg9@-zLI4o0"
"berengere.sola@edu.tbz.ch"|"UPQtMz-5llkNa-OZFXL9"
"maelann.hardistry@edu.tbz.ch"|"o2A$J$-f6taBF-rUGl$U"
"severine.littlefield@edu.tbz.ch"|"susJDp-yWMh5S-%sC2n1"
"salome.heinl@edu.tbz.ch"|"el0#Hk-nQ5@TM-etKCWK"
"meryl.warbey@edu.tbz.ch"|"zOf43u-Tj2aGS-l66aaj"
"da.hunstone@edu.tbz.ch"|"%e9X1p-7Y@xek-NghdVF"
"venus.broadbury@edu.tbz.ch"|"kOe36S-OQaRZY-cLc@w@"
"meghane.rentelll@edu.tbz.ch"|"qO5c9v-M&Lhn4-HpxB4T"
"marylene.drewitt@edu.tbz.ch"|"R5HdLI-xhZ9s2-T3cEKG"
"melinda.jacquemet@edu.tbz.ch"|"fU60tq-S$FnmY-RkhaA4"
"marie-josee.keyden@edu.tbz.ch"|"RvzF7@-#ubLRw-5JGDak"
"asloeg.montacute@edu.tbz.ch"|"Qe$Z55-s6@S$U-KDny5w"
"ku.andreou@edu.tbz.ch"|"Lr91Wv-MXD1jC-txJJC2"
"personnalisee.feaveer@edu.tbz.ch"|"JttF$d-H6R@sq-fEt40W"
"laila.emptage@edu.tbz.ch"|"XnaTQq-Cj51hZ-H7oEwW"
"bjoern.dawdry@edu.tbz.ch"|"$HMPm%-Dvu3Rr-VgRQSA"
"marie-eve.dinsell@edu.tbz.ch"|"Vd%Zlk-4Sd%s0-Jn7@cQ"
"helene.follett@edu.tbz.ch"|"bUzW3o-W1BzJ4-&UlBU7"
"penelope.cordero@edu.tbz.ch"|"M#H4jC-JAve$O-ERzeEF"
"boerje.beedell@edu.tbz.ch"|"A$LgQ3-BR0rds-dsX5sB"
"nelie.ferne@edu.tbz.ch"|"5HxkZd-FR0a3H-kfAzSR"
"celine.ahmed@edu.tbz.ch"|"edZHro-&AV82x-swxmex"
"stevina.pimblett@edu.tbz.ch"|"xxC0w@-8Q9MB5-ajRMjm"
"chloe.langlands@edu.tbz.ch"|"Gt4bT%-oqIZuS-&t#8pD"
"simplifies.maude@edu.tbz.ch"|"Yx6jT2-kbtA6p-SWLR0v"
"genevieve.decarteret@edu.tbz.ch"|"GoM4cX-CSkHyi-mj4bLm"
"marylene.mughal@edu.tbz.ch"|"M3hH%F-4AJyKy-i5GRfS"
"goeran.guttridge@edu.tbz.ch"|"1vP@vr-Njsms&-JuR@Ef"
"michele.smurfitt@edu.tbz.ch"|"SOBDFo-OTrITn-Dh2ewT"
"methode.hadeke@edu.tbz.ch"|"zJTn4O-4vJlDX-IuM%hb"
"therese.rispine@edu.tbz.ch"|"ToA0um-OpiwA4-wlJFiE"
"goerel.plumley@edu.tbz.ch"|"Sq1A&K-8QHdc#-WsLnHF"
"oceane.friett@edu.tbz.ch"|"@Acefv-XuoLiF-O9@kCW"
"marie-noel.achromov@edu.tbz.ch"|"FfOHy4-Jpqm%f-qv6JJt"
"dorothee.storek@edu.tbz.ch"|"9tEMev-eurq3u-83k1I%"
"goesta.whittle@edu.tbz.ch"|"rYkz7q-1pUhzN-RTyiCn"
"desiree.casely@edu.tbz.ch"|"Xe$5xZ-QV0mN6-O9QYST"
"felicie.condon@edu.tbz.ch"|"WpX&HI-5lAGM@-hFZxED"
"maelyss.frisdick@edu.tbz.ch"|"pbJB2X-QddUDL-8H4#fk"
"aimee.banke@edu.tbz.ch"|"9Qp0W0-G6KZ6K-EVs7KJ"
"naeva.hodcroft@edu.tbz.ch"|"QK&s7K-daaJq4-mHh%HL"
"laila.gerrans@edu.tbz.ch"|"Vj0POJ-jXxPoo-CmdqBZ"
"daniele.scrimshire@edu.tbz.ch"|"7Lrm@B-6hpAj4-XwHend"
"daphnee.sheerin@edu.tbz.ch"|"cGsStG-8xgxe6-balhRh"
"pal.vanyukov@edu.tbz.ch"|"RjB31w-N6CmSk-VMJ7A3"
"zoe.childs@edu.tbz.ch"|"w9ejBa-FRveJJ-0vRo1r"
"ai.corde@edu.tbz.ch"|"LUmsk7-zb1mu%-U8DY5l"
"maelys.berryann@edu.tbz.ch"|"%PfsT9-qbztwL-Ek9#cX"
"cloe.gladding@edu.tbz.ch"|"Op$mim-gbKigh-G50Qd0"
"wa.kinnaird@edu.tbz.ch"|"5JChjG-PDC2IV-VzKK40"
"publicite.brittoner@edu.tbz.ch"|"%OLJsh-0j0ja$-iVZlTb"
"rao.windress@edu.tbz.ch"|"QA1hks-HQr3pH-nXHSSr"
"uo.kollach@edu.tbz.ch"|"LqlW$7-iz0X95-TLjNbG"
"josee.peskett@edu.tbz.ch"|"th4PI3-eAAsAQ-14wSxC"
"annotee.hasel@edu.tbz.ch"|"3WSqLe-NA3#uW-cBUtdD"
"cinema.lee@edu.tbz.ch"|"ts6HuY-mp7nj6-GwH2nJ"
"lai.vedeshkin@edu.tbz.ch"|"GsBox3-6rBdEg-axRRPo"
"renee.brisbane@edu.tbz.ch"|"0Eoi6z-Lr5dN2-3jU32g"
"ophelie.blincoe@edu.tbz.ch"|"oCUowj-@nt4ey-rcUpkY"
"zhi.prazor@edu.tbz.ch"|"&fyhhX-&4&5Pe-dwxF%J"
"annotee.maddicks@edu.tbz.ch"|"TRM0v7-EMLqm9-JfR$Ub"
"maelyss.codd@edu.tbz.ch"|"ODpFOM-D4rppU-VEb9ln"
"celia.peplay@edu.tbz.ch"|"#0&wr1-PddHfu-HmM$G$"
"interessant.skone@edu.tbz.ch"|"#kO3dB-9q1rJ5-CQ1u7D"
"audreanne.hebdon@edu.tbz.ch"|"B&e@6M-Vk$Kbo-%JfEiS"
"oceane.glen@edu.tbz.ch"|"2K$8yp-fRWcUV-KI6P6n"
"daniele.vanyushkin@edu.tbz.ch"|"JrWTn1-Yl&i@X-ybraIz"
"daphnee.ayce@edu.tbz.ch"|"5Dqv$p-IJVUqw-%Mjorj"
"andrea.attride@edu.tbz.ch"|"KHt6cb-#ZZKzV-H$$Iuy"
"penelope.bridgwood@edu.tbz.ch"|"lUh2pu-sZuUp2-LQ8bVH"
"mailis.drewitt@edu.tbz.ch"|"AFInnp-Fny$1C-7$3Nq&"
"penelope.mollene@edu.tbz.ch"|"F8TrnP-II&#o&-%%1p7h"
"illustree.keely@edu.tbz.ch"|"4OXwtu-wpb@2O-ooIbQr"
"meng.brisseau@edu.tbz.ch"|"9iwk$8-@yu%xD-g%vMW6"
"ruo.cleiment@edu.tbz.ch"|"%ICB&n-KyhEgK-O4v8%u"
"maite.krammer@edu.tbz.ch"|"gOR@xN-BBL1zE-Lvt5TI"
"genevieve.verry@edu.tbz.ch"|"bBLSS4-XLW5&n-qgPulJ"
"lea.olochan@edu.tbz.ch"|"mlLCrl-UsihOd-K8XGgy"
"naelle.brunnen@edu.tbz.ch"|"I&ihW6-Ygd1n5-NMWK1W"
"goesta.bragginton@edu.tbz.ch"|"cYnNGf-voFd4V-1Q6IDv"
"fei.danilyuk@edu.tbz.ch"|"obemwO-2PEe&d-p$jcXw"
"adelie.turbitt@edu.tbz.ch"|"O41Q@z-SaXXDR-W&PqA9"
"marylene.nutman@edu.tbz.ch"|"r4Ayaw-iFOC%7-2TAO#y"
"therese.barbrick@edu.tbz.ch"|"x0mG3e-9wCE&a-rGIDox"
"melys.kolodziej@edu.tbz.ch"|"CJ&S1o-oo24@%-49jIht"
"melanie.runchman@edu.tbz.ch"|"FTSQm4-Lq%bAh-pF%bzE"
"serena.lafond@edu.tbz.ch"|"j$R4rC-2QiOwq-S1kpsd"
"pelagie.desmond@edu.tbz.ch"|"9JB4iv-pB2yDM-6Uzzfl"
"wa.spickett@edu.tbz.ch"|"wk74ZA-7Dt%Rl-5MgaTF"
"po.shave@edu.tbz.ch"|"CofP7J-JiQRUw-&pNJXS"
"song.huikerby@edu.tbz.ch"|"JNZsvm-H48iFI-djfd7s"
"melinda.bimson@edu.tbz.ch"|"a21Rjz-ESuPkk-N$7kAm"
"personnalisee.toffanelli@edu.tbz.ch"|"klMCTd-I3lUcm-riaajf"
"leandre.hurn@edu.tbz.ch"|"50bzIi-IZtSoW-76FeH6"
"oesten.standell@edu.tbz.ch"|"ECyx%1-VyB%w3-s0Rl#M"
"naelle.smaleman@edu.tbz.ch"|"Spiizu-12C&J#-mKf3z9"
"berenice.tayt@edu.tbz.ch"|"URrjX2-TTgHCO-9QZSH7"
"kui.popplewell@edu.tbz.ch"|"nmfFK5-%@bell-f&VeK3"
"melodie.ferandez@edu.tbz.ch"|"x1omR9-303V%4-8ks&7e"
"josee.negal@edu.tbz.ch"|"p&tq&P-OuGiJ#-A8qMQE"
"melissandre.ferrelli@edu.tbz.ch"|"Ez#smX-4UdD2R-tN#fw3"
"josephine.kemmer@edu.tbz.ch"|"4eoIcH-GzPFTo-vcIC7r"
"maely.cayette@edu.tbz.ch"|"YctnPp-nhOj%#-$j2sHJ"
"nelie.vela@edu.tbz.ch"|"7RP&l4-OZI4kA-s&IQ%8"
"melina.cortes@edu.tbz.ch"|"7JEq5m-E%NO%C-ob1kib"
"megane.leyshon@edu.tbz.ch"|"MYY59A-l1$Akm-Ql$19v"
"regine.harrie@edu.tbz.ch"|"UWP4nq-pjcRaD-$PxTR&"
"mylene.widdison@edu.tbz.ch"|"oVG60W-Jl&udy-tZ$xIb"
"pelagie.vivash@edu.tbz.ch"|"8i5X4y-cznJ40-t4RkqJ"
"styrbjoern.vicarey@edu.tbz.ch"|"lfJyBp-aVpczQ-PWBvjb"
"long.kyles@edu.tbz.ch"|"QymZD@-ezo4F9-Ou&bmH"
"stephanie.gipps@edu.tbz.ch"|"Go#cQ&-s$&GFK-%G7dfl"
"clea.constantine@edu.tbz.ch"|"Ja@orc-OB2gI$-JsRGBQ"
"maella.cometto@edu.tbz.ch"|"1TCqKY-c&DwB2-JTzB47"
"laila.aubrun@edu.tbz.ch"|"Od6gia-QI92ux-1qCYcm"
"yao.austins@edu.tbz.ch"|"Z4EYqN-YlE$sd-WPm@HZ"
"mailys.rylstone@edu.tbz.ch"|"V8Fjk#-ljjs3r-ca&0rr"
"adelie.curuclis@edu.tbz.ch"|"Bi6PiT-&z3SLm-$%d4U1"
"celine.longhurst@edu.tbz.ch"|"71yTTa-T1%2KV-xLBa0@"
"gisele.hazell@edu.tbz.ch"|"RgmqM%-$kvXG4-d2vLmN"
"celestine.ciccone@edu.tbz.ch"|"5Eqmoi-UEIhsU-qM83Q9"
"maelyss.doole@edu.tbz.ch"|"05xyrx-MvaZzA-kwaZw1"
"helene.grimsdike@edu.tbz.ch"|"MYSbTZ-cRc3WU-wxCLQr"
"lie.macer@edu.tbz.ch"|"9L1C%Q-n5QYfk-#1FzPy"
"maely.izard@edu.tbz.ch"|"&KGagx-xkZuK#-I9za#G"
"erwei.breewood@edu.tbz.ch"|"wIR@T3-bDt6Ye-$hwZwa"
"chloe.woolford@edu.tbz.ch"|"2uZH5J-s2NZNr-0LnJ3g"
"cleopatre.turpin@edu.tbz.ch"|"&i6f7H-SRBuLw-EYX3MO"
"melodie.surgison@edu.tbz.ch"|"cYUWBY-qeR%hA-E$m3#i"
"elies.leander@edu.tbz.ch"|"OZyKc@-CiGB%1-ct5Y6G"
"mediamass.reignould@edu.tbz.ch"|"kxYu0A-gXLrue-$YW5jz"
"celestine.wasmuth@edu.tbz.ch"|"AWB#Ks-vRK04P-3eWjzc"
"marten.jervis@edu.tbz.ch"|"Dhn828-19OI5n-Ne8wHI"
"daphnee.bour@edu.tbz.ch"|"HHguIy-5Qrg&c-8ItavZ"
"regine.harlett@edu.tbz.ch"|"Bv2oyb-aPLj3v-KWqVTj"
"noemie.macaskie@edu.tbz.ch"|"0vwM3B-W1szAy-5i&UEx"
"loic.renfield@edu.tbz.ch"|"PebV3B-ZumSbT-ZmLloB"
"venus.kleinert@edu.tbz.ch"|"d2ESLR-u6eJwA-$Dt9ot"
"marten.burlay@edu.tbz.ch"|"R37uSV-FZTMTI-FoS$Lp"
"berengere.radsdale@edu.tbz.ch"|"ctGhrF-Ykq1Js-aXPSeX"
"genevieve.duckit@edu.tbz.ch"|"nPGe1h-l@ZeE4-fHFVOn"
"maely.ligerton@edu.tbz.ch"|"hCbhkc-wuOCxw-R@x1wC"
"maeline.ricciardelli@edu.tbz.ch"|"lyA60P-cZD9%4-3uS3HB"
"personnalisee.yggo@edu.tbz.ch"|"LbpqxQ-ByIFxs-37GlJX"
"alizee.pettinger@edu.tbz.ch"|"zffS0f-PvwO51-fqK$f#"
"desiree.curnnokk@edu.tbz.ch"|"@y3lIv-PUkWyW-37gnPh"
"dorothee.minors@edu.tbz.ch"|"hJj1ZC-b3%Az2-tc0h8x"
"oceanne.kopmann@edu.tbz.ch"|"NmG6PR-2gkVcq-qOApv3"
"almerinda.brodbin@edu.tbz.ch"|"4Mu2N9-ePTgzi-Uo7B3T"
"yenora.carsberg@edu.tbz.ch"|"@03L7W-9vtJdZ-A6mPl6"
"wa.beetles@edu.tbz.ch"|"CtKexp-J3TPIG-xtOoFU"
"audreanne.abbot@edu.tbz.ch"|"fXC3xP-Xla$sF-noU2nV"
"noemie.capper@edu.tbz.ch"|"oWVMap-o0E%eH-1vZljx"
"mans.abramamov@edu.tbz.ch"|"vKim%W-PWxc0@-GWeGsz"
"audreanne.blakey@edu.tbz.ch"|"9fSBRo-U3V4LZ-FvgLIl"
"leone.klimpke@edu.tbz.ch"|"#EqXk@-tVZrA&-TYtMl8"
"lie.croston@edu.tbz.ch"|"Z7pEnO-PrYR%P-1yWBP5"
"anaelle.baistow@edu.tbz.ch"|"#@Z2PK-x#j318-BM#6uW"
"michele.garwood@edu.tbz.ch"|"xUm#K4-dNNMvR-fNTHzb"
"interessant.albion@edu.tbz.ch"|"PTj1yY-m&ULz%-a@vzgp"
"andre.brisco@edu.tbz.ch"|"jWinUM-6c7uFm-gElBCF"
"tang.totterdill@edu.tbz.ch"|"Yo&4Ma-oKvVyX-ZUZy49"
"marie-josee.braundt@edu.tbz.ch"|"mf@mbS-FHPr#@-gId09S"
"lois.galer@edu.tbz.ch"|"rjO3pz-$SzYTM-F7GNkl"
"faites.pellamonuten@edu.tbz.ch"|"HaPtw8-C9FjFk-bBns1P"
"mai.barfford@edu.tbz.ch"|"Ud8$yj-DyWR2y-sHMcY@"
"laurene.macilory@edu.tbz.ch"|"R8t3ef-$JSKDz-sQ@dCw"
"elea.peak@edu.tbz.ch"|"CVzXR6-usMIUv-mhrq&w"
"rejane.doni@edu.tbz.ch"|"7%Fu0p-J@t3b9-VbHH%B"
"mahelie.ector@edu.tbz.ch"|"kFbmao-@mci7W-SPhFFe"
"rachele.allum@edu.tbz.ch"|"lK%Rrn-P237v3-&kXAsv"
"laila.gerretsen@edu.tbz.ch"|"c0SOw0-jTTl&a-GDJlTE"
"ines.bowman@edu.tbz.ch"|"A4EZeI-c77n&d-HwDvlb"
"publicite.barbary@edu.tbz.ch"|"NLYi62-1WmYqR-DCc9Si"
"mailys.smooth@edu.tbz.ch"|"&eseDp-HO@qxl-nx%L2V"
"mailis.huguenet@edu.tbz.ch"|"PWA856-QnC2fq-q9jOs&"
"lea.ewer@edu.tbz.ch"|"6YDqv4-epz@YM-EYlS8m"
