"email"|"password"
"melodie.vandervlies@edu.tbz.ch"|"0M2&a$-dBnqFk-FS%wFs"
"angele.edgecumbe@edu.tbz.ch"|"YpV4XK-n7#GWH-&hTgYZ"
"zhi.andreasson@edu.tbz.ch"|"H%6bbS-@IUL$c-Phrj#K"
"judicael.koppeck@edu.tbz.ch"|"C6yZnA-Uj0Kyg-iSelF6"
"berengere.capron@edu.tbz.ch"|"02pm3%-j3Q@&G-TBfCo1"
"leonie.brosini@edu.tbz.ch"|"CgrQ$v-KTj&Ob-sDnH35"
"venus.garfit@edu.tbz.ch"|"3WoWG5-Q#K2Xe-JcfMhM"
"melina.janota@edu.tbz.ch"|"xT5v%$-aI#uLi-NlxinT"
"laurene.bake@edu.tbz.ch"|"DvmBzF-1GZwx$-4ZhZ06"
"regine.dorkins@edu.tbz.ch"|"zYqGAR-yp@s4R-83iTwz"
"cecile.moffet@edu.tbz.ch"|"Msw$2b-V37Niy-RipUhN"
"maelann.labrone@edu.tbz.ch"|"peKNdO-F$zLfn-O2IS@J"
"melinda.newbold@edu.tbz.ch"|"c&P6Wt-dUpxzP-6YGkIY"
"mans.itzhak@edu.tbz.ch"|"vRXwv9-4g1sYo-hmY@0K"
"melodie.pattlel@edu.tbz.ch"|"6%FwrN-%u$TSm-VvLeVi"
"celine.bonett@edu.tbz.ch"|"kWLnOb-OzBXQd-N$vsWH"
"adelie.mcgreal@edu.tbz.ch"|"AGovn3-2rt1x0-e0D$Qb"
"helene.soldan@edu.tbz.ch"|"eYFyc8-a8ImFA-F1tJBb"
"michele.cluer@edu.tbz.ch"|"Mertav-pkPo7J-X1P&0U"
"maeline.mueller@edu.tbz.ch"|"pOd@Hq-f5o7hb-Vw7Uv$"
"maelann.benedito@edu.tbz.ch"|"kZFWKv-OZh0wl-NysepG"
"nuo.gransden@edu.tbz.ch"|"USjS$0-TOQEvY-tQajrW"
"berengere.stainton@edu.tbz.ch"|"d7ohOd-Stq2Gx-R1MTpX"
"wa.sabater@edu.tbz.ch"|"QvasMe-gx5QgU-o@ahMv"
"anais.cochran@edu.tbz.ch"|"ZM71dV-#AAPwd-87pc%z"
"gerald.bessant@edu.tbz.ch"|"dhfqVi-Kfm0jR-jMKZA8"
"ruo.coffin@edu.tbz.ch"|"qt@#Ha-hfd%gZ-D@tEJ9"
"melodie.mustill@edu.tbz.ch"|"s$S2jT-6GghV8-cvKKBt"
"ruo.stanesby@edu.tbz.ch"|"9Hpie2-R@zVIU-RYhJhR"
"noemie.antognelli@edu.tbz.ch"|"X3B#nf-TakAdo-qc5ZTQ"
"maelann.hughson@edu.tbz.ch"|"&$QYCV-9GZMm2-ZVaotv"
"milena.mieville@edu.tbz.ch"|"&aa7UY-$4kTit-9%Vm#v"
"mailys.chamberlin@edu.tbz.ch"|"pewPCV-wtG7KR-J72JhY"
"nadege.tomalin@edu.tbz.ch"|"rsNGzD-n%zHP8-WUySFU"
"oceane.omara@edu.tbz.ch"|"8hiSA@-LYu@7c-pzRJn4"
"cecile.aguirrezabala@edu.tbz.ch"|"I2wgOh-I16JR6-50Xd22"
"maella.gwillim@edu.tbz.ch"|"6PGyKR-@u6xgr-hTON%G"
"lea.mcgahey@edu.tbz.ch"|"2n1&UZ-iI%Ume-Yn5jIs"
"laurene.hagerty@edu.tbz.ch"|"@xMPje-iWMUGW-drnqwj"
"dorothee.link@edu.tbz.ch"|"SLudnp-t4gCMz-Oz141y"
"clementine.kynsey@edu.tbz.ch"|"nGiu6d-BQro8v-P2tBu1"
"lorene.smitherman@edu.tbz.ch"|"sDF@uG-0rhfNZ-Iipyj0"
"cleopatre.klulicek@edu.tbz.ch"|"rdHX0Q-NzRwYZ-YZQsFp"
"laurene.castaneda@edu.tbz.ch"|"UPsTqf-8iUxWD-94j8GD"
"melia.constant@edu.tbz.ch"|"tQfGKt-LdRnQg-5b26Dk"
"lucrece.clunie@edu.tbz.ch"|"nCMPta-hFNNpm-y2B#eV"
"eleonore.mcmurthy@edu.tbz.ch"|"@MbV2$-OOC2gg-z2Imqx"
"melia.bevar@edu.tbz.ch"|"#w1a0k-Gef9nM-V6B9YO"
"camelia.bontine@edu.tbz.ch"|"fqWvkG-$nRgpV-687mJl"
"methode.jozefczak@edu.tbz.ch"|"Q$xk09-nfjtFd-deq##D"
"audreanne.hinsche@edu.tbz.ch"|"tkwt&4-cPKWat-Ds3Yfs"
"andree.varne@edu.tbz.ch"|"5qH6##-B&16lm-A$jHYS"
"marten.kinleyside@edu.tbz.ch"|"#9mAWc-KFGD9W-SwP#Uo"
"esteve.mcewan@edu.tbz.ch"|"b2jmLn-tSTHcK-kA7Uri"
"leane.dibbert@edu.tbz.ch"|"nwDk&A-e%zv#5-m0aGaN"
"ma.thewlis@edu.tbz.ch"|"nO%XvT-0fZU%J-7mEpEj"
"clea.djurkovic@edu.tbz.ch"|"i#2DZk-VNCiLz-xoMxkE"
"rachele.reburn@edu.tbz.ch"|"z9gh#s-U#RpNw-5lhW5K"
"gerald.gowling@edu.tbz.ch"|"%cSn&4-to3Omp-kklLzK"
"cleopatre.jackson@edu.tbz.ch"|"QIPDM1-UGx0LZ-HbBdGp"
"desiree.haskins@edu.tbz.ch"|"L#WpqX-vSRWVg-6Z$0wN"
"eleonore.longson@edu.tbz.ch"|"qXxHwx-Vv4Enc-Tqxr3j"
"leane.dybell@edu.tbz.ch"|"leQmmt-F1Yk4f-YUAgQw"
"becassine.grzesiak@edu.tbz.ch"|"qnu8Fh-GX&3zL-m@qWvB"
"marie-josee.pickin@edu.tbz.ch"|"L87m$L-i0HyJi-8VTvuq"
"marie-josee.roxby@edu.tbz.ch"|"QgUZih-RK0FhE-e95n9r"
"leonie.feenan@edu.tbz.ch"|"5i2RSk-@dONJ6-vbMvZT"
"valerie.ellum@edu.tbz.ch"|"jgB2eG-3Gbxh%-B$Fpt5"
"ju.caseri@edu.tbz.ch"|"Pjf%0I-x7Vk$A-8eP&z%"
"boerje.strangman@edu.tbz.ch"|"fYfW@K-paMAao-rbfrcc"
"beatrice.ghidelli@edu.tbz.ch"|"t5AuRT-xBZ@sK-7Us6ud"
"da.jablonski@edu.tbz.ch"|"Do#0$#-JNCaQF-qawHiX"
"uo.beveridge@edu.tbz.ch"|"Zqn1cQ-SG9w31-S1rRv%"
"valerie.bestman@edu.tbz.ch"|"cdkoSg-UvCUBY-alT3kA"
"marlene.pohls@edu.tbz.ch"|"0dox32-Unv%gJ-jRBl4T"
"ma.nolda@edu.tbz.ch"|"RtDNCW-XmSZHC-pmW9Hq"
"marlene.bisiker@edu.tbz.ch"|"R7QQLW-3WEa2O-4#G%#Q"
"estee.babon@edu.tbz.ch"|"uKmBK0-z0d7n$-by&erP"
"simplifies.dmisek@edu.tbz.ch"|"84yFFQ-iOIiQJ-P2yrI7"
"selene.ganing@edu.tbz.ch"|"GIGB#x-ADZzbl-94tRlN"
"meryl.penke@edu.tbz.ch"|"MNLyFa-pn2wvV-$7HYvq"
"anais.rawcliff@edu.tbz.ch"|"0FhFx4-ncFaLv-%Ii%NA"
"melina.andri@edu.tbz.ch"|"l&VZz3-l5yqQi-pv5aaI"
"audreanne.fodden@edu.tbz.ch"|"4Z7uY3-CPqcBd-LOQqi$"
"bjoern.spellesy@edu.tbz.ch"|"f8luy8-XA6awf-5AiEBL"
"francoise.summerscales@edu.tbz.ch"|"TrTcEJ-J71Ln7-l&wAWo"
"laurene.ashtonhurst@edu.tbz.ch"|"Wh&cVZ-ieE&ce-OLD0bQ"
"valerie.petters@edu.tbz.ch"|"m334Ww-ms0ppM-e%SRXe"
"anael.spenclay@edu.tbz.ch"|"ASTmw9-FZz6Rw-WWNPjj"
"stephanie.keech@edu.tbz.ch"|"#cZvcA-Z&$C0D-U3&kL%"
"ines.deveril@edu.tbz.ch"|"oZp#P@-m5rpG6-O0dijg"
"berenice.gelder@edu.tbz.ch"|"9QjOmn-u8t7s@-cT3QKo"
"melanie.ofogerty@edu.tbz.ch"|"0w@zVI-itntx@-r9SSSz"
"frederique.canepe@edu.tbz.ch"|"Ih9YeB-za#a#P-6C8g2P"
"nuo.otton@edu.tbz.ch"|"HPKdiq-jR3egv-X4GY&S"
"genevieve.trusler@edu.tbz.ch"|"C@fV9P-HGf88q-Of20iD"
"ju.boag@edu.tbz.ch"|"sJi9cV-fV8mOy-Gp4avN"
"josephine.dilucia@edu.tbz.ch"|"kp4LIh-Kr@y1H-7W5rT1"
"laurene.armsden@edu.tbz.ch"|"Qcgyhh-udWbmf-0Jbw$$"
"becassine.griffe@edu.tbz.ch"|"aYv9DY-ZG8xSL-bB%Cqs"
"alois.parres@edu.tbz.ch"|"bMcW5R-Zs&wby-Mh&2g2"
"cleopatre.gaffey@edu.tbz.ch"|"3EU01Y-5Gm3k3-W#CKZu"
"andre.stiger@edu.tbz.ch"|"C&DF#w-fV&N&%-JYYygA"
"beatrice.godleman@edu.tbz.ch"|"3If&I3-Awd3Hc-8nNPzM"
"hakan.harrhy@edu.tbz.ch"|"obe%2O-s4DlHZ-W8pNKV"
"celestine.dagnan@edu.tbz.ch"|"rt29ap-z1%rXO-RWeSuC"
"clemence.haggart@edu.tbz.ch"|"wuUvBk-xo7DaH-dqsjP9"
"long.caban@edu.tbz.ch"|"as8aPZ-5VH0uX-PDxYU$"
"gaetane.grimble@edu.tbz.ch"|"nniELD-M@JqJX-AQZu9@"
"maelann.piwall@edu.tbz.ch"|"jDLgIp-rnHFy6-B6DLTY"
"magdalene.loble@edu.tbz.ch"|"4SuF#9-EWTRZ$-10$33R"
"veronique.domaschke@edu.tbz.ch"|"hza%vM-OwECv2-O&3NBB"
"clea.herity@edu.tbz.ch"|"#g6CJd-pySEwW-TFWEDN"
"maelann.bambrough@edu.tbz.ch"|"OfHyNC-Li@elX-RmTh9o"
"clea.goulstone@edu.tbz.ch"|"ptmb0f-4U2R%O-9Alb%G"
"renee.deleek@edu.tbz.ch"|"HNj8B1-9LBVXV-9@S7mw"
"boerje.rudderham@edu.tbz.ch"|"pb#Vju-nlcvnh-5fuqmb"
"marylene.broune@edu.tbz.ch"|"8s9yWn-NRl$Wo-7XWQ4y"
"nadege.mccuish@edu.tbz.ch"|"0A3osM-%yLor$-kERL&a"
"anael.littleover@edu.tbz.ch"|"O20g6W-NLmeGx-0%vgaK"
"lie.baume@edu.tbz.ch"|"sRfxXk-xULm1V-nIZl9Y"
"maella.murrow@edu.tbz.ch"|"%rHLBM-za#lFr-jibMvx"
"cleopatre.pettifor@edu.tbz.ch"|"ZmkX3P-#Hi##l-PxSnIg"
"geraldine.asker@edu.tbz.ch"|"Cw9jH0-z%HyXK-ZfXjw$"
"gaetane.smedmore@edu.tbz.ch"|"DYH#Bm-eKW&MU-n64Yhj"
"meryl.blencoe@edu.tbz.ch"|"G3z1Pj-1Ry2eU-TWERjm"
"aurelie.chastaing@edu.tbz.ch"|"fNSzVT-MH597g-Gwpwcb"
"oceanne.marthen@edu.tbz.ch"|"1ETpFe-#bBZQE-ONa1Jy"
"dorothee.burrill@edu.tbz.ch"|"inwq61-amMI9C-yfweZu"
"hakan.belden@edu.tbz.ch"|"Ex@2O$-$iWp7H-dAqqhv"
"celine.brunning@edu.tbz.ch"|"8NGe#v-JCbL4g-iNuUI&"
"anael.lapides@edu.tbz.ch"|"YMtic6-6CjF9d-f3GZwW"
"ruo.saffran@edu.tbz.ch"|"eCFbWB-B6iNC2-obgtFS"
"loic.gerretsen@edu.tbz.ch"|"BqGBWS-RVxC8d-#%8$x4"
"rui.fitzer@edu.tbz.ch"|"tLs$os-jK8aT5-DsXH58"
"annotee.ogers@edu.tbz.ch"|"JbmMh#-r5rZI0-VzmOwO"
"boerje.bindin@edu.tbz.ch"|"3Sjisz-dnsSLt-0WvVW&"
"ma.cronchey@edu.tbz.ch"|"mj2i3&-83tgZ0-o@jK4f"
"laurelie.baiyle@edu.tbz.ch"|"8XW@4r-ybky$e-o76gx1"
"dorothee.older@edu.tbz.ch"|"yyoCdC-LNfpZ#-n9q#P@"
"laurena.wile@edu.tbz.ch"|"RZp6wJ-ecWpo#-nH#lQ&"
"clemence.brito@edu.tbz.ch"|"ajN@G@-mVyiBo-RPGJ%d"
"nadege.dallin@edu.tbz.ch"|"fla&Se-zC6LSV-mLUTHI"
"mailis.matley@edu.tbz.ch"|"XL8Sin-8xR0Ma-hoagnk"
"daniele.screaton@edu.tbz.ch"|"NsWWNA-8sjCsM-#o%u0h"
"mediamass.godly@edu.tbz.ch"|"Ls4NSp-kyFK#%-#LV2pf"
"leone.kremer@edu.tbz.ch"|"CV9o7h-zppCnW-5dsEst"
"asa.adrian@edu.tbz.ch"|"vdREsn-L4#mBp-tLYn9M"
"adele.doley@edu.tbz.ch"|"pvUMiS-meiXne-fMM9u&"
"fei.sidney@edu.tbz.ch"|"Fpm#F1-46CkXE-wNp7ru"
"marie-josee.walisiak@edu.tbz.ch"|"QBHSRk-H9NWqC-@l%oKX"
"desiree.diplock@edu.tbz.ch"|"B&AKrw-VpGM$d-ZLuWn0"
"gisele.schust@edu.tbz.ch"|"AKMI%H-Xb17Z&-xjflay"
"ma.longshaw@edu.tbz.ch"|"TYX4Nh-0r9xxL-t3K8GM"
"da.boother@edu.tbz.ch"|"b&xgHv-LlDRt5-PttNAT"
"simplifies.chaudhry@edu.tbz.ch"|"GRWo7o-IPGw#M-tHG9Uh"
"garcon.baniard@edu.tbz.ch"|"j3vEJ$-anNWPD-kyQCkK"
"gaetane.elphee@edu.tbz.ch"|"YHC24U-o3Ks12-Sbgj7s"
"gisele.hassey@edu.tbz.ch"|"rn&tp9-fPKEzu-v29PsG"
"oceanne.booley@edu.tbz.ch"|"UPak$b-MI57F8-4fDD5$"
"oerjan.dibden@edu.tbz.ch"|"7TqL6T-33jqK7-qkfzMX"
"regine.ocleary@edu.tbz.ch"|"Qz0vtu-koe%Hw-@KS#Q8"
"selene.persse@edu.tbz.ch"|"qykjqV-NRD@ey-TpE5cF"
"helena.adenot@edu.tbz.ch"|"ZOZIez-RylofE-UpJuyC"
"maelann.wassung@edu.tbz.ch"|"V$ryPB-JznOFu-oYYuhN"
"frederique.ackermann@edu.tbz.ch"|"5ez5kl-ctDcNO-D1hHwU"
"audreanne.kahen@edu.tbz.ch"|"dsl5qD-XbpBR$-EpSn5n"
"maiwenn.lasty@edu.tbz.ch"|"rQGcS6-bX83hy-2F$LCi"
"yu.dictus@edu.tbz.ch"|"&HifUo-pdI6MQ-FNTxcN"
"anae.dukes@edu.tbz.ch"|"Z1L%@L-hND%E2-kljhQL"
"yenora.warr@edu.tbz.ch"|"c2wTms-Jc4rBm-aGK#Bw"
"esbjoern.archibold@edu.tbz.ch"|"WWq$Bl-9HSMiG-QYH67w"
"milena.pardal@edu.tbz.ch"|"7%PZJD-Rl9z$u-WpgFOW"
"celestine.graveston@edu.tbz.ch"|"ZDHUTV-3GIjar-7q$q9d"
"maena.dallas@edu.tbz.ch"|"QQ7UYe-bVbO1T-9Gd8RX"
"andree.tuke@edu.tbz.ch"|"zHQp5O-KVLP3b-85Utv7"
"methode.seldner@edu.tbz.ch"|"0KSfYz-KAeMq6-SuuGXx"
"venus.bullas@edu.tbz.ch"|"XQAV4N-KQBZ8a-Tz$q6V"
"mans.aguirrezabal@edu.tbz.ch"|"kk3iM&-SzqVn%-LHwdxx"
"gaelle.eadington@edu.tbz.ch"|"8T88VV-sbBU8Z-UqzUPF"
"anaelle.falkner@edu.tbz.ch"|"ymyM#%-SWNDVz-uJmkPe"
"ophelie.height@edu.tbz.ch"|"@NZnAq-WopfTK-BGiA52"
"marten.bolding@edu.tbz.ch"|"j4fxVt-Vxzo@H-6hL&O#"
"pelagie.guswell@edu.tbz.ch"|"F5rmGk-N8CdMQ-D6eF@w"
"gwenaelle.lecount@edu.tbz.ch"|"HYoxd5-KjNQ%u-UnydKq"
"hakan.laden@edu.tbz.ch"|"8BM7ge-v3@e9c-X22QXL"
"marie-josee.hylands@edu.tbz.ch"|"RdAc5K-X6Resk-7RHV&y"
"zoe.kingshott@edu.tbz.ch"|"7d259w-kPazMG-q98Wjg"
"josee.janous@edu.tbz.ch"|"fOLMaq-@J1WxZ-ip5hvy"
"laurene.gallally@edu.tbz.ch"|"klfRpM-N%vjPa-C%sq6c"
"anael.bickle@edu.tbz.ch"|"J8#Lm#-IB%#c1-p8r9uG"
"mediamass.lebbern@edu.tbz.ch"|"g2HVq7-Yjq1j&-Cmf8rQ"
"berengere.hovy@edu.tbz.ch"|"&@OKCx-e7p6&G-lwgM1m"
"oerjan.kilmurray@edu.tbz.ch"|"tP2b2u-lPXSZZ-pZkVjS"
"asloeg.venny@edu.tbz.ch"|"Pdu@pS-XTlS%x-KdIsmr"
"marie-noel.stoad@edu.tbz.ch"|"J&b1WK-dGK%p0-yh7XFy"
"hakan.pettifor@edu.tbz.ch"|"MwDG%g-7vF61X-dxVRQ4"
"maella.willgrass@edu.tbz.ch"|"vGEAzS-4GEuSx-%rkdjt"
"therese.ludovici@edu.tbz.ch"|"XQjFm0-MK5mCu-qIJqAn"
"stephanie.trewhitt@edu.tbz.ch"|"r7APhu-Se#rdx-bW0rbr"
"maerta.bauduccio@edu.tbz.ch"|"Xb0$ew-K8GE3h-jVvJ&9"
"gaetane.glaisner@edu.tbz.ch"|"x0EPOD-w9zM&b-uqlub8"
"naeva.pargeter@edu.tbz.ch"|"K#kVBb-Ni@4tS-lCYoL7"
"salome.venable@edu.tbz.ch"|"c2dntz-TV7fLG-Mm2Yu7"
"boerje.thickett@edu.tbz.ch"|"ccLff1-&s6tvL-hDVOni"
"lucrece.prendergrass@edu.tbz.ch"|"upA3Nv-XsfHCS-5CaZn#"
"laurene.ockleshaw@edu.tbz.ch"|"sRgSZJ-UyPviy-aFy36h"
"cecilia.pasticznyk@edu.tbz.ch"|"jZTjZ2-yUTKB&-i6oa@M"
"stevina.mackey@edu.tbz.ch"|"OvmqhN-e1QUP$-xyJvla"
"marie-noel.reven@edu.tbz.ch"|"x1Kn4A-X3JyM1-$sBywA"
"melina.quilkin@edu.tbz.ch"|"YTJXUT-nQ1u13-pfC$a8"
"marie-noel.ferrie@edu.tbz.ch"|"M#308T-Ri1@k4-u6hfa#"
"leone.alphege@edu.tbz.ch"|"a6@vW8-vWGKaf-YAWDGu"
"zoe.leverson@edu.tbz.ch"|"sGLjNx-E@2oOT-niz3pD"
"annotes.grayne@edu.tbz.ch"|"AXi8b$-SWfGPD-rBly11"
"faites.lalley@edu.tbz.ch"|"rdbQiT-2CPS4@-@IHI0U"
"adele.wallis@edu.tbz.ch"|"KwI5pV-zVvN5Z-yXy@%s"
"severine.madill@edu.tbz.ch"|"PyUYyU-#j9#FQ-wEwFOq"
"valerie.tebb@edu.tbz.ch"|"@3A9vy-xSgRU1-Fi%3BF"
"kalliste.rasper@edu.tbz.ch"|"hV$sG7-jSqw2T-&jSnQV"
"audreanne.palomba@edu.tbz.ch"|"DTGrcx-t5SnZR-7847Kp"
"elea.adamik@edu.tbz.ch"|"@Kq12n-4Hnar1-UmIKsD"
"reserves.jakuszewski@edu.tbz.ch"|"zWaPEZ-g4e%mb-PrTVIR"
"athena.belhomme@edu.tbz.ch"|"&ufLeH-vY6Z%&-3tWcDg"
"rebecca.crippin@edu.tbz.ch"|"Xhb6dp-LGN1hU-Rs7Gg1"
"maiwenn.curman@edu.tbz.ch"|"D4fGjq-hrUDDn-5kN3TN"
"andree.bunner@edu.tbz.ch"|"uA&RTE-y@#lJC-jJgG9Y"
"ruo.winckles@edu.tbz.ch"|"yLHw5u-WSCOOP-J5q&iO"
"naeva.buntine@edu.tbz.ch"|"twTuMd-Vxr#Vd-&$AIbb"
"boerje.dollard@edu.tbz.ch"|"PjT%wi-Xc6W2a-kY0P7%"
"penelope.gorman@edu.tbz.ch"|"ZvTvYR-CoMsBY-Acpyp1"
"alois.robelin@edu.tbz.ch"|"1cwJYu-yq&KQV-HLxmci"
"anaelle.tindle@edu.tbz.ch"|"g9SGr0-B2EpoV-cluPTs"
"ye.frears@edu.tbz.ch"|"u0B7Jg-M466z6-CV$lW%"
"andree.ovid@edu.tbz.ch"|"Hdz4sC-uXTUP1-vX9ul$"
"hakan.peat@edu.tbz.ch"|"kmxM$D-U7hiY7-tPnQWO"
"andre.januszewski@edu.tbz.ch"|"ZHw4mU-Yy%K9G-exeSxQ"
"annotes.clemmett@edu.tbz.ch"|"D9ft4A-jw3HDG-fu8yw#"
"pal.lambswood@edu.tbz.ch"|"67AUt$-Gk8VsP-FB3n&l"
"yao.lenton@edu.tbz.ch"|"CbOnaJ-$vaU#j-b5E$$h"
"hakan.boyton@edu.tbz.ch"|"KAKrrv-Wb7f%0-YNRIFn"
"nelie.forsey@edu.tbz.ch"|"hMkVtu-vMr1fQ-Z9xMUS"
"hakan.horche@edu.tbz.ch"|"1EWQs7-$gaFYb-Ijl5Tg"
"lorene.sinkings@edu.tbz.ch"|"A3piIx-NwENFl-w3rql8"
"marie-therese.creddon@edu.tbz.ch"|"r&iplX-SgPoX1-I$9voZ"
"berenice.tolworthy@edu.tbz.ch"|"uj3LX2-uSdMSs-Y0n&d$"
"theresa.land@edu.tbz.ch"|"8zxFYR-vOpYjW-4o5R@Y"
"marie-therese.gianilli@edu.tbz.ch"|"2EvOY0-mBxViC-&LYbCz"
"meryl.glew@edu.tbz.ch"|"F2MkUt-eJ11Wj-osGw85"
"adele.debling@edu.tbz.ch"|"V#Hx4P-UF$P1r-Qxb4Sj"
"anae.metzke@edu.tbz.ch"|"i$bDVW-gnBFP5-3hYOZx"
"gaetane.gooden@edu.tbz.ch"|"JTAX67-fLyOPC-K#Tc7l"
"laila.bootland@edu.tbz.ch"|"C3I9Si-L3Buem-8fkyoh"
"maite.helsdon@edu.tbz.ch"|"1vXa@V-BlRZgy-Y4bqbL"
"andree.malley@edu.tbz.ch"|"cckXnZ-Wloual-tA141r"
"pal.simmens@edu.tbz.ch"|"mzgU0K-@3OpFv-F#GNbb"
"maelys.nuccitelli@edu.tbz.ch"|"1de2I3-3guBTu-UoC9fu"
"dafnee.sibary@edu.tbz.ch"|"dlHD6k-C$X%U8-mepxNK"
"alois.harsnep@edu.tbz.ch"|"ut%PnG-BzLOtC-cA9to0"
"marie-helene.lacky@edu.tbz.ch"|"4POhPY-c4XFTF-uDLida"
"mylene.youthed@edu.tbz.ch"|"&pvPgA-81&z#h-M0gM9s"
"marie-helene.dehmel@edu.tbz.ch"|"57qBiH-tRBr4u-n51qAx"
"angele.batman@edu.tbz.ch"|"mERyRw-pyZiYJ-AwcGm2"
"melia.younghusband@edu.tbz.ch"|"36Y$2T-4H&HIK-TTTQTR"
"eloise.baldi@edu.tbz.ch"|"3sAR47-ACAOIV-EAEqrw"
"illustree.dun@edu.tbz.ch"|"ssKZd1-Z1h6Zt-hNouQi"
"genevieve.late@edu.tbz.ch"|"m&ifHK-yWsL@d-6nnRcL"
"celestine.colville@edu.tbz.ch"|"8h7r1I-bTUHDf-w&Moy&"
"gwenaelle.scarlon@edu.tbz.ch"|"nnw%GQ-tSpWWm-OiPkZP"
"regine.boddie@edu.tbz.ch"|"6Etc#U-Wnd1mt-P#3cLH"
"creez.gaughan@edu.tbz.ch"|"sHup59-lYhw1G-4Y7cip"
"gaia.longford@edu.tbz.ch"|"RlyC$y-8eLOiB-ACaJG#"
"mailis.buckby@edu.tbz.ch"|"tKdgPM-QPem@0-S3pctF"
"song.parbrook@edu.tbz.ch"|"7vU1l#-ICRgg5-$GfPVz"
"frederique.heddan@edu.tbz.ch"|"Jn9peO-i7m#n%-NbgHAs"
"ake.kirtlan@edu.tbz.ch"|"4zL#BG-wfmI5I-A5azSp"
"nelie.runciman@edu.tbz.ch"|"BpF9Pf-mtDhFl-jWLaa1"
"mailis.cardnell@edu.tbz.ch"|"uqHvIg-PAyL4x-hNJ5IP"
"irene.navarro@edu.tbz.ch"|"Vzkiu#-DbyosS-thoK8$"
"maite.cough@edu.tbz.ch"|"&$QX34-6wR5C&-pxEPl8"
"anaelle.stocky@edu.tbz.ch"|"Lt&IS@-aZTq$x-ZfN$P3"
"methode.moulder@edu.tbz.ch"|"9LkWcn-wc9nnN-2f0ybx"
"po.stafford@edu.tbz.ch"|"CjkpJ$-UoXC$v-A#LZmt"
"faites.scraggs@edu.tbz.ch"|"tqq5#c-z#jin%-5Op4YP"
"adelaide.dullard@edu.tbz.ch"|"TKxxOZ-f0qMb8-LJXdjc"
"desiree.leonard@edu.tbz.ch"|"iX&ekf-7IPQ3y-k5QGDh"
"geraldine.badgers@edu.tbz.ch"|"#6MADB-g9rDqk-bvRa6@"
"ruo.masic@edu.tbz.ch"|"o8JWrp-vNlk#W-WsywrK"
"aurelie.lieber@edu.tbz.ch"|"Mwafkf-50wFGH-KGZ7el"
"naelle.balcock@edu.tbz.ch"|"n9l2lP-9&Q#I$-YY3i54"
"camelia.elger@edu.tbz.ch"|"XaWgSD-kMrGv&-W%1WP6"
"publicite.oakeshott@edu.tbz.ch"|"9OFo5q-iGcAOO-R46P26"
"cleopatre.fawley@edu.tbz.ch"|"QUUNyo-4EESYs-lAnjzk"
"laurene.bruckmann@edu.tbz.ch"|"h76f@x-6zKKFX-Fz2Zcr"
"rui.haughton@edu.tbz.ch"|"Y7R3x3-VQdzYq-PCI76O"
"asa.ladewig@edu.tbz.ch"|"OTp3P$-ldC3Sp-qMvxXj"
"gisele.janecek@edu.tbz.ch"|"D0wV7P-1gCJuh-7LD8ks"
"maily.loveridge@edu.tbz.ch"|"Om4GBE-UIDtPm-NTK6zb"
"marie-eve.yurkiewicz@edu.tbz.ch"|"NNO3SI-K$ycoq-GHHxbC"
"fei.roder@edu.tbz.ch"|"oiREdH-L%0@9V-sMfx0d"
"edmee.chatburn@edu.tbz.ch"|"ekdesi-lJrHru-mTsXhd"
"geraldine.darke@edu.tbz.ch"|"tHMZPr-MDzaJX-%ZYibZ"
"ye.jira@edu.tbz.ch"|"55UdAi-5nh1De-TlkCxM"
"publicite.persent@edu.tbz.ch"|"uxqVqF-7ht4S&-A6PsvH"
"severine.wilcox@edu.tbz.ch"|"zlZuf7-cb&T3v-4$uH3b"
"yao.mcclaren@edu.tbz.ch"|"DAhRV0-U$am$l-#PO1mn"
"theresa.foynes@edu.tbz.ch"|"wi5fX@-pqvFt@-DgaUc&"
"stephanie.isley@edu.tbz.ch"|"sWI2#w-X5ylZQ-jcfV6U"
"torbjoern.growy@edu.tbz.ch"|"GbTcUC-mMazcr-3K%2nd"
"eloise.tunnadine@edu.tbz.ch"|"$t9QBF-AajhH$-XE6ovi"
"maeline.cossentine@edu.tbz.ch"|"HyQLlR-@et07U-sb4fsp"
"nelie.desantos@edu.tbz.ch"|"NLE6#U-9GApRZ-#xj%hJ"
"gaetane.axston@edu.tbz.ch"|"nO6KlO-na1lFT-4wjJgz"
"aimee.merman@edu.tbz.ch"|"inCD8%-jsCUGa-YQ5At8"
"oerjan.drivers@edu.tbz.ch"|"n250c7-$vNc3N-dCnMZo"
"aimee.miroy@edu.tbz.ch"|"75fHRY-ZqY@Zn-@acjyq"
"nelie.glyde@edu.tbz.ch"|"jruzeZ-&O#x1I-k8eHRM"
"hakan.kapelhof@edu.tbz.ch"|"OmKncg-JR#SBv-E5q%zB"
"maelyss.cauley@edu.tbz.ch"|"WLBg%X-@MLtq1-Y36uFD"
"elea.vaggs@edu.tbz.ch"|"jyOfJA-xd&vb0-98zcY3"
"maelys.but@edu.tbz.ch"|"u6@$o2-IIAxW$-BWY54R"
"maella.arthurs@edu.tbz.ch"|"TBgtMr-t18c#3-pTg%HW"
"adele.liebrecht@edu.tbz.ch"|"Rcpr@O-2V3jyb-gBmrTt"
"meline.lomasny@edu.tbz.ch"|"3wgJww-Qao%KG-iBiq5$"
"mediamass.schwant@edu.tbz.ch"|"r#AU8b-hl0KwY-k&@F@E"
"leone.saunt@edu.tbz.ch"|"TTPNN8-8nGBNX-DcYLuN"
"annotes.gouch@edu.tbz.ch"|"3Z0Hl$-EC3cMy-r8C3MN"
"gaetane.bowich@edu.tbz.ch"|"lNAhWZ-MmQ7KM-uZ%o1F"
"alizee.strelitzki@edu.tbz.ch"|"d#cbxV-o9hagp-nBUysj"
"leone.poile@edu.tbz.ch"|"PBVb3v-pMHlVC-%ZdEZ@"
"amelie.saban@edu.tbz.ch"|"7LC9gP-RQ8ZbV-vih%DQ"
"marten.mcmenamin@edu.tbz.ch"|"cgI&Ni-xRfCIh-KXATTQ"
"becassine.keets@edu.tbz.ch"|"ms2qor-qcto5J-tqMghw"
"celine.million@edu.tbz.ch"|"W$PaUo-HpIgWi-r#k7wR"
"geraldine.belitz@edu.tbz.ch"|"cbB73%-7iqQ&2-PS1Lqn"
"salome.mardling@edu.tbz.ch"|"DJSabN-VgQmqZ-j6Fip%"
"melia.blakemore@edu.tbz.ch"|"0mP934-l$ro@e-wCz#Ij"
"dafnee.mcaulay@edu.tbz.ch"|"QgOtGv-slCiU1-S9mPwC"
"garcon.dennett@edu.tbz.ch"|"xVZ4jr-bDyvcI-NcNwoc"
"interessant.lesor@edu.tbz.ch"|"nA2&Cj-EHam%v-HjK1BY"
"annotee.wasbrough@edu.tbz.ch"|"2b02YD-OYPgKW-MAVTka"
"asa.ibbeson@edu.tbz.ch"|"C@cg6f-PLvHC7-%fi%xe"
"maily.kennealy@edu.tbz.ch"|"k$DT15-zPBddo-OxrY1Q"
"ye.seares@edu.tbz.ch"|"6WhEgd-rKflPC-v7CjAL"
"athena.harbron@edu.tbz.ch"|"AEejwe-eKXBUl-SDI1qw"
"andreanne.portail@edu.tbz.ch"|"3bvnLQ-FDAb5A-5lJF#E"
"goeran.zannelli@edu.tbz.ch"|"L6hjSh-p4EbeK-lg1kOi"
"gerald.leathlay@edu.tbz.ch"|"sm@h9g-bCHdMH-2bk1Vw"
"andreanne.chown@edu.tbz.ch"|"18qskT-ScjK9A-mrWtj@"
"esteve.clementel@edu.tbz.ch"|"yIIn$o-kc%99Q-iA%9GQ"
"leone.legan@edu.tbz.ch"|"nLiuZw-$r786X-hLd#6&"
"maena.pownall@edu.tbz.ch"|"gZ2f&o-A7s$r0-uVLTye"
"andree.rettie@edu.tbz.ch"|"Yzbi9W-AD2$Kh-vm0G@R"
"ines.kenwrick@edu.tbz.ch"|"x&kmqG-l1exl%-pYNHLA"
"marie-helene.yarnall@edu.tbz.ch"|"LXJIRl-vFC@Uy-dxVD4z"
"po.martin@edu.tbz.ch"|"MK$b7v-4Yjyq5-IItq&y"
"ruo.celiz@edu.tbz.ch"|"sfQRN$-3RO#$M-SrRMB7"
"po.bissett@edu.tbz.ch"|"VUDFmK-6r2#K8-3ie0zn"
"du.swindon@edu.tbz.ch"|"mEhW0T-aU@ZBe-40hAuz"
"interessant.gouldthorp@edu.tbz.ch"|"vrnEaK-l97J7r-o#ctW1"
"leandre.lilburn@edu.tbz.ch"|"KG7pb9-ReaWqR-Qv2G$@"
"bjoern.whales@edu.tbz.ch"|"lgZd%8-643Q9o-AsX8qD"
"interessant.dieton@edu.tbz.ch"|"1PnMyT-1oAPPv-sr9Txz"
"celestine.redhills@edu.tbz.ch"|"rl8Zhy-lhJlTw-K9f@Z#"
"tan.yakovlev@edu.tbz.ch"|"ystC@k-e5r7qL-9MvphA"
"regine.mcdowell@edu.tbz.ch"|"xF9zOa-NPaTNh-Mc4Mtk"
"ju.coysh@edu.tbz.ch"|"7LDaW9-G6wNLr-59FGPZ"
"reserves.ofallon@edu.tbz.ch"|"AhCm$q-HKAoi8-ZKR56C"
"frederique.sobey@edu.tbz.ch"|"U9xZVR-Xhe2@v-sFuK2o"
"marie-eve.garstang@edu.tbz.ch"|"a&NlA4-PFeY1G-ZA3Ct4"
"andre.tapin@edu.tbz.ch"|"21&McW-6@qkLC-nMJY2J"
"esbjoern.eynon@edu.tbz.ch"|"S4gStC-WoDA0r-Nmfc1J"
"maella.duffy@edu.tbz.ch"|"lzm%eb-Scu34u-oZg6tg"
"leandre.twinning@edu.tbz.ch"|"Ivh24W-4Y86Ip-7aIOhZ"
"mai.whittingham@edu.tbz.ch"|"JdMsX#-7fZr$R-ijbg2n"
"rachele.shevelin@edu.tbz.ch"|"c&TRtE-uDk$0V-axPHVk"
"cecile.mcure@edu.tbz.ch"|"LQBu0$-Ti$Sb2-TqmcCb"
"marie-eve.yurkevich@edu.tbz.ch"|"WqDh9g-E7j7oO-#ozbfN"
"almerinda.paice@edu.tbz.ch"|"ESCKj7-v%DsBw-WHtI&y"
"rao.howkins@edu.tbz.ch"|"txhSDJ-HSD5iR-bFfxm#"
"serena.pack@edu.tbz.ch"|"w28Ky2-37BLJ5-@FonHT"
"rebecca.mant@edu.tbz.ch"|"oMHgDV-J3Y4jY-T&$3&e"
"reserves.spitell@edu.tbz.ch"|"Kt@fMD-rSSXdi-ojcbui"
"garcon.hamfleet@edu.tbz.ch"|"QbERxa-7h4Ek8-LaVH3S"
"methode.kerkham@edu.tbz.ch"|"ZyaiUS-D8PtAT-v247pE"
"pelagie.camies@edu.tbz.ch"|"v@njnP-eAj%#A-k3&lI2"
"josephine.macpharlain@edu.tbz.ch"|"EIQJtw-Fv6nDW-pw4ggR"
"eugenie.mathet@edu.tbz.ch"|"bL9gfu-aprd2E-u2EA5o"
"gaetane.brangan@edu.tbz.ch"|"Lp97kx-rnrKLG-6pFsvV"
"michele.dewbury@edu.tbz.ch"|"Qm8#Nh-QmXX15-@2@NpA"
"eugenie.elcott@edu.tbz.ch"|"5ai8FC-uV7eYF-Vs#nd3"
"megane.harniman@edu.tbz.ch"|"3aZQgV-xnpPP2-bwmwnU"
"agnes.cluney@edu.tbz.ch"|"iZL1z%-VBWH4X-fa$%1e"
"marie-helene.angear@edu.tbz.ch"|"pXb@xb-X2il9n-SnvIGq"
"melia.dolphin@edu.tbz.ch"|"skIKD1-RR#&Ln-S%L1n8"
"lois.ruseworth@edu.tbz.ch"|"YaeOwE-qjnqg9-C9CwF@"
"mailys.ryding@edu.tbz.ch"|"6c3LDk-T1mcgX-6lBpr8"
"rachele.wulfinger@edu.tbz.ch"|"SjIkI#-BE$70T-GoE%Jo"
"gwenaelle.talton@edu.tbz.ch"|"YFhxP%-STn6r9-4K4pAO"
"long.ronchetti@edu.tbz.ch"|"oojo2R-krXaCX-zSbDDx"
"styrbjoern.kloska@edu.tbz.ch"|"lh%kKt-6LSS@F-m%L6lr"
"len.sudran@edu.tbz.ch"|"FMS&bv-oyDffm-Vc33PJ"
"maelle.andrysek@edu.tbz.ch"|"m7rf#k-AHjTKo-CeKgDV"
"selene.senior@edu.tbz.ch"|"J7QG@W-fT9jj4-C%lNkJ"
"anais.joskovitch@edu.tbz.ch"|"LV&9p$-oc%DlD-ZflJbC"
"marie-noel.dally@edu.tbz.ch"|"q4UnbG-x97Koy-%aFZuV"
"marie-helene.laurence@edu.tbz.ch"|"FlyRPG-wNaQEy-DlS85P"
"camelia.foxon@edu.tbz.ch"|"fxXozE-3I3RpZ-TKCflz"
"helene.cankett@edu.tbz.ch"|"TTsgXL-g6CXgn-q4mI4e"
"marten.mitchelson@edu.tbz.ch"|"v&kDp0-6Bkf5Y-RAy1c$"
"helena.stirtle@edu.tbz.ch"|"7eY9Ks-q#YR&9-kd5&Yv"
"leane.barmby@edu.tbz.ch"|"Bj0uEO-WKYF@D-e3N0M4"
"goeran.ofinan@edu.tbz.ch"|"pcI0X#-VjYxJw-D@3fph"
"styrbjoern.proby@edu.tbz.ch"|"P8OtrN-qlGqKb-VVz&hL"
"zoe.halse@edu.tbz.ch"|"#OB3fN-hWW$RX-$ETwl$"
"kui.drable@edu.tbz.ch"|"qEvu#1-lR&uuI-w6Xbpf"
"desiree.bamford@edu.tbz.ch"|"te1#6H-hKUZnQ-Ht@B9D"
"zoe.suller@edu.tbz.ch"|"Y#4Yl#-hp1T4r-Qws1Wi"
"marylene.audiss@edu.tbz.ch"|"zcu5LF-h%ns3A-h57$tk"
"adelaide.poznanski@edu.tbz.ch"|"@LcS&Z-WTK2I5-6Q2R$#"
"maella.coleyshaw@edu.tbz.ch"|"wgRcpM-n61BCN-Zi9&KO"
"marie-francoise.gelder@edu.tbz.ch"|"drSIqj-WN3$eV-rIDZBR"
"eleonore.chaffyn@edu.tbz.ch"|"X8EM&S-ZT$wV#-n1R@WW"
"celestine.sikorsky@edu.tbz.ch"|"GOteo%-N$zWdr-0%r#P2"
"stevina.londsdale@edu.tbz.ch"|"k3Hs16-4UaxmH-lSzrAJ"
"maiwenn.nevitt@edu.tbz.ch"|"20mRMQ-S4Lsu9-lWDJSI"
"magdalene.gerrey@edu.tbz.ch"|"YWGkqs-Rvn@SV-IHeIwc"
"becassine.latimer@edu.tbz.ch"|"%hympQ-1KL9RL-aScjLV"
"da.lethibridge@edu.tbz.ch"|"hn7jVT-cRtDxp-xPp@w@"
"mailys.claige@edu.tbz.ch"|"7%yhA&-%$2dka-Iubm1&"
"maena.torbard@edu.tbz.ch"|"w4fd5s-3y$&rA-fqrFUP"
"solene.lyvon@edu.tbz.ch"|"oEWeQi-Vw4GGJ-jBAQLE"
"marie-therese.benbrick@edu.tbz.ch"|"wrvec7-kzb23G-xmydQv"
"gerald.edmonson@edu.tbz.ch"|"lJWn1J-y3Ta87-hg62IX"
"ake.messruther@edu.tbz.ch"|"OoT98H-iJoPs9-8n10I7"
"men.gosneye@edu.tbz.ch"|"kDW7eD-bC0URd-FnXNH2"
"anais.jefferys@edu.tbz.ch"|"fti6nM-AD2x8z-OqcjyC"
"publicite.tregale@edu.tbz.ch"|"k7HuSY-vf7ZBn-#YLe3p"
"maily.santorini@edu.tbz.ch"|"BlUPQp-M5mzu3-jgdh5g"
"ines.pioch@edu.tbz.ch"|"wwVUgA-V45y8X-HIpg@T"
"noemie.marklew@edu.tbz.ch"|"QZzhGW-40SE6A-fHd8cd"
"meghane.maccaffrey@edu.tbz.ch"|"$eGZp&-merEba-NPt@yO"
"berangere.ambrogio@edu.tbz.ch"|"GJCPws-E6Jw0C-sqbGpP"
"mediamass.ryce@edu.tbz.ch"|"RMWNpH-lp&IvP-5%Vgog"
"oesten.ubank@edu.tbz.ch"|"E8oDJW-QSzkMS-vlebTb"
"melina.mackee@edu.tbz.ch"|"rfc3sR-%2FPgj-lY2B8w"
"theresa.livezey@edu.tbz.ch"|"fxcwg@-t9NG9c-ezB@SY"
"clemence.weal@edu.tbz.ch"|"c7OtBa-4Lnz$F-7B0Gvn"
"faites.overton@edu.tbz.ch"|"UUDwSp-V@ifTD-ERViM@"
"clea.lindblad@edu.tbz.ch"|"LnQspL-FIBE$1-S$hh3G"
"josephine.roseaman@edu.tbz.ch"|"uQYyR@-IYzyn7-k94oJ6"
"oesten.lowbridge@edu.tbz.ch"|"OgyL&R-gyeP4v-3SWEX6"
"marie-josee.brion@edu.tbz.ch"|"rwHaEB-fKb$da-#RgYDu"
"therese.basili@edu.tbz.ch"|"lLjL@c-X2IRaB-Y2YGrt"
"melia.vertigan@edu.tbz.ch"|"qsjgcL-Oj1OEq-ycDjP8"
"judicael.saull@edu.tbz.ch"|"eCy63i-h@8cK$-@S2lNz"
"selene.valentine@edu.tbz.ch"|"lBO@CA-Ks1xtv-QpyaEr"
"verane.dunlap@edu.tbz.ch"|"hbb3Y9-7G99Xu-NR1zLA"
"meline.kinnear@edu.tbz.ch"|"1ngGn2-#MUWkq-QE2xNK"
"lei.luttgert@edu.tbz.ch"|"IdcxFZ-2i6ItR-UuKSE#"
"styrbjoern.lathleiffure@edu.tbz.ch"|"mAPKeT-uDMOQ0-kJdbCJ"
"marlene.blasi@edu.tbz.ch"|"w&KDrf-H2IzY1-caQzDg"
"mai.begwell@edu.tbz.ch"|"P#J044-dyo9oP-IlVR2f"
"gwenaelle.kaines@edu.tbz.ch"|"tvLMLb-R&71F0-QEDKGH"
"gerald.adamthwaite@edu.tbz.ch"|"4LC#mm-7X@wL7-7ALeM5"
"kui.hartfield@edu.tbz.ch"|"$J%Gfg-KzcNP1-AdwexA"
"salome.currao@edu.tbz.ch"|"q1aBS$-SH8naT-#8C#NA"
"angelique.tixier@edu.tbz.ch"|"3I#hSL-ERrPPP-tsBSKr"
"ju.mcgragh@edu.tbz.ch"|"MFlYTA-1gCo1C-CHyGSa"
"dafnee.beachem@edu.tbz.ch"|"eGUiO6-tY9X3d-$nngqe"
"creez.terlinden@edu.tbz.ch"|"p7bVco-ORhLLl-Rl2kx%"
"uo.mcskeagan@edu.tbz.ch"|"gbZRWa-#DJTfR-gLcyut"
"edmee.mccaughren@edu.tbz.ch"|"VIfNj8-g95uVC-eUB$9v"
"asloeg.cozby@edu.tbz.ch"|"EC#sfl-8aeH3J-IUcRbQ"
"melodie.traite@edu.tbz.ch"|"BwSFQs-0yIoNO-aQ7VPP"
"dorothee.aindriu@edu.tbz.ch"|"wg5h@%-Zv6A$a-jVMU6v"
"daniele.doley@edu.tbz.ch"|"l7wFAa-EEgj4H-ammOWT"
"mediamass.fairclough@edu.tbz.ch"|"Gpv&g%-wBS##%-eNY1#j"
"lorene.rainforth@edu.tbz.ch"|"9czmpN-3NPqm0-PxlwHR"
"leonore.eyer@edu.tbz.ch"|"0x1a$%-Wt6BQd-SxNqwf"
"po.spillman@edu.tbz.ch"|"Y&NYkI-IBaCu2-OJ7dhx"
"cecilia.plitz@edu.tbz.ch"|"qUIJMI-@5RH0H-e%Zdgr"
"lorene.ludlow@edu.tbz.ch"|"mGCG3x-RLrUlB-TG9kn4"
"berangere.neligan@edu.tbz.ch"|"DeNG6S-pqmRUa-a#L0R&"
"simplifies.huggan@edu.tbz.ch"|"dP55CA-toC@1P-%Qw3e5"
"clelia.prandy@edu.tbz.ch"|"vVVbPR-Dcz4hn-j@L%vD"
"ake.osban@edu.tbz.ch"|"8u4Kl3-%t@23q-1izZiq"
"cunegonde.brunn@edu.tbz.ch"|"XKN$EZ-jaNgyV-EnS5&z"
"long.grizard@edu.tbz.ch"|"Jpb0kf-z$6jqP-IFUqu0"
"meghane.diss@edu.tbz.ch"|"jMojmJ-@Kk$a%-DLH$H8"
"therese.oldman@edu.tbz.ch"|"W@@BQA-cArvtV-rVxTzE"
"boerje.scamerdine@edu.tbz.ch"|"FgQC2P-MWLVsE-wl9O@C"
"du.saban@edu.tbz.ch"|"9fF7aD-IK1uuB-#943CV"
"hakan.clynmans@edu.tbz.ch"|"KX&WTn-lelbwu-TD2xHU"
"wa.macdowal@edu.tbz.ch"|"uMk1R5-k&Bv$F-4ngyZ1"
"venus.hatrey@edu.tbz.ch"|"J7%q1h-%vWrZI-NEikW#"
"anaelle.vispo@edu.tbz.ch"|"Y$S$NV-qlYagI-$w#&l4"
"mahelie.ollcott@edu.tbz.ch"|"uUpwF2-VZFjfD-FDUcMn"
"mediamass.whyman@edu.tbz.ch"|"Wc4pve-SO3AfU-E1YRbr"
"esbjoern.basson@edu.tbz.ch"|"T@COXj-1aTXiQ-MrbO6m"
"andrea.morrill@edu.tbz.ch"|"do@KV8-Eb5wE%-ktYucz"
"melys.grassi@edu.tbz.ch"|"9qEjoh-T#pYWs-zZZ2fU"
"leone.poleye@edu.tbz.ch"|"D&kb2Z-f4q3jf-@56Dyz"
"francoise.penny@edu.tbz.ch"|"7Pcfjk-GoNAUm-vl9wrT"
"rebecca.edney@edu.tbz.ch"|"gNthK#-dovEr6-7VZm#d"
"adelaide.murtagh@edu.tbz.ch"|"Vadu9z-cHV3Tg-hXA496"
"stevina.winterbourne@edu.tbz.ch"|"v%OctD-YE%UYA-BTZd5B"
"ma.cottom@edu.tbz.ch"|"LMYzgR-3&WtZe-lrYE#q"
"tan.harold@edu.tbz.ch"|"CbRGvb-v95&y2-b53DSZ"
"venus.forte@edu.tbz.ch"|"40AJQ3-JltldH-lHE@Tp"
"almerinda.oluney@edu.tbz.ch"|"v7pV4%-2Xc13F-1lNUVV"
"cleopatre.brehault@edu.tbz.ch"|"RBN6l#-QoInMX-vHGSXo"
"interessant.lapides@edu.tbz.ch"|"Pxsit0-UTp4BK-dXKUgG"
"reserves.hallatt@edu.tbz.ch"|"$ygyta-ifcze#-WV0oVz"
"annotes.birdwhistle@edu.tbz.ch"|"yluuw2-td3Gk#-3QoADf"
"ai.dredge@edu.tbz.ch"|"beFdEa-Mb1X9L-Zk4WRo"
"megane.mussard@edu.tbz.ch"|"A5uLL%-Je31LM-ZMHRv6"
"esbjoern.gowrich@edu.tbz.ch"|"ZSbUrl-L$n0Za-Enge$l"
"boerje.brislawn@edu.tbz.ch"|"$s0gIZ-y3InEo-OO@OZs"
"becassine.wilce@edu.tbz.ch"|"6CXoHR-ErX#Di-7h@pOS"
"personnalisee.oels@edu.tbz.ch"|"fnEFdV-tSmutu-Gj4cpd"
"verane.pett@edu.tbz.ch"|"T1Mk1k-EyCLpp-w2ymzA"
"marylene.glewe@edu.tbz.ch"|"25z8XP-Zdewnw-OcRjkB"
"lai.elson@edu.tbz.ch"|"vNqPpE-jH$xpV-MyJT21"
"serena.difranceschi@edu.tbz.ch"|"&Z0doS-twoW#H-9vCnz#"
"lie.espinel@edu.tbz.ch"|"Vh0EFv-DTTloH-RmM82u"
"marylene.fantini@edu.tbz.ch"|"k6B$be-i2i7lX-riyEJk"
"andre.archdeckne@edu.tbz.ch"|"e9p3eJ-5vyn9@-pXwhDi"
"goeran.bohlingolsen@edu.tbz.ch"|"LPF69D-vYiKYQ-#mio38"
"cunegonde.heffer@edu.tbz.ch"|"ZGhnz8-%Wnter-IiedKn"
"tan.fechnie@edu.tbz.ch"|"EXI3R4-dSrd80-ElDkZy"
"marie-noel.brammar@edu.tbz.ch"|"hYXXcD-%mLJp&-v&&$Sa"
"simplifies.aven@edu.tbz.ch"|"NryRg4-&bc0Sv-e%S0Vd"
"melys.pinchen@edu.tbz.ch"|"BVOspw-bimR2k-%VfsMB"
"edmee.joyner@edu.tbz.ch"|"zFiMg%-LQ%aaw-U9FcHo"
"berengere.edess@edu.tbz.ch"|"Dyq19w-XF989g-S748Hm"
"marie-noel.goward@edu.tbz.ch"|"%wY7%N-o77QN6-myS%n5"
"ju.edmons@edu.tbz.ch"|"6bX%2%-89$Vsl-Bfn@mW"
"frederique.airds@edu.tbz.ch"|"KGv14C-W4jaNQ-UcgZ6m"
"reserves.dauby@edu.tbz.ch"|"IGeKeO-LuW%jG-cyU3DP"
"hakan.gynni@edu.tbz.ch"|"Wp@S8c-6y0Sez-rUu&Gn"
"leonore.pinwill@edu.tbz.ch"|"O25ofV-nm84%0-Ri$Xzt"
"marie-eve.mcallan@edu.tbz.ch"|"zwgsAD-7rmVS6-9Ys&7X"
"naelle.yeabsley@edu.tbz.ch"|"A1Vuwi-YczXUd-htGLA7"
"nelie.jacobovitz@edu.tbz.ch"|"QMELv#-uF5ucO-IGOd%R"
"adele.conelly@edu.tbz.ch"|"XlLBn5-Cpoaal-jwZj&o"
"clementine.dondon@edu.tbz.ch"|"cO&LZr-dFkK5D-hMJn7V"
"zhi.willcot@edu.tbz.ch"|"6zpKga-D3Pr&q-kBKiMh"
"chloe.janicki@edu.tbz.ch"|"lTLA$m-TY6sVn-eDOWxC"
"meng.linde@edu.tbz.ch"|"jc4yu@-PpOav&-%J0GEL"
"celine.janisson@edu.tbz.ch"|"CukpnG-7bPTW9-7Cnu4X"
"clelia.crow@edu.tbz.ch"|"e0gc1t-8hEMwK-YKttJj"
"cecile.pyott@edu.tbz.ch"|"gsDA8y-nc00RJ-Vu8Kd5"
"ma.fidelus@edu.tbz.ch"|"HdgdOC-9qto6V-EFpnjd"
"marie-helene.poore@edu.tbz.ch"|"oOzUA4-QTGOnM-QpwQ24"
"elies.blanket@edu.tbz.ch"|"35SDIw-cOQg96-x5&h3s"
"yu.boyer@edu.tbz.ch"|"bM8UpJ-OiZmQq-%bgNQa"
"celia.welds@edu.tbz.ch"|"KHgs5N-q755LF-Upq@se"
"du.gunney@edu.tbz.ch"|"h1FTVr-5yK$C7-x44BW5"
"goerel.crush@edu.tbz.ch"|"Jo2E4&-1aYSql-tQ9@qP"
"marie-josee.brosius@edu.tbz.ch"|"fcNFVl-sCCE4I-aBbYR8"
"camelia.adds@edu.tbz.ch"|"m3OzBv-uOlwic-6LmFSf"
"anae.irwin@edu.tbz.ch"|"@v%9%1-V1Zha0-3c&uk6"
"cleopatre.skeffington@edu.tbz.ch"|"MHNl3n-cy#ms2-G4n5#B"
"gerald.suggate@edu.tbz.ch"|"IVl#cQ-MaIZ8n-UGKm4g"
"laurene.tailour@edu.tbz.ch"|"14kGLs-YkQ8Sm-S5kj%Z"
"amelie.hoble@edu.tbz.ch"|"WAZJ4c-JaL3P3-pzxD0b"
"venus.getch@edu.tbz.ch"|"FdGV#v-tTOyQ%-pf6E#l"
"renee.treby@edu.tbz.ch"|"8dEp#y-ClUi$p-rP4tdO"
"almerinda.stait@edu.tbz.ch"|"P&@AcC-vqXGEU-nWlbbg"
"andree.reddecliffe@edu.tbz.ch"|"srIBOw-wTIlui-hNg9rk"
"leone.wintle@edu.tbz.ch"|"S8tBGe-k1OKni-ORtLdL"
"gerald.fellow@edu.tbz.ch"|"n7AJqK-AciuxT-znGeoK"
"ju.gudger@edu.tbz.ch"|"SfLoto-IGd4v4-6p8j&G"
"meng.ohaire@edu.tbz.ch"|"b7&aJJ-Urr9BV-w4#3pN"
"cleopatre.missington@edu.tbz.ch"|"A&4B@1-HjOxCn-eHvrJm"
"annotes.debruyn@edu.tbz.ch"|"LAncc3-k5i$9a-XqQSbC"
"gerald.sinisbury@edu.tbz.ch"|"Curv4G-FUq9U@-Gx&Wkf"
"creez.slora@edu.tbz.ch"|"Jt@q82-&xaGaE-yr@C#S"
"gisele.benbow@edu.tbz.ch"|"a9GUR1-0SR@$x-HTPLSG"
"pal.dossit@edu.tbz.ch"|"6NBIq8-tsONFp-wFe8Q7"
"nelie.stirrip@edu.tbz.ch"|"2ux1Um-jMHFAw-t0rRia"
"alois.ocrigane@edu.tbz.ch"|"A1xtgk-tYxH50-h$6o8N"
"kui.mcterry@edu.tbz.ch"|"HD#YbE-MVeMtL-oJDhCu"
"long.willgoss@edu.tbz.ch"|"iHExZ#-31ZdqD-bSBFmn"
"francoise.sumpner@edu.tbz.ch"|"5D#QV6-XxxuU4-4GuR0W"
"maely.grinstead@edu.tbz.ch"|"Prjns5-vI7tp#-AS6sj&"
"creez.langeren@edu.tbz.ch"|"w1Qr@$-oiUYYi-lfOb4%"
"adele.dungate@edu.tbz.ch"|"vChOLI-g4hUyu-G2kb49"
"cleopatre.noirel@edu.tbz.ch"|"qA7OTj-eFFSS3-&68xld"
"interessant.daverin@edu.tbz.ch"|"yy0eQP-vrZuus-&N5KOo"
"naeva.kalderon@edu.tbz.ch"|"23dZGb-ImsGBy-9GB@Hh"
"anais.oshesnan@edu.tbz.ch"|"d%rZq7-uVjjdI-7aM%0L"
"judicael.anelay@edu.tbz.ch"|"jc@npu-7v6tm2-7R6x00"
"eloise.braxton@edu.tbz.ch"|"OoGWB5-xW3qOv-upbH2N"
"desiree.greguol@edu.tbz.ch"|"6&zEg2-0HA&XY-iDsY40"
"maite.mcclenaghan@edu.tbz.ch"|"dNG4Ok-rB8c41-E7hEEh"
"meng.doret@edu.tbz.ch"|"uXEIoI-QrZGDC-tjD97x"
"frederique.chippendale@edu.tbz.ch"|"23O@RF-NEM8hh-a&GOSq"
"andreanne.lanney@edu.tbz.ch"|"zjptsi-AHm39P-Sxyu$q"
"aurelie.claus@edu.tbz.ch"|"YzkrhV-F48nmC-8hDl3e"
"renee.pabel@edu.tbz.ch"|"6$AjqH-Sw&hu3-QG7T6@"
"maena.roust@edu.tbz.ch"|"cmGk9V-jutnm6-BXaWRw"
"nadege.carwithim@edu.tbz.ch"|"%1UuFW-DUfMfZ-bhaqYp"
"solene.geyton@edu.tbz.ch"|"L7eu%y-5lC8I6-ePBPz0"
"dafnee.avraham@edu.tbz.ch"|"UGiIH5-OH90@F-BMMQiT"
"leane.woolvin@edu.tbz.ch"|"qMG%28-yS%%Gv-hBru&O"
"adele.macadie@edu.tbz.ch"|"PWz%Yg-sGyGhR-cUMkJx"
"meline.rubica@edu.tbz.ch"|"&hPhyk-pS4J$C-puk&X0"
"marie-noel.speeding@edu.tbz.ch"|"QTG9vx-M7LgIO-hCLFpe"
"nelie.mix@edu.tbz.ch"|"MIzpxY-2GKNN3-tcXj4U"
"clea.ollett@edu.tbz.ch"|"F&yhK8-jW3#dK-R@KC0a"
"leandre.mcgavin@edu.tbz.ch"|"5@ygzV-9%E8#L-7@8r4X"
"cecile.behne@edu.tbz.ch"|"PX&jN9-JqnAZQ-vusjXR"
"melanie.polle@edu.tbz.ch"|"ifxjjw-3w%liR-81gSNN"
"marie-josee.titmuss@edu.tbz.ch"|"zDJ5G%-2szq6O-nBhlgC"
"helena.guest@edu.tbz.ch"|"Q94v#n-sJ26x8-%$dsii"
"annotes.chicchetto@edu.tbz.ch"|"1p7uAo-wGaoAZ-cYQgY5"
"melia.tubb@edu.tbz.ch"|"YYF3SF-fgft6Q-Mh0$i%"
"angelique.casetti@edu.tbz.ch"|"&&K7OD-L&Cph4-5jB8RH"
"cunegonde.cleall@edu.tbz.ch"|"Wb2l2i-JCQF6#-axGU$k"
"camelia.oaker@edu.tbz.ch"|"@x39eJ-NBhpzx-k1zrp%"
"you.searight@edu.tbz.ch"|"ACfhUc-OJHeKt-&$q4Cz"
"kevina.dederick@edu.tbz.ch"|"81vq$o-A0GBxM-QmLOrV"
"milena.jeffrey@edu.tbz.ch"|"dIbY@N-cbYkeH-kdCVqN"
"melodie.barkshire@edu.tbz.ch"|"6j#7gh-j9h%oA-nEQ64f"
"gaelle.kreutzer@edu.tbz.ch"|"GB3#0$-mXpBrZ-Acgk35"
"kalliste.kleinpeltz@edu.tbz.ch"|"SAx#75-dlKMGe-ekv#r2"
"clementine.danat@edu.tbz.ch"|"sm0LDj-CqaWW3-vEaEC&"
"andrea.wabb@edu.tbz.ch"|"qSp5Kv-PTf1KE-6PNDXn"
"geraldine.piesold@edu.tbz.ch"|"9GvNz3-$VPNE#-G@C$&Y"
"tan.fiveash@edu.tbz.ch"|"UmeJb%-Hp76cW-mwYWCH"
"meline.yuranovev@edu.tbz.ch"|"cK3H$r-zaPDyQ-dsYeQl"
"therese.holme@edu.tbz.ch"|"WfJqQ6-Y1SD0Z-V4Qx6P"
"salome.vaney@edu.tbz.ch"|"deoKPH-tiILd&-A$GbJF"
"anae.abramson@edu.tbz.ch"|"2Q6dMK-NS1bu9-w0X2S3"
"kalliste.jimson@edu.tbz.ch"|"dUhKxV-lfDVLC-vmRny2"
"selene.yole@edu.tbz.ch"|"BspTy%-x3Swaf-vZn4Tc"
"agnes.defraine@edu.tbz.ch"|"XmwAef-qVUVpL-jkkuTi"
"faites.mccluin@edu.tbz.ch"|"PJQr6V-2tMZno-aaPfV0"
"athena.deme@edu.tbz.ch"|"z%L$D1-81F%I5-levCWX"
"daphnee.brigstock@edu.tbz.ch"|"oO5MJd-NT&L7H-THYVIF"
"goesta.skaif@edu.tbz.ch"|"KcvGXg-a9AKHL-LPbana"
"oceane.jagoe@edu.tbz.ch"|"ACQaJk-xpE6y$-VTBL&P"
"annotes.broomhall@edu.tbz.ch"|"%gN7e6-@rwV3p-rLOG0$"
"marie-eve.ballendine@edu.tbz.ch"|"jstF6h-s%QTKx-vGP54K"
"melina.spykings@edu.tbz.ch"|"Trpc3b-K2IDiM-M&WeAX"
"laurene.ticehurst@edu.tbz.ch"|"GzVmwE-4fcWfz-l300CL"
"fei.avramovic@edu.tbz.ch"|"1N4G2q-$AjISZ-kFvFyY"
"publicite.strathearn@edu.tbz.ch"|"12uskp-6$Dtxl-B09gtr"
"torbjoern.garrow@edu.tbz.ch"|"gX4lT3-EfoXyx-N5WAq#"
"chloe.rubinsztein@edu.tbz.ch"|"gc1%di-vvcZoU-Rzqc3i"
"mylene.demanche@edu.tbz.ch"|"n2%KIm-$TEQe5-kyeWRa"
"mediamass.godlonton@edu.tbz.ch"|"V#wTlc-oyWiun-tgM9Sn"
"renee.shurrocks@edu.tbz.ch"|"kQ37i#-$eQ%A9-erjsy#"
"maiwenn.jedras@edu.tbz.ch"|"m%0wfq-@I7ydM-T5&M7O"
"genevieve.castells@edu.tbz.ch"|"$kY2G&-3a9981-1NEU@Q"
"renee.sneden@edu.tbz.ch"|"liD4&6-RDjKNT-4%V4$2"
"lai.mccallion@edu.tbz.ch"|"bhUhWr-4bZuRv-E6a8S3"
"kevina.impleton@edu.tbz.ch"|"zyr7Q8-ujrsV9-%mZZV2"
"oesten.fresson@edu.tbz.ch"|"j#2%My-LcbtKf-7KESs5"
"verane.shawley@edu.tbz.ch"|"3eDCAQ-3kr8GS-@od%RC"
"uo.sjostrom@edu.tbz.ch"|"NcmS3q-XI2sub-$II@3v"
"gisele.gothup@edu.tbz.ch"|"jkQPxl-LJ0iz1-0Uvi$V"
"renee.beauman@edu.tbz.ch"|"haLBO9-mVY5Rm-74Znd%"
"elies.loton@edu.tbz.ch"|"8$Yf#p-N2afN4-FcOhx8"
"valerie.elsmore@edu.tbz.ch"|"Pmx$71-vr%d%l-aRoDdm"
"berangere.delafeld@edu.tbz.ch"|"tORPuG-4yxxaZ-w3cx6z"
"bjoern.schimke@edu.tbz.ch"|"V3Dkl&-losEMp-Tm0i7l"
"loic.ericssen@edu.tbz.ch"|"Nk1mQ4-ZU$Ind-BDRN1w"
"creez.richarz@edu.tbz.ch"|"VENUqP-fng@f9-LqMMV#"
"athena.grocott@edu.tbz.ch"|"txa1AE-m9zsI1-avRc1l"
"naelle.piotr@edu.tbz.ch"|"hF%qUX-esq&de-fSO9KR"
"maella.paulson@edu.tbz.ch"|"OUKDrO-6mt&nu-i3BO0M"
"song.perot@edu.tbz.ch"|"Jl0kF7-WjQJpv-unwIzF"
"kalliste.heckney@edu.tbz.ch"|"4V8%ht-nVySdv-tE@1bG"
"ake.vasyutkin@edu.tbz.ch"|"3ohOa4-TDJqHF-WbqVza"
"ma.castles@edu.tbz.ch"|"5FPT8r-4PI4g0-a5MHWL"
"maely.monget@edu.tbz.ch"|"6ktkJQ-ON$khj-U9vJv6"
"tang.durbridge@edu.tbz.ch"|"kPwmji-FD6S@B-r%Ymp4"
"laurene.andrew@edu.tbz.ch"|"k2MI@b-eD&JV4-5IH1tw"
"lysea.beacon@edu.tbz.ch"|"JtjFpn-tYYhGc-OtmLJz"
"leandre.peyntue@edu.tbz.ch"|"zXacd#-$x6OcM-WiwkIu"
"rao.trever@edu.tbz.ch"|"to&4A9-xdXttC-tf2m3P"
"mahelie.streader@edu.tbz.ch"|"zTX1x2-x6YEIb-easDst"
"maerta.andrejevic@edu.tbz.ch"|"TvZHwC-5fpugH-rjE%ws"
"goesta.tompkins@edu.tbz.ch"|"1djcBo-G%bpPn-%TJ9ZY"
"helena.agates@edu.tbz.ch"|"M#3DsA-@Fn6if-U6Bw42"
"therese.glass@edu.tbz.ch"|"@MClEZ-%@wYmY-wSLiWk"
"alois.foan@edu.tbz.ch"|"Z6wQtT-evFQWf-5MFw8m"
"becassine.melchior@edu.tbz.ch"|"3jSTD@-sEd1jv-onE@oH"
"cloe.robart@edu.tbz.ch"|"qpTHCs-fjrS8t-mj9dKH"
"daniele.puckinghorne@edu.tbz.ch"|"&YEsRn-bUjrpU-DO@qd@"
"selene.cammidge@edu.tbz.ch"|"Tt7WeJ-mhP$Ug-#wsIjq"
"regine.conochie@edu.tbz.ch"|"v@OzF9-ZislKl-UYgKYP"
"interessant.tuiller@edu.tbz.ch"|"x@OnJU-lSpBOP-UBIS5#"
"long.tiebe@edu.tbz.ch"|"51%%kt-ElnDFO-u0UcBV"
"mans.yele@edu.tbz.ch"|"rK4kXB-UWiSzc-7idjrg"
"ai.giles@edu.tbz.ch"|"Lh2MKG-OvbzOK-cyW@5b"
"gaetane.hamberston@edu.tbz.ch"|"tpUzKl-dlOCPK-%4@OPS"
"marylene.fenix@edu.tbz.ch"|"SK$HjE-ZKF8ds-uz5lX#"
"geraldine.graeme@edu.tbz.ch"|"oZRO2V-Mjn@Fi-MUiEmr"
"tang.kinglake@edu.tbz.ch"|"KX3l8S-KhoOE9-QzN92u"
"lai.challoner@edu.tbz.ch"|"JzKNBJ-6%nCd8-InKLyS"
"desiree.mattei@edu.tbz.ch"|"&RoaKE-KE6JYn-YALyPZ"
"ake.erley@edu.tbz.ch"|"yB0rMC-GptX4w-uU$d0S"
"edmee.cavil@edu.tbz.ch"|"aKzdJu-aGyy%X-WTFSe8"
"alois.moyes@edu.tbz.ch"|"dP%6fF-aNiIYF-ZdNtql"
"becassine.pitman@edu.tbz.ch"|"lYDdtp-3NJHvv-aOHy1V"
"ai.giacovelli@edu.tbz.ch"|"L9i6YM-FpkcN4-kX09rQ"
"judicael.fruchter@edu.tbz.ch"|"xrlmL4-gfwlzm-iMJVM&"
"mans.mogg@edu.tbz.ch"|"GrCaCi-caTad$-5GGyj3"
"gerald.foyle@edu.tbz.ch"|"ZUBYqL-AW47XH-J%zVdk"
"wa.androletti@edu.tbz.ch"|"wn81zI-NYLNDa-VJaXPp"
"meng.ollett@edu.tbz.ch"|"gu1mkU-7pIbD&-n96h%o"
"naelle.macmenamy@edu.tbz.ch"|"a$kDgz-N3nSip-G&UJ2n"
"gisele.mcramsey@edu.tbz.ch"|"2oCDgx-e%%@#n-P8GVDk"
"meryl.scolts@edu.tbz.ch"|"P#LGGt-1&aTtA-#UHmls"
"celia.bloxsome@edu.tbz.ch"|"nGpEBM-O1pV7L-2I#kzn"
"styrbjoern.stuke@edu.tbz.ch"|"&j9h2j-SlsUjj-HEfwtz"
"felicie.gwilliam@edu.tbz.ch"|"2qLI0Q-hoAJiY-#9FrSx"
"da.harms@edu.tbz.ch"|"$0Z14v-$zCgyD-Cy1p&@"
"celestine.baulk@edu.tbz.ch"|"nIhL9u-Fs35c2-nu39vm"
"mahelie.blackledge@edu.tbz.ch"|"u8Ox#$-@52%R#-NMw6JT"
"meghane.salt@edu.tbz.ch"|"Ek@iJF-R9HgrU-LyfrO3"
"methode.paxeford@edu.tbz.ch"|"8Feh1X-&SRAz1-k#zLiZ"
"asloeg.milligan@edu.tbz.ch"|"O8BhHH-MJqXuk-b#M2rg"
"you.pellman@edu.tbz.ch"|"e@F@K8-&VF#%T-Ib6uzg"
"loic.regenhardt@edu.tbz.ch"|"O23lgo-cdhQWp-KQzCXi"
"daniele.savill@edu.tbz.ch"|"&O42rK-4LuGl1-RFuT0Q"
"alois.cornu@edu.tbz.ch"|"tr6B1m-gl$16V-QtBQF9"
"oesten.govey@edu.tbz.ch"|"VpIW5j-8CBk6F-iaPbcq"
"marie-eve.louch@edu.tbz.ch"|"vtjMbT-OkRVzf-wlQ&aS"
"theresa.wenn@edu.tbz.ch"|"3Xhede-aAqAN@-B#Njc7"
"andree.eul@edu.tbz.ch"|"g1X5gz-dN3ewd-xjsRm8"
"lie.paynton@edu.tbz.ch"|"ISy7$9-KvgCLA-SJHFvG"
"marie-eve.girodier@edu.tbz.ch"|"r1chAc-akQJ@c-bOF5b$"
"marie-noel.smithe@edu.tbz.ch"|"lzbg%5-Bwm1F8-tA9KM9"
"men.bootyman@edu.tbz.ch"|"WXrFsQ-9O79ql-#UnNn&"
"ku.sugg@edu.tbz.ch"|"pc0Bul-nYJN%@-bQgYef"
"lucrece.roseman@edu.tbz.ch"|"gKrqof-xQcy08-HrE&Fg"
"zoe.annear@edu.tbz.ch"|"&YeTcp-EX0p$j-gKao#g"
"marie-helene.rennebach@edu.tbz.ch"|"zjO88y-aCf6zf-nzuCy4"
"lea.djurdjevic@edu.tbz.ch"|"D4375N-9AG%SG-6oFH13"
"goerel.robert@edu.tbz.ch"|"ToJwpv-XqE6vC-zCQdEK"
"mylene.foldes@edu.tbz.ch"|"J&0ZWL-XPJcTK-l8Uq1h"
"faites.clegg@edu.tbz.ch"|"rTI5a&-oFsrFa-e0AvO9"
"marylene.crowcher@edu.tbz.ch"|"Fm6whD-ac$Pb%-mQjAbX"
"aimee.wimpeney@edu.tbz.ch"|"fyeUe%-j%FSEQ-RRBCDe"
"renee.atkins@edu.tbz.ch"|"zRWkD4-0tnDq4-qSYNVi"
"rejane.cainey@edu.tbz.ch"|"dmmAwx-E6iiC5-WGeXMQ"
"solene.britney@edu.tbz.ch"|"sp$Dsn-@fExsi-pBw24p"
"marten.shatliffe@edu.tbz.ch"|"7nJM3@-7ISniA-z#Ubjw"
"maite.issatt@edu.tbz.ch"|"Fa7xCo-OdpTEA-ZEo5o0"
"maelyss.edon@edu.tbz.ch"|"$VSmvz-%z66Fz-nzsKYN"
"nuo.bamling@edu.tbz.ch"|"6b72Ck-IgsJR9-X7S$OJ"
"anais.edards@edu.tbz.ch"|"1QJe9q-QEKJxV-t5efig"
"mediamass.bromet@edu.tbz.ch"|"jiv4eC-f91wmB-sFABaD"
"beatrice.kimbrey@edu.tbz.ch"|"y2BvDZ-VgN24C-wpHr&y"
"ines.lawranson@edu.tbz.ch"|"lzkBk9-NRvuL3-B4rrDS"
"kalliste.scandroot@edu.tbz.ch"|"MzSRgK-#j#C1a-0f7kF8"
"mans.barrowcliffe@edu.tbz.ch"|"117da9-MMtqFq-tvfx7U"
"irene.couves@edu.tbz.ch"|"eTUEwe-ToY1Ee-k8$cTo"
"milena.mucci@edu.tbz.ch"|"&AipCd-#eA%Dd-oR5JU$"
"naeva.cow@edu.tbz.ch"|"4w%i89-z2ST$0-XHJM4u"
"audreanne.mournian@edu.tbz.ch"|"xvb2H5-Jkqi6K-ACyvyY"
"melia.sinnatt@edu.tbz.ch"|"omgjFL-naC22g-eAWWeb"
"nelie.burnard@edu.tbz.ch"|"Vz8R#I-$7MGHy-P8&SHL"
"clelia.ashfull@edu.tbz.ch"|"k@IM&B-G9%KYm-s1J8o1"
"lie.macard@edu.tbz.ch"|"r6k1@t-xc9CKD-HO9KQ&"
"valerie.matoshin@edu.tbz.ch"|"kXqh$o-bn01TE-4G5ATs"
"anael.hatherleigh@edu.tbz.ch"|"JzdCEe-di9TZr-xfeZJr"
"interessant.warratt@edu.tbz.ch"|"917Yyz-y@DD4S-CXDL3z"
"eleonore.volage@edu.tbz.ch"|"hnzhRS-NN0U6k-I4gJ8p"
"zoe.stebbing@edu.tbz.ch"|"Ws75Zf-t7LMj9-7RaoDa"
"alizee.nye@edu.tbz.ch"|"ZvjUxq-TjPrp5-yfAOmP"
"celestine.bramley@edu.tbz.ch"|"Ah$nyo-0V#GGD-DqGr6v"
"selene.philcott@edu.tbz.ch"|"ePRr0L-jAHJbA-JE129r"
"tang.newens@edu.tbz.ch"|"aV5Snd-IeLB2%-lvJG3b"
"annotes.powys@edu.tbz.ch"|"9pKV9f-&v009v-cUOr%0"
"lea.matthesius@edu.tbz.ch"|"MnwEp2-jVQiub-ovm9nI"
"illustree.garlett@edu.tbz.ch"|"SOUf%L-F8ktTU-ayEjaz"
"maiwenn.meachem@edu.tbz.ch"|"XuLQBV-xcLNO#-sE4ISU"
"marie-francoise.mcbrady@edu.tbz.ch"|"PXENvb-7wgX4#-0LtM8w"
"illustree.gimbart@edu.tbz.ch"|"v7D7zU-&&&p2@-wiMHZ5"
"melys.lyosik@edu.tbz.ch"|"NnuZpf-dXifZM-I1Rvil"
"marylene.mcnab@edu.tbz.ch"|"mCJgBY-fkn%rP-4uEUpY"
"gerald.blount@edu.tbz.ch"|"Gb2PgU-EKklEm-OoLFgh"
"clelia.shakelade@edu.tbz.ch"|"9XS0ba-K@e51Y-TCLnhH"
"penelope.cridlin@edu.tbz.ch"|"DxVzIb-Q3dASM-3Oxjst"
"maena.okuddyhy@edu.tbz.ch"|"KRY8n%-Zp1gP6-XIdPOd"
"athena.keynd@edu.tbz.ch"|"P2$BD%-wxz6a0-aNlKkP"
"cloe.dwine@edu.tbz.ch"|"bj@LD8-Co62In-LibEla"
"josephine.browett@edu.tbz.ch"|"@q4dWB-GNBUZH-CidVFU"
"audreanne.oscanlon@edu.tbz.ch"|"V4WKnS-G4eLiy-cC3GUq"
"fei.jeanequin@edu.tbz.ch"|"$02xgl-B66f3B-cwKYwg"
"lois.gormally@edu.tbz.ch"|"wa0WIZ-M5ToeG-L@0w$@"
"marie-francoise.finnigan@edu.tbz.ch"|"fQJ@2X-KtljIR-zhTiwC"
"leonore.trussman@edu.tbz.ch"|"cd6$nE-&4gPjb-Wk3U@b"
"anaelle.trumper@edu.tbz.ch"|"BEYLJ2-&Lu#%@-yjhR$q"
"clemence.dionis@edu.tbz.ch"|"ajASJb-8GFMqA-SMnouX"
"lois.tranmer@edu.tbz.ch"|"LxL96A-UNVfX5-wJ$y5z"
"interessant.volett@edu.tbz.ch"|"0NeuDW-WQM5Bc-Fe0L6R"
"personnalisee.deackes@edu.tbz.ch"|"QQ7t$X-ymLFAj-V8SxaE"
"lie.vasiliu@edu.tbz.ch"|"#E0KSI-HrkBEm-9KxNga"
"dafnee.lamputt@edu.tbz.ch"|"AYe0vd-%fxJXK-hgfLCj"
"elies.bromige@edu.tbz.ch"|"1kIJXJ-ui#0ZX-CQRUic"
"helena.klosser@edu.tbz.ch"|"K5nhM4-%B2kfQ-4aDpYS"
"andree.grim@edu.tbz.ch"|"D%hLMG-4gqCei-dKZGMR"
"verane.coldbath@edu.tbz.ch"|"3PAQhT-P08ZPh-iVrlte"
"helena.bethell@edu.tbz.ch"|"1QS#t7-ZnqcRm-3FLpj@"
"kalliste.carefull@edu.tbz.ch"|"SV%0%n-VX%RON-ayhuN8"
"regine.odams@edu.tbz.ch"|"&#En5o-RR5Dum-#uBltp"
"len.stannus@edu.tbz.ch"|"sC3brD-YTrDh3-A$Ay@W"
"angelique.works@edu.tbz.ch"|"OgyUQj-T8W$6n-KYx@0A"
"goesta.rheaume@edu.tbz.ch"|"OBOUQF-F4RI8N-JlpjBZ"
"maelys.tynnan@edu.tbz.ch"|"u5u@DY-Rk3V7K-Gl0dCk"
"maelle.carlesi@edu.tbz.ch"|"XdkmBU-&%5SUc-q520tw"
"anael.spurden@edu.tbz.ch"|"od@Xji-@xi3xg-69zmDM"
"helene.pumfrett@edu.tbz.ch"|"BtRY4l-RMwced-nBt8EW"
"goerel.pearn@edu.tbz.ch"|"NwMOQd-XqmiSh-rMSyTN"
"laurelie.dezamora@edu.tbz.ch"|"@qw6Jd-EWRC&v-ztXdpT"
"yao.twidale@edu.tbz.ch"|"QzBwjS-6DGO4p-AO1WQi"
"berengere.sola@edu.tbz.ch"|"0iRmC5-%UXLq0-Ce8$W1"
"maelann.hardistry@edu.tbz.ch"|"P#evhK-p9N@bj-a7dVqW"
"severine.littlefield@edu.tbz.ch"|"BK3$9V-YiO&Pf-suH@do"
"salome.heinl@edu.tbz.ch"|"9aK8MX-5QFEvY-vk%dir"
"meryl.warbey@edu.tbz.ch"|"97I2Qp-k4@Ylb-gff0gW"
"da.hunstone@edu.tbz.ch"|"G$USOl-xKpI3d-t#rWjd"
"venus.broadbury@edu.tbz.ch"|"MSWN$j-%8n6Xl-mTPO0Z"
"meghane.rentelll@edu.tbz.ch"|"iHpm97-oyGhgt-S0WuTl"
"marylene.drewitt@edu.tbz.ch"|"Rw5mfB-Zpg81M-bBFhCm"
"melinda.jacquemet@edu.tbz.ch"|"kGCN@Y-Wih#@i-H@qg2D"
"marie-josee.keyden@edu.tbz.ch"|"VdYAWe-jA5%Jm-6oUy#U"
"asloeg.montacute@edu.tbz.ch"|"61A0ta-PwqyJ6-HGXSpL"
"ku.andreou@edu.tbz.ch"|"Rozoik-1v1ebV-#Z7wFr"
"personnalisee.feaveer@edu.tbz.ch"|"gR#DJr-BbXSIB-g6$xgo"
"laila.emptage@edu.tbz.ch"|"1hE0#U-tzTMXn-7PIy&p"
"bjoern.dawdry@edu.tbz.ch"|"CrwgIe-j78iZG-Ahxm5Y"
"marie-eve.dinsell@edu.tbz.ch"|"iP&Q1e-yNsOsA-v%BE%9"
"helene.follett@edu.tbz.ch"|"#Fp2o2-y@fQ5g-&VaMP@"
"penelope.cordero@edu.tbz.ch"|"4QkhCb-8Bc@@w-vzcPfK"
"boerje.beedell@edu.tbz.ch"|"UcSGYm-1$&UW$-R@oKgk"
"nelie.ferne@edu.tbz.ch"|"A1CQjR-%bFHmd-NN7@DP"
"celine.ahmed@edu.tbz.ch"|"QifdKH-xcqocS-XN%C@s"
"stevina.pimblett@edu.tbz.ch"|"UkNB#U-6khpAp-4Yvsxq"
"chloe.langlands@edu.tbz.ch"|"&YhiPv-GN1A@R-X6sMse"
"simplifies.maude@edu.tbz.ch"|"Pi$SDY-ChxC8%-WjW3I0"
"genevieve.decarteret@edu.tbz.ch"|"iEX44@-S5uXpV-$IMU9k"
"marylene.mughal@edu.tbz.ch"|"WeXkm2-ns7iJj-CtXje%"
"goeran.guttridge@edu.tbz.ch"|"6XRqwl-YNs833-oAMRWW"
"michele.smurfitt@edu.tbz.ch"|"URy&PG-X76std-w5qIsS"
"methode.hadeke@edu.tbz.ch"|"A@sc#Y-EQe8CB-8gkMLc"
"therese.rispine@edu.tbz.ch"|"kCKLDd-oRuj8M-M9aadV"
"goerel.plumley@edu.tbz.ch"|"IyesWp-B@aAs8-r9EiQF"
"oceane.friett@edu.tbz.ch"|"Ndn67Y-aKUFD9-N$HVqW"
"marie-noel.achromov@edu.tbz.ch"|"JM0PBS-nZB829-Y9oLa3"
"dorothee.storek@edu.tbz.ch"|"y$QHW8-wb6hFD-QSJpKw"
"goesta.whittle@edu.tbz.ch"|"muS8yp-2$cv@O-NVk26K"
"desiree.casely@edu.tbz.ch"|"@VtDLc-v1j6tU-Ia5bhm"
"felicie.condon@edu.tbz.ch"|"x1qQvX-KnU5ns-veOk71"
"maelyss.frisdick@edu.tbz.ch"|"kcQ&&w-aEqkkT-KpROZQ"
"aimee.banke@edu.tbz.ch"|"EZxFMj-mhwNHK-bq0%hi"
"naeva.hodcroft@edu.tbz.ch"|"RMkGiu-TggP4w-jtObPr"
"laila.gerrans@edu.tbz.ch"|"&phgZN-Pp7RR0-mE2eRC"
"daniele.scrimshire@edu.tbz.ch"|"tZVbmX-ITc3s$-IQyhdH"
"daphnee.sheerin@edu.tbz.ch"|"eHpF7t-0J1w&%-WN5q99"
"pal.vanyukov@edu.tbz.ch"|"EOI&d2-DU26nn-xQLUFj"
"zoe.childs@edu.tbz.ch"|"MJ%p63-vav1kl-s#eMzY"
"ai.corde@edu.tbz.ch"|"OYVb$k-qxs$Kz-h3noF@"
"maelys.berryann@edu.tbz.ch"|"HQat7G-gEMPgq-PyUOyH"
"cloe.gladding@edu.tbz.ch"|"##IXOW-8#8%jb-PuliJN"
"wa.kinnaird@edu.tbz.ch"|"Jn%o7d-09tyA6-5&UGBW"
"publicite.brittoner@edu.tbz.ch"|"Sc5WdU-eTba$@-jcP8@I"
"rao.windress@edu.tbz.ch"|"w5Dl9i-Y0lmAf-uyXgMG"
"uo.kollach@edu.tbz.ch"|"aYcsWD-Qc4&VL-Qaz@4N"
"josee.peskett@edu.tbz.ch"|"MGh4t@-u%Kuo6-thMJkz"
"annotee.hasel@edu.tbz.ch"|"8qbxMN-$k#zO&-MxGCos"
"cinema.lee@edu.tbz.ch"|"rQLsP4-dsiuKY-OiOZhk"
"lai.vedeshkin@edu.tbz.ch"|"2G$dPJ-aYvlqt-c%fevl"
"renee.brisbane@edu.tbz.ch"|"Kwq6dg-r5jhRj-VmcYQr"
"ophelie.blincoe@edu.tbz.ch"|"yJE#w2-Gq6wAh-JvckT5"
"zhi.prazor@edu.tbz.ch"|"ChXFmy-u2n8j0-tsk%tq"
"annotee.maddicks@edu.tbz.ch"|"hkH%5w-6jXRbm-8N2Pdi"
"maelyss.codd@edu.tbz.ch"|"Qh08I9-9YaiuH-gYtO#t"
"celia.peplay@edu.tbz.ch"|"qs4$ml-Ln$5Te-4Wmf@o"
"interessant.skone@edu.tbz.ch"|"gPEAjf-cTfBbs-esKBmm"
"audreanne.hebdon@edu.tbz.ch"|"#y8SU&-4UD%yl-OvKx72"
"oceane.glen@edu.tbz.ch"|"h3TlJQ-vUXQVp-C8L##f"
"daniele.vanyushkin@edu.tbz.ch"|"ndk4cA-FedtV3-I0Sm7$"
"daphnee.ayce@edu.tbz.ch"|"s9hK6E-WF0mMT-sXUg99"
"andrea.attride@edu.tbz.ch"|"nJAnK7-@OnVfl-q2T&ak"
"penelope.bridgwood@edu.tbz.ch"|"cH1GX0-pPs37E-h$8$fE"
"mailis.drewitt@edu.tbz.ch"|"8RvLNy-P$Qx8p-IEP#e8"
"penelope.mollene@edu.tbz.ch"|"q&JG3i-C6wlOl-@1@V$9"
"illustree.keely@edu.tbz.ch"|"#IlmXe-Fm@tuN-DY4omS"
"meng.brisseau@edu.tbz.ch"|"L#$qOz-jZMe$T-Eqm89R"
"ruo.cleiment@edu.tbz.ch"|"4tIK6C-bnfI%a-oPkCLe"
"maite.krammer@edu.tbz.ch"|"07UiTv-cz7UfH-&eZxxp"
"genevieve.verry@edu.tbz.ch"|"lEuVDQ-a&F$vh-ej%Z&n"
"lea.olochan@edu.tbz.ch"|"pDP%fu-kXQARv-RpAMB0"
"naelle.brunnen@edu.tbz.ch"|"rBktQ0-zENUEW-ie1wPC"
"goesta.bragginton@edu.tbz.ch"|"EeY3fw-j1Na4&-j6Cocf"
"fei.danilyuk@edu.tbz.ch"|"D@5kso-OY#OO2-jJ@jEF"
"adelie.turbitt@edu.tbz.ch"|"u3%sL6-2eSlQM-&y2ME%"
"marylene.nutman@edu.tbz.ch"|"#jZthN-2Mj8Gk-7spm%a"
"therese.barbrick@edu.tbz.ch"|"9RH2hk-IQhsgR-I&C0VV"
"melys.kolodziej@edu.tbz.ch"|"VU@SJa-0GdeQf-Nt7ar5"
"melanie.runchman@edu.tbz.ch"|"VlSdAN-y1GRj$-CEGJCS"
"serena.lafond@edu.tbz.ch"|"nsSRVj-Uv6EaY-ftCRA7"
"pelagie.desmond@edu.tbz.ch"|"jPdMS&-9XbAw&-ymXpC1"
"wa.spickett@edu.tbz.ch"|"J0hO%O-qwgL4A-ILfX6&"
"po.shave@edu.tbz.ch"|"1#CoSu-YLj480-uDhjhb"
"song.huikerby@edu.tbz.ch"|"F&$ho2-m1I&%H-QcIQIX"
"melinda.bimson@edu.tbz.ch"|"eo$YCR-zL7Eu@-Wwza%G"
"personnalisee.toffanelli@edu.tbz.ch"|"MvqkyO-vQ&VRy-r%szXQ"
"leandre.hurn@edu.tbz.ch"|"2K%U%n-BW7Bj$-tfPMW%"
"oesten.standell@edu.tbz.ch"|"X@FuFf-1zn24E-$PiWPm"
"naelle.smaleman@edu.tbz.ch"|"y7QFn%-Hkshcj-pVBn6I"
"berenice.tayt@edu.tbz.ch"|"gnbkIZ-ZwWfAy-AIeSxV"
"kui.popplewell@edu.tbz.ch"|"TGL@Xw-T9Aw8o-aYR#y1"
"melodie.ferandez@edu.tbz.ch"|"4YPuec-7lYcLc-d%GA2Z"
"josee.negal@edu.tbz.ch"|"jPg9#D-dk@XIX-sx5dAs"
"melissandre.ferrelli@edu.tbz.ch"|"4VIVH3-vrAWN8-mFaBTF"
"josephine.kemmer@edu.tbz.ch"|"lL$%3X-w6E#u%-9pqvgy"
"maely.cayette@edu.tbz.ch"|"iLSbRK-TZ#iEs-SF6PLx"
"nelie.vela@edu.tbz.ch"|"8HE0@M-5#Ddl1-4w#JHp"
"melina.cortes@edu.tbz.ch"|"RYFOpU-CbDEkp-#vQkyl"
"megane.leyshon@edu.tbz.ch"|"XOyh@5-M8W6MH-dCN%%g"
"regine.harrie@edu.tbz.ch"|"xC30pj-vj2@8A-Cd9lVU"
"mylene.widdison@edu.tbz.ch"|"I56t50-bxt%p9-O7ZvVH"
"pelagie.vivash@edu.tbz.ch"|"I#l0vh-UUQ2pe-V8B7Fv"
"styrbjoern.vicarey@edu.tbz.ch"|"uDoc8F-jdmYaa-LH$qFH"
"long.kyles@edu.tbz.ch"|"qV12OG-89Rfgf-53@O7a"
"stephanie.gipps@edu.tbz.ch"|"z0d0iU-@CSS#i-tKrKRX"
"clea.constantine@edu.tbz.ch"|"YPnoSc-oNDtdq-YIopWJ"
"maella.cometto@edu.tbz.ch"|"LkhPEx-2ZMS%Y-3Mv$K@"
"laila.aubrun@edu.tbz.ch"|"9HaVDD-iGiJ4L-Qud6CT"
"yao.austins@edu.tbz.ch"|"Gbijxi-IGKfg3-7mFEz4"
"mailys.rylstone@edu.tbz.ch"|"ObHq2T-ZvNtiE-KuHn0o"
"adelie.curuclis@edu.tbz.ch"|"1pIuga-DtjDk1-vY5R9Y"
"celine.longhurst@edu.tbz.ch"|"qqVG9V-535aPY-dzAYkU"
"gisele.hazell@edu.tbz.ch"|"k4I4FH-ulWLan-YfZ&s$"
"celestine.ciccone@edu.tbz.ch"|"dNe$Yp-2xw#R%-qbASIB"
"maelyss.doole@edu.tbz.ch"|"9THzZk-#8Dy8i-SgZ5pa"
"helene.grimsdike@edu.tbz.ch"|"$j4vlM-sC2MwI-9RIqcG"
"lie.macer@edu.tbz.ch"|"7hYYM6-@D45Sl-3vNnla"
"maely.izard@edu.tbz.ch"|"k1LIZL-oSQhIx-Qk%bag"
"erwei.breewood@edu.tbz.ch"|"rnc6Ti-BL72#B-CLxOo4"
"chloe.woolford@edu.tbz.ch"|"lFNS6u-i7piDn-WnDqFc"
"cleopatre.turpin@edu.tbz.ch"|"I3DE7#-OvL3jk-MXPsGQ"
"melodie.surgison@edu.tbz.ch"|"MJwXP3-8V2YKK-Rwgvz8"
"elies.leander@edu.tbz.ch"|"KfTMKx-7dTSYJ-MEUeUw"
"mediamass.reignould@edu.tbz.ch"|"lJ72w7-4Z2R%W-Z2a9y8"
"celestine.wasmuth@edu.tbz.ch"|"P9cGS3-$YobkR-82rNLV"
"marten.jervis@edu.tbz.ch"|"SMyuG9-0YwFqt-fiUz2s"
"daphnee.bour@edu.tbz.ch"|"GpIryW-5t@32D-g%Fkj3"
"regine.harlett@edu.tbz.ch"|"Y49OR3-cL&OWu-mEf5Yi"
"noemie.macaskie@edu.tbz.ch"|"dTL&Lw-Jg%Btx-z97&5b"
"loic.renfield@edu.tbz.ch"|"AfcQ4A-67UcO4-kQEIkZ"
"venus.kleinert@edu.tbz.ch"|"KhN1j&-f2XwMS-d&#qVG"
"marten.burlay@edu.tbz.ch"|"T&T0WO-5BDBqm-idFcr3"
"berengere.radsdale@edu.tbz.ch"|"k@pT$C-DVElmH-sl5gMl"
"genevieve.duckit@edu.tbz.ch"|"QBWbKf-UpuARV-5L4sVf"
"maely.ligerton@edu.tbz.ch"|"L&SXU8-z7WaCY-fwEdgs"
"maeline.ricciardelli@edu.tbz.ch"|"FDwIhp-E9ILRg-ck3g%F"
"personnalisee.yggo@edu.tbz.ch"|"0JWQma-EfaQ36-0g3mu@"
"alizee.pettinger@edu.tbz.ch"|"GSGL8V-7E7E9C-bpqIja"
"desiree.curnnokk@edu.tbz.ch"|"u26kRj-%w12Wk-dU3TQ9"
"dorothee.minors@edu.tbz.ch"|"bwP4gG-Kg&YNN-oRtJ&k"
"oceanne.kopmann@edu.tbz.ch"|"jZ%M4i-Yv#u0%-Sno3Tj"
"almerinda.brodbin@edu.tbz.ch"|"sbtJA9-mbTlH%-P&PEIk"
"yenora.carsberg@edu.tbz.ch"|"EGOdKq-bzaCCJ-bBkUbv"
"wa.beetles@edu.tbz.ch"|"0BX$eN-W&DbfW-WVsvXZ"
"audreanne.abbot@edu.tbz.ch"|"7S5#I@-3oSvS8-7NexsD"
"noemie.capper@edu.tbz.ch"|"A#rh9$-SXQzg2-5RTrFv"
"mans.abramamov@edu.tbz.ch"|"LfWN@t-QZfZGb-rPIlpV"
"audreanne.blakey@edu.tbz.ch"|"VWQXE&-Hbpr72-j04lPV"
"leone.klimpke@edu.tbz.ch"|"nQ7D98-Knx4g9-mWp@Wm"
"lie.croston@edu.tbz.ch"|"omH3B3-fk#abL-Z53SG3"
"anaelle.baistow@edu.tbz.ch"|"tI@tlR-j4wj7s-5bEkA9"
"michele.garwood@edu.tbz.ch"|"PmXvCw-p5%6@B-EKC$0o"
"interessant.albion@edu.tbz.ch"|"Mwy67j-OayD$Y-G9Lpkb"
"andre.brisco@edu.tbz.ch"|"TWJcFD-Oa$4@x-t%6UrQ"
"tang.totterdill@edu.tbz.ch"|"nwJGwQ-uvTYbg-jmRbOA"
"marie-josee.braundt@edu.tbz.ch"|"xixuDw-8DWv7h-zLNw%U"
"lois.galer@edu.tbz.ch"|"OPKl$c-ekKQLv-ftTIps"
"faites.pellamonuten@edu.tbz.ch"|"kqxri5-Vwit7e-yd9jTy"
"mai.barfford@edu.tbz.ch"|"hwCD#u-GO7NLX-Ra95ap"
"laurene.macilory@edu.tbz.ch"|"cnO&0u-TlNohw-IC#4%n"
"elea.peak@edu.tbz.ch"|"MjOl%t-2oACiT-4aF1ti"
"rejane.doni@edu.tbz.ch"|"bGfh&k-oDtrgq-9aQrdT"
"mahelie.ector@edu.tbz.ch"|"zxFcRQ-fro0ts-4INh1N"
"rachele.allum@edu.tbz.ch"|"if11Ud-XRc&iV-C9gswE"
"laila.gerretsen@edu.tbz.ch"|"o1W9ov-xr031w-rXoK#V"
"ines.bowman@edu.tbz.ch"|"vDLY%q-942MLe-FcfeI7"
"publicite.barbary@edu.tbz.ch"|"Xx@Ld8-sFuKN$-XNRwiA"
"mailys.smooth@edu.tbz.ch"|"6q3SWN-mBpd%s-ihGNGi"
"mailis.huguenet@edu.tbz.ch"|"%8f6H2-AwNbK@-9ILSb0"
"lea.ewer@edu.tbz.ch"|"ud5mc1-2PJ1T&-Yj07Hl"
