"email"|"password"
"melodie.vandervlies@edu.tbz.ch"|"Q191Re-oMxP3F-@3&msH"
"angele.edgecumbe@edu.tbz.ch"|"wJVmi%-QqLBUx-t6hd20"
"zhi.andreasson@edu.tbz.ch"|"HLtO6&-S6JtIp-OdTNy9"
"judicael.koppeck@edu.tbz.ch"|"#5yM#U-@xzvc1-wYOYj9"
"berengere.capron@edu.tbz.ch"|"ZprTIV-sF$bZX-Eo0$Kp"
"leonie.brosini@edu.tbz.ch"|"Js&jR&-8dnXEi-B@UvWr"
"venus.garfit@edu.tbz.ch"|"vrpPDu-OYEbQt-8hpNM%"
"melina.janota@edu.tbz.ch"|"n0yzk0-&omZva-Q@h2AU"
"laurene.bake@edu.tbz.ch"|"hsuk#8-2QEt$5-6g4gLw"
"regine.dorkins@edu.tbz.ch"|"F$@464-5zg37N-ggTeFw"
"cecile.moffet@edu.tbz.ch"|"D0&rBX-xI0ssP-@CojYu"
"maelann.labrone@edu.tbz.ch"|"g0oiLf-9ykP25-YDoajB"
"melinda.newbold@edu.tbz.ch"|"hWznmm-ARzK%P-9PGNTi"
"mans.itzhak@edu.tbz.ch"|"2HXI#q-#780Fw-3BDna9"
"melodie.pattlel@edu.tbz.ch"|"4pt&KV-wQ08TG-EsLSJ0"
"celine.bonett@edu.tbz.ch"|"mwrMh5-P$MP&O-$OqK08"
"adelie.mcgreal@edu.tbz.ch"|"Hyt#u0-8#96fT-%5vw$K"
"helene.soldan@edu.tbz.ch"|"0nnaav-%OoG19-5Chp6U"
"michele.cluer@edu.tbz.ch"|"F2mBwd-qTDk27-x8ZUd6"
"maeline.mueller@edu.tbz.ch"|"im2PTX-mtDR#e-LNupm3"
"maelann.benedito@edu.tbz.ch"|"A6DW&k-KM#47R-i6%a%k"
"nuo.gransden@edu.tbz.ch"|"RWJ1Yr-SrBTho-q#W9O&"
"berengere.stainton@edu.tbz.ch"|"qSegxH-kH9%kn-xjZimy"
"wa.sabater@edu.tbz.ch"|"tm$6ky-R8v#ld-pNm5ec"
"anais.cochran@edu.tbz.ch"|"teOO92-VeIFHD-qU9xz$"
"gerald.bessant@edu.tbz.ch"|"6qvq9Y-2LEwa%-2$MsBt"
"ruo.coffin@edu.tbz.ch"|"Nx%bmV-n7W#cR-aNz5RG"
"melodie.mustill@edu.tbz.ch"|"mS9mz5-@hXJC#-aYu3Q0"
"ruo.stanesby@edu.tbz.ch"|"ApeZZ#-nx9ARE-yvxTAs"
"noemie.antognelli@edu.tbz.ch"|"CLT1Fo-NwXr1C-SoRJWA"
"maelann.hughson@edu.tbz.ch"|"ndBAPG-7hcL&U-BUFjOd"
"milena.mieville@edu.tbz.ch"|"4vkjN6-QLrj%a-w5eczV"
"mailys.chamberlin@edu.tbz.ch"|"wS%1d2-D%XdbQ-N3LH5G"
"nadege.tomalin@edu.tbz.ch"|"EhBjY@-TJJdps-UKWG6H"
"oceane.omara@edu.tbz.ch"|"$oT%4p-hp92P@-IeaT5y"
"cecile.aguirrezabala@edu.tbz.ch"|"#@tEqp-5vN5Hm-wTMWis"
"maella.gwillim@edu.tbz.ch"|"%@ImPw-Kw6atp-hspEkv"
"lea.mcgahey@edu.tbz.ch"|"StG%@1-ftxXsG-&@K3#&"
"laurene.hagerty@edu.tbz.ch"|"J7UCPm-N@JSxY-V&Vwrm"
"dorothee.link@edu.tbz.ch"|"c8C@p2-$@%gMa-45amg3"
"clementine.kynsey@edu.tbz.ch"|"QuClnD-IwgtmL-6qkuLF"
"lorene.smitherman@edu.tbz.ch"|"9&#ukx-bqZMCh-#fQib2"
"cleopatre.klulicek@edu.tbz.ch"|"2O6xds-BpvaWa-vCO7PS"
"laurene.castaneda@edu.tbz.ch"|"Cmrgut-Bn9ZnG-pkVt%6"
"melia.constant@edu.tbz.ch"|"0S1c4B-HxUUGG-v#R@an"
"lucrece.clunie@edu.tbz.ch"|"#SjlFj-8zrQt7-0YSkgk"
"eleonore.mcmurthy@edu.tbz.ch"|"AEXKJf-gnNZSs-dC#1tO"
"melia.bevar@edu.tbz.ch"|"ICEpG4-N4fY79-A9v6LE"
"camelia.bontine@edu.tbz.ch"|"zwf9fg-qQvJNe-TRHRQT"
"methode.jozefczak@edu.tbz.ch"|"eTc%b@-pCm2uf-vIXMh@"
"audreanne.hinsche@edu.tbz.ch"|"z1YFls-gLx3Yf-boMHlN"
"andree.varne@edu.tbz.ch"|"z6g$tI-Jn1R5%-IZHGb@"
"marten.kinleyside@edu.tbz.ch"|"3@jA1A-MJoT@w-eQm54r"
"esteve.mcewan@edu.tbz.ch"|"LTeZak-mby46Q-X#7vUi"
"leane.dibbert@edu.tbz.ch"|"Tn0ban-zDi6rm-5wWBlg"
"ma.thewlis@edu.tbz.ch"|"QgwBg3-2rWFY4-ycqNIR"
"clea.djurkovic@edu.tbz.ch"|"abEuLY-S68Gbg-RxJMsN"
"rachele.reburn@edu.tbz.ch"|"S99IiQ-f@TiZr-OZCsuw"
"gerald.gowling@edu.tbz.ch"|"qwMeto-LGdiwi-5c4Bag"
"cleopatre.jackson@edu.tbz.ch"|"FEAd@f-6q7LSs-%Gn$Kp"
"desiree.haskins@edu.tbz.ch"|"MH&&24-URlotc-VY$q%J"
"eleonore.longson@edu.tbz.ch"|"@kmYgs-gK5F$L-Rn#Ppq"
"leane.dybell@edu.tbz.ch"|"6DR&eA-A3AWfU-TjtEV#"
"becassine.grzesiak@edu.tbz.ch"|"JSMSIK-O5bfbY-YVEQan"
"marie-josee.pickin@edu.tbz.ch"|"UL$GDj-Oo8wYd-dvaK2s"
"marie-josee.roxby@edu.tbz.ch"|"emVWaP-C6X#TI-dwcyWK"
"leonie.feenan@edu.tbz.ch"|"fvC8vO-zoj0kB-CTH1wy"
"valerie.ellum@edu.tbz.ch"|"zlEE$Y-bQConf-Vwb8au"
"ju.caseri@edu.tbz.ch"|"MLDGLa-6Cwq9g-uOPg4y"
"boerje.strangman@edu.tbz.ch"|"5ZrYUk-iQy8Zy-yy$pLa"
"beatrice.ghidelli@edu.tbz.ch"|"HHO3SS-3#&gZc-KzAy7&"
"da.jablonski@edu.tbz.ch"|"6G4ALS-tv@TQt-C1&&8l"
"uo.beveridge@edu.tbz.ch"|"osBO@X-CyAem5-zyU9aH"
"valerie.bestman@edu.tbz.ch"|"2XSmPG-YFuoSI-ximMZJ"
"marlene.pohls@edu.tbz.ch"|"JS6iB5-uMz7K4-ijO95q"
"ma.nolda@edu.tbz.ch"|"vqC#nN-gExoUk-71zTD&"
"marlene.bisiker@edu.tbz.ch"|"8&C851-gYjoJX-RiNBuw"
"estee.babon@edu.tbz.ch"|"TOWKJa-#L0btO-$89C5m"
"simplifies.dmisek@edu.tbz.ch"|"hxkcrq-IQQmiT-X$vQ&s"
"selene.ganing@edu.tbz.ch"|"#kyNRr-nNZJ1n-ADcw3#"
"meryl.penke@edu.tbz.ch"|"puGAdq-owemdT-Va3Z5i"
"anais.rawcliff@edu.tbz.ch"|"FX%Ov6-N52%EV-hFdEsH"
"melina.andri@edu.tbz.ch"|"1qvudn-odOHus-Pq#Qys"
"audreanne.fodden@edu.tbz.ch"|"0LhqL6-6jwcxE-bGb&%V"
"bjoern.spellesy@edu.tbz.ch"|"%yj%wW-E$ZJC&-USsR@Z"
"francoise.summerscales@edu.tbz.ch"|"PSZLoM-PcdohF-PoZrdT"
"laurene.ashtonhurst@edu.tbz.ch"|"ZKBT1a-4$ALpg-C8gm6x"
"valerie.petters@edu.tbz.ch"|"&wTcHT-qWIVqc-I3u$zV"
"anael.spenclay@edu.tbz.ch"|"9GPJMZ-y03Ax4-pL#&#B"
"stephanie.keech@edu.tbz.ch"|"WgZ%aF-f4iB#M-hxzsF5"
"ines.deveril@edu.tbz.ch"|"BX9YrR-VGSKng-yj%se$"
"berenice.gelder@edu.tbz.ch"|"2sPB#9-sDZkgz-ZsHH11"
"melanie.ofogerty@edu.tbz.ch"|"rPiZ@$-b#9M&j-nCkZZ8"
"frederique.canepe@edu.tbz.ch"|"G82&gd-ASDWtV-%wNHpa"
"nuo.otton@edu.tbz.ch"|"AFQHLl-iuXSUd-7YNBRg"
"genevieve.trusler@edu.tbz.ch"|"Wa4BNz-ofvk$&-cTWFp4"
"ju.boag@edu.tbz.ch"|"DkP1LY-xXk0Fi-eMhHEg"
"josephine.dilucia@edu.tbz.ch"|"JJuvYN-MVuB9V-&8@8kh"
"laurene.armsden@edu.tbz.ch"|"UGG2Nf-wFLLJ2-8fRu2m"
"becassine.griffe@edu.tbz.ch"|"966Vjg-zZO0Vf-KZkzUU"
"alois.parres@edu.tbz.ch"|"poQ&DW-9FhSZ7-x9JC3W"
"cleopatre.gaffey@edu.tbz.ch"|"x$sELw-plGvr4-n6cMXG"
"andre.stiger@edu.tbz.ch"|"d@ZS1G-NT9EvP-ofhJ9U"
"beatrice.godleman@edu.tbz.ch"|"zgJ8CN-PmMDIq-8Xd3%4"
"hakan.harrhy@edu.tbz.ch"|"rsEZn8-IzWuUS-WzRz$e"
"celestine.dagnan@edu.tbz.ch"|"2LVBY4-WARFAQ-qwzgQR"
"clemence.haggart@edu.tbz.ch"|"J39%Jg-HFXbGj-fxyWcK"
"long.caban@edu.tbz.ch"|"WqgZef-FiNkOB-QBhUVA"
"gaetane.grimble@edu.tbz.ch"|"X#W%JH-vEy#9Z-7RGKI1"
"maelann.piwall@edu.tbz.ch"|"IRtqO0-24RlI@-N&mGcq"
"magdalene.loble@edu.tbz.ch"|"WHPG0#-njmAFQ-Pj18jC"
"veronique.domaschke@edu.tbz.ch"|"hoB96K-YmHELs-XDUe4#"
"clea.herity@edu.tbz.ch"|"HdrVZL-@QQgrm-nBjKU6"
"maelann.bambrough@edu.tbz.ch"|"OHyEwK-GAfJXk-sN%LQ%"
"clea.goulstone@edu.tbz.ch"|"uonPuu-EB#7gQ-l5%1H9"
"renee.deleek@edu.tbz.ch"|"UVkyOg-wW$sVp-mZK%vU"
"boerje.rudderham@edu.tbz.ch"|"@vBGRN-oLiIMc-wEepWv"
"marylene.broune@edu.tbz.ch"|"Zcs0Dj-FNl4w4-Ph8E5M"
"nadege.mccuish@edu.tbz.ch"|"3yDWh&-2r#XCS-7T8sMn"
"anael.littleover@edu.tbz.ch"|"%sdjKT-N9A9eS-V4U#LQ"
"lie.baume@edu.tbz.ch"|"SJh&Df-4Hx1pX-R1EZaq"
"maella.murrow@edu.tbz.ch"|"KRrnnm-pD8Dn#-C7YkwW"
"cleopatre.pettifor@edu.tbz.ch"|"0u3pb#-IAAGGz-9EYPGJ"
"geraldine.asker@edu.tbz.ch"|"9UqkTJ-73jqxy-$is2Tj"
"gaetane.smedmore@edu.tbz.ch"|"DhRrHE-M%Uddy-RlzWQC"
"meryl.blencoe@edu.tbz.ch"|"2fl4aO-f8yTK$-34Khff"
"aurelie.chastaing@edu.tbz.ch"|"NHxJkg-@@oBH5-Mc@C#p"
"oceanne.marthen@edu.tbz.ch"|"Gst5sH-Tz62sl-#HDhmH"
"dorothee.burrill@edu.tbz.ch"|"rfcWIb-QiXpn8-s3t1yW"
"hakan.belden@edu.tbz.ch"|"XCozLC-USMviU-e&X#TY"
"celine.brunning@edu.tbz.ch"|"lQb6YL-bAgTPe-VsMPmU"
"anael.lapides@edu.tbz.ch"|"YtCi7H-&7KGly-5VAAZh"
"ruo.saffran@edu.tbz.ch"|"rK25p1-FT7OmC-sNWo8H"
"loic.gerretsen@edu.tbz.ch"|"%D2wEA-5fyssr-BNFWEC"
"rui.fitzer@edu.tbz.ch"|"1u4yV8-F1l0DP-Q7d5Xl"
"annotee.ogers@edu.tbz.ch"|"0fYfxg-8Q4SzP-RbM%uR"
"boerje.bindin@edu.tbz.ch"|"Hgm11L-&9kCYk-7zMMXb"
"ma.cronchey@edu.tbz.ch"|"tDt5H8-bo5b5E-jx3l04"
"laurelie.baiyle@edu.tbz.ch"|"hUsfeH-mMZsrR-n5#6iu"
"dorothee.older@edu.tbz.ch"|"I@p#D5-ElpUJD-ubn#tx"
"laurena.wile@edu.tbz.ch"|"Fmmv@y-sg4M@i-iTLQSS"
"clemence.brito@edu.tbz.ch"|"Rm6wnZ-k1cj@j-Pp09mP"
"nadege.dallin@edu.tbz.ch"|"wk1NuO-edDPWU-XI#JdR"
"mailis.matley@edu.tbz.ch"|"UYVg06-4nMSJq-U6oge4"
"daniele.screaton@edu.tbz.ch"|"7n6cd8-3iuinW-6We2SU"
"mediamass.godly@edu.tbz.ch"|"odh&tW-XWyipE-riDdQV"
"leone.kremer@edu.tbz.ch"|"w74i5Q-&Uyyud-4&Q7A2"
"asa.adrian@edu.tbz.ch"|"tsZM4q-gGc$tT-oxCHpT"
"adele.doley@edu.tbz.ch"|"6pFQvj-qx$qGt-fJJOgN"
"fei.sidney@edu.tbz.ch"|"K4r0hn-LE#mn5-2&5cuM"
"marie-josee.walisiak@edu.tbz.ch"|"mCjMQW-Se%WTY-S$nEhY"
"desiree.diplock@edu.tbz.ch"|"pvwU%q-2Ioux2-2r16iQ"
"gisele.schust@edu.tbz.ch"|"&bcbk@-64A8EU-XN1R6R"
"ma.longshaw@edu.tbz.ch"|"A#CVZK-J62pYL-WEjMkJ"
"da.boother@edu.tbz.ch"|"lmxkZJ-0hheY1-#yoJI&"
"simplifies.chaudhry@edu.tbz.ch"|"fCV08G-cAw@VI-pZ$N7y"
"garcon.baniard@edu.tbz.ch"|"9f9zq9-illjoI-y768Kg"
"gaetane.elphee@edu.tbz.ch"|"mRYXj5-71U@TB-1%cQo%"
"gisele.hassey@edu.tbz.ch"|"fYHpTB-qvJZ$M-NVsKbN"
"oceanne.booley@edu.tbz.ch"|"LB0h&Q-8bboN@-BH6n#9"
"oerjan.dibden@edu.tbz.ch"|"jeJP8#-iiH7Sa-2iTdib"
"regine.ocleary@edu.tbz.ch"|"ejXk8V-eTQJe3-CL7Ni%"
"selene.persse@edu.tbz.ch"|"j@XPMX-fJZuij-A3uldB"
"helena.adenot@edu.tbz.ch"|"LvR7pE-SPxoRU-EnXtX5"
"maelann.wassung@edu.tbz.ch"|"yhCnKP-pT$1#k-QwQfd3"
"frederique.ackermann@edu.tbz.ch"|"uMy@Sg-S4P&vg-KdIgDJ"
"audreanne.kahen@edu.tbz.ch"|"5WlWjN-fv3%qO-NzfJA5"
"maiwenn.lasty@edu.tbz.ch"|"9V2gl%-&DNyFt-6pO8Zw"
"yu.dictus@edu.tbz.ch"|"xRJQLc-wsyppu-qyCxxw"
"anae.dukes@edu.tbz.ch"|"UTDPon-w5VT#B-Y#QejT"
"yenora.warr@edu.tbz.ch"|"pJeNyL-1YZHO#-OVxaEh"
"esbjoern.archibold@edu.tbz.ch"|"%JFd1K-bh9O5n-iwxMi5"
"milena.pardal@edu.tbz.ch"|"xyfYfr-Uki@fz-4gQfkP"
"celestine.graveston@edu.tbz.ch"|"WwyRNB-chjvi@-8YWNwj"
"maena.dallas@edu.tbz.ch"|"RWXY4$-sW&s%v-d9$uu$"
"andree.tuke@edu.tbz.ch"|"Xipy87-AIXcaW-3zoRqa"
"methode.seldner@edu.tbz.ch"|"8CZ1hG-G33kAu-LsoytN"
"venus.bullas@edu.tbz.ch"|"6hEHI&-kYRkpJ-$01tpN"
"mans.aguirrezabal@edu.tbz.ch"|"p1QE6a-k1Qe%X-ZCyA4B"
"gaelle.eadington@edu.tbz.ch"|"DTSzZD-IQ$Q3a-6VynPa"
"anaelle.falkner@edu.tbz.ch"|"7#UUoZ-xEGz@Q-%oK5PY"
"ophelie.height@edu.tbz.ch"|"ZjmSci-XWM7Ta-ZzIZAx"
"marten.bolding@edu.tbz.ch"|"YWbDG8-1OttyF-gP57Gz"
"pelagie.guswell@edu.tbz.ch"|"rpzkkd-pLL2qN-ITTNiw"
"gwenaelle.lecount@edu.tbz.ch"|"%C&hyH-$kXOio-79zEmS"
"hakan.laden@edu.tbz.ch"|"AI&p41-xbl#&X-#T&YGA"
"marie-josee.hylands@edu.tbz.ch"|"ge@HwW-bD1KyV-bx$fq0"
"zoe.kingshott@edu.tbz.ch"|"&4wHvj-3d06za-yYfJ%k"
"josee.janous@edu.tbz.ch"|"DYb76z-VYfeOb-hS$RcG"
"laurene.gallally@edu.tbz.ch"|"I5G%nL-Vun8d#-@3%yHT"
"anael.bickle@edu.tbz.ch"|"ZPfk82-KJy8kk-RYMuL8"
"mediamass.lebbern@edu.tbz.ch"|"YfPoXC-l3nJ6Y-RjnWKa"
"berengere.hovy@edu.tbz.ch"|"ianNQP-peewFR-avrTTs"
"oerjan.kilmurray@edu.tbz.ch"|"Ji3YC$-i$3RvM-Db9AUV"
"asloeg.venny@edu.tbz.ch"|"%JISU2-$ZvYiS-&Ih92F"
"marie-noel.stoad@edu.tbz.ch"|"2yue6w-uxWwsc-eAs7yE"
"hakan.pettifor@edu.tbz.ch"|"nQ73pV-%czNKt-Pc6J$%"
"maella.willgrass@edu.tbz.ch"|"s%810P-$f1fiD-%YAGO1"
"therese.ludovici@edu.tbz.ch"|"Jz#O%e-Nga2WC-O9qIPw"
"stephanie.trewhitt@edu.tbz.ch"|"XlzLOW-iK0c#S-XZCSQa"
"maerta.bauduccio@edu.tbz.ch"|"B&UFG7-Ckpr0P-7D@mc1"
"gaetane.glaisner@edu.tbz.ch"|"w#WqJ2-h8txEP-#aakvx"
"naeva.pargeter@edu.tbz.ch"|"k1bJQZ-8dtDWE-lSLr16"
"salome.venable@edu.tbz.ch"|"gYOJDm-HL0Stv-qMP1z4"
"boerje.thickett@edu.tbz.ch"|"Hdp7ko-%&#rS@-%oqd&C"
"lucrece.prendergrass@edu.tbz.ch"|"okpnP$-#&$ub4-lZvCa#"
"laurene.ockleshaw@edu.tbz.ch"|"aTjCh4-yfRYyi-UWME1i"
"cecilia.pasticznyk@edu.tbz.ch"|"k1J@%l-&6YSZC-XD45tF"
"stevina.mackey@edu.tbz.ch"|"cHZm6i-8k6dxm-8OZYM9"
"marie-noel.reven@edu.tbz.ch"|"iC28VQ-Ln0Azm-mvsNNX"
"melina.quilkin@edu.tbz.ch"|"8Xj9#w-5jmnkZ-mgKV7T"
"marie-noel.ferrie@edu.tbz.ch"|"ItugBB-qyLIWE-RaV03r"
"leone.alphege@edu.tbz.ch"|"Db@F&O-vhSH4U-4RVdqp"
"zoe.leverson@edu.tbz.ch"|"1JlaSW-XmXy9i-&xb$4k"
"annotes.grayne@edu.tbz.ch"|"AnMQPx-L8mzop-IcqZ9M"
"faites.lalley@edu.tbz.ch"|"7PDYGq-BIH7DF-$#2GFY"
"adele.wallis@edu.tbz.ch"|"zWASig-aBRnuz-GWq32X"
"severine.madill@edu.tbz.ch"|"hLZ5FN-XSQOiU-KuI%5e"
"valerie.tebb@edu.tbz.ch"|"XCVoLh-qvHm2F-wQgj35"
"kalliste.rasper@edu.tbz.ch"|"zOvSLZ-j0s1cS-V@SxOe"
"audreanne.palomba@edu.tbz.ch"|"630WOK-p#emNe-YKxsnP"
"elea.adamik@edu.tbz.ch"|"14wdb4-3Dxlrn-xn4cby"
"reserves.jakuszewski@edu.tbz.ch"|"fOAy7D-mf4%B7-imcqsB"
"athena.belhomme@edu.tbz.ch"|"&eJKxR-n9BQUc-vDJHSf"
"rebecca.crippin@edu.tbz.ch"|"RZCVIm-SblO&p-jGO#1E"
"maiwenn.curman@edu.tbz.ch"|"QMC48Y-6J@Q%x-D$MgZX"
"andree.bunner@edu.tbz.ch"|"AJ$UhW-Dm&s67-v$iB2O"
"ruo.winckles@edu.tbz.ch"|"XHHtAh-oAaSNZ-LAh7%0"
"naeva.buntine@edu.tbz.ch"|"lvm&93-bBn9nw-xBrBmz"
"boerje.dollard@edu.tbz.ch"|"YG2z10-gd9r22-8%qT4F"
"penelope.gorman@edu.tbz.ch"|"1aYg@i-&wGQlc-JgfTKF"
"alois.robelin@edu.tbz.ch"|"@zHCzI-8XUM%n-$es@k%"
"anaelle.tindle@edu.tbz.ch"|"I017sT-0iIVfc-oeuKH@"
"ye.frears@edu.tbz.ch"|"V2GfKn-QhZWC3-h$GAjq"
"andree.ovid@edu.tbz.ch"|"UHA2Ei-#uozTj-yJL7cT"
"hakan.peat@edu.tbz.ch"|"@gE3P$-Shw3B1-mZypXk"
"andre.januszewski@edu.tbz.ch"|"Z&&qtF-9m8%La-pWXea6"
"annotes.clemmett@edu.tbz.ch"|"ca1rxr-Va1CkS-Rij6o3"
"pal.lambswood@edu.tbz.ch"|"c@0Gyk-bcpoRO-09M$gP"
"yao.lenton@edu.tbz.ch"|"FVt%hh-itt1&T-RDccCR"
"hakan.boyton@edu.tbz.ch"|"A6@jHH-SsXHTQ-UEUbfo"
"nelie.forsey@edu.tbz.ch"|"bN8DY9-ATf&W3-Sh2Zt3"
"hakan.horche@edu.tbz.ch"|"Z5O@D%-Cg9zKv-3KQoqn"
"lorene.sinkings@edu.tbz.ch"|"uAUf41-tVnnnY-vtC9oK"
"marie-therese.creddon@edu.tbz.ch"|"HVizRS-H&Aw@p-kWd&zX"
"berenice.tolworthy@edu.tbz.ch"|"ETLL5R-3&4exS-ixCj31"
"theresa.land@edu.tbz.ch"|"d3a8tP-Pl%iT7-Y7ac4g"
"marie-therese.gianilli@edu.tbz.ch"|"A&pmxF-HvNvRF-CG2o8D"
"meryl.glew@edu.tbz.ch"|"bfYvYo-#lW8CU-ksXIA3"
"adele.debling@edu.tbz.ch"|"lKHJO9-sLPKmU-dKUa6h"
"anae.metzke@edu.tbz.ch"|"@c4Dm#-64VWAr-8&#jLZ"
"gaetane.gooden@edu.tbz.ch"|"1@YnSt-7k8l7I-iEVWn6"
"laila.bootland@edu.tbz.ch"|"ox1M@k-b9AW7T-nQUOQl"
"maite.helsdon@edu.tbz.ch"|"9c#&Vm-waJUMo-%Ur5CH"
"andree.malley@edu.tbz.ch"|"PN7tmh-YVMnj%-608Pb2"
"pal.simmens@edu.tbz.ch"|"fz1gHV-W&a#vb-64L2dH"
"maelys.nuccitelli@edu.tbz.ch"|"I6GRJ1-xnysug-lod&x1"
"dafnee.sibary@edu.tbz.ch"|"oZ0Qao-NT4A5t-RIk$cN"
"alois.harsnep@edu.tbz.ch"|"iiE$9V-s@PXZU-a$m&tX"
"marie-helene.lacky@edu.tbz.ch"|"l2Umj%-KfAw8g-3Dtcwy"
"mylene.youthed@edu.tbz.ch"|"Cg0y6C-f1LbO6-jgLxNB"
"marie-helene.dehmel@edu.tbz.ch"|"X8Xipp-3PJ3g9-&2iQLf"
"angele.batman@edu.tbz.ch"|"PxMOlL-W&mzEP-Szj%l4"
"melia.younghusband@edu.tbz.ch"|"fU#4bd-4MwWzX-dNbG58"
"eloise.baldi@edu.tbz.ch"|"##Qnnb-LhmzNB-jadwI7"
"illustree.dun@edu.tbz.ch"|"zkUgNW-ljfGZO-CahZ&i"
"genevieve.late@edu.tbz.ch"|"stLQfm-ifpl$&-$sTj9H"
"celestine.colville@edu.tbz.ch"|"T%QZtP-nfhqQe-%T9R9k"
"gwenaelle.scarlon@edu.tbz.ch"|"UZhDgh-QvmZdV-akb3Ee"
"regine.boddie@edu.tbz.ch"|"CNsgBy-07NThF-M5pokk"
"creez.gaughan@edu.tbz.ch"|"RQIyAT-4@IMEu-kZYrep"
"gaia.longford@edu.tbz.ch"|"nQEfMK-Do%2DX-U3tV4S"
"mailis.buckby@edu.tbz.ch"|"#30cu%-4MgNfq-u3LsOD"
"song.parbrook@edu.tbz.ch"|"YHf2OO-Pn8Ybg-T3Xvt9"
"frederique.heddan@edu.tbz.ch"|"W6hOb%-BtegcI-20V7Wv"
"ake.kirtlan@edu.tbz.ch"|"%INUYX-CPkpXk-l@u&I2"
"nelie.runciman@edu.tbz.ch"|"ScT$bJ-CjymAC-Jagwzi"
"mailis.cardnell@edu.tbz.ch"|"VlX8tq-x3js#q-z6GhDT"
"irene.navarro@edu.tbz.ch"|"kGZ62R-hu0n4V-TuyRrm"
"maite.cough@edu.tbz.ch"|"@tKHu&-C%KrvG-88#w$t"
"anaelle.stocky@edu.tbz.ch"|"qMlmS0-PvIdhr-BlRgwO"
"methode.moulder@edu.tbz.ch"|"lysfA%-PufFfa-xrxUWu"
"po.stafford@edu.tbz.ch"|"TdNzEB-gGCNrj-Kx2ctJ"
"faites.scraggs@edu.tbz.ch"|"Mhkg#p-YPIAN&-ysiBOw"
"adelaide.dullard@edu.tbz.ch"|"0ESST1-LxXbch-3S&2Ph"
"desiree.leonard@edu.tbz.ch"|"d4g8eC-&c%xDt-vvD50G"
"geraldine.badgers@edu.tbz.ch"|"sjVWCs-346Pyk-e4g7$8"
"ruo.masic@edu.tbz.ch"|"sMIggK-%Nl1KR-$RE7IR"
"aurelie.lieber@edu.tbz.ch"|"&VAyOz-QFVpf&-CjqxyU"
"naelle.balcock@edu.tbz.ch"|"mkxlKB-GRBUDY-WoDHoO"
"camelia.elger@edu.tbz.ch"|"SbMmfK-&ND8P3-5A0Ejh"
"publicite.oakeshott@edu.tbz.ch"|"X7dQoD-Znr0jk-0XGda%"
"cleopatre.fawley@edu.tbz.ch"|"PJLQiC-D93y$G-6moN@C"
"laurene.bruckmann@edu.tbz.ch"|"fkE0PB-Z7Vxnu-vV$41t"
"rui.haughton@edu.tbz.ch"|"rVpFuB-APpMzN-PXD$Ns"
"asa.ladewig@edu.tbz.ch"|"bN1jA%-wARY#s-zViWm9"
"gisele.janecek@edu.tbz.ch"|"lOaf6A-FoBHjH-gYOp2%"
"maily.loveridge@edu.tbz.ch"|"ajn@wD-4u7fEs-rp3t3g"
"marie-eve.yurkiewicz@edu.tbz.ch"|"EMtT9P-38LIWP-lUg&Su"
"fei.roder@edu.tbz.ch"|"5bvb6h-@5ndNw-edSvc%"
"edmee.chatburn@edu.tbz.ch"|"DOe%UI-@erktU-Vfxk9x"
"geraldine.darke@edu.tbz.ch"|"DP0gqG-rkEisL-JgXTae"
"ye.jira@edu.tbz.ch"|"koUtVn-Sj#r$m-VGc@AL"
"publicite.persent@edu.tbz.ch"|"oBO@S8-@4nnxq-4WyK1V"
"severine.wilcox@edu.tbz.ch"|"kGpZ7Y-&oUO%#-&dZxsl"
"yao.mcclaren@edu.tbz.ch"|"#4vfSe-vDZFND-bex5y4"
"theresa.foynes@edu.tbz.ch"|"rlvigv-xryWRE-GBWOZ$"
"stephanie.isley@edu.tbz.ch"|"bMFh&B-xFphV5-0Nzp$&"
"torbjoern.growy@edu.tbz.ch"|"QGLEV%-BRvpDw-a2KbTO"
"eloise.tunnadine@edu.tbz.ch"|"NuwG44-%W3Mhc-%#vapy"
"maeline.cossentine@edu.tbz.ch"|"bkWKkb-WILK6C-fq@nOA"
"nelie.desantos@edu.tbz.ch"|"GPlmTg-FyaALe-zlMek8"
"gaetane.axston@edu.tbz.ch"|"Zl#OXI-j88v%u-AIq#gL"
"aimee.merman@edu.tbz.ch"|"qNLUmA-KPqmXq-q$757f"
"oerjan.drivers@edu.tbz.ch"|"9rs0sH-TQ4K%x-BYkN&Q"
"aimee.miroy@edu.tbz.ch"|"5qu$MA-4pJT82-79nb7C"
"nelie.glyde@edu.tbz.ch"|"xvFyRG-sWeOHt-D8gWrg"
"hakan.kapelhof@edu.tbz.ch"|"M4lRU%-p8DqrS-ft4DV6"
"maelyss.cauley@edu.tbz.ch"|"OWv7Br-Zn$Z9h-EAmphD"
"elea.vaggs@edu.tbz.ch"|"erzAoK-v%Tvnv-vbzYQ%"
"maelys.but@edu.tbz.ch"|"&pq3Zh-toyc9C-O5TMF9"
"maella.arthurs@edu.tbz.ch"|"xnFOq9-JY853&-BJF0cT"
"adele.liebrecht@edu.tbz.ch"|"oTYYvi-Bahfln-e9dxbX"
"meline.lomasny@edu.tbz.ch"|"iE&On2-dBSdcp-#FM$#n"
"mediamass.schwant@edu.tbz.ch"|"iz1e6B-qdtjN9-I3#euC"
"leone.saunt@edu.tbz.ch"|"xrGW1f-4QkvpN-ksjK$b"
"annotes.gouch@edu.tbz.ch"|"y$Za9L-cHjgLG-Au0Ap6"
"gaetane.bowich@edu.tbz.ch"|"34x&ef-LMs1uD-AqWiAN"
"alizee.strelitzki@edu.tbz.ch"|"9C2agQ-3S6VK3-GfbasB"
"leone.poile@edu.tbz.ch"|"jP8P9p-kA63U4-@IotsX"
"amelie.saban@edu.tbz.ch"|"pskZ9&-Ms$&SB-z#i9aX"
"marten.mcmenamin@edu.tbz.ch"|"NACIin-0jhKus-8LWk3i"
"becassine.keets@edu.tbz.ch"|"tlJ#eU-XU%1Wg-vNHw1a"
"celine.million@edu.tbz.ch"|"koWBol-zNC914-5i68ng"
"geraldine.belitz@edu.tbz.ch"|"oyZ8A8-pB@yml-oP04xx"
"salome.mardling@edu.tbz.ch"|"2&JoSy-XErWXJ-9IEiYb"
"melia.blakemore@edu.tbz.ch"|"Cd$R1v-7r$RkH-lZ#Wes"
"dafnee.mcaulay@edu.tbz.ch"|"BmROJK-yoX7z@-krzwcP"
"garcon.dennett@edu.tbz.ch"|"HRlZJ@-YOnHnO-f3NJYd"
"interessant.lesor@edu.tbz.ch"|"XYGG#Y-PR3kXB-gPi2F5"
"annotee.wasbrough@edu.tbz.ch"|"L#%uW&-#RqUbV-Tj$00d"
"asa.ibbeson@edu.tbz.ch"|"n2PHIs-WcG2aB-DHxkqS"
"maily.kennealy@edu.tbz.ch"|"KBDCL2-ABm&G8-ZWBeIo"
"ye.seares@edu.tbz.ch"|"vPPmCS-cimsgr-&s&Qam"
"athena.harbron@edu.tbz.ch"|"Z5Cirt-776jTe-kEFuZ6"
"andreanne.portail@edu.tbz.ch"|"&sQAIj-#Sg$HL-k7uc6v"
"goeran.zannelli@edu.tbz.ch"|"4N@j@7-IKv@jh-6o7DzK"
"gerald.leathlay@edu.tbz.ch"|"xnU9qS-cD2Dw9-I1V$C5"
"andreanne.chown@edu.tbz.ch"|"k9ZbRL-OvpF5y-@0mXOm"
"esteve.clementel@edu.tbz.ch"|"lj8vqU-1wSu#L-BVBOiS"
"leone.legan@edu.tbz.ch"|"h8zuuw-7gEJ5T-6Y1qm#"
"maena.pownall@edu.tbz.ch"|"VYOs27-ID8WMg-Pixvaa"
"andree.rettie@edu.tbz.ch"|"5PFr%v-#7dO16-#PCdgn"
"ines.kenwrick@edu.tbz.ch"|"aLzIYx-&VUJ&z-NDyFnC"
"marie-helene.yarnall@edu.tbz.ch"|"Y31AAu-g0Ff$d-1HYYg$"
"po.martin@edu.tbz.ch"|"TRScbq-vrr1k5-#YOeKa"
"ruo.celiz@edu.tbz.ch"|"#9hsfB-Ey%i&h-cZGlfp"
"po.bissett@edu.tbz.ch"|"pksf9A-u1q53$-uf$3oX"
"du.swindon@edu.tbz.ch"|"w@sYmm-ypcMnh-Ah#Z4h"
"interessant.gouldthorp@edu.tbz.ch"|"NSXrR5-o@3JBQ-5IBGzb"
"leandre.lilburn@edu.tbz.ch"|"1jkYX9-3asX7M-9pj4vq"
"bjoern.whales@edu.tbz.ch"|"WLNrPP-Q08Whf-2hxbRN"
"interessant.dieton@edu.tbz.ch"|"pyQRZK-GQRQ1b-YqsW0l"
"celestine.redhills@edu.tbz.ch"|"sWYChV-qcXyrD-@etrrE"
"tan.yakovlev@edu.tbz.ch"|"KKtXl$-PCExyv-vWh6m7"
"regine.mcdowell@edu.tbz.ch"|"bXog@9-Kgruhp-RN9AXL"
"ju.coysh@edu.tbz.ch"|"IluZKB-iL$NOg-Xo9mOU"
"reserves.ofallon@edu.tbz.ch"|"VX2eoY-Pm67CZ-ASo3e&"
"frederique.sobey@edu.tbz.ch"|"V8WQtf-2t1tkZ-aIMw1b"
"marie-eve.garstang@edu.tbz.ch"|"%KkUSw-bX83EC-LS@Hrf"
"andre.tapin@edu.tbz.ch"|"u4BihM-2rw1rG-llE5%e"
"esbjoern.eynon@edu.tbz.ch"|"Krmc#q-5Rrbcp-@&IxSp"
"maella.duffy@edu.tbz.ch"|"OsTzpN-I&ayzR-9m$#M6"
"leandre.twinning@edu.tbz.ch"|"IPOK8A-f8J1ds-HeH7Wt"
"mai.whittingham@edu.tbz.ch"|"jA4JQd-RCy4bT-OBgBmz"
"rachele.shevelin@edu.tbz.ch"|"1QkLjW-2fhQbw-A9Ht5&"
"cecile.mcure@edu.tbz.ch"|"5cz$Xg-rFKLDs-QqndMv"
"marie-eve.yurkevich@edu.tbz.ch"|"iTDwK#-2K0Z2G-OFMvtZ"
"almerinda.paice@edu.tbz.ch"|"cPk5wB-Co90nd-SjLzFv"
"rao.howkins@edu.tbz.ch"|"BhWrRx-3#ufQe-uOGF%Q"
"serena.pack@edu.tbz.ch"|"xJihws-&uvhkW-680p8Y"
"rebecca.mant@edu.tbz.ch"|"#ZIZ03-Uaz26W-t8xj28"
"reserves.spitell@edu.tbz.ch"|"vGemDH-hXa&Ld-L%TFSj"
"garcon.hamfleet@edu.tbz.ch"|"uqOJCA-ZCskmj-6PEjMD"
"methode.kerkham@edu.tbz.ch"|"LxKnyx-K77SxU-m@AWnr"
"pelagie.camies@edu.tbz.ch"|"Qqm1kv-II0DpU-rirTgs"
"josephine.macpharlain@edu.tbz.ch"|"@m#jRa-QjD8nJ-RCtrmj"
"eugenie.mathet@edu.tbz.ch"|"UuxOQi-&gAfll-dlJGoI"
"gaetane.brangan@edu.tbz.ch"|"TU&ZB4-qzgl3n-eCp%1C"
"michele.dewbury@edu.tbz.ch"|"4TREPj-#n6ckN-C%I$O3"
"eugenie.elcott@edu.tbz.ch"|"laPASm-$5c2GI-l7r5yO"
"megane.harniman@edu.tbz.ch"|"mf13vn-WuymWC-KeLg@r"
"agnes.cluney@edu.tbz.ch"|"W5wiVN-KtF2kc-F$m9kw"
"marie-helene.angear@edu.tbz.ch"|"iU739V-nO7NaG-LTnDQI"
"melia.dolphin@edu.tbz.ch"|"knUE7q-@d6Z8f-4Euj6i"
"lois.ruseworth@edu.tbz.ch"|"Jqa6Zr-arjNb&-uq6us8"
"mailys.ryding@edu.tbz.ch"|"qDY8K9-bx@nzM-#XojMJ"
"rachele.wulfinger@edu.tbz.ch"|"JmgHVU-IK&FLw-4NEqe8"
"gwenaelle.talton@edu.tbz.ch"|"8i4aY7-xhmnWS-GI3IDW"
"long.ronchetti@edu.tbz.ch"|"17XqpW-uhL8&Q-DCeBxk"
"styrbjoern.kloska@edu.tbz.ch"|"mjQpaA-GQzApR-4Y@Vvh"
"len.sudran@edu.tbz.ch"|"%22Kfy-#dLZiw-k9Gk1X"
"maelle.andrysek@edu.tbz.ch"|"1Oq%b1-vt@gMu-loMCGZ"
"selene.senior@edu.tbz.ch"|"vrsK%u-fbA9%g-vbZkHH"
"anais.joskovitch@edu.tbz.ch"|"3XJY6o-pv8w7e-8rN7Gh"
"marie-noel.dally@edu.tbz.ch"|"7g0WzK-la$Woa-1OCuvZ"
"marie-helene.laurence@edu.tbz.ch"|"YCgoRg-$yVzwC-8LyzNr"
"camelia.foxon@edu.tbz.ch"|"Yk7V2F-114JC&-aI8Itd"
"helene.cankett@edu.tbz.ch"|"JL8&YT-SF#bq5-vX2gw4"
"marten.mitchelson@edu.tbz.ch"|"y77KZs-DVlCr6-tifUeQ"
"helena.stirtle@edu.tbz.ch"|"x3BIjy-8s0moP-na6KL0"
"leane.barmby@edu.tbz.ch"|"kjKEh#-OkkVIF-mMI&6l"
"goeran.ofinan@edu.tbz.ch"|"gW00ab-WadLRO-y2W&6b"
"styrbjoern.proby@edu.tbz.ch"|"i4gONj-lX7CFF-@sacKi"
"zoe.halse@edu.tbz.ch"|"DFhwVe-BKMIOk-WsqORg"
"kui.drable@edu.tbz.ch"|"ASEjuc-IegI4%-Ag&mjv"
"desiree.bamford@edu.tbz.ch"|"P7d@f1-d9UKDb-kD76kI"
"zoe.suller@edu.tbz.ch"|"kztAT&-HdUoX3-P68DR%"
"marylene.audiss@edu.tbz.ch"|"R4fp#u-NhczpF-9#Lv0X"
"adelaide.poznanski@edu.tbz.ch"|"ZQaowH-zAwwif-fikm&a"
"maella.coleyshaw@edu.tbz.ch"|"7A%t3p-BaRPf3-Y&ve3&"
"marie-francoise.gelder@edu.tbz.ch"|"N3K$eY-MW9Vv1-qmLbQ3"
"eleonore.chaffyn@edu.tbz.ch"|"wPcqRQ-7L15Ee-gjXe8y"
"celestine.sikorsky@edu.tbz.ch"|"BdbSaU-D7WiXY-jw@T3u"
"stevina.londsdale@edu.tbz.ch"|"rTuU9R-L#uLE#-X5A9Ob"
"maiwenn.nevitt@edu.tbz.ch"|"lzpVaD-wtwEBt-8A@aBz"
"magdalene.gerrey@edu.tbz.ch"|"yuINn1-PFAUai-h28JH5"
"becassine.latimer@edu.tbz.ch"|"G8xnpQ-d8nX%i-MhnYQH"
"da.lethibridge@edu.tbz.ch"|"V8uDBe-ARS2KZ-OLe54F"
"mailys.claige@edu.tbz.ch"|"7VvnFy-@FFTxJ-1REga3"
"maena.torbard@edu.tbz.ch"|"yZtK8p-4KxHlZ-z&lb&k"
"solene.lyvon@edu.tbz.ch"|"VcOLOq-E9w$bF-W49BFQ"
"marie-therese.benbrick@edu.tbz.ch"|"#0QKjC-RfUhqe-wIODZN"
"gerald.edmonson@edu.tbz.ch"|"mwSdHe-ayw&7i-YJgm$B"
"ake.messruther@edu.tbz.ch"|"t#5q11-djp1s@-vSIPe%"
"men.gosneye@edu.tbz.ch"|"KG89Fn-SV#6Yi-TB9TkM"
"anais.jefferys@edu.tbz.ch"|"e8rw96-uSP%#E-zoKwsg"
"publicite.tregale@edu.tbz.ch"|"vA2CZj-ydHmcP-BpI78u"
"maily.santorini@edu.tbz.ch"|"SKbsFV-5RTeDp-3rciHi"
"ines.pioch@edu.tbz.ch"|"KjkOw8-SW0J77-JY%@Vb"
"noemie.marklew@edu.tbz.ch"|"OO%iwk-S12$UY-k4Lsol"
"meghane.maccaffrey@edu.tbz.ch"|"qOzHv$-2pAuU%-UmKiTU"
"berangere.ambrogio@edu.tbz.ch"|"WrjR%w-jqbd82-Fl#WcR"
"mediamass.ryce@edu.tbz.ch"|"R9uz5x-VOwoFy-m6#Upt"
"oesten.ubank@edu.tbz.ch"|"@cobpW-Kj1S9e-AhzRbp"
"melina.mackee@edu.tbz.ch"|"X6vM@M-cCQ%Fv-NAfSJO"
"theresa.livezey@edu.tbz.ch"|"1%uO8v-gsO$bP-wC7uKf"
"clemence.weal@edu.tbz.ch"|"T#sBSE-P8UEnI-L$evWh"
"faites.overton@edu.tbz.ch"|"MJkHr&-T#wX2c-h#uKCQ"
"clea.lindblad@edu.tbz.ch"|"Aeyppv-UUPBaH-S0dXGb"
"josephine.roseaman@edu.tbz.ch"|"NXMAJr-zlnWjG-JiW4S4"
"oesten.lowbridge@edu.tbz.ch"|"anxnB5-Y#dC4h-rYrw0c"
"marie-josee.brion@edu.tbz.ch"|"2yp1Va-SrvPyk-$5m5tT"
"therese.basili@edu.tbz.ch"|"C$4vaZ-FJNggf-dJCRlm"
"melia.vertigan@edu.tbz.ch"|"%bm6p%-yQZlVh-%wr@nn"
"judicael.saull@edu.tbz.ch"|"F6TmPd-doRQnj-Mbsosp"
"selene.valentine@edu.tbz.ch"|"4k7nkv-r5zkZ2-nBVjva"
"verane.dunlap@edu.tbz.ch"|"K#cqZc-eV02fp-XJiaih"
"meline.kinnear@edu.tbz.ch"|"QnCNIh-sFnvvB-@UbT6s"
"lei.luttgert@edu.tbz.ch"|"d1zvai-l65m99-mx6rkb"
"styrbjoern.lathleiffure@edu.tbz.ch"|"q3JNDo-xQhLL6-YrUQb$"
"marlene.blasi@edu.tbz.ch"|"@0ORbd-@NN4Bh-zGV9om"
"mai.begwell@edu.tbz.ch"|"YHWmOv-2Ggt15-jpePSi"
"gwenaelle.kaines@edu.tbz.ch"|"NnUCPE-d$tW8U-qXXnzz"
"gerald.adamthwaite@edu.tbz.ch"|"nB&Ol2-U0hupt-olZuFB"
"kui.hartfield@edu.tbz.ch"|"12ety8-K%EK%2-hf8fZu"
"salome.currao@edu.tbz.ch"|"FpKh8x-zDwki8-qXeAn1"
"angelique.tixier@edu.tbz.ch"|"v%93W7-2dxy10-U558H&"
"ju.mcgragh@edu.tbz.ch"|"fjoihp-jwhYBZ-vp8izQ"
"dafnee.beachem@edu.tbz.ch"|"qrX&97-gd#xoQ-TJB4$S"
"creez.terlinden@edu.tbz.ch"|"b3C&1W-A01EVM-X1IS&M"
"uo.mcskeagan@edu.tbz.ch"|"2lm1#U-1sL1SH-e02w&j"
"edmee.mccaughren@edu.tbz.ch"|"LCLL#O-J@DvoR-ewBDSq"
"asloeg.cozby@edu.tbz.ch"|"j6pFk4-35QS%f-lFVGxH"
"melodie.traite@edu.tbz.ch"|"8A#ErV-&TMbTH-6&bQN4"
"dorothee.aindriu@edu.tbz.ch"|"Ie@6#w-ym4cpY-qh6Liz"
"daniele.doley@edu.tbz.ch"|"&Tv4T6-oHcKJj-XgE6p6"
"mediamass.fairclough@edu.tbz.ch"|"Ecx2z8-muRcB%-n5#Uxi"
"lorene.rainforth@edu.tbz.ch"|"6eCraa-R8yVcF-Yr$ieC"
"leonore.eyer@edu.tbz.ch"|"mma5XJ-8V2m76-1FSa$C"
"po.spillman@edu.tbz.ch"|"ei0qoI-Np7mzq-m9#TzJ"
"cecilia.plitz@edu.tbz.ch"|"HQdZqA-M7t7co-DAupMA"
"lorene.ludlow@edu.tbz.ch"|"LA8Xts-d0ka9F-ig710j"
"berangere.neligan@edu.tbz.ch"|"P&bDnf-PBci3C-$1IIgB"
"simplifies.huggan@edu.tbz.ch"|"6%61q#-nn40qL-rSsg3F"
"clelia.prandy@edu.tbz.ch"|"UWnHbx-3XSof3-3bW3pK"
"ake.osban@edu.tbz.ch"|"7Tf#rR-xsLIN5-%4VPPR"
"cunegonde.brunn@edu.tbz.ch"|"OuEGXp-0IclRM-3rrepu"
"long.grizard@edu.tbz.ch"|"%3utgY-vmaAsV-4LnKTl"
"meghane.diss@edu.tbz.ch"|"wO2Ylj-FhxIo$-RLSEg$"
"therese.oldman@edu.tbz.ch"|"BtTJJI-COPWDJ-1Db9$F"
"boerje.scamerdine@edu.tbz.ch"|"rvrXA1-1JO5yY-H&7R6K"
"du.saban@edu.tbz.ch"|"TYC3Yr-5HaSmu-XYQVNa"
"hakan.clynmans@edu.tbz.ch"|"&TSufw-T&KL9g-N1uxn3"
"wa.macdowal@edu.tbz.ch"|"G6FWmp-tkzzv$-GwaFew"
"venus.hatrey@edu.tbz.ch"|"B58fuq-WuwAKF-NcrS&0"
"anaelle.vispo@edu.tbz.ch"|"psHdJh-8lbYCu-J4A0cW"
"mahelie.ollcott@edu.tbz.ch"|"6SsOSP-%bi3dc-gvBZOY"
"mediamass.whyman@edu.tbz.ch"|"Ewmbwa-hGLz08-oCcJ2y"
"esbjoern.basson@edu.tbz.ch"|"pjYjY7-zQjBsR-x0CV4P"
"andrea.morrill@edu.tbz.ch"|"7mINy5-Mb#sld-XvikG2"
"melys.grassi@edu.tbz.ch"|"T20W6d-30L12O-hRQEJp"
"leone.poleye@edu.tbz.ch"|"Wz%DTG-qON@vJ-mayIKo"
"francoise.penny@edu.tbz.ch"|"$DDdP@-Yz3AR8-hpVj#c"
"rebecca.edney@edu.tbz.ch"|"2IOT6e-Xj9koz-aXAZZR"
"adelaide.murtagh@edu.tbz.ch"|"3EfbLI-MbmNij-Exmksq"
"stevina.winterbourne@edu.tbz.ch"|"Po7Ux@-q%$&AV-WbJK1q"
"ma.cottom@edu.tbz.ch"|"hz1Irm-cjPB8g-notQIF"
"tan.harold@edu.tbz.ch"|"&iumKo-M&Kk6N-WJBCXP"
"venus.forte@edu.tbz.ch"|"DNgT9S-XlOOK3-CzidFI"
"almerinda.oluney@edu.tbz.ch"|"FIUwbS-iyYuu9-UJsDIL"
"cleopatre.brehault@edu.tbz.ch"|"3h7Hpj-3%izof-0f%HyD"
"interessant.lapides@edu.tbz.ch"|"te$Mdo-mq%Obk-AkTBSR"
"reserves.hallatt@edu.tbz.ch"|"58@nqg-VVJMTy-dnd8Tp"
"annotes.birdwhistle@edu.tbz.ch"|"JoljKc-OBepUB-Orb3r0"
"ai.dredge@edu.tbz.ch"|"UMItq7-Jvj9%O-qhDrc4"
"megane.mussard@edu.tbz.ch"|"06pToF-WknRFh-Z%7BNv"
"esbjoern.gowrich@edu.tbz.ch"|"zYt@VZ-Mklw9H-PrqLEc"
"boerje.brislawn@edu.tbz.ch"|"b0tbVV-V4SPL5-DmzW6O"
"becassine.wilce@edu.tbz.ch"|"9rGbuw-a0#thg-nlRFS2"
"personnalisee.oels@edu.tbz.ch"|"YUnI90-Zkf469-p1qGLE"
"verane.pett@edu.tbz.ch"|"61KdNV-jhREn#-phmOiA"
"marylene.glewe@edu.tbz.ch"|"v&AJ1j-3GK48G-4MWVfH"
"lai.elson@edu.tbz.ch"|"HT%PF3-oQSR5f-1BSAWJ"
"serena.difranceschi@edu.tbz.ch"|"uoYa8m-70elhk-VF$Q0R"
"lie.espinel@edu.tbz.ch"|"UtLa2H-Zzsjk@-%18sQR"
"marylene.fantini@edu.tbz.ch"|"Hlp&fO-iufbR6-sx7Tye"
"andre.archdeckne@edu.tbz.ch"|"#IVPB#-JVVLVP-iNIHrH"
"goeran.bohlingolsen@edu.tbz.ch"|"qYKltB-8cS%kz-P3OVWW"
"cunegonde.heffer@edu.tbz.ch"|"nMJxl1-K8SPIc-O9bELq"
"tan.fechnie@edu.tbz.ch"|"wgLSGp-boIMCR-5&$eTh"
"marie-noel.brammar@edu.tbz.ch"|"I#YmGW-loM2t#-IiWenh"
"simplifies.aven@edu.tbz.ch"|"BCP6NP-aA@iDt-eTsSUA"
"melys.pinchen@edu.tbz.ch"|"9ea%2R-qxdsfd-Xd%m8$"
"edmee.joyner@edu.tbz.ch"|"6JppTP-Q5H#m9-nSrbtX"
"berengere.edess@edu.tbz.ch"|"M&roC$-UtPsax-HQ2XIp"
"marie-noel.goward@edu.tbz.ch"|"fNpim#-yOv8IV-bc%xUo"
"ju.edmons@edu.tbz.ch"|"Lp$RU0-BLc$&J-cP8ico"
"frederique.airds@edu.tbz.ch"|"EZn2pN-sAZCQE-ZVvZmE"
"reserves.dauby@edu.tbz.ch"|"3hdHw8-43ULCm-PAbUfX"
"hakan.gynni@edu.tbz.ch"|"raUNKF-R#Ecu3-IOI8Fo"
"leonore.pinwill@edu.tbz.ch"|"$i02iX-oPkqEK-pRGwC7"
"marie-eve.mcallan@edu.tbz.ch"|"SVk$MH-X3VIM7-0V@j1P"
"naelle.yeabsley@edu.tbz.ch"|"IpMfZ5-$g5u1N-$@Zxel"
"nelie.jacobovitz@edu.tbz.ch"|"@vOwtU-r9ZNd&-JZK01p"
"adele.conelly@edu.tbz.ch"|"qK8Dsn-%GDhDB-ziAt6w"
"clementine.dondon@edu.tbz.ch"|"g1Rn2T-WprLTa-pWJnR@"
"zhi.willcot@edu.tbz.ch"|"HtZHhx-Vh6ySd-ETvDYd"
"chloe.janicki@edu.tbz.ch"|"79JuKL-NylVSv-ztPSHY"
"meng.linde@edu.tbz.ch"|"AAXzsl-&PdAN#-j4sU&O"
"celine.janisson@edu.tbz.ch"|"VQHBvk-03pSKM-SQgBt$"
"clelia.crow@edu.tbz.ch"|"LlsIy9-cjY3LM-OVpqYc"
"cecile.pyott@edu.tbz.ch"|"FaGC7j-N9IaXw-JZnO2s"
"ma.fidelus@edu.tbz.ch"|"l@Oz#M-0gwlhz-E3Fl@o"
"marie-helene.poore@edu.tbz.ch"|"KYUVJm-DcXuYU-sprOvi"
"elies.blanket@edu.tbz.ch"|"7vFUUJ-TOq1FX-y9n9Yg"
"yu.boyer@edu.tbz.ch"|"FiPrvU-q2pT8w-#ySX2f"
"celia.welds@edu.tbz.ch"|"m6lpL$-ir7RI@-BL&7BE"
"du.gunney@edu.tbz.ch"|"SGmDk2-&Z0dXZ-HO3@#K"
"goerel.crush@edu.tbz.ch"|"K#wi44-x&teJ&-wz1hz8"
"marie-josee.brosius@edu.tbz.ch"|"vuf9GS-YA#WpC-$vBZBo"
"camelia.adds@edu.tbz.ch"|"%sW#0I-w6tJXY-6ctrzd"
"anae.irwin@edu.tbz.ch"|"CS@&DM-ZeuEM$-%aDx2d"
"cleopatre.skeffington@edu.tbz.ch"|"H8GbKH-HnNHVo-i2mMEq"
"gerald.suggate@edu.tbz.ch"|"cRQvwB-dlaTSJ-ly1ZLy"
"laurene.tailour@edu.tbz.ch"|"w30Znp-sKUw4r-#f2iA&"
"amelie.hoble@edu.tbz.ch"|"Ci8Mpu-l4k#Co-NJIG$k"
"venus.getch@edu.tbz.ch"|"@vbisP-jj%AKM-%qt2$i"
"renee.treby@edu.tbz.ch"|"PUuBg2-i$jX5g-LECmV$"
"almerinda.stait@edu.tbz.ch"|"el7okc-$Sqyxw-YuxM1y"
"andree.reddecliffe@edu.tbz.ch"|"1nClrN-$0HSpA-1D64@y"
"leone.wintle@edu.tbz.ch"|"GWIj$O-#Ser0R-%#%b9R"
"gerald.fellow@edu.tbz.ch"|"f5fmbF-6NuQLm-2Lp8sG"
"ju.gudger@edu.tbz.ch"|"#I4fKv-C$71os-MVl9cw"
"meng.ohaire@edu.tbz.ch"|"%Fo77G-3hKNvJ-wjSisy"
"cleopatre.missington@edu.tbz.ch"|"mvxbSm-@%eg&j-Jp7YUb"
"annotes.debruyn@edu.tbz.ch"|"F$FLcU-k&Nil#-pJfL&$"
"gerald.sinisbury@edu.tbz.ch"|"T7I@HM-i5hxXC-LqHmRb"
"creez.slora@edu.tbz.ch"|"u$vBP6-%nq6QL-Ik#lpo"
"gisele.benbow@edu.tbz.ch"|"RaVRQ2-H$qzF3-zAC&y$"
"pal.dossit@edu.tbz.ch"|"ux#ut4-0sMfSC-Lzu7Vm"
"nelie.stirrip@edu.tbz.ch"|"fXdzua-x%6NfU-7I7J30"
"alois.ocrigane@edu.tbz.ch"|"37E%LO-4TsGcE-8K7u6h"
"kui.mcterry@edu.tbz.ch"|"e5HHqd-WFxN4D-jZ#3OQ"
"long.willgoss@edu.tbz.ch"|"Uchbno-c&a&tp-CiK#sd"
"francoise.sumpner@edu.tbz.ch"|"ngTzmq-92&HsI-b9Bw8o"
"maely.grinstead@edu.tbz.ch"|"RZDNoe-z#f0&B-@0sOXr"
"creez.langeren@edu.tbz.ch"|"$J@DkT-v5jscN-y@AHiR"
"adele.dungate@edu.tbz.ch"|"IoxkvX-giDLy6-egKh#e"
"cleopatre.noirel@edu.tbz.ch"|"6VEoI3-o1mQ4l-3dybW8"
"interessant.daverin@edu.tbz.ch"|"%zgTZN-V9SBwl-6u0lBi"
"naeva.kalderon@edu.tbz.ch"|"&@LWt0-UdPPi9-enu7e%"
"anais.oshesnan@edu.tbz.ch"|"QcqLgU-RBDvzD-KFB9QD"
"judicael.anelay@edu.tbz.ch"|"pSSyvH-$iysl3-jGX@Uo"
"eloise.braxton@edu.tbz.ch"|"WRobU1-KZxhl6-&djhZB"
"desiree.greguol@edu.tbz.ch"|"B&UfOE-hxiR7v-4Eq$I0"
"maite.mcclenaghan@edu.tbz.ch"|"%l6d4y-8twOVt-2I7lao"
"meng.doret@edu.tbz.ch"|"q$l8yJ-iItFOZ-DE@mTq"
"frederique.chippendale@edu.tbz.ch"|"V4Cjc%-IKh@48-CE5NXE"
"andreanne.lanney@edu.tbz.ch"|"cw67DS-yi4cMv-hWWmTm"
"aurelie.claus@edu.tbz.ch"|"O$2MI7-gRz8Io-AMhHEz"
"renee.pabel@edu.tbz.ch"|"qy%N0K-44qmZS-5UW6cl"
"maena.roust@edu.tbz.ch"|"Z0NIYU-G@snDP-vMPljk"
"nadege.carwithim@edu.tbz.ch"|"HqZFYQ-IVPM&t-b9Ss8V"
"solene.geyton@edu.tbz.ch"|"aBR6nL-IdYJjQ-THuGf1"
"dafnee.avraham@edu.tbz.ch"|"8O@Nrm-aQ2pAn-cbPEeR"
"leane.woolvin@edu.tbz.ch"|"Cb2OlP-XS0RTh-8&1J&m"
"adele.macadie@edu.tbz.ch"|"Wtfwao-Gu3OSq-%JVN0D"
"meline.rubica@edu.tbz.ch"|"l5tmXY-67G78t-vnPUUB"
"marie-noel.speeding@edu.tbz.ch"|"9V$5By-uw&sCk-gAjI6L"
"nelie.mix@edu.tbz.ch"|"itO3@G-1e@gwG-yRkHL1"
"clea.ollett@edu.tbz.ch"|"TPfcgb-y&YfLx-dRBRH6"
"leandre.mcgavin@edu.tbz.ch"|"DnZhDU-Ic@luR-Cva6Kj"
"cecile.behne@edu.tbz.ch"|"@M&wJd-JWYqfQ-cs54GC"
"melanie.polle@edu.tbz.ch"|"x5D3Ku-N$NREJ-LkL5&5"
"marie-josee.titmuss@edu.tbz.ch"|"$I4#1R-Q@h6z#-LRc8kQ"
"helena.guest@edu.tbz.ch"|"paCg5C-lIfx0f-qdN67P"
"annotes.chicchetto@edu.tbz.ch"|"sPy1xp-%9AfNh-#FnXw5"
"melia.tubb@edu.tbz.ch"|"JJiWJj-Fc3OSs-K7S4wZ"
"angelique.casetti@edu.tbz.ch"|"hY6Qb%-LqwAho-K$j9$1"
"cunegonde.cleall@edu.tbz.ch"|"iS66Rh-jKWkBc-d2mse%"
"camelia.oaker@edu.tbz.ch"|"TQzFpq-3kOQ&b-pJFDMt"
"you.searight@edu.tbz.ch"|"bL%ATp-YNP0Ho-H1XSFT"
"kevina.dederick@edu.tbz.ch"|"ITFvoA-&kU8VJ-eRID0#"
"milena.jeffrey@edu.tbz.ch"|"zK4N0K-P%BabX-RTYQL7"
"melodie.barkshire@edu.tbz.ch"|"FOSRdk-Iq0mXA-rK$swz"
"gaelle.kreutzer@edu.tbz.ch"|"IGdAst-WTC1Lh-xMTKrc"
"kalliste.kleinpeltz@edu.tbz.ch"|"mbaK3A-uGSc2n-Aa$uo9"
"clementine.danat@edu.tbz.ch"|"JXlwtt-%fHQLq-t#Pv77"
"andrea.wabb@edu.tbz.ch"|"i@bxpX-#St0Sg-afaLWy"
"geraldine.piesold@edu.tbz.ch"|"sBA0n6-6I7bCT-iohsf3"
"tan.fiveash@edu.tbz.ch"|"tZMFkO-SJoaXb-Iwby$7"
"meline.yuranovev@edu.tbz.ch"|"X4zvGo-FkS667-H7DMWf"
"therese.holme@edu.tbz.ch"|"sDMtNp-@Or3MK-H$6eDJ"
"salome.vaney@edu.tbz.ch"|"cOTs@L-C0Rh3P-qjiBMs"
"anae.abramson@edu.tbz.ch"|"%NVFUh-7YKw14-XtwBXA"
"kalliste.jimson@edu.tbz.ch"|"yVbWEP-%6ZfVb-3B@jKO"
"selene.yole@edu.tbz.ch"|"bG%cDQ-kSoO&u-4jVnHs"
"agnes.defraine@edu.tbz.ch"|"aM6gNa-j$W#B&-64TU6A"
"faites.mccluin@edu.tbz.ch"|"iJJ5ey-rD4msZ-P$cawq"
"athena.deme@edu.tbz.ch"|"k6VwEP-BExgcQ-afyjXp"
"daphnee.brigstock@edu.tbz.ch"|"FrNu$Y-p%iCAU-IHhDvu"
"goesta.skaif@edu.tbz.ch"|"@M0WM3-ZML$Lg-s4K#mq"
"oceane.jagoe@edu.tbz.ch"|"mbZWP2-CYAxPJ-J%0BBj"
"annotes.broomhall@edu.tbz.ch"|"TGXxWY-UBzXdO-#BrwyE"
"marie-eve.ballendine@edu.tbz.ch"|"GjOpLf-44O28%-tJqN9%"
"melina.spykings@edu.tbz.ch"|"ep2CWe-vEnaZg-6l4RmO"
"laurene.ticehurst@edu.tbz.ch"|"@jAfl@-OlaZsi-#9iXu3"
"fei.avramovic@edu.tbz.ch"|"DAQLk0-#qNPt%-ISNeLL"
"publicite.strathearn@edu.tbz.ch"|"ZK@QzG-$Y2h4$-po0o5Y"
"torbjoern.garrow@edu.tbz.ch"|"RPAyvv-g7AMN7-oKk10D"
"chloe.rubinsztein@edu.tbz.ch"|"%$&C7T-lXQCt&-WJ0xxo"
"mylene.demanche@edu.tbz.ch"|"fvFwXl-VBxn#y-TOguYT"
"mediamass.godlonton@edu.tbz.ch"|"FLXeJt-A3@jWw-9pYujn"
"renee.shurrocks@edu.tbz.ch"|"PF5cZa-PEkVa&-wpo888"
"maiwenn.jedras@edu.tbz.ch"|"F6Syk#-IebqYf-@Zi0e1"
"genevieve.castells@edu.tbz.ch"|"NAuq4u-hV8UuL-2wsxae"
"renee.sneden@edu.tbz.ch"|"khpZNZ-w#xQr9-trFnhl"
"lai.mccallion@edu.tbz.ch"|"XeF5Ar-fxf3xI-IxpA8@"
"kevina.impleton@edu.tbz.ch"|"e#YLzI-uzTwPm-bMhOiZ"
"oesten.fresson@edu.tbz.ch"|"HyrIZJ-%n$Tkq-uGE#&V"
"verane.shawley@edu.tbz.ch"|"kcFdA#-4mPz9R-pSdr8u"
"uo.sjostrom@edu.tbz.ch"|"mAZ7dF-quVsGB-&ZU2ab"
"gisele.gothup@edu.tbz.ch"|"Au1j2s-FXuGbS-EvW&s8"
"renee.beauman@edu.tbz.ch"|"oc6J1a-bf3159-ztIO5S"
"elies.loton@edu.tbz.ch"|"HJMa0a-AgvQpB-o%EL1R"
"valerie.elsmore@edu.tbz.ch"|"8oXLzi-9A%dyd-AsC9uo"
"berangere.delafeld@edu.tbz.ch"|"nPU7g4-RFPXl2-@MxTPg"
"bjoern.schimke@edu.tbz.ch"|"Av26GS-6FpM1%-v2vz2Z"
"loic.ericssen@edu.tbz.ch"|"4NtkQp-9hI2U2-1wGeSe"
"creez.richarz@edu.tbz.ch"|"2V%uWY-L1ymb0-ghsFAD"
"athena.grocott@edu.tbz.ch"|"Czo1T0-zGSH&@-uucXHp"
"naelle.piotr@edu.tbz.ch"|"096IHN-bZt9cZ-uyYlXz"
"maella.paulson@edu.tbz.ch"|"Yf2l9$-uNVvbd-ivy0Yt"
"song.perot@edu.tbz.ch"|"jfNO%z-Y#Jwoy-O0&EYf"
"kalliste.heckney@edu.tbz.ch"|"QCZMb8-Jsd%Tl-tXYiMM"
"ake.vasyutkin@edu.tbz.ch"|"ClBH@@-DWswEh-z8bO#X"
"ma.castles@edu.tbz.ch"|"B0b5J5-Or6RyG-wdk$V%"
"maely.monget@edu.tbz.ch"|"GQ$JEv-tBAA2x-b7nOim"
"tang.durbridge@edu.tbz.ch"|"zRSJqT-awd6j$-C0Ncuo"
"laurene.andrew@edu.tbz.ch"|"yZ%DMP-gzTJnf-JPdPqV"
"lysea.beacon@edu.tbz.ch"|"FS6hhe-#uSF2D-GfBsbL"
"leandre.peyntue@edu.tbz.ch"|"JziEg4-DR5qkH-2wi#V5"
"rao.trever@edu.tbz.ch"|"93f@yJ-bFmYOa-#yDJpM"
"mahelie.streader@edu.tbz.ch"|"XTIb@u-UT7#Fw-sIy89m"
"maerta.andrejevic@edu.tbz.ch"|"cTytWV-RsZD7Q-tlAtx@"
"goesta.tompkins@edu.tbz.ch"|"d0o$Oz-SllWQi-PcrjFF"
"helena.agates@edu.tbz.ch"|"q0%Y9O-aLu5Rq-&rOxxg"
"therese.glass@edu.tbz.ch"|"2zjk$1-9xWfD&-ishVLf"
"alois.foan@edu.tbz.ch"|"U8sz14-8V7X$J-PfJ3GP"
"becassine.melchior@edu.tbz.ch"|"k&d9zo-IwxkWM-BVKkoc"
"cloe.robart@edu.tbz.ch"|"4dQFPe-TRHPPK-HKv$PY"
"daniele.puckinghorne@edu.tbz.ch"|"hNvIgq-oxWPpi-&$JGF7"
"selene.cammidge@edu.tbz.ch"|"OPN0rZ-u@ImnM-eAZKtK"
"regine.conochie@edu.tbz.ch"|"xsY93q-p2@nOS-UpRjAN"
"interessant.tuiller@edu.tbz.ch"|"yxP7E8-titZtb-o277w1"
"long.tiebe@edu.tbz.ch"|"fpJaaq-SU3dG@-SxN%%B"
"mans.yele@edu.tbz.ch"|"TfzSif-yTUpst-HPl83b"
"ai.giles@edu.tbz.ch"|"zA&IIx-LsCCXY-TkJzbY"
"gaetane.hamberston@edu.tbz.ch"|"VUyO&7-%PMAwa-pTx4eU"
"marylene.fenix@edu.tbz.ch"|"PJe$L9-2ncM1#-ze9MDW"
"geraldine.graeme@edu.tbz.ch"|"duJJjy-GP6WZG-Lh9FKH"
"tang.kinglake@edu.tbz.ch"|"kpg3eP-97X&RY-kGSVDf"
"lai.challoner@edu.tbz.ch"|"mjn2ZM-iixvk0-7enBJ6"
"desiree.mattei@edu.tbz.ch"|"LO0Af3-MN4w%%-LUUL$Y"
"ake.erley@edu.tbz.ch"|"q&#WA2-TTfVD7-hQQrHB"
"edmee.cavil@edu.tbz.ch"|"Tu@ZKj-kNcYN&-YKgq$S"
"alois.moyes@edu.tbz.ch"|"DEXi4p-IsV%fM-QiyESl"
"becassine.pitman@edu.tbz.ch"|"HFKk$6-H1v7oJ-vKytwZ"
"ai.giacovelli@edu.tbz.ch"|"B65fG1-nllYIT-sY5$x4"
"judicael.fruchter@edu.tbz.ch"|"&#4mx5-2SkR&e-wkSMb&"
"mans.mogg@edu.tbz.ch"|"HqDR2k-HqZtOy-uO9H7F"
"gerald.foyle@edu.tbz.ch"|"XF@X6z-ZizyTw-pBS1#w"
"wa.androletti@edu.tbz.ch"|"pNL5ck-Zhhxfd-DQxW5h"
"meng.ollett@edu.tbz.ch"|"X3CEqY-qoyGuH-H5w#hW"
"naelle.macmenamy@edu.tbz.ch"|"@0l0Ey-R5p@w2-9hZST$"
"gisele.mcramsey@edu.tbz.ch"|"447wf1-DF4zGB-weddBY"
"meryl.scolts@edu.tbz.ch"|"#Knx9&-6NU615-WMdS3G"
"celia.bloxsome@edu.tbz.ch"|"ixfMwl-r&a6WB-Lupv@2"
"styrbjoern.stuke@edu.tbz.ch"|"5jl#Zg-8pAjre-IgeDR5"
"felicie.gwilliam@edu.tbz.ch"|"b5nPD5-S4I5U8-fC7ljZ"
"da.harms@edu.tbz.ch"|"fUQ%n6-hDLmYS-jxt&Ij"
"celestine.baulk@edu.tbz.ch"|"ZROQ8F-%8IWUz-Zu3KR$"
"mahelie.blackledge@edu.tbz.ch"|"SOrQTy-nD&SLE-QjD&rN"
"meghane.salt@edu.tbz.ch"|"s%NQN%-az9TCy-%B&JdD"
"methode.paxeford@edu.tbz.ch"|"HMkckh-@q$qG8-DCwC96"
"asloeg.milligan@edu.tbz.ch"|"iaJB10-eiElLW-&TFx2k"
"you.pellman@edu.tbz.ch"|"3kZcKl-XhKI2P-396yhy"
"loic.regenhardt@edu.tbz.ch"|"&rfTSs-1PQ$pn-kAyCnf"
"daniele.savill@edu.tbz.ch"|"NxJJpl-AJwtXp-kn3yTr"
"alois.cornu@edu.tbz.ch"|"vDBz9x-KHr1qE-w%rtgP"
"oesten.govey@edu.tbz.ch"|"ouFoeM-DO5FfW-VMoY3w"
"marie-eve.louch@edu.tbz.ch"|"V2gpSj-i%zmc$-qR1Ssc"
"theresa.wenn@edu.tbz.ch"|"vg29bE-kMNBWK-bbJn&r"
"andree.eul@edu.tbz.ch"|"gp@5#z-lWNMbz-w$yr2g"
"lie.paynton@edu.tbz.ch"|"a8jSiI-5aqIes-bJbVN$"
"marie-eve.girodier@edu.tbz.ch"|"96o$b$-HpyQSI-uQQb1w"
"marie-noel.smithe@edu.tbz.ch"|"hFo03b-SXt$zH-RvuPQT"
"men.bootyman@edu.tbz.ch"|"dY9x5V-@&RhQE-M%hyFw"
"ku.sugg@edu.tbz.ch"|"01L5$r-peBt8&-GydGIW"
"lucrece.roseman@edu.tbz.ch"|"1XlQQM-1C6IRj-w7&1%O"
"zoe.annear@edu.tbz.ch"|"VQPOZc-y3yaFt-S6Bi#J"
"marie-helene.rennebach@edu.tbz.ch"|"uJr$qB-cOYjIx-a7ojr#"
"lea.djurdjevic@edu.tbz.ch"|"gzgoGU-1HVJS%-ZnZ22&"
"goerel.robert@edu.tbz.ch"|"EEIm$Q-JwOQCA-%3wcFP"
"mylene.foldes@edu.tbz.ch"|"kVdaMR-BjMyax-zmgtOb"
"faites.clegg@edu.tbz.ch"|"hBTLDN-yJsv01-D$HNsz"
"marylene.crowcher@edu.tbz.ch"|"niXFs%-2e1cAa-0rdWje"
"aimee.wimpeney@edu.tbz.ch"|"GTGZ&E-hzs32I-zVrdoK"
"renee.atkins@edu.tbz.ch"|"xSfqo$-hPm0sE-mo5Gpi"
"rejane.cainey@edu.tbz.ch"|"hggWLJ-wJ1F#7-Q2lAzM"
"solene.britney@edu.tbz.ch"|"ij8WVr-6FcbHG-uR1TUy"
"marten.shatliffe@edu.tbz.ch"|"P46&X8-3ymMvg-XN$7wW"
"maite.issatt@edu.tbz.ch"|"5rK@dP-mW2Apt-HjWTYY"
"maelyss.edon@edu.tbz.ch"|"vYtZeU-g4lsNg-$mrRKg"
"nuo.bamling@edu.tbz.ch"|"EHOg%y-NFgy%o-ejZWwv"
"anais.edards@edu.tbz.ch"|"dqEyBB-ANwzCB-RVxBNP"
"mediamass.bromet@edu.tbz.ch"|"$3QX&x-YrS9G7-Qith#i"
"beatrice.kimbrey@edu.tbz.ch"|"w7y#&m-7$HcL3-%@lztM"
"ines.lawranson@edu.tbz.ch"|"EKOqfm-OZ1Hs0-MPnLu@"
"kalliste.scandroot@edu.tbz.ch"|"HMtObn-QkgXFA-kjOcnC"
"mans.barrowcliffe@edu.tbz.ch"|"Ra4NkM-yAYqpO-tbauk3"
"irene.couves@edu.tbz.ch"|"acceD4-OoKU59-MdF1Pl"
"milena.mucci@edu.tbz.ch"|"81VYQ#-vuT7T9-cxNiB6"
"naeva.cow@edu.tbz.ch"|"yd8ux&-q@r2&j-qfbQo4"
"audreanne.mournian@edu.tbz.ch"|"Qf3nUC-N$bEVO-Y$Y2&R"
"melia.sinnatt@edu.tbz.ch"|"SP0czH-ZpBsNn-bHSI#9"
"nelie.burnard@edu.tbz.ch"|"Zm#C2X-0evML6-lvn%va"
"clelia.ashfull@edu.tbz.ch"|"hJeY7F-6gmZGm-hF2EGW"
"lie.macard@edu.tbz.ch"|"Nhf6Xh-qyAUqK-M4I3R1"
"valerie.matoshin@edu.tbz.ch"|"&oYK%k-l36lzm-lQfblm"
"anael.hatherleigh@edu.tbz.ch"|"cj4QcT-i3aNGZ-W4Oxp9"
"interessant.warratt@edu.tbz.ch"|"zOMSy$-LCtH97-Q@vxtf"
"eleonore.volage@edu.tbz.ch"|"Hxa&Hz-ueKkwE-pbiqRV"
"zoe.stebbing@edu.tbz.ch"|"3W$ONT-pclIrY-3bgnsK"
"alizee.nye@edu.tbz.ch"|"@1eetR-gSUTtN-K%sn8E"
"celestine.bramley@edu.tbz.ch"|"HY$MB%-UxUv7o-ZvQc#M"
"selene.philcott@edu.tbz.ch"|"hwhVLX-&7ncvd-XZrCwC"
"tang.newens@edu.tbz.ch"|"c&QhGZ-B%%Byn-8moWcZ"
"annotes.powys@edu.tbz.ch"|"V$prQ0-AvuqIs-tFo$xQ"
"lea.matthesius@edu.tbz.ch"|"55&xnT-U0JJ76-PdpOB7"
"illustree.garlett@edu.tbz.ch"|"1MkHtj-Gcnb%B-fd2Aaw"
"maiwenn.meachem@edu.tbz.ch"|"CUr9Ve-6X#@Qo-yqD71L"
"marie-francoise.mcbrady@edu.tbz.ch"|"DlXCaV-GFVS9b-K$GJea"
"illustree.gimbart@edu.tbz.ch"|"l2Iqjj-NjGB8k-Wj74&M"
"melys.lyosik@edu.tbz.ch"|"E9QJlU-3&u$AW-BbnOhQ"
"marylene.mcnab@edu.tbz.ch"|"OEAxaU-M7%X6d-ecRz@1"
"gerald.blount@edu.tbz.ch"|"DiU&iQ-IA3uPm-gCAjBX"
"clelia.shakelade@edu.tbz.ch"|"XIZt&n-kwgMrL-nBJElH"
"penelope.cridlin@edu.tbz.ch"|"#i@XJE-ba4x4M-qkjwiK"
"maena.okuddyhy@edu.tbz.ch"|"tlvTCX-jnlFuh-3qTCyY"
"athena.keynd@edu.tbz.ch"|"#Wyir$-isdgEt-G9Pt1C"
"cloe.dwine@edu.tbz.ch"|"WrPPtH-eK3H7k-SRm@fZ"
"josephine.browett@edu.tbz.ch"|"LlwLOg-qs4#Rg-%GXIIV"
"audreanne.oscanlon@edu.tbz.ch"|"B9k@#C-Jp8f#L-tjkYra"
"fei.jeanequin@edu.tbz.ch"|"HDReUX-%Ujhst-vL0WeT"
"lois.gormally@edu.tbz.ch"|"KlpoVe-$t$8K4-Yfmtpo"
"marie-francoise.finnigan@edu.tbz.ch"|"UAOHO2-zB%H6W-3KK5fS"
"leonore.trussman@edu.tbz.ch"|"y7LgG8-VgWwsd-ceeIYV"
"anaelle.trumper@edu.tbz.ch"|"1Sq5vM-$VmiRE-a3sCd2"
"clemence.dionis@edu.tbz.ch"|"fx%nfs-dot2y%-xi#HQQ"
"lois.tranmer@edu.tbz.ch"|"PEse$O-ZTjBsA-j8Fxtp"
"interessant.volett@edu.tbz.ch"|"Ty0lUN-5%OKH9-rJNdmD"
"personnalisee.deackes@edu.tbz.ch"|"wu5nlV-Ap8kVS-VQdGZM"
"lie.vasiliu@edu.tbz.ch"|"x0VHkI-TwlJJP-0@j1h5"
"dafnee.lamputt@edu.tbz.ch"|"E56oDR-D@VP&N-@88JOt"
"elies.bromige@edu.tbz.ch"|"R1aBPm-reSweo-xBDi#o"
"helena.klosser@edu.tbz.ch"|"feMAA6-7Zcs6&-PqdzlN"
"andree.grim@edu.tbz.ch"|"T#NTh3-TTQB8T-DATLQh"
"verane.coldbath@edu.tbz.ch"|"wGrTDZ-ZxO0%E-jO1qI%"
"helena.bethell@edu.tbz.ch"|"&kRmm&-ttnTmO-Xe6AjG"
"kalliste.carefull@edu.tbz.ch"|"$IMb&E-0&07L1-zz0lCe"
"regine.odams@edu.tbz.ch"|"#afx&Z-EYD0gI-BEsWwj"
"len.stannus@edu.tbz.ch"|"8UILb2-T1tbYc-YQ%g96"
"angelique.works@edu.tbz.ch"|"TNyeJF-wQCVWa-ZE%LXm"
"goesta.rheaume@edu.tbz.ch"|"N$MGe5-eWALW&-m@2n@l"
"maelys.tynnan@edu.tbz.ch"|"E6IIki-vt02nt-TJcIPE"
"maelle.carlesi@edu.tbz.ch"|"6O9Q4g-YhMFy&-yF&euB"
"anael.spurden@edu.tbz.ch"|"8KzV1K-5Dxfvb-aM#WJQ"
"helene.pumfrett@edu.tbz.ch"|"8&30qe-XXLGYA-B3AXvV"
"goerel.pearn@edu.tbz.ch"|"F%gjlP-LozmR4-gcxDGN"
"laurelie.dezamora@edu.tbz.ch"|"LvcHlS-kuVpGJ-3KSQfJ"
"yao.twidale@edu.tbz.ch"|"4o1Mu4-nW3jkN-YCigKE"
"berengere.sola@edu.tbz.ch"|"9w3t8B-NryvbM-8yu0A$"
"maelann.hardistry@edu.tbz.ch"|"B&Tn4S-&nLGKL-zMvE6h"
"severine.littlefield@edu.tbz.ch"|"cf8AC4-rajrjS-omacUC"
"salome.heinl@edu.tbz.ch"|"kih8Ro-wT7ReP-9#JwsA"
"meryl.warbey@edu.tbz.ch"|"A0%pLa-tv@5UG-G$N5W0"
"da.hunstone@edu.tbz.ch"|"%AWQBl-L%jqwA-Wd2e3h"
"venus.broadbury@edu.tbz.ch"|"ktRhNV-PmL1di-jmArde"
"meghane.rentelll@edu.tbz.ch"|"1vnChw-I#fMsz-nErD@e"
"marylene.drewitt@edu.tbz.ch"|"zSq#@9-#mXzrj-fRHbre"
"melinda.jacquemet@edu.tbz.ch"|"XzR6&#-lT@Elb-#Dr4u3"
"marie-josee.keyden@edu.tbz.ch"|"49Mn&1-6nJYW6-GT#to9"
"asloeg.montacute@edu.tbz.ch"|"0QHuM4-ju2@#$-Uzmd$2"
"ku.andreou@edu.tbz.ch"|"7wTYS8-urjKD4-4mL1fs"
"personnalisee.feaveer@edu.tbz.ch"|"UjKGP6-shSD93-Ce6iEB"
"laila.emptage@edu.tbz.ch"|"w1%QPJ-yBLP58-%IMfn&"
"bjoern.dawdry@edu.tbz.ch"|"Y3BSDn-5lQaSf-4smo7d"
"marie-eve.dinsell@edu.tbz.ch"|"oq%1BX-QRoqd7-rUpqsf"
"helene.follett@edu.tbz.ch"|"myUq%M-zyHm@y-blTRx4"
"penelope.cordero@edu.tbz.ch"|"yMd7Wc-#RNwAr-&wGVG6"
"boerje.beedell@edu.tbz.ch"|"pjo9Qx-1yvgqw-fooWs2"
"nelie.ferne@edu.tbz.ch"|"tanlaK-RAe$fY-A%iIMi"
"celine.ahmed@edu.tbz.ch"|"itJa1H-nSxNOD-DOb9Hu"
"stevina.pimblett@edu.tbz.ch"|"9d93it-UdQcXJ-$#%wXw"
"chloe.langlands@edu.tbz.ch"|"EJ$4vp-7qmm%1-Nfa4$u"
"simplifies.maude@edu.tbz.ch"|"SXa2Uj-w06&kt-kuwEGB"
"genevieve.decarteret@edu.tbz.ch"|"3At3la-1iaC3l-@XFg0P"
"marylene.mughal@edu.tbz.ch"|"ZLhkkH-XVx8FW-8&gwwC"
"goeran.guttridge@edu.tbz.ch"|"$3WLZK-OyaWNN-pxm2rW"
"michele.smurfitt@edu.tbz.ch"|"EJE#5M-b&EaeI-1#5sII"
"methode.hadeke@edu.tbz.ch"|"t3pcRl-nRYn99-N4EvR7"
"therese.rispine@edu.tbz.ch"|"jFS0kM-gc6GsQ-JD@ksG"
"goerel.plumley@edu.tbz.ch"|"MwDgby-%vgbf4-dki1np"
"oceane.friett@edu.tbz.ch"|"pHR$o$-afTB1m-Xe7hh@"
"marie-noel.achromov@edu.tbz.ch"|"Cc2H7B-TfgzGQ-FSnJwA"
"dorothee.storek@edu.tbz.ch"|"91fx40-CugxBc-VLKdN&"
"goesta.whittle@edu.tbz.ch"|"ra2iHg-I1J2nb-m8nvRH"
"desiree.casely@edu.tbz.ch"|"ddU@qk-$D8ma&-TZ&VT0"
"felicie.condon@edu.tbz.ch"|"KdIBQ&-Dx69H3-mcslMV"
"maelyss.frisdick@edu.tbz.ch"|"gDEeNy-GIesnV-GRhBF1"
"aimee.banke@edu.tbz.ch"|"SVVpN8-q7yw8x-$TL6qm"
"naeva.hodcroft@edu.tbz.ch"|"YZbK5y-0GjaZ6-DWKPa9"
"laila.gerrans@edu.tbz.ch"|"H6tu0l-qQ&Epp-xvrKoa"
"daniele.scrimshire@edu.tbz.ch"|"MTOLu2-LACqMX-9002t3"
"daphnee.sheerin@edu.tbz.ch"|"s#0QKQ-k1h1GT-Wsb57W"
"pal.vanyukov@edu.tbz.ch"|"n7jOOW-1c3fyi-ffR0l8"
"zoe.childs@edu.tbz.ch"|"RFVuEG-KLOGPr-l4KWP@"
"ai.corde@edu.tbz.ch"|"RW$knd-&GFMxz-aAqe$B"
"maelys.berryann@edu.tbz.ch"|"jdlWQu-@oXIMg-UIgdym"
"cloe.gladding@edu.tbz.ch"|"PlDRNp-4w$5Ku-HFb9UJ"
"wa.kinnaird@edu.tbz.ch"|"uyWHmQ-HRdBfA-@geGD%"
"publicite.brittoner@edu.tbz.ch"|"5Rjdwz-nld$eT-QTgsih"
"rao.windress@edu.tbz.ch"|"miHrQl-XV9ulT-l8BjDV"
"uo.kollach@edu.tbz.ch"|"nvr1ul-e&XmkF-42ZJZM"
"josee.peskett@edu.tbz.ch"|"tD&GP#-2U4400-$jhIZr"
"annotee.hasel@edu.tbz.ch"|"6zp2ja-BrPosa-ygdxJx"
"cinema.lee@edu.tbz.ch"|"vHRWSc-CU0rx3-FiCII4"
"lai.vedeshkin@edu.tbz.ch"|"Ryw48h-KzW&pC-Uy3GO7"
"renee.brisbane@edu.tbz.ch"|"vgGYb4-Lzb0h7-7n9LAi"
"ophelie.blincoe@edu.tbz.ch"|"n1lE3B-e39$JJ-4nkc5K"
"zhi.prazor@edu.tbz.ch"|"8JOtfY-qk#VpS-k5C&Q6"
"annotee.maddicks@edu.tbz.ch"|"0OzQ2D-YyBdln-WFLjVr"
"maelyss.codd@edu.tbz.ch"|"7HJn6B-GLwP&G-oruGCd"
"celia.peplay@edu.tbz.ch"|"IYZWii-ysMvPo-BWQY7q"
"interessant.skone@edu.tbz.ch"|"UxD&7t-0S%YIN-wFZazl"
"audreanne.hebdon@edu.tbz.ch"|"RVoJy8-aFV6Gf-UzU5wI"
"oceane.glen@edu.tbz.ch"|"ilKW#Q-#xdRvx-ZP7xHZ"
"daniele.vanyushkin@edu.tbz.ch"|"23mjvX-Fq1g9e-s8hVZk"
"daphnee.ayce@edu.tbz.ch"|"yPAEJe-cuIqn7-8TC8bN"
"andrea.attride@edu.tbz.ch"|"SoDjCc-DyGBKO-M9TIER"
"penelope.bridgwood@edu.tbz.ch"|"4t@uor-FjkujX-rTN$Yv"
"mailis.drewitt@edu.tbz.ch"|"JV0Y7R-PQXZYz-qY#EL7"
"penelope.mollene@edu.tbz.ch"|"SRLsyj-WLJ$I0-f@HW1W"
"illustree.keely@edu.tbz.ch"|"I4zxpD-IhYsL#-5xwrw1"
"meng.brisseau@edu.tbz.ch"|"XxcYj7-#tF@mk-hE26oa"
"ruo.cleiment@edu.tbz.ch"|"5sGnkO-LPYu4Q-SFC3S1"
"maite.krammer@edu.tbz.ch"|"o70z86-AmBDx3-ZfE1Fn"
"genevieve.verry@edu.tbz.ch"|"0nmy7X-ilYEf7-Uz7NNR"
"lea.olochan@edu.tbz.ch"|"2aRDo3-1TfImA-t9#aYF"
"naelle.brunnen@edu.tbz.ch"|"R1yCPL-AGugPz-wziwcP"
"goesta.bragginton@edu.tbz.ch"|"AGGNke-6nWVQP-E&gkO$"
"fei.danilyuk@edu.tbz.ch"|"a3#rFn-Fdwf$B-x6kaDv"
"adelie.turbitt@edu.tbz.ch"|"W50SWJ-#@dauE-gs0aq#"
"marylene.nutman@edu.tbz.ch"|"jGDyHI-NXTo4Y-EH6%RB"
"therese.barbrick@edu.tbz.ch"|"WkpGsi-2i#a3@-by3W3C"
"melys.kolodziej@edu.tbz.ch"|"F0RvQC-$OmK@U-jZlNq5"
"melanie.runchman@edu.tbz.ch"|"&c#6Jt-StaX$K-hWleV0"
"serena.lafond@edu.tbz.ch"|"BPafXh-Aw@LVN-Vi0rHi"
"pelagie.desmond@edu.tbz.ch"|"O0CO3c-Vj9%7q-sMEpMp"
"wa.spickett@edu.tbz.ch"|"aRIQZr-r6DnUl-S5Dcxx"
"po.shave@edu.tbz.ch"|"cUOE67-L@EZFO-wmrZP@"
"song.huikerby@edu.tbz.ch"|"5lkCOD-FT%aVv-2wcF8#"
"melinda.bimson@edu.tbz.ch"|"xtp3qW-#8od5t-APKYCP"
"personnalisee.toffanelli@edu.tbz.ch"|"bk@Sqs-c$&FED-5s0VU8"
"leandre.hurn@edu.tbz.ch"|"XtKvTu-G&&X5a-NZYjW2"
"oesten.standell@edu.tbz.ch"|"Kjhyrj-vx1o8@-wBrNTK"
"naelle.smaleman@edu.tbz.ch"|"E$f2y1-s&oL3z-dmW87B"
"berenice.tayt@edu.tbz.ch"|"N&ZMys-sZQJ0J-gocOx0"
"kui.popplewell@edu.tbz.ch"|"$BmjAv-3qhqLt-whuHk0"
"melodie.ferandez@edu.tbz.ch"|"ftbky@-tFpSeU-#LUyvW"
"josee.negal@edu.tbz.ch"|"ZkE@EI-HfS4gE-qYjYiB"
"melissandre.ferrelli@edu.tbz.ch"|"3jKfz9-Op@3dE-Rt8le9"
"josephine.kemmer@edu.tbz.ch"|"WFsWBE-xGApyT-aUXZXX"
"maely.cayette@edu.tbz.ch"|"xj%Is#-fOJ8@E-V6aFzf"
"nelie.vela@edu.tbz.ch"|"FMb2Oq-Wwu6l7-QCTd9W"
"melina.cortes@edu.tbz.ch"|"IW$ROy-MDZIBb-mj$%wF"
"megane.leyshon@edu.tbz.ch"|"QmXl2m-RaV#4H-9m8bPQ"
"regine.harrie@edu.tbz.ch"|"QgtGJs-@Kk9FC-MXGcAK"
"mylene.widdison@edu.tbz.ch"|"aIIqtw-7AxBrg-MrYr48"
"pelagie.vivash@edu.tbz.ch"|"wOVmZQ-nqjC1B-UEVNWn"
"styrbjoern.vicarey@edu.tbz.ch"|"880&wx-1H2tfy-Lbd@h7"
"long.kyles@edu.tbz.ch"|"SRluHd-ImptIj-&NXoT$"
"stephanie.gipps@edu.tbz.ch"|"PenRgx-A9n$XN-WQuIT5"
"clea.constantine@edu.tbz.ch"|"CxV7E4-EFhhXO-XdMZ23"
"maella.cometto@edu.tbz.ch"|"4Cs@JW-6@JLbK-qgKBmw"
"laila.aubrun@edu.tbz.ch"|"E@hC9u-UZVlNE-O&G54g"
"yao.austins@edu.tbz.ch"|"oiOoIv-d4pi9Y-Fft3S7"
"mailys.rylstone@edu.tbz.ch"|"Mhg6iJ-%CBogU-#f&6ZS"
"adelie.curuclis@edu.tbz.ch"|"EQEac@-XuPVU1-vKJ8OJ"
"celine.longhurst@edu.tbz.ch"|"VLbJbd-mUwUKd-#y5ZxY"
"gisele.hazell@edu.tbz.ch"|"BV6%qR-qIIo&z-0WPLhu"
"celestine.ciccone@edu.tbz.ch"|"NPcPo9-LOk0fB-4pBXEW"
"maelyss.doole@edu.tbz.ch"|"1j$XTw-yLVlYj-JGEkis"
"helene.grimsdike@edu.tbz.ch"|"$k1iCA-Wv#POv-&c0COt"
"lie.macer@edu.tbz.ch"|"GuqZCn-qMdP$5-QHCscD"
"maely.izard@edu.tbz.ch"|"7S&Y8u-u5ONhq-AI%FBY"
"erwei.breewood@edu.tbz.ch"|"nS@avq-LL&lD&-9h$HE5"
"chloe.woolford@edu.tbz.ch"|"Bn92AC-wG#A0p-jxlNxA"
"cleopatre.turpin@edu.tbz.ch"|"I2cLZa-$KZILq-2o@G1X"
"melodie.surgison@edu.tbz.ch"|"CoJbhX-LxCF16-t&W#%L"
"elies.leander@edu.tbz.ch"|"&y39#v-W9W%8w-LdERLC"
"mediamass.reignould@edu.tbz.ch"|"kn45uQ-epGFbE-KKLqCp"
"celestine.wasmuth@edu.tbz.ch"|"%iO2pi-nlVKU&-scv3w8"
"marten.jervis@edu.tbz.ch"|"bBSFJu-ZUk&U4-PawkV&"
"daphnee.bour@edu.tbz.ch"|"5FATKE-YeZhbo-fK2CJW"
"regine.harlett@edu.tbz.ch"|"vzMRV7-7HnRri-c5Sva8"
"noemie.macaskie@edu.tbz.ch"|"E7EUY8-KV824&-Qr%xj3"
"loic.renfield@edu.tbz.ch"|"NKGMW#-JL1GSk-8wOizp"
"venus.kleinert@edu.tbz.ch"|"HR5lG8-iRKnWd-a8S&Ju"
"marten.burlay@edu.tbz.ch"|"Xwpbaq-rpzxGJ-gq7Qxy"
"berengere.radsdale@edu.tbz.ch"|"1R2nV0-0WyG70-NbaA67"
"genevieve.duckit@edu.tbz.ch"|"xOxYOM-30jc1C-vo6CbE"
"maely.ligerton@edu.tbz.ch"|"ExLG9v-%2F6WX-tlYw6F"
"maeline.ricciardelli@edu.tbz.ch"|"AV9&d#-csjXcC-X63Oja"
"personnalisee.yggo@edu.tbz.ch"|"KTZ#Pz-PxS9m4-2tyWdp"
"alizee.pettinger@edu.tbz.ch"|"JnYxaz-zTOx@$-rJw0b0"
"desiree.curnnokk@edu.tbz.ch"|"8IIS1@-b@Xx36-1PBnwf"
"dorothee.minors@edu.tbz.ch"|"uLjHI7-WlEibT-41Arx&"
"oceanne.kopmann@edu.tbz.ch"|"wsBmfr-#mIbPk-t1C0h%"
"almerinda.brodbin@edu.tbz.ch"|"Bt52Wg-V#eol5-YXo%g#"
"yenora.carsberg@edu.tbz.ch"|"33%H0Y-x4pXFE-S9lS3E"
"wa.beetles@edu.tbz.ch"|"6RWzZT-5bRoG3-p4qE6D"
"audreanne.abbot@edu.tbz.ch"|"VbKLc2-cAkdI2-EziJ95"
"noemie.capper@edu.tbz.ch"|"H#6vEc-GDI#6P-KaUmwL"
"mans.abramamov@edu.tbz.ch"|"ne6qlf-Sqd1$v-EZ@ZP$"
"audreanne.blakey@edu.tbz.ch"|"Pj4kNR-P3auLY-j26C6%"
"leone.klimpke@edu.tbz.ch"|"16J2FH-$B$5B9-zIB2Hd"
"lie.croston@edu.tbz.ch"|"jpwCcc-eHfAlI-aFyw&0"
"anaelle.baistow@edu.tbz.ch"|"jLGusU-D0jVf&-x@AUd8"
"michele.garwood@edu.tbz.ch"|"k2tz8Z-aUCkKr-biGNo6"
"interessant.albion@edu.tbz.ch"|"sbbuki-RJ%vqv-7HQEHL"
"andre.brisco@edu.tbz.ch"|"gf1kYV-WUa8S0-&uuZqq"
"tang.totterdill@edu.tbz.ch"|"0MycHt-ojSK0q-bf9d7V"
"marie-josee.braundt@edu.tbz.ch"|"%YdJdv-#lnC@o-eIvvOB"
"lois.galer@edu.tbz.ch"|"1kGa8h-T28Trg-bQuJvq"
"faites.pellamonuten@edu.tbz.ch"|"7vitnp-iDvXiP-WjT&dZ"
"mai.barfford@edu.tbz.ch"|"PENwiN-0X0N5b-RbOKTi"
"laurene.macilory@edu.tbz.ch"|"d@HKcd-CkNpj0-cFx&9R"
"elea.peak@edu.tbz.ch"|"W3EDCe-LQBsmC-IeAULZ"
"rejane.doni@edu.tbz.ch"|"514hX2-$jGX4k-6d0PfL"
"mahelie.ector@edu.tbz.ch"|"EvGZLk-cyDS@l-WbGTTa"
"rachele.allum@edu.tbz.ch"|"FvHqCz-lH#6E8-TjiWF4"
"laila.gerretsen@edu.tbz.ch"|"dmI%V8-ZckdR3-pMkJJx"
"ines.bowman@edu.tbz.ch"|"vAhr42-j7XaXh-aV#NBW"
"publicite.barbary@edu.tbz.ch"|"uk3z1s-LkalV6-rjOCn&"
"mailys.smooth@edu.tbz.ch"|"fgNbgF-NwlxMB-g7xonj"
"mailis.huguenet@edu.tbz.ch"|"FCegC$-5x1R&B-u%RiYB"
"lea.ewer@edu.tbz.ch"|"3V1wb5-RGTGi5-$YfrF%"
