"email"|"password"
"melodie.vandervlies@edu.tbz.ch"|"Z8xvN2-@4xpWp-@ADmxe"
"angele.edgecumbe@edu.tbz.ch"|"y8xT81-2SIj76-179O5X"
"zhi.andreasson@edu.tbz.ch"|"OWTfMM-3p3uaR-LCVXgH"
"judicael.koppeck@edu.tbz.ch"|"yNS0@x-uP2ELu-e1WI9q"
"berengere.capron@edu.tbz.ch"|"yi3WU6-Ag0AxO-00hUv$"
"leonie.brosini@edu.tbz.ch"|"RmrY@9-&zZwOS-4ncZk2"
"venus.garfit@edu.tbz.ch"|"la&iaf-zhlie6-AIQElS"
"melina.janota@edu.tbz.ch"|"ipgV88-k%ltwm-A%PNss"
"laurene.bake@edu.tbz.ch"|"nJ#FpY-%jtRCr-GMYF5s"
"regine.dorkins@edu.tbz.ch"|"1LxjIy-PZD8$w-c8qvPa"
"cecile.moffet@edu.tbz.ch"|"9ADbSF-t#9j#M-a1Qlmm"
"maelann.labrone@edu.tbz.ch"|"KZ2KUv-oaY$Bx-zbhe#I"
"melinda.newbold@edu.tbz.ch"|"ZY$fLm-KWLft3-Ww0iFn"
"mans.itzhak@edu.tbz.ch"|"fNZPDQ-yCSjwk-jp4B0s"
"melodie.pattlel@edu.tbz.ch"|"H##pVC-wmEsns-yaJ3wW"
"celine.bonett@edu.tbz.ch"|"0lta7h-3N$MwP-el#f8k"
"adelie.mcgreal@edu.tbz.ch"|"5jvCvJ-qNztRQ-gcOKK&"
"helene.soldan@edu.tbz.ch"|"uyabjb-hA8an&-TA%fmt"
"michele.cluer@edu.tbz.ch"|"HE7t3F-NQJk2%-QaH%6U"
"maeline.mueller@edu.tbz.ch"|"YPC3mY-p0Tj#C-FKG6NB"
"maelann.benedito@edu.tbz.ch"|"5LvTKE-USHunD-ipZqG2"
"nuo.gransden@edu.tbz.ch"|"p9O%O%-Bp@D@C-clfftQ"
"berengere.stainton@edu.tbz.ch"|"OkD%ZN-&C#aV2-0dHpM$"
"wa.sabater@edu.tbz.ch"|"DPqGLm-qJ2nZU-wcct3i"
"anais.cochran@edu.tbz.ch"|"rQsGIr-zhswTf-97TeC2"
"gerald.bessant@edu.tbz.ch"|"yu5ldx-YjiCq4-2YQ@28"
"ruo.coffin@edu.tbz.ch"|"68ZqZ#-9@nl9l-I7qXNf"
"melodie.mustill@edu.tbz.ch"|"MCt3Kd-pIL2Na-OZOyCo"
"ruo.stanesby@edu.tbz.ch"|"Z4&hGG-C@QmSz-&e$VCv"
"noemie.antognelli@edu.tbz.ch"|"w1r9GY-cReTPI-omlQLb"
"maelann.hughson@edu.tbz.ch"|"nizMQh-79gBAy-DdBNI4"
"milena.mieville@edu.tbz.ch"|"dGWp3L-&AymbT-49MmrK"
"mailys.chamberlin@edu.tbz.ch"|"BTpEvG-@i#WU1-ig1x$P"
"nadege.tomalin@edu.tbz.ch"|"HZ5Lz#-NCFjo&-7R&adX"
"oceane.omara@edu.tbz.ch"|"7wyxXe-1szh#c-msGOnM"
"cecile.aguirrezabala@edu.tbz.ch"|"s$OO7p-fqAvTA-5$@G5r"
"maella.gwillim@edu.tbz.ch"|"hq$JSi-oDcetc-Ch4Qf3"
"lea.mcgahey@edu.tbz.ch"|"TCuK5y-QKAJyJ-X1bUhl"
"laurene.hagerty@edu.tbz.ch"|"GbflK0-e42s$7-TappQ7"
"dorothee.link@edu.tbz.ch"|"wmyfrV-wWueGt-XMcFsG"
"clementine.kynsey@edu.tbz.ch"|"5BxH4r-&TQlUg-bTxJGP"
"lorene.smitherman@edu.tbz.ch"|"M@8smr-H390LK-w4@1t$"
"cleopatre.klulicek@edu.tbz.ch"|"z7TuVa-ceppqB-u6w&eX"
"laurene.castaneda@edu.tbz.ch"|"KjXEhd-tc1orR-DD6h0G"
"melia.constant@edu.tbz.ch"|"g#1GPx-iNRM4K-ApLGc6"
"lucrece.clunie@edu.tbz.ch"|"UM3s4m-hGsMkX-f0FN4a"
"eleonore.mcmurthy@edu.tbz.ch"|"lig6Q2-#m2cJC-d2D15d"
"melia.bevar@edu.tbz.ch"|"7bOqa4-nYpL7W-hnU%tD"
"camelia.bontine@edu.tbz.ch"|"KJ@gjs-PDLWQP-dw7rG6"
"methode.jozefczak@edu.tbz.ch"|"D1HeIy-kebSRb-IVJoFE"
"audreanne.hinsche@edu.tbz.ch"|"jNwuqU-4Yskwz-DYp2sD"
"andree.varne@edu.tbz.ch"|"qju$a6-W6NUNT-M8hi0C"
"marten.kinleyside@edu.tbz.ch"|"#lODa5-%9yA9N-xSwBww"
"esteve.mcewan@edu.tbz.ch"|"1jprsA-6BjBkh-uJ741a"
"leane.dibbert@edu.tbz.ch"|"33bsCj-8bW8kW-mUPXKH"
"ma.thewlis@edu.tbz.ch"|"30Y@HS-anl0MI-XkeIiI"
"clea.djurkovic@edu.tbz.ch"|"K@Da@n-%3BU98-LL$b5p"
"rachele.reburn@edu.tbz.ch"|"$sOUnx-x3L#y1-8Hq5py"
"gerald.gowling@edu.tbz.ch"|"TwUorM-FGvK$R-TzBSPF"
"cleopatre.jackson@edu.tbz.ch"|"zLxsfi-#Ne43n-haq8Sy"
"desiree.haskins@edu.tbz.ch"|"$C6#Z@-qq$b1K-3bUHNN"
"eleonore.longson@edu.tbz.ch"|"rz0U9g-JFhEGl-LpOLx0"
"leane.dybell@edu.tbz.ch"|"&RkDhZ-@PIWNK-I7F3Ef"
"becassine.grzesiak@edu.tbz.ch"|"vGRhF9-uoJWCx-QPz@xu"
"marie-josee.pickin@edu.tbz.ch"|"93bCyU-Q4AdBf-lQ%un4"
"marie-josee.roxby@edu.tbz.ch"|"a#2LhY-DK23tn-dg#KVG"
"leonie.feenan@edu.tbz.ch"|"lp45zU-cq6BSK-hJU&lw"
"valerie.ellum@edu.tbz.ch"|"PV%qzQ-q9jSc$-VJvixI"
"ju.caseri@edu.tbz.ch"|"PKMmvA-xfYPm0-QmGW6Z"
"boerje.strangman@edu.tbz.ch"|"i3dIvm-FG9jmc-Yb5A9a"
"beatrice.ghidelli@edu.tbz.ch"|"x&Q$9F-Th%Z%H-X4IYJZ"
"da.jablonski@edu.tbz.ch"|"QgCttA-FGjA4v-nlKqFv"
"uo.beveridge@edu.tbz.ch"|"uQ2Y$F-oaFAMw-Se4P6q"
"valerie.bestman@edu.tbz.ch"|"k1BRuk-VJn164-2OPTWx"
"marlene.pohls@edu.tbz.ch"|"hweeCM-WRt#d4-2fFp%G"
"ma.nolda@edu.tbz.ch"|"yPRqWL-jZ18X2-fIoanh"
"marlene.bisiker@edu.tbz.ch"|"L8&voh-38zA9i-J&059a"
"estee.babon@edu.tbz.ch"|"Qa25jE-kKeTMN-ZL6UME"
"simplifies.dmisek@edu.tbz.ch"|"E0#1On-QfJn3&-cSO4l6"
"selene.ganing@edu.tbz.ch"|"OpQ1x2-PhdU4Y-%ZK6wG"
"meryl.penke@edu.tbz.ch"|"QTDk6L-kOy8#s-CkUV3w"
"anais.rawcliff@edu.tbz.ch"|"Fp&0td-Ev356e-LF1z9d"
"melina.andri@edu.tbz.ch"|"I4MS6H-sAIZOb-SOqPl1"
"audreanne.fodden@edu.tbz.ch"|"GpWlLO-lx#QmE-5jDj3y"
"bjoern.spellesy@edu.tbz.ch"|"bMuOqo-WTEQXG-PSccY3"
"francoise.summerscales@edu.tbz.ch"|"YDWSKe-6SdMAc-9cKwEB"
"laurene.ashtonhurst@edu.tbz.ch"|"hZFs2t-vSbb0S-tsxNVl"
"valerie.petters@edu.tbz.ch"|"GCS$LW-R7n0V$-qkqzo5"
"anael.spenclay@edu.tbz.ch"|"7GneuW-6f8cnl-Q13OER"
"stephanie.keech@edu.tbz.ch"|"EdAi&5-anDmw6-Sde2JX"
"ines.deveril@edu.tbz.ch"|"nkfDwr-h0q@1B-YiarKD"
"berenice.gelder@edu.tbz.ch"|"El8PcY-Z7cnJX-ZUHzue"
"melanie.ofogerty@edu.tbz.ch"|"Stkt2r-NpzBlU-I$BZka"
"frederique.canepe@edu.tbz.ch"|"s2z9FK-JqtkrO-2kwY&C"
"nuo.otton@edu.tbz.ch"|"A3sl2d-8X5U#4-GQ$dIN"
"genevieve.trusler@edu.tbz.ch"|"FTFJO2-RyW0mP-rt9y5r"
"ju.boag@edu.tbz.ch"|"BQn3o2-d9CACi-T812Lt"
"josephine.dilucia@edu.tbz.ch"|"rIEGAb-gP1rjo-dW34s$"
"laurene.armsden@edu.tbz.ch"|"M0xYQn-E2sFru-VuhGu5"
"becassine.griffe@edu.tbz.ch"|"CiK1x9-t7NJjj-@pF@cm"
"alois.parres@edu.tbz.ch"|"yY8eLc-WghwD@-WOjVjz"
"cleopatre.gaffey@edu.tbz.ch"|"6JMCcx-XWlWFV-Em3Ay%"
"andre.stiger@edu.tbz.ch"|"adtG%Y-vHAh$L-k5pH4Y"
"beatrice.godleman@edu.tbz.ch"|"LHiB0m-NfNz58-OfBEEl"
"hakan.harrhy@edu.tbz.ch"|"VFmA95-QKxZgb-UhC3JV"
"celestine.dagnan@edu.tbz.ch"|"dtZ%6o-4LBPZJ-Y1cjWi"
"clemence.haggart@edu.tbz.ch"|"TQ4$a6-jpDHuo-C%oDc0"
"long.caban@edu.tbz.ch"|"$$AH#z-o8RS%J-qFm79T"
"gaetane.grimble@edu.tbz.ch"|"D%W3E1-u5a2&R-aQTfFR"
"maelann.piwall@edu.tbz.ch"|"Pnxcl#-9uw0iF-aAYh87"
"magdalene.loble@edu.tbz.ch"|"S5gUCU-PxuNvK-77pGCH"
"veronique.domaschke@edu.tbz.ch"|"iSa%l%-mT%puJ-j3nrcO"
"clea.herity@edu.tbz.ch"|"viUOOw-NL&%mB-R2p1AF"
"maelann.bambrough@edu.tbz.ch"|"2G5ZA5-e4bbIF-TMaJnE"
"clea.goulstone@edu.tbz.ch"|"xhiUdq-$KH6dZ-iylEoK"
"renee.deleek@edu.tbz.ch"|"Ef0FX0-Dm3xzC-SXAP8Y"
"boerje.rudderham@edu.tbz.ch"|"reNsPv-G&LNi0-rXrTRO"
"marylene.broune@edu.tbz.ch"|"iNH2RW-N1Cm60-M52%UJ"
"nadege.mccuish@edu.tbz.ch"|"CGUW%X-kj6c6W-#In$k9"
"anael.littleover@edu.tbz.ch"|"8BnK%t-UTZQxn-2#sWpy"
"lie.baume@edu.tbz.ch"|"BU1I@U-w48NX4-L3bcDn"
"maella.murrow@edu.tbz.ch"|"sWmYO5-e5MZ9e-w&z%eK"
"cleopatre.pettifor@edu.tbz.ch"|"%MINpK-Z7KlFt-ul#l0o"
"geraldine.asker@edu.tbz.ch"|"Z5tkXB-@FZ#Cp-gPT0kW"
"gaetane.smedmore@edu.tbz.ch"|"9sdWqO-v5&G4o-rTyvrW"
"meryl.blencoe@edu.tbz.ch"|"$&FZf6-a@jTXI-Gzhl#S"
"aurelie.chastaing@edu.tbz.ch"|"mACLGt-IQ%z4Y-HFwdWr"
"oceanne.marthen@edu.tbz.ch"|"tuxqHx-lSAfKs-F6I1Vs"
"dorothee.burrill@edu.tbz.ch"|"OiwRwj-&oT@D4-dYduM$"
"hakan.belden@edu.tbz.ch"|"BfhtAb-QYzoMm-aNxVe5"
"celine.brunning@edu.tbz.ch"|"mF5L$#-OzMdi8-cukM73"
"anael.lapides@edu.tbz.ch"|"Va576%-KTAuDJ-Xq%$Fk"
"ruo.saffran@edu.tbz.ch"|"3GrE&U-5DazId-e90Vyz"
"loic.gerretsen@edu.tbz.ch"|"Qoi&&k-9U6jNh-Q66CgN"
"rui.fitzer@edu.tbz.ch"|"KW0yx8-nmfeYW-uc0z4e"
"annotee.ogers@edu.tbz.ch"|"grVoIx-9B5xe7-5mnFd7"
"boerje.bindin@edu.tbz.ch"|"zpbiV#-3zEQAf-VbAhGl"
"ma.cronchey@edu.tbz.ch"|"Y$s#c1-&UmID6-@ulfGL"
"laurelie.baiyle@edu.tbz.ch"|"nvH2L1-ggDzA1-6II5Ec"
"dorothee.older@edu.tbz.ch"|"qg$i0k-Ve%WaK-nnKd$M"
"laurena.wile@edu.tbz.ch"|"a7PiQg-w2kz0t-qmJWZd"
"clemence.brito@edu.tbz.ch"|"ogbYvc-pjWbBh-FixbeV"
"nadege.dallin@edu.tbz.ch"|"Wb$QvT-oj%YYM-y0YWOM"
"mailis.matley@edu.tbz.ch"|"%c#QfG-YymPoK-pAauDV"
"daniele.screaton@edu.tbz.ch"|"B7qE$u-fCN9Ae-kBGrVu"
"mediamass.godly@edu.tbz.ch"|"XGZ3iR-TltGyA-EkNUrU"
"leone.kremer@edu.tbz.ch"|"TlvIhp-rvoyoB-k7XNG@"
"asa.adrian@edu.tbz.ch"|"5AByeS-kW0dQa-0KXs0H"
"adele.doley@edu.tbz.ch"|"tLrKs6-##He1x-bP8dq@"
"fei.sidney@edu.tbz.ch"|"QWN6bv-SVXcq8-kKwAwF"
"marie-josee.walisiak@edu.tbz.ch"|"Nnakii-LH6#Gi-cH3G5O"
"desiree.diplock@edu.tbz.ch"|"INg4Bj-MJyEjm-3kiGP0"
"gisele.schust@edu.tbz.ch"|"Cv6dVb-mzVTOF-@qvDOO"
"ma.longshaw@edu.tbz.ch"|"9E29oz-oRKTSo-8Ncswz"
"da.boother@edu.tbz.ch"|"7Z2KGO-FCdPKR-P6T6DW"
"simplifies.chaudhry@edu.tbz.ch"|"Wl3&mB-J&LRKD-fwr&XJ"
"garcon.baniard@edu.tbz.ch"|"989B%a-ffaU5m-QjqDUd"
"gaetane.elphee@edu.tbz.ch"|"S@oKOA-HtK8#x-xIXZ9A"
"gisele.hassey@edu.tbz.ch"|"ZveRzy-XB%zDu-3P29@n"
"oceanne.booley@edu.tbz.ch"|"0x1QEb-B50NQx-Ku$e&2"
"oerjan.dibden@edu.tbz.ch"|"P$W#bj-oxEPtm-KMKGYz"
"regine.ocleary@edu.tbz.ch"|"kPUS1j-o8sH@f-act8nY"
"selene.persse@edu.tbz.ch"|"IDFmih-kornm8-cgj0RF"
"helena.adenot@edu.tbz.ch"|"UW3ZeP-cGSywT-fpN%xL"
"maelann.wassung@edu.tbz.ch"|"S@502G-lt62Hs-4dCIJS"
"frederique.ackermann@edu.tbz.ch"|"vtCFX6-6bCEID-6wXi#L"
"audreanne.kahen@edu.tbz.ch"|"W3zeuh-IYz$zd-8E#iQk"
"maiwenn.lasty@edu.tbz.ch"|"e@5@WW-34&I5C-kxCgEB"
"yu.dictus@edu.tbz.ch"|"e@eMKE-rSD5PG-0QvGzd"
"anae.dukes@edu.tbz.ch"|"E9cpiF-QZFfdE-X#oec2"
"yenora.warr@edu.tbz.ch"|"9elkxS-m3N7Gq-At0XdI"
"esbjoern.archibold@edu.tbz.ch"|"k1AVVh-mUx%sv-&V&okm"
"milena.pardal@edu.tbz.ch"|"FR$5Di-ksmUKC-QRud$P"
"celestine.graveston@edu.tbz.ch"|"oot0$C-JO8fy7-$l%YhZ"
"maena.dallas@edu.tbz.ch"|"9CV4j0-09E4AN-GAcq#j"
"andree.tuke@edu.tbz.ch"|"0Q1UZZ-cHbuqN-EKbFuc"
"methode.seldner@edu.tbz.ch"|"JzlToz-3AeJbr-rvbyJX"
"venus.bullas@edu.tbz.ch"|"HUz5kV-tOblmH-PCPOq2"
"mans.aguirrezabal@edu.tbz.ch"|"ZJR07D-I8KLs%-n1839I"
"gaelle.eadington@edu.tbz.ch"|"ASREMF-zuTYvv-dkMRsA"
"anaelle.falkner@edu.tbz.ch"|"Y97am3-KN2bjs-2SjVRN"
"ophelie.height@edu.tbz.ch"|"@mCpz@-Z2PjQP-tb$eVB"
"marten.bolding@edu.tbz.ch"|"7IWvQx-yv7ry6-fT6Fml"
"pelagie.guswell@edu.tbz.ch"|"aOxYlJ-0$k&rv-Bsw1fv"
"gwenaelle.lecount@edu.tbz.ch"|"b2ELbG-TGNEV1-ZRWbPZ"
"hakan.laden@edu.tbz.ch"|"$y5LIb-vt@kV8-we436L"
"marie-josee.hylands@edu.tbz.ch"|"QfQy4u-Y5txzP-Wgsswd"
"zoe.kingshott@edu.tbz.ch"|"Qc3m@J-vluP$o-2qZGmX"
"josee.janous@edu.tbz.ch"|"g&3t7A-n28st#-gh0D%o"
"laurene.gallally@edu.tbz.ch"|"eEXMgm-bvPDj%-OuThoE"
"anael.bickle@edu.tbz.ch"|"tWpvr6-Fogses-rtGxQ6"
"mediamass.lebbern@edu.tbz.ch"|"hbOzY4-7dKkf4-1g#Sq7"
"berengere.hovy@edu.tbz.ch"|"D%NXjW-wMGo%Y-tvinLw"
"oerjan.kilmurray@edu.tbz.ch"|"3WLNLn-Uq6YmP-9oQvP#"
"asloeg.venny@edu.tbz.ch"|"F9DDCs-i3e9yv-gqW0II"
"marie-noel.stoad@edu.tbz.ch"|"#@wVYM-HgvwhY-60eeXH"
"hakan.pettifor@edu.tbz.ch"|"DH&SDj-aPSutp-AWniRT"
"maella.willgrass@edu.tbz.ch"|"Dcq5o&-jylXeQ-XAH@5P"
"therese.ludovici@edu.tbz.ch"|"KXllwX-BP$@8b-QB%6Kt"
"stephanie.trewhitt@edu.tbz.ch"|"s4EOQs-q1sEBO-cb$9Vn"
"maerta.bauduccio@edu.tbz.ch"|"yrYp@c-gG3RoJ-qtfmdN"
"gaetane.glaisner@edu.tbz.ch"|"k1v7Ko-pRpcfa-23#7zz"
"naeva.pargeter@edu.tbz.ch"|"08Ch#E-vcum36-Y1Qakt"
"salome.venable@edu.tbz.ch"|"C$AO9#-MQypCG-jutF7u"
"boerje.thickett@edu.tbz.ch"|"Tdxtwd-roeP7z-Gsi238"
"lucrece.prendergrass@edu.tbz.ch"|"vKbo&P-6vpA&T-5rY3GI"
"laurene.ockleshaw@edu.tbz.ch"|"lKvkAS-VUcVta-dLnCwW"
"cecilia.pasticznyk@edu.tbz.ch"|"DZhppF-XGcUO9-OSOYBM"
"stevina.mackey@edu.tbz.ch"|"jjU$DE-XAX34@-3G4gkv"
"marie-noel.reven@edu.tbz.ch"|"KU6HWF-z8aGyZ-sZEduY"
"melina.quilkin@edu.tbz.ch"|"E8ZyM$-@LG4Ls-Nncdx$"
"marie-noel.ferrie@edu.tbz.ch"|"1tZ46@-KB1eX@-MqMPRc"
"leone.alphege@edu.tbz.ch"|"2wcGF5-dKvufM-a#c3cC"
"zoe.leverson@edu.tbz.ch"|"A6Urf6-Q8s5bP-Gz2hLP"
"annotes.grayne@edu.tbz.ch"|"mg0izZ-tkUR1#-N$6ooR"
"faites.lalley@edu.tbz.ch"|"F5LN4n-kO2hE8-X4xNu0"
"adele.wallis@edu.tbz.ch"|"NZuO8l-xDpA2N-ET%VsD"
"severine.madill@edu.tbz.ch"|"p@nJ7s-TpuG#9-Uy7k$F"
"valerie.tebb@edu.tbz.ch"|"i7dCu@-&bkTBd-pCwXtz"
"kalliste.rasper@edu.tbz.ch"|"dt3ogY-nojAOB-76JCU0"
"audreanne.palomba@edu.tbz.ch"|"%NE3BO-IO4ofz-0lWo@m"
"elea.adamik@edu.tbz.ch"|"JDTPa$-$QccqY-F1donK"
"reserves.jakuszewski@edu.tbz.ch"|"0fH$n6-rJS8CG-BYFET@"
"athena.belhomme@edu.tbz.ch"|"@U6ALw-t8KO6g-dbE9eM"
"rebecca.crippin@edu.tbz.ch"|"XePC7o-OFviuM-nkNVde"
"maiwenn.curman@edu.tbz.ch"|"#fqf@2-LleFsu-Wu5NZl"
"andree.bunner@edu.tbz.ch"|"cHuzJA-q%hJd3-KHLDnI"
"ruo.winckles@edu.tbz.ch"|"U4w9ZJ-ys86eT-DY0HSr"
"naeva.buntine@edu.tbz.ch"|"jf5abb-HW2IeM-egiV8%"
"boerje.dollard@edu.tbz.ch"|"QwzM2f-kJ59TI-CuKYAE"
"penelope.gorman@edu.tbz.ch"|"2RDpLT-DA#yHT-msuWeT"
"alois.robelin@edu.tbz.ch"|"NzsvHz-ATtw59-Q&yv4H"
"anaelle.tindle@edu.tbz.ch"|"A6xpF#-H$h0dU-PLskw$"
"ye.frears@edu.tbz.ch"|"@qEiyM-vsCtjr-e16ToN"
"andree.ovid@edu.tbz.ch"|"opascr-lfvEaV-nVodyD"
"hakan.peat@edu.tbz.ch"|"soZxlQ-AriEkK-VTpK5H"
"andre.januszewski@edu.tbz.ch"|"JzCRhE-W#eEvH-J3f3%A"
"annotes.clemmett@edu.tbz.ch"|"kmkRrF-9ZPlop-Cbs@mM"
"pal.lambswood@edu.tbz.ch"|"ppWUGl-l27YaO-Jg0PNs"
"yao.lenton@edu.tbz.ch"|"#I3V2k-5DtZXP-MqCLyF"
"hakan.boyton@edu.tbz.ch"|"nQ0C@2-Gz0ILu-CFo$&9"
"nelie.forsey@edu.tbz.ch"|"pMIk8Y-KQ%eB@-wT@xCs"
"hakan.horche@edu.tbz.ch"|"@Rxwvu-mGdHV6-oSTT5c"
"lorene.sinkings@edu.tbz.ch"|"NWgcOu-9CKC4p-ONK1#b"
"marie-therese.creddon@edu.tbz.ch"|"s7@116-uSgD#1-VmjDWv"
"berenice.tolworthy@edu.tbz.ch"|"g2sznH-$EVwL2-rlUw0E"
"theresa.land@edu.tbz.ch"|"EuqvqL-KPkbcB-197@BV"
"marie-therese.gianilli@edu.tbz.ch"|"3kh2hs-LgFfrh-No7fhQ"
"meryl.glew@edu.tbz.ch"|"NmZvn8-Orx2se-Yq101o"
"adele.debling@edu.tbz.ch"|"Q$o#w9-h2rT23-@GmqLc"
"anae.metzke@edu.tbz.ch"|"zZDFTp-0A5aL9-HHRbrR"
"gaetane.gooden@edu.tbz.ch"|"SFgOWZ-wiFgjK-xy4fTu"
"laila.bootland@edu.tbz.ch"|"3jf9o&-pQ7Cni-Av4886"
"maite.helsdon@edu.tbz.ch"|"%mNaoN-tV431I-IJpCD9"
"andree.malley@edu.tbz.ch"|"&aXioD-WRR9T8-mAxaVL"
"pal.simmens@edu.tbz.ch"|"Qji%Q7-GCz@6U-ccM9tO"
"maelys.nuccitelli@edu.tbz.ch"|"J8Ug$m-kow#KY-O7jNsZ"
"dafnee.sibary@edu.tbz.ch"|"yzNtMv-%uyc7E-9eRyFs"
"alois.harsnep@edu.tbz.ch"|"xGg0Dk-RZu&Ns-iGr2Hh"
"marie-helene.lacky@edu.tbz.ch"|"dm&#rV-eFYy#f-uzdoW#"
"mylene.youthed@edu.tbz.ch"|"p%An1w-vybazX-YKk5O7"
"marie-helene.dehmel@edu.tbz.ch"|"T%%JPR-JttrH1-hYG2uF"
"angele.batman@edu.tbz.ch"|"RgpOuj-jPAYvY-ReVGbl"
"melia.younghusband@edu.tbz.ch"|"Jy3Hjx-op#SrK-wdNwvr"
"eloise.baldi@edu.tbz.ch"|"QMcL9H-yTK%35-8$@D7b"
"illustree.dun@edu.tbz.ch"|"c0MQLX-bD$67B-O3okIS"
"genevieve.late@edu.tbz.ch"|"X7PK$S-e7Jq%z-7jccEJ"
"celestine.colville@edu.tbz.ch"|"Gk$@@0-pWOTNP-DCSCZs"
"gwenaelle.scarlon@edu.tbz.ch"|"ZzVG4u-#fNrQD-L0tjPG"
"regine.boddie@edu.tbz.ch"|"96@RCu-KFjD3V-bJkUPL"
"creez.gaughan@edu.tbz.ch"|"QFLUP4-e7kCxV-$933XA"
"gaia.longford@edu.tbz.ch"|"6n5Ddi-0Y6nc&-YTC7OT"
"mailis.buckby@edu.tbz.ch"|"iHst59-hOaOT3-&3h@$0"
"song.parbrook@edu.tbz.ch"|"YPFpBE-FBVU0M-VnyjuE"
"frederique.heddan@edu.tbz.ch"|"16hPI8-0Vsz#F-rV8rLN"
"ake.kirtlan@edu.tbz.ch"|"9bwFxy-xIDfUK-VwnCAj"
"nelie.runciman@edu.tbz.ch"|"tSH853-fVcSi@-Z9PLuh"
"mailis.cardnell@edu.tbz.ch"|"ORq45a-l@lv2q-EYMBlJ"
"irene.navarro@edu.tbz.ch"|"QHeB8X-J4@HAu-agONYe"
"maite.cough@edu.tbz.ch"|"oCNZFL-D632Up-XQQKBO"
"anaelle.stocky@edu.tbz.ch"|"a@@w#e-#8OSLc-&T0HFR"
"methode.moulder@edu.tbz.ch"|"pd04YT-HRPdIM-53vUkI"
"po.stafford@edu.tbz.ch"|"Wk34nM-c28$l0-B&legd"
"faites.scraggs@edu.tbz.ch"|"OKsoFs-BNqJ$3-Cj#j1E"
"adelaide.dullard@edu.tbz.ch"|"#dkCHK-BHab4W-4Zyisb"
"desiree.leonard@edu.tbz.ch"|"WO0kd&-1928Bl-k&V7Te"
"geraldine.badgers@edu.tbz.ch"|"zrZv0n-Hjz9tE-aJq8zP"
"ruo.masic@edu.tbz.ch"|"wL5iDc-Z&w9qD-4D3vTP"
"aurelie.lieber@edu.tbz.ch"|"a2zgkT-eFao@j-#W@%Bz"
"naelle.balcock@edu.tbz.ch"|"abHucC-W33ViD-kBnBtf"
"camelia.elger@edu.tbz.ch"|"J&k690-32ffd8-ta@#Xa"
"publicite.oakeshott@edu.tbz.ch"|"G0e7II-AxGEfb-NJcumA"
"cleopatre.fawley@edu.tbz.ch"|"5quPDQ-sdSP#5-RNBf$e"
"laurene.bruckmann@edu.tbz.ch"|"WUO8d6-1akOQ3-&tl87A"
"rui.haughton@edu.tbz.ch"|"eELog8-3tz1F%-SWi12q"
"asa.ladewig@edu.tbz.ch"|"nVyB&c-LcZqa#-W#amIv"
"gisele.janecek@edu.tbz.ch"|"V9E2mW-rsA#YO-9bEHjY"
"maily.loveridge@edu.tbz.ch"|"VzbPPZ-slP07k-mID#mx"
"marie-eve.yurkiewicz@edu.tbz.ch"|"oa%4ff-27mJt3-jtMvLL"
"fei.roder@edu.tbz.ch"|"8@csDk-a4TVHM-YIX%tG"
"edmee.chatburn@edu.tbz.ch"|"NfBg27-N4395i-BsXT%P"
"geraldine.darke@edu.tbz.ch"|"QF%lvR-#76%Qw-gixIwW"
"ye.jira@edu.tbz.ch"|"vN5&mE-AbLNJE-Z0t24E"
"publicite.persent@edu.tbz.ch"|"JLAzpo-mCgFW9-Z3ilai"
"severine.wilcox@edu.tbz.ch"|"mBhv$T-YkhO%N-ixsPp0"
"yao.mcclaren@edu.tbz.ch"|"o&ZhvY-3BS8IW-bbzZ7z"
"theresa.foynes@edu.tbz.ch"|"DyKMQj-gP71a#-bLQaT5"
"stephanie.isley@edu.tbz.ch"|"hd%PLk-FJFD7p-tsVYLo"
"torbjoern.growy@edu.tbz.ch"|"xmfeTE-kEJxdj-qQq$z$"
"eloise.tunnadine@edu.tbz.ch"|"l%rJcn-K2RR#5-t5er5K"
"maeline.cossentine@edu.tbz.ch"|"XVQpYw-#Jku$3-urkFZJ"
"nelie.desantos@edu.tbz.ch"|"9SeEpZ-466gex-PIYi$U"
"gaetane.axston@edu.tbz.ch"|"hd6Mjf-LzEQFA-4@p%Ys"
"aimee.merman@edu.tbz.ch"|"UKCJ9%-w0RKn#-vDWbJ4"
"oerjan.drivers@edu.tbz.ch"|"ZC9kh7-$QOwIF-NI2TnK"
"aimee.miroy@edu.tbz.ch"|"$L@hD0-AGBd28-IC@p8O"
"nelie.glyde@edu.tbz.ch"|"KWjYF$-EY3SiR-ybuVD4"
"hakan.kapelhof@edu.tbz.ch"|"ZB9R@B-V2RLNW-8&1KCb"
"maelyss.cauley@edu.tbz.ch"|"57o784-zLx2AK-Cjw0Mx"
"elea.vaggs@edu.tbz.ch"|"8dESjS-3PhAFi-F$vkv$"
"maelys.but@edu.tbz.ch"|"rNvn2m-Ir5xl%-DMWRa2"
"maella.arthurs@edu.tbz.ch"|"T6vTC$-d$Do7A-JJBote"
"adele.liebrecht@edu.tbz.ch"|"VTtv1C-oR@gyJ-D19aBk"
"meline.lomasny@edu.tbz.ch"|"OoINjQ-9rh45x-6W29X2"
"mediamass.schwant@edu.tbz.ch"|"sleBDL-UNnE#x-ij&uvI"
"leone.saunt@edu.tbz.ch"|"41%wfv-zGGtyj-ZuncSi"
"annotes.gouch@edu.tbz.ch"|"dRd#6t-Q2T9Ay-NO68cE"
"gaetane.bowich@edu.tbz.ch"|"q07RKO-BCOc&1-tjGsNC"
"alizee.strelitzki@edu.tbz.ch"|"NYRTUM-80#y@k-YwXbHe"
"leone.poile@edu.tbz.ch"|"N@iEvs-qHpTNw-7o9zeb"
"amelie.saban@edu.tbz.ch"|"@dG0lw-NGAfxs-#7BLT3"
"marten.mcmenamin@edu.tbz.ch"|"PJ5p8V-e1%xS3-sjS4AT"
"becassine.keets@edu.tbz.ch"|"i5kOly-WEiwMS-kX4&X#"
"celine.million@edu.tbz.ch"|"JHC@rp-G0716&-XHlwbH"
"geraldine.belitz@edu.tbz.ch"|"x@KBSj-YBLClS-tlDbyo"
"salome.mardling@edu.tbz.ch"|"xq$DIh-8OZQ4Z-QVkgWE"
"melia.blakemore@edu.tbz.ch"|"s91IBW-#Fu3tk-hRYkm6"
"dafnee.mcaulay@edu.tbz.ch"|"hiPdLq-LnHHU$-LaS%9G"
"garcon.dennett@edu.tbz.ch"|"$hKtyZ-3uAV6P-i%N&ki"
"interessant.lesor@edu.tbz.ch"|"mD8Y7o-1#ci4s-fnTR53"
"annotee.wasbrough@edu.tbz.ch"|"sNijZh-bLAvkU-jTnLtQ"
"asa.ibbeson@edu.tbz.ch"|"IZQjYz-XQijIt-uV6hxC"
"maily.kennealy@edu.tbz.ch"|"70O8B3-nDs@KN-Mj7dmC"
"ye.seares@edu.tbz.ch"|"GkM3%t-IJoWO4-CW9$xw"
"athena.harbron@edu.tbz.ch"|"6RY46t-4ER9rp-p6d8z0"
"andreanne.portail@edu.tbz.ch"|"HR$Bxz-9PCkcC-l3Yfcv"
"goeran.zannelli@edu.tbz.ch"|"YkEJdG-3exa@Q-1e$7UM"
"gerald.leathlay@edu.tbz.ch"|"TDr6F7-kbkhuT-rlB%#n"
"andreanne.chown@edu.tbz.ch"|"sAH$aV-XBGxJ&-kw3p2D"
"esteve.clementel@edu.tbz.ch"|"S$yYB7-OOpUhC-EYC6FV"
"leone.legan@edu.tbz.ch"|"vcTKAI-IE1P@g-aprGsO"
"maena.pownall@edu.tbz.ch"|"Zgh%9O-cll5Vn-PGJ3ez"
"andree.rettie@edu.tbz.ch"|"IdZBN3-V9T#WO-98v&u6"
"ines.kenwrick@edu.tbz.ch"|"WmEaaJ-w80r@x-CeTE68"
"marie-helene.yarnall@edu.tbz.ch"|"MIb9AP-69$HsZ-D%6@Sg"
"po.martin@edu.tbz.ch"|"YpAs63-ao6%wN-75P2@a"
"ruo.celiz@edu.tbz.ch"|"3Axqta-7mwI0q-6ye4qZ"
"po.bissett@edu.tbz.ch"|"ez@%Be-X3mgnU-fEewkF"
"du.swindon@edu.tbz.ch"|"BI5A9j-r3SGsY-DyenI$"
"interessant.gouldthorp@edu.tbz.ch"|"gPPQLe-ti$#Vm-crq5Kb"
"leandre.lilburn@edu.tbz.ch"|"e%2TmV-AxPeZu-tBl4LG"
"bjoern.whales@edu.tbz.ch"|"0pg&kw-UuuwSQ-h54jXK"
"interessant.dieton@edu.tbz.ch"|"zodOkz-kPnPmn-S#YdpB"
"celestine.redhills@edu.tbz.ch"|"oEVaKJ-Whn$Y7-7&DvCW"
"tan.yakovlev@edu.tbz.ch"|"U53qD&-KTxm38-xQ9ufI"
"regine.mcdowell@edu.tbz.ch"|"o1kOL3-xsfNWS-9fgm2v"
"ju.coysh@edu.tbz.ch"|"dZO4MF-Zid9Ar-25C%oR"
"reserves.ofallon@edu.tbz.ch"|"JGq5wP-G5qcmW-c2O%kx"
"frederique.sobey@edu.tbz.ch"|"db%OrH-IPM#Fz-pDZ4dU"
"marie-eve.garstang@edu.tbz.ch"|"EKLb5E-cx6HHa-Vs5#B9"
"andre.tapin@edu.tbz.ch"|"uI8Mi2-WXX4uy-IGJVip"
"esbjoern.eynon@edu.tbz.ch"|"imYY4b-1fEXW@-jpEepv"
"maella.duffy@edu.tbz.ch"|"9@FzU3-6v0UWO-k%0%#E"
"leandre.twinning@edu.tbz.ch"|"CizKZk-RcI24z-nvdvX4"
"mai.whittingham@edu.tbz.ch"|"7m#d%2-H$QT%X-NPS#UR"
"rachele.shevelin@edu.tbz.ch"|"ix@rky-g3FP7f-nyPFUG"
"cecile.mcure@edu.tbz.ch"|"V67kYC-n0sjhU-IkQpVW"
"marie-eve.yurkevich@edu.tbz.ch"|"ZH@riR-wxgevN-Qq#jO1"
"almerinda.paice@edu.tbz.ch"|"56njhz-66O6WW-PMymLn"
"rao.howkins@edu.tbz.ch"|"ZkLK7K-v5vIES-oKoe%%"
"serena.pack@edu.tbz.ch"|"KXmT5y-p6UAqk-U9G6SX"
"rebecca.mant@edu.tbz.ch"|"Jrpx5D-#HZjl3-bkE8jZ"
"reserves.spitell@edu.tbz.ch"|"l#j8Tu-o0tKoJ-Uu3xB3"
"garcon.hamfleet@edu.tbz.ch"|"2xoV2W-0ZaGi@-YrC$yM"
"methode.kerkham@edu.tbz.ch"|"YAD#Mq-&8cL17-@uromM"
"pelagie.camies@edu.tbz.ch"|"dFASY9-1Ccz5v-AuFfgu"
"josephine.macpharlain@edu.tbz.ch"|"O7H5MP-YQ@XKV-E7OONj"
"eugenie.mathet@edu.tbz.ch"|"itt8R2-9@L$Ju-Rs5U4i"
"gaetane.brangan@edu.tbz.ch"|"utLRpJ-sxs$O%-5td19E"
"michele.dewbury@edu.tbz.ch"|"z%1DFJ-zk36V8-TdEUv5"
"eugenie.elcott@edu.tbz.ch"|"vgzeE6-Z8ehB@-o%Nzk8"
"megane.harniman@edu.tbz.ch"|"@DC8$V-4CM5Lp-Wy&lbk"
"agnes.cluney@edu.tbz.ch"|"1dXA8U-9TbLj2-RkG9df"
"marie-helene.angear@edu.tbz.ch"|"iB78$o-3eJtLV-mfoKi4"
"melia.dolphin@edu.tbz.ch"|"G07kGz-vecukx-KwuPxZ"
"lois.ruseworth@edu.tbz.ch"|"ti0zOb-%LUmIx-kUqHaj"
"mailys.ryding@edu.tbz.ch"|"cuCJha-er&5N0-aobHu0"
"rachele.wulfinger@edu.tbz.ch"|"CUTcym-6CY%Um-V6ViVz"
"gwenaelle.talton@edu.tbz.ch"|"7Cyp1K-CtpCpK-psY#72"
"long.ronchetti@edu.tbz.ch"|"Tb8Hmu-ZD3&Zn-FCSPIF"
"styrbjoern.kloska@edu.tbz.ch"|"R41TSV-tIpu$s-#vWB@u"
"len.sudran@edu.tbz.ch"|"8YLzEA-$XE&pm-kVXu&B"
"maelle.andrysek@edu.tbz.ch"|"88QFV9-xM93&E-TiSU8g"
"selene.senior@edu.tbz.ch"|"7Ul4BF-sMh9vf-szKLfB"
"anais.joskovitch@edu.tbz.ch"|"GaX7Tw-k$yC0D-mrt5Za"
"marie-noel.dally@edu.tbz.ch"|"927kk4-tWpq0x-eWQF@N"
"marie-helene.laurence@edu.tbz.ch"|"unSRNi-qu&nPi-W#4tbX"
"camelia.foxon@edu.tbz.ch"|"NlYMWo-tLLNL%-QS%lOG"
"helene.cankett@edu.tbz.ch"|"vuIb$F-n#7mOo-pgkaii"
"marten.mitchelson@edu.tbz.ch"|"#zK$@9-JKlpHi-a&GQQ3"
"helena.stirtle@edu.tbz.ch"|"4dvNas-upB9p$-DkBDP9"
"leane.barmby@edu.tbz.ch"|"8MYK3T-xJvlwm-$FcS&t"
"goeran.ofinan@edu.tbz.ch"|"Nb3wos-z&i4Pj-vB45uS"
"styrbjoern.proby@edu.tbz.ch"|"tZF34c-TvUreK-dF8vD6"
"zoe.halse@edu.tbz.ch"|"Rgk$0o-ufAFg#-DlNiN&"
"kui.drable@edu.tbz.ch"|"3KUQsS-ZcfuOQ-NT82KN"
"desiree.bamford@edu.tbz.ch"|"Z55u8$-9DpnJI-gjMqtl"
"zoe.suller@edu.tbz.ch"|"pew$sr-R3xGXi-JYU6qM"
"marylene.audiss@edu.tbz.ch"|"8O#elZ-tCu1q5-P9i3Nb"
"adelaide.poznanski@edu.tbz.ch"|"WFh7tT-ZMuDQ3-0VW%jH"
"maella.coleyshaw@edu.tbz.ch"|"lhF80V-rr#c0$-wknyx4"
"marie-francoise.gelder@edu.tbz.ch"|"5T3fPi-&tuE%p-1Dqk%I"
"eleonore.chaffyn@edu.tbz.ch"|"7o1Ez6-%NalG6-53F9uY"
"celestine.sikorsky@edu.tbz.ch"|"w3Br@D-ctJJfW-KABYeG"
"stevina.londsdale@edu.tbz.ch"|"Ms@8Vn-PGj255-mLCWlr"
"maiwenn.nevitt@edu.tbz.ch"|"DhqcRs-1hG#@v-yag1IA"
"magdalene.gerrey@edu.tbz.ch"|"go&kW%-GRsVph-T08TnM"
"becassine.latimer@edu.tbz.ch"|"@RLCdR-5k8yCr-qINQ5Y"
"da.lethibridge@edu.tbz.ch"|"dbSWwV-%GWR&p-hqsIt%"
"mailys.claige@edu.tbz.ch"|"zia7f#-D&V5gt-GmK0Rv"
"maena.torbard@edu.tbz.ch"|"rizafu-uj$Wxj-npTBZ#"
"solene.lyvon@edu.tbz.ch"|"jarney-F%gCPy-BC29iA"
"marie-therese.benbrick@edu.tbz.ch"|"AY%vbF-6NjUVH-jY1s5&"
"gerald.edmonson@edu.tbz.ch"|"8mQ05T-GkSvkc-%UT8cD"
"ake.messruther@edu.tbz.ch"|"hMt9L0-k4oVP&-Rcgg&7"
"men.gosneye@edu.tbz.ch"|"HJGJsQ-Q7EY0S-jVMBGt"
"anais.jefferys@edu.tbz.ch"|"q9XUHP-kcMLnb-6ibYa@"
"publicite.tregale@edu.tbz.ch"|"8SOpyg-GouHrb-zoQJRz"
"maily.santorini@edu.tbz.ch"|"yXdzr#-%oWgpT-77sEwd"
"ines.pioch@edu.tbz.ch"|"7U$vFn-ezk5Qi-v#XyZQ"
"noemie.marklew@edu.tbz.ch"|"l5HqQm-Dogq5g-h3i9kB"
"meghane.maccaffrey@edu.tbz.ch"|"4qFbLy-d6GN$P-oeORgO"
"berangere.ambrogio@edu.tbz.ch"|"bTwDQJ-93GIg9-vxBOeH"
"mediamass.ryce@edu.tbz.ch"|"xU5YO4-Kky39C-YCbu2K"
"oesten.ubank@edu.tbz.ch"|"i0sljM-#BWyG8-0a@FYh"
"melina.mackee@edu.tbz.ch"|"%WBXJX-U1vf8K-Szec4P"
"theresa.livezey@edu.tbz.ch"|"%bxCCB-MrIj%s-EnsWxd"
"clemence.weal@edu.tbz.ch"|"rV6Yhj-T4%g18-AJ&ImQ"
"faites.overton@edu.tbz.ch"|"XWKZGg-H$X&ii-y&#VzL"
"clea.lindblad@edu.tbz.ch"|"JfHFcE-ymCtAc-mMIR$h"
"josephine.roseaman@edu.tbz.ch"|"LVg$Ea-AbmTge-TKWJAF"
"oesten.lowbridge@edu.tbz.ch"|"pNcevj-F3gh2u-XDEI52"
"marie-josee.brion@edu.tbz.ch"|"KobKwG-kTa4s4-%UcMTk"
"therese.basili@edu.tbz.ch"|"z7zXd2-Ecu#fL-t8zsjz"
"melia.vertigan@edu.tbz.ch"|"sN%u0W-a%IDZa-hxmPPo"
"judicael.saull@edu.tbz.ch"|"wFaJze-F@n$UO-jXWnvv"
"selene.valentine@edu.tbz.ch"|"zMhH%I-6CWr7x-WvwNGi"
"verane.dunlap@edu.tbz.ch"|"mqIjtj-N$Fbng-7e8Dqy"
"meline.kinnear@edu.tbz.ch"|"OzyOf0-MgtBE7-f98T8h"
"lei.luttgert@edu.tbz.ch"|"JT4sr8-RX#Yu&-kdCuJT"
"styrbjoern.lathleiffure@edu.tbz.ch"|"#OOQU0-9Fa8hM-zUfu6q"
"marlene.blasi@edu.tbz.ch"|"iHf$Gf-&L4ZbU-8JnnCu"
"mai.begwell@edu.tbz.ch"|"SV4wsP-gq93d6-QJm1Pd"
"gwenaelle.kaines@edu.tbz.ch"|"da94#m-dFNegr-QVOyq0"
"gerald.adamthwaite@edu.tbz.ch"|"&EX1EN-8QdCcr-TOhp3n"
"kui.hartfield@edu.tbz.ch"|"yt7$61-ycBUs5-J2yQ5f"
"salome.currao@edu.tbz.ch"|"kja91k-cxn8NR-wwwtSZ"
"angelique.tixier@edu.tbz.ch"|"T&GZt&-APwsFn-@2yJgd"
"ju.mcgragh@edu.tbz.ch"|"1Kw8Ib-NWJdD8-EReNQh"
"dafnee.beachem@edu.tbz.ch"|"Z#j1z4-kmDZNz-NuPjBN"
"creez.terlinden@edu.tbz.ch"|"zeceHQ-Kawm&g-qaiyGy"
"uo.mcskeagan@edu.tbz.ch"|"kIZAt7-TyKutU-0vpQ2K"
"edmee.mccaughren@edu.tbz.ch"|"5riuw%-inPQ5T-MMPDMh"
"asloeg.cozby@edu.tbz.ch"|"v%51dQ-GMqcd%-Jr4ohf"
"melodie.traite@edu.tbz.ch"|"BQCJfj-@X@WPU-@st@b1"
"dorothee.aindriu@edu.tbz.ch"|"fyEBKX-OnUBtd-8b##zS"
"daniele.doley@edu.tbz.ch"|"eIwD6P-jd%iHS-98E8tr"
"mediamass.fairclough@edu.tbz.ch"|"bYYz4d-RJ&UAz-nkYfVO"
"lorene.rainforth@edu.tbz.ch"|"Xq%CpN-IZP%&&-OhWMUK"
"leonore.eyer@edu.tbz.ch"|"HNI#F%-@7YX0j-vbeC$F"
"po.spillman@edu.tbz.ch"|"BmepJE-c24X7%-G1s#QI"
"cecilia.plitz@edu.tbz.ch"|"vK%uuE-hJIcbe-Al10Lz"
"lorene.ludlow@edu.tbz.ch"|"HJb6EY-z&PQDY-y4uBv%"
"berangere.neligan@edu.tbz.ch"|"8$zBBU-EFE#Q#-$23$Ww"
"simplifies.huggan@edu.tbz.ch"|"kWsGkL-iAgCZr-7UQp@r"
"clelia.prandy@edu.tbz.ch"|"UOr1Z0-Cq4&C0-a2%Zpj"
"ake.osban@edu.tbz.ch"|"yJ1$fk-xggGLR-D0fZHm"
"cunegonde.brunn@edu.tbz.ch"|"jGBfSN-F62lci-Q6pa4C"
"long.grizard@edu.tbz.ch"|"7klxUn-BSyJkO-B6Tj7f"
"meghane.diss@edu.tbz.ch"|"yB1%UT-xoiaws-&Dd1kG"
"therese.oldman@edu.tbz.ch"|"N7kzks-qqrD3@-aK4%$3"
"boerje.scamerdine@edu.tbz.ch"|"hxBdC4-ok9Wd7-qBxoy%"
"du.saban@edu.tbz.ch"|"FLLmPP-zTZ5Tj-cmyX6H"
"hakan.clynmans@edu.tbz.ch"|"3t2Lay-e3Vl#8-TPvcb3"
"wa.macdowal@edu.tbz.ch"|"6OBm@u-js5okT-#qqLT6"
"venus.hatrey@edu.tbz.ch"|"Upvt91-R1vdIQ-m8ZmUj"
"anaelle.vispo@edu.tbz.ch"|"&jWtlx-o#&Dd8-yq@Qg$"
"mahelie.ollcott@edu.tbz.ch"|"48#gZl-upK2WK-k%m@tA"
"mediamass.whyman@edu.tbz.ch"|"JISs2@-F5MTMI-6kD1&T"
"esbjoern.basson@edu.tbz.ch"|"EOMax0-pYH0uC-YZ@gLi"
"andrea.morrill@edu.tbz.ch"|"HObuEa-F2kMPm-C5iZHb"
"melys.grassi@edu.tbz.ch"|"RaO&Pw-6@7e%o-0Xq6$S"
"leone.poleye@edu.tbz.ch"|"erX4&d-dOIpHz-4ocbjv"
"francoise.penny@edu.tbz.ch"|"PzGW7v-@qqkr8-ptrjEQ"
"rebecca.edney@edu.tbz.ch"|"VJJ80w-PY9kug-L#3#Z$"
"adelaide.murtagh@edu.tbz.ch"|"6tnOk6-@CZE$o-BvAHvT"
"stevina.winterbourne@edu.tbz.ch"|"#9Aq$Z-WswVG9-9A8vIA"
"ma.cottom@edu.tbz.ch"|"BYM#1k-pgWPxV-PzsE72"
"tan.harold@edu.tbz.ch"|"aYNHBt-CVLSFZ-UxUVNF"
"venus.forte@edu.tbz.ch"|"@3P60a-0BbQIC-GFcgMv"
"almerinda.oluney@edu.tbz.ch"|"AlDEls-Pxw5kV-ZSCOAC"
"cleopatre.brehault@edu.tbz.ch"|"P29#&r-Ogg5%C-Xn2X49"
"interessant.lapides@edu.tbz.ch"|"gk%rdL-ygOErL-J@UdW%"
"reserves.hallatt@edu.tbz.ch"|"hhjyV&-pMYXU4-eg#jpu"
"annotes.birdwhistle@edu.tbz.ch"|"yRJ5@q-u@3n#S-6UfCFl"
"ai.dredge@edu.tbz.ch"|"voVnh#-tGMLU#-pNJg32"
"megane.mussard@edu.tbz.ch"|"0tHVvX-%FH60y-GKP%Ub"
"esbjoern.gowrich@edu.tbz.ch"|"0HKR%G-uk1G2b-$Y#JWq"
"boerje.brislawn@edu.tbz.ch"|"k0ijz4-R%drSo-dEiBLR"
"becassine.wilce@edu.tbz.ch"|"qvQFoe-hviO7j-9Z0hOK"
"personnalisee.oels@edu.tbz.ch"|"ni%YHA-SCN3GQ-RSJ8Qm"
"verane.pett@edu.tbz.ch"|"opHG92-Bs8fNi-N#tw70"
"marylene.glewe@edu.tbz.ch"|"ly5618-vB19b@-@WeGel"
"lai.elson@edu.tbz.ch"|"HH8srI-1OBbgL-Kvgc1D"
"serena.difranceschi@edu.tbz.ch"|"&mYO0I-AXywb0-Wn4vXz"
"lie.espinel@edu.tbz.ch"|"K&F@2Z-3#WkyD-BbzU3t"
"marylene.fantini@edu.tbz.ch"|"GvA#e8-OOcdcI-AEuGle"
"andre.archdeckne@edu.tbz.ch"|"TE3WfW-alHCRL-cGPP&g"
"goeran.bohlingolsen@edu.tbz.ch"|"dl$rhr-@Vo&8X-PQgZ6l"
"cunegonde.heffer@edu.tbz.ch"|"z58T2k-Cl42#d-71NXoU"
"tan.fechnie@edu.tbz.ch"|"ZLfrA6-8#36Qr-40RCuE"
"marie-noel.brammar@edu.tbz.ch"|"oLmg9B-VyFhDO-v96ZEb"
"simplifies.aven@edu.tbz.ch"|"ufAk%L-NkSm7E-Z75l#q"
"melys.pinchen@edu.tbz.ch"|"#H3KD1-%8qQ3O-GU9yfm"
"edmee.joyner@edu.tbz.ch"|"Zxh8SS-ChjegQ-7v1a6t"
"berengere.edess@edu.tbz.ch"|"2E7cd6-gubJIn-cCNuWL"
"marie-noel.goward@edu.tbz.ch"|"&@zix7-Ff6L2E-b9pV7B"
"ju.edmons@edu.tbz.ch"|"EaLtR1-04W2FC-IzGqgG"
"frederique.airds@edu.tbz.ch"|"grbbww-@ANGH2-2xyAR&"
"reserves.dauby@edu.tbz.ch"|"h2VfWs-RuNV#n-JJ#qvY"
"hakan.gynni@edu.tbz.ch"|"E93OaV-6EgD3O-kM4vFD"
"leonore.pinwill@edu.tbz.ch"|"hLkxt2-X3Wsxw-oGYuTH"
"marie-eve.mcallan@edu.tbz.ch"|"Ty3t87-Z3KtjX-tCUgD4"
"naelle.yeabsley@edu.tbz.ch"|"nIkUzy-e%#T5&-FN&xJg"
"nelie.jacobovitz@edu.tbz.ch"|"A@hE0Q-yqQ#QM-6yA%eR"
"adele.conelly@edu.tbz.ch"|"91EpiG-wEF4sf-AzRBCJ"
"clementine.dondon@edu.tbz.ch"|"VGsgvt-2S@MAQ-kn0PnV"
"zhi.willcot@edu.tbz.ch"|"XxVcmz-Dngfgw-&a7fE9"
"chloe.janicki@edu.tbz.ch"|"HPyS1s-T#tROB-ZAbytG"
"meng.linde@edu.tbz.ch"|"oF9rar-CiaBV9-sLDlpU"
"celine.janisson@edu.tbz.ch"|"1rLa%P-WrNiSD-TjR8wr"
"clelia.crow@edu.tbz.ch"|"oSecbf-gaKHAa-fg7fzx"
"cecile.pyott@edu.tbz.ch"|"BMkA#f-lTH8pA-FLOAfm"
"ma.fidelus@edu.tbz.ch"|"zAUkxp-JGlm84-WBnh25"
"marie-helene.poore@edu.tbz.ch"|"Qbv2LB-DG3I3o-kRNrAP"
"elies.blanket@edu.tbz.ch"|"5r4&yz-Rh#hyY-dJd0sB"
"yu.boyer@edu.tbz.ch"|"ENcj1#-cN%0On-oC0U5@"
"celia.welds@edu.tbz.ch"|"fmDSw4-s0K&Fv-SypPoT"
"du.gunney@edu.tbz.ch"|"m5SvT2-XU$#$G-1h@hPl"
"goerel.crush@edu.tbz.ch"|"AhzOGE-MJ6SQn-EKdsTW"
"marie-josee.brosius@edu.tbz.ch"|"I4yJgF-hByw#u-VCp39p"
"camelia.adds@edu.tbz.ch"|"@dS&lm-p3p4$P-6bHCAe"
"anae.irwin@edu.tbz.ch"|"cCkhl6-ViF03l-S2%sGR"
"cleopatre.skeffington@edu.tbz.ch"|"NbAWu9-CKjObr-Aoaars"
"gerald.suggate@edu.tbz.ch"|"OLC0ZY-QD$T1U-L1admJ"
"laurene.tailour@edu.tbz.ch"|"&qAAY8-B2B40&-hCxtnt"
"amelie.hoble@edu.tbz.ch"|"qveGLi-PpE#$W-TghEkz"
"venus.getch@edu.tbz.ch"|"G&XmbB-@Pudlk-lhSPkO"
"renee.treby@edu.tbz.ch"|"TNV0Fn-rDxtRC-zy3Hd9"
"almerinda.stait@edu.tbz.ch"|"#QBb#G-K7og@A-q4hPDB"
"andree.reddecliffe@edu.tbz.ch"|"ons1rW-D5wj0k-CubUTR"
"leone.wintle@edu.tbz.ch"|"bEk%7Z-#EnDCn-31wc4O"
"gerald.fellow@edu.tbz.ch"|"i@pL6i-hvg3v6-1ywEPs"
"ju.gudger@edu.tbz.ch"|"KvQTcP-7s$Pks-esKY3%"
"meng.ohaire@edu.tbz.ch"|"L5pZ7O-FTBxm&-F3WWfC"
"cleopatre.missington@edu.tbz.ch"|"a7%wuW-s&KxRt-dRjMid"
"annotes.debruyn@edu.tbz.ch"|"qdEnjM-4s@4nB-k1WYIx"
"gerald.sinisbury@edu.tbz.ch"|"%hiWuO-FNKe$6-Pehr$F"
"creez.slora@edu.tbz.ch"|"b3cBGk-KeG%2v-fGvRKe"
"gisele.benbow@edu.tbz.ch"|"OVCGlP-J&Dud9-hD79Ma"
"pal.dossit@edu.tbz.ch"|"oIbu%M-UMIYb1-j7soD3"
"nelie.stirrip@edu.tbz.ch"|"VyDlgr-CXGnd7-Rl%Evt"
"alois.ocrigane@edu.tbz.ch"|"VR2oh8-00H9YQ-XyQ9Y6"
"kui.mcterry@edu.tbz.ch"|"xTB%em-PF6g%p-AKACr&"
"long.willgoss@edu.tbz.ch"|"Y8ODHy-&0yeWQ-uW7kLa"
"francoise.sumpner@edu.tbz.ch"|"g&6vwJ-ROl6c7-GFq7WM"
"maely.grinstead@edu.tbz.ch"|"QCHKsn-u&Ru3l-mc8VsM"
"creez.langeren@edu.tbz.ch"|"%0CsS1-ydYpLz-1pF#0e"
"adele.dungate@edu.tbz.ch"|"JHpfQI-Kf@kFP-3NFbQy"
"cleopatre.noirel@edu.tbz.ch"|"pzEGu4-GAdH0D-UM1Gvn"
"interessant.daverin@edu.tbz.ch"|"n9GF8d-q6@bSq-Uo5n1z"
"naeva.kalderon@edu.tbz.ch"|"S8Eon5-K0ln1T-1LDeMa"
"anais.oshesnan@edu.tbz.ch"|"pn21PR-@aDGk7-RXs9%0"
"judicael.anelay@edu.tbz.ch"|"WMmuAE-fNZrOc-j4kWjY"
"eloise.braxton@edu.tbz.ch"|"5@9xcv-SB7#s6-47FWbv"
"desiree.greguol@edu.tbz.ch"|"%iGjlV-RCu0yT-S04SC%"
"maite.mcclenaghan@edu.tbz.ch"|"AvBKpx-UgPMjL-q7JDrY"
"meng.doret@edu.tbz.ch"|"3KzpjN-SEmh2@-7U8%dL"
"frederique.chippendale@edu.tbz.ch"|"lWioJv-bTLXI6-#xTc&q"
"andreanne.lanney@edu.tbz.ch"|"Kpznje-Lje8dX-FvR8WW"
"aurelie.claus@edu.tbz.ch"|"JxWFhQ-5ZQOM#-X#ewLa"
"renee.pabel@edu.tbz.ch"|"L9npHU-XZrqTI-wxK%Sm"
"maena.roust@edu.tbz.ch"|"bRyKMy-gvYjk2-BG1WAA"
"nadege.carwithim@edu.tbz.ch"|"k3M8Ju-36Hnxa-5o3F5d"
"solene.geyton@edu.tbz.ch"|"gUEMrQ-8AiC%t-v@f%YW"
"dafnee.avraham@edu.tbz.ch"|"5xcP7f-WK1$Uq-XrBcFx"
"leane.woolvin@edu.tbz.ch"|"bXzPpW-Bv1vb$-4LGrfP"
"adele.macadie@edu.tbz.ch"|"wdk9%h-$UjKHY-&X7rBo"
"meline.rubica@edu.tbz.ch"|"3HjF3b-OhA6yP-KyPbpM"
"marie-noel.speeding@edu.tbz.ch"|"lSfYZT-H7BuBa-tc7&2c"
"nelie.mix@edu.tbz.ch"|"9GZ9h3-B3XI#l-l7DDV5"
"clea.ollett@edu.tbz.ch"|"DMBh7i-BLZAP4-Cf3ejj"
"leandre.mcgavin@edu.tbz.ch"|"nBkll0-iMaQ2o-dKgHdw"
"cecile.behne@edu.tbz.ch"|"GHYkTD-mpep#n-cFV@fI"
"melanie.polle@edu.tbz.ch"|"qfOqWn-mzBw3N-@rOFra"
"marie-josee.titmuss@edu.tbz.ch"|"i@et0O-jiKnNt-$ySAHX"
"helena.guest@edu.tbz.ch"|"2O6Jwb-x8xBzQ-lmUIem"
"annotes.chicchetto@edu.tbz.ch"|"#dnYMD-qYC0Gq-nvxnWb"
"melia.tubb@edu.tbz.ch"|"LcQlzg-Kd#Zu7-zWdWIv"
"angelique.casetti@edu.tbz.ch"|"CTalNO-YlMgC$-goy$he"
"cunegonde.cleall@edu.tbz.ch"|"I0%12#-uFD&JB-hUQHKI"
"camelia.oaker@edu.tbz.ch"|"&YXMyZ-h5Rc%&-oN2r#Q"
"you.searight@edu.tbz.ch"|"3t7EAk-cSz9k1-ZZVFJc"
"kevina.dederick@edu.tbz.ch"|"jdzk3$-ICmthQ-E2TJI5"
"milena.jeffrey@edu.tbz.ch"|"EhRrAE-c8J5GH-ZVCWDr"
"melodie.barkshire@edu.tbz.ch"|"w&@Xf%-Q2nu&d-E%vAvE"
"gaelle.kreutzer@edu.tbz.ch"|"6Do5L3-PB0efW-auSyUn"
"kalliste.kleinpeltz@edu.tbz.ch"|"H3wI61-%JNR9S-z5uA@t"
"clementine.danat@edu.tbz.ch"|"6K99Uy-b9RszO-5@rgIO"
"andrea.wabb@edu.tbz.ch"|"LUSYbS-FxQjJz-mkhvH0"
"geraldine.piesold@edu.tbz.ch"|"RyC%t4-8@ca9b-tXjNxE"
"tan.fiveash@edu.tbz.ch"|"3Cp4pt-$Hh1e&-XAJOaa"
"meline.yuranovev@edu.tbz.ch"|"2tfwro-Tj6hFU-vYBdyc"
"therese.holme@edu.tbz.ch"|"Xp4&Ei-triNh9-Wjq5Ai"
"salome.vaney@edu.tbz.ch"|"sYa96G-bFyDv1-r7tO8F"
"anae.abramson@edu.tbz.ch"|"FwShtE-4YBpm5-xPQd4w"
"kalliste.jimson@edu.tbz.ch"|"hA4gGR-7%DiOo-wBgd#5"
"selene.yole@edu.tbz.ch"|"Bj4Qx$-6rMK5z-KZ4m2Y"
"agnes.defraine@edu.tbz.ch"|"pmmoUp-kDljzP-9vb7xr"
"faites.mccluin@edu.tbz.ch"|"z5GZ2T-FLpL%Z-M8k52e"
"athena.deme@edu.tbz.ch"|"vPYZkf-C&T6ZW-yhi5yv"
"daphnee.brigstock@edu.tbz.ch"|"B%x4to-5cR5L6-M8@gja"
"goesta.skaif@edu.tbz.ch"|"UCKr4h-wg1Ba@-W0h4Kp"
"oceane.jagoe@edu.tbz.ch"|"1&FwuJ-EWxuzh-%EGbrM"
"annotes.broomhall@edu.tbz.ch"|"ZmoQ6G-@n4Fvk-9vDs$u"
"marie-eve.ballendine@edu.tbz.ch"|"N0Eigq-NIcy$j-GEfA#V"
"melina.spykings@edu.tbz.ch"|"U#E4fr-AMib08-agtTd5"
"laurene.ticehurst@edu.tbz.ch"|"Nv6e#@-FREJRl-Q&&qge"
"fei.avramovic@edu.tbz.ch"|"rQMC%&-tfuVN%-Q0fO1D"
"publicite.strathearn@edu.tbz.ch"|"H8CSv$-g%&PED-jn$Nvw"
"torbjoern.garrow@edu.tbz.ch"|"IG#CKd-2JBp@m-Kc%c3A"
"chloe.rubinsztein@edu.tbz.ch"|"0vaUrW-B%0Cst-ClHCU6"
"mylene.demanche@edu.tbz.ch"|"H%Xou@-Nw$Gy1-l%WMeX"
"mediamass.godlonton@edu.tbz.ch"|"S@Dma0-W1p2xF-wA6auE"
"renee.shurrocks@edu.tbz.ch"|"xbtwS@-xfyGgj-r@gUcu"
"maiwenn.jedras@edu.tbz.ch"|"30FvZU-M8jA57-bIDshG"
"genevieve.castells@edu.tbz.ch"|"rfWsuW-yKBNQY-ORrwEj"
"renee.sneden@edu.tbz.ch"|"TI&YxE-JQvtOh-bJ2I@s"
"lai.mccallion@edu.tbz.ch"|"MmcQA1-sNfi9d-cscaF8"
"kevina.impleton@edu.tbz.ch"|"14fOds-b0cqte-itYafb"
"oesten.fresson@edu.tbz.ch"|"cQUZ6G-m9XtR7-rhACzV"
"verane.shawley@edu.tbz.ch"|"9%6cfG-pYnfEF-#I6tG1"
"uo.sjostrom@edu.tbz.ch"|"DHnp7q-fOEsBH-Y6YhM1"
"gisele.gothup@edu.tbz.ch"|"H6mB9X-RiViPE-vVNMVe"
"renee.beauman@edu.tbz.ch"|"6MKdVE-cTepWf-$xA7w5"
"elies.loton@edu.tbz.ch"|"GUs4mK-EAEK9V-HTGtt6"
"valerie.elsmore@edu.tbz.ch"|"MWCny3-ApE7x4-oXvCd&"
"berangere.delafeld@edu.tbz.ch"|"&Btupp-U$&W3%-rJDg$h"
"bjoern.schimke@edu.tbz.ch"|"uE6o&1-pvEVkO-u4waRM"
"loic.ericssen@edu.tbz.ch"|"OgxkEx-riGtBY-HcCzH5"
"creez.richarz@edu.tbz.ch"|"Gsg6QL-Vh9jnY-o@Kr1R"
"athena.grocott@edu.tbz.ch"|"ESJXob-dcQZ5$-ugW0&C"
"naelle.piotr@edu.tbz.ch"|"0Iyb1h-LuZ7Vn-LVumEr"
"maella.paulson@edu.tbz.ch"|"x4Pg#m-AVm$ND-KfogoG"
"song.perot@edu.tbz.ch"|"4ORhR@-0dS1FK-Zm@6@9"
"kalliste.heckney@edu.tbz.ch"|"GyORk5-eHYliB-Q8Ul%e"
"ake.vasyutkin@edu.tbz.ch"|"k@2pzh-2OP@vs-jsUnWj"
"ma.castles@edu.tbz.ch"|"tdN8x3-Bgfkds-g59Ptd"
"maely.monget@edu.tbz.ch"|"k#$Ows-cL$LZO-QDNHGw"
"tang.durbridge@edu.tbz.ch"|"Uie2Mg-HGhaKl-ITBmAZ"
"laurene.andrew@edu.tbz.ch"|"J8IG8R-kjTkNq-3nhOH0"
"lysea.beacon@edu.tbz.ch"|"dR9a07-t$d1%v-VFG9aG"
"leandre.peyntue@edu.tbz.ch"|"Lm4wrL-@b6vs@-hikiI1"
"rao.trever@edu.tbz.ch"|"VcPKkM-RP6A$2-9t9Q0H"
"mahelie.streader@edu.tbz.ch"|"rWuKrQ-bcu%T&-1v@lr9"
"maerta.andrejevic@edu.tbz.ch"|"YSX55c-I@$bZ7-%2PtAb"
"goesta.tompkins@edu.tbz.ch"|"qQa8Tu-gXXmf&-4IDdZz"
"helena.agates@edu.tbz.ch"|"EJvEQS-$ff2a6-J7tPQ3"
"therese.glass@edu.tbz.ch"|"&ZW5Is-9Qu5wl-N$LjxS"
"alois.foan@edu.tbz.ch"|"BK%Liw-n49U$i-YVgsOX"
"becassine.melchior@edu.tbz.ch"|"tdE7k8-hlm$ys-VnCEHd"
"cloe.robart@edu.tbz.ch"|"us3Ish-U6cYN1-XgzVh4"
"daniele.puckinghorne@edu.tbz.ch"|"M3VjMb-WW6Rlh-$ljbZN"
"selene.cammidge@edu.tbz.ch"|"oczgNh-jSq&QB-L0DBzv"
"regine.conochie@edu.tbz.ch"|"nPsT4l-V%tQQt-PFx9D3"
"interessant.tuiller@edu.tbz.ch"|"%spNq0-nWoaOL-V5pqSE"
"long.tiebe@edu.tbz.ch"|"f4PAZr-@Tbf27-s2mNT2"
"mans.yele@edu.tbz.ch"|"G9Iuzp-efCb59-EfeNIA"
"ai.giles@edu.tbz.ch"|"G0@v85-54T2A%-aeJTdV"
"gaetane.hamberston@edu.tbz.ch"|"LL$pRO-h44mQG-A6Gygo"
"marylene.fenix@edu.tbz.ch"|"gUjHX7-mC2R26-zrs0@v"
"geraldine.graeme@edu.tbz.ch"|"B4DK5r-Gml@Wx-TA#BmQ"
"tang.kinglake@edu.tbz.ch"|"pc4H0Y-G&O8D@-bnFECh"
"lai.challoner@edu.tbz.ch"|"3tdAZ%-ZlhPQ%-hhieJa"
"desiree.mattei@edu.tbz.ch"|"%xA0s%-r$Jhhs-BwaSg$"
"ake.erley@edu.tbz.ch"|"Yb5L7O-Ve&dPH-#sG3YH"
"edmee.cavil@edu.tbz.ch"|"2Y#wwt-XTbl3H-Tm%qIh"
"alois.moyes@edu.tbz.ch"|"kEzrWe-m0#UoD-eQlF8T"
"becassine.pitman@edu.tbz.ch"|"efC@w%-Xtq#jc-pfpLLr"
"ai.giacovelli@edu.tbz.ch"|"gmmiBT-9vuq89-Q9IbAg"
"judicael.fruchter@edu.tbz.ch"|"Z5#1Pt-ZWZiEw-D5rC8K"
"mans.mogg@edu.tbz.ch"|"3qVAeZ-VLpx6x-uV0&nd"
"gerald.foyle@edu.tbz.ch"|"t0T0hn-2hBXTl-JK55u8"
"wa.androletti@edu.tbz.ch"|"uhy&lp-d3GAEP-LOkSzG"
"meng.ollett@edu.tbz.ch"|"IYyVrN-d6cUHI-SjVSHk"
"naelle.macmenamy@edu.tbz.ch"|"xMWSeY-42wlRB-einsCa"
"gisele.mcramsey@edu.tbz.ch"|"t4C1RN-bIloGv-N48YXT"
"meryl.scolts@edu.tbz.ch"|"g#vcwQ-h2nFO4-s4ZFA#"
"celia.bloxsome@edu.tbz.ch"|"ffNk%5-zZ&$oN-QOl$Qa"
"styrbjoern.stuke@edu.tbz.ch"|"c&j1b6-O6#XPr-yvPK$v"
"felicie.gwilliam@edu.tbz.ch"|"iPBQac-sP6x16-9CrZ#X"
"da.harms@edu.tbz.ch"|"aiJw0e-ws5xsa-RHOnu3"
"celestine.baulk@edu.tbz.ch"|"eNe3Mv-zPitSD-RYjSmE"
"mahelie.blackledge@edu.tbz.ch"|"PdnQaI-4J%2MR-3jlpoE"
"meghane.salt@edu.tbz.ch"|"&RFBAo-Vo4yZF-ZtXjJ7"
"methode.paxeford@edu.tbz.ch"|"IeNuwX-kRUz9z-ilrrL6"
"asloeg.milligan@edu.tbz.ch"|"B3r07Y-APgF@%-qM8kQH"
"you.pellman@edu.tbz.ch"|"HzSYl5-es9hCe-0fDmvR"
"loic.regenhardt@edu.tbz.ch"|"4IVudZ-@UraOq-nCT1sw"
"daniele.savill@edu.tbz.ch"|"bUKStj-HUBC#y-uWhOm9"
"alois.cornu@edu.tbz.ch"|"6SI@0a-TgM9Fc-0J87uz"
"oesten.govey@edu.tbz.ch"|"Tg#YSI-gkIEbe-kWLgKm"
"marie-eve.louch@edu.tbz.ch"|"&6toI5-ruBx7s-8w3ueq"
"theresa.wenn@edu.tbz.ch"|"3iY@vZ-o%Glsp-J9eR9Q"
"andree.eul@edu.tbz.ch"|"Xdh@cO-6nTIZN-QWQNce"
"lie.paynton@edu.tbz.ch"|"rMq&%P-1xbpG1-mGqaZf"
"marie-eve.girodier@edu.tbz.ch"|"1vICUH-8A26Iz-iSlXrm"
"marie-noel.smithe@edu.tbz.ch"|"nJ2NVH-kx4ex#-weFNOk"
"men.bootyman@edu.tbz.ch"|"Cr6VzV-nCJvE%-PJqqXV"
"ku.sugg@edu.tbz.ch"|"DYO7y@-yIlmu6-b1Tt0e"
"lucrece.roseman@edu.tbz.ch"|"R26mqu-A8h8Cq-3RqVJB"
"zoe.annear@edu.tbz.ch"|"qMQG$i-lZsRQC-nk54%v"
"marie-helene.rennebach@edu.tbz.ch"|"jbVbZh-Hq5ZV7-i5pUkZ"
"lea.djurdjevic@edu.tbz.ch"|"MBojv@-ikkhHt-k8G8nJ"
"goerel.robert@edu.tbz.ch"|"1U1Ben-qJ%VRT-uaUvuo"
"mylene.foldes@edu.tbz.ch"|"Exm1H#-Kn&#Ks-jpUeyW"
"faites.clegg@edu.tbz.ch"|"BGCIX@-%sLBiH-#SFoRX"
"marylene.crowcher@edu.tbz.ch"|"JlRKBY-iMh%t5-D2IJyq"
"aimee.wimpeney@edu.tbz.ch"|"uZ9GBp-9sSdk%-jbswn8"
"renee.atkins@edu.tbz.ch"|"%blkDS-SHF6jB-KVRn@r"
"rejane.cainey@edu.tbz.ch"|"WG#cnS-Xph8T1-FOW5go"
"solene.britney@edu.tbz.ch"|"v2bBnn-zYHck0-uFp&uz"
"marten.shatliffe@edu.tbz.ch"|"qVgljy-u7@9lb-I5KjJR"
"maite.issatt@edu.tbz.ch"|"g6h4E#-cYVYkZ-X#GB26"
"maelyss.edon@edu.tbz.ch"|"r4WBNP-0JKvTj-MBDsf8"
"nuo.bamling@edu.tbz.ch"|"IUa4bO-@16Cre-z7ZgxP"
"anais.edards@edu.tbz.ch"|"@r5Bph-3nQsKw-Atr2WK"
"mediamass.bromet@edu.tbz.ch"|"jsu9@v-O&Z&wO-OjqZBj"
"beatrice.kimbrey@edu.tbz.ch"|"142jGs-py&BAt-sMmDsk"
"ines.lawranson@edu.tbz.ch"|"cnLo9j-E7Bnu0-qdi$9@"
"kalliste.scandroot@edu.tbz.ch"|"bX@dw4-K08UcJ-ZBhlFI"
"mans.barrowcliffe@edu.tbz.ch"|"mzfLqn-zOP3&1-Kf3Y9N"
"irene.couves@edu.tbz.ch"|"igTPxk-v3chN2-GwPfl%"
"milena.mucci@edu.tbz.ch"|"BqG9YZ-n$v7IB-TBQdWX"
"naeva.cow@edu.tbz.ch"|"eDhHH$-%fJ60W-lacsDL"
"audreanne.mournian@edu.tbz.ch"|"FZlQE6-G$htXJ-zfJ6VU"
"melia.sinnatt@edu.tbz.ch"|"z7S%ZR-S59MoQ-aye00Q"
"nelie.burnard@edu.tbz.ch"|"Bs%kRK-@BmA68-mpoG%M"
"clelia.ashfull@edu.tbz.ch"|"sjpxNU-RlaSnF-#B%NWB"
"lie.macard@edu.tbz.ch"|"n%H0#N-Wxd%Uq-CiRmLf"
"valerie.matoshin@edu.tbz.ch"|"jPiNlh-iKZ0hE-uUH3yZ"
"anael.hatherleigh@edu.tbz.ch"|"dTQ#Z&-t0aCy5-2GIHAQ"
"interessant.warratt@edu.tbz.ch"|"57YWop-hlx3WO-&UVzYA"
"eleonore.volage@edu.tbz.ch"|"bK1h07-#Ts4vn-wh@0oF"
"zoe.stebbing@edu.tbz.ch"|"mKPM08-EPWiR&-$5PQF%"
"alizee.nye@edu.tbz.ch"|"Blr0DI-uHaLlF-O#XFUK"
"celestine.bramley@edu.tbz.ch"|"QV1N@f-O6yz36-XwE#gR"
"selene.philcott@edu.tbz.ch"|"9qILrF-U&FDfT-L&swSO"
"tang.newens@edu.tbz.ch"|"a82pRx-7&axOC-lOkgIt"
"annotes.powys@edu.tbz.ch"|"sBhuAd-B%JE#r-ZKhVoo"
"lea.matthesius@edu.tbz.ch"|"U3ohLW-iUjJ2e-vfnL#4"
"illustree.garlett@edu.tbz.ch"|"PalEjw-JaE2Pq-Qm45yx"
"maiwenn.meachem@edu.tbz.ch"|"k76s0Z-lNZ2QE-E8vZUr"
"marie-francoise.mcbrady@edu.tbz.ch"|"Gqh$hL-KWLuOu-Z3xEU2"
"illustree.gimbart@edu.tbz.ch"|"9Mux3B-LdL@Y#-etmCaG"
"melys.lyosik@edu.tbz.ch"|"67znY@-esXNwM-HSf&Bx"
"marylene.mcnab@edu.tbz.ch"|"2dKApw-FDDwyz-@l6Q6F"
"gerald.blount@edu.tbz.ch"|"SAeM7h-3oI4vk-xC@V4J"
"clelia.shakelade@edu.tbz.ch"|"OoS%8p-4s&tEL-bNWqpJ"
"penelope.cridlin@edu.tbz.ch"|"RD@Bvp-URmz1Z-x4VO3W"
"maena.okuddyhy@edu.tbz.ch"|"J8$u6n-JYZ1n6-R5gimr"
"athena.keynd@edu.tbz.ch"|"3CeJLs-ZXwk3f-&Z%Vqo"
"cloe.dwine@edu.tbz.ch"|"yVKDEx-O0chg2-1KPSfN"
"josephine.browett@edu.tbz.ch"|"iFYoAn-obcMsu-z8HY3u"
"audreanne.oscanlon@edu.tbz.ch"|"8ltPsl-tMIMD$-kx3vil"
"fei.jeanequin@edu.tbz.ch"|"AEqYE2-RhSDij-Dz#o91"
"lois.gormally@edu.tbz.ch"|"drKLGN-BBK&mb-DAemC#"
"marie-francoise.finnigan@edu.tbz.ch"|"M8T5xb-V0PkMs-uHYcrb"
"leonore.trussman@edu.tbz.ch"|"TtimYV-JgGfgf-Y#dhHw"
"anaelle.trumper@edu.tbz.ch"|"85Eg#9-bDHw49-RRgtuq"
"clemence.dionis@edu.tbz.ch"|"&JyUgO-&@wspL-qd7Y2w"
"lois.tranmer@edu.tbz.ch"|"5&Te%k-nhPeVX-2TnC7H"
"interessant.volett@edu.tbz.ch"|"#@Vtq%-xcWVNm-GSy9PH"
"personnalisee.deackes@edu.tbz.ch"|"p3hWe4-GxoI&M-qvt2K7"
"lie.vasiliu@edu.tbz.ch"|"hGgEdP-&lew5%-jUEl$J"
"dafnee.lamputt@edu.tbz.ch"|"Dx8DT@-daoKOE-dAuo8%"
"elies.bromige@edu.tbz.ch"|"x#Lrch-NQ%VbE-%vMn9m"
"helena.klosser@edu.tbz.ch"|"vpO1af-6WYRdP-KrJEPk"
"andree.grim@edu.tbz.ch"|"cdytKd-3D0W4l-dMAjrW"
"verane.coldbath@edu.tbz.ch"|"R7vZSi-XfLvLx-hMpZi$"
"helena.bethell@edu.tbz.ch"|"Z7WiiR-&cUw62-hw6P3M"
"kalliste.carefull@edu.tbz.ch"|"pPACJn-mWP0mJ-NnzdTh"
"regine.odams@edu.tbz.ch"|"ztw87M-3h3rvn-mA$xl&"
"len.stannus@edu.tbz.ch"|"s5AjHO-M4V58U-UsEqFX"
"angelique.works@edu.tbz.ch"|"@XEZr$-Gdl2c%-gbAFx@"
"goesta.rheaume@edu.tbz.ch"|"we#3QK-TD$LCQ-o3c3NA"
"maelys.tynnan@edu.tbz.ch"|"wKyp&&-8d23v4-&JoPLY"
"maelle.carlesi@edu.tbz.ch"|"tzL1PU-#FJVBq-sFtj$i"
"anael.spurden@edu.tbz.ch"|"O0Q3B5-YkcJfl-0PMA#u"
"helene.pumfrett@edu.tbz.ch"|"%83vVL-msJtZM-xeY3JR"
"goerel.pearn@edu.tbz.ch"|"W@ST#9-@LgNWh-OXv%XQ"
"laurelie.dezamora@edu.tbz.ch"|"5X4A95-OB2jY%-VXHot4"
"yao.twidale@edu.tbz.ch"|"3upYT6-EHUAqg-VETKSE"
"berengere.sola@edu.tbz.ch"|"RHo1nK-EP&Lhh-0Ube4Q"
"maelann.hardistry@edu.tbz.ch"|"TzpytC-GZX5By-PfQFCZ"
"severine.littlefield@edu.tbz.ch"|"5PIrl3-qzIWoD-NB36jb"
"salome.heinl@edu.tbz.ch"|"aKIs8l-v%QpYE-K7yMo@"
"meryl.warbey@edu.tbz.ch"|"pO3F8c-%qZXJF-nrk6xX"
"da.hunstone@edu.tbz.ch"|"8w9iM7-%DFAEU-6qYBab"
"venus.broadbury@edu.tbz.ch"|"8L2gha-8lULUo-7HpNwq"
"meghane.rentelll@edu.tbz.ch"|"VwTn7C-J1YwWk-k0B0vE"
"marylene.drewitt@edu.tbz.ch"|"WXWXW#-rOLCXs-DnHR8$"
"melinda.jacquemet@edu.tbz.ch"|"VxObhY-7mRnXw-wIFRwR"
"marie-josee.keyden@edu.tbz.ch"|"m$WUI0-85Z4JD-JgV6nR"
"asloeg.montacute@edu.tbz.ch"|"vFK6iM-5UuCPj-dnTsU2"
"ku.andreou@edu.tbz.ch"|"k39M%2-nTtYg$-PVVUpu"
"personnalisee.feaveer@edu.tbz.ch"|"vaUI8g-F5jqu@-KWzE%c"
"laila.emptage@edu.tbz.ch"|"p$el5W-N12aBU-vMWIJM"
"bjoern.dawdry@edu.tbz.ch"|"fExR$8-T4dMYT-%Eg83M"
"marie-eve.dinsell@edu.tbz.ch"|"Sn$KxK-dE%ob1-hndF7y"
"helene.follett@edu.tbz.ch"|"pIm5iD-lfvjoM-mGYBka"
"penelope.cordero@edu.tbz.ch"|"MXat7H-2dFP7#-x8nYDb"
"boerje.beedell@edu.tbz.ch"|"I8cBVu-Q5Oy@C-hbLfKY"
"nelie.ferne@edu.tbz.ch"|"rMuCLa-FJi#Tq-pEm$v6"
"celine.ahmed@edu.tbz.ch"|"0Q1LSZ-IWyx2o-8RkvuT"
"stevina.pimblett@edu.tbz.ch"|"yIHjsk-9lkb@I-2xpZ%g"
"chloe.langlands@edu.tbz.ch"|"E5xaEj-Abi0h0-MxfN$i"
"simplifies.maude@edu.tbz.ch"|"S7xW2r-Gnrfi&-@aqCKn"
"genevieve.decarteret@edu.tbz.ch"|"%QYAEB-VPCN51-9RPkqO"
"marylene.mughal@edu.tbz.ch"|"vLbtN2-$F5iyM-128Iuk"
"goeran.guttridge@edu.tbz.ch"|"iUBIfI-a8$kpv-a74i06"
"michele.smurfitt@edu.tbz.ch"|"A5Tbtu-TMjonj-LxsKQ9"
"methode.hadeke@edu.tbz.ch"|"gIRLsf-dMmO34-hqeV2s"
"therese.rispine@edu.tbz.ch"|"bmKCfm-MSvmBg-oEImA8"
"goerel.plumley@edu.tbz.ch"|"E#RZF9-NLSgK5-Jp528g"
"oceane.friett@edu.tbz.ch"|"od&kxJ-yHx$EI-tL0xfb"
"marie-noel.achromov@edu.tbz.ch"|"YVzuzF-3oJQJw-Q1B8LR"
"dorothee.storek@edu.tbz.ch"|"U%b%4D-$iaIdS-KXL20N"
"goesta.whittle@edu.tbz.ch"|"%5U@@a-khyT6g-YfU#4J"
"desiree.casely@edu.tbz.ch"|"hp&HSx-7Gt$Lk-pIC0L6"
"felicie.condon@edu.tbz.ch"|"gG%Qut-P$GTEt-E28u&O"
"maelyss.frisdick@edu.tbz.ch"|"J$kgBP-Wkoct9-s0H56m"
"aimee.banke@edu.tbz.ch"|"Jrs1g0-fEAP7%-jC8IA4"
"naeva.hodcroft@edu.tbz.ch"|"XDr7YZ-iE4fV5-vBuDwF"
"laila.gerrans@edu.tbz.ch"|"4lxMku-UZ1p&T-W7EyVB"
"daniele.scrimshire@edu.tbz.ch"|"kImVht-0Pewbx-IAoaHJ"
"daphnee.sheerin@edu.tbz.ch"|"JVGjm&-v$PFBT-0CMzaK"
"pal.vanyukov@edu.tbz.ch"|"OE1Edk-xOX9Ug-ZbLndk"
"zoe.childs@edu.tbz.ch"|"fxwOeH-hZEdVy-6ZnZO2"
"ai.corde@edu.tbz.ch"|"9y1XjI-cjDOVv-bLy@qC"
"maelys.berryann@edu.tbz.ch"|"6re&AA-dECGUk-hFoEH@"
"cloe.gladding@edu.tbz.ch"|"J69q4v-C3QgjR-wl4@B5"
"wa.kinnaird@edu.tbz.ch"|"oQDe@c-5VYDJE-PWT@VP"
"publicite.brittoner@edu.tbz.ch"|"kUk70Q-WkCz7N-##n&rl"
"rao.windress@edu.tbz.ch"|"t@qdNm-PrnYT3-XoYe#9"
"uo.kollach@edu.tbz.ch"|"SVQ$Ob-s1$Y4S-sCd0fQ"
"josee.peskett@edu.tbz.ch"|"SLP6AN-haW$Zr-ScPYcl"
"annotee.hasel@edu.tbz.ch"|"H&R347-yi%lLW-fKCS5h"
"cinema.lee@edu.tbz.ch"|"%NLHHQ-BaDBB5-xj#o&d"
"lai.vedeshkin@edu.tbz.ch"|"G74%h0-Dt6BkE-AIzgwn"
"renee.brisbane@edu.tbz.ch"|"zN88Zx-AbuT78-xiLUAK"
"ophelie.blincoe@edu.tbz.ch"|"rYiH9Y-5FLrF5-uQ12dv"
"zhi.prazor@edu.tbz.ch"|"EbePTn-kt0KFf-FK#nDY"
"annotee.maddicks@edu.tbz.ch"|"T&@Fgc-T0zTbI-Nug9I2"
"maelyss.codd@edu.tbz.ch"|"AIj3eO-%iFyAe-nYllAK"
"celia.peplay@edu.tbz.ch"|"g9B1cS-dIPHUC-9Jt0pL"
"interessant.skone@edu.tbz.ch"|"QwuNiI-not8Ai-cVWHfM"
"audreanne.hebdon@edu.tbz.ch"|"GydUIy-BgCIWG-ED$$UM"
"oceane.glen@edu.tbz.ch"|"rovvga-MtA1W6-K4PFpd"
"daniele.vanyushkin@edu.tbz.ch"|"Uqa$Fi-F06JbW-grujPu"
"daphnee.ayce@edu.tbz.ch"|"doaMD1-Ch&8tE-pT4LUj"
"andrea.attride@edu.tbz.ch"|"5Joav3-H6my6E-oqKAxL"
"penelope.bridgwood@edu.tbz.ch"|"$SpINK-Y5sn%w-nG99xQ"
"mailis.drewitt@edu.tbz.ch"|"BYc$FW-apDUxn-#qDxZj"
"penelope.mollene@edu.tbz.ch"|"@C0HRu-IW&W@#-$AsK91"
"illustree.keely@edu.tbz.ch"|"G1YJGD-8nxxv1-&F%B#e"
"meng.brisseau@edu.tbz.ch"|"SkXfgK-dA#bhZ-av#%Dd"
"ruo.cleiment@edu.tbz.ch"|"%x65Tb-peC2Ji-uu3mb#"
"maite.krammer@edu.tbz.ch"|"TkH%7&-oYIObD-idvRBv"
"genevieve.verry@edu.tbz.ch"|"zb$0eM-SjJ49E-j4aWk6"
"lea.olochan@edu.tbz.ch"|"UmptEN-pHMpUL-H0btXy"
"naelle.brunnen@edu.tbz.ch"|"8RPr3@-yt@Lfm-kcvaFe"
"goesta.bragginton@edu.tbz.ch"|"Oo2O0f-vECfjp-uRTCs2"
"fei.danilyuk@edu.tbz.ch"|"6vQYEk-mk4Tf7-@fFeb3"
"adelie.turbitt@edu.tbz.ch"|"bl&kzq-D%bMrY-q1ccXC"
"marylene.nutman@edu.tbz.ch"|"ljp8Y%-koIZwc-cUDjo2"
"therese.barbrick@edu.tbz.ch"|"qf1Wf&-lU&QhC-KflOsm"
"melys.kolodziej@edu.tbz.ch"|"8zKgMM-4uIsik-0rkX1v"
"melanie.runchman@edu.tbz.ch"|"h@Z&ZP-@dF&Qj-0Tl8Lu"
"serena.lafond@edu.tbz.ch"|"Z1cCk$-qWtF@w-OnVWKA"
"pelagie.desmond@edu.tbz.ch"|"6nHqAl-&lUlGf-LDnAc%"
"wa.spickett@edu.tbz.ch"|"E%vnwd-Da&isj-DJWqer"
"po.shave@edu.tbz.ch"|"ckMJ5n-g3Pcj7-XuHFzx"
"song.huikerby@edu.tbz.ch"|"Qo6vth-PMu7Gx-HQepa3"
"melinda.bimson@edu.tbz.ch"|"p#eOPC-Pzk0jX-aWSYmG"
"personnalisee.toffanelli@edu.tbz.ch"|"bZa%Qd-0VaWfu-Ax3RU7"
"leandre.hurn@edu.tbz.ch"|"jReQA1-Y1CIcM-HjNSm6"
"oesten.standell@edu.tbz.ch"|"jL6cSC-QYKs&6-YiNfdB"
"naelle.smaleman@edu.tbz.ch"|"%xF@Y9-EZ2h1y-Wh4O#1"
"berenice.tayt@edu.tbz.ch"|"H5Igk@-81Lp@E-4EYBUR"
"kui.popplewell@edu.tbz.ch"|"OGW5Hu-J0#Brf-&6Xj1k"
"melodie.ferandez@edu.tbz.ch"|"Q5lDnV-yOXBcG-oOU9Zi"
"josee.negal@edu.tbz.ch"|"779uiM-gEustc-9er9#r"
"melissandre.ferrelli@edu.tbz.ch"|"@6aG&D-O#trWY-4dUgLS"
"josephine.kemmer@edu.tbz.ch"|"He%QJx-ZC1rso-ddX%$b"
"maely.cayette@edu.tbz.ch"|"%$H$Ey-IyZ%N2-Uj02sc"
"nelie.vela@edu.tbz.ch"|"0OoCFO-z9HrOk-iNN9mh"
"melina.cortes@edu.tbz.ch"|"D0xRhQ-dXs%e3-6$kypN"
"megane.leyshon@edu.tbz.ch"|"6S9lRU-Y#w97l-xyGq5l"
"regine.harrie@edu.tbz.ch"|"waVuYQ-2Hpi8V-CURz82"
"mylene.widdison@edu.tbz.ch"|"MwoHHW-$cJUDY-wucsAi"
"pelagie.vivash@edu.tbz.ch"|"V8L9nD-Q@h1Oe-x5VH@i"
"styrbjoern.vicarey@edu.tbz.ch"|"qIX@LA-JovKsH-Z$ymwP"
"long.kyles@edu.tbz.ch"|"ItBCwA-OW$dMo-OTKqiU"
"stephanie.gipps@edu.tbz.ch"|"vTB4Hy-p6jZVy-5wAoZX"
"clea.constantine@edu.tbz.ch"|"Cb5ZXv-7osR7M-qC$Cdw"
"maella.cometto@edu.tbz.ch"|"a0IoLO-@MB7AM-qtHdDN"
"laila.aubrun@edu.tbz.ch"|"3UJDSR-DLCpFy-3PlOV7"
"yao.austins@edu.tbz.ch"|"RcUmY4-jgwXd$-yI1VP2"
"mailys.rylstone@edu.tbz.ch"|"aQPPec-D%rOPK-xizjTY"
"adelie.curuclis@edu.tbz.ch"|"w7SxxA-HedXJo-LVQ8tW"
"celine.longhurst@edu.tbz.ch"|"O7PReu-%EIY&o-9B$tV3"
"gisele.hazell@edu.tbz.ch"|"xj32NP-oyhIYp-Pt&OyE"
"celestine.ciccone@edu.tbz.ch"|"MH4FDD-uqUAIH-P4Vv58"
"maelyss.doole@edu.tbz.ch"|"GwKfRf-mTp3KT-$#%sOT"
"helene.grimsdike@edu.tbz.ch"|"5N08MR-a@tvIX-#0UQv8"
"lie.macer@edu.tbz.ch"|"Mnwfcn-ZeYm5n-ifYb0t"
"maely.izard@edu.tbz.ch"|"KbK4U4-IELP27-QOYaG6"
"erwei.breewood@edu.tbz.ch"|"3AHSHx-AK2ZOO-4SC2No"
"chloe.woolford@edu.tbz.ch"|"aFFR2k-11rrKp-dcbUJk"
"cleopatre.turpin@edu.tbz.ch"|"9$r&7l-54b$dT-QAsfUE"
"melodie.surgison@edu.tbz.ch"|"wMHM#U-v6lmYU-RSRh40"
"elies.leander@edu.tbz.ch"|"YG8odx-&pLfk2-9PbOFg"
"mediamass.reignould@edu.tbz.ch"|"oRyH#f-cDa5bN-t0a7du"
"celestine.wasmuth@edu.tbz.ch"|"xOnl1w-ezdeGL-Dstjvp"
"marten.jervis@edu.tbz.ch"|"oo8V3t-SdO%zc-h&K6Rt"
"daphnee.bour@edu.tbz.ch"|"dd0yO%-uDtcZ0-MhLdA0"
"regine.harlett@edu.tbz.ch"|"ok%g#R-29OksW-HUspJr"
"noemie.macaskie@edu.tbz.ch"|"ajlObX-DCdMD2-1b%F92"
"loic.renfield@edu.tbz.ch"|"iq3lJF-5T7uxK-#NR%hF"
"venus.kleinert@edu.tbz.ch"|"MqenGW-P%7cMD-4PXArN"
"marten.burlay@edu.tbz.ch"|"PfniH7-IdRZt3-SBgrrk"
"berengere.radsdale@edu.tbz.ch"|"duz2fw-3X1XZz-UI5CoU"
"genevieve.duckit@edu.tbz.ch"|"isB5@o-gJA6Xr-wzpAPz"
"maely.ligerton@edu.tbz.ch"|"L05fKQ-aR8wKE-cPJWIL"
"maeline.ricciardelli@edu.tbz.ch"|"1E8V72-HAIm&Z-Z9Zfvt"
"personnalisee.yggo@edu.tbz.ch"|"DEp6eb-Z5rbx1-1vvfeH"
"alizee.pettinger@edu.tbz.ch"|"1K5O71-Dipwcw-y@GYNm"
"desiree.curnnokk@edu.tbz.ch"|"OO0V0M-Mm$5P%-5KPX%r"
"dorothee.minors@edu.tbz.ch"|"FDdw4x-dLu%3b-G&XNgV"
"oceanne.kopmann@edu.tbz.ch"|"RW6dSA-SlwVwR-TJuHpB"
"almerinda.brodbin@edu.tbz.ch"|"l&tp%5-#gYrhB-yBvh&P"
"yenora.carsberg@edu.tbz.ch"|"Y&1oUN-5rr6Q5-IDouvV"
"wa.beetles@edu.tbz.ch"|"Dat@Ro-Xl%#S%-7RNsN#"
"audreanne.abbot@edu.tbz.ch"|"E6J&es-7i@%Ua-1o9VCz"
"noemie.capper@edu.tbz.ch"|"ovD0r3-CygP&n-qJdREP"
"mans.abramamov@edu.tbz.ch"|"Cr8Avg-Pnrya6-$ycbLs"
"audreanne.blakey@edu.tbz.ch"|"$RzWVm-IEk#pY-VCL916"
"leone.klimpke@edu.tbz.ch"|"D8hJNc-sSRAOx-KqMr@y"
"lie.croston@edu.tbz.ch"|"tSuZQh-o12%V0-IbC2kM"
"anaelle.baistow@edu.tbz.ch"|"@vJMVl-fELWWq-kquXwb"
"michele.garwood@edu.tbz.ch"|"Qw4zDM-aA&fPG-ArGPxP"
"interessant.albion@edu.tbz.ch"|"seg5K@-amBBPY-0gWyMu"
"andre.brisco@edu.tbz.ch"|"x1o9kz-GpO2xL-u2kvPF"
"tang.totterdill@edu.tbz.ch"|"xWAcza-lZW%qu-fO5Dwa"
"marie-josee.braundt@edu.tbz.ch"|"qILJja-lQ2jYy-P$Ih9K"
"lois.galer@edu.tbz.ch"|"BQxmcC-ZHe38f-wkwhte"
"faites.pellamonuten@edu.tbz.ch"|"fdHfdE-9VfJ8g-goLVX0"
"mai.barfford@edu.tbz.ch"|"@CqHGl-f@ZzDQ-c0AIe1"
"laurene.macilory@edu.tbz.ch"|"v8yUkg-ZQs95#-QDr4sj"
"elea.peak@edu.tbz.ch"|"ZJF5$k-5G6SF7-f65dD&"
"rejane.doni@edu.tbz.ch"|"0hH$a&-LJ9eT9-kOt5Wf"
"mahelie.ector@edu.tbz.ch"|"VcoZqq-9mVLYI-IrUi#z"
"rachele.allum@edu.tbz.ch"|"rSTf&x-DUqXX1-H9RGIN"
"laila.gerretsen@edu.tbz.ch"|"u3Z2bl-BgBGkc-eJB34R"
"ines.bowman@edu.tbz.ch"|"$nXKUI-JRvuY%-S7vnzN"
"publicite.barbary@edu.tbz.ch"|"ZVWwFO-0Zl$NS-rc8Mj@"
"mailys.smooth@edu.tbz.ch"|"f@BIE0-tHhveM-VljNml"
"mailis.huguenet@edu.tbz.ch"|"vQTwY$-4K03Ot-AI7nNB"
"lea.ewer@edu.tbz.ch"|"MpTYF5-FgwJdu-J&IQU2"
