"email"|"password"
"melodie.vandervlies@edu.tbz.ch"|"sdC9PP-W07bJs-FRi#sJ"
"angele.edgecumbe@edu.tbz.ch"|"gEk#5V-9C8cxF-7emJgR"
"zhi.andreasson@edu.tbz.ch"|"0HVm4E-ZwKH#w-UVkASq"
"judicael.koppeck@edu.tbz.ch"|"Joix#S-TbU3qS-ehoW6X"
"berengere.capron@edu.tbz.ch"|"m#9DmS-%BAXiQ-HLMdrz"
"leonie.brosini@edu.tbz.ch"|"dtCZk#-2%tVXs-@TxDDz"
"venus.garfit@edu.tbz.ch"|"KTGG4Z-alFehW-Dqhwgx"
"melina.janota@edu.tbz.ch"|"PVtodV-heuFZP-#S@c8v"
"laurene.bake@edu.tbz.ch"|"koA@0i-%wEUDL-I2Dewx"
"regine.dorkins@edu.tbz.ch"|"yTtvDb-&1#th9-Z5yi9B"
"cecile.moffet@edu.tbz.ch"|"NbXugh-hZiBv8-KDrIWp"
"maelann.labrone@edu.tbz.ch"|"V9LpHJ-bFrgFl-LQFdTx"
"melinda.newbold@edu.tbz.ch"|"AeyjHe-@NRJRI-$l75Y0"
"mans.itzhak@edu.tbz.ch"|"1RdVVP-bg$@Si-wFUi2W"
"melodie.pattlel@edu.tbz.ch"|"8xxsF1-Uk4TvK-K29CZT"
"celine.bonett@edu.tbz.ch"|"ljf&xx-j4a9El-5bbLUE"
"adelie.mcgreal@edu.tbz.ch"|"4fMSA0-ja@UKQ-Emrsrq"
"helene.soldan@edu.tbz.ch"|"nK@nJz-Qo%9k2-KsaQMq"
"michele.cluer@edu.tbz.ch"|"m1cCWc-iMhd%5-WY&W@Q"
"maeline.mueller@edu.tbz.ch"|"bPePJ#-mf5EIf-JElYc#"
"maelann.benedito@edu.tbz.ch"|"zYNbgA-@nZXA7-F3%x3h"
"nuo.gransden@edu.tbz.ch"|"8jcNVq-t$TDI@-FDXXf1"
"berengere.stainton@edu.tbz.ch"|"6bpWAW-UyzgpX-wAP4$F"
"wa.sabater@edu.tbz.ch"|"xtMAuY-mp$5Er-5INg0i"
"anais.cochran@edu.tbz.ch"|"ziOkbt-jBliQw-nx$3ew"
"gerald.bessant@edu.tbz.ch"|"L3Tm4T-k7FRVO-RaXw1N"
"ruo.coffin@edu.tbz.ch"|"84Kj4r-lfYrHb-Jo8vk$"
"melodie.mustill@edu.tbz.ch"|"JLg631-n#&klU-RO9hlP"
"ruo.stanesby@edu.tbz.ch"|"WU$q55-84SIGL-r1gPY6"
"noemie.antognelli@edu.tbz.ch"|"&Qr3Jr-SQJniz-SB0dOJ"
"maelann.hughson@edu.tbz.ch"|"zFsnKI-mUWvFQ-mEL1Zf"
"milena.mieville@edu.tbz.ch"|"$J&$hI-kBlcXA-zR74lE"
"mailys.chamberlin@edu.tbz.ch"|"%F9f4L-dj#rDi-PPSF1L"
"nadege.tomalin@edu.tbz.ch"|"Bb0s&T-c%EHxc-#KdRQX"
"oceane.omara@edu.tbz.ch"|"dbyGfH-4zltKj-Rt@wSL"
"cecile.aguirrezabala@edu.tbz.ch"|"uS3LqV-&F6q2k-&9inw$"
"maella.gwillim@edu.tbz.ch"|"Kh%Qrk-%6ee5X-NtletT"
"lea.mcgahey@edu.tbz.ch"|"LAUoUq-nrgSbZ-gpxKDr"
"laurene.hagerty@edu.tbz.ch"|"Xuh#m7-exCwL5-rf2616"
"dorothee.link@edu.tbz.ch"|"lDFIWS-Zb6j9n-&C4PU#"
"clementine.kynsey@edu.tbz.ch"|"ZeiuJz-0NG$VW-hgouv3"
"lorene.smitherman@edu.tbz.ch"|"MMS&Th-HrBtdo-t2AIkB"
"cleopatre.klulicek@edu.tbz.ch"|"fXU&oz-zz7H#a-ql%q1X"
"laurene.castaneda@edu.tbz.ch"|"oRyQh@-3wkK4N-YkySQM"
"melia.constant@edu.tbz.ch"|"fC9q4A-kWJ4TI-x0kJ9D"
"lucrece.clunie@edu.tbz.ch"|"0t2QU0-1Y%9EY-Bes9qh"
"eleonore.mcmurthy@edu.tbz.ch"|"3QrCJn-&9%CX%-H$ZPst"
"melia.bevar@edu.tbz.ch"|"IdXR6V-KVr%vV-au9ve8"
"camelia.bontine@edu.tbz.ch"|"3lINav-e2tKgv-A1@G7i"
"methode.jozefczak@edu.tbz.ch"|"VzRmTS-POTRvD-aZ8%To"
"audreanne.hinsche@edu.tbz.ch"|"alEBQJ-MgR9MS-c0qtIY"
"andree.varne@edu.tbz.ch"|"9pQKnC-EWAluc-6yWmIB"
"marten.kinleyside@edu.tbz.ch"|"qiF%oe-O5v4vm-bEmxRl"
"esteve.mcewan@edu.tbz.ch"|"9&exFl-s5d%Ti-r$R&9J"
"leane.dibbert@edu.tbz.ch"|"xmcZ#G-kahd0Y-xlE8@G"
"ma.thewlis@edu.tbz.ch"|"LPrO6k-4Rdjd7-mDRC50"
"clea.djurkovic@edu.tbz.ch"|"YfLcrm-XhpITy-UnalEq"
"rachele.reburn@edu.tbz.ch"|"yqZ9fY-r2LiZU-4MWluC"
"gerald.gowling@edu.tbz.ch"|"JwlqRY-8%UTVW-8f1pZG"
"cleopatre.jackson@edu.tbz.ch"|"YZLPag-O7F7AD-mUtarQ"
"desiree.haskins@edu.tbz.ch"|"Y&Oitu-dTh#$b-CMTEkO"
"eleonore.longson@edu.tbz.ch"|"n7bgxR-9UFlZ1-LfGcfQ"
"leane.dybell@edu.tbz.ch"|"1eH@Fa-bdBUm#-bbcQGw"
"becassine.grzesiak@edu.tbz.ch"|"whRhIp-TTYV5a-9T&JER"
"marie-josee.pickin@edu.tbz.ch"|"2AYjy#-dUHZJs-O&2%mO"
"marie-josee.roxby@edu.tbz.ch"|"t#Oew0-2PE8hE-xjO6SY"
"leonie.feenan@edu.tbz.ch"|"OAxAqn-aW3#1N-PERgKl"
"valerie.ellum@edu.tbz.ch"|"QJJOHV-&4EIjs-f5ghl4"
"ju.caseri@edu.tbz.ch"|"gN8O#h-lrFmwQ-7317Y%"
"boerje.strangman@edu.tbz.ch"|"J2V2Mi-4Fsh#Z-ZTwlUw"
"beatrice.ghidelli@edu.tbz.ch"|"kBgQym-bNhLd9-h0NLpp"
"da.jablonski@edu.tbz.ch"|"ugTbME-aZaWP1-ZuJ&DU"
"uo.beveridge@edu.tbz.ch"|"OeNAeO-Dwmsz#-DDBdnG"
"valerie.bestman@edu.tbz.ch"|"F1UbT0-EFsisQ-kn%a69"
"marlene.pohls@edu.tbz.ch"|"X#Mqln-8$jq9e-rv0fBq"
"ma.nolda@edu.tbz.ch"|"0PUrGd-reAT%M-AOgFEy"
"marlene.bisiker@edu.tbz.ch"|"@LHwpJ-9k#ctM-eg$Ths"
"estee.babon@edu.tbz.ch"|"ZgiRwB-wsY0ef-k73ISH"
"simplifies.dmisek@edu.tbz.ch"|"uu%WHn-vEecV3-%Yyct1"
"selene.ganing@edu.tbz.ch"|"3EMw3c-dkpfsp-Y5OmeD"
"meryl.penke@edu.tbz.ch"|"sDnoGe-tsEyd8-V2fw&6"
"anais.rawcliff@edu.tbz.ch"|"%oXqdU-4%Pozz-9P0ZGY"
"melina.andri@edu.tbz.ch"|"wXhMOn-qemKYL-MYve7t"
"audreanne.fodden@edu.tbz.ch"|"M5rF0X-FI3MN%-isqWCf"
"bjoern.spellesy@edu.tbz.ch"|"RJUu&p-gfY@F1-AhCHt9"
"francoise.summerscales@edu.tbz.ch"|"yBJGxw-Xi$I8E-s#GXoh"
"laurene.ashtonhurst@edu.tbz.ch"|"P1ZcBK-92JU2R-Wm4Res"
"valerie.petters@edu.tbz.ch"|"3wQ@Wm-K7dFGt-ASEYbj"
"anael.spenclay@edu.tbz.ch"|"$9JCzW-WWQXRP-0hBG6W"
"stephanie.keech@edu.tbz.ch"|"2c2zJm-9WveA3-skfDYh"
"ines.deveril@edu.tbz.ch"|"JNx$0b-W9v5KW-G3ZTOT"
"berenice.gelder@edu.tbz.ch"|"Tr7XqW-BIJGwg-$0DE#I"
"melanie.ofogerty@edu.tbz.ch"|"HEZTTD-QHNdQn-C6CARj"
"frederique.canepe@edu.tbz.ch"|"7PKj9K-wHyg&N-2#LHWF"
"nuo.otton@edu.tbz.ch"|"5FZgyx-BuwQIA-Ck0aOz"
"genevieve.trusler@edu.tbz.ch"|"2AOQEn-EWThd2-DL%wpw"
"ju.boag@edu.tbz.ch"|"9q#sAU-p1Omd%-fHBPEp"
"josephine.dilucia@edu.tbz.ch"|"43HsSS-kIcwz@-TB5x3#"
"laurene.armsden@edu.tbz.ch"|"BQ&#%N-E9dJDu-$%2X5k"
"becassine.griffe@edu.tbz.ch"|"%xQbPL-Pkrd04-u9g#u9"
"alois.parres@edu.tbz.ch"|"NswWpX-zP#yWa-DH6wwj"
"cleopatre.gaffey@edu.tbz.ch"|"mF3tK8-ji62O#-TC@iwV"
"andre.stiger@edu.tbz.ch"|"Kr65m4-zuSX9T-lB63SP"
"beatrice.godleman@edu.tbz.ch"|"tkAfwQ-qpArsS-FYDToV"
"hakan.harrhy@edu.tbz.ch"|"ZNiAve-qmDF7p-xmALlr"
"celestine.dagnan@edu.tbz.ch"|"GwZ&ij-X4ZiBX-7n4aar"
"clemence.haggart@edu.tbz.ch"|"wjkX3F-OhxnRJ-02rq0A"
"long.caban@edu.tbz.ch"|"W#IOYD-uuf0vY-W7wziO"
"gaetane.grimble@edu.tbz.ch"|"dTDis5-CtKTVw-LJO8yq"
"maelann.piwall@edu.tbz.ch"|"7w0MGT-9@@KpD-HLHYMB"
"magdalene.loble@edu.tbz.ch"|"R#Ua@i-CR0lDW-$FmCoc"
"veronique.domaschke@edu.tbz.ch"|"sPZkX3-Di8lyH-BptHcC"
"clea.herity@edu.tbz.ch"|"rze#8c-jgR8H5-MY5OmU"
"maelann.bambrough@edu.tbz.ch"|"0$UV35-hKATnI-en0%5d"
"clea.goulstone@edu.tbz.ch"|"ESQzWF-37klQK-2@P8uO"
"renee.deleek@edu.tbz.ch"|"3UgvjB-2zMuGM-Xo8Rhs"
"boerje.rudderham@edu.tbz.ch"|"Ou4uec-REJCOU-ZdK%9&"
"marylene.broune@edu.tbz.ch"|"bTO5m4-5hrhtk-L$$inY"
"nadege.mccuish@edu.tbz.ch"|"ixyw9S-bmu#EY-q@jQ3H"
"anael.littleover@edu.tbz.ch"|"TVyKgk-p2c8yz-eiHhtU"
"lie.baume@edu.tbz.ch"|"@zddS6-Ffag87-pGMn14"
"maella.murrow@edu.tbz.ch"|"wEKZmS-EAy#0%-6w@JUP"
"cleopatre.pettifor@edu.tbz.ch"|"5rfEiT-q&nlKk-TZ7Cx3"
"geraldine.asker@edu.tbz.ch"|"dH25AL-vCQZ3z-#nbY@M"
"gaetane.smedmore@edu.tbz.ch"|"A2IQrm-oG#RzY-YISA60"
"meryl.blencoe@edu.tbz.ch"|"%aw0wm-&$Y5Xt-QTtR82"
"aurelie.chastaing@edu.tbz.ch"|"g3%O&N-AWfX7w-uO6qEr"
"oceanne.marthen@edu.tbz.ch"|"R3HMUk-PRkOC%-YN3qdV"
"dorothee.burrill@edu.tbz.ch"|"VwXUKD-TsDtl1-bAO48L"
"hakan.belden@edu.tbz.ch"|"jrYETM-je25vH-4%fBY&"
"celine.brunning@edu.tbz.ch"|"&6TSTU-Yck2RW-zrWLaG"
"anael.lapides@edu.tbz.ch"|"cu8QP3-JGa$Rs-omXGZl"
"ruo.saffran@edu.tbz.ch"|"#vNaR%-8d@K2O-QBLUy2"
"loic.gerretsen@edu.tbz.ch"|"8BjRTN-pBpB96-KFDyLK"
"rui.fitzer@edu.tbz.ch"|"IgymIi-Z$X7%I-#Qt2xo"
"annotee.ogers@edu.tbz.ch"|"Ezgb@F-xoP1UF-V21AiS"
"boerje.bindin@edu.tbz.ch"|"cNdl5&-hylNJ1-P3QXqq"
"ma.cronchey@edu.tbz.ch"|"C3qIHL-J@m8A@-p5Ss7e"
"laurelie.baiyle@edu.tbz.ch"|"J8q2t6-MTVyEE-%SVhtn"
"dorothee.older@edu.tbz.ch"|"p@Y3&0-1m%c%a-ppvuZp"
"laurena.wile@edu.tbz.ch"|"pq%hht-eDvwC6-K$R9FA"
"clemence.brito@edu.tbz.ch"|"%S8PDK-&FCZp$-5VZtXI"
"nadege.dallin@edu.tbz.ch"|"rWbobc-NbWi$y-#pJCAo"
"mailis.matley@edu.tbz.ch"|"ezeOfY-p8nfRY-R0Imfw"
"daniele.screaton@edu.tbz.ch"|"QZK93C-WqJfAO-SkSlYW"
"mediamass.godly@edu.tbz.ch"|"N&HEhD-6k$%%5-K%GJQl"
"leone.kremer@edu.tbz.ch"|"i&Aa3c-Dzt242-ya%iXh"
"asa.adrian@edu.tbz.ch"|"QACxsK-EnJ8a2-GKksjN"
"adele.doley@edu.tbz.ch"|"sx&@Mf-lblDFj-PG5Ta2"
"fei.sidney@edu.tbz.ch"|"9FWE14-ntLmGU-HdkrCo"
"marie-josee.walisiak@edu.tbz.ch"|"%uyh&t-aNNd8n-qXP1Db"
"desiree.diplock@edu.tbz.ch"|"&WBxhZ-6xQAVg-GYzlF2"
"gisele.schust@edu.tbz.ch"|"9G$2#3-AazJ2b-9lLH19"
"ma.longshaw@edu.tbz.ch"|"EeSLMd-7$#xk4-enxSXt"
"da.boother@edu.tbz.ch"|"8Pjjv$-348Fz$-pYDDPJ"
"simplifies.chaudhry@edu.tbz.ch"|"Cqc0An-SBNJ1F-9%H53L"
"garcon.baniard@edu.tbz.ch"|"MutzdZ-@%q2St-MHYXDL"
"gaetane.elphee@edu.tbz.ch"|"5yFw$N-fjz@wU-5g%K7V"
"gisele.hassey@edu.tbz.ch"|"9$Z7eC-ulPeVh-anf@l9"
"oceanne.booley@edu.tbz.ch"|"us$KG4-8NSrSN-b$xUpW"
"oerjan.dibden@edu.tbz.ch"|"MPA$33-DAusTF-AylM0c"
"regine.ocleary@edu.tbz.ch"|"7gcNdr-%lkr5N-$iTNEm"
"selene.persse@edu.tbz.ch"|"ErV&0l-H$fuTM-abg9lR"
"helena.adenot@edu.tbz.ch"|"jQkyHN-N53SRk-P9pEFj"
"maelann.wassung@edu.tbz.ch"|"u4fa28-dHJSrL-xONG%E"
"frederique.ackermann@edu.tbz.ch"|"pnzA$j-ta9Q$$-EYPzhm"
"audreanne.kahen@edu.tbz.ch"|"@4vG5f-H9LeTV-VRqZeC"
"maiwenn.lasty@edu.tbz.ch"|"@VWmco-bcCbWT-brKYDx"
"yu.dictus@edu.tbz.ch"|"jQKx1Q-#O7u0l-F9vJkj"
"anae.dukes@edu.tbz.ch"|"iDXe90-zkyvpT-3V2fp#"
"yenora.warr@edu.tbz.ch"|"aKhiRS-y3KHGC-V@FzR&"
"esbjoern.archibold@edu.tbz.ch"|"VY1czG-Au5ioQ-s2Of&5"
"milena.pardal@edu.tbz.ch"|"kI%HyN-mZySrv-%zrxcK"
"celestine.graveston@edu.tbz.ch"|"tbnbmC-l9lV$h-yJLK6Q"
"maena.dallas@edu.tbz.ch"|"F3q0qg-t9JgU5-9#00Ik"
"andree.tuke@edu.tbz.ch"|"1ikrI1-2X6@Uc-qa@ys6"
"methode.seldner@edu.tbz.ch"|"1%6f7k-JD9Rzu-3gBMOn"
"venus.bullas@edu.tbz.ch"|"&xCyVp-IU4vAD-kqYl39"
"mans.aguirrezabal@edu.tbz.ch"|"DZILKb-RPev8F-QX07yr"
"gaelle.eadington@edu.tbz.ch"|"apyY2Z-jq6AMP-B55KLm"
"anaelle.falkner@edu.tbz.ch"|"bbeijq-0LoyJY-&NgOTe"
"ophelie.height@edu.tbz.ch"|"KDL3%@-Uz3NH7-9i%P64"
"marten.bolding@edu.tbz.ch"|"#EDVlW-2h&bef-mf59xy"
"pelagie.guswell@edu.tbz.ch"|"sdvnta-#mdCmS-&Rv5Dy"
"gwenaelle.lecount@edu.tbz.ch"|"L97uFV-KyQ&sl-V249WI"
"hakan.laden@edu.tbz.ch"|"9HA$Ji-%OpO8w-uy&Jr1"
"marie-josee.hylands@edu.tbz.ch"|"YO&vwb-AyhbVf-Iy4oi$"
"zoe.kingshott@edu.tbz.ch"|"e0I$5A-g7ZoZ0-aT6mBG"
"josee.janous@edu.tbz.ch"|"4BZb2L-hnMxU$-XcuvPf"
"laurene.gallally@edu.tbz.ch"|"VGB%4W-KF@RMw-Px5OYZ"
"anael.bickle@edu.tbz.ch"|"5%&Urq-yQwSiL-oRLtf#"
"mediamass.lebbern@edu.tbz.ch"|"#QyETG-fJEo&f-HmisFn"
"berengere.hovy@edu.tbz.ch"|"FEpGBj-cYxq5r-FBo9JE"
"oerjan.kilmurray@edu.tbz.ch"|"UG#bF8-sv0SjQ-4@fADW"
"asloeg.venny@edu.tbz.ch"|"7z9$KS-UKFUSD-#uSZpf"
"marie-noel.stoad@edu.tbz.ch"|"kIAoAC-BfxliV-2u24hM"
"hakan.pettifor@edu.tbz.ch"|"VM4AdV-O#KHjq-EZMdWl"
"maella.willgrass@edu.tbz.ch"|"og6E@M-#mbkN1-r$p@Ty"
"therese.ludovici@edu.tbz.ch"|"AgzYZw-3GK542-kahpHB"
"stephanie.trewhitt@edu.tbz.ch"|"xzN1vp-cumGv7-Pmwr4x"
"maerta.bauduccio@edu.tbz.ch"|"45#@VN-fSG2CP-OdqRQn"
"gaetane.glaisner@edu.tbz.ch"|"QgnpCR-iOGpM7-YtiEim"
"naeva.pargeter@edu.tbz.ch"|"v3Z42r-$XZe@n-Zj0$ZE"
"salome.venable@edu.tbz.ch"|"MPsX0J-tbLaQs-L4O&i2"
"boerje.thickett@edu.tbz.ch"|"zExpr%-XT7f97-YzOXZj"
"lucrece.prendergrass@edu.tbz.ch"|"GYF3Nv-LhT1yJ-w#GhP1"
"laurene.ockleshaw@edu.tbz.ch"|"2ru5LT-@rDJMN-uH20YB"
"cecilia.pasticznyk@edu.tbz.ch"|"VFE0&k-Hw%hjh-uCn12i"
"stevina.mackey@edu.tbz.ch"|"nfJHOM-rgqEW%-zoFRe9"
"marie-noel.reven@edu.tbz.ch"|"EVXgcK-SB&YIC-q7bqXf"
"melina.quilkin@edu.tbz.ch"|"boiTm8-on6gKu-y#%oqX"
"marie-noel.ferrie@edu.tbz.ch"|"e%Q@#4-QdhVY#-mdE@zt"
"leone.alphege@edu.tbz.ch"|"PNdlwY-bHuu&%-kHDqvw"
"zoe.leverson@edu.tbz.ch"|"AA&2Hs-PM7FGr-MpR%o4"
"annotes.grayne@edu.tbz.ch"|"N3qS%Q-n1SQgc-vjGegg"
"faites.lalley@edu.tbz.ch"|"fDO1Hd-t3ap@a-Qkaz7f"
"adele.wallis@edu.tbz.ch"|"sCn1#T-f%UA6p-#56XkB"
"severine.madill@edu.tbz.ch"|"@1r3J1-B9XCux-oo2DpV"
"valerie.tebb@edu.tbz.ch"|"8dZYRH-y8rDWM-W8aUfG"
"kalliste.rasper@edu.tbz.ch"|"aoykE2-bzfBv2-QbcvyJ"
"audreanne.palomba@edu.tbz.ch"|"n@vC8U-yWJBxh-YVdoQi"
"elea.adamik@edu.tbz.ch"|"w#2Cmu-1JTU$n-boq@jZ"
"reserves.jakuszewski@edu.tbz.ch"|"ZVts#p-HHJzsO-yvWA0r"
"athena.belhomme@edu.tbz.ch"|"xg8@a2-YhqvcP-Lfu7H9"
"rebecca.crippin@edu.tbz.ch"|"7NqUvn-S@EvHW-7nvH2O"
"maiwenn.curman@edu.tbz.ch"|"AilG6h-9YrAfv-OFOEmQ"
"andree.bunner@edu.tbz.ch"|"GJtZpp-%0&7Cz-PSpr%A"
"ruo.winckles@edu.tbz.ch"|"tyj0b5-bydRx#-k6HwXH"
"naeva.buntine@edu.tbz.ch"|"3lVSYs-EXJvIb-bNVW06"
"boerje.dollard@edu.tbz.ch"|"HoWcnk-FuzSSU-BaUyNo"
"penelope.gorman@edu.tbz.ch"|"KSk9Ir-4Ad4EN-IGEmPJ"
"alois.robelin@edu.tbz.ch"|"VIujq9-V7QpZo-YaDxiC"
"anaelle.tindle@edu.tbz.ch"|"NnqW#$-p66zhL-OL&dL1"
"ye.frears@edu.tbz.ch"|"1pR7zK-Q1AB4f-pt8kVp"
"andree.ovid@edu.tbz.ch"|"0E9iEw-ANWhOT-cyBlYa"
"hakan.peat@edu.tbz.ch"|"dSOUCn-k1%MEI-ccg@&i"
"andre.januszewski@edu.tbz.ch"|"LYHJzc-VSiKqJ-7dYAK8"
"annotes.clemmett@edu.tbz.ch"|"2umz96-jSzeRO-kGdXXS"
"pal.lambswood@edu.tbz.ch"|"nHWTqE-9@hb7T-QFPNEz"
"yao.lenton@edu.tbz.ch"|"1MFfbH-w5pwuB-I4ApnL"
"hakan.boyton@edu.tbz.ch"|"VmbRfX-fvOM#2-YPbFKc"
"nelie.forsey@edu.tbz.ch"|"rzsY#9-jRQwF0-O9MiAX"
"hakan.horche@edu.tbz.ch"|"eAxam4-i1stBx-pMXX8x"
"lorene.sinkings@edu.tbz.ch"|"ztXTae-vr2Tjz-bZ$Yg6"
"marie-therese.creddon@edu.tbz.ch"|"Y4xvB@-iN0q9w-ZLYHD#"
"berenice.tolworthy@edu.tbz.ch"|"DRgha8-w#KL$F-c%mb4e"
"theresa.land@edu.tbz.ch"|"3M7z0p-HNRR79-iI#cfz"
"marie-therese.gianilli@edu.tbz.ch"|"7Vj994-AwGJRD-kSOVAV"
"meryl.glew@edu.tbz.ch"|"50hlV9-MfVIrz-Qu9@#c"
"adele.debling@edu.tbz.ch"|"eiWyGD-09vQu@-ljbpRo"
"anae.metzke@edu.tbz.ch"|"iPtyUK-0GjK7E-QU2I3Y"
"gaetane.gooden@edu.tbz.ch"|"@INYfa-DPtXmg-1IcU&1"
"laila.bootland@edu.tbz.ch"|"TC#sHB-s1XU8#-sDRnY4"
"maite.helsdon@edu.tbz.ch"|"E2NoNG-2t95Rv-1XQXeV"
"andree.malley@edu.tbz.ch"|"9RZ1oz-#FcPxE-RtAl6D"
"pal.simmens@edu.tbz.ch"|"97&6ja-2aMDtY-Soyeq0"
"maelys.nuccitelli@edu.tbz.ch"|"PVF3Tn-DAhv%N-LhJV##"
"dafnee.sibary@edu.tbz.ch"|"45zhXi-KXZQjF-0PVdQS"
"alois.harsnep@edu.tbz.ch"|"S41yWk-zn5d2S-eu2QjF"
"marie-helene.lacky@edu.tbz.ch"|"7UVcdR-haeMOg-uA1K#2"
"mylene.youthed@edu.tbz.ch"|"S&pdYT-gK0u5E-l0SALD"
"marie-helene.dehmel@edu.tbz.ch"|"dRRen$-N9VA%Y-Au%LdJ"
"angele.batman@edu.tbz.ch"|"J0jzj@-RAD&Ss-tj5WvZ"
"melia.younghusband@edu.tbz.ch"|"zkCRk5-%%w9a3-XJnrqA"
"eloise.baldi@edu.tbz.ch"|"Yw@35&-KtEqRw-wZq0U2"
"illustree.dun@edu.tbz.ch"|"E9yE%w-$kK1w7-svAMk3"
"genevieve.late@edu.tbz.ch"|"Dq0kYy-k@UZZQ-QJZ3#y"
"celestine.colville@edu.tbz.ch"|"640jqP-8OaD3a-qTjR6w"
"gwenaelle.scarlon@edu.tbz.ch"|"C5znLO-rgU5x9-WL&uK&"
"regine.boddie@edu.tbz.ch"|"E23IRU-TvFxWe-l2K%bI"
"creez.gaughan@edu.tbz.ch"|"PGv5W3-fMzWls-2PCTSR"
"gaia.longford@edu.tbz.ch"|"LEk3fb-31@quy-Q7gFKi"
"mailis.buckby@edu.tbz.ch"|"SzsINy-EbFjbY-NzTLAe"
"song.parbrook@edu.tbz.ch"|"b@96Ga-EXNxJM-B0hU$g"
"frederique.heddan@edu.tbz.ch"|"Vpkg$f-#cPEmt-MPz1Vf"
"ake.kirtlan@edu.tbz.ch"|"VwXsUl-FAlR4H-q2WnDw"
"nelie.runciman@edu.tbz.ch"|"T4&%xS-25%iKv-MNk7Gf"
"mailis.cardnell@edu.tbz.ch"|"ZRoDSp-4R7pwW-PrdOHW"
"irene.navarro@edu.tbz.ch"|"8V9Cpn-3@Wq0#-JmxVoM"
"maite.cough@edu.tbz.ch"|"Xy%YMo-NJxk$5-O#&Xyk"
"anaelle.stocky@edu.tbz.ch"|"@jVlgQ-T6qHmr-Rcy550"
"methode.moulder@edu.tbz.ch"|"Xl#4Jn-DHJ7ls-Y7#b@A"
"po.stafford@edu.tbz.ch"|"bGNTN0-1Kt31X-nTHrHp"
"faites.scraggs@edu.tbz.ch"|"a7ifC@-s8rg$2-YSGYRV"
"adelaide.dullard@edu.tbz.ch"|"R1tJ2w-CFlFKN-JzRhO0"
"desiree.leonard@edu.tbz.ch"|"jWnZTn-oD5T3q-3YUNAD"
"geraldine.badgers@edu.tbz.ch"|"7N3gJJ-KlpJTZ-G6EhxJ"
"ruo.masic@edu.tbz.ch"|"GLiGHZ-hIHfFK-KC5i2g"
"aurelie.lieber@edu.tbz.ch"|"8qaagZ-sn0OZJ-3NdR7M"
"naelle.balcock@edu.tbz.ch"|"acYtI$-BDE6UB-Q&rP2V"
"camelia.elger@edu.tbz.ch"|"Pe2ccz-7&&X&i-4mM3Q8"
"publicite.oakeshott@edu.tbz.ch"|"Yu0BF0-M1XZgE-FNnmjq"
"cleopatre.fawley@edu.tbz.ch"|"QR1stB-rrKXC4-jUuPzh"
"laurene.bruckmann@edu.tbz.ch"|"CsZKTy-mOuzD&-gFzVz9"
"rui.haughton@edu.tbz.ch"|"VG3BOs-Tqkstl-j%MdT5"
"asa.ladewig@edu.tbz.ch"|"NYgnA&-d%5r1k-tHKlew"
"gisele.janecek@edu.tbz.ch"|"nyzboP-P2kEy8-KJAqUw"
"maily.loveridge@edu.tbz.ch"|"srF7aE-NOdAzM-XmUzgb"
"marie-eve.yurkiewicz@edu.tbz.ch"|"2Nwiv#-Tv2i8g-yKTM9W"
"fei.roder@edu.tbz.ch"|"fkXs2R-n0BINe-P8c7K5"
"edmee.chatburn@edu.tbz.ch"|"9n2fYH-wV2Cmm-YW7oAP"
"geraldine.darke@edu.tbz.ch"|"k9JYdf-Hbg0V6-1mS@zS"
"ye.jira@edu.tbz.ch"|"2lA&Cv-EZWp#d-heX7Ao"
"publicite.persent@edu.tbz.ch"|"zjCTqX-U&6uFC-l@@vG6"
"severine.wilcox@edu.tbz.ch"|"vVcrn8-OV%Oj@-6N93@Y"
"yao.mcclaren@edu.tbz.ch"|"H3v33B-O7w8BB-fqa@t4"
"theresa.foynes@edu.tbz.ch"|"RV$6dk-2DzCto-reHHvv"
"stephanie.isley@edu.tbz.ch"|"ewy7Mk-XMW1U1-74IL7f"
"torbjoern.growy@edu.tbz.ch"|"RSrekD-k9wphv-jcvxcE"
"eloise.tunnadine@edu.tbz.ch"|"0rugk1-UgQqaj-MZd2j9"
"maeline.cossentine@edu.tbz.ch"|"WPMhvP-f@G@@@-RoB4UT"
"nelie.desantos@edu.tbz.ch"|"Km$H7%-tt1z25-m2Nz4V"
"gaetane.axston@edu.tbz.ch"|"WHdPoz-#9kd13-w0FO7$"
"aimee.merman@edu.tbz.ch"|"cg95Gv-VRV6WB-au&FJP"
"oerjan.drivers@edu.tbz.ch"|"KPc17a-7akoU8-kD%iMZ"
"aimee.miroy@edu.tbz.ch"|"eEpdGf-vBD%TX-EG@m0E"
"nelie.glyde@edu.tbz.ch"|"HhOEmv-MqU&qw-AdovL2"
"hakan.kapelhof@edu.tbz.ch"|"IbvzaW-4eWnVd-d6mft4"
"maelyss.cauley@edu.tbz.ch"|"HzRVui-I$YiTE-&xk$SG"
"elea.vaggs@edu.tbz.ch"|"NXw6ko-WBfoYO-FtzpEl"
"maelys.but@edu.tbz.ch"|"6eEU1e-sdBN$q-bWnAow"
"maella.arthurs@edu.tbz.ch"|"0#jn#0-0YkrnI-F98cnd"
"adele.liebrecht@edu.tbz.ch"|"Yn%Lwu-jNAU04-$j5AFN"
"meline.lomasny@edu.tbz.ch"|"NPVbtq-5fqDDO-6lh53O"
"mediamass.schwant@edu.tbz.ch"|"z$PuPC-eC5Sjz-xCDPke"
"leone.saunt@edu.tbz.ch"|"C38bTp-lq8L6j-COsfhG"
"annotes.gouch@edu.tbz.ch"|"jzkrz6-h&9FNi-8ggR3P"
"gaetane.bowich@edu.tbz.ch"|"gKOjpw-kHJKuD-%tYXxe"
"alizee.strelitzki@edu.tbz.ch"|"wDtOON-6Wqcvq-ijxltn"
"leone.poile@edu.tbz.ch"|"LTNknk-XwBJd$-N1c2gl"
"amelie.saban@edu.tbz.ch"|"Fe2#Yj-Wa2tk0-ztGIJC"
"marten.mcmenamin@edu.tbz.ch"|"Lt#Rpc-Lsq7Wy-Cix4RY"
"becassine.keets@edu.tbz.ch"|"F$Lz92-QgMSK9-NWokv$"
"celine.million@edu.tbz.ch"|"ma2kfm-636@C6-MJWWEv"
"geraldine.belitz@edu.tbz.ch"|"PE3H%K-t9Ql2l-XRL0Nx"
"salome.mardling@edu.tbz.ch"|"b$JE4k-CxhRCm-XkSpzL"
"melia.blakemore@edu.tbz.ch"|"v74$FU-zg$HeM-lASwJM"
"dafnee.mcaulay@edu.tbz.ch"|"x&hz08-3VKcXx-%R06i#"
"garcon.dennett@edu.tbz.ch"|"sNAPmW-C8trp$-aPi1Fa"
"interessant.lesor@edu.tbz.ch"|"dA4Z3C-DMgzfX-qHv2&$"
"annotee.wasbrough@edu.tbz.ch"|"@jL03@-&BPguN-ortWM5"
"asa.ibbeson@edu.tbz.ch"|"AJPG5o-@z$CK&-23w3Cj"
"maily.kennealy@edu.tbz.ch"|"uFo05i-nJgvcy-OWrPBP"
"ye.seares@edu.tbz.ch"|"8mXk&d-Uqz20L-gbmtur"
"athena.harbron@edu.tbz.ch"|"LLJwNS-JitUF&-F6tKQ9"
"andreanne.portail@edu.tbz.ch"|"681P6Y-OOMa2W-FlEedi"
"goeran.zannelli@edu.tbz.ch"|"z0@mtz-CZ$oaW-%cSPnD"
"gerald.leathlay@edu.tbz.ch"|"Livw79-Krp0zI-6P7ukB"
"andreanne.chown@edu.tbz.ch"|"XNhIgm-BmR5LS-YO5cwF"
"esteve.clementel@edu.tbz.ch"|"h7SKKj-MlkjKf-qxQ6Y1"
"leone.legan@edu.tbz.ch"|"XABPF7-%nQl5H-rinz0W"
"maena.pownall@edu.tbz.ch"|"zpYcir-3P1c22-dz&2iG"
"andree.rettie@edu.tbz.ch"|"mJ94Ub-xt6iBj-JH0&A2"
"ines.kenwrick@edu.tbz.ch"|"bLwnGL-W%IGIC-kAn5zI"
"marie-helene.yarnall@edu.tbz.ch"|"7mLMq$-UYohTr-3wt7a7"
"po.martin@edu.tbz.ch"|"#&UI7D-Q@e&Fw-I%$C5Q"
"ruo.celiz@edu.tbz.ch"|"erpLaZ-1Sa0g5-8Hr6pH"
"po.bissett@edu.tbz.ch"|"JecVcq-FcsS&o-Ahq06d"
"du.swindon@edu.tbz.ch"|"Bb@S4W-6p&adw-Pi#Lkn"
"interessant.gouldthorp@edu.tbz.ch"|"KdFv@Y-WNz7%X-Gqu#mo"
"leandre.lilburn@edu.tbz.ch"|"NLW@Tj-9Pd0QP-8FDQij"
"bjoern.whales@edu.tbz.ch"|"jTxIej-gLPWz9-uB8t4w"
"interessant.dieton@edu.tbz.ch"|"UqD$1e-1KoqSi-Uc6S7n"
"celestine.redhills@edu.tbz.ch"|"XPTE9W-cctq0g-MSzr5X"
"tan.yakovlev@edu.tbz.ch"|"bijnji-akp%2&-AtHxwv"
"regine.mcdowell@edu.tbz.ch"|"QUtch#-xUptJh-R4t4dt"
"ju.coysh@edu.tbz.ch"|"Bl1OhR-dzp4pr-@znrUA"
"reserves.ofallon@edu.tbz.ch"|"$QGw2G-NK2Z5S-@m0&hq"
"frederique.sobey@edu.tbz.ch"|"yVp1YT-2Nz4LZ-bXGAMz"
"marie-eve.garstang@edu.tbz.ch"|"$k@JhR-Vf$t5H-2wM3YF"
"andre.tapin@edu.tbz.ch"|"L&OEIs-56xx5%-oHQ9l$"
"esbjoern.eynon@edu.tbz.ch"|"Hie#u@-vqe1fs-Mcga@B"
"maella.duffy@edu.tbz.ch"|"VvYFQn-JVXzq7-Xf8vJx"
"leandre.twinning@edu.tbz.ch"|"B3nQ6h-weiSlN-1hD$II"
"mai.whittingham@edu.tbz.ch"|"LAn1fS-Mq7hdv-ULVuDn"
"rachele.shevelin@edu.tbz.ch"|"&sHOem-s2U6iq-5VQEpt"
"cecile.mcure@edu.tbz.ch"|"6l7OW%-Kh0dby-6IaLHV"
"marie-eve.yurkevich@edu.tbz.ch"|"ruL7Zb-2J94kO-Y#vmLO"
"almerinda.paice@edu.tbz.ch"|"L2DBmt-GljuMc-kJVvQy"
"rao.howkins@edu.tbz.ch"|"rGKuKQ-8m6K@c-$2tw&N"
"serena.pack@edu.tbz.ch"|"l&gPqF-fpRdk8-7iGRvc"
"rebecca.mant@edu.tbz.ch"|"GblAVb-6xYi3p-xjFfBW"
"reserves.spitell@edu.tbz.ch"|"W27b1W-2zUuYO-tSTqGu"
"garcon.hamfleet@edu.tbz.ch"|"0GazRY-XLWNu0-Cm$J$Z"
"methode.kerkham@edu.tbz.ch"|"SerOS3-MShCrX-zaqqdN"
"pelagie.camies@edu.tbz.ch"|"kOHWG3-6oVapd-2V3LyO"
"josephine.macpharlain@edu.tbz.ch"|"q5kt22-TtCeFd-NQu#Si"
"eugenie.mathet@edu.tbz.ch"|"uaJFbK-udMtCj-VkY0EW"
"gaetane.brangan@edu.tbz.ch"|"Mrm9CY-OYwNtz-n#kc79"
"michele.dewbury@edu.tbz.ch"|"cgzRox-fXGeSj-g452A1"
"eugenie.elcott@edu.tbz.ch"|"9USYsz-OmczD0-@C9Dar"
"megane.harniman@edu.tbz.ch"|"GMZ%RE-hnkYXI-naTjS@"
"agnes.cluney@edu.tbz.ch"|"U9w0vW-Bwi&ma-V#FSTt"
"marie-helene.angear@edu.tbz.ch"|"xoaSJL-flLDV1-WXGpc5"
"melia.dolphin@edu.tbz.ch"|"1B8twe-q6PHpF-T2M$Z&"
"lois.ruseworth@edu.tbz.ch"|"bDAXlF-4dFOjX-3Dr&yx"
"mailys.ryding@edu.tbz.ch"|"5zrag9-xi#W&O-QGjxlA"
"rachele.wulfinger@edu.tbz.ch"|"5p2Zfq-wpvgfS-o&aDi3"
"gwenaelle.talton@edu.tbz.ch"|"hsyeKZ-#hVhkx-KkhCNy"
"long.ronchetti@edu.tbz.ch"|"xfdYD5-FkHpCY-bK%TGX"
"styrbjoern.kloska@edu.tbz.ch"|"0Sj@gi-SbfdpC-%#$Jyv"
"len.sudran@edu.tbz.ch"|"SK3AgC-n#PcHO-ZtgxBE"
"maelle.andrysek@edu.tbz.ch"|"dPi0zm-YK1okV-hUToik"
"selene.senior@edu.tbz.ch"|"YU$eun-TyK6vu-RB56qE"
"anais.joskovitch@edu.tbz.ch"|"aDmObN-OAo8Qi-Mt9H2w"
"marie-noel.dally@edu.tbz.ch"|"NXCdQj-Gw333$-hBBygq"
"marie-helene.laurence@edu.tbz.ch"|"BcmykN-NdEHY4-ydPv5@"
"camelia.foxon@edu.tbz.ch"|"v#LerR-&9XCuO-V50x%R"
"helene.cankett@edu.tbz.ch"|"cB7Sal-vBauJ@-$yhSwI"
"marten.mitchelson@edu.tbz.ch"|"T4#J%#-jMHyuW-bMwggO"
"helena.stirtle@edu.tbz.ch"|"8lQ1Z0-NWTgf#-WVTBLm"
"leane.barmby@edu.tbz.ch"|"k##KfK-R240r0-PYRhQM"
"goeran.ofinan@edu.tbz.ch"|"znpr2Y-PoU@CK-h%FHQw"
"styrbjoern.proby@edu.tbz.ch"|"85lGe&-6lePTB-9Z4G%y"
"zoe.halse@edu.tbz.ch"|"YXMi5s-WdItj@-cjq7pc"
"kui.drable@edu.tbz.ch"|"LhxJO0-M8P8Mg-nUcae7"
"desiree.bamford@edu.tbz.ch"|"2vE%sj-iHRemG-$$#N$N"
"zoe.suller@edu.tbz.ch"|"#ez8bX-1V9MT@-#@3vYL"
"marylene.audiss@edu.tbz.ch"|"#tK3Oi-ZBHfmh-Q408cH"
"adelaide.poznanski@edu.tbz.ch"|"u0We83-GVBt%2-RW%y#x"
"maella.coleyshaw@edu.tbz.ch"|"0E7miE-3wF5&U-tngxXS"
"marie-francoise.gelder@edu.tbz.ch"|"@r40%y-ej1EYI-8X&F1%"
"eleonore.chaffyn@edu.tbz.ch"|"Mx&WCK-Oup6xU-hMZ%Oy"
"celestine.sikorsky@edu.tbz.ch"|"mK@aFs-ig7PV@-G1Ljpb"
"stevina.londsdale@edu.tbz.ch"|"mKq19&-dERgpC-9HI%lF"
"maiwenn.nevitt@edu.tbz.ch"|"DD85mJ-Hu#hoo-dEIUYg"
"magdalene.gerrey@edu.tbz.ch"|"zWgZ7H-7HUMJV-w46k3F"
"becassine.latimer@edu.tbz.ch"|"DzFtg#-pkH5p3-EFO5F7"
"da.lethibridge@edu.tbz.ch"|"qsYvK&-Ko3ANJ-vGi7BX"
"mailys.claige@edu.tbz.ch"|"9WQpfL-#%AdQe-vLBVWG"
"maena.torbard@edu.tbz.ch"|"9sUp63-qHdvDH-jW8v4j"
"solene.lyvon@edu.tbz.ch"|"Lt8dhs-9Lnh@d-T54J#g"
"marie-therese.benbrick@edu.tbz.ch"|"7RGtL$-DnIEQP-eK&oOA"
"gerald.edmonson@edu.tbz.ch"|"wJG&Fz-imL4JJ-el@Jdd"
"ake.messruther@edu.tbz.ch"|"zvdpOE-Ladrrc-CjiYtD"
"men.gosneye@edu.tbz.ch"|"yiZZRq-NowxvT-DjtzOC"
"anais.jefferys@edu.tbz.ch"|"zxnuX4-UsDWLI-TnxZI@"
"publicite.tregale@edu.tbz.ch"|"NcAU&&-%yh6w4-oxF2CA"
"maily.santorini@edu.tbz.ch"|"TJZ0u&-hSX&QC-LT#gMC"
"ines.pioch@edu.tbz.ch"|"pyQ6Uj-m5RaFu-uS8$X0"
"noemie.marklew@edu.tbz.ch"|"CJ4THm-pMo0GQ-m8V7Jq"
"meghane.maccaffrey@edu.tbz.ch"|"Drqk#p-qCoe4r-Rhci%J"
"berangere.ambrogio@edu.tbz.ch"|"laXLC@-6g&4ru-7V@cY&"
"mediamass.ryce@edu.tbz.ch"|"DP$b%k-HVsIKh-04s7eb"
"oesten.ubank@edu.tbz.ch"|"zAX38Z-6eIUls-72eNaZ"
"melina.mackee@edu.tbz.ch"|"QXBB@3-jrN@&e-EiUri9"
"theresa.livezey@edu.tbz.ch"|"RBfQ7p-p0Nrbg-1#jFCo"
"clemence.weal@edu.tbz.ch"|"%F4bja-X#D#4y-cW6phf"
"faites.overton@edu.tbz.ch"|"8#x8zJ-CJr%yG-5bhe%w"
"clea.lindblad@edu.tbz.ch"|"XI7gmH-1HrleC-W3dZ5F"
"josephine.roseaman@edu.tbz.ch"|"PeQkFA-goRnOf-Qjg2BM"
"oesten.lowbridge@edu.tbz.ch"|"Wu0vR7-vFGLlT-aw4UBd"
"marie-josee.brion@edu.tbz.ch"|"ZYx6$J-U@NIZN-GeYgbf"
"therese.basili@edu.tbz.ch"|"YxY&A9-xkB%sL-hG7hFb"
"melia.vertigan@edu.tbz.ch"|"jh0#xR-boaDpg-xIs5Ko"
"judicael.saull@edu.tbz.ch"|"7efX$%-A%qI$Z-fvsaGz"
"selene.valentine@edu.tbz.ch"|"YVKsQi-Vyt4J4-7Zvl3k"
"verane.dunlap@edu.tbz.ch"|"pxbNns-Mvg%RS-wi99MJ"
"meline.kinnear@edu.tbz.ch"|"C$wu&Y-GdQxGP-C$LcO#"
"lei.luttgert@edu.tbz.ch"|"N7TZkP-jtBej5-PwzI#l"
"styrbjoern.lathleiffure@edu.tbz.ch"|"JZX9TH-I7#23O-E0S$KA"
"marlene.blasi@edu.tbz.ch"|"dF&m8D-Ma1q91-1%Om&G"
"mai.begwell@edu.tbz.ch"|"81&aaE-Pl%Y@J-JDrvW%"
"gwenaelle.kaines@edu.tbz.ch"|"E3cFR$-tDP2cW-xhPNny"
"gerald.adamthwaite@edu.tbz.ch"|"FA%eKw-VLAbj0-jcUtWN"
"kui.hartfield@edu.tbz.ch"|"qxBJxV-#&3ipp-xMnrIF"
"salome.currao@edu.tbz.ch"|"yjs%ek-HRwBto-FfZD%O"
"angelique.tixier@edu.tbz.ch"|"pErizv-0f3uIx-BTxQiI"
"ju.mcgragh@edu.tbz.ch"|"zZYMcH-ffxbIV-mR8H5t"
"dafnee.beachem@edu.tbz.ch"|"FpKQIg-jSPpg8-fS1Lt&"
"creez.terlinden@edu.tbz.ch"|"lzCuU$-h9tFK6-NDsDUF"
"uo.mcskeagan@edu.tbz.ch"|"N1Tds%-r0JtR6-h6fUuX"
"edmee.mccaughren@edu.tbz.ch"|"Y5YwRm-GWlIw4-0aDBnf"
"asloeg.cozby@edu.tbz.ch"|"feUVep-1bP0ww-n&evuP"
"melodie.traite@edu.tbz.ch"|"rtbKJ0-#DP5Zb-6B6@hK"
"dorothee.aindriu@edu.tbz.ch"|"8GH4&n-5q#Qk1-LFoq7L"
"daniele.doley@edu.tbz.ch"|"dGmsuj-iwCU6R-JjOWFv"
"mediamass.fairclough@edu.tbz.ch"|"V8y0Z#-57tUDl-zz2@wF"
"lorene.rainforth@edu.tbz.ch"|"HEMTJ5-$Gu$2l-IV$0##"
"leonore.eyer@edu.tbz.ch"|"DbSonp-e$JL&s-QDejen"
"po.spillman@edu.tbz.ch"|"4j5k6H-WBhaik-EwD55W"
"cecilia.plitz@edu.tbz.ch"|"GtMq7T-QiI48r-u6AMVX"
"lorene.ludlow@edu.tbz.ch"|"x7xdIe-SvALRW-NR@#$k"
"berangere.neligan@edu.tbz.ch"|"u&IonR-rbeJvQ-F6l%ur"
"simplifies.huggan@edu.tbz.ch"|"LWvOb5-XRLELT-qADw#5"
"clelia.prandy@edu.tbz.ch"|"YxMkab-tYjt@D-IjDp&j"
"ake.osban@edu.tbz.ch"|"#Gegh1-LJMZ$s-j$M8EE"
"cunegonde.brunn@edu.tbz.ch"|"i$wn9b-etALGk-Lr%eti"
"long.grizard@edu.tbz.ch"|"PGZb0A-tWbQ4h-79MI2c"
"meghane.diss@edu.tbz.ch"|"Gx6E4d-CjA187-wNVr%%"
"therese.oldman@edu.tbz.ch"|"xjthJj-AgJA6H-FByBRB"
"boerje.scamerdine@edu.tbz.ch"|"FCCUQN-iaTFpj-G4TlY4"
"du.saban@edu.tbz.ch"|"&5yAJx-Zlsp22-DHRIYf"
"hakan.clynmans@edu.tbz.ch"|"z@RFb6-kzhCv5-hqoCP2"
"wa.macdowal@edu.tbz.ch"|"LHZy@J-jPv@wD-mD8VeS"
"venus.hatrey@edu.tbz.ch"|"Rd7ngR-ln8y27-9jA@Vq"
"anaelle.vispo@edu.tbz.ch"|"fDhmY2-L7fM0q-H9BooI"
"mahelie.ollcott@edu.tbz.ch"|"HaF8C2-&BXrsP-t9cWp#"
"mediamass.whyman@edu.tbz.ch"|"w3nvos-yExecN-ubkYIH"
"esbjoern.basson@edu.tbz.ch"|"Saz9pv-xSRROE-An66xO"
"andrea.morrill@edu.tbz.ch"|"3ISamO-%5vgQy-vRb3X6"
"melys.grassi@edu.tbz.ch"|"w5X9vd-zB&p45-NTGj#1"
"leone.poleye@edu.tbz.ch"|"43vSi@-D#GjLa-CTIBMj"
"francoise.penny@edu.tbz.ch"|"Kz1gj2-I05JLX-oxHBuP"
"rebecca.edney@edu.tbz.ch"|"Nndp%B-yXxvlF-8TUpS5"
"adelaide.murtagh@edu.tbz.ch"|"C7w0J9-h%UC3&-u7Roz6"
"stevina.winterbourne@edu.tbz.ch"|"p9fwhX-D8&gke-OBhX#L"
"ma.cottom@edu.tbz.ch"|"L4bK0#-zgt&zX-UwcgtK"
"tan.harold@edu.tbz.ch"|"2B1@rJ-sucGX5-ejoZOH"
"venus.forte@edu.tbz.ch"|"@$TM2y-1tXcXO-p4OTJP"
"almerinda.oluney@edu.tbz.ch"|"aMwXMS-zuy9RU-@PC1zB"
"cleopatre.brehault@edu.tbz.ch"|"b@s5iT-W9vsqO-CTKyj6"
"interessant.lapides@edu.tbz.ch"|"6pHcmm-VtIL$C-H&KBm%"
"reserves.hallatt@edu.tbz.ch"|"CTFF1u-2rak%@-D8GXQ1"
"annotes.birdwhistle@edu.tbz.ch"|"RDp2jF-7xQa#L-JcEg&U"
"ai.dredge@edu.tbz.ch"|"lBmsZM-UBsWnw-Vux7gH"
"megane.mussard@edu.tbz.ch"|"eD#&gs-7S34nQ-KD4g30"
"esbjoern.gowrich@edu.tbz.ch"|"xXokn7-h47urw-REM#C7"
"boerje.brislawn@edu.tbz.ch"|"TDydT9-@XRqod-J9dYir"
"becassine.wilce@edu.tbz.ch"|"SyDc%l-$o0r42-BBKNQS"
"personnalisee.oels@edu.tbz.ch"|"&ZV$%U-ws8Hat-VGBg%k"
"verane.pett@edu.tbz.ch"|"trHkRb-ITA$#K-ewmfLG"
"marylene.glewe@edu.tbz.ch"|"S4XUOH-FthVg6-1D5a&s"
"lai.elson@edu.tbz.ch"|"#J6zQP-5$c#JC-BeZ2DK"
"serena.difranceschi@edu.tbz.ch"|"fjjn#r-WAb%Ms-joJDwm"
"lie.espinel@edu.tbz.ch"|"HpOMf5-rzh6we-H#NToL"
"marylene.fantini@edu.tbz.ch"|"nyTThI-uA61oQ-%RdAAe"
"andre.archdeckne@edu.tbz.ch"|"P1#jou-XH2en1-Ry2wU7"
"goeran.bohlingolsen@edu.tbz.ch"|"deI2WV-Lj5jMg-gcDTy3"
"cunegonde.heffer@edu.tbz.ch"|"Zn26UR-JH2p2a-UZUZcu"
"tan.fechnie@edu.tbz.ch"|"f07Xgq-HB7MF#-i5bVV#"
"marie-noel.brammar@edu.tbz.ch"|"#iJL#z-Ti2j4V-qVeRL@"
"simplifies.aven@edu.tbz.ch"|"Sdq6dF-Ij&mwD-S00FXu"
"melys.pinchen@edu.tbz.ch"|"USSLt@-%Pb5x5-KG3iJS"
"edmee.joyner@edu.tbz.ch"|"xbvmT&-cO2X7$-IYrjmI"
"berengere.edess@edu.tbz.ch"|"6j9yBw-k6s6Tf-GPfKME"
"marie-noel.goward@edu.tbz.ch"|"bTwA79-oR4bVG-32a24%"
"ju.edmons@edu.tbz.ch"|"ETJ6Bo-PnPMvr-H1Gt%7"
"frederique.airds@edu.tbz.ch"|"ahZSx2-gFfPox-mBGl$3"
"reserves.dauby@edu.tbz.ch"|"V7&VA%-d3cdLH-F&a7@e"
"hakan.gynni@edu.tbz.ch"|"i0rV5C-zi5dP6-1ZdJnf"
"leonore.pinwill@edu.tbz.ch"|"SrnIGh-4TSTvN-Opwf&I"
"marie-eve.mcallan@edu.tbz.ch"|"dchKU9-QWpzOr-3KNLE0"
"naelle.yeabsley@edu.tbz.ch"|"53fp&u-Ys6Fz$-$3w$NH"
"nelie.jacobovitz@edu.tbz.ch"|"4@$cuB-otgosr-U%yYdy"
"adele.conelly@edu.tbz.ch"|"evAo3g-E506g8-BOPuMN"
"clementine.dondon@edu.tbz.ch"|"WQM14N-rp#wbH-y3gwa@"
"zhi.willcot@edu.tbz.ch"|"HSO#jS-pVRzre-v@F10v"
"chloe.janicki@edu.tbz.ch"|"HkRQNb-c7cp9b-FwPe7z"
"meng.linde@edu.tbz.ch"|"yX07Jb-VyJB58-TZ$69v"
"celine.janisson@edu.tbz.ch"|"Vp95In-TINN#R-VxA#4D"
"clelia.crow@edu.tbz.ch"|"5er$w4-toZ8Kt-rq3aGb"
"cecile.pyott@edu.tbz.ch"|"bvF1mo-470dT5-D&P@qA"
"ma.fidelus@edu.tbz.ch"|"gt$lLJ-lBzLv5-CMo&Ac"
"marie-helene.poore@edu.tbz.ch"|"fCWidE-ZuPZ8#-B&VXX2"
"elies.blanket@edu.tbz.ch"|"&9iqGr-NPDkwA-kzMuen"
"yu.boyer@edu.tbz.ch"|"EdpMTH-z3yLBO-TvPsRP"
"celia.welds@edu.tbz.ch"|"e#jYhM-DrcOTr-hRLKtc"
"du.gunney@edu.tbz.ch"|"BXrF@X-Hp5WyJ-KHnt4g"
"goerel.crush@edu.tbz.ch"|"CDZt3E-iA7KyG-6QAeVk"
"marie-josee.brosius@edu.tbz.ch"|"StwpkX-$owApu-aPnl1Q"
"camelia.adds@edu.tbz.ch"|"JOPGDP-67&XYv-3wVQno"
"anae.irwin@edu.tbz.ch"|"AmzFxR-AQ63Ly-k5%FOC"
"cleopatre.skeffington@edu.tbz.ch"|"szmRvB-N5#B&j-R9jmt3"
"gerald.suggate@edu.tbz.ch"|"$um98u-H9U98&-KbkwDC"
"laurene.tailour@edu.tbz.ch"|"r#sYFh-7b5uMh-iPRWJH"
"amelie.hoble@edu.tbz.ch"|"f3Wz7w-8OxPWP-7wswjI"
"venus.getch@edu.tbz.ch"|"VRE5kU-Ub%vFE-o&Y8vT"
"renee.treby@edu.tbz.ch"|"MmKNmT-JvdkvW-DhK8oX"
"almerinda.stait@edu.tbz.ch"|"pWT7PA-RqMxlb-tTMqgm"
"andree.reddecliffe@edu.tbz.ch"|"ctYyIf-aGFpUC-UbprFc"
"leone.wintle@edu.tbz.ch"|"@%E@NQ-P&yaGZ-sibpFU"
"gerald.fellow@edu.tbz.ch"|"84p@#E-nXUT%R-sZQPRs"
"ju.gudger@edu.tbz.ch"|"3pSsmp-8QkwkC-YAlieB"
"meng.ohaire@edu.tbz.ch"|"#@MNcD-ji%Oht-l5HONz"
"cleopatre.missington@edu.tbz.ch"|"2%WCtx-ra$3HP-5Pc9wI"
"annotes.debruyn@edu.tbz.ch"|"r7jcfe-CgYmBK-c9qf8N"
"gerald.sinisbury@edu.tbz.ch"|"kNIOt$-SN6Z#A-z1INoJ"
"creez.slora@edu.tbz.ch"|"EY6@yj-TwpI7O-sAQVIn"
"gisele.benbow@edu.tbz.ch"|"x6nY8y-icPGCI-MZE0WL"
"pal.dossit@edu.tbz.ch"|"Q7Fs3r-p&URnl-T4My8O"
"nelie.stirrip@edu.tbz.ch"|"LvA$qa-4NW3pm-1IdFHu"
"alois.ocrigane@edu.tbz.ch"|"SD#g7U-gWynFR-uy2ZHn"
"kui.mcterry@edu.tbz.ch"|"Hi7fam-auUd5L-T9A&9d"
"long.willgoss@edu.tbz.ch"|"eVN@BR-KPHCns-KqAM0a"
"francoise.sumpner@edu.tbz.ch"|"pnEmGG-07y0MA-y7EAwM"
"maely.grinstead@edu.tbz.ch"|"fs0JIX-VxUfok-f5Ohcv"
"creez.langeren@edu.tbz.ch"|"jNqYrO-IOuANv-&DWWhI"
"adele.dungate@edu.tbz.ch"|"zMTy15-dHVYu7-zqsxZx"
"cleopatre.noirel@edu.tbz.ch"|"#Af7GI-sSSWk3-Ou2%sA"
"interessant.daverin@edu.tbz.ch"|"AKT3Ei-9Rh9C%-0wACjl"
"naeva.kalderon@edu.tbz.ch"|"mnNY60-NspJff-Ew1B7h"
"anais.oshesnan@edu.tbz.ch"|"aQ&L3q-ezkcZy-ZKmXd4"
"judicael.anelay@edu.tbz.ch"|"@XJYC5-HkgqrK-VeRXuP"
"eloise.braxton@edu.tbz.ch"|"8oyxv&-Vvy@mg-3I8ijy"
"desiree.greguol@edu.tbz.ch"|"WYvQ4O-yD9&V0-TxJU7N"
"maite.mcclenaghan@edu.tbz.ch"|"bFgh4c-93msa$-3jj2k7"
"meng.doret@edu.tbz.ch"|"ejsrQh-Hl9@u2-agToDa"
"frederique.chippendale@edu.tbz.ch"|"1y5hj3-mWEDHw-JsHVmc"
"andreanne.lanney@edu.tbz.ch"|"dTCzms-rewu8t-1uM26C"
"aurelie.claus@edu.tbz.ch"|"PDMVLJ-LqF@x%-DmpzUD"
"renee.pabel@edu.tbz.ch"|"AR8FOp-IpGtmY-d4zJB1"
"maena.roust@edu.tbz.ch"|"E%jPqG-iHR4Tj-I@IcF#"
"nadege.carwithim@edu.tbz.ch"|"#in7cq-fRtWPO-AHPpKy"
"solene.geyton@edu.tbz.ch"|"#J$xw%-0apZS0-gp9jXS"
"dafnee.avraham@edu.tbz.ch"|"3oMh%v-RoxckM-U1OqlB"
"leane.woolvin@edu.tbz.ch"|"byFPXY-cBuEGf-5#B9s3"
"adele.macadie@edu.tbz.ch"|"Y&5tMQ-cU4%OO-Ao2NX0"
"meline.rubica@edu.tbz.ch"|"FgZOs5-L1VZRY-h&Xgb0"
"marie-noel.speeding@edu.tbz.ch"|"s664pN-%J8gvP-ZwTsiy"
"nelie.mix@edu.tbz.ch"|"Rz5jii-B&Zpug-Y1bO13"
"clea.ollett@edu.tbz.ch"|"6kY$IR-FIdv99-5XV7B%"
"leandre.mcgavin@edu.tbz.ch"|"UZT#E@-sams3p-dKV$0#"
"cecile.behne@edu.tbz.ch"|"faD2%R-Xey6LF-$#&xwN"
"melanie.polle@edu.tbz.ch"|"OIjsuR-EFCc1%-u0qgb5"
"marie-josee.titmuss@edu.tbz.ch"|"uVYZeh-Sx1XSu-Phd8M9"
"helena.guest@edu.tbz.ch"|"AHM@kz-J7xwyy-a%b$8O"
"annotes.chicchetto@edu.tbz.ch"|"kDltHp-3#pPDo-oYxiAl"
"melia.tubb@edu.tbz.ch"|"0@WVta-N5pQUW-$eA$Q4"
"angelique.casetti@edu.tbz.ch"|"1KF3g%-gQxxaK-ysOGbE"
"cunegonde.cleall@edu.tbz.ch"|"0UOh1Z-Ebx#T$-XA#Iwe"
"camelia.oaker@edu.tbz.ch"|"MIF5Bu-fbX%A1-Q43ULq"
"you.searight@edu.tbz.ch"|"XG551U-RVOFya-PAeY@L"
"kevina.dederick@edu.tbz.ch"|"AjSxFT-m3yPMD-rko1bU"
"milena.jeffrey@edu.tbz.ch"|"CzXbJJ-Q#otBu-LsM46m"
"melodie.barkshire@edu.tbz.ch"|"G1$aT%-IoyQS5-YDJMP2"
"gaelle.kreutzer@edu.tbz.ch"|"RrOr8v-PLbr#@-WhJ9b5"
"kalliste.kleinpeltz@edu.tbz.ch"|"N$fRlj-@@tw9s-3fmPEC"
"clementine.danat@edu.tbz.ch"|"UfK0uV-WJxhN$-jsscfd"
"andrea.wabb@edu.tbz.ch"|"JoMlMf-1VoMkz-A8kBkk"
"geraldine.piesold@edu.tbz.ch"|"PHom7f-rKk7vH-csCD0N"
"tan.fiveash@edu.tbz.ch"|"bXlHuO-6QQqi$-dXXRbg"
"meline.yuranovev@edu.tbz.ch"|"6x%c#K-hRAv9O-pCG%vO"
"therese.holme@edu.tbz.ch"|"SXFq4l-091i5y-O7@JeA"
"salome.vaney@edu.tbz.ch"|"gZa6Jz-%vmmBp-KbxWxQ"
"anae.abramson@edu.tbz.ch"|"0RHzhp-BfjLt6-CYlk8P"
"kalliste.jimson@edu.tbz.ch"|"4tdiqP-r%Ue3v-nji$fo"
"selene.yole@edu.tbz.ch"|"G5q2Fn-Hv2hdG-$5g0yK"
"agnes.defraine@edu.tbz.ch"|"Mob&Tn-XeMU7G-dQ&WaF"
"faites.mccluin@edu.tbz.ch"|"K76HgK-mQXpjL-jV2MFP"
"athena.deme@edu.tbz.ch"|"p1F1N@-gRrjMY-ZyApr2"
"daphnee.brigstock@edu.tbz.ch"|"E3nRJc-wP2kCo-AGPkNS"
"goesta.skaif@edu.tbz.ch"|"mmhwSC-C0suaU-54jf@e"
"oceane.jagoe@edu.tbz.ch"|"6ngsFh-ed9H83-MeNiZU"
"annotes.broomhall@edu.tbz.ch"|"4Ot8RW-65uXEb-rGXz04"
"marie-eve.ballendine@edu.tbz.ch"|"XMkXvn-MS1jdK-h@HnuO"
"melina.spykings@edu.tbz.ch"|"kuq1DK-x3tVDP-zROtS4"
"laurene.ticehurst@edu.tbz.ch"|"@BjWkw-TfC33C-4x$ZET"
"fei.avramovic@edu.tbz.ch"|"t$DcTA-a%&%Zg-3DgmQs"
"publicite.strathearn@edu.tbz.ch"|"F4WpLI-vpaSxR-R3Qila"
"torbjoern.garrow@edu.tbz.ch"|"NMbIMf-eVpSUl-&KgBNJ"
"chloe.rubinsztein@edu.tbz.ch"|"fFYKUp-8@nIE0-5c7yCX"
"mylene.demanche@edu.tbz.ch"|"QARdMK-iImvK5-3vBjgD"
"mediamass.godlonton@edu.tbz.ch"|"P2kKmU-iA%vbS-78dDIo"
"renee.shurrocks@edu.tbz.ch"|"9RjHNI-vsRAsl-zQVa9@"
"maiwenn.jedras@edu.tbz.ch"|"XVw1Yr-&xKI6Q-TrHscx"
"genevieve.castells@edu.tbz.ch"|"PaMBQ1-7Rj#iM-Zf3N4a"
"renee.sneden@edu.tbz.ch"|"ksD4Ig-uiW@w9-ABGMvB"
"lai.mccallion@edu.tbz.ch"|"d%NCrg-lnCn5i-3qe&vb"
"kevina.impleton@edu.tbz.ch"|"onfjMA-4L1Rc6-qEjw67"
"oesten.fresson@edu.tbz.ch"|"1Ytn75-gj$0QV-9WfYXp"
"verane.shawley@edu.tbz.ch"|"HGxdb8-sMKEfw-H0be4m"
"uo.sjostrom@edu.tbz.ch"|"Gec&3C-vA2m5X-Qw2rL@"
"gisele.gothup@edu.tbz.ch"|"PwPaTP-3qpF3A-e@c1om"
"renee.beauman@edu.tbz.ch"|"YgDhC5-FBcF6M-qOfAvG"
"elies.loton@edu.tbz.ch"|"v2yetr-Sg2c9o-#aRjfe"
"valerie.elsmore@edu.tbz.ch"|"BSAxu1-#@WG5n-XnLg2J"
"berangere.delafeld@edu.tbz.ch"|"bM1Pke-Gu&Rlh-dUy4sB"
"bjoern.schimke@edu.tbz.ch"|"Dbjhou-rsqXjF-@V3X3V"
"loic.ericssen@edu.tbz.ch"|"wuipQ3-yJT5gz-xDebi%"
"creez.richarz@edu.tbz.ch"|"eHjlij-x6HAUO-H01Heb"
"athena.grocott@edu.tbz.ch"|"iXw@Vt-0IXG2j-8OD4lX"
"naelle.piotr@edu.tbz.ch"|"FLY4rl-QnXX13-fmlKEs"
"maella.paulson@edu.tbz.ch"|"hI2U6d-EE1Ld5-i8ai0b"
"song.perot@edu.tbz.ch"|"i0FcIz-tGK4AK-%g2tD4"
"kalliste.heckney@edu.tbz.ch"|"bOHaFa-C&shCz-53nIYT"
"ake.vasyutkin@edu.tbz.ch"|"N7e6#t-E5TTE9-zJ4&0d"
"ma.castles@edu.tbz.ch"|"0rIRRx-bIvyjI-cVFabZ"
"maely.monget@edu.tbz.ch"|"lzFzmF-cpYPr0-kfYlOA"
"tang.durbridge@edu.tbz.ch"|"4y16fM-W4$NTg-3gEt$b"
"laurene.andrew@edu.tbz.ch"|"LDP8RO-gbrAnh-&l$qn4"
"lysea.beacon@edu.tbz.ch"|"$bj6IU-Mu5Uyw-Gmxoss"
"leandre.peyntue@edu.tbz.ch"|"0eweRn-jnrg4Z-%zKTSu"
"rao.trever@edu.tbz.ch"|"QSBNNu-@r6%VE-3aEE#b"
"mahelie.streader@edu.tbz.ch"|"br&$ok-dd87wQ-ZrgAPN"
"maerta.andrejevic@edu.tbz.ch"|"#9oRQO-t$Xfqv-ta0x7G"
"goesta.tompkins@edu.tbz.ch"|"Orm68s-&ivn#l-ZzVqkm"
"helena.agates@edu.tbz.ch"|"TvUIB1-0emG@G-5b5xp1"
"therese.glass@edu.tbz.ch"|"jSUndl-r#RR&K-fE2ZTi"
"alois.foan@edu.tbz.ch"|"FyaNIG-utyzw3-E8r$UL"
"becassine.melchior@edu.tbz.ch"|"MyfXMt-FuM&Pd-O#KFRy"
"cloe.robart@edu.tbz.ch"|"plPYF3-JwyNQM-Kd4VhC"
"daniele.puckinghorne@edu.tbz.ch"|"9b36H8-YSzs6E-jUDSLU"
"selene.cammidge@edu.tbz.ch"|"s3peTr-RyfQa$-B8XSv1"
"regine.conochie@edu.tbz.ch"|"JAOLcQ-2%29d1-0ayIyA"
"interessant.tuiller@edu.tbz.ch"|"wKmtVZ-j5kTBw-JTdz52"
"long.tiebe@edu.tbz.ch"|"BrrDO3-ihxzB%-H42CLC"
"mans.yele@edu.tbz.ch"|"qeb9nb-w9XWHt-DPk#Wi"
"ai.giles@edu.tbz.ch"|"KrAw6f-MM9Iqw-d0nMo1"
"gaetane.hamberston@edu.tbz.ch"|"6AOb@Z-a&9Cqk-NPlqty"
"marylene.fenix@edu.tbz.ch"|"6Dg%H&-KuGEYx-qAE$P2"
"geraldine.graeme@edu.tbz.ch"|"qNf377-7CXdL@-arHcax"
"tang.kinglake@edu.tbz.ch"|"URxmww-BRfTs8-e6zleb"
"lai.challoner@edu.tbz.ch"|"Za8DQo-RHs%Vy-FyLXs9"
"desiree.mattei@edu.tbz.ch"|"QZwwmW-XhJA2N-adQa7G"
"ake.erley@edu.tbz.ch"|"p9z$%D-gf8up2-Chqyb3"
"edmee.cavil@edu.tbz.ch"|"vz41Pk-2LU0kt-TlqLv1"
"alois.moyes@edu.tbz.ch"|"j3eeBZ-E3iBvz-Emy&T2"
"becassine.pitman@edu.tbz.ch"|"2NyCEX-#5vBZ7-5N2sSC"
"ai.giacovelli@edu.tbz.ch"|"rWONAy-GOrDxx-ys%9&z"
"judicael.fruchter@edu.tbz.ch"|"p9aU&o-fv5FkW-9GD09V"
"mans.mogg@edu.tbz.ch"|"bHqc&K-Cb01O4-oOZqpT"
"gerald.foyle@edu.tbz.ch"|"SIjaQ3-kRdvvy-9ZTdsZ"
"wa.androletti@edu.tbz.ch"|"WzXDaY-V17GgP-5fAoo2"
"meng.ollett@edu.tbz.ch"|"JknKrQ-%QAbMF-lCMyrL"
"naelle.macmenamy@edu.tbz.ch"|"vbbh8F-at96a9-EWLg6s"
"gisele.mcramsey@edu.tbz.ch"|"WgJUFn-RX7rRt-Mw7VUz"
"meryl.scolts@edu.tbz.ch"|"%8tGi9-QYmD@V-VFTq9&"
"celia.bloxsome@edu.tbz.ch"|"oSc4jc-GoQ$Jy-3kTq9Z"
"styrbjoern.stuke@edu.tbz.ch"|"ttbD$#-6wa9NF-gKwCF6"
"felicie.gwilliam@edu.tbz.ch"|"y$xpX%-nFXcen-YJYH7o"
"da.harms@edu.tbz.ch"|"ECVSd@-R0&j5o-@dUIHW"
"celestine.baulk@edu.tbz.ch"|"45#PlL-v%2B@R-O34GzD"
"mahelie.blackledge@edu.tbz.ch"|"d5fc%h-$%LAeF-Ln6YiN"
"meghane.salt@edu.tbz.ch"|"XCG2Fc-Vo&q&3-SJPuaV"
"methode.paxeford@edu.tbz.ch"|"3kbwfY-tpJT13-59#$u$"
"asloeg.milligan@edu.tbz.ch"|"ognvHg-mj9PKV-dcOQEu"
"you.pellman@edu.tbz.ch"|"Se&3uT-8dm4wY-9y5IfA"
"loic.regenhardt@edu.tbz.ch"|"flpRhX-rBo@Ct-9%K9w6"
"daniele.savill@edu.tbz.ch"|"ON1mI6-HeU#lX-13Qy4n"
"alois.cornu@edu.tbz.ch"|"LrwglZ-LCAXs7-%ICn6j"
"oesten.govey@edu.tbz.ch"|"4RFk4x-qenUGa-MnVj7k"
"marie-eve.louch@edu.tbz.ch"|"Dgez%e-$2iZaD-51uj5O"
"theresa.wenn@edu.tbz.ch"|"VpzytO-od8#jn-J&r4M@"
"andree.eul@edu.tbz.ch"|"w1NtZT-Sl8WSd-W3Hb0L"
"lie.paynton@edu.tbz.ch"|"ZWOjRx-zpEyul-ZewkO0"
"marie-eve.girodier@edu.tbz.ch"|"5J1%E2-XhouYh-oP6F0G"
"marie-noel.smithe@edu.tbz.ch"|"7r9aMT-f2nLIm-cV%cfM"
"men.bootyman@edu.tbz.ch"|"$hX5dA-XMvcA3-lq%TXe"
"ku.sugg@edu.tbz.ch"|"2&Ivkg-mjW7A&-S#VV%q"
"lucrece.roseman@edu.tbz.ch"|"oywoqz-7ecZja-rYNlJ&"
"zoe.annear@edu.tbz.ch"|"hCgt5C-F8VO#e-grxlL@"
"marie-helene.rennebach@edu.tbz.ch"|"30OpU7-TuvleM-mC0qSx"
"lea.djurdjevic@edu.tbz.ch"|"ml3N5b-xcaeqc-4Nj&JP"
"goerel.robert@edu.tbz.ch"|"46@Tap-0aL3Dy-m%b95D"
"mylene.foldes@edu.tbz.ch"|"sHzBzq-RvZ&3T-GpJKsn"
"faites.clegg@edu.tbz.ch"|"WAgf5A-A@JAXh-k4Z9rP"
"marylene.crowcher@edu.tbz.ch"|"vHh0N5-#&zetc-Ku$fqK"
"aimee.wimpeney@edu.tbz.ch"|"C&Z#8k-6mh7kd-Rbob47"
"renee.atkins@edu.tbz.ch"|"d1#0Lw-ZjpU#v-u8Mz9K"
"rejane.cainey@edu.tbz.ch"|"BRqi%H-s8a58U-3MWM0y"
"solene.britney@edu.tbz.ch"|"OO01zK-r@NHmG-q2TP@%"
"marten.shatliffe@edu.tbz.ch"|"n08dJY-YPVjU8-t%DvW8"
"maite.issatt@edu.tbz.ch"|"Dfb@hN-prg&q#-ViCIpy"
"maelyss.edon@edu.tbz.ch"|"SUQ1OM-jr593a-#pd41l"
"nuo.bamling@edu.tbz.ch"|"9sLNk8-8jqGCp-ibROMU"
"anais.edards@edu.tbz.ch"|"w8V1YK-RmPW%l-y9p8Uw"
"mediamass.bromet@edu.tbz.ch"|"w38rRh-D$9Z5t-yd38$n"
"beatrice.kimbrey@edu.tbz.ch"|"2PMCms-oEAPQ$-hlymNE"
"ines.lawranson@edu.tbz.ch"|"S&vnl6-nNUnFt-k9dNFc"
"kalliste.scandroot@edu.tbz.ch"|"ubElZK-o30SVb-Q#PFtg"
"mans.barrowcliffe@edu.tbz.ch"|"uHkQNR-%9wcRt-qiKq9p"
"irene.couves@edu.tbz.ch"|"v&qRkp-TJ&MYE-H3$Cji"
"milena.mucci@edu.tbz.ch"|"1PpGXa-VO657h-bEpOzV"
"naeva.cow@edu.tbz.ch"|"ErWHd0-%$YFOc-5BnbFw"
"audreanne.mournian@edu.tbz.ch"|"rKVn8e-hHfaOk-dFhECs"
"melia.sinnatt@edu.tbz.ch"|"XzT6%l-dmtE4L-AhU3c1"
"nelie.burnard@edu.tbz.ch"|"oWuC0d-#@v%PC-o8YGeX"
"clelia.ashfull@edu.tbz.ch"|"5q0dO#-bxKf0A-Wh41PW"
"lie.macard@edu.tbz.ch"|"JLxqk%-qtvhYd-2T6JeD"
"valerie.matoshin@edu.tbz.ch"|"fKhvYL-AXYpaz-2K8dEq"
"anael.hatherleigh@edu.tbz.ch"|"O1vjXQ-hDTh5V-7brjC9"
"interessant.warratt@edu.tbz.ch"|"OAH5%B-pschp8-a6NWSD"
"eleonore.volage@edu.tbz.ch"|"Ds#0Sv-NiTJfu-Uug%1b"
"zoe.stebbing@edu.tbz.ch"|"Ue%DeR-qGfEm8-pq0362"
"alizee.nye@edu.tbz.ch"|"Thh0Yz-K&pksc-UILJn%"
"celestine.bramley@edu.tbz.ch"|"L2%gzO-fm76JR-R8%xjE"
"selene.philcott@edu.tbz.ch"|"AYtkTE-x6Tuws-s9TS0U"
"tang.newens@edu.tbz.ch"|"i1hgWO-ArgbKx-Z2g6J4"
"annotes.powys@edu.tbz.ch"|"0T2yh2-DC4oHz-yo81TO"
"lea.matthesius@edu.tbz.ch"|"uu&#K5-wQLu%f-zllYsT"
"illustree.garlett@edu.tbz.ch"|"43UfAp-Qd%gZH-SE#ZS8"
"maiwenn.meachem@edu.tbz.ch"|"b$keVt-7XWBM$-vgd4HF"
"marie-francoise.mcbrady@edu.tbz.ch"|"ZnDgnD-8WFlmW-e5OR1q"
"illustree.gimbart@edu.tbz.ch"|"IUexXs-jKFSIJ-lAU@@J"
"melys.lyosik@edu.tbz.ch"|"R41qnN-O%AhIA-S6#AhN"
"marylene.mcnab@edu.tbz.ch"|"Uj%jsM-uG7PM4-q8aogN"
"gerald.blount@edu.tbz.ch"|"b$tZUk-Hzh0%V-ERJ7gQ"
"clelia.shakelade@edu.tbz.ch"|"JjT@$%-97BVFq-YgLY22"
"penelope.cridlin@edu.tbz.ch"|"KU0o4R-0#YcHd-OPx1PT"
"maena.okuddyhy@edu.tbz.ch"|"WjuwHP-unUAxy-b1EoUX"
"athena.keynd@edu.tbz.ch"|"6BkDc6-%Ap44c-tQr2kj"
"cloe.dwine@edu.tbz.ch"|"n%gnb%-HZn6hM-Hgx8b0"
"josephine.browett@edu.tbz.ch"|"7mhIry-4@pmZN-Ew5FJJ"
"audreanne.oscanlon@edu.tbz.ch"|"3F&0jV-An56Tn-h&GPWS"
"fei.jeanequin@edu.tbz.ch"|"Fa&#Po-1DI52g-DQCnDi"
"lois.gormally@edu.tbz.ch"|"9ig5Ms-7r1DJW-ySH&$g"
"marie-francoise.finnigan@edu.tbz.ch"|"8cKMD5-9$&D@P-XZWFg9"
"leonore.trussman@edu.tbz.ch"|"OxmYHR-2bYljp-rIeQDW"
"anaelle.trumper@edu.tbz.ch"|"X@zdUP-nCjvl%-Ure7jo"
"clemence.dionis@edu.tbz.ch"|"A7jwBd-h@lsbn-HotSxD"
"lois.tranmer@edu.tbz.ch"|"B4l6Dw-r4wWm@-9K%ESm"
"interessant.volett@edu.tbz.ch"|"Ammb%Y-fiFtYv-Fmwjc4"
"personnalisee.deackes@edu.tbz.ch"|"vez@E@-I&DKX2-c69y%r"
"lie.vasiliu@edu.tbz.ch"|"7nwMVJ-Vg75b9-e#hSMQ"
"dafnee.lamputt@edu.tbz.ch"|"wFidsn-Hk5#%w-UN&Suw"
"elies.bromige@edu.tbz.ch"|"bbS13v-y8Fsvu-nrQDka"
"helena.klosser@edu.tbz.ch"|"$yYh2b-2RX4Fy-&7hZ@Z"
"andree.grim@edu.tbz.ch"|"nnGq%o-yxH3Q#-o7q4VY"
"verane.coldbath@edu.tbz.ch"|"U2deud-08WrSG-#azj2d"
"helena.bethell@edu.tbz.ch"|"fJAUUg-TTe1q%-TFsmA@"
"kalliste.carefull@edu.tbz.ch"|"0nbDPc-YNQDKO-@Hki8Y"
"regine.odams@edu.tbz.ch"|"iYYLMM-$sKr4@-4&SyOy"
"len.stannus@edu.tbz.ch"|"CM@9xd-dx2&d#-gxRVqE"
"angelique.works@edu.tbz.ch"|"quCoBK-7hY@wW-O@HHim"
"goesta.rheaume@edu.tbz.ch"|"FErtyU-9cZAqm-KF9qPQ"
"maelys.tynnan@edu.tbz.ch"|"W0%4mj-%LU%Ff-agU$YD"
"maelle.carlesi@edu.tbz.ch"|"fVC09m-A6GRk5-18&uT&"
"anael.spurden@edu.tbz.ch"|"7%3Thw-S77DGs-mmTX$c"
"helene.pumfrett@edu.tbz.ch"|"mrcf4a-xag1U9-zePxUb"
"goerel.pearn@edu.tbz.ch"|"lpe1aS-@$&zl5-%&0aU1"
"laurelie.dezamora@edu.tbz.ch"|"eBGu6%-9nUfZh-JmmDYd"
"yao.twidale@edu.tbz.ch"|"&yKiI8-4$22Sh-zpDdko"
"berengere.sola@edu.tbz.ch"|"oI8ym%-qQy#Wj-qILyxb"
"maelann.hardistry@edu.tbz.ch"|"#efkkF-#bkQ8x-xc@ok$"
"severine.littlefield@edu.tbz.ch"|"SWzqYQ-I79dad-q2GnQn"
"salome.heinl@edu.tbz.ch"|"Ahah5A-5l8@C9-yEnyj4"
"meryl.warbey@edu.tbz.ch"|"VmMWC9-ACa&O5-pk&%5q"
"da.hunstone@edu.tbz.ch"|"LC$FfA-G3cZ2b-dppf1b"
"venus.broadbury@edu.tbz.ch"|"1CnYI9-lC3hOP-ANBk#V"
"meghane.rentelll@edu.tbz.ch"|"yV5vpF-7QGHCR-S@OAiQ"
"marylene.drewitt@edu.tbz.ch"|"ExGOiX-58NFF$-vdWk2A"
"melinda.jacquemet@edu.tbz.ch"|"1mXMh8-KvjfnI-OpLGEb"
"marie-josee.keyden@edu.tbz.ch"|"S2dPMA-O#lW%E-%3p@Sp"
"asloeg.montacute@edu.tbz.ch"|"tpVnRr-Zwk1PN-q5%oP2"
"ku.andreou@edu.tbz.ch"|"nFkwjB-NFYgdg-mpkGjK"
"personnalisee.feaveer@edu.tbz.ch"|"7SZ01e-W4cQHh-eX@Ena"
"laila.emptage@edu.tbz.ch"|"0kkI9Z-ieKEU5-uY@k8O"
"bjoern.dawdry@edu.tbz.ch"|"UOez@Z-tkI%mc-bp9k9L"
"marie-eve.dinsell@edu.tbz.ch"|"X64Tfj-uszCv6-PQXHRB"
"helene.follett@edu.tbz.ch"|"DmNBw9-9GjrU9-W03EP@"
"penelope.cordero@edu.tbz.ch"|"o6Og$%-N$B4RZ-TQeqHV"
"boerje.beedell@edu.tbz.ch"|"RWUzJ8-pTy$#J-JOCV96"
"nelie.ferne@edu.tbz.ch"|"3m29Mg-O65#4k-w4DmTq"
"celine.ahmed@edu.tbz.ch"|"w$apPm-Tto0@N-vHUxj3"
"stevina.pimblett@edu.tbz.ch"|"5NSTUe-EHs63x-a@lED3"
"chloe.langlands@edu.tbz.ch"|"Woqg97-1wvpn7-e85Rw2"
"simplifies.maude@edu.tbz.ch"|"fSywJ&-Q3#XT8-OATV7M"
"genevieve.decarteret@edu.tbz.ch"|"C2OeN2-Mr9y77-vxz5dW"
"marylene.mughal@edu.tbz.ch"|"nhoAEC-GXh97c-Ij4BDY"
"goeran.guttridge@edu.tbz.ch"|"Jm1a7p-jiO2cf-JgFWHc"
"michele.smurfitt@edu.tbz.ch"|"bsa2#E-fBSNus-lXa#Z$"
"methode.hadeke@edu.tbz.ch"|"E2MW#0-Xlqoac-jgAJk4"
"therese.rispine@edu.tbz.ch"|"t2z8nY-UeUn4&-Ll&Yc@"
"goerel.plumley@edu.tbz.ch"|"dr%#ru-dkZpY@-zhCEXL"
"oceane.friett@edu.tbz.ch"|"3$1AH&-mX8RpG-NVNb8n"
"marie-noel.achromov@edu.tbz.ch"|"5hbJ#k-fJddV6-lglnSO"
"dorothee.storek@edu.tbz.ch"|"3tmNqu-PmU9qC-v0r3aT"
"goesta.whittle@edu.tbz.ch"|"nXe8MN-&qKAo2-jEyGMo"
"desiree.casely@edu.tbz.ch"|"38bq9H-nPw6bY-TrJBL$"
"felicie.condon@edu.tbz.ch"|"XemAqK-OFf@k8-4VbpIl"
"maelyss.frisdick@edu.tbz.ch"|"N7Kl$a-N&k@z#-DJhQje"
"aimee.banke@edu.tbz.ch"|"mDH8Ej-MkyBwf-9ILSFI"
"naeva.hodcroft@edu.tbz.ch"|"Z4%61M-TCz@MS-9YN2eB"
"laila.gerrans@edu.tbz.ch"|"X5pArK-JX0hYN-XIhHG&"
"daniele.scrimshire@edu.tbz.ch"|"SrHtXh-efXLPh-g9uyGz"
"daphnee.sheerin@edu.tbz.ch"|"RdZj#F-taiOBu-svjL1F"
"pal.vanyukov@edu.tbz.ch"|"eO7hP&-KkYvGm-Rlnkos"
"zoe.childs@edu.tbz.ch"|"CdLa&2-dnsAIk-M0UkTd"
"ai.corde@edu.tbz.ch"|"l#PYtY-2kFb%0-#o1$sv"
"maelys.berryann@edu.tbz.ch"|"PZpR0T-itc0QS-wXU4Wr"
"cloe.gladding@edu.tbz.ch"|"d10deU-ZrQUb3-Yf7cVx"
"wa.kinnaird@edu.tbz.ch"|"VHjOQn-GVsmK$-r7JNoR"
"publicite.brittoner@edu.tbz.ch"|"b43Did-lxv3k2-lgWGMY"
"rao.windress@edu.tbz.ch"|"Igw@ZV-tlBSdK-3xNwqN"
"uo.kollach@edu.tbz.ch"|"ozxShw-dfR@W@-7gzxtS"
"josee.peskett@edu.tbz.ch"|"iLCldv-YdzPh1-Y014bY"
"annotee.hasel@edu.tbz.ch"|"8MIsb$-1B4Bnj-wtDgKb"
"cinema.lee@edu.tbz.ch"|"NsY9yX-3cFksd-t%#qvp"
"lai.vedeshkin@edu.tbz.ch"|"MP#KJs-rkbbfm-cvf9ep"
"renee.brisbane@edu.tbz.ch"|"eN&5II-YHP$Ad-ROToRG"
"ophelie.blincoe@edu.tbz.ch"|"E@Fkdg-TKTHO#-cGitY#"
"zhi.prazor@edu.tbz.ch"|"fSnpAZ-Mj1$PG-OOMgls"
"annotee.maddicks@edu.tbz.ch"|"T%nQ0O-uAd75h-5nja0M"
"maelyss.codd@edu.tbz.ch"|"y#bO4t-YvWsHr-LZEH2c"
"celia.peplay@edu.tbz.ch"|"0Io3Ko-5lozLf-iP3uDK"
"interessant.skone@edu.tbz.ch"|"lfV7wt-XeunGJ-dVq@pS"
"audreanne.hebdon@edu.tbz.ch"|"X$siNz-SrhdUK-y3$jCL"
"oceane.glen@edu.tbz.ch"|"c4gCm4-nYteT#-HMa@I8"
"daniele.vanyushkin@edu.tbz.ch"|"p%BBIi-d@wjUa-@8KLRO"
"daphnee.ayce@edu.tbz.ch"|"wT2SPe-v1w&Y&-b0UGbP"
"andrea.attride@edu.tbz.ch"|"IkHKLh-SmIYZM-1ukCj@"
"penelope.bridgwood@edu.tbz.ch"|"pXh5wk-Y@p7C5-#ytCH2"
"mailis.drewitt@edu.tbz.ch"|"s8I6%#-PPkN2p-YEBa%b"
"penelope.mollene@edu.tbz.ch"|"S97wsL-$RrpIs-w4UBTC"
"illustree.keely@edu.tbz.ch"|"0BFbx#-J6Ji8s-3XDt0#"
"meng.brisseau@edu.tbz.ch"|"%4sSec-t0Lxh%-tVBtZP"
"ruo.cleiment@edu.tbz.ch"|"IKdZnI-OyItr@-EymJv0"
"maite.krammer@edu.tbz.ch"|"%4OeoC-4L$2ov-BO%5D2"
"genevieve.verry@edu.tbz.ch"|"902Nq%-APE#5y-2zmXvs"
"lea.olochan@edu.tbz.ch"|"$zi9Vr-qUNb54-Hv2o#N"
"naelle.brunnen@edu.tbz.ch"|"hrX&EP-kJXPp2-6L2F9y"
"goesta.bragginton@edu.tbz.ch"|"D@Irlj-Se8DBi-PQfIa$"
"fei.danilyuk@edu.tbz.ch"|"%kA5n$-ea@FD8-Tys6Lg"
"adelie.turbitt@edu.tbz.ch"|"eCfStr-6Qd7@0-w@QTES"
"marylene.nutman@edu.tbz.ch"|"F760Wa-XCYfJX-TgaM1b"
"therese.barbrick@edu.tbz.ch"|"FKSA1n-WkI$5#-3AtWiD"
"melys.kolodziej@edu.tbz.ch"|"9wbRwH-rLiC6b-XrGPiX"
"melanie.runchman@edu.tbz.ch"|"F4VabT-d2q1QZ-FSatVW"
"serena.lafond@edu.tbz.ch"|"i1tdeD-gX%bWm-ayD091"
"pelagie.desmond@edu.tbz.ch"|"k9@zkd-4dAt4F-ExyIP7"
"wa.spickett@edu.tbz.ch"|"@gSbvc-7mlDv7-u2uJjj"
"po.shave@edu.tbz.ch"|"@Vdc2o-COpp#I-NxBFih"
"song.huikerby@edu.tbz.ch"|"Lt##JD-Xp6TP5-ujEE2r"
"melinda.bimson@edu.tbz.ch"|"aGdb75-t0BZm%-gmvxlv"
"personnalisee.toffanelli@edu.tbz.ch"|"wPza3Z-xH0r%G-2WM%sK"
"leandre.hurn@edu.tbz.ch"|"HTgQtW-IFZ67R-dm3ojL"
"oesten.standell@edu.tbz.ch"|"l8TpgY-uC7%X2-bhGGu3"
"naelle.smaleman@edu.tbz.ch"|"#@f17A-bbQ@qy-Ez5A9W"
"berenice.tayt@edu.tbz.ch"|"Tld@Cj-W7bttB-If%$H0"
"kui.popplewell@edu.tbz.ch"|"vdes#3-jaAn5u-X@9lw&"
"melodie.ferandez@edu.tbz.ch"|"rbF1t9-JEe0em-HmKA2m"
"josee.negal@edu.tbz.ch"|"WPCN7v-n2EUDb-xDo8n8"
"melissandre.ferrelli@edu.tbz.ch"|"ysrQP3-yMRoF9-z4ZtNo"
"josephine.kemmer@edu.tbz.ch"|"VcPaHK-uyLFLW-Xd9vLO"
"maely.cayette@edu.tbz.ch"|"QXX17n-GAn35n-xnXZ1Z"
"nelie.vela@edu.tbz.ch"|"6rL@bG-17%DZ@-Uh7EuL"
"melina.cortes@edu.tbz.ch"|"3H@RKU-M7Gbh4-77CLZa"
"megane.leyshon@edu.tbz.ch"|"ndQI$T-wTbui3-e0QcVd"
"regine.harrie@edu.tbz.ch"|"f7l8C7-q5fy3v-XYDGWQ"
"mylene.widdison@edu.tbz.ch"|"VVAcVG-RgIUip-zQOGD8"
"pelagie.vivash@edu.tbz.ch"|"VYKSnR-PcTIAg-IcRGen"
"styrbjoern.vicarey@edu.tbz.ch"|"5IJNjs-rmtLq8-RlGQNA"
"long.kyles@edu.tbz.ch"|"V&D&6V-w%PS%U-FwHBuN"
"stephanie.gipps@edu.tbz.ch"|"BcVknT-jBweOf-L#MG5M"
"clea.constantine@edu.tbz.ch"|"u2vPPY-fz3GjJ-p0KVzi"
"maella.cometto@edu.tbz.ch"|"w9mu$i-&Urqos-ms%KoX"
"laila.aubrun@edu.tbz.ch"|"x03LyZ-uwrSZ1-uQuGGC"
"yao.austins@edu.tbz.ch"|"9cJ7pR-GkaWlo-FKUTeb"
"mailys.rylstone@edu.tbz.ch"|"LhjMbe-jQxwjF-gqovbY"
"adelie.curuclis@edu.tbz.ch"|"6nbGw0-7#UKrb-wlwORp"
"celine.longhurst@edu.tbz.ch"|"xc3kdO-kn0#W7-r25X2B"
"gisele.hazell@edu.tbz.ch"|"k$UzBf-7evL9D-V1ToCP"
"celestine.ciccone@edu.tbz.ch"|"lMhMy&-un05Fu-2psIxn"
"maelyss.doole@edu.tbz.ch"|"#&FlB%-chmlk1-1hL1uR"
"helene.grimsdike@edu.tbz.ch"|"0FApwH-vRqvN%-eikj5D"
"lie.macer@edu.tbz.ch"|"0u5Rwk-bdXCdv-pUGgpq"
"maely.izard@edu.tbz.ch"|"Eor61P-LEcV6J-G3wxBy"
"erwei.breewood@edu.tbz.ch"|"H2tpL8-ggirVX-&SPTLS"
"chloe.woolford@edu.tbz.ch"|"uh0J$D-&i@Ltk-BGQQvm"
"cleopatre.turpin@edu.tbz.ch"|"HWOioZ-kpEQ4Q-kyQRWB"
"melodie.surgison@edu.tbz.ch"|"EWsAFL-#u6TBc-@jrSrc"
"elies.leander@edu.tbz.ch"|"3p1WmL-4NPLYS-pxw&RM"
"mediamass.reignould@edu.tbz.ch"|"O&Dszu-k4xyr4-zaiRIh"
"celestine.wasmuth@edu.tbz.ch"|"cr&q9A-CgrK9W-U7hgd9"
"marten.jervis@edu.tbz.ch"|"HlV3Lk-3MIiFe-ANw$7J"
"daphnee.bour@edu.tbz.ch"|"c9cf#u-j5Z$pj-BwumV6"
"regine.harlett@edu.tbz.ch"|"2TRefd-RD8xWn-&8A7fL"
"noemie.macaskie@edu.tbz.ch"|"QjN7KA-WpeR1S-aRULJm"
"loic.renfield@edu.tbz.ch"|"FK@drK-GwgRsG-7A$eVv"
"venus.kleinert@edu.tbz.ch"|"il7Y1h-NHiaqq-kD8pSt"
"marten.burlay@edu.tbz.ch"|"Ju1wfp-hj2Ivc-AyuLXg"
"berengere.radsdale@edu.tbz.ch"|"bgXkAj-LDsOk5-5Y05Lz"
"genevieve.duckit@edu.tbz.ch"|"ldrbFQ-69G#X%-y1l84$"
"maely.ligerton@edu.tbz.ch"|"@zakUw-HfP7Rg-uJTzhU"
"maeline.ricciardelli@edu.tbz.ch"|"S&jQ$G-vXHNpX-pMXlCZ"
"personnalisee.yggo@edu.tbz.ch"|"1BcA#l-KjAuIx-GF1xJz"
"alizee.pettinger@edu.tbz.ch"|"%#FY%r-AI5UIU-zZ0vPT"
"desiree.curnnokk@edu.tbz.ch"|"PgcyUX-@uX@ZS-EQpYGT"
"dorothee.minors@edu.tbz.ch"|"tDlDw3-0tJoz7-Vinj#9"
"oceanne.kopmann@edu.tbz.ch"|"yG75xW-Kg3$9Z-VXtSms"
"almerinda.brodbin@edu.tbz.ch"|"RNBtaj-1gPqfu-D#xS&f"
"yenora.carsberg@edu.tbz.ch"|"7ek5@X-eaCgG9-YpWmo2"
"wa.beetles@edu.tbz.ch"|"vAGUj5-jrdADq-nFDX&o"
"audreanne.abbot@edu.tbz.ch"|"kFq0Ci-hn&Are-Bp6jyq"
"noemie.capper@edu.tbz.ch"|"pxJP%O-7VEzoX-hmgjKW"
"mans.abramamov@edu.tbz.ch"|"SQzF@E-j1vY6l-FxVpZd"
"audreanne.blakey@edu.tbz.ch"|"HxlU@6-D19Mbw-pBH6XZ"
"leone.klimpke@edu.tbz.ch"|"NyOXbs-TDDvgR-vzi%hz"
"lie.croston@edu.tbz.ch"|"ncMBit-0vGqW7-knwlV8"
"anaelle.baistow@edu.tbz.ch"|"fDhNq9-qBJVry-A@EaKh"
"michele.garwood@edu.tbz.ch"|"FoiN%L-Qhur3p-d5I35i"
"interessant.albion@edu.tbz.ch"|"pZCnWd-V7%7b$-cofQKR"
"andre.brisco@edu.tbz.ch"|"UXSeSC-EITfYs-G03imm"
"tang.totterdill@edu.tbz.ch"|"Pfuiq9-CkwuUr-eidPVS"
"marie-josee.braundt@edu.tbz.ch"|"C0O$Nw-7Uv@F6-ZAlZlc"
"lois.galer@edu.tbz.ch"|"uCMxB$-dixKI$-APOm7d"
"faites.pellamonuten@edu.tbz.ch"|"hlgGU@-0cyEgb-CmWT4d"
"mai.barfford@edu.tbz.ch"|"YpXwYk-N2shfq-$GJCqd"
"laurene.macilory@edu.tbz.ch"|"iRkTqo-Eo&QZB-YNAz7X"
"elea.peak@edu.tbz.ch"|"6GMRVQ-rkstsp-jmxenm"
"rejane.doni@edu.tbz.ch"|"WovPsJ-iE&7uT-NPi9eG"
"mahelie.ector@edu.tbz.ch"|"bz7CEY-BqAsBG-eHZvyL"
"rachele.allum@edu.tbz.ch"|"kcB67C-N6@cS7-IUoo3v"
"laila.gerretsen@edu.tbz.ch"|"4$aqZW-2OoN&v-q8eThp"
"ines.bowman@edu.tbz.ch"|"naNUS1-DGwrM&-7fwND@"
"publicite.barbary@edu.tbz.ch"|"BVmg35-v%ZSOs-WrNRhk"
"mailys.smooth@edu.tbz.ch"|"E1v%uT-LA0PIY-vf2y4A"
"mailis.huguenet@edu.tbz.ch"|"IVUVRc-AvYDJ5-Gsg0t8"
"lea.ewer@edu.tbz.ch"|"56u&Yn-c8ZVI%-mCbi8z"
