"email"|"password"
"melodie.vandervlies@edu.tbz.ch"|"G@rpBb-5%wrCl-i$f0x5"
"angele.edgecumbe@edu.tbz.ch"|"8X@rpW-oRoJD6-sjnvSo"
"zhi.andreasson@edu.tbz.ch"|"F7lnFL-gxJo&y-NkD7F8"
"judicael.koppeck@edu.tbz.ch"|"0iHMSy-VIK1S3-MKvxgn"
"berengere.capron@edu.tbz.ch"|"jfaJTa-d4bl7x-aDNQ5d"
"leonie.brosini@edu.tbz.ch"|"7Q0g$$-tsz8fg-u#6H#2"
"venus.garfit@edu.tbz.ch"|"&D7ISF-cBRsKh-FghWk2"
"melina.janota@edu.tbz.ch"|"U9Ss@h-CNoc%R-N8cc%m"
"laurene.bake@edu.tbz.ch"|"vCGSbt-pGUZLI-nm#pvi"
"regine.dorkins@edu.tbz.ch"|"ovXY$y-flCAZ%-$XKMeU"
"cecile.moffet@edu.tbz.ch"|"6@tQ$k-wSwON7-Kb4@5i"
"maelann.labrone@edu.tbz.ch"|"hDldJE-%AYUe0-aJIk&k"
"melinda.newbold@edu.tbz.ch"|"dp4kfj-xd%58A-yaURpO"
"mans.itzhak@edu.tbz.ch"|"jGMu0M-YGk0M#-JnOkzC"
"melodie.pattlel@edu.tbz.ch"|"azUwNf-D7x0#x-1eG$oQ"
"celine.bonett@edu.tbz.ch"|"uykoSE-2xl8D@-MROwAG"
"adelie.mcgreal@edu.tbz.ch"|"L2k3Y8-0kou29-YjCuBr"
"helene.soldan@edu.tbz.ch"|"T0HEO&-YV3jlu-ZGPSbL"
"michele.cluer@edu.tbz.ch"|"CTuP0d-YS%dWr-mQvtPa"
"maeline.mueller@edu.tbz.ch"|"YEcVzz-ESpv4i-ZRz27k"
"maelann.benedito@edu.tbz.ch"|"xyB#Oi-f7Bwza-i8uzHW"
"nuo.gransden@edu.tbz.ch"|"7PVZBa-Voig1N-C73lDf"
"berengere.stainton@edu.tbz.ch"|"1$&gt0-5UygFm-62qaaS"
"wa.sabater@edu.tbz.ch"|"QawqbW-Yzfa2o-I9ImPs"
"anais.cochran@edu.tbz.ch"|"JG$ANO-iZhvt9-TuzWyn"
"gerald.bessant@edu.tbz.ch"|"QKK5$s-PTuFHv-nlNSln"
"ruo.coffin@edu.tbz.ch"|"55pAM%-rdI95a-sTreTr"
"melodie.mustill@edu.tbz.ch"|"8q0DQs-iEya4Z-RnzzcU"
"ruo.stanesby@edu.tbz.ch"|"c0ztJF-$VHsxT-q8mNuw"
"noemie.antognelli@edu.tbz.ch"|"PLVBo5-M17Z%z-84HilJ"
"maelann.hughson@edu.tbz.ch"|"%SInB6-186VoA-eIheAW"
"milena.mieville@edu.tbz.ch"|"gG9pax-Tj3R6W-V$6Ksf"
"mailys.chamberlin@edu.tbz.ch"|"glrODg-a9O&xb-gxKq&A"
"nadege.tomalin@edu.tbz.ch"|"OpU802-Eqi9t6-elKfg1"
"oceane.omara@edu.tbz.ch"|"eQCpRV-2JtM6w-pcNsez"
"cecile.aguirrezabala@edu.tbz.ch"|"GpAh33-3tGs51-NikYMj"
"maella.gwillim@edu.tbz.ch"|"BVTqm#-uQdIbQ-pHq8AV"
"lea.mcgahey@edu.tbz.ch"|"uaQ6S2-BBH9nS-QuqZqb"
"laurene.hagerty@edu.tbz.ch"|"iwvq@A-i64uiP-i#&@t7"
"dorothee.link@edu.tbz.ch"|"@lbOEb-tGqjKZ-S9zxP#"
"clementine.kynsey@edu.tbz.ch"|"oPcy5l-SfVupL-8JXhI8"
"lorene.smitherman@edu.tbz.ch"|"S7@7#Q-U8JXeQ-mW%T46"
"cleopatre.klulicek@edu.tbz.ch"|"jTepQC-3QTUST-X18ry2"
"laurene.castaneda@edu.tbz.ch"|"OaGNp#-3Sdpcd-aDMgqC"
"melia.constant@edu.tbz.ch"|"w80xmm-6gcN%Q-LWpODi"
"lucrece.clunie@edu.tbz.ch"|"lX3d%c-Cy99BT-fNKIzY"
"eleonore.mcmurthy@edu.tbz.ch"|"44vDfl-9cmV1O-ug93U8"
"melia.bevar@edu.tbz.ch"|"d8wDEq-rO9DVI-tFneTF"
"camelia.bontine@edu.tbz.ch"|"%Zfuup-qcfaS1-OAOqMC"
"methode.jozefczak@edu.tbz.ch"|"MSxLcF-#4iar0-HVsTvQ"
"audreanne.hinsche@edu.tbz.ch"|"3Dh7GV-SWc#um-YTbhnz"
"andree.varne@edu.tbz.ch"|"aOw8sX-rgV@S0-UEaVPl"
"marten.kinleyside@edu.tbz.ch"|"jiBsxg-uyvE8T-LCQ1EB"
"esteve.mcewan@edu.tbz.ch"|"JUaXVC-aIKpI3-hz1q4m"
"leane.dibbert@edu.tbz.ch"|"WkQIJa-TytvsW-6Oz$Za"
"ma.thewlis@edu.tbz.ch"|"HLYCS3-roVaRW-WoJh5O"
"clea.djurkovic@edu.tbz.ch"|"J9b92%-fo7Bh5-SIXP9F"
"rachele.reburn@edu.tbz.ch"|"scnzik-IZIA1H-adSrxy"
"gerald.gowling@edu.tbz.ch"|"wrF7dh-o@hv8J-0%jPS8"
"cleopatre.jackson@edu.tbz.ch"|"ZjuhPY-F0u6Zi-sA$x1Q"
"desiree.haskins@edu.tbz.ch"|"YhlBxk-jbXrie-vahIr7"
"eleonore.longson@edu.tbz.ch"|"7RIUJ#-NyK3z@-3N00i6"
"leane.dybell@edu.tbz.ch"|"jPjzZE-nyWfq%-$i1fQ0"
"becassine.grzesiak@edu.tbz.ch"|"4XKyu5-FTI%rV-JHXiOL"
"marie-josee.pickin@edu.tbz.ch"|"GPm%@@-kjU7T7-4LKt2L"
"marie-josee.roxby@edu.tbz.ch"|"LbLA&M-9Eel@$-7bsR@W"
"leonie.feenan@edu.tbz.ch"|"a5OWBf-CJgWLW-weM$iQ"
"valerie.ellum@edu.tbz.ch"|"Xf%0dm-bKuw3U-E8MtSG"
"ju.caseri@edu.tbz.ch"|"zshZhY-HpxJ4E-mfd$#6"
"boerje.strangman@edu.tbz.ch"|"EgFiaD-aN@BCk-A&d0r@"
"beatrice.ghidelli@edu.tbz.ch"|"DGQpKs-uUHL7l-cCG3oF"
"da.jablonski@edu.tbz.ch"|"K7Q%RZ-LhH79l-d4J@YT"
"uo.beveridge@edu.tbz.ch"|"Tv9dFP-2AzbO4-rAvYTI"
"valerie.bestman@edu.tbz.ch"|"@SLS13-TBYReD-mOp6H7"
"marlene.pohls@edu.tbz.ch"|"tBzOT4-3pfPet-zADY4W"
"ma.nolda@edu.tbz.ch"|"IRRrKf-wzqjjX-Q@%1aW"
"marlene.bisiker@edu.tbz.ch"|"ghsmO#-m#4dR7-chgjJI"
"estee.babon@edu.tbz.ch"|"$Vak2V-SfblYk-xrtWwm"
"simplifies.dmisek@edu.tbz.ch"|"6ji%8T-6XIVIe-hW9b41"
"selene.ganing@edu.tbz.ch"|"tM#TwJ-2PE$o2-oBmi&5"
"meryl.penke@edu.tbz.ch"|"J#ka8D-CMIuTH-OmSlBF"
"anais.rawcliff@edu.tbz.ch"|"ub20HA-sy4upQ-&0#ypH"
"melina.andri@edu.tbz.ch"|"l2BmkC-Nqh0mz-7pmvZO"
"audreanne.fodden@edu.tbz.ch"|"pU8fec-roMJDj-27WEp3"
"bjoern.spellesy@edu.tbz.ch"|"hOh5dJ-PnJ&Xf-922X71"
"francoise.summerscales@edu.tbz.ch"|"h8%CoI-F%grgl-Epm#@3"
"laurene.ashtonhurst@edu.tbz.ch"|"ZUftqc-c5cIzh-dodzZK"
"valerie.petters@edu.tbz.ch"|"Hr9d0n-SwOFpW-T7GDMc"
"anael.spenclay@edu.tbz.ch"|"cglmrD-zZ52sD-kiJUd@"
"stephanie.keech@edu.tbz.ch"|"GwId4$-a3X8Hb-YCaVQ@"
"ines.deveril@edu.tbz.ch"|"Iw4pxL-5HLXRk-s7njYr"
"berenice.gelder@edu.tbz.ch"|"y#EJWn-$Ye%PU-qd8EB8"
"melanie.ofogerty@edu.tbz.ch"|"9AsxFF-tKu6cY-qEcaE0"
"frederique.canepe@edu.tbz.ch"|"gUPgFV-a&w@ya-IX&iKz"
"nuo.otton@edu.tbz.ch"|"nlyFUH-pAWOe6-1Duylr"
"genevieve.trusler@edu.tbz.ch"|"eGUw2o-$pIeNf-E&$xdj"
"ju.boag@edu.tbz.ch"|"bO0k5d-@RdPHY-BbtxgY"
"josephine.dilucia@edu.tbz.ch"|"EahdDS-YLx@J8-As@V&W"
"laurene.armsden@edu.tbz.ch"|"Fq@wPu-sU%NiQ-UHcdxm"
"becassine.griffe@edu.tbz.ch"|"aJUoEo-3cUdPw-ayux6r"
"alois.parres@edu.tbz.ch"|"jyF&re-MA7SLo-&BK7Kc"
"cleopatre.gaffey@edu.tbz.ch"|"zRBfdk-sgs$Nx-H2X371"
"andre.stiger@edu.tbz.ch"|"9p24Nv-My#@ov-F4movd"
"beatrice.godleman@edu.tbz.ch"|"iwN87u-6lU9CZ-BSrDP0"
"hakan.harrhy@edu.tbz.ch"|"oi#7%h-&NXecD-2LASxo"
"celestine.dagnan@edu.tbz.ch"|"0Y58iu-rleETp-Y7pBW2"
"clemence.haggart@edu.tbz.ch"|"djXx$T-vOmGdh-opgAAF"
"long.caban@edu.tbz.ch"|"5vcVlX-&lxasR-bYwKPo"
"gaetane.grimble@edu.tbz.ch"|"HDWhMD-rsSKxR-rK&soU"
"maelann.piwall@edu.tbz.ch"|"#rIBAH-AbWIZE-GFHXKh"
"magdalene.loble@edu.tbz.ch"|"qCMd1H-uRQJpv-p2NzgZ"
"veronique.domaschke@edu.tbz.ch"|"AD9cBX-DC&VLq-1cAh7#"
"clea.herity@edu.tbz.ch"|"bRKAQl-SR6pkm-v83xBK"
"maelann.bambrough@edu.tbz.ch"|"B418s8-Rr6dEW-psPOE4"
"clea.goulstone@edu.tbz.ch"|"$13I4p-2W7LXn-NP9atC"
"renee.deleek@edu.tbz.ch"|"6eebOX-Z8JBp2-x7ib5s"
"boerje.rudderham@edu.tbz.ch"|"3vTrb3-R5PYp9-fL1Vx1"
"marylene.broune@edu.tbz.ch"|"b0Gt%r-p3iuHM-7HN8V@"
"nadege.mccuish@edu.tbz.ch"|"cxpguW-G83D52-O7O4bv"
"anael.littleover@edu.tbz.ch"|"JJf8YP-s#bsT1-wUl$px"
"lie.baume@edu.tbz.ch"|"EsbmUp-otzY@V-2F@Amt"
"maella.murrow@edu.tbz.ch"|"LjUzEu-1w2v3U-@YXmt9"
"cleopatre.pettifor@edu.tbz.ch"|"7W2iJH-C3%wd3-GiQlzb"
"geraldine.asker@edu.tbz.ch"|"nQ$Z92-iip962-8qQt%R"
"gaetane.smedmore@edu.tbz.ch"|"NqRbyd-hIv0kg-uwEKvN"
"meryl.blencoe@edu.tbz.ch"|"j1xA9o-W$smPm-ec@qd2"
"aurelie.chastaing@edu.tbz.ch"|"6D#d5F-C&Vu2@-gMLmpS"
"oceanne.marthen@edu.tbz.ch"|"uHRNEd-DVjqSp-m9q5rD"
"dorothee.burrill@edu.tbz.ch"|"XfLxNc-H145yo-maQKh5"
"hakan.belden@edu.tbz.ch"|"XEznNd-O9A6hX-75LNi4"
"celine.brunning@edu.tbz.ch"|"brA#eA-24WrHq-iUv3Oe"
"anael.lapides@edu.tbz.ch"|"AmYq&h-VJ1pHs-mVLWM5"
"ruo.saffran@edu.tbz.ch"|"OPR6bm-ik7uFy-2GW7pE"
"loic.gerretsen@edu.tbz.ch"|"ER89ls-6ir6%m-0W2XhG"
"rui.fitzer@edu.tbz.ch"|"QGa%yh-#YclcX-RtsT$3"
"annotee.ogers@edu.tbz.ch"|"vIiBK0-7hfXZa-lOdwQT"
"boerje.bindin@edu.tbz.ch"|"5OSsB0-CNDa4P-V4JeAi"
"ma.cronchey@edu.tbz.ch"|"bLE$sK-S4ecbg-ddqulx"
"laurelie.baiyle@edu.tbz.ch"|"Zhbz5x-#dAzV%-Sm$UDS"
"dorothee.older@edu.tbz.ch"|"oxp%6L-osuOMA-aWcUur"
"laurena.wile@edu.tbz.ch"|"jounI7-yDw9CS-NM&i7N"
"clemence.brito@edu.tbz.ch"|"1Ft2MX-or4hQY-FalAWF"
"nadege.dallin@edu.tbz.ch"|"#$cNdT-59Xj8E-LWxACG"
"mailis.matley@edu.tbz.ch"|"FQ&Wxw-7imhra-G&KkN7"
"daniele.screaton@edu.tbz.ch"|"spMcSR-uHi@7l-ZLhNVn"
"mediamass.godly@edu.tbz.ch"|"VTuCgW-k3mS#j-LzsUP8"
"leone.kremer@edu.tbz.ch"|"HcLc0J-uQoDBy-C%K949"
"asa.adrian@edu.tbz.ch"|"tdNNi#-zt9iXC-pgbqW4"
"adele.doley@edu.tbz.ch"|"XwIBvz-KGqYsC-eVIho9"
"fei.sidney@edu.tbz.ch"|"8gGDIL-J6vnBL-r9iDY2"
"marie-josee.walisiak@edu.tbz.ch"|"DNDzR5-xgP#Tg-oqe6VL"
"desiree.diplock@edu.tbz.ch"|"GNEzeP-X6UzIi-w5Pww4"
"gisele.schust@edu.tbz.ch"|"Rt2JoY-93MO4C-HTKEIZ"
"ma.longshaw@edu.tbz.ch"|"JXV96d-P8a5uz-g@u6gj"
"da.boother@edu.tbz.ch"|"fn3FiG-sVRH75-qyHo1I"
"simplifies.chaudhry@edu.tbz.ch"|"h0mz#e-h7Ytrw-Xb7bRE"
"garcon.baniard@edu.tbz.ch"|"oJRIEh-FrBZZ8-5veSiU"
"gaetane.elphee@edu.tbz.ch"|"erOda5-QSr3z1-WWizqP"
"gisele.hassey@edu.tbz.ch"|"#3nKLl-uV4c73-Depfp7"
"oceanne.booley@edu.tbz.ch"|"M3W0Ek-ktsJNr-2xIqbo"
"oerjan.dibden@edu.tbz.ch"|"QE1i$9-eVY7BW-nYJRY0"
"regine.ocleary@edu.tbz.ch"|"pJ7jgk-f7%0jP-Zsig$9"
"selene.persse@edu.tbz.ch"|"KDtNoQ-OVEXGp-&NISkv"
"helena.adenot@edu.tbz.ch"|"%Baryt-9mNOJF-XaMHfv"
"maelann.wassung@edu.tbz.ch"|"62UR9i-j0kfJ@-zNSfPL"
"frederique.ackermann@edu.tbz.ch"|"gt9J%6-bfKO0f-PowCuD"
"audreanne.kahen@edu.tbz.ch"|"9WGP67-QJO2f7-G@#m01"
"maiwenn.lasty@edu.tbz.ch"|"OBW1Ij-DBM@m5-8ruGlO"
"yu.dictus@edu.tbz.ch"|"Sn0lVv-V6bxO2-K1Xwd9"
"anae.dukes@edu.tbz.ch"|"K0mkQS-QXq3bb-kH3LOX"
"yenora.warr@edu.tbz.ch"|"UMUyQZ-$85Flj-H&bfJ9"
"esbjoern.archibold@edu.tbz.ch"|"G1IHEt-2WwRs&-KA6&4e"
"milena.pardal@edu.tbz.ch"|"x#vDUp-740g0M-0M7uX6"
"celestine.graveston@edu.tbz.ch"|"s10gXp-cF2SZN-8jY4sj"
"maena.dallas@edu.tbz.ch"|"#513Ua-AshOWy-hNQj16"
"andree.tuke@edu.tbz.ch"|"SBEzk7-RlKgTf-SH0sDo"
"methode.seldner@edu.tbz.ch"|"6HuHqF-hjqgF2-P7qPBl"
"venus.bullas@edu.tbz.ch"|"UIs9Ee-XD2wc0-TwC40p"
"mans.aguirrezabal@edu.tbz.ch"|"wotdCt-jl2NWX-#TNn36"
"gaelle.eadington@edu.tbz.ch"|"LLV4vA-JdfDjE-$PGR5Y"
"anaelle.falkner@edu.tbz.ch"|"A0@v6t-1N527#-PUIYnx"
"ophelie.height@edu.tbz.ch"|"2GGTFH-S8tbBH-hm%Umu"
"marten.bolding@edu.tbz.ch"|"tH1#G7-cC#NY0-2cf8YD"
"pelagie.guswell@edu.tbz.ch"|"ugSj61-lcKjbX-TYdn9$"
"gwenaelle.lecount@edu.tbz.ch"|"I&TCz8-kGd8Dv-AQVCTT"
"hakan.laden@edu.tbz.ch"|"HCvUON-ekxKdy-S6$2VH"
"marie-josee.hylands@edu.tbz.ch"|"OX&EFB-VgvIs6-EtIvrd"
"zoe.kingshott@edu.tbz.ch"|"A&76YH-VcdnAH-ojDQe9"
"josee.janous@edu.tbz.ch"|"BKu5pc-QhnbeF-GbVUIE"
"laurene.gallally@edu.tbz.ch"|"5VaWdl-QobZ%G-mXtmsg"
"anael.bickle@edu.tbz.ch"|"C%N0tL-#Km821-HDzvVi"
"mediamass.lebbern@edu.tbz.ch"|"pASCOb-MdJa5z-KP%jpF"
"berengere.hovy@edu.tbz.ch"|"GU6Kkm-VOF9og-jz1$MU"
"oerjan.kilmurray@edu.tbz.ch"|"@nGKsM-sacnH$-hx1CKP"
"asloeg.venny@edu.tbz.ch"|"0YY$xD-CUKu#W-dg0VIV"
"marie-noel.stoad@edu.tbz.ch"|"APQHnh-z%ZIQB-wtDCg&"
"hakan.pettifor@edu.tbz.ch"|"%fIg@S-D4ibXD-Jcqwel"
"maella.willgrass@edu.tbz.ch"|"VmB@Go-3#t3u2-hF&jm9"
"therese.ludovici@edu.tbz.ch"|"Cs&VuC-4Zbdmz-LZ@McM"
"stephanie.trewhitt@edu.tbz.ch"|"pxUOz1-Aa$oaO-7cFo7o"
"maerta.bauduccio@edu.tbz.ch"|"kqssAM-E$a3GS-6LGdcj"
"gaetane.glaisner@edu.tbz.ch"|"38iedj-liFBWy-9q58pK"
"naeva.pargeter@edu.tbz.ch"|"tsD63L-Z7aZfe-YMfmN%"
"salome.venable@edu.tbz.ch"|"G8kRmN-$YKB27-E7R@My"
"boerje.thickett@edu.tbz.ch"|"xnaD1s-06utfv-Rbg$LE"
"lucrece.prendergrass@edu.tbz.ch"|"m3dzYS-JWh#FK-MtvyRj"
"laurene.ockleshaw@edu.tbz.ch"|"#FunV#-Rjl@D1-4eU9Vi"
"cecilia.pasticznyk@edu.tbz.ch"|"mNBjI&-j3Jn&B-rgpp&&"
"stevina.mackey@edu.tbz.ch"|"M8o9Cg-QNUEV$-$%AmOZ"
"marie-noel.reven@edu.tbz.ch"|"ozHSt3-8cr@Y@-supNLS"
"melina.quilkin@edu.tbz.ch"|"8GIV@J-9XT4bX-KyKTOX"
"marie-noel.ferrie@edu.tbz.ch"|"0l&Q@E-zIR%vv-I#CKqA"
"leone.alphege@edu.tbz.ch"|"ib7#r2-Gl7fJA-gWiRjx"
"zoe.leverson@edu.tbz.ch"|"xgDoHu-kx3YDC-$%1f7I"
"annotes.grayne@edu.tbz.ch"|"suwdlt-d4R@#C-GApf5I"
"faites.lalley@edu.tbz.ch"|"T#kDJV-@GrAn3-5H5DN%"
"adele.wallis@edu.tbz.ch"|"c$V4fv-Y$5A7o-XAC&7R"
"severine.madill@edu.tbz.ch"|"#TKOLa-G4Q4qP-ph3ReF"
"valerie.tebb@edu.tbz.ch"|"JfQMcG-udg#Mc-hnnSVB"
"kalliste.rasper@edu.tbz.ch"|"K7WZiv-6u&Mmu-NFIM3f"
"audreanne.palomba@edu.tbz.ch"|"p9U9gH-JD8J7K-6w0EjF"
"elea.adamik@edu.tbz.ch"|"NTW5VQ-I0tI5t-sv3oao"
"reserves.jakuszewski@edu.tbz.ch"|"8tY6IQ-fNLAZ2-FRQjsp"
"athena.belhomme@edu.tbz.ch"|"WPJqba-u@GQ7p-zQzX$Y"
"rebecca.crippin@edu.tbz.ch"|"Xm7ozG-JJiU3h-ZLYsEf"
"maiwenn.curman@edu.tbz.ch"|"VrZEdH-a%C18J-o%Gojx"
"andree.bunner@edu.tbz.ch"|"kiZPiO-vb8nEm-krwg&j"
"ruo.winckles@edu.tbz.ch"|"b0iNB#-hXEWcn-UTW6UO"
"naeva.buntine@edu.tbz.ch"|"Y81o5w-zTcBv1-Vu7OxQ"
"boerje.dollard@edu.tbz.ch"|"HqzuEt-ckPnIv-acIgs&"
"penelope.gorman@edu.tbz.ch"|"YnPrGW-bVKb@G-ZGaIat"
"alois.robelin@edu.tbz.ch"|"kArTrA-ep595u-DmUxBS"
"anaelle.tindle@edu.tbz.ch"|"@P$rXA-jYV$jR-J@JCUE"
"ye.frears@edu.tbz.ch"|"0pu0Lu-ZEsVB&-5EP8a0"
"andree.ovid@edu.tbz.ch"|"wYeSm@-tlEtgu-gr@@P3"
"hakan.peat@edu.tbz.ch"|"AETaf&-sd1%vU-i3gYBa"
"andre.januszewski@edu.tbz.ch"|"FReQOh-63%swB-6&xJlH"
"annotes.clemmett@edu.tbz.ch"|"BrNdwT-I#aYSw-Co%#vZ"
"pal.lambswood@edu.tbz.ch"|"%y2adU-FXBXIm-W6nAVa"
"yao.lenton@edu.tbz.ch"|"kb%#dZ-CshGh9-5r0Cvo"
"hakan.boyton@edu.tbz.ch"|"RGQ&xN-#rTeLT-fuTGJ8"
"nelie.forsey@edu.tbz.ch"|"VDrzJj-73QjgO-3@9QMb"
"hakan.horche@edu.tbz.ch"|"x6@2x8-MWMVPY-fL3LkX"
"lorene.sinkings@edu.tbz.ch"|"&c$3QC-yd9x4y-$jdQnI"
"marie-therese.creddon@edu.tbz.ch"|"RsIBZf-%AgFpH-SP#%r8"
"berenice.tolworthy@edu.tbz.ch"|"TBCRfo-ku$Jd&-PqHl#E"
"theresa.land@edu.tbz.ch"|"xhKKqC-EC2fh6-IvLEc&"
"marie-therese.gianilli@edu.tbz.ch"|"WVW7pa-A6broB-iKEU5%"
"meryl.glew@edu.tbz.ch"|"Fum3lF-Y4S25j-5hsAJG"
"adele.debling@edu.tbz.ch"|"DMV3tJ-NdXgkk-LppXW2"
"anae.metzke@edu.tbz.ch"|"HdbDIy-c1OKRS-z&p3TF"
"gaetane.gooden@edu.tbz.ch"|"vYQ#yH-M6FmEN-cr8$pf"
"laila.bootland@edu.tbz.ch"|"ek347O-1TuNhP-jgpsp9"
"maite.helsdon@edu.tbz.ch"|"y13fNW-X$GEqf-j@baO5"
"andree.malley@edu.tbz.ch"|"YOefSD-cxtAj5-L&SOjJ"
"pal.simmens@edu.tbz.ch"|"hTjsBS-Y&HWYy-S5kaQI"
"maelys.nuccitelli@edu.tbz.ch"|"W&uCbG-R3@SkS-yYZetM"
"dafnee.sibary@edu.tbz.ch"|"hsK0F2-%R&4et-9XbXy5"
"alois.harsnep@edu.tbz.ch"|"JgqBqJ-oM7WWq-paa2Cb"
"marie-helene.lacky@edu.tbz.ch"|"28IVz@-Rf3fyc-yYlLV$"
"mylene.youthed@edu.tbz.ch"|"#RlIg%-Lq%Gh0-7G1@OX"
"marie-helene.dehmel@edu.tbz.ch"|"ac4eD&-XuR@YD-xeWpBG"
"angele.batman@edu.tbz.ch"|"fGR7zL-K&5ip8-X9Ue4U"
"melia.younghusband@edu.tbz.ch"|"uGeYjf-FexcRU-0fhxyp"
"eloise.baldi@edu.tbz.ch"|"quvPDy-FDWJab-EQYeIg"
"illustree.dun@edu.tbz.ch"|"mbuzB2-2h9lWN-1pE@N@"
"genevieve.late@edu.tbz.ch"|"8XKo#B-tfruAq-TbCMBR"
"celestine.colville@edu.tbz.ch"|"M3qD&u-YntaAj-9f61Dt"
"gwenaelle.scarlon@edu.tbz.ch"|"GekJne-YhbQOJ-b5$Zm#"
"regine.boddie@edu.tbz.ch"|"E77$k0-cYkREZ-QYsR10"
"creez.gaughan@edu.tbz.ch"|"2eFex&-EAqohv-6JRFxP"
"gaia.longford@edu.tbz.ch"|"t4$qf4-$Gx@ee-UjsOGI"
"mailis.buckby@edu.tbz.ch"|"J6GlA$-&7uDv0-66yRO6"
"song.parbrook@edu.tbz.ch"|"A8i0G%-TWs8A7-0$Fr&S"
"frederique.heddan@edu.tbz.ch"|"t6V$cu-vL4Tn@-cC0j7P"
"ake.kirtlan@edu.tbz.ch"|"v@XW5H-0HIbPE-V5HTLC"
"nelie.runciman@edu.tbz.ch"|"MQGZLu-nmS9hS-ZgOWlu"
"mailis.cardnell@edu.tbz.ch"|"EMXopi-ctot#O-PMO3eU"
"irene.navarro@edu.tbz.ch"|"OOKThA-j7vW2g-J7hU@N"
"maite.cough@edu.tbz.ch"|"k9KaWq-YG71FU-EeINVA"
"anaelle.stocky@edu.tbz.ch"|"CHY7VQ-EhA@YP-mvF$K1"
"methode.moulder@edu.tbz.ch"|"%Qp0CD-rOiWiv-uU&W9x"
"po.stafford@edu.tbz.ch"|"2mPequ-e2G5y5-X0LWrJ"
"faites.scraggs@edu.tbz.ch"|"jmVQ5z-KDep9z-ItueOH"
"adelaide.dullard@edu.tbz.ch"|"#RPzki-4OBJbP-bDbzSy"
"desiree.leonard@edu.tbz.ch"|"Gywd14-PB1FLI-JsR%Uw"
"geraldine.badgers@edu.tbz.ch"|"@Ry59U-fSnb5D-RQ4#B1"
"ruo.masic@edu.tbz.ch"|"bXgd6i-z&CitQ-zxiCdW"
"aurelie.lieber@edu.tbz.ch"|"YX$jAY-hFLi26-2efQVD"
"naelle.balcock@edu.tbz.ch"|"JRVUGa-tYxDFu-592UgC"
"camelia.elger@edu.tbz.ch"|"50tKoZ-A@6K5Y-&%5MJ6"
"publicite.oakeshott@edu.tbz.ch"|"IFxF6a-ueB&xf-OylHFc"
"cleopatre.fawley@edu.tbz.ch"|"bw@m&@-B#tjMV-Nr4Oit"
"laurene.bruckmann@edu.tbz.ch"|"dXaTGA-FZB9OK-rbNNSU"
"rui.haughton@edu.tbz.ch"|"2aGPGG-zd#RKk-sRt02F"
"asa.ladewig@edu.tbz.ch"|"NFeDV2-pJ#Kbf-AcvOmR"
"gisele.janecek@edu.tbz.ch"|"UDjg5G-BgfxGM-sLA$Ih"
"maily.loveridge@edu.tbz.ch"|"vXcruF-Ov5Y&A-lR63bb"
"marie-eve.yurkiewicz@edu.tbz.ch"|"u8u0Q3-@1e#lh-ayKBQF"
"fei.roder@edu.tbz.ch"|"T3BfFt-RlTKdX-uXpKoL"
"edmee.chatburn@edu.tbz.ch"|"tHVAIR-9AFk2a-fR6Dga"
"geraldine.darke@edu.tbz.ch"|"@%6Hq1-G7w@zs-Yk0FLT"
"ye.jira@edu.tbz.ch"|"QL$gH6-pWvlrm-uR$9ML"
"publicite.persent@edu.tbz.ch"|"6oTfYj-@LH3c&-AS#gLq"
"severine.wilcox@edu.tbz.ch"|"tVYS%Z-phgYou-vFT9bJ"
"yao.mcclaren@edu.tbz.ch"|"R1HtY&-YSukNm-ifDDuk"
"theresa.foynes@edu.tbz.ch"|"5WWoad-B0HTTu-gYD1U@"
"stephanie.isley@edu.tbz.ch"|"invvsN-wq%6vg-151YP2"
"torbjoern.growy@edu.tbz.ch"|"oFwGop-lYs9JI-BvYVuA"
"eloise.tunnadine@edu.tbz.ch"|"hqAxBY-ry47cY-syHmQn"
"maeline.cossentine@edu.tbz.ch"|"CJJjT#-nBo&Wo-oB%rxC"
"nelie.desantos@edu.tbz.ch"|"e%N@Gm-32oYdx-uD7hpv"
"gaetane.axston@edu.tbz.ch"|"kkKOTt-7QLLP8-nxgWaX"
"aimee.merman@edu.tbz.ch"|"omDXN2-Bo7ng$-VgVsFA"
"oerjan.drivers@edu.tbz.ch"|"X2ym%#-&zK3oo-P4SNtJ"
"aimee.miroy@edu.tbz.ch"|"ipyIfp-cjOZTV-QzXHlP"
"nelie.glyde@edu.tbz.ch"|"XhkHTk-ZjGLU2-y3HXCO"
"hakan.kapelhof@edu.tbz.ch"|"4pbCXb-4Hsij0-t$QbNr"
"maelyss.cauley@edu.tbz.ch"|"g9ePBS-&D8iXZ-2XYo6X"
"elea.vaggs@edu.tbz.ch"|"lw3iwa-TjLcn4-ckOSYj"
"maelys.but@edu.tbz.ch"|"ukA#X4-SRLR52-Xb@TA@"
"maella.arthurs@edu.tbz.ch"|"sLv@hc-huGfE4-fol@BX"
"adele.liebrecht@edu.tbz.ch"|"6##BEc-avKx0B-okWZAX"
"meline.lomasny@edu.tbz.ch"|"Y@F%Fp-uMPGMm-Nac8Ni"
"mediamass.schwant@edu.tbz.ch"|"Oc&Lak-8InXmr-x&Mj@Q"
"leone.saunt@edu.tbz.ch"|"lAt3Y2-9ezZIk-8T5mRB"
"annotes.gouch@edu.tbz.ch"|"hbB4i1-h6oaNK-gnV7bW"
"gaetane.bowich@edu.tbz.ch"|"Njh&cV-0a@pT2-GoKxUe"
"alizee.strelitzki@edu.tbz.ch"|"QzHOQm-0@egUR-4v&KkO"
"leone.poile@edu.tbz.ch"|"WBoJm$-X5&HM&-0ID#dw"
"amelie.saban@edu.tbz.ch"|"9NAlca-n9dbvv-pJq2V$"
"marten.mcmenamin@edu.tbz.ch"|"eNwrob-bc$OxG-U@gbIU"
"becassine.keets@edu.tbz.ch"|"WX78f3-Tn4DhN-1XNaNX"
"celine.million@edu.tbz.ch"|"LN7sCY-V&s31P-oloT6L"
"geraldine.belitz@edu.tbz.ch"|"&3Wh5k-lRUd9&-Mdmza6"
"salome.mardling@edu.tbz.ch"|"W9UYGW-PnWdT$-Sw5NJG"
"melia.blakemore@edu.tbz.ch"|"vRU&n#-f8Epdi-w5MAR2"
"dafnee.mcaulay@edu.tbz.ch"|"S0as2w-#ghye3-xzNH8c"
"garcon.dennett@edu.tbz.ch"|"e1Xlp%-tmGpfL-OD5Dfs"
"interessant.lesor@edu.tbz.ch"|"RU&3nI-XGWH0O-xT%s1c"
"annotee.wasbrough@edu.tbz.ch"|"fksvfM-Sz@Wc7-klgGAe"
"asa.ibbeson@edu.tbz.ch"|"9B5lmI-ZsGt8D-@Ad37c"
"maily.kennealy@edu.tbz.ch"|"3i#eaw-$3IE5G-TkNV96"
"ye.seares@edu.tbz.ch"|"2@mlGG-Bk05%4-bscOSo"
"athena.harbron@edu.tbz.ch"|"JIhHB6-ap&vxH-okK4hD"
"andreanne.portail@edu.tbz.ch"|"drBcyi-Y2X0R%-bAVp2S"
"goeran.zannelli@edu.tbz.ch"|"j7nQ$6-lSPULj-daejPL"
"gerald.leathlay@edu.tbz.ch"|"Zmr6oa-lCLKyK-U$D7cO"
"andreanne.chown@edu.tbz.ch"|"2fVJeJ-60Vx9S-tvg0xF"
"esteve.clementel@edu.tbz.ch"|"CDqkL8-mKx2CY-&E8GGh"
"leone.legan@edu.tbz.ch"|"x2@dil-H7sxBz-Qagh@z"
"maena.pownall@edu.tbz.ch"|"M5IKS0-BEO58Q-ySQJAG"
"andree.rettie@edu.tbz.ch"|"B0sCZ2-GbhHoY-&@IPrx"
"ines.kenwrick@edu.tbz.ch"|"BQGTD4-LGCxPb-Cpkmjw"
"marie-helene.yarnall@edu.tbz.ch"|"rOqPPd-m03Jqr-XWBs&m"
"po.martin@edu.tbz.ch"|"#i6Trx-Gk&loy-D$HOCF"
"ruo.celiz@edu.tbz.ch"|"JFZkxH-He@B5d-EGcERL"
"po.bissett@edu.tbz.ch"|"H3bx$D-bpVkZQ-&%P1FA"
"du.swindon@edu.tbz.ch"|"YMLPYG-XOR1sN-KrKKFT"
"interessant.gouldthorp@edu.tbz.ch"|"lZKrq$-P#qnIJ-K9hUE%"
"leandre.lilburn@edu.tbz.ch"|"ChPGl@-hWGZg1-0AFhfh"
"bjoern.whales@edu.tbz.ch"|"VRAbs6-DpoZZi-ltwyCZ"
"interessant.dieton@edu.tbz.ch"|"0cVExR-IVbFAW-qYAHoy"
"celestine.redhills@edu.tbz.ch"|"LB&a1T-SllDDA-4d&taT"
"tan.yakovlev@edu.tbz.ch"|"Ps9KkZ-Gol3YW-5bCfO@"
"regine.mcdowell@edu.tbz.ch"|"0xuM&r-0JAUS3-Ym7YWv"
"ju.coysh@edu.tbz.ch"|"atPkTp-1n5ril-pZcoex"
"reserves.ofallon@edu.tbz.ch"|"EBP1wl-rNb38q-1HCgK8"
"frederique.sobey@edu.tbz.ch"|"isnxBT-DBIVhW-MUDrk%"
"marie-eve.garstang@edu.tbz.ch"|"lcMQCI-#yJLkg-ZjXWwi"
"andre.tapin@edu.tbz.ch"|"lDf#r7-q1WfVr-zAT$%j"
"esbjoern.eynon@edu.tbz.ch"|"FWHbfd-tL@hiZ-LnfCsa"
"maella.duffy@edu.tbz.ch"|"x0WQH1-WXIa6f-T#vqni"
"leandre.twinning@edu.tbz.ch"|"PmT3O9-d4RRY$-8Ztro$"
"mai.whittingham@edu.tbz.ch"|"sKy9EH-7sqINw-oRr@5L"
"rachele.shevelin@edu.tbz.ch"|"%j9kWQ-1kvGqd-iE5VFh"
"cecile.mcure@edu.tbz.ch"|"Lu1WUW-O%coG1-tv3%rE"
"marie-eve.yurkevich@edu.tbz.ch"|"rGqkuz-PXh$E5-gh7xdF"
"almerinda.paice@edu.tbz.ch"|"yx@AMs-azsoPS-5Q7u$I"
"rao.howkins@edu.tbz.ch"|"ln9s89-GsH58O-F33w@a"
"serena.pack@edu.tbz.ch"|"XMb%JF-Th5cPY-rM7RAc"
"rebecca.mant@edu.tbz.ch"|"ujSe%y-DBoukP-M9VS#4"
"reserves.spitell@edu.tbz.ch"|"obj3EV-hcUFce-EyjGgP"
"garcon.hamfleet@edu.tbz.ch"|"GZg#F@-bSqQOD-k1z9K8"
"methode.kerkham@edu.tbz.ch"|"ktEWzC-Ox99MS-I12p#i"
"pelagie.camies@edu.tbz.ch"|"%u&rQn-#2bQVd-OHggje"
"josephine.macpharlain@edu.tbz.ch"|"xfh8Lk-JHEs0m-%T@Dfo"
"eugenie.mathet@edu.tbz.ch"|"6fMDnU-l89lDR-kgRO9H"
"gaetane.brangan@edu.tbz.ch"|"9Ht2BF-wQc2jp-klghf7"
"michele.dewbury@edu.tbz.ch"|"HQlSN@-y2HN2A-9jt2QQ"
"eugenie.elcott@edu.tbz.ch"|"q%wRSQ-1zShIX-OrLDIb"
"megane.harniman@edu.tbz.ch"|"82kz7m-FQMi4S-Dqm97i"
"agnes.cluney@edu.tbz.ch"|"pm3azE-fR3nui-2VoEI4"
"marie-helene.angear@edu.tbz.ch"|"hLig%u-n3#tyk-Ac#9eF"
"melia.dolphin@edu.tbz.ch"|"lLNeLf-EiCdlB-yMN4ze"
"lois.ruseworth@edu.tbz.ch"|"ui7xig-XPvj&a-V@O6Ti"
"mailys.ryding@edu.tbz.ch"|"qA&7ZJ-X5Hfus-%A8Puh"
"rachele.wulfinger@edu.tbz.ch"|"ib3@IQ-W839kf-k106rJ"
"gwenaelle.talton@edu.tbz.ch"|"WTdFM%-3lrN1V-3Dixmk"
"long.ronchetti@edu.tbz.ch"|"o2L1mp-qAbmtG-@Dx4Wb"
"styrbjoern.kloska@edu.tbz.ch"|"U3#0@W-&FX1bd-VNImGQ"
"len.sudran@edu.tbz.ch"|"G$pmEK-jHIxxM-TzMBPC"
"maelle.andrysek@edu.tbz.ch"|"MligY3-3tn6uT-DRb1Vy"
"selene.senior@edu.tbz.ch"|"&9FFFD-dEGrWf-OsCO5h"
"anais.joskovitch@edu.tbz.ch"|"z%TreK-934$kC-mWMKS2"
"marie-noel.dally@edu.tbz.ch"|"A5NhGA-Pe%OcN-hxAeGi"
"marie-helene.laurence@edu.tbz.ch"|"SdeRh3-#XTd$l-5$LzPT"
"camelia.foxon@edu.tbz.ch"|"Nyh7bs-@x5$GC-RDHAzo"
"helene.cankett@edu.tbz.ch"|"C4oisq-s8bZ9F-ykf&z%"
"marten.mitchelson@edu.tbz.ch"|"K%iWbe-boQt5B-iOZ%FE"
"helena.stirtle@edu.tbz.ch"|"VT#$uG-79fw$y-AWQUsp"
"leane.barmby@edu.tbz.ch"|"&DICyb-o4tBt1-r7lxA6"
"goeran.ofinan@edu.tbz.ch"|"DDG5G1-3#1HD2-Wpjycv"
"styrbjoern.proby@edu.tbz.ch"|"6mzcHf-xM0&1O-i$LKqW"
"zoe.halse@edu.tbz.ch"|"3WhVqu-2BW9R3-DX%7o#"
"kui.drable@edu.tbz.ch"|"rzz1NJ-QleBzB-nysxF&"
"desiree.bamford@edu.tbz.ch"|"Ps99I7-neH3xq-h89Fh7"
"zoe.suller@edu.tbz.ch"|"p4fvyx-LvdH4$-dbPgOy"
"marylene.audiss@edu.tbz.ch"|"WY3BL2-qI9dd7-hsPQAB"
"adelaide.poznanski@edu.tbz.ch"|"H7$Ywb-dX@qLK-h#prPH"
"maella.coleyshaw@edu.tbz.ch"|"4uzlmq-W0bzIq-YDIWKO"
"marie-francoise.gelder@edu.tbz.ch"|"P7SLlo-B5&wa1-aOi9OS"
"eleonore.chaffyn@edu.tbz.ch"|"5ZFRqO-Gqhxgj-&ikrNZ"
"celestine.sikorsky@edu.tbz.ch"|"U@Y&wj-8GC&Ym-ncA%r5"
"stevina.londsdale@edu.tbz.ch"|"7K%ha3-WNGemV-2VkNaK"
"maiwenn.nevitt@edu.tbz.ch"|"Sj1Ex9-23W&Cw-pq05HD"
"magdalene.gerrey@edu.tbz.ch"|"hLFEaq-5ZQxTB-evRpqR"
"becassine.latimer@edu.tbz.ch"|"#AA6tK-aQ3o$Q-bJwVXb"
"da.lethibridge@edu.tbz.ch"|"nwjZDY-3Pagox-2QLM08"
"mailys.claige@edu.tbz.ch"|"ub&hCD-7zWIh4-joA@RL"
"maena.torbard@edu.tbz.ch"|"Ev95oe-Lqlt11-8q5&30"
"solene.lyvon@edu.tbz.ch"|"uW%PDM-A@HFkJ-bQchmI"
"marie-therese.benbrick@edu.tbz.ch"|"P1cY9n-MnK$Ps-c#2&tB"
"gerald.edmonson@edu.tbz.ch"|"twnADS-hP6noc-4pq$mq"
"ake.messruther@edu.tbz.ch"|"Cas1Kl-O7hip8-eueVRE"
"men.gosneye@edu.tbz.ch"|"XZMx$A-mnWdKN-NVBrEj"
"anais.jefferys@edu.tbz.ch"|"G3%WgW-s0Nzgj-#vr@pM"
"publicite.tregale@edu.tbz.ch"|"%omkig-nolVPb-tSt6Wm"
"maily.santorini@edu.tbz.ch"|"0Ablax-ADUkHu-7v0RvL"
"ines.pioch@edu.tbz.ch"|"2Q$jQL-NWRxHF-dei$l5"
"noemie.marklew@edu.tbz.ch"|"ZkWxHq-ifr%yJ-e8&c0Y"
"meghane.maccaffrey@edu.tbz.ch"|"Nlkb84-vOZ&Rb-tgU#kS"
"berangere.ambrogio@edu.tbz.ch"|"ztBnxL-EaKx48-q#PTkI"
"mediamass.ryce@edu.tbz.ch"|"m%UC%G-AeE9tL-CJJ4&1"
"oesten.ubank@edu.tbz.ch"|"SLSPNB-8F7i#Z-W$Y0Ov"
"melina.mackee@edu.tbz.ch"|"O&YJ53-dol8i3-bwem2@"
"theresa.livezey@edu.tbz.ch"|"dyjNgh-81tTZ@-4#VE5s"
"clemence.weal@edu.tbz.ch"|"edZMVB-BoVeCN-&9Qls8"
"faites.overton@edu.tbz.ch"|"fnYzc6-%OC%Lm-pgzJQ3"
"clea.lindblad@edu.tbz.ch"|"oqZ33W-OcKhvq-u8rAPD"
"josephine.roseaman@edu.tbz.ch"|"u%rYfA-WWHzL8-TTt6hz"
"oesten.lowbridge@edu.tbz.ch"|"0OFcEe-LxFYS4-x8xRZY"
"marie-josee.brion@edu.tbz.ch"|"#x2%HQ-4oi&2%-Jah4Dq"
"therese.basili@edu.tbz.ch"|"OYz%nZ-hh4oOc-87f5u5"
"melia.vertigan@edu.tbz.ch"|"dvE4%d-juU7xe-jgE96v"
"judicael.saull@edu.tbz.ch"|"IY%9Y4-BQQmLH-C8Jl#i"
"selene.valentine@edu.tbz.ch"|"vteXs@-grHHGU-4QI5y2"
"verane.dunlap@edu.tbz.ch"|"isLBzB-uFjw#t-VPG%tH"
"meline.kinnear@edu.tbz.ch"|"ra8lHo-$E&Wm3-Styt%X"
"lei.luttgert@edu.tbz.ch"|"Zge#FQ-mBnH1c-h7DxsD"
"styrbjoern.lathleiffure@edu.tbz.ch"|"%B3EYB-$25TJa-B7AJtJ"
"marlene.blasi@edu.tbz.ch"|"YVbTqI-ZfPBkJ-xzFzl9"
"mai.begwell@edu.tbz.ch"|"LufTxQ-MNhha8-wowDsw"
"gwenaelle.kaines@edu.tbz.ch"|"PYFNk4-x9&wHT-x1@JYo"
"gerald.adamthwaite@edu.tbz.ch"|"fw8yGj-c%dLWJ-jhetdc"
"kui.hartfield@edu.tbz.ch"|"6XJ5Hw-22a@Ti-cYdKIX"
"salome.currao@edu.tbz.ch"|"sqUOx$-2uwu62-JlGy2Z"
"angelique.tixier@edu.tbz.ch"|"&ehwEY-3XU#8w-6CUM##"
"ju.mcgragh@edu.tbz.ch"|"35mWeV-k$O6QQ-u$Ja80"
"dafnee.beachem@edu.tbz.ch"|"e8sNja-vNK%L5-toRiiL"
"creez.terlinden@edu.tbz.ch"|"#A4O$0-ZgT5rX-c$fB4R"
"uo.mcskeagan@edu.tbz.ch"|"ub2b%2-lpz9lC-oQ6#xf"
"edmee.mccaughren@edu.tbz.ch"|"IJ6rTb-FecIIW-Jf5k99"
"asloeg.cozby@edu.tbz.ch"|"VK0B$S-OpxcoR-vg3omD"
"melodie.traite@edu.tbz.ch"|"ZGF#DS-Q8Vwl5-V#@XmG"
"dorothee.aindriu@edu.tbz.ch"|"&4BxLo-RfV$lM-m3t$KF"
"daniele.doley@edu.tbz.ch"|"KI@&Fg-FR7p@H-L6TjpY"
"mediamass.fairclough@edu.tbz.ch"|"fIxIt7-%pu$hg-MJ%jim"
"lorene.rainforth@edu.tbz.ch"|"%WRfIu-hGRqJ0-ovLCN4"
"leonore.eyer@edu.tbz.ch"|"ho8r%k-n%LtcH-7JBj9M"
"po.spillman@edu.tbz.ch"|"mQWpAg-xugGW5-IbrCw2"
"cecilia.plitz@edu.tbz.ch"|"qcUWFW-l44gYA-IpL&kK"
"lorene.ludlow@edu.tbz.ch"|"&yYqmm-VvhzyV-ita5ew"
"berangere.neligan@edu.tbz.ch"|"s1Cou3-ybYeqU-bmTn2A"
"simplifies.huggan@edu.tbz.ch"|"Vwd$XJ-2M&BH#-GnTv&w"
"clelia.prandy@edu.tbz.ch"|"naSQkd-o1wNcb-kWNO7t"
"ake.osban@edu.tbz.ch"|"lsnj3&-9VGQ6V-QmtvUd"
"cunegonde.brunn@edu.tbz.ch"|"JxclSn-a%adn7-ngXqW8"
"long.grizard@edu.tbz.ch"|"R4jCzW-r1GPfo-cEh%6n"
"meghane.diss@edu.tbz.ch"|"HQAh8V-Xwtt&S-&zGx%v"
"therese.oldman@edu.tbz.ch"|"u23Ux8-#58U7A-LmFpuE"
"boerje.scamerdine@edu.tbz.ch"|"ov4h5c-fW6NY0-dE$AEl"
"du.saban@edu.tbz.ch"|"v&jBjM-nXtuTF-78ih8t"
"hakan.clynmans@edu.tbz.ch"|"vgy@Mq-O7@exb-YTaSKA"
"wa.macdowal@edu.tbz.ch"|"DO%GXA-mDAbhK-uYTPf%"
"venus.hatrey@edu.tbz.ch"|"4AlT8z-KQfUzi-w@uGVv"
"anaelle.vispo@edu.tbz.ch"|"Wz$%cG-e9QSYq-@@WWUE"
"mahelie.ollcott@edu.tbz.ch"|"N%NIRS-XNY60K-gZOFkh"
"mediamass.whyman@edu.tbz.ch"|"6dVtDG-bEZwd1-zEWkdU"
"esbjoern.basson@edu.tbz.ch"|"ZPUQ&y-2UOuk3-W6MmrU"
"andrea.morrill@edu.tbz.ch"|"hLw8Q2-%0ByET-pw7zd4"
"melys.grassi@edu.tbz.ch"|"%A4wnc-Z52KDR-6KyUvV"
"leone.poleye@edu.tbz.ch"|"6tc%Hg-QIG8XX-bTf4JL"
"francoise.penny@edu.tbz.ch"|"Nkwwjw-ypCMwc-w703DV"
"rebecca.edney@edu.tbz.ch"|"@sEWV%-zFHC#k-TKpF#I"
"adelaide.murtagh@edu.tbz.ch"|"FCX3CH-n9K%z7-frr2en"
"stevina.winterbourne@edu.tbz.ch"|"PcXrgC-8mUY@k-7yvE9S"
"ma.cottom@edu.tbz.ch"|"Wym8gH-BHv6FT-0G4OeG"
"tan.harold@edu.tbz.ch"|"XVEIAI-#JD7B4-j#ZPEy"
"venus.forte@edu.tbz.ch"|"7Cj%i$-CJ0zqz-2gunZN"
"almerinda.oluney@edu.tbz.ch"|"prMZ9z-ggPQnk-oZIJsF"
"cleopatre.brehault@edu.tbz.ch"|"imZoCg-&vPdro-7La68R"
"interessant.lapides@edu.tbz.ch"|"UO95WU-ZOR6m@-COPYLS"
"reserves.hallatt@edu.tbz.ch"|"BVQZZt-f$BBY0-BNyN9t"
"annotes.birdwhistle@edu.tbz.ch"|"&qb8zD-ry$xoC-BNJL7X"
"ai.dredge@edu.tbz.ch"|"v5H82$-FkZeO#-Lhw#ys"
"megane.mussard@edu.tbz.ch"|"@fgzuC-aoUah1-t70o@7"
"esbjoern.gowrich@edu.tbz.ch"|"SMW0fP-8hFCfk-Wmmor#"
"boerje.brislawn@edu.tbz.ch"|"OVE%f6-93cfb&-Ah&TrF"
"becassine.wilce@edu.tbz.ch"|"IofG55-RCVfnN-asTLeZ"
"personnalisee.oels@edu.tbz.ch"|"nXz2tj-#zlFI$-KWeFTC"
"verane.pett@edu.tbz.ch"|"c&ftxD-pw4x#@-1SVP$2"
"marylene.glewe@edu.tbz.ch"|"@#fqIc-@%&evM-#mQ4hf"
"lai.elson@edu.tbz.ch"|"x1dQ%N-OEeNpY-ZIR04H"
"serena.difranceschi@edu.tbz.ch"|"z6IHsu-bBNerf-u9d#0F"
"lie.espinel@edu.tbz.ch"|"lRfXSB-7U5Uco-@sP7wl"
"marylene.fantini@edu.tbz.ch"|"OJXl$K-1E041u-AIcCeZ"
"andre.archdeckne@edu.tbz.ch"|"qG0YzF-MYIEkt-yXTW1x"
"goeran.bohlingolsen@edu.tbz.ch"|"Bwyvbx-fSgR7V-ZEqvAK"
"cunegonde.heffer@edu.tbz.ch"|"yU78C4-Gmrbqu-F78DqN"
"tan.fechnie@edu.tbz.ch"|"lk6COB-sYpE$X-rN14mi"
"marie-noel.brammar@edu.tbz.ch"|"ucZEcJ-D1030g-a7FmAI"
"simplifies.aven@edu.tbz.ch"|"e1s9pJ-9DBOk&-nTtkYo"
"melys.pinchen@edu.tbz.ch"|"JG&HTF-JQdN57-q0qVB3"
"edmee.joyner@edu.tbz.ch"|"&$z2YJ-$D0bnP-cqoJH0"
"berengere.edess@edu.tbz.ch"|"9ZEQDX-jbl$an-#IT5Ji"
"marie-noel.goward@edu.tbz.ch"|"Vkf&Fh-A5YWzq-e3xDvL"
"ju.edmons@edu.tbz.ch"|"CyfGxw-&npFoL-Er$L@W"
"frederique.airds@edu.tbz.ch"|"7O10$a-dSUyRK-a8XeK5"
"reserves.dauby@edu.tbz.ch"|"y9t59K-61YG8G-eVThS6"
"hakan.gynni@edu.tbz.ch"|"vshp2s-m$Tz%R-$uoQWa"
"leonore.pinwill@edu.tbz.ch"|"DCu$vy-PRBpk9-dVcBHd"
"marie-eve.mcallan@edu.tbz.ch"|"bcdFIW-XaMpY8-lu3V7C"
"naelle.yeabsley@edu.tbz.ch"|"ShQbPh-MdtI15-gKDVRw"
"nelie.jacobovitz@edu.tbz.ch"|"LEduLc-AtftLg-dNznZp"
"adele.conelly@edu.tbz.ch"|"M#4Kiv-Us1$rX-dGJ&tt"
"clementine.dondon@edu.tbz.ch"|"jm42LR-GQHv58-aWUIEA"
"zhi.willcot@edu.tbz.ch"|"B5oCug-C4J2kj-kV0U5L"
"chloe.janicki@edu.tbz.ch"|"7w1vJ$-wC%9JR-@TU6GG"
"meng.linde@edu.tbz.ch"|"S9g#v9-rIedUU-$npw#H"
"celine.janisson@edu.tbz.ch"|"SNoexG-$xd18I-ZUOFY6"
"clelia.crow@edu.tbz.ch"|"3qrWKO-CBnDVN-vaLYcD"
"cecile.pyott@edu.tbz.ch"|"$kYDAa-GUw#HT-cFbMLs"
"ma.fidelus@edu.tbz.ch"|"puO32V-mmT&fF-KU$8Cv"
"marie-helene.poore@edu.tbz.ch"|"&4Q6H#-o$atuC-M6jr&m"
"elies.blanket@edu.tbz.ch"|"enyD7v-5LD8B6-GYwG%q"
"yu.boyer@edu.tbz.ch"|"uy1VMS-Y&uxlQ-sghWqu"
"celia.welds@edu.tbz.ch"|"1A0v8S-6Dm$&c-HjNdvi"
"du.gunney@edu.tbz.ch"|"bGrZDz-SC&r3U-#EFkMl"
"goerel.crush@edu.tbz.ch"|"gAsNGv-8qe7Pu-Ke%sVq"
"marie-josee.brosius@edu.tbz.ch"|"Kc96pJ-21KO$G-Wlv5Vb"
"camelia.adds@edu.tbz.ch"|"ZyZxOg-BXwcQr-Ho6y34"
"anae.irwin@edu.tbz.ch"|"vmnO6e-W5UMT2-MNo33I"
"cleopatre.skeffington@edu.tbz.ch"|"sXl2st-F@&ZTB-uuRudd"
"gerald.suggate@edu.tbz.ch"|"xO@hDb-Od@lu9-yhpGu%"
"laurene.tailour@edu.tbz.ch"|"DrGpC8-$aKA4V-oWOi7t"
"amelie.hoble@edu.tbz.ch"|"9@tI6I-dPqFAR-mhQh@L"
"venus.getch@edu.tbz.ch"|"%m2Yvv-Li&OGV-XTmRY1"
"renee.treby@edu.tbz.ch"|"#L1b1D-jOnhUk-tGJpOP"
"almerinda.stait@edu.tbz.ch"|"SFd3LJ-#0r$YK-v4BPrr"
"andree.reddecliffe@edu.tbz.ch"|"CIEf8B-u9GqOK-kr#VaV"
"leone.wintle@edu.tbz.ch"|"5@gVEq-d&oALp-Ju639c"
"gerald.fellow@edu.tbz.ch"|"jp8XRZ-r$vfMW-C7cm#5"
"ju.gudger@edu.tbz.ch"|"tCYh1l-Ajt06O-aNzAnl"
"meng.ohaire@edu.tbz.ch"|"siT9rx-@$W8Lr-J&8t1g"
"cleopatre.missington@edu.tbz.ch"|"bEvXXu-GcXxRJ-xArQq9"
"annotes.debruyn@edu.tbz.ch"|"@LRCdS-SrF9GC-jK&sjD"
"gerald.sinisbury@edu.tbz.ch"|"DTbZAi-JtIffq-sJgcG6"
"creez.slora@edu.tbz.ch"|"fthAB8-W#tui9-p9Bwjg"
"gisele.benbow@edu.tbz.ch"|"aY3m#x-IEuBHH-KnM1L%"
"pal.dossit@edu.tbz.ch"|"Ab$ZSv-M4UJUD-P9CUhv"
"nelie.stirrip@edu.tbz.ch"|"YG#W9@-%jY&kZ-apOWWz"
"alois.ocrigane@edu.tbz.ch"|"1IwIPX-CvoOcL-eVco77"
"kui.mcterry@edu.tbz.ch"|"7AMI4#-@3%@n&-1Z7#&J"
"long.willgoss@edu.tbz.ch"|"l&jTmZ-ch9UTe-L5nqvG"
"francoise.sumpner@edu.tbz.ch"|"1WOG2q-DNDm4i-gCq0&g"
"maely.grinstead@edu.tbz.ch"|"VRnxrE-hJTHMR-&mrMOx"
"creez.langeren@edu.tbz.ch"|"0iWrmL-3IEjs6-Hey4bv"
"adele.dungate@edu.tbz.ch"|"wYFpa#-60DYwB-KhDw%B"
"cleopatre.noirel@edu.tbz.ch"|"ipjbtt-6fEJKf-Qd9huJ"
"interessant.daverin@edu.tbz.ch"|"rqwybG-pj9cuj-Dsyoxe"
"naeva.kalderon@edu.tbz.ch"|"&sGKku-MENF0c-GfEal5"
"anais.oshesnan@edu.tbz.ch"|"$FKVyH-fv8K8d-41O9TV"
"judicael.anelay@edu.tbz.ch"|"cvU%YW-ue4Zmw-uP7CBm"
"eloise.braxton@edu.tbz.ch"|"Pch4lK-V$0JSO-sYcpp@"
"desiree.greguol@edu.tbz.ch"|"32OiPE-j24vN#-sjsJtM"
"maite.mcclenaghan@edu.tbz.ch"|"9ufc7&-6o8Yik-nHOyqb"
"meng.doret@edu.tbz.ch"|"DuS4dK-Jk2p&f-MyHP3o"
"frederique.chippendale@edu.tbz.ch"|"tBvtdk-3EX&Bn-ZQV204"
"andreanne.lanney@edu.tbz.ch"|"5hsXJN-x#ewVv-2ntvBQ"
"aurelie.claus@edu.tbz.ch"|"VIs@qE-f%RM0b-hU$Xal"
"renee.pabel@edu.tbz.ch"|"HBZCEo-kbbjPB-kQUytd"
"maena.roust@edu.tbz.ch"|"PfojLK-nWsnby-RWE33%"
"nadege.carwithim@edu.tbz.ch"|"YfQS%o-YJ2v#&-LpUncr"
"solene.geyton@edu.tbz.ch"|"I92FSO-XawlMu-&Git4k"
"dafnee.avraham@edu.tbz.ch"|"B6XQ%b-tp6odb-mwfSkP"
"leane.woolvin@edu.tbz.ch"|"ATTEMw-qkX&Ml-pkAQdM"
"adele.macadie@edu.tbz.ch"|"0grQoU-P0HtMu-%CAh0T"
"meline.rubica@edu.tbz.ch"|"A5kEz4-v2hK8@-MfdYOb"
"marie-noel.speeding@edu.tbz.ch"|"GoQ0ki-LgE1uA-J#@YU7"
"nelie.mix@edu.tbz.ch"|"sQqF0B-L0LHyj-BdJRyZ"
"clea.ollett@edu.tbz.ch"|"ltwhWb-IP6F8P-Wwtmto"
"leandre.mcgavin@edu.tbz.ch"|"b8zhY&-Ys9POF-xBt&al"
"cecile.behne@edu.tbz.ch"|"K@7ToL-CUlHw@-UQYhej"
"melanie.polle@edu.tbz.ch"|"ZeF9lL-GJ0ixt-ZX@b4a"
"marie-josee.titmuss@edu.tbz.ch"|"2OVSrQ-qNoTfr-X$wkzb"
"helena.guest@edu.tbz.ch"|"EoON9B-l38yVh-i3sj4i"
"annotes.chicchetto@edu.tbz.ch"|"rEOz6F-cfet#$-f39JqB"
"melia.tubb@edu.tbz.ch"|"WNi3t1-MnUp41-@liw9T"
"angelique.casetti@edu.tbz.ch"|"p#MiyM-eV51UA-Ra3CMf"
"cunegonde.cleall@edu.tbz.ch"|"&RZGCp-okaZA#-yqmgF7"
"camelia.oaker@edu.tbz.ch"|"dB7Tqw-#cd&nq-OvFZeU"
"you.searight@edu.tbz.ch"|"14TE2$-boDL3B-uaGnhy"
"kevina.dederick@edu.tbz.ch"|"mD7%zv-D3kZpr-TGNulV"
"milena.jeffrey@edu.tbz.ch"|"R5vM3b-s6Rge#-IFaJ3T"
"melodie.barkshire@edu.tbz.ch"|"4Sq7%c-9c7zge-ufsw8x"
"gaelle.kreutzer@edu.tbz.ch"|"xXST90-oKyNg8-nkF1d1"
"kalliste.kleinpeltz@edu.tbz.ch"|"eV5Q6$-Zp2e7Z-RHFtX0"
"clementine.danat@edu.tbz.ch"|"vL&b#7-sft$Nr-@n3EAY"
"andrea.wabb@edu.tbz.ch"|"lApR1e-uaVHVE-a4x67N"
"geraldine.piesold@edu.tbz.ch"|"qx%Dhh-koX%TT-sKaPok"
"tan.fiveash@edu.tbz.ch"|"cPCQ0s-k6EWsO-0jSXYk"
"meline.yuranovev@edu.tbz.ch"|"W%e1U1-P6JHqi-pp$OTX"
"therese.holme@edu.tbz.ch"|"qm%%qg-1@vw6Y-Sw8ImB"
"salome.vaney@edu.tbz.ch"|"Dn&JCB-ZgaxVo-DmtXF7"
"anae.abramson@edu.tbz.ch"|"lBHVPW-KPm74F-tH%vr0"
"kalliste.jimson@edu.tbz.ch"|"TMKsuU-C11Oqa-XXzQ@d"
"selene.yole@edu.tbz.ch"|"liTGr%-ezXqpN-uE$O1E"
"agnes.defraine@edu.tbz.ch"|"&SaD7f-xgnVc&-$El6Wg"
"faites.mccluin@edu.tbz.ch"|"6OIbiu-PJ&dxa-8fNmTQ"
"athena.deme@edu.tbz.ch"|"%xcjjV-9Tz%iG-$sNQX6"
"daphnee.brigstock@edu.tbz.ch"|"QflU$N-RoEha%-gxxtwi"
"goesta.skaif@edu.tbz.ch"|"NMdfjk-zWCagv-YjP2nc"
"oceane.jagoe@edu.tbz.ch"|"Yr$RPf-5kaL$L-OIPmHN"
"annotes.broomhall@edu.tbz.ch"|"W9E%lO-cmj9%R-2SMomS"
"marie-eve.ballendine@edu.tbz.ch"|"v1KqDg-YEUh8G-r&xOGF"
"melina.spykings@edu.tbz.ch"|"$ThuX6-IGoXuc-sVudvM"
"laurene.ticehurst@edu.tbz.ch"|"$7Wu7r-EZ7pzz-X3EVDL"
"fei.avramovic@edu.tbz.ch"|"Qc$Fv&-JonXPT-ZnUvOI"
"publicite.strathearn@edu.tbz.ch"|"KoTDrQ-AL03yi-193QvO"
"torbjoern.garrow@edu.tbz.ch"|"yShAuv-0htk#S-Wst5E3"
"chloe.rubinsztein@edu.tbz.ch"|"PBoYoM-&HgTrW-9JD6nT"
"mylene.demanche@edu.tbz.ch"|"14h&uC-P3Y#iE-PXzdGI"
"mediamass.godlonton@edu.tbz.ch"|"oWVCYa-giXJbR-j&xt4%"
"renee.shurrocks@edu.tbz.ch"|"yc9Czb-cr5V6j-y0xn%o"
"maiwenn.jedras@edu.tbz.ch"|"x4bBmD-EZYPDr-tlIlhH"
"genevieve.castells@edu.tbz.ch"|"p73RTG-A%l&mH-MXk&pq"
"renee.sneden@edu.tbz.ch"|"OWZRQ&-DEnAm3-yZXit%"
"lai.mccallion@edu.tbz.ch"|"@tz70@-o@PB7g-52eTaT"
"kevina.impleton@edu.tbz.ch"|"3dabCQ-8qajLa-CIWFwq"
"oesten.fresson@edu.tbz.ch"|"K4L8fS-vKt%8c-Lb$orV"
"verane.shawley@edu.tbz.ch"|"zSN@Sy-&oQEnH-v3%llq"
"uo.sjostrom@edu.tbz.ch"|"Sv5lIM-323qbF-65RQ1a"
"gisele.gothup@edu.tbz.ch"|"#xnRn&-s09i%2-ysAGWK"
"renee.beauman@edu.tbz.ch"|"lCZS3b-Wn1pmJ-sAP88B"
"elies.loton@edu.tbz.ch"|"xlb2IG-#E8ZcI-o7pYE8"
"valerie.elsmore@edu.tbz.ch"|"tKMoD$-tpYrWg-GdvEl7"
"berangere.delafeld@edu.tbz.ch"|"IuNtag-1tqMu@-RjHWZl"
"bjoern.schimke@edu.tbz.ch"|"b0vgkZ-A15%my-uRTYoS"
"loic.ericssen@edu.tbz.ch"|"hbosvv-YmP6Jh-dqOVqX"
"creez.richarz@edu.tbz.ch"|"Rwc$0a-mke1lH-XOTOve"
"athena.grocott@edu.tbz.ch"|"V8pnB8-c$vUT1-FxLzyc"
"naelle.piotr@edu.tbz.ch"|"HqGDHt-age88u-ncU$6P"
"maella.paulson@edu.tbz.ch"|"3xbLDj-L6O5Zi-BGAzjj"
"song.perot@edu.tbz.ch"|"eEiJk6-D1Y4nP-gDErb2"
"kalliste.heckney@edu.tbz.ch"|"1IrpvZ-dgFMg3-8UIqDp"
"ake.vasyutkin@edu.tbz.ch"|"XbNV0v-NmYIJi-&Fv1GB"
"ma.castles@edu.tbz.ch"|"mApG4P-KHMU2w-GpTdO4"
"maely.monget@edu.tbz.ch"|"Khq93i-xcJosQ-x6UI3C"
"tang.durbridge@edu.tbz.ch"|"sXu2$S-lZzCHT-BT182A"
"laurene.andrew@edu.tbz.ch"|"MHHlxL-OupNO0-nMqwzq"
"lysea.beacon@edu.tbz.ch"|"%OR37Y-D8FuGL-Jhf2lt"
"leandre.peyntue@edu.tbz.ch"|"@uzVVK-Ln3b1y-6RDYed"
"rao.trever@edu.tbz.ch"|"jo1LM8-6MW866-17bl$Z"
"mahelie.streader@edu.tbz.ch"|"Em%Ufd-xYTj&S-MfUF&l"
"maerta.andrejevic@edu.tbz.ch"|"#gJwG1-44po%9-cnxs9p"
"goesta.tompkins@edu.tbz.ch"|"bJgipH-MnVJ@Z-Qe#mzI"
"helena.agates@edu.tbz.ch"|"cDFmE5-zsWhLO-ABg0bf"
"therese.glass@edu.tbz.ch"|"#pILY#-o%I@lV-eQ8lcQ"
"alois.foan@edu.tbz.ch"|"rSnykQ-QLHyn3-djofgP"
"becassine.melchior@edu.tbz.ch"|"flhUHY-ZHnGMI-&&pyj0"
"cloe.robart@edu.tbz.ch"|"uT9HAu-U8vbHG-i%8G$K"
"daniele.puckinghorne@edu.tbz.ch"|"e63Kux-gOGbRJ-&v#qvs"
"selene.cammidge@edu.tbz.ch"|"qTkt1D-XHgtT&-uR&T@a"
"regine.conochie@edu.tbz.ch"|"xTqczn-ZtsJWe-yODZQA"
"interessant.tuiller@edu.tbz.ch"|"B0Lm8L-ZsMnqI-GyHPNA"
"long.tiebe@edu.tbz.ch"|"7#K3Ac-vWh12q-trtOEM"
"mans.yele@edu.tbz.ch"|"5rTXWt-8dTVSv-hLqKFt"
"ai.giles@edu.tbz.ch"|"cisU5Y-9lhyse-7J#kQI"
"gaetane.hamberston@edu.tbz.ch"|"@FJ4Oo-D#O14U-IIXMz@"
"marylene.fenix@edu.tbz.ch"|"AAf$wi-vagW$9-HYzN$8"
"geraldine.graeme@edu.tbz.ch"|"5hTt7h-fSiaSF-ATPf5R"
"tang.kinglake@edu.tbz.ch"|"LGUk7M-vETzzf-YZ#l&w"
"lai.challoner@edu.tbz.ch"|"@6Bf@q-#nI$vn-LVimqn"
"desiree.mattei@edu.tbz.ch"|"YUgap@-Z0xb8o-Is&b9B"
"ake.erley@edu.tbz.ch"|"st518b-dtg$SW-OrHv65"
"edmee.cavil@edu.tbz.ch"|"kJMbXx-dWO@%N-B6Q0lV"
"alois.moyes@edu.tbz.ch"|"LNRN8S-#LOmaL-PnYLQt"
"becassine.pitman@edu.tbz.ch"|"hfFpEa-ool53S-11ZhJ@"
"ai.giacovelli@edu.tbz.ch"|"8Kn##m-oD%hVB-jof3N&"
"judicael.fruchter@edu.tbz.ch"|"jDvXOP-Jc8p%r-Ng0YkJ"
"mans.mogg@edu.tbz.ch"|"39WSeL-7326WJ-prDZ95"
"gerald.foyle@edu.tbz.ch"|"lXhDvJ-hLz0gN-a@VP5U"
"wa.androletti@edu.tbz.ch"|"TiKX$9-4dJOva-xG4109"
"meng.ollett@edu.tbz.ch"|"q8Okvg-qXeqJm-jTB9sq"
"naelle.macmenamy@edu.tbz.ch"|"2aIKbp-74TyUa-wsZVZO"
"gisele.mcramsey@edu.tbz.ch"|"@KfKsm-C20c0j-l6Ayi9"
"meryl.scolts@edu.tbz.ch"|"GRmwx3-UYOdL#-FedF6H"
"celia.bloxsome@edu.tbz.ch"|"Fj4Ndc-z3Xo9f-9#tXpF"
"styrbjoern.stuke@edu.tbz.ch"|"1H92OB-zjoYQG-V$uKoq"
"felicie.gwilliam@edu.tbz.ch"|"4fTJHX-Gyzsma-isAGvH"
"da.harms@edu.tbz.ch"|"6yvvZf-7TrBtp-r5nBVB"
"celestine.baulk@edu.tbz.ch"|"y@XfGm-qi$740-2Vpi9E"
"mahelie.blackledge@edu.tbz.ch"|"yhRl8P-SbOsNS-yCcgsu"
"meghane.salt@edu.tbz.ch"|"hIAObQ-hzIQ@5-pp@NQX"
"methode.paxeford@edu.tbz.ch"|"nFe5ty-U1VMHl-WOk@Gu"
"asloeg.milligan@edu.tbz.ch"|"#6Yc#b-m7cQ&W-WFCVP7"
"you.pellman@edu.tbz.ch"|"jGZhGo-5GtiID-rw2z7N"
"loic.regenhardt@edu.tbz.ch"|"psv9jQ-zIQ6ZF-U@PotF"
"daniele.savill@edu.tbz.ch"|"ad9s#H-0DDwf@-mYm#Oz"
"alois.cornu@edu.tbz.ch"|"M$lERB-JuHyG7-tlgnCU"
"oesten.govey@edu.tbz.ch"|"Mi4dxY-vfl@$B-mUt5B%"
"marie-eve.louch@edu.tbz.ch"|"gKXKe%-e&UlPn-Kniym#"
"theresa.wenn@edu.tbz.ch"|"N0lI46-P$367P-dOAa8i"
"andree.eul@edu.tbz.ch"|"EaBIVN-A5Epjz-fg@Mxc"
"lie.paynton@edu.tbz.ch"|"XeVDvQ-C3@f8P-CrvWR9"
"marie-eve.girodier@edu.tbz.ch"|"OvqrBg-HqtGMT-ittnmj"
"marie-noel.smithe@edu.tbz.ch"|"1izBC$-jZ7PYT-aOMKsK"
"men.bootyman@edu.tbz.ch"|"VTCE%9-GH5pj@-h5Bi@n"
"ku.sugg@edu.tbz.ch"|"mdJbMN-4zb1gb-YGbHZi"
"lucrece.roseman@edu.tbz.ch"|"nybb$5-dNRyZH-1$8Q2M"
"zoe.annear@edu.tbz.ch"|"jyfmy@-DPRImq-o2Oo32"
"marie-helene.rennebach@edu.tbz.ch"|"s3U2E0-lSMmrI-6X7$E@"
"lea.djurdjevic@edu.tbz.ch"|"bVsfl2-mGl$jP-6Q163J"
"goerel.robert@edu.tbz.ch"|"l9%hyW-t%xG43-&gsGfT"
"mylene.foldes@edu.tbz.ch"|"A%m8KX-ckXWHv-o37H3k"
"faites.clegg@edu.tbz.ch"|"3U4ehY-8nxyx&-GovYPE"
"marylene.crowcher@edu.tbz.ch"|"chQnW%-o$Czb6-pJ4GQD"
"aimee.wimpeney@edu.tbz.ch"|"iC8@kf-4mdTJM-D8$d9u"
"renee.atkins@edu.tbz.ch"|"Ip9aES-04Ay5b-5zETie"
"rejane.cainey@edu.tbz.ch"|"Yv5gQ9-eJAnwl-0pP52E"
"solene.britney@edu.tbz.ch"|"ERiuji-6NIKqc-G0#yGj"
"marten.shatliffe@edu.tbz.ch"|"4gB$fL-%lzO9w-1ljRv2"
"maite.issatt@edu.tbz.ch"|"NuE%EN-HhTr7O-A2Fo&8"
"maelyss.edon@edu.tbz.ch"|"hIw1J&-MTP@fu-mzhc3G"
"nuo.bamling@edu.tbz.ch"|"LwheYk-Zk#YBx-#vaozX"
"anais.edards@edu.tbz.ch"|"rsME0f-PfninX-dck0QE"
"mediamass.bromet@edu.tbz.ch"|"Cym7fG-ZwkOJl-#76r7A"
"beatrice.kimbrey@edu.tbz.ch"|"4LySTV-tY#X$N-wanoyg"
"ines.lawranson@edu.tbz.ch"|"9ObkN3-EzgM8#-MAgWvJ"
"kalliste.scandroot@edu.tbz.ch"|"OGkn$Z-&U8Wiu-4U0tAu"
"mans.barrowcliffe@edu.tbz.ch"|"wzp3dX-S4ZYSD-lqwTqA"
"irene.couves@edu.tbz.ch"|"TT$X69-Z9PmhJ-Ze5FOp"
"milena.mucci@edu.tbz.ch"|"XF@1zh-12j$fG-vMCTj4"
"naeva.cow@edu.tbz.ch"|"2OgAni-magOhH-h%H6D2"
"audreanne.mournian@edu.tbz.ch"|"aN7t%N-PNS#RB-fJ%cBe"
"melia.sinnatt@edu.tbz.ch"|"paqIOP-Uc@erX-NmJP&@"
"nelie.burnard@edu.tbz.ch"|"sHw7jG-Jlv#cD-83a9PD"
"clelia.ashfull@edu.tbz.ch"|"SDGTbu-rUkiZB-KXhGjV"
"lie.macard@edu.tbz.ch"|"ceizS5-GeWpRm-n7byk5"
"valerie.matoshin@edu.tbz.ch"|"I9etkJ-22skx#-HdwmBf"
"anael.hatherleigh@edu.tbz.ch"|"iyj1uJ-t3bP#3-xtmnU#"
"interessant.warratt@edu.tbz.ch"|"L6UbkI-IRXDUs-nUEM7C"
"eleonore.volage@edu.tbz.ch"|"#VCvij-dZ&8u8-FO%DZr"
"zoe.stebbing@edu.tbz.ch"|"mDOV%D-EWYYQn-JEgPcM"
"alizee.nye@edu.tbz.ch"|"ClwPhK-X4utpz-rP@iBK"
"celestine.bramley@edu.tbz.ch"|"D5nzrA-qMpfpQ-C7BD2K"
"selene.philcott@edu.tbz.ch"|"jTPr4f-NVChyL-j3ABij"
"tang.newens@edu.tbz.ch"|"XzQWhf-0zSdm3-N20kDJ"
"annotes.powys@edu.tbz.ch"|"m@50z%-Bi$jSs-$Apl9K"
"lea.matthesius@edu.tbz.ch"|"zStLEn-D%CavS-#kHhUI"
"illustree.garlett@edu.tbz.ch"|"pLkeAk-k4CLRU-DTOd$4"
"maiwenn.meachem@edu.tbz.ch"|"3%FLCn-qt9L0O-WtvkB2"
"marie-francoise.mcbrady@edu.tbz.ch"|"4&rODr-HNzWCP-1h1jxU"
"illustree.gimbart@edu.tbz.ch"|"uHQ40g-XcEmzV-RLvAK@"
"melys.lyosik@edu.tbz.ch"|"I&gZDR-%UQCz5-quoz9e"
"marylene.mcnab@edu.tbz.ch"|"pGVYJV-@PDJJ3-#@8JsR"
"gerald.blount@edu.tbz.ch"|"3YjTiS-1DPODp-$gmiix"
"clelia.shakelade@edu.tbz.ch"|"t$7g5A-acdbTW-Xsl3VS"
"penelope.cridlin@edu.tbz.ch"|"hAOBYn-mep1X%-Kam6AP"
"maena.okuddyhy@edu.tbz.ch"|"KSNDX$-vbDTEA-RXPdGq"
"athena.keynd@edu.tbz.ch"|"y6Dw3Y-gz3SB#-QZWGWC"
"cloe.dwine@edu.tbz.ch"|"6cNdLh-cXy3d0-dy5Z1p"
"josephine.browett@edu.tbz.ch"|"K5YhPM-D$mH9S-#VxU0L"
"audreanne.oscanlon@edu.tbz.ch"|"dEB8mw-df2d$I-Eq#NXs"
"fei.jeanequin@edu.tbz.ch"|"IBf&GZ-UqpjXi-8NVfr@"
"lois.gormally@edu.tbz.ch"|"mcih4&-0zchNa-toXVF1"
"marie-francoise.finnigan@edu.tbz.ch"|"hs8equ-rdeZ5J-%G@W8a"
"leonore.trussman@edu.tbz.ch"|"HKqaf9-CoMlmi-tCTjFd"
"anaelle.trumper@edu.tbz.ch"|"THll$h-@rjH@3-0M2F8N"
"clemence.dionis@edu.tbz.ch"|"jnOCy9-mcDnCy-OX6jmX"
"lois.tranmer@edu.tbz.ch"|"TyMWv#-HOcbwb-Ui7f4U"
"interessant.volett@edu.tbz.ch"|"pDl86W-FVBaoi-e0byF8"
"personnalisee.deackes@edu.tbz.ch"|"jMJDUQ-dB6gub-ORHpGL"
"lie.vasiliu@edu.tbz.ch"|"@j0ZTK-yRfXc9-70td&a"
"dafnee.lamputt@edu.tbz.ch"|"S0GuVH-KRMsD6-q#P&VC"
"elies.bromige@edu.tbz.ch"|"N3wMvh-Jqfc3C-9i1iG9"
"helena.klosser@edu.tbz.ch"|"KLU%bY-WlO@jL-jyx1Ni"
"andree.grim@edu.tbz.ch"|"pltJVY-B8VrzP-h%nrS9"
"verane.coldbath@edu.tbz.ch"|"XF4m4m-z8TLrP-y%xvT7"
"helena.bethell@edu.tbz.ch"|"TaYDEl-zQ2ZX0-uaAa2l"
"kalliste.carefull@edu.tbz.ch"|"XBCFrk-FLyCx4-cbb9sP"
"regine.odams@edu.tbz.ch"|"0FJ$Bq-fkWPLn-LU#7z2"
"len.stannus@edu.tbz.ch"|"sCl0lW-6dCiHD-8Xl3Kz"
"angelique.works@edu.tbz.ch"|"r%dR0X-@%6Xcd-VTPaNV"
"goesta.rheaume@edu.tbz.ch"|"yDAKY8-#g9@mB-U2UAKA"
"maelys.tynnan@edu.tbz.ch"|"9PIWKA-Tg@vIc-gmCC3s"
"maelle.carlesi@edu.tbz.ch"|"Xh6IiJ-so74g2-ytAqM8"
"anael.spurden@edu.tbz.ch"|"iBimwS-%yx&7n-%tIF16"
"helene.pumfrett@edu.tbz.ch"|"yz9S1A-KTMYdi-PnZSYS"
"goerel.pearn@edu.tbz.ch"|"2x5KnV-UMHiyy-O4YBs%"
"laurelie.dezamora@edu.tbz.ch"|"vYSe%y-Pt60Df-cFAIjx"
"yao.twidale@edu.tbz.ch"|"yGqbxB-3BVsB4-f$D6vC"
"berengere.sola@edu.tbz.ch"|"IMOw2j-pUdJ4K-NMvRPH"
"maelann.hardistry@edu.tbz.ch"|"WFTplo-1G8Tir-JuRlb3"
"severine.littlefield@edu.tbz.ch"|"i5Lkp9-l#J9Ql-XHR7cu"
"salome.heinl@edu.tbz.ch"|"kKIfY$-PMNxgK-2Q6$%P"
"meryl.warbey@edu.tbz.ch"|"MG4ieG-cK3DMc-dhlG3i"
"da.hunstone@edu.tbz.ch"|"o5n8qu-Z#ZD$#-$h4o3j"
"venus.broadbury@edu.tbz.ch"|"A%&eJg-88tdrk-crzLfN"
"meghane.rentelll@edu.tbz.ch"|"2PI@I8-4ZRDI7-h%J0hg"
"marylene.drewitt@edu.tbz.ch"|"w4JW3#-rtnUX5-lEtmjF"
"melinda.jacquemet@edu.tbz.ch"|"6VTDFK-MEnE$h-y$cnOz"
"marie-josee.keyden@edu.tbz.ch"|"#Tq59J-kQJ@l%-DB2mMj"
"asloeg.montacute@edu.tbz.ch"|"I533Uz-4o$fj2-n1wb&U"
"ku.andreou@edu.tbz.ch"|"FCck9N-yAzQu$-jQToqp"
"personnalisee.feaveer@edu.tbz.ch"|"FEmQpW-o180zK-nKNbE#"
"laila.emptage@edu.tbz.ch"|"8PoeSJ-o%MMDU-726g63"
"bjoern.dawdry@edu.tbz.ch"|"yBTDZi-nv3gOq-Trx$Qa"
"marie-eve.dinsell@edu.tbz.ch"|"IKdcOx-2Ip4gV-vg35C9"
"helene.follett@edu.tbz.ch"|"#RG&vT-YF$kdI-2KAyBf"
"penelope.cordero@edu.tbz.ch"|"HlatZ7-z%Cyc&-9m4lip"
"boerje.beedell@edu.tbz.ch"|"slPcc4-LwYuDv-BXuKUQ"
"nelie.ferne@edu.tbz.ch"|"xYTc#V-AXIo7q-&bO1ry"
"celine.ahmed@edu.tbz.ch"|"U8aQkB-%NWt4e-c8@dQX"
"stevina.pimblett@edu.tbz.ch"|"PNf0CO-WOakYx-fb$xfH"
"chloe.langlands@edu.tbz.ch"|"dFq76T-#OjcAx-ONlTAf"
"simplifies.maude@edu.tbz.ch"|"A%%jzq-QZU@Jq-GlF5Qb"
"genevieve.decarteret@edu.tbz.ch"|"y8wMpN-ZBx#oz-r4mql%"
"marylene.mughal@edu.tbz.ch"|"G0QDRV-h7E52o-vB%hva"
"goeran.guttridge@edu.tbz.ch"|"%R#Mka-cW4Vu7-zSkj2m"
"michele.smurfitt@edu.tbz.ch"|"cOm%Pd-%k$lUY-eeU&79"
"methode.hadeke@edu.tbz.ch"|"sk93#k-klDr8I-zkWKl5"
"therese.rispine@edu.tbz.ch"|"ZI%6%6-uUvbqv-9kcIqA"
"goerel.plumley@edu.tbz.ch"|"eblHu5-Jj&uPG-FeTLjS"
"oceane.friett@edu.tbz.ch"|"MSdPd0-dnx7P&-L5aWN%"
"marie-noel.achromov@edu.tbz.ch"|"X7vOtq-642Swc-Wm1M@l"
"dorothee.storek@edu.tbz.ch"|"MJWTI5-tFgNVO-UBjN$M"
"goesta.whittle@edu.tbz.ch"|"q@2%Ja-p2tvSq-tyhROQ"
"desiree.casely@edu.tbz.ch"|"B2M6fC-Trjr$J-qfIoor"
"felicie.condon@edu.tbz.ch"|"im56pv-LfLlpK-a48FEj"
"maelyss.frisdick@edu.tbz.ch"|"agT38K-TMFUMp-c%X@iq"
"aimee.banke@edu.tbz.ch"|"vTt0@i-Crm0bV-0gsbZ1"
"naeva.hodcroft@edu.tbz.ch"|"AxAGhg-%8ZEgX-&P&yp%"
"laila.gerrans@edu.tbz.ch"|"k0Hc6%-2mgyX7-NnEHZa"
"daniele.scrimshire@edu.tbz.ch"|"9m$yBT-Ka%aph-sbpgkm"
"daphnee.sheerin@edu.tbz.ch"|"dcbmGh-NW7iC5-u882rc"
"pal.vanyukov@edu.tbz.ch"|"%dlrM$-JDDJet-f8R004"
"zoe.childs@edu.tbz.ch"|"cVp7Ka-vKv4#t-HHL&Cd"
"ai.corde@edu.tbz.ch"|"ZX5#4o-h2pDQl-loM9Cr"
"maelys.berryann@edu.tbz.ch"|"rQ#VXM-cyYLs#-jfmEO6"
"cloe.gladding@edu.tbz.ch"|"l@R7tm-z$nS#9-nvYNYJ"
"wa.kinnaird@edu.tbz.ch"|"W9Dd2E-Cccp1L-dMw6Xv"
"publicite.brittoner@edu.tbz.ch"|"heySL#-1tuK8A-3Ga%gQ"
"rao.windress@edu.tbz.ch"|"alwKUy-A68l90-5mBO5P"
"uo.kollach@edu.tbz.ch"|"tV8j&4-6X&f2l-8C89EE"
"josee.peskett@edu.tbz.ch"|"pDlvOy-X6%GeA-dAQLRM"
"annotee.hasel@edu.tbz.ch"|"nmQG&t-esflw3-NtdlSQ"
"cinema.lee@edu.tbz.ch"|"aI6@dQ-vGC#O$-%joq3z"
"lai.vedeshkin@edu.tbz.ch"|"l2l%jv-AuTUE7-Hj@y6r"
"renee.brisbane@edu.tbz.ch"|"C%7a@g-VuU9xp-OLZvvG"
"ophelie.blincoe@edu.tbz.ch"|"@TCN6e-x6AuCl-SQ0$wS"
"zhi.prazor@edu.tbz.ch"|"7qRy8k-4iC2Rl-8ZJI#t"
"annotee.maddicks@edu.tbz.ch"|"nAGj1h-R8DW7S-SSwBKQ"
"maelyss.codd@edu.tbz.ch"|"YU3vgD-#7k9sf-uffnXL"
"celia.peplay@edu.tbz.ch"|"U%Rjia-Sb7$Mz-H#qqcW"
"interessant.skone@edu.tbz.ch"|"ErrKhz-BJ7T6g-aZpvIW"
"audreanne.hebdon@edu.tbz.ch"|"2veg2M-QnnuQR-l55rwq"
"oceane.glen@edu.tbz.ch"|"00BoDI-Gq%VSh-Kdq9w#"
"daniele.vanyushkin@edu.tbz.ch"|"MzWjuA-rWIPqD-pxy9EE"
"daphnee.ayce@edu.tbz.ch"|"sp8ed9-TkpQNo-l@syUy"
"andrea.attride@edu.tbz.ch"|"qXQv9I-$nLcmX-4fFnjJ"
"penelope.bridgwood@edu.tbz.ch"|"x7OYqz-IrPvTC-Ma0$CW"
"mailis.drewitt@edu.tbz.ch"|"4Ebc3E-iaMst4-2hEFI9"
"penelope.mollene@edu.tbz.ch"|"#yNweY-OXK$Kc-PYiePO"
"illustree.keely@edu.tbz.ch"|"GfJYPi-BBe@1B-aLAw1Z"
"meng.brisseau@edu.tbz.ch"|"2&rLRk-FIeY#q-EtEPBH"
"ruo.cleiment@edu.tbz.ch"|"B@qt@0-QoTkbb-ptcwRU"
"maite.krammer@edu.tbz.ch"|"kSLAzt-NJS0jw-JbH3eJ"
"genevieve.verry@edu.tbz.ch"|"c0PAj8-L2c2Nz-#XXI@P"
"lea.olochan@edu.tbz.ch"|"yK7n&n-rGQMyK-@x5OOz"
"naelle.brunnen@edu.tbz.ch"|"noCMTu-XA$1qw-P@QRiQ"
"goesta.bragginton@edu.tbz.ch"|"4lbShr-Pu0a7W-ivyeK8"
"fei.danilyuk@edu.tbz.ch"|"aWgmFv-fLOtrA-t1o#y2"
"adelie.turbitt@edu.tbz.ch"|"#f8JL3-$DT@GX-3R2$go"
"marylene.nutman@edu.tbz.ch"|"p&GjTs-MufId3-u5ktFT"
"therese.barbrick@edu.tbz.ch"|"E&Ntgo-qYUMyT-H6ilCH"
"melys.kolodziej@edu.tbz.ch"|"U0iOXP-48nMYF-jN#dLY"
"melanie.runchman@edu.tbz.ch"|"7zpFc#-@5Att8-vZJPBI"
"serena.lafond@edu.tbz.ch"|"rIvGp8-%sW5kL-G0ldRJ"
"pelagie.desmond@edu.tbz.ch"|"m73m@@-KUbJd1-14YNJj"
"wa.spickett@edu.tbz.ch"|"jHtzpk-vDwSHF-6GdZLw"
"po.shave@edu.tbz.ch"|"9cs8ue-02VHye-FHpCAg"
"song.huikerby@edu.tbz.ch"|"nmCUwS-KGBBbZ-BVh#ek"
"melinda.bimson@edu.tbz.ch"|"SecFUs-vhX7MW-URCvxS"
"personnalisee.toffanelli@edu.tbz.ch"|"7DEewt-hrXXWM-jC0SyE"
"leandre.hurn@edu.tbz.ch"|"Jzbh4w-z07$#x-jClgsY"
"oesten.standell@edu.tbz.ch"|"&QsYN4-HK6MCC-OgSA@8"
"naelle.smaleman@edu.tbz.ch"|"&T34aE-bVBXi6-W8wltg"
"berenice.tayt@edu.tbz.ch"|"DkmRf@-y2M3sf-HQC#ha"
"kui.popplewell@edu.tbz.ch"|"Upr5d7-DqnJEb-hRrTyz"
"melodie.ferandez@edu.tbz.ch"|"%iuEJR-9q4tyC-14lGv8"
"josee.negal@edu.tbz.ch"|"SJYriN-Z3NqCl-10O#KI"
"melissandre.ferrelli@edu.tbz.ch"|"Dd#6yh-Ll&fQ5-AmXXzY"
"josephine.kemmer@edu.tbz.ch"|"%w@R4b-suDC7I-@vyIJs"
"maely.cayette@edu.tbz.ch"|"mjqkyh-vUL7Ml-Aiw8kS"
"nelie.vela@edu.tbz.ch"|"dyuejr-acC3m&-U6KF4W"
"melina.cortes@edu.tbz.ch"|"t@p@tu-LmiMPH-GBiuTu"
"megane.leyshon@edu.tbz.ch"|"iTvC&5-D5ZxwP-lF31G5"
"regine.harrie@edu.tbz.ch"|"IjZahi-H6O89y-n0QvTf"
"mylene.widdison@edu.tbz.ch"|"6g9EDJ-@@X52b-3zwSgO"
"pelagie.vivash@edu.tbz.ch"|"kWlWcG-37w#v&-hW2Md8"
"styrbjoern.vicarey@edu.tbz.ch"|"TxF0@3-A4m6EV-cKC9%j"
"long.kyles@edu.tbz.ch"|"Lz5AxO-9$mWuh-UYMB9M"
"stephanie.gipps@edu.tbz.ch"|"nDP2fl-BGm5E0-o0rdGU"
"clea.constantine@edu.tbz.ch"|"05GhXz-J0F0IG-yrJSGJ"
"maella.cometto@edu.tbz.ch"|"hbEyEb-jt5VdV-M@7Syk"
"laila.aubrun@edu.tbz.ch"|"QIg1CU-oG$d0H-U%Lqm3"
"yao.austins@edu.tbz.ch"|"eU#JZf-wt7G#5-166BYG"
"mailys.rylstone@edu.tbz.ch"|"2bbr7N-RzM0ZM-KOCwYn"
"adelie.curuclis@edu.tbz.ch"|"4enAIO-rZGNLj-P9hMmx"
"celine.longhurst@edu.tbz.ch"|"O7C&X5-FDnSjO-%hIipG"
"gisele.hazell@edu.tbz.ch"|"SBx953-obqL0U-bY@JDW"
"celestine.ciccone@edu.tbz.ch"|"nkaZ20-%M&Miq-0q6XzR"
"maelyss.doole@edu.tbz.ch"|"52xG30-8xpnw&-wS4DOn"
"helene.grimsdike@edu.tbz.ch"|"vdz7EC-Qb0tWR-WK15kS"
"lie.macer@edu.tbz.ch"|"FwovHy-HneqmZ-k57sTR"
"maely.izard@edu.tbz.ch"|"PX68bZ-AUpDYW-cGjlGn"
"erwei.breewood@edu.tbz.ch"|"89pzP$-#Swjvq-QD7ErD"
"chloe.woolford@edu.tbz.ch"|"Or54AQ-igx1eV-$#opuS"
"cleopatre.turpin@edu.tbz.ch"|"bhEUTT-zq0W$F-Vkpnc#"
"melodie.surgison@edu.tbz.ch"|"F5@MKX-e#Uc77-7VBOzj"
"elies.leander@edu.tbz.ch"|"sU&eis-oR3Jbl-7MR35a"
"mediamass.reignould@edu.tbz.ch"|"h@UWj6-vahWAi-RzbzTi"
"celestine.wasmuth@edu.tbz.ch"|"4e@gP5-gKyK&F-oeu#io"
"marten.jervis@edu.tbz.ch"|"qemUyL-409SRR-PWRRiy"
"daphnee.bour@edu.tbz.ch"|"53UY2n-2BBRFd-aPPQh@"
"regine.harlett@edu.tbz.ch"|"n7AqC5-yB83FG-V5%3HG"
"noemie.macaskie@edu.tbz.ch"|"ww@bzh-vxD1i8-oc1aIR"
"loic.renfield@edu.tbz.ch"|"NRG3I&-&MW7aE-Jlpdq8"
"venus.kleinert@edu.tbz.ch"|"zayUDd-kGeslI-5PN$2d"
"marten.burlay@edu.tbz.ch"|"rvZepG-OQn07o-UTm8cG"
"berengere.radsdale@edu.tbz.ch"|"0S@fUW-H1OkoU-cD7a4G"
"genevieve.duckit@edu.tbz.ch"|"F@qqnu-MKV%Yf-DYcTq3"
"maely.ligerton@edu.tbz.ch"|"bLojiN-nYlAIN-AKvc@r"
"maeline.ricciardelli@edu.tbz.ch"|"C7Pr1H-SJkXl9-Se6H$g"
"personnalisee.yggo@edu.tbz.ch"|"UERLnU-ton@XT-Mhz4@r"
"alizee.pettinger@edu.tbz.ch"|"5Owq6a-&Lzn&&-4v9z@q"
"desiree.curnnokk@edu.tbz.ch"|"pgL3$5-4jvehc-ncb@EG"
"dorothee.minors@edu.tbz.ch"|"Ek3cgs-U6U%2e-D#8rrB"
"oceanne.kopmann@edu.tbz.ch"|"aFKqbk-#dR1vL-EEsV3N"
"almerinda.brodbin@edu.tbz.ch"|"fvMAik-M94xla-IyylXk"
"yenora.carsberg@edu.tbz.ch"|"goR5PH-CMvuqq-JTmAl2"
"wa.beetles@edu.tbz.ch"|"pH4g8a-RyJh@D-ddPYh9"
"audreanne.abbot@edu.tbz.ch"|"dKnaOB-9Efhyc-sv9W6u"
"noemie.capper@edu.tbz.ch"|"%PyggE-mtt076-ULF&TE"
"mans.abramamov@edu.tbz.ch"|"D@c3XF-9MfXpM-Ox9wQX"
"audreanne.blakey@edu.tbz.ch"|"DGgVpy-uUxrFe-13wTCu"
"leone.klimpke@edu.tbz.ch"|"uxgSYP-CmreMe-heGnh5"
"lie.croston@edu.tbz.ch"|"l@6XY@-4VnW&&-Bzxfhs"
"anaelle.baistow@edu.tbz.ch"|"fiJkV%-rwz@uk-Ps8Tzg"
"michele.garwood@edu.tbz.ch"|"YUN%GI-nZWp7N-Po2A1v"
"interessant.albion@edu.tbz.ch"|"SRD@uF-UBcXca-CCEstz"
"andre.brisco@edu.tbz.ch"|"q$8HYd-@SphxS-9I0o0M"
"tang.totterdill@edu.tbz.ch"|"744$8e-eE71Js-S&Opw2"
"marie-josee.braundt@edu.tbz.ch"|"8UHLTQ-w8w6$H-hBOMN3"
"lois.galer@edu.tbz.ch"|"NpL#me-1#e8ya-hsbtiY"
"faites.pellamonuten@edu.tbz.ch"|"KeYAqL-OR@FB@-PnLbDu"
"mai.barfford@edu.tbz.ch"|"wsDOJZ-fjFrpe-8$J7LL"
"laurene.macilory@edu.tbz.ch"|"Lzlx$b-QWAea$-pg0&ep"
"elea.peak@edu.tbz.ch"|"FU%DiK-ZR@45C-ki%qxw"
"rejane.doni@edu.tbz.ch"|"XOvSlc-zNu$7D-SQ@ZdL"
"mahelie.ector@edu.tbz.ch"|"Iag3NW-xOUwcn-Okpy&$"
"rachele.allum@edu.tbz.ch"|"K@1Y0b-y4kOId-aih6hg"
"laila.gerretsen@edu.tbz.ch"|"SK3M0O-BdwjmI-ZafjRj"
"ines.bowman@edu.tbz.ch"|"$IqUqY-tEvp9Q-8b2ruH"
"publicite.barbary@edu.tbz.ch"|"6S78&5-YH0GNq-iGecK3"
"mailys.smooth@edu.tbz.ch"|"Mjq1Iq-hh0pXn-P8gHVS"
"mailis.huguenet@edu.tbz.ch"|"N6oK2n-3#50k0-vwh5Yh"
"lea.ewer@edu.tbz.ch"|"C#iPs%-ADKJyv-B486ei"
