"email"|"password"
"melodie.vandervlies@edu.tbz.ch"|"X6Uh2a-2SGqP#-14aaqK"
"angele.edgecumbe@edu.tbz.ch"|"qKqH%v-11Qq8e-QAU0ZO"
"zhi.andreasson@edu.tbz.ch"|"2GU6F1-w4aBy4-LHv3p4"
"judicael.koppeck@edu.tbz.ch"|"&6UrKh-l&Zj3K-$4Ce7p"
"berengere.capron@edu.tbz.ch"|"MHufhc-d%PDcc-B7aHBT"
"leonie.brosini@edu.tbz.ch"|"HT%1lK-CnClmA-vNB5aG"
"venus.garfit@edu.tbz.ch"|"FEmoi7-yD@mEv-BZg#T8"
"melina.janota@edu.tbz.ch"|"SrZAFx-nm@ttu-PrdVkN"
"laurene.bake@edu.tbz.ch"|"IjFQ%e-Pt7vBz-p8WLen"
"regine.dorkins@edu.tbz.ch"|"ck40aj-CigHL@-8c&w4o"
"cecile.moffet@edu.tbz.ch"|"luKpdP-UsqL73-K$I2HP"
"maelann.labrone@edu.tbz.ch"|"29FHf9-NtFo0A-%8UL80"
"melinda.newbold@edu.tbz.ch"|"5B7cTl-Tkr9U0-jE53Ux"
"mans.itzhak@edu.tbz.ch"|"HGyn$X-wqc3Wp-vVvH$K"
"melodie.pattlel@edu.tbz.ch"|"YzzRgT-DTz4he-5wzAni"
"celine.bonett@edu.tbz.ch"|"3KJ$Vv-c8KpDi-VWJ4lk"
"adelie.mcgreal@edu.tbz.ch"|"c0$Yj5-aPpJDe-Dlh%3%"
"helene.soldan@edu.tbz.ch"|"u$YqCd-VUyKrn-@K$iw5"
"michele.cluer@edu.tbz.ch"|"PKKz2$-HPenGi-qeNDgc"
"maeline.mueller@edu.tbz.ch"|"sU6EPR-ropqMK-CDML1s"
"maelann.benedito@edu.tbz.ch"|"3PTAfO-W&JEGZ-T61QvE"
"nuo.gransden@edu.tbz.ch"|"$3AXtb-0USZgj-TQK&3z"
"berengere.stainton@edu.tbz.ch"|"Z8gBpY-oT5Bz2-Bh%fOL"
"wa.sabater@edu.tbz.ch"|"&baGGA-vpX0tn-e$HkpQ"
"anais.cochran@edu.tbz.ch"|"KPNdo9-8vY#eM-f0q3m3"
"gerald.bessant@edu.tbz.ch"|"N2UYaD-8McQ8@-6lExF3"
"ruo.coffin@edu.tbz.ch"|"@efoRC-VFHpCd-9JQdzJ"
"melodie.mustill@edu.tbz.ch"|"vOu8EA-4McL9%-snJj7g"
"ruo.stanesby@edu.tbz.ch"|"ltpXiz-Pc4W&6-2JD6S%"
"noemie.antognelli@edu.tbz.ch"|"5jioI7-p&cK51-mM&rsd"
"maelann.hughson@edu.tbz.ch"|"R7EwQf-YcMS5d-b4VNBN"
"milena.mieville@edu.tbz.ch"|"OACI5X-LGyYVK-TsI#Kh"
"mailys.chamberlin@edu.tbz.ch"|"qlvnAY-qolRXB-aOsb53"
"nadege.tomalin@edu.tbz.ch"|"1PqLCx-kJlaCa-gmq5PO"
"oceane.omara@edu.tbz.ch"|"@ij4@M-9Bh8Q3-pOqY3H"
"cecile.aguirrezabala@edu.tbz.ch"|"9S3h$W-H%vsfX-CMbFMd"
"maella.gwillim@edu.tbz.ch"|"VlQtwW-Ju$1Hp-dddFjR"
"lea.mcgahey@edu.tbz.ch"|"HH70S3-RwnrxI-F137LQ"
"laurene.hagerty@edu.tbz.ch"|"rscvhT-zaf4S7-Y8FU6M"
"dorothee.link@edu.tbz.ch"|"0zIWu&-Wv0Air-Ld9pH@"
"clementine.kynsey@edu.tbz.ch"|"xNTF6s-2PNYW9-@UfH0y"
"lorene.smitherman@edu.tbz.ch"|"racePl-&6t$Em-DpehzV"
"cleopatre.klulicek@edu.tbz.ch"|"PCfSJq-uuq%8k-22v$bb"
"laurene.castaneda@edu.tbz.ch"|"6Hx8oN-3eyzHv-E@Kgsy"
"melia.constant@edu.tbz.ch"|"MC9XRQ-ygP#P6-zRiE%r"
"lucrece.clunie@edu.tbz.ch"|"ucxv7L-a4#dlR-X8AS75"
"eleonore.mcmurthy@edu.tbz.ch"|"tRm$@$-F#8ZBH-7C2SOO"
"melia.bevar@edu.tbz.ch"|"NYWg$b-R&9zr%-dlqGgt"
"camelia.bontine@edu.tbz.ch"|"%1lPD1-@Arade-2%F@fH"
"methode.jozefczak@edu.tbz.ch"|"d$X5vG-rJai5q-jaw%Hs"
"audreanne.hinsche@edu.tbz.ch"|"294bOl-za3VYw-lg#zkN"
"andree.varne@edu.tbz.ch"|"5zHoqh-RPZr3Y-E&E@c1"
"marten.kinleyside@edu.tbz.ch"|"7McO8&-$a8Hiy-UO16Sg"
"esteve.mcewan@edu.tbz.ch"|"uN6Et8-zwHceW-oQXvXE"
"leane.dibbert@edu.tbz.ch"|"%a$&a2-fPOBXA-&3wrDH"
"ma.thewlis@edu.tbz.ch"|"idStdv-Yk61lN-UBhn#i"
"clea.djurkovic@edu.tbz.ch"|"VKBD0#-Yv@u3z-L@C0av"
"rachele.reburn@edu.tbz.ch"|"OmIr%j-qPe4dF-wm9dzZ"
"gerald.gowling@edu.tbz.ch"|"p4wmlS-o5e#d8-OIlN9L"
"cleopatre.jackson@edu.tbz.ch"|"G#K@43-AY9Zku-j6ThuL"
"desiree.haskins@edu.tbz.ch"|"8byZ1x-dfKDYk-tHk9IT"
"eleonore.longson@edu.tbz.ch"|"8#tc&&-OVU0z$-j7&Xml"
"leane.dybell@edu.tbz.ch"|"ZS7iOF-qHeslN-3%hSe7"
"becassine.grzesiak@edu.tbz.ch"|"$iAkWG-ZMZn14-ToOL&t"
"marie-josee.pickin@edu.tbz.ch"|"WdqsM1-tR3&oU-ETqiE9"
"marie-josee.roxby@edu.tbz.ch"|"YYc7lp-TU&sBv-ICfTTA"
"leonie.feenan@edu.tbz.ch"|"$jWhLb-kI5$tG-7EJQJO"
"valerie.ellum@edu.tbz.ch"|"ykKXY@-ZnGrc6-J97Y&0"
"ju.caseri@edu.tbz.ch"|"giV2ME-jdJyYx-7GKzkx"
"boerje.strangman@edu.tbz.ch"|"aVr1$b-xVrSzU-LdwBzW"
"beatrice.ghidelli@edu.tbz.ch"|"d8jthG-xNBxka-GC0pTo"
"da.jablonski@edu.tbz.ch"|"w3637K-H7nrjV-nb3aba"
"uo.beveridge@edu.tbz.ch"|"xt%9z9-YBtHEm-dTdOQh"
"valerie.bestman@edu.tbz.ch"|"FDg9$P-RkbmFn-PqDlRi"
"marlene.pohls@edu.tbz.ch"|"YKfuej-o$uf$1-pqlCKf"
"ma.nolda@edu.tbz.ch"|"BBRSdp-hpu%Ut-U@JV9i"
"marlene.bisiker@edu.tbz.ch"|"VJTJIk-4zrM%c-Wb@N#t"
"estee.babon@edu.tbz.ch"|"97BCrT-wx4wwi-Kvzncm"
"simplifies.dmisek@edu.tbz.ch"|"$GIC29-AapnLu-gYZWLp"
"selene.ganing@edu.tbz.ch"|"JjMrhA-iW4g#l-CxxEb7"
"meryl.penke@edu.tbz.ch"|"Kw%&F@-@SL6$6-bSHtqU"
"anais.rawcliff@edu.tbz.ch"|"LYSFP$-wxUOWI-0SuNDR"
"melina.andri@edu.tbz.ch"|"@kBG%v-@yVk8n-NCKTvH"
"audreanne.fodden@edu.tbz.ch"|"yI@tXh-bpr7WK-lGrHkT"
"bjoern.spellesy@edu.tbz.ch"|"3LAIoh-tx5$6&-FLP#d9"
"francoise.summerscales@edu.tbz.ch"|"D&LJch-4QEFkV-o6qNpf"
"laurene.ashtonhurst@edu.tbz.ch"|"3dCzr%-kKNS16-tCuf&e"
"valerie.petters@edu.tbz.ch"|"XA$Nxk-YX4O4T-gcGds$"
"anael.spenclay@edu.tbz.ch"|"KURriV-BzyP#4-RjVphe"
"stephanie.keech@edu.tbz.ch"|"Hh1JCi-6Xq$dw-J#Qjqa"
"ines.deveril@edu.tbz.ch"|"jAY$Sj-Q#h%Kq-sC#MDP"
"berenice.gelder@edu.tbz.ch"|"C$1gm%-QAgrtc-JpZjSd"
"melanie.ofogerty@edu.tbz.ch"|"gHryrn-Xcur1j-cTv17b"
"frederique.canepe@edu.tbz.ch"|"7P@qH$-@4YknR-mmC@I7"
"nuo.otton@edu.tbz.ch"|"$9Ntq9-WqEnFv-4g&RqE"
"genevieve.trusler@edu.tbz.ch"|"4BtcMa-LMUWz@-E98jqm"
"ju.boag@edu.tbz.ch"|"LvtDc%-%oeyD5-AHPBrh"
"josephine.dilucia@edu.tbz.ch"|"g&Yb23-ULzDK4-q8eQi&"
"laurene.armsden@edu.tbz.ch"|"V@v6QE-HG1E0z-bwREQ&"
"becassine.griffe@edu.tbz.ch"|"g5wkii-oZGcsc-yzV1GX"
"alois.parres@edu.tbz.ch"|"$Bx%fa-zNcv5t-h5945l"
"cleopatre.gaffey@edu.tbz.ch"|"@w46CL-Zq3DaO-Z%3WdS"
"andre.stiger@edu.tbz.ch"|"b38Egi-bXVRNs-6mdtrV"
"beatrice.godleman@edu.tbz.ch"|"ds9%zm-SxJyYA-5nm1N1"
"hakan.harrhy@edu.tbz.ch"|"rM2YzE-mcEHFW-NlcoH@"
"celestine.dagnan@edu.tbz.ch"|"d$qf1X-$0Sltb-O9eF0W"
"clemence.haggart@edu.tbz.ch"|"oVF19&-KcWfsZ-xH9jqn"
"long.caban@edu.tbz.ch"|"5YGCHC-uUO9yl-QRD@kl"
"gaetane.grimble@edu.tbz.ch"|"cGJ4fe-JCrjMt-fP9bj4"
"maelann.piwall@edu.tbz.ch"|"2wGZ3S-Ql8kNa-9&pPsi"
"magdalene.loble@edu.tbz.ch"|"lZPC@f-6TuZ5B-RaQiTA"
"veronique.domaschke@edu.tbz.ch"|"DArtyp-eEoAFy-FlHIQN"
"clea.herity@edu.tbz.ch"|"xy0ulg-bpcik1-BQ&U5A"
"maelann.bambrough@edu.tbz.ch"|"l3EJhh-muHXvN-pKAKf@"
"clea.goulstone@edu.tbz.ch"|"%6VjLT-TVZgQ$-$R2wLT"
"renee.deleek@edu.tbz.ch"|"GXaJKX-0KB1by-@bDOmE"
"boerje.rudderham@edu.tbz.ch"|"lmPNCh-SLWYWz-N5eC&1"
"marylene.broune@edu.tbz.ch"|"1rCahH-puyu%n-o%ZYQP"
"nadege.mccuish@edu.tbz.ch"|"BwVYoU-eh560k-Auzh8e"
"anael.littleover@edu.tbz.ch"|"lI3H5l-SKGAFG-xf0abG"
"lie.baume@edu.tbz.ch"|"D9VCPb-q3oFs@-$09dTJ"
"maella.murrow@edu.tbz.ch"|"aIJ3i1-#XnNGd-4WMJhD"
"cleopatre.pettifor@edu.tbz.ch"|"t7wDGf-BCcK2e-pa04ti"
"geraldine.asker@edu.tbz.ch"|"BNoAX%-u4Mbyy-8cdJO$"
"gaetane.smedmore@edu.tbz.ch"|"e9SvmS-BSHsyc-TRrjZQ"
"meryl.blencoe@edu.tbz.ch"|"Zq$7Ff-3J6&bU-9VF&K7"
"aurelie.chastaing@edu.tbz.ch"|"t1$GMY-s9RFrk-jYQGYU"
"oceanne.marthen@edu.tbz.ch"|"dyV6N#-8ofpw0-qqh6fE"
"dorothee.burrill@edu.tbz.ch"|"f%#l9f-7FPRx1-Re&8DK"
"hakan.belden@edu.tbz.ch"|"2e2Xjk-u&8INz-yM6SU4"
"celine.brunning@edu.tbz.ch"|"cVNTh0-sO44IB-q#Sqht"
"anael.lapides@edu.tbz.ch"|"7QPrkB-9rB%#8-vlt8%5"
"ruo.saffran@edu.tbz.ch"|"rlE1wX-40rY7F-LbiR0r"
"loic.gerretsen@edu.tbz.ch"|"oX%e4V-u&rVSB-kC9nwi"
"rui.fitzer@edu.tbz.ch"|"ic1&Q0-ZlhgAI-GSot2E"
"annotee.ogers@edu.tbz.ch"|"SzuQD3-JWzMUP-NqOb7R"
"boerje.bindin@edu.tbz.ch"|"3qh9MO-CKGSLl-P0SgKu"
"ma.cronchey@edu.tbz.ch"|"H1Xy6a-Vy%F9A-GmVXlY"
"laurelie.baiyle@edu.tbz.ch"|"p&Sux3-gB1$88-Gu$%t3"
"dorothee.older@edu.tbz.ch"|"S#ihIE-qT6xRi-yV92aj"
"laurena.wile@edu.tbz.ch"|"iVmala-y3&XY@-QcAwp$"
"clemence.brito@edu.tbz.ch"|"dFKYBG-UT4@Tx-gzIQ2V"
"nadege.dallin@edu.tbz.ch"|"PWQZB1-R6B5sS-yTSd6r"
"mailis.matley@edu.tbz.ch"|"1@tGd@-9WLI5%-L#9fy&"
"daniele.screaton@edu.tbz.ch"|"laI#FF-&%$pik-ZO#ROZ"
"mediamass.godly@edu.tbz.ch"|"uWli8r-PtGaL#-ZUkEve"
"leone.kremer@edu.tbz.ch"|"eeGrDB-$@gYlP-K#dGCw"
"asa.adrian@edu.tbz.ch"|"zQ2XDf-MOx$FV-5cBw@&"
"adele.doley@edu.tbz.ch"|"TLPS2H-2Q#oz8-5ToX$2"
"fei.sidney@edu.tbz.ch"|"15BqNu-J1O82i-W7%QA1"
"marie-josee.walisiak@edu.tbz.ch"|"U$sf7&-&VwvpQ-H&f#&t"
"desiree.diplock@edu.tbz.ch"|"B6eQnm-Q#R%La-j2xsNL"
"gisele.schust@edu.tbz.ch"|"%F98SO-3phbIC-vmTiU#"
"ma.longshaw@edu.tbz.ch"|"SF%#Uq-foGtW4-iXPH7H"
"da.boother@edu.tbz.ch"|"ZxDpG8-cO1%G7-s7IhGk"
"simplifies.chaudhry@edu.tbz.ch"|"a&y5i4-lpcaFp-lxKwu$"
"garcon.baniard@edu.tbz.ch"|"Nt@EdY-YY9npm-OFoiHh"
"gaetane.elphee@edu.tbz.ch"|"c@zjcT-ss@qfy-%YeqX@"
"gisele.hassey@edu.tbz.ch"|"qBzU$c-iHYRtq-oIJHly"
"oceanne.booley@edu.tbz.ch"|"6WjrxV-AH#JfG-vP&BDP"
"oerjan.dibden@edu.tbz.ch"|"7Gxq%h-hTbXEe-35GW%t"
"regine.ocleary@edu.tbz.ch"|"Eg9nfa-G&6VcH-NJz%VN"
"selene.persse@edu.tbz.ch"|"i1&gEd-XyCzCi-p#ooTp"
"helena.adenot@edu.tbz.ch"|"Bqz3fR-OCMp@8-VZC#DS"
"maelann.wassung@edu.tbz.ch"|"l0hJfl-O88$cd-Ah5qbU"
"frederique.ackermann@edu.tbz.ch"|"9dJdn6-fCQE&h-eSAPl3"
"audreanne.kahen@edu.tbz.ch"|"NL&3xF-7fCznM-5vaN9t"
"maiwenn.lasty@edu.tbz.ch"|"jQJzB7-Q$FH&l-J$j3v0"
"yu.dictus@edu.tbz.ch"|"OAF&Xb-@DNOqt-WSxRRb"
"anae.dukes@edu.tbz.ch"|"SrTzUG-oDZV2E-spJyAC"
"yenora.warr@edu.tbz.ch"|"6rdU$3-V2c#VG-14x5gw"
"esbjoern.archibold@edu.tbz.ch"|"pmvZoh-wdG#hE-Rp&fMb"
"milena.pardal@edu.tbz.ch"|"PHR0%5-$IshM3-2r@DRq"
"celestine.graveston@edu.tbz.ch"|"QJ7p6X-KRgtUk-W&b5gY"
"maena.dallas@edu.tbz.ch"|"%LyIBk-MGYiJ4-XPWCV#"
"andree.tuke@edu.tbz.ch"|"34uVlL-m&8mq0-KAKosI"
"methode.seldner@edu.tbz.ch"|"IWM1%c-GecLQl-h2hAjS"
"venus.bullas@edu.tbz.ch"|"PhMgdt-RTdjHy-50oUsh"
"mans.aguirrezabal@edu.tbz.ch"|"d$@O2$-Gu80Dg-Yv7pDo"
"gaelle.eadington@edu.tbz.ch"|"O&OK8N-@dnBPT-L%p5M#"
"anaelle.falkner@edu.tbz.ch"|"LZa5D2-&#Ikdo-iIUDil"
"ophelie.height@edu.tbz.ch"|"UpAML&-RS%dhH-h3RhQb"
"marten.bolding@edu.tbz.ch"|"jApm6q-Z%d5eM-7$GwUb"
"pelagie.guswell@edu.tbz.ch"|"noz69v-Ird&Nu-7tPG#@"
"gwenaelle.lecount@edu.tbz.ch"|"7Qa707-Pz0%O0-k&6tc4"
"hakan.laden@edu.tbz.ch"|"bJM5&t-Q4&bAN-ClmJ%2"
"marie-josee.hylands@edu.tbz.ch"|"Zi%W64-&gUjAq-QK7eB4"
"zoe.kingshott@edu.tbz.ch"|"z4n2g3-YZgjE8-yuXWIx"
"josee.janous@edu.tbz.ch"|"f&fI1P-$IB05u-X$2&V%"
"laurene.gallally@edu.tbz.ch"|"Irn1IP-c3@1r7-CHS#N9"
"anael.bickle@edu.tbz.ch"|"hY&UK3-Yq461i-jlrcRt"
"mediamass.lebbern@edu.tbz.ch"|"hLut6R-A6w0bC-9ji&1g"
"berengere.hovy@edu.tbz.ch"|"eatfHR-h%VtLa-2$fyuM"
"oerjan.kilmurray@edu.tbz.ch"|"vhhY1M-T8m@Az-$8dd2I"
"asloeg.venny@edu.tbz.ch"|"Fr6H$Y-WRjs$@-@@b8KY"
"marie-noel.stoad@edu.tbz.ch"|"k4P9SQ-KSw1wz-8ZehJ#"
"hakan.pettifor@edu.tbz.ch"|"AKIFnq-tcCReA-o7aI#n"
"maella.willgrass@edu.tbz.ch"|"wrnW9X-U3tBFV-ce0QP8"
"therese.ludovici@edu.tbz.ch"|"%Nfg$E-@AyYmb-lcJ6r9"
"stephanie.trewhitt@edu.tbz.ch"|"4O#v7Y-BsggPE-UP2GrE"
"maerta.bauduccio@edu.tbz.ch"|"nR39uq-9ZXpNR-hOPJFh"
"gaetane.glaisner@edu.tbz.ch"|"9A$ciX-iNBxCA-qcrqyw"
"naeva.pargeter@edu.tbz.ch"|"QpQAEn-dbtkrl-XjdLd0"
"salome.venable@edu.tbz.ch"|"nyOGiS-uZ5%hp-VrPH%E"
"boerje.thickett@edu.tbz.ch"|"%R@K47-u7&V%7-G9w6@A"
"lucrece.prendergrass@edu.tbz.ch"|"vwdPz8-sIqI4c-O4xrpf"
"laurene.ockleshaw@edu.tbz.ch"|"VlFAL7-X63XGA-k5blCW"
"cecilia.pasticznyk@edu.tbz.ch"|"rRC0U0-QZVA1Q-JR0raO"
"stevina.mackey@edu.tbz.ch"|"xo8GlC-kEVDtB-Nnt42x"
"marie-noel.reven@edu.tbz.ch"|"JhxHah-H@pyTg-feZ2Gp"
"melina.quilkin@edu.tbz.ch"|"AsF%SU-0$PMkd-0$qqzU"
"marie-noel.ferrie@edu.tbz.ch"|"DVHGuS-XwgDg2-dCBtvU"
"leone.alphege@edu.tbz.ch"|"IrpenF-X7feOZ-yvmNQq"
"zoe.leverson@edu.tbz.ch"|"ffb&N%-EJy8hN-nFkI3F"
"annotes.grayne@edu.tbz.ch"|"eVf3yX-rvPJBa-6&@jhH"
"faites.lalley@edu.tbz.ch"|"JcoUfc-OdrZXg-%@LGTE"
"adele.wallis@edu.tbz.ch"|"$CmrKy-NTEwYn-QjVsAS"
"severine.madill@edu.tbz.ch"|"Cx1wNe-sMzaLg-dXKzEU"
"valerie.tebb@edu.tbz.ch"|"2HYo4m-OiuZ38-KdDcsA"
"kalliste.rasper@edu.tbz.ch"|"DxJP&O-hI71%w-IDJUuE"
"audreanne.palomba@edu.tbz.ch"|"Af3AfE-o2IKjQ-lVM5fm"
"elea.adamik@edu.tbz.ch"|"&iKDSH-WSPli%-Ibnpho"
"reserves.jakuszewski@edu.tbz.ch"|"6HqdtC-L2PsUV-2csJce"
"athena.belhomme@edu.tbz.ch"|"C1dIp6-8Ur@ig-Pq7VzT"
"rebecca.crippin@edu.tbz.ch"|"kZdfqB-soOmqx-6YWGwh"
"maiwenn.curman@edu.tbz.ch"|"a7fEf2-JHHoAU-L4&Mrp"
"andree.bunner@edu.tbz.ch"|"SKyof6-gP##EG-VpRSK@"
"ruo.winckles@edu.tbz.ch"|"8uM@eU-rrijPt-wW0%%m"
"naeva.buntine@edu.tbz.ch"|"&Qd2PF-9nR202-s#gTIp"
"boerje.dollard@edu.tbz.ch"|"#m8TGk-s3PWal-vfc5%y"
"penelope.gorman@edu.tbz.ch"|"ZKDvxa-jfeQ7p-0d%gbu"
"alois.robelin@edu.tbz.ch"|"ovtDOG-2LhKYA-J90hO9"
"anaelle.tindle@edu.tbz.ch"|"LDnt77-vmsUns-lQaN#T"
"ye.frears@edu.tbz.ch"|"mo#L2t-lqouwE-rvV04R"
"andree.ovid@edu.tbz.ch"|"zszaaH-ERMz5q-yX7uez"
"hakan.peat@edu.tbz.ch"|"Nged1P-rg3Vkx-Hgw6RY"
"andre.januszewski@edu.tbz.ch"|"n3AUr7-WRAiMH-dDIS42"
"annotes.clemmett@edu.tbz.ch"|"tcK0NF-D6F4T7-CHH$D$"
"pal.lambswood@edu.tbz.ch"|"u%XpiG-CPelVZ-xulB6Y"
"yao.lenton@edu.tbz.ch"|"@36#gs-UA%%P%-Vl@jQa"
"hakan.boyton@edu.tbz.ch"|"2JO96L-y%%no0-7Ngk#C"
"nelie.forsey@edu.tbz.ch"|"%sQQA6-i9qhEp-MreHuL"
"hakan.horche@edu.tbz.ch"|"OnZjCN-TXM4jP-9R0Ua0"
"lorene.sinkings@edu.tbz.ch"|"H7A7kv-0AjRYN-GNCMCY"
"marie-therese.creddon@edu.tbz.ch"|"hPnxeJ-tluz4F-Gszb2m"
"berenice.tolworthy@edu.tbz.ch"|"9gJ9zf-ae2jm4-pRvd5W"
"theresa.land@edu.tbz.ch"|"nfwzxY-bgR97E-cPD0hD"
"marie-therese.gianilli@edu.tbz.ch"|"nK6Bo2-54N##i-e&ZQhI"
"meryl.glew@edu.tbz.ch"|"ZWgcDW-z6yvsS-k$kpZm"
"adele.debling@edu.tbz.ch"|"e%oqCs-by$A4q-FAuA$y"
"anae.metzke@edu.tbz.ch"|"7IgYoD-ZfYlL6-bwDymZ"
"gaetane.gooden@edu.tbz.ch"|"rwhMoZ-9z9Qwb-zVrSpM"
"laila.bootland@edu.tbz.ch"|"MpG468-ZmL$1J-H6mgEI"
"maite.helsdon@edu.tbz.ch"|"V1$aZb-o$NxIY-rvosiq"
"andree.malley@edu.tbz.ch"|"hvzUpw-$KvuVc-leoSwc"
"pal.simmens@edu.tbz.ch"|"lchiK9-MyRcVH-BEXDTp"
"maelys.nuccitelli@edu.tbz.ch"|"g5&1ZQ-di2Boj-7%pV&c"
"dafnee.sibary@edu.tbz.ch"|"I4VvXm-KJZOMC-%Bhp&w"
"alois.harsnep@edu.tbz.ch"|"qk8$zd-oINmRG-SgHi99"
"marie-helene.lacky@edu.tbz.ch"|"HO2Vjy-sx@Jp3-GKCeBH"
"mylene.youthed@edu.tbz.ch"|"aA9yW2-Fr%k1C-PJ0Bb4"
"marie-helene.dehmel@edu.tbz.ch"|"SP9ShG-DP3ttO-f6$wkF"
"angele.batman@edu.tbz.ch"|"7GdPmZ-aMYfPn-kI9RrZ"
"melia.younghusband@edu.tbz.ch"|"zt4$vk-uFuNNQ-m4s5ev"
"eloise.baldi@edu.tbz.ch"|"rMh@Kw-9JfSr1-BVPqKT"
"illustree.dun@edu.tbz.ch"|"I7L&#U-i9ySGn-oq80fq"
"genevieve.late@edu.tbz.ch"|"X#XqSV-360%2%-99V40V"
"celestine.colville@edu.tbz.ch"|"4%q@w9-o$oc$s-D1FSiz"
"gwenaelle.scarlon@edu.tbz.ch"|"eKOkHX-@UWFqN-2thZaR"
"regine.boddie@edu.tbz.ch"|"EnypBi-nsBhfx-W1sNIe"
"creez.gaughan@edu.tbz.ch"|"seuHru-4jTjQV-Ei1Ydf"
"gaia.longford@edu.tbz.ch"|"u#c8Jh-Ec%kVV-7udgr7"
"mailis.buckby@edu.tbz.ch"|"kYCj3r-9J5oM6-5EK1tY"
"song.parbrook@edu.tbz.ch"|"niv$YD-$Ys@%Z-7P#Ejb"
"frederique.heddan@edu.tbz.ch"|"s41l28-8JdeCU-f&5NG6"
"ake.kirtlan@edu.tbz.ch"|"17A&g@-2VqXbd-C72IWy"
"nelie.runciman@edu.tbz.ch"|"qS35ln-qZgyNX-1i%Ysr"
"mailis.cardnell@edu.tbz.ch"|"0Z5a5X-2ZISla-&&xBcI"
"irene.navarro@edu.tbz.ch"|"jP#Nrl-#soRtc-1VU8pU"
"maite.cough@edu.tbz.ch"|"SgST$V-O1krye-9I57tO"
"anaelle.stocky@edu.tbz.ch"|"6BYvs7-mDSi1K-rluTJ#"
"methode.moulder@edu.tbz.ch"|"2Pkq7R-BFMQ2a-sWzk$B"
"po.stafford@edu.tbz.ch"|"SJL3H5-T1zNpe-ajSWHh"
"faites.scraggs@edu.tbz.ch"|"%S%m%N-ynVBzN-$wnS74"
"adelaide.dullard@edu.tbz.ch"|"Je@9Nj-LXYh%r-LFsg2@"
"desiree.leonard@edu.tbz.ch"|"r$PZX3-SDQkeL-j5$sLQ"
"geraldine.badgers@edu.tbz.ch"|"vxHIse-QU540B-xsNW86"
"ruo.masic@edu.tbz.ch"|"76s2Lf-GcpnbR-0Fa#v0"
"aurelie.lieber@edu.tbz.ch"|"mih4Dv-8aCbtI-XF6EJk"
"naelle.balcock@edu.tbz.ch"|"VDyZI8-kUMVaO-q7IIsa"
"camelia.elger@edu.tbz.ch"|"5IWsRC-IFXeEG-MYfFPC"
"publicite.oakeshott@edu.tbz.ch"|"v4qkNe-5xF1@4-98qIkY"
"cleopatre.fawley@edu.tbz.ch"|"VVLGSM-qd#pJu-Cwmwcl"
"laurene.bruckmann@edu.tbz.ch"|"hmMgSE-p%wW$C-iS4ID0"
"rui.haughton@edu.tbz.ch"|"YeMku%-kjdHVP-41&2My"
"asa.ladewig@edu.tbz.ch"|"v2BFKc-%s9$aO-JR$r9d"
"gisele.janecek@edu.tbz.ch"|"y%XPbU-lJjnI%-gKCFh7"
"maily.loveridge@edu.tbz.ch"|"EQg#fy-r$E#Ng-OelPtO"
"marie-eve.yurkiewicz@edu.tbz.ch"|"4ktphA-VMY17a-uczfuI"
"fei.roder@edu.tbz.ch"|"bqD3aW-@9y82B-%c50P4"
"edmee.chatburn@edu.tbz.ch"|"2luUyr-yp3JJ6-$OLkZg"
"geraldine.darke@edu.tbz.ch"|"r#dK0M-PglwK7-VanjtF"
"ye.jira@edu.tbz.ch"|"6DzjMk-$L5Yy3-GMs28X"
"publicite.persent@edu.tbz.ch"|"0@EunP-CCwlUC-pq$I3S"
"severine.wilcox@edu.tbz.ch"|"HmQOk0-BF#edz-b31J1F"
"yao.mcclaren@edu.tbz.ch"|"p%$eaC-pPTeKI-DPGXcy"
"theresa.foynes@edu.tbz.ch"|"6cQrEF-yD5IKa-HNt&6&"
"stephanie.isley@edu.tbz.ch"|"ioxR@6-EbX2Y%-liE8dW"
"torbjoern.growy@edu.tbz.ch"|"O0jwi7-#X#NMY-Zih05j"
"eloise.tunnadine@edu.tbz.ch"|"DOBXCJ-%nFE&a-dMq$&B"
"maeline.cossentine@edu.tbz.ch"|"9xi4MK-3jJIqS-P8erMB"
"nelie.desantos@edu.tbz.ch"|"am7&NV-Fq&6z3-ni7Nsn"
"gaetane.axston@edu.tbz.ch"|"zK1Gf6-qoIdJ&-hyTkWI"
"aimee.merman@edu.tbz.ch"|"W#X#g@-D7sKT0-QPChWK"
"oerjan.drivers@edu.tbz.ch"|"iIW&mW-lMhe2O-tVx$p%"
"aimee.miroy@edu.tbz.ch"|"j7b4I0-BGkt64-bEi5Dv"
"nelie.glyde@edu.tbz.ch"|"xBdO7@-4OpWRC-pK9m$u"
"hakan.kapelhof@edu.tbz.ch"|"7QsYCJ-n3ia4k-m54hdd"
"maelyss.cauley@edu.tbz.ch"|"jkv@#p-xIQksP-9nHsS1"
"elea.vaggs@edu.tbz.ch"|"CoeZas-O8e4l3-P3ab5x"
"maelys.but@edu.tbz.ch"|"kr8o%b-CxVkTG-s6rSjh"
"maella.arthurs@edu.tbz.ch"|"qP@JzL-w&6tOg-sK$75Q"
"adele.liebrecht@edu.tbz.ch"|"zsEx7u-Jtsiw4-SZYH%&"
"meline.lomasny@edu.tbz.ch"|"dVTfwf-ChLgVY-PZjTGm"
"mediamass.schwant@edu.tbz.ch"|"iryHVd-Ld9W6d-pSNoPI"
"leone.saunt@edu.tbz.ch"|"1k4Kxu-nKJp9w-AYUMx5"
"annotes.gouch@edu.tbz.ch"|"Qb8IfJ-GH&Nqc-x%r5c9"
"gaetane.bowich@edu.tbz.ch"|"gh4cO#-7OdDPy-9c1gfk"
"alizee.strelitzki@edu.tbz.ch"|"7mT2lA-xPxj0K-tSHgN7"
"leone.poile@edu.tbz.ch"|"T0iSdx-EY@dCI-WrQxj5"
"amelie.saban@edu.tbz.ch"|"TQ$Uox-PTZph2-YXhoE#"
"marten.mcmenamin@edu.tbz.ch"|"#6wXub-AZICaJ-$u$wAo"
"becassine.keets@edu.tbz.ch"|"OpgNQG-S1ir%Q-x1VTef"
"celine.million@edu.tbz.ch"|"rHrxQt-p2NPg0-V6iMm%"
"geraldine.belitz@edu.tbz.ch"|"PhEEit-Ly9M4@-8ycy4f"
"salome.mardling@edu.tbz.ch"|"w4%O&t-G0tFE%-u1dZxN"
"melia.blakemore@edu.tbz.ch"|"4mfQRR-5ZRdLn-3ZxO$g"
"dafnee.mcaulay@edu.tbz.ch"|"Kqt@CE-y%xWX2-obIJ9C"
"garcon.dennett@edu.tbz.ch"|"whs8zT-&bWyPO-Tv&gwe"
"interessant.lesor@edu.tbz.ch"|"JxP%9c-opks8G-&j0SyE"
"annotee.wasbrough@edu.tbz.ch"|"U3e2Fm-B4WDzw-XbmGds"
"asa.ibbeson@edu.tbz.ch"|"lLNGAC-@1pUtm-cm0wq0"
"maily.kennealy@edu.tbz.ch"|"gUF5@m-YmfBXO-@e4IRl"
"ye.seares@edu.tbz.ch"|"@yYYna-FwCD4m-SXzuiE"
"athena.harbron@edu.tbz.ch"|"PsKvAU-OjEkSm-hERgYS"
"andreanne.portail@edu.tbz.ch"|"Blgn8V-PgVi%y-iGcYxq"
"goeran.zannelli@edu.tbz.ch"|"fV60B5-CGudNu-yV258U"
"gerald.leathlay@edu.tbz.ch"|"VEa1kP-DR45lH-l3F8s3"
"andreanne.chown@edu.tbz.ch"|"1Qasjm-1mG8l7-q0Fl3I"
"esteve.clementel@edu.tbz.ch"|"ytV1Fe-zCRf3%-wPANMc"
"leone.legan@edu.tbz.ch"|"g&NFtO-rlD5RX-2qJEtn"
"maena.pownall@edu.tbz.ch"|"pI5BAj-NesJbL-812Y#1"
"andree.rettie@edu.tbz.ch"|"mIr$sj-CTvMk6-qpRmZW"
"ines.kenwrick@edu.tbz.ch"|"taFHj5-WYGK0h-RVWmIY"
"marie-helene.yarnall@edu.tbz.ch"|"gLXPeP-yp%qxX-xZkXTt"
"po.martin@edu.tbz.ch"|"HHFOV1-BBpCr5-&XTbzj"
"ruo.celiz@edu.tbz.ch"|"yEqbvr-lFgw6v-5DWENE"
"po.bissett@edu.tbz.ch"|"dQXEEV-fimBIj-ro@pTg"
"du.swindon@edu.tbz.ch"|"98qE5x-u&LmMU-$tPnkD"
"interessant.gouldthorp@edu.tbz.ch"|"E4zs0C-APy8Re-&i96Sx"
"leandre.lilburn@edu.tbz.ch"|"R3$v9W-3PKVSU-VrzJpj"
"bjoern.whales@edu.tbz.ch"|"rTE%7h-NNrjJu-Ja3l5U"
"interessant.dieton@edu.tbz.ch"|"GOB#Ha-21790V-haocry"
"celestine.redhills@edu.tbz.ch"|"bc@IIK-LJgf#n-iYwcdg"
"tan.yakovlev@edu.tbz.ch"|"QtPfsO-FlrUBT-wUAial"
"regine.mcdowell@edu.tbz.ch"|"uEelPK-8YJxLp-2WiTxG"
"ju.coysh@edu.tbz.ch"|"5P&Nj@-KM7Ax5-JZ@4q6"
"reserves.ofallon@edu.tbz.ch"|"9PHCgv-#sl@DA-w%LvRV"
"frederique.sobey@edu.tbz.ch"|"Z%iHQW-QJUAfe-jlQuRf"
"marie-eve.garstang@edu.tbz.ch"|"wq7I%L-JF3YVj-PQYgd&"
"andre.tapin@edu.tbz.ch"|"IJE%68-@tlLFe-00c0Fz"
"esbjoern.eynon@edu.tbz.ch"|"1ZwHw5-@Pta@$-rO3tNL"
"maella.duffy@edu.tbz.ch"|"nVRFNM-awqPwp-SnJog2"
"leandre.twinning@edu.tbz.ch"|"LtNjDt-lMg9%7-czZqP2"
"mai.whittingham@edu.tbz.ch"|"zHbldO-Fk8YQt-10YrOJ"
"rachele.shevelin@edu.tbz.ch"|"Zmjawo-nT@%BT-0JXC@T"
"cecile.mcure@edu.tbz.ch"|"@Wu6C@-&@mC0D-ViDMWD"
"marie-eve.yurkevich@edu.tbz.ch"|"kChRxC-Fyc5LA-VO7eRR"
"almerinda.paice@edu.tbz.ch"|"cUBWfI-R4qgl4-ZgsFMN"
"rao.howkins@edu.tbz.ch"|"cCoRIN-23itEz-CMlET4"
"serena.pack@edu.tbz.ch"|"K2wWpN-7E%W34-6DqsEY"
"rebecca.mant@edu.tbz.ch"|"%kOSYk-hGd@mp-EjP8h&"
"reserves.spitell@edu.tbz.ch"|"DkLA6H-GGTaI7-fdxBgR"
"garcon.hamfleet@edu.tbz.ch"|"5w3jYM-9R96rI-ylw4Qq"
"methode.kerkham@edu.tbz.ch"|"BtD0B7-1atWPH-P@B9Gv"
"pelagie.camies@edu.tbz.ch"|"cJQE3F-8Rbiil-SltwVd"
"josephine.macpharlain@edu.tbz.ch"|"lb13pD-nmkreC-Ovs#DP"
"eugenie.mathet@edu.tbz.ch"|"$Ai5Je-ZDAcrB-$BV3A5"
"gaetane.brangan@edu.tbz.ch"|"JqhTN&-UTMYgx-omU&78"
"michele.dewbury@edu.tbz.ch"|"kffNpo-y44XQK-MVyRd1"
"eugenie.elcott@edu.tbz.ch"|"agomN3-weSb8t-gPK%&X"
"megane.harniman@edu.tbz.ch"|"DkYp%V-XS22#p-xnIdfd"
"agnes.cluney@edu.tbz.ch"|"Q0OE95-GEZzN@-r#zdqU"
"marie-helene.angear@edu.tbz.ch"|"h2ZZip-GPs&%A-mBCNSM"
"melia.dolphin@edu.tbz.ch"|"25&zCr-pKkxEL-3Keft3"
"lois.ruseworth@edu.tbz.ch"|"OpXZTF-4mVoA1-joVzUv"
"mailys.ryding@edu.tbz.ch"|"K&9dJL-4qBjSH-ICq0Ng"
"rachele.wulfinger@edu.tbz.ch"|"rfZidu-TpOEBQ-2MswE#"
"gwenaelle.talton@edu.tbz.ch"|"M17j2#-N&GDlQ-uoYr4J"
"long.ronchetti@edu.tbz.ch"|"Cou$&F-jlk7Y%-7u5l7$"
"styrbjoern.kloska@edu.tbz.ch"|"ZcTF@T-aRX3Oj-pAaf1u"
"len.sudran@edu.tbz.ch"|"E3AhXL-Nu51oj-kkPomX"
"maelle.andrysek@edu.tbz.ch"|"YDSadx-JvZ@hv-YfpsWC"
"selene.senior@edu.tbz.ch"|"$5GxeO-04dJOu-cr5Kol"
"anais.joskovitch@edu.tbz.ch"|"Fd9UJt-X0n&43-r$ncuR"
"marie-noel.dally@edu.tbz.ch"|"%ed%2A-XIMz&H-lS3b6d"
"marie-helene.laurence@edu.tbz.ch"|"rW6rhB-2V04IM-JeG9Qi"
"camelia.foxon@edu.tbz.ch"|"KgaFlA-@2yTDy-@xmAxC"
"helene.cankett@edu.tbz.ch"|"vOa5ie-qYrkza-HsgGjC"
"marten.mitchelson@edu.tbz.ch"|"kNYAZl-o0EsTI-dj7%m$"
"helena.stirtle@edu.tbz.ch"|"tnKN9q-#@fhM2-VwjStz"
"leane.barmby@edu.tbz.ch"|"39oWL&-am5LxY-dOyRam"
"goeran.ofinan@edu.tbz.ch"|"I#I9CR-4m@K$Z-WhuJRE"
"styrbjoern.proby@edu.tbz.ch"|"isoX&K-vsYhXx-xx8q%4"
"zoe.halse@edu.tbz.ch"|"vspu8V-YDNngW-ANBk1Z"
"kui.drable@edu.tbz.ch"|"EYsxBt-%19Gke-&VAiea"
"desiree.bamford@edu.tbz.ch"|"g%NnBQ-lB2oxa-UbCZ19"
"zoe.suller@edu.tbz.ch"|"97k6&u-k3bHo3-QgSVjY"
"marylene.audiss@edu.tbz.ch"|"Q$Auq8-6A&43n-t07aQP"
"adelaide.poznanski@edu.tbz.ch"|"F%aGgV-zCzU8B-PGiB&A"
"maella.coleyshaw@edu.tbz.ch"|"xS%hY0-vDuoTq-TgBuv5"
"marie-francoise.gelder@edu.tbz.ch"|"PJSyEN-pWKMcv-dXOZ15"
"eleonore.chaffyn@edu.tbz.ch"|"%QCsZL-sy0GdH-yKzxwh"
"celestine.sikorsky@edu.tbz.ch"|"0zPC6E-DvpYEL-YSlFW$"
"stevina.londsdale@edu.tbz.ch"|"3jQzOy-bz9CYC-at6Wi%"
"maiwenn.nevitt@edu.tbz.ch"|"yho&8m-Q@0d4C-F%OEyt"
"magdalene.gerrey@edu.tbz.ch"|"wj6&$C-xlE3sy-QmOx6M"
"becassine.latimer@edu.tbz.ch"|"Sg90Qc-NpQZ%K-iyunuC"
"da.lethibridge@edu.tbz.ch"|"%0QW1y-y3pwmn-BOpF2g"
"mailys.claige@edu.tbz.ch"|"dL6Z9O-@Nasi8-S$IUbC"
"maena.torbard@edu.tbz.ch"|"Q#$VLW-bFQ9my-mVF&MV"
"solene.lyvon@edu.tbz.ch"|"xRT$bf-sWkPW6-9UQJ22"
"marie-therese.benbrick@edu.tbz.ch"|"&$g93y-N$WDJv-jd0X&%"
"gerald.edmonson@edu.tbz.ch"|"idftVR-DE$mAk-f55VIm"
"ake.messruther@edu.tbz.ch"|"B&EYOs-An#C6#-s4zdjV"
"men.gosneye@edu.tbz.ch"|"QlZbto-j6U5WL-pUhSq#"
"anais.jefferys@edu.tbz.ch"|"EqUFbc-KB188&-1mPv8v"
"publicite.tregale@edu.tbz.ch"|"4aSB&9-&XnZQY-9Ql#0z"
"maily.santorini@edu.tbz.ch"|"lFqF9r-144x8l-n@Zdiu"
"ines.pioch@edu.tbz.ch"|"X9k1nI-0E99y$-&ZIjm3"
"noemie.marklew@edu.tbz.ch"|"vkZur6-mTCo8Y-IWG9Q3"
"meghane.maccaffrey@edu.tbz.ch"|"@2$1z6-bDc5qh-m8PVT2"
"berangere.ambrogio@edu.tbz.ch"|"YYLnSJ-@@B0NL-lNyVbL"
"mediamass.ryce@edu.tbz.ch"|"fz6Ymu-CzfYeP-Oc$rsz"
"oesten.ubank@edu.tbz.ch"|"zbTl9q-FfJihw-%lGtW&"
"melina.mackee@edu.tbz.ch"|"chZRm1-EjfsP$-CMFTkf"
"theresa.livezey@edu.tbz.ch"|"yI3w2I-GtfHdk-Z7ouR2"
"clemence.weal@edu.tbz.ch"|"$&vBKR-87gJt&-iy&fgl"
"faites.overton@edu.tbz.ch"|"pyAmHa-CfJGJc-Ly1d5c"
"clea.lindblad@edu.tbz.ch"|"T6Ye&J-iq%bYZ-A91CjZ"
"josephine.roseaman@edu.tbz.ch"|"E2kk9#-c7YxEs-aN4lZo"
"oesten.lowbridge@edu.tbz.ch"|"aoSNNZ-hgITct-IHMLso"
"marie-josee.brion@edu.tbz.ch"|"2w9j5c-LP%IYf-vnQ8wH"
"therese.basili@edu.tbz.ch"|"DVbwXc-9m%LDK-7Y$lCz"
"melia.vertigan@edu.tbz.ch"|"OObYA3-sTFa21-zfV19G"
"judicael.saull@edu.tbz.ch"|"G$t0t@-ozRJkk-f2UFFt"
"selene.valentine@edu.tbz.ch"|"h1SdyQ-&awHJU-y&18Gp"
"verane.dunlap@edu.tbz.ch"|"HGW7MP-9v$1kL-frEVtY"
"meline.kinnear@edu.tbz.ch"|"tnCCAF-YfxXa6-rTknKB"
"lei.luttgert@edu.tbz.ch"|"zooQQB-QK9%YJ-fyPnPr"
"styrbjoern.lathleiffure@edu.tbz.ch"|"RnpWB@-czvZeY-G2AGzO"
"marlene.blasi@edu.tbz.ch"|"f%4DLy-Sj7p&%-Ku#VsX"
"mai.begwell@edu.tbz.ch"|"FnGNzE-11clU7-TfIhXj"
"gwenaelle.kaines@edu.tbz.ch"|"xO5T1y-gun2l9-7mMjTS"
"gerald.adamthwaite@edu.tbz.ch"|"xdP2&b-gIXRKX-66dUzi"
"kui.hartfield@edu.tbz.ch"|"aI8s7h-ExVDkl-@flJVk"
"salome.currao@edu.tbz.ch"|"V&fNxe-SsT8Lm-eLYd5j"
"angelique.tixier@edu.tbz.ch"|"3BK8vD-ARj83f-9sSHJt"
"ju.mcgragh@edu.tbz.ch"|"aB&LXg-Rvkd8Z-lQ5j#A"
"dafnee.beachem@edu.tbz.ch"|"OsI@B2-aCuE0F-3W5gmS"
"creez.terlinden@edu.tbz.ch"|"7WwI0W-mNUmYr-JOTQm1"
"uo.mcskeagan@edu.tbz.ch"|"2qnPm2-yxIldi-rYgId5"
"edmee.mccaughren@edu.tbz.ch"|"15BWSj-cT4rnO-yuYLt5"
"asloeg.cozby@edu.tbz.ch"|"EA1FC0-AwSrn9-W8VZPJ"
"melodie.traite@edu.tbz.ch"|"I2eR@x-SqZas8-a#rgli"
"dorothee.aindriu@edu.tbz.ch"|"C#AfBf-GpYP9@-RVqt5@"
"daniele.doley@edu.tbz.ch"|"$8DkYl-y%H1oA-L&Yhyq"
"mediamass.fairclough@edu.tbz.ch"|"35c0D$-X#OBC7-m#W35F"
"lorene.rainforth@edu.tbz.ch"|"sTBDkQ-kjSbeL-02q&%G"
"leonore.eyer@edu.tbz.ch"|"FniXOU-sRMu&y-f6n%4Q"
"po.spillman@edu.tbz.ch"|"5zzr4A-X$UQC#-8#6opJ"
"cecilia.plitz@edu.tbz.ch"|"xHOgP8-7sRs7&-JKmv7Y"
"lorene.ludlow@edu.tbz.ch"|"W9nFZg-GqZnL0-ay%&lr"
"berangere.neligan@edu.tbz.ch"|"05DteQ-PkwFdv-pgHtvZ"
"simplifies.huggan@edu.tbz.ch"|"CQdS@L-21@McC-t7s#K9"
"clelia.prandy@edu.tbz.ch"|"&PF2Cr-sD%I3R-0rK8Vp"
"ake.osban@edu.tbz.ch"|"vPIEiy-qY10Iw-BnlYvK"
"cunegonde.brunn@edu.tbz.ch"|"xoXaVx-y7YTaZ-$bd7sK"
"long.grizard@edu.tbz.ch"|"Ycbqu6-Wq9thx-158ubC"
"meghane.diss@edu.tbz.ch"|"T079Zi-C7k0@e-2zx1Fx"
"therese.oldman@edu.tbz.ch"|"&jpQFX-1BfJqw-7bjngR"
"boerje.scamerdine@edu.tbz.ch"|"6tBxKe-Gu3@EZ-ePU77T"
"du.saban@edu.tbz.ch"|"vS4mRV-6KXXXJ-gS5bNx"
"hakan.clynmans@edu.tbz.ch"|"&Q6&k7-HBFcrI-Psg&pP"
"wa.macdowal@edu.tbz.ch"|"$oJ81y-c2eHs$-VDBMAI"
"venus.hatrey@edu.tbz.ch"|"IW8bg#-vuphA4-61Phh%"
"anaelle.vispo@edu.tbz.ch"|"UhsoDQ-Hst#M9-&@wcIi"
"mahelie.ollcott@edu.tbz.ch"|"6eMAPs-Lp67xT-U4fgML"
"mediamass.whyman@edu.tbz.ch"|"q7XuuL-9n40lk-sZKPv3"
"esbjoern.basson@edu.tbz.ch"|"Sdnv&1-yiR48V-Ff$jPL"
"andrea.morrill@edu.tbz.ch"|"dCdrM8-z@XLhP-eljCXa"
"melys.grassi@edu.tbz.ch"|"3A8mp9-w5aHku-naUdbr"
"leone.poleye@edu.tbz.ch"|"Snop%#-pT@@tY-Vjf8dA"
"francoise.penny@edu.tbz.ch"|"c5j5fV-#mFzvM-FiBsNv"
"rebecca.edney@edu.tbz.ch"|"MzrzEA-9R6Zmr-D9Ez&V"
"adelaide.murtagh@edu.tbz.ch"|"0$x2St-h&g&$J-d97HJL"
"stevina.winterbourne@edu.tbz.ch"|"K@V84z-02$dMd-CbNdON"
"ma.cottom@edu.tbz.ch"|"37nvlU-ZKr13B-RYPgEX"
"tan.harold@edu.tbz.ch"|"vczfk0-uKGNKB-ZxhCRv"
"venus.forte@edu.tbz.ch"|"x%MuhL-WRYCgi-HSpEWF"
"almerinda.oluney@edu.tbz.ch"|"gqqzRz-OL7u2G-YnX$XE"
"cleopatre.brehault@edu.tbz.ch"|"jcmP4T-4oGYkh-81tJGx"
"interessant.lapides@edu.tbz.ch"|"70tHF7-aIkaDX-y94OoV"
"reserves.hallatt@edu.tbz.ch"|"5zWIql-3o&kb%-ZU60x0"
"annotes.birdwhistle@edu.tbz.ch"|"4wY$QL-3sdWtG-%KTnlo"
"ai.dredge@edu.tbz.ch"|"xnc2bU-YRqbqU-i15V6u"
"megane.mussard@edu.tbz.ch"|"XkG8vG-ysoEB5-Epqpaw"
"esbjoern.gowrich@edu.tbz.ch"|"vYg228-bhqYB&-ZOa3q1"
"boerje.brislawn@edu.tbz.ch"|"&YiHb5-v$WSwd-G0c34m"
"becassine.wilce@edu.tbz.ch"|"UlaHZ4-3NJz3V-k7LUR@"
"personnalisee.oels@edu.tbz.ch"|"KXfV5&-fUzULa-S$Mbkc"
"verane.pett@edu.tbz.ch"|"Skw9yC-ed#sgp-Pv5XDi"
"marylene.glewe@edu.tbz.ch"|"bwtDYc-vrpjkl-2bG4Wo"
"lai.elson@edu.tbz.ch"|"BWshfd-UHkwfV-t$AhxE"
"serena.difranceschi@edu.tbz.ch"|"6m#xi7-OQt@9r-2kSEcQ"
"lie.espinel@edu.tbz.ch"|"QNU0nn-lCwYpV-Zg$4N%"
"marylene.fantini@edu.tbz.ch"|"esTFFI-X7NhL0-XIGY%6"
"andre.archdeckne@edu.tbz.ch"|"RF@@kv-IY1P3x-Ao%P8h"
"goeran.bohlingolsen@edu.tbz.ch"|"V4ZNOn-O%oFmU-ZX&PMw"
"cunegonde.heffer@edu.tbz.ch"|"3af9FF-THsCV9-syQQBg"
"tan.fechnie@edu.tbz.ch"|"GPo3bV-%9qQIT-z&4@fZ"
"marie-noel.brammar@edu.tbz.ch"|"TZukqv-j&rIbh-XbW6&c"
"simplifies.aven@edu.tbz.ch"|"Gghg%D-NSYv4%-ds#9dW"
"melys.pinchen@edu.tbz.ch"|"nJOf&h-pCi3Fg-s0T7J9"
"edmee.joyner@edu.tbz.ch"|"xkZryu-9Cp7tP-@5DBcZ"
"berengere.edess@edu.tbz.ch"|"eSy@Qs-nDVmRO-CwnqBw"
"marie-noel.goward@edu.tbz.ch"|"2vH@TC-E286Ka-e86%#l"
"ju.edmons@edu.tbz.ch"|"p9EVfL-dYmVhO-TcsLBx"
"frederique.airds@edu.tbz.ch"|"U$pS76-4WuMqf-UKyxlr"
"reserves.dauby@edu.tbz.ch"|"zks8A7-fm7fEz-8bOLKb"
"hakan.gynni@edu.tbz.ch"|"onZTwz-FDuRVg-$21F5&"
"leonore.pinwill@edu.tbz.ch"|"4Yfo1h-GUm@BX-aTb&V1"
"marie-eve.mcallan@edu.tbz.ch"|"st9fNi-hsFD8I-YeQzlm"
"naelle.yeabsley@edu.tbz.ch"|"YY#cGl-n608H5-PeZ&7f"
"nelie.jacobovitz@edu.tbz.ch"|"VKdx4k-zOrX5N-jDws$q"
"adele.conelly@edu.tbz.ch"|"DZt%UC-b4vfOB-Y6xqVe"
"clementine.dondon@edu.tbz.ch"|"bMmt%F-9u99%t-#U&fB6"
"zhi.willcot@edu.tbz.ch"|"GR#L&T-689KVk-2$rS9c"
"chloe.janicki@edu.tbz.ch"|"eek7JF-@m7R3#-bZ78F2"
"meng.linde@edu.tbz.ch"|"ohLK0N-hl#p8J-@sZs$%"
"celine.janisson@edu.tbz.ch"|"4UkhIc-jSAu2S-XsL&Xt"
"clelia.crow@edu.tbz.ch"|"t#eppD-KBrlXp-7rE3ze"
"cecile.pyott@edu.tbz.ch"|"cS$vm$-8uxD%F-80N4ih"
"ma.fidelus@edu.tbz.ch"|"M3YYNg-jbcv62-f5CCr%"
"marie-helene.poore@edu.tbz.ch"|"Ut#QNG-$h&75H-d90Cke"
"elies.blanket@edu.tbz.ch"|"z$9Khs-pkLfbi-r&ZPlE"
"yu.boyer@edu.tbz.ch"|"eSQhQE-uLkfSA-LkFSLm"
"celia.welds@edu.tbz.ch"|"8#TC2W-UPJ6OF-nN9xFU"
"du.gunney@edu.tbz.ch"|"T#XKAM-OPsuNk-RuAoqn"
"goerel.crush@edu.tbz.ch"|"e&1FR7-rpWp4S-kmwHxi"
"marie-josee.brosius@edu.tbz.ch"|"Y58Kt8-WE3iyG-PAbu2u"
"camelia.adds@edu.tbz.ch"|"7j03So-WE#GPM-YjoB7y"
"anae.irwin@edu.tbz.ch"|"YIGg77-7U5RlU-8p%Hge"
"cleopatre.skeffington@edu.tbz.ch"|"A97Hn6-N5uDKy-Hiw0HK"
"gerald.suggate@edu.tbz.ch"|"#txiR0-5L@cLQ-JwUm&I"
"laurene.tailour@edu.tbz.ch"|"IegTYe-NOEg1c-71KSAy"
"amelie.hoble@edu.tbz.ch"|"k&Sgl2-HjeqQF-&6KWcq"
"venus.getch@edu.tbz.ch"|"2u6@Iv-h6P3UT-zaU2v8"
"renee.treby@edu.tbz.ch"|"Q3N$Hl-0dZDJr-snafdJ"
"almerinda.stait@edu.tbz.ch"|"As@7Dk-ZF@mqu-R12B5F"
"andree.reddecliffe@edu.tbz.ch"|"q1DbHl-ZLcdzz-TT%GR2"
"leone.wintle@edu.tbz.ch"|"$sQ2fY-jDPPQS-aS6YYg"
"gerald.fellow@edu.tbz.ch"|"YKoS19-i@Xau6-#LoQWF"
"ju.gudger@edu.tbz.ch"|"iTQ5n$-ICSmZ0-r19%tD"
"meng.ohaire@edu.tbz.ch"|"WY4e7s-5FYj4x-jIok6U"
"cleopatre.missington@edu.tbz.ch"|"uUs@wA-b$1Aj$-PGfLYu"
"annotes.debruyn@edu.tbz.ch"|"whbnJU-jx9kFG-I23#1N"
"gerald.sinisbury@edu.tbz.ch"|"02dyFJ-SkvkQ9-Byc@TG"
"creez.slora@edu.tbz.ch"|"NJc2Rq-jz@FZg-@eNwoL"
"gisele.benbow@edu.tbz.ch"|"R3vUWM-NV&YPt-3UddJt"
"pal.dossit@edu.tbz.ch"|"Wi56DD-6vlSLp-CX#o8x"
"nelie.stirrip@edu.tbz.ch"|"2iKtwx-evt&Y@-T&xCw%"
"alois.ocrigane@edu.tbz.ch"|"@0Sz2o-DczdAW-0Lpgs#"
"kui.mcterry@edu.tbz.ch"|"JOCf1t-lwOMr4-1jXP80"
"long.willgoss@edu.tbz.ch"|"8m8cdW-W%uozT-3HdbWv"
"francoise.sumpner@edu.tbz.ch"|"3g%qZK-ApAUNZ-A$Jb8v"
"maely.grinstead@edu.tbz.ch"|"hbu9LF-OEUais-3P$AhR"
"creez.langeren@edu.tbz.ch"|"T#UI0l-voJXap-dXX00Q"
"adele.dungate@edu.tbz.ch"|"3DABCz-KIMW@7-Yi$dNA"
"cleopatre.noirel@edu.tbz.ch"|"ltf%eB-05T6c6-wo7$gu"
"interessant.daverin@edu.tbz.ch"|"vQ$CkG-oppv%%-2Dv#%#"
"naeva.kalderon@edu.tbz.ch"|"gw4Ntj-dyBAK6-DcS6pW"
"anais.oshesnan@edu.tbz.ch"|"OSiw&O-0TcY1Z-rhypmY"
"judicael.anelay@edu.tbz.ch"|"Zsin%W-hfVy1N-QlZ4Kr"
"eloise.braxton@edu.tbz.ch"|"#866E5-zwJr5o-o6zVtH"
"desiree.greguol@edu.tbz.ch"|"i%sUKR-giRL3Z-XCMZKl"
"maite.mcclenaghan@edu.tbz.ch"|"C$oGnr-5GpMNv-mFoOzs"
"meng.doret@edu.tbz.ch"|"Wj6Ctp-W0a7eG-J5QU3v"
"frederique.chippendale@edu.tbz.ch"|"XSTDjF-HzESTa-Hx0XSV"
"andreanne.lanney@edu.tbz.ch"|"8&I82Q-zudIHy-5Q@V%&"
"aurelie.claus@edu.tbz.ch"|"NmwA3B-5QASrI-POsMPx"
"renee.pabel@edu.tbz.ch"|"pcGsTY-NB0p#r-qMdzko"
"maena.roust@edu.tbz.ch"|"EKzLUX-WJnRn8-$fi0Hi"
"nadege.carwithim@edu.tbz.ch"|"RIyBDv-oAEImV-o97Tln"
"solene.geyton@edu.tbz.ch"|"ihKCrB-QR7fON-L7KxzC"
"dafnee.avraham@edu.tbz.ch"|"Mgh3C2-RGyz93-PnXBs7"
"leane.woolvin@edu.tbz.ch"|"%mTbBO-LgUJzq-&rXJ#q"
"adele.macadie@edu.tbz.ch"|"wl2sy8-tDEEvm-pKZTmK"
"meline.rubica@edu.tbz.ch"|"Djp9L#-AjDE2J-3W#O&1"
"marie-noel.speeding@edu.tbz.ch"|"gI384G-GFD6r@-WLQi52"
"nelie.mix@edu.tbz.ch"|"IY51#2-cju0DE-9aVzjS"
"clea.ollett@edu.tbz.ch"|"nW7yYt-WykHUW-a%hgWm"
"leandre.mcgavin@edu.tbz.ch"|"AX4mzQ-wK8YGz-PHt0z1"
"cecile.behne@edu.tbz.ch"|"j2R4C3-TFqoz0-ErYXZj"
"melanie.polle@edu.tbz.ch"|"NFPrHD-n2nXUS-jBxJDe"
"marie-josee.titmuss@edu.tbz.ch"|"ebSitf-goQV1&-Lf$Xz8"
"helena.guest@edu.tbz.ch"|"25sjec-lFSv0C-p2uHw$"
"annotes.chicchetto@edu.tbz.ch"|"OK$Feh-@T6u$R-RuADd@"
"melia.tubb@edu.tbz.ch"|"&Pec&h-CuBJN$-5qWDyM"
"angelique.casetti@edu.tbz.ch"|"axO&f9-5IRWjl-m1GnH3"
"cunegonde.cleall@edu.tbz.ch"|"VI%3Rw-uR0PpP-Ct$TK9"
"camelia.oaker@edu.tbz.ch"|"hpsJeB-OCTOky-ui6q$N"
"you.searight@edu.tbz.ch"|"%FXMi@-Ru8biz-2HZXya"
"kevina.dederick@edu.tbz.ch"|"#9bq@L-KbqMa#-G916UN"
"milena.jeffrey@edu.tbz.ch"|"m%T9RJ-XYuGQv-@cBDyx"
"melodie.barkshire@edu.tbz.ch"|"swgcZF-XzBoFl-M8SO3i"
"gaelle.kreutzer@edu.tbz.ch"|"nSgIiR-pxKfAj-emVu34"
"kalliste.kleinpeltz@edu.tbz.ch"|"d7V6yj-bYNF2N-P#VN&0"
"clementine.danat@edu.tbz.ch"|"GCky5y-b21IR3-@93AYm"
"andrea.wabb@edu.tbz.ch"|"cev@YU-Tl67G6-77JmzC"
"geraldine.piesold@edu.tbz.ch"|"SL2Q@k-6jPX7e-u1&xl9"
"tan.fiveash@edu.tbz.ch"|"A8xhA$-SG0$Bw-SVc@mP"
"meline.yuranovev@edu.tbz.ch"|"WTmKtp-zx%mvU-V6&2ny"
"therese.holme@edu.tbz.ch"|"#GeJ6n-@IQkNF-&KcJ%W"
"salome.vaney@edu.tbz.ch"|"SBr4rM-5C2$k8-vy7DiA"
"anae.abramson@edu.tbz.ch"|"jTnJsB-PQSdGu-QLdN5q"
"kalliste.jimson@edu.tbz.ch"|"HOLEJk-PAiC6v-MRP##f"
"selene.yole@edu.tbz.ch"|"Yb$6$v-358jzj-a&9KCI"
"agnes.defraine@edu.tbz.ch"|"5gTngN-dDBygl-ZVUj&x"
"faites.mccluin@edu.tbz.ch"|"Wzj4Vz-#PzUL6-uvg#&2"
"athena.deme@edu.tbz.ch"|"#Z1OsT-oUF%An-56AgYp"
"daphnee.brigstock@edu.tbz.ch"|"%tOS8@-DAh%Mh-pQUJS#"
"goesta.skaif@edu.tbz.ch"|"WdRxev-Ufs@Gh-fRpas@"
"oceane.jagoe@edu.tbz.ch"|"mtZdej-XO#J4T-#mnnQo"
"annotes.broomhall@edu.tbz.ch"|"6KKAoT-%Nu63U-7e3ZAk"
"marie-eve.ballendine@edu.tbz.ch"|"00l@le-xioVyr-iHuwER"
"melina.spykings@edu.tbz.ch"|"0KUxLR-lnE2bB-lLC41T"
"laurene.ticehurst@edu.tbz.ch"|"jR#loi-iFOl2C-8aw2GC"
"fei.avramovic@edu.tbz.ch"|"HHCrFu-9k9iZy-TAZ9@#"
"publicite.strathearn@edu.tbz.ch"|"Fv7DQN-2hc@af-PnJql4"
"torbjoern.garrow@edu.tbz.ch"|"&KSrPR-7VC%0Z-AmkbKJ"
"chloe.rubinsztein@edu.tbz.ch"|"S6G68j-DNjkw6-9htdJt"
"mylene.demanche@edu.tbz.ch"|"cMQe%B-Ou4p#t-BIWt@r"
"mediamass.godlonton@edu.tbz.ch"|"5H2i#B-X&VrxI-I%vxwE"
"renee.shurrocks@edu.tbz.ch"|"GsYn7N-anretC-quRxRt"
"maiwenn.jedras@edu.tbz.ch"|"lS@IWR-XQnHjE-L9Xea3"
"genevieve.castells@edu.tbz.ch"|"OxJOdN-po7sIu-lKV$Y&"
"renee.sneden@edu.tbz.ch"|"$SzLuq-lN2Yd@-66cX$x"
"lai.mccallion@edu.tbz.ch"|"GEwPAV-i4CFMV-U4GP3M"
"kevina.impleton@edu.tbz.ch"|"nGIGG$-0Dth74-@AJsE%"
"oesten.fresson@edu.tbz.ch"|"XVQhkx-J4BlPv-N9OKbJ"
"verane.shawley@edu.tbz.ch"|"bcsK3W-H%P6jb-6qkJ1P"
"uo.sjostrom@edu.tbz.ch"|"k%$hDM-fJ#AKE-mRV$4w"
"gisele.gothup@edu.tbz.ch"|"Zkf$AL-tity5J-%gogM5"
"renee.beauman@edu.tbz.ch"|"#oisBd-g1ZVg$-lPZkNf"
"elies.loton@edu.tbz.ch"|"yNKdSI-OZhcRu-dKCeBC"
"valerie.elsmore@edu.tbz.ch"|"oW&D0v-Y5hy1Z-mP6EO0"
"berangere.delafeld@edu.tbz.ch"|"6rppsG-w$P5rr-ks$shl"
"bjoern.schimke@edu.tbz.ch"|"Dn86XC-8fg&B5-2ZdoP%"
"loic.ericssen@edu.tbz.ch"|"bD#u4P-VTEQT8-0P9Am@"
"creez.richarz@edu.tbz.ch"|"1U4iUR-pTgV&S-Ns4&3S"
"athena.grocott@edu.tbz.ch"|"bld7l8-N1KzWU-QhYnMe"
"naelle.piotr@edu.tbz.ch"|"ztHoB6-OWoaxf-pSRdlM"
"maella.paulson@edu.tbz.ch"|"8pJ0vz-UzWPTA-l%HwGE"
"song.perot@edu.tbz.ch"|"FpMMeE-KBqwN9-J11eh1"
"kalliste.heckney@edu.tbz.ch"|"FP@j%9-M6JRaA-xdTU3t"
"ake.vasyutkin@edu.tbz.ch"|"eqMyFs-$ydTaQ-FNs7VW"
"ma.castles@edu.tbz.ch"|"4cYw8A-Fiiwow-@&pIHO"
"maely.monget@edu.tbz.ch"|"bbxRcb-QRB$cW-OWbMUa"
"tang.durbridge@edu.tbz.ch"|"OIrfVk-pDA6cK-hzR%qi"
"laurene.andrew@edu.tbz.ch"|"pZNfOb-uNbJOT-uZgWGI"
"lysea.beacon@edu.tbz.ch"|"0oDbHs-Y#VfYA-5%2fb6"
"leandre.peyntue@edu.tbz.ch"|"CyCLY4-eeG8DQ-nKSZ5U"
"rao.trever@edu.tbz.ch"|"3nG4FA-PKS3$U-qNgsps"
"mahelie.streader@edu.tbz.ch"|"&yMJFN-&RSksh-3EmPm1"
"maerta.andrejevic@edu.tbz.ch"|"cRI7R#-VyyUMf-IB9Otm"
"goesta.tompkins@edu.tbz.ch"|"E0uTkm-l6WRmj-BY$&eX"
"helena.agates@edu.tbz.ch"|"Bafmf0-B9iolz-Nvw%kK"
"therese.glass@edu.tbz.ch"|"Xf11En-LzECAr-Kggda3"
"alois.foan@edu.tbz.ch"|"Qo0DAJ-D@&5RR-SoxKAZ"
"becassine.melchior@edu.tbz.ch"|"4#ea8S-husaE3-Tv0gsO"
"cloe.robart@edu.tbz.ch"|"ljeyoU-#me8jd-9JIcF9"
"daniele.puckinghorne@edu.tbz.ch"|"zzRYzd-NCH6F#-RH@D2Y"
"selene.cammidge@edu.tbz.ch"|"jPk$cM-NJhmmE-B@PJv7"
"regine.conochie@edu.tbz.ch"|"gYFud$-HFwa&&-eUq7He"
"interessant.tuiller@edu.tbz.ch"|"XV%IhZ-Y9h1Cr-nlfB4n"
"long.tiebe@edu.tbz.ch"|"ubwWFb-kwVJB&-#$gm7l"
"mans.yele@edu.tbz.ch"|"BykV24-pdT63C-T2jcnI"
"ai.giles@edu.tbz.ch"|"4bpfCv-1YRul#-PG$6U7"
"gaetane.hamberston@edu.tbz.ch"|"TIJq51-ezIWw1-wYlU@J"
"marylene.fenix@edu.tbz.ch"|"LTtBuT-oiS%B9-3K2ayy"
"geraldine.graeme@edu.tbz.ch"|"gbgeXi-@AdW$M-ef86pD"
"tang.kinglake@edu.tbz.ch"|"aETP9I-zuqBrl-SMzFvT"
"lai.challoner@edu.tbz.ch"|"upvY13-bV%tJf-4#Hv2n"
"desiree.mattei@edu.tbz.ch"|"mLIDFO-J@mAGm-loz4CZ"
"ake.erley@edu.tbz.ch"|"vUD%9z-7bswWj-rIpYz%"
"edmee.cavil@edu.tbz.ch"|"8$Dv95-ej6TZL-z7oh2k"
"alois.moyes@edu.tbz.ch"|"SPSiuo-k3@Xqj-fboKUP"
"becassine.pitman@edu.tbz.ch"|"5pSLQg-eRCZO4-8W#$Bi"
"ai.giacovelli@edu.tbz.ch"|"wxrwZ5-SE8LUf-%GXVVJ"
"judicael.fruchter@edu.tbz.ch"|"m@uAgM-4&gfRe-qTi9&c"
"mans.mogg@edu.tbz.ch"|"&ZSwi2-7ZipkJ-yLFdBy"
"gerald.foyle@edu.tbz.ch"|"n4Ny#L-g1bFTA-Q1D4gw"
"wa.androletti@edu.tbz.ch"|"wkpn5y-6Vm@ZP-Jt8BBF"
"meng.ollett@edu.tbz.ch"|"Ca3af@-ba#XaI-DZiZv0"
"naelle.macmenamy@edu.tbz.ch"|"zDYx32-$qW6cU-JmsKht"
"gisele.mcramsey@edu.tbz.ch"|"S$AhmF-IZCCh@-Uh8S1Y"
"meryl.scolts@edu.tbz.ch"|"Cl$qQS-Ns6J#Z-NPXK7a"
"celia.bloxsome@edu.tbz.ch"|"FqCVqW-AI&Vkn-ml$34N"
"styrbjoern.stuke@edu.tbz.ch"|"Gm@0y8-mdIh7v-drV5VE"
"felicie.gwilliam@edu.tbz.ch"|"0ejxkb-FkcbDB-hdGoIW"
"da.harms@edu.tbz.ch"|"Gnl6Iw-fuHumL-#jXzxP"
"celestine.baulk@edu.tbz.ch"|"nXkWo8-aIHwFV-ChGw3t"
"mahelie.blackledge@edu.tbz.ch"|"m3mAA4-nadWQx-qXbLco"
"meghane.salt@edu.tbz.ch"|"Q8yqZH-xGyFmC-OHZTDK"
"methode.paxeford@edu.tbz.ch"|"LkM3%x-JM7XjQ-&ZLPYI"
"asloeg.milligan@edu.tbz.ch"|"fpEyaM-mLZJnI-JzU24B"
"you.pellman@edu.tbz.ch"|"4iU0AB-1mOIX&-lQVzGp"
"loic.regenhardt@edu.tbz.ch"|"l4JXXZ-ji8ZSX-Iy&&14"
"daniele.savill@edu.tbz.ch"|"#jRcad-F5W8VV-b7dFQy"
"alois.cornu@edu.tbz.ch"|"kDPqDZ-Q@2wkI-XQttpc"
"oesten.govey@edu.tbz.ch"|"o&JxPd-OcGlgw-nsc4f%"
"marie-eve.louch@edu.tbz.ch"|"U9sJZB-1bU8Cb-4L@7l@"
"theresa.wenn@edu.tbz.ch"|"Kjg08g-ZdT80S-o3auIW"
"andree.eul@edu.tbz.ch"|"l0OBWk-6@aqWL-tzY%Bz"
"lie.paynton@edu.tbz.ch"|"RRrKEE-OyoR0e-wl7ikb"
"marie-eve.girodier@edu.tbz.ch"|"5$s$nM-$7oMWP-Dxa%tX"
"marie-noel.smithe@edu.tbz.ch"|"ql%NPh-6j0jRH-bQFMh2"
"men.bootyman@edu.tbz.ch"|"MdLWS7-tAZtDP-5UqSf@"
"ku.sugg@edu.tbz.ch"|"2bsATM-q&TAu3-pEu5d&"
"lucrece.roseman@edu.tbz.ch"|"uj%2et-WCgZMW-w8ENBR"
"zoe.annear@edu.tbz.ch"|"zr1Vb8-0k2UWr-lePWka"
"marie-helene.rennebach@edu.tbz.ch"|"Yhzrsc-8WbXAn-8yTQp$"
"lea.djurdjevic@edu.tbz.ch"|"MyKHwE-j6eA#U-hHYR&r"
"goerel.robert@edu.tbz.ch"|"iBM%$N-VFfuUY-p1U$A3"
"mylene.foldes@edu.tbz.ch"|"SSVNNA-iIQAH$-ELLZfD"
"faites.clegg@edu.tbz.ch"|"P4HtzX-e$IklY-O2rabU"
"marylene.crowcher@edu.tbz.ch"|"AJC3c$-tXm7K8-zH19PG"
"aimee.wimpeney@edu.tbz.ch"|"PrQrQR-Ehbdf8-#tky7H"
"renee.atkins@edu.tbz.ch"|"LpxZ%r-#qUSz6-7si9Ls"
"rejane.cainey@edu.tbz.ch"|"RjRWy4-KSG$tM-Q@GRo#"
"solene.britney@edu.tbz.ch"|"P5LZPB-Xr94gA-7VRDgq"
"marten.shatliffe@edu.tbz.ch"|"1Z&b2#-Jwvm8K-H8GOn@"
"maite.issatt@edu.tbz.ch"|"hJvbUH-9DyAEd-$#TNIt"
"maelyss.edon@edu.tbz.ch"|"#RUqCG-QECk9u-B#L8bC"
"nuo.bamling@edu.tbz.ch"|"5G@3nH-pyc$ZB-nomuFG"
"anais.edards@edu.tbz.ch"|"HIoFGO-#Y7VQk-iPB5cW"
"mediamass.bromet@edu.tbz.ch"|"ndR3P4-GcEe8Q-AIKNAS"
"beatrice.kimbrey@edu.tbz.ch"|"CA39r0-RfsYFx-g106sy"
"ines.lawranson@edu.tbz.ch"|"IcM4JC-G2iRLY-A1hgcp"
"kalliste.scandroot@edu.tbz.ch"|"OVS2SI-7k2%V0-HIl13j"
"mans.barrowcliffe@edu.tbz.ch"|"aq3Wnm-wCz2Qm-iDmPHx"
"irene.couves@edu.tbz.ch"|"T35c6h-KSjNWo-4AcVp$"
"milena.mucci@edu.tbz.ch"|"yRNG8S-794%JI-wfs6uB"
"naeva.cow@edu.tbz.ch"|"zrD&qr-Bfpo2C-RU3WfZ"
"audreanne.mournian@edu.tbz.ch"|"NOhHXH-TE&s4H-U7%p6b"
"melia.sinnatt@edu.tbz.ch"|"g3Lz#D-1X9upd-W9hPfH"
"nelie.burnard@edu.tbz.ch"|"lxnzGt-kkXddr-K2E6y9"
"clelia.ashfull@edu.tbz.ch"|"rUEyFZ-hMr@M4-lQq#zA"
"lie.macard@edu.tbz.ch"|"k4a2M6-FIt#UK-DItKhP"
"valerie.matoshin@edu.tbz.ch"|"QbCt1U-hDCE#6-SfL5o5"
"anael.hatherleigh@edu.tbz.ch"|"9JBsSA-Byofp2-2ZFQwA"
"interessant.warratt@edu.tbz.ch"|"&EcWoX-3J3eia-r&ExJn"
"eleonore.volage@edu.tbz.ch"|"otqrLZ-EBjLTW-%rr1Tb"
"zoe.stebbing@edu.tbz.ch"|"pD4HaM-nIAc4R-nW9yq7"
"alizee.nye@edu.tbz.ch"|"6&N@&Z-w6MEq3-W%cyMh"
"celestine.bramley@edu.tbz.ch"|"v@PO#3-oYi&NR-2pwKvD"
"selene.philcott@edu.tbz.ch"|"oeOcqs-BIN0wD-4ZlXRn"
"tang.newens@edu.tbz.ch"|"5P8pPX-J2r$QK-5i8Mih"
"annotes.powys@edu.tbz.ch"|"hh$cP%-Mnsq1%-pCC$Ks"
"lea.matthesius@edu.tbz.ch"|"@vDz6f-#X#Edm-iLvxpq"
"illustree.garlett@edu.tbz.ch"|"i8ANRT-K80XkF-9oQ4d6"
"maiwenn.meachem@edu.tbz.ch"|"7Z9Ebj-5qjkkT-ako0DG"
"marie-francoise.mcbrady@edu.tbz.ch"|"zcvhk6-5u9cMm-onc$lg"
"illustree.gimbart@edu.tbz.ch"|"@Q$C22-Q6fR66-GrF4h2"
"melys.lyosik@edu.tbz.ch"|"PJ3nAb-&IqYjb-DBX4Xf"
"marylene.mcnab@edu.tbz.ch"|"6qky0N-esdi#0-hrCG#l"
"gerald.blount@edu.tbz.ch"|"b8j7Ct-CHPPgq-uu&50y"
"clelia.shakelade@edu.tbz.ch"|"TELJUL-2DRCD6-zaRSOU"
"penelope.cridlin@edu.tbz.ch"|"PqAvcB-0TshMP-4zcDiK"
"maena.okuddyhy@edu.tbz.ch"|"Y4k%Gf-&SY5dp-DjrcUW"
"athena.keynd@edu.tbz.ch"|"UrR8ur-vnci2&-@l%zKq"
"cloe.dwine@edu.tbz.ch"|"#h8WYR-nBwKA6-jhUpfz"
"josephine.browett@edu.tbz.ch"|"4XwpFB-kJ1DYZ-92Mifa"
"audreanne.oscanlon@edu.tbz.ch"|"GEqA4L-woAqn0-uC&keo"
"fei.jeanequin@edu.tbz.ch"|"mfze$P-W28v&M-qo%ks%"
"lois.gormally@edu.tbz.ch"|"tStfSS-WQ4VHb-MwBLIu"
"marie-francoise.finnigan@edu.tbz.ch"|"YPXgFE-YbBJ9o-FQWL5G"
"leonore.trussman@edu.tbz.ch"|"Yv4yO9-8J8Dae-IGA9nE"
"anaelle.trumper@edu.tbz.ch"|"52b4Gw-F#4WTo-TLxf8w"
"clemence.dionis@edu.tbz.ch"|"Bz#KY&-PNrgqj-tdfiC2"
"lois.tranmer@edu.tbz.ch"|"uVxN4w-k78fS9-IoLyz$"
"interessant.volett@edu.tbz.ch"|"uJz2Lt-0qD6As-8JB$Bc"
"personnalisee.deackes@edu.tbz.ch"|"gUYdRm-7%gwTk-WH0FUi"
"lie.vasiliu@edu.tbz.ch"|"Oawfd5-&GTjmO-%4sSHa"
"dafnee.lamputt@edu.tbz.ch"|"0d#MVF-tvfmXL-5BQpxN"
"elies.bromige@edu.tbz.ch"|"cz4iBe-jaM4RK-aBDQCc"
"helena.klosser@edu.tbz.ch"|"pnsoy&-3uaEXz-9qr1dw"
"andree.grim@edu.tbz.ch"|"mhK5vS-wfjj3s-Sw@Hl8"
"verane.coldbath@edu.tbz.ch"|"VCq6ic-rPO@er-PlDlbJ"
"helena.bethell@edu.tbz.ch"|"YrlWk8-nP#33d-hLH8Au"
"kalliste.carefull@edu.tbz.ch"|"iaOB&K-nuzALo-J&hGpg"
"regine.odams@edu.tbz.ch"|"dZIfI1-PWRvnh-MPctKt"
"len.stannus@edu.tbz.ch"|"ufzk95-5dYGB%-9xitjS"
"angelique.works@edu.tbz.ch"|"hD@mPv-7pU%0O-H4LXL0"
"goesta.rheaume@edu.tbz.ch"|"%7YiDL-7fObY4-vlWMAZ"
"maelys.tynnan@edu.tbz.ch"|"PlVq&h-bl3vQ9-797&Bo"
"maelle.carlesi@edu.tbz.ch"|"bkeVUD-81$d52-g2WF$4"
"anael.spurden@edu.tbz.ch"|"LCA%#V-sWDiLP-DvrMzp"
"helene.pumfrett@edu.tbz.ch"|"jkgYfL-00rzOd-9KVge7"
"goerel.pearn@edu.tbz.ch"|"j1hpxb-rUNh1p-F%XuB8"
"laurelie.dezamora@edu.tbz.ch"|"nTtpzy-iq994f-OaYl24"
"yao.twidale@edu.tbz.ch"|"l8yGpv-PIl$Yz-zohk2R"
"berengere.sola@edu.tbz.ch"|"pEyDUj-XLTYCC-B&nVmx"
"maelann.hardistry@edu.tbz.ch"|"OTI&FP-4da5Ug-&rf2u&"
"severine.littlefield@edu.tbz.ch"|"zMn2@g-FYLZJ%-eBaF@Z"
"salome.heinl@edu.tbz.ch"|"1#iY1H-E@YGEj-Hbkphd"
"meryl.warbey@edu.tbz.ch"|"kc1@5F-rsiAsp-awfrXK"
"da.hunstone@edu.tbz.ch"|"VmKfrB-HnZWcV-XK7Gyk"
"venus.broadbury@edu.tbz.ch"|"qziWWB-dPOSUW-xfHBNN"
"meghane.rentelll@edu.tbz.ch"|"SpIW@N-rz$EDP-&iV33n"
"marylene.drewitt@edu.tbz.ch"|"2nf6XI-VcRZ16-TmTawC"
"melinda.jacquemet@edu.tbz.ch"|"I24XVo-pURca3-e@Krgs"
"marie-josee.keyden@edu.tbz.ch"|"iJV2%6-PK$STp-v91lCK"
"asloeg.montacute@edu.tbz.ch"|"vbqXvG-vvplja-ZLOtc1"
"ku.andreou@edu.tbz.ch"|"Na5zN$-V8aIIl-uf%1cV"
"personnalisee.feaveer@edu.tbz.ch"|"PXRgw1-IMzsts-R2DjLH"
"laila.emptage@edu.tbz.ch"|"c@p9kX-GWQh%o-&$6@Pi"
"bjoern.dawdry@edu.tbz.ch"|"2Gm#C8-zQR7ym-MhlbvU"
"marie-eve.dinsell@edu.tbz.ch"|"RfKTUP-4Z25Uy-km2AMR"
"helene.follett@edu.tbz.ch"|"t2XGO%-S5uwF1-zzAfIW"
"penelope.cordero@edu.tbz.ch"|"t18JCh-mSs8OE-MVNw9M"
"boerje.beedell@edu.tbz.ch"|"Oj#X#q-KJ%6yL-5N1bSH"
"nelie.ferne@edu.tbz.ch"|"eF#8KC-5wju#H-WpFMNK"
"celine.ahmed@edu.tbz.ch"|"jVc$BB-8PZczd-N#YUpT"
"stevina.pimblett@edu.tbz.ch"|"jf7mf8-QHArlT-x9Ben&"
"chloe.langlands@edu.tbz.ch"|"&lwqYH-2THKN$-Mpg7LW"
"simplifies.maude@edu.tbz.ch"|"qYuEi$-YNv@P&-llIMk4"
"genevieve.decarteret@edu.tbz.ch"|"@zaB5m-hKEcB3-Nk1YUS"
"marylene.mughal@edu.tbz.ch"|"xLXgVH-s4cCou-2l%t%h"
"goeran.guttridge@edu.tbz.ch"|"g4FyK@-XO3OxO-gz8OHp"
"michele.smurfitt@edu.tbz.ch"|"enmT%P-5BrkUS-adt1$w"
"methode.hadeke@edu.tbz.ch"|"xB8Tn4-dDkzp#-tJnJa7"
"therese.rispine@edu.tbz.ch"|"doIiKr-4%JDYw-Up4nQQ"
"goerel.plumley@edu.tbz.ch"|"YZuZp8-SAy%0k-g36kmi"
"oceane.friett@edu.tbz.ch"|"WRJmE7-M5Y5N9-WsDrfR"
"marie-noel.achromov@edu.tbz.ch"|"R&#aXm-vU&Izi-&UOV8v"
"dorothee.storek@edu.tbz.ch"|"X#V@iU-68Ti9A-SY9XP8"
"goesta.whittle@edu.tbz.ch"|"ImjU74-tD32Cx-$UeOmV"
"desiree.casely@edu.tbz.ch"|"csbV%c-y6c3RK-Uh0na@"
"felicie.condon@edu.tbz.ch"|"PN$BYB-ExTfMB-bfhYK5"
"maelyss.frisdick@edu.tbz.ch"|"4YN0cr-va#hh%-kaQm$A"
"aimee.banke@edu.tbz.ch"|"g3BB$D-7GBe#&-scFyW6"
"naeva.hodcroft@edu.tbz.ch"|"K6jhxf-ItLyw3-%zRj1$"
"laila.gerrans@edu.tbz.ch"|"y$ZGyz-qSCRuU-8UdgW1"
"daniele.scrimshire@edu.tbz.ch"|"DNgKYF-7YcCH9-jPLfvh"
"daphnee.sheerin@edu.tbz.ch"|"syAW58-MZFuhw-f#UZf@"
"pal.vanyukov@edu.tbz.ch"|"QRlF8G-gszDEn-qED7ot"
"zoe.childs@edu.tbz.ch"|"NX#LNB-Lc3Pgn-tG9d&H"
"ai.corde@edu.tbz.ch"|"j8RLF#-QXwwoX-wBvLDX"
"maelys.berryann@edu.tbz.ch"|"qIpLim-LJ1Xk9-evpcHW"
"cloe.gladding@edu.tbz.ch"|"cEadPR-mjyjs5-U6AoJp"
"wa.kinnaird@edu.tbz.ch"|"Elkr9C-Z32ZWt-CT6xR%"
"publicite.brittoner@edu.tbz.ch"|"1ZelV6-$Ndoek-qI8f8$"
"rao.windress@edu.tbz.ch"|"0iNcKV-6BZLgk-nwleYv"
"uo.kollach@edu.tbz.ch"|"4k#Uw%-gZFV5g-m6Q1CM"
"josee.peskett@edu.tbz.ch"|"GKtndY-FI&wKo-nvu12O"
"annotee.hasel@edu.tbz.ch"|"@CX9&G-WUN7S0-&wuSVi"
"cinema.lee@edu.tbz.ch"|"o#rQlZ-%LDATi-VHNdV3"
"lai.vedeshkin@edu.tbz.ch"|"t4Up0P-uBoAF6-O0OPAy"
"renee.brisbane@edu.tbz.ch"|"v#TEeH-UVtlhw-taSjx%"
"ophelie.blincoe@edu.tbz.ch"|"dm3cKB-uHT9HA-d@z29T"
"zhi.prazor@edu.tbz.ch"|"VCg0x1-S80u1T-Ollt%D"
"annotee.maddicks@edu.tbz.ch"|"Xt8hGL-n9QV#Z-B2z@3V"
"maelyss.codd@edu.tbz.ch"|"zjUjrA-MNl@oU-Q4kOio"
"celia.peplay@edu.tbz.ch"|"&jGL%e-xue%mB-c9C&gS"
"interessant.skone@edu.tbz.ch"|"sAH@xv-oynAtd-GNYqC0"
"audreanne.hebdon@edu.tbz.ch"|"WyG3EW-NZ1i0Y-Kn3sR9"
"oceane.glen@edu.tbz.ch"|"hgil4g-NlOZER-csNBsO"
"daniele.vanyushkin@edu.tbz.ch"|"XN&DcW-MorXrL-aabeen"
"daphnee.ayce@edu.tbz.ch"|"jWeyVt-CQMf&C-u&1t3Q"
"andrea.attride@edu.tbz.ch"|"VTpF1m-sMWZlv-q2S2d3"
"penelope.bridgwood@edu.tbz.ch"|"5IA9rP-b2@AlD-5JbuaP"
"mailis.drewitt@edu.tbz.ch"|"I5u4nK-1mFNHx-qGYG0v"
"penelope.mollene@edu.tbz.ch"|"qpt$P5-2&tKwF-niwd%P"
"illustree.keely@edu.tbz.ch"|"cawp6V-7y4gJ#-7USvWC"
"meng.brisseau@edu.tbz.ch"|"XfrqYP-8FZEMN-Y#As9B"
"ruo.cleiment@edu.tbz.ch"|"q4Xsj4-clFAng-$555Gw"
"maite.krammer@edu.tbz.ch"|"8sAGwO-8Gs6yJ-3jCjJc"
"genevieve.verry@edu.tbz.ch"|"ViauhP-8%g81#-hmiHwS"
"lea.olochan@edu.tbz.ch"|"5ez6ZM-s00%jn-SXrNNL"
"naelle.brunnen@edu.tbz.ch"|"C@sClz-Vu%T#i-SNzH@D"
"goesta.bragginton@edu.tbz.ch"|"E559lc-Oxge&s-VJwHxH"
"fei.danilyuk@edu.tbz.ch"|"JZp$5w-%&hYZH-IrwEdM"
"adelie.turbitt@edu.tbz.ch"|"nVJCI3-a6qyhj-AnWF@I"
"marylene.nutman@edu.tbz.ch"|"Ik77f6-b6OCsQ-qH1$5E"
"therese.barbrick@edu.tbz.ch"|"xWuL3l-nXeCvt-rfBHbu"
"melys.kolodziej@edu.tbz.ch"|"LV%wdI-DLVSN2-LU6Mmc"
"melanie.runchman@edu.tbz.ch"|"o3li2T-6Rk6rk-pigAAA"
"serena.lafond@edu.tbz.ch"|"yK6kpy-4RhXPJ-@4Px6u"
"pelagie.desmond@edu.tbz.ch"|"LB4RBV-7xDEwl-TNmzqz"
"wa.spickett@edu.tbz.ch"|"9NyKwZ-@LWhpM-S8gZb9"
"po.shave@edu.tbz.ch"|"2xdXNe-P$$r9D-euUWl&"
"song.huikerby@edu.tbz.ch"|"Sxv@p4-AyPDkH-uSZ$4d"
"melinda.bimson@edu.tbz.ch"|"bp32&h-VktJpG-gzbmTK"
"personnalisee.toffanelli@edu.tbz.ch"|"mp5&mB-KSgOjZ-ND$Szb"
"leandre.hurn@edu.tbz.ch"|"S$inJd-KEhE4b-&OjfNz"
"oesten.standell@edu.tbz.ch"|"b54GGz-2SAFEq-9UQpuo"
"naelle.smaleman@edu.tbz.ch"|"wMHkaw-jPev&1-hhuA&g"
"berenice.tayt@edu.tbz.ch"|"GJq&Of-DkIwb%-Vpp1km"
"kui.popplewell@edu.tbz.ch"|"JzE&i2-h5FhMu-viAAjw"
"melodie.ferandez@edu.tbz.ch"|"Sz4TGL-QOqHyc-X@P7qI"
"josee.negal@edu.tbz.ch"|"i01SVZ-I@TO7Q-e@M0B$"
"melissandre.ferrelli@edu.tbz.ch"|"aV#UBE-%wjMay-7kvzqk"
"josephine.kemmer@edu.tbz.ch"|"GnE0MA-opX#vY-#a%tRA"
"maely.cayette@edu.tbz.ch"|"mt7D9G-fe1Daa-WiH7bV"
"nelie.vela@edu.tbz.ch"|"EN1rna-vAms8b-MNks9h"
"melina.cortes@edu.tbz.ch"|"SHtZ&%-0lOkIA-OAePfC"
"megane.leyshon@edu.tbz.ch"|"c7rzf7-%fCDh5-dTLKsy"
"regine.harrie@edu.tbz.ch"|"Llhyqs-$31kgf-KqSNaU"
"mylene.widdison@edu.tbz.ch"|"xjWT1k-SwqOV5-JEToer"
"pelagie.vivash@edu.tbz.ch"|"OZ04xI-uQGVtU-dKvgCZ"
"styrbjoern.vicarey@edu.tbz.ch"|"G9DB%b-4HS0d7-GIM0&N"
"long.kyles@edu.tbz.ch"|"r#UcuP-NLAh9A-KQi1PN"
"stephanie.gipps@edu.tbz.ch"|"lcdTDE-HmBDFr-Y1FLna"
"clea.constantine@edu.tbz.ch"|"5ZU6m%-KVfyL#-KaT0f%"
"maella.cometto@edu.tbz.ch"|"n$0u@a-@h6hWf-NMvkQm"
"laila.aubrun@edu.tbz.ch"|"PSBdvu-NdeOzs-KCN0g%"
"yao.austins@edu.tbz.ch"|"dCBDGN-HLFaMx-nGX@xX"
"mailys.rylstone@edu.tbz.ch"|"o#O8M2-Nn8ran-2gRB7&"
"adelie.curuclis@edu.tbz.ch"|"HRp$nK-DxOQmz-nXfJpM"
"celine.longhurst@edu.tbz.ch"|"qzlJ2g-eMUYF0-ahDrn$"
"gisele.hazell@edu.tbz.ch"|"l1ct13-YDI2We-TDOYEa"
"celestine.ciccone@edu.tbz.ch"|"xPdcPK-b7MxIw-y#7H6O"
"maelyss.doole@edu.tbz.ch"|"q4D4rk-odV9Bj-%cY&ih"
"helene.grimsdike@edu.tbz.ch"|"sWDkc%-aBfghM-zh7Ou7"
"lie.macer@edu.tbz.ch"|"bCCyTd-JRo5Bd-ZeMwTc"
"maely.izard@edu.tbz.ch"|"kH0BhL-ypkTET-jd%ERJ"
"erwei.breewood@edu.tbz.ch"|"MbqGNN-2ijmpJ-#Lbpu9"
"chloe.woolford@edu.tbz.ch"|"ylUVxT-oataCw-yvTNmo"
"cleopatre.turpin@edu.tbz.ch"|"i44gaj-OwlGBX-XUAYTi"
"melodie.surgison@edu.tbz.ch"|"IGk&uE-gNJ3br-Lp#%9j"
"elies.leander@edu.tbz.ch"|"VVhEw4-JXgxW2-b6j5ut"
"mediamass.reignould@edu.tbz.ch"|"NyUVNw-uA9%Xv-Mii1CP"
"celestine.wasmuth@edu.tbz.ch"|"RwbRWq-mzaH4y-nBzhSY"
"marten.jervis@edu.tbz.ch"|"4$apu%-8uhNL0-#A6ExN"
"daphnee.bour@edu.tbz.ch"|"%R#1o1-1hgnno-dE#D2t"
"regine.harlett@edu.tbz.ch"|"N9CF22-UWZ1&5-@hymj6"
"noemie.macaskie@edu.tbz.ch"|"v4hliX-xUrrC$-nBccjh"
"loic.renfield@edu.tbz.ch"|"$nVepm-QqyuiS-Jbh50v"
"venus.kleinert@edu.tbz.ch"|"t5SPzX-rHLe2o-yh#LtH"
"marten.burlay@edu.tbz.ch"|"ot5KiL-pFUn6w-izGQKM"
"berengere.radsdale@edu.tbz.ch"|"YYVpLJ-HRU1pk-BPRkHe"
"genevieve.duckit@edu.tbz.ch"|"wDphQO-Gqe2$E-E5dQal"
"maely.ligerton@edu.tbz.ch"|"A@T6W@-kKQ79H-ZC0kj5"
"maeline.ricciardelli@edu.tbz.ch"|"khT3pe-cQmDx#-FT%H4&"
"personnalisee.yggo@edu.tbz.ch"|"K32wbk-QBVGHa-9AVILW"
"alizee.pettinger@edu.tbz.ch"|"cRj16s-Tby8Kp-eCDVTM"
"desiree.curnnokk@edu.tbz.ch"|"nFYJ8#-9rSrMb-sGs@%%"
"dorothee.minors@edu.tbz.ch"|"uFB7Ae-W3iUNj-$dUFVr"
"oceanne.kopmann@edu.tbz.ch"|"B@C1ba-hCl#lq-5ES$wU"
"almerinda.brodbin@edu.tbz.ch"|"y#sA1V-q0&n4p-AyzOtJ"
"yenora.carsberg@edu.tbz.ch"|"wiCm87-SOWfhS-i6L2v0"
"wa.beetles@edu.tbz.ch"|"Fw0r6s-bCa7xk-4z4ubS"
"audreanne.abbot@edu.tbz.ch"|"y@4PeP-rk&MsD-obuK32"
"noemie.capper@edu.tbz.ch"|"Vtz2Oy-qEVK$d-Fqe%3z"
"mans.abramamov@edu.tbz.ch"|"irs5Lk-qfqvKz-X9D$Qv"
"audreanne.blakey@edu.tbz.ch"|"uYISg8-CVPHP@-WNfDWA"
"leone.klimpke@edu.tbz.ch"|"QpYn@B-#&2y$4-f2Z$n4"
"lie.croston@edu.tbz.ch"|"3WVlQw-clRY2F-7vC6jQ"
"anaelle.baistow@edu.tbz.ch"|"Yk9R0k-7L##2K-kQe9D#"
"michele.garwood@edu.tbz.ch"|"E8WLQ%-14kFgD-H29OXz"
"interessant.albion@edu.tbz.ch"|"X2ZNrE-l@kI$I-snyLdz"
"andre.brisco@edu.tbz.ch"|"$QZBul-%cqARD-oCMfDC"
"tang.totterdill@edu.tbz.ch"|"3Okm8n-xVc6&5-0pnA4n"
"marie-josee.braundt@edu.tbz.ch"|"GJOLpp-e&4QUV-RU6mLe"
"lois.galer@edu.tbz.ch"|"94vCp5-$C@Z9W-&aaP&Q"
"faites.pellamonuten@edu.tbz.ch"|"YHwfnS-uW%yBx-&7yh56"
"mai.barfford@edu.tbz.ch"|"FTUVoF-7eim1n-ViWSIr"
"laurene.macilory@edu.tbz.ch"|"VFDakf-HwwiY1-sKjQ@3"
"elea.peak@edu.tbz.ch"|"qaA%RG-JItwbz-joerVL"
"rejane.doni@edu.tbz.ch"|"KPVoud-$OrVpE-xu24mY"
"mahelie.ector@edu.tbz.ch"|"xH1p4z-Pnr1D2-o1JG4R"
"rachele.allum@edu.tbz.ch"|"X7fE&C-1DyQ6C-9kEdxs"
"laila.gerretsen@edu.tbz.ch"|"8Vcyhw-13O&EK-LvtQOu"
"ines.bowman@edu.tbz.ch"|"il4Ed2-ScNXQk-T@nI#6"
"publicite.barbary@edu.tbz.ch"|"UvwP9L-5zdwCp-hFKyd6"
"mailys.smooth@edu.tbz.ch"|"ZGJAYN-J4aMWp-wNRR4x"
"mailis.huguenet@edu.tbz.ch"|"rj$CBP-KTP4Fi-qNJiS1"
"lea.ewer@edu.tbz.ch"|"gqmu$x-yr4nnU-TltSnd"
