"email"|"password"
"melodie.vandervlies@edu.tbz.ch"|"rQMNPB-V#TKqS-TsAITv"
"angele.edgecumbe@edu.tbz.ch"|"$H2aX4-BWUgr$-H72tM5"
"zhi.andreasson@edu.tbz.ch"|"4iM6ac-1V2hkR-67WXtG"
"judicael.koppeck@edu.tbz.ch"|"mJ5rwh-B1xv$i-YuQ6fV"
"berengere.capron@edu.tbz.ch"|"4f77Gy-9S5rOX-%ZViqV"
"leonie.brosini@edu.tbz.ch"|"kxh6C2-BgScEu-NUNEeU"
"venus.garfit@edu.tbz.ch"|"J%PVoM-#ck2fc-zSWFF%"
"melina.janota@edu.tbz.ch"|"0V46co-rysyFG-bSWp1b"
"laurene.bake@edu.tbz.ch"|"6AOQKF-1dHhxH-dUhKZz"
"regine.dorkins@edu.tbz.ch"|"6UseMv-g&XdrJ-OHJ9$u"
"cecile.moffet@edu.tbz.ch"|"EmRy2u-kq3dW0-H5WWyd"
"maelann.labrone@edu.tbz.ch"|"b$Zxab-fQ7O1%-k9FvCB"
"melinda.newbold@edu.tbz.ch"|"osZa9H-bT0Pn6-U8C0H&"
"mans.itzhak@edu.tbz.ch"|"z86vnK-kDDS2S-@@i1ue"
"melodie.pattlel@edu.tbz.ch"|"rSEVVT-djhar$-Bd@9W0"
"celine.bonett@edu.tbz.ch"|"h$61Fl-295zwu-jPHe9a"
"adelie.mcgreal@edu.tbz.ch"|"aF9Dkb-18#Q1k-l8NCXS"
"helene.soldan@edu.tbz.ch"|"USJTju-EB666u-YaUEKf"
"michele.cluer@edu.tbz.ch"|"Lu5%Va-HFA1zK-ja&ZGG"
"maeline.mueller@edu.tbz.ch"|"bP7Q3a-Y21CyS-T5ehlD"
"maelann.benedito@edu.tbz.ch"|"U&12Sz-yJe&s0-UbRVIY"
"nuo.gransden@edu.tbz.ch"|"sY0@M0-q45FDw-KNhbRA"
"berengere.stainton@edu.tbz.ch"|"a$RTrM-$3IhTm-Yjc8Mo"
"wa.sabater@edu.tbz.ch"|"0JiZ3J-@@Su@q-Upj5dV"
"anais.cochran@edu.tbz.ch"|"ZyIOg6-aMDH0N-XPHb7i"
"gerald.bessant@edu.tbz.ch"|"ZfQ1uY-k5mLiO-znZJSn"
"ruo.coffin@edu.tbz.ch"|"yRWyVs-WxiM@o-SQ%5lq"
"melodie.mustill@edu.tbz.ch"|"Gw5$7P-3AvHvw-AM3BSc"
"ruo.stanesby@edu.tbz.ch"|"$xuONh-WwBev0-qjD2OE"
"noemie.antognelli@edu.tbz.ch"|"fx#$cv-W1w9Qg-Z19zUq"
"maelann.hughson@edu.tbz.ch"|"v70lW2-YWVNiW-m1mRmQ"
"milena.mieville@edu.tbz.ch"|"kjaoW0-pgiU9j-v2#n7T"
"mailys.chamberlin@edu.tbz.ch"|"BICz2M-Dhto@w-K#G$OI"
"nadege.tomalin@edu.tbz.ch"|"6rZ70I-v9pbbW-NeCr@F"
"oceane.omara@edu.tbz.ch"|"E6c91D-NmZozI-%laZEn"
"cecile.aguirrezabala@edu.tbz.ch"|"ettS3N-dxMuVE-&o94#7"
"maella.gwillim@edu.tbz.ch"|"zkTbqk-&VxNGC-dR35nY"
"lea.mcgahey@edu.tbz.ch"|"UfidPh-FPy48I-eYqtbZ"
"laurene.hagerty@edu.tbz.ch"|"wOF2AN-%H42oi-#vhspj"
"dorothee.link@edu.tbz.ch"|"G$@sz#-PiF8wt-CKi#$8"
"clementine.kynsey@edu.tbz.ch"|"rIjMeU-MfTtuO-22n1tO"
"lorene.smitherman@edu.tbz.ch"|"48qnrs-MuKzP1-n9qzJT"
"cleopatre.klulicek@edu.tbz.ch"|"UsC3VN-3Fl$DK-dsjK#u"
"laurene.castaneda@edu.tbz.ch"|"tk$Rlu-8kdaOG-EaB02T"
"melia.constant@edu.tbz.ch"|"zEBGuk-50Cq2I-if@OgJ"
"lucrece.clunie@edu.tbz.ch"|"y%2t7H-3grvfe-G@dhqN"
"eleonore.mcmurthy@edu.tbz.ch"|"InaF#O-jwfxzo-IFuIc3"
"melia.bevar@edu.tbz.ch"|"qXzwcc-bXfJIV-@jO&ri"
"camelia.bontine@edu.tbz.ch"|"GVl%i1-NQrvKO-gTEqcJ"
"methode.jozefczak@edu.tbz.ch"|"CWI6W0-9CGQR#-PDgXh1"
"audreanne.hinsche@edu.tbz.ch"|"smXV8m-s&eb1O-Wqd3hW"
"andree.varne@edu.tbz.ch"|"HYBo&T-B9wxvF-KetgiC"
"marten.kinleyside@edu.tbz.ch"|"6kVfa&-hAZIS3-73gBIH"
"esteve.mcewan@edu.tbz.ch"|"yq$Et6-t44VP%-QA%rS4"
"leane.dibbert@edu.tbz.ch"|"k7am5u-Ktnr%v-8dKf#0"
"ma.thewlis@edu.tbz.ch"|"670UY%-%b9m46-aa%bt%"
"clea.djurkovic@edu.tbz.ch"|"D0RxTC-8SrHic-8tlk8a"
"rachele.reburn@edu.tbz.ch"|"rTY8Wd-p2H2pE-%Vtq9E"
"gerald.gowling@edu.tbz.ch"|"zawF#d-06h@I1-w#Ba$x"
"cleopatre.jackson@edu.tbz.ch"|"odSPDI-Ro@jBa-2@X&d7"
"desiree.haskins@edu.tbz.ch"|"GsJmyT-Obup#6-MT5LgM"
"eleonore.longson@edu.tbz.ch"|"v62$H8-7bQwSs-%Lm3Hl"
"leane.dybell@edu.tbz.ch"|"nPv@w3-$XbN7x-mxQMuy"
"becassine.grzesiak@edu.tbz.ch"|"S4KhVz-jABmzH-rQt7JA"
"marie-josee.pickin@edu.tbz.ch"|"fB%fyr-WYf3GN-ZwNCV1"
"marie-josee.roxby@edu.tbz.ch"|"zHhZr8-4ojsqz-nc75$1"
"leonie.feenan@edu.tbz.ch"|"eHpOdr-h1xo4d-YOlEU5"
"valerie.ellum@edu.tbz.ch"|"XNRdRZ-z&eOje-feuZmU"
"ju.caseri@edu.tbz.ch"|"dcM67M-Bgu7Ix-QnM1QC"
"boerje.strangman@edu.tbz.ch"|"j7G7&N-0C8gIU-B0r&TH"
"beatrice.ghidelli@edu.tbz.ch"|"$$945R-#9mju7-vwB0Zu"
"da.jablonski@edu.tbz.ch"|"Bh1qsK-Rh6yNk-xwytQQ"
"uo.beveridge@edu.tbz.ch"|"y4i5a$-p6#Leb-uhafga"
"valerie.bestman@edu.tbz.ch"|"knFQFT-n#847U-PeqK3g"
"marlene.pohls@edu.tbz.ch"|"vauyFX-Q2Gvq2-$AInfy"
"ma.nolda@edu.tbz.ch"|"Erh34G-MwFQUz-uXDYqT"
"marlene.bisiker@edu.tbz.ch"|"8iwG6X-%%uKp#-hvpanv"
"estee.babon@edu.tbz.ch"|"j7pL7R-r3XoPn-Cdeot7"
"simplifies.dmisek@edu.tbz.ch"|"TZ06%i-ZClnyx-syf&HA"
"selene.ganing@edu.tbz.ch"|"aSYX$w-F0DRzJ-sBn2CH"
"meryl.penke@edu.tbz.ch"|"Zw0&T2-u#EV@I-rCutnG"
"anais.rawcliff@edu.tbz.ch"|"GEUkdl-8dAui7-o7Mw%%"
"melina.andri@edu.tbz.ch"|"fNvHvl-fPHeaJ-h$mlom"
"audreanne.fodden@edu.tbz.ch"|"RfF9EU-MkAY#G-drsp5$"
"bjoern.spellesy@edu.tbz.ch"|"6JOtge-Z7iG5%-75xQ90"
"francoise.summerscales@edu.tbz.ch"|"GR&FSY-PwMIri-6iM$qx"
"laurene.ashtonhurst@edu.tbz.ch"|"V3kArr-$23f&o-tCd#zD"
"valerie.petters@edu.tbz.ch"|"zQHY%a-Bs8siy-7hKC0r"
"anael.spenclay@edu.tbz.ch"|"xFP3tI-wiz#7l-jLih4z"
"stephanie.keech@edu.tbz.ch"|"yKXfDa-5BumIp-PFom9V"
"ines.deveril@edu.tbz.ch"|"q&52EP-8gbHgc-Ao5Mfm"
"berenice.gelder@edu.tbz.ch"|"U4E2$I-yL1Yob-oPYw$v"
"melanie.ofogerty@edu.tbz.ch"|"GooyM7-LFdKCM-TYTedz"
"frederique.canepe@edu.tbz.ch"|"yJgTK0-4J2u6z-3nViZB"
"nuo.otton@edu.tbz.ch"|"4svWmy-%oO9vL-KRR%XG"
"genevieve.trusler@edu.tbz.ch"|"hhKXUJ-wOacyV-YpXe5u"
"ju.boag@edu.tbz.ch"|"Vma%e%-9UJ&Ec-ao6eI3"
"josephine.dilucia@edu.tbz.ch"|"3GkmbP-F0ygwh-Ws8F1#"
"laurene.armsden@edu.tbz.ch"|"@5Ngf6-g3&PHS-ygZuFA"
"becassine.griffe@edu.tbz.ch"|"%U$x%y-dToBPV-VjTcBs"
"alois.parres@edu.tbz.ch"|"IyKvGJ-EnEn%b-#CXM1U"
"cleopatre.gaffey@edu.tbz.ch"|"Wf&7fg-XXyAkh-Qkr$%7"
"andre.stiger@edu.tbz.ch"|"meYRtz-GYavew-8Ssfh2"
"beatrice.godleman@edu.tbz.ch"|"BTooLJ-#OsnZJ-9Q1Sl6"
"hakan.harrhy@edu.tbz.ch"|"&oA2RE-IVUPT0-iDFmzZ"
"celestine.dagnan@edu.tbz.ch"|"g8%dRq-9MJj6z-sBKpXb"
"clemence.haggart@edu.tbz.ch"|"Ep62ql-4sxUIg-efqjP1"
"long.caban@edu.tbz.ch"|"xsfRqm-Xg$rp@-i%Br9i"
"gaetane.grimble@edu.tbz.ch"|"oCgK0V-w6FZLy-5HsvQk"
"maelann.piwall@edu.tbz.ch"|"GXfoQm-wwwYSh-eKlX#W"
"magdalene.loble@edu.tbz.ch"|"ZPxhlL-hrBc7p-6FnjX4"
"veronique.domaschke@edu.tbz.ch"|"jdy5Zo-bVN37R-Gko0Km"
"clea.herity@edu.tbz.ch"|"AIqDzk-AZAF&m-4bkY$x"
"maelann.bambrough@edu.tbz.ch"|"dIMOGZ-wI0n42-0ZY9uK"
"clea.goulstone@edu.tbz.ch"|"JcHHpe-ZoxwjY-a77WsV"
"renee.deleek@edu.tbz.ch"|"N1ON78-Tf863i-YX10ci"
"boerje.rudderham@edu.tbz.ch"|"o1shCW-fwExym-W0shen"
"marylene.broune@edu.tbz.ch"|"SLT&78-Mkh2zH-vj9J#2"
"nadege.mccuish@edu.tbz.ch"|"fDlFG4-0j&yKG-nw9hrk"
"anael.littleover@edu.tbz.ch"|"&DW9GC-PfgQ51-6RiV3X"
"lie.baume@edu.tbz.ch"|"K2BGGQ-mdn6FL-wINVpP"
"maella.murrow@edu.tbz.ch"|"QRCyuA-aca8W6-w4K0w&"
"cleopatre.pettifor@edu.tbz.ch"|"TH8Lql-&B$zYW-472SR0"
"geraldine.asker@edu.tbz.ch"|"GtG3Mc-ePSKcz-E1y%Gx"
"gaetane.smedmore@edu.tbz.ch"|"BeLPBU-ShYLqQ-&nU5kj"
"meryl.blencoe@edu.tbz.ch"|"E68w0R-ErNjfV-X%1wN5"
"aurelie.chastaing@edu.tbz.ch"|"@n@#NB-F$7mjk-FKLon3"
"oceanne.marthen@edu.tbz.ch"|"KpXK%t-dFEDgR-7Q3qne"
"dorothee.burrill@edu.tbz.ch"|"kHa#Mz-VB%5d#-3yDt&5"
"hakan.belden@edu.tbz.ch"|"mGPcqh-d61ekN-BM&uGe"
"celine.brunning@edu.tbz.ch"|"s&#otX-BIHtmK-Do&KeQ"
"anael.lapides@edu.tbz.ch"|"3nl6aa-g3sm6q-2ZiwG4"
"ruo.saffran@edu.tbz.ch"|"CyYbSZ-ygVUQz-anKbfl"
"loic.gerretsen@edu.tbz.ch"|"&yP&&5-jDgZV8-PrK5dB"
"rui.fitzer@edu.tbz.ch"|"yGciJ$-lktFEH-n4gKol"
"annotee.ogers@edu.tbz.ch"|"jDLEHA-Geh#6l-$uD%Ko"
"boerje.bindin@edu.tbz.ch"|"5QnEsn-%foZtR-JGnqWp"
"ma.cronchey@edu.tbz.ch"|"omS6Uq-I2maq8-RfbEr2"
"laurelie.baiyle@edu.tbz.ch"|"zwTRR1-gHp1op-Piu1%L"
"dorothee.older@edu.tbz.ch"|"0z9YJg-ANHF7U-QjPeXi"
"laurena.wile@edu.tbz.ch"|"p58Fy5-3k74mf-GGc98H"
"clemence.brito@edu.tbz.ch"|"%TJOzW-K#BGgP-#Oe7cc"
"nadege.dallin@edu.tbz.ch"|"Ov8WZY-mzr4hS-ELTl7K"
"mailis.matley@edu.tbz.ch"|"AuY%$r-B$665V-HHlWi#"
"daniele.screaton@edu.tbz.ch"|"#ZDErE-aOsUBC-tJ3KHl"
"mediamass.godly@edu.tbz.ch"|"Xf6Vce-095Fi@-7uqeAD"
"leone.kremer@edu.tbz.ch"|"ktYNTL-qs7&yA-391fij"
"asa.adrian@edu.tbz.ch"|"w57Fp&-BLR9y7-XznP1s"
"adele.doley@edu.tbz.ch"|"IRFRuv-L%cpWR-x5hytC"
"fei.sidney@edu.tbz.ch"|"qhDgoU-if61DH-eUbdUC"
"marie-josee.walisiak@edu.tbz.ch"|"4Hkr0V-DG@zcx-9uqL3n"
"desiree.diplock@edu.tbz.ch"|"Q6%oyz-iGnZ1w-Ui@TZt"
"gisele.schust@edu.tbz.ch"|"$kbt8Y-6J1Xtx-BWH3rF"
"ma.longshaw@edu.tbz.ch"|"C#a2Dp-$#pBe$-KiKW47"
"da.boother@edu.tbz.ch"|"3ggMMr-oOlEKq-319J1b"
"simplifies.chaudhry@edu.tbz.ch"|"CrMUKw-005Se8-vgVCY5"
"garcon.baniard@edu.tbz.ch"|"jO@QUV-8wu9lv-to#jN$"
"gaetane.elphee@edu.tbz.ch"|"ell0p6-ItU@T$-eI7Z9R"
"gisele.hassey@edu.tbz.ch"|"FE&SzI-Iy4dgk-imbLOh"
"oceanne.booley@edu.tbz.ch"|"$8jPP4-mKLsV#-JtFr4P"
"oerjan.dibden@edu.tbz.ch"|"Ih#GrZ-TG7aDw-qV3OyP"
"regine.ocleary@edu.tbz.ch"|"@yiHtH-ZIlKa%-1kJy8$"
"selene.persse@edu.tbz.ch"|"lqMr4r-huVUG3-yZMzx0"
"helena.adenot@edu.tbz.ch"|"EO1rG@-1TfSi6-Yf$wK#"
"maelann.wassung@edu.tbz.ch"|"auTmUc-eGPytq-4#8smY"
"frederique.ackermann@edu.tbz.ch"|"g$iHsL-wmQuqi-@K@u8c"
"audreanne.kahen@edu.tbz.ch"|"rROye&-fnP5uU-B8mXoX"
"maiwenn.lasty@edu.tbz.ch"|"ONrU1u-A5OhpI-mim@jZ"
"yu.dictus@edu.tbz.ch"|"IyGKWk-#&a$iH-oXX#CR"
"anae.dukes@edu.tbz.ch"|"@U2b6Q-@F2XZk-4BcX@H"
"yenora.warr@edu.tbz.ch"|"tbYaHS-8fVNRo-j82DsN"
"esbjoern.archibold@edu.tbz.ch"|"ZI9N4u-D0rgj#-jkgv4X"
"milena.pardal@edu.tbz.ch"|"5$lHWl-1FhRBy-fGQXLI"
"celestine.graveston@edu.tbz.ch"|"E#LCXS-FvQHdJ-RScyk1"
"maena.dallas@edu.tbz.ch"|"NvrOAF-c3sK8D-r8jPy3"
"andree.tuke@edu.tbz.ch"|"Z8&Ynh-KQf0L%-z$TZwg"
"methode.seldner@edu.tbz.ch"|"6FTpDD-h#qp7d-8UqMoq"
"venus.bullas@edu.tbz.ch"|"$WBqfT-xMCqg@-J@rhHP"
"mans.aguirrezabal@edu.tbz.ch"|"E9ah9w-IQvUd8-4ni2X8"
"gaelle.eadington@edu.tbz.ch"|"mhkLon-sABAZ8-fRUjPs"
"anaelle.falkner@edu.tbz.ch"|"m3VNul-dqY#FF-HEh3x4"
"ophelie.height@edu.tbz.ch"|"2bvzPk-j%HJgj-qB0%E9"
"marten.bolding@edu.tbz.ch"|"RrtK%Z-wRyFaw-N82gk%"
"pelagie.guswell@edu.tbz.ch"|"Xk5iZi-8Z4K5q-%&1IXA"
"gwenaelle.lecount@edu.tbz.ch"|"&CAO&i-2Nqjav-yQ2O8B"
"hakan.laden@edu.tbz.ch"|"46@NZ7-rmJ@xJ-zruNen"
"marie-josee.hylands@edu.tbz.ch"|"3JFI9J-I18wgU-$iMNcL"
"zoe.kingshott@edu.tbz.ch"|"PlVVwv-uHFoYV-2GUTV0"
"josee.janous@edu.tbz.ch"|"OLaytY-qlrMk9-iaZUFr"
"laurene.gallally@edu.tbz.ch"|"YvYlWx-AiE8LN-pk1inE"
"anael.bickle@edu.tbz.ch"|"MLscC3-CPv9iC-KeW2tP"
"mediamass.lebbern@edu.tbz.ch"|"RZoUYq-u7CPkM-Pp2ETt"
"berengere.hovy@edu.tbz.ch"|"K#OTcy-@fr3ZW-UMk1tO"
"oerjan.kilmurray@edu.tbz.ch"|"AAdBJg-ijJ9#u-aR&C#O"
"asloeg.venny@edu.tbz.ch"|"mks1SE-HiSuuF-7RhhbK"
"marie-noel.stoad@edu.tbz.ch"|"t3vQOF-rhabGA-uoPx1e"
"hakan.pettifor@edu.tbz.ch"|"hVIUCy-woVkbq-HU4Cvf"
"maella.willgrass@edu.tbz.ch"|"hN6Hct-1UW8om-GTaBJE"
"therese.ludovici@edu.tbz.ch"|"nU0l8i-@nrWk6-hjkRh#"
"stephanie.trewhitt@edu.tbz.ch"|"THQKNU-LxzL7L-rcvYT0"
"maerta.bauduccio@edu.tbz.ch"|"rGYu1J-Ttk%iL-6tpe#y"
"gaetane.glaisner@edu.tbz.ch"|"&Hfb##-Eb4QKM-ShbLSg"
"naeva.pargeter@edu.tbz.ch"|"8iva3j-j@za6S-K44dQ0"
"salome.venable@edu.tbz.ch"|"Hw#Vgi-0$%Krp-JnCg06"
"boerje.thickett@edu.tbz.ch"|"W3IwDD-ILRI0X-#9B3Dh"
"lucrece.prendergrass@edu.tbz.ch"|"lC3wjP-LXZbTf-w@xcE9"
"laurene.ockleshaw@edu.tbz.ch"|"loQcEI-erdPZ@-iWZtpD"
"cecilia.pasticznyk@edu.tbz.ch"|"iujG$&-9PnXV5-#mOzET"
"stevina.mackey@edu.tbz.ch"|"LinvGx-TB45ok-uPkXbx"
"marie-noel.reven@edu.tbz.ch"|"RWMrKo-#$0m3P-8JqZRQ"
"melina.quilkin@edu.tbz.ch"|"ALmW$w-jHsrtX-NWrR5I"
"marie-noel.ferrie@edu.tbz.ch"|"jLyG8w-G%3s2g-iH9a7G"
"leone.alphege@edu.tbz.ch"|"kNNTW@-FzExcO-ToN2OS"
"zoe.leverson@edu.tbz.ch"|"yiGBgs-EBVtpR-tn19cj"
"annotes.grayne@edu.tbz.ch"|"caTsQN-Vy%Y0v-sFn1RX"
"faites.lalley@edu.tbz.ch"|"nxJmtc-F7o#e$-v3ATCp"
"adele.wallis@edu.tbz.ch"|"Q4agWc-$7s4dW-6y#Jig"
"severine.madill@edu.tbz.ch"|"oQ1o9j-ipSnvx-6PCopU"
"valerie.tebb@edu.tbz.ch"|"HXqmLC-auFf&c-YPmCXN"
"kalliste.rasper@edu.tbz.ch"|"L@1sdx-e6JuFK-F%&j7$"
"audreanne.palomba@edu.tbz.ch"|"MW8eAO-4QhQDP-5HOtYh"
"elea.adamik@edu.tbz.ch"|"Gy7y$z-0P3xMb-tPFh@T"
"reserves.jakuszewski@edu.tbz.ch"|"U03PCS-P$%rmB-e2Sao3"
"athena.belhomme@edu.tbz.ch"|"26Q#eB-qvWc4g-81A$13"
"rebecca.crippin@edu.tbz.ch"|"1D6ibE-XF5pfB-JUt$vO"
"maiwenn.curman@edu.tbz.ch"|"$rtT0Z-Piem0Q-qJvh3U"
"andree.bunner@edu.tbz.ch"|"1r$sBy-%3jS5S-11dhf9"
"ruo.winckles@edu.tbz.ch"|"yvDt4y-5Qifv$-T5Y2iG"
"naeva.buntine@edu.tbz.ch"|"btqrbC-YS&vd9-tx%pzU"
"boerje.dollard@edu.tbz.ch"|"g@Ha8m-B8MWtA-NcFOHW"
"penelope.gorman@edu.tbz.ch"|"V440bv-C4BF@R-EwmFwt"
"alois.robelin@edu.tbz.ch"|"jqwHeK-Ihv3QF-oTXZck"
"anaelle.tindle@edu.tbz.ch"|"C8c@3L-GpzwAm-qHyoJK"
"ye.frears@edu.tbz.ch"|"u59qTd-pAIWgs-io@0zh"
"andree.ovid@edu.tbz.ch"|"Ag@eQE-9bhDsv-4pZA7f"
"hakan.peat@edu.tbz.ch"|"PJjmNJ-Y4y5tO-jZwima"
"andre.januszewski@edu.tbz.ch"|"TYpuVc-OHhepw-6MhMCT"
"annotes.clemmett@edu.tbz.ch"|"p%gmQu-xwmFfI-deMgmh"
"pal.lambswood@edu.tbz.ch"|"&%PWCE-X#I5ff-tSgQBp"
"yao.lenton@edu.tbz.ch"|"yT4lAz-8eDv0E-HobvY$"
"hakan.boyton@edu.tbz.ch"|"eXgQa7-uh19$A-5dTs#g"
"nelie.forsey@edu.tbz.ch"|"8MN5%&-swFgrP-Hrq@6d"
"hakan.horche@edu.tbz.ch"|"jaWVP%-zolSn0-jnPafn"
"lorene.sinkings@edu.tbz.ch"|"Jdl7OD-SkfQX6-ty2deB"
"marie-therese.creddon@edu.tbz.ch"|"joR%5l-7SyMXv-Z4nc52"
"berenice.tolworthy@edu.tbz.ch"|"U2Mbcd-rvfMS&-b&&2LQ"
"theresa.land@edu.tbz.ch"|"WwlXlm-y3hChe-wfxoYb"
"marie-therese.gianilli@edu.tbz.ch"|"RI$Yux-NMdzJx-mKexFz"
"meryl.glew@edu.tbz.ch"|"vKVhm%-Zf&QZi-fkt5V&"
"adele.debling@edu.tbz.ch"|"JO&KkS-j6q1nX-MSQGYy"
"anae.metzke@edu.tbz.ch"|"v@Zvbj-Knjqhw-RS1aY0"
"gaetane.gooden@edu.tbz.ch"|"jOLU1K-PEpfaR-leTR2z"
"laila.bootland@edu.tbz.ch"|"GEocyj-yC@blJ-XQPgkh"
"maite.helsdon@edu.tbz.ch"|"K8zCGK-X#6u91-seXZKh"
"andree.malley@edu.tbz.ch"|"UXeD4u-EHr5TX-4jgOl4"
"pal.simmens@edu.tbz.ch"|"bW7kCC-uCjgg5-#zLggP"
"maelys.nuccitelli@edu.tbz.ch"|"#Z6Pgp-jMatwZ-PJipbm"
"dafnee.sibary@edu.tbz.ch"|"S7GdO8-XsWM$s-%#BrRP"
"alois.harsnep@edu.tbz.ch"|"KZ4g7S-fo%#FD-t&vlHW"
"marie-helene.lacky@edu.tbz.ch"|"xqgS28-QLDSLa-TzHKHZ"
"mylene.youthed@edu.tbz.ch"|"Z2g&Vn-DOtYC2-CrMJre"
"marie-helene.dehmel@edu.tbz.ch"|"hCODbL-1zNPSG-pgr6RR"
"angele.batman@edu.tbz.ch"|"Uhp%CF-411Clh-&7bJ0C"
"melia.younghusband@edu.tbz.ch"|"5Jf6wB-IeN2Cn-kliPBV"
"eloise.baldi@edu.tbz.ch"|"CanuLN-@#xNm0-IlOCTI"
"illustree.dun@edu.tbz.ch"|"ENsd4V-5utLXB-aDNxfF"
"genevieve.late@edu.tbz.ch"|"lLQxKY-fIMc8H-2c2kIN"
"celestine.colville@edu.tbz.ch"|"OH9#pa-05aU0C-TvXZ0i"
"gwenaelle.scarlon@edu.tbz.ch"|"ILBzbG-77Ml$l-i%6sWI"
"regine.boddie@edu.tbz.ch"|"t#Cfwa-J#8TYZ-6SVSa2"
"creez.gaughan@edu.tbz.ch"|"1Bj4fJ-RTV#th-AwsQOc"
"gaia.longford@edu.tbz.ch"|"7H0IYJ-fBiVnq-iTABR8"
"mailis.buckby@edu.tbz.ch"|"&Pp@BU-CAXL0D-TAnIE4"
"song.parbrook@edu.tbz.ch"|"XPbBru-enuTP6-2hkzCQ"
"frederique.heddan@edu.tbz.ch"|"moL@r$-tPWIoK-Z%wl8y"
"ake.kirtlan@edu.tbz.ch"|"sPyP&7-A64WSD-AgyTiy"
"nelie.runciman@edu.tbz.ch"|"#%ssRu-oR1hSG-StuZ1y"
"mailis.cardnell@edu.tbz.ch"|"LSyuXx-80QxMT-qYy%QU"
"irene.navarro@edu.tbz.ch"|"Ovp0n0-mTi$YE-t2I0eU"
"maite.cough@edu.tbz.ch"|"0494M2-1k#&Sg-7@zSDl"
"anaelle.stocky@edu.tbz.ch"|"cfhxVY-ShfTDc-4LkoN6"
"methode.moulder@edu.tbz.ch"|"BHj5pW-nlRe1A-Kpuvp4"
"po.stafford@edu.tbz.ch"|"P9#nE1-T1@#ov-r4lI67"
"faites.scraggs@edu.tbz.ch"|"JBcOP%-&Y4$2L-8jQ#9P"
"adelaide.dullard@edu.tbz.ch"|"PO77i#-JHP8hy-JFgikX"
"desiree.leonard@edu.tbz.ch"|"FRpyGA-vbp5yL-UIYwKf"
"geraldine.badgers@edu.tbz.ch"|"MxWH1#-75NSMy-boFWP3"
"ruo.masic@edu.tbz.ch"|"IgfXoQ-ZWnYFT-2mqO%U"
"aurelie.lieber@edu.tbz.ch"|"J6PSFG-bK%FNT-nJzL9y"
"naelle.balcock@edu.tbz.ch"|"gB&E4%-hR%#&G-uPOzEa"
"camelia.elger@edu.tbz.ch"|"dETZGS-YuCjsW-NdEx$M"
"publicite.oakeshott@edu.tbz.ch"|"rM5WiK-wXj5s0-uh0$Dw"
"cleopatre.fawley@edu.tbz.ch"|"st993I-#UzvHQ-0R%ZyQ"
"laurene.bruckmann@edu.tbz.ch"|"tarXmP-&GXrHY-&DJ3q&"
"rui.haughton@edu.tbz.ch"|"Jieygi-Vl3Ms0-1y&caB"
"asa.ladewig@edu.tbz.ch"|"RXaL58-sQC89c-B7%Y#c"
"gisele.janecek@edu.tbz.ch"|"YwvHgF-0ElGDH-MnZA3j"
"maily.loveridge@edu.tbz.ch"|"ezdagn-Kvsvuk-ru4@Ow"
"marie-eve.yurkiewicz@edu.tbz.ch"|"TO7k46-XDhzh7-&s%0ys"
"fei.roder@edu.tbz.ch"|"1Dn#rB-C2G10m-OrgM@g"
"edmee.chatburn@edu.tbz.ch"|"GOBi6Q-7q190A-8pOinz"
"geraldine.darke@edu.tbz.ch"|"0cGwXw-fG9y%c-0@F0Ye"
"ye.jira@edu.tbz.ch"|"WLo%kO-r393PI-#58$IL"
"publicite.persent@edu.tbz.ch"|"xOddMC-yX1pVD-Y0AdEh"
"severine.wilcox@edu.tbz.ch"|"sDAO9p-I6XQpP-zElOrt"
"yao.mcclaren@edu.tbz.ch"|"ixI0CY-H3i#ko-qtxyLF"
"theresa.foynes@edu.tbz.ch"|"Nj&T72-RKrabL-mzbVxQ"
"stephanie.isley@edu.tbz.ch"|"FjLHKk-bFTn&U-%RKt#6"
"torbjoern.growy@edu.tbz.ch"|"@kfcai-fZPbmE-BBHVSu"
"eloise.tunnadine@edu.tbz.ch"|"Q9c5b7-Z3MetY-PVhdOJ"
"maeline.cossentine@edu.tbz.ch"|"YgM1&W-Tac94e-6L3Dxk"
"nelie.desantos@edu.tbz.ch"|"PLVGQv-p&%7Q8-H9UcQx"
"gaetane.axston@edu.tbz.ch"|"mv$pkx-@IPMdf-4h21Te"
"aimee.merman@edu.tbz.ch"|"tYnkoW-W6Ulxc-fpftcO"
"oerjan.drivers@edu.tbz.ch"|"uxxSPN-82L%&A-1BHsvq"
"aimee.miroy@edu.tbz.ch"|"5YdI1M-n$E#ye-WycE13"
"nelie.glyde@edu.tbz.ch"|"%s1VG@-xl#Px9-YOfjyI"
"hakan.kapelhof@edu.tbz.ch"|"aioDeU-sgzptF-2sXqTJ"
"maelyss.cauley@edu.tbz.ch"|"nIYcie-6gMJuE-0sNdy5"
"elea.vaggs@edu.tbz.ch"|"1CGNur-jgW0kt-aX5nnX"
"maelys.but@edu.tbz.ch"|"GVcLE3-FAFOgH-uyL4ko"
"maella.arthurs@edu.tbz.ch"|"Pj$gSU-OIO3ON-@nMUuS"
"adele.liebrecht@edu.tbz.ch"|"LPqkIP-Lg0#PW-Q6bavi"
"meline.lomasny@edu.tbz.ch"|"VEN&%w-7ocpHZ-&dbmhE"
"mediamass.schwant@edu.tbz.ch"|"Ya71NJ-D19nH3-b&aw0h"
"leone.saunt@edu.tbz.ch"|"srTbNZ-S1Qtku-zb1mDU"
"annotes.gouch@edu.tbz.ch"|"8etHxq-47IX%J-Io$tEX"
"gaetane.bowich@edu.tbz.ch"|"W#1VtW-QwlB0Q-r@abmy"
"alizee.strelitzki@edu.tbz.ch"|"yyrW6Z-tGWpSA-HbfHeY"
"leone.poile@edu.tbz.ch"|"mqI3fH-y8sXOJ-B@oaJK"
"amelie.saban@edu.tbz.ch"|"iJy9rI-31VOQT-LFkWKZ"
"marten.mcmenamin@edu.tbz.ch"|"rID&gI-pUbyvV-#I&rUt"
"becassine.keets@edu.tbz.ch"|"dS54O6-T7SaRC-LXArQU"
"celine.million@edu.tbz.ch"|"TX7RDt-&vc4Jm-8Iw#mq"
"geraldine.belitz@edu.tbz.ch"|"1#BsW$-tYCkQX-cQmoKs"
"salome.mardling@edu.tbz.ch"|"H&VsDP-z0&Yj4-6FSeNS"
"melia.blakemore@edu.tbz.ch"|"K1cPa%-fgmAnu-zINGLB"
"dafnee.mcaulay@edu.tbz.ch"|"9HbVZm-I9Fa7f-&ruelR"
"garcon.dennett@edu.tbz.ch"|"9N2oCP-VyXsxy-RSi4Fy"
"interessant.lesor@edu.tbz.ch"|"&rSANa-yOBrhr-p1kU22"
"annotee.wasbrough@edu.tbz.ch"|"5pHhm5-O9gjMz-X4wD&$"
"asa.ibbeson@edu.tbz.ch"|"9K3alD-fKtYYW-1Kp7Gp"
"maily.kennealy@edu.tbz.ch"|"d&bNPc-uKnt9G-DROZYm"
"ye.seares@edu.tbz.ch"|"HR1X#2-n%s%O4-Tuyu%q"
"athena.harbron@edu.tbz.ch"|"FfvFJD-SRiQWL-JoCsL5"
"andreanne.portail@edu.tbz.ch"|"9K9UTU-f2OWT2-x#l&eL"
"goeran.zannelli@edu.tbz.ch"|"vDiPV9-Xgfzd3-ovbWl8"
"gerald.leathlay@edu.tbz.ch"|"Tm&ClR-@knQVN-lMmypu"
"andreanne.chown@edu.tbz.ch"|"41d6P8-ypmTsN-QBqdH6"
"esteve.clementel@edu.tbz.ch"|"l$qFGw-HB5Y7O-2vvBUj"
"leone.legan@edu.tbz.ch"|"FONkvn-f5ZDRE-avdK1U"
"maena.pownall@edu.tbz.ch"|"5Zp&Y1-Ud&BXG-5DV#Jz"
"andree.rettie@edu.tbz.ch"|"%7EWPv-&vW37h-fvZAX$"
"ines.kenwrick@edu.tbz.ch"|"GOj&TV-BFLdFX-0r%gn0"
"marie-helene.yarnall@edu.tbz.ch"|"S1FehG-6Swa0K-NeI@3u"
"po.martin@edu.tbz.ch"|"iastWz-0l4t0E-tTSGN3"
"ruo.celiz@edu.tbz.ch"|"4nZn5E-u$#dPn-MFoQMV"
"po.bissett@edu.tbz.ch"|"PbItlZ-8GApez-Q5Na9n"
"du.swindon@edu.tbz.ch"|"h%o@s&-llYXBi-neZoZ%"
"interessant.gouldthorp@edu.tbz.ch"|"kw54SK-WVt2#&-CFOFJt"
"leandre.lilburn@edu.tbz.ch"|"3zDPc0-PoL@Ac-ayJ5gR"
"bjoern.whales@edu.tbz.ch"|"Tu0O4D-bFTVHv-$1sr8w"
"interessant.dieton@edu.tbz.ch"|"0O@IHT-pW5oCg-sDOshO"
"celestine.redhills@edu.tbz.ch"|"7GmFP2-%CNsmo-hV@qwf"
"tan.yakovlev@edu.tbz.ch"|"f1Ac0#-tr1dy#-GI%F#r"
"regine.mcdowell@edu.tbz.ch"|"U05GFX-NHc%GM-tHDFBA"
"ju.coysh@edu.tbz.ch"|"V@1Fqf-HwglaN-eSreOA"
"reserves.ofallon@edu.tbz.ch"|"VWGr@a-giHnRP-b1RqP0"
"frederique.sobey@edu.tbz.ch"|"zy3CFC-rVYN71-TTsxTI"
"marie-eve.garstang@edu.tbz.ch"|"RxJyE0-vJd4JQ-0jCA3a"
"andre.tapin@edu.tbz.ch"|"cBqGdl-k&eerk-#UgpVX"
"esbjoern.eynon@edu.tbz.ch"|"Ksz11g-fsdc%P-7YWGP0"
"maella.duffy@edu.tbz.ch"|"LAYTMa-g24F9%-Gy5yQ1"
"leandre.twinning@edu.tbz.ch"|"j30cH2-@3b6x6-hwJkmM"
"mai.whittingham@edu.tbz.ch"|"X@3Bl2-IJ7xnb-Q4IhZD"
"rachele.shevelin@edu.tbz.ch"|"V&mcwp-nw9Y%q-KOUq9W"
"cecile.mcure@edu.tbz.ch"|"LvZCzL-y6M5r6-J#cC%8"
"marie-eve.yurkevich@edu.tbz.ch"|"ljGeZ2-a2r&cX-RDu6Wr"
"almerinda.paice@edu.tbz.ch"|"$24isy-jfUnHO-ORTPqn"
"rao.howkins@edu.tbz.ch"|"aVZqMB-Yq$%KT-dqJfDD"
"serena.pack@edu.tbz.ch"|"Lt89$T-h7jdK%-pv%8nr"
"rebecca.mant@edu.tbz.ch"|"p8H6UU-S&ZTBG-%EhYz#"
"reserves.spitell@edu.tbz.ch"|"%S#pkp-P4gFGO-1#Tcx@"
"garcon.hamfleet@edu.tbz.ch"|"@hTI@r-hdgFaO-hE3lT3"
"methode.kerkham@edu.tbz.ch"|"dwBR4X-hF3lzC-LgoyLp"
"pelagie.camies@edu.tbz.ch"|"FnqXzu-3u@b2r-%bDhhJ"
"josephine.macpharlain@edu.tbz.ch"|"tsEVN9-jbKjYq-dsEHiT"
"eugenie.mathet@edu.tbz.ch"|"0kJ0oI-nrbTNJ-19Uyra"
"gaetane.brangan@edu.tbz.ch"|"4tsbWE-$ZkyzI-ya7ZWU"
"michele.dewbury@edu.tbz.ch"|"Ywk0@9-vs22IH-@nl8sK"
"eugenie.elcott@edu.tbz.ch"|"pVoyA1-EiaMKt-AaIiqU"
"megane.harniman@edu.tbz.ch"|"wUHfja-PsBSUg-XHyij2"
"agnes.cluney@edu.tbz.ch"|"L@keLw-oe8k7n-q%y5Zg"
"marie-helene.angear@edu.tbz.ch"|"VXl7ZI-7HkgLY-biBU@I"
"melia.dolphin@edu.tbz.ch"|"k0%kEn-ZIQ&ac-k&@ane"
"lois.ruseworth@edu.tbz.ch"|"9dwUXS-kc@m#n-3CuAYE"
"mailys.ryding@edu.tbz.ch"|"JQ8F9p-UplInw-#PKUQ8"
"rachele.wulfinger@edu.tbz.ch"|"oZWNZk-UfUYCt-42U@DO"
"gwenaelle.talton@edu.tbz.ch"|"XIoE6c-v%f0SM-vM1Ury"
"long.ronchetti@edu.tbz.ch"|"NoJd@f-3aWkrf-Au0xD0"
"styrbjoern.kloska@edu.tbz.ch"|"4VZdqg-r3WN4h-WxQKV#"
"len.sudran@edu.tbz.ch"|"$SBSdQ-DYcYet-98FW&j"
"maelle.andrysek@edu.tbz.ch"|"B1J7KO-LSGmHv-MqYtJj"
"selene.senior@edu.tbz.ch"|"DlUlDq-T1$$oK-ArbwQ1"
"anais.joskovitch@edu.tbz.ch"|"KVEOen-nt3O%$-cHmY#h"
"marie-noel.dally@edu.tbz.ch"|"#g3gSR-Q6t4I&-e2EbRT"
"marie-helene.laurence@edu.tbz.ch"|"ex6u29-ggkhvk-znzUv6"
"camelia.foxon@edu.tbz.ch"|"MXtWOS-J8wwk%-DbADw&"
"helene.cankett@edu.tbz.ch"|"Htmh05-4claFQ-EouNNV"
"marten.mitchelson@edu.tbz.ch"|"H9vp@F-9GcKnn-qu41#E"
"helena.stirtle@edu.tbz.ch"|"XpPuD#-6XbfOn-$j%qo2"
"leane.barmby@edu.tbz.ch"|"QAYvdt-r8CJPX-fKLYJD"
"goeran.ofinan@edu.tbz.ch"|"0Kxyvy-#vEo&M-ne1O%S"
"styrbjoern.proby@edu.tbz.ch"|"##Ea9X-7CO3Zg-F#0PLz"
"zoe.halse@edu.tbz.ch"|"gGSUdW-hYYixv-3kcuGZ"
"kui.drable@edu.tbz.ch"|"3nt30q-3#uGwH-9n5VSB"
"desiree.bamford@edu.tbz.ch"|"pdbi6$-mhfYLh-yhJnXs"
"zoe.suller@edu.tbz.ch"|"AetQdE-8wbbSk-6zD&4p"
"marylene.audiss@edu.tbz.ch"|"dsv9Be-SGwWJP-bkB7#L"
"adelaide.poznanski@edu.tbz.ch"|"fvAkQM-VsQEXE-CzRA6s"
"maella.coleyshaw@edu.tbz.ch"|"OQoY&6-WB0$lw-lv4hib"
"marie-francoise.gelder@edu.tbz.ch"|"Gc&ua%-$GCFlF-4&fS4L"
"eleonore.chaffyn@edu.tbz.ch"|"2GoC35-KdFMrx-v03EZy"
"celestine.sikorsky@edu.tbz.ch"|"RGIP@N-9%OriW-2VZEae"
"stevina.londsdale@edu.tbz.ch"|"sYMh3F-Xv4gaI-DFNuhO"
"maiwenn.nevitt@edu.tbz.ch"|"EylnHv-WVfBO3-GaG4Yy"
"magdalene.gerrey@edu.tbz.ch"|"#uQ6Ru-rJR$VB-pE2NRA"
"becassine.latimer@edu.tbz.ch"|"Nt$V&Y-#7Z4KH-jNRU92"
"da.lethibridge@edu.tbz.ch"|"VjqkzV-jmTNM8-EM4@mY"
"mailys.claige@edu.tbz.ch"|"G$Gd9N-3GteIP-gwopl4"
"maena.torbard@edu.tbz.ch"|"2pPEJP-Ns@Tg1-mYt7ax"
"solene.lyvon@edu.tbz.ch"|"6Mi5gE-RVODON-OI$Pez"
"marie-therese.benbrick@edu.tbz.ch"|"FDq6DS-sBz1Zx-9VbsKa"
"gerald.edmonson@edu.tbz.ch"|"GX#M3y-z@H4ce-Bla7Ag"
"ake.messruther@edu.tbz.ch"|"U51uib-iBAJzx-8GYZq9"
"men.gosneye@edu.tbz.ch"|"RN8jkV-htWWs3-u&Tl%D"
"anais.jefferys@edu.tbz.ch"|"TggnrD-qS1KG%-WBUglZ"
"publicite.tregale@edu.tbz.ch"|"KW$A92-jwbQMR-3vht%v"
"maily.santorini@edu.tbz.ch"|"AaPIjb-n3kffx-F3mM#l"
"ines.pioch@edu.tbz.ch"|"ufgQYn-1Jy7Yx-xYAYfe"
"noemie.marklew@edu.tbz.ch"|"E$EZE4-p3Kdi%-SUW78#"
"meghane.maccaffrey@edu.tbz.ch"|"0C5IPG-uJ7$he-nC&hx0"
"berangere.ambrogio@edu.tbz.ch"|"cQibLw-N59sSz-KPB4c8"
"mediamass.ryce@edu.tbz.ch"|"SND$Gq-ERG0xM-0kllZ&"
"oesten.ubank@edu.tbz.ch"|"jOtD1P-XvZ@Wz-DdMo6Y"
"melina.mackee@edu.tbz.ch"|"UCnH8R-e&#5Sz-EhCYwl"
"theresa.livezey@edu.tbz.ch"|"4FRUDd-idQSyO-9TY3wE"
"clemence.weal@edu.tbz.ch"|"BAkOiB-&U@T7U-kdCd9z"
"faites.overton@edu.tbz.ch"|"0AOjwQ-BkaPdi-eMV2BS"
"clea.lindblad@edu.tbz.ch"|"an49XI-K7KW4#-S%J7hN"
"josephine.roseaman@edu.tbz.ch"|"bD2E3y-$3uk8i-3RkzH6"
"oesten.lowbridge@edu.tbz.ch"|"B#60Wr-tc$jiK-x6w%EE"
"marie-josee.brion@edu.tbz.ch"|"LKbl70-MNNLb6-pwVT1i"
"therese.basili@edu.tbz.ch"|"cvNr%E-Jgkucx-H8jjV&"
"melia.vertigan@edu.tbz.ch"|"5EZwsp-%Y87J3-IrlGlF"
"judicael.saull@edu.tbz.ch"|"9Y0IC#-jhIDoj-1&m6Oi"
"selene.valentine@edu.tbz.ch"|"&#i1%O-aXQZ5s-9nyy2d"
"verane.dunlap@edu.tbz.ch"|"%&bjbC-sXb96q-yJ8ixB"
"meline.kinnear@edu.tbz.ch"|"xKs@FU-imzpoX-ncX%UE"
"lei.luttgert@edu.tbz.ch"|"pW57v&-%Hn0$9-4sEUxz"
"styrbjoern.lathleiffure@edu.tbz.ch"|"k70qX%-&W9dK1-EwA6Wr"
"marlene.blasi@edu.tbz.ch"|"zNG8Je-CtZUVy-ckZXlW"
"mai.begwell@edu.tbz.ch"|"ID@yIx-gxh%Al-ql369n"
"gwenaelle.kaines@edu.tbz.ch"|"Fg8@YR-gT#rLh-m6ilRK"
"gerald.adamthwaite@edu.tbz.ch"|"ByM6NZ-bwmDRA-Q4GAnv"
"kui.hartfield@edu.tbz.ch"|"2baH4h-xrBB9N-2XHIG1"
"salome.currao@edu.tbz.ch"|"Qhts7l-MTa8WV-EwSQlU"
"angelique.tixier@edu.tbz.ch"|"c7Xbt%-g4zX#M-@7@&B7"
"ju.mcgragh@edu.tbz.ch"|"Y%ERr1-FKTgjW-QWmoKI"
"dafnee.beachem@edu.tbz.ch"|"m0pd6r-cydN9B-Ew&zJp"
"creez.terlinden@edu.tbz.ch"|"Gzhucr-goz1dq-Z%ZWTs"
"uo.mcskeagan@edu.tbz.ch"|"bhoJC4-X4Pk$z-7S1prp"
"edmee.mccaughren@edu.tbz.ch"|"XO4Ezy-XC4OAm-8hzQGL"
"asloeg.cozby@edu.tbz.ch"|"Yv85D3-3KGbI&-Daij8h"
"melodie.traite@edu.tbz.ch"|"vdaDXw-DmpB6D-hM85yT"
"dorothee.aindriu@edu.tbz.ch"|"7m6e64-k&F7Po-XLPzxA"
"daniele.doley@edu.tbz.ch"|"WV0lLv-yWU1i1-Vu16&I"
"mediamass.fairclough@edu.tbz.ch"|"M9PKiA-cHFFQp-VDKsvS"
"lorene.rainforth@edu.tbz.ch"|"IcZmum-kiTHQ%-$B3Fov"
"leonore.eyer@edu.tbz.ch"|"LsplCW-b5$0oK-8sjlcV"
"po.spillman@edu.tbz.ch"|"4c8cEm-lx4uV2-PCZ1uC"
"cecilia.plitz@edu.tbz.ch"|"9GRsOD-Eub9iD-dIOHXQ"
"lorene.ludlow@edu.tbz.ch"|"lxVd%M-gcTqaU-NAUYQT"
"berangere.neligan@edu.tbz.ch"|"Mv#pXh-G3Dldu-Dm63$O"
"simplifies.huggan@edu.tbz.ch"|"HoI@TA-ZJi2Fj-OUNVAj"
"clelia.prandy@edu.tbz.ch"|"4Ohq%Z-4Tx5Ar-csg$RB"
"ake.osban@edu.tbz.ch"|"z#3K5Z-9GFW9F-4DWFqf"
"cunegonde.brunn@edu.tbz.ch"|"q2bSUV-K$E@wU-JN36ar"
"long.grizard@edu.tbz.ch"|"STzjsC-acl4qO-&iAfqd"
"meghane.diss@edu.tbz.ch"|"U50p#B-V6pKS5-awNYe$"
"therese.oldman@edu.tbz.ch"|"q6@DDF-3pXH$I-5tEd0t"
"boerje.scamerdine@edu.tbz.ch"|"#g3asc-G@cFdQ-4T5uxY"
"du.saban@edu.tbz.ch"|"HyAjb3-ZcU#kv-LXuYFZ"
"hakan.clynmans@edu.tbz.ch"|"bq5lR$-v49Zgv-A0hDdE"
"wa.macdowal@edu.tbz.ch"|"xnGRxM-Fda5B8-0eiA$G"
"venus.hatrey@edu.tbz.ch"|"S7aEON-#YquD$-gw@KLd"
"anaelle.vispo@edu.tbz.ch"|"qdEUuu-Yyn7NX-B@QzDs"
"mahelie.ollcott@edu.tbz.ch"|"9CfzSi-rD3qKp-fpuo7U"
"mediamass.whyman@edu.tbz.ch"|"wvwOc8-7QNzCS-c25e7M"
"esbjoern.basson@edu.tbz.ch"|"PFuPro-uSTFf7-d1kLSR"
"andrea.morrill@edu.tbz.ch"|"LSEmN2-eH$yd6-&TGHe&"
"melys.grassi@edu.tbz.ch"|"$8OqM4-h7iG0P-8ufq4A"
"leone.poleye@edu.tbz.ch"|"pCZa$f-Tr#L7@-pUaNRc"
"francoise.penny@edu.tbz.ch"|"Aq$bbS-d#XI19-Y05u1k"
"rebecca.edney@edu.tbz.ch"|"nYjmoy-MIR%U5-mxwkYM"
"adelaide.murtagh@edu.tbz.ch"|"0S2#d7-txAH$5-c3p4Zx"
"stevina.winterbourne@edu.tbz.ch"|"bLoZM6-lZGabm-P150%G"
"ma.cottom@edu.tbz.ch"|"B&fUtC-JoP9TS-dvxyNV"
"tan.harold@edu.tbz.ch"|"N0%Qwb-GA5@0P-CcR&4w"
"venus.forte@edu.tbz.ch"|"puz&52-bG$FY&-#vZde5"
"almerinda.oluney@edu.tbz.ch"|"IDnLu1-nF5Ai0-&h#m$G"
"cleopatre.brehault@edu.tbz.ch"|"tS6IJS-0e&j0B-$hGO9X"
"interessant.lapides@edu.tbz.ch"|"d%Qs#j-7iSR&H-xpuAOD"
"reserves.hallatt@edu.tbz.ch"|"uvv@pS-ZDP9Qk-N5kDI3"
"annotes.birdwhistle@edu.tbz.ch"|"uC%5B&-0LqLV3-QdFJI$"
"ai.dredge@edu.tbz.ch"|"4rSlnp-ZbTvo$-g4Qci9"
"megane.mussard@edu.tbz.ch"|"v3WF0&-#Qp2#y-MspFHz"
"esbjoern.gowrich@edu.tbz.ch"|"X%YR0j-vlVZ@P-LDrTLW"
"boerje.brislawn@edu.tbz.ch"|"C7B05I-3$ahiF-Y#dCfg"
"becassine.wilce@edu.tbz.ch"|"U5%w4d-3ezQas-TWCmCE"
"personnalisee.oels@edu.tbz.ch"|"2N#7N#-dsYP58-YazRNy"
"verane.pett@edu.tbz.ch"|"#bD9bc-9uosfA-w4HT9F"
"marylene.glewe@edu.tbz.ch"|"fJr1SQ-t6HMpK-znI@kc"
"lai.elson@edu.tbz.ch"|"kv5OqH-Z5b#pF-@VR04K"
"serena.difranceschi@edu.tbz.ch"|"1y1#Wk-V1ovCi-%bgp4G"
"lie.espinel@edu.tbz.ch"|"hIeeEg-@&nMZX-JZR6$l"
"marylene.fantini@edu.tbz.ch"|"$Ej7#o-2Qrmrt-yaaIDz"
"andre.archdeckne@edu.tbz.ch"|"0hU2pg-2dQLMx-EGRMs@"
"goeran.bohlingolsen@edu.tbz.ch"|"zUcGnY-AIawSj-SMlde8"
"cunegonde.heffer@edu.tbz.ch"|"EeulFF-81sKwg-v%xjWF"
"tan.fechnie@edu.tbz.ch"|"fAgbR9-O5wKlm-@0k@XM"
"marie-noel.brammar@edu.tbz.ch"|"wxh#Ks-puIpnJ-m%DgXZ"
"simplifies.aven@edu.tbz.ch"|"R&ZEn9-MVn54M-CTsGKV"
"melys.pinchen@edu.tbz.ch"|"6r3YV#-F5cB3J-onMEdK"
"edmee.joyner@edu.tbz.ch"|"R3SQuX-JKBRlj-K#F@O5"
"berengere.edess@edu.tbz.ch"|"oFLiQ0-0MXymt-lCyBzq"
"marie-noel.goward@edu.tbz.ch"|"UiMxP$-ib7ejL-R0QDg$"
"ju.edmons@edu.tbz.ch"|"&Qm0Yl-dYFULO-@9fL@A"
"frederique.airds@edu.tbz.ch"|"LE4wPr-ZeBlAA-HedHUN"
"reserves.dauby@edu.tbz.ch"|"S9Arim-6z1HDJ-LqmwnK"
"hakan.gynni@edu.tbz.ch"|"K9OaXZ-dSrktE-y#8IuM"
"leonore.pinwill@edu.tbz.ch"|"xB09q0-KBOJz0-3P2%1i"
"marie-eve.mcallan@edu.tbz.ch"|"56kOgk-NbsBuU-#AebdW"
"naelle.yeabsley@edu.tbz.ch"|"8K85I3-rF74ZY-U0Mnzc"
"nelie.jacobovitz@edu.tbz.ch"|"3HFY7j-#D&@62-1ObYFm"
"adele.conelly@edu.tbz.ch"|"75vec0-VrlPKj-FKVVWh"
"clementine.dondon@edu.tbz.ch"|"rLfy$7-NZNujh-#ynWvE"
"zhi.willcot@edu.tbz.ch"|"MhHetl-FkKL1H-3AE6bI"
"chloe.janicki@edu.tbz.ch"|"MR8i6c-6ETA%x-TTFCe9"
"meng.linde@edu.tbz.ch"|"NkZVE@-2NZspM-kKP0Zk"
"celine.janisson@edu.tbz.ch"|"4Y8z3w-CIXTT8-KjLemM"
"clelia.crow@edu.tbz.ch"|"Y3GixP-7GECF1-8o587G"
"cecile.pyott@edu.tbz.ch"|"sexqb1-aQvvX@-Q&00ca"
"ma.fidelus@edu.tbz.ch"|"6c8P8R-QCIcrl-vG$pJi"
"marie-helene.poore@edu.tbz.ch"|"xVwMfl-VABjB8-FkaRj4"
"elies.blanket@edu.tbz.ch"|"P0qBV%-lFaVGA-BxXSmH"
"yu.boyer@edu.tbz.ch"|"S4n2YC-$lUXEl-2q#EPX"
"celia.welds@edu.tbz.ch"|"zQiDgt-JW@8sE-RpO8HN"
"du.gunney@edu.tbz.ch"|"Ay9b2n-&MFwd6-YKY7Ly"
"goerel.crush@edu.tbz.ch"|"z52&T&-63pwWr-g5A$9N"
"marie-josee.brosius@edu.tbz.ch"|"#Bgwg1-22I2fQ-Rv9QkC"
"camelia.adds@edu.tbz.ch"|"MJGBkk-ek8$1P-spc3hf"
"anae.irwin@edu.tbz.ch"|"gw&y@t-vbZWzU-UV8eOg"
"cleopatre.skeffington@edu.tbz.ch"|"t@c%MG-UY&ryr-e$THuT"
"gerald.suggate@edu.tbz.ch"|"9ia0#h-PBZnoJ-#dAeMQ"
"laurene.tailour@edu.tbz.ch"|"MS6Lwl-8QtBfr-1WeYQF"
"amelie.hoble@edu.tbz.ch"|"2I3CAe-s7kNqZ-kr8RuK"
"venus.getch@edu.tbz.ch"|"UweHbP-kL&@wZ-4gioR#"
"renee.treby@edu.tbz.ch"|"g@7eEN-pWvx8M-sMKAQF"
"almerinda.stait@edu.tbz.ch"|"CXko%x-Yb%5sf-uvidpq"
"andree.reddecliffe@edu.tbz.ch"|"0p4wSQ-4Zc%fK-kE9v85"
"leone.wintle@edu.tbz.ch"|"x&kjoo-eskunp-qYMP9D"
"gerald.fellow@edu.tbz.ch"|"AyBxM3-pCyGg1-vtgmVF"
"ju.gudger@edu.tbz.ch"|"zb5RTc-xKK9mo-1YKTWK"
"meng.ohaire@edu.tbz.ch"|"AIk9vF-%hi@Xi-54AztI"
"cleopatre.missington@edu.tbz.ch"|"wq$lkg-2o@&N&-p&JLJP"
"annotes.debruyn@edu.tbz.ch"|"RaD&#s-r#RqTJ-@#ML5J"
"gerald.sinisbury@edu.tbz.ch"|"18fN2b-&eOOxE-Si2Vdl"
"creez.slora@edu.tbz.ch"|"hq$5R%-gqN3ot-wtTufr"
"gisele.benbow@edu.tbz.ch"|"r8Vq1z-nghYMF-bQdKEW"
"pal.dossit@edu.tbz.ch"|"ShNEto-n2iDL0-GGNUb#"
"nelie.stirrip@edu.tbz.ch"|"wq2RbG-wdvH@L-qsEdfd"
"alois.ocrigane@edu.tbz.ch"|"vTOVvw-xdEvaX-eP3VXV"
"kui.mcterry@edu.tbz.ch"|"M04sDV-xOsTsM-acwyqG"
"long.willgoss@edu.tbz.ch"|"sFNy7S-GVdF#y-FZ4lI5"
"francoise.sumpner@edu.tbz.ch"|"b5Y6GU-BuGcqe-2CkUWl"
"maely.grinstead@edu.tbz.ch"|"ZA#QRJ-YPzQVu-rvOCCT"
"creez.langeren@edu.tbz.ch"|"Y0MqGO-tbW75y-wZj8EQ"
"adele.dungate@edu.tbz.ch"|"8lVXZK-deG1dc-IUqCcY"
"cleopatre.noirel@edu.tbz.ch"|"mUHS#O-Rzw2Nb-StH7ux"
"interessant.daverin@edu.tbz.ch"|"$$6%dg-yI$JWw-nhw&2%"
"naeva.kalderon@edu.tbz.ch"|"yIK4KN-j77iSR-$hlmlS"
"anais.oshesnan@edu.tbz.ch"|"eSa6FE-qgK840-G$j7nB"
"judicael.anelay@edu.tbz.ch"|"Yyyz2k-BirOkE-Z%RIE3"
"eloise.braxton@edu.tbz.ch"|"JRM1uo-uVFnYQ-i1Nh&a"
"desiree.greguol@edu.tbz.ch"|"YVD&dk-BX#Cdf-b&gFa9"
"maite.mcclenaghan@edu.tbz.ch"|"9@yL@7-CBaIE%-@$%Y9u"
"meng.doret@edu.tbz.ch"|"z#AxL8-crnC@D-b1eyY3"
"frederique.chippendale@edu.tbz.ch"|"LOe7tD-6P9P&$-m$svXD"
"andreanne.lanney@edu.tbz.ch"|"GZ$$7p-NE$%Lj-V7oz91"
"aurelie.claus@edu.tbz.ch"|"zXdAx5-n6%N32-ROeAJe"
"renee.pabel@edu.tbz.ch"|"nLlXwd-wl%eAe-&EhHrh"
"maena.roust@edu.tbz.ch"|"Reyyi&-aEG@&V-hqsLqe"
"nadege.carwithim@edu.tbz.ch"|"#wuEh5-ECdIYQ-&SIyT8"
"solene.geyton@edu.tbz.ch"|"7Nfux&-j5gJqK-Lqq1gp"
"dafnee.avraham@edu.tbz.ch"|"g$b5jz-a0w5fK-xdqS8T"
"leane.woolvin@edu.tbz.ch"|"nRT4ZI-Lu$FQc-VGy%3E"
"adele.macadie@edu.tbz.ch"|"555DUq-dapPWo-wvH#X3"
"meline.rubica@edu.tbz.ch"|"eyiAxA-l6Ozns-3h60XF"
"marie-noel.speeding@edu.tbz.ch"|"M6jGcF-5laZVs-Xp#ICS"
"nelie.mix@edu.tbz.ch"|"qu0lvr-4Q4Rhw-dQe%9z"
"clea.ollett@edu.tbz.ch"|"N0CNf#-8rBDh7-wqMUqK"
"leandre.mcgavin@edu.tbz.ch"|"d6VQC9-uXz#Y#-Pos8LW"
"cecile.behne@edu.tbz.ch"|"yU5Tx%-xKZhcz-7&3GpF"
"melanie.polle@edu.tbz.ch"|"O%4iDA-jM3Yye-tj%ZM7"
"marie-josee.titmuss@edu.tbz.ch"|"&cVzvn-DOP&U7-0KbusN"
"helena.guest@edu.tbz.ch"|"tgD%5J-LQEWBG-r6yeGx"
"annotes.chicchetto@edu.tbz.ch"|"cF%30Y-IniZsS-92eaGZ"
"melia.tubb@edu.tbz.ch"|"gimzp9-K8SJmw-dIwIJ3"
"angelique.casetti@edu.tbz.ch"|"epOWOY-S38vj8-bukwgf"
"cunegonde.cleall@edu.tbz.ch"|"vXslvb-KzH%Ln-7rc2kt"
"camelia.oaker@edu.tbz.ch"|"0#ALb1-1yje9j-2Y@&4e"
"you.searight@edu.tbz.ch"|"Y@kznZ-6rldsa-a$oGPX"
"kevina.dederick@edu.tbz.ch"|"ycOF6p-6MCk4d-T1Xzca"
"milena.jeffrey@edu.tbz.ch"|"@otpDv-3l$OQr-Nx0WZ2"
"melodie.barkshire@edu.tbz.ch"|"4Nd@Mb-EdoPkv-8DX%9f"
"gaelle.kreutzer@edu.tbz.ch"|"9OUaSx-mrVOu%-MtzW%S"
"kalliste.kleinpeltz@edu.tbz.ch"|"$Gw7@1-Y#x7oq-a39KRK"
"clementine.danat@edu.tbz.ch"|"0p%oG0-PYo5dq-P5vZ8g"
"andrea.wabb@edu.tbz.ch"|"JYr66C-ySsnMY-UI832t"
"geraldine.piesold@edu.tbz.ch"|"%7F5v1-SjUJ7w-Xfak2B"
"tan.fiveash@edu.tbz.ch"|"s6LQcd-ay5fjB-S9llCe"
"meline.yuranovev@edu.tbz.ch"|"KtIcBB-X7sdTP-@MlDJK"
"therese.holme@edu.tbz.ch"|"453czf-@8%yTL-@bzV@l"
"salome.vaney@edu.tbz.ch"|"YY75im-GYWpyo-SY3BF7"
"anae.abramson@edu.tbz.ch"|"dwdJdm-U%o&1Z-UIf%JL"
"kalliste.jimson@edu.tbz.ch"|"2bOILV-vK#tjI-AKucDc"
"selene.yole@edu.tbz.ch"|"RvWNVv-9ND1#K-gHRzjx"
"agnes.defraine@edu.tbz.ch"|"m3L0L4-2ZehKf-P&kToD"
"faites.mccluin@edu.tbz.ch"|"@IQiv9-05MkS@-afjvnr"
"athena.deme@edu.tbz.ch"|"ck7Y7Q-yS%czS-@7IUIV"
"daphnee.brigstock@edu.tbz.ch"|"4Z7GyW-IcR2N7-FWzYC#"
"goesta.skaif@edu.tbz.ch"|"I#UCra-KC%ZyL-PCx%pW"
"oceane.jagoe@edu.tbz.ch"|"tR&9&v-61xEOb-GZK6sQ"
"annotes.broomhall@edu.tbz.ch"|"Q6R7PG-UI&cUS-0TpVfO"
"marie-eve.ballendine@edu.tbz.ch"|"UdjzQL-FxX%or-m4vbrk"
"melina.spykings@edu.tbz.ch"|"XIV8#F-2Acm6U-EfSKEL"
"laurene.ticehurst@edu.tbz.ch"|"dswu3M-irOGUR-Xc0A7&"
"fei.avramovic@edu.tbz.ch"|"zyg2Rs-%ANxlp-d0M%&m"
"publicite.strathearn@edu.tbz.ch"|"#XNddF-itKdj$-THiLbB"
"torbjoern.garrow@edu.tbz.ch"|"$T@IUL-&&t5kO-s7uTRS"
"chloe.rubinsztein@edu.tbz.ch"|"IhbQt9-9COS6@-@6H3&&"
"mylene.demanche@edu.tbz.ch"|"nn8xiB-Y1Wt41-&XVTCx"
"mediamass.godlonton@edu.tbz.ch"|"W4YVeO-5Z8AC@-i0QBcM"
"renee.shurrocks@edu.tbz.ch"|"c&pkcZ-#VhCU&-FFRdnT"
"maiwenn.jedras@edu.tbz.ch"|"mkQLzv-EcMu&B-SB3e$J"
"genevieve.castells@edu.tbz.ch"|"v@WE&7-8hM#DF-#PzcED"
"renee.sneden@edu.tbz.ch"|"YARFtr-mCs#t7-ehogZP"
"lai.mccallion@edu.tbz.ch"|"ivu44o-qXJnvt-1Psb8&"
"kevina.impleton@edu.tbz.ch"|"UjiF3%-uqgHEm-9eBy$x"
"oesten.fresson@edu.tbz.ch"|"yd#6BZ-6&8fDy-5IUONT"
"verane.shawley@edu.tbz.ch"|"2I9HwE-6PIF@&-$CDBot"
"uo.sjostrom@edu.tbz.ch"|"KXknD6-WeDf@y-l$aHvC"
"gisele.gothup@edu.tbz.ch"|"n1mUZz-DBpVn3-srNpcN"
"renee.beauman@edu.tbz.ch"|"aUY&XT-jl7#4I-jvRi2#"
"elies.loton@edu.tbz.ch"|"0M4wAq-1QgsK0-QKm&1g"
"valerie.elsmore@edu.tbz.ch"|"u2omJT-F&TNbB-dVCwL8"
"berangere.delafeld@edu.tbz.ch"|"3OQhAF-$#uR3F-@C2H5C"
"bjoern.schimke@edu.tbz.ch"|"81D4J0-6WTxZq-xPOZr6"
"loic.ericssen@edu.tbz.ch"|"nMNFUM-L6vERR-nFHTbO"
"creez.richarz@edu.tbz.ch"|"@i0lYJ-uh1KP5-#dkJgh"
"athena.grocott@edu.tbz.ch"|"S&8d#1-85RB#V-IUQFnA"
"naelle.piotr@edu.tbz.ch"|"v6MY1#-BhHLUG-U9ePp4"
"maella.paulson@edu.tbz.ch"|"TRONPd-%O#x7e-T9zmVk"
"song.perot@edu.tbz.ch"|"gaWN0J-Q4xdfT-aL&yrd"
"kalliste.heckney@edu.tbz.ch"|"RdwGyR-5pfNHQ-pTh7y6"
"ake.vasyutkin@edu.tbz.ch"|"4FJhkA-%%eO$R-K6w@uU"
"ma.castles@edu.tbz.ch"|"9pEBtU-OU66dh-$Fi6Ri"
"maely.monget@edu.tbz.ch"|"viYw&8-BE2hxt-NbpOdr"
"tang.durbridge@edu.tbz.ch"|"kdbjec-G51Plu-aGUPJF"
"laurene.andrew@edu.tbz.ch"|"D29@nN-iziha&-MoorqA"
"lysea.beacon@edu.tbz.ch"|"VbUBFj-t2P$x8-zTvvWZ"
"leandre.peyntue@edu.tbz.ch"|"0TUck%-P17p#E-XtA75i"
"rao.trever@edu.tbz.ch"|"LTEt&w-G&M1T%-d@cFkT"
"mahelie.streader@edu.tbz.ch"|"Thysyi-08ZGRc-y5VQCQ"
"maerta.andrejevic@edu.tbz.ch"|"iG5q2G-%K#Mpd-cUDBXx"
"goesta.tompkins@edu.tbz.ch"|"Eozf%3-hY&CbS-#c%G#y"
"helena.agates@edu.tbz.ch"|"ZF65Sx-5dwxV@-GFRadf"
"therese.glass@edu.tbz.ch"|"#mAIZK-oIa8DN-%T#nQk"
"alois.foan@edu.tbz.ch"|"1a%6UB-BKpHt1-5WfYWx"
"becassine.melchior@edu.tbz.ch"|"vAuMRd-3&U$zB-0q85cA"
"cloe.robart@edu.tbz.ch"|"Q5car6-nzQw%n-AAB9wu"
"daniele.puckinghorne@edu.tbz.ch"|"pv26dB-HtBtY8-@ujyEY"
"selene.cammidge@edu.tbz.ch"|"2r70dl-H&$AXe-ExQ3tH"
"regine.conochie@edu.tbz.ch"|"WNtB1$-zcbemP-f9i4tj"
"interessant.tuiller@edu.tbz.ch"|"fIK$db-XB%Td$-YLMO8P"
"long.tiebe@edu.tbz.ch"|"loR3&y-&Rn8Cs-9UVLbK"
"mans.yele@edu.tbz.ch"|"4sSAAq-4VfKC9-X&IcHk"
"ai.giles@edu.tbz.ch"|"QAi5o9-2zlC0q-gM5mPG"
"gaetane.hamberston@edu.tbz.ch"|"cN8i7w-fC#p5X-$Ee7@e"
"marylene.fenix@edu.tbz.ch"|"#BkqeB-rubBJC-Exqf1L"
"geraldine.graeme@edu.tbz.ch"|"kQJpip-plHVRg-YCsh@Q"
"tang.kinglake@edu.tbz.ch"|"98f$Y9-Q4LA9$-NAw7ki"
"lai.challoner@edu.tbz.ch"|"&Tbf%d-ObRMkc-K@fxfS"
"desiree.mattei@edu.tbz.ch"|"fdv9$4-I0N6uX-8RUr5Y"
"ake.erley@edu.tbz.ch"|"hCs8H#-O6TKZX-hEDBd&"
"edmee.cavil@edu.tbz.ch"|"6dHq4T-&ZUCAQ-VDcOnD"
"alois.moyes@edu.tbz.ch"|"jsR&50-5PXJ3D-e2qzTP"
"becassine.pitman@edu.tbz.ch"|"kkJIxT-10oOGE-f4wBlx"
"ai.giacovelli@edu.tbz.ch"|"zBE54f-vw@lZg-0WeKJv"
"judicael.fruchter@edu.tbz.ch"|"a&Sz5$-pf6R3r-2&guRU"
"mans.mogg@edu.tbz.ch"|"0275de-9H&meM-3w%zlL"
"gerald.foyle@edu.tbz.ch"|"t7AjUv-2H$4Oh-7nyzcS"
"wa.androletti@edu.tbz.ch"|"KMhCe0-eMHFE3-TaU6kd"
"meng.ollett@edu.tbz.ch"|"e9CfpI-D5bNwf-RuFbG8"
"naelle.macmenamy@edu.tbz.ch"|"LhAwME-Nu6J0B-CXXFpk"
"gisele.mcramsey@edu.tbz.ch"|"uz25OI-vGU#Qe-TL1Tgo"
"meryl.scolts@edu.tbz.ch"|"0CIR8b-jnhpT2-aP89q9"
"celia.bloxsome@edu.tbz.ch"|"2v&qb&-py#nYk-DXVa5o"
"styrbjoern.stuke@edu.tbz.ch"|"okY$IL-GmNw7T-e%&xDP"
"felicie.gwilliam@edu.tbz.ch"|"Gnyhpv-8@u23s-H5pRQI"
"da.harms@edu.tbz.ch"|"mSUnbx-6JH@2w-25wfOr"
"celestine.baulk@edu.tbz.ch"|"#6O3N%-L4OkPs-dcfbL4"
"mahelie.blackledge@edu.tbz.ch"|"WPUXA2-ncO%YQ-Gpdh5f"
"meghane.salt@edu.tbz.ch"|"cQ3WNx-VCBcje-oCjHgE"
"methode.paxeford@edu.tbz.ch"|"1eklJ$-U1NMaD-Iaj9Gk"
"asloeg.milligan@edu.tbz.ch"|"lrSr$v-w2ZK1v-@m&Kol"
"you.pellman@edu.tbz.ch"|"GeS$jC-KwetD3-qiUon1"
"loic.regenhardt@edu.tbz.ch"|"qHIx@L-WGOl@F-vj#QI#"
"daniele.savill@edu.tbz.ch"|"UEe&sm-@ve33Q-q%01kN"
"alois.cornu@edu.tbz.ch"|"w2Rkmn-kRn#03-EKM2QH"
"oesten.govey@edu.tbz.ch"|"$1AfsF-YOv9s9-5SLyUV"
"marie-eve.louch@edu.tbz.ch"|"JB9l&v-N8wf$c-sPq3sp"
"theresa.wenn@edu.tbz.ch"|"1T%kXV-fVai0b-n1wXXn"
"andree.eul@edu.tbz.ch"|"qVG5Fa-4aEk@u-1tRHr7"
"lie.paynton@edu.tbz.ch"|"Rl&wNX-rebh00-HQs%T5"
"marie-eve.girodier@edu.tbz.ch"|"Mecy3G-&W%&y#-1SLV6w"
"marie-noel.smithe@edu.tbz.ch"|"tm9xXX-GJX1AY-yKNO4M"
"men.bootyman@edu.tbz.ch"|"@BP1vj-3lDHjl-1MY0Et"
"ku.sugg@edu.tbz.ch"|"mo4Xo5-UqpX2B-1aw@R6"
"lucrece.roseman@edu.tbz.ch"|"2dCw%q-Z$cez$-YprBQ2"
"zoe.annear@edu.tbz.ch"|"oKA&zF-zuK3V9-iOC6rR"
"marie-helene.rennebach@edu.tbz.ch"|"l1#mqk-4S5J4E-cnLuiH"
"lea.djurdjevic@edu.tbz.ch"|"ZJy6ic-#@&btl-r#VNxM"
"goerel.robert@edu.tbz.ch"|"WqFqlj-wg8#2y-f9FBV6"
"mylene.foldes@edu.tbz.ch"|"jZr$M&-cV%Y0#-2tLPFm"
"faites.clegg@edu.tbz.ch"|"&6R%F%-ft6zpk-5zvKZm"
"marylene.crowcher@edu.tbz.ch"|"f@Fddm-5yhKoC-spLbdb"
"aimee.wimpeney@edu.tbz.ch"|"1D4GDO-hG%Bml-0IA$kl"
"renee.atkins@edu.tbz.ch"|"d4%P%Q-X0HECw-HRgocA"
"rejane.cainey@edu.tbz.ch"|"7tvaTE-lWf4q9-DSGkki"
"solene.britney@edu.tbz.ch"|"4PyOz%-zgPAAx-tWTCV1"
"marten.shatliffe@edu.tbz.ch"|"YKt@cF-mKBhEG-fNdjMi"
"maite.issatt@edu.tbz.ch"|"ak$RZB-1Y2&HY-3zLhkK"
"maelyss.edon@edu.tbz.ch"|"#YQNXB-gj#&uK-Gmclfn"
"nuo.bamling@edu.tbz.ch"|"VbGlPt-qz%2sG-gHVqm#"
"anais.edards@edu.tbz.ch"|"9Ml8s8-Kichio-NzI#XP"
"mediamass.bromet@edu.tbz.ch"|"vq1xzt-fRTuN2-ZZyDEU"
"beatrice.kimbrey@edu.tbz.ch"|"xu7IXF-sO6A$U-7Ai97@"
"ines.lawranson@edu.tbz.ch"|"5Q5ZGn-h2Ss9@-s4Z7o5"
"kalliste.scandroot@edu.tbz.ch"|"hKhOGU-xCOnoX-C9PiRJ"
"mans.barrowcliffe@edu.tbz.ch"|"bWLq@n-I&RmQN-37mNIx"
"irene.couves@edu.tbz.ch"|"Q6jGI$-mu&jfX-ho78MB"
"milena.mucci@edu.tbz.ch"|"rn7ug6-2k4AwH-62SWcS"
"naeva.cow@edu.tbz.ch"|"SJf43K-1jdXgN-Dfeze%"
"audreanne.mournian@edu.tbz.ch"|"rvmOJT-u1fT0B-pbP4CC"
"melia.sinnatt@edu.tbz.ch"|"eb%KsA-%%7G5m-IbkVux"
"nelie.burnard@edu.tbz.ch"|"%VXHXE-PEI$&4-Gyvw&7"
"clelia.ashfull@edu.tbz.ch"|"qz5JDn-Nmx0yt-2C8Ido"
"lie.macard@edu.tbz.ch"|"XJV$sE-qX1W$G-1wG&R@"
"valerie.matoshin@edu.tbz.ch"|"5CigDB-3oxMK8-CWYvx1"
"anael.hatherleigh@edu.tbz.ch"|"2YEO$Z-##Yvml-pWP3SH"
"interessant.warratt@edu.tbz.ch"|"9Un$&5-Qz0#cq-O7QdAE"
"eleonore.volage@edu.tbz.ch"|"sq$FAl-tQNpzz-XvL78R"
"zoe.stebbing@edu.tbz.ch"|"2tcZ7R-QeFqY5-P1E3ID"
"alizee.nye@edu.tbz.ch"|"&Cap&F-p%TOnz-r6Vizo"
"celestine.bramley@edu.tbz.ch"|"19t2xs-WzdH%g-q$cT4U"
"selene.philcott@edu.tbz.ch"|"7Y6H6D-M34KT4-Hvl4DW"
"tang.newens@edu.tbz.ch"|"kpAX1P-rGpD3F-C@a3Ir"
"annotes.powys@edu.tbz.ch"|"A5iq@O-saD8qm-T6TDNJ"
"lea.matthesius@edu.tbz.ch"|"uuI@@d-KOJLEp-8gdG3w"
"illustree.garlett@edu.tbz.ch"|"lM2LTR-DA66ZE-VEcEY9"
"maiwenn.meachem@edu.tbz.ch"|"jUBOzs-XYtJfp-Z6o$w1"
"marie-francoise.mcbrady@edu.tbz.ch"|"hyvplz-#6AYDa-Zd%Xkd"
"illustree.gimbart@edu.tbz.ch"|"6BRm95-n6nljt-NCR7J5"
"melys.lyosik@edu.tbz.ch"|"kGX#lj-0@s#T5-NruR3E"
"marylene.mcnab@edu.tbz.ch"|"azgnG5-lKTXcO-Ha6VXq"
"gerald.blount@edu.tbz.ch"|"#O$oxe-UtM&8G-Eh40Gc"
"clelia.shakelade@edu.tbz.ch"|"VeSGjw-o5DCvf-V8h@zB"
"penelope.cridlin@edu.tbz.ch"|"pPEzT1-YbzDcS-gjVKcM"
"maena.okuddyhy@edu.tbz.ch"|"r6Q#Vj-vIQdmN-KoofmI"
"athena.keynd@edu.tbz.ch"|"HBXtgt-R2ezZF-$XoJY$"
"cloe.dwine@edu.tbz.ch"|"$@0ZEw-FVmkGn-KboZBz"
"josephine.browett@edu.tbz.ch"|"p%fXez-ANAI8H-ovMuV%"
"audreanne.oscanlon@edu.tbz.ch"|"V7k%4n-o28S5%-eoWl$0"
"fei.jeanequin@edu.tbz.ch"|"MTSYCi-QsGmZT-eRaMeI"
"lois.gormally@edu.tbz.ch"|"j3WpfO-#6pQ6o-hqJ3VB"
"marie-francoise.finnigan@edu.tbz.ch"|"PR0k8&-Oi5lCC-#GD&8T"
"leonore.trussman@edu.tbz.ch"|"&omj1Y-kITjyT-nurGw4"
"anaelle.trumper@edu.tbz.ch"|"qQH@lv-dB9XOO-kRB51J"
"clemence.dionis@edu.tbz.ch"|"oJg04u-Tbk4b8-fZBSoT"
"lois.tranmer@edu.tbz.ch"|"Gwivk2-BBpoD@-Crrf#z"
"interessant.volett@edu.tbz.ch"|"VrFtfF-viMzPF-K1g4LD"
"personnalisee.deackes@edu.tbz.ch"|"tyCXHZ-hXh7l7-Um6vpi"
"lie.vasiliu@edu.tbz.ch"|"ZU4wo$-kmaWSw-aVDLth"
"dafnee.lamputt@edu.tbz.ch"|"R9GF7Z-Mts#vY-ytydX@"
"elies.bromige@edu.tbz.ch"|"34iqaM-2mW#tR-9FeNGI"
"helena.klosser@edu.tbz.ch"|"2ysTJH-M#lXMs-w3Un1d"
"andree.grim@edu.tbz.ch"|"9EjIV5-p@7&3j-QDz$ga"
"verane.coldbath@edu.tbz.ch"|"mJiNtX-WjHW&&-v%NBDR"
"helena.bethell@edu.tbz.ch"|"sRMEZV-mWWpMY-7#iULW"
"kalliste.carefull@edu.tbz.ch"|"yvH#J@-7r$QkK-MhgPjg"
"regine.odams@edu.tbz.ch"|"RTThHD-l4U4pL-q@XqLn"
"len.stannus@edu.tbz.ch"|"Zgj985-sx0Enc-snmrte"
"angelique.works@edu.tbz.ch"|"GS8%Se-77UtT5-9JEK1v"
"goesta.rheaume@edu.tbz.ch"|"XDBydF-3n4L5L-xn$agI"
"maelys.tynnan@edu.tbz.ch"|"Jh5k0f-JJTg1C-2OKdkz"
"maelle.carlesi@edu.tbz.ch"|"Un8bI%-&$u&P&-Xqv&EO"
"anael.spurden@edu.tbz.ch"|"Q9F&Ij-UFIt8P-@yNbRQ"
"helene.pumfrett@edu.tbz.ch"|"MyAP#i-#VF7n6-&I#GlJ"
"goerel.pearn@edu.tbz.ch"|"YSlTEX-sxTefj-D$QYOO"
"laurelie.dezamora@edu.tbz.ch"|"fsu9rL-lpLv8&-q7Uay2"
"yao.twidale@edu.tbz.ch"|"PUZp$w-ViEwCp-a3JTuU"
"berengere.sola@edu.tbz.ch"|"SMjG%A-F&3aLJ-pEOfUZ"
"maelann.hardistry@edu.tbz.ch"|"uQdRI3-l@T7%V-g4&bC6"
"severine.littlefield@edu.tbz.ch"|"DSQNXK-e52c1B-a&TX&%"
"salome.heinl@edu.tbz.ch"|"JH59IO-ASKM9G-B%WKe@"
"meryl.warbey@edu.tbz.ch"|"hUNhUT-lFqMOR-my1ZeH"
"da.hunstone@edu.tbz.ch"|"3AWsgZ-Rvikx8-u9s#SQ"
"venus.broadbury@edu.tbz.ch"|"NXEAB2-G0mLGe-i&1XSG"
"meghane.rentelll@edu.tbz.ch"|"myl5qU-0KDvuo-GN94EZ"
"marylene.drewitt@edu.tbz.ch"|"UfdG8B-G$d&#Y-KrrT04"
"melinda.jacquemet@edu.tbz.ch"|"##Nq4A-aG8e&Z-q%V4pK"
"marie-josee.keyden@edu.tbz.ch"|"BwDLtN-TbM$Jh-Gwhiv@"
"asloeg.montacute@edu.tbz.ch"|"2sEbeO-T4GUJn-qyy65W"
"ku.andreou@edu.tbz.ch"|"sfjnQW-894BS&-nCvm84"
"personnalisee.feaveer@edu.tbz.ch"|"zh0R45-wRiO$K-TduMd1"
"laila.emptage@edu.tbz.ch"|"nnDegQ-0pm0Zo-#5xUAJ"
"bjoern.dawdry@edu.tbz.ch"|"cA6190-VRaUAK-LUxROp"
"marie-eve.dinsell@edu.tbz.ch"|"D414YQ-9Xunk2-SGFAQx"
"helene.follett@edu.tbz.ch"|"L93dyf-dE7M#o-Cp8drS"
"penelope.cordero@edu.tbz.ch"|"Ir19sr-ND#tHn-CAgbDi"
"boerje.beedell@edu.tbz.ch"|"rZ41nl-FmhGHo-isr@uU"
"nelie.ferne@edu.tbz.ch"|"1AkcCl-6#xlB4-Dd9VjW"
"celine.ahmed@edu.tbz.ch"|"m%7L0@-rEpF4y-CA6lmB"
"stevina.pimblett@edu.tbz.ch"|"cTF4mf-icSmM5-JInFZ$"
"chloe.langlands@edu.tbz.ch"|"zl$xX3-WK$&JP-ZhntMS"
"simplifies.maude@edu.tbz.ch"|"N2NRgq-Hs8@RE-KSXVzB"
"genevieve.decarteret@edu.tbz.ch"|"YTFgul-vDwwNb-%Z&T6u"
"marylene.mughal@edu.tbz.ch"|"A0tWDP-iNK%40-QmP5H6"
"goeran.guttridge@edu.tbz.ch"|"%zFUhK-xXXUI9-dPpZvX"
"michele.smurfitt@edu.tbz.ch"|"sM#PXx-j22X7q-3o3NLg"
"methode.hadeke@edu.tbz.ch"|"3PTGXD-QvyHeY-Fp@y40"
"therese.rispine@edu.tbz.ch"|"Db8XNY-wsMv3H-GK#isP"
"goerel.plumley@edu.tbz.ch"|"4wxP@#-AxcyuF-J#cmJk"
"oceane.friett@edu.tbz.ch"|"Yzh8Pa-7%Z%G@-lZJx9p"
"marie-noel.achromov@edu.tbz.ch"|"CiOGIe-gz%1$m-oUHG19"
"dorothee.storek@edu.tbz.ch"|"mAQDcJ-&0hWF8-QTITrY"
"goesta.whittle@edu.tbz.ch"|"cRHt8I-umVv9N-RKmxqG"
"desiree.casely@edu.tbz.ch"|"VuuCF1-v7d%$l-NwBTei"
"felicie.condon@edu.tbz.ch"|"YWeADD-#EEn$D-JnWBmt"
"maelyss.frisdick@edu.tbz.ch"|"n99dnM-DkhQ@a-HB#R0R"
"aimee.banke@edu.tbz.ch"|"yiGK5D-jhj1Xs-S%MqBq"
"naeva.hodcroft@edu.tbz.ch"|"8#$gqU-zDdtz7-UDE@Kg"
"laila.gerrans@edu.tbz.ch"|"X1MOBK-fRBYac-qd&JWZ"
"daniele.scrimshire@edu.tbz.ch"|"TLPRz%-bwbAqi-sJ3boA"
"daphnee.sheerin@edu.tbz.ch"|"Qrc&7Y-y%RTUX-HBlHjj"
"pal.vanyukov@edu.tbz.ch"|"TA3ApA-LhM@j#-dJ#Z7Q"
"zoe.childs@edu.tbz.ch"|"7duYKv-tgNJAk-zCEY3v"
"ai.corde@edu.tbz.ch"|"dR&tSs-$9ShR0-qs#S49"
"maelys.berryann@edu.tbz.ch"|"jDA2oP-WqSYUW-4VAmCI"
"cloe.gladding@edu.tbz.ch"|"hlo24d-3ObCv5-HSqDaA"
"wa.kinnaird@edu.tbz.ch"|"HP3@7n-eFEERI-2UI%8Y"
"publicite.brittoner@edu.tbz.ch"|"KbWZtG-8hVNIj-OloHxJ"
"rao.windress@edu.tbz.ch"|"5d1EZP-cu6PyR-J75lPZ"
"uo.kollach@edu.tbz.ch"|"VXWBWH-Gd8nZc-EfL3bi"
"josee.peskett@edu.tbz.ch"|"EGVgXY-00oGS1-yU2Hq$"
"annotee.hasel@edu.tbz.ch"|"$lP6Pb-dKC%8O-aG2IV9"
"cinema.lee@edu.tbz.ch"|"iQYQgK-iLVnbH-t#84Ls"
"lai.vedeshkin@edu.tbz.ch"|"VHJgtm-qJTa#l-vyTc4U"
"renee.brisbane@edu.tbz.ch"|"1x63jK-UHJw#9-p8GIuV"
"ophelie.blincoe@edu.tbz.ch"|"rlIU$A-oRKF&2-QwnIug"
"zhi.prazor@edu.tbz.ch"|"m4HeCg-5phUH$-03SF&@"
"annotee.maddicks@edu.tbz.ch"|"9ybdK9-q@FKxQ-4JiU$t"
"maelyss.codd@edu.tbz.ch"|"w58qoD-4sH&N@-7zQWJh"
"celia.peplay@edu.tbz.ch"|"s#zYTK-XsnW46-yOaso@"
"interessant.skone@edu.tbz.ch"|"eALDXd-iLYjfX-NM2xcg"
"audreanne.hebdon@edu.tbz.ch"|"umsfW4-BULVi&-OVAQvn"
"oceane.glen@edu.tbz.ch"|"va39CZ-sqnnzG-Dkuts$"
"daniele.vanyushkin@edu.tbz.ch"|"EX4DoQ-FBzQFL-lJPP0V"
"daphnee.ayce@edu.tbz.ch"|"x90MDY-Cf2tc9-#jcXC2"
"andrea.attride@edu.tbz.ch"|"Kn4NVG-utu&T4-sEYBLb"
"penelope.bridgwood@edu.tbz.ch"|"Hacqio-#0eg$q-33YyHG"
"mailis.drewitt@edu.tbz.ch"|"j0FxQq-$RP#X#-ZJgF@Q"
"penelope.mollene@edu.tbz.ch"|"1XHxGd-T#fNV8-DkionV"
"illustree.keely@edu.tbz.ch"|"aGSw2%-lUsGVg-9C8owA"
"meng.brisseau@edu.tbz.ch"|"#NF%n8-dNq@be-qKSPFe"
"ruo.cleiment@edu.tbz.ch"|"F&kDtb-Z9OVyZ-#pNeWY"
"maite.krammer@edu.tbz.ch"|"qA6fNo-6orIEF-&SeVmD"
"genevieve.verry@edu.tbz.ch"|"QGtIgg-O1Eq2h-FJGcom"
"lea.olochan@edu.tbz.ch"|"mKdeMw-5rR3j3-&&#yR4"
"naelle.brunnen@edu.tbz.ch"|"nzSXNn-aSTA8o-&kF&@$"
"goesta.bragginton@edu.tbz.ch"|"Z4B4aB-zln5@A-x0JPK1"
"fei.danilyuk@edu.tbz.ch"|"Tc&wLf-9c$FmG-&E433E"
"adelie.turbitt@edu.tbz.ch"|"I@V5km-HKXfQI-YC1X$N"
"marylene.nutman@edu.tbz.ch"|"#J9Y4L-juKGHz-mTCYLT"
"therese.barbrick@edu.tbz.ch"|"hbgBW2-ERl0Af-bX%5Ib"
"melys.kolodziej@edu.tbz.ch"|"Pn$sTV-4ln1zl-O7&wIi"
"melanie.runchman@edu.tbz.ch"|"k8ztE3-O4U@4P-bTh5uJ"
"serena.lafond@edu.tbz.ch"|"z$Fu65-CIVulC-W3GFYp"
"pelagie.desmond@edu.tbz.ch"|"N#BFYP-QNnDJQ-UUf0wf"
"wa.spickett@edu.tbz.ch"|"ZVTdjC-r#QYhV-IbKu9m"
"po.shave@edu.tbz.ch"|"BVrZ0m-Li3X4l-m1cT@g"
"song.huikerby@edu.tbz.ch"|"JDkR#m-svr6wo-6rYwUA"
"melinda.bimson@edu.tbz.ch"|"hQsbO7-BJOOAD-oeRVQy"
"personnalisee.toffanelli@edu.tbz.ch"|"SPhZ$4-HW7dBB-UydceK"
"leandre.hurn@edu.tbz.ch"|"hUYQn$-KfV3SL-T@PL@Z"
"oesten.standell@edu.tbz.ch"|"zuqNBE-63jgXu-ziitem"
"naelle.smaleman@edu.tbz.ch"|"UtL#wP-4qf9jG-dgH8T%"
"berenice.tayt@edu.tbz.ch"|"3@qVgU-y9tD@k-5v$#kk"
"kui.popplewell@edu.tbz.ch"|"8Es1Gu-Qzd%pm-I#UM7P"
"melodie.ferandez@edu.tbz.ch"|"mt4w%@-FoTvRs-b0uz#9"
"josee.negal@edu.tbz.ch"|"#hnqME-OYtcN6-QBH#ao"
"melissandre.ferrelli@edu.tbz.ch"|"dejOUd-0jzBGN-pkAcdc"
"josephine.kemmer@edu.tbz.ch"|"GObLlr-7IUehJ-sgZNOm"
"maely.cayette@edu.tbz.ch"|"jxgPuT-&ZcZ2q-lgnDSa"
"nelie.vela@edu.tbz.ch"|"1G#7Wd-MlkMGH-mC0nhY"
"melina.cortes@edu.tbz.ch"|"to2XnW-6PXiEx-iSzggD"
"megane.leyshon@edu.tbz.ch"|"&ybuZg-HwhH&0-&g$35g"
"regine.harrie@edu.tbz.ch"|"vcdj&o-jpCRXC-yKuo8Y"
"mylene.widdison@edu.tbz.ch"|"f4MeoL-@qWXW5-6czswW"
"pelagie.vivash@edu.tbz.ch"|"TBS@&X-2umGaq-sERJye"
"styrbjoern.vicarey@edu.tbz.ch"|"4UhYT6-GWdyhA-m&LHGK"
"long.kyles@edu.tbz.ch"|"7S$Fl#-XPxGgA-UZQjDY"
"stephanie.gipps@edu.tbz.ch"|"V5ZF81-x8QNUH-QsJN0A"
"clea.constantine@edu.tbz.ch"|"yjX95h-Xp13op-iInklG"
"maella.cometto@edu.tbz.ch"|"DFLo8I-tq2Tv6-fTBSzh"
"laila.aubrun@edu.tbz.ch"|"nj3B7u-%AqMQV-X9#Z4o"
"yao.austins@edu.tbz.ch"|"RSLKU1-Lu2tgW-NiGDMm"
"mailys.rylstone@edu.tbz.ch"|"7Z5R7f-JkbW@x-O4pogH"
"adelie.curuclis@edu.tbz.ch"|"q6d@&O-2g@93V-QmFCf%"
"celine.longhurst@edu.tbz.ch"|"Bn#MF6-wF6znE-vBPtzu"
"gisele.hazell@edu.tbz.ch"|"O@bj81-$vAXn1-Thy3tP"
"celestine.ciccone@edu.tbz.ch"|"rqCjas-TorDSS-kI$9%x"
"maelyss.doole@edu.tbz.ch"|"pQubng-ksOUqZ-%ppCuE"
"helene.grimsdike@edu.tbz.ch"|"LnAY%H-jX0hra-OXN$kC"
"lie.macer@edu.tbz.ch"|"Svx$vn-D2x8TV-zPOds1"
"maely.izard@edu.tbz.ch"|"A0Yasa-kUfU8W-#F7b8J"
"erwei.breewood@edu.tbz.ch"|"r4vVsB-gqk2Io-jaATc%"
"chloe.woolford@edu.tbz.ch"|"otr1R5-9zLTy$-#0hUol"
"cleopatre.turpin@edu.tbz.ch"|"@yt@h0-1$BrMJ-#ID95f"
"melodie.surgison@edu.tbz.ch"|"PK4Utg-aI7lzL-@fzpC3"
"elies.leander@edu.tbz.ch"|"FzaQvj-QJNgUw-f9T#Dy"
"mediamass.reignould@edu.tbz.ch"|"@GH1IY-4Y1z9t-eX2ddF"
"celestine.wasmuth@edu.tbz.ch"|"I%UmWA-3ATiy&-Oy1Ut3"
"marten.jervis@edu.tbz.ch"|"QoMT4a-NW%QiI-vBbLfL"
"daphnee.bour@edu.tbz.ch"|"6u3l8M-LbPOi9-i@X2xd"
"regine.harlett@edu.tbz.ch"|"%ISeoR-nboUuR-&1JKqF"
"noemie.macaskie@edu.tbz.ch"|"wSzE8V-DLGw9F-@8&@Xc"
"loic.renfield@edu.tbz.ch"|"RpTeEC-wQT3CI-DUzJTD"
"venus.kleinert@edu.tbz.ch"|"24vAGe-K@Nmit-o8GkG6"
"marten.burlay@edu.tbz.ch"|"sn2IZ@-SOlrol-jCJ#pU"
"berengere.radsdale@edu.tbz.ch"|"XaYW5o-XwSPlp-0@jEj%"
"genevieve.duckit@edu.tbz.ch"|"YkBe4#-EN9UFK-2m#T5y"
"maely.ligerton@edu.tbz.ch"|"NgWCEJ-eFdRyh-YbJ9fF"
"maeline.ricciardelli@edu.tbz.ch"|"cM9UAY-9lOQty-pewO&B"
"personnalisee.yggo@edu.tbz.ch"|"8xrB9L-un%ovJ-bTMFmp"
"alizee.pettinger@edu.tbz.ch"|"D$x1lt-qu3@@E-RVE4S@"
"desiree.curnnokk@edu.tbz.ch"|"G4RQWF-zWOubb-uZvgZy"
"dorothee.minors@edu.tbz.ch"|"F%rkl1-La#GVb-N$IH4g"
"oceanne.kopmann@edu.tbz.ch"|"odYyiN-OUyFJL-0bulGc"
"almerinda.brodbin@edu.tbz.ch"|"vIyz79-H0C4Ck-0sDk&C"
"yenora.carsberg@edu.tbz.ch"|"q0#iUj-q0OVJf-RtpXXo"
"wa.beetles@edu.tbz.ch"|"%4&JS9-sN6o0D-oP6mzQ"
"audreanne.abbot@edu.tbz.ch"|"FWjEnj-sseOQr-DZgR%L"
"noemie.capper@edu.tbz.ch"|"kJHJ0#-8Y$wd0-rDSxOq"
"mans.abramamov@edu.tbz.ch"|"@i&srY-CjKW5f-uJ1lw7"
"audreanne.blakey@edu.tbz.ch"|"Fgj9p7-RzS#Ee-ZcPdjO"
"leone.klimpke@edu.tbz.ch"|"fPN7yi-7mtbkv-2ouR7x"
"lie.croston@edu.tbz.ch"|"Wostaf-8iIb%U-vUGf1r"
"anaelle.baistow@edu.tbz.ch"|"rfmeKN-hPUua$-JWvjJP"
"michele.garwood@edu.tbz.ch"|"P34QLR-Z2KJDL-h1sbTn"
"interessant.albion@edu.tbz.ch"|"E&u3Fw-TXBudW-d#JteF"
"andre.brisco@edu.tbz.ch"|"ZoGMq1-V@68yI-Jz#f64"
"tang.totterdill@edu.tbz.ch"|"1afcGc-d7d7L5-RTcdz0"
"marie-josee.braundt@edu.tbz.ch"|"0p7NTG-5zDzYC-PemjHe"
"lois.galer@edu.tbz.ch"|"We@gbO-20#YTe-m7u6gC"
"faites.pellamonuten@edu.tbz.ch"|"25I9wV-IN6JVS-SePOhc"
"mai.barfford@edu.tbz.ch"|"qKCsXm-OU#gW1-F4NUB1"
"laurene.macilory@edu.tbz.ch"|"Hcmw0d-3Kicz&-QUX6It"
"elea.peak@edu.tbz.ch"|"2P%kiN-QxPa$9-WSvCT0"
"rejane.doni@edu.tbz.ch"|"4aeM0w-bwIGqO-AwxKKx"
"mahelie.ector@edu.tbz.ch"|"YGl#S4-ozHbzL-9aWKfb"
"rachele.allum@edu.tbz.ch"|"QaLGAc-NGu8Mw-qIl&YF"
"laila.gerretsen@edu.tbz.ch"|"@MjXni-yu&ems-nLJNTx"
"ines.bowman@edu.tbz.ch"|"jdE&Wj-ecpkrw-nqPrSU"
"publicite.barbary@edu.tbz.ch"|"b$H8xR-Vb@H5R-6M6QVe"
"mailys.smooth@edu.tbz.ch"|"T%KbOz-7D5wO5-OuKyEK"
"mailis.huguenet@edu.tbz.ch"|"Y0C&JK-JCbCzN-9UKBfS"
"lea.ewer@edu.tbz.ch"|"tQVu6B-dWlHQw-Nprozb"
