"email"|"password"
"melodie.vandervlies@edu.tbz.ch"|"&f4iEd-XVln77-tnOSG3"
"angele.edgecumbe@edu.tbz.ch"|"2O5k86-JtSX#N-MosMhz"
"zhi.andreasson@edu.tbz.ch"|"IuTJWA-J&R9Bo-YhgZxM"
"judicael.koppeck@edu.tbz.ch"|"$E4FJS-rf@dLJ-NJMFU7"
"berengere.capron@edu.tbz.ch"|"pUOfC8-gZc1Ty-yTLWYc"
"leonie.brosini@edu.tbz.ch"|"JkxGf6-hMcvK8-idfJUn"
"venus.garfit@edu.tbz.ch"|"abqB$f-q%&IvE-i$zfcl"
"melina.janota@edu.tbz.ch"|"$58wim-0#SXnR-Cfa%La"
"laurene.bake@edu.tbz.ch"|"bdZ%S9-miJb%G-BrYRcn"
"regine.dorkins@edu.tbz.ch"|"ptnOfa-LJGZAL-38B%BH"
"cecile.moffet@edu.tbz.ch"|"ETPOGF-mgQwmS-pkkLrm"
"maelann.labrone@edu.tbz.ch"|"MQmXih-aa#eLF-6Pmtan"
"melinda.newbold@edu.tbz.ch"|"eojY1W-B#tIi7-2wQnxR"
"mans.itzhak@edu.tbz.ch"|"j&8A8r-QafkiU-mqrwoT"
"melodie.pattlel@edu.tbz.ch"|"1&RqVj-AcpHhQ-G83vz4"
"celine.bonett@edu.tbz.ch"|"P0V1TN-6lVOtW-O0#X2K"
"adelie.mcgreal@edu.tbz.ch"|"3x2pC%-wQ91Q%-xaumNI"
"helene.soldan@edu.tbz.ch"|"Kh$rQw-DLP3lq-B3pJkb"
"michele.cluer@edu.tbz.ch"|"KOmfTY-aGaH3C-HyQ09$"
"maeline.mueller@edu.tbz.ch"|"T8jk1b-N17pDm-GiBY76"
"maelann.benedito@edu.tbz.ch"|"l2%8yL-QW4GHo-zzw8ax"
"nuo.gransden@edu.tbz.ch"|"GcLwzk-Ggue@b-1B$Ha9"
"berengere.stainton@edu.tbz.ch"|"o%Ye8q-jpxB3T-mQ6@9J"
"wa.sabater@edu.tbz.ch"|"XPJfaF-MvhdlN-HOCyUV"
"anais.cochran@edu.tbz.ch"|"Vw$pRU-NjfWj#-3#fXfp"
"gerald.bessant@edu.tbz.ch"|"BYqghA-NMdjM1-7NBDSr"
"ruo.coffin@edu.tbz.ch"|"BBuVJk-7xy%E1-SgQARv"
"melodie.mustill@edu.tbz.ch"|"7WoXl5-nOPvis-Ulu%8O"
"ruo.stanesby@edu.tbz.ch"|"P30ilm-ltVMoH-i1DOFp"
"noemie.antognelli@edu.tbz.ch"|"1r9SUM-LNZMRP-0K1Ecf"
"maelann.hughson@edu.tbz.ch"|"V#D1#B-PTG6aF-yB8BNu"
"milena.mieville@edu.tbz.ch"|"E8VeVT-%MM7ys-dHG2#e"
"mailys.chamberlin@edu.tbz.ch"|"1O8bJe-lRgP60-Z2OCwZ"
"nadege.tomalin@edu.tbz.ch"|"Gzw64p-ubqMz9-7nwSiH"
"oceane.omara@edu.tbz.ch"|"7lC6tt-Fx7%g7-TpkYkv"
"cecile.aguirrezabala@edu.tbz.ch"|"dj6$Jj-Vcsf&J-I$dtHA"
"maella.gwillim@edu.tbz.ch"|"&yodJW-JlMhy&-2sL48u"
"lea.mcgahey@edu.tbz.ch"|"BM1n&8-rZeo4$-oKW03Y"
"laurene.hagerty@edu.tbz.ch"|"HUsDp@-86gqPY-#arBNi"
"dorothee.link@edu.tbz.ch"|"QxuP8$-sgKpfC-utXO23"
"clementine.kynsey@edu.tbz.ch"|"cnNHVA-Im#F3o-Khkk4a"
"lorene.smitherman@edu.tbz.ch"|"znmFvF-6Qyo0i-ZWIMFt"
"cleopatre.klulicek@edu.tbz.ch"|"Gn3ohF-jVc8X3-c7FXgd"
"laurene.castaneda@edu.tbz.ch"|"E9#nWd-apN4O%-K29cNC"
"melia.constant@edu.tbz.ch"|"b1g#@C-4QS5cZ-Nxldsh"
"lucrece.clunie@edu.tbz.ch"|"7Pq0JR-U78kSI-qiCR0i"
"eleonore.mcmurthy@edu.tbz.ch"|"nrAN1$-r2nOef-G2dw%Z"
"melia.bevar@edu.tbz.ch"|"h9Rpg4-l3GOWp-ZFTSky"
"camelia.bontine@edu.tbz.ch"|"Rxxgm1-nk7SA%-HJaetf"
"methode.jozefczak@edu.tbz.ch"|"CiJO52-ZLRNuz-XE%ww2"
"audreanne.hinsche@edu.tbz.ch"|"Fv4RqL-57E%g%-Hf2TLU"
"andree.varne@edu.tbz.ch"|"nTTbBn-16fGpW-lEH6&O"
"marten.kinleyside@edu.tbz.ch"|"$nLOEO-jSs@W$-ejE@Nn"
"esteve.mcewan@edu.tbz.ch"|"zdeOMb-QjVfZ$-K&S@KB"
"leane.dibbert@edu.tbz.ch"|"TYg8DR-x6qFRn-@sL#vl"
"ma.thewlis@edu.tbz.ch"|"%4U1v&-90uYa9-%nSiLa"
"clea.djurkovic@edu.tbz.ch"|"vPKlah-Zi5Cqy-yzrB&a"
"rachele.reburn@edu.tbz.ch"|"n9USIS-4eQHT4-F1IOKk"
"gerald.gowling@edu.tbz.ch"|"VSE@wu-2DqjyR-%n9L2b"
"cleopatre.jackson@edu.tbz.ch"|"khmEwN-zc%oTF-AIivPw"
"desiree.haskins@edu.tbz.ch"|"Pzvmf@-dShn0u-YrkKp%"
"eleonore.longson@edu.tbz.ch"|"rwFOc0-ZC@eQm-BYwcfG"
"leane.dybell@edu.tbz.ch"|"BOQEKV-&2d6Bk-#8uRXb"
"becassine.grzesiak@edu.tbz.ch"|"bMpdyF-jwFhbb-En0434"
"marie-josee.pickin@edu.tbz.ch"|"pYzi$&-OH@oWN-%bTtnW"
"marie-josee.roxby@edu.tbz.ch"|"rZsD9&-dcAM$$-&Z#3A6"
"leonie.feenan@edu.tbz.ch"|"w1i0Ck-mt&EF7-uf$Ae8"
"valerie.ellum@edu.tbz.ch"|"19KWOb-r9pUo9-624Q9V"
"ju.caseri@edu.tbz.ch"|"p$l5Sk-JO&V@s-YFT#HR"
"boerje.strangman@edu.tbz.ch"|"HPcVUi-IyQhOc-g1UJOa"
"beatrice.ghidelli@edu.tbz.ch"|"5HdURQ-NQ8@xp-cbORga"
"da.jablonski@edu.tbz.ch"|"%%gP8C-Nwh4r$-fwpBI@"
"uo.beveridge@edu.tbz.ch"|"dbHO@I-DlRmxO-qKzUz0"
"valerie.bestman@edu.tbz.ch"|"T#aafc-fLGcNt-hEXukE"
"marlene.pohls@edu.tbz.ch"|"em16Ml-4fK469-Nv$uM@"
"ma.nolda@edu.tbz.ch"|"gENAAg-Don07v-B9e7FR"
"marlene.bisiker@edu.tbz.ch"|"HQp7aA-rWpEsW-15xyv8"
"estee.babon@edu.tbz.ch"|"asBfZz-xEVszk-w%zdjb"
"simplifies.dmisek@edu.tbz.ch"|"0KrITe-X1GIHd-RVSm#Z"
"selene.ganing@edu.tbz.ch"|"NYep4l-6&GQFr-O4M@g6"
"meryl.penke@edu.tbz.ch"|"jMYqj4-LjyLcb-cJcxde"
"anais.rawcliff@edu.tbz.ch"|"komy#8-anw1Cp-vsvL#w"
"melina.andri@edu.tbz.ch"|"$4J$yX-U6qou4-Epedq6"
"audreanne.fodden@edu.tbz.ch"|"HDZH&y-h7vrhj-m5Op@D"
"bjoern.spellesy@edu.tbz.ch"|"FSafwb-2RY83j-lHjkx3"
"francoise.summerscales@edu.tbz.ch"|"yWaB2u-kScmgd-RJg5qC"
"laurene.ashtonhurst@edu.tbz.ch"|"90ZHAn-$0k$04-yxUFJz"
"valerie.petters@edu.tbz.ch"|"jZWzW3-o$KugO-pTHi@N"
"anael.spenclay@edu.tbz.ch"|"@pFgcJ-h6ywNj-NBBUZD"
"stephanie.keech@edu.tbz.ch"|"@U1QV2-aJhVLY-J31BUy"
"ines.deveril@edu.tbz.ch"|"Vnb7CO-#F4qze-p8uh08"
"berenice.gelder@edu.tbz.ch"|"kcy#ze-nJ9&rl-wUPC$3"
"melanie.ofogerty@edu.tbz.ch"|"DWZSFl-%cCIYq-FBdE02"
"frederique.canepe@edu.tbz.ch"|"BlpJTF-@nir9p-ie7Omb"
"nuo.otton@edu.tbz.ch"|"GIUGmS-b6JVCn-Nkhr8d"
"genevieve.trusler@edu.tbz.ch"|"aE$rVE-k5z$&2-DDg#Ip"
"ju.boag@edu.tbz.ch"|"tAwNxL-6jMpvr-&PgsEt"
"josephine.dilucia@edu.tbz.ch"|"I62RQe-#3fOVa-toqhaM"
"laurene.armsden@edu.tbz.ch"|"KQmVM%-e7uo&H-r2xnbl"
"becassine.griffe@edu.tbz.ch"|"2YQURx-j8IdgY-0R$6a1"
"alois.parres@edu.tbz.ch"|"Cq1AIc-43YGtc-VHejHi"
"cleopatre.gaffey@edu.tbz.ch"|"J6Y&T&-mQChYP-Fff24%"
"andre.stiger@edu.tbz.ch"|"idr1eX-b7Fud2-O2sh5c"
"beatrice.godleman@edu.tbz.ch"|"T%Rz#G-g40npd-uTdTOm"
"hakan.harrhy@edu.tbz.ch"|"yPVdvP-pSPnez-b9DGOC"
"celestine.dagnan@edu.tbz.ch"|"2RMNWp-d7TfaA-z7boaQ"
"clemence.haggart@edu.tbz.ch"|"Xh18l$-RjqUM3-wOu3Ax"
"long.caban@edu.tbz.ch"|"Zr5nlx-EPirdU-7M$M9T"
"gaetane.grimble@edu.tbz.ch"|"sg0Bol-Z8HNdS-oFplq6"
"maelann.piwall@edu.tbz.ch"|"l3Cfxo-KB3BJm-f3zRzd"
"magdalene.loble@edu.tbz.ch"|"KhOUeR-FvBxmr-hjW6TF"
"veronique.domaschke@edu.tbz.ch"|"Gd@#da-Buv0%K-MutVHB"
"clea.herity@edu.tbz.ch"|"dQGjf8-1xzR4i-5b1N@C"
"maelann.bambrough@edu.tbz.ch"|"Qe027r-yPPzo2-gJALPK"
"clea.goulstone@edu.tbz.ch"|"UoUgoI-uJ4KX&-cMbwC4"
"renee.deleek@edu.tbz.ch"|"TuA2S9-SjmT8L-uPQ$TG"
"boerje.rudderham@edu.tbz.ch"|"fYsPKN-zdO03R-mwdQ4K"
"marylene.broune@edu.tbz.ch"|"Cfv#K1-qPA%pn-GxJFiv"
"nadege.mccuish@edu.tbz.ch"|"IdwiLA-6MR#W5-xe6vDK"
"anael.littleover@edu.tbz.ch"|"zwW$bX-fMkPNA-qi#tuk"
"lie.baume@edu.tbz.ch"|"OI%kk3-1Rl&ri-5vR21l"
"maella.murrow@edu.tbz.ch"|"6oJJDU-s3Df6K-x3JN2K"
"cleopatre.pettifor@edu.tbz.ch"|"tQ&MZE-AhvW&Y-4k&X09"
"geraldine.asker@edu.tbz.ch"|"jxVWBA-P#@4IF-yAddIY"
"gaetane.smedmore@edu.tbz.ch"|"yPdD8&-Ae65A6-4vUs$S"
"meryl.blencoe@edu.tbz.ch"|"$oPJD3-1CPeSH-4G84#T"
"aurelie.chastaing@edu.tbz.ch"|"j6rWlX-UqhOPa-#3nDCA"
"oceanne.marthen@edu.tbz.ch"|"q2ycQC-u9r$vQ-74mM$m"
"dorothee.burrill@edu.tbz.ch"|"iYCcEg-6&nOAy-fX99Su"
"hakan.belden@edu.tbz.ch"|"$HtWCp-B6meiq-63B7Q0"
"celine.brunning@edu.tbz.ch"|"$OicEx-OUm6dl-ckoHU4"
"anael.lapides@edu.tbz.ch"|"0aPPw7-j1ZBl4-1IH$AU"
"ruo.saffran@edu.tbz.ch"|"C4pPc5-9bR$tj-h6w&kI"
"loic.gerretsen@edu.tbz.ch"|"TuZsNa-YpzP8$-dzafZk"
"rui.fitzer@edu.tbz.ch"|"a1raa%-Jxal2S-F9Z3Dp"
"annotee.ogers@edu.tbz.ch"|"9MTQrQ-EjYMfp-Xg24WR"
"boerje.bindin@edu.tbz.ch"|"W@tiDB-1J9HLV-z1x0a8"
"ma.cronchey@edu.tbz.ch"|"z0z#y4-ftd#KL-ZtJNkX"
"laurelie.baiyle@edu.tbz.ch"|"Tm96h9-0x&haV-0MnL0s"
"dorothee.older@edu.tbz.ch"|"w90wav-u@O%OH-dpYwMI"
"laurena.wile@edu.tbz.ch"|"AbjAEf-1QC2mE-p5ur2S"
"clemence.brito@edu.tbz.ch"|"E1Ess0-KGpLEN-fRv4md"
"nadege.dallin@edu.tbz.ch"|"dnAU%M-AuugpE-$FkdM$"
"mailis.matley@edu.tbz.ch"|"L9ceCO-%oZ4Sh-q8@%Z$"
"daniele.screaton@edu.tbz.ch"|"yWPi28-bVgiL%-0Rve3R"
"mediamass.godly@edu.tbz.ch"|"xbNM%8-yJVB9@-SF$YDu"
"leone.kremer@edu.tbz.ch"|"TVWnlY-SfT#SH-yM58eu"
"asa.adrian@edu.tbz.ch"|"LVgT15-xSpOoE-hpHtXI"
"adele.doley@edu.tbz.ch"|"B1LW85-N%eZWS-i0RzGk"
"fei.sidney@edu.tbz.ch"|"kCMWK$-dUHvPy-wPsBSo"
"marie-josee.walisiak@edu.tbz.ch"|"TNbVhZ-Q6hzFi-eqNqUl"
"desiree.diplock@edu.tbz.ch"|"kZNqgQ-5#7Pcp-2Gy4xH"
"gisele.schust@edu.tbz.ch"|"ibmza4-7O5h99-X@sxTD"
"ma.longshaw@edu.tbz.ch"|"gZG6do-iA0zXQ-ikF0cF"
"da.boother@edu.tbz.ch"|"BgOCmf-p2A9BO-grga7x"
"simplifies.chaudhry@edu.tbz.ch"|"o2SQrW-KDHphq-n1Eaym"
"garcon.baniard@edu.tbz.ch"|"rhgThq-QxkSwf-DjgD3C"
"gaetane.elphee@edu.tbz.ch"|"EUPgQW-pwtEOK-3xNoi&"
"gisele.hassey@edu.tbz.ch"|"BBANOO-VKBapB-JMvc3o"
"oceanne.booley@edu.tbz.ch"|"GPTKMg-n1Fdu%-tqTrVP"
"oerjan.dibden@edu.tbz.ch"|"owXezf-yIEY5G-&AJuWf"
"regine.ocleary@edu.tbz.ch"|"bEMXsD-fuWc6J-sfRSKS"
"selene.persse@edu.tbz.ch"|"k5oj0o-5OW&Ng-ED160q"
"helena.adenot@edu.tbz.ch"|"juAzrf-#D%Ebv-HfoX5t"
"maelann.wassung@edu.tbz.ch"|"pBXzEX-NGhq5N-ML4Ma@"
"frederique.ackermann@edu.tbz.ch"|"H2R2Gv-&bPi6X-JFdcjm"
"audreanne.kahen@edu.tbz.ch"|"0btafh-aIUSFO-o74p%K"
"maiwenn.lasty@edu.tbz.ch"|"kDZMTr-BNDYXe-BvMmOW"
"yu.dictus@edu.tbz.ch"|"1JJn%l-MsN2R#-axZVlP"
"anae.dukes@edu.tbz.ch"|"jtnJdK-PR%BPe-15zIf8"
"yenora.warr@edu.tbz.ch"|"&gFZT9-tPVccD-eDSv2c"
"esbjoern.archibold@edu.tbz.ch"|"YscsaY-RzpE%l-bkiYTI"
"milena.pardal@edu.tbz.ch"|"$wbhiw-V5v#nW-6%eDUv"
"celestine.graveston@edu.tbz.ch"|"0QgWwY-IUN#a#-Dee%a7"
"maena.dallas@edu.tbz.ch"|"a5WGet-hmUcjd-tytc%&"
"andree.tuke@edu.tbz.ch"|"5Nrkg1-NZT4N9-Td9dpz"
"methode.seldner@edu.tbz.ch"|"f3%@W1-8DDiej-lybbxo"
"venus.bullas@edu.tbz.ch"|"Qv9NvY-KnIdsK-mkOBQ$"
"mans.aguirrezabal@edu.tbz.ch"|"kD82@u-UczQn6-zK2P&g"
"gaelle.eadington@edu.tbz.ch"|"auKDcT-C1xm1&-EMExIa"
"anaelle.falkner@edu.tbz.ch"|"9uB5SP-tkw2gp-s647b5"
"ophelie.height@edu.tbz.ch"|"Y$TSIg-um&n01-Jifrku"
"marten.bolding@edu.tbz.ch"|"Df5LWc-Nc4Ai8-D%teD%"
"pelagie.guswell@edu.tbz.ch"|"5eB9CW-AQHUxK-Wdj%H7"
"gwenaelle.lecount@edu.tbz.ch"|"F$%Nmj-w&W8kD-uM@AFP"
"hakan.laden@edu.tbz.ch"|"fIx7I$-qQCaf#-R8ONVU"
"marie-josee.hylands@edu.tbz.ch"|"Dzv7CG-1W3rCU-PIbtPB"
"zoe.kingshott@edu.tbz.ch"|"NPpGXB-y8b99v-zbK&G4"
"josee.janous@edu.tbz.ch"|"Z3Fa90-vDzJug-@QEvMM"
"laurene.gallally@edu.tbz.ch"|"U0&2y&-Y0K1Ch-MtlUjj"
"anael.bickle@edu.tbz.ch"|"P$7vJb-ZTOzVD-S6OL3P"
"mediamass.lebbern@edu.tbz.ch"|"t4CxWU-KNCl%U-w2&MA5"
"berengere.hovy@edu.tbz.ch"|"AdDbw4-#fsOLz-@i6r3D"
"oerjan.kilmurray@edu.tbz.ch"|"UtYpJD-g#qv4C-j&aIF4"
"asloeg.venny@edu.tbz.ch"|"Rpl4Bw-pO$deg-XO6riw"
"marie-noel.stoad@edu.tbz.ch"|"GViEip-$Xr@MW-qQOwXF"
"hakan.pettifor@edu.tbz.ch"|"wfpOX1-9GSb1d-S2V80v"
"maella.willgrass@edu.tbz.ch"|"DgrMsU-QjcIGq-@NO&a#"
"therese.ludovici@edu.tbz.ch"|"%2X3We-rYFZEl-N0NtLh"
"stephanie.trewhitt@edu.tbz.ch"|"U#H#zz-my9qCf-TtrrBq"
"maerta.bauduccio@edu.tbz.ch"|"XqlMQe-5fh3i1-NTi#eb"
"gaetane.glaisner@edu.tbz.ch"|"C0dqO1-UYxyCS-qJP25D"
"naeva.pargeter@edu.tbz.ch"|"DSLbkD-enwxEa-VApFB6"
"salome.venable@edu.tbz.ch"|"lYRepQ-nlNP&V-5LU%7p"
"boerje.thickett@edu.tbz.ch"|"k#fGb2-V6Y4Hh-fFqF5e"
"lucrece.prendergrass@edu.tbz.ch"|"V45vRZ-zQPI14-72Hp6C"
"laurene.ockleshaw@edu.tbz.ch"|"TG@CVr-tHZgFj-4cmK4I"
"cecilia.pasticznyk@edu.tbz.ch"|"FQqEpC-P&V9%7-7RaO0j"
"stevina.mackey@edu.tbz.ch"|"JyjchE-yFbWxh-&2u#OM"
"marie-noel.reven@edu.tbz.ch"|"&dV7MD-tZRm5l-Lvk3D3"
"melina.quilkin@edu.tbz.ch"|"O%rgyy-%PGunS-5xh&pO"
"marie-noel.ferrie@edu.tbz.ch"|"agXO6k-KVd7Wh-43TqC#"
"leone.alphege@edu.tbz.ch"|"oz9Psi-HTVJUv-GK2$5C"
"zoe.leverson@edu.tbz.ch"|"Hw0uGx-gV3JRq-R8nCkc"
"annotes.grayne@edu.tbz.ch"|"4I#PqT-qbLdlY-ZQyOxr"
"faites.lalley@edu.tbz.ch"|"HPzrui-HuolN$-cSi7Ia"
"adele.wallis@edu.tbz.ch"|"AGMey#-QNALNt-nAe#ZB"
"severine.madill@edu.tbz.ch"|"OXcAGp-AN3K1y-i$6tna"
"valerie.tebb@edu.tbz.ch"|"ZLj6sE-lApQz5-3G&zNS"
"kalliste.rasper@edu.tbz.ch"|"EKxj%U-WI%CvD-XgEyCL"
"audreanne.palomba@edu.tbz.ch"|"jPlZDK-kUGJI%-%iVCR7"
"elea.adamik@edu.tbz.ch"|"$N7Vq$-XVTiZd-UCu#Re"
"reserves.jakuszewski@edu.tbz.ch"|"z1$LY5-g92mNk-3yuZAW"
"athena.belhomme@edu.tbz.ch"|"gJRpco-zSFFpJ-kftpOs"
"rebecca.crippin@edu.tbz.ch"|"yQ@JRj-1CCqOc-Eu4n%T"
"maiwenn.curman@edu.tbz.ch"|"fQnInc-FN$w4v-Jdp3Do"
"andree.bunner@edu.tbz.ch"|"m7NY7P-ypTyns-Ujo$0E"
"ruo.winckles@edu.tbz.ch"|"0M32yy-FJvPOX-%U2WhN"
"naeva.buntine@edu.tbz.ch"|"ckpSCz-V#9J6x-I#7rqW"
"boerje.dollard@edu.tbz.ch"|"jq9zk%-8Y83z8-eZSMOJ"
"penelope.gorman@edu.tbz.ch"|"DrQWDi-CRa#mk-nrfrm4"
"alois.robelin@edu.tbz.ch"|"wFuH8Q-B2qBJn-8WMBOo"
"anaelle.tindle@edu.tbz.ch"|"t#@I$a-w3fwf7-0yBFJ3"
"ye.frears@edu.tbz.ch"|"4PlIPM-w#xeof-f1rEFk"
"andree.ovid@edu.tbz.ch"|"V17eYP-nJop5I-Rs$7Wn"
"hakan.peat@edu.tbz.ch"|"yEICYW-H36dhw-iNxYea"
"andre.januszewski@edu.tbz.ch"|"$nc9tu-QXmmtC-PrhLPA"
"annotes.clemmett@edu.tbz.ch"|"3xKui9-kxyded-ck7bWw"
"pal.lambswood@edu.tbz.ch"|"cmaq&S-GJQGLm-oF9Ixf"
"yao.lenton@edu.tbz.ch"|"YPRG9K-i3@eJK-u$lw6k"
"hakan.boyton@edu.tbz.ch"|"&FUklM-ke9I$m-mn6jNK"
"nelie.forsey@edu.tbz.ch"|"iF@RMl-62u&aj-1NLw8i"
"hakan.horche@edu.tbz.ch"|"QQT1at-RH$cbK-@@l%os"
"lorene.sinkings@edu.tbz.ch"|"qme2PX-uNA%t6-WLc7i#"
"marie-therese.creddon@edu.tbz.ch"|"oZEWOb-Oa6mXd-ZQ$fh@"
"berenice.tolworthy@edu.tbz.ch"|"Xzoj1#-7IrCVX-z4N48$"
"theresa.land@edu.tbz.ch"|"NwyxQC-HyQ$J#-exLU9a"
"marie-therese.gianilli@edu.tbz.ch"|"wqrBQe-0D%YfG-Vtb9a@"
"meryl.glew@edu.tbz.ch"|"EdiYkW-@rNuKG-d6RmTM"
"adele.debling@edu.tbz.ch"|"ztTi#t-&70BIa-8oy4A$"
"anae.metzke@edu.tbz.ch"|"d&S@Lx-je&lq%-IZR%pw"
"gaetane.gooden@edu.tbz.ch"|"%6EMrZ-IEtRVg-B7QNS1"
"laila.bootland@edu.tbz.ch"|"dzXlO8-8biPgN-ULzyPq"
"maite.helsdon@edu.tbz.ch"|"zumRb0-o2235m-IuE$id"
"andree.malley@edu.tbz.ch"|"AUOBKT-gjrBTZ-KJf1YV"
"pal.simmens@edu.tbz.ch"|"Vt8Ooj-loSx7l-oQ7zg#"
"maelys.nuccitelli@edu.tbz.ch"|"5Izrrh-A2DRW#-BLFFTE"
"dafnee.sibary@edu.tbz.ch"|"o73PbW-HFQS23-Yuoaqv"
"alois.harsnep@edu.tbz.ch"|"f1mINo-G7s#L7-Hik#oc"
"marie-helene.lacky@edu.tbz.ch"|"CzKmX$-cC1%yt-LyWIN1"
"mylene.youthed@edu.tbz.ch"|"YEnsDe-KURCMg-9GIwol"
"marie-helene.dehmel@edu.tbz.ch"|"iaAHdv-w6QLoa-jzyqjf"
"angele.batman@edu.tbz.ch"|"vWUkSg-us#N7n-ArlMhb"
"melia.younghusband@edu.tbz.ch"|"qHXokb-$sFH7A-x$zZon"
"eloise.baldi@edu.tbz.ch"|"KqThPy-M3dqb#-xo6Met"
"illustree.dun@edu.tbz.ch"|"He6jk5-WKjCXL-PrZB#M"
"genevieve.late@edu.tbz.ch"|"@#70C3-e8U&$1-VU3XY#"
"celestine.colville@edu.tbz.ch"|"uXKE9T-wxdhum-BqAP2b"
"gwenaelle.scarlon@edu.tbz.ch"|"XxaOsu-RDUGPo-X6b#&p"
"regine.boddie@edu.tbz.ch"|"lH8jEq-afH@Br-fzKNov"
"creez.gaughan@edu.tbz.ch"|"#eE7QJ-%CP%z$-qZxdhr"
"gaia.longford@edu.tbz.ch"|"B8@L%Y-a9BSLb-Uk1pDI"
"mailis.buckby@edu.tbz.ch"|"Jo5OdX-kMXDxr-rejLjJ"
"song.parbrook@edu.tbz.ch"|"aIiTnS-Dnbk@D-@MqNi#"
"frederique.heddan@edu.tbz.ch"|"DLCUjq-9KQ6gu-Xl9sk#"
"ake.kirtlan@edu.tbz.ch"|"oyM84Q-djtWrY-IPeswZ"
"nelie.runciman@edu.tbz.ch"|"%0&v4s-miXwEU-SnQBpS"
"mailis.cardnell@edu.tbz.ch"|"30aQx1-KLXCco-tta1j#"
"irene.navarro@edu.tbz.ch"|"rzbOyo-2#Axvb-PKRHE8"
"maite.cough@edu.tbz.ch"|"NaZbPn-7#LFyv-UojqWW"
"anaelle.stocky@edu.tbz.ch"|"izCgaC-2ufPLb-5R2M8n"
"methode.moulder@edu.tbz.ch"|"wWpQkk-o4TYuk-iwzt&S"
"po.stafford@edu.tbz.ch"|"rUzIu0-ToztS0-GleSD3"
"faites.scraggs@edu.tbz.ch"|"xJ$iNQ-Ye5J$P-P@feNJ"
"adelaide.dullard@edu.tbz.ch"|"a0hwWg-iN2nHq-lTNTBL"
"desiree.leonard@edu.tbz.ch"|"dRcwM1-eSrcAW-@JIYIg"
"geraldine.badgers@edu.tbz.ch"|"AdS6P3-GpK75J-ORUHgL"
"ruo.masic@edu.tbz.ch"|"kdpw$n-eWPqCH-OZTHq6"
"aurelie.lieber@edu.tbz.ch"|"AgQAtL-dDjnIA-%9gE4$"
"naelle.balcock@edu.tbz.ch"|"Thos&B-jr$yg0-ZLE1oK"
"camelia.elger@edu.tbz.ch"|"ndwH5$-$RRO4d-@%cGIC"
"publicite.oakeshott@edu.tbz.ch"|"sXZA6Q-n7e13d-uXUwD%"
"cleopatre.fawley@edu.tbz.ch"|"CpVEMi-v$&m6u-lygFuG"
"laurene.bruckmann@edu.tbz.ch"|"GhYbD7-bdTSBn-s&3oal"
"rui.haughton@edu.tbz.ch"|"JoPWHp-sBUb8M-%lK@gY"
"asa.ladewig@edu.tbz.ch"|"CRpXLs-Ll0M7%-Ytz43c"
"gisele.janecek@edu.tbz.ch"|"w8a8KG-W3b#6S-LEe06C"
"maily.loveridge@edu.tbz.ch"|"vO3ka0-iyww&O-Jn%O9T"
"marie-eve.yurkiewicz@edu.tbz.ch"|"smaygM-B@dxc1-Q7J4kx"
"fei.roder@edu.tbz.ch"|"im0xMs-MzvBzd-9Xe3@Y"
"edmee.chatburn@edu.tbz.ch"|"cmiQ@@-#K@ZTN-JwW5sA"
"geraldine.darke@edu.tbz.ch"|"B#HcaM-NQ4hyj-8@B@q6"
"ye.jira@edu.tbz.ch"|"PKM6ek-xhCp9$-yoswna"
"publicite.persent@edu.tbz.ch"|"B#aTW5-lkt7IT-ByHrHs"
"severine.wilcox@edu.tbz.ch"|"pZZf7a-FlijM1-xz@hPJ"
"yao.mcclaren@edu.tbz.ch"|"%sew9N-hPxNr6-71YPdI"
"theresa.foynes@edu.tbz.ch"|"uXglt6-fB6$l@-@ACe#C"
"stephanie.isley@edu.tbz.ch"|"vIk73&-l2G4ac-KaPHN1"
"torbjoern.growy@edu.tbz.ch"|"M%vvOY-HB6Xrx-48GnL4"
"eloise.tunnadine@edu.tbz.ch"|"51O&g1-PwqGzh-3Egzcs"
"maeline.cossentine@edu.tbz.ch"|"3IXEcS-&wOuG2-464zw4"
"nelie.desantos@edu.tbz.ch"|"97Y7hg-E1FezS-4p164O"
"gaetane.axston@edu.tbz.ch"|"K$3IEF-&5wj0M-BAu@H9"
"aimee.merman@edu.tbz.ch"|"qYujZS-eez3gr-cg$DcI"
"oerjan.drivers@edu.tbz.ch"|"6tmFHx-N%JWJH-jDh62J"
"aimee.miroy@edu.tbz.ch"|"rXWG$M-Az0X40-POis&1"
"nelie.glyde@edu.tbz.ch"|"7pGYpk-q2ZQKi-$%uczc"
"hakan.kapelhof@edu.tbz.ch"|"94BPaz-@U0eKo-4hde9Y"
"maelyss.cauley@edu.tbz.ch"|"yW%VYJ-l2Zlt8-U1Xi#o"
"elea.vaggs@edu.tbz.ch"|"1sfJ#e-4hG$tu-UlDMDc"
"maelys.but@edu.tbz.ch"|"q6DVfH-t74UzE-%ddqzn"
"maella.arthurs@edu.tbz.ch"|"ll$#TH-YthQB%-Q85I4s"
"adele.liebrecht@edu.tbz.ch"|"9ylYVb-vBttgE-#HxDYm"
"meline.lomasny@edu.tbz.ch"|"PNTmBh-ba%2ss-u@JDRX"
"mediamass.schwant@edu.tbz.ch"|"6sol1H-WZPCYh-HcPWm6"
"leone.saunt@edu.tbz.ch"|"K4br@w-1aRNmB-bzVmtg"
"annotes.gouch@edu.tbz.ch"|"iCOrJJ-%fvMXL-Jo$12J"
"gaetane.bowich@edu.tbz.ch"|"ou1P5v-AVKmIu-2N4JvV"
"alizee.strelitzki@edu.tbz.ch"|"g4Xqdg-ojKn1d-yXb29V"
"leone.poile@edu.tbz.ch"|"gK$R5o-d2pZMk-&Tldqy"
"amelie.saban@edu.tbz.ch"|"ibhTLy-p&nx#h-l5e7Cr"
"marten.mcmenamin@edu.tbz.ch"|"t0XoHd-6SkNu2-ZxZseu"
"becassine.keets@edu.tbz.ch"|"l&ERke-%WpEHy-2#$CGw"
"celine.million@edu.tbz.ch"|"u#MlYr-8TTTnq-3z#LaC"
"geraldine.belitz@edu.tbz.ch"|"6$6KA3-aY2Uzz-YmeGrs"
"salome.mardling@edu.tbz.ch"|"I6XKEK-9eIUjJ-0nEnwn"
"melia.blakemore@edu.tbz.ch"|"rfbpUe-m%oYw#-czHVX9"
"dafnee.mcaulay@edu.tbz.ch"|"YAs#DG-4pL&wQ-PjqmJM"
"garcon.dennett@edu.tbz.ch"|"#gz2iH-thJ6dK-8J&4R3"
"interessant.lesor@edu.tbz.ch"|"LAPJlh-jcu$pq-%x@K&h"
"annotee.wasbrough@edu.tbz.ch"|"g3JHQL-VL&mek-tpGuZd"
"asa.ibbeson@edu.tbz.ch"|"konBY6-q$dOpT-Nm4ytt"
"maily.kennealy@edu.tbz.ch"|"UXjXsN-p7WRAm-f6mnTd"
"ye.seares@edu.tbz.ch"|"ULYo#T-VMjC#9-kSccAx"
"athena.harbron@edu.tbz.ch"|"%EfYDU-dBNckZ-UWNHSV"
"andreanne.portail@edu.tbz.ch"|"TPYyKZ-8Yn%xN-Fz5S8&"
"goeran.zannelli@edu.tbz.ch"|"k&Ohtg-BZqHnv-3K7hCE"
"gerald.leathlay@edu.tbz.ch"|"8JL0uW-MUSdjR-0gpqmd"
"andreanne.chown@edu.tbz.ch"|"fJQ1vv-cGUG%p-bJdujb"
"esteve.clementel@edu.tbz.ch"|"MnD5mg-7un17%-reIJyb"
"leone.legan@edu.tbz.ch"|"T4SxWS-xBnT8w-h0Dg7h"
"maena.pownall@edu.tbz.ch"|"rUQ#KV-aisKJ9-r26x54"
"andree.rettie@edu.tbz.ch"|"tOyN11-nFWzwL-&%giCX"
"ines.kenwrick@edu.tbz.ch"|"UCIOFv-Vd&@1d-bXWZKI"
"marie-helene.yarnall@edu.tbz.ch"|"7J1hv7-F1BWu&-gDyWR0"
"po.martin@edu.tbz.ch"|"bo5Ke2-gvniNA-fW6hy$"
"ruo.celiz@edu.tbz.ch"|"RTNBb#-k$&8eS-VCWiz2"
"po.bissett@edu.tbz.ch"|"PSDJ2y-7GCfIP-N%6oZT"
"du.swindon@edu.tbz.ch"|"w8NV@D-G9P##T-zktB$g"
"interessant.gouldthorp@edu.tbz.ch"|"$kRUtJ-oPwadJ-Kx1JN4"
"leandre.lilburn@edu.tbz.ch"|"aRRdXG-ldIBLC-XRhFIw"
"bjoern.whales@edu.tbz.ch"|"UnFe%x-YZq7mY-ywtYsG"
"interessant.dieton@edu.tbz.ch"|"oFEnnt-s5Hnqr-0HO$sd"
"celestine.redhills@edu.tbz.ch"|"mVtWA%-J5VVPE-@kD44Y"
"tan.yakovlev@edu.tbz.ch"|"rcTaE6-ITjpY@-SN6UyV"
"regine.mcdowell@edu.tbz.ch"|"26N0oU-Z0Kp#q-MeYAE1"
"ju.coysh@edu.tbz.ch"|"q9HGRQ-iaHBLE-cHuPGv"
"reserves.ofallon@edu.tbz.ch"|"1GoB2q-tmTmDQ-nvl@CL"
"frederique.sobey@edu.tbz.ch"|"zbIz7q-ZvAtht-NbkAz4"
"marie-eve.garstang@edu.tbz.ch"|"qkmL25-WEYaSm-Wqht$0"
"andre.tapin@edu.tbz.ch"|"uF$vcw-$lI95y-9dLjEI"
"esbjoern.eynon@edu.tbz.ch"|"rFtKwt-LjBIHX-mPU3L8"
"maella.duffy@edu.tbz.ch"|"uYzb8%-5OAZ5e-H0k1ym"
"leandre.twinning@edu.tbz.ch"|"DvWuZQ-cOz@bt-AM6MXS"
"mai.whittingham@edu.tbz.ch"|"Ocfn7G-WdqSML-nAPb1u"
"rachele.shevelin@edu.tbz.ch"|"sfn0Ea-DMGWFp-HII6d6"
"cecile.mcure@edu.tbz.ch"|"kCxtq$-EHUlPW-CWiagw"
"marie-eve.yurkevich@edu.tbz.ch"|"WbaVdC-t%YWeG-tEKzmO"
"almerinda.paice@edu.tbz.ch"|"J@dqCT-QsjBsg-5CM@uA"
"rao.howkins@edu.tbz.ch"|"ZhbVMZ-S%1cbx-jbtvMY"
"serena.pack@edu.tbz.ch"|"XYK5TO-azpV6y-mQnlMV"
"rebecca.mant@edu.tbz.ch"|"q@DMGx-v0@UH5-NqT1u5"
"reserves.spitell@edu.tbz.ch"|"4BXX5&-#9ZLZ%-#5ABy0"
"garcon.hamfleet@edu.tbz.ch"|"SKOCQH-Ca3X5a-vUa#55"
"methode.kerkham@edu.tbz.ch"|"x@i2p8-$PX5d4-a5eZFJ"
"pelagie.camies@edu.tbz.ch"|"aMVi4U-l%YaqF-3MAMEc"
"josephine.macpharlain@edu.tbz.ch"|"60PVQ8-8IzQxj-AdeAlV"
"eugenie.mathet@edu.tbz.ch"|"NunfbJ-mgXKoR-8dtk0j"
"gaetane.brangan@edu.tbz.ch"|"aLIKg8-c#XJ&#-nfyvGE"
"michele.dewbury@edu.tbz.ch"|"lMsCgU-sBSzAk-lK1omy"
"eugenie.elcott@edu.tbz.ch"|"j6BVf$-%KWY5h-t7MtxN"
"megane.harniman@edu.tbz.ch"|"58viZK-8z@gXJ-Y2Jh0d"
"agnes.cluney@edu.tbz.ch"|"7aw#53-j9jLj3-rtsd@x"
"marie-helene.angear@edu.tbz.ch"|"xU&Xgh-6C84lR-WJ4DYe"
"melia.dolphin@edu.tbz.ch"|"uX&%b$-3gpqM#-orHa%a"
"lois.ruseworth@edu.tbz.ch"|"9fv8uy-tfLqz6-14$7Ef"
"mailys.ryding@edu.tbz.ch"|"TW#BGu-WIOnHU-aDfvbj"
"rachele.wulfinger@edu.tbz.ch"|"oEz7Y%-vZGiY7-p9VA9p"
"gwenaelle.talton@edu.tbz.ch"|"A6OP5M-2VWg2P-H1b1h8"
"long.ronchetti@edu.tbz.ch"|"jrK@Ez-hEFG5B-Ss8T5x"
"styrbjoern.kloska@edu.tbz.ch"|"@RX9NA-6lYerv-MotRwg"
"len.sudran@edu.tbz.ch"|"2K$LcB-$6uWno-I%WYq9"
"maelle.andrysek@edu.tbz.ch"|"@bjlDU-zrgrs0-WA39jr"
"selene.senior@edu.tbz.ch"|"Q1mIUX-Me2TbG-@5J7Jk"
"anais.joskovitch@edu.tbz.ch"|"Ph31O#-ev4FBP-BJ1jag"
"marie-noel.dally@edu.tbz.ch"|"c&nI5X-JtIHJX-B#IO%H"
"marie-helene.laurence@edu.tbz.ch"|"wqQt86-5$sRNZ-ZvzLr3"
"camelia.foxon@edu.tbz.ch"|"ttrrbn-mZcKhg-pi1LtM"
"helene.cankett@edu.tbz.ch"|"&#sNRw-3#r9cj-LyeFEl"
"marten.mitchelson@edu.tbz.ch"|"PRW70Y-D4mjbl-f58Ebu"
"helena.stirtle@edu.tbz.ch"|"jv78nn-P0qLPY-YLDiBd"
"leane.barmby@edu.tbz.ch"|"D0E23%-kNK05U-g4ZWJD"
"goeran.ofinan@edu.tbz.ch"|"rIMpui-Y1$B6%-yvtncX"
"styrbjoern.proby@edu.tbz.ch"|"4nzpeh-2cLy8H-luU%Yf"
"zoe.halse@edu.tbz.ch"|"5RNK9K-jNC2in-6dX49m"
"kui.drable@edu.tbz.ch"|"hn4w#z-6vmUSR-7PYkLp"
"desiree.bamford@edu.tbz.ch"|"RWaVIP-y2NiF1-PG7SnH"
"zoe.suller@edu.tbz.ch"|"ku&4Th-&KHBnD-DTSgJK"
"marylene.audiss@edu.tbz.ch"|"CcBMCC-oG$UhS-j5lJ0Q"
"adelaide.poznanski@edu.tbz.ch"|"@oN5Oj-g4yJ5L-LYL#Oa"
"maella.coleyshaw@edu.tbz.ch"|"5Vrm&w-Xy#iOR-eoQ#zb"
"marie-francoise.gelder@edu.tbz.ch"|"vFqj8T-@pnqYk-Jct$@7"
"eleonore.chaffyn@edu.tbz.ch"|"W#VE3N-m4zpQy-9lllqg"
"celestine.sikorsky@edu.tbz.ch"|"k1SLRG-Awvp4x-20FxZN"
"stevina.londsdale@edu.tbz.ch"|"VNn8ED-WX0jjK-FJCEjY"
"maiwenn.nevitt@edu.tbz.ch"|"9cCQSq-G&KbZJ-UJk2w0"
"magdalene.gerrey@edu.tbz.ch"|"41qmhU-%rjB@C-XX@ylG"
"becassine.latimer@edu.tbz.ch"|"f6JwU4-n6JMQZ-FHe%Cx"
"da.lethibridge@edu.tbz.ch"|"JubFPt-Nt6W%E-M1kiGq"
"mailys.claige@edu.tbz.ch"|"IFHg%s-gWeKLW-qpNkUA"
"maena.torbard@edu.tbz.ch"|"HO1lli-&mYL4j-onKPI5"
"solene.lyvon@edu.tbz.ch"|"hwUG$$-@tFj$K-0wbonA"
"marie-therese.benbrick@edu.tbz.ch"|"vrldY9-QHuz$F-ANC&hb"
"gerald.edmonson@edu.tbz.ch"|"iggiDv-8DnJ4T-VhmzoR"
"ake.messruther@edu.tbz.ch"|"o&H9@2-p6FU%0-aPwe@0"
"men.gosneye@edu.tbz.ch"|"KjZHVz-Sp%NEH-VNhgtD"
"anais.jefferys@edu.tbz.ch"|"Es8NWB-y1KLKV-YlcmJj"
"publicite.tregale@edu.tbz.ch"|"9fy8n5-Hj9duh-jlDL2L"
"maily.santorini@edu.tbz.ch"|"TFZ0P8-UKXPd&-6t$@fD"
"ines.pioch@edu.tbz.ch"|"uNq08b-n#3eBt-e&AVg@"
"noemie.marklew@edu.tbz.ch"|"lCW$cY-5%Ke$L-MnqVfx"
"meghane.maccaffrey@edu.tbz.ch"|"AwRCIG-FiZSgz-tBCWZZ"
"berangere.ambrogio@edu.tbz.ch"|"MlcaWj-PHlsIT-d%Kzj6"
"mediamass.ryce@edu.tbz.ch"|"8VkNBh-YgmyWh-dPjVwL"
"oesten.ubank@edu.tbz.ch"|"U%yp31-t0rISh-QL3V4k"
"melina.mackee@edu.tbz.ch"|"VGDHGL-HDCfTQ-&9LTK5"
"theresa.livezey@edu.tbz.ch"|"V6%@Ih-w%oNsY-68MywB"
"clemence.weal@edu.tbz.ch"|"26QZm1-DgKfsQ-PQvBRN"
"faites.overton@edu.tbz.ch"|"g@T9bd-uOw$8h-NLZlJM"
"clea.lindblad@edu.tbz.ch"|"AzvpR6-M98#tZ-H6e8c6"
"josephine.roseaman@edu.tbz.ch"|"N&wWaJ-jgUSky-@02yjI"
"oesten.lowbridge@edu.tbz.ch"|"5jt%ke-2LwoSe-ssL9rS"
"marie-josee.brion@edu.tbz.ch"|"$T82Iv-FD0ojH-KPg&PE"
"therese.basili@edu.tbz.ch"|"20J$DJ-dA@BZc-A2ioTs"
"melia.vertigan@edu.tbz.ch"|"M9fNeG-9M#gMA-@5a7LD"
"judicael.saull@edu.tbz.ch"|"TJHcpE-StmJDS-$@@RWo"
"selene.valentine@edu.tbz.ch"|"o0bF%Y-W5kWnB-O%@XZC"
"verane.dunlap@edu.tbz.ch"|"LfnLla-JRFJbw-8#Q$g@"
"meline.kinnear@edu.tbz.ch"|"9WHmp%-Ht$Pg5-agGxcD"
"lei.luttgert@edu.tbz.ch"|"wj70Fc-r4&Zx&-9eTp9G"
"styrbjoern.lathleiffure@edu.tbz.ch"|"x1WhWw-t$AtXa-u1L$d@"
"marlene.blasi@edu.tbz.ch"|"EVdF3z-ei%JYo-lrtloc"
"mai.begwell@edu.tbz.ch"|"Yn#Q%g-1AxpWc-8nYvmn"
"gwenaelle.kaines@edu.tbz.ch"|"1yw0ti-NkbVTN-Nv3fkT"
"gerald.adamthwaite@edu.tbz.ch"|"C4hs18-9IiiJp-#o@2bd"
"kui.hartfield@edu.tbz.ch"|"ERFlhO-X$yM3z-2x5spJ"
"salome.currao@edu.tbz.ch"|"72nKD0-ZHk2#8-UN4#F0"
"angelique.tixier@edu.tbz.ch"|"d5zwef-OMh3uV-B18hJW"
"ju.mcgragh@edu.tbz.ch"|"hUutkg-NNTDya-c@k3Fd"
"dafnee.beachem@edu.tbz.ch"|"NZlOWV-nbH@wQ-M@e&vv"
"creez.terlinden@edu.tbz.ch"|"@jOHl7-Ynli20-U&FWe3"
"uo.mcskeagan@edu.tbz.ch"|"asMpsK-kA1cg#-s$78wa"
"edmee.mccaughren@edu.tbz.ch"|"1bDuNt-du6oph-HNbpNx"
"asloeg.cozby@edu.tbz.ch"|"9YKS0P-Hj$uNb-TxDz@u"
"melodie.traite@edu.tbz.ch"|"yDxwN%-28@9fm-X#FXzY"
"dorothee.aindriu@edu.tbz.ch"|"nqs8yS-Vtj%Hn-KMEf13"
"daniele.doley@edu.tbz.ch"|"aBc9mH-#NvHcq-c9LT2$"
"mediamass.fairclough@edu.tbz.ch"|"n$3b08-J#V&ub-gBs492"
"lorene.rainforth@edu.tbz.ch"|"VH$ji3-gPRkpe-ho#Cua"
"leonore.eyer@edu.tbz.ch"|"dLDwNO-&sAYbI-ZYzzh$"
"po.spillman@edu.tbz.ch"|"dWgrpl-3au3ph-X@1O&J"
"cecilia.plitz@edu.tbz.ch"|"SDujnm-Tr5#0u-i6lfh8"
"lorene.ludlow@edu.tbz.ch"|"WRlNsp-YXgFcG-Cf2jMC"
"berangere.neligan@edu.tbz.ch"|"YSzV5%-Opftfs-mO@qDM"
"simplifies.huggan@edu.tbz.ch"|"IXbpJ5-D4YJYN-4dCPhk"
"clelia.prandy@edu.tbz.ch"|"Hi1XLq-&MoDT4-OOXwG%"
"ake.osban@edu.tbz.ch"|"AprpKN-Ft6&eS-$8msB2"
"cunegonde.brunn@edu.tbz.ch"|"b$5m%D-5kiJeg-h0C3CG"
"long.grizard@edu.tbz.ch"|"cxg7UZ-EuKaPt-OdhxMA"
"meghane.diss@edu.tbz.ch"|"uaZzc@-qouF2d-ecj%4u"
"therese.oldman@edu.tbz.ch"|"PvSM7H-RW2NT%-30K&kW"
"boerje.scamerdine@edu.tbz.ch"|"5uylla-wYfpP#-kUAKTl"
"du.saban@edu.tbz.ch"|"26ZWVA-3XGvrl-pgMSVr"
"hakan.clynmans@edu.tbz.ch"|"xb5A2v-1oxs%e-mSuDrl"
"wa.macdowal@edu.tbz.ch"|"rmtZUB-3upiKR-rtUO5e"
"venus.hatrey@edu.tbz.ch"|"E2e@Lm-RsjWiY-Si1KTy"
"anaelle.vispo@edu.tbz.ch"|"f8aog$-1JzWLc-B6dIXP"
"mahelie.ollcott@edu.tbz.ch"|"N23%XB-ynFNO0-CBhJM%"
"mediamass.whyman@edu.tbz.ch"|"iPe20g-s&9$qY-DQ6TZj"
"esbjoern.basson@edu.tbz.ch"|"%HgFZd-d5ek9e-00P8yK"
"andrea.morrill@edu.tbz.ch"|"Kj0ZNC-eBD3XU-Y$M%PM"
"melys.grassi@edu.tbz.ch"|"OqR&UQ-Tzjv0O-GTlqrx"
"leone.poleye@edu.tbz.ch"|"5AzT0p-z9JsF3-eKMPo8"
"francoise.penny@edu.tbz.ch"|"GY8mMw-@QJxXp-GOo&Fe"
"rebecca.edney@edu.tbz.ch"|"vDZtqa-t3m4%R-BuQCKF"
"adelaide.murtagh@edu.tbz.ch"|"GbR5HV-iMD2Yg-79E$2z"
"stevina.winterbourne@edu.tbz.ch"|"oXJUQ8-hsoz4v-LgN9y1"
"ma.cottom@edu.tbz.ch"|"&cC25R-TS#SXx-l7Npdy"
"tan.harold@edu.tbz.ch"|"rk151F-LV9dK5-h39bX4"
"venus.forte@edu.tbz.ch"|"KFErGg-Ws6Ak7-3#Dmn4"
"almerinda.oluney@edu.tbz.ch"|"x3jc3P-d%8M6x-9jwJLu"
"cleopatre.brehault@edu.tbz.ch"|"a%zR8U-BoDxtH-7sG%8H"
"interessant.lapides@edu.tbz.ch"|"NL1d5M-1v8hbN-KuDxUc"
"reserves.hallatt@edu.tbz.ch"|"eICbt4-nL4D35-29#Ubf"
"annotes.birdwhistle@edu.tbz.ch"|"xF4HRi-08oypk-XOHyTc"
"ai.dredge@edu.tbz.ch"|"Amj1Gi-Hx3@&G-S92cgm"
"megane.mussard@edu.tbz.ch"|"vJy#0c-#G2N&X-ZwIw@P"
"esbjoern.gowrich@edu.tbz.ch"|"@fj$oY-D7Ljrb-cUcaBl"
"boerje.brislawn@edu.tbz.ch"|"SLU6Ot-jNuNip-LF8y3N"
"becassine.wilce@edu.tbz.ch"|"%uar@l-OLI#GB-fcu9Jw"
"personnalisee.oels@edu.tbz.ch"|"FfTlzv-NSQE4S-RcoyCC"
"verane.pett@edu.tbz.ch"|"5RFp2d-y6W0Ou-fSUp5H"
"marylene.glewe@edu.tbz.ch"|"zynh$k-rXZ1ce-K&o#MI"
"lai.elson@edu.tbz.ch"|"5Pvpdh-RL7#@l-k$p2du"
"serena.difranceschi@edu.tbz.ch"|"Kr62Zb-ZnCC0V-u7QQLC"
"lie.espinel@edu.tbz.ch"|"406N7F-7OYqye-L3yxfO"
"marylene.fantini@edu.tbz.ch"|"8kq1hI-QYZa1P-GeHYT6"
"andre.archdeckne@edu.tbz.ch"|"n%z&aR-1aFHtI-CbolE0"
"goeran.bohlingolsen@edu.tbz.ch"|"RgKgC7-bmT7s7-eM#nK8"
"cunegonde.heffer@edu.tbz.ch"|"5oUhm5-cBdxtF-1mQReJ"
"tan.fechnie@edu.tbz.ch"|"D0z3BF-4zLrog-b8t@JN"
"marie-noel.brammar@edu.tbz.ch"|"GmAub6-2DE9v3-V8sFZN"
"simplifies.aven@edu.tbz.ch"|"qE2UWh-Y4TgzQ-k7MC8q"
"melys.pinchen@edu.tbz.ch"|"I0OY%7-cnaTJD-#fwxp4"
"edmee.joyner@edu.tbz.ch"|"JJWNJ6-dGngtP-$BBYp9"
"berengere.edess@edu.tbz.ch"|"kx8XUz-YFXZv#-wNcWUf"
"marie-noel.goward@edu.tbz.ch"|"%50@&g-nN01Dd-WE9scn"
"ju.edmons@edu.tbz.ch"|"aB&yb9-DYN@PY-b1gKJV"
"frederique.airds@edu.tbz.ch"|"Buw6X8-M9zUWE-gO6JYL"
"reserves.dauby@edu.tbz.ch"|"gOMzbW-cikdkN-h#gv2k"
"hakan.gynni@edu.tbz.ch"|"iQe#Rm-xQvEW3-l3QYXK"
"leonore.pinwill@edu.tbz.ch"|"nr@Eke-NJDNMs-Xj2mJz"
"marie-eve.mcallan@edu.tbz.ch"|"z&@W$H-Clf7Ht-ddJq3H"
"naelle.yeabsley@edu.tbz.ch"|"qyfBcr-XC#07l-wE&9so"
"nelie.jacobovitz@edu.tbz.ch"|"9ckrrY-sb5aI&-tLzoGN"
"adele.conelly@edu.tbz.ch"|"6uO4f@-sjLG5X-vYLxgu"
"clementine.dondon@edu.tbz.ch"|"yBAGdI-Ut82BG-eL8wch"
"zhi.willcot@edu.tbz.ch"|"ff#q54-NMOq8r-iH1ATc"
"chloe.janicki@edu.tbz.ch"|"KvD2%C-2op$uo-F4aO1x"
"meng.linde@edu.tbz.ch"|"P#u$j4-wBMRAj-OpfA58"
"celine.janisson@edu.tbz.ch"|"WxrSGG-1E1K7V-PZr&%G"
"clelia.crow@edu.tbz.ch"|"QCVKJR-UzIz5M-EX%knu"
"cecile.pyott@edu.tbz.ch"|"6d6iht-the1VP-Duk%RE"
"ma.fidelus@edu.tbz.ch"|"94@DUz-%uQhx4-zc5ot7"
"marie-helene.poore@edu.tbz.ch"|"bqpQuZ-TbIiN2-F3Dd33"
"elies.blanket@edu.tbz.ch"|"Bp15H&-wgquvO-bOilL3"
"yu.boyer@edu.tbz.ch"|"Q77gPp-kCiBjU-ucW5WL"
"celia.welds@edu.tbz.ch"|"&Cagj2-tYYsNe-ichRnw"
"du.gunney@edu.tbz.ch"|"PCiqf1-ZdZGpb-T#%0@0"
"goerel.crush@edu.tbz.ch"|"fXZEBp-Tn3kdX-6P0R@d"
"marie-josee.brosius@edu.tbz.ch"|"N#wA$l-@I2k$v-rOiqSV"
"camelia.adds@edu.tbz.ch"|"wghgnX-8iYhuo-TDgiag"
"anae.irwin@edu.tbz.ch"|"lYie8$-6CoURn-J9w$ZI"
"cleopatre.skeffington@edu.tbz.ch"|"@PpeXw-#6hEmg-skHv3R"
"gerald.suggate@edu.tbz.ch"|"v892Kt-66BJd3-8r5KQq"
"laurene.tailour@edu.tbz.ch"|"HZV%Il-@lSeps-TxDvBf"
"amelie.hoble@edu.tbz.ch"|"q@JWDk-l9bOxu-6YsqVn"
"venus.getch@edu.tbz.ch"|"dfVMA9-VSZzLa-wVjbhW"
"renee.treby@edu.tbz.ch"|"$#uH80-3ollHV-64uo#r"
"almerinda.stait@edu.tbz.ch"|"GiHy&Z-7TMSS5-&8rFpQ"
"andree.reddecliffe@edu.tbz.ch"|"LhylW7-4PtQwg-y61Qg#"
"leone.wintle@edu.tbz.ch"|"N1khra-SdhZh9-H%CM0K"
"gerald.fellow@edu.tbz.ch"|"EVy@6t-rAG2jj-vpnpy2"
"ju.gudger@edu.tbz.ch"|"A@J8OZ-DO&dFb-&37$CR"
"meng.ohaire@edu.tbz.ch"|"pmBfgk-aqeMXV-I&EJFB"
"cleopatre.missington@edu.tbz.ch"|"BbskKw-qj$fjk-p5YcQR"
"annotes.debruyn@edu.tbz.ch"|"9$h37Y-t4BECo-wEb44V"
"gerald.sinisbury@edu.tbz.ch"|"J1RQ&%-EVbzvD-Vkc0Ah"
"creez.slora@edu.tbz.ch"|"q#ZbAl-KAwHsQ-hH@337"
"gisele.benbow@edu.tbz.ch"|"%gAIF5-l5nR4N-q3biVY"
"pal.dossit@edu.tbz.ch"|"LJdJ35-AhMXk8-nKo0G1"
"nelie.stirrip@edu.tbz.ch"|"7MATbJ-rCsO6A-S4$Ydr"
"alois.ocrigane@edu.tbz.ch"|"14W75U-1x8X3J-%@Ik&J"
"kui.mcterry@edu.tbz.ch"|"msSb2J-siD2i1-O4iGeK"
"long.willgoss@edu.tbz.ch"|"SQvqg6-IjUJQX-nd8mJQ"
"francoise.sumpner@edu.tbz.ch"|"5kZqW$-klGcRM-vpWBBz"
"maely.grinstead@edu.tbz.ch"|"AsPUdq-O%&FIm-EzE$@Z"
"creez.langeren@edu.tbz.ch"|"eEEOh9-#9yE5i-&N&kVF"
"adele.dungate@edu.tbz.ch"|"4MsJQu-oELcoL-GX9%8b"
"cleopatre.noirel@edu.tbz.ch"|"SRxsLi-hIO4kA-RohiSR"
"interessant.daverin@edu.tbz.ch"|"ZQc1qN-6OlSYW-mAzO#W"
"naeva.kalderon@edu.tbz.ch"|"LxQulS-y@owYz-5vbmzr"
"anais.oshesnan@edu.tbz.ch"|"gp4hsa-Yj35KA-lx&i7A"
"judicael.anelay@edu.tbz.ch"|"J27YI&-Z7Rm@l-mzWkU3"
"eloise.braxton@edu.tbz.ch"|"@yam47-NKYxOG-1LMcNi"
"desiree.greguol@edu.tbz.ch"|"KAqZvo-p4mQpv-zOC5%k"
"maite.mcclenaghan@edu.tbz.ch"|"7J&9j5-iLnh8w-SXpDOS"
"meng.doret@edu.tbz.ch"|"YOK43f-5epFA$-qnfwDG"
"frederique.chippendale@edu.tbz.ch"|"lwiu7d-gsrSWn-yB6kRH"
"andreanne.lanney@edu.tbz.ch"|"XFkbCo-ozU1%m-&%N%J9"
"aurelie.claus@edu.tbz.ch"|"lgJGEz-Z%eZQV-uYH&2#"
"renee.pabel@edu.tbz.ch"|"Yw3RaH-ia5Y9V-PyK8BL"
"maena.roust@edu.tbz.ch"|"wf6Cs1-xf0@kr-ed1tg4"
"nadege.carwithim@edu.tbz.ch"|"0yxitq-gdOss0-OPuiHU"
"solene.geyton@edu.tbz.ch"|"#u$g&Z-1ktr9Y-V07AMn"
"dafnee.avraham@edu.tbz.ch"|"THhLA5-dKj1c8-eG1mr#"
"leane.woolvin@edu.tbz.ch"|"TvKsFC-m%ia1#-3nF3RG"
"adele.macadie@edu.tbz.ch"|"iK8tD1-chY3HI-ns0VtH"
"meline.rubica@edu.tbz.ch"|"xu1ojq-0fqdme-v5XRGq"
"marie-noel.speeding@edu.tbz.ch"|"FWPbXz-l5IP#h-uwe&fS"
"nelie.mix@edu.tbz.ch"|"aeTunL-UwsSpd-jqZx7V"
"clea.ollett@edu.tbz.ch"|"8ASGc5-mEj1LA-LMq$uA"
"leandre.mcgavin@edu.tbz.ch"|"6glBlS-1NlTN7-DTXU@X"
"cecile.behne@edu.tbz.ch"|"fKD3Cf-hc7QXF-1rU7xF"
"melanie.polle@edu.tbz.ch"|"cjmAiC-&Lglm&-XvfH3z"
"marie-josee.titmuss@edu.tbz.ch"|"KJKpSz-L2zPws-tzilrU"
"helena.guest@edu.tbz.ch"|"3fczaE-1iGaCb-gM%him"
"annotes.chicchetto@edu.tbz.ch"|"w9E4mI-HMU96Y-lFR%&P"
"melia.tubb@edu.tbz.ch"|"Ah@L1x-8Y84Ms-$YBit4"
"angelique.casetti@edu.tbz.ch"|"FD6vWF-YMw6N&-tf#7T5"
"cunegonde.cleall@edu.tbz.ch"|"S%kIlT-%8e9hc-SVoWTA"
"camelia.oaker@edu.tbz.ch"|"0ihp0h-yLWygC-9WIAp&"
"you.searight@edu.tbz.ch"|"mrYKhn-@$i03c-wBB$11"
"kevina.dederick@edu.tbz.ch"|"qZODCu-XJY5%o-W%jbwe"
"milena.jeffrey@edu.tbz.ch"|"zSfXQR-pFbF5t-37JRu7"
"melodie.barkshire@edu.tbz.ch"|"V9Y9tq-nOAK84-1@3ukX"
"gaelle.kreutzer@edu.tbz.ch"|"PF5&tl-Jqm5Um-tm7Jm4"
"kalliste.kleinpeltz@edu.tbz.ch"|"v&x8xS-7bla3h-Y247Yw"
"clementine.danat@edu.tbz.ch"|"AyDv$P-gCeSRl-h9HiiJ"
"andrea.wabb@edu.tbz.ch"|"h47uiS-MvG%cM-hmNV1z"
"geraldine.piesold@edu.tbz.ch"|"Jkzg7u-koEM71-Ei@P&p"
"tan.fiveash@edu.tbz.ch"|"PCqLKR-NQh$Z$-x0JP#q"
"meline.yuranovev@edu.tbz.ch"|"2acUoE-XkEu8g-pgekZm"
"therese.holme@edu.tbz.ch"|"AyGh8O-4oCuyr-$x7LTQ"
"salome.vaney@edu.tbz.ch"|"SL#kt5-mazpH@-eLHB3S"
"anae.abramson@edu.tbz.ch"|"Q8166R-jZszh@-uW2KdC"
"kalliste.jimson@edu.tbz.ch"|"v9S9ab-Fahm2d-6an5y%"
"selene.yole@edu.tbz.ch"|"HyE%8v-J%Of85-ak6uIT"
"agnes.defraine@edu.tbz.ch"|"d&l%oN-xf%z1W-oW4eko"
"faites.mccluin@edu.tbz.ch"|"Wi2hMU-D&&ocC-j3wdf&"
"athena.deme@edu.tbz.ch"|"ycoZs%-HdtG2G-hEPn#e"
"daphnee.brigstock@edu.tbz.ch"|"Mhq8yn-zMPuru-jVPKu1"
"goesta.skaif@edu.tbz.ch"|"h$xjmD-H2E0Oh-RWtjLr"
"oceane.jagoe@edu.tbz.ch"|"K@tKYg-DD2izd-OzyWCw"
"annotes.broomhall@edu.tbz.ch"|"i5$G%M-echkH0-oeHQia"
"marie-eve.ballendine@edu.tbz.ch"|"PdEJkm-eG@GLC-7SFkB3"
"melina.spykings@edu.tbz.ch"|"%BP1Ii-%gAXb5-tON9b1"
"laurene.ticehurst@edu.tbz.ch"|"c03EUU-M$iHax-MsJa%A"
"fei.avramovic@edu.tbz.ch"|"U2B2DM-bNMWQW-9N3bQS"
"publicite.strathearn@edu.tbz.ch"|"Pr@aRU-a3NzGv-c%7lCc"
"torbjoern.garrow@edu.tbz.ch"|"hP%@Pn-s#G%y8-AQYoku"
"chloe.rubinsztein@edu.tbz.ch"|"$izc2%-ydQS3l-2aQmQT"
"mylene.demanche@edu.tbz.ch"|"PdbFOQ-qnJzoy-CxAKeo"
"mediamass.godlonton@edu.tbz.ch"|"Uc62WS-SaErMh-j$@uO&"
"renee.shurrocks@edu.tbz.ch"|"ozlFxx-A1Tiv0-KhbHTA"
"maiwenn.jedras@edu.tbz.ch"|"mWkQxH-AjhZxn-&RrY8D"
"genevieve.castells@edu.tbz.ch"|"apshRE-ftGAob-#Q$&VG"
"renee.sneden@edu.tbz.ch"|"iKpNue-VqUZqA-7ySNxo"
"lai.mccallion@edu.tbz.ch"|"krVarQ-Ig0VBb-5RN9X&"
"kevina.impleton@edu.tbz.ch"|"b0@$mB-&Bk1ah-gE7drG"
"oesten.fresson@edu.tbz.ch"|"EQ#Z8&-Zi&K86-vz&syQ"
"verane.shawley@edu.tbz.ch"|"JlZE5T-XCK&Dc-%4OvXG"
"uo.sjostrom@edu.tbz.ch"|"bDhEyB-XZSW9U-qU6m%X"
"gisele.gothup@edu.tbz.ch"|"7IPc&e-3L8w57-OcMBxg"
"renee.beauman@edu.tbz.ch"|"0Gv#ME-b9heux-SJpiAv"
"elies.loton@edu.tbz.ch"|"WRSPMp-QKqwQO-VUCj#F"
"valerie.elsmore@edu.tbz.ch"|"Bfnpxp-OCDTLY-@Sn@#C"
"berangere.delafeld@edu.tbz.ch"|"vXlBeW-eGnYJt-pL&R@y"
"bjoern.schimke@edu.tbz.ch"|"MnF#5x-0Ufc2m-MTdok@"
"loic.ericssen@edu.tbz.ch"|"B5tpri-iu@LhY-$tYHKI"
"creez.richarz@edu.tbz.ch"|"Ji1m0V-O6xHoN-%k#LHV"
"athena.grocott@edu.tbz.ch"|"C2AxI#-JKY%kl-UcDRIF"
"naelle.piotr@edu.tbz.ch"|"dcB3tJ-2JbJWa-@zWR8J"
"maella.paulson@edu.tbz.ch"|"N&iMSW-7Hqzy8-zZHXb&"
"song.perot@edu.tbz.ch"|"umiupc-8aBQj%-JZ1rRE"
"kalliste.heckney@edu.tbz.ch"|"Ha9Po6-dI8mvS-1kK6oi"
"ake.vasyutkin@edu.tbz.ch"|"rkNmIS-xrRvum-G@Yhls"
"ma.castles@edu.tbz.ch"|"8Eco@B-TF4RkB-Eht@sP"
"maely.monget@edu.tbz.ch"|"Lj%iEt-146gJX-CkhV3s"
"tang.durbridge@edu.tbz.ch"|"8p%wMW-RCgmzr-OVMm9v"
"laurene.andrew@edu.tbz.ch"|"bBGnno-#7zJ#N-FgdEvx"
"lysea.beacon@edu.tbz.ch"|"0@JK3z-uLMpsY-j#%jtV"
"leandre.peyntue@edu.tbz.ch"|"3$NBiF-qH0b7%-7Ifuxd"
"rao.trever@edu.tbz.ch"|"$QWPZK-k#rWHr-2SGto5"
"mahelie.streader@edu.tbz.ch"|"6G#gdP-22ucDF-c4TKYB"
"maerta.andrejevic@edu.tbz.ch"|"eTb$I#-lPT@o5-p1nWh3"
"goesta.tompkins@edu.tbz.ch"|"eD6ltA-gP$73c-ou8#AQ"
"helena.agates@edu.tbz.ch"|"cMPHAg-RLUu&U-Mt7h&m"
"therese.glass@edu.tbz.ch"|"1g3PkH-sT&nJI-ZHwpnN"
"alois.foan@edu.tbz.ch"|"$cqk&O-6t6dYN-BzmaJJ"
"becassine.melchior@edu.tbz.ch"|"Qe3UKy-@#mvrF-F1U9ey"
"cloe.robart@edu.tbz.ch"|"#ilPqi-a#wAFn-rPeO0E"
"daniele.puckinghorne@edu.tbz.ch"|"Kl1g$B-w7aire-JQT&LB"
"selene.cammidge@edu.tbz.ch"|"yZAWAA-I&wixz-Ork$6H"
"regine.conochie@edu.tbz.ch"|"IZd34%-SAmVHm-K@3zh#"
"interessant.tuiller@edu.tbz.ch"|"hNZxjl-TDOT0c-Jmga3b"
"long.tiebe@edu.tbz.ch"|"zvEIE3-5XFskW-v4f3H&"
"mans.yele@edu.tbz.ch"|"x99n6V-keQsDc-xmiPw1"
"ai.giles@edu.tbz.ch"|"64bsA8-PaGudO-6x2xIl"
"gaetane.hamberston@edu.tbz.ch"|"8vr$vO-YLR5Zz-qsNw%0"
"marylene.fenix@edu.tbz.ch"|"eCpeMr-easS4C-1pXlNZ"
"geraldine.graeme@edu.tbz.ch"|"z&uXqX-%ZWpJJ-FpnoY%"
"tang.kinglake@edu.tbz.ch"|"BIqwTL-RpbYVG-mkPmrq"
"lai.challoner@edu.tbz.ch"|"LWD4CK-PCNmKL-FCY1x@"
"desiree.mattei@edu.tbz.ch"|"eVFumE-UHlIMN-4h$93J"
"ake.erley@edu.tbz.ch"|"cfh4jq-UbKKYH-1oZSzO"
"edmee.cavil@edu.tbz.ch"|"odxP7d-8e5qSI-NP%Q&s"
"alois.moyes@edu.tbz.ch"|"DGE4m@-XKTldU-1uc4cn"
"becassine.pitman@edu.tbz.ch"|"NTfQ1K-2vmSDp-lNvtww"
"ai.giacovelli@edu.tbz.ch"|"Z#32dA-CbmE$v-@yHkgV"
"judicael.fruchter@edu.tbz.ch"|"6JUZDx-$U25UJ-PZfWbW"
"mans.mogg@edu.tbz.ch"|"z3RuDF-ZCDM8E-bHtNOv"
"gerald.foyle@edu.tbz.ch"|"JGes7m-LsPNLe-rsqS6x"
"wa.androletti@edu.tbz.ch"|"Hgvhi5-lem3UI-#LQ@0W"
"meng.ollett@edu.tbz.ch"|"da7Ao@-CmNnir-jd2%zb"
"naelle.macmenamy@edu.tbz.ch"|"Lj0%%0-GjUrvF-CE8fDx"
"gisele.mcramsey@edu.tbz.ch"|"#OzhzC-F1yZGr-FBpAfl"
"meryl.scolts@edu.tbz.ch"|"EM%9ap-js7Hda-WujNXI"
"celia.bloxsome@edu.tbz.ch"|"WHzlKT-NwacRj-G6tfvA"
"styrbjoern.stuke@edu.tbz.ch"|"PpJigx-7D0S#z-nB#6gA"
"felicie.gwilliam@edu.tbz.ch"|"J1cPwe-M8z&bm-4b$Pr6"
"da.harms@edu.tbz.ch"|"RV#puh-yTAK@Z-C9eyrQ"
"celestine.baulk@edu.tbz.ch"|"4aypbv-Kn5nVB-1fcq$5"
"mahelie.blackledge@edu.tbz.ch"|"$BEYWJ-hTt&VU-vcTVvU"
"meghane.salt@edu.tbz.ch"|"jwM8Ch-1yVc9N-duZ9rh"
"methode.paxeford@edu.tbz.ch"|"pOnRyx-jh1cZU-m09nY#"
"asloeg.milligan@edu.tbz.ch"|"LWafjG-SEGsUV-kLzs6&"
"you.pellman@edu.tbz.ch"|"IuA7jd-hJ0PU8-YMTwzB"
"loic.regenhardt@edu.tbz.ch"|"zeJwFY-2Pt0uP-dqz3gH"
"daniele.savill@edu.tbz.ch"|"Q&1rDK-hX9B2f-8ZE51O"
"alois.cornu@edu.tbz.ch"|"0VdzZI-k@v2k$-QbBT2$"
"oesten.govey@edu.tbz.ch"|"D9AZ21-TwTOy3-&pOQ$J"
"marie-eve.louch@edu.tbz.ch"|"aN#642-73&C@s-VZs2e1"
"theresa.wenn@edu.tbz.ch"|"BD2uYU-UmVzCQ-dA&BcC"
"andree.eul@edu.tbz.ch"|"bZpys6-1TJW@g-@ro#nK"
"lie.paynton@edu.tbz.ch"|"wZiSc9-iktmWX-6EdJpd"
"marie-eve.girodier@edu.tbz.ch"|"B6rozB-Vb8@#3-t@$5LM"
"marie-noel.smithe@edu.tbz.ch"|"iVle0b-7usiL7-m3@Vie"
"men.bootyman@edu.tbz.ch"|"b2LCFp-pUBBw@-aQaZBc"
"ku.sugg@edu.tbz.ch"|"UkGsst-MemUT1-%j$cm%"
"lucrece.roseman@edu.tbz.ch"|"4SRUn9-NM9HYm-2yLwLf"
"zoe.annear@edu.tbz.ch"|"Pyw2MA-Y#Iyz#-C1F@TN"
"marie-helene.rennebach@edu.tbz.ch"|"f#KfI%-IQaCb8-4NEcbu"
"lea.djurdjevic@edu.tbz.ch"|"beu74d-ujX&xc-7Qhl1T"
"goerel.robert@edu.tbz.ch"|"WPm4Tx-xP7VhZ-vcjSgY"
"mylene.foldes@edu.tbz.ch"|"s%dxXZ-WipbCk-h2xjNV"
"faites.clegg@edu.tbz.ch"|"@NLkm&-T5K9Ai-TyUF5v"
"marylene.crowcher@edu.tbz.ch"|"Iolm4N-3KG1Eg-v#BM1w"
"aimee.wimpeney@edu.tbz.ch"|"KEW9s0-9yPMfF-6BJpgp"
"renee.atkins@edu.tbz.ch"|"QFvhay-yHc7xg-JGclSw"
"rejane.cainey@edu.tbz.ch"|"K26B@1-JdHy%F-4AUFPn"
"solene.britney@edu.tbz.ch"|"1hRSD#-$vLBae-ky8o0Y"
"marten.shatliffe@edu.tbz.ch"|"wr8vff-UUD@Fo-F%H6FS"
"maite.issatt@edu.tbz.ch"|"Njm7i#-6ep#1f-kJ1w6%"
"maelyss.edon@edu.tbz.ch"|"g8Bx$F-%e2n4V-455c53"
"nuo.bamling@edu.tbz.ch"|"k4jVO@-jYnoT6-ghR3%4"
"anais.edards@edu.tbz.ch"|"6D1k$d-n&IlQs-5Qc10w"
"mediamass.bromet@edu.tbz.ch"|"TqtI29-74RMb&-90KRQV"
"beatrice.kimbrey@edu.tbz.ch"|"5fMsgS-g&Li2D-tCCBYb"
"ines.lawranson@edu.tbz.ch"|"0xkKI6-kJOUVS-SjqYks"
"kalliste.scandroot@edu.tbz.ch"|"QpHOU$-jKBF8l-l8G8o9"
"mans.barrowcliffe@edu.tbz.ch"|"ZdqpNC-xyWIWE-RazCFT"
"irene.couves@edu.tbz.ch"|"6F9CYo-Qm9bmV-b44TO7"
"milena.mucci@edu.tbz.ch"|"qewrMt-dVPte7-&IEPjk"
"naeva.cow@edu.tbz.ch"|"5$&Nui-bOa8vc-%XkFLG"
"audreanne.mournian@edu.tbz.ch"|"D1c4L%-0CODX$-EmIHAr"
"melia.sinnatt@edu.tbz.ch"|"sGBzTi-CoMDDu-lyy36F"
"nelie.burnard@edu.tbz.ch"|"U1f1I0-Mwzdr$-l&$YFx"
"clelia.ashfull@edu.tbz.ch"|"hVeaby-GX8ZOn-LoSAfO"
"lie.macard@edu.tbz.ch"|"ZyT14e-o@LnN@-B7AIag"
"valerie.matoshin@edu.tbz.ch"|"pflRDY-&BTb$d-xQivRJ"
"anael.hatherleigh@edu.tbz.ch"|"M4VzjH-LV5NJE-59@VH6"
"interessant.warratt@edu.tbz.ch"|"WVZ3Pg-R8m6i7-Tr%Zqn"
"eleonore.volage@edu.tbz.ch"|"DYodE%-Qb5%oT-et70qL"
"zoe.stebbing@edu.tbz.ch"|"wM7k%0-GyKJ%v-FRSRxi"
"alizee.nye@edu.tbz.ch"|"d%Qrnb-JET@r#-t0#%s1"
"celestine.bramley@edu.tbz.ch"|"c&OCLX-oh9DUS-L6Uck8"
"selene.philcott@edu.tbz.ch"|"ZSIf#T-UNcSwb-lgTNWl"
"tang.newens@edu.tbz.ch"|"o1Ec9v-u4C8F$-$HAHXD"
"annotes.powys@edu.tbz.ch"|"NvpWGw-$15w1w-m4OaLY"
"lea.matthesius@edu.tbz.ch"|"&zilz#-410sGN-yoDBjK"
"illustree.garlett@edu.tbz.ch"|"YZqRcx-e$M51s-ritpGr"
"maiwenn.meachem@edu.tbz.ch"|"oGqyFM-Z&06fg-RG4ota"
"marie-francoise.mcbrady@edu.tbz.ch"|"ErFdih-516shQ-ypJ6nC"
"illustree.gimbart@edu.tbz.ch"|"pIYPL$-0Qv7hy-xfwFA0"
"melys.lyosik@edu.tbz.ch"|"5x48dH-SCUWXb-Eemjxu"
"marylene.mcnab@edu.tbz.ch"|"ni#fI&-Y7%xmK-0dUM$5"
"gerald.blount@edu.tbz.ch"|"#G&dR@-WOp%ZY-g3zDaF"
"clelia.shakelade@edu.tbz.ch"|"74jenU-XW%sOp-$SXk@L"
"penelope.cridlin@edu.tbz.ch"|"AKW#et-ROuTg&-D4Pjos"
"maena.okuddyhy@edu.tbz.ch"|"OgH&yE-MTdMaw-M6K9Gv"
"athena.keynd@edu.tbz.ch"|"VX2zAN-L2HaB&-7NKewA"
"cloe.dwine@edu.tbz.ch"|"TIAx%Y-edHcvc-rq0kj9"
"josephine.browett@edu.tbz.ch"|"&zxdHq-jvmrB4-#bxwvV"
"audreanne.oscanlon@edu.tbz.ch"|"JiOPwe-RM9t6h-1#UvIS"
"fei.jeanequin@edu.tbz.ch"|"FWbpKG-uWAfqu-jy8#n8"
"lois.gormally@edu.tbz.ch"|"QvegtN-lIVR4I-t0qOjP"
"marie-francoise.finnigan@edu.tbz.ch"|"ik54@y-tiNkz0-TJYunA"
"leonore.trussman@edu.tbz.ch"|"HMwbND-72RgM$-xMp$zT"
"anaelle.trumper@edu.tbz.ch"|"JiwCoq-TFgFL#-1BG6lm"
"clemence.dionis@edu.tbz.ch"|"q6%dzc-ru%#w4-SXFQ#y"
"lois.tranmer@edu.tbz.ch"|"3yojs2-Vnos8T-IXauMH"
"interessant.volett@edu.tbz.ch"|"@bWH5G-Y&BNxP-hhNTW8"
"personnalisee.deackes@edu.tbz.ch"|"JV2H9@-ywIqov-v8bdQ1"
"lie.vasiliu@edu.tbz.ch"|"1rNTqF-9WeH7l-DPM156"
"dafnee.lamputt@edu.tbz.ch"|"g97aHP-UTHJ%x-6sIPLG"
"elies.bromige@edu.tbz.ch"|"54lAAk-JuCpPC-OnAFWU"
"helena.klosser@edu.tbz.ch"|"$TFUkA-tghzle-dm7#ap"
"andree.grim@edu.tbz.ch"|"dT#kY8-X06Zd6-B0HuoF"
"verane.coldbath@edu.tbz.ch"|"VE1qUd-SivTVI-9wd8GQ"
"helena.bethell@edu.tbz.ch"|"Rlvz5a-Px6to&-FyxRk2"
"kalliste.carefull@edu.tbz.ch"|"pJghOP-AvJur$-1thNiC"
"regine.odams@edu.tbz.ch"|"Ft@PO2-8SOmuf-uChWw#"
"len.stannus@edu.tbz.ch"|"7&%OdP-vn#rPa-C8VGou"
"angelique.works@edu.tbz.ch"|"XCL9Vo-PeQo9c-jNJhNy"
"goesta.rheaume@edu.tbz.ch"|"Lv6Rdg-G7d0gF-owJLY7"
"maelys.tynnan@edu.tbz.ch"|"6Va4jK-FpDEv0-gGWWUz"
"maelle.carlesi@edu.tbz.ch"|"kokeAe-Zkfb#b-jAax02"
"anael.spurden@edu.tbz.ch"|"PIeUgG-eFrky7-Iqju7L"
"helene.pumfrett@edu.tbz.ch"|"&z1G&N-xD147J-H4uZlO"
"goerel.pearn@edu.tbz.ch"|"m6hU1R-Nw19Ga-&n0KJL"
"laurelie.dezamora@edu.tbz.ch"|"C#4p4I-yY5coL-eNDtWZ"
"yao.twidale@edu.tbz.ch"|"pxy@zn-kZ6G6G-7w0nJ$"
"berengere.sola@edu.tbz.ch"|"S85bLs-UpyXRy-wB663D"
"maelann.hardistry@edu.tbz.ch"|"2QhXM1-QwsETY-%k6XBM"
"severine.littlefield@edu.tbz.ch"|"PTr1HU-@tzkD3-j0uAzY"
"salome.heinl@edu.tbz.ch"|"yJV4Yb-9YESlK-oEoTdm"
"meryl.warbey@edu.tbz.ch"|"WTe433-HN1njR-$Pewt1"
"da.hunstone@edu.tbz.ch"|"hYTAib-cPkHNd-Gn#oRy"
"venus.broadbury@edu.tbz.ch"|"c23##W-gXxCK7-oa6xw3"
"meghane.rentelll@edu.tbz.ch"|"eTx8cy-m2dBA4-dI#ihW"
"marylene.drewitt@edu.tbz.ch"|"%u9rTt-%C1i2C-JgZmS6"
"melinda.jacquemet@edu.tbz.ch"|"wA1sbO-Ame4Wj-Bf2b0M"
"marie-josee.keyden@edu.tbz.ch"|"CUiJoE-4Vuh3U-LQWU9h"
"asloeg.montacute@edu.tbz.ch"|"F40IeU-gxw$u@-9kvVxJ"
"ku.andreou@edu.tbz.ch"|"TI1LUP-Eg9rvs-8IYFYZ"
"personnalisee.feaveer@edu.tbz.ch"|"FRBaMq-OMgOyD-FLPYi3"
"laila.emptage@edu.tbz.ch"|"2@vQBy-hz7ePq-M&U#Yl"
"bjoern.dawdry@edu.tbz.ch"|"6@pSmE-Ud3v%D-&PgqJi"
"marie-eve.dinsell@edu.tbz.ch"|"2xT2rn-N7QFSZ-PJNEeB"
"helene.follett@edu.tbz.ch"|"OzSWXI-ENnP9&-387Z3d"
"penelope.cordero@edu.tbz.ch"|"MIkHOy-mTWr8N-PyfS3I"
"boerje.beedell@edu.tbz.ch"|"cI%KTd-AtTSST-wb&y2D"
"nelie.ferne@edu.tbz.ch"|"M6HusP-#syH3y-13nw5y"
"celine.ahmed@edu.tbz.ch"|"@cApUu-ky2Auv-XCN#&D"
"stevina.pimblett@edu.tbz.ch"|"jN3yum-@$etYB-irbzy5"
"chloe.langlands@edu.tbz.ch"|"RtVqmB-ENFCRv-K9Olp#"
"simplifies.maude@edu.tbz.ch"|"6AmQlE-XgZe6p-qVJFoR"
"genevieve.decarteret@edu.tbz.ch"|"bT$kb3-ssnty2-0$@I6W"
"marylene.mughal@edu.tbz.ch"|"jokmZu-whS%dS-JBfoQ5"
"goeran.guttridge@edu.tbz.ch"|"KEl8U#-#7rBZ8-Mu8&@y"
"michele.smurfitt@edu.tbz.ch"|"k0cPdS-DAnEcN-EL9N2E"
"methode.hadeke@edu.tbz.ch"|"CLTItv-UI4WL1-QESaed"
"therese.rispine@edu.tbz.ch"|"QKleNx-KaTsnR-rBUdym"
"goerel.plumley@edu.tbz.ch"|"ZoaMFG-O0TRhD-9t4ALf"
"oceane.friett@edu.tbz.ch"|"F4OR&V-HFZQaz-0R#gy2"
"marie-noel.achromov@edu.tbz.ch"|"zxFrUP-txCium-mstq%c"
"dorothee.storek@edu.tbz.ch"|"&eL$jX-4XtTLu-ErroUp"
"goesta.whittle@edu.tbz.ch"|"SNGSfx-DUsk21-hwzBd4"
"desiree.casely@edu.tbz.ch"|"192W%7-2l6TZO-hqEZU7"
"felicie.condon@edu.tbz.ch"|"Xd&72d-oN#lW4-Ut6fHb"
"maelyss.frisdick@edu.tbz.ch"|"Ha&c03-rqqlJj-vnkn2l"
"aimee.banke@edu.tbz.ch"|"Rc8jHc-dncCmm-fTdRTK"
"naeva.hodcroft@edu.tbz.ch"|"1EQ3Sn-H0nZ$K-mpUn7o"
"laila.gerrans@edu.tbz.ch"|"@UUmLO-5Yah07-itpDiX"
"daniele.scrimshire@edu.tbz.ch"|"JqQ9$P-Hp@H8N-hezqqs"
"daphnee.sheerin@edu.tbz.ch"|"4r#$ty-2bL9LN-gO%ENc"
"pal.vanyukov@edu.tbz.ch"|"P5u4OL-93TM%0-actONd"
"zoe.childs@edu.tbz.ch"|"CK3x83-1Y7Muw-L9eP3t"
"ai.corde@edu.tbz.ch"|"HQXr%I-wxh%5i-FabIpX"
"maelys.berryann@edu.tbz.ch"|"qcThr5-WdpPAo-Quup5y"
"cloe.gladding@edu.tbz.ch"|"t1b7ZJ-bvX6pt-qXU0FM"
"wa.kinnaird@edu.tbz.ch"|"VgpHOc-Kj5M1e-RvbpTi"
"publicite.brittoner@edu.tbz.ch"|"pjK$bB-iRU5Rb-W8KKRU"
"rao.windress@edu.tbz.ch"|"kgRQI$-Fs2tml-EDnY%i"
"uo.kollach@edu.tbz.ch"|"G8WYa7-S$Wzz3-qljhKg"
"josee.peskett@edu.tbz.ch"|"#mc&6A-i&QpT4-8Mh@CL"
"annotee.hasel@edu.tbz.ch"|"aGhnSG-jbK58H-iSrC4R"
"cinema.lee@edu.tbz.ch"|"6y214M-ZnxpHF-9lkiSl"
"lai.vedeshkin@edu.tbz.ch"|"0Mh$aT-CR2IBh-hjX#Ag"
"renee.brisbane@edu.tbz.ch"|"jXuiH2-eeNuh2-$uUY#%"
"ophelie.blincoe@edu.tbz.ch"|"%S#43l-R#Hven-&$zu7O"
"zhi.prazor@edu.tbz.ch"|"lpdT9g-f2Zzz2-T&$lHG"
"annotee.maddicks@edu.tbz.ch"|"xLJr5h-gaMprx-NGR7bZ"
"maelyss.codd@edu.tbz.ch"|"wM0MwN-6pFd0h-#Xammx"
"celia.peplay@edu.tbz.ch"|"7ueAga-BN#7jO-5&@oup"
"interessant.skone@edu.tbz.ch"|"wWeVek-pUnctV-q1dQet"
"audreanne.hebdon@edu.tbz.ch"|"8XZSZP-XqiNmn-l9gq6X"
"oceane.glen@edu.tbz.ch"|"rzSd9L-Ca38&a-mipGhQ"
"daniele.vanyushkin@edu.tbz.ch"|"R50ipi-cCf75A-@YK$6q"
"daphnee.ayce@edu.tbz.ch"|"zHD%Sv-itsc2D-Ou%89$"
"andrea.attride@edu.tbz.ch"|"KpVJuj-JYthz7-9IA1PJ"
"penelope.bridgwood@edu.tbz.ch"|"7OFOOG-jnVJy#-GnIygn"
"mailis.drewitt@edu.tbz.ch"|"Gxnl30-CeN50M-CAWuiN"
"penelope.mollene@edu.tbz.ch"|"$MBPD@-SANy8z-pCufnU"
"illustree.keely@edu.tbz.ch"|"y3xgLm-eNQeav-6j@2OE"
"meng.brisseau@edu.tbz.ch"|"xYWJcL-j5cQFG-Id%tYm"
"ruo.cleiment@edu.tbz.ch"|"46Z9EC-2%jNUS-YIe$zl"
"maite.krammer@edu.tbz.ch"|"RMoNm@-tjC7gV-qbOw%B"
"genevieve.verry@edu.tbz.ch"|"BxNC%S-FvT$$p-6N&ZyZ"
"lea.olochan@edu.tbz.ch"|"n@CPMt-tzZyiC-a4om7u"
"naelle.brunnen@edu.tbz.ch"|"oSt1Gd-bE#ehJ-Wk29dA"
"goesta.bragginton@edu.tbz.ch"|"YmaJns-mvE0I$-vMNFUN"
"fei.danilyuk@edu.tbz.ch"|"vNgPfJ-peI0%C-81jW9z"
"adelie.turbitt@edu.tbz.ch"|"xu%zkz-7hfxZM-crqKNO"
"marylene.nutman@edu.tbz.ch"|"Y2WL7i-h5KVRA-a5QvJj"
"therese.barbrick@edu.tbz.ch"|"%4&$h#-AvhqM9-ssOu5&"
"melys.kolodziej@edu.tbz.ch"|"TDiHdn-n1vcOg-y#T6ua"
"melanie.runchman@edu.tbz.ch"|"ZMT4cm-N1l9kR-bvDria"
"serena.lafond@edu.tbz.ch"|"2X3HLI-rt@f1x-l#6#2t"
"pelagie.desmond@edu.tbz.ch"|"z3%I&z-Dln7x6-XKX26o"
"wa.spickett@edu.tbz.ch"|"20K9@r-SgMtIZ-VbZyvq"
"po.shave@edu.tbz.ch"|"MtHh1w-JHauDQ-N@oRwU"
"song.huikerby@edu.tbz.ch"|"94q7#k-9nbizW-QaxhE9"
"melinda.bimson@edu.tbz.ch"|"3EB@hH-hXq&IO-WNzytM"
"personnalisee.toffanelli@edu.tbz.ch"|"3I%W@S-xYp1qr-2W4vji"
"leandre.hurn@edu.tbz.ch"|"T@c@bt-v&sE4%-#XhRaj"
"oesten.standell@edu.tbz.ch"|"agCwX9-jpMQHf-U$ecJF"
"naelle.smaleman@edu.tbz.ch"|"EybU8S-rRhSb$-uNKjKi"
"berenice.tayt@edu.tbz.ch"|"950XWl-jStquk-ZgdTcB"
"kui.popplewell@edu.tbz.ch"|"5J@gTL-2nqKFo-LF@fL$"
"melodie.ferandez@edu.tbz.ch"|"hcyNNy-#pVb#3-%&NtO&"
"josee.negal@edu.tbz.ch"|"TKxnsp-h0SnNk-mXHgK4"
"melissandre.ferrelli@edu.tbz.ch"|"%kSk#O-%Y&6g$-2NsX78"
"josephine.kemmer@edu.tbz.ch"|"iXjEMO-FMmIGf-tgAPtA"
"maely.cayette@edu.tbz.ch"|"AhpdAD-jUK1Jd-h$kRtY"
"nelie.vela@edu.tbz.ch"|"NtjUmh-UMPPmO-2x#Ol$"
"melina.cortes@edu.tbz.ch"|"OtRcww-NRSXNJ-D$wtVf"
"megane.leyshon@edu.tbz.ch"|"nSUKKx-cv@rz5-jydwGS"
"regine.harrie@edu.tbz.ch"|"rk#Pz9-FTehTI-1gzAHQ"
"mylene.widdison@edu.tbz.ch"|"KOqATt-yjtOGe-JoDf8l"
"pelagie.vivash@edu.tbz.ch"|"qZ9SoD-vJbM3p-i2AQOF"
"styrbjoern.vicarey@edu.tbz.ch"|"LGi@jm-Odmgef-HkLFZj"
"long.kyles@edu.tbz.ch"|"GiCZEg-nKc$1o-REkgaI"
"stephanie.gipps@edu.tbz.ch"|"DiZ7hM-1PNW@h-wnZmOD"
"clea.constantine@edu.tbz.ch"|"2Dzlwj-#AZxdk-&zQvkP"
"maella.cometto@edu.tbz.ch"|"GRus9V-DbDE@2-fvW4Hb"
"laila.aubrun@edu.tbz.ch"|"@6UOF4-rBKGt$-t%k%z5"
"yao.austins@edu.tbz.ch"|"&Dn@HI-D&OO62-CGOgpB"
"mailys.rylstone@edu.tbz.ch"|"ZvyIUh-Z9bs1m-$wov$U"
"adelie.curuclis@edu.tbz.ch"|"ftlBf%-oxtL$u-HVngqC"
"celine.longhurst@edu.tbz.ch"|"MlGXje-2@d%&a-vC$aR0"
"gisele.hazell@edu.tbz.ch"|"nGJP6L-s5hU6$-FT@QSl"
"celestine.ciccone@edu.tbz.ch"|"i%f@4J-H%QlH$-mA6F%m"
"maelyss.doole@edu.tbz.ch"|"@3iT0u-vA8hI3-B&6Kcq"
"helene.grimsdike@edu.tbz.ch"|"KO&l3U-bhlIfB-eTbMQ1"
"lie.macer@edu.tbz.ch"|"fDXupB-R#H0Bj-JBpv@$"
"maely.izard@edu.tbz.ch"|"aRchvu-sx9C#s-4YlRL$"
"erwei.breewood@edu.tbz.ch"|"qULgtF-mTJCDB-ZEfxfQ"
"chloe.woolford@edu.tbz.ch"|"6dVF8k-J&viCW-M&#bWH"
"cleopatre.turpin@edu.tbz.ch"|"L&dtuQ-TNT4OR-I1vG$m"
"melodie.surgison@edu.tbz.ch"|"1thUTm-cuuRul-lOmnIc"
"elies.leander@edu.tbz.ch"|"49a0t9-x4%kFh-oY7bLu"
"mediamass.reignould@edu.tbz.ch"|"J2ejuz-e9MuYZ-bStDKc"
"celestine.wasmuth@edu.tbz.ch"|"E4yR6p-g0Avcm-hVL5KH"
"marten.jervis@edu.tbz.ch"|"8ucSBT-zSfDPB-jZjuWO"
"daphnee.bour@edu.tbz.ch"|"IbEOHU-3OztvL-YqiqH%"
"regine.harlett@edu.tbz.ch"|"zRnxtN-Uu1@iC-2rtU4U"
"noemie.macaskie@edu.tbz.ch"|"%OSwi0-Hz&dO9-p$r@9e"
"loic.renfield@edu.tbz.ch"|"D99acz-tb$eXE-$5&5Wp"
"venus.kleinert@edu.tbz.ch"|"6NkVL9-soi#vD-4JqV7I"
"marten.burlay@edu.tbz.ch"|"JpUl3&-xeU2bI-9T$hYa"
"berengere.radsdale@edu.tbz.ch"|"Vafx@L-YyTBLS-&RKNJ6"
"genevieve.duckit@edu.tbz.ch"|"RwlVgn-vZzE@o-pa4&fP"
"maely.ligerton@edu.tbz.ch"|"nCASic-W8&4@i-kvRmEe"
"maeline.ricciardelli@edu.tbz.ch"|"%JRIN&-axMpTr-TB0MNf"
"personnalisee.yggo@edu.tbz.ch"|"QD2hmW-$kp@Kc-7FF1qE"
"alizee.pettinger@edu.tbz.ch"|"BVH$PC-dJY82@-U4TSN8"
"desiree.curnnokk@edu.tbz.ch"|"SjTDGm-Fv2V&3-YjbAYc"
"dorothee.minors@edu.tbz.ch"|"4bDnt0-@IWp8M-hoZQdN"
"oceanne.kopmann@edu.tbz.ch"|"K7rzy5-$YVL7M-KxkE9j"
"almerinda.brodbin@edu.tbz.ch"|"#fd1Vq-WSx$io-WAwzbZ"
"yenora.carsberg@edu.tbz.ch"|"tYdgC4-fS1Euu-Id0y3D"
"wa.beetles@edu.tbz.ch"|"%x6lnk-4ESo0w-ghpu@a"
"audreanne.abbot@edu.tbz.ch"|"RDrwlS-Yy0Eql-C3wgPv"
"noemie.capper@edu.tbz.ch"|"5AFE6i-OWh5WU-MNSdcS"
"mans.abramamov@edu.tbz.ch"|"09&ZwI-TGfJaZ-yOfJkd"
"audreanne.blakey@edu.tbz.ch"|"LRGFuY-u&Eo0r-rszZpg"
"leone.klimpke@edu.tbz.ch"|"Q2S8Ia-8TCU2Y-9JZ7JH"
"lie.croston@edu.tbz.ch"|"4lxM%C-eCt8Qq-Iqpl@d"
"anaelle.baistow@edu.tbz.ch"|"2EjIsO-fE4G1i-LeYw1u"
"michele.garwood@edu.tbz.ch"|"%j1cgW-Zq%LRK-Ewy@zs"
"interessant.albion@edu.tbz.ch"|"NlMfmj-%WpLlS-LJvAGY"
"andre.brisco@edu.tbz.ch"|"&jHmAX-tBYdZA-#u1N5@"
"tang.totterdill@edu.tbz.ch"|"0kT6P%-JQS@Ux-IF%#HM"
"marie-josee.braundt@edu.tbz.ch"|"RDhajQ-pzX&Hu-soDkB3"
"lois.galer@edu.tbz.ch"|"TdLC0i-0idJNJ-Xe9Lw6"
"faites.pellamonuten@edu.tbz.ch"|"c6q&4F-K6Keut-NqUQfM"
"mai.barfford@edu.tbz.ch"|"CVsIr5-nCOo1@-Ojqvai"
"laurene.macilory@edu.tbz.ch"|"lBFhmM-aYBbn@-Sx314y"
"elea.peak@edu.tbz.ch"|"wtjif$-5Lx7GZ-frStcP"
"rejane.doni@edu.tbz.ch"|"GEjY6u-%fRDQz-V#h$7%"
"mahelie.ector@edu.tbz.ch"|"FQrLPr-1lwAUS-V8avbJ"
"rachele.allum@edu.tbz.ch"|"LiLk$3-cgm@9F-u9z6@z"
"laila.gerretsen@edu.tbz.ch"|"1KNUQr-FTXPZ3-C79%iA"
"ines.bowman@edu.tbz.ch"|"rGBXBW-bucG%#-m3xKkv"
"publicite.barbary@edu.tbz.ch"|"41pAuS-9whdqQ-in3$lK"
"mailys.smooth@edu.tbz.ch"|"yYlvBS-ema%1n-5C7xzG"
"mailis.huguenet@edu.tbz.ch"|"W4yEfT-HKHEIw-QWkKfj"
"lea.ewer@edu.tbz.ch"|"H#HyLu-Gl04XN-HYisXU"
