"email"|"password"
"melodie.vandervlies@edu.tbz.ch"|"OVoBUp-&Nbcko-%taKim"
"angele.edgecumbe@edu.tbz.ch"|"TTVhpF-wPNlXz-gpDDlG"
"zhi.andreasson@edu.tbz.ch"|"WUdttt-8jmk1%-C7A2&X"
"judicael.koppeck@edu.tbz.ch"|"GJa1OT-QDe4Vs-FxKfAt"
"berengere.capron@edu.tbz.ch"|"j#loYl-rKQVDL-peq44P"
"leonie.brosini@edu.tbz.ch"|"rmF6YK-J@$Qkc-$96NbJ"
"venus.garfit@edu.tbz.ch"|"0&RcPE-u43ej#-kIFrx@"
"melina.janota@edu.tbz.ch"|"#yCYqa-L$H4gv-s1wnUe"
"laurene.bake@edu.tbz.ch"|"vq8$CC-DTWgHd-m&WR7P"
"regine.dorkins@edu.tbz.ch"|"sSrw$0-4vxXOn-ztextl"
"cecile.moffet@edu.tbz.ch"|"l4qt5A-mEO7yg-$7v$5a"
"maelann.labrone@edu.tbz.ch"|"Qg6GFP-xPm24j-f4pYvr"
"melinda.newbold@edu.tbz.ch"|"Ea$Wce-eEkHxp-aN5yYa"
"mans.itzhak@edu.tbz.ch"|"zpvCAL-IfMbW@-Fgk9Xp"
"melodie.pattlel@edu.tbz.ch"|"VKs#&o-BbM3OA-ZUR2rF"
"celine.bonett@edu.tbz.ch"|"cfHzAt-c5vpR7-0HytvH"
"adelie.mcgreal@edu.tbz.ch"|"N@Pk@e-8iq7hI-Oc5gXZ"
"helene.soldan@edu.tbz.ch"|"MeTiOR-cqkWGe-PdZr$S"
"michele.cluer@edu.tbz.ch"|"@1uM@7-IV7&Dx-APB5f0"
"maeline.mueller@edu.tbz.ch"|"jWu@Kt-wG5#t2-b6HSuO"
"maelann.benedito@edu.tbz.ch"|"iA#QKs-8E@rtf-o2@K0m"
"nuo.gransden@edu.tbz.ch"|"X7Sasy-nO91oa-Qr&Ecz"
"berengere.stainton@edu.tbz.ch"|"I6OAQ$-l4Tfk5-LygmI8"
"wa.sabater@edu.tbz.ch"|"pScIGe-A@yI2J-SmzIMv"
"anais.cochran@edu.tbz.ch"|"qXczQc-QysX1T-1pyO8$"
"gerald.bessant@edu.tbz.ch"|"&yG#u5-fAS@oq-mOwlwO"
"ruo.coffin@edu.tbz.ch"|"Oi02t1-R01nvC-8mHY62"
"melodie.mustill@edu.tbz.ch"|"&e53Js-OzViy6-2U2OxH"
"ruo.stanesby@edu.tbz.ch"|"XLj8IR-DNIO$y-8n8L%X"
"noemie.antognelli@edu.tbz.ch"|"5hRrzf-k4i&Jc-AAfG3d"
"maelann.hughson@edu.tbz.ch"|"#b@2Qw-JQNecy-8uWU4i"
"milena.mieville@edu.tbz.ch"|"M$5&$t-G&J5Q#-EdErVp"
"mailys.chamberlin@edu.tbz.ch"|"nCW9uI-#BOqPc-x$t52O"
"nadege.tomalin@edu.tbz.ch"|"c&TAO2-gQKD6Y-8#4Z4$"
"oceane.omara@edu.tbz.ch"|"GhtuzB-GURf3W-0J#V%S"
"cecile.aguirrezabala@edu.tbz.ch"|"t7a1Qu-4Ttzcq-Q2sJ7c"
"maella.gwillim@edu.tbz.ch"|"UwNf2x-bDFdZU-uwlKMR"
"lea.mcgahey@edu.tbz.ch"|"v#EuO8-rkXQxx-DEqZS4"
"laurene.hagerty@edu.tbz.ch"|"N6n8MC-CQ03gn-3o#K7h"
"dorothee.link@edu.tbz.ch"|"W9Aqnt-lZk2DR-mYF6Gt"
"clementine.kynsey@edu.tbz.ch"|"nzaWne-F%tL%a-GFRoB3"
"lorene.smitherman@edu.tbz.ch"|"GE@weu-zirf9k-q@zZFr"
"cleopatre.klulicek@edu.tbz.ch"|"doRG8G-DrR5PY-QQy5eA"
"laurene.castaneda@edu.tbz.ch"|"pxI@BX-RcTMTj-$Z6Tif"
"melia.constant@edu.tbz.ch"|"jzZCpz-zlk4v2-MTpDHv"
"lucrece.clunie@edu.tbz.ch"|"XbuDAa-7Ylk7Q-T7Zbm6"
"eleonore.mcmurthy@edu.tbz.ch"|"bFohRs-omVVvJ-uwR1T$"
"melia.bevar@edu.tbz.ch"|"tSGrpg-AaD#ow-JOXSeV"
"camelia.bontine@edu.tbz.ch"|"2N$Cy4-QUIEem-zqzr%B"
"methode.jozefczak@edu.tbz.ch"|"7NM2&B-i4SdjX-U#wnlX"
"audreanne.hinsche@edu.tbz.ch"|"RZ84Ll-jXjLxE-6l1QSY"
"andree.varne@edu.tbz.ch"|"HofmWy-ZVwQSE-sUn3as"
"marten.kinleyside@edu.tbz.ch"|"Mp4Ykk-kfyLIR-As3d%&"
"esteve.mcewan@edu.tbz.ch"|"JawJj@-WfE$Hp-bKrB69"
"leane.dibbert@edu.tbz.ch"|"IHrbE%-K5EUC9-IUoM3b"
"ma.thewlis@edu.tbz.ch"|"AfMQj4-6RPS1r-Uj$Cfd"
"clea.djurkovic@edu.tbz.ch"|"zggGTK-4RI$bz-N6EAGA"
"rachele.reburn@edu.tbz.ch"|"ncBMIN-K&MKf@-5yjZxh"
"gerald.gowling@edu.tbz.ch"|"&Bgeqb-uSsH3P-VE#3H9"
"cleopatre.jackson@edu.tbz.ch"|"J2igAI-L3Ekkn-7juKXI"
"desiree.haskins@edu.tbz.ch"|"U&pcyz-BrrnUy-6SgOez"
"eleonore.longson@edu.tbz.ch"|"sHTHLk-pSSmxx-k4zzQ#"
"leane.dybell@edu.tbz.ch"|"cxau#v-0gDDZ9-wxqPOB"
"becassine.grzesiak@edu.tbz.ch"|"8NOzXx-j&8@v7-sWJrz7"
"marie-josee.pickin@edu.tbz.ch"|"zkTFh7-c&#uVZ-wfueZG"
"marie-josee.roxby@edu.tbz.ch"|"MKxMF6-fEYrBz-%a3pnz"
"leonie.feenan@edu.tbz.ch"|"yb3uDY-j#Em6E-@WXEJ1"
"valerie.ellum@edu.tbz.ch"|"F2r$n8-YclJvH-NB1QSA"
"ju.caseri@edu.tbz.ch"|"Ro3JVX-sTKxcX-$mx@2Z"
"boerje.strangman@edu.tbz.ch"|"%cWLcF-iq5$Zu-kUJuqu"
"beatrice.ghidelli@edu.tbz.ch"|"O82jgM-F1rLVi-5uZYyI"
"da.jablonski@edu.tbz.ch"|"T5NF13-LiUHfq-5#M5BU"
"uo.beveridge@edu.tbz.ch"|"k9uAY5-&Mr3dw-ZhFKVC"
"valerie.bestman@edu.tbz.ch"|"azBRD1-fyQT%8-lbFJuB"
"marlene.pohls@edu.tbz.ch"|"o4NSBS-SxzZBH-hE%3jQ"
"ma.nolda@edu.tbz.ch"|"byoLYe-oEWNbF-5$JiFT"
"marlene.bisiker@edu.tbz.ch"|"sb4wwJ-T$Jwpv-px4XiL"
"estee.babon@edu.tbz.ch"|"t9e#FA-H&D0Mt-nmwOGL"
"simplifies.dmisek@edu.tbz.ch"|"mMHQ4y-qkTJiC-qqTff&"
"selene.ganing@edu.tbz.ch"|"hdJFk7-XnI2&D-#Y7YWm"
"meryl.penke@edu.tbz.ch"|"Jz%ler-IQmSM7-EnxKWf"
"anais.rawcliff@edu.tbz.ch"|"Zxh0At-RqFDhS-tU9#Zq"
"melina.andri@edu.tbz.ch"|"IuDh7k-NBnQX3-GD6HOK"
"audreanne.fodden@edu.tbz.ch"|"ZCtp5c-zpngS5-ZCP9CT"
"bjoern.spellesy@edu.tbz.ch"|"wSPVVz-aZujsL-Zpej3M"
"francoise.summerscales@edu.tbz.ch"|"7uhQ%y-aB83JW-dBzV&&"
"laurene.ashtonhurst@edu.tbz.ch"|"3958$O-y$32lQ-uMTtkr"
"valerie.petters@edu.tbz.ch"|"URIUiN-3Ely9h-AKji#Y"
"anael.spenclay@edu.tbz.ch"|"I6oPjD-3#9Mn@-7EH&2b"
"stephanie.keech@edu.tbz.ch"|"GncQU2-jzFnKw-DTREvO"
"ines.deveril@edu.tbz.ch"|"rTZBkj-p$cBo9-XKssX9"
"berenice.gelder@edu.tbz.ch"|"oO9Xg3-Q7J4Vb-#0Ynq6"
"melanie.ofogerty@edu.tbz.ch"|"Wb8lFe-2zRAfm-ceSYv&"
"frederique.canepe@edu.tbz.ch"|"&ISua3-rO7HFV-GAdRzZ"
"nuo.otton@edu.tbz.ch"|"2z7mjf-CvM#kB-4uLXus"
"genevieve.trusler@edu.tbz.ch"|"fg%btF-4a9lQQ-BdoibQ"
"ju.boag@edu.tbz.ch"|"CScE#C-tOOLiR-UHIvg0"
"josephine.dilucia@edu.tbz.ch"|"YUJefv-7%QIdf-M2%#x%"
"laurene.armsden@edu.tbz.ch"|"Ca9IEf-$iFFb5-TH3KPF"
"becassine.griffe@edu.tbz.ch"|"$GONc1-&HDbcT-ZjQ9xT"
"alois.parres@edu.tbz.ch"|"jm3JLG-Qqngc4-rufMQg"
"cleopatre.gaffey@edu.tbz.ch"|"#$D1Yp-jbNyr7-sr@naQ"
"andre.stiger@edu.tbz.ch"|"xs2m1a-MjNVmg-%V1g7c"
"beatrice.godleman@edu.tbz.ch"|"%rEcIx-2yrGKv-%SP1Kd"
"hakan.harrhy@edu.tbz.ch"|"$xTlVb-9lOJG4-OUOjF&"
"celestine.dagnan@edu.tbz.ch"|"KXZVq1-4IIfu8-dwS3rD"
"clemence.haggart@edu.tbz.ch"|"F3#Tfh-QvqcQ1-LqAO#8"
"long.caban@edu.tbz.ch"|"UXOiF#-7BvjD#-PMKRmY"
"gaetane.grimble@edu.tbz.ch"|"bdEDQK-Zk3spj-AZ1GxH"
"maelann.piwall@edu.tbz.ch"|"IauxMS-Z8yTuO-%j1FQQ"
"magdalene.loble@edu.tbz.ch"|"B&rQ#X-wZArLY-i6fBZF"
"veronique.domaschke@edu.tbz.ch"|"PUYLC8-AFH&%p-AFpFLm"
"clea.herity@edu.tbz.ch"|"z&a39q-$n9tdX-arfZjs"
"maelann.bambrough@edu.tbz.ch"|"Avw2Ll-Yv1Ib%-IYxUeB"
"clea.goulstone@edu.tbz.ch"|"I9Ba3f-TZFQtQ-AOiHR1"
"renee.deleek@edu.tbz.ch"|"1Kr8d6-eWOciq-HPB#N0"
"boerje.rudderham@edu.tbz.ch"|"Th834Q-6gClZX-VHmrmu"
"marylene.broune@edu.tbz.ch"|"@atBbu-9luT%a-$FUX7i"
"nadege.mccuish@edu.tbz.ch"|"pc#@un-jl%TGV-0WKaBt"
"anael.littleover@edu.tbz.ch"|"QdCzP2-nE$fiy-&MNHFA"
"lie.baume@edu.tbz.ch"|"vGyNQs-@LPdqY-RIHM7V"
"maella.murrow@edu.tbz.ch"|"X7t9A3-7I%Rid-z29BO3"
"cleopatre.pettifor@edu.tbz.ch"|"wzgWy%-os7caP-2Iq15&"
"geraldine.asker@edu.tbz.ch"|"&S1YQs-o7#f7Q-OVPRMg"
"gaetane.smedmore@edu.tbz.ch"|"TMvrUN-bKVSNP-FmdHxJ"
"meryl.blencoe@edu.tbz.ch"|"Ku0Nje-y1hMyk-EE7gsh"
"aurelie.chastaing@edu.tbz.ch"|"QBWA83-KCSN@e-bxoNDd"
"oceanne.marthen@edu.tbz.ch"|"4#u#XQ-lwDm##-lzVGSn"
"dorothee.burrill@edu.tbz.ch"|"B8k&Ah-TznpYI-WEve9U"
"hakan.belden@edu.tbz.ch"|"5rBRU5-LFRPxt-wKN3Fa"
"celine.brunning@edu.tbz.ch"|"nvCEQ9-NxsTTN-ic&@Xd"
"anael.lapides@edu.tbz.ch"|"3cQXSQ-ZNAPB5-cQy&L$"
"ruo.saffran@edu.tbz.ch"|"@sq1Ra-#0Pvbt-hdkPKU"
"loic.gerretsen@edu.tbz.ch"|"D%UJz8-CLQyRB-Oxw4oG"
"rui.fitzer@edu.tbz.ch"|"T@67A@-uGf4QY-JGjLeI"
"annotee.ogers@edu.tbz.ch"|"1fk1E1-YPomgx-Qts8Ar"
"boerje.bindin@edu.tbz.ch"|"g1R#xv-rutwS6-vgjyzs"
"ma.cronchey@edu.tbz.ch"|"paKCAn-b8erq7-c$URrf"
"laurelie.baiyle@edu.tbz.ch"|"QeapCx-VHH&7f-Ul0PXp"
"dorothee.older@edu.tbz.ch"|"reHi@m-WV@nmP-UzbEPE"
"laurena.wile@edu.tbz.ch"|"Cn%jzl-4jfN2s-mFX9#L"
"clemence.brito@edu.tbz.ch"|"bcGeHH-$vruge-lQHYuL"
"nadege.dallin@edu.tbz.ch"|"6KJ%Cm-2kKo$g-rMe5CP"
"mailis.matley@edu.tbz.ch"|"2H%jNb-bhg4he-Ow72E%"
"daniele.screaton@edu.tbz.ch"|"kpWtkM-wZvwkV-2JYwnH"
"mediamass.godly@edu.tbz.ch"|"zHnsLj-gM84r5-7yzIed"
"leone.kremer@edu.tbz.ch"|"U#Cpbj-90V%u4-yB3TY&"
"asa.adrian@edu.tbz.ch"|"txOU$Z-lAthKr-3HpZuH"
"adele.doley@edu.tbz.ch"|"BfAfu9-eH355C-kKr7HN"
"fei.sidney@edu.tbz.ch"|"$UEWGk-#$m4c#-%E&F10"
"marie-josee.walisiak@edu.tbz.ch"|"VwI2Y%-#jU&Pm-FF65Ws"
"desiree.diplock@edu.tbz.ch"|"xNTANX-0@fZq#-JGGPr&"
"gisele.schust@edu.tbz.ch"|"ryag50-uuatqI-%kKiHL"
"ma.longshaw@edu.tbz.ch"|"VgyR2E-hO4iNm-11VpXR"
"da.boother@edu.tbz.ch"|"L0aJsL-ICODdl-sckruo"
"simplifies.chaudhry@edu.tbz.ch"|"AZRdq%-gXc7SB-ymg2Dp"
"garcon.baniard@edu.tbz.ch"|"HrRz9W-4Fz3F5-XxsL5G"
"gaetane.elphee@edu.tbz.ch"|"macTFf-u6yo1r-4kEC$V"
"gisele.hassey@edu.tbz.ch"|"lV5S91-M6u30t-PrfPeU"
"oceanne.booley@edu.tbz.ch"|"qRM9RV-fR0$PP-GgR3Kz"
"oerjan.dibden@edu.tbz.ch"|"1SPXBU-lsTggl-jXCVh@"
"regine.ocleary@edu.tbz.ch"|"$F%Qfq-NLa2vc-BvHl4T"
"selene.persse@edu.tbz.ch"|"L1Oqw%-afWP7M-xGRvQP"
"helena.adenot@edu.tbz.ch"|"MPQ%dA-fHbm6A-snpFd0"
"maelann.wassung@edu.tbz.ch"|"3%%a&r-Tjct87-%Ncu8z"
"frederique.ackermann@edu.tbz.ch"|"lUzJPR-S6QPMI-P0cKeh"
"audreanne.kahen@edu.tbz.ch"|"%X3a56-7paA%k-L$kyfI"
"maiwenn.lasty@edu.tbz.ch"|"v#RUV9-9pUcIl-YMhrLe"
"yu.dictus@edu.tbz.ch"|"u6tqb@-l12fHO-Q@eIVW"
"anae.dukes@edu.tbz.ch"|"#Ubhhf-d%m%Eq-EwidXv"
"yenora.warr@edu.tbz.ch"|"Dh%mcE-3KghDi-BC$RAk"
"esbjoern.archibold@edu.tbz.ch"|"5wWURj-NKYBHW-wuzwWg"
"milena.pardal@edu.tbz.ch"|"3Zd%bb-lAvG2R-fBORZg"
"celestine.graveston@edu.tbz.ch"|"8E9CMY-gBiZW6-tt8$dy"
"maena.dallas@edu.tbz.ch"|"UFGVYm-gHhmmB-@7uWUY"
"andree.tuke@edu.tbz.ch"|"CWYooH-kPq3XJ-q54Mjm"
"methode.seldner@edu.tbz.ch"|"ZD92jZ-6Kh9LV-GzTIWV"
"venus.bullas@edu.tbz.ch"|"ukkND9-@UkCb8-h#RoD$"
"mans.aguirrezabal@edu.tbz.ch"|"gsbqp5-sxlQ0e-j2O1XK"
"gaelle.eadington@edu.tbz.ch"|"8ii7oO-5ZqHR4-73sHkL"
"anaelle.falkner@edu.tbz.ch"|"Vb14qD-DyM@bg-QYUIeS"
"ophelie.height@edu.tbz.ch"|"rk3aL$-IEKPHW-4@6YXL"
"marten.bolding@edu.tbz.ch"|"Y@upiN-2bTNbX-b7I4Ky"
"pelagie.guswell@edu.tbz.ch"|"A5Ga&b-hYtUQD-&gI6YS"
"gwenaelle.lecount@edu.tbz.ch"|"E#fybi-HC$fU%-UsZiJD"
"hakan.laden@edu.tbz.ch"|"oAAi9j-oPe$YK-gWIfpC"
"marie-josee.hylands@edu.tbz.ch"|"mw9kpN-kkX%zc-omGWSc"
"zoe.kingshott@edu.tbz.ch"|"tXGenE-i0p1LK-47RR2D"
"josee.janous@edu.tbz.ch"|"vYn1s4-f8iXAM-X49MfF"
"laurene.gallally@edu.tbz.ch"|"We4Phn-CGWJi@-jYZfUo"
"anael.bickle@edu.tbz.ch"|"EuY6eE-oagCIU-nZpDlZ"
"mediamass.lebbern@edu.tbz.ch"|"2QcjA%-s8T5ft-SxEjHx"
"berengere.hovy@edu.tbz.ch"|"rdc9tU-khXI1L-NYwrin"
"oerjan.kilmurray@edu.tbz.ch"|"eXKvBn-ckS57W-O2Cz6T"
"asloeg.venny@edu.tbz.ch"|"LD19NA-k#5Tf8-zEFr4k"
"marie-noel.stoad@edu.tbz.ch"|"eMWQ6G-f@3DlX-KdYO09"
"hakan.pettifor@edu.tbz.ch"|"oIiFL0-m52@qT-Vl2D0w"
"maella.willgrass@edu.tbz.ch"|"@VR7P2-v8elK#-$q3Tvy"
"therese.ludovici@edu.tbz.ch"|"Tpq8e4-pjVRT4-@0R4Yk"
"stephanie.trewhitt@edu.tbz.ch"|"OqX0G#-sBigR#-z$AKg9"
"maerta.bauduccio@edu.tbz.ch"|"yZLhTH-Enuy9s-M7p&At"
"gaetane.glaisner@edu.tbz.ch"|"fMFw3k-suEo3J-JL%Y#F"
"naeva.pargeter@edu.tbz.ch"|"VYLqj3-$YqqSc-A@v2%D"
"salome.venable@edu.tbz.ch"|"nx1uHK-TbvaLa-HASlaP"
"boerje.thickett@edu.tbz.ch"|"ksXcfY-gSGL35-YdRk8V"
"lucrece.prendergrass@edu.tbz.ch"|"kuS%N6-U6PV87-Uq2td%"
"laurene.ockleshaw@edu.tbz.ch"|"T%X5Gj-l1$S0s-FRwA3t"
"cecilia.pasticznyk@edu.tbz.ch"|"U$Nrqt-LooevN-JvM9Dm"
"stevina.mackey@edu.tbz.ch"|"AJIMq1-LYtP36-7BBThR"
"marie-noel.reven@edu.tbz.ch"|"AoA5L$-odgnLU-XubCOu"
"melina.quilkin@edu.tbz.ch"|"@l9#xH-7V4Iey-VtOFjh"
"marie-noel.ferrie@edu.tbz.ch"|"LetRFB-YGY4h#-i&4&Mc"
"leone.alphege@edu.tbz.ch"|"goA6U6-1ifILw-3Q9TPV"
"zoe.leverson@edu.tbz.ch"|"CwRJiw-sCwREu-q7gVal"
"annotes.grayne@edu.tbz.ch"|"C11$EC-c$gcwH-0ZSZ#T"
"faites.lalley@edu.tbz.ch"|"LSY6uV-#IFIs@-AxW0$f"
"adele.wallis@edu.tbz.ch"|"HthW80-kITqV7-8rVe6y"
"severine.madill@edu.tbz.ch"|"EbJCRq-Z0qUh3-v85toz"
"valerie.tebb@edu.tbz.ch"|"j@TWeU-Jm6ss5-RtiuAd"
"kalliste.rasper@edu.tbz.ch"|"VJaRmx-#iWzgq-KafzIu"
"audreanne.palomba@edu.tbz.ch"|"jH71CM-jC2tgy-quUbdN"
"elea.adamik@edu.tbz.ch"|"0npiGk-4avn1q-OhpVAA"
"reserves.jakuszewski@edu.tbz.ch"|"@7Wt04-Rd7CDC-DVJV#1"
"athena.belhomme@edu.tbz.ch"|"$ssMg2-ILK@3I-EQ9@VH"
"rebecca.crippin@edu.tbz.ch"|"&b5u7W-j8zkvP-KFbW&P"
"maiwenn.curman@edu.tbz.ch"|"7Pk%8W-bhS@Hi-qwqsd5"
"andree.bunner@edu.tbz.ch"|"HhpW5M-#Cm&@q-Up2UcM"
"ruo.winckles@edu.tbz.ch"|"a3znJR-TXzzJS-9CVufC"
"naeva.buntine@edu.tbz.ch"|"p@jHds-dD51YI-hrbQuQ"
"boerje.dollard@edu.tbz.ch"|"LFMgPY-M1QJ$j-wmHKOu"
"penelope.gorman@edu.tbz.ch"|"ZOtpGU-i99DJi-9RzlpR"
"alois.robelin@edu.tbz.ch"|"k7ldia-EhKNzq-$9IhRz"
"anaelle.tindle@edu.tbz.ch"|"ZHUsGG-G%YCt5-E%Vt&9"
"ye.frears@edu.tbz.ch"|"L9dcOE-WjSLwW-rOGUVA"
"andree.ovid@edu.tbz.ch"|"yMFe#y-rd5010-Fo7bi%"
"hakan.peat@edu.tbz.ch"|"SCwnXr-jC4hxP-F2Xvz5"
"andre.januszewski@edu.tbz.ch"|"ROnv5F-okcAE1-bdEm55"
"annotes.clemmett@edu.tbz.ch"|"ZI8#8W-CjJYsc-GuOO7S"
"pal.lambswood@edu.tbz.ch"|"KZe2mL-pe7o#Y-EMnrsb"
"yao.lenton@edu.tbz.ch"|"g5FdEt-Q2cDhJ-1kTLew"
"hakan.boyton@edu.tbz.ch"|"l$UpUY-goN4jt-acW%SL"
"nelie.forsey@edu.tbz.ch"|"cY@x1j-hwxGps-Hqecku"
"hakan.horche@edu.tbz.ch"|"Rw%IPl-F06TC#-hRZGkv"
"lorene.sinkings@edu.tbz.ch"|"7e#$RN-Stt3Xm-itIQK6"
"marie-therese.creddon@edu.tbz.ch"|"dyjIRM-$#Gzd3-hbiIy5"
"berenice.tolworthy@edu.tbz.ch"|"F#AS&Y-yXGY1m-r53P9l"
"theresa.land@edu.tbz.ch"|"moOwaD-%@G9Pk-HvncNA"
"marie-therese.gianilli@edu.tbz.ch"|"5a#KwT-cQLzDp-QpmBRY"
"meryl.glew@edu.tbz.ch"|"n@zNxs-YXPxNn-o96Uw2"
"adele.debling@edu.tbz.ch"|"Ku1WxR-odpE&s-wEKwa1"
"anae.metzke@edu.tbz.ch"|"@mP8hF-Ers1Sl-iv9x$X"
"gaetane.gooden@edu.tbz.ch"|"1i&ERS-RQ3sFE-4EyNc2"
"laila.bootland@edu.tbz.ch"|"oWN7Y8-Ezd8#7-mLrrBx"
"maite.helsdon@edu.tbz.ch"|"kr2Pg#-i5BjbS-2LmxBo"
"andree.malley@edu.tbz.ch"|"5kKdEf-mJa6zB-lryUEy"
"pal.simmens@edu.tbz.ch"|"rA5#ad-oh@xjJ-5yabgL"
"maelys.nuccitelli@edu.tbz.ch"|"dKfcCM-#3DZlK-hGqP#Q"
"dafnee.sibary@edu.tbz.ch"|"wrPL7#-xLrt7B-3nqpah"
"alois.harsnep@edu.tbz.ch"|"Ra5BEx-ce7YWa-@cKiK7"
"marie-helene.lacky@edu.tbz.ch"|"5P5xeY-CVlha1-W@LTNm"
"mylene.youthed@edu.tbz.ch"|"O4lEgV-cnQGbq-%pQ%y4"
"marie-helene.dehmel@edu.tbz.ch"|"0@GB24-v&ysD3-inuVZE"
"angele.batman@edu.tbz.ch"|"gGSUHy-yE#A48-L%#qTx"
"melia.younghusband@edu.tbz.ch"|"vOQuye-#KEVGq-mTql&V"
"eloise.baldi@edu.tbz.ch"|"Jn&GC&-aZwD48-F1pR3Y"
"illustree.dun@edu.tbz.ch"|"W9Vpb0-$J0vNn-sG3B99"
"genevieve.late@edu.tbz.ch"|"&JyFV@-@oBOxF-pfl#QR"
"celestine.colville@edu.tbz.ch"|"@aBNN3-%s$oJZ-9#tou#"
"gwenaelle.scarlon@edu.tbz.ch"|"yWlJ9z-bvoKMg-pNOyx&"
"regine.boddie@edu.tbz.ch"|"QmM&IZ-&E1S51-APIXUd"
"creez.gaughan@edu.tbz.ch"|"qDFOqI-r1ZH@Y-RRNkay"
"gaia.longford@edu.tbz.ch"|"HnBs98-z1Lf$3-c$QxS8"
"mailis.buckby@edu.tbz.ch"|"lncu%U-FdApTa-edo&g8"
"song.parbrook@edu.tbz.ch"|"A3xZkw-HIGN8$-bvFAu2"
"frederique.heddan@edu.tbz.ch"|"Se%Q7T-8PotVJ-#gK4Qr"
"ake.kirtlan@edu.tbz.ch"|"NmMG5&-UDiduf-#jmjOJ"
"nelie.runciman@edu.tbz.ch"|"vjatQj-b9F#k@-6jtMzI"
"mailis.cardnell@edu.tbz.ch"|"ms0BoO-kmy@lt-F5egV5"
"irene.navarro@edu.tbz.ch"|"AXiPk8-JtY9Ga-iMxe&Y"
"maite.cough@edu.tbz.ch"|"DcHJw9-6@464C-gvacRh"
"anaelle.stocky@edu.tbz.ch"|"fm9&W$-ORMRgO-BZb#Ds"
"methode.moulder@edu.tbz.ch"|"i7sY5&-Nxro%k-BcXh@c"
"po.stafford@edu.tbz.ch"|"Xj1RDt-&&cE8Q-f%uFr4"
"faites.scraggs@edu.tbz.ch"|"XKALJt-@Rh@96-q6y58W"
"adelaide.dullard@edu.tbz.ch"|"Or4Lre-W%8Loe-N2VDVc"
"desiree.leonard@edu.tbz.ch"|"MobR72-IYWTmZ-nBq7a%"
"geraldine.badgers@edu.tbz.ch"|"T23V1y-bFsSAP-nIZou9"
"ruo.masic@edu.tbz.ch"|"uUGxy@-7IqQIP-WQ223o"
"aurelie.lieber@edu.tbz.ch"|"nE@G6v-PBJI2&-4h8BSc"
"naelle.balcock@edu.tbz.ch"|"HZpbaA-1XxsJe-R&NyFe"
"camelia.elger@edu.tbz.ch"|"vnkSu7-9S48yD-1rs7@O"
"publicite.oakeshott@edu.tbz.ch"|"URCAJU-4pkulI-rGIuW3"
"cleopatre.fawley@edu.tbz.ch"|"wBkNoD-Pm#Zzq-mP6oUQ"
"laurene.bruckmann@edu.tbz.ch"|"RwY%um-d$me0O-lqDyC8"
"rui.haughton@edu.tbz.ch"|"1AiU6s-EGUSxR-iKtFok"
"asa.ladewig@edu.tbz.ch"|"y%oHcv-rqm6kZ-Ui3xAr"
"gisele.janecek@edu.tbz.ch"|"V61vdK-JMwuCm-c4P50V"
"maily.loveridge@edu.tbz.ch"|"MYikGv-hstZFc-sm20I&"
"marie-eve.yurkiewicz@edu.tbz.ch"|"BGsc8D-t#zxax-DG9PIe"
"fei.roder@edu.tbz.ch"|"sed22n-o0%&5J-RspbJ@"
"edmee.chatburn@edu.tbz.ch"|"fSyCyp-i2jzVI-u$TUNe"
"geraldine.darke@edu.tbz.ch"|"m7nt04-dRw5Eg-M6d88%"
"ye.jira@edu.tbz.ch"|"twtIHb-mZtZ#o-lPUb8v"
"publicite.persent@edu.tbz.ch"|"e6IZZY-V14JL@-T#Ynsk"
"severine.wilcox@edu.tbz.ch"|"x$Y#uI-Kp0uQi-sh8tX4"
"yao.mcclaren@edu.tbz.ch"|"cXpQJK-1M%7Cs-bABGTi"
"theresa.foynes@edu.tbz.ch"|"jPf5%A-LS3acq-wmFAR&"
"stephanie.isley@edu.tbz.ch"|"KHuqbu-v09Q&L-FDX9%I"
"torbjoern.growy@edu.tbz.ch"|"cJtAKU-1yYKbZ-T4kw6r"
"eloise.tunnadine@edu.tbz.ch"|"XkGajn-gfcOYe-MA2pcl"
"maeline.cossentine@edu.tbz.ch"|"meSE2b-yKEm#S-FO&Za1"
"nelie.desantos@edu.tbz.ch"|"1AmHmz-Z@iRtq-tGoWDA"
"gaetane.axston@edu.tbz.ch"|"Q3QNX6-9wQ6oF-9Aozp%"
"aimee.merman@edu.tbz.ch"|"SDLBJ%-5Qchvl-p8Yzof"
"oerjan.drivers@edu.tbz.ch"|"EIG6Gi-ZyFMM$-ElLd1F"
"aimee.miroy@edu.tbz.ch"|"QmVKEd-#Dg#zK-yXF@jH"
"nelie.glyde@edu.tbz.ch"|"APMIIc-rlvb6s-pM$Vq8"
"hakan.kapelhof@edu.tbz.ch"|"MklkLl-CbBnGI-Ud1%dR"
"maelyss.cauley@edu.tbz.ch"|"ven24&-nuCXfQ-FCkqPW"
"elea.vaggs@edu.tbz.ch"|"rIE3yO-MIJU%M-VfKbVQ"
"maelys.but@edu.tbz.ch"|"oKAV&I-XJ&zsG-vVmS2l"
"maella.arthurs@edu.tbz.ch"|"AAS98b-%HQyPL-GS1spm"
"adele.liebrecht@edu.tbz.ch"|"KVbTlV-H6tgeD-jWQQ0U"
"meline.lomasny@edu.tbz.ch"|"2Uw9JH-EzEtvX-&23$ti"
"mediamass.schwant@edu.tbz.ch"|"md#GMx-PWzUUR-1KsiXH"
"leone.saunt@edu.tbz.ch"|"fABGbA-@bDCon-G%CF73"
"annotes.gouch@edu.tbz.ch"|"F&YJ$T-1JEIs5-3volgW"
"gaetane.bowich@edu.tbz.ch"|"OjPqVH-DV5MGI-HaSoge"
"alizee.strelitzki@edu.tbz.ch"|"8Ao2OF-dG@OWF-lN4QVe"
"leone.poile@edu.tbz.ch"|"iS&EWo-QTCZr4-i4TtPE"
"amelie.saban@edu.tbz.ch"|"E9pEkC-bUmAgJ-A7j8UJ"
"marten.mcmenamin@edu.tbz.ch"|"Z$@fFi-T%kIIH-#ajCYI"
"becassine.keets@edu.tbz.ch"|"CGEtb$-5eD$5N-o1vLTo"
"celine.million@edu.tbz.ch"|"tuTFzT-VJOUKt-mANiD4"
"geraldine.belitz@edu.tbz.ch"|"I0W89c-tj8vc&-dA91nh"
"salome.mardling@edu.tbz.ch"|"iPY#8m-Rrpc@#-2L3kFV"
"melia.blakemore@edu.tbz.ch"|"$z03PF-DJXx2C-4XCf4b"
"dafnee.mcaulay@edu.tbz.ch"|"Li6Bbh-$eA3RR-8$n0rA"
"garcon.dennett@edu.tbz.ch"|"yo#5FD-LNkGcb-GVwzgH"
"interessant.lesor@edu.tbz.ch"|"OFxvhn-0YKC5q-&granN"
"annotee.wasbrough@edu.tbz.ch"|"8p7gJP-%$l1Un-Yz3F6O"
"asa.ibbeson@edu.tbz.ch"|"0f%J6R-e5ikQa-qahy17"
"maily.kennealy@edu.tbz.ch"|"iNFhr$-47qQC9-3QmBtm"
"ye.seares@edu.tbz.ch"|"$bSMN9-UIGFOW-NpKCCo"
"athena.harbron@edu.tbz.ch"|"Tqn3Zk-OM2iMh-FPy$yA"
"andreanne.portail@edu.tbz.ch"|"O8zyQ3-IpRZ@K-SWmRvW"
"goeran.zannelli@edu.tbz.ch"|"2AH3WR-&W5qxp-vVy#ej"
"gerald.leathlay@edu.tbz.ch"|"FWNxDe-WLitXs-kURiah"
"andreanne.chown@edu.tbz.ch"|"c9wu#Z-3s3fyc-crxmJx"
"esteve.clementel@edu.tbz.ch"|"25lY9c-0M9wrc-k8qKE6"
"leone.legan@edu.tbz.ch"|"hDN%8k-#RET7f-5xsGZW"
"maena.pownall@edu.tbz.ch"|"Vr9uiP-Kz4%Hk-ouSmAO"
"andree.rettie@edu.tbz.ch"|"i7d1Bg-U7xcuY-g&oy7z"
"ines.kenwrick@edu.tbz.ch"|"EAoRTj-Mhm1Cu-c4ozV@"
"marie-helene.yarnall@edu.tbz.ch"|"6$B4QS-HzVO%7-gXVSI$"
"po.martin@edu.tbz.ch"|"8mnEli-OTaoo5-kAfFu5"
"ruo.celiz@edu.tbz.ch"|"S16ZOM-SDbXsI-WDFk2A"
"po.bissett@edu.tbz.ch"|"hL#vGq-c%xJvv-yQ6KIk"
"du.swindon@edu.tbz.ch"|"nz80h1-OXg#L6-OEzXGg"
"interessant.gouldthorp@edu.tbz.ch"|"%UW3P8-@Hadjc-6qXctn"
"leandre.lilburn@edu.tbz.ch"|"AJ2RJA-MiY7W5-S%&&UP"
"bjoern.whales@edu.tbz.ch"|"3CNBRt-kmU$Kk-nodzBN"
"interessant.dieton@edu.tbz.ch"|"pkyrh8-IOfr28-9RxdE#"
"celestine.redhills@edu.tbz.ch"|"F3JDMY-w20mJb-KjfW1x"
"tan.yakovlev@edu.tbz.ch"|"Lap06t-E&2fyA-aGWs5$"
"regine.mcdowell@edu.tbz.ch"|"@$KnPX-$kQBI&-Vi3ctn"
"ju.coysh@edu.tbz.ch"|"KlDbon-a#N6UB-z1$TqL"
"reserves.ofallon@edu.tbz.ch"|"cgmetm-eG8UD4-j7aX1g"
"frederique.sobey@edu.tbz.ch"|"P6ryz#-q$fSXa-z4pjgW"
"marie-eve.garstang@edu.tbz.ch"|"mH6PPS-Mq2#K5-ovT5Oh"
"andre.tapin@edu.tbz.ch"|"0gYFTx-#FUJf7-E6HocL"
"esbjoern.eynon@edu.tbz.ch"|"08pQSq-ZuAAyK-IJcIcs"
"maella.duffy@edu.tbz.ch"|"lUTykp-61bQlv-6zXH1n"
"leandre.twinning@edu.tbz.ch"|"vqRdMu-YjOKjR-xY&%uO"
"mai.whittingham@edu.tbz.ch"|"xIgt5E-oTUFfe-clceKA"
"rachele.shevelin@edu.tbz.ch"|"AVRMlE-fiMVMl-XaW4Q%"
"cecile.mcure@edu.tbz.ch"|"RoMuwg-y1zgB1-PHSbB1"
"marie-eve.yurkevich@edu.tbz.ch"|"tq03bs-zteK0u-PjMp1w"
"almerinda.paice@edu.tbz.ch"|"68ayel-8%e8qh-CuHYRX"
"rao.howkins@edu.tbz.ch"|"7%Gg@s-&Z0Lwz-QkHRoQ"
"serena.pack@edu.tbz.ch"|"&@ZRRB-kh&JR#-nVarN8"
"rebecca.mant@edu.tbz.ch"|"PWMHyB-k%jSlC-JeJihU"
"reserves.spitell@edu.tbz.ch"|"X0RHDF-kxNKDH-rH1m@r"
"garcon.hamfleet@edu.tbz.ch"|"QB#s4l-1lVKiB-e4Z7Ur"
"methode.kerkham@edu.tbz.ch"|"HReg@0-MaBCsz-J11EG&"
"pelagie.camies@edu.tbz.ch"|"@Bk%4L-6%mE98-6roMny"
"josephine.macpharlain@edu.tbz.ch"|"J9$lVX-2mJ%PI-24Vf4d"
"eugenie.mathet@edu.tbz.ch"|"35%AdP-36wtNg-U5uV6D"
"gaetane.brangan@edu.tbz.ch"|"5tBfHp-QNGDx5-SViX9A"
"michele.dewbury@edu.tbz.ch"|"dW%gii-OMYN6q-Wsq3i@"
"eugenie.elcott@edu.tbz.ch"|"mDoPbw-rg3lA0-UJ2$I2"
"megane.harniman@edu.tbz.ch"|"ygirP%-Ves6gI-pkcvBu"
"agnes.cluney@edu.tbz.ch"|"mbr5uZ-GQBoAy-SwS2%Q"
"marie-helene.angear@edu.tbz.ch"|"5A@7Wl-BZ3uYb-&3YsPT"
"melia.dolphin@edu.tbz.ch"|"7cEegg-iPaLWk-$zdZn0"
"lois.ruseworth@edu.tbz.ch"|"k3jY6c-zuQ$nR-o&kBpc"
"mailys.ryding@edu.tbz.ch"|"ZfUUZx-FzeQ$U-1PSMFa"
"rachele.wulfinger@edu.tbz.ch"|"s0G8XJ-@T5R@t-uzHm2m"
"gwenaelle.talton@edu.tbz.ch"|"GqBo1g-4s2kWu-dyg@G1"
"long.ronchetti@edu.tbz.ch"|"7PMPZs-6XHfxW-9Ysh4E"
"styrbjoern.kloska@edu.tbz.ch"|"xB4aKo-bNLvPD-FeD@iA"
"len.sudran@edu.tbz.ch"|"vXaA7y-OwgYwI-2U3Nui"
"maelle.andrysek@edu.tbz.ch"|"zDW%Le-EcfakJ-s%53SP"
"selene.senior@edu.tbz.ch"|"0#sIf#-OMuycE-rbNMFB"
"anais.joskovitch@edu.tbz.ch"|"i5Rjyf-bREK@J-C1$nis"
"marie-noel.dally@edu.tbz.ch"|"6iGa7N-VM8nYG-H@KZvq"
"marie-helene.laurence@edu.tbz.ch"|"buUnx4-mX11Gj-HF6k1L"
"camelia.foxon@edu.tbz.ch"|"B3WLb3-Hy#7vR-ZkCw3n"
"helene.cankett@edu.tbz.ch"|"rfvJRw-&ZtgLM-KqaupT"
"marten.mitchelson@edu.tbz.ch"|"NrOGBe-3AfaMP-I$HSr6"
"helena.stirtle@edu.tbz.ch"|"oXPHD1-6d1n@X-N7AKp8"
"leane.barmby@edu.tbz.ch"|"yHrwz%-#yUudF-op&AF#"
"goeran.ofinan@edu.tbz.ch"|"Lb60Y$-o66Yy9-UucPmL"
"styrbjoern.proby@edu.tbz.ch"|"zYVzQM-l73I#R-upo5kG"
"zoe.halse@edu.tbz.ch"|"PzlBnj-Topq8X-p1Ua&R"
"kui.drable@edu.tbz.ch"|"iIO2bc-sPMldH-3yj$Sy"
"desiree.bamford@edu.tbz.ch"|"6eku@L-%KPndN-e%k1We"
"zoe.suller@edu.tbz.ch"|"Q#lUYi-fG$CPU-#RRnDl"
"marylene.audiss@edu.tbz.ch"|"jgzGOY-8mcN5V-$HMCF#"
"adelaide.poznanski@edu.tbz.ch"|"9eEDHW-qMXAm$-2akX$2"
"maella.coleyshaw@edu.tbz.ch"|"bfolb0-GGC5@5-#Pn8QT"
"marie-francoise.gelder@edu.tbz.ch"|"HgviS3-q%uOGv-B0jB0T"
"eleonore.chaffyn@edu.tbz.ch"|"WUl&5U-xg5pr7-tkA%3P"
"celestine.sikorsky@edu.tbz.ch"|"Go$Dm%-jM2nAp-o#qSEl"
"stevina.londsdale@edu.tbz.ch"|"jwUdEX-Ay%qC&-81gg0l"
"maiwenn.nevitt@edu.tbz.ch"|"1U%Npm-8V6ARL-HrM4rx"
"magdalene.gerrey@edu.tbz.ch"|"pIfnnT-7BE4pi-eyEz9z"
"becassine.latimer@edu.tbz.ch"|"TF8Uu3-EbGaNm-Gem&7v"
"da.lethibridge@edu.tbz.ch"|"JoVmF1-$ClWQV-TKHQex"
"mailys.claige@edu.tbz.ch"|"vkQ@Ak-q163Ss-010ffz"
"maena.torbard@edu.tbz.ch"|"GM#vb6-F7u@@1-7BSZ#y"
"solene.lyvon@edu.tbz.ch"|"8JFjqI-A@iiyg-ksP7hm"
"marie-therese.benbrick@edu.tbz.ch"|"HegKcv-%4uGw&-32ab2d"
"gerald.edmonson@edu.tbz.ch"|"4bk7n4-xvh9v@-&iV1rF"
"ake.messruther@edu.tbz.ch"|"P3PWJz-okr3GE-4C14y%"
"men.gosneye@edu.tbz.ch"|"l%vwRh-85McPn-nx2Id4"
"anais.jefferys@edu.tbz.ch"|"2NwRh5-ubcM9$-r2I#4@"
"publicite.tregale@edu.tbz.ch"|"QkVRH5-MuiTaC-#0&TQF"
"maily.santorini@edu.tbz.ch"|"aNNe4D-NEHr@2-rB#5qk"
"ines.pioch@edu.tbz.ch"|"Hg0sO$-OP@Rzy-M7mZVx"
"noemie.marklew@edu.tbz.ch"|"&&rWL4-bc5exI-WDTTsF"
"meghane.maccaffrey@edu.tbz.ch"|"aWXC$R-DrYACU-4vNhii"
"berangere.ambrogio@edu.tbz.ch"|"gdIzZT-%ugkJ0-Id18dJ"
"mediamass.ryce@edu.tbz.ch"|"l5aGSy-9xng@b-&ECVRd"
"oesten.ubank@edu.tbz.ch"|"co1UPF-V20Ac&-lgja%G"
"melina.mackee@edu.tbz.ch"|"pRh4cG-hUS2Lj-nbURDJ"
"theresa.livezey@edu.tbz.ch"|"$7GYny-mJnkgJ-xFHL2f"
"clemence.weal@edu.tbz.ch"|"&UYE#w-wzD#oe-VjBhG4"
"faites.overton@edu.tbz.ch"|"AYcZTz-%NRtAE-NPwuWv"
"clea.lindblad@edu.tbz.ch"|"ZyPE1q-mfm0CL-3gOh%s"
"josephine.roseaman@edu.tbz.ch"|"oPXNKj-WGZ5Kk-OVrtI#"
"oesten.lowbridge@edu.tbz.ch"|"UMA%mv-tWwqN1-C%SV@L"
"marie-josee.brion@edu.tbz.ch"|"hZpjiB-X6SFXH-6GJ0uy"
"therese.basili@edu.tbz.ch"|"UlP2J%-R0v4S#-R#708Y"
"melia.vertigan@edu.tbz.ch"|"VJgYPY-QYYon3-l6JPHi"
"judicael.saull@edu.tbz.ch"|"RGAiwc-ehgLcu-Ebwc8j"
"selene.valentine@edu.tbz.ch"|"Q&CowM-%fPIY6-fSiPv8"
"verane.dunlap@edu.tbz.ch"|"Ai5fz5-iqML$I-HHtNxG"
"meline.kinnear@edu.tbz.ch"|"I3p#TW-DrPTEV-4ydW31"
"lei.luttgert@edu.tbz.ch"|"X$sbfq-xjSsCU-NNir75"
"styrbjoern.lathleiffure@edu.tbz.ch"|"lxs@#m-RpoSRO-EQOyV9"
"marlene.blasi@edu.tbz.ch"|"3OOrMK-0@TRgA-wip@Is"
"mai.begwell@edu.tbz.ch"|"U%hQSH-T6ZgSy-tCVd%7"
"gwenaelle.kaines@edu.tbz.ch"|"N1VKlc-n9HWUf-50kdmk"
"gerald.adamthwaite@edu.tbz.ch"|"3@5T#Z-9CXi0N-S%LgV0"
"kui.hartfield@edu.tbz.ch"|"4rVYoI-p8FYTq-#v53T%"
"salome.currao@edu.tbz.ch"|"vA8bZZ-lbR$sd-mqNPAj"
"angelique.tixier@edu.tbz.ch"|"a$s%u2-OtVBB%-VoXN90"
"ju.mcgragh@edu.tbz.ch"|"@CtBAl-&N9fh%-NWtck3"
"dafnee.beachem@edu.tbz.ch"|"ka@k21-Q5QB1X-WPsgLR"
"creez.terlinden@edu.tbz.ch"|"r5whEz-E84V7z-G$SKfc"
"uo.mcskeagan@edu.tbz.ch"|"KHvrfo-Qs5oRR-4&J@LQ"
"edmee.mccaughren@edu.tbz.ch"|"iMopZf-QIFW7a-IrJ3rh"
"asloeg.cozby@edu.tbz.ch"|"7v6pNB-rVTTyz-X%#o09"
"melodie.traite@edu.tbz.ch"|"TVBHaG-wa3YR#-i5lGla"
"dorothee.aindriu@edu.tbz.ch"|"$NiHr@-pSM08a-yWLW1z"
"daniele.doley@edu.tbz.ch"|"Z@aCdx-qpuQ1X-hMe91V"
"mediamass.fairclough@edu.tbz.ch"|"vcwnQ$-Gh7zjH-@XDbKh"
"lorene.rainforth@edu.tbz.ch"|"bX@3vp-fdcBT5-6jhH$8"
"leonore.eyer@edu.tbz.ch"|"aWL3ho-LAHSTP-&Ce1CL"
"po.spillman@edu.tbz.ch"|"mYpQrd-rJUG7$-EzbxYp"
"cecilia.plitz@edu.tbz.ch"|"c3tVrr-&YEJin-1GPW@A"
"lorene.ludlow@edu.tbz.ch"|"gJ9MVo-yed%Ha-wHaH3M"
"berangere.neligan@edu.tbz.ch"|"hl@FBW-ItGJsc-@GsxjW"
"simplifies.huggan@edu.tbz.ch"|"3q9a93-K5yPt$-q2zPTc"
"clelia.prandy@edu.tbz.ch"|"vFocuu-JtL9J&-WAQGzf"
"ake.osban@edu.tbz.ch"|"T4xt%L-D#Hnvz-yoVSQb"
"cunegonde.brunn@edu.tbz.ch"|"On17Qr-JJmgEv-asQxG5"
"long.grizard@edu.tbz.ch"|"cqjGgX-AJ1lYm-D&xDs#"
"meghane.diss@edu.tbz.ch"|"SE0oas-$@OViF-3sZEvY"
"therese.oldman@edu.tbz.ch"|"3DTw0&-KbMCx8-8w8yZl"
"boerje.scamerdine@edu.tbz.ch"|"7BfE7I-%YYduW-&z7x4G"
"du.saban@edu.tbz.ch"|"YFghG9-hD#SoN-qLQIam"
"hakan.clynmans@edu.tbz.ch"|"N6STg3-#Qyhy#-%$%A%y"
"wa.macdowal@edu.tbz.ch"|"SXW1ih-AkQmBl-&0Y$Um"
"venus.hatrey@edu.tbz.ch"|"GrbPFx-RKS7ld-hrqq$s"
"anaelle.vispo@edu.tbz.ch"|"o27tG8-uWUGGx-5jH1Jd"
"mahelie.ollcott@edu.tbz.ch"|"2w0dZq-Ri5gn6-Faw161"
"mediamass.whyman@edu.tbz.ch"|"x#6CPK-AFSR@@-MeObJw"
"esbjoern.basson@edu.tbz.ch"|"F3lp5E-jI5Mg@-dC6nVg"
"andrea.morrill@edu.tbz.ch"|"1CavC6-ikH2Nk-PBDBF9"
"melys.grassi@edu.tbz.ch"|"Fotsgk-Fn#yfi-GysEQ#"
"leone.poleye@edu.tbz.ch"|"662HiB-KQGhuK-x%fEZm"
"francoise.penny@edu.tbz.ch"|"7lW3zO-unMl&V-M&Jdrh"
"rebecca.edney@edu.tbz.ch"|"4v4m4L-L6$Dot-%QTy7%"
"adelaide.murtagh@edu.tbz.ch"|"fTif$@-&zAZgm-@j$R2U"
"stevina.winterbourne@edu.tbz.ch"|"qgUuYE-wM8NZM-Z6N@L8"
"ma.cottom@edu.tbz.ch"|"7xRmed-1w&tw%-Mr%Nc6"
"tan.harold@edu.tbz.ch"|"y%9JgU-SMmV8H-cQ@36W"
"venus.forte@edu.tbz.ch"|"Ty2UDH-Si7Nfy-5$6%YQ"
"almerinda.oluney@edu.tbz.ch"|"s2XJGc-HNbzm9-SAHg9w"
"cleopatre.brehault@edu.tbz.ch"|"R1BcFX-Rwoc2y-0E&MDo"
"interessant.lapides@edu.tbz.ch"|"3boLCh-h@pr2a-lGv54f"
"reserves.hallatt@edu.tbz.ch"|"sKnb8C-GtFCxH-yZxPwR"
"annotes.birdwhistle@edu.tbz.ch"|"ySWM@7-5&oM3K-BkqCH%"
"ai.dredge@edu.tbz.ch"|"M@GaqK-NoFk4O-&dVXwm"
"megane.mussard@edu.tbz.ch"|"j$JXe1-bh@0VM-wnFFx#"
"esbjoern.gowrich@edu.tbz.ch"|"aF7w5w-GgP1EP-CnwfKY"
"boerje.brislawn@edu.tbz.ch"|"#z&PXg-wfl1fG-Vaea9Z"
"becassine.wilce@edu.tbz.ch"|"OZAYbY-#v4FsR-EufRaO"
"personnalisee.oels@edu.tbz.ch"|"$EH5um-N@1N77-atiXRV"
"verane.pett@edu.tbz.ch"|"L0fmEF-qWn2VY-E5s$GI"
"marylene.glewe@edu.tbz.ch"|"O&qE4N-YLeiH8-deXJnU"
"lai.elson@edu.tbz.ch"|"BeN54$-TFQZK4-gyAvim"
"serena.difranceschi@edu.tbz.ch"|"zSefuN-62Z7@U-vZUPz2"
"lie.espinel@edu.tbz.ch"|"Q0n4d$-qxXUKM-vdG5Dn"
"marylene.fantini@edu.tbz.ch"|"mv@rWZ-VmrP%o-wfSz%u"
"andre.archdeckne@edu.tbz.ch"|"f@CpbC-SaKU0G-Ap1Xec"
"goeran.bohlingolsen@edu.tbz.ch"|"DeVng8-f&$Ung-pQG%sT"
"cunegonde.heffer@edu.tbz.ch"|"c#yUxu-RKCNRj-axk8kN"
"tan.fechnie@edu.tbz.ch"|"@@nj0N-Rqmvf1-NEu0AL"
"marie-noel.brammar@edu.tbz.ch"|"Y#Bw9p-7qCXT2-MAdqO7"
"simplifies.aven@edu.tbz.ch"|"23$3Aw-eYLhcD-kEy2RY"
"melys.pinchen@edu.tbz.ch"|"WmM6a4-0w39F$-ESBlC#"
"edmee.joyner@edu.tbz.ch"|"enDUN%-FjGBrW-35E#5t"
"berengere.edess@edu.tbz.ch"|"5M4vmq-FAj83B-#A9MN3"
"marie-noel.goward@edu.tbz.ch"|"aJLrUK-vjL#Zt-Cn7sqY"
"ju.edmons@edu.tbz.ch"|"66wjm6-c#VnVY-vEf$bP"
"frederique.airds@edu.tbz.ch"|"%uIWF%-KbXnTH-Dutdwh"
"reserves.dauby@edu.tbz.ch"|"AZg%3h-Kmz42s-bpNqde"
"hakan.gynni@edu.tbz.ch"|"qgKTeS-Drwbl0-3FBk2Y"
"leonore.pinwill@edu.tbz.ch"|"K&7I$$-XCdt3y-n8n0bq"
"marie-eve.mcallan@edu.tbz.ch"|"CxRXG6-&uBP#x-bx5x1%"
"naelle.yeabsley@edu.tbz.ch"|"%qpjZr-r2DDTu-VfQ7Ia"
"nelie.jacobovitz@edu.tbz.ch"|"7RNuCT-r9V4Q%-hm1joX"
"adele.conelly@edu.tbz.ch"|"#YkOpK-4bjsCa-Wv@d9E"
"clementine.dondon@edu.tbz.ch"|"bAoEUC-SkgTXq-nhY5XO"
"zhi.willcot@edu.tbz.ch"|"PVWS&o-dqb#Zt-KgwP0m"
"chloe.janicki@edu.tbz.ch"|"8@@5z4-7oiiqT-dsxm95"
"meng.linde@edu.tbz.ch"|"LfU1iX-alp0QF-ecBPMe"
"celine.janisson@edu.tbz.ch"|"5GYPof-spePrj-dl2NZw"
"clelia.crow@edu.tbz.ch"|"@o&A4l-@V$JPu-&ntXhz"
"cecile.pyott@edu.tbz.ch"|"X@zr4U-MJe&iG-HkANHj"
"ma.fidelus@edu.tbz.ch"|"fCSS$W-0pqzWH-RK91pz"
"marie-helene.poore@edu.tbz.ch"|"hn7f$w-4BRJKJ-ylE2n3"
"elies.blanket@edu.tbz.ch"|"UAA4Jc-FGZW3B-K9jq7e"
"yu.boyer@edu.tbz.ch"|"CVHDIS-KM2qLf-ipYmYo"
"celia.welds@edu.tbz.ch"|"881NEh-bX4t$p-mou@bP"
"du.gunney@edu.tbz.ch"|"j@VOX2-MbiBki-dHQrfV"
"goerel.crush@edu.tbz.ch"|"1QhEaX-iMM7qN-JYtcj0"
"marie-josee.brosius@edu.tbz.ch"|"X6Pdds-oB3Htv-gjWnHk"
"camelia.adds@edu.tbz.ch"|"faasXn-1rEJ30-gy&sy4"
"anae.irwin@edu.tbz.ch"|"b7PRGl-7o7kkh-359Aug"
"cleopatre.skeffington@edu.tbz.ch"|"HBA2$2-SRjeiT-x#of&%"
"gerald.suggate@edu.tbz.ch"|"kZIDei-3m5ASX-jk5V&2"
"laurene.tailour@edu.tbz.ch"|"AEOLqT-JyD%6F-Jduabk"
"amelie.hoble@edu.tbz.ch"|"lWbyoF-#PNIvT-ugyONL"
"venus.getch@edu.tbz.ch"|"$Ki3uE-r7%a79-qsvoWk"
"renee.treby@edu.tbz.ch"|"ZbBxLT-qwYvac-bKDk77"
"almerinda.stait@edu.tbz.ch"|"Jyzr2y-c8ffWC-kaafZ0"
"andree.reddecliffe@edu.tbz.ch"|"WI7KZn-5B0yio-Hen75Z"
"leone.wintle@edu.tbz.ch"|"cmsYp&-TeDlM@-I7cfTX"
"gerald.fellow@edu.tbz.ch"|"EAnwZ#-iCWK3Z-3Jvti0"
"ju.gudger@edu.tbz.ch"|"ZNkdH4-v@x3eo-gsNmUh"
"meng.ohaire@edu.tbz.ch"|"J8l6jx-l7hIfZ-JWEbi#"
"cleopatre.missington@edu.tbz.ch"|"mIiBgK-wxMvL%-Os@Tuz"
"annotes.debruyn@edu.tbz.ch"|"ZHnwI4-EIqMEr-yl3xv7"
"gerald.sinisbury@edu.tbz.ch"|"eBh78E-#eC5S$-D9LUbc"
"creez.slora@edu.tbz.ch"|"%rTiG5-ZkJFTd-#28Ick"
"gisele.benbow@edu.tbz.ch"|"sS1DpA-HyE5%T-JmHLZX"
"pal.dossit@edu.tbz.ch"|"Rg1CZf-s2UKXX-YDA1DM"
"nelie.stirrip@edu.tbz.ch"|"nyUWOt-VqgtIa-6QwZhF"
"alois.ocrigane@edu.tbz.ch"|"ns@zeI-OOWqry-#GVQh3"
"kui.mcterry@edu.tbz.ch"|"Ys0M8A-KsHdpw-cvXSrL"
"long.willgoss@edu.tbz.ch"|"56nmvd-9wO#x@-q0NVsU"
"francoise.sumpner@edu.tbz.ch"|"wP#eA&-TJwjJw-AP5yw&"
"maely.grinstead@edu.tbz.ch"|"vIHQMy-x&7JYO-xSJcs3"
"creez.langeren@edu.tbz.ch"|"$zvVRb-mM5Gqs-GESD6k"
"adele.dungate@edu.tbz.ch"|"Fckcvy-6D7ctK-x8Eyed"
"cleopatre.noirel@edu.tbz.ch"|"h@11FO-SC2$cb-Dhs6uD"
"interessant.daverin@edu.tbz.ch"|"MD3j03-8103ik-9YTQeC"
"naeva.kalderon@edu.tbz.ch"|"G1YCOO-D2$Fi#-EOonEn"
"anais.oshesnan@edu.tbz.ch"|"g8oaRV-FH8HHU-mnuBay"
"judicael.anelay@edu.tbz.ch"|"xOZF#b-DChSXU-ztMJy8"
"eloise.braxton@edu.tbz.ch"|"Frw433-%sw4nl-Bs@9zg"
"desiree.greguol@edu.tbz.ch"|"yMW9Ez-O4tyvq-b$O$XN"
"maite.mcclenaghan@edu.tbz.ch"|"KEjOeC-W$dUSJ-6QmLjM"
"meng.doret@edu.tbz.ch"|"Nkwm6u-jKTB9K-I9qIzw"
"frederique.chippendale@edu.tbz.ch"|"tj&r5s-bsAzup-phpiIt"
"andreanne.lanney@edu.tbz.ch"|"ysy3ee-Y&jixb-1h2pwR"
"aurelie.claus@edu.tbz.ch"|"dkOutb-FDPFXa-GZCLe4"
"renee.pabel@edu.tbz.ch"|"m@Bg4o-590GZi-qpHbHv"
"maena.roust@edu.tbz.ch"|"FMno1@-QYaZjw-$HmNZn"
"nadege.carwithim@edu.tbz.ch"|"VObh@R-K4dVpF-%FBRRs"
"solene.geyton@edu.tbz.ch"|"%YEv&8-C06xfz-Foi@@j"
"dafnee.avraham@edu.tbz.ch"|"K%Duas-5LXlqs-k1KjE2"
"leane.woolvin@edu.tbz.ch"|"9pIVXv-#wAI&W-pmD#7%"
"adele.macadie@edu.tbz.ch"|"GbvDbf-PJnG@#-8O%RRN"
"meline.rubica@edu.tbz.ch"|"F&G$rh-Nn7MAr-xwyfbZ"
"marie-noel.speeding@edu.tbz.ch"|"7mjxSC-G3ZTn%-8IwJ3c"
"nelie.mix@edu.tbz.ch"|"DmOkkN-F7brgu-$9BlYo"
"clea.ollett@edu.tbz.ch"|"Z%@Zdz-B9ecHU-%AKfMW"
"leandre.mcgavin@edu.tbz.ch"|"qpprh%-PCKNqJ-BkWPJ6"
"cecile.behne@edu.tbz.ch"|"cqfYdP-29PpOo-ABmLjC"
"melanie.polle@edu.tbz.ch"|"0%bdeN-wtXrV@-oyFCXn"
"marie-josee.titmuss@edu.tbz.ch"|"nCiiTS-XbjPpT-@$1Sit"
"helena.guest@edu.tbz.ch"|"h0iqjK-yjig17-Xga5S$"
"annotes.chicchetto@edu.tbz.ch"|"tB5ZvB-j6B@8b-Egk8XT"
"melia.tubb@edu.tbz.ch"|"uLNeck-lwHNHY-NSPYwU"
"angelique.casetti@edu.tbz.ch"|"pdp3oW-pPUYGG-prky0R"
"cunegonde.cleall@edu.tbz.ch"|"kvD6IH-WlvCzI-juCOm9"
"camelia.oaker@edu.tbz.ch"|"Rme8Gq-sEJc5C-gk5nxc"
"you.searight@edu.tbz.ch"|"zEJwH9-A2$DO2-jWLPSu"
"kevina.dederick@edu.tbz.ch"|"8@RdJb-su6twI-aSqE$1"
"milena.jeffrey@edu.tbz.ch"|"UOUzKW-KgIMVK-DtejcU"
"melodie.barkshire@edu.tbz.ch"|"OEFtSP-yVL6bR-y&0vsg"
"gaelle.kreutzer@edu.tbz.ch"|"D8$Abi-ytnvkP-#9252c"
"kalliste.kleinpeltz@edu.tbz.ch"|"ZQWI56-MI%pLP-iCPPIT"
"clementine.danat@edu.tbz.ch"|"@ak#yW-2KPxPk-5Kq0Tc"
"andrea.wabb@edu.tbz.ch"|"UbhPAt-V4C@CR-D%vlLn"
"geraldine.piesold@edu.tbz.ch"|"8#1W$h-xE4ULt-TaKdYg"
"tan.fiveash@edu.tbz.ch"|"nThsoQ-4bPQiB-AovgxZ"
"meline.yuranovev@edu.tbz.ch"|"KCOqQm-IlXyHU-bCRj5R"
"therese.holme@edu.tbz.ch"|"8rP04e-hUR83p-GdKu%2"
"salome.vaney@edu.tbz.ch"|"rFXdde-octhCy-LRWHcO"
"anae.abramson@edu.tbz.ch"|"fBZj$X-0JqI9F-sDgJNA"
"kalliste.jimson@edu.tbz.ch"|"%GmiVt-6qhEKk-8vLyMU"
"selene.yole@edu.tbz.ch"|"a&%my%-yO0ivf-#9PYj3"
"agnes.defraine@edu.tbz.ch"|"u#l8sI-rg1qDf-y#iR1P"
"faites.mccluin@edu.tbz.ch"|"&jn69Q-yvzauT-PIVVeF"
"athena.deme@edu.tbz.ch"|"Ydx3FD-mEIBGT-hHgiYy"
"daphnee.brigstock@edu.tbz.ch"|"53pKSi-8Ed30&-YdZyiP"
"goesta.skaif@edu.tbz.ch"|"53Ybwp-B#IIpA-1CIktM"
"oceane.jagoe@edu.tbz.ch"|"xd$ym4-9EmZOB-FGHlDf"
"annotes.broomhall@edu.tbz.ch"|"y%PVYZ-nUqK6V-nvwZYu"
"marie-eve.ballendine@edu.tbz.ch"|"no7&#E-cNSe6$-x0Zhc2"
"melina.spykings@edu.tbz.ch"|"NW$9bc-aTjNmg-ZdwPmw"
"laurene.ticehurst@edu.tbz.ch"|"3se%sc-KU0zTF-lyxqXB"
"fei.avramovic@edu.tbz.ch"|"Hca5B&-B8kQSS-T7HRw0"
"publicite.strathearn@edu.tbz.ch"|"kSPg5b-2dBkX%-TY8JF@"
"torbjoern.garrow@edu.tbz.ch"|"q#Zm%a-rSOoUQ-WaKsP0"
"chloe.rubinsztein@edu.tbz.ch"|"3e6R@k-ayeQe3-DCB#w6"
"mylene.demanche@edu.tbz.ch"|"CAt$cg-PGa4Q#-nGcktr"
"mediamass.godlonton@edu.tbz.ch"|"#wFOTP-3BQ%Nl-RwSmO7"
"renee.shurrocks@edu.tbz.ch"|"PicFri-2pJG3r-yQoknD"
"maiwenn.jedras@edu.tbz.ch"|"FlrkpM-kxhQlm-EhlRkL"
"genevieve.castells@edu.tbz.ch"|"OYwMX5-2jLX&x-s8mBo%"
"renee.sneden@edu.tbz.ch"|"$G2QYf-eIeQ53-x%Yi2@"
"lai.mccallion@edu.tbz.ch"|"Zsse2Q-IeYdZU-eCzbk&"
"kevina.impleton@edu.tbz.ch"|"oDoFSr-U4taZ%-cISkPk"
"oesten.fresson@edu.tbz.ch"|"gM#lZI-&VK315-0i%2mz"
"verane.shawley@edu.tbz.ch"|"WwqODT-oVMhT1-2ue#sd"
"uo.sjostrom@edu.tbz.ch"|"8xFbWL-Zqpabn-7DDNTd"
"gisele.gothup@edu.tbz.ch"|"cZqK5W-ekPMPc-M5JIBR"
"renee.beauman@edu.tbz.ch"|"mojRaj-IqrQ$L-SMfReT"
"elies.loton@edu.tbz.ch"|"EejsPH-JBax&t-7pSBxz"
"valerie.elsmore@edu.tbz.ch"|"suuoz9-jrTjzo-HsBnrP"
"berangere.delafeld@edu.tbz.ch"|"36ty11-JNOtOY-$&4i6e"
"bjoern.schimke@edu.tbz.ch"|"%uTFS%-MJtR@i-4kwX#&"
"loic.ericssen@edu.tbz.ch"|"p@yX7s-TS#%6b-%hY&MY"
"creez.richarz@edu.tbz.ch"|"0j4G8f-CHUW3l-9DWtdb"
"athena.grocott@edu.tbz.ch"|"PxmVMe-4lA2Gv-QkqRgx"
"naelle.piotr@edu.tbz.ch"|"bfaS7s-w91tvf-5m8$Hg"
"maella.paulson@edu.tbz.ch"|"afpF%p-gjBcmC-H%trnv"
"song.perot@edu.tbz.ch"|"bc6C3h-Wv1HxM-plU2yB"
"kalliste.heckney@edu.tbz.ch"|"u7PU82-CUQVDx-vhf%Mr"
"ake.vasyutkin@edu.tbz.ch"|"X1jUG0-R2vQy#-Z#ShRO"
"ma.castles@edu.tbz.ch"|"8qvFNP-jGkize-@yXhYU"
"maely.monget@edu.tbz.ch"|"kYR20I-SB2lXS-d182a#"
"tang.durbridge@edu.tbz.ch"|"77@xLd-1EQe&t-WpObrP"
"laurene.andrew@edu.tbz.ch"|"Zr#Js$-wL45Xv-o4EKai"
"lysea.beacon@edu.tbz.ch"|"S3rZ#5-36p&I1-fY&kWL"
"leandre.peyntue@edu.tbz.ch"|"2MqemI-SuxRh1-qu4p4Z"
"rao.trever@edu.tbz.ch"|"%qd0H2-6IZnyO-V%QznS"
"mahelie.streader@edu.tbz.ch"|"GSz@Fg-aHbxvP-&YCV@A"
"maerta.andrejevic@edu.tbz.ch"|"gv1$yZ-lMp1T%-mi1iwR"
"goesta.tompkins@edu.tbz.ch"|"xraQpj-nEiebD-Sqsa&r"
"helena.agates@edu.tbz.ch"|"1U$%1J-zEFKPx-y&$PuS"
"therese.glass@edu.tbz.ch"|"%6HtwO-rwnZRj-pv5juw"
"alois.foan@edu.tbz.ch"|"jtfRgX-WSUUAg-7WdDw2"
"becassine.melchior@edu.tbz.ch"|"8tXA%T-KtwJZn-UZBiHB"
"cloe.robart@edu.tbz.ch"|"%egZ7d-E0gHON-Bkh43X"
"daniele.puckinghorne@edu.tbz.ch"|"R83NEk-zHOLPt-5LgxKm"
"selene.cammidge@edu.tbz.ch"|"iKHkHR-hoBvDC-5avWFl"
"regine.conochie@edu.tbz.ch"|"l7tJjV-17#TQ2-jNo#sI"
"interessant.tuiller@edu.tbz.ch"|"qAu8w5-01@Ypw-mXRQ0%"
"long.tiebe@edu.tbz.ch"|"i1Opdg-8MhVuW-5Z0hO6"
"mans.yele@edu.tbz.ch"|"Vop0a3-PbvOyZ-IqYz$x"
"ai.giles@edu.tbz.ch"|"FkSpY0-$M%Mw#-o0EB6B"
"gaetane.hamberston@edu.tbz.ch"|"1F7QsM-qDRpVT-bSwv7l"
"marylene.fenix@edu.tbz.ch"|"jItBxd-13H&gU-pfRnne"
"geraldine.graeme@edu.tbz.ch"|"FwToDu-3SzveS-A2dl$h"
"tang.kinglake@edu.tbz.ch"|"KhCS$#-NIPy6y-1o2EEm"
"lai.challoner@edu.tbz.ch"|"3hH#g5-Ix49AJ-5tpjhD"
"desiree.mattei@edu.tbz.ch"|"zE6$ed-@DWyEO-RrB$aE"
"ake.erley@edu.tbz.ch"|"M@f#HU-DfW5na-tStU2X"
"edmee.cavil@edu.tbz.ch"|"MXEV48-a$5RQ$-OTKD1S"
"alois.moyes@edu.tbz.ch"|"NuPqmn-XdrYsv-BmIZcJ"
"becassine.pitman@edu.tbz.ch"|"Tsy#o9-OSbRCV-K$kfg7"
"ai.giacovelli@edu.tbz.ch"|"GRCH2d-53%t3Q-0z9TKr"
"judicael.fruchter@edu.tbz.ch"|"c8gQ4#-XN4tJJ-76fA$o"
"mans.mogg@edu.tbz.ch"|"lJJLJc-ipYSvc-#k6kEw"
"gerald.foyle@edu.tbz.ch"|"rpwNQ9-bNazU7-CvOtNy"
"wa.androletti@edu.tbz.ch"|"JdKSa7-FtqN7N-ondfkL"
"meng.ollett@edu.tbz.ch"|"ZOr@tu-eHxYTc-4JBHOU"
"naelle.macmenamy@edu.tbz.ch"|"fvPfoW-rn$gxK-PfEHYE"
"gisele.mcramsey@edu.tbz.ch"|"r@lMhA-aVrBE%-Mnq@D9"
"meryl.scolts@edu.tbz.ch"|"m0r9qU-DoA%#u-e@ARaS"
"celia.bloxsome@edu.tbz.ch"|"6SP0gc-Z4xOcH-10%R2K"
"styrbjoern.stuke@edu.tbz.ch"|"W#CWcp-p3n2W5-R3Coyw"
"felicie.gwilliam@edu.tbz.ch"|"9X%#BK-yR1TBN-AjCOJj"
"da.harms@edu.tbz.ch"|"8fs$yk-lP4#vP-Ueg2l3"
"celestine.baulk@edu.tbz.ch"|"rMPG&G-vPmj@5-xroh7E"
"mahelie.blackledge@edu.tbz.ch"|"hvtK8c-pddjkS-Fgr5jH"
"meghane.salt@edu.tbz.ch"|"kmYRKM-je#bMZ-VhZeqQ"
"methode.paxeford@edu.tbz.ch"|"u6S9$f-rvdFeH-ch1#Um"
"asloeg.milligan@edu.tbz.ch"|"q1JboO-5bo2Tn-YXRxoe"
"you.pellman@edu.tbz.ch"|"F3&qBt-IN%%Kr-DCxGN#"
"loic.regenhardt@edu.tbz.ch"|"mpcTQ9-3ZGln%-l$ymVD"
"daniele.savill@edu.tbz.ch"|"e9FN8g-MTnyul-A6xpNV"
"alois.cornu@edu.tbz.ch"|"@ic@Qt-HUkwXm-mX$pxK"
"oesten.govey@edu.tbz.ch"|"2v0pz%-NBw44q-$#S$GA"
"marie-eve.louch@edu.tbz.ch"|"nTqAGm-P#gPmB-nOhTSX"
"theresa.wenn@edu.tbz.ch"|"Xj@22f-ooH9FB-ZW&%P4"
"andree.eul@edu.tbz.ch"|"ZiFdZT-F&r1oS-NhRPSA"
"lie.paynton@edu.tbz.ch"|"K1fXOP-caFiZs-27%cJW"
"marie-eve.girodier@edu.tbz.ch"|"NGiGhL-p9#dxE-IO9KBZ"
"marie-noel.smithe@edu.tbz.ch"|"mFBVEl-hy@aQs-rQmeHF"
"men.bootyman@edu.tbz.ch"|"K0rWAT-I%CDLQ-#&B6LL"
"ku.sugg@edu.tbz.ch"|"1nk1ZG-WxlQEJ-IYtAL@"
"lucrece.roseman@edu.tbz.ch"|"&O#VBZ-UZsnw$-5LAfKX"
"zoe.annear@edu.tbz.ch"|"96imJZ-lTZwxF-QLlz&@"
"marie-helene.rennebach@edu.tbz.ch"|"7P2tK&-exOKZ2-EIvNSh"
"lea.djurdjevic@edu.tbz.ch"|"tZByG@-aI%f3k-$9t9Ye"
"goerel.robert@edu.tbz.ch"|"uVdqv3-%5gG21-yGOjC4"
"mylene.foldes@edu.tbz.ch"|"uCd&AQ-ZG0SUz-RKSpOr"
"faites.clegg@edu.tbz.ch"|"8%%vNW-Gydrs@-QZO&SS"
"marylene.crowcher@edu.tbz.ch"|"#loCQs-Cs3DGJ-%eOsXK"
"aimee.wimpeney@edu.tbz.ch"|"%3u2ED-B4Rpxf-pB3mb&"
"renee.atkins@edu.tbz.ch"|"iFfn&N-OFpHGT-@$m&H0"
"rejane.cainey@edu.tbz.ch"|"Bxq4z6-P8P0i&-I5zvka"
"solene.britney@edu.tbz.ch"|"REWSRQ-k2fcmF-01Uxp6"
"marten.shatliffe@edu.tbz.ch"|"IfiYjd-vzYNM#-G4YT3a"
"maite.issatt@edu.tbz.ch"|"uYYuH6-xjQOFB-zuRxBe"
"maelyss.edon@edu.tbz.ch"|"%5ruc6-T8zqjT-Lsyu2f"
"nuo.bamling@edu.tbz.ch"|"0UF1gF-uOBNM4-FKAe3c"
"anais.edards@edu.tbz.ch"|"wIpYY%-%jS7&u-Asgp5H"
"mediamass.bromet@edu.tbz.ch"|"mq7zPt-n9%4yS-a$FBVW"
"beatrice.kimbrey@edu.tbz.ch"|"2VgVP$-GXWryP-8G2yrY"
"ines.lawranson@edu.tbz.ch"|"BFSX&R-q1pEHz-@JnXmD"
"kalliste.scandroot@edu.tbz.ch"|"piOg1B-7wo8C@-##x1mg"
"mans.barrowcliffe@edu.tbz.ch"|"Dl8oRC-C@mLn8-z7%hnU"
"irene.couves@edu.tbz.ch"|"vXDKYQ-w@vO5X-D3d7uJ"
"milena.mucci@edu.tbz.ch"|"K1#IOw-PCbctx-n$qtsO"
"naeva.cow@edu.tbz.ch"|"DxwRzY-3mH5f@-C$Aszr"
"audreanne.mournian@edu.tbz.ch"|"IJt9SF-irciZT-nKblKp"
"melia.sinnatt@edu.tbz.ch"|"LIFHug-0JAQfp-S58miT"
"nelie.burnard@edu.tbz.ch"|"lsvRnS-M9qAkH-Me8QmD"
"clelia.ashfull@edu.tbz.ch"|"#@&Xfx-lBDL5v-vETyHD"
"lie.macard@edu.tbz.ch"|"ZF41Qq-&jUSU5-DZfJZ$"
"valerie.matoshin@edu.tbz.ch"|"t7w#ld-kWMvBn-Ac$qPC"
"anael.hatherleigh@edu.tbz.ch"|"ODaoeG-N9VFWU-4YAfWe"
"interessant.warratt@edu.tbz.ch"|"DqjvKa-kweja1-FMlJ%#"
"eleonore.volage@edu.tbz.ch"|"sFt3TC-S$8pdZ-IoVDO5"
"zoe.stebbing@edu.tbz.ch"|"ToezOG-JtIs#T-zAtseC"
"alizee.nye@edu.tbz.ch"|"p2DD4F-ZMbBc@-AqvxCX"
"celestine.bramley@edu.tbz.ch"|"bCJaJb-LkaQhV-Gu9TyY"
"selene.philcott@edu.tbz.ch"|"xHzLk0-ipG@&b-UiIpQ2"
"tang.newens@edu.tbz.ch"|"ctLWgG-Bbjgys-ucOB8l"
"annotes.powys@edu.tbz.ch"|"KVXXtD-k3dRe7-QtrXzP"
"lea.matthesius@edu.tbz.ch"|"Ss$aTr-Ml$mQR-SC4yK8"
"illustree.garlett@edu.tbz.ch"|"0Fj0Y5-KiDCPV-kfZGOC"
"maiwenn.meachem@edu.tbz.ch"|"pevUhu-PIGgoC-MrbfpR"
"marie-francoise.mcbrady@edu.tbz.ch"|"j#dZmF-1HWkn8-OlS#zD"
"illustree.gimbart@edu.tbz.ch"|"DJ9%hl-9cmiV2-#@&A2u"
"melys.lyosik@edu.tbz.ch"|"wbYF3Q-&5wr$s-modgZW"
"marylene.mcnab@edu.tbz.ch"|"%JCmwz-yyWhuv-Xuri3E"
"gerald.blount@edu.tbz.ch"|"#6Ltjs-@l6q@g-vz#Lsp"
"clelia.shakelade@edu.tbz.ch"|"JCNO7B-$cWdg5-8yx&qE"
"penelope.cridlin@edu.tbz.ch"|"HVAQ@T-@HgJrW-7lbhds"
"maena.okuddyhy@edu.tbz.ch"|"rwT@7b-BeX@fJ-mb6p#b"
"athena.keynd@edu.tbz.ch"|"sl5&E5-o4ewCG-VdoM1p"
"cloe.dwine@edu.tbz.ch"|"Pl0d2X-XBBOEA-Wn@uAL"
"josephine.browett@edu.tbz.ch"|"WT1l6X-d7Wx#y-siP0Wy"
"audreanne.oscanlon@edu.tbz.ch"|"1Y6%Nk-0EzdLS-sNQ4bI"
"fei.jeanequin@edu.tbz.ch"|"nVQaYp-CMkOeI-sS6@TP"
"lois.gormally@edu.tbz.ch"|"nj@Fle-Tt@mHL-QxLLEt"
"marie-francoise.finnigan@edu.tbz.ch"|"OlnH%G-RNXHLP-BphFfS"
"leonore.trussman@edu.tbz.ch"|"7uSVzy-DR5%WD-2#7DLF"
"anaelle.trumper@edu.tbz.ch"|"k7EbR@-AMRPf#-0uHwXT"
"clemence.dionis@edu.tbz.ch"|"DE8dRW-80PiQP-&VtwOl"
"lois.tranmer@edu.tbz.ch"|"4c@5u2-rgbpd@-KhnZvz"
"interessant.volett@edu.tbz.ch"|"RtY$$H-C%xEht-dT@Y8T"
"personnalisee.deackes@edu.tbz.ch"|"pQpFIt-lADSwp-FtFz$4"
"lie.vasiliu@edu.tbz.ch"|"hiN2wm-o2JalO-JYtHrP"
"dafnee.lamputt@edu.tbz.ch"|"#yMK7$-OcQijA-6LTCxT"
"elies.bromige@edu.tbz.ch"|"ZMVYEa-C#haKe-pvb0Bm"
"helena.klosser@edu.tbz.ch"|"JBMqmH-6j%sas-zZhaXU"
"andree.grim@edu.tbz.ch"|"YcZ0BO-GRUP7i-$EElwc"
"verane.coldbath@edu.tbz.ch"|"GsEjJ7-VtqBNv-$Cee57"
"helena.bethell@edu.tbz.ch"|"P0gS7u-&ZRP@7-mobZFH"
"kalliste.carefull@edu.tbz.ch"|"0d7Lw3-0oPg8s-iDYo7h"
"regine.odams@edu.tbz.ch"|"ExKwAc-S@Y9zN-6%VBn3"
"len.stannus@edu.tbz.ch"|"C66GjX-hND%RJ-b%#lVi"
"angelique.works@edu.tbz.ch"|"3f&GUJ-BylryK-A3#vyI"
"goesta.rheaume@edu.tbz.ch"|"xyorcq-PK6QmZ-GCzcA2"
"maelys.tynnan@edu.tbz.ch"|"TYAnU#-%ykK8I-s2dCm9"
"maelle.carlesi@edu.tbz.ch"|"2jORtj-Xc0xyL-xvLAAK"
"anael.spurden@edu.tbz.ch"|"ft45jc-mIcdWb-aM2y$e"
"helene.pumfrett@edu.tbz.ch"|"mGECpv-uHj3zG-qi7VPQ"
"goerel.pearn@edu.tbz.ch"|"CYZkMn-C24SHO-ZSHr2R"
"laurelie.dezamora@edu.tbz.ch"|"YV#@EO-1ZhHIa-ZJ&8qC"
"yao.twidale@edu.tbz.ch"|"nGZvko-rmg&BH-ALecBz"
"berengere.sola@edu.tbz.ch"|"Q9mytG-bP@27s-QV99X8"
"maelann.hardistry@edu.tbz.ch"|"xtZLQr-CSsUmz-okkMG4"
"severine.littlefield@edu.tbz.ch"|"trZarz-SJK5yq-QcgwYz"
"salome.heinl@edu.tbz.ch"|"fO%aqK-6FDMfO-nXmM3q"
"meryl.warbey@edu.tbz.ch"|"6wqIJ@-Y3Ev9w-0gic7a"
"da.hunstone@edu.tbz.ch"|"VHB0N6-HjPC9p-livPmo"
"venus.broadbury@edu.tbz.ch"|"kMmtM&-UL$Nxb-kiw%KQ"
"meghane.rentelll@edu.tbz.ch"|"QZFP02-TDP1Td-&MEw35"
"marylene.drewitt@edu.tbz.ch"|"R17y1I-QirZn1-cmeAXg"
"melinda.jacquemet@edu.tbz.ch"|"KMncv6-gflS%&-bRNTRc"
"marie-josee.keyden@edu.tbz.ch"|"sJCzn1-WSTRgC-IzIURs"
"asloeg.montacute@edu.tbz.ch"|"BTxl@x-ViOEN3-BRIBDZ"
"ku.andreou@edu.tbz.ch"|"K8LpnT-noXFLw-0X&#Xr"
"personnalisee.feaveer@edu.tbz.ch"|"531DxY-#Dp&QG-80UHrF"
"laila.emptage@edu.tbz.ch"|"l4uEGL-6M80$@-jj7tuQ"
"bjoern.dawdry@edu.tbz.ch"|"14hKdW-kS0bIl-kDewoT"
"marie-eve.dinsell@edu.tbz.ch"|"K5qJNe-jfEwF8-q6hHQP"
"helene.follett@edu.tbz.ch"|"V#nCJl-8lTCL9-k@7kGd"
"penelope.cordero@edu.tbz.ch"|"eBxu7j-2S7Z$6-Uw597K"
"boerje.beedell@edu.tbz.ch"|"k&aME2-t3#z1i-E7d7kS"
"nelie.ferne@edu.tbz.ch"|"#VFJ7P-GqxqQi-DGdAwT"
"celine.ahmed@edu.tbz.ch"|"Fx&F0u-Rj%EtU-bzdEIu"
"stevina.pimblett@edu.tbz.ch"|"UnSabV-nZEsh9-KTftLW"
"chloe.langlands@edu.tbz.ch"|"NSUugz-v%1JP7-#$t5V3"
"simplifies.maude@edu.tbz.ch"|"FM28z7-aPbVwI-LcJJ8&"
"genevieve.decarteret@edu.tbz.ch"|"PfdeMg-PzoMRy-#kPQIr"
"marylene.mughal@edu.tbz.ch"|"RiV2Mx-MmFEqc-@Kh3b@"
"goeran.guttridge@edu.tbz.ch"|"UaWEiC-@CMM91-3zqL8V"
"michele.smurfitt@edu.tbz.ch"|"OJMSOo-vb5nxB-%895J1"
"methode.hadeke@edu.tbz.ch"|"Jph08y-A2X4u9-FcxGNN"
"therese.rispine@edu.tbz.ch"|"IKm$tt-AJKXtJ-FuP$jd"
"goerel.plumley@edu.tbz.ch"|"gCjr7M-$A6tEf-bvppdj"
"oceane.friett@edu.tbz.ch"|"x2gxZh-OI$h%f-N4@Z2z"
"marie-noel.achromov@edu.tbz.ch"|"cT8fmN-Pu$St%-n@sMIm"
"dorothee.storek@edu.tbz.ch"|"NYQptz-MCZ0gm-sVMVon"
"goesta.whittle@edu.tbz.ch"|"tCSsYj-b0#s7$-H&dAtA"
"desiree.casely@edu.tbz.ch"|"Mng%&E-h3nCFc-MkjT14"
"felicie.condon@edu.tbz.ch"|"ibXN9o-jf4wzY-QZErSf"
"maelyss.frisdick@edu.tbz.ch"|"EWwVUG-APEh5G-sKTul4"
"aimee.banke@edu.tbz.ch"|"f0VikS-7QU9xH-uj7Mg9"
"naeva.hodcroft@edu.tbz.ch"|"glBEHM-85eS4D-7nqhgI"
"laila.gerrans@edu.tbz.ch"|"6IdCAb-wrbRYR-RaZ411"
"daniele.scrimshire@edu.tbz.ch"|"d&e6x3-h8dP4P-pSr5sN"
"daphnee.sheerin@edu.tbz.ch"|"SA$5AN-eCgWWt-5fy337"
"pal.vanyukov@edu.tbz.ch"|"@g8C7o-Tb@SPG-g%LFww"
"zoe.childs@edu.tbz.ch"|"hT6IIt-ErcZul-thQyYx"
"ai.corde@edu.tbz.ch"|"hyiwYZ-IcGi&@-VpoLaM"
"maelys.berryann@edu.tbz.ch"|"h4R0P4-VI#owe-Y1m@2m"
"cloe.gladding@edu.tbz.ch"|"I0SlG9-MauQ79-NTXFtP"
"wa.kinnaird@edu.tbz.ch"|"jYDex@-suhRlt-fFQL@E"
"publicite.brittoner@edu.tbz.ch"|"%HoLn&-HlOljE-LPzQhX"
"rao.windress@edu.tbz.ch"|"AMJSOk-dKKzWn-zfIX#v"
"uo.kollach@edu.tbz.ch"|"7AYi&n-Mgty8@-ypCU1G"
"josee.peskett@edu.tbz.ch"|"0bESr2-B#TGxC-9SQLkM"
"annotee.hasel@edu.tbz.ch"|"9fuidi-qK3WSV-%kQ7uC"
"cinema.lee@edu.tbz.ch"|"wXQ5We-&0M17j-nZ7Qt0"
"lai.vedeshkin@edu.tbz.ch"|"S@h7hV-GGHYx%-RX6N0H"
"renee.brisbane@edu.tbz.ch"|"Jizkn0-DoZ#qO-2DQlw#"
"ophelie.blincoe@edu.tbz.ch"|"&vuUP&-4vuAUS-mua#uj"
"zhi.prazor@edu.tbz.ch"|"yB$oqh-4edAQz-cS3Cx0"
"annotee.maddicks@edu.tbz.ch"|"8uS79b-YTYU3M-uw%W2x"
"maelyss.codd@edu.tbz.ch"|"udLymW-sUeY7f-K9kEO%"
"celia.peplay@edu.tbz.ch"|"s#41a9-ynP#0A-Aj01CE"
"interessant.skone@edu.tbz.ch"|"lJOl1X-vaJhc&-pSYVSX"
"audreanne.hebdon@edu.tbz.ch"|"TUCgxu-Za9v$A-ADUYv%"
"oceane.glen@edu.tbz.ch"|"RUOAjS-2&1ulG-0H6I#1"
"daniele.vanyushkin@edu.tbz.ch"|"yavyz2-pah$6s-i7JUY8"
"daphnee.ayce@edu.tbz.ch"|"s3nWsF-sMahj$-xUI4xC"
"andrea.attride@edu.tbz.ch"|"UFW8uM-#ytiD6-pgupoW"
"penelope.bridgwood@edu.tbz.ch"|"yD57h$-J8j57y-unTMay"
"mailis.drewitt@edu.tbz.ch"|"tH5fIJ-2F5OeR-6xtSg9"
"penelope.mollene@edu.tbz.ch"|"UYOk90-b#cZqL-L2rvgM"
"illustree.keely@edu.tbz.ch"|"i6#9L#-2Kwgg7-&ldOF7"
"meng.brisseau@edu.tbz.ch"|"N8aKhq-crtzxi-&FLvJV"
"ruo.cleiment@edu.tbz.ch"|"%Z9Eau-9VCzUD-rw&lv3"
"maite.krammer@edu.tbz.ch"|"U5WPrM-XQ2x4P-1a@bnC"
"genevieve.verry@edu.tbz.ch"|"ch#V8k-VhEXr&-estm96"
"lea.olochan@edu.tbz.ch"|"WqFmJu-t$&40l-gGEuVh"
"naelle.brunnen@edu.tbz.ch"|"T1JLx9-nOY%@d-rSrjEQ"
"goesta.bragginton@edu.tbz.ch"|"TDnZSw-6%mXq0-kHWHzC"
"fei.danilyuk@edu.tbz.ch"|"vkPFWy-Tn2lcd-IfZ7J8"
"adelie.turbitt@edu.tbz.ch"|"WyERkV-SbkWim-FfUJIE"
"marylene.nutman@edu.tbz.ch"|"QmxltK-ousNo6-$N8g1w"
"therese.barbrick@edu.tbz.ch"|"jf0uW8-eOk$pQ-8kT@dx"
"melys.kolodziej@edu.tbz.ch"|"3IB7qT-%@L3Ly-@FHQp$"
"melanie.runchman@edu.tbz.ch"|"DlEl#s-U2dAe6-&Vksm3"
"serena.lafond@edu.tbz.ch"|"brfgbT-CFL%%t-ua&3dR"
"pelagie.desmond@edu.tbz.ch"|"Z%nwFf-uuzW4D-CPhMDd"
"wa.spickett@edu.tbz.ch"|"6C1VG#-PZwOEQ-EjvF&B"
"po.shave@edu.tbz.ch"|"CuXvYq-eWXsiZ-OX5Jyi"
"song.huikerby@edu.tbz.ch"|"poJAUN-hgFCsn-6$ZD1P"
"melinda.bimson@edu.tbz.ch"|"gdv8M&-dT%Ke1-G$r#6P"
"personnalisee.toffanelli@edu.tbz.ch"|"2iH%oA-W$CiYN-saV0VP"
"leandre.hurn@edu.tbz.ch"|"LBUSbN-hPlxXZ-SCHvcw"
"oesten.standell@edu.tbz.ch"|"t@cy@V-Ak6tj%-#I9eG&"
"naelle.smaleman@edu.tbz.ch"|"JnnXfO-Zkr@DS-VvU2O6"
"berenice.tayt@edu.tbz.ch"|"u8$VgV-SJGs@N-3lr2U6"
"kui.popplewell@edu.tbz.ch"|"9RHAKw-rAQosx-ovmPVG"
"melodie.ferandez@edu.tbz.ch"|"YsOmxQ-sDhMtP-Q158IQ"
"josee.negal@edu.tbz.ch"|"mIR1cl-qI4F%F-%Wb9yI"
"melissandre.ferrelli@edu.tbz.ch"|"R5q#LZ-JQ1GFM-$zFeWj"
"josephine.kemmer@edu.tbz.ch"|"t1vwWQ-9E#L1Q-wr#HDp"
"maely.cayette@edu.tbz.ch"|"M8GSOj-IGWsyj-FONE&P"
"nelie.vela@edu.tbz.ch"|"vG&FzR-IWp3qL-2fnN4G"
"melina.cortes@edu.tbz.ch"|"WKohWL-bCrQf7-1Km@nA"
"megane.leyshon@edu.tbz.ch"|"e$gCh#-fetHfm-UPZhpT"
"regine.harrie@edu.tbz.ch"|"Se2z2V-KCAR%9-Bg7XkT"
"mylene.widdison@edu.tbz.ch"|"Q1%0AM-jh#@zU-P%Ufbk"
"pelagie.vivash@edu.tbz.ch"|"IrjY4N-S1GmWa-Uo5kBc"
"styrbjoern.vicarey@edu.tbz.ch"|"CoZu&A-mSQr&o-9jTiqh"
"long.kyles@edu.tbz.ch"|"BeF1tl-Jn0gv0-xrrKt0"
"stephanie.gipps@edu.tbz.ch"|"60Gbo#-O1cv#G-5qLes#"
"clea.constantine@edu.tbz.ch"|"HOkNmr-djUD1k-RNE$LV"
"maella.cometto@edu.tbz.ch"|"qd%ysZ-M3qYeO-5Idk%p"
"laila.aubrun@edu.tbz.ch"|"Vd7z1k-26jU88-AQZMWh"
"yao.austins@edu.tbz.ch"|"R@HES&-qC65dh-aph@Jg"
"mailys.rylstone@edu.tbz.ch"|"kq&lSn-k1i1#z-O0JygR"
"adelie.curuclis@edu.tbz.ch"|"lEosx7-Y57OoP-c@2Wzx"
"celine.longhurst@edu.tbz.ch"|"O3#A4K-8EmWlp-wVcEWU"
"gisele.hazell@edu.tbz.ch"|"e9lc2h-KFIZr9-I7%t5P"
"celestine.ciccone@edu.tbz.ch"|"@1$bTK-wUEBJP-$LOtKR"
"maelyss.doole@edu.tbz.ch"|"$9hVX6-uhWndR-wDJVu2"
"helene.grimsdike@edu.tbz.ch"|"@jjQoB-J4FYSv-QfhpFD"
"lie.macer@edu.tbz.ch"|"PRK20O-wWz9YX-fcdAFj"
"maely.izard@edu.tbz.ch"|"Bek56d-sVIK6r-mfI7Rv"
"erwei.breewood@edu.tbz.ch"|"fdh$go-nfqLSb-pvpi4J"
"chloe.woolford@edu.tbz.ch"|"#YPj31-%8YPPW-4JF$nh"
"cleopatre.turpin@edu.tbz.ch"|"hgjO%U-auQ5f$-lFwvtb"
"melodie.surgison@edu.tbz.ch"|"GjhSV6-W3F1rb-yJAV4G"
"elies.leander@edu.tbz.ch"|"Qz$iQ3-jUQH%X-4SGTL0"
"mediamass.reignould@edu.tbz.ch"|"%Z3@bs-LIQrtK-p3&OYT"
"celestine.wasmuth@edu.tbz.ch"|"3DbHUx-yjT7l%-eEkI2%"
"marten.jervis@edu.tbz.ch"|"8EqVqI-$pzhAN-Jl5&WB"
"daphnee.bour@edu.tbz.ch"|"Dbb6rG-AQjo4@-QzZGp9"
"regine.harlett@edu.tbz.ch"|"&GDDbe-x4pP&P-#62j&%"
"noemie.macaskie@edu.tbz.ch"|"eive5y-pDsr4K-F3c0Ud"
"loic.renfield@edu.tbz.ch"|"5%70BU-ZqVhVn-1k924l"
"venus.kleinert@edu.tbz.ch"|"n6FhSF-bJJIId-MVG6k%"
"marten.burlay@edu.tbz.ch"|"rQfGAq-%j$khn-0FRN8n"
"berengere.radsdale@edu.tbz.ch"|"FN4hxe-b5mOHD-#E9nHC"
"genevieve.duckit@edu.tbz.ch"|"SarfR2-RSzcZp-nhIl8p"
"maely.ligerton@edu.tbz.ch"|"a%qxc$-p@cnF#-N&q1GQ"
"maeline.ricciardelli@edu.tbz.ch"|"&j4uli-JBUV3M-0%F&V8"
"personnalisee.yggo@edu.tbz.ch"|"LhjvGc-PEjgbB-MAWL08"
"alizee.pettinger@edu.tbz.ch"|"emm1Tx-GnB$QE-w5KV5d"
"desiree.curnnokk@edu.tbz.ch"|"FlKbkv-@AQLSa-XnuPP8"
"dorothee.minors@edu.tbz.ch"|"GAzgx8-ry1$98-tuWLsy"
"oceanne.kopmann@edu.tbz.ch"|"sfIh9M-BoypJf-L%rAUB"
"almerinda.brodbin@edu.tbz.ch"|"TZ3@YF-AYk2Bp-gufFJl"
"yenora.carsberg@edu.tbz.ch"|"VBbovk-8f4svP-INTJha"
"wa.beetles@edu.tbz.ch"|"ciRBAq-MQkLJ$-BxD%tT"
"audreanne.abbot@edu.tbz.ch"|"NZnwoW-XpLRYb-XujXYo"
"noemie.capper@edu.tbz.ch"|"O0UBrL-cM&oxG-JDXk3O"
"mans.abramamov@edu.tbz.ch"|"y5Nlky-3BkKR8-%%BPH7"
"audreanne.blakey@edu.tbz.ch"|"SuIfhT-wCOF@E-Wvn5U&"
"leone.klimpke@edu.tbz.ch"|"pveUQR-dWul#6-4ijbl4"
"lie.croston@edu.tbz.ch"|"qMfx%s-lWB@Kf-GNO7l4"
"anaelle.baistow@edu.tbz.ch"|"P5$X9P-YWN$9L-G8d2oA"
"michele.garwood@edu.tbz.ch"|"PAI5NQ-3vd00S-gkcgMm"
"interessant.albion@edu.tbz.ch"|"jV2d8n-q6tuEz-fqRbOP"
"andre.brisco@edu.tbz.ch"|"#sPv4M-4CQISz-AVIswR"
"tang.totterdill@edu.tbz.ch"|"RPt1dk-0JsnI1-7FuB%1"
"marie-josee.braundt@edu.tbz.ch"|"3kORVB-vPFYSo-wJILro"
"lois.galer@edu.tbz.ch"|"1eNGdm-MZ7zzd-U5DxLA"
"faites.pellamonuten@edu.tbz.ch"|"k@AfIc-%@Bknt-q$AWi0"
"mai.barfford@edu.tbz.ch"|"DdPBAc-qdEPsQ-m8N91y"
"laurene.macilory@edu.tbz.ch"|"07At6N-h6dsTi-Ouh410"
"elea.peak@edu.tbz.ch"|"yF7$mW-ACY&97-TpEkeb"
"rejane.doni@edu.tbz.ch"|"VzKysQ-cfmz#W-OgOr5#"
"mahelie.ector@edu.tbz.ch"|"KwKXgT-lJoX53-Rhiq&L"
"rachele.allum@edu.tbz.ch"|"zSBBZU-FCeC37-hzR%8&"
"laila.gerretsen@edu.tbz.ch"|"pFwedS-i$BxF8-e#T&Aj"
"ines.bowman@edu.tbz.ch"|"BsK4br-AhQVO#-hrZyra"
"publicite.barbary@edu.tbz.ch"|"4pwzyq-dXXz4k-iZor#M"
"mailys.smooth@edu.tbz.ch"|"jtXdVz-7bnA19-0d8XC9"
"mailis.huguenet@edu.tbz.ch"|"FVLSr7-DNlxqt-2mJAmo"
"lea.ewer@edu.tbz.ch"|"BKW34v-Jewga7-H3KSre"
