"email"|"password"
"melodie.vandervlies@edu.tbz.ch"|"wQ1hXp-jvMmkU-@7&wWm"
"angele.edgecumbe@edu.tbz.ch"|"4njtJg-aIHKcP-r6b%bl"
"zhi.andreasson@edu.tbz.ch"|"HQ0@9&-s5J3tI-Gb1N5W"
"judicael.koppeck@edu.tbz.ch"|"BlDGq$-zllvPk-D4hba1"
"berengere.capron@edu.tbz.ch"|"%%&K4c-8pNIOh-uiPF%d"
"leonie.brosini@edu.tbz.ch"|"eUQojY-DOG3bT-S3b9g3"
"venus.garfit@edu.tbz.ch"|"K@j$Qy-%6@Rev-XDb67i"
"melina.janota@edu.tbz.ch"|"9QDT82-K#xDsx-Jd6Bnk"
"laurene.bake@edu.tbz.ch"|"SsDq9B-p0@YZW-@riFz2"
"regine.dorkins@edu.tbz.ch"|"XH@Gh$-qzgEmI-6s#Hfv"
"cecile.moffet@edu.tbz.ch"|"zXVdo#-as7tPw-ZPn2Mb"
"maelann.labrone@edu.tbz.ch"|"yd%4Gf-9USk%V-cDiUsA"
"melinda.newbold@edu.tbz.ch"|"rtji#w-xeLdl3-EYjUxa"
"mans.itzhak@edu.tbz.ch"|"k%O7WJ-GTsdFB-CvnlJI"
"melodie.pattlel@edu.tbz.ch"|"k9PfzK-Lqjy&k-g1lZmR"
"celine.bonett@edu.tbz.ch"|"@pnCFB-6XSGbo-f%B8ve"
"adelie.mcgreal@edu.tbz.ch"|"zkyL6T-HnmYNx-Uii36F"
"helene.soldan@edu.tbz.ch"|"FNlaQv-BvcyeQ-PvF1rO"
"michele.cluer@edu.tbz.ch"|"dhezK7-CRr6YE-FhAeqa"
"maeline.mueller@edu.tbz.ch"|"F7sZyZ-3sJ0Ne-sW40FU"
"maelann.benedito@edu.tbz.ch"|"voZfof-Qecvxn-E02160"
"nuo.gransden@edu.tbz.ch"|"pm$bbO-jR$uG2-p6oBPi"
"berengere.stainton@edu.tbz.ch"|"$xtGxS-0K&VoE-WGbDJh"
"wa.sabater@edu.tbz.ch"|"LyZTmX-AV7Y#1-icbtzt"
"anais.cochran@edu.tbz.ch"|"cDSoef-pKi552-V6d6vm"
"gerald.bessant@edu.tbz.ch"|"Mpoiip-eiffpf-LXUD4z"
"ruo.coffin@edu.tbz.ch"|"NX&kOj-&KbPVY-4nAzSp"
"melodie.mustill@edu.tbz.ch"|"FLm7K4-FMncb2-n3YLBt"
"ruo.stanesby@edu.tbz.ch"|"gS3k8C-jDdlU5-@kIYJv"
"noemie.antognelli@edu.tbz.ch"|"nrAAYv-w%vkJ@-g6GOFN"
"maelann.hughson@edu.tbz.ch"|"zsTDri-%1lLmJ-McYhuc"
"milena.mieville@edu.tbz.ch"|"iU&02s-h9swC7-9FyEpl"
"mailys.chamberlin@edu.tbz.ch"|"#HqF9U-MsHg3C-4l%0gc"
"nadege.tomalin@edu.tbz.ch"|"1bdMKG-EzIngk-XgBVJm"
"oceane.omara@edu.tbz.ch"|"@sVgSC-DWDfjR-HlPCQy"
"cecile.aguirrezabala@edu.tbz.ch"|"FjaIrY-PT7Cpf-IdOW&b"
"maella.gwillim@edu.tbz.ch"|"YPE93$-yBN4cf-iQ8VPf"
"lea.mcgahey@edu.tbz.ch"|"dPz535-vxt30V-8MjfEX"
"laurene.hagerty@edu.tbz.ch"|"H8IfSp-BgrFps-lGs85q"
"dorothee.link@edu.tbz.ch"|"WMSyqF-bQGgVV-2mupue"
"clementine.kynsey@edu.tbz.ch"|"W1aBBH-&BbpQN-0P&LRZ"
"lorene.smitherman@edu.tbz.ch"|"J@Ni05-qTmor4-aRJ97c"
"cleopatre.klulicek@edu.tbz.ch"|"NeKtrg-35Zqvy-S#51mL"
"laurene.castaneda@edu.tbz.ch"|"ikj8aL-nGAhHD-CB9$u9"
"melia.constant@edu.tbz.ch"|"JfFMJT-MVxX$t-wEE$L3"
"lucrece.clunie@edu.tbz.ch"|"V@95aB-$pyeZq-lQUdZ%"
"eleonore.mcmurthy@edu.tbz.ch"|"7nqG5n-kXv%Wq-@ma5dv"
"melia.bevar@edu.tbz.ch"|"A0oVyr-Fzx%wo-xR8X41"
"camelia.bontine@edu.tbz.ch"|"t45$Dz-gHTmtM-CIx5YA"
"methode.jozefczak@edu.tbz.ch"|"XRySU2-Pa5DPR-8I8sda"
"audreanne.hinsche@edu.tbz.ch"|"p1Qx%0-aR090p-O&HCwU"
"andree.varne@edu.tbz.ch"|"4bMIqY-wbPwia-4Fki4F"
"marten.kinleyside@edu.tbz.ch"|"%aLnrP-XLrLp%-YFg5PB"
"esteve.mcewan@edu.tbz.ch"|"SN4Mf9-cTV$AJ-xE36M5"
"leane.dibbert@edu.tbz.ch"|"y5Iy7T-3s2jtZ-FeZhvp"
"ma.thewlis@edu.tbz.ch"|"2fAdY7-ltY8CX-Ts$dCT"
"clea.djurkovic@edu.tbz.ch"|"brB3qA-1brXFp-%f0%V6"
"rachele.reburn@edu.tbz.ch"|"v@qXSA-89j1@k-kwR3W6"
"gerald.gowling@edu.tbz.ch"|"tbfbTj-BK17zB-TA$2z7"
"cleopatre.jackson@edu.tbz.ch"|"gXpUBQ-UwavG5-9Aefwm"
"desiree.haskins@edu.tbz.ch"|"LyCoO&-jzh9c8-#IdROv"
"eleonore.longson@edu.tbz.ch"|"dwfGR4-ST73f8-Z28JHE"
"leane.dybell@edu.tbz.ch"|"3fPS#w-kxHXIy-xB8DbN"
"becassine.grzesiak@edu.tbz.ch"|"Tzejg1-%tOJGV-riHoJ9"
"marie-josee.pickin@edu.tbz.ch"|"uwWJIu-qH1F71-vxJEbu"
"marie-josee.roxby@edu.tbz.ch"|"yRC%lG-HwnW0e-a70L#@"
"leonie.feenan@edu.tbz.ch"|"TN1bgq-dhhcKo-WAXv7a"
"valerie.ellum@edu.tbz.ch"|"I8gmUm-%uF8%L-pDA#dI"
"ju.caseri@edu.tbz.ch"|"9Rfr9c-VBhW#C-W98OTf"
"boerje.strangman@edu.tbz.ch"|"3nAHEC-awVhCA-W$Rrjj"
"beatrice.ghidelli@edu.tbz.ch"|"IYWw&D-Lt%j#5-UxH89S"
"da.jablonski@edu.tbz.ch"|"ZXsQAS-aN&A7K-2n0Ncu"
"uo.beveridge@edu.tbz.ch"|"T5t#el-o12LeN-R#zkDk"
"valerie.bestman@edu.tbz.ch"|"$vxIv6-8#M7an-5qtwdj"
"marlene.pohls@edu.tbz.ch"|"pyl5Cl-N0feEJ-ILPKnF"
"ma.nolda@edu.tbz.ch"|"i6bFh9-VZEedN-USksub"
"marlene.bisiker@edu.tbz.ch"|"Vv$5wT-n&LSX2-v7Nhv@"
"estee.babon@edu.tbz.ch"|"cmrh1%-ojeIpy-0jXwPa"
"simplifies.dmisek@edu.tbz.ch"|"42k@%6-lz@iOv-60t4wv"
"selene.ganing@edu.tbz.ch"|"mqtQMz-1xh9rG-NRiYt2"
"meryl.penke@edu.tbz.ch"|"xGyBvr-NrGc3R-RxDvqc"
"anais.rawcliff@edu.tbz.ch"|"6QM3JR-6RBR%J-qRP7rw"
"melina.andri@edu.tbz.ch"|"7y@a%9-Co@kit-#JepU0"
"audreanne.fodden@edu.tbz.ch"|"bzjCL4-d89G&9-mEcx0S"
"bjoern.spellesy@edu.tbz.ch"|"J@%#1#-vLUgUV-lbhHbP"
"francoise.summerscales@edu.tbz.ch"|"8L&Lo7-GqSmta-gR%six"
"laurene.ashtonhurst@edu.tbz.ch"|"UTOIV&-qkZRju-ZJYRK9"
"valerie.petters@edu.tbz.ch"|"%1mrzS-t8$K2L-plwkv1"
"anael.spenclay@edu.tbz.ch"|"3zEs0l-rTM&Wu-xB3qrJ"
"stephanie.keech@edu.tbz.ch"|"8HlVSb-azkQNP-MNmqd1"
"ines.deveril@edu.tbz.ch"|"VAI94W-kRsb&s-4DoQmN"
"berenice.gelder@edu.tbz.ch"|"9sc8fc-Ho&MJL-qpLBij"
"melanie.ofogerty@edu.tbz.ch"|"5lT%Hw-Yv7XYs-c@FEt2"
"frederique.canepe@edu.tbz.ch"|"DNA#eY-fpduR4-e#@56d"
"nuo.otton@edu.tbz.ch"|"R7QGYt-ak5p&2-$SclGq"
"genevieve.trusler@edu.tbz.ch"|"tjXEom-oZOgUL-x#qz4Z"
"ju.boag@edu.tbz.ch"|"1PuXCU-#JNRsj-ITBfYc"
"josephine.dilucia@edu.tbz.ch"|"DMR8XQ-9QfJ0W-QxTmNh"
"laurene.armsden@edu.tbz.ch"|"zmYuUU-Xx2cCB-2IVv9f"
"becassine.griffe@edu.tbz.ch"|"JkUcnE-hHnGpy-THesy3"
"alois.parres@edu.tbz.ch"|"umGksr-cK8ztu-mGjmQL"
"cleopatre.gaffey@edu.tbz.ch"|"sqh#b&-X#y3bl-$gFRUw"
"andre.stiger@edu.tbz.ch"|"2eCe2q-0Cj#7#-yTteE4"
"beatrice.godleman@edu.tbz.ch"|"xcL$8t-ggOcf8-c$S0O7"
"hakan.harrhy@edu.tbz.ch"|"xPaY0W-JXBX3@-xjMnq4"
"celestine.dagnan@edu.tbz.ch"|"wfFEX2-2Ng1BT-0xTLsS"
"clemence.haggart@edu.tbz.ch"|"aa6Hnz-tYkELk-Ff&KE@"
"long.caban@edu.tbz.ch"|"XhoqA5-Jxjjqf-DE#l%l"
"gaetane.grimble@edu.tbz.ch"|"ZHZrwm-%U9uMv-%i0R&m"
"maelann.piwall@edu.tbz.ch"|"DXYS7K-#Ein%h-X1KFos"
"magdalene.loble@edu.tbz.ch"|"VvWMAl-pk#yQG-qQIO86"
"veronique.domaschke@edu.tbz.ch"|"usaZfy-aWUXZZ-HKbO4M"
"clea.herity@edu.tbz.ch"|"0Zb1bB-g2&9lq-Xb37Tg"
"maelann.bambrough@edu.tbz.ch"|"xsIG0P-w2BZNk-1cLrbW"
"clea.goulstone@edu.tbz.ch"|"unphc7-E9upeg-hVbU1k"
"renee.deleek@edu.tbz.ch"|"DuMdMx-b47AqL-M2FJeB"
"boerje.rudderham@edu.tbz.ch"|"lasRf2-oSv$0C-B1KP4q"
"marylene.broune@edu.tbz.ch"|"Pd31Lj-HKJ24L-HMWuAC"
"nadege.mccuish@edu.tbz.ch"|"BQghCk-C4G2ft-$npbE3"
"anael.littleover@edu.tbz.ch"|"OTrdBg-Fk&USB-qQkf&e"
"lie.baume@edu.tbz.ch"|"xnANOc-#eQdYU-z&T7ck"
"maella.murrow@edu.tbz.ch"|"Moovz9-8cof@W-K&WqRx"
"cleopatre.pettifor@edu.tbz.ch"|"WlLj9N-fLvX#I-sfkmDL"
"geraldine.asker@edu.tbz.ch"|"IFCVbB-L9#rnM-GX06YM"
"gaetane.smedmore@edu.tbz.ch"|"Y9HErA-Yeyrpx-oPXBYP"
"meryl.blencoe@edu.tbz.ch"|"MQ%zcD-sc%$nf-bDZKob"
"aurelie.chastaing@edu.tbz.ch"|"lCx4pR-znLwp2-rwRkF0"
"oceanne.marthen@edu.tbz.ch"|"$0eRC$-cGIy%p-zpSwxa"
"dorothee.burrill@edu.tbz.ch"|"wUcdiT-a%TOqp-f0NjL1"
"hakan.belden@edu.tbz.ch"|"k4q9Wl-tUxRwW-FBaRw9"
"celine.brunning@edu.tbz.ch"|"Rp8egR-70c9E2-&Uahxt"
"anael.lapides@edu.tbz.ch"|"UcQome-AF%7x@-5XJrrH"
"ruo.saffran@edu.tbz.ch"|"yV#0uF-oHYn5C-x@IDYR"
"loic.gerretsen@edu.tbz.ch"|"4MEjGh-UjZ1Qj-w6A5Yn"
"rui.fitzer@edu.tbz.ch"|"tlfmFo-MnLJ4z-EAtEl$"
"annotee.ogers@edu.tbz.ch"|"IxnAWn-4fFTAO-MzSQfj"
"boerje.bindin@edu.tbz.ch"|"K2oyWR-sSk5xP-0Fnc@g"
"ma.cronchey@edu.tbz.ch"|"d%eoRG-vpgpay-8is6HP"
"laurelie.baiyle@edu.tbz.ch"|"@xXjhx-sj7VPZ-OcsbB@"
"dorothee.older@edu.tbz.ch"|"35gz%h-yJYHtF-IJ7cyD"
"laurena.wile@edu.tbz.ch"|"4GVfBT-X0J$GC-gn6LQQ"
"clemence.brito@edu.tbz.ch"|"nq5Kd@-6Ft1k7-IHDg5V"
"nadege.dallin@edu.tbz.ch"|"qzvVuY-8HGaWY-Tx3G2t"
"mailis.matley@edu.tbz.ch"|"wrs#Pe-J7VXyY-lQwscc"
"daniele.screaton@edu.tbz.ch"|"VUQg1j-cZqEjV-fqLuNn"
"mediamass.godly@edu.tbz.ch"|"kxgb5O-x1HJv#-19W2Br"
"leone.kremer@edu.tbz.ch"|"g#8eIL-O0fL@G-rexh4%"
"asa.adrian@edu.tbz.ch"|"lsbRT6-2gin65-q9e%V@"
"adele.doley@edu.tbz.ch"|"aDD5$s-&S1U0p-@AvtQ$"
"fei.sidney@edu.tbz.ch"|"aWfxob-NSpge5-&ULOys"
"marie-josee.walisiak@edu.tbz.ch"|"njoH7k-u9$89A-NbTltd"
"desiree.diplock@edu.tbz.ch"|"2Mp#dZ-3I938w-OXpAv&"
"gisele.schust@edu.tbz.ch"|"tXJ@v8-u99%FK-MSxylA"
"ma.longshaw@edu.tbz.ch"|"IV0Pe1-hUR3w0-cHdSPL"
"da.boother@edu.tbz.ch"|"Sy41Fh-bWLZj9-6WetdB"
"simplifies.chaudhry@edu.tbz.ch"|"4LEADw-V$Bo4T-@MOiXN"
"garcon.baniard@edu.tbz.ch"|"SjiD3y-50Ms8H-2CCPiG"
"gaetane.elphee@edu.tbz.ch"|"NypI46-huEN9R-X8qaJH"
"gisele.hassey@edu.tbz.ch"|"mWlAf4-nPDUkX-dIKP5P"
"oceanne.booley@edu.tbz.ch"|"8dh%#k-8&XxuS-iv@qA4"
"oerjan.dibden@edu.tbz.ch"|"xPVbay-4IwJ2e-S0VvrZ"
"regine.ocleary@edu.tbz.ch"|"GS9e@S-ACSt8A-6KxJif"
"selene.persse@edu.tbz.ch"|"jxwoSR-JOEezt-K091vV"
"helena.adenot@edu.tbz.ch"|"wTGkq0-6R9GP$-fR#l5G"
"maelann.wassung@edu.tbz.ch"|"2@AljX-dKuaV#-QyD9Yt"
"frederique.ackermann@edu.tbz.ch"|"FNS247-jqJsKS-jXr63e"
"audreanne.kahen@edu.tbz.ch"|"@gdE5X-KsoYZU-Ev&XQF"
"maiwenn.lasty@edu.tbz.ch"|"DgCN2R-TUJ6nr-Crs31V"
"yu.dictus@edu.tbz.ch"|"1KRc$e-E%w8dB-V&Nu#l"
"anae.dukes@edu.tbz.ch"|"Xx2upc-c%4KrH-v8lBo4"
"yenora.warr@edu.tbz.ch"|"ChhO6%-r3xc9D-qxKoE9"
"esbjoern.archibold@edu.tbz.ch"|"opYA0g-@5VyMk-%suwzp"
"milena.pardal@edu.tbz.ch"|"WpoL32-AnzKtd-0L1Wf4"
"celestine.graveston@edu.tbz.ch"|"ipo2to-LdXB1W-2SzSoP"
"maena.dallas@edu.tbz.ch"|"kNWR8C-ZPN$yi-rVX1&s"
"andree.tuke@edu.tbz.ch"|"R$k$3q-VTxQ3P-JPmUSN"
"methode.seldner@edu.tbz.ch"|"lX$Gk$-HHeYh7-978GrY"
"venus.bullas@edu.tbz.ch"|"efGp10-Zb99Bx-Q1jTBb"
"mans.aguirrezabal@edu.tbz.ch"|"sk0@o%-rKiYxG-5d@0hX"
"gaelle.eadington@edu.tbz.ch"|"rmx8jZ-LuZe5@-W$f80F"
"anaelle.falkner@edu.tbz.ch"|"O$$iQ5-bq4s#D-RPwVf&"
"ophelie.height@edu.tbz.ch"|"NcRpFE-SHcbbk-v@Rr%p"
"marten.bolding@edu.tbz.ch"|"tUV3rl-@TVrTh-ozyg&$"
"pelagie.guswell@edu.tbz.ch"|"t8KyLN-1Lhnm2-JR@7PV"
"gwenaelle.lecount@edu.tbz.ch"|"LxDSJn-Z5EMh2-ofawsX"
"hakan.laden@edu.tbz.ch"|"FlbO$f-alyY3n-bsXC70"
"marie-josee.hylands@edu.tbz.ch"|"dKFNV9-%5Ulho-KBMc$4"
"zoe.kingshott@edu.tbz.ch"|"cTjKcx-lq1BZT-EVUPbz"
"josee.janous@edu.tbz.ch"|"pYKjBA-xmWDpD-ip%A&M"
"laurene.gallally@edu.tbz.ch"|"nYXP@4-xUWe@T-8HaIpi"
"anael.bickle@edu.tbz.ch"|"8kxj1V-WXU52U-m2YEND"
"mediamass.lebbern@edu.tbz.ch"|"wjpeq5-9#vxu#-cPJJHK"
"berengere.hovy@edu.tbz.ch"|"Ax9yHa-#70wOK-ZuG8HB"
"oerjan.kilmurray@edu.tbz.ch"|"y1FXe$-zjIveK-sC4kGg"
"asloeg.venny@edu.tbz.ch"|"PvbR@t-$WJy7t-oKuP5R"
"marie-noel.stoad@edu.tbz.ch"|"rZAo1p-%5&F4u-JdkUfV"
"hakan.pettifor@edu.tbz.ch"|"JQOjKM-3x2Tyr-b1%pv9"
"maella.willgrass@edu.tbz.ch"|"21bju3-7jm%#V-diG@4P"
"therese.ludovici@edu.tbz.ch"|"%rXIBB-glKwv$-vp#&VE"
"stephanie.trewhitt@edu.tbz.ch"|"A3KRn2-Zb0ORj-ElAyE7"
"maerta.bauduccio@edu.tbz.ch"|"ZcO0Ao-j2p1tL-cJxrRt"
"gaetane.glaisner@edu.tbz.ch"|"6ZY40x-@RaT5X-P5V8h5"
"naeva.pargeter@edu.tbz.ch"|"r@583S-acAtWz-iW98JN"
"salome.venable@edu.tbz.ch"|"3aK$Ug-GxzHi%-F8IV&a"
"boerje.thickett@edu.tbz.ch"|"IE#skT-0g%oJ7-PfHyHY"
"lucrece.prendergrass@edu.tbz.ch"|"@MJSpU-R0S2J&-qI9126"
"laurene.ockleshaw@edu.tbz.ch"|"urGouZ-Kw7VL3-CGlbYL"
"cecilia.pasticznyk@edu.tbz.ch"|"%k@sYu-qIQw2T-01Z3cT"
"stevina.mackey@edu.tbz.ch"|"0%p&c1-IAC69w-NimmT1"
"marie-noel.reven@edu.tbz.ch"|"A6$wnt-q1eR%Y-$10juC"
"melina.quilkin@edu.tbz.ch"|"5AUEPC-EOKHyE-qXTBN7"
"marie-noel.ferrie@edu.tbz.ch"|"H%su$g-$VJKZu-Zn8AEO"
"leone.alphege@edu.tbz.ch"|"so@Lv0-rqWwzm-0rOrFC"
"zoe.leverson@edu.tbz.ch"|"h#XBIf-rNF2EB-URlGzQ"
"annotes.grayne@edu.tbz.ch"|"LEzfhO-dr9xqY-XSb100"
"faites.lalley@edu.tbz.ch"|"LU#dhn-$Dokmo-hDIebn"
"adele.wallis@edu.tbz.ch"|"lNQpoG-3t7rxL-ef6qdN"
"severine.madill@edu.tbz.ch"|"FWznaa-hi7mF$-fph0zc"
"valerie.tebb@edu.tbz.ch"|"FFm$dl-QaTqmw-ukVxWj"
"kalliste.rasper@edu.tbz.ch"|"2GObzX-DOGRMt-pLX&5R"
"audreanne.palomba@edu.tbz.ch"|"Pjpcnl-AVTvpk-oikV1G"
"elea.adamik@edu.tbz.ch"|"zMUFpO-bTQqmq-IwjWhp"
"reserves.jakuszewski@edu.tbz.ch"|"hnPHeg-bQ@Fbt-RvSyJM"
"athena.belhomme@edu.tbz.ch"|"ZKj8L2-Kdv8x8-58V$$q"
"rebecca.crippin@edu.tbz.ch"|"Ya&scZ-LkaVZ2-wfajmA"
"maiwenn.curman@edu.tbz.ch"|"$3hW65-aDe3Av-3aw520"
"andree.bunner@edu.tbz.ch"|"$t97F%-I2uYKj-db9edV"
"ruo.winckles@edu.tbz.ch"|"vpAShe-4@5i0&-RTm2SR"
"naeva.buntine@edu.tbz.ch"|"4f2xq$-dcP8My-zRNBGF"
"boerje.dollard@edu.tbz.ch"|"WkXaye-@#tRlJ-GZiDiQ"
"penelope.gorman@edu.tbz.ch"|"SO0D7w-F7%LSS-qj25XR"
"alois.robelin@edu.tbz.ch"|"2BZsfg-KGm$Ut-6Ck7j3"
"anaelle.tindle@edu.tbz.ch"|"%fI9V%-6uBYnN-XbS&wy"
"ye.frears@edu.tbz.ch"|"B&J6Ji-Ssisr#-BeSrDb"
"andree.ovid@edu.tbz.ch"|"ijmMhG-v8zHW5-$Fi&1N"
"hakan.peat@edu.tbz.ch"|"LFM981-cAQ0Zo-YYAtJo"
"andre.januszewski@edu.tbz.ch"|"2m5YOa-3rmXIV-Q1nEZH"
"annotes.clemmett@edu.tbz.ch"|"XcHZ5s-VunKp3-x$t4Fu"
"pal.lambswood@edu.tbz.ch"|"YQdzZy-fQJyY@-w&jeWc"
"yao.lenton@edu.tbz.ch"|"QLQwY5-8Avn7l-pOLXEC"
"hakan.boyton@edu.tbz.ch"|"UrqDES-$sKhVk-mQ@h5I"
"nelie.forsey@edu.tbz.ch"|"wOi2Ey-pM5bx4-3cJSQ6"
"hakan.horche@edu.tbz.ch"|"jDB@sw-&P6z9L-#tWUcy"
"lorene.sinkings@edu.tbz.ch"|"4W1bTw-BVQ2MD-gljMKS"
"marie-therese.creddon@edu.tbz.ch"|"TSnmLz-svMg3s-hO5HSx"
"berenice.tolworthy@edu.tbz.ch"|"zdHE$n-xAGUxr-khFJ0x"
"theresa.land@edu.tbz.ch"|"ZT&0$K-D&V3ZV-VS2Mou"
"marie-therese.gianilli@edu.tbz.ch"|"b7$PQv-v6UCTC-yuDL0E"
"meryl.glew@edu.tbz.ch"|"PD@KTf-TU3Gmk-ZCmCnu"
"adele.debling@edu.tbz.ch"|"KFOCeJ-oARFnG-X$2D2C"
"anae.metzke@edu.tbz.ch"|"3Lc5k5-w5H13u-ourNbF"
"gaetane.gooden@edu.tbz.ch"|"oxIh0y-H#UEPS-8Mx%%1"
"laila.bootland@edu.tbz.ch"|"Y0OGCp-5SiXzJ-8j4rWK"
"maite.helsdon@edu.tbz.ch"|"7U1hSO-kMYjZh-J&fEYw"
"andree.malley@edu.tbz.ch"|"9NKu4P-26ywkl-wG3v09"
"pal.simmens@edu.tbz.ch"|"mF3yHN-jD1MC4-&tab@D"
"maelys.nuccitelli@edu.tbz.ch"|"sw5dXG-hrKN&K-y1nEoS"
"dafnee.sibary@edu.tbz.ch"|"UKO7BM-QZlVi@-fgx1Rh"
"alois.harsnep@edu.tbz.ch"|"ISZ8wu-ctl$Ky-P%iToB"
"marie-helene.lacky@edu.tbz.ch"|"6iM@Df-sFjwr0-1rE$d$"
"mylene.youthed@edu.tbz.ch"|"cO4T6%-pklqZ2-k0fFZN"
"marie-helene.dehmel@edu.tbz.ch"|"yjCOU&-P1zAKo-i8PQG$"
"angele.batman@edu.tbz.ch"|"&5J6HF-RRruNc-wXU2h3"
"melia.younghusband@edu.tbz.ch"|"T0v8pg-T$p$F3-9lmh1W"
"eloise.baldi@edu.tbz.ch"|"W$3sFx-9E@smG-2v#0tx"
"illustree.dun@edu.tbz.ch"|"OxhGmq-i&7cxf-LpFaIP"
"genevieve.late@edu.tbz.ch"|"shAOGa-zkSkHR-8R$q$e"
"celestine.colville@edu.tbz.ch"|"oEsQfK-cJZM2Y-j8DpXX"
"gwenaelle.scarlon@edu.tbz.ch"|"NXVqzX-vbC29c-kmZK#U"
"regine.boddie@edu.tbz.ch"|"1D2CFi-Aa3MxT-R@Z6xT"
"creez.gaughan@edu.tbz.ch"|"J&23#L-QQHn&6-jTH3F8"
"gaia.longford@edu.tbz.ch"|"HSxPa2-3XliAD-nEFDsU"
"mailis.buckby@edu.tbz.ch"|"lAeE1R-e3iVjD-29XABv"
"song.parbrook@edu.tbz.ch"|"w64MHE-B2Uy1H-xlLVUX"
"frederique.heddan@edu.tbz.ch"|"sEVQC$-$nhCI2-HNPyAk"
"ake.kirtlan@edu.tbz.ch"|"O4LcHI-MwVL#j-P$Npef"
"nelie.runciman@edu.tbz.ch"|"cBsFln-Y#6vXl-RahW66"
"mailis.cardnell@edu.tbz.ch"|"wAlarI-l9PV8u-C5sioc"
"irene.navarro@edu.tbz.ch"|"pB2ymj-nv95xX-ckSt%q"
"maite.cough@edu.tbz.ch"|"RPB4SO-u@vrtN-TW1d6R"
"anaelle.stocky@edu.tbz.ch"|"p%3lrJ-KhcIzl-R@58dY"
"methode.moulder@edu.tbz.ch"|"KFjA5M-xCukk3-XpSJ%z"
"po.stafford@edu.tbz.ch"|"h3G7WP-Mh8qU2-l$q3Ec"
"faites.scraggs@edu.tbz.ch"|"Bx2kO2-booE%5-19gDNs"
"adelaide.dullard@edu.tbz.ch"|"GtZ3fL-tIUw$n-G#tXvH"
"desiree.leonard@edu.tbz.ch"|"cSiE#X-QCbE4A-$mFk7&"
"geraldine.badgers@edu.tbz.ch"|"DUWo9l-YIs#FZ-4uDbJ@"
"ruo.masic@edu.tbz.ch"|"vxp&V2-Q4aUu1-P59y&K"
"aurelie.lieber@edu.tbz.ch"|"MEGOMW-An9IhF-WSq1J@"
"naelle.balcock@edu.tbz.ch"|"Z5xAI6-d&7liw-RuL3P$"
"camelia.elger@edu.tbz.ch"|"mTicl@-JpxPDJ-t9h56N"
"publicite.oakeshott@edu.tbz.ch"|"AIIwCp-#ix5F9-hk2UCy"
"cleopatre.fawley@edu.tbz.ch"|"1Z7vET-4O2zSc-4j8s9c"
"laurene.bruckmann@edu.tbz.ch"|"C$xS%C-v0GJKI-2U#dMh"
"rui.haughton@edu.tbz.ch"|"tTRoaN-JATP2y-c9QFPx"
"asa.ladewig@edu.tbz.ch"|"22NDEM-Lxk4cE-O1ejZd"
"gisele.janecek@edu.tbz.ch"|"BtWQ$5-TpxVWB-2r3&pR"
"maily.loveridge@edu.tbz.ch"|"yQsDhK-o1GCUs-9ON7jk"
"marie-eve.yurkiewicz@edu.tbz.ch"|"XRDp%f-2i1K$7-iM1tMy"
"fei.roder@edu.tbz.ch"|"11pLSG-mQuy7H-ywj&iV"
"edmee.chatburn@edu.tbz.ch"|"4mbPw9-dfi1@Q-hVTzuZ"
"geraldine.darke@edu.tbz.ch"|"Dfb70w-ornhvL-aetMK@"
"ye.jira@edu.tbz.ch"|"PYR9RG-r03Jsv-sorNT7"
"publicite.persent@edu.tbz.ch"|"Sx$21Z-mji&J@-gFY5nN"
"severine.wilcox@edu.tbz.ch"|"a#leE&-shSGp%-djr5cA"
"yao.mcclaren@edu.tbz.ch"|"Rzq5Ks-2Sk$l6-7bZoAg"
"theresa.foynes@edu.tbz.ch"|"BhWeU%-Ve6Wme-e%rAPz"
"stephanie.isley@edu.tbz.ch"|"YR8O#V-YQue55-JwiPfF"
"torbjoern.growy@edu.tbz.ch"|"H0U6Z0-Rsz383-Rd$g7v"
"eloise.tunnadine@edu.tbz.ch"|"JDmv2i-mOGh1X-%@yDd3"
"maeline.cossentine@edu.tbz.ch"|"HU%5wM-%DcGcL-#2au@D"
"nelie.desantos@edu.tbz.ch"|"JMSKDQ-OY3jNC-A$0KAz"
"gaetane.axston@edu.tbz.ch"|"H5SsIN-nZsVB4-&fWqaL"
"aimee.merman@edu.tbz.ch"|"WShDXY-4aKCJM-7vrWM#"
"oerjan.drivers@edu.tbz.ch"|"x%G@5U-u#acd$-i0k$G$"
"aimee.miroy@edu.tbz.ch"|"RlnD5w-tuO@L#-dM9Y9H"
"nelie.glyde@edu.tbz.ch"|"Hu@ol2-p36t8m-0fqLAh"
"hakan.kapelhof@edu.tbz.ch"|"ZQWYD9-GqKHJu-1efPpH"
"maelyss.cauley@edu.tbz.ch"|"o3T$7a-y6gks1-VNI4pt"
"elea.vaggs@edu.tbz.ch"|"Yk6UAD-ITB@Vr-8mL&C2"
"maelys.but@edu.tbz.ch"|"2MyTXk-$FMtI#-3&$n80"
"maella.arthurs@edu.tbz.ch"|"SQWQ9%-o&tvih-6$D$Fy"
"adele.liebrecht@edu.tbz.ch"|"X$eIzd-BYmyeQ-ssrFuK"
"meline.lomasny@edu.tbz.ch"|"kGI$FW-s2YFd5-kioQBf"
"mediamass.schwant@edu.tbz.ch"|"xo9Ir9-i%KNke-qSMGrt"
"leone.saunt@edu.tbz.ch"|"LO6a%d-CcGxNe-piSqxF"
"annotes.gouch@edu.tbz.ch"|"GJJ$JQ-kunXZl-onHjhe"
"gaetane.bowich@edu.tbz.ch"|"H2BMeL-7S$Sx9-Bk9o$w"
"alizee.strelitzki@edu.tbz.ch"|"y23ZyL-phqNg9-41W5Co"
"leone.poile@edu.tbz.ch"|"QceFy6-&Zk0sT-735IGx"
"amelie.saban@edu.tbz.ch"|"LG0D6e-nV7523-RkwENF"
"marten.mcmenamin@edu.tbz.ch"|"ugnt&q-PBZxU3-hkYipU"
"becassine.keets@edu.tbz.ch"|"0kL@ez-u49wey-#SJDw5"
"celine.million@edu.tbz.ch"|"4HghKs-ThywAk-0U%NPR"
"geraldine.belitz@edu.tbz.ch"|"WstI9r-Bi2AOA-sqBkuH"
"salome.mardling@edu.tbz.ch"|"4AiWxR-RtdJRI-zV6ggK"
"melia.blakemore@edu.tbz.ch"|"jI4d#5-G9hskg-pLg162"
"dafnee.mcaulay@edu.tbz.ch"|"ft&Xm9-qV8Lf2-2$X&4r"
"garcon.dennett@edu.tbz.ch"|"i@JpxO-zGNTfr-te4qEw"
"interessant.lesor@edu.tbz.ch"|"8NKoX7-0bnPOA-UGhNnX"
"annotee.wasbrough@edu.tbz.ch"|"uJ50q&-lz%ZHH-gn6e6H"
"asa.ibbeson@edu.tbz.ch"|"qyVCkY-Ez7QNm-%cFAmr"
"maily.kennealy@edu.tbz.ch"|"DadBcQ-ccur9s-X$BHOK"
"ye.seares@edu.tbz.ch"|"sbYpnT-ha4q9w-4ORpN7"
"athena.harbron@edu.tbz.ch"|"uoW5i7-GwoiwA-2NX7A1"
"andreanne.portail@edu.tbz.ch"|"8m7hM@-w@zd&m-8bAIVJ"
"goeran.zannelli@edu.tbz.ch"|"f54RO2-SB@tOH-OszWXf"
"gerald.leathlay@edu.tbz.ch"|"MY4cEF-OcW1WT-dtgvD7"
"andreanne.chown@edu.tbz.ch"|"&h4AXF-wOGyG6-FN3ozx"
"esteve.clementel@edu.tbz.ch"|"iqmsQz-0Iu3t0-mS5#9H"
"leone.legan@edu.tbz.ch"|"kMW0pS-Zt61SK-WicRMv"
"maena.pownall@edu.tbz.ch"|"R%R5QG-o%yb7s-DPQ7G&"
"andree.rettie@edu.tbz.ch"|"5&8jLO-ne5fxX-lazohX"
"ines.kenwrick@edu.tbz.ch"|"Is4St6-Njs8hy-5mGJ7t"
"marie-helene.yarnall@edu.tbz.ch"|"ovzJbk-cct5#s-HMBa@9"
"po.martin@edu.tbz.ch"|"ddL8ZO-XlhFIW-Ecu3ZU"
"ruo.celiz@edu.tbz.ch"|"ws2Q7m-i76$IT-hk#NR0"
"po.bissett@edu.tbz.ch"|"2s#Zyj-2iVSVM-EtC0aB"
"du.swindon@edu.tbz.ch"|"$N8yLM-#7e2sr-eF1dbf"
"interessant.gouldthorp@edu.tbz.ch"|"T&XCtz-#&&iyr-KjS15H"
"leandre.lilburn@edu.tbz.ch"|"%uCKEY-bXFloJ-rRADFa"
"bjoern.whales@edu.tbz.ch"|"j&Jr84-24fr&H-UJrC9f"
"interessant.dieton@edu.tbz.ch"|"34PIj@-M#MHps-FFOG&N"
"celestine.redhills@edu.tbz.ch"|"tLR#Aj-3la6W0-y5#V8C"
"tan.yakovlev@edu.tbz.ch"|"qFcm8&-3HtTEo-j@$zI7"
"regine.mcdowell@edu.tbz.ch"|"QFW4gx-VXUKzY-YQx#aR"
"ju.coysh@edu.tbz.ch"|"Sj0TdO-EKo910-$cHnHK"
"reserves.ofallon@edu.tbz.ch"|"VuQKGq-7HTdYq-iZt7iP"
"frederique.sobey@edu.tbz.ch"|"M7xb@B-xSgjTe-lIVZbh"
"marie-eve.garstang@edu.tbz.ch"|"#0UIqi-#Rar72-Q1NBey"
"andre.tapin@edu.tbz.ch"|"PRRm4V-2QsoEr-BHltkX"
"esbjoern.eynon@edu.tbz.ch"|"we&hGW-pYNCKE-73fSAB"
"maella.duffy@edu.tbz.ch"|"u3VBfe-BYBDPo-H&jbH5"
"leandre.twinning@edu.tbz.ch"|"h54WBF-FxEx&3-59QXbL"
"mai.whittingham@edu.tbz.ch"|"@2U$6Z-BU7ocV-op$5Rq"
"rachele.shevelin@edu.tbz.ch"|"FgDnJ8-XVnVKA-&ga96o"
"cecile.mcure@edu.tbz.ch"|"vcCqMo-ET36tU-N$lRFT"
"marie-eve.yurkevich@edu.tbz.ch"|"kD4Z@&-kLFTus-#Ho7xU"
"almerinda.paice@edu.tbz.ch"|"s14Q62-$XPYzg-1dCm#c"
"rao.howkins@edu.tbz.ch"|"mSPfin-2LonnO-TDRa&6"
"serena.pack@edu.tbz.ch"|"L5M&H@-V@e&up-UXeYGi"
"rebecca.mant@edu.tbz.ch"|"Rt0$1n-3rOLjd-3VC60i"
"reserves.spitell@edu.tbz.ch"|"tvAYLe-pNrEo1-diF#hD"
"garcon.hamfleet@edu.tbz.ch"|"g4tjIE-%Ut5gY-znEYZ1"
"methode.kerkham@edu.tbz.ch"|"nspfaU-e6F@ro-CUUfHu"
"pelagie.camies@edu.tbz.ch"|"JnlyJT-GdRvwG-7xPghe"
"josephine.macpharlain@edu.tbz.ch"|"Ygegp3-nM6lE#-@D8WqO"
"eugenie.mathet@edu.tbz.ch"|"@1rk6q-@h6C8d-1ei11X"
"gaetane.brangan@edu.tbz.ch"|"G7Fx#A-DX@nk0-AhvJCl"
"michele.dewbury@edu.tbz.ch"|"hK@83H-fvcD$j-z0r3eT"
"eugenie.elcott@edu.tbz.ch"|"W64Nl3-WP$hbF-4xkf@3"
"megane.harniman@edu.tbz.ch"|"yQTfx1-TFGXw@-Iwqfcs"
"agnes.cluney@edu.tbz.ch"|"CBm0QR-j%4jC@-@piJg$"
"marie-helene.angear@edu.tbz.ch"|"v2I7eB-7FtSaQ-g7T&pt"
"melia.dolphin@edu.tbz.ch"|"bh#u3u-Eswr$3-Fw28#Z"
"lois.ruseworth@edu.tbz.ch"|"uvBB$7-ggPQOp-6UlCsQ"
"mailys.ryding@edu.tbz.ch"|"yH6glY-%khu1@-NxR25@"
"rachele.wulfinger@edu.tbz.ch"|"KAZLJT-R@aCZ6-39Egyq"
"gwenaelle.talton@edu.tbz.ch"|"67o%DB-3iygOo-pj8grr"
"long.ronchetti@edu.tbz.ch"|"ktyjE8-ZWLWb2-Pzzh5x"
"styrbjoern.kloska@edu.tbz.ch"|"GkWItM-MFv78S-y$yYxH"
"len.sudran@edu.tbz.ch"|"jSCm7@-V6M4Kb-1sYV&h"
"maelle.andrysek@edu.tbz.ch"|"p%uDYR-45YPdg-rPW&RA"
"selene.senior@edu.tbz.ch"|"38Mqgm-p3Ej0#-UCMyUl"
"anais.joskovitch@edu.tbz.ch"|"vbNB$P-boANEP-pSaqOX"
"marie-noel.dally@edu.tbz.ch"|"Qpo%uq-XJf99y-RZPORP"
"marie-helene.laurence@edu.tbz.ch"|"pao3TQ-CaZb#y-FYaIGv"
"camelia.foxon@edu.tbz.ch"|"JBr4Nk-FxxdJz-kVejVk"
"helene.cankett@edu.tbz.ch"|"BSxzoT-hIMQVQ-1h6vl#"
"marten.mitchelson@edu.tbz.ch"|"O43dHs-nXNvqo-mcKy09"
"helena.stirtle@edu.tbz.ch"|"jM2t#y-xAzkjO-3CtnA$"
"leane.barmby@edu.tbz.ch"|"XVcNLw-XVrE3y-K2ybs4"
"goeran.ofinan@edu.tbz.ch"|"UECMt&-NLaTlT-maiYP#"
"styrbjoern.proby@edu.tbz.ch"|"JjfTKe-whDQlZ-8DU9uL"
"zoe.halse@edu.tbz.ch"|"9j7t$C-jPDW8v-6gcU3c"
"kui.drable@edu.tbz.ch"|"rL$5KB-2mnvKE-F4XE0W"
"desiree.bamford@edu.tbz.ch"|"%DwZAp-7v2n8Q-GtUfaa"
"zoe.suller@edu.tbz.ch"|"@pRyKZ-4N48%R-YbckJm"
"marylene.audiss@edu.tbz.ch"|"hW8eTI-hAqG0u-bC6uOQ"
"adelaide.poznanski@edu.tbz.ch"|"IPhr6R-tXzSVy-MIQ7ol"
"maella.coleyshaw@edu.tbz.ch"|"sQFTFE-noNC76-bbea@k"
"marie-francoise.gelder@edu.tbz.ch"|"Em#rPZ-ZkTnmu-OV$WiA"
"eleonore.chaffyn@edu.tbz.ch"|"1EDdwT-6s344v-KgEuE2"
"celestine.sikorsky@edu.tbz.ch"|"YsovOR-HErD8t-KyxbSQ"
"stevina.londsdale@edu.tbz.ch"|"dw0T#m-8l1hPV-Tr7ILk"
"maiwenn.nevitt@edu.tbz.ch"|"0xCXTG-twhpGJ-wB98nE"
"magdalene.gerrey@edu.tbz.ch"|"jluRet-OfGoBA-ZJkwbl"
"becassine.latimer@edu.tbz.ch"|"fcA3vV-uCnm3m-p7zG1b"
"da.lethibridge@edu.tbz.ch"|"WhStup-i6p%3z-TUiv82"
"mailys.claige@edu.tbz.ch"|"qIEz%R-ab$0NH-ZLxw6f"
"maena.torbard@edu.tbz.ch"|"WbGRYw-e%GEPF-sIdt8w"
"solene.lyvon@edu.tbz.ch"|"L@cQp4-B%x0fh-S#%@&3"
"marie-therese.benbrick@edu.tbz.ch"|"UiUqoI-YyRQq9-hz$U65"
"gerald.edmonson@edu.tbz.ch"|"Rndn7R-yt@%6W-8iUXyw"
"ake.messruther@edu.tbz.ch"|"@Ra8xc-B6yxU@-U62Odn"
"men.gosneye@edu.tbz.ch"|"aEY7CM-psyDjg-$4E$mh"
"anais.jefferys@edu.tbz.ch"|"W#PQOy-ivdlk7-pqfS0y"
"publicite.tregale@edu.tbz.ch"|"oRQopu-r4y8yj-6Eqy&R"
"maily.santorini@edu.tbz.ch"|"kroHFa-S4GlRH-bQ3IvP"
"ines.pioch@edu.tbz.ch"|"%51GQf-lAL#5o-iq4J7e"
"noemie.marklew@edu.tbz.ch"|"QQD2b%-lMtO96-mHZrN9"
"meghane.maccaffrey@edu.tbz.ch"|"c#e$Dd-7VQOw3-uz9a$y"
"berangere.ambrogio@edu.tbz.ch"|"YUmX0v-P7fO%U-kMTzYD"
"mediamass.ryce@edu.tbz.ch"|"Wj@Mki-l38T6b-Gigt9G"
"oesten.ubank@edu.tbz.ch"|"4xiQch-Ldo8BW-ZNSxn0"
"melina.mackee@edu.tbz.ch"|"hP2LU2-987Q7N-wPlf3W"
"theresa.livezey@edu.tbz.ch"|"X6Yr35-rU9#wU-hus4Rd"
"clemence.weal@edu.tbz.ch"|"pFvub6-E7qTnb-%YTgAU"
"faites.overton@edu.tbz.ch"|"GDdu$M-T$X&r3-7zt$TF"
"clea.lindblad@edu.tbz.ch"|"SiclYx-C5@z7l-UOE2dU"
"josephine.roseaman@edu.tbz.ch"|"s%#Rie-#D9U81-2hOk@$"
"oesten.lowbridge@edu.tbz.ch"|"uploA#-Bo9b2&-oGHCz3"
"marie-josee.brion@edu.tbz.ch"|"vmK0Mo-yF%ZFf-&MRaiD"
"therese.basili@edu.tbz.ch"|"SGjNUi-usEgZB-KhbYMG"
"melia.vertigan@edu.tbz.ch"|"ssdHX#-BJSviN-ijanO$"
"judicael.saull@edu.tbz.ch"|"CsNDka-QyulAr-TD%nOi"
"selene.valentine@edu.tbz.ch"|"0NhDoP-ivsv6t-fqJECs"
"verane.dunlap@edu.tbz.ch"|"s2EH#3-#Eia60-HM5LvU"
"meline.kinnear@edu.tbz.ch"|"%tou&V-y@72Sg-u95zTc"
"lei.luttgert@edu.tbz.ch"|"8Zvw$N-fyRT&T-vtds16"
"styrbjoern.lathleiffure@edu.tbz.ch"|"h%3Bko-i3q2Hp-$0$2V%"
"marlene.blasi@edu.tbz.ch"|"b1k@nR-M5Jey1-ae&uL2"
"mai.begwell@edu.tbz.ch"|"ofzYt2-3yd9X3-BK5BkO"
"gwenaelle.kaines@edu.tbz.ch"|"#RSM36-6KbFKB-4V09zd"
"gerald.adamthwaite@edu.tbz.ch"|"RWGtdw-nnyrlY-AgPSJ9"
"kui.hartfield@edu.tbz.ch"|"GABvVA-gJCIFX-20bev#"
"salome.currao@edu.tbz.ch"|"ofbLEO-9eLNp4-tUeyk&"
"angelique.tixier@edu.tbz.ch"|"aP59xA-TBJ4jX-fL0wWq"
"ju.mcgragh@edu.tbz.ch"|"ap8qwG-DNp#HO-hvLp0D"
"dafnee.beachem@edu.tbz.ch"|"%1KhVx-OVAP1j-N1X8T1"
"creez.terlinden@edu.tbz.ch"|"S4Or2i-Xkg1MH-hA6IV6"
"uo.mcskeagan@edu.tbz.ch"|"R58CZw-E1%GZH-aUTd7x"
"edmee.mccaughren@edu.tbz.ch"|"abbfM$-ZF%@x&-7beOAL"
"asloeg.cozby@edu.tbz.ch"|"Rmra17-RE@KOx-2E9IhB"
"melodie.traite@edu.tbz.ch"|"Rk9au8-&ND%jZ-@mdSP%"
"dorothee.aindriu@edu.tbz.ch"|"qy4bC%-SUrq6Y-o%zWin"
"daniele.doley@edu.tbz.ch"|"NPwHdZ-27zV4U-K0v4WS"
"mediamass.fairclough@edu.tbz.ch"|"5kS%1R-XGCzGn-3ZtSDu"
"lorene.rainforth@edu.tbz.ch"|"wg9cdo-IQfdA6-YeeMY9"
"leonore.eyer@edu.tbz.ch"|"ntSJB@-YKEZXg-5D74mh"
"po.spillman@edu.tbz.ch"|"cYj%TK-3Bm8aS-V8%hPt"
"cecilia.plitz@edu.tbz.ch"|"XiMvh@-NwFhod-ZCme3r"
"lorene.ludlow@edu.tbz.ch"|"pjK#1n-@jbEfn-aB8S6n"
"berangere.neligan@edu.tbz.ch"|"afY19R-AkdEnf-FFaFdS"
"simplifies.huggan@edu.tbz.ch"|"uJrW9k-P@qRzN-7N6GvM"
"clelia.prandy@edu.tbz.ch"|"KJkTfS-dR6eLT-pyxTsd"
"ake.osban@edu.tbz.ch"|"RMbjQX-b8yuE%-K0J9oe"
"cunegonde.brunn@edu.tbz.ch"|"JW6rHs-0rP7lO-5bDGlY"
"long.grizard@edu.tbz.ch"|"qmm7OH-Xh3zEp-kVvSh$"
"meghane.diss@edu.tbz.ch"|"FVLN&g-NNiLGc-2PPZ6&"
"therese.oldman@edu.tbz.ch"|"Y#@oQc-N51sXX-ios1l3"
"boerje.scamerdine@edu.tbz.ch"|"FQ$k4u-qAyG9e-S3DBpU"
"du.saban@edu.tbz.ch"|"#yzU6b-r$VDqJ-DAOA0Z"
"hakan.clynmans@edu.tbz.ch"|"Mi67ch-KDgkiU-bQVjG3"
"wa.macdowal@edu.tbz.ch"|"umpSpe-5ELuKv-59nB&Q"
"venus.hatrey@edu.tbz.ch"|"#6udt4-LfWDjf-6NoFU#"
"anaelle.vispo@edu.tbz.ch"|"roQJee-Jn13W8-0UIApO"
"mahelie.ollcott@edu.tbz.ch"|"hioNDT-iJwuuF-9AVcpl"
"mediamass.whyman@edu.tbz.ch"|"R3OTWa-2PZrrN-c@Upkp"
"esbjoern.basson@edu.tbz.ch"|"bVfJYn-7MU&eG-2LL4O%"
"andrea.morrill@edu.tbz.ch"|"4YJN2Y-Kwx8in-%Hnn3E"
"melys.grassi@edu.tbz.ch"|"T9sOxT-@WL8Jg-S9Mu1Y"
"leone.poleye@edu.tbz.ch"|"$aMFih-wdgdqP-PX7JqZ"
"francoise.penny@edu.tbz.ch"|"gv6D1@-b2t%m9-K7qUeu"
"rebecca.edney@edu.tbz.ch"|"byvIBK-CW9hBC-6GDhp2"
"adelaide.murtagh@edu.tbz.ch"|"utEw0M-wxO7BR-A%bXKj"
"stevina.winterbourne@edu.tbz.ch"|"f9fiE&-KoV&mp-KCUPBf"
"ma.cottom@edu.tbz.ch"|"7A7tM4-XjgjMR-ILXiPF"
"tan.harold@edu.tbz.ch"|"PsCgtr-sq9u5P-Btnojm"
"venus.forte@edu.tbz.ch"|"an7uTv-k2U%KC-3CeBUb"
"almerinda.oluney@edu.tbz.ch"|"3ovI#v-PG@DX2-lBK4fa"
"cleopatre.brehault@edu.tbz.ch"|"$K68tB-gn%&4B-GIqVaX"
"interessant.lapides@edu.tbz.ch"|"ANlGvh-dqM5ld-o%73vT"
"reserves.hallatt@edu.tbz.ch"|"%LbI2a-72y3Jv-UXBBkP"
"annotes.birdwhistle@edu.tbz.ch"|"atcmlR-C$$U1f-OOY&Ln"
"ai.dredge@edu.tbz.ch"|"zX%szI-x8PLFo-lEnbsh"
"megane.mussard@edu.tbz.ch"|"U0hk$i-vjLNJ&-xu$tGP"
"esbjoern.gowrich@edu.tbz.ch"|"y9Sjcd-1LMiWG-B8scSs"
"boerje.brislawn@edu.tbz.ch"|"PEra%1-cqlBeS-g%d2ad"
"becassine.wilce@edu.tbz.ch"|"CTyvvu-EkXkJx-diE@w1"
"personnalisee.oels@edu.tbz.ch"|"MpmxuM-oFthaS-LilOm@"
"verane.pett@edu.tbz.ch"|"c9Myi8-hKLmQh-mQDGUM"
"marylene.glewe@edu.tbz.ch"|"Zr2iJj-V0Z#Nt-jtp0Uw"
"lai.elson@edu.tbz.ch"|"FLaJ98-5SGBli-r2thLQ"
"serena.difranceschi@edu.tbz.ch"|"24G2Uc-TPkyyW-MGPhLx"
"lie.espinel@edu.tbz.ch"|"H#qYap-gQiO8n-BzzaFo"
"marylene.fantini@edu.tbz.ch"|"OnTiqd-2C5lEx-lyNON%"
"andre.archdeckne@edu.tbz.ch"|"W9RHsL-6YpkaG-#uAFPK"
"goeran.bohlingolsen@edu.tbz.ch"|"w5%Yqj-H$HDz8-$MzaUo"
"cunegonde.heffer@edu.tbz.ch"|"DZQeyq-$XIpxN-$81F09"
"tan.fechnie@edu.tbz.ch"|"Jaqkii-bN9XIV-28jp0F"
"marie-noel.brammar@edu.tbz.ch"|"0EAODl-RFPHcC-pOIyZN"
"simplifies.aven@edu.tbz.ch"|"R$dLZA-Z9$E$R-tfYR1z"
"melys.pinchen@edu.tbz.ch"|"Wtxj4n-mU$c2G-J5%yk@"
"edmee.joyner@edu.tbz.ch"|"&EMZb#-ucIq4r-d4u&EA"
"berengere.edess@edu.tbz.ch"|"W51krL-9Uy7RS-23mJMi"
"marie-noel.goward@edu.tbz.ch"|"BYF4&X-86F34d-FJSKFN"
"ju.edmons@edu.tbz.ch"|"G@EIvD-qCoq1O-cIrSyU"
"frederique.airds@edu.tbz.ch"|"%cvv4j-8VO@Zf-WyocP1"
"reserves.dauby@edu.tbz.ch"|"xNTS89-%OxE8K-H9annH"
"hakan.gynni@edu.tbz.ch"|"eflUDO-zdMu$3-rWpkwT"
"leonore.pinwill@edu.tbz.ch"|"lg6r1X-%K8kId-@ZxUft"
"marie-eve.mcallan@edu.tbz.ch"|"eyWAHu-S1w&w$-cCRcdW"
"naelle.yeabsley@edu.tbz.ch"|"4UoVs8-0$xq0@-#Hxva0"
"nelie.jacobovitz@edu.tbz.ch"|"2eLODR-XD&zYZ-3x1Qv6"
"adele.conelly@edu.tbz.ch"|"&jPx%g-sJk2qt-ZE&7Wh"
"clementine.dondon@edu.tbz.ch"|"hyC8b8-LK#5en-LCoc9Z"
"zhi.willcot@edu.tbz.ch"|"4KbJJF-ayOZN2-%&@B6s"
"chloe.janicki@edu.tbz.ch"|"C6fodI-dlq@02-C9pTSB"
"meng.linde@edu.tbz.ch"|"YSBkhd-4tdF$c-%Ex1dh"
"celine.janisson@edu.tbz.ch"|"P@haEp-GcToob-3@gSx9"
"clelia.crow@edu.tbz.ch"|"0T@v0g-9zfege-nZq$@p"
"cecile.pyott@edu.tbz.ch"|"onI%DJ-KPDlvh-sOOpcw"
"ma.fidelus@edu.tbz.ch"|"fA8LgA-X@kDjG-B7rYME"
"marie-helene.poore@edu.tbz.ch"|"tZBrqP-E2mYs6-uM5nGM"
"elies.blanket@edu.tbz.ch"|"H1qPZf-uzHq36-Ypii7r"
"yu.boyer@edu.tbz.ch"|"A6gEqM-pWS2FN-6Kf7yd"
"celia.welds@edu.tbz.ch"|"$kBG9W-VU2DXW-bI%KVv"
"du.gunney@edu.tbz.ch"|"3t$vfY-x373UG-P188KA"
"goerel.crush@edu.tbz.ch"|"C7nvRa-nE9m&g-%c&MHL"
"marie-josee.brosius@edu.tbz.ch"|"vWCFQn-sF09f3-7AxOvX"
"camelia.adds@edu.tbz.ch"|"0t3CyK-cRA#SA-Uuu%#Q"
"anae.irwin@edu.tbz.ch"|"lEJU@a-vrlCIB-Na3PWw"
"cleopatre.skeffington@edu.tbz.ch"|"sgvUBr-4ebQfF-bhrf38"
"gerald.suggate@edu.tbz.ch"|"g0@EIU-bpR$Qb-q2tIoU"
"laurene.tailour@edu.tbz.ch"|"9ofbd2-CweLhc-l4mKIJ"
"amelie.hoble@edu.tbz.ch"|"dFAW&X-rRKahf-edFG6@"
"venus.getch@edu.tbz.ch"|"TaUSU%-fggHG0-6@8DGw"
"renee.treby@edu.tbz.ch"|"b8IzuU-zWleJs-RkpBh9"
"almerinda.stait@edu.tbz.ch"|"00Uqok-S4i8a2-CBHZk9"
"andree.reddecliffe@edu.tbz.ch"|"9gINvj-d59Kof-jxmkWo"
"leone.wintle@edu.tbz.ch"|"fxVSZQ-55czsu-59vZFA"
"gerald.fellow@edu.tbz.ch"|"nW2ZDF-92iJZV-0FtWLe"
"ju.gudger@edu.tbz.ch"|"@RZ@nG-EK##ic-lDJ3gK"
"meng.ohaire@edu.tbz.ch"|"Qge@c&-9au3LY-%Ez&F6"
"cleopatre.missington@edu.tbz.ch"|"ooT5ee-BLBTzn-Jn7&86"
"annotes.debruyn@edu.tbz.ch"|"4p&73d-Fu2TL@-Na1jB7"
"gerald.sinisbury@edu.tbz.ch"|"CQO5TE-QEE$bv-#XqndQ"
"creez.slora@edu.tbz.ch"|"kqAUbB-ifZHhW-BaM%Pc"
"gisele.benbow@edu.tbz.ch"|"ZEytlG-azJOHW-HyFvsU"
"pal.dossit@edu.tbz.ch"|"fWncWN-v#AiFR-L9yWBE"
"nelie.stirrip@edu.tbz.ch"|"YOLWwg-YCvBvN-ggPS1L"
"alois.ocrigane@edu.tbz.ch"|"&chYJM-H&b@C3-jkp28p"
"kui.mcterry@edu.tbz.ch"|"sNs4Yr-eHrnzz-mc6@0o"
"long.willgoss@edu.tbz.ch"|"aCnTH%-lFNwxg-hhgcQB"
"francoise.sumpner@edu.tbz.ch"|"ZcU$fi-$QIhBR-quA%wg"
"maely.grinstead@edu.tbz.ch"|"e$hr35-FZT1kk-DcaE0u"
"creez.langeren@edu.tbz.ch"|"iv1O5P-9dXksE-uO2nmM"
"adele.dungate@edu.tbz.ch"|"KNAvFt-c8#joz-ew3slr"
"cleopatre.noirel@edu.tbz.ch"|"I24Bku-z4SXE0-8C3Ju6"
"interessant.daverin@edu.tbz.ch"|"s6CzwO-3AE3r%-v7HB%E"
"naeva.kalderon@edu.tbz.ch"|"M5RmT1-86DQxL-yw5inQ"
"anais.oshesnan@edu.tbz.ch"|"749foG-fP5X1m-#MaPGW"
"judicael.anelay@edu.tbz.ch"|"%D8DYJ-bEyJoJ-#r6MLy"
"eloise.braxton@edu.tbz.ch"|"CHBbcQ-1xdt3O-7gHZS9"
"desiree.greguol@edu.tbz.ch"|"86cYKl-A#GKXa-wvnfmc"
"maite.mcclenaghan@edu.tbz.ch"|"b2k$Jb-e%GslD-FYgWij"
"meng.doret@edu.tbz.ch"|"9W%oNh-A86lyx-95GAPN"
"frederique.chippendale@edu.tbz.ch"|"Dc1rmR-mJPDuN-WSCzKm"
"andreanne.lanney@edu.tbz.ch"|"8EbgJF-BSYgIl-KKmSbM"
"aurelie.claus@edu.tbz.ch"|"AaNKDE-2gJGz9-N&fcwa"
"renee.pabel@edu.tbz.ch"|"uG1bpM-13GTbv-yDtWV$"
"maena.roust@edu.tbz.ch"|"LN5s0O-4uuQdK-nCeqpH"
"nadege.carwithim@edu.tbz.ch"|"8#ZaHp-b5bXXC-V7MEeG"
"solene.geyton@edu.tbz.ch"|"Un38Cx-QmmSKP-FfmoVx"
"dafnee.avraham@edu.tbz.ch"|"i@Tbzk-1v&yX3-T7boct"
"leane.woolvin@edu.tbz.ch"|"@9Tebw-40DD1L-uA1KaQ"
"adele.macadie@edu.tbz.ch"|"V4jn%V-#ul6bZ-M3DQyc"
"meline.rubica@edu.tbz.ch"|"3A%e4#-s6NRNk-dr#CkM"
"marie-noel.speeding@edu.tbz.ch"|"h5eUBN-%RVmJ#-@Wr21X"
"nelie.mix@edu.tbz.ch"|"jSOSq4-J12ls5-$Djx$9"
"clea.ollett@edu.tbz.ch"|"yvx8uW-WElKu1-mELet2"
"leandre.mcgavin@edu.tbz.ch"|"6@8yWQ-RYo@#Y-Bqmn0X"
"cecile.behne@edu.tbz.ch"|"Ngksnv-meMx9X-@Woy&8"
"melanie.polle@edu.tbz.ch"|"qR7PAE-L&M8Mz-Eqt4@3"
"marie-josee.titmuss@edu.tbz.ch"|"D&J$W5-YCgJ&5-L2FLqA"
"helena.guest@edu.tbz.ch"|"yr9Ofa-cabeyU-j5ZQT3"
"annotes.chicchetto@edu.tbz.ch"|"6GFgqP-bsi9a@-yoQqqA"
"melia.tubb@edu.tbz.ch"|"wF0t#j-#l#fA1-NI%sdy"
"angelique.casetti@edu.tbz.ch"|"nHHx2r-m6@6xF-#j9@F$"
"cunegonde.cleall@edu.tbz.ch"|"TMC2QN-e1WkrG-ikZd3G"
"camelia.oaker@edu.tbz.ch"|"J0l7HW-WMpIVa-Q9YvUe"
"you.searight@edu.tbz.ch"|"%oGWTe-k3Gg&c-bteSU4"
"kevina.dederick@edu.tbz.ch"|"MJ9gRc-dgZlH3-hzBEV8"
"milena.jeffrey@edu.tbz.ch"|"$SyQ%a-VHB7lW-Neid&Y"
"melodie.barkshire@edu.tbz.ch"|"lOL$%0-J53imv-s@xMd6"
"gaelle.kreutzer@edu.tbz.ch"|"gXu6pj-7qjPC$-B&gbYW"
"kalliste.kleinpeltz@edu.tbz.ch"|"fzNQPR-aawL2x-PCR9lD"
"clementine.danat@edu.tbz.ch"|"6PbAyS-7tNdH5-NeN%8a"
"andrea.wabb@edu.tbz.ch"|"9MblJu-B7ePGJ-9L2#S9"
"geraldine.piesold@edu.tbz.ch"|"3JuY2V-NhfabZ-0RP24n"
"tan.fiveash@edu.tbz.ch"|"vZt8ry-v&Xpxq-Y2fiSe"
"meline.yuranovev@edu.tbz.ch"|"j7B58&-V7mX2u-tDeCC8"
"therese.holme@edu.tbz.ch"|"QKPk4R-Kvrel4-j0AgvF"
"salome.vaney@edu.tbz.ch"|"xTNsFI-qR2LxX-KUecUV"
"anae.abramson@edu.tbz.ch"|"BdH%AG-A5WGmw-@xS@NM"
"kalliste.jimson@edu.tbz.ch"|"NSb8uz-j&&V8p-t10uFZ"
"selene.yole@edu.tbz.ch"|"$v72u1-Zgskvn-Pmn7HO"
"agnes.defraine@edu.tbz.ch"|"C5cA0b-$6loA0-p5uGd8"
"faites.mccluin@edu.tbz.ch"|"0@h$Vt-ESPKSY-CwLxaC"
"athena.deme@edu.tbz.ch"|"O5w1Jl-coZXBz-cceIy@"
"daphnee.brigstock@edu.tbz.ch"|"WFpVR%-Kbz@Kn-m$$8Ty"
"goesta.skaif@edu.tbz.ch"|"v1I%3o-vIpDFW-wCnN3x"
"oceane.jagoe@edu.tbz.ch"|"P2GGgq-kp5Qqy-OMkybo"
"annotes.broomhall@edu.tbz.ch"|"iwi%qi-kO8pxM-BE$KG6"
"marie-eve.ballendine@edu.tbz.ch"|"6NG6QO-8k&Wka-REZsGT"
"melina.spykings@edu.tbz.ch"|"Da%PXZ-zrgKAu-qg$0Om"
"laurene.ticehurst@edu.tbz.ch"|"lkJB8V-F@nHhf-YwersV"
"fei.avramovic@edu.tbz.ch"|"dVuKL#-lzrOzt-OMYK81"
"publicite.strathearn@edu.tbz.ch"|"CIUvDa-KvLa8r-XAG@PC"
"torbjoern.garrow@edu.tbz.ch"|"pvlU#r-U6bQLv-&#%xuH"
"chloe.rubinsztein@edu.tbz.ch"|"b#ZueE-nhCE0n-wlRQS1"
"mylene.demanche@edu.tbz.ch"|"k8mFLp-S3ukC2-ZzfU4p"
"mediamass.godlonton@edu.tbz.ch"|"RW@6N6-aNXO$J-3#hC36"
"renee.shurrocks@edu.tbz.ch"|"BKblmQ-sKyw99-sO%mtc"
"maiwenn.jedras@edu.tbz.ch"|"KteTbk-vRjx3V-M1l5qH"
"genevieve.castells@edu.tbz.ch"|"kGyuSi-2NYY$W-CH%8SQ"
"renee.sneden@edu.tbz.ch"|"4cXYjR-tjoN9V-KHVEL6"
"lai.mccallion@edu.tbz.ch"|"JW7DZ6-Bli&cJ-GPZb6M"
"kevina.impleton@edu.tbz.ch"|"$Y@mwD-0Hufon-UtNtHv"
"oesten.fresson@edu.tbz.ch"|"GZnI9z-ypNKAA-Ua#Cn5"
"verane.shawley@edu.tbz.ch"|"$%@ST9-OVdHP7-GYI%me"
"uo.sjostrom@edu.tbz.ch"|"8yr&bb-AZgO0O-5zu$Z6"
"gisele.gothup@edu.tbz.ch"|"JYSw3s-UuKyjz-142z4f"
"renee.beauman@edu.tbz.ch"|"86vtxe-pxcTL%-OcT7W3"
"elies.loton@edu.tbz.ch"|"2Y0Utn-kNUpaT-mTSCgn"
"valerie.elsmore@edu.tbz.ch"|"L1&vk#-dpw9qj-%OaGXd"
"berangere.delafeld@edu.tbz.ch"|"dWf6lg-0g6XDA-BZhDdQ"
"bjoern.schimke@edu.tbz.ch"|"E#ZRK5-bJRi9f-dGhziG"
"loic.ericssen@edu.tbz.ch"|"bPLVa5-pnduSS-@6mD3s"
"creez.richarz@edu.tbz.ch"|"45m5FU-&Eyvws-r43ojC"
"athena.grocott@edu.tbz.ch"|"d@m0vu-@GYX9M-OXNQGn"
"naelle.piotr@edu.tbz.ch"|"$d2LeE-iT2WjM-bMZsMM"
"maella.paulson@edu.tbz.ch"|"yMmbUw-i@u8gk-NmdXmS"
"song.perot@edu.tbz.ch"|"D2%N@1-W8F%Lx-5EjtcC"
"kalliste.heckney@edu.tbz.ch"|"RQTAxX-CFL7hi-ZA8n#g"
"ake.vasyutkin@edu.tbz.ch"|"2JefGM-IXR4%v-yPC7LT"
"ma.castles@edu.tbz.ch"|"1m5&fP-3BfyJY-UF&r$5"
"maely.monget@edu.tbz.ch"|"V#VuSq-t9#ouT-qwzyJ8"
"tang.durbridge@edu.tbz.ch"|"d2LxC%-4irRZK-KJAwMM"
"laurene.andrew@edu.tbz.ch"|"FiHbqX-hft0HY-ak06kM"
"lysea.beacon@edu.tbz.ch"|"#kDTxA-VfatId-eVnQfH"
"leandre.peyntue@edu.tbz.ch"|"X43Xvy-klxN8w-K&5kf3"
"rao.trever@edu.tbz.ch"|"TOJZS#-eK5@Py-glIKyP"
"mahelie.streader@edu.tbz.ch"|"tsV817-hiK%YG-xIQARv"
"maerta.andrejevic@edu.tbz.ch"|"8swYrK-i$LKHp-@JT6Lz"
"goesta.tompkins@edu.tbz.ch"|"9nn1T$-7L$lFs-94JYqn"
"helena.agates@edu.tbz.ch"|"FrOAH@-iGiKR4-xSsZiK"
"therese.glass@edu.tbz.ch"|"7p5J#E-GQwaKG-Olcgj2"
"alois.foan@edu.tbz.ch"|"TCLIpu-pWx2#B-jyZy3r"
"becassine.melchior@edu.tbz.ch"|"1fRoEw-e7DOfW-DWaF7q"
"cloe.robart@edu.tbz.ch"|"oWjZbL-6%Ivk%-Bx@no$"
"daniele.puckinghorne@edu.tbz.ch"|"%336Cf-#Hx%Ko-fuotwp"
"selene.cammidge@edu.tbz.ch"|"J50mDW-WycSsu-UzMjZl"
"regine.conochie@edu.tbz.ch"|"Hdlob2-LVUfBq-7Zl$5P"
"interessant.tuiller@edu.tbz.ch"|"gKG$#&-fkGieV-@#6gi9"
"long.tiebe@edu.tbz.ch"|"v2NK20-vnZ$S8-xYfq8@"
"mans.yele@edu.tbz.ch"|"cR9sfN-5uhGh&-EZo5kM"
"ai.giles@edu.tbz.ch"|"z8eeTo-SPbKQU-t4kPtH"
"gaetane.hamberston@edu.tbz.ch"|"gIdT1Y-keQNCh-nYCU67"
"marylene.fenix@edu.tbz.ch"|"TE@SGj-N&wnRo-#EY@RD"
"geraldine.graeme@edu.tbz.ch"|"eyBOna-Bj#DqI-jxUI&e"
"tang.kinglake@edu.tbz.ch"|"bv@D7T-J4avVd-bzBin$"
"lai.challoner@edu.tbz.ch"|"#cRy4W-n#4$A8-emv3MI"
"desiree.mattei@edu.tbz.ch"|"bxhLd5-GaSuCe-$oUFuy"
"ake.erley@edu.tbz.ch"|"1RdkvJ-JF3Uem-Qpn$j8"
"edmee.cavil@edu.tbz.ch"|"Tv$@rj-ms&tcD-QLYHYC"
"alois.moyes@edu.tbz.ch"|"wQf6CR-bFAH#d-YJa72E"
"becassine.pitman@edu.tbz.ch"|"$@aGZR-EoV2@v-p@1XNm"
"ai.giacovelli@edu.tbz.ch"|"XVZWFn-$eaZeM-78PrMc"
"judicael.fruchter@edu.tbz.ch"|"$qEpcg-GvdEI$-0MpJaJ"
"mans.mogg@edu.tbz.ch"|"JFRUJh-R9QFva-wuxMZA"
"gerald.foyle@edu.tbz.ch"|"ZwLHH@-fO03rw-VRjYWR"
"wa.androletti@edu.tbz.ch"|"KgN@uy-pDZ#kH-0Tvobp"
"meng.ollett@edu.tbz.ch"|"Euu5Hk-ZQhvoW-&Ks%Uq"
"naelle.macmenamy@edu.tbz.ch"|"n#KTTk-zv6uI3-BPQbQ&"
"gisele.mcramsey@edu.tbz.ch"|"FYHUg3-Z90heQ-HruM#y"
"meryl.scolts@edu.tbz.ch"|"0t@VVJ-d3jhWX-VYRL7g"
"celia.bloxsome@edu.tbz.ch"|"%#USte-uHIEvw-X5mXVC"
"styrbjoern.stuke@edu.tbz.ch"|"Re#Z%m-@0OLFa-gh4jHe"
"felicie.gwilliam@edu.tbz.ch"|"iPJKvB-56ael%-TEXbrx"
"da.harms@edu.tbz.ch"|"YVSrWA-y6g$bG-W1PwxH"
"celestine.baulk@edu.tbz.ch"|"$eB@$J-qRg$2#-$NCvOM"
"mahelie.blackledge@edu.tbz.ch"|"dDszVf-NsVakg-wyZUT5"
"meghane.salt@edu.tbz.ch"|"u2UPjs-&ntrBD-J1vBRf"
"methode.paxeford@edu.tbz.ch"|"r&1rUO-41rIle-Aw7LkE"
"asloeg.milligan@edu.tbz.ch"|"VGHqlR-Z0LrMg-BfO1ZO"
"you.pellman@edu.tbz.ch"|"j0e40m-Cj#x8W-XGHq98"
"loic.regenhardt@edu.tbz.ch"|"x9y#CR-zTcOZs-k6zrn&"
"daniele.savill@edu.tbz.ch"|"jHpM1o-Nj@ZJx-v#&tpt"
"alois.cornu@edu.tbz.ch"|"lSzCy&-REcAf8-lPxlW0"
"oesten.govey@edu.tbz.ch"|"bhT3k1-3WF9ur-d75T2R"
"marie-eve.louch@edu.tbz.ch"|"#g10ST-R6prEA-S4$af0"
"theresa.wenn@edu.tbz.ch"|"Rh5#3Y-xwWkwv-AF3sM&"
"andree.eul@edu.tbz.ch"|"7kwdzK-8dGd@u-lX1QWs"
"lie.paynton@edu.tbz.ch"|"a5Ki78-f$RvdC-0xMmGA"
"marie-eve.girodier@edu.tbz.ch"|"5tJ9PC-FuwWFW-mjJl1N"
"marie-noel.smithe@edu.tbz.ch"|"6ssgnf-j6WU&k-BzKsAT"
"men.bootyman@edu.tbz.ch"|"lfYO$3-lNCh2g-ZIcPOR"
"ku.sugg@edu.tbz.ch"|"G%&QLs-Zd0xOx-VR6M#F"
"lucrece.roseman@edu.tbz.ch"|"wgacGq-kYUA8P-Zl#7Wi"
"zoe.annear@edu.tbz.ch"|"bRg2eo-Nn$ZhS-TjIdor"
"marie-helene.rennebach@edu.tbz.ch"|"2lS24r-p4APv7-V1zoeS"
"lea.djurdjevic@edu.tbz.ch"|"diLuoX-XDWAHx-VCRGxC"
"goerel.robert@edu.tbz.ch"|"8WYZuR-$SaaGg-7crixa"
"mylene.foldes@edu.tbz.ch"|"VY#jPd-TGBoUv-JVRU97"
"faites.clegg@edu.tbz.ch"|"E0Jh&@-DfO9V&-eCbO1I"
"marylene.crowcher@edu.tbz.ch"|"TT@5HX-MEb6qV-tb0GzE"
"aimee.wimpeney@edu.tbz.ch"|"qhkV80-#P6otW-WnNq#o"
"renee.atkins@edu.tbz.ch"|"IDx$d9-K68L2w-NWxiDK"
"rejane.cainey@edu.tbz.ch"|"rUkrgL-OyUWBb-&26Nxn"
"solene.britney@edu.tbz.ch"|"InEPru-#BBov9-8V1Ahp"
"marten.shatliffe@edu.tbz.ch"|"7DceUs-8kRvl3-uVhrwc"
"maite.issatt@edu.tbz.ch"|"sASKFX-1UDas3-rCELcK"
"maelyss.edon@edu.tbz.ch"|"3RMZxT-K1wOVh-I854Rg"
"nuo.bamling@edu.tbz.ch"|"qVCog8-h@exIp-kcP0wh"
"anais.edards@edu.tbz.ch"|"KEEMS%-EZk7kM-g$76Fj"
"mediamass.bromet@edu.tbz.ch"|"P0JxbT-A9kQdv-E&B$2C"
"beatrice.kimbrey@edu.tbz.ch"|"P@O$Yy-%OE%WZ-55FBGu"
"ines.lawranson@edu.tbz.ch"|"IcPpVZ-5988wZ-1ubpDO"
"kalliste.scandroot@edu.tbz.ch"|"VsOLsB-IFlACW-HDYCx6"
"mans.barrowcliffe@edu.tbz.ch"|"4SBJ0H-PIBDF3-3mnT5I"
"irene.couves@edu.tbz.ch"|"45Qqcl-%H4v#4-q2oyo$"
"milena.mucci@edu.tbz.ch"|"%cPrMY-ah@gl$-VbOv5L"
"naeva.cow@edu.tbz.ch"|"$m7lAL-H$Cdz3-FNeZNh"
"audreanne.mournian@edu.tbz.ch"|"q3catO-B75wTv-kL7ScP"
"melia.sinnatt@edu.tbz.ch"|"7mVRro-NyXaA&-QV8zbI"
"nelie.burnard@edu.tbz.ch"|"g1Ua88-ajDnyM-#$wbUN"
"clelia.ashfull@edu.tbz.ch"|"g2oXOW-sserkR-Ya7jWd"
"lie.macard@edu.tbz.ch"|"hkUeGe-@ZVGlg-$x8J3J"
"valerie.matoshin@edu.tbz.ch"|"vvs$9H-FTT8wM-vJzq2i"
"anael.hatherleigh@edu.tbz.ch"|"Z#gsAE-M46nVg-dii$Og"
"interessant.warratt@edu.tbz.ch"|"wSNG2o-2l68Hz-Gb0P56"
"eleonore.volage@edu.tbz.ch"|"#XE%2V-VB4Eye-VlqmIP"
"zoe.stebbing@edu.tbz.ch"|"32%Ao@-CoHKtq-5Utd##"
"alizee.nye@edu.tbz.ch"|"xtk3NC-KtzB3y-hfL#io"
"celestine.bramley@edu.tbz.ch"|"LhH9D@-yy7Lfu-n@kfqo"
"selene.philcott@edu.tbz.ch"|"e3xoyu-wgb&5Z-O2zNDB"
"tang.newens@edu.tbz.ch"|"8zxeKa-Tbfrsb-yeKTEI"
"annotes.powys@edu.tbz.ch"|"ThXsqS-9GNJMR-$ju4nh"
"lea.matthesius@edu.tbz.ch"|"vQOo26-XxjzY%-83fgJE"
"illustree.garlett@edu.tbz.ch"|"zwu3Ud-qKD0J@-&&ky8Q"
"maiwenn.meachem@edu.tbz.ch"|"ECPJTl-FLEfhV-n8yQf%"
"marie-francoise.mcbrady@edu.tbz.ch"|"f5VE8f-k1RvgA-ku1xeL"
"illustree.gimbart@edu.tbz.ch"|"aNAko#-YyanuJ-ZG@lQH"
"melys.lyosik@edu.tbz.ch"|"CXkkWK-PphJlG-C555a1"
"marylene.mcnab@edu.tbz.ch"|"NUN3M%-Tq8af7-hleZ9r"
"gerald.blount@edu.tbz.ch"|"UAQsKF-qf27hI-wTn6q2"
"clelia.shakelade@edu.tbz.ch"|"Rk3$mo-HUzWG6-&#onAJ"
"penelope.cridlin@edu.tbz.ch"|"8PpvUd-cIHKJF-5QN6BQ"
"maena.okuddyhy@edu.tbz.ch"|"ZxBQaK-eY$sZQ-cZho2P"
"athena.keynd@edu.tbz.ch"|"&2hUTD-AW2ng1-AtNw0D"
"cloe.dwine@edu.tbz.ch"|"aFAVc7-mauPfh-N$$i1U"
"josephine.browett@edu.tbz.ch"|"xxRO21-C6Fbt@-1UIN7H"
"audreanne.oscanlon@edu.tbz.ch"|"@wMrno-g#op6R-v&awYI"
"fei.jeanequin@edu.tbz.ch"|"ejqXFf-EKTlhC-#BV2tP"
"lois.gormally@edu.tbz.ch"|"w$4Kks-nENPHc-GLXTYH"
"marie-francoise.finnigan@edu.tbz.ch"|"2LXM$I-BGgkPc-UZa9@D"
"leonore.trussman@edu.tbz.ch"|"M8Dhbe-CsICHq-oUcGA0"
"anaelle.trumper@edu.tbz.ch"|"X3P205-dMW7J3-fzeyXw"
"clemence.dionis@edu.tbz.ch"|"PVVH&m-5qe#aZ-DghMWd"
"lois.tranmer@edu.tbz.ch"|"9vLGOn-97fDME-48Lshu"
"interessant.volett@edu.tbz.ch"|"yl@f3w-wBxHPt-vExdIz"
"personnalisee.deackes@edu.tbz.ch"|"ye0d7T-B4yQco-GnTTH4"
"lie.vasiliu@edu.tbz.ch"|"yVHrh6-tLH0uo-OmgjXz"
"dafnee.lamputt@edu.tbz.ch"|"m4jrRt-HRAg7U-i#U1&o"
"elies.bromige@edu.tbz.ch"|"YX5GQ3-E0S3E#-60cp&g"
"helena.klosser@edu.tbz.ch"|"aitm9g-gbEGLP-PGAoCC"
"andree.grim@edu.tbz.ch"|"olj4Hm-WJ7R&q-P$R&iN"
"verane.coldbath@edu.tbz.ch"|"1CgLRi-2Z3hsr-sSJ0d6"
"helena.bethell@edu.tbz.ch"|"Ba4iI7-OekjvJ-0I3rQR"
"kalliste.carefull@edu.tbz.ch"|"oMAQSD-3Iyw3H-9YxUeu"
"regine.odams@edu.tbz.ch"|"HbzZai-fEQxTN-yzVPbi"
"len.stannus@edu.tbz.ch"|"TknhVO-9xtDQ&-xW8SXU"
"angelique.works@edu.tbz.ch"|"oxoDgi-JjahK3-FU8lAZ"
"goesta.rheaume@edu.tbz.ch"|"22pYf1-k6zgwa-$WSHHn"
"maelys.tynnan@edu.tbz.ch"|"VZcnSp-2UuJ5L-oez4YW"
"maelle.carlesi@edu.tbz.ch"|"b2k%FN-Qx5b5q-ne9KJs"
"anael.spurden@edu.tbz.ch"|"LHCxgr-6mga0h-A9FEeD"
"helene.pumfrett@edu.tbz.ch"|"NNttvL-cG43bK-vEo0gD"
"goerel.pearn@edu.tbz.ch"|"bZQaD2-webH$f-9dGsni"
"laurelie.dezamora@edu.tbz.ch"|"sENOt$-d8AANA-@Wt6O1"
"yao.twidale@edu.tbz.ch"|"wzGGW#-9dhqzr-270wlx"
"berengere.sola@edu.tbz.ch"|"fPbaD@-tuEaS#-xgVFJN"
"maelann.hardistry@edu.tbz.ch"|"fpEaei-1qgdU1-LM#3v6"
"severine.littlefield@edu.tbz.ch"|"jO9&bh-P0cLlz-5CoJX$"
"salome.heinl@edu.tbz.ch"|"nTDZ3q-aS7PDq-qywDJ$"
"meryl.warbey@edu.tbz.ch"|"hzYMvW-dNSKxH-9#&NSD"
"da.hunstone@edu.tbz.ch"|"gQ1jjb-yuGJRu-qinJuU"
"venus.broadbury@edu.tbz.ch"|"ArEwHJ-pD98wD-om&SU$"
"meghane.rentelll@edu.tbz.ch"|"$4QUh#-$jjFFS-Qx%NVf"
"marylene.drewitt@edu.tbz.ch"|"EIzc@S-nijngg-8xw0YX"
"melinda.jacquemet@edu.tbz.ch"|"F5q5$T-EIhV5n-6txxa6"
"marie-josee.keyden@edu.tbz.ch"|"xSAsAe-Ol0$@P-q&#a%6"
"asloeg.montacute@edu.tbz.ch"|"Cf0tyX-x3E8wX-tQGVp@"
"ku.andreou@edu.tbz.ch"|"VFtPTQ-wFXbz$-0qLpMR"
"personnalisee.feaveer@edu.tbz.ch"|"zrlRmF-gxkUWL-fm6VXq"
"laila.emptage@edu.tbz.ch"|"hmZ4e5-st2OXv-VjGLDk"
"bjoern.dawdry@edu.tbz.ch"|"a3UDmm-636lqs-QnPOWH"
"marie-eve.dinsell@edu.tbz.ch"|"nD0&sg-ET$osV-ZJR0@3"
"helene.follett@edu.tbz.ch"|"mzdgkl-dYzGTT-&ECHcU"
"penelope.cordero@edu.tbz.ch"|"cA6dKU-tvlYpx-F@TF@@"
"boerje.beedell@edu.tbz.ch"|"94P$VC-N6h$u@-ziEzNh"
"nelie.ferne@edu.tbz.ch"|"JutU%6-l9I4GQ-$FoyEl"
"celine.ahmed@edu.tbz.ch"|"KSfpYo-QW4CbY-3W$IkK"
"stevina.pimblett@edu.tbz.ch"|"aTs5iY-AeNxTa-aVf#rM"
"chloe.langlands@edu.tbz.ch"|"yYvGL6-8TyyCq-WQz#%O"
"simplifies.maude@edu.tbz.ch"|"IaqXYb-%clUam-R6q&Xk"
"genevieve.decarteret@edu.tbz.ch"|"a0i8dA-Bg15Xl-AlL$@S"
"marylene.mughal@edu.tbz.ch"|"WFHG84-CYJgm6-ahFkWQ"
"goeran.guttridge@edu.tbz.ch"|"EzoKtm-E87UE1-tNZgQZ"
"michele.smurfitt@edu.tbz.ch"|"&shG1S-@l@Iku-prpmcT"
"methode.hadeke@edu.tbz.ch"|"QsBLXm-U84KQY-a6yd8e"
"therese.rispine@edu.tbz.ch"|"rMbIOR-D6dDAE-jDFwDD"
"goerel.plumley@edu.tbz.ch"|"84jj#7-4f&WKk-W#erz8"
"oceane.friett@edu.tbz.ch"|"%Xes5o-VHiCJ0-Dne1zM"
"marie-noel.achromov@edu.tbz.ch"|"NRZ0et-aaCYuT-5%Szds"
"dorothee.storek@edu.tbz.ch"|"vN%q&e-#wK4KK-Q0zKx#"
"goesta.whittle@edu.tbz.ch"|"h%BuxL-ruwrd0-vlE%4c"
"desiree.casely@edu.tbz.ch"|"YMugeJ-bEfDIu-GiOx3%"
"felicie.condon@edu.tbz.ch"|"&3GyfO-aWR9Zk-vJ03oX"
"maelyss.frisdick@edu.tbz.ch"|"XLkAeJ-ATqY59-#k877o"
"aimee.banke@edu.tbz.ch"|"sITRjS-FlX5wc-tlxhRH"
"naeva.hodcroft@edu.tbz.ch"|"USv5Hf-UC9ok2-7VF@%e"
"laila.gerrans@edu.tbz.ch"|"aMzhOW-bCEAss-nbIIyd"
"daniele.scrimshire@edu.tbz.ch"|"br5Sf3-CC9Sjt-iy14GW"
"daphnee.sheerin@edu.tbz.ch"|"ImcrV&-XcdXQS-u2GgPy"
"pal.vanyukov@edu.tbz.ch"|"Zh2Oyc-bzN&QX-DbxKhd"
"zoe.childs@edu.tbz.ch"|"sOf@G@-DOH&xn-KQCbG1"
"ai.corde@edu.tbz.ch"|"1p@DgN-#CaVo%-WGpDp0"
"maelys.berryann@edu.tbz.ch"|"wRx2Nl-xb@x4X-BEDtP7"
"cloe.gladding@edu.tbz.ch"|"Ch#Zx#-@1UXq0-FqdP&0"
"wa.kinnaird@edu.tbz.ch"|"%qtRh$-cQ4w0i-0A%Ft1"
"publicite.brittoner@edu.tbz.ch"|"Waq$#m-22FSd3-JywDQr"
"rao.windress@edu.tbz.ch"|"qOCVex-IH4Vv8-zeWT58"
"uo.kollach@edu.tbz.ch"|"9rrZAd-$paKBt-3IICr5"
"josee.peskett@edu.tbz.ch"|"0HiV6&-TMsOPd-z1gHCV"
"annotee.hasel@edu.tbz.ch"|"kr&ELp-8WdDnv-Sl9oxj"
"cinema.lee@edu.tbz.ch"|"KmZtg2-Glams3-hc8&ij"
"lai.vedeshkin@edu.tbz.ch"|"A11g14-H8$W4u-0Y&P@z"
"renee.brisbane@edu.tbz.ch"|"mAtC0F-ztXrIO-2mtrNr"
"ophelie.blincoe@edu.tbz.ch"|"xHqlmo-QXCkwZ-jm8lm4"
"zhi.prazor@edu.tbz.ch"|"ItaZfo-16lEHJ-$diuQt"
"annotee.maddicks@edu.tbz.ch"|"t@SkTu-t0DNTU-HJ3Gpv"
"maelyss.codd@edu.tbz.ch"|"@xkkB9-8hKvr7-yK9Jko"
"celia.peplay@edu.tbz.ch"|"r8curM-QJ8Sct-jcaxZ3"
"interessant.skone@edu.tbz.ch"|"JUMPX1-eMfFvx-fUtP8R"
"audreanne.hebdon@edu.tbz.ch"|"a&xDEc-Rzi%fB-B49gIl"
"oceane.glen@edu.tbz.ch"|"44dUNE-dJpfxz-yTsgjq"
"daniele.vanyushkin@edu.tbz.ch"|"pksVWx-20EuMa-4HDWmZ"
"daphnee.ayce@edu.tbz.ch"|"n#wsN2-GeSIcV-0AbIOB"
"andrea.attride@edu.tbz.ch"|"#$Qml#-pQPwsF-b%@YfV"
"penelope.bridgwood@edu.tbz.ch"|"iH$tmy-oJVao2-ozIFhY"
"mailis.drewitt@edu.tbz.ch"|"3QhzKP-7%PNzL-9M6heW"
"penelope.mollene@edu.tbz.ch"|"#P%HgB-#BmejJ-7W8UGt"
"illustree.keely@edu.tbz.ch"|"APWSbr-%qbznO-wsyK37"
"meng.brisseau@edu.tbz.ch"|"fB@WJ$-Sjrfzu-lJF%df"
"ruo.cleiment@edu.tbz.ch"|"IknayA-DfgDxf-JblQzG"
"maite.krammer@edu.tbz.ch"|"B7nCWg-FOC%9g-zh89Ro"
"genevieve.verry@edu.tbz.ch"|"ai##fm-E@3&e&-be6CFl"
"lea.olochan@edu.tbz.ch"|"d0oZxv-zgeWPK-vaCss9"
"naelle.brunnen@edu.tbz.ch"|"@lL4P@-Wk&JY6-u8M437"
"goesta.bragginton@edu.tbz.ch"|"6t4zfe-yGxwo%-#1fe3x"
"fei.danilyuk@edu.tbz.ch"|"NZyH8C-6U8uZq-DYwNCl"
"adelie.turbitt@edu.tbz.ch"|"Nsw#&S-rTyQNC-EP4EJm"
"marylene.nutman@edu.tbz.ch"|"EYt$Hr-GGfFrl-i%5CgF"
"therese.barbrick@edu.tbz.ch"|"p4TK9a-#38R27-o2QHyX"
"melys.kolodziej@edu.tbz.ch"|"6GWb2A-P9OO@E-V0Hwu$"
"melanie.runchman@edu.tbz.ch"|"yzKhHg-Lg#k3C-yWG%&q"
"serena.lafond@edu.tbz.ch"|"fQ#zyz-1@cnxB-15N3MW"
"pelagie.desmond@edu.tbz.ch"|"BI0@CL-@HVYNO-dfE%@%"
"wa.spickett@edu.tbz.ch"|"F$3LDh-PAufS4-RYq7He"
"po.shave@edu.tbz.ch"|"B5r&%N-GC0hhg-mTvlsh"
"song.huikerby@edu.tbz.ch"|"AwbzZq-@Q9i$5-Q2ot&H"
"melinda.bimson@edu.tbz.ch"|"M1B4PN-x98Fqm-QsX&Wj"
"personnalisee.toffanelli@edu.tbz.ch"|"RSfM@O-cFT7sb-WOrGG5"
"leandre.hurn@edu.tbz.ch"|"Lwm%Pm-K2@HiD-9mGf3x"
"oesten.standell@edu.tbz.ch"|"8kqzL0-Yqmp#@-K6fu#Y"
"naelle.smaleman@edu.tbz.ch"|"Cq@6oA-S@fsqf-czYyy@"
"berenice.tayt@edu.tbz.ch"|"r2cVD2-yYEBdi-EwG9i#"
"kui.popplewell@edu.tbz.ch"|"gspaEd-gRcOW1-5%xJ@$"
"melodie.ferandez@edu.tbz.ch"|"Lsf@XW-4jlO5f-i67jF7"
"josee.negal@edu.tbz.ch"|"@Xdkq$-ycsoMt-vw8Xpk"
"melissandre.ferrelli@edu.tbz.ch"|"cDHlKp-CKAVoW-tO861I"
"josephine.kemmer@edu.tbz.ch"|"ywh&wZ-V3ePwT-FYzNSy"
"maely.cayette@edu.tbz.ch"|"UbL3u1-c#sb&u-c%Xqba"
"nelie.vela@edu.tbz.ch"|"KQqzhX-QZntJa-e8m5kb"
"melina.cortes@edu.tbz.ch"|"#isqJ8-u#0CxO-P5NYFf"
"megane.leyshon@edu.tbz.ch"|"ANgxjP-aq2&KA-eccc8O"
"regine.harrie@edu.tbz.ch"|"R#y6Bb-Dq0gSQ-NpCy##"
"mylene.widdison@edu.tbz.ch"|"NEsvew-7jn77E-vQQeFH"
"pelagie.vivash@edu.tbz.ch"|"vxqwF7-ZFxY$P-Wf3UzV"
"styrbjoern.vicarey@edu.tbz.ch"|"rkoejO-tylf#6-wC$$NU"
"long.kyles@edu.tbz.ch"|"l#qapJ-BGxGLC-xePBxl"
"stephanie.gipps@edu.tbz.ch"|"rN8$8y-ZLOKTr-$TmI8F"
"clea.constantine@edu.tbz.ch"|"5b0r%j-mkpZuU-0Gu$bC"
"maella.cometto@edu.tbz.ch"|"m#QkZW-Zj3lex-gye#8b"
"laila.aubrun@edu.tbz.ch"|"fB#xnj-TY@#pO-yb52kk"
"yao.austins@edu.tbz.ch"|"WPWNn7-g6Jb0X-OX6Bll"
"mailys.rylstone@edu.tbz.ch"|"n3&3Md-zhWMu$-y0ckzh"
"adelie.curuclis@edu.tbz.ch"|"mGZ8dM-d7g7Oh-xEWtrx"
"celine.longhurst@edu.tbz.ch"|"ewtrR2-mA9x6e-qM9R2B"
"gisele.hazell@edu.tbz.ch"|"FS@h&&-E5pwrw-ZgLYKV"
"celestine.ciccone@edu.tbz.ch"|"D374tL-aWmruy-SF3uR2"
"maelyss.doole@edu.tbz.ch"|"QOdAF5-8bfB0n-HgoQG@"
"helene.grimsdike@edu.tbz.ch"|"Wq2Xh#-P5xChK-hmGKcA"
"lie.macer@edu.tbz.ch"|"kyU5Zr-wnd44X-K3h61c"
"maely.izard@edu.tbz.ch"|"GoZls@-CBh9d9-PNhwkk"
"erwei.breewood@edu.tbz.ch"|"ABEIU9-S%dBUs-p4%T1s"
"chloe.woolford@edu.tbz.ch"|"RfszHm-ihFRC6-f@8JbO"
"cleopatre.turpin@edu.tbz.ch"|"$pBcrZ-l0IuvN-9#U&V4"
"melodie.surgison@edu.tbz.ch"|"YGYRSu-l57Oqz-HiTgnE"
"elies.leander@edu.tbz.ch"|"YgnR$L-0tQchJ-Fsxf#j"
"mediamass.reignould@edu.tbz.ch"|"vE&Gmx-%b60Nt-SUpbgd"
"celestine.wasmuth@edu.tbz.ch"|"xhmFm3-WyVP$9-kmn6kq"
"marten.jervis@edu.tbz.ch"|"l0WGp&-U37Tzl-rNhi4o"
"daphnee.bour@edu.tbz.ch"|"F#taGR-Kyx0bK-OoonZ6"
"regine.harlett@edu.tbz.ch"|"@EA$FF-@6KY%d-&#%UNT"
"noemie.macaskie@edu.tbz.ch"|"ETdez5-nIPfPW-AvcnM7"
"loic.renfield@edu.tbz.ch"|"90JCqu-1nBnDl-xjoj4o"
"venus.kleinert@edu.tbz.ch"|"yh9Tqg-8WRPHS-veROsk"
"marten.burlay@edu.tbz.ch"|"@n$uk9-ujO3&T-uaXrKF"
"berengere.radsdale@edu.tbz.ch"|"y&QH9C-2pH1Ro-rbQWVw"
"genevieve.duckit@edu.tbz.ch"|"WcJY0h-kgnE17-Gj@OTf"
"maely.ligerton@edu.tbz.ch"|"eLxdWA-ysMTNE-aAOX#8"
"maeline.ricciardelli@edu.tbz.ch"|"e5F$O9-fSwaTr-izADZQ"
"personnalisee.yggo@edu.tbz.ch"|"wlxmYf-P01@Eo-0Gzsjl"
"alizee.pettinger@edu.tbz.ch"|"O7P8%q-Lg3d17-Fwp2Fm"
"desiree.curnnokk@edu.tbz.ch"|"ddfxYs-8oTGQ9-TB70xC"
"dorothee.minors@edu.tbz.ch"|"XGbL9F-q#0bWH-M7s%qB"
"oceanne.kopmann@edu.tbz.ch"|"ecwyjA-&eEnWA-aQSbi2"
"almerinda.brodbin@edu.tbz.ch"|"K#2GKh-00zhz3-4a9X36"
"yenora.carsberg@edu.tbz.ch"|"wUj%Om-y4LrNV-hJ9TPP"
"wa.beetles@edu.tbz.ch"|"wv@@C9-y1dRj9-aqOYQk"
"audreanne.abbot@edu.tbz.ch"|"2n0WrX-WpM#h0-$1djeo"
"noemie.capper@edu.tbz.ch"|"DO37Zp-Oh6C$a-E%%PVr"
"mans.abramamov@edu.tbz.ch"|"HbRFVa-KHR5c4-$vPM4W"
"audreanne.blakey@edu.tbz.ch"|"zKQMLW-bf6Z9r-zeWp5E"
"leone.klimpke@edu.tbz.ch"|"$oet9I-DNM1Uw-edxJX&"
"lie.croston@edu.tbz.ch"|"X6jhe7-jOU#w@-r5%HqB"
"anaelle.baistow@edu.tbz.ch"|"RlOaCw-wspR%T-myi1PA"
"michele.garwood@edu.tbz.ch"|"%$$QHe-khHXC0-SJpNbG"
"interessant.albion@edu.tbz.ch"|"I@zb%k-oN8o#9-K06QyX"
"andre.brisco@edu.tbz.ch"|"YT%TZg-7JWw@X-OcGq4D"
"tang.totterdill@edu.tbz.ch"|"s5#3cs-3owWp&-flTLmz"
"marie-josee.braundt@edu.tbz.ch"|"#2#ktv-yp8wmi-NMaZww"
"lois.galer@edu.tbz.ch"|"T2QPJW-vkiFjB-AplIF8"
"faites.pellamonuten@edu.tbz.ch"|"dC#H$K-SMxFCo-0b1QVC"
"mai.barfford@edu.tbz.ch"|"%b7DE5-1s4gSl-vjg1GM"
"laurene.macilory@edu.tbz.ch"|"6rjHJ4-Rj6FpF-lKCX27"
"elea.peak@edu.tbz.ch"|"G8Z@YP-Usmx4o-27DtmR"
"rejane.doni@edu.tbz.ch"|"jagsDo-y@wu7P-cZCpHL"
"mahelie.ector@edu.tbz.ch"|"0&g1ju-kfj5Wz-Ksu9V1"
"rachele.allum@edu.tbz.ch"|"LnQD&1-&XMX5T-8VY8Qv"
"laila.gerretsen@edu.tbz.ch"|"oZwk&E-izmTdI-n995ML"
"ines.bowman@edu.tbz.ch"|"YT%pBD-CK5z3$-fcH7Tf"
"publicite.barbary@edu.tbz.ch"|"#u%%Ck-vybn2F-rqckBq"
"mailys.smooth@edu.tbz.ch"|"XAjnw1-$LV1%k-uFUe7w"
"mailis.huguenet@edu.tbz.ch"|"Z6A#HJ-NNVMaE-l5ZeKn"
"lea.ewer@edu.tbz.ch"|"XdF1r#-IONVWr-Hbeard"
