"email"|"password"
"melodie.vandervlies@edu.tbz.ch"|"jZAoum-5&1XnD-ZYfkKu"
"angele.edgecumbe@edu.tbz.ch"|"gU##Uk-1u#RMw-xCqLvg"
"zhi.andreasson@edu.tbz.ch"|"f$gvMm-@5X7nj-hZ38qr"
"judicael.koppeck@edu.tbz.ch"|"8kv7g@-iYL8u&-7pPhoC"
"berengere.capron@edu.tbz.ch"|"n1O$Yx-9sdZ%c-9@#fw4"
"leonie.brosini@edu.tbz.ch"|"ny5l@x-ylYOQk-dCUMwO"
"venus.garfit@edu.tbz.ch"|"Y34Svr-1T5fAJ-IITamf"
"melina.janota@edu.tbz.ch"|"#e9LXH-nxOE06-FBOm3U"
"laurene.bake@edu.tbz.ch"|"zfNX#o-bwEXsR-Sy2K9c"
"regine.dorkins@edu.tbz.ch"|"Wifz1I-7VQ%7N-XJIwBx"
"cecile.moffet@edu.tbz.ch"|"%vJiqd-%oDkKS-8Q$y3D"
"maelann.labrone@edu.tbz.ch"|"&wbETb-JHij95-vzrijj"
"melinda.newbold@edu.tbz.ch"|"7A#80z-@%3Wbx-oTho30"
"mans.itzhak@edu.tbz.ch"|"gtHc3A-t8Hx6Y-bmTwPC"
"melodie.pattlel@edu.tbz.ch"|"03$l0G-C#1onZ-ooZwmN"
"celine.bonett@edu.tbz.ch"|"kbHk#a-LY5F5f-XUvtNl"
"adelie.mcgreal@edu.tbz.ch"|"ssnwal-Cow6OM-wtallg"
"helene.soldan@edu.tbz.ch"|"lytK#Q-ePVd%K-qcnfNK"
"michele.cluer@edu.tbz.ch"|"4UvtbK-t2AfDp-aOpwwf"
"maeline.mueller@edu.tbz.ch"|"fKjx4P-Mi@rLo-54dQnC"
"maelann.benedito@edu.tbz.ch"|"#oM0py-9clNHX-LYHZoy"
"nuo.gransden@edu.tbz.ch"|"HfsqTa-RS1lNK-PnbGMx"
"berengere.stainton@edu.tbz.ch"|"@3Jkci-QVJQHW-kpZJ6j"
"wa.sabater@edu.tbz.ch"|"2IZtfa-8h%qpK-&8mf#@"
"anais.cochran@edu.tbz.ch"|"z%hFYK-eRqMw%-devu@G"
"gerald.bessant@edu.tbz.ch"|"iMo34Y-y7KeSP-zkWbiu"
"ruo.coffin@edu.tbz.ch"|"eU3SdY-YuK#T6-vQSVKy"
"melodie.mustill@edu.tbz.ch"|"MY3JpK-F1@ATq-W@Dce9"
"ruo.stanesby@edu.tbz.ch"|"U9vnEF-&4pIKs-th@@zt"
"noemie.antognelli@edu.tbz.ch"|"uncE&9-to5#Wv-@FC$lB"
"maelann.hughson@edu.tbz.ch"|"M28MCH-mw$igs-&%U971"
"milena.mieville@edu.tbz.ch"|"b&c%x8-9N&EIK-GtdTD1"
"mailys.chamberlin@edu.tbz.ch"|"Y1Al1j-DaMkS9-rH1Y3V"
"nadege.tomalin@edu.tbz.ch"|"Z23%z&-11eTBB-Ph7DlT"
"oceane.omara@edu.tbz.ch"|"hqXc1m-MD$5GR-3kv2iU"
"cecile.aguirrezabala@edu.tbz.ch"|"4wRo62-zsRpM9-8lLCbA"
"maella.gwillim@edu.tbz.ch"|"Df&rzt-uYErG0-Yubo93"
"lea.mcgahey@edu.tbz.ch"|"WK$cRJ-GBF3Is-7Sj#iD"
"laurene.hagerty@edu.tbz.ch"|"sh6vQN-4HPDO3-vKXDSm"
"dorothee.link@edu.tbz.ch"|"udNjGF-m76bSZ-yv$e@1"
"clementine.kynsey@edu.tbz.ch"|"IDNjH0-OJ$EVa-gD&E5$"
"lorene.smitherman@edu.tbz.ch"|"54ZlN6-zK@8ae-lyII5G"
"cleopatre.klulicek@edu.tbz.ch"|"WEbvPe-15PJ%B-sL&bav"
"laurene.castaneda@edu.tbz.ch"|"SwtGwL-aTxidW-$yb%&u"
"melia.constant@edu.tbz.ch"|"Kb@zP3-5rD1mm-N9M@78"
"lucrece.clunie@edu.tbz.ch"|"597uX8-%9hKx4-%qDX4r"
"eleonore.mcmurthy@edu.tbz.ch"|"GZ3iqD-auQ88@-$OrPT5"
"melia.bevar@edu.tbz.ch"|"0nNq22-ryNf0w-atCt%n"
"camelia.bontine@edu.tbz.ch"|"JCiDyr-2Eww&%-cy8PVE"
"methode.jozefczak@edu.tbz.ch"|"m9eVmk-&tpL1$-#&M%4U"
"audreanne.hinsche@edu.tbz.ch"|"n@BkEB-#VnaQW-WkfsTY"
"andree.varne@edu.tbz.ch"|"iaW7$5-ANA%BW-y5EHw9"
"marten.kinleyside@edu.tbz.ch"|"JDassN-vNc34%-DwAqzb"
"esteve.mcewan@edu.tbz.ch"|"AseDKM-ukVWEo-FsQJGd"
"leane.dibbert@edu.tbz.ch"|"KVTpz%-Gem2xH-DYlvlx"
"ma.thewlis@edu.tbz.ch"|"ADEvTQ-e@IbOJ-fpiM5q"
"clea.djurkovic@edu.tbz.ch"|"Mf9gHG-G&vhCL-Wb&afB"
"rachele.reburn@edu.tbz.ch"|"&62LUR-1a4aRQ-6dV&28"
"gerald.gowling@edu.tbz.ch"|"lIFpZP-SP3y8$-uiD3a8"
"cleopatre.jackson@edu.tbz.ch"|"QerMLe-wH5CcM-AF%nD0"
"desiree.haskins@edu.tbz.ch"|"P4bIol-kcb#x5-lQbFe8"
"eleonore.longson@edu.tbz.ch"|"eeuxAa-R6u4RV-R$0Y&C"
"leane.dybell@edu.tbz.ch"|"$YNFYv-8gmDgA-qpui0I"
"becassine.grzesiak@edu.tbz.ch"|"5Db$Sk-r224oF-v#Xy@j"
"marie-josee.pickin@edu.tbz.ch"|"a5RVBU-ePy%N4-LzHHjU"
"marie-josee.roxby@edu.tbz.ch"|"$6gWzE-kIKj7m-lvdiGL"
"leonie.feenan@edu.tbz.ch"|"NL@RfF-dUmlbn-weqI1Y"
"valerie.ellum@edu.tbz.ch"|"ObQa$M-Zdh2xk-KHNGYy"
"ju.caseri@edu.tbz.ch"|"WQG@Tj-Fzqi$#-M&Pdvq"
"boerje.strangman@edu.tbz.ch"|"0Kxktt-zwHiDI-y2qHNZ"
"beatrice.ghidelli@edu.tbz.ch"|"8@fLfD-DDdGds-II3O&I"
"da.jablonski@edu.tbz.ch"|"0WSZ2d-AR3Mt8-&zKETY"
"uo.beveridge@edu.tbz.ch"|"qytlew-&H&rj$-%CQfdD"
"valerie.bestman@edu.tbz.ch"|"s&jKTi-MeoYRg-WUusTd"
"marlene.pohls@edu.tbz.ch"|"QZELZ9-h9VPO4-bdEk49"
"ma.nolda@edu.tbz.ch"|"DwEe3P-vV0YXY-r@SWmx"
"marlene.bisiker@edu.tbz.ch"|"ZfSUIW-&2YCyQ-V9rlUn"
"estee.babon@edu.tbz.ch"|"Q6xaQx-r@XtTE-%qC88g"
"simplifies.dmisek@edu.tbz.ch"|"#%5f7j-hn%fCm-1bAPZP"
"selene.ganing@edu.tbz.ch"|"F@lDRl-prri&H-a1lxGf"
"meryl.penke@edu.tbz.ch"|"75bqH1-XU&Tb6-Yi85PT"
"anais.rawcliff@edu.tbz.ch"|"9aUUTT-LqtZRO-YKTVO0"
"melina.andri@edu.tbz.ch"|"4FBG$0-xMnA0b-2fCO0r"
"audreanne.fodden@edu.tbz.ch"|"z@t$qq-M4d#LT-znnOhV"
"bjoern.spellesy@edu.tbz.ch"|"QckkW$-7vuViH-QuiBsF"
"francoise.summerscales@edu.tbz.ch"|"8dtHcw-%TBiC1-SdDsNA"
"laurene.ashtonhurst@edu.tbz.ch"|"@HEe%H-oV@Uvo-eikgRe"
"valerie.petters@edu.tbz.ch"|"HHnZRe-RiHR&g-jq0#0n"
"anael.spenclay@edu.tbz.ch"|"$01bMn-P8KfGr-slJ7fL"
"stephanie.keech@edu.tbz.ch"|"ez@DRk-IJaj35-jeH&8P"
"ines.deveril@edu.tbz.ch"|"Yz6ck1-S%U%2E-#OPvY1"
"berenice.gelder@edu.tbz.ch"|"C8toPM-%0PZ3b-o0uh%h"
"melanie.ofogerty@edu.tbz.ch"|"G1sS&0-XWHpii-f5jbux"
"frederique.canepe@edu.tbz.ch"|"&bn2rN-bqTfRX-ysWjML"
"nuo.otton@edu.tbz.ch"|"vlY1gQ-U9ZDpw-80Rz68"
"genevieve.trusler@edu.tbz.ch"|"78w6pH-V1ednx-rRDC$n"
"ju.boag@edu.tbz.ch"|"a$OqP2-F1ml5q-Dk0ygb"
"josephine.dilucia@edu.tbz.ch"|"neGrAL-7a%mxp-xHnVHn"
"laurene.armsden@edu.tbz.ch"|"4oLkwd-Y8agQD-nEIG$D"
"becassine.griffe@edu.tbz.ch"|"DNJ18a-RF1s7d-Kt3@HI"
"alois.parres@edu.tbz.ch"|"0k7AUE-MsEfQd-rRK0cy"
"cleopatre.gaffey@edu.tbz.ch"|"xahUfo-xtV$H9-@vHJiI"
"andre.stiger@edu.tbz.ch"|"$lWbmV-2AgMJ@-SF%Zmk"
"beatrice.godleman@edu.tbz.ch"|"Lqjoh1-4vIRt4-#57j6F"
"hakan.harrhy@edu.tbz.ch"|"T#dqcW-HsNQHW-21ktTi"
"celestine.dagnan@edu.tbz.ch"|"5cW7UV-rsBHue-3#8bpX"
"clemence.haggart@edu.tbz.ch"|"VJvSE9-vXtHgb-z0IzuW"
"long.caban@edu.tbz.ch"|"j86hJT-&zg8j1-TZog$9"
"gaetane.grimble@edu.tbz.ch"|"jtpQKA-&LINZ6-LLi4j@"
"maelann.piwall@edu.tbz.ch"|"BaVGR%-yYhzLU-%ByN89"
"magdalene.loble@edu.tbz.ch"|"$WqU4r-lGfxKm-Pc&15t"
"veronique.domaschke@edu.tbz.ch"|"9aXhHQ-dW3NQM-Q5BeVI"
"clea.herity@edu.tbz.ch"|"ylNceB-VXXVM2-4YFuAq"
"maelann.bambrough@edu.tbz.ch"|"YZw6EH-OScLrZ-IOBmF9"
"clea.goulstone@edu.tbz.ch"|"1&2rkT-7TMred-cTmY4P"
"renee.deleek@edu.tbz.ch"|"2IVK2G-SwaHDs-rQymy6"
"boerje.rudderham@edu.tbz.ch"|"WuauV2-TKAdzO-xa6uku"
"marylene.broune@edu.tbz.ch"|"HFAagW-@%xYqL-N6evLH"
"nadege.mccuish@edu.tbz.ch"|"kxbdUu-bGnvdi-6sm2iN"
"anael.littleover@edu.tbz.ch"|"N2NeWi-gM@ez9-iN55X@"
"lie.baume@edu.tbz.ch"|"hZTYy5-e0Q21k-CaDQs&"
"maella.murrow@edu.tbz.ch"|"aJkR6b-eE9$tC-9mlP9$"
"cleopatre.pettifor@edu.tbz.ch"|"yxYuW&-TN8@c2-7yLraN"
"geraldine.asker@edu.tbz.ch"|"n3Gbm5-@$B2Yg-@#jtDx"
"gaetane.smedmore@edu.tbz.ch"|"FQw15e-a%ZM2%-eMxBOO"
"meryl.blencoe@edu.tbz.ch"|"Y%W3LQ-jLgpWM-rvdDwn"
"aurelie.chastaing@edu.tbz.ch"|"kbePfl-pmYqEg-e7IzRE"
"oceanne.marthen@edu.tbz.ch"|"GJsPlQ-y3ERRf-ap3SpR"
"dorothee.burrill@edu.tbz.ch"|"ua#KLq-@NR$Sn-Sgz@&I"
"hakan.belden@edu.tbz.ch"|"85UnOz-NHhDXH-DxHC5z"
"celine.brunning@edu.tbz.ch"|"RRgAOI-F5gIho-8mlg3y"
"anael.lapides@edu.tbz.ch"|"zRKjsL-xr9OWl-fm3hM2"
"ruo.saffran@edu.tbz.ch"|"EcXp2E-6eN1cC-wc4Msf"
"loic.gerretsen@edu.tbz.ch"|"Gex&@k-cXCNhU-F$Z6ov"
"rui.fitzer@edu.tbz.ch"|"WCJBGm-Wnr0eF-59UnEi"
"annotee.ogers@edu.tbz.ch"|"3go7Xl-hAgXxE-xudizW"
"boerje.bindin@edu.tbz.ch"|"Imm#T#-vsiMRh-BHdI%a"
"ma.cronchey@edu.tbz.ch"|"Mj9h%j-lv3#7q-yECI6J"
"laurelie.baiyle@edu.tbz.ch"|"MJeCWr-jPXgdZ-LWw$%T"
"dorothee.older@edu.tbz.ch"|"oYGBmI-JU6$JQ-CDqw6E"
"laurena.wile@edu.tbz.ch"|"NU8LER-96IIZ4-svoHjo"
"clemence.brito@edu.tbz.ch"|"vtOMXw-XP2%cd-tSoc%1"
"nadege.dallin@edu.tbz.ch"|"V%kXA5-GKA#yP-cHZxCa"
"mailis.matley@edu.tbz.ch"|"6yBpcq-ltG#Ij-XuwuEc"
"daniele.screaton@edu.tbz.ch"|"e5FXBL-zjj5vb-eFKViT"
"mediamass.godly@edu.tbz.ch"|"l&iWFV-gNo0fL-yXnPew"
"leone.kremer@edu.tbz.ch"|"HeC980-&hrbYF-Y@Bgon"
"asa.adrian@edu.tbz.ch"|"35#9BD-zMkuGC-EZrFKO"
"adele.doley@edu.tbz.ch"|"hnDTwQ-b2gr@7-r81CuG"
"fei.sidney@edu.tbz.ch"|"YyRf1c-OUP3$b-xtzvjk"
"marie-josee.walisiak@edu.tbz.ch"|"zZmQ9P-xRbLOj-#BE5Er"
"desiree.diplock@edu.tbz.ch"|"4bmMtf-A1EMW5-ZV$G%v"
"gisele.schust@edu.tbz.ch"|"M2bmXT-dn6z@q-l1MLi6"
"ma.longshaw@edu.tbz.ch"|"SDI63i-m1923z-pOBFo%"
"da.boother@edu.tbz.ch"|"n9HfWK-@y3bMD-DSCunS"
"simplifies.chaudhry@edu.tbz.ch"|"FEtXAs-V8zT9Y-#&@y2G"
"garcon.baniard@edu.tbz.ch"|"l$yE#&-$5p#t1-ic7EOW"
"gaetane.elphee@edu.tbz.ch"|"Qa6hIV-lgGE@c-Oktvfv"
"gisele.hassey@edu.tbz.ch"|"BOJOxR-ZX4js@-$296tc"
"oceanne.booley@edu.tbz.ch"|"&UFI1S-bDMuqn-Pa@TOt"
"oerjan.dibden@edu.tbz.ch"|"$VUCxs-O2YbsX-#nckOI"
"regine.ocleary@edu.tbz.ch"|"k#jZik-d1hWV7-0YbK#z"
"selene.persse@edu.tbz.ch"|"#8v8DY-pguoki-pVVIk5"
"helena.adenot@edu.tbz.ch"|"Yn&YS&-Jp4kkl-mhS3c8"
"maelann.wassung@edu.tbz.ch"|"LmD&D%-WNugDv-Pq6Dxc"
"frederique.ackermann@edu.tbz.ch"|"InLL9R-KyTecd-xYH2p3"
"audreanne.kahen@edu.tbz.ch"|"3A@YEm-r0rEgC-gqmgMz"
"maiwenn.lasty@edu.tbz.ch"|"ifsSXh-3K03HI-v9urVG"
"yu.dictus@edu.tbz.ch"|"lVNfWn-%Zfhi2-mDGnP&"
"anae.dukes@edu.tbz.ch"|"JZ&KJF-C1GyKW-PbeK4m"
"yenora.warr@edu.tbz.ch"|"lgyDJd-1X%p$Z-8vWgZw"
"esbjoern.archibold@edu.tbz.ch"|"yzH9vD-u%Pu@4-BRx2mr"
"milena.pardal@edu.tbz.ch"|"1j#85w-H0M&w2-niOeRI"
"celestine.graveston@edu.tbz.ch"|"vDqG7c-UjUo5p-u@LJR6"
"maena.dallas@edu.tbz.ch"|"eHVaXh-KHIR37-6aMoxK"
"andree.tuke@edu.tbz.ch"|"G$0b%Z-bl4m9g-FBSC4V"
"methode.seldner@edu.tbz.ch"|"Qsd1nI-Q8qYZJ-YSqEG4"
"venus.bullas@edu.tbz.ch"|"iBkFcV-X@lLmi-Ql3cqj"
"mans.aguirrezabal@edu.tbz.ch"|"HftmBd-vSjko4-%OSlXh"
"gaelle.eadington@edu.tbz.ch"|"sPHjss-wsFyZF-s@tvmH"
"anaelle.falkner@edu.tbz.ch"|"lmkKiW-sTldzc-Ajul$j"
"ophelie.height@edu.tbz.ch"|"8UIiOM-KoH3Yu-g@x0NP"
"marten.bolding@edu.tbz.ch"|"5TV#Ak-TxWkKS-MwmUdq"
"pelagie.guswell@edu.tbz.ch"|"1dTYxH-L6NYuJ-1Vvvod"
"gwenaelle.lecount@edu.tbz.ch"|"ipsXkp-nBG6AX-og02xL"
"hakan.laden@edu.tbz.ch"|"YSj0Vd-YfFMi8-Y&lBKC"
"marie-josee.hylands@edu.tbz.ch"|"oDwN@b-dJvgqS-RvCNm8"
"zoe.kingshott@edu.tbz.ch"|"AkSmkt-Ydq8KY-r2#Mep"
"josee.janous@edu.tbz.ch"|"beBvif-2QdAQ0-XQS7tG"
"laurene.gallally@edu.tbz.ch"|"vOlW5V-cjQOb&-Jb3iK1"
"anael.bickle@edu.tbz.ch"|"UKKf3o-$@dzp%-UwqinO"
"mediamass.lebbern@edu.tbz.ch"|"5F89zu-uPAM1j-ZHGZnS"
"berengere.hovy@edu.tbz.ch"|"GNWDmw-Rb@XYT-CTbbCJ"
"oerjan.kilmurray@edu.tbz.ch"|"JOl1cg-Q%mN7z-nGeFXr"
"asloeg.venny@edu.tbz.ch"|"9KANSq-frSuuY-9jf&7O"
"marie-noel.stoad@edu.tbz.ch"|"IgC&@%-@ygduQ-y8gQ1F"
"hakan.pettifor@edu.tbz.ch"|"40VOpl-SOmHn@-Dh7OK&"
"maella.willgrass@edu.tbz.ch"|"Y7f3HY-CNMNrb-qUID#y"
"therese.ludovici@edu.tbz.ch"|"$miX50-q4gOi8-13yVSL"
"stephanie.trewhitt@edu.tbz.ch"|"xClZE4-BtdNew-bvV1pc"
"maerta.bauduccio@edu.tbz.ch"|"#P4Vxz-sPYCY7-eM@%Mz"
"gaetane.glaisner@edu.tbz.ch"|"5j3rEx-MvoUoU-X1u4YO"
"naeva.pargeter@edu.tbz.ch"|"Ulxenb-7dwQmZ-1dlHEO"
"salome.venable@edu.tbz.ch"|"w193fG-#AeFiK-cWQPrb"
"boerje.thickett@edu.tbz.ch"|"tK@Wn7-Dd1p3v-M2Bnlp"
"lucrece.prendergrass@edu.tbz.ch"|"&8EGr1-ZGoGqF-T99CLP"
"laurene.ockleshaw@edu.tbz.ch"|"VI9GTI-Z9usmJ-VUp@z6"
"cecilia.pasticznyk@edu.tbz.ch"|"A6LbPh-EouWr4-dgwTFM"
"stevina.mackey@edu.tbz.ch"|"Xanpm$-R%nP3#-uDSoD8"
"marie-noel.reven@edu.tbz.ch"|"Iv2dST-bj#vih-d#nEy8"
"melina.quilkin@edu.tbz.ch"|"8RgU0y-tYP32x-sZycGI"
"marie-noel.ferrie@edu.tbz.ch"|"cznHwh-hH9Vy%-&NsNHd"
"leone.alphege@edu.tbz.ch"|"w8c30T-oFrg8P-U8RXiG"
"zoe.leverson@edu.tbz.ch"|"dU4Alb-N9rR7b-l1rm7F"
"annotes.grayne@edu.tbz.ch"|"Q&2oQ%-gGIKE%-LXGxWQ"
"faites.lalley@edu.tbz.ch"|"iCEl3l-TfK3Ha-rN8K#B"
"adele.wallis@edu.tbz.ch"|"#1j&#a-WQwoU%-@%t0IM"
"severine.madill@edu.tbz.ch"|"V8MhPs-0Bpb1m-R8v$#P"
"valerie.tebb@edu.tbz.ch"|"D5HOMc-MLtJl9-q%IM7%"
"kalliste.rasper@edu.tbz.ch"|"e8NYB5-a2NavT-NsH%vj"
"audreanne.palomba@edu.tbz.ch"|"hKLPse-G9SIou-dhQDzS"
"elea.adamik@edu.tbz.ch"|"A&IeSg-Ss2$Vj-MjNaSq"
"reserves.jakuszewski@edu.tbz.ch"|"x@wyQU-S&Rog9-8rfQ%f"
"athena.belhomme@edu.tbz.ch"|"22j&oT-mIcDZS-xEJiqr"
"rebecca.crippin@edu.tbz.ch"|"HB7tlE-j8E7eS-%hkI%n"
"maiwenn.curman@edu.tbz.ch"|"wOlMwE-mgYzct-K5Zj#s"
"andree.bunner@edu.tbz.ch"|"Kna&EM-ED#o68-V2UmFo"
"ruo.winckles@edu.tbz.ch"|"KTEI57-7s11Nh-cmcUno"
"naeva.buntine@edu.tbz.ch"|"YLWQn7-50pdZo-Vr9Ku3"
"boerje.dollard@edu.tbz.ch"|"KQpiYA-AB%MV5-$8sWYN"
"penelope.gorman@edu.tbz.ch"|"At%X50-cozSN3-dbtcdY"
"alois.robelin@edu.tbz.ch"|"gpvLtj-Gjv3NA-VPWf0J"
"anaelle.tindle@edu.tbz.ch"|"Q54V2t-X%uEJL-sWnz5G"
"ye.frears@edu.tbz.ch"|"4m$yUW-KU1z%Q-$ZtNNO"
"andree.ovid@edu.tbz.ch"|"8tMRKL-Mq0kp7-56VCpK"
"hakan.peat@edu.tbz.ch"|"KyU4eH-eAyc&5-dHx5b#"
"andre.januszewski@edu.tbz.ch"|"z7eEFn-QhR2Cx-72LZol"
"annotes.clemmett@edu.tbz.ch"|"XA5f9v-FOb8%u-BPBoen"
"pal.lambswood@edu.tbz.ch"|"fDuf9k-Iinl@j-x@EOhZ"
"yao.lenton@edu.tbz.ch"|"kxvo@S-bsP3Z1-2CjhCJ"
"hakan.boyton@edu.tbz.ch"|"q9gtNX-sBSg$&-8Ag$J$"
"nelie.forsey@edu.tbz.ch"|"MpFByW-I%2rWx-3q1Iyh"
"hakan.horche@edu.tbz.ch"|"ghcIId-@1tzic-H9F72x"
"lorene.sinkings@edu.tbz.ch"|"A3zMrZ-hVo4y4-UFafTl"
"marie-therese.creddon@edu.tbz.ch"|"WulFh1-VSO1Hn-#c#VO0"
"berenice.tolworthy@edu.tbz.ch"|"eUNcSD-@RUVR7-#AqdBY"
"theresa.land@edu.tbz.ch"|"k@0%yh-Ajdu3v-LO$aD3"
"marie-therese.gianilli@edu.tbz.ch"|"38cV9d-myyWrV-xWOc4Y"
"meryl.glew@edu.tbz.ch"|"nBO@0i-LdKs8z-7JZDhY"
"adele.debling@edu.tbz.ch"|"VG#v3w-XDiWyl-Ma7WM9"
"anae.metzke@edu.tbz.ch"|"yxlU0A-vthzqc-4MVan%"
"gaetane.gooden@edu.tbz.ch"|"Ze0yHa-vuj6su-RePX8b"
"laila.bootland@edu.tbz.ch"|"ju9gwD-yMt508-BC2@Ml"
"maite.helsdon@edu.tbz.ch"|"us1P8P-u3NxQf-Q3cdxN"
"andree.malley@edu.tbz.ch"|"CaCWD1-hCYzUR-Vun@aA"
"pal.simmens@edu.tbz.ch"|"9Gz34X-v$Maj2-b08oIp"
"maelys.nuccitelli@edu.tbz.ch"|"wstJ&E-1%7HXb-rrdLg2"
"dafnee.sibary@edu.tbz.ch"|"SFICj@-Nvh3x3-M2RLJK"
"alois.harsnep@edu.tbz.ch"|"sOZPi3-t8o16r-CghsQE"
"marie-helene.lacky@edu.tbz.ch"|"tc#uam-mQ7Q@U-tIR2JI"
"mylene.youthed@edu.tbz.ch"|"poCqtG-sgJ&UC-28PldE"
"marie-helene.dehmel@edu.tbz.ch"|"jr1MKg-O6nabb-MzY@zk"
"angele.batman@edu.tbz.ch"|"bSs6Z@-wSCCCV-fg&8Pi"
"melia.younghusband@edu.tbz.ch"|"SkOvq3-YSYzh$-cHajSP"
"eloise.baldi@edu.tbz.ch"|"pjRAnS-a&keo4-YOAexF"
"illustree.dun@edu.tbz.ch"|"MDaePQ-tVYuqC-zQPan1"
"genevieve.late@edu.tbz.ch"|"Zf&d4G-Z&PJMh-VQ7oLU"
"celestine.colville@edu.tbz.ch"|"V41#r7-H6ISVB-iQ%9ku"
"gwenaelle.scarlon@edu.tbz.ch"|"kdyyxt-6sDpY3-DKiut0"
"regine.boddie@edu.tbz.ch"|"g83$au-qwra%Z-&R%SuW"
"creez.gaughan@edu.tbz.ch"|"BYokOx-DadvBr-YM4qXJ"
"gaia.longford@edu.tbz.ch"|"TqwyC%-doZ6Wx-Pt&blc"
"mailis.buckby@edu.tbz.ch"|"kMMK3g-LdspLM-h9hv4y"
"song.parbrook@edu.tbz.ch"|"#F0yGU-htD&7t-8PqYCh"
"frederique.heddan@edu.tbz.ch"|"$kRQ1s-dUU7Xj-WLgdB$"
"ake.kirtlan@edu.tbz.ch"|"pDmlpl-JrPX5G-svptrv"
"nelie.runciman@edu.tbz.ch"|"#zgwvI-aeD@n9-pO2gAd"
"mailis.cardnell@edu.tbz.ch"|"$yVsm8-8gSf5y-%W#Ejf"
"irene.navarro@edu.tbz.ch"|"EmQ7e$-qomx&o-0$73oF"
"maite.cough@edu.tbz.ch"|"e4Xnuc-SzCdSq-O4HQQQ"
"anaelle.stocky@edu.tbz.ch"|"ao7NCE-xEyTYT-4PtOiB"
"methode.moulder@edu.tbz.ch"|"v59r3$-uZJWQU-E9DJYJ"
"po.stafford@edu.tbz.ch"|"QVA%gN-fT5Y#D-iZi9XJ"
"faites.scraggs@edu.tbz.ch"|"WbcHje-MBqBnH-o8Z0Lr"
"adelaide.dullard@edu.tbz.ch"|"PiQX6E-J7DoI8-nS%zzz"
"desiree.leonard@edu.tbz.ch"|"QxVpJw-kFqA%k-WRcXQ7"
"geraldine.badgers@edu.tbz.ch"|"hcqVJu-pYdvE4-lPpDgr"
"ruo.masic@edu.tbz.ch"|"ZeR4g3-tGemPD-f9fVev"
"aurelie.lieber@edu.tbz.ch"|"95Bk$X-7CIRxz-BjeEBj"
"naelle.balcock@edu.tbz.ch"|"xVpsx1-iWg99$-m#e$Zd"
"camelia.elger@edu.tbz.ch"|"9@EHI4-Gn%p9G-W%qU@M"
"publicite.oakeshott@edu.tbz.ch"|"vVlqBI-FLn4Yh-$qRKnw"
"cleopatre.fawley@edu.tbz.ch"|"%JkVw6-giclVh-m2nlO6"
"laurene.bruckmann@edu.tbz.ch"|"6i@vb5-S&cY4h-vN2YsX"
"rui.haughton@edu.tbz.ch"|"QeEj51-VTi%ln-frPOgr"
"asa.ladewig@edu.tbz.ch"|"UFjr8h-E933em-$S@bkt"
"gisele.janecek@edu.tbz.ch"|"K#4ZFp-sX5OAR-LqJUbJ"
"maily.loveridge@edu.tbz.ch"|"sX3oLc-OqjX@j-Wc3hZ0"
"marie-eve.yurkiewicz@edu.tbz.ch"|"$sdPsb-62Vlv4-HSmysa"
"fei.roder@edu.tbz.ch"|"ietgwk-6QA22c-Mz9wof"
"edmee.chatburn@edu.tbz.ch"|"E$NnMz-vc@t6K-qNdXnP"
"geraldine.darke@edu.tbz.ch"|"n0uvH7-vn22MD-hyAUsc"
"ye.jira@edu.tbz.ch"|"Pj5ze1-&qo3Tt-yz3vos"
"publicite.persent@edu.tbz.ch"|"hkWMfk-8VAv9B-n0Qhrk"
"severine.wilcox@edu.tbz.ch"|"BpdUII-DIFgsn-QCT0ND"
"yao.mcclaren@edu.tbz.ch"|"Ki4mEE-uCyIag-uyuTa&"
"theresa.foynes@edu.tbz.ch"|"G94o70-IL7yaA-0NYec6"
"stephanie.isley@edu.tbz.ch"|"TrWOOI-IQOTjB-xin6Zk"
"torbjoern.growy@edu.tbz.ch"|"MNdG6u-UgBnu3-Cl@IRo"
"eloise.tunnadine@edu.tbz.ch"|"iqarL#-l5D6O%-X@pxo$"
"maeline.cossentine@edu.tbz.ch"|"2ZekgO-u5Ondm-KiP1fa"
"nelie.desantos@edu.tbz.ch"|"Fkjs@3-9xSJKz-3ThWdi"
"gaetane.axston@edu.tbz.ch"|"ajK$pV-9aN4jC-WaWbbv"
"aimee.merman@edu.tbz.ch"|"OtGXdr-#IHB8g-wt0RcH"
"oerjan.drivers@edu.tbz.ch"|"SM8l7o-oYTgAT-osnXUc"
"aimee.miroy@edu.tbz.ch"|"sj06sb-$EIKqm-3JUm@L"
"nelie.glyde@edu.tbz.ch"|"6KsgfH-iHg5Gc-UP290z"
"hakan.kapelhof@edu.tbz.ch"|"uY@cIp-LVTy&F-EMFpV0"
"maelyss.cauley@edu.tbz.ch"|"4$@mJc-UsinMl-6VrW1%"
"elea.vaggs@edu.tbz.ch"|"y&c9r2-pql89B-FZqdP$"
"maelys.but@edu.tbz.ch"|"R4a&al-V4eRR#-KZl4kP"
"maella.arthurs@edu.tbz.ch"|"gcms@r-H2q5xi-fgarjx"
"adele.liebrecht@edu.tbz.ch"|"32Tv0Y-P29MRa-xbYsst"
"meline.lomasny@edu.tbz.ch"|"SibfIm-0lvgT@-iJ%N%I"
"mediamass.schwant@edu.tbz.ch"|"V0ipDX-fqo2x6-Q4R&&P"
"leone.saunt@edu.tbz.ch"|"icBP%h-hzpw#z-BxZ7MZ"
"annotes.gouch@edu.tbz.ch"|"soiA59-sQWOI$-ypHm$G"
"gaetane.bowich@edu.tbz.ch"|"Dj$j67-ub#edr-1gQXO7"
"alizee.strelitzki@edu.tbz.ch"|"fTI#CO-@GvkXr-Yhds8B"
"leone.poile@edu.tbz.ch"|"tR9zCA-HgqUP&-2GNoX@"
"amelie.saban@edu.tbz.ch"|"GvofwL-wY0Z11-8fMw2J"
"marten.mcmenamin@edu.tbz.ch"|"z5fpBO-9Af350-ysPMbb"
"becassine.keets@edu.tbz.ch"|"RzROba-2F6U4Z-%XDRgm"
"celine.million@edu.tbz.ch"|"JgrSDp-zp$isF-X3ayxi"
"geraldine.belitz@edu.tbz.ch"|"#0ytdT-twVTiS-Cdr&Vh"
"salome.mardling@edu.tbz.ch"|"M$ldo#-&V4m8t-v&BM6n"
"melia.blakemore@edu.tbz.ch"|"08ANP$-N%KiMQ-dfQ@E4"
"dafnee.mcaulay@edu.tbz.ch"|"inzamu-IKbKTx-ihL0hT"
"garcon.dennett@edu.tbz.ch"|"5qrCQW-az9qvc-C8Edgy"
"interessant.lesor@edu.tbz.ch"|"TugJsL-6UvTBl-t2JqqR"
"annotee.wasbrough@edu.tbz.ch"|"f99qZ9-K2MqY@-9ZK$Rc"
"asa.ibbeson@edu.tbz.ch"|"csU9Uo-6PrqNW-xrXkpN"
"maily.kennealy@edu.tbz.ch"|"6ui8QY-zPX9ZX-NFMy@R"
"ye.seares@edu.tbz.ch"|"k%raw7-VFB4co-TIab8f"
"athena.harbron@edu.tbz.ch"|"FNjr#a-qi3$d5-TCO%6I"
"andreanne.portail@edu.tbz.ch"|"eJeiD1-Pb3a#w-P4NENx"
"goeran.zannelli@edu.tbz.ch"|"COR27d-HMRQPg-fEGM&O"
"gerald.leathlay@edu.tbz.ch"|"zCm8Y2-JvMiyv-yv5GtF"
"andreanne.chown@edu.tbz.ch"|"u#mlT8-mMSsBx-@N1njl"
"esteve.clementel@edu.tbz.ch"|"2cK13I-Z4ONjK-Fo#qkZ"
"leone.legan@edu.tbz.ch"|"1wUZiL-18O6lv-aUC6a6"
"maena.pownall@edu.tbz.ch"|"agnMjP-zwTX$Q-rQbI%2"
"andree.rettie@edu.tbz.ch"|"mE6snS-SXGKhc-JK8G1k"
"ines.kenwrick@edu.tbz.ch"|"Nah9qk-2o&&HP-NFN@V&"
"marie-helene.yarnall@edu.tbz.ch"|"Mj5XM0-3@$FvW-hy24e#"
"po.martin@edu.tbz.ch"|"6LXC7C-1lFUzb-lCKINW"
"ruo.celiz@edu.tbz.ch"|"hCIYys-ehuwba-SmBzaV"
"po.bissett@edu.tbz.ch"|"Gso4hp-r7yN4S-VCTXoz"
"du.swindon@edu.tbz.ch"|"bTYP3R-KP2#T0-pr0LlJ"
"interessant.gouldthorp@edu.tbz.ch"|"5c4Dg5-mSJM2V-0zv#Ho"
"leandre.lilburn@edu.tbz.ch"|"fXobHz-Hev@vn-gvUb1W"
"bjoern.whales@edu.tbz.ch"|"UiAGPt-1T5CZC-$BAFuu"
"interessant.dieton@edu.tbz.ch"|"a4Af3D-waMEIX-@27ydq"
"celestine.redhills@edu.tbz.ch"|"TKEdwq-KqJrRg-@JOx1@"
"tan.yakovlev@edu.tbz.ch"|"fDHyDm-mi#Gi8-vjUn3m"
"regine.mcdowell@edu.tbz.ch"|"sTKMAP-Xp@#K7-sbpYGv"
"ju.coysh@edu.tbz.ch"|"OabZ$F-UJN&sI-9nGb%C"
"reserves.ofallon@edu.tbz.ch"|"Bm@w@y-&SG%s$-sSAHJv"
"frederique.sobey@edu.tbz.ch"|"6YWsFC-VRaKfl-4E5HBP"
"marie-eve.garstang@edu.tbz.ch"|"rF1ZUF-4f$pkE-8bTF&w"
"andre.tapin@edu.tbz.ch"|"LaiAAY-#1I%Cr-6HNnAa"
"esbjoern.eynon@edu.tbz.ch"|"KHs@l@-AWnJHC-K$6tif"
"maella.duffy@edu.tbz.ch"|"9INnIb-o0mmpf-8@mVBG"
"leandre.twinning@edu.tbz.ch"|"79Y%eK-zcaQ6T-xQC7Tt"
"mai.whittingham@edu.tbz.ch"|"%aP5R&-Xfq$%$-YqePDi"
"rachele.shevelin@edu.tbz.ch"|"BHRjPo-1USVjA-2Mc0ij"
"cecile.mcure@edu.tbz.ch"|"BAly#J-%6HBn8-9EVV99"
"marie-eve.yurkevich@edu.tbz.ch"|"0Dqy11-Mk7v98-E5vqw5"
"almerinda.paice@edu.tbz.ch"|"eUTROl-KdWt2y-f5Gv@K"
"rao.howkins@edu.tbz.ch"|"PW@Y1M-Z8oXNI-gaJX6G"
"serena.pack@edu.tbz.ch"|"Ll5aoM-ONJH$h-&eyt7n"
"rebecca.mant@edu.tbz.ch"|"%yoVx9-UPnELv-BV#amq"
"reserves.spitell@edu.tbz.ch"|"nYEO%P-tOoepM-PJtYYy"
"garcon.hamfleet@edu.tbz.ch"|"NCCSzE-mxqxPY-W67TIc"
"methode.kerkham@edu.tbz.ch"|"CyWw2Z-a%%T89-FkVs0y"
"pelagie.camies@edu.tbz.ch"|"bF&HKH-sQnZYl-#BD3%p"
"josephine.macpharlain@edu.tbz.ch"|"Wg0$w5-TtUoIA-82ys$j"
"eugenie.mathet@edu.tbz.ch"|"JVR1ng-eI1YTy-BFEgfi"
"gaetane.brangan@edu.tbz.ch"|"RF#qNh-Ku0Diw-F8sDNb"
"michele.dewbury@edu.tbz.ch"|"wWJ7E2-sPFy@x-CbI68J"
"eugenie.elcott@edu.tbz.ch"|"wNaHC&-TXY9uu-DulOfC"
"megane.harniman@edu.tbz.ch"|"38BFIu-5%K5Uc-RJwP2V"
"agnes.cluney@edu.tbz.ch"|"pKGY2s-UcmnqT-blQjPa"
"marie-helene.angear@edu.tbz.ch"|"wYAVGi-N4b0%B-s3knv5"
"melia.dolphin@edu.tbz.ch"|"ahzO4e-RzH6kI-oeuhQd"
"lois.ruseworth@edu.tbz.ch"|"eJgzUz-%TpR%A-Dlov&1"
"mailys.ryding@edu.tbz.ch"|"N9xlHp-q$iECH-Ti#l%%"
"rachele.wulfinger@edu.tbz.ch"|"1u2zST-f4EiOA-6l@d@a"
"gwenaelle.talton@edu.tbz.ch"|"$87Dj8-Mbax8G-CaP9bp"
"long.ronchetti@edu.tbz.ch"|"9nhya9-ZpTar0-UpCbMg"
"styrbjoern.kloska@edu.tbz.ch"|"5xI1QO-hIXS$b-3BCWvX"
"len.sudran@edu.tbz.ch"|"jyIZXn-rRtzql-RK2nvB"
"maelle.andrysek@edu.tbz.ch"|"bfyzRN-s&MQSB-HXZE#$"
"selene.senior@edu.tbz.ch"|"x5eiQS-0r01BC-FZE@f$"
"anais.joskovitch@edu.tbz.ch"|"irghzZ-HhNDjc-b9R8l&"
"marie-noel.dally@edu.tbz.ch"|"Zyaqc%-fhr34K-805cIJ"
"marie-helene.laurence@edu.tbz.ch"|"ylMLuO-U6XMRV-&7Oq3I"
"camelia.foxon@edu.tbz.ch"|"Qy$IEO-cvucd7-$r@qO1"
"helene.cankett@edu.tbz.ch"|"gN0r8s-CQOx&S-fOHUgC"
"marten.mitchelson@edu.tbz.ch"|"6j308n-6SC@tS-2W#VTH"
"helena.stirtle@edu.tbz.ch"|"4TCtyj-MFKkhV-A7nfTg"
"leane.barmby@edu.tbz.ch"|"pDPOhN-7gSWba-5s5ys7"
"goeran.ofinan@edu.tbz.ch"|"#wDqRz-@KeEWX-EhrTva"
"styrbjoern.proby@edu.tbz.ch"|"VZ3ftu-2&ouq9-dnr%Hg"
"zoe.halse@edu.tbz.ch"|"FC80eN-yR8HN@-B6ubR7"
"kui.drable@edu.tbz.ch"|"g%ENUZ-Z6ADfJ-oIc7F%"
"desiree.bamford@edu.tbz.ch"|"5B8hFH-xFGFL9-BurB0r"
"zoe.suller@edu.tbz.ch"|"GU$FLg-6AIVT1-n5r6pR"
"marylene.audiss@edu.tbz.ch"|"tsLcA$-CHj&0m-rL@$&M"
"adelaide.poznanski@edu.tbz.ch"|"nLdb7L-UemiUS-KUFNZM"
"maella.coleyshaw@edu.tbz.ch"|"pa2FqV-w#&IqG-ywzvOn"
"marie-francoise.gelder@edu.tbz.ch"|"Xkzxoh-iR#TNt-WnIeKC"
"eleonore.chaffyn@edu.tbz.ch"|"d4yzJx-zDaWeI-PKzebp"
"celestine.sikorsky@edu.tbz.ch"|"FU6WoZ-0p9fjF-0$RMNn"
"stevina.londsdale@edu.tbz.ch"|"T#CIGG-LCf7dB-h$zlRF"
"maiwenn.nevitt@edu.tbz.ch"|"sGiy3b-8zPsGd-TaumnK"
"magdalene.gerrey@edu.tbz.ch"|"lUQWKV-%mkNQh-20t8xE"
"becassine.latimer@edu.tbz.ch"|"batm8U-7SbFC&-&S77AM"
"da.lethibridge@edu.tbz.ch"|"K8z&PS-MmIn$h-S&L0mU"
"mailys.claige@edu.tbz.ch"|"4wHzTa-nJpZhV-iIcf6Q"
"maena.torbard@edu.tbz.ch"|"vXccfU-yU90pe-#bWUsR"
"solene.lyvon@edu.tbz.ch"|"rukZ7&-vsbXb7-HVOVeW"
"marie-therese.benbrick@edu.tbz.ch"|"elQKyD-jZw0JW-bO@m%p"
"gerald.edmonson@edu.tbz.ch"|"IRqQFx-l43%J8-XwaM3q"
"ake.messruther@edu.tbz.ch"|"xFTGjX-Zjf2YY-5NGl5w"
"men.gosneye@edu.tbz.ch"|"I&&hsE-u1SAfZ-QQm&zE"
"anais.jefferys@edu.tbz.ch"|"T032l7-I5BQof-arpWV#"
"publicite.tregale@edu.tbz.ch"|"@Ur7@@-6VuuQK-NjPYls"
"maily.santorini@edu.tbz.ch"|"F#uenO-bpc#UG-EOqrLN"
"ines.pioch@edu.tbz.ch"|"XlA8yX-Mj2#Qf-b7X6K1"
"noemie.marklew@edu.tbz.ch"|"uT1Raf-qMyWr6-&mNFqN"
"meghane.maccaffrey@edu.tbz.ch"|"Gz%OhD-p8rFQP-EdxGNO"
"berangere.ambrogio@edu.tbz.ch"|"cjcktX-jeKsZl-nABlcn"
"mediamass.ryce@edu.tbz.ch"|"hS#qFl-Az4vSk-$PGm&&"
"oesten.ubank@edu.tbz.ch"|"hrwoZN-Eq8&uD-UAGUqw"
"melina.mackee@edu.tbz.ch"|"LtZVx0-z&0jkM-y8pnzI"
"theresa.livezey@edu.tbz.ch"|"ocZO1d-CwHEP9-v9SXnP"
"clemence.weal@edu.tbz.ch"|"uYGveZ-r$6oGK-Z5e@gA"
"faites.overton@edu.tbz.ch"|"ET1p$V-@jB5#T-UcYWRy"
"clea.lindblad@edu.tbz.ch"|"IDYIIS-H2ntP#-R#2nAG"
"josephine.roseaman@edu.tbz.ch"|"5yo&em-zq5P4$-bUNJHR"
"oesten.lowbridge@edu.tbz.ch"|"zvWKXp-e9AmnH-s$%Z3O"
"marie-josee.brion@edu.tbz.ch"|"hqTw7@-3kx%pW-mgzufg"
"therese.basili@edu.tbz.ch"|"$Qk&up-GfHf0r-5Ru2Xg"
"melia.vertigan@edu.tbz.ch"|"ltqmIZ-ttaXfw-AqqTD%"
"judicael.saull@edu.tbz.ch"|"IDwv6O-ZAj6BD-XDnrHL"
"selene.valentine@edu.tbz.ch"|"dOWqPO-Stf2k&-$HBDbO"
"verane.dunlap@edu.tbz.ch"|"5JPOTI-&&J$2f-N&sip4"
"meline.kinnear@edu.tbz.ch"|"tLynrH-%2eqyI-hvkl1I"
"lei.luttgert@edu.tbz.ch"|"b3FJe0-Ere1In-LgriTY"
"styrbjoern.lathleiffure@edu.tbz.ch"|"tkdkTJ-$tV2cY-M91N@M"
"marlene.blasi@edu.tbz.ch"|"OcSH8X-A%opKV-sZtgWJ"
"mai.begwell@edu.tbz.ch"|"9jloWP-WJ#KM1-Fl02od"
"gwenaelle.kaines@edu.tbz.ch"|"2GsVvJ-x7jaPC-qBrQAg"
"gerald.adamthwaite@edu.tbz.ch"|"ZY1qLE-qEimmO-6d69f6"
"kui.hartfield@edu.tbz.ch"|"AcnprI-EfiID6-Kk8yzw"
"salome.currao@edu.tbz.ch"|"q5NfbC-zwlIq%-E#ijE6"
"angelique.tixier@edu.tbz.ch"|"#yaTn&-9q7Erq-hUr%DO"
"ju.mcgragh@edu.tbz.ch"|"u2K$uo-Xzp5IY-oUwiHm"
"dafnee.beachem@edu.tbz.ch"|"T8&Tje-75A@kk-3ev%fJ"
"creez.terlinden@edu.tbz.ch"|"J@adNO-z3rZ8a-oJDJMJ"
"uo.mcskeagan@edu.tbz.ch"|"@6sXs8-AR9DIr-23ZbYD"
"edmee.mccaughren@edu.tbz.ch"|"NY65MZ-zIRAh5-Ac1ex#"
"asloeg.cozby@edu.tbz.ch"|"OwpEGq-3xtrJW-jLwJod"
"melodie.traite@edu.tbz.ch"|"5V3uS4-@6AITs-oE202g"
"dorothee.aindriu@edu.tbz.ch"|"AbIM9&-$6LV5b-HlO@@V"
"daniele.doley@edu.tbz.ch"|"UbtF4j-fFFm1x-OCY7lu"
"mediamass.fairclough@edu.tbz.ch"|"jp#mtx-O$Pe$6-7IUonz"
"lorene.rainforth@edu.tbz.ch"|"AHyYqa-ujOZ$m-f#SOMC"
"leonore.eyer@edu.tbz.ch"|"zDb74D-Ysk$RV-G4@rvP"
"po.spillman@edu.tbz.ch"|"Zq4sNG-vUvjVC-arsv4z"
"cecilia.plitz@edu.tbz.ch"|"zZsCo2-#Jk2R2-kqjZ21"
"lorene.ludlow@edu.tbz.ch"|"YjZWkU-pQTnR&-YaCXd5"
"berangere.neligan@edu.tbz.ch"|"STxAS9-sG&51R-wB#BmZ"
"simplifies.huggan@edu.tbz.ch"|"hhV#dL-nOLr3m-ORNf2K"
"clelia.prandy@edu.tbz.ch"|"LFglH9-1$rkYt-%HX5cT"
"ake.osban@edu.tbz.ch"|"GCvu0i-TLML6k-z0Kw$l"
"cunegonde.brunn@edu.tbz.ch"|"KdTsDc-H4amA1-Rsc&3F"
"long.grizard@edu.tbz.ch"|"Qgn95G-%cFzEw-v9n0@Z"
"meghane.diss@edu.tbz.ch"|"hxACEi-ma3d#u-k0%LB2"
"therese.oldman@edu.tbz.ch"|"Wx&3UL-8ogD4A-Evze6G"
"boerje.scamerdine@edu.tbz.ch"|"$dingj-a31iyd-fbpMvW"
"du.saban@edu.tbz.ch"|"QMI%L@-%#NzL6-VNL&6v"
"hakan.clynmans@edu.tbz.ch"|"Ywmzq2-6wmY&n-3k4AOf"
"wa.macdowal@edu.tbz.ch"|"pTKwFw-ybz$o@-uPYxKg"
"venus.hatrey@edu.tbz.ch"|"fX5R&W-tZmsRn-05wwwL"
"anaelle.vispo@edu.tbz.ch"|"cJiX56-z1fdyP-Kp016w"
"mahelie.ollcott@edu.tbz.ch"|"tsq0MQ-F0cYqh-XGPEg8"
"mediamass.whyman@edu.tbz.ch"|"T#iYay-CiwNsh-hJsT4v"
"esbjoern.basson@edu.tbz.ch"|"wDgC2C-pI@rrX-pwdzyG"
"andrea.morrill@edu.tbz.ch"|"VzYxK4-Q%Dl#W-a$8SzF"
"melys.grassi@edu.tbz.ch"|"M6Sy&C-B0yanv-fXUgp8"
"leone.poleye@edu.tbz.ch"|"68Is&E-@aZ1Kq-6@xx#p"
"francoise.penny@edu.tbz.ch"|"Wd6z$5-H1jyuU-Vvxxas"
"rebecca.edney@edu.tbz.ch"|"fPLSiO-L#HP@s-mGdJS2"
"adelaide.murtagh@edu.tbz.ch"|"i4pmuX-yorc2X-n1OBUz"
"stevina.winterbourne@edu.tbz.ch"|"Dv9qNf-Hpdw7w-foJoWI"
"ma.cottom@edu.tbz.ch"|"I7d%g5-VPuATX-GD#a7M"
"tan.harold@edu.tbz.ch"|"W3w2$T-cewL80-O%q8BA"
"venus.forte@edu.tbz.ch"|"EPKeA&-V4LYk9-TQzs&2"
"almerinda.oluney@edu.tbz.ch"|"W2WwE5-HfNOYP-@%N2ap"
"cleopatre.brehault@edu.tbz.ch"|"Z1$i7w-%4SRwc-kOY7YL"
"interessant.lapides@edu.tbz.ch"|"Q50#dw-PINSEX-Yox5wb"
"reserves.hallatt@edu.tbz.ch"|"V&gNrr-Qc%Mo1-IFaJHY"
"annotes.birdwhistle@edu.tbz.ch"|"HTXxy4-5LqYd9-nkO1zn"
"ai.dredge@edu.tbz.ch"|"EgT2r5-swhvqz-7h56dE"
"megane.mussard@edu.tbz.ch"|"%lZ55b-&@ebWM-AdHQ1W"
"esbjoern.gowrich@edu.tbz.ch"|"gpjwik-MmdTB5-1d%7y0"
"boerje.brislawn@edu.tbz.ch"|"mYL&Pv-KsdDka-n#rukZ"
"becassine.wilce@edu.tbz.ch"|"go6dH3-jl%X0p-kjlno4"
"personnalisee.oels@edu.tbz.ch"|"mxDt&7-PdKswD-8pe@c3"
"verane.pett@edu.tbz.ch"|"rR7Vaf-$PcE8j-sswz&X"
"marylene.glewe@edu.tbz.ch"|"H7CJQD-d0lG4n-mL2bsh"
"lai.elson@edu.tbz.ch"|"YAwf4#-WxT59X-69oI%2"
"serena.difranceschi@edu.tbz.ch"|"93T55@-NwAZu6-ganAvZ"
"lie.espinel@edu.tbz.ch"|"ld6HAl-EbAK2y-V&lzlh"
"marylene.fantini@edu.tbz.ch"|"VVNK$G-fe9tXd-isaDCu"
"andre.archdeckne@edu.tbz.ch"|"Hm01ev-f73Rqf-0G%fWJ"
"goeran.bohlingolsen@edu.tbz.ch"|"znmdwb-foGbxR-KvUtwR"
"cunegonde.heffer@edu.tbz.ch"|"qkioQX-$NwUFj-HR$kzW"
"tan.fechnie@edu.tbz.ch"|"bL9q1K-hx&5s9-R8RHOl"
"marie-noel.brammar@edu.tbz.ch"|"bSPy&k-Lzc&Yt-v3mdqm"
"simplifies.aven@edu.tbz.ch"|"DrpFL9-Vi06Zt-KBhgau"
"melys.pinchen@edu.tbz.ch"|"U$B9ys-WLlEtB-McmQkZ"
"edmee.joyner@edu.tbz.ch"|"gFP15V-nysrqn-HflDmX"
"berengere.edess@edu.tbz.ch"|"d1eBgv-$pGioh-ZAl8Hd"
"marie-noel.goward@edu.tbz.ch"|"X$lQ1U-mcK5a2-hGxBQX"
"ju.edmons@edu.tbz.ch"|"T0KsV&-0lXnTs-asvL&0"
"frederique.airds@edu.tbz.ch"|"pJyiJV-S1A7w@-V9#XTE"
"reserves.dauby@edu.tbz.ch"|"kJw#4@-wAxDff-YfEwd2"
"hakan.gynni@edu.tbz.ch"|"eU0t8k-#pubcs-GijwME"
"leonore.pinwill@edu.tbz.ch"|"$V6Q51-cgCAfn-jd0wle"
"marie-eve.mcallan@edu.tbz.ch"|"xWS5Ua-Ny4$pY-zG@Cp#"
"naelle.yeabsley@edu.tbz.ch"|"lpry$Q-Z0A%1E-K7AyQY"
"nelie.jacobovitz@edu.tbz.ch"|"XAKc37-nxTJ@k-4KmGl3"
"adele.conelly@edu.tbz.ch"|"wifA7e-Y4Rm0T-@BCks@"
"clementine.dondon@edu.tbz.ch"|"474kNg-lwdZ1u-@CzgvU"
"zhi.willcot@edu.tbz.ch"|"jf4beX-SEHsHT-pzSQxh"
"chloe.janicki@edu.tbz.ch"|"RwUKCI-K%TUsu-nwYkPN"
"meng.linde@edu.tbz.ch"|"9c#htT-0akx0Y-lel9NV"
"celine.janisson@edu.tbz.ch"|"fVutLl-KCNJjv-nEH5xV"
"clelia.crow@edu.tbz.ch"|"&If8oZ-CqKY86-$ziIOm"
"cecile.pyott@edu.tbz.ch"|"nA%LmV-D#PdZa-TOFxXJ"
"ma.fidelus@edu.tbz.ch"|"huR6BS-NInl1P-32BHAZ"
"marie-helene.poore@edu.tbz.ch"|"tP5GDc-wiPljU-9vDFSK"
"elies.blanket@edu.tbz.ch"|"mHMoVg-iChO8O-uPv%ub"
"yu.boyer@edu.tbz.ch"|"B2R0RD-yLjIYk-muf9Ve"
"celia.welds@edu.tbz.ch"|"HzxTiZ-pCCQkr-n#GLD6"
"du.gunney@edu.tbz.ch"|"dir652-xTHsmC-mcH91c"
"goerel.crush@edu.tbz.ch"|"D8F4tI-bSVa$o-5YYTVy"
"marie-josee.brosius@edu.tbz.ch"|"8%iueF-%hPUKJ-BcsWJ%"
"camelia.adds@edu.tbz.ch"|"NvKvhu-DkEl&#-r3Bn&r"
"anae.irwin@edu.tbz.ch"|"PABuXc-9KfZgz-KTBFvN"
"cleopatre.skeffington@edu.tbz.ch"|"E$5trU-Z0XECg-rs0c0E"
"gerald.suggate@edu.tbz.ch"|"It4522-r%bR$&-%EPvH@"
"laurene.tailour@edu.tbz.ch"|"tZ%3Ix-XrK4yA-9E4Abi"
"amelie.hoble@edu.tbz.ch"|"Mfucln-kJPE%%-zQ3mPm"
"venus.getch@edu.tbz.ch"|"6HBYCx-jPACxp-xwKgnd"
"renee.treby@edu.tbz.ch"|"GLxnqA-5DYvh2-jlt73m"
"almerinda.stait@edu.tbz.ch"|"ukFNBE-NQj8qW-CxZ0GB"
"andree.reddecliffe@edu.tbz.ch"|"MwQ9IF-ivkcUC-y3fFyE"
"leone.wintle@edu.tbz.ch"|"KU5bRE-fcN@JM-NTTaCn"
"gerald.fellow@edu.tbz.ch"|"VhQ1E9-bTtwrd-grVBua"
"ju.gudger@edu.tbz.ch"|"&WmFo6-%TWqTT-OG4Ixa"
"meng.ohaire@edu.tbz.ch"|"VAavnX-eszwu#-$VV3aR"
"cleopatre.missington@edu.tbz.ch"|"j47UYo-IwdF2f-TJw%Pj"
"annotes.debruyn@edu.tbz.ch"|"bSErH&-UEmc2N-lEj2Fk"
"gerald.sinisbury@edu.tbz.ch"|"4T6bNz-mUkLo&-QeL0oN"
"creez.slora@edu.tbz.ch"|"@8pEbv-aAz5Ih-KzuSNT"
"gisele.benbow@edu.tbz.ch"|"j2Q06%-F7clIP-%KWOds"
"pal.dossit@edu.tbz.ch"|"01Z8yn-9$CTo1-t&z3FO"
"nelie.stirrip@edu.tbz.ch"|"P3lo9g-snG1wB-6vgvPl"
"alois.ocrigane@edu.tbz.ch"|"H6edn4-V0Jw#3-r&PHG&"
"kui.mcterry@edu.tbz.ch"|"1#PrS8-0Sp07g-dteq#c"
"long.willgoss@edu.tbz.ch"|"vMOYzh-0QwBs9-Gh4b2r"
"francoise.sumpner@edu.tbz.ch"|"jlRcRz-LeH5oi-id6SGG"
"maely.grinstead@edu.tbz.ch"|"a%kikb-Sf1Tw6-%BLE8f"
"creez.langeren@edu.tbz.ch"|"2ZawBu-fhQfFc-5hg9q5"
"adele.dungate@edu.tbz.ch"|"nel#AX-4Pa@iP-UOGV@Q"
"cleopatre.noirel@edu.tbz.ch"|"1e6%IC-yONKPo-f@lYsq"
"interessant.daverin@edu.tbz.ch"|"4K2oAh-HQ#gRh-fE9KQf"
"naeva.kalderon@edu.tbz.ch"|"oOR8l8-Rx4NB$-GWF$rN"
"anais.oshesnan@edu.tbz.ch"|"0$EChX-%0AYLu-qmI&%2"
"judicael.anelay@edu.tbz.ch"|"Ge4KhK-uH5@&7-A@Fjxl"
"eloise.braxton@edu.tbz.ch"|"$tec5R-ymVEXs-GSD3Gx"
"desiree.greguol@edu.tbz.ch"|"pIC9M@-jfECqh-DN7s3f"
"maite.mcclenaghan@edu.tbz.ch"|"wZ1eRG-VTkAjf-qTsgHa"
"meng.doret@edu.tbz.ch"|"VqQ%4y-%NKBh&-eK8Dpi"
"frederique.chippendale@edu.tbz.ch"|"CUHpFn-08HT2h-EE6NvI"
"andreanne.lanney@edu.tbz.ch"|"0u1Xsb-2kQ3RP-UTAlHk"
"aurelie.claus@edu.tbz.ch"|"9xNimz-jV9@jP-IcI82j"
"renee.pabel@edu.tbz.ch"|"Hnr%2q-WHtOD0-NDvpNu"
"maena.roust@edu.tbz.ch"|"3FuSd#-r&Dl$L-Rsy9j1"
"nadege.carwithim@edu.tbz.ch"|"gafMPZ-wl5tRf-nfqroO"
"solene.geyton@edu.tbz.ch"|"UL2Q2$-&KAjBb-vjmOH$"
"dafnee.avraham@edu.tbz.ch"|"rGeHW5-j62Xx8-fpjz02"
"leane.woolvin@edu.tbz.ch"|"k$B7GI-JfnxY9-UFXuWn"
"adele.macadie@edu.tbz.ch"|"rLWKGQ-#C$CEI-5bDqcc"
"meline.rubica@edu.tbz.ch"|"9$u%6w-6GcfgR-W#7Y$H"
"marie-noel.speeding@edu.tbz.ch"|"A9mY3W-qykH$v-B8kdjD"
"nelie.mix@edu.tbz.ch"|"iuzFtS-JakIW3-M7Lh1@"
"clea.ollett@edu.tbz.ch"|"lETwP5-3VWnkM-NWgo#$"
"leandre.mcgavin@edu.tbz.ch"|"KO32g%-aUCBmR-paX4zo"
"cecile.behne@edu.tbz.ch"|"4jNcZv-sLdeRI-jprZqm"
"melanie.polle@edu.tbz.ch"|"EvXcmD-gdsEst-ufS6%K"
"marie-josee.titmuss@edu.tbz.ch"|"rXQYUJ-9dF1$x-8845hF"
"helena.guest@edu.tbz.ch"|"dNLpht-12SsKQ-bYPyyY"
"annotes.chicchetto@edu.tbz.ch"|"BOn0xD-no%rlr-d%Dysz"
"melia.tubb@edu.tbz.ch"|"4VYaE1-$zq7B6-1aPer6"
"angelique.casetti@edu.tbz.ch"|"Z@G9Ed-ff0C1K-SuMzCC"
"cunegonde.cleall@edu.tbz.ch"|"N8OnfH-zykTBb-W1DpMJ"
"camelia.oaker@edu.tbz.ch"|"yJ&WBL-7Imacu-TVXkJo"
"you.searight@edu.tbz.ch"|"vNuwdZ-4G7zGI-3MQG8B"
"kevina.dederick@edu.tbz.ch"|"OvzJzJ-7xT@kJ-VzNrvM"
"milena.jeffrey@edu.tbz.ch"|"9Ja$4G-d5gtpV-Q%HGSS"
"melodie.barkshire@edu.tbz.ch"|"fKLrDr-mPUE7u-hcYWD#"
"gaelle.kreutzer@edu.tbz.ch"|"b&fuhw-68vEgx-4qWGj8"
"kalliste.kleinpeltz@edu.tbz.ch"|"2Pb$VF-lnIU9q-b@KYyW"
"clementine.danat@edu.tbz.ch"|"bf%ItV-Xo$STu-08v#M9"
"andrea.wabb@edu.tbz.ch"|"VnM@yF-zjuKAy-DNe7li"
"geraldine.piesold@edu.tbz.ch"|"R7FcBH-5#RWxP-HZ8aif"
"tan.fiveash@edu.tbz.ch"|"fM7WTD-GOo8J5-Fu5hO8"
"meline.yuranovev@edu.tbz.ch"|"Bs176I-W$oyuR-h6bzda"
"therese.holme@edu.tbz.ch"|"@yVmlC-anlxF4-#upqN#"
"salome.vaney@edu.tbz.ch"|"YGpahP-xiCVjG-yVM%ej"
"anae.abramson@edu.tbz.ch"|"o$0F&P-u&LWXl-Wu0yyc"
"kalliste.jimson@edu.tbz.ch"|"2$vycx-rudtIK-vnmyzB"
"selene.yole@edu.tbz.ch"|"#6nUNf-DbCuBx-PxEHIK"
"agnes.defraine@edu.tbz.ch"|"5x$yEo-svgtWl-9YFl1j"
"faites.mccluin@edu.tbz.ch"|"7Xw%Z1-%bp7ih-$eC#%u"
"athena.deme@edu.tbz.ch"|"Zaa%TT-0JNvzw-Eix9GR"
"daphnee.brigstock@edu.tbz.ch"|"oebv$i-PLy1vx-QAbVAM"
"goesta.skaif@edu.tbz.ch"|"giauxJ-B5pWoE-QQ1Xte"
"oceane.jagoe@edu.tbz.ch"|"TU3SVA-5FFsgI-CeIRx#"
"annotes.broomhall@edu.tbz.ch"|"sgHPdK-#VV#hI-rYCjmY"
"marie-eve.ballendine@edu.tbz.ch"|"B8Bj9l-Hc4gVs-aw#u7t"
"melina.spykings@edu.tbz.ch"|"EF$n0e-tf9gqS-tGjcCW"
"laurene.ticehurst@edu.tbz.ch"|"Ls1w5b-27SkbG-v7W%u$"
"fei.avramovic@edu.tbz.ch"|"OuGOgS-ScgeuG-NOzZSL"
"publicite.strathearn@edu.tbz.ch"|"MsP5qM-VrFSE0-O9zjsp"
"torbjoern.garrow@edu.tbz.ch"|"iPh#dN-ghcRR1-AuYyyE"
"chloe.rubinsztein@edu.tbz.ch"|"r4kDLl-uSIrMk-sjKY1g"
"mylene.demanche@edu.tbz.ch"|"PIy%tO-51ayLb-1T6RrR"
"mediamass.godlonton@edu.tbz.ch"|"$mdLkX-DjvGaX-@%DT9c"
"renee.shurrocks@edu.tbz.ch"|"ZWqUFv-iy0l3w-Q%FMDm"
"maiwenn.jedras@edu.tbz.ch"|"9W6VUi-Gl&NXx-q5VmMH"
"genevieve.castells@edu.tbz.ch"|"tTCiqA-lFZ7La-H51T8E"
"renee.sneden@edu.tbz.ch"|"pOgsl%-NWizCb-7NEHpD"
"lai.mccallion@edu.tbz.ch"|"%hSkDb-8eNzw@-XSLCxU"
"kevina.impleton@edu.tbz.ch"|"IhuTtf-vHqL3U-J6y#IL"
"oesten.fresson@edu.tbz.ch"|"K1LomI-sIMBga-7gNJIL"
"verane.shawley@edu.tbz.ch"|"p8kCjq-feTjZr-0zucj5"
"uo.sjostrom@edu.tbz.ch"|"VEeNhg-vaURzL-LIqFsa"
"gisele.gothup@edu.tbz.ch"|"KNT4QH-IwK4Gt-QbW81k"
"renee.beauman@edu.tbz.ch"|"D#nMqm-2iKbgU-XLjbi8"
"elies.loton@edu.tbz.ch"|"yfiyGT-Gw42xu-4cT3Mi"
"valerie.elsmore@edu.tbz.ch"|"HRTtdc-cMcPot-YIan3D"
"berangere.delafeld@edu.tbz.ch"|"h@wVLW-iEKIZR-ndMbHt"
"bjoern.schimke@edu.tbz.ch"|"YLivA1-9riSe9-$5zjZU"
"loic.ericssen@edu.tbz.ch"|"y$tMGq-YbDbnM-rmW2v7"
"creez.richarz@edu.tbz.ch"|"KNTvTV-8#e1mM-a4%0d#"
"athena.grocott@edu.tbz.ch"|"013$ZQ-$a3u%F-Zzb9RX"
"naelle.piotr@edu.tbz.ch"|"M%Y9mq-TGpMFh-dElbxK"
"maella.paulson@edu.tbz.ch"|"&GHbjN-TC3vc%-UMdNyf"
"song.perot@edu.tbz.ch"|"vkENxf-Xf1pKl-5MQn3m"
"kalliste.heckney@edu.tbz.ch"|"f77jzb-WWn0ZF-CFVCq7"
"ake.vasyutkin@edu.tbz.ch"|"YRsHGN-%uOUCX-TmLmXU"
"ma.castles@edu.tbz.ch"|"#nbtqo-C4iYDj-hR5k9s"
"maely.monget@edu.tbz.ch"|"ToJsAB-7FbC8r-DX3wMX"
"tang.durbridge@edu.tbz.ch"|"4%l8we-3D8QH0-w2z4Bs"
"laurene.andrew@edu.tbz.ch"|"4$sEBr-hRCOgJ-nUYFaR"
"lysea.beacon@edu.tbz.ch"|"B1E3vz-O@WCi2-&3Sv#c"
"leandre.peyntue@edu.tbz.ch"|"ZT%fcq-@bK8%g-$#7XAF"
"rao.trever@edu.tbz.ch"|"y2HDsx-K9caWB-W%v3Gv"
"mahelie.streader@edu.tbz.ch"|"CZTKyC-CjEu&D-kkMz4N"
"maerta.andrejevic@edu.tbz.ch"|"IJs$8j-XyKAB7-oX7MEC"
"goesta.tompkins@edu.tbz.ch"|"w4AYsB-V0Kqx1-#xbNwb"
"helena.agates@edu.tbz.ch"|"aBGc9%-4jb6P%-s$akE1"
"therese.glass@edu.tbz.ch"|"v5PK&L-vH8P7s-M55HRy"
"alois.foan@edu.tbz.ch"|"ms0KLD-e%0Uj4-aVgZ&8"
"becassine.melchior@edu.tbz.ch"|"c$26Nz-N4nrQz-hjG5Ak"
"cloe.robart@edu.tbz.ch"|"1t0ZIw-8rW09t-@zGt0U"
"daniele.puckinghorne@edu.tbz.ch"|"MFIADE-GhS9JV-9hRTr$"
"selene.cammidge@edu.tbz.ch"|"NW8c4v-6RgqyJ-Zc0VGX"
"regine.conochie@edu.tbz.ch"|"vWm88t-WS6jB&-oA0KXO"
"interessant.tuiller@edu.tbz.ch"|"Cn#t6R-9WaZup-dME1ji"
"long.tiebe@edu.tbz.ch"|"@FQ$TO-IA6gmP-0zwbY9"
"mans.yele@edu.tbz.ch"|"o6zVWf-p@e@A2-oCSRQo"
"ai.giles@edu.tbz.ch"|"V@#uWG-EFfSR@-1Rm#GU"
"gaetane.hamberston@edu.tbz.ch"|"Y4VtEP-mKyGEp-0Uc%8D"
"marylene.fenix@edu.tbz.ch"|"Q@9vx@-tq2IPA-F0VepN"
"geraldine.graeme@edu.tbz.ch"|"IhUgTK-zzsS7a-qso2if"
"tang.kinglake@edu.tbz.ch"|"Q5KK3r-wnVNGG-3JMH2T"
"lai.challoner@edu.tbz.ch"|"B6dfFz-RYswFK-UgYoZ9"
"desiree.mattei@edu.tbz.ch"|"GOn%io-Xcrkwl-9EnPzL"
"ake.erley@edu.tbz.ch"|"DwIzxq-%AwjiR-XSW&#D"
"edmee.cavil@edu.tbz.ch"|"nQ4Ww8-yC6A3u-zkJwzJ"
"alois.moyes@edu.tbz.ch"|"eBFB5X-M&o2ws-h6Zxkh"
"becassine.pitman@edu.tbz.ch"|"fqSHXU-owrYDl-EuLtUj"
"ai.giacovelli@edu.tbz.ch"|"&Eoje5-HQoLLs-Wsdcf6"
"judicael.fruchter@edu.tbz.ch"|"hx$CTK-p$LbuG-hz&w8Z"
"mans.mogg@edu.tbz.ch"|"tNY4mc-jiQ0xV-dLeXys"
"gerald.foyle@edu.tbz.ch"|"wyhJGB-6nFNyr-W8$$n2"
"wa.androletti@edu.tbz.ch"|"oh%@d$-U3O5Q#-i%CxHW"
"meng.ollett@edu.tbz.ch"|"&VI2sM-148w$2-pZoa$3"
"naelle.macmenamy@edu.tbz.ch"|"4Fd%oc-gE%apM-K@lK@l"
"gisele.mcramsey@edu.tbz.ch"|"mq5PaM-RSVVd1-gjoL2&"
"meryl.scolts@edu.tbz.ch"|"bjy#TK-muv7pP-wSvHzR"
"celia.bloxsome@edu.tbz.ch"|"cW85sE-eZN0@N-ETkR#6"
"styrbjoern.stuke@edu.tbz.ch"|"d1sSMA-ZAkD@@-bf2bJA"
"felicie.gwilliam@edu.tbz.ch"|"DNGWrP-SvndRq-QDOzpf"
"da.harms@edu.tbz.ch"|"clW8tL-6gX1Sv-z$wo38"
"celestine.baulk@edu.tbz.ch"|"lOLbt7-vbxGPO-a6s9HC"
"mahelie.blackledge@edu.tbz.ch"|"N98fEl-6Zp5q3-V17DKK"
"meghane.salt@edu.tbz.ch"|"M5Wdna-VEyLGv-t5y$Vs"
"methode.paxeford@edu.tbz.ch"|"BdQKR8-EFXhMX-JrVs$h"
"asloeg.milligan@edu.tbz.ch"|"jt9yU$-kg1x7V-HxAZfr"
"you.pellman@edu.tbz.ch"|"UMYua6-E850KG-bVnh9r"
"loic.regenhardt@edu.tbz.ch"|"i6g7tr-iLe0ma-qr&BRN"
"daniele.savill@edu.tbz.ch"|"Fv#yng-5Ge2LS-6#7mNb"
"alois.cornu@edu.tbz.ch"|"Ipvvwo-LvU6&9-bzV8mM"
"oesten.govey@edu.tbz.ch"|"ndac#S-9gwEIR-$$L8zf"
"marie-eve.louch@edu.tbz.ch"|"RDOGRV-U4ky2o-20jr8k"
"theresa.wenn@edu.tbz.ch"|"owhdxE-ywPAIY-oOm@gj"
"andree.eul@edu.tbz.ch"|"1zOtt7-CpvCJU-0XGxnv"
"lie.paynton@edu.tbz.ch"|"Fx9DzM-P3oy0Y-3O9aHo"
"marie-eve.girodier@edu.tbz.ch"|"86oAvH-ey$ihw-XmWrtr"
"marie-noel.smithe@edu.tbz.ch"|"2mI$MV-J@yGOU-5nhOJ9"
"men.bootyman@edu.tbz.ch"|"BVIFT1-oU@Zg0-zs9X5Q"
"ku.sugg@edu.tbz.ch"|"PIjxRj-Mm8FIE-C2dKil"
"lucrece.roseman@edu.tbz.ch"|"meaUi7-eOyJn5-vqZ6pW"
"zoe.annear@edu.tbz.ch"|"PHNgSP-WoVsh@-LXF0V9"
"marie-helene.rennebach@edu.tbz.ch"|"uRz$zD-JiZi@u-nqMlX&"
"lea.djurdjevic@edu.tbz.ch"|"A@$Yas-1fv9mj-fXlbrQ"
"goerel.robert@edu.tbz.ch"|"15z5NO-U@5c#j-BPxDZ1"
"mylene.foldes@edu.tbz.ch"|"oHZ9KI-u5wNE@-yWmlQK"
"faites.clegg@edu.tbz.ch"|"9YBCrX-vXLiz0-IRl8W2"
"marylene.crowcher@edu.tbz.ch"|"a24FFn-gA9#9H-DLHqMW"
"aimee.wimpeney@edu.tbz.ch"|"xpPIUW-huBhPy-&d4&ru"
"renee.atkins@edu.tbz.ch"|"gJuBhp-FhadPt-10LZR0"
"rejane.cainey@edu.tbz.ch"|"AX6rXE-p&qR5K-wFOnRu"
"solene.britney@edu.tbz.ch"|"bEDLdn-eu$3bR-yu3D4D"
"marten.shatliffe@edu.tbz.ch"|"&S#gmy-R%sPna-7p8RBV"
"maite.issatt@edu.tbz.ch"|"IeaCBo-4sVMWp-C2XI7q"
"maelyss.edon@edu.tbz.ch"|"9wnUWc-1&%vjw-N$lsNL"
"nuo.bamling@edu.tbz.ch"|"0@EA03-VoKN8J-irrQlw"
"anais.edards@edu.tbz.ch"|"KeKaDK-vsmeKK-r8ZRhD"
"mediamass.bromet@edu.tbz.ch"|"%Yj4yX-vHZAQi-CqT7qo"
"beatrice.kimbrey@edu.tbz.ch"|"&11Eo9-$wDguc-VE0#ov"
"ines.lawranson@edu.tbz.ch"|"#J7VdG-&#JPRW-Nx&9vk"
"kalliste.scandroot@edu.tbz.ch"|"@eyK&t-F3t67i-oOqECP"
"mans.barrowcliffe@edu.tbz.ch"|"8bzD8U-xfA1ae-bFMsWg"
"irene.couves@edu.tbz.ch"|"mD$onP-P$0LGg-XGudwg"
"milena.mucci@edu.tbz.ch"|"NOtMWi-9CAB6W-T7y%3u"
"naeva.cow@edu.tbz.ch"|"Iuw&RS-@@Lk9S-TYiBgH"
"audreanne.mournian@edu.tbz.ch"|"%&1PyM-H7BTV8-$Cy4PM"
"melia.sinnatt@edu.tbz.ch"|"2RDI4p-E3rJT7-9zrG#M"
"nelie.burnard@edu.tbz.ch"|"yuo2$K-fPik5p-363Cgh"
"clelia.ashfull@edu.tbz.ch"|"#QUgXg-gVusOl-M9OqN$"
"lie.macard@edu.tbz.ch"|"mimtCu-OMBo6i-yAWNgl"
"valerie.matoshin@edu.tbz.ch"|"#LGHLP-wh%CyX-tkBGzz"
"anael.hatherleigh@edu.tbz.ch"|"gxMhK7-ZLefMb-og9zLv"
"interessant.warratt@edu.tbz.ch"|"3mmk4m-Nts1qy-zT@7sx"
"eleonore.volage@edu.tbz.ch"|"qgnAXe-022k%w-5GAeVn"
"zoe.stebbing@edu.tbz.ch"|"$p6d7N-fpfa1@-K1Ri16"
"alizee.nye@edu.tbz.ch"|"FB6dwr-3rgunL-Spaivn"
"celestine.bramley@edu.tbz.ch"|"r#sVxv-BS@9r%-j3lwWC"
"selene.philcott@edu.tbz.ch"|"tXBtGe-z%zToJ-sr5K9I"
"tang.newens@edu.tbz.ch"|"lXz3oR-RUCEXG-0JSYI7"
"annotes.powys@edu.tbz.ch"|"R6F30i-F#Iu0a-2YqHUH"
"lea.matthesius@edu.tbz.ch"|"U653pK-x8dF9H-DJf1u4"
"illustree.garlett@edu.tbz.ch"|"vg1#rK-BgdxsK-gH%49z"
"maiwenn.meachem@edu.tbz.ch"|"qnmcze-EsGybK-07fDaJ"
"marie-francoise.mcbrady@edu.tbz.ch"|"3I@Sdw-hP818#-#1YNjm"
"illustree.gimbart@edu.tbz.ch"|"UiQVWn-SFfo44-6QrmHl"
"melys.lyosik@edu.tbz.ch"|"IBGDMt-Sn6Dk3-tRqi6m"
"marylene.mcnab@edu.tbz.ch"|"qKLKDL-oi%Scv-OZ#4mr"
"gerald.blount@edu.tbz.ch"|"d7Q%WY-vVyb0p-gf&ULm"
"clelia.shakelade@edu.tbz.ch"|"Nfv&ou-#jJsCC-dIJ5m$"
"penelope.cridlin@edu.tbz.ch"|"rcW8rx-kyPU8i-@8xjjV"
"maena.okuddyhy@edu.tbz.ch"|"F8JJos-AXuc8C-pitHlr"
"athena.keynd@edu.tbz.ch"|"UW&@r8-4umuBo-E&yKN3"
"cloe.dwine@edu.tbz.ch"|"rr9Wsn-mAJole-FM8B6G"
"josephine.browett@edu.tbz.ch"|"RzKFty-A9nkZz-cd2V3I"
"audreanne.oscanlon@edu.tbz.ch"|"Ud&q7$-QBdKnx-0Uwbzr"
"fei.jeanequin@edu.tbz.ch"|"fJJXxw-IaMM4p-KOTRv5"
"lois.gormally@edu.tbz.ch"|"RbZiOY-dW1Gff-c5KOfZ"
"marie-francoise.finnigan@edu.tbz.ch"|"&XWmJy-NlOPL$-#&UC5e"
"leonore.trussman@edu.tbz.ch"|"wZXHbZ-56qVLy-dc3xCt"
"anaelle.trumper@edu.tbz.ch"|"YR8X3$-hxIUUO-nPqQvK"
"clemence.dionis@edu.tbz.ch"|"hCzWoJ-n2IOSf-LgGBSJ"
"lois.tranmer@edu.tbz.ch"|"ngP7M4-WYYu7K-wJfCMi"
"interessant.volett@edu.tbz.ch"|"C5i$Tp-xpQjpj-pWLxlM"
"personnalisee.deackes@edu.tbz.ch"|"kzPr1A-l6AIE3-0ZmsLA"
"lie.vasiliu@edu.tbz.ch"|"qdaqFN-I%j0cD-DbyXME"
"dafnee.lamputt@edu.tbz.ch"|"hOBEfv-Y#NFFc-Hj8Q0J"
"elies.bromige@edu.tbz.ch"|"VHqZNZ-&uAVXb-5qOjnh"
"helena.klosser@edu.tbz.ch"|"qfUnnT-$6ZXB@-Rph1e&"
"andree.grim@edu.tbz.ch"|"AZkeeP-W#GCMv-Q1p2WU"
"verane.coldbath@edu.tbz.ch"|"R1cvc1-jgFadr-jTwKVU"
"helena.bethell@edu.tbz.ch"|"Z62KCt-Z9YXvw-4dibYf"
"kalliste.carefull@edu.tbz.ch"|"B&C32&-Y9sarb-Zb1dHz"
"regine.odams@edu.tbz.ch"|"#C709x-xpDIgU-dJpptd"
"len.stannus@edu.tbz.ch"|"dSCnxI-TmGedM-9YBrzq"
"angelique.works@edu.tbz.ch"|"7KxG4S-&xmmli-62%iC&"
"goesta.rheaume@edu.tbz.ch"|"aZmqKw-5@J@C@-S&G2yW"
"maelys.tynnan@edu.tbz.ch"|"ZoZ7BP-sozcIL-tI3@G8"
"maelle.carlesi@edu.tbz.ch"|"ktL86m-EQ1U8k-eo4&NZ"
"anael.spurden@edu.tbz.ch"|"dGKJST-vF%8K3-#G@UNL"
"helene.pumfrett@edu.tbz.ch"|"G4u4ko-atxGs9-nbVi3a"
"goerel.pearn@edu.tbz.ch"|"cPir5Z-4a%DYq-xTF6PH"
"laurelie.dezamora@edu.tbz.ch"|"tTs9yA-6ineC8-gi8bgq"
"yao.twidale@edu.tbz.ch"|"2RUMz#-@c5i9s-Gv8dLW"
"berengere.sola@edu.tbz.ch"|"1IWva7-29o$CO-VuIrUq"
"maelann.hardistry@edu.tbz.ch"|"wsy7GC-cLgVZ7-Jwf3Re"
"severine.littlefield@edu.tbz.ch"|"J4Aia%-wd$XtP-ZcnxoX"
"salome.heinl@edu.tbz.ch"|"#1NqPJ-N9nDRy-6AAP8u"
"meryl.warbey@edu.tbz.ch"|"by0jO%-q%KNw7-573yCb"
"da.hunstone@edu.tbz.ch"|"l0aQ8t-&vrw2R-#3Ie7m"
"venus.broadbury@edu.tbz.ch"|"Go0UI8-lvdRGi-g&2d2V"
"meghane.rentelll@edu.tbz.ch"|"@MWIbE-%8mhj7-87Ubbw"
"marylene.drewitt@edu.tbz.ch"|"t&hvXE-6ejt@d-a8YFu&"
"melinda.jacquemet@edu.tbz.ch"|"6AZB$b-45gEt8-&HxdFN"
"marie-josee.keyden@edu.tbz.ch"|"YAhapH-xtGD&$-XOXC7&"
"asloeg.montacute@edu.tbz.ch"|"$rJK8e-bYEGk8-p$uxTf"
"ku.andreou@edu.tbz.ch"|"xp1oXx-ZQGEOK-YTZC@G"
"personnalisee.feaveer@edu.tbz.ch"|"AL1Cn8-7T6yR2-jExw@F"
"laila.emptage@edu.tbz.ch"|"BGrXzb-X&@UbV-GgRijx"
"bjoern.dawdry@edu.tbz.ch"|"8lCgB7-uVKg5t-BCu@&Z"
"marie-eve.dinsell@edu.tbz.ch"|"loEXNm-BJtTsD-eqKMK7"
"helene.follett@edu.tbz.ch"|"QaAuB@-DLaCQ5-2jNPQI"
"penelope.cordero@edu.tbz.ch"|"Lv3X2%-HhTi0g-BJ0a4n"
"boerje.beedell@edu.tbz.ch"|"RjS49v-VYpT$Y-hDYD50"
"nelie.ferne@edu.tbz.ch"|"Elt0&H-HpT%Dp-72FccD"
"celine.ahmed@edu.tbz.ch"|"xBUkdx-f1OZYG-o$Pdvy"
"stevina.pimblett@edu.tbz.ch"|"GmS@OT-RSNTFd-ucvXzp"
"chloe.langlands@edu.tbz.ch"|"N6Kbv%-UXFrfa-WyQP2S"
"simplifies.maude@edu.tbz.ch"|"CBAf@j-2ZtHI8-3Jw&7w"
"genevieve.decarteret@edu.tbz.ch"|"ZgM4lR-ikOB0p-2%TuXK"
"marylene.mughal@edu.tbz.ch"|"q%iWh@-DiOVlY-LZdhEM"
"goeran.guttridge@edu.tbz.ch"|"i3vOwV-Hx5UU1-98ggyo"
"michele.smurfitt@edu.tbz.ch"|"b@lbEX-c17D5w-u5Q0z8"
"methode.hadeke@edu.tbz.ch"|"jD7RBO-S@mBK8-pECZdc"
"therese.rispine@edu.tbz.ch"|"I6hW5n-@IYp%l-YSykKD"
"goerel.plumley@edu.tbz.ch"|"qIsOd2-zp5#ho-bw&oYw"
"oceane.friett@edu.tbz.ch"|"mA3h4S-Q9Y8YS-@Zp&kL"
"marie-noel.achromov@edu.tbz.ch"|"7@2S&e-&bgii3-@lZPHI"
"dorothee.storek@edu.tbz.ch"|"DWJlUI-cJCrHx-ZCeurz"
"goesta.whittle@edu.tbz.ch"|"qrgaSp-zNEuYe-t1K#Pk"
"desiree.casely@edu.tbz.ch"|"UQN32f-08cEpg-HtCmfS"
"felicie.condon@edu.tbz.ch"|"ocReKO-ze&7o$-8TO2&s"
"maelyss.frisdick@edu.tbz.ch"|"2ZjY1x-Tz99i%-2bH3o%"
"aimee.banke@edu.tbz.ch"|"J7j@Lq-9MqesL-Rtt2@3"
"naeva.hodcroft@edu.tbz.ch"|"dJc08q-FFOqUQ-f7Bnlt"
"laila.gerrans@edu.tbz.ch"|"F@pUL1-WUooYm-9CriQO"
"daniele.scrimshire@edu.tbz.ch"|"QyghEx-@H6MNi-sizHMQ"
"daphnee.sheerin@edu.tbz.ch"|"Qr4vmw-qXmUT2-o#tURW"
"pal.vanyukov@edu.tbz.ch"|"N&XhgV-eZHVOg-mm&WuQ"
"zoe.childs@edu.tbz.ch"|"TYQERG-odvL7H-D#Hoof"
"ai.corde@edu.tbz.ch"|"Hw3T@6-@%QcSf-zwn9m3"
"maelys.berryann@edu.tbz.ch"|"zOoryO-YYbaTZ-tH6MqA"
"cloe.gladding@edu.tbz.ch"|"ipTBLc-Jx8FPl-gs5YtF"
"wa.kinnaird@edu.tbz.ch"|"VIOjCI-g6TAwe-3$4Iis"
"publicite.brittoner@edu.tbz.ch"|"%c3y8V-IENH5w-FvTs4#"
"rao.windress@edu.tbz.ch"|"86nYP4-npvY6f-$#qVTx"
"uo.kollach@edu.tbz.ch"|"GfEra7-yFmWzO-pTjJVx"
"josee.peskett@edu.tbz.ch"|"0YOHUh-pg$5aO-sLzjis"
"annotee.hasel@edu.tbz.ch"|"Pqo1VP-cQA$Zk-tnuBN5"
"cinema.lee@edu.tbz.ch"|"#Qg%yq-41&BpU-%8fhl6"
"lai.vedeshkin@edu.tbz.ch"|"19x&pu-0VqkzI-doZ7e4"
"renee.brisbane@edu.tbz.ch"|"$nute4-nilVNm-zIPTDZ"
"ophelie.blincoe@edu.tbz.ch"|"DFgzl@-t#jcmZ-oJVP47"
"zhi.prazor@edu.tbz.ch"|"pKmtwg-J1LL9n-YSITFv"
"annotee.maddicks@edu.tbz.ch"|"ep@@9U-0pTRxW-vxSpJp"
"maelyss.codd@edu.tbz.ch"|"KTEi6L-f5aMJ%-jCxMOl"
"celia.peplay@edu.tbz.ch"|"@MU6&s-46ohKU-La$@iU"
"interessant.skone@edu.tbz.ch"|"zln8OI-m4r1EN-@HvuQp"
"audreanne.hebdon@edu.tbz.ch"|"ASaoua-snWrb#-sDGGoQ"
"oceane.glen@edu.tbz.ch"|"04ydqw-k@kBJF-WKSb9&"
"daniele.vanyushkin@edu.tbz.ch"|"dS4sMr-713o@z-k$IqJT"
"daphnee.ayce@edu.tbz.ch"|"Mcmhf#-KJ%$2V-rY5v5M"
"andrea.attride@edu.tbz.ch"|"@sX@36-#XqaSW-u2bsyd"
"penelope.bridgwood@edu.tbz.ch"|"nSt14Y-huYN3B-eX4k3A"
"mailis.drewitt@edu.tbz.ch"|"SP8nJT-XpMBZX-#t88C$"
"penelope.mollene@edu.tbz.ch"|"22Sh#%-3NJcCd-WpS&7U"
"illustree.keely@edu.tbz.ch"|"r7RwcC-Dn#k&m-fFg&7P"
"meng.brisseau@edu.tbz.ch"|"6f@ROz-962HHT-6Ij%5z"
"ruo.cleiment@edu.tbz.ch"|"FnOkhV-RPwIZs-yc@6Sb"
"maite.krammer@edu.tbz.ch"|"m3a$b1-pc0m1n-3B0BcZ"
"genevieve.verry@edu.tbz.ch"|"ICnD$s-Lp&NHS-BJKAFH"
"lea.olochan@edu.tbz.ch"|"&l1SXV-Ee1VdQ-&EJ%w2"
"naelle.brunnen@edu.tbz.ch"|"UPsTHj-XoJmOz-ltnd3r"
"goesta.bragginton@edu.tbz.ch"|"c4KsRO-8FDrFc-dWsTR4"
"fei.danilyuk@edu.tbz.ch"|"GBQgC9-2UEHtm-E7TShb"
"adelie.turbitt@edu.tbz.ch"|"RsB$Q4-U%tdgY-ZvKUfV"
"marylene.nutman@edu.tbz.ch"|"gGnshA-DpbMu#-Vu4dux"
"therese.barbrick@edu.tbz.ch"|"riWAml-MdElj4-euClMc"
"melys.kolodziej@edu.tbz.ch"|"ag@dKl-LzcBAs-8$RccO"
"melanie.runchman@edu.tbz.ch"|"mDwy#h-E$Ud5N-mheLRx"
"serena.lafond@edu.tbz.ch"|"kgqZej-%%xQI2-tV0#re"
"pelagie.desmond@edu.tbz.ch"|"rQmi%r-BVvQip-zUD2Y2"
"wa.spickett@edu.tbz.ch"|"xH5YNm-HEtR8e-C$Ka%X"
"po.shave@edu.tbz.ch"|"XBs9f3-T2d6hE-haKPV2"
"song.huikerby@edu.tbz.ch"|"hQqxnC-qmZGcC-SFdila"
"melinda.bimson@edu.tbz.ch"|"9#TuKY-NmFwyX-K&2zA&"
"personnalisee.toffanelli@edu.tbz.ch"|"As18&2-I8d&Sw-Z$i&R@"
"leandre.hurn@edu.tbz.ch"|"7dZZcM-D48fpV-Y5gGxf"
"oesten.standell@edu.tbz.ch"|"djUkj9-WbEuTm-zRm69P"
"naelle.smaleman@edu.tbz.ch"|"JPCt9H-i2nWAZ-7FHrkc"
"berenice.tayt@edu.tbz.ch"|"@ms8bM-%vm3Hb-5V$U9l"
"kui.popplewell@edu.tbz.ch"|"rTHAcA-6yHhQ3-AqKI9J"
"melodie.ferandez@edu.tbz.ch"|"@xFOLL-UF@9FC-MwjulP"
"josee.negal@edu.tbz.ch"|"Abl9eW-jo6Gfh-9bZF1b"
"melissandre.ferrelli@edu.tbz.ch"|"1g0bp6-zifYGN-V6Q$fn"
"josephine.kemmer@edu.tbz.ch"|"wRm5WB-ExyRnv-iB944Z"
"maely.cayette@edu.tbz.ch"|"mo2GH4-Ns4@fa-7wLWVR"
"nelie.vela@edu.tbz.ch"|"2lz#v&-TCvH5I-hhHYdt"
"melina.cortes@edu.tbz.ch"|"rQqdv2-JU6DFS-HQVqz#"
"megane.leyshon@edu.tbz.ch"|"gaGi@J-Ie1ZVu-pRn6z4"
"regine.harrie@edu.tbz.ch"|"1X2xjH-1YfdOl-%B25MA"
"mylene.widdison@edu.tbz.ch"|"QJazYT-zVo3QR-Jwb9be"
"pelagie.vivash@edu.tbz.ch"|"UAsDdC-EJLbVW-T%cZ#a"
"styrbjoern.vicarey@edu.tbz.ch"|"p3C@YU-$FmmJZ-nI#6LO"
"long.kyles@edu.tbz.ch"|"kHSyzv-#CWxfC-rZNWpE"
"stephanie.gipps@edu.tbz.ch"|"@dyn@j-XOLApo-cqWITg"
"clea.constantine@edu.tbz.ch"|"BzM@LR-aK177D-T$cg$3"
"maella.cometto@edu.tbz.ch"|"jGoC6d-td&@1F-iRCk$h"
"laila.aubrun@edu.tbz.ch"|"L0itiR-rwcMSm-5bM1HA"
"yao.austins@edu.tbz.ch"|"GGLudG-LNTrKt-sAiiR3"
"mailys.rylstone@edu.tbz.ch"|"XyX$He-vL1aM@-xFHYro"
"adelie.curuclis@edu.tbz.ch"|"Ymu6Nk-EEODSx-eG@nqN"
"celine.longhurst@edu.tbz.ch"|"yClxgW-i5yJrU-XRFbfc"
"gisele.hazell@edu.tbz.ch"|"9&k4em-bYzCpP-%t@QX%"
"celestine.ciccone@edu.tbz.ch"|"kSwDB$-QlEz6%-mQcS$8"
"maelyss.doole@edu.tbz.ch"|"05zorp-5MjsJk-L945mj"
"helene.grimsdike@edu.tbz.ch"|"dZ1NE%-QZIgW3-uc5kKx"
"lie.macer@edu.tbz.ch"|"QCQkFz-r%3S3w-kb0Ubg"
"maely.izard@edu.tbz.ch"|"8PM@ku-zIjD9o-IIT3yn"
"erwei.breewood@edu.tbz.ch"|"E5JfD5-ysUp1&-ss%Vu8"
"chloe.woolford@edu.tbz.ch"|"fC&R$5-UMfavH-JsXHjz"
"cleopatre.turpin@edu.tbz.ch"|"b3P5th-gFaI7#-4$rU4r"
"melodie.surgison@edu.tbz.ch"|"vN3sH8-9dJLb8-u$j#8B"
"elies.leander@edu.tbz.ch"|"%hvoG2-rfUKia-O0JGH0"
"mediamass.reignould@edu.tbz.ch"|"CJEp0c-RwwZ8r-3i@46b"
"celestine.wasmuth@edu.tbz.ch"|"q2Uxxa-GMwCKg-aq7l@E"
"marten.jervis@edu.tbz.ch"|"njQVh1-9r#05w-nimmgU"
"daphnee.bour@edu.tbz.ch"|"bfjoiA-3$8jLA-OEs&20"
"regine.harlett@edu.tbz.ch"|"AIZm#K-0fhXuz-c2nkpS"
"noemie.macaskie@edu.tbz.ch"|"PGV&#k-%nvNBW-mbgvn%"
"loic.renfield@edu.tbz.ch"|"i#OkJh-gaufix-IV22$m"
"venus.kleinert@edu.tbz.ch"|"qtaIvb-R6h@sT-oJXkk0"
"marten.burlay@edu.tbz.ch"|"EOmGRI-NA#rod-qUJ5MB"
"berengere.radsdale@edu.tbz.ch"|"w#a3vj-a%qvML-jNnyMG"
"genevieve.duckit@edu.tbz.ch"|"pGAm$z-9LIhXG-3@sMd%"
"maely.ligerton@edu.tbz.ch"|"K$$o#n-zXWqRA-76NKNc"
"maeline.ricciardelli@edu.tbz.ch"|"J@WmB&-aFc1fv-02n$MC"
"personnalisee.yggo@edu.tbz.ch"|"m8P1@H-AJiP&W-y#qLFc"
"alizee.pettinger@edu.tbz.ch"|"VVOP3z-m8bqBx-Q6eyVb"
"desiree.curnnokk@edu.tbz.ch"|"KqEKdi-A0KmDV-%c$I0F"
"dorothee.minors@edu.tbz.ch"|"XVZJyb-nx38ER-%5PZg6"
"oceanne.kopmann@edu.tbz.ch"|"7G%T8C-YY9SuY-H0A0%r"
"almerinda.brodbin@edu.tbz.ch"|"kR8TSO-I9xGHw-THhqaL"
"yenora.carsberg@edu.tbz.ch"|"gi#FXS-JkUTjl-ISy@SI"
"wa.beetles@edu.tbz.ch"|"t0P0uO-NOV4pJ-6zg5g8"
"audreanne.abbot@edu.tbz.ch"|"#vLnvB-@&cRAq-wZwmWV"
"noemie.capper@edu.tbz.ch"|"lAIw90-R1Ombi-mR503v"
"mans.abramamov@edu.tbz.ch"|"z$1lve-EQhtP@-HZ%$mc"
"audreanne.blakey@edu.tbz.ch"|"Zh$gY0-&JTzqn-tY9vYz"
"leone.klimpke@edu.tbz.ch"|"advPlb-t0Hyc7-wukdSG"
"lie.croston@edu.tbz.ch"|"BDuB$0-cN8@jW-Tn1QBN"
"anaelle.baistow@edu.tbz.ch"|"AE%Bwv-bjZa%h-6IFM3K"
"michele.garwood@edu.tbz.ch"|"ge6@D%-Gq9bjo-FUJw44"
"interessant.albion@edu.tbz.ch"|"NSDVbI-OOiObe-hJKW2$"
"andre.brisco@edu.tbz.ch"|"teFLrE-6KjN@v-irabQE"
"tang.totterdill@edu.tbz.ch"|"AIdLjt-ztJwDq-nz6FL1"
"marie-josee.braundt@edu.tbz.ch"|"BtKVoL-4gewX0-UHsmDc"
"lois.galer@edu.tbz.ch"|"Zw55jj-wXIY%K-K$gC4j"
"faites.pellamonuten@edu.tbz.ch"|"xOxcfK-pG@THC-Zs2stS"
"mai.barfford@edu.tbz.ch"|"Yt7@J5-ASFGNZ-rE1WHH"
"laurene.macilory@edu.tbz.ch"|"#@8CTV-&Rn94e-%Cm55u"
"elea.peak@edu.tbz.ch"|"f85RXL-ztUU#q-4UNWEr"
"rejane.doni@edu.tbz.ch"|"6OA7sk-rQK0IP-BZV23L"
"mahelie.ector@edu.tbz.ch"|"pRmtFl-0gLQjN-qjjLRD"
"rachele.allum@edu.tbz.ch"|"S9dK&k-6sYnt&-oUTlBY"
"laila.gerretsen@edu.tbz.ch"|"$3MGmq-PHIciD-hcUhSk"
"ines.bowman@edu.tbz.ch"|"Y3w1KE-d%1V8o-njrKtj"
"publicite.barbary@edu.tbz.ch"|"6kX86e-kcU2SF-@kfbO3"
"mailys.smooth@edu.tbz.ch"|"ZE5F19-ec57Wl-Z7gOG#"
"mailis.huguenet@edu.tbz.ch"|"huAzqi-79ho#1-OnMER#"
"lea.ewer@edu.tbz.ch"|"CGjCjo-NHEaCb-VkYI9@"
