"email"|"password"
"melodie.vandervlies@edu.tbz.ch"|"lPD$CB-sSAuIX-DDeh$S"
"angele.edgecumbe@edu.tbz.ch"|"0P76QS-2xy8l$-GMS%xb"
"zhi.andreasson@edu.tbz.ch"|"o0XI4#-loxKiN-hSE1PD"
"judicael.koppeck@edu.tbz.ch"|"fL#rMV-&m9Drm-VvdDx6"
"berengere.capron@edu.tbz.ch"|"k9NFuv-5A9jFt-8DQ$1E"
"leonie.brosini@edu.tbz.ch"|"N@&&Q&-P01LCw-zq68bi"
"venus.garfit@edu.tbz.ch"|"Qspp%H-YUmY88-YN$&H6"
"melina.janota@edu.tbz.ch"|"mkQoDG-Rnzeie-qr3tsp"
"laurene.bake@edu.tbz.ch"|"&SJC7y-AA#cKq-AhK8Oe"
"regine.dorkins@edu.tbz.ch"|"G&q&6@-skoWEx-jW$HCZ"
"cecile.moffet@edu.tbz.ch"|"wux%7V-dta&a$-q8z2aS"
"maelann.labrone@edu.tbz.ch"|"7agCn8-GDr5vA-jI5hjr"
"melinda.newbold@edu.tbz.ch"|"Ffu$Nm-K$Dm80-YqLQml"
"mans.itzhak@edu.tbz.ch"|"X9yG5f-eci25A-qWoYFf"
"melodie.pattlel@edu.tbz.ch"|"uZZbi0-kITILZ-udGF4b"
"celine.bonett@edu.tbz.ch"|"rKsQmb-KRP6pS-aqv0gF"
"adelie.mcgreal@edu.tbz.ch"|"ZCqFLe-tpGtX3-k1MsG6"
"helene.soldan@edu.tbz.ch"|"6xUige-7TCPek-vAiEsn"
"michele.cluer@edu.tbz.ch"|"QhYACh-Zuwzd9-4xMpo8"
"maeline.mueller@edu.tbz.ch"|"qcl%5S-dHp9gL-zAxBLy"
"maelann.benedito@edu.tbz.ch"|"0StFsb-qH0cCn-ELV1O4"
"nuo.gransden@edu.tbz.ch"|"ngBXBI-BYSQM6-dzLV2E"
"berengere.stainton@edu.tbz.ch"|"1OzceJ-Zl68Kz-fah1HW"
"wa.sabater@edu.tbz.ch"|"NOCSt9-k9G3Jg-k8NHEj"
"anais.cochran@edu.tbz.ch"|"SGHSwO-I34Rk5-fIqCtv"
"gerald.bessant@edu.tbz.ch"|"ky4xCE-x57#Y&-&U1lZM"
"ruo.coffin@edu.tbz.ch"|"7nf@G4-MiF9Qk-&YvkrO"
"melodie.mustill@edu.tbz.ch"|"WUpjsZ-0eEhsD-HZCWew"
"ruo.stanesby@edu.tbz.ch"|"q#R7X6-DkxJGU-WDLQ8J"
"noemie.antognelli@edu.tbz.ch"|"TqZNl%-sICzjg-ZnqXgx"
"maelann.hughson@edu.tbz.ch"|"jQM#QB-%ybvP0-4#EvPS"
"milena.mieville@edu.tbz.ch"|"EF9Agy-E0uJmf-J$#ZRw"
"mailys.chamberlin@edu.tbz.ch"|"@2qO1n-AtrWg4-baf0Ds"
"nadege.tomalin@edu.tbz.ch"|"utblnq-5kZay@-hUFpeF"
"oceane.omara@edu.tbz.ch"|"j5HRvl-r5hk&a-ufqH@u"
"cecile.aguirrezabala@edu.tbz.ch"|"Ie8kiO-Im7YNo-ZBD1x7"
"maella.gwillim@edu.tbz.ch"|"z75LbD-VzWPyA-R4naix"
"lea.mcgahey@edu.tbz.ch"|"zFfYn4-avCkMw-7bT@zM"
"laurene.hagerty@edu.tbz.ch"|"H3V#MD-BYq#sz-PvDP4q"
"dorothee.link@edu.tbz.ch"|"LfwAc1-UR87ix-jWuIBK"
"clementine.kynsey@edu.tbz.ch"|"32Obv1-13Q6Ws-ApmWdQ"
"lorene.smitherman@edu.tbz.ch"|"5JDZ%r-fZxXfA-$bUkRK"
"cleopatre.klulicek@edu.tbz.ch"|"TR0STd-#6w4Pj-KOEqsB"
"laurene.castaneda@edu.tbz.ch"|"y8V&RD-rbvCj7-9@3BT%"
"melia.constant@edu.tbz.ch"|"pdG9XI-X%Wb8d-tBQdLZ"
"lucrece.clunie@edu.tbz.ch"|"o$kgp8-ljrj9d-Xnf0@r"
"eleonore.mcmurthy@edu.tbz.ch"|"mPa@Th-WfPm8T-cloCq4"
"melia.bevar@edu.tbz.ch"|"Eo2kDR-mK$91%-Jchg2W"
"camelia.bontine@edu.tbz.ch"|"Xhtxvp-YC&D2&-UOtNDK"
"methode.jozefczak@edu.tbz.ch"|"JSJ@Da-RV1b$x-1buruq"
"audreanne.hinsche@edu.tbz.ch"|"Tsc2Qh-#lSy&q-i7ff2f"
"andree.varne@edu.tbz.ch"|"vI#OnQ-WfSKp8-pp8qta"
"marten.kinleyside@edu.tbz.ch"|"Eh$p$T-VNEJJF-KyeGjQ"
"esteve.mcewan@edu.tbz.ch"|"zJ$Nyt-6@STxT-UiCODQ"
"leane.dibbert@edu.tbz.ch"|"1WvvMc-hNfjNw-D2I0x1"
"ma.thewlis@edu.tbz.ch"|"XqwQt6-n2uS#z-esSOg1"
"clea.djurkovic@edu.tbz.ch"|"i8Pi#J-qwanN#-QKnD%#"
"rachele.reburn@edu.tbz.ch"|"aY92cd-tp5%FJ-pANAa0"
"gerald.gowling@edu.tbz.ch"|"Ws@1$h-MlrYg0-bOzAgH"
"cleopatre.jackson@edu.tbz.ch"|"ooUHEp-EdzJ2z-Nxgz4R"
"desiree.haskins@edu.tbz.ch"|"NfqoK#-fN8kl@-i7jX1F"
"eleonore.longson@edu.tbz.ch"|"6fGJ7e-Hlw$#D-$y1k35"
"leane.dybell@edu.tbz.ch"|"9EBhqc-XION&L-qpif7x"
"becassine.grzesiak@edu.tbz.ch"|"%X1kmT-zOnxF9-@aDW#d"
"marie-josee.pickin@edu.tbz.ch"|"2WafrX-CTBpTB-yFHKjN"
"marie-josee.roxby@edu.tbz.ch"|"zoh%6Q-fopyfI-p4xsGf"
"leonie.feenan@edu.tbz.ch"|"lfJS0e-tt3Aig-$YHgBa"
"valerie.ellum@edu.tbz.ch"|"QS4DO1-F#eS@p-yj9q3h"
"ju.caseri@edu.tbz.ch"|"SnO6ti-nVPW$0-8XCt6I"
"boerje.strangman@edu.tbz.ch"|"AEpoOm-VXrOP3-QO3@eZ"
"beatrice.ghidelli@edu.tbz.ch"|"EwgYT$-%%RXOt-ogf7lc"
"da.jablonski@edu.tbz.ch"|"BcZc2f-dOtDng-xHpQ8l"
"uo.beveridge@edu.tbz.ch"|"8@bVTa-SOZg3x-%Fgngf"
"valerie.bestman@edu.tbz.ch"|"1zJef5-tNPY4v-0@Ks2s"
"marlene.pohls@edu.tbz.ch"|"BcbyKv-Fq3WI6-wC%XZg"
"ma.nolda@edu.tbz.ch"|"S2UNir-HmfZtl-7vdpTc"
"marlene.bisiker@edu.tbz.ch"|"IjSfiy-9ya&lz-YtU75x"
"estee.babon@edu.tbz.ch"|"szPXDM-eJ1RPT-@RDA7L"
"simplifies.dmisek@edu.tbz.ch"|"BNNkZ5-zVFVQs-qO0TdH"
"selene.ganing@edu.tbz.ch"|"b4tmbY-1xi$xo-jgVnUD"
"meryl.penke@edu.tbz.ch"|"eSX720-bl9cMt-0@gOUU"
"anais.rawcliff@edu.tbz.ch"|"iIfqzv-0LLPz&-fT&BC7"
"melina.andri@edu.tbz.ch"|"1U5YoQ-EzkvjI-NJ74yv"
"audreanne.fodden@edu.tbz.ch"|"LrNhw2-lMbQni-@@M6ij"
"bjoern.spellesy@edu.tbz.ch"|"Ht%yTB-kLQ0$y-O9Lteo"
"francoise.summerscales@edu.tbz.ch"|"Rv$0@P-$C7h1B-IYz92W"
"laurene.ashtonhurst@edu.tbz.ch"|"Cxhncw-gNBerK-IETc8T"
"valerie.petters@edu.tbz.ch"|"pP$N3F-5wuhXr-HKl#rc"
"anael.spenclay@edu.tbz.ch"|"jZ#$B&-UwfFQR-8ACwI9"
"stephanie.keech@edu.tbz.ch"|"bu5NFP-$Z40yF-G6Pxn6"
"ines.deveril@edu.tbz.ch"|"tvq2IO-2N25of-mtJao5"
"berenice.gelder@edu.tbz.ch"|"UHZoyR-P9Ag@C-8fedRK"
"melanie.ofogerty@edu.tbz.ch"|"UxV6e4-$vJZDB-Qw5Hw$"
"frederique.canepe@edu.tbz.ch"|"bdRxF3-dQrxoe-pzPiu#"
"nuo.otton@edu.tbz.ch"|"1qJLUn-rnctVk-iTxl4j"
"genevieve.trusler@edu.tbz.ch"|"NI&2O7-GjLpf#-Rl7saT"
"ju.boag@edu.tbz.ch"|"BWm9GL-quFmNe-5nK@Vc"
"josephine.dilucia@edu.tbz.ch"|"x7L7RF-cPa%LF-dm0Ztl"
"laurene.armsden@edu.tbz.ch"|"&EFD#Y-1@3sgM-PvBK6A"
"becassine.griffe@edu.tbz.ch"|"aqWV6D-uK1tmA-ls#sNk"
"alois.parres@edu.tbz.ch"|"PFS%B$-M$noeB-cVUWZS"
"cleopatre.gaffey@edu.tbz.ch"|"QL8mcN-Fd%1cm-3$$Bux"
"andre.stiger@edu.tbz.ch"|"nBVr4x-A&e5En-fMSP@y"
"beatrice.godleman@edu.tbz.ch"|"JPp54p-XPf1X5-EsFQ0J"
"hakan.harrhy@edu.tbz.ch"|"9@Rkp6-r@QIo7-aMt9&l"
"celestine.dagnan@edu.tbz.ch"|"xi#sy8-nr9%Pc-hq5G$D"
"clemence.haggart@edu.tbz.ch"|"TuaJYJ-UXo#UO-v7VbYF"
"long.caban@edu.tbz.ch"|"7fDIc4-8QxTv#-3evnez"
"gaetane.grimble@edu.tbz.ch"|"qZnoBA-5x0bve-cw2Oe9"
"maelann.piwall@edu.tbz.ch"|"#fEa%T-SokNmJ-sKaXy2"
"magdalene.loble@edu.tbz.ch"|"rZMOZy-#LGiFY-sAU4pp"
"veronique.domaschke@edu.tbz.ch"|"lB$K33-pHxu@O-8m%%qg"
"clea.herity@edu.tbz.ch"|"7#SLd0-$nf#as-d5BoMm"
"maelann.bambrough@edu.tbz.ch"|"hIIagm-NN633F-VAWAsN"
"clea.goulstone@edu.tbz.ch"|"KQyqoc-w&6D@a-flm4d9"
"renee.deleek@edu.tbz.ch"|"zHdBN0-zhE#OP-tdmGaG"
"boerje.rudderham@edu.tbz.ch"|"CSnTXK-HmawGz-J1wJnZ"
"marylene.broune@edu.tbz.ch"|"RYITL6-E&wOqV-baa1IE"
"nadege.mccuish@edu.tbz.ch"|"1BoWQ&-xvlXAt-P8k4qR"
"anael.littleover@edu.tbz.ch"|"dVhjdn-zz#EH8-Dhcvb1"
"lie.baume@edu.tbz.ch"|"i%j7lD-m4fk7$-$HJ5H&"
"maella.murrow@edu.tbz.ch"|"sNM%wr-pv4iWj-mTFlyW"
"cleopatre.pettifor@edu.tbz.ch"|"xc8RnM-sr@LPl-w4fzhb"
"geraldine.asker@edu.tbz.ch"|"IT@y6T-wVDnE@-3aIpeI"
"gaetane.smedmore@edu.tbz.ch"|"nlvq&c-DWOVl$-5PEMYR"
"meryl.blencoe@edu.tbz.ch"|"cL38cO-bZlwqq-&aQQwR"
"aurelie.chastaing@edu.tbz.ch"|"0#7l3C-p%YgDm-hvCicr"
"oceanne.marthen@edu.tbz.ch"|"@Ov3yZ-WjxLQ9-Up39g8"
"dorothee.burrill@edu.tbz.ch"|"q4BG49-ax67Y2-RkfPxP"
"hakan.belden@edu.tbz.ch"|"m1g9Wg-HEtBCj-U&rAUJ"
"celine.brunning@edu.tbz.ch"|"U7JFBE-mO0B4s-wT7QJY"
"anael.lapides@edu.tbz.ch"|"iO@uq8-eAMiGJ-#NNOMn"
"ruo.saffran@edu.tbz.ch"|"@uB1SU-KSQkyf-ls6%3t"
"loic.gerretsen@edu.tbz.ch"|"c1BGsg-YJliS3-wwwgZF"
"rui.fitzer@edu.tbz.ch"|"5@DY@U-FdAbMq-LfR6L@"
"annotee.ogers@edu.tbz.ch"|"3wXtdX-SxeM1K-nNTDfr"
"boerje.bindin@edu.tbz.ch"|"2cVFCC-EvOemL-x9J3GH"
"ma.cronchey@edu.tbz.ch"|"FzcTOs-PiOhuP-n%gTBz"
"laurelie.baiyle@edu.tbz.ch"|"2k&Qhw-oLnH3g-qt@R&h"
"dorothee.older@edu.tbz.ch"|"l#ma3j-WLzHuh-nKT6P&"
"laurena.wile@edu.tbz.ch"|"3wXm09-$IySwu-O2F1ha"
"clemence.brito@edu.tbz.ch"|"BE12IP-uYaqUe-P4IS&h"
"nadege.dallin@edu.tbz.ch"|"FP5sTa-#OR060-CV&bsq"
"mailis.matley@edu.tbz.ch"|"s&5UAj-wFQpOR-A5lUVn"
"daniele.screaton@edu.tbz.ch"|"hY87c$-UljW&v-$z19Ng"
"mediamass.godly@edu.tbz.ch"|"L0Q3IZ-INkfLS-E%lhia"
"leone.kremer@edu.tbz.ch"|"8FhTkw-voOXUu-RAW43$"
"asa.adrian@edu.tbz.ch"|"ts4mrC-bfPM5V-gWlC3N"
"adele.doley@edu.tbz.ch"|"h@DFZ5-Rfe1ew-J@v2JA"
"fei.sidney@edu.tbz.ch"|"%ACn6Q-yY#J2y-$JoG3h"
"marie-josee.walisiak@edu.tbz.ch"|"rlIAF%-KE#3j9-SnoI6V"
"desiree.diplock@edu.tbz.ch"|"2Atd3r-wYmE5B-TdCNAS"
"gisele.schust@edu.tbz.ch"|"FOtQGV-TAeJlm-kz36qJ"
"ma.longshaw@edu.tbz.ch"|"ampxjb-6X0OZ8-EHxiHb"
"da.boother@edu.tbz.ch"|"TV$eZV-eI95jP-RZJQ3P"
"simplifies.chaudhry@edu.tbz.ch"|"%WzzsH-sGyf9J-Tzf1wM"
"garcon.baniard@edu.tbz.ch"|"bncblC-qTWDVX-CqVK@E"
"gaetane.elphee@edu.tbz.ch"|"xWwD2m-EtpHfV-HqzZOK"
"gisele.hassey@edu.tbz.ch"|"2EEBdm-GSzU0Y-2EzH47"
"oceanne.booley@edu.tbz.ch"|"uyaBbC-Hi73Fs-WJs78v"
"oerjan.dibden@edu.tbz.ch"|"G0LGXH-MLOyiO-iwmwud"
"regine.ocleary@edu.tbz.ch"|"DhLQOi-3moA7l-JYRpgi"
"selene.persse@edu.tbz.ch"|"gsRX@i-WVFaRn-m%hGjP"
"helena.adenot@edu.tbz.ch"|"Fjhufi-QuwPmL-HI1GEd"
"maelann.wassung@edu.tbz.ch"|"m8cSP&-oNN&Ss-T%oh0K"
"frederique.ackermann@edu.tbz.ch"|"7JBglm-vQyAh5-liPl97"
"audreanne.kahen@edu.tbz.ch"|"xJ&tcU-w#4Tc3-&1OKgd"
"maiwenn.lasty@edu.tbz.ch"|"dteKan-ukoLLm-XOpN0@"
"yu.dictus@edu.tbz.ch"|"G&4s&o-agZGcD-50$XrP"
"anae.dukes@edu.tbz.ch"|"t&5fKT-w$zMQ@-nKjRqr"
"yenora.warr@edu.tbz.ch"|"FyiU3H-1PZchL-B3Oye$"
"esbjoern.archibold@edu.tbz.ch"|"rWBgi0-r6dACs-66i7K#"
"milena.pardal@edu.tbz.ch"|"ImHGxi-O1ykSG-wH5No7"
"celestine.graveston@edu.tbz.ch"|"1bc7e6-$Tb#RB-pZz52L"
"maena.dallas@edu.tbz.ch"|"itjmN@-hNyL%y-xBtqcQ"
"andree.tuke@edu.tbz.ch"|"0vux$&-Vl6HK8-YeTvmQ"
"methode.seldner@edu.tbz.ch"|"6CGrV$-POUe&m-9K3nhO"
"venus.bullas@edu.tbz.ch"|"tqDLe1-dq9WF7-P4uiSF"
"mans.aguirrezabal@edu.tbz.ch"|"&wOWh2-tPLRjC-4ARybm"
"gaelle.eadington@edu.tbz.ch"|"2mPe&y-jyuUBE-3Z4cd0"
"anaelle.falkner@edu.tbz.ch"|"aKSyKl-VCDkWe-kSPk6j"
"ophelie.height@edu.tbz.ch"|"%Dmt&r-c8VDmo-9J$&p4"
"marten.bolding@edu.tbz.ch"|"au&5P$-n3HpMO-EBtOvm"
"pelagie.guswell@edu.tbz.ch"|"H4h9zD-BYls$F-wJI3e5"
"gwenaelle.lecount@edu.tbz.ch"|"1kAf40-Vym@bj-&19CsU"
"hakan.laden@edu.tbz.ch"|"eN@QV3-m9@pKh-cvmX#c"
"marie-josee.hylands@edu.tbz.ch"|"Q24WoI-6RT4JD-2RkR3e"
"zoe.kingshott@edu.tbz.ch"|"2HB4Wc-fwWGzY-YGR9Ye"
"josee.janous@edu.tbz.ch"|"t3&k6P-91cPlB-yEbqcK"
"laurene.gallally@edu.tbz.ch"|"ExA#k@-GHCWQy-oBwso5"
"anael.bickle@edu.tbz.ch"|"d$34FH-BF$KoF-Nr@pj1"
"mediamass.lebbern@edu.tbz.ch"|"nXv#gt-T8xjvS-pzMlVd"
"berengere.hovy@edu.tbz.ch"|"tI8nyw-GhnWZQ-C#uzwO"
"oerjan.kilmurray@edu.tbz.ch"|"IuXdWj-EgptdQ-PSl98P"
"asloeg.venny@edu.tbz.ch"|"Cz6LqC-eTBVwd-s4fCVk"
"marie-noel.stoad@edu.tbz.ch"|"AoTbme-R%O7f%-XM$yu5"
"hakan.pettifor@edu.tbz.ch"|"NO8trc-%0DlSP-cnNTx8"
"maella.willgrass@edu.tbz.ch"|"ivibY&-x#sW2$-5rZKO4"
"therese.ludovici@edu.tbz.ch"|"t6noFX-t0lwbb-s$wyB%"
"stephanie.trewhitt@edu.tbz.ch"|"xxiAzg-9Gu59S-DZeP6@"
"maerta.bauduccio@edu.tbz.ch"|"@XRVPT-$VSXnE-eAIsLU"
"gaetane.glaisner@edu.tbz.ch"|"N7287a-HiV9p8-nk$kc6"
"naeva.pargeter@edu.tbz.ch"|"#DaVo7-89G$9K-TK6pVh"
"salome.venable@edu.tbz.ch"|"KBtRBz-6Csd4z-AcBOqI"
"boerje.thickett@edu.tbz.ch"|"rYHoL9-PN9PPA-707$kC"
"lucrece.prendergrass@edu.tbz.ch"|"w6vUK5-Xy$cqD-XS&XF7"
"laurene.ockleshaw@edu.tbz.ch"|"Fmd&ys-I@2b9m-NEFmLc"
"cecilia.pasticznyk@edu.tbz.ch"|"l2JSQ2-8YQA9G-YY7vTz"
"stevina.mackey@edu.tbz.ch"|"t&L3tW-WF5YsK-z2rned"
"marie-noel.reven@edu.tbz.ch"|"Rc89G9-Roafdy-iJT3i%"
"melina.quilkin@edu.tbz.ch"|"Jj#6Bf-Pz45&X-GXLtgj"
"marie-noel.ferrie@edu.tbz.ch"|"1Bf&&z-c$eGM#-hClnnl"
"leone.alphege@edu.tbz.ch"|"r4OjTh-Cxaesr-TXmXYa"
"zoe.leverson@edu.tbz.ch"|"xTNgOB-l&pWsb-TYTLs9"
"annotes.grayne@edu.tbz.ch"|"JN7Pqe-vTgi2y-GshFGl"
"faites.lalley@edu.tbz.ch"|"H&$%nx-qUZmXg-PKjtWb"
"adele.wallis@edu.tbz.ch"|"M#ISrr-eIbx0F-7PRxph"
"severine.madill@edu.tbz.ch"|"&I1cep-z$@vP3-bNzv@3"
"valerie.tebb@edu.tbz.ch"|"BtMRkt-qdz6ct-2HU3ou"
"kalliste.rasper@edu.tbz.ch"|"7Y99RQ-hubiHO-@fhPbZ"
"audreanne.palomba@edu.tbz.ch"|"ChJyxI-y%BEB7-9RI2EV"
"elea.adamik@edu.tbz.ch"|"nSxq$w-9dBdNb-tx@wU0"
"reserves.jakuszewski@edu.tbz.ch"|"Aj@qcI-R8ZBIA-6obfOU"
"athena.belhomme@edu.tbz.ch"|"mx4TBS-tggbzv-MqQHw6"
"rebecca.crippin@edu.tbz.ch"|"FL35FZ-%vCRt9-UyKliS"
"maiwenn.curman@edu.tbz.ch"|"@Wp#Jh-&XesiU-WJ33zM"
"andree.bunner@edu.tbz.ch"|"BPw#St-@WbSk3-Ce6r3Y"
"ruo.winckles@edu.tbz.ch"|"ioM9cw-gfQECJ-4TAR%%"
"naeva.buntine@edu.tbz.ch"|"fi2Cw2-2IiZ0K-LbLsxE"
"boerje.dollard@edu.tbz.ch"|"FeJfkR-lgIvvG-hU9k5W"
"penelope.gorman@edu.tbz.ch"|"ksIq$J-leF5Tv-3LznAQ"
"alois.robelin@edu.tbz.ch"|"YilE6T-UqFXXB-yPmjlI"
"anaelle.tindle@edu.tbz.ch"|"fpi4t3-HR48So-APly0U"
"ye.frears@edu.tbz.ch"|"LPkit4-5#YQsi-F0eDlP"
"andree.ovid@edu.tbz.ch"|"E1E7cL-jDc%bc-XZX976"
"hakan.peat@edu.tbz.ch"|"06mlZU-Vx@aaX-#k2fLa"
"andre.januszewski@edu.tbz.ch"|"r4PgsT-VpSY2T-$9Ul5k"
"annotes.clemmett@edu.tbz.ch"|"V29n&x-Z1SwyJ-Db3Jk#"
"pal.lambswood@edu.tbz.ch"|"0CiWR#-268m7Z-uGk88T"
"yao.lenton@edu.tbz.ch"|"iY%Zut-a$TX@V-CyX#Ya"
"hakan.boyton@edu.tbz.ch"|"fG@z2h-vLl7%c-wagTE3"
"nelie.forsey@edu.tbz.ch"|"gyi270-ZToK4J-AF6mjd"
"hakan.horche@edu.tbz.ch"|"SIvRay-Oyut%0-XwOfmg"
"lorene.sinkings@edu.tbz.ch"|"oz0Z55-euH$X8-uzHcZm"
"marie-therese.creddon@edu.tbz.ch"|"OqtCIq-T3b4va-ugKj2x"
"berenice.tolworthy@edu.tbz.ch"|"F6F0iE-r7PJkB-CYmqmD"
"theresa.land@edu.tbz.ch"|"ImyZM0-ivSA9a-k0kL82"
"marie-therese.gianilli@edu.tbz.ch"|"Ad4r2n-CeFfQ6-M@rf&C"
"meryl.glew@edu.tbz.ch"|"v725Wv-L9q4yA-f9&EDW"
"adele.debling@edu.tbz.ch"|"hgppr4-pASf&&-46Y0SM"
"anae.metzke@edu.tbz.ch"|"#Qk1Of-9A9vwD-JllXoY"
"gaetane.gooden@edu.tbz.ch"|"JU5zOd-N7z1By-uFBBN8"
"laila.bootland@edu.tbz.ch"|"O0Fuit-kH$iUO-vhuOg9"
"maite.helsdon@edu.tbz.ch"|"P62bix-ZX#vgw-@4eQuC"
"andree.malley@edu.tbz.ch"|"TXfTeb-2CMne3-%bxxA5"
"pal.simmens@edu.tbz.ch"|"c23vhS-5291KM-zJJ3MA"
"maelys.nuccitelli@edu.tbz.ch"|"NeytMx-TcYaUA-l25qt4"
"dafnee.sibary@edu.tbz.ch"|"KZFmlg-Gb5AKc-$noY$Q"
"alois.harsnep@edu.tbz.ch"|"fMyUcx-RnZId2-5lGOq7"
"marie-helene.lacky@edu.tbz.ch"|"xdMl33-hq1sQE-5yqWu%"
"mylene.youthed@edu.tbz.ch"|"y5yDQc-EPSUp&-QA8CqW"
"marie-helene.dehmel@edu.tbz.ch"|"DccVkV-#5c8dD-UHrDr8"
"angele.batman@edu.tbz.ch"|"&qeNgi-x@v&5Q-0Ko&#4"
"melia.younghusband@edu.tbz.ch"|"USsuTE-lJh4Yf-$AKL&N"
"eloise.baldi@edu.tbz.ch"|"SE2ZJ7-TWrAT0-MpJqo1"
"illustree.dun@edu.tbz.ch"|"mrOLCY-MDlg1u-p2XWee"
"genevieve.late@edu.tbz.ch"|"vPf@lO-nYkIrY-1nGQUk"
"celestine.colville@edu.tbz.ch"|"@182mN-DKjsNF-79gMbm"
"gwenaelle.scarlon@edu.tbz.ch"|"bC9iFR-FRgsl4-h@LkNG"
"regine.boddie@edu.tbz.ch"|"kM9dXN-iLDHXq-AaGIaI"
"creez.gaughan@edu.tbz.ch"|"&z197k-HM1%ll-wmmTJA"
"gaia.longford@edu.tbz.ch"|"0FoX$J-vR2tqK-iAEXsU"
"mailis.buckby@edu.tbz.ch"|"hMyuR6-QLVd5u-Dh5f4Z"
"song.parbrook@edu.tbz.ch"|"mduo@s-L8JDmL-WwmPFk"
"frederique.heddan@edu.tbz.ch"|"a@ORxX-b2T#UV-og445k"
"ake.kirtlan@edu.tbz.ch"|"y&uKPG-3Rl74u-FAl4Ih"
"nelie.runciman@edu.tbz.ch"|"RCqpNM-fNYUO5-ULXS7U"
"mailis.cardnell@edu.tbz.ch"|"08hixn-ji$zKo-oN&&@q"
"irene.navarro@edu.tbz.ch"|"leh2Bx-IeTOSW-#Wp7g2"
"maite.cough@edu.tbz.ch"|"mQ6g6x-zpcpr1-5t44J1"
"anaelle.stocky@edu.tbz.ch"|"&n#l0n-o4XKwy-w4xkF6"
"methode.moulder@edu.tbz.ch"|"iNmwbA-iW$Nod-ymmLPi"
"po.stafford@edu.tbz.ch"|"r6nUnx-@EI1vZ-29yh&L"
"faites.scraggs@edu.tbz.ch"|"tbHTgm-in8fMU-@iqTqv"
"adelaide.dullard@edu.tbz.ch"|"B&Zqy#-00ui9z-7m8V#X"
"desiree.leonard@edu.tbz.ch"|"woI0AD-7$@W&v-rN7NRz"
"geraldine.badgers@edu.tbz.ch"|"S#IVFf-DmmHtI-uphJlo"
"ruo.masic@edu.tbz.ch"|"gvYOn3-AosWVX-pFutv3"
"aurelie.lieber@edu.tbz.ch"|"%F4uxE-fSsK8b-8bappI"
"naelle.balcock@edu.tbz.ch"|"rL@VD$-Jx@nnG-Kap$yi"
"camelia.elger@edu.tbz.ch"|"1nVkzQ-H4@F0u-SAVaM5"
"publicite.oakeshott@edu.tbz.ch"|"5D4kvE-FZUEXA-Q94YCP"
"cleopatre.fawley@edu.tbz.ch"|"fjLf7G-qb0wqo-JSjPLp"
"laurene.bruckmann@edu.tbz.ch"|"S6BE2O-uo4AM@-X2a@Xp"
"rui.haughton@edu.tbz.ch"|"OmTHu8-WgwzJe-brGr@F"
"asa.ladewig@edu.tbz.ch"|"@Y63pG-akSUm2-sbhyfY"
"gisele.janecek@edu.tbz.ch"|"Fpcm%7-c2&uZU-4G@Gbl"
"maily.loveridge@edu.tbz.ch"|"DUldfG-dWCmwO-cPONUO"
"marie-eve.yurkiewicz@edu.tbz.ch"|"@U1fK8-&djCbJ-xSdDMK"
"fei.roder@edu.tbz.ch"|"jNqgUb-S$OtPd-avbEhh"
"edmee.chatburn@edu.tbz.ch"|"jwMME8-nFjtJ&-if85cQ"
"geraldine.darke@edu.tbz.ch"|"xjoIa1-$va4JV-az6L5%"
"ye.jira@edu.tbz.ch"|"#CFpIB-j&cxr6-@lLbGs"
"publicite.persent@edu.tbz.ch"|"OkmskK-#e9Ly0-1QUqzN"
"severine.wilcox@edu.tbz.ch"|"VGejGi-%zKpPM-8pKrvS"
"yao.mcclaren@edu.tbz.ch"|"1u&&sw-8mmkJy-&qZB5O"
"theresa.foynes@edu.tbz.ch"|"Hf4oqZ-zknP8b-ngqQgX"
"stephanie.isley@edu.tbz.ch"|"RPqUjs-d$oL#&-6U%dvZ"
"torbjoern.growy@edu.tbz.ch"|"jBz7YD-ZkwVzw-zRhjoN"
"eloise.tunnadine@edu.tbz.ch"|"57YxDJ-2a9e7q-QS3z5y"
"maeline.cossentine@edu.tbz.ch"|"oZDiMk-J4pEv5-WQWaR%"
"nelie.desantos@edu.tbz.ch"|"u3yC@Z-ZO28az-qtL#o6"
"gaetane.axston@edu.tbz.ch"|"J8NdCt-Yunj4s-MUAksj"
"aimee.merman@edu.tbz.ch"|"of468%-ycLn3S-V6sg0f"
"oerjan.drivers@edu.tbz.ch"|"V#O73G-m1@Y$C-PbnrKV"
"aimee.miroy@edu.tbz.ch"|"5PWjgv-rUFrx6-20uSk6"
"nelie.glyde@edu.tbz.ch"|"xUoueH-7whA3$-sGjBLi"
"hakan.kapelhof@edu.tbz.ch"|"GzO8%f-nSelsQ-QU&6Cz"
"maelyss.cauley@edu.tbz.ch"|"3S@MIf-n$mT0V-kjX266"
"elea.vaggs@edu.tbz.ch"|"ehR9xl-IyPLHJ-32UbXq"
"maelys.but@edu.tbz.ch"|"30kzxU-ymErta-d4B$9u"
"maella.arthurs@edu.tbz.ch"|"ch1r8b-yYBmC%-cCLNbK"
"adele.liebrecht@edu.tbz.ch"|"6e&y4k-BxIsuC-1y2FdS"
"meline.lomasny@edu.tbz.ch"|"%7mn0A-5HDDx0-&@cbyW"
"mediamass.schwant@edu.tbz.ch"|"hlsox2-EwZ6m4-9@&Ean"
"leone.saunt@edu.tbz.ch"|"ItT0C7-iuQ6cg-nZPUdV"
"annotes.gouch@edu.tbz.ch"|"GRkZ5p-#PpKQ9-A32iQ2"
"gaetane.bowich@edu.tbz.ch"|"dy03Fx-aO08K3-qLV98r"
"alizee.strelitzki@edu.tbz.ch"|"bwUOw4-l@$O6D-6xLSew"
"leone.poile@edu.tbz.ch"|"5HSRYP-hpO2mJ-ZbwybP"
"amelie.saban@edu.tbz.ch"|"y4v&bP-3n2mXX-ZKryOb"
"marten.mcmenamin@edu.tbz.ch"|"McvfHK-rV9Y0n-P&jKj&"
"becassine.keets@edu.tbz.ch"|"t0qUPb-hCkkJT-fCMEF#"
"celine.million@edu.tbz.ch"|"3tOetl-uZ6ud8-U4uN0$"
"geraldine.belitz@edu.tbz.ch"|"%NffY1-inIOTU-j&3$Ay"
"salome.mardling@edu.tbz.ch"|"kRaExt-6$8jN#-KKoX@a"
"melia.blakemore@edu.tbz.ch"|"3NHw%S-pVgmTW-LzW8H7"
"dafnee.mcaulay@edu.tbz.ch"|"OoW$4s-uPUXki-QnFjtN"
"garcon.dennett@edu.tbz.ch"|"LwkRYh-rnZyEb-pdI%g6"
"interessant.lesor@edu.tbz.ch"|"hjnz6Z-IjIjZa-imTPSF"
"annotee.wasbrough@edu.tbz.ch"|"On@y%n-N5NtNw-JX@xZ&"
"asa.ibbeson@edu.tbz.ch"|"rZ#8Q5-5bxD0K-1y12S&"
"maily.kennealy@edu.tbz.ch"|"hJ@L6R-J9nnZI-V3eYhK"
"ye.seares@edu.tbz.ch"|"rE&lHx-2Xrq#$-TGhleb"
"athena.harbron@edu.tbz.ch"|"uK2EGC-%DtS2t-m%NyL2"
"andreanne.portail@edu.tbz.ch"|"lRDOAZ-1XuXA4-0Uh85E"
"goeran.zannelli@edu.tbz.ch"|"krZO2s-bzthXQ-epK6GZ"
"gerald.leathlay@edu.tbz.ch"|"rRt6li-HGN%wI-McB8wq"
"andreanne.chown@edu.tbz.ch"|"$MCs4L-Ux3&Zq-QNs@nN"
"esteve.clementel@edu.tbz.ch"|"pWVHh8-rJ@MLc-UZvYtf"
"leone.legan@edu.tbz.ch"|"cW%16i-dBwLKO-0JI$Ag"
"maena.pownall@edu.tbz.ch"|"pH3d35-zalBg6-bJwvuK"
"andree.rettie@edu.tbz.ch"|"4gVDh4-rqEhUD-pCVO3B"
"ines.kenwrick@edu.tbz.ch"|"nOgc72-461qmz-sN$&RZ"
"marie-helene.yarnall@edu.tbz.ch"|"PokEI6-kQJQrN-5vSeFX"
"po.martin@edu.tbz.ch"|"TEYmMH-OSymqd-PjCRP0"
"ruo.celiz@edu.tbz.ch"|"BAX$L2-%@MVRt-i3KzL1"
"po.bissett@edu.tbz.ch"|"ipUbPU-nUrGRb-4&75Zu"
"du.swindon@edu.tbz.ch"|"G7eRRb-LO1y1O-FD077b"
"interessant.gouldthorp@edu.tbz.ch"|"XTfo#y-9P$D&C-B57VJ$"
"leandre.lilburn@edu.tbz.ch"|"swF0lz-6a6$Kk-bc$l6R"
"bjoern.whales@edu.tbz.ch"|"CKl9Bj-lT8Rey-rGFL9A"
"interessant.dieton@edu.tbz.ch"|"9RgZ7M-iQYqnS-ytGKVa"
"celestine.redhills@edu.tbz.ch"|"dnvigG-HYwYar-IphYVV"
"tan.yakovlev@edu.tbz.ch"|"BlQFnn-0S&Y9i-Uf%GKN"
"regine.mcdowell@edu.tbz.ch"|"prHTzn-A#5$TJ-yRgpCp"
"ju.coysh@edu.tbz.ch"|"#pZ7Gj-sGmGr7-I@rJaf"
"reserves.ofallon@edu.tbz.ch"|"eWJthC-x3ESH8-W@2FLd"
"frederique.sobey@edu.tbz.ch"|"dguA2v-aZlioC-iP9CW5"
"marie-eve.garstang@edu.tbz.ch"|"&87bWw-%eJhe9-mJfqRI"
"andre.tapin@edu.tbz.ch"|"4tfkeC-R%A7Ye-@4GV8Q"
"esbjoern.eynon@edu.tbz.ch"|"xZnzb4-5hd$DA-BiSqTB"
"maella.duffy@edu.tbz.ch"|"AKJ$lU-S@UVwN-HElZRJ"
"leandre.twinning@edu.tbz.ch"|"lUM#qo-KxRDNR-JcOut4"
"mai.whittingham@edu.tbz.ch"|"HiNZEL-F9UmKV-qtOvU2"
"rachele.shevelin@edu.tbz.ch"|"O7v0Gz-9T2TcE-noAB%S"
"cecile.mcure@edu.tbz.ch"|"AKz3KF-REta@R-pvHB5Q"
"marie-eve.yurkevich@edu.tbz.ch"|"dKWKDH-tv@JUs-YTKVK8"
"almerinda.paice@edu.tbz.ch"|"f&ybcq-@uSSzV-2Hx@Ph"
"rao.howkins@edu.tbz.ch"|"CGc1wr-Tag$IX-2&UE%H"
"serena.pack@edu.tbz.ch"|"#@zPQj-N64@eL-VPxp1f"
"rebecca.mant@edu.tbz.ch"|"JToT0C-w@JC4Y-XPjIjN"
"reserves.spitell@edu.tbz.ch"|"cR4#z9-TsqXLy-&GKL%2"
"garcon.hamfleet@edu.tbz.ch"|"$##d3%-2$0Od9-0S7O13"
"methode.kerkham@edu.tbz.ch"|"D0jSon-Hpz@5a-RfUhEw"
"pelagie.camies@edu.tbz.ch"|"K7wv6v-dRsLbb-e8DVxg"
"josephine.macpharlain@edu.tbz.ch"|"JLQJ9s-NQBcNI-gKSTXx"
"eugenie.mathet@edu.tbz.ch"|"BmLYaD-EbFXdb-n%bwsO"
"gaetane.brangan@edu.tbz.ch"|"yonMTz-C7bj5I-KUJaOp"
"michele.dewbury@edu.tbz.ch"|"c@FWZ0-Wtsbk9-5rSm75"
"eugenie.elcott@edu.tbz.ch"|"1APEIX-xEmNj#-2C0Zb3"
"megane.harniman@edu.tbz.ch"|"Af2IVd-B7Mlff-KrcnQx"
"agnes.cluney@edu.tbz.ch"|"5dY#MW-nXPu#@-%qgKNd"
"marie-helene.angear@edu.tbz.ch"|"F7k5NB-3k2N2C-KyCXJp"
"melia.dolphin@edu.tbz.ch"|"LBJ4MJ-mSHjip-#bfbh#"
"lois.ruseworth@edu.tbz.ch"|"orxz#1-d0RQoj-5pLY3i"
"mailys.ryding@edu.tbz.ch"|"opbgpT-1RMZNv-iVCtHm"
"rachele.wulfinger@edu.tbz.ch"|"U6Gscs-aT8oA5-hwy4qk"
"gwenaelle.talton@edu.tbz.ch"|"N64oTI-BIPkZX-PdtFa9"
"long.ronchetti@edu.tbz.ch"|"07VO8j-mzWIEs-PCtSX7"
"styrbjoern.kloska@edu.tbz.ch"|"p#IRI0-NeGqN$-uPbBxa"
"len.sudran@edu.tbz.ch"|"0u5B4A-xcPo9o-QWRTEw"
"maelle.andrysek@edu.tbz.ch"|"ya6Lx4-sMhzHk-4JTQV%"
"selene.senior@edu.tbz.ch"|"bCt8fL-OdzxJU-fpk5#O"
"anais.joskovitch@edu.tbz.ch"|"LX5E8m-X#&@X1-p#7mdM"
"marie-noel.dally@edu.tbz.ch"|"gpn9aw-YP00hK-WIortf"
"marie-helene.laurence@edu.tbz.ch"|"tze%t&-ki1utM-a%K0rZ"
"camelia.foxon@edu.tbz.ch"|"fOQEPI-LhQWCh-$kALi0"
"helene.cankett@edu.tbz.ch"|"$l8MPW-y@MAjF-d5sRz0"
"marten.mitchelson@edu.tbz.ch"|"YyM7gA-oUl5Rn-CnDpi7"
"helena.stirtle@edu.tbz.ch"|"@7TSKX-almwYN-A&$WNg"
"leane.barmby@edu.tbz.ch"|"ZtsxIY-AGkt8y-G0Y2@9"
"goeran.ofinan@edu.tbz.ch"|"ahkd$1-lG@yfL-6QbBlI"
"styrbjoern.proby@edu.tbz.ch"|"ida%mr-AWGlV%-IUgIb@"
"zoe.halse@edu.tbz.ch"|"bkZd0L-ER#e8S-9LL7&g"
"kui.drable@edu.tbz.ch"|"iNzan1-K4$MUE-rrTui5"
"desiree.bamford@edu.tbz.ch"|"0mtM&T-bsYNH9-WJXqM2"
"zoe.suller@edu.tbz.ch"|"U3HQMK-H1cfpz-CNsXA8"
"marylene.audiss@edu.tbz.ch"|"j5WsqE-$2C2kM-UROHGY"
"adelaide.poznanski@edu.tbz.ch"|"RvkNsz-vhj#db-#cbP@v"
"maella.coleyshaw@edu.tbz.ch"|"%tOwFP-P&bKjU-UIDt2D"
"marie-francoise.gelder@edu.tbz.ch"|"4TnEqQ-h4$lnO-DRRBaT"
"eleonore.chaffyn@edu.tbz.ch"|"ekW%hE-l#tlq%-cmbZmK"
"celestine.sikorsky@edu.tbz.ch"|"C$WSWn-8jIzxM-1#o0Mn"
"stevina.londsdale@edu.tbz.ch"|"czj3%y-FV30td-dX%0o$"
"maiwenn.nevitt@edu.tbz.ch"|"WWNRO$-kC@WoE-%&44da"
"magdalene.gerrey@edu.tbz.ch"|"8YGgcB-NjnQRu-fzaAeX"
"becassine.latimer@edu.tbz.ch"|"ONZDJs-i$mMIP-XHN7gy"
"da.lethibridge@edu.tbz.ch"|"rOxxjW-mCUC5X-bcN%&i"
"mailys.claige@edu.tbz.ch"|"2d9iOc-dSLsre-ly%18x"
"maena.torbard@edu.tbz.ch"|"p98uPM-&@B3xH-3TtZ3t"
"solene.lyvon@edu.tbz.ch"|"HGZTxM-xsbzXe-kQhpqi"
"marie-therese.benbrick@edu.tbz.ch"|"714AIs-QuJrIL-72rmyY"
"gerald.edmonson@edu.tbz.ch"|"YDuBF7-G%vOI3-P$DDPJ"
"ake.messruther@edu.tbz.ch"|"MnPDWE-uE5dBZ-P5#s@3"
"men.gosneye@edu.tbz.ch"|"U9c$ZR-0#Nd72-k0pr4Y"
"anais.jefferys@edu.tbz.ch"|"DoVIP@-$1Otbp-aHWng6"
"publicite.tregale@edu.tbz.ch"|"gHz1gC-@2BOVo-mk2P66"
"maily.santorini@edu.tbz.ch"|"A3TDzk-7OphCT-uIRkRE"
"ines.pioch@edu.tbz.ch"|"8smg4S-79FRW#-rXD1BX"
"noemie.marklew@edu.tbz.ch"|"g1Ljn6-pNejd9-9aVN@X"
"meghane.maccaffrey@edu.tbz.ch"|"YI6Lnt-6asmSs-tFBQ89"
"berangere.ambrogio@edu.tbz.ch"|"i6od@G-kQ9qgG-Ifi0L#"
"mediamass.ryce@edu.tbz.ch"|"x7LTlj-WCUjxX-FlKi@Z"
"oesten.ubank@edu.tbz.ch"|"%HBVIw-vDlaD%-xX%OVq"
"melina.mackee@edu.tbz.ch"|"kNqRod-1HDOc1-qC2yqj"
"theresa.livezey@edu.tbz.ch"|"VXi8ra-C2eqk9-LIq%tf"
"clemence.weal@edu.tbz.ch"|"JElKy8-7SB@mn-BWgEGc"
"faites.overton@edu.tbz.ch"|"ckzRu0-a43zja-v%ooQl"
"clea.lindblad@edu.tbz.ch"|"oTBwQ2-$lS%nX-AeXgsv"
"josephine.roseaman@edu.tbz.ch"|"e91I#v-nS7z0B-YMnZ77"
"oesten.lowbridge@edu.tbz.ch"|"WN&XMt-nROotY-KfxGQL"
"marie-josee.brion@edu.tbz.ch"|"jdmRid-ylg4ds-ma9Bh$"
"therese.basili@edu.tbz.ch"|"wceADy-EaBHas-VWwM5F"
"melia.vertigan@edu.tbz.ch"|"R@kaz#-vFP5rr-LNYqT0"
"judicael.saull@edu.tbz.ch"|"5yWVNK-3z$&%3-TK1G1D"
"selene.valentine@edu.tbz.ch"|"@I@VMs-RETI9o-euB1ng"
"verane.dunlap@edu.tbz.ch"|"$sICt#-B1on$4-jnJjx#"
"meline.kinnear@edu.tbz.ch"|"RI4viW-eBLPXj-gtyMrH"
"lei.luttgert@edu.tbz.ch"|"WVfM7o-pTkvoC-rh$NyE"
"styrbjoern.lathleiffure@edu.tbz.ch"|"xExjhe-qIAz@X-n9BGOg"
"marlene.blasi@edu.tbz.ch"|"VNNFT4-&vjJos-Wix%O4"
"mai.begwell@edu.tbz.ch"|"CRpcd0-Ub@2y9-86#vdY"
"gwenaelle.kaines@edu.tbz.ch"|"8fp$su-MIG5gd-mJEmAE"
"gerald.adamthwaite@edu.tbz.ch"|"nuq6oj-79V7no-HLkiwf"
"kui.hartfield@edu.tbz.ch"|"DrNWcN-pbgfJe-T4iugc"
"salome.currao@edu.tbz.ch"|"F@SCLF-sySPMf-M%GMJD"
"angelique.tixier@edu.tbz.ch"|"C#sT11-wC@o3S-4B1Mf3"
"ju.mcgragh@edu.tbz.ch"|"gh3vQ@-gKhr7I-hhnVbW"
"dafnee.beachem@edu.tbz.ch"|"arNS2D-gvGi&8-ec#vyP"
"creez.terlinden@edu.tbz.ch"|"6RNSfG-$V6z5u-V8IYUJ"
"uo.mcskeagan@edu.tbz.ch"|"SL@o77-xiCSMR-vTRLI8"
"edmee.mccaughren@edu.tbz.ch"|"jEYKb3-GdVIqe-WrUc9z"
"asloeg.cozby@edu.tbz.ch"|"a#IDUl-#KOrde-bWJ18d"
"melodie.traite@edu.tbz.ch"|"Af8lTN-UayAxb-DhcXeW"
"dorothee.aindriu@edu.tbz.ch"|"Jx5o51-iaQPmx-mTAeWR"
"daniele.doley@edu.tbz.ch"|"HK0OoU-Dt0Rha-6AsU1R"
"mediamass.fairclough@edu.tbz.ch"|"SKYHc8-KDMA6q-OnNkYm"
"lorene.rainforth@edu.tbz.ch"|"cL5m33-t@0SCD-xriJ21"
"leonore.eyer@edu.tbz.ch"|"l0v@eQ-dL1SvW-TsuxJT"
"po.spillman@edu.tbz.ch"|"ghZK#%-0#PUia-qt1iNI"
"cecilia.plitz@edu.tbz.ch"|"BC&K#E-KedvMp-nOf@Ed"
"lorene.ludlow@edu.tbz.ch"|"GW8XvP-oIpPtp-UUxhFf"
"berangere.neligan@edu.tbz.ch"|"q5c&kQ-seiaSL-th81u1"
"simplifies.huggan@edu.tbz.ch"|"XDzJbH-PxfNCd-mPIKZb"
"clelia.prandy@edu.tbz.ch"|"WMn3b8-rc#BMm-fVk1Kg"
"ake.osban@edu.tbz.ch"|"AbP9&A-DTgn0u-IzEb3i"
"cunegonde.brunn@edu.tbz.ch"|"a7OVdm-iSR#Lr-4lgAs#"
"long.grizard@edu.tbz.ch"|"ayjXTb-0kbzk0-aUyITs"
"meghane.diss@edu.tbz.ch"|"QCKexK-V5OnQG-TV05GA"
"therese.oldman@edu.tbz.ch"|"a7jooY-8mU%@h-jjQk5n"
"boerje.scamerdine@edu.tbz.ch"|"SMRwuH-cfhw2W-Dbhi75"
"du.saban@edu.tbz.ch"|"s2MtIZ-16waG0-R#Sf3p"
"hakan.clynmans@edu.tbz.ch"|"ph3QcM-qaD6Sw-FZVs2Z"
"wa.macdowal@edu.tbz.ch"|"dPBESw-&YPJpk-$$ZPFu"
"venus.hatrey@edu.tbz.ch"|"bTHA%d-v3VuyC-57yt9n"
"anaelle.vispo@edu.tbz.ch"|"uJJG1Z-2vn3YI-fst@LX"
"mahelie.ollcott@edu.tbz.ch"|"Vr1tSi-scG6Ey-UZl5g$"
"mediamass.whyman@edu.tbz.ch"|"qdPDbQ-N8e4YQ-WhNvNJ"
"esbjoern.basson@edu.tbz.ch"|"o6A@nj-OcIk@x-k6@$q2"
"andrea.morrill@edu.tbz.ch"|"pMv3qD-9BP#fy-28Nxsq"
"melys.grassi@edu.tbz.ch"|"RE#9&p-#GE@oN-vMUDmo"
"leone.poleye@edu.tbz.ch"|"bY80BT-X9DEaU-IXKITn"
"francoise.penny@edu.tbz.ch"|"ovhqa4-31ghUI-div5ka"
"rebecca.edney@edu.tbz.ch"|"XBxk02-HKXZ97-pW1wS9"
"adelaide.murtagh@edu.tbz.ch"|"GlojEm-WxZRl%-Drczjh"
"stevina.winterbourne@edu.tbz.ch"|"xTRxtc-IG0wAZ-km89Hv"
"ma.cottom@edu.tbz.ch"|"fPhP3V-EaY@vm-EHDuPx"
"tan.harold@edu.tbz.ch"|"&R4C$V-cvEF35-3wWNeo"
"venus.forte@edu.tbz.ch"|"$aOOjh-K0YU7z-XAdzN$"
"almerinda.oluney@edu.tbz.ch"|"tocyDe-AV5Gxa-jHDDNM"
"cleopatre.brehault@edu.tbz.ch"|"MmwmMJ-dJ88SJ-hakXql"
"interessant.lapides@edu.tbz.ch"|"oOS#RM-RY3aHv-iH@PfS"
"reserves.hallatt@edu.tbz.ch"|"Q&eSop-3y7FKM-tQnd@y"
"annotes.birdwhistle@edu.tbz.ch"|"zkHb3O-GgcvrH-Ug42o9"
"ai.dredge@edu.tbz.ch"|"2T9@dy-oS4Vwg-2kUMnA"
"megane.mussard@edu.tbz.ch"|"DVvyoX-VH107L-yraRk&"
"esbjoern.gowrich@edu.tbz.ch"|"ndyNqD-5Y0#pc-ZkmRcy"
"boerje.brislawn@edu.tbz.ch"|"HnsGEY-$SizMu-#kUIW4"
"becassine.wilce@edu.tbz.ch"|"qSjpSg-IXEQ1Q-o%KMeb"
"personnalisee.oels@edu.tbz.ch"|"#nKVvf-KWW4sk-o3%aq3"
"verane.pett@edu.tbz.ch"|"PmffjU-9pIRpj-FJjK6j"
"marylene.glewe@edu.tbz.ch"|"a8d&D0-eiaQzd-LgOVqN"
"lai.elson@edu.tbz.ch"|"yyT%gt-Mlj%S$-PyWFbQ"
"serena.difranceschi@edu.tbz.ch"|"2vLLi0-JIG$Zb-8$FA82"
"lie.espinel@edu.tbz.ch"|"FbtJ&m-y2@RMk-dDEit@"
"marylene.fantini@edu.tbz.ch"|"eVBfon-oxVT4z-ACS%7p"
"andre.archdeckne@edu.tbz.ch"|"YHxOxG-a3VzgN-&@Gk5%"
"goeran.bohlingolsen@edu.tbz.ch"|"kwng3i-Q%g24k-TL#D&4"
"cunegonde.heffer@edu.tbz.ch"|"L3TWU$-aUz88m-rszL1M"
"tan.fechnie@edu.tbz.ch"|"fuFmW3-glLdCx-uYuVpU"
"marie-noel.brammar@edu.tbz.ch"|"MHQePy-ZVDSD$-Nim8Zm"
"simplifies.aven@edu.tbz.ch"|"8Rb3u5-VmMHYf-sBwhNE"
"melys.pinchen@edu.tbz.ch"|"A%juIJ-i@WWuH-8k88BX"
"edmee.joyner@edu.tbz.ch"|"mkSF04-Ow2wCI-o7CuGA"
"berengere.edess@edu.tbz.ch"|"WUjWQJ-H#fT0E-3dqfZt"
"marie-noel.goward@edu.tbz.ch"|"Mini4B-s1In9y-N$4EOT"
"ju.edmons@edu.tbz.ch"|"%fO4s7-Li6ikj-SwoEAP"
"frederique.airds@edu.tbz.ch"|"LQK$PO-#$XZdA-Cc2Bxq"
"reserves.dauby@edu.tbz.ch"|"WLDKxo-6JQs30-qqJkoy"
"hakan.gynni@edu.tbz.ch"|"bgAIKE-sS1S%a-HcAb5j"
"leonore.pinwill@edu.tbz.ch"|"W&UZNm-x52e2H-hZcaOQ"
"marie-eve.mcallan@edu.tbz.ch"|"N80OQs-7cCM0l-gbwEX1"
"naelle.yeabsley@edu.tbz.ch"|"z9i7cP-bTuB4S-OpjsRv"
"nelie.jacobovitz@edu.tbz.ch"|"hOWLpj-1sis8S-mIS0ya"
"adele.conelly@edu.tbz.ch"|"XaUcqu-Zvbvp9-F%r4Nv"
"clementine.dondon@edu.tbz.ch"|"phPdBu-RUw8qg-u&H18w"
"zhi.willcot@edu.tbz.ch"|"c9%xPY-%dwow#-m7B2vu"
"chloe.janicki@edu.tbz.ch"|"cvSk7D-5ZIhif-eCAI69"
"meng.linde@edu.tbz.ch"|"CINt3p-YNmLH6-#yqMrC"
"celine.janisson@edu.tbz.ch"|"UjKVqf-drN8ri-1PJCNQ"
"clelia.crow@edu.tbz.ch"|"PwsVGg-RHWalK-HmnWYZ"
"cecile.pyott@edu.tbz.ch"|"sFbiJK-7MRdM3-TYGSQ6"
"ma.fidelus@edu.tbz.ch"|"K%OKxe-OuOBFO-xGGRIb"
"marie-helene.poore@edu.tbz.ch"|"B@%La@-euWMtA-TRn#7L"
"elies.blanket@edu.tbz.ch"|"92H9Rh-hKYAg$-JjcZez"
"yu.boyer@edu.tbz.ch"|"ztpoIu-$8aC9Y-yx8#nC"
"celia.welds@edu.tbz.ch"|"3$0Dgb-wRWIvg-mqw7LP"
"du.gunney@edu.tbz.ch"|"nCxjDH-VEnhuR-SzTyFW"
"goerel.crush@edu.tbz.ch"|"5E$njr-JXZaE&-FEANg4"
"marie-josee.brosius@edu.tbz.ch"|"yjVNHs-kCYzHz-&e6M9J"
"camelia.adds@edu.tbz.ch"|"nO5%e6-B1&sRq-@Mgc&d"
"anae.irwin@edu.tbz.ch"|"VOtYKk-4F7LLC-mDCNoi"
"cleopatre.skeffington@edu.tbz.ch"|"Z0Z8a8-Tiz$iG-ICcFIp"
"gerald.suggate@edu.tbz.ch"|"MrpeVn-sDkXhP-3nFg0D"
"laurene.tailour@edu.tbz.ch"|"JwarMv-$H%N6U-NM@c%C"
"amelie.hoble@edu.tbz.ch"|"K8z82w-atMe$4-EcYWfF"
"venus.getch@edu.tbz.ch"|"l#31GE-0Rbklv-WsNUHC"
"renee.treby@edu.tbz.ch"|"68A5FM-uGj#qp-nQa0Sh"
"almerinda.stait@edu.tbz.ch"|"aMWHy7-QHn97e-I$bIDi"
"andree.reddecliffe@edu.tbz.ch"|"mjuBFy-&8w$7G-bH#puG"
"leone.wintle@edu.tbz.ch"|"rWpDNp-GIpnC1-LdZWF6"
"gerald.fellow@edu.tbz.ch"|"dx50jc-MF%V20-jH5KDL"
"ju.gudger@edu.tbz.ch"|"TbAgwV-MDnBhF-sUOnhx"
"meng.ohaire@edu.tbz.ch"|"ANctZO-sTjer9-rctZZ&"
"cleopatre.missington@edu.tbz.ch"|"yiKxzP-gw@#io-ejEfxI"
"annotes.debruyn@edu.tbz.ch"|"@rNj$N-G8JmIs-3wd2lz"
"gerald.sinisbury@edu.tbz.ch"|"%YqQvj-Ho#ZXX-d#PtDo"
"creez.slora@edu.tbz.ch"|"1ntLUs-MqyH7N-vlDEnp"
"gisele.benbow@edu.tbz.ch"|"nNwhXw-SiNJdG-RNC3Mb"
"pal.dossit@edu.tbz.ch"|"iBR8Oe-gOshnR-I6buf3"
"nelie.stirrip@edu.tbz.ch"|"mdTnLe-oLL9BB-HaXrU#"
"alois.ocrigane@edu.tbz.ch"|"S3yhY@-2AMBVO-t$xk2a"
"kui.mcterry@edu.tbz.ch"|"5wJ6uV-pfsRkl-7H&E8m"
"long.willgoss@edu.tbz.ch"|"g2nQNl-i#lVtL-Il$FF%"
"francoise.sumpner@edu.tbz.ch"|"JqZMoq-#ffJCg-hHXM$D"
"maely.grinstead@edu.tbz.ch"|"baoQD0-dzAD&b-HraqUK"
"creez.langeren@edu.tbz.ch"|"9V0#IT-qZCAuF-tm1jhq"
"adele.dungate@edu.tbz.ch"|"b%e1mG-iH4bcZ-JAoYT#"
"cleopatre.noirel@edu.tbz.ch"|"fWheKO-g7dhh8-KyqbXr"
"interessant.daverin@edu.tbz.ch"|"HaX7jp-oOu9W3-8vWUya"
"naeva.kalderon@edu.tbz.ch"|"AagaAe-x$5Lt$-@v7K%R"
"anais.oshesnan@edu.tbz.ch"|"#ofApi-s5C7ph-oKak3a"
"judicael.anelay@edu.tbz.ch"|"uRRbFJ-$4P8#1-AVAZei"
"eloise.braxton@edu.tbz.ch"|"jm6TSB-x&0lrs-fTkKwm"
"desiree.greguol@edu.tbz.ch"|"JACItM-vhn73S-$Ppt2j"
"maite.mcclenaghan@edu.tbz.ch"|"fPVua0-hGUxsZ-D27c12"
"meng.doret@edu.tbz.ch"|"1$mKCz-m1CuOZ-apph@H"
"frederique.chippendale@edu.tbz.ch"|"rdzt9G-7uGjBV-s2FuYF"
"andreanne.lanney@edu.tbz.ch"|"THqPwN-35%JNU-BbzcgO"
"aurelie.claus@edu.tbz.ch"|"kaO%k@-7wjF3Y-mkPBso"
"renee.pabel@edu.tbz.ch"|"WEn4Sl-QNR#7t-TAeouF"
"maena.roust@edu.tbz.ch"|"ws@dUQ-jqG3uB-h5u715"
"nadege.carwithim@edu.tbz.ch"|"ziUK#t-FiG5RC-u0Vwgv"
"solene.geyton@edu.tbz.ch"|"fA@kGU-CCyJzD-lmvWtn"
"dafnee.avraham@edu.tbz.ch"|"MLWLeu-jaLLJM-dbr7iL"
"leane.woolvin@edu.tbz.ch"|"%B01jO-aH6%3B-J#TDih"
"adele.macadie@edu.tbz.ch"|"tvT&HR-jfu3Pg-kgSyzo"
"meline.rubica@edu.tbz.ch"|"PzNFTM-RUhdKo-2A2DOk"
"marie-noel.speeding@edu.tbz.ch"|"OPH8x1-KCxF3Y-m9&qBN"
"nelie.mix@edu.tbz.ch"|"JLZ%wC-j79%qn-m@V#Ru"
"clea.ollett@edu.tbz.ch"|"qLzY1z-mOLXJt-qd3ARZ"
"leandre.mcgavin@edu.tbz.ch"|"6v0bBh-ei@6kH-dy2jZC"
"cecile.behne@edu.tbz.ch"|"QvR35m-X&JGIg-dfacYB"
"melanie.polle@edu.tbz.ch"|"E9I1ZH-S9C%db-TamW7L"
"marie-josee.titmuss@edu.tbz.ch"|"ITI9KO-FTXd0S-20C#0T"
"helena.guest@edu.tbz.ch"|"P$QT2c-Em5q%h-p&RbcG"
"annotes.chicchetto@edu.tbz.ch"|"BZta4c-UrbdH@-Fh%&bD"
"melia.tubb@edu.tbz.ch"|"cSTiGE-xD3rhe-DRxLlz"
"angelique.casetti@edu.tbz.ch"|"wVamA5-@V&btj-kA&Y%K"
"cunegonde.cleall@edu.tbz.ch"|"nsf#1Z-YjtAFi-JSyGN8"
"camelia.oaker@edu.tbz.ch"|"$jTzU&-gsADgd-LG8pHB"
"you.searight@edu.tbz.ch"|"j75Sg6-yLNkaf-UjOwCU"
"kevina.dederick@edu.tbz.ch"|"$8ULPA-g@93PX-A#H5q&"
"milena.jeffrey@edu.tbz.ch"|"YeszgU-NJC9Fy-@C#Gan"
"melodie.barkshire@edu.tbz.ch"|"oCIhCH-vBV8dZ-jRgsaW"
"gaelle.kreutzer@edu.tbz.ch"|"IkIW12-&pL%1D-TL&sF4"
"kalliste.kleinpeltz@edu.tbz.ch"|"Xl$csc-tjHX3C-%X5e8u"
"clementine.danat@edu.tbz.ch"|"kut2F3-fw8Qky-#dwTSi"
"andrea.wabb@edu.tbz.ch"|"78bQ9v-hBgpLY-ldEmNl"
"geraldine.piesold@edu.tbz.ch"|"QfhBFc-Z8ki9e-1GqslD"
"tan.fiveash@edu.tbz.ch"|"C&ZQn&-T9Ek2d-z70app"
"meline.yuranovev@edu.tbz.ch"|"lNkkCz-ReW2Pg-xJ4BoN"
"therese.holme@edu.tbz.ch"|"1vQH0$-T&mtYl-WTBaCH"
"salome.vaney@edu.tbz.ch"|"AQoH$H-uSRu3s-dPTY&K"
"anae.abramson@edu.tbz.ch"|"gCSwIC-tjD550-8cTG%%"
"kalliste.jimson@edu.tbz.ch"|"QLumqN-9yo%22-oFUe4i"
"selene.yole@edu.tbz.ch"|"b$#CbS-%s0DaZ-PQ8CbK"
"agnes.defraine@edu.tbz.ch"|"1ZaKMa-292pJl-tZzHi&"
"faites.mccluin@edu.tbz.ch"|"zzye&f-Vj$6on-OyA4V3"
"athena.deme@edu.tbz.ch"|"&ECDoB-OXkO1F-PW9KOy"
"daphnee.brigstock@edu.tbz.ch"|"Gl5wu2-ufkEHQ-s02OJn"
"goesta.skaif@edu.tbz.ch"|"WyDI$k-hu0dvm-NWzjuD"
"oceane.jagoe@edu.tbz.ch"|"7BO4k$-Q8ZHE2-RLfDZc"
"annotes.broomhall@edu.tbz.ch"|"prWU5r-36oSf4-sxBp&6"
"marie-eve.ballendine@edu.tbz.ch"|"xO0bRG-oKyh76-lPWHBL"
"melina.spykings@edu.tbz.ch"|"2z$PnG-y4Flgq-z3N8N&"
"laurene.ticehurst@edu.tbz.ch"|"k9joR%-&P&xl0-9hH$0X"
"fei.avramovic@edu.tbz.ch"|"80WHfP-yw&XM6-sMLwTJ"
"publicite.strathearn@edu.tbz.ch"|"iiHiPe-tRrVx0-QnJXOo"
"torbjoern.garrow@edu.tbz.ch"|"y9DmAK-t#LUyB-0gxSZ4"
"chloe.rubinsztein@edu.tbz.ch"|"ekDUUs-Ap2&PH-boxAHn"
"mylene.demanche@edu.tbz.ch"|"uVA8Y0-kRoEKQ-06HKNq"
"mediamass.godlonton@edu.tbz.ch"|"qR&0wb-53NdV0-YJB2Lb"
"renee.shurrocks@edu.tbz.ch"|"ovya76-vbQpnB-JlrDqk"
"maiwenn.jedras@edu.tbz.ch"|"zSvNLE-mNEafV-le0A6N"
"genevieve.castells@edu.tbz.ch"|"D4TsGC-mi0tSt-$Hmwno"
"renee.sneden@edu.tbz.ch"|"wnb4tE-WpvRFj-@&1ZFF"
"lai.mccallion@edu.tbz.ch"|"46wv3@-VObyL#-k0E7tQ"
"kevina.impleton@edu.tbz.ch"|"I#6d6F-cg48RU-wCHBpC"
"oesten.fresson@edu.tbz.ch"|"7YsVxc-RiyLEU-z53%mK"
"verane.shawley@edu.tbz.ch"|"rDyKU@-ixWwIA-fSi6sw"
"uo.sjostrom@edu.tbz.ch"|"5m&&L3-WLRZ&b-chl8%W"
"gisele.gothup@edu.tbz.ch"|"GMmRyD-Wr&J0F-IyMBaW"
"renee.beauman@edu.tbz.ch"|"aZSqvY-9FPqcR-URmdq7"
"elies.loton@edu.tbz.ch"|"SlmTsG-3k4W4u-%1VfA6"
"valerie.elsmore@edu.tbz.ch"|"b7f7pz-rlTAPb-dSERge"
"berangere.delafeld@edu.tbz.ch"|"1D7$wd-$CP0ol-UTMX7c"
"bjoern.schimke@edu.tbz.ch"|"$#$LJY-1G@0za-m0u7dT"
"loic.ericssen@edu.tbz.ch"|"g@oOJH-j#eVI#-FX9DT8"
"creez.richarz@edu.tbz.ch"|"Wf2r5y-9ZHwxH-XpF7nr"
"athena.grocott@edu.tbz.ch"|"TMSB%i-KZ8Ysk-9p1nbX"
"naelle.piotr@edu.tbz.ch"|"JvhyUf-n7z5DY-eHDZIc"
"maella.paulson@edu.tbz.ch"|"6xVB2X-uAP&Du-L2CtMS"
"song.perot@edu.tbz.ch"|"L0SxaI-a@uNTM-rrzn2$"
"kalliste.heckney@edu.tbz.ch"|"Z4w3S5-x8KEFf-1&OoCV"
"ake.vasyutkin@edu.tbz.ch"|"TjL4s6-no9gkS-A%5Xou"
"ma.castles@edu.tbz.ch"|"ri&6xX-xCHD9N-JqhEds"
"maely.monget@edu.tbz.ch"|"n5VBSz-4l@Ih0-z$CyFF"
"tang.durbridge@edu.tbz.ch"|"MKQX#9-zcLTzn-HT%6Lc"
"laurene.andrew@edu.tbz.ch"|"93SI0v-nj8LAy-oDnqvk"
"lysea.beacon@edu.tbz.ch"|"z5JQp8-RXJkkv-EufhuK"
"leandre.peyntue@edu.tbz.ch"|"%@YrFK-yH9CFR-PuWMSm"
"rao.trever@edu.tbz.ch"|"6KZ@h7-K0bIUK-xLBTVq"
"mahelie.streader@edu.tbz.ch"|"igMqM@-9%i18@-QgzKOq"
"maerta.andrejevic@edu.tbz.ch"|"ACwIw4-Wsp%q&-0HkdHf"
"goesta.tompkins@edu.tbz.ch"|"Co0irm-O5VcVd-5N#Mev"
"helena.agates@edu.tbz.ch"|"2@yMYH-pFDBN4-oi6KrP"
"therese.glass@edu.tbz.ch"|"b%sSkm-2dpkwS-15UHbS"
"alois.foan@edu.tbz.ch"|"xodHu7-0ToL6N-aJp#z7"
"becassine.melchior@edu.tbz.ch"|"#je@2N-%O%WEl-4R%gin"
"cloe.robart@edu.tbz.ch"|"pZ5Wbo-yIz#o%-Dt%Vpx"
"daniele.puckinghorne@edu.tbz.ch"|"HISyc#-B#gAzD-SL@Atb"
"selene.cammidge@edu.tbz.ch"|"Y@N%KW-08EErJ-nwzZxJ"
"regine.conochie@edu.tbz.ch"|"&L1G0t-jUSL7m-3oY7y&"
"interessant.tuiller@edu.tbz.ch"|"MwAESd-6UOBFe-PfynnL"
"long.tiebe@edu.tbz.ch"|"izzr2o-NCf8y#-U%3TJc"
"mans.yele@edu.tbz.ch"|"su@v5b-LQ%lm@-wg&jX9"
"ai.giles@edu.tbz.ch"|"z2Ikzn-nRts#@-iYdT2n"
"gaetane.hamberston@edu.tbz.ch"|"1t3ADO-vJU3sf-oxt%ck"
"marylene.fenix@edu.tbz.ch"|"iwWhAz-$fkSyD-LY#MjV"
"geraldine.graeme@edu.tbz.ch"|"Fdl&rJ-a4XvsL-NNCMN0"
"tang.kinglake@edu.tbz.ch"|"yq#S4Z-RGBuLt-$ZQQst"
"lai.challoner@edu.tbz.ch"|"R#tIRN-5Y4%%@-cV5wT&"
"desiree.mattei@edu.tbz.ch"|"i8pVZB-s3qteG-biVxXj"
"ake.erley@edu.tbz.ch"|"NNbh%#-EvHScp-JM1jCy"
"edmee.cavil@edu.tbz.ch"|"#UWiZt-oz@dc%-yiqjop"
"alois.moyes@edu.tbz.ch"|"IeBD81-H6v9A6-I#Jl8m"
"becassine.pitman@edu.tbz.ch"|"Q8gXlV-H%Ofpt-TObCi2"
"ai.giacovelli@edu.tbz.ch"|"T&CcWD-DVtNV7-dwiPlJ"
"judicael.fruchter@edu.tbz.ch"|"VDwc50-g98pin-E&e0WU"
"mans.mogg@edu.tbz.ch"|"fHOU7r-nDDjtB-UV7Zzb"
"gerald.foyle@edu.tbz.ch"|"x0ZuQh-Ra1mjK-ie&eKR"
"wa.androletti@edu.tbz.ch"|"8SbVoZ-4iwipy-EvslvZ"
"meng.ollett@edu.tbz.ch"|"8O&qLI-j2tzdj-P%eEM&"
"naelle.macmenamy@edu.tbz.ch"|"kWptq7-hiGYLr-X7PsKw"
"gisele.mcramsey@edu.tbz.ch"|"0CXh0Q-nD8BLr-Cgd#G3"
"meryl.scolts@edu.tbz.ch"|"w9AaCe-#nkW9H-08SNjJ"
"celia.bloxsome@edu.tbz.ch"|"o7p3IY-bYBr6v-bldzeD"
"styrbjoern.stuke@edu.tbz.ch"|"IuJXqT-oOfkAW-i94wrP"
"felicie.gwilliam@edu.tbz.ch"|"Y3eOp0-Qzjvbu-2Qlu4z"
"da.harms@edu.tbz.ch"|"N%RPZx-P3Rt3V-Y@KeiP"
"celestine.baulk@edu.tbz.ch"|"XTbkJ1-Xk$0g2-xk0@7z"
"mahelie.blackledge@edu.tbz.ch"|"zVTY6@-YwsWeX-RbAFwL"
"meghane.salt@edu.tbz.ch"|"%efJwl-29lmPG-NW4lmy"
"methode.paxeford@edu.tbz.ch"|"f9xWDZ-#S5yKV-hufPSa"
"asloeg.milligan@edu.tbz.ch"|"jeNaKp-c&G7rL-#oc00$"
"you.pellman@edu.tbz.ch"|"jjXpWl-6v@tuU-IpRR1e"
"loic.regenhardt@edu.tbz.ch"|"%&lvBy-B&wkEu-lCB9Ah"
"daniele.savill@edu.tbz.ch"|"f7YY#t-k8J72m-XUU8T%"
"alois.cornu@edu.tbz.ch"|"AfTJP2-LIS&Ae-JoGVBJ"
"oesten.govey@edu.tbz.ch"|"1lvdBp-igXO4q-M#QhaQ"
"marie-eve.louch@edu.tbz.ch"|"KotnIN-&XAkRG-WoJmbZ"
"theresa.wenn@edu.tbz.ch"|"f1frMD-BHw1j0-$T#RVD"
"andree.eul@edu.tbz.ch"|"EJBPoS-90sGID-vLY12u"
"lie.paynton@edu.tbz.ch"|"sqUZYD-N@v5f@-n88H2P"
"marie-eve.girodier@edu.tbz.ch"|"&H&#tR-jRy@8s-I8BoQ9"
"marie-noel.smithe@edu.tbz.ch"|"zAli8g-Z#3kay-9nf@0F"
"men.bootyman@edu.tbz.ch"|"Im&jS3-riFtlm-DuPc##"
"ku.sugg@edu.tbz.ch"|"GihQ6p-s%aGGW-dSSbJ0"
"lucrece.roseman@edu.tbz.ch"|"w7kBbK-6ODaqT-oGHvbO"
"zoe.annear@edu.tbz.ch"|"k65N9p-3SZByb-xOhAvL"
"marie-helene.rennebach@edu.tbz.ch"|"rFJ&U5-yxjUOf-5XDDAm"
"lea.djurdjevic@edu.tbz.ch"|"pBi%NW-nLIF@Y-7vqYsH"
"goerel.robert@edu.tbz.ch"|"mRmMZF-vOaDnS-mX0ki$"
"mylene.foldes@edu.tbz.ch"|"K&qFhu-H$PYJ4-wQZi0S"
"faites.clegg@edu.tbz.ch"|"cAEO75-b0WWXp-OpnDCL"
"marylene.crowcher@edu.tbz.ch"|"5xCuAg-sZ9gOH-xG0bm6"
"aimee.wimpeney@edu.tbz.ch"|"jMKx26-VXlsE$-@QNsGV"
"renee.atkins@edu.tbz.ch"|"%HuNTD-ZQKtkR-YK#$Ez"
"rejane.cainey@edu.tbz.ch"|"xYF531-@nUYFB-ivoIgp"
"solene.britney@edu.tbz.ch"|"ATEPW9-s%Yhp$-0C7$A4"
"marten.shatliffe@edu.tbz.ch"|"TxGyiT-Nhk1yI-2S87t8"
"maite.issatt@edu.tbz.ch"|"aQn$4U-kAmrsZ-RyaANh"
"maelyss.edon@edu.tbz.ch"|"%40tcP-QU7Ui@-Re$Csq"
"nuo.bamling@edu.tbz.ch"|"pW$XE7-FEFtvF-Qj9tbZ"
"anais.edards@edu.tbz.ch"|"JXbpUS-D&ZEFz-0Rg7SB"
"mediamass.bromet@edu.tbz.ch"|"@J30on-UsHDaK-bCNsnA"
"beatrice.kimbrey@edu.tbz.ch"|"5zlAQd-Eh#H7F-uSE9#@"
"ines.lawranson@edu.tbz.ch"|"&B1GAL-iAbqm&-2N6tBO"
"kalliste.scandroot@edu.tbz.ch"|"RlZVwJ-y1SIgG-rbGVix"
"mans.barrowcliffe@edu.tbz.ch"|"q7PTT4-7S2Lsv-kFL5m&"
"irene.couves@edu.tbz.ch"|"DBfFVq-Izvuw2-YeRxbg"
"milena.mucci@edu.tbz.ch"|"q99hFi-@%J8pV-OJ%FaQ"
"naeva.cow@edu.tbz.ch"|"$hRYUy-l8iLGM-9nK#Jg"
"audreanne.mournian@edu.tbz.ch"|"iBj2Nd-qKERtS-nod&iq"
"melia.sinnatt@edu.tbz.ch"|"L$IwXS-@IZYBC-dansge"
"nelie.burnard@edu.tbz.ch"|"4s&FuJ-i$rWDc-evqt#0"
"clelia.ashfull@edu.tbz.ch"|"BsLYnk-qZ9axt-qv5Q1s"
"lie.macard@edu.tbz.ch"|"rM&vn8-6zLCyN-Y3pXN&"
"valerie.matoshin@edu.tbz.ch"|"z#bcpw-IyHD91-Yt4s2z"
"anael.hatherleigh@edu.tbz.ch"|"49xkI8-cqjjrL-FClPA1"
"interessant.warratt@edu.tbz.ch"|"Ej5FQW-I1vfQo-Vk7%JO"
"eleonore.volage@edu.tbz.ch"|"eh5RcD-vrAGyG-QFB@t4"
"zoe.stebbing@edu.tbz.ch"|"lvCJM9-XVx%mx-FJx8h&"
"alizee.nye@edu.tbz.ch"|"Nz8gYx-@0sj1i-Zz96lI"
"celestine.bramley@edu.tbz.ch"|"I1Fidq-5RbETW-afkVOH"
"selene.philcott@edu.tbz.ch"|"u4P&2a-897Y$9-gbt&TL"
"tang.newens@edu.tbz.ch"|"wZyY4t-e3bbKs-U62YbG"
"annotes.powys@edu.tbz.ch"|"0KYJjJ-vKh0X2-bm#YMU"
"lea.matthesius@edu.tbz.ch"|"cN6DPI-S2%uJf-2sIArB"
"illustree.garlett@edu.tbz.ch"|"@rfYlg-P7LdQ@-gS8T7#"
"maiwenn.meachem@edu.tbz.ch"|"IkjqQA-Rq5OF&-APhcl1"
"marie-francoise.mcbrady@edu.tbz.ch"|"TF8Yg1-wBvrr$-6%HXgO"
"illustree.gimbart@edu.tbz.ch"|"K37PP3-kV8GdI-&LVMX&"
"melys.lyosik@edu.tbz.ch"|"6ljmvV-m$Vc9E-#1Rbj4"
"marylene.mcnab@edu.tbz.ch"|"AEBn4B-q%MBFD-&F&lxj"
"gerald.blount@edu.tbz.ch"|"yUbq1R-o#%fCl-#JUPlA"
"clelia.shakelade@edu.tbz.ch"|"QEVzBp-c4FAQ7-sTOwWn"
"penelope.cridlin@edu.tbz.ch"|"YjwOR6-uxMn&3-dl3N&4"
"maena.okuddyhy@edu.tbz.ch"|"9OlkX7-QdSjWV-5PAcZT"
"athena.keynd@edu.tbz.ch"|"7prGk$-qxcb&4-s4JA0q"
"cloe.dwine@edu.tbz.ch"|"xfRtTB-2Hm&TC-a00o9I"
"josephine.browett@edu.tbz.ch"|"JMG1su-&rewZC-luTDAR"
"audreanne.oscanlon@edu.tbz.ch"|"qY$HoS-9dXVcX-JeHrXe"
"fei.jeanequin@edu.tbz.ch"|"s4%#L4-%U8q8#-en$vBI"
"lois.gormally@edu.tbz.ch"|"dbY8px-Ko4@1R-qF6h24"
"marie-francoise.finnigan@edu.tbz.ch"|"GFiBBu-CewDyU-908ysh"
"leonore.trussman@edu.tbz.ch"|"ckMOzT-rAk3EC-X5Q7Iw"
"anaelle.trumper@edu.tbz.ch"|"&pKNJU-aE8eZP-s3xAQi"
"clemence.dionis@edu.tbz.ch"|"aDMklM-vtziPW-%GeKEu"
"lois.tranmer@edu.tbz.ch"|"1LZXqO-fxbGdd-6HuhHn"
"interessant.volett@edu.tbz.ch"|"MiMH#%-OCT2Am-TMYhWW"
"personnalisee.deackes@edu.tbz.ch"|"pHDoi6-NuCS9Q-W20xay"
"lie.vasiliu@edu.tbz.ch"|"wBvyBO-2YKzFG-s65xvh"
"dafnee.lamputt@edu.tbz.ch"|"Q$pJfc-cey6bX-qXRcLD"
"elies.bromige@edu.tbz.ch"|"uPygfI-8IC9JK-c6D08H"
"helena.klosser@edu.tbz.ch"|"jgfYZi-82mRH@-zUNMzr"
"andree.grim@edu.tbz.ch"|"nynTwu-rzBVWQ-l1ncXr"
"verane.coldbath@edu.tbz.ch"|"ckBxy9-lvbFfV-43ET8v"
"helena.bethell@edu.tbz.ch"|"5lQ0g$-GxI1tc-3W7$h1"
"kalliste.carefull@edu.tbz.ch"|"5%1yrK-vmwOzt-B9deZy"
"regine.odams@edu.tbz.ch"|"XdRNb3-bGlK5G-9HiK7E"
"len.stannus@edu.tbz.ch"|"$o430V-OqJUoy-CkbL%9"
"angelique.works@edu.tbz.ch"|"aVQaO4-yrCwOx-iemmsh"
"goesta.rheaume@edu.tbz.ch"|"uanK$2-LE0unN-AevrQP"
"maelys.tynnan@edu.tbz.ch"|"hy9XkR-4HuV8l-1G9Pgd"
"maelle.carlesi@edu.tbz.ch"|"RfSV0m-cYZ$gV-IL846h"
"anael.spurden@edu.tbz.ch"|"Rad96%-d3xSvV-CahS1x"
"helene.pumfrett@edu.tbz.ch"|"mqpVXM-tRBBWD-P@rD7s"
"goerel.pearn@edu.tbz.ch"|"8AXrlK-&YmD4M-yNS2Gy"
"laurelie.dezamora@edu.tbz.ch"|"1q4at1-79fFWz-hHsr#I"
"yao.twidale@edu.tbz.ch"|"z%MDXy-qbnyCN-ExweU0"
"berengere.sola@edu.tbz.ch"|"dyIAwO-3#XjWO-Yrkk&Z"
"maelann.hardistry@edu.tbz.ch"|"%@ZDgG-taLIgW-X%Nl26"
"severine.littlefield@edu.tbz.ch"|"FDxLW3-uu7Syr-p6P0x4"
"salome.heinl@edu.tbz.ch"|"@FJl$B-4ziV0T-hHgxRn"
"meryl.warbey@edu.tbz.ch"|"Bg5VM#-XPgcD0-76m2Ea"
"da.hunstone@edu.tbz.ch"|"$2mDh8-Rjj592-XUp5Bo"
"venus.broadbury@edu.tbz.ch"|"#UWA0f-b&wcef-$knyni"
"meghane.rentelll@edu.tbz.ch"|"LU$CwE-bzk@C#-9Z5V3F"
"marylene.drewitt@edu.tbz.ch"|"Zgz$Tq-kGdnnH-0M5efO"
"melinda.jacquemet@edu.tbz.ch"|"55@&4Q-Q#P1QG-Kh#s91"
"marie-josee.keyden@edu.tbz.ch"|"OyeRBT-zKoqP6-SQxD7v"
"asloeg.montacute@edu.tbz.ch"|"MASu6H-4i3pEW-VDUaQq"
"ku.andreou@edu.tbz.ch"|"NPgA%&-KIpHLy-cq9vvY"
"personnalisee.feaveer@edu.tbz.ch"|"vqgnV$-xlh3lw-I9W@qF"
"laila.emptage@edu.tbz.ch"|"6EiXrZ-VqGDge-9Mglqx"
"bjoern.dawdry@edu.tbz.ch"|"y1FwB8-Yd28nA-qC3&af"
"marie-eve.dinsell@edu.tbz.ch"|"o3acT7-zJgEUi-FeDXTn"
"helene.follett@edu.tbz.ch"|"JbHQGt-kK4RVn-zmzSO1"
"penelope.cordero@edu.tbz.ch"|"bopYEg-80tIU#-S2ydb7"
"boerje.beedell@edu.tbz.ch"|"lZ@RBu-ZOzdqC-4EO@IS"
"nelie.ferne@edu.tbz.ch"|"&9GzwJ-$#LWME-t%cd3N"
"celine.ahmed@edu.tbz.ch"|"5dmQ4J-Z&TRrC-ctGq0x"
"stevina.pimblett@edu.tbz.ch"|"KIPavi-IPd4Gs-xyZh9I"
"chloe.langlands@edu.tbz.ch"|"S7rwC$-cFA@3G-3ErSh9"
"simplifies.maude@edu.tbz.ch"|"JGEwvk-qjHBkB-cD3TZt"
"genevieve.decarteret@edu.tbz.ch"|"g&eRR3-Maa4bE-qF@WRF"
"marylene.mughal@edu.tbz.ch"|"sz6UIn-Vo6KIn-VMHL12"
"goeran.guttridge@edu.tbz.ch"|"&X6a4u-COmfMT-CHi#Qa"
"michele.smurfitt@edu.tbz.ch"|"yqrxrc-zQv%wz-sW@EEs"
"methode.hadeke@edu.tbz.ch"|"$4vWEU-gsl9V#-43vwWV"
"therese.rispine@edu.tbz.ch"|"2hL$Qt-S8HI8b-wX##yN"
"goerel.plumley@edu.tbz.ch"|"fs&JGg-K1MCCx-rKxSpu"
"oceane.friett@edu.tbz.ch"|"lg%tAx-S6l&Ho-1PWin1"
"marie-noel.achromov@edu.tbz.ch"|"XY4D1w-5w1mpD-Jg2Zk$"
"dorothee.storek@edu.tbz.ch"|"fYb@#c-Bv2r2U-9lDk#c"
"goesta.whittle@edu.tbz.ch"|"8Ziten-W6UI7x-0SYYah"
"desiree.casely@edu.tbz.ch"|"jnpb9R-LKB@$e-1bld8B"
"felicie.condon@edu.tbz.ch"|"6r6@fl-QiraMs-cmD18J"
"maelyss.frisdick@edu.tbz.ch"|"e#51AL-I&KGFR-6LAf%M"
"aimee.banke@edu.tbz.ch"|"TCj3%X-XBLpO2-pObapU"
"naeva.hodcroft@edu.tbz.ch"|"sB@yhD-JnE7sw-pBBU#R"
"laila.gerrans@edu.tbz.ch"|"29TjEd-oMx%5M-5wdu4l"
"daniele.scrimshire@edu.tbz.ch"|"ovPNhk-zdJt0b-lYnPv&"
"daphnee.sheerin@edu.tbz.ch"|"gKwCBy-I9MnKB-kza#XD"
"pal.vanyukov@edu.tbz.ch"|"f#5NGL-nQj0Ic-MQqKT#"
"zoe.childs@edu.tbz.ch"|"A0tku6-eRLgLk-pm76xN"
"ai.corde@edu.tbz.ch"|"PriYk4-a2fxjw-7uT8KL"
"maelys.berryann@edu.tbz.ch"|"oz$O5u-R5vSMW-zi&#FE"
"cloe.gladding@edu.tbz.ch"|"VPMY9O-ay6F5e-gFvA9A"
"wa.kinnaird@edu.tbz.ch"|"jLUDVV-T7M7Cx-j%GXBk"
"publicite.brittoner@edu.tbz.ch"|"@fqL7S-ULCpwq-#s#BVG"
"rao.windress@edu.tbz.ch"|"bOzWQr-dDsY%O-pQ@nYj"
"uo.kollach@edu.tbz.ch"|"CP4EtP-QOseJX-jVrJSh"
"josee.peskett@edu.tbz.ch"|"nySSs&-&Oemcr-JBnFMb"
"annotee.hasel@edu.tbz.ch"|"O4UMk7-f4VHS2-1HHzps"
"cinema.lee@edu.tbz.ch"|"#u1#wO-dlSC9D-JX2sPF"
"lai.vedeshkin@edu.tbz.ch"|"Kf&yXt-Ge7$gH-CkKQYT"
"renee.brisbane@edu.tbz.ch"|"E30ED$-@rVeIJ-Xn6Q2R"
"ophelie.blincoe@edu.tbz.ch"|"vhtuk$-S%Y3Zk-N2Lp#k"
"zhi.prazor@edu.tbz.ch"|"lsPXoA-9IKy0f-UnHAxU"
"annotee.maddicks@edu.tbz.ch"|"Mi8E6B-97rC&L-GlaTKa"
"maelyss.codd@edu.tbz.ch"|"&ffbsR-xSePlA-efPtlE"
"celia.peplay@edu.tbz.ch"|"icjTXj-&PqUZh-r7T4FP"
"interessant.skone@edu.tbz.ch"|"I%UCFz-1coNI@-c%tb40"
"audreanne.hebdon@edu.tbz.ch"|"F&pLNj-rUakDQ-%Vtde3"
"oceane.glen@edu.tbz.ch"|"GmCk2C-uQCLcs-$3fBTl"
"daniele.vanyushkin@edu.tbz.ch"|"vndKcY-spi2cN-MaQ7oA"
"daphnee.ayce@edu.tbz.ch"|"Znjf7G-6GHAO7-EZG#w#"
"andrea.attride@edu.tbz.ch"|"DT8pCJ-fnHEgG-pRIyR6"
"penelope.bridgwood@edu.tbz.ch"|"LOVgry-MsIPzU-GfVgTC"
"mailis.drewitt@edu.tbz.ch"|"8c@amk-pMGCRE-1ElZyC"
"penelope.mollene@edu.tbz.ch"|"XPqX##-nLCLtB-0ZKXPC"
"illustree.keely@edu.tbz.ch"|"y8APj0-&9pVS7-Y7@AU&"
"meng.brisseau@edu.tbz.ch"|"MrDeYy-$rCPop-dzqrqg"
"ruo.cleiment@edu.tbz.ch"|"WeZZLC-FPI21N-r%UAgY"
"maite.krammer@edu.tbz.ch"|"rWo3GD-Dnyyht-BoNcu$"
"genevieve.verry@edu.tbz.ch"|"94QJp@-#QFZk#-ElwQPH"
"lea.olochan@edu.tbz.ch"|"9AAmcv-4sOAf9-Yj#P6b"
"naelle.brunnen@edu.tbz.ch"|"eZrFVS-wlwnDp-arn%4Y"
"goesta.bragginton@edu.tbz.ch"|"ZKipLi-YZZn$4-s3v&PK"
"fei.danilyuk@edu.tbz.ch"|"Urp3ze-QXWBlz-B6u7T%"
"adelie.turbitt@edu.tbz.ch"|"3GWWbC-k$E0yd-vhXAXt"
"marylene.nutman@edu.tbz.ch"|"7f%5pQ-FERTxD-Vf18tX"
"therese.barbrick@edu.tbz.ch"|"#VDxkL-TKxceC-jzkKQ6"
"melys.kolodziej@edu.tbz.ch"|"uG7JBd-Uf5O$Q-iG%tWY"
"melanie.runchman@edu.tbz.ch"|"Q2bu2T-x01T5C-tz5rx0"
"serena.lafond@edu.tbz.ch"|"RIrP1F-MOYEMU-99nNY#"
"pelagie.desmond@edu.tbz.ch"|"RHMkb@-BXSDu8-v0ZJOu"
"wa.spickett@edu.tbz.ch"|"GfBp0L-Jp5AX1-81F64b"
"po.shave@edu.tbz.ch"|"q8ZE@p-qDBVUv-jMOF$o"
"song.huikerby@edu.tbz.ch"|"xe0gm%-URxQXB-$fOS9l"
"melinda.bimson@edu.tbz.ch"|"JRU$ws-RiSH1b-$m1FYu"
"personnalisee.toffanelli@edu.tbz.ch"|"dTK#Ya-ZY5UQU-nCLqCF"
"leandre.hurn@edu.tbz.ch"|"MEIRO#-X6@elG-dAxsJS"
"oesten.standell@edu.tbz.ch"|"%6Llui-fnG@e5-r8yxMq"
"naelle.smaleman@edu.tbz.ch"|"rXAlD7-tID9Hv-$3TaE@"
"berenice.tayt@edu.tbz.ch"|"tyWH@3-dHfcgt-GpyHYb"
"kui.popplewell@edu.tbz.ch"|"6zW#11-4Zz1Kf-xQlaiv"
"melodie.ferandez@edu.tbz.ch"|"dl22QZ-@oKNcD-mAb7Eo"
"josee.negal@edu.tbz.ch"|"#AE0HV-tfn7pn-XlO$lA"
"melissandre.ferrelli@edu.tbz.ch"|"6&4vDX-aLjSf0-BI%JoZ"
"josephine.kemmer@edu.tbz.ch"|"48UBQ$-nbHaby-I1SFB5"
"maely.cayette@edu.tbz.ch"|"TTDtYH-rI8&pJ-ojLP#w"
"nelie.vela@edu.tbz.ch"|"6fcFlb-w$c#dF-#Mwjm1"
"melina.cortes@edu.tbz.ch"|"ePG3K4-xn6P$Q-jK%9D4"
"megane.leyshon@edu.tbz.ch"|"GidRSm-syCrM#-2lDg%8"
"regine.harrie@edu.tbz.ch"|"JNhLhP-hAsBdo-uDYV6u"
"mylene.widdison@edu.tbz.ch"|"VAlz2f-yEPS7h-v77tLq"
"pelagie.vivash@edu.tbz.ch"|"kL%zUz-Vo3ell-s3KIwC"
"styrbjoern.vicarey@edu.tbz.ch"|"NI62SN-J52dNo-lpU#3a"
"long.kyles@edu.tbz.ch"|"%eZDwu-gaWGug-UlBXVP"
"stephanie.gipps@edu.tbz.ch"|"Ks$c%W-b%6dL7-zhLPnA"
"clea.constantine@edu.tbz.ch"|"bhGqyc-8nSj6v-QJ2xlT"
"maella.cometto@edu.tbz.ch"|"Cqmx5L-IF4HRe-9XXy&I"
"laila.aubrun@edu.tbz.ch"|"1%AN9c-uA4qLt-Vu$jJG"
"yao.austins@edu.tbz.ch"|"x34rQZ-JM9PnL-s0BxAB"
"mailys.rylstone@edu.tbz.ch"|"BcQ&m3-CkSdb4-si1oF9"
"adelie.curuclis@edu.tbz.ch"|"Dq$KNs-t$x3O1-Agrfhz"
"celine.longhurst@edu.tbz.ch"|"BZreN8-rkbTc&-nAOfd2"
"gisele.hazell@edu.tbz.ch"|"LjH&@H-55&1Xd-irh9mM"
"celestine.ciccone@edu.tbz.ch"|"qZyvlb-xTlj6n-qNC862"
"maelyss.doole@edu.tbz.ch"|"#mhaOI-KKabpv-gVugVY"
"helene.grimsdike@edu.tbz.ch"|"w1&gHy-$sYlHd-8q#v6s"
"lie.macer@edu.tbz.ch"|"$f1QMP-NAJr67-qvp5Ko"
"maely.izard@edu.tbz.ch"|"ppFpG7-Gu6e2t-Clvp06"
"erwei.breewood@edu.tbz.ch"|"syzB@0-cQ&&IM-$%cgyY"
"chloe.woolford@edu.tbz.ch"|"x5f4DQ-@qZDRP-q&2GOc"
"cleopatre.turpin@edu.tbz.ch"|"YwID7O-p3A7yH-qk&r4R"
"melodie.surgison@edu.tbz.ch"|"avjMfT-%ZhhxP-rcc$7J"
"elies.leander@edu.tbz.ch"|"Ajuesx-y3iXji-Tg8tuG"
"mediamass.reignould@edu.tbz.ch"|"ZJ4PEB-B62gPV-EDTpu&"
"celestine.wasmuth@edu.tbz.ch"|"WxyTo2-d0y$%j-$qhzXa"
"marten.jervis@edu.tbz.ch"|"8ao$Q@-VSnFPN-jWGM8E"
"daphnee.bour@edu.tbz.ch"|"4t69S9-fu8K6d-LVSOLZ"
"regine.harlett@edu.tbz.ch"|"k#t5mQ-vJXRsB-908GD0"
"noemie.macaskie@edu.tbz.ch"|"qP#&Bu-mwn%Ks-mQca8f"
"loic.renfield@edu.tbz.ch"|"Z#ySt1-9mGmU7-SztgBp"
"venus.kleinert@edu.tbz.ch"|"R@9euz-pQYAY3-P12BTw"
"marten.burlay@edu.tbz.ch"|"2rKNhr-idRJ%1-inbi4R"
"berengere.radsdale@edu.tbz.ch"|"V@gNlp-d7NZcK-b5hR%m"
"genevieve.duckit@edu.tbz.ch"|"%bxNOD-Fa4Vzs-CA%l1Y"
"maely.ligerton@edu.tbz.ch"|"D0xLmZ-wmnoMG-pLGbwD"
"maeline.ricciardelli@edu.tbz.ch"|"t8aZ1l-ebQAsr-uj25Zv"
"personnalisee.yggo@edu.tbz.ch"|"vPE8V6-I9oQJa-s8V5i7"
"alizee.pettinger@edu.tbz.ch"|"RzP&AY-omaVWc-jmAc#5"
"desiree.curnnokk@edu.tbz.ch"|"$EeA&K-qsuHk1-Nndkqy"
"dorothee.minors@edu.tbz.ch"|"yW8It0-rm5WBa-W3xeWz"
"oceanne.kopmann@edu.tbz.ch"|"a85%fE-GIwIdH-unr7EJ"
"almerinda.brodbin@edu.tbz.ch"|"eXm3a1-fD0eWr-uJN6&@"
"yenora.carsberg@edu.tbz.ch"|"96$tof-&IvrWK-uJ0DCR"
"wa.beetles@edu.tbz.ch"|"IKUCQB-pSGBmv-jyXATV"
"audreanne.abbot@edu.tbz.ch"|"cmi%P@-g@vUWy-3v$YyJ"
"noemie.capper@edu.tbz.ch"|"pEcEjJ-c&jfkJ-iYymO&"
"mans.abramamov@edu.tbz.ch"|"cBboWj-u@KqSL-k%Jr4J"
"audreanne.blakey@edu.tbz.ch"|"HeBC7B-nCQviL-1n8tiS"
"leone.klimpke@edu.tbz.ch"|"jbFwA1-vlUZ82-j30gjT"
"lie.croston@edu.tbz.ch"|"D1OS15-Up6ktX-kg%uXZ"
"anaelle.baistow@edu.tbz.ch"|"%Izg94-g7ylV$-UNvV$l"
"michele.garwood@edu.tbz.ch"|"Hdzb1T-RDyoEc-Wi6#Bu"
"interessant.albion@edu.tbz.ch"|"GMJWRX-esAHd4-7ip7rR"
"andre.brisco@edu.tbz.ch"|"NoUoa$-hxpJJY-knB8Y%"
"tang.totterdill@edu.tbz.ch"|"fHTN5r-Rn1nS7-Y7Sr96"
"marie-josee.braundt@edu.tbz.ch"|"AOO5Gl-Ufy063-ieH9m$"
"lois.galer@edu.tbz.ch"|"0MpcRh-aGRMQL-dF$D9v"
"faites.pellamonuten@edu.tbz.ch"|"Cib@#W-a5qg2P-VOs#yd"
"mai.barfford@edu.tbz.ch"|"UpYm0D-U@qMp&-dUlDce"
"laurene.macilory@edu.tbz.ch"|"Zhb%91-a1pAS8-BndcyN"
"elea.peak@edu.tbz.ch"|"&GAT08-pKLf#v-3n42I&"
"rejane.doni@edu.tbz.ch"|"JTXvGD-IwRBE6-5hZUl@"
"mahelie.ector@edu.tbz.ch"|"BYVlgG-jAID5O-jHcXwP"
"rachele.allum@edu.tbz.ch"|"kHo9WZ-YDfdb1-wANAuO"
"laila.gerretsen@edu.tbz.ch"|"0EyplG-yKFCI5-eQaaKL"
"ines.bowman@edu.tbz.ch"|"eCj8Oh-ZWUXEg-vcxNd4"
"publicite.barbary@edu.tbz.ch"|"BjXxaP-Gpepf@-TrobEZ"
"mailys.smooth@edu.tbz.ch"|"uUKCEx-Gko%Gg-9bTVKp"
"mailis.huguenet@edu.tbz.ch"|"N&GVU%-6fsyV&-8rwdy6"
"lea.ewer@edu.tbz.ch"|"P7HvDs-YSNRNA-#S6TGF"
