"email"|"password"
"melodie.vandervlies@edu.tbz.ch"|"LJkEOu-t7fU7l-hdVecY"
"angele.edgecumbe@edu.tbz.ch"|"fX4N80-beRlTF-CUlAmf"
"zhi.andreasson@edu.tbz.ch"|"$M2q10-DTQpRk-dPuGO%"
"judicael.koppeck@edu.tbz.ch"|"mMEISp-bA1xbx-ColL2r"
"berengere.capron@edu.tbz.ch"|"rv2Re2-qSAT4A-&@kWOo"
"leonie.brosini@edu.tbz.ch"|"BV8LEa-yjvUoR-9fKkIg"
"venus.garfit@edu.tbz.ch"|"pr&paP-nWSi$3-5&2Uzw"
"melina.janota@edu.tbz.ch"|"JmeaPe-I1dXzf-pAaqjw"
"laurene.bake@edu.tbz.ch"|"$pKT4O-zzVi$k-$KMSJP"
"regine.dorkins@edu.tbz.ch"|"Ju%4u7-I&5CPP-Z%sGUj"
"cecile.moffet@edu.tbz.ch"|"2kaB#9-C1i9zL-h3pR4h"
"maelann.labrone@edu.tbz.ch"|"x80O1L-DRW#mY-7Off@O"
"melinda.newbold@edu.tbz.ch"|"wse%kZ-QfWb8V-Hov7$n"
"mans.itzhak@edu.tbz.ch"|"TruULC-G6Smm%-zcHdrd"
"melodie.pattlel@edu.tbz.ch"|"eTJ0oQ-Y@Enji-zivYXl"
"celine.bonett@edu.tbz.ch"|"AWJ1F3-WOc$c3-yWDC9Y"
"adelie.mcgreal@edu.tbz.ch"|"FmnNsF-qf$Ga4-Xu&p$1"
"helene.soldan@edu.tbz.ch"|"Gcc3kB-gi&VZY-RtHSPD"
"michele.cluer@edu.tbz.ch"|"vsgBGe-kJjn6G-&aqINq"
"maeline.mueller@edu.tbz.ch"|"ac18Ov-frtZnT-rmcHMi"
"maelann.benedito@edu.tbz.ch"|"GgEqpB-GOD$Rk-vf$wnP"
"nuo.gransden@edu.tbz.ch"|"PYBn5l-NW7CpW-&52NjX"
"berengere.stainton@edu.tbz.ch"|"U%#UsV-jm3vuo-$gzL6h"
"wa.sabater@edu.tbz.ch"|"rpJyGM-LnFEAz-7CLF6n"
"anais.cochran@edu.tbz.ch"|"orR@hl-GsGOel-PLHyJC"
"gerald.bessant@edu.tbz.ch"|"JZig86-rLa1&W-NpvymR"
"ruo.coffin@edu.tbz.ch"|"ll2&4w-MyjCXp-WY3jwT"
"melodie.mustill@edu.tbz.ch"|"y%5$HE-LmF7zB-RctOrB"
"ruo.stanesby@edu.tbz.ch"|"RSDayg-S$g7mE-G$SdyY"
"noemie.antognelli@edu.tbz.ch"|"Fuw5Kb-DNuTSN-Q6kx49"
"maelann.hughson@edu.tbz.ch"|"6EKJQ@-io$t$C-Olh7ex"
"milena.mieville@edu.tbz.ch"|"EjTEFn-FaqupW-9pOTZ&"
"mailys.chamberlin@edu.tbz.ch"|"tGKASX-b0D&ud-$5jUgR"
"nadege.tomalin@edu.tbz.ch"|"OF4DG2-zRq6@C-Bkdpmn"
"oceane.omara@edu.tbz.ch"|"cijnzu-@cgkdy-dQu$PP"
"cecile.aguirrezabala@edu.tbz.ch"|"2fqaLx-0xq6hh-ua8opH"
"maella.gwillim@edu.tbz.ch"|"yB1srr-gogDUX-Dtl$$H"
"lea.mcgahey@edu.tbz.ch"|"2edXF&-yYxrxD-WjDopj"
"laurene.hagerty@edu.tbz.ch"|"XJGU#N-sxOBV5-QwybWK"
"dorothee.link@edu.tbz.ch"|"x47gm3-NBjHIx-OXbMyr"
"clementine.kynsey@edu.tbz.ch"|"xoGNtJ-kTm@aa-mSoGtA"
"lorene.smitherman@edu.tbz.ch"|"%3vjru-zLHxg$-vcZaQ&"
"cleopatre.klulicek@edu.tbz.ch"|"x&gnT@-Qfc$zr-Fmk0vq"
"laurene.castaneda@edu.tbz.ch"|"bm60qi-mMMMK$-Mx9M#g"
"melia.constant@edu.tbz.ch"|"wljXyI-LB%c4x-AD8t@8"
"lucrece.clunie@edu.tbz.ch"|"Vgs%pu-nJsndY-hz10DJ"
"eleonore.mcmurthy@edu.tbz.ch"|"h8oI6i-yZlfVk-xWrNIK"
"melia.bevar@edu.tbz.ch"|"BdowTQ-GO0yK#-oR2ALb"
"camelia.bontine@edu.tbz.ch"|"tc%8CP-xKXuih-#Sw6mg"
"methode.jozefczak@edu.tbz.ch"|"HjFRNO-8zfdKg-Z8@lVM"
"audreanne.hinsche@edu.tbz.ch"|"dMjVH8-jZoJ4J-euvBFs"
"andree.varne@edu.tbz.ch"|"FWoD8p-Jz0zNR-0gNZgN"
"marten.kinleyside@edu.tbz.ch"|"MjHf#%-W8ZWzS-2G%hG5"
"esteve.mcewan@edu.tbz.ch"|"reEjLT-Kv%omb-kC4z87"
"leane.dibbert@edu.tbz.ch"|"ZdbuWE-edfmzX-KMpjyV"
"ma.thewlis@edu.tbz.ch"|"UweUwK-o#ENFG-M3E8JN"
"clea.djurkovic@edu.tbz.ch"|"oLetdd-30qhyc-UaUzt7"
"rachele.reburn@edu.tbz.ch"|"#QcyTI-Q%k&EX-LyQILo"
"gerald.gowling@edu.tbz.ch"|"uJ@3iu-5ELz%I-fDAIyK"
"cleopatre.jackson@edu.tbz.ch"|"n2qeZm-iAOxS&-Rzp%RZ"
"desiree.haskins@edu.tbz.ch"|"l6k0ro-lCu2bq-QfCcxE"
"eleonore.longson@edu.tbz.ch"|"$v01UX-PcsHKp-2iqZOM"
"leane.dybell@edu.tbz.ch"|"eiN9V2-6o9@5S-Z8o&cR"
"becassine.grzesiak@edu.tbz.ch"|"PBzSmO-PkkP5P-zcZaOJ"
"marie-josee.pickin@edu.tbz.ch"|"o@qhrw-k6I9sA-lwz%0w"
"marie-josee.roxby@edu.tbz.ch"|"TxYBai-BlJj2r-1abT7l"
"leonie.feenan@edu.tbz.ch"|"9w7K%I-0uE@9a-azdvHZ"
"valerie.ellum@edu.tbz.ch"|"GyXArx-vzc9fD-3ss&&%"
"ju.caseri@edu.tbz.ch"|"EyJ7NY-RJytVY-Eh5Jtj"
"boerje.strangman@edu.tbz.ch"|"BOHmHD-YTiv&Y-PmMTsC"
"beatrice.ghidelli@edu.tbz.ch"|"dgimda-ZLj$DZ-lMzE1K"
"da.jablonski@edu.tbz.ch"|"ZeQRCW-jEv7cT-Zo%xvv"
"uo.beveridge@edu.tbz.ch"|"%vapau-LOGxgT-ap8CuT"
"valerie.bestman@edu.tbz.ch"|"V19Zji-Yycdxs-g6Acpn"
"marlene.pohls@edu.tbz.ch"|"NqCbDX-gl6zOE-HcWcKo"
"ma.nolda@edu.tbz.ch"|"w8JYyb-tgRN3%-u5OMmu"
"marlene.bisiker@edu.tbz.ch"|"whtj3Q-F1uaGG-mKaGhR"
"estee.babon@edu.tbz.ch"|"O$&nvv-2%oBjW-qLci1Z"
"simplifies.dmisek@edu.tbz.ch"|"VM&k@$-lop40V-JdeG0J"
"selene.ganing@edu.tbz.ch"|"e7GnVp-xNv%0N-DW2@aG"
"meryl.penke@edu.tbz.ch"|"U32TRp-LBzEzJ-$8%gUy"
"anais.rawcliff@edu.tbz.ch"|"oBYXQn-hNXGe1-u99kIK"
"melina.andri@edu.tbz.ch"|"Z5orPR-L3LFDG-PilA4F"
"audreanne.fodden@edu.tbz.ch"|"ASRti4-xHIlvJ-DdFYW1"
"bjoern.spellesy@edu.tbz.ch"|"cJEpMe-KmdBx0-djWN1r"
"francoise.summerscales@edu.tbz.ch"|"2lc0k9-sN0w7H-i7WrQU"
"laurene.ashtonhurst@edu.tbz.ch"|"88Zbs6-#iT6Mz-dde68b"
"valerie.petters@edu.tbz.ch"|"5Of$In-eUl7cO-sHpOGX"
"anael.spenclay@edu.tbz.ch"|"dEQ7ZS-hLfwj7-Vg0tFG"
"stephanie.keech@edu.tbz.ch"|"v#aNn2-4eJSjA-v$dR&a"
"ines.deveril@edu.tbz.ch"|"8g0TlJ-19LJ6e-XXyjKc"
"berenice.gelder@edu.tbz.ch"|"xWnENT-u2UW65-xW%V6U"
"melanie.ofogerty@edu.tbz.ch"|"kWMLnk-W%VLOu-UZul%@"
"frederique.canepe@edu.tbz.ch"|"QOy3Hk-rWMz6s-szIIUf"
"nuo.otton@edu.tbz.ch"|"sDZUAi-dLZi8f-9TGshe"
"genevieve.trusler@edu.tbz.ch"|"dLBjuA-@H&YfQ-cWmZ#8"
"ju.boag@edu.tbz.ch"|"FCWu$Q-92smVl-XBtk4s"
"josephine.dilucia@edu.tbz.ch"|"Htzl#@-wr2F#r-xY#a@N"
"laurene.armsden@edu.tbz.ch"|"qWmt3K-S7wLBh-qRhmB6"
"becassine.griffe@edu.tbz.ch"|"jGgEUp-EXIxGh-J8jvZ$"
"alois.parres@edu.tbz.ch"|"7AzytN-wjoCqQ-9kaUOB"
"cleopatre.gaffey@edu.tbz.ch"|"B&P0If-7rg$9F-RVXvIU"
"andre.stiger@edu.tbz.ch"|"QXFdpq-WSvknk-y4XVKo"
"beatrice.godleman@edu.tbz.ch"|"Imwaaq-Ozz9GF-MIWQEI"
"hakan.harrhy@edu.tbz.ch"|"am84By-JtYZbe-jwfYUv"
"celestine.dagnan@edu.tbz.ch"|"GZl9ZC-98qmhp-AIU@eD"
"clemence.haggart@edu.tbz.ch"|"XK2k$0-3qHL@G-wg3WrQ"
"long.caban@edu.tbz.ch"|"$KBOzH-8Yfv%$-Bn19df"
"gaetane.grimble@edu.tbz.ch"|"@iTCQZ-zWRVuY-k%6j&S"
"maelann.piwall@edu.tbz.ch"|"SC2mN@-r8qfef-lE&9ND"
"magdalene.loble@edu.tbz.ch"|"zppkxx-K2w$lm-fAdNv8"
"veronique.domaschke@edu.tbz.ch"|"RDX6vp-9NRkzE-gxThju"
"clea.herity@edu.tbz.ch"|"$y19l1-Wglt9p-@UQt13"
"maelann.bambrough@edu.tbz.ch"|"5SleK2-loxTYk-S7pz8T"
"clea.goulstone@edu.tbz.ch"|"WtcJqB-NB9Q7D-IQ9iGf"
"renee.deleek@edu.tbz.ch"|"VEJwRi-UmlINL-mC#CMs"
"boerje.rudderham@edu.tbz.ch"|"hkpqhm-jMH4QU-Syi4@x"
"marylene.broune@edu.tbz.ch"|"lmbSaP-lyuL8v-nd8zMD"
"nadege.mccuish@edu.tbz.ch"|"age%UJ-L24hqn-r6j@kd"
"anael.littleover@edu.tbz.ch"|"Q@#J6h-Ff52t3-jSX5O7"
"lie.baume@edu.tbz.ch"|"BZS3jZ-jVZ7ws-MIdK$3"
"maella.murrow@edu.tbz.ch"|"RKR30P-%nWe04-mmeD#1"
"cleopatre.pettifor@edu.tbz.ch"|"Y28thr-@08jK@-YGNBT@"
"geraldine.asker@edu.tbz.ch"|"pY6H9g-SB67c&-LBaCd&"
"gaetane.smedmore@edu.tbz.ch"|"6g$tvw-V79Cou-%@nV#r"
"meryl.blencoe@edu.tbz.ch"|"a$giGQ-o7VH#T-pJ6d6x"
"aurelie.chastaing@edu.tbz.ch"|"ulcHRx-3Q5@hl-qLacPY"
"oceanne.marthen@edu.tbz.ch"|"JNevgN-I4p&zN-N9HOnM"
"dorothee.burrill@edu.tbz.ch"|"E1ActD-c8w55o-wPvD@x"
"hakan.belden@edu.tbz.ch"|"xtRyPx-aE2JEj-8K35lQ"
"celine.brunning@edu.tbz.ch"|"LsPpar-UUD@G0-qv$Zk#"
"anael.lapides@edu.tbz.ch"|"Dw@loc-mR5JP&-hPnFm8"
"ruo.saffran@edu.tbz.ch"|"M$ULS7-0plwMD-XRnbhH"
"loic.gerretsen@edu.tbz.ch"|"ITgoUq-oY&0yS-xEAY5G"
"rui.fitzer@edu.tbz.ch"|"UM#of@-ptacLb-sdEn5h"
"annotee.ogers@edu.tbz.ch"|"MOzyrr-DF@gHb-PXD2qt"
"boerje.bindin@edu.tbz.ch"|"ozGM5z-QhAnCz-ZO83jR"
"ma.cronchey@edu.tbz.ch"|"lGZejZ-7Sg@3N-nIHOr#"
"laurelie.baiyle@edu.tbz.ch"|"APKaHj-P#I0lt-KViIUB"
"dorothee.older@edu.tbz.ch"|"rTcDRa-35HxYq-Mi8t6L"
"laurena.wile@edu.tbz.ch"|"6Fb9an-lUTB%H-4o%$HY"
"clemence.brito@edu.tbz.ch"|"##E9Sy-YJd%V&-k0cS3P"
"nadege.dallin@edu.tbz.ch"|"3KgmKT-Mq&6D%-BUuXQl"
"mailis.matley@edu.tbz.ch"|"ZkiGcV-g5%z0k-kdWfju"
"daniele.screaton@edu.tbz.ch"|"T7HNLS-OkDHdT-ntRVcm"
"mediamass.godly@edu.tbz.ch"|"gkSi5l-rn5dlu-gC2kYz"
"leone.kremer@edu.tbz.ch"|"Es4xqU-Y$VUYV-VB%oDE"
"asa.adrian@edu.tbz.ch"|"irLLxn-$lL3FB-26taat"
"adele.doley@edu.tbz.ch"|"plNtjk-9g3wOQ-SQOi7H"
"fei.sidney@edu.tbz.ch"|"67l@&q-LS$#9U-$%1sue"
"marie-josee.walisiak@edu.tbz.ch"|"p@HMHi-xUvIPD-D$UlL0"
"desiree.diplock@edu.tbz.ch"|"&uWF64-U4PEN2-eRVOhH"
"gisele.schust@edu.tbz.ch"|"C%vGh8-QksH2@-%spB4h"
"ma.longshaw@edu.tbz.ch"|"yF4DRY-nM8EuN-k03Hww"
"da.boother@edu.tbz.ch"|"Fe%uq3-$@TmDA-31v0HX"
"simplifies.chaudhry@edu.tbz.ch"|"17SANo-6vsYNh-mHSXEO"
"garcon.baniard@edu.tbz.ch"|"kErS4X-$4S4V8-0a7N0Y"
"gaetane.elphee@edu.tbz.ch"|"ynZ8&g-2lZyBL-VGBqxZ"
"gisele.hassey@edu.tbz.ch"|"uYnDQ&-DoG9zw-Ax&lzi"
"oceanne.booley@edu.tbz.ch"|"9AK6Pn-5vAHPB-qSWy6w"
"oerjan.dibden@edu.tbz.ch"|"8TflG3-jF6M#b-wd#dbd"
"regine.ocleary@edu.tbz.ch"|"rMOg&2-n%9TZp-#%wJmE"
"selene.persse@edu.tbz.ch"|"vV0CdT-C3OJjU-f0Nzt0"
"helena.adenot@edu.tbz.ch"|"0UwPiL-jxqdVz-JD0oDC"
"maelann.wassung@edu.tbz.ch"|"pLAAwZ-@%NRlG-L0Ho&a"
"frederique.ackermann@edu.tbz.ch"|"9kKRNn-cOlYsj-WTzCCB"
"audreanne.kahen@edu.tbz.ch"|"eb5FWD-anjw18-ozolB1"
"maiwenn.lasty@edu.tbz.ch"|"hJKTtx-qm142e-1c#cOk"
"yu.dictus@edu.tbz.ch"|"0@Mvpd-&5w9L4-TuHLz1"
"anae.dukes@edu.tbz.ch"|"MAc@#9-yD4jdB-fCN3M&"
"yenora.warr@edu.tbz.ch"|"P#$$X4-U3Cw#C-ZH1QlD"
"esbjoern.archibold@edu.tbz.ch"|"nE&iEz-lEfJcy-aDnVum"
"milena.pardal@edu.tbz.ch"|"EdePOd-B$$Whh-zeMXZO"
"celestine.graveston@edu.tbz.ch"|"O@Vf5Q-1rbbQh-U3ua01"
"maena.dallas@edu.tbz.ch"|"ZuT4v#-bEMf1F-uDwmOt"
"andree.tuke@edu.tbz.ch"|"OyAkw1-wvSec@-yT&BUL"
"methode.seldner@edu.tbz.ch"|"plMX4X-3LH%BY-DW8IK4"
"venus.bullas@edu.tbz.ch"|"sSvK7r-yhHqLE-Ow4pee"
"mans.aguirrezabal@edu.tbz.ch"|"@#rwjf-SMU78c-iXJBw$"
"gaelle.eadington@edu.tbz.ch"|"9$FKNO-xSXXiX-pZXZ2r"
"anaelle.falkner@edu.tbz.ch"|"UXJToH-w%owg&-CfiCNx"
"ophelie.height@edu.tbz.ch"|"r6PYtl-P4fWDU-ynVHBb"
"marten.bolding@edu.tbz.ch"|"Il6LxA-TR&lbr-TPVRFs"
"pelagie.guswell@edu.tbz.ch"|"Jtwz1C-$pnfpD-cFjgRX"
"gwenaelle.lecount@edu.tbz.ch"|"leIujs-KktXbQ-zqF&i%"
"hakan.laden@edu.tbz.ch"|"ep@LCu-vBBseE-ZtqXPb"
"marie-josee.hylands@edu.tbz.ch"|"YBiyrd-nPH7GJ-qkG&sH"
"zoe.kingshott@edu.tbz.ch"|"msV1R$-ngpejF-ZjTJ8F"
"josee.janous@edu.tbz.ch"|"8&d%PP-9lrHVp-gBNK2M"
"laurene.gallally@edu.tbz.ch"|"1VrVHv-xgqfSs-%puPDe"
"anael.bickle@edu.tbz.ch"|"#UqOWo-%mQG&q-od27Yi"
"mediamass.lebbern@edu.tbz.ch"|"sVknmf-2OPSkJ-P96Q3H"
"berengere.hovy@edu.tbz.ch"|"xmgo$F-$95M%B-Q47TiZ"
"oerjan.kilmurray@edu.tbz.ch"|"SOuabz-45t5%w-k@wgkY"
"asloeg.venny@edu.tbz.ch"|"qsgs&U-CZ7qMq-AHf0pE"
"marie-noel.stoad@edu.tbz.ch"|"Yrd&pn-2bRWnP-$B2wIq"
"hakan.pettifor@edu.tbz.ch"|"BwYZvq-ID@puC-u2llYl"
"maella.willgrass@edu.tbz.ch"|"QlEYhU-ySagx%-1qu8M3"
"therese.ludovici@edu.tbz.ch"|"SU#Bzw-2XpuJk-MVIjNZ"
"stephanie.trewhitt@edu.tbz.ch"|"ZQokCT-IBj2fk-Wtr9C9"
"maerta.bauduccio@edu.tbz.ch"|"VughvW-WFc4#V-jV1YNp"
"gaetane.glaisner@edu.tbz.ch"|"PzJsP#-pxwVjP-@Co7i$"
"naeva.pargeter@edu.tbz.ch"|"9zWEx1-kyqQvN-lMh7kx"
"salome.venable@edu.tbz.ch"|"S8Ob4Q-XRV7aK-et1Z6K"
"boerje.thickett@edu.tbz.ch"|"ZtxN#B-J%pR%s-WLKnkb"
"lucrece.prendergrass@edu.tbz.ch"|"AGJ6y2-XU$Xn3-udrK7#"
"laurene.ockleshaw@edu.tbz.ch"|"vvW$6f-ycHfq1-PB9A1t"
"cecilia.pasticznyk@edu.tbz.ch"|"rgFSkv-bSIHsF-$@W@eG"
"stevina.mackey@edu.tbz.ch"|"9OX6LT-suVRW#-jUr5QV"
"marie-noel.reven@edu.tbz.ch"|"Rpo6nt-RcZ8fv-OjoD&$"
"melina.quilkin@edu.tbz.ch"|"t5BjIQ-Zwb6bq-wV5mc9"
"marie-noel.ferrie@edu.tbz.ch"|"TL#z@2-RMwg5d-y4N09y"
"leone.alphege@edu.tbz.ch"|"QXLkDY-k3$Z3c-P$LggC"
"zoe.leverson@edu.tbz.ch"|"s32#Aq-6mF%eo-ZRj8Ax"
"annotes.grayne@edu.tbz.ch"|"d7@Ktu-EFmekR-L4rQtY"
"faites.lalley@edu.tbz.ch"|"Ez3NQ7-V9JCJi-LpkIw3"
"adele.wallis@edu.tbz.ch"|"mK0hrv-kGPd%R-1nCwaS"
"severine.madill@edu.tbz.ch"|"oy2Qvo-&vG2Tn-O$7vhA"
"valerie.tebb@edu.tbz.ch"|"GgZXa&-CuA8OG-0RR32z"
"kalliste.rasper@edu.tbz.ch"|"aN&uNn-JEng@&-1OiMuN"
"audreanne.palomba@edu.tbz.ch"|"QFuvmg-jwzaPo-bqD#ND"
"elea.adamik@edu.tbz.ch"|"4i%KYk-pSovmo-q6&qkK"
"reserves.jakuszewski@edu.tbz.ch"|"8e8BYx-6gAirb-SC#Akn"
"athena.belhomme@edu.tbz.ch"|"l69R1w-@cRbtE-cOWVEo"
"rebecca.crippin@edu.tbz.ch"|"uKM52N-rcDSJ6-sX7UEY"
"maiwenn.curman@edu.tbz.ch"|"D9q7bu-Rad6AG-pIHZJ6"
"andree.bunner@edu.tbz.ch"|"RkI9LM-OdM5nL-kiZZ7m"
"ruo.winckles@edu.tbz.ch"|"QFp&dn-LzkV#F-jrxw@2"
"naeva.buntine@edu.tbz.ch"|"aH6Tzw-73RgJI-@hNARU"
"boerje.dollard@edu.tbz.ch"|"p%6PKv-K2Peo#-G8Lbkc"
"penelope.gorman@edu.tbz.ch"|"dh$67O-tZ&J$X-5drRKR"
"alois.robelin@edu.tbz.ch"|"0csh8w-gs3&mv-vF&5i5"
"anaelle.tindle@edu.tbz.ch"|"xZs#I@-Qf4rQ#-ApftoG"
"ye.frears@edu.tbz.ch"|"zYO236-LfBXrK-l3Xguz"
"andree.ovid@edu.tbz.ch"|"4USjBu-NCM9%d-fdZoSs"
"hakan.peat@edu.tbz.ch"|"PAxP43-5xYsqs-mic@QT"
"andre.januszewski@edu.tbz.ch"|"MHwuZy-0NzJsu-BSdbiD"
"annotes.clemmett@edu.tbz.ch"|"cRRxad-tXeAgt-jOQ2@%"
"pal.lambswood@edu.tbz.ch"|"JkzzXU-&UX4cI-R8v4u$"
"yao.lenton@edu.tbz.ch"|"w7aybL-MMhbEI-l2wuvb"
"hakan.boyton@edu.tbz.ch"|"oayW92-SAClf0-DHb6VX"
"nelie.forsey@edu.tbz.ch"|"PFSG2J-um8Va0-#f08pX"
"hakan.horche@edu.tbz.ch"|"fZCm3b-SK$$fl-FxXWEq"
"lorene.sinkings@edu.tbz.ch"|"Jhu%ys-Qp61i&-5kiI7Y"
"marie-therese.creddon@edu.tbz.ch"|"dKS$Wb-WikWR&-aDdL1E"
"berenice.tolworthy@edu.tbz.ch"|"XlyJ4g-Nve$Pq-PiC@IJ"
"theresa.land@edu.tbz.ch"|"vxDWrY-IX%fNY-N%5pn&"
"marie-therese.gianilli@edu.tbz.ch"|"Qh5he@-ij3SqH-dM@Kve"
"meryl.glew@edu.tbz.ch"|"Yi@yai-#mRL9s-2XhBXX"
"adele.debling@edu.tbz.ch"|"3y2oFX-9%7ygj-Ndl95j"
"anae.metzke@edu.tbz.ch"|"vFkn1N-%#Z&Ne-kp1PZk"
"gaetane.gooden@edu.tbz.ch"|"71MMHN-&G$tsq-MuME@$"
"laila.bootland@edu.tbz.ch"|"3kZ%77-ZQs3$Y-&bAx1S"
"maite.helsdon@edu.tbz.ch"|"rYHNMG-&L&S2k-vvlg#c"
"andree.malley@edu.tbz.ch"|"cJAZ3I-rnYm2n-RxuJF5"
"pal.simmens@edu.tbz.ch"|"@mcKqA-uz20vI-9GyBSk"
"maelys.nuccitelli@edu.tbz.ch"|"yPnp9Z-7uTyv1-SP92dR"
"dafnee.sibary@edu.tbz.ch"|"Rq%ufq-fouAX4-AD6Uqw"
"alois.harsnep@edu.tbz.ch"|"UK#Xck-9MnD45-ysIZG@"
"marie-helene.lacky@edu.tbz.ch"|"9Fiqha-jikQ08-g19LIg"
"mylene.youthed@edu.tbz.ch"|"$iMq@U-897XF4-c4LJSH"
"marie-helene.dehmel@edu.tbz.ch"|"0jU&oR-3rPfjK-hM1fIo"
"angele.batman@edu.tbz.ch"|"YVvvqe-4TCfay-dGzmK$"
"melia.younghusband@edu.tbz.ch"|"aLnYtp-g&fP1E-OFb0Vq"
"eloise.baldi@edu.tbz.ch"|"JIaEM6-ng3L$H-LTE84E"
"illustree.dun@edu.tbz.ch"|"IDyh#5-XfwCjq-hsaPtW"
"genevieve.late@edu.tbz.ch"|"RfhAyb-Z1XFU&-zpRLp@"
"celestine.colville@edu.tbz.ch"|"Wz$X2Q-NpvS7N-5XWNzR"
"gwenaelle.scarlon@edu.tbz.ch"|"i&MbEE-XU3C28-qMjx6l"
"regine.boddie@edu.tbz.ch"|"BqIy8F-dC8JK%-79WtaZ"
"creez.gaughan@edu.tbz.ch"|"ap26K@-vlQHqG-RvjttU"
"gaia.longford@edu.tbz.ch"|"Mxoyun-r@l9O4-51iSzp"
"mailis.buckby@edu.tbz.ch"|"s0up0Q-tFPFvS-VkrCNN"
"song.parbrook@edu.tbz.ch"|"Uj4BEs-9G6Ujl-y#uVFN"
"frederique.heddan@edu.tbz.ch"|"x&aOHP-7VOuC1-y6aJ5P"
"ake.kirtlan@edu.tbz.ch"|"ZG3%yh-%uhgMb-ndO&0X"
"nelie.runciman@edu.tbz.ch"|"wGDmhU-GNrLac-2C95ST"
"mailis.cardnell@edu.tbz.ch"|"ufAPGW-qvknD@-R74LHD"
"irene.navarro@edu.tbz.ch"|"jf54BN-TRed&$-@7f%fD"
"maite.cough@edu.tbz.ch"|"qWr@g6-gsV2du-%0jWtg"
"anaelle.stocky@edu.tbz.ch"|"rx6e3G-Ao2189-KF9Ngb"
"methode.moulder@edu.tbz.ch"|"%iFpPr-l$1qL6-lKlDa2"
"po.stafford@edu.tbz.ch"|"$2iAoG-Cymwxh-W%s6&W"
"faites.scraggs@edu.tbz.ch"|"I%T$ZU-wbJj8s-ivWGOo"
"adelaide.dullard@edu.tbz.ch"|"pw4O2y-gy6mvN-VXXkgA"
"desiree.leonard@edu.tbz.ch"|"nypO1U-CJLXUs-JSY6Oj"
"geraldine.badgers@edu.tbz.ch"|"SZJ#Tr-xOATQ#-w6cLVl"
"ruo.masic@edu.tbz.ch"|"JAqrww-XDvUV%-TWaldp"
"aurelie.lieber@edu.tbz.ch"|"3jjA&B-8jl62d-P%xOHi"
"naelle.balcock@edu.tbz.ch"|"wQeBVA-JK%dbw-YOnmK8"
"camelia.elger@edu.tbz.ch"|"F1y51$-rSPxOT-$0K6Lv"
"publicite.oakeshott@edu.tbz.ch"|"sLL9Ns-Iob7Q1-n7dX9b"
"cleopatre.fawley@edu.tbz.ch"|"2IcBKL-1w0nFX-6qSZ3h"
"laurene.bruckmann@edu.tbz.ch"|"ul9YFX-BbMr6A-Z%vltU"
"rui.haughton@edu.tbz.ch"|"#$F1A3-d5HAJh-O4qM@T"
"asa.ladewig@edu.tbz.ch"|"NnXjfJ-3G9nUA-SSf$gI"
"gisele.janecek@edu.tbz.ch"|"gVgjIv-Cff2bL-VBC4Ix"
"maily.loveridge@edu.tbz.ch"|"3vngm@-GyT@ht-iR3kFk"
"marie-eve.yurkiewicz@edu.tbz.ch"|"1b63Nd-@CcqMy-x7ILrl"
"fei.roder@edu.tbz.ch"|"nBe1lZ-Fz40IV-ciib@J"
"edmee.chatburn@edu.tbz.ch"|"czH@Bi-wgrF5%-HhCv%5"
"geraldine.darke@edu.tbz.ch"|"im4wIe-sS0fxH-Mhg1um"
"ye.jira@edu.tbz.ch"|"jSEGAG-q6wRwt-A@b7OE"
"publicite.persent@edu.tbz.ch"|"s43Pa8-DtpqH%-h9qksm"
"severine.wilcox@edu.tbz.ch"|"PdKCdP-8hVLmP-TWzwwN"
"yao.mcclaren@edu.tbz.ch"|"A3XyQ9-HPIAnT-tJeIq1"
"theresa.foynes@edu.tbz.ch"|"V%R7SA-vQ5urG-4Sx&wJ"
"stephanie.isley@edu.tbz.ch"|"4MoS1B-9YsYnP-JpyGOF"
"torbjoern.growy@edu.tbz.ch"|"5pUXxc-hr0@c&-VnhHMf"
"eloise.tunnadine@edu.tbz.ch"|"PsnPnY-9WRHQ4-bRo4p8"
"maeline.cossentine@edu.tbz.ch"|"k6m8GG-xpB%&%-i9SbZ4"
"nelie.desantos@edu.tbz.ch"|"2Vs6Pj-fqUyxA-fPPYCL"
"gaetane.axston@edu.tbz.ch"|"CWU27@-Le1Y0O-UDzE@9"
"aimee.merman@edu.tbz.ch"|"hMFkL$-JYeL$v-hZNxLW"
"oerjan.drivers@edu.tbz.ch"|"AZ4GFq-MV6Zkb-mc1%ZV"
"aimee.miroy@edu.tbz.ch"|"Yn&&0g-LRkdPO-kbGVQy"
"nelie.glyde@edu.tbz.ch"|"9XE218-Nm6Weu-pE&%Uo"
"hakan.kapelhof@edu.tbz.ch"|"5ABMuA-Q$x#og-G8$SP0"
"maelyss.cauley@edu.tbz.ch"|"6x6Wqd-prHR41-wLpVjG"
"elea.vaggs@edu.tbz.ch"|"f6XL3P-o9aLjp-o7i3DL"
"maelys.but@edu.tbz.ch"|"Z7Bugt-vti$9T-MjDUic"
"maella.arthurs@edu.tbz.ch"|"urpuCC-X2qqia-GoiboS"
"adele.liebrecht@edu.tbz.ch"|"EyqHXo-vs6of0-S3rJLo"
"meline.lomasny@edu.tbz.ch"|"@R7h20-Qfd&oq-xZY6LK"
"mediamass.schwant@edu.tbz.ch"|"GwI$QM-eDNmso-ppgEd7"
"leone.saunt@edu.tbz.ch"|"mw0PSj-nLto4H-mk7gOt"
"annotes.gouch@edu.tbz.ch"|"B48vMl-8tENxh-0qzD0J"
"gaetane.bowich@edu.tbz.ch"|"2%b0w%-7edbAL-0gB#7d"
"alizee.strelitzki@edu.tbz.ch"|"kk7VYR-qad3t0-#QpBRC"
"leone.poile@edu.tbz.ch"|"wd2PDM-OcA@UP-EihDJC"
"amelie.saban@edu.tbz.ch"|"b@AGAj-z%WhcZ-rhRO79"
"marten.mcmenamin@edu.tbz.ch"|"hrK9oE-3QButN-&cmTv6"
"becassine.keets@edu.tbz.ch"|"h5N9kc-4pbi2R-7EJVI#"
"celine.million@edu.tbz.ch"|"@13Amv-g61ydg-PA1e$7"
"geraldine.belitz@edu.tbz.ch"|"&FdVox-8O1P0L-VVLu7Z"
"salome.mardling@edu.tbz.ch"|"4Lx%b@-qQj0JP-B8weV&"
"melia.blakemore@edu.tbz.ch"|"133pPI-bEtgqG-s%TcLd"
"dafnee.mcaulay@edu.tbz.ch"|"V4HxiX-&7HYkF-h0JZPP"
"garcon.dennett@edu.tbz.ch"|"nXKjRz-Mv&RT6-XRgPW&"
"interessant.lesor@edu.tbz.ch"|"y0KTEp-n0q5kJ-jSOP2d"
"annotee.wasbrough@edu.tbz.ch"|"KTn6LD-6T$NO&-xwuXaT"
"asa.ibbeson@edu.tbz.ch"|"fNNmou-s@ht0e-LwvsLN"
"maily.kennealy@edu.tbz.ch"|"F4h%rI-apJnZT-Xcp&Jq"
"ye.seares@edu.tbz.ch"|"J54ePj-JpXUoh-&ogk0y"
"athena.harbron@edu.tbz.ch"|"uzwITN-ldt4W5-kyF2q4"
"andreanne.portail@edu.tbz.ch"|"M2xf5I-Vx3UEW-qfuTkL"
"goeran.zannelli@edu.tbz.ch"|"ar7UW6-ZNkFm5-BVJZeP"
"gerald.leathlay@edu.tbz.ch"|"3wwd5j-Gaws@A-#Z1t6l"
"andreanne.chown@edu.tbz.ch"|"EnFgtf-ANg9AD-e1qFNx"
"esteve.clementel@edu.tbz.ch"|"e1VcV9-AARZoB-#969Ti"
"leone.legan@edu.tbz.ch"|"VkIzFe-aoNV36-9a6Gy7"
"maena.pownall@edu.tbz.ch"|"4%njv8-tNzQGy-&YfB%m"
"andree.rettie@edu.tbz.ch"|"qm5pbO-RqsNDb-79s$mO"
"ines.kenwrick@edu.tbz.ch"|"JMTbeq-UpVpeE-$sGfsb"
"marie-helene.yarnall@edu.tbz.ch"|"StIPmP-NSpZMT-POg2go"
"po.martin@edu.tbz.ch"|"kq@H5a-RsaiFy-5u$UCY"
"ruo.celiz@edu.tbz.ch"|"yF7Xf&-8#$DwR-y$Vl2B"
"po.bissett@edu.tbz.ch"|"bcXV#a-7e&kGw-5Y4vXy"
"du.swindon@edu.tbz.ch"|"3DawwZ-VsDzRz-p0IQTZ"
"interessant.gouldthorp@edu.tbz.ch"|"S50&VC-UU41up-BW6QUw"
"leandre.lilburn@edu.tbz.ch"|"yIBn6f-tXAlAy-4bk@YM"
"bjoern.whales@edu.tbz.ch"|"MosICX-@KJ&hj-NKGKiK"
"interessant.dieton@edu.tbz.ch"|"e#ADeo-x&C25N-C77lgJ"
"celestine.redhills@edu.tbz.ch"|"TYbJut-5y%5oY-YoRtAm"
"tan.yakovlev@edu.tbz.ch"|"AMs5J8-$t7Gip-M2qEyf"
"regine.mcdowell@edu.tbz.ch"|"9M#$r2-DbB5Jb-7%M7e%"
"ju.coysh@edu.tbz.ch"|"qeHRvh-SWHJq&-IyA89T"
"reserves.ofallon@edu.tbz.ch"|"UmkML%-AFlo5l-ryHEzt"
"frederique.sobey@edu.tbz.ch"|"TySPqy-Iw3@Xn-@G9#A#"
"marie-eve.garstang@edu.tbz.ch"|"n&EoNu-9IIUqU-rgSH9w"
"andre.tapin@edu.tbz.ch"|"hE0U6j-J#WaaF-#lWGVV"
"esbjoern.eynon@edu.tbz.ch"|"L3tPnS-pclXrV-ol@HlL"
"maella.duffy@edu.tbz.ch"|"rsaGpU-36zMi8-mr0vMS"
"leandre.twinning@edu.tbz.ch"|"tXt1xQ-#OSiYw-4JS4wj"
"mai.whittingham@edu.tbz.ch"|"yuQwx5-RCsIo#-8Ig5Jy"
"rachele.shevelin@edu.tbz.ch"|"5WnZ7m-5d&CO0-mWhag3"
"cecile.mcure@edu.tbz.ch"|"AQdI81-#pEg6P-LcyKj@"
"marie-eve.yurkevich@edu.tbz.ch"|"qbG8AU-pGADsz-ezjqhH"
"almerinda.paice@edu.tbz.ch"|"HNgLlC-KWL@pa-MfiYpO"
"rao.howkins@edu.tbz.ch"|"ixMteW-TCnXoM-Jba33$"
"serena.pack@edu.tbz.ch"|"hnCxbh-keJukq-#dC5WA"
"rebecca.mant@edu.tbz.ch"|"g$oVQz-ixE9YV-3&#tOw"
"reserves.spitell@edu.tbz.ch"|"rvlwC4-#9HO1F-1wOEIF"
"garcon.hamfleet@edu.tbz.ch"|"$NgHj&-#1qzUa-3F8fZV"
"methode.kerkham@edu.tbz.ch"|"U&Oqeg-cO2VrT-$m37ff"
"pelagie.camies@edu.tbz.ch"|"nRPi21-NnN2v#-1gZqPp"
"josephine.macpharlain@edu.tbz.ch"|"K#UoCU-r9JRT$-u93DTh"
"eugenie.mathet@edu.tbz.ch"|"dcuscw-S9Dojh-4rY0DW"
"gaetane.brangan@edu.tbz.ch"|"xoCW6L-Jt2vHI-6lQVnt"
"michele.dewbury@edu.tbz.ch"|"Qsk#sj-UtRSah-3GkKJw"
"eugenie.elcott@edu.tbz.ch"|"P64Y7t-gX@x&n-OqBLQ&"
"megane.harniman@edu.tbz.ch"|"BGTkYY-0&6Oge-9kU0Qg"
"agnes.cluney@edu.tbz.ch"|"TRIgNs-fYSuek-W6yg7P"
"marie-helene.angear@edu.tbz.ch"|"LxQ4di-Bp#ZM6-AAJiZ#"
"melia.dolphin@edu.tbz.ch"|"gUPs9o-d#tPvi-DRstFN"
"lois.ruseworth@edu.tbz.ch"|"@BNxfE-v2ezkr-Tjpbb2"
"mailys.ryding@edu.tbz.ch"|"mhuCmF-oPctk5-e167Al"
"rachele.wulfinger@edu.tbz.ch"|"qmjFR8-R6bN3D-V1kMTq"
"gwenaelle.talton@edu.tbz.ch"|"MrY%ES-HNzL&5-@$9ZOK"
"long.ronchetti@edu.tbz.ch"|"sKfDMX-6z8Moq-lA$F6p"
"styrbjoern.kloska@edu.tbz.ch"|"7F&IIH-I$GwPS-M9Ek1r"
"len.sudran@edu.tbz.ch"|"oR0hKf-drp#sw-T8LdOA"
"maelle.andrysek@edu.tbz.ch"|"G#gwZB-6D6P0n-WjSGhu"
"selene.senior@edu.tbz.ch"|"n4TGz9-HGNVC7-P%iefc"
"anais.joskovitch@edu.tbz.ch"|"&5tOXP-OmEy@j-xq&Sl5"
"marie-noel.dally@edu.tbz.ch"|"TXMQB&-u#Y8yE-xeCiuM"
"marie-helene.laurence@edu.tbz.ch"|"0SBtpj-uf1AEM-dC94KV"
"camelia.foxon@edu.tbz.ch"|"0WIsUY-ARcNX%-RXZoy2"
"helene.cankett@edu.tbz.ch"|"Fyt5XG-Vz7CMv-0zu2v&"
"marten.mitchelson@edu.tbz.ch"|"QwS5z7-FVJUnY-cs7e8e"
"helena.stirtle@edu.tbz.ch"|"XddFVa-djd0E5-cJUftO"
"leane.barmby@edu.tbz.ch"|"JPXT9A-WB$U@3-@YCsmC"
"goeran.ofinan@edu.tbz.ch"|"H%&wf#-%ZlZYR-kL5F#R"
"styrbjoern.proby@edu.tbz.ch"|"CE@WEw-lO&2Xf-#xCtmT"
"zoe.halse@edu.tbz.ch"|"6qTvo0-n0pUER-buefQE"
"kui.drable@edu.tbz.ch"|"za#@VG-4Zz89v-olv##t"
"desiree.bamford@edu.tbz.ch"|"enZlIk-6ln1@j-LzFTx8"
"zoe.suller@edu.tbz.ch"|"EipyP4-HH@pRO-iO&ir5"
"marylene.audiss@edu.tbz.ch"|"b$oC46-aB3UEx-eGQav8"
"adelaide.poznanski@edu.tbz.ch"|"sj&pzG-sOB80l-ZX3ypL"
"maella.coleyshaw@edu.tbz.ch"|"2sQCR9-w8mJhj-0ToXqq"
"marie-francoise.gelder@edu.tbz.ch"|"Fwz%G7-w7yX2t-av9KC8"
"eleonore.chaffyn@edu.tbz.ch"|"OWlRMJ-2lhALg-G1I760"
"celestine.sikorsky@edu.tbz.ch"|"TvRwO8-xspwhx-CYjpaq"
"stevina.londsdale@edu.tbz.ch"|"8RKhDp-45@UXb-Uv2B#n"
"maiwenn.nevitt@edu.tbz.ch"|"PriXr$-K%QenE-V1q1hy"
"magdalene.gerrey@edu.tbz.ch"|"@zdeLD-z246%D-%W%8xD"
"becassine.latimer@edu.tbz.ch"|"GgNWG2-Ugyi9G-JT8dhv"
"da.lethibridge@edu.tbz.ch"|"ZYv&CJ-DAZI19-kSpq0e"
"mailys.claige@edu.tbz.ch"|"G@aCF%-jZ4N43-tRFbKt"
"maena.torbard@edu.tbz.ch"|"DD8JDB-qZIqre-w42N6j"
"solene.lyvon@edu.tbz.ch"|"ULOOcS-EnuK#W-xfxKWM"
"marie-therese.benbrick@edu.tbz.ch"|"kYta5g-XX3qjd-idepDS"
"gerald.edmonson@edu.tbz.ch"|"cxooMX-pNQuYQ-VTD4QE"
"ake.messruther@edu.tbz.ch"|"&dAeS#-c3o$fi-Z#TuEM"
"men.gosneye@edu.tbz.ch"|"uHo@fd-l$LRo#-lQ9$6r"
"anais.jefferys@edu.tbz.ch"|"jH#IRZ-HlxDQ8-plvtH#"
"publicite.tregale@edu.tbz.ch"|"aj9H0T-fiUnHC-E7CsqV"
"maily.santorini@edu.tbz.ch"|"EnRArV-q9TeUT-Zu6idN"
"ines.pioch@edu.tbz.ch"|"l8t%dM-f3LqQf-wb6KSa"
"noemie.marklew@edu.tbz.ch"|"M@B7A$-gmV1oc-9PLf5v"
"meghane.maccaffrey@edu.tbz.ch"|"sZaQdj-$Loo1v-vldzgk"
"berangere.ambrogio@edu.tbz.ch"|"zJNDA5-KmIQZB-A8vc3Y"
"mediamass.ryce@edu.tbz.ch"|"qx91zq-Zotopd-q4VRtX"
"oesten.ubank@edu.tbz.ch"|"h0%7F%-6V6MKa-s7BgIG"
"melina.mackee@edu.tbz.ch"|"Fk$KAE-QrdStV-FML$Lv"
"theresa.livezey@edu.tbz.ch"|"9pSZMV-ne%Dz&-rA8Se1"
"clemence.weal@edu.tbz.ch"|"M3ccOF-6KY6Tn-R7#bGv"
"faites.overton@edu.tbz.ch"|"8cyspP-X3rL@H-Ua1W17"
"clea.lindblad@edu.tbz.ch"|"Ny9Wqx-j%7fCA-0nkoWv"
"josephine.roseaman@edu.tbz.ch"|"EhBZQ7-cAbvDc-g4dPNC"
"oesten.lowbridge@edu.tbz.ch"|"jD1cLx-0lh3mG-BXg7BW"
"marie-josee.brion@edu.tbz.ch"|"vQ$Kq4-zMFBKD-4cbYQQ"
"therese.basili@edu.tbz.ch"|"JyFB7v-iCIRoF-yb@WxZ"
"melia.vertigan@edu.tbz.ch"|"6ieOyR-TKRCVS-L4dyEn"
"judicael.saull@edu.tbz.ch"|"YjDJ1U-lUx7ax-xg6UK3"
"selene.valentine@edu.tbz.ch"|"VRC5@P-TesquK-QLAPLE"
"verane.dunlap@edu.tbz.ch"|"W6$#Ln-13PNe9-OXTBx3"
"meline.kinnear@edu.tbz.ch"|"VpUNoh-YND4c5-V5N29N"
"lei.luttgert@edu.tbz.ch"|"WBgCnE-ev9D2u-2fC05e"
"styrbjoern.lathleiffure@edu.tbz.ch"|"FykUB0-rlgagD-GO4hw5"
"marlene.blasi@edu.tbz.ch"|"kqqdYt-pNmqAA-XibSBq"
"mai.begwell@edu.tbz.ch"|"5UlOX%-#fHsUw-9b7#ma"
"gwenaelle.kaines@edu.tbz.ch"|"jGUeUa-80Mcnn-yBGDm1"
"gerald.adamthwaite@edu.tbz.ch"|"v@nSST-RbPz9G-qHuO#N"
"kui.hartfield@edu.tbz.ch"|"atSkUO-EE$RH3-&UQJHb"
"salome.currao@edu.tbz.ch"|"G5TkAn-JUuHXi-q%Z9YF"
"angelique.tixier@edu.tbz.ch"|"Rfgtv0-X#3Zc5-FnNUEg"
"ju.mcgragh@edu.tbz.ch"|"W@0iWT-Mr5919-@@eL77"
"dafnee.beachem@edu.tbz.ch"|"lkO#oT-0P00EI-tPGXde"
"creez.terlinden@edu.tbz.ch"|"k3cddK-trVZsD-lbQv%k"
"uo.mcskeagan@edu.tbz.ch"|"JTW@hK-oT3hvm-pO9EVI"
"edmee.mccaughren@edu.tbz.ch"|"@dCDqz-4uzYCs-Mt5NEx"
"asloeg.cozby@edu.tbz.ch"|"7FlEPb-7T8OC0-rsSwqC"
"melodie.traite@edu.tbz.ch"|"4rGY5g-V1KfPV-csmOLm"
"dorothee.aindriu@edu.tbz.ch"|"kh0trA-pN@bqw-Q$waB6"
"daniele.doley@edu.tbz.ch"|"QufuIB-74PqaZ-isZ&g0"
"mediamass.fairclough@edu.tbz.ch"|"Oh0ipI-kwXPPv-9QGI69"
"lorene.rainforth@edu.tbz.ch"|"zCxZAB-uIC6w#-XQ8jkq"
"leonore.eyer@edu.tbz.ch"|"O8J%lM-d&ssWa-RUZCxk"
"po.spillman@edu.tbz.ch"|"%iqOGJ-UXAooH-J@rcUp"
"cecilia.plitz@edu.tbz.ch"|"i$g9ma-I4hDS9-YFnnAj"
"lorene.ludlow@edu.tbz.ch"|"MlFRK7-0Ca7LZ-b@pTMo"
"berangere.neligan@edu.tbz.ch"|"A0sD3k-I8GFJH-oPuxU$"
"simplifies.huggan@edu.tbz.ch"|"jD0td8-kxjXL4-jhus5x"
"clelia.prandy@edu.tbz.ch"|"KfrneK-RDuG$2-#oPIgL"
"ake.osban@edu.tbz.ch"|"TxieOy-&NX2n#-ANY315"
"cunegonde.brunn@edu.tbz.ch"|"xy2qj#-cr0L%V-&UDpc5"
"long.grizard@edu.tbz.ch"|"4RMT36-pQEZqN-jzEkuI"
"meghane.diss@edu.tbz.ch"|"%Ehkvw-@3KsIR-k8pw50"
"therese.oldman@edu.tbz.ch"|"fktxzz-DhsjIe-GLbGP%"
"boerje.scamerdine@edu.tbz.ch"|"30N5Wd-KjcDg7-ikbOr%"
"du.saban@edu.tbz.ch"|"J92RLY-zvetZc-OH31fT"
"hakan.clynmans@edu.tbz.ch"|"%GDLjH-iTKagq-LJS9cf"
"wa.macdowal@edu.tbz.ch"|"Lef4cr-alwF&I-BHP$xS"
"venus.hatrey@edu.tbz.ch"|"8cHu5G-8@tZ7k-IeNqV%"
"anaelle.vispo@edu.tbz.ch"|"YgVbfL-P#LPpq-5biC7P"
"mahelie.ollcott@edu.tbz.ch"|"K%HJg#-vuSwI1-T6gVrP"
"mediamass.whyman@edu.tbz.ch"|"Q&$wuA-g0ZmQY-P8cuA9"
"esbjoern.basson@edu.tbz.ch"|"XI3#S0-R3ZlbE-udshVE"
"andrea.morrill@edu.tbz.ch"|"6lSJT3-wOUcl&-o6QVyh"
"melys.grassi@edu.tbz.ch"|"zxLq9s-dDV3t%-UEysYd"
"leone.poleye@edu.tbz.ch"|"#HwY&b-9v#zDd-OJZQvk"
"francoise.penny@edu.tbz.ch"|"3hmYlh-Ty0CXA-LGKBlj"
"rebecca.edney@edu.tbz.ch"|"ChX8j#-4jAhMf-VF4Sa$"
"adelaide.murtagh@edu.tbz.ch"|"%CiYba-6leFc1-HxOjN2"
"stevina.winterbourne@edu.tbz.ch"|"6EPcb9-8LFNEZ-WouM1i"
"ma.cottom@edu.tbz.ch"|"S%5DWk-&4MFdL-SItKxj"
"tan.harold@edu.tbz.ch"|"f7Ka8e-H48gU6-SsnRoW"
"venus.forte@edu.tbz.ch"|"qLj1F$-rqHoWr-TSl2X@"
"almerinda.oluney@edu.tbz.ch"|"LH7&SE-dYx$SH-f$5x58"
"cleopatre.brehault@edu.tbz.ch"|"2r7Q%p-o$e8kY-wWkJAo"
"interessant.lapides@edu.tbz.ch"|"fd3V5#-f40iuQ-0kWZ8Q"
"reserves.hallatt@edu.tbz.ch"|"&d&u74-RgJUVg-%bk3XS"
"annotes.birdwhistle@edu.tbz.ch"|"YDrYT1-uEKoq7-kXcvoF"
"ai.dredge@edu.tbz.ch"|"GCyA@@-cbUGJ%-a0QhXb"
"megane.mussard@edu.tbz.ch"|"kXahLM-bYkeqC-rbcAZ@"
"esbjoern.gowrich@edu.tbz.ch"|"u0mreR-@yIgWM-FmZAYT"
"boerje.brislawn@edu.tbz.ch"|"Wku8&l-qwdjDk-L3TVDo"
"becassine.wilce@edu.tbz.ch"|"oQ0yFm-2dzulY-k57@Ep"
"personnalisee.oels@edu.tbz.ch"|"ITb8nR-&X1X&j-aEwjTt"
"verane.pett@edu.tbz.ch"|"dS9fKP-f0V9qS-&@Yqdv"
"marylene.glewe@edu.tbz.ch"|"H@VGE&-FYlY9u-E03mp@"
"lai.elson@edu.tbz.ch"|"LlSF83-jreslo-rKaAOl"
"serena.difranceschi@edu.tbz.ch"|"SBl@T#-iuk@6N-HR1Sy9"
"lie.espinel@edu.tbz.ch"|"ULrM27-ExXSm3-$fWLSC"
"marylene.fantini@edu.tbz.ch"|"TqNdk2-dAJdJX-mXlJQx"
"andre.archdeckne@edu.tbz.ch"|"2K%rps-knbOCN-&Vm5@b"
"goeran.bohlingolsen@edu.tbz.ch"|"NgS1V4-ilkKdT-p#5Ctg"
"cunegonde.heffer@edu.tbz.ch"|"bIRLac-i4QLBz-1YeXv#"
"tan.fechnie@edu.tbz.ch"|"DGi9Cx-d$FUYc-5gq3ja"
"marie-noel.brammar@edu.tbz.ch"|"CGMPkf-bbEI8g-hIWRT9"
"simplifies.aven@edu.tbz.ch"|"LkpflF-92hy11-#YBzBo"
"melys.pinchen@edu.tbz.ch"|"AC3l&H-XafKB8-g#MdMv"
"edmee.joyner@edu.tbz.ch"|"BMv0wu-g3O1QP-m#$FtB"
"berengere.edess@edu.tbz.ch"|"aUHGfq-cPIHiH-d4DbQ%"
"marie-noel.goward@edu.tbz.ch"|"PShzTB-wSeyN8-Tc5HQK"
"ju.edmons@edu.tbz.ch"|"Xpro9J-Jg@X5R-%p#4SI"
"frederique.airds@edu.tbz.ch"|"7I@%30-jTmC9g-aKQeWN"
"reserves.dauby@edu.tbz.ch"|"QgWYj$-tqUQGQ-Q@sUIW"
"hakan.gynni@edu.tbz.ch"|"U%yYjy-nF7srn-OK3uPf"
"leonore.pinwill@edu.tbz.ch"|"w%LJtk-Vn50li-OF1RI5"
"marie-eve.mcallan@edu.tbz.ch"|"t@nQZN-HDRB1H-@qu4Je"
"naelle.yeabsley@edu.tbz.ch"|"bch0wR-Klb6Yy-7tJVil"
"nelie.jacobovitz@edu.tbz.ch"|"K@T7rY-%0kPEJ-tioYdk"
"adele.conelly@edu.tbz.ch"|"XljHI9-HC%UM0-wY&Z9u"
"clementine.dondon@edu.tbz.ch"|"FNxj5D-8VBe@$-hxspz5"
"zhi.willcot@edu.tbz.ch"|"s9ztTp-bet3mY-kHBrRm"
"chloe.janicki@edu.tbz.ch"|"JgH$@d-5imzXF-LvO9DM"
"meng.linde@edu.tbz.ch"|"z8Y$7R-Ht$Ksg-8ATO5A"
"celine.janisson@edu.tbz.ch"|"Nb$OVU-Z1ZLhd-fWttuY"
"clelia.crow@edu.tbz.ch"|"TxTyGN-2dLG5p-T5cTPb"
"cecile.pyott@edu.tbz.ch"|"6uiXVW-JskF@2-LejBKk"
"ma.fidelus@edu.tbz.ch"|"iYju3D-U6$DKx-B$VgOx"
"marie-helene.poore@edu.tbz.ch"|"7VlGbQ-9C2pXT-a4tms7"
"elies.blanket@edu.tbz.ch"|"YwV9k1-4BBHet-wEURYs"
"yu.boyer@edu.tbz.ch"|"JfONpu-OBWeFp-njGMvE"
"celia.welds@edu.tbz.ch"|"jFDGp#-JVH9h&-3XmM64"
"du.gunney@edu.tbz.ch"|"D61vlk-RhEiAP-%w5hGS"
"goerel.crush@edu.tbz.ch"|"PRcDIm-%@$FV6-@VEh14"
"marie-josee.brosius@edu.tbz.ch"|"u5bRt9-t@JD7D-E1HzX$"
"camelia.adds@edu.tbz.ch"|"BzoG3T-yQTYTL-Gf&B#v"
"anae.irwin@edu.tbz.ch"|"z@k1C@-81#phy-nyL1Yj"
"cleopatre.skeffington@edu.tbz.ch"|"mAR6eb-OQYdMy-kPVT5j"
"gerald.suggate@edu.tbz.ch"|"$pzqcE-L@0yY4-1y@unN"
"laurene.tailour@edu.tbz.ch"|"dm5LBE-a2ICOu-Iix7St"
"amelie.hoble@edu.tbz.ch"|"fQqi0X-Z0lMv0-TE6t5p"
"venus.getch@edu.tbz.ch"|"eWjK#o-Rd6m1Y-wDeDCZ"
"renee.treby@edu.tbz.ch"|"Tk&Qf5-OtXxIJ-pyp6jH"
"almerinda.stait@edu.tbz.ch"|"DBabe9-OYqRID-@rFzKO"
"andree.reddecliffe@edu.tbz.ch"|"oIm81l-ByYuhp-81WYOz"
"leone.wintle@edu.tbz.ch"|"QgK8PE-92&CwV-V1m@qH"
"gerald.fellow@edu.tbz.ch"|"fIlUYY-dXzTXu-ahI1ii"
"ju.gudger@edu.tbz.ch"|"An4D10-unZUhQ-TepsKc"
"meng.ohaire@edu.tbz.ch"|"J3rUCX-u&qC53-A0@a3j"
"cleopatre.missington@edu.tbz.ch"|"Pj$CN0-yTsYo8-uSA47W"
"annotes.debruyn@edu.tbz.ch"|"6y70@x-9JCWb$-nKoyTV"
"gerald.sinisbury@edu.tbz.ch"|"506UDK-9mMV2u-bnZbUx"
"creez.slora@edu.tbz.ch"|"76U#Tu-SmH6rO-WuLQhK"
"gisele.benbow@edu.tbz.ch"|"0X%U1a-2aT9Kl-RgbDer"
"pal.dossit@edu.tbz.ch"|"2DrIl6-O4c0y1-2fVQoR"
"nelie.stirrip@edu.tbz.ch"|"JP8V#e-5lrxwy-SFjIZy"
"alois.ocrigane@edu.tbz.ch"|"kAbypn-EbebgU-gE7GWk"
"kui.mcterry@edu.tbz.ch"|"TFt2Ll-A7aRL@-g9rb81"
"long.willgoss@edu.tbz.ch"|"wmeb@M-pLdn7D-LoKcFG"
"francoise.sumpner@edu.tbz.ch"|"tWHJp@-$40WWj-yGXaF1"
"maely.grinstead@edu.tbz.ch"|"q593Rn-uFUUE#-m%5GV1"
"creez.langeren@edu.tbz.ch"|"4yW$V8-Iz2uaG-SxtcnP"
"adele.dungate@edu.tbz.ch"|"HUokJM-Vu53M$-RHhxBj"
"cleopatre.noirel@edu.tbz.ch"|"UPTyUe-U07vkl-V0FjTK"
"interessant.daverin@edu.tbz.ch"|"kZKTtd-xrCF0a-17E53Y"
"naeva.kalderon@edu.tbz.ch"|"r2oyok-6Zde6k-r63l$9"
"anais.oshesnan@edu.tbz.ch"|"p8EO7s-USaQA4-YPbtH4"
"judicael.anelay@edu.tbz.ch"|"Q58GoU-jCdt4@-hxFhtj"
"eloise.braxton@edu.tbz.ch"|"NKiTqy-cHdKem-Tupfw2"
"desiree.greguol@edu.tbz.ch"|"9U1QpR-X3#9m3-#a@UE%"
"maite.mcclenaghan@edu.tbz.ch"|"BvHVIQ-kTM9i3-23fPi6"
"meng.doret@edu.tbz.ch"|"KcAJ83-Vc9uVS-qaj#1o"
"frederique.chippendale@edu.tbz.ch"|"gPXle%-wZpqKR-bGTG1h"
"andreanne.lanney@edu.tbz.ch"|"xRQw$9-M$vjVp-WdPPar"
"aurelie.claus@edu.tbz.ch"|"#ZJAZL-Y8sMN%-Pl1dos"
"renee.pabel@edu.tbz.ch"|"YiC9Zx-ofCyti-2kCU6K"
"maena.roust@edu.tbz.ch"|"ouvu8P-jVdo%u-M%apIM"
"nadege.carwithim@edu.tbz.ch"|"7F7Fs1-t3XGZI-mMmZI0"
"solene.geyton@edu.tbz.ch"|"IqP@q3-FqF0ZR-2TmEby"
"dafnee.avraham@edu.tbz.ch"|"m8@3QS-et7LFH-MgjsmV"
"leane.woolvin@edu.tbz.ch"|"@g&lK7-EGvD4i-%2QKYC"
"adele.macadie@edu.tbz.ch"|"3@gQr#-JsxOWY-M5UiJN"
"meline.rubica@edu.tbz.ch"|"TyF&y7-u9G9cl-%kXGkV"
"marie-noel.speeding@edu.tbz.ch"|"Cq9Kwu-jNuD5X-v%GSS4"
"nelie.mix@edu.tbz.ch"|"nZC7xW-nCaq5z-KOzba8"
"clea.ollett@edu.tbz.ch"|"xQII6l-7x&LjQ-b1G3XY"
"leandre.mcgavin@edu.tbz.ch"|"pTAJZu-DczS53-2cd9dw"
"cecile.behne@edu.tbz.ch"|"i$S%31-t3o8%A-DtV68y"
"melanie.polle@edu.tbz.ch"|"nfVMl9-EXdmke-UN7mUN"
"marie-josee.titmuss@edu.tbz.ch"|"Vaq3RX-Ub1gt&-fPhrXu"
"helena.guest@edu.tbz.ch"|"dr46IQ-fVfC&w-KJrBvR"
"annotes.chicchetto@edu.tbz.ch"|"lrGHr5-UmzInD-aWrOZO"
"melia.tubb@edu.tbz.ch"|"4fsTBe-y$P3fG-FBZukW"
"angelique.casetti@edu.tbz.ch"|"zZbt7h-Vx1SKV-pDvGZk"
"cunegonde.cleall@edu.tbz.ch"|"I9DboV-vXxIRI-u6X6sj"
"camelia.oaker@edu.tbz.ch"|"o2#gLF-VjkwYb-JdzsnP"
"you.searight@edu.tbz.ch"|"I8Y$5h-y2ArlH-PUajt6"
"kevina.dederick@edu.tbz.ch"|"q#Rk#%-tgUm4m-9RsDSJ"
"milena.jeffrey@edu.tbz.ch"|"Q6pQ$M-&SdT4m-DuKGWH"
"melodie.barkshire@edu.tbz.ch"|"iB5IV8-y&0ZoP-SPeGIR"
"gaelle.kreutzer@edu.tbz.ch"|"#b#5X$-QBqNPH-8C$w5D"
"kalliste.kleinpeltz@edu.tbz.ch"|"f37Iqz-7McGyX-Z0eaCG"
"clementine.danat@edu.tbz.ch"|"1xd3#m-Jr1G3S-#3Yt19"
"andrea.wabb@edu.tbz.ch"|"pkBbjr-$STyzI-IXbXVh"
"geraldine.piesold@edu.tbz.ch"|"65vI2r-iyFvtk-@uwmZb"
"tan.fiveash@edu.tbz.ch"|"Opl2bG-LWZBOa-#tz2kY"
"meline.yuranovev@edu.tbz.ch"|"445WH6-eN8jB&-Cj@Zci"
"therese.holme@edu.tbz.ch"|"gLJxdx-rzJZkT-O2RWEE"
"salome.vaney@edu.tbz.ch"|"elO%O9-M9TGLq-I9x1HA"
"anae.abramson@edu.tbz.ch"|"fw@e@P-GJ0frT-zdv6SA"
"kalliste.jimson@edu.tbz.ch"|"LDXttP-w6#WlQ-aWVVd3"
"selene.yole@edu.tbz.ch"|"Ga&FHP-X#rw6y-1vXSWy"
"agnes.defraine@edu.tbz.ch"|"xEzhMv-uldwt6-oaHAaq"
"faites.mccluin@edu.tbz.ch"|"XRpQu1-Vty9cn-zPmQBG"
"athena.deme@edu.tbz.ch"|"zfnpRt-XpJLYd-og@$Ec"
"daphnee.brigstock@edu.tbz.ch"|"Kicm1a-LQt6DD-1BKA&R"
"goesta.skaif@edu.tbz.ch"|"XR5v%z-QbMCTQ-yxUbLh"
"oceane.jagoe@edu.tbz.ch"|"IB85sQ-ixW5P8-ko5Wg3"
"annotes.broomhall@edu.tbz.ch"|"1XFAVA-b&f7Ec-TJcOF@"
"marie-eve.ballendine@edu.tbz.ch"|"x&eC6m-@K6d5W-B4sQNP"
"melina.spykings@edu.tbz.ch"|"RNW3f9-wv458F-NK7O15"
"laurene.ticehurst@edu.tbz.ch"|"$RLaIt-P$dbpd-qKrDDx"
"fei.avramovic@edu.tbz.ch"|"zy&3TC-X5B&%C-C3nrGe"
"publicite.strathearn@edu.tbz.ch"|"txmHoY-xkqrFE-fTIizD"
"torbjoern.garrow@edu.tbz.ch"|"#fLCKB-kwC8Db-5&Rsdv"
"chloe.rubinsztein@edu.tbz.ch"|"FS$G6T-6BDyyL-urU7Oh"
"mylene.demanche@edu.tbz.ch"|"#cnRDy-OSon2b-KhMYzf"
"mediamass.godlonton@edu.tbz.ch"|"R$KR$u-5J5kx1-ozoYKy"
"renee.shurrocks@edu.tbz.ch"|"7COm0E-TgYW7b-Vszovs"
"maiwenn.jedras@edu.tbz.ch"|"rpliab-TE%p5A-IieyeC"
"genevieve.castells@edu.tbz.ch"|"CL2je#-LuKQ7M-o8iAtK"
"renee.sneden@edu.tbz.ch"|"JUuL&e-SECyf&-D6LNOV"
"lai.mccallion@edu.tbz.ch"|"p3To4p-FL1CmD-hGug2#"
"kevina.impleton@edu.tbz.ch"|"o8sNIS-r4wZMW-dFFY9V"
"oesten.fresson@edu.tbz.ch"|"9llg3M-noLMRb-UPLlK0"
"verane.shawley@edu.tbz.ch"|"3matVG-Olicna-qDl9w8"
"uo.sjostrom@edu.tbz.ch"|"Ps%e@B-I6grkU-7ek#us"
"gisele.gothup@edu.tbz.ch"|"Ec@x&3-2ML9qf-3D$NI9"
"renee.beauman@edu.tbz.ch"|"dzjlqs-FP4Fj9-%7hFAk"
"elies.loton@edu.tbz.ch"|"18CK2g-W7L$EJ-@zB&16"
"valerie.elsmore@edu.tbz.ch"|"pRaFAv-N$ptti-afJPr2"
"berangere.delafeld@edu.tbz.ch"|"WBhQIA-eaG0Mb-EvDNpk"
"bjoern.schimke@edu.tbz.ch"|"QW&eWh-&sh$UT-CkxsHG"
"loic.ericssen@edu.tbz.ch"|"7IUY6K-b1KSXE-IbZHx6"
"creez.richarz@edu.tbz.ch"|"Flrd0U-iX#otr-AdBMCm"
"athena.grocott@edu.tbz.ch"|"BnqQjS-kASoI7-qwrXsY"
"naelle.piotr@edu.tbz.ch"|"8%C2eP-qPbR2H-C7&y24"
"maella.paulson@edu.tbz.ch"|"zpd6nq-P1uzDM-uV6Sxd"
"song.perot@edu.tbz.ch"|"tMFHO$-10R$Bq-zq3xvh"
"kalliste.heckney@edu.tbz.ch"|"RJtaQV-zASbfT-Jo0ybQ"
"ake.vasyutkin@edu.tbz.ch"|"GGmLf0-VKcKi9-e5qhzH"
"ma.castles@edu.tbz.ch"|"X905YO-dkgZmf-ja2ZVC"
"maely.monget@edu.tbz.ch"|"7d9YIv-di3HB$-EyXcyr"
"tang.durbridge@edu.tbz.ch"|"55bUIR-FXu&g#-O6xYwm"
"laurene.andrew@edu.tbz.ch"|"lm6B9R-pEv7ry-yC@JVC"
"lysea.beacon@edu.tbz.ch"|"@ulCxN-o&PS0C-IfCY&%"
"leandre.peyntue@edu.tbz.ch"|"GoLHyi-&PRVY9-x2b#5z"
"rao.trever@edu.tbz.ch"|"FIP0Fu-sdhsm1-PZ@xnz"
"mahelie.streader@edu.tbz.ch"|"O5b1aT-3mqYYw-I$6XiP"
"maerta.andrejevic@edu.tbz.ch"|"C@qxON-##JR2k-fy4kjg"
"goesta.tompkins@edu.tbz.ch"|"u9y@sW-yeMTpQ-ylULYg"
"helena.agates@edu.tbz.ch"|"IewGBx-J2kOyL-oO50e&"
"therese.glass@edu.tbz.ch"|"aKD1#1-vu337y-OmCmGK"
"alois.foan@edu.tbz.ch"|"%LVRZy-j3LQ7z-uL#$11"
"becassine.melchior@edu.tbz.ch"|"$Z6ArZ-fBA%UU-0qgUNR"
"cloe.robart@edu.tbz.ch"|"Gh%O3c-2lA8to-3#FF7U"
"daniele.puckinghorne@edu.tbz.ch"|"YFCMYW-I1q%#9-w0gJ9k"
"selene.cammidge@edu.tbz.ch"|"ljQEN@-i#pysc-eLBFSx"
"regine.conochie@edu.tbz.ch"|"CRLjp4-srq22M-yKqPnL"
"interessant.tuiller@edu.tbz.ch"|"mz$UQR-ney0sm-gp9ITD"
"long.tiebe@edu.tbz.ch"|"HgOLn5-BOEZzb-hC6TV9"
"mans.yele@edu.tbz.ch"|"1@dnNt-qiQoJ%-STwRJt"
"ai.giles@edu.tbz.ch"|"h7bDMY-xneNir-TuSP3d"
"gaetane.hamberston@edu.tbz.ch"|"@1rWBs-cNGZY2-pQPN4m"
"marylene.fenix@edu.tbz.ch"|"G#wqek-zylOEN-2x$GC8"
"geraldine.graeme@edu.tbz.ch"|"%vUYHV-ZSepIV-qCbcvF"
"tang.kinglake@edu.tbz.ch"|"0QOGlX-rdGb@N-klajU&"
"lai.challoner@edu.tbz.ch"|"XzSLCX-RFP6SE-Vst5NK"
"desiree.mattei@edu.tbz.ch"|"UZ7n2v-AYkk%8-IcJJ1A"
"ake.erley@edu.tbz.ch"|"#M5WTL-lEsyZW-tEHR9P"
"edmee.cavil@edu.tbz.ch"|"DqIXJc-xgiD61-%6ZxP@"
"alois.moyes@edu.tbz.ch"|"W@Xdoy-y68vsc-TCeEqS"
"becassine.pitman@edu.tbz.ch"|"Og5$Ka-yW2MBj-yd&fDD"
"ai.giacovelli@edu.tbz.ch"|"4j@UQA-KHjBY3-QZaJmr"
"judicael.fruchter@edu.tbz.ch"|"41rCBm-GoWPoR-Aik9oX"
"mans.mogg@edu.tbz.ch"|"lNXU65-iHnovp-8SWP5G"
"gerald.foyle@edu.tbz.ch"|"Hbqoy$-PhqDj9-iuLhtl"
"wa.androletti@edu.tbz.ch"|"&3W8pb-F2&&bv-c1%$W@"
"meng.ollett@edu.tbz.ch"|"DM%Vsa-$5IFYE-lo6Do&"
"naelle.macmenamy@edu.tbz.ch"|"va4pXd-UQmerY-yL3Q5Z"
"gisele.mcramsey@edu.tbz.ch"|"WRzPsz-opIeus-X920@Z"
"meryl.scolts@edu.tbz.ch"|"gWB3Xt-96Q720-9AcNHj"
"celia.bloxsome@edu.tbz.ch"|"lEhIGK-loI8iF-yc7XdS"
"styrbjoern.stuke@edu.tbz.ch"|"7nC9my-j9swzK-TwA0rS"
"felicie.gwilliam@edu.tbz.ch"|"OnuM%l-j4GG8M-sN7#V5"
"da.harms@edu.tbz.ch"|"44bimU-nWZh3M-Bs4@wl"
"celestine.baulk@edu.tbz.ch"|"siqSZV-l6rakm-zgW0X7"
"mahelie.blackledge@edu.tbz.ch"|"14Ga2H-nzm6O%-1Jk7YZ"
"meghane.salt@edu.tbz.ch"|"su3JN7-RqMWQc-4FB9L&"
"methode.paxeford@edu.tbz.ch"|"IcNKDK-aWaRSI-fDQrFg"
"asloeg.milligan@edu.tbz.ch"|"IP59rc-YFXWTs-ypTZn@"
"you.pellman@edu.tbz.ch"|"hkrtDS-038d0y-KaNvos"
"loic.regenhardt@edu.tbz.ch"|"f2K8lD-sAJ8IV-SenJBi"
"daniele.savill@edu.tbz.ch"|"krJnfB-YJxcce-HnXK8s"
"alois.cornu@edu.tbz.ch"|"0yxqTg-Qk11XH-4#@8NC"
"oesten.govey@edu.tbz.ch"|"xH90dY-sbLDu%-38rrlO"
"marie-eve.louch@edu.tbz.ch"|"YiuM5j-vEBYGk-g%1Bvj"
"theresa.wenn@edu.tbz.ch"|"Z7WVJG-It8Fd0-F6L2I%"
"andree.eul@edu.tbz.ch"|"s9GdlJ-2mEGvj-s@Xp@7"
"lie.paynton@edu.tbz.ch"|"PbjGRf-A%epzA-5je7M$"
"marie-eve.girodier@edu.tbz.ch"|"xQjm#v-ua&Nu9-sMamPj"
"marie-noel.smithe@edu.tbz.ch"|"%gJJNp-Uq4d$#-cbnCf#"
"men.bootyman@edu.tbz.ch"|"SKmv#t-5KFznW-ExZlYS"
"ku.sugg@edu.tbz.ch"|"tV8Y&l-T4xFGw-Q9pgY0"
"lucrece.roseman@edu.tbz.ch"|"GjHnZB-&FLk7N-IPNt$@"
"zoe.annear@edu.tbz.ch"|"2xpw2X-uqqukF-xDC8JK"
"marie-helene.rennebach@edu.tbz.ch"|"0JoesY-1Yxz#d-X$ZCGE"
"lea.djurdjevic@edu.tbz.ch"|"79JbT2-HeeOAp-uNNYwN"
"goerel.robert@edu.tbz.ch"|"MRsChk-Oml$U&-ykWQY9"
"mylene.foldes@edu.tbz.ch"|"JVTU5w-aOMTzD-acYYfQ"
"faites.clegg@edu.tbz.ch"|"zNWtbe-oPS%KS-YX1Mn8"
"marylene.crowcher@edu.tbz.ch"|"@msIBn-F2RWJh-D71Boe"
"aimee.wimpeney@edu.tbz.ch"|"HmQxU8-nNdiSd-PGLB43"
"renee.atkins@edu.tbz.ch"|"cFWPOa-xUzDNA-eQF3C3"
"rejane.cainey@edu.tbz.ch"|"NdwAWe-nTl1$Q-tKZjV4"
"solene.britney@edu.tbz.ch"|"lwtADV-u7mR0T-eFx4aO"
"marten.shatliffe@edu.tbz.ch"|"vm0UfT-qfAwJ2-UZBOAE"
"maite.issatt@edu.tbz.ch"|"dXs0CP-ZEPZuM-2D4tNv"
"maelyss.edon@edu.tbz.ch"|"DJ7tyG-ggC7ff-@A0sCW"
"nuo.bamling@edu.tbz.ch"|"f5v3La-UXtikS-DyYXb$"
"anais.edards@edu.tbz.ch"|"1Yc3zr-el8REH-ngqo44"
"mediamass.bromet@edu.tbz.ch"|"7kpefZ-&036d3-pHtmGq"
"beatrice.kimbrey@edu.tbz.ch"|"8Kcp37-3I%hDN-RJ0dK6"
"ines.lawranson@edu.tbz.ch"|"iYbiwM-VuorMD-WZtrlY"
"kalliste.scandroot@edu.tbz.ch"|"XdLtXR-rEBtWB-q#zui$"
"mans.barrowcliffe@edu.tbz.ch"|"rJNWsL-mrw&iT-X&V&J%"
"irene.couves@edu.tbz.ch"|"oYRPxg-AujC@C-ubnfg0"
"milena.mucci@edu.tbz.ch"|"odmysS-juT%nE-z6s18V"
"naeva.cow@edu.tbz.ch"|"QQXBlF-Nqw%e@-8ExnDW"
"audreanne.mournian@edu.tbz.ch"|"z2YCd7-hB7Iug-StRUAl"
"melia.sinnatt@edu.tbz.ch"|"aEzfUU-Ym6SrR-kg9Q$R"
"nelie.burnard@edu.tbz.ch"|"Y@fQTV-B8wm%O-lbnxcW"
"clelia.ashfull@edu.tbz.ch"|"yLd@&a-UdKXnu-btrNP$"
"lie.macard@edu.tbz.ch"|"TXPQGi-W1ZNF%-BxH0wK"
"valerie.matoshin@edu.tbz.ch"|"VJWTQu-sMG7Zq-E$PeKo"
"anael.hatherleigh@edu.tbz.ch"|"bp&BPm-BK8Rs#-f%pA68"
"interessant.warratt@edu.tbz.ch"|"Om4$ju-zQ4Qbc-uWBvpS"
"eleonore.volage@edu.tbz.ch"|"Ls6KW9-uZDBPl-8FFmz8"
"zoe.stebbing@edu.tbz.ch"|"eQOs8H-CJf7wo-B#Xd26"
"alizee.nye@edu.tbz.ch"|"HigoWR-3T8HWH-KgN53O"
"celestine.bramley@edu.tbz.ch"|"ZwQTb7-Pe@I#W-lsJuvR"
"selene.philcott@edu.tbz.ch"|"xWim5f-Ydbvaf-Pg0eax"
"tang.newens@edu.tbz.ch"|"9J2FWl-Px7HfE-Zd$na&"
"annotes.powys@edu.tbz.ch"|"1nnB%&-9ChT0L-2CTC%Y"
"lea.matthesius@edu.tbz.ch"|"an3eY$-&fzIm#-LRjlQf"
"illustree.garlett@edu.tbz.ch"|"Y2HnX#-oZ#cq%-Icfw6C"
"maiwenn.meachem@edu.tbz.ch"|"MKUR99-PxlCbV-2Nkw%v"
"marie-francoise.mcbrady@edu.tbz.ch"|"8naepq-YinDQe-0Npw@L"
"illustree.gimbart@edu.tbz.ch"|"Sagoxn-fXlSkE-8sh8R$"
"melys.lyosik@edu.tbz.ch"|"KQ2Kim-1CLHAh-#no%rQ"
"marylene.mcnab@edu.tbz.ch"|"MS&7n#-yXRK8Y-h9F9p%"
"gerald.blount@edu.tbz.ch"|"cw78aF-5E6@Rk-@soywS"
"clelia.shakelade@edu.tbz.ch"|"aRn6OL-$JITnz-G2M@DC"
"penelope.cridlin@edu.tbz.ch"|"FstEpx-tudWdJ-HNrU$d"
"maena.okuddyhy@edu.tbz.ch"|"s92@mj-nWgxRQ-tIP710"
"athena.keynd@edu.tbz.ch"|"Lc2m27-$LpoJu-ICB&Up"
"cloe.dwine@edu.tbz.ch"|"sKveXw-1U$DQr-0VXc08"
"josephine.browett@edu.tbz.ch"|"Ft5#lD-AMVMNP-sDVR4D"
"audreanne.oscanlon@edu.tbz.ch"|"@2fPeh-1cphqL-Z$EawR"
"fei.jeanequin@edu.tbz.ch"|"Ytogp2-O7@k8@-5b9DMF"
"lois.gormally@edu.tbz.ch"|"Q9YwnR-Xr#@nO-wT2w#2"
"marie-francoise.finnigan@edu.tbz.ch"|"W$EKRP-HYgKaX-f5bZgG"
"leonore.trussman@edu.tbz.ch"|"y$H%G@-lj9NM3-zZT83q"
"anaelle.trumper@edu.tbz.ch"|"x8t$nY-t8dMo$-C3jfTT"
"clemence.dionis@edu.tbz.ch"|"$M#Rwu-03Byzo-OApof4"
"lois.tranmer@edu.tbz.ch"|"VcJ1yu-xEChhf-bbmyPx"
"interessant.volett@edu.tbz.ch"|"HXO&pO-6y6Iq#-UQnlLy"
"personnalisee.deackes@edu.tbz.ch"|"56Qq60-bW03Ye-7d@GPl"
"lie.vasiliu@edu.tbz.ch"|"vneCXo-IrzPAh-YJ&bsH"
"dafnee.lamputt@edu.tbz.ch"|"Zn%0ox-jc$TnG-n%3qNJ"
"elies.bromige@edu.tbz.ch"|"hnMBXy-$jSZu4-u34t80"
"helena.klosser@edu.tbz.ch"|"zVZWsV-dlwpp%-wuUwAK"
"andree.grim@edu.tbz.ch"|"geqDEl-$JSCsX-4e4etl"
"verane.coldbath@edu.tbz.ch"|"yTbrR@-PiKCJ3-&ulucv"
"helena.bethell@edu.tbz.ch"|"stlfdg-Xy#vEx-Xgd@$C"
"kalliste.carefull@edu.tbz.ch"|"NvWwAu-%tgdDH-@FwRBZ"
"regine.odams@edu.tbz.ch"|"6GYka6-J5%r73-6@#ETI"
"len.stannus@edu.tbz.ch"|"3aOaF7-vCoJOX-lJOQhA"
"angelique.works@edu.tbz.ch"|"3f5#vO-KmYGPU-obL7#l"
"goesta.rheaume@edu.tbz.ch"|"w0@gST-jw9ocP-2aqTGc"
"maelys.tynnan@edu.tbz.ch"|"8&6uO0-sonnH$-jVnPEc"
"maelle.carlesi@edu.tbz.ch"|"FWXTF@-AoO2O7-g9s6Gc"
"anael.spurden@edu.tbz.ch"|"#2D9ew-cF&vsd-Mjro1E"
"helene.pumfrett@edu.tbz.ch"|"GJCQrD-EQXxN9-tsmYDG"
"goerel.pearn@edu.tbz.ch"|"Ogfns8-&FLBWQ-9UpeLZ"
"laurelie.dezamora@edu.tbz.ch"|"t#8JGk-eYwyqv-DojUes"
"yao.twidale@edu.tbz.ch"|"lc7Zpc-zK4GXf-j$AepX"
"berengere.sola@edu.tbz.ch"|"Qn$@Pm-ZqL70X-Em$ILj"
"maelann.hardistry@edu.tbz.ch"|"6Qhsca-n8Mn#Q-YLo4EK"
"severine.littlefield@edu.tbz.ch"|"Cc8yt4-7@D0d7-w51r@f"
"salome.heinl@edu.tbz.ch"|"FMEjtP-AjttBP-Mee@4W"
"meryl.warbey@edu.tbz.ch"|"7$IkyX-jaQmq2-3K4Cez"
"da.hunstone@edu.tbz.ch"|"r2D%2S-7QC5XJ-ihx6u8"
"venus.broadbury@edu.tbz.ch"|"qw1Lh0-H2m7&1-177FQO"
"meghane.rentelll@edu.tbz.ch"|"L$QHdx-#0vICr-BNIihJ"
"marylene.drewitt@edu.tbz.ch"|"40pXUu-uBpej3-kdPCnE"
"melinda.jacquemet@edu.tbz.ch"|"aSukRS-XEcBa4-FC7gEi"
"marie-josee.keyden@edu.tbz.ch"|"pdJaIG-Obk7l%-RrSqd#"
"asloeg.montacute@edu.tbz.ch"|"3EuFra-#glbBi-RNDiSM"
"ku.andreou@edu.tbz.ch"|"%4gGTv-8poA4@-aSGQL%"
"personnalisee.feaveer@edu.tbz.ch"|"UkPAKt-e@D7XM-xqJmfj"
"laila.emptage@edu.tbz.ch"|"GNZJ3z-T@pjny-1H1Tb7"
"bjoern.dawdry@edu.tbz.ch"|"NTDKKV-KVwCZG-y86pM@"
"marie-eve.dinsell@edu.tbz.ch"|"9dwRdo-keKZ3P-QFUKez"
"helene.follett@edu.tbz.ch"|"MITm1W-eiA&a&-KTOy3W"
"penelope.cordero@edu.tbz.ch"|"8Og2wN-Phw0Xz-cMxqOY"
"boerje.beedell@edu.tbz.ch"|"CL8j&9-xlmH%t-x6iE06"
"nelie.ferne@edu.tbz.ch"|"Wb3q7X-DQ#n9F-#tC0Hw"
"celine.ahmed@edu.tbz.ch"|"eoodMx-W@SCG1-24Rph9"
"stevina.pimblett@edu.tbz.ch"|"tkylCD-%%Q4sa-4hknPT"
"chloe.langlands@edu.tbz.ch"|"dgE%qT-fyDfY0-IOLWaq"
"simplifies.maude@edu.tbz.ch"|"KWwSa0-WBqsOj-TKevjQ"
"genevieve.decarteret@edu.tbz.ch"|"R$JXvg-o5SHEn-Yl#bN3"
"marylene.mughal@edu.tbz.ch"|"@tgvnE-Q0b9yx-TCN#Rv"
"goeran.guttridge@edu.tbz.ch"|"9TSZ2L-B7Ds6n-RWoAqk"
"michele.smurfitt@edu.tbz.ch"|"sXQcsf-5vmfpb-niVuM5"
"methode.hadeke@edu.tbz.ch"|"ToTJyj-j05h81-4dWQdg"
"therese.rispine@edu.tbz.ch"|"HrSxjq-GhY7zu-rqmIFr"
"goerel.plumley@edu.tbz.ch"|"hT3#1z-$21I38-amHE6D"
"oceane.friett@edu.tbz.ch"|"BfrXw%-n4FK$l-Ht#Q3I"
"marie-noel.achromov@edu.tbz.ch"|"DA&w@L-yy15T0-SZ40FA"
"dorothee.storek@edu.tbz.ch"|"2EBX5P-ra$12k-h81e#c"
"goesta.whittle@edu.tbz.ch"|"W@g&tv-kQ7MDx-dli#ZA"
"desiree.casely@edu.tbz.ch"|"cir$R$-73WicH-#Iwat2"
"felicie.condon@edu.tbz.ch"|"nSvyg9-o@MBCi-@qRyui"
"maelyss.frisdick@edu.tbz.ch"|"MuW4H3-xEHsSV-S5%JXq"
"aimee.banke@edu.tbz.ch"|"foO3hR-0tAJ5x-Pqv8Mw"
"naeva.hodcroft@edu.tbz.ch"|"uf9$Vs-6P1B1i-WrhWhJ"
"laila.gerrans@edu.tbz.ch"|"ap8Y57-8HxPvn-FH25O2"
"daniele.scrimshire@edu.tbz.ch"|"8tg2r@-i@sOEM-mGZdZC"
"daphnee.sheerin@edu.tbz.ch"|"egBpNu-tq@BLG-@ZkNH@"
"pal.vanyukov@edu.tbz.ch"|"d5Qv0a-PWHaSy-MNpBZC"
"zoe.childs@edu.tbz.ch"|"PVe0&P-XThxfa-TYMOAm"
"ai.corde@edu.tbz.ch"|"zpUA2U-s7hiwn-L8YNB@"
"maelys.berryann@edu.tbz.ch"|"pTzkpI-GF5zGA-EPS7Ia"
"cloe.gladding@edu.tbz.ch"|"DHJeI%-WZ&J2Q-SluHuW"
"wa.kinnaird@edu.tbz.ch"|"SoLoJ9-U4P1Wp-B&lVvQ"
"publicite.brittoner@edu.tbz.ch"|"qYwk#A-tMvw4s-diQXMr"
"rao.windress@edu.tbz.ch"|"%UOTMa-MBo1Bt-2R8Au9"
"uo.kollach@edu.tbz.ch"|"ysIqal-BID&KE-3%0gZq"
"josee.peskett@edu.tbz.ch"|"Q3p&1J-zfaZ50-ZJ%kPR"
"annotee.hasel@edu.tbz.ch"|"ybJ0xa-DyOYwT-Lwupre"
"cinema.lee@edu.tbz.ch"|"34ym&0-a0q@K2-4wCWW$"
"lai.vedeshkin@edu.tbz.ch"|"XQ1k7s-t4%p#z-oCW%IH"
"renee.brisbane@edu.tbz.ch"|"UbZG4Q-2@YsOV-e$MtGC"
"ophelie.blincoe@edu.tbz.ch"|"gjE1OF-8kW#e5-vrHaTv"
"zhi.prazor@edu.tbz.ch"|"MTdEAk-zOCaei-&o3C1k"
"annotee.maddicks@edu.tbz.ch"|"4pchUX-Wtlha9-nh5S0J"
"maelyss.codd@edu.tbz.ch"|"QfP5vd-hx%XP4-nb6eN#"
"celia.peplay@edu.tbz.ch"|"RHPbBA-a2ikoJ-4jQXeZ"
"interessant.skone@edu.tbz.ch"|"6jgk2F-n2ew6Z-Rj2E$6"
"audreanne.hebdon@edu.tbz.ch"|"JNiB84-LtTZ9K-kuGqds"
"oceane.glen@edu.tbz.ch"|"jd%f6b-39DVwZ-&rHQmg"
"daniele.vanyushkin@edu.tbz.ch"|"@BX49g-hxm#ED-S$WAgA"
"daphnee.ayce@edu.tbz.ch"|"sbQZNX-GKHuEA-S%V8kQ"
"andrea.attride@edu.tbz.ch"|"6O9u8o-WaWixC-oxyanl"
"penelope.bridgwood@edu.tbz.ch"|"9dHwxa-6YFiTN-AX&qNj"
"mailis.drewitt@edu.tbz.ch"|"qsbykT-lyTcdS-EnjyfI"
"penelope.mollene@edu.tbz.ch"|"E%eXTG-K&q21O-vYyxF@"
"illustree.keely@edu.tbz.ch"|"8hsO0c-r0RXaH-PpwG0M"
"meng.brisseau@edu.tbz.ch"|"cI3MqL-zf7rne-z8$GQy"
"ruo.cleiment@edu.tbz.ch"|"$r$vOE-%Utuno-3#WRJo"
"maite.krammer@edu.tbz.ch"|"Nmj#Lk-SYm4za-$dL#Z%"
"genevieve.verry@edu.tbz.ch"|"%1f8dC-%UOvs#-JWkYiK"
"lea.olochan@edu.tbz.ch"|"n6Pc#A-L1$oz6-4LAHv#"
"naelle.brunnen@edu.tbz.ch"|"7lmciQ-vgQMb3-UqJCmp"
"goesta.bragginton@edu.tbz.ch"|"wHXNiN-vX4X5B-lJXJDW"
"fei.danilyuk@edu.tbz.ch"|"jwNoBT-deUjI#-OWb7nQ"
"adelie.turbitt@edu.tbz.ch"|"HB3hOt-ICQPf&-djxzwG"
"marylene.nutman@edu.tbz.ch"|"l5l$U9-hXKS7F-gECy0Q"
"therese.barbrick@edu.tbz.ch"|"ULMrXm-Jgjryp-YMP7IM"
"melys.kolodziej@edu.tbz.ch"|"XVSWqD-ncf8ES-1rbZ1q"
"melanie.runchman@edu.tbz.ch"|"D3B4ti-l5iOzP-EkWe9#"
"serena.lafond@edu.tbz.ch"|"UHRZyR-WYJJIc-pH@@Ww"
"pelagie.desmond@edu.tbz.ch"|"VYA0m2-3$hmRn-Ag9jGI"
"wa.spickett@edu.tbz.ch"|"g&o$UY-03c3Nj-wMiYW%"
"po.shave@edu.tbz.ch"|"wDfMdf-tm$p3o-KGSQrw"
"song.huikerby@edu.tbz.ch"|"77#AN7-95Ttpd-1&k8Q$"
"melinda.bimson@edu.tbz.ch"|"3FX%sf-scc1iq-#7TPe1"
"personnalisee.toffanelli@edu.tbz.ch"|"NdqNOL-PgJO%Z-JksOla"
"leandre.hurn@edu.tbz.ch"|"16r6zr-9nCGII-n%SK8S"
"oesten.standell@edu.tbz.ch"|"aN4pt5-3t#@d1-R%Y$dm"
"naelle.smaleman@edu.tbz.ch"|"vD54vf-gZsL##-HT7Jd3"
"berenice.tayt@edu.tbz.ch"|"QR2kOv-@HFCC$-bqyZCn"
"kui.popplewell@edu.tbz.ch"|"mQQBGz-CFPXhx-mxPhT7"
"melodie.ferandez@edu.tbz.ch"|"CLIajR-LUI&5c-#7UWvA"
"josee.negal@edu.tbz.ch"|"ff0HKq-iT7JJo-krQCPw"
"melissandre.ferrelli@edu.tbz.ch"|"Zb&mfw-ZVzWYb-dPgbLj"
"josephine.kemmer@edu.tbz.ch"|"yvyO6F-axWV&z-YlX1aQ"
"maely.cayette@edu.tbz.ch"|"P2FA9P-7Mb&Jf-bxy8$$"
"nelie.vela@edu.tbz.ch"|"QJevJy-xX@ZmW-6U15uG"
"melina.cortes@edu.tbz.ch"|"ogz&%U-AYuVxp-$f2plT"
"megane.leyshon@edu.tbz.ch"|"guHwDc-V6riSj-p1VO@y"
"regine.harrie@edu.tbz.ch"|"Y8s%Or-iN7MwO-rU3&aL"
"mylene.widdison@edu.tbz.ch"|"R7hGk6-BsLyjj-iUWmAs"
"pelagie.vivash@edu.tbz.ch"|"TlsbBp-Dtw2HO-4I%64l"
"styrbjoern.vicarey@edu.tbz.ch"|"yARE6V-fxzlHQ-KhD2R3"
"long.kyles@edu.tbz.ch"|"JL07IL-z30zjc-M#OC&6"
"stephanie.gipps@edu.tbz.ch"|"KCGiQ4-Sb6KKJ-8ejjtf"
"clea.constantine@edu.tbz.ch"|"U1pjlS-s$zsU6-vXlFNx"
"maella.cometto@edu.tbz.ch"|"qPj1I2-&blGh&-v&a5gb"
"laila.aubrun@edu.tbz.ch"|"zzBOR0-@1DHGu-G&sSvY"
"yao.austins@edu.tbz.ch"|"bQprZ0-eGoXHR-fY6v42"
"mailys.rylstone@edu.tbz.ch"|"oaUkLy-%ak%PJ-SN9k%a"
"adelie.curuclis@edu.tbz.ch"|"Nd2hi8-c@0j48-fdLKwv"
"celine.longhurst@edu.tbz.ch"|"P@bfUl-IyAaKP-McZa09"
"gisele.hazell@edu.tbz.ch"|"MNaJ3b-tJO8&r-geIE1n"
"celestine.ciccone@edu.tbz.ch"|"i@7huz-vsDnEq-2yGqjx"
"maelyss.doole@edu.tbz.ch"|"Fcpcvl-hrSgvM-YA&YhO"
"helene.grimsdike@edu.tbz.ch"|"u0JTz4-zuXhrB-2L&pLw"
"lie.macer@edu.tbz.ch"|"bafhYR-Pnv%qt-u7FN9M"
"maely.izard@edu.tbz.ch"|"nd0N%u-y&kayR-RjNa4a"
"erwei.breewood@edu.tbz.ch"|"2yRCnu-pLDrIV-HHzNQ4"
"chloe.woolford@edu.tbz.ch"|"Y%qqPk-9DZ%$9-jYls1x"
"cleopatre.turpin@edu.tbz.ch"|"DyzFwu-ECXgqm-kVyXV%"
"melodie.surgison@edu.tbz.ch"|"OF&6XL-xHx1MN-VIe6h#"
"elies.leander@edu.tbz.ch"|"MkctbJ-syU8PV-JzEVdc"
"mediamass.reignould@edu.tbz.ch"|"N2wO1&-d@FvK6-EI1P%6"
"celestine.wasmuth@edu.tbz.ch"|"A%4DDy-pAK1Ry-t4Ea1P"
"marten.jervis@edu.tbz.ch"|"1mS1ov-k4g3BN-bKwd&E"
"daphnee.bour@edu.tbz.ch"|"7rqrlu-c4qmpH-Pa7JMR"
"regine.harlett@edu.tbz.ch"|"5OySOl-08&Sya-eFiKmr"
"noemie.macaskie@edu.tbz.ch"|"O$bbPs-q9A852-Xa@Raw"
"loic.renfield@edu.tbz.ch"|"fbGJZd-6%P9W7-ExdjBX"
"venus.kleinert@edu.tbz.ch"|"jlsrp5-FFEhLC-lR$3JS"
"marten.burlay@edu.tbz.ch"|"U%2EKv-Yg44sx-DAU4@d"
"berengere.radsdale@edu.tbz.ch"|"$TKxjn-knKGjl-WPaG1R"
"genevieve.duckit@edu.tbz.ch"|"JNLmEA-GwZ1HT-lOgO6m"
"maely.ligerton@edu.tbz.ch"|"ItIhWX-0%jBKg-v&SF7n"
"maeline.ricciardelli@edu.tbz.ch"|"I56Nu4-MM9#fP-9tyvBJ"
"personnalisee.yggo@edu.tbz.ch"|"C8Mgjx-ZTvPQY-8SFzg#"
"alizee.pettinger@edu.tbz.ch"|"$hS5r@-yLH5uj-Irw5xU"
"desiree.curnnokk@edu.tbz.ch"|"li#8Nj-xGWZ$M-R1nS@y"
"dorothee.minors@edu.tbz.ch"|"hZXiJE-79RF8b-h@tVmt"
"oceanne.kopmann@edu.tbz.ch"|"sbMX7e-pR3pQ&-61$7tG"
"almerinda.brodbin@edu.tbz.ch"|"25f9hc-6JzWqn-y7gJ$d"
"yenora.carsberg@edu.tbz.ch"|"$HRlOb-tVPUUK-gcQL5a"
"wa.beetles@edu.tbz.ch"|"P96IO4-NUD#ra-$AlxkV"
"audreanne.abbot@edu.tbz.ch"|"2025P@-Ump#TV-O#wBVy"
"noemie.capper@edu.tbz.ch"|"Y1Nn1W-93XJWw-$oBL$3"
"mans.abramamov@edu.tbz.ch"|"xCXtk$-sNM$Sg-J$woov"
"audreanne.blakey@edu.tbz.ch"|"PoNGlG-xJuSl4-bW86#b"
"leone.klimpke@edu.tbz.ch"|"&uJH1Q-oPYvQJ-%%WvN4"
"lie.croston@edu.tbz.ch"|"RgHfze-H6d9WZ-idu0f0"
"anaelle.baistow@edu.tbz.ch"|"CAMm&c-Ep$LKs-NkqTsu"
"michele.garwood@edu.tbz.ch"|"i%o6fq-RdikbR-j$Bhcc"
"interessant.albion@edu.tbz.ch"|"UQ2u#E-yXWxLs-ZfMtlQ"
"andre.brisco@edu.tbz.ch"|"FQkWoT-cRt6El-egBBz8"
"tang.totterdill@edu.tbz.ch"|"2x%85l-l9WP6w-2Q2wTc"
"marie-josee.braundt@edu.tbz.ch"|"cq62%i-1haJ7O-60vMeR"
"lois.galer@edu.tbz.ch"|"n&2YlB-1tcK@O-TDADaq"
"faites.pellamonuten@edu.tbz.ch"|"hvyAdK-MFPOWt-C#YOGL"
"mai.barfford@edu.tbz.ch"|"r8I3OF-sM1gE2-06%BN%"
"laurene.macilory@edu.tbz.ch"|"8uXYu5-qaDgmO-8YqQmO"
"elea.peak@edu.tbz.ch"|"Yg7DJB-L#zNyO-2szoct"
"rejane.doni@edu.tbz.ch"|"10wbep-5k1gEe-d3XA%#"
"mahelie.ector@edu.tbz.ch"|"JbydGZ-$ZMe4%-YWlFe%"
"rachele.allum@edu.tbz.ch"|"KxfnNh-v3SvEi-CWiWUi"
"laila.gerretsen@edu.tbz.ch"|"W@aeql-V&MkSn-vTUyJ2"
"ines.bowman@edu.tbz.ch"|"Xn3f85-$GvD6X-edmx1p"
"publicite.barbary@edu.tbz.ch"|"LXHUXf-fVr85r-$mkmJW"
"mailys.smooth@edu.tbz.ch"|"y2xP@U-h0BnN1-LoiQoB"
"mailis.huguenet@edu.tbz.ch"|"UVB%bB-2Z3@jD-mfRl&l"
"lea.ewer@edu.tbz.ch"|"YrgNsN-T%04WQ-ITvlcz"
