"email"|"password"
"melodie.vandervlies@edu.tbz.ch"|"3$C842-8Ofpz6-l@dJPt"
"angele.edgecumbe@edu.tbz.ch"|"qL9bi$-UoNVwY-sON%8d"
"zhi.andreasson@edu.tbz.ch"|"ytHh5O-CTpsYP-vIexmR"
"judicael.koppeck@edu.tbz.ch"|"jaUD1A-5nVQA6-EmvZIR"
"berengere.capron@edu.tbz.ch"|"w9qFqP-TAY8g@-OuKec7"
"leonie.brosini@edu.tbz.ch"|"AiRMmb-UgLHMV-m4xFl1"
"venus.garfit@edu.tbz.ch"|"nTB&J9-1OMaXO-X5IFhl"
"melina.janota@edu.tbz.ch"|"C5mJPv-xxeWqM-c2cc1#"
"laurene.bake@edu.tbz.ch"|"U8WLIx-cmCCmC-AWWf3I"
"regine.dorkins@edu.tbz.ch"|"N7XKm#-$jJ#F4-w5h5qX"
"cecile.moffet@edu.tbz.ch"|"AwH8yM-ump0Wv-HvJjJ2"
"maelann.labrone@edu.tbz.ch"|"RYUoW1-bvaS@R-wW4qNA"
"melinda.newbold@edu.tbz.ch"|"SI63tt-@MbKop-#SXCs6"
"mans.itzhak@edu.tbz.ch"|"2@lXWU-5Ac%Uy-EJTPd7"
"melodie.pattlel@edu.tbz.ch"|"b0hUXP-IbxuNo-4g@LBk"
"celine.bonett@edu.tbz.ch"|"XbyWg8-pJPfll-1C4GdG"
"adelie.mcgreal@edu.tbz.ch"|"U0BFfo-IjnCtr-6lacUj"
"helene.soldan@edu.tbz.ch"|"xhRAHd-A0TAKL-9DQ0Aa"
"michele.cluer@edu.tbz.ch"|"dDNNWd-mHl625-Q0k96Z"
"maeline.mueller@edu.tbz.ch"|"QDB1oK-rZP2Ds-Ucpd$O"
"maelann.benedito@edu.tbz.ch"|"FgZb3W-6tY9VE-A9S&CE"
"nuo.gransden@edu.tbz.ch"|"%sdq7W-Br#qd#-eztY2w"
"berengere.stainton@edu.tbz.ch"|"#8$8BT-%NEE1C-py255h"
"wa.sabater@edu.tbz.ch"|"83Pa39-18ejRI-iRgLLW"
"anais.cochran@edu.tbz.ch"|"#b427B-FweRMT-piGA86"
"gerald.bessant@edu.tbz.ch"|"I2LRaT-DRa9qR-L70%nf"
"ruo.coffin@edu.tbz.ch"|"Dv%9QG-3IN1dQ-PWgpT@"
"melodie.mustill@edu.tbz.ch"|"@Q6wqn-rU1TZ#-4k$iWm"
"ruo.stanesby@edu.tbz.ch"|"5$7N#$-OFV4kT-748xUm"
"noemie.antognelli@edu.tbz.ch"|"em2U#E-a@yDq7-26PmUH"
"maelann.hughson@edu.tbz.ch"|"rlmjBT-KB0qmO-A&Ek4u"
"milena.mieville@edu.tbz.ch"|"l7rr28-pvH@@@-m$V2JX"
"mailys.chamberlin@edu.tbz.ch"|"v@OQqL-cKBntv-xfYnXH"
"nadege.tomalin@edu.tbz.ch"|"VUH%uQ-jmeD@g-@N3GjA"
"oceane.omara@edu.tbz.ch"|"brLpui-MbLaII-vL1Zja"
"cecile.aguirrezabala@edu.tbz.ch"|"&OoBbU-ThWC2A-CUHIEk"
"maella.gwillim@edu.tbz.ch"|"SO8f6M-UuRcDp-adYpuc"
"lea.mcgahey@edu.tbz.ch"|"L8esj@-R$rg4O-mC7hq7"
"laurene.hagerty@edu.tbz.ch"|"R1rNt6-ywmP6@-&BSBMl"
"dorothee.link@edu.tbz.ch"|"4TrlvK-3sxwbK-6QkZ1k"
"clementine.kynsey@edu.tbz.ch"|"e@FuDe-hN$9Bu-oyJJS7"
"lorene.smitherman@edu.tbz.ch"|"ObiE3n-INCedH-kUpy@Q"
"cleopatre.klulicek@edu.tbz.ch"|"eTiK8J-RRVM7y-A9Xp5$"
"laurene.castaneda@edu.tbz.ch"|"FNqc#a-oJjXO8-WE1&pg"
"melia.constant@edu.tbz.ch"|"2cBvFb-wH9yYA-9#CoT1"
"lucrece.clunie@edu.tbz.ch"|"sOKRmG-DpMGcS-Rqc2BM"
"eleonore.mcmurthy@edu.tbz.ch"|"2TVz6q-U01Pq#-jJ4sFP"
"melia.bevar@edu.tbz.ch"|"T#pF5$-s4cwyl-&goHXj"
"camelia.bontine@edu.tbz.ch"|"pQ@OoC-SJAzdp-9aZZMZ"
"methode.jozefczak@edu.tbz.ch"|"@tZ%ps-CRzWEU-t6@@Gg"
"audreanne.hinsche@edu.tbz.ch"|"yOpgJu-#skcRT-WyKgDA"
"andree.varne@edu.tbz.ch"|"H4iDzo-P8TGOf-uRXrfo"
"marten.kinleyside@edu.tbz.ch"|"lvfTeH-OWOa#Q-%Yy1v1"
"esteve.mcewan@edu.tbz.ch"|"Jskf4V-dNhZls-KToka6"
"leane.dibbert@edu.tbz.ch"|"T0Ka6j-aw@54f-#PWBx5"
"ma.thewlis@edu.tbz.ch"|"yw8yf4-wfLW18-bal1eT"
"clea.djurkovic@edu.tbz.ch"|"&z0W$O-INFCiL-sbksL5"
"rachele.reburn@edu.tbz.ch"|"rTlcUc-m6L6%q-TD21Za"
"gerald.gowling@edu.tbz.ch"|"PiKp7o-u&5y0k-8lP0Mp"
"cleopatre.jackson@edu.tbz.ch"|"&Ba9oz-0nxabm-0bQ&y#"
"desiree.haskins@edu.tbz.ch"|"YdrqlI-zGNzV#-#sc007"
"eleonore.longson@edu.tbz.ch"|"AKowex-Jl1Jq2-jGdh8O"
"leane.dybell@edu.tbz.ch"|"afhWLk-z13wqU-HZI$bz"
"becassine.grzesiak@edu.tbz.ch"|"Oe9oSB-Z&mqnU-w2oPDo"
"marie-josee.pickin@edu.tbz.ch"|"xAQy0J-mVqzpl-BGh8Z1"
"marie-josee.roxby@edu.tbz.ch"|"ewm8O1-QgE2M5-$d2#7L"
"leonie.feenan@edu.tbz.ch"|"pxIieJ-ECtkUW-SAmqGk"
"valerie.ellum@edu.tbz.ch"|"4jazmG-2iNZXv-ZIt6jq"
"ju.caseri@edu.tbz.ch"|"ieQ4dB-%NJSR%-7@ce96"
"boerje.strangman@edu.tbz.ch"|"dcadTL-EzaCVV-hN2uaW"
"beatrice.ghidelli@edu.tbz.ch"|"uw&QHE-Wu5Eft-xRe36l"
"da.jablonski@edu.tbz.ch"|"%7qKZZ-QjHHtC-aB@tt2"
"uo.beveridge@edu.tbz.ch"|"t$@YOs-pQGgVE-9v&ZaF"
"valerie.bestman@edu.tbz.ch"|"dRjB59-Vjb7D@-@zI5&J"
"marlene.pohls@edu.tbz.ch"|"1N0dm%-XEGM4Q-uf8y6a"
"ma.nolda@edu.tbz.ch"|"zRMO6c-75y1&J-jQ4O88"
"marlene.bisiker@edu.tbz.ch"|"nD5qqb-0woMPt-%LUmpd"
"estee.babon@edu.tbz.ch"|"YVClDz-@@%cVe-w#Sa#6"
"simplifies.dmisek@edu.tbz.ch"|"#DBNwb-o6u#6p-H2Hj#L"
"selene.ganing@edu.tbz.ch"|"cSqif#-A6zv2h-JZOGke"
"meryl.penke@edu.tbz.ch"|"GRGScw-xen$Kk-RsF1ks"
"anais.rawcliff@edu.tbz.ch"|"ipM7MY-DUqQ$&-ubVzh$"
"melina.andri@edu.tbz.ch"|"&lAqhW-ebFOms-ikmPp6"
"audreanne.fodden@edu.tbz.ch"|"mKl1h3-NiRxYe-@PQcIz"
"bjoern.spellesy@edu.tbz.ch"|"AOP%GC-JTp3sR-rywVTq"
"francoise.summerscales@edu.tbz.ch"|"xkO1p0-j4vW4o-bzZ0nM"
"laurene.ashtonhurst@edu.tbz.ch"|"frulL4-lPaBeY-$eDNTx"
"valerie.petters@edu.tbz.ch"|"q61UqV-OtXyMn-v4nK#s"
"anael.spenclay@edu.tbz.ch"|"Nd#KBw-2G@1wP-&8psUF"
"stephanie.keech@edu.tbz.ch"|"L#lVJ#-AM2M0&-S#yIDi"
"ines.deveril@edu.tbz.ch"|"K$Cm@1-ku9k95-3aA3Pm"
"berenice.gelder@edu.tbz.ch"|"BMuTrs-f2j4MO-6&1@KO"
"melanie.ofogerty@edu.tbz.ch"|"2JkNG$-IoX7Gd-2qU5sH"
"frederique.canepe@edu.tbz.ch"|"A3tXcE-wv38%%-@EN@zJ"
"nuo.otton@edu.tbz.ch"|"WXWqrC-@sr8k8-kDd7QJ"
"genevieve.trusler@edu.tbz.ch"|"srBTX2-bp0VxZ-GcszST"
"ju.boag@edu.tbz.ch"|"oJWDnt-CfCV6X-mM%8zC"
"josephine.dilucia@edu.tbz.ch"|"$Ms@AB-fvrMt#-&e#n4H"
"laurene.armsden@edu.tbz.ch"|"%x6ooW-9XJ9vF-id4#EF"
"becassine.griffe@edu.tbz.ch"|"QnRITn-SPfuBJ-4t$u8M"
"alois.parres@edu.tbz.ch"|"3wgoek-f&K51t-BX@AWf"
"cleopatre.gaffey@edu.tbz.ch"|"ruqRss-v5w1Sr-6jsKOW"
"andre.stiger@edu.tbz.ch"|"xbNyj9-b6Vo7u-ZkMb@Q"
"beatrice.godleman@edu.tbz.ch"|"9B8VSB-gjX1ny-V39#uL"
"hakan.harrhy@edu.tbz.ch"|"wMFdGv-$Kan2&-3wLRxR"
"celestine.dagnan@edu.tbz.ch"|"jygEWS-2enyY$-p%qr%P"
"clemence.haggart@edu.tbz.ch"|"#9SPGm-7nZ2s3-w5naRY"
"long.caban@edu.tbz.ch"|"nsXKwS-T17iS9-lvDa%v"
"gaetane.grimble@edu.tbz.ch"|"k61Mw2-i$dA2z-XD&Osr"
"maelann.piwall@edu.tbz.ch"|"wNKE9L-cWFmkV-DCHZ4t"
"magdalene.loble@edu.tbz.ch"|"ovVQ&y-DL1Qe@-V9$w17"
"veronique.domaschke@edu.tbz.ch"|"Ov#0Z&-0CM7b%-asXrAt"
"clea.herity@edu.tbz.ch"|"HmspzC-@4WN$1-ogFAjc"
"maelann.bambrough@edu.tbz.ch"|"OBv$Ot-vYM&9T-hpc&cl"
"clea.goulstone@edu.tbz.ch"|"8$4lFk-#OeM$T-WRL%BO"
"renee.deleek@edu.tbz.ch"|"Mvi%pP-p2zskd-ZX1v7J"
"boerje.rudderham@edu.tbz.ch"|"v93OIJ-icU74C-ww4pqm"
"marylene.broune@edu.tbz.ch"|"God%@b-qu4WxJ-7K0lxm"
"nadege.mccuish@edu.tbz.ch"|"2hBk&2-mlR%b4-vbzQiF"
"anael.littleover@edu.tbz.ch"|"qwsY@1-sNexg0-k%zprG"
"lie.baume@edu.tbz.ch"|"2C2oiJ-COJw6%-cf7nzJ"
"maella.murrow@edu.tbz.ch"|"fu5gJ8-scqaKD-6UYmqR"
"cleopatre.pettifor@edu.tbz.ch"|"DtRu4S-FeFsR6-x1$i2w"
"geraldine.asker@edu.tbz.ch"|"0xg75N-v3ocyZ-8fO3HE"
"gaetane.smedmore@edu.tbz.ch"|"D#zQ45-7Y@7i%-B2F2kZ"
"meryl.blencoe@edu.tbz.ch"|"uxVZ0h-wNr7Ih-WEF3Rw"
"aurelie.chastaing@edu.tbz.ch"|"jnTpdr-ak1iC7-BaqM9i"
"oceanne.marthen@edu.tbz.ch"|"jhrqFc-q9yEs7-sVeDUJ"
"dorothee.burrill@edu.tbz.ch"|"WMag23-KLpMf1-WuWJQe"
"hakan.belden@edu.tbz.ch"|"MIT#vg-f1TtnK-AC0j%n"
"celine.brunning@edu.tbz.ch"|"VzYozj-0D$ppM-gsAbCk"
"anael.lapides@edu.tbz.ch"|"tID8gh-ZiTyU#-lb8Gci"
"ruo.saffran@edu.tbz.ch"|"BQgFvX-V&T@v7-pOL6Go"
"loic.gerretsen@edu.tbz.ch"|"dl6whi-uST6sB-@NDxj#"
"rui.fitzer@edu.tbz.ch"|"u9JLrA-xB76Ut-jon5Ct"
"annotee.ogers@edu.tbz.ch"|"%uEbAW-ENmu5a-HkDCkp"
"boerje.bindin@edu.tbz.ch"|"UKofLB-%wD0f1-mHtj@d"
"ma.cronchey@edu.tbz.ch"|"zg$@El-SneEF5-fBz0ze"
"laurelie.baiyle@edu.tbz.ch"|"X$YdhG-sXvZPB-tW13Bm"
"dorothee.older@edu.tbz.ch"|"8wyFU@-K2PNFB-#f@qb3"
"laurena.wile@edu.tbz.ch"|"YLfS56-MYHbqw-kt2CYP"
"clemence.brito@edu.tbz.ch"|"ryiMpf-BRR8Wv-$XWbzs"
"nadege.dallin@edu.tbz.ch"|"RgJxOC-9G1%&k-6%b@a@"
"mailis.matley@edu.tbz.ch"|"deXm&i-wUsriK-YLR%Ne"
"daniele.screaton@edu.tbz.ch"|"@hin8u-OlN4aV-vX0xEy"
"mediamass.godly@edu.tbz.ch"|"ve4m0y-ISuMu3-@IxyMl"
"leone.kremer@edu.tbz.ch"|"uzfyby-8n%5UZ-2F1Umr"
"asa.adrian@edu.tbz.ch"|"sUmq&f-5Urz0i-w2PEv@"
"adele.doley@edu.tbz.ch"|"Dwo7O@-i2nQ%4-KCiCzE"
"fei.sidney@edu.tbz.ch"|"W$OmXP-7Cgm%2-Je0LgX"
"marie-josee.walisiak@edu.tbz.ch"|"A&a4BS-C0t&mT-OjO5GK"
"desiree.diplock@edu.tbz.ch"|"4@&hAq-UeFeQz-x034AX"
"gisele.schust@edu.tbz.ch"|"iP11eD-reb1&c-a5i8Uv"
"ma.longshaw@edu.tbz.ch"|"k8E4m%-s71v#m-Q6pLAP"
"da.boother@edu.tbz.ch"|"PgJDcm-Z&EyYF-RHLulY"
"simplifies.chaudhry@edu.tbz.ch"|"pUB3iw-WL9OTK-SHueE3"
"garcon.baniard@edu.tbz.ch"|"EIsD8H-stiPpO-xMBHXk"
"gaetane.elphee@edu.tbz.ch"|"UkNxE&-P6waQ$-uRu1eO"
"gisele.hassey@edu.tbz.ch"|"g9fj1i-PKKUmD-hdoy$J"
"oceanne.booley@edu.tbz.ch"|"UqT5r@-KG9050-WCdWIu"
"oerjan.dibden@edu.tbz.ch"|"pNdXrz-c4GBGU-K#c0fw"
"regine.ocleary@edu.tbz.ch"|"P0Ueck-ZlDMuY-zWTqY&"
"selene.persse@edu.tbz.ch"|"5s7omF-7YAOTz-$eU7Lv"
"helena.adenot@edu.tbz.ch"|"LQIm1c-zxfeBY-WqWUoz"
"maelann.wassung@edu.tbz.ch"|"DB42xx-wy1%z6-d5L62X"
"frederique.ackermann@edu.tbz.ch"|"3N4Yj#-KyGf9$-Pnx7nb"
"audreanne.kahen@edu.tbz.ch"|"uyDCdb-tfOMq5-T@o0RT"
"maiwenn.lasty@edu.tbz.ch"|"zD$%$K-$sZD7h-jAZk@Y"
"yu.dictus@edu.tbz.ch"|"qQBa59-i&FWXW-y9ZSnM"
"anae.dukes@edu.tbz.ch"|"%hOJX9-auxWSU-VIl21n"
"yenora.warr@edu.tbz.ch"|"s%Krs3-iisDoH-Py%yFg"
"esbjoern.archibold@edu.tbz.ch"|"bBb2uS-T$0drU-Uh@Y#o"
"milena.pardal@edu.tbz.ch"|"MDTZdu-VP9IKS-QGpueg"
"celestine.graveston@edu.tbz.ch"|"EU6$ju-RiAhHS-w0wzXw"
"maena.dallas@edu.tbz.ch"|"IE2&ZE-bqW79q-mBCX%H"
"andree.tuke@edu.tbz.ch"|"&Vc#6P-tEkozz-OKzb5d"
"methode.seldner@edu.tbz.ch"|"PO%yGf-2vb6M0-pdw255"
"venus.bullas@edu.tbz.ch"|"tAV9%m-&Vc$MY-FiRP@A"
"mans.aguirrezabal@edu.tbz.ch"|"rdoLBT-jMC9IB-X0hs55"
"gaelle.eadington@edu.tbz.ch"|"01Potn-YFghaa-SaR9TS"
"anaelle.falkner@edu.tbz.ch"|"Rtj3qd-uXaXyC-NHKBzR"
"ophelie.height@edu.tbz.ch"|"iQSdLX-md9Ofp-8spvch"
"marten.bolding@edu.tbz.ch"|"Jk$lwg-i5K$9%-#Z$qlb"
"pelagie.guswell@edu.tbz.ch"|"e5vk2z-NQOWv%-Cr9Rh7"
"gwenaelle.lecount@edu.tbz.ch"|"&QMnoc-wuHm2I-TKdIUg"
"hakan.laden@edu.tbz.ch"|"OFsE1J-eY4wvz-Gr&ZRs"
"marie-josee.hylands@edu.tbz.ch"|"t1QDqm-rB#ChS-%XE844"
"zoe.kingshott@edu.tbz.ch"|"QzDcvj-#Jo5ga-IE&Mzy"
"josee.janous@edu.tbz.ch"|"ZH@ck%-40vs6h-SkCQ0t"
"laurene.gallally@edu.tbz.ch"|"FUdYnq-1dJdTo-QEXiN9"
"anael.bickle@edu.tbz.ch"|"3g%Jrd-ushd9J-8Tasdq"
"mediamass.lebbern@edu.tbz.ch"|"%cuO&T-r9HCNy-USG7vR"
"berengere.hovy@edu.tbz.ch"|"2L8eA3-xmWmf%-k@VyCn"
"oerjan.kilmurray@edu.tbz.ch"|"768Q0D-t4rpM#-fpfCRL"
"asloeg.venny@edu.tbz.ch"|"jFt0yl-B8Tico-6Rx@PD"
"marie-noel.stoad@edu.tbz.ch"|"CZeFdQ-xQfc@Z-FJu3YR"
"hakan.pettifor@edu.tbz.ch"|"tbCqAV-g92Gc8-x05pHK"
"maella.willgrass@edu.tbz.ch"|"5vhRDt-x@xuTp-kchHc1"
"therese.ludovici@edu.tbz.ch"|"noShfH-Za%hJm-uBG92%"
"stephanie.trewhitt@edu.tbz.ch"|"SgqlAU-j4@cVp-qt9fCO"
"maerta.bauduccio@edu.tbz.ch"|"mgDvRk-Yo3dRn-%gijLE"
"gaetane.glaisner@edu.tbz.ch"|"iabR9P-dEgiBY-RkwL39"
"naeva.pargeter@edu.tbz.ch"|"m@9wVE-ug3y0T-#X5e0T"
"salome.venable@edu.tbz.ch"|"MOYSeL-&#7LVU-gtpW2h"
"boerje.thickett@edu.tbz.ch"|"uCVzm2-5Geydp-wdoIgc"
"lucrece.prendergrass@edu.tbz.ch"|"RsntNd-A7KDhX-hP&$#a"
"laurene.ockleshaw@edu.tbz.ch"|"W$iZu9-LuFXEd-ebPwlw"
"cecilia.pasticznyk@edu.tbz.ch"|"eBOsbs-Ma8sP7-ylR5yG"
"stevina.mackey@edu.tbz.ch"|"DtJ&Lq-@aXWDj-D4bbtR"
"marie-noel.reven@edu.tbz.ch"|"6fSnOE-jZ5NuV-ciKjTS"
"melina.quilkin@edu.tbz.ch"|"hCw7P2-8U%ruq-HY6zaZ"
"marie-noel.ferrie@edu.tbz.ch"|"Sga8ju-7#SRRG-@XX$sQ"
"leone.alphege@edu.tbz.ch"|"ePWsJh-4zBOd7-mCWrGX"
"zoe.leverson@edu.tbz.ch"|"fKf5ZR-mP4Gjw-wjQxz3"
"annotes.grayne@edu.tbz.ch"|"BLDJ#8-ff2OWm-1fOv3W"
"faites.lalley@edu.tbz.ch"|"fR6okO-WfBM67-Rote2%"
"adele.wallis@edu.tbz.ch"|"lDU7$s-y69R@b-PVY1NS"
"severine.madill@edu.tbz.ch"|"vxtYM1-noOBvl-fL&&KL"
"valerie.tebb@edu.tbz.ch"|"GHYX3U-6lLcj0-hBKF9b"
"kalliste.rasper@edu.tbz.ch"|"cqCi4C-dYx4gP-s4v43C"
"audreanne.palomba@edu.tbz.ch"|"zGt3Sc-stRVWs-97pbhp"
"elea.adamik@edu.tbz.ch"|"IXSMV0-AyKlIj-EWHZL7"
"reserves.jakuszewski@edu.tbz.ch"|"7xdaIK-ihzBYB-WHPvDb"
"athena.belhomme@edu.tbz.ch"|"rjrUp8-TuG0$g-bd4$zC"
"rebecca.crippin@edu.tbz.ch"|"NeC$Ki-F5Yo86-erSnPB"
"maiwenn.curman@edu.tbz.ch"|"t92Bz$-zErpOF-bUmP#s"
"andree.bunner@edu.tbz.ch"|"4oY5cJ-uQs$tI-kha#KT"
"ruo.winckles@edu.tbz.ch"|"g36t4l-nxMzSL-p2QJVW"
"naeva.buntine@edu.tbz.ch"|"HqzAf7-p6EI07-Nl4KpD"
"boerje.dollard@edu.tbz.ch"|"zf71F1-K3sU$s-yyp$JX"
"penelope.gorman@edu.tbz.ch"|"k#Y6Rd-vJRnQp-%G4a97"
"alois.robelin@edu.tbz.ch"|"Hm1wfV-lwS&Yp-zLj#$P"
"anaelle.tindle@edu.tbz.ch"|"RAbgvC-CumO$e-hpka60"
"ye.frears@edu.tbz.ch"|"cNyrHe-zOzFqW-16CHgr"
"andree.ovid@edu.tbz.ch"|"9KtfpX-cH1vuj-Z2K#Cd"
"hakan.peat@edu.tbz.ch"|"Q9a$za-OVc9AI-u1%S%%"
"andre.januszewski@edu.tbz.ch"|"hy2KYW-@R%cOd-8C2N6u"
"annotes.clemmett@edu.tbz.ch"|"BGfzU6-5HE&hI-7eUH5k"
"pal.lambswood@edu.tbz.ch"|"6EwE3v-w14kJv-f5NbQp"
"yao.lenton@edu.tbz.ch"|"jWsBhZ-w$mCm6-ve%KGN"
"hakan.boyton@edu.tbz.ch"|"3hXqN3-ObF7qB-3fwoJH"
"nelie.forsey@edu.tbz.ch"|"HZ%#SS-SX33A5-C#h2m6"
"hakan.horche@edu.tbz.ch"|"Pifvx9-ZWkEi#-sph4jy"
"lorene.sinkings@edu.tbz.ch"|"SZjIHy-hDFJes-alBGUM"
"marie-therese.creddon@edu.tbz.ch"|"tM%E@3-Jm%2Gc-ET1kqj"
"berenice.tolworthy@edu.tbz.ch"|"k#yL4S-Iz8UeA-Y9XCDC"
"theresa.land@edu.tbz.ch"|"qCTB@X-WXC1R9-2j3cKI"
"marie-therese.gianilli@edu.tbz.ch"|"MA4Qlo-ynhxWz-ggIz0h"
"meryl.glew@edu.tbz.ch"|"bjcYa9-ki8%Gn-9@nydI"
"adele.debling@edu.tbz.ch"|"WeVDEZ-AbpwW5-lNRUMp"
"anae.metzke@edu.tbz.ch"|"uigzjg-oX87u3-goiRnk"
"gaetane.gooden@edu.tbz.ch"|"T7104V-WTEQLv-e29Rej"
"laila.bootland@edu.tbz.ch"|"ljbEkw-$BO#8x-PkyUIn"
"maite.helsdon@edu.tbz.ch"|"EVMpxS-Kku9PV-9PhZql"
"andree.malley@edu.tbz.ch"|"hmDCT@-MGIpUz-8aYkVy"
"pal.simmens@edu.tbz.ch"|"V#&OQZ-2YX7Ss-EvnLQH"
"maelys.nuccitelli@edu.tbz.ch"|"yD6sPt-zEjqEM-ReSbf5"
"dafnee.sibary@edu.tbz.ch"|"j8oJzO-r3SHvt-03Rfyi"
"alois.harsnep@edu.tbz.ch"|"OtiEl5-69YSim-NclK%3"
"marie-helene.lacky@edu.tbz.ch"|"Ihm1sK-cXIC4R-47jD5x"
"mylene.youthed@edu.tbz.ch"|"&xc$ZQ-qIR6Hj-y8o&Y0"
"marie-helene.dehmel@edu.tbz.ch"|"MQjWQl-IKNreq-L@iSMs"
"angele.batman@edu.tbz.ch"|"xsvLCn-owulva-ikdByd"
"melia.younghusband@edu.tbz.ch"|"xsD9qb-MXb0qO-lCcj8q"
"eloise.baldi@edu.tbz.ch"|"VESSU0-oPYLbz-a3%XJ#"
"illustree.dun@edu.tbz.ch"|"LELiHo-DBHb90-Y4#OuK"
"genevieve.late@edu.tbz.ch"|"6ASBXQ-pv4BFT-prqQu3"
"celestine.colville@edu.tbz.ch"|"3D7qDm-Wakj5s-o&h6B@"
"gwenaelle.scarlon@edu.tbz.ch"|"Tua@V9-&JwRMr-46dLAb"
"regine.boddie@edu.tbz.ch"|"HHgEyw-beg$zF-nz@$As"
"creez.gaughan@edu.tbz.ch"|"T9syN3-7i3xF0-7tGQCa"
"gaia.longford@edu.tbz.ch"|"GwdjGT-v%&Ysh-6SCi1t"
"mailis.buckby@edu.tbz.ch"|"7NzhT2-UUgetP-uuwKnD"
"song.parbrook@edu.tbz.ch"|"tZGh%H-pl3vE1-NRoXZp"
"frederique.heddan@edu.tbz.ch"|"q5fYLU-kDyPDF-BgSatU"
"ake.kirtlan@edu.tbz.ch"|"CVXo%F-OJ4%5l-0tTbdx"
"nelie.runciman@edu.tbz.ch"|"QbF@Bd-cvFVC&-JU2@Ht"
"mailis.cardnell@edu.tbz.ch"|"f6F4Dl-AG#aE&-zFbLO@"
"irene.navarro@edu.tbz.ch"|"lT85o5-U%j2H%-l674E4"
"maite.cough@edu.tbz.ch"|"OE2R9w-05$rjX-N6dfcr"
"anaelle.stocky@edu.tbz.ch"|"%Sbdpe-wSW0Za-RWCAnu"
"methode.moulder@edu.tbz.ch"|"jF4D$E-hn#2lf-OZ18IZ"
"po.stafford@edu.tbz.ch"|"U52kf3-P&56j3-R1T#O0"
"faites.scraggs@edu.tbz.ch"|"XuNFBw-ideRn3-@obf3p"
"adelaide.dullard@edu.tbz.ch"|"WJUpwW-tRrYwQ-aGaocW"
"desiree.leonard@edu.tbz.ch"|"Rbf&FC-Y2A5UL-m3PgQc"
"geraldine.badgers@edu.tbz.ch"|"%ld3Oj-GMfetR-zBqbJO"
"ruo.masic@edu.tbz.ch"|"995k%9-WhN@%s-LZq4xr"
"aurelie.lieber@edu.tbz.ch"|"2zpEDG-T8lVU$-p4uIom"
"naelle.balcock@edu.tbz.ch"|"jA0s7X-2@lVEI-iqewM8"
"camelia.elger@edu.tbz.ch"|"%I%C%P-u%z0YN-viBvYB"
"publicite.oakeshott@edu.tbz.ch"|"iMhiyo-9@BnUG-uCJaaN"
"cleopatre.fawley@edu.tbz.ch"|"bZeyS@-tRsBty-FogCal"
"laurene.bruckmann@edu.tbz.ch"|"@mXJN4-3LXggX-$id2sg"
"rui.haughton@edu.tbz.ch"|"#BGmRN-$3Xp8Q-ARCHr%"
"asa.ladewig@edu.tbz.ch"|"k6TL$O-fEJs%j-QU@K4#"
"gisele.janecek@edu.tbz.ch"|"nyrQxy-PBhWTm-LoXezY"
"maily.loveridge@edu.tbz.ch"|"Xe4mFL-ycosB$-&5eucT"
"marie-eve.yurkiewicz@edu.tbz.ch"|"KWTcmk-v6w1Vs-XHk76o"
"fei.roder@edu.tbz.ch"|"bWrXRR-rZM@pl-okAY@h"
"edmee.chatburn@edu.tbz.ch"|"bY56@g-w1UHXy-KxHS4L"
"geraldine.darke@edu.tbz.ch"|"swO@gD-Hcshf7-Df&rL2"
"ye.jira@edu.tbz.ch"|"d@qbV%-A3LIyk-jXZhCZ"
"publicite.persent@edu.tbz.ch"|"D$XAty-bTwzry-hqxGoX"
"severine.wilcox@edu.tbz.ch"|"%Pq$Jo-DKS%c6-F93j@3"
"yao.mcclaren@edu.tbz.ch"|"bQa#mB-qK2b@y-IjnoK9"
"theresa.foynes@edu.tbz.ch"|"YZLMcV-y6wjWX-GsIcwE"
"stephanie.isley@edu.tbz.ch"|"oGka1D-U3bdC4-TGgBvw"
"torbjoern.growy@edu.tbz.ch"|"&%k7Rw-sEX04Z-csPlME"
"eloise.tunnadine@edu.tbz.ch"|"9gOcNE-ICqs3p-D$WfZy"
"maeline.cossentine@edu.tbz.ch"|"JCPf#n-jHi0fA-HsUiIJ"
"nelie.desantos@edu.tbz.ch"|"1CAb7p-AMaJB6-PbST@W"
"gaetane.axston@edu.tbz.ch"|"wNTbV#-amu9jL-ALyR$I"
"aimee.merman@edu.tbz.ch"|"nZFTPz-bS@q4G-1nhm&n"
"oerjan.drivers@edu.tbz.ch"|"bDHlEV-w6jQI@-7mxW9G"
"aimee.miroy@edu.tbz.ch"|"4bkpeg-T%25nU-QaJAKg"
"nelie.glyde@edu.tbz.ch"|"eDaFvG-ztrw0B-BPx#E#"
"hakan.kapelhof@edu.tbz.ch"|"LDGSxA-IZobY1-DGXztm"
"maelyss.cauley@edu.tbz.ch"|"ggRLLy-R7i7NH-GPtFzr"
"elea.vaggs@edu.tbz.ch"|"6tyR%x-0yvFfP-twP&$M"
"maelys.but@edu.tbz.ch"|"22amNT-@hoNq0-aN@E7T"
"maella.arthurs@edu.tbz.ch"|"bV$ic7-lcdb9q-ak%2zK"
"adele.liebrecht@edu.tbz.ch"|"1pG9%n-Tdd4cw-GnHGrg"
"meline.lomasny@edu.tbz.ch"|"K$3iyL-H$%Xn9-Og74KG"
"mediamass.schwant@edu.tbz.ch"|"ZN8D%8-kW2EA5-I1SZcR"
"leone.saunt@edu.tbz.ch"|"zWDhq4-vto7FO-4sgbC9"
"annotes.gouch@edu.tbz.ch"|"k%fK6L-yIv3Zc-Zyw#y7"
"gaetane.bowich@edu.tbz.ch"|"vkYyKe-u%@r$$-J&Kr&K"
"alizee.strelitzki@edu.tbz.ch"|"HFWhDE-rd2aku-bQFxFS"
"leone.poile@edu.tbz.ch"|"NSpR@w-LgzHxD-@&fc9b"
"amelie.saban@edu.tbz.ch"|"3CHb&X-ZXC82A-Dlw6w8"
"marten.mcmenamin@edu.tbz.ch"|"3fPFnR-WftM1q-9j7ul7"
"becassine.keets@edu.tbz.ch"|"$5uTjY-4AB$Bq-F3i349"
"celine.million@edu.tbz.ch"|"jnC%6n-iWg5Y6-UM&1Xi"
"geraldine.belitz@edu.tbz.ch"|"iZ0b$9-@&py6m-0tJYGq"
"salome.mardling@edu.tbz.ch"|"47vgQh-GoDFyw-lnyjsY"
"melia.blakemore@edu.tbz.ch"|"cRzOsM-UPqux9-hdAuWn"
"dafnee.mcaulay@edu.tbz.ch"|"0QKZvG-WlW8YC-@7Q$Fr"
"garcon.dennett@edu.tbz.ch"|"2%&Zst-z8Eelp-LORZfn"
"interessant.lesor@edu.tbz.ch"|"USWmaM-z9CFjw-DE1ZBb"
"annotee.wasbrough@edu.tbz.ch"|"j%8lJY-XBNiW3-@09qFv"
"asa.ibbeson@edu.tbz.ch"|"WkVmnJ-BIFETF-$dj4z8"
"maily.kennealy@edu.tbz.ch"|"DBMWnN-9prrVM-MxRP5i"
"ye.seares@edu.tbz.ch"|"ne9X4O-D9@XlE-BHvCa%"
"athena.harbron@edu.tbz.ch"|"IDv7QF-y1fIGM-lmqwsl"
"andreanne.portail@edu.tbz.ch"|"dpixkA-UjjrDV-uJ&yj5"
"goeran.zannelli@edu.tbz.ch"|"w8vE3P-vG8j#8-ZtYyAP"
"gerald.leathlay@edu.tbz.ch"|"pbde3N-dwdbrj-KCvGw3"
"andreanne.chown@edu.tbz.ch"|"bMWXEm-6OU1#j-0paLQc"
"esteve.clementel@edu.tbz.ch"|"U9PI21-2eC#Y7-AUehum"
"leone.legan@edu.tbz.ch"|"R%mPZA-nLO1d5-CKC9jw"
"maena.pownall@edu.tbz.ch"|"RSCocU-ToazMu-#GAIFk"
"andree.rettie@edu.tbz.ch"|"Iqo$%$-HHD&f5-uJgnFw"
"ines.kenwrick@edu.tbz.ch"|"9bGi82-$idl33-&D&#gF"
"marie-helene.yarnall@edu.tbz.ch"|"$6B$1b-vDkkEp-Hi&Msc"
"po.martin@edu.tbz.ch"|"LrZLbL-2B&ACD-UyN2d@"
"ruo.celiz@edu.tbz.ch"|"ooz@xc-jtlOJ6-ygdTto"
"po.bissett@edu.tbz.ch"|"b7AF9i-7Jkzck-Ngyapa"
"du.swindon@edu.tbz.ch"|"has40v-28rgc6-w$ulIt"
"interessant.gouldthorp@edu.tbz.ch"|"QWFGYl-UX&k#n-nbp4V4"
"leandre.lilburn@edu.tbz.ch"|"xIim5r-fdVzIe-EEOY%B"
"bjoern.whales@edu.tbz.ch"|"U5X3pR-kt%yHb-@s4JQx"
"interessant.dieton@edu.tbz.ch"|"SquHf3-Mgaill-I$1MYI"
"celestine.redhills@edu.tbz.ch"|"Mds$vo-WAum#2-T2G&LH"
"tan.yakovlev@edu.tbz.ch"|"GruKpA-BKmFVz-i6J5Ck"
"regine.mcdowell@edu.tbz.ch"|"kF9Yfa-tUEGfg-DA6glu"
"ju.coysh@edu.tbz.ch"|"HNV#iZ-g7s5#a-9&4R5W"
"reserves.ofallon@edu.tbz.ch"|"e0nPR8-pxB%@4-MpKf4G"
"frederique.sobey@edu.tbz.ch"|"pOPcW@-emYgAg-bNif9F"
"marie-eve.garstang@edu.tbz.ch"|"uDfYET-SWyYIt-rXRo$G"
"andre.tapin@edu.tbz.ch"|"$wqJkG-D$5DFe-MhrnlU"
"esbjoern.eynon@edu.tbz.ch"|"n&pChR-S1QlN2-OWmG0r"
"maella.duffy@edu.tbz.ch"|"p%%fBG-r6MpOD-Kiu&wv"
"leandre.twinning@edu.tbz.ch"|"1631Bs-p2OttK-vahfDR"
"mai.whittingham@edu.tbz.ch"|"BOXf3X-o8c#eJ-oznXjO"
"rachele.shevelin@edu.tbz.ch"|"zHlz7o-9YSgYx-bF6XsF"
"cecile.mcure@edu.tbz.ch"|"D2IV8M-mSL%lx-@T9OLQ"
"marie-eve.yurkevich@edu.tbz.ch"|"5TCd#9-2pPXhZ-mSOGpI"
"almerinda.paice@edu.tbz.ch"|"$yfiTn-LEU9#N-TB2KlN"
"rao.howkins@edu.tbz.ch"|"n$wzHr-o&OsDH-rZBTsD"
"serena.pack@edu.tbz.ch"|"P8dQ&q-fNE7g&-r2Wi5@"
"rebecca.mant@edu.tbz.ch"|"gUU9xF-uSn18B-1DZkRc"
"reserves.spitell@edu.tbz.ch"|"5Um060-MOUM%9-CxcK9e"
"garcon.hamfleet@edu.tbz.ch"|"wFA9Et-c8tJXz-hlS$i5"
"methode.kerkham@edu.tbz.ch"|"4aI7z8-igDXTN-sGhVYC"
"pelagie.camies@edu.tbz.ch"|"DTQEIr-McfjAq-bnwv7G"
"josephine.macpharlain@edu.tbz.ch"|"Qjd7&n-%iGL&B-74W#ng"
"eugenie.mathet@edu.tbz.ch"|"wnmzT2-oGDeOZ-o&JUIb"
"gaetane.brangan@edu.tbz.ch"|"gzoxx1-xATCmW-4b5W$n"
"michele.dewbury@edu.tbz.ch"|"NQzi8w-XG8uat-tuzThK"
"eugenie.elcott@edu.tbz.ch"|"S#dKls-1UQ#N8-hnllpW"
"megane.harniman@edu.tbz.ch"|"z2h7Ts-4qzrBT-cUPUg%"
"agnes.cluney@edu.tbz.ch"|"bUq8yg-eWVQ$5-FDpkQr"
"marie-helene.angear@edu.tbz.ch"|"Anr9PN-LseAno-I4mciS"
"melia.dolphin@edu.tbz.ch"|"sMhfsZ-FM$Cgd-S$zw%8"
"lois.ruseworth@edu.tbz.ch"|"aIsE@L-853RJy-wTz9VI"
"mailys.ryding@edu.tbz.ch"|"&6zVmy-J$w$3S-6fXB&Q"
"rachele.wulfinger@edu.tbz.ch"|"Zzqxwg-tIuaZn-AFL8Fc"
"gwenaelle.talton@edu.tbz.ch"|"dXTpH#-kNa4bx-v9ay2i"
"long.ronchetti@edu.tbz.ch"|"9oi1cO-X#OQEu-$5Ze@b"
"styrbjoern.kloska@edu.tbz.ch"|"zEpTSE-d$WF26-uwbgEJ"
"len.sudran@edu.tbz.ch"|"o9x3ox-naim2N-MLEf$r"
"maelle.andrysek@edu.tbz.ch"|"X&RnzG-gvVtxK-DJINOq"
"selene.senior@edu.tbz.ch"|"Y1BVjl-#LvrEq-d3spRJ"
"anais.joskovitch@edu.tbz.ch"|"GkKubD-mVkHgN-6ER@QH"
"marie-noel.dally@edu.tbz.ch"|"aFNZbq-LS5fRG-FAdAwa"
"marie-helene.laurence@edu.tbz.ch"|"HeznA1-&NUqzO-P@uh%9"
"camelia.foxon@edu.tbz.ch"|"BvJwKN-68zDqV-6h8o2b"
"helene.cankett@edu.tbz.ch"|"Egwknm-R%78jb-CC9lVF"
"marten.mitchelson@edu.tbz.ch"|"uQrg&t-WLwvxd-T%bEk6"
"helena.stirtle@edu.tbz.ch"|"%SV84k-ArxnSf-BJtf1u"
"leane.barmby@edu.tbz.ch"|"$Jp3fm-rCxa%x-Wb0g8R"
"goeran.ofinan@edu.tbz.ch"|"DTgL5A-Uwwl0A-VpEmCC"
"styrbjoern.proby@edu.tbz.ch"|"uEvYtU-Zoes#%-SeeLk&"
"zoe.halse@edu.tbz.ch"|"hEyElr-UHo&Zr-gFL400"
"kui.drable@edu.tbz.ch"|"uYV23L-emCvbx-UrdtLT"
"desiree.bamford@edu.tbz.ch"|"qqQr&p-Gf#b2r-VtaHw3"
"zoe.suller@edu.tbz.ch"|"BfcJDf-FVrozs-D5y5@z"
"marylene.audiss@edu.tbz.ch"|"Rb#T7k-bNk7ve-61@&Nk"
"adelaide.poznanski@edu.tbz.ch"|"64mchW-Kd1cUs-NWDIpS"
"maella.coleyshaw@edu.tbz.ch"|"vrssDp-pElUrr-HypuI9"
"marie-francoise.gelder@edu.tbz.ch"|"58kdcv-ch8CZ6-Q#z4hR"
"eleonore.chaffyn@edu.tbz.ch"|"0jIvKc-cBktbx-HiGFF#"
"celestine.sikorsky@edu.tbz.ch"|"pT$sXZ-JJgav%-X$hCb2"
"stevina.londsdale@edu.tbz.ch"|"wHNKaU-pCFkck-UF#2gA"
"maiwenn.nevitt@edu.tbz.ch"|"HKTDHH-d2ZyC5-n$5iPD"
"magdalene.gerrey@edu.tbz.ch"|"58ET$a-I@r55K-SK1mEH"
"becassine.latimer@edu.tbz.ch"|"ivBbpU-%%KaDk-I$ZLrq"
"da.lethibridge@edu.tbz.ch"|"IGnmaq-R8PD@s-JQPjah"
"mailys.claige@edu.tbz.ch"|"A@SkeH-n5H5KF-L9K#3V"
"maena.torbard@edu.tbz.ch"|"b39lIt-pZF%yq-nb2Oy$"
"solene.lyvon@edu.tbz.ch"|"BV@G9Z-1q5@uq-KvPzvZ"
"marie-therese.benbrick@edu.tbz.ch"|"7bjZ47-5OPTPI-lwLZ9j"
"gerald.edmonson@edu.tbz.ch"|"5ihk%w-z81&BI-nZxh$l"
"ake.messruther@edu.tbz.ch"|"O@wl2s-Imy@z9-@1vsZg"
"men.gosneye@edu.tbz.ch"|"jlHtdz-N5i$Yt-eow#%H"
"anais.jefferys@edu.tbz.ch"|"sjWH&m-@WUT$F-erbulN"
"publicite.tregale@edu.tbz.ch"|"jci&Dn-Nzfsy$-4GZ#7q"
"maily.santorini@edu.tbz.ch"|"0wvucz-vM#LoU-aV9HvP"
"ines.pioch@edu.tbz.ch"|"Sftmuf-$VXOS#-#MPYE5"
"noemie.marklew@edu.tbz.ch"|"IDDrhW-QAvbVY-9@Zwqd"
"meghane.maccaffrey@edu.tbz.ch"|"Qplp$c-yRdHjA-w9qlvz"
"berangere.ambrogio@edu.tbz.ch"|"HIPGUi-UDv1yz-b$0o4A"
"mediamass.ryce@edu.tbz.ch"|"%6EyLU-xwWtbn-me$mNx"
"oesten.ubank@edu.tbz.ch"|"$A2Ekj-dRzs@D-xp&8%C"
"melina.mackee@edu.tbz.ch"|"Gm7xFj-AzcuEp-YdaHm9"
"theresa.livezey@edu.tbz.ch"|"j#4sHC-OaR@gt-wDYJn0"
"clemence.weal@edu.tbz.ch"|"U8FgYb-dW%3aP-FQX$v4"
"faites.overton@edu.tbz.ch"|"BrDMG1-1ib$QP-a@5%0w"
"clea.lindblad@edu.tbz.ch"|"Sgfn9z-ciqvY%-35DQZe"
"josephine.roseaman@edu.tbz.ch"|"EITNl#-56m9JA-e$CmUZ"
"oesten.lowbridge@edu.tbz.ch"|"LHfgSh-&dI0E6-eav5bR"
"marie-josee.brion@edu.tbz.ch"|"RK12vJ-z@x6wd-XhI5nn"
"therese.basili@edu.tbz.ch"|"W#NKl3-9V2L4C-7rFteY"
"melia.vertigan@edu.tbz.ch"|"ZbcjiQ-J1rp&T-dhpt@j"
"judicael.saull@edu.tbz.ch"|"AA9R&L-L9oEH1-zr7G#F"
"selene.valentine@edu.tbz.ch"|"UoJGji-4UfXzv-1KSeG0"
"verane.dunlap@edu.tbz.ch"|"CrAOKe-FCRIG8-K61btA"
"meline.kinnear@edu.tbz.ch"|"k3Ru9U-Y8gn2V-BPmIru"
"lei.luttgert@edu.tbz.ch"|"iBVEc$-XnM2ry-k6Irgb"
"styrbjoern.lathleiffure@edu.tbz.ch"|"plLZ@d-iBY0AX-LK7fx%"
"marlene.blasi@edu.tbz.ch"|"hUI$ll-2p$QKL-HJf56$"
"mai.begwell@edu.tbz.ch"|"n6KPxN-gXopkd-htoYW3"
"gwenaelle.kaines@edu.tbz.ch"|"t3&2r3-5QbPr$-TWUfe@"
"gerald.adamthwaite@edu.tbz.ch"|"AbH0LJ-&hj4ws-XoawFR"
"kui.hartfield@edu.tbz.ch"|"lggOTr-HgUOoU-CHYFzu"
"salome.currao@edu.tbz.ch"|"r&Cpp%-#wY0ku-$4ZL3D"
"angelique.tixier@edu.tbz.ch"|"SBo5Ra-A7KTcY-fbzEbD"
"ju.mcgragh@edu.tbz.ch"|"cQhybu-Ogm4&r-3Mmp5I"
"dafnee.beachem@edu.tbz.ch"|"hoIfyx-0gRqUY-qJ2bN6"
"creez.terlinden@edu.tbz.ch"|"a9#XOo-Ikwg6x-ygNjSX"
"uo.mcskeagan@edu.tbz.ch"|"UVd%Zt-9DcDlm-mjx2g5"
"edmee.mccaughren@edu.tbz.ch"|"wcFRC7-gW5LZR-y9QUXd"
"asloeg.cozby@edu.tbz.ch"|"6q9od9-XtuPeT-RTDxS0"
"melodie.traite@edu.tbz.ch"|"vpd8V@-nwobpn-4YUcih"
"dorothee.aindriu@edu.tbz.ch"|"M4pGKk-dHOZvX-TJhOIH"
"daniele.doley@edu.tbz.ch"|"Cgc2r2-Zt&wpw-lTH&Jq"
"mediamass.fairclough@edu.tbz.ch"|"5Yyhhc-AEW#0K-8n&miE"
"lorene.rainforth@edu.tbz.ch"|"fRSSZD-$J6Y4U-ck&tCs"
"leonore.eyer@edu.tbz.ch"|"sP0bb&-@q2Iig-yRBMk7"
"po.spillman@edu.tbz.ch"|"@g4mwt-pKQj#W-cIn4Ix"
"cecilia.plitz@edu.tbz.ch"|"RB4A4I-uTw6E$-#indPI"
"lorene.ludlow@edu.tbz.ch"|"Q&a8J$-h7j2tq-yS%wEt"
"berangere.neligan@edu.tbz.ch"|"8B9Z59-Sji5LY-drJWZI"
"simplifies.huggan@edu.tbz.ch"|"AvA#aD-jMpG9a-eXVNXT"
"clelia.prandy@edu.tbz.ch"|"mTO%On-95Z5HB-IprKD6"
"ake.osban@edu.tbz.ch"|"5snNcS-S%ewtf-WxcKjt"
"cunegonde.brunn@edu.tbz.ch"|"25&CdS-O2NQFT-Vw3KVw"
"long.grizard@edu.tbz.ch"|"URtE2z-hEqyqT-xsxHya"
"meghane.diss@edu.tbz.ch"|"336OD2-c4XJ4V-KS3Mrg"
"therese.oldman@edu.tbz.ch"|"wonMM1-D%yxyi-3Hlh6G"
"boerje.scamerdine@edu.tbz.ch"|"zj@Qx1-itLy$3-fReXJe"
"du.saban@edu.tbz.ch"|"1Er6lz-#B3S6C-n%vdr3"
"hakan.clynmans@edu.tbz.ch"|"QFvRwz-h6sQt5-Fd2BQH"
"wa.macdowal@edu.tbz.ch"|"ETwhMU-4eF0kZ-d%vXy1"
"venus.hatrey@edu.tbz.ch"|"YL2Zfi-lRXhGL-drpipJ"
"anaelle.vispo@edu.tbz.ch"|"ROezVA-3FsFk&-5&SFc%"
"mahelie.ollcott@edu.tbz.ch"|"LrNp6o-Io35xs-A7w4wc"
"mediamass.whyman@edu.tbz.ch"|"w@RnTW-HTfr0t-Qgo3vk"
"esbjoern.basson@edu.tbz.ch"|"Owv9BQ-MDkD$o-wgls#W"
"andrea.morrill@edu.tbz.ch"|"ny4Kyi-Qs6v3X-Mx3dV2"
"melys.grassi@edu.tbz.ch"|"y#uGnD-5Y4CiH-Qc6o2b"
"leone.poleye@edu.tbz.ch"|"Bvslp#-T$vEjS-b%cQee"
"francoise.penny@edu.tbz.ch"|"KxCx6D-akyNIf-3vcc1C"
"rebecca.edney@edu.tbz.ch"|"eKTl%6-A$taX9-BfqjJb"
"adelaide.murtagh@edu.tbz.ch"|"2OsRh6-czGVW2-P3XOTZ"
"stevina.winterbourne@edu.tbz.ch"|"ts7FmV-GKMADW-g9im6n"
"ma.cottom@edu.tbz.ch"|"1cNcvS-#sSvZv-1328zy"
"tan.harold@edu.tbz.ch"|"ZoEOx#-KjFu2h-j%vSeP"
"venus.forte@edu.tbz.ch"|"E%m9OI-2ROKAs-pnI$f9"
"almerinda.oluney@edu.tbz.ch"|"27p2ZM-HYQQvG-$Qv8#V"
"cleopatre.brehault@edu.tbz.ch"|"kda%Om-cz6YsJ-0fT#Zu"
"interessant.lapides@edu.tbz.ch"|"&nnbhF-9tooPZ-hGVcat"
"reserves.hallatt@edu.tbz.ch"|"AR5d%r-0qJGAX-#GauAj"
"annotes.birdwhistle@edu.tbz.ch"|"M3#a7o-zLAToD-ncD3%X"
"ai.dredge@edu.tbz.ch"|"sc5BIN-Wp@XdG-7wcVPX"
"megane.mussard@edu.tbz.ch"|"dq@PNP-QcF7Y@-opRZzt"
"esbjoern.gowrich@edu.tbz.ch"|"5H$cCX-3SdUao-yXV%mg"
"boerje.brislawn@edu.tbz.ch"|"%t#Y2m-ZeEhfN-CIVDp$"
"becassine.wilce@edu.tbz.ch"|"$v3kOD-gl%9GJ-5$LuSQ"
"personnalisee.oels@edu.tbz.ch"|"P%Rsq6-k0GnPe-nn@FbM"
"verane.pett@edu.tbz.ch"|"UFLHD8-cGjAX4-gBFL3#"
"marylene.glewe@edu.tbz.ch"|"4OlAiG-fYSJIv-omkHbH"
"lai.elson@edu.tbz.ch"|"NVWYl$-TanoLD-L02K@D"
"serena.difranceschi@edu.tbz.ch"|"ymJD95-UtZufX-eOQo1D"
"lie.espinel@edu.tbz.ch"|"7GSlqL-bFNNYx-1UhdjM"
"marylene.fantini@edu.tbz.ch"|"zEwGXO-jQpluh-m3H8zr"
"andre.archdeckne@edu.tbz.ch"|"$cThq&-duQXg&-zYFE1o"
"goeran.bohlingolsen@edu.tbz.ch"|"T85Gv1-rTaEay-vM2zwE"
"cunegonde.heffer@edu.tbz.ch"|"14u1pP-XgnFht-Rk$mwP"
"tan.fechnie@edu.tbz.ch"|"1BQIrL-JRTCA4-rIFrNa"
"marie-noel.brammar@edu.tbz.ch"|"%@nIjX-@3D5q3-f#j47x"
"simplifies.aven@edu.tbz.ch"|"drOTDg-qev5KE-1te0u8"
"melys.pinchen@edu.tbz.ch"|"2Wr86%-mKyEBC-Hephn6"
"edmee.joyner@edu.tbz.ch"|"hnhiw1-04Ta3C-ECsQkx"
"berengere.edess@edu.tbz.ch"|"oap1un-ZnEcNu-@T27A0"
"marie-noel.goward@edu.tbz.ch"|"&v0jT3-iDY4WY-9@ViKi"
"ju.edmons@edu.tbz.ch"|"8Z19Ag-f6ev#U-B0B&HP"
"frederique.airds@edu.tbz.ch"|"7cYz1f-F#D0%K-wX1tMG"
"reserves.dauby@edu.tbz.ch"|"oJcnUz-wdyQqp-@Q7Ctk"
"hakan.gynni@edu.tbz.ch"|"QET5bU-mQ8nQK-&AMJ%d"
"leonore.pinwill@edu.tbz.ch"|"YWdceu-$BLJ37-7G8hS9"
"marie-eve.mcallan@edu.tbz.ch"|"sQdtg9-O$0YVc-3#H46o"
"naelle.yeabsley@edu.tbz.ch"|"$GsubF-9YEpD#-ea$otX"
"nelie.jacobovitz@edu.tbz.ch"|"60rVwH-TntFvQ-EhMzC2"
"adele.conelly@edu.tbz.ch"|"l%2oYf-PT7zBb-#WqBi7"
"clementine.dondon@edu.tbz.ch"|"rtZ@py-QZNSo0-koKulV"
"zhi.willcot@edu.tbz.ch"|"yMpOBC-yYV8XD-0XRCzn"
"chloe.janicki@edu.tbz.ch"|"c2lSuM-x3SkOo-2OTIvQ"
"meng.linde@edu.tbz.ch"|"zVm@x4-S6$0eI-HLh@Mi"
"celine.janisson@edu.tbz.ch"|"C6eZio-#aCiKJ-J5sXDG"
"clelia.crow@edu.tbz.ch"|"4jNdo5-E3MmsO-6&nAy0"
"cecile.pyott@edu.tbz.ch"|"8IAeqW-kd@EgF-t6kPAj"
"ma.fidelus@edu.tbz.ch"|"LQ8LO7-jNRBzh-HJCaox"
"marie-helene.poore@edu.tbz.ch"|"1Ki5PT-m#eaHt-6GcAMH"
"elies.blanket@edu.tbz.ch"|"Pt#c7#-3cgM$G-p%lKc#"
"yu.boyer@edu.tbz.ch"|"IgBNyS-Mwxi%1-up5iPU"
"celia.welds@edu.tbz.ch"|"Td3ADo-ys7eiL-6Kpyfk"
"du.gunney@edu.tbz.ch"|"La8IXK-p4acUa-YlAmSx"
"goerel.crush@edu.tbz.ch"|"6te&0J-gHjBaq-Oa144W"
"marie-josee.brosius@edu.tbz.ch"|"k@lIsZ-yxlJZT-JhJttt"
"camelia.adds@edu.tbz.ch"|"yF7Ky%-Ms6OS1-7DsnpP"
"anae.irwin@edu.tbz.ch"|"ZY#@N2-40NFxg-M1nxzS"
"cleopatre.skeffington@edu.tbz.ch"|"mDWgNz-@hJeBd-n0xYFS"
"gerald.suggate@edu.tbz.ch"|"ZAkNNv-BkOtFZ-vyImyA"
"laurene.tailour@edu.tbz.ch"|"GYQIUG-dJiogo-9zxCN&"
"amelie.hoble@edu.tbz.ch"|"nsX1iF-V&iKcW-D&gi0T"
"venus.getch@edu.tbz.ch"|"zvyfwW-UulRk0-Di$qno"
"renee.treby@edu.tbz.ch"|"ey0w9w-B8Hcl@-b44R$i"
"almerinda.stait@edu.tbz.ch"|"gOK2GL-CNYBBY-8x4wPj"
"andree.reddecliffe@edu.tbz.ch"|"TfR@X5-#VkqHh-bjMV4o"
"leone.wintle@edu.tbz.ch"|"Dm4vUr-BaOv8n-7n9FvB"
"gerald.fellow@edu.tbz.ch"|"X#e2M0-g70h6j-Rl$NoK"
"ju.gudger@edu.tbz.ch"|"#bCEVF-EiGu4w-i6djMx"
"meng.ohaire@edu.tbz.ch"|"omdAb5-GBh&Gq-DvCtke"
"cleopatre.missington@edu.tbz.ch"|"9ua9GV-gQdYDe-Lo@OGx"
"annotes.debruyn@edu.tbz.ch"|"F1PVSI-whIZU&-%kkBWu"
"gerald.sinisbury@edu.tbz.ch"|"dh@lau-sD%@Ga-$h%NJy"
"creez.slora@edu.tbz.ch"|"2bV2B9-oGIPSO-bjp#QW"
"gisele.benbow@edu.tbz.ch"|"Nkx#$t-vkP8Hr-zVqyRC"
"pal.dossit@edu.tbz.ch"|"VHFCr7-0cUl0$-r4HyAf"
"nelie.stirrip@edu.tbz.ch"|"6ADXk3-kABi9J-amevI3"
"alois.ocrigane@edu.tbz.ch"|"NXrmec-uOyjw&-CinvnW"
"kui.mcterry@edu.tbz.ch"|"&OM105-BxYyUu-dV3Aou"
"long.willgoss@edu.tbz.ch"|"q991sZ-VUoO0Z-J8##wt"
"francoise.sumpner@edu.tbz.ch"|"sjiQ8i-tia$od-lIFys&"
"maely.grinstead@edu.tbz.ch"|"l6#QlM-3VUUCg-@Qx6fx"
"creez.langeren@edu.tbz.ch"|"KnmfZA-ygqk3d-&IVqqf"
"adele.dungate@edu.tbz.ch"|"QwsL%K-FfXVN6-dLQQ#t"
"cleopatre.noirel@edu.tbz.ch"|"BbncR3-2woF$5-JzJ7nL"
"interessant.daverin@edu.tbz.ch"|"qVN$rQ-bpsNMY-JQfAu4"
"naeva.kalderon@edu.tbz.ch"|"jD&zpH-LyBkBD-NiOr#d"
"anais.oshesnan@edu.tbz.ch"|"$Uxpqq-qtuLYc-7jH6gy"
"judicael.anelay@edu.tbz.ch"|"664mn9-RlQN8$-NYDOhn"
"eloise.braxton@edu.tbz.ch"|"5i2sHi-gzbrwA-eTIdaD"
"desiree.greguol@edu.tbz.ch"|"#99zpP-1ElMXM-@RKte3"
"maite.mcclenaghan@edu.tbz.ch"|"pZFHZW-tfj8$H-C6D@p6"
"meng.doret@edu.tbz.ch"|"XKtA3a-3t&AX#-dHoI$%"
"frederique.chippendale@edu.tbz.ch"|"@8QeDa-MeflC6-eXzlND"
"andreanne.lanney@edu.tbz.ch"|"qOu4OQ-riG8lA-7FZ$IG"
"aurelie.claus@edu.tbz.ch"|"O%VeSL-51Rs9x-Vv9431"
"renee.pabel@edu.tbz.ch"|"aUh3W0-UC29F2-nu1Vfl"
"maena.roust@edu.tbz.ch"|"gm8VjP-jyH1Yn-p7WdFL"
"nadege.carwithim@edu.tbz.ch"|"CuEzv2-Aq6ADK-hiA9@a"
"solene.geyton@edu.tbz.ch"|"PrFu0L-YU5f0B-cABjh9"
"dafnee.avraham@edu.tbz.ch"|"%4HAc$-6TVv29-84%YPW"
"leane.woolvin@edu.tbz.ch"|"FOuIXf-L@w8ua-F0vgz9"
"adele.macadie@edu.tbz.ch"|"7WP3Gp-R&EIQl-gamjlj"
"meline.rubica@edu.tbz.ch"|"#0PztY-y&Qp0W-trAuCc"
"marie-noel.speeding@edu.tbz.ch"|"pgcsck-9CujOk-Z2qwty"
"nelie.mix@edu.tbz.ch"|"U$VYV3-MP6bpl-9K%7zc"
"clea.ollett@edu.tbz.ch"|"6MWyjE-$s@Y0i-iqqYLK"
"leandre.mcgavin@edu.tbz.ch"|"7KsYwA-27C39@-9ZFCSp"
"cecile.behne@edu.tbz.ch"|"ZYyMz&-ORQ5dz-Kq7xF8"
"melanie.polle@edu.tbz.ch"|"IDqPyv-X$9Yuk-vHz0#%"
"marie-josee.titmuss@edu.tbz.ch"|"cuavA#-nPHtoN-065sUj"
"helena.guest@edu.tbz.ch"|"bbP@2a-Ndi$OW-D1$fbR"
"annotes.chicchetto@edu.tbz.ch"|"M119SJ-AzQ@Q9-MLXx2Y"
"melia.tubb@edu.tbz.ch"|"5XL0HV-68x%nF-%elh6J"
"angelique.casetti@edu.tbz.ch"|"7k$EFj-v2cxiG-EJZe9d"
"cunegonde.cleall@edu.tbz.ch"|"CdyW0v-Ok$T@5-YCJlT%"
"camelia.oaker@edu.tbz.ch"|"IZb$5q-d#kMRQ-UX@S6u"
"you.searight@edu.tbz.ch"|"GyF%s8-Ov7m0G-Bktd&O"
"kevina.dederick@edu.tbz.ch"|"5SsPAw-EuVZ06-ei2F0d"
"milena.jeffrey@edu.tbz.ch"|"pVO@ND-kZtuFc-O6rSQt"
"melodie.barkshire@edu.tbz.ch"|"lGjMtM-F6Ip6U-JZuIds"
"gaelle.kreutzer@edu.tbz.ch"|"b7wRF8-4j$0n1-&h46j4"
"kalliste.kleinpeltz@edu.tbz.ch"|"4JMlS&-7KnUqG-$GAXtZ"
"clementine.danat@edu.tbz.ch"|"Mp%hRQ-HN2cSb-NL#$GF"
"andrea.wabb@edu.tbz.ch"|"SGEcUL-gEROQE-18z2td"
"geraldine.piesold@edu.tbz.ch"|"JQjNte-YJnzr1-ol$SoP"
"tan.fiveash@edu.tbz.ch"|"cIG70V-rKautV-MSg8dP"
"meline.yuranovev@edu.tbz.ch"|"oXBDJY-SfSH2J-1wRPr4"
"therese.holme@edu.tbz.ch"|"sEx&pJ-xuQCID-$zkvHQ"
"salome.vaney@edu.tbz.ch"|"nc0Xk2-UD14ts-RLLpVX"
"anae.abramson@edu.tbz.ch"|"Cg#egP-TtollX-z9arB7"
"kalliste.jimson@edu.tbz.ch"|"GKBLLb-e6m8QW-AYuKbU"
"selene.yole@edu.tbz.ch"|"sQSNfi-9@JRJY-88XVvl"
"agnes.defraine@edu.tbz.ch"|"%ken0f-FHFVh9-RI6MFQ"
"faites.mccluin@edu.tbz.ch"|"t73RUw-8dtGxk-Ij9NN7"
"athena.deme@edu.tbz.ch"|"PqK$gN-hKDBlJ-68eIzv"
"daphnee.brigstock@edu.tbz.ch"|"ietc%k-dNm2qt-vTA&sf"
"goesta.skaif@edu.tbz.ch"|"RCnrnu-cgAMUf-A3nMxR"
"oceane.jagoe@edu.tbz.ch"|"IhOzGZ-Wf%F0H-Vxt3Hl"
"annotes.broomhall@edu.tbz.ch"|"0aXNEz-@lJppi-6c8GDr"
"marie-eve.ballendine@edu.tbz.ch"|"oCXQOT-DFj#Vc-DIin1o"
"melina.spykings@edu.tbz.ch"|"vboyMA-rC$rS@-CKPqAI"
"laurene.ticehurst@edu.tbz.ch"|"N9NG7x-&Ix%Zp-SCQ8qe"
"fei.avramovic@edu.tbz.ch"|"jwrvTw-lHH1%z-g4NN2e"
"publicite.strathearn@edu.tbz.ch"|"#c8eFn-9NU2cv-$v4OW5"
"torbjoern.garrow@edu.tbz.ch"|"SBS5zz-mcjoA5-gfHiBS"
"chloe.rubinsztein@edu.tbz.ch"|"74b&hr-XBdw%I-b%S0$O"
"mylene.demanche@edu.tbz.ch"|"8rcKzp-tILcR0-$1grhI"
"mediamass.godlonton@edu.tbz.ch"|"4CK#Kn-S3PC7o-Bafp09"
"renee.shurrocks@edu.tbz.ch"|"zat0wv-0p6jFT-W&1JI4"
"maiwenn.jedras@edu.tbz.ch"|"&UaS1h-f2bRtr-OCi%dc"
"genevieve.castells@edu.tbz.ch"|"B#RZ%1-pSEYxF-1cGOxV"
"renee.sneden@edu.tbz.ch"|"gF5oHc-RQSYix-U1F$dp"
"lai.mccallion@edu.tbz.ch"|"pMRGSc-ctpq6P-WkIkDo"
"kevina.impleton@edu.tbz.ch"|"SKT787-VPnBM1-GsC&M@"
"oesten.fresson@edu.tbz.ch"|"LXtPlT-mbU442-5&9FMu"
"verane.shawley@edu.tbz.ch"|"N3fw4z-NHt9KB-zwnUfQ"
"uo.sjostrom@edu.tbz.ch"|"YhSek%-VjpCJR-1V8#fi"
"gisele.gothup@edu.tbz.ch"|"vYf2BY-76uU4$-gwvOrd"
"renee.beauman@edu.tbz.ch"|"@6Gfzx-AufOLc-EA63eD"
"elies.loton@edu.tbz.ch"|"uJR6yL-9Tteew-bx4EL4"
"valerie.elsmore@edu.tbz.ch"|"s9e8AQ-zTtKq$-ZDOy4F"
"berangere.delafeld@edu.tbz.ch"|"u&KzeE-offOL2-s8#CTS"
"bjoern.schimke@edu.tbz.ch"|"lKz4hc-V$86uF-$B04t#"
"loic.ericssen@edu.tbz.ch"|"YsWssf-a4a#eD-V4LrhX"
"creez.richarz@edu.tbz.ch"|"rC0NBe-70joUN-f38V1B"
"athena.grocott@edu.tbz.ch"|"0MFjIi-%K3%xA-TScQ&0"
"naelle.piotr@edu.tbz.ch"|"Z20GeQ-qWWOg7-pWAdDT"
"maella.paulson@edu.tbz.ch"|"dxUOPv-PT#4W3-&9GOHf"
"song.perot@edu.tbz.ch"|"UCB83u-juNVlz-soDSk8"
"kalliste.heckney@edu.tbz.ch"|"MhZ@VG-rV#JeX-hs4GS5"
"ake.vasyutkin@edu.tbz.ch"|"aVX9LQ-3uuj3d-fyjLjS"
"ma.castles@edu.tbz.ch"|"juqenq-##8OR&-S3EDec"
"maely.monget@edu.tbz.ch"|"hb34Bx-IMbpw1-zJrq5Z"
"tang.durbridge@edu.tbz.ch"|"13isM0-FdkpIh-Kcf$SX"
"laurene.andrew@edu.tbz.ch"|"NYaXu$-s9n3Mz-kPCYEr"
"lysea.beacon@edu.tbz.ch"|"$1h9qd-C3TfAQ-Gi0kRA"
"leandre.peyntue@edu.tbz.ch"|"aMX2F$-FD&isN-vcWy50"
"rao.trever@edu.tbz.ch"|"uvT9L4-2KRe60-ggsagg"
"mahelie.streader@edu.tbz.ch"|"x9BWUm-UHRqAm-4JM%oW"
"maerta.andrejevic@edu.tbz.ch"|"WB@Rig-po2ZQG-Cs3Nr$"
"goesta.tompkins@edu.tbz.ch"|"d9ZUSR-4t$O0M-GsUc9w"
"helena.agates@edu.tbz.ch"|"c7xKL#-CHy%dI-olrU8h"
"therese.glass@edu.tbz.ch"|"WG8ULN-WF4rNm-TFRAJs"
"alois.foan@edu.tbz.ch"|"OqH3mO-76VZuT-3Cgx8X"
"becassine.melchior@edu.tbz.ch"|"YcUQgD-OX%OLy-34B52V"
"cloe.robart@edu.tbz.ch"|"RxG%2f-iarpBH-L0KInR"
"daniele.puckinghorne@edu.tbz.ch"|"$gXt8d-PG65cm-gb#nbJ"
"selene.cammidge@edu.tbz.ch"|"lJ&Vuo-ZQ1zTd-tRBDCv"
"regine.conochie@edu.tbz.ch"|"#yqUro-Lx1u&H-Cv&@Ql"
"interessant.tuiller@edu.tbz.ch"|"%0$#bO-r&M6Sx-HjDH@E"
"long.tiebe@edu.tbz.ch"|"haBbfX-Z9zvT0-nqk%zG"
"mans.yele@edu.tbz.ch"|"aV@7&@-&Bl$Tx-pL2kuD"
"ai.giles@edu.tbz.ch"|"xRKizl-L4F%jV-Ga#5UB"
"gaetane.hamberston@edu.tbz.ch"|"wcO8Tf-2zI04g-2bYg0d"
"marylene.fenix@edu.tbz.ch"|"$ISpk3-5Sq%mI-Bvwhpi"
"geraldine.graeme@edu.tbz.ch"|"CuyvvJ-D1GeL4-HJO%R0"
"tang.kinglake@edu.tbz.ch"|"BhHpTm-4M8nsH-SL#W0E"
"lai.challoner@edu.tbz.ch"|"mvBA#g-Uf@2RG-eBcmLj"
"desiree.mattei@edu.tbz.ch"|"mPZsmC-ew5@Xq-N#R&3f"
"ake.erley@edu.tbz.ch"|"$1PBnn-Z$MmXo-pp41JZ"
"edmee.cavil@edu.tbz.ch"|"o2eB3h-HckxZ@-&tGR&U"
"alois.moyes@edu.tbz.ch"|"DhtlHo-$fYPNX-g6412C"
"becassine.pitman@edu.tbz.ch"|"#MUE1N-AavLWW-huTXf1"
"ai.giacovelli@edu.tbz.ch"|"r@cyEJ-s2KqrA-OnEEfe"
"judicael.fruchter@edu.tbz.ch"|"mA#IEB-fndn1A-sIhj8z"
"mans.mogg@edu.tbz.ch"|"5wcr1T-Q&iesf-0b&oh2"
"gerald.foyle@edu.tbz.ch"|"vVvCyJ-#UgLM7-in1KiO"
"wa.androletti@edu.tbz.ch"|"SUnU5z-Vmv#&b-DvAswG"
"meng.ollett@edu.tbz.ch"|"%G80pk-5eH$G9-OZXY2R"
"naelle.macmenamy@edu.tbz.ch"|"rDB@w8-viU@$W-#$M%1i"
"gisele.mcramsey@edu.tbz.ch"|"Oxq0Um-zjIgb5-Hvb@X%"
"meryl.scolts@edu.tbz.ch"|"AOh4Sl-9K543n-pcqyx4"
"celia.bloxsome@edu.tbz.ch"|"ZBvUbn-BDU#p1-LRoayn"
"styrbjoern.stuke@edu.tbz.ch"|"oFJLUq-VMRP9X-NRDbBa"
"felicie.gwilliam@edu.tbz.ch"|"aUGnOb-qMlqvf-L5ZAUh"
"da.harms@edu.tbz.ch"|"$fJ7AG-nFj9E5-CwqIOM"
"celestine.baulk@edu.tbz.ch"|"dZ1$RP-8vWPd7-Plpu4d"
"mahelie.blackledge@edu.tbz.ch"|"0MkzhE-hJ83DW-0QDs4h"
"meghane.salt@edu.tbz.ch"|"1NS9M6-xxlGBW-U6@G&r"
"methode.paxeford@edu.tbz.ch"|"jBVh6I-FRdd9d-ODSOmj"
"asloeg.milligan@edu.tbz.ch"|"LD@CBI-JyRPSY-r0SioZ"
"you.pellman@edu.tbz.ch"|"CI240J-mItijU-JAP9OE"
"loic.regenhardt@edu.tbz.ch"|"4dnjfz-5ScCqW-GaLV0P"
"daniele.savill@edu.tbz.ch"|"r&RH&L-bnNDIc-$1fhLH"
"alois.cornu@edu.tbz.ch"|"q3IjO4-UYgqEb-#i5W%Y"
"oesten.govey@edu.tbz.ch"|"xIzltY-lZCFLN-8RZnJT"
"marie-eve.louch@edu.tbz.ch"|"pQVHIf-tKTr@#-dkEntm"
"theresa.wenn@edu.tbz.ch"|"iplJmN-dL4eK$-7EzAyP"
"andree.eul@edu.tbz.ch"|"foXe@F-EHf0UF-$KTo9w"
"lie.paynton@edu.tbz.ch"|"ZI7p6e-GBfMUy-Z#6VXI"
"marie-eve.girodier@edu.tbz.ch"|"2lfN82-&Th1Ex-5LUJq$"
"marie-noel.smithe@edu.tbz.ch"|"Yea4%Q-2Ub#u6-QWAI#@"
"men.bootyman@edu.tbz.ch"|"eudvjD-dFPXvb-2Nplmt"
"ku.sugg@edu.tbz.ch"|"IR%MKa-%Umsc1-x%K@yK"
"lucrece.roseman@edu.tbz.ch"|"B@nJzx-vpxbSw-nIfVEm"
"zoe.annear@edu.tbz.ch"|"Ax16GS-FcR3Tf-fDsBUl"
"marie-helene.rennebach@edu.tbz.ch"|"hZ%ht1-86SjQC-9muyST"
"lea.djurdjevic@edu.tbz.ch"|"oE3kD0-qMSY%8-O52wXA"
"goerel.robert@edu.tbz.ch"|"Ew8LZz-H7BQCS-BTVu@P"
"mylene.foldes@edu.tbz.ch"|"Dwv@bD-lUsoCP-MZW5jl"
"faites.clegg@edu.tbz.ch"|"BW8Z60-b%vHRh-A8I3Lf"
"marylene.crowcher@edu.tbz.ch"|"bOJcCh-l57ifd-geu8oI"
"aimee.wimpeney@edu.tbz.ch"|"xTkygZ-$xZBYH-RJaDKF"
"renee.atkins@edu.tbz.ch"|"0MSJIT-Iyzo&Z-0lyxEl"
"rejane.cainey@edu.tbz.ch"|"Q#I%ll-eoZ@yd-WWXf6j"
"solene.britney@edu.tbz.ch"|"Om5obb-0RgqJr-jGPstD"
"marten.shatliffe@edu.tbz.ch"|"5JV#Gm-%a6f$t-lq#xoz"
"maite.issatt@edu.tbz.ch"|"wsGXQh-#5UCLU-FdEsZx"
"maelyss.edon@edu.tbz.ch"|"Trfe$J-5oi1Pf-kcVqNa"
"nuo.bamling@edu.tbz.ch"|"9dxR&A-7qaxQP-##7oKc"
"anais.edards@edu.tbz.ch"|"HGdkOG-KPtX1S-1TUrC4"
"mediamass.bromet@edu.tbz.ch"|"FxCacJ-76&rQA-3rxjo8"
"beatrice.kimbrey@edu.tbz.ch"|"QU@77o-C6rM@Y-e4BqCQ"
"ines.lawranson@edu.tbz.ch"|"PLXNj@-VU4f8m-7eW0Mb"
"kalliste.scandroot@edu.tbz.ch"|"#K5eOe-1eKckb-G8Z#Zp"
"mans.barrowcliffe@edu.tbz.ch"|"qOTC3T-WjtpCB-8O1XWy"
"irene.couves@edu.tbz.ch"|"orml9I-A&hEUe-E4z05s"
"milena.mucci@edu.tbz.ch"|"FYnbKr-P2KCgP-hpV1Sl"
"naeva.cow@edu.tbz.ch"|"QpK566-W2z9B3-yJzwWA"
"audreanne.mournian@edu.tbz.ch"|"6lpvJ6-q4mxYZ-iXmvCX"
"melia.sinnatt@edu.tbz.ch"|"3Tt57D-RaeyLY-2StXqp"
"nelie.burnard@edu.tbz.ch"|"NE854J-P3maYA-cAPLMX"
"clelia.ashfull@edu.tbz.ch"|"I4UEov-kCcLUc-ElXlft"
"lie.macard@edu.tbz.ch"|"%#qmJc-Su6#LY-DHapMj"
"valerie.matoshin@edu.tbz.ch"|"0mMUxB-3QnlRL-yMZhu7"
"anael.hatherleigh@edu.tbz.ch"|"lmYSph-evyt1f-STtRAu"
"interessant.warratt@edu.tbz.ch"|"IiPE@r-oEeGzn-98GX6P"
"eleonore.volage@edu.tbz.ch"|"@lb3GI-wtUtWI-DlIP1p"
"zoe.stebbing@edu.tbz.ch"|"7wgw1l-$QoEO5-Moh#Rb"
"alizee.nye@edu.tbz.ch"|"tPTlH4-BWuad2-%o1U#t"
"celestine.bramley@edu.tbz.ch"|"7t@OyP-m9gmqh-pMfSiQ"
"selene.philcott@edu.tbz.ch"|"985pNm-lvzRME-Q3zaOh"
"tang.newens@edu.tbz.ch"|"JDHbTf-YLJH$h-VhfB62"
"annotes.powys@edu.tbz.ch"|"8bYXh%-jdDJJ1-3YWLeI"
"lea.matthesius@edu.tbz.ch"|"c@%i2O-k3gCe6-8GXtyc"
"illustree.garlett@edu.tbz.ch"|"uSBxbI-RhbAoF-m7NIeK"
"maiwenn.meachem@edu.tbz.ch"|"nxCcSP-5W8HS7-nncZ&L"
"marie-francoise.mcbrady@edu.tbz.ch"|"$qVgOt-&Kgsqv-P9Qx@s"
"illustree.gimbart@edu.tbz.ch"|"sY8aQi-vMcOIQ-xZsYIe"
"melys.lyosik@edu.tbz.ch"|"fpKwoG-gw38%0-hiqk&6"
"marylene.mcnab@edu.tbz.ch"|"sqD32h-KV2WYn-R#QvAk"
"gerald.blount@edu.tbz.ch"|"mzhW6%-mBhQ#J-EgYKYm"
"clelia.shakelade@edu.tbz.ch"|"4pgzFI-H54DYg-Lsbzpn"
"penelope.cridlin@edu.tbz.ch"|"C1O9jY-&7Px#l-qo&vkE"
"maena.okuddyhy@edu.tbz.ch"|"Fxt6HS-R54j1F-&tqfzw"
"athena.keynd@edu.tbz.ch"|"6wv7$y-FK&nUK-AsYz3W"
"cloe.dwine@edu.tbz.ch"|"AvFSJK-MGSRl#-TGTs#j"
"josephine.browett@edu.tbz.ch"|"zs8lE$-mj0bOU-XOdA3B"
"audreanne.oscanlon@edu.tbz.ch"|"bvRkTN-MdXcpq-3Rl2Ar"
"fei.jeanequin@edu.tbz.ch"|"D2E#Mj-hUB@IA-D@8a9Z"
"lois.gormally@edu.tbz.ch"|"MAlLAH-rteJht-&1$#JI"
"marie-francoise.finnigan@edu.tbz.ch"|"1a3S%c-EhlHMJ-6$%Qqm"
"leonore.trussman@edu.tbz.ch"|"Z%lCHI-d@W9Va-33EJ3u"
"anaelle.trumper@edu.tbz.ch"|"it7CKD-OV0X0R-5DpIvM"
"clemence.dionis@edu.tbz.ch"|"wBUpTm-dGcxyH-LuG6nl"
"lois.tranmer@edu.tbz.ch"|"4UpnQM-@qT4O8-VOr9Yb"
"interessant.volett@edu.tbz.ch"|"Heq&Ga-X449f#-Cd@@d0"
"personnalisee.deackes@edu.tbz.ch"|"jRfaLY-T@G$7t-UyFH0h"
"lie.vasiliu@edu.tbz.ch"|"GWKY@n-blhQFJ-rR%XXr"
"dafnee.lamputt@edu.tbz.ch"|"J4uuHI-&N85JL-NVe9LT"
"elies.bromige@edu.tbz.ch"|"OUCYjv-DxUtrb-7GzM@e"
"helena.klosser@edu.tbz.ch"|"PUJ7BH-0kHftL-0rEem1"
"andree.grim@edu.tbz.ch"|"ngjRHF-N$rXV$-#&RDrI"
"verane.coldbath@edu.tbz.ch"|"xFyMCH-I8EUd4-3HKYxU"
"helena.bethell@edu.tbz.ch"|"JCifz&-HX4OJo-j6j@FV"
"kalliste.carefull@edu.tbz.ch"|"W1hPF@-vfC473-46G$Gz"
"regine.odams@edu.tbz.ch"|"SNVMad-$q&UO2-eOHazd"
"len.stannus@edu.tbz.ch"|"nyyIpV-EnJ2r&-L6gU%P"
"angelique.works@edu.tbz.ch"|"F7lrvz-EH70DC-&DccOb"
"goesta.rheaume@edu.tbz.ch"|"mw$NDq-Oi&qW3-6@W7&X"
"maelys.tynnan@edu.tbz.ch"|"4JKFmF-8kns6d-ZmXYys"
"maelle.carlesi@edu.tbz.ch"|"SK0dRm-u5Eax7-WOCxSg"
"anael.spurden@edu.tbz.ch"|"WifGeg-7caxvD-JIKgO8"
"helene.pumfrett@edu.tbz.ch"|"udL702-1rSs@q-8T4BG1"
"goerel.pearn@edu.tbz.ch"|"RDEUjQ-9lyoye-paHpvi"
"laurelie.dezamora@edu.tbz.ch"|"Gl7H$w-P@kDir-Rer3P$"
"yao.twidale@edu.tbz.ch"|"ToVq$1-YX57Pr-A3vDE$"
"berengere.sola@edu.tbz.ch"|"1d0$en-Gqef@G-8Elpoe"
"maelann.hardistry@edu.tbz.ch"|"hQY@pU-huN@F4-#vG4f6"
"severine.littlefield@edu.tbz.ch"|"9nOQQS-QSYf3%-qtx72M"
"salome.heinl@edu.tbz.ch"|"w5r0lj-7$3CQY-jHzFoa"
"meryl.warbey@edu.tbz.ch"|"EMolr#-szPXQG-Z2xbn2"
"da.hunstone@edu.tbz.ch"|"D1YDp0-1SUadI-f8qurM"
"venus.broadbury@edu.tbz.ch"|"EulALi-MDaFgQ-KOn5XZ"
"meghane.rentelll@edu.tbz.ch"|"9n5qW3-uHbYu3-@fIE5U"
"marylene.drewitt@edu.tbz.ch"|"4C&QXA-6HPvhD-yb%j9%"
"melinda.jacquemet@edu.tbz.ch"|"zPM&1o-%MTOON-EvVkN$"
"marie-josee.keyden@edu.tbz.ch"|"HM6G7v-A@tlDv-7NPnxQ"
"asloeg.montacute@edu.tbz.ch"|"QZAdXX-xuqvWl-8vh#rZ"
"ku.andreou@edu.tbz.ch"|"HZF17D-WCEKOj-iyj3A&"
"personnalisee.feaveer@edu.tbz.ch"|"J6a5ra-IwTCt3-p%DvMg"
"laila.emptage@edu.tbz.ch"|"DlhOMp-867Vfp-HG1Jz1"
"bjoern.dawdry@edu.tbz.ch"|"QCIEfU-582J1E-sHcesA"
"marie-eve.dinsell@edu.tbz.ch"|"GyA@CX-amp0aF-plZpnU"
"helene.follett@edu.tbz.ch"|"&Ow#M%-%6L$HY-#xncNa"
"penelope.cordero@edu.tbz.ch"|"mglr1v-rE%3cx-Gamiiu"
"boerje.beedell@edu.tbz.ch"|"bJ4fDS-W$sNhQ-1e3HFK"
"nelie.ferne@edu.tbz.ch"|"GQCvTK-C#RyR&-QocmM3"
"celine.ahmed@edu.tbz.ch"|"t6X1Wj-6GA3QP-7hL&QB"
"stevina.pimblett@edu.tbz.ch"|"47rFCc-vjSbID-12jfwg"
"chloe.langlands@edu.tbz.ch"|"TmriLh-y%O9xh-z9z1SC"
"simplifies.maude@edu.tbz.ch"|"p9Eeq#-s%eK50-oEhpDd"
"genevieve.decarteret@edu.tbz.ch"|"wTIF#p-9bBV65-zjc13d"
"marylene.mughal@edu.tbz.ch"|"rbNoVH-lv@Qrv-2yZQRX"
"goeran.guttridge@edu.tbz.ch"|"KRGBA$-EFB7wM-avDQ0W"
"michele.smurfitt@edu.tbz.ch"|"gsqpZf-&mYkD6-mpQMKx"
"methode.hadeke@edu.tbz.ch"|"BXpnGz-N&kiXz-B&%PbW"
"therese.rispine@edu.tbz.ch"|"pYmtbM-nkRkiE-Tute%4"
"goerel.plumley@edu.tbz.ch"|"UF3iYE-NcWE6D-lznT7G"
"oceane.friett@edu.tbz.ch"|"LYjnVf-DBNKUE-@dzyB$"
"marie-noel.achromov@edu.tbz.ch"|"O@V2j4-BADnlu-9@SVH4"
"dorothee.storek@edu.tbz.ch"|"1l3FDr-DLEJOv-vJo16y"
"goesta.whittle@edu.tbz.ch"|"tfNnkl-0T#IVb-0Phzcq"
"desiree.casely@edu.tbz.ch"|"J91wWM-STfF0@-ZbrxV$"
"felicie.condon@edu.tbz.ch"|"2@Lymx-HbQms7-ITeOL%"
"maelyss.frisdick@edu.tbz.ch"|"9viON2-cgZAp1-4nwahi"
"aimee.banke@edu.tbz.ch"|"m$y8x1-OQ3@og-$egcSm"
"naeva.hodcroft@edu.tbz.ch"|"0jo#cP-MrGymT-BFMCK&"
"laila.gerrans@edu.tbz.ch"|"v#dwnD-FL%GZr-3hhwNl"
"daniele.scrimshire@edu.tbz.ch"|"AZELCb-rQ#31S-1g2Hx8"
"daphnee.sheerin@edu.tbz.ch"|"zIjBIw-LKutQG-hAL5$t"
"pal.vanyukov@edu.tbz.ch"|"F4JlSK-Di7kaO-9hBhll"
"zoe.childs@edu.tbz.ch"|"un4VbO-f64Seu-buj6Ga"
"ai.corde@edu.tbz.ch"|"Jvwp@n-BGWBiX-Apk&AN"
"maelys.berryann@edu.tbz.ch"|"#xsAme-#0nuEs-$8L#xB"
"cloe.gladding@edu.tbz.ch"|"xWbbwu-DQ%RtK-mvl&4E"
"wa.kinnaird@edu.tbz.ch"|"nUCFR3-ZQrkP3-Xcu6I8"
"publicite.brittoner@edu.tbz.ch"|"p7k86k-0f8A@q-tGNlj#"
"rao.windress@edu.tbz.ch"|"CvT6No-UJxnBQ-$TH3R@"
"uo.kollach@edu.tbz.ch"|"wG3&ld-Z7M2gw-3rn$9Z"
"josee.peskett@edu.tbz.ch"|"WzuNbe-e9iL1p-2WYJ#3"
"annotee.hasel@edu.tbz.ch"|"Ufr2tP-lxqWQQ-&9U5jO"
"cinema.lee@edu.tbz.ch"|"%PkV9T-vpljyP-9KvsMp"
"lai.vedeshkin@edu.tbz.ch"|"4wvXJf-UJ9qC$-UVaKfI"
"renee.brisbane@edu.tbz.ch"|"iRjt6m-ayuazT-WEt1HF"
"ophelie.blincoe@edu.tbz.ch"|"0Aqn$e-y6@R4S-UxHUFG"
"zhi.prazor@edu.tbz.ch"|"$9RNgz-eqPAxp-C8UHhX"
"annotee.maddicks@edu.tbz.ch"|"zzfO2m-qgvCy4-Xc5$Kb"
"maelyss.codd@edu.tbz.ch"|"BmGJ4b-KH5@mF-AIRZ&2"
"celia.peplay@edu.tbz.ch"|"#XnvkW-DJLhtx-TETluM"
"interessant.skone@edu.tbz.ch"|"A8WZll-K4aipx-mjj42%"
"audreanne.hebdon@edu.tbz.ch"|"2J@QpE-W1eLfN-eFIThz"
"oceane.glen@edu.tbz.ch"|"&&ErRP-F1$OE6-lzg7uf"
"daniele.vanyushkin@edu.tbz.ch"|"HWWE0w-8&$Y6H-bY7d7$"
"daphnee.ayce@edu.tbz.ch"|"4q2rzb-of#cJp-e2FHUC"
"andrea.attride@edu.tbz.ch"|"@hK&QR-FOh9dv-hxOuNX"
"penelope.bridgwood@edu.tbz.ch"|"vz6Xoc-Uoxy$7-NvGHCB"
"mailis.drewitt@edu.tbz.ch"|"S%homJ-13zFpW-M@tac2"
"penelope.mollene@edu.tbz.ch"|"WEtHUq-TndDHv-TGES99"
"illustree.keely@edu.tbz.ch"|"yE5RkJ-ElGuqo-EnbnoB"
"meng.brisseau@edu.tbz.ch"|"A55yNK-ZyNgs9-md7Z87"
"ruo.cleiment@edu.tbz.ch"|"y1HjyL-L9xvp#-BUwO3%"
"maite.krammer@edu.tbz.ch"|"pV@Cgy-67z6Cs-352O3g"
"genevieve.verry@edu.tbz.ch"|"0fnb2R-$V5W3A-SyfTKP"
"lea.olochan@edu.tbz.ch"|"Fad@oZ-KBzzhG-wpo4&F"
"naelle.brunnen@edu.tbz.ch"|"Z4kf6f-HJCR@e-Yhkll%"
"goesta.bragginton@edu.tbz.ch"|"vR8rvk-Pbya52-va9AkD"
"fei.danilyuk@edu.tbz.ch"|"Db5od5-o32tlU-s$5ty0"
"adelie.turbitt@edu.tbz.ch"|"CINeVY-lY%IA9-r61Y8O"
"marylene.nutman@edu.tbz.ch"|"rbj#x0-ZF2tqC-H8Wwt@"
"therese.barbrick@edu.tbz.ch"|"x4mKXK-&JuAjR-lWAhul"
"melys.kolodziej@edu.tbz.ch"|"JJ60bx-KHvNrG-IQKdXp"
"melanie.runchman@edu.tbz.ch"|"pNSd3C-5B5rVJ-9D0$PV"
"serena.lafond@edu.tbz.ch"|"RVz9BI-gfMsPC-sEkePL"
"pelagie.desmond@edu.tbz.ch"|"#n9pdH-K44F6f-Htcb&R"
"wa.spickett@edu.tbz.ch"|"7iFIUQ-i0uDVu-IpZmVe"
"po.shave@edu.tbz.ch"|"0L1ido-ilQ$Kr-4Mfezo"
"song.huikerby@edu.tbz.ch"|"G4kIDJ-sq@H%l-gKLB27"
"melinda.bimson@edu.tbz.ch"|"ZWAfZ5-3b$tFR-midZ4s"
"personnalisee.toffanelli@edu.tbz.ch"|"G8YR0m-Mm&vw0-sNPb4X"
"leandre.hurn@edu.tbz.ch"|"kRPnfL-MZcPFW-cd9Ts@"
"oesten.standell@edu.tbz.ch"|"TJMkER-igtXmQ-j7Jr$S"
"naelle.smaleman@edu.tbz.ch"|"gnkHQQ-UfFzUw-Sr1OJX"
"berenice.tayt@edu.tbz.ch"|"GT0EHQ-zRjct2-uhqeUs"
"kui.popplewell@edu.tbz.ch"|"msaFG6-MQ@zhK-S75dOA"
"melodie.ferandez@edu.tbz.ch"|"HVH@EM-aX&8pw-rvebGU"
"josee.negal@edu.tbz.ch"|"sYTWdW-Scxpob-OGcLuS"
"melissandre.ferrelli@edu.tbz.ch"|"PVhAQk-GI5CNj-oH6j4W"
"josephine.kemmer@edu.tbz.ch"|"S2Zqt1-Z5TM1J-n&mtIu"
"maely.cayette@edu.tbz.ch"|"kAtctx-nW9L@Y-rdUXc@"
"nelie.vela@edu.tbz.ch"|"NiLG@Y-w$09B1-9HxcTj"
"melina.cortes@edu.tbz.ch"|"#8xmGQ-012l7b-HXikLr"
"megane.leyshon@edu.tbz.ch"|"yAC4Py-TWzaol-COL5lm"
"regine.harrie@edu.tbz.ch"|"bZpj2s-H4Qc0%-aNVlUR"
"mylene.widdison@edu.tbz.ch"|"DvtSji-zQ%85g-lBwGI1"
"pelagie.vivash@edu.tbz.ch"|"VefaYn-&00zxX-uVtsAm"
"styrbjoern.vicarey@edu.tbz.ch"|"e7$8sx-zQPxTB-PCzXk#"
"long.kyles@edu.tbz.ch"|"TR8x@o-nspq4l-%r0$zg"
"stephanie.gipps@edu.tbz.ch"|"ZbR#H6-MJ0nrx-fYgnZQ"
"clea.constantine@edu.tbz.ch"|"%bE3vg-vf$fTJ-E@bk1l"
"maella.cometto@edu.tbz.ch"|"zB5Msk-Nj1REC-cOMFYc"
"laila.aubrun@edu.tbz.ch"|"gAYCic-Tetv&$-agAdPF"
"yao.austins@edu.tbz.ch"|"IkUNBE-6tj6OF-IQJt@u"
"mailys.rylstone@edu.tbz.ch"|"p4RS%3-Vd6EFl-Pf2oa2"
"adelie.curuclis@edu.tbz.ch"|"xrd$Vs-uZ2SDe-603sU7"
"celine.longhurst@edu.tbz.ch"|"FSMijl-3&0WT3-M7PxCo"
"gisele.hazell@edu.tbz.ch"|"AG7Dte-YJzJ#5-7fL@Rz"
"celestine.ciccone@edu.tbz.ch"|"Pzyx0k-DyClKJ-b9FPsf"
"maelyss.doole@edu.tbz.ch"|"7E2007-QMu4IT-jD$2qo"
"helene.grimsdike@edu.tbz.ch"|"fNhxQt-Z@Ois%-mZJGk%"
"lie.macer@edu.tbz.ch"|"X7HYxe-F0frk7-JEl6QN"
"maely.izard@edu.tbz.ch"|"1HrHxf-fxmFdY-%FrN7B"
"erwei.breewood@edu.tbz.ch"|"qp2qws-jGp2jL-xnOhZ%"
"chloe.woolford@edu.tbz.ch"|"8xLqQ8-H9cgFJ-koRbvR"
"cleopatre.turpin@edu.tbz.ch"|"M5VM9f-XM0F9h-mU##M&"
"melodie.surgison@edu.tbz.ch"|"YUA5kk-kcKzL7-ltbwJf"
"elies.leander@edu.tbz.ch"|"xGXAIV-olLR&&-VuqMhA"
"mediamass.reignould@edu.tbz.ch"|"vaRrd5-rXKWT4-gtWX#K"
"celestine.wasmuth@edu.tbz.ch"|"o7DPty-2fnsJ8-pu2F$$"
"marten.jervis@edu.tbz.ch"|"0ejaKF-HDFxj4-pKLhtX"
"daphnee.bour@edu.tbz.ch"|"rNWXgt-KQuEGH-%3ZX&K"
"regine.harlett@edu.tbz.ch"|"DU052y-9Yqbbs-P$5esE"
"noemie.macaskie@edu.tbz.ch"|"MDKCRL-2Ieb6M-15Lp5e"
"loic.renfield@edu.tbz.ch"|"biVoXP-7Hea6a-qqRMXR"
"venus.kleinert@edu.tbz.ch"|"aY$9p2-EpGrPj-VsVkv0"
"marten.burlay@edu.tbz.ch"|"Vrq@Or-eoYih9-6z%vaw"
"berengere.radsdale@edu.tbz.ch"|"0g5eGe-9DHJUw-OC1Sxe"
"genevieve.duckit@edu.tbz.ch"|"EsBlN4-IZ6E&4-RMvD&a"
"maely.ligerton@edu.tbz.ch"|"nR2ooj-zSHiiN-RUch9T"
"maeline.ricciardelli@edu.tbz.ch"|"r&Vnri-Xytg@e-R5MBJT"
"personnalisee.yggo@edu.tbz.ch"|"gu0e7P-&0kUpL-4WrP45"
"alizee.pettinger@edu.tbz.ch"|"7Hi9lV-JOb$3&-UN19PR"
"desiree.curnnokk@edu.tbz.ch"|"kx6SZD-kKIA8y-63cd@U"
"dorothee.minors@edu.tbz.ch"|"uaE83v-fr0noV-MYxM05"
"oceanne.kopmann@edu.tbz.ch"|"&me1YC-Qb@RHQ-PXTtcU"
"almerinda.brodbin@edu.tbz.ch"|"gp8oMf-hFDZj3-ouKFAC"
"yenora.carsberg@edu.tbz.ch"|"UE$N1o-OkRt&x-@lh%RC"
"wa.beetles@edu.tbz.ch"|"Ic0Y5&-ph38JI-&PZaWf"
"audreanne.abbot@edu.tbz.ch"|"0utDvF-7bj5oc-masW7B"
"noemie.capper@edu.tbz.ch"|"HjR&5$-xxz@ew-0GIqLu"
"mans.abramamov@edu.tbz.ch"|"HudeO#-h5#R3N-SUxXV3"
"audreanne.blakey@edu.tbz.ch"|"$3rS4t-WLqnac-a0l9XX"
"leone.klimpke@edu.tbz.ch"|"vuw97N-DPI&#f-l%#wcx"
"lie.croston@edu.tbz.ch"|"Kj$PuI-g7v6Z1-vX9Sdd"
"anaelle.baistow@edu.tbz.ch"|"GzhIhA-XpdpII-Q$H%Ib"
"michele.garwood@edu.tbz.ch"|"dMomIx-$5cbrm-doz5Ii"
"interessant.albion@edu.tbz.ch"|"&%%kPE-u9kGiT-LpF0mi"
"andre.brisco@edu.tbz.ch"|"n%UBaP-XRmrvW-XOTX16"
"tang.totterdill@edu.tbz.ch"|"XVd1y$-GDZDKE-q4&x0G"
"marie-josee.braundt@edu.tbz.ch"|"hE8W14-7X6DVQ-Bass@G"
"lois.galer@edu.tbz.ch"|"Yb4MNG-4FS4bC-i%F&y8"
"faites.pellamonuten@edu.tbz.ch"|"HhaePj-Ozc#4C-S7kMNw"
"mai.barfford@edu.tbz.ch"|"%O13o2-KOpZ$X-P1fESb"
"laurene.macilory@edu.tbz.ch"|"yEv7uW-DW4qnH-8UjD4#"
"elea.peak@edu.tbz.ch"|"sVCh$Z-5Z5xUD-aRCy4j"
"rejane.doni@edu.tbz.ch"|"Sm@VgC-QQK5EX-6US7%w"
"mahelie.ector@edu.tbz.ch"|"3h6E9M-L6pthG-11z5jV"
"rachele.allum@edu.tbz.ch"|"Fo2YUq-7pmiXd-%ESan5"
"laila.gerretsen@edu.tbz.ch"|"AagOfu-BngdFl-Tggixu"
"ines.bowman@edu.tbz.ch"|"sStPjE-D65h7X-&NFfm8"
"publicite.barbary@edu.tbz.ch"|"gQEsZg-hx0rL&-wu7i27"
"mailys.smooth@edu.tbz.ch"|"QS@waR-cq%52G-rJyJss"
"mailis.huguenet@edu.tbz.ch"|"Ad&xqU-Ek$g9%-zUFiOQ"
"lea.ewer@edu.tbz.ch"|"4Cd#S2-5vZnoh-xX0mPX"
