"email"|"password"
"melodie.vandervlies@edu.tbz.ch"|"EYdnTk-Arcz$s-kZ315k"
"angele.edgecumbe@edu.tbz.ch"|"Q02W0t-IH4cTB-1XPeqe"
"zhi.andreasson@edu.tbz.ch"|"Mt7DP&-vlp1Xk-Bt#0de"
"judicael.koppeck@edu.tbz.ch"|"@aBhsz-2rU8h$-nNJ5qr"
"berengere.capron@edu.tbz.ch"|"uFEPFl-XwPjr%-mbV@v8"
"leonie.brosini@edu.tbz.ch"|"qC%k0E-Pbi6fg-KmOgBM"
"venus.garfit@edu.tbz.ch"|"zYT1GM-ut3y%R-rA6eOe"
"melina.janota@edu.tbz.ch"|"6DQqQo-rIJerN-lyMsJ3"
"laurene.bake@edu.tbz.ch"|"B258wQ-39Ut&s-gCTDf5"
"regine.dorkins@edu.tbz.ch"|"i7rctU-LxRVO6-35mZfE"
"cecile.moffet@edu.tbz.ch"|"fgeU4v-dVFOMw-&XWRQ3"
"maelann.labrone@edu.tbz.ch"|"WGCMmr-XT@AvZ-TltkL7"
"melinda.newbold@edu.tbz.ch"|"ra4tTo-#uKSnC-F%UuW6"
"mans.itzhak@edu.tbz.ch"|"@LQHxN-0lAesF-rGI%KL"
"melodie.pattlel@edu.tbz.ch"|"dtGPKf-dpBl&M-%nu5oA"
"celine.bonett@edu.tbz.ch"|"&HnG$r-stwk9$-2Fs5W3"
"adelie.mcgreal@edu.tbz.ch"|"Tw47p4-KPZjnN-2CmMyl"
"helene.soldan@edu.tbz.ch"|"SLRtx8-0h7ify-S2NiUl"
"michele.cluer@edu.tbz.ch"|"3Qmgqg-W1zujB-f$JbDu"
"maeline.mueller@edu.tbz.ch"|"sm3Rpc-q27Tq%-Hb@PQE"
"maelann.benedito@edu.tbz.ch"|"2ezpuB-@XtXhe-awNMSh"
"nuo.gransden@edu.tbz.ch"|"LSWA$1-YvcbH#-u97QNd"
"berengere.stainton@edu.tbz.ch"|"CkW%fN-L6UoWV-Sb2kxE"
"wa.sabater@edu.tbz.ch"|"gtoIHJ-#Sa1tC-s5j@bZ"
"anais.cochran@edu.tbz.ch"|"gdx5WH-tn5$@w-VfY68#"
"gerald.bessant@edu.tbz.ch"|"b@EetL-8ymV1b-1nO3ie"
"ruo.coffin@edu.tbz.ch"|"oCiPW%-Q@R%$G-@ZhnHS"
"melodie.mustill@edu.tbz.ch"|"cmMgKA-SlLtJX-dyCqCs"
"ruo.stanesby@edu.tbz.ch"|"iDyN#F-nKJO8U-TEwy3c"
"noemie.antognelli@edu.tbz.ch"|"xuXo6N-X6effy-vtWcuX"
"maelann.hughson@edu.tbz.ch"|"$jIlHt-V#2Qws-GZayN5"
"milena.mieville@edu.tbz.ch"|"WieqPa-42dfR7-4iRCz2"
"mailys.chamberlin@edu.tbz.ch"|"&FpORf-@n$QFO-zLbvuP"
"nadege.tomalin@edu.tbz.ch"|"S3iyxz-jZB#58-&bxwS4"
"oceane.omara@edu.tbz.ch"|"SAYzV2-oU6#3s-684zfy"
"cecile.aguirrezabala@edu.tbz.ch"|"oNYi#E-KC6lG#-4LSV2J"
"maella.gwillim@edu.tbz.ch"|"%Aaa7b-mSotHc-C&T#jY"
"lea.mcgahey@edu.tbz.ch"|"YYj@1Z-EqSKCs-ubt5yF"
"laurene.hagerty@edu.tbz.ch"|"PNjk#K-lDLyJo-LIpnGA"
"dorothee.link@edu.tbz.ch"|"7YBytK-ImTZpW-mQG3%O"
"clementine.kynsey@edu.tbz.ch"|"UZBbRR-8Bla4O-5zTj#h"
"lorene.smitherman@edu.tbz.ch"|"WHNQzy-5zBl$j-qy$YzV"
"cleopatre.klulicek@edu.tbz.ch"|"HoShZS-5Jvywk-ubpFSv"
"laurene.castaneda@edu.tbz.ch"|"OusnXG-y9RKG9-&Sp5F@"
"melia.constant@edu.tbz.ch"|"2gmToX-9@WKWm-aeVTDg"
"lucrece.clunie@edu.tbz.ch"|"hlgLnA-DjLMo0-OTS7ky"
"eleonore.mcmurthy@edu.tbz.ch"|"9fZnGG-JcRSQk-$TDEb#"
"melia.bevar@edu.tbz.ch"|"g6Az68-zI8kt0-9AXsB1"
"camelia.bontine@edu.tbz.ch"|"0@i5Q$-lqRdCM-LOsNrO"
"methode.jozefczak@edu.tbz.ch"|"3x0wXq-SLe#yb-2yj3QP"
"audreanne.hinsche@edu.tbz.ch"|"D9n#%I-kD0iQ1-gf$d16"
"andree.varne@edu.tbz.ch"|"x9tVz$-Axvmeg-fxjSxY"
"marten.kinleyside@edu.tbz.ch"|"IdN@%f-ldKLRh-a&N12F"
"esteve.mcewan@edu.tbz.ch"|"mVncNj-hjw6vu-AfeHhJ"
"leane.dibbert@edu.tbz.ch"|"cJ0A9C-UgqoQu-fqCMQI"
"ma.thewlis@edu.tbz.ch"|"@jOfHv-kSe5#F-RCNpYp"
"clea.djurkovic@edu.tbz.ch"|"6IDQ7X-K3QbT5-xG0CK&"
"rachele.reburn@edu.tbz.ch"|"C#YRes-&abR9E-RnNfIS"
"gerald.gowling@edu.tbz.ch"|"7Xxkhr-quHwae-W2$sS2"
"cleopatre.jackson@edu.tbz.ch"|"dPuLu8-ubDA&c-ZPXjts"
"desiree.haskins@edu.tbz.ch"|"CHH1Qs-UUIPGS-LN&I0r"
"eleonore.longson@edu.tbz.ch"|"7GHQAk-PwbSM8-wr9GG3"
"leane.dybell@edu.tbz.ch"|"QHd2Q&-4fGXXV-HpNsu@"
"becassine.grzesiak@edu.tbz.ch"|"dXb8CB-W5ieV&-0FO5Qo"
"marie-josee.pickin@edu.tbz.ch"|"boNm0X-4Io0zy-KW3IwO"
"marie-josee.roxby@edu.tbz.ch"|"lNAMWx-&@oWOb-&67tNG"
"leonie.feenan@edu.tbz.ch"|"0i@&NX-kSm6YH-FysL5m"
"valerie.ellum@edu.tbz.ch"|"spylRG-tPHvYz-qnDOmg"
"ju.caseri@edu.tbz.ch"|"4@UYA7-fmD3gL-s6xoM4"
"boerje.strangman@edu.tbz.ch"|"1nqEan-DNsR#W-JvV$3I"
"beatrice.ghidelli@edu.tbz.ch"|"gbkK%y-0X5cQs-A11Oeu"
"da.jablonski@edu.tbz.ch"|"Eeivjn-$jCTje-ElpB9F"
"uo.beveridge@edu.tbz.ch"|"#ApkhR-9O&nnV-ns&zlH"
"valerie.bestman@edu.tbz.ch"|"P05gj%-ElZ#mj-uCD373"
"marlene.pohls@edu.tbz.ch"|"fMnOSg-5VVv6I-$&Q2S0"
"ma.nolda@edu.tbz.ch"|"#eawx4-JBkkJO-28r7x8"
"marlene.bisiker@edu.tbz.ch"|"jTMr1a-l5PHGS-HMVhve"
"estee.babon@edu.tbz.ch"|"CeCeNj-sQDlCG-P&PWw1"
"simplifies.dmisek@edu.tbz.ch"|"TVcK@n-lGocIX-LuXZ9j"
"selene.ganing@edu.tbz.ch"|"V%jfZf-a$zf2b-bPx04#"
"meryl.penke@edu.tbz.ch"|"%1xV7L-ToFPvy-uiXMAo"
"anais.rawcliff@edu.tbz.ch"|"Nf7R$N-FW9$Et-OnE0B5"
"melina.andri@edu.tbz.ch"|"X9lj#z-1zYeCe-6RH%Hn"
"audreanne.fodden@edu.tbz.ch"|"trl#zn-&JC34N-uCfMov"
"bjoern.spellesy@edu.tbz.ch"|"wNpVOr-0Q@GQv-L9vK$4"
"francoise.summerscales@edu.tbz.ch"|"ZOus8k-KK39Fl-ZsZ30h"
"laurene.ashtonhurst@edu.tbz.ch"|"GJa4KH-hkNPqe-orl7&F"
"valerie.petters@edu.tbz.ch"|"dZzu2H-Uj%SwH-$YPV%9"
"anael.spenclay@edu.tbz.ch"|"IPpN9q-7HJn9p-rYTDAJ"
"stephanie.keech@edu.tbz.ch"|"n9oXC6-0eAwi#-$YJhx2"
"ines.deveril@edu.tbz.ch"|"u4a35N-9DQqbS-nzofqM"
"berenice.gelder@edu.tbz.ch"|"5eq339-Gns1Ro-EL%oNU"
"melanie.ofogerty@edu.tbz.ch"|"u1ojga-uYDNIh-1p%2IO"
"frederique.canepe@edu.tbz.ch"|"#mr03O-k9T&Gx-g0AzYZ"
"nuo.otton@edu.tbz.ch"|"NHIcgP-tz3%S7-sOvMrH"
"genevieve.trusler@edu.tbz.ch"|"7mXmrM-JyrtUD-Fnpk2O"
"ju.boag@edu.tbz.ch"|"yx#YKx-B4wJdW-yOoJ3d"
"josephine.dilucia@edu.tbz.ch"|"DP%Ux6-XOMl#v-El2yCZ"
"laurene.armsden@edu.tbz.ch"|"&ekPVG-yNO14m-2s44VO"
"becassine.griffe@edu.tbz.ch"|"lcCN48-T%nh%t-i9BGqE"
"alois.parres@edu.tbz.ch"|"sYQHKI-jMLg%@-7Enicg"
"cleopatre.gaffey@edu.tbz.ch"|"$7uFoO-#7Y$IN-Gv0wZZ"
"andre.stiger@edu.tbz.ch"|"k85HDH-lZi0f3-UdzXyU"
"beatrice.godleman@edu.tbz.ch"|"tdZoYw-VOOTnN-LdWh%z"
"hakan.harrhy@edu.tbz.ch"|"SyMQl9-C8qVZr-v6JEY#"
"celestine.dagnan@edu.tbz.ch"|"%Xvfxw-2uloXD-c75jGS"
"clemence.haggart@edu.tbz.ch"|"SxN5Zv-tN6tzk-iBcmPK"
"long.caban@edu.tbz.ch"|"kQR8gh-5q0NXZ-uQSQ1B"
"gaetane.grimble@edu.tbz.ch"|"xKCchN-%dSuuP-dqAvZ6"
"maelann.piwall@edu.tbz.ch"|"OvwAum-y1c070-CeY3#5"
"magdalene.loble@edu.tbz.ch"|"oqy7Po-PtDw2G-FVBTxL"
"veronique.domaschke@edu.tbz.ch"|"jQ4WZM-I7OZJM-Mi2FqL"
"clea.herity@edu.tbz.ch"|"0qYi#M-OH3v3U-CaTY5P"
"maelann.bambrough@edu.tbz.ch"|"n5SWAo-0Yt4kz-0#Ml2A"
"clea.goulstone@edu.tbz.ch"|"Zk@IwB-k852L%-8J21SG"
"renee.deleek@edu.tbz.ch"|"sxA0U#-DpqPJf-7XVfpB"
"boerje.rudderham@edu.tbz.ch"|"EdzBJb-JSMDjr-dWX2M6"
"marylene.broune@edu.tbz.ch"|"U#thTC-RzgQ#2-ASD0lM"
"nadege.mccuish@edu.tbz.ch"|"F9c&b%-@$YlQT-EYAmKN"
"anael.littleover@edu.tbz.ch"|"wiEug5-yYhd48-UZ@25&"
"lie.baume@edu.tbz.ch"|"$ZSI8x-FW9fns-nGXdvE"
"maella.murrow@edu.tbz.ch"|"0d9P4x-eohnTM-%DKr7%"
"cleopatre.pettifor@edu.tbz.ch"|"$W$b7&-E6H#B#-zex$E5"
"geraldine.asker@edu.tbz.ch"|"Tl7M3O-vig95r-DWEeXo"
"gaetane.smedmore@edu.tbz.ch"|"D3xqK%-caU2af-FXLJ8#"
"meryl.blencoe@edu.tbz.ch"|"VEPI4F-XOSMLE-pw5xBY"
"aurelie.chastaing@edu.tbz.ch"|"rR3FQl-mvZTqV-W3q$0a"
"oceanne.marthen@edu.tbz.ch"|"wId1xj-sOgIHy-dZ1q#C"
"dorothee.burrill@edu.tbz.ch"|"CETHON-$4FjIk-VTfZlS"
"hakan.belden@edu.tbz.ch"|"8k@YdA-dWioKJ-9alex%"
"celine.brunning@edu.tbz.ch"|"fc1t1N-WM2kEQ-NWr@wI"
"anael.lapides@edu.tbz.ch"|"Q0W3HI-xFAtZt-IdZquM"
"ruo.saffran@edu.tbz.ch"|"R4&gdw-l1JH$H-pe2AvX"
"loic.gerretsen@edu.tbz.ch"|"$is5kX-#WdKKz-YRKyqL"
"rui.fitzer@edu.tbz.ch"|"LN0ud#-5Jgz&Q-DlVvDL"
"annotee.ogers@edu.tbz.ch"|"ZYOQ@s-Llw2Up-h14LXT"
"boerje.bindin@edu.tbz.ch"|"HJMQR&-LPBhRI-yh&peC"
"ma.cronchey@edu.tbz.ch"|"FRg&HH-F2ss8A-8x%FDV"
"laurelie.baiyle@edu.tbz.ch"|"a#n711-&J1vuk-Ngi%xk"
"dorothee.older@edu.tbz.ch"|"5uIiC5-gVlx34-PhcAuC"
"laurena.wile@edu.tbz.ch"|"Xt#LoG-%%zN57-hAoGul"
"clemence.brito@edu.tbz.ch"|"crPOSx-ZhUt1p-f8%riw"
"nadege.dallin@edu.tbz.ch"|"PF$Rtj-YXDxLK-vm%X2Y"
"mailis.matley@edu.tbz.ch"|"O@o9mF-p9JGXm-2KcUpG"
"daniele.screaton@edu.tbz.ch"|"8OWrZx-o%5DqU-ndN@mS"
"mediamass.godly@edu.tbz.ch"|"uiwhgi-GJM0SA-QZaKf6"
"leone.kremer@edu.tbz.ch"|"ic6EK3-r4n0wC-JoMPVq"
"asa.adrian@edu.tbz.ch"|"JlDxqc-zim#W$-Wztxon"
"adele.doley@edu.tbz.ch"|"SeTKGc-HZ&Moe-osiqCN"
"fei.sidney@edu.tbz.ch"|"SxO&5K-vXEJBe-EdsaBV"
"marie-josee.walisiak@edu.tbz.ch"|"fseiui-Zu3EF%-tboBqZ"
"desiree.diplock@edu.tbz.ch"|"xFgPXd-gFP$81-HPhHdm"
"gisele.schust@edu.tbz.ch"|"#7EpRU-ilgss6-1rbrK2"
"ma.longshaw@edu.tbz.ch"|"o5PUnE-8BHrG8-znW91M"
"da.boother@edu.tbz.ch"|"$IVrXY-lOKoNQ-1THD8n"
"simplifies.chaudhry@edu.tbz.ch"|"NZOAF#-0gm9Kj-CmOPm%"
"garcon.baniard@edu.tbz.ch"|"yCZYFy-5PtttQ-GrrUxu"
"gaetane.elphee@edu.tbz.ch"|"6AAEa0-rO8ckG-9yBsI1"
"gisele.hassey@edu.tbz.ch"|"wXsjRx-g1cufE-GRqg&q"
"oceanne.booley@edu.tbz.ch"|"Wq9wuN-RaF4w7-p7@@D8"
"oerjan.dibden@edu.tbz.ch"|"3HDueT-g&qzyk-N4HcdF"
"regine.ocleary@edu.tbz.ch"|"Ausig&-rHpjif-9zvuwn"
"selene.persse@edu.tbz.ch"|"lc%9nA-iDsB2S-9SIVTK"
"helena.adenot@edu.tbz.ch"|"9xjzBl-13VmD8-mi2Bsz"
"maelann.wassung@edu.tbz.ch"|"KkzPvu-lvHXIc-Uaeg&w"
"frederique.ackermann@edu.tbz.ch"|"UTauGR-S3QNaA-oXEPVA"
"audreanne.kahen@edu.tbz.ch"|"ko0oKs-%BJO10-LZd60%"
"maiwenn.lasty@edu.tbz.ch"|"7iJWf5-5#qp@m-jK$nsY"
"yu.dictus@edu.tbz.ch"|"#JY$vF-rQQmR8-dF6n&v"
"anae.dukes@edu.tbz.ch"|"xBBiu3-C0wIc1-ptfI2u"
"yenora.warr@edu.tbz.ch"|"ZWhgmf-%1ykp6-BGr4ki"
"esbjoern.archibold@edu.tbz.ch"|"QEILqY-vmwYY8-@gkrnd"
"milena.pardal@edu.tbz.ch"|"L4yJ&H-GK1y9F-BBnAWC"
"celestine.graveston@edu.tbz.ch"|"bh1JgD-szPKRO-@fppPs"
"maena.dallas@edu.tbz.ch"|"6b2vEj-LhkhvN-SnMQzg"
"andree.tuke@edu.tbz.ch"|"yw81n%-qZtBP6-wWSRvT"
"methode.seldner@edu.tbz.ch"|"IbYDz$-b6R#pU-3L7IJK"
"venus.bullas@edu.tbz.ch"|"Zh6hFT-X#iNr9-zKF#oj"
"mans.aguirrezabal@edu.tbz.ch"|"nLzEKV-2Lx&&r-yKRu5&"
"gaelle.eadington@edu.tbz.ch"|"rSQEE0-BxQ&#6-&&P2Uc"
"anaelle.falkner@edu.tbz.ch"|"RD#QwM-jAV8FB-@v$@jX"
"ophelie.height@edu.tbz.ch"|"n34PPS-jMqsbb-zIZQX5"
"marten.bolding@edu.tbz.ch"|"k9wTjB-q1mes2-jRnFHa"
"pelagie.guswell@edu.tbz.ch"|"IKeowU-0Yzjv4-GUfKtv"
"gwenaelle.lecount@edu.tbz.ch"|"3B@DhD-&K4yUI-x$NzT3"
"hakan.laden@edu.tbz.ch"|"5GtvjG-5bmZ@s-l3%a%0"
"marie-josee.hylands@edu.tbz.ch"|"np$hoE-cdxagD-SrlSTG"
"zoe.kingshott@edu.tbz.ch"|"hRbQ7g-3%$byj-V0RwD#"
"josee.janous@edu.tbz.ch"|"rJVOsC-$dK4dO-#drAwg"
"laurene.gallally@edu.tbz.ch"|"yASfIz-MHsHmU-rpjq8c"
"anael.bickle@edu.tbz.ch"|"w7ZLJp-DItbaR-Y&64NP"
"mediamass.lebbern@edu.tbz.ch"|"i62#SK-6hA0bN-Ge6Z9P"
"berengere.hovy@edu.tbz.ch"|"wdWJOk-&CDOdZ-iK%FML"
"oerjan.kilmurray@edu.tbz.ch"|"tSptOk-iCR&3U-M@A0$e"
"asloeg.venny@edu.tbz.ch"|"avU5V4-suSb7b-E5tIur"
"marie-noel.stoad@edu.tbz.ch"|"r0wAiX-HXeKvf-ED7ACk"
"hakan.pettifor@edu.tbz.ch"|"sVIWLE-PzzQx1-9l4RH7"
"maella.willgrass@edu.tbz.ch"|"5QbIzQ-FnQBfh-e6%tLG"
"therese.ludovici@edu.tbz.ch"|"yPzi69-QD7zjk-QGUfpy"
"stephanie.trewhitt@edu.tbz.ch"|"8hXf0A-1HAW5D-G$b1MU"
"maerta.bauduccio@edu.tbz.ch"|"5GZ@#R-Ija&cn-TN23&p"
"gaetane.glaisner@edu.tbz.ch"|"7VFG0v-Dv5qxz-j1Ylj3"
"naeva.pargeter@edu.tbz.ch"|"txniFt-Jy3XE2-otuIMc"
"salome.venable@edu.tbz.ch"|"uwglYj-CzacwM-KK7Y#D"
"boerje.thickett@edu.tbz.ch"|"I92Btg-T&$6CO-IHPF#n"
"lucrece.prendergrass@edu.tbz.ch"|"WIW8m3-aoAgoP-iOFnuq"
"laurene.ockleshaw@edu.tbz.ch"|"%Hw#lU-DwuQ@8-Jb7B5$"
"cecilia.pasticznyk@edu.tbz.ch"|"tfZHv5-IB6x1T-rOTatO"
"stevina.mackey@edu.tbz.ch"|"ctNr3r-Uv&iOe-n7oSi6"
"marie-noel.reven@edu.tbz.ch"|"VNlk$o-C21cMH-n8sH0C"
"melina.quilkin@edu.tbz.ch"|"$L14ka-9O&zF@-ssEDgF"
"marie-noel.ferrie@edu.tbz.ch"|"JkHx8Z-hJ0OU#-eV#lFD"
"leone.alphege@edu.tbz.ch"|"SOloQO-2%%1Fm-wGAl3g"
"zoe.leverson@edu.tbz.ch"|"Y&gKAn-GQ7m3O-y#83GB"
"annotes.grayne@edu.tbz.ch"|"v$cgiz-vs5OvA-pHZrby"
"faites.lalley@edu.tbz.ch"|"X8nT7l-8%yD0E-wiucv5"
"adele.wallis@edu.tbz.ch"|"EUVjAx-h#WUcZ-C20Llg"
"severine.madill@edu.tbz.ch"|"rkg7ha-ofb4a6-ufHTnB"
"valerie.tebb@edu.tbz.ch"|"YLX0Ur-I423z#-ApIX6m"
"kalliste.rasper@edu.tbz.ch"|"xx0H#d-R4PlBF-UiQft%"
"audreanne.palomba@edu.tbz.ch"|"JozLLT-6MQFMx-CIzuLm"
"elea.adamik@edu.tbz.ch"|"s5T$Ua-Ez4mgE-mdocP@"
"reserves.jakuszewski@edu.tbz.ch"|"VEOdIC-gntlP7-nweNxw"
"athena.belhomme@edu.tbz.ch"|"$J@tFV-zk19u1-xkLmoq"
"rebecca.crippin@edu.tbz.ch"|"AMOyrz-l0jEPp-dFy9l9"
"maiwenn.curman@edu.tbz.ch"|"LBDnaj-lHxOXW-EknLpH"
"andree.bunner@edu.tbz.ch"|"DeKbw$-B$L21l-NE#ZEq"
"ruo.winckles@edu.tbz.ch"|"9kKmdx-TQ6sUM-zXlS41"
"naeva.buntine@edu.tbz.ch"|"Oq0tLE-3KyVXU-g8CaUu"
"boerje.dollard@edu.tbz.ch"|"8VKwjy-aa3wHr-WEPYr7"
"penelope.gorman@edu.tbz.ch"|"T5uLW2-fGlnuE-dDvrX8"
"alois.robelin@edu.tbz.ch"|"%O8Q@D-T#U7cE-CFQuIb"
"anaelle.tindle@edu.tbz.ch"|"OxkBLU-0id7dU-cIHf3Q"
"ye.frears@edu.tbz.ch"|"nCMNZn-o$R4$b-IlO%en"
"andree.ovid@edu.tbz.ch"|"tUtPPV-k3Qm24-B99S@h"
"hakan.peat@edu.tbz.ch"|"kzrtlX-8hwBGs-b0bwt@"
"andre.januszewski@edu.tbz.ch"|"QUUsfz-dP9XBu-hk2yYD"
"annotes.clemmett@edu.tbz.ch"|"z551PL-%j4ogO-wi%wS2"
"pal.lambswood@edu.tbz.ch"|"qqrFc@-WaMCFi-Qx9wV2"
"yao.lenton@edu.tbz.ch"|"uzWwU#-5QVDai-SJq7DH"
"hakan.boyton@edu.tbz.ch"|"dlTtZY-3Hz7kY-xSTcqv"
"nelie.forsey@edu.tbz.ch"|"mIhRyq-NbPnb&-xSbJkf"
"hakan.horche@edu.tbz.ch"|"tvYLZV-@KGfQU-Ez%aye"
"lorene.sinkings@edu.tbz.ch"|"GMWju9-%hl2Mo-oph8E0"
"marie-therese.creddon@edu.tbz.ch"|"Ni7whN-8fSGZZ-&RKsuu"
"berenice.tolworthy@edu.tbz.ch"|"Y2#o@e-mtvMOj-ELZolp"
"theresa.land@edu.tbz.ch"|"9W9CNb-Gl65E$-@CiLSu"
"marie-therese.gianilli@edu.tbz.ch"|"FAbkY3-nbgRVT-Ff@pIV"
"meryl.glew@edu.tbz.ch"|"#bIjrP-hJ2KWB-2ZYE4M"
"adele.debling@edu.tbz.ch"|"VLFg5u-kFJFww-FL8v7t"
"anae.metzke@edu.tbz.ch"|"CZfU&r-JpqpKy-omCHEM"
"gaetane.gooden@edu.tbz.ch"|"CzAo$0-CoAzel-EtbF#B"
"laila.bootland@edu.tbz.ch"|"zerCNN-ruDZvD-LY9dpN"
"maite.helsdon@edu.tbz.ch"|"T5t2FW-CX30kA-SGL02r"
"andree.malley@edu.tbz.ch"|"ZPBTkT-n3Vw#f-$AUDYF"
"pal.simmens@edu.tbz.ch"|"CHh5Vk-Qzd5hV-4WgekB"
"maelys.nuccitelli@edu.tbz.ch"|"H5bTd&-8uS99Z-vnmi3H"
"dafnee.sibary@edu.tbz.ch"|"1Cvs&7-SKg65h-RrcNVn"
"alois.harsnep@edu.tbz.ch"|"2jx1l7-9fckY3-$Ed4uF"
"marie-helene.lacky@edu.tbz.ch"|"bBpvK6-wszHi4-mJmHJv"
"mylene.youthed@edu.tbz.ch"|"Vp&@%U-Gmc8CW-Tj8DTP"
"marie-helene.dehmel@edu.tbz.ch"|"B@aR4@-c2VryU-4nw@2b"
"angele.batman@edu.tbz.ch"|"#jlthi-y5kOPa-t1q#XS"
"melia.younghusband@edu.tbz.ch"|"Dg#UdL-qzeENA-83tdu%"
"eloise.baldi@edu.tbz.ch"|"sdeMl3-XXbefI-Eg2YPn"
"illustree.dun@edu.tbz.ch"|"#DF@Pa-6Ci@Ti-2kw#JV"
"genevieve.late@edu.tbz.ch"|"8q#6wK-dLfQsX-o%lI3A"
"celestine.colville@edu.tbz.ch"|"M17R$H-L7$GUk-HuFIlR"
"gwenaelle.scarlon@edu.tbz.ch"|"PC0IV%-xdXRsB-U5d9MV"
"regine.boddie@edu.tbz.ch"|"tEZP6n-@gTy9u-X3XQfy"
"creez.gaughan@edu.tbz.ch"|"Eq6fb$-oAO0dW-3qq9Cn"
"gaia.longford@edu.tbz.ch"|"aBta3U-3E9mJ1-$dECQw"
"mailis.buckby@edu.tbz.ch"|"dHb28w-X%%xVo-rOx3WT"
"song.parbrook@edu.tbz.ch"|"h@Iq6q-P0CaTP-lGYjFf"
"frederique.heddan@edu.tbz.ch"|"AL6G1W-vgDUkZ-DGZKjx"
"ake.kirtlan@edu.tbz.ch"|"xHbDTO-UNMrcT-tJqtD%"
"nelie.runciman@edu.tbz.ch"|"3svXxr-PguTpk-7WiF62"
"mailis.cardnell@edu.tbz.ch"|"JIq8kt-W%sl6X-Ksqq8v"
"irene.navarro@edu.tbz.ch"|"K2Yivv-OFfS&@-XAciSI"
"maite.cough@edu.tbz.ch"|"KCgNOs-KQekzW-JiYe8K"
"anaelle.stocky@edu.tbz.ch"|"NIRkgD-bCpb6m-V2YGYk"
"methode.moulder@edu.tbz.ch"|"WoxoMG-jgWkTI-bhP$&s"
"po.stafford@edu.tbz.ch"|"vlGdbI-OZWfr0-Kysl%7"
"faites.scraggs@edu.tbz.ch"|"RG@tWV-skl0dQ-VPes4t"
"adelaide.dullard@edu.tbz.ch"|"kH@IHf-ohWiB#-$PwJso"
"desiree.leonard@edu.tbz.ch"|"vtD2iT-aPzjXO-aybNoy"
"geraldine.badgers@edu.tbz.ch"|"Csthd2-hvaRMT-iBcJNW"
"ruo.masic@edu.tbz.ch"|"#rcKgG-gJG@sQ-36J3D3"
"aurelie.lieber@edu.tbz.ch"|"KN17fZ-I&y3D9-KnzRkt"
"naelle.balcock@edu.tbz.ch"|"nObHuC-rifelK-y479eI"
"camelia.elger@edu.tbz.ch"|"DwL&BJ-8xYYHv-vH2f58"
"publicite.oakeshott@edu.tbz.ch"|"6KhIYw-#QI0SK-3KzSIc"
"cleopatre.fawley@edu.tbz.ch"|"6CIF7g-4t5Wo7-Dumctq"
"laurene.bruckmann@edu.tbz.ch"|"JcGmD&-INJcLS-V@t0cs"
"rui.haughton@edu.tbz.ch"|"UYedSY-w22yn7-StTweJ"
"asa.ladewig@edu.tbz.ch"|"zYfhTC-%RuFJl-0pAC@m"
"gisele.janecek@edu.tbz.ch"|"HxbwF#-oFmscF-rn%b6g"
"maily.loveridge@edu.tbz.ch"|"H6WAk3-PbCwS6-z%lwh%"
"marie-eve.yurkiewicz@edu.tbz.ch"|"U97t0a-xh5XHk-h&u4c$"
"fei.roder@edu.tbz.ch"|"#8hlw6-rKdE4a-n4TJhu"
"edmee.chatburn@edu.tbz.ch"|"1p37F4-0NEN1k-4OZF6u"
"geraldine.darke@edu.tbz.ch"|"AoRc6r-JNAE1e-xN#o9t"
"ye.jira@edu.tbz.ch"|"GXhzEW-aTbZbU-bgZxT%"
"publicite.persent@edu.tbz.ch"|"0wCAwx-#Rhd0E-RhqWt@"
"severine.wilcox@edu.tbz.ch"|"6F8hkJ-9i#$bw-%gsYq$"
"yao.mcclaren@edu.tbz.ch"|"0NPwV1-XoZQ&&-p6$jYT"
"theresa.foynes@edu.tbz.ch"|"RydOW8-TChqo7-u$qnDd"
"stephanie.isley@edu.tbz.ch"|"Ra&R@i-bSu#KJ-Su1vo9"
"torbjoern.growy@edu.tbz.ch"|"dOOFz#-3uEgYA-vwMxP1"
"eloise.tunnadine@edu.tbz.ch"|"%N6Ori-7A9hv1-WV7v9z"
"maeline.cossentine@edu.tbz.ch"|"4X9mIi-dnqM23-Hv6@Ai"
"nelie.desantos@edu.tbz.ch"|"aLSDw&-0xbkMR-CpErP6"
"gaetane.axston@edu.tbz.ch"|"E&I0qd-nYngzg-u$SbNt"
"aimee.merman@edu.tbz.ch"|"CyGUCf-w9ixPd-XiB26n"
"oerjan.drivers@edu.tbz.ch"|"Kv@rIi-ABDymZ-eMlUe@"
"aimee.miroy@edu.tbz.ch"|"@qhLd#-3kocge-wPfq2D"
"nelie.glyde@edu.tbz.ch"|"&06iLd-dAt6aZ-@YH5pV"
"hakan.kapelhof@edu.tbz.ch"|"jpPNCx-Ev9uHy-VPnAr3"
"maelyss.cauley@edu.tbz.ch"|"9bjppS-yKegz#-aLVKs#"
"elea.vaggs@edu.tbz.ch"|"KYksAI-Mm97Rb-U2mrtw"
"maelys.but@edu.tbz.ch"|"eKG2TN-C%Bgs@-uY43zI"
"maella.arthurs@edu.tbz.ch"|"qe9Nza-rbr5$O-cN9a#N"
"adele.liebrecht@edu.tbz.ch"|"eIr54G-ZSik52-cm8cM5"
"meline.lomasny@edu.tbz.ch"|"QdomIh-h@FvMO-vOMDaY"
"mediamass.schwant@edu.tbz.ch"|"1yerlm-MEVPmb-&yJZzB"
"leone.saunt@edu.tbz.ch"|"RT6KO#-E2gnm#-laZ6nf"
"annotes.gouch@edu.tbz.ch"|"wwkawR-s$7klP-6HPG1Y"
"gaetane.bowich@edu.tbz.ch"|"#Y3EPY-mJVQXI-zmijUe"
"alizee.strelitzki@edu.tbz.ch"|"6U7bJf-JjvKZn-MdDeZe"
"leone.poile@edu.tbz.ch"|"FiO1qr-kV92Ab-7FRL1z"
"amelie.saban@edu.tbz.ch"|"92C#PS-My#1AE-ztITUq"
"marten.mcmenamin@edu.tbz.ch"|"I7BsAu-&y#uo&-imL@5H"
"becassine.keets@edu.tbz.ch"|"HdMEfK-m6#zY8-HI1ydl"
"celine.million@edu.tbz.ch"|"GNugEZ-u%2WHk-VmOvMc"
"geraldine.belitz@edu.tbz.ch"|"0xY5XP-yRjnyS-nlh04E"
"salome.mardling@edu.tbz.ch"|"RkUdj&-8MTMqB-etJLGe"
"melia.blakemore@edu.tbz.ch"|"p#vtzN-gplA2Q-8NZF#X"
"dafnee.mcaulay@edu.tbz.ch"|"yEd6NI-A%TvkE-1wX%q%"
"garcon.dennett@edu.tbz.ch"|"Shn1mX-KHEp1Y-1ESQVY"
"interessant.lesor@edu.tbz.ch"|"9YgcHv-m5O%c7-qACS1Z"
"annotee.wasbrough@edu.tbz.ch"|"zIXy2y-QFE9hv-dPOWuH"
"asa.ibbeson@edu.tbz.ch"|"SiW#Wx-LT#x#m-To#kqX"
"maily.kennealy@edu.tbz.ch"|"#gAou$-@MWDY@-i93Nzp"
"ye.seares@edu.tbz.ch"|"J@A%jk-97i7jH-n8Ztfz"
"athena.harbron@edu.tbz.ch"|"dj#qeZ-m3TOF9-Ilaa8Q"
"andreanne.portail@edu.tbz.ch"|"RDUo7e-AhkKJ7-9XA7yL"
"goeran.zannelli@edu.tbz.ch"|"8Vjqu&-Wv@Na%-Ci6YTr"
"gerald.leathlay@edu.tbz.ch"|"RtiSQz-qZW3xr-5PSGfV"
"andreanne.chown@edu.tbz.ch"|"f2zhkP-#nJ#fv-9VKp3Q"
"esteve.clementel@edu.tbz.ch"|"7vrxMa-@vIyls-huasf#"
"leone.legan@edu.tbz.ch"|"#9pPy6-M74DNS-PZk2EV"
"maena.pownall@edu.tbz.ch"|"FSe0vs-RwuoFn-UI@ACv"
"andree.rettie@edu.tbz.ch"|"IirDqh-$G@7I%-rggWMr"
"ines.kenwrick@edu.tbz.ch"|"oe1ayW-o41pRI-3Lf4dC"
"marie-helene.yarnall@edu.tbz.ch"|"siAxGY-1dzUlK-qpqg2o"
"po.martin@edu.tbz.ch"|"CM8@AV-KG2p8D-kS19dK"
"ruo.celiz@edu.tbz.ch"|"MXY%GV-F2t1qS-waD6nu"
"po.bissett@edu.tbz.ch"|"LgszXR-yRQvan-1E4GvT"
"du.swindon@edu.tbz.ch"|"xE5AoS-A5@1yr-M7rfrN"
"interessant.gouldthorp@edu.tbz.ch"|"Y6xam1-Irg9bA-vUrZC7"
"leandre.lilburn@edu.tbz.ch"|"9UefYC-xXRNgX-T7RsOb"
"bjoern.whales@edu.tbz.ch"|"GEuM&h-ePaFz%-IGz39g"
"interessant.dieton@edu.tbz.ch"|"$@7Wbb-OBC951-JN29hM"
"celestine.redhills@edu.tbz.ch"|"GZxkcX-A$V$Zf-iaxotG"
"tan.yakovlev@edu.tbz.ch"|"71@ECB-vtCFYH-t$pwIF"
"regine.mcdowell@edu.tbz.ch"|"k&4t0x-$5vIle-t0alIw"
"ju.coysh@edu.tbz.ch"|"I#pxw3-30GldN-u5cQs@"
"reserves.ofallon@edu.tbz.ch"|"#8Fa7c-VOkA%g-dlSg18"
"frederique.sobey@edu.tbz.ch"|"PH%108-X6WXt5-17Xl8B"
"marie-eve.garstang@edu.tbz.ch"|"3RV1Wu-ei$ZSR-E4HH$s"
"andre.tapin@edu.tbz.ch"|"p9@TrV-chsG6y-VaP#C$"
"esbjoern.eynon@edu.tbz.ch"|"Zu6ANT-aUO&Dz-gFenq#"
"maella.duffy@edu.tbz.ch"|"$QiGZM-iUMrF1-PSX1T%"
"leandre.twinning@edu.tbz.ch"|"b$8LcU-FQ2noe-Xvq%y3"
"mai.whittingham@edu.tbz.ch"|"yCJ&4d-naE@yU-mTftCU"
"rachele.shevelin@edu.tbz.ch"|"F6U4ny-6bMeFm-5r322t"
"cecile.mcure@edu.tbz.ch"|"hbSARy-Qzq54D-ctgYrO"
"marie-eve.yurkevich@edu.tbz.ch"|"A@K2uQ-IsEwm%-DojSec"
"almerinda.paice@edu.tbz.ch"|"jmbqbr-jFUozo-r9mjAi"
"rao.howkins@edu.tbz.ch"|"KyK@23-Yv24R@-M6dJWh"
"serena.pack@edu.tbz.ch"|"vSHMvo-1zolu%-9$ly1h"
"rebecca.mant@edu.tbz.ch"|"$e0fDA-fI2M9a-$uWLXR"
"reserves.spitell@edu.tbz.ch"|"BEsmhk-NdXX8g-hbvAUj"
"garcon.hamfleet@edu.tbz.ch"|"OZUehw-$rfGXc-19kS#I"
"methode.kerkham@edu.tbz.ch"|"2D@saT-RJdUTV-z70Imw"
"pelagie.camies@edu.tbz.ch"|"jR1ZZ&-ZsX44g-Tt#i6P"
"josephine.macpharlain@edu.tbz.ch"|"PLE7%2-hu7OC6-Hz9D4P"
"eugenie.mathet@edu.tbz.ch"|"YyJtd4-txR3gV-$fdxZp"
"gaetane.brangan@edu.tbz.ch"|"jc8d#0-wunO%z-DuyOma"
"michele.dewbury@edu.tbz.ch"|"@FP6Wc-BWvt@G-#oRzd4"
"eugenie.elcott@edu.tbz.ch"|"6TKg9j-kgeOEU-9eL&76"
"megane.harniman@edu.tbz.ch"|"ze0l9I-EMH@D8-%#RM8n"
"agnes.cluney@edu.tbz.ch"|"YYEXyn-j#Ir$Q-zUtT39"
"marie-helene.angear@edu.tbz.ch"|"l1xII6-XE2iDj-fJWmDG"
"melia.dolphin@edu.tbz.ch"|"ZjhTz$-FEVN0u-8NoJXf"
"lois.ruseworth@edu.tbz.ch"|"ku#xmI-%Uk#wq-7vJ6qf"
"mailys.ryding@edu.tbz.ch"|"oKEFGb-Q9eUIO-eNfuXH"
"rachele.wulfinger@edu.tbz.ch"|"H5pUnI-gs#bXw-44bUnH"
"gwenaelle.talton@edu.tbz.ch"|"o@JxqY-%K2Pvw-$hK32P"
"long.ronchetti@edu.tbz.ch"|"faKN@9-P#U8hi-nviQ5v"
"styrbjoern.kloska@edu.tbz.ch"|"U&dGFH-92Whzu-5by#3o"
"len.sudran@edu.tbz.ch"|"$vn9Hj-@3wj6H-lGNOKc"
"maelle.andrysek@edu.tbz.ch"|"Ah&tn&-52uQ6z-rd3cyg"
"selene.senior@edu.tbz.ch"|"s#aq%z-Jo2NiQ-ONDYPF"
"anais.joskovitch@edu.tbz.ch"|"8P7kXs-%FAOn2-ux1q%d"
"marie-noel.dally@edu.tbz.ch"|"%nxo45-sePQ21-ked5#%"
"marie-helene.laurence@edu.tbz.ch"|"kgIJ@m-Bkvwy0-qhpqGL"
"camelia.foxon@edu.tbz.ch"|"A9H&yf-jy3U%n-EteDN9"
"helene.cankett@edu.tbz.ch"|"7VpR5N-ys8QYH-2RUgLG"
"marten.mitchelson@edu.tbz.ch"|"XwU$TV-SZgaQV-seJL7A"
"helena.stirtle@edu.tbz.ch"|"0k#cCg-%q@XV&-iV@$h4"
"leane.barmby@edu.tbz.ch"|"DuOQSk-PqQffO-Zcb@w9"
"goeran.ofinan@edu.tbz.ch"|"e#ptT@-R6TSlE-axpM8A"
"styrbjoern.proby@edu.tbz.ch"|"H&8@Pq-zpY3Lz-Z%comb"
"zoe.halse@edu.tbz.ch"|"3rEUQd-PJggXL-M2iRQP"
"kui.drable@edu.tbz.ch"|"61e8lV-Uo9E1C-LTP9EF"
"desiree.bamford@edu.tbz.ch"|"MGbmWu-OpCsyq-2Tp7J3"
"zoe.suller@edu.tbz.ch"|"TerPjn-@NFSMz-4dl8iL"
"marylene.audiss@edu.tbz.ch"|"RSe%uP-YSn8oM-P$sMHT"
"adelaide.poznanski@edu.tbz.ch"|"B2&8Fp-taQ83b-TcOdYW"
"maella.coleyshaw@edu.tbz.ch"|"Kz@AZ%-28WbG%-0f&yNE"
"marie-francoise.gelder@edu.tbz.ch"|"YFDqYq-K44QwJ-nULfLv"
"eleonore.chaffyn@edu.tbz.ch"|"Hb4T5t-Ifrj6t-trP6QH"
"celestine.sikorsky@edu.tbz.ch"|"uCdYKy-kYNv$z-Ew17$U"
"stevina.londsdale@edu.tbz.ch"|"ckiefD-Oz@GuO-iAJ7gp"
"maiwenn.nevitt@edu.tbz.ch"|"tQq7uM-Kflspn-E1$Ygq"
"magdalene.gerrey@edu.tbz.ch"|"3LHjAY-$6XUiX-n1hb79"
"becassine.latimer@edu.tbz.ch"|"@EeK6p-Xnp70y-QkWpom"
"da.lethibridge@edu.tbz.ch"|"%q0Gp1-SZyB%f-XA5wFl"
"mailys.claige@edu.tbz.ch"|"oXpFMf-rG9INw-Jniz7n"
"maena.torbard@edu.tbz.ch"|"gIPDHZ-FIJy0V-tq#TV8"
"solene.lyvon@edu.tbz.ch"|"U5$pWn-@FvlK5-r&JEvT"
"marie-therese.benbrick@edu.tbz.ch"|"zaKi7k-203Osf-Vy&wJQ"
"gerald.edmonson@edu.tbz.ch"|"qlbgyn-k$%y94-zViMaj"
"ake.messruther@edu.tbz.ch"|"OsDVpX-cZOK4z-Rpq5Qu"
"men.gosneye@edu.tbz.ch"|"J&rgNH-WYBivh-Qtk@tO"
"anais.jefferys@edu.tbz.ch"|"w7rc@K-TNfuxo-o#4VW4"
"publicite.tregale@edu.tbz.ch"|"ubgg0h-Jm72gb-yXylwt"
"maily.santorini@edu.tbz.ch"|"BkHfVk-y2Sbqh-kI1@Is"
"ines.pioch@edu.tbz.ch"|"PhVz$P-CjxpXy-ZF$2P#"
"noemie.marklew@edu.tbz.ch"|"m3Jquo-67Aq3r-$X#KlH"
"meghane.maccaffrey@edu.tbz.ch"|"iYIWke-WFXG1q-CTT%OW"
"berangere.ambrogio@edu.tbz.ch"|"PvsAvp-qUdCff-ELZS7L"
"mediamass.ryce@edu.tbz.ch"|"1#dIv#-DMy#J0-o%x&DK"
"oesten.ubank@edu.tbz.ch"|"F2I1#6-bSfQpg-w@T#9G"
"melina.mackee@edu.tbz.ch"|"rveCZp-FflBbG-JI4uOk"
"theresa.livezey@edu.tbz.ch"|"%fJ$mV-knKCJj-fm4r80"
"clemence.weal@edu.tbz.ch"|"FzVd4f-$2zHRg-8ROsRP"
"faites.overton@edu.tbz.ch"|"XmP15s-DLC3Pi-tg4nrD"
"clea.lindblad@edu.tbz.ch"|"A52rZG-CjdjVV-GKw8I%"
"josephine.roseaman@edu.tbz.ch"|"al2jwx-ryCAPM-9ybTyb"
"oesten.lowbridge@edu.tbz.ch"|"GhE#V&-NfjysD-YWKjQy"
"marie-josee.brion@edu.tbz.ch"|"D3f0om-OKErvD-WzH0vc"
"therese.basili@edu.tbz.ch"|"CaWfMs-OUIH%6-Q6O8zo"
"melia.vertigan@edu.tbz.ch"|"26skr4-5N1qJj-dkhp8d"
"judicael.saull@edu.tbz.ch"|"1@BkxI-nKvt8e-jDhR0P"
"selene.valentine@edu.tbz.ch"|"z7ED9B-t%#315-0RLtxh"
"verane.dunlap@edu.tbz.ch"|"UTA0tV-lsvfKj-F7gAGj"
"meline.kinnear@edu.tbz.ch"|"RN74bj-u1g%lj-EoXwEW"
"lei.luttgert@edu.tbz.ch"|"@W@7Fp-z8kT8w-$Xu&rh"
"styrbjoern.lathleiffure@edu.tbz.ch"|"MW@F%8-JE8JJC-E@fFiY"
"marlene.blasi@edu.tbz.ch"|"x0N0j5-FJr#DB-rWfD%P"
"mai.begwell@edu.tbz.ch"|"Ah0T8w-Ucu#7J-b@dn5Z"
"gwenaelle.kaines@edu.tbz.ch"|"Nq4g3W-J24z3$-YZArBD"
"gerald.adamthwaite@edu.tbz.ch"|"A8ksDN-7rndnw-ItxcBS"
"kui.hartfield@edu.tbz.ch"|"28FuVz-jba7ZB-s$xeLW"
"salome.currao@edu.tbz.ch"|"H4X$Mh-DEUEVC-icDE&O"
"angelique.tixier@edu.tbz.ch"|"4Z7OVD-U79#2J-AKuB%p"
"ju.mcgragh@edu.tbz.ch"|"k$nWRf-pdQUYh-jC9L43"
"dafnee.beachem@edu.tbz.ch"|"ubJfyx-pl@Bxa-iTQ@e7"
"creez.terlinden@edu.tbz.ch"|"wHqJ3f-3GagJy-urcsSi"
"uo.mcskeagan@edu.tbz.ch"|"k0sEyJ-whQ%l8-TF@tGP"
"edmee.mccaughren@edu.tbz.ch"|"7#fXvr-%Ju0kN-av4wED"
"asloeg.cozby@edu.tbz.ch"|"QnDiNg-S04REM-Vq1kzF"
"melodie.traite@edu.tbz.ch"|"wEyS#S-#Sk3MF-hTT#bT"
"dorothee.aindriu@edu.tbz.ch"|"NQ#Nl%-oiV96p-Czyrk8"
"daniele.doley@edu.tbz.ch"|"1&H0bJ-fPSgxk-HbrzWt"
"mediamass.fairclough@edu.tbz.ch"|"yfWb09-qUq$YW-YTm@fL"
"lorene.rainforth@edu.tbz.ch"|"PwLsL8-7p0K7p-c1oGRm"
"leonore.eyer@edu.tbz.ch"|"QOssvV-%HN0eN-dDwi2Z"
"po.spillman@edu.tbz.ch"|"bhnX7o-JaKk3T-SeZwIA"
"cecilia.plitz@edu.tbz.ch"|"z$hgD9-LufHR2-dT&Sla"
"lorene.ludlow@edu.tbz.ch"|"tO2oZO-OXTpzG-ZrDWfa"
"berangere.neligan@edu.tbz.ch"|"jxiyN9-rVulzh-VtQG4D"
"simplifies.huggan@edu.tbz.ch"|"ICF481-8WH2cW-6CYkw@"
"clelia.prandy@edu.tbz.ch"|"x68Un@-@QPSPs-ohPy8Y"
"ake.osban@edu.tbz.ch"|"ruHz3Z-BdHCQC-H9mYLG"
"cunegonde.brunn@edu.tbz.ch"|"lMM%%a-aDGjQF-khRt5s"
"long.grizard@edu.tbz.ch"|"nVa5PI-tM8aC@-%RrVYs"
"meghane.diss@edu.tbz.ch"|"Bso57U-c%RI0k-6&H9v@"
"therese.oldman@edu.tbz.ch"|"FnFV7E-WbqiBe-bf786T"
"boerje.scamerdine@edu.tbz.ch"|"#eQ%W2-al4GM2-#DzbP5"
"du.saban@edu.tbz.ch"|"Eog3cC-cNlonA-3ybovz"
"hakan.clynmans@edu.tbz.ch"|"lG0sGL-%ot1UC-P5V8ts"
"wa.macdowal@edu.tbz.ch"|"r@8cm4-bH8LDL-wPBRrn"
"venus.hatrey@edu.tbz.ch"|"s5dGxG-WPQD8E-luvsMW"
"anaelle.vispo@edu.tbz.ch"|"7Un#nb-@wHfwm-j3nDEV"
"mahelie.ollcott@edu.tbz.ch"|"z4HvII-7mNw4w-oN2gi4"
"mediamass.whyman@edu.tbz.ch"|"w58mAt-wC#m4r-ZeOe$8"
"esbjoern.basson@edu.tbz.ch"|"4Ww0bS-CA0on4-dTAe%r"
"andrea.morrill@edu.tbz.ch"|"5UakTe-%mtXfx-ba$Oba"
"melys.grassi@edu.tbz.ch"|"&We44l-Fz4c@$-yNkjkA"
"leone.poleye@edu.tbz.ch"|"YafLDr-bUDmhZ-EgpY9Z"
"francoise.penny@edu.tbz.ch"|"YHPwH0-uwP6&v-uiLoCy"
"rebecca.edney@edu.tbz.ch"|"V#D$0i-N@xWQJ-j$VPNW"
"adelaide.murtagh@edu.tbz.ch"|"Q&nqR3-YhVCwe-cnSM&m"
"stevina.winterbourne@edu.tbz.ch"|"KIgYLv-EltKq9-@ju1bC"
"ma.cottom@edu.tbz.ch"|"qMM&H%-5qRxvx-8pPBoZ"
"tan.harold@edu.tbz.ch"|"fqS@Xi-WM9We4-iymc5p"
"venus.forte@edu.tbz.ch"|"O@tdqg-Xxyokv-hHfSS5"
"almerinda.oluney@edu.tbz.ch"|"eBtZ8f-FZjQqF-enovG5"
"cleopatre.brehault@edu.tbz.ch"|"S#Kt3G-7R#L0O-Rbish2"
"interessant.lapides@edu.tbz.ch"|"uuM98$-nYQRiL-EMn%eJ"
"reserves.hallatt@edu.tbz.ch"|"1I5AJS-GyRJPr-qnoW$E"
"annotes.birdwhistle@edu.tbz.ch"|"$Fxdf$-n48Qr4-P3RDH1"
"ai.dredge@edu.tbz.ch"|"YuEZ$Y-pOk8$h-UCaHvL"
"megane.mussard@edu.tbz.ch"|"e3Mnuy-UwV6wg-7&eEJz"
"esbjoern.gowrich@edu.tbz.ch"|"SEguAL-VKaAEf-wsFkOB"
"boerje.brislawn@edu.tbz.ch"|"Tl4EeK-fw&ooZ-1&lt$K"
"becassine.wilce@edu.tbz.ch"|"cDbmww-a%xrq7-6Q6CpG"
"personnalisee.oels@edu.tbz.ch"|"G8Cd2l-fNul%I-hj@hcc"
"verane.pett@edu.tbz.ch"|"Ex9iSK-zyMKND-WYufTZ"
"marylene.glewe@edu.tbz.ch"|"S0c&Gx-gamklu-83y@ww"
"lai.elson@edu.tbz.ch"|"L83o#F-DVfKQG-UJmQBq"
"serena.difranceschi@edu.tbz.ch"|"sW9CcX-6dpkYe-K&nr5f"
"lie.espinel@edu.tbz.ch"|"yziWdv-qa3t2e-6uDgFp"
"marylene.fantini@edu.tbz.ch"|"GR05IC-H68iyV-8Y8F5q"
"andre.archdeckne@edu.tbz.ch"|"h0LELM-5yC0f@-cmupFp"
"goeran.bohlingolsen@edu.tbz.ch"|"Ahh4P6-y7CJ@i-y9$oYo"
"cunegonde.heffer@edu.tbz.ch"|"CVl7sf-3Yv0BB-I%Ob7J"
"tan.fechnie@edu.tbz.ch"|"qBZPLj-rLsMK1-$C0%jY"
"marie-noel.brammar@edu.tbz.ch"|"I88xQ2-J71qSK-bkc0Ox"
"simplifies.aven@edu.tbz.ch"|"Xmqbp8-m1y8Lu-Gb8PCW"
"melys.pinchen@edu.tbz.ch"|"2HmqsV-3XUtE8-fCz1@3"
"edmee.joyner@edu.tbz.ch"|"lxgHh$-Bm&Pb8-PMcgpb"
"berengere.edess@edu.tbz.ch"|"#WUiuA-7WSe3R-QlDb$Q"
"marie-noel.goward@edu.tbz.ch"|"vutcfR-27v3SY-%U5ezi"
"ju.edmons@edu.tbz.ch"|"MT0n9m-PqeWY5-&ddziE"
"frederique.airds@edu.tbz.ch"|"O4OGP#-u1U39s-VUODee"
"reserves.dauby@edu.tbz.ch"|"0yK1Vu-yWEoam-GncfL0"
"hakan.gynni@edu.tbz.ch"|"gMdJKk-G73SVG-8pExHw"
"leonore.pinwill@edu.tbz.ch"|"zWe38J-Ch%Ngv-xaSlLj"
"marie-eve.mcallan@edu.tbz.ch"|"n3wr%$-5U92sq-Zt0@OI"
"naelle.yeabsley@edu.tbz.ch"|"#3PRim-&7t6rm-xlFZi3"
"nelie.jacobovitz@edu.tbz.ch"|"RbaVGE-RIEmyd-GLlj1f"
"adele.conelly@edu.tbz.ch"|"1kF%uB-aAzQPG-56QdTE"
"clementine.dondon@edu.tbz.ch"|"HB%yN8-e&%xTk-PH2d@t"
"zhi.willcot@edu.tbz.ch"|"uDbK3s-wYPX3J-6Ao43%"
"chloe.janicki@edu.tbz.ch"|"Tj3@$d-Ozo0$n-H#%IEL"
"meng.linde@edu.tbz.ch"|"%HPwMC-ynw@33-%@ru4B"
"celine.janisson@edu.tbz.ch"|"hFoNBk-cGKbOD-vexQU2"
"clelia.crow@edu.tbz.ch"|"gl9CY7-@AB@uX-9SXvBn"
"cecile.pyott@edu.tbz.ch"|"$VgYpf-M%Ah6a-0hW1HY"
"ma.fidelus@edu.tbz.ch"|"HYlKCI-g3jV5U-zMV$28"
"marie-helene.poore@edu.tbz.ch"|"VRBVJi-g7eJee-Hb@v9R"
"elies.blanket@edu.tbz.ch"|"R7b$uB-eji$lm-AVSz$s"
"yu.boyer@edu.tbz.ch"|"YzrtDw-h$jWs8-RQ#vE7"
"celia.welds@edu.tbz.ch"|"S3CpQd-cTXy6W-W$VrMd"
"du.gunney@edu.tbz.ch"|"&OSYvn-Xnj5is-BJlmUx"
"goerel.crush@edu.tbz.ch"|"F8GSCF-fZ$LEm-gcq1tb"
"marie-josee.brosius@edu.tbz.ch"|"56fCIq-nl0F$0-WqdiyQ"
"camelia.adds@edu.tbz.ch"|"2jrFuV-Zs198B-xPubRQ"
"anae.irwin@edu.tbz.ch"|"PlYbVD-TCTUvA-45Nha2"
"cleopatre.skeffington@edu.tbz.ch"|"js#FHI-Mxoeya-ShzhJK"
"gerald.suggate@edu.tbz.ch"|"Ry%BU3-7RFjsy-v41s$h"
"laurene.tailour@edu.tbz.ch"|"CQqr&4-JMozEi-9QpJ5Y"
"amelie.hoble@edu.tbz.ch"|"&n%Hqn-%9#L0Z-@$CY4T"
"venus.getch@edu.tbz.ch"|"zIRBxE-I5e%d9-sNNetT"
"renee.treby@edu.tbz.ch"|"szaazr-3KUgvh-yZzZ9l"
"almerinda.stait@edu.tbz.ch"|"cSYGLI-bRks3U-W#w3hg"
"andree.reddecliffe@edu.tbz.ch"|"4UNc4h-SEvZ7K-fUdgT1"
"leone.wintle@edu.tbz.ch"|"JFQ14&-fzfpWx-7JbrDf"
"gerald.fellow@edu.tbz.ch"|"yRvb#@-PbVNCZ-AzY6gT"
"ju.gudger@edu.tbz.ch"|"qxTm4z-3GH4ce-tQtQLv"
"meng.ohaire@edu.tbz.ch"|"7bo2FP-#NpOwy-y@JzJ8"
"cleopatre.missington@edu.tbz.ch"|"FlQaJv-znGukl-77hmyw"
"annotes.debruyn@edu.tbz.ch"|"2BZTuE-coPc@P-6AQ0u1"
"gerald.sinisbury@edu.tbz.ch"|"ThgCAv-s@UCsO-0BRHQE"
"creez.slora@edu.tbz.ch"|"EIfuff-9SB1aL-#sS9B3"
"gisele.benbow@edu.tbz.ch"|"iFWFml-szzP5E-gX$be5"
"pal.dossit@edu.tbz.ch"|"wfJdJa-UkMl7N-gjeOH@"
"nelie.stirrip@edu.tbz.ch"|"GNF%EY-c&Bzs$-tIbUfe"
"alois.ocrigane@edu.tbz.ch"|"QjondT-heWQFV-tX$PV6"
"kui.mcterry@edu.tbz.ch"|"Sn3rDv-OzbQmZ-40bZGh"
"long.willgoss@edu.tbz.ch"|"uxQI9B-8Ow6M$-WAnfTF"
"francoise.sumpner@edu.tbz.ch"|"ktBJmR-2LkxMb-ho1ARI"
"maely.grinstead@edu.tbz.ch"|"JXWHgF-xhxDyQ-CoYjA%"
"creez.langeren@edu.tbz.ch"|"$4mM%l-ivyQ5n-#muXDU"
"adele.dungate@edu.tbz.ch"|"RtHpya-0nC&rc-AE54jT"
"cleopatre.noirel@edu.tbz.ch"|"vUgU2z-IkCk3C-6HJNRe"
"interessant.daverin@edu.tbz.ch"|"xdnMsa-h0o4Kz-EcH4DS"
"naeva.kalderon@edu.tbz.ch"|"aNvgaa-zE9%SY-8fbbEf"
"anais.oshesnan@edu.tbz.ch"|"WSIW2&-sRCDo3-07MMbN"
"judicael.anelay@edu.tbz.ch"|"jz63E@-TXJzHj-1kobWd"
"eloise.braxton@edu.tbz.ch"|"chgJ0F-2%ufY%-dFSDUV"
"desiree.greguol@edu.tbz.ch"|"EtF4a6-j%GqkF-KWDOZE"
"maite.mcclenaghan@edu.tbz.ch"|"5Rb18h-4QaBcl-CVjFF$"
"meng.doret@edu.tbz.ch"|"RF#CzV-JOONI6-PyF3ws"
"frederique.chippendale@edu.tbz.ch"|"YYu9i0-VpMUmr-wc4dUQ"
"andreanne.lanney@edu.tbz.ch"|"fi$L1v-GIsnBP-p158ye"
"aurelie.claus@edu.tbz.ch"|"32WKK2-foLt9c-XKiT2l"
"renee.pabel@edu.tbz.ch"|"CMvYPQ-t%D3Xw-Bzu3SM"
"maena.roust@edu.tbz.ch"|"ZdTAqf-yNk2xW-5AQaWi"
"nadege.carwithim@edu.tbz.ch"|"922B9&-ohGwjK-kxgXHI"
"solene.geyton@edu.tbz.ch"|"8XlKhu-GLb7NU-%Ur@%g"
"dafnee.avraham@edu.tbz.ch"|"xZNU5H-hUVG@C-zx34BE"
"leane.woolvin@edu.tbz.ch"|"odU09Y-8lZux8-nclpYg"
"adele.macadie@edu.tbz.ch"|"WPGBLD-2flNC6-mBQ4w2"
"meline.rubica@edu.tbz.ch"|"JdEYso-KgkFF0-1lCe1b"
"marie-noel.speeding@edu.tbz.ch"|"VQKREs-oxOEhp-9j1LEV"
"nelie.mix@edu.tbz.ch"|"KYgXIB-8rxr35-aSZWWK"
"clea.ollett@edu.tbz.ch"|"QGb1L2-djXSpN-nZMTSZ"
"leandre.mcgavin@edu.tbz.ch"|"emtwae-eDeqlK-qQWnAK"
"cecile.behne@edu.tbz.ch"|"98qLDe-%ywsuj-7i7BMa"
"melanie.polle@edu.tbz.ch"|"FZwOLg-RhJQsu-7LxMBg"
"marie-josee.titmuss@edu.tbz.ch"|"BjQ0uD-BHPUpp-3Md3#6"
"helena.guest@edu.tbz.ch"|"SKbHJg-BhQfma-jPfDX2"
"annotes.chicchetto@edu.tbz.ch"|"djQ6xc-aaJGpt-0a2kJl"
"melia.tubb@edu.tbz.ch"|"C79qjo-68OUIX-vQu2fI"
"angelique.casetti@edu.tbz.ch"|"IN24wR-mhaAzu-QW1og7"
"cunegonde.cleall@edu.tbz.ch"|"z@19A1-sK8gIq-CeKvKF"
"camelia.oaker@edu.tbz.ch"|"zMf06t-JTE$DM-sArdDA"
"you.searight@edu.tbz.ch"|"X%ZMO@-lxkMJW-1ywIPg"
"kevina.dederick@edu.tbz.ch"|"qzQr@K-RKC1KO-EhxcNd"
"milena.jeffrey@edu.tbz.ch"|"5OXNqp-999hvA-2#O3ul"
"melodie.barkshire@edu.tbz.ch"|"8GgM7J-tPue4q-&qQcTb"
"gaelle.kreutzer@edu.tbz.ch"|"AF4&H@-p2bR8o-@hu2Pv"
"kalliste.kleinpeltz@edu.tbz.ch"|"GNxqcO-Drfc$3-RFdtLp"
"clementine.danat@edu.tbz.ch"|"4AO@f3-DkkiRk-ss5Lj1"
"andrea.wabb@edu.tbz.ch"|"Pnmbk&-GxzCFX-FiU4di"
"geraldine.piesold@edu.tbz.ch"|"b@Tg4C-PeWecH-KIabM5"
"tan.fiveash@edu.tbz.ch"|"c1RHmR-2EbGuH-8V5scL"
"meline.yuranovev@edu.tbz.ch"|"Q@NQwV-s@IJTv-Nx2WJo"
"therese.holme@edu.tbz.ch"|"BD8P@V-dVR5GN-PqGhsN"
"salome.vaney@edu.tbz.ch"|"ruVJo7-fD72Fg-%J$Hc2"
"anae.abramson@edu.tbz.ch"|"7I7Yop-Twz$#B-oKcp9W"
"kalliste.jimson@edu.tbz.ch"|"Dpu8X3-XSRQuw-9TLk&Q"
"selene.yole@edu.tbz.ch"|"B0Yag@-3H6iCp-juhWte"
"agnes.defraine@edu.tbz.ch"|"kdA%j7-Nhi8kc-cUmQiR"
"faites.mccluin@edu.tbz.ch"|"YjJTLH-$wh5wZ-VYdeeF"
"athena.deme@edu.tbz.ch"|"fPaSnh-vJz7M0-FJoL7Y"
"daphnee.brigstock@edu.tbz.ch"|"nLCIaM-w#J7Dq-B3pyPQ"
"goesta.skaif@edu.tbz.ch"|"#arIgz-b87C70-Sv67@X"
"oceane.jagoe@edu.tbz.ch"|"TUFTXf-XYy$pQ-7ndpTy"
"annotes.broomhall@edu.tbz.ch"|"KFSVY@-1eMw6W-997q9o"
"marie-eve.ballendine@edu.tbz.ch"|"40wJfX-3Y6IbN-f1ydDk"
"melina.spykings@edu.tbz.ch"|"I05796-NWqE$R-jX60mP"
"laurene.ticehurst@edu.tbz.ch"|"k6O&ik-Na1V@C-9A96o6"
"fei.avramovic@edu.tbz.ch"|"WLfSne-VIXxf3-cs5iRx"
"publicite.strathearn@edu.tbz.ch"|"BKhdPd-wKfSD0-1p7aaB"
"torbjoern.garrow@edu.tbz.ch"|"@0Z&DG-a3Ws7u-MaG9#l"
"chloe.rubinsztein@edu.tbz.ch"|"tRQsYx-c5Nu0c-dZJ3@C"
"mylene.demanche@edu.tbz.ch"|"sBiXWC-BtzF3f-RBZxX$"
"mediamass.godlonton@edu.tbz.ch"|"3bZv38-ixILur-YE7dy9"
"renee.shurrocks@edu.tbz.ch"|"c9AnuD-oxA9bb-OIoT1b"
"maiwenn.jedras@edu.tbz.ch"|"WbwhbS-axLo$3-yuI$Zu"
"genevieve.castells@edu.tbz.ch"|"ZvmL7T-OHbNVi-mo0gIY"
"renee.sneden@edu.tbz.ch"|"IEsqvW-UE8j6z-ksGoxG"
"lai.mccallion@edu.tbz.ch"|"lzuuqL-@YExKz-ccD2sj"
"kevina.impleton@edu.tbz.ch"|"VfGWvI-vFDk$i-Rc51x@"
"oesten.fresson@edu.tbz.ch"|"EdcBsc-F22#6J-QEtbR2"
"verane.shawley@edu.tbz.ch"|"eJmDiy-H63EQa-jHYLfM"
"uo.sjostrom@edu.tbz.ch"|"89wH42-09UofA-&TR2$m"
"gisele.gothup@edu.tbz.ch"|"R2hHZy-fdGHb$-GAsZ&1"
"renee.beauman@edu.tbz.ch"|"59FWJ2-6Er&BM-0mRfRA"
"elies.loton@edu.tbz.ch"|"SkSVUy-2QB5@#-R#&nJN"
"valerie.elsmore@edu.tbz.ch"|"H0Zn@1-oL&pg0-@PckH1"
"berangere.delafeld@edu.tbz.ch"|"lZ6N%y-liGlpu-4JYPQe"
"bjoern.schimke@edu.tbz.ch"|"1j&9gd-sWVlPq-RUcXqp"
"loic.ericssen@edu.tbz.ch"|"6RkiMl-G@J%qH-#BAGDB"
"creez.richarz@edu.tbz.ch"|"L%TC@2-SEzsHN-GIqi&c"
"athena.grocott@edu.tbz.ch"|"C$4CaH-M8EDfx-TMZ28W"
"naelle.piotr@edu.tbz.ch"|"fg#UD$-Kr&5j9-PJ2XLo"
"maella.paulson@edu.tbz.ch"|"uYpuSg-s18814-q6oLX#"
"song.perot@edu.tbz.ch"|"oWjxmJ-#PIAEG-ha1LAv"
"kalliste.heckney@edu.tbz.ch"|"KvTLAm-DJtM5z-jupJEf"
"ake.vasyutkin@edu.tbz.ch"|"vVazjF-kI5w@f-G5vcoB"
"ma.castles@edu.tbz.ch"|"nMA1uu-l$RguL-zr@vR9"
"maely.monget@edu.tbz.ch"|"ryuZ%k-njfhK0-hVVFhf"
"tang.durbridge@edu.tbz.ch"|"xDmuO%-B%x26K-sP24Il"
"laurene.andrew@edu.tbz.ch"|"tHQUYz-YK8or3-JhXrJA"
"lysea.beacon@edu.tbz.ch"|"dEGd4X-BAuKo1-xsofh7"
"leandre.peyntue@edu.tbz.ch"|"p69Pz7-KTFGbF-qK$CD3"
"rao.trever@edu.tbz.ch"|"ob5Hm@-7vTPDo-ych19W"
"mahelie.streader@edu.tbz.ch"|"gJTEGz-Q4B8H8-xrJKWC"
"maerta.andrejevic@edu.tbz.ch"|"40ixHk-KNLfU6-QlGosI"
"goesta.tompkins@edu.tbz.ch"|"n0Zrxa-EHIhE9-fJxv@F"
"helena.agates@edu.tbz.ch"|"3GyhV8-%WWKT5-XoP%8v"
"therese.glass@edu.tbz.ch"|"4Eku1T-&eUjq5-D%QIvB"
"alois.foan@edu.tbz.ch"|"oFmP0y-vqW$dw-ccUKE9"
"becassine.melchior@edu.tbz.ch"|"6n7stj-oU7g5B-ooD@6h"
"cloe.robart@edu.tbz.ch"|"A#2Qyq-FBokvm-8$X$wd"
"daniele.puckinghorne@edu.tbz.ch"|"t4DJUf-jVr&yh-y1TIYI"
"selene.cammidge@edu.tbz.ch"|"ijKQF2-4WzIPp-NRLKXk"
"regine.conochie@edu.tbz.ch"|"lotIFq-a%wjOg-pVqa#p"
"interessant.tuiller@edu.tbz.ch"|"Z@L0FD-MTF7tN-OmcyG6"
"long.tiebe@edu.tbz.ch"|"o@a3YH-hV1MTr-vFpZd2"
"mans.yele@edu.tbz.ch"|"$kjU6q-7ijZnO-TpCT1f"
"ai.giles@edu.tbz.ch"|"AEXraM-z7XD9$-nbbvag"
"gaetane.hamberston@edu.tbz.ch"|"F7sqAf-SQ3%I$-EkGp54"
"marylene.fenix@edu.tbz.ch"|"L9Zpg$-Enbsf&-&OL0OJ"
"geraldine.graeme@edu.tbz.ch"|"BTNx8K-IEj8M#-GchPmI"
"tang.kinglake@edu.tbz.ch"|"hJsSMa-$uZnYe-GgmzEf"
"lai.challoner@edu.tbz.ch"|"wqKjFV-l2YZar-IF8WpJ"
"desiree.mattei@edu.tbz.ch"|"MB3U6F-%Ewgwc-e@LxAi"
"ake.erley@edu.tbz.ch"|"G0%BnC-&pGfA@-Aa4ayG"
"edmee.cavil@edu.tbz.ch"|"M6CKqi-rU5fzo-mJIyWw"
"alois.moyes@edu.tbz.ch"|"FCN1$0-BDq84g-R7%XZp"
"becassine.pitman@edu.tbz.ch"|"brtc#2-dAT$oZ-ck1SRd"
"ai.giacovelli@edu.tbz.ch"|"7fTTD8-yT8xjg-vZb2bV"
"judicael.fruchter@edu.tbz.ch"|"Lqgjm#-Lm0dMj-f7UJLd"
"mans.mogg@edu.tbz.ch"|"Ax@0mf-eddwiC-66ZGIG"
"gerald.foyle@edu.tbz.ch"|"WcZgDo-@on9W$-Q$CrWK"
"wa.androletti@edu.tbz.ch"|"ifcA6z-dAAfqB-#u9fkG"
"meng.ollett@edu.tbz.ch"|"1#hH26-3j#lCk-EBatXn"
"naelle.macmenamy@edu.tbz.ch"|"hIR5V@-@SERq0-TpFUzO"
"gisele.mcramsey@edu.tbz.ch"|"CCA&g#-KMIzdY-17x$Tt"
"meryl.scolts@edu.tbz.ch"|"G7iYER-NYDnnP-JQCqzL"
"celia.bloxsome@edu.tbz.ch"|"8SXHb7-ybuWAZ-3HArZZ"
"styrbjoern.stuke@edu.tbz.ch"|"Z#79U&-OOso&8-hBE0Iv"
"felicie.gwilliam@edu.tbz.ch"|"zWn6dC-r2bRBj-UJi7I0"
"da.harms@edu.tbz.ch"|"&qQsSG-oVzGII-7&vBUQ"
"celestine.baulk@edu.tbz.ch"|"MFxxJr-Ubc5Gt-CWSAlM"
"mahelie.blackledge@edu.tbz.ch"|"p6&qXZ-cBgm8c-hHpK5%"
"meghane.salt@edu.tbz.ch"|"uFoYdN-imfBdX-qw$h9z"
"methode.paxeford@edu.tbz.ch"|"R624n8-ZnaYCv-N6gHiU"
"asloeg.milligan@edu.tbz.ch"|"VAoh&T-b4GXU5-TKTiTX"
"you.pellman@edu.tbz.ch"|"RvAMvo-x9nH@F-i@qEQt"
"loic.regenhardt@edu.tbz.ch"|"EK1zdV-RVywk1-&8aAgV"
"daniele.savill@edu.tbz.ch"|"jmAB@r-1VRnLb-q1tpFB"
"alois.cornu@edu.tbz.ch"|"%yxkiP-ZfsOhx-ygXVYT"
"oesten.govey@edu.tbz.ch"|"tqWW4u-Ii%VDV-yCxy6T"
"marie-eve.louch@edu.tbz.ch"|"mdMeYy-Z@ypUc-kB6@7x"
"theresa.wenn@edu.tbz.ch"|"l11V4Z-NvKI0Z-TuVBh5"
"andree.eul@edu.tbz.ch"|"JAKC0#-w&Qu5w-8pnLM3"
"lie.paynton@edu.tbz.ch"|"o#DO7z-UOjiA6-eKeyOQ"
"marie-eve.girodier@edu.tbz.ch"|"KLw2hE-xDNXO%-6KMBeZ"
"marie-noel.smithe@edu.tbz.ch"|"Gkg3sN-34Xp$k-iysG#%"
"men.bootyman@edu.tbz.ch"|"rB#TEc-5Sxmn5-ydR5rM"
"ku.sugg@edu.tbz.ch"|"5lngvV-ggfBOP-8V9Z&1"
"lucrece.roseman@edu.tbz.ch"|"8N0VwG-bFy1KS-2op@Xi"
"zoe.annear@edu.tbz.ch"|"WpiB%J-RgfG8G-$@3IPF"
"marie-helene.rennebach@edu.tbz.ch"|"aKjBH4-6Rmas#-Ek0qcr"
"lea.djurdjevic@edu.tbz.ch"|"GLJ43o-VR8L2Z-Y&mju7"
"goerel.robert@edu.tbz.ch"|"1Uv$ey-7fwEy0-U1zYhc"
"mylene.foldes@edu.tbz.ch"|"&%o9fR-LQisrl-f$eU4G"
"faites.clegg@edu.tbz.ch"|"U9jc#6-DQSmky-OPoqkm"
"marylene.crowcher@edu.tbz.ch"|"%V%N#N-EiGuxK-yqhSoK"
"aimee.wimpeney@edu.tbz.ch"|"DXjzrG-txPEfu-nM2J$$"
"renee.atkins@edu.tbz.ch"|"6d8lI%-4pgC88-eHoeAN"
"rejane.cainey@edu.tbz.ch"|"VtEaV#-VBWnSK-wlZcKR"
"solene.britney@edu.tbz.ch"|"03lp&M-YgYyJi-$u0Wi#"
"marten.shatliffe@edu.tbz.ch"|"qooNlP-3Ub84n-H%QBGQ"
"maite.issatt@edu.tbz.ch"|"K2H4&&-X4m4y7-202uYM"
"maelyss.edon@edu.tbz.ch"|"9LXMCx-1lhwcS-Tg6nWd"
"nuo.bamling@edu.tbz.ch"|"MChzLY-6bV&8d-owyRN2"
"anais.edards@edu.tbz.ch"|"0MSTK@-msETZg-rOW1WA"
"mediamass.bromet@edu.tbz.ch"|"s6X6$7-$lDyDG-ZIL$0g"
"beatrice.kimbrey@edu.tbz.ch"|"AhTX&M-3LJBR9-9LDqAw"
"ines.lawranson@edu.tbz.ch"|"E3UQIf-MJHSUJ-AcNp5C"
"kalliste.scandroot@edu.tbz.ch"|"MyGlHW-vL@Rcq-qnbiIB"
"mans.barrowcliffe@edu.tbz.ch"|"n#v$TH-I4%P#F-jF3zNQ"
"irene.couves@edu.tbz.ch"|"IKY27N-oJW2NP-aEVa&8"
"milena.mucci@edu.tbz.ch"|"XBGxMS-@Pjugo-XEkOga"
"naeva.cow@edu.tbz.ch"|"9ATG7E-XuaRVF-zlCi1I"
"audreanne.mournian@edu.tbz.ch"|"V5Vps3-&Jmxlz-#pY7Iz"
"melia.sinnatt@edu.tbz.ch"|"vpFOYi-jK6dmA-MVXse3"
"nelie.burnard@edu.tbz.ch"|"g6azmR-g%aopJ-bj3U6u"
"clelia.ashfull@edu.tbz.ch"|"hTx&rk-tai7Ew-aL1ZA9"
"lie.macard@edu.tbz.ch"|"YZXQWb-%M6HvP-4XvWmz"
"valerie.matoshin@edu.tbz.ch"|"OY@@fj-uznIt7-&uJAtJ"
"anael.hatherleigh@edu.tbz.ch"|"#%gO&d-xLugKP-xZzG86"
"interessant.warratt@edu.tbz.ch"|"Q#C@cs-N$%KjH-vJGX9G"
"eleonore.volage@edu.tbz.ch"|"yUuoau-#Fhx1O-&YG17S"
"zoe.stebbing@edu.tbz.ch"|"iCKZoQ-Glg#iI-5@mGX1"
"alizee.nye@edu.tbz.ch"|"Wm0HIz-2BxXgj-qNst86"
"celestine.bramley@edu.tbz.ch"|"5raYx4-eOwVi1-b9tFeY"
"selene.philcott@edu.tbz.ch"|"6qLrO6-DkhUg7-vetZUS"
"tang.newens@edu.tbz.ch"|"1i4t3S-feG6mD-Ru$PF%"
"annotes.powys@edu.tbz.ch"|"MhUrSi-&&3nL4-I9CWDR"
"lea.matthesius@edu.tbz.ch"|"1yhTiU-jui3u#-33Q1o9"
"illustree.garlett@edu.tbz.ch"|"R4uZMH-E3x1XJ-zWJZXX"
"maiwenn.meachem@edu.tbz.ch"|"z1Q@6j-Z5m4lm-GjSb6a"
"marie-francoise.mcbrady@edu.tbz.ch"|"2p9kdl-Y$jyqx-95avIb"
"illustree.gimbart@edu.tbz.ch"|"xHktkC-49NM4l-KnN6oA"
"melys.lyosik@edu.tbz.ch"|"RWcv$p-DR5OYB-7LWxsG"
"marylene.mcnab@edu.tbz.ch"|"dpZTbb-Uo6FdI-vjwu6a"
"gerald.blount@edu.tbz.ch"|"xqEsGt-v&7i6I-4tqD6U"
"clelia.shakelade@edu.tbz.ch"|"HEwF71-OXgfUg-G6XZJ9"
"penelope.cridlin@edu.tbz.ch"|"Ct%1UM-x99OMn-VwDl%u"
"maena.okuddyhy@edu.tbz.ch"|"cYDiKm-x27Oq9-X4Y@rG"
"athena.keynd@edu.tbz.ch"|"816Kf&-OT@NAe-5iY9vV"
"cloe.dwine@edu.tbz.ch"|"nd#Yg&-5ZWTeR-Jg#dQE"
"josephine.browett@edu.tbz.ch"|"r98u5q-uzsYQu-trzW8Y"
"audreanne.oscanlon@edu.tbz.ch"|"8IsV7P-fYJpVu-B#E&6E"
"fei.jeanequin@edu.tbz.ch"|"XmXh#x-Ac9GUP-AsxTdb"
"lois.gormally@edu.tbz.ch"|"$uaVg#-9Ck%Xb-Inn0%8"
"marie-francoise.finnigan@edu.tbz.ch"|"gBA2D2-%dGtXR-rKfITI"
"leonore.trussman@edu.tbz.ch"|"mSJ847-0y@Sp%-&2Kj$v"
"anaelle.trumper@edu.tbz.ch"|"jUxawd-sKduif-wJT4aw"
"clemence.dionis@edu.tbz.ch"|"Ir2Qg5-l7cs%D-REoC8h"
"lois.tranmer@edu.tbz.ch"|"DSAwwZ-699@tH-7fwYSy"
"interessant.volett@edu.tbz.ch"|"jfdZa@-uA2C%c-ZmBqTg"
"personnalisee.deackes@edu.tbz.ch"|"cCB5j0-Ryxjsd-r98fD2"
"lie.vasiliu@edu.tbz.ch"|"bKtoS5-tnbuqf-KvgpIe"
"dafnee.lamputt@edu.tbz.ch"|"hCmBr$-G@4xG4-cfNFVR"
"elies.bromige@edu.tbz.ch"|"70GXty-#11YmA-dz$CXk"
"helena.klosser@edu.tbz.ch"|"9Oom6O-mLay@S-Q0Q@#r"
"andree.grim@edu.tbz.ch"|"z1iw%2-TDU9cI-To9UlW"
"verane.coldbath@edu.tbz.ch"|"ydRads-6pstdU-eueKzb"
"helena.bethell@edu.tbz.ch"|"B7PWK6-il5YqJ-nRd8Po"
"kalliste.carefull@edu.tbz.ch"|"ieX4Gj-&&$ECH-up@Zqe"
"regine.odams@edu.tbz.ch"|"8Xu9L1-4WT657-dhoxCY"
"len.stannus@edu.tbz.ch"|"eH7UD#-ncnyDv-VSa&Wd"
"angelique.works@edu.tbz.ch"|"Zp@OrC-4ibpT%-svfPGI"
"goesta.rheaume@edu.tbz.ch"|"Zs0pKL-w$kXp%-lygFbC"
"maelys.tynnan@edu.tbz.ch"|"H7oN$7-DPeVGw-80dNcN"
"maelle.carlesi@edu.tbz.ch"|"E2lobp-GQSPdr-w@4GGf"
"anael.spurden@edu.tbz.ch"|"UuI5Sc-roLXTe-568Zsr"
"helene.pumfrett@edu.tbz.ch"|"@ZhS19-7xKvly-ebV@RJ"
"goerel.pearn@edu.tbz.ch"|"vP8UY%-3oD%5L-iosrvZ"
"laurelie.dezamora@edu.tbz.ch"|"jhNpRb-zI2q9F-eqnArI"
"yao.twidale@edu.tbz.ch"|"girVgL-g5pYCa-qNRVg$"
"berengere.sola@edu.tbz.ch"|"fEOkvM-CJgAzw-WjkHCm"
"maelann.hardistry@edu.tbz.ch"|"cx5pab-iFm1h@-aGk1Z%"
"severine.littlefield@edu.tbz.ch"|"3E#QmL-hou%Z8-zFOszH"
"salome.heinl@edu.tbz.ch"|"wnlQNp-9fg7yY-vLE6na"
"meryl.warbey@edu.tbz.ch"|"aeu8ud-OGaEDC-rP%%FW"
"da.hunstone@edu.tbz.ch"|"Z2tBlZ-ll1td#-Ic2n8d"
"venus.broadbury@edu.tbz.ch"|"Kmydj8-xRf1O1-kO$HSc"
"meghane.rentelll@edu.tbz.ch"|"fe4V78-xWwdRE-te4Zkt"
"marylene.drewitt@edu.tbz.ch"|"a8NN&9-dI1XM8-hhYRwC"
"melinda.jacquemet@edu.tbz.ch"|"MS2#I3-VB3FXb-l4Q0wX"
"marie-josee.keyden@edu.tbz.ch"|"G##C2U-fTbJsr-jOwPlx"
"asloeg.montacute@edu.tbz.ch"|"njWCe9-M$xrK9-vGr&oC"
"ku.andreou@edu.tbz.ch"|"Pk9Tl1-e99C9b-5lkOYQ"
"personnalisee.feaveer@edu.tbz.ch"|"QXske3-4oa&$i-GLd1sU"
"laila.emptage@edu.tbz.ch"|"%fQry#-l@ZHkq-Bj7jHw"
"bjoern.dawdry@edu.tbz.ch"|"zHwAzK-8cP&Wm-gVLOjo"
"marie-eve.dinsell@edu.tbz.ch"|"w5#WoX-3RT$aO-Z0w7rV"
"helene.follett@edu.tbz.ch"|"$xh2kM-fn0qyk-MfWP%g"
"penelope.cordero@edu.tbz.ch"|"XkwTG0-7qY9t0-s$b17D"
"boerje.beedell@edu.tbz.ch"|"g#7ujt-yNbs9q-7bhtD4"
"nelie.ferne@edu.tbz.ch"|"G#$Smk-88UVMX-OmX8A2"
"celine.ahmed@edu.tbz.ch"|"PUM%uv-#9Lz$p-$eDChi"
"stevina.pimblett@edu.tbz.ch"|"8TiLgn-Bzo22I-#ovtL2"
"chloe.langlands@edu.tbz.ch"|"dASc4c-lZdWuM-uxnQ5J"
"simplifies.maude@edu.tbz.ch"|"q@N#tk-tiWoM0-NFvjzn"
"genevieve.decarteret@edu.tbz.ch"|"aASw&U-54lu80-MF6yUf"
"marylene.mughal@edu.tbz.ch"|"S5YJvV-qjN1Ts-aoI5$x"
"goeran.guttridge@edu.tbz.ch"|"fmHGYh-z2YRxK-&I4fU3"
"michele.smurfitt@edu.tbz.ch"|"4KHoyq-ShqAXp-6g1Wec"
"methode.hadeke@edu.tbz.ch"|"dQ%WMm-ph7cqH-btFBuq"
"therese.rispine@edu.tbz.ch"|"agShGr-ZQJyX3-Gcj0fF"
"goerel.plumley@edu.tbz.ch"|"4Yt1TT-Hzm2IK-vXSKYN"
"oceane.friett@edu.tbz.ch"|"$&scQL-aS2TTu-jjioLF"
"marie-noel.achromov@edu.tbz.ch"|"BuvzNG-tWz4Fb-r1bbp@"
"dorothee.storek@edu.tbz.ch"|"alBvKs-Iv3#Bw-4a8ht&"
"goesta.whittle@edu.tbz.ch"|"M3%avJ-VyPe6c-%g3RgX"
"desiree.casely@edu.tbz.ch"|"PvesTR-0gWQk5-tad##1"
"felicie.condon@edu.tbz.ch"|"XdeRwP-lCMOq2-9nDF89"
"maelyss.frisdick@edu.tbz.ch"|"L4UsGh-aE@DyH-Gn%S#t"
"aimee.banke@edu.tbz.ch"|"sjEL2v-3@9Up6-hMjh&e"
"naeva.hodcroft@edu.tbz.ch"|"Lf7eyo-nd1yYf-lAQbUJ"
"laila.gerrans@edu.tbz.ch"|"hkI@Gz-P$ku9t-ucll9Z"
"daniele.scrimshire@edu.tbz.ch"|"4oIAdU-kyz&dm-KiBK8w"
"daphnee.sheerin@edu.tbz.ch"|"KFPp2R-CO0I@M-DJzczC"
"pal.vanyukov@edu.tbz.ch"|"WRrHja-zNZLuS-Qd%Q5b"
"zoe.childs@edu.tbz.ch"|"7W@@Sv-q0h5WH-$vuxPM"
"ai.corde@edu.tbz.ch"|"oe26qa-T#nBEh-fqLXhK"
"maelys.berryann@edu.tbz.ch"|"9Xoi98-UnDQk%-C9qEET"
"cloe.gladding@edu.tbz.ch"|"4D1Gts-d@n8lQ-id$sc4"
"wa.kinnaird@edu.tbz.ch"|"r1eWCt-7X&Ar4-Bp4lGz"
"publicite.brittoner@edu.tbz.ch"|"yAA6lX-aW0U%k-sBn1EY"
"rao.windress@edu.tbz.ch"|"LhQd@$-k7e@cb-bOb7Ig"
"uo.kollach@edu.tbz.ch"|"LXf&z4-dOLCc9-nZYEMV"
"josee.peskett@edu.tbz.ch"|"#kl%Sq-R7H#er-2EzNyR"
"annotee.hasel@edu.tbz.ch"|"6w$r5N-FfTAV@-xVqm2k"
"cinema.lee@edu.tbz.ch"|"PKoPZo-9vZdYo-FytvDX"
"lai.vedeshkin@edu.tbz.ch"|"odjrc@-OiummR-ZEd8ih"
"renee.brisbane@edu.tbz.ch"|"HnFN0A-IZ5Ksv-@fMy@p"
"ophelie.blincoe@edu.tbz.ch"|"UqYZL&-sKQohR-F%Gmlz"
"zhi.prazor@edu.tbz.ch"|"0Qg4G3-W#nTxI-suwJGq"
"annotee.maddicks@edu.tbz.ch"|"bK6biK-Yy%NjT-Z70k2g"
"maelyss.codd@edu.tbz.ch"|"Q32eE9-BFULi%-vb@qpP"
"celia.peplay@edu.tbz.ch"|"ltoN6o-uhvq5u-OjWi4M"
"interessant.skone@edu.tbz.ch"|"QuRvT1-b5I1u&-dQAYyd"
"audreanne.hebdon@edu.tbz.ch"|"&m3#rw-zm07&F-Rb1sll"
"oceane.glen@edu.tbz.ch"|"DAhi0P-pMp4Gg-8x@&Nd"
"daniele.vanyushkin@edu.tbz.ch"|"W4nX7k-wF4J#R-nF%MWk"
"daphnee.ayce@edu.tbz.ch"|"TLhSda-pGI4zM-Hyv&f4"
"andrea.attride@edu.tbz.ch"|"kXmXi1-GqBN2v-nicQ6V"
"penelope.bridgwood@edu.tbz.ch"|"MVtqnL-XHlYcE-x5S#mH"
"mailis.drewitt@edu.tbz.ch"|"yhuQ3K-YQjNbk-SAkYW2"
"penelope.mollene@edu.tbz.ch"|"uENaKS-bebI1n-XQ63cA"
"illustree.keely@edu.tbz.ch"|"h#POD9-eShGWT-8CmNoF"
"meng.brisseau@edu.tbz.ch"|"GYDqC3-RIeGAi-cy37Hg"
"ruo.cleiment@edu.tbz.ch"|"F7N0E8-PCdLOa-ihSoka"
"maite.krammer@edu.tbz.ch"|"zcmvbW-tbGO%1-urqGB%"
"genevieve.verry@edu.tbz.ch"|"uSKeKZ-c$99HT-iaUXNT"
"lea.olochan@edu.tbz.ch"|"bAKj9h-FQ3U8G-kfJBvs"
"naelle.brunnen@edu.tbz.ch"|"Omx&jh-cOqjQC-7uhBia"
"goesta.bragginton@edu.tbz.ch"|"F0E#HC-pjOws$-V@M6uB"
"fei.danilyuk@edu.tbz.ch"|"UJDMp4-NKuIcQ-T%9Wgn"
"adelie.turbitt@edu.tbz.ch"|"jFIg5D-dJ2mYt-c%%6yW"
"marylene.nutman@edu.tbz.ch"|"mOam0x-wYDG8S-ZsuO$T"
"therese.barbrick@edu.tbz.ch"|"VVnqbo-6fVC$n-FpKe5i"
"melys.kolodziej@edu.tbz.ch"|"yxaqrM-fVGg%V-&rUu%A"
"melanie.runchman@edu.tbz.ch"|"PLUDEv-cND03z-iwLSIC"
"serena.lafond@edu.tbz.ch"|"YShZs1-14olEZ-Fuk1CA"
"pelagie.desmond@edu.tbz.ch"|"H1U1ob-BfaOD@-lduequ"
"wa.spickett@edu.tbz.ch"|"5jxz#o-SHS9XL-lF3IDS"
"po.shave@edu.tbz.ch"|"A%m@UK-$XNjw4-mgqcO3"
"song.huikerby@edu.tbz.ch"|"IIPUHN-mOXh@8-PbVPSj"
"melinda.bimson@edu.tbz.ch"|"V%3qEv-b%9EYS-JB0Tln"
"personnalisee.toffanelli@edu.tbz.ch"|"dNOX1K-vm43nD-uUkNtk"
"leandre.hurn@edu.tbz.ch"|"CZFFkM-jCP2sj-o%azDs"
"oesten.standell@edu.tbz.ch"|"K0P%nT-FBAj6X-zTo57K"
"naelle.smaleman@edu.tbz.ch"|"KxED78-N%I8PC-nvxOk4"
"berenice.tayt@edu.tbz.ch"|"VEo#V@-KvJ1Vh-&$G4AQ"
"kui.popplewell@edu.tbz.ch"|"J@zyK$-dpF@jO-mfByWd"
"melodie.ferandez@edu.tbz.ch"|"a@CiSr-Bc%WvE-Uq2W2g"
"josee.negal@edu.tbz.ch"|"u%D04Q-U1GYvT-P7NKtw"
"melissandre.ferrelli@edu.tbz.ch"|"sL$hPn-L79wLW-lgG8cu"
"josephine.kemmer@edu.tbz.ch"|"FghiE3-Los4sv-eo4Cj8"
"maely.cayette@edu.tbz.ch"|"yCVzOZ-V6K0vr-cFUhhl"
"nelie.vela@edu.tbz.ch"|"DMQbFq-2Y6EFj-j#2gRl"
"melina.cortes@edu.tbz.ch"|"qdDWpP-imwsaK-SSJJ&f"
"megane.leyshon@edu.tbz.ch"|"Xb8aL3-yB#Oh%-UW73AX"
"regine.harrie@edu.tbz.ch"|"N5GrDq-4Y5wT$-0CaQ@5"
"mylene.widdison@edu.tbz.ch"|"hBSJz4-vlCCMZ-IqZ8%9"
"pelagie.vivash@edu.tbz.ch"|"NQ5Qt4-NI8QIm-uHM@iY"
"styrbjoern.vicarey@edu.tbz.ch"|"aV4RhP-BEoTQ@-KJDQk%"
"long.kyles@edu.tbz.ch"|"kQMOak-%l$K&l-w6osUY"
"stephanie.gipps@edu.tbz.ch"|"XuPrGV-NRoqjc-9Fi2r7"
"clea.constantine@edu.tbz.ch"|"hgHNr6-ldqIQj-gPObgt"
"maella.cometto@edu.tbz.ch"|"YGjh4J-XYzfAp-c@8Dr1"
"laila.aubrun@edu.tbz.ch"|"sR%dcL-wabyhx-X3JaRD"
"yao.austins@edu.tbz.ch"|"gF#MLD-fWf%j0-qpaVam"
"mailys.rylstone@edu.tbz.ch"|"p&cM3w-#kvl$E-zQKcM4"
"adelie.curuclis@edu.tbz.ch"|"VOS&f6-BTYzOp-svlsd9"
"celine.longhurst@edu.tbz.ch"|"nlFu54-CnA@gE-QheHDL"
"gisele.hazell@edu.tbz.ch"|"rNFTr2-jcdao%-Psuwfc"
"celestine.ciccone@edu.tbz.ch"|"4QDA0A-Nf$f8I-X$$KFV"
"maelyss.doole@edu.tbz.ch"|"ZQEr#p-5t8Xdr-x$q&PY"
"helene.grimsdike@edu.tbz.ch"|"$4dQgQ-IuCu3F-&cuU#r"
"lie.macer@edu.tbz.ch"|"PI$uKT-1Hg0i%-RViit1"
"maely.izard@edu.tbz.ch"|"bf9oOP-3$aQzw-Fz03b&"
"erwei.breewood@edu.tbz.ch"|"7lPo%8-w@aI#5-g1MYj8"
"chloe.woolford@edu.tbz.ch"|"qohCly-y8TJeU-&ToNZd"
"cleopatre.turpin@edu.tbz.ch"|"r#D22$-KZCgUc-2xYC5K"
"melodie.surgison@edu.tbz.ch"|"zblVob-MDx#DQ-mmIUr2"
"elies.leander@edu.tbz.ch"|"rxb8XD-DNtNGw-kUTeDT"
"mediamass.reignould@edu.tbz.ch"|"Tdh#T%-B%RRXz-tP$EOs"
"celestine.wasmuth@edu.tbz.ch"|"soQQAI-gOsZyL-PpTOkh"
"marten.jervis@edu.tbz.ch"|"MN9rAZ-NbD#d7-nPXGRM"
"daphnee.bour@edu.tbz.ch"|"v4S5o@-e4Fgpp-&JlqF2"
"regine.harlett@edu.tbz.ch"|"OSmCyS-wvS37M-cmYWdS"
"noemie.macaskie@edu.tbz.ch"|"VnpUyU-%XoI92-VlMyJ%"
"loic.renfield@edu.tbz.ch"|"&miNVn-4&Ywh7-GwvrqU"
"venus.kleinert@edu.tbz.ch"|"csAfiz-ue6NLM-Rtgnjc"
"marten.burlay@edu.tbz.ch"|"ey40Gl-P8dJOH-Mo055h"
"berengere.radsdale@edu.tbz.ch"|"Vnu5h3-fY1&8h-D1Juu9"
"genevieve.duckit@edu.tbz.ch"|"UsgJLX-M9Tnpy-yy2ds%"
"maely.ligerton@edu.tbz.ch"|"ZXHoAq-d6pSLX-5Ig$RX"
"maeline.ricciardelli@edu.tbz.ch"|"DWwczq-JCf3dt-Mlgp44"
"personnalisee.yggo@edu.tbz.ch"|"UE7pZ6-oo#8xb-&PiUJx"
"alizee.pettinger@edu.tbz.ch"|"vtc$uR-hPWcgQ-$JwqW0"
"desiree.curnnokk@edu.tbz.ch"|"QNm@HF-LMj7#M-oa$1MI"
"dorothee.minors@edu.tbz.ch"|"bHEkqf-cnh#1h-ZiaoPz"
"oceanne.kopmann@edu.tbz.ch"|"H9Lb7O-vhNj0t-GBOJP0"
"almerinda.brodbin@edu.tbz.ch"|"bwk#5n-A%qICo-4KQZQX"
"yenora.carsberg@edu.tbz.ch"|"$lZNQM-$8k3HA-p9wheC"
"wa.beetles@edu.tbz.ch"|"AOoWzr-osO&jO-VrT@d2"
"audreanne.abbot@edu.tbz.ch"|"%f6&d9-msM80a-hZ4aOj"
"noemie.capper@edu.tbz.ch"|"pJSp0S-i7YiGM-AXP21a"
"mans.abramamov@edu.tbz.ch"|"R%1Y80-JB0PNM-dEvN6k"
"audreanne.blakey@edu.tbz.ch"|"p7yHbA-pwJ1gE-koTDMt"
"leone.klimpke@edu.tbz.ch"|"XcSApD-86k&nm-N9nm##"
"lie.croston@edu.tbz.ch"|"gDQNbD-%7rmo$-r13#&4"
"anaelle.baistow@edu.tbz.ch"|"MztVxK-hHgrFk-mO&CzC"
"michele.garwood@edu.tbz.ch"|"&BN3bZ-UqPw#F-%ordTE"
"interessant.albion@edu.tbz.ch"|"8Tipqb-$@cZ3G-QstqvA"
"andre.brisco@edu.tbz.ch"|"v3kQM7-C1u3Fy-v8j$FT"
"tang.totterdill@edu.tbz.ch"|"5j@Lgs-4ts9Es-bFREff"
"marie-josee.braundt@edu.tbz.ch"|"WE$K9I-ftIyu9-wVtS3&"
"lois.galer@edu.tbz.ch"|"CKc6cQ-%001vT-FWHY$V"
"faites.pellamonuten@edu.tbz.ch"|"21oGBa-7iQVvw-Mgz&k5"
"mai.barfford@edu.tbz.ch"|"jcvo$k-HKHY7w-EHpU2p"
"laurene.macilory@edu.tbz.ch"|"@V#PrG-4#TcMH-y6ilwD"
"elea.peak@edu.tbz.ch"|"rIegM$-e%GV35-aakPtI"
"rejane.doni@edu.tbz.ch"|"Ivm6Wy-4o8N6J-eukm4f"
"mahelie.ector@edu.tbz.ch"|"JT8rFF-lIY4rh-EbQK%s"
"rachele.allum@edu.tbz.ch"|"Co3YXv-q9OI1L-8m0BsO"
"laila.gerretsen@edu.tbz.ch"|"nIMXon-$ao2mS-%pSwqW"
"ines.bowman@edu.tbz.ch"|"bH9rXf-63SC1r-6Mm2w%"
"publicite.barbary@edu.tbz.ch"|"sp#euH-vsPpNd-8d4VFl"
"mailys.smooth@edu.tbz.ch"|"T3%g8l-qNFEdW-vFhzb3"
"mailis.huguenet@edu.tbz.ch"|"A@XdWR-um40yl-Z#tDAD"
"lea.ewer@edu.tbz.ch"|"xwcDGA-18ShwV-t5xHtN"
