"mail"|"password"
"melodie.vandervlies@edu.tbz.ch"|"PZmapI-f#adXY-d49Saa"
"angele.edgecumbe@edu.tbz.ch"|"EYuQy$-da9NH2-vz52CB"
"zhi.andreasson@edu.tbz.ch"|"w%Z023-fpraBy-MUZcz2"
"judicael.koppeck@edu.tbz.ch"|"kl%V3o-3kD#Oy-n6L3xQ"
"berengere.capron@edu.tbz.ch"|"ukc16R-zID1tu-#wJhXk"
"leonie.brosini@edu.tbz.ch"|"G4trqV-pUdPAK-adRj8Y"
"venus.garfit@edu.tbz.ch"|"PV6dHk-Q@6FQt-jwrNyE"
"melina.janota@edu.tbz.ch"|"T0VFab-tbqBJn-xOa5rO"
"laurene.bake@edu.tbz.ch"|"RTgQPP-yioKCr-9Wyt5s"
"regine.dorkins@edu.tbz.ch"|"VEb39u-3EteCQ-eHT4Bt"
"cecile.moffet@edu.tbz.ch"|"ZOnMMQ-N8EdMB-MU8#d8"
"maelann.labrone@edu.tbz.ch"|"zdY9uL-CNWW5j-2omm74"
"melinda.newbold@edu.tbz.ch"|"KZ5nOg-n7v#qh-H1s6d2"
"mans.itzhak@edu.tbz.ch"|"22DPma-SIdnVY-5%l%7S"
"melodie.pattlel@edu.tbz.ch"|"FLgZVG-SEW$G3-fj9xH@"
"celine.bonett@edu.tbz.ch"|"YL6oIe-c57TJ$-l3Txox"
"adelie.mcgreal@edu.tbz.ch"|"Bs7z#R-#NZra9-bVlqih"
"helene.soldan@edu.tbz.ch"|"banF0K-tTy#du-0QUMT$"
"michele.cluer@edu.tbz.ch"|"1NWvTN-toS4dI-VuY3EO"
"maeline.mueller@edu.tbz.ch"|"eGdVd@-qA8mHt-ZIWfuo"
"maelann.benedito@edu.tbz.ch"|"CUtH5L-7WBmcG-QQb7ta"
"nuo.gransden@edu.tbz.ch"|"Bex8n3-yzX6ax-SyfxD&"
"berengere.stainton@edu.tbz.ch"|"1vjfhW-%etilu-PQLk9R"
"wa.sabater@edu.tbz.ch"|"ZluWmY-msu@5i-2f5al$"
"anais.cochran@edu.tbz.ch"|"SdpYDP-lXkxj9-w32Yxd"
"gerald.bessant@edu.tbz.ch"|"WZb0##-cy$d1G-zeTMM9"
"ruo.coffin@edu.tbz.ch"|"LQOVhH-#jSxGf-1mujtA"
"melodie.mustill@edu.tbz.ch"|"xs6Gft-ttLUR%-n50AGB"
"ruo.stanesby@edu.tbz.ch"|"BLuvtk-vJUKRE-#q#fkQ"
"noemie.antognelli@edu.tbz.ch"|"bfKwtG-ISR@Vv-UHikuy"
"maelann.hughson@edu.tbz.ch"|"h&oHml-#ILwTa-o18i5F"
"milena.mieville@edu.tbz.ch"|"E7eV3R-yMp9Sv-j3BuUW"
"mailys.chamberlin@edu.tbz.ch"|"Ju2Ja7-IH3nSE-Q&uN%p"
"nadege.tomalin@edu.tbz.ch"|"LUoBlt-iQm2no-M7IN@8"
"oceane.omara@edu.tbz.ch"|"NT3IqF-vUyKo#-95zE$S"
"cecile.aguirrezabala@edu.tbz.ch"|"LJvYvI-&VbsDf-djVHDL"
"maella.gwillim@edu.tbz.ch"|"Snppf$-G&6w#l-9jPP17"
"lea.mcgahey@edu.tbz.ch"|"0J$5x6-tOCvcd-heHwxz"
"laurene.hagerty@edu.tbz.ch"|"hkZl0D-%tMp2t-i@VH4z"
"dorothee.link@edu.tbz.ch"|"#qGPWc-N$l$s$-JQUF%M"
"clementine.kynsey@edu.tbz.ch"|"MEa5CN-xvn@XK-5o3bU3"
"lorene.smitherman@edu.tbz.ch"|"ajaWTM-Ej$jz2-dj3xyK"
"cleopatre.klulicek@edu.tbz.ch"|"4gOAiL-L9rXIZ-yPCV#x"
"laurene.castaneda@edu.tbz.ch"|"C3E8Yq-B$3o#6-jnYVfq"
"melia.constant@edu.tbz.ch"|"dD$7BU-B1N#uF-q8Jop&"
"lucrece.clunie@edu.tbz.ch"|"0eOk3C-4yEt9V-Ap1Iu@"
"eleonore.mcmurthy@edu.tbz.ch"|"BFx$n$-RpKTle-vcIeT2"
"melia.bevar@edu.tbz.ch"|"r43E2d-sOzyX@-xfwI4F"
"camelia.bontine@edu.tbz.ch"|"FO8R41-G2O#8F-%wXuON"
"methode.jozefczak@edu.tbz.ch"|"wwudC#-3Iw9eK-KkbfNh"
"audreanne.hinsche@edu.tbz.ch"|"S%Kk$a-JO8wvc-Ap%2Fl"
"andree.varne@edu.tbz.ch"|"PHuZ9I-EosiMe-N5jfef"
"marten.kinleyside@edu.tbz.ch"|"&m6yh&-2Fckg$-rwCrhU"
"esteve.mcewan@edu.tbz.ch"|"hCS%Jn-uzbL5O-tEHVIQ"
"leane.dibbert@edu.tbz.ch"|"UWjSQW-#7Huvy-9qfpK0"
"ma.thewlis@edu.tbz.ch"|"gG3pey-3$ipb5-2z%@l%"
"clea.djurkovic@edu.tbz.ch"|"jAUwem-jSX&iu-c%oQFF"
"rachele.reburn@edu.tbz.ch"|"YwyqrE-HA2$2x-JEXRYH"
"gerald.gowling@edu.tbz.ch"|"LhP0%Q-VkXyGF-0wM1jM"
"cleopatre.jackson@edu.tbz.ch"|"Hwt5DO-aMlMMu-hvcnPY"
"desiree.haskins@edu.tbz.ch"|"jq9v7P-j$fmJS-$H3%Lj"
"eleonore.longson@edu.tbz.ch"|"%Vi4I1-$DBSkD-45SOzg"
"leane.dybell@edu.tbz.ch"|"HQFEDO-UHwcKp-oU5rFI"
"becassine.grzesiak@edu.tbz.ch"|"2f5y7m-m7&4X#-cu7dCC"
"marie-josee.pickin@edu.tbz.ch"|"Ctx8Na-e1$wRA-mmz#Fm"
"marie-josee.roxby@edu.tbz.ch"|"vg4Wc5-lSHDDt-Z7$ojj"
"leonie.feenan@edu.tbz.ch"|"q#LNPn-qaPcef-TNYDgZ"
"valerie.ellum@edu.tbz.ch"|"twGFam-LA0UiZ-GCuSRt"
"ju.caseri@edu.tbz.ch"|"$2sgXW-tECJrE-E#AChK"
"boerje.strangman@edu.tbz.ch"|"5NL4v5-xLFf8g-LStWs4"
"beatrice.ghidelli@edu.tbz.ch"|"0GS0Dt-9IYkhw-AH&pb#"
"da.jablonski@edu.tbz.ch"|"Ic0irz-qVwLw4-x3O62d"
"uo.beveridge@edu.tbz.ch"|"C47Uu1-segIR9-ccHAOd"
"valerie.bestman@edu.tbz.ch"|"ZTkelP-aD&bIx-hkMHi9"
"marlene.pohls@edu.tbz.ch"|"nUyzMS-zTGzMp-oCqKg3"
"ma.nolda@edu.tbz.ch"|"ziV8CW-d1EaPh-SfBmZZ"
"marlene.bisiker@edu.tbz.ch"|"wmjQ@4-v3$W06-HNfjQx"
"estee.babon@edu.tbz.ch"|"qJ77ji-DaxRRw-28SJy@"
"simplifies.dmisek@edu.tbz.ch"|"6nr8Uz-n4xKdG-KTL%$S"
"selene.ganing@edu.tbz.ch"|"&Ca4$P-#$DErb-NZx2k4"
"meryl.penke@edu.tbz.ch"|"LEXbFS-Zflrcj-pEksWX"
"anais.rawcliff@edu.tbz.ch"|"XUIAw6-Toxjpc-RJfQ&h"
"melina.andri@edu.tbz.ch"|"b3W@s4-w2Rg7o-tq8JzK"
"audreanne.fodden@edu.tbz.ch"|"r0aZ6B-KG9m7o-Jp3#kj"
"bjoern.spellesy@edu.tbz.ch"|"TiLK5B-VMmrqr-PGB#z5"
"francoise.summerscales@edu.tbz.ch"|"SEpAjm-vuIhyK-DbmBQD"
"laurene.ashtonhurst@edu.tbz.ch"|"9sbB&k-Ks#&9E-F8P@ZQ"
"valerie.petters@edu.tbz.ch"|"agfCzD-&WZ6TO-8MUBUq"
"anael.spenclay@edu.tbz.ch"|"AvchnQ-mOhcXC-zxLKSF"
"stephanie.keech@edu.tbz.ch"|"l%GqMu-mXwYrd-rDd%%T"
"ines.deveril@edu.tbz.ch"|"gZvo3s-Qi$LKj-EsHt6&"
"berenice.gelder@edu.tbz.ch"|"5u8#x4-mVoiGm-Udrl8E"
"melanie.ofogerty@edu.tbz.ch"|"whrH%S-REw8Xz-abRR%3"
"frederique.canepe@edu.tbz.ch"|"a8G4g%-JrM5$U-K2VyU6"
"nuo.otton@edu.tbz.ch"|"Uuk%NS-nksuO&-ew23Dp"
"genevieve.trusler@edu.tbz.ch"|"Nr9zVo-M4HU%j-P$8BmB"
"ju.boag@edu.tbz.ch"|"Q3lQfV-sT113B-HaV%qi"
"josephine.dilucia@edu.tbz.ch"|"xLpjJj-qCdYc1-uli9av"
"laurene.armsden@edu.tbz.ch"|"JltRzZ-ub3cIE-xSfq3r"
"becassine.griffe@edu.tbz.ch"|"FpF9Fj-M0eN2g-njt&wL"
"alois.parres@edu.tbz.ch"|"0upO2m-7Pf92l-l7WYYI"
"cleopatre.gaffey@edu.tbz.ch"|"Sz&RkZ-O$8&qX-CmJ&nR"
"andre.stiger@edu.tbz.ch"|"HmYo&F-wdNxMm-P%XxDL"
"beatrice.godleman@edu.tbz.ch"|"hc2n0v-mYmEn7-oz47VC"
"hakan.harrhy@edu.tbz.ch"|"aoD%Ig-7zHaES-50uWLN"
"celestine.dagnan@edu.tbz.ch"|"AooHV5-q07tsS-u&MPGY"
"clemence.haggart@edu.tbz.ch"|"RG&stN-NtoqCa-bEuX0l"
"long.caban@edu.tbz.ch"|"dFE$aA-mgHLTD-c0ub#d"
"gaetane.grimble@edu.tbz.ch"|"C5Ud2k-WrwGri-i2iF&5"
"maelann.piwall@edu.tbz.ch"|"FsORC7-Q66gv1-wJejxY"
"magdalene.loble@edu.tbz.ch"|"%sdqYB-I2NKaR-@LBhAB"
"veronique.domaschke@edu.tbz.ch"|"@lld$O-MKGEdK-DeFVFF"
"clea.herity@edu.tbz.ch"|"lE8yi3-QQDNWN-xP4Inn"
"maelann.bambrough@edu.tbz.ch"|"K#PT3@-Z1zcS&-JigYWc"
"clea.goulstone@edu.tbz.ch"|"$Y1nHt-RWpzGZ-JrSAYA"
"renee.deleek@edu.tbz.ch"|"l6qgty-3DnigV-N3$u#F"
"boerje.rudderham@edu.tbz.ch"|"6j3y3P-RrwDGn-5s8fJQ"
"marylene.broune@edu.tbz.ch"|"vFOA@A-90SF#W-dDb4@Q"
"nadege.mccuish@edu.tbz.ch"|"pDhLcX-sKqyEC-$Pgy@F"
"anael.littleover@edu.tbz.ch"|"Rqns1X-BmFaUJ-IOssbH"
"lie.baume@edu.tbz.ch"|"dycoqI-kdx62g-CSx8mw"
"maella.murrow@edu.tbz.ch"|"FBLZt8-P3Ytqs-pgUvUM"
"cleopatre.pettifor@edu.tbz.ch"|"Hxa@cr-f8llHP-LcbFuO"
"geraldine.asker@edu.tbz.ch"|"PRy$Pb-as@plU-8ChDLP"
"gaetane.smedmore@edu.tbz.ch"|"eqFa5l-mvDSA6-MWpfN8"
"meryl.blencoe@edu.tbz.ch"|"dBP7Fq-J8L#KR-Q9MSB#"
"aurelie.chastaing@edu.tbz.ch"|"vXt4b3-toscYU-io56zM"
"oceanne.marthen@edu.tbz.ch"|"r4Oeze-3UvG9m-qzTC2@"
"dorothee.burrill@edu.tbz.ch"|"B59dtr-&ZOE8q-uJYhkM"
"hakan.belden@edu.tbz.ch"|"vkXzKt-0Hgvb6-RutGQT"
"celine.brunning@edu.tbz.ch"|"zQfU8b-5BcBwK-6lmesC"
"anael.lapides@edu.tbz.ch"|"3wnRwl-Jrf2Pt-qJR8Hb"
"ruo.saffran@edu.tbz.ch"|"Zce65N-6Usw%Z-K0#&9L"
"loic.gerretsen@edu.tbz.ch"|"vY7id8-3BEK59-rohzS6"
"rui.fitzer@edu.tbz.ch"|"tt3GiM-Qkl0q$-bJcJ7s"
"annotee.ogers@edu.tbz.ch"|"lYYB1%-nZioSj-n4O@eW"
"boerje.bindin@edu.tbz.ch"|"8uskgw-Z@JNII-74I2eS"
"ma.cronchey@edu.tbz.ch"|"UafuDM-obQa&e-Geru8T"
"laurelie.baiyle@edu.tbz.ch"|"8q924V-Dox2@$-5yGIvi"
"dorothee.older@edu.tbz.ch"|"2Q3&Ij-eEHLd9-Vkfhll"
"laurena.wile@edu.tbz.ch"|"D@GlwV-PEFL&2-LsdqrM"
"clemence.brito@edu.tbz.ch"|"MaYzjB-98fE@r-dhoFwc"
"nadege.dallin@edu.tbz.ch"|"EFilWy-7bJZrc-cAauFv"
"mailis.matley@edu.tbz.ch"|"B5JXdh-xtSUi6-6Afo@K"
"daniele.screaton@edu.tbz.ch"|"VRChX@-P@4z82-YSr@58"
"mediamass.godly@edu.tbz.ch"|"PP$BmU-uEVQ86-rTtWxi"
"leone.kremer@edu.tbz.ch"|"4xYbgn-uBt2CA-1jx7Jo"
"asa.adrian@edu.tbz.ch"|"&paAgH-xxUGTH-0#Tsyz"
"adele.doley@edu.tbz.ch"|"wuDsY4-BZdBoz-qjIzVH"
"fei.sidney@edu.tbz.ch"|"GspCID-JwYGhN-H6%qxk"
"marie-josee.walisiak@edu.tbz.ch"|"Phsy&X-MW2E8r-a7QES@"
"desiree.diplock@edu.tbz.ch"|"azownQ-Dshq4r-P$qN2v"
"gisele.schust@edu.tbz.ch"|"t9mfU4-XlZIs6-3i$ZTe"
"ma.longshaw@edu.tbz.ch"|"#clYNe-UZsucE-$AeMe1"
"da.boother@edu.tbz.ch"|"p@cLl%-P802qb-N&0fDT"
"simplifies.chaudhry@edu.tbz.ch"|"9Mc6hU-6Vt&Un-Xiciz6"
"garcon.baniard@edu.tbz.ch"|"hRp1U@-wqh%BK-nwx4I7"
"gaetane.elphee@edu.tbz.ch"|"CvFnXt-PT@eiz-3P5&TH"
"gisele.hassey@edu.tbz.ch"|"sb1H%u-@YV$yX-%a0e7y"
"oceanne.booley@edu.tbz.ch"|"o6hPvT-dzTkqp-bJL8&R"
"oerjan.dibden@edu.tbz.ch"|"2p8TX#-22jRQx-1#uQjV"
"regine.ocleary@edu.tbz.ch"|"ohAW2S-grCvuw-SYu3mb"
"selene.persse@edu.tbz.ch"|"d&YjCW-R4Bmf1-Ci$n%d"
"helena.adenot@edu.tbz.ch"|"#LzWju-jk0EZk-YWWaBq"
"maelann.wassung@edu.tbz.ch"|"J3J%hE-RRKse4-5%Bkit"
"frederique.ackermann@edu.tbz.ch"|"zcQ@SY-eAyZP&-YP2geV"
"audreanne.kahen@edu.tbz.ch"|"z&iOz2-SgscjE-XNpwsM"
"maiwenn.lasty@edu.tbz.ch"|"b8p3a#-LaqiZW-pvHJ5V"
"yu.dictus@edu.tbz.ch"|"YPVv2Z-IHb8aU-bZA4EM"
"anae.dukes@edu.tbz.ch"|"2bvWIQ-0Q0d3W-nUcB#I"
"yenora.warr@edu.tbz.ch"|"RV#Asd-Zz5R3c-G9EJad"
"esbjoern.archibold@edu.tbz.ch"|"4e9Bc@-DHgl@b-$fWS9o"
"milena.pardal@edu.tbz.ch"|"bGLV@p-3svW8r-EY604S"
"celestine.graveston@edu.tbz.ch"|"rRg$f#-MgVnV0-d8@iPb"
"maena.dallas@edu.tbz.ch"|"OOLx@J-uDr83@-te@ZHa"
"andree.tuke@edu.tbz.ch"|"vFwV&b-jvvAQV-g5O4NJ"
"methode.seldner@edu.tbz.ch"|"WumBh7-WIE0Yr-#9sTQx"
"venus.bullas@edu.tbz.ch"|"cj2a4Y-CzoxHI-X@g1c%"
"mans.aguirrezabal@edu.tbz.ch"|"4sQbBO-d$Clzx-FBrFFa"
"gaelle.eadington@edu.tbz.ch"|"sgV2u4-UgwW9c-PNjKSL"
"anaelle.falkner@edu.tbz.ch"|"D9vww8-esOk0f-5zTOLK"
"ophelie.height@edu.tbz.ch"|"iCpokA-HJBXX8-GNaX3c"
"marten.bolding@edu.tbz.ch"|"d2E@7s-wrevTr-k32wfA"
"pelagie.guswell@edu.tbz.ch"|"3O2avt-f8HY7E-usNb%l"
"gwenaelle.lecount@edu.tbz.ch"|"zkW91#-@08Z8c-BXmm2A"
"hakan.laden@edu.tbz.ch"|"2ClioW-@OPZjS-kbhXiE"
"marie-josee.hylands@edu.tbz.ch"|"YKthje-41Ar7g-68bJNF"
"zoe.kingshott@edu.tbz.ch"|"ksKxtX-%2O$Gl-cuC1K7"
"josee.janous@edu.tbz.ch"|"Jn1PiI-zQ9YwB-UpFTBe"
"laurene.gallally@edu.tbz.ch"|"BqOh18-j3jpks-GrD@ps"
"anael.bickle@edu.tbz.ch"|"i6dvHi-L45qfo-RG6c%0"
"mediamass.lebbern@edu.tbz.ch"|"j%upjg-rQLaC0-TUhkbe"
"berengere.hovy@edu.tbz.ch"|"fYhSJL-RZ#9Ps-HdiEwu"
"oerjan.kilmurray@edu.tbz.ch"|"%KILVK-KMp8%J-soJKLl"
"asloeg.venny@edu.tbz.ch"|"XYgrT7-DjaO#r-ZOu0B%"
"marie-noel.stoad@edu.tbz.ch"|"12C%BC-vEtmUV-QuEu#p"
"hakan.pettifor@edu.tbz.ch"|"e$jfRT-&ogCnk-eXVfSa"
"maella.willgrass@edu.tbz.ch"|"ST&jVK-6KqhUQ-DMGKGg"
"therese.ludovici@edu.tbz.ch"|"MjzRL&-ijAz0L-G8OWSJ"
"stephanie.trewhitt@edu.tbz.ch"|"MTyLXB-pVcY0m-zokw6Q"
"maerta.bauduccio@edu.tbz.ch"|"YNN8My-n0Jv@u-ek7iLD"
"gaetane.glaisner@edu.tbz.ch"|"bXDGHa-D$ocB8-MpH&F0"
"naeva.pargeter@edu.tbz.ch"|"OETyjV-Z#e98K-DVpitN"
"salome.venable@edu.tbz.ch"|"2#XK9f-Puakis-TyKC13"
"boerje.thickett@edu.tbz.ch"|"2iHAqn-2Tpvft-TH%xvE"
"lucrece.prendergrass@edu.tbz.ch"|"4VH#eA-Xnhp73-Hbnuen"
"laurene.ockleshaw@edu.tbz.ch"|"5H$j92-a5v2a&-0RUIdB"
"cecilia.pasticznyk@edu.tbz.ch"|"$DwRV6-m#9E$m-nYmyWN"
"stevina.mackey@edu.tbz.ch"|"GS4%PJ-wECxKB-t&ZH9U"
"marie-noel.reven@edu.tbz.ch"|"IDjv3H-GP7GLj-OoGp72"
"melina.quilkin@edu.tbz.ch"|"A0USUv-KGMD9p-EWLQ0i"
"marie-noel.ferrie@edu.tbz.ch"|"gHPxUb-2gZcJN-ljTEVs"
"leone.alphege@edu.tbz.ch"|"yQR1OW-ujl3w3-spC3ul"
"zoe.leverson@edu.tbz.ch"|"kLDndU-5lGNgD-GI%R$t"
"annotes.grayne@edu.tbz.ch"|"BNrcE#-fxu$m3-At0SKx"
"faites.lalley@edu.tbz.ch"|"rY14EK-a&3DUH-eVJ6VR"
"adele.wallis@edu.tbz.ch"|"HMCiFZ-QJfMAn-@3%r7X"
"severine.madill@edu.tbz.ch"|"bNz1SG-1IQJne-5G7bpq"
"valerie.tebb@edu.tbz.ch"|"BQFt8p-$tKwCr-$ruO@8"
"kalliste.rasper@edu.tbz.ch"|"svGhwc-6jsR9h-fBURIu"
"audreanne.palomba@edu.tbz.ch"|"sqb338-PYjtEi-dDGyfp"
"elea.adamik@edu.tbz.ch"|"baJCde-gvCRwO-DSqSAE"
"reserves.jakuszewski@edu.tbz.ch"|"kEisA&-9ymyYN-Fr9VED"
"athena.belhomme@edu.tbz.ch"|"mhwLXG-8M$nCv-FoVWIq"
"rebecca.crippin@edu.tbz.ch"|"5fPXtZ-1kfgPh-7046Ef"
"maiwenn.curman@edu.tbz.ch"|"OfCSIJ-omHx2a-TU@abX"
"andree.bunner@edu.tbz.ch"|"0zMSpI-6ol&1X-nYnRBz"
"ruo.winckles@edu.tbz.ch"|"E@iFtF-LmjKVU-tPYRC@"
"naeva.buntine@edu.tbz.ch"|"A@ZBj1-zj2klW-Q5nhna"
"boerje.dollard@edu.tbz.ch"|"VO29xI-3Oy$p%-fs%n4U"
"penelope.gorman@edu.tbz.ch"|"hjuigN-lvLxf%-nPayok"
"alois.robelin@edu.tbz.ch"|"tfBEuP-8vx4AZ-3XfJMX"
"anaelle.tindle@edu.tbz.ch"|"OdsDYB-b5UoR%-p52QKT"
"ye.frears@edu.tbz.ch"|"fDzUq9-@4UGh&-XPU3C&"
"andree.ovid@edu.tbz.ch"|"9@UmrT-EIEjaU-%oBvCk"
"hakan.peat@edu.tbz.ch"|"K6VWoi-RNH&Vv-7P8bNr"
"andre.januszewski@edu.tbz.ch"|"%njV0x-QUsvZ4-YgU1hH"
"annotes.clemmett@edu.tbz.ch"|"0o5Tpg-rem#jg-1MXWpi"
"pal.lambswood@edu.tbz.ch"|"rCIM3F-PXbBLE-3OJTDM"
"yao.lenton@edu.tbz.ch"|"3sft47-R5OdH2-kYR%Ti"
"hakan.boyton@edu.tbz.ch"|"$9u6h2-x8MW3R-i33iq0"
"nelie.forsey@edu.tbz.ch"|"5x&MZG-2meOUK-Tjj@vD"
"hakan.horche@edu.tbz.ch"|"WFHZVj-ALgrg#-D1Yeh#"
"lorene.sinkings@edu.tbz.ch"|"bmH#gT-&4jsn1-jGzrxV"
"marie-therese.creddon@edu.tbz.ch"|"w#MAtz-afRchA-qHIdiJ"
"berenice.tolworthy@edu.tbz.ch"|"THmgyl-f$oHMt-0qWMvN"
"theresa.land@edu.tbz.ch"|"Krj#tG-Pd5&4x-f9Hn37"
"marie-therese.gianilli@edu.tbz.ch"|"cA5wzO-zamTIK-eCYhIl"
"meryl.glew@edu.tbz.ch"|"PoQ4CH-evD&a0-mLbjWD"
"adele.debling@edu.tbz.ch"|"7iIOua-x#%59J-Lvl2he"
"anae.metzke@edu.tbz.ch"|"10oK%X-GVy&UK-cVyi@g"
"gaetane.gooden@edu.tbz.ch"|"t3S1bF-FxdE7d-ogP3@4"
"laila.bootland@edu.tbz.ch"|"Oy%XSd-7pGZFR-TRMqHP"
"maite.helsdon@edu.tbz.ch"|"mcKju#-1UlQZU-LB&Vbf"
"andree.malley@edu.tbz.ch"|"KFwDNo-NI#UDb-neHrG$"
"pal.simmens@edu.tbz.ch"|"8S#xvx-btlcB4-7XDqan"
"maelys.nuccitelli@edu.tbz.ch"|"%W&w3c-sCvrXu-H&99wR"
"dafnee.sibary@edu.tbz.ch"|"nGS%M2-xbJzIi-ElY6zK"
"alois.harsnep@edu.tbz.ch"|"Bfg2Tz-qDoy1r-g@j9gN"
"marie-helene.lacky@edu.tbz.ch"|"jDYjLA-MnuWjk-Gib44C"
"mylene.youthed@edu.tbz.ch"|"Jw5wvv-2IxJfq-V1qx0i"
"marie-helene.dehmel@edu.tbz.ch"|"K2tw5x-w%Jmz2-%l$cCQ"
"angele.batman@edu.tbz.ch"|"2o$5Wi-X1I$IC-AxbF1F"
"melia.younghusband@edu.tbz.ch"|"bAY1dF-riDLvE-QuB6XY"
"eloise.baldi@edu.tbz.ch"|"Cgvygz-fjN3h7-qh%h75"
"illustree.dun@edu.tbz.ch"|"&vVEL2-zQzL&4-#ryS3K"
"genevieve.late@edu.tbz.ch"|"YCR57C-V9aoKe-qsct#V"
"celestine.colville@edu.tbz.ch"|"lG88uG-QL$6&@-adCld8"
"gwenaelle.scarlon@edu.tbz.ch"|"UPMr1%-mXTM8e-#pfvXl"
"regine.boddie@edu.tbz.ch"|"8IfEj9-aLg4Y#-kYWhy7"
"creez.gaughan@edu.tbz.ch"|"BWpTlj-mw8Yw1-SRBJVw"
"gaia.longford@edu.tbz.ch"|"tH011k-oCj$8P-9YvAgD"
"mailis.buckby@edu.tbz.ch"|"jYyGz4-FNN2Dz-H4kzw8"
"song.parbrook@edu.tbz.ch"|"dkQ9PM-wkGGC@-%y@Bik"
"frederique.heddan@edu.tbz.ch"|"nc4oVc-Ux5qjP-gNIRLt"
"ake.kirtlan@edu.tbz.ch"|"kLoZtQ-3pbZYk-$&NI@x"
"nelie.runciman@edu.tbz.ch"|"qqetvi-QcKkiZ-rDbAat"
"mailis.cardnell@edu.tbz.ch"|"#yF%ph-MK9lNW-gl3WpJ"
"irene.navarro@edu.tbz.ch"|"GdcTRr-xL5U1n-8wX$9C"
"maite.cough@edu.tbz.ch"|"vmBP%A-K3R0fV-DEeIzb"
"anaelle.stocky@edu.tbz.ch"|"q%jxSB-$RBqYs-ycFccX"
"methode.moulder@edu.tbz.ch"|"ZKZyP9-AeNwY1-0&GShh"
"po.stafford@edu.tbz.ch"|"M6m1s3-qX%PKq-XJcaf4"
"faites.scraggs@edu.tbz.ch"|"GdHpdw-9AGPX1-kU1r89"
"adelaide.dullard@edu.tbz.ch"|"pVKfo%-m4Izty-qESw@n"
"desiree.leonard@edu.tbz.ch"|"eFXIGz-3dIvLJ-rRzSBM"
"geraldine.badgers@edu.tbz.ch"|"1QELjE-3oUYba-A1IND%"
"ruo.masic@edu.tbz.ch"|"JPcSVy-Cm6FpR-YW8AOQ"
"aurelie.lieber@edu.tbz.ch"|"mxLZb8-qvlAOA-&VsDwJ"
"naelle.balcock@edu.tbz.ch"|"HgniDV-3%CdJ2-pJhX7R"
"camelia.elger@edu.tbz.ch"|"U3zA0Y-&Qy3pe-Wfr2jD"
"publicite.oakeshott@edu.tbz.ch"|"ccWNy2-c05CF&-Qww4Dr"
"cleopatre.fawley@edu.tbz.ch"|"RA8bhm-hDJWjU-uDF7Yv"
"laurene.bruckmann@edu.tbz.ch"|"#Ps2v2-nwocYR-poZKjv"
"rui.haughton@edu.tbz.ch"|"uDfXVe-YVadtk-9VrtsA"
"asa.ladewig@edu.tbz.ch"|"mk7LcO-%svqk5-qYM3Sy"
"gisele.janecek@edu.tbz.ch"|"pVR%XR-hjfrto-tKp7@3"
"maily.loveridge@edu.tbz.ch"|"wXz6t9-Ea7V#n-XwU2rM"
"marie-eve.yurkiewicz@edu.tbz.ch"|"BkkUA4-zcY27a-2hGX6Y"
"fei.roder@edu.tbz.ch"|"%0a9KV-&qlmov-sKjqDF"
"edmee.chatburn@edu.tbz.ch"|"zlwJTP-bu39&y-ISOM5G"
"geraldine.darke@edu.tbz.ch"|"CfI8or-nFVEwT-ihW1PI"
"ye.jira@edu.tbz.ch"|"#olGbg-PVyZyu-p2ODyr"
"publicite.persent@edu.tbz.ch"|"P0Nx57-0B$6g8-6P8y35"
"severine.wilcox@edu.tbz.ch"|"EQlMlx-HhZ48A-uWMhy#"
"yao.mcclaren@edu.tbz.ch"|"FwySPJ-RRk6B5-fQ28Zi"
"theresa.foynes@edu.tbz.ch"|"uniA0#-gZRccr-VLwS9F"
"stephanie.isley@edu.tbz.ch"|"0$9bhp-dcEkIR-5XPUNo"
"torbjoern.growy@edu.tbz.ch"|"i@dAsG-H4sRfF-lyFl$Q"
"eloise.tunnadine@edu.tbz.ch"|"JDl&DM-VF$$Ks-b6miKN"
"maeline.cossentine@edu.tbz.ch"|"dUpt4b-$QkMsL-@lY%Bt"
"nelie.desantos@edu.tbz.ch"|"kpcMs@-u94YtN-XR&1Pw"
"gaetane.axston@edu.tbz.ch"|"Ve1&Mr-l1n4mx-POzKe7"
"aimee.merman@edu.tbz.ch"|"2Qo7@s-lEiSlN-&Z5W6e"
"oerjan.drivers@edu.tbz.ch"|"$WPBS5-EnNb7T-vjW3ZP"
"aimee.miroy@edu.tbz.ch"|"Ii4oCu-EBHmCl-FQftct"
"nelie.glyde@edu.tbz.ch"|"TNx8Fp-due&NN-XP$2xr"
"hakan.kapelhof@edu.tbz.ch"|"3Bg7#k-4pf1YF-BIzsUe"
"maelyss.cauley@edu.tbz.ch"|"7#%Bh$-$rwRPs-DooJvh"
"elea.vaggs@edu.tbz.ch"|"3XsfE9-UUpDB6-@%DM%u"
"maelys.but@edu.tbz.ch"|"4hR5YM-ycUcPF-jJ9szr"
"maella.arthurs@edu.tbz.ch"|"Wxyh7h-&buj9e-VsZQNx"
"adele.liebrecht@edu.tbz.ch"|"3z78yl-o1x4Hd-6EYg4h"
"meline.lomasny@edu.tbz.ch"|"ivGyS@-Rw4dH1-vOI3hd"
"mediamass.schwant@edu.tbz.ch"|"uU&W9F-r@qUei-$d9LXM"
"leone.saunt@edu.tbz.ch"|"GKygRv-9j96ZD-Nd@Vfk"
"annotes.gouch@edu.tbz.ch"|"Fjaqdv-3yrvuB-5Q74#w"
"gaetane.bowich@edu.tbz.ch"|"lGWD7X-m7TBsY-eTlKTR"
"alizee.strelitzki@edu.tbz.ch"|"dNXL86-abtunE-Rio@#D"
"leone.poile@edu.tbz.ch"|"HaaJOA-Xx@Srh-TrcniF"
"amelie.saban@edu.tbz.ch"|"VUOTFV-HuECEw-0Vk3kk"
"marten.mcmenamin@edu.tbz.ch"|"JE%vGr-u2YyYU-U5hzG1"
"becassine.keets@edu.tbz.ch"|"kNvez%-iUv$0T-UFElzA"
"celine.million@edu.tbz.ch"|"yCq4Jd-cdoQDQ-mgWEaH"
"geraldine.belitz@edu.tbz.ch"|"SruSoD-c1K2ck-8tGDmL"
"salome.mardling@edu.tbz.ch"|"nIxUFs-mCD&yx-s2WGMB"
"melia.blakemore@edu.tbz.ch"|"g9upih-WwBbkd-Z19ON3"
"dafnee.mcaulay@edu.tbz.ch"|"w24l1f-Det1Q7-vFyF6N"
"garcon.dennett@edu.tbz.ch"|"8ESZbY-QXWtMy-cO#0up"
"interessant.lesor@edu.tbz.ch"|"oiHGif-4oWPzJ-VP9B8&"
"annotee.wasbrough@edu.tbz.ch"|"9OuIhH-MyFtUN-u0URQ5"
"asa.ibbeson@edu.tbz.ch"|"ZC3jw5-LIz4OC-eTsRnE"
"maily.kennealy@edu.tbz.ch"|"dZv9EA-z2Y&Mf-MMlo6w"
"ye.seares@edu.tbz.ch"|"rHYmra-plEiYY-J@vwg2"
"athena.harbron@edu.tbz.ch"|"UU3Vs6-dLilac-gguqQg"
"andreanne.portail@edu.tbz.ch"|"gp#MEx-vu3sLJ-8C1C$%"
"goeran.zannelli@edu.tbz.ch"|"xL#pou-Ft9wmN-pXdctC"
"gerald.leathlay@edu.tbz.ch"|"Y#ymOA-UTJ9i&-wHrDE2"
"andreanne.chown@edu.tbz.ch"|"JUMSgh-YXeava-e10sF0"
"esteve.clementel@edu.tbz.ch"|"v#Wbxq-LeQSOH-gKnR5h"
"leone.legan@edu.tbz.ch"|"8zTU2m-6Xr1C$-IQ6jE$"
"maena.pownall@edu.tbz.ch"|"W@07#k-f7iAff-BFLHEn"
"andree.rettie@edu.tbz.ch"|"K0p5KS-SWEY3D-%&9d9I"
"ines.kenwrick@edu.tbz.ch"|"GsijiN-0v5Iv8-qer12V"
"marie-helene.yarnall@edu.tbz.ch"|"g5FhL&-0KmTG8-lU8$W4"
"po.martin@edu.tbz.ch"|"I1UST#-&eAxRj-uH9kAc"
"ruo.celiz@edu.tbz.ch"|"ol72mk-7NfLVI-oIKq98"
"po.bissett@edu.tbz.ch"|"$#zoat-xS%rkv-9UU&a8"
"du.swindon@edu.tbz.ch"|"onb#4F-KAvE9A-95E&uP"
"interessant.gouldthorp@edu.tbz.ch"|"8eZIKp-vF8wwi-G8iMoG"
"leandre.lilburn@edu.tbz.ch"|"Y#VvI7-HW#Usr-$&b1&7"
"bjoern.whales@edu.tbz.ch"|"YBIV&K-FKU58P-&a2Iu9"
"interessant.dieton@edu.tbz.ch"|"oqOCg9-HTG5q8-ReS7#H"
"celestine.redhills@edu.tbz.ch"|"7qrJXN-nIK2ca-SP4t6t"
"tan.yakovlev@edu.tbz.ch"|"U6Ldp#-gVXdA8-%I$Nw4"
"regine.mcdowell@edu.tbz.ch"|"WBBDQr-SFki4g-qlHmpT"
"ju.coysh@edu.tbz.ch"|"DwxpAy-9A4Smd-k@qX3d"
"reserves.ofallon@edu.tbz.ch"|"Imx$7n-iz8p8I-YOJK&Z"
"frederique.sobey@edu.tbz.ch"|"F0wxd8-OFt7Lc-2ac7SO"
"marie-eve.garstang@edu.tbz.ch"|"awI4Xe-0Z1GL6-eFStmo"
"andre.tapin@edu.tbz.ch"|"SInc25-xXUn7R-imUKpf"
"esbjoern.eynon@edu.tbz.ch"|"QTB3j&-U3eRLu-4iibMm"
"maella.duffy@edu.tbz.ch"|"fDNq0&-%zXRlS-XVyHOm"
"leandre.twinning@edu.tbz.ch"|"7If2t2-YGUXe7-i#2TUk"
"mai.whittingham@edu.tbz.ch"|"rWOllt-zewHuW-JrGO5M"
"rachele.shevelin@edu.tbz.ch"|"zry%Tj-mMQAyL-Vor2dJ"
"cecile.mcure@edu.tbz.ch"|"JQjEt1-N42#1F-w04kO3"
"marie-eve.yurkevich@edu.tbz.ch"|"D6SeE9-%ZuY5g-FWQktk"
"almerinda.paice@edu.tbz.ch"|"0C7d%G-&uR$Q&-zv6&pH"
"rao.howkins@edu.tbz.ch"|"9UcoId-zepC4v-oao6fD"
"serena.pack@edu.tbz.ch"|"&I$Khh-wQ#Koc-0kDkOy"
"rebecca.mant@edu.tbz.ch"|"wfVjet-$h8etz-ggZ&fT"
"reserves.spitell@edu.tbz.ch"|"7ODdld-SaLQJF-D6kDsE"
"garcon.hamfleet@edu.tbz.ch"|"aZVvGV-Ql$VVz-uaNG34"
"methode.kerkham@edu.tbz.ch"|"Ti5zx0-R0UsUi-Y$Mpfl"
"pelagie.camies@edu.tbz.ch"|"pvNSbv-HCmSWF-dGV$35"
"josephine.macpharlain@edu.tbz.ch"|"%0KIzm-8YFeq1-Yw90uG"
"eugenie.mathet@edu.tbz.ch"|"3vCr@H-gSxvwl-i4vZkW"
"gaetane.brangan@edu.tbz.ch"|"FrYfhS-oWu7az-H$PGXU"
"michele.dewbury@edu.tbz.ch"|"d%arsz-zQht72-jZOmaS"
"eugenie.elcott@edu.tbz.ch"|"6M&QTF-%Yks0$-eAPa4J"
"megane.harniman@edu.tbz.ch"|"6yf38A-JV@YzF-zX2w3n"
"agnes.cluney@edu.tbz.ch"|"$@BK$m-pj%Z@Q-xnMXJW"
"marie-helene.angear@edu.tbz.ch"|"BsQ82L-HghB8F-ffi1V5"
"melia.dolphin@edu.tbz.ch"|"9mWz9A-rrc%6T-Qm%HtK"
"lois.ruseworth@edu.tbz.ch"|"Sp5wlA-uCz#yr-zEYjSA"
"mailys.ryding@edu.tbz.ch"|"7qlDVi-#uDYtP-qLDonX"
"rachele.wulfinger@edu.tbz.ch"|"8RB@E9-GzHKd1-TTRcUV"
"gwenaelle.talton@edu.tbz.ch"|"KKbhMG-xJODs3-bXK742"
"long.ronchetti@edu.tbz.ch"|"IUA0BB-XiQf%J-bOwjCo"
"styrbjoern.kloska@edu.tbz.ch"|"#0lJdT-C2I@cr-GV9E&3"
"len.sudran@edu.tbz.ch"|"ep9nGq-p0k4GD-9Biu&7"
"maelle.andrysek@edu.tbz.ch"|"aKhfMF-yusOpH-@55eqq"
"selene.senior@edu.tbz.ch"|"MhpLQ6-EITgA&-a$OIg9"
"anais.joskovitch@edu.tbz.ch"|"SoVILR-5A2uKk-iCmspl"
"marie-noel.dally@edu.tbz.ch"|"UpV0v%-8RLP9K-25IqWX"
"marie-helene.laurence@edu.tbz.ch"|"X#BlM5-mohZDH-pVCHt8"
"camelia.foxon@edu.tbz.ch"|"RJLuEy-acGYKD-jJZMfG"
"helene.cankett@edu.tbz.ch"|"hE%WF@-%$p2wK-eZE%9c"
"marten.mitchelson@edu.tbz.ch"|"P&6FQ$-f2@YBH-P&0SiS"
"helena.stirtle@edu.tbz.ch"|"4hB0j9-urn%5E-%&LX2G"
"leane.barmby@edu.tbz.ch"|"bwldrT-3miXOX-aYXS0g"
"goeran.ofinan@edu.tbz.ch"|"BjO1o9-7uC8Tr-KqDoqq"
"styrbjoern.proby@edu.tbz.ch"|"&kS44P-2DmZ2s-4JrO%p"
"zoe.halse@edu.tbz.ch"|"eq$qCy-HD4mR%-QF%joX"
"kui.drable@edu.tbz.ch"|"3BpDVz-#RAW#I-#$QSOY"
"desiree.bamford@edu.tbz.ch"|"IXUZvv-iKmmoh-g9zrnF"
"zoe.suller@edu.tbz.ch"|"CnzGU$-YX1NMG-fpWmNx"
"marylene.audiss@edu.tbz.ch"|"GclDx9-I6yC&n-yka3wJ"
"adelaide.poznanski@edu.tbz.ch"|"y1wdGm-qGkHky-NO6g8U"
"maella.coleyshaw@edu.tbz.ch"|"@vHEII-h#W&2a-Qws7pr"
"marie-francoise.gelder@edu.tbz.ch"|"TNiD&g-O0v79Z-ma2YLG"
"eleonore.chaffyn@edu.tbz.ch"|"BPvFRl-sqWAM2-14BQ6L"
"celestine.sikorsky@edu.tbz.ch"|"MUNOcb-3rd%Ab-wrmtUj"
"stevina.londsdale@edu.tbz.ch"|"kasFk4-7Ce#Nm-uvtOiz"
"maiwenn.nevitt@edu.tbz.ch"|"xEtkeA-LxnabL-A#d13a"
"magdalene.gerrey@edu.tbz.ch"|"w6Ank&-oUh7y7-nAec@C"
"becassine.latimer@edu.tbz.ch"|"syRjpc-EovKi7-U8IPNs"
"da.lethibridge@edu.tbz.ch"|"GJ@9gm-Ua$#cI-Tj2Uql"
"mailys.claige@edu.tbz.ch"|"TD0Cfu-GtAiDU-2FxDq5"
"maena.torbard@edu.tbz.ch"|"0OPKE2-KQrPIp-X7YD3P"
"solene.lyvon@edu.tbz.ch"|"aD$DG$-V76lcv-SO6neF"
"marie-therese.benbrick@edu.tbz.ch"|"$YexC5-Bv9wIG-2upphv"
"gerald.edmonson@edu.tbz.ch"|"138B1r-IIfchC-@#fNvM"
"ake.messruther@edu.tbz.ch"|"kVMqNy-YMz4Rp-m&vlbB"
"men.gosneye@edu.tbz.ch"|"gOna0v-y$x0vY-&QJBhJ"
"anais.jefferys@edu.tbz.ch"|"T6#Cxy-GGDinJ-APL4R&"
"publicite.tregale@edu.tbz.ch"|"Tb6Bhp-t8p0kF-fzyZkE"
"maily.santorini@edu.tbz.ch"|"RCp71R-K2LT7T-w4zzd$"
"ines.pioch@edu.tbz.ch"|"AgIhgH-PKesbI-vVy1xU"
"noemie.marklew@edu.tbz.ch"|"e5&4uK-Kk5aGs-mu73Aw"
"meghane.maccaffrey@edu.tbz.ch"|"9Ob$TB-Bvw81R-y@H#eI"
"berangere.ambrogio@edu.tbz.ch"|"F7v2Vq-2T$Ann-a#DzMa"
"mediamass.ryce@edu.tbz.ch"|"VLuyhC-NfFvLj-xUtqUG"
"oesten.ubank@edu.tbz.ch"|"CUE8$n-lAqrsa-71fE8T"
"melina.mackee@edu.tbz.ch"|"A85QRg-oaU#G&-QxvTss"
"theresa.livezey@edu.tbz.ch"|"iR#5Q4-IuQAKS-mmdOW$"
"clemence.weal@edu.tbz.ch"|"SOESkQ-bWDQZW-XWp&Ea"
"faites.overton@edu.tbz.ch"|"2IZD56-tMXZC5-jf2cex"
"clea.lindblad@edu.tbz.ch"|"e$pYIW-8LttGs-cVEN3A"
"josephine.roseaman@edu.tbz.ch"|"Q9#nH9-g0JcPo-ZoasCI"
"oesten.lowbridge@edu.tbz.ch"|"MT4lrz-eWcrX4-5TyWYA"
"marie-josee.brion@edu.tbz.ch"|"NJXaws-4ekdrq-@wgYYC"
"therese.basili@edu.tbz.ch"|"3sALG#-vw39vM-9FyFnD"
"melia.vertigan@edu.tbz.ch"|"LnmXUY-DzOxwe-2ZP8u2"
"judicael.saull@edu.tbz.ch"|"#RdwZB-xj%GZ2-te$aoV"
"selene.valentine@edu.tbz.ch"|"aDodpe-5lzpdQ-GSmOtr"
"verane.dunlap@edu.tbz.ch"|"6$TDlR-nRUxoe-Sf3z8x"
"meline.kinnear@edu.tbz.ch"|"bkMf4$-jdiCTs-st%a60"
"lei.luttgert@edu.tbz.ch"|"nWUjX%-W7JENw-b74QSM"
"styrbjoern.lathleiffure@edu.tbz.ch"|"Iv$rPE-TtD6oS-THwIuP"
"marlene.blasi@edu.tbz.ch"|"20In5N-kfs7sW-wML84P"
"mai.begwell@edu.tbz.ch"|"WaKq5O-I7Q0q0-d&OsXp"
"gwenaelle.kaines@edu.tbz.ch"|"4vgIyU-QKseqR-MiDDJc"
"gerald.adamthwaite@edu.tbz.ch"|"E686#$-pAdsRS-$AENFl"
"kui.hartfield@edu.tbz.ch"|"gkhqb4-8MW1ab-fp1WrH"
"salome.currao@edu.tbz.ch"|"Qimlrf-NpWLx2-h5OyI#"
"angelique.tixier@edu.tbz.ch"|"zPMPee-H3xmjz-v$Ub5J"
"ju.mcgragh@edu.tbz.ch"|"gmPAnL-fiwqGg-mnpE%E"
"dafnee.beachem@edu.tbz.ch"|"%TWPtb-wywXbx-wUie8P"
"creez.terlinden@edu.tbz.ch"|"HNEqFW-cTMLWl-76d40j"
"uo.mcskeagan@edu.tbz.ch"|"aTtGwK-Wbumbg-$IDjR&"
"edmee.mccaughren@edu.tbz.ch"|"QY3Stf-797mQ@-ugit@i"
"asloeg.cozby@edu.tbz.ch"|"XpWGC6-gwaaJl-bnzVo&"
"melodie.traite@edu.tbz.ch"|"AoLiXX-Y6f7F2-S3wLoH"
"dorothee.aindriu@edu.tbz.ch"|"Ul%XA$-REFbqi-@sO4bI"
"daniele.doley@edu.tbz.ch"|"r2GrXc-dy9N5Z-HXXgS2"
"mediamass.fairclough@edu.tbz.ch"|"BnSvr4-n8fi$O-e9&eSJ"
"lorene.rainforth@edu.tbz.ch"|"$dB8aq-R0Xd6H-0Y20DX"
"leonore.eyer@edu.tbz.ch"|"xZK8B&-FU##e3-wn68XR"
"po.spillman@edu.tbz.ch"|"11xhMy-0HS&TY-sqeXv1"
"cecilia.plitz@edu.tbz.ch"|"L62#uI-%COsKd-ESxkrM"
"lorene.ludlow@edu.tbz.ch"|"X@Tmnr-bh93Fi-5GUhk1"
"berangere.neligan@edu.tbz.ch"|"Z6pBg$-MBeDcZ-0KYPhg"
"simplifies.huggan@edu.tbz.ch"|"$#VbQd-SWcFWR-2PJVnZ"
"clelia.prandy@edu.tbz.ch"|"33dy$o-WLhL1K-56irOp"
"ake.osban@edu.tbz.ch"|"UcJhKs-DnsSL4-rpX05n"
"cunegonde.brunn@edu.tbz.ch"|"c93jgu-rkVgCW-UIB7na"
"long.grizard@edu.tbz.ch"|"%HUFVT-3$ycGy-u#rXv%"
"meghane.diss@edu.tbz.ch"|"EPJyG9-WtkPnl-saeeHx"
"therese.oldman@edu.tbz.ch"|"wX8&ed-OFB$Z5-l%Hy$2"
"boerje.scamerdine@edu.tbz.ch"|"l0TFyD-$ZE7Tt-d%xFwH"
"du.saban@edu.tbz.ch"|"mAHJdl-pFAHBi-1%oF2Y"
"hakan.clynmans@edu.tbz.ch"|"PGj$@Y-roex#C-pUWRsc"
"wa.macdowal@edu.tbz.ch"|"XEJbjB-y4KFEb-ja85@0"
"venus.hatrey@edu.tbz.ch"|"fb$280-AGWTpw-AVPKgp"
"anaelle.vispo@edu.tbz.ch"|"WTEdso-bntIij-o$jHb$"
"mahelie.ollcott@edu.tbz.ch"|"H3slBR-#ceQgh-KNvPuS"
"mediamass.whyman@edu.tbz.ch"|"6Gqa6$-#lbbH1-znH#S@"
"esbjoern.basson@edu.tbz.ch"|"5SVpnS-7XSn86-LXTy%M"
"andrea.morrill@edu.tbz.ch"|"NP$#ly-RH7NG2-Hv6GeG"
"melys.grassi@edu.tbz.ch"|"pu4buY-nGY1#E-9uT@9f"
"leone.poleye@edu.tbz.ch"|"rbFAfi-mp4r&z-M5Pcgm"
"francoise.penny@edu.tbz.ch"|"cgAOph-X9ZYQH-C#Ohc2"
"rebecca.edney@edu.tbz.ch"|"SWSvzJ-IQ$fJV-$3iXce"
"adelaide.murtagh@edu.tbz.ch"|"XN67Sa-uSC#XP-j4qdzf"
"stevina.winterbourne@edu.tbz.ch"|"YBXnbj-RkVsS9-IBda8V"
"ma.cottom@edu.tbz.ch"|"%ArBem-&uVa&Y-elqvYM"
"tan.harold@edu.tbz.ch"|"B7#4ho-beCuC7-6DouUx"
"venus.forte@edu.tbz.ch"|"QmSorc-RW#GbH-ffQZZC"
"almerinda.oluney@edu.tbz.ch"|"IlQw@K-NksNtf-o8rszO"
"cleopatre.brehault@edu.tbz.ch"|"ZamJvC-7lAMu%-5iCyj8"
"interessant.lapides@edu.tbz.ch"|"iDVHG0-P@Y%Bi-LQ$1iT"
"reserves.hallatt@edu.tbz.ch"|"ZVNY&R-tJpGht-Lt0Hv6"
"annotes.birdwhistle@edu.tbz.ch"|"ZN3NVS-Abeyz6-hH2&NR"
"ai.dredge@edu.tbz.ch"|"FqdrVQ-qsaMIb-51RzMt"
"megane.mussard@edu.tbz.ch"|"KUDNoJ-ZuHI@G-j0HE3H"
"esbjoern.gowrich@edu.tbz.ch"|"Tgt%Uq-tegF&L-4avXfQ"
"boerje.brislawn@edu.tbz.ch"|"AUro8%-VMmLCl-JVv7tB"
"becassine.wilce@edu.tbz.ch"|"IIu#e8-lhdJ69-oVVlSi"
"personnalisee.oels@edu.tbz.ch"|"9IICMO-jVSnQS-Sm@BPq"
"verane.pett@edu.tbz.ch"|"bOXg%Z-8dC#oj-MuwvNb"
"marylene.glewe@edu.tbz.ch"|"MgRW9F-R4sA67-K@cqgQ"
"lai.elson@edu.tbz.ch"|"xkxMVO-W3ZKvD-rsrirF"
"serena.difranceschi@edu.tbz.ch"|"gH5jtx-cmPLJh-1jurXL"
"lie.espinel@edu.tbz.ch"|"sx3Oli-yFcvTk-8p7AFK"
"marylene.fantini@edu.tbz.ch"|"5v$ZRf-7uNo6K-C#4KGT"
"andre.archdeckne@edu.tbz.ch"|"$@9ANL-Uxw11R-V0Vi85"
"goeran.bohlingolsen@edu.tbz.ch"|"tmNK31-xOicnv-aVN&hR"
"cunegonde.heffer@edu.tbz.ch"|"q8mPAj-VoZBgp-YGdH%T"
"tan.fechnie@edu.tbz.ch"|"@sT0xi-9jL8mB-13VF5E"
"marie-noel.brammar@edu.tbz.ch"|"w76cjE-5ozCnX-f9EEFh"
"simplifies.aven@edu.tbz.ch"|"B0466D-ldHt4D-p0Q1C2"
"melys.pinchen@edu.tbz.ch"|"TetU@&-ZCrIIA-%V0TZ$"
"edmee.joyner@edu.tbz.ch"|"ge81Ax-XKCxIE-zoUAux"
"berengere.edess@edu.tbz.ch"|"IuZr3i-hzxjEl-B&XuVq"
"marie-noel.goward@edu.tbz.ch"|"UE8vA5-ZhFuRz-ptgPhQ"
"ju.edmons@edu.tbz.ch"|"G1NjcD-MRbzOu-qvj1lu"
"frederique.airds@edu.tbz.ch"|"TOxsG8-IzJ6Wd-rnzBQZ"
"reserves.dauby@edu.tbz.ch"|"aHj6Kr-7DRlhw-7okCje"
"hakan.gynni@edu.tbz.ch"|"uscW$x-n93RJR-WpsnQj"
"leonore.pinwill@edu.tbz.ch"|"jDXkpC-tAX1s9-eKC5Fi"
"marie-eve.mcallan@edu.tbz.ch"|"i&3m9T-WJun7V-U0zmTZ"
"naelle.yeabsley@edu.tbz.ch"|"6dhUA6-ymNYrj-7LpBtI"
"nelie.jacobovitz@edu.tbz.ch"|"asZzP2-XrWKcp-8zaTlq"
"adele.conelly@edu.tbz.ch"|"akIUwu-HzitbW-3MsHOS"
"clementine.dondon@edu.tbz.ch"|"wWaHvQ-VQDNFA-#Yw53l"
"zhi.willcot@edu.tbz.ch"|"LS1TJY-7EtJkq-3V1ZEo"
"chloe.janicki@edu.tbz.ch"|"a6zep1-&VzSpS-LLTxnE"
"meng.linde@edu.tbz.ch"|"REOe&H-nIvLlD-Ya0A2x"
"celine.janisson@edu.tbz.ch"|"B1w$h2-Kegl&M-CVMLL5"
"clelia.crow@edu.tbz.ch"|"lNjFeY-o4DCRY-l40BoO"
"cecile.pyott@edu.tbz.ch"|"C2T8F3-U3BoBF-y5HVKi"
"ma.fidelus@edu.tbz.ch"|"T$4WOQ-lnc6EM-SISuIZ"
"marie-helene.poore@edu.tbz.ch"|"lPHj3h-oqahaq-@uHQyO"
"elies.blanket@edu.tbz.ch"|"H@t4qv-92UkOg-%drch9"
"yu.boyer@edu.tbz.ch"|"Su3vRG-ZGLQb%-MYmoqc"
"celia.welds@edu.tbz.ch"|"BDvVcG-P&luce-814Y2B"
"du.gunney@edu.tbz.ch"|"NGqA2@-pafquI-M2U4XY"
"goerel.crush@edu.tbz.ch"|"dx@t3Q-b5xKiE-r%MukU"
"marie-josee.brosius@edu.tbz.ch"|"217f6B-JavXNz-&XOnd%"
"camelia.adds@edu.tbz.ch"|"1XB6U@-$j#Oyf-5&hJqy"
"anae.irwin@edu.tbz.ch"|"RsULcE-czlDGG-VS&GCw"
"cleopatre.skeffington@edu.tbz.ch"|"H@tFaK-oV5Xl0-F2A6&m"
"gerald.suggate@edu.tbz.ch"|"8y7sDd-DWwhu8-FrCef9"
"laurene.tailour@edu.tbz.ch"|"XxlS0B-g#xZAR-xqG7P$"
"amelie.hoble@edu.tbz.ch"|"uc5UbD-n%I$pd-mDX3fj"
"venus.getch@edu.tbz.ch"|"6kT6Jh-j@0JfQ-J9ZrDM"
"renee.treby@edu.tbz.ch"|"Ux7bKx-1i7JAR-SUhCMZ"
"almerinda.stait@edu.tbz.ch"|"gMAZz%-9mXq1u-VCGt5U"
"andree.reddecliffe@edu.tbz.ch"|"4MKUlM-L#bmkD-hQHGVZ"
"leone.wintle@edu.tbz.ch"|"u7w08E-n3jElv-6DIVb8"
"gerald.fellow@edu.tbz.ch"|"CAZRZp-CWvH$s-MstsXM"
"ju.gudger@edu.tbz.ch"|"sIn3kJ-Jov@eL-rhK8Kz"
"meng.ohaire@edu.tbz.ch"|"k0iWya-v2Hb1#-TKhcgz"
"cleopatre.missington@edu.tbz.ch"|"A&DdJa-B7yxK0-HOJ#wx"
"annotes.debruyn@edu.tbz.ch"|"VUysgU-yyrYLq-W2Ee3L"
"gerald.sinisbury@edu.tbz.ch"|"XEpgwR-gg98bk-C10g#q"
"creez.slora@edu.tbz.ch"|"@f$gEH-pXywGp-xvSFW9"
"gisele.benbow@edu.tbz.ch"|"RzFSXM-j3qfAt-sA5Ote"
"pal.dossit@edu.tbz.ch"|"PbCkwy-$pvAu8-ogvJu#"
"nelie.stirrip@edu.tbz.ch"|"zeD0PL-eWQ&vA-n55T9W"
"alois.ocrigane@edu.tbz.ch"|"03GTsd-Bx8MUr-cP#DB0"
"kui.mcterry@edu.tbz.ch"|"uzXqi3-Pzzs$d-D06iQb"
"long.willgoss@edu.tbz.ch"|"qvpLl3-DAw1Ho-%P$cAD"
"francoise.sumpner@edu.tbz.ch"|"mRme7u-mQsS3v-#uUvWh"
"maely.grinstead@edu.tbz.ch"|"zDbR4P-ZjbC0v-y70thB"
"creez.langeren@edu.tbz.ch"|"kHnjwa-NhyI3F-N#@sjS"
"adele.dungate@edu.tbz.ch"|"HE4jbN-bfLBiQ-If#fPK"
"cleopatre.noirel@edu.tbz.ch"|"MRwX5o-MMzFjT-hNzifR"
"interessant.daverin@edu.tbz.ch"|"i0zMKR-SA&bxI-38oBLw"
"naeva.kalderon@edu.tbz.ch"|"OFAlbC-PWu6E8-315dZE"
"anais.oshesnan@edu.tbz.ch"|"e@Qoyc-MfXCw$-ylhT%e"
"judicael.anelay@edu.tbz.ch"|"7I%NPR-vQ4ZCR-yBCTXf"
"eloise.braxton@edu.tbz.ch"|"goy7CK-qnaj37-&1sZzU"
"desiree.greguol@edu.tbz.ch"|"D7ZQA8-6viOUu-&L8Fhd"
"maite.mcclenaghan@edu.tbz.ch"|"jatiE8-TAmyqo-&RC4@y"
"meng.doret@edu.tbz.ch"|"TNh3we-2Mg0XV-S@L&Nv"
"frederique.chippendale@edu.tbz.ch"|"S1xyGs-o5OUGc-&P8jA@"
"andreanne.lanney@edu.tbz.ch"|"j9W%kg-ZO#LTX-qhuokn"
"aurelie.claus@edu.tbz.ch"|"J@0xoO-XcHKDI-P8f7bL"
"renee.pabel@edu.tbz.ch"|"8W2tZi-EUNxKj-XF8kfM"
"maena.roust@edu.tbz.ch"|"blyxT0-lCCklz-E2n2Lw"
"nadege.carwithim@edu.tbz.ch"|"S5LEdm-MzDyvP-2&5GQJ"
"solene.geyton@edu.tbz.ch"|"CoJOc&-eXAgv5-GvotFG"
"dafnee.avraham@edu.tbz.ch"|"DQLeV1-vNAAUd-I9VUnn"
"leane.woolvin@edu.tbz.ch"|"L73OcY-cYTVHV-0jGGU9"
"adele.macadie@edu.tbz.ch"|"1PKp30-cW1EIM-bPbuV@"
"meline.rubica@edu.tbz.ch"|"31rk9p-mKfRh6-0NA@u2"
"marie-noel.speeding@edu.tbz.ch"|"fac9mb-hmg2hO-RDoT7n"
"nelie.mix@edu.tbz.ch"|"DSBQ32-cK8xXp-yfQP&p"
"clea.ollett@edu.tbz.ch"|"s&#5%f-ec&C9&-BiU1Ti"
"leandre.mcgavin@edu.tbz.ch"|"Exz2d6-qeCRgv-8TASK@"
"cecile.behne@edu.tbz.ch"|"ioVIcu-0twCV#-vElg1q"
"melanie.polle@edu.tbz.ch"|"&DE2tc-#YOnd$-7t&y%y"
"marie-josee.titmuss@edu.tbz.ch"|"OAPuGd-0uWg8Q-EEAtxn"
"helena.guest@edu.tbz.ch"|"$jsLo8-WqWt&Q-5fynyV"
"annotes.chicchetto@edu.tbz.ch"|"qPssZL-jGlOZ3-dZJTna"
"melia.tubb@edu.tbz.ch"|"$4g&jX-RbzapM-TduD%D"
"angelique.casetti@edu.tbz.ch"|"D6RSd6-dmaz9#-htjDsu"
"cunegonde.cleall@edu.tbz.ch"|"cH7MiI-O7zdeb-l85yDE"
"camelia.oaker@edu.tbz.ch"|"NMJ17U-S%y#ev-Ewn548"
"you.searight@edu.tbz.ch"|"9mwQQE-HGg4Ed-fWScI1"
"kevina.dederick@edu.tbz.ch"|"iROecE-7Mr#O7-9zVmTp"
"milena.jeffrey@edu.tbz.ch"|"4#tb5H-@LASZt-XBB5D7"
"melodie.barkshire@edu.tbz.ch"|"bRQyo4-ZeJfhg-qjsWWt"
"gaelle.kreutzer@edu.tbz.ch"|"VlT8@y-zxRpd8-g@zlcx"
"kalliste.kleinpeltz@edu.tbz.ch"|"dkb3Df-gwsc3Q-E7gKT8"
"clementine.danat@edu.tbz.ch"|"3&tjmx-oYQ%&#-HV#cbf"
"andrea.wabb@edu.tbz.ch"|"gmgZ34-aOIgUo-3fnwbG"
"geraldine.piesold@edu.tbz.ch"|"v&oQH4-AZQhAp-GGKkIK"
"tan.fiveash@edu.tbz.ch"|"S65iNv-Rzfnzw-qD3PUf"
"meline.yuranovev@edu.tbz.ch"|"J%59np-honlGh-xGFc#p"
"therese.holme@edu.tbz.ch"|"c6&CzP-IRLl%@-rjNHQ6"
"salome.vaney@edu.tbz.ch"|"&nxJGz-2n%V8a-gj@3AI"
"anae.abramson@edu.tbz.ch"|"wo&Rxw-dNX%xN-&8Yq3M"
"kalliste.jimson@edu.tbz.ch"|"llBdL8-@PKik#-ITRFgt"
"selene.yole@edu.tbz.ch"|"kOAoP0-iA46Ac-zkIHBS"
"agnes.defraine@edu.tbz.ch"|"ciWR7&-cW8XOs-h8xFqX"
"faites.mccluin@edu.tbz.ch"|"bPaysM-UOP7Tv-f7Sz42"
"athena.deme@edu.tbz.ch"|"OCvlIk-kwuUyy-OCGO7u"
"daphnee.brigstock@edu.tbz.ch"|"uc#s@3-Mn8ne0-y71j&C"
"goesta.skaif@edu.tbz.ch"|"y9lm08-P8zwxO-$CjaZX"
"oceane.jagoe@edu.tbz.ch"|"kQFx3Q-NXWKFF-coGTYl"
"annotes.broomhall@edu.tbz.ch"|"%Dn267-8aMOEX-LhKd6O"
"marie-eve.ballendine@edu.tbz.ch"|"&JYwEU-A$IF9x-WvAesQ"
"melina.spykings@edu.tbz.ch"|"dF12tV-S1&bwM-D@fSEo"
"laurene.ticehurst@edu.tbz.ch"|"qUjhp5-JbWXrV-ppE5Lp"
"fei.avramovic@edu.tbz.ch"|"3RDd20-e#SJFI-M$Rf7y"
"publicite.strathearn@edu.tbz.ch"|"zOQUWC-FQiC2J-ri9TcP"
"torbjoern.garrow@edu.tbz.ch"|"B1K4e1-32qXTR-ayesvN"
"chloe.rubinsztein@edu.tbz.ch"|"0M73DL-YOX2yA-hnQvpS"
"mylene.demanche@edu.tbz.ch"|"q#thOy-UsTk28-phik2r"
"mediamass.godlonton@edu.tbz.ch"|"WZ2mbM-3&9shK-hfZOzt"
"renee.shurrocks@edu.tbz.ch"|"&hixep-tcYN0l-@DLRxn"
"maiwenn.jedras@edu.tbz.ch"|"EVyM#w-ikhUqM-wMRblK"
"genevieve.castells@edu.tbz.ch"|"r8yDbh-nbQIf$-nxrI6N"
"renee.sneden@edu.tbz.ch"|"s8Uthy-1Z@zrO-YAfYQ5"
"lai.mccallion@edu.tbz.ch"|"Lc12Fh-1kdilB-U8cGUw"
"kevina.impleton@edu.tbz.ch"|"HmnnKZ-fMLDW$-Pe8h9P"
"oesten.fresson@edu.tbz.ch"|"I#OXHH-urb9gB-h&xFKX"
"verane.shawley@edu.tbz.ch"|"I%cf4k-@T3qYJ-4OKSw$"
"uo.sjostrom@edu.tbz.ch"|"er@BJA-2xHf76-V@mk@d"
"gisele.gothup@edu.tbz.ch"|"Jy#a@%-V&ZQWw-oou4uo"
"renee.beauman@edu.tbz.ch"|"EsjG48-K3wl&L-cMEYuL"
"elies.loton@edu.tbz.ch"|"yLclR@-w9oB4R-Yla@wg"
"valerie.elsmore@edu.tbz.ch"|"osh53T-&Kepib-fQ$0G%"
"berangere.delafeld@edu.tbz.ch"|"NGzdmi-IIi6GF-d$in@F"
"bjoern.schimke@edu.tbz.ch"|"RXgG9K-2DC7uv-KpDV4f"
"loic.ericssen@edu.tbz.ch"|"ZSU@2j-HR$YeI-PWh0rt"
"creez.richarz@edu.tbz.ch"|"R2aZeU-&kQOwl-cBDkSk"
"athena.grocott@edu.tbz.ch"|"bTt67u-Yeh7pf-MPsynm"
"naelle.piotr@edu.tbz.ch"|"80gYsW-fzMoW3-DgePWm"
"maella.paulson@edu.tbz.ch"|"pCYrg1-600Gm2-K##Qse"
"song.perot@edu.tbz.ch"|"6wH0Bb-mWd%uI-%i5dUT"
"kalliste.heckney@edu.tbz.ch"|"rrZtu@-7junrH-hwN@ds"
"ake.vasyutkin@edu.tbz.ch"|"srBi3A-kZjzxR-xjaruc"
"ma.castles@edu.tbz.ch"|"ugaOm&-IQsf23-&R3wZw"
"maely.monget@edu.tbz.ch"|"dL0Cns-N1M1o4-RviyzN"
"tang.durbridge@edu.tbz.ch"|"8&B66@-kWkMuI-HgrOGz"
"laurene.andrew@edu.tbz.ch"|"eM6ywq-hpdGQ$-2tF2HW"
"lysea.beacon@edu.tbz.ch"|"PlNWxV-E4&vn$-V@Kje5"
"leandre.peyntue@edu.tbz.ch"|"uufcC0-FUxD%t-6FTfg5"
"rao.trever@edu.tbz.ch"|"to%LDY-JP&6PH-qw7H%D"
"mahelie.streader@edu.tbz.ch"|"ZbWHCg-mSKnPm-mufR7D"
"maerta.andrejevic@edu.tbz.ch"|"73hm%s-ukzd@m-lLRzlq"
"goesta.tompkins@edu.tbz.ch"|"2u1o$$-$TH%ey-DA@Qll"
"helena.agates@edu.tbz.ch"|"Z$zDC&-gZEjnc-pUf0rv"
"therese.glass@edu.tbz.ch"|"f5pryL-mcJCrc-wrN#He"
"alois.foan@edu.tbz.ch"|"rNRBCv-vMbP%S-GZLtQJ"
"becassine.melchior@edu.tbz.ch"|"0sXRN&-2tv7S#-4OcUlX"
"cloe.robart@edu.tbz.ch"|"mSwCSd-gP3hfF-qoHoEQ"
"daniele.puckinghorne@edu.tbz.ch"|"jRy#0h-0HErw8-ScyqYN"
"selene.cammidge@edu.tbz.ch"|"MCxXzE-jZ03ee-F0eNsg"
"regine.conochie@edu.tbz.ch"|"wbFPK3-UP$5Yw-cHGIYp"
"interessant.tuiller@edu.tbz.ch"|"sWOzjb-jFFSYk-v5%hlN"
"long.tiebe@edu.tbz.ch"|"wFj2lc-8DJans-Pgl88M"
"mans.yele@edu.tbz.ch"|"q@3@I&-SUTp@x-ZBJwdj"
"ai.giles@edu.tbz.ch"|"z6Qd6n-Wcjtzt-dMIlk1"
"gaetane.hamberston@edu.tbz.ch"|"aGxu85-H5aaMs-gn$uab"
"marylene.fenix@edu.tbz.ch"|"F@h0Ik-cgPJ0k-t@$KbT"
"geraldine.graeme@edu.tbz.ch"|"mAv@Qm-eAeGCf-7Ak1B&"
"tang.kinglake@edu.tbz.ch"|"E55zqC-1kTUOa-nfuGxY"
"lai.challoner@edu.tbz.ch"|"zNTY92-2e&VbX-PCUkiZ"
"desiree.mattei@edu.tbz.ch"|"Yy#Ava-TUTWag-ceqRhd"
"ake.erley@edu.tbz.ch"|"W%#ngH-Xup@ma-fv6y%J"
"edmee.cavil@edu.tbz.ch"|"#@wB$#-X&g8yf-JybcZD"
"alois.moyes@edu.tbz.ch"|"2Tkc3l-jPHenc-FBoomZ"
"becassine.pitman@edu.tbz.ch"|"Wrwvre-M8okxJ-#InWQ#"
"ai.giacovelli@edu.tbz.ch"|"XC$o#y-uT9Ckx-mkxXsz"
"judicael.fruchter@edu.tbz.ch"|"lXqTRY-bkmftY-g0aQt$"
"mans.mogg@edu.tbz.ch"|"OQWip%-QB9Xsl-WTlvOh"
"gerald.foyle@edu.tbz.ch"|"PYzjTr-cqq#55-9fpSo%"
"wa.androletti@edu.tbz.ch"|"2jqsYO-ugir99-pe@9Lq"
"meng.ollett@edu.tbz.ch"|"yGfxo3-c%AKnA-OEIw4r"
"naelle.macmenamy@edu.tbz.ch"|"pagrqI-r43vBi-87ApPI"
"gisele.mcramsey@edu.tbz.ch"|"HRM@WN-#U2IAz-GqMFYH"
"meryl.scolts@edu.tbz.ch"|"aKPq7n-zy5cp0-fi&LVp"
"celia.bloxsome@edu.tbz.ch"|"$11HK3-cEWE60-ok%TLy"
"styrbjoern.stuke@edu.tbz.ch"|"vOU%Gz-iSQEJm-ep%uyw"
"felicie.gwilliam@edu.tbz.ch"|"bQl7dT-$nO4d9-PQh&UA"
"da.harms@edu.tbz.ch"|"M#$GAy-9o1ZzY-cCwVlU"
"celestine.baulk@edu.tbz.ch"|"uEUkmv-M$kqGM-rRjlGX"
"mahelie.blackledge@edu.tbz.ch"|"HpPWMy-e@YXhM-oUzkDt"
"meghane.salt@edu.tbz.ch"|"KlvWVh-lj@s2F-tie%s$"
"methode.paxeford@edu.tbz.ch"|"lvZfT6-Qe&sRj-vP8YL3"
"asloeg.milligan@edu.tbz.ch"|"GBt3Hs-bDCoWS-Z%heuq"
"you.pellman@edu.tbz.ch"|"afrw#d-9HiG%4-9wYX3X"
"loic.regenhardt@edu.tbz.ch"|"2vogQR-gkLkLY-U1u3UW"
"daniele.savill@edu.tbz.ch"|"F%x78t-D@pefR-%ihhqP"
"alois.cornu@edu.tbz.ch"|"mPbSci-EzGyv%-K6P6aS"
"oesten.govey@edu.tbz.ch"|"Lfv9jW-I7g2e%-OI92ih"
"marie-eve.louch@edu.tbz.ch"|"W4DZOf-uk0VQV-RI0&Ix"
"theresa.wenn@edu.tbz.ch"|"fTJXta-oFCHv4-rWk4dj"
"andree.eul@edu.tbz.ch"|"7fQOQV-1l$RjS-womygR"
"lie.paynton@edu.tbz.ch"|"TAVNI0-Sc@AzW-GZBHIf"
"marie-eve.girodier@edu.tbz.ch"|"Xx@sTC-Y1YWnC-Nh4IYx"
"marie-noel.smithe@edu.tbz.ch"|"ZnE3vQ-qIvAmo-ergmKk"
"men.bootyman@edu.tbz.ch"|"1lNGCb-q6Jm3u-UM@led"
"ku.sugg@edu.tbz.ch"|"cV5tK&-iNffJg-dlCk5C"
"lucrece.roseman@edu.tbz.ch"|"fnGo5A-5MzMUp-Kj59L#"
"zoe.annear@edu.tbz.ch"|"JcZ#2o-&BbrDS-p%VR5o"
"marie-helene.rennebach@edu.tbz.ch"|"Af8fQ#-ub%aKq-tNVJj3"
"lea.djurdjevic@edu.tbz.ch"|"qpIHVD-Lt7fBA-fJ5rvk"
"goerel.robert@edu.tbz.ch"|"Zeve@8-srsflQ-#eICH6"
"mylene.foldes@edu.tbz.ch"|"Wrx0kC-FxohUV-WMPB&c"
"faites.clegg@edu.tbz.ch"|"lKq2rH-iLvrx%-sd2nEq"
"marylene.crowcher@edu.tbz.ch"|"UXaOV%-H@tAm@-ABviuo"
"aimee.wimpeney@edu.tbz.ch"|"UAUs8M-N84v95-fPUY%o"
"renee.atkins@edu.tbz.ch"|"wq3b4v-xI%Vbp-msBrd0"
"rejane.cainey@edu.tbz.ch"|"iKEPK&-zrYRKZ-7%JhmW"
"solene.britney@edu.tbz.ch"|"@rRgCx-PlfdnK-YwTYZO"
"marten.shatliffe@edu.tbz.ch"|"rPP%rv-JgEcAK-ESu#2R"
"maite.issatt@edu.tbz.ch"|"C95Q9B-X%pRW%-h@5E%c"
"maelyss.edon@edu.tbz.ch"|"@Z5d4b-FMNkbn-XVhKHB"
"nuo.bamling@edu.tbz.ch"|"n&6vo8-Ci7hdm-I$uRy$"
"anais.edards@edu.tbz.ch"|"OcJd$f-Xum0YB-e@2#vo"
"mediamass.bromet@edu.tbz.ch"|"rw@D0v-o3g4C#-eboCgY"
"beatrice.kimbrey@edu.tbz.ch"|"aaav0m-#6SXx$-k@7N2r"
"ines.lawranson@edu.tbz.ch"|"N4gb0e-1OieeQ-kZrxtb"
"kalliste.scandroot@edu.tbz.ch"|"cB3zku-X%T0oT-kA%aO4"
"mans.barrowcliffe@edu.tbz.ch"|"K5FiR8-Ske&wh-AXxwDp"
"irene.couves@edu.tbz.ch"|"mn%n57-nQ@@I2-tMwwb%"
"milena.mucci@edu.tbz.ch"|"utt&4W-8UygAX-wO2xOR"
"naeva.cow@edu.tbz.ch"|"%aqOjE-OTQkrz-GGD&WS"
"audreanne.mournian@edu.tbz.ch"|"LShVb$-yB82HN-Jox5hk"
"melia.sinnatt@edu.tbz.ch"|"TsXe9f-PMzySy-uxbqd0"
"nelie.burnard@edu.tbz.ch"|"VBNsqy-hT7U8Q-Zk#dzj"
"clelia.ashfull@edu.tbz.ch"|"bqm7Uv-7S6RtR-lf6PMk"
"lie.macard@edu.tbz.ch"|"RAe6&U-kbsuC&-yJc9ld"
"valerie.matoshin@edu.tbz.ch"|"QfxUA2-RHt%2$-6EMrx0"
"anael.hatherleigh@edu.tbz.ch"|"93QBKF-nv1C$$-kaHYAQ"
"interessant.warratt@edu.tbz.ch"|"Pc5h3Z-YXsVXS-YZIj##"
"eleonore.volage@edu.tbz.ch"|"EMtsPb-XDu4pv-shnZG0"
"zoe.stebbing@edu.tbz.ch"|"NNeg&C-w#GcLt-AAVaPU"
"alizee.nye@edu.tbz.ch"|"yFdEOq-LEgzpq-KhJS43"
"celestine.bramley@edu.tbz.ch"|"y1BHoa-BUHc8Y-7rzrCb"
"selene.philcott@edu.tbz.ch"|"tzjtct-tT@UY8-ydyLb%"
"tang.newens@edu.tbz.ch"|"#T4L8r-H6JvXN-K&XBE%"
"annotes.powys@edu.tbz.ch"|"ul9C$@-aEu29t-DxtsU5"
"lea.matthesius@edu.tbz.ch"|"3SV6kK-Uf7Dxk-Wi1gds"
"illustree.garlett@edu.tbz.ch"|"V%d1z1-p@bSJj-OenQNm"
"maiwenn.meachem@edu.tbz.ch"|"CzVHGQ-ZFfuNj-eKKYJZ"
"marie-francoise.mcbrady@edu.tbz.ch"|"egznB3-uw$@u9-$Y&I8k"
"illustree.gimbart@edu.tbz.ch"|"jBUfIe-Ejn@3e-sGUYAH"
"melys.lyosik@edu.tbz.ch"|"ERJeuV-IAroW#-aL1OAG"
"marylene.mcnab@edu.tbz.ch"|"@FAipb-YQh@OJ-7eFWkC"
"gerald.blount@edu.tbz.ch"|"83TGY1-0xw5V8-dGBdNI"
"clelia.shakelade@edu.tbz.ch"|"dNbyS6-nu6bve-E3pAbL"
"penelope.cridlin@edu.tbz.ch"|"lQSdys-0lfOsB-N9VO0U"
"maena.okuddyhy@edu.tbz.ch"|"n#JtOG-Po$rTI-t&fGTs"
"athena.keynd@edu.tbz.ch"|"AvUdTQ-z98cmJ-FCb3tj"
"cloe.dwine@edu.tbz.ch"|"ayIoOC-1WIhX9-qzSRwJ"
"josephine.browett@edu.tbz.ch"|"QaHud1-usMz@s-nyy0D9"
"audreanne.oscanlon@edu.tbz.ch"|"GKSjkC-lW9sph-fyPHGd"
"fei.jeanequin@edu.tbz.ch"|"G0W3jZ-eXB4gR-S@W%ib"
"lois.gormally@edu.tbz.ch"|"3caVBv-mB0ub%-FxjXT&"
"marie-francoise.finnigan@edu.tbz.ch"|"imNvY9-jZQjO8-@vneNX"
"leonore.trussman@edu.tbz.ch"|"eBpuSE-WnQPMX-mz#89n"
"anaelle.trumper@edu.tbz.ch"|"RYtKre-75VwSa-9J7scU"
"clemence.dionis@edu.tbz.ch"|"hafMGu-VpXEk4-Ttu28d"
"lois.tranmer@edu.tbz.ch"|"jxM073-7H0wFL-CoxQ3n"
"interessant.volett@edu.tbz.ch"|"U@v9jr-Gn%uR&-GPk$v4"
"personnalisee.deackes@edu.tbz.ch"|"tBkoS8-DNbu2y-Fu@cAI"
"lie.vasiliu@edu.tbz.ch"|"1rxD1G-IbYtfo-74&UAV"
"dafnee.lamputt@edu.tbz.ch"|"sUWR9n-I5uTwP-ulvbam"
"elies.bromige@edu.tbz.ch"|"4gfCbm-&N2Ebs-8vhBcW"
"helena.klosser@edu.tbz.ch"|"ip#oI5-f&Yx89-iZtZWs"
"andree.grim@edu.tbz.ch"|"cD9Knt-G#sPRl-vH11Z9"
"verane.coldbath@edu.tbz.ch"|"ScDggK-h@lXPD-OBfnJR"
"helena.bethell@edu.tbz.ch"|"Y&FTy8-BpPOOt-#gFtqT"
"kalliste.carefull@edu.tbz.ch"|"SyfRHM-tUX##K-qsIN4a"
"regine.odams@edu.tbz.ch"|"rzpuuj-mYFQis-uM7XWA"
"len.stannus@edu.tbz.ch"|"LmCvVQ-D&&ryH-vz1DZz"
"angelique.works@edu.tbz.ch"|"Up0uiV-@bCYXj-LSLAOL"
"goesta.rheaume@edu.tbz.ch"|"tVg9yd-G3o8rM-u4FWyD"
"maelys.tynnan@edu.tbz.ch"|"@Y#NnW-1yb3a@-NgRcUO"
"maelle.carlesi@edu.tbz.ch"|"2@T&vp-%vRcJ1-KBl&7B"
"anael.spurden@edu.tbz.ch"|"JfcvZs-KrJYJ7-UkaD8x"
"helene.pumfrett@edu.tbz.ch"|"ggf0jy-Jgsh@0-Jw7XCX"
"goerel.pearn@edu.tbz.ch"|"ip0To4-auYTWg-yj5WP$"
"laurelie.dezamora@edu.tbz.ch"|"u5xgst-tiW2Rb-t0n1X6"
"yao.twidale@edu.tbz.ch"|"SmSfeA-Jgby@z-iqN1Qj"
"berengere.sola@edu.tbz.ch"|"CjBXQm-0V7KTC-Q1Ebn7"
"maelann.hardistry@edu.tbz.ch"|"8hQ3mZ-HoVX56-4u@x#2"
"severine.littlefield@edu.tbz.ch"|"BiSxf5-f4AKOA-VijC%J"
"salome.heinl@edu.tbz.ch"|"p1kyHd-N5$4Ep-QW%lyU"
"meryl.warbey@edu.tbz.ch"|"JgAUWZ-oE3xeM-v2TQJp"
"da.hunstone@edu.tbz.ch"|"ISxycz-3ruOjY-WRPy$K"
"venus.broadbury@edu.tbz.ch"|"6cheaO-14faFb-clslPs"
"meghane.rentelll@edu.tbz.ch"|"%AdTAg-bo5A1Q-UoLc#c"
"marylene.drewitt@edu.tbz.ch"|"0&lUER-pVNWYp-ZUfm5Q"
"melinda.jacquemet@edu.tbz.ch"|"uHPF1U-#3GfIb-dPhN2#"
"marie-josee.keyden@edu.tbz.ch"|"5cVzAM-tJhP9T-lTB53Y"
"asloeg.montacute@edu.tbz.ch"|"&YZl4e-f3m71j-$bgkcq"
"ku.andreou@edu.tbz.ch"|"YKzITP-zqO1yp-QZw12a"
"personnalisee.feaveer@edu.tbz.ch"|"%NMpqL-IKuQ@f-FV#W4s"
"laila.emptage@edu.tbz.ch"|"a3tCje-wuyYip-4yy0Qs"
"bjoern.dawdry@edu.tbz.ch"|"8yPfRr-jk&%I&-nK3z7r"
"marie-eve.dinsell@edu.tbz.ch"|"Er0%Yz-RNnpWM-yn26zc"
"helene.follett@edu.tbz.ch"|"J8kOCX-88R5Pv-7oo4mt"
"penelope.cordero@edu.tbz.ch"|"x4Hwre-lZqDLc-NQx0OV"
"boerje.beedell@edu.tbz.ch"|"K#HExm-uiVzSl-awjkWn"
"nelie.ferne@edu.tbz.ch"|"j9DRh6-hmGMj$-mFPawo"
"celine.ahmed@edu.tbz.ch"|"CTSKqB-oSm6A1-tAD23l"
"stevina.pimblett@edu.tbz.ch"|"jhwEUo-9H0N2t-@i$$AK"
"chloe.langlands@edu.tbz.ch"|"NcbES9-DZlVSl-kzKQld"
"simplifies.maude@edu.tbz.ch"|"ofhsGA-26bneS-@DAD3x"
"genevieve.decarteret@edu.tbz.ch"|"k0db1u-ZTRNZv-84V@hs"
"marylene.mughal@edu.tbz.ch"|"Xg@50q-BRBede-Ru#ZHV"
"goeran.guttridge@edu.tbz.ch"|"OAIEWO-&EMVZp-Mcx0z$"
"michele.smurfitt@edu.tbz.ch"|"9GL5nL-Mk3WZh-8SwZYQ"
"methode.hadeke@edu.tbz.ch"|"2Jqm7&-4CO3Tr-N@KttC"
"therese.rispine@edu.tbz.ch"|"i3SiY4-g$6yv%-8Y4J6K"
"goerel.plumley@edu.tbz.ch"|"miMtI&-Ol%q2L-JAowUa"
"oceane.friett@edu.tbz.ch"|"7FY@Hd-%#x1pR-GSzQaR"
"marie-noel.achromov@edu.tbz.ch"|"2OzTF5-Vdiqch-waMUMx"
"dorothee.storek@edu.tbz.ch"|"CPgwFF-1Rg@1x-y%MYRd"
"goesta.whittle@edu.tbz.ch"|"juB86U-VUe8uK-ib5dPk"
"desiree.casely@edu.tbz.ch"|"hfy7lx-MoIE5&-wt%e&b"
"felicie.condon@edu.tbz.ch"|"lXeZbd-H48VtQ-xAM&QQ"
"maelyss.frisdick@edu.tbz.ch"|"KDTcGb-s$hwjH-mLoqQ7"
"aimee.banke@edu.tbz.ch"|"apmaVT-L@Io9y-dzeII%"
"naeva.hodcroft@edu.tbz.ch"|"CZnV&&-Pxqev@-r&4kNb"
"laila.gerrans@edu.tbz.ch"|"8lG85%-SpOp4q-TBafC4"
"daniele.scrimshire@edu.tbz.ch"|"xMc0Pp-MuSOea-c9K3Br"
"daphnee.sheerin@edu.tbz.ch"|"BPfb7e-yzAI#g-F@q@D7"
"pal.vanyukov@edu.tbz.ch"|"3n&H1r-nxfBAJ-WA$tTn"
"zoe.childs@edu.tbz.ch"|"BTgPAf-3zmaeL-7PABOf"
"ai.corde@edu.tbz.ch"|"B5&OaH-M2pIEa-2Pu$1J"
"maelys.berryann@edu.tbz.ch"|"k95TzQ-ZfW5FI-PkX0Wo"
"cloe.gladding@edu.tbz.ch"|"uAUqD4-sgoK0H-rAw$5I"
"wa.kinnaird@edu.tbz.ch"|"XUvEr9-eTY6RO-u%h#KC"
"publicite.brittoner@edu.tbz.ch"|"mEx4F@-7@#gTH-yNmL#N"
"rao.windress@edu.tbz.ch"|"k37$dZ-u#L#lM-omV5sK"
"uo.kollach@edu.tbz.ch"|"c1wOdR-LhFiTk-XNeA%1"
"josee.peskett@edu.tbz.ch"|"s4XEcp-GtaXX3-UnO#Sp"
"annotee.hasel@edu.tbz.ch"|"TwUD7p-WqEq23-Na0HxM"
"cinema.lee@edu.tbz.ch"|"oseNVQ-f88Xzp-qMy4cF"
"lai.vedeshkin@edu.tbz.ch"|"F6rQ6a-DeTUrU-S%SDWx"
"renee.brisbane@edu.tbz.ch"|"WTs%Ll-zro7XW-dP8%8P"
"ophelie.blincoe@edu.tbz.ch"|"QbwQTi-Rl51MG-&$$fsm"
"zhi.prazor@edu.tbz.ch"|"ZZjqqI-rUM8&l-s1bBCF"
"annotee.maddicks@edu.tbz.ch"|"TF3qUE-8UXW&O-LEubiO"
"maelyss.codd@edu.tbz.ch"|"kHxSH5-zjJoDK-AZGxkX"
"celia.peplay@edu.tbz.ch"|"Z0B2Cj-E%%5to-8b9GfP"
"interessant.skone@edu.tbz.ch"|"5q$Njg-6cXn1t-QtG#Xw"
"audreanne.hebdon@edu.tbz.ch"|"NyC705-wa3ogj-@8Ff7y"
"oceane.glen@edu.tbz.ch"|"SIb76T-vEH#FZ-x%9YtR"
"daniele.vanyushkin@edu.tbz.ch"|"%53&g0-wjT9SG-GNB20u"
"daphnee.ayce@edu.tbz.ch"|"7m0pjM-9ahl&&-54ZT5n"
"andrea.attride@edu.tbz.ch"|"ba@gb7-0VZS#N-YT@&pX"
"penelope.bridgwood@edu.tbz.ch"|"7T5JwI-KLj1QI-d5PSgi"
"mailis.drewitt@edu.tbz.ch"|"h$ODma-JNNslA-H@ytP1"
"penelope.mollene@edu.tbz.ch"|"5$pjmK-gC&JO6-u0SxYB"
"illustree.keely@edu.tbz.ch"|"PrihRx-LQFQ%b-BJ$dE1"
"meng.brisseau@edu.tbz.ch"|"hrt7QD-U791dr-vshf@P"
"ruo.cleiment@edu.tbz.ch"|"nBEFmS-7%$ga4-0EwN7E"
"maite.krammer@edu.tbz.ch"|"9DJVry-59STS2-aC8byl"
"genevieve.verry@edu.tbz.ch"|"ehhwBG-ksUMUb-Ap6lfG"
"lea.olochan@edu.tbz.ch"|"tVt41w-xDphP4-e7YIIr"
"naelle.brunnen@edu.tbz.ch"|"712Dn4-Qr%3w3-usmaf5"
"goesta.bragginton@edu.tbz.ch"|"5%YwcS-vKE@K8-fksLU@"
"fei.danilyuk@edu.tbz.ch"|"F8Qqn%-LsAWrU-Yqx$3v"
"adelie.turbitt@edu.tbz.ch"|"Xr7$3b-x&RGuT-M&%qmk"
"marylene.nutman@edu.tbz.ch"|"7FVGtp-DHvgF8-FSL27G"
"therese.barbrick@edu.tbz.ch"|"Z2q8fb-@eX8sh-PiNTrO"
"melys.kolodziej@edu.tbz.ch"|"d7Fqtx-8kvrGp-zvmVnE"
"melanie.runchman@edu.tbz.ch"|"Qi1Mko-Txtt1d-ARM7em"
"serena.lafond@edu.tbz.ch"|"3stG3R-kOfNs@-@B&g8s"
"pelagie.desmond@edu.tbz.ch"|"J1YjE@-JR9tzL-@Lh2U0"
"wa.spickett@edu.tbz.ch"|"V0arfS-6sEDJx-psD@lF"
"po.shave@edu.tbz.ch"|"zUxwUE-sO11pb-wSQ1HY"
"song.huikerby@edu.tbz.ch"|"Y#3L@v-udvxcL-$yKeBW"
"melinda.bimson@edu.tbz.ch"|"02C1VT-QLKkZq-BGqrvq"
"personnalisee.toffanelli@edu.tbz.ch"|"kg@Pyk-7&eies-QCo6uC"
"leandre.hurn@edu.tbz.ch"|"dp72hQ-XUt3IY-rjG1If"
"oesten.standell@edu.tbz.ch"|"TMZvr#-gnVCyV-a%7DCA"
"naelle.smaleman@edu.tbz.ch"|"vMiZHX-mgwmyr-z38$$@"
"berenice.tayt@edu.tbz.ch"|"iNS%3V-ey3y5g-h#EixA"
"kui.popplewell@edu.tbz.ch"|"wpbDzM-oVL4f1-Vju6Ib"
"melodie.ferandez@edu.tbz.ch"|"l#dQf1-VbkMj%-qiakT2"
"josee.negal@edu.tbz.ch"|"3m0EG1-9qC%6s-lv&4NN"
"melissandre.ferrelli@edu.tbz.ch"|"aFZ71U-AI0@ou-to%xXt"
"josephine.kemmer@edu.tbz.ch"|"NWsUBJ-YN4eeB-LWvy60"
"maely.cayette@edu.tbz.ch"|"V5CmcD-VFOfQU-CAWoqk"
"nelie.vela@edu.tbz.ch"|"QTRnvw-DvS0QN-R5Dyln"
"melina.cortes@edu.tbz.ch"|"dt91jv-btCQ8n-Xg9jKL"
"megane.leyshon@edu.tbz.ch"|"OttmFo-pXIV#M-EbPDTq"
"regine.harrie@edu.tbz.ch"|"22WAL0-h0t@th-lIgpiA"
"mylene.widdison@edu.tbz.ch"|"c8Ny8P-nT%r3b-g8Loiz"
"pelagie.vivash@edu.tbz.ch"|"5W1Bb7-LHALL%-&FUrKX"
"styrbjoern.vicarey@edu.tbz.ch"|"pFZ@$4-NuU6K&-qGN10C"
"long.kyles@edu.tbz.ch"|"R%tgTN-LfGOdk-flhUiK"
"stephanie.gipps@edu.tbz.ch"|"jsSWiM-8&5chn-t346JS"
"clea.constantine@edu.tbz.ch"|"k8@MRh-M6qnT0-WgS7yI"
"maella.cometto@edu.tbz.ch"|"CgQ$mz-ZFzJ4s-tkXI5C"
"laila.aubrun@edu.tbz.ch"|"GadyJl-DWrMW#-T#ea2Y"
"yao.austins@edu.tbz.ch"|"h5UWY5-Yy%pE5-zHfFsI"
"mailys.rylstone@edu.tbz.ch"|"&3MHtD-S&V%Gc-Ac0sFq"
"adelie.curuclis@edu.tbz.ch"|"C4z@df-AFMB3P-Y$mRJb"
"celine.longhurst@edu.tbz.ch"|"%LTfmz-SAPFT&-w4G1kp"
"gisele.hazell@edu.tbz.ch"|"tsmYrZ-CUWZoy-RinDKD"
"celestine.ciccone@edu.tbz.ch"|"UMfsnq-HcOyGC-Ktb$dz"
"maelyss.doole@edu.tbz.ch"|"Z5yXlJ-OyYgVB-CqApRp"
"helene.grimsdike@edu.tbz.ch"|"j1lcES-VRmDLt-ji$p$g"
"lie.macer@edu.tbz.ch"|"RlgYiM-pJkX#n-%TpOiX"
"maely.izard@edu.tbz.ch"|"vIt8v3-Fm1ZML-X@z&s7"
"erwei.breewood@edu.tbz.ch"|"kHnhhO-sEbrjR-MCnGq#"
"chloe.woolford@edu.tbz.ch"|"mcgwoY-wXxBKj-#j10%T"
"cleopatre.turpin@edu.tbz.ch"|"5od@XT-qCoFFQ-BtJG%4"
"melodie.surgison@edu.tbz.ch"|"Ur$%Y6-DMclD$-Ij%q0V"
"elies.leander@edu.tbz.ch"|"EvxHAR-4LyTse-R%jzTc"
"mediamass.reignould@edu.tbz.ch"|"#6N&Gp-bkk7GR-yl%8zr"
"celestine.wasmuth@edu.tbz.ch"|"dFfptV-PX4nW6-wD5Pj$"
"marten.jervis@edu.tbz.ch"|"7Pgcd9-#$$$XQ-agKJ6%"
"daphnee.bour@edu.tbz.ch"|"XCstjQ-ABbrx7-WV8zxZ"
"regine.harlett@edu.tbz.ch"|"OKgu@R-v$ag5f-dd@#Gl"
"noemie.macaskie@edu.tbz.ch"|"Z17177-HbpBZ$-l#tcGP"
"loic.renfield@edu.tbz.ch"|"VAawes-gJ3yVR-fUAULs"
"venus.kleinert@edu.tbz.ch"|"QmwIHb-yES0NA-JxEHvt"
"marten.burlay@edu.tbz.ch"|"p25kz&-I2G&k8-1sigYW"
"berengere.radsdale@edu.tbz.ch"|"jdL#IZ-#O#4UA-eevT9P"
"genevieve.duckit@edu.tbz.ch"|"5SEq0S-aDm&&J-zcjLT#"
"maely.ligerton@edu.tbz.ch"|"lrrB4S-L2hFhI-hkvHJC"
"maeline.ricciardelli@edu.tbz.ch"|"M8Jvuc-U@QoJH-phTSht"
"personnalisee.yggo@edu.tbz.ch"|"#xxelk-XGq&9a-zBben#"
"alizee.pettinger@edu.tbz.ch"|"yslCYf-fMgwj@-Exq6UM"
"desiree.curnnokk@edu.tbz.ch"|"Uw4K5%-%1D4CF-qsWC0d"
"dorothee.minors@edu.tbz.ch"|"N99v8T-&GCohc-KMemHf"
"oceanne.kopmann@edu.tbz.ch"|"x9IQsK-FatEzG-oPRwxk"
"almerinda.brodbin@edu.tbz.ch"|"%#8qoZ-r4b$Ay-BOheI9"
"yenora.carsberg@edu.tbz.ch"|"Yv2#lQ-Rez@1S-3hf010"
"wa.beetles@edu.tbz.ch"|"uY&YQq-NlZPFs-ir97cJ"
"audreanne.abbot@edu.tbz.ch"|"%gO05m-uK@6D2-gfXcB5"
"noemie.capper@edu.tbz.ch"|"#MPioR-Wn5NY9-QBoRmV"
"mans.abramamov@edu.tbz.ch"|"cybmYS-3wSl%N-$HXVDw"
"audreanne.blakey@edu.tbz.ch"|"QtxEcm-WZj$T4-L175vH"
"leone.klimpke@edu.tbz.ch"|"HadleQ-4QXy3H-di4cav"
"lie.croston@edu.tbz.ch"|"qId5oo-do69tt-asY8K9"
"anaelle.baistow@edu.tbz.ch"|"%Xk60X-EJKaQX-Dg&r5p"
"michele.garwood@edu.tbz.ch"|"ddc9Vu-iig4VF-gFRwy6"
"interessant.albion@edu.tbz.ch"|"yeEFjT-WAeMA7-hcu2VO"
"andre.brisco@edu.tbz.ch"|"H5wLb2-oEQqSl-5$%UJ$"
"tang.totterdill@edu.tbz.ch"|"qCP8AH-$QHW@y-97qrBy"
"marie-josee.braundt@edu.tbz.ch"|"h50DfL-&B@AAM-yIB%8A"
"lois.galer@edu.tbz.ch"|"ZSHQH$-&TQ&Vg-a7k8AE"
"faites.pellamonuten@edu.tbz.ch"|"hEybKM-b%yCUI-#SxrWS"
"mai.barfford@edu.tbz.ch"|"#Z7TWq-CN4O$Q-81cq&d"
"laurene.macilory@edu.tbz.ch"|"hE$lHl-#OhNcK-TZG$Pn"
"elea.peak@edu.tbz.ch"|"djN@9g-eYqInv-T#LLWe"
"rejane.doni@edu.tbz.ch"|"f0#Z2H-vInSoE-r$x@P0"
"mahelie.ector@edu.tbz.ch"|"SA0abV-pp$B8A-GtBloI"
"rachele.allum@edu.tbz.ch"|"pO@tT&-47cpRj-4bQbUK"
"laila.gerretsen@edu.tbz.ch"|"Zh3Bc3-gRAx4M-OKw14V"
"ines.bowman@edu.tbz.ch"|"D98k2u-7%mz6r-PgnFo4"
"publicite.barbary@edu.tbz.ch"|"rLNF2s-V6GcDz-g&0ROE"
"mailys.smooth@edu.tbz.ch"|"R#reOE-s@aL4j-Tm9G@7"
"mailis.huguenet@edu.tbz.ch"|"t7s7$d-kMRfBc-WRQUiU"
"lea.ewer@edu.tbz.ch"|"PFyJVo-e#yl2u-1S#8$l"
