"mail"|"password"
"melodie.vandervlies@edu.tbz.ch"|"V@pnHE-uAL#SN-1nHsz%"
"angele.edgecumbe@edu.tbz.ch"|"riGpYp-dBubwk-%dF03z"
"zhi.andreasson@edu.tbz.ch"|"pX6n9#-&SoAoJ-h%WPvd"
"judicael.koppeck@edu.tbz.ch"|"3BizDe-IEA4pH-gja@Sg"
"berengere.capron@edu.tbz.ch"|"V6CguC-ljgkFN-@1YDB@"
"leonie.brosini@edu.tbz.ch"|"u@g0cC-2omm9J-dwnArd"
"venus.garfit@edu.tbz.ch"|"UTuHGc-Loygh&-vc5%CV"
"melina.janota@edu.tbz.ch"|"Djl6sv-c8lhYK-@axWl9"
"laurene.bake@edu.tbz.ch"|"ZZPSS@-4$QAZw-kWCes@"
"regine.dorkins@edu.tbz.ch"|"jpBud%-6cZ0mu-JgC#gx"
"cecile.moffet@edu.tbz.ch"|"j1orgN-MVIfUD-yQVd$J"
"maelann.labrone@edu.tbz.ch"|"6QX%01-PgLgVK-@EKmS2"
"melinda.newbold@edu.tbz.ch"|"Kkt6hE-IrfBB3-I5HDVN"
"mans.itzhak@edu.tbz.ch"|"8%sWp4-BtZW1c-EHuFit"
"melodie.pattlel@edu.tbz.ch"|"10m11P-y#JKYO-V3UXXj"
"celine.bonett@edu.tbz.ch"|"nW$CDH-XxlpKx-HvHDY7"
"adelie.mcgreal@edu.tbz.ch"|"R%icTv-u%y06q-4rmGGw"
"helene.soldan@edu.tbz.ch"|"wWaHur-ybs5Y5-x%rqgX"
"michele.cluer@edu.tbz.ch"|"gqYnPL-NLoiq3-kgMicr"
"maeline.mueller@edu.tbz.ch"|"e1DgwQ-jO13O5-GNMzyW"
"maelann.benedito@edu.tbz.ch"|"d3OIEO-wckR@x-i#c$zI"
"nuo.gransden@edu.tbz.ch"|"U%l$c#-xMuDMv-$OrN4D"
"berengere.stainton@edu.tbz.ch"|"5lNRHk-XThgrC-ZoA&z3"
"wa.sabater@edu.tbz.ch"|"wUJrWk-d4yD@$-SYWmgd"
"anais.cochran@edu.tbz.ch"|"kYysqZ-2Mqc&L-GG3J84"
"gerald.bessant@edu.tbz.ch"|"EiH7bn-Ulrlmf-am%141"
"ruo.coffin@edu.tbz.ch"|"S4&Qdx-vmYk$P-8rGjNC"
"melodie.mustill@edu.tbz.ch"|"UZ$v@q-%J&Ukf-KP5wGb"
"ruo.stanesby@edu.tbz.ch"|"#K&Qm%-KIvgqk-KZJzyr"
"noemie.antognelli@edu.tbz.ch"|"2@8uKF-ss7a1D-vG$azm"
"maelann.hughson@edu.tbz.ch"|"E7V3Le-nff7k1-0HWtVx"
"milena.mieville@edu.tbz.ch"|"2hKwK$-QYzLC#-@LpYsU"
"mailys.chamberlin@edu.tbz.ch"|"id87%&-AFom@h-vIyh@B"
"nadege.tomalin@edu.tbz.ch"|"vjCuNL-LMC$gT-TPrBZk"
"oceane.omara@edu.tbz.ch"|"csAlxO-KvDEy1-WKC$#P"
"cecile.aguirrezabala@edu.tbz.ch"|"QIdvR6-z1n$Jc-@6@ovB"
"maella.gwillim@edu.tbz.ch"|"9C&bgU-bqu8Bf-7rwnPs"
"lea.mcgahey@edu.tbz.ch"|"oVf#BI-w9j2mJ-Ek3FGb"
"laurene.hagerty@edu.tbz.ch"|"qXptyZ-2@&rg$-P@qbQU"
"dorothee.link@edu.tbz.ch"|"8cwEiz-YY$2IM-nB59Rm"
"clementine.kynsey@edu.tbz.ch"|"u5hN@h-efkfsO-kHj4Ib"
"lorene.smitherman@edu.tbz.ch"|"YD3cAX-IZD6Dx-GXK$Hi"
"cleopatre.klulicek@edu.tbz.ch"|"d8cnkq-L@zvbm-zE6OBW"
"laurene.castaneda@edu.tbz.ch"|"O8qvq7-8HSjXq-tDT%dh"
"melia.constant@edu.tbz.ch"|"@9MZee-qIqmL9-zW@28A"
"lucrece.clunie@edu.tbz.ch"|"v5Zh5F-RHdKd5-E8mjVd"
"eleonore.mcmurthy@edu.tbz.ch"|"1d0Esh-XkgAPl-cn#ULQ"
"melia.bevar@edu.tbz.ch"|"Z5biZP-r2kkNm-2GpGoC"
"camelia.bontine@edu.tbz.ch"|"4o@Xmk-qFvBk7-SPs$Rk"
"methode.jozefczak@edu.tbz.ch"|"a5ro&A-u#aWlL-wwCHum"
"audreanne.hinsche@edu.tbz.ch"|"YTz3OF-Ty4XPY-wrAZ@p"
"andree.varne@edu.tbz.ch"|"uBoZnx-FA1@h#-jRvlai"
"marten.kinleyside@edu.tbz.ch"|"D6CQ8M-DrI5Vg-mbSi28"
"esteve.mcewan@edu.tbz.ch"|"8zG96l-AbgV93-eQMCpL"
"leane.dibbert@edu.tbz.ch"|"c6BWqI-Ovhe0h-0EkkWp"
"ma.thewlis@edu.tbz.ch"|"VcMCwy-CgCuNw-xdTq56"
"clea.djurkovic@edu.tbz.ch"|"0dVfkS-&X4jhD-Zqn$d&"
"rachele.reburn@edu.tbz.ch"|"GHuJtI-Zx3hn5-WQ#zVJ"
"gerald.gowling@edu.tbz.ch"|"qgFi@w-cyZ2ou-VqXf#S"
"cleopatre.jackson@edu.tbz.ch"|"D&rHX4-uqncST-KShN6q"
"desiree.haskins@edu.tbz.ch"|"tikR35-V@vhYP-zXt8eD"
"eleonore.longson@edu.tbz.ch"|"9uCh%t-xMwJg7-bo8Fk1"
"leane.dybell@edu.tbz.ch"|"NhMYll-R4L82T-osUgkS"
"becassine.grzesiak@edu.tbz.ch"|"MJPUTU-L0dfs9-ED7SRZ"
"marie-josee.pickin@edu.tbz.ch"|"fDAb@j-vpt&HY-fdR2kl"
"marie-josee.roxby@edu.tbz.ch"|"VRTkwS-KV3T#X-jVA#hD"
"leonie.feenan@edu.tbz.ch"|"2jcs13-2TP7nZ-$RbJ7m"
"valerie.ellum@edu.tbz.ch"|"htjD$O-Atxyye-DvIRKW"
"ju.caseri@edu.tbz.ch"|"lv0Ud%-ZCIPmY-5DtZ@B"
"boerje.strangman@edu.tbz.ch"|"nKmpNE-oP4XMR-bDLGaN"
"beatrice.ghidelli@edu.tbz.ch"|"MQ@&Ab-vUa1%7-&vuGl8"
"da.jablonski@edu.tbz.ch"|"3cSFKK-00@ddb-sTmBnB"
"uo.beveridge@edu.tbz.ch"|"aj@WYm-yIgMOt-qJ719l"
"valerie.bestman@edu.tbz.ch"|"eyxe$Y-PWKTXP-tC55Hj"
"marlene.pohls@edu.tbz.ch"|"fvDiDS-Xw&CnN-Lb1GZh"
"ma.nolda@edu.tbz.ch"|"6P6nms-ej8hDY-jkvsMq"
"marlene.bisiker@edu.tbz.ch"|"2OttNG-AdDCH&-d%vv38"
"estee.babon@edu.tbz.ch"|"&$5#Xd-UAYEUo-4Ro9fT"
"simplifies.dmisek@edu.tbz.ch"|"KXIkS%-6BrgqZ-E5cW#C"
"selene.ganing@edu.tbz.ch"|"3Z%&V3-Glk2Z0-bNaFEc"
"meryl.penke@edu.tbz.ch"|"iETm2Q-wkQGZP-EmFCxN"
"anais.rawcliff@edu.tbz.ch"|"KhLKuk-Zy5RGa-4brGWI"
"melina.andri@edu.tbz.ch"|"naLeX%-p9F#d9-F1mHVZ"
"audreanne.fodden@edu.tbz.ch"|"J91zu9-XyhOiB-y#$M73"
"bjoern.spellesy@edu.tbz.ch"|"re2a#b-zBihtt-4Wq1ne"
"francoise.summerscales@edu.tbz.ch"|"7zV8Oh-VbfzUI-nZW07r"
"laurene.ashtonhurst@edu.tbz.ch"|"XGrNmD-dU30bv-LvHQ%%"
"valerie.petters@edu.tbz.ch"|"g05NXI-42mF8n-50ak8#"
"anael.spenclay@edu.tbz.ch"|"KLYL&%-wFGf@3-gvpN&e"
"stephanie.keech@edu.tbz.ch"|"TrDnMM-fcgldY-xCuZ0W"
"ines.deveril@edu.tbz.ch"|"$Tu09a-EYcrT9-nOuq2P"
"berenice.gelder@edu.tbz.ch"|"YtgLz7-h7TTPt-d9UT3S"
"melanie.ofogerty@edu.tbz.ch"|"Rt7v%i-AtejSi-rHlUjq"
"frederique.canepe@edu.tbz.ch"|"bdExDI-&2kgjV-Kje$VO"
"nuo.otton@edu.tbz.ch"|"LSKYZD-VBxGBn-8gwMDK"
"genevieve.trusler@edu.tbz.ch"|"B3Fxc9-TAxMod-6xc2t8"
"ju.boag@edu.tbz.ch"|"XAIBIx-m&zSrZ-E9qchN"
"josephine.dilucia@edu.tbz.ch"|"XKSg7i-FSSrGB-91Ay5o"
"laurene.armsden@edu.tbz.ch"|"k2%@Nk-KLFMOF-aFDCcr"
"becassine.griffe@edu.tbz.ch"|"gh&b2y-g4sCJH-7xvVZi"
"alois.parres@edu.tbz.ch"|"l&Dc4B-WsXKkf-qkHzJB"
"cleopatre.gaffey@edu.tbz.ch"|"KU5nd4-uYJ2n#-AYtoWG"
"andre.stiger@edu.tbz.ch"|"sRzDvq-BAy2%V-yO2Elb"
"beatrice.godleman@edu.tbz.ch"|"lRDJod-onkTir-AaEgSY"
"hakan.harrhy@edu.tbz.ch"|"dnSU1#-QOyu2k-2QbSx&"
"celestine.dagnan@edu.tbz.ch"|"GTA3Y4-s@E6Ys-fvF#$e"
"clemence.haggart@edu.tbz.ch"|"YWQp@0-3Nbw#a-YOBq6L"
"long.caban@edu.tbz.ch"|"vy01Od-q9Lh#R-U7jaeD"
"gaetane.grimble@edu.tbz.ch"|"1J@n@m-cGpmzO-2AAlEO"
"maelann.piwall@edu.tbz.ch"|"Z$ohW1-FshHlD-tgo&aG"
"magdalene.loble@edu.tbz.ch"|"PN3Gjh-P14Ncl-hjNur0"
"veronique.domaschke@edu.tbz.ch"|"LiZD3X-o#2BTF-#NVePO"
"clea.herity@edu.tbz.ch"|"xkhPrw-&7eHOo-g46WiD"
"maelann.bambrough@edu.tbz.ch"|"mBm#Gr-f3Hzu1-8M#SV0"
"clea.goulstone@edu.tbz.ch"|"&%BINL-XQwwqP-1eb4CF"
"renee.deleek@edu.tbz.ch"|"9JbT9Y-WKXC$1-47KMC1"
"boerje.rudderham@edu.tbz.ch"|"zkuRnQ-L$l1tV-EDEYSy"
"marylene.broune@edu.tbz.ch"|"1sXhf7-ZpLv@b-TQp0aZ"
"nadege.mccuish@edu.tbz.ch"|"CP%vr#-#RA5pM-@3Fp0O"
"anael.littleover@edu.tbz.ch"|"9nzJL#-#wKWpt-XYizlY"
"lie.baume@edu.tbz.ch"|"10SlWn-j0Musv-R5G3tC"
"maella.murrow@edu.tbz.ch"|"NhaYJk-hMiRmd-@ZWpnh"
"cleopatre.pettifor@edu.tbz.ch"|"b9dpu#-rIDXsy-wA17CG"
"geraldine.asker@edu.tbz.ch"|"@fbhBK-4DyZHC-ehy8RW"
"gaetane.smedmore@edu.tbz.ch"|"jOgOqH-K7nvgR-9oij3T"
"meryl.blencoe@edu.tbz.ch"|"72zI1T-TE7$V6-L4hna$"
"aurelie.chastaing@edu.tbz.ch"|"Z0hmXg-xG@2ZK-WcR&Cb"
"oceanne.marthen@edu.tbz.ch"|"F@NEqT-8LLwFs-GTIca$"
"dorothee.burrill@edu.tbz.ch"|"lWBQG4-zzIucX-DJ516l"
"hakan.belden@edu.tbz.ch"|"IMxQUC-hq5L5g-sCSuZG"
"celine.brunning@edu.tbz.ch"|"ceNQL6-W8eswp-Xzf0Nw"
"anael.lapides@edu.tbz.ch"|"lkt&JF-fwY0zo-V1f%ui"
"ruo.saffran@edu.tbz.ch"|"75Na0Y-%ityph-6WlIc2"
"loic.gerretsen@edu.tbz.ch"|"b5B4am-l540hM-aW@Gt$"
"rui.fitzer@edu.tbz.ch"|"ouuP66-PfAha4-5iRl7b"
"annotee.ogers@edu.tbz.ch"|"gBTdeN-nYB#ae-zMClpY"
"boerje.bindin@edu.tbz.ch"|"zO#wIC-ceo8jh-y6QmND"
"ma.cronchey@edu.tbz.ch"|"5&Wdoo-nQakcn-PmrR5h"
"laurelie.baiyle@edu.tbz.ch"|"0MpOHu-q0#kex-Oq2z17"
"dorothee.older@edu.tbz.ch"|"euqBIq-t1CHLS-HfY$EK"
"laurena.wile@edu.tbz.ch"|"fJeSJx-6xUpTD-UwWRAB"
"clemence.brito@edu.tbz.ch"|"6w647r-dY29aL-%Inza6"
"nadege.dallin@edu.tbz.ch"|"#XHH1k-V%wEdi-rqtPf%"
"mailis.matley@edu.tbz.ch"|"uS4uPv-ov@9ff-dSMdQQ"
"daniele.screaton@edu.tbz.ch"|"VyPTbF-&ybyH@-rMljiF"
"mediamass.godly@edu.tbz.ch"|"0Smw7e-WpH6hk-CjSXZ#"
"leone.kremer@edu.tbz.ch"|"s9NDkR-DliG$P-s@zqtN"
"asa.adrian@edu.tbz.ch"|"GIZCgf-7&J0nf-Xshswv"
"adele.doley@edu.tbz.ch"|"dBYYtm-9jxYKb-WS4yF6"
"fei.sidney@edu.tbz.ch"|"EeZGvG-7CubVd-AO#gvo"
"marie-josee.walisiak@edu.tbz.ch"|"J7nM0q-kCM71v-1ysa6i"
"desiree.diplock@edu.tbz.ch"|"RqIJcO-IyaH#I-wnxKwg"
"gisele.schust@edu.tbz.ch"|"jbjDUb-mo7MPS-IecBeL"
"ma.longshaw@edu.tbz.ch"|"6A7Mkb-W7nw%m-mr19T7"
"da.boother@edu.tbz.ch"|"&&b4Km-RDBL7E-t8h$0S"
"simplifies.chaudhry@edu.tbz.ch"|"edr@l7-$MoCBg-R%vz18"
"garcon.baniard@edu.tbz.ch"|"AXMXzh-cU1a7m-kjWgzh"
"gaetane.elphee@edu.tbz.ch"|"ak0rC1-LUz2XJ-QFjFCN"
"gisele.hassey@edu.tbz.ch"|"ouxPtV-kqcWXL-c$Sedz"
"oceanne.booley@edu.tbz.ch"|"0mNK#4-mPbMBn-S1HMUP"
"oerjan.dibden@edu.tbz.ch"|"Ay%q@H-UkZ4oc-awlH0x"
"regine.ocleary@edu.tbz.ch"|"JY5Vwo-d&i4AF-rJAuEm"
"selene.persse@edu.tbz.ch"|"OFuJSL-HpLveu-ACWQia"
"helena.adenot@edu.tbz.ch"|"&H8tW3-cPMbsQ-HFH1K$"
"maelann.wassung@edu.tbz.ch"|"6avO0X-hMr@os-3Zai5I"
"frederique.ackermann@edu.tbz.ch"|"GL#gsk-bRKSA8-APAsfd"
"audreanne.kahen@edu.tbz.ch"|"wy97iR-wc$R#$-h1mrXb"
"maiwenn.lasty@edu.tbz.ch"|"eqZa4G-3tHAwu-$$9Vea"
"yu.dictus@edu.tbz.ch"|"UPJ$WD-SAM4bT-9Z66HF"
"anae.dukes@edu.tbz.ch"|"wZPPfs-FU79z3-9QFycS"
"yenora.warr@edu.tbz.ch"|"7LC2w$-s4OMtO-rJMWCx"
"esbjoern.archibold@edu.tbz.ch"|"POr64m-e4Xf#J-0vEbE#"
"milena.pardal@edu.tbz.ch"|"q30l&j-&nc7aH-o1#Un5"
"celestine.graveston@edu.tbz.ch"|"VanJ6w-6tSBSD-Jh5fIB"
"maena.dallas@edu.tbz.ch"|"N6mCvn-t6lNBX-MyjQDs"
"andree.tuke@edu.tbz.ch"|"C5@0Jd-uV06jQ-diwM0o"
"methode.seldner@edu.tbz.ch"|"$5x6xo-n8Shpl-OWVvyZ"
"venus.bullas@edu.tbz.ch"|"WRtv@c-KhgELc-UJ&rvh"
"mans.aguirrezabal@edu.tbz.ch"|"Ir7dhv-VdwqxP-pAc4yW"
"gaelle.eadington@edu.tbz.ch"|"BaA2li-4%RndP-rNj&2q"
"anaelle.falkner@edu.tbz.ch"|"cTFy7Z-AxtE9y-8w8jVZ"
"ophelie.height@edu.tbz.ch"|"14RlW%-fsh9Hb-LfZFWU"
"marten.bolding@edu.tbz.ch"|"l9cIFF-gi##rL-kJmz#y"
"pelagie.guswell@edu.tbz.ch"|"@Zztko-r5gS1V-AdDMCu"
"gwenaelle.lecount@edu.tbz.ch"|"eVyUky-ZqdUsv-0P%CZL"
"hakan.laden@edu.tbz.ch"|"vtzbfv-r0nPqo-0D7Y@j"
"marie-josee.hylands@edu.tbz.ch"|"n1Pgtf-QET@DW-7AeKtS"
"zoe.kingshott@edu.tbz.ch"|"APTNl9-z#faGq-DO49nT"
"josee.janous@edu.tbz.ch"|"F5#AqR-T%tgV@-o0z7y0"
"laurene.gallally@edu.tbz.ch"|"0g2k9F-w#MDiQ-Vy9Dt$"
"anael.bickle@edu.tbz.ch"|"Xscv7u-Ye0eQm-ye8aY0"
"mediamass.lebbern@edu.tbz.ch"|"I4t&zS-up#hJd-xNocAr"
"berengere.hovy@edu.tbz.ch"|"IQoFq6-j@8CWg-D1IWUZ"
"oerjan.kilmurray@edu.tbz.ch"|"NuKb%C-RRkwM@-VP13pS"
"asloeg.venny@edu.tbz.ch"|"JiRhWq-9OPi6F-yrmTlU"
"marie-noel.stoad@edu.tbz.ch"|"sVFQ4@-vG7miN-SrQDWA"
"hakan.pettifor@edu.tbz.ch"|"aQOuVM-K3$lCm-qoPon$"
"maella.willgrass@edu.tbz.ch"|"k1gWyU-Ygc@y8-z3xdWO"
"therese.ludovici@edu.tbz.ch"|"a$tjaf-6ggzkG-Tu#BRq"
"stephanie.trewhitt@edu.tbz.ch"|"NKMYhA-MoR%Bd-9k1$a7"
"maerta.bauduccio@edu.tbz.ch"|"77XedJ-i7qLR@-kC1Sm$"
"gaetane.glaisner@edu.tbz.ch"|"$Z&1Jg-T&9EFe-e8F&WV"
"naeva.pargeter@edu.tbz.ch"|"Y4Vp%@-tNSwzY-4OjhB2"
"salome.venable@edu.tbz.ch"|"5p1Bdr-myN0U$-ZL&i6P"
"boerje.thickett@edu.tbz.ch"|"zbKrtq-ym#D5z-yA0ouF"
"lucrece.prendergrass@edu.tbz.ch"|"m21MpV-DCGOGJ-VeX0&e"
"laurene.ockleshaw@edu.tbz.ch"|"xu1HPr-2O$Qet-iP4Fxq"
"cecilia.pasticznyk@edu.tbz.ch"|"eJUEy#-vwy%1p-QZAwoI"
"stevina.mackey@edu.tbz.ch"|"buAvsF-wJ8yeW-q2KgU5"
"marie-noel.reven@edu.tbz.ch"|"5saj#5-ru2&bc-yoakOA"
"melina.quilkin@edu.tbz.ch"|"Q9Lb48-2$aL&v-791Z$&"
"marie-noel.ferrie@edu.tbz.ch"|"UPwE4j-kLs7C&-tq37@Z"
"leone.alphege@edu.tbz.ch"|"Uf5FZ1-2wTV7a-lTVjz3"
"zoe.leverson@edu.tbz.ch"|"LhS6p6-If4#55-2qEoeN"
"annotes.grayne@edu.tbz.ch"|"4xVPj5-#3pEEd-2%HAXE"
"faites.lalley@edu.tbz.ch"|"zlZjNV-QELTNl-p0XlJs"
"adele.wallis@edu.tbz.ch"|"fPpQYZ-sSWxLb-NrdMnT"
"severine.madill@edu.tbz.ch"|"4jATnq-#QxBLu-50gMFi"
"valerie.tebb@edu.tbz.ch"|"GwKATv-foj01h-ubQhg5"
"kalliste.rasper@edu.tbz.ch"|"PHEaKt-RjlENK-eh90WE"
"audreanne.palomba@edu.tbz.ch"|"xi%8uX-tcE2jv-ST10k5"
"elea.adamik@edu.tbz.ch"|"7o0N@z-Q7I9E7-CpWg1X"
"reserves.jakuszewski@edu.tbz.ch"|"ZCugY&-QoJnD4-#0JV3I"
"athena.belhomme@edu.tbz.ch"|"DayF%x-$Ar@C2-DgZhd0"
"rebecca.crippin@edu.tbz.ch"|"d#oyw5-a9PdGj-MXTQLK"
"maiwenn.curman@edu.tbz.ch"|"iXUeVY-NqlEUi-oVW1%k"
"andree.bunner@edu.tbz.ch"|"x3Y&h6-Oje8aN-cw@88C"
"ruo.winckles@edu.tbz.ch"|"uaJo6U-Jx#GGV-TKAyKp"
"naeva.buntine@edu.tbz.ch"|"9MMKjD-RuYi7v-X%iMN6"
"boerje.dollard@edu.tbz.ch"|"vzfjHB-43&GMZ-H5yW&4"
"penelope.gorman@edu.tbz.ch"|"WRUqk5-pfvgAc-DwnvMm"
"alois.robelin@edu.tbz.ch"|"sLlhMR-Le8Ch7-sJIbDq"
"anaelle.tindle@edu.tbz.ch"|"TCMKy6-vn1ZGW-jJzlCz"
"ye.frears@edu.tbz.ch"|"ecJhAd-m7Iqa6-qg492c"
"andree.ovid@edu.tbz.ch"|"VmiuBp-5szo83-ma$4mP"
"hakan.peat@edu.tbz.ch"|"OqHx2i-LhImJC-ybGj6B"
"andre.januszewski@edu.tbz.ch"|"5L2anA-v@xPlL-E6s8LW"
"annotes.clemmett@edu.tbz.ch"|"laZFoD-wAJ7O$-fVeh$@"
"pal.lambswood@edu.tbz.ch"|"OMe@lt-JW0MSR-v83r6l"
"yao.lenton@edu.tbz.ch"|"HQc$gt-MOTZnU-SEku2#"
"hakan.boyton@edu.tbz.ch"|"a9Hn74-fRv$Ns-SaTL81"
"nelie.forsey@edu.tbz.ch"|"gn8%N8-0aGhoN-NzPM3u"
"hakan.horche@edu.tbz.ch"|"7LDkLw-XEaHAX-aBAcZ4"
"lorene.sinkings@edu.tbz.ch"|"JRtc6f-DGSSSx-7IkXfT"
"marie-therese.creddon@edu.tbz.ch"|"Acy@Pp-eWNVLW-HtR@hH"
"berenice.tolworthy@edu.tbz.ch"|"eyuhgA-4pePB0-ujmXjU"
"theresa.land@edu.tbz.ch"|"p8h@r%-ox1A5g-fHoJOI"
"marie-therese.gianilli@edu.tbz.ch"|"cUNhms-Fzq68W-BRv777"
"meryl.glew@edu.tbz.ch"|"hQ&TW&-3gYryk-wDH2Ws"
"adele.debling@edu.tbz.ch"|"w6@fsw-fOsd%j-ehQ6dd"
"anae.metzke@edu.tbz.ch"|"ncM7o#-GYQDMs-%%aAAH"
"gaetane.gooden@edu.tbz.ch"|"rhL8i%-bTDYh$-6XVonb"
"laila.bootland@edu.tbz.ch"|"tPjD1#-$Cs2SU-XCNjtL"
"maite.helsdon@edu.tbz.ch"|"Jt3yi0-oFc$K1-ryvLK8"
"andree.malley@edu.tbz.ch"|"VAz0AD-SQtMuO-$2M#wI"
"pal.simmens@edu.tbz.ch"|"Kbn9zg-ETf7NZ-&aFP$@"
"maelys.nuccitelli@edu.tbz.ch"|"IPdkIP-%&ZDsK-btx1fb"
"dafnee.sibary@edu.tbz.ch"|"XABX4R-lGxTdO-iw0SUz"
"alois.harsnep@edu.tbz.ch"|"#siU6L-Y&2vFt-0yL@lh"
"marie-helene.lacky@edu.tbz.ch"|"bn8JN5-67&86T-e0JjpY"
"mylene.youthed@edu.tbz.ch"|"194Ffs-3Z6ewI-pX4ufU"
"marie-helene.dehmel@edu.tbz.ch"|"EkD&xQ-DbvC%I-XH#aIV"
"angele.batman@edu.tbz.ch"|"S97gdT-L#se7D-DN$%f3"
"melia.younghusband@edu.tbz.ch"|"u7ng&p-NnkcBP-H&7@kZ"
"eloise.baldi@edu.tbz.ch"|"PLpSA@-D19bRG-0YZL3p"
"illustree.dun@edu.tbz.ch"|"yjwuL4-dYXxId-h73RI8"
"genevieve.late@edu.tbz.ch"|"ivwLQM-bRFZcl-wJltQI"
"celestine.colville@edu.tbz.ch"|"Bzx9z$-pUh8qm-oR&CO2"
"gwenaelle.scarlon@edu.tbz.ch"|"SqQcA9-iW93hX-BSZkQN"
"regine.boddie@edu.tbz.ch"|"kk72ue-juG%4h-FzBYi6"
"creez.gaughan@edu.tbz.ch"|"%LQbNM-R@NJRA-aXkV0D"
"gaia.longford@edu.tbz.ch"|"Ajqj5%-wjRUDX-VQawkB"
"mailis.buckby@edu.tbz.ch"|"Xi#Q6f-FDUTkB-#BCt$2"
"song.parbrook@edu.tbz.ch"|"kHTXFo-TLONqy-8uAIWT"
"frederique.heddan@edu.tbz.ch"|"k73kDT-D&cbBv-IxTRhF"
"ake.kirtlan@edu.tbz.ch"|"sEnHOy-7mnCgQ-c%rkmN"
"nelie.runciman@edu.tbz.ch"|"NKJ1Qq-Z4GEey-5ueizI"
"mailis.cardnell@edu.tbz.ch"|"HVE%5X-JOZp4u-@zYydN"
"irene.navarro@edu.tbz.ch"|"O2ImIc-zC4SAt-Jdhz75"
"maite.cough@edu.tbz.ch"|"7ffXed-9qSP5x-1CZ9zI"
"anaelle.stocky@edu.tbz.ch"|"vFF8Z&-s9kP%u-#oLDa&"
"methode.moulder@edu.tbz.ch"|"pi9oS#-O6vnGH-7og1ch"
"po.stafford@edu.tbz.ch"|"hKtScc-KmYaPd-R1hkug"
"faites.scraggs@edu.tbz.ch"|"nrJwbo-OZabVi-O75c7h"
"adelaide.dullard@edu.tbz.ch"|"UGejPD-Peg7oo-kbr1gu"
"desiree.leonard@edu.tbz.ch"|"dmxBBq-oy3Y%K-BSrJKX"
"geraldine.badgers@edu.tbz.ch"|"EUeC41-Zv@@ev-QfYj8L"
"ruo.masic@edu.tbz.ch"|"1J1Uqc-uTeJSP-hcF4JS"
"aurelie.lieber@edu.tbz.ch"|"LH7@Hi-#WfAfi-IFpS0@"
"naelle.balcock@edu.tbz.ch"|"ZbtQe4-6JJG8x-5Vfskg"
"camelia.elger@edu.tbz.ch"|"uub$MI-uf2IqA-Kq4xXD"
"publicite.oakeshott@edu.tbz.ch"|"NXN2wM-vfke5v-apdO#c"
"cleopatre.fawley@edu.tbz.ch"|"@mcAIU-tCS%9V-p6ZqXr"
"laurene.bruckmann@edu.tbz.ch"|"v30oj7-RM9%jV-ig4jFd"
"rui.haughton@edu.tbz.ch"|"D9Lj&Q-px7Mzi-dWV1qz"
"asa.ladewig@edu.tbz.ch"|"El%TJ@-A34B0K-xe56WC"
"gisele.janecek@edu.tbz.ch"|"gN6Xqe-9F5HpI-dMD35w"
"maily.loveridge@edu.tbz.ch"|"AHByN2-%hWW6N-orReE#"
"marie-eve.yurkiewicz@edu.tbz.ch"|"M6NfTi-&of04v-BD@#TK"
"fei.roder@edu.tbz.ch"|"%J2X@l-5sOIr5-iKOEm0"
"edmee.chatburn@edu.tbz.ch"|"7rL65Y-ZBLk0m-oLkb2E"
"geraldine.darke@edu.tbz.ch"|"ugw588-@W@7Sa-$Ky9oQ"
"ye.jira@edu.tbz.ch"|"8tY1tr-FvH9nk-wQqc67"
"publicite.persent@edu.tbz.ch"|"#qdLYM-lBk19z-AK8Yai"
"severine.wilcox@edu.tbz.ch"|"ik4HT1-yP6A7b-XZMV0N"
"yao.mcclaren@edu.tbz.ch"|"u55cjJ-LMMt5b-0sGm2X"
"theresa.foynes@edu.tbz.ch"|"PXcJCc-14a2PC-#hDEIk"
"stephanie.isley@edu.tbz.ch"|"#%DfGn-BO6aHV-NGCWVv"
"torbjoern.growy@edu.tbz.ch"|"k2o45K-Q5pcOy-btHAEO"
"eloise.tunnadine@edu.tbz.ch"|"sGBRQL-eDMYjF-pFxceP"
"maeline.cossentine@edu.tbz.ch"|"bukYLc-7Va0tA-0dQF3w"
"nelie.desantos@edu.tbz.ch"|"b1W80T-KVp2m$-&66S@H"
"gaetane.axston@edu.tbz.ch"|"xEKEDy-f5@iVx-YKBnjy"
"aimee.merman@edu.tbz.ch"|"9Wmwg3-mn87ZO-%sW8vk"
"oerjan.drivers@edu.tbz.ch"|"gZG@@#-89#zuh-pvoy9R"
"aimee.miroy@edu.tbz.ch"|"QGVuzM-SNk6Tr-7u&EgR"
"nelie.glyde@edu.tbz.ch"|"x0mqwO-e%7PuM-#sqTMR"
"hakan.kapelhof@edu.tbz.ch"|"zYrA40-FNIjJ&-ceIm8L"
"maelyss.cauley@edu.tbz.ch"|"ccO1UA-71z5K$-gvLvGK"
"elea.vaggs@edu.tbz.ch"|"vf0vPq-brIYrv-w@oz@L"
"maelys.but@edu.tbz.ch"|"XPN2uh-R@F@0m-2q7$eO"
"maella.arthurs@edu.tbz.ch"|"XeCuL9-Y&WLq6-qB&ujl"
"adele.liebrecht@edu.tbz.ch"|"9Hhf3g-o98QsG-4NRu%H"
"meline.lomasny@edu.tbz.ch"|"mkGL%j-tOuCU#-SZXbBS"
"mediamass.schwant@edu.tbz.ch"|"0#ZZ4$-fqvgyY-Zjq68J"
"leone.saunt@edu.tbz.ch"|"cYWsDH-b1hs#N-MHBAX0"
"annotes.gouch@edu.tbz.ch"|"lw%mt4-rLC3PB-zKNo@o"
"gaetane.bowich@edu.tbz.ch"|"cY8dd2-C&4lN&-Nq8dx3"
"alizee.strelitzki@edu.tbz.ch"|"paAHS9-mY4@bp-u6BQY1"
"leone.poile@edu.tbz.ch"|"vcHY7G-CnmN0P-l#pysD"
"amelie.saban@edu.tbz.ch"|"$f6gHG-Un2rn4-V2nvla"
"marten.mcmenamin@edu.tbz.ch"|"670jV1-yCsDfp-b#pqAw"
"becassine.keets@edu.tbz.ch"|"6@8M#8-iBX96z-siEY1I"
"celine.million@edu.tbz.ch"|"ucw1&F-#hBicY-7&gndt"
"geraldine.belitz@edu.tbz.ch"|"rV%G06-EuBW7D-mgw3a6"
"salome.mardling@edu.tbz.ch"|"58q32j-FpdS$3-5ZDgjl"
"melia.blakemore@edu.tbz.ch"|"9HWqxu-E%SYWa-It58VU"
"dafnee.mcaulay@edu.tbz.ch"|"V2v$rj-$TKvpb-cgCmpI"
"garcon.dennett@edu.tbz.ch"|"OwmO51-ztqbOe-Hrk#dU"
"interessant.lesor@edu.tbz.ch"|"To4sEL-Q2jrou-xZDVSP"
"annotee.wasbrough@edu.tbz.ch"|"Yph@XC-wDTM73-uyxHsQ"
"asa.ibbeson@edu.tbz.ch"|"R2vY7d-0ppxsD-Exzoyh"
"maily.kennealy@edu.tbz.ch"|"6FanLO-@h$@@p-cDP20j"
"ye.seares@edu.tbz.ch"|"14Hu#9-#qpWcZ-A2Ws5j"
"athena.harbron@edu.tbz.ch"|"NzHv64-14sg8m-6brC17"
"andreanne.portail@edu.tbz.ch"|"eGGE2J-tXiqn9-&#wrBT"
"goeran.zannelli@edu.tbz.ch"|"VE6xp#-MI0osa-sn8Ytf"
"gerald.leathlay@edu.tbz.ch"|"Xnm$ZS-LTYkPx-iS$ObN"
"andreanne.chown@edu.tbz.ch"|"xcf1XQ-8F7lie-hjg%9Y"
"esteve.clementel@edu.tbz.ch"|"mX6Per-Dy35%N-ZrljMB"
"leone.legan@edu.tbz.ch"|"RNIbtF-Joa5h@-qcYEfs"
"maena.pownall@edu.tbz.ch"|"5rvjUA-u0bCgj-Vk80wD"
"andree.rettie@edu.tbz.ch"|"D7vnkz-EkhJ$k-3ZH$vI"
"ines.kenwrick@edu.tbz.ch"|"ldGpyp-FnXbxh-B0UQA0"
"marie-helene.yarnall@edu.tbz.ch"|"RERJMj-JavQZM-w2SL&p"
"po.martin@edu.tbz.ch"|"B42xKe-&fcxOx-7yplX#"
"ruo.celiz@edu.tbz.ch"|"lQ%9yy-7CE&p3-4uAulL"
"po.bissett@edu.tbz.ch"|"5UhhHh-vwCfxV-tYaG63"
"du.swindon@edu.tbz.ch"|"g85BIw-YKrONx-oDjP01"
"interessant.gouldthorp@edu.tbz.ch"|"m6Rm@T-8HBPlT-2S@lcq"
"leandre.lilburn@edu.tbz.ch"|"j&UH4F-ZWuo#q-zr80bs"
"bjoern.whales@edu.tbz.ch"|"NSOvT8-k5S8gl-zFzkDR"
"interessant.dieton@edu.tbz.ch"|"VUV1e2-wAB6h5-JnoE74"
"celestine.redhills@edu.tbz.ch"|"grLsmh-GVB%uB-DOJ77d"
"tan.yakovlev@edu.tbz.ch"|"2ct8Sj-lRGGgq-#TIL5c"
"regine.mcdowell@edu.tbz.ch"|"#1uXoP-72TNXv-Q%bDzD"
"ju.coysh@edu.tbz.ch"|"CjEZV%-RhoAzK-bO4YMv"
"reserves.ofallon@edu.tbz.ch"|"XcP7Ag-Pn$di9-2hOL9x"
"frederique.sobey@edu.tbz.ch"|"lfUjxq-aGOR6g-2vRwes"
"marie-eve.garstang@edu.tbz.ch"|"F#Cbpb-pJMn%z-VxePUn"
"andre.tapin@edu.tbz.ch"|"1Gwdzo-g%bHfc-@Ukk@f"
"esbjoern.eynon@edu.tbz.ch"|"Jvds0l-mD2fQ9-7krZIS"
"maella.duffy@edu.tbz.ch"|"T25Q5m-7Zgms%-hdcu1m"
"leandre.twinning@edu.tbz.ch"|"tK2CoL-S9cvI5-vB4o7#"
"mai.whittingham@edu.tbz.ch"|"uaDF#A-u$UDCK-cuF@in"
"rachele.shevelin@edu.tbz.ch"|"6M60Kb-vp6ic9-usgk@C"
"cecile.mcure@edu.tbz.ch"|"t0kcO4-NAY6nB-dP3QUu"
"marie-eve.yurkevich@edu.tbz.ch"|"5UIQjY-RecCXi-PmAF8H"
"almerinda.paice@edu.tbz.ch"|"FDPX#D-3@hq5k-OPHgrt"
"rao.howkins@edu.tbz.ch"|"#CiWBD-p2ZAso-%1S2yg"
"serena.pack@edu.tbz.ch"|"x#8iG3-6yXO4%-@lo6de"
"rebecca.mant@edu.tbz.ch"|"1#Axzz-O55ojQ-9WY%o#"
"reserves.spitell@edu.tbz.ch"|"mt%9h#-pewdQV-0W%H6T"
"garcon.hamfleet@edu.tbz.ch"|"h0K@p1-8vnKqG-4bzqAw"
"methode.kerkham@edu.tbz.ch"|"hxwsCc-v5eal2-iSeJkp"
"pelagie.camies@edu.tbz.ch"|"jZLjNI-98i8G@-6Y1KLZ"
"josephine.macpharlain@edu.tbz.ch"|"1HGb4r-edURQj-QCwpR$"
"eugenie.mathet@edu.tbz.ch"|"XkkcMM-vaYG7r-drlId5"
"gaetane.brangan@edu.tbz.ch"|"#p9bVD-t##J4C-G196Uw"
"michele.dewbury@edu.tbz.ch"|"KYsA5a-Yzd3Og-hz1bBZ"
"eugenie.elcott@edu.tbz.ch"|"sdHI4E-G91pO7-UBv6gS"
"megane.harniman@edu.tbz.ch"|"OSVL6G-cPOqT#-c$rPMi"
"agnes.cluney@edu.tbz.ch"|"b41n6P-QTZqfy-WJxEy2"
"marie-helene.angear@edu.tbz.ch"|"sYu$lG-ddRFov-XQV37O"
"melia.dolphin@edu.tbz.ch"|"WdAOa3-6fOGM0-WjO7oZ"
"lois.ruseworth@edu.tbz.ch"|"&0P0JA-FgjR9d-KT$BSC"
"mailys.ryding@edu.tbz.ch"|"9D$IYk-pC$thw-FnW5m7"
"rachele.wulfinger@edu.tbz.ch"|"Kl7$&u-M3bIt9-7MGoqN"
"gwenaelle.talton@edu.tbz.ch"|"%wc@Cv-MkK$Oh-BXv94W"
"long.ronchetti@edu.tbz.ch"|"Vjzo&b-ldEK&m-9P32yL"
"styrbjoern.kloska@edu.tbz.ch"|"q50B$I-KkfOfb-61bl@E"
"len.sudran@edu.tbz.ch"|"VmSkVp-xYPpVx-S$@Qr9"
"maelle.andrysek@edu.tbz.ch"|"a#NtNq-zCFZZ7-#CTPuM"
"selene.senior@edu.tbz.ch"|"lBnAtp-1SOB1&-yuBK8j"
"anais.joskovitch@edu.tbz.ch"|"DhTouh-mhwnZ7-RNqnYo"
"marie-noel.dally@edu.tbz.ch"|"eMeXFt-6dV6NA-BOK%zK"
"marie-helene.laurence@edu.tbz.ch"|"y5mU1t-7JbCGO-fj0ij6"
"camelia.foxon@edu.tbz.ch"|"Hxyic&-%Y50MP-%miSu@"
"helene.cankett@edu.tbz.ch"|"i&9xNl-rScsqY-ZJHhBd"
"marten.mitchelson@edu.tbz.ch"|"PxmbFf-w4ddmW-HVcY4D"
"helena.stirtle@edu.tbz.ch"|"88GMUj-SHByqO-@1iGG9"
"leane.barmby@edu.tbz.ch"|"6zU03d-wvw9M1-B8k#$u"
"goeran.ofinan@edu.tbz.ch"|"qeAyHq-VgZMHm-e2JJC8"
"styrbjoern.proby@edu.tbz.ch"|"9XHTCK-aYR6sC-LEoGum"
"zoe.halse@edu.tbz.ch"|"RTYUZ#-yc4%kV-LLxeTj"
"kui.drable@edu.tbz.ch"|"e2o322-3F&VSC-HaZo3x"
"desiree.bamford@edu.tbz.ch"|"2B#AwM-1YyH9A-MUrJjO"
"zoe.suller@edu.tbz.ch"|"mTRkU0-&h5hOp-TCkqwn"
"marylene.audiss@edu.tbz.ch"|"hRO@R6-7144$%-zkQrJy"
"adelaide.poznanski@edu.tbz.ch"|"czZPXR-tr#esg-srLJyF"
"maella.coleyshaw@edu.tbz.ch"|"YIoTgS-C&Q%$J-LNvh%3"
"marie-francoise.gelder@edu.tbz.ch"|"gCVvk6-reNoM4-hxTvOP"
"eleonore.chaffyn@edu.tbz.ch"|"6CQ35h-KDGqcL-cnVaMM"
"celestine.sikorsky@edu.tbz.ch"|"PrTZr0-gMsWcR-qHY#AO"
"stevina.londsdale@edu.tbz.ch"|"#AemYS-2Y@QlP-spHa$n"
"maiwenn.nevitt@edu.tbz.ch"|"Cjrrh7-lDD@fS-%K#%Ee"
"magdalene.gerrey@edu.tbz.ch"|"3FWgnv-5jKBr@-iHFYPw"
"becassine.latimer@edu.tbz.ch"|"2XCfA4-A@vIgQ-PFTlza"
"da.lethibridge@edu.tbz.ch"|"B&ELhB-lhcq&H-pK@jzj"
"mailys.claige@edu.tbz.ch"|"@pqBYv-bMJecR-SjuI6Y"
"maena.torbard@edu.tbz.ch"|"r#zkx5-f96CoC-O6PORu"
"solene.lyvon@edu.tbz.ch"|"Xy9Z1t-CR8jge-zKVaPP"
"marie-therese.benbrick@edu.tbz.ch"|"3@FmX%-EUnr%s-cTDO9I"
"gerald.edmonson@edu.tbz.ch"|"$ZAE14-tI4uKl-ZeAXrf"
"ake.messruther@edu.tbz.ch"|"MCfPx4-x$dZWs-p0fsI#"
"men.gosneye@edu.tbz.ch"|"#Yb8l0-vHA@%A-&CW3Bv"
"anais.jefferys@edu.tbz.ch"|"wrLRkd-HSn6gT-o&FPVb"
"publicite.tregale@edu.tbz.ch"|"FzkiZk-wF6@5Z-sidOiY"
"maily.santorini@edu.tbz.ch"|"#4Tk18-K%9H59-qhip%z"
"ines.pioch@edu.tbz.ch"|"g12iWJ-ynmK#m-xj2CYz"
"noemie.marklew@edu.tbz.ch"|"0DzxGF-A$63QE-6n8FNA"
"meghane.maccaffrey@edu.tbz.ch"|"IWqJY#-8nL&9c-2workh"
"berangere.ambrogio@edu.tbz.ch"|"QuL7nV-943r@r-s1&BKL"
"mediamass.ryce@edu.tbz.ch"|"dKI@gy-bOF#Gh-1LcTY%"
"oesten.ubank@edu.tbz.ch"|"gE7Ueo-p%zrJH-zSBH6N"
"melina.mackee@edu.tbz.ch"|"OSb8A5-FLtXmx-@5T&Rw"
"theresa.livezey@edu.tbz.ch"|"zYRRhM-rFvRHn-cfh3B2"
"clemence.weal@edu.tbz.ch"|"HTx6zU-avN2jH-u6lHmS"
"faites.overton@edu.tbz.ch"|"hbvlK5-eKBo%o-XNQb7Y"
"clea.lindblad@edu.tbz.ch"|"vyD42#-GIekQk-d&Jlyw"
"josephine.roseaman@edu.tbz.ch"|"xNDs30-4&1CQ1-xCJKQ8"
"oesten.lowbridge@edu.tbz.ch"|"omYt1y-fraVfA-fnYrql"
"marie-josee.brion@edu.tbz.ch"|"%3eZBV-tuBQVC-tkSK$N"
"therese.basili@edu.tbz.ch"|"26zKP4-ZyTEZM-ETLqaF"
"melia.vertigan@edu.tbz.ch"|"gD&4fL-HJlt9&-MNn@0Y"
"judicael.saull@edu.tbz.ch"|"f#l6q9-whZmUH-s1AkqM"
"selene.valentine@edu.tbz.ch"|"TvRbVw-BavfYw-P@vdU4"
"verane.dunlap@edu.tbz.ch"|"IjcN&M-6&we33-cx&L&J"
"meline.kinnear@edu.tbz.ch"|"Ll5tB4-9hs5&C-6V&%4#"
"lei.luttgert@edu.tbz.ch"|"jUoR7Y-ih@af2-yQTgya"
"styrbjoern.lathleiffure@edu.tbz.ch"|"a81frG-SfyAr@-VfyiO&"
"marlene.blasi@edu.tbz.ch"|"cOdg36-9bgI14-15tw38"
"mai.begwell@edu.tbz.ch"|"&%doyo-%t3bFK-D&gnMO"
"gwenaelle.kaines@edu.tbz.ch"|"dn%%M1-&U&G3R-BdzwNj"
"gerald.adamthwaite@edu.tbz.ch"|"02GXdj-V8TqLv-Dy3eVW"
"kui.hartfield@edu.tbz.ch"|"J676&P-I97DqY-sIdQzQ"
"salome.currao@edu.tbz.ch"|"@fH%nn-iZQy1K-evfb9C"
"angelique.tixier@edu.tbz.ch"|"dz0F@N-etuKYE-YbZ4Ss"
"ju.mcgragh@edu.tbz.ch"|"#8YBiG-#WPhpo-V1mIrx"
"dafnee.beachem@edu.tbz.ch"|"Ch%iVS-YwaMMx-yO3Hft"
"creez.terlinden@edu.tbz.ch"|"64v79H-PHinK$-9vqUDI"
"uo.mcskeagan@edu.tbz.ch"|"HD&#wi-fZWJSp-3rkLO7"
"edmee.mccaughren@edu.tbz.ch"|"6&$rFm-E9PCcN-gyF8hk"
"asloeg.cozby@edu.tbz.ch"|"0Rcl2w-X94&dw-Z8ZVtA"
"melodie.traite@edu.tbz.ch"|"ehXCpl-V15tjH-G#I4fP"
"dorothee.aindriu@edu.tbz.ch"|"$etU$@-3M5@yb-KIUxDP"
"daniele.doley@edu.tbz.ch"|"Tdw6gb-9zoz1k-RqK3so"
"mediamass.fairclough@edu.tbz.ch"|"#C1hec-sfdexq-Y3fD8C"
"lorene.rainforth@edu.tbz.ch"|"etEENq-mb9HUe-9yvifq"
"leonore.eyer@edu.tbz.ch"|"IOdTV2-&enae$-XUTQnN"
"po.spillman@edu.tbz.ch"|"k6CVNo-p$@jDP-VMpCH9"
"cecilia.plitz@edu.tbz.ch"|"$VSXlg-$480ip-aUWM@o"
"lorene.ludlow@edu.tbz.ch"|"soMLUY-J3m6pM-vzVYa@"
"berangere.neligan@edu.tbz.ch"|"N@#$XQ-qh4TAj-2%U44P"
"simplifies.huggan@edu.tbz.ch"|"tHo4Hy-G1vuVx-221%wA"
"clelia.prandy@edu.tbz.ch"|"B2A%pG-U3pBqF-bXh&tK"
"ake.osban@edu.tbz.ch"|"JQOZs0-o5kDBR-7aGckO"
"cunegonde.brunn@edu.tbz.ch"|"v#%mPa-NASl9v-zUDVbR"
"long.grizard@edu.tbz.ch"|"RA56mY-kiodZf-0Gceu2"
"meghane.diss@edu.tbz.ch"|"2UYCiw-u8EAYz-GwP2rX"
"therese.oldman@edu.tbz.ch"|"j4tD3R-Zm5M5L-ZsqDoR"
"boerje.scamerdine@edu.tbz.ch"|"n6%6Fz-tVK9Hj-QomhqZ"
"du.saban@edu.tbz.ch"|"7DV6QV-rrSyuQ-GiY32&"
"hakan.clynmans@edu.tbz.ch"|"j3h9Sd-jSE#fN-L2b59t"
"wa.macdowal@edu.tbz.ch"|"#z8yHT-aLO1Y9-BeMF#E"
"venus.hatrey@edu.tbz.ch"|"7f26PT-YW%Qz$-ROf1@X"
"anaelle.vispo@edu.tbz.ch"|"lndFCS-iv@KEz-g@BHlZ"
"mahelie.ollcott@edu.tbz.ch"|"3Vx7UF-yffP8l-2lrgXL"
"mediamass.whyman@edu.tbz.ch"|"hGQ84J-0ImA&X-JrAplb"
"esbjoern.basson@edu.tbz.ch"|"APe@3b-F1EjBi-dnn8qu"
"andrea.morrill@edu.tbz.ch"|"d%Oukb-AZpyzD-#4k6Ng"
"melys.grassi@edu.tbz.ch"|"OF2jtr-2LM3or-AjsXBC"
"leone.poleye@edu.tbz.ch"|"TPNXIh-#4c#VE-Lf8qNn"
"francoise.penny@edu.tbz.ch"|"T9xDly-Ckx4lL-HQBm85"
"rebecca.edney@edu.tbz.ch"|"yN5eZ2-loQOqK-EGLv6b"
"adelaide.murtagh@edu.tbz.ch"|"e5@vzx-zRFjBA-c5ekvA"
"stevina.winterbourne@edu.tbz.ch"|"FVlg&4-YDtppE-kqfysm"
"ma.cottom@edu.tbz.ch"|"OPNRTO-LbCXXt-vam%eV"
"tan.harold@edu.tbz.ch"|"D6K$qF-77opiY-58bbx4"
"venus.forte@edu.tbz.ch"|"lIbm78-OQ4z0o-9qa@CI"
"almerinda.oluney@edu.tbz.ch"|"hNtm4J-Kz9$JV-e5HblN"
"cleopatre.brehault@edu.tbz.ch"|"T#vrCA-f3gBFM-9$@q0T"
"interessant.lapides@edu.tbz.ch"|"rRjdCY-SpETe&-AoqJqD"
"reserves.hallatt@edu.tbz.ch"|"98TKm2-a08mEG-5WOzLr"
"annotes.birdwhistle@edu.tbz.ch"|"i8wsy5-opTb5p-JaSWZv"
"ai.dredge@edu.tbz.ch"|"rq82H$-FX1V3n-zZWBCg"
"megane.mussard@edu.tbz.ch"|"%2SnP%-DQGhzO-6LF@Y6"
"esbjoern.gowrich@edu.tbz.ch"|"FfP$bu-9rhHM6-%X04wN"
"boerje.brislawn@edu.tbz.ch"|"q&LSKE-qRZW&P-azsmiO"
"becassine.wilce@edu.tbz.ch"|"4&%beg-tamaUo-X&uurK"
"personnalisee.oels@edu.tbz.ch"|"yw2hpk-lP#ExM-3vrsXr"
"verane.pett@edu.tbz.ch"|"VGriZ@-XGJint-9k7yL%"
"marylene.glewe@edu.tbz.ch"|"e1Rl1z-evni27-A5EixZ"
"lai.elson@edu.tbz.ch"|"B@Dqt#-YR%Vek-V7VR9d"
"serena.difranceschi@edu.tbz.ch"|"#9UHKj-&o@LFi-UQ0nVt"
"lie.espinel@edu.tbz.ch"|"dy3x76-4Q%Gwv-2TepCk"
"marylene.fantini@edu.tbz.ch"|"JhQrTw-1gljlU-fFS955"
"andre.archdeckne@edu.tbz.ch"|"7uKiVP-$Jwb1B-tb%IgU"
"goeran.bohlingolsen@edu.tbz.ch"|"nWSO08-lF07z&-mt5NUY"
"cunegonde.heffer@edu.tbz.ch"|"1i3ZOV-qsrlkl-RRqw4j"
"tan.fechnie@edu.tbz.ch"|"jABBI&-5QWkUP-uyGD58"
"marie-noel.brammar@edu.tbz.ch"|"tC4hza-HMCAMf-iOWuL#"
"simplifies.aven@edu.tbz.ch"|"YRpATF-FjQbS$-EI7s&I"
"melys.pinchen@edu.tbz.ch"|"e3sF7@-PY&FHv-CAaTLK"
"edmee.joyner@edu.tbz.ch"|"$oynM$-PEa3zg-ckQocz"
"berengere.edess@edu.tbz.ch"|"tdbLfz-dSShoi-ZVL1l1"
"marie-noel.goward@edu.tbz.ch"|"FWYBJo-qyQCQD-#SP1AY"
"ju.edmons@edu.tbz.ch"|"YBQ8Zi-kHS7xN-cVB16F"
"frederique.airds@edu.tbz.ch"|"CHSX&E-RRKzmW-hwnogJ"
"reserves.dauby@edu.tbz.ch"|"qGGoXw-5Vp4Dl-DPq892"
"hakan.gynni@edu.tbz.ch"|"l8Lz0d-y99nvk-6d$2@F"
"leonore.pinwill@edu.tbz.ch"|"lGClRx-VF%SNS-WK2gtv"
"marie-eve.mcallan@edu.tbz.ch"|"mClOce-UIKvdW-TQqEnP"
"naelle.yeabsley@edu.tbz.ch"|"EXHFly-ZAYIhH-9Vx7aI"
"nelie.jacobovitz@edu.tbz.ch"|"iVgBeQ-1Rd$TU-NrVyiH"
"adele.conelly@edu.tbz.ch"|"RS%nCA-BtU&hF-krDb@t"
"clementine.dondon@edu.tbz.ch"|"&DZecc-2rjyFn-o5sDjq"
"zhi.willcot@edu.tbz.ch"|"pL4Lwf-SrxVI6-5Wfj4t"
"chloe.janicki@edu.tbz.ch"|"REeGjl-pUa7SC-bWaPQ9"
"meng.linde@edu.tbz.ch"|"bc#%lf-Nk$d$E-c1Bt6#"
"celine.janisson@edu.tbz.ch"|"ogDU70-AuDKO3-UtUGj3"
"clelia.crow@edu.tbz.ch"|"2auX%z-A3CFid-&#RiQR"
"cecile.pyott@edu.tbz.ch"|"uvnifN-azrqFI-uwQh2Z"
"ma.fidelus@edu.tbz.ch"|"rVZtQq-jJHQ1z-TJpVDq"
"marie-helene.poore@edu.tbz.ch"|"wFocs9-VEVduQ-Xu2Aml"
"elies.blanket@edu.tbz.ch"|"1kyEkk-fYLn$x-MAgXhZ"
"yu.boyer@edu.tbz.ch"|"lb2DLr-Ivo2hU-2XH4m0"
"celia.welds@edu.tbz.ch"|"KMSA@g-w5PhNc-yuDSry"
"du.gunney@edu.tbz.ch"|"l6z2hI-FjgfwG-m#fQ&f"
"goerel.crush@edu.tbz.ch"|"C0bvCT-@9vVeq-A$kXYo"
"marie-josee.brosius@edu.tbz.ch"|"0lX9ws-SbH3MQ-6m#6Tf"
"camelia.adds@edu.tbz.ch"|"SUJ2i@-gE$s@k-X8tiCO"
"anae.irwin@edu.tbz.ch"|"WPHOLu-dBfDj#-UiEOxJ"
"cleopatre.skeffington@edu.tbz.ch"|"x%vOpz-R#arj9-1YU%cF"
"gerald.suggate@edu.tbz.ch"|"s&3jrA-vmgkiq-poh4dc"
"laurene.tailour@edu.tbz.ch"|"$82EhH-uZCN1d-15bOg7"
"amelie.hoble@edu.tbz.ch"|"%$4Qaa-os#GKi-PAHp9n"
"venus.getch@edu.tbz.ch"|"FQBvmI-dG@ju&-p8oLty"
"renee.treby@edu.tbz.ch"|"mKhGqA-4UE$aR-SIdSEk"
"almerinda.stait@edu.tbz.ch"|"NBtosO-B7U1ZL-TlA7nJ"
"andree.reddecliffe@edu.tbz.ch"|"#JpxX0-GDwDWw-sxbbNH"
"leone.wintle@edu.tbz.ch"|"HZ3sk%-jziHw4-PLB4ur"
"gerald.fellow@edu.tbz.ch"|"eW1dHI-K8MAmR-0t&by6"
"ju.gudger@edu.tbz.ch"|"O#ZeIs-SwDxzW-SvEQ2L"
"meng.ohaire@edu.tbz.ch"|"9RbqF1-Scu3Xc-2FTj6l"
"cleopatre.missington@edu.tbz.ch"|"MuW9&q-nel8QK-J&xMy$"
"annotes.debruyn@edu.tbz.ch"|"HXNqBR-lGIMWa-$KDm9A"
"gerald.sinisbury@edu.tbz.ch"|"b$XRHU-0qIZvN-Yj@yOf"
"creez.slora@edu.tbz.ch"|"7VAi4z-4HJ1ZF-0jJHUs"
"gisele.benbow@edu.tbz.ch"|"PLMOQY-mwLz5i-b9gZbC"
"pal.dossit@edu.tbz.ch"|"LT3hfD-hiOpnt-$JJ#E$"
"nelie.stirrip@edu.tbz.ch"|"ggeWyi-pzB0nA-3#qnz%"
"alois.ocrigane@edu.tbz.ch"|"AhdszF-6wfdff-qQqLI0"
"kui.mcterry@edu.tbz.ch"|"m0WiN7-RIQdSw-Vks2d8"
"long.willgoss@edu.tbz.ch"|"qkk&Jn-lV0Lhm-DyKrM6"
"francoise.sumpner@edu.tbz.ch"|"oYdJHR-CgX0Ck-TU4NT$"
"maely.grinstead@edu.tbz.ch"|"8x@EW6-$H2wgv-#LxlbY"
"creez.langeren@edu.tbz.ch"|"UGNrq2-46KY$n-7BWq&W"
"adele.dungate@edu.tbz.ch"|"DbaARL-YqvV#f-KZnAWn"
"cleopatre.noirel@edu.tbz.ch"|"gVXDQ5-ajH2n6-T2%3P9"
"interessant.daverin@edu.tbz.ch"|"%DHL6&-KoIrsa-NLTXIL"
"naeva.kalderon@edu.tbz.ch"|"SV@Xd&-%@YDw6-VIjolB"
"anais.oshesnan@edu.tbz.ch"|"isJ$Mz-wTEowQ-rRv7nL"
"judicael.anelay@edu.tbz.ch"|"8atK6D-SsC35d-uLqaCS"
"eloise.braxton@edu.tbz.ch"|"&$kU$u-OlG6nY-8Ni5x2"
"desiree.greguol@edu.tbz.ch"|"hs$lRD-vW@9K%-FRbzdO"
"maite.mcclenaghan@edu.tbz.ch"|"ijCHrC-QukFo%-4ngDWp"
"meng.doret@edu.tbz.ch"|"OO$%fI-2BO0Ys-pgRNkr"
"frederique.chippendale@edu.tbz.ch"|"CSB%Eu-sYHPAm-H20urT"
"andreanne.lanney@edu.tbz.ch"|"QtKtNv-61u21M-Mugkng"
"aurelie.claus@edu.tbz.ch"|"G$Jriw-XmmgQr-4JUR6P"
"renee.pabel@edu.tbz.ch"|"xuWfLb-s9X@U8-8xWOh2"
"maena.roust@edu.tbz.ch"|"tMNaV7-czax#m-p3z@s#"
"nadege.carwithim@edu.tbz.ch"|"s@vsW5-9EH$H#-qjf@@$"
"solene.geyton@edu.tbz.ch"|"sm7r5r-106uFT-jKO%Kg"
"dafnee.avraham@edu.tbz.ch"|"mSWjxg-MCjc7p-h#wZE7"
"leane.woolvin@edu.tbz.ch"|"srpJ7K-FsH6MZ-TiWdgA"
"adele.macadie@edu.tbz.ch"|"xRnFcS-8Cqutb-1dlEXu"
"meline.rubica@edu.tbz.ch"|"5RQMb$-CKA8O3-qxDcIA"
"marie-noel.speeding@edu.tbz.ch"|"imcWg5-35QGBD-fMRlRI"
"nelie.mix@edu.tbz.ch"|"#0ZHd7-OI$i9e-psOSWj"
"clea.ollett@edu.tbz.ch"|"QKYp@N-smaI6@-NS1PkZ"
"leandre.mcgavin@edu.tbz.ch"|"JbPvY1-@1nfW%-8WwwwR"
"cecile.behne@edu.tbz.ch"|"019eZa-ofDvcX-ubkHh2"
"melanie.polle@edu.tbz.ch"|"AYDKmF-pZuE$k-hIdkbs"
"marie-josee.titmuss@edu.tbz.ch"|"uSAH29-$puY5t-TRTzHf"
"helena.guest@edu.tbz.ch"|"bAjB7R-S5%mAQ-ydKGwz"
"annotes.chicchetto@edu.tbz.ch"|"R5C&dp-R@7hZc-kOTMDa"
"melia.tubb@edu.tbz.ch"|"Hg3f@j-8CElLB-L%99WC"
"angelique.casetti@edu.tbz.ch"|"Jw$cO3-VoFJSA-RBi7RX"
"cunegonde.cleall@edu.tbz.ch"|"UPQovU-SnZwOu-QCB2fl"
"camelia.oaker@edu.tbz.ch"|"#hC8rq-P0WTRr-k#I$0Y"
"you.searight@edu.tbz.ch"|"nLvwd7-mfdRF$-0hMK3%"
"kevina.dederick@edu.tbz.ch"|"DIFDuh-O2mBS$-ENQbHB"
"milena.jeffrey@edu.tbz.ch"|"$#2WEm-EFeAd1-$GaYT3"
"melodie.barkshire@edu.tbz.ch"|"Gcko6$-bt1c9w-lA1Aaa"
"gaelle.kreutzer@edu.tbz.ch"|"fqVbw9-6ZUxL&-KRwXym"
"kalliste.kleinpeltz@edu.tbz.ch"|"Du7h@V-fXNvls-d#F0MW"
"clementine.danat@edu.tbz.ch"|"MDfXIn-3h7&IK-pxWY6n"
"andrea.wabb@edu.tbz.ch"|"kScQW1-#$mTJ6-$WARws"
"geraldine.piesold@edu.tbz.ch"|"5&Msik-yq3xVn-6WRqfw"
"tan.fiveash@edu.tbz.ch"|"QN3lV#-9cErEj-&56F5X"
"meline.yuranovev@edu.tbz.ch"|"g4rAiC-ug04R0-bA84tc"
"therese.holme@edu.tbz.ch"|"EtKOfe-&zBpC7-4hnkSP"
"salome.vaney@edu.tbz.ch"|"YA1Rw4-PqLvUE-90auPt"
"anae.abramson@edu.tbz.ch"|"GupTJP-WCf0L%-iGQnGu"
"kalliste.jimson@edu.tbz.ch"|"lRXCXo-9gOLW$-tOLYHy"
"selene.yole@edu.tbz.ch"|"NvOA9h-u1Rn&R-s51uSN"
"agnes.defraine@edu.tbz.ch"|"R8q&d0-sgHzpd-J4FcbW"
"faites.mccluin@edu.tbz.ch"|"&uAQ9n-tLX5i&-cTj@O$"
"athena.deme@edu.tbz.ch"|"fzatZs-vQ%UPS-5WShxG"
"daphnee.brigstock@edu.tbz.ch"|"IU@#JI-4Uhw1d-fEEvTC"
"goesta.skaif@edu.tbz.ch"|"4NMwGK-&oWuge-3AziOo"
"oceane.jagoe@edu.tbz.ch"|"MJhgqM-n84Jyg-0WiH9B"
"annotes.broomhall@edu.tbz.ch"|"BXP#WN-2H%IxD-Woj%S3"
"marie-eve.ballendine@edu.tbz.ch"|"GPza7D-Hbc9qa-$Cy@CP"
"melina.spykings@edu.tbz.ch"|"R7pVRV-L6snnT-MEeq6&"
"laurene.ticehurst@edu.tbz.ch"|"Y@2dV2-15oQep-zHElaJ"
"fei.avramovic@edu.tbz.ch"|"9RvkI$-DF&UAJ-MYq$AQ"
"publicite.strathearn@edu.tbz.ch"|"$a91K1-U@7RUw-Q$tso&"
"torbjoern.garrow@edu.tbz.ch"|"ossi3P-XZl4Wl-lGN7CR"
"chloe.rubinsztein@edu.tbz.ch"|"j3Q4Cj-Pp05Km-#7od4u"
"mylene.demanche@edu.tbz.ch"|"Yhdb3P-xibvEV-XS4KnQ"
"mediamass.godlonton@edu.tbz.ch"|"e9LiDH-X%oh0X-WvX@Dp"
"renee.shurrocks@edu.tbz.ch"|"%KUAq@-9WCB2#-Bqka4z"
"maiwenn.jedras@edu.tbz.ch"|"Dk002N-BBMLZf-ou5Umn"
"genevieve.castells@edu.tbz.ch"|"1SUOL5-@PL$iS-Q7F0Se"
"renee.sneden@edu.tbz.ch"|"B0D@ur-086$UD-r4rRd8"
"lai.mccallion@edu.tbz.ch"|"bCTcg8-24i#xG-tZ89NJ"
"kevina.impleton@edu.tbz.ch"|"UccU9g-MkAEmQ-%wmD5T"
"oesten.fresson@edu.tbz.ch"|"1Yl4DD-cZXrUg-0wvEOy"
"verane.shawley@edu.tbz.ch"|"YB67AK-uprxYX-ukEso4"
"uo.sjostrom@edu.tbz.ch"|"i@q2Iy-#WDXu9-#ICSI2"
"gisele.gothup@edu.tbz.ch"|"ccbG&C-3W&M8o-HYSeB2"
"renee.beauman@edu.tbz.ch"|"k9lrPO-1jYVee-pJ6ar0"
"elies.loton@edu.tbz.ch"|"u2VCQR-u5WHpy-FVr81m"
"valerie.elsmore@edu.tbz.ch"|"mJJMcR-K6kE29-qHL8CE"
"berangere.delafeld@edu.tbz.ch"|"QzdqJs-Ic$Pb&-M23BRM"
"bjoern.schimke@edu.tbz.ch"|"JVJKc0-a&BgAn-0FXaT5"
"loic.ericssen@edu.tbz.ch"|"Xcbdx0-%9KMvq-rqHb0C"
"creez.richarz@edu.tbz.ch"|"2eUORr-oIqLpf-vmBZtk"
"athena.grocott@edu.tbz.ch"|"kyLWZB-EwfP#l-bc7gLV"
"naelle.piotr@edu.tbz.ch"|"O7%LmC-Z4Ezr@-6IpTFF"
"maella.paulson@edu.tbz.ch"|"ctUQGN-vK@Jlr-rQQhAo"
"song.perot@edu.tbz.ch"|"q&138m-uxEMFz-6TDnj%"
"kalliste.heckney@edu.tbz.ch"|"hBXRvS-vYvzT5-nu9eo$"
"ake.vasyutkin@edu.tbz.ch"|"8ZZzFj-Dpim7Q-A&t5nn"
"ma.castles@edu.tbz.ch"|"TS&Xds-GcpqMl-Ns@y$a"
"maely.monget@edu.tbz.ch"|"tl97V8-HyM2yt-o2pL2z"
"tang.durbridge@edu.tbz.ch"|"9eN&Zw-n06xKr-%#23Kx"
"laurene.andrew@edu.tbz.ch"|"eK46a5-Nzo234-TnEYw&"
"lysea.beacon@edu.tbz.ch"|"zk0PVw-7rfQ%o-eyPAR9"
"leandre.peyntue@edu.tbz.ch"|"np3jP4-MtENJh-rDxg7#"
"rao.trever@edu.tbz.ch"|"3hE3ao-l7@QoG-LTlk8U"
"mahelie.streader@edu.tbz.ch"|"Hd2AoF-y5&WLG-jw8NX6"
"maerta.andrejevic@edu.tbz.ch"|"GbJRNH-K1m$&4-YTME5L"
"goesta.tompkins@edu.tbz.ch"|"LyxVZU-dhqBqT-xQd&vc"
"helena.agates@edu.tbz.ch"|"pJa&RM-Rxhcvb-2uR93c"
"therese.glass@edu.tbz.ch"|"ATGEBj-roeIkk-FlVfW3"
"alois.foan@edu.tbz.ch"|"&MQFUd-BeoCOe-COr5IJ"
"becassine.melchior@edu.tbz.ch"|"AdvBeW-A6D0qU-YO#e7F"
"cloe.robart@edu.tbz.ch"|"xpffhL-xZR0fk-5rtHu&"
"daniele.puckinghorne@edu.tbz.ch"|"sd5zG1-MSua@W-D%khs9"
"selene.cammidge@edu.tbz.ch"|"mEfyhn-66IoJ8-pCkvVF"
"regine.conochie@edu.tbz.ch"|"@x4CeS-BkMSW2-REK1eY"
"interessant.tuiller@edu.tbz.ch"|"Ikf&ua-FQa$r7-CMRnCe"
"long.tiebe@edu.tbz.ch"|"geREqZ-s4LPq2-PDWN#e"
"mans.yele@edu.tbz.ch"|"WKmptz-fb5La@-AMBsC3"
"ai.giles@edu.tbz.ch"|"lU4Oid-FLHt%r-XwZZhR"
"gaetane.hamberston@edu.tbz.ch"|"sd#CYA-qX9LN1-5OGxf5"
"marylene.fenix@edu.tbz.ch"|"MKfQUY-xzjN4y-pjDE30"
"geraldine.graeme@edu.tbz.ch"|"i#PtFv-aoA4G$-D8Zltw"
"tang.kinglake@edu.tbz.ch"|"Pw0mN8-TNlIz0-LxSZ6e"
"lai.challoner@edu.tbz.ch"|"vjpd47-QXpUaG-ycnPf0"
"desiree.mattei@edu.tbz.ch"|"sQNLZX-WF1#fW-4Sa99s"
"ake.erley@edu.tbz.ch"|"DgK7W%-$am#vx-VBAT2b"
"edmee.cavil@edu.tbz.ch"|"9J9z&3-8wparv-wYLAtc"
"alois.moyes@edu.tbz.ch"|"uUB0Zl-vAZ7Lx-&n4Q6$"
"becassine.pitman@edu.tbz.ch"|"yjPbHy-Onp0x9-8Xv240"
"ai.giacovelli@edu.tbz.ch"|"&2WdZU-7CYKDD-yCWljQ"
"judicael.fruchter@edu.tbz.ch"|"gjv1%y-oUGRHB-%8k8rm"
"mans.mogg@edu.tbz.ch"|"v2XZ7t-#oe$sz-Qbg1wH"
"gerald.foyle@edu.tbz.ch"|"jwH5$g-p$6Xgs-EPRAD3"
"wa.androletti@edu.tbz.ch"|"c$47gQ-#NSa1Y-xbyfgR"
"meng.ollett@edu.tbz.ch"|"W7e8$p-amH&0o-kQag4i"
"naelle.macmenamy@edu.tbz.ch"|"n3zA3J-Z@BO$4-%tWkyo"
"gisele.mcramsey@edu.tbz.ch"|"ghhLqs-5m#mGT-oHWkaX"
"meryl.scolts@edu.tbz.ch"|"w7FBnd-gJlxw3-oiid1x"
"celia.bloxsome@edu.tbz.ch"|"OtBakd-@VwFRP-7&wOTw"
"styrbjoern.stuke@edu.tbz.ch"|"4yK7np-lSlaSs-a#nRBJ"
"felicie.gwilliam@edu.tbz.ch"|"v8j5Ae-YBURhA-wR9qN0"
"da.harms@edu.tbz.ch"|"xuSaHU-c3$b9b-kPcsXV"
"celestine.baulk@edu.tbz.ch"|"a5zJuf-tsp7#6-brSqfr"
"mahelie.blackledge@edu.tbz.ch"|"RDi8AK-xHi5LX-fisb6k"
"meghane.salt@edu.tbz.ch"|"2rZTB2-9LaNLQ-SJH5AR"
"methode.paxeford@edu.tbz.ch"|"#kbrIB-zmKMde-y8z007"
"asloeg.milligan@edu.tbz.ch"|"9RTc4&-1L0bsU-fCqkd8"
"you.pellman@edu.tbz.ch"|"o1kIwk-F&tUrB-rFMvF7"
"loic.regenhardt@edu.tbz.ch"|"e&2R8h-mDXzmd-t#E0gj"
"daniele.savill@edu.tbz.ch"|"$pbci4-zTp5qM-W1%BuQ"
"alois.cornu@edu.tbz.ch"|"c#MpjQ-%LaWNb-GPO8ya"
"oesten.govey@edu.tbz.ch"|"4SNQTT-D@@XFH-Z%Qmyq"
"marie-eve.louch@edu.tbz.ch"|"QRH2uh-GDwAbq-8qoXNg"
"theresa.wenn@edu.tbz.ch"|"#atV7I-itv@Lw-&jdTgk"
"andree.eul@edu.tbz.ch"|"cOj65P-wKHevr-gDEFMU"
"lie.paynton@edu.tbz.ch"|"E3m&p1-eHBXdz-&D9dFA"
"marie-eve.girodier@edu.tbz.ch"|"C$SXcR-IEckcj-k7rmcA"
"marie-noel.smithe@edu.tbz.ch"|"3PrT#W-0%NNXH-m5MSze"
"men.bootyman@edu.tbz.ch"|"mShOnN-kaD$j$-FC7oim"
"ku.sugg@edu.tbz.ch"|"C9RRB%-lNR5a6-bqXCD%"
"lucrece.roseman@edu.tbz.ch"|"OEyEm4-LEApdW-#UXoUB"
"zoe.annear@edu.tbz.ch"|"xKft9J-ADuxUy-Ty9Wk8"
"marie-helene.rennebach@edu.tbz.ch"|"@#toxH-CLQb%Y-#FBFu4"
"lea.djurdjevic@edu.tbz.ch"|"zJ5yT8-d8lkCz-gwGotx"
"goerel.robert@edu.tbz.ch"|"@&ET44-abvH2f-2kN&$V"
"mylene.foldes@edu.tbz.ch"|"x4iL3W-TEMUpU-E#N#nz"
"faites.clegg@edu.tbz.ch"|"CAwRsm-PS7h&M-8Ym1Sf"
"marylene.crowcher@edu.tbz.ch"|"NcWL04-kvXixr-r7bQ%C"
"aimee.wimpeney@edu.tbz.ch"|"ojM9SG-fJrwnv-PtZZTZ"
"renee.atkins@edu.tbz.ch"|"56pgmM-Ntep@R-P%CfOD"
"rejane.cainey@edu.tbz.ch"|"Jhj9Qf-piZUn6-MQ&BAe"
"solene.britney@edu.tbz.ch"|"Gy7hAl-un#FLX-hFYt2m"
"marten.shatliffe@edu.tbz.ch"|"o9%OpV-xriSdF-tkAS42"
"maite.issatt@edu.tbz.ch"|"h#k%WU-jWzhnS-$6I%gY"
"maelyss.edon@edu.tbz.ch"|"eE5VMJ-WwGlSg-kcwiGy"
"nuo.bamling@edu.tbz.ch"|"zAod%k-At9g$g-8O7zYb"
"anais.edards@edu.tbz.ch"|"nxIos&-pPURW&-5Q@tVo"
"mediamass.bromet@edu.tbz.ch"|"M17hos-BY%@yd-$zWMMq"
"beatrice.kimbrey@edu.tbz.ch"|"yBoYMT-$vu2pa-&Eiy7b"
"ines.lawranson@edu.tbz.ch"|"W6Qo&B-DIMBZ9-im5uFm"
"kalliste.scandroot@edu.tbz.ch"|"Q7Ak2I-4DPL1a-NNDinX"
"mans.barrowcliffe@edu.tbz.ch"|"t3b2wN-rU01av-C0fH6O"
"irene.couves@edu.tbz.ch"|"vXTGnO-iFL3xj-frqejX"
"milena.mucci@edu.tbz.ch"|"al$KQB-5UJW7D-Ktglsk"
"naeva.cow@edu.tbz.ch"|"V@u13#-1ARc9h-1Oml94"
"audreanne.mournian@edu.tbz.ch"|"M%R37X-IxzzXd-$OJwGl"
"melia.sinnatt@edu.tbz.ch"|"Uox6zs-sVBrqJ-rUI52w"
"nelie.burnard@edu.tbz.ch"|"njEkh3-r9roC0-j64h3%"
"clelia.ashfull@edu.tbz.ch"|"8ISffi-fcy#dQ-Ze$cPN"
"lie.macard@edu.tbz.ch"|"Nc8pXS-KwOIWi-M1Oq2y"
"valerie.matoshin@edu.tbz.ch"|"gV%Wnd-ofQ@2%-StK@2#"
"anael.hatherleigh@edu.tbz.ch"|"zqHxRp-7n3yhl-241wLc"
"interessant.warratt@edu.tbz.ch"|"r6EP1I-dhGaqI-kAQpA5"
"eleonore.volage@edu.tbz.ch"|"v00SL4-##WeQS-jf2FzT"
"zoe.stebbing@edu.tbz.ch"|"h%432T-2rBITD-vr7suD"
"alizee.nye@edu.tbz.ch"|"uny#WH-Ky4oTc-oJ0I$I"
"celestine.bramley@edu.tbz.ch"|"o0nGwR-oe6ukw-uCHcgl"
"selene.philcott@edu.tbz.ch"|"SFucIX-EpPray-8&1DrD"
"tang.newens@edu.tbz.ch"|"TkhSbo-6YhoK0-8c3kh8"
"annotes.powys@edu.tbz.ch"|"o0CpZD-U&A4Qw-dt07nG"
"lea.matthesius@edu.tbz.ch"|"zr2lJa-oXES0K-MHEG2X"
"illustree.garlett@edu.tbz.ch"|"6rMdq#-BWF10s-2qJkZ@"
"maiwenn.meachem@edu.tbz.ch"|"Ych60W-P&4F86-1@grp2"
"marie-francoise.mcbrady@edu.tbz.ch"|"oogW#H-A7RyrD-5@VpB2"
"illustree.gimbart@edu.tbz.ch"|"uO@v1a-pvGt3&-6w5Q&E"
"melys.lyosik@edu.tbz.ch"|"6p8$%L-@U8&b&-zg&aHg"
"marylene.mcnab@edu.tbz.ch"|"UGJxNO-1OH&95-pZalaz"
"gerald.blount@edu.tbz.ch"|"nE0Roo-CXNguY-Doju$#"
"clelia.shakelade@edu.tbz.ch"|"boujfS-ssKLVd-BU2rba"
"penelope.cridlin@edu.tbz.ch"|"z#dZuS-j56#yH-q2jLL5"
"maena.okuddyhy@edu.tbz.ch"|"@#l$J2-S$r3%y-e9Rnbe"
"athena.keynd@edu.tbz.ch"|"ZzpcAG-wq7Ce9-yeMAhl"
"cloe.dwine@edu.tbz.ch"|"5l2KeY-0rjYLz-cA1gBE"
"josephine.browett@edu.tbz.ch"|"jp213k-alE%ix-WPHu%C"
"audreanne.oscanlon@edu.tbz.ch"|"2wYxSi-gIUEbJ-JUefLl"
"fei.jeanequin@edu.tbz.ch"|"9SLDrh-etsSQl-X%pnY%"
"lois.gormally@edu.tbz.ch"|"HWQUC#-ByWT&o-SvEw@z"
"marie-francoise.finnigan@edu.tbz.ch"|"aYh$@f-1#Wb$p-irIrbn"
"leonore.trussman@edu.tbz.ch"|"UOh@JM-%9QSUo-4GEXZD"
"anaelle.trumper@edu.tbz.ch"|"wXPPjT-s8CwaW-dRa0KM"
"clemence.dionis@edu.tbz.ch"|"1YVPCK-9mvg2N-UxU3$b"
"lois.tranmer@edu.tbz.ch"|"Tzg6nz-Ex4Em#-V#oV$y"
"interessant.volett@edu.tbz.ch"|"yo40QG-gkiD#I-VChpNf"
"personnalisee.deackes@edu.tbz.ch"|"1EnqP8-JdCUaJ-6K5$8i"
"lie.vasiliu@edu.tbz.ch"|"7$t9JC-R8FYHi-MWq#be"
"dafnee.lamputt@edu.tbz.ch"|"b98LeI-RQOB$0-%MrPWZ"
"elies.bromige@edu.tbz.ch"|"AKnVCL-DS@v97-v3RUF7"
"helena.klosser@edu.tbz.ch"|"Ko1xgb-0YG7Ca-x1Kie&"
"andree.grim@edu.tbz.ch"|"tNT0S%-hoRWsE-bX%PF6"
"verane.coldbath@edu.tbz.ch"|"pkORvN-Or$dcv-sFn6Om"
"helena.bethell@edu.tbz.ch"|"CDPsyK-vnQuCr-$7uR7V"
"kalliste.carefull@edu.tbz.ch"|"x%fhiY-SLQLEs-hc&qNP"
"regine.odams@edu.tbz.ch"|"NEHipY-gt7knF-gu%90E"
"len.stannus@edu.tbz.ch"|"rv80VC-WS&Kl2-hUsa%C"
"angelique.works@edu.tbz.ch"|"v#D20I-@1X&GD-0Y@Lkl"
"goesta.rheaume@edu.tbz.ch"|"ud2pBH-a@idkN-wbyEKa"
"maelys.tynnan@edu.tbz.ch"|"scV577-NAC&R6-iTnl1P"
"maelle.carlesi@edu.tbz.ch"|"Tc0HHM-fnJ3h@-zhw0KC"
"anael.spurden@edu.tbz.ch"|"Lknvjm-W0RQ7h-KKnnTS"
"helene.pumfrett@edu.tbz.ch"|"EfUnI$-$6@qCT-UL$%iN"
"goerel.pearn@edu.tbz.ch"|"m&xulr-aMtzAx-$#rs@#"
"laurelie.dezamora@edu.tbz.ch"|"A3n7IV-CB1k@v-9E&1wZ"
"yao.twidale@edu.tbz.ch"|"a70e41-&B1PWY-iSL9yA"
"berengere.sola@edu.tbz.ch"|"xD3#So-hkiK@3-jImfaF"
"maelann.hardistry@edu.tbz.ch"|"uv07Dr-ZiPRrP-K0%yyq"
"severine.littlefield@edu.tbz.ch"|"lU&eIz-LNCpgQ-k@whHS"
"salome.heinl@edu.tbz.ch"|"@iC9X2-@qYv@D-9YxvXV"
"meryl.warbey@edu.tbz.ch"|"FH4pD1-DOdqiQ-K%@MFu"
"da.hunstone@edu.tbz.ch"|"MqjGPS-RcDt#&-GticHO"
"venus.broadbury@edu.tbz.ch"|"Pnqjvz-uQnlzk-bSTL#C"
"meghane.rentelll@edu.tbz.ch"|"T6Co#l-LoBM6q-596G&P"
"marylene.drewitt@edu.tbz.ch"|"3Z7gOm-seeZ&c-INr0v2"
"melinda.jacquemet@edu.tbz.ch"|"6oXXry-KsG#Pg-fy%6Ly"
"marie-josee.keyden@edu.tbz.ch"|"FyIW7y-1Zk7G4-G6NZ2X"
"asloeg.montacute@edu.tbz.ch"|"cN5$Y#-X%0PYe-Qsu6Pf"
"ku.andreou@edu.tbz.ch"|"n5ISOH-JTHMS&-kPdV&S"
"personnalisee.feaveer@edu.tbz.ch"|"rFSaNo-dD44ww-BRmV@4"
"laila.emptage@edu.tbz.ch"|"2g%We@-bGPxFv-5uDOCF"
"bjoern.dawdry@edu.tbz.ch"|"qbOqpu-Lxsqcx-LD$BXf"
"marie-eve.dinsell@edu.tbz.ch"|"aMBK$i-YN00qN-73r#aI"
"helene.follett@edu.tbz.ch"|"Vl8WRI-PdyhAo-TgXVCH"
"penelope.cordero@edu.tbz.ch"|"Nt5r7t-Exi$1C-5QZ9xN"
"boerje.beedell@edu.tbz.ch"|"QGjJ@Y-TtCHkL-drJxtc"
"nelie.ferne@edu.tbz.ch"|"Lq2r8N-kprENt-s12RwH"
"celine.ahmed@edu.tbz.ch"|"YpsK$#-JwixA3-jKaaKj"
"stevina.pimblett@edu.tbz.ch"|"Dno6L2-BHl8F5-#LgFCf"
"chloe.langlands@edu.tbz.ch"|"bB2zkQ-DnUiRy-FrY@IM"
"simplifies.maude@edu.tbz.ch"|"niUCFz-8x7wP1-SZtMDD"
"genevieve.decarteret@edu.tbz.ch"|"WYY5Wm-0zB%n3-UxeES#"
"marylene.mughal@edu.tbz.ch"|"xy@eai-i@USXj-n$MI@Z"
"goeran.guttridge@edu.tbz.ch"|"tHhNon-VAfGlR-d&S1rF"
"michele.smurfitt@edu.tbz.ch"|"MCf2JO-sfraDU-xxq6&o"
"methode.hadeke@edu.tbz.ch"|"kLmkjT-cM8@rC-4vhc#w"
"therese.rispine@edu.tbz.ch"|"ItVB2I-uNKmK%-$rkM&I"
"goerel.plumley@edu.tbz.ch"|"TOIr8q-bLMIns-6nv4d@"
"oceane.friett@edu.tbz.ch"|"xQqg5z-C8r$py-VN%AV#"
"marie-noel.achromov@edu.tbz.ch"|"OnAuiE-EYaBFV-$uLI7J"
"dorothee.storek@edu.tbz.ch"|"vvCogx-PkhSaa-l8lR2&"
"goesta.whittle@edu.tbz.ch"|"R$8BZN-Pgf63E-4UUN&T"
"desiree.casely@edu.tbz.ch"|"@KXENa-FS2p$x-P8o@6m"
"felicie.condon@edu.tbz.ch"|"NYKli4-j$u0Kd-5#uZrN"
"maelyss.frisdick@edu.tbz.ch"|"Q8%s9D-v5vf8B-dN2qb9"
"aimee.banke@edu.tbz.ch"|"8fu&S9-IKrE3S-GkIQC%"
"naeva.hodcroft@edu.tbz.ch"|"TXKgsr-3Jkyhj-T3ORW@"
"laila.gerrans@edu.tbz.ch"|"zfna@r-zYLPY6-zwhh0J"
"daniele.scrimshire@edu.tbz.ch"|"DL&ujY-swlqbX-BTaKF%"
"daphnee.sheerin@edu.tbz.ch"|"&LWx#s-9mO0Io-hZJ5Jf"
"pal.vanyukov@edu.tbz.ch"|"Zm9Ive-FM#LOv-feb07M"
"zoe.childs@edu.tbz.ch"|"mffdpS-4wxi98-fRbQOj"
"ai.corde@edu.tbz.ch"|"R5jOrn-4EiECF-tbkTL4"
"maelys.berryann@edu.tbz.ch"|"gYXEF8-CuNntZ-INwaxn"
"cloe.gladding@edu.tbz.ch"|"2Ug%uJ-@zoSkX-8sDray"
"wa.kinnaird@edu.tbz.ch"|"7wnPJQ-yfkS1i-20bU0a"
"publicite.brittoner@edu.tbz.ch"|"ghqktt-4u$g5V-SOC%83"
"rao.windress@edu.tbz.ch"|"N1q7bp-mGf@Kt-ox2eQg"
"uo.kollach@edu.tbz.ch"|"LfiNL2-xRf0H5-n#aIdB"
"josee.peskett@edu.tbz.ch"|"FOBN8d-3@j3pt-TJg#BV"
"annotee.hasel@edu.tbz.ch"|"lVdEGs-txr#3z-hN2DIq"
"cinema.lee@edu.tbz.ch"|"0cns9X-d51zTd-baztDN"
"lai.vedeshkin@edu.tbz.ch"|"BTi0x4-6z6eh&-LQ6q3q"
"renee.brisbane@edu.tbz.ch"|"ZXGzr9-%WczAT-mUnTgD"
"ophelie.blincoe@edu.tbz.ch"|"VDb$I9-VlAtta-42GnDn"
"zhi.prazor@edu.tbz.ch"|"c5tlCy-AFH0Ox-DhOmbR"
"annotee.maddicks@edu.tbz.ch"|"6NyGvT-miQwgZ-h0hJ4#"
"maelyss.codd@edu.tbz.ch"|"l#v#IN-sFM@11-i3tYXT"
"celia.peplay@edu.tbz.ch"|"zJhwhJ-G@jaiu-6PWWLH"
"interessant.skone@edu.tbz.ch"|"vnZl8F-#gk0In-Bbe3Z4"
"audreanne.hebdon@edu.tbz.ch"|"g&HkM0-TspH$E-8$1ZWV"
"oceane.glen@edu.tbz.ch"|"L1Gy0L-XBYF5p-te@Ek@"
"daniele.vanyushkin@edu.tbz.ch"|"X1BPC1-amX1OL-nnPN%g"
"daphnee.ayce@edu.tbz.ch"|"@b81kr-Q4kV07-3LUKwh"
"andrea.attride@edu.tbz.ch"|"u&nfCs-BZ%dbl-k75f%g"
"penelope.bridgwood@edu.tbz.ch"|"m0ahOb-KH8U$i-$q#S$z"
"mailis.drewitt@edu.tbz.ch"|"N1uwLp-ff9rRB-yE%uK7"
"penelope.mollene@edu.tbz.ch"|"4ssDom-9xRuJR-8gg9Rw"
"illustree.keely@edu.tbz.ch"|"sNfnH9-nhYscK-jd3G1t"
"meng.brisseau@edu.tbz.ch"|"qr8c&G-41XhI6-VEb4WK"
"ruo.cleiment@edu.tbz.ch"|"FCZIhE-OWcWkj-ovOt1p"
"maite.krammer@edu.tbz.ch"|"Q98Pus-ifYbdD-#aMDe6"
"genevieve.verry@edu.tbz.ch"|"WzUivk-lbIDbw-lrQk#w"
"lea.olochan@edu.tbz.ch"|"7mApds-2CiscX-G&9GpL"
"naelle.brunnen@edu.tbz.ch"|"3gX%A7-F0y27e-&zaL@r"
"goesta.bragginton@edu.tbz.ch"|"zBMS$q-dqhg##-dxylFZ"
"fei.danilyuk@edu.tbz.ch"|"9lf8ag-YZiTMk-hFyfbr"
"adelie.turbitt@edu.tbz.ch"|"lWa$sd-Au#yaT-Dgd%wg"
"marylene.nutman@edu.tbz.ch"|"9TWebQ-NIgj$s-5yn3EW"
"therese.barbrick@edu.tbz.ch"|"yWTk5e-jBSDwS-uuYkyz"
"melys.kolodziej@edu.tbz.ch"|"xUKeM%-MXkoIm-qw%wtU"
"melanie.runchman@edu.tbz.ch"|"TUI$hT-18pm4W-eo@dA8"
"serena.lafond@edu.tbz.ch"|"IbZYsT-&o3woD-F2w3LH"
"pelagie.desmond@edu.tbz.ch"|"htVTLs-6O3G@9-lZqVgN"
"wa.spickett@edu.tbz.ch"|"MAu$cM-3V2CLR-tjbZQt"
"po.shave@edu.tbz.ch"|"Lt3D0L-Om&51B-wjJ9H5"
"song.huikerby@edu.tbz.ch"|"54N6fW-0yZTqT-#Yq9HL"
"melinda.bimson@edu.tbz.ch"|"5#33VQ-Nou8iU-B09yDe"
"personnalisee.toffanelli@edu.tbz.ch"|"IgrRq4-rp#29K-GG2W&i"
"leandre.hurn@edu.tbz.ch"|"RzcaDv-#n3D%2-vE57A6"
"oesten.standell@edu.tbz.ch"|"EEH0fU-Bwduw5-9m$9x3"
"naelle.smaleman@edu.tbz.ch"|"YxvsSE-u3HZU6-R7BqzB"
"berenice.tayt@edu.tbz.ch"|"zlJABt-i%SIqU-@ZJ0aA"
"kui.popplewell@edu.tbz.ch"|"$bx%g&-C0CD19-ZT%i7c"
"melodie.ferandez@edu.tbz.ch"|"ChGZiB-9A5Aj2-l@kCH&"
"josee.negal@edu.tbz.ch"|"6EI#AK-CSoyS$-0NSvZK"
"melissandre.ferrelli@edu.tbz.ch"|"5x3Jan-J#IPOf-kjCTIU"
"josephine.kemmer@edu.tbz.ch"|"vWus7Q-d44i88-$rn5j3"
"maely.cayette@edu.tbz.ch"|"y3LEKC-OyUW@h-5lRlS2"
"nelie.vela@edu.tbz.ch"|"xds0JK-tyNXGO-Jeu4Fb"
"melina.cortes@edu.tbz.ch"|"%ZOoXl-qk57aN-%KBhMj"
"megane.leyshon@edu.tbz.ch"|"Uh8wT8-$0KXuF-h4bXni"
"regine.harrie@edu.tbz.ch"|"YYTXHI-SoDjVV-a9DX1Z"
"mylene.widdison@edu.tbz.ch"|"GS$lH6-zWdzdz-%81l$j"
"pelagie.vivash@edu.tbz.ch"|"DrDAIz-&e$ls4-Q%7W7g"
"styrbjoern.vicarey@edu.tbz.ch"|"Tty7uX-fksGCa-fZAbgR"
"long.kyles@edu.tbz.ch"|"aI4dta-h1dwbD-Myvrmy"
"stephanie.gipps@edu.tbz.ch"|"b47Pkr-IfFOqb-hKLuMU"
"clea.constantine@edu.tbz.ch"|"MqIqeH-njb2TM-IVD6JE"
"maella.cometto@edu.tbz.ch"|"vHb7fO-DDUvcX-g%XRS6"
"laila.aubrun@edu.tbz.ch"|"#Nx#QI-TJfv1#-RWFk9@"
"yao.austins@edu.tbz.ch"|"vhIgI9-#4dZJ5-051EFM"
"mailys.rylstone@edu.tbz.ch"|"SlTUaW-X7ymc8-gqot1g"
"adelie.curuclis@edu.tbz.ch"|"paCb6A-MIvH97-jzh0Lp"
"celine.longhurst@edu.tbz.ch"|"Sxg#0j-PJKHHL-kKUsJ4"
"gisele.hazell@edu.tbz.ch"|"#jbWeM-wAzbKW-C8Bfd#"
"celestine.ciccone@edu.tbz.ch"|"zE@ZLV-XaF6H4-v8$%VU"
"maelyss.doole@edu.tbz.ch"|"XgBQS2-I@E2Oh-r&lO#F"
"helene.grimsdike@edu.tbz.ch"|"wKcAsk-GUcAv2-RbV$w%"
"lie.macer@edu.tbz.ch"|"Z7e0jx-#Ry4LL-gOC66v"
"maely.izard@edu.tbz.ch"|"8P7FLr-iigGsT-KsTJmy"
"erwei.breewood@edu.tbz.ch"|"m6&x9B-6RrK3$-2NgQ1y"
"chloe.woolford@edu.tbz.ch"|"k&f#j6-wupg1P-fmgqL9"
"cleopatre.turpin@edu.tbz.ch"|"qSwx9L-DbrlMX-O885FP"
"melodie.surgison@edu.tbz.ch"|"NngUfz-1RKLGJ-1oyAJJ"
"elies.leander@edu.tbz.ch"|"KFaxIu-syKXtj-9Tqhs&"
"mediamass.reignould@edu.tbz.ch"|"17tMHT-X126sh-Dm#OSX"
"celestine.wasmuth@edu.tbz.ch"|"Ddxu56-wmEksN-99LleO"
"marten.jervis@edu.tbz.ch"|"kZi$Dz-#@bEPL-ijtChj"
"daphnee.bour@edu.tbz.ch"|"XDalmw-nr&&R0-qDs0GF"
"regine.harlett@edu.tbz.ch"|"GUVV4S-LJ8EfC-yai#pw"
"noemie.macaskie@edu.tbz.ch"|"gJ&JjW-q6kV68-O7Of7s"
"loic.renfield@edu.tbz.ch"|"S0LfvY-9UNnJZ-MneMmj"
"venus.kleinert@edu.tbz.ch"|"ZvZ2Pn-0Q#1fH-TWm381"
"marten.burlay@edu.tbz.ch"|"3sN&MH-gg%N0n-BDHXqW"
"berengere.radsdale@edu.tbz.ch"|"ixAopC-O3tbFR-17ygx6"
"genevieve.duckit@edu.tbz.ch"|"rrmD5h-LLHlTd-kOyMLi"
"maely.ligerton@edu.tbz.ch"|"VZs7$4-2mffh5-Gnabzc"
"maeline.ricciardelli@edu.tbz.ch"|"s10u#0-&4XRXq-TAvjZX"
"personnalisee.yggo@edu.tbz.ch"|"0av$tS-i23Fwh-4&lo9F"
"alizee.pettinger@edu.tbz.ch"|"qZJlpV-@Jp#ap-gVj6Jb"
"desiree.curnnokk@edu.tbz.ch"|"zLOw$Z-@FoujC-zkQdT8"
"dorothee.minors@edu.tbz.ch"|"fG%Nia-om6mFL-hQruhj"
"oceanne.kopmann@edu.tbz.ch"|"mTTkt$-ecLnRS-uIO7xp"
"almerinda.brodbin@edu.tbz.ch"|"j$mR3d-VR1eke-tOOvNz"
"yenora.carsberg@edu.tbz.ch"|"w$nEg3-SM95oG-yCP$yz"
"wa.beetles@edu.tbz.ch"|"18Ma5E-IdHK9A-@GlSKh"
"audreanne.abbot@edu.tbz.ch"|"LxmTVG-VVs%ji-rcNNmh"
"noemie.capper@edu.tbz.ch"|"BGkSiP-tVtzgS-cxZR5I"
"mans.abramamov@edu.tbz.ch"|"NWRev&-$wnMl@-#Dc1By"
"audreanne.blakey@edu.tbz.ch"|"ws6fqh-JkpqyC-tDTPU2"
"leone.klimpke@edu.tbz.ch"|"wTkXq#-7iiEiA-U#p8@w"
"lie.croston@edu.tbz.ch"|"K9rFVh-IG5MZw-%D2Kzk"
"anaelle.baistow@edu.tbz.ch"|"LEN6xt-$R7Czv-129G6o"
"michele.garwood@edu.tbz.ch"|"#3P@w1-e8F3C0-19636%"
"interessant.albion@edu.tbz.ch"|"#6B$sX-TJ5RKr-mpi7es"
"andre.brisco@edu.tbz.ch"|"w25$84-AguS64-#sZ8oH"
"tang.totterdill@edu.tbz.ch"|"#ud5UT-2%aU35-H34DTq"
"marie-josee.braundt@edu.tbz.ch"|"SRTOzv-MNYoRA-eKRF8#"
"lois.galer@edu.tbz.ch"|"OqjFnv-3&Ur$Y-kZ4rek"
"faites.pellamonuten@edu.tbz.ch"|"epYv@R-89zwdV-NA0YFO"
"mai.barfford@edu.tbz.ch"|"UdZ1cR-kw09I1-ZhLVA2"
"laurene.macilory@edu.tbz.ch"|"76x%TG-DN8Y$m-rly8n&"
"elea.peak@edu.tbz.ch"|"WrkrfS-aEwCoh-UG7LvN"
"rejane.doni@edu.tbz.ch"|"%Pm#4Z-VwrKQg-6e9AgA"
"mahelie.ector@edu.tbz.ch"|"33C7l7-WGazQq-TdjZGi"
"rachele.allum@edu.tbz.ch"|"nREEWG-aBBsmZ-WgRJ9L"
"laila.gerretsen@edu.tbz.ch"|"FVs05L-9BWBVc-wkj086"
"ines.bowman@edu.tbz.ch"|"Adm%gf-dhbIJv-E0D6ia"
"publicite.barbary@edu.tbz.ch"|"vnnQyN-bao8jk-I7qDDe"
"mailys.smooth@edu.tbz.ch"|"tvXg5A-me#p#8-FtjsP&"
"mailis.huguenet@edu.tbz.ch"|"bxk46G-54Fc7B-JOBo&n"
"lea.ewer@edu.tbz.ch"|"hk%&tf-opvFPX-oAjyZS"
