"email"|"password"
"melodie.vandervlies@edu.tbz.ch"|"CYRQTy-wZ33x1-esoV42"
"angele.edgecumbe@edu.tbz.ch"|"ppa&rr-fiqqPS-9ugUlg"
"zhi.andreasson@edu.tbz.ch"|"@@nX3S-MEKCSB-b&jt%z"
"judicael.koppeck@edu.tbz.ch"|"2%UETg-@kaTsf-E$HED#"
"berengere.capron@edu.tbz.ch"|"cM4Mz@-ZfT5Im-@3ucZ#"
"leonie.brosini@edu.tbz.ch"|"aZDppi-iAwqdT-0$%V&c"
"venus.garfit@edu.tbz.ch"|"dgyF00-gq4vMB-$9SlVK"
"melina.janota@edu.tbz.ch"|"nFoF3x-4aZs78-5@7tTC"
"laurene.bake@edu.tbz.ch"|"EN#&@d-STaE#@-Tu31Cn"
"regine.dorkins@edu.tbz.ch"|"gNTjGF-rOER#5-&mI4Yg"
"cecile.moffet@edu.tbz.ch"|"3Zbhu8-i09y9B-L2DGVr"
"maelann.labrone@edu.tbz.ch"|"vQDIvE-b%f6rK-jdzzm0"
"melinda.newbold@edu.tbz.ch"|"au4L&C-Yt%ZBz-H43bgX"
"mans.itzhak@edu.tbz.ch"|"k@KrYV-L2ObzP-ZMhoag"
"melodie.pattlel@edu.tbz.ch"|"Y$KDeF-IVql0V-mNDBUI"
"celine.bonett@edu.tbz.ch"|"GVx@@$-QvXfIh-4K#Gm8"
"adelie.mcgreal@edu.tbz.ch"|"WHby6i-rCKURH-vsQw5D"
"helene.soldan@edu.tbz.ch"|"#8Bs64-R#sj5z-aWD8r$"
"michele.cluer@edu.tbz.ch"|"7%vmCX-uk&djl-SDRpSl"
"maeline.mueller@edu.tbz.ch"|"EnEL@H-ueMh%v-vDE#uc"
"maelann.benedito@edu.tbz.ch"|"Vn%nIY-i1%szY-5ChVT%"
"nuo.gransden@edu.tbz.ch"|"E59LE8-4c3pa6-8qctrq"
"berengere.stainton@edu.tbz.ch"|"lKip4x-UmRwUg-SJhZ8r"
"wa.sabater@edu.tbz.ch"|"D&zAhp-BhCkUg-mKq6vq"
"anais.cochran@edu.tbz.ch"|"8hPsi8-UmgRzk-3wdnYM"
"gerald.bessant@edu.tbz.ch"|"ShQCI%-TdVx95-Bu3BZ7"
"ruo.coffin@edu.tbz.ch"|"lJEeS6-HIMygg-GF4pjg"
"melodie.mustill@edu.tbz.ch"|"fPA#xg-7NvDF5-Xgvfbi"
"ruo.stanesby@edu.tbz.ch"|"V2YBpH-TkAKAY-zlwqqz"
"noemie.antognelli@edu.tbz.ch"|"4MAk4p-4n28@3-FTdP@b"
"maelann.hughson@edu.tbz.ch"|"sf2rhA-8re8i&-bC$aq8"
"milena.mieville@edu.tbz.ch"|"sLI8Td-ru4@SX-D5zRBh"
"mailys.chamberlin@edu.tbz.ch"|"@o5AC7-@Wbdu7-cO9$Zg"
"nadege.tomalin@edu.tbz.ch"|"WMs8Yu-A0z#v#-$0rnTG"
"oceane.omara@edu.tbz.ch"|"SxJAVU-Fcq7YS-9z$6F$"
"cecile.aguirrezabala@edu.tbz.ch"|"EfnJvv-bPGO00-EtNQHY"
"maella.gwillim@edu.tbz.ch"|"U24qMl-p8YYGo-ce4iwf"
"lea.mcgahey@edu.tbz.ch"|"oXrjlT-tFc4S6-v@Azny"
"laurene.hagerty@edu.tbz.ch"|"VmeN2&-ur51ZI-%b4BcM"
"dorothee.link@edu.tbz.ch"|"#x4i#8-3stc01-e8JUYQ"
"clementine.kynsey@edu.tbz.ch"|"kIlrAE-k@twRb-7AwWON"
"lorene.smitherman@edu.tbz.ch"|"R#oZPH-x#cdAz-vy4x#@"
"cleopatre.klulicek@edu.tbz.ch"|"ZChFHm-OnfAIC-Qg2NXs"
"laurene.castaneda@edu.tbz.ch"|"HEtR#f-PW6Zxl-5IcKf6"
"melia.constant@edu.tbz.ch"|"wWke#x-A0dmbh-r1r66w"
"lucrece.clunie@edu.tbz.ch"|"%AQAIf-r@aZRS-xCJZvI"
"eleonore.mcmurthy@edu.tbz.ch"|"93p9s3-mnGCIF-pZtsXY"
"melia.bevar@edu.tbz.ch"|"HzZKnp-BeQF96-NbxaE&"
"camelia.bontine@edu.tbz.ch"|"Tk3292-XNkfMC-QzyK2Y"
"methode.jozefczak@edu.tbz.ch"|"c2PC4A-TtaLEC-8p@Zz%"
"audreanne.hinsche@edu.tbz.ch"|"PjLuGK-M#fiRE-@@H22B"
"andree.varne@edu.tbz.ch"|"JHPbvZ-HlYT7B-STK8gH"
"marten.kinleyside@edu.tbz.ch"|"MU3dxV-HINYv$-tcfGTZ"
"esteve.mcewan@edu.tbz.ch"|"V@OZw&-netFiM-IGxSSS"
"leane.dibbert@edu.tbz.ch"|"erR$MB-Laeg$z-egbzx%"
"ma.thewlis@edu.tbz.ch"|"a9K&z8-3zvTZh-zHkEOu"
"clea.djurkovic@edu.tbz.ch"|"F5MLzl-kNNgQ#-CYITlz"
"rachele.reburn@edu.tbz.ch"|"9AsTc4-KBfx9e-&7sTtN"
"gerald.gowling@edu.tbz.ch"|"ZdixHH-vZ%w8c-D$8tIg"
"cleopatre.jackson@edu.tbz.ch"|"DzR&fx-$uJz3P-qHN84M"
"desiree.haskins@edu.tbz.ch"|"kgLUZv-Dlz@m7-DY3xDI"
"eleonore.longson@edu.tbz.ch"|"qSCVDL-wJBcFn-4mbJY1"
"leane.dybell@edu.tbz.ch"|"&s0CZZ-qiSW2q-SlthqD"
"becassine.grzesiak@edu.tbz.ch"|"MrC7rX-SnmzTx-gr1iU#"
"marie-josee.pickin@edu.tbz.ch"|"O8eLRM-Ej%l7%-87Rp2n"
"marie-josee.roxby@edu.tbz.ch"|"xbl3eY-7oqj1t-d4YzQ0"
"leonie.feenan@edu.tbz.ch"|"W1eFXS-Txu6Nl-G16M7C"
"valerie.ellum@edu.tbz.ch"|"4xorOk-dnzRID-NW8gwE"
"ju.caseri@edu.tbz.ch"|"d0Zq7U-wlqHti-xX%FrV"
"boerje.strangman@edu.tbz.ch"|"@vizUa-AF8T$#-$rVaDV"
"beatrice.ghidelli@edu.tbz.ch"|"xxDhlU-uYpIbu-Dop@Rk"
"da.jablonski@edu.tbz.ch"|"SXKsPz-3wMQBE-&2DPWn"
"uo.beveridge@edu.tbz.ch"|"hjEOzI-MK@WGu-Qf9K&6"
"valerie.bestman@edu.tbz.ch"|"xQ$963-9m%tIj-Dc9Q%#"
"marlene.pohls@edu.tbz.ch"|"Qdv1iC-Vt&Uxa-OnbyL6"
"ma.nolda@edu.tbz.ch"|"S@D$lO-N%p84%-BPl4PE"
"marlene.bisiker@edu.tbz.ch"|"aVf%%s-JMMWIt-SxiQYc"
"estee.babon@edu.tbz.ch"|"E9rV%R-mCLLg1-zv6VPI"
"simplifies.dmisek@edu.tbz.ch"|"KBn4he-#ghl9$-%WzvhO"
"selene.ganing@edu.tbz.ch"|"84tB9t-6Xu@UI-kYUQJN"
"meryl.penke@edu.tbz.ch"|"NdOVkO-KQJmj6-B0wIQm"
"anais.rawcliff@edu.tbz.ch"|"Ont#Gd-z#VV$e-0yQHjo"
"melina.andri@edu.tbz.ch"|"EZBYin-cyvJNU-fp3FJk"
"audreanne.fodden@edu.tbz.ch"|"xfoK8K-Gt8TPF-YEzjnp"
"bjoern.spellesy@edu.tbz.ch"|"Te6eCq-g&ghe0-q%Br1N"
"francoise.summerscales@edu.tbz.ch"|"ZHuBX#-FTTBRd-6niwiF"
"laurene.ashtonhurst@edu.tbz.ch"|"rf48sr-vopvQG-Jc$9Qn"
"valerie.petters@edu.tbz.ch"|"bVXL#i-K96kU6-Ktf@Cn"
"anael.spenclay@edu.tbz.ch"|"e0g8N%-Ex9HLd-V9bxuA"
"stephanie.keech@edu.tbz.ch"|"sfXBAa-YGnMG#-12yOZ5"
"ines.deveril@edu.tbz.ch"|"KCEVhm-iCV#Qw-1wkurZ"
"berenice.gelder@edu.tbz.ch"|"c3Q#aR-Quu#9b-wPMs#m"
"melanie.ofogerty@edu.tbz.ch"|"r7UkjA-kFYe5U-bLh#Lj"
"frederique.canepe@edu.tbz.ch"|"pqtdH0-@i4rYP-htERRq"
"nuo.otton@edu.tbz.ch"|"HklGCr-tgloxE-hLtw@2"
"genevieve.trusler@edu.tbz.ch"|"u8@Qnd-Eqi&S8-GNdBsl"
"ju.boag@edu.tbz.ch"|"ys#2Du-RlCDKx-JRTkVo"
"josephine.dilucia@edu.tbz.ch"|"OHZn58-L0BVPU-A%9bot"
"laurene.armsden@edu.tbz.ch"|"SrJn7o-cfEowZ-fXiLmP"
"becassine.griffe@edu.tbz.ch"|"L2a6s#-&HnU41-5dXpO9"
"alois.parres@edu.tbz.ch"|"zWmJF2-3TXGeW-Lx&lgN"
"cleopatre.gaffey@edu.tbz.ch"|"UsS9sk-5g%ToM-zElaUY"
"andre.stiger@edu.tbz.ch"|"KbNdpL-UzXplX-b3Nl$J"
"beatrice.godleman@edu.tbz.ch"|"tvdjEL-4b2&FG-PndrSo"
"hakan.harrhy@edu.tbz.ch"|"4GV6dB-TCDeIF-xGb&mN"
"celestine.dagnan@edu.tbz.ch"|"gD$c5B-e3pyUK-1A#2%9"
"clemence.haggart@edu.tbz.ch"|"oOUjds-GtraUE-%dTQdL"
"long.caban@edu.tbz.ch"|"fE3BSw-sHm1GK-J7$Kwd"
"gaetane.grimble@edu.tbz.ch"|"nwPLbb-6XsoBV-W#9qGb"
"maelann.piwall@edu.tbz.ch"|"bbpkts-q#s9TI-07BEHw"
"magdalene.loble@edu.tbz.ch"|"CRt3yf-mMmuAN-rU3JED"
"veronique.domaschke@edu.tbz.ch"|"SyEXqP-rYQbt@-#@7Ws6"
"clea.herity@edu.tbz.ch"|"DLT6&E-T0eq$k-RKiLdv"
"maelann.bambrough@edu.tbz.ch"|"g63O&7-2DoDUJ-RzIzh3"
"clea.goulstone@edu.tbz.ch"|"nRIw08-fswOhb-Kyf$af"
"renee.deleek@edu.tbz.ch"|"EUwLHX-e46y77-aIvAfG"
"boerje.rudderham@edu.tbz.ch"|"@FEtcg-sSG2cj-DMskIh"
"marylene.broune@edu.tbz.ch"|"noJN#E-h@1JCK-rGK1jD"
"nadege.mccuish@edu.tbz.ch"|"Ejk1Ji-W$Q#7o-HA0lv8"
"anael.littleover@edu.tbz.ch"|"#eGBap-QWx&d@-cgmFe&"
"lie.baume@edu.tbz.ch"|"KegG$V-iY1uJ5-G@UZ3@"
"maella.murrow@edu.tbz.ch"|"sUOA1P-vxM0$3-tNCGaE"
"cleopatre.pettifor@edu.tbz.ch"|"Nz8&1t-hE2wH2-06YTEn"
"geraldine.asker@edu.tbz.ch"|"35@DON-NX0V$y-6$MH2j"
"gaetane.smedmore@edu.tbz.ch"|"psL#X@-gUd#6e-Y6CB@G"
"meryl.blencoe@edu.tbz.ch"|"nsUM&t-fRMMGq-zC$Z2&"
"aurelie.chastaing@edu.tbz.ch"|"OivH5q-B5cVE9-125H&%"
"oceanne.marthen@edu.tbz.ch"|"Y4J1bi-bkP7#D-wXgK%T"
"dorothee.burrill@edu.tbz.ch"|"j#Opcj-oZNNsP-v@Qv&1"
"hakan.belden@edu.tbz.ch"|"iqVfFs-f1YEy5-F6i9D1"
"celine.brunning@edu.tbz.ch"|"YDVxNY-egM@1$-v@R%ow"
"anael.lapides@edu.tbz.ch"|"w40An6-7RRQ4N-Jgo6O5"
"ruo.saffran@edu.tbz.ch"|"3kkftB-vY%2ha-@9YixY"
"loic.gerretsen@edu.tbz.ch"|"#6WE#Y-FcllIu-8diCrz"
"rui.fitzer@edu.tbz.ch"|"oDl5Yo-XJ5Vxm-mN3oXs"
"annotee.ogers@edu.tbz.ch"|"VWFKpZ-0@z#Ol-g63fLP"
"boerje.bindin@edu.tbz.ch"|"vo@Ppj-cE0HdI-mFHmg7"
"ma.cronchey@edu.tbz.ch"|"a@U#RY-20@cT4-aToXdq"
"laurelie.baiyle@edu.tbz.ch"|"PTg4c5-leQD$V-a4I1rH"
"dorothee.older@edu.tbz.ch"|"HX&XwH-SRQMDP-#rHDGs"
"laurena.wile@edu.tbz.ch"|"SmMpHc-EkJac#-YdjdD2"
"clemence.brito@edu.tbz.ch"|"tU#ukY-t6NcY$-MZBpbj"
"nadege.dallin@edu.tbz.ch"|"Vn0LmO-0mrymc-zjMWIp"
"mailis.matley@edu.tbz.ch"|"%hSrXn-Auw1w1-au%G9P"
"daniele.screaton@edu.tbz.ch"|"IiAYX0-Mb&9fq-SYrDW$"
"mediamass.godly@edu.tbz.ch"|"zj&I2t-pIiIfl-JaNvKZ"
"leone.kremer@edu.tbz.ch"|"gXx$cS-ZL3BQB-LEG&o5"
"asa.adrian@edu.tbz.ch"|"z09Ui8-3xmB62-FM$Xz@"
"adele.doley@edu.tbz.ch"|"o%4bqD-&fxqqZ-dA2s1P"
"fei.sidney@edu.tbz.ch"|"u0E@gW-Q82CCs-@PdsyO"
"marie-josee.walisiak@edu.tbz.ch"|"67DwHU-b9elX%-CzZK58"
"desiree.diplock@edu.tbz.ch"|"vPot&j-mQH27V-vtNsWV"
"gisele.schust@edu.tbz.ch"|"l5j&56-@sIOZA-%vkZtW"
"ma.longshaw@edu.tbz.ch"|"WH2c$S-Wtg#Hw-Z%7uFq"
"da.boother@edu.tbz.ch"|"F7C76e-%lxfMW-1Alsdz"
"simplifies.chaudhry@edu.tbz.ch"|"GWBYZW-4ei#ds-W7@C8D"
"garcon.baniard@edu.tbz.ch"|"ZnIu5e-q$MFDA-%sZqc8"
"gaetane.elphee@edu.tbz.ch"|"VdviUM-fiskUm-%7KR8D"
"gisele.hassey@edu.tbz.ch"|"kLpmTT-Hgg2j$-ToFHtH"
"oceanne.booley@edu.tbz.ch"|"%LdToS-QbeMK0-Q0qghk"
"oerjan.dibden@edu.tbz.ch"|"1sd4AO-UbZWR2-ruIWzx"
"regine.ocleary@edu.tbz.ch"|"G3pGYY-HnzAIn-0qAzND"
"selene.persse@edu.tbz.ch"|"yLhJ#E-U%w6P&-2V8qwB"
"helena.adenot@edu.tbz.ch"|"L9Hov5-KQ#g6#-%pbRRw"
"maelann.wassung@edu.tbz.ch"|"eQlqEh-NHHuJD-Nd$brA"
"frederique.ackermann@edu.tbz.ch"|"u3DRmP-RmZXas-s@1gMP"
"audreanne.kahen@edu.tbz.ch"|"yy$Jt#-%z#9qS-A%cten"
"maiwenn.lasty@edu.tbz.ch"|"sz@iu0-sX&B5G-xMUX8k"
"yu.dictus@edu.tbz.ch"|"N$mNH3-HOke70-PYNlaH"
"anae.dukes@edu.tbz.ch"|"e&7Mr$-DQVoTg-YFU9S$"
"yenora.warr@edu.tbz.ch"|"tgfyiY-t3fWV2-bTG2Yz"
"esbjoern.archibold@edu.tbz.ch"|"&FbH09-lVFJHq-DyezC1"
"milena.pardal@edu.tbz.ch"|"grqqmR-OU#%Mn-TG1k72"
"celestine.graveston@edu.tbz.ch"|"1WeFcq-hzgBTL-FM0m8c"
"maena.dallas@edu.tbz.ch"|"c2zYmj-T6rT1b-pisyC6"
"andree.tuke@edu.tbz.ch"|"57NTzV-AJa8hG-VmvgsC"
"methode.seldner@edu.tbz.ch"|"QAiAE9-P4wyR2-dKQvAQ"
"venus.bullas@edu.tbz.ch"|"vnzyCn-Ar3oeJ-fF4xvK"
"mans.aguirrezabal@edu.tbz.ch"|"7tOkHN-&vLWtx-epcCj8"
"gaelle.eadington@edu.tbz.ch"|"lOmaf%-5&uRIa-GYwr7x"
"anaelle.falkner@edu.tbz.ch"|"Hc6Qwr-XHG3dk-WRLq8G"
"ophelie.height@edu.tbz.ch"|"7AIcdF-FbpYb0-25AVh8"
"marten.bolding@edu.tbz.ch"|"p24TV@-iZtctN-uuTaQV"
"pelagie.guswell@edu.tbz.ch"|"t#xCLz-NK8y&f-dowgOL"
"gwenaelle.lecount@edu.tbz.ch"|"QIQpRB-m7LTs8-tK&qX8"
"hakan.laden@edu.tbz.ch"|"H05aQv-7N@fG1-LH&uzG"
"marie-josee.hylands@edu.tbz.ch"|"LX42Gb-S3ZQ$4-HizS7k"
"zoe.kingshott@edu.tbz.ch"|"Cba&3e-9%nJ2E-CmYoIe"
"josee.janous@edu.tbz.ch"|"FdWgzC-Wpt#z4-Yjom&B"
"laurene.gallally@edu.tbz.ch"|"6uyIqB-CbGzH5-cAa#pc"
"anael.bickle@edu.tbz.ch"|"zadloS-iTdof5-sjgaJD"
"mediamass.lebbern@edu.tbz.ch"|"fLDOHv-an9vFS-$@8#A8"
"berengere.hovy@edu.tbz.ch"|"quggZD-#TJ1Tc-qI&#P&"
"oerjan.kilmurray@edu.tbz.ch"|"k@Di$r-$FouYM-cKmAWF"
"asloeg.venny@edu.tbz.ch"|"MOPdjP-2%%s@W-a6MlH2"
"marie-noel.stoad@edu.tbz.ch"|"r&Ca7V-OmK0SI-rAfB1b"
"hakan.pettifor@edu.tbz.ch"|"54MxRW-%E@H5L-lCuA2Y"
"maella.willgrass@edu.tbz.ch"|"jQoaqr-vcl5%3-7zlPvh"
"therese.ludovici@edu.tbz.ch"|"ltPRs2-#jZfkT-hvQuF3"
"stephanie.trewhitt@edu.tbz.ch"|"8Z8VGn-T0Onpv-G@$1Nt"
"maerta.bauduccio@edu.tbz.ch"|"k4H6ow-GHWRAC-&KwM8l"
"gaetane.glaisner@edu.tbz.ch"|"51pjGL-7Ymng8-coOcSW"
"naeva.pargeter@edu.tbz.ch"|"VLg9Y3-N@shxO-Iwg66c"
"salome.venable@edu.tbz.ch"|"0ULtzp-%#04ZI-hGO9zO"
"boerje.thickett@edu.tbz.ch"|"2Iv$&o-fnXcUB-rgp6Ik"
"lucrece.prendergrass@edu.tbz.ch"|"QaTIDf-QRnh17-9GTNgF"
"laurene.ockleshaw@edu.tbz.ch"|"3dB$HE-s2m#ie-a&gXtu"
"cecilia.pasticznyk@edu.tbz.ch"|"a5fB$1-tcAx@o-oq6Tka"
"stevina.mackey@edu.tbz.ch"|"l$X8Z$-OxlWM7-9NXWD8"
"marie-noel.reven@edu.tbz.ch"|"@OU0h6-2aS4Nl-V2@Nke"
"melina.quilkin@edu.tbz.ch"|"KfIjhh-Xe9Wng-jWC3Sk"
"marie-noel.ferrie@edu.tbz.ch"|"S&5K5Y-yjtxW2-U$ADaO"
"leone.alphege@edu.tbz.ch"|"c%JM#h-1gOT2&-F6GXj4"
"zoe.leverson@edu.tbz.ch"|"kFMewz-VelRAb-2nCygQ"
"annotes.grayne@edu.tbz.ch"|"pO71yx-6TSC&3-hoIWYg"
"faites.lalley@edu.tbz.ch"|"7YSAW&-ZchMkG-2$9Lpx"
"adele.wallis@edu.tbz.ch"|"NmSkSg-se9uWf-UaIoP&"
"severine.madill@edu.tbz.ch"|"Fk#2KS-jc88jT-zvp#7W"
"valerie.tebb@edu.tbz.ch"|"A9dujb-ln%Y$J-#FS4F#"
"kalliste.rasper@edu.tbz.ch"|"UwVrBw-uf6PYf-PcZnzY"
"audreanne.palomba@edu.tbz.ch"|"RV@Td@-VjQTie-ivTF7z"
"elea.adamik@edu.tbz.ch"|"qLY09B-XFy$rb-Grf1oj"
"reserves.jakuszewski@edu.tbz.ch"|"$p4yMQ-L#82MV-mCi0AG"
"athena.belhomme@edu.tbz.ch"|"9kipQJ-Z@I%xg-mppRM6"
"rebecca.crippin@edu.tbz.ch"|"Z8DBco-5zdUge-LjIBLU"
"maiwenn.curman@edu.tbz.ch"|"aN5kiI-4nB2mJ-2EVQRl"
"andree.bunner@edu.tbz.ch"|"x%CeWY-o9c1XJ-FBS5JW"
"ruo.winckles@edu.tbz.ch"|"6490pa-&o7$Vz-Jjsf8A"
"naeva.buntine@edu.tbz.ch"|"W$#4GR-c94w2&-RwWei7"
"boerje.dollard@edu.tbz.ch"|"Gn00C&-vA2hat-37lMzp"
"penelope.gorman@edu.tbz.ch"|"WMmIC4-L5OkSE-%1JV@s"
"alois.robelin@edu.tbz.ch"|"TX8sq$-Vq7mi9-NK%#&d"
"anaelle.tindle@edu.tbz.ch"|"naZ2B8-pi8qMV-UMTdta"
"ye.frears@edu.tbz.ch"|"jzJac7-UfN&a5-oZmO27"
"andree.ovid@edu.tbz.ch"|"3xzFLL-VTGg5o-UooNPR"
"hakan.peat@edu.tbz.ch"|"HD1wmM-2EsFFy-B7A4Vv"
"andre.januszewski@edu.tbz.ch"|"siZ#CK-q0dvgl-JV5W4a"
"annotes.clemmett@edu.tbz.ch"|"zTSurU-A@wFWN-QGdjPW"
"pal.lambswood@edu.tbz.ch"|"wIwN2Z-$bRhUy-Omudhr"
"yao.lenton@edu.tbz.ch"|"on0GcL-qajo3z-t#hUY5"
"hakan.boyton@edu.tbz.ch"|"njsEJY-t&DK0c-b#QtK9"
"nelie.forsey@edu.tbz.ch"|"YsaQai-3Gp8DJ-1yz5L4"
"hakan.horche@edu.tbz.ch"|"ICBAcp-7K0GM#-Kd$umf"
"lorene.sinkings@edu.tbz.ch"|"R4zsRb-HGZCnK-T5cuMR"
"marie-therese.creddon@edu.tbz.ch"|"4Xp69u-Xcv9xa-6#p9No"
"berenice.tolworthy@edu.tbz.ch"|"uWnagF-nY$UhW-7oW2Pa"
"theresa.land@edu.tbz.ch"|"wgF6xX-Dc6vmI-D6g2uS"
"marie-therese.gianilli@edu.tbz.ch"|"J0rOpj-BWTeDj-d@QEce"
"meryl.glew@edu.tbz.ch"|"VsACY8-0MqUQg-#Cb6Ml"
"adele.debling@edu.tbz.ch"|"A@aU1V-H4ow2M-NgjzX1"
"anae.metzke@edu.tbz.ch"|"Bh9suI-0vApgp-0mhv&b"
"gaetane.gooden@edu.tbz.ch"|"eiAVDH-ffG0Ct-oyiaHu"
"laila.bootland@edu.tbz.ch"|"bZnOkD-4JvEPW-uZ4raH"
"maite.helsdon@edu.tbz.ch"|"kbeHRD-CO%yQ4-s5xORZ"
"andree.malley@edu.tbz.ch"|"uEtfpo-6w#17%-ZKA4Fc"
"pal.simmens@edu.tbz.ch"|"2JcDcR-ZtyUEb-IDdTpo"
"maelys.nuccitelli@edu.tbz.ch"|"BJGCyl-8S9i99-12h0xz"
"dafnee.sibary@edu.tbz.ch"|"pwYpkA-OoCH3v-%3U05c"
"alois.harsnep@edu.tbz.ch"|"4maTn3-$$RjR7-eFYziz"
"marie-helene.lacky@edu.tbz.ch"|"JWsLnp-B#yWCH-a$3RPC"
"mylene.youthed@edu.tbz.ch"|"gNU5vV-#MGZ7I-oRwNYO"
"marie-helene.dehmel@edu.tbz.ch"|"qzFLXD-6B&f@e-N#KwCL"
"angele.batman@edu.tbz.ch"|"tnED2e-OqGFj0-zw&Ykx"
"melia.younghusband@edu.tbz.ch"|"xBEbA0-xZPskQ-0mJeQE"
"eloise.baldi@edu.tbz.ch"|"R8XOr5-$RoO%9-jgYNQ1"
"illustree.dun@edu.tbz.ch"|"MntOnG-5b4gza-yhdKhX"
"genevieve.late@edu.tbz.ch"|"8eqYmO-RIuynE-FNmc8j"
"celestine.colville@edu.tbz.ch"|"NjrP1D-C86Fzu-xK%NCB"
"gwenaelle.scarlon@edu.tbz.ch"|"rAgJRr-%jXYT4-UuIxHE"
"regine.boddie@edu.tbz.ch"|"YrnJF0-j#lyCw-dy%6eb"
"creez.gaughan@edu.tbz.ch"|"WsRZVy-25YTyW-QNmyzO"
"gaia.longford@edu.tbz.ch"|"0S1Alm-8upFp%-xcT7WU"
"mailis.buckby@edu.tbz.ch"|"ieTaXp-4SEh24-ktglCx"
"song.parbrook@edu.tbz.ch"|"91fzxh-#lT347-SrZ@vv"
"frederique.heddan@edu.tbz.ch"|"95BdoH-2qnIzA-hyl8gX"
"ake.kirtlan@edu.tbz.ch"|"AaiAT6-rfGp40-CpLi#P"
"nelie.runciman@edu.tbz.ch"|"YmM&ic-0pXdTD-AUaMv9"
"mailis.cardnell@edu.tbz.ch"|"syFAj#-F%xLs3-da0UN3"
"irene.navarro@edu.tbz.ch"|"uITjXc-#qO#8h-veymwK"
"maite.cough@edu.tbz.ch"|"MZvlJZ-EipVUQ-8qmmnq"
"anaelle.stocky@edu.tbz.ch"|"aRGzsF-gqX%&V-Xbsvuh"
"methode.moulder@edu.tbz.ch"|"w&HIEi-l7nbZ6-EjMHmR"
"po.stafford@edu.tbz.ch"|"Q3zNwZ-XuGacS-oJ8CzA"
"faites.scraggs@edu.tbz.ch"|"ZyyGrm-UPkwlM-Pr8Z%e"
"adelaide.dullard@edu.tbz.ch"|"Hhei4T-De8vz5-XCM2qY"
"desiree.leonard@edu.tbz.ch"|"S%Na$M-%ezVIh-k%icmw"
"geraldine.badgers@edu.tbz.ch"|"itBGTl-3b0f3V-Hg0EgB"
"ruo.masic@edu.tbz.ch"|"Iz$lT%-DlndBT-j@N@AE"
"aurelie.lieber@edu.tbz.ch"|"jYIz7Q-RO1TnE-n#bFT7"
"naelle.balcock@edu.tbz.ch"|"Ub5Dpy-3ySxRv-fy4asp"
"camelia.elger@edu.tbz.ch"|"%e0RrS-zAk6&W-SH6Mxe"
"publicite.oakeshott@edu.tbz.ch"|"Fmw144-qcpm1V-3BxDiE"
"cleopatre.fawley@edu.tbz.ch"|"JhunU1-RTxDL0-iI42KC"
"laurene.bruckmann@edu.tbz.ch"|"VzqMsI-3%od$z-LYQ9qi"
"rui.haughton@edu.tbz.ch"|"laKUoE-Qth1h$-fHdRar"
"asa.ladewig@edu.tbz.ch"|"lyg9yi-o0eF7L-azYH@z"
"gisele.janecek@edu.tbz.ch"|"zzg3SU-W@T44J-%ERvRO"
"maily.loveridge@edu.tbz.ch"|"BS%J4i-5pTjnS-CJrcGD"
"marie-eve.yurkiewicz@edu.tbz.ch"|"zNRvXO-72X4I@-lHeXkn"
"fei.roder@edu.tbz.ch"|"h5kJR%-eohLgK-b4Ztw6"
"edmee.chatburn@edu.tbz.ch"|"NAwLoJ-ClfCiW-N$0ekd"
"geraldine.darke@edu.tbz.ch"|"0fh%#z-vKIFql-jQWHYU"
"ye.jira@edu.tbz.ch"|"vs49U3-5PmDQQ-Wnfk21"
"publicite.persent@edu.tbz.ch"|"E33j0G-$PQRza-KnyGJR"
"severine.wilcox@edu.tbz.ch"|"dkM&ni-XI@0m%-h5ws4s"
"yao.mcclaren@edu.tbz.ch"|"aPGod0-Mo08ew-KM09u0"
"theresa.foynes@edu.tbz.ch"|"1hhAAP-kTG@OM-TK9rWd"
"stephanie.isley@edu.tbz.ch"|"bRHywB-YS6AsE-mymyta"
"torbjoern.growy@edu.tbz.ch"|"y4RnpR-luqTfn-oeo#8r"
"eloise.tunnadine@edu.tbz.ch"|"s92RVr-HExBQZ-WRof#s"
"maeline.cossentine@edu.tbz.ch"|"FB2j1t-DPP05K-A@$z$P"
"nelie.desantos@edu.tbz.ch"|"NZOuPy-5Zc65b-mT$Y9X"
"gaetane.axston@edu.tbz.ch"|"z6sH$n-SLGu4%-jeCU2f"
"aimee.merman@edu.tbz.ch"|"o7IwCJ-1mCUdi-CwBT0g"
"oerjan.drivers@edu.tbz.ch"|"UJymvw-6whIjY-FO1vQm"
"aimee.miroy@edu.tbz.ch"|"BEPhh0-&XRE7S-$hFHbt"
"nelie.glyde@edu.tbz.ch"|"4N&zwD-AinG&p-@VMr86"
"hakan.kapelhof@edu.tbz.ch"|"Xw9ael-fqc4kC-f1A%vA"
"maelyss.cauley@edu.tbz.ch"|"ZXK#1B-75gcof-D4E6YY"
"elea.vaggs@edu.tbz.ch"|"NtIVtk-FHVDz@-$v&V8q"
"maelys.but@edu.tbz.ch"|"CuN1yT-0BFgxW-h3gBZ5"
"maella.arthurs@edu.tbz.ch"|"P8MgEy-E5$Syp-PHi@Uw"
"adele.liebrecht@edu.tbz.ch"|"zl@aP4-sgPyEN-zbaZs6"
"meline.lomasny@edu.tbz.ch"|"aa1eZl-RaN6wT-BggnNS"
"mediamass.schwant@edu.tbz.ch"|"pXxOvJ-qaJSzj-MWKxE6"
"leone.saunt@edu.tbz.ch"|"hf2awR-h4nxvA-0F$@D5"
"annotes.gouch@edu.tbz.ch"|"wquUCB-noKl9B-NbFRp6"
"gaetane.bowich@edu.tbz.ch"|"AIeL#u-0przrQ-Ul@bw2"
"alizee.strelitzki@edu.tbz.ch"|"Wth%x%-yVD8Az-ThUlb@"
"leone.poile@edu.tbz.ch"|"jFMKAZ-%CfjsP-Pg5Xk1"
"amelie.saban@edu.tbz.ch"|"PybV8I-&HvGUg-rUmTD@"
"marten.mcmenamin@edu.tbz.ch"|"K1g@eA-la#fyu-0OoY7M"
"becassine.keets@edu.tbz.ch"|"56NBC@-mAWhsl-HuYEI9"
"celine.million@edu.tbz.ch"|"3ZDfgH-yqm@TU-Furd9n"
"geraldine.belitz@edu.tbz.ch"|"spLAvu-zkQe#x-E6sIbK"
"salome.mardling@edu.tbz.ch"|"WNm8dZ-zO2TOr-6LuM2E"
"melia.blakemore@edu.tbz.ch"|"c0LZNS-ap@47K-hufvp8"
"dafnee.mcaulay@edu.tbz.ch"|"aJrcEf-wWjxyP-hnWviF"
"garcon.dennett@edu.tbz.ch"|"2jSJB9-xTgaPX-&i2Kx7"
"interessant.lesor@edu.tbz.ch"|"IdtKnd-6myWwp-llz1%c"
"annotee.wasbrough@edu.tbz.ch"|"tpoDfR-948@JT-z$a3gj"
"asa.ibbeson@edu.tbz.ch"|"rMYgxS-AMdA@H-blMoRp"
"maily.kennealy@edu.tbz.ch"|"5E1VqM-G46m%T-2Fpbza"
"ye.seares@edu.tbz.ch"|"%WJXFo-n03&U2-&dpSwr"
"athena.harbron@edu.tbz.ch"|"8YP6Bl-5HcdCO-Q8n9VS"
"andreanne.portail@edu.tbz.ch"|"OZ%Y5b-&5m2ok-4d%TVJ"
"goeran.zannelli@edu.tbz.ch"|"Mz3lLX-H4u@TF-nCj4Dd"
"gerald.leathlay@edu.tbz.ch"|"Y$8BrY-qj8j@k-Nfn2H7"
"andreanne.chown@edu.tbz.ch"|"Jj3qv9-Zs7QHF-&yvQ&D"
"esteve.clementel@edu.tbz.ch"|"$rQV#U-6q#8F4-bNdqN4"
"leone.legan@edu.tbz.ch"|"dZrSFn-&Fr6qV-N53gpn"
"maena.pownall@edu.tbz.ch"|"zV5be6-NTQLUR-tGIHMA"
"andree.rettie@edu.tbz.ch"|"8Ay446-DtdF5x-xeV7Ir"
"ines.kenwrick@edu.tbz.ch"|"7aCouX-#NJBxN-yrmBSB"
"marie-helene.yarnall@edu.tbz.ch"|"RisbuV-9Znfo0-y#HkYU"
"po.martin@edu.tbz.ch"|"B8aKiV-CgFhl7-P7eyZr"
"ruo.celiz@edu.tbz.ch"|"Icz6wM-GrDXfQ-8xP$@M"
"po.bissett@edu.tbz.ch"|"27OG66-5LUAmV-yro2h2"
"du.swindon@edu.tbz.ch"|"PeVK$f-NL&z22-nf3a4r"
"interessant.gouldthorp@edu.tbz.ch"|"O3V%DH-RGIQCX-3gOOgQ"
"leandre.lilburn@edu.tbz.ch"|"T&gEsh-xMt1Qu-8Gp$V5"
"bjoern.whales@edu.tbz.ch"|"D4w4Ke-pSgo8W-ZK3VI#"
"interessant.dieton@edu.tbz.ch"|"K2VlyG-SfX2wR-EEtUq$"
"celestine.redhills@edu.tbz.ch"|"84gUVR-7b#8GO-1qJ&LU"
"tan.yakovlev@edu.tbz.ch"|"Krpzvz-sJGe1O-sVFN#v"
"regine.mcdowell@edu.tbz.ch"|"6oRmgQ-YdCl%p-DCA7Qr"
"ju.coysh@edu.tbz.ch"|"a2#O%l-1xEiIn-KGrFPv"
"reserves.ofallon@edu.tbz.ch"|"HQuU$O-5JbUU3-2RrxqX"
"frederique.sobey@edu.tbz.ch"|"kmkyJm-diuUX1-ksLKvb"
"marie-eve.garstang@edu.tbz.ch"|"NYdxm8-JOn&pw-zm%udX"
"andre.tapin@edu.tbz.ch"|"6vrn7&-KS6QKE-iM%R&Q"
"esbjoern.eynon@edu.tbz.ch"|"j76@WC-6JXo5#-L5s6Un"
"maella.duffy@edu.tbz.ch"|"VH4I&d-bvKqY$-Yc7FTK"
"leandre.twinning@edu.tbz.ch"|"P3qdtz-A#SE0A-BFIpsH"
"mai.whittingham@edu.tbz.ch"|"rqt1wZ-IUWd3B-MuwG#h"
"rachele.shevelin@edu.tbz.ch"|"aGvXT4-UBrvJX-71CF&m"
"cecile.mcure@edu.tbz.ch"|"iu76sM-n&hM4y-p#@@v1"
"marie-eve.yurkevich@edu.tbz.ch"|"AHF%9g-wE44Y%-w&MoaU"
"almerinda.paice@edu.tbz.ch"|"K9Lt7A-fskCa&-jY6RXr"
"rao.howkins@edu.tbz.ch"|"vixVKJ-Y0Jo0d-zhjZS7"
"serena.pack@edu.tbz.ch"|"C8JMpX-dWMedW-FVPXYY"
"rebecca.mant@edu.tbz.ch"|"UEZM4F-kBhXL@-sLrxjT"
"reserves.spitell@edu.tbz.ch"|"eOzeX3-in#%DA-JEM89j"
"garcon.hamfleet@edu.tbz.ch"|"#ogqsr-D54liK-Le9bWM"
"methode.kerkham@edu.tbz.ch"|"E@ZXBN-GpfEzh-zmItrh"
"pelagie.camies@edu.tbz.ch"|"0Qo#2s-Nl#ij0-2wXxAU"
"josephine.macpharlain@edu.tbz.ch"|"ROaopW-Dg8qYh-nMorfr"
"eugenie.mathet@edu.tbz.ch"|"RX96TR-ud&%G@-nMi%mM"
"gaetane.brangan@edu.tbz.ch"|"$h3F7f-&aLyEZ-u&2Ocp"
"michele.dewbury@edu.tbz.ch"|"T5V5vw-ee67Ed-j@H2#U"
"eugenie.elcott@edu.tbz.ch"|"zbkAQH-lnDOUL-Vj67he"
"megane.harniman@edu.tbz.ch"|"zWji12-ZkpMzG-AAVE1V"
"agnes.cluney@edu.tbz.ch"|"Z&Xo2N-Zbe6Bt-@GmgVb"
"marie-helene.angear@edu.tbz.ch"|"MVVtll-2n0uij-IyJahy"
"melia.dolphin@edu.tbz.ch"|"Rgx#&C-3&nOHw-WFXvya"
"lois.ruseworth@edu.tbz.ch"|"uqE2d8-MDW#3l-5wUHaO"
"mailys.ryding@edu.tbz.ch"|"Dmjy$7-ebl1X6-B6Slvg"
"rachele.wulfinger@edu.tbz.ch"|"l2Ic%%-KQDo9h-G@IvSD"
"gwenaelle.talton@edu.tbz.ch"|"YvaiSI-ExBkH%-lxkjsw"
"long.ronchetti@edu.tbz.ch"|"tdiOLU-HKdFfL-f5%3V8"
"styrbjoern.kloska@edu.tbz.ch"|"JfarlA-lKjx2V-jJj1J0"
"len.sudran@edu.tbz.ch"|"ix5rq#-QFsOLo-er%DKT"
"maelle.andrysek@edu.tbz.ch"|"rtj5CO-gatU5v-m%pS4h"
"selene.senior@edu.tbz.ch"|"M06rPY-6s&j4h-CI9ecE"
"anais.joskovitch@edu.tbz.ch"|"@qNJ#D-rX84ae-BVk$@8"
"marie-noel.dally@edu.tbz.ch"|"PkhfNb-vK&Lhe-kU7BsX"
"marie-helene.laurence@edu.tbz.ch"|"@ZGJkW-fSW4hQ-8842%J"
"camelia.foxon@edu.tbz.ch"|"pACQeQ-ajZu@j-wms0Ya"
"helene.cankett@edu.tbz.ch"|"JP6YV%-vAvWBr-SDygkr"
"marten.mitchelson@edu.tbz.ch"|"Zv0D32-VQtqod-QxAyvK"
"helena.stirtle@edu.tbz.ch"|"NFtlub-IMMeXr-CZFbZc"
"leane.barmby@edu.tbz.ch"|"7jhAXK-PFx9fn-3w9qhM"
"goeran.ofinan@edu.tbz.ch"|"cFp9Ez-RxxH0Z-4$oCTG"
"styrbjoern.proby@edu.tbz.ch"|"AMCCY8-qAg%&d-AXOjSR"
"zoe.halse@edu.tbz.ch"|"UhqQD2-Vf#zVL-vTWaqA"
"kui.drable@edu.tbz.ch"|"InrWjO-Mw3rep-njn$kO"
"desiree.bamford@edu.tbz.ch"|"M8nExt-d1EC1P-@WPjcM"
"zoe.suller@edu.tbz.ch"|"6mEC5e-GWQVSH-O#vB1o"
"marylene.audiss@edu.tbz.ch"|"%jGKrv-2BqDUP-ixe0fy"
"adelaide.poznanski@edu.tbz.ch"|"xaDkFB-5R5$Uu-GLv2Kr"
"maella.coleyshaw@edu.tbz.ch"|"A0fVa0-mOIZFp-h4yKeE"
"marie-francoise.gelder@edu.tbz.ch"|"nMXjDO-@K%CYI-X&&u7D"
"eleonore.chaffyn@edu.tbz.ch"|"7p9JCQ-hvW3Zu-224J$A"
"celestine.sikorsky@edu.tbz.ch"|"GqWSCq-Ji6BCF-$7JvJU"
"stevina.londsdale@edu.tbz.ch"|"L&KhC1-t30A30-a3Gdyj"
"maiwenn.nevitt@edu.tbz.ch"|"jNZtTx-xHN8xC-Ra9q1H"
"magdalene.gerrey@edu.tbz.ch"|"0eYY0P-4h$HZg-jXXzlv"
"becassine.latimer@edu.tbz.ch"|"OBnLkd-BVEglZ-dBAuSU"
"da.lethibridge@edu.tbz.ch"|"cbuq8f-3ibJX8-SQG8Ys"
"mailys.claige@edu.tbz.ch"|"RhP&7t-OrBr@L-3iRLuh"
"maena.torbard@edu.tbz.ch"|"cFUAcB-74x2wd-7OJkUc"
"solene.lyvon@edu.tbz.ch"|"UA%E#4-YZrJ8x-B$KXSc"
"marie-therese.benbrick@edu.tbz.ch"|"U2ju32-0Vk&w9-S%qbhq"
"gerald.edmonson@edu.tbz.ch"|"99NT%#-QGLvzF-SxB#R9"
"ake.messruther@edu.tbz.ch"|"@GVY95-4dWAj0-WOGf5V"
"men.gosneye@edu.tbz.ch"|"VfWpZq-kwtOgi-U%KDMx"
"anais.jefferys@edu.tbz.ch"|"HjrCE8-7ksRBr-LMYJe4"
"publicite.tregale@edu.tbz.ch"|"oq8Gub-HTDJsX-GDaOsA"
"maily.santorini@edu.tbz.ch"|"jKr9n9-UP8Fa8-Xa6Ht9"
"ines.pioch@edu.tbz.ch"|"8P%aUB-EUr5&u-In$jU9"
"noemie.marklew@edu.tbz.ch"|"wA32jT-YmxUK6-888oxL"
"meghane.maccaffrey@edu.tbz.ch"|"9lrwdU-JqiwJF-TuO@CG"
"berangere.ambrogio@edu.tbz.ch"|"EIwCjU-#Wg8jF-OXyrNY"
"mediamass.ryce@edu.tbz.ch"|"DaVRNX-Jc6iKy-1JndGn"
"oesten.ubank@edu.tbz.ch"|"JfEIQq-O@sWnW-gAo7Mh"
"melina.mackee@edu.tbz.ch"|"XnTVCW-7uyG1K-C9C9rx"
"theresa.livezey@edu.tbz.ch"|"51SlfJ-vNzucd-MfeRo9"
"clemence.weal@edu.tbz.ch"|"v8J&te-u7NDW8-tcXD$K"
"faites.overton@edu.tbz.ch"|"@Q&wVC-X1YIeW-2FIORF"
"clea.lindblad@edu.tbz.ch"|"#77lbn-EYvMx8-F3O&&&"
"josephine.roseaman@edu.tbz.ch"|"9RSHeL-GzhKS3-51l%$H"
"oesten.lowbridge@edu.tbz.ch"|"bC$dhc-Ih&vW4-iXyMnx"
"marie-josee.brion@edu.tbz.ch"|"QvNP%I-m6XZ4Q-sldOBM"
"therese.basili@edu.tbz.ch"|"A4GJgF-hDUSO0-gTWjfe"
"melia.vertigan@edu.tbz.ch"|"0lA79d-DaOd42-auNvLC"
"judicael.saull@edu.tbz.ch"|"Xtma1@-rohtdC-oceJzA"
"selene.valentine@edu.tbz.ch"|"eGQ88f-YVRsnf-JnSQi$"
"verane.dunlap@edu.tbz.ch"|"e5DGvY-F16oau-ZeYohW"
"meline.kinnear@edu.tbz.ch"|"ebjPdi-f%Iact-qI#Tf3"
"lei.luttgert@edu.tbz.ch"|"dpLaBA-wfz%R#-@%TQZ$"
"styrbjoern.lathleiffure@edu.tbz.ch"|"JFBRjd-68lGnJ-OiNndd"
"marlene.blasi@edu.tbz.ch"|"hiznb6-g7uIqv-qynUE9"
"mai.begwell@edu.tbz.ch"|"unu@hc-4khrZK-0h@QUQ"
"gwenaelle.kaines@edu.tbz.ch"|"xlicAd-&M0QaF-q%WxFz"
"gerald.adamthwaite@edu.tbz.ch"|"#FlMM8-KW7hN7-yNUP1L"
"kui.hartfield@edu.tbz.ch"|"uaKy32-k3kMjg-PkoTag"
"salome.currao@edu.tbz.ch"|"Tka9@7-B6RJ51-Z@2T6%"
"angelique.tixier@edu.tbz.ch"|"LfihS%-yzEpeb-FLoT3&"
"ju.mcgragh@edu.tbz.ch"|"se@V&F-EZ#VR7-DVeuhI"
"dafnee.beachem@edu.tbz.ch"|"yYJEbC-Iyowxn-DQK@SI"
"creez.terlinden@edu.tbz.ch"|"FeClAH-@Us7#%-Ew%&4C"
"uo.mcskeagan@edu.tbz.ch"|"pcv3a1-zmMgaG-J9JL5L"
"edmee.mccaughren@edu.tbz.ch"|"YSSxQv-kzGhgV-kl$qBD"
"asloeg.cozby@edu.tbz.ch"|"UX1pyq-L3mpjs-2EL9Ic"
"melodie.traite@edu.tbz.ch"|"qcP6QX-OI1FF3-KD8Pj0"
"dorothee.aindriu@edu.tbz.ch"|"ExcPRq-Xz$WDH-%fvOer"
"daniele.doley@edu.tbz.ch"|"@hK4vF-U9GupD-$PVu8O"
"mediamass.fairclough@edu.tbz.ch"|"wlXT18-RYEzcH-i@qWjW"
"lorene.rainforth@edu.tbz.ch"|"$Z&#te-U8@7uR-DDP$jc"
"leonore.eyer@edu.tbz.ch"|"vviV8w-dKJJMu-A&xlrV"
"po.spillman@edu.tbz.ch"|"pbKPva-gteXC&-m5x28v"
"cecilia.plitz@edu.tbz.ch"|"N3$s&g-@HJCCV-dC8LMZ"
"lorene.ludlow@edu.tbz.ch"|"cJUyvK-pZfMjR-W46nmJ"
"berangere.neligan@edu.tbz.ch"|"%$7Ymc-eEWDGK-fXMaqp"
"simplifies.huggan@edu.tbz.ch"|"WiMOU6-#a3t%1-8KRNBX"
"clelia.prandy@edu.tbz.ch"|"9lojsA-$vMNKS-w@FOUz"
"ake.osban@edu.tbz.ch"|"$quwfP-TAM%&8-fUD9r0"
"cunegonde.brunn@edu.tbz.ch"|"j@zi5v-yqiLAi-SM4g3e"
"long.grizard@edu.tbz.ch"|"5t$9P$-b1QwKM-YBkLiB"
"meghane.diss@edu.tbz.ch"|"BwIqUr-&Jg8My-4MU2Qw"
"therese.oldman@edu.tbz.ch"|"Yu32ti-PdlqYJ-kig6OI"
"boerje.scamerdine@edu.tbz.ch"|"OMt2vw-RoNxuq-UcKFq&"
"du.saban@edu.tbz.ch"|"MsCsrn-%4h3mD-9IApRb"
"hakan.clynmans@edu.tbz.ch"|"q3bZsU-3185bx-L9#q5N"
"wa.macdowal@edu.tbz.ch"|"fbhcHA-4gmk0Z-2ns28S"
"venus.hatrey@edu.tbz.ch"|"w0OW@&-PQiwnE-jnrCoI"
"anaelle.vispo@edu.tbz.ch"|"NEOfol-JI%uY#-J70Vl4"
"mahelie.ollcott@edu.tbz.ch"|"BYnL5q-2uyi#a-h$WPSz"
"mediamass.whyman@edu.tbz.ch"|"y3BWxU-I#K6Ay-6FZEFr"
"esbjoern.basson@edu.tbz.ch"|"Ov4j&Z-Da718l-l0PyP5"
"andrea.morrill@edu.tbz.ch"|"i73QJ8-P43Qi0-k5mpmH"
"melys.grassi@edu.tbz.ch"|"xdbVc8-ILaaBj-B1A1Bd"
"leone.poleye@edu.tbz.ch"|"EWpd1b-8XEUt5-Xe4Gkq"
"francoise.penny@edu.tbz.ch"|"ANlSKj-&SvYxU-7RPyH1"
"rebecca.edney@edu.tbz.ch"|"c#753k-PphZ3Y-scWJ0Q"
"adelaide.murtagh@edu.tbz.ch"|"tPf#h$-vpTOUe-QT&MDw"
"stevina.winterbourne@edu.tbz.ch"|"QGi8MG-RwkWFh-tImWjM"
"ma.cottom@edu.tbz.ch"|"llbM@l-Ujs$ul-xzCK3H"
"tan.harold@edu.tbz.ch"|"q5sK%b-8C%QtU-PQjmPv"
"venus.forte@edu.tbz.ch"|"4e7ehj-YyCsyV-cAmk5M"
"almerinda.oluney@edu.tbz.ch"|"yGiOt2-c48$hm-xsFA&8"
"cleopatre.brehault@edu.tbz.ch"|"RkJwp2-rwVoxd-aB9hfZ"
"interessant.lapides@edu.tbz.ch"|"TTNq2s-%GSzl2-g0Fix9"
"reserves.hallatt@edu.tbz.ch"|"M9jiJ3-#8K3z8-OFbBcf"
"annotes.birdwhistle@edu.tbz.ch"|"9Mca0d-BwiYot-%x@hgh"
"ai.dredge@edu.tbz.ch"|"PhL5Pq-ovyXBH-UukLh1"
"megane.mussard@edu.tbz.ch"|"4&I9t3-1FV6bK-ONck49"
"esbjoern.gowrich@edu.tbz.ch"|"uh@5t2-X6ELMy-uI%T6i"
"boerje.brislawn@edu.tbz.ch"|"$SH&pS-3cW01Z-3%6TKS"
"becassine.wilce@edu.tbz.ch"|"s6qCXl-8JiiuA-@cQUx0"
"personnalisee.oels@edu.tbz.ch"|"raBL0z-zOR$&L-8Avy9s"
"verane.pett@edu.tbz.ch"|"siWRXp-6yGKD4-9Hf9VR"
"marylene.glewe@edu.tbz.ch"|"iC9wwI-xYjwFu-&9gEq4"
"lai.elson@edu.tbz.ch"|"4VTljM-82VZWX-DSRLBG"
"serena.difranceschi@edu.tbz.ch"|"cZylUu-Fs7rwP-Px3k4J"
"lie.espinel@edu.tbz.ch"|"&S5#it-LFkuvf-QCD@$y"
"marylene.fantini@edu.tbz.ch"|"SjQfpP-eDr#Pv-jN8#Jl"
"andre.archdeckne@edu.tbz.ch"|"t2B99O-Lu6AkY-ofDd#p"
"goeran.bohlingolsen@edu.tbz.ch"|"ywe8I4-W#meDg-N96Sr7"
"cunegonde.heffer@edu.tbz.ch"|"sGuF3i-kLcSbY-0Ym2N4"
"tan.fechnie@edu.tbz.ch"|"&7olJu-5CTsRt-L3UKtM"
"marie-noel.brammar@edu.tbz.ch"|"YyW7yV-CTS$zH-SmYMGe"
"simplifies.aven@edu.tbz.ch"|"rqtTPB-ybzBky-9#5yx0"
"melys.pinchen@edu.tbz.ch"|"U6hHs7-xcoXwa-Zw%79Z"
"edmee.joyner@edu.tbz.ch"|"InAJrN-qfWFhX-T7A63A"
"berengere.edess@edu.tbz.ch"|"N%$zcr-HsGAkg-niAvcT"
"marie-noel.goward@edu.tbz.ch"|"HYI$uI-sP#SAq-S%qUn&"
"ju.edmons@edu.tbz.ch"|"f2FXUy-5Hz5$2-ZU9b$S"
"frederique.airds@edu.tbz.ch"|"zWXBLz-ZvJeRQ-Viuhie"
"reserves.dauby@edu.tbz.ch"|"trzjpg-wSej3s-6MO2jv"
"hakan.gynni@edu.tbz.ch"|"EjAo02-3y#GWG-eACCry"
"leonore.pinwill@edu.tbz.ch"|"&uQ6NM-B81DaY-mrE7Vl"
"marie-eve.mcallan@edu.tbz.ch"|"3qiW68-R5soMV-aU7yAQ"
"naelle.yeabsley@edu.tbz.ch"|"hkT@SI-FVblNN-onD9Jt"
"nelie.jacobovitz@edu.tbz.ch"|"oCvPO%-tJO%Bw-x35Zqo"
"adele.conelly@edu.tbz.ch"|"lOU#H4-Kuh%u$-hkrxYq"
"clementine.dondon@edu.tbz.ch"|"Ms0i7E-&tR087-q@hOz8"
"zhi.willcot@edu.tbz.ch"|"gmfi8@-sCj2A9-BtWTXY"
"chloe.janicki@edu.tbz.ch"|"qGGV8g-yxW&Wc-XURdph"
"meng.linde@edu.tbz.ch"|"Shh@YQ-YtQbrK-4o&w3l"
"celine.janisson@edu.tbz.ch"|"98yASb-PkwZJj-KsUIt#"
"clelia.crow@edu.tbz.ch"|"qtdYmk-1jmZa$-uGXh1G"
"cecile.pyott@edu.tbz.ch"|"fNro6I-W6eC5y-renCiQ"
"ma.fidelus@edu.tbz.ch"|"Bb06Jm-uklADA-Vgmq9W"
"marie-helene.poore@edu.tbz.ch"|"Zf7#2r-d7cX0l-#a#vm0"
"elies.blanket@edu.tbz.ch"|"jmXhbc-Tto6Yq-gM2SEd"
"yu.boyer@edu.tbz.ch"|"17vIC$-bR@ZLk-hABhnK"
"celia.welds@edu.tbz.ch"|"XlrRZ6-gko5nP-XfjEo8"
"du.gunney@edu.tbz.ch"|"bc3CwV-RD0cfI-CulEcd"
"goerel.crush@edu.tbz.ch"|"OcZy2a-uUn0F&-rRrqVh"
"marie-josee.brosius@edu.tbz.ch"|"o@lRti-v%8tuZ-8xYPPQ"
"camelia.adds@edu.tbz.ch"|"UXl&g7-HNj0CK-Vhy7bi"
"anae.irwin@edu.tbz.ch"|"s1#Q4h-ZByEb9-tzuk8i"
"cleopatre.skeffington@edu.tbz.ch"|"7%6mwR-FgX#$d-HbGQkF"
"gerald.suggate@edu.tbz.ch"|"WmM5Z$-vI3Cib-MvlFrM"
"laurene.tailour@edu.tbz.ch"|"fYJywg-VqZBVF-JMb7ue"
"amelie.hoble@edu.tbz.ch"|"#s4#tp-554USD-idkby%"
"venus.getch@edu.tbz.ch"|"ZWZjck-s8i2i6-&D1AI$"
"renee.treby@edu.tbz.ch"|"hfbWWP-0C6hQ9-llFglT"
"almerinda.stait@edu.tbz.ch"|"x#g9ca-HKaU5Z-oGDG2H"
"andree.reddecliffe@edu.tbz.ch"|"Q2n%@d-pfv7lO-P@BzKN"
"leone.wintle@edu.tbz.ch"|"DSj6vX-6BIqdt-CMRp9g"
"gerald.fellow@edu.tbz.ch"|"LPgv7c-G%yazf-COh2Ur"
"ju.gudger@edu.tbz.ch"|"yOO3N%-l78Cpn-tO3#FM"
"meng.ohaire@edu.tbz.ch"|"Iqte#f-$WurSy-W#obN$"
"cleopatre.missington@edu.tbz.ch"|"etE4Qd-jV433K-YVx$Q6"
"annotes.debruyn@edu.tbz.ch"|"szq4BK-2p98Ry-f8JjJE"
"gerald.sinisbury@edu.tbz.ch"|"laHePG-5P0k7W-K$G8Xv"
"creez.slora@edu.tbz.ch"|"XXp#s7-vb@9Ee-&M0f6v"
"gisele.benbow@edu.tbz.ch"|"D4f9ma-NI00LO-s&Xk2f"
"pal.dossit@edu.tbz.ch"|"0qhLA3-TFZIK@-cFKNu7"
"nelie.stirrip@edu.tbz.ch"|"KQiIAy-1LmsMH-ugTeTL"
"alois.ocrigane@edu.tbz.ch"|"fAxZz8-Mg&Tp0-$2WHNU"
"kui.mcterry@edu.tbz.ch"|"nrrU0s-HPKtXE-4z$1h3"
"long.willgoss@edu.tbz.ch"|"xit9Vs-6n3&Lx-yzbsMI"
"francoise.sumpner@edu.tbz.ch"|"5UcU19-v2A8WI-K#nVBn"
"maely.grinstead@edu.tbz.ch"|"@FR%r$-pRZOv0-avSHHD"
"creez.langeren@edu.tbz.ch"|"aZ@4Fg-q3&Tj7-R6eRJ%"
"adele.dungate@edu.tbz.ch"|"%QDi1l-7qPweF-WhY@aL"
"cleopatre.noirel@edu.tbz.ch"|"mr1qYr-zPnc61-wlrvXr"
"interessant.daverin@edu.tbz.ch"|"K2@TXQ-hwKC#0-9Y9Xh0"
"naeva.kalderon@edu.tbz.ch"|"aS&4uj-qKg2xZ-AhDE3N"
"anais.oshesnan@edu.tbz.ch"|"rnmy0H-NDKDXc-2j4qfc"
"judicael.anelay@edu.tbz.ch"|"mFBKYD-%036Kl-q2xWI5"
"eloise.braxton@edu.tbz.ch"|"VWmWJW-DyzOkx-Tmfgwd"
"desiree.greguol@edu.tbz.ch"|"fo%CET-ePR2%L-oeuz3s"
"maite.mcclenaghan@edu.tbz.ch"|"YR9l57-Uo4dtW-PMGWUa"
"meng.doret@edu.tbz.ch"|"O36wI2-rptb@i-QMHd0z"
"frederique.chippendale@edu.tbz.ch"|"AaWKL2-5iEX$a-YxpbgF"
"andreanne.lanney@edu.tbz.ch"|"eBtT$y-CIkoCA-uvF3Lr"
"aurelie.claus@edu.tbz.ch"|"Mf5vgm-f#4HC%-nG4iSW"
"renee.pabel@edu.tbz.ch"|"zSUCQW-hQP$5S-VYHkwK"
"maena.roust@edu.tbz.ch"|"iP1SX0-2$fFYh-MspAp$"
"nadege.carwithim@edu.tbz.ch"|"CEyMLN-hyhCbK-tHpcfr"
"solene.geyton@edu.tbz.ch"|"w#2k7n-&nIsWa-UQmS2X"
"dafnee.avraham@edu.tbz.ch"|"o@bB%n-Kvpq4Q-@ojvHB"
"leane.woolvin@edu.tbz.ch"|"jSmPNb-T9&en9-7V7TcP"
"adele.macadie@edu.tbz.ch"|"ufI#Br-MPq$Hp-AyUvX2"
"meline.rubica@edu.tbz.ch"|"W&F0Tg-XgHutT-FlhR2y"
"marie-noel.speeding@edu.tbz.ch"|"gooc36-tfxpCz-wcWAYA"
"nelie.mix@edu.tbz.ch"|"sYATzD-q#@z28-Vz6zSL"
"clea.ollett@edu.tbz.ch"|"fAZuua-8WhyoX-IsYezr"
"leandre.mcgavin@edu.tbz.ch"|"zQrkVk-lzZSk1-eEhi8d"
"cecile.behne@edu.tbz.ch"|"W3thy9-l1XU9v-rbpX2P"
"melanie.polle@edu.tbz.ch"|"U6Y7Df-t6lkxj-fSeQ5C"
"marie-josee.titmuss@edu.tbz.ch"|"xukZcc-sjFsNx-27cALU"
"helena.guest@edu.tbz.ch"|"%YBwOQ-YOllLf-5#Innu"
"annotes.chicchetto@edu.tbz.ch"|"GCp%0w-07BOnU-b5cqKp"
"melia.tubb@edu.tbz.ch"|"m4sSPF-#Y5syS-&Wvcy7"
"angelique.casetti@edu.tbz.ch"|"s7WIJc-Bs$aDx-8jQmc#"
"cunegonde.cleall@edu.tbz.ch"|"7zM8Gv-sP$ZUW-ZY#Fgx"
"camelia.oaker@edu.tbz.ch"|"JiuFPJ-Fzzr2e-tlASnU"
"you.searight@edu.tbz.ch"|"ZIgS8v-GySUUq-L1&GJ&"
"kevina.dederick@edu.tbz.ch"|"r067qV-2JCfgW-Rk5EkA"
"milena.jeffrey@edu.tbz.ch"|"%EwGnP-&0VhLL-F$TZQG"
"melodie.barkshire@edu.tbz.ch"|"D8B&mI-uE2@l4-5spwdL"
"gaelle.kreutzer@edu.tbz.ch"|"nJOjzT-TIfC#J-u1LZU6"
"kalliste.kleinpeltz@edu.tbz.ch"|"ioMzea-4Lyx&9-K8iwV7"
"clementine.danat@edu.tbz.ch"|"vnpHgL-0VpiJJ-hzWDge"
"andrea.wabb@edu.tbz.ch"|"ZhxDmV-iT&MkM-F@R@tk"
"geraldine.piesold@edu.tbz.ch"|"WLwq2R-0C5g1S-c8NynO"
"tan.fiveash@edu.tbz.ch"|"iwcPGJ-wLM$7u-odeBzD"
"meline.yuranovev@edu.tbz.ch"|"M7H5vL-DW7ZbC-lmtgt5"
"therese.holme@edu.tbz.ch"|"XgUJvc-clfm$T-Vj10mJ"
"salome.vaney@edu.tbz.ch"|"fEyg7Q-Uo7Arm-4l7lGu"
"anae.abramson@edu.tbz.ch"|"03zW$n-GHmxry-#lluDf"
"kalliste.jimson@edu.tbz.ch"|"4UW43u-KAbsoa-uQ23$5"
"selene.yole@edu.tbz.ch"|"C@Fmio-LqjGq$-qwFTJy"
"agnes.defraine@edu.tbz.ch"|"s10WIx-kx@8hJ-DQNJUG"
"faites.mccluin@edu.tbz.ch"|"rYr&@b-G@n3qB-3A35fk"
"athena.deme@edu.tbz.ch"|"CQzOy8-Aw9Wey-2CCbl#"
"daphnee.brigstock@edu.tbz.ch"|"HLwHmG-4E0mpF-HKK99i"
"goesta.skaif@edu.tbz.ch"|"q4jTSw-WP9269-%T@JVZ"
"oceane.jagoe@edu.tbz.ch"|"l14ZJL-2pMOHj-EdZKzP"
"annotes.broomhall@edu.tbz.ch"|"ftIKu&-Tfn8WY-tuavn5"
"marie-eve.ballendine@edu.tbz.ch"|"8Vc$Gd-9Vq&m2-mdEMvn"
"melina.spykings@edu.tbz.ch"|"sQ1y#b-L7zSjg-xXht8k"
"laurene.ticehurst@edu.tbz.ch"|"sjPXQP-@DXyg5-XlKcMt"
"fei.avramovic@edu.tbz.ch"|"7VC11b-NcA6Yi-qhgGNV"
"publicite.strathearn@edu.tbz.ch"|"AlrIC6-JQyxB0-24#maR"
"torbjoern.garrow@edu.tbz.ch"|"WT%4LH-&UimSK-FTc739"
"chloe.rubinsztein@edu.tbz.ch"|"QzLR3x-zy$A47-i6d$9W"
"mylene.demanche@edu.tbz.ch"|"aM82EU-7zJ6IT-DovFVg"
"mediamass.godlonton@edu.tbz.ch"|"665QGB-ly7aM1-UI5A6O"
"renee.shurrocks@edu.tbz.ch"|"M41sAL-zIc7#w-WO0@43"
"maiwenn.jedras@edu.tbz.ch"|"o3yE10-36WNK%-WK4jFN"
"genevieve.castells@edu.tbz.ch"|"BdCrGh-2Ijyis-f&%RBW"
"renee.sneden@edu.tbz.ch"|"mUPTvp-CYiwVb-AqvwN5"
"lai.mccallion@edu.tbz.ch"|"FVsWH2-Ql4QkF-qEEzZj"
"kevina.impleton@edu.tbz.ch"|"9AsJxN-Yg&Tg%-rlj1ou"
"oesten.fresson@edu.tbz.ch"|"7090UF-em4ckh-ZQlIi#"
"verane.shawley@edu.tbz.ch"|"ZzMT&x-6TgP7p-uBm#9V"
"uo.sjostrom@edu.tbz.ch"|"%J$QDX-QjSnpd-T2zu1W"
"gisele.gothup@edu.tbz.ch"|"20z6Fu-Xcf5@Y-xqTcCX"
"renee.beauman@edu.tbz.ch"|"2$yBlD-XCDWSf-WLHkdf"
"elies.loton@edu.tbz.ch"|"tNTQCW-8J3lLn-NSbupk"
"valerie.elsmore@edu.tbz.ch"|"80@nBg-6WQdU9-iGWqrc"
"berangere.delafeld@edu.tbz.ch"|"8SqLFS-nCFqUl-0mabu3"
"bjoern.schimke@edu.tbz.ch"|"vu$Vvr-6lq$Le-c#Jq9P"
"loic.ericssen@edu.tbz.ch"|"Mzg#&D-IeO5WN-PWFA0G"
"creez.richarz@edu.tbz.ch"|"hTrPA%-H$OHj&-5ADEMJ"
"athena.grocott@edu.tbz.ch"|"R$opBG-lu1wfm-bQ23OF"
"naelle.piotr@edu.tbz.ch"|"g7OKs3-r6vTBS-cM3lBB"
"maella.paulson@edu.tbz.ch"|"VVGua4-AWd6kt-wd5g85"
"song.perot@edu.tbz.ch"|"x6NzD9-B#IBik-hOMi7v"
"kalliste.heckney@edu.tbz.ch"|"TypKly-@#RJyM-oMDlZs"
"ake.vasyutkin@edu.tbz.ch"|"%dkEcC-0taiep-%xm&aG"
"ma.castles@edu.tbz.ch"|"2zou2N-pFFrC#-a2HSy0"
"maely.monget@edu.tbz.ch"|"82r2KZ-fHuR6K-4kVQM4"
"tang.durbridge@edu.tbz.ch"|"f48MUI-z1WUUA-1tAJ9I"
"laurene.andrew@edu.tbz.ch"|"e4q7ov-$ny6yy-MWgClJ"
"lysea.beacon@edu.tbz.ch"|"sFwM@P-ThcnOd-orOjoI"
"leandre.peyntue@edu.tbz.ch"|"9B6RU9-qVv9AK-L2#@Pd"
"rao.trever@edu.tbz.ch"|"Frl@6C-$feMmh-#%W9BB"
"mahelie.streader@edu.tbz.ch"|"mJeiDX-M2@IAJ-0Y0mfE"
"maerta.andrejevic@edu.tbz.ch"|"@Du5QH-O#t$2v-pBcZ2X"
"goesta.tompkins@edu.tbz.ch"|"6OYGxy-cZWkwV-7PRkDr"
"helena.agates@edu.tbz.ch"|"&t4TdW-mbq0yr-jFd2wf"
"therese.glass@edu.tbz.ch"|"HiBXcM-GOgtS$-rHzJII"
"alois.foan@edu.tbz.ch"|"jNk5pe-Ya&eOj-4aSbzO"
"becassine.melchior@edu.tbz.ch"|"2tVOsH-nViD6Z-JDs$XF"
"cloe.robart@edu.tbz.ch"|"U78qPm-QvpKIJ-Q7MCaL"
"daniele.puckinghorne@edu.tbz.ch"|"UniGao-#KhqLe-nV&vgp"
"selene.cammidge@edu.tbz.ch"|"9YsCN4-&xAyi3-XZ#BDC"
"regine.conochie@edu.tbz.ch"|"ogSi@H-XDSlA1-kp9gsF"
"interessant.tuiller@edu.tbz.ch"|"kyI@PR-ET6&98-qje9%e"
"long.tiebe@edu.tbz.ch"|"dWjZsu-j@fsKX-0MExn7"
"mans.yele@edu.tbz.ch"|"g@TF41-eZTozm-oIKkw6"
"ai.giles@edu.tbz.ch"|"N797r9-%$xIMs-n437ZR"
"gaetane.hamberston@edu.tbz.ch"|"qhyS%s-cviItm-P%FvMN"
"marylene.fenix@edu.tbz.ch"|"xhKorx-Xb8g%v-XS&@qm"
"geraldine.graeme@edu.tbz.ch"|"cq4JLU-$mYZaY-c2kINH"
"tang.kinglake@edu.tbz.ch"|"BDVyGh-hhyaF2-3LC6G8"
"lai.challoner@edu.tbz.ch"|"lIWlJ1-FsYBss-cOpceO"
"desiree.mattei@edu.tbz.ch"|"aVu8lH-CiyH7s-#6%#sv"
"ake.erley@edu.tbz.ch"|"acWW#p-%4@0pY-HKcFa$"
"edmee.cavil@edu.tbz.ch"|"bMg9DL-y@d6Do-JaayeQ"
"alois.moyes@edu.tbz.ch"|"vqi5Fk-cLa5$i-io3bQ2"
"becassine.pitman@edu.tbz.ch"|"IXsr4O-Wye#66-uOKZC4"
"ai.giacovelli@edu.tbz.ch"|"gRbHsa-tVOTDC-GYm&sF"
"judicael.fruchter@edu.tbz.ch"|"umtfnD-OpkteB-xtFvny"
"mans.mogg@edu.tbz.ch"|"BEVo@E-dJWO0T-eIZFEP"
"gerald.foyle@edu.tbz.ch"|"1@Z5Z2-A8UQN#-%8G2Fl"
"wa.androletti@edu.tbz.ch"|"&e9Qfs-vDPbbD-qPC5K$"
"meng.ollett@edu.tbz.ch"|"mDYXn$-UI6wdF-&jSuu9"
"naelle.macmenamy@edu.tbz.ch"|"oS7T$G-SVE%VP-WlqpUi"
"gisele.mcramsey@edu.tbz.ch"|"nkirrI-T0MCh9-hqDnVl"
"meryl.scolts@edu.tbz.ch"|"3QCwNE-BMWllu-eV1DDP"
"celia.bloxsome@edu.tbz.ch"|"Or243O-koAnPP-K&mTXr"
"styrbjoern.stuke@edu.tbz.ch"|"CrgxcT-ASyGu5-1QlRxr"
"felicie.gwilliam@edu.tbz.ch"|"zAdG%U-hHQG8D-nxjpDz"
"da.harms@edu.tbz.ch"|"Tln19g-TWb0CQ-aiq8yl"
"celestine.baulk@edu.tbz.ch"|"26UFsR-FMB2JJ-thDfFO"
"mahelie.blackledge@edu.tbz.ch"|"aE2f3B-JE#EqG-GOQv4P"
"meghane.salt@edu.tbz.ch"|"eZvNYr-%O@#%j-t2ZvX6"
"methode.paxeford@edu.tbz.ch"|"sAjsqq-k4NxXU-jxzrqq"
"asloeg.milligan@edu.tbz.ch"|"@#Pr0I-a67QBU-7aoevT"
"you.pellman@edu.tbz.ch"|"sCtYCW-IP&rIK-%NcINT"
"loic.regenhardt@edu.tbz.ch"|"klywFQ-%ArAdt-Z4eJwa"
"daniele.savill@edu.tbz.ch"|"x4rODj-$LUk1H-wrUqnb"
"alois.cornu@edu.tbz.ch"|"7DYV3V-yZN3Zn-ab94s1"
"oesten.govey@edu.tbz.ch"|"3@iJjO-I9OBT9-O1DFAe"
"marie-eve.louch@edu.tbz.ch"|"HC4pNX-lN8ZA@-lNhnnn"
"theresa.wenn@edu.tbz.ch"|"NO1Run-X9LH2j-#97XCG"
"andree.eul@edu.tbz.ch"|"6%wQ7B-oX2v@X-ByprIJ"
"lie.paynton@edu.tbz.ch"|"3IfB&I-asP1sU-k&Mv3W"
"marie-eve.girodier@edu.tbz.ch"|"qH6OrX-8hw0JO-BvR0m5"
"marie-noel.smithe@edu.tbz.ch"|"calNcW-v4c1La-3SLK6X"
"men.bootyman@edu.tbz.ch"|"alOXjE-hEox7t-T%S8FC"
"ku.sugg@edu.tbz.ch"|"8r9GLo-GPHbWk-DzrWSF"
"lucrece.roseman@edu.tbz.ch"|"TIxrCI-MojQbo-G9KQmU"
"zoe.annear@edu.tbz.ch"|"m8a9Yg-En3hLd-R7S&%J"
"marie-helene.rennebach@edu.tbz.ch"|"NURe7H-rHO0a3-tGs&yi"
"lea.djurdjevic@edu.tbz.ch"|"2QZWMt-I&Bt2U-NSyFya"
"goerel.robert@edu.tbz.ch"|"0PybTE-5TOW9N-msNhas"
"mylene.foldes@edu.tbz.ch"|"MI$ui4-QAidSk-x&zHlJ"
"faites.clegg@edu.tbz.ch"|"KTb$ey-56Gpxn-KxX3eS"
"marylene.crowcher@edu.tbz.ch"|"SSDusK-gZD#@@-n@DNO6"
"aimee.wimpeney@edu.tbz.ch"|"j7yqom-c%MovY-vqkQC5"
"renee.atkins@edu.tbz.ch"|"QMEEcm-uQnXw@-PRH6yw"
"rejane.cainey@edu.tbz.ch"|"UPfNdQ-gLUJpr-Vy@hEs"
"solene.britney@edu.tbz.ch"|"7Iik&w-IZ6s&W-7sJs3m"
"marten.shatliffe@edu.tbz.ch"|"$YPAwI-WTxNcX-Q3WlEX"
"maite.issatt@edu.tbz.ch"|"bP9Krn-ZWE80C-X8OeuO"
"maelyss.edon@edu.tbz.ch"|"5I3ga6-uW%Q6E-A24Bu9"
"nuo.bamling@edu.tbz.ch"|"ViwHVi-KnWDIk-y56NcL"
"anais.edards@edu.tbz.ch"|"T8b8d$-Egp%13-Q$UwXn"
"mediamass.bromet@edu.tbz.ch"|"f&7qLs-$YI2pk-b8SK%N"
"beatrice.kimbrey@edu.tbz.ch"|"GutnA7-lx3nKa-4fLP5q"
"ines.lawranson@edu.tbz.ch"|"1iF4Vp-egT4Ew-cN4lqA"
"kalliste.scandroot@edu.tbz.ch"|"XvJXaf-tc8gZr-MySNaU"
"mans.barrowcliffe@edu.tbz.ch"|"nzs&us-4Ua#IC-rftYML"
"irene.couves@edu.tbz.ch"|"#ghGxs-Mu7I3I-buWEsg"
"milena.mucci@edu.tbz.ch"|"&BgwBL-kU05xo-eIo$31"
"naeva.cow@edu.tbz.ch"|"UOqM@R-JKihE&-c2$G&j"
"audreanne.mournian@edu.tbz.ch"|"VkpKoQ-OT8LNV-DJ$ty4"
"melia.sinnatt@edu.tbz.ch"|"gUiqV4-1eFCD6-rrdl5V"
"nelie.burnard@edu.tbz.ch"|"o%2TEY-KF16ZZ-OZ9xF3"
"clelia.ashfull@edu.tbz.ch"|"&Zd$VV-v@CWAK-A$HCD1"
"lie.macard@edu.tbz.ch"|"$ShhH1-#JmEZ7-mqAV7M"
"valerie.matoshin@edu.tbz.ch"|"P2CdjK-SOz2Jx-lVQp#t"
"anael.hatherleigh@edu.tbz.ch"|"7jUPXL-FsrE1y-X#hBEB"
"interessant.warratt@edu.tbz.ch"|"u2Dq$S-r%%Hci-zqs6Hg"
"eleonore.volage@edu.tbz.ch"|"THotcu-QHVrh#-GgFxk&"
"zoe.stebbing@edu.tbz.ch"|"oyexQj-SsZJpW-m6&mkO"
"alizee.nye@edu.tbz.ch"|"Rl9aJ5-21jHNk-fjlxn7"
"celestine.bramley@edu.tbz.ch"|"jNfTHG-NRUL@3-EiUb#t"
"selene.philcott@edu.tbz.ch"|"pRj&8G-VX@3i1-rKz@v2"
"tang.newens@edu.tbz.ch"|"UHFwob-srgZ7p-8&7Buf"
"annotes.powys@edu.tbz.ch"|"1kde@Y-qpaiZ#-Kcd%Pp"
"lea.matthesius@edu.tbz.ch"|"nsAXHk-pqZh&t-p&$CG2"
"illustree.garlett@edu.tbz.ch"|"vfeQ0p-Vc@Lzu-Drdcy5"
"maiwenn.meachem@edu.tbz.ch"|"ggo#8%-UnX%0c-rococG"
"marie-francoise.mcbrady@edu.tbz.ch"|"TaK6m3-to#pZb-VKL8f6"
"illustree.gimbart@edu.tbz.ch"|"q&pOtJ-wrPV05-U@SEiQ"
"melys.lyosik@edu.tbz.ch"|"4FdHl&-KPKici-%bctCL"
"marylene.mcnab@edu.tbz.ch"|"mdh7yu-Ji$cRb-5yB5CL"
"gerald.blount@edu.tbz.ch"|"D5Zmoe-YWHFZW-TSLOBF"
"clelia.shakelade@edu.tbz.ch"|"icGkDZ-B#OaMJ-m2IW1D"
"penelope.cridlin@edu.tbz.ch"|"xeDErt-tG&1Nh-cTu&cT"
"maena.okuddyhy@edu.tbz.ch"|"PEyloh-fiQPM8-s1&0EL"
"athena.keynd@edu.tbz.ch"|"RsTZ7U-HT7rRg-$wXD8w"
"cloe.dwine@edu.tbz.ch"|"w&Pc&f-Mk6qdP-8B5wZH"
"josephine.browett@edu.tbz.ch"|"9EII7x-O@%%1O-GG#VRj"
"audreanne.oscanlon@edu.tbz.ch"|"W#EcCJ-0sLMPU-#K7w0G"
"fei.jeanequin@edu.tbz.ch"|"E&fZag-ENi#Om-@L7OzG"
"lois.gormally@edu.tbz.ch"|"VfM9I4-XbBcCP-vzFOF5"
"marie-francoise.finnigan@edu.tbz.ch"|"7wYTWg-ozk6YF-k27CjL"
"leonore.trussman@edu.tbz.ch"|"@vqBYK-35FiPU-31ZL3%"
"anaelle.trumper@edu.tbz.ch"|"uNyyMt-WF8mXK-kh@EBC"
"clemence.dionis@edu.tbz.ch"|"1YP$WG-ega32y-Dh9Ek#"
"lois.tranmer@edu.tbz.ch"|"h688QD-p9Qsl3-rfmLue"
"interessant.volett@edu.tbz.ch"|"F#E7Fc-T@kzi0-JcKeIH"
"personnalisee.deackes@edu.tbz.ch"|"hlY2GY-f2XNFq-qsl8hi"
"lie.vasiliu@edu.tbz.ch"|"kvB&Vh-OWEFz9-$Gq5cq"
"dafnee.lamputt@edu.tbz.ch"|"vCgZ%P-l$g9G3-enCG@r"
"elies.bromige@edu.tbz.ch"|"Xzxkvl-fjdfYx-KZlU8Q"
"helena.klosser@edu.tbz.ch"|"Yg7AIS-riMuF&-3vfdlZ"
"andree.grim@edu.tbz.ch"|"ss#1s&-k5OBbw-jqDgG1"
"verane.coldbath@edu.tbz.ch"|"$IMoLJ-0pqMYm-SH%ks#"
"helena.bethell@edu.tbz.ch"|"pK&HEu-WA8wb@-iKTawB"
"kalliste.carefull@edu.tbz.ch"|"hR1zqc-e5Zm#W-D@a4zx"
"regine.odams@edu.tbz.ch"|"41OHeM-tRRrRK-qq%HzB"
"len.stannus@edu.tbz.ch"|"C4D7qn-brbZ8j-cLYuqc"
"angelique.works@edu.tbz.ch"|"@6BciD-mXqkhl-mtPJTc"
"goesta.rheaume@edu.tbz.ch"|"yQMfnr-Fuy2Un-AF5Y1m"
"maelys.tynnan@edu.tbz.ch"|"#V0ZaJ-Da$G3D-K7DZoS"
"maelle.carlesi@edu.tbz.ch"|"eGnrh4-kLnu51-It#taz"
"anael.spurden@edu.tbz.ch"|"%$Q&AH-dyo#6o-baZmO0"
"helene.pumfrett@edu.tbz.ch"|"Tihv5j-XuMTyA-F4WV5o"
"goerel.pearn@edu.tbz.ch"|"GIVXEq-4vfN$m-7vn7$O"
"laurelie.dezamora@edu.tbz.ch"|"JSxYBr-piI%lG-F@@KC2"
"yao.twidale@edu.tbz.ch"|"QzDjph-09GVGP-q&AmOX"
"berengere.sola@edu.tbz.ch"|"RNUo%f-UFo2Sj-um8CvA"
"maelann.hardistry@edu.tbz.ch"|"R%XHaq-KtzNFM-jFI5wH"
"severine.littlefield@edu.tbz.ch"|"%M6En&-Cpp6U$-XBvxuf"
"salome.heinl@edu.tbz.ch"|"Bf4a0J-GY$urt-SPXSD8"
"meryl.warbey@edu.tbz.ch"|"AWkJ90-q4mBpn-QNcQu#"
"da.hunstone@edu.tbz.ch"|"rjBS0r-K@70ZJ-4RGc6&"
"venus.broadbury@edu.tbz.ch"|"ExwnWl-FJh6uR-8m6IMZ"
"meghane.rentelll@edu.tbz.ch"|"qWeIkE-3hEvo4-UKnT&1"
"marylene.drewitt@edu.tbz.ch"|"FFOaol-8BHdMX-EVLNuR"
"melinda.jacquemet@edu.tbz.ch"|"L0&GAU-wNWAmi-DQE1JH"
"marie-josee.keyden@edu.tbz.ch"|"60qy46-Dwc8A#-0k6eOO"
"asloeg.montacute@edu.tbz.ch"|"MmOwv7-4fhZUv-zAqnRw"
"ku.andreou@edu.tbz.ch"|"K2biut-@a820Q-Uk9TRM"
"personnalisee.feaveer@edu.tbz.ch"|"HCbzXV-%RsXX5-joQiev"
"laila.emptage@edu.tbz.ch"|"mRo#sy-%538uP-BR2jpz"
"bjoern.dawdry@edu.tbz.ch"|"mbZAUK-b5FgAD-Z8mj2y"
"marie-eve.dinsell@edu.tbz.ch"|"tEdCST-t#3rB2-x5T&vz"
"helene.follett@edu.tbz.ch"|"LH8PZ6-KmIV7v-$WB&AU"
"penelope.cordero@edu.tbz.ch"|"BE@UwB-4Prv@R-utXvom"
"boerje.beedell@edu.tbz.ch"|"@#aj#4-0AfARv-UPrmfd"
"nelie.ferne@edu.tbz.ch"|"PWTz%8-6c7R6Q-UFYhV2"
"celine.ahmed@edu.tbz.ch"|"$6Ze%1-wHVxrz-rx%qSA"
"stevina.pimblett@edu.tbz.ch"|"96UUiI-PnCpXt-9BNtKi"
"chloe.langlands@edu.tbz.ch"|"$Kd4#@-4NurbL-bJaSNt"
"simplifies.maude@edu.tbz.ch"|"DL96Ni-Dw8GFk-SHq6M&"
"genevieve.decarteret@edu.tbz.ch"|"YQyb&F-oys1S@-WA0j75"
"marylene.mughal@edu.tbz.ch"|"4jZ5N7-&@&ku$-7NAvRQ"
"goeran.guttridge@edu.tbz.ch"|"fE4N1s-wy%krH-UkbNk5"
"michele.smurfitt@edu.tbz.ch"|"I05r@o-fh@1jX-TxIS&u"
"methode.hadeke@edu.tbz.ch"|"i$2JJf-io5ca%-cFcjCP"
"therese.rispine@edu.tbz.ch"|"Kn0uvh-74h6%v-7hMT&w"
"goerel.plumley@edu.tbz.ch"|"npfLpE-M#qTO0-0pgXk7"
"oceane.friett@edu.tbz.ch"|"u$sfNX-YsO9qO-Vpn3r&"
"marie-noel.achromov@edu.tbz.ch"|"HXnKQs-XzQSdK-#bNjiI"
"dorothee.storek@edu.tbz.ch"|"HRAfCp-3bVjVZ-zVr&tf"
"goesta.whittle@edu.tbz.ch"|"%ydiNG-Mz3%X7-5ZTwRA"
"desiree.casely@edu.tbz.ch"|"g2QPK7-A9v3Ab-KTEa6x"
"felicie.condon@edu.tbz.ch"|"$ZejtH-w%%4NX-a5bEbg"
"maelyss.frisdick@edu.tbz.ch"|"pmVIae-bZcZxF-0yyAHp"
"aimee.banke@edu.tbz.ch"|"SwRjY$-vKp4f%-Vh7C0B"
"naeva.hodcroft@edu.tbz.ch"|"BkxuTl-dtHcxZ-DaBFjT"
"laila.gerrans@edu.tbz.ch"|"k56hNc-meDUC$-dPmmaZ"
"daniele.scrimshire@edu.tbz.ch"|"TDHJIJ-J64j@u-oRFGw3"
"daphnee.sheerin@edu.tbz.ch"|"XoUyMC-F4&E0R-d3lx27"
"pal.vanyukov@edu.tbz.ch"|"&Tm@bP-rzPbG4-cJ12KP"
"zoe.childs@edu.tbz.ch"|"kA6la8-ja0b9k-ruCYm1"
"ai.corde@edu.tbz.ch"|"wQTiEd-hUZJ8E-RWuqAV"
"maelys.berryann@edu.tbz.ch"|"I5Vh6W-2h0x4&-%qtxwS"
"cloe.gladding@edu.tbz.ch"|"HCj#v9-Y3C15R-zcfDW4"
"wa.kinnaird@edu.tbz.ch"|"7heN%S-RtI9qp-iYzB6H"
"publicite.brittoner@edu.tbz.ch"|"g7yc%9-YBM$KE-8AZc6T"
"rao.windress@edu.tbz.ch"|"WKIJ%Z-4H1sQw-CM7pzr"
"uo.kollach@edu.tbz.ch"|"V0@Krj-n#kIOT-km1AqO"
"josee.peskett@edu.tbz.ch"|"tZWiHY-qDY$GU-dDCfP#"
"annotee.hasel@edu.tbz.ch"|"ETU&qx-z3Wc5e-0rbk4N"
"cinema.lee@edu.tbz.ch"|"eh$Cmq-9aTiaS-Hj%smU"
"lai.vedeshkin@edu.tbz.ch"|"ZC1tJ5-ZpzCco-05s&0i"
"renee.brisbane@edu.tbz.ch"|"UC29yQ-ZE6H$Z-CRXUg8"
"ophelie.blincoe@edu.tbz.ch"|"AVVITd-%xEDlW-h7p4ou"
"zhi.prazor@edu.tbz.ch"|"F&$UZM-M8Xy#1-gv&LI3"
"annotee.maddicks@edu.tbz.ch"|"t89K0Y-ydy1jU-&3arNL"
"maelyss.codd@edu.tbz.ch"|"VP1&nS-GiAkmh-P0y2om"
"celia.peplay@edu.tbz.ch"|"5KuHif-C4D5Om-6Lo0Kp"
"interessant.skone@edu.tbz.ch"|"mH9EcT-2&ygpq-JYORFk"
"audreanne.hebdon@edu.tbz.ch"|"yy4Pc$-UGitA9-JpMW1h"
"oceane.glen@edu.tbz.ch"|"u7Awyc-GFw#uC-lpAXw9"
"daniele.vanyushkin@edu.tbz.ch"|"8hGQeX-$g6UI#-bFuK5d"
"daphnee.ayce@edu.tbz.ch"|"@la6E9-n1Gmb@-94T7ux"
"andrea.attride@edu.tbz.ch"|"s&YHOm-rhE3AH-cK2k30"
"penelope.bridgwood@edu.tbz.ch"|"Dj6$hD-y3TSw6-X&Jtul"
"mailis.drewitt@edu.tbz.ch"|"Ee$aEN-sQ0uXA-Fx6nOI"
"penelope.mollene@edu.tbz.ch"|"w4kxoE-11Lz8V-q$L@42"
"illustree.keely@edu.tbz.ch"|"ZgcTXK-gjmwtt-&#Hlio"
"meng.brisseau@edu.tbz.ch"|"@mPdmN-hj&AUm-dG$oW0"
"ruo.cleiment@edu.tbz.ch"|"EpGLGa-nYV3fb-7k@e73"
"maite.krammer@edu.tbz.ch"|"x4kVqW-QzajDc-YF8QPG"
"genevieve.verry@edu.tbz.ch"|"1#2Xd2-xryCl0-GkbLND"
"lea.olochan@edu.tbz.ch"|"GOaBeD-rig%iV-v&i7Z$"
"naelle.brunnen@edu.tbz.ch"|"9X3D@j-qG1J7S-DRFg4%"
"goesta.bragginton@edu.tbz.ch"|"&PP@k5-kK4An%-7JYlNk"
"fei.danilyuk@edu.tbz.ch"|"Xb7WQT-rTIrj3-PNGS9p"
"adelie.turbitt@edu.tbz.ch"|"kqQtg$-NwUCto-@iyhqY"
"marylene.nutman@edu.tbz.ch"|"DfNeM1-tSTGm%-@maqDu"
"therese.barbrick@edu.tbz.ch"|"tj3Qhf-Nw%pmW-ot8Js2"
"melys.kolodziej@edu.tbz.ch"|"FFre$I-cPAQtR-A5$3LI"
"melanie.runchman@edu.tbz.ch"|"hdov4I-9gya7W-RpLySX"
"serena.lafond@edu.tbz.ch"|"w%YRPA-5vkkPY-8d&J4K"
"pelagie.desmond@edu.tbz.ch"|"z%vsjo-7O846I-BUiSYF"
"wa.spickett@edu.tbz.ch"|"qIGvO4-JaDwpT-3$2DBb"
"po.shave@edu.tbz.ch"|"VT$h$d-vz$3pc-g3iQvn"
"song.huikerby@edu.tbz.ch"|"RiF@tI-47fhWH-PLZLfT"
"melinda.bimson@edu.tbz.ch"|"kpYmiv-n32QDb-gmBBqD"
"personnalisee.toffanelli@edu.tbz.ch"|"H@lD$0-5#qutK-hj%iLW"
"leandre.hurn@edu.tbz.ch"|"6U@m#g-OC$e1G-76$zMX"
"oesten.standell@edu.tbz.ch"|"sM1ZOa-cCIsQB-kx6MGb"
"naelle.smaleman@edu.tbz.ch"|"UvC8Bl-uZ8XB1-6rNMK4"
"berenice.tayt@edu.tbz.ch"|"hVzGJp-U$FhFx-x#cx2M"
"kui.popplewell@edu.tbz.ch"|"Ryj7tK-E1bTiJ-6aAd7b"
"melodie.ferandez@edu.tbz.ch"|"jyN$DP-sSq2&J-Ty1bre"
"josee.negal@edu.tbz.ch"|"VL0N&v-jUAPcC-Rz2Y0x"
"melissandre.ferrelli@edu.tbz.ch"|"Q@K1Bj-ke$5R7-5TPRvN"
"josephine.kemmer@edu.tbz.ch"|"t2#1#%-@HktnB-oLZca#"
"maely.cayette@edu.tbz.ch"|"3kn5eZ-5@cjwf-H4XFZw"
"nelie.vela@edu.tbz.ch"|"l6gD#D-u06qni-6PQpi2"
"melina.cortes@edu.tbz.ch"|"FPWUcB-howh8Q-t2E8eq"
"megane.leyshon@edu.tbz.ch"|"G6dzUC-RMFynE-HipcEX"
"regine.harrie@edu.tbz.ch"|"WslmHs-gh@LJd-CqWGOt"
"mylene.widdison@edu.tbz.ch"|"T#7XST-as0Loc-hVoZqd"
"pelagie.vivash@edu.tbz.ch"|"TvUBQr-PU0Flc-1JkJTx"
"styrbjoern.vicarey@edu.tbz.ch"|"Cmx2mM-I$hWmc-feyPze"
"long.kyles@edu.tbz.ch"|"xbcaw3-EOxb38-DCivzf"
"stephanie.gipps@edu.tbz.ch"|"WSn6wp-T8wTB$-gQve2I"
"clea.constantine@edu.tbz.ch"|"oTzldV-lziaDs-W%YTWV"
"maella.cometto@edu.tbz.ch"|"Vds5Lq-0icSeg-vKNqk%"
"laila.aubrun@edu.tbz.ch"|"lcf61K-F$MQTP-R5FyQN"
"yao.austins@edu.tbz.ch"|"s9hvYg-5iYe3O-D%rm2y"
"mailys.rylstone@edu.tbz.ch"|"1#t7y6-5jT0bY-nl&wq0"
"adelie.curuclis@edu.tbz.ch"|"X&5#og-Db%I4G-DZVyma"
"celine.longhurst@edu.tbz.ch"|"D4pBM0-T@$2Ud-TAxlji"
"gisele.hazell@edu.tbz.ch"|"7OvM0S-VUmooo-eu&duW"
"celestine.ciccone@edu.tbz.ch"|"Losmev-cyZCeo-Ris#cf"
"maelyss.doole@edu.tbz.ch"|"L%6WAc-uNXevF-@DNcU8"
"helene.grimsdike@edu.tbz.ch"|"TH%nWP-03HkQR-dtpYyF"
"lie.macer@edu.tbz.ch"|"FycaaY-JnQ9W3-z2@cku"
"maely.izard@edu.tbz.ch"|"qf3WYb-lKF2&@-6ItUJx"
"erwei.breewood@edu.tbz.ch"|"3PduFo-CfsWyI-J$3w9W"
"chloe.woolford@edu.tbz.ch"|"ksoP7P-tthAIS-wsxgNY"
"cleopatre.turpin@edu.tbz.ch"|"wuWb0p-Cr$lN5-&0j&f%"
"melodie.surgison@edu.tbz.ch"|"Qr7Tq6-$EskO5-P$lg$7"
"elies.leander@edu.tbz.ch"|"3c0NJn-x$SWrk-VePSmc"
"mediamass.reignould@edu.tbz.ch"|"WN$TG$-$yV$WG-$LlKwY"
"celestine.wasmuth@edu.tbz.ch"|"ck8oR$-V07odO-@YEwED"
"marten.jervis@edu.tbz.ch"|"o5j8a4-R5mHZT-sW2eXV"
"daphnee.bour@edu.tbz.ch"|"HLXXiz-bdtRbO-JTQdgh"
"regine.harlett@edu.tbz.ch"|"zECNeV-Tmo#qy-0AR#V%"
"noemie.macaskie@edu.tbz.ch"|"bXL0sB-&igmox-N$d$HZ"
"loic.renfield@edu.tbz.ch"|"R@0ekx-Xzkahh-p5FETc"
"venus.kleinert@edu.tbz.ch"|"QkeETd-cYfC@D-yaNVj2"
"marten.burlay@edu.tbz.ch"|"yL3o8u-cnyG#8-MeQ7zv"
"berengere.radsdale@edu.tbz.ch"|"baSAD0-mJ3rPr-V7AaKF"
"genevieve.duckit@edu.tbz.ch"|"1rgEhg-bP6&Lb-GWGQ25"
"maely.ligerton@edu.tbz.ch"|"73QMtf-OpS5B1-i4C%FF"
"maeline.ricciardelli@edu.tbz.ch"|"2CAGt&-JX1fST-CeSD5p"
"personnalisee.yggo@edu.tbz.ch"|"OcTo@n-QpCpjy-ObMJm6"
"alizee.pettinger@edu.tbz.ch"|"NnGfZB-9XrgRZ-6FHJK7"
"desiree.curnnokk@edu.tbz.ch"|"xlpTBX-4xznJi-HUg9$v"
"dorothee.minors@edu.tbz.ch"|"wtSKkh-ySij#a-Qi@ZiB"
"oceanne.kopmann@edu.tbz.ch"|"v%zsku-hd@stQ-ccfDUV"
"almerinda.brodbin@edu.tbz.ch"|"hiHXBt-u&S43q-fynidb"
"yenora.carsberg@edu.tbz.ch"|"kjrlcq-Himwny-Yd86qK"
"wa.beetles@edu.tbz.ch"|"kRoZfa-u@BvHv-AAC68n"
"audreanne.abbot@edu.tbz.ch"|"3mhnwk-S417DQ-kqlECH"
"noemie.capper@edu.tbz.ch"|"wy%gUL-z#klA@-39Ldx3"
"mans.abramamov@edu.tbz.ch"|"b2y2y5-WMJ7Bo-zYdmWI"
"audreanne.blakey@edu.tbz.ch"|"jFfPBF-5@TBOn-UYmjyn"
"leone.klimpke@edu.tbz.ch"|"DtJEqE-3ES1lc-2r3rKe"
"lie.croston@edu.tbz.ch"|"$XaE@R-#Du%C#-jw%2hq"
"anaelle.baistow@edu.tbz.ch"|"jUb6LS-RPC$1e-3YQdFi"
"michele.garwood@edu.tbz.ch"|"Lwdvn#-cCjHvt-bue52l"
"interessant.albion@edu.tbz.ch"|"hv6Jlp-GWmQwp-7dsa#e"
"andre.brisco@edu.tbz.ch"|"oX8Qii-3LUMYd-l#TcXM"
"tang.totterdill@edu.tbz.ch"|"4jJZSB-xVT853-nScnvc"
"marie-josee.braundt@edu.tbz.ch"|"GhDMaH-Oi8&&g-zgtYkG"
"lois.galer@edu.tbz.ch"|"XMv7@3-s8TE#h-r@xt8q"
"faites.pellamonuten@edu.tbz.ch"|"kH1ZfD-d9TZxd-hhD77e"
"mai.barfford@edu.tbz.ch"|"3&Pw3O-9qTAvz-PKU1gZ"
"laurene.macilory@edu.tbz.ch"|"SkQH6G-TDp%Jv-ep3OUP"
"elea.peak@edu.tbz.ch"|"7sHwrh-rt7f%H-RhGApK"
"rejane.doni@edu.tbz.ch"|"660KmJ-kj0qru-T0G6sR"
"mahelie.ector@edu.tbz.ch"|"J&#tff-S5naYT-N8gl7f"
"rachele.allum@edu.tbz.ch"|"d$#T8$-PryjUG-QEh2K9"
"laila.gerretsen@edu.tbz.ch"|"NEY%zN-wAqsK4-xxMZTM"
"ines.bowman@edu.tbz.ch"|"qM$RE$-cl3ytd-KujsTc"
"publicite.barbary@edu.tbz.ch"|"entPlD-ZQ@G@Y-69#XAe"
"mailys.smooth@edu.tbz.ch"|"CYEi$f-tb0xy0-REBLfn"
"mailis.huguenet@edu.tbz.ch"|"8F1FMU-lEaxuQ-TfwMDt"
"lea.ewer@edu.tbz.ch"|"dcKX9N-3ZF0lL-LOebrn"
