"email"|"password"
"melodie.vandervlies@edu.tbz.ch"|"8N$zAw-as$BA8-OgPH7e"
"angele.edgecumbe@edu.tbz.ch"|"jzi4xi-uPiBMh-rE9IN8"
"zhi.andreasson@edu.tbz.ch"|"HFP%Pm-srTclG-6KBaho"
"judicael.koppeck@edu.tbz.ch"|"5%X$cs-DOyMpW-jHnTw8"
"berengere.capron@edu.tbz.ch"|"MY6KbZ-6EHNgy-0pP#bk"
"leonie.brosini@edu.tbz.ch"|"PColTR-m7apTH-HnVt6X"
"venus.garfit@edu.tbz.ch"|"$v$fS&-C#LFqL-gtLXhR"
"melina.janota@edu.tbz.ch"|"VtqimM-se%5aF-ONtPrz"
"laurene.bake@edu.tbz.ch"|"uWrUjv-A701SJ-5%a$SM"
"regine.dorkins@edu.tbz.ch"|"ebesue-G4APVy-TEC2Ia"
"cecile.moffet@edu.tbz.ch"|"tdM8Q5-LcXZZ4-ZG6Dal"
"maelann.labrone@edu.tbz.ch"|"p17qp9-tEwXo$-13HhWm"
"melinda.newbold@edu.tbz.ch"|"3vFt&k-UsFA28-NoDNGm"
"mans.itzhak@edu.tbz.ch"|"PtQt&d-jlTrx2-YjtrKq"
"melodie.pattlel@edu.tbz.ch"|"YF8GiE-8O5gPu-xzC8iE"
"celine.bonett@edu.tbz.ch"|"%oX4cY-HW$6Dd-e4d4ba"
"adelie.mcgreal@edu.tbz.ch"|"v2OD2z-Z4AyEc-00OnQE"
"helene.soldan@edu.tbz.ch"|"g6zI5N-Y7YT9G-48iHGP"
"michele.cluer@edu.tbz.ch"|"snEChT-bLkRFF-fZ5CFi"
"maeline.mueller@edu.tbz.ch"|"j@f&&I-#6OMOD-k%S5cm"
"maelann.benedito@edu.tbz.ch"|"UYWUtO-M2kO&D-fztgQC"
"nuo.gransden@edu.tbz.ch"|"Nz@WcL-D#ytGp-Mmh$No"
"berengere.stainton@edu.tbz.ch"|"vUA#d9-SgtM#d-yYTBYS"
"wa.sabater@edu.tbz.ch"|"beE8v$-oCQaRz-SkFfuG"
"anais.cochran@edu.tbz.ch"|"%Fry$u-NT&gDr-gI$c5y"
"gerald.bessant@edu.tbz.ch"|"a8YV5v-SExCX0-QU8Kdu"
"ruo.coffin@edu.tbz.ch"|"ZDEu$W-UKp5Ss-wkEsQg"
"melodie.mustill@edu.tbz.ch"|"9gLi7$-z@2X@r-5mhZxJ"
"ruo.stanesby@edu.tbz.ch"|"Wdg$s#-Q9uhXw-UKzk8y"
"noemie.antognelli@edu.tbz.ch"|"YbGkpb-0vwdMD-4K7QPM"
"maelann.hughson@edu.tbz.ch"|"b%Qksr-NZp9GF-sdtdJy"
"milena.mieville@edu.tbz.ch"|"E3aG@Z-5XYMcX-cWhhJV"
"mailys.chamberlin@edu.tbz.ch"|"Qxz2r@-2GPfd3-lF0KKv"
"nadege.tomalin@edu.tbz.ch"|"KIZxle-qOuNa5-eS@2&R"
"oceane.omara@edu.tbz.ch"|"bEdtaD-JQBEXk-w@0iFE"
"cecile.aguirrezabala@edu.tbz.ch"|"ExgdOS-Nstwob-GByfZn"
"maella.gwillim@edu.tbz.ch"|"J6Wh$%-LeNU7C-oorcn3"
"lea.mcgahey@edu.tbz.ch"|"0eU7GX-M0nUZ$-QwHc59"
"laurene.hagerty@edu.tbz.ch"|"Eokb5y-w6et%x-vB5hSJ"
"dorothee.link@edu.tbz.ch"|"aFKqln-b3#bKD-0yQ$Sv"
"clementine.kynsey@edu.tbz.ch"|"Lx72z7-7g4Eli-gWVntH"
"lorene.smitherman@edu.tbz.ch"|"VaC76%-7#Q$G2-FRO#5u"
"cleopatre.klulicek@edu.tbz.ch"|"oQrYIA-kq3sbg-DS$z0W"
"laurene.castaneda@edu.tbz.ch"|"hllUH3-6e$pOw-9PuN$I"
"melia.constant@edu.tbz.ch"|"sIx6Cj-T4QAMf-QaC#uN"
"lucrece.clunie@edu.tbz.ch"|"UowSoY-B1JKh&-%UBG1I"
"eleonore.mcmurthy@edu.tbz.ch"|"GOtalP-Ziy0GV-bnVH7P"
"melia.bevar@edu.tbz.ch"|"8DZpO8-sEHpIW-mYlL3I"
"camelia.bontine@edu.tbz.ch"|"iWTHTz-I627OP-qBq@Pq"
"methode.jozefczak@edu.tbz.ch"|"5KFUPl-g58i5d-R9mgnk"
"audreanne.hinsche@edu.tbz.ch"|"#b9IR#-WhIgZo-tLPLvJ"
"andree.varne@edu.tbz.ch"|"FOnyQi-6AC#Iw-H4qPIE"
"marten.kinleyside@edu.tbz.ch"|"UN$pXJ-LqZFxn-8qeLfn"
"esteve.mcewan@edu.tbz.ch"|"Qp5Rs5-B5dg#P-t3f$qG"
"leane.dibbert@edu.tbz.ch"|"Xsg$e&-WZMN6L-f%GUBT"
"ma.thewlis@edu.tbz.ch"|"hpxbYT-4hJQHW-#Br1#V"
"clea.djurkovic@edu.tbz.ch"|"c%z0kW-v&yPlF-ih1Rlz"
"rachele.reburn@edu.tbz.ch"|"$rhM4a-ewpTAi-QBzcHU"
"gerald.gowling@edu.tbz.ch"|"KfdBDF-W1&7Yh-uIvy3F"
"cleopatre.jackson@edu.tbz.ch"|"MoVcit-d&GxGt-eq1gfK"
"desiree.haskins@edu.tbz.ch"|"amvc61-mvXFJZ-cJh9qM"
"eleonore.longson@edu.tbz.ch"|"n3mUjO-a$i%6D-bb@g&3"
"leane.dybell@edu.tbz.ch"|"JEO$UL-l$YuIx-eDxgeD"
"becassine.grzesiak@edu.tbz.ch"|"5l1@HV-on2@fX-KyrHJ8"
"marie-josee.pickin@edu.tbz.ch"|"pamvt&-ZflrL#-BOiElF"
"marie-josee.roxby@edu.tbz.ch"|"X6f$7V-LLi7CT-1#jgY8"
"leonie.feenan@edu.tbz.ch"|"7Y3%Rd-FXWSwn-EuxGza"
"valerie.ellum@edu.tbz.ch"|"%Wtye2-V&DFrZ-0e6W$n"
"ju.caseri@edu.tbz.ch"|"xMOALm-EOPsJB-WSY0cI"
"boerje.strangman@edu.tbz.ch"|"6$Ci51-KHxUbT-MUSkf3"
"beatrice.ghidelli@edu.tbz.ch"|"5g4laq-gs6%%t-j$3QpY"
"da.jablonski@edu.tbz.ch"|"OYo%%U-GSIDNn-zm%ALn"
"uo.beveridge@edu.tbz.ch"|"7w%Rme-wdLG6T-TcN5ye"
"valerie.bestman@edu.tbz.ch"|"k2Pq&F-Y$d&Fr-dKgtxP"
"marlene.pohls@edu.tbz.ch"|"xm2yyG-8P4@xV-jnYHGH"
"ma.nolda@edu.tbz.ch"|"DzZsBP-iIR6%L-$NQwHk"
"marlene.bisiker@edu.tbz.ch"|"MVuvTU-leTHF6-8RDvi5"
"estee.babon@edu.tbz.ch"|"7a&Hsz-C5Y8oB-lTiLRj"
"simplifies.dmisek@edu.tbz.ch"|"nXGrJ6-ksaIT6-rm$o$&"
"selene.ganing@edu.tbz.ch"|"WVxlP4-nuTNJ#-iz1bOh"
"meryl.penke@edu.tbz.ch"|"A%xYKv-r5E#Hu-gxLEsb"
"anais.rawcliff@edu.tbz.ch"|"6IvPZM-vQMdTR-1P57Q2"
"melina.andri@edu.tbz.ch"|"$U4pzJ-Xn4gw1-VhReIj"
"audreanne.fodden@edu.tbz.ch"|"Mrkuk3-N2YsbW-K$QKmB"
"bjoern.spellesy@edu.tbz.ch"|"IM0hn2-Cq3K8K-hT3Pov"
"francoise.summerscales@edu.tbz.ch"|"QlhFFe-0KKGxg-t7uJHX"
"laurene.ashtonhurst@edu.tbz.ch"|"e1a8%8-NXrEs%-h#NGSW"
"valerie.petters@edu.tbz.ch"|"a9&JsO-ygHRx5-3QNws8"
"anael.spenclay@edu.tbz.ch"|"ygDFXm-3AcmVj-b&j5Wp"
"stephanie.keech@edu.tbz.ch"|"&#wGw9-08IXT3-H48gc2"
"ines.deveril@edu.tbz.ch"|"t9EDj#-yDoMHs-I6HtNy"
"berenice.gelder@edu.tbz.ch"|"f95au0-3456zE-uLy1xU"
"melanie.ofogerty@edu.tbz.ch"|"Jx71u4-G5ACiT-pdD4gM"
"frederique.canepe@edu.tbz.ch"|"a6yT2X-dC13KL-0$Ds0C"
"nuo.otton@edu.tbz.ch"|"cLoa5M-ZYYAYd-Y9YqBh"
"genevieve.trusler@edu.tbz.ch"|"ERCxoT-LxWugx-gHaGM9"
"ju.boag@edu.tbz.ch"|"KWarW7-NH#9Hf-8vKR0Q"
"josephine.dilucia@edu.tbz.ch"|"2Y1NN2-vARiWO-KIv2Hp"
"laurene.armsden@edu.tbz.ch"|"VqqH@E-tqfr@m-iWVMlt"
"becassine.griffe@edu.tbz.ch"|"eAMRk&-%F0&sR-$Lr4$8"
"alois.parres@edu.tbz.ch"|"rbf4Y9-TC%13I-x$JIzy"
"cleopatre.gaffey@edu.tbz.ch"|"WFqDyf-td5AP$-gYis5E"
"andre.stiger@edu.tbz.ch"|"l4dTET-3iUuoW-5b@2Yv"
"beatrice.godleman@edu.tbz.ch"|"MQEkrE-iL&NkO-j7xiRP"
"hakan.harrhy@edu.tbz.ch"|"@qD#qb-3TpHx6-a0Mflb"
"celestine.dagnan@edu.tbz.ch"|"sPPpV8-cGPK&q-1$%5TG"
"clemence.haggart@edu.tbz.ch"|"CSFl7T-qtALA0-EG@ai#"
"long.caban@edu.tbz.ch"|"uNMIbB-cl5$ue-LjUBi9"
"gaetane.grimble@edu.tbz.ch"|"7S0Bvi-HTtxu7-qdd#f&"
"maelann.piwall@edu.tbz.ch"|"GxBEBC-bnCGcU-h9$CEG"
"magdalene.loble@edu.tbz.ch"|"K0&ls#-@WmvUK-764HzB"
"veronique.domaschke@edu.tbz.ch"|"ii&PUK-FWTDWb-NwA2qs"
"clea.herity@edu.tbz.ch"|"$JHZX2-8N1gJE-NQliYZ"
"maelann.bambrough@edu.tbz.ch"|"7p#I0i-buxb55-Dph@kn"
"clea.goulstone@edu.tbz.ch"|"Xym5f2-C9QE$C-WxZGGU"
"renee.deleek@edu.tbz.ch"|"xc#c5S-lqI7kn-Wn86wu"
"boerje.rudderham@edu.tbz.ch"|"8qpfos-7mws08-W8iYiu"
"marylene.broune@edu.tbz.ch"|"2CClyu-&z0X5e-P#fufs"
"nadege.mccuish@edu.tbz.ch"|"mCAcf2-c$RLiw-sYY2nx"
"anael.littleover@edu.tbz.ch"|"f0kCGt-tF8frQ-XgKb6a"
"lie.baume@edu.tbz.ch"|"U4PT76-oefx$u-JHIuiT"
"maella.murrow@edu.tbz.ch"|"JuLcwz-#v%IF$-ETdXMG"
"cleopatre.pettifor@edu.tbz.ch"|"9C$#Xb-h6DMDV-3R4gUJ"
"geraldine.asker@edu.tbz.ch"|"0lpKmo-FGPQR6-w852rV"
"gaetane.smedmore@edu.tbz.ch"|"fYlN34-qmMgIw-$KKt3C"
"meryl.blencoe@edu.tbz.ch"|"2hgScE-rxAhbJ-2BfL0L"
"aurelie.chastaing@edu.tbz.ch"|"Jh3v$&-7Y@tua-1el7v4"
"oceanne.marthen@edu.tbz.ch"|"j4HKnC-OR6RS3-fb&Tyc"
"dorothee.burrill@edu.tbz.ch"|"L%xUS2-zxbrtZ-z00pNP"
"hakan.belden@edu.tbz.ch"|"0NXo4i-J62gwU-blW6t4"
"celine.brunning@edu.tbz.ch"|"bBLiG9-EC2qA2-gguO%9"
"anael.lapides@edu.tbz.ch"|"8yH6fW-lrg0c#-3M2&uU"
"ruo.saffran@edu.tbz.ch"|"6wjDtE-c5kRK6-soDvPg"
"loic.gerretsen@edu.tbz.ch"|"TiKMyC-dqALiR-ct#2fB"
"rui.fitzer@edu.tbz.ch"|"t5lGtX-TTxhZn-NY@QHs"
"annotee.ogers@edu.tbz.ch"|"mDssnJ-2b#x4z-InKegn"
"boerje.bindin@edu.tbz.ch"|"hYjh9t-g26vZ3-QS2u@G"
"ma.cronchey@edu.tbz.ch"|"Lt1mtq-@OHB0G-gAPwNH"
"laurelie.baiyle@edu.tbz.ch"|"jh4clr-0GCG36-&sY3vh"
"dorothee.older@edu.tbz.ch"|"DhKUSH-8XvWze-wqIV2m"
"laurena.wile@edu.tbz.ch"|"GaT#vW-fsZpc4-yE@oYI"
"clemence.brito@edu.tbz.ch"|"6$aJ6x-UV8UN9-m%VZDb"
"nadege.dallin@edu.tbz.ch"|"YWq&ci-IsfwG5-N3%kHH"
"mailis.matley@edu.tbz.ch"|"hBDQsG-pnlLnf-Z4U4#f"
"daniele.screaton@edu.tbz.ch"|"wUaF2z-v8@zoI-le@V3Z"
"mediamass.godly@edu.tbz.ch"|"dm4D@K-$qveg9-&slV&e"
"leone.kremer@edu.tbz.ch"|"z$m1iH-dVZJB2-jwmx23"
"asa.adrian@edu.tbz.ch"|"GloUd8-Try5eu-s5svkA"
"adele.doley@edu.tbz.ch"|"Izfqlu-OpU#Qz-eABCzz"
"fei.sidney@edu.tbz.ch"|"L3Id&r-YJh&0M-51kpAm"
"marie-josee.walisiak@edu.tbz.ch"|"zMvzCS-aw$yHK-K6&Tee"
"desiree.diplock@edu.tbz.ch"|"JprU8$-8U4nVy-jrnPzA"
"gisele.schust@edu.tbz.ch"|"xa&LO@-03%4Ae-#Cg%$8"
"ma.longshaw@edu.tbz.ch"|"bykfjX-19F7iU-KO66nx"
"da.boother@edu.tbz.ch"|"0qH0Nx-qAcS@w-vHQPA4"
"simplifies.chaudhry@edu.tbz.ch"|"TK2YHh-Ldsp$g-72FpWR"
"garcon.baniard@edu.tbz.ch"|"h&zZvF-cq8Ilv-g#RjJJ"
"gaetane.elphee@edu.tbz.ch"|"igbbjT-OFkmQF-$OIoy%"
"gisele.hassey@edu.tbz.ch"|"#I5%4P-1bwlVc-Ih&GTy"
"oceanne.booley@edu.tbz.ch"|"ComZCH-D#Fe30-khnq30"
"oerjan.dibden@edu.tbz.ch"|"M$C2Dv-JlEMd1-D3LCm$"
"regine.ocleary@edu.tbz.ch"|"lsA$6&-yFBQUs-oEXYaQ"
"selene.persse@edu.tbz.ch"|"e5EsoV-5lXjNy-BG3YZ6"
"helena.adenot@edu.tbz.ch"|"9TTakq-kTTRUk-KN%v0v"
"maelann.wassung@edu.tbz.ch"|"u#Bd&t-gsw2rN-d3B7fa"
"frederique.ackermann@edu.tbz.ch"|"iyP9tl-2jGjVb-VPC2yC"
"audreanne.kahen@edu.tbz.ch"|"uRnju@-vJdQEC-JM58X7"
"maiwenn.lasty@edu.tbz.ch"|"@mtn3#-L1UMYh-RGpzDL"
"yu.dictus@edu.tbz.ch"|"UJaM21-%5e#eO-ZkR0CP"
"anae.dukes@edu.tbz.ch"|"HqqlsM-rniQ8s-7yleKI"
"yenora.warr@edu.tbz.ch"|"CabDSI-d$FPt%-HknTaY"
"esbjoern.archibold@edu.tbz.ch"|"9xO6NQ-zYl9wj-Ygl&Fh"
"milena.pardal@edu.tbz.ch"|"fu9w5D-77aD10-4v$SQJ"
"celestine.graveston@edu.tbz.ch"|"GZKg&9-umPyLk-qPKeN&"
"maena.dallas@edu.tbz.ch"|"dBTOjQ-jPJin6-G1w1dO"
"andree.tuke@edu.tbz.ch"|"iho%U4-0orxXq-keVdc@"
"methode.seldner@edu.tbz.ch"|"wVkl3E-pidLDJ-gKQD9C"
"venus.bullas@edu.tbz.ch"|"$YfeUA-3$YQYn-9gn&o6"
"mans.aguirrezabal@edu.tbz.ch"|"XRPd7W-4mlZhS-iE%rQ$"
"gaelle.eadington@edu.tbz.ch"|"ZeLh4V-CN@IP0-L5VnyU"
"anaelle.falkner@edu.tbz.ch"|"iitStb-vTrVjn-%e43fb"
"ophelie.height@edu.tbz.ch"|"R1IeNm-J4gwqu-offXK9"
"marten.bolding@edu.tbz.ch"|"o6Vy@e-NDIvKZ-WC4x%l"
"pelagie.guswell@edu.tbz.ch"|"nc62hY-jqaXf9-aCdV3p"
"gwenaelle.lecount@edu.tbz.ch"|"@DQ8Qq-2Rz$%w-tsA5i6"
"hakan.laden@edu.tbz.ch"|"Nk&#Vc-8cxAx&-kNqh5Z"
"marie-josee.hylands@edu.tbz.ch"|"7km#rE-ymkWur-RAL%PF"
"zoe.kingshott@edu.tbz.ch"|"m0G6Sm-qv%0tU-gJatdz"
"josee.janous@edu.tbz.ch"|"kQv6xP-MZ#f44-@MAcSG"
"laurene.gallally@edu.tbz.ch"|"RG2UVU-18jUG4-i4s$1$"
"anael.bickle@edu.tbz.ch"|"QvZKjP-tCTUdJ-@NgOLS"
"mediamass.lebbern@edu.tbz.ch"|"7Jo3s9-$JSShX-qDgj@Q"
"berengere.hovy@edu.tbz.ch"|"cdc6a2-uILqKN-gewt2Z"
"oerjan.kilmurray@edu.tbz.ch"|"Yb1VSr-Od2S6W-$kRsGn"
"asloeg.venny@edu.tbz.ch"|"RJSeJc-4IPBea-BL1hVh"
"marie-noel.stoad@edu.tbz.ch"|"BQo#zg-IY%b%1-E1YMhY"
"hakan.pettifor@edu.tbz.ch"|"Fh$Ky1-juLHww-LIAfvk"
"maella.willgrass@edu.tbz.ch"|"$aP375-f%6qv9-7E9mpw"
"therese.ludovici@edu.tbz.ch"|"sbY1Hj-VI$mdL-F$95uW"
"stephanie.trewhitt@edu.tbz.ch"|"GlEc09-CXSjyl-GN@CUP"
"maerta.bauduccio@edu.tbz.ch"|"yfHR&j-s44VF#-JKClBj"
"gaetane.glaisner@edu.tbz.ch"|"mBsyO@-k9EHkZ-kaJ042"
"naeva.pargeter@edu.tbz.ch"|"BvTCX$-oKvwSV-T#rVZf"
"salome.venable@edu.tbz.ch"|"ND8Yhe-ScLkeT-7PYqEC"
"boerje.thickett@edu.tbz.ch"|"Y@qamA-um9&Y6-7dha6D"
"lucrece.prendergrass@edu.tbz.ch"|"k67UTc-$j583F-MEJY26"
"laurene.ockleshaw@edu.tbz.ch"|"YzFnWp-eCZ7Fr-yvlU&9"
"cecilia.pasticznyk@edu.tbz.ch"|"TfY1Iq-GlyAUU-5PWZz$"
"stevina.mackey@edu.tbz.ch"|"4t2Shs-RsTXlD-eQWwLP"
"marie-noel.reven@edu.tbz.ch"|"6kNXvm-Q6t4Oj-6F$AOA"
"melina.quilkin@edu.tbz.ch"|"MYjonF-vJcNFZ-BEjOar"
"marie-noel.ferrie@edu.tbz.ch"|"%JsYt6-ZSYPD3-X5XPRd"
"leone.alphege@edu.tbz.ch"|"gjpeOU-oVtg@A-%lDC5&"
"zoe.leverson@edu.tbz.ch"|"hn5@ZN-B%P95O-YuzpZ$"
"annotes.grayne@edu.tbz.ch"|"jNSiYq-ML6%mK-8skBPV"
"faites.lalley@edu.tbz.ch"|"oS69ea-C0ACkr-8b7&XT"
"adele.wallis@edu.tbz.ch"|"&pRudU-U4U8DJ-51OLaz"
"severine.madill@edu.tbz.ch"|"ZilAF&-3IEcph-CTyg3A"
"valerie.tebb@edu.tbz.ch"|"2QY3sV-mFHBRt-7QcaiT"
"kalliste.rasper@edu.tbz.ch"|"YzspmA-XIEpHd-SqDLsn"
"audreanne.palomba@edu.tbz.ch"|"4%@KsB-t4KIq%-C2ogFc"
"elea.adamik@edu.tbz.ch"|"@LxQ2W-eJtM$#-jq5@2&"
"reserves.jakuszewski@edu.tbz.ch"|"tTd9Wr-1ueP4%-SYDRu3"
"athena.belhomme@edu.tbz.ch"|"dRi@&N-RcWYlE-ugGFB@"
"rebecca.crippin@edu.tbz.ch"|"0l1CmL-raLMo@-KMTR#E"
"maiwenn.curman@edu.tbz.ch"|"hU6Ylh-3cydgc-eUs2EF"
"andree.bunner@edu.tbz.ch"|"RZ8q1q-2kxr4G-JBSEaF"
"ruo.winckles@edu.tbz.ch"|"bHPqpS-CyWBBx-AC#kMW"
"naeva.buntine@edu.tbz.ch"|"iQAiRh-BmDVMU-O9Rm&q"
"boerje.dollard@edu.tbz.ch"|"KaN7HT-oirKYj-4HHQak"
"penelope.gorman@edu.tbz.ch"|"k@EUkP-q5OeYr-rhGacu"
"alois.robelin@edu.tbz.ch"|"hmmFSv-ZyJ3Wm-T4O215"
"anaelle.tindle@edu.tbz.ch"|"spWexH-tvbAcu-dxtXuU"
"ye.frears@edu.tbz.ch"|"YAzE@v-Rw2QZN-xDI5IL"
"andree.ovid@edu.tbz.ch"|"OGU17w-RitCDk-O7mQS#"
"hakan.peat@edu.tbz.ch"|"fxzozF-6e$2y4-hjYTry"
"andre.januszewski@edu.tbz.ch"|"TQkrWC-y0%E9i-R2STA$"
"annotes.clemmett@edu.tbz.ch"|"AuANGR-Hu$GJj-VgYdXf"
"pal.lambswood@edu.tbz.ch"|"NSuGT4-Le8xof-eoFqJS"
"yao.lenton@edu.tbz.ch"|"S9mcTr-gPIvIt-8kPBvT"
"hakan.boyton@edu.tbz.ch"|"xQv6by-D8EfAo-#gOtHX"
"nelie.forsey@edu.tbz.ch"|"d5VXN1-oo3l9b-nGW$&y"
"hakan.horche@edu.tbz.ch"|"mL#8nO-uz@hk1-B4XkQR"
"lorene.sinkings@edu.tbz.ch"|"17E08x-eJIBI$-0GR32h"
"marie-therese.creddon@edu.tbz.ch"|"X7AqbM-anrTsW-kj%Sc#"
"berenice.tolworthy@edu.tbz.ch"|"GVSfl$-S0KNdm-2fBLlh"
"theresa.land@edu.tbz.ch"|"n9ajFq-E%Ju@t-T2cBRc"
"marie-therese.gianilli@edu.tbz.ch"|"Ie9G9U-WOd4O&-flhU5B"
"meryl.glew@edu.tbz.ch"|"dJ4SwE-YEocl0-flCnxG"
"adele.debling@edu.tbz.ch"|"PzUVaO-5O9&4F-60Cnwh"
"anae.metzke@edu.tbz.ch"|"@OwQ4e-ImoPaz-#gjuNm"
"gaetane.gooden@edu.tbz.ch"|"9oQlWQ-Hstjv&-5Izakg"
"laila.bootland@edu.tbz.ch"|"SXbCUd-ZlWpVX-VCXaIL"
"maite.helsdon@edu.tbz.ch"|"qZpyIe-0M#o@g-#khMxt"
"andree.malley@edu.tbz.ch"|"vhbV%S-mec#3v-HxMNpX"
"pal.simmens@edu.tbz.ch"|"ybhBE8-6CmjSC-&PjewQ"
"maelys.nuccitelli@edu.tbz.ch"|"epVKL$-9VhBBV-IwGrF5"
"dafnee.sibary@edu.tbz.ch"|"duQGRk-7nUPd7-srp0HX"
"alois.harsnep@edu.tbz.ch"|"UsaWAE-rgo%GJ-S4CsPH"
"marie-helene.lacky@edu.tbz.ch"|"4QmRWL-C$eExh-4P0Csk"
"mylene.youthed@edu.tbz.ch"|"4DnuFs-TpMBDx-6LR09p"
"marie-helene.dehmel@edu.tbz.ch"|"DB9Wzw-uw&vYZ-UqPYW@"
"angele.batman@edu.tbz.ch"|"Q5hn8y-4$IyWA-uslh81"
"melia.younghusband@edu.tbz.ch"|"iJp@Ne-@XGzQF-Hiz#DZ"
"eloise.baldi@edu.tbz.ch"|"oXmW6L-kGak2j-YlTkGp"
"illustree.dun@edu.tbz.ch"|"BhbG3m-B40mGN-1q3uRv"
"genevieve.late@edu.tbz.ch"|"PvBIZC-GAZPrp-WbW@aV"
"celestine.colville@edu.tbz.ch"|"aLXvBn-p$sXQJ-H1hkz8"
"gwenaelle.scarlon@edu.tbz.ch"|"13Wj&e-L7p@05-4pC&zA"
"regine.boddie@edu.tbz.ch"|"XqkyvB-nJpYJz-lIJQ4O"
"creez.gaughan@edu.tbz.ch"|"Q@Sr%q-z#8gje-I7KcZE"
"gaia.longford@edu.tbz.ch"|"oAhAyl-1GqBwq-TKghgu"
"mailis.buckby@edu.tbz.ch"|"va#$AQ-mQm5HK-E@nLDP"
"song.parbrook@edu.tbz.ch"|"TtG@2d-iwmHkh-j$Y6LL"
"frederique.heddan@edu.tbz.ch"|"f4dK2v-CIx%Z0-owVyBc"
"ake.kirtlan@edu.tbz.ch"|"HUi$mw-rLUzHk-MemIQ8"
"nelie.runciman@edu.tbz.ch"|"i%FGzj-85CI@h-5NDekq"
"mailis.cardnell@edu.tbz.ch"|"c2jBTB-qffSIB-QHulnJ"
"irene.navarro@edu.tbz.ch"|"I943Db-6OyrvJ-4SRKXQ"
"maite.cough@edu.tbz.ch"|"WWV#%1-XjwCwS-%IOdcl"
"anaelle.stocky@edu.tbz.ch"|"ik6C%Y-eVgz7f-YLvZ7N"
"methode.moulder@edu.tbz.ch"|"zMpOf7-tUwZhh-dcrdya"
"po.stafford@edu.tbz.ch"|"n0yms8-IIhVtR-3@JIrj"
"faites.scraggs@edu.tbz.ch"|"Vj%@n%-lZmLIt-fpjuLX"
"adelaide.dullard@edu.tbz.ch"|"y%9q2n-Pe13h&-oKUzCO"
"desiree.leonard@edu.tbz.ch"|"TCG7M9-W%XHqG-n$XW#Z"
"geraldine.badgers@edu.tbz.ch"|"TVWV$m-K46wZS-NX2w@c"
"ruo.masic@edu.tbz.ch"|"L#IBFQ-qLG4$R-2rsKas"
"aurelie.lieber@edu.tbz.ch"|"fwhES1-Mm&gzH-9pu1vM"
"naelle.balcock@edu.tbz.ch"|"C$I5lJ-j54KJj-QueY#b"
"camelia.elger@edu.tbz.ch"|"qwc9QY-ge3&LI-069u&m"
"publicite.oakeshott@edu.tbz.ch"|"HASE0y-PiF@Gi-v7V4A6"
"cleopatre.fawley@edu.tbz.ch"|"zWjS7W-0msGLi-xrcck7"
"laurene.bruckmann@edu.tbz.ch"|"VoXPjq-Sd4sCs-7rc9x2"
"rui.haughton@edu.tbz.ch"|"E6LYUO-2HY1f4-YR$vWp"
"asa.ladewig@edu.tbz.ch"|"W#Aoea-CM6%TX-&E1Dtg"
"gisele.janecek@edu.tbz.ch"|"lra%z2-Y$5PTW-fVE8Hi"
"maily.loveridge@edu.tbz.ch"|"3hHYqf-Z4DyOE-BGxeyy"
"marie-eve.yurkiewicz@edu.tbz.ch"|"EXaXAq-Eh$OyS-lyPCBt"
"fei.roder@edu.tbz.ch"|"5cLDU7-mrX#Hd-irA44Q"
"edmee.chatburn@edu.tbz.ch"|"nsWoJH-poRnK3-8OKQW#"
"geraldine.darke@edu.tbz.ch"|"ljr8#$-3v$dLY-rNyJi%"
"ye.jira@edu.tbz.ch"|"zG0R2c-hYfr2Z-IhX7GB"
"publicite.persent@edu.tbz.ch"|"yYkfC6-SLY$PT-w2%28n"
"severine.wilcox@edu.tbz.ch"|"2ghcoQ-&gkeba-fHv&jp"
"yao.mcclaren@edu.tbz.ch"|"0f4FmD-w3t1v%-dSV%3S"
"theresa.foynes@edu.tbz.ch"|"oyYeB8-s%Lo%3-Dj#W1%"
"stephanie.isley@edu.tbz.ch"|"%zx80N-#ma&Sw-YsOZL#"
"torbjoern.growy@edu.tbz.ch"|"C4f6S%-LaDEJd-MGLgLp"
"eloise.tunnadine@edu.tbz.ch"|"qJCFqp-ytN1X8-3tibly"
"maeline.cossentine@edu.tbz.ch"|"I9vQxs-h7BZaA-4GGRwh"
"nelie.desantos@edu.tbz.ch"|"iH4%39-H8iKOt-jy&sje"
"gaetane.axston@edu.tbz.ch"|"viThdd-Rv91zX-4noTvF"
"aimee.merman@edu.tbz.ch"|"97VwC&-c7xFIi-F$TMFF"
"oerjan.drivers@edu.tbz.ch"|"MiT2Ik-pFb1Xp-hRAlas"
"aimee.miroy@edu.tbz.ch"|"Ky3jCC-tEPkMV-MOc6Uz"
"nelie.glyde@edu.tbz.ch"|"9vJ3@k-S2Dbn8-EGLE%V"
"hakan.kapelhof@edu.tbz.ch"|"BXArmI-gBprKW-DqP%mr"
"maelyss.cauley@edu.tbz.ch"|"fSpLN$-#wRjaW-aeSw&Y"
"elea.vaggs@edu.tbz.ch"|"NW#oSV-sKeiQg-xzvUfX"
"maelys.but@edu.tbz.ch"|"wm2Q4&-9y7JPj-auNVV4"
"maella.arthurs@edu.tbz.ch"|"xmtE3W-m6w5Ug-z47#x4"
"adele.liebrecht@edu.tbz.ch"|"6xs%5T-qUTX6S-LE0t$p"
"meline.lomasny@edu.tbz.ch"|"yDu@F$-t@QbXf-qw$SWE"
"mediamass.schwant@edu.tbz.ch"|"kjYp97-GQhsZ6-aBO69q"
"leone.saunt@edu.tbz.ch"|"YNwv@H-ZmUyIp-3EqkYp"
"annotes.gouch@edu.tbz.ch"|"2WEHfl-RC4F3Z-W1TlWg"
"gaetane.bowich@edu.tbz.ch"|"#2kFEg-GdhUz9-R5rM7U"
"alizee.strelitzki@edu.tbz.ch"|"29MNzB-6z%Xm2-%Ib%Dn"
"leone.poile@edu.tbz.ch"|"Mtad6X-kbFN&h-gI0E2T"
"amelie.saban@edu.tbz.ch"|"NS$j03-v%kyqY-EEdSao"
"marten.mcmenamin@edu.tbz.ch"|"%c&SaF-KD#XFw-ptNrAm"
"becassine.keets@edu.tbz.ch"|"uCuiQz-z#m&N0-k#rRBt"
"celine.million@edu.tbz.ch"|"YE5fhu-DKpszs-#6h%oJ"
"geraldine.belitz@edu.tbz.ch"|"5fPZzN-XFMgCS-hgoF3O"
"salome.mardling@edu.tbz.ch"|"S$h5jF-V#XiY%-Wbp0OM"
"melia.blakemore@edu.tbz.ch"|"GAL952-JZFC2M-5EkGkG"
"dafnee.mcaulay@edu.tbz.ch"|"ztDcrg-hTADGl-Wuti9N"
"garcon.dennett@edu.tbz.ch"|"UNdyQ3-kxFTrx-arck6B"
"interessant.lesor@edu.tbz.ch"|"vj8#Gw-nlL&Mc-Z44N4L"
"annotee.wasbrough@edu.tbz.ch"|"dKF@WD-&BQfkY-MekYKl"
"asa.ibbeson@edu.tbz.ch"|"z1zypu-DpA%cW-ei9Mb4"
"maily.kennealy@edu.tbz.ch"|"6fJqlP-uKv2zy-LECqgT"
"ye.seares@edu.tbz.ch"|"nX#lSJ-2iQx3I-Wrz7R%"
"athena.harbron@edu.tbz.ch"|"lu0@AA-PH5MTx-0N3@fO"
"andreanne.portail@edu.tbz.ch"|"aPKXbw-WhAlX1-jiaR6g"
"goeran.zannelli@edu.tbz.ch"|"W0a8zX-w&t%Wk-CBVb%d"
"gerald.leathlay@edu.tbz.ch"|"I5FcEj-SQtRhH-eGfhSJ"
"andreanne.chown@edu.tbz.ch"|"GfEsn4-Fvf0ub-fRHMn4"
"esteve.clementel@edu.tbz.ch"|"82EdOc-JUFect-@UKLJS"
"leone.legan@edu.tbz.ch"|"h8A0pH-ERsd89-K2mV24"
"maena.pownall@edu.tbz.ch"|"o4z0mb-g6Rb4$-%THdbw"
"andree.rettie@edu.tbz.ch"|"TSYU#U-&3Fwdj-@0u&ku"
"ines.kenwrick@edu.tbz.ch"|"KP2%Rc-4GrpNk-SGuH4l"
"marie-helene.yarnall@edu.tbz.ch"|"Wqv2rW-9KcFXp-D$39NH"
"po.martin@edu.tbz.ch"|"ANm9Eh-oOytuu-5Qb%Px"
"ruo.celiz@edu.tbz.ch"|"&QvR5X-sSAiev-YU#Am$"
"po.bissett@edu.tbz.ch"|"$qSeAV-SXcwWO-IPiICB"
"du.swindon@edu.tbz.ch"|"iuV6C#-CEFUVQ-5PGh6b"
"interessant.gouldthorp@edu.tbz.ch"|"$QHC9O-oHscGn-%phy#F"
"leandre.lilburn@edu.tbz.ch"|"6oLeRc-ngs%nP-UA03PI"
"bjoern.whales@edu.tbz.ch"|"ukdEGW-@EzzN@-qBWlQb"
"interessant.dieton@edu.tbz.ch"|"fls#EH-AB1Tlq-YYGgtS"
"celestine.redhills@edu.tbz.ch"|"UN0YD8-xjtgT4-T6l2$n"
"tan.yakovlev@edu.tbz.ch"|"bVvALh-xCBktK-@z3hNv"
"regine.mcdowell@edu.tbz.ch"|"SS3no2-zik0Nn-GL$BZJ"
"ju.coysh@edu.tbz.ch"|"uGzkrf-IoiO%p-8qz1A3"
"reserves.ofallon@edu.tbz.ch"|"2$5PVJ-T%El9s-fE9Wrh"
"frederique.sobey@edu.tbz.ch"|"FxJLtB-WbcDhQ-c1w950"
"marie-eve.garstang@edu.tbz.ch"|"uOe%#b-A@opoF-FYxmtQ"
"andre.tapin@edu.tbz.ch"|"Lnf3Ge-0nS5W%-TF@61b"
"esbjoern.eynon@edu.tbz.ch"|"&EHGaa-r1C&W#-TRdp%w"
"maella.duffy@edu.tbz.ch"|"&zlMRw-4W&orp-6OZ2QI"
"leandre.twinning@edu.tbz.ch"|"gZ4Y5q-KraGmQ-gKGLWq"
"mai.whittingham@edu.tbz.ch"|"qpFXot-1gBDm5-OQypvP"
"rachele.shevelin@edu.tbz.ch"|"vKIuzB-nmUFIq-n#O$8F"
"cecile.mcure@edu.tbz.ch"|"p$uOxl-4ESH2x-358saf"
"marie-eve.yurkevich@edu.tbz.ch"|"Oo3T9@-ozbI0i-pZ7pnu"
"almerinda.paice@edu.tbz.ch"|"kL4iAq-XObpux-M6RYG9"
"rao.howkins@edu.tbz.ch"|"xmcqjc-KDqGGd-czaz$k"
"serena.pack@edu.tbz.ch"|"t@vN97-nk17$f-H3WnzF"
"rebecca.mant@edu.tbz.ch"|"5YOSpo-ivLoVw-moE&K6"
"reserves.spitell@edu.tbz.ch"|"%evLNu-edKfqB-zRTXqe"
"garcon.hamfleet@edu.tbz.ch"|"1JY2Mm-xgOQ3i-LBg1o1"
"methode.kerkham@edu.tbz.ch"|"KAzbtb-wibRW%-hH@iu3"
"pelagie.camies@edu.tbz.ch"|"j&KQ84-3XHcNC-%jFfIf"
"josephine.macpharlain@edu.tbz.ch"|"w%DMrE-N2Azex-XCnplh"
"eugenie.mathet@edu.tbz.ch"|"bnX%ZQ-MXYbAd-CXHQKz"
"gaetane.brangan@edu.tbz.ch"|"drfCRa-jOEQbh-JoN&Kh"
"michele.dewbury@edu.tbz.ch"|"RQ93@V-w3$gWU-ZJ6L%K"
"eugenie.elcott@edu.tbz.ch"|"k%rTzg-mluNtB-eXYl84"
"megane.harniman@edu.tbz.ch"|"cvbnoj-rQeAM3-jHA7Fj"
"agnes.cluney@edu.tbz.ch"|"a1%8#O-Psh48U-&ick@q"
"marie-helene.angear@edu.tbz.ch"|"fzg0n7-RfCOQ6-CuYHzQ"
"melia.dolphin@edu.tbz.ch"|"kh0gu4-soi@Z1-mJp948"
"lois.ruseworth@edu.tbz.ch"|"fUTye5-XxfB59-RIEwsf"
"mailys.ryding@edu.tbz.ch"|"3$wFqV-5&2TXt-LiJySi"
"rachele.wulfinger@edu.tbz.ch"|"7aRodP-kI21x5-4N9tqR"
"gwenaelle.talton@edu.tbz.ch"|"iw8L%R-TXTnPr-qPrN1H"
"long.ronchetti@edu.tbz.ch"|"$1GOqD-qL0SBf-fZ#1jp"
"styrbjoern.kloska@edu.tbz.ch"|"ydckVi-Pm5aXJ-3olQ4L"
"len.sudran@edu.tbz.ch"|"RjbOv1-X29$H1-nLCq%T"
"maelle.andrysek@edu.tbz.ch"|"KbwG4X-&j#@Mk-GJBSbi"
"selene.senior@edu.tbz.ch"|"rJkSKj-wWcfFP-vBj%Hp"
"anais.joskovitch@edu.tbz.ch"|"k5vByc-wtIobT-YlMiMc"
"marie-noel.dally@edu.tbz.ch"|"#Z&nrV-UIvBVg-Mofjj@"
"marie-helene.laurence@edu.tbz.ch"|"NPeB&G-zr#R1R-m0VPjz"
"camelia.foxon@edu.tbz.ch"|"@#zihW-E%IiP9-z@x8FZ"
"helene.cankett@edu.tbz.ch"|"V6Ma3f-moo1Sp-MCS$Wb"
"marten.mitchelson@edu.tbz.ch"|"EpALh#-1btMtq-x5kxRw"
"helena.stirtle@edu.tbz.ch"|"LIWOpm-eUSt@8-nax%AX"
"leane.barmby@edu.tbz.ch"|"xM0m&K-yGit7p-kD7opF"
"goeran.ofinan@edu.tbz.ch"|"FJcn4Q-ek3hNL-5uGPHj"
"styrbjoern.proby@edu.tbz.ch"|"1MJ4#M-EPdvxs-tdh&rq"
"zoe.halse@edu.tbz.ch"|"9xzSDN-3%d5xV-abY%9%"
"kui.drable@edu.tbz.ch"|"bD1BYP-U&YpVJ-VQy4BW"
"desiree.bamford@edu.tbz.ch"|"BH5Ryt-fsyQd@-&Zl6iS"
"zoe.suller@edu.tbz.ch"|"e3%I%E-ifr@rs-3p7RV$"
"marylene.audiss@edu.tbz.ch"|"w&I@#s-$3ZYQZ-NvS$f4"
"adelaide.poznanski@edu.tbz.ch"|"b3tsBu-0a4K2L-%mb751"
"maella.coleyshaw@edu.tbz.ch"|"DWxFTk-Tf&$iS-kLfHuR"
"marie-francoise.gelder@edu.tbz.ch"|"8rhPft-LTfIK6-CbyNoj"
"eleonore.chaffyn@edu.tbz.ch"|"ogGTNv-4Ct$35-Eq8j2j"
"celestine.sikorsky@edu.tbz.ch"|"%2sDml-Wf0k@w-RNL2B6"
"stevina.londsdale@edu.tbz.ch"|"7Dtyhr-5Vaxwz-dgraaY"
"maiwenn.nevitt@edu.tbz.ch"|"aMSshT-66FV%8-r9Frxi"
"magdalene.gerrey@edu.tbz.ch"|"zMvFsO-E$JEw0-2CTIHs"
"becassine.latimer@edu.tbz.ch"|"YYM&2X-zy0j9x-MaOnoF"
"da.lethibridge@edu.tbz.ch"|"FmVoTU-I#wP7V-O$&w6#"
"mailys.claige@edu.tbz.ch"|"@B@w9n-J5kNj7-ujxp94"
"maena.torbard@edu.tbz.ch"|"@7Xp5K-ENIqe1-8Q246m"
"solene.lyvon@edu.tbz.ch"|"@Anmow-mxXP%M-qn#tQa"
"marie-therese.benbrick@edu.tbz.ch"|"Lnx7Iw-$9NMG%-Szdaa&"
"gerald.edmonson@edu.tbz.ch"|"HSfwj8-1CbEua-rMBrpz"
"ake.messruther@edu.tbz.ch"|"LSNDsx-gUkN9f-nQmxZq"
"men.gosneye@edu.tbz.ch"|"Qz#mw2-UDRRMC-jklH32"
"anais.jefferys@edu.tbz.ch"|"5Uams&-oN8&cY-StG&wl"
"publicite.tregale@edu.tbz.ch"|"&BQ9v6-DWheDC-jFFsd5"
"maily.santorini@edu.tbz.ch"|"c@PkPI-XLK&@Z-9rwxJ2"
"ines.pioch@edu.tbz.ch"|"LaOzCY-wVZ2wC-1zevCO"
"noemie.marklew@edu.tbz.ch"|"uC1sve-alrads-9@2Nxr"
"meghane.maccaffrey@edu.tbz.ch"|"Ngm@Jm-9H219p-LGApck"
"berangere.ambrogio@edu.tbz.ch"|"Jf5l3N-YUsDyJ-J%YwzX"
"mediamass.ryce@edu.tbz.ch"|"mg8LA#-a0OK20-3p3QhB"
"oesten.ubank@edu.tbz.ch"|"jjEj90-caEvZd-wiVujT"
"melina.mackee@edu.tbz.ch"|"lvppjc-IntX3$-cWszGL"
"theresa.livezey@edu.tbz.ch"|"$Ov#JR-IIG6L@-l6ZY89"
"clemence.weal@edu.tbz.ch"|"GSSdOM-lqEB34-zL5J&A"
"faites.overton@edu.tbz.ch"|"r2TYRW-hJjTRd-Z6iHl8"
"clea.lindblad@edu.tbz.ch"|"SWbrWb-Wzyx&G-z8LJ$D"
"josephine.roseaman@edu.tbz.ch"|"aT8SRW-y12xue-6OvzHY"
"oesten.lowbridge@edu.tbz.ch"|"c8z$#B-zHXjC9-t#&0my"
"marie-josee.brion@edu.tbz.ch"|"3b2hhP-sz0jwb-Ik@pPw"
"therese.basili@edu.tbz.ch"|"9gxjWL-4Wk5nM-$jQc2E"
"melia.vertigan@edu.tbz.ch"|"3eOw8E-Gqa7n1-4z0JDt"
"judicael.saull@edu.tbz.ch"|"P&b1VW-L#08QY-RgxwO8"
"selene.valentine@edu.tbz.ch"|"u%HixA-77YZsL-b7iOnT"
"verane.dunlap@edu.tbz.ch"|"@XscL@-EStJ3t-lcaQqB"
"meline.kinnear@edu.tbz.ch"|"&WEO%Q-OKLqcm-CBWqrY"
"lei.luttgert@edu.tbz.ch"|"uJ%%O0-$NyZ68-0j6Fp&"
"styrbjoern.lathleiffure@edu.tbz.ch"|"VM9w8e-jOiLCr-cWv4aQ"
"marlene.blasi@edu.tbz.ch"|"LwUprW-fDUjAJ-lBzHGU"
"mai.begwell@edu.tbz.ch"|"YHCyXt-MUD#fL-KUp8Np"
"gwenaelle.kaines@edu.tbz.ch"|"1$fqi0-KVH15&-Lc1ElI"
"gerald.adamthwaite@edu.tbz.ch"|"ViPEGN-i6t@%s-AuE&ma"
"kui.hartfield@edu.tbz.ch"|"29@vIS-QXB9G9-aHJBcO"
"salome.currao@edu.tbz.ch"|"@sngsd-xAh4QB-5Is39G"
"angelique.tixier@edu.tbz.ch"|"d&hoMz-2sIQbL-vYji5P"
"ju.mcgragh@edu.tbz.ch"|"BPLdTh-5HEAfc-PE8%Au"
"dafnee.beachem@edu.tbz.ch"|"9xisro-aDt2ju-zF6fYC"
"creez.terlinden@edu.tbz.ch"|"YsLTh$-om3$wT-x0OLCI"
"uo.mcskeagan@edu.tbz.ch"|"XMbmP7-ydxbdn-#Zi@X&"
"edmee.mccaughren@edu.tbz.ch"|"J6bMU6-hgDxtQ-EzL9Jp"
"asloeg.cozby@edu.tbz.ch"|"6CzEOK-ZqUj22-&SepOJ"
"melodie.traite@edu.tbz.ch"|"urxYQf-&hTnyF-86fOJ9"
"dorothee.aindriu@edu.tbz.ch"|"ev26Uu-yQ&G&8-aDhS&k"
"daniele.doley@edu.tbz.ch"|"2Lyan9-1gx2Ze-zWkfCF"
"mediamass.fairclough@edu.tbz.ch"|"PvaNoY-R0EXWB-b1SxKS"
"lorene.rainforth@edu.tbz.ch"|"cEwRJ@-10ZJK5-vBotQC"
"leonore.eyer@edu.tbz.ch"|"CkaNlT-@8L#Ts-36qoDs"
"po.spillman@edu.tbz.ch"|"9lmYCJ-KU4w3g-EnNVyO"
"cecilia.plitz@edu.tbz.ch"|"s7GJuQ-PY6@M3-jvT2Kx"
"lorene.ludlow@edu.tbz.ch"|"vaX6nH-bcLTQm-H@lRXe"
"berangere.neligan@edu.tbz.ch"|"UWFyxp-c0@bu0-MZWqvE"
"simplifies.huggan@edu.tbz.ch"|"elgb0e-MXjGtu-GeCoQS"
"clelia.prandy@edu.tbz.ch"|"D5xTOi-avyjZf-taxs9%"
"ake.osban@edu.tbz.ch"|"3sFBZf-Xv@Z3f-Dkxatb"
"cunegonde.brunn@edu.tbz.ch"|"WqNmjD-$UrC3C-&iSzfu"
"long.grizard@edu.tbz.ch"|"9YwxVV-2Sf48M-lX&icG"
"meghane.diss@edu.tbz.ch"|"ZvNuW%-iomXH1-rGs6@&"
"therese.oldman@edu.tbz.ch"|"PUm3Ye-ClYRiD-wSF@UF"
"boerje.scamerdine@edu.tbz.ch"|"qfSAK7-KY3a8c-yS&dG2"
"du.saban@edu.tbz.ch"|"sxzgzm-%Ma5aN-Qzx4mn"
"hakan.clynmans@edu.tbz.ch"|"DrEnkN-bZVln@-UCiELq"
"wa.macdowal@edu.tbz.ch"|"G814Jl-q@r9$n-YVd0Mq"
"venus.hatrey@edu.tbz.ch"|"lZz2h5-BZAx%4-#dq5Pd"
"anaelle.vispo@edu.tbz.ch"|"ga$BhA-X&1deB-XGrNt8"
"mahelie.ollcott@edu.tbz.ch"|"zvzm6r-Q4$WRX-$XfL7U"
"mediamass.whyman@edu.tbz.ch"|"TsPsqV-IiF9qc-#@&N2w"
"esbjoern.basson@edu.tbz.ch"|"2Ag@Pm-Q8axr0-aIbmhT"
"andrea.morrill@edu.tbz.ch"|"9T#X79-Qw9DBu-Uj#GqR"
"melys.grassi@edu.tbz.ch"|"TwLbWP-MzNzhG-ryXieo"
"leone.poleye@edu.tbz.ch"|"9JL@RQ-4AbMjt-fEqViR"
"francoise.penny@edu.tbz.ch"|"yszTdm-pUB4Yb-cgWU20"
"rebecca.edney@edu.tbz.ch"|"QWluEK-PLuOC@-fS8JlC"
"adelaide.murtagh@edu.tbz.ch"|"sXObD6-S1PThH-VhuW&d"
"stevina.winterbourne@edu.tbz.ch"|"1H7@on-spuiQe-mu61C9"
"ma.cottom@edu.tbz.ch"|"JB#JRI-sndT&T-l6WU06"
"tan.harold@edu.tbz.ch"|"cxkj3L-OIla0s-ox3ShF"
"venus.forte@edu.tbz.ch"|"e4kRT5-J$ME&e-Po&OGu"
"almerinda.oluney@edu.tbz.ch"|"T$ACDh-xrahqC-z%OQ#f"
"cleopatre.brehault@edu.tbz.ch"|"c2ES0y-6oBm6R-UdDs6s"
"interessant.lapides@edu.tbz.ch"|"D2K0ze-ndcZuK-xzMeYH"
"reserves.hallatt@edu.tbz.ch"|"QKIgha-IO&L&1-#ULM8X"
"annotes.birdwhistle@edu.tbz.ch"|"be6@Vd-ZCPiF9-#oAj4X"
"ai.dredge@edu.tbz.ch"|"PQF$pZ-OMHLVW-HOv&GN"
"megane.mussard@edu.tbz.ch"|"bXs%sC-Uq2pbJ-2SIp6g"
"esbjoern.gowrich@edu.tbz.ch"|"dXHHp3-TDVqnS-f5&jzD"
"boerje.brislawn@edu.tbz.ch"|"@Edwfc-S66XZl-uFH%rW"
"becassine.wilce@edu.tbz.ch"|"uUzw0x-W3Rdto-jutyQU"
"personnalisee.oels@edu.tbz.ch"|"65o&N#-Dxb@hD-5Mvu0n"
"verane.pett@edu.tbz.ch"|"FijHnW-Og@0mh-DY%FWz"
"marylene.glewe@edu.tbz.ch"|"TgUCR5-%DYnng-3fF1K3"
"lai.elson@edu.tbz.ch"|"&LTvyu-S6QchE-KhDl#B"
"serena.difranceschi@edu.tbz.ch"|"YuIGMT-9ju#p8-@I0$TQ"
"lie.espinel@edu.tbz.ch"|"x5X$4H-bb$Q57-K5GyYb"
"marylene.fantini@edu.tbz.ch"|"J7e5d7-zi4vy8-#UmbmQ"
"andre.archdeckne@edu.tbz.ch"|"yQ0vpy-511Cl%-NNBC#n"
"goeran.bohlingolsen@edu.tbz.ch"|"@SvAVF-MQEKw1-7EIp@O"
"cunegonde.heffer@edu.tbz.ch"|"j3Fimw-XQnz83-%%WMbr"
"tan.fechnie@edu.tbz.ch"|"bS4jzQ-jzEmBF-1MAzcA"
"marie-noel.brammar@edu.tbz.ch"|"jW7kz4-hn5BjC-ckLXJY"
"simplifies.aven@edu.tbz.ch"|"$%W@5R-a54AHW-p8SDSE"
"melys.pinchen@edu.tbz.ch"|"0u8Odx-PqmBYJ-ROMpG%"
"edmee.joyner@edu.tbz.ch"|"#y&R$h-dyhNze-JvaZVX"
"berengere.edess@edu.tbz.ch"|"gpM09B-rVSQ6M-@#WJyY"
"marie-noel.goward@edu.tbz.ch"|"mHuZfp-Z72opz-GMV9V4"
"ju.edmons@edu.tbz.ch"|"nDfeeI-w2xjx9-0&oruM"
"frederique.airds@edu.tbz.ch"|"Qq0c06-zi5bdY-@rLj$J"
"reserves.dauby@edu.tbz.ch"|"pyO0DN-Sp4412-1sYizP"
"hakan.gynni@edu.tbz.ch"|"5cvjKp-4P$a&v-jhztuQ"
"leonore.pinwill@edu.tbz.ch"|"pPFKbY-5ZjyBd-27mXtM"
"marie-eve.mcallan@edu.tbz.ch"|"Ot#mP6-zGWQiu-rNF8x@"
"naelle.yeabsley@edu.tbz.ch"|"i4z641-7mney#-6GJ32H"
"nelie.jacobovitz@edu.tbz.ch"|"h3m10v-f6#rbq-LJcorF"
"adele.conelly@edu.tbz.ch"|"W#x63n-lbXOLl-lNU2mo"
"clementine.dondon@edu.tbz.ch"|"6spwl1-oqbCAk-AtVKSs"
"zhi.willcot@edu.tbz.ch"|"E2GpWw-e3M&Xf-IYP@pf"
"chloe.janicki@edu.tbz.ch"|"PEFPEf-X1T0o1-x99e7l"
"meng.linde@edu.tbz.ch"|"CeAShU-YTRyV%-yXtixT"
"celine.janisson@edu.tbz.ch"|"A70kur-nD2$13-rzK0$v"
"clelia.crow@edu.tbz.ch"|"Aq%#Vu-Oi9GX7-8LJTHj"
"cecile.pyott@edu.tbz.ch"|"o8qDz2-Ps7YOq-5jG5Lx"
"ma.fidelus@edu.tbz.ch"|"6RDH1r-svH$9s-PlUV38"
"marie-helene.poore@edu.tbz.ch"|"tJ7Q5c-5BNkIw-st$nhg"
"elies.blanket@edu.tbz.ch"|"&HRhtQ-sBWy9#-8H6&J1"
"yu.boyer@edu.tbz.ch"|"y6CWcc-JfHWdX-#pqtfe"
"celia.welds@edu.tbz.ch"|"b1UVDR-9bnb#v-KPpdBZ"
"du.gunney@edu.tbz.ch"|"p7SYw3-yKojku-pS5MS1"
"goerel.crush@edu.tbz.ch"|"XPng$c-e7sk5s-Y2qly$"
"marie-josee.brosius@edu.tbz.ch"|"y3@zfX-ZzEyzd-&MpeZR"
"camelia.adds@edu.tbz.ch"|"#%m0IZ-mntQTa-IerDn%"
"anae.irwin@edu.tbz.ch"|"aTSJJ6-aAZ9Bj-4ic7YV"
"cleopatre.skeffington@edu.tbz.ch"|"FnTiD%-sMkzPX-rxRsWz"
"gerald.suggate@edu.tbz.ch"|"tescn%-ZH0U6&-ORG4uD"
"laurene.tailour@edu.tbz.ch"|"U$S7ca-1SC7I8-6WEgW0"
"amelie.hoble@edu.tbz.ch"|"EGX7v6-uIlxee-SbQN1g"
"venus.getch@edu.tbz.ch"|"w$k&Uw-v0TfkB-O5si87"
"renee.treby@edu.tbz.ch"|"cDsaB4-yUsh8N-FPuWLn"
"almerinda.stait@edu.tbz.ch"|"rN80w9-$f0Yo%-W&rn2b"
"andree.reddecliffe@edu.tbz.ch"|"L22@3a-ncZTYA-xHLh26"
"leone.wintle@edu.tbz.ch"|"2pqPV#-@s$06V-iC1@ca"
"gerald.fellow@edu.tbz.ch"|"S4qoZu-AZOsk9-aQ&tE$"
"ju.gudger@edu.tbz.ch"|"#TuGdx-16drHp-yM2%sD"
"meng.ohaire@edu.tbz.ch"|"6N8DeO-F9@VQw-NHJX$3"
"cleopatre.missington@edu.tbz.ch"|"ZWA%Hj-AEkHyg-9xfEme"
"annotes.debruyn@edu.tbz.ch"|"5NIi8A-24JrKv-wmgo#m"
"gerald.sinisbury@edu.tbz.ch"|"fLNJT1-cqyuyz-Rcy5OU"
"creez.slora@edu.tbz.ch"|"THMTE7-jwETr8-Hc34Rv"
"gisele.benbow@edu.tbz.ch"|"ZUeQWq-uiXJko-UecnPr"
"pal.dossit@edu.tbz.ch"|"pVgeVH-LmMMHD-M7wKGa"
"nelie.stirrip@edu.tbz.ch"|"$7kCRs-KVgRZR-QW4V8R"
"alois.ocrigane@edu.tbz.ch"|"Cwp6SE-#iB59T-GN#Pl5"
"kui.mcterry@edu.tbz.ch"|"q&#J5D-IM%cst-weFk%Y"
"long.willgoss@edu.tbz.ch"|"pmyRJN-KAThr7-sjA3ss"
"francoise.sumpner@edu.tbz.ch"|"&9CN4Z-LomjzB-pNs7Lo"
"maely.grinstead@edu.tbz.ch"|"P4$Q@P-MqGPDc-y6&07B"
"creez.langeren@edu.tbz.ch"|"zuGzur-rMIXbE-s8DR5j"
"adele.dungate@edu.tbz.ch"|"4PjBKW-8BF1ZG-Z9kv7M"
"cleopatre.noirel@edu.tbz.ch"|"fqtm2n-XYvgp5-9ueLfN"
"interessant.daverin@edu.tbz.ch"|"FNWYH6-K8D%TZ-xeSnM#"
"naeva.kalderon@edu.tbz.ch"|"hl#Ibx-XRQ6CC-yRKVxl"
"anais.oshesnan@edu.tbz.ch"|"5th2ZO-4ZXoNY-4lZnmC"
"judicael.anelay@edu.tbz.ch"|"wpj$Y2-u7atvG-HeppHJ"
"eloise.braxton@edu.tbz.ch"|"wMU2Gt-IEwS5K-kJmpg4"
"desiree.greguol@edu.tbz.ch"|"4uyd0g-2s5obL-qsVNxP"
"maite.mcclenaghan@edu.tbz.ch"|"zGhYLm-Mnc781-SFEOM@"
"meng.doret@edu.tbz.ch"|"2&JUaG-agyRYj-W7R%l%"
"frederique.chippendale@edu.tbz.ch"|"XrL6el-f%$XrY-8AdCgK"
"andreanne.lanney@edu.tbz.ch"|"2Tfj7a-B7CZHn-HQT0RI"
"aurelie.claus@edu.tbz.ch"|"Mpt@OP-woW&24-CDAEU6"
"renee.pabel@edu.tbz.ch"|"%mQCir-1MKOIT-UiwIsf"
"maena.roust@edu.tbz.ch"|"1Ab5Ho-u6aa4M-CS0%$7"
"nadege.carwithim@edu.tbz.ch"|"TEls2&-6f4Os0-7$xhyD"
"solene.geyton@edu.tbz.ch"|"MtzpOy-A1gqun-En0EJu"
"dafnee.avraham@edu.tbz.ch"|"AxeJVS-EE04gS-CvtcN7"
"leane.woolvin@edu.tbz.ch"|"q6IQr@-vU12v6-rcoFEI"
"adele.macadie@edu.tbz.ch"|"IO4Nxe-KLn$2y-I9fI93"
"meline.rubica@edu.tbz.ch"|"JmR2z1-Nx0Npr-wSwZ&3"
"marie-noel.speeding@edu.tbz.ch"|"xCcnLo-&HJVpU-hW64nQ"
"nelie.mix@edu.tbz.ch"|"cQzw@x-cUTFQt-dc#a&3"
"clea.ollett@edu.tbz.ch"|"D#HsvL-iOQmxE-dhgryG"
"leandre.mcgavin@edu.tbz.ch"|"0GtoTy-uKY9nB-&#56CP"
"cecile.behne@edu.tbz.ch"|"7t5K&j-6V45Xn-u%KkcV"
"melanie.polle@edu.tbz.ch"|"F46SVK-JSXfys-rew#fX"
"marie-josee.titmuss@edu.tbz.ch"|"NE&&sd-l$C3Xk-MGqUfu"
"helena.guest@edu.tbz.ch"|"TsCO3x-7N3Tnb-9$SCjh"
"annotes.chicchetto@edu.tbz.ch"|"eg8l9w-Bp6JX2-Io53aW"
"melia.tubb@edu.tbz.ch"|"aN&kNT-c28v@Y-KgkR80"
"angelique.casetti@edu.tbz.ch"|"Ryr&hk-BeW@tI-nFMbN%"
"cunegonde.cleall@edu.tbz.ch"|"fZ&lSy-3xdJJg-hDjvBb"
"camelia.oaker@edu.tbz.ch"|"Cq7NdR-Vy&KSk-%IQzdp"
"you.searight@edu.tbz.ch"|"fuVKty-WMQGPa-@mUQrz"
"kevina.dederick@edu.tbz.ch"|"%0EnOK-Y%d7tp-mITvgD"
"milena.jeffrey@edu.tbz.ch"|"fIJis4-KRW8QR-eqIpct"
"melodie.barkshire@edu.tbz.ch"|"$Y%bit-KAeGuk-XyTZlh"
"gaelle.kreutzer@edu.tbz.ch"|"TMQdQw-A1hzaG-9uUfhR"
"kalliste.kleinpeltz@edu.tbz.ch"|"ZStaTc-5xT8HI-%%2UcW"
"clementine.danat@edu.tbz.ch"|"e9#gjw-mYwSs3-mVdrYk"
"andrea.wabb@edu.tbz.ch"|"HtgkIM-vX3i4%-JmmMAN"
"geraldine.piesold@edu.tbz.ch"|"FQVd61-wtYuh6-J0fu5z"
"tan.fiveash@edu.tbz.ch"|"LA%m1d-72dIii-UTWDpg"
"meline.yuranovev@edu.tbz.ch"|"mkCV9#-nUYbXt-84Jfbx"
"therese.holme@edu.tbz.ch"|"qKu&kJ-p#M1Hs-v9sbri"
"salome.vaney@edu.tbz.ch"|"W@@XS@-qmK5KM-CIQOJi"
"anae.abramson@edu.tbz.ch"|"oxQ3IS-@d1HrW-aZnFrP"
"kalliste.jimson@edu.tbz.ch"|"@gDhcV-7LMM#c-metipK"
"selene.yole@edu.tbz.ch"|"x9oUQx-d1HBB7-3IBa3M"
"agnes.defraine@edu.tbz.ch"|"xB1Pdn-YtlSir-rEtQ7G"
"faites.mccluin@edu.tbz.ch"|"VaQ#1C-GnHSuK-4XDEEM"
"athena.deme@edu.tbz.ch"|"YDI2fH-cTKHf#-tQ7n9w"
"daphnee.brigstock@edu.tbz.ch"|"Vk$b0z-hOrJj@-CxZ6Hd"
"goesta.skaif@edu.tbz.ch"|"8AR3Gs-uCgqLf-JqMQS8"
"oceane.jagoe@edu.tbz.ch"|"ohNo5E-Ccomm1-Soxhv8"
"annotes.broomhall@edu.tbz.ch"|"yY$WoS-ZdMd2l-1ody3c"
"marie-eve.ballendine@edu.tbz.ch"|"kRxmdG-Do&nVf-HJVphT"
"melina.spykings@edu.tbz.ch"|"ooWqHB-C9LPGE-h6#@1$"
"laurene.ticehurst@edu.tbz.ch"|"uSamOf-oOFObk-dWpGGh"
"fei.avramovic@edu.tbz.ch"|"$w$nOo-qoZeiO-tNwk1Z"
"publicite.strathearn@edu.tbz.ch"|"H5K9kK-KUXHMe-xC#UEB"
"torbjoern.garrow@edu.tbz.ch"|"oxyHgt-xqVK8a-xIiCdY"
"chloe.rubinsztein@edu.tbz.ch"|"&8dx&Q-dMgp8%-&GHHwk"
"mylene.demanche@edu.tbz.ch"|"5KMxnu-u5Pt&4-BYUwdo"
"mediamass.godlonton@edu.tbz.ch"|"8rEs7x-16%HiD-CTh4Pv"
"renee.shurrocks@edu.tbz.ch"|"A&YSqN-Gvvece-elrW24"
"maiwenn.jedras@edu.tbz.ch"|"Lyxq2h-fccQGT-S6b1VS"
"genevieve.castells@edu.tbz.ch"|"NpzFKL-qPAfEd-dNEq8S"
"renee.sneden@edu.tbz.ch"|"iHWZjH-UKoPoT-dwbfFZ"
"lai.mccallion@edu.tbz.ch"|"q90pTJ-6tQyZy-O0Jg2w"
"kevina.impleton@edu.tbz.ch"|"TcwSGj-JyFU&Z-%zzXVF"
"oesten.fresson@edu.tbz.ch"|"AOdsvY-3EfbpG-uLu9vN"
"verane.shawley@edu.tbz.ch"|"8grXAS-@txShc-Mz1GMV"
"uo.sjostrom@edu.tbz.ch"|"1H2ZA9-6ebB%y-DdgDpE"
"gisele.gothup@edu.tbz.ch"|"ayZtJg-IWPvIC-cMcJpT"
"renee.beauman@edu.tbz.ch"|"Mi#Thl-I@dMcO-bDgzlr"
"elies.loton@edu.tbz.ch"|"Xy21sK-Nh0FVQ-b5#zVU"
"valerie.elsmore@edu.tbz.ch"|"WTQ7r8-R%L@GA-OZCo#S"
"berangere.delafeld@edu.tbz.ch"|"E30M03-32XJHE-83KT@t"
"bjoern.schimke@edu.tbz.ch"|"jCeGyS-cuDz04-6gGc1l"
"loic.ericssen@edu.tbz.ch"|"NOyG67-1m7LLm-T3kkTC"
"creez.richarz@edu.tbz.ch"|"Nf@ynV-UgK3Ti-5Nq6cS"
"athena.grocott@edu.tbz.ch"|"#$VAYc-%ffMEf-c@54At"
"naelle.piotr@edu.tbz.ch"|"#U70fu-8q%mV3-xncL@g"
"maella.paulson@edu.tbz.ch"|"UADyEh-dPtkmY-FCw&Qj"
"song.perot@edu.tbz.ch"|"@nPzx9-gsahRE-MqAQTF"
"kalliste.heckney@edu.tbz.ch"|"@zUhVp-kSuK@G-uRlrz2"
"ake.vasyutkin@edu.tbz.ch"|"BOJtcm-aSq037-N0K3AD"
"ma.castles@edu.tbz.ch"|"1$khaG-jDQV6y-cJQ5a8"
"maely.monget@edu.tbz.ch"|"O5KHmm-OwXoqy-CuN6up"
"tang.durbridge@edu.tbz.ch"|"7Now#c-kL61pS-JZ9lKQ"
"laurene.andrew@edu.tbz.ch"|"nped88-GSo5Gg-GUdk#O"
"lysea.beacon@edu.tbz.ch"|"LolFr6-cPvLDC-zl2IGE"
"leandre.peyntue@edu.tbz.ch"|"wWspz9-maANUY-vzG@CP"
"rao.trever@edu.tbz.ch"|"RLA77v-uZssmL-kJMTty"
"mahelie.streader@edu.tbz.ch"|"nfjqrd-UZh6nN-C$KTO4"
"maerta.andrejevic@edu.tbz.ch"|"h1laTc-R$H%1i-Hpj34e"
"goesta.tompkins@edu.tbz.ch"|"5AcGVF-O3qoai-qLi%y2"
"helena.agates@edu.tbz.ch"|"OtmUuR-nL3eXQ-6j4x@C"
"therese.glass@edu.tbz.ch"|"H5UY0G-83TSck-a9JucT"
"alois.foan@edu.tbz.ch"|"zK5B9d-hfj5fi-CmBDGP"
"becassine.melchior@edu.tbz.ch"|"yk#cy9-s6RtaW-lLjhiL"
"cloe.robart@edu.tbz.ch"|"LfnpQv-Zy8R73-X&5cNk"
"daniele.puckinghorne@edu.tbz.ch"|"tWaWYU-g3Dy3C-fZK&@f"
"selene.cammidge@edu.tbz.ch"|"j$dPQK-IHNcqw-BQD%pe"
"regine.conochie@edu.tbz.ch"|"T&By7E-m8NFb9-4bx%6J"
"interessant.tuiller@edu.tbz.ch"|"g9UsnD-4CaFct-whWYAm"
"long.tiebe@edu.tbz.ch"|"ySF3PV-5AfaP6-R$bHe9"
"mans.yele@edu.tbz.ch"|"4NEA0#-K7LhKB-aF@DlW"
"ai.giles@edu.tbz.ch"|"fxTJo$-9NjrDx-bviDpR"
"gaetane.hamberston@edu.tbz.ch"|"VEzALJ-9xx0mU-oc%@SJ"
"marylene.fenix@edu.tbz.ch"|"jDdQmA-$4ohcL-GltiXB"
"geraldine.graeme@edu.tbz.ch"|"CXWKpC-5BIZ8S-4g@vH$"
"tang.kinglake@edu.tbz.ch"|"K4awoR-&ABu6i-P6oPcX"
"lai.challoner@edu.tbz.ch"|"39S4M2-e1MSxX-GX0mmo"
"desiree.mattei@edu.tbz.ch"|"JZ4seX-agffIc-wUhpzn"
"ake.erley@edu.tbz.ch"|"ifHaA@-cAzxIJ-Xq6$lp"
"edmee.cavil@edu.tbz.ch"|"3IfKK6-KRLtdQ-5jDJ7n"
"alois.moyes@edu.tbz.ch"|"Uh@&uY-LZ5d49-mtHmag"
"becassine.pitman@edu.tbz.ch"|"ONyJyL-upMx$i-@y&rpD"
"ai.giacovelli@edu.tbz.ch"|"A5NrHn-Hdw40X-fHxwzZ"
"judicael.fruchter@edu.tbz.ch"|"aPZ8ub-JhFXk3-%YRtKl"
"mans.mogg@edu.tbz.ch"|"vCaVWS-IXeAlN-6h&6@J"
"gerald.foyle@edu.tbz.ch"|"8X6M92-6vzE9K-%HR&yk"
"wa.androletti@edu.tbz.ch"|"1ajqHJ-P3FDRL-1y$sFW"
"meng.ollett@edu.tbz.ch"|"4O4n7%-1uiupJ-S%wbGU"
"naelle.macmenamy@edu.tbz.ch"|"u$aVWl-1OiF#M-iqZVTO"
"gisele.mcramsey@edu.tbz.ch"|"Nog7IU-GDqB%T-XekJ6J"
"meryl.scolts@edu.tbz.ch"|"9F6vg0-G5#scP-C#Wn4q"
"celia.bloxsome@edu.tbz.ch"|"%#p%ht-8ujFiP-5ZTvOP"
"styrbjoern.stuke@edu.tbz.ch"|"D3#lvR-XaxqjN-4%MIMf"
"felicie.gwilliam@edu.tbz.ch"|"K&KmqG-ARI$5t-2E69aK"
"da.harms@edu.tbz.ch"|"qDCb3L-1iQhU5-lKcqfD"
"celestine.baulk@edu.tbz.ch"|"G299Jr-ZAlJhd-HsNe8y"
"mahelie.blackledge@edu.tbz.ch"|"xLyLor-1EelCD-PTM4UW"
"meghane.salt@edu.tbz.ch"|"uLIWbj-8psSnC-ncDFu5"
"methode.paxeford@edu.tbz.ch"|"veWL5Y-d&MRAM-2Trpbm"
"asloeg.milligan@edu.tbz.ch"|"wKt2L2-LnzT6e-xkvFVq"
"you.pellman@edu.tbz.ch"|"KEpY#D-s7lwrj-I%$4Pg"
"loic.regenhardt@edu.tbz.ch"|"I6GA7L-n40zyX-Ui1gZ4"
"daniele.savill@edu.tbz.ch"|"5cxdB%-#6HeIS-vSoMWh"
"alois.cornu@edu.tbz.ch"|"w%Ur5D-mKOBGL-g4B9J4"
"oesten.govey@edu.tbz.ch"|"ZxHjv8-9yh2SV-kI6T@Q"
"marie-eve.louch@edu.tbz.ch"|"s67bqt-LJM3TW-z##llJ"
"theresa.wenn@edu.tbz.ch"|"J1kONC-9njPXn-Z8fh4E"
"andree.eul@edu.tbz.ch"|"iZWAf8-%T5H4W-%gu#3y"
"lie.paynton@edu.tbz.ch"|"LQuOmK-k$m&4p-d13ciD"
"marie-eve.girodier@edu.tbz.ch"|"gckUd5-@5d1Ke-C4M8QX"
"marie-noel.smithe@edu.tbz.ch"|"dJNuQw-Pcyz&F-r5FtBl"
"men.bootyman@edu.tbz.ch"|"7NgMQE-sTAuYr-6XT@#&"
"ku.sugg@edu.tbz.ch"|"4E90HI-K3KSFc-B4GkG0"
"lucrece.roseman@edu.tbz.ch"|"RfYPjI-%hNikq-xjgSgl"
"zoe.annear@edu.tbz.ch"|"XcAJWt-IVvGl2-Ry70j0"
"marie-helene.rennebach@edu.tbz.ch"|"d0ITmz-Yam5%A-U5Ez4n"
"lea.djurdjevic@edu.tbz.ch"|"H8k4$H-FI1voh-eO3ZHF"
"goerel.robert@edu.tbz.ch"|"s8KTy1-KCMl7T-r9TaK4"
"mylene.foldes@edu.tbz.ch"|"ylWX9p-#foD$i-0srOj2"
"faites.clegg@edu.tbz.ch"|"LEd$zY-yYhTjN-vnYHOE"
"marylene.crowcher@edu.tbz.ch"|"wlKwsY-o#Yilo-FxSz4k"
"aimee.wimpeney@edu.tbz.ch"|"OQEqc#-UOlx@A-QoXVFC"
"renee.atkins@edu.tbz.ch"|"6etUV5-fxqoUC-z56Hm8"
"rejane.cainey@edu.tbz.ch"|"X%vCqy-%4g5vp-Kxi$vo"
"solene.britney@edu.tbz.ch"|"feQi1s-#rFhXB-CZbV3$"
"marten.shatliffe@edu.tbz.ch"|"2y2S$F-7NXdXA-Z%Xxer"
"maite.issatt@edu.tbz.ch"|"HxTsrQ-z%fwi7-vp&9O4"
"maelyss.edon@edu.tbz.ch"|"A9RnIW-VrIhTf-jsR3B7"
"nuo.bamling@edu.tbz.ch"|"V7yoX0-ouWTMB-Hyk&V1"
"anais.edards@edu.tbz.ch"|"3fB&fw-tk0SVk-EwZENB"
"mediamass.bromet@edu.tbz.ch"|"dJJOt1-alFvSD-&BReNe"
"beatrice.kimbrey@edu.tbz.ch"|"MiXTJ7-XCKWaV-MuYAhQ"
"ines.lawranson@edu.tbz.ch"|"04@soj-1$n3Tn-KB%LYy"
"kalliste.scandroot@edu.tbz.ch"|"FrBFk%-DNx4Qr-7m0Ycp"
"mans.barrowcliffe@edu.tbz.ch"|"iBQxme-t3XzO9-opYUKi"
"irene.couves@edu.tbz.ch"|"W3EAd9-DF3F@n-qSjq6$"
"milena.mucci@edu.tbz.ch"|"#agOFx-QuKo@S-h5ki8#"
"naeva.cow@edu.tbz.ch"|"BS$4P0-jfugu@-hPH7hd"
"audreanne.mournian@edu.tbz.ch"|"MH3w12-HNcOyF-90henf"
"melia.sinnatt@edu.tbz.ch"|"hzTe$K-x32ali-v5z2mt"
"nelie.burnard@edu.tbz.ch"|"d%@a$&-Hi8tMu-4UTULF"
"clelia.ashfull@edu.tbz.ch"|"5rX8h6-igh5vj-DC2U@w"
"lie.macard@edu.tbz.ch"|"9AaQKa-X4scPt-8HHOF4"
"valerie.matoshin@edu.tbz.ch"|"KrP@i&-kvu$6C-FbL&&R"
"anael.hatherleigh@edu.tbz.ch"|"7#PUVI-jlAxpw-H$pLUU"
"interessant.warratt@edu.tbz.ch"|"qFoUpk-9jl@$P-u4i5jv"
"eleonore.volage@edu.tbz.ch"|"zfNnAP-%mp2hC-rHBrRV"
"zoe.stebbing@edu.tbz.ch"|"Qr2&4H-xJ9W@R-CB52qP"
"alizee.nye@edu.tbz.ch"|"uweorK-sMNZUt-xdiZmX"
"celestine.bramley@edu.tbz.ch"|"2&I1xD-UJa%Ih-6493pX"
"selene.philcott@edu.tbz.ch"|"Qc3heg-URRxJu-@$B%Ox"
"tang.newens@edu.tbz.ch"|"Ysnv50-qHmjME-FUg0qt"
"annotes.powys@edu.tbz.ch"|"fi8Zbl-NKZO1L-iIjoj5"
"lea.matthesius@edu.tbz.ch"|"vkvMa2-kmrCiX-vWDXBv"
"illustree.garlett@edu.tbz.ch"|"k%1iV@-lyvh4R-x4#5AR"
"maiwenn.meachem@edu.tbz.ch"|"EpNfL0-3z8@Yr-F80hOZ"
"marie-francoise.mcbrady@edu.tbz.ch"|"Iq7LEa-#jVpfD-QkI5IU"
"illustree.gimbart@edu.tbz.ch"|"I6#HG@-jpbvtg-Q2O8JP"
"melys.lyosik@edu.tbz.ch"|"YhWOtJ-bqUjmP-XQdnqA"
"marylene.mcnab@edu.tbz.ch"|"negdK4-WTKtzm-tgVqYZ"
"gerald.blount@edu.tbz.ch"|"T@dCX@-&u5V7i-EzY92P"
"clelia.shakelade@edu.tbz.ch"|"uxJDzo-eCtZnh-MqWCt1"
"penelope.cridlin@edu.tbz.ch"|"1NiZ#R-BipBz8-CHR4&r"
"maena.okuddyhy@edu.tbz.ch"|"UgV&nN-b#anfu-yrEIx$"
"athena.keynd@edu.tbz.ch"|"hvs@xD-43sn4z-ew7q59"
"cloe.dwine@edu.tbz.ch"|"X3O8Cd-#BRgGO-gZivt@"
"josephine.browett@edu.tbz.ch"|"TBH32Q-xzht9#-dvsf0N"
"audreanne.oscanlon@edu.tbz.ch"|"5aV7q0-31oANl-KbXBbG"
"fei.jeanequin@edu.tbz.ch"|"9p@5py-$YqVUy-BHL56N"
"lois.gormally@edu.tbz.ch"|"32D#t3-$M1Rn7-C560R7"
"marie-francoise.finnigan@edu.tbz.ch"|"O6YWXW-K%lZFg-EICDR5"
"leonore.trussman@edu.tbz.ch"|"Ecdgyr-uZyoEQ-urU3Tl"
"anaelle.trumper@edu.tbz.ch"|"tKMbve-3LOm&g-z08iTx"
"clemence.dionis@edu.tbz.ch"|"adk%&k-eJs@5F-BWzDrt"
"lois.tranmer@edu.tbz.ch"|"xEHGF2-xkDwO2-A@8Oft"
"interessant.volett@edu.tbz.ch"|"raLTX7-NsqsUP-IZtTbf"
"personnalisee.deackes@edu.tbz.ch"|"SaaD%n-55h$WP-qOKFw#"
"lie.vasiliu@edu.tbz.ch"|"0vNHTK-yDk2%G-Dkn4zu"
"dafnee.lamputt@edu.tbz.ch"|"lAURtl-VPG4eR-I$xb@W"
"elies.bromige@edu.tbz.ch"|"AK@rUS-70gZsZ-Ydpj%u"
"helena.klosser@edu.tbz.ch"|"J%kj7v-ENziaX-a$9PTE"
"andree.grim@edu.tbz.ch"|"XDOnwZ-5G&lCY-UYHYPW"
"verane.coldbath@edu.tbz.ch"|"dzbwZF-a&qtt1-iCe0To"
"helena.bethell@edu.tbz.ch"|"IARDkr-QoMjd%-d2VmtN"
"kalliste.carefull@edu.tbz.ch"|"paO$kK-joxmNz-J3Wr28"
"regine.odams@edu.tbz.ch"|"mIgOdC-H%0O8K-vP3zd1"
"len.stannus@edu.tbz.ch"|"6gCboJ-y1TpkP-foQdxB"
"angelique.works@edu.tbz.ch"|"Kn7uos-7q0dGi-mPZub4"
"goesta.rheaume@edu.tbz.ch"|"1Jq0mY-4AHxiQ-H0R#Vx"
"maelys.tynnan@edu.tbz.ch"|"80%h4C-qO%XLm-X0v1Sj"
"maelle.carlesi@edu.tbz.ch"|"n4UsaX-VdiSro-dC2rl%"
"anael.spurden@edu.tbz.ch"|"JmJH9N-ZiXUeA-gswDg#"
"helene.pumfrett@edu.tbz.ch"|"aOBn63-sZqsyi-bqJWnh"
"goerel.pearn@edu.tbz.ch"|"PN1dcm-jmRcR$-mpeOsz"
"laurelie.dezamora@edu.tbz.ch"|"o$$Evn-cRzBLb-iif3i#"
"yao.twidale@edu.tbz.ch"|"Zv8r3F-NwM3sO-HVmojA"
"berengere.sola@edu.tbz.ch"|"i5FB1Y-l37OHN-WV0&0i"
"maelann.hardistry@edu.tbz.ch"|"Iv77P&-Ii1QcL-5wUiaO"
"severine.littlefield@edu.tbz.ch"|"snOyVR-7xjP0M-FxGQpM"
"salome.heinl@edu.tbz.ch"|"q5QwTN-CvY3qr-cU2Q6M"
"meryl.warbey@edu.tbz.ch"|"sxbpfE-s@Z%Mq-lbZ@p8"
"da.hunstone@edu.tbz.ch"|"yl%yLe-RRiTZV-%D@pDS"
"venus.broadbury@edu.tbz.ch"|"0kd4nE-jmE@Nh-bbgYHz"
"meghane.rentelll@edu.tbz.ch"|"0nOW@q-$1NjwX-gecwNr"
"marylene.drewitt@edu.tbz.ch"|"RycnJy-f8QFe0-ihqhF&"
"melinda.jacquemet@edu.tbz.ch"|"T4SUQX-W54Y#F-7NhXIt"
"marie-josee.keyden@edu.tbz.ch"|"D8o8oq-ncoI0f-dTyvDD"
"asloeg.montacute@edu.tbz.ch"|"XfW8aF-D$2hx3-edzk5N"
"ku.andreou@edu.tbz.ch"|"$JUoeY-wroUQS-k%ZgY1"
"personnalisee.feaveer@edu.tbz.ch"|"SYH7Uq-y0EI3l-F&iSPb"
"laila.emptage@edu.tbz.ch"|"Q%KtRd-smI%iE-Q9XnL9"
"bjoern.dawdry@edu.tbz.ch"|"u49arz-hQ@XEk-W590#Y"
"marie-eve.dinsell@edu.tbz.ch"|"YpZDms-NhetHa-drhozJ"
"helene.follett@edu.tbz.ch"|"QBa$mv-HUSRls-6W@$mL"
"penelope.cordero@edu.tbz.ch"|"cL3PpW-Cs&lYS-8H@5bu"
"boerje.beedell@edu.tbz.ch"|"cBy1OR-zRcYKI-SIkcEf"
"nelie.ferne@edu.tbz.ch"|"8#E69t-FgghNS-uE62uL"
"celine.ahmed@edu.tbz.ch"|"FGZk02-nRidbJ-%K8CYL"
"stevina.pimblett@edu.tbz.ch"|"vpWC51-BcsEqx-kgc&Rf"
"chloe.langlands@edu.tbz.ch"|"%NHyf2-v3VYr2-$51Tc6"
"simplifies.maude@edu.tbz.ch"|"IWQUX#-sjNp#8-LtRCDi"
"genevieve.decarteret@edu.tbz.ch"|"JrA&Mh-u8Z$dB-NeOUvI"
"marylene.mughal@edu.tbz.ch"|"FpkENp-LI1S4Y-1du82#"
"goeran.guttridge@edu.tbz.ch"|"lS$9P1-pVi%qn-vAtUaj"
"michele.smurfitt@edu.tbz.ch"|"UxC%X$-RO#aUd-OOCjHh"
"methode.hadeke@edu.tbz.ch"|"ktu$k7-ikA90h-YYTLhN"
"therese.rispine@edu.tbz.ch"|"fHksmq-rj9eA$-z$ON$z"
"goerel.plumley@edu.tbz.ch"|"4fuRB#-sGByA3-UQXhT3"
"oceane.friett@edu.tbz.ch"|"2j5YEV-jg%e3V-&mgtf&"
"marie-noel.achromov@edu.tbz.ch"|"Wdpes@-g8S8Kn-Sw7bfU"
"dorothee.storek@edu.tbz.ch"|"ZfRlt#-wVPs4G-5g$53G"
"goesta.whittle@edu.tbz.ch"|"8#19Uw-PO08PX-hc94qh"
"desiree.casely@edu.tbz.ch"|"eT%@#L-cUjH5b-KSuL9K"
"felicie.condon@edu.tbz.ch"|"MM6NPs-amixCl-$CuQ5q"
"maelyss.frisdick@edu.tbz.ch"|"7CxDA4-&zjIru-LYhN1P"
"aimee.banke@edu.tbz.ch"|"rP9hXf-d9&&rh-rIq@b0"
"naeva.hodcroft@edu.tbz.ch"|"clXGdl-edFdhp-h31W63"
"laila.gerrans@edu.tbz.ch"|"V@IzLL-OAuct3-UR3rnV"
"daniele.scrimshire@edu.tbz.ch"|"CCubvV-LsCzxh-rS1Ufx"
"daphnee.sheerin@edu.tbz.ch"|"zQ2Rd0-B@FWeF-Hepi3t"
"pal.vanyukov@edu.tbz.ch"|"yCoZ19-kb76Cs-8wEsKR"
"zoe.childs@edu.tbz.ch"|"iWKo#b-muO3#Z-W&dQSa"
"ai.corde@edu.tbz.ch"|"oZZ%EW-4iQafg-alO0Xj"
"maelys.berryann@edu.tbz.ch"|"nxNijD-qr$hCG-d&4iPv"
"cloe.gladding@edu.tbz.ch"|"6HfNUC-q&pX3h-U1s9hh"
"wa.kinnaird@edu.tbz.ch"|"nS%fhe-gq5jJl-ujtJuO"
"publicite.brittoner@edu.tbz.ch"|"FDR3oI-YYSYCS-Re7Cec"
"rao.windress@edu.tbz.ch"|"w#0wrz-j%qVSX-F9mWkr"
"uo.kollach@edu.tbz.ch"|"y@LpWD-uLaBmU-9jWOWU"
"josee.peskett@edu.tbz.ch"|"gfXGjG-7X39n4-lBiroi"
"annotee.hasel@edu.tbz.ch"|"OLQ@Rz-5fzWym-kOIwqp"
"cinema.lee@edu.tbz.ch"|"XH5C9t-T4mUNb-pY$2LF"
"lai.vedeshkin@edu.tbz.ch"|"sPJxjX-Kg0lTW-7jrCUL"
"renee.brisbane@edu.tbz.ch"|"Z0kP15-QoYvW9-2m&y3t"
"ophelie.blincoe@edu.tbz.ch"|"lnqRH8-b7PJ@@-b3MdLP"
"zhi.prazor@edu.tbz.ch"|"&TWzKT-I%APjT-PRFTxL"
"annotee.maddicks@edu.tbz.ch"|"5uWa@a-YK9cxf-CeUv4#"
"maelyss.codd@edu.tbz.ch"|"NSArck-AhhiW8-6ysMxe"
"celia.peplay@edu.tbz.ch"|"z3kQi3-8ZJ&se-vRL0b3"
"interessant.skone@edu.tbz.ch"|"1A#2@#-4FbBO0-IqoUBi"
"audreanne.hebdon@edu.tbz.ch"|"2z@DJg-3LAXKq-HIfe41"
"oceane.glen@edu.tbz.ch"|"LsDinp-XDpVMi-DLUotE"
"daniele.vanyushkin@edu.tbz.ch"|"ny20&4-8QlkDM-JZ8jwe"
"daphnee.ayce@edu.tbz.ch"|"qdq5mC-v12say-NgI$TQ"
"andrea.attride@edu.tbz.ch"|"IPdkJL-qBReQL-q$nxtA"
"penelope.bridgwood@edu.tbz.ch"|"LG0CjP-bP3VK&-EPNbv8"
"mailis.drewitt@edu.tbz.ch"|"xeyM@J-bs@G@H-ACYd48"
"penelope.mollene@edu.tbz.ch"|"h#EO&B-OI4Ae#-vFwpoo"
"illustree.keely@edu.tbz.ch"|"B@ghvm-WleiAA-ZGPgvg"
"meng.brisseau@edu.tbz.ch"|"7O&3Ri-qGhlTG-B0QntF"
"ruo.cleiment@edu.tbz.ch"|"@bE1dh-lTG&xu-%fS#HH"
"maite.krammer@edu.tbz.ch"|"2t#B#t-o8G6tD-Xpb2yr"
"genevieve.verry@edu.tbz.ch"|"%@Vq7R-EnHFEx-3VqHHV"
"lea.olochan@edu.tbz.ch"|"oPxgEk-x9Rx%m-i845ul"
"naelle.brunnen@edu.tbz.ch"|"UT92mk-2&D5$1-#gpaas"
"goesta.bragginton@edu.tbz.ch"|"x6O7$c-mi%U#n-68REFd"
"fei.danilyuk@edu.tbz.ch"|"$ve8N8-mxNmIH-#rzXgU"
"adelie.turbitt@edu.tbz.ch"|"I3x63L-%TqR8f-1AUqTu"
"marylene.nutman@edu.tbz.ch"|"tNUx%I-bgbJ6J-igJ&pF"
"therese.barbrick@edu.tbz.ch"|"hQlJS0-nsYT7x-v5yydA"
"melys.kolodziej@edu.tbz.ch"|"xuwGTT-Rbi0VQ-BK0NvN"
"melanie.runchman@edu.tbz.ch"|"X4sZ#D-O63rKq-6mJfad"
"serena.lafond@edu.tbz.ch"|"OVSq#G-1ZovI8-ejQLa8"
"pelagie.desmond@edu.tbz.ch"|"fupdOa-#1moxo-Pcp$3k"
"wa.spickett@edu.tbz.ch"|"X&rLZh-TWhu4a-iH33Xb"
"po.shave@edu.tbz.ch"|"5u6J1X-E%mvNo-qbdc1y"
"song.huikerby@edu.tbz.ch"|"f8Mya6-ZLYMbz-zVdYMR"
"melinda.bimson@edu.tbz.ch"|"5UukG9-1nC93h-fgZwg6"
"personnalisee.toffanelli@edu.tbz.ch"|"j3XsA%-W2sD@9-dzeQ24"
"leandre.hurn@edu.tbz.ch"|"pLjJKr-q18qf$-Azsy$&"
"oesten.standell@edu.tbz.ch"|"TVoV#T-O2WX0p-vK2iKd"
"naelle.smaleman@edu.tbz.ch"|"mN16vQ-&FfAG@-b4mpGh"
"berenice.tayt@edu.tbz.ch"|"@hx2mA-wsSeaR-@KCmpY"
"kui.popplewell@edu.tbz.ch"|"EudhpX-Wdz2Hy-PG#8xB"
"melodie.ferandez@edu.tbz.ch"|"XLmoXT-Zox16Y-JPLjH@"
"josee.negal@edu.tbz.ch"|"4MfwE#-lPDJLX-Opo7B5"
"melissandre.ferrelli@edu.tbz.ch"|"z%FvGV-&Ib0q#-I1W&t&"
"josephine.kemmer@edu.tbz.ch"|"JKr4gi-C2xYF3-uzgqKq"
"maely.cayette@edu.tbz.ch"|"eXeSdp-ObiAPr-fN4ERz"
"nelie.vela@edu.tbz.ch"|"GJNT8e-uk0CRM-N&k@J$"
"melina.cortes@edu.tbz.ch"|"x44aTy-9ojNmy-Sw8uT&"
"megane.leyshon@edu.tbz.ch"|"nUcwmc-P9T6JQ-24@5cw"
"regine.harrie@edu.tbz.ch"|"&FIn2%-Pg0oHD-XY%waw"
"mylene.widdison@edu.tbz.ch"|"BgYVTB-cUH9EV-lKJaLv"
"pelagie.vivash@edu.tbz.ch"|"a2fh#k-jWTJin-HlK8Ig"
"styrbjoern.vicarey@edu.tbz.ch"|"1Z3zr8-&9e&Gf-6x0WBQ"
"long.kyles@edu.tbz.ch"|"h$W1W$-zzDonF-tsnq4$"
"stephanie.gipps@edu.tbz.ch"|"R9c7VN-yF2Yeg-4$fycY"
"clea.constantine@edu.tbz.ch"|"SKOhEl-NG6wgT-1#HuxK"
"maella.cometto@edu.tbz.ch"|"QpEc6n-OTlDCu-HYYHGf"
"laila.aubrun@edu.tbz.ch"|"cNVCv5-yqhlmA-Gs9#r2"
"yao.austins@edu.tbz.ch"|"lMhuPQ-ysrKbz-IWMmHU"
"mailys.rylstone@edu.tbz.ch"|"ySKCkm-AYaPpE-1pOeHI"
"adelie.curuclis@edu.tbz.ch"|"Gxqrvk-rQtO8U-u3hD#C"
"celine.longhurst@edu.tbz.ch"|"2#US1d-GFyw5s-@DOxBa"
"gisele.hazell@edu.tbz.ch"|"rZO8pT-yg$VkQ-dqaF5B"
"celestine.ciccone@edu.tbz.ch"|"3fcebz-I%9Y&B-QoniqT"
"maelyss.doole@edu.tbz.ch"|"G1&N6t-&XriRS-YUR1cV"
"helene.grimsdike@edu.tbz.ch"|"2LMYEb-nQnKvZ-%%sz6w"
"lie.macer@edu.tbz.ch"|"XFBlV0-gk&iGT-fJeivD"
"maely.izard@edu.tbz.ch"|"t$AUt#-8@3thX-iO2tAG"
"erwei.breewood@edu.tbz.ch"|"5OG5hC-#GC@4J-HzG8Sc"
"chloe.woolford@edu.tbz.ch"|"QjLlAP-LMHPlh-5aQu25"
"cleopatre.turpin@edu.tbz.ch"|"xHwW&E-nqb54e-DH5Gh8"
"melodie.surgison@edu.tbz.ch"|"aSANsf-#dWRwR-4nAu$B"
"elies.leander@edu.tbz.ch"|"l9HXFy-IJ5ayo-UNhnOw"
"mediamass.reignould@edu.tbz.ch"|"I8jOnI-Xuz9Ie-WRLBxF"
"celestine.wasmuth@edu.tbz.ch"|"6BpzXn-0O1u$c-l8w0en"
"marten.jervis@edu.tbz.ch"|"RX30qa-djTu0%-K7#p0c"
"daphnee.bour@edu.tbz.ch"|"2qDJVg-NSxGpg-ocjEc1"
"regine.harlett@edu.tbz.ch"|"yKPlaE-1%Zwgb-9aqrbG"
"noemie.macaskie@edu.tbz.ch"|"Rei@tP-Qg8zcr-5m@yBc"
"loic.renfield@edu.tbz.ch"|"fB&@rk-G5w1PU-%iuZm%"
"venus.kleinert@edu.tbz.ch"|"2ROGUh-vIV1lY-TjbT@u"
"marten.burlay@edu.tbz.ch"|"O1H&ez-tLbLXP-N4jaSB"
"berengere.radsdale@edu.tbz.ch"|"CRhUhG-Rd1XPS-9@Pbqr"
"genevieve.duckit@edu.tbz.ch"|"fDm3a$-AD$Gvv-pLXx8#"
"maely.ligerton@edu.tbz.ch"|"H$j0fT-4XceEF-PIuWTF"
"maeline.ricciardelli@edu.tbz.ch"|"kv6bkl-k76LGN-xQacxU"
"personnalisee.yggo@edu.tbz.ch"|"fDMUK#-edEGix-hYjZfp"
"alizee.pettinger@edu.tbz.ch"|"HgLimA-CPiu$b-IWlOR1"
"desiree.curnnokk@edu.tbz.ch"|"ym190L-mI7opf-H9YgpP"
"dorothee.minors@edu.tbz.ch"|"6&34TS-apgtyF-Ui4k8E"
"oceanne.kopmann@edu.tbz.ch"|"qPWcGi-iR6tq$-v7zJE4"
"almerinda.brodbin@edu.tbz.ch"|"8IU&o0-7lSa#l-DELZAs"
"yenora.carsberg@edu.tbz.ch"|"9mgjXO-qcLpi8-ftlqnW"
"wa.beetles@edu.tbz.ch"|"wagSc9-BCA9LZ-ciUmAl"
"audreanne.abbot@edu.tbz.ch"|"wtnr1H-8YbgDy-cLTRfH"
"noemie.capper@edu.tbz.ch"|"B%9ETX-hWAp%$-7vQfCc"
"mans.abramamov@edu.tbz.ch"|"IOfQ5L-ZWcTtA-zL4lGT"
"audreanne.blakey@edu.tbz.ch"|"rG8uaL-n4T5l#-2RDkBT"
"leone.klimpke@edu.tbz.ch"|"jryG0W-armxNI-x5zoYA"
"lie.croston@edu.tbz.ch"|"i%U4hd-HMCxN7-ovdJOc"
"anaelle.baistow@edu.tbz.ch"|"5UMiUj-Q8eqUQ-KhBD4Y"
"michele.garwood@edu.tbz.ch"|"Tz6q&E-c1LjoK-Ohedg%"
"interessant.albion@edu.tbz.ch"|"NvSz3a-J@QFCR-&%44lC"
"andre.brisco@edu.tbz.ch"|"qr9RNQ-$GIVPw-t64Hys"
"tang.totterdill@edu.tbz.ch"|"QzMt#C-#hZNsK-ZPSo%b"
"marie-josee.braundt@edu.tbz.ch"|"#px5X%-O1BpIT-qR59Bs"
"lois.galer@edu.tbz.ch"|"8CCXi2-dFnyep-Ll66bj"
"faites.pellamonuten@edu.tbz.ch"|"1vAibW-Fc1lGj-jMyeOt"
"mai.barfford@edu.tbz.ch"|"5RCHlp-L$SWKV-pj8KQH"
"laurene.macilory@edu.tbz.ch"|"8o1KsS-pup2Xd-RfsPJU"
"elea.peak@edu.tbz.ch"|"fwpGEl-tkl3wv-ccayF%"
"rejane.doni@edu.tbz.ch"|"eLwjvB-qwZX35-ANssqu"
"mahelie.ector@edu.tbz.ch"|"V0UfBf-%LTbTq-#xsOvU"
"rachele.allum@edu.tbz.ch"|"gq92Rf-3xj8hC-5bFpjR"
"laila.gerretsen@edu.tbz.ch"|"5YSU5a-JUXJDc-yZq34@"
"ines.bowman@edu.tbz.ch"|"uKHsb4-EYoxgP-heto&p"
"publicite.barbary@edu.tbz.ch"|"0jZAYc-iiqNG5-Ixh&ho"
"mailys.smooth@edu.tbz.ch"|"Km3#gT-bOmJDp-D5wLGz"
"mailis.huguenet@edu.tbz.ch"|"qbfRxd-6$VzAB-GUKuvV"
"lea.ewer@edu.tbz.ch"|"rUJKkO-M0gD1L-NlN30d"
