"email"|"password"
"melodie.vandervlies@edu.tbz.ch"|"rI0N&R-L5KX%G-LbsV9v"
"angele.edgecumbe@edu.tbz.ch"|"J8nEkL-tVI24U-ge#8U$"
"zhi.andreasson@edu.tbz.ch"|"L&g8gh-a3&5AW-9TN$cw"
"judicael.koppeck@edu.tbz.ch"|"Sml3EJ-TOJEzB-0Q@PpT"
"berengere.capron@edu.tbz.ch"|"7KI@gy-$AxO&@-KlZq%Z"
"leonie.brosini@edu.tbz.ch"|"6laoLz-7Yu0UO-pFLvRK"
"venus.garfit@edu.tbz.ch"|"SJa3&O-$hfNJr-&QfHs5"
"melina.janota@edu.tbz.ch"|"K7p3@J-mymkty-#4T%1j"
"laurene.bake@edu.tbz.ch"|"i#bZgl-huVHlr-Y9ulQE"
"regine.dorkins@edu.tbz.ch"|"%grqQl-jdCuZU-V0onJK"
"cecile.moffet@edu.tbz.ch"|"pYXAfe-UUUp0f-NWPPfi"
"maelann.labrone@edu.tbz.ch"|"TrJfA5-w7THhe-3EFH7i"
"melinda.newbold@edu.tbz.ch"|"aq6cKY-6r2tIx-pYMNY7"
"mans.itzhak@edu.tbz.ch"|"26ML&$-1SgWp7-54PEA@"
"melodie.pattlel@edu.tbz.ch"|"dAsAJF-$TWkUG-q0xlwO"
"celine.bonett@edu.tbz.ch"|"Vr&@zH-LTdg32-shhoU0"
"adelie.mcgreal@edu.tbz.ch"|"&r0RQU-x9T6&u-$HWABk"
"helene.soldan@edu.tbz.ch"|"milb02-J84T8e-&ORTQ0"
"michele.cluer@edu.tbz.ch"|"NsBK&q-Je0$li-&sPylf"
"maeline.mueller@edu.tbz.ch"|"Tt9OWK-dkv2KJ-YyHDUU"
"maelann.benedito@edu.tbz.ch"|"0GE#7o-c&hfJo-UMZhZU"
"nuo.gransden@edu.tbz.ch"|"YZc368-A&Uq%b-g$lcx5"
"berengere.stainton@edu.tbz.ch"|"oEgVUe-Wu4#6Q-PfEp%%"
"wa.sabater@edu.tbz.ch"|"EMyHlP-4X6ZV&-VQu&mK"
"anais.cochran@edu.tbz.ch"|"HeD@H6-LEEVS6-ES&6er"
"gerald.bessant@edu.tbz.ch"|"IsdFwP-GVeVhy-nxjmxt"
"ruo.coffin@edu.tbz.ch"|"2HhI99-kc6%zN-3LrsUJ"
"melodie.mustill@edu.tbz.ch"|"YLte1U-n0gzli-HCUzKH"
"ruo.stanesby@edu.tbz.ch"|"mpIpaq-Pc%ayR-GxIRsV"
"noemie.antognelli@edu.tbz.ch"|"XRGBKL-JrVUro-IYGYjZ"
"maelann.hughson@edu.tbz.ch"|"wZdht2-6UFu4Y-p8LXFy"
"milena.mieville@edu.tbz.ch"|"clueV4-prtcj$-5#n0xW"
"mailys.chamberlin@edu.tbz.ch"|"x$py&6-moxhOO-quL9Ov"
"nadege.tomalin@edu.tbz.ch"|"216RyW-c$yhfJ-6L8Vau"
"oceane.omara@edu.tbz.ch"|"zwvtQ3-wnupqm-%bB$&F"
"cecile.aguirrezabala@edu.tbz.ch"|"9V2G0J-MFeHKy-$gnfRr"
"maella.gwillim@edu.tbz.ch"|"Hshffl-5eQiMH-pJC5$E"
"lea.mcgahey@edu.tbz.ch"|"8Emjxq-Qv6tWK-z8Atax"
"laurene.hagerty@edu.tbz.ch"|"O&t3Cq-3$$xad-K@gtj7"
"dorothee.link@edu.tbz.ch"|"SvtpRd-Q$jPW@-bwRjXD"
"clementine.kynsey@edu.tbz.ch"|"9CrwSy-KSFa$5-56UmiH"
"lorene.smitherman@edu.tbz.ch"|"Wy8l2f-2nnLN$-T8VCUi"
"cleopatre.klulicek@edu.tbz.ch"|"XLN2yI-Bk5I31-jHIWmF"
"laurene.castaneda@edu.tbz.ch"|"D1SboR-bDYzQu-o@iXk0"
"melia.constant@edu.tbz.ch"|"Yg4Z1M-&yoCX0-dvu4UT"
"lucrece.clunie@edu.tbz.ch"|"oGGoZu-6UXaj@-Juxttm"
"eleonore.mcmurthy@edu.tbz.ch"|"dU83kz-$saa95-0%dNX3"
"melia.bevar@edu.tbz.ch"|"10BtIr-Kq5Gf9-avbfvz"
"camelia.bontine@edu.tbz.ch"|"bGlzoi-q14wX7-Dmm0xQ"
"methode.jozefczak@edu.tbz.ch"|"pIX1vG-mr10uG-3sHYZR"
"audreanne.hinsche@edu.tbz.ch"|"VhRqEs-kW2TdW-0yI5WY"
"andree.varne@edu.tbz.ch"|"dzgSoZ-xAMv$O-Gp3WMg"
"marten.kinleyside@edu.tbz.ch"|"84xme9-FBIdA7-bxj0EY"
"esteve.mcewan@edu.tbz.ch"|"LnN@HJ-VYfQGd-soRNBI"
"leane.dibbert@edu.tbz.ch"|"9%O5m&-v5&o1l-qhYwOz"
"ma.thewlis@edu.tbz.ch"|"XVp4zT-kwrA1F-NT8RaZ"
"clea.djurkovic@edu.tbz.ch"|"@OJjmN-iMgUp1-qf58Yo"
"rachele.reburn@edu.tbz.ch"|"%82A0p-Er7BFf-Hh9@%3"
"gerald.gowling@edu.tbz.ch"|"1%zciE-juFkLA-QmcO5j"
"cleopatre.jackson@edu.tbz.ch"|"GIgtA@-%&IFAY-fidkhA"
"desiree.haskins@edu.tbz.ch"|"u5lF08-qp15E0-TVS#%n"
"eleonore.longson@edu.tbz.ch"|"zeOY7T-ucjmAh-4p#Su&"
"leane.dybell@edu.tbz.ch"|"t27PoM-XRDeYu-NIMTWV"
"becassine.grzesiak@edu.tbz.ch"|"Mi5XfS-MnPWjF-HNwI3z"
"marie-josee.pickin@edu.tbz.ch"|"2RDQtX-J&aBEP-tDJFml"
"marie-josee.roxby@edu.tbz.ch"|"0Sc845-gGz0gU-uYhock"
"leonie.feenan@edu.tbz.ch"|"N&NWDl-eVvnbz-K3COo#"
"valerie.ellum@edu.tbz.ch"|"yQZ#PE-FMTf7V-7NC3E1"
"ju.caseri@edu.tbz.ch"|"2nbLcl-f@wv@8-wMQyQ7"
"boerje.strangman@edu.tbz.ch"|"Nx&ik3-5nhAhP-bFS$WR"
"beatrice.ghidelli@edu.tbz.ch"|"lqx4Sv-8BaoX#-%QHS2$"
"da.jablonski@edu.tbz.ch"|"WFWOtf-&35dRd-QA5kpg"
"uo.beveridge@edu.tbz.ch"|"MLAz@3-8a7N5O-wDz@oQ"
"valerie.bestman@edu.tbz.ch"|"Zu05EL-N41WYe-WYAd1O"
"marlene.pohls@edu.tbz.ch"|"zAd6Ou-6N#P1S-9c52Yu"
"ma.nolda@edu.tbz.ch"|"aYDtju-Xc%Yrr-i@Oi6u"
"marlene.bisiker@edu.tbz.ch"|"RzGlTs-$YXq8&-QvCsWu"
"estee.babon@edu.tbz.ch"|"7z3ZZK-&4PDMM-WHf9ZA"
"simplifies.dmisek@edu.tbz.ch"|"MrGcP3-bMq&30-gaUvJp"
"selene.ganing@edu.tbz.ch"|"Tpm6l7-CT&I9W-c6F#oY"
"meryl.penke@edu.tbz.ch"|"on4hjZ-l%0bgJ-iNHDks"
"anais.rawcliff@edu.tbz.ch"|"QcaH8$-%OBlsP-rQrWux"
"melina.andri@edu.tbz.ch"|"gJ1w$1-RkOSFo-41BjgO"
"audreanne.fodden@edu.tbz.ch"|"75x@6a-eMuLg9-gIgy2q"
"bjoern.spellesy@edu.tbz.ch"|"DjBqMI-1BzU$c-vAnH6i"
"francoise.summerscales@edu.tbz.ch"|"m17UG9-rNJD&z-uvQxdF"
"laurene.ashtonhurst@edu.tbz.ch"|"l3Le1v-4ag#g&-qlck94"
"valerie.petters@edu.tbz.ch"|"ODDUp2-sG2%N@-iN@OwG"
"anael.spenclay@edu.tbz.ch"|"kcJM4R-H7RsNA-j&te9&"
"stephanie.keech@edu.tbz.ch"|"X5iwW%-L&RSpY-8sKiNz"
"ines.deveril@edu.tbz.ch"|"3Q8X71-kSjSs%-&nA7nz"
"berenice.gelder@edu.tbz.ch"|"BnEiB&-$nOQ9Q-VSNt@d"
"melanie.ofogerty@edu.tbz.ch"|"kVwUyj-O40gyP-ZyTils"
"frederique.canepe@edu.tbz.ch"|"$ZsZL8-&cH8Yu-spTIKe"
"nuo.otton@edu.tbz.ch"|"ZWBsq%-eFNRu9-a%QfU6"
"genevieve.trusler@edu.tbz.ch"|"qw70wg-iAkAx1-mHhX3k"
"ju.boag@edu.tbz.ch"|"n5bYCE-qDnz4h-%U6LPe"
"josephine.dilucia@edu.tbz.ch"|"gJ%xVR-8Yfvr8-Upzuj%"
"laurene.armsden@edu.tbz.ch"|"z%jB7B-WSs7Pi-9F3LHk"
"becassine.griffe@edu.tbz.ch"|"9vgIH9-DetlTv-@ZGFjd"
"alois.parres@edu.tbz.ch"|"nS@L%f-CB#2vw-sMWRtl"
"cleopatre.gaffey@edu.tbz.ch"|"CwYcCe-aQhIxd-Y4y5SI"
"andre.stiger@edu.tbz.ch"|"Sa1ElU-2Lp4jZ-nm2P%I"
"beatrice.godleman@edu.tbz.ch"|"@p9vVF-$K$94s-PRuAwm"
"hakan.harrhy@edu.tbz.ch"|"uUf9#u-9YROuz-mENNiX"
"celestine.dagnan@edu.tbz.ch"|"CdIkij-AkyRY0-2M@ry$"
"clemence.haggart@edu.tbz.ch"|"ApxyCo-DBbc&o-OXJaKb"
"long.caban@edu.tbz.ch"|"Rx@MY9-Gh2C$Q-R#eoli"
"gaetane.grimble@edu.tbz.ch"|"x&e4xx-G5gYh2-j@vGZU"
"maelann.piwall@edu.tbz.ch"|"s0Gcwz-9faRAw-FGrXto"
"magdalene.loble@edu.tbz.ch"|"CSO1Se-CdCKA0-i%vd$k"
"veronique.domaschke@edu.tbz.ch"|"N$Ij2i-A#jum0-LeVTOD"
"clea.herity@edu.tbz.ch"|"JHWHUz-s$Pm#I-ndGm2I"
"maelann.bambrough@edu.tbz.ch"|"A5o05t-c1QbHg-3P0ph6"
"clea.goulstone@edu.tbz.ch"|"pG9D&P-MubILc-QO7pGF"
"renee.deleek@edu.tbz.ch"|"BmNW&1-9Lt7w8-vjO3dw"
"boerje.rudderham@edu.tbz.ch"|"nT4aoX-VMP%j6-Zx@SHn"
"marylene.broune@edu.tbz.ch"|"kcs0of-E&orD&-nmasZE"
"nadege.mccuish@edu.tbz.ch"|"t4TKpJ-G7YcY9-IU3aFF"
"anael.littleover@edu.tbz.ch"|"8vwL83-@XVeNe-DMgdM3"
"lie.baume@edu.tbz.ch"|"fPmHoy-yJH4mR-4yBTU#"
"maella.murrow@edu.tbz.ch"|"5WPcOn-PkjaKB-&gwlUn"
"cleopatre.pettifor@edu.tbz.ch"|"HLVGRG-F4mJ&e-7JjgCR"
"geraldine.asker@edu.tbz.ch"|"Y#fvf9-&CJLym-BGJEn&"
"gaetane.smedmore@edu.tbz.ch"|"Nda6kV-UuL5s&-wY07Lh"
"meryl.blencoe@edu.tbz.ch"|"AECQXY-hRX5Y@-dNfVvk"
"aurelie.chastaing@edu.tbz.ch"|"O71lTV-8qSk5o-JVgO61"
"oceanne.marthen@edu.tbz.ch"|"C5X&a9-mslWBx-sMY8&a"
"dorothee.burrill@edu.tbz.ch"|"P6Icef-xGoXG0-IeyNq9"
"hakan.belden@edu.tbz.ch"|"DFaGXu-z3MlDJ-53SA4o"
"celine.brunning@edu.tbz.ch"|"WDm3FQ-JRlC$E-f19QuU"
"anael.lapides@edu.tbz.ch"|"8ong#E-Qg9wsM-jBOMLv"
"ruo.saffran@edu.tbz.ch"|"9Ajinv-SGEN2N-RmP5on"
"loic.gerretsen@edu.tbz.ch"|"&#QJZa-h7NQ8c-3EuEE6"
"rui.fitzer@edu.tbz.ch"|"sU&18F-GMHXjV-vJY46#"
"annotee.ogers@edu.tbz.ch"|"TW5@Lx-7Kp41k-jr4#U9"
"boerje.bindin@edu.tbz.ch"|"iM47S6-zE7aQ$-RDGm#D"
"ma.cronchey@edu.tbz.ch"|"W1ugEF-Lq@y%W-FdcxGV"
"laurelie.baiyle@edu.tbz.ch"|"xNY34u-@l3cVz-mzrc8Z"
"dorothee.older@edu.tbz.ch"|"aDejYi-$6PYK9-i5IL47"
"laurena.wile@edu.tbz.ch"|"OJp77Z-StdlYH-8Dr391"
"clemence.brito@edu.tbz.ch"|"NLr%CP-50vRLQ-JkaMtZ"
"nadege.dallin@edu.tbz.ch"|"cnptTe-EWfwjm-WaFZnd"
"mailis.matley@edu.tbz.ch"|"6bq7HG-otSDpT-h#IwEZ"
"daniele.screaton@edu.tbz.ch"|"jlJDDU-M$uiF$-m#pGVP"
"mediamass.godly@edu.tbz.ch"|"hWjXoq-y7LrYL-R2F5rh"
"leone.kremer@edu.tbz.ch"|"&&d&PH-GljvR6-4g9#SJ"
"asa.adrian@edu.tbz.ch"|"tPgHqh-qiyXj0-OwEtpE"
"adele.doley@edu.tbz.ch"|"W6LA#b-QBR3L3-qAOaTa"
"fei.sidney@edu.tbz.ch"|"4tm9Nb-1cP@w9-SwL#dv"
"marie-josee.walisiak@edu.tbz.ch"|"G@g6Ld-HSD4dk-rgLh$A"
"desiree.diplock@edu.tbz.ch"|"8ZeQtY-qCZHRx-nm&Di7"
"gisele.schust@edu.tbz.ch"|"%AJzt2-%drkBW-iK9pkC"
"ma.longshaw@edu.tbz.ch"|"#Ji@7C-XDxmbV-ejCZ4$"
"da.boother@edu.tbz.ch"|"QTO4C$-Ohgm1r-Sy#ZEv"
"simplifies.chaudhry@edu.tbz.ch"|"gJw&SY-eAXuH4-nMu6J9"
"garcon.baniard@edu.tbz.ch"|"3PnWOW-LNys8x-rc5%X@"
"gaetane.elphee@edu.tbz.ch"|"hZxLWt-Rre5PA-Hz6gpE"
"gisele.hassey@edu.tbz.ch"|"1zjI0w-7JYVMM-&BCtt6"
"oceanne.booley@edu.tbz.ch"|"xZzPtK-rtbm4H-6ZHkzw"
"oerjan.dibden@edu.tbz.ch"|"MlKe@4-UW9UbS-ahQnOk"
"regine.ocleary@edu.tbz.ch"|"K8Ygro-IogNwO-fyp0L0"
"selene.persse@edu.tbz.ch"|"fiLs$c-TKS9TT-kUNMLF"
"helena.adenot@edu.tbz.ch"|"vyA9wK-OjeVwl-4HDx8a"
"maelann.wassung@edu.tbz.ch"|"XfGns@-mNttgw-m9EZyd"
"frederique.ackermann@edu.tbz.ch"|"PE9mIu-AEud&i-llT9eC"
"audreanne.kahen@edu.tbz.ch"|"Jh&m$J-EpLS8a-h8P#Tz"
"maiwenn.lasty@edu.tbz.ch"|"dfoVS#-@0kQeo-#4QpZ6"
"yu.dictus@edu.tbz.ch"|"HvZgT$-5MWiXw-oetTpp"
"anae.dukes@edu.tbz.ch"|"gJQM2d-mZfMXs-9LZFdV"
"yenora.warr@edu.tbz.ch"|"M@7TBk-3DyNdT-6z4@0H"
"esbjoern.archibold@edu.tbz.ch"|"Kt3u1n-nXtawk-ISzPq8"
"milena.pardal@edu.tbz.ch"|"b@tyWF-UR%Hh0-445u%B"
"celestine.graveston@edu.tbz.ch"|"#q1JRP-AQ6sTC-gMzEBh"
"maena.dallas@edu.tbz.ch"|"5K%$Fh-oGmMRp-QSwnO3"
"andree.tuke@edu.tbz.ch"|"qSf6aY-kK478Y-0KUUKJ"
"methode.seldner@edu.tbz.ch"|"9ptAPH-oHOiW4-nMZ576"
"venus.bullas@edu.tbz.ch"|"7plTgf-mYg&Jf-Zb9BZq"
"mans.aguirrezabal@edu.tbz.ch"|"hpcx0d-MFxRTx-fsfPtE"
"gaelle.eadington@edu.tbz.ch"|"rE$n$4-wnQT9y-Hs8zX3"
"anaelle.falkner@edu.tbz.ch"|"GMcBgp-oKQt&u-4zhAC9"
"ophelie.height@edu.tbz.ch"|"0AuyXA-oHm2Ir-tocwVB"
"marten.bolding@edu.tbz.ch"|"NZolI1-U9ox@D-R@SEx5"
"pelagie.guswell@edu.tbz.ch"|"nG09#0-Umo3UX-QZQmcY"
"gwenaelle.lecount@edu.tbz.ch"|"Rkp3CS-j@YEOv-wkCVCr"
"hakan.laden@edu.tbz.ch"|"Zz&LAX-bO8vCu-p8TNmp"
"marie-josee.hylands@edu.tbz.ch"|"o6yOAN-l#LOXH-dNYhAE"
"zoe.kingshott@edu.tbz.ch"|"bj0kFY-Y@Bw@W-x7gGba"
"josee.janous@edu.tbz.ch"|"RzcP3Z-dlfO7v-khzAQ1"
"laurene.gallally@edu.tbz.ch"|"JuqssV-DIMqfO-UgcBxA"
"anael.bickle@edu.tbz.ch"|"NI5@qB-@mLY8V-DjK7Xp"
"mediamass.lebbern@edu.tbz.ch"|"s@s%ir-o0$%iY-lWBV3@"
"berengere.hovy@edu.tbz.ch"|"dW0clX-l8Ma0W-FCPd$U"
"oerjan.kilmurray@edu.tbz.ch"|"nHjk4y-ohbXy3-9Dv6OV"
"asloeg.venny@edu.tbz.ch"|"Yv&bE#-cuTBPx-n5nvTL"
"marie-noel.stoad@edu.tbz.ch"|"61dgJ%-c%7%#N-4AfYmG"
"hakan.pettifor@edu.tbz.ch"|"X$Bd1g-H7Vyzk-gk7Uax"
"maella.willgrass@edu.tbz.ch"|"pgDP2n-Wqyj@M-WWWnyR"
"therese.ludovici@edu.tbz.ch"|"ALF506-p7$9XL-qny2ir"
"stephanie.trewhitt@edu.tbz.ch"|"0mvP1A-Udrm5p-MqLXgg"
"maerta.bauduccio@edu.tbz.ch"|"#FyoTA-%Hsa75-3bl$8e"
"gaetane.glaisner@edu.tbz.ch"|"IlDisn-eyhwtL-rZc@RW"
"naeva.pargeter@edu.tbz.ch"|"p3@urw-@a61QE-qaA924"
"salome.venable@edu.tbz.ch"|"205aw4-9gPHyI-HbUwtx"
"boerje.thickett@edu.tbz.ch"|"u51maf-FA6p6j-PINjcK"
"lucrece.prendergrass@edu.tbz.ch"|"2fc22U-gs0xVy-8f$uhn"
"laurene.ockleshaw@edu.tbz.ch"|"nt#fE0-TXsos@-1Wfx0W"
"cecilia.pasticznyk@edu.tbz.ch"|"BZId1z-7yTB#L-Fhe%%#"
"stevina.mackey@edu.tbz.ch"|"VRFe%m-@pKY6I-XZZdbH"
"marie-noel.reven@edu.tbz.ch"|"6rb5Oc-V%0Qbf-t1rNUq"
"melina.quilkin@edu.tbz.ch"|"4G#6@&-rP&%Vh-euaENH"
"marie-noel.ferrie@edu.tbz.ch"|"Vk1EWQ-RPHVn&-yH5h3M"
"leone.alphege@edu.tbz.ch"|"DG4v2D-Ftx0yL-hFDgNs"
"zoe.leverson@edu.tbz.ch"|"Zg1I4O-0xpGDV-Tv40Qj"
"annotes.grayne@edu.tbz.ch"|"dEFzKG-%tdhDL-KIUchv"
"faites.lalley@edu.tbz.ch"|"or3dkA-ar0hRi-iQSch2"
"adele.wallis@edu.tbz.ch"|"%cGrvv-yyaxMj-yAMqke"
"severine.madill@edu.tbz.ch"|"36PJtK-iBe$Aa-616nW@"
"valerie.tebb@edu.tbz.ch"|"qxSlM#-0OyAeC-YeLF1v"
"kalliste.rasper@edu.tbz.ch"|"P#3wFR-RRSMdF-@5Exhk"
"audreanne.palomba@edu.tbz.ch"|"0hm2LD-jck7RA-AULzZf"
"elea.adamik@edu.tbz.ch"|"Wm5ef4-M%x7PO-xZKC#j"
"reserves.jakuszewski@edu.tbz.ch"|"RbpnP$-@f%bdu-qFqWac"
"athena.belhomme@edu.tbz.ch"|"p0MPDN-lrfGFy-5swfvq"
"rebecca.crippin@edu.tbz.ch"|"c%gx#P-kd7id8-G&7J58"
"maiwenn.curman@edu.tbz.ch"|"JwEEc6-JAp6ze-Rj@iq#"
"andree.bunner@edu.tbz.ch"|"o31qQ2-TSm7rT-SK7jFI"
"ruo.winckles@edu.tbz.ch"|"CISEsr-lylTwF-R9WAOI"
"naeva.buntine@edu.tbz.ch"|"M&PQ5N-2pwIXf-zeDpl0"
"boerje.dollard@edu.tbz.ch"|"7xZC5X-m5&E18-2BT%18"
"penelope.gorman@edu.tbz.ch"|"2emu0N-CfOQLF-cCkK3o"
"alois.robelin@edu.tbz.ch"|"#Mpirt-oXLlGj-1SmA8&"
"anaelle.tindle@edu.tbz.ch"|"7VCvz9-uRrNfF-88U886"
"ye.frears@edu.tbz.ch"|"z8gQkY-Etu65k-jhgAKy"
"andree.ovid@edu.tbz.ch"|"NF%mKs-k8NAUG-QH1B&b"
"hakan.peat@edu.tbz.ch"|"K72&A2-DzizN$-QawlvP"
"andre.januszewski@edu.tbz.ch"|"m3tQm2-nzMVU$-9vJCNt"
"annotes.clemmett@edu.tbz.ch"|"1XNQgZ-Fb1qbR-sJT%Tq"
"pal.lambswood@edu.tbz.ch"|"7HKZCt-keJ$D5-coW@RP"
"yao.lenton@edu.tbz.ch"|"HYvtt@-HLvSre-ZBiOr6"
"hakan.boyton@edu.tbz.ch"|"iNjh$0-QYXaNb-6&anre"
"nelie.forsey@edu.tbz.ch"|"CLhmNQ-veLUEN-tXQ7DF"
"hakan.horche@edu.tbz.ch"|"rsNOQs-wjCYzU-9d5R@p"
"lorene.sinkings@edu.tbz.ch"|"DXqB&Q-CcNs5T-@JwY5c"
"marie-therese.creddon@edu.tbz.ch"|"atGhyy-jeWTVy-htESAu"
"berenice.tolworthy@edu.tbz.ch"|"4bfHte-Ttfxg%-TkvFFY"
"theresa.land@edu.tbz.ch"|"fMPoxZ-aH4VO&-T8RIVU"
"marie-therese.gianilli@edu.tbz.ch"|"Y$kZ5&-gYKJLq-gWvQwK"
"meryl.glew@edu.tbz.ch"|"9&4EtE-srOFxP-dI#Kow"
"adele.debling@edu.tbz.ch"|"UzYZrd-oKbJFE-CYt0Wm"
"anae.metzke@edu.tbz.ch"|"52qmbh-e&MVFo-#w0@WD"
"gaetane.gooden@edu.tbz.ch"|"Xh4h&K-H$ut1o-yVYdwh"
"laila.bootland@edu.tbz.ch"|"elHk%r-CE@lH6-H8Siy5"
"maite.helsdon@edu.tbz.ch"|"he0Krv-lcGBeQ-vV&8ea"
"andree.malley@edu.tbz.ch"|"y@eLXs-bfJD3A-uqN@Zc"
"pal.simmens@edu.tbz.ch"|"tm1wD3-mnxxh9-rICHe$"
"maelys.nuccitelli@edu.tbz.ch"|"n&Mw%@-aM%7@%-&Fv7kM"
"dafnee.sibary@edu.tbz.ch"|"mGdvUf-#15nS7-PK6@Xt"
"alois.harsnep@edu.tbz.ch"|"U#dAX$-Cyp&Bw-SgYHv@"
"marie-helene.lacky@edu.tbz.ch"|"b7@iLe-PCblW7-0DJnvA"
"mylene.youthed@edu.tbz.ch"|"RzEW37-Gcy@tI-RFFjX0"
"marie-helene.dehmel@edu.tbz.ch"|"sRtZgU-3Hklz9-b5&K&Z"
"angele.batman@edu.tbz.ch"|"Jah4Uz-aewE$v-S0V68c"
"melia.younghusband@edu.tbz.ch"|"AW1gUa-ay9&Lq-Z9#hu#"
"eloise.baldi@edu.tbz.ch"|"9@Nph7-GJX@Tf-Zy%0Xr"
"illustree.dun@edu.tbz.ch"|"DBY%HQ-a6HOoY-r1#rip"
"genevieve.late@edu.tbz.ch"|"TS0C7c-Nix@Y#-bjSEpj"
"celestine.colville@edu.tbz.ch"|"Sgxt%i-7#v&@A-y&5PVg"
"gwenaelle.scarlon@edu.tbz.ch"|"yJhuQE-IfRoFh-bl9abY"
"regine.boddie@edu.tbz.ch"|"cVtq4a-bQ2Q6n-iYWOmO"
"creez.gaughan@edu.tbz.ch"|"oYb3Us-EUFjkl-Sedp81"
"gaia.longford@edu.tbz.ch"|"UX6X2@-d&UV2R-TpNvua"
"mailis.buckby@edu.tbz.ch"|"gV6pHz-exoFB@-4kF8jJ"
"song.parbrook@edu.tbz.ch"|"kiN52$-P$YHE2-%B%4N3"
"frederique.heddan@edu.tbz.ch"|"WHYX#c-@dklTQ-dZJKjm"
"ake.kirtlan@edu.tbz.ch"|"VLQh3a-Z0iVUp-RS2h%A"
"nelie.runciman@edu.tbz.ch"|"%STEA4-RC3b9V-WLZ6OL"
"mailis.cardnell@edu.tbz.ch"|"tpvSDr-DXpu&c-5WHfY1"
"irene.navarro@edu.tbz.ch"|"Y#J5$L-Q##Ztn-AzINJ7"
"maite.cough@edu.tbz.ch"|"@qS7mE-y$a3Fo-XSVxlG"
"anaelle.stocky@edu.tbz.ch"|"gfro2E-X93Eqg-VtEAlR"
"methode.moulder@edu.tbz.ch"|"jXuJcK-085dT7-1L4i7j"
"po.stafford@edu.tbz.ch"|"Z5WUU2-vJGDz5-uWpzPI"
"faites.scraggs@edu.tbz.ch"|"&oPQ1W-deDEs8-ErLQ1J"
"adelaide.dullard@edu.tbz.ch"|"Foe9WM-JR@pjR-B2v1Yt"
"desiree.leonard@edu.tbz.ch"|"BnN%qP-s7h2DH-Jd2hsl"
"geraldine.badgers@edu.tbz.ch"|"e5j$rs-qeXGWw-SI%e$I"
"ruo.masic@edu.tbz.ch"|"zu#jUe-I7$9Ej-Q#BQUy"
"aurelie.lieber@edu.tbz.ch"|"Sy%mzj-IIUMim-QsB8QN"
"naelle.balcock@edu.tbz.ch"|"MAXbo1-y@tWLX-QFfBdn"
"camelia.elger@edu.tbz.ch"|"8Jwd09-mU0$uy-6AimKz"
"publicite.oakeshott@edu.tbz.ch"|"RWSqcN-Ru@r8F-#74E3R"
"cleopatre.fawley@edu.tbz.ch"|"#8AyiO-mw$8yW-bnIwOv"
"laurene.bruckmann@edu.tbz.ch"|"xlMKoP-Bkwr$d-@X#TSB"
"rui.haughton@edu.tbz.ch"|"VdfW04-TsmkYW-Ff%1UF"
"asa.ladewig@edu.tbz.ch"|"UWTq8p-ixf&BM-X@g5Gc"
"gisele.janecek@edu.tbz.ch"|"X6eIuk-injHZW-$g&iH%"
"maily.loveridge@edu.tbz.ch"|"rsdqH3-VWiR%t-AqGDu3"
"marie-eve.yurkiewicz@edu.tbz.ch"|"hTiqm9-xWt8V9-F3fQjG"
"fei.roder@edu.tbz.ch"|"7Ovnl4-wiZ802-Vp5#01"
"edmee.chatburn@edu.tbz.ch"|"tqbyap-EvC$nG-bBG3Zi"
"geraldine.darke@edu.tbz.ch"|"ecGYJo-srMiCr-U0Z7sc"
"ye.jira@edu.tbz.ch"|"ada3vn-ZdYZPp-cAspi%"
"publicite.persent@edu.tbz.ch"|"UidNwW-7Cl6yA-kBneo8"
"severine.wilcox@edu.tbz.ch"|"gBpZ6k-XVELPA-ghs%1P"
"yao.mcclaren@edu.tbz.ch"|"3c%MUE-i6Du#Y-G2gOUS"
"theresa.foynes@edu.tbz.ch"|"A9Bs#a-vu65Ue-VBOQGQ"
"stephanie.isley@edu.tbz.ch"|"up$PIx-z1Cpan-#VZYQx"
"torbjoern.growy@edu.tbz.ch"|"Ap@HJq-d$0iYA-iclUNP"
"eloise.tunnadine@edu.tbz.ch"|"PSfa0#-OkfwMs-6K$SFn"
"maeline.cossentine@edu.tbz.ch"|"g9OAgu-q057IH-3Tf%6&"
"nelie.desantos@edu.tbz.ch"|"I%1J#g-iIJsQS-BFZMaA"
"gaetane.axston@edu.tbz.ch"|"034lSG-CW&DwR-2nI0BG"
"aimee.merman@edu.tbz.ch"|"XH8yeQ-IbJZkS-8jb0lS"
"oerjan.drivers@edu.tbz.ch"|"gg$g#a-X#OUBT-jkpIyq"
"aimee.miroy@edu.tbz.ch"|"RQKVUk-kOEONq-DtHAQM"
"nelie.glyde@edu.tbz.ch"|"zvq29G-htmyoV-kJKnFd"
"hakan.kapelhof@edu.tbz.ch"|"ihQBOU-uHHog1-kH0d3l"
"maelyss.cauley@edu.tbz.ch"|"hTukzq-fejlhw-NJNEWE"
"elea.vaggs@edu.tbz.ch"|"2P7plG-sOk23T-yvnZuJ"
"maelys.but@edu.tbz.ch"|"rTKF7&-V8EHps-1EPHV3"
"maella.arthurs@edu.tbz.ch"|"m0OMhH-CdyW3s-aWCgPQ"
"adele.liebrecht@edu.tbz.ch"|"$itfR$-B7w&XU-#ocbnq"
"meline.lomasny@edu.tbz.ch"|"Ow0t9r-@T0Y4R-eVj5ql"
"mediamass.schwant@edu.tbz.ch"|"&pD3m&-h6pVr0-UeJSzf"
"leone.saunt@edu.tbz.ch"|"Vz7bmI-9Ubi7Y-X#EZ$2"
"annotes.gouch@edu.tbz.ch"|"JgL4ig-znG5es-#mIpVh"
"gaetane.bowich@edu.tbz.ch"|"zdIpj3-ivirjv-rXbS5I"
"alizee.strelitzki@edu.tbz.ch"|"XkOgV2-sJ&0ER-3@SnRa"
"leone.poile@edu.tbz.ch"|"o2BbWj-bfeRTb-xKXEs8"
"amelie.saban@edu.tbz.ch"|"mUK3$2-Po5R6&-54Ninx"
"marten.mcmenamin@edu.tbz.ch"|"yYy7hG-Vpy50X-0@e0K2"
"becassine.keets@edu.tbz.ch"|"2O79wj-sRu@56-6a%oWh"
"celine.million@edu.tbz.ch"|"jPPGNR-64SQCl-6N@opk"
"geraldine.belitz@edu.tbz.ch"|"z2%S@1-IjHiDW-i2$NMe"
"salome.mardling@edu.tbz.ch"|"CJlvV0-xOP#Gb-fDhUZS"
"melia.blakemore@edu.tbz.ch"|"NQRIv8-qq#Yax-IktVkR"
"dafnee.mcaulay@edu.tbz.ch"|"%Hs2TN-K6dlbz-Qiqw8O"
"garcon.dennett@edu.tbz.ch"|"&CzgfM-QEjqOD-HGt3tP"
"interessant.lesor@edu.tbz.ch"|"o1B8Rp-T7agsG-h92mHH"
"annotee.wasbrough@edu.tbz.ch"|"$6bKXR-5gWWv2-qchF$6"
"asa.ibbeson@edu.tbz.ch"|"C3do3j-ZKkkup-cDkLH5"
"maily.kennealy@edu.tbz.ch"|"5iJ7mT-%2HeJk-y7iybi"
"ye.seares@edu.tbz.ch"|"8AqO%o-1t$KX8-IlD5iZ"
"athena.harbron@edu.tbz.ch"|"1b2X00-sKhI4C-@ZuwzQ"
"andreanne.portail@edu.tbz.ch"|"Ja$W1t-&EkVUK-8oWHPG"
"goeran.zannelli@edu.tbz.ch"|"lmva7w-PPC8xC-8LRDie"
"gerald.leathlay@edu.tbz.ch"|"ZROXvE-GCxPR6-DLryMN"
"andreanne.chown@edu.tbz.ch"|"RaFUZP-DzpSLE-@FY&q#"
"esteve.clementel@edu.tbz.ch"|"wSfUXV-Ye#26j-F@Zh#b"
"leone.legan@edu.tbz.ch"|"MPaAij-@J8%#Q-bRPsrG"
"maena.pownall@edu.tbz.ch"|"m&rOwG-Yk82tD-%MAzN@"
"andree.rettie@edu.tbz.ch"|"B#f&8P-kPseDn-jv&R#s"
"ines.kenwrick@edu.tbz.ch"|"UpE9ii-AAm%cV-ef5baw"
"marie-helene.yarnall@edu.tbz.ch"|"2VBuDN-$mALx$-I%2%1Y"
"po.martin@edu.tbz.ch"|"V3mmI1-srw%oS-16XrK#"
"ruo.celiz@edu.tbz.ch"|"c1NaYZ-BoWDdp-eCqr7h"
"po.bissett@edu.tbz.ch"|"WSdhVg-uszjWc-5vFkr7"
"du.swindon@edu.tbz.ch"|"D5UJA6-fDngyf-Ixi$hn"
"interessant.gouldthorp@edu.tbz.ch"|"FuYC$b-5WWoh0-UEjL4r"
"leandre.lilburn@edu.tbz.ch"|"sKJ9z3-SiIEkS-oqEGI$"
"bjoern.whales@edu.tbz.ch"|"n900Iw-uXhKU$-vV$yYI"
"interessant.dieton@edu.tbz.ch"|"RTBYS#-3G%weL-K13WWc"
"celestine.redhills@edu.tbz.ch"|"kbGIWy-#mDSa4-sZAM7$"
"tan.yakovlev@edu.tbz.ch"|"i4eRfY-Z7vRXE-Hbn9MW"
"regine.mcdowell@edu.tbz.ch"|"po&ynH-uufeDL-akzqiP"
"ju.coysh@edu.tbz.ch"|"z6USTo-gFawK$-9LXIg2"
"reserves.ofallon@edu.tbz.ch"|"jqCMbI-TMuhJZ-sCBL1f"
"frederique.sobey@edu.tbz.ch"|"%VGvs9-Xn$#3l-XNicji"
"marie-eve.garstang@edu.tbz.ch"|"ifk#6E-58q&xT-67lR49"
"andre.tapin@edu.tbz.ch"|"uPy$ee-FPAPHZ-m4Qo#C"
"esbjoern.eynon@edu.tbz.ch"|"A2ij1W-6zCcVF-Mit@pO"
"maella.duffy@edu.tbz.ch"|"rkjMEG-n4UDOx-KY25JL"
"leandre.twinning@edu.tbz.ch"|"D$bism-1Ws2Sn-vAaH1V"
"mai.whittingham@edu.tbz.ch"|"hsR@Bk-7#Dqsa-%j&YMT"
"rachele.shevelin@edu.tbz.ch"|"WqLcBg-#5VahR-&dxUtQ"
"cecile.mcure@edu.tbz.ch"|"vaeyI8-wlxdM2-h7%NZU"
"marie-eve.yurkevich@edu.tbz.ch"|"IuokdJ-P36Hvn-qm@6bG"
"almerinda.paice@edu.tbz.ch"|"$5Dqhb-qCgnw5-14SrUO"
"rao.howkins@edu.tbz.ch"|"KyF4ei-pxS5cK-w43eVB"
"serena.pack@edu.tbz.ch"|"to8PJu-nuOm6n-MG5QaZ"
"rebecca.mant@edu.tbz.ch"|"7BLHOd-tZrieG-GDImhh"
"reserves.spitell@edu.tbz.ch"|"wrAB$w-4p7%Xo-2DFTX7"
"garcon.hamfleet@edu.tbz.ch"|"RVwoK3-#aRw9Q-lnNjSc"
"methode.kerkham@edu.tbz.ch"|"cd4iAt-wUXD9h-0Ej9AT"
"pelagie.camies@edu.tbz.ch"|"IddZRq-#@amYQ-vkP9L&"
"josephine.macpharlain@edu.tbz.ch"|"QZ2fmk-2Z89ZO-JiNQvB"
"eugenie.mathet@edu.tbz.ch"|"RyGTou-$04oJR-Dj#cQs"
"gaetane.brangan@edu.tbz.ch"|"#Q3uwF-d59XT2-V%agyl"
"michele.dewbury@edu.tbz.ch"|"8#keaR-MVhB&$-SuOy00"
"eugenie.elcott@edu.tbz.ch"|"8XzhnE-N7D%OE-YQcznj"
"megane.harniman@edu.tbz.ch"|"R6W4Lb-4ynL9B-egdh1c"
"agnes.cluney@edu.tbz.ch"|"%ywZup-%gvSnB-IMk1@T"
"marie-helene.angear@edu.tbz.ch"|"MgkwN3-Ythdem-jb@Xx%"
"melia.dolphin@edu.tbz.ch"|"#b69%C-4sSd6&-yChZvZ"
"lois.ruseworth@edu.tbz.ch"|"pkWKCH-AtSLbu-TpiftT"
"mailys.ryding@edu.tbz.ch"|"2l98at-EtdVgT-97o483"
"rachele.wulfinger@edu.tbz.ch"|"vYa113-XnUlqa-&za$71"
"gwenaelle.talton@edu.tbz.ch"|"T3IZ%k-ypnqGR-PyeDbV"
"long.ronchetti@edu.tbz.ch"|"IymP6X-dC2xiP-LRatqL"
"styrbjoern.kloska@edu.tbz.ch"|"q8pz3i-nvRK3n-6l%NTC"
"len.sudran@edu.tbz.ch"|"3R5FPq-BTQ7MR-dR61o4"
"maelle.andrysek@edu.tbz.ch"|"9sN6G2-r7qa@Z-SIZ023"
"selene.senior@edu.tbz.ch"|"@js#em-EAp%1k-g6wPqK"
"anais.joskovitch@edu.tbz.ch"|"oVAJ3P-ZGJFSI-0S5MOK"
"marie-noel.dally@edu.tbz.ch"|"iqp4TG-3@SdXJ-T#I$O8"
"marie-helene.laurence@edu.tbz.ch"|"wYuM3L-9Z$eiX-@a9h3&"
"camelia.foxon@edu.tbz.ch"|"x%p5$d-raie3w-xJOzZa"
"helene.cankett@edu.tbz.ch"|"L%kf&D-ABwL8$-#b7Jyb"
"marten.mitchelson@edu.tbz.ch"|"bF1N6d-xpil9E-loYwlK"
"helena.stirtle@edu.tbz.ch"|"JbEdEf-N4jKOn-sAaGpM"
"leane.barmby@edu.tbz.ch"|"hdk6PS-sHqTrY-9C%&%L"
"goeran.ofinan@edu.tbz.ch"|"Rm4FUY-vOAxj9-SecfDz"
"styrbjoern.proby@edu.tbz.ch"|"hJe5dO-Gx9ZfO-RqT#xU"
"zoe.halse@edu.tbz.ch"|"$2MjtH-d0O#9K-JD%rLL"
"kui.drable@edu.tbz.ch"|"oq5pHF-ZYjCEG-SZx3M#"
"desiree.bamford@edu.tbz.ch"|"PK&T&J-z0RaCb-zVDXCB"
"zoe.suller@edu.tbz.ch"|"9o6qf3-&iSL%r-0uUJ%h"
"marylene.audiss@edu.tbz.ch"|"&DC&11-Syy9I%-kyF&lL"
"adelaide.poznanski@edu.tbz.ch"|"$ueka#-SE$InW-AKpi4B"
"maella.coleyshaw@edu.tbz.ch"|"jpZ4le-$bhaeR-WIfWCt"
"marie-francoise.gelder@edu.tbz.ch"|"RjKsdJ-yuF5HL-kG$4Ra"
"eleonore.chaffyn@edu.tbz.ch"|"xAOvVk-fLW00#-8g%bIM"
"celestine.sikorsky@edu.tbz.ch"|"0VnBdU-ykwWCJ-LtvEOh"
"stevina.londsdale@edu.tbz.ch"|"dxn9oe-IpyUTG-QzT&%k"
"maiwenn.nevitt@edu.tbz.ch"|"zxn4wp-1bC4MM-z#xkcN"
"magdalene.gerrey@edu.tbz.ch"|"z4DgqZ-Uf9ILw-TaHfJE"
"becassine.latimer@edu.tbz.ch"|"$9i5j8-5rg1iP-oZ#qNQ"
"da.lethibridge@edu.tbz.ch"|"Q4eI5p-%ywr@F-%EEG#3"
"mailys.claige@edu.tbz.ch"|"EA9GCr-&ThWC8-ztG2c2"
"maena.torbard@edu.tbz.ch"|"2JF2FT-Z5nAKD-ONice9"
"solene.lyvon@edu.tbz.ch"|"OEr2@0-5gufdU-y48lDY"
"marie-therese.benbrick@edu.tbz.ch"|"a7RPcQ-zs3e@i-5oS4v$"
"gerald.edmonson@edu.tbz.ch"|"L&1WZJ-I1Y4IL-zW%Hv0"
"ake.messruther@edu.tbz.ch"|"3QGG43-RCcfgM-@qcNVX"
"men.gosneye@edu.tbz.ch"|"K3eqqR-Yq8S2J-2x6Ot&"
"anais.jefferys@edu.tbz.ch"|"aMXRLK-xSj6k3-p#9HyO"
"publicite.tregale@edu.tbz.ch"|"9Lpmn%-vdU8KS-t#&%MR"
"maily.santorini@edu.tbz.ch"|"vtmLTi-0Zw24t-u4JENU"
"ines.pioch@edu.tbz.ch"|"BHB@94-J8%%wF-C#U7X1"
"noemie.marklew@edu.tbz.ch"|"gEkIdE-p0xwRH-vBes$y"
"meghane.maccaffrey@edu.tbz.ch"|"YcSX32-KygXhr-g#lBll"
"berangere.ambrogio@edu.tbz.ch"|"EIyRsM-uCPgIJ-SUQVSS"
"mediamass.ryce@edu.tbz.ch"|"GYL1bQ-1y$x6&-5STuxO"
"oesten.ubank@edu.tbz.ch"|"K8Fsiw-4uFniU-39DSln"
"melina.mackee@edu.tbz.ch"|"q5ldeX-cHFzxj-cSw70o"
"theresa.livezey@edu.tbz.ch"|"$j8Rv7-#w9vdc-qKSNU@"
"clemence.weal@edu.tbz.ch"|"yW$wbZ-6zxQxW-ng57o@"
"faites.overton@edu.tbz.ch"|"i9Tft9-NtlkAw-A8b92b"
"clea.lindblad@edu.tbz.ch"|"@auhGG-6kaSw1-V&0ozY"
"josephine.roseaman@edu.tbz.ch"|"j&kwZM-7QV72K-0PXQES"
"oesten.lowbridge@edu.tbz.ch"|"imh%IU-iu0Mae-lzPyK5"
"marie-josee.brion@edu.tbz.ch"|"TnasXt-o8KJyM-OAR&LR"
"therese.basili@edu.tbz.ch"|"@$5MKU-lgWTMg-QHzcCo"
"melia.vertigan@edu.tbz.ch"|"U62vKI-mBYWCX-Ao9GPK"
"judicael.saull@edu.tbz.ch"|"#kAh&C-%8Zx5n-ni8FNU"
"selene.valentine@edu.tbz.ch"|"FiDU$2-fDnRUo-CrHWY$"
"verane.dunlap@edu.tbz.ch"|"gWEN6@-XjM@jw-drOi8y"
"meline.kinnear@edu.tbz.ch"|"LWne5w-kNsIHA-wrgk17"
"lei.luttgert@edu.tbz.ch"|"Sy$O2b-7sDM5D-SZKfAI"
"styrbjoern.lathleiffure@edu.tbz.ch"|"tkNH6u-ZH#sMG-0OyyNC"
"marlene.blasi@edu.tbz.ch"|"sKIbDf-HoB&Cn-aBANBg"
"mai.begwell@edu.tbz.ch"|"MrsMR4-#hph&1-iK@CzW"
"gwenaelle.kaines@edu.tbz.ch"|"2Q#h%J-jKhcpT-#vH9lj"
"gerald.adamthwaite@edu.tbz.ch"|"d3Z1S#-bpmDn4-hFgCYZ"
"kui.hartfield@edu.tbz.ch"|"pE$B#6-AJpXJW-r%@BTw"
"salome.currao@edu.tbz.ch"|"SbTrHy-ZrkYa7-xNSvV2"
"angelique.tixier@edu.tbz.ch"|"U6SWfo-&p8hM2-7TsI1u"
"ju.mcgragh@edu.tbz.ch"|"Tr%XKC-A2UiiU-M%WgnH"
"dafnee.beachem@edu.tbz.ch"|"z4lZeV-Lqwmmg-mrA9k0"
"creez.terlinden@edu.tbz.ch"|"&dzyhv-LiG@th-b4qX84"
"uo.mcskeagan@edu.tbz.ch"|"Zh%6SV-n6fNU4-2v1a1u"
"edmee.mccaughren@edu.tbz.ch"|"iRySXY-&PHEA2-25RcDp"
"asloeg.cozby@edu.tbz.ch"|"IhJdtw-yol4YK-V2@Mbr"
"melodie.traite@edu.tbz.ch"|"AL#AST-&KhLEE-nGLC5o"
"dorothee.aindriu@edu.tbz.ch"|"W@1#e2-wiedbx-612VXc"
"daniele.doley@edu.tbz.ch"|"&bZ7qv-POWB1h-slKv#P"
"mediamass.fairclough@edu.tbz.ch"|"J11rmC-niS54f-wRx1dV"
"lorene.rainforth@edu.tbz.ch"|"vPV#fw-XjEC#s-C9Fgls"
"leonore.eyer@edu.tbz.ch"|"HAYexj-T82v#D-zeAJ59"
"po.spillman@edu.tbz.ch"|"&OtZ5b-b4eK6r-SltxGK"
"cecilia.plitz@edu.tbz.ch"|"d2wBa1-Iuoy%r-@L0fHk"
"lorene.ludlow@edu.tbz.ch"|"7%X3dA-2vp8I&-aMmbjs"
"berangere.neligan@edu.tbz.ch"|"pKWd%8-19e@UE-uNJuC1"
"simplifies.huggan@edu.tbz.ch"|"qVvSmH-s2QZW4-J&U#F$"
"clelia.prandy@edu.tbz.ch"|"0HgiO0-ZFpMNJ-CDb%PN"
"ake.osban@edu.tbz.ch"|"LyiuoI-$Bx$Pm-oq5Mqj"
"cunegonde.brunn@edu.tbz.ch"|"%Yw$P&-1bxIRK-4dfpRH"
"long.grizard@edu.tbz.ch"|"uXdDP5-1JRQaM-Z1DBWz"
"meghane.diss@edu.tbz.ch"|"Iut919-qBnHQy-AjNalv"
"therese.oldman@edu.tbz.ch"|"Nz0z0S-3Dv3ai-Bgsog%"
"boerje.scamerdine@edu.tbz.ch"|"Lf3Gya-8gqtdn-VqHmwp"
"du.saban@edu.tbz.ch"|"r#Em13-2Oagyq-0uS8dK"
"hakan.clynmans@edu.tbz.ch"|"M9ZHxJ-pYw1t5-dsUt9w"
"wa.macdowal@edu.tbz.ch"|"3EmipD-$Y#&zK-VP49qu"
"venus.hatrey@edu.tbz.ch"|"5jdz@f-wiY7pK-nL0E5X"
"anaelle.vispo@edu.tbz.ch"|"xC5q$T-tniUTK-t6xTPN"
"mahelie.ollcott@edu.tbz.ch"|"hnFjm#-qZLzGF-wvOMZj"
"mediamass.whyman@edu.tbz.ch"|"qcqEcu-m3zxax-6MDUTe"
"esbjoern.basson@edu.tbz.ch"|"fab&3k-tep%&I-NrbtRk"
"andrea.morrill@edu.tbz.ch"|"rJOPuh-kyCjfu-jRJtfl"
"melys.grassi@edu.tbz.ch"|"ava5Q4-X7M8iG-uBG1#e"
"leone.poleye@edu.tbz.ch"|"v4@wW7-F&w3UW-4ACMRB"
"francoise.penny@edu.tbz.ch"|"ye&HZc-TzuZ0q-X6iGht"
"rebecca.edney@edu.tbz.ch"|"sb%3Df-PuF$Ap-F5kZqI"
"adelaide.murtagh@edu.tbz.ch"|"@rhcgb-JcM3T8-4Y0bpw"
"stevina.winterbourne@edu.tbz.ch"|"A&tTIS-Dfdkfv-Q$JErq"
"ma.cottom@edu.tbz.ch"|"@ICC#7-&TjJz&-RLooVV"
"tan.harold@edu.tbz.ch"|"JKqSC%-YfFg$M-WMkkNc"
"venus.forte@edu.tbz.ch"|"7I6D9t-HhmTrF-7SlSOv"
"almerinda.oluney@edu.tbz.ch"|"xycFSN-uU60WH-nWzBTf"
"cleopatre.brehault@edu.tbz.ch"|"C6%5hR-qcK0Fk-vV%w$I"
"interessant.lapides@edu.tbz.ch"|"F14xAi-HVZGRK-K3zK%c"
"reserves.hallatt@edu.tbz.ch"|"aQ2&&7-rQwsaU-kMCB@Y"
"annotes.birdwhistle@edu.tbz.ch"|"M0aLK9-GkZ$wI-P0vc8c"
"ai.dredge@edu.tbz.ch"|"BhQVtb-o0kbWx-NmNTHI"
"megane.mussard@edu.tbz.ch"|"eK8xNe-KM31$q-#VOW5t"
"esbjoern.gowrich@edu.tbz.ch"|"O9Ef1w-R0g0aA-1C2$K8"
"boerje.brislawn@edu.tbz.ch"|"x3c0gP-3#2m8i-vTwR2r"
"becassine.wilce@edu.tbz.ch"|"EFiClz-mzsU%w-dRJLQq"
"personnalisee.oels@edu.tbz.ch"|"qQ8EL&-7Aty#A-%Q3aiG"
"verane.pett@edu.tbz.ch"|"gxmEm2-%IYN5P-9VEeu#"
"marylene.glewe@edu.tbz.ch"|"Rvb#tx-1Ly$b8-#WNTCL"
"lai.elson@edu.tbz.ch"|"NY1FEv-C$0e2W-g23nKe"
"serena.difranceschi@edu.tbz.ch"|"#36C0x-qCpGZI-mcX4O#"
"lie.espinel@edu.tbz.ch"|"yVB7o$-ZB0xwP-pt08JQ"
"marylene.fantini@edu.tbz.ch"|"X%oe4A-r9Rj1#-&AnYHn"
"andre.archdeckne@edu.tbz.ch"|"1KKXHK-JrLttU-yocg&w"
"goeran.bohlingolsen@edu.tbz.ch"|"cOCy2x-g%Twiq-DI2nUk"
"cunegonde.heffer@edu.tbz.ch"|"KzMNwH-skSWZZ-BPKShE"
"tan.fechnie@edu.tbz.ch"|"ztNpwu-KYOGt7-9yHHHw"
"marie-noel.brammar@edu.tbz.ch"|"9otFCk-DS90V$-az5#HR"
"simplifies.aven@edu.tbz.ch"|"CnvEdZ-qjIoWM-XBWVB6"
"melys.pinchen@edu.tbz.ch"|"$6AJFA-UikspQ-SajDME"
"edmee.joyner@edu.tbz.ch"|"1ih3#V-7kAie$-8uGw4@"
"berengere.edess@edu.tbz.ch"|"yS@0ym-iosMe9-iGEoK3"
"marie-noel.goward@edu.tbz.ch"|"a6Hu#u-2n#Qz6-jMCayd"
"ju.edmons@edu.tbz.ch"|"sqLxV9-#sSFIv-zbNTaG"
"frederique.airds@edu.tbz.ch"|"d7oiT%-U09D9t-24SDi5"
"reserves.dauby@edu.tbz.ch"|"G7qtI7-TKmWhw-RqYF@B"
"hakan.gynni@edu.tbz.ch"|"rmHm$&-87FL&a-dliyAT"
"leonore.pinwill@edu.tbz.ch"|"VwjRS7-OS833n-ZLkW3o"
"marie-eve.mcallan@edu.tbz.ch"|"71#we4-Qi2Zez-W9IIBz"
"naelle.yeabsley@edu.tbz.ch"|"sPLlNB-vw8#Q1-yGdYvG"
"nelie.jacobovitz@edu.tbz.ch"|"1mlwrw-elN9hV-ftCEcW"
"adele.conelly@edu.tbz.ch"|"zIvvUp-Q7@55R-iZ6Uh0"
"clementine.dondon@edu.tbz.ch"|"SizYKi-P1yRg@-g782%N"
"zhi.willcot@edu.tbz.ch"|"EQ#VYn-Ye5&Vy-hwyL08"
"chloe.janicki@edu.tbz.ch"|"4QpA##-bl%OEO-e1eBrX"
"meng.linde@edu.tbz.ch"|"sEfB16-Dxp$2I-kZU%2c"
"celine.janisson@edu.tbz.ch"|"P%qp1s-%nJri&-dz0FKT"
"clelia.crow@edu.tbz.ch"|"rVuuj&-XZan8D-l&jkaI"
"cecile.pyott@edu.tbz.ch"|"j&U#fu-lJGg1N-iXybOx"
"ma.fidelus@edu.tbz.ch"|"D7TXzI-Hlc$1V-4&PWFy"
"marie-helene.poore@edu.tbz.ch"|"nXkuVL-3N&#bU-N9Zc1Z"
"elies.blanket@edu.tbz.ch"|"7NqDnC-SZ4KxI-xLXe57"
"yu.boyer@edu.tbz.ch"|"n4Xn%H-V21kVp-Eo1dCA"
"celia.welds@edu.tbz.ch"|"1LLi0j-HsO$Oh-ZEqpcD"
"du.gunney@edu.tbz.ch"|"1BKwG2-uJTGnZ-FXuuW9"
"goerel.crush@edu.tbz.ch"|"phjfA&-VWYWaC-9xlGnE"
"marie-josee.brosius@edu.tbz.ch"|"G05jFW-#HRHTb-6#HIsU"
"camelia.adds@edu.tbz.ch"|"adm2Ok-55e9C#-EMBUbS"
"anae.irwin@edu.tbz.ch"|"x&ijPB-us146L-Z0CH1P"
"cleopatre.skeffington@edu.tbz.ch"|"8eu&h%-RI6HIj-rwb5S2"
"gerald.suggate@edu.tbz.ch"|"cRV3zK-8O6%SY-Ls1kR$"
"laurene.tailour@edu.tbz.ch"|"PjuV1B-6Cw@Oa-XT49rO"
"amelie.hoble@edu.tbz.ch"|"RMW$P$-ErNYk1-orng6r"
"venus.getch@edu.tbz.ch"|"Wp5xAz-qve@jp-e4G56A"
"renee.treby@edu.tbz.ch"|"wk72DD-JBT1&n-28mhB0"
"almerinda.stait@edu.tbz.ch"|"0AbAK$-BsHfAX-KOvOi1"
"andree.reddecliffe@edu.tbz.ch"|"GDEN2C-bZG1Hf-aOkGjW"
"leone.wintle@edu.tbz.ch"|"Fe7s7l-VkjcJ3-TJ0g3N"
"gerald.fellow@edu.tbz.ch"|"zFAUJK-1&92z0-0Nc1@c"
"ju.gudger@edu.tbz.ch"|"iYLqgR-nQESKt-eN9uVB"
"meng.ohaire@edu.tbz.ch"|"wBH4&1-ofoGB1-y4FtEJ"
"cleopatre.missington@edu.tbz.ch"|"CRUaQs-P#SB@Y-&7OBhN"
"annotes.debruyn@edu.tbz.ch"|"$$fKiB-XMWcUR-xCpjNF"
"gerald.sinisbury@edu.tbz.ch"|"oQuDNZ-jr$GsC-bjHmip"
"creez.slora@edu.tbz.ch"|"322jW3-SlII55-X#gnAr"
"gisele.benbow@edu.tbz.ch"|"g%C8zk-g8Z6DY-9A4$nF"
"pal.dossit@edu.tbz.ch"|"sFluMa-lJJStN-FNUzh8"
"nelie.stirrip@edu.tbz.ch"|"g9$EQq-29LGCZ-DTyQ9G"
"alois.ocrigane@edu.tbz.ch"|"Xk6F89-O57P$M-VpljNE"
"kui.mcterry@edu.tbz.ch"|"pBFYh3-J5UNo8-#NQSaF"
"long.willgoss@edu.tbz.ch"|"XydcnI-b1UESu-7XhyRi"
"francoise.sumpner@edu.tbz.ch"|"p4lV9r-IP9kTH-IzV8bs"
"maely.grinstead@edu.tbz.ch"|"Fd4FZ&-LutYR7-G7uI0l"
"creez.langeren@edu.tbz.ch"|"9QXaTC-hk1x5t-HSI3Lp"
"adele.dungate@edu.tbz.ch"|"LMXDus-vZ%Om1-7UAF#8"
"cleopatre.noirel@edu.tbz.ch"|"TH9w%B-7KMIz9-HrqVg%"
"interessant.daverin@edu.tbz.ch"|"XHU6DV-Mn$To3-gHsjy8"
"naeva.kalderon@edu.tbz.ch"|"8Bhge7-hum$2j-pruO#R"
"anais.oshesnan@edu.tbz.ch"|"taTknT-2e7C0Y-$OAfu@"
"judicael.anelay@edu.tbz.ch"|"vaMv7Y-0VWFQB-mW$9pb"
"eloise.braxton@edu.tbz.ch"|"jl&OLz-Pl@Cfi-SJ#90j"
"desiree.greguol@edu.tbz.ch"|"vnNP1Y-AYayl3-NiOtTt"
"maite.mcclenaghan@edu.tbz.ch"|"vIPEl&-vKe#%D-6fC$8A"
"meng.doret@edu.tbz.ch"|"eR3ql3-tXbq2G-DPch$L"
"frederique.chippendale@edu.tbz.ch"|"vBy68e-cUdKJ0-iUydrl"
"andreanne.lanney@edu.tbz.ch"|"Y1nGc0-ktKNcQ-Kr@9MV"
"aurelie.claus@edu.tbz.ch"|"u$BTW9-h&Ob3N-LZxWTi"
"renee.pabel@edu.tbz.ch"|"xnh1$5-MR5RjT-p9zM9B"
"maena.roust@edu.tbz.ch"|"qEkNpw-UbIVNv-VJlC03"
"nadege.carwithim@edu.tbz.ch"|"qvN%SV-XQfuTG-78l3t%"
"solene.geyton@edu.tbz.ch"|"fvChhc-#mnC$f-hP7F9a"
"dafnee.avraham@edu.tbz.ch"|"CMQpbA-bIvGfs-hXJGSt"
"leane.woolvin@edu.tbz.ch"|"VbX&Pw-s2e7#N-yOV&Hr"
"adele.macadie@edu.tbz.ch"|"UE7Bdi-cPI&Mo-746mdQ"
"meline.rubica@edu.tbz.ch"|"vjFCMX-GRgU@l-9OhmFz"
"marie-noel.speeding@edu.tbz.ch"|"8hBfsN-@XByWz-cJ1@&o"
"nelie.mix@edu.tbz.ch"|"$PhL#d-qV%PDz-y9QBO0"
"clea.ollett@edu.tbz.ch"|"TndaFZ-GjQ9hQ-c6RH5i"
"leandre.mcgavin@edu.tbz.ch"|"NQdPV6-@ZebVv-Vgsmim"
"cecile.behne@edu.tbz.ch"|"1K4CT#-Joy8l1-Woo1kD"
"melanie.polle@edu.tbz.ch"|"U7i9sZ-2eRypW-4UMRxh"
"marie-josee.titmuss@edu.tbz.ch"|"c2bFyC-t0ry@%-By&s4x"
"helena.guest@edu.tbz.ch"|"HBa6yS-iZTpJC-zz##xC"
"annotes.chicchetto@edu.tbz.ch"|"5KYJ2Z-r21#Ux-7Igvz5"
"melia.tubb@edu.tbz.ch"|"450cNz-9sd&B6-lsH%I5"
"angelique.casetti@edu.tbz.ch"|"OAyhL%-E9zcDG-kqDo2E"
"cunegonde.cleall@edu.tbz.ch"|"wy@Mw3-Jxaknk-#agfOv"
"camelia.oaker@edu.tbz.ch"|"GQ9XBe-hhkd7u-96EJ%L"
"you.searight@edu.tbz.ch"|"7aAmrZ-M8sUDj-J34CcB"
"kevina.dederick@edu.tbz.ch"|"I8nAlT-398bUn-cb3VDa"
"milena.jeffrey@edu.tbz.ch"|"Dtyi&e-teLZ12-Zxa9Tv"
"melodie.barkshire@edu.tbz.ch"|"uXG4xB-QWWmka-zU@ZDi"
"gaelle.kreutzer@edu.tbz.ch"|"q5NcV0-F&L@k@-VK4kp0"
"kalliste.kleinpeltz@edu.tbz.ch"|"NxDgDW-5jEgPL-Si@z65"
"clementine.danat@edu.tbz.ch"|"2xAeUR-52EFV6-nL%dSp"
"andrea.wabb@edu.tbz.ch"|"InSX6W-WwAyZx-#S8KlF"
"geraldine.piesold@edu.tbz.ch"|"jobyHv-ao0fyb-PS5f%@"
"tan.fiveash@edu.tbz.ch"|"mYYngL-2jqDWZ-urY7WH"
"meline.yuranovev@edu.tbz.ch"|"RDG05v-zPP8AT-CypKeT"
"therese.holme@edu.tbz.ch"|"sgaiLd-8C3eED-z62zA#"
"salome.vaney@edu.tbz.ch"|"3g56hI-MFWXir-r$SV4x"
"anae.abramson@edu.tbz.ch"|"xcdCjU-kAv7br-gbk0g5"
"kalliste.jimson@edu.tbz.ch"|"$6iYsV-e85Ehy-hlJuO9"
"selene.yole@edu.tbz.ch"|"p9s07L-jHVs95-#1mLoE"
"agnes.defraine@edu.tbz.ch"|"sASG8z-lSKsaU-Y4%oVh"
"faites.mccluin@edu.tbz.ch"|"RAl$hl-RK3MKM-PeUpyx"
"athena.deme@edu.tbz.ch"|"dJTR5c-XaATwL-Wf%&6V"
"daphnee.brigstock@edu.tbz.ch"|"#l@Pw2-EjKyNZ-SilGof"
"goesta.skaif@edu.tbz.ch"|"CUZNov-zrcjck-obKaJL"
"oceane.jagoe@edu.tbz.ch"|"9TBipb-c7t3S#-#Cg9#F"
"annotes.broomhall@edu.tbz.ch"|"nbutWG-&sGPex-cpD27W"
"marie-eve.ballendine@edu.tbz.ch"|"xb1CNX-q0LQsN-tH#HW3"
"melina.spykings@edu.tbz.ch"|"7PSV98-BL2zT3-IZL7bF"
"laurene.ticehurst@edu.tbz.ch"|"MofCsL-&jHks@-9PQ$KN"
"fei.avramovic@edu.tbz.ch"|"Wrn0Zq-2AWJ#K-#he5bs"
"publicite.strathearn@edu.tbz.ch"|"fLijqd-BuLZyQ-6nBCog"
"torbjoern.garrow@edu.tbz.ch"|"XS6D$e-3OP5z3-odE6C8"
"chloe.rubinsztein@edu.tbz.ch"|"lOX36m-%k%AHB-O17%Ai"
"mylene.demanche@edu.tbz.ch"|"u5Y7eC-syM1tL-X1dGr0"
"mediamass.godlonton@edu.tbz.ch"|"bfzhLJ-rdj@nC-pc2gyv"
"renee.shurrocks@edu.tbz.ch"|"zbNucT-VO7XGI-nxKzR5"
"maiwenn.jedras@edu.tbz.ch"|"4u52BQ-9INTS#-IRHQsP"
"genevieve.castells@edu.tbz.ch"|"c3tSc3-yEP#zh-I4qirN"
"renee.sneden@edu.tbz.ch"|"F2O4Kq-PdjG1A-EudfD2"
"lai.mccallion@edu.tbz.ch"|"MRbswc-%NrQ@d-ZDLiop"
"kevina.impleton@edu.tbz.ch"|"Chct%3-57nco0-0uFfbG"
"oesten.fresson@edu.tbz.ch"|"#$3zom-g43nVJ-b$yaxR"
"verane.shawley@edu.tbz.ch"|"CaGa6R-wVSwmv-LB2kZC"
"uo.sjostrom@edu.tbz.ch"|"hDCuIU-N#HoYp-0WbY1G"
"gisele.gothup@edu.tbz.ch"|"NR0z50-fEHUBi-Wp03wq"
"renee.beauman@edu.tbz.ch"|"$$8yyW-3D$q5$-js7Qey"
"elies.loton@edu.tbz.ch"|"ViW6DA-c0JTLN-cy0@d&"
"valerie.elsmore@edu.tbz.ch"|"KcmlVi-sfnAU$-MKosy%"
"berangere.delafeld@edu.tbz.ch"|"Q2OrKD-2yqJU@-%6lwKm"
"bjoern.schimke@edu.tbz.ch"|"#Wzp0B-Ir9gio-tBTX87"
"loic.ericssen@edu.tbz.ch"|"v27af#-mBFUH&-em8Uyn"
"creez.richarz@edu.tbz.ch"|"iMCLRy-juQOGF-qLKD3Q"
"athena.grocott@edu.tbz.ch"|"YlhFvw-U2mKbA-yKdIR6"
"naelle.piotr@edu.tbz.ch"|"9#$Q9i-lUfLPJ-4OaRL@"
"maella.paulson@edu.tbz.ch"|"#bLQyz-VUPYYG-Jt1Ztc"
"song.perot@edu.tbz.ch"|"lW@elP-ByDDgz-@f%cN$"
"kalliste.heckney@edu.tbz.ch"|"F2IafO-3Lz4nV-v9WRmJ"
"ake.vasyutkin@edu.tbz.ch"|"@Zdr9#-MCyQRf-1l33to"
"ma.castles@edu.tbz.ch"|"ZekFIf-E8G%@W-YTT646"
"maely.monget@edu.tbz.ch"|"nbY4iT-rdTqhY-dZByVr"
"tang.durbridge@edu.tbz.ch"|"Ei0xLO-qz#Die-ruxgQO"
"laurene.andrew@edu.tbz.ch"|"qZHfPk-by&xrM-BfmjHp"
"lysea.beacon@edu.tbz.ch"|"MAwUZ9-0jwT1#-j2DP%a"
"leandre.peyntue@edu.tbz.ch"|"AL5uYp-stK9Ae-&Uzf9P"
"rao.trever@edu.tbz.ch"|"WZU3uB-0S9n6%-8naSZB"
"mahelie.streader@edu.tbz.ch"|"Mi0s&q-whmSW2-&WHqBW"
"maerta.andrejevic@edu.tbz.ch"|"TV7utm-pOxHW@-g%wq7k"
"goesta.tompkins@edu.tbz.ch"|"aHNi18-ZfHmXS-elFD97"
"helena.agates@edu.tbz.ch"|"3is3B0-&tyuLH-XdLeUz"
"therese.glass@edu.tbz.ch"|"&D2Yyo-fjVx1s-BSR6Sv"
"alois.foan@edu.tbz.ch"|"8nTiiP-lsgxPq-rWUeYa"
"becassine.melchior@edu.tbz.ch"|"eIB$XO-5sCqUR-Urza5c"
"cloe.robart@edu.tbz.ch"|"JRmyLt-Avu$Ua-1KfHeO"
"daniele.puckinghorne@edu.tbz.ch"|"ExnUnk-9RLSQs-UK6$P9"
"selene.cammidge@edu.tbz.ch"|"IQ4WXY-gNTeQ8-fquiBY"
"regine.conochie@edu.tbz.ch"|"2bZjnc-IMdp@$-wDza1$"
"interessant.tuiller@edu.tbz.ch"|"CcD&hb-hrDJ8p-R3ekWx"
"long.tiebe@edu.tbz.ch"|"jF4RLg-C8i6ti-b5vfS$"
"mans.yele@edu.tbz.ch"|"%L38Ud-k6h3v%-gKf4on"
"ai.giles@edu.tbz.ch"|"8H5%h2-g#@XIT-81&#PM"
"gaetane.hamberston@edu.tbz.ch"|"ypR8b1-QeWP8T-8KTmnm"
"marylene.fenix@edu.tbz.ch"|"$4A$Bh-wl10&L-ih%jik"
"geraldine.graeme@edu.tbz.ch"|"fQwbtc-9Y@GCX-5bcP1g"
"tang.kinglake@edu.tbz.ch"|"GHWQ&&-EPzeXD-q6oDdg"
"lai.challoner@edu.tbz.ch"|"&68imz-INy&wZ-V1aE#L"
"desiree.mattei@edu.tbz.ch"|"gN0A9Q-n@s$&k-0T0vXq"
"ake.erley@edu.tbz.ch"|"aLnWh8-tXlS$L-FElHg@"
"edmee.cavil@edu.tbz.ch"|"6eL$mO-B8e$he-HevyFK"
"alois.moyes@edu.tbz.ch"|"oG@mwZ-Pa7PeM-vLf5uc"
"becassine.pitman@edu.tbz.ch"|"zyApVR-kqN$A0-MZQE7Q"
"ai.giacovelli@edu.tbz.ch"|"k6FAd6-hGiHgR-aCS0Ny"
"judicael.fruchter@edu.tbz.ch"|"7mdz@c-GkEooH-P6fG1p"
"mans.mogg@edu.tbz.ch"|"PpFf54-erYD49-hxGYRf"
"gerald.foyle@edu.tbz.ch"|"F$2XNH-hFhI52-JE#3tp"
"wa.androletti@edu.tbz.ch"|"9V@Zu$-MLpcsO-7G$v@#"
"meng.ollett@edu.tbz.ch"|"ql6iv1-tU@&vx-#Fh6D#"
"naelle.macmenamy@edu.tbz.ch"|"Z#$8gd-tAFJTW-JtiN3r"
"gisele.mcramsey@edu.tbz.ch"|"cgYfHw-WbTz7o-WBArl0"
"meryl.scolts@edu.tbz.ch"|"c3y$Ba-hZXfp@-N7NzZ4"
"celia.bloxsome@edu.tbz.ch"|"YJ#xBg-GpO&Tl-tbkbf5"
"styrbjoern.stuke@edu.tbz.ch"|"kxIG9W-oX$mkl-PiepNP"
"felicie.gwilliam@edu.tbz.ch"|"jW#6YU-BNoMqp-&SaKip"
"da.harms@edu.tbz.ch"|"LtGqmS-z#@e#%-Udo3O5"
"celestine.baulk@edu.tbz.ch"|"pAzxoh-@Phsjw-$1&W@S"
"mahelie.blackledge@edu.tbz.ch"|"Q7gm4Z-9aAvsw-Ugz$e7"
"meghane.salt@edu.tbz.ch"|"WX4rQr-BjU7oL-#rfNqm"
"methode.paxeford@edu.tbz.ch"|"qF0keu-Irm6tG-jF7&WK"
"asloeg.milligan@edu.tbz.ch"|"kct1St-3x8rQl-rqApGT"
"you.pellman@edu.tbz.ch"|"l$5mxo-PfTYDz-YRg9Z1"
"loic.regenhardt@edu.tbz.ch"|"tVN&az-VZG@5w-dvO2Ks"
"daniele.savill@edu.tbz.ch"|"@0cchk-kZIQbn-#&0AW@"
"alois.cornu@edu.tbz.ch"|"CCbL7X-EkPi5q-EPb7b#"
"oesten.govey@edu.tbz.ch"|"1i&viz-BK1EgG-COI$$J"
"marie-eve.louch@edu.tbz.ch"|"T$9eq0-GbjOJr-jWzD0X"
"theresa.wenn@edu.tbz.ch"|"wt4tqj-urng9i-VWhteK"
"andree.eul@edu.tbz.ch"|"1gdoEZ-gcJsNm-jaKYI6"
"lie.paynton@edu.tbz.ch"|"9RUXIP-gT@l3%-yeg$mB"
"marie-eve.girodier@edu.tbz.ch"|"RaT4pI-63vKN9-2%Dfqf"
"marie-noel.smithe@edu.tbz.ch"|"yNpVH4-Nnqt7z-32#L5X"
"men.bootyman@edu.tbz.ch"|"00ExvU-dhIk2t-CcfwUL"
"ku.sugg@edu.tbz.ch"|"O7OVe3-fdqaMJ-%VY97v"
"lucrece.roseman@edu.tbz.ch"|"YvAi&q-23NT@g-07h34K"
"zoe.annear@edu.tbz.ch"|"Nk$zKW-kbg#k7-N1YKug"
"marie-helene.rennebach@edu.tbz.ch"|"tiQvxB-I1kANi-iI97sc"
"lea.djurdjevic@edu.tbz.ch"|"Z5Y8k&-SfLeYk-aqdVW7"
"goerel.robert@edu.tbz.ch"|"DbG&l9-LSSpQx-Gog&Ex"
"mylene.foldes@edu.tbz.ch"|"LhVFe6-OP98xO-vf7Tu%"
"faites.clegg@edu.tbz.ch"|"rcupyg-sXRL3t-5OTMdz"
"marylene.crowcher@edu.tbz.ch"|"HzbfWC-w@n80v-at1Jyi"
"aimee.wimpeney@edu.tbz.ch"|"5Plvn%-CZx#g9-szUI7Q"
"renee.atkins@edu.tbz.ch"|"dArbnp-h1#PV4-dWNkHx"
"rejane.cainey@edu.tbz.ch"|"@k3@Q6-CjP$Qo-jVuciq"
"solene.britney@edu.tbz.ch"|"WzF3vK-FkLLUD-kAtT@l"
"marten.shatliffe@edu.tbz.ch"|"&mRjqm-%OECdf-0@@unH"
"maite.issatt@edu.tbz.ch"|"if6HFb-DzWm7S-m03T2o"
"maelyss.edon@edu.tbz.ch"|"3aD2Rr-f%gMpd-pPqz7B"
"nuo.bamling@edu.tbz.ch"|"wseEuv-a$k%eU-uODdjg"
"anais.edards@edu.tbz.ch"|"6x9rck-86IXXD-c7WQpt"
"mediamass.bromet@edu.tbz.ch"|"OzjdPv-4MALX4-1xB%@b"
"beatrice.kimbrey@edu.tbz.ch"|"i1jOqH-2mvFww-W@FsB8"
"ines.lawranson@edu.tbz.ch"|"TAbfBc-V%eAbO-3nviIQ"
"kalliste.scandroot@edu.tbz.ch"|"TPO7mO-ZONCgV-vG@u8J"
"mans.barrowcliffe@edu.tbz.ch"|"MEL2IZ-7HX@Pl-vNsw$#"
"irene.couves@edu.tbz.ch"|"C#b17d-9IP$Z7-Z9xCDL"
"milena.mucci@edu.tbz.ch"|"CkKGNC-HDi487-%&XVCH"
"naeva.cow@edu.tbz.ch"|"pVrl0u-&OQ%9C-%9JJ9q"
"audreanne.mournian@edu.tbz.ch"|"L1S34M-Mj@MDf-RyX2Qu"
"melia.sinnatt@edu.tbz.ch"|"&IUCem-9b7Y3w-FEvKf5"
"nelie.burnard@edu.tbz.ch"|"srBDJc-EUMoT8-mUzCsV"
"clelia.ashfull@edu.tbz.ch"|"nTOY2F-@Sk5s#-IaDyTp"
"lie.macard@edu.tbz.ch"|"tC2TfQ-@39eft-UC#1Fr"
"valerie.matoshin@edu.tbz.ch"|"w5gcAF-ayAYbs-@x4Y8u"
"anael.hatherleigh@edu.tbz.ch"|"1VnYii-DiQvEz-Dwk77r"
"interessant.warratt@edu.tbz.ch"|"eT@d@%-r$g@hd-PfaW9G"
"eleonore.volage@edu.tbz.ch"|"6@P%Eh-MBwara-$E4G&E"
"zoe.stebbing@edu.tbz.ch"|"QDHP&a-kFWIG3-PXM49f"
"alizee.nye@edu.tbz.ch"|"x&DhNH-6h4$gk-@woew0"
"celestine.bramley@edu.tbz.ch"|"4qIsE6-Kn&c7F-RXPy0w"
"selene.philcott@edu.tbz.ch"|"h@6TLZ-BlzFjp-H2lCav"
"tang.newens@edu.tbz.ch"|"V8o&@5-QV$LdY-F5ud1T"
"annotes.powys@edu.tbz.ch"|"ik35FT-nZnPVx-cTpEVe"
"lea.matthesius@edu.tbz.ch"|"reYq1z-b28Oeb-7KJln8"
"illustree.garlett@edu.tbz.ch"|"&DpuQZ-aXkPrT-dvyT2%"
"maiwenn.meachem@edu.tbz.ch"|"K0FXAd-1vxDsb-vXvjh6"
"marie-francoise.mcbrady@edu.tbz.ch"|"3soNPL-T&FLE$-yTy$Va"
"illustree.gimbart@edu.tbz.ch"|"TXtP$E-pVaU&b-gbt7cA"
"melys.lyosik@edu.tbz.ch"|"xOnER2-fiD$OD-8Shoj$"
"marylene.mcnab@edu.tbz.ch"|"86dV@r-p3fZeC-MuiclM"
"gerald.blount@edu.tbz.ch"|"c@mvs$-XOuR@r-nlFO0p"
"clelia.shakelade@edu.tbz.ch"|"%9fo$R-l6$m6K-8YHBkd"
"penelope.cridlin@edu.tbz.ch"|"F$j7E9-44eJn#-EIY6wd"
"maena.okuddyhy@edu.tbz.ch"|"m9a6qm-kWjk%S-4bDpaq"
"athena.keynd@edu.tbz.ch"|"$SL1Gv-$Jn#J9-zQAtgW"
"cloe.dwine@edu.tbz.ch"|"uhRK1L-lH5$N8-UP2iBZ"
"josephine.browett@edu.tbz.ch"|"XD6Dc4-DaOAIC-y$B85T"
"audreanne.oscanlon@edu.tbz.ch"|"vnNem%-hc#lTt-CtIo%D"
"fei.jeanequin@edu.tbz.ch"|"xIkpa5-PGKHL7-gmCp9#"
"lois.gormally@edu.tbz.ch"|"MB&PzO-nqB1Sw-bYHN%m"
"marie-francoise.finnigan@edu.tbz.ch"|"VeWbuu-#tqyJq-6V2pxl"
"leonore.trussman@edu.tbz.ch"|"65xQ03-r01D&$-s$YY96"
"anaelle.trumper@edu.tbz.ch"|"rUPjle-sokszM-GfSQq0"
"clemence.dionis@edu.tbz.ch"|"Qbllgo-4P6GFU-OTe82U"
"lois.tranmer@edu.tbz.ch"|"64B8r&-q1DcBE-WLzIX&"
"interessant.volett@edu.tbz.ch"|"yumsBE-Ki7oDe-fU%b7U"
"personnalisee.deackes@edu.tbz.ch"|"9xKKz%-4K%Gn3-Prn4Cg"
"lie.vasiliu@edu.tbz.ch"|"zBTLd4-j#1u18-eESGSQ"
"dafnee.lamputt@edu.tbz.ch"|"4uFod0-c3Mzjk-jPsciz"
"elies.bromige@edu.tbz.ch"|"Ga5dlM-JdrkZe-7acR5l"
"helena.klosser@edu.tbz.ch"|"X9IcuP-2cyq9I-bUph@h"
"andree.grim@edu.tbz.ch"|"WT3iYl-TdfK#&-Q@HsJy"
"verane.coldbath@edu.tbz.ch"|"11xCa4-sb&8NX-vKGB#e"
"helena.bethell@edu.tbz.ch"|"IBiUQN-$67t9D-pTyQE8"
"kalliste.carefull@edu.tbz.ch"|"re$YRc-Uch2Ip-XtHA7I"
"regine.odams@edu.tbz.ch"|"DMQvdN-XqENm6-KSFVq6"
"len.stannus@edu.tbz.ch"|"wBMpiK-oPBZgO-AEx1GY"
"angelique.works@edu.tbz.ch"|"ouZ7&p-AX97r4-zYp0av"
"goesta.rheaume@edu.tbz.ch"|"fxE2pL-P0&TVC-5mkD1n"
"maelys.tynnan@edu.tbz.ch"|"rs9Ti%-lZ50tt-u@AUWl"
"maelle.carlesi@edu.tbz.ch"|"2Wtd5G-cZOzSG-Hqp6JE"
"anael.spurden@edu.tbz.ch"|"3LuY$I-4Ak%Jx-R%I0Zj"
"helene.pumfrett@edu.tbz.ch"|"2FV37a-Gc4rmr-NQDu5V"
"goerel.pearn@edu.tbz.ch"|"L$AWR#-EKbWTS-F$bWj1"
"laurelie.dezamora@edu.tbz.ch"|"jAqf%A-Ld%etL-kptSeI"
"yao.twidale@edu.tbz.ch"|"AsTS6R-Nlc35h-LeZbr$"
"berengere.sola@edu.tbz.ch"|"#A&nEr-VKc4TR-Xfl#ZA"
"maelann.hardistry@edu.tbz.ch"|"Ga47PS-gFHmwy-PFTG0#"
"severine.littlefield@edu.tbz.ch"|"1&hFej-gqe51N-XiEYa1"
"salome.heinl@edu.tbz.ch"|"6Q7x7I-Rvl&b%-VEeiUV"
"meryl.warbey@edu.tbz.ch"|"4@N0kF-Ew@L%F-%SUMHw"
"da.hunstone@edu.tbz.ch"|"PZpZWS-GHZRBm-vZ4$@X"
"venus.broadbury@edu.tbz.ch"|"BVgGl%-i5L0qy-2M%WzN"
"meghane.rentelll@edu.tbz.ch"|"htLEwD-jQC1fU-5zMmsb"
"marylene.drewitt@edu.tbz.ch"|"fVpfsP-ZUG1VM-Bup1Fw"
"melinda.jacquemet@edu.tbz.ch"|"v$j@13-Fzv3bs-B4LpLs"
"marie-josee.keyden@edu.tbz.ch"|"@MN9UC-kyAnl#-0SErtG"
"asloeg.montacute@edu.tbz.ch"|"j6h%h9-hZkgHw-MJiNPv"
"ku.andreou@edu.tbz.ch"|"WI0AV1-4sHj4S-2ThpNT"
"personnalisee.feaveer@edu.tbz.ch"|"QHEmaI-xJB5bg-GmLdOg"
"laila.emptage@edu.tbz.ch"|"R#UYk8-KaPqHI-EMpjy4"
"bjoern.dawdry@edu.tbz.ch"|"Z5U4Ix-zz%1zV-HylV6C"
"marie-eve.dinsell@edu.tbz.ch"|"TtCdTz-uoERp6-eq5d1B"
"helene.follett@edu.tbz.ch"|"DIboM@-RvuFsN-MT0UtI"
"penelope.cordero@edu.tbz.ch"|"ZX@$qg-IGMouA-RnYlsg"
"boerje.beedell@edu.tbz.ch"|"yLngHr-xWfSMw-h06haq"
"nelie.ferne@edu.tbz.ch"|"S97e6E-TvAQpn-%hyHLq"
"celine.ahmed@edu.tbz.ch"|"e4Hm%Y-%VEvSN-&jqLKI"
"stevina.pimblett@edu.tbz.ch"|"W$dywG-wJ1$gK-GnvLEw"
"chloe.langlands@edu.tbz.ch"|"u08krn-1G#Xgj-d1nI5h"
"simplifies.maude@edu.tbz.ch"|"IY4%YM-Ih6uy4-fypycH"
"genevieve.decarteret@edu.tbz.ch"|"JvBw4F-Q0Z1Cu-75M3A5"
"marylene.mughal@edu.tbz.ch"|"Lvx$L5-G2ISp%-LKqzQ%"
"goeran.guttridge@edu.tbz.ch"|"Lf1d@f-7i6dmg-f2P0gu"
"michele.smurfitt@edu.tbz.ch"|"nNqB25-7SXbs1-48#kIy"
"methode.hadeke@edu.tbz.ch"|"CAwYhW-z4Kr83-eYQ&uv"
"therese.rispine@edu.tbz.ch"|"ro5mPW-QE0qKq-qtY6TH"
"goerel.plumley@edu.tbz.ch"|"N#byU#-iBSVK%-icOc8#"
"oceane.friett@edu.tbz.ch"|"A9CFrK-E2aQMz-w5sZXJ"
"marie-noel.achromov@edu.tbz.ch"|"c7mdZ7-iMs09#-R&izcD"
"dorothee.storek@edu.tbz.ch"|"5ECVpz-DnW9PG-Fnl39F"
"goesta.whittle@edu.tbz.ch"|"cLU%t0-8$FmBU-%daf1G"
"desiree.casely@edu.tbz.ch"|"JcZ8Ut-erCIEl-k2U6uD"
"felicie.condon@edu.tbz.ch"|"Um5a0%-PMWe6f-5F4d3z"
"maelyss.frisdick@edu.tbz.ch"|"VFvJCS-AcxK@W-gNIu7m"
"aimee.banke@edu.tbz.ch"|"3bl5J#-vNK@Ry-Zdh$lL"
"naeva.hodcroft@edu.tbz.ch"|"7smAmt-T7uFp8-MhI4a0"
"laila.gerrans@edu.tbz.ch"|"oY32OK-HMlig#-Rmq7wC"
"daniele.scrimshire@edu.tbz.ch"|"RCODm%-s5R4F5-TACHVv"
"daphnee.sheerin@edu.tbz.ch"|"3qd4yP-MQz3Uz-F4@O2a"
"pal.vanyukov@edu.tbz.ch"|"jutKzR-JEnCmN-n39N5n"
"zoe.childs@edu.tbz.ch"|"MAsvIv-rFjD9b-GUPkhC"
"ai.corde@edu.tbz.ch"|"QsIcfH-qFM1jQ-4RrTiW"
"maelys.berryann@edu.tbz.ch"|"u7dd7l-ADQnuN-zk4zOJ"
"cloe.gladding@edu.tbz.ch"|"zSMhQf-EWnfe9-O5in1r"
"wa.kinnaird@edu.tbz.ch"|"YBIYHN-HBP$yG-TI$Oex"
"publicite.brittoner@edu.tbz.ch"|"Az6cas-0Gvyv9-dNi8Wx"
"rao.windress@edu.tbz.ch"|"HGa4UA-ooc3Cv-IvUSBU"
"uo.kollach@edu.tbz.ch"|"j@o@y6-6JysCp-7LtZAQ"
"josee.peskett@edu.tbz.ch"|"ukz&DL-OIMOkz-R&wc4C"
"annotee.hasel@edu.tbz.ch"|"6&68iD-0dFZ1M-tnT1E7"
"cinema.lee@edu.tbz.ch"|"rm&f#Y-z$UBup-sXps$2"
"lai.vedeshkin@edu.tbz.ch"|"iMMbpE-MeGysC-#DyH&M"
"renee.brisbane@edu.tbz.ch"|"Br1$C#-&hk0KY-sl@3cc"
"ophelie.blincoe@edu.tbz.ch"|"wFQUat-3U6uqf-W@srt7"
"zhi.prazor@edu.tbz.ch"|"V358zC-Q&iCRM-IoOftz"
"annotee.maddicks@edu.tbz.ch"|"X4a&J$-X8f1HQ-83@Ez%"
"maelyss.codd@edu.tbz.ch"|"azI7$l-aBe0ep-J4BogA"
"celia.peplay@edu.tbz.ch"|"FtYr&y-9TjxRU-LGLcd@"
"interessant.skone@edu.tbz.ch"|"b%kwUs-bM0P9&-Ji3Mqg"
"audreanne.hebdon@edu.tbz.ch"|"WwqBCz-nkQmHH-w$NmsZ"
"oceane.glen@edu.tbz.ch"|"Rc9foB-Y#iHk9-ZOC6ov"
"daniele.vanyushkin@edu.tbz.ch"|"w0BnTe-B9XDZk-amgAH7"
"daphnee.ayce@edu.tbz.ch"|"9m91Lp-MGiyDE-gKGUhF"
"andrea.attride@edu.tbz.ch"|"NTeNyr-W9Sn3y-FqFtFM"
"penelope.bridgwood@edu.tbz.ch"|"n@q0Z0-XeRWX4-CfoGCO"
"mailis.drewitt@edu.tbz.ch"|"UIS14C-r0abFF-$tcgQy"
"penelope.mollene@edu.tbz.ch"|"tLalpy-QH6EI0-IzE%Mn"
"illustree.keely@edu.tbz.ch"|"N@6cP9-pLqxZ0-@GWIBd"
"meng.brisseau@edu.tbz.ch"|"JFZNYx-sLLj0w-VNpWPA"
"ruo.cleiment@edu.tbz.ch"|"ulOhSk-ZHr@q%-SaHFu@"
"maite.krammer@edu.tbz.ch"|"@a0NHb-vhbnMc-EJXZBg"
"genevieve.verry@edu.tbz.ch"|"PyE1J3-6N2@k$-&EOK7F"
"lea.olochan@edu.tbz.ch"|"%c$g7e-PbYPAI-Dj2Xct"
"naelle.brunnen@edu.tbz.ch"|"3Tx6d9-7oXYwD-k0EY4b"
"goesta.bragginton@edu.tbz.ch"|"c$ua1z-J#E4Ww-7zAUrI"
"fei.danilyuk@edu.tbz.ch"|"u3V8yi-8LnVRN-lvRVey"
"adelie.turbitt@edu.tbz.ch"|"eJ8oH$-99VFzR-NmL0Vu"
"marylene.nutman@edu.tbz.ch"|"LLAE7e-llBJmH-$caG1Y"
"therese.barbrick@edu.tbz.ch"|"GOZIeM-q8gRF8-E&ysM6"
"melys.kolodziej@edu.tbz.ch"|"kk7w0a-u0MFcB-$ywXOs"
"melanie.runchman@edu.tbz.ch"|"xMnyIZ-F00boL-LBtlBQ"
"serena.lafond@edu.tbz.ch"|"mAqi#c-JyVqLF-BsdgK5"
"pelagie.desmond@edu.tbz.ch"|"rxW6UE-XKrOGi-iQqhnX"
"wa.spickett@edu.tbz.ch"|"RjPEIh-dfyMPR-0ZAd&C"
"po.shave@edu.tbz.ch"|"ZyNKsM-z@fjBy-BitUxT"
"song.huikerby@edu.tbz.ch"|"WfNw8s-JfeDZw-wiSfBo"
"melinda.bimson@edu.tbz.ch"|"co3N6t-#@9VD9-A9qQsV"
"personnalisee.toffanelli@edu.tbz.ch"|"91DAic-2XT9CE-RSlILO"
"leandre.hurn@edu.tbz.ch"|"3MVa9g-L5a7XV-tp$cCr"
"oesten.standell@edu.tbz.ch"|"w#kwRV-Ygb0No-oL4A5U"
"naelle.smaleman@edu.tbz.ch"|"KeFW4P-TVo8Xb-KF4@PG"
"berenice.tayt@edu.tbz.ch"|"likPL#-$#zsQg-wR3w1X"
"kui.popplewell@edu.tbz.ch"|"@0X1Kg-tgUHAk-nquz#U"
"melodie.ferandez@edu.tbz.ch"|"PiIR$I-vDFY44-ah#KEb"
"josee.negal@edu.tbz.ch"|"FOmV3g-E05h#I-iXzscz"
"melissandre.ferrelli@edu.tbz.ch"|"1osBWW-VeGSXu-w6sya8"
"josephine.kemmer@edu.tbz.ch"|"v2Q$$P-#ag0P&-%2zfKd"
"maely.cayette@edu.tbz.ch"|"Cp%81T-5@mPsv-rPy7P3"
"nelie.vela@edu.tbz.ch"|"8G#Z5c-7OkNU4-FFzPSR"
"melina.cortes@edu.tbz.ch"|"LlN6pq-NGGtHk-waP7Y#"
"megane.leyshon@edu.tbz.ch"|"7wXg$c-JOj0zr-yLgvxY"
"regine.harrie@edu.tbz.ch"|"GMleu4-AE3OgO-ysRt%j"
"mylene.widdison@edu.tbz.ch"|"9RBWvE-cAY@2H-zWMmot"
"pelagie.vivash@edu.tbz.ch"|"qhvG3b-JQeJjs-Mba8I7"
"styrbjoern.vicarey@edu.tbz.ch"|"d6HPem-DX4b61-OUcwyf"
"long.kyles@edu.tbz.ch"|"u@BF$I-idhcgH-DO719Z"
"stephanie.gipps@edu.tbz.ch"|"WD#sNo-toC@jG-2IsX8Z"
"clea.constantine@edu.tbz.ch"|"cNIClN-$pG%Rb-LUl1m7"
"maella.cometto@edu.tbz.ch"|"6rw#F%-gxLr%i-CMM2SQ"
"laila.aubrun@edu.tbz.ch"|"qlWNl7-8NwR6o-C6Ouui"
"yao.austins@edu.tbz.ch"|"VhzM@I-gvY5pM-kXL6#K"
"mailys.rylstone@edu.tbz.ch"|"xakv7s-Rc1MgM-q5g2g$"
"adelie.curuclis@edu.tbz.ch"|"SuvRTT-ks8TRf-pOW3pM"
"celine.longhurst@edu.tbz.ch"|"de7R8M-J5wZQ5-XhtiU%"
"gisele.hazell@edu.tbz.ch"|"eQ&47a-G$QrR8-wymRRS"
"celestine.ciccone@edu.tbz.ch"|"FFO9fG-Gsvz2&-cxiiYW"
"maelyss.doole@edu.tbz.ch"|"udt$K&-d4Aq#b-uGRgZb"
"helene.grimsdike@edu.tbz.ch"|"$Ajk39-Yts0aM-PvE7Q5"
"lie.macer@edu.tbz.ch"|"MhJ0CI-L%JvLr-mBYp2q"
"maely.izard@edu.tbz.ch"|"rCbmxu-Pxi0nW-TxxCOp"
"erwei.breewood@edu.tbz.ch"|"0V2XMk-FM6uzQ-Z@YQy6"
"chloe.woolford@edu.tbz.ch"|"ZMsrYU-NGfUOW-74oVKW"
"cleopatre.turpin@edu.tbz.ch"|"eX@SGG-J7N$%m-dPMeAA"
"melodie.surgison@edu.tbz.ch"|"wJw&ei-O1Slrw-r0RzeE"
"elies.leander@edu.tbz.ch"|"csX823-PkE@29-Vwpz1y"
"mediamass.reignould@edu.tbz.ch"|"Keq4#l-iABmmR-uw@thE"
"celestine.wasmuth@edu.tbz.ch"|"6Q1jkk-05EUfQ-KU3ysj"
"marten.jervis@edu.tbz.ch"|"j$roy#-Bmg$6c-5$aKjn"
"daphnee.bour@edu.tbz.ch"|"Nls#E1-%EbYWu-qUCi8%"
"regine.harlett@edu.tbz.ch"|"$2@J$%-jUuvjI-tb#FOH"
"noemie.macaskie@edu.tbz.ch"|"7eQseQ-H93G&b-xEza%w"
"loic.renfield@edu.tbz.ch"|"S0T#LH-ymEmgn-P6rkuq"
"venus.kleinert@edu.tbz.ch"|"74p7h8-H6&6%w-OvIO4B"
"marten.burlay@edu.tbz.ch"|"n7w$CX-6p7WT#-U8HGk@"
"berengere.radsdale@edu.tbz.ch"|"bZupYT-Yl7zaz-fiL3xw"
"genevieve.duckit@edu.tbz.ch"|"du0LuZ-&gbKgJ-OiDtUA"
"maely.ligerton@edu.tbz.ch"|"L$%#Ba-m4AYhZ-iTFNaW"
"maeline.ricciardelli@edu.tbz.ch"|"EgC&wl-MdvgJT-rjhuvr"
"personnalisee.yggo@edu.tbz.ch"|"F@IdhM-&YQOAF-dN@f0Y"
"alizee.pettinger@edu.tbz.ch"|"EgDK4@-Oyue@G-X6rRna"
"desiree.curnnokk@edu.tbz.ch"|"1MPPW2-pSFyYi-2@@H5f"
"dorothee.minors@edu.tbz.ch"|"rxaR#2-$ukwB@-71tvxo"
"oceanne.kopmann@edu.tbz.ch"|"JIFXyW-dduMge-P@jlYK"
"almerinda.brodbin@edu.tbz.ch"|"a6d9V8-W4l21Q-qavfVA"
"yenora.carsberg@edu.tbz.ch"|"32VK1x-xJ3RtK-$Yw1Px"
"wa.beetles@edu.tbz.ch"|"HA2sGT-3v&qTO-itKmcT"
"audreanne.abbot@edu.tbz.ch"|"@z9dUT-QEvIDz-kT4QqR"
"noemie.capper@edu.tbz.ch"|"WDxFAZ-u5GID$-5OmJZN"
"mans.abramamov@edu.tbz.ch"|"UxqDIQ-wxnJYg-7I2wJI"
"audreanne.blakey@edu.tbz.ch"|"xbrv#t-kIKp4v-Zra#TQ"
"leone.klimpke@edu.tbz.ch"|"utMRRu-Hr8Xwi-7nAH9b"
"lie.croston@edu.tbz.ch"|"gETk24-v8fOxp-QWn&5W"
"anaelle.baistow@edu.tbz.ch"|"KdfdEg-bDiOvW-9uNFCu"
"michele.garwood@edu.tbz.ch"|"bWVFJi-2yTShA-5nOiEW"
"interessant.albion@edu.tbz.ch"|"mLjpAV-iIwAiT-4yYsIZ"
"andre.brisco@edu.tbz.ch"|"ojfgYE-AYi081-zPbCgs"
"tang.totterdill@edu.tbz.ch"|"ql6YXx-7$VYT9-IH1V0Y"
"marie-josee.braundt@edu.tbz.ch"|"eDBMVt-&MuzmW-Av0Pj9"
"lois.galer@edu.tbz.ch"|"IlUSXH-ufg27%-YxDKqw"
"faites.pellamonuten@edu.tbz.ch"|"4Z9tIC-QfAQZF-es#8sx"
"mai.barfford@edu.tbz.ch"|"w#16kJ-A75FCE-euLVK6"
"laurene.macilory@edu.tbz.ch"|"w@z@ZA-@PNZ0%-RzTx9Y"
"elea.peak@edu.tbz.ch"|"P3%Oeg-rHuMEn-xZ2W79"
"rejane.doni@edu.tbz.ch"|"$&O@zk-$sHwva-ozOpFX"
"mahelie.ector@edu.tbz.ch"|"5g%1S2-@VqBrC-I#uFfi"
"rachele.allum@edu.tbz.ch"|"#GZ1ha-miYgBB-iP%kh#"
"laila.gerretsen@edu.tbz.ch"|"T@mcly-NrBCNP-rfV4BV"
"ines.bowman@edu.tbz.ch"|"$ygNd2-nKepEG-OsQYGf"
"publicite.barbary@edu.tbz.ch"|"tSpt0C-nyc@7&-pXTE$2"
"mailys.smooth@edu.tbz.ch"|"yInqVo-V2cm#$-IC4k@O"
"mailis.huguenet@edu.tbz.ch"|"fCM6zv-grhi4%-wz@P%S"
"lea.ewer@edu.tbz.ch"|"tJPbb@-iAtJju-Qo5E%7"
