"email"|"password"
"melodie.vandervlies@edu.tbz.ch"|"KRv@W@-&B@SoD-TactGg"
"angele.edgecumbe@edu.tbz.ch"|"icGk4o-nQlAQh-&ew9gZ"
"zhi.andreasson@edu.tbz.ch"|"JqD9Ws-1WkWLQ-9rjn6v"
"judicael.koppeck@edu.tbz.ch"|"uX7THn-UyWnN@-BOooKk"
"berengere.capron@edu.tbz.ch"|"jdJPLe-ot7exE-WFKKDs"
"leonie.brosini@edu.tbz.ch"|"i8Lp#d-4gO7Xx-afle@h"
"venus.garfit@edu.tbz.ch"|"gkjuCb-$ss338-ucvUmK"
"melina.janota@edu.tbz.ch"|"%JvRUK-%i41Vq-gmTJpV"
"laurene.bake@edu.tbz.ch"|"#snGoR-QT&$vZ-hmUN%J"
"regine.dorkins@edu.tbz.ch"|"4@s5Hn-oUxUVh-GCmbTt"
"cecile.moffet@edu.tbz.ch"|"vgbLTJ-5SL%P3-2lajmo"
"maelann.labrone@edu.tbz.ch"|"yfQpTS-YcgLs0-c6GC8u"
"melinda.newbold@edu.tbz.ch"|"dWmUb3-GY&1jA-CU82mf"
"mans.itzhak@edu.tbz.ch"|"zIKDO1-peYuFW-nEeAGF"
"melodie.pattlel@edu.tbz.ch"|"Ee%eld-kEILrc-@kMmk&"
"celine.bonett@edu.tbz.ch"|"plVgmr-McbVUC-0VrQaO"
"adelie.mcgreal@edu.tbz.ch"|"eIy%ac-mkS@YC-RJ7Xyh"
"helene.soldan@edu.tbz.ch"|"UbsU7e-WRhkWG-sZKVRA"
"michele.cluer@edu.tbz.ch"|"IKIi63-xt$QGt-1#9H&I"
"maeline.mueller@edu.tbz.ch"|"4@Q$8a-ToEJYC-P3XoYm"
"maelann.benedito@edu.tbz.ch"|"#U6nh7-ydhud8-pEZy$7"
"nuo.gransden@edu.tbz.ch"|"Q2H#if-IDaoIE-rQk%jt"
"berengere.stainton@edu.tbz.ch"|"d1@p#3-7@AGt&-XZ93V$"
"wa.sabater@edu.tbz.ch"|"w31$3#-Lu4&h9-XyaN%q"
"anais.cochran@edu.tbz.ch"|"eLytOu-ArBTJ5-lf&uRd"
"gerald.bessant@edu.tbz.ch"|"ibR1vQ-QfW9@1-I&%Z8E"
"ruo.coffin@edu.tbz.ch"|"rEHx@l-F42SOt-Vf@289"
"melodie.mustill@edu.tbz.ch"|"4EpnZn-E1ajCd-cbzf84"
"ruo.stanesby@edu.tbz.ch"|"c#Ndx#-f&tDyO-JITLlE"
"noemie.antognelli@edu.tbz.ch"|"qLyw3P-&4rB&o-5ZkWY2"
"maelann.hughson@edu.tbz.ch"|"H7YcMm-BnIMHc-X0MkEx"
"milena.mieville@edu.tbz.ch"|"nwjBb1-hvViSU-vBhDqO"
"mailys.chamberlin@edu.tbz.ch"|"qu57&m-FmvApY-hdYwly"
"nadege.tomalin@edu.tbz.ch"|"R#$VEq-ImY40v-0z3I15"
"oceane.omara@edu.tbz.ch"|"MIg7qo-Bix0w$-@4H6Q2"
"cecile.aguirrezabala@edu.tbz.ch"|"BWXqdO-ZOAnFK-w&qeMU"
"maella.gwillim@edu.tbz.ch"|"wKXPC&-l31cJu-BhsmPh"
"lea.mcgahey@edu.tbz.ch"|"m#Cbyk-sBVn1O-D2%OFA"
"laurene.hagerty@edu.tbz.ch"|"FZ$s6q-43c%Mt-cw9s0W"
"dorothee.link@edu.tbz.ch"|"mx8G9g-ujdRWK-jnWjZ%"
"clementine.kynsey@edu.tbz.ch"|"@%uCfW-6jx#B1-3&mq6r"
"lorene.smitherman@edu.tbz.ch"|"z%pYOC-jBjlHP-glNUgw"
"cleopatre.klulicek@edu.tbz.ch"|"wKj8bP-Kv%J9a-2FCd4Y"
"laurene.castaneda@edu.tbz.ch"|"kSpoep-afJlRq-A&ic5Q"
"melia.constant@edu.tbz.ch"|"GGHzkB-aybaMS-DXjSYU"
"lucrece.clunie@edu.tbz.ch"|"8C&6Mu-rf$aJI-Fhk1Ag"
"eleonore.mcmurthy@edu.tbz.ch"|"@z@@ow-If3XUb-epAN9m"
"melia.bevar@edu.tbz.ch"|"ivV1Iu-Wvv%PH-$mKqpx"
"camelia.bontine@edu.tbz.ch"|"RxX9wh-%%v9@d-$U6wW8"
"methode.jozefczak@edu.tbz.ch"|"7#frkW-V4tq%m-aFgiIb"
"audreanne.hinsche@edu.tbz.ch"|"MjyL0@-9QhAgc-yUuv6D"
"andree.varne@edu.tbz.ch"|"VJc1TC-640VYZ-kD128Z"
"marten.kinleyside@edu.tbz.ch"|"5HAk2L-JI6zgU-6ey9UK"
"esteve.mcewan@edu.tbz.ch"|"@V2VMp-2@58y3-cMrt7V"
"leane.dibbert@edu.tbz.ch"|"qt@MWD-0GazLb-yD8iRN"
"ma.thewlis@edu.tbz.ch"|"45G%b@-3gLNuR-UXQwfx"
"clea.djurkovic@edu.tbz.ch"|"7b7eT&-CKeONS-EHPVkx"
"rachele.reburn@edu.tbz.ch"|"OuwWLJ-n%wtao-@Hzj$v"
"gerald.gowling@edu.tbz.ch"|"d4hnQ#-2mhg2n-5Vk7P%"
"cleopatre.jackson@edu.tbz.ch"|"b&X#H7-mkzkZe-sdwcJe"
"desiree.haskins@edu.tbz.ch"|"%Ze6lu-m55W$1-SDrHK1"
"eleonore.longson@edu.tbz.ch"|"@DFf2e-VD0#on-PWpwms"
"leane.dybell@edu.tbz.ch"|"lzNVP7-M5Z7v2-xYSmxw"
"becassine.grzesiak@edu.tbz.ch"|"eueTcc-LwSikM-ApUxuf"
"marie-josee.pickin@edu.tbz.ch"|"hMfkr1-O$Fcn6-hRT3wi"
"marie-josee.roxby@edu.tbz.ch"|"ck#@$r-1cEs$h-Vckku3"
"leonie.feenan@edu.tbz.ch"|"mFDW1y-gI44YM-qkYDQU"
"valerie.ellum@edu.tbz.ch"|"dG@tyW-mk%7bK-af%$fm"
"ju.caseri@edu.tbz.ch"|"mPXUyF-v81Pjr-A409@9"
"boerje.strangman@edu.tbz.ch"|"#zV#a#-WTbIQA-$@v5Og"
"beatrice.ghidelli@edu.tbz.ch"|"$yVHyQ-6S$v5Q-RsN8FS"
"da.jablonski@edu.tbz.ch"|"Xn2tnU-4io2Ow-04DUTS"
"uo.beveridge@edu.tbz.ch"|"tCDhnI-M5OtB%-E5i8Se"
"valerie.bestman@edu.tbz.ch"|"jlsL8J-z08VZT-kH8XGa"
"marlene.pohls@edu.tbz.ch"|"H5z0k%-zrByrt-qHsEt&"
"ma.nolda@edu.tbz.ch"|"9g#4Oo-kW5ocp-c9UUem"
"marlene.bisiker@edu.tbz.ch"|"QCF3Nd-AJmxJF-NK&bYj"
"estee.babon@edu.tbz.ch"|"7iEJh&-w@o4&H-qCQLib"
"simplifies.dmisek@edu.tbz.ch"|"$NYWi%-0rRW10-mryr&R"
"selene.ganing@edu.tbz.ch"|"4ecwAS-vseN1s-zEEu8U"
"meryl.penke@edu.tbz.ch"|"$36HA1-3QypDW-9xDYYo"
"anais.rawcliff@edu.tbz.ch"|"IV9yhu-PpQ4Vu-Wzj0B2"
"melina.andri@edu.tbz.ch"|"79uGp8-NgIUo#-XRi@vu"
"audreanne.fodden@edu.tbz.ch"|"AqDAth-Gmm0Km-ktSrBR"
"bjoern.spellesy@edu.tbz.ch"|"WMYV##-#MQWCp-PwCvEH"
"francoise.summerscales@edu.tbz.ch"|"AeUMCL-IWumU8-z497lQ"
"laurene.ashtonhurst@edu.tbz.ch"|"M0@@Hm-Jt$XjF-L0$v35"
"valerie.petters@edu.tbz.ch"|"Lf%gA7-cPVEN#-0q$v&9"
"anael.spenclay@edu.tbz.ch"|"icCIVU-WjOfF0-Zb$sJF"
"stephanie.keech@edu.tbz.ch"|"OEm%X4-3BkbKS-kaZb$#"
"ines.deveril@edu.tbz.ch"|"6Elmb6-ffUtIZ-fe&me2"
"berenice.gelder@edu.tbz.ch"|"V#huQ7-vLYpS9-Y8xvZI"
"melanie.ofogerty@edu.tbz.ch"|"mRwsNV-Qw89mo-6@fIpT"
"frederique.canepe@edu.tbz.ch"|"6kX5Xg-Cy#Z&r-HHys%w"
"nuo.otton@edu.tbz.ch"|"sY88tU-ZBvL9r-AzCE#O"
"genevieve.trusler@edu.tbz.ch"|"IlQ6y3-K7Qoow-KMqmZS"
"ju.boag@edu.tbz.ch"|"XP0wHZ-lFTbqa-hLdnVP"
"josephine.dilucia@edu.tbz.ch"|"Bw4g$y-yj0OP%-LfEExo"
"laurene.armsden@edu.tbz.ch"|"60xNCI-J1m#xW-E#abwb"
"becassine.griffe@edu.tbz.ch"|"frj$Lj-nO5@6t-%6fahL"
"alois.parres@edu.tbz.ch"|"yZttPj-o23PPQ-AO2w3x"
"cleopatre.gaffey@edu.tbz.ch"|"1WZVBl-h9I3pd-UQcO9x"
"andre.stiger@edu.tbz.ch"|"hemWDH-&XqVh&-BjrENi"
"beatrice.godleman@edu.tbz.ch"|"u#@vw4-68CdXd-oMrA7X"
"hakan.harrhy@edu.tbz.ch"|"iFo6iH-cuiVeU-cJoEZD"
"celestine.dagnan@edu.tbz.ch"|"5l$oz6-8an2kc-SRiCFz"
"clemence.haggart@edu.tbz.ch"|"PnPuJA-I@FRe7-0UdiJH"
"long.caban@edu.tbz.ch"|"IAWeLW-z1gMIt-E7fWEC"
"gaetane.grimble@edu.tbz.ch"|"JGaWWT-8%&iUk-%ajvdP"
"maelann.piwall@edu.tbz.ch"|"$Et7Gn-LNrJDh-2flGuM"
"magdalene.loble@edu.tbz.ch"|"H0#JYS-%@Oc$Q-LTUxwa"
"veronique.domaschke@edu.tbz.ch"|"ZQnbpv-0lxIjy-ys7ofS"
"clea.herity@edu.tbz.ch"|"6dW0nx-$1@pH%-woar4L"
"maelann.bambrough@edu.tbz.ch"|"rRlnsj-Rh9HtF-@qj%e9"
"clea.goulstone@edu.tbz.ch"|"n@g#e3-syODjg-zJwEN&"
"renee.deleek@edu.tbz.ch"|"SYRgCF-B&UyQE-0uEOtr"
"boerje.rudderham@edu.tbz.ch"|"xKpmZT-NWVTf7-UmJOGj"
"marylene.broune@edu.tbz.ch"|"U7BouT-NNg%sw-WfiegS"
"nadege.mccuish@edu.tbz.ch"|"jU3J0C-l@$Znh-bPLgv7"
"anael.littleover@edu.tbz.ch"|"dBIIOO-24DZFc-HObkZ@"
"lie.baume@edu.tbz.ch"|"tmE4zu-#msit$-yiIx#o"
"maella.murrow@edu.tbz.ch"|"mXtw2U-ZtSeEN-D2j9sE"
"cleopatre.pettifor@edu.tbz.ch"|"kAu68Q-0WVeao-CyzYbM"
"geraldine.asker@edu.tbz.ch"|"5NmGzo-fKBq#d-nVqK2h"
"gaetane.smedmore@edu.tbz.ch"|"Lt$Whz-lonrAb-Jve7jt"
"meryl.blencoe@edu.tbz.ch"|"O44hRi-74KCMJ-xt6n6i"
"aurelie.chastaing@edu.tbz.ch"|"evi7oz-HNmhgT-NCddcP"
"oceanne.marthen@edu.tbz.ch"|"v&5Gba-0%o4of-cQSbbC"
"dorothee.burrill@edu.tbz.ch"|"675%Um-L2GFjC-tFHqsR"
"hakan.belden@edu.tbz.ch"|"7y2LAO-L2F9K6-oG73jN"
"celine.brunning@edu.tbz.ch"|"Z@DOJV-$W06Uc-tTjXK6"
"anael.lapides@edu.tbz.ch"|"2oOgxJ-tSxQdS-cdCBFO"
"ruo.saffran@edu.tbz.ch"|"LxqcC1-0iEeMJ-BAldKa"
"loic.gerretsen@edu.tbz.ch"|"6VVjhs-@N4yJm-pBm4V#"
"rui.fitzer@edu.tbz.ch"|"mHB@KM-c0BpO6-564A6S"
"annotee.ogers@edu.tbz.ch"|"Pt0SoZ-ZKRtrz-iuMtPH"
"boerje.bindin@edu.tbz.ch"|"yprBlx-fAg77@-Qd5B9$"
"ma.cronchey@edu.tbz.ch"|"h#VD2Q-goRPQF-o78kQz"
"laurelie.baiyle@edu.tbz.ch"|"Z1&WpD-jhCo38-rMZ4hB"
"dorothee.older@edu.tbz.ch"|"YuQCAu-IpG9sA-aMZZGh"
"laurena.wile@edu.tbz.ch"|"RtRNJG-9TsU5c-tNXewt"
"clemence.brito@edu.tbz.ch"|"PY7eCj-avJQCa-ud@CK$"
"nadege.dallin@edu.tbz.ch"|"2SiwTb-0ed3oX-Z7ByGz"
"mailis.matley@edu.tbz.ch"|"WRFgBI-oy1etv-06EJby"
"daniele.screaton@edu.tbz.ch"|"&u9n67-8BwOJL-sBaOyF"
"mediamass.godly@edu.tbz.ch"|"PZlGOw-9f5hXj-Hgi#jf"
"leone.kremer@edu.tbz.ch"|"R43Jmc-JGT6FJ-trxe9C"
"asa.adrian@edu.tbz.ch"|"zdjRnL-WunY97-Ey1%Kl"
"adele.doley@edu.tbz.ch"|"7yvkJV-VEiPJy-3X9Cli"
"fei.sidney@edu.tbz.ch"|"HuuimY-AEmMuJ-v62kep"
"marie-josee.walisiak@edu.tbz.ch"|"wJTRGD-ZSeqPz-#pLeyp"
"desiree.diplock@edu.tbz.ch"|"&eNwbc-z52cLY-Rrfxsd"
"gisele.schust@edu.tbz.ch"|"xax@XV-bwFQNY-YKI10X"
"ma.longshaw@edu.tbz.ch"|"w4Qwui-372%mK-U2%XZq"
"da.boother@edu.tbz.ch"|"WZWuP7-RN5@nh-V0uvNu"
"simplifies.chaudhry@edu.tbz.ch"|"H&X1Nb-jCumt0-TISZIV"
"garcon.baniard@edu.tbz.ch"|"&ReFAv-t3ZQmj-6k3nVt"
"gaetane.elphee@edu.tbz.ch"|"cyQWnf-jBCQO6-99nh$H"
"gisele.hassey@edu.tbz.ch"|"KxNuDW-UAE3Fx-gcBC@3"
"oceanne.booley@edu.tbz.ch"|"MOAfL1-DhTegi-DZGX7C"
"oerjan.dibden@edu.tbz.ch"|"T&0fvq-F2coIY-8#kaTj"
"regine.ocleary@edu.tbz.ch"|"4TxH4f-IVNFwt-Ujf#k&"
"selene.persse@edu.tbz.ch"|"Aaat8h-fPxJJH-Bp7dB1"
"helena.adenot@edu.tbz.ch"|"ZatC7F-uCo3Zo-nveh73"
"maelann.wassung@edu.tbz.ch"|"Rn73wl-po1QE@-0&CaND"
"frederique.ackermann@edu.tbz.ch"|"YrKmYo-Fmkp@C-64gP$A"
"audreanne.kahen@edu.tbz.ch"|"dfk&IX-FweV0T-XgvHEC"
"maiwenn.lasty@edu.tbz.ch"|"MRD73h-DOGFQr-Khx9Fl"
"yu.dictus@edu.tbz.ch"|"83lV9H-cwgR1t-D2aqKw"
"anae.dukes@edu.tbz.ch"|"7eIuRa-noT$7u-FaQlM2"
"yenora.warr@edu.tbz.ch"|"jUNwX&-QJsYoJ-948bmX"
"esbjoern.archibold@edu.tbz.ch"|"MWnjNl-xFnBzT-8RHlUs"
"milena.pardal@edu.tbz.ch"|"eo1ksi-qrE#zG-s4k8$V"
"celestine.graveston@edu.tbz.ch"|"Jro#qx-w638KN-vEF%3#"
"maena.dallas@edu.tbz.ch"|"J8md6b-7JbPji-a9fBBI"
"andree.tuke@edu.tbz.ch"|"%62Z@L-7U&gB#-q7k%SR"
"methode.seldner@edu.tbz.ch"|"BXTGYW-PJms3o-saLt1w"
"venus.bullas@edu.tbz.ch"|"zajx&l-MvOQdC-obpMb#"
"mans.aguirrezabal@edu.tbz.ch"|"qfGdZF-aFSJcM-WU5DRH"
"gaelle.eadington@edu.tbz.ch"|"k@M2Pn-vZhikm-&n@%a3"
"anaelle.falkner@edu.tbz.ch"|"U%khy6-W47beD-PiuMtn"
"ophelie.height@edu.tbz.ch"|"mha&VF-Z0e%8%-fz@NU0"
"marten.bolding@edu.tbz.ch"|"dmjVzP-9rRDEV-EjEaEg"
"pelagie.guswell@edu.tbz.ch"|"VJKO@j-#FvZH4-Wp&9ed"
"gwenaelle.lecount@edu.tbz.ch"|"sh9#dJ-k7Wv@K-nSh9VD"
"hakan.laden@edu.tbz.ch"|"ECB%13-5vM&%c-z6cuS4"
"marie-josee.hylands@edu.tbz.ch"|"#ubIgQ-vYXHaY-ad1VQU"
"zoe.kingshott@edu.tbz.ch"|"&YbhWG-5Hvhay-oo#&ne"
"josee.janous@edu.tbz.ch"|"NnoHw9-I1LsP8-vzfhIc"
"laurene.gallally@edu.tbz.ch"|"jwsMH@-z7D4$I-MNXaJi"
"anael.bickle@edu.tbz.ch"|"HkzPCo-LzwaKM-xrW44S"
"mediamass.lebbern@edu.tbz.ch"|"LpzhHZ-5dcbCc-owOAMh"
"berengere.hovy@edu.tbz.ch"|"NiBqMk-#wMl@g-lmH#YY"
"oerjan.kilmurray@edu.tbz.ch"|"l9PVLo-i$JRrZ-swPMQN"
"asloeg.venny@edu.tbz.ch"|"DMe6Iy-Lwb%wV-3nr&tV"
"marie-noel.stoad@edu.tbz.ch"|"$YTazV-G16qp#-GxRsRW"
"hakan.pettifor@edu.tbz.ch"|"f@4g0C-E6ZefI-9NT87w"
"maella.willgrass@edu.tbz.ch"|"o9ruWc-MMHJTp-AKzUo0"
"therese.ludovici@edu.tbz.ch"|"r@IyFx-#7%zMN-OOvuTo"
"stephanie.trewhitt@edu.tbz.ch"|"54@RQ$-r0uehr-ptuhh&"
"maerta.bauduccio@edu.tbz.ch"|"oM&MN5-lkbhT1-i5fuTB"
"gaetane.glaisner@edu.tbz.ch"|"k8GYno-CIz0Qv-T$Fibi"
"naeva.pargeter@edu.tbz.ch"|"LpaX58-kbjehc-tTq7G$"
"salome.venable@edu.tbz.ch"|"jGmsXX-wi%hfP-y31sdW"
"boerje.thickett@edu.tbz.ch"|"DXkv7C-UbKBGt-g%wG1n"
"lucrece.prendergrass@edu.tbz.ch"|"Z6HCs#-Ftd5%s-13kE7w"
"laurene.ockleshaw@edu.tbz.ch"|"djK72i-2Dkggj-8gp1B@"
"cecilia.pasticznyk@edu.tbz.ch"|"4XBsnF-NuPAnl-fTZ89P"
"stevina.mackey@edu.tbz.ch"|"&3yd06-oI#Hye-LbdFPA"
"marie-noel.reven@edu.tbz.ch"|"lgxTbm-$tBbvo-ScNcVx"
"melina.quilkin@edu.tbz.ch"|"WH#DHg-7Af3cq-pSMb5x"
"marie-noel.ferrie@edu.tbz.ch"|"lq1B9h-jU26p#-Wys@qJ"
"leone.alphege@edu.tbz.ch"|"gkn%bj-f9WbgV-d3t@kb"
"zoe.leverson@edu.tbz.ch"|"kmGkyA-r@mHt7-XMlucp"
"annotes.grayne@edu.tbz.ch"|"G7C1kZ-qduQvb-ByyUJ2"
"faites.lalley@edu.tbz.ch"|"bUFMZp-hl&TmN-T78o0N"
"adele.wallis@edu.tbz.ch"|"Xko#wK-l#wWCN-5QQQGJ"
"severine.madill@edu.tbz.ch"|"nwKpnw-T@VWZB-snWlqX"
"valerie.tebb@edu.tbz.ch"|"Z$zysY-gAGVF5-dFDwLN"
"kalliste.rasper@edu.tbz.ch"|"BWcoOU-18sCSz-SOdSZP"
"audreanne.palomba@edu.tbz.ch"|"cmA5jp-KfgJZh-qC3$Z0"
"elea.adamik@edu.tbz.ch"|"EtdA#Y-zx1Dss-xxs@6Q"
"reserves.jakuszewski@edu.tbz.ch"|"Mra2Ck-cr7g5O-OmrlBd"
"athena.belhomme@edu.tbz.ch"|"r#dEZF-0MJCkJ-ugFE6N"
"rebecca.crippin@edu.tbz.ch"|"334GpU-bthg1j-7b3uU0"
"maiwenn.curman@edu.tbz.ch"|"FwRSBF-yCBzZ2-a65z3x"
"andree.bunner@edu.tbz.ch"|"dVmT#p-lv89TU-o75#cW"
"ruo.winckles@edu.tbz.ch"|"BdS8ly-pdzR2w-o$#ujO"
"naeva.buntine@edu.tbz.ch"|"eXY5vl-jv&70H-2n7cQ2"
"boerje.dollard@edu.tbz.ch"|"GjXWmB-BEScXz-byvqc#"
"penelope.gorman@edu.tbz.ch"|"0Q2to$-FZ#leu-fL#dyX"
"alois.robelin@edu.tbz.ch"|"R4&xkI-SWEX9K-rsT3$t"
"anaelle.tindle@edu.tbz.ch"|"PK$nUv-f$jwES-UfgKOL"
"ye.frears@edu.tbz.ch"|"Uw5EgQ-sqmsp5-8kybWH"
"andree.ovid@edu.tbz.ch"|"rJwyCx-e$It%V-r0jw&8"
"hakan.peat@edu.tbz.ch"|"ZT#uvI-keCqYD-dRYJr#"
"andre.januszewski@edu.tbz.ch"|"pWF#GI-yD2X7F-y3k0Mw"
"annotes.clemmett@edu.tbz.ch"|"HDFIrl-WaCSV@-X@K53s"
"pal.lambswood@edu.tbz.ch"|"ig1#kW-SbwRIQ-@W3s$Y"
"yao.lenton@edu.tbz.ch"|"K7D1Fh-2OJ@I#-$7idmR"
"hakan.boyton@edu.tbz.ch"|"OoV8W@-SI6lh@-LGlDTO"
"nelie.forsey@edu.tbz.ch"|"wBhiKV-%LnbpD-7ABLyo"
"hakan.horche@edu.tbz.ch"|"YDcL9n-7TMN7P-Uvd4Ky"
"lorene.sinkings@edu.tbz.ch"|"U0fZmZ-RifDZa-OUV9mu"
"marie-therese.creddon@edu.tbz.ch"|"Q@EPGN-&czEzi-qmm3G2"
"berenice.tolworthy@edu.tbz.ch"|"w95twf-3fdmGZ-iBs7qu"
"theresa.land@edu.tbz.ch"|"epDACx-1bJvxa-fGm#9j"
"marie-therese.gianilli@edu.tbz.ch"|"PfkR2G-I8m67q-FBn09E"
"meryl.glew@edu.tbz.ch"|"Ivi#VK-ZNBEF$-qnkr$s"
"adele.debling@edu.tbz.ch"|"63m9ml-yt11x$-6V$Z&m"
"anae.metzke@edu.tbz.ch"|"gOU4G4-RcPx@i-&tQ#k1"
"gaetane.gooden@edu.tbz.ch"|"kdUt8b-iMyBVq-lUHXxs"
"laila.bootland@edu.tbz.ch"|"VLkk4H-97BrU0-e9djPY"
"maite.helsdon@edu.tbz.ch"|"$xB$wn-qkk$IG-NPNxh%"
"andree.malley@edu.tbz.ch"|"mpMr&X-G1Gpk1-ERnyF#"
"pal.simmens@edu.tbz.ch"|"fWUTg9-7nsCk5-J#iZ&Z"
"maelys.nuccitelli@edu.tbz.ch"|"QRd6UU-7PfN55-pEL659"
"dafnee.sibary@edu.tbz.ch"|"s3HzOA-5G2a$5-@aJy6@"
"alois.harsnep@edu.tbz.ch"|"1FZ%vH-mr&iIb-c0NA5v"
"marie-helene.lacky@edu.tbz.ch"|"SS3HKe-%LXJOP-xh7gLk"
"mylene.youthed@edu.tbz.ch"|"Al7wmB-9u2y6w-&oA60D"
"marie-helene.dehmel@edu.tbz.ch"|"ErQUBx-m#lu&y-Pkf4an"
"angele.batman@edu.tbz.ch"|"flWnej-p%y0pL-8DrOua"
"melia.younghusband@edu.tbz.ch"|"3uV0Hl-IArJVM-ao3v6V"
"eloise.baldi@edu.tbz.ch"|"w7swGT-nGWuj6-AYCMKo"
"illustree.dun@edu.tbz.ch"|"lIKvpx-czMdgK-iPVfDI"
"genevieve.late@edu.tbz.ch"|"gwunic-M@DANU-aEXvet"
"celestine.colville@edu.tbz.ch"|"uPP9F#-o%6wN5-p0wZ06"
"gwenaelle.scarlon@edu.tbz.ch"|"xmmjxp-lLV3$b-AyyI5W"
"regine.boddie@edu.tbz.ch"|"#FbCkS-AyRW%j-2IZBUc"
"creez.gaughan@edu.tbz.ch"|"JIXqE$-k#7bDk-RHeVwW"
"gaia.longford@edu.tbz.ch"|"0oCARj-GVLs47-XqSucT"
"mailis.buckby@edu.tbz.ch"|"yHXlOB-zS#SWD-pyuchl"
"song.parbrook@edu.tbz.ch"|"kH9RNe-iCbjJ3-BOTjtr"
"frederique.heddan@edu.tbz.ch"|"%gOrag-kumwS4-bCuNjq"
"ake.kirtlan@edu.tbz.ch"|"2iTXyl-@p$DTE-racTG6"
"nelie.runciman@edu.tbz.ch"|"XK979M-lHBouz-4Nc63p"
"mailis.cardnell@edu.tbz.ch"|"6YLVXs-ih0#90-vsDFyb"
"irene.navarro@edu.tbz.ch"|"pAWZme-jVMRq4-LjDeDo"
"maite.cough@edu.tbz.ch"|"s3@wlb-Il#qNy-Aj#sKP"
"anaelle.stocky@edu.tbz.ch"|"TQOpPh-l9OGOa-Ce@@0B"
"methode.moulder@edu.tbz.ch"|"5wj%uK-z8GVf1-dPHhqw"
"po.stafford@edu.tbz.ch"|"DgEsWl-Dss0Gc-sAj522"
"faites.scraggs@edu.tbz.ch"|"6S$1rP-KBqVt$-OqLRRf"
"adelaide.dullard@edu.tbz.ch"|"OTAzv0-Rr%5Go-fH6WFc"
"desiree.leonard@edu.tbz.ch"|"Z2razj-OvU@vc-As5fz1"
"geraldine.badgers@edu.tbz.ch"|"6sIFMy-XIG4xy-UetbcG"
"ruo.masic@edu.tbz.ch"|"wgTGLn-HxNI2q-DGs6Li"
"aurelie.lieber@edu.tbz.ch"|"yPZsh0-p0%@o4-vKjreb"
"naelle.balcock@edu.tbz.ch"|"WRXj56-Ro8i0H-5wbU19"
"camelia.elger@edu.tbz.ch"|"HB1DRQ-#hK&5N-dipoJW"
"publicite.oakeshott@edu.tbz.ch"|"xzD1@b-ecvsfr-jnOwsS"
"cleopatre.fawley@edu.tbz.ch"|"op9CXU-5e@yQc-hlep6L"
"laurene.bruckmann@edu.tbz.ch"|"HNvwnF-O8T&TG-UMDVL2"
"rui.haughton@edu.tbz.ch"|"kk%%fi-G$%qA%-8Aqikh"
"asa.ladewig@edu.tbz.ch"|"uXgvMN-aJ&gkI-KLhTKq"
"gisele.janecek@edu.tbz.ch"|"3faxzt-IDlSBG-kpu1x6"
"maily.loveridge@edu.tbz.ch"|"DiBHUa-a$3spc-cmcQb1"
"marie-eve.yurkiewicz@edu.tbz.ch"|"Xp0S6e-JXqC8L-oDqGyp"
"fei.roder@edu.tbz.ch"|"@X5mCP-CuSA#A-mxHECP"
"edmee.chatburn@edu.tbz.ch"|"1XMJj2-$qjnjN-gfvdOF"
"geraldine.darke@edu.tbz.ch"|"yf$oll-ZtNtu#-ph6Q65"
"ye.jira@edu.tbz.ch"|"6vT&%G-#ix0VE-Dond%u"
"publicite.persent@edu.tbz.ch"|"%IwfTY-m82lOh-jhQwXN"
"severine.wilcox@edu.tbz.ch"|"w1$@GU-PWq3tM-Na15xX"
"yao.mcclaren@edu.tbz.ch"|"vX8a$s-BVJYQX-Axq3iK"
"theresa.foynes@edu.tbz.ch"|"1FVe8d-cUhGsl-y&bflw"
"stephanie.isley@edu.tbz.ch"|"3aT0#3-4$4fFV-NAOX7s"
"torbjoern.growy@edu.tbz.ch"|"fV14#L-Zfnyr2-6BvwpI"
"eloise.tunnadine@edu.tbz.ch"|"bCOcMS-bm#c&g-k3ljN#"
"maeline.cossentine@edu.tbz.ch"|"k#k2Ys-aolkWr-cAo4Sb"
"nelie.desantos@edu.tbz.ch"|"CoWYtz-FOippu-nKVGlt"
"gaetane.axston@edu.tbz.ch"|"evEoNJ-Up0agl-fkE9nH"
"aimee.merman@edu.tbz.ch"|"uUlkCR-BD8gGs-tPqGp1"
"oerjan.drivers@edu.tbz.ch"|"LhoIYU-FyvBH8-GXLM@b"
"aimee.miroy@edu.tbz.ch"|"7sZ1ry-IsgaoW-vbYpQb"
"nelie.glyde@edu.tbz.ch"|"&ZxI5Q-wPg9t5-YK%8jo"
"hakan.kapelhof@edu.tbz.ch"|"lw6yHT-yguoxX-9LAtSm"
"maelyss.cauley@edu.tbz.ch"|"nB4OT6-HHJZJP-@Bokrl"
"elea.vaggs@edu.tbz.ch"|"BdxyXe-PkkOCg-P$SmWO"
"maelys.but@edu.tbz.ch"|"mqwmnW-v#J6$7-4Q3P5U"
"maella.arthurs@edu.tbz.ch"|"YgTIS4-ZO&Uni-81Q&Y$"
"adele.liebrecht@edu.tbz.ch"|"KeVDd6-TgcnxP-cztNi&"
"meline.lomasny@edu.tbz.ch"|"lL$jBH-2Shm%i-52nZ0E"
"mediamass.schwant@edu.tbz.ch"|"Fvn2ub-rTRKhN-u#y96x"
"leone.saunt@edu.tbz.ch"|"5F6FPp-IAUslg-c$MWpW"
"annotes.gouch@edu.tbz.ch"|"9$cZIp-GLm38T-b0qdMl"
"gaetane.bowich@edu.tbz.ch"|"vATv9N-NbpuN7-djF%7R"
"alizee.strelitzki@edu.tbz.ch"|"Zso&zi-B@1ss%-vRCTVE"
"leone.poile@edu.tbz.ch"|"N2YP5Z-KgtS%3-0#wRe@"
"amelie.saban@edu.tbz.ch"|"Gk6YF8-5U2OHZ-AOWueX"
"marten.mcmenamin@edu.tbz.ch"|"OZAJDk-j%QtsO-2NyZwm"
"becassine.keets@edu.tbz.ch"|"7YiR2C-C2P92O-I#jv81"
"celine.million@edu.tbz.ch"|"0T5SGa-WCnwl$-L4XCZp"
"geraldine.belitz@edu.tbz.ch"|"GKB%m0-FLgzeG-OmE28Y"
"salome.mardling@edu.tbz.ch"|"bZlteZ-d4dC&T-zY6Cjd"
"melia.blakemore@edu.tbz.ch"|"PS&C#K-gOunFH-FnI@1k"
"dafnee.mcaulay@edu.tbz.ch"|"4ZrQf#-YUVBci-UCL1tk"
"garcon.dennett@edu.tbz.ch"|"eInaHN-r$%tt#-CzUeN6"
"interessant.lesor@edu.tbz.ch"|"SnfreU-MZb8Rj-m5MPjl"
"annotee.wasbrough@edu.tbz.ch"|"sDDD&@-1a38nZ-uIequl"
"asa.ibbeson@edu.tbz.ch"|"pYO#t2-LCxi@N-TcECvD"
"maily.kennealy@edu.tbz.ch"|"ZecQ7U-k#g7eT-kBraCt"
"ye.seares@edu.tbz.ch"|"iyeEvl-uWje&x-QUZLKO"
"athena.harbron@edu.tbz.ch"|"Cq%7Ge-1EyJ8&-hO&C93"
"andreanne.portail@edu.tbz.ch"|"wVMJVD-yoBmOO-WOpGVd"
"goeran.zannelli@edu.tbz.ch"|"WfFSX8-0jM#wa-%wtVIb"
"gerald.leathlay@edu.tbz.ch"|"T7s4d#-yylz4I-ND#kzQ"
"andreanne.chown@edu.tbz.ch"|"cI0VPn-bBm4Wr-KCPsAu"
"esteve.clementel@edu.tbz.ch"|"u9ExYd-5k%rok-p8MHbD"
"leone.legan@edu.tbz.ch"|"i0L4#N-KjtR0i-spSyJ&"
"maena.pownall@edu.tbz.ch"|"1ZBrJl-vFWCHp-F5YECZ"
"andree.rettie@edu.tbz.ch"|"IjAzcV-suFMtP-VpKZ70"
"ines.kenwrick@edu.tbz.ch"|"HtEDBl-#KFaXI-hwLd63"
"marie-helene.yarnall@edu.tbz.ch"|"cNJ@Sj-5cjS1O-OG5%Ug"
"po.martin@edu.tbz.ch"|"F%T1zG-#sQ5j#-vtYVcC"
"ruo.celiz@edu.tbz.ch"|"dWl@ua-8pQQMk-eeEkfV"
"po.bissett@edu.tbz.ch"|"7&PP5D-a1W@@t-Q@t6fs"
"du.swindon@edu.tbz.ch"|"QCTF0K-vGYQx@-giAd#x"
"interessant.gouldthorp@edu.tbz.ch"|"wMIB&t-i%uPkE-9&awZ@"
"leandre.lilburn@edu.tbz.ch"|"T$Teud-6B8&TT-1tlVnr"
"bjoern.whales@edu.tbz.ch"|"G@SPcB-L88qO3-HjMeol"
"interessant.dieton@edu.tbz.ch"|"xLrPqL-e0Y5Zb-PL5IBM"
"celestine.redhills@edu.tbz.ch"|"Usz7kx-7P4HGX-v2lCdD"
"tan.yakovlev@edu.tbz.ch"|"#XOPJJ-d&Cz@V-gw@wYb"
"regine.mcdowell@edu.tbz.ch"|"@1rYV3-1SO0D8-NrBpMG"
"ju.coysh@edu.tbz.ch"|"G$JJ#w-WJOmN8-J5T@wR"
"reserves.ofallon@edu.tbz.ch"|"VLlxHC-MQ2lNd-qmkGKk"
"frederique.sobey@edu.tbz.ch"|"s%NVT5-WA3Qjl-dYeC7Y"
"marie-eve.garstang@edu.tbz.ch"|"@vCMic-u5T2wv-FHIDQ8"
"andre.tapin@edu.tbz.ch"|"sONYCE-Gtn&Md-q8#xjx"
"esbjoern.eynon@edu.tbz.ch"|"SJrXwy-VE9VmY-wJGcs8"
"maella.duffy@edu.tbz.ch"|"zUES8o-eOEj1v-oiP#R6"
"leandre.twinning@edu.tbz.ch"|"%4hD$c-DgNz5d-iCH%iW"
"mai.whittingham@edu.tbz.ch"|"qFdQ&@-C%dpnR-lFPUut"
"rachele.shevelin@edu.tbz.ch"|"vyaKre-oK$eiy-LH7qbZ"
"cecile.mcure@edu.tbz.ch"|"lGuf0Y-kycvE1-qHCP0D"
"marie-eve.yurkevich@edu.tbz.ch"|"B%PG80-NjpaF6-SfpBey"
"almerinda.paice@edu.tbz.ch"|"$uBCaO-h5N#2t-#hl08x"
"rao.howkins@edu.tbz.ch"|"C0Rg1U-ds#N04-WG$S6e"
"serena.pack@edu.tbz.ch"|"flu80c-h4KR8m-9MkZGR"
"rebecca.mant@edu.tbz.ch"|"oEa4J4-IgM48q-#dlcVh"
"reserves.spitell@edu.tbz.ch"|"f28n2R-s8W#s@-jgxaLf"
"garcon.hamfleet@edu.tbz.ch"|"Y5E9@u-Si4b3C-Sr%g%#"
"methode.kerkham@edu.tbz.ch"|"a5yhWB-qJ0rSW-5Ojgm5"
"pelagie.camies@edu.tbz.ch"|"7CUdJ&-jP005C-qgbjyf"
"josephine.macpharlain@edu.tbz.ch"|"W&z@po-xBZ$gK-0qt@we"
"eugenie.mathet@edu.tbz.ch"|"rulxpI-%mqUpU-Bfqyml"
"gaetane.brangan@edu.tbz.ch"|"xv@y7u-%q3s8J-h9TArL"
"michele.dewbury@edu.tbz.ch"|"M#CTgl-6ovtD@-Fh1GT#"
"eugenie.elcott@edu.tbz.ch"|"L1Xk9y-Keddw5-NILjXM"
"megane.harniman@edu.tbz.ch"|"E5U1G8-%&$R%f-Z#$WU5"
"agnes.cluney@edu.tbz.ch"|"s8cH4q-kSGPyD-oiGvI4"
"marie-helene.angear@edu.tbz.ch"|"49n7R8-ECuTLO-lBw3F4"
"melia.dolphin@edu.tbz.ch"|"nCh5EI-V4o7gg-Jflk5h"
"lois.ruseworth@edu.tbz.ch"|"zpuJNw-$XfKnp-puHJFu"
"mailys.ryding@edu.tbz.ch"|"ylyh9y-K04HhZ-FhnPJL"
"rachele.wulfinger@edu.tbz.ch"|"1zo%Z5-NbGP%S-Q2vikY"
"gwenaelle.talton@edu.tbz.ch"|"XEmOPU-@eBGk&-WN@J4T"
"long.ronchetti@edu.tbz.ch"|"3ncPPs-UJmU0C-pe2IxZ"
"styrbjoern.kloska@edu.tbz.ch"|"qeVKMf-ox43a9-xys0FC"
"len.sudran@edu.tbz.ch"|"us0Ixg-uj6FWu-9aLuJ8"
"maelle.andrysek@edu.tbz.ch"|"6WxB8K-%1uVyG-3SObsF"
"selene.senior@edu.tbz.ch"|"x&mhsz-ilBSY#-9n2zk1"
"anais.joskovitch@edu.tbz.ch"|"yJtTa$-lEslJU-M$ayWV"
"marie-noel.dally@edu.tbz.ch"|"Z1yb#k-sZUmtf-2P#J3&"
"marie-helene.laurence@edu.tbz.ch"|"VjUtgC-U#D7V&-YXXjaq"
"camelia.foxon@edu.tbz.ch"|"v2Pbi@-AOsY8Q-rjST9o"
"helene.cankett@edu.tbz.ch"|"BgBLCK-wzUOG#-ThbV#o"
"marten.mitchelson@edu.tbz.ch"|"CoYagQ-&VPENC-dEUiTh"
"helena.stirtle@edu.tbz.ch"|"$2cZsJ-61xd@%-FulMbd"
"leane.barmby@edu.tbz.ch"|"gP3ouq-Iphf44-2wdL8s"
"goeran.ofinan@edu.tbz.ch"|"xlqfaI-JsAv83-tljgge"
"styrbjoern.proby@edu.tbz.ch"|"ml84j7-OiDGSk-0XqYE7"
"zoe.halse@edu.tbz.ch"|"eKkWT3-2fJbSh-AtaNMA"
"kui.drable@edu.tbz.ch"|"f4$yIE-u0wGEK-DijRsf"
"desiree.bamford@edu.tbz.ch"|"qZni5e-jjfU&e-Q04C&K"
"zoe.suller@edu.tbz.ch"|"&DaPqJ-8FFOSI-$Nngvb"
"marylene.audiss@edu.tbz.ch"|"5BMb&1-RLi8dr-6bkGIR"
"adelaide.poznanski@edu.tbz.ch"|"G2hDv8-kk9Cvl-N6CLip"
"maella.coleyshaw@edu.tbz.ch"|"Ei79EX-SKOdS@-s2sG@O"
"marie-francoise.gelder@edu.tbz.ch"|"fSJD5g-%8alMW-9yru3C"
"eleonore.chaffyn@edu.tbz.ch"|"04dJVb-XomW9X-1qF1bB"
"celestine.sikorsky@edu.tbz.ch"|"dMfVYw-L8q@BC-XLB#zZ"
"stevina.londsdale@edu.tbz.ch"|"uB#&$4-ljvB3a-29z5fS"
"maiwenn.nevitt@edu.tbz.ch"|"Xh8e$L-KWqZ00-CtfqR9"
"magdalene.gerrey@edu.tbz.ch"|"JkXT9e-&QoSfs-x6j%4G"
"becassine.latimer@edu.tbz.ch"|"7kY2VM-nI6hr2-7#1Y%A"
"da.lethibridge@edu.tbz.ch"|"xIsvak-jWgjXL-1eb5t%"
"mailys.claige@edu.tbz.ch"|"pSNOXA-Ji@BO#-vevv2l"
"maena.torbard@edu.tbz.ch"|"AM$rTF-NxLwGV-K0aDiC"
"solene.lyvon@edu.tbz.ch"|"zi&Oce-$smvH2-nYYxPo"
"marie-therese.benbrick@edu.tbz.ch"|"31wt#F-te4Wm#-ED&wKZ"
"gerald.edmonson@edu.tbz.ch"|"rmOG%k-%Obb7I-Yo4RYo"
"ake.messruther@edu.tbz.ch"|"vj@u91-xazPbi-10JCqx"
"men.gosneye@edu.tbz.ch"|"VVQHuZ-MJ9Kbg-I5djrW"
"anais.jefferys@edu.tbz.ch"|"7nzZaM-bQe#7s-wIS@Kf"
"publicite.tregale@edu.tbz.ch"|"34ykV0-S@@hT3-BMsf@m"
"maily.santorini@edu.tbz.ch"|"0QHe68-tbdgwv-Mye5yz"
"ines.pioch@edu.tbz.ch"|"l4ITrB-jXwKm4-87aXal"
"noemie.marklew@edu.tbz.ch"|"Vn25g1-ILS1mF-rUvESH"
"meghane.maccaffrey@edu.tbz.ch"|"FI2nFc-Rop561-@&Or1w"
"berangere.ambrogio@edu.tbz.ch"|"hztHiv-l9QvTO-0Wje2E"
"mediamass.ryce@edu.tbz.ch"|"JlyUnb-&K76Pm-8XcLKe"
"oesten.ubank@edu.tbz.ch"|"UFlouu-GlZWio-Dmn11X"
"melina.mackee@edu.tbz.ch"|"#Egf8n-CqJCa1-e4L3Pa"
"theresa.livezey@edu.tbz.ch"|"mxL2md-ph3y9N-cOcDZe"
"clemence.weal@edu.tbz.ch"|"HfJv5O-oTtWNg-kbV4D5"
"faites.overton@edu.tbz.ch"|"FA0k#m-sa2bHg-jSfTyk"
"clea.lindblad@edu.tbz.ch"|"zr%hZb-QFB&f&-odi@q%"
"josephine.roseaman@edu.tbz.ch"|"x15%9h-TSgyJQ-e$PnPg"
"oesten.lowbridge@edu.tbz.ch"|"0@5s$4-IM5gs3-4y#&Pv"
"marie-josee.brion@edu.tbz.ch"|"3LMOz3-mBi0gf-ifGj5#"
"therese.basili@edu.tbz.ch"|"hWLyC#-3P%M#3-mSTk6q"
"melia.vertigan@edu.tbz.ch"|"iMTT5l-#Y2tzj-28WsZg"
"judicael.saull@edu.tbz.ch"|"ReY%7$-mi%gEC-Ve%ppK"
"selene.valentine@edu.tbz.ch"|"fK3%BQ-7YUnv%-wc3MKw"
"verane.dunlap@edu.tbz.ch"|"Bl2quG-WoigOz-0fnnUX"
"meline.kinnear@edu.tbz.ch"|"MmZWfq-t2A2Fu-%LgHLi"
"lei.luttgert@edu.tbz.ch"|"jXaG%z-jLm6ea-8kd2cG"
"styrbjoern.lathleiffure@edu.tbz.ch"|"CEX8YZ-D$RfJu-Y7KPTD"
"marlene.blasi@edu.tbz.ch"|"$eM5W#-AHO$nW-AegaHu"
"mai.begwell@edu.tbz.ch"|"8O7bYy-AbH5ap-q0jn8Q"
"gwenaelle.kaines@edu.tbz.ch"|"8hzjrX-VYyEbb-f$ft1w"
"gerald.adamthwaite@edu.tbz.ch"|"LL%8Ad-O4&%Al-TSXLe$"
"kui.hartfield@edu.tbz.ch"|"4gxM6H-IvXh41-Ip2h0G"
"salome.currao@edu.tbz.ch"|"3E$5M8-rLZ6&I-W4TS1R"
"angelique.tixier@edu.tbz.ch"|"$cctOE-TMMTLv-kBVICY"
"ju.mcgragh@edu.tbz.ch"|"R1d$2P-lfchsO-wCSnNk"
"dafnee.beachem@edu.tbz.ch"|"TCDjjX-G5%Vsd-xucpkB"
"creez.terlinden@edu.tbz.ch"|"Lay#Au-uAsTdv-g6xdOq"
"uo.mcskeagan@edu.tbz.ch"|"Vu2yOL-m3uOVG-5x9Dhn"
"edmee.mccaughren@edu.tbz.ch"|"QKCoix-PQdCbW-8KZehe"
"asloeg.cozby@edu.tbz.ch"|"WR&EGp-k1BjyY-kIn@mb"
"melodie.traite@edu.tbz.ch"|"UHwhEl-yWPwSo-Osb5pF"
"dorothee.aindriu@edu.tbz.ch"|"w1fvW#-%q&g6E-P9p1u$"
"daniele.doley@edu.tbz.ch"|"UQ6kI1-p0Ocw#-#0pNNC"
"mediamass.fairclough@edu.tbz.ch"|"6j4Ir0-RrR9%b-x1%kQY"
"lorene.rainforth@edu.tbz.ch"|"A4kGaF-pNlF#i-i@$tg0"
"leonore.eyer@edu.tbz.ch"|"4@6jUu-khMe8E-ujvawR"
"po.spillman@edu.tbz.ch"|"O52kfA-K3H%$&-EZzrTt"
"cecilia.plitz@edu.tbz.ch"|"lEz6NI-V3cr$A-Ptjmdb"
"lorene.ludlow@edu.tbz.ch"|"WkpwPZ-@#cY3b-SUNawT"
"berangere.neligan@edu.tbz.ch"|"bfgpVn-E@G9$N-iwFlo7"
"simplifies.huggan@edu.tbz.ch"|"Q4#OVd-T8ZfB4-KMOdpf"
"clelia.prandy@edu.tbz.ch"|"1pLRuM-h44MmK-@nxnD6"
"ake.osban@edu.tbz.ch"|"xF@Rnt-9P2jLq-PSIoLV"
"cunegonde.brunn@edu.tbz.ch"|"amiu#g-tUFnE&-KwNSp4"
"long.grizard@edu.tbz.ch"|"fOWv6@-kspca5-Q1NqkZ"
"meghane.diss@edu.tbz.ch"|"ltin7g-UdKPa&-2gYuiW"
"therese.oldman@edu.tbz.ch"|"1lv@A5-mxaeIq-FR1@Nc"
"boerje.scamerdine@edu.tbz.ch"|"$JarF&-qGEc4w-UP5ZTm"
"du.saban@edu.tbz.ch"|"nYwYah-wpdXBT-I$QScw"
"hakan.clynmans@edu.tbz.ch"|"R9Oevg-JgVaBg-8Mpr7L"
"wa.macdowal@edu.tbz.ch"|"6@GIW9-2mOxcB-VG6pIp"
"venus.hatrey@edu.tbz.ch"|"p532qe-$odMqE-ZiPioS"
"anaelle.vispo@edu.tbz.ch"|"%8da&L-jfRB0C-59zJ7f"
"mahelie.ollcott@edu.tbz.ch"|"AXXLMy-dRsuNG-O1w9pC"
"mediamass.whyman@edu.tbz.ch"|"whmHDL-MKrYsL-mS907Q"
"esbjoern.basson@edu.tbz.ch"|"k1s0qm-VRLWq6-r7Gh@F"
"andrea.morrill@edu.tbz.ch"|"qw#bNF-d&@60z-QN7bO1"
"melys.grassi@edu.tbz.ch"|"iwM23#-&slZ%9-E6JpoU"
"leone.poleye@edu.tbz.ch"|"r4HuwG-cs9GXA-M#57ba"
"francoise.penny@edu.tbz.ch"|"76WPyl-3D6OyS-Cc$7gU"
"rebecca.edney@edu.tbz.ch"|"xW907W-bZB7k1-46#y2b"
"adelaide.murtagh@edu.tbz.ch"|"Zctq7e-P&a2dN-6ttGL2"
"stevina.winterbourne@edu.tbz.ch"|"jmKhd7-LPbT%$-Rd3uyI"
"ma.cottom@edu.tbz.ch"|"qHuIVP-HKYtLY-pQ7VN9"
"tan.harold@edu.tbz.ch"|"HgKzLV-W@Rmfk-hBaolP"
"venus.forte@edu.tbz.ch"|"yeCOEF-4JkLIj-YRd9r@"
"almerinda.oluney@edu.tbz.ch"|"ygDa87-$Q2@hD-&1fjUp"
"cleopatre.brehault@edu.tbz.ch"|"eOkbxi-vutzpY-7Zg&UB"
"interessant.lapides@edu.tbz.ch"|"Yg54X9-kMTqLj-RhNiME"
"reserves.hallatt@edu.tbz.ch"|"yRLcik-&PTcnu-LtgT14"
"annotes.birdwhistle@edu.tbz.ch"|"ZjUpPc-nn4dp3-e74Qeo"
"ai.dredge@edu.tbz.ch"|"UL@9TL-REu8I0-wlJ1OC"
"megane.mussard@edu.tbz.ch"|"NWg6KH-8s9756-C2pG%A"
"esbjoern.gowrich@edu.tbz.ch"|"fM9F1&-Hh3u6p-5t%Plv"
"boerje.brislawn@edu.tbz.ch"|"RcOyqT-TV#F9k-Z$YJJ&"
"becassine.wilce@edu.tbz.ch"|"Q8lKYk-RX2C7M-v&l1BE"
"personnalisee.oels@edu.tbz.ch"|"5lGQKE-jyhXzO-bmlnSS"
"verane.pett@edu.tbz.ch"|"71VdHZ-LaMa2X-mLgh7Y"
"marylene.glewe@edu.tbz.ch"|"5G2uXw-&18AlO-yuPl#A"
"lai.elson@edu.tbz.ch"|"S#LCLm-WlrT&M-93xiCq"
"serena.difranceschi@edu.tbz.ch"|"W%szB6-XFKcW6-iQE&Nz"
"lie.espinel@edu.tbz.ch"|"u@xWEc-&Iw7WM-7Ej2cx"
"marylene.fantini@edu.tbz.ch"|"b2oFpT-oshDi$-XQrlnc"
"andre.archdeckne@edu.tbz.ch"|"jBr55T-H&wWW1-LO@5gq"
"goeran.bohlingolsen@edu.tbz.ch"|"ztkRrJ-zvHVhs-aOVQOh"
"cunegonde.heffer@edu.tbz.ch"|"d1VHfX-nifueS-%7H$&V"
"tan.fechnie@edu.tbz.ch"|"yCcVG6-hUG29$-Ec3&%%"
"marie-noel.brammar@edu.tbz.ch"|"9s8OYM-hYv%mt-JMGykU"
"simplifies.aven@edu.tbz.ch"|"6jMK9L-QteXmR-lxAQE%"
"melys.pinchen@edu.tbz.ch"|"5PYL#k-olBkft-lwCtwE"
"edmee.joyner@edu.tbz.ch"|"RqucU$-SyxMwi-8DDeVf"
"berengere.edess@edu.tbz.ch"|"EvcYj&-Z7QB&V-LA6T7b"
"marie-noel.goward@edu.tbz.ch"|"4B&60T-qwPs#U-oXvOAQ"
"ju.edmons@edu.tbz.ch"|"BV6OSZ-87Ba4F-C54jAN"
"frederique.airds@edu.tbz.ch"|"hWUzD&-W@7vs$-koi84V"
"reserves.dauby@edu.tbz.ch"|"%GRf4I-2D1RyT-1tPUWD"
"hakan.gynni@edu.tbz.ch"|"9Zoq4y-kfWZcJ-eDVSN$"
"leonore.pinwill@edu.tbz.ch"|"EEaGS5-IcOm9M-24BSYE"
"marie-eve.mcallan@edu.tbz.ch"|"PIE1Is-11UHHF-v2SzSd"
"naelle.yeabsley@edu.tbz.ch"|"7Wy6py-0yo6Md-$bQ&2x"
"nelie.jacobovitz@edu.tbz.ch"|"Zshu3u-6L2RY9-UjSRVu"
"adele.conelly@edu.tbz.ch"|"&IHJD3-Xc90mt-8sHW1E"
"clementine.dondon@edu.tbz.ch"|"a%C3AT-YlPtTI-xh$RVE"
"zhi.willcot@edu.tbz.ch"|"rKWZhS-$AxIF7-wjyHn9"
"chloe.janicki@edu.tbz.ch"|"ks7Nrp-@UkEJc-BsRGZ0"
"meng.linde@edu.tbz.ch"|"jvM9&C-agMsoZ-KOrJk%"
"celine.janisson@edu.tbz.ch"|"hsFu6Y-DgtO5L-Cfb&1O"
"clelia.crow@edu.tbz.ch"|"iDj0&&-fDBynT-isflm6"
"cecile.pyott@edu.tbz.ch"|"4iNwsw-1eYQao-BcBNKe"
"ma.fidelus@edu.tbz.ch"|"uSHj4k-ky3r%0-HV#b2W"
"marie-helene.poore@edu.tbz.ch"|"Yg7oja-1pZvi3-yEBAYF"
"elies.blanket@edu.tbz.ch"|"oJdGS4-8EhxCg-KM9h&i"
"yu.boyer@edu.tbz.ch"|"Xb5LCQ-ZDPT64-uC1N$u"
"celia.welds@edu.tbz.ch"|"Rgny#0-SX8PCD-yd&uRi"
"du.gunney@edu.tbz.ch"|"MvNrXR-sOjcoK-7rcTdu"
"goerel.crush@edu.tbz.ch"|"R#JiUa-2obyF2-6oiOb4"
"marie-josee.brosius@edu.tbz.ch"|"874zdH-xKW&Tu-kRAOxa"
"camelia.adds@edu.tbz.ch"|"6q@NOp-7o4&Nn-1FLBpu"
"anae.irwin@edu.tbz.ch"|"qYHWJo-Kv03Ky-tHrWGt"
"cleopatre.skeffington@edu.tbz.ch"|"8ztG&Z-ZLFhxN-LYg%Fn"
"gerald.suggate@edu.tbz.ch"|"kZjw9C-EGrfGI-lg7KTD"
"laurene.tailour@edu.tbz.ch"|"fFDHel-BCNHCC-CEw#TP"
"amelie.hoble@edu.tbz.ch"|"NmNQjp-ZxIkLd-r2eZKD"
"venus.getch@edu.tbz.ch"|"$ax33K-JTNCQz-Sw@qf3"
"renee.treby@edu.tbz.ch"|"7R83$D-%caM74-@PfXdI"
"almerinda.stait@edu.tbz.ch"|"NeLogB-SaZ@hs-J$CMbE"
"andree.reddecliffe@edu.tbz.ch"|"jCs$a6-Gg39im-evOThk"
"leone.wintle@edu.tbz.ch"|"Mycdm@-Difn%m-B#PKMp"
"gerald.fellow@edu.tbz.ch"|"zx9yKh-cG31yj-4cNQOI"
"ju.gudger@edu.tbz.ch"|"5ADaIp-mcvp1E-su0ga$"
"meng.ohaire@edu.tbz.ch"|"dAN59o-n%r9aG-$z%OxJ"
"cleopatre.missington@edu.tbz.ch"|"7XDHk#-kEmDcc-5ct0bi"
"annotes.debruyn@edu.tbz.ch"|"NTtQ$V-bEPCkb-#bwn4u"
"gerald.sinisbury@edu.tbz.ch"|"rug5Qt-Queh7z-n6kUxm"
"creez.slora@edu.tbz.ch"|"4FNfb%-zSzKzJ-RYNgV7"
"gisele.benbow@edu.tbz.ch"|"ZWg7cu-fH7I7Q-Dmz#4O"
"pal.dossit@edu.tbz.ch"|"OGPpXw-n%p109-9h3C3v"
"nelie.stirrip@edu.tbz.ch"|"UsHpgK-W#$3W6-M5Lp71"
"alois.ocrigane@edu.tbz.ch"|"gQ%z&0-sPnNMv-JxQ6cn"
"kui.mcterry@edu.tbz.ch"|"WQwp#d-h5RKdU-dIhUrI"
"long.willgoss@edu.tbz.ch"|"0j%&Z4-n6R2xp-CNN4C9"
"francoise.sumpner@edu.tbz.ch"|"Qh7Kfb-YhNBW7-etVFdp"
"maely.grinstead@edu.tbz.ch"|"U4YR5%-rHEKH5-8zrq81"
"creez.langeren@edu.tbz.ch"|"olm$mx-K3C0rz-UvK2mS"
"adele.dungate@edu.tbz.ch"|"pjaKCr-%fu2rK-cDpbRU"
"cleopatre.noirel@edu.tbz.ch"|"8ILMQy-OK2NLJ-s@Oov1"
"interessant.daverin@edu.tbz.ch"|"2G2cTT-yelM2A-dht6gF"
"naeva.kalderon@edu.tbz.ch"|"1Ea4LM-lrEahr-L#2xTk"
"anais.oshesnan@edu.tbz.ch"|"d7hlcZ-7#0Bcy-cpsbT&"
"judicael.anelay@edu.tbz.ch"|"L2knZI-Z0J8vo-BHkag#"
"eloise.braxton@edu.tbz.ch"|"a250t&-ZjYp03-V6Mnyr"
"desiree.greguol@edu.tbz.ch"|"5SrxFl-JwZLO%-aAhL4&"
"maite.mcclenaghan@edu.tbz.ch"|"jpuFgL-mrttmA-60lyUt"
"meng.doret@edu.tbz.ch"|"4YEFjq-jWUJXc-DM&GyE"
"frederique.chippendale@edu.tbz.ch"|"Igj0gj-1dIWI0-EdQY58"
"andreanne.lanney@edu.tbz.ch"|"7R2YB%-Dxj9xG-zx&2E2"
"aurelie.claus@edu.tbz.ch"|"mk48p9-hQY@%F-OM#q4t"
"renee.pabel@edu.tbz.ch"|"$NRhfX-jcMvH@-E0Iupk"
"maena.roust@edu.tbz.ch"|"g3LV@8-a@#zTQ-9gWGiv"
"nadege.carwithim@edu.tbz.ch"|"JL3YKo-DZ%8za-AKJmaO"
"solene.geyton@edu.tbz.ch"|"Sdcmzi-RqQLFV-ydesfy"
"dafnee.avraham@edu.tbz.ch"|"rmSg5t-kVdPyD-c0dCo5"
"leane.woolvin@edu.tbz.ch"|"N6g6mS-BzdrFv-nBmA%r"
"adele.macadie@edu.tbz.ch"|"EgBBgO-4vEMGt-&KQ%8d"
"meline.rubica@edu.tbz.ch"|"NhvM0g-LkW%Jd-Dj#8hH"
"marie-noel.speeding@edu.tbz.ch"|"UxQis%-uOJoJ2-&jpV&R"
"nelie.mix@edu.tbz.ch"|"9&WAJx-EZccOy-DBa49l"
"clea.ollett@edu.tbz.ch"|"1WcShK-Qz$@%i-#fkthp"
"leandre.mcgavin@edu.tbz.ch"|"qG&fyt-pYuiO$-9$vTVx"
"cecile.behne@edu.tbz.ch"|"IUiAfY-r9%D&t-Gk8DSa"
"melanie.polle@edu.tbz.ch"|"%wneVd-7S#Jx4-G@O&mN"
"marie-josee.titmuss@edu.tbz.ch"|"eMkxEh-$#Db7r-Pn7m4H"
"helena.guest@edu.tbz.ch"|"gM@bNJ-Xbdp@H-H7qjk2"
"annotes.chicchetto@edu.tbz.ch"|"Hpy38N-POXV8N-sW7l6#"
"melia.tubb@edu.tbz.ch"|"c9q&ti-7GyfMG-svQw0P"
"angelique.casetti@edu.tbz.ch"|"5r64rE-CJONLL-OAzHUZ"
"cunegonde.cleall@edu.tbz.ch"|"rBlyPh-Va@1go-8xrpy@"
"camelia.oaker@edu.tbz.ch"|"BK&1Nf-WGRNao-ZmJxxT"
"you.searight@edu.tbz.ch"|"#&MUg9-cge6qB-DtUMm0"
"kevina.dederick@edu.tbz.ch"|"1vOD6O-E7hjhO-sUZPiH"
"milena.jeffrey@edu.tbz.ch"|"5##i8s-1cWyZG-OFWU%V"
"melodie.barkshire@edu.tbz.ch"|"U#@@H2-NM2Si1-fOrlV8"
"gaelle.kreutzer@edu.tbz.ch"|"A79CW9-xkad17-f0%gLj"
"kalliste.kleinpeltz@edu.tbz.ch"|"Ox6vba-zzHOJJ-T&jf#r"
"clementine.danat@edu.tbz.ch"|"6%gdNv-9snI$x-6@%UiB"
"andrea.wabb@edu.tbz.ch"|"zPrSji-79dPh2-Xr%zm0"
"geraldine.piesold@edu.tbz.ch"|"C9MAk3-C%2Rie-gy$XU8"
"tan.fiveash@edu.tbz.ch"|"z6MNIT-SI9rqF-rLLQ0h"
"meline.yuranovev@edu.tbz.ch"|"WvV0yP-Fx%wCl-&V7ndh"
"therese.holme@edu.tbz.ch"|"yBZoVE-4umtG7-MVxPqN"
"salome.vaney@edu.tbz.ch"|"RI8Mk#-k6d8yP-wGW#PF"
"anae.abramson@edu.tbz.ch"|"dDmz9%-Q2&T@i-dES3mN"
"kalliste.jimson@edu.tbz.ch"|"jx8pIy-8dtm0W-#FNTB&"
"selene.yole@edu.tbz.ch"|"OKiHqY-Y0Mjm@-$IafK7"
"agnes.defraine@edu.tbz.ch"|"tIEZFY-8i$fv6-U7QjnL"
"faites.mccluin@edu.tbz.ch"|"xT%2ie-bdTHTs-x0&evG"
"athena.deme@edu.tbz.ch"|"e96KQn-qFwEKo-Z@0Rp9"
"daphnee.brigstock@edu.tbz.ch"|"h&j1hT-zbflKJ-LNavp7"
"goesta.skaif@edu.tbz.ch"|"b6js0F-7i8ZXj-&J6cLo"
"oceane.jagoe@edu.tbz.ch"|"Y4Q50a-&HKf%&-9SUkia"
"annotes.broomhall@edu.tbz.ch"|"slcTZZ-pVGIfF-NS$QEF"
"marie-eve.ballendine@edu.tbz.ch"|"DR0v5v-xRB1XO-tOwFIc"
"melina.spykings@edu.tbz.ch"|"ZuD0Pa-nROfUU-M2ke6w"
"laurene.ticehurst@edu.tbz.ch"|"v1szVE-Y03W3O-OmZ4jz"
"fei.avramovic@edu.tbz.ch"|"aF0omC-Iy2qoI-Gbs#EK"
"publicite.strathearn@edu.tbz.ch"|"90SqcQ-M1YBl6-jBB7xM"
"torbjoern.garrow@edu.tbz.ch"|"TL1BhJ-2nTJzQ-5hIJMN"
"chloe.rubinsztein@edu.tbz.ch"|"$K@QRu-gkt$XR-abDI#q"
"mylene.demanche@edu.tbz.ch"|"Fj032e-yj&4LX-Ftv2#J"
"mediamass.godlonton@edu.tbz.ch"|"Kz#5&A-3FEveV-P1wtBS"
"renee.shurrocks@edu.tbz.ch"|"wl28bm-w#fHsi-S@JhAQ"
"maiwenn.jedras@edu.tbz.ch"|"2HlLxe-5ntmb5-ccFRIY"
"genevieve.castells@edu.tbz.ch"|"SEVBDX-KjPpCy-Myu0gZ"
"renee.sneden@edu.tbz.ch"|"xtof4t-1sRZZE-jvOb5i"
"lai.mccallion@edu.tbz.ch"|"e0HuhU-gFQE&$-ka$#Y#"
"kevina.impleton@edu.tbz.ch"|"fb3e%J-jBdc$m-g#d5aR"
"oesten.fresson@edu.tbz.ch"|"6ruj6V-WG$Fl5-HwxpTm"
"verane.shawley@edu.tbz.ch"|"BeHj3c-S5QVpX-QbD%2P"
"uo.sjostrom@edu.tbz.ch"|"eQSdbb-#4BiSy-r&wdKj"
"gisele.gothup@edu.tbz.ch"|"aLWb0s-hZb1eo-I8RFKG"
"renee.beauman@edu.tbz.ch"|"tPbu8Y-eybvyH-ypojKx"
"elies.loton@edu.tbz.ch"|"Zub8uP-hWJvH9-MEv5yo"
"valerie.elsmore@edu.tbz.ch"|"TSQ@YN-Tl1szi-i4NGPH"
"berangere.delafeld@edu.tbz.ch"|"Edzw74-9m@Q2@-kCespc"
"bjoern.schimke@edu.tbz.ch"|"QaA40A-1%kE1i-OuHQI&"
"loic.ericssen@edu.tbz.ch"|"LeJkJY-DTl%Pw-44NsX$"
"creez.richarz@edu.tbz.ch"|"pNGQE&-#OPbVE-Bs6X#w"
"athena.grocott@edu.tbz.ch"|"mRCgF7-EXpIun-w#ZZpp"
"naelle.piotr@edu.tbz.ch"|"7XkeEf-n8U0Bf-nmaldP"
"maella.paulson@edu.tbz.ch"|"@RCBuN-pekxJh-VtlCZ$"
"song.perot@edu.tbz.ch"|"9wQWT6-ksNtVn-%MYFHC"
"kalliste.heckney@edu.tbz.ch"|"gTP6Fk-GMhzh#-&0v9Fk"
"ake.vasyutkin@edu.tbz.ch"|"g7gOPU-YVLhwx-QPrLJy"
"ma.castles@edu.tbz.ch"|"oGvajN-d9&w#t-HtkqzC"
"maely.monget@edu.tbz.ch"|"rNpxY%-&8hZOg-SNuhOk"
"tang.durbridge@edu.tbz.ch"|"QiAHL9-f30wvH-jA5k%N"
"laurene.andrew@edu.tbz.ch"|"QHPfGh-og&QPV-g&&AIb"
"lysea.beacon@edu.tbz.ch"|"TcUdqA-0i74R%-twa46Y"
"leandre.peyntue@edu.tbz.ch"|"Wg6zwj-Tu0YdX-gb5bpg"
"rao.trever@edu.tbz.ch"|"DT4iNE-@F5kud-AFsqdF"
"mahelie.streader@edu.tbz.ch"|"tn57Wb-%WAgNx-IZeu#X"
"maerta.andrejevic@edu.tbz.ch"|"5rNY@b-l@2ryY-W$A29L"
"goesta.tompkins@edu.tbz.ch"|"I#KZb5-Z&Ai13-qAk9lb"
"helena.agates@edu.tbz.ch"|"R6zD#c-lz4@$k-@5#ee5"
"therese.glass@edu.tbz.ch"|"NoEcZJ-IerZhK-eBSinD"
"alois.foan@edu.tbz.ch"|"oE$Maq-yvgMoG-dqluR7"
"becassine.melchior@edu.tbz.ch"|"W4H#5b-hUm69r-dxvQ1O"
"cloe.robart@edu.tbz.ch"|"LwD3xu-CRrqZd-kalFVw"
"daniele.puckinghorne@edu.tbz.ch"|"tOSIBs-$Fvwbf-%zLvgD"
"selene.cammidge@edu.tbz.ch"|"E6xqR#-uyfKkh-BH6s6u"
"regine.conochie@edu.tbz.ch"|"CfD7nY-x15izS-ijK&SX"
"interessant.tuiller@edu.tbz.ch"|"4iCnzz-rD8A11-TSKbBe"
"long.tiebe@edu.tbz.ch"|"NhFl7N-epYjv@-hlzhA9"
"mans.yele@edu.tbz.ch"|"yVWWDc-3#y1sl-XKIUz$"
"ai.giles@edu.tbz.ch"|"iXhcdw-yq#NUx-DoBLri"
"gaetane.hamberston@edu.tbz.ch"|"7PndwE-CgzsI3-wnkQhz"
"marylene.fenix@edu.tbz.ch"|"5dTB&9-HsI00H-WNSfxv"
"geraldine.graeme@edu.tbz.ch"|"8IXi&J-lkR#BI-c1q7A4"
"tang.kinglake@edu.tbz.ch"|"4qTObZ-6UoHnS-@89Ge2"
"lai.challoner@edu.tbz.ch"|"yT4FDe-&TUuDP-nRMqc3"
"desiree.mattei@edu.tbz.ch"|"B9b&6P-$gRIsI-W6G&Kg"
"ake.erley@edu.tbz.ch"|"KGnGRj-7rBlSv-OAMp@M"
"edmee.cavil@edu.tbz.ch"|"EaZJ2x-LdLpjA-Ly&VUy"
"alois.moyes@edu.tbz.ch"|"eGLH%#-I6@h7l-zFl2Jq"
"becassine.pitman@edu.tbz.ch"|"teiU9Z-fqrgHO-Lw3tND"
"ai.giacovelli@edu.tbz.ch"|"0jHwtR-10V4uK-TuzYnD"
"judicael.fruchter@edu.tbz.ch"|"%#xyhh-4WH02b-z7OkNG"
"mans.mogg@edu.tbz.ch"|"jq2PJt-qIbyHg-8@EKDx"
"gerald.foyle@edu.tbz.ch"|"$86NnZ-ftoHGr-H9DC0U"
"wa.androletti@edu.tbz.ch"|"OyKUHM-cMGZwm-eJQBZ@"
"meng.ollett@edu.tbz.ch"|"VmGCiV-eiypju-%WpU47"
"naelle.macmenamy@edu.tbz.ch"|"cwbBTo-4c05Nx-$tD9RP"
"gisele.mcramsey@edu.tbz.ch"|"p7PyUl-k6guL2-RIDvRI"
"meryl.scolts@edu.tbz.ch"|"dKwTPV-iCKoIX-FmEjsW"
"celia.bloxsome@edu.tbz.ch"|"JgLDPJ-t0BNBq-lN$3mY"
"styrbjoern.stuke@edu.tbz.ch"|"xvnYPO-Bj0etK-xM0hLx"
"felicie.gwilliam@edu.tbz.ch"|"#5Lfm0-k31JSd-CpE4zf"
"da.harms@edu.tbz.ch"|"mXJ#5D-fkkG0@-4cS09O"
"celestine.baulk@edu.tbz.ch"|"l4DYPR-LksXxP-x2lG3g"
"mahelie.blackledge@edu.tbz.ch"|"E&1ffF-6ld3LK-se$F0I"
"meghane.salt@edu.tbz.ch"|"TsNuPA-XAeHhy-#8B52&"
"methode.paxeford@edu.tbz.ch"|"zXaCgJ-XVtvlj-i@$CBc"
"asloeg.milligan@edu.tbz.ch"|"hxse7V-xGA6y8-XVTKRL"
"you.pellman@edu.tbz.ch"|"Vb$p7Q-iypHU2-2QId4F"
"loic.regenhardt@edu.tbz.ch"|"mfVzYp-o4d$qI-yTTCdK"
"daniele.savill@edu.tbz.ch"|"Y&5Sp9-AmAs@L-u@a@Vw"
"alois.cornu@edu.tbz.ch"|"W8n3TS-5qdwdK-83&y2F"
"oesten.govey@edu.tbz.ch"|"DZtNea-DwuORc-szkq$D"
"marie-eve.louch@edu.tbz.ch"|"ZX588X-qUgkYt-XgckS#"
"theresa.wenn@edu.tbz.ch"|"igU7q5-537ZYJ-f4a7eq"
"andree.eul@edu.tbz.ch"|"Orfa4Y-kIIher-0aIHNZ"
"lie.paynton@edu.tbz.ch"|"BP6nLs-wp#eux-Z7UKet"
"marie-eve.girodier@edu.tbz.ch"|"f6mfJ6-ljxThI-a%Z9qk"
"marie-noel.smithe@edu.tbz.ch"|"VOi%hr-aHKYLy-7I@KRM"
"men.bootyman@edu.tbz.ch"|"gMBwKE-dTteZk-lQzgkd"
"ku.sugg@edu.tbz.ch"|"P#rUPh-j0dSxm-JxRczs"
"lucrece.roseman@edu.tbz.ch"|"5yp%27-kE1QXp-9GIyG5"
"zoe.annear@edu.tbz.ch"|"zC$Gia-cWap%U-t%WtZl"
"marie-helene.rennebach@edu.tbz.ch"|"KZwlVA-2v2ZPi-RXx4Qw"
"lea.djurdjevic@edu.tbz.ch"|"3eAMyn-Ej5DfQ-7Go6q6"
"goerel.robert@edu.tbz.ch"|"snKBpy-z7K2pY-gz0bom"
"mylene.foldes@edu.tbz.ch"|"roP@2X-usQXTE-XASrLm"
"faites.clegg@edu.tbz.ch"|"3LkFgh-$nz3XC-xscz&Z"
"marylene.crowcher@edu.tbz.ch"|"lN1MM$-XqmM3$-tIGAo&"
"aimee.wimpeney@edu.tbz.ch"|"T9@wRn-YrDTe$-Yi&7Gb"
"renee.atkins@edu.tbz.ch"|"uM2%P%-Iz27cG-45jRda"
"rejane.cainey@edu.tbz.ch"|"u7@1PU-mjAdi7-OlfSyU"
"solene.britney@edu.tbz.ch"|"g%2z8y-jovuY&-zCRo%P"
"marten.shatliffe@edu.tbz.ch"|"QMUJ@M-dpjHXT-U@2CT1"
"maite.issatt@edu.tbz.ch"|"hp0otx-5y9dCD-Z20AUt"
"maelyss.edon@edu.tbz.ch"|"d7yxsE-NzMPpe-$RWvRV"
"nuo.bamling@edu.tbz.ch"|"bmNtg8-&Tc#%i-eaPbk2"
"anais.edards@edu.tbz.ch"|"2GAZoG-TrhJgh-QmLP0i"
"mediamass.bromet@edu.tbz.ch"|"O@Iq&d-io@8HX-5zD7k2"
"beatrice.kimbrey@edu.tbz.ch"|"OA@rxj-aD0zfZ-6QoH2s"
"ines.lawranson@edu.tbz.ch"|"U$QQp0-Ml22DE-jlLr0p"
"kalliste.scandroot@edu.tbz.ch"|"mXifZR-fambIQ-ltLqxm"
"mans.barrowcliffe@edu.tbz.ch"|"TXUJaY-NXissV-F&mIeP"
"irene.couves@edu.tbz.ch"|"D%l7Dg-a9Jkrh-aPCyF4"
"milena.mucci@edu.tbz.ch"|"LDAQ1&-6U9ZnX-luRIOK"
"naeva.cow@edu.tbz.ch"|"md&H0#-KgqPTa-X8caD$"
"audreanne.mournian@edu.tbz.ch"|"ZOc3%y-5T96Nr-3in3mW"
"melia.sinnatt@edu.tbz.ch"|"wg8uS%-uqBpVz-djjOjn"
"nelie.burnard@edu.tbz.ch"|"Wq3jMM-XAkP71-Ld9mtM"
"clelia.ashfull@edu.tbz.ch"|"m9W%lM-XlMdYm-rWFX7U"
"lie.macard@edu.tbz.ch"|"$yJ2Es-3fpQa#-4syBA%"
"valerie.matoshin@edu.tbz.ch"|"uXK6f5-fSm8Tu-hV3zSb"
"anael.hatherleigh@edu.tbz.ch"|"4huflU-usZC9F-PB#f@l"
"interessant.warratt@edu.tbz.ch"|"3sYL4g-vRajwJ-KkVHuD"
"eleonore.volage@edu.tbz.ch"|"fMA&hH-anplWb-76dFvY"
"zoe.stebbing@edu.tbz.ch"|"IWVQ&#-WdErS4-VdMZig"
"alizee.nye@edu.tbz.ch"|"mpY1BK-NJ6LWH-CBj%nU"
"celestine.bramley@edu.tbz.ch"|"9pG3tA-T1SRs1-1iDzNw"
"selene.philcott@edu.tbz.ch"|"FHlxIY-QjJGqv-iy%6Nw"
"tang.newens@edu.tbz.ch"|"sAmxIM-CVUGBi-Ib6YNr"
"annotes.powys@edu.tbz.ch"|"d@D5uc-B%@@zY-33&WiE"
"lea.matthesius@edu.tbz.ch"|"k5i@WO-fyjKpl-I1V#kD"
"illustree.garlett@edu.tbz.ch"|"IHgfoC-yazqO5-3tXWxB"
"maiwenn.meachem@edu.tbz.ch"|"p7Vlpk-kMkmuP-Sc3cVv"
"marie-francoise.mcbrady@edu.tbz.ch"|"CUdE&R-QsLZuH-8s9TdT"
"illustree.gimbart@edu.tbz.ch"|"#jbR#T-wzeDy8-$bHv99"
"melys.lyosik@edu.tbz.ch"|"qW6xPa-6%0#BE-U%9GVd"
"marylene.mcnab@edu.tbz.ch"|"Zx0M8d-C6YSXo-Q@kPI@"
"gerald.blount@edu.tbz.ch"|"SZ9jFx-qNrw3O-3LqyGu"
"clelia.shakelade@edu.tbz.ch"|"aowsWx-JWgyWe-KXm9X2"
"penelope.cridlin@edu.tbz.ch"|"K8Ptzj-MsB119-IQyZfA"
"maena.okuddyhy@edu.tbz.ch"|"LYL10Z-hAlPJI-zsPiwX"
"athena.keynd@edu.tbz.ch"|"iht%eN-jqq8Or-QcsQbX"
"cloe.dwine@edu.tbz.ch"|"dwBS4p-%yssva-hJvKkE"
"josephine.browett@edu.tbz.ch"|"Exe#1V-7Si#27-EnwWhZ"
"audreanne.oscanlon@edu.tbz.ch"|"ZdC5pL-vn3aqa-omTRvw"
"fei.jeanequin@edu.tbz.ch"|"Z5g0XD-R#nJXp-%sDP$n"
"lois.gormally@edu.tbz.ch"|"CPQ#SK-uvdT6U-#a0zgk"
"marie-francoise.finnigan@edu.tbz.ch"|"QlYStv-Qwn@of-c9LFS4"
"leonore.trussman@edu.tbz.ch"|"1tPkEQ-nYMZGa-w23%Pi"
"anaelle.trumper@edu.tbz.ch"|"%ENFx3-pCyDQu-q0VhSP"
"clemence.dionis@edu.tbz.ch"|"BzFNVQ-p4woJK-hpXelN"
"lois.tranmer@edu.tbz.ch"|"ZrMH9S-@AU$Gx-kefmTW"
"interessant.volett@edu.tbz.ch"|"#En%Bn-xr8bSd-&5w$y9"
"personnalisee.deackes@edu.tbz.ch"|"gYR%0s-D$iqHM-igYZs1"
"lie.vasiliu@edu.tbz.ch"|"PMt%zB-D27BS&-9k%V3I"
"dafnee.lamputt@edu.tbz.ch"|"@JC4kC-2FjYaF-FReN86"
"elies.bromige@edu.tbz.ch"|"vpscvN-rqEEoZ-NJYVfB"
"helena.klosser@edu.tbz.ch"|"qQT09p-JxjtPL-N##5dx"
"andree.grim@edu.tbz.ch"|"1ps&4$-OsnOHE-QBpxcY"
"verane.coldbath@edu.tbz.ch"|"IjUSBt-gtxqz9-3H4hJy"
"helena.bethell@edu.tbz.ch"|"hRBH#O-O#rGws-qHFuz4"
"kalliste.carefull@edu.tbz.ch"|"#zdjT#-uJl1Cw-&4kwkY"
"regine.odams@edu.tbz.ch"|"y09jb%-5Gb6m$-RQcdw7"
"len.stannus@edu.tbz.ch"|"BCCY2H-iT#wq%-@5sty1"
"angelique.works@edu.tbz.ch"|"YpwmR8-wCKgVb-30EfY8"
"goesta.rheaume@edu.tbz.ch"|"xomsrL-oT#RdO-KYcDU%"
"maelys.tynnan@edu.tbz.ch"|"qkwXh5-QDiqId-W16f5q"
"maelle.carlesi@edu.tbz.ch"|"xqXDcN-uzQslV-3Y#6Ba"
"anael.spurden@edu.tbz.ch"|"$HCa$$-MeUiPs-Yv81ws"
"helene.pumfrett@edu.tbz.ch"|"157VSO-6xDThJ-ZvMeut"
"goerel.pearn@edu.tbz.ch"|"SPWDhj-taoQHl-hFeQS&"
"laurelie.dezamora@edu.tbz.ch"|"LMbJBz-Q9vWI#-5ei&N2"
"yao.twidale@edu.tbz.ch"|"OxjZzZ-3cvF6T-2RYyZg"
"berengere.sola@edu.tbz.ch"|"9T5MVu-yzi2yJ-bmynW5"
"maelann.hardistry@edu.tbz.ch"|"oytumu-dtmH7%-TJxhau"
"severine.littlefield@edu.tbz.ch"|"hp&zhb-MZJRxZ-G$Wm8g"
"salome.heinl@edu.tbz.ch"|"NjHf25-xjK7YP-n&vE4d"
"meryl.warbey@edu.tbz.ch"|"wT4Oyu-V1uHzE-SrykQT"
"da.hunstone@edu.tbz.ch"|"1WFimT-RlhXA@-G3Bn8F"
"venus.broadbury@edu.tbz.ch"|"EWesvI-J06XT#-6vhNcB"
"meghane.rentelll@edu.tbz.ch"|"M9Df1z-TggQL#-ClMTFH"
"marylene.drewitt@edu.tbz.ch"|"fgu2DV-No4yYK-pBC7ld"
"melinda.jacquemet@edu.tbz.ch"|"XaBVmL-Aiy8Ew-Ay36l@"
"marie-josee.keyden@edu.tbz.ch"|"#UuXWS-YqmPNS-3NHte9"
"asloeg.montacute@edu.tbz.ch"|"fdq6jo-oNEdOu-phpy0S"
"ku.andreou@edu.tbz.ch"|"XAXpo2-tnNiQ@-qQ@BNi"
"personnalisee.feaveer@edu.tbz.ch"|"mqmCV0-HVg5l3-wI8Iro"
"laila.emptage@edu.tbz.ch"|"Iu0%#6-iTDVmq-lIcMhu"
"bjoern.dawdry@edu.tbz.ch"|"ASYY&M-ltFeoF-9RxP79"
"marie-eve.dinsell@edu.tbz.ch"|"HooAd$-HmtzhT-4N2qhW"
"helene.follett@edu.tbz.ch"|"6FXKOx-IhVpZE-RMNIKr"
"penelope.cordero@edu.tbz.ch"|"UXTjVZ-X7hykT-12iJHH"
"boerje.beedell@edu.tbz.ch"|"DxyIpQ-L$z&79-IWxMAW"
"nelie.ferne@edu.tbz.ch"|"RaIlDl-H3#@Ge-Mc5tdH"
"celine.ahmed@edu.tbz.ch"|"a&C2qm-E3ZqFA-JBuR5X"
"stevina.pimblett@edu.tbz.ch"|"$eTcMU-z3DLC&-9b$zuf"
"chloe.langlands@edu.tbz.ch"|"BW@lz@-bLk&$A-X0FPqv"
"simplifies.maude@edu.tbz.ch"|"IkLW15-6DPQiL-3Exn%V"
"genevieve.decarteret@edu.tbz.ch"|"$fRvtD-8TUWX4-41WDJr"
"marylene.mughal@edu.tbz.ch"|"Elie22-g9pWzp-zkMzuh"
"goeran.guttridge@edu.tbz.ch"|"5F99w6-DD7#4%-qkTkAC"
"michele.smurfitt@edu.tbz.ch"|"d1kOVT-fFoMG0-HAGadI"
"methode.hadeke@edu.tbz.ch"|"GPBiqC-2mte9%-hGz1g4"
"therese.rispine@edu.tbz.ch"|"3SXJ@k-0XEhHq-5V%ZIj"
"goerel.plumley@edu.tbz.ch"|"eRIBNg-dqLAQw-qWp#%e"
"oceane.friett@edu.tbz.ch"|"Aw7aZq-NUyfQg-nXyGKd"
"marie-noel.achromov@edu.tbz.ch"|"xVYoMb-ngFzMe-OBTMM1"
"dorothee.storek@edu.tbz.ch"|"PFuidH-snk8Nt-NhLDPn"
"goesta.whittle@edu.tbz.ch"|"qcAzDy-aMejHw-#NSdvN"
"desiree.casely@edu.tbz.ch"|"0NGsSF-y$KfLU-Pd8O0W"
"felicie.condon@edu.tbz.ch"|"8CD@62-%TvWIk-#&mCsL"
"maelyss.frisdick@edu.tbz.ch"|"LgeMl8-C5aEQb-ssgcmm"
"aimee.banke@edu.tbz.ch"|"nxFNVg-vKrawe-KRH&6L"
"naeva.hodcroft@edu.tbz.ch"|"Ut6zAZ-jQO%&L-cuQgtz"
"laila.gerrans@edu.tbz.ch"|"mmS0QM-1qgue#-%Tkon#"
"daniele.scrimshire@edu.tbz.ch"|"X53BZf-LB0@66-cs@X5#"
"daphnee.sheerin@edu.tbz.ch"|"nQzSjF-qs8wrb-H%Kvxk"
"pal.vanyukov@edu.tbz.ch"|"HPBE8i-vT80hR-25#Frd"
"zoe.childs@edu.tbz.ch"|"d3SnEj-tQXeQV-4KJs3x"
"ai.corde@edu.tbz.ch"|"X#$W%8-X9Q5Ju-kUYOUb"
"maelys.berryann@edu.tbz.ch"|"Czwf3@-ZBbOd7-Tt3rvI"
"cloe.gladding@edu.tbz.ch"|"EL&nFl-z&zqlR-fGfEvU"
"wa.kinnaird@edu.tbz.ch"|"xkH3yC-fiWx$@-gRaiF6"
"publicite.brittoner@edu.tbz.ch"|"QB6PB3-M5s6c9-retl5Y"
"rao.windress@edu.tbz.ch"|"o8Wjnq-PiRYqn-wTgtK0"
"uo.kollach@edu.tbz.ch"|"mp0G0H-MF9Y5g-5p3uSq"
"josee.peskett@edu.tbz.ch"|"N0b@gY-0IhkZi-6MYpFn"
"annotee.hasel@edu.tbz.ch"|"WvZ%mO-Q11qoR-#pfljL"
"cinema.lee@edu.tbz.ch"|"1x4pau-nptrT%-UTr0JG"
"lai.vedeshkin@edu.tbz.ch"|"JwTby3-mY4cxp-$$gYZY"
"renee.brisbane@edu.tbz.ch"|"RbMcil-cTIVSQ-crD$cD"
"ophelie.blincoe@edu.tbz.ch"|"lR3La$-7YQ2&V-MSHD1r"
"zhi.prazor@edu.tbz.ch"|"$z&4q2-qC%jRp-qnffe#"
"annotee.maddicks@edu.tbz.ch"|"3QYl34-cMs8wy-YMD85F"
"maelyss.codd@edu.tbz.ch"|"Uc6keN-qpURII-8w#nI4"
"celia.peplay@edu.tbz.ch"|"k$A#eO-&pn5G#-pR6WGP"
"interessant.skone@edu.tbz.ch"|"N%pH1y-N$bTs3-IuMXtI"
"audreanne.hebdon@edu.tbz.ch"|"kN#o9r-vbsecR-1$flNy"
"oceane.glen@edu.tbz.ch"|"A7jw5R-081F&p-byYlVC"
"daniele.vanyushkin@edu.tbz.ch"|"21cAZo-6CM$RU-hwnna#"
"daphnee.ayce@edu.tbz.ch"|"@#%1GY-BWJNS#-dgrx4c"
"andrea.attride@edu.tbz.ch"|"H3unz#-wYLyzT-Bkhl7w"
"penelope.bridgwood@edu.tbz.ch"|"w3U4z@-wGp0tZ-Cr&4G9"
"mailis.drewitt@edu.tbz.ch"|"EY2d9b-x$E@3G-tUhWqg"
"penelope.mollene@edu.tbz.ch"|"ZBbwcs-I2imHl-8CfWel"
"illustree.keely@edu.tbz.ch"|"gaF#y5-q#QuQo-tPdaPG"
"meng.brisseau@edu.tbz.ch"|"PCxNeR-6tSGlR-E03T#p"
"ruo.cleiment@edu.tbz.ch"|"y6bLOV-$OQzoB-L$BH$u"
"maite.krammer@edu.tbz.ch"|"ecwEio-pa0vlS-CGNmzm"
"genevieve.verry@edu.tbz.ch"|"RukkVP-yIZlxN-BQyZzV"
"lea.olochan@edu.tbz.ch"|"HuyXJU-2&T2k5-G19XFA"
"naelle.brunnen@edu.tbz.ch"|"%BwF7g-@Ev1Zg-nQkqkG"
"goesta.bragginton@edu.tbz.ch"|"3Y4XM8-8DJF7m-Fne1kZ"
"fei.danilyuk@edu.tbz.ch"|"E3Hmwl-Kk6u7I-z1nDNz"
"adelie.turbitt@edu.tbz.ch"|"oCje44-Ed4UaK-e7lN21"
"marylene.nutman@edu.tbz.ch"|"TpFqZ0-t3RLPY-04g7d$"
"therese.barbrick@edu.tbz.ch"|"t2WaE7-W4PByy-gc5NEm"
"melys.kolodziej@edu.tbz.ch"|"tdDZzQ-2NyP6K-wcQYXf"
"melanie.runchman@edu.tbz.ch"|"kqr26c-rGSMnt-KO7Fir"
"serena.lafond@edu.tbz.ch"|"&K5@rF-jj16%l-dYE5RC"
"pelagie.desmond@edu.tbz.ch"|"1C@Rja-WYAvYO-eS9E0S"
"wa.spickett@edu.tbz.ch"|"NtiATv-z1yOZQ-1tGMVo"
"po.shave@edu.tbz.ch"|"0M2vCI-nzKtlj-AdrZM@"
"song.huikerby@edu.tbz.ch"|"RWH3uw-trpBGW-j7Ljfa"
"melinda.bimson@edu.tbz.ch"|"sESz4s-j&@Wyo-EWl$4n"
"personnalisee.toffanelli@edu.tbz.ch"|"0o#Abi-b2b&sr-CoacTa"
"leandre.hurn@edu.tbz.ch"|"sEIj%A-N#u0a8-xHS9lQ"
"oesten.standell@edu.tbz.ch"|"f5T#YV-iYl51E-BGnUnd"
"naelle.smaleman@edu.tbz.ch"|"xTTrO3-blEQy0-fHW98@"
"berenice.tayt@edu.tbz.ch"|"9z%$Tr-@7%9Ur-2JEkVh"
"kui.popplewell@edu.tbz.ch"|"kdh4EW-f010ps-&SdJ9G"
"melodie.ferandez@edu.tbz.ch"|"VCuaut-ffQza7-4yWOZs"
"josee.negal@edu.tbz.ch"|"DEE&1H-5$Kf3Y-%8AJZ$"
"melissandre.ferrelli@edu.tbz.ch"|"U$nNWk-dINyIf-1VLC$H"
"josephine.kemmer@edu.tbz.ch"|"f4P%Ks-VciTQ2-ZL1CSU"
"maely.cayette@edu.tbz.ch"|"GNf8JC-$qvNxE-wCU5zK"
"nelie.vela@edu.tbz.ch"|"$QWskh-Apij@p-%Nxk3%"
"melina.cortes@edu.tbz.ch"|"BCDm2S-rmsDhT-EkTeEc"
"megane.leyshon@edu.tbz.ch"|"aC93OK-Vn5yye-iyJfqb"
"regine.harrie@edu.tbz.ch"|"0Psd3H-fcJDnU-E3HeFx"
"mylene.widdison@edu.tbz.ch"|"fI#DbR-XS$CX$-BfUCAc"
"pelagie.vivash@edu.tbz.ch"|"ykQqm1-H9aS9S-5gWvPp"
"styrbjoern.vicarey@edu.tbz.ch"|"oyWQH0-bh3dtb-7O&Q%f"
"long.kyles@edu.tbz.ch"|"0rNaxu-IoScLu-E$%f0v"
"stephanie.gipps@edu.tbz.ch"|"944Cif-ij7FsG-BW0wpn"
"clea.constantine@edu.tbz.ch"|"1Bw9qh-QJI5vD-Y3iEDq"
"maella.cometto@edu.tbz.ch"|"s0%%tu-2VMAmz-Mma6lJ"
"laila.aubrun@edu.tbz.ch"|"p0oko#-2BlKKT-$ImTlb"
"yao.austins@edu.tbz.ch"|"qo28zX-IZVQpk-D9f0m0"
"mailys.rylstone@edu.tbz.ch"|"@3noLR-XJxdJu-hommmg"
"adelie.curuclis@edu.tbz.ch"|"hqaeCi-U5X9fK-JXoiAi"
"celine.longhurst@edu.tbz.ch"|"#PJrcd-2&u%sg-tZ&O3X"
"gisele.hazell@edu.tbz.ch"|"WGRQrD-vdGxSG-YkBfWs"
"celestine.ciccone@edu.tbz.ch"|"jkXRxk-bGgjHT-A6Odir"
"maelyss.doole@edu.tbz.ch"|"2s69On-kfwk3L-AhmI%Z"
"helene.grimsdike@edu.tbz.ch"|"mcG7l2-zPNkQC-qvaUpW"
"lie.macer@edu.tbz.ch"|"@jQfv3-lJc1wf-6hMcS4"
"maely.izard@edu.tbz.ch"|"1QwhyO-5&ZyPY-RuSkfC"
"erwei.breewood@edu.tbz.ch"|"&4EFAz-S06j#H-b$rf4o"
"chloe.woolford@edu.tbz.ch"|"iqC%Mt-J1WQHi-zdWb@4"
"cleopatre.turpin@edu.tbz.ch"|"J$TGWK-k36PAF-3F9#hE"
"melodie.surgison@edu.tbz.ch"|"N#6ZkK-TxgAD7-16b05q"
"elies.leander@edu.tbz.ch"|"t01xSR-rre2FB-jV@hIG"
"mediamass.reignould@edu.tbz.ch"|"LZzCQS-4zD0Ie-@$h$QS"
"celestine.wasmuth@edu.tbz.ch"|"aviZkI-ja2k7A-jUxCB0"
"marten.jervis@edu.tbz.ch"|"bs7Ste-pzRmRz-9IVB$5"
"daphnee.bour@edu.tbz.ch"|"psz25g-4jtk4v-%eAfas"
"regine.harlett@edu.tbz.ch"|"PvKiWZ-VrpvjM-bzKld$"
"noemie.macaskie@edu.tbz.ch"|"FfKTK7-pp7s86-JMlAHv"
"loic.renfield@edu.tbz.ch"|"I4CSol-N1Y0K%-RsNIuo"
"venus.kleinert@edu.tbz.ch"|"mMv$uB-BVi5a8-@EUkf1"
"marten.burlay@edu.tbz.ch"|"EB%58q-TlGO1w-cnwJWW"
"berengere.radsdale@edu.tbz.ch"|"oL7Z3m-Af2Te@-hgHF1C"
"genevieve.duckit@edu.tbz.ch"|"a1Yo#q-4Q4oEo-G98UGk"
"maely.ligerton@edu.tbz.ch"|"LkRQxR-r2Y7f5-92uwsJ"
"maeline.ricciardelli@edu.tbz.ch"|"6haoDF-r0SRf8-Hw4jEI"
"personnalisee.yggo@edu.tbz.ch"|"aO43Lz-aVePt8-H6xDej"
"alizee.pettinger@edu.tbz.ch"|"%1iEi6-OCONkM-TvpvK@"
"desiree.curnnokk@edu.tbz.ch"|"%@9@AT-$pEp2I-2a7y7Y"
"dorothee.minors@edu.tbz.ch"|"k6c$MU-RQS%1d-MZjgTt"
"oceanne.kopmann@edu.tbz.ch"|"$321kf-On0My3-hFP8n1"
"almerinda.brodbin@edu.tbz.ch"|"BJH3eR-oXuwXz-VlEJsQ"
"yenora.carsberg@edu.tbz.ch"|"UudpU8-IDl$$r-PM8Dzp"
"wa.beetles@edu.tbz.ch"|"roKbsf-t9bfMh-g#&i10"
"audreanne.abbot@edu.tbz.ch"|"0Hs5kr-p0G%&V-5CDbB&"
"noemie.capper@edu.tbz.ch"|"DT$0%W-Q9@h1T-z@%Do&"
"mans.abramamov@edu.tbz.ch"|"b07NQF-cFOKNt-x$lcZ7"
"audreanne.blakey@edu.tbz.ch"|"0iQmWy-Aipbkw-uMKH$9"
"leone.klimpke@edu.tbz.ch"|"wdhf&i-q5IoGD-I9k3Mi"
"lie.croston@edu.tbz.ch"|"JIBwZt-kHGstI-xt#fFw"
"anaelle.baistow@edu.tbz.ch"|"7@754Z-XZI%2N-Y6GjMF"
"michele.garwood@edu.tbz.ch"|"6AcAMH-3UxbkE-@q%Jb$"
"interessant.albion@edu.tbz.ch"|"aJFaSG-XUyBAG-0OibIN"
"andre.brisco@edu.tbz.ch"|"4mpnlW-3cQXWO-M&RHLQ"
"tang.totterdill@edu.tbz.ch"|"mqRz2F-AsdHRf-WLig9X"
"marie-josee.braundt@edu.tbz.ch"|"pWUZ3W-cxt5fI-R7Nypu"
"lois.galer@edu.tbz.ch"|"kbEGQL-5F17sp-D2eRsH"
"faites.pellamonuten@edu.tbz.ch"|"iG45th-Yn13Ib-9w9e5W"
"mai.barfford@edu.tbz.ch"|"cfH68s-h7E7%@-y#xXzh"
"laurene.macilory@edu.tbz.ch"|"Gz14Vj-Pchs$S-7f7Bso"
"elea.peak@edu.tbz.ch"|"SPf3IW-L9wu3M-uJpJJ$"
"rejane.doni@edu.tbz.ch"|"$0aCVR-N&SXVA-s14IwI"
"mahelie.ector@edu.tbz.ch"|"btbvej-jBLJLm-$EfKGD"
"rachele.allum@edu.tbz.ch"|"1GrMk9-PXRQa$-Z49vWN"
"laila.gerretsen@edu.tbz.ch"|"cOqDSv-B$#JhM-0y@yPo"
"ines.bowman@edu.tbz.ch"|"YLo$ti-f#7FZx-RBPxdb"
"publicite.barbary@edu.tbz.ch"|"#xp@#d-hpoy1w-EW1DQb"
"mailys.smooth@edu.tbz.ch"|"cuZ%OE-kGWNE$-QGyYeU"
"mailis.huguenet@edu.tbz.ch"|"VkN92D-sPSHF6-wHU0aM"
"lea.ewer@edu.tbz.ch"|"W5%G@O-TLBCjH-peHn4b"
