"email"|"password"
"melodie.vandervlies@edu.tbz.ch"|"oCzy&s-sUsZCV-3ge@Eu"
"angele.edgecumbe@edu.tbz.ch"|"%G4bei-EGHvM&-pvAiYi"
"zhi.andreasson@edu.tbz.ch"|"@%13Fo-Ug6mOR-TNogid"
"judicael.koppeck@edu.tbz.ch"|"VJsIVt-$Y0K5H-wRCpiG"
"berengere.capron@edu.tbz.ch"|"fPtMjK-bCqi@x-$ekVz&"
"leonie.brosini@edu.tbz.ch"|"6yFCCH-Ut8r13-NmbzPS"
"venus.garfit@edu.tbz.ch"|"$91&DV-DP7P7@-mNS7Vg"
"melina.janota@edu.tbz.ch"|"GnFJSK-d&cglB-iW$GIO"
"laurene.bake@edu.tbz.ch"|"VjJ1xQ-UG5Cgs-OFL9#5"
"regine.dorkins@edu.tbz.ch"|"EQWBsE-v7AwvS-iwdmoH"
"cecile.moffet@edu.tbz.ch"|"5TFZke-#JXltX-p3sYJp"
"maelann.labrone@edu.tbz.ch"|"jupKlT-Jckhmi-AO9Mq5"
"melinda.newbold@edu.tbz.ch"|"hcPZ8@-ZZa1al-g@lG$l"
"mans.itzhak@edu.tbz.ch"|"Z@5odO-oC6Qwi-8U#aCo"
"melodie.pattlel@edu.tbz.ch"|"dNIVk3-qvE$iR-cJPs$U"
"celine.bonett@edu.tbz.ch"|"FJ4NON-HeiyCl-PsI%uw"
"adelie.mcgreal@edu.tbz.ch"|"8yGCIG-j@PWVJ-CJUIxc"
"helene.soldan@edu.tbz.ch"|"gBGAUI-r9Bxw9-yAtoC1"
"michele.cluer@edu.tbz.ch"|"kK@Jf%-uGLWrb-&V9Zn1"
"maeline.mueller@edu.tbz.ch"|"Q09QwX-7#OjZS-6bWhkl"
"maelann.benedito@edu.tbz.ch"|"E&JPCP-&Ulduv-vvwp2G"
"nuo.gransden@edu.tbz.ch"|"La#V5i-MNb5Hp-jaTOka"
"berengere.stainton@edu.tbz.ch"|"Pb6qfu-3uRGcZ-BUIbyW"
"wa.sabater@edu.tbz.ch"|"X$HQ%N-IZ4Bd9-5YIFKA"
"anais.cochran@edu.tbz.ch"|"@aoFPH-YQ0Fi#-euNHuK"
"gerald.bessant@edu.tbz.ch"|"QC4NLi-HjP35s-&31EaH"
"ruo.coffin@edu.tbz.ch"|"QXV3AH-q5uwd1-i2w2ve"
"melodie.mustill@edu.tbz.ch"|"qyfm4j-xHTwXh-0bs6&W"
"ruo.stanesby@edu.tbz.ch"|"vURNza-bOsRwz-IyhTJo"
"noemie.antognelli@edu.tbz.ch"|"yDs2x6-&QasKh-kEyrUZ"
"maelann.hughson@edu.tbz.ch"|"3&AkZn-IqNV@D-xyjNun"
"milena.mieville@edu.tbz.ch"|"P7U66l-iRJgH&-qM2asp"
"mailys.chamberlin@edu.tbz.ch"|"2fDEgD-9bAqIL-rCD3hj"
"nadege.tomalin@edu.tbz.ch"|"dQCiJW-%4#gZ7-8hpjrg"
"oceane.omara@edu.tbz.ch"|"Pkw$$J-XngdnR-obgNX8"
"cecile.aguirrezabala@edu.tbz.ch"|"Jyh@ZX-Di#eVp-BT8knt"
"maella.gwillim@edu.tbz.ch"|"YJNBuS-3KBjQ7-FaWM@v"
"lea.mcgahey@edu.tbz.ch"|"&gSHul-j5Iwc7-HLGeSp"
"laurene.hagerty@edu.tbz.ch"|"drWmjo-QHuVfm-5t@iUY"
"dorothee.link@edu.tbz.ch"|"UbHO@I-RLZ78F-BHxNU1"
"clementine.kynsey@edu.tbz.ch"|"0K&8$V-#LaG%c-0gw0TA"
"lorene.smitherman@edu.tbz.ch"|"sIBB8I-XA9o9u-Fhzr#$"
"cleopatre.klulicek@edu.tbz.ch"|"3uovi#-8ynw5&-GQT47A"
"laurene.castaneda@edu.tbz.ch"|"LWE#O6-MYF0IM-GLtO7m"
"melia.constant@edu.tbz.ch"|"%0Rj#i-%%7L40-3vO#A7"
"lucrece.clunie@edu.tbz.ch"|"1JlzUc-TCLrgX-DWkG9P"
"eleonore.mcmurthy@edu.tbz.ch"|"pYRBsn-4$Qfwx-Duc#@#"
"melia.bevar@edu.tbz.ch"|"UPJyTJ-5WSs&h-a7wm5S"
"camelia.bontine@edu.tbz.ch"|"lEbAO9-MHtTHa-jSnUPu"
"methode.jozefczak@edu.tbz.ch"|"2rhxHY-vtQN5y-JFmYIw"
"audreanne.hinsche@edu.tbz.ch"|"n7FuM0-f3ZPIL-5Q1tC6"
"andree.varne@edu.tbz.ch"|"xip$z%-dvlUOH-lQvjoO"
"marten.kinleyside@edu.tbz.ch"|"tO0hTV-99i8uF-&mbT6l"
"esteve.mcewan@edu.tbz.ch"|"NhMoUb-q&XlGB-tRg81u"
"leane.dibbert@edu.tbz.ch"|"L@nmqG-ejw3H%-06vIT9"
"ma.thewlis@edu.tbz.ch"|"iIDByJ-jCW%0E-6O8zIq"
"clea.djurkovic@edu.tbz.ch"|"YFe#CD-MhSBQ2-h7mXBp"
"rachele.reburn@edu.tbz.ch"|"nyo7g6-lx1VWJ-@Zn0SV"
"gerald.gowling@edu.tbz.ch"|"9h0TFl-9A3a2A-$@6mHv"
"cleopatre.jackson@edu.tbz.ch"|"l&M6b5-OgCBv1-nNxF2h"
"desiree.haskins@edu.tbz.ch"|"c59tSP-IwUxhi-wj7Whh"
"eleonore.longson@edu.tbz.ch"|"81So0H-tX48Dn-evfmHr"
"leane.dybell@edu.tbz.ch"|"1k9eU&-91EW7g-92a#Vb"
"becassine.grzesiak@edu.tbz.ch"|"bl$Kqn-5$AZHs-$ef5UR"
"marie-josee.pickin@edu.tbz.ch"|"ElsSHz-&po@z1-B$EE0j"
"marie-josee.roxby@edu.tbz.ch"|"5iAlNz-iBjJ36-GI5PYk"
"leonie.feenan@edu.tbz.ch"|"V6rFrA-77EbUx-a&#D6u"
"valerie.ellum@edu.tbz.ch"|"tN%&O8-yJaDwh-3hSzlN"
"ju.caseri@edu.tbz.ch"|"2k6%rw-zy1G$u-W&RZwZ"
"boerje.strangman@edu.tbz.ch"|"9EwUnQ-Jot9r1-#U&nXd"
"beatrice.ghidelli@edu.tbz.ch"|"hFDmOK-5xUF#2-0GAW6l"
"da.jablonski@edu.tbz.ch"|"oZLsce-lVKNyG-xklmZF"
"uo.beveridge@edu.tbz.ch"|"ta&iYw-wcHWeI-9E9tAA"
"valerie.bestman@edu.tbz.ch"|"aREWYb-@rRh$2-iuTCHk"
"marlene.pohls@edu.tbz.ch"|"CQVBMl-OxVVEo-fsgvE4"
"ma.nolda@edu.tbz.ch"|"oRrUZ9-S1gTrI-98ky&H"
"marlene.bisiker@edu.tbz.ch"|"06nm$9-QD4s2D-ao9#Uy"
"estee.babon@edu.tbz.ch"|"VO1@vc-TCJqVH-FL3&mO"
"simplifies.dmisek@edu.tbz.ch"|"GZuq9g-PuLtXC-cVJUDE"
"selene.ganing@edu.tbz.ch"|"jGNxAW-3XC2Io-Uy0y5Y"
"meryl.penke@edu.tbz.ch"|"rKW@tC-D1Doah-BvFqAQ"
"anais.rawcliff@edu.tbz.ch"|"1cnHja-v3JQ8I-lMlX&Z"
"melina.andri@edu.tbz.ch"|"$a1cHM-ZSt0x$-eKhlCt"
"audreanne.fodden@edu.tbz.ch"|"eqvrCP-qO5kGi-Jlbd##"
"bjoern.spellesy@edu.tbz.ch"|"rDleD1-vtyEf4-juE$q3"
"francoise.summerscales@edu.tbz.ch"|"Ley$M2-pjycq3-@vbU@C"
"laurene.ashtonhurst@edu.tbz.ch"|"fz$qIp-rESITM-ZwUKis"
"valerie.petters@edu.tbz.ch"|"OlldAY-UAOuCk-SQYbv3"
"anael.spenclay@edu.tbz.ch"|"TJU3OD-OONUw5-kq2BbX"
"stephanie.keech@edu.tbz.ch"|"kVEwxr-dn6ijy-D5iUU@"
"ines.deveril@edu.tbz.ch"|"Pm7h@d-9tYTqq-fl1lu7"
"berenice.gelder@edu.tbz.ch"|"@FwGt9-3q1q3J-RUC@Ws"
"melanie.ofogerty@edu.tbz.ch"|"dgU$SC-vRPmW@-2LZ@fq"
"frederique.canepe@edu.tbz.ch"|"VrMtWA-BX#Q#O-pUnWyW"
"nuo.otton@edu.tbz.ch"|"zsEctI-w67Iif-tV#fHB"
"genevieve.trusler@edu.tbz.ch"|"HTSCub-Xl44Iq-5i4QNm"
"ju.boag@edu.tbz.ch"|"PEZ9wn-BMLmuE-umEEDm"
"josephine.dilucia@edu.tbz.ch"|"#cPS#9-9R9l3B-zKfaF#"
"laurene.armsden@edu.tbz.ch"|"Q5EJKY-m2ZkjT-UV3wQu"
"becassine.griffe@edu.tbz.ch"|"NeOTbF-iVMZkF-4FJ%C#"
"alois.parres@edu.tbz.ch"|"tE4pnf-N@ng%0-aiXjxG"
"cleopatre.gaffey@edu.tbz.ch"|"iL3W$A-M3&9f6-bvxbmx"
"andre.stiger@edu.tbz.ch"|"yp19P1-aEWGSq-Hj&aSE"
"beatrice.godleman@edu.tbz.ch"|"2DXSeI-$aKbcu-mLnG1M"
"hakan.harrhy@edu.tbz.ch"|"xtbCZ&-r4VJGS-TLMRZy"
"celestine.dagnan@edu.tbz.ch"|"XWSbw4-qgK91C-@FaewR"
"clemence.haggart@edu.tbz.ch"|"zEtgA&-MDHuqI-vfQeRj"
"long.caban@edu.tbz.ch"|"DovD7Z-Nw5XZ6-kIAJIy"
"gaetane.grimble@edu.tbz.ch"|"UEVoN5-#45fik-rNpxmj"
"maelann.piwall@edu.tbz.ch"|"oGn6h&-4IOl$N-Rr7dr@"
"magdalene.loble@edu.tbz.ch"|"#2in$2-ZZQDft-lvP7vi"
"veronique.domaschke@edu.tbz.ch"|"u5kIbV-zHxBq3-&Rcwz4"
"clea.herity@edu.tbz.ch"|"Y5RQc5-vXSF&Y-O#Y1Gm"
"maelann.bambrough@edu.tbz.ch"|"pXWfiF-$OCw9S-Ho23e@"
"clea.goulstone@edu.tbz.ch"|"AhdjXq-n2dUQ%-@vjpv&"
"renee.deleek@edu.tbz.ch"|"NVtYLt-Nj9@C#-9reE@w"
"boerje.rudderham@edu.tbz.ch"|"&q6XhF-Bd6U8O-c79YRD"
"marylene.broune@edu.tbz.ch"|"HqTytx-qIpdMa-3rbKDu"
"nadege.mccuish@edu.tbz.ch"|"yp0H8s-wimHAG-qQozF%"
"anael.littleover@edu.tbz.ch"|"ShhFOK-WcRAgn-5V125j"
"lie.baume@edu.tbz.ch"|"qv5mWD-dZ7V3H-Xsp&2$"
"maella.murrow@edu.tbz.ch"|"FTL6ZK-u5rsIS-qSWuMY"
"cleopatre.pettifor@edu.tbz.ch"|"myOTt9-vLGIMI-U5J@Ha"
"geraldine.asker@edu.tbz.ch"|"dRYhGJ-DZZ6YL-3CB2pI"
"gaetane.smedmore@edu.tbz.ch"|"aGCwr7-yzXRd%-mPL02N"
"meryl.blencoe@edu.tbz.ch"|"TBKIX%-lsaiPE-@d9tvS"
"aurelie.chastaing@edu.tbz.ch"|"eKfIvb-06MmH%-z6VsMM"
"oceanne.marthen@edu.tbz.ch"|"Hu2HEl-vUOI8N-UBaZ3V"
"dorothee.burrill@edu.tbz.ch"|"mlIzJQ-aRNKQW-rYNFRF"
"hakan.belden@edu.tbz.ch"|"vhvo5L-&th8Ut-#y@P@z"
"celine.brunning@edu.tbz.ch"|"kn00YP-6A4aAD-pvVBpA"
"anael.lapides@edu.tbz.ch"|"YCOn1Y-f&%CVE-ZDbqoh"
"ruo.saffran@edu.tbz.ch"|"P41#6Z-bx%gKi-onrkrS"
"loic.gerretsen@edu.tbz.ch"|"wKDJ6s-6hCOa4-qoQGHz"
"rui.fitzer@edu.tbz.ch"|"XM8rte-fXA4HQ-bnScY$"
"annotee.ogers@edu.tbz.ch"|"1Ouegu-BcWv%N-GCtPeW"
"boerje.bindin@edu.tbz.ch"|"ECdH0E-MDc8Ih-nW&IIo"
"ma.cronchey@edu.tbz.ch"|"eFUIzy-AL2w9$-TFUzSq"
"laurelie.baiyle@edu.tbz.ch"|"xz0jKW-RJ@IeJ-0%vW#y"
"dorothee.older@edu.tbz.ch"|"4JaPNV-z5jbx&-wvBLiN"
"laurena.wile@edu.tbz.ch"|"ifdanF-#c3$CQ-BPr3Lr"
"clemence.brito@edu.tbz.ch"|"lOFivo-d&lj7T-SdOsi3"
"nadege.dallin@edu.tbz.ch"|"bsbvK7-&L3A&A-U%3juj"
"mailis.matley@edu.tbz.ch"|"3@V@Jk-x&ni#y-2%kK8A"
"daniele.screaton@edu.tbz.ch"|"GwVl6b-0wRsY#-Ci@Onu"
"mediamass.godly@edu.tbz.ch"|"Hbx3GU-ipbHIV-C5q3Qp"
"leone.kremer@edu.tbz.ch"|"n4hwt7-9pALOh-PgqoLr"
"asa.adrian@edu.tbz.ch"|"HdxdPF-atYnRq-nO03TS"
"adele.doley@edu.tbz.ch"|"HbNJEG-uGHSJc-Iu0q01"
"fei.sidney@edu.tbz.ch"|"4DTS27-kTRNo9-tuok3H"
"marie-josee.walisiak@edu.tbz.ch"|"4ueMg$-1ebL4Z-iNj2EW"
"desiree.diplock@edu.tbz.ch"|"sUr&8s-Zs1eu$-1J9OSJ"
"gisele.schust@edu.tbz.ch"|"zjTZLj-LehoBp-HOLl9T"
"ma.longshaw@edu.tbz.ch"|"DgW0JZ-RlGZ4@-pEKH9A"
"da.boother@edu.tbz.ch"|"jqgDqC-ZzxTNj-esav#3"
"simplifies.chaudhry@edu.tbz.ch"|"5l@2xH-tqAvak-I@Lf8$"
"garcon.baniard@edu.tbz.ch"|"pOZ0YA-YKyZut-EynEnD"
"gaetane.elphee@edu.tbz.ch"|"@qYjdJ-aexJyR-r52Aas"
"gisele.hassey@edu.tbz.ch"|"JSCfBs-3X5v%5-6AWIgR"
"oceanne.booley@edu.tbz.ch"|"tAeAma-@0Atpv-WXT1ER"
"oerjan.dibden@edu.tbz.ch"|"hb8rRm-fpYZdV-PiG11J"
"regine.ocleary@edu.tbz.ch"|"ekBQY3-SU%aVh-iGc$NE"
"selene.persse@edu.tbz.ch"|"SkBi9J-my6D9e-YVzsfG"
"helena.adenot@edu.tbz.ch"|"FaRAPe-rbF6xY-iT1WoL"
"maelann.wassung@edu.tbz.ch"|"4pKCp4-7pGuow-aw#sCp"
"frederique.ackermann@edu.tbz.ch"|"EbLBas-uQW5@s-9rob26"
"audreanne.kahen@edu.tbz.ch"|"N3zmP&-WH%#it-#U46aV"
"maiwenn.lasty@edu.tbz.ch"|"kQkks#-B6x0dj-W0ifpR"
"yu.dictus@edu.tbz.ch"|"@2tY0X-C%U28f-2$wb@&"
"anae.dukes@edu.tbz.ch"|"5SAq8B-MnRTwm-Etvx4j"
"yenora.warr@edu.tbz.ch"|"R#IQak-Rx2eVW-y0Kbf0"
"esbjoern.archibold@edu.tbz.ch"|"&dbUR1-H0IXnG-O238@M"
"milena.pardal@edu.tbz.ch"|"&Ps6rd-R%%hX%-QfgrDm"
"celestine.graveston@edu.tbz.ch"|"WVz#Y0-YUd8zj-vwyr6#"
"maena.dallas@edu.tbz.ch"|"NwuFn&-aAjNPE-3VEKL2"
"andree.tuke@edu.tbz.ch"|"NHkxsT-@2O$Rs-chi9vV"
"methode.seldner@edu.tbz.ch"|"L8jfQ#-9aW1OX-IjFOpL"
"venus.bullas@edu.tbz.ch"|"Jubtd%-V2aZem-&UJyBw"
"mans.aguirrezabal@edu.tbz.ch"|"dibVzf-4AKFx%-4i$bKp"
"gaelle.eadington@edu.tbz.ch"|"C0dgn7-eFWZgd-lHYCAt"
"anaelle.falkner@edu.tbz.ch"|"mMGkl2-aOQd00-#$jeE#"
"ophelie.height@edu.tbz.ch"|"kVg9Oj-sziqat-CcqL2T"
"marten.bolding@edu.tbz.ch"|"qwfMS7-SumbYV-u1UJdP"
"pelagie.guswell@edu.tbz.ch"|"v&U6z5-79IceE-dJG0nn"
"gwenaelle.lecount@edu.tbz.ch"|"k9mttE-Vw7cr8-0VayEl"
"hakan.laden@edu.tbz.ch"|"XTpu$l-GnNDTg-rsfAQV"
"marie-josee.hylands@edu.tbz.ch"|"&N1Xfv-JxMX6l-lSzQ6L"
"zoe.kingshott@edu.tbz.ch"|"QymQk0-wk@#Ie-qqbdLQ"
"josee.janous@edu.tbz.ch"|"&R6jL8-N#pcgi-7YXyvz"
"laurene.gallally@edu.tbz.ch"|"DB4sCl-fzmvTM-xtnrZU"
"anael.bickle@edu.tbz.ch"|"SML0&Z-arWPxV-u3aVos"
"mediamass.lebbern@edu.tbz.ch"|"%D3phR-yfc0kZ-7ALMCh"
"berengere.hovy@edu.tbz.ch"|"3I@Y2L-G#@c3G-@1co%M"
"oerjan.kilmurray@edu.tbz.ch"|"SMqKPs-KU90Sf-WvfCDB"
"asloeg.venny@edu.tbz.ch"|"ehMTNk-D1&IHR-vZDqqb"
"marie-noel.stoad@edu.tbz.ch"|"BDENgW-eU%El2-9mcJ%p"
"hakan.pettifor@edu.tbz.ch"|"PPBiPs-21ot&Q-NTwJD9"
"maella.willgrass@edu.tbz.ch"|"xDIDkV-FJEK2I-pxnmaR"
"therese.ludovici@edu.tbz.ch"|"OYVw9k-OhoCie-s$npOp"
"stephanie.trewhitt@edu.tbz.ch"|"7OYw&z-Gk@YUu-G&AUNh"
"maerta.bauduccio@edu.tbz.ch"|"ff#Jf6-RI7IXZ-Ge4%uJ"
"gaetane.glaisner@edu.tbz.ch"|"oq3LUw-QdhLs$-C5Q3mY"
"naeva.pargeter@edu.tbz.ch"|"id%d4L-yTD34V-ZdOleb"
"salome.venable@edu.tbz.ch"|"A9wr@g-XYbdvh-CL6DYD"
"boerje.thickett@edu.tbz.ch"|"u7fUCq-xCIw@z-ykXyXT"
"lucrece.prendergrass@edu.tbz.ch"|"O2F#A#-VkKf%r-@WFZw5"
"laurene.ockleshaw@edu.tbz.ch"|"BMOZ8A-bmOEGb-XMUsTz"
"cecilia.pasticznyk@edu.tbz.ch"|"X#690B-v6pSll-ncXDrF"
"stevina.mackey@edu.tbz.ch"|"7c3lIL-BJ%NK5-ts#l56"
"marie-noel.reven@edu.tbz.ch"|"sQ6Clj-0M$pRQ-7RIjpO"
"melina.quilkin@edu.tbz.ch"|"35KHnP-56eJ6%-0i6XXT"
"marie-noel.ferrie@edu.tbz.ch"|"NzHHx1-41zJv4-cD2nH5"
"leone.alphege@edu.tbz.ch"|"rGItr%-L2l6Pb-h&2##H"
"zoe.leverson@edu.tbz.ch"|"v$V5lE-w%K6ar-nTUIUn"
"annotes.grayne@edu.tbz.ch"|"x07qqC-0wyfRd-9Y1&ro"
"faites.lalley@edu.tbz.ch"|"3DAe53-RGnA9y-Rbnhtb"
"adele.wallis@edu.tbz.ch"|"vx5DWB-RcdcWJ-vtrrb8"
"severine.madill@edu.tbz.ch"|"tZHNi#-G9YfPx-R3%q0Q"
"valerie.tebb@edu.tbz.ch"|"yxP6SM-4c0ei4-EAzFI3"
"kalliste.rasper@edu.tbz.ch"|"DCTcCo-ekxGcV-5qA0ek"
"audreanne.palomba@edu.tbz.ch"|"LLcL&G-UG25sx-P8V&sY"
"elea.adamik@edu.tbz.ch"|"9$WVbl-Bo6jlr-2W&quJ"
"reserves.jakuszewski@edu.tbz.ch"|"LjJFCV-ct1taM-nt6f#c"
"athena.belhomme@edu.tbz.ch"|"8BNtD2-F#C2om-pTlHsz"
"rebecca.crippin@edu.tbz.ch"|"EgU$jt-YK93Q0-$Odm#R"
"maiwenn.curman@edu.tbz.ch"|"xfFFY7-v19V&$-h2NmbD"
"andree.bunner@edu.tbz.ch"|"sCDFQq-XC#OKX-tiQl65"
"ruo.winckles@edu.tbz.ch"|"WktZX$-Zz4160-e02fcY"
"naeva.buntine@edu.tbz.ch"|"dGB@W5-rhHwf%-wLWM%d"
"boerje.dollard@edu.tbz.ch"|"m@bJMW-sD2owD-6%XcYm"
"penelope.gorman@edu.tbz.ch"|"nOqPvd-aIA6vK-7R&61i"
"alois.robelin@edu.tbz.ch"|"N96vCK-ae8MPZ-W@gbAA"
"anaelle.tindle@edu.tbz.ch"|"26ITHR-dYk$v7-9DKWgj"
"ye.frears@edu.tbz.ch"|"Q3Xh@J-fyy2Ad-q%SGs$"
"andree.ovid@edu.tbz.ch"|"RM6iUl-PDCHIV-1bnG2d"
"hakan.peat@edu.tbz.ch"|"pFNEMw-yX3VF@-7i5u2&"
"andre.januszewski@edu.tbz.ch"|"Lhe$aY-MNd#5n-aOp35z"
"annotes.clemmett@edu.tbz.ch"|"i0VX&J-2M%@P0-TbiW8h"
"pal.lambswood@edu.tbz.ch"|"oxV8Li-sk2UW7-6bM@nr"
"yao.lenton@edu.tbz.ch"|"FCwzjD-vVjZ3I-7NtQxK"
"hakan.boyton@edu.tbz.ch"|"BkS78P-iPN0C3-HUhfH9"
"nelie.forsey@edu.tbz.ch"|"oPIsaw-tXCjHl-6qn265"
"hakan.horche@edu.tbz.ch"|"%D%3F8-$3kS2J-ZtdqkR"
"lorene.sinkings@edu.tbz.ch"|"TM&wfX-czi$WW-&RigFk"
"marie-therese.creddon@edu.tbz.ch"|"WnNJ9t-0BpFs5-@D4KMB"
"berenice.tolworthy@edu.tbz.ch"|"3yx0Uk-a9bRF4-EHon9q"
"theresa.land@edu.tbz.ch"|"COp9RR-$TksZ2-GaekDp"
"marie-therese.gianilli@edu.tbz.ch"|"48d7yC-Hr8EEt-BY9vfB"
"meryl.glew@edu.tbz.ch"|"nFZGT3-4SM1lT-dZ%Qbg"
"adele.debling@edu.tbz.ch"|"lpHGvO-yDk3NZ-mAfizm"
"anae.metzke@edu.tbz.ch"|"D%PJ4S-SrmPte-WvQ$%g"
"gaetane.gooden@edu.tbz.ch"|"vlwI%l-ba9frp-JCXYe&"
"laila.bootland@edu.tbz.ch"|"vD3T26-3Gl2iD-y6AlJw"
"maite.helsdon@edu.tbz.ch"|"fd#i0%-hr6Tc5-y&LGGX"
"andree.malley@edu.tbz.ch"|"s7iL1D-5$gDvN-%1CkgE"
"pal.simmens@edu.tbz.ch"|"Sz%Hyh-sSH$ss-1GCWcD"
"maelys.nuccitelli@edu.tbz.ch"|"CyreWx-TvT4Qk-YMwr2Y"
"dafnee.sibary@edu.tbz.ch"|"wiZPqL-NE%A@D-Vg7gsn"
"alois.harsnep@edu.tbz.ch"|"qhy$zR-4Xxwg9-iJXrue"
"marie-helene.lacky@edu.tbz.ch"|"13Z39g-gbDJUt-5kFKtY"
"mylene.youthed@edu.tbz.ch"|"K9Ky08-qfpAQP-J4aPzE"
"marie-helene.dehmel@edu.tbz.ch"|"$DBg#A-TwGfwj-v98pmt"
"angele.batman@edu.tbz.ch"|"@1AFDj-yttl5w-4HIt&n"
"melia.younghusband@edu.tbz.ch"|"Bxv$vM-BPgl95-bxX%Id"
"eloise.baldi@edu.tbz.ch"|"JupCk9-0nXcBJ-ERtv%t"
"illustree.dun@edu.tbz.ch"|"C@jzVI-ctwsTl-pOqNg8"
"genevieve.late@edu.tbz.ch"|"$XczlD-PcwY2m-IG&bZP"
"celestine.colville@edu.tbz.ch"|"1FVWc@-GebYXz-OipAsV"
"gwenaelle.scarlon@edu.tbz.ch"|"6WtGoF-JFGiSk-VH6XtM"
"regine.boddie@edu.tbz.ch"|"aKQ&B4-X2pd46-#rjyRM"
"creez.gaughan@edu.tbz.ch"|"ZJ&sGA-jwE5NH-itNL4t"
"gaia.longford@edu.tbz.ch"|"KIN2M4-xRJjGU-tr@IbK"
"mailis.buckby@edu.tbz.ch"|"tcDrTS-ISuIzy-ixz5Lb"
"song.parbrook@edu.tbz.ch"|"3yq2h5-xnr9fb-XRaO#m"
"frederique.heddan@edu.tbz.ch"|"@1SJR1-J@sXtU-YG#gjL"
"ake.kirtlan@edu.tbz.ch"|"$20GBY-LIFJL0-hqtUCK"
"nelie.runciman@edu.tbz.ch"|"Nleoam-wV5tR9-7%qHY5"
"mailis.cardnell@edu.tbz.ch"|"cpu7Cp-bdKlK3-#TXrps"
"irene.navarro@edu.tbz.ch"|"fIZrpH-PM6m@3-0@o72&"
"maite.cough@edu.tbz.ch"|"9oYjL6-jIuBAy-ZKUCMY"
"anaelle.stocky@edu.tbz.ch"|"oCEHm0-VH3OZ@-%hs@u%"
"methode.moulder@edu.tbz.ch"|"htouMd-pW6UrB-j@aw8d"
"po.stafford@edu.tbz.ch"|"1br8rK-BRFmi8-usw1yT"
"faites.scraggs@edu.tbz.ch"|"put6Z$-xaDaA3-MI$gQl"
"adelaide.dullard@edu.tbz.ch"|"FhAlmX-xRAljx-s8ZsQ6"
"desiree.leonard@edu.tbz.ch"|"W&iKdi-FiUW5z-oL$%Az"
"geraldine.badgers@edu.tbz.ch"|"D53Ssl-BUSGUI-hMBanl"
"ruo.masic@edu.tbz.ch"|"6Tsc%W-tb@$Ne-#9J3c3"
"aurelie.lieber@edu.tbz.ch"|"vGBhVT-dDxvfH-8rwacA"
"naelle.balcock@edu.tbz.ch"|"zhUQL@-hv86W4-mLcwzU"
"camelia.elger@edu.tbz.ch"|"5vhMEv-oqd1o$-6o3SRx"
"publicite.oakeshott@edu.tbz.ch"|"oxr6CI-anGhHD-wPeh$S"
"cleopatre.fawley@edu.tbz.ch"|"X7#llb-QNu6dL-ZFNFdw"
"laurene.bruckmann@edu.tbz.ch"|"dJ3YcL-FMYLiO-51E6Nv"
"rui.haughton@edu.tbz.ch"|"5g7sW6-unTr0E-8$rNVH"
"asa.ladewig@edu.tbz.ch"|"g9xWr3-hLEkSn-iuNppZ"
"gisele.janecek@edu.tbz.ch"|"qnH90Z-2gLDde-LfFJbp"
"maily.loveridge@edu.tbz.ch"|"&8xqJ7-u%vrCc-Kitri6"
"marie-eve.yurkiewicz@edu.tbz.ch"|"UnQM&2-JCqzMr-5841WC"
"fei.roder@edu.tbz.ch"|"s6ZpAT-c6M&B#-sxfQxZ"
"edmee.chatburn@edu.tbz.ch"|"6BXe3B-9r7ln$-BTV&Wp"
"geraldine.darke@edu.tbz.ch"|"xbo#Cb-CFsKK&-CmLcfa"
"ye.jira@edu.tbz.ch"|"&jDb1v-SvuCRz-23p#&P"
"publicite.persent@edu.tbz.ch"|"otA33y-OwYY%A-ESZDQX"
"severine.wilcox@edu.tbz.ch"|"QQ$PZJ-CkURjf-cN5Hnf"
"yao.mcclaren@edu.tbz.ch"|"2&H68q-SJ23Ua-l$LI0u"
"theresa.foynes@edu.tbz.ch"|"E9QPCF-GjzE$C-WUln7j"
"stephanie.isley@edu.tbz.ch"|"pYjlnh-LugOlC-Zo9sFF"
"torbjoern.growy@edu.tbz.ch"|"zA7%xV-3OyFpB-2gz5E&"
"eloise.tunnadine@edu.tbz.ch"|"xZg%sI-o13Ko#-vuIWCr"
"maeline.cossentine@edu.tbz.ch"|"#oH12b-#&FmHf-AU@r&0"
"nelie.desantos@edu.tbz.ch"|"&DALhS-hD17yC-%t$sh3"
"gaetane.axston@edu.tbz.ch"|"N6lDe1-9o&w6$-PRJtP7"
"aimee.merman@edu.tbz.ch"|"n0Om&7-Vay9mX-w7bsop"
"oerjan.drivers@edu.tbz.ch"|"ZdCT@C-NJM9LZ-w8LWF@"
"aimee.miroy@edu.tbz.ch"|"hz$pWA-KEP1PX-GGnzhM"
"nelie.glyde@edu.tbz.ch"|"RnLv0f-9n3#Qe-k7BC#s"
"hakan.kapelhof@edu.tbz.ch"|"Ee6A&3-xsoTVn-ThLfth"
"maelyss.cauley@edu.tbz.ch"|"exx2B%-vdLgYf-ZRhvnB"
"elea.vaggs@edu.tbz.ch"|"OKJ22n-986VDz-tLnIU&"
"maelys.but@edu.tbz.ch"|"1uWXVG-0xlgdx-6D#Z#@"
"maella.arthurs@edu.tbz.ch"|"rDnYi9-iV9CER-M6b7Br"
"adele.liebrecht@edu.tbz.ch"|"QTrv2&-SYU4J9-DL#mY4"
"meline.lomasny@edu.tbz.ch"|"g2P&wF-Jes#QB-5%DmeU"
"mediamass.schwant@edu.tbz.ch"|"bOrI4I-&#&aDE-JY7p@w"
"leone.saunt@edu.tbz.ch"|"tPmb9Y-8oQAHE-ZXQmCo"
"annotes.gouch@edu.tbz.ch"|"zi5PGA-sreukW-2%H7HI"
"gaetane.bowich@edu.tbz.ch"|"QbmD1n-ZuQ@ua-CEWzKh"
"alizee.strelitzki@edu.tbz.ch"|"Fy#Lxv-Fq4Yy@-mnyR%1"
"leone.poile@edu.tbz.ch"|"KTMK4C-Z95ML4-l@NBdl"
"amelie.saban@edu.tbz.ch"|"bOSq5K-ejDYXr-RDGjZx"
"marten.mcmenamin@edu.tbz.ch"|"ktm0@5-0RBYcB-RcaOXG"
"becassine.keets@edu.tbz.ch"|"F@MExt-e@5F6q-zEjfcY"
"celine.million@edu.tbz.ch"|"BVh2y6-u5P6WI-C8UW1C"
"geraldine.belitz@edu.tbz.ch"|"v4q3G5-8oebdf-Nv2aNA"
"salome.mardling@edu.tbz.ch"|"Skxf35-Qqmxa$-oylbm8"
"melia.blakemore@edu.tbz.ch"|"ghHbJO-U0jXl6-4rCKcj"
"dafnee.mcaulay@edu.tbz.ch"|"thjPcc-vIwb7G-tslQyl"
"garcon.dennett@edu.tbz.ch"|"ce6C6X-U4xnrj-YTnjtR"
"interessant.lesor@edu.tbz.ch"|"&M%0s2-&ev$Ob-FaGIXo"
"annotee.wasbrough@edu.tbz.ch"|"2PImyG-oNmyVA-u$MD3&"
"asa.ibbeson@edu.tbz.ch"|"xFx12d-P1KqPa-2oWpCZ"
"maily.kennealy@edu.tbz.ch"|"8CDU2g-yja$Z#-nIfnV2"
"ye.seares@edu.tbz.ch"|"@yddgI-$7%@uN-JXdXhM"
"athena.harbron@edu.tbz.ch"|"Cix68c-bDR5bZ-VXEPmc"
"andreanne.portail@edu.tbz.ch"|"gLP86J-PBx$nS-Co9ZSD"
"goeran.zannelli@edu.tbz.ch"|"KEBI%v-v9N9q2-yiOBuE"
"gerald.leathlay@edu.tbz.ch"|"cI8qig-%ZB$aN-%kLcy2"
"andreanne.chown@edu.tbz.ch"|"nG1UBs-PeYQ@j-3hsPR4"
"esteve.clementel@edu.tbz.ch"|"C3MH@X-u0Tzls-QzYj%v"
"leone.legan@edu.tbz.ch"|"i805gc-H41yqF-MHZjVg"
"maena.pownall@edu.tbz.ch"|"j3r48p-ZWMej$-Mxo9Oz"
"andree.rettie@edu.tbz.ch"|"0t3af8-v#PRxD-dn99uR"
"ines.kenwrick@edu.tbz.ch"|"0Bln5x-L8VC3d-03@5ko"
"marie-helene.yarnall@edu.tbz.ch"|"bUcqnA-$#1ayJ-pBxKh1"
"po.martin@edu.tbz.ch"|"Vziutc-Uk$O83-14mWpg"
"ruo.celiz@edu.tbz.ch"|"YPFdau-LezMOH-#lAKFr"
"po.bissett@edu.tbz.ch"|"ZKx@Oi-NfVXp5-53dnp%"
"du.swindon@edu.tbz.ch"|"9ZNTp9-aKFAOG-#I6Pz5"
"interessant.gouldthorp@edu.tbz.ch"|"28DJC4-O3xMn8-oEwSzt"
"leandre.lilburn@edu.tbz.ch"|"5o@Bga-P31jzQ-9#2@9j"
"bjoern.whales@edu.tbz.ch"|"tcM&Zt-#pAtOc-#&gF27"
"interessant.dieton@edu.tbz.ch"|"O6pD%Q-HHFrn1-4gS86Z"
"celestine.redhills@edu.tbz.ch"|"%QzsBh-oPMnt5-pArz7$"
"tan.yakovlev@edu.tbz.ch"|"m8kgsv-nTcAl3-9OXVKA"
"regine.mcdowell@edu.tbz.ch"|"l4m53N-3OKYeA-YE9Ehj"
"ju.coysh@edu.tbz.ch"|"#th87V-B8uleP-PAb#ir"
"reserves.ofallon@edu.tbz.ch"|"@MeZY6-0qjvBD-L8vpMp"
"frederique.sobey@edu.tbz.ch"|"n%mehw-J@W3OG-O73$CP"
"marie-eve.garstang@edu.tbz.ch"|"V8Loct-8JQ#bX-9xjRZq"
"andre.tapin@edu.tbz.ch"|"FpEk0D-LcYKri-8pQ7As"
"esbjoern.eynon@edu.tbz.ch"|"0kYcqs-ydVjXz-K1D@vU"
"maella.duffy@edu.tbz.ch"|"rmv%Iw-hfFsNi-5ttqfH"
"leandre.twinning@edu.tbz.ch"|"ZSKV@e-b#KULs-&&Hn#b"
"mai.whittingham@edu.tbz.ch"|"jz36Yq-Oq6MOS-moK$jR"
"rachele.shevelin@edu.tbz.ch"|"%Tsfzr-qRHu03-kNyB$7"
"cecile.mcure@edu.tbz.ch"|"fBBUzz-$93T@5-7i2hjv"
"marie-eve.yurkevich@edu.tbz.ch"|"d7BF4L-&zEfDj-6r$M3A"
"almerinda.paice@edu.tbz.ch"|"U9&PGP-r#Hd2U-Yn8QSc"
"rao.howkins@edu.tbz.ch"|"d%2n1T-oq41&v-obIHxU"
"serena.pack@edu.tbz.ch"|"nE61R7-yI86SS-okjMnt"
"rebecca.mant@edu.tbz.ch"|"Xim#1x-Jfs$P@-SRv9j7"
"reserves.spitell@edu.tbz.ch"|"CMW9ai-4kU31u-aE7T#B"
"garcon.hamfleet@edu.tbz.ch"|"0Og$0P-GZDrii-8uj0%z"
"methode.kerkham@edu.tbz.ch"|"A%YW@1-H7ihEc-Tp$rmA"
"pelagie.camies@edu.tbz.ch"|"bi4b&p-gPy7&i-@au1EI"
"josephine.macpharlain@edu.tbz.ch"|"sW88BH-2HCB%J-Ra%Xj@"
"eugenie.mathet@edu.tbz.ch"|"OE9#Qq-zkXicI-amopKP"
"gaetane.brangan@edu.tbz.ch"|"r5tSnB-IKltx2-savBC$"
"michele.dewbury@edu.tbz.ch"|"vaP$ES-P0BZrH-%COxFw"
"eugenie.elcott@edu.tbz.ch"|"1Q376f-xb3tGE-iSVrc&"
"megane.harniman@edu.tbz.ch"|"o$5l4L-n3sLEf-Etk8nb"
"agnes.cluney@edu.tbz.ch"|"QZ6Ias-hHFISg-KRCUxm"
"marie-helene.angear@edu.tbz.ch"|"kzYY5d-e1Gfrp-sAVewL"
"melia.dolphin@edu.tbz.ch"|"anzHcG-xMKPu%-hUVPaR"
"lois.ruseworth@edu.tbz.ch"|"ZS%EY3-UBdL#V-lq$Zss"
"mailys.ryding@edu.tbz.ch"|"ZWuoYs-@duzKg-WFtjwy"
"rachele.wulfinger@edu.tbz.ch"|"krwS7b-H%y5mh-jmxWDa"
"gwenaelle.talton@edu.tbz.ch"|"u9A6E&-1Z6E8c-5PFIvi"
"long.ronchetti@edu.tbz.ch"|"CoHSB@-OJ%8Pj-kBPNX4"
"styrbjoern.kloska@edu.tbz.ch"|"gUl9zb-ofewd@-@v%@xT"
"len.sudran@edu.tbz.ch"|"ubWZnU-QMwc2H-qHNMqV"
"maelle.andrysek@edu.tbz.ch"|"1Kv7Jg-6jDAgr-VQRKbW"
"selene.senior@edu.tbz.ch"|"aYF&SF-&zIKCK-PqCKth"
"anais.joskovitch@edu.tbz.ch"|"0So93&-dT8q24-uCJFT8"
"marie-noel.dally@edu.tbz.ch"|"VJNFeq-&2hGC0-N0C5&a"
"marie-helene.laurence@edu.tbz.ch"|"vKPoBr-B&eO7D-Q0xvIw"
"camelia.foxon@edu.tbz.ch"|"unLSGC-P#pIzG-fvfEtA"
"helene.cankett@edu.tbz.ch"|"T3l9VX-6Hbdpc-R7G%5z"
"marten.mitchelson@edu.tbz.ch"|"k88Hji-A$&mPe-YU&9HM"
"helena.stirtle@edu.tbz.ch"|"YLx6Uh-4mPEGG-RqF$z3"
"leane.barmby@edu.tbz.ch"|"#k7U5B-GNZ9wz-kNUm0L"
"goeran.ofinan@edu.tbz.ch"|"uBScPk-caP3w@-qrtBI4"
"styrbjoern.proby@edu.tbz.ch"|"Z4h075-dSQfoE-Uv7pbF"
"zoe.halse@edu.tbz.ch"|"TuoyPm-YmRg7%-wymm6l"
"kui.drable@edu.tbz.ch"|"PBk2%o-ULujdH-vyXjJq"
"desiree.bamford@edu.tbz.ch"|"CjTPfq-9i$Zyr-eloJb8"
"zoe.suller@edu.tbz.ch"|"xoPWpV-JbzpHe-urq24g"
"marylene.audiss@edu.tbz.ch"|"Js5ZjQ-nY1CKk-#2rWNg"
"adelaide.poznanski@edu.tbz.ch"|"5uM#Y#-V8Fo8m-VMrfUX"
"maella.coleyshaw@edu.tbz.ch"|"XZ1cI9-vq0pnA-8YGdDS"
"marie-francoise.gelder@edu.tbz.ch"|"$LeJA&-6AcCjt-cvuf2h"
"eleonore.chaffyn@edu.tbz.ch"|"HAznJH-7kD&dh-dDJO&w"
"celestine.sikorsky@edu.tbz.ch"|"0uCVT0-w#9dIQ-@n%KzO"
"stevina.londsdale@edu.tbz.ch"|"rfdAYA-$hY225-$#6MQa"
"maiwenn.nevitt@edu.tbz.ch"|"o09PW1-B#NPya-nYEii&"
"magdalene.gerrey@edu.tbz.ch"|"J6WpRf-ddev$#-z3LL1n"
"becassine.latimer@edu.tbz.ch"|"w4jwj$-M3EwI$-lGI657"
"da.lethibridge@edu.tbz.ch"|"OiiW%8-qP7P64-jJiiMc"
"mailys.claige@edu.tbz.ch"|"Dx0h2Q-AP3G@R-oHhZnY"
"maena.torbard@edu.tbz.ch"|"lfJA5P-2WvpIR-O8Xp&U"
"solene.lyvon@edu.tbz.ch"|"FODPE9-d80O7&-RHUyIN"
"marie-therese.benbrick@edu.tbz.ch"|"9Y%Mk4-@yA4uH-PGfUW1"
"gerald.edmonson@edu.tbz.ch"|"5Sgxse-M7ZXD7-V2Ijdh"
"ake.messruther@edu.tbz.ch"|"Z#QYDD-4SBO@W-N3cw@U"
"men.gosneye@edu.tbz.ch"|"yvuZQ#-%P4aBh-XOh8wK"
"anais.jefferys@edu.tbz.ch"|"KHiFP$-J3Pv3$-UMQWQg"
"publicite.tregale@edu.tbz.ch"|"gjIajH-PTZKYb-tyTcp1"
"maily.santorini@edu.tbz.ch"|"%0zjpU-RJQOGL-cnoc@Q"
"ines.pioch@edu.tbz.ch"|"ls&mMg-h07w9a-bRng&l"
"noemie.marklew@edu.tbz.ch"|"euAXEJ-QPey85-gKOnuU"
"meghane.maccaffrey@edu.tbz.ch"|"wJp0bL-aoaWKV-Nv1gO3"
"berangere.ambrogio@edu.tbz.ch"|"m@I2p7-IjG&Ii-$HjgT2"
"mediamass.ryce@edu.tbz.ch"|"zR9o1M-bJ3yzE-y@razC"
"oesten.ubank@edu.tbz.ch"|"0aZghl-Eb60pd-ol5o0n"
"melina.mackee@edu.tbz.ch"|"WHK&Vr-$lsz0f-5zIo9b"
"theresa.livezey@edu.tbz.ch"|"I#VL$A-5x$XZf-WtgTDD"
"clemence.weal@edu.tbz.ch"|"qzMZVZ-rEV04o-aTEq$b"
"faites.overton@edu.tbz.ch"|"eS2Mf#-Ma#N46-7hDF&s"
"clea.lindblad@edu.tbz.ch"|"z8MsmE-b8p#pd-#nqx41"
"josephine.roseaman@edu.tbz.ch"|"c6LQvK-ZRMYiQ-4uRmih"
"oesten.lowbridge@edu.tbz.ch"|"Ov262r-g4zbzt-JXeC5W"
"marie-josee.brion@edu.tbz.ch"|"OYYw0e-@uhpSe-OCPhWt"
"therese.basili@edu.tbz.ch"|"03JUS4-a6#5GA-3wlAZb"
"melia.vertigan@edu.tbz.ch"|"4pnP%v-3jfmM1-rs9qeU"
"judicael.saull@edu.tbz.ch"|"Wv0bSA-HLO789-jz3aRG"
"selene.valentine@edu.tbz.ch"|"FNYpZx-v$Dc6H-@q6aX@"
"verane.dunlap@edu.tbz.ch"|"NeCC@u-VS@Pj0-4r6aXg"
"meline.kinnear@edu.tbz.ch"|"mtJcaR-yq6#ec-SOgYSS"
"lei.luttgert@edu.tbz.ch"|"sCx9c0-W0pgKt-D0xkIO"
"styrbjoern.lathleiffure@edu.tbz.ch"|"Nf75J@-FGolp1-&%m11b"
"marlene.blasi@edu.tbz.ch"|"E01M41-pDtYnP-s0R%Y9"
"mai.begwell@edu.tbz.ch"|"R@pXZm-ELfTSS-7G$Ktv"
"gwenaelle.kaines@edu.tbz.ch"|"X#vn@l-v6r4Uq-85Uutk"
"gerald.adamthwaite@edu.tbz.ch"|"Pv3h7I-ExEYm4-Wunr0L"
"kui.hartfield@edu.tbz.ch"|"Hkwgsz-kT#I&a-tL9Kje"
"salome.currao@edu.tbz.ch"|"#3CAV9-znn0tz-Ii7Q8n"
"angelique.tixier@edu.tbz.ch"|"Zex$EU-EPMVUo-bhZTYz"
"ju.mcgragh@edu.tbz.ch"|"7aAYsZ-EkgxQ9-8giQs3"
"dafnee.beachem@edu.tbz.ch"|"zxKOzq-HJMBKv-$bdX%j"
"creez.terlinden@edu.tbz.ch"|"xH3ARL-95evGo-jX1k8p"
"uo.mcskeagan@edu.tbz.ch"|"Bik8aI-RZ7hsE-Jo&2$u"
"edmee.mccaughren@edu.tbz.ch"|"j3AS2y-maQJJq-9OGGhw"
"asloeg.cozby@edu.tbz.ch"|"Fqr6Wo-Hz2$@$-ZD7fnK"
"melodie.traite@edu.tbz.ch"|"aeONbe-7cUxDz-GWu4Qx"
"dorothee.aindriu@edu.tbz.ch"|"#VweLD-sXYUsi-9pMtiA"
"daniele.doley@edu.tbz.ch"|"72UkeJ-gQX5gT-wxjgQt"
"mediamass.fairclough@edu.tbz.ch"|"G4eY0D-xc9pKa-Mcr70n"
"lorene.rainforth@edu.tbz.ch"|"pZGOAT-aHL5&t-m5MLAf"
"leonore.eyer@edu.tbz.ch"|"Sm#BQR-laU%8q-sdkLyz"
"po.spillman@edu.tbz.ch"|"sRVpP1-NzyufB-MM&iiZ"
"cecilia.plitz@edu.tbz.ch"|"WdyOM&-EDNr4x-$0r$$V"
"lorene.ludlow@edu.tbz.ch"|"T$$16v-7ZWyIM-M4O@md"
"berangere.neligan@edu.tbz.ch"|"IkdZIJ-h63RBN-EiuowX"
"simplifies.huggan@edu.tbz.ch"|"MO85A8-bYAX6c-RMLTWv"
"clelia.prandy@edu.tbz.ch"|"ExqJk1-@5&lEZ-3#OI$A"
"ake.osban@edu.tbz.ch"|"5g2hLW-dAuhh%-fkUWiv"
"cunegonde.brunn@edu.tbz.ch"|"6CMRX%-H3TN8m-SsfcSc"
"long.grizard@edu.tbz.ch"|"nyf$aY-pdQ%6i-zPWrJ%"
"meghane.diss@edu.tbz.ch"|"eF3d8i-%fcrOB-VbEGrF"
"therese.oldman@edu.tbz.ch"|"nJxfOs-KpcQ0x-KYnxBT"
"boerje.scamerdine@edu.tbz.ch"|"kqVT8&-LQCCi8-az0eWK"
"du.saban@edu.tbz.ch"|"11B8Ko-I4u3yT-4Fe3yu"
"hakan.clynmans@edu.tbz.ch"|"G5UaS7-pt&7Tp-J&TMA%"
"wa.macdowal@edu.tbz.ch"|"mPeAkX-eC9dBV-TTqCQh"
"venus.hatrey@edu.tbz.ch"|"oyK1@e-HVC7Gc-Kqarn#"
"anaelle.vispo@edu.tbz.ch"|"K#FoJu-bGF#nY-msdF&@"
"mahelie.ollcott@edu.tbz.ch"|"muv2ec-15KDM&-%OYER7"
"mediamass.whyman@edu.tbz.ch"|"0exjYa-LNCH&1-c9ngJf"
"esbjoern.basson@edu.tbz.ch"|"D6P8oM-HayYOO-aZre5k"
"andrea.morrill@edu.tbz.ch"|"sWwMUg-m4JOIY-smw7Tq"
"melys.grassi@edu.tbz.ch"|"BcyD7g-c2d6xK-N%0p5R"
"leone.poleye@edu.tbz.ch"|"GEzY2q-$EChqI-w2LSBZ"
"francoise.penny@edu.tbz.ch"|"LHTceQ-kuFAIb-X@nto8"
"rebecca.edney@edu.tbz.ch"|"dHeQL#-pBVUNh-my8Vt$"
"adelaide.murtagh@edu.tbz.ch"|"DvP%Vr-m4Kvlq-t0f12e"
"stevina.winterbourne@edu.tbz.ch"|"nK$d1N-BzP&wd-mGE27H"
"ma.cottom@edu.tbz.ch"|"ICk%mu-Badsm$-ZuVVBY"
"tan.harold@edu.tbz.ch"|"uvTbRX-#$EVrl-W0Kcv9"
"venus.forte@edu.tbz.ch"|"74%Wig-YPCmZt-CFLUh4"
"almerinda.oluney@edu.tbz.ch"|"b$JSig-1d882z-9qeQOg"
"cleopatre.brehault@edu.tbz.ch"|"QekL1F-P%73WC-zikWwH"
"interessant.lapides@edu.tbz.ch"|"tLbfTS-sc%0OV-NDbB#D"
"reserves.hallatt@edu.tbz.ch"|"iwLXp#-e2$Svo-DgXVm5"
"annotes.birdwhistle@edu.tbz.ch"|"5jazlz-bw$fQe-A96NJt"
"ai.dredge@edu.tbz.ch"|"TJz6lx-mzoFKq-t$F0dX"
"megane.mussard@edu.tbz.ch"|"YnnRg6-XC1uRT-5ott2S"
"esbjoern.gowrich@edu.tbz.ch"|"ghSJQO-YeT9Fe-Z@fhzq"
"boerje.brislawn@edu.tbz.ch"|"ViL%VM-LXHtOE-tcMDww"
"becassine.wilce@edu.tbz.ch"|"PvCDrA-e&eQYr-j9R5qE"
"personnalisee.oels@edu.tbz.ch"|"$hh$xe-sj%t7P-T9LqZv"
"verane.pett@edu.tbz.ch"|"Kuey@E-ojlytO-ek79B%"
"marylene.glewe@edu.tbz.ch"|"e2HK5I-p9dvGf-pVXQJE"
"lai.elson@edu.tbz.ch"|"D56tr$-nAROz3-6wxXpo"
"serena.difranceschi@edu.tbz.ch"|"cXHLiu-qXewCZ-&WBUV#"
"lie.espinel@edu.tbz.ch"|"V6Drm2-04Xi$p-zeFUDE"
"marylene.fantini@edu.tbz.ch"|"6UX@nR-X@kSJF-Tzc3%e"
"andre.archdeckne@edu.tbz.ch"|"vgE1y0-N9AWtq-nVRqY3"
"goeran.bohlingolsen@edu.tbz.ch"|"4u@2BC-sT6ls1-1sGNOU"
"cunegonde.heffer@edu.tbz.ch"|"YPeR72-50gzMJ-AfammF"
"tan.fechnie@edu.tbz.ch"|"@Plb7h-u3t1NR-YZbxf1"
"marie-noel.brammar@edu.tbz.ch"|"M3@rDx-JyIham-hsY9$0"
"simplifies.aven@edu.tbz.ch"|"G9B8y6-KwO&O0-KX&7Hq"
"melys.pinchen@edu.tbz.ch"|"XHeAf6-1#CBZG-Q9Vw@x"
"edmee.joyner@edu.tbz.ch"|"7ZnIbW-hx&VaG-Sce&96"
"berengere.edess@edu.tbz.ch"|"6jxLlk-n9Sfr2-7N@CxM"
"marie-noel.goward@edu.tbz.ch"|"s3zQgB-HUB4H3-9nnKpz"
"ju.edmons@edu.tbz.ch"|"&O6mrp-xWjPuS-mvbkj@"
"frederique.airds@edu.tbz.ch"|"p@a3v&-Pxo73x-1#JyNN"
"reserves.dauby@edu.tbz.ch"|"w9IMM%-QuuDob-5ipgjd"
"hakan.gynni@edu.tbz.ch"|"ZbCt3@-SrZY%5-9q#RhU"
"leonore.pinwill@edu.tbz.ch"|"xQ0iJE-kaq$%7-ePCKAZ"
"marie-eve.mcallan@edu.tbz.ch"|"mnGkmy-5CNnOy-ml3h3U"
"naelle.yeabsley@edu.tbz.ch"|"rF$zsW-MfNos3-tW8mcF"
"nelie.jacobovitz@edu.tbz.ch"|"m4urrl-0cTgxt-wmKzFj"
"adele.conelly@edu.tbz.ch"|"zWKhsi-yfBu%J-0sP3tJ"
"clementine.dondon@edu.tbz.ch"|"E8c9xI-iMAP5i-ByArhe"
"zhi.willcot@edu.tbz.ch"|"ygISc0-joIuUO-fybMyX"
"chloe.janicki@edu.tbz.ch"|"m4XKXu-QkeJBO-6csj5W"
"meng.linde@edu.tbz.ch"|"El8YYG-Lbwlqf-wOz2NK"
"celine.janisson@edu.tbz.ch"|"ZN4tYz-ARa6T2-9nz@bL"
"clelia.crow@edu.tbz.ch"|"@8PlUs-LN1gP9-HvZjLi"
"cecile.pyott@edu.tbz.ch"|"H0x4IU-3#ECGD-SrsMBy"
"ma.fidelus@edu.tbz.ch"|"D2#2sQ-KKYiEc-fCK9h7"
"marie-helene.poore@edu.tbz.ch"|"7upoKO-aw9r04-T8Xs7B"
"elies.blanket@edu.tbz.ch"|"5JD1Us-&a6zYE-sup5so"
"yu.boyer@edu.tbz.ch"|"Ah0Cgk-K6QELG-GCOjGR"
"celia.welds@edu.tbz.ch"|"b5ZhcG-I1eVNZ-xq1Znv"
"du.gunney@edu.tbz.ch"|"#CL&MY-nG2fRI-3PFnvo"
"goerel.crush@edu.tbz.ch"|"aKYhVp-xmR82O-VeDZLH"
"marie-josee.brosius@edu.tbz.ch"|"9NHiO%-HY%WL&-K%Kw69"
"camelia.adds@edu.tbz.ch"|"e5mvK5-829ReI-4FHKAW"
"anae.irwin@edu.tbz.ch"|"I9sF&y-3b2ba8-8&mRKR"
"cleopatre.skeffington@edu.tbz.ch"|"CjgkYG-2h7djL-GZW30v"
"gerald.suggate@edu.tbz.ch"|"o2%#4o-OeS8te-kq3v#u"
"laurene.tailour@edu.tbz.ch"|"#EHnio-Mr3JCe-b8dHgh"
"amelie.hoble@edu.tbz.ch"|"apj@R%-66FZxp-FjcWly"
"venus.getch@edu.tbz.ch"|"GljTEf-ge3r$u-5E28Su"
"renee.treby@edu.tbz.ch"|"f9sqFi-QlvMB5-CzX3tP"
"almerinda.stait@edu.tbz.ch"|"tyaOjd-X@YxM1-YMqSsD"
"andree.reddecliffe@edu.tbz.ch"|"IDcE8K-rTIRZF-P2JUEF"
"leone.wintle@edu.tbz.ch"|"4hUX16-QgV6Cn-c3mncG"
"gerald.fellow@edu.tbz.ch"|"@7Cp&p-$OMIie-ZDOo&c"
"ju.gudger@edu.tbz.ch"|"2v5Qku-t9fRKv-oiElGW"
"meng.ohaire@edu.tbz.ch"|"roqbQ$-arTxsP-Z7LpyI"
"cleopatre.missington@edu.tbz.ch"|"7vi8Ru-&$#ZE&-5G3nAu"
"annotes.debruyn@edu.tbz.ch"|"AgBRZ5-$C0Jp%-v$NIn#"
"gerald.sinisbury@edu.tbz.ch"|"VJNHqO-C@kR2v-&J9yKw"
"creez.slora@edu.tbz.ch"|"&INmvE-djmAYu-u6lZb9"
"gisele.benbow@edu.tbz.ch"|"3&qSH3-JbCxZY-%Dck5A"
"pal.dossit@edu.tbz.ch"|"1f$Ink-LW4m0s-wYcBjH"
"nelie.stirrip@edu.tbz.ch"|"$1jz5w-Nv2ueW-KyfXyJ"
"alois.ocrigane@edu.tbz.ch"|"SLi$kg-qvYHUD-h8rQwI"
"kui.mcterry@edu.tbz.ch"|"EqDzk7-7z15js-eFytM9"
"long.willgoss@edu.tbz.ch"|"aoVbD0-yAN4LA-qTQe1f"
"francoise.sumpner@edu.tbz.ch"|"8DjIgm-sgQgIm-4Nc4Ur"
"maely.grinstead@edu.tbz.ch"|"yrlrja-nTJP8U-3o5@im"
"creez.langeren@edu.tbz.ch"|"OOXuUs-o@m#y@-OP0@ND"
"adele.dungate@edu.tbz.ch"|"Rj&UKV-q1$MA5-Nr5054"
"cleopatre.noirel@edu.tbz.ch"|"2EZR7s-zf5dX7-7rpcrQ"
"interessant.daverin@edu.tbz.ch"|"KJuwLJ-38epw5-1JJYtr"
"naeva.kalderon@edu.tbz.ch"|"u2BdQm-Kva5Lz-Gx28Oj"
"anais.oshesnan@edu.tbz.ch"|"d@oq#Q-rRKcrW-H6Dkwj"
"judicael.anelay@edu.tbz.ch"|"twG3@e-o%oGCv-4W$TO9"
"eloise.braxton@edu.tbz.ch"|"jj48#J-zWUZaK-dmKgm%"
"desiree.greguol@edu.tbz.ch"|"9FFqci-DrFLAK-QtZ67y"
"maite.mcclenaghan@edu.tbz.ch"|"OeqL$6-mFaTlh-JWgVwk"
"meng.doret@edu.tbz.ch"|"6y&r$m-%8nWrH-qFrX1Z"
"frederique.chippendale@edu.tbz.ch"|"KWQDJ1-qBssUH-RMQfiS"
"andreanne.lanney@edu.tbz.ch"|"OoyFXx-C91ws&-u#HNcQ"
"aurelie.claus@edu.tbz.ch"|"ScE0om-P6c4oA-r3w3Jw"
"renee.pabel@edu.tbz.ch"|"@wktnr-uNf1pj-ifBowa"
"maena.roust@edu.tbz.ch"|"b$Lgrk-5FSB6v-Yq$7WO"
"nadege.carwithim@edu.tbz.ch"|"UBM$x9-hVVjky-QWkokv"
"solene.geyton@edu.tbz.ch"|"8c$EZV-rbJo2k-h9dj4J"
"dafnee.avraham@edu.tbz.ch"|"F5Qffr-aSEiUg-lqNtur"
"leane.woolvin@edu.tbz.ch"|"CJRDQ@-moZzBL-wUtL&4"
"adele.macadie@edu.tbz.ch"|"6dplhv-Xs%W@p-41Lpug"
"meline.rubica@edu.tbz.ch"|"XHZ0QO-Dn7xnt-am3Xiz"
"marie-noel.speeding@edu.tbz.ch"|"eysQlE-Lil0BL-cC4#ms"
"nelie.mix@edu.tbz.ch"|"Snqc3O-aVW4@D-$AG1EQ"
"clea.ollett@edu.tbz.ch"|"EQ35$@-rzi1kO-g9I2Zq"
"leandre.mcgavin@edu.tbz.ch"|"SdDn@g-HZr4ln-Zng@M7"
"cecile.behne@edu.tbz.ch"|"cdG64f-Niy7NO-Qk12W9"
"melanie.polle@edu.tbz.ch"|"$1@13q-2CJRd#-1gmPZh"
"marie-josee.titmuss@edu.tbz.ch"|"IRPPDJ-uOJGKx-bmZ0&4"
"helena.guest@edu.tbz.ch"|"@a1N&L-c%%uOS-QuIjRP"
"annotes.chicchetto@edu.tbz.ch"|"J0&X4O-JC3CmN-i7CqAJ"
"melia.tubb@edu.tbz.ch"|"7R%FOz-5QfuiO-zBNfL3"
"angelique.casetti@edu.tbz.ch"|"XL%Z0S-Mg@C5P-DA1%mU"
"cunegonde.cleall@edu.tbz.ch"|"XK&0q&-LhzQie-gOUZqL"
"camelia.oaker@edu.tbz.ch"|"TlEL69-iy1W5t-8NgqnO"
"you.searight@edu.tbz.ch"|"zmqc$F-F#jSDN-lnb8sw"
"kevina.dederick@edu.tbz.ch"|"NLFJN3-%Zz043-bzptbR"
"milena.jeffrey@edu.tbz.ch"|"oH61V#-E8ZAac-NM%w4J"
"melodie.barkshire@edu.tbz.ch"|"qzK3#y-YqbNUy-xiNIAh"
"gaelle.kreutzer@edu.tbz.ch"|"2WiH8I-qwQr6c-Iy6K0a"
"kalliste.kleinpeltz@edu.tbz.ch"|"MzPfoM-wEzNsq-eIJBOW"
"clementine.danat@edu.tbz.ch"|"zCW8wC-5R#Wpt-7$lBA1"
"andrea.wabb@edu.tbz.ch"|"QvyhUh-DNLSKp-Y@8&qB"
"geraldine.piesold@edu.tbz.ch"|"ezJhhf-MvZJsQ-3djyJw"
"tan.fiveash@edu.tbz.ch"|"8%$2hN-v&DUtH-Eh2KhJ"
"meline.yuranovev@edu.tbz.ch"|"3UqpA9-Ub1qEF-CaIl$g"
"therese.holme@edu.tbz.ch"|"S8bSVS-ryQj5i-E8Wt8k"
"salome.vaney@edu.tbz.ch"|"E@BG29-kgeT$m-0cEnq8"
"anae.abramson@edu.tbz.ch"|"d@Ppsu-AGBhJE-7i##tz"
"kalliste.jimson@edu.tbz.ch"|"1RJLjP-JDAA3n-FSZ4F2"
"selene.yole@edu.tbz.ch"|"phJipm-&J90md-Uwvi9s"
"agnes.defraine@edu.tbz.ch"|"DKfg7n-YYYXiJ-d2BvLj"
"faites.mccluin@edu.tbz.ch"|"0L5#te-pvUkG9-fXYW0F"
"athena.deme@edu.tbz.ch"|"%4s&qI-FI2W#1-du#Zxz"
"daphnee.brigstock@edu.tbz.ch"|"9ohZq5-cGhCtd-opW2f3"
"goesta.skaif@edu.tbz.ch"|"yImDmj-pdOaGc-1MwnF%"
"oceane.jagoe@edu.tbz.ch"|"UaET$m-6mkp1@-xVsksb"
"annotes.broomhall@edu.tbz.ch"|"zJd2%J-20c3pf-1@q@w2"
"marie-eve.ballendine@edu.tbz.ch"|"be%c7z-SqyB%n-CwmQMi"
"melina.spykings@edu.tbz.ch"|"8joXDk-6xssBO-gAhl7a"
"laurene.ticehurst@edu.tbz.ch"|"wN1UIy-YwwGkH-bgMAuw"
"fei.avramovic@edu.tbz.ch"|"8MR8lx-kRv51D-R90cIE"
"publicite.strathearn@edu.tbz.ch"|"rmmJFU-yQV%FN-N%rPch"
"torbjoern.garrow@edu.tbz.ch"|"pcTgy9-ejtYiv-QmTet5"
"chloe.rubinsztein@edu.tbz.ch"|"wQo40f-XzadkQ-4E3NM@"
"mylene.demanche@edu.tbz.ch"|"jfySIr-0wF$zj-wXDrW$"
"mediamass.godlonton@edu.tbz.ch"|"QZ0BV&-FZaIWx-9q0hK8"
"renee.shurrocks@edu.tbz.ch"|"txz&7M-D7O%Bk-tYg9WM"
"maiwenn.jedras@edu.tbz.ch"|"WD2xFa-i#qa#2-5rbZcK"
"genevieve.castells@edu.tbz.ch"|"MEM#qV-Owt5a2-X#CWLE"
"renee.sneden@edu.tbz.ch"|"sanckQ-hvzabN-FfysPu"
"lai.mccallion@edu.tbz.ch"|"K@g3tA-XrmKNE-DFOL5U"
"kevina.impleton@edu.tbz.ch"|"lAxLxy-n8tu9T-hnlY@C"
"oesten.fresson@edu.tbz.ch"|"O7IUm9-eZkslf-@iMwQU"
"verane.shawley@edu.tbz.ch"|"WIVDf#-vsJt$S-Qvr8Vs"
"uo.sjostrom@edu.tbz.ch"|"aaW7b%-gDRO6x-tyNvz#"
"gisele.gothup@edu.tbz.ch"|"rx2wOm-KTceHX-V0c5$m"
"renee.beauman@edu.tbz.ch"|"88hEqS-Ci5mHz-my5GX$"
"elies.loton@edu.tbz.ch"|"TTf&nt-OUGyis-nO#a&v"
"valerie.elsmore@edu.tbz.ch"|"GZihP5-wRSD@h-ojSkWM"
"berangere.delafeld@edu.tbz.ch"|"XGHO9o-A4unvA-2ktuA5"
"bjoern.schimke@edu.tbz.ch"|"$@b1kt-8HktY1-7QdUcD"
"loic.ericssen@edu.tbz.ch"|"WivoD$-zp19P1-vKuglv"
"creez.richarz@edu.tbz.ch"|"b#%dAe-GJVPgs-$#FS5J"
"athena.grocott@edu.tbz.ch"|"%wc7Y%-#jNS3e-zlBvlx"
"naelle.piotr@edu.tbz.ch"|"Rrk1uY-tGL5Mj-YEX4ZP"
"maella.paulson@edu.tbz.ch"|"mShyve-439CYI-Tm3rN6"
"song.perot@edu.tbz.ch"|"38ikgW-KFq69w-gP&Pv3"
"kalliste.heckney@edu.tbz.ch"|"lHoOTs-JjIEAl-S2HlyA"
"ake.vasyutkin@edu.tbz.ch"|"KNE5r7-mKwob%-6f0Fjz"
"ma.castles@edu.tbz.ch"|"LK1wMj-bvUUyC-85s4G#"
"maely.monget@edu.tbz.ch"|"lg16pX-c7@uC9-KiGKXa"
"tang.durbridge@edu.tbz.ch"|"Cm01uo-#yOfF0-qYG2&t"
"laurene.andrew@edu.tbz.ch"|"chZy2O-aYh4aG-jMX%$x"
"lysea.beacon@edu.tbz.ch"|"HZRaBF-5Vyqs0-JRSThJ"
"leandre.peyntue@edu.tbz.ch"|"Pk0vCo-4r4tjB-fAAKAq"
"rao.trever@edu.tbz.ch"|"HDl##9-p&OVnF-f1KEtF"
"mahelie.streader@edu.tbz.ch"|"HTjgit-bWo5$Z-B&YSg#"
"maerta.andrejevic@edu.tbz.ch"|"HAW1%3-Cu&tac-93ZCo0"
"goesta.tompkins@edu.tbz.ch"|"lrZQWo-NHy3cd-8PCAT3"
"helena.agates@edu.tbz.ch"|"pV3QdA-dOsGDg-b9u5Gs"
"therese.glass@edu.tbz.ch"|"Tv7UMH-c28wbo-m7q7ug"
"alois.foan@edu.tbz.ch"|"bl6azS-INrCpP-nI4O5E"
"becassine.melchior@edu.tbz.ch"|"N$1bAN-Jl3v3g-wcylUr"
"cloe.robart@edu.tbz.ch"|"qBsQkc-c6monU-kprmrL"
"daniele.puckinghorne@edu.tbz.ch"|"@%P6x9-yyX7l@-mxSRyV"
"selene.cammidge@edu.tbz.ch"|"2o9zXO-MGyYDy-GAg@O6"
"regine.conochie@edu.tbz.ch"|"wc6DLW-QEVVw&-p34BtC"
"interessant.tuiller@edu.tbz.ch"|"LKyYCu-y1$27Z-6Xcq0Y"
"long.tiebe@edu.tbz.ch"|"JfQqIn-@fnTpj-5RdnQq"
"mans.yele@edu.tbz.ch"|"G6o7Z6-czofn4-9zm8r&"
"ai.giles@edu.tbz.ch"|"tJ43RP-$0fvGU-Pt%S$P"
"gaetane.hamberston@edu.tbz.ch"|"35J7iX-H0fBpn-#Orw7j"
"marylene.fenix@edu.tbz.ch"|"s&%DAV-%0#yoz-$pjFDE"
"geraldine.graeme@edu.tbz.ch"|"@HFa5O-%EdmjE-ZPSm7o"
"tang.kinglake@edu.tbz.ch"|"ysZ8E1-xQHIbH-sslh96"
"lai.challoner@edu.tbz.ch"|"SCQFqD-rPIN53-45JU&@"
"desiree.mattei@edu.tbz.ch"|"FURFPJ-1VNdwy-qmYYm9"
"ake.erley@edu.tbz.ch"|"RP3orp-sucya%-kTQb4Y"
"edmee.cavil@edu.tbz.ch"|"2Mhb$2-KxFv7#-vIOUgh"
"alois.moyes@edu.tbz.ch"|"a5vUKC-EWBJGU-ScMdKT"
"becassine.pitman@edu.tbz.ch"|"wzAwdb-SnNV8%-NyXm3t"
"ai.giacovelli@edu.tbz.ch"|"QZk&pf-mKK45F-XAX#7f"
"judicael.fruchter@edu.tbz.ch"|"lhXH#J-0vhh6c-I1@V7u"
"mans.mogg@edu.tbz.ch"|"vkodrr-ty1NgF-pPjNmQ"
"gerald.foyle@edu.tbz.ch"|"A9MBfE-@nK4GN-oWhN2O"
"wa.androletti@edu.tbz.ch"|"XsoJfe-c7p4Oo-lCU@UM"
"meng.ollett@edu.tbz.ch"|"5LUb5Q-6V6inT-LpLwXF"
"naelle.macmenamy@edu.tbz.ch"|"Pw4y%w-x$teSe-bygBrQ"
"gisele.mcramsey@edu.tbz.ch"|"Xt7pls-taN$Vq-nRpZtX"
"meryl.scolts@edu.tbz.ch"|"1NZzea-aA@js5-EI#0Ne"
"celia.bloxsome@edu.tbz.ch"|"GRQxR2-I7MsjA-xCgeHp"
"styrbjoern.stuke@edu.tbz.ch"|"ygeRFA-%6D2Q6-jeFhz5"
"felicie.gwilliam@edu.tbz.ch"|"AUPtMd-xi5zGY-p8LT&8"
"da.harms@edu.tbz.ch"|"RoebSV-KoSg6X-X3zQKp"
"celestine.baulk@edu.tbz.ch"|"CG9sri-#3YhAi-GEdxKA"
"mahelie.blackledge@edu.tbz.ch"|"vpY5C6-Es5bTU-9ARWnT"
"meghane.salt@edu.tbz.ch"|"pgNKT3-3yNVmX-$3RfwN"
"methode.paxeford@edu.tbz.ch"|"p#9wdG-C#VJUd-JAr@D0"
"asloeg.milligan@edu.tbz.ch"|"n0aXW8-uyjRPf-Qs#8lP"
"you.pellman@edu.tbz.ch"|"fc76q#-soFPPs-dBFKCK"
"loic.regenhardt@edu.tbz.ch"|"c@mJvz-NeWeWC-mHhObj"
"daniele.savill@edu.tbz.ch"|"ari&il-gs4jDk-ekBTnF"
"alois.cornu@edu.tbz.ch"|"nMEQYV-#uvXbk-SXzl$g"
"oesten.govey@edu.tbz.ch"|"NylthZ-&9YafU-D63Crj"
"marie-eve.louch@edu.tbz.ch"|"$bgI$5-hS$7kc-QBnO0P"
"theresa.wenn@edu.tbz.ch"|"KSaLA2-jzDY8g-GDO@bR"
"andree.eul@edu.tbz.ch"|"UiXfcb-&KcX%d-6r3J9h"
"lie.paynton@edu.tbz.ch"|"ht&Nh@-NLe#vA-XUGT0e"
"marie-eve.girodier@edu.tbz.ch"|"lMzoL$-TtULL#-nQTPZH"
"marie-noel.smithe@edu.tbz.ch"|"ZFT1mh-7UTOdg-MhcenF"
"men.bootyman@edu.tbz.ch"|"Ao0RXe-2oX$h%-Rxl4$H"
"ku.sugg@edu.tbz.ch"|"h11Ijy-BHwcRO-hE6Y2j"
"lucrece.roseman@edu.tbz.ch"|"d$MY$h-DoLGXx-JeNwg0"
"zoe.annear@edu.tbz.ch"|"M0Mt7z-G3y5sH-6b3@j1"
"marie-helene.rennebach@edu.tbz.ch"|"mxoQUb-1Y0KPb-JJGIf$"
"lea.djurdjevic@edu.tbz.ch"|"5ebO2H-55IC1Y-ah1sYU"
"goerel.robert@edu.tbz.ch"|"NjXXnJ-xiLk81-KjeCPh"
"mylene.foldes@edu.tbz.ch"|"5YdJmq-UXIXnM-DMqWo1"
"faites.clegg@edu.tbz.ch"|"ARYMx7-@1bwDw-V5mn3@"
"marylene.crowcher@edu.tbz.ch"|"mK5EXq-SfiXVA-UAzKrY"
"aimee.wimpeney@edu.tbz.ch"|"VgtJxD-VxV9m6-P7saNw"
"renee.atkins@edu.tbz.ch"|"AUv4&O-FhT#M&-cwZ$pz"
"rejane.cainey@edu.tbz.ch"|"n#Z$fE-zokTG9-lYG%5r"
"solene.britney@edu.tbz.ch"|"d4dcgf-uZiYB3-#XUG0&"
"marten.shatliffe@edu.tbz.ch"|"uFY3eT-vu5myH-FA6Ru&"
"maite.issatt@edu.tbz.ch"|"j%SBoN-RvErXH-5vGDec"
"maelyss.edon@edu.tbz.ch"|"lDP%%%-J55oGH-NwcxyJ"
"nuo.bamling@edu.tbz.ch"|"DDr231-0kqnOW-MXKtRx"
"anais.edards@edu.tbz.ch"|"HFZue#-2$To99-bGlTMp"
"mediamass.bromet@edu.tbz.ch"|"K35jYu-h4ou3k-Se8Yo7"
"beatrice.kimbrey@edu.tbz.ch"|"snf0C$-1#vvnP-FzzQM9"
"ines.lawranson@edu.tbz.ch"|"ODoVu4-r%Qwkx-TPn3kf"
"kalliste.scandroot@edu.tbz.ch"|"xAlHKO-3Ky5dV-vuX3bv"
"mans.barrowcliffe@edu.tbz.ch"|"U7gVC#-7Vlm$I-5UzQ0K"
"irene.couves@edu.tbz.ch"|"iRKOqM-enqrzI-OPWbTy"
"milena.mucci@edu.tbz.ch"|"8qhGGu-vVTrxd-1abVV4"
"naeva.cow@edu.tbz.ch"|"bmFqda-SlzSrc-WrA$bR"
"audreanne.mournian@edu.tbz.ch"|"x13xU#-gJIgEW-yGZZqM"
"melia.sinnatt@edu.tbz.ch"|"fIeS$y-Ll4XPF-qJpyhd"
"nelie.burnard@edu.tbz.ch"|"sc5$SJ-vPmU$s-FF1voJ"
"clelia.ashfull@edu.tbz.ch"|"#KZ%EI-sO0izZ-LbbJQ0"
"lie.macard@edu.tbz.ch"|"CJ6ipK-KDodfF-#bu8n#"
"valerie.matoshin@edu.tbz.ch"|"RitQCW-OQDJbR-%PxAmQ"
"anael.hatherleigh@edu.tbz.ch"|"uCq4LB-MAQ@WN-OXXA7Q"
"interessant.warratt@edu.tbz.ch"|"gEyK5p-9$TMwo-U@P6nk"
"eleonore.volage@edu.tbz.ch"|"47Uu69-ToN6JP-@8&wAd"
"zoe.stebbing@edu.tbz.ch"|"yfvmIP-XZbZ31-c1ufzg"
"alizee.nye@edu.tbz.ch"|"8udgKk-#HZbaO-PoWFXR"
"celestine.bramley@edu.tbz.ch"|"egfPT5-z99C0H-k2RZ%Z"
"selene.philcott@edu.tbz.ch"|"VGE$po-gH9SCD-u73#$2"
"tang.newens@edu.tbz.ch"|"@#Y$Db-ssY$uA-TlwBfb"
"annotes.powys@edu.tbz.ch"|"H4LVMg-PGXs1I-ONN$5R"
"lea.matthesius@edu.tbz.ch"|"pbDrNU-nc$qXl-#5#@mW"
"illustree.garlett@edu.tbz.ch"|"IbrhP#-R5oVlA-#3eZ8M"
"maiwenn.meachem@edu.tbz.ch"|"&BZkT4-AYyUXo-RWSZt#"
"marie-francoise.mcbrady@edu.tbz.ch"|"p3$XYF-%0ssU7-l%trmV"
"illustree.gimbart@edu.tbz.ch"|"wxv5to-9dDkuT-m8r5Pw"
"melys.lyosik@edu.tbz.ch"|"ZjXmXf-2UGU0T-8&dRNv"
"marylene.mcnab@edu.tbz.ch"|"kDJQS&-beN1Wx-X4@sAm"
"gerald.blount@edu.tbz.ch"|"WDGTeW-Ey85k#-rmq7WN"
"clelia.shakelade@edu.tbz.ch"|"#pj$51-9WMgIV-$W%mtm"
"penelope.cridlin@edu.tbz.ch"|"tBPeO3-wiYD77-%TZ%yL"
"maena.okuddyhy@edu.tbz.ch"|"0j7vRk-dkEzU0-a3t5k7"
"athena.keynd@edu.tbz.ch"|"uHtJIP-imwKb1-e2$Z$y"
"cloe.dwine@edu.tbz.ch"|"nhH$xi-NgtPi0-#&OtHx"
"josephine.browett@edu.tbz.ch"|"S#4yZw-NtxO$0-UXiVcB"
"audreanne.oscanlon@edu.tbz.ch"|"5i1eq@-bNxbuD-0bZYvZ"
"fei.jeanequin@edu.tbz.ch"|"1BjwlI-Nk@Gz4-#@y14M"
"lois.gormally@edu.tbz.ch"|"5y9xie-SZ4MAu-gARv1b"
"marie-francoise.finnigan@edu.tbz.ch"|"TCv#4P-LWTRxe-7CyXWt"
"leonore.trussman@edu.tbz.ch"|"Ce#68d-#4D15w-U5C2%m"
"anaelle.trumper@edu.tbz.ch"|"O&N0Hd-z9V@fj-CW@#NT"
"clemence.dionis@edu.tbz.ch"|"tz6Ebm-fDpvWB-oRmP&X"
"lois.tranmer@edu.tbz.ch"|"cwRv7e-zJ@Q4R-092hcs"
"interessant.volett@edu.tbz.ch"|"dvMItc-Y9jq1x-BcRhyi"
"personnalisee.deackes@edu.tbz.ch"|"jCu@Fc-AXP$tH-W2f0rF"
"lie.vasiliu@edu.tbz.ch"|"ytWVu2-lVXie#-GQ#B$U"
"dafnee.lamputt@edu.tbz.ch"|"O28ypK-1EM#Jr-7J1VF&"
"elies.bromige@edu.tbz.ch"|"V1J$$8-$UCvk4-%Nn#wL"
"helena.klosser@edu.tbz.ch"|"4ma4ur-dcVEEK-ejNhZ0"
"andree.grim@edu.tbz.ch"|"M@a6uW-edEmhl-n5b4rh"
"verane.coldbath@edu.tbz.ch"|"@dH5&y-OI8ZVE-WQfGgq"
"helena.bethell@edu.tbz.ch"|"YGC@Yd-htH$JR-i#lWjO"
"kalliste.carefull@edu.tbz.ch"|"4r&AU4-A1o5Ai-am@KH3"
"regine.odams@edu.tbz.ch"|"vcu2K3-M84srJ-NsZLE3"
"len.stannus@edu.tbz.ch"|"PsU7PH-wK1#qm-ST3YZK"
"angelique.works@edu.tbz.ch"|"0xPgb2-cdxgKw-5MOQBx"
"goesta.rheaume@edu.tbz.ch"|"R7tEB4-Xs@tAk-mhXt&T"
"maelys.tynnan@edu.tbz.ch"|"VNmp7G-6fwHfS-M7F0Rm"
"maelle.carlesi@edu.tbz.ch"|"WJp6NR-&S7GYN-JUCpk5"
"anael.spurden@edu.tbz.ch"|"Ogb#lE-a1x9o5-wq7Dt5"
"helene.pumfrett@edu.tbz.ch"|"&7Au6&-Maz&kq-G8kYIQ"
"goerel.pearn@edu.tbz.ch"|"iydQk1-QZQe70-2S65S#"
"laurelie.dezamora@edu.tbz.ch"|"LPUMYQ-Bk50Oj-RR0BdK"
"yao.twidale@edu.tbz.ch"|"uJamAf-IyH#fq-Kk2Pmq"
"berengere.sola@edu.tbz.ch"|"WT3Qzr-KX6RBT-0BUvB6"
"maelann.hardistry@edu.tbz.ch"|"JJOCCe-&Wh3uJ-p18&OS"
"severine.littlefield@edu.tbz.ch"|"OfyncF-6Y#ym@-nUzFUS"
"salome.heinl@edu.tbz.ch"|"R$sFD#-vT%Ght-DPnbWS"
"meryl.warbey@edu.tbz.ch"|"zfudPY-lK8&ww-IBVEAl"
"da.hunstone@edu.tbz.ch"|"FXk#iq-n9QIkq-eHBIR%"
"venus.broadbury@edu.tbz.ch"|"zUVWgx-d&195p-wgHFis"
"meghane.rentelll@edu.tbz.ch"|"jUxK2b-62KJO1-VjTqB6"
"marylene.drewitt@edu.tbz.ch"|"PJaeaP-m80W9D-cLZT2h"
"melinda.jacquemet@edu.tbz.ch"|"KKPYBo-VgS&ao-9fwaG%"
"marie-josee.keyden@edu.tbz.ch"|"k7nokc-hV8JR3-bYI8#v"
"asloeg.montacute@edu.tbz.ch"|"eLgkrC-ABR7bR-X4NIsZ"
"ku.andreou@edu.tbz.ch"|"$Ph$#C-47lHps-jdBtOO"
"personnalisee.feaveer@edu.tbz.ch"|"FWojnR-YaSobp-2O#5aC"
"laila.emptage@edu.tbz.ch"|"jZXdlg-M6rPYd-ZtBHyd"
"bjoern.dawdry@edu.tbz.ch"|"8%zOi6-4Jy0Hj-Lq9qRs"
"marie-eve.dinsell@edu.tbz.ch"|"vP@%h6-dr4fHf-tzf1SF"
"helene.follett@edu.tbz.ch"|"pfj0eG-NA45WO-v8wkQo"
"penelope.cordero@edu.tbz.ch"|"N7tWZ3-JZqMZ#-eA3gvE"
"boerje.beedell@edu.tbz.ch"|"cZK0iN-ohED1M-CqVOYq"
"nelie.ferne@edu.tbz.ch"|"8EXsI@-E%yusE-NrL@fV"
"celine.ahmed@edu.tbz.ch"|"50nbcx-94xuMk-Tga&Kd"
"stevina.pimblett@edu.tbz.ch"|"lsSmsh-HDsRLN-gzyrtM"
"chloe.langlands@edu.tbz.ch"|"kxLVli-&9mfpr-Z7H9jR"
"simplifies.maude@edu.tbz.ch"|"1ulT$8-Xo0z51-%rsoY6"
"genevieve.decarteret@edu.tbz.ch"|"O55&qT-q$2vvS-gEIhUX"
"marylene.mughal@edu.tbz.ch"|"NNEmJO-BDa0hC-c6qs3e"
"goeran.guttridge@edu.tbz.ch"|"WG683W-r4UGsc-9#Usdp"
"michele.smurfitt@edu.tbz.ch"|"Y5$2Fx-@lCzxL-fpgqUZ"
"methode.hadeke@edu.tbz.ch"|"nn1E8Z-JXmXtm-Y3%5g#"
"therese.rispine@edu.tbz.ch"|"aOj39o-4jb2uz-&X9CVJ"
"goerel.plumley@edu.tbz.ch"|"V%sEaJ-XBnQyf-RUIL#K"
"oceane.friett@edu.tbz.ch"|"vDDWxs-Uq8ARY-$Heko8"
"marie-noel.achromov@edu.tbz.ch"|"J4$Cdz-&P3DCt-McndDD"
"dorothee.storek@edu.tbz.ch"|"Uy7voP-%XW$y1-fYyV21"
"goesta.whittle@edu.tbz.ch"|"xkYg6r-#JgTPM-vybUjv"
"desiree.casely@edu.tbz.ch"|"S66l29-Mp8CYc-AJYMXF"
"felicie.condon@edu.tbz.ch"|"L&bKmW-n8fKRP-1527ck"
"maelyss.frisdick@edu.tbz.ch"|"BhsCkD-@V3xUY-KVLUfQ"
"aimee.banke@edu.tbz.ch"|"qAlFEJ-gPUhkk-QK9F@p"
"naeva.hodcroft@edu.tbz.ch"|"JdlT9u-gUt7Nl-nAFWjG"
"laila.gerrans@edu.tbz.ch"|"#MtB5&-vqgKdO-I&ilGv"
"daniele.scrimshire@edu.tbz.ch"|"&2lGRH-M5AzBH-7XGA0j"
"daphnee.sheerin@edu.tbz.ch"|"7XUoKY-ZQqru5-6uSzOR"
"pal.vanyukov@edu.tbz.ch"|"2FmQhd-jBpf3G-MzT0Kz"
"zoe.childs@edu.tbz.ch"|"fEKh1S-N9s4Df-&5ossH"
"ai.corde@edu.tbz.ch"|"Ey$jR$-J4NO&7-EdHN9M"
"maelys.berryann@edu.tbz.ch"|"dLo0Tp-Bf6hFI-2ysKZL"
"cloe.gladding@edu.tbz.ch"|"VdXw9x-s3b5D8-NwP@0l"
"wa.kinnaird@edu.tbz.ch"|"Y#W%0v-af9Xqi-@hu0c@"
"publicite.brittoner@edu.tbz.ch"|"c8sQcb-QKbsEu-BbyunH"
"rao.windress@edu.tbz.ch"|"@#fcEp-w@@YrY-BXpB61"
"uo.kollach@edu.tbz.ch"|"9k9#dE-xiDUdP-DY33#X"
"josee.peskett@edu.tbz.ch"|"S6r1Of-CTXYXq-gQFtOX"
"annotee.hasel@edu.tbz.ch"|"GhB@AY-46Klie-LX%%PR"
"cinema.lee@edu.tbz.ch"|"n@RKKL-3DSQmG-LbRumc"
"lai.vedeshkin@edu.tbz.ch"|"KvjCK9-$tPrAG-rdwz3J"
"renee.brisbane@edu.tbz.ch"|"2B@4A$-7YBLPU-mnqcOE"
"ophelie.blincoe@edu.tbz.ch"|"ggGkA@-adZTv$-An9&o@"
"zhi.prazor@edu.tbz.ch"|"Mm%9vj-F#dzvN-TfdDA&"
"annotee.maddicks@edu.tbz.ch"|"1PEiPN-S#RtYN-8u5B@y"
"maelyss.codd@edu.tbz.ch"|"NpZIs3-n4s@lv-&xrXBr"
"celia.peplay@edu.tbz.ch"|"Qz2Ymv-9U6lFw-itKYzm"
"interessant.skone@edu.tbz.ch"|"BKO#52-21LABF-Koy1pN"
"audreanne.hebdon@edu.tbz.ch"|"NaWad9-oNXwA%-4j&9S@"
"oceane.glen@edu.tbz.ch"|"jxycKG-hApmmq-WdPTub"
"daniele.vanyushkin@edu.tbz.ch"|"RMX$8M-TtI5ln-nNYu#a"
"daphnee.ayce@edu.tbz.ch"|"E&LrfQ-2XwxH6-BZsS%Q"
"andrea.attride@edu.tbz.ch"|"ComwpI-ynL286-R2&MwJ"
"penelope.bridgwood@edu.tbz.ch"|"szKUh3-F6lAjy-JV$R@m"
"mailis.drewitt@edu.tbz.ch"|"GUXyEQ-AH%ntm-JBVuH4"
"penelope.mollene@edu.tbz.ch"|"VASqHy-eZzwyL-@mdYyg"
"illustree.keely@edu.tbz.ch"|"mwZmkH-J@ty1I-MmWyg0"
"meng.brisseau@edu.tbz.ch"|"eFpEez-O1fXWp-U7X6zV"
"ruo.cleiment@edu.tbz.ch"|"gr9eN7-AuZw7&-ORSrJw"
"maite.krammer@edu.tbz.ch"|"L#j7%j-&eH8tA-Uhz@7w"
"genevieve.verry@edu.tbz.ch"|"NH8$gj-GsyxWD-KLrYye"
"lea.olochan@edu.tbz.ch"|"oD7pbY-qABisi-8xBh0s"
"naelle.brunnen@edu.tbz.ch"|"M4Kgs3-wusUT3-FL&a83"
"goesta.bragginton@edu.tbz.ch"|"HjiwZH-L@@7Yx-2jtwIk"
"fei.danilyuk@edu.tbz.ch"|"EYQjJa-4aqEBI-G@MC84"
"adelie.turbitt@edu.tbz.ch"|"$uG5s9-rRlRQM-IHS%fw"
"marylene.nutman@edu.tbz.ch"|"AegUJp-pxiDMc-7ZKAKj"
"therese.barbrick@edu.tbz.ch"|"aSRa@l-d94Qg6-NFXYNz"
"melys.kolodziej@edu.tbz.ch"|"B2bKqB-dausX#-7P$FWA"
"melanie.runchman@edu.tbz.ch"|"SQXHoz-zYSyQj-Z%IQ3#"
"serena.lafond@edu.tbz.ch"|"A&O9ex-EThbDs-UoF1yf"
"pelagie.desmond@edu.tbz.ch"|"5hU3vU-KvZR3Y-xj&Xaf"
"wa.spickett@edu.tbz.ch"|"%J0AN9-oAK4aZ-pl@r@x"
"po.shave@edu.tbz.ch"|"3u73&j-GXRuLV-zJE3jl"
"song.huikerby@edu.tbz.ch"|"FM1IVJ-ooZxea-zN4jQD"
"melinda.bimson@edu.tbz.ch"|"lFl&U$-Ay&Brh-nNcLY%"
"personnalisee.toffanelli@edu.tbz.ch"|"oUI@2G-SxZi8t-yYZvrn"
"leandre.hurn@edu.tbz.ch"|"9ELPxR-u6wBUd-QopGFK"
"oesten.standell@edu.tbz.ch"|"4cuaNa-a#R5Tt-zVoRUU"
"naelle.smaleman@edu.tbz.ch"|"exMUoa-kFja12-6LZM3q"
"berenice.tayt@edu.tbz.ch"|"MQ#IdC-3ZzUVJ-l%@%cR"
"kui.popplewell@edu.tbz.ch"|"vNFX5h-nyXTnw-OiYISA"
"melodie.ferandez@edu.tbz.ch"|"Vlqvbx-mWRIuJ-AVRJWx"
"josee.negal@edu.tbz.ch"|"i4n9&o-sVx$ER-AGCCuJ"
"melissandre.ferrelli@edu.tbz.ch"|"ykOYZ3-Avoy&K-2lRybE"
"josephine.kemmer@edu.tbz.ch"|"kfJKIU-qlpk1r-CP$0G#"
"maely.cayette@edu.tbz.ch"|"vHN%dm-k9u$iW-X1VMMS"
"nelie.vela@edu.tbz.ch"|"BfC7@U-4dl0F0-rGKwwI"
"melina.cortes@edu.tbz.ch"|"e2Sz&h-v#7jP4-n8opbF"
"megane.leyshon@edu.tbz.ch"|"uAXbw9-KDNNe3-da3ruN"
"regine.harrie@edu.tbz.ch"|"KY2Szx-lKJKJi-rJnTF6"
"mylene.widdison@edu.tbz.ch"|"8WU%Tx-%rzE9x-5zWdr5"
"pelagie.vivash@edu.tbz.ch"|"u5qUOi-&QXE5k-i$%OfE"
"styrbjoern.vicarey@edu.tbz.ch"|"hUF53e-p$19e1-XKkrBt"
"long.kyles@edu.tbz.ch"|"FiAW6D-1B%Brv-2bO8z8"
"stephanie.gipps@edu.tbz.ch"|"Vy%i%b-2MM$oD-fOgvqG"
"clea.constantine@edu.tbz.ch"|"&#n@VX-jx@SCD-KrTfsX"
"maella.cometto@edu.tbz.ch"|"i&ks8M-LP%asj-4&ULrT"
"laila.aubrun@edu.tbz.ch"|"ibA#Ne-i$rzZF-4Azps#"
"yao.austins@edu.tbz.ch"|"KmEH0e-9CQQ7S-xYgxpf"
"mailys.rylstone@edu.tbz.ch"|"yGQCV3-CeAbpw-MMCYSW"
"adelie.curuclis@edu.tbz.ch"|"k7HAt$-alaXSV-ehKJjk"
"celine.longhurst@edu.tbz.ch"|"3IxM%@-cVgSLb-fHsItE"
"gisele.hazell@edu.tbz.ch"|"fiReqb-L7lZQx-ib0LEU"
"celestine.ciccone@edu.tbz.ch"|"d8AQ0n-kuhx1Q-BFzAIQ"
"maelyss.doole@edu.tbz.ch"|"7Va2$Z-ER@0Wq-8txRL&"
"helene.grimsdike@edu.tbz.ch"|"l6Z8Xy-#qvkjB-RkWoyp"
"lie.macer@edu.tbz.ch"|"w9WBLy-UiMp1B-9oqqjU"
"maely.izard@edu.tbz.ch"|"9&l28o-wlF56F-P5kM$a"
"erwei.breewood@edu.tbz.ch"|"4VUNs4-aB%Y#Q-zKOtKW"
"chloe.woolford@edu.tbz.ch"|"w#SocZ-qv9t0J-9xQH@W"
"cleopatre.turpin@edu.tbz.ch"|"tvEL@P-GQplK3-@#9AUD"
"melodie.surgison@edu.tbz.ch"|"ZkexmZ-lyzWnx-PabII4"
"elies.leander@edu.tbz.ch"|"CdomPA-Ixii6r-fL2B90"
"mediamass.reignould@edu.tbz.ch"|"AQ#gW%-@x&7nc-OfWEkV"
"celestine.wasmuth@edu.tbz.ch"|"wcLkHZ-1a%BiC-FH5gZx"
"marten.jervis@edu.tbz.ch"|"n0x&vF-%AhX5g-xp6G6#"
"daphnee.bour@edu.tbz.ch"|"ihMN6Q-J3Iz%X-Y2SUjj"
"regine.harlett@edu.tbz.ch"|"YAPQ@2-ox&9vJ-DUHEV@"
"noemie.macaskie@edu.tbz.ch"|"4hR1pJ-Q#5xw3-qPZpQK"
"loic.renfield@edu.tbz.ch"|"tHrzbr-Sme$Ic-&j9@2A"
"venus.kleinert@edu.tbz.ch"|"s7@PaY-NWODbK-FqDU1#"
"marten.burlay@edu.tbz.ch"|"zvl6x3-l5&@2H-FZucMI"
"berengere.radsdale@edu.tbz.ch"|"qAaW@s-vpMSi8-$tq3Rz"
"genevieve.duckit@edu.tbz.ch"|"mhQA@I-dernop-eHKaaY"
"maely.ligerton@edu.tbz.ch"|"amqP$Y-Aic84r-ZQy@7K"
"maeline.ricciardelli@edu.tbz.ch"|"zIeIAx-kt28jW-223FNA"
"personnalisee.yggo@edu.tbz.ch"|"M&AsR1-iAVDtD-JIICo&"
"alizee.pettinger@edu.tbz.ch"|"nqcVpn-4Y6nFI-@ydaWe"
"desiree.curnnokk@edu.tbz.ch"|"#M3cuI-9gyYSS-RM9VLG"
"dorothee.minors@edu.tbz.ch"|"&ZKBLJ-I6yAN2-o1LhE7"
"oceanne.kopmann@edu.tbz.ch"|"y2mAUS-JEjZc2-D9ROzC"
"almerinda.brodbin@edu.tbz.ch"|"9h4rKx-wz8m3r-8qaE%A"
"yenora.carsberg@edu.tbz.ch"|"c6QTQh-IQOP4R-1EcI$J"
"wa.beetles@edu.tbz.ch"|"jH8QxC-pspbN3-6RAF#f"
"audreanne.abbot@edu.tbz.ch"|"ApfQOi-9N8vpV-ces7VM"
"noemie.capper@edu.tbz.ch"|"pukfJy-cAew8U-F7Cni1"
"mans.abramamov@edu.tbz.ch"|"Xgczmh-%QRFKN-W2crO1"
"audreanne.blakey@edu.tbz.ch"|"u5AOoR-LIiqry-9ta1Gd"
"leone.klimpke@edu.tbz.ch"|"AETKjI-G3Y4ya-bldhbp"
"lie.croston@edu.tbz.ch"|"JL0aE6-Tg3#wo-XR$Cw5"
"anaelle.baistow@edu.tbz.ch"|"6ijyLr-ChUwM5-@l5MXd"
"michele.garwood@edu.tbz.ch"|"s6ZfAX-tyQ#KJ-ZV%jol"
"interessant.albion@edu.tbz.ch"|"GC3YPn-PfxrQH-9LaDMT"
"andre.brisco@edu.tbz.ch"|"f6R8GZ-@QdSqR-rZZKDb"
"tang.totterdill@edu.tbz.ch"|"3bez@3-3VgKBw-QFZ0xS"
"marie-josee.braundt@edu.tbz.ch"|"EcK$O@-du0s0a-#&MHqH"
"lois.galer@edu.tbz.ch"|"DEOBvE-nFymrt-USDmIB"
"faites.pellamonuten@edu.tbz.ch"|"pvyskg-wC1M6r-WRWbyt"
"mai.barfford@edu.tbz.ch"|"$sx4Io-esR%1n-N4b2ob"
"laurene.macilory@edu.tbz.ch"|"1Jp1M#-#6vbYW-$LPv7q"
"elea.peak@edu.tbz.ch"|"a3cBX7-98hg7t-j3mLEU"
"rejane.doni@edu.tbz.ch"|"uBWiQ@-IF&9TI-Zy$9XC"
"mahelie.ector@edu.tbz.ch"|"XTxfqb-GmY0e$-zrjn4R"
"rachele.allum@edu.tbz.ch"|"%EH7w2-qHwEp$-lfxj8N"
"laila.gerretsen@edu.tbz.ch"|"6bMRhW-nUA#WX-Sf5rz7"
"ines.bowman@edu.tbz.ch"|"RJ16Mq-wRRb0s-qRy&LX"
"publicite.barbary@edu.tbz.ch"|"lf6&f@-iVQ$JD-IeyOAv"
"mailys.smooth@edu.tbz.ch"|"%ZrPLh-Ubq&Za-htMRZv"
"mailis.huguenet@edu.tbz.ch"|"IXK&Ft-KQi@Ja-rXAeIP"
"lea.ewer@edu.tbz.ch"|"P5xeW7-dfDehv-YYDP6d"
