"email"|"password"
"melodie.vandervlies@edu.tbz.ch"|"0woggp-ddg%rw-1YJz3o"
"angele.edgecumbe@edu.tbz.ch"|"BD7ux$-hSz5Ec-Kngmb2"
"zhi.andreasson@edu.tbz.ch"|"mi9Ao&-X1#SCQ-VS2UBS"
"judicael.koppeck@edu.tbz.ch"|"CPSJAF-vAX14p-9IftU7"
"berengere.capron@edu.tbz.ch"|"qQ68QR-Fl@BDB-mDbdTA"
"leonie.brosini@edu.tbz.ch"|"f0Sj8$-HKBZ3I-p5IV5M"
"venus.garfit@edu.tbz.ch"|"hjL2mc-p75rGO-#nMiuJ"
"melina.janota@edu.tbz.ch"|"eJx#n%-SsDCo5-4ZEap2"
"laurene.bake@edu.tbz.ch"|"2Tj@6u-sWNxy$-cK1864"
"regine.dorkins@edu.tbz.ch"|"XEn5qN-m$zzB9-Mg&jqZ"
"cecile.moffet@edu.tbz.ch"|"DFpotg-X4GmL0-JLLNGx"
"maelann.labrone@edu.tbz.ch"|"1fXEUH-IjIi2X-2IzkrI"
"melinda.newbold@edu.tbz.ch"|"ISvI$j-ruvMRm-hkU@3S"
"mans.itzhak@edu.tbz.ch"|"xyjOE5-$C@Vq5-p1rd4k"
"melodie.pattlel@edu.tbz.ch"|"HyV#HQ-PxlmUB-bWp76w"
"celine.bonett@edu.tbz.ch"|"X5e0Pp-PKO5H3-GS7SLv"
"adelie.mcgreal@edu.tbz.ch"|"D&POBH-v1jkdL-sOmmzI"
"helene.soldan@edu.tbz.ch"|"A%3ht1-6%Ty@1-naX&2%"
"michele.cluer@edu.tbz.ch"|"sD&USo-yD7BBm-J9Q$rk"
"maeline.mueller@edu.tbz.ch"|"&HkkVe-ILkI0K-Ab4W$Y"
"maelann.benedito@edu.tbz.ch"|"kO9HGM-8MhYj7-DMjq1s"
"nuo.gransden@edu.tbz.ch"|"q@Po8@-rdlqDg-vCYriA"
"berengere.stainton@edu.tbz.ch"|"4sCZW@-ry@%6%-QGfM2k"
"wa.sabater@edu.tbz.ch"|"4VndWn-#LsOQ7-5ve37Q"
"anais.cochran@edu.tbz.ch"|"i27b%z-z0QfoP-ctpCMd"
"gerald.bessant@edu.tbz.ch"|"&L6Ec3-qyCxAy-h6mMYl"
"ruo.coffin@edu.tbz.ch"|"GhZOp7-UzfWqY-hMQSsj"
"melodie.mustill@edu.tbz.ch"|"9igmNc-D0BEDo-yAUgQ5"
"ruo.stanesby@edu.tbz.ch"|"cAmAs9-Mprrag-axP7sU"
"noemie.antognelli@edu.tbz.ch"|"wYOVDC-S&zs$@-Ina0nZ"
"maelann.hughson@edu.tbz.ch"|"J%5JG8-1cGI2H-bMIoK@"
"milena.mieville@edu.tbz.ch"|"KLL0Ta-rX#3q@-GXqfH%"
"mailys.chamberlin@edu.tbz.ch"|"57Iug9-3yvItI-X%a3Vv"
"nadege.tomalin@edu.tbz.ch"|"bLBnOr-R$qfBx-HK4#bI"
"oceane.omara@edu.tbz.ch"|"sKgsRt-%fNTVD-TW4BiA"
"cecile.aguirrezabala@edu.tbz.ch"|"YM7jng-z4mShv-uYiFry"
"maella.gwillim@edu.tbz.ch"|"CrKex8-lWCL%3-4@8m8Q"
"lea.mcgahey@edu.tbz.ch"|"9SurfO-Rg@yEu-6rrecE"
"laurene.hagerty@edu.tbz.ch"|"4XIYuu-IOgt6b-yUow70"
"dorothee.link@edu.tbz.ch"|"jAu%TV-KbJnaA-pYySwi"
"clementine.kynsey@edu.tbz.ch"|"@xi4T@-VualJi-QX&#HE"
"lorene.smitherman@edu.tbz.ch"|"@Mn$3M-m59hU2-It%d7s"
"cleopatre.klulicek@edu.tbz.ch"|"i#ER98-AZb7Lo-HGgDln"
"laurene.castaneda@edu.tbz.ch"|"a9d67H-YBiEEm-ruyR$&"
"melia.constant@edu.tbz.ch"|"bI%UJ$-tIFVIt-@Ph80b"
"lucrece.clunie@edu.tbz.ch"|"$duZKw-GqYS9K-jsju&a"
"eleonore.mcmurthy@edu.tbz.ch"|"fYx5TI-Vu93i7-KDp$P8"
"melia.bevar@edu.tbz.ch"|"ag$2hX-KMy5ZG-7%dZFG"
"camelia.bontine@edu.tbz.ch"|"Wl@Rc%-ydsLz5-RGIFWa"
"methode.jozefczak@edu.tbz.ch"|"Ml2dR$-$DwZav-QevfPE"
"audreanne.hinsche@edu.tbz.ch"|"W95&S$-o0&A5$-VzRfTE"
"andree.varne@edu.tbz.ch"|"xT11R&-3sPKPk-I#VBhM"
"marten.kinleyside@edu.tbz.ch"|"SqGbKm-FD2l$2-JNx$j5"
"esteve.mcewan@edu.tbz.ch"|"X%P4CH-0or9Qh-mpkDr@"
"leane.dibbert@edu.tbz.ch"|"NMjW6T-BxtqKY-v033yw"
"ma.thewlis@edu.tbz.ch"|"HDi9nR-Pv$HpE-A7UmhW"
"clea.djurkovic@edu.tbz.ch"|"#gkQ6c-SpIGdE-w&ZIi2"
"rachele.reburn@edu.tbz.ch"|"l6RezF-MbE4Qw-dZPj5i"
"gerald.gowling@edu.tbz.ch"|"38k36A-0jXgkm-WrjE%0"
"cleopatre.jackson@edu.tbz.ch"|"YPPzN@-bEzHdW-aqk9&u"
"desiree.haskins@edu.tbz.ch"|"aYh4zk-bD%MhP-8w6$PF"
"eleonore.longson@edu.tbz.ch"|"fgCqy2-kJazM$-ZtVCfk"
"leane.dybell@edu.tbz.ch"|"u%gnAg-&iWq4J-VWx8Zv"
"becassine.grzesiak@edu.tbz.ch"|"BAdYF3-uZ9QY4-HFKQmW"
"marie-josee.pickin@edu.tbz.ch"|"uLT%O5-$0qTpT-kic659"
"marie-josee.roxby@edu.tbz.ch"|"32%d8Z-E$DDj2-VOk$sI"
"leonie.feenan@edu.tbz.ch"|"LgkPG4-WUGfii-ji#Voc"
"valerie.ellum@edu.tbz.ch"|"1yFGOA-m$MisI-El8&Eb"
"ju.caseri@edu.tbz.ch"|"l@@PPF-qtz&Ue-zg9ot5"
"boerje.strangman@edu.tbz.ch"|"UD@knn-@g@4RJ-AZI1#w"
"beatrice.ghidelli@edu.tbz.ch"|"o6LChl-jQnlGe-MjCUp@"
"da.jablonski@edu.tbz.ch"|"Qj&%TE-ZpbjlB-Rkc%T1"
"uo.beveridge@edu.tbz.ch"|"XGGheW-iehsXs-kBFp4J"
"valerie.bestman@edu.tbz.ch"|"c95e32-vZ@frV-eWfAhJ"
"marlene.pohls@edu.tbz.ch"|"bQOdxA-fOBf@a-@EktjF"
"ma.nolda@edu.tbz.ch"|"Bnop8s-jw@iGe-mMGB0E"
"marlene.bisiker@edu.tbz.ch"|"48nl5V-Y$PqWQ-GaBBKz"
"estee.babon@edu.tbz.ch"|"RJHQYI-gMW$bK-A86PRe"
"simplifies.dmisek@edu.tbz.ch"|"NT8RX&-E7SHvW-U9FPYq"
"selene.ganing@edu.tbz.ch"|"x9evLs-3burL5-t2mLN1"
"meryl.penke@edu.tbz.ch"|"lZzc7R-r@8jWk-7@nMIc"
"anais.rawcliff@edu.tbz.ch"|"Zk7q7G-kFhmfb-kHH@EB"
"melina.andri@edu.tbz.ch"|"34q3SC-eCOeyb-#%@QlD"
"audreanne.fodden@edu.tbz.ch"|"tc$5IT-m26Ax#-F9z6@S"
"bjoern.spellesy@edu.tbz.ch"|"$pJuS5-veITad-CBs6xU"
"francoise.summerscales@edu.tbz.ch"|"AfO%mK-LCh4uG-9qjpM4"
"laurene.ashtonhurst@edu.tbz.ch"|"2jD1fg-XDZbkm-@BSWtP"
"valerie.petters@edu.tbz.ch"|"pgaL8A-@cROq4-zfI%su"
"anael.spenclay@edu.tbz.ch"|"1Jdrtd-88XQ#N-LUIZCs"
"stephanie.keech@edu.tbz.ch"|"JMTskx-3ef6dZ-U7e225"
"ines.deveril@edu.tbz.ch"|"sCE903-q@fIsv-Jd8hpZ"
"berenice.gelder@edu.tbz.ch"|"TZt36e-1oihfQ-fMrPGC"
"melanie.ofogerty@edu.tbz.ch"|"7pMG5x-w4@FTY-X4$5AL"
"frederique.canepe@edu.tbz.ch"|"qojuP$-HiVS98-n1FRo4"
"nuo.otton@edu.tbz.ch"|"&OwGE9-3zKDK4-vFFVeE"
"genevieve.trusler@edu.tbz.ch"|"RzXh8c-Y&dNw%-ufGaI1"
"ju.boag@edu.tbz.ch"|"QtdMXC-LoS8lq-B3zdB6"
"josephine.dilucia@edu.tbz.ch"|"OeSGww-p3fbdX-i8DwV1"
"laurene.armsden@edu.tbz.ch"|"ox8mAZ-@GL7#0-76GMxb"
"becassine.griffe@edu.tbz.ch"|"VIQqkc-AL9La@-U2UpGU"
"alois.parres@edu.tbz.ch"|"5%NlJb-Ab3iv5-7Z08f0"
"cleopatre.gaffey@edu.tbz.ch"|"efGOwe-TnGCLc-1cBXtO"
"andre.stiger@edu.tbz.ch"|"bkPmRz-$25gBy-ypFjwa"
"beatrice.godleman@edu.tbz.ch"|"IG8MaI-cVIr5E-S3X&b8"
"hakan.harrhy@edu.tbz.ch"|"62PZ0$-Ie7tVa-FHC&Q&"
"celestine.dagnan@edu.tbz.ch"|"WnLB0x-hYouwL-b#L5hS"
"clemence.haggart@edu.tbz.ch"|"mSLz%v-LXVxjz-8h2Li0"
"long.caban@edu.tbz.ch"|"@Vxe#V-jw6boS-RWTZED"
"gaetane.grimble@edu.tbz.ch"|"kooLyn-%0ztye-TvVUQ%"
"maelann.piwall@edu.tbz.ch"|"8dxmL&-Xa&Zjt-jwC68u"
"magdalene.loble@edu.tbz.ch"|"@eDV4%-GVcWAQ-QdVEi6"
"veronique.domaschke@edu.tbz.ch"|"BjDfJy-qO8C4a-@JiucB"
"clea.herity@edu.tbz.ch"|"9Xbptf-Pp04$Q-YtUYnT"
"maelann.bambrough@edu.tbz.ch"|"wMVmqA-a6#r%b-TdnL&l"
"clea.goulstone@edu.tbz.ch"|"PBI4gV-81Ofy1-xc1nc$"
"renee.deleek@edu.tbz.ch"|"j4EL6H-I9hD%A-wcedoC"
"boerje.rudderham@edu.tbz.ch"|"W8BzTd-yKBdWH-$2tBaF"
"marylene.broune@edu.tbz.ch"|"NugRbk-J1L18Z-TH%l41"
"nadege.mccuish@edu.tbz.ch"|"&R7#ui-I#bTn5-SatSB6"
"anael.littleover@edu.tbz.ch"|"smK&&a-XNagTg-DpYN6O"
"lie.baume@edu.tbz.ch"|"mbCnN#-yK4Z4D-LZyR8x"
"maella.murrow@edu.tbz.ch"|"BVaNnF-WbZ$uY-6IbWjZ"
"cleopatre.pettifor@edu.tbz.ch"|"snKeBa-$xMQwI-AvLWBM"
"geraldine.asker@edu.tbz.ch"|"D%t7KV-5FXluj-qFzSbT"
"gaetane.smedmore@edu.tbz.ch"|"2DM4qM-BChmox-yxyP@U"
"meryl.blencoe@edu.tbz.ch"|"rLn8@&-vAaSCp-wIgx0q"
"aurelie.chastaing@edu.tbz.ch"|"d8Vd5C-BEmboB-eHAAWD"
"oceanne.marthen@edu.tbz.ch"|"3B1qQl-o7di8d-BS3LOo"
"dorothee.burrill@edu.tbz.ch"|"tvh9DK-ZUh$Bn-@k0#Jw"
"hakan.belden@edu.tbz.ch"|"TLjhHR-Y6gT1h-LkAbth"
"celine.brunning@edu.tbz.ch"|"5F2FLn-UWD$mH-EJPlMS"
"anael.lapides@edu.tbz.ch"|"IvTdmH-AJP9bA-%uW$TR"
"ruo.saffran@edu.tbz.ch"|"b$DXN2-70yFmr-ndgZS5"
"loic.gerretsen@edu.tbz.ch"|"3lDhCm-kYLlQM-wpd7Iz"
"rui.fitzer@edu.tbz.ch"|"5iwgyF-3IVnvT-pbNl2I"
"annotee.ogers@edu.tbz.ch"|"HB&y8a-6RVRVR-nDh5ii"
"boerje.bindin@edu.tbz.ch"|"jfcAJI-28zvrp-pK2dFR"
"ma.cronchey@edu.tbz.ch"|"@4xNKz-tTjK0f-gFKEp%"
"laurelie.baiyle@edu.tbz.ch"|"pBEfUy-Zyxs$O-c9eLjM"
"dorothee.older@edu.tbz.ch"|"qM6in$-XWaWhi-GpjmhP"
"laurena.wile@edu.tbz.ch"|"97pWHv-GGt56O-x9SDG5"
"clemence.brito@edu.tbz.ch"|"oIVP1O-bGI9P8-PMkj#r"
"nadege.dallin@edu.tbz.ch"|"KykSXa-b2c5Y0-28ks8r"
"mailis.matley@edu.tbz.ch"|"JxNUng-y4e54W-uz2RH0"
"daniele.screaton@edu.tbz.ch"|"wyKzxu-zq4B8F-IezlaU"
"mediamass.godly@edu.tbz.ch"|"H5qGXn-BmOXhr-YtsCnF"
"leone.kremer@edu.tbz.ch"|"peOxnU-Ifzr$1-TC0bOm"
"asa.adrian@edu.tbz.ch"|"3lAeg2-5D1ojH-@7Frvn"
"adele.doley@edu.tbz.ch"|"jn4Fkd-#f3Lb0-wApWjC"
"fei.sidney@edu.tbz.ch"|"bXjgwE-Wu6Qwy-dGp%2I"
"marie-josee.walisiak@edu.tbz.ch"|"KDDaKU-@XH@aK-CmdsC4"
"desiree.diplock@edu.tbz.ch"|"lq%EKd-S$wbip-2SydL1"
"gisele.schust@edu.tbz.ch"|"aN2vKk-wDMf$H-1vPW2H"
"ma.longshaw@edu.tbz.ch"|"RTCD@4-PBvRZw-5kz&@b"
"da.boother@edu.tbz.ch"|"QdcNoL-K#&dYe-$ltsKp"
"simplifies.chaudhry@edu.tbz.ch"|"nYqJ5d-dZA#Wj-QbYCmC"
"garcon.baniard@edu.tbz.ch"|"jw$bKV-3sk4fh-H179fj"
"gaetane.elphee@edu.tbz.ch"|"PVIo6$-eWX0$U-%k%lSk"
"gisele.hassey@edu.tbz.ch"|"sE6#VW-Djmh6v-K&B4CM"
"oceanne.booley@edu.tbz.ch"|"rbmO9o-SUyoNH-lGt5s5"
"oerjan.dibden@edu.tbz.ch"|"@ni4KV-hyokYr-PxnsVb"
"regine.ocleary@edu.tbz.ch"|"d7lCwy-2wirRC-TAhYBs"
"selene.persse@edu.tbz.ch"|"B6sr$5-qqKCmJ-hTIU@o"
"helena.adenot@edu.tbz.ch"|"xXX8yP-BsBCjy-Y1oGPq"
"maelann.wassung@edu.tbz.ch"|"&LWSaG-8wFiuE-XeKzFw"
"frederique.ackermann@edu.tbz.ch"|"EM4mgQ-6O#EJu-ecjL2U"
"audreanne.kahen@edu.tbz.ch"|"0GtkVz-9hA7Si-PRVc$8"
"maiwenn.lasty@edu.tbz.ch"|"Z&QEC2-34zILf-BO@GVo"
"yu.dictus@edu.tbz.ch"|"o1MRfC-M@n4FF-9MuT6w"
"anae.dukes@edu.tbz.ch"|"K$iOKa-w2b2jl-U7e@kR"
"yenora.warr@edu.tbz.ch"|"SIUD#f-meFS3j-U%xo9V"
"esbjoern.archibold@edu.tbz.ch"|"JYs17z-K3rgPq-qCGYN9"
"milena.pardal@edu.tbz.ch"|"5E547c-eY47Kh-m9Mhi#"
"celestine.graveston@edu.tbz.ch"|"0HRLeP-pBz2fq-5V#Fqa"
"maena.dallas@edu.tbz.ch"|"sY1BgR-PZOP#R-WcCK52"
"andree.tuke@edu.tbz.ch"|"ml@qe#-bP0V#x-KolE3O"
"methode.seldner@edu.tbz.ch"|"eQ45vh-g8qzxV-Y1gHWT"
"venus.bullas@edu.tbz.ch"|"vtjheI-bbV5hp-JgjOoq"
"mans.aguirrezabal@edu.tbz.ch"|"BLdjGv-zP&xtf-Xe6jFh"
"gaelle.eadington@edu.tbz.ch"|"7bcBnl-xflXrn-b2a#nM"
"anaelle.falkner@edu.tbz.ch"|"0T@9qV-Pr8u$Z-jDNhJ7"
"ophelie.height@edu.tbz.ch"|"bK6dcH-FICZQF-CAqoiN"
"marten.bolding@edu.tbz.ch"|"n%NJO1-pz3DGX-sGmoXf"
"pelagie.guswell@edu.tbz.ch"|"0clYnC-4RU#t#-ISAEfq"
"gwenaelle.lecount@edu.tbz.ch"|"yI2kFS-mYK6Nt-1iM1sO"
"hakan.laden@edu.tbz.ch"|"BHDJLI-@GAq6t-NMz5pU"
"marie-josee.hylands@edu.tbz.ch"|"3CEQs9-RE#kQl-Wri8ns"
"zoe.kingshott@edu.tbz.ch"|"Kz1s9n-jGqEFG-thQ4ib"
"josee.janous@edu.tbz.ch"|"egffOn-BuudIH-egnu@F"
"laurene.gallally@edu.tbz.ch"|"JAxDMa-qsTJw#-I6ulVI"
"anael.bickle@edu.tbz.ch"|"PPX#mD-e@sM7K-GKLK%o"
"mediamass.lebbern@edu.tbz.ch"|"lsPFBn-WV&29w-$QL3k%"
"berengere.hovy@edu.tbz.ch"|"XuOkYo-Yl8oxJ-fkxh$4"
"oerjan.kilmurray@edu.tbz.ch"|"AfR3V1-%seQb0-ObRB8n"
"asloeg.venny@edu.tbz.ch"|"HDExFy-G3eg$n-oHTPBv"
"marie-noel.stoad@edu.tbz.ch"|"dNuce4-&@2F1R-xXUKcL"
"hakan.pettifor@edu.tbz.ch"|"@vpsg7-l$jkyb-K6PQ&j"
"maella.willgrass@edu.tbz.ch"|"j@NeCc-Lbg2aw-RszIfA"
"therese.ludovici@edu.tbz.ch"|"DTJaQk-pp@3IZ-6x@wCP"
"stephanie.trewhitt@edu.tbz.ch"|"pJv7vT-26QyMR-n3sBZd"
"maerta.bauduccio@edu.tbz.ch"|"4Jvdzw-XCdL$J-&T@2N4"
"gaetane.glaisner@edu.tbz.ch"|"8wvJ9R-I@ZQOo-H@8uIc"
"naeva.pargeter@edu.tbz.ch"|"EcKIYe-ikVfrC-YAPpkO"
"salome.venable@edu.tbz.ch"|"&MzGqE-XGdCZ1-xiTQP%"
"boerje.thickett@edu.tbz.ch"|"bk@8I#-HQir0@-bC2HfR"
"lucrece.prendergrass@edu.tbz.ch"|"GdKyr5-uuR0rs-#Rdwm2"
"laurene.ockleshaw@edu.tbz.ch"|"q7qL4R-HBR#lG-@koPDK"
"cecilia.pasticznyk@edu.tbz.ch"|"cpx42Z-OHZ#wr-HPaO3q"
"stevina.mackey@edu.tbz.ch"|"xIMaAr-ldq96#-aS%8ik"
"marie-noel.reven@edu.tbz.ch"|"A4qBL7-1k0T8I-Pe@IWj"
"melina.quilkin@edu.tbz.ch"|"0qO25a-Yh4W@V-MMZ&ll"
"marie-noel.ferrie@edu.tbz.ch"|"4grA3V-gW61yM-MkmFnf"
"leone.alphege@edu.tbz.ch"|"LZtf$l-zzGwFY-H6MWfi"
"zoe.leverson@edu.tbz.ch"|"nYfv7T-@b9l6E-J9mBdI"
"annotes.grayne@edu.tbz.ch"|"AIZXvN-5bhu6O-vpcrSd"
"faites.lalley@edu.tbz.ch"|"StMrQs-BRMXI3-fgRk%V"
"adele.wallis@edu.tbz.ch"|"D56RL6-VyGKqe-he8aN2"
"severine.madill@edu.tbz.ch"|"vfGvc#-@Ejen$-X3kzvv"
"valerie.tebb@edu.tbz.ch"|"q@Scxs-uu&Lj#-P%GalA"
"kalliste.rasper@edu.tbz.ch"|"ym%fCb-b57N%8-1DhkF8"
"audreanne.palomba@edu.tbz.ch"|"ewKbT6-QSRQF8-R$loOZ"
"elea.adamik@edu.tbz.ch"|"%NlHHR-WwE63N-y@TA97"
"reserves.jakuszewski@edu.tbz.ch"|"PGKr&c-Jm9u&i-VbqsrB"
"athena.belhomme@edu.tbz.ch"|"2gFbVN-x8a1pD-qV37Yj"
"rebecca.crippin@edu.tbz.ch"|"8U31ux-ThAq@w-z06mRD"
"maiwenn.curman@edu.tbz.ch"|"RaUEWA-FNA9Z3-s0$WOZ"
"andree.bunner@edu.tbz.ch"|"ya8ku8-kiMN%Y-CVKhXQ"
"ruo.winckles@edu.tbz.ch"|"j4EWqb-l#UYxP-IwR9Pq"
"naeva.buntine@edu.tbz.ch"|"7f7ljX-p1pM7u-ZBy2Js"
"boerje.dollard@edu.tbz.ch"|"QWm5RX-nhq0Fh-sSnnDN"
"penelope.gorman@edu.tbz.ch"|"0gdMi6-ZV3Vln-S$38AR"
"alois.robelin@edu.tbz.ch"|"$BmUuW-JhIka%-qHqBgT"
"anaelle.tindle@edu.tbz.ch"|"TEAEp%-hcAzQz-h3kLEk"
"ye.frears@edu.tbz.ch"|"m7MYOc-K@#sTo-g7BxyH"
"andree.ovid@edu.tbz.ch"|"8&%$uK-6VuzGB-wqY$ia"
"hakan.peat@edu.tbz.ch"|"XsRHhK-$W0fPc-6#DYMc"
"andre.januszewski@edu.tbz.ch"|"EpUkSc-i5BZUw-Yz$&Pz"
"annotes.clemmett@edu.tbz.ch"|"sSVNym-wgqFpT-ZE02@w"
"pal.lambswood@edu.tbz.ch"|"PFEE8B-YrPcaJ-A7b%DW"
"yao.lenton@edu.tbz.ch"|"m0$W$w-&dHpkO-6bCljG"
"hakan.boyton@edu.tbz.ch"|"Vu@p4i-PqhPvn-9umtft"
"nelie.forsey@edu.tbz.ch"|"MKwmSI-ZAGV3i-5Td2Dw"
"hakan.horche@edu.tbz.ch"|"r53wN@-WLNmo#-ETf1Id"
"lorene.sinkings@edu.tbz.ch"|"zhxabE-F3XbfN-8A&e33"
"marie-therese.creddon@edu.tbz.ch"|"3jl%2o-PUZXZl-nN%Q&n"
"berenice.tolworthy@edu.tbz.ch"|"$x80kS-V8XYAH-WG1k6R"
"theresa.land@edu.tbz.ch"|"rk5&cj-kxo9Qb-sXPtPv"
"marie-therese.gianilli@edu.tbz.ch"|"Spyx72-9Qu9XU-NphJrw"
"meryl.glew@edu.tbz.ch"|"svoCU$-uPHvwd-lv7&yF"
"adele.debling@edu.tbz.ch"|"fFQMBP-4RS7fP-kUESef"
"anae.metzke@edu.tbz.ch"|"M$kqis-cakx2m-M8sA$X"
"gaetane.gooden@edu.tbz.ch"|"dwm97K-KdXXfO-Yt5eXi"
"laila.bootland@edu.tbz.ch"|"padfQT-Cdr4xE-YfsUT8"
"maite.helsdon@edu.tbz.ch"|"JGiT7N-4TSrYC-cDcrI4"
"andree.malley@edu.tbz.ch"|"JVF6k@-muyWpv-PNvoYe"
"pal.simmens@edu.tbz.ch"|"pLdKg$-Mmd2ms-A$25bD"
"maelys.nuccitelli@edu.tbz.ch"|"xvMtf4-y#JqW&-gL6NdF"
"dafnee.sibary@edu.tbz.ch"|"ZGPf8i-xLIS0J-8absWd"
"alois.harsnep@edu.tbz.ch"|"9Y7IVU-YOC9ZK-Ek8xsx"
"marie-helene.lacky@edu.tbz.ch"|"s5&8Wr-UBYonO-YCKeuo"
"mylene.youthed@edu.tbz.ch"|"PPv2Ox-8J0CdO-u5TxtA"
"marie-helene.dehmel@edu.tbz.ch"|"3tInWH-UsXkeI-bEBaF%"
"angele.batman@edu.tbz.ch"|"Ts%ncR-M#ztSC-3E9i4U"
"melia.younghusband@edu.tbz.ch"|"i0TtDe-nL10HY-I#KBQc"
"eloise.baldi@edu.tbz.ch"|"7FdHV0-LlT%@Z-zVoXCT"
"illustree.dun@edu.tbz.ch"|"idyNqG-SvWg5U-aGYIrv"
"genevieve.late@edu.tbz.ch"|"cwxIY8-2W@HiN-aquauP"
"celestine.colville@edu.tbz.ch"|"4AY7U$-$%K7yX-oZPLBG"
"gwenaelle.scarlon@edu.tbz.ch"|"54#dLy-KjBewB-FZd88x"
"regine.boddie@edu.tbz.ch"|"epQhrr-Ll55L0-GJmO&2"
"creez.gaughan@edu.tbz.ch"|"a5Kr34-gqvf@W-Shws2D"
"gaia.longford@edu.tbz.ch"|"EQp%be-mcxxGn-7xwbH$"
"mailis.buckby@edu.tbz.ch"|"3y33KK-Kb$CBD-uPnGOK"
"song.parbrook@edu.tbz.ch"|"CaG@yy-NT2Wx0-GB@Q3P"
"frederique.heddan@edu.tbz.ch"|"5s3s4r-ORSTHU-tuYY@7"
"ake.kirtlan@edu.tbz.ch"|"t1skzh-Z9i2m5-edfCDd"
"nelie.runciman@edu.tbz.ch"|"YMprXC-7E3qMd-K53$k2"
"mailis.cardnell@edu.tbz.ch"|"fzAW@K-xLbwuU-ryHVog"
"irene.navarro@edu.tbz.ch"|"ndz5&5-T@huaC-DI%iC7"
"maite.cough@edu.tbz.ch"|"TCn1zB-DCOZgH-8LXUWH"
"anaelle.stocky@edu.tbz.ch"|"jteqEe-H1TFl6-cwBj4H"
"methode.moulder@edu.tbz.ch"|"UxYFaR-HG2FNk-tahTqw"
"po.stafford@edu.tbz.ch"|"9iHNIe-YYxa8O-Ahokrh"
"faites.scraggs@edu.tbz.ch"|"60a1wK-6oR9pF-QAmnqN"
"adelaide.dullard@edu.tbz.ch"|"WCvoCX-1LNv9I-vICFEC"
"desiree.leonard@edu.tbz.ch"|"fz3heY-PTB4JW-D0@KnM"
"geraldine.badgers@edu.tbz.ch"|"a9Wlds-8C%&RV-vEMALx"
"ruo.masic@edu.tbz.ch"|"ME63Vz-#X7XQL-jhRyeA"
"aurelie.lieber@edu.tbz.ch"|"i2w3@u-ytfhLk-#k&ymr"
"naelle.balcock@edu.tbz.ch"|"2omAhs-CvE$7J-WEY0xz"
"camelia.elger@edu.tbz.ch"|"WXPMMk-g6xWGJ-p$hGEe"
"publicite.oakeshott@edu.tbz.ch"|"96sSzt-v8ghbL-pCfr1S"
"cleopatre.fawley@edu.tbz.ch"|"uENW0c-GUK381-jT3&$8"
"laurene.bruckmann@edu.tbz.ch"|"91HCAx-%#Pn7T-HCjE4E"
"rui.haughton@edu.tbz.ch"|"vp2%d7-hDVRTI-7@SLzf"
"asa.ladewig@edu.tbz.ch"|"O5t8je-Y%V$V9-2DJ404"
"gisele.janecek@edu.tbz.ch"|"fvtuYZ-A3Qrnc-Zr8lDH"
"maily.loveridge@edu.tbz.ch"|"OB$0ti-7$66rq-oigHUu"
"marie-eve.yurkiewicz@edu.tbz.ch"|"Bjzrw2-8AiwPo-mesu53"
"fei.roder@edu.tbz.ch"|"g3ic&3-$UoQN@-A6pgzw"
"edmee.chatburn@edu.tbz.ch"|"gBckuK-V$IbN7-UiDD$g"
"geraldine.darke@edu.tbz.ch"|"OR#Rao-K3ukcJ-pU&JDd"
"ye.jira@edu.tbz.ch"|"WHtmMV-IZUkJB-XjYpHY"
"publicite.persent@edu.tbz.ch"|"F5y1cK-PtJtvY-XbH8qC"
"severine.wilcox@edu.tbz.ch"|"zO18Cl-OEtMoq-1&5r5O"
"yao.mcclaren@edu.tbz.ch"|"fukFVD-wKuZUE-9DDpjw"
"theresa.foynes@edu.tbz.ch"|"Gaqk4O-bLnVlZ-uskysU"
"stephanie.isley@edu.tbz.ch"|"ossjBo-oQM2Ib-svn#cX"
"torbjoern.growy@edu.tbz.ch"|"%XVMf6-ui0OXN-K%OUkh"
"eloise.tunnadine@edu.tbz.ch"|"9Ru21A-p2V#v8-MqXiV5"
"maeline.cossentine@edu.tbz.ch"|"V7A0V1-u&EzjK-FEYIWg"
"nelie.desantos@edu.tbz.ch"|"4BLulO-wjBS0&-JGTL07"
"gaetane.axston@edu.tbz.ch"|"W9YeII-AlA7VF-js8IhT"
"aimee.merman@edu.tbz.ch"|"jaAyKh-GtenSz-4K%#&l"
"oerjan.drivers@edu.tbz.ch"|"v9qu@W-a%Acip-hqm5$Y"
"aimee.miroy@edu.tbz.ch"|"G6$AKd-70J1Dc-Am4nTR"
"nelie.glyde@edu.tbz.ch"|"pfphTW-RVVt$m-WSs9t4"
"hakan.kapelhof@edu.tbz.ch"|"n$P2Hu-I5LcU6-%GeX79"
"maelyss.cauley@edu.tbz.ch"|"WAD%$8-B210zw-mruICX"
"elea.vaggs@edu.tbz.ch"|"&JAo7m-kXU#IJ-kELDO&"
"maelys.but@edu.tbz.ch"|"wiHAeP-&Wx9bq-#qq1rk"
"maella.arthurs@edu.tbz.ch"|"pBe0UJ-RT4zFl-DCiCA3"
"adele.liebrecht@edu.tbz.ch"|"reQ3LO-VdF%6h-lhrF%e"
"meline.lomasny@edu.tbz.ch"|"mM$qCV-7V0Bf#-wOcw@x"
"mediamass.schwant@edu.tbz.ch"|"07aZJQ-As3G5y-TDHj0Q"
"leone.saunt@edu.tbz.ch"|"%egOW6-EzR773-ZK2zSx"
"annotes.gouch@edu.tbz.ch"|"@%CL$9-EOpF2n-aj3bZA"
"gaetane.bowich@edu.tbz.ch"|"VyGdR6-vwK1Ko-TZ2ROL"
"alizee.strelitzki@edu.tbz.ch"|"nlnMeh-%#gg01-CRl$pm"
"leone.poile@edu.tbz.ch"|"E3BXt9-ItM94i-zruRcJ"
"amelie.saban@edu.tbz.ch"|"cJtarS-Acnf0$-a78Kv0"
"marten.mcmenamin@edu.tbz.ch"|"fGSFUN-1An&RF-#%Oqn4"
"becassine.keets@edu.tbz.ch"|"04KwAc-%mz6Wf-fGjHs4"
"celine.million@edu.tbz.ch"|"bzjs3L-@Qxou&-PDc9tv"
"geraldine.belitz@edu.tbz.ch"|"ARY9b$-YbTLm%-1r2zIB"
"salome.mardling@edu.tbz.ch"|"yQUr5%-XeHBOC-MkmUlh"
"melia.blakemore@edu.tbz.ch"|"Maqr&K-Z@hbRE-KPRBvS"
"dafnee.mcaulay@edu.tbz.ch"|"bHUEqa-FJDm90-hEr4@0"
"garcon.dennett@edu.tbz.ch"|"cPMycJ-kwMXQ4-J1TET5"
"interessant.lesor@edu.tbz.ch"|"XeFdG2-wjAMrh-LmtooT"
"annotee.wasbrough@edu.tbz.ch"|"lOgVRX-zTeXg@-Q@NEHn"
"asa.ibbeson@edu.tbz.ch"|"&$nW#k-xTFLyi-9J20aR"
"maily.kennealy@edu.tbz.ch"|"XM0nD7-S9odA@-ax#zYj"
"ye.seares@edu.tbz.ch"|"&gM7#G-hfkpZ9-Ck%cna"
"athena.harbron@edu.tbz.ch"|"p3S2dB-3eSDlx-AlRqLK"
"andreanne.portail@edu.tbz.ch"|"igerkU-%JR#XO-2r1fYM"
"goeran.zannelli@edu.tbz.ch"|"4d2y8m-fVwJU%-IGe@rm"
"gerald.leathlay@edu.tbz.ch"|"5neoFx-nwhEVJ-%9dbR0"
"andreanne.chown@edu.tbz.ch"|"z%pThJ-6PoyCz-EnlA9H"
"esteve.clementel@edu.tbz.ch"|"8iZeHE-ajhXH8-PL7@#L"
"leone.legan@edu.tbz.ch"|"x0qMRq-3lTuUG-2R5mTO"
"maena.pownall@edu.tbz.ch"|"UpR7Dw-mv1ej8-j#8Sd0"
"andree.rettie@edu.tbz.ch"|"uJr14E-FspGxz-unv9pa"
"ines.kenwrick@edu.tbz.ch"|"18mxds-Xu1A83-auhCDR"
"marie-helene.yarnall@edu.tbz.ch"|"HIVQw%-#Da8#5-E$GK88"
"po.martin@edu.tbz.ch"|"LQYFps-YA@z2D-@I$aKk"
"ruo.celiz@edu.tbz.ch"|"2D#&Up-BcGJYM-VlwdQp"
"po.bissett@edu.tbz.ch"|"#jIMTP-VJZQ19-54f#W0"
"du.swindon@edu.tbz.ch"|"l6wQGY-ilaJ2%-Q14DPn"
"interessant.gouldthorp@edu.tbz.ch"|"weqIIr-ILAe6X-mDxFqF"
"leandre.lilburn@edu.tbz.ch"|"wmrn0W-Xou%kE-i8OzAL"
"bjoern.whales@edu.tbz.ch"|"uUFQqZ-UohRkO-2xC28P"
"interessant.dieton@edu.tbz.ch"|"1f#Fx#-yPaiXt-2K#Lz$"
"celestine.redhills@edu.tbz.ch"|"DNtmQz-AVtkrO-v48k4P"
"tan.yakovlev@edu.tbz.ch"|"1@7WEL-wAptje-$3metL"
"regine.mcdowell@edu.tbz.ch"|"K$@@NE-oR2xNs-2tIsl3"
"ju.coysh@edu.tbz.ch"|"t8JIun-aY2b0B-xw3Psg"
"reserves.ofallon@edu.tbz.ch"|"wWu1@7-kQQu0f-uaxeLm"
"frederique.sobey@edu.tbz.ch"|"AN&id$-zza4d4-qgv9Yf"
"marie-eve.garstang@edu.tbz.ch"|"JHgeSD-aPEtlY-Kr@iUq"
"andre.tapin@edu.tbz.ch"|"@WAy4j-52zgmD-Zshebl"
"esbjoern.eynon@edu.tbz.ch"|"9TMnB5-X%eEhv-&uukt$"
"maella.duffy@edu.tbz.ch"|"S&zdq3-V2BTPK-q7x&Tt"
"leandre.twinning@edu.tbz.ch"|"P6j56W-xyEeqk-Jv@rxU"
"mai.whittingham@edu.tbz.ch"|"Mu$FH3-z2By#R-qubdye"
"rachele.shevelin@edu.tbz.ch"|"M3sp0j-qEp&c@-FmLDer"
"cecile.mcure@edu.tbz.ch"|"tnpVbZ-WRrBWy-otdjNn"
"marie-eve.yurkevich@edu.tbz.ch"|"f$p$dn-ibceYT-S3jh7@"
"almerinda.paice@edu.tbz.ch"|"n0qefM-9RJnYM-tqlFDI"
"rao.howkins@edu.tbz.ch"|"veoUF9-bwiix%-cuX5O0"
"serena.pack@edu.tbz.ch"|"4gAay$-WM9E5d-GLuW@K"
"rebecca.mant@edu.tbz.ch"|"cI%4TC-WSg1bH-cb@NFq"
"reserves.spitell@edu.tbz.ch"|"ljwFo7-O5@4fj-OfSGhT"
"garcon.hamfleet@edu.tbz.ch"|"%KtA3%-$aIZnR-G1Mhbe"
"methode.kerkham@edu.tbz.ch"|"5qzjl#-J##cKP-#G4hX5"
"pelagie.camies@edu.tbz.ch"|"GX8Xe8-opv$2G-T8xw6N"
"josephine.macpharlain@edu.tbz.ch"|"tgIvu1-MS&qBQ-idPGMa"
"eugenie.mathet@edu.tbz.ch"|"2tH8su-FIcE@z-7P@3GN"
"gaetane.brangan@edu.tbz.ch"|"ri0zsG-WNDRA5-KLoXAl"
"michele.dewbury@edu.tbz.ch"|"pLtgM%-vpR48d-$I2mA2"
"eugenie.elcott@edu.tbz.ch"|"EQUj6Y-#7tkIf-TJfZN9"
"megane.harniman@edu.tbz.ch"|"EQcbti-U@O7Tu-cXhuir"
"agnes.cluney@edu.tbz.ch"|"dtsMYF-OOXG6j-jiLk92"
"marie-helene.angear@edu.tbz.ch"|"8Q5GIl-Hl3onB-elc8HN"
"melia.dolphin@edu.tbz.ch"|"9R8DVA-I@QywI-vRIVlj"
"lois.ruseworth@edu.tbz.ch"|"YUGaKc-DLRj&w-93aPxY"
"mailys.ryding@edu.tbz.ch"|"F#i0#M-snWkOY-hKkZm5"
"rachele.wulfinger@edu.tbz.ch"|"7vO4xq-BQnsB0-kniRWN"
"gwenaelle.talton@edu.tbz.ch"|"8DOrZy-IQUcRQ-7LML0%"
"long.ronchetti@edu.tbz.ch"|"EVgYDy-hHVuYC-KviLm2"
"styrbjoern.kloska@edu.tbz.ch"|"SsBNp5-xr4qmC-1l0ytY"
"len.sudran@edu.tbz.ch"|"5vE3Xs-$7Jy#W-Sd5CpF"
"maelle.andrysek@edu.tbz.ch"|"nHzvSv-LXyz$Z-1Iczf3"
"selene.senior@edu.tbz.ch"|"@xCgL8-AHmiIA-r1i2ET"
"anais.joskovitch@edu.tbz.ch"|"$$@g7d-eDz1sL-lWql1%"
"marie-noel.dally@edu.tbz.ch"|"PJKM9p-0X$boM-YjQcaz"
"marie-helene.laurence@edu.tbz.ch"|"3&9zjz-eD7Iss-hHFj7t"
"camelia.foxon@edu.tbz.ch"|"lcv1k2-8mqa4h-9#XN%$"
"helene.cankett@edu.tbz.ch"|"C2MbjX-&FccrI-o1n6kd"
"marten.mitchelson@edu.tbz.ch"|"4RFI5k-KILeId-MpHy6@"
"helena.stirtle@edu.tbz.ch"|"EOdNTC-6jKtAL-5H#T&U"
"leane.barmby@edu.tbz.ch"|"FP6pwn-z53vQY-hjkagD"
"goeran.ofinan@edu.tbz.ch"|"DLFSCR-Lr#yOg-FoYRNc"
"styrbjoern.proby@edu.tbz.ch"|"oCmvIK-qZ5ug6-Wd$Idh"
"zoe.halse@edu.tbz.ch"|"1iiw8e-7yqUNy-Ky5tT@"
"kui.drable@edu.tbz.ch"|"p8%T%z-QXZ5bG-xzZKO9"
"desiree.bamford@edu.tbz.ch"|"ZUHGQO-0$0SmQ-c0jODA"
"zoe.suller@edu.tbz.ch"|"82MZrq-2pxDpD-fimur0"
"marylene.audiss@edu.tbz.ch"|"aADChp-ibS&jk-LQvvT%"
"adelaide.poznanski@edu.tbz.ch"|"#XRtQg-fB$nEp-hiNZy0"
"maella.coleyshaw@edu.tbz.ch"|"Oc44OE-KgQ83h-mSqJNs"
"marie-francoise.gelder@edu.tbz.ch"|"MPB#0I-I8z4Be-htLsy3"
"eleonore.chaffyn@edu.tbz.ch"|"LQWSbr-UvIHl#-ORKB@P"
"celestine.sikorsky@edu.tbz.ch"|"fNO5#H-@p%2Vz-T%rhDe"
"stevina.londsdale@edu.tbz.ch"|"Rxme9J-KDRNAQ-FV5a4R"
"maiwenn.nevitt@edu.tbz.ch"|"Z4I@nx-wp@twr-aTiWEc"
"magdalene.gerrey@edu.tbz.ch"|"RPGVwt-JFag@5-QeM3Wa"
"becassine.latimer@edu.tbz.ch"|"1ErpKg-GVdEVZ-DwsJ9c"
"da.lethibridge@edu.tbz.ch"|"kuER@a-i%Wd5P-MDrmz7"
"mailys.claige@edu.tbz.ch"|"pKFAaP-FOhR1R-ez1YEl"
"maena.torbard@edu.tbz.ch"|"m4S&U#-P1tHQ5-PIHndV"
"solene.lyvon@edu.tbz.ch"|"PLLB7C-RgF#95-9RltyZ"
"marie-therese.benbrick@edu.tbz.ch"|"69AL7O-2OHDUz-jvLzOV"
"gerald.edmonson@edu.tbz.ch"|"2fAqTl-c3Gb7U-UePufR"
"ake.messruther@edu.tbz.ch"|"p98QSR-@Na0zx-FI8Lq5"
"men.gosneye@edu.tbz.ch"|"eI9T29-@Brq%w-MqsQoF"
"anais.jefferys@edu.tbz.ch"|"hye3vM-X&8&T1-%1OlT4"
"publicite.tregale@edu.tbz.ch"|"FTXxhk-l$#kjA-%OyxaQ"
"maily.santorini@edu.tbz.ch"|"wvvQjG-6Yv4Rr-jEz%MJ"
"ines.pioch@edu.tbz.ch"|"qOTurh-clipqj-eA@7FY"
"noemie.marklew@edu.tbz.ch"|"kGSG9$-UHpcbI-HGjMwn"
"meghane.maccaffrey@edu.tbz.ch"|"9wKeGC-mkuOrn-1I0AA#"
"berangere.ambrogio@edu.tbz.ch"|"w@zGeb-f6ZNEO-n46azv"
"mediamass.ryce@edu.tbz.ch"|"4g0@Ef-63uKf1-cbUXUm"
"oesten.ubank@edu.tbz.ch"|"irPsHO-c#@$UF-6rsQl@"
"melina.mackee@edu.tbz.ch"|"$z%&U9-bDsfkg-&OIV8J"
"theresa.livezey@edu.tbz.ch"|"fWbMK1-ltRQsM-@QEIlx"
"clemence.weal@edu.tbz.ch"|"B3nxur-N3EzFY-v4s0rL"
"faites.overton@edu.tbz.ch"|"nVdMfT-yAjq1C-@RkzaC"
"clea.lindblad@edu.tbz.ch"|"$pLz$O-zH5xJb-aYsLO8"
"josephine.roseaman@edu.tbz.ch"|"lh4NMr-fpykhL-2xQmmn"
"oesten.lowbridge@edu.tbz.ch"|"@JBU#l-w8ktBV-HOu4js"
"marie-josee.brion@edu.tbz.ch"|"fIr&bm-m%dKjT-uvpgGm"
"therese.basili@edu.tbz.ch"|"$FwfVu-jpo#VY-RSk@B%"
"melia.vertigan@edu.tbz.ch"|"a94pH$-Ppzta8-BaHeLm"
"judicael.saull@edu.tbz.ch"|"&g6u16-rJIAWS-Qnaupt"
"selene.valentine@edu.tbz.ch"|"BFpPy9-DKSzoo-0E3RaM"
"verane.dunlap@edu.tbz.ch"|"LLD&x5-qtsVTK-D2zMlE"
"meline.kinnear@edu.tbz.ch"|"$8OtCM-lKavSo-JsH81f"
"lei.luttgert@edu.tbz.ch"|"ohea@x-I8pTWW-1rqTBs"
"styrbjoern.lathleiffure@edu.tbz.ch"|"oYp6R5-KskiNd-DM@1Hi"
"marlene.blasi@edu.tbz.ch"|"BEt231-u4pN6F-g3s77D"
"mai.begwell@edu.tbz.ch"|"6pnVMh-vH&nC3-0xI6xz"
"gwenaelle.kaines@edu.tbz.ch"|"nl#pV&-T6O9aM-dv$elV"
"gerald.adamthwaite@edu.tbz.ch"|"s1BAzz-CvPI$$-8@@iEf"
"kui.hartfield@edu.tbz.ch"|"66Xwoz-#vuHS$-anEEAX"
"salome.currao@edu.tbz.ch"|"$Q5lDC-mJpoJV-@HvoLr"
"angelique.tixier@edu.tbz.ch"|"LhhTxn-7QSNy6-jNR2uS"
"ju.mcgragh@edu.tbz.ch"|"ukV83z-W1Msq$-8wYgxL"
"dafnee.beachem@edu.tbz.ch"|"NPtVb8-Luqqgk-ovUBcn"
"creez.terlinden@edu.tbz.ch"|"g2Ttd4-DD5@@J-tl8&x4"
"uo.mcskeagan@edu.tbz.ch"|"FWnq3l-Y@zpbd-qEF4xm"
"edmee.mccaughren@edu.tbz.ch"|"Q4KDF1-mEQYFA-onPiIN"
"asloeg.cozby@edu.tbz.ch"|"tVMDSQ-DoERNX-Ipx$xh"
"melodie.traite@edu.tbz.ch"|"o@fZkX-F7k0f2-zQ0ZRu"
"dorothee.aindriu@edu.tbz.ch"|"vFc2Nu-M1V9ft-w$S7d0"
"daniele.doley@edu.tbz.ch"|"tpNi#I-xCaZ3i-2im5Ax"
"mediamass.fairclough@edu.tbz.ch"|"yi7t#K-A2&eoo-G9QWn1"
"lorene.rainforth@edu.tbz.ch"|"HD#wqJ-GNVIpc-UCd@k2"
"leonore.eyer@edu.tbz.ch"|"f&Ks45-nIUsFU-sCU20o"
"po.spillman@edu.tbz.ch"|"IhE4ou-P2kii7-lcDniX"
"cecilia.plitz@edu.tbz.ch"|"#YNfK7-mxl66i-6kiR%C"
"lorene.ludlow@edu.tbz.ch"|"ZhXYkC-7m1qQ4-#K9#Yn"
"berangere.neligan@edu.tbz.ch"|"5D4Y%F-sbatsg-omL0za"
"simplifies.huggan@edu.tbz.ch"|"O3V6Ew-$52qNw-SOOg90"
"clelia.prandy@edu.tbz.ch"|"wz2WmH-hYyxbv-nHB9d$"
"ake.osban@edu.tbz.ch"|"cSBFTf-GH8bXG-w@L@bL"
"cunegonde.brunn@edu.tbz.ch"|"ZQkW0%-T4goHa-AVyY9T"
"long.grizard@edu.tbz.ch"|"WjdYaW-SFmSQB-f$Phre"
"meghane.diss@edu.tbz.ch"|"TLzKei-hfK8me-VHeyRf"
"therese.oldman@edu.tbz.ch"|"sbMrRr-&IFbA$-SEk3kV"
"boerje.scamerdine@edu.tbz.ch"|"EI08Ph-DS#9de-h4llqG"
"du.saban@edu.tbz.ch"|"9IiSIs-J7Kx@y-EtoI3m"
"hakan.clynmans@edu.tbz.ch"|"0hGW57-A2Nsn4-RjBBeK"
"wa.macdowal@edu.tbz.ch"|"6yRj52-hwPr%B-rojckb"
"venus.hatrey@edu.tbz.ch"|"egmoXR-#cP$q&-KhBx0M"
"anaelle.vispo@edu.tbz.ch"|"vrKwpT-$N8KO7-vxfu%V"
"mahelie.ollcott@edu.tbz.ch"|"g2Rlqe-NXchLk-uqn6eu"
"mediamass.whyman@edu.tbz.ch"|"#kBKd4-U@f5hy-%eMfJd"
"esbjoern.basson@edu.tbz.ch"|"YX$SIi-GquoFW-#FFgHe"
"andrea.morrill@edu.tbz.ch"|"QKL6UD-&&i8bm-7vw9YO"
"melys.grassi@edu.tbz.ch"|"wGtmD0-m0cBeN-Y$lMx0"
"leone.poleye@edu.tbz.ch"|"%i#hBx-l9UT@t-Q%5f5H"
"francoise.penny@edu.tbz.ch"|"7e%ceq-2ixm5I-lA@RI3"
"rebecca.edney@edu.tbz.ch"|"EUAXgX-TlluWA-oiXCo4"
"adelaide.murtagh@edu.tbz.ch"|"bbZAMq-$rJRZ4-FpH2hw"
"stevina.winterbourne@edu.tbz.ch"|"RUuQ8N-fMowRg-H8wfC3"
"ma.cottom@edu.tbz.ch"|"so1ano-c6b&g0-9TN2@2"
"tan.harold@edu.tbz.ch"|"SDZxZk-@QsUeg-2NZVCI"
"venus.forte@edu.tbz.ch"|"&aFZkO-3rr4LT-NGbWSB"
"almerinda.oluney@edu.tbz.ch"|"p53oGU-WGFOww-t33Jxj"
"cleopatre.brehault@edu.tbz.ch"|"KKIaEH-f2OHQT-kUthUv"
"interessant.lapides@edu.tbz.ch"|"AH5oys-mjBKvk-7iI8l2"
"reserves.hallatt@edu.tbz.ch"|"VkMDN8-nDs#fa-kHuJu@"
"annotes.birdwhistle@edu.tbz.ch"|"9alRpf-s285z2-WCXLOd"
"ai.dredge@edu.tbz.ch"|"Rwsjo9-4SPpxr-BmpG3Z"
"megane.mussard@edu.tbz.ch"|"$&Lz%7-oFV%Zk-CWTpEL"
"esbjoern.gowrich@edu.tbz.ch"|"hMikHD-F5toKz-rM9BIU"
"boerje.brislawn@edu.tbz.ch"|"wC1gBh-63LLWK-sL&05b"
"becassine.wilce@edu.tbz.ch"|"x3k0tY-v#Xar#-hOarrv"
"personnalisee.oels@edu.tbz.ch"|"UHSn1i-QQRt%E-Gl@fuD"
"verane.pett@edu.tbz.ch"|"f#omd9-n7j&z&-CRReX#"
"marylene.glewe@edu.tbz.ch"|"eAhFd1-toTvbu-4dNgXj"
"lai.elson@edu.tbz.ch"|"YrokKR-L6so7F-h81HDu"
"serena.difranceschi@edu.tbz.ch"|"Czckk9-$nJVku-bNhPo3"
"lie.espinel@edu.tbz.ch"|"nt@wZ8-6qAE#f-VfJ$H7"
"marylene.fantini@edu.tbz.ch"|"J8TNFF-%cdpWg-&sbcht"
"andre.archdeckne@edu.tbz.ch"|"jrQb39-9n9TJF-jRLlSQ"
"goeran.bohlingolsen@edu.tbz.ch"|"GQik@v-1EEiv#-91zRJS"
"cunegonde.heffer@edu.tbz.ch"|"E@E41f-g7q#NE-5kBZ5M"
"tan.fechnie@edu.tbz.ch"|"gfnFnx-KpARNI-2vJU#0"
"marie-noel.brammar@edu.tbz.ch"|"PsC#tY-QwcPHy-Oei4QQ"
"simplifies.aven@edu.tbz.ch"|"wEmjjf-WyWCoG-@rgKJe"
"melys.pinchen@edu.tbz.ch"|"AkhUJ6-Lo0PH$-SOWm4a"
"edmee.joyner@edu.tbz.ch"|"WBlYWS-akk6ly-ts4X%Q"
"berengere.edess@edu.tbz.ch"|"AeWUtE-SdMAw%-Xmdmvy"
"marie-noel.goward@edu.tbz.ch"|"oQ4kP1-&%7q2Z-Q#j7O%"
"ju.edmons@edu.tbz.ch"|"0nYVXS-8#TUTp-u1QOZx"
"frederique.airds@edu.tbz.ch"|"UEvkcN-MXc#IQ-lTWXN7"
"reserves.dauby@edu.tbz.ch"|"8Qw2co-l&xPlg-2pDvjc"
"hakan.gynni@edu.tbz.ch"|"TweLxv-gXehXE-VIG3@@"
"leonore.pinwill@edu.tbz.ch"|"ob1w4R-bv0$gZ-Zn6ZIc"
"marie-eve.mcallan@edu.tbz.ch"|"tiTz$q-EvtTo4-b%CjYz"
"naelle.yeabsley@edu.tbz.ch"|"TGiDrU-xWL4y0-oNfftG"
"nelie.jacobovitz@edu.tbz.ch"|"2#FYb#-f18$qA-3UdVwk"
"adele.conelly@edu.tbz.ch"|"kBCdXF-%QA4&e-oJX3Wc"
"clementine.dondon@edu.tbz.ch"|"$knvzd-RKXQJi-4qnMjN"
"zhi.willcot@edu.tbz.ch"|"&PwiDZ-y73HTi-q$IaBz"
"chloe.janicki@edu.tbz.ch"|"1JR$8z-EEdn6%-7rogur"
"meng.linde@edu.tbz.ch"|"nvFXNK-cKN7Ip-mUV%lK"
"celine.janisson@edu.tbz.ch"|"Eos8ZG-SERTjp-g4giRZ"
"clelia.crow@edu.tbz.ch"|"52djCO-0p@qVx-$60@HB"
"cecile.pyott@edu.tbz.ch"|"ma&HKU-cKYe7@-dTKeTt"
"ma.fidelus@edu.tbz.ch"|"PdWQku-L8MFw#-32mE5n"
"marie-helene.poore@edu.tbz.ch"|"9cWzOy-NAU%@$-zuVKH7"
"elies.blanket@edu.tbz.ch"|"bQGbWR-xRfDyd-2LW@cA"
"yu.boyer@edu.tbz.ch"|"V115vK-Jr9ew%-5G$I6z"
"celia.welds@edu.tbz.ch"|"i7yFNI-IbWXl6-1#lclK"
"du.gunney@edu.tbz.ch"|"kOQUF2-7xkwaH-RUX7Fo"
"goerel.crush@edu.tbz.ch"|"ztL1AB-RXY5rH-PQn4V3"
"marie-josee.brosius@edu.tbz.ch"|"DAiAd%-108rc8-CaKZkM"
"camelia.adds@edu.tbz.ch"|"7bE&Uh-Mi@k&b-7ypQvG"
"anae.irwin@edu.tbz.ch"|"38#HE0-qpQlWx-i9jSrW"
"cleopatre.skeffington@edu.tbz.ch"|"Iuk6Xg-nWf1tV-YkC%HS"
"gerald.suggate@edu.tbz.ch"|"Z2CFIy-piBKuw-VL$3zi"
"laurene.tailour@edu.tbz.ch"|"MLOU5q-vkgBS2-q#x6k$"
"amelie.hoble@edu.tbz.ch"|"1oWg#Q-SWlK7p-iSCPwh"
"venus.getch@edu.tbz.ch"|"StVk4V-Rks%%n-Xwoycj"
"renee.treby@edu.tbz.ch"|"9&NoD%-iKrADv-33%iwz"
"almerinda.stait@edu.tbz.ch"|"8%xRQB-HJMVMQ-Y43H#@"
"andree.reddecliffe@edu.tbz.ch"|"jY9Esg-hPe#%P-4#Sim6"
"leone.wintle@edu.tbz.ch"|"QB$r3B-ewW5$C-V21xsp"
"gerald.fellow@edu.tbz.ch"|"VUiv2K-%UyIA4-ZNXGGX"
"ju.gudger@edu.tbz.ch"|"CJWpln-GCmxUm-SlRtC9"
"meng.ohaire@edu.tbz.ch"|"FIzzE1-fBtKEr-&wi3qU"
"cleopatre.missington@edu.tbz.ch"|"iySCVL-GQ%vxB-K55RxQ"
"annotes.debruyn@edu.tbz.ch"|"ALNvqu-tLgUTP-Tg827M"
"gerald.sinisbury@edu.tbz.ch"|"ObhUEI-7&CRGV-kN7h4d"
"creez.slora@edu.tbz.ch"|"S0OSbl-ec$w$A-Ps6Tfs"
"gisele.benbow@edu.tbz.ch"|"HDCGqN-niI8qi-bcNaDb"
"pal.dossit@edu.tbz.ch"|"#noPcz-YoEE2@-Tuhs@&"
"nelie.stirrip@edu.tbz.ch"|"jAzkeA-&ahAa2-Za01hC"
"alois.ocrigane@edu.tbz.ch"|"UEmPzG-qCpyu7-QN8%fG"
"kui.mcterry@edu.tbz.ch"|"X4TWKx-2JOHTa-GpP%6j"
"long.willgoss@edu.tbz.ch"|"Jv94SU-tcHbEN-RB1xPz"
"francoise.sumpner@edu.tbz.ch"|"lih6mX-zhsYOM-SNisy7"
"maely.grinstead@edu.tbz.ch"|"$j6q1$-zhhmAW-gFX7ty"
"creez.langeren@edu.tbz.ch"|"u5oO1W-TOoPsA-sEhraw"
"adele.dungate@edu.tbz.ch"|"XT0qts-05j3z1-2kuxS5"
"cleopatre.noirel@edu.tbz.ch"|"soHrLB-0HjiLb-lUloHv"
"interessant.daverin@edu.tbz.ch"|"HWvput-Y$nbBH-3oo9%y"
"naeva.kalderon@edu.tbz.ch"|"MKX6ib-6W5Dj8-$HGMcB"
"anais.oshesnan@edu.tbz.ch"|"J7DOik-kQUXsQ-qp7ou5"
"judicael.anelay@edu.tbz.ch"|"8&hh8V-LMk#Q%-DFY7EN"
"eloise.braxton@edu.tbz.ch"|"NpSU@C-Ml$y8h-uLM2pr"
"desiree.greguol@edu.tbz.ch"|"1&94yh-Id2aB4-VbYnRG"
"maite.mcclenaghan@edu.tbz.ch"|"02Fhsp-O4uHWm-6YLHVp"
"meng.doret@edu.tbz.ch"|"15sf%G-Me5#70-Br21od"
"frederique.chippendale@edu.tbz.ch"|"zVZP%O-9$$jLY-17v$P#"
"andreanne.lanney@edu.tbz.ch"|"Psjx$Z-mk#1zb-jpwSow"
"aurelie.claus@edu.tbz.ch"|"BHY6#f-Eo$4&i-#sbhx%"
"renee.pabel@edu.tbz.ch"|"HxnW9r-Tpg$UU-XoAdlr"
"maena.roust@edu.tbz.ch"|"#jXLb2-L&m0I8-jHSqdv"
"nadege.carwithim@edu.tbz.ch"|"pA1&mu-LH&UoJ-v&JoGz"
"solene.geyton@edu.tbz.ch"|"7xTos0-0R1EN$-I8LAOM"
"dafnee.avraham@edu.tbz.ch"|"r5KVTU-rA$OOv-j8tx4t"
"leane.woolvin@edu.tbz.ch"|"LjP5Kb-CICSqv-ombroX"
"adele.macadie@edu.tbz.ch"|"LbFg8o-f7A#mK-QLXjsm"
"meline.rubica@edu.tbz.ch"|"8@c9dZ-V1N6XH-d4R#t4"
"marie-noel.speeding@edu.tbz.ch"|"7CUch5-yJO&pO-9N%P4k"
"nelie.mix@edu.tbz.ch"|"64gvU3-@QEhTC-JnFZ3u"
"clea.ollett@edu.tbz.ch"|"mp$9JX-mysQ4b-Vb4uGM"
"leandre.mcgavin@edu.tbz.ch"|"%S$J3U-&EThM$-9#TdkR"
"cecile.behne@edu.tbz.ch"|"v@Vmmv-gHyo6D-9sOr2W"
"melanie.polle@edu.tbz.ch"|"ehTLhO-w6QuyG-cOnx&G"
"marie-josee.titmuss@edu.tbz.ch"|"ECaVGf-BX%A&r-ywh$KP"
"helena.guest@edu.tbz.ch"|"cd5HTB-9BuxYk-@7k7Xk"
"annotes.chicchetto@edu.tbz.ch"|"o9FPHH-8ElBFm-it0qZ6"
"melia.tubb@edu.tbz.ch"|"QjNmk2-n7b4J%-3XdBbe"
"angelique.casetti@edu.tbz.ch"|"ty@G5B-PcwGQS-wF7mF8"
"cunegonde.cleall@edu.tbz.ch"|"zbnELs-uPJgpF-e6EzbP"
"camelia.oaker@edu.tbz.ch"|"ipXQbZ-tGpj5m-uHWpti"
"you.searight@edu.tbz.ch"|"m$Wjhw-8W1$ZI-VaVQ0m"
"kevina.dederick@edu.tbz.ch"|"@4$WOx-7UYI3&-NFasik"
"milena.jeffrey@edu.tbz.ch"|"Vw7th8-vKUj9F-VxXDyO"
"melodie.barkshire@edu.tbz.ch"|"JlNBlF-NT2#ys-O&IdbT"
"gaelle.kreutzer@edu.tbz.ch"|"OCilSa-%gLAJC-dJ5TsM"
"kalliste.kleinpeltz@edu.tbz.ch"|"uYJ51e-JlscND-SsIObP"
"clementine.danat@edu.tbz.ch"|"n4XNor-An5Pz&-@&Eo$w"
"andrea.wabb@edu.tbz.ch"|"H6CQI5-G&j08&-VU1404"
"geraldine.piesold@edu.tbz.ch"|"nLqTpr-N0b5iK-UxNsTX"
"tan.fiveash@edu.tbz.ch"|"cw8s4r-Vl4o2E-sqxJl8"
"meline.yuranovev@edu.tbz.ch"|"QHXWzu-%w3obj-rMZGfA"
"therese.holme@edu.tbz.ch"|"CynBA7-xJNT$B-FNjU3$"
"salome.vaney@edu.tbz.ch"|"JnSDc9-puGm$A-kxQchX"
"anae.abramson@edu.tbz.ch"|"hSEShB-7g06B0-OUzLI8"
"kalliste.jimson@edu.tbz.ch"|"iRzsUa-M5Ic8q-wRiHeB"
"selene.yole@edu.tbz.ch"|"fY$rjE-8gtuTs-zpH$HO"
"agnes.defraine@edu.tbz.ch"|"HCHZEe-6rlKW7-oGBugG"
"faites.mccluin@edu.tbz.ch"|"L614nJ-mcecIB-MXxumU"
"athena.deme@edu.tbz.ch"|"HfPIlC-xwviCW-HBRXCN"
"daphnee.brigstock@edu.tbz.ch"|"bVm$F1-ym&y6Q-AAQOKY"
"goesta.skaif@edu.tbz.ch"|"8PtYys-QEbsIh-vHf1Jd"
"oceane.jagoe@edu.tbz.ch"|"2tjg5t-6fim2x-6css&O"
"annotes.broomhall@edu.tbz.ch"|"pl0YSk-G3izyg-CiSpOv"
"marie-eve.ballendine@edu.tbz.ch"|"d8AGJs-QLqXvR-QZOLXU"
"melina.spykings@edu.tbz.ch"|"Dkil$s-VoJ7Yp-S2jHKJ"
"laurene.ticehurst@edu.tbz.ch"|"b$PcvL-GMlEy2-vMrAZz"
"fei.avramovic@edu.tbz.ch"|"Bp3b@p-fzn1rj-S%PkgJ"
"publicite.strathearn@edu.tbz.ch"|"B8&NiN-MrQYBk-TRGRav"
"torbjoern.garrow@edu.tbz.ch"|"fNPIQC-xBjuuv-&0Bd$V"
"chloe.rubinsztein@edu.tbz.ch"|"rq83R@-H97eIY-gr0nt3"
"mylene.demanche@edu.tbz.ch"|"jPCX1r-xk27@Q-vaatLm"
"mediamass.godlonton@edu.tbz.ch"|"MfJvqk-4g2nfg-fUL%ic"
"renee.shurrocks@edu.tbz.ch"|"ZiiDTN-sOPOsb-Zsa&ib"
"maiwenn.jedras@edu.tbz.ch"|"&pWSfD-Mp%A5J-bpLo3R"
"genevieve.castells@edu.tbz.ch"|"56PwM@-q4Sb&b-uwtE2M"
"renee.sneden@edu.tbz.ch"|"S&pI6q-oekdZQ-tv#1uL"
"lai.mccallion@edu.tbz.ch"|"SLvhXu-CeGhwR-mcv%8#"
"kevina.impleton@edu.tbz.ch"|"ZmXQU4-LYv5ao-hANzXZ"
"oesten.fresson@edu.tbz.ch"|"ViFjPc-avnNq%-GurWT5"
"verane.shawley@edu.tbz.ch"|"C9AEh8-lsPSL&-92ow6D"
"uo.sjostrom@edu.tbz.ch"|"&8zS%#-7vW0Vp-$3$gbC"
"gisele.gothup@edu.tbz.ch"|"yhI6B5-SA7Pjx-vntoc0"
"renee.beauman@edu.tbz.ch"|"VIV1ND-QP&Ll3-N2OGme"
"elies.loton@edu.tbz.ch"|"xfyQYh-YFbdUE-$2#oIM"
"valerie.elsmore@edu.tbz.ch"|"C&XNsd-QaE9&f-lJ5BN2"
"berangere.delafeld@edu.tbz.ch"|"eyGXJI-fvmkI3-y7@tj%"
"bjoern.schimke@edu.tbz.ch"|"F@wc$a-EcNq62-KDw#gr"
"loic.ericssen@edu.tbz.ch"|"FS32E0-yV60L$-&epxoV"
"creez.richarz@edu.tbz.ch"|"z8wKdR-L3GGMX-2la$QW"
"athena.grocott@edu.tbz.ch"|"78FUf$-LGnG%D-kEmTJ0"
"naelle.piotr@edu.tbz.ch"|"IRLlDO-GX#zTf-wxNURA"
"maella.paulson@edu.tbz.ch"|"L9yv06-vX7XZy-@CxGWi"
"song.perot@edu.tbz.ch"|"UzaUAj-nrxKY4-9kg%T2"
"kalliste.heckney@edu.tbz.ch"|"ttwHG%-EEpP#A-IIz7Eq"
"ake.vasyutkin@edu.tbz.ch"|"kfNWqc-ABjxwZ-8dzaTi"
"ma.castles@edu.tbz.ch"|"bP2rrh-28HD0n-165CcB"
"maely.monget@edu.tbz.ch"|"tZ8S8A-XhbwKp-ruBw3I"
"tang.durbridge@edu.tbz.ch"|"TYtpA$-qeInJb-0M$FR7"
"laurene.andrew@edu.tbz.ch"|"wXm7eV-URN#RP-XUMLI2"
"lysea.beacon@edu.tbz.ch"|"d3aHG6-Jmyf$3-zpEV3$"
"leandre.peyntue@edu.tbz.ch"|"tZiAcc-LZR5zc-zcIZjP"
"rao.trever@edu.tbz.ch"|"pKk%3Z-hkH5FE-NlWlgb"
"mahelie.streader@edu.tbz.ch"|"rcjSlu-ELqLR&-Luw7pS"
"maerta.andrejevic@edu.tbz.ch"|"hAm14Y-cZ$b4i-h#U8KZ"
"goesta.tompkins@edu.tbz.ch"|"k&6Sjf-GW7Apm-sfB63k"
"helena.agates@edu.tbz.ch"|"wNsaKl-3%wODK-QAfF48"
"therese.glass@edu.tbz.ch"|"PWk6fB-GvADT0-bcezHc"
"alois.foan@edu.tbz.ch"|"y6W0J5-7#vff9-lOQYC7"
"becassine.melchior@edu.tbz.ch"|"EnIJgq-LungaQ-hIUZsy"
"cloe.robart@edu.tbz.ch"|"T98q51-hEKql$-mvjvD0"
"daniele.puckinghorne@edu.tbz.ch"|"DLJpY@-q%E75%-$kxrDh"
"selene.cammidge@edu.tbz.ch"|"gr&sF3-Ap2fvN-5zarBO"
"regine.conochie@edu.tbz.ch"|"FVfHVJ-aaHD#e-o7L1ui"
"interessant.tuiller@edu.tbz.ch"|"GlbiAR-JjuYFe-jl&sI9"
"long.tiebe@edu.tbz.ch"|"Sb$Un@-&218Hf-#zY6f1"
"mans.yele@edu.tbz.ch"|"x18iND-Yz7wRn-bU4r%@"
"ai.giles@edu.tbz.ch"|"2%5aHv-gOVD9t-Jo9t@t"
"gaetane.hamberston@edu.tbz.ch"|"9xzhx5-kkj#xe-$pgut1"
"marylene.fenix@edu.tbz.ch"|"cEcBzS-0DOt37-qTHWl#"
"geraldine.graeme@edu.tbz.ch"|"c#LG8f-DsZaLP-&hb#J&"
"tang.kinglake@edu.tbz.ch"|"0%EPLj-K#g38J-qiBf#f"
"lai.challoner@edu.tbz.ch"|"pOvxJd-aaVd&R-68eMcg"
"desiree.mattei@edu.tbz.ch"|"OJ84c&-#aixj&-x3l2fg"
"ake.erley@edu.tbz.ch"|"nefpbg-GwdIU6-b1pZMg"
"edmee.cavil@edu.tbz.ch"|"UPcPYN-A2nJos-npEsPy"
"alois.moyes@edu.tbz.ch"|"eC&uwu-ffLL$U-w5uWeg"
"becassine.pitman@edu.tbz.ch"|"rY1ePy-ex9qd5-VN8#EG"
"ai.giacovelli@edu.tbz.ch"|"5SrP@m-#D2SKF-GJpR@Z"
"judicael.fruchter@edu.tbz.ch"|"T1eCm4-8V#cu8-069o4I"
"mans.mogg@edu.tbz.ch"|"igpckw-RE4L61-xXXXHj"
"gerald.foyle@edu.tbz.ch"|"e6QUk$-sE2uEO-75X218"
"wa.androletti@edu.tbz.ch"|"Q8g6C&-x&#3Sf-a@@k16"
"meng.ollett@edu.tbz.ch"|"QEftm4-cF7u7%-8Ci8rh"
"naelle.macmenamy@edu.tbz.ch"|"5UnLZd-Qu#tQ3-46dtwG"
"gisele.mcramsey@edu.tbz.ch"|"v&#jSn-tgN#8@-6U9wJH"
"meryl.scolts@edu.tbz.ch"|"@RBEK&-lj$sNN-jujIWm"
"celia.bloxsome@edu.tbz.ch"|"Jm$AaZ-57196G-z&f6SG"
"styrbjoern.stuke@edu.tbz.ch"|"G2WkLs-EK5GBk-P6L7O6"
"felicie.gwilliam@edu.tbz.ch"|"OomFBe-2pNA2x-le8x39"
"da.harms@edu.tbz.ch"|"RVi@le-GV71aG-DzJHs3"
"celestine.baulk@edu.tbz.ch"|"2XBTPg-GJJBf8-&poOdG"
"mahelie.blackledge@edu.tbz.ch"|"iTd@Og-9O#Ggm-3on%iA"
"meghane.salt@edu.tbz.ch"|"4$Sk2O-$CHFhs-nEKBkW"
"methode.paxeford@edu.tbz.ch"|"vGR1JE-ZUB6dk-Oqb3At"
"asloeg.milligan@edu.tbz.ch"|"q0z6Zx-XrOHyh-iovBmR"
"you.pellman@edu.tbz.ch"|"#VH1FA-TjJM4O-7hFSZT"
"loic.regenhardt@edu.tbz.ch"|"gLqZr8-@ZWjW7-A9sDH#"
"daniele.savill@edu.tbz.ch"|"G3hxIL-2JfSq2-7%coB3"
"alois.cornu@edu.tbz.ch"|"&nvxkl-bkmZct-@TnmMy"
"oesten.govey@edu.tbz.ch"|"itE#bo-AHyH5T-oXslLM"
"marie-eve.louch@edu.tbz.ch"|"VzSJ7c-%S%47&-2cCq1u"
"theresa.wenn@edu.tbz.ch"|"C24%W4-QrzSKA-yG&9go"
"andree.eul@edu.tbz.ch"|"QhNK0U-ePsrjX-nb5KTh"
"lie.paynton@edu.tbz.ch"|"HzbZoN-7NG7Pm-GNA12R"
"marie-eve.girodier@edu.tbz.ch"|"GTSYta-EJbP98-&&RgOU"
"marie-noel.smithe@edu.tbz.ch"|"s1rz7p-DhC3x0-lDh0C#"
"men.bootyman@edu.tbz.ch"|"xO5Llm-PmkWJt-Ju8$c8"
"ku.sugg@edu.tbz.ch"|"7kD4Kr-fe#L#Q-tgCqh7"
"lucrece.roseman@edu.tbz.ch"|"0&euMy-CX%kGp-6Uvnwz"
"zoe.annear@edu.tbz.ch"|"%gd3F#-cys9eP-@&Bca%"
"marie-helene.rennebach@edu.tbz.ch"|"U%xiZE-fLPF45-rP2O1e"
"lea.djurdjevic@edu.tbz.ch"|"N1oduv-n301QI-6#yofQ"
"goerel.robert@edu.tbz.ch"|"45dl#F-McPPds-47pRFS"
"mylene.foldes@edu.tbz.ch"|"9vBEIN-tqq8Fc-LRJtCJ"
"faites.clegg@edu.tbz.ch"|"t#J4Zk-YcTmRs-gjC@Gi"
"marylene.crowcher@edu.tbz.ch"|"v#9lPv-N4L8YK-Ms9V2w"
"aimee.wimpeney@edu.tbz.ch"|"lphDYL-ntK6&#-svytxr"
"renee.atkins@edu.tbz.ch"|"7FHXOc-eQ&alw-lq9v&4"
"rejane.cainey@edu.tbz.ch"|"N9D%Lh-WniVu$-4AMj4x"
"solene.britney@edu.tbz.ch"|"p@mDjU-%nm5Fm-COBuf$"
"marten.shatliffe@edu.tbz.ch"|"wXdU4&-t56nFy-MKUY2b"
"maite.issatt@edu.tbz.ch"|"z9%exX-fYq8GY-0wIMWq"
"maelyss.edon@edu.tbz.ch"|"t2qOFU-RmDOXr-kN8cTO"
"nuo.bamling@edu.tbz.ch"|"ouREDe-H7CMYu-CUmxBf"
"anais.edards@edu.tbz.ch"|"305sP2-0L&H42-aVVA2G"
"mediamass.bromet@edu.tbz.ch"|"SKEfGu-IHAcn$-KZST$x"
"beatrice.kimbrey@edu.tbz.ch"|"6B6my4-rYC6dg-tYzkNN"
"ines.lawranson@edu.tbz.ch"|"UMxn5j-dG5zyc-zFhxCn"
"kalliste.scandroot@edu.tbz.ch"|"jUB5%7-mqX%Yd-oyJjqQ"
"mans.barrowcliffe@edu.tbz.ch"|"vgDFwv-hDm4&f-NDD6Yv"
"irene.couves@edu.tbz.ch"|"YW9LAE-pHo#Xc-&pXFso"
"milena.mucci@edu.tbz.ch"|"1fDd0W-zk3g&#-@7rGkQ"
"naeva.cow@edu.tbz.ch"|"s$y8MW-1TvRau-CMu9Di"
"audreanne.mournian@edu.tbz.ch"|"6rl9Uj-HuFyZt-uo3BZc"
"melia.sinnatt@edu.tbz.ch"|"tdiG4y-oerLEN-TRD3FI"
"nelie.burnard@edu.tbz.ch"|"Nj$@YM-D5o#yP-S1khwY"
"clelia.ashfull@edu.tbz.ch"|"KdC&Cp-lES96J-h5GK4j"
"lie.macard@edu.tbz.ch"|"PBCeFV-PgAtNb-42MQhW"
"valerie.matoshin@edu.tbz.ch"|"JBX3Bw-irPVeC-W6AIiR"
"anael.hatherleigh@edu.tbz.ch"|"5MRHqu-$RFtCq-AG6S2c"
"interessant.warratt@edu.tbz.ch"|"ORg2BP-T9c4JJ-19q5uT"
"eleonore.volage@edu.tbz.ch"|"rOBKA1-qWYVS9-7&a0U2"
"zoe.stebbing@edu.tbz.ch"|"mW4NgE-vBLnsw-5CKPRU"
"alizee.nye@edu.tbz.ch"|"gRJTu7-HfCo@r-pGlLNF"
"celestine.bramley@edu.tbz.ch"|"t&9lni-z&QO&f-l&mvTS"
"selene.philcott@edu.tbz.ch"|"$QXTkF-HuHMzb-RkAbGA"
"tang.newens@edu.tbz.ch"|"nuFnKG-rfKdgy-@VVqIC"
"annotes.powys@edu.tbz.ch"|"cbRups-PAQqeM-LSG5V3"
"lea.matthesius@edu.tbz.ch"|"fw5dIc-XQCGMS-hYuKIl"
"illustree.garlett@edu.tbz.ch"|"InapJr-#zQhix-XB6Dp0"
"maiwenn.meachem@edu.tbz.ch"|"MSQyw1-6sP%NL-Hqd6lZ"
"marie-francoise.mcbrady@edu.tbz.ch"|"d27$CV-xxkjkv-CGt#i#"
"illustree.gimbart@edu.tbz.ch"|"Er$%$g-0hoxQG-jpgaMf"
"melys.lyosik@edu.tbz.ch"|"S694UT-4sjs1s-kQ%1ql"
"marylene.mcnab@edu.tbz.ch"|"zCb4el-P5EsKP-vtF%GC"
"gerald.blount@edu.tbz.ch"|"PMi8TM-Ev5Z8S-bEO&Aj"
"clelia.shakelade@edu.tbz.ch"|"dAIbIf-Ak4Lub-p@p4El"
"penelope.cridlin@edu.tbz.ch"|"QbYP4F-UrxY5f-krn@KV"
"maena.okuddyhy@edu.tbz.ch"|"FXjaI%-SiHFzd-r&21S2"
"athena.keynd@edu.tbz.ch"|"nlPWMD-SZMWTT-GsqZ31"
"cloe.dwine@edu.tbz.ch"|"gBMYfa-VNBu6f-9AdQ4v"
"josephine.browett@edu.tbz.ch"|"zOzqsi-#X7SOM-X6rgmm"
"audreanne.oscanlon@edu.tbz.ch"|"09p4ko-@l98g2-WFkAIB"
"fei.jeanequin@edu.tbz.ch"|"7nMu0a-WVGsp6-3kJ@U&"
"lois.gormally@edu.tbz.ch"|"8RxGps-UJAVT5-l4i9nA"
"marie-francoise.finnigan@edu.tbz.ch"|"r7WPZ8-nADHNc-aBCRIa"
"leonore.trussman@edu.tbz.ch"|"OpDdKD-w1cIy&-MynPjU"
"anaelle.trumper@edu.tbz.ch"|"ww3QOu-N#%c7J-&Lu02u"
"clemence.dionis@edu.tbz.ch"|"1o@act-U#tpe5-$zDVHr"
"lois.tranmer@edu.tbz.ch"|"9lsjB3-MOWqfz-rpKW0L"
"interessant.volett@edu.tbz.ch"|"WKbNp@-L%$tZf-XvbjqF"
"personnalisee.deackes@edu.tbz.ch"|"6EN48U-EK7EL8-tiVIog"
"lie.vasiliu@edu.tbz.ch"|"PHY&Mu-xV@WaD-nk2JPk"
"dafnee.lamputt@edu.tbz.ch"|"C@v@pI-ScJ7ya-autUjE"
"elies.bromige@edu.tbz.ch"|"eN%uF&-bRVp#m-pS3kBu"
"helena.klosser@edu.tbz.ch"|"Erk3lF-Df#s1r-&hMQXw"
"andree.grim@edu.tbz.ch"|"mjEwtH-vjvKFF-$zCmno"
"verane.coldbath@edu.tbz.ch"|"CTUaRV-3n9bam-so#6Mf"
"helena.bethell@edu.tbz.ch"|"Is3Sdn-LM84z7-Tl3nC4"
"kalliste.carefull@edu.tbz.ch"|"HCyL#2-KJlQ3l-wSq@p$"
"regine.odams@edu.tbz.ch"|"OEGEpL-oYpzP%-Oetco%"
"len.stannus@edu.tbz.ch"|"&H1dvE-E4AxbD-tWLt9%"
"angelique.works@edu.tbz.ch"|"8imQzf-81oPCi-SZimB@"
"goesta.rheaume@edu.tbz.ch"|"kuOBG8-cc0wS&-bh10#S"
"maelys.tynnan@edu.tbz.ch"|"P$tiJK-2RJCr6-T#JgQv"
"maelle.carlesi@edu.tbz.ch"|"iSprCb-UldKsj-9vZvPc"
"anael.spurden@edu.tbz.ch"|"XxIH@K-tb3K6T-2%MKPo"
"helene.pumfrett@edu.tbz.ch"|"Brz#5a-yW4Boh-MJPaML"
"goerel.pearn@edu.tbz.ch"|"MS4cIQ-n@KI1a-e@s#Gf"
"laurelie.dezamora@edu.tbz.ch"|"llRLO&-sLWF3b-tIgxxq"
"yao.twidale@edu.tbz.ch"|"nnSZgW-faDvGG-TuPGTH"
"berengere.sola@edu.tbz.ch"|"ADvm5w-IrDpCr-b6b0oa"
"maelann.hardistry@edu.tbz.ch"|"ZWxYkY-fUX9wf-4uShqO"
"severine.littlefield@edu.tbz.ch"|"QCeEeE-N%lUbp-aoyCdd"
"salome.heinl@edu.tbz.ch"|"TOvEwl-o0jRR9-9EP#Uu"
"meryl.warbey@edu.tbz.ch"|"tJMp77-rExAkl-PRGMKY"
"da.hunstone@edu.tbz.ch"|"%dky&x-3podX&-noboLr"
"venus.broadbury@edu.tbz.ch"|"@q@Edd-WSHWDZ-wiic%j"
"meghane.rentelll@edu.tbz.ch"|"MZadsY-3VWu7e-Y09gbL"
"marylene.drewitt@edu.tbz.ch"|"NkaPn3-Xy19Xt-oC4orG"
"melinda.jacquemet@edu.tbz.ch"|"P0dHRc-ufS&gj-qV#oax"
"marie-josee.keyden@edu.tbz.ch"|"H60Hl1-TCQ5MV-lPB0@2"
"asloeg.montacute@edu.tbz.ch"|"RjW7DF-KV@KM&-3gA8q7"
"ku.andreou@edu.tbz.ch"|"KJpYG6-EYMzjK-8xIVky"
"personnalisee.feaveer@edu.tbz.ch"|"hrgX@9-s8PbfF-7I4s9b"
"laila.emptage@edu.tbz.ch"|"7cEz#a-Xw3dt1-XO&81O"
"bjoern.dawdry@edu.tbz.ch"|"5pncme-1#KB5q-b1kfxw"
"marie-eve.dinsell@edu.tbz.ch"|"kZOCVK-YW6K%g-0jKPB8"
"helene.follett@edu.tbz.ch"|"PPRZ7l-lr8Oo2-twRxRj"
"penelope.cordero@edu.tbz.ch"|"s@RV4$-LG9pCK-sHFl4&"
"boerje.beedell@edu.tbz.ch"|"ojkbe1-w&7UcG-@M9ZE7"
"nelie.ferne@edu.tbz.ch"|"5OmUIO-OKEUja-tf1hW@"
"celine.ahmed@edu.tbz.ch"|"alyRt#-$a04NN-TzCKtR"
"stevina.pimblett@edu.tbz.ch"|"gsJ&&t-pRi#aw-yDTf%h"
"chloe.langlands@edu.tbz.ch"|"DLXRzX-&X7liJ-wZi1ta"
"simplifies.maude@edu.tbz.ch"|"h2yg@l-%U4qk4-N@JhkO"
"genevieve.decarteret@edu.tbz.ch"|"Byltr4-R$05V1-D1#eC0"
"marylene.mughal@edu.tbz.ch"|"KcrwlT-tmUSA5-ZIvHA3"
"goeran.guttridge@edu.tbz.ch"|"wDyI8o-fb0aHh-$tQqdb"
"michele.smurfitt@edu.tbz.ch"|"E6IPab-pUs7Lw-2F@Tao"
"methode.hadeke@edu.tbz.ch"|"Q5#mhg-8fzEBV-KeDTYx"
"therese.rispine@edu.tbz.ch"|"4gt8#$-D4UZLI-bueRcm"
"goerel.plumley@edu.tbz.ch"|"BS9Z@T-fvfzdC-TZ716u"
"oceane.friett@edu.tbz.ch"|"kDQNdb-KK6Pd$-@vCof3"
"marie-noel.achromov@edu.tbz.ch"|"%pe0QO-WdFWzR-u9ANG@"
"dorothee.storek@edu.tbz.ch"|"rSAXbC-WU9HvP-RznNRX"
"goesta.whittle@edu.tbz.ch"|"eV1RrD-0qaZJE-c2#mGv"
"desiree.casely@edu.tbz.ch"|"F7%F5I-z0bsUF-fwEzPO"
"felicie.condon@edu.tbz.ch"|"g0nXK@-jixyc5-p053JJ"
"maelyss.frisdick@edu.tbz.ch"|"gdU1FC-YSbcgb-0yqXws"
"aimee.banke@edu.tbz.ch"|"DH#C9f-Ucg8nu-V%h1Rs"
"naeva.hodcroft@edu.tbz.ch"|"8LhTRZ-hK0mVh-6nMx4f"
"laila.gerrans@edu.tbz.ch"|"Bsp&58-9k0uEe-dJyR$w"
"daniele.scrimshire@edu.tbz.ch"|"y@VW8O-5uOBL1-mICkdh"
"daphnee.sheerin@edu.tbz.ch"|"gQBSjD-z@cOPB-7Kh6%d"
"pal.vanyukov@edu.tbz.ch"|"Wbjw3l-&g@@8V-Chu1##"
"zoe.childs@edu.tbz.ch"|"GvnE4$-4Czjai-201&c9"
"ai.corde@edu.tbz.ch"|"Fw7bHG-@nT1nw-If@lRb"
"maelys.berryann@edu.tbz.ch"|"Xu@GAt-EiyH4Y-x#PlOJ"
"cloe.gladding@edu.tbz.ch"|"&eXE7a-EDYTkg-yH5Qy7"
"wa.kinnaird@edu.tbz.ch"|"1bTxhC-lVXZzp-p$%PuY"
"publicite.brittoner@edu.tbz.ch"|"FRoT27-t&zQS1-fubg6a"
"rao.windress@edu.tbz.ch"|"1kDw5h-GHnpFu-Zk5gfT"
"uo.kollach@edu.tbz.ch"|"3cumEG-rTuQFZ-jBP6PO"
"josee.peskett@edu.tbz.ch"|"u@jjkK-4Rbl&s-RMfTuU"
"annotee.hasel@edu.tbz.ch"|"oWhgz@-GNLqW6-eXUGSP"
"cinema.lee@edu.tbz.ch"|"kk9upF-oJMEKP-cMy3VS"
"lai.vedeshkin@edu.tbz.ch"|"UinPPU-RJRH8V-&x$Auw"
"renee.brisbane@edu.tbz.ch"|"3fTHnM-Qy9GQN-RoiVdt"
"ophelie.blincoe@edu.tbz.ch"|"JqOkqK-1gjHM0-%%8bmh"
"zhi.prazor@edu.tbz.ch"|"5OPxeI-7s9h88-UFLHW%"
"annotee.maddicks@edu.tbz.ch"|"zutV$w-D9bhRT-v2ZLil"
"maelyss.codd@edu.tbz.ch"|"jQ5t&P-Ev2hBM-hMFugI"
"celia.peplay@edu.tbz.ch"|"hyJVC8-96or1L-qWa3b$"
"interessant.skone@edu.tbz.ch"|"4fHPk6-5l8YT9-JHb1bH"
"audreanne.hebdon@edu.tbz.ch"|"ov#koZ-95n6Q7-$2HK9O"
"oceane.glen@edu.tbz.ch"|"L0QfYs-l5aQgP-%8fTiD"
"daniele.vanyushkin@edu.tbz.ch"|"CDmFrz-jRzGjk-V&tyyQ"
"daphnee.ayce@edu.tbz.ch"|"yAgFe2-NabJxl-#FT@YU"
"andrea.attride@edu.tbz.ch"|"XhdQOY-J&PqGs-&1%vko"
"penelope.bridgwood@edu.tbz.ch"|"fKH@mz-Ef5lgl-TjLEHf"
"mailis.drewitt@edu.tbz.ch"|"OykIRM-ilyL0z-pFx@0w"
"penelope.mollene@edu.tbz.ch"|"aCy9tI-BGs$59-rph21k"
"illustree.keely@edu.tbz.ch"|"x376G6-s6zRRF-qfIhCb"
"meng.brisseau@edu.tbz.ch"|"TnTmOr-knduLZ-ko#KN@"
"ruo.cleiment@edu.tbz.ch"|"L@CMul-DmnUyA-&2o$jm"
"maite.krammer@edu.tbz.ch"|"L19u2h-IdzuPe-0w1F8J"
"genevieve.verry@edu.tbz.ch"|"vd0WQi-3#bl1Z-edSg0y"
"lea.olochan@edu.tbz.ch"|"76keqz-ud&42c-Csm3f4"
"naelle.brunnen@edu.tbz.ch"|"2uFseW-DriYfw-8Spfet"
"goesta.bragginton@edu.tbz.ch"|"eCihKa-823IbT-Oqsp#%"
"fei.danilyuk@edu.tbz.ch"|"1tZ19F-ozZ@Rc-VP8#e3"
"adelie.turbitt@edu.tbz.ch"|"6WtD6a-4732sp-$xr2BH"
"marylene.nutman@edu.tbz.ch"|"ngcc$6-epU0q3-qOQFSe"
"therese.barbrick@edu.tbz.ch"|"Edl4GH-0y7Rpv-6nQgPy"
"melys.kolodziej@edu.tbz.ch"|"l1%LYd-JjNKzS-rmo%Nj"
"melanie.runchman@edu.tbz.ch"|"QGzXro-jXRoRa-zwo22F"
"serena.lafond@edu.tbz.ch"|"NFy86t-btjqJ5-ocmS&k"
"pelagie.desmond@edu.tbz.ch"|"QejB$z-Lgm0LY-B78DUN"
"wa.spickett@edu.tbz.ch"|"z2Te4Z-ODca75-9nTeu#"
"po.shave@edu.tbz.ch"|"5RRsu9-mbe5Z#-IW0WOM"
"song.huikerby@edu.tbz.ch"|"G1iMvK-JTnwsH-V#OtrI"
"melinda.bimson@edu.tbz.ch"|"agXMAp-%04rNG-gkjptb"
"personnalisee.toffanelli@edu.tbz.ch"|"vklYws-I@7Rdc-ibopFW"
"leandre.hurn@edu.tbz.ch"|"4QWdNt-x2sv84-nfdU@a"
"oesten.standell@edu.tbz.ch"|"9Rq5zH-FU9E3U-9wvzdl"
"naelle.smaleman@edu.tbz.ch"|"1#oriw-Z#1BOm-dlvpvW"
"berenice.tayt@edu.tbz.ch"|"iH6NGY-0Jk6uq-Rrr0aR"
"kui.popplewell@edu.tbz.ch"|"OqY1aw-qSJy&f-usZ@vS"
"melodie.ferandez@edu.tbz.ch"|"b5y27#-gpw%Iw-7Qb9y8"
"josee.negal@edu.tbz.ch"|"doY&l8-hf&8&R-CVbS@A"
"melissandre.ferrelli@edu.tbz.ch"|"97p2ta-pg6#v9-QZu3qB"
"josephine.kemmer@edu.tbz.ch"|"cOGcFN-tFyFH7-4It&R6"
"maely.cayette@edu.tbz.ch"|"ABAGm2-noMq5d-wdQFOt"
"nelie.vela@edu.tbz.ch"|"ZK$ore-mpyuVF-W5r9QY"
"melina.cortes@edu.tbz.ch"|"vdr1xT-uSx0VF-Z1Na7V"
"megane.leyshon@edu.tbz.ch"|"XsTvGi-r&b0aR-i6cFr8"
"regine.harrie@edu.tbz.ch"|"8v6DTg-G2puoY-xS$#rT"
"mylene.widdison@edu.tbz.ch"|"JrLwKy-anBw2t-n9&DFN"
"pelagie.vivash@edu.tbz.ch"|"kdH%9$-o9MZCq-vC8H9d"
"styrbjoern.vicarey@edu.tbz.ch"|"IlerLu-itC5WW-EfO4TY"
"long.kyles@edu.tbz.ch"|"wQzhs4-zrRN$3-uvSYpV"
"stephanie.gipps@edu.tbz.ch"|"fSDgN8-DHf03X-tBDdDS"
"clea.constantine@edu.tbz.ch"|"iVWXRt-dXA8n@-5c9QOg"
"maella.cometto@edu.tbz.ch"|"DziX96-6PAw0X-GBFVtp"
"laila.aubrun@edu.tbz.ch"|"ScqGmU-Y4jE$b-XxoqUY"
"yao.austins@edu.tbz.ch"|"TaNyRz-rq24XL-9tTxWk"
"mailys.rylstone@edu.tbz.ch"|"NLD%lS-0IqlOE-0jZ6Ub"
"adelie.curuclis@edu.tbz.ch"|"Go@Chv-KA2jTC-t7cgTu"
"celine.longhurst@edu.tbz.ch"|"lWoXrU-Uubndm-aMg#BB"
"gisele.hazell@edu.tbz.ch"|"e5RaZG-NEAfU1-yhDqaJ"
"celestine.ciccone@edu.tbz.ch"|"2mCxlQ-rr0DE3-ORN17W"
"maelyss.doole@edu.tbz.ch"|"Oy1$4t-vVfeYH-INjCVb"
"helene.grimsdike@edu.tbz.ch"|"jwpyri-uAGPYp-WwP9Fe"
"lie.macer@edu.tbz.ch"|"V6f99p-pM2N&g-@OMFg5"
"maely.izard@edu.tbz.ch"|"3O8W%b-IzCSQ2-hipzI8"
"erwei.breewood@edu.tbz.ch"|"pnDOag-GkVYGo-0eOa6e"
"chloe.woolford@edu.tbz.ch"|"Zyel4V-zxdgXy-NvUGTN"
"cleopatre.turpin@edu.tbz.ch"|"HAiKta-&FJNN4-KhE2t9"
"melodie.surgison@edu.tbz.ch"|"f9dLjP-a8$icc-Tb#sJL"
"elies.leander@edu.tbz.ch"|"pVi$PP-Jdol2C-RL77c#"
"mediamass.reignould@edu.tbz.ch"|"f91s3D-PMg1gk-FHWRDS"
"celestine.wasmuth@edu.tbz.ch"|"yiirfu-JT8upw-E1ZiDx"
"marten.jervis@edu.tbz.ch"|"Jc2stz-iFwTpR-HdEJAd"
"daphnee.bour@edu.tbz.ch"|"MSFhuy-tpMESh-p6I1ms"
"regine.harlett@edu.tbz.ch"|"cRON1S-t#yrEC-i1xoFC"
"noemie.macaskie@edu.tbz.ch"|"TYs&Em-a0WWoZ-#O8tIU"
"loic.renfield@edu.tbz.ch"|"xmQrI5-WVIKOj-dMTwkA"
"venus.kleinert@edu.tbz.ch"|"7MvIql-U$iSzO-Ta3j0w"
"marten.burlay@edu.tbz.ch"|"eaj1TD-9ZO4Cw-WB6%28"
"berengere.radsdale@edu.tbz.ch"|"2Mg0f1-6gUVZc-yu$CZR"
"genevieve.duckit@edu.tbz.ch"|"itsXO4-cqZVPv-LtJ@3u"
"maely.ligerton@edu.tbz.ch"|"P#AFNO-7$vtva-&E@RQX"
"maeline.ricciardelli@edu.tbz.ch"|"w6$buq-w%1FMF-6or6Vk"
"personnalisee.yggo@edu.tbz.ch"|"zP6Yco-he%aYN-M$wzbN"
"alizee.pettinger@edu.tbz.ch"|"en%Fyw-SxvDTu-TKhXT2"
"desiree.curnnokk@edu.tbz.ch"|"$Dwrjz-g83R$B-3nI&do"
"dorothee.minors@edu.tbz.ch"|"yaVj7L-FPmGHx-QC5CPQ"
"oceanne.kopmann@edu.tbz.ch"|"JgV5EG-KIcapq-ISxPOt"
"almerinda.brodbin@edu.tbz.ch"|"Fh%LSj-Bz5J#s-Di9lK6"
"yenora.carsberg@edu.tbz.ch"|"N#HH3s-8kLZGr-NfR2ah"
"wa.beetles@edu.tbz.ch"|"FPfD#%-AsaLZh-gXRUC2"
"audreanne.abbot@edu.tbz.ch"|"eOIrLb-kzFMTf-1cyfnr"
"noemie.capper@edu.tbz.ch"|"@4pGJY-fWGFJR-j#LGCI"
"mans.abramamov@edu.tbz.ch"|"4E@##j-NJoavY-rmvHii"
"audreanne.blakey@edu.tbz.ch"|"XPRIwO-@Ky@Iv-HjW8JR"
"leone.klimpke@edu.tbz.ch"|"&rU3te-0eLOtz-Z@w@I6"
"lie.croston@edu.tbz.ch"|"xk7m5R-Cbvym6-2Hi1#Y"
"anaelle.baistow@edu.tbz.ch"|"nfNOMW-NfOXVF-nEcpwq"
"michele.garwood@edu.tbz.ch"|"uL1PiI-RkpZ$S-fhVjLz"
"interessant.albion@edu.tbz.ch"|"7bKnxe-frJ#v6-ZID8II"
"andre.brisco@edu.tbz.ch"|"UJh1kz-eV3COB-KQAz5c"
"tang.totterdill@edu.tbz.ch"|"v52z&L-afol5p-cy0r97"
"marie-josee.braundt@edu.tbz.ch"|"spu$gE-zcsHN&-GWAl#q"
"lois.galer@edu.tbz.ch"|"EXbljb-@vxmQW-DwXQBF"
"faites.pellamonuten@edu.tbz.ch"|"mDqAjQ-DlGucH-DIER5A"
"mai.barfford@edu.tbz.ch"|"zh$Okx-7uip5%-z$pmDk"
"laurene.macilory@edu.tbz.ch"|"$z#dKW-2rSK2D-#jomHz"
"elea.peak@edu.tbz.ch"|"1FyKGU-zhEj9K-n&jZaS"
"rejane.doni@edu.tbz.ch"|"pSoysj-HW2Vqn-jQYxye"
"mahelie.ector@edu.tbz.ch"|"0crFne-6J2Cb9-6Eklxt"
"rachele.allum@edu.tbz.ch"|"P922d4-tmnoac-CDznMo"
"laila.gerretsen@edu.tbz.ch"|"pznQhG-2QSrLx-DugHti"
"ines.bowman@edu.tbz.ch"|"pIKIzC-pmngpy-9cSSTN"
"publicite.barbary@edu.tbz.ch"|"TBUVq4-yk6CsB-TcITXz"
"mailys.smooth@edu.tbz.ch"|"spr%EW-a43Vd0-T9vVZ%"
"mailis.huguenet@edu.tbz.ch"|"gEHp9Z-QDQM8t-%v2@81"
"lea.ewer@edu.tbz.ch"|"OUkkFq-SYBJba-6bv0It"
