"email"|"password"
"melodie.vandervlies@edu.tbz.ch"|"Ii8Dpe-SUmXGZ-R9kAV&"
"angele.edgecumbe@edu.tbz.ch"|"ermy7s-HAbXVU-@0kAKH"
"zhi.andreasson@edu.tbz.ch"|"prBpCY-c2PxDV-T6$df7"
"judicael.koppeck@edu.tbz.ch"|"GH@Ciu-DsthX%-qXHYB6"
"berengere.capron@edu.tbz.ch"|"u%Xv%9-ai6ZhL-FzMFx9"
"leonie.brosini@edu.tbz.ch"|"wKV#XC-hcxNJS-a2KJ8E"
"venus.garfit@edu.tbz.ch"|"2zmxvB-hnwG%I-gi7H9F"
"melina.janota@edu.tbz.ch"|"ZG3nAM-XEC6c$-Zj8rov"
"laurene.bake@edu.tbz.ch"|"MAcqti-8Mu9r3-Xw6MQl"
"regine.dorkins@edu.tbz.ch"|"f3g#G4-zM4whJ-WT8BfL"
"cecile.moffet@edu.tbz.ch"|"GyfMrt-xiQ6#W-6vIHmi"
"maelann.labrone@edu.tbz.ch"|"zCmFsc-6Y6x#n-vPih65"
"melinda.newbold@edu.tbz.ch"|"PzVoOO-AaETKI-LBbwkY"
"mans.itzhak@edu.tbz.ch"|"fJi031-JZhW55-cx9yo0"
"melodie.pattlel@edu.tbz.ch"|"9iFzMF-QsY$x2-L#n4qO"
"celine.bonett@edu.tbz.ch"|"WHG&zI-3EwaVj-DQSzR$"
"adelie.mcgreal@edu.tbz.ch"|"u4PU5#-rZTtll-yxalXK"
"helene.soldan@edu.tbz.ch"|"ChGctN-@htQV1-sc##TD"
"michele.cluer@edu.tbz.ch"|"avVvGR-bHtvUQ-BZdWSC"
"maeline.mueller@edu.tbz.ch"|"y@EnsQ-UfZO4N-s84iVh"
"maelann.benedito@edu.tbz.ch"|"i%2FE7-VBC%8R-f9%evL"
"nuo.gransden@edu.tbz.ch"|"hcBnIl-LLvAPk-X0&gK8"
"berengere.stainton@edu.tbz.ch"|"Eic6C2-8Bq7Bm-025hmu"
"wa.sabater@edu.tbz.ch"|"$3@%Kx-wrt5#1-YY0@L6"
"anais.cochran@edu.tbz.ch"|"BPXJ%2-23K@yy-CaL9e9"
"gerald.bessant@edu.tbz.ch"|"&dlx@@-SsD2Bw-SDcxk0"
"ruo.coffin@edu.tbz.ch"|"F&R1O4-9Dftk8-6Tj%bD"
"melodie.mustill@edu.tbz.ch"|"$XdgOS-#nbqgN-cHWLpg"
"ruo.stanesby@edu.tbz.ch"|"UTSmgt-7up#EC-&8gex1"
"noemie.antognelli@edu.tbz.ch"|"sWD%i5-IdII&t-s&SRJk"
"maelann.hughson@edu.tbz.ch"|"gCzJzn-icluZU-rt0dSI"
"milena.mieville@edu.tbz.ch"|"Ne6LaH-##k#SZ-8OYeGc"
"mailys.chamberlin@edu.tbz.ch"|"nvQWh%-hVWETs-NbIcdh"
"nadege.tomalin@edu.tbz.ch"|"ZwfN7r-b#y3fk-KwoghP"
"oceane.omara@edu.tbz.ch"|"DG1j0Y-q7$GMO-AbBZOz"
"cecile.aguirrezabala@edu.tbz.ch"|"nA62zw-D0p5vw-CBDpK@"
"maella.gwillim@edu.tbz.ch"|"RdrNvn-CEY4&0-CgxhMT"
"lea.mcgahey@edu.tbz.ch"|"KN9tsK-2It0wi-X$jVmB"
"laurene.hagerty@edu.tbz.ch"|"xXa@ZH-V6F1%K-W7I9sV"
"dorothee.link@edu.tbz.ch"|"8RJp$Y-WoVRQ1-rc5vF$"
"clementine.kynsey@edu.tbz.ch"|"dmxCuq-3lmh%4-JIMWHa"
"lorene.smitherman@edu.tbz.ch"|"1sWnYw-styxpA-990NFO"
"cleopatre.klulicek@edu.tbz.ch"|"Dsut8r-kJ4Yxq-TdvG&p"
"laurene.castaneda@edu.tbz.ch"|"b0DJa&-lROFkW-2ar&bB"
"melia.constant@edu.tbz.ch"|"MVRqNQ-N79dBD-MsLSOA"
"lucrece.clunie@edu.tbz.ch"|"VVyq1r-tcn@I2-YOh$hI"
"eleonore.mcmurthy@edu.tbz.ch"|"jRbiQi-5iv0L&-hv94#h"
"melia.bevar@edu.tbz.ch"|"1Sl$T4-KC8oGM-NPw%Jn"
"camelia.bontine@edu.tbz.ch"|"U3D9dm-PGVAvd-tON1iU"
"methode.jozefczak@edu.tbz.ch"|"bil5eo-3mNdM8-RRIJrW"
"audreanne.hinsche@edu.tbz.ch"|"#0hJet-dZ6#TU-#jiq&C"
"andree.varne@edu.tbz.ch"|"O8hL$h-f9zqeS-swJrOO"
"marten.kinleyside@edu.tbz.ch"|"BdBQw&-v1JMO%-zcxLp$"
"esteve.mcewan@edu.tbz.ch"|"843dsP-9E1R@i-i0Vo3k"
"leane.dibbert@edu.tbz.ch"|"It&b%u-tpFv0G-8zO89j"
"ma.thewlis@edu.tbz.ch"|"wsqT&i-UYY916-59KBNH"
"clea.djurkovic@edu.tbz.ch"|"@E3B0y-HbW#@l-Ch%&dW"
"rachele.reburn@edu.tbz.ch"|"XgiKr4-rhCGd1-bn#$kU"
"gerald.gowling@edu.tbz.ch"|"aadbmY-mOXPl#-uNULl0"
"cleopatre.jackson@edu.tbz.ch"|"aExpTj-NAf48L-yzQ6mn"
"desiree.haskins@edu.tbz.ch"|"DC7EFh-NxlHpP-mQA&Rz"
"eleonore.longson@edu.tbz.ch"|"#AWvX4-uBTgyP-AwW1h6"
"leane.dybell@edu.tbz.ch"|"xgv3be-&%Fv40-#zHY4B"
"becassine.grzesiak@edu.tbz.ch"|"mf&ou&-&tmo&2-4f7pr2"
"marie-josee.pickin@edu.tbz.ch"|"bHsRfj-#fha5H-@VdQPB"
"marie-josee.roxby@edu.tbz.ch"|"I9Imr#-Gn9Bo&-1UNp@V"
"leonie.feenan@edu.tbz.ch"|"%bGC5E-UoTYza-&4j2#d"
"valerie.ellum@edu.tbz.ch"|"t4KALK-EZHVL5-dD5l2@"
"ju.caseri@edu.tbz.ch"|"9rHkDC-vWLsoZ-gkbQ&#"
"boerje.strangman@edu.tbz.ch"|"qs4kuo-Ap5fYt-8mnBC0"
"beatrice.ghidelli@edu.tbz.ch"|"V$TDxL-W0UwUF-JSc1FM"
"da.jablonski@edu.tbz.ch"|"b1e3ug-c&YU6J-LuN5Fj"
"uo.beveridge@edu.tbz.ch"|"ygPNp4-To$dQP-cT63GH"
"valerie.bestman@edu.tbz.ch"|"bwe6#G-t4O2jN-dQiFD3"
"marlene.pohls@edu.tbz.ch"|"Ld#vlz-p7bga9-166WN8"
"ma.nolda@edu.tbz.ch"|"eEPvsO-7pTjSq-n0Gq&1"
"marlene.bisiker@edu.tbz.ch"|"pghWPJ-o4T4MF-b%C6hI"
"estee.babon@edu.tbz.ch"|"TLsbz$-rIXVGP-G1rW%7"
"simplifies.dmisek@edu.tbz.ch"|"4OICwP-2lukYR-JSUivE"
"selene.ganing@edu.tbz.ch"|"P8W1pY-qvV6WU-mGFjQF"
"meryl.penke@edu.tbz.ch"|"uaOgRh-PAZAJA-6XY@4%"
"anais.rawcliff@edu.tbz.ch"|"j$JxJT-gnwvR@-4bRco$"
"melina.andri@edu.tbz.ch"|"UpYR$6-hkrfnE-OhQAQ@"
"audreanne.fodden@edu.tbz.ch"|"Lw3jA#-2hl7BD-I%icSA"
"bjoern.spellesy@edu.tbz.ch"|"LEID9&-lYxGyP-vOt7H$"
"francoise.summerscales@edu.tbz.ch"|"4ddTcN-93rRd4-1YikQc"
"laurene.ashtonhurst@edu.tbz.ch"|"4Rtnp7-dKdpKM-Z15yjF"
"valerie.petters@edu.tbz.ch"|"8L&IQm-&aF@VJ-Xdlp2k"
"anael.spenclay@edu.tbz.ch"|"hr22LW-HDMnVu-qQGXQX"
"stephanie.keech@edu.tbz.ch"|"L1jR@J-K3fanS-NFzne0"
"ines.deveril@edu.tbz.ch"|"%&x1sf-xCI65J-v&MJiW"
"berenice.gelder@edu.tbz.ch"|"g05&Sj-BbkQtd-oxDshg"
"melanie.ofogerty@edu.tbz.ch"|"KalUpq-G1yPXS-eYEcb9"
"frederique.canepe@edu.tbz.ch"|"HWplS$-wIm77S-8tabn8"
"nuo.otton@edu.tbz.ch"|"jDh#WU-$X&sO@-r#UcPK"
"genevieve.trusler@edu.tbz.ch"|"D3s7l7-T@reeS-$XYcTK"
"ju.boag@edu.tbz.ch"|"M1iiy3-xLlJ08-@#$NOo"
"josephine.dilucia@edu.tbz.ch"|"Lnl%&s-G4ugAJ-ll6WnI"
"laurene.armsden@edu.tbz.ch"|"0wumiQ-DhK9pK-g&8PHx"
"becassine.griffe@edu.tbz.ch"|"AvR1Ot-wBIqjD-@y8%6b"
"alois.parres@edu.tbz.ch"|"eljqL8-xBYrPP-6KBoP4"
"cleopatre.gaffey@edu.tbz.ch"|"mcxRXi-&jpA6O-Dw%Scc"
"andre.stiger@edu.tbz.ch"|"$&vHwX-FDOpWs-CHELbZ"
"beatrice.godleman@edu.tbz.ch"|"SC$M8M-Mkggyk-tQ#hOh"
"hakan.harrhy@edu.tbz.ch"|"H&pjRG-UKE7B8-qzHh%X"
"celestine.dagnan@edu.tbz.ch"|"&2dlWO-TNEDpr-%oZRvO"
"clemence.haggart@edu.tbz.ch"|"c62LAw-50o#I6-eta6IG"
"long.caban@edu.tbz.ch"|"yBWCGt-ls1CsC-A92mmU"
"gaetane.grimble@edu.tbz.ch"|"@6iNu1-JhKnIN-DzuEcp"
"maelann.piwall@edu.tbz.ch"|"WSRsgR-NICEdV-%pnuxF"
"magdalene.loble@edu.tbz.ch"|"OfsQST-#R@Mj%-0rU3nl"
"veronique.domaschke@edu.tbz.ch"|"CXi4xM-ZLj54j-%u$s%h"
"clea.herity@edu.tbz.ch"|"EwtRCo-qw&wcH-l5Y3BW"
"maelann.bambrough@edu.tbz.ch"|"tV3TKs-d5#HFX-1qsOv4"
"clea.goulstone@edu.tbz.ch"|"dUv4J4-sW4#on-$z#&7@"
"renee.deleek@edu.tbz.ch"|"RJFZzL-1Fgo5Z-j3%Thr"
"boerje.rudderham@edu.tbz.ch"|"xcBtxg-PfOTsJ-BDA8Ix"
"marylene.broune@edu.tbz.ch"|"Gg9bjO-mkLMpQ-hxnj6v"
"nadege.mccuish@edu.tbz.ch"|"sKW#tm-qKqtRY-u4U7qx"
"anael.littleover@edu.tbz.ch"|"@it82M-YpeAHQ-DBgtr2"
"lie.baume@edu.tbz.ch"|"L8W73q-c99bhj-WVtTv3"
"maella.murrow@edu.tbz.ch"|"5uQyYx-qTSa3s-hrzbT4"
"cleopatre.pettifor@edu.tbz.ch"|"h8#0yI-FTwt9Z-rf76CR"
"geraldine.asker@edu.tbz.ch"|"ALw5Au-2GzvCz-UASEkj"
"gaetane.smedmore@edu.tbz.ch"|"v57izx-Oqw9te-WP1XOD"
"meryl.blencoe@edu.tbz.ch"|"5MSXii-pDZ&h9-6fCTCH"
"aurelie.chastaing@edu.tbz.ch"|"zDa&3r-S@%mDi-6vyanD"
"oceanne.marthen@edu.tbz.ch"|"oG9fi3-m6iLQT-SIydNU"
"dorothee.burrill@edu.tbz.ch"|"bsaDn5-Ge3NgN-4b5&#M"
"hakan.belden@edu.tbz.ch"|"fBWn8V-OAuYct-qS#S9b"
"celine.brunning@edu.tbz.ch"|"Hbw0$a-eNW#zX-FskM&F"
"anael.lapides@edu.tbz.ch"|"@ufKL1-f#YPaI-#5@%iK"
"ruo.saffran@edu.tbz.ch"|"n&O$jZ-WySxle-YFRHcM"
"loic.gerretsen@edu.tbz.ch"|"%l%Z%B-hbU13O-wApR4#"
"rui.fitzer@edu.tbz.ch"|"pJ02iK-Qk@#xS-vb&4SI"
"annotee.ogers@edu.tbz.ch"|"GhAw33-O4z$yI-qGqVpy"
"boerje.bindin@edu.tbz.ch"|"Jej1@7-7Pf0kT-d9McJE"
"ma.cronchey@edu.tbz.ch"|"Eqqtkp-1H2x5M-SejP3i"
"laurelie.baiyle@edu.tbz.ch"|"PaoyB5-v2$lec-PVxSKZ"
"dorothee.older@edu.tbz.ch"|"VeDFUj-dnWyHR-B4f#uw"
"laurena.wile@edu.tbz.ch"|"Ep%fYX-2rhCWx-1Fe%o8"
"clemence.brito@edu.tbz.ch"|"&Q9pzD-ItyB%2-WWgc&o"
"nadege.dallin@edu.tbz.ch"|"%koW3e-7VFs69-Xpwu1Z"
"mailis.matley@edu.tbz.ch"|"LDN1Tm-67Mtt7-g&Itro"
"daniele.screaton@edu.tbz.ch"|"kb5anM-rJqeWY-kiYrD@"
"mediamass.godly@edu.tbz.ch"|"2mr@$p-ZXU$xJ-Cct2Ca"
"leone.kremer@edu.tbz.ch"|"d9mdSe-JNfV7u-JcaCJR"
"asa.adrian@edu.tbz.ch"|"9dEinI-uf81uY-SwChy%"
"adele.doley@edu.tbz.ch"|"j36BGe-T4$iCQ-q9$yBb"
"fei.sidney@edu.tbz.ch"|"otAtk5-4vHsam-k4l&Ll"
"marie-josee.walisiak@edu.tbz.ch"|"WSWdr9-dyXZN9-#x%YF#"
"desiree.diplock@edu.tbz.ch"|"BNq#DV-zPYMWo-y1U1$f"
"gisele.schust@edu.tbz.ch"|"2TV%se-Vq7saj-&u5MuK"
"ma.longshaw@edu.tbz.ch"|"Qnr89Q-k&qrGR-iOTBIO"
"da.boother@edu.tbz.ch"|"ZxrBWN-Zsjiii-H90QJi"
"simplifies.chaudhry@edu.tbz.ch"|"fbkyI2-a7I&NO-HN&Id6"
"garcon.baniard@edu.tbz.ch"|"4aCa9m-2Ns4gT-J4gumx"
"gaetane.elphee@edu.tbz.ch"|"jLhw6k-8sK8hA-rm%XjV"
"gisele.hassey@edu.tbz.ch"|"tRpSOc-qF5HBq-pok@M0"
"oceanne.booley@edu.tbz.ch"|"vT#D9$-MysXky-cUcEL$"
"oerjan.dibden@edu.tbz.ch"|"36&7ec-lYb7x8-QPT4rV"
"regine.ocleary@edu.tbz.ch"|"lN1i5y-B4lnTK-fOZo9@"
"selene.persse@edu.tbz.ch"|"&fFgL7-&XCq30-XJ3wTt"
"helena.adenot@edu.tbz.ch"|"Iz9XCj-V8wKbP-j3hLUb"
"maelann.wassung@edu.tbz.ch"|"oEfF5p-i0aGGP-ahT8&p"
"frederique.ackermann@edu.tbz.ch"|"xikSD8-KcIrxJ-OmO@9i"
"audreanne.kahen@edu.tbz.ch"|"TUTdey-kn@Vjj-$hTaUY"
"maiwenn.lasty@edu.tbz.ch"|"dM2Jmy-RqcGKd-Jtq$8L"
"yu.dictus@edu.tbz.ch"|"FYJPqt-zvuarx-1V@ko&"
"anae.dukes@edu.tbz.ch"|"YcGWH8-#mYqBC-OX@blz"
"yenora.warr@edu.tbz.ch"|"8VMqPh-rHaII&-Xi@9Z@"
"esbjoern.archibold@edu.tbz.ch"|"k$4dGT-HU9Xsb-jCnfrm"
"milena.pardal@edu.tbz.ch"|"nkh4wH-BIx8Vk-bbwQpm"
"celestine.graveston@edu.tbz.ch"|"nr88zT-PfQfl3-s3BkuQ"
"maena.dallas@edu.tbz.ch"|"XkxNOi-HxrddF-Vm6S51"
"andree.tuke@edu.tbz.ch"|"hzOH6u-ZX%A2g-dy#5Z$"
"methode.seldner@edu.tbz.ch"|"U7xarA-j5eEMo-qoYqF8"
"venus.bullas@edu.tbz.ch"|"q#uEr8-rOOHFy-PSZQ$H"
"mans.aguirrezabal@edu.tbz.ch"|"sbXgb$-URwRJY-Ga7j3A"
"gaelle.eadington@edu.tbz.ch"|"VXYBvh-RVApor-szGhkD"
"anaelle.falkner@edu.tbz.ch"|"raa&ja-&nNM&L-o#Mg58"
"ophelie.height@edu.tbz.ch"|"F5PXO0-z8X397-eC&z1#"
"marten.bolding@edu.tbz.ch"|"#$pUgU-zJTG0G-y##$$T"
"pelagie.guswell@edu.tbz.ch"|"X$xopv-lNBWfN-vtoIAV"
"gwenaelle.lecount@edu.tbz.ch"|"#u49Ht-uL%O3#-23a3fp"
"hakan.laden@edu.tbz.ch"|"VEsPoX-G$A&iZ-VYq#Ir"
"marie-josee.hylands@edu.tbz.ch"|"Aq41RH-uXf73N-VObHSi"
"zoe.kingshott@edu.tbz.ch"|"33Q#Uj-FEIFc%-oISm5a"
"josee.janous@edu.tbz.ch"|"bW5W%9-K0GetT-EJPW3%"
"laurene.gallally@edu.tbz.ch"|"s21eAV-ig5Olc-d4I9GJ"
"anael.bickle@edu.tbz.ch"|"&$&Y#X-daMejR-RsCX9r"
"mediamass.lebbern@edu.tbz.ch"|"v8TXNW-%3ra9t-hcF#6B"
"berengere.hovy@edu.tbz.ch"|"Ucok@K-YqGfXt-zaT63D"
"oerjan.kilmurray@edu.tbz.ch"|"ob4GcL-aw2tNE-OaBK48"
"asloeg.venny@edu.tbz.ch"|"jEg9lW-lm4QOC-2AwU3&"
"marie-noel.stoad@edu.tbz.ch"|"8HZx3x-ZqCfME-Ut4XNE"
"hakan.pettifor@edu.tbz.ch"|"2NEOGb-fg$9AI-XG7$A9"
"maella.willgrass@edu.tbz.ch"|"6v%ycc-oPlzTY-HLU3RR"
"therese.ludovici@edu.tbz.ch"|"8O#7Kb-cJpkxu-45OAKk"
"stephanie.trewhitt@edu.tbz.ch"|"HbgBKj-Ev3#92-H5qrnI"
"maerta.bauduccio@edu.tbz.ch"|"iRawQd-&hPmb0-bjVMgJ"
"gaetane.glaisner@edu.tbz.ch"|"5cT6@B-75RWl$-6WV$IU"
"naeva.pargeter@edu.tbz.ch"|"lXGnuc-1WcVhI-bj%MDT"
"salome.venable@edu.tbz.ch"|"&yg&#E-AdUEvb-BZDH1J"
"boerje.thickett@edu.tbz.ch"|"QnE8&o-EjAmv2-ia0kDP"
"lucrece.prendergrass@edu.tbz.ch"|"qjLlml-HAjKkg-4MUA0d"
"laurene.ockleshaw@edu.tbz.ch"|"X%lFlD-I6MrbA-ySWa3#"
"cecilia.pasticznyk@edu.tbz.ch"|"1Ro72g-7D6mei-1mxDDI"
"stevina.mackey@edu.tbz.ch"|"Fnp2nL-5ubiBJ-pKvT8#"
"marie-noel.reven@edu.tbz.ch"|"X&5ijQ-QXG4PR-U3ExeD"
"melina.quilkin@edu.tbz.ch"|"ebf5uH-MixqZr-#JznjO"
"marie-noel.ferrie@edu.tbz.ch"|"716j8y-mhLs#X-Hfdpp6"
"leone.alphege@edu.tbz.ch"|"hgCKur-1Dvr$G-dVtL%u"
"zoe.leverson@edu.tbz.ch"|"cGpz7S-kZnXOT-dzpTwn"
"annotes.grayne@edu.tbz.ch"|"u2pVJ0-GwS3K3-kUrSjF"
"faites.lalley@edu.tbz.ch"|"kYKfo8-Mzz0Ds-2DwF&r"
"adele.wallis@edu.tbz.ch"|"dMC4Ct-gAfCfK-8WcEfN"
"severine.madill@edu.tbz.ch"|"Cb3#He-hY2HrH-V5X84m"
"valerie.tebb@edu.tbz.ch"|"AO2TJm-qXDC0y-xGUFs3"
"kalliste.rasper@edu.tbz.ch"|"FczzeO-5fmU6J-tjELrF"
"audreanne.palomba@edu.tbz.ch"|"qO%n@0-u$i5OE-TPt2BY"
"elea.adamik@edu.tbz.ch"|"AR4d&W-V@&0ec-GufmJy"
"reserves.jakuszewski@edu.tbz.ch"|"auuFGz-k1dvKy-nUcjD4"
"athena.belhomme@edu.tbz.ch"|"v%hmaW-5chvxR-ezZI2G"
"rebecca.crippin@edu.tbz.ch"|"TuOfJH-QfGxUM-Kipf6t"
"maiwenn.curman@edu.tbz.ch"|"gNlAqt-g4&oYG-x0Dgb$"
"andree.bunner@edu.tbz.ch"|"smMqwe-x$4$Ff-gVZWNB"
"ruo.winckles@edu.tbz.ch"|"enDX6Z-y3qdvZ-rAB59f"
"naeva.buntine@edu.tbz.ch"|"%aizBO-Ji6TH0-6gIHTk"
"boerje.dollard@edu.tbz.ch"|"r9h5k$-iGobS8-x#nAid"
"penelope.gorman@edu.tbz.ch"|"@U@%aN-wCkJML-rC5$I9"
"alois.robelin@edu.tbz.ch"|"f1No37-YDqfqW-QCt0ZC"
"anaelle.tindle@edu.tbz.ch"|"0jfuvw-iSbBhB-QZpUGG"
"ye.frears@edu.tbz.ch"|"wNRUus-fGk#7A-YZNHPX"
"andree.ovid@edu.tbz.ch"|"6nszAD-hOzv4q-MByr2B"
"hakan.peat@edu.tbz.ch"|"hfoRzS-wMOKFm-NX4X02"
"andre.januszewski@edu.tbz.ch"|"0Ba#vq-ANT#3J-09nMzs"
"annotes.clemmett@edu.tbz.ch"|"Ma7qDF-wTVHVk-zobH%D"
"pal.lambswood@edu.tbz.ch"|"IH1CO6-wTGJSu-xKUcAY"
"yao.lenton@edu.tbz.ch"|"ARuswI-KIVpHv-zNWq95"
"hakan.boyton@edu.tbz.ch"|"LdWEB9-&KKoHB-7GVi2g"
"nelie.forsey@edu.tbz.ch"|"xb$&oE-djFz#L-ttkf9l"
"hakan.horche@edu.tbz.ch"|"sSthwE-oQhRRO-XyTcgs"
"lorene.sinkings@edu.tbz.ch"|"U2%wfy-k3F7fu-MPjEtL"
"marie-therese.creddon@edu.tbz.ch"|"odMRKL-bCdVkX-EZFMqk"
"berenice.tolworthy@edu.tbz.ch"|"4HiWyU-Ei0G8V-7tfnDE"
"theresa.land@edu.tbz.ch"|"b4mlab-G3DTK6-We7s&w"
"marie-therese.gianilli@edu.tbz.ch"|"PdawOV-YD&0yi-zk0fMQ"
"meryl.glew@edu.tbz.ch"|"vjdJGH-pF&ePX-#u4d%&"
"adele.debling@edu.tbz.ch"|"##rQwI-77sf4W-W&8oLz"
"anae.metzke@edu.tbz.ch"|"Nfv&DA-tq6IcQ-CVR8DN"
"gaetane.gooden@edu.tbz.ch"|"za2QR7-2r@1a#-qTGm&J"
"laila.bootland@edu.tbz.ch"|"a0$npg-$d@SIf-08uY9d"
"maite.helsdon@edu.tbz.ch"|"rPmRXl-kv5lHg-0gDmR$"
"andree.malley@edu.tbz.ch"|"nprDS$-5cCiND-WRWdDS"
"pal.simmens@edu.tbz.ch"|"LP8hsn-4mVsla-e3h8fa"
"maelys.nuccitelli@edu.tbz.ch"|"KASU4w-&QZg8q-q2a&Qc"
"dafnee.sibary@edu.tbz.ch"|"NqBNyn-PiQAVc-BbTRgn"
"alois.harsnep@edu.tbz.ch"|"GR8#R#-Ee2DmQ-AsV&qG"
"marie-helene.lacky@edu.tbz.ch"|"Kf#ipN-wKR10b-fWf$3C"
"mylene.youthed@edu.tbz.ch"|"EP@ozl-1jm77D-ifXWHl"
"marie-helene.dehmel@edu.tbz.ch"|"aotU9N-ElWDjB-nPVcTR"
"angele.batman@edu.tbz.ch"|"PURssK-8lcU$c-ZE85zb"
"melia.younghusband@edu.tbz.ch"|"PA7tFj-zg%NgX-5Crb0J"
"eloise.baldi@edu.tbz.ch"|"cjrj9b-N#w3Op-58AmlB"
"illustree.dun@edu.tbz.ch"|"NYMJ%o-1OJbOQ-0UhirK"
"genevieve.late@edu.tbz.ch"|"1Vr89&-vPjXUs-GAo3@T"
"celestine.colville@edu.tbz.ch"|"Tb534D-Mzz3Tt-iUbVU7"
"gwenaelle.scarlon@edu.tbz.ch"|"Ks#d4l-kdvZQf-oB&@Q$"
"regine.boddie@edu.tbz.ch"|"pamd5L-4ixetL-QlMEIn"
"creez.gaughan@edu.tbz.ch"|"lApnip-RRXFm@-AI@N4F"
"gaia.longford@edu.tbz.ch"|"7OR&2E-OTON0K-tPJ5Pt"
"mailis.buckby@edu.tbz.ch"|"zE8&j#-vKxaL&-XPZ65r"
"song.parbrook@edu.tbz.ch"|"AlajQp-5Mp4@z-@jGsu1"
"frederique.heddan@edu.tbz.ch"|"xI$4o1-R5jD8m-GwpKBy"
"ake.kirtlan@edu.tbz.ch"|"KMHSeq-mCJBpn-763VRV"
"nelie.runciman@edu.tbz.ch"|"A#n$%k-Ru1jrI-Yyur2@"
"mailis.cardnell@edu.tbz.ch"|"FV6NQ%-caiOUd-HTNdJQ"
"irene.navarro@edu.tbz.ch"|"y#vD3T-hEnhxb-Pg&W2T"
"maite.cough@edu.tbz.ch"|"Mh3RLg-YTEM9T-3oJkvE"
"anaelle.stocky@edu.tbz.ch"|"4TWS47-ljT$ma-D3ootK"
"methode.moulder@edu.tbz.ch"|"wZzGIk-uoD#xh-9NQwMq"
"po.stafford@edu.tbz.ch"|"nfR6Qh-7CGV@$-$EcIvo"
"faites.scraggs@edu.tbz.ch"|"bdAyDP-UB85@H-tvt$ar"
"adelaide.dullard@edu.tbz.ch"|"2Gl$db-%sGwz3-1g0i6r"
"desiree.leonard@edu.tbz.ch"|"dRqN@G-YvFPwo-4qi498"
"geraldine.badgers@edu.tbz.ch"|"$2tUw%-SGncEU-2eH3n0"
"ruo.masic@edu.tbz.ch"|"fCue&F-IG4hIv-vVRGMz"
"aurelie.lieber@edu.tbz.ch"|"rMSA1E-yejl1h-t$4lEr"
"naelle.balcock@edu.tbz.ch"|"GPfKlL-Oc5doD-AJ0VIq"
"camelia.elger@edu.tbz.ch"|"aPv3tE-3wWv&G-fjpLdX"
"publicite.oakeshott@edu.tbz.ch"|"kE6tXZ-&2V$kH-gknLwf"
"cleopatre.fawley@edu.tbz.ch"|"vLNtjq-7OTsx&-XyT2S6"
"laurene.bruckmann@edu.tbz.ch"|"M3cX7p-RHruH$-tC2F8l"
"rui.haughton@edu.tbz.ch"|"CSmJ5H-uydeCP-0YDPRB"
"asa.ladewig@edu.tbz.ch"|"RCg58k-fK$u%c-OYW$Wv"
"gisele.janecek@edu.tbz.ch"|"3ohcuv-y&J8AO-oVDYdB"
"maily.loveridge@edu.tbz.ch"|"sp9Fow-68KS#$-gS&O1$"
"marie-eve.yurkiewicz@edu.tbz.ch"|"3@nTfN-OZ@sXs-NsLj5W"
"fei.roder@edu.tbz.ch"|"cIKU9A-8SlbhH-B6dN95"
"edmee.chatburn@edu.tbz.ch"|"bSU8T1-taVvL#-WAR2dY"
"geraldine.darke@edu.tbz.ch"|"#okc1C-dufIWJ-aiLKzN"
"ye.jira@edu.tbz.ch"|"0feFJg-HPdLnl-u$RK4q"
"publicite.persent@edu.tbz.ch"|"HTKQeL-hv&XLY-b0jyjK"
"severine.wilcox@edu.tbz.ch"|"oYCVV3-2rfUIb-UHKT%F"
"yao.mcclaren@edu.tbz.ch"|"&PJiVi-QV6hI6-94%CU$"
"theresa.foynes@edu.tbz.ch"|"CkSdns-%XRe%5-JrG26q"
"stephanie.isley@edu.tbz.ch"|"@yukSi-kF7ls6-DbTqUO"
"torbjoern.growy@edu.tbz.ch"|"C0RYQT-BLuNL9-GcHmsU"
"eloise.tunnadine@edu.tbz.ch"|"2TBu2i-9BudvU-0DEzCt"
"maeline.cossentine@edu.tbz.ch"|"5ueeJ@-Flw3Kc-eEQL&l"
"nelie.desantos@edu.tbz.ch"|"06$YPc-p@hghB-5#Twr4"
"gaetane.axston@edu.tbz.ch"|"z76I1A-4vYWA5-MsRDon"
"aimee.merman@edu.tbz.ch"|"nqvACL-rOn%nr-pwbi$I"
"oerjan.drivers@edu.tbz.ch"|"J5mPT0-Pi9$Wu-WOAck@"
"aimee.miroy@edu.tbz.ch"|"6eBP7K-DALXSN-2kJ9A2"
"nelie.glyde@edu.tbz.ch"|"o&DbkW-j%FRWE-a4TSU5"
"hakan.kapelhof@edu.tbz.ch"|"pL1ik6-i1CuMI-3S6%h7"
"maelyss.cauley@edu.tbz.ch"|"KTUfyA-yfdFZM-@8S0D6"
"elea.vaggs@edu.tbz.ch"|"E$eQBS-bM0Frz-XPqj@N"
"maelys.but@edu.tbz.ch"|"a@oRAv-JJOGWW-MkQnjB"
"maella.arthurs@edu.tbz.ch"|"UIwRuW-cHGAU3-cfZ5Cf"
"adele.liebrecht@edu.tbz.ch"|"SanoKk-wRef77-dxZTsn"
"meline.lomasny@edu.tbz.ch"|"aVUy#q-JIkX1q-%byPkh"
"mediamass.schwant@edu.tbz.ch"|"JwSJ%q-x@C2V9-erGoXS"
"leone.saunt@edu.tbz.ch"|"g3m3GO-mvol&8-LMUtTM"
"annotes.gouch@edu.tbz.ch"|"PI5KvF-FrVpxY-X%OcJR"
"gaetane.bowich@edu.tbz.ch"|"Lfi#Wb-CjXc2T-VVUeVr"
"alizee.strelitzki@edu.tbz.ch"|"6vi4WQ-Gx#Ncm-Wt7RpY"
"leone.poile@edu.tbz.ch"|"4Y0hPU-oK#ycp-72UvrA"
"amelie.saban@edu.tbz.ch"|"cey4#v-ruqIg9-Dn5nOu"
"marten.mcmenamin@edu.tbz.ch"|"@QwZmw-TIFcOI-Dk3Tyf"
"becassine.keets@edu.tbz.ch"|"7787s4-5fZbHG-dUN4h7"
"celine.million@edu.tbz.ch"|"FelI1U-B2FGzT-Fl@TuI"
"geraldine.belitz@edu.tbz.ch"|"wxFGnB-8T4qzV-6xpcs9"
"salome.mardling@edu.tbz.ch"|"eyRhDB-W7FCbs-wVy%bc"
"melia.blakemore@edu.tbz.ch"|"PrwRKV-f0qmE8-Q&stI%"
"dafnee.mcaulay@edu.tbz.ch"|"cUI0ys-EWp&00-3hl8Ny"
"garcon.dennett@edu.tbz.ch"|"IIUcv1-HxJ3NS-u#ah$v"
"interessant.lesor@edu.tbz.ch"|"QPKc44-bmxyOT-MFm9f%"
"annotee.wasbrough@edu.tbz.ch"|"PvhPOT-gJaIZJ-TO6#Vh"
"asa.ibbeson@edu.tbz.ch"|"Da3MJE-I0S2ay-XGy38#"
"maily.kennealy@edu.tbz.ch"|"8S5ROT-CoPY%c-mSe4P@"
"ye.seares@edu.tbz.ch"|"oQQtsd-0hY0uc-fJwj4n"
"athena.harbron@edu.tbz.ch"|"Ejtkbz-7XaWFq-go6NAu"
"andreanne.portail@edu.tbz.ch"|"Mfn2DG-ImlM5$-XnBqgb"
"goeran.zannelli@edu.tbz.ch"|"7bN$La-7M%O0n-SGuvAo"
"gerald.leathlay@edu.tbz.ch"|"j@$d4F-vrpYzf-kMl8qT"
"andreanne.chown@edu.tbz.ch"|"%TGoYS-AXHDjd-Eea%Az"
"esteve.clementel@edu.tbz.ch"|"yJtWHA-jBSPJm-YoPT1n"
"leone.legan@edu.tbz.ch"|"&PCOJ7-P#x3I8-ksI@xu"
"maena.pownall@edu.tbz.ch"|"MbfLOo-#r8z9o-X4f0FJ"
"andree.rettie@edu.tbz.ch"|"P0xWjK-rw8Bf7-o4nsTp"
"ines.kenwrick@edu.tbz.ch"|"hhKBPS-erh247-3rGn6R"
"marie-helene.yarnall@edu.tbz.ch"|"5cgd#X-QnyeUR-4W2I54"
"po.martin@edu.tbz.ch"|"n5&b2g-A#4h%K-ny49%U"
"ruo.celiz@edu.tbz.ch"|"&QNMM7-tknqNs-j9VBLb"
"po.bissett@edu.tbz.ch"|"8LnIdY-mXemec-9TAyRw"
"du.swindon@edu.tbz.ch"|"#7yskJ-OQfe%Z-vxjrT1"
"interessant.gouldthorp@edu.tbz.ch"|"S6$L7#-9n2X7n-An@a0G"
"leandre.lilburn@edu.tbz.ch"|"YtZYNO-tYd0JG-uWuwjr"
"bjoern.whales@edu.tbz.ch"|"3T1YsF-SvPpJr-Ri%$PX"
"interessant.dieton@edu.tbz.ch"|"@iiyn4-V#gtBz-VXDOU$"
"celestine.redhills@edu.tbz.ch"|"AhglG6-mrts7n-ef6U%j"
"tan.yakovlev@edu.tbz.ch"|"N@lyTx-VySLLA-$7k9eM"
"regine.mcdowell@edu.tbz.ch"|"Gdv1P4-iZLFiI-wD%IJv"
"ju.coysh@edu.tbz.ch"|"tVtWTx-apO4as-ces#xU"
"reserves.ofallon@edu.tbz.ch"|"7Fu0D7-8#t23M-&nKh8Q"
"frederique.sobey@edu.tbz.ch"|"yPs4W6-RreYax-nEYWM&"
"marie-eve.garstang@edu.tbz.ch"|"tazdMF-hROIMJ-PAOMub"
"andre.tapin@edu.tbz.ch"|"1Hxa#V-SQfsGD-vxzud4"
"esbjoern.eynon@edu.tbz.ch"|"w64sv&-GYWTpx-OlRaAj"
"maella.duffy@edu.tbz.ch"|"7R@8Pg-$3YQTz-1%JUDQ"
"leandre.twinning@edu.tbz.ch"|"TNrU%L-0YzUIn-y1&XO1"
"mai.whittingham@edu.tbz.ch"|"HxRmd1-QksUK%-T2PE6J"
"rachele.shevelin@edu.tbz.ch"|"#m57En-JilfHs-yoeQm#"
"cecile.mcure@edu.tbz.ch"|"346A$F-EDQy1t-8ltSir"
"marie-eve.yurkevich@edu.tbz.ch"|"nHl8aX-0iCkYk-mCGarU"
"almerinda.paice@edu.tbz.ch"|"M2hQso-x0lVCg-zr6$3c"
"rao.howkins@edu.tbz.ch"|"xHqcJq-bokyX8-UQ@FHC"
"serena.pack@edu.tbz.ch"|"OOLW9d-kQI3VW-8OjkJf"
"rebecca.mant@edu.tbz.ch"|"Y#RfUY-ai7Hrl-AsXZPF"
"reserves.spitell@edu.tbz.ch"|"ib2xqv-nA6w7R-f0T9Zr"
"garcon.hamfleet@edu.tbz.ch"|"szWTB%-SIMz2e-huUHz4"
"methode.kerkham@edu.tbz.ch"|"QGWmod-PHmTU@-9d7fuv"
"pelagie.camies@edu.tbz.ch"|"CvGXfx-k#aMa8-BCJQPW"
"josephine.macpharlain@edu.tbz.ch"|"6B7B$8-kimB20-G88moq"
"eugenie.mathet@edu.tbz.ch"|"FP59sc-QtbvoX-x4aoCh"
"gaetane.brangan@edu.tbz.ch"|"$ncv0t-atlYKU-2K&V%x"
"michele.dewbury@edu.tbz.ch"|"C0sqwS-0Mo9hU-FzZTJG"
"eugenie.elcott@edu.tbz.ch"|"yveSYa-SFnYmo-uPKHwa"
"megane.harniman@edu.tbz.ch"|"b@zmTZ-NfiSoR-&jG4Up"
"agnes.cluney@edu.tbz.ch"|"uoq8b7-JReW@G-xihugH"
"marie-helene.angear@edu.tbz.ch"|"duq1ej-ggX3lB-Pl@Y2@"
"melia.dolphin@edu.tbz.ch"|"jI#r7S-wsgYgC-bVhzcy"
"lois.ruseworth@edu.tbz.ch"|"zxHAOg-Ygv5uC-H8BQ9w"
"mailys.ryding@edu.tbz.ch"|"ogKYzz-p$msih-vPCQim"
"rachele.wulfinger@edu.tbz.ch"|"9zbx7G-nfBPnL-wBzJ16"
"gwenaelle.talton@edu.tbz.ch"|"upgVHx-UpKIVh-tWTmc@"
"long.ronchetti@edu.tbz.ch"|"2A59S7-o7CG2F-W5b8Xo"
"styrbjoern.kloska@edu.tbz.ch"|"Zd33Rh-VPnxbT-QRiuze"
"len.sudran@edu.tbz.ch"|"7A2fWr-zCXqai-iuJgIJ"
"maelle.andrysek@edu.tbz.ch"|"9E#$wW-4ieFJ4-9xvuuv"
"selene.senior@edu.tbz.ch"|"X$OAW7-elq9@f-q7x%nB"
"anais.joskovitch@edu.tbz.ch"|"4Zm7cE-egB#p4-X6qTbj"
"marie-noel.dally@edu.tbz.ch"|"fn8801-CCYxhN-OBVM9E"
"marie-helene.laurence@edu.tbz.ch"|"PCPfI4-hlpsxj-w#Yv@S"
"camelia.foxon@edu.tbz.ch"|"KKIjB#-GUsv8I-wL9sq2"
"helene.cankett@edu.tbz.ch"|"HSF#Zt-PkUzkP-5bL6nH"
"marten.mitchelson@edu.tbz.ch"|"14yHy4-jdy8Qr-Z2POIv"
"helena.stirtle@edu.tbz.ch"|"BYI0kB-0fzjr1-X8jXL4"
"leane.barmby@edu.tbz.ch"|"txkCKv-T4zoQ2-0Qe8ed"
"goeran.ofinan@edu.tbz.ch"|"owgJC0-fp$bdg-3LJ7ny"
"styrbjoern.proby@edu.tbz.ch"|"l6jHq&-SO8cVy-cR2c97"
"zoe.halse@edu.tbz.ch"|"shT$JA-qkLfNJ-N2x$DB"
"kui.drable@edu.tbz.ch"|"48h#eq-%Eupd#-0eQ%@G"
"desiree.bamford@edu.tbz.ch"|"kwr$7e-D@YgB@-GE&cFs"
"zoe.suller@edu.tbz.ch"|"PbuyBC-Q3E2Xr-NnL&rY"
"marylene.audiss@edu.tbz.ch"|"Xlc2vV-cfAzx#-88uhut"
"adelaide.poznanski@edu.tbz.ch"|"B0xPt9-lk2FMZ-l%www%"
"maella.coleyshaw@edu.tbz.ch"|"qmT%ez-&ZJKm6-ZqNeIG"
"marie-francoise.gelder@edu.tbz.ch"|"$eSyO@-wsLt1E-4Jnq$h"
"eleonore.chaffyn@edu.tbz.ch"|"YkxMqV-UxxUVI-@Xc1bd"
"celestine.sikorsky@edu.tbz.ch"|"1ZBV@h-J7u#OA-TEhdro"
"stevina.londsdale@edu.tbz.ch"|"BtGIdO-K1LokM-JIAxBB"
"maiwenn.nevitt@edu.tbz.ch"|"mIMrlr-8SsJyT-KpmqQ8"
"magdalene.gerrey@edu.tbz.ch"|"l2zxZK-e4jlLc-fbKAan"
"becassine.latimer@edu.tbz.ch"|"6GKSR8-pu$7c8-Ts$gDu"
"da.lethibridge@edu.tbz.ch"|"ESyFzR-8QNw5P-eKtBrM"
"mailys.claige@edu.tbz.ch"|"zxOkJX-@jhpOm-PO0qu3"
"maena.torbard@edu.tbz.ch"|"WXrqOr-2boUow-RZlN5K"
"solene.lyvon@edu.tbz.ch"|"8alEH%-LPjvRM-%U8#m0"
"marie-therese.benbrick@edu.tbz.ch"|"ZPCNuW-hbnH4%-Iz0iT4"
"gerald.edmonson@edu.tbz.ch"|"3@Bonm-6m%L6H-0RCMmc"
"ake.messruther@edu.tbz.ch"|"vO%jB4-9tYmDL-FBidEl"
"men.gosneye@edu.tbz.ch"|"nm7&Cs-M2BAh9-5zI#2o"
"anais.jefferys@edu.tbz.ch"|"ZrwhfG-1alS4%-bW1bD8"
"publicite.tregale@edu.tbz.ch"|"sS42wA-FUEjVU-%C0XYR"
"maily.santorini@edu.tbz.ch"|"Hb#WK@-q@z2&#-@t2jcy"
"ines.pioch@edu.tbz.ch"|"b3teRS-Xkv@cE-NHH@8H"
"noemie.marklew@edu.tbz.ch"|"fAwrnH-q7SRBI-wHeSFo"
"meghane.maccaffrey@edu.tbz.ch"|"m2gkOv-QF99R8-EPODic"
"berangere.ambrogio@edu.tbz.ch"|"Y1M@gm-DiAjzk-k#EwhE"
"mediamass.ryce@edu.tbz.ch"|"6ebKwl-rTtd9b-8sNnCQ"
"oesten.ubank@edu.tbz.ch"|"C6Qs$w-ChyFZP-dn21Fm"
"melina.mackee@edu.tbz.ch"|"iHKgK4-KvglTP-D70q8Q"
"theresa.livezey@edu.tbz.ch"|"Otc#Hw-dBKmQx-F7MJXT"
"clemence.weal@edu.tbz.ch"|"DJWuPe-E0lIUn-4tRdnU"
"faites.overton@edu.tbz.ch"|"Z9wmiz-FUJMZW-wiqdGn"
"clea.lindblad@edu.tbz.ch"|"Rv%#@e-ItkXy#-SDs4qS"
"josephine.roseaman@edu.tbz.ch"|"h@5X0i-FmT37i-nNSA4P"
"oesten.lowbridge@edu.tbz.ch"|"8FAlUs-h#PJz9-BXCI4N"
"marie-josee.brion@edu.tbz.ch"|"YZDyzD-QinV0b-u#3$X3"
"therese.basili@edu.tbz.ch"|"rSzJiR-auJZRW-8uG957"
"melia.vertigan@edu.tbz.ch"|"w%lY&6-LtWdOE-aA9c%Z"
"judicael.saull@edu.tbz.ch"|"@W2LMU-9Xn@Ga-cMQYbq"
"selene.valentine@edu.tbz.ch"|"m$p1Pa-OLBWGg-sRGPk%"
"verane.dunlap@edu.tbz.ch"|"FeAKky-IVb2JH-CqfauB"
"meline.kinnear@edu.tbz.ch"|"cuUL0X-NMibjT-kcms#1"
"lei.luttgert@edu.tbz.ch"|"#XYirg-X%ZlfH-iXKUqR"
"styrbjoern.lathleiffure@edu.tbz.ch"|"1b4uZz-XK6uUd-&egjMd"
"marlene.blasi@edu.tbz.ch"|"m1A8Cq-nmZOvs-qhgD1d"
"mai.begwell@edu.tbz.ch"|"fWHrou-R6v7qo-FqEmoc"
"gwenaelle.kaines@edu.tbz.ch"|"$lOb%W-oOy%M5-P1T4Vy"
"gerald.adamthwaite@edu.tbz.ch"|"QZOO7N-ckJT77-QKhWwE"
"kui.hartfield@edu.tbz.ch"|"p35Bql-NV7$Lp-Uv4DH9"
"salome.currao@edu.tbz.ch"|"Dv0V62-GeSgRV-74$wwm"
"angelique.tixier@edu.tbz.ch"|"o5s&hI-dczRzK-%DXa7V"
"ju.mcgragh@edu.tbz.ch"|"QtK6gL-87TTwj-1qnwkA"
"dafnee.beachem@edu.tbz.ch"|"HL$2vH-xqcWiV-ELb8rO"
"creez.terlinden@edu.tbz.ch"|"@GBiIB-t$z8Fs-WrPQis"
"uo.mcskeagan@edu.tbz.ch"|"4#ArKp-KKZNhR-GA0BQ#"
"edmee.mccaughren@edu.tbz.ch"|"&@UaQ&-vI3eiU-Xn5tif"
"asloeg.cozby@edu.tbz.ch"|"OimA2u-HE7csa-VYKMuc"
"melodie.traite@edu.tbz.ch"|"Eq$V2O-sd6ymp-qUzpUa"
"dorothee.aindriu@edu.tbz.ch"|"fJFLCj-c8X6bp-uhA0W8"
"daniele.doley@edu.tbz.ch"|"6QvTWb-bBzYyZ-Br9kN4"
"mediamass.fairclough@edu.tbz.ch"|"UDLb#Q-nKzWGH-Zp4Wuz"
"lorene.rainforth@edu.tbz.ch"|"FH&okv-d8jaPw-MVYm@F"
"leonore.eyer@edu.tbz.ch"|"oCR9$4-7TbnDX-EP7MJg"
"po.spillman@edu.tbz.ch"|"U&9EtL-IQgv9G-L5CVzp"
"cecilia.plitz@edu.tbz.ch"|"Q3xq&P-QNI@tm-4Xq35i"
"lorene.ludlow@edu.tbz.ch"|"mk#1#x-KvHB0c-P%hzu2"
"berangere.neligan@edu.tbz.ch"|"gEC0Kv-tIWptU-GwQtmj"
"simplifies.huggan@edu.tbz.ch"|"Qv8wTl-eNc75Q-Posp%9"
"clelia.prandy@edu.tbz.ch"|"QU@O&n-n@g34w-weLbf7"
"ake.osban@edu.tbz.ch"|"G2yCD7-9iFUxS-i#LAU6"
"cunegonde.brunn@edu.tbz.ch"|"h5UfJ#-B0iW3A-DQOFwL"
"long.grizard@edu.tbz.ch"|"@$fwyj-nN&jxT-aKkH&E"
"meghane.diss@edu.tbz.ch"|"Zz0fs4-jGV9W@-5E5FwH"
"therese.oldman@edu.tbz.ch"|"$$C6i9-%xNs$4-kMr0r0"
"boerje.scamerdine@edu.tbz.ch"|"Wr1yYQ-4CR5i8-58hlgS"
"du.saban@edu.tbz.ch"|"Hk%ntO-Ke@InD-izht2l"
"hakan.clynmans@edu.tbz.ch"|"QUSb6d-mlA#Ko-Dwr@OB"
"wa.macdowal@edu.tbz.ch"|"Ppanou-a#1x3m-V@9%IQ"
"venus.hatrey@edu.tbz.ch"|"eKH3Eh-tqkcVZ-Y&vzcT"
"anaelle.vispo@edu.tbz.ch"|"Xpxqaw-aHTb#8-f%4OE3"
"mahelie.ollcott@edu.tbz.ch"|"Ol42ee-NJuPgC-bk#rCr"
"mediamass.whyman@edu.tbz.ch"|"ZHPnaH-fol1Jg-7inGqk"
"esbjoern.basson@edu.tbz.ch"|"vpi5Kt-EGItVj-Blpilq"
"andrea.morrill@edu.tbz.ch"|"RNDu4K-9QOBlh-kdq9MG"
"melys.grassi@edu.tbz.ch"|"zW4A0m-9b0DtD-qLFXaD"
"leone.poleye@edu.tbz.ch"|"znjySv-ZHdBPs-il&qM1"
"francoise.penny@edu.tbz.ch"|"6n2XRA-9EtSkc-Nc2#ys"
"rebecca.edney@edu.tbz.ch"|"oB&1vT-eEUi$%-mK95ee"
"adelaide.murtagh@edu.tbz.ch"|"nDLt&j-9&uIEb-TzAZck"
"stevina.winterbourne@edu.tbz.ch"|"7Vr96t-@6tmIK-C3wiWK"
"ma.cottom@edu.tbz.ch"|"RNu5mx-w45YMj-SGJu#X"
"tan.harold@edu.tbz.ch"|"CskXd5-6q%n7O-#cGE9q"
"venus.forte@edu.tbz.ch"|"6TqQUk-G9we81-U&2Q&F"
"almerinda.oluney@edu.tbz.ch"|"c3BtZE-uOefmb-gSeX&x"
"cleopatre.brehault@edu.tbz.ch"|"V4#Ap%-26ZZ3t-xaB5#8"
"interessant.lapides@edu.tbz.ch"|"rfv8I7-wdb2xM-u6$rLR"
"reserves.hallatt@edu.tbz.ch"|"taX%yM-Z&3mJN-HyIKSE"
"annotes.birdwhistle@edu.tbz.ch"|"L6JKoh-4CKO80-q0ENbV"
"ai.dredge@edu.tbz.ch"|"5%VInD-5LslEK-7&vYSG"
"megane.mussard@edu.tbz.ch"|"94&A1Z-itGJUr-IIz3Dr"
"esbjoern.gowrich@edu.tbz.ch"|"dm52hJ-V1FWu$-Vt#%Hz"
"boerje.brislawn@edu.tbz.ch"|"&vGMR7-AHpndn-wM8bTn"
"becassine.wilce@edu.tbz.ch"|"HXlVOd-CHSBPl-rNyPo#"
"personnalisee.oels@edu.tbz.ch"|"db0B8l-X%DHk5-3xNhb$"
"verane.pett@edu.tbz.ch"|"npfm5B-jFl0bY-de88rL"
"marylene.glewe@edu.tbz.ch"|"6%%kC6-OLOtyu-R3JOvM"
"lai.elson@edu.tbz.ch"|"xF6%ET-KjAxHu-qE7O#X"
"serena.difranceschi@edu.tbz.ch"|"0h0smD-H14Gud-HH1oqr"
"lie.espinel@edu.tbz.ch"|"tN7l5d-r$@Xqz-#JMDIm"
"marylene.fantini@edu.tbz.ch"|"RpukAv-Yxlik$-w0dJf4"
"andre.archdeckne@edu.tbz.ch"|"%7%pHr-3ztc$L-pPGqE6"
"goeran.bohlingolsen@edu.tbz.ch"|"jBS#0E-mJcaDV-wpQO3e"
"cunegonde.heffer@edu.tbz.ch"|"TH0n&J-vZgX52-kpD&wi"
"tan.fechnie@edu.tbz.ch"|"2gZYOx-gHDE5S-uTP8D9"
"marie-noel.brammar@edu.tbz.ch"|"g&JSNV-qzon6P-qwIHQ8"
"simplifies.aven@edu.tbz.ch"|"he&OVr-AgAHO8-KJtmZm"
"melys.pinchen@edu.tbz.ch"|"VVk$QM-VbN3r4-brdZy0"
"edmee.joyner@edu.tbz.ch"|"kjh9xy-IN6PoD-G$38wj"
"berengere.edess@edu.tbz.ch"|"BMyo6U-cZNLyq-JFqqk5"
"marie-noel.goward@edu.tbz.ch"|"wInCG&-1qNgMh-CntrW9"
"ju.edmons@edu.tbz.ch"|"b&yzIL-soU&mO-9rI@Sy"
"frederique.airds@edu.tbz.ch"|"Sk7UbC-C04rD6-Zr$mb@"
"reserves.dauby@edu.tbz.ch"|"aDhKUL-BEZi$%-@aIbUl"
"hakan.gynni@edu.tbz.ch"|"4Gs1DN-MbYAPP-k7cNQc"
"leonore.pinwill@edu.tbz.ch"|"z9eDQ#-7XEN$8-FBljUZ"
"marie-eve.mcallan@edu.tbz.ch"|"aXXFGC-$787NW-25bHs%"
"naelle.yeabsley@edu.tbz.ch"|"Qqzzmy-OOTfOn-e%L53r"
"nelie.jacobovitz@edu.tbz.ch"|"qfR6cH-WE53nJ-mrCi$T"
"adele.conelly@edu.tbz.ch"|"Ak4vIx-koZiJq-8@gpgM"
"clementine.dondon@edu.tbz.ch"|"9itrIL-U8M@6C-26ZQnN"
"zhi.willcot@edu.tbz.ch"|"yobAX9-pHc$JG-yX0evW"
"chloe.janicki@edu.tbz.ch"|"GeQXvh-meSSFD-Asj4Gt"
"meng.linde@edu.tbz.ch"|"3ZP1@w-&mK$A%-ayYIjB"
"celine.janisson@edu.tbz.ch"|"4&UJDT-l2@pZs-Qs@kxj"
"clelia.crow@edu.tbz.ch"|"p5MzFU-G#r8xo-Izu5Wi"
"cecile.pyott@edu.tbz.ch"|"OSkbng-AZiKMy-EXj8TP"
"ma.fidelus@edu.tbz.ch"|"URiVD7-QHJySb-#@HHr4"
"marie-helene.poore@edu.tbz.ch"|"NnBAmx-5SQPf3-$L4wfV"
"elies.blanket@edu.tbz.ch"|"Py8cl%-6auxV&-2VDzpI"
"yu.boyer@edu.tbz.ch"|"9V0jXz-St7$7O-HCf6Vl"
"celia.welds@edu.tbz.ch"|"dn64i$-AdOdh9-k3yyAt"
"du.gunney@edu.tbz.ch"|"ueaPnM-8bTA0@-82dxhe"
"goerel.crush@edu.tbz.ch"|"3vT94#-J9AWBH-6kwtP3"
"marie-josee.brosius@edu.tbz.ch"|"7TQrk%-H45nty-0c7lhQ"
"camelia.adds@edu.tbz.ch"|"uF6n0V-z8Nzs7-n6Zf@z"
"anae.irwin@edu.tbz.ch"|"Iyk&U%-pw$zig-GfeDS$"
"cleopatre.skeffington@edu.tbz.ch"|"irdAA2-ttpqBb-kKcFEE"
"gerald.suggate@edu.tbz.ch"|"@Fx7ft-qmtHEm-sf3Ppw"
"laurene.tailour@edu.tbz.ch"|"dZtMIK-X8#&0v-fMLQw%"
"amelie.hoble@edu.tbz.ch"|"u0e#04-QUewCM-xd$PKK"
"venus.getch@edu.tbz.ch"|"IQK338-p0ipoc-mVp2Ds"
"renee.treby@edu.tbz.ch"|"$W$DDW-qIsVey-tVEdhq"
"almerinda.stait@edu.tbz.ch"|"ooGF1S-ZWpnMj-3xVVml"
"andree.reddecliffe@edu.tbz.ch"|"iq33O0-4TQXyi-r@ElYQ"
"leone.wintle@edu.tbz.ch"|"2LRROA-1nkXVv-&#0Itz"
"gerald.fellow@edu.tbz.ch"|"WyhJUC-9pXaaN-ZBbjoV"
"ju.gudger@edu.tbz.ch"|"PCiICc-jg%WKX-Nx&cch"
"meng.ohaire@edu.tbz.ch"|"D$78dL-$ITlIZ-UkHczR"
"cleopatre.missington@edu.tbz.ch"|"%fG58p-%vZJUh-%@2Eae"
"annotes.debruyn@edu.tbz.ch"|"8oD0sB-7ga5JI-O$wJMc"
"gerald.sinisbury@edu.tbz.ch"|"d4b0Ee-c484oC-&Q2svk"
"creez.slora@edu.tbz.ch"|"%9nz7W-tTG925-foptl4"
"gisele.benbow@edu.tbz.ch"|"KY2ysW-dMy3D5-8dl@Dw"
"pal.dossit@edu.tbz.ch"|"$QL4@v-BC1o47-0U35Kj"
"nelie.stirrip@edu.tbz.ch"|"%xq0f8-TIplU&-OGJ5B%"
"alois.ocrigane@edu.tbz.ch"|"2sFICr-cKsO8C-PuUd#$"
"kui.mcterry@edu.tbz.ch"|"aPbO2z-%vVLB%-#0o4rW"
"long.willgoss@edu.tbz.ch"|"nxFpdX-Q@u9An-4p8eah"
"francoise.sumpner@edu.tbz.ch"|"tmk8j4-RpaJCG-f@q@SW"
"maely.grinstead@edu.tbz.ch"|"5r6oKw-ODJ8PH-GTDjHh"
"creez.langeren@edu.tbz.ch"|"1L@jg0-2zQIRt-qfT7Bn"
"adele.dungate@edu.tbz.ch"|"zrmPqR-Gm8PF9-GduG8M"
"cleopatre.noirel@edu.tbz.ch"|"rgw@$B-&NGwNj-cQA6c0"
"interessant.daverin@edu.tbz.ch"|"15g&C6-WmnCVZ-63uZaI"
"naeva.kalderon@edu.tbz.ch"|"HUt8bH-Vo3VZ%-UCWvFI"
"anais.oshesnan@edu.tbz.ch"|"8tJMO5-DJPFBK-C$mPUN"
"judicael.anelay@edu.tbz.ch"|"kSnEoT-TUIUnx-XcZ4si"
"eloise.braxton@edu.tbz.ch"|"2fOWUs-3$KoC6-jAydRb"
"desiree.greguol@edu.tbz.ch"|"eKjGW$-h6Vvr%-EZwpRx"
"maite.mcclenaghan@edu.tbz.ch"|"a6gWN@-bYbWyd-B7KlTo"
"meng.doret@edu.tbz.ch"|"#PuzDV-f0B3I6-uitPXz"
"frederique.chippendale@edu.tbz.ch"|"VyDGx2-7v2sx$-J&Gfvp"
"andreanne.lanney@edu.tbz.ch"|"eTRXBd-r6WZnp-21#ye2"
"aurelie.claus@edu.tbz.ch"|"HeJRMA-HrjMQf-nK9Jcu"
"renee.pabel@edu.tbz.ch"|"huftzX-bEaWr#-noWhcm"
"maena.roust@edu.tbz.ch"|"vtUbET-Bbvuz6-yBU#e3"
"nadege.carwithim@edu.tbz.ch"|"Otb30c-TlH$Fi-ZICzE8"
"solene.geyton@edu.tbz.ch"|"GXHPyQ-5sOUVr-R29IkP"
"dafnee.avraham@edu.tbz.ch"|"uPxC3C-nsAK8G-Vgl5Mm"
"leane.woolvin@edu.tbz.ch"|"4RNs7d-0akYsl-NnjsAn"
"adele.macadie@edu.tbz.ch"|"kh1fJw-%sVkOw-iBA5sp"
"meline.rubica@edu.tbz.ch"|"pvVxDF-bIqRMq-s3pXz#"
"marie-noel.speeding@edu.tbz.ch"|"t9J@Fu-pTI6lB-dRv9ir"
"nelie.mix@edu.tbz.ch"|"txSYl@-uFh5Gi-5sATVc"
"clea.ollett@edu.tbz.ch"|"Lsq4QU-XMf#mb-VRR&kd"
"leandre.mcgavin@edu.tbz.ch"|"@zlxT4-OxL&Ii-NEI6nE"
"cecile.behne@edu.tbz.ch"|"cRtSsT-wEkr8a-HmBjEi"
"melanie.polle@edu.tbz.ch"|"#bTl80-POdH@h-UBtJ7U"
"marie-josee.titmuss@edu.tbz.ch"|"RqxEBO-orxYcg-qJ6yRv"
"helena.guest@edu.tbz.ch"|"Gig@HN-k3FHzB-R8MvKT"
"annotes.chicchetto@edu.tbz.ch"|"kf9ZJl-YTBcAj-rg&scV"
"melia.tubb@edu.tbz.ch"|"aCUfZZ-5nb1OM-D3S2Fo"
"angelique.casetti@edu.tbz.ch"|"O@ogvF-DjkHDI-5DOhv9"
"cunegonde.cleall@edu.tbz.ch"|"UX%uS&-ZHLLuU-YLBAkQ"
"camelia.oaker@edu.tbz.ch"|"JHAimP-tQV&St-gCEkz7"
"you.searight@edu.tbz.ch"|"nN79RX-07zmlT-kZEj8u"
"kevina.dederick@edu.tbz.ch"|"chFBQ0-DmlY9n-vAUbB2"
"milena.jeffrey@edu.tbz.ch"|"CNMKlz-Th&ThH-tEA8K1"
"melodie.barkshire@edu.tbz.ch"|"f99RYo-DJgXd3-GTpvkX"
"gaelle.kreutzer@edu.tbz.ch"|"sGx9El-VKKQ3D-Z$6V@p"
"kalliste.kleinpeltz@edu.tbz.ch"|"OiFqGp-ttnYaa-R%eBUc"
"clementine.danat@edu.tbz.ch"|"#O@%5Z-%ncjab-scucNm"
"andrea.wabb@edu.tbz.ch"|"$R7723-ZLkq94-R9C8gg"
"geraldine.piesold@edu.tbz.ch"|"cuhx95-oF6W1O-raQdEU"
"tan.fiveash@edu.tbz.ch"|"#J3Q64-N0hie@-9qomds"
"meline.yuranovev@edu.tbz.ch"|"6BHvLd-#Ln5pa-&Xvh6T"
"therese.holme@edu.tbz.ch"|"3XDo8g-lsRxeu-xUzoLz"
"salome.vaney@edu.tbz.ch"|"cSR#Nu-fVzfNx-WQBK8O"
"anae.abramson@edu.tbz.ch"|"QGjE4Q-S2JoV6-m#8rdA"
"kalliste.jimson@edu.tbz.ch"|"8FApb2-3UChZH-eJB1$Q"
"selene.yole@edu.tbz.ch"|"eZ0eI&-xj5UK8-lFchwR"
"agnes.defraine@edu.tbz.ch"|"Q8moXB-v#BSYX-74wsjq"
"faites.mccluin@edu.tbz.ch"|"WpRze&-KQ2ck@-C7uob$"
"athena.deme@edu.tbz.ch"|"@mZZWZ-8&u7N0-VEI@DW"
"daphnee.brigstock@edu.tbz.ch"|"PQacHO-jzKj6K-Eulxj4"
"goesta.skaif@edu.tbz.ch"|"v74wyh-Uycp53-mcB0wd"
"oceane.jagoe@edu.tbz.ch"|"EGORDS-ne#hvy-@b6pUe"
"annotes.broomhall@edu.tbz.ch"|"x1tMLf-eaxtGQ-1PkEdt"
"marie-eve.ballendine@edu.tbz.ch"|"o7lZ0L-Rlw#VN-S28uUF"
"melina.spykings@edu.tbz.ch"|"ZiOQ1L-E7LWr#-onvcRO"
"laurene.ticehurst@edu.tbz.ch"|"faVZ9k-8@8BT0-oIFuFu"
"fei.avramovic@edu.tbz.ch"|"$MAaH9-8wigWM-6yyt&&"
"publicite.strathearn@edu.tbz.ch"|"HolVK8-3ULrJ5-61g3n5"
"torbjoern.garrow@edu.tbz.ch"|"LRUjFJ-qlGBcQ-@DcEHC"
"chloe.rubinsztein@edu.tbz.ch"|"7ojgAD-aej7MJ-RShXii"
"mylene.demanche@edu.tbz.ch"|"DER#PZ-TVdgOk-jTPE2S"
"mediamass.godlonton@edu.tbz.ch"|"8o@s@J-2rIiYp-xqMHrp"
"renee.shurrocks@edu.tbz.ch"|"Dz0eM9-N%N6N9-&6&vt7"
"maiwenn.jedras@edu.tbz.ch"|"ywYCJM-2vjTrU-2Qg1ZY"
"genevieve.castells@edu.tbz.ch"|"mgEl86-#2d$bC-l&eWkJ"
"renee.sneden@edu.tbz.ch"|"wW6se%-WiUFQG-MkRPqd"
"lai.mccallion@edu.tbz.ch"|"xTuF%l-yiNH&L-cyOOwH"
"kevina.impleton@edu.tbz.ch"|"#tQ&yQ-QQ3WEO-g$CdFj"
"oesten.fresson@edu.tbz.ch"|"BcFdA%-ZDzA6B-Y@&NDj"
"verane.shawley@edu.tbz.ch"|"$AZm3s-7YbgGG-36nz64"
"uo.sjostrom@edu.tbz.ch"|"6c2v&x-ciPiCq-0LAVBg"
"gisele.gothup@edu.tbz.ch"|"1n3$BN-1n#m4c-&J268Q"
"renee.beauman@edu.tbz.ch"|"EEJy&@-mQ53Nh-NrQZ0T"
"elies.loton@edu.tbz.ch"|"L#BN%a-Hsb$3y-jNMaRZ"
"valerie.elsmore@edu.tbz.ch"|"UajGmK-p6%pU$-4KSqD5"
"berangere.delafeld@edu.tbz.ch"|"cj0ObM-gK$Mkw-L0cndW"
"bjoern.schimke@edu.tbz.ch"|"QqMAKR-qZP&rL-bwIz9w"
"loic.ericssen@edu.tbz.ch"|"qEKg3q-&z89tB-MV0vpf"
"creez.richarz@edu.tbz.ch"|"n3RCas-V3DVnq-#wsa1V"
"athena.grocott@edu.tbz.ch"|"W3IAgV-Rs6Who-9AF86G"
"naelle.piotr@edu.tbz.ch"|"UY3WHO-Q@Ks8g-ZkZYrZ"
"maella.paulson@edu.tbz.ch"|"C3nfeq-kik3WP-bPERZi"
"song.perot@edu.tbz.ch"|"rlRMKL-JZKIR&-74kg2H"
"kalliste.heckney@edu.tbz.ch"|"5o%@Al-20l76G-vuhuq@"
"ake.vasyutkin@edu.tbz.ch"|"js0mp#-0@PP9#-474bLj"
"ma.castles@edu.tbz.ch"|"Nw81ZR-pY7mXY-FaNU9j"
"maely.monget@edu.tbz.ch"|"THFtWr-IXdcfZ-02JFY8"
"tang.durbridge@edu.tbz.ch"|"$I4uxg-UQMNrV-l%anvp"
"laurene.andrew@edu.tbz.ch"|"JhA9NW-n8ZJuN-9RSQmW"
"lysea.beacon@edu.tbz.ch"|"nenbno-wyk6i3-IGnrNN"
"leandre.peyntue@edu.tbz.ch"|"3XR4Y9-Tk&GEk-kqKsCt"
"rao.trever@edu.tbz.ch"|"nFCZGa-@8BcYW-%#UO3D"
"mahelie.streader@edu.tbz.ch"|"OLY&D3-87#0Va-7X@t1V"
"maerta.andrejevic@edu.tbz.ch"|"$JaeZB-th$vpU-Tl69wW"
"goesta.tompkins@edu.tbz.ch"|"VMbiTV-zZW5yd-mx#c#A"
"helena.agates@edu.tbz.ch"|"&YGJWd-Mm4Po9-F6wEtM"
"therese.glass@edu.tbz.ch"|"65CX$n-hH@UkK-nTX111"
"alois.foan@edu.tbz.ch"|"@ArsBN-q$w5xS-eB2jEw"
"becassine.melchior@edu.tbz.ch"|"Wtq0Cn-zil%YY-bTu3C3"
"cloe.robart@edu.tbz.ch"|"WxuBMf-LYTiD&-0inPYY"
"daniele.puckinghorne@edu.tbz.ch"|"cVVZjC-$yr0uj-pdQYz8"
"selene.cammidge@edu.tbz.ch"|"TzoaiA-lG@t4c-Evy2V3"
"regine.conochie@edu.tbz.ch"|"&DqbE7-YHkUua-q1TGZ#"
"interessant.tuiller@edu.tbz.ch"|"HD8XJZ-pkUoWv-H5%khm"
"long.tiebe@edu.tbz.ch"|"Tn9St7-@&8lKQ-8TzNkq"
"mans.yele@edu.tbz.ch"|"d0mlii-mKDejb-XBA7sA"
"ai.giles@edu.tbz.ch"|"dLcRy$-#OHN3S-k0rLQQ"
"gaetane.hamberston@edu.tbz.ch"|"FkawH#-#g8GSa-i%DZ%r"
"marylene.fenix@edu.tbz.ch"|"GrM2f4-S0TQ&w-NH5DJV"
"geraldine.graeme@edu.tbz.ch"|"y0CLk5-j6ssIv-w4uwoq"
"tang.kinglake@edu.tbz.ch"|"LhKi3w-rnI7yh-ew4FEJ"
"lai.challoner@edu.tbz.ch"|"a2ITZV-nqU8&6-qNl&fk"
"desiree.mattei@edu.tbz.ch"|"bmhOeS-B0$$Fq-o7WZj6"
"ake.erley@edu.tbz.ch"|"aCHTEr-bg5fjB-NdIdZV"
"edmee.cavil@edu.tbz.ch"|"$xrNTV-pEcl49-6DR@rf"
"alois.moyes@edu.tbz.ch"|"McCWxP-BT8P8p-Crxh8l"
"becassine.pitman@edu.tbz.ch"|"DrKBsk-wed7eO-3tzVvY"
"ai.giacovelli@edu.tbz.ch"|"G3a@Ch-axo@uY-SEyosB"
"judicael.fruchter@edu.tbz.ch"|"X6S#aF-8n%AVH-98SH$C"
"mans.mogg@edu.tbz.ch"|"8uXfmE-7oB4$e-##&JGu"
"gerald.foyle@edu.tbz.ch"|"mKX0DE-m5zg9R-BB$h&j"
"wa.androletti@edu.tbz.ch"|"bG1Sgh-6J4rkf-SJUbZZ"
"meng.ollett@edu.tbz.ch"|"miU%jE-Wc0Y54-vf9BU0"
"naelle.macmenamy@edu.tbz.ch"|"iMpXx#-7kH%x&-%APybA"
"gisele.mcramsey@edu.tbz.ch"|"69iw@C-9$WbIQ-&i%&WI"
"meryl.scolts@edu.tbz.ch"|"76VpdQ-7bBtJ3-1Q&JtL"
"celia.bloxsome@edu.tbz.ch"|"EeMixr-$w87c5-ppwc98"
"styrbjoern.stuke@edu.tbz.ch"|"CzmMt#-i&BSPK-twTiBb"
"felicie.gwilliam@edu.tbz.ch"|"VYWcbj-i%lTBt-&CBLce"
"da.harms@edu.tbz.ch"|"TfnqKI-F4@Cdu-b%8ygl"
"celestine.baulk@edu.tbz.ch"|"DQWgjU-$QxB2#-ZJIgd&"
"mahelie.blackledge@edu.tbz.ch"|"xTfK2Y-SaST4G-T2nf4M"
"meghane.salt@edu.tbz.ch"|"EPdJxi-SYMssx-LQUaXL"
"methode.paxeford@edu.tbz.ch"|"1VKtaj-hg8Ue2-5r8aQT"
"asloeg.milligan@edu.tbz.ch"|"d$DeR%-U2Slx&-i8RM6V"
"you.pellman@edu.tbz.ch"|"lPpDRp-CHwI4l-B9TfRc"
"loic.regenhardt@edu.tbz.ch"|"rnMsdm-Wkg#9q-vbI@9A"
"daniele.savill@edu.tbz.ch"|"c9yJgh-mEKWYj-$Q7Qqy"
"alois.cornu@edu.tbz.ch"|"51d0LI-4OAyse-&ib9Sz"
"oesten.govey@edu.tbz.ch"|"lIdAWm-J5T$7H-9IcvMq"
"marie-eve.louch@edu.tbz.ch"|"QrEzW#-wmDkcZ-$iYqfs"
"theresa.wenn@edu.tbz.ch"|"52#XFU-c#0Iqn-Plvlgt"
"andree.eul@edu.tbz.ch"|"#3zvO5-g9C@hV-Hd#VGb"
"lie.paynton@edu.tbz.ch"|"$L$Cln-#nFftY-cF@8Z@"
"marie-eve.girodier@edu.tbz.ch"|"jnyGMp-owKqrH-Iwztgy"
"marie-noel.smithe@edu.tbz.ch"|"vJuHmd-HrOzbo-eEpRku"
"men.bootyman@edu.tbz.ch"|"k&HbrB-gj$jHw-IVwU0w"
"ku.sugg@edu.tbz.ch"|"tYo5&V-$Xk8BZ-JAWRHJ"
"lucrece.roseman@edu.tbz.ch"|"YN&85U-sqhXTM-2fZl&F"
"zoe.annear@edu.tbz.ch"|"ur&Mm#-j2akAM-S$cQlH"
"marie-helene.rennebach@edu.tbz.ch"|"eWYqjL-ahL@i8-FDwpEa"
"lea.djurdjevic@edu.tbz.ch"|"6blYKm-nPFeFJ-pxMNCO"
"goerel.robert@edu.tbz.ch"|"rVntHd-oief#U-#Rw4%P"
"mylene.foldes@edu.tbz.ch"|"aC%v5R-c$CuDF-6Ghn$Y"
"faites.clegg@edu.tbz.ch"|"9ttikR-n16el6-Uz%My7"
"marylene.crowcher@edu.tbz.ch"|"DQrbIB-gu3JQD-JzEasV"
"aimee.wimpeney@edu.tbz.ch"|"@MmcLo-j1Ahib-Uwv7z%"
"renee.atkins@edu.tbz.ch"|"arULey-1kanfr-L3vVV4"
"rejane.cainey@edu.tbz.ch"|"wozqm1-3S1j4h-ucXZqm"
"solene.britney@edu.tbz.ch"|"mvXv2b-0nEm3D-Vwp67U"
"marten.shatliffe@edu.tbz.ch"|"n8HYqM-62svl#-eL3&oD"
"maite.issatt@edu.tbz.ch"|"wBU9Nk-XotwbB-6QTrUu"
"maelyss.edon@edu.tbz.ch"|"K8aVLJ-VR0GO%-RZ63qh"
"nuo.bamling@edu.tbz.ch"|"6LFfuJ-@H4cme-IRr3Sp"
"anais.edards@edu.tbz.ch"|"D6yE$8-hYoi$0-SRxsqL"
"mediamass.bromet@edu.tbz.ch"|"Qjm%PI-quLv9d-G52Cri"
"beatrice.kimbrey@edu.tbz.ch"|"@nwA3X-9lnY&1-akWt28"
"ines.lawranson@edu.tbz.ch"|"9UetIl-22NzY1-0cSe9s"
"kalliste.scandroot@edu.tbz.ch"|"ZNSsTp-MTp04C-A9GoDL"
"mans.barrowcliffe@edu.tbz.ch"|"052BNi-@IG@tV-%rIc9k"
"irene.couves@edu.tbz.ch"|"3pHQBx-mVDso8-XyC8XL"
"milena.mucci@edu.tbz.ch"|"rLoQux-EATFz$-0pDt@M"
"naeva.cow@edu.tbz.ch"|"ZJ@EQK-7mL7CL-G$3%2r"
"audreanne.mournian@edu.tbz.ch"|"CybZor-pRexhk-X3saJM"
"melia.sinnatt@edu.tbz.ch"|"B#z6Jm-AaOYi&-gxCxwL"
"nelie.burnard@edu.tbz.ch"|"bI7fvo-LsEh7M-lQht5R"
"clelia.ashfull@edu.tbz.ch"|"NkaZ&f-7a64cr-HEhImA"
"lie.macard@edu.tbz.ch"|"6Gql1P-IbNqNq-WscWuZ"
"valerie.matoshin@edu.tbz.ch"|"Dv9h4X-0LdcD6-E%8EFy"
"anael.hatherleigh@edu.tbz.ch"|"XWyhN9-Ut9SMn-%6pkKO"
"interessant.warratt@edu.tbz.ch"|"S63aqO-v#wipb-pwBkNY"
"eleonore.volage@edu.tbz.ch"|"c5K14z-wLNKpK-HIaiHZ"
"zoe.stebbing@edu.tbz.ch"|"$ugnsd-vxOMAx-9s#b8r"
"alizee.nye@edu.tbz.ch"|"dUSOR0-WVjbBw-0Q3dcA"
"celestine.bramley@edu.tbz.ch"|"avuw5V-D%nrZA-8GWaoI"
"selene.philcott@edu.tbz.ch"|"qt&GzR-WDh%x%-T8UB99"
"tang.newens@edu.tbz.ch"|"smxoY$-idO2Rn-zxPcUA"
"annotes.powys@edu.tbz.ch"|"2CxVqf-ZZW62k-8NVn4q"
"lea.matthesius@edu.tbz.ch"|"TkQE4I-LtoSTl-TbULB3"
"illustree.garlett@edu.tbz.ch"|"O4vsRJ-nHPQAx-AuaLjD"
"maiwenn.meachem@edu.tbz.ch"|"NERTi%-93Z&pw-bX4WMY"
"marie-francoise.mcbrady@edu.tbz.ch"|"cDrxwZ-87yqUp-TxOXuU"
"illustree.gimbart@edu.tbz.ch"|"vhsbfk-zhltha-4kh7at"
"melys.lyosik@edu.tbz.ch"|"z7jbK1-hO3L%B-McolPJ"
"marylene.mcnab@edu.tbz.ch"|"F042Ko-nJ3NYS-VNHU9G"
"gerald.blount@edu.tbz.ch"|"lMTQTj-dlWsZ4-WD4kBK"
"clelia.shakelade@edu.tbz.ch"|"ym9ZaZ-KveIAn-N0lROX"
"penelope.cridlin@edu.tbz.ch"|"BdL&5H-t2&2g1-hiRiu#"
"maena.okuddyhy@edu.tbz.ch"|"#sxg8H-&6gqIt-cs1eZb"
"athena.keynd@edu.tbz.ch"|"2Q$3ag-7#pD6c-j7$&tI"
"cloe.dwine@edu.tbz.ch"|"1Ilng1-oCbe33-hCR$oo"
"josephine.browett@edu.tbz.ch"|"vxg0c1-a03EL6-q$4krr"
"audreanne.oscanlon@edu.tbz.ch"|"MUUL#b-Diyf2c-LuQ#6J"
"fei.jeanequin@edu.tbz.ch"|"$lMy12-4QlGCd-jCYi5a"
"lois.gormally@edu.tbz.ch"|"vo2pMh-ed#OuM-&d1zo$"
"marie-francoise.finnigan@edu.tbz.ch"|"3ag8BC-a&olGk-@GjazQ"
"leonore.trussman@edu.tbz.ch"|"qyO9@c-IFr8Sq-7IWX%N"
"anaelle.trumper@edu.tbz.ch"|"&Jx6s1-29WrzM-lpTAx4"
"clemence.dionis@edu.tbz.ch"|"732$XW-hC6rtd-0HvwON"
"lois.tranmer@edu.tbz.ch"|"Ind1Vr-U5nLdH-Vcsegh"
"interessant.volett@edu.tbz.ch"|"hgnQZD-lHSO8C-6xnhIA"
"personnalisee.deackes@edu.tbz.ch"|"4JNkrB-roFBPg-GbE786"
"lie.vasiliu@edu.tbz.ch"|"hcSzHU-#S3mNQ-jYEKWq"
"dafnee.lamputt@edu.tbz.ch"|"T5gBV9-wv9YZu-p#UAT6"
"elies.bromige@edu.tbz.ch"|"ESI&RZ-bx14qa-4GP$f0"
"helena.klosser@edu.tbz.ch"|"SU@$EB-r%RhNe-xc2Ipc"
"andree.grim@edu.tbz.ch"|"#CsPp@-w4D$kV-Q5S4#H"
"verane.coldbath@edu.tbz.ch"|"y#e61D-YeF&DR-GmHvDE"
"helena.bethell@edu.tbz.ch"|"aThZm@-F%Jh5j-l@6A7J"
"kalliste.carefull@edu.tbz.ch"|"VK5B7P-yLbv%o-WtTuM5"
"regine.odams@edu.tbz.ch"|"Qtfz7M-ET6arI-jconNp"
"len.stannus@edu.tbz.ch"|"GCa%xW-R5#tcM-LXsKuJ"
"angelique.works@edu.tbz.ch"|"1VIEWy-pMlF$z-wSdKLp"
"goesta.rheaume@edu.tbz.ch"|"GCzTkt-B9m1h&-UdJUuN"
"maelys.tynnan@edu.tbz.ch"|"EreUxS-A6rwo2-I0Fm34"
"maelle.carlesi@edu.tbz.ch"|"D6O6h9-v#r&Hg-m3Mqk4"
"anael.spurden@edu.tbz.ch"|"vMw2ma-CkfuY4-6SiL8B"
"helene.pumfrett@edu.tbz.ch"|"WA$p@5-piZAuX-Tol2mF"
"goerel.pearn@edu.tbz.ch"|"eGxzna-o59x&u-GfzO9H"
"laurelie.dezamora@edu.tbz.ch"|"Qx@ffz-AEtbnv-%6m0Yc"
"yao.twidale@edu.tbz.ch"|"i&9ZcB-fEadM8-x9Yfx&"
"berengere.sola@edu.tbz.ch"|"##6Cel-HtBG5e-GUrJ%v"
"maelann.hardistry@edu.tbz.ch"|"uGWKIt-1%ihkA-@K6Xt0"
"severine.littlefield@edu.tbz.ch"|"vF%woN-9GDWtF-Z&ExnP"
"salome.heinl@edu.tbz.ch"|"$8kosd-pTzJko-0sFU63"
"meryl.warbey@edu.tbz.ch"|"pK8C65-@cK77$-XIf3N$"
"da.hunstone@edu.tbz.ch"|"T7zTNU-Yq&KqH-kd@xB3"
"venus.broadbury@edu.tbz.ch"|"OQ24H&-7zSQ%7-Gn$l1x"
"meghane.rentelll@edu.tbz.ch"|"VQyIQh-QDdSF7-#o$xf8"
"marylene.drewitt@edu.tbz.ch"|"Ec6exs-oeREY0-ymqcjo"
"melinda.jacquemet@edu.tbz.ch"|"RZsEms-S9@vin-U528D9"
"marie-josee.keyden@edu.tbz.ch"|"Bgihrv-%@oVe5-CNJTBY"
"asloeg.montacute@edu.tbz.ch"|"OuyJPR-oMz#Kh-6peMPu"
"ku.andreou@edu.tbz.ch"|"o1wGqa-#zURvl-OLZg%G"
"personnalisee.feaveer@edu.tbz.ch"|"06xElv-w13HY$-gsVMVF"
"laila.emptage@edu.tbz.ch"|"YXnz%&-hmBr2%-DFtUP#"
"bjoern.dawdry@edu.tbz.ch"|"udGwDe-$&jSha-RYlI@j"
"marie-eve.dinsell@edu.tbz.ch"|"%jkVTH-5TYFsE-G5YkqN"
"helene.follett@edu.tbz.ch"|"JKHCr#-qIkWvu-8zq%6E"
"penelope.cordero@edu.tbz.ch"|"G5@exa-2G1pBW-W3WRvh"
"boerje.beedell@edu.tbz.ch"|"3#OPru-Cz1akw-2Ygd$d"
"nelie.ferne@edu.tbz.ch"|"l8vxX5-h$vght-9z6kzK"
"celine.ahmed@edu.tbz.ch"|"LE2JY3-uVt%BJ-f0HzjQ"
"stevina.pimblett@edu.tbz.ch"|"I%7wzp-Q5%FoG-DXFEdg"
"chloe.langlands@edu.tbz.ch"|"SDWdnK-TqhaNK-&qjbYv"
"simplifies.maude@edu.tbz.ch"|"fhPmaq-Z9Qejs-Ht8V@G"
"genevieve.decarteret@edu.tbz.ch"|"dxClgl-4n8erM-SOySyW"
"marylene.mughal@edu.tbz.ch"|"Hgj4em-gAce1Z-oMluim"
"goeran.guttridge@edu.tbz.ch"|"JIODPb-sPyqyP-fe%cYC"
"michele.smurfitt@edu.tbz.ch"|"FWLWgY-s6LL72-ddKf$#"
"methode.hadeke@edu.tbz.ch"|"#2rK3b-DhuCiY-n54dCP"
"therese.rispine@edu.tbz.ch"|"0LeiVw-aPPmW5-Fi$t7Y"
"goerel.plumley@edu.tbz.ch"|"KA22HD-byoelU-#VRbEc"
"oceane.friett@edu.tbz.ch"|"uK%HHo-IQlX2w-UyGEu5"
"marie-noel.achromov@edu.tbz.ch"|"QZRuWv-HEdM1Y-0ON6qi"
"dorothee.storek@edu.tbz.ch"|"22p2Ss-pdfXJP-KGDLr&"
"goesta.whittle@edu.tbz.ch"|"dD$INS-9YoOur-#795bD"
"desiree.casely@edu.tbz.ch"|"AMTzyp-XbelNo-$8SVPg"
"felicie.condon@edu.tbz.ch"|"kWw4vK-Z#kD8i-xZ%sjL"
"maelyss.frisdick@edu.tbz.ch"|"ihv83n-PUNM6e-il11jr"
"aimee.banke@edu.tbz.ch"|"@IPRuJ-asDJ%S-sWGX$n"
"naeva.hodcroft@edu.tbz.ch"|"Wlug@W-YJadsN-6HoNKF"
"laila.gerrans@edu.tbz.ch"|"Bh3ceT-AwtZ9T-Jo6YlA"
"daniele.scrimshire@edu.tbz.ch"|"SJa8wl-L@1@Db-nodtJN"
"daphnee.sheerin@edu.tbz.ch"|"thwbH1-klupDg-X2BeV1"
"pal.vanyukov@edu.tbz.ch"|"sbd2#z-ba79Z9-UpKzYM"
"zoe.childs@edu.tbz.ch"|"xA$Uz0-BBdJYS-$ivEXF"
"ai.corde@edu.tbz.ch"|"bhiW2C-$c%COI-aG&Oxr"
"maelys.berryann@edu.tbz.ch"|"IFSJFs-ZrBfGm-y@Bvwi"
"cloe.gladding@edu.tbz.ch"|"yBAV88-kSn9z@-LYq04z"
"wa.kinnaird@edu.tbz.ch"|"hMK1Eu-dxcLcG-&WOe91"
"publicite.brittoner@edu.tbz.ch"|"xbAE2v-#GTjoK-Ugd8fT"
"rao.windress@edu.tbz.ch"|"TOww6Q-$ZBB4D-QbkwI&"
"uo.kollach@edu.tbz.ch"|"n@ZWfG-zZYiu#-bQdrnN"
"josee.peskett@edu.tbz.ch"|"1Rqrj1-nqnhT5-OVI943"
"annotee.hasel@edu.tbz.ch"|"ogV23#-HjAujV-neyk@M"
"cinema.lee@edu.tbz.ch"|"%3ASmr-Iaf5y5-cI3r$7"
"lai.vedeshkin@edu.tbz.ch"|"#kbVwq-ukY4Nk-mrKIOF"
"renee.brisbane@edu.tbz.ch"|"foouUt-1Sdf7%-HkS8FK"
"ophelie.blincoe@edu.tbz.ch"|"#IdeIk-2@p7JV-Wdx4h$"
"zhi.prazor@edu.tbz.ch"|"zNk70y-4gJ50B-sf4J&9"
"annotee.maddicks@edu.tbz.ch"|"%xyYhn-PlR5G%-D9pK$r"
"maelyss.codd@edu.tbz.ch"|"Jyz8OZ-WTD9BG-XfkAQN"
"celia.peplay@edu.tbz.ch"|"NXCV@o-DP5l2F-OeqMl9"
"interessant.skone@edu.tbz.ch"|"MDYpCN-zGe$#s-fp&i2K"
"audreanne.hebdon@edu.tbz.ch"|"ztkK%B-8Rfti8-e5shgs"
"oceane.glen@edu.tbz.ch"|"A8nZAH-EQ3c@W-Q2IvtK"
"daniele.vanyushkin@edu.tbz.ch"|"wo1WJR-lsBWqC-QYZx9#"
"daphnee.ayce@edu.tbz.ch"|"sqZkwJ-LKvyyW-6%AtSW"
"andrea.attride@edu.tbz.ch"|"qxN3uj-NGuB$l-$BgC4L"
"penelope.bridgwood@edu.tbz.ch"|"poMsr@-$aFVtE-GS#9F$"
"mailis.drewitt@edu.tbz.ch"|"jPLLtJ-egU6hD-sw#9gU"
"penelope.mollene@edu.tbz.ch"|"VYw1mE-iVEpcy-xdaIT8"
"illustree.keely@edu.tbz.ch"|"mRc@WY-Z@%K#l-7Nq2Pw"
"meng.brisseau@edu.tbz.ch"|"1Ni$Gh-ILgxaE-rhTWzs"
"ruo.cleiment@edu.tbz.ch"|"&Ob0jK-bKbcDg-1A@lj3"
"maite.krammer@edu.tbz.ch"|"VFRKwR-&1Jk@Z-haNrXi"
"genevieve.verry@edu.tbz.ch"|"w4hLqq-AzvZ6v-#iI2SF"
"lea.olochan@edu.tbz.ch"|"hZlH6X-3wwrCT-cE@&iz"
"naelle.brunnen@edu.tbz.ch"|"7zGV4Q-BMMiI1-g@pu48"
"goesta.bragginton@edu.tbz.ch"|"71oWz#-BC2ksd-PFWeVp"
"fei.danilyuk@edu.tbz.ch"|"eze&Jo-cTrB2U-Z2Emrj"
"adelie.turbitt@edu.tbz.ch"|"zIFWNu-Z$VU75-@A2jat"
"marylene.nutman@edu.tbz.ch"|"G@jF1p-&3@%YJ-dfwue$"
"therese.barbrick@edu.tbz.ch"|"BhC2NW-Cuz56a-rk1pyC"
"melys.kolodziej@edu.tbz.ch"|"gFOlbs-w5LmBX-UwIuQf"
"melanie.runchman@edu.tbz.ch"|"EcpywF-VNE03$-Jy#Fs0"
"serena.lafond@edu.tbz.ch"|"Hq6gPS-VsUWI0-vAgdkV"
"pelagie.desmond@edu.tbz.ch"|"KNBHS@-RKFiHa-PYbfyc"
"wa.spickett@edu.tbz.ch"|"@JNe6M-uM&gIx-&JF%5w"
"po.shave@edu.tbz.ch"|"DEb@Me-m1YHrn-mZHJdy"
"song.huikerby@edu.tbz.ch"|"PqJIfX-O2pEXZ-VYPPcv"
"melinda.bimson@edu.tbz.ch"|"&gmAeK-mvXB39-0fHjgu"
"personnalisee.toffanelli@edu.tbz.ch"|"2cz%zq-bSLAe%-pq$&zu"
"leandre.hurn@edu.tbz.ch"|"r9i44i-c1kyuC-oJo5dK"
"oesten.standell@edu.tbz.ch"|"eo7H$u-DrlYVh-hhG4Fq"
"naelle.smaleman@edu.tbz.ch"|"mCG#MZ-C0QRQf-s2spc$"
"berenice.tayt@edu.tbz.ch"|"K6P9Z0-U7NXct-x2aBf@"
"kui.popplewell@edu.tbz.ch"|"UznHVK-WFcDPN-w$tg5p"
"melodie.ferandez@edu.tbz.ch"|"$VNwKB-Ngb38Z-a0L2h@"
"josee.negal@edu.tbz.ch"|"@3KEG&-lCnK#e-1ujonh"
"melissandre.ferrelli@edu.tbz.ch"|"V8nzjW-1jQ1@Z-mQzMoZ"
"josephine.kemmer@edu.tbz.ch"|"k8ZybO-fmgW0H-2&o30r"
"maely.cayette@edu.tbz.ch"|"X8meqY-pIAuN%-22$8Vm"
"nelie.vela@edu.tbz.ch"|"p#S@w@-$3hR73-8OOCgh"
"melina.cortes@edu.tbz.ch"|"nzU#g@-@8TGBW-tmJDSo"
"megane.leyshon@edu.tbz.ch"|"PNVTXH-AewsSt-t5oSgP"
"regine.harrie@edu.tbz.ch"|"OTofF#-oMT@B&-UCs1fJ"
"mylene.widdison@edu.tbz.ch"|"YLNMyT-sQYB2n-1vEk6U"
"pelagie.vivash@edu.tbz.ch"|"lth9MP-oDoUTu-#jzH$2"
"styrbjoern.vicarey@edu.tbz.ch"|"gTgBhA-Jiz%%Y-2scvGy"
"long.kyles@edu.tbz.ch"|"bV7tID-62Fvjm-qEgb#x"
"stephanie.gipps@edu.tbz.ch"|"cVudU6-Zlb2H6-%wdFXv"
"clea.constantine@edu.tbz.ch"|"maYVDz-b8j6tu-Do2NCR"
"maella.cometto@edu.tbz.ch"|"NJZcFy-Ky#zjB-&9vj%M"
"laila.aubrun@edu.tbz.ch"|"21J&hk-WszRF@-gw4Yws"
"yao.austins@edu.tbz.ch"|"QvXWHC-G@OyhI-&so3Sw"
"mailys.rylstone@edu.tbz.ch"|"8NteUH-523XYD-70BEFF"
"adelie.curuclis@edu.tbz.ch"|"tuWd6i-Mdvpuv-4BpH5S"
"celine.longhurst@edu.tbz.ch"|"KLv6ya-LD9z6x-HipUWl"
"gisele.hazell@edu.tbz.ch"|"@Q7%eO-gaejZe-g9TvTR"
"celestine.ciccone@edu.tbz.ch"|"Uv8cFp-n9NrRI-P&9o@b"
"maelyss.doole@edu.tbz.ch"|"W$IPWl-7Rg&VB-BjdDr%"
"helene.grimsdike@edu.tbz.ch"|"6LaTHw-#az#2z-qugH%f"
"lie.macer@edu.tbz.ch"|"9rV@Pt-OJRD3H-IlncsW"
"maely.izard@edu.tbz.ch"|"A6JJI8-ILSjiJ-g75lv7"
"erwei.breewood@edu.tbz.ch"|"2iRZ6R-1WX@u9-dMbl1M"
"chloe.woolford@edu.tbz.ch"|"DJB00P-kVe4K3-omOb@8"
"cleopatre.turpin@edu.tbz.ch"|"eqdijb-DD9E&S-E5bzmJ"
"melodie.surgison@edu.tbz.ch"|"PUXtz@-g1RZqi-wHww5b"
"elies.leander@edu.tbz.ch"|"ZNu2f2-Eq5047-%Xpbj5"
"mediamass.reignould@edu.tbz.ch"|"O@qNSW-KqMaD3-Dk&AuO"
"celestine.wasmuth@edu.tbz.ch"|"zw9wWV-qgDL4W-AMuRl$"
"marten.jervis@edu.tbz.ch"|"3HxF93-teGaGF-trlFB#"
"daphnee.bour@edu.tbz.ch"|"KI&Juw-#1ifmL-tEJSsU"
"regine.harlett@edu.tbz.ch"|"tEow7Y-Ajgsgq-985hLd"
"noemie.macaskie@edu.tbz.ch"|"8vQSES-8fh2ob-1TGzUE"
"loic.renfield@edu.tbz.ch"|"iaZFfS-J$lx1D-PSJVTD"
"venus.kleinert@edu.tbz.ch"|"197O&C-B%zp%5-JNf5WR"
"marten.burlay@edu.tbz.ch"|"aAv7@z-K@8mjb-zsRrwT"
"berengere.radsdale@edu.tbz.ch"|"A&smCu-VjB31d-C0#eL6"
"genevieve.duckit@edu.tbz.ch"|"4f%IeJ-1rfyPJ-ODZLg2"
"maely.ligerton@edu.tbz.ch"|"TBcIrC-KAc39h-DwK#Gv"
"maeline.ricciardelli@edu.tbz.ch"|"qB%6oE-t&EzMG-j@w2cC"
"personnalisee.yggo@edu.tbz.ch"|"dcSopY-EPsS58-C@4uB@"
"alizee.pettinger@edu.tbz.ch"|"12fiW9-mGI5g0-uRZ9ux"
"desiree.curnnokk@edu.tbz.ch"|"ySccPN-JcTy@x-%3jkUS"
"dorothee.minors@edu.tbz.ch"|"N%nWEU-4D#Uit-ikK%gm"
"oceanne.kopmann@edu.tbz.ch"|"YhyEe7-euPv47-vWixyO"
"almerinda.brodbin@edu.tbz.ch"|"vJM#YS-hQjQ1e-9o&EfW"
"yenora.carsberg@edu.tbz.ch"|"6D$DlU-4pQybT-ICMNQz"
"wa.beetles@edu.tbz.ch"|"EHIyDd-CJz6Jd-cBSr$q"
"audreanne.abbot@edu.tbz.ch"|"Dksy%H-A3bg&8-#Buhtd"
"noemie.capper@edu.tbz.ch"|"@2VEK@-JL7%&%-3x6GTv"
"mans.abramamov@edu.tbz.ch"|"ac&koH-O6FEBF-4O@bzJ"
"audreanne.blakey@edu.tbz.ch"|"q#R%rx-x$O24M-GV0hX7"
"leone.klimpke@edu.tbz.ch"|"0LE&nj-HD&AeO-PumCj8"
"lie.croston@edu.tbz.ch"|"ug20#w-olafFl-#tCvlk"
"anaelle.baistow@edu.tbz.ch"|"P8aSe&-C2FyDg-T8JaFj"
"michele.garwood@edu.tbz.ch"|"1ubwfa-tS$rdG-14JA31"
"interessant.albion@edu.tbz.ch"|"p7XSac-t5GzY6-GO@4U%"
"andre.brisco@edu.tbz.ch"|"h6kNSV-g#z1Di-SesKWn"
"tang.totterdill@edu.tbz.ch"|"MkRip1-eXTIY3-PQ6YwU"
"marie-josee.braundt@edu.tbz.ch"|"ixjShY-fmQI5d-D1Eyas"
"lois.galer@edu.tbz.ch"|"1&c%dH-JXC8tw-g3Sbj@"
"faites.pellamonuten@edu.tbz.ch"|"s@6DRg-uY82MV-ACvBIe"
"mai.barfford@edu.tbz.ch"|"NJ&nfu-ytS8RN-C2fRGO"
"laurene.macilory@edu.tbz.ch"|"DrmxOj-FRB5J5-l#GmSK"
"elea.peak@edu.tbz.ch"|"p7BdIN-0avgfd-1OpyFc"
"rejane.doni@edu.tbz.ch"|"MBNjlw-GqVnnb-fFC#zf"
"mahelie.ector@edu.tbz.ch"|"XyF8Jd-r6FESt-3Og24A"
"rachele.allum@edu.tbz.ch"|"hFZe#0-DWTiHj-nR8uj8"
"laila.gerretsen@edu.tbz.ch"|"jsAsA2-00u9Lw-meFLNA"
"ines.bowman@edu.tbz.ch"|"Kb#HBV-65nKx8-5JZXug"
"publicite.barbary@edu.tbz.ch"|"#g271M-3dbqY3-xrrGG2"
"mailys.smooth@edu.tbz.ch"|"bMX@qY-SGhmqA-Ea&3GS"
"mailis.huguenet@edu.tbz.ch"|"OsthL1-z4drk7-ezdGn4"
"lea.ewer@edu.tbz.ch"|"8KI$qL-EdauO7-r%d#R9"
