"email"|"password"
"melodie.vandervlies@edu.tbz.ch"|"HQ7TuN-8FB6pU-NftZ@&"
"angele.edgecumbe@edu.tbz.ch"|"7iZwVp-nQLDTx-X3CaEL"
"zhi.andreasson@edu.tbz.ch"|"dOYsFc-s3uBPb-#q9Osb"
"judicael.koppeck@edu.tbz.ch"|"PhOe$R-RHcKdK-TSwFR8"
"berengere.capron@edu.tbz.ch"|"Hgtwp5-%wGdjT-6eFXPL"
"leonie.brosini@edu.tbz.ch"|"l5OciK-$i54z#-%ADSA@"
"venus.garfit@edu.tbz.ch"|"qL#AvG-Srvbdf-FHJG5@"
"melina.janota@edu.tbz.ch"|"TVI@w7-Y4UeJA-yB2ekK"
"laurene.bake@edu.tbz.ch"|"ZBZh8Y-mYPXP$-1NQA9I"
"regine.dorkins@edu.tbz.ch"|"g4xei9-KKtl%d-q$7h&r"
"cecile.moffet@edu.tbz.ch"|"bPXdbM-x99WIr-G#adWw"
"maelann.labrone@edu.tbz.ch"|"EHKNfE-qnM3$$-5Ud@em"
"melinda.newbold@edu.tbz.ch"|"XId1@4-WJn0VY-koLNa4"
"mans.itzhak@edu.tbz.ch"|"2DAvfK-3X0yDZ-NKobB0"
"melodie.pattlel@edu.tbz.ch"|"h4HCZy-LiGH5f-&6kTIm"
"celine.bonett@edu.tbz.ch"|"sMkLb$-AIslv#-cJnxrR"
"adelie.mcgreal@edu.tbz.ch"|"0blewM-vCDqWY-@o7g9b"
"helene.soldan@edu.tbz.ch"|"XHFb9m-XZ@R&S-hUc7cH"
"michele.cluer@edu.tbz.ch"|"0p$WHY-sBF2JI-sE$OBS"
"maeline.mueller@edu.tbz.ch"|"yMIITt-hIz77%-RDTbuJ"
"maelann.benedito@edu.tbz.ch"|"99mi@X-O2sWX%-9ZQ5kd"
"nuo.gransden@edu.tbz.ch"|"5E4qkj-eVNPcJ-pYRYAO"
"berengere.stainton@edu.tbz.ch"|"6pU46A-1Jt2Ef-i7$sPD"
"wa.sabater@edu.tbz.ch"|"fpCtU@-ULp2Na-PgEzWu"
"anais.cochran@edu.tbz.ch"|"svW3Us-A1pLlz-eaLXbZ"
"gerald.bessant@edu.tbz.ch"|"jwFWbw-FX8WHh-lRNamI"
"ruo.coffin@edu.tbz.ch"|"Y2qlEg-7Kjmo0-&Qp7uL"
"melodie.mustill@edu.tbz.ch"|"X9KJQs-55TKQC-goO3E9"
"ruo.stanesby@edu.tbz.ch"|"JBWMtn-atl0zm-pQUHlQ"
"noemie.antognelli@edu.tbz.ch"|"CFhe7S-HV%MqI-AEmCQs"
"maelann.hughson@edu.tbz.ch"|"WWG9v#-rBS&u%-8CHa1f"
"milena.mieville@edu.tbz.ch"|"VGTpnv-EM6p45-0LNt9A"
"mailys.chamberlin@edu.tbz.ch"|"pshPGK-zH8HmW-GM8fmH"
"nadege.tomalin@edu.tbz.ch"|"f$YmkD-cI12SJ-wyi$XB"
"oceane.omara@edu.tbz.ch"|"1gqJPq-L0mFhi-DOxGvV"
"cecile.aguirrezabala@edu.tbz.ch"|"FzxueZ-XGitUm-b4sIjA"
"maella.gwillim@edu.tbz.ch"|"CyeOwx-Q#MBj9-nPBHqo"
"lea.mcgahey@edu.tbz.ch"|"wXK6rC-V3q7lT-cH&RNr"
"laurene.hagerty@edu.tbz.ch"|"LH3MGs-@AaMOC-2bwIF&"
"dorothee.link@edu.tbz.ch"|"2ZBn51-JpG6ph-eV49ny"
"clementine.kynsey@edu.tbz.ch"|"WGR&QO-6lyw7X-T5Bft6"
"lorene.smitherman@edu.tbz.ch"|"zMBC9V-QZHWZu-vpLqcW"
"cleopatre.klulicek@edu.tbz.ch"|"$SKDgB-3#Ke5v-8oWE$c"
"laurene.castaneda@edu.tbz.ch"|"mGcgfB-#et024-97Lzpp"
"melia.constant@edu.tbz.ch"|"@qxMJV-AaoYka-@Ys9iS"
"lucrece.clunie@edu.tbz.ch"|"4CtMT5-CKF6F2-%xHGzk"
"eleonore.mcmurthy@edu.tbz.ch"|"NVFet9-hA%L6E-jQ8bGE"
"melia.bevar@edu.tbz.ch"|"1gSN7r-pwa&Uo-azDbR4"
"camelia.bontine@edu.tbz.ch"|"ijWIo0-w#9HjG-Wm64Nl"
"methode.jozefczak@edu.tbz.ch"|"4JFKOj-yoAhbz-#rXUFO"
"audreanne.hinsche@edu.tbz.ch"|"Q47uhZ-xSdolF-Av$wQC"
"andree.varne@edu.tbz.ch"|"gC$7t6-vTbVcT-9WsO2l"
"marten.kinleyside@edu.tbz.ch"|"L#nZvh-O7xN$R-3FZwj%"
"esteve.mcewan@edu.tbz.ch"|"9VhONA-nuW#Eq-r65zY#"
"leane.dibbert@edu.tbz.ch"|"nXf#Q5-UKSNx@-7uy6IP"
"ma.thewlis@edu.tbz.ch"|"hJd%FI-Qm@nD1-mEb$26"
"clea.djurkovic@edu.tbz.ch"|"CrpQor-UAxs8z-udgMhI"
"rachele.reburn@edu.tbz.ch"|"RPH&cF-x4fCKW-&d8kIR"
"gerald.gowling@edu.tbz.ch"|"igGYiq-iZ5fet-E5tcQS"
"cleopatre.jackson@edu.tbz.ch"|"deLgPD-qF00lN-wD#lAF"
"desiree.haskins@edu.tbz.ch"|"kxjMI&-E@M0xh-BSIHNT"
"eleonore.longson@edu.tbz.ch"|"WWXdCu-Qt89%a-br3TtC"
"leane.dybell@edu.tbz.ch"|"kdJN9d-EtJLDW-CMzMP&"
"becassine.grzesiak@edu.tbz.ch"|"fv5qxT-l4DXLu-gCl%rs"
"marie-josee.pickin@edu.tbz.ch"|"8xhPca-3$hUhg-Q1opj1"
"marie-josee.roxby@edu.tbz.ch"|"pZwuAE-hgMBZA-1KSy3p"
"leonie.feenan@edu.tbz.ch"|"PIc32V-UN8W&0-NzNddW"
"valerie.ellum@edu.tbz.ch"|"FQeOVZ-j0KZA7-IE7kN&"
"ju.caseri@edu.tbz.ch"|"4&2uHn-BC6uCK-wvnJcv"
"boerje.strangman@edu.tbz.ch"|"AaKN#e-CNgxXZ-57nsM@"
"beatrice.ghidelli@edu.tbz.ch"|"djhZO$-3W%L4o-0qNqV%"
"da.jablonski@edu.tbz.ch"|"tqACtq-9buHr7-rxDryj"
"uo.beveridge@edu.tbz.ch"|"MHYSFZ-6uYq9S-WSNfxN"
"valerie.bestman@edu.tbz.ch"|"doQVzE-4sM%5d-2EMXoz"
"marlene.pohls@edu.tbz.ch"|"a&Kvko-&&3vCF-W9$nDi"
"ma.nolda@edu.tbz.ch"|"7iDUKj-Vd$HT%-q3HBfK"
"marlene.bisiker@edu.tbz.ch"|"dRAO9n-$uGTEo-cC2c1$"
"estee.babon@edu.tbz.ch"|"Jp5ZXn-HQaLwI-xBMXzB"
"simplifies.dmisek@edu.tbz.ch"|"eQgVRo-LFS9le-Gl0JSQ"
"selene.ganing@edu.tbz.ch"|"Obp@y#-9rPTm0-4YUPvG"
"meryl.penke@edu.tbz.ch"|"Boa@F5-gd4jI6-T0jaq5"
"anais.rawcliff@edu.tbz.ch"|"U1Eyat-1BgT80-pH3zM0"
"melina.andri@edu.tbz.ch"|"owv63G-j%V3X4-rSLEd$"
"audreanne.fodden@edu.tbz.ch"|"F8FY#W-T2PvnO-$EAVp2"
"bjoern.spellesy@edu.tbz.ch"|"C5BAyp-bKCapk-LQ2DQu"
"francoise.summerscales@edu.tbz.ch"|"1imTVC-dwKl3t-CFNJKb"
"laurene.ashtonhurst@edu.tbz.ch"|"%u%yY8-CQkJWv-2UHvAh"
"valerie.petters@edu.tbz.ch"|"C3uVBd-A#BAs5-I$GoK@"
"anael.spenclay@edu.tbz.ch"|"@kIwdp-CBg6Se-XU4mS8"
"stephanie.keech@edu.tbz.ch"|"PqTafh-C6d4Rw-MUP8jr"
"ines.deveril@edu.tbz.ch"|"UYr@i$-47kPY&-ifBtlM"
"berenice.gelder@edu.tbz.ch"|"PKwE%@-wGD94M-%j0CSJ"
"melanie.ofogerty@edu.tbz.ch"|"lJOUFN-H7Vw0y-LszGYe"
"frederique.canepe@edu.tbz.ch"|"1Dun%H-xNsOdd-65sxqr"
"nuo.otton@edu.tbz.ch"|"Z0Fpp8-NoMh6V-jGg2P#"
"genevieve.trusler@edu.tbz.ch"|"dCaDb&-zZZC88-7K8N%@"
"ju.boag@edu.tbz.ch"|"M4q4aC-oYPd7I-9jmhZl"
"josephine.dilucia@edu.tbz.ch"|"lTTQNm-1tUpri-ap9S&v"
"laurene.armsden@edu.tbz.ch"|"Kwk4G6-f0Lpmc-S5tmqw"
"becassine.griffe@edu.tbz.ch"|"%Y9rRc-xpsRHX-nJNqd7"
"alois.parres@edu.tbz.ch"|"$Otuh0-7RerEh-Y2mA2w"
"cleopatre.gaffey@edu.tbz.ch"|"u&MZVS-e$ExO9-UQtrqZ"
"andre.stiger@edu.tbz.ch"|"OCfEt#-iZKamn-QceFO#"
"beatrice.godleman@edu.tbz.ch"|"VD8%20-vJJtwD-d4w9Ln"
"hakan.harrhy@edu.tbz.ch"|"vyxvPB-rQuN#f-ULfD78"
"celestine.dagnan@edu.tbz.ch"|"y7cECD-be4DTY-ssc#gv"
"clemence.haggart@edu.tbz.ch"|"ncDkEY-4Q8TCH-r#Wi4X"
"long.caban@edu.tbz.ch"|"ayTdda-V2eQ$B-z0ESrR"
"gaetane.grimble@edu.tbz.ch"|"of5S&0-CZlwJJ-%QWvAK"
"maelann.piwall@edu.tbz.ch"|"a8c@24-f$F4Kt-S7vZlE"
"magdalene.loble@edu.tbz.ch"|"VJl4Lb-xWMqm#-A85C&q"
"veronique.domaschke@edu.tbz.ch"|"$I4o&f-9aQnit-b%qoos"
"clea.herity@edu.tbz.ch"|"7OaW5E-Lrh62t-87fReZ"
"maelann.bambrough@edu.tbz.ch"|"U8BU5Z-Jpi5Qp-lYxsjJ"
"clea.goulstone@edu.tbz.ch"|"ogQEuH-YJy%A0-dSf3O6"
"renee.deleek@edu.tbz.ch"|"QYQJ3s-ZRq&PA-bVW26f"
"boerje.rudderham@edu.tbz.ch"|"N54Oq3-7@n#Yb-zIIYGa"
"marylene.broune@edu.tbz.ch"|"RS2cET-va$NKR-pK8nsT"
"nadege.mccuish@edu.tbz.ch"|"TMGWya-p3$LmO-WCddFP"
"anael.littleover@edu.tbz.ch"|"W$hjxB-3HZvex-EItHjK"
"lie.baume@edu.tbz.ch"|"X%@ZRO-jABde%-Ea5a6w"
"maella.murrow@edu.tbz.ch"|"6Hh9VR-E#kpsr-sDYy$a"
"cleopatre.pettifor@edu.tbz.ch"|"Zr6iWJ-wdIpgy-Hz&0uo"
"geraldine.asker@edu.tbz.ch"|"INUzhY-pwNGS7-ZdbNWZ"
"gaetane.smedmore@edu.tbz.ch"|"AQvttp-EQg3bE-WcA6L$"
"meryl.blencoe@edu.tbz.ch"|"ACfJCF-UJB57z-1@Ob15"
"aurelie.chastaing@edu.tbz.ch"|"Pti2Gz-lR6Iyb-DywuzY"
"oceanne.marthen@edu.tbz.ch"|"$Ha8zd-sC@hdo-HmhrWu"
"dorothee.burrill@edu.tbz.ch"|"$lJmw5-Agu6ty-3wKR8Z"
"hakan.belden@edu.tbz.ch"|"rgexfb-KKFKu6-fz@OEo"
"celine.brunning@edu.tbz.ch"|"mnUt1%-CJx&3q-@k0Cqy"
"anael.lapides@edu.tbz.ch"|"g5Sz$r-EoCVoH-EJXRBZ"
"ruo.saffran@edu.tbz.ch"|"y#SOSk-HH3x&d-i&p0Bh"
"loic.gerretsen@edu.tbz.ch"|"yAZUjK-NjT2UH-AgZVJu"
"rui.fitzer@edu.tbz.ch"|"RuYGN6-h4Stje-7ZMLuM"
"annotee.ogers@edu.tbz.ch"|"V2Yi2J-6hXnCI-eB090v"
"boerje.bindin@edu.tbz.ch"|"U#E8CJ-ufQuhH-0wXfGr"
"ma.cronchey@edu.tbz.ch"|"FK6btG-oAemtG-$BOiM1"
"laurelie.baiyle@edu.tbz.ch"|"eAhu8q-j0Y8uL-T2oDCw"
"dorothee.older@edu.tbz.ch"|"hZJon$-sU8Tfx-D2OhT9"
"laurena.wile@edu.tbz.ch"|"zpGkWv-wweEBu-HUg27n"
"clemence.brito@edu.tbz.ch"|"uVFXo0-cMcZiF-dOMpI%"
"nadege.dallin@edu.tbz.ch"|"rVnFPJ-wacida-AQOldx"
"mailis.matley@edu.tbz.ch"|"xCKySA-3QclWc-WKB9F0"
"daniele.screaton@edu.tbz.ch"|"7KqQqP-FzpsMI-epWXeY"
"mediamass.godly@edu.tbz.ch"|"9SfXG3-Gaxra9-KZ$RHd"
"leone.kremer@edu.tbz.ch"|"v7GgFa-Gi24kj-IwWGMS"
"asa.adrian@edu.tbz.ch"|"YNxVbh-gmeS@4-TtyesW"
"adele.doley@edu.tbz.ch"|"&c8o4F-6TIwcd-A#WUFk"
"fei.sidney@edu.tbz.ch"|"u#LA&C-fuRP2K-yZuxoE"
"marie-josee.walisiak@edu.tbz.ch"|"NEjTas-oAfKSD-AAGl3i"
"desiree.diplock@edu.tbz.ch"|"WQfd68-Ci9KOU-fs@z6P"
"gisele.schust@edu.tbz.ch"|"vbu1S#-cBKO%S-J7gXcc"
"ma.longshaw@edu.tbz.ch"|"j5t8T$-csBM6M-RPjsCy"
"da.boother@edu.tbz.ch"|"9rejuv-0ihk4@-7nQV1T"
"simplifies.chaudhry@edu.tbz.ch"|"4$@erR-UmzHDY-VjKM3F"
"garcon.baniard@edu.tbz.ch"|"1@mSDw-OZjAU6-2uPVfB"
"gaetane.elphee@edu.tbz.ch"|"#d1fMN-jkFl&S-vlU@qO"
"gisele.hassey@edu.tbz.ch"|"Lbtj7s-9P7#Je-uyd2CH"
"oceanne.booley@edu.tbz.ch"|"6QhVw9-BN01AV-YVxs#n"
"oerjan.dibden@edu.tbz.ch"|"4Z3ueQ-FtCKzO-yNWh5B"
"regine.ocleary@edu.tbz.ch"|"3FRUIm-tRGHhn-q45fhg"
"selene.persse@edu.tbz.ch"|"glHdXG-nX8%qh-MHE88g"
"helena.adenot@edu.tbz.ch"|"YiJd06-ro3tLU-Be%Ywt"
"maelann.wassung@edu.tbz.ch"|"jHimVb-VE#hGP-FTkFd1"
"frederique.ackermann@edu.tbz.ch"|"mKS0rC-gnXKmR-b%TVKW"
"audreanne.kahen@edu.tbz.ch"|"0CBJeB-Pk1Wjk-iJ7Z&%"
"maiwenn.lasty@edu.tbz.ch"|"mypxzT-O9RR$e-IXh%DR"
"yu.dictus@edu.tbz.ch"|"97sezU-OmSnDf-yhX0tu"
"anae.dukes@edu.tbz.ch"|"GLf24V-iFA@YF-nDwT&u"
"yenora.warr@edu.tbz.ch"|"7L6srN-%8uT$i-DGJ02d"
"esbjoern.archibold@edu.tbz.ch"|"&pxTAG-6XunDT-qAw#8h"
"milena.pardal@edu.tbz.ch"|"2x8t4U-W&@3&3-lfFL2E"
"celestine.graveston@edu.tbz.ch"|"LEmh0&-BURcUZ-CLeYTQ"
"maena.dallas@edu.tbz.ch"|"QZDlgh-jaYibE-opk%$V"
"andree.tuke@edu.tbz.ch"|"3Zv5#J-hCgnhf-6lUWSN"
"methode.seldner@edu.tbz.ch"|"&KT0e2-7fjdfq-mEDaSa"
"venus.bullas@edu.tbz.ch"|"UJqJWa-Jrr08U-iqpNE8"
"mans.aguirrezabal@edu.tbz.ch"|"ZgINj3-l4JZ8H-n9SACW"
"gaelle.eadington@edu.tbz.ch"|"AszWDK-v4PNXO-qIIfri"
"anaelle.falkner@edu.tbz.ch"|"g%yVIF-FF0XB0-S6bywR"
"ophelie.height@edu.tbz.ch"|"ED9U6r-Iq%n@q-cd#X%S"
"marten.bolding@edu.tbz.ch"|"a7&Wqg-m#mphP-2OjT7@"
"pelagie.guswell@edu.tbz.ch"|"zURXR$-dKrDY8-ZEpLUX"
"gwenaelle.lecount@edu.tbz.ch"|"&orrgp-9N4#Dh-tS&AIx"
"hakan.laden@edu.tbz.ch"|"b8&FGZ-OKo$#W-P#lr@k"
"marie-josee.hylands@edu.tbz.ch"|"dH8cXv-#dOV5k-6UB4g$"
"zoe.kingshott@edu.tbz.ch"|"U31B11-EIKEC1-ZynSaU"
"josee.janous@edu.tbz.ch"|"0DB8pf-R7FM2a-2N&Ppr"
"laurene.gallally@edu.tbz.ch"|"cZa$vm-HwGVhe-Sp0wkP"
"anael.bickle@edu.tbz.ch"|"HQhji4-n0WRNK-rnBp2E"
"mediamass.lebbern@edu.tbz.ch"|"01ezou-XLanS&-JdOF28"
"berengere.hovy@edu.tbz.ch"|"tiG14L-0%T8BB-0Xpsiu"
"oerjan.kilmurray@edu.tbz.ch"|"be7He&-f$W12F-n0Xjwd"
"asloeg.venny@edu.tbz.ch"|"0@NKb8-75flO$-HQYYxW"
"marie-noel.stoad@edu.tbz.ch"|"VS10Y1-2BcxBA-&8ogCS"
"hakan.pettifor@edu.tbz.ch"|"Qi5p1W-7HQg#D-#VcJqL"
"maella.willgrass@edu.tbz.ch"|"qJsBWx-mbzaoj-@1#ohS"
"therese.ludovici@edu.tbz.ch"|"&pxx$C-6Gvkgo-@ccFPy"
"stephanie.trewhitt@edu.tbz.ch"|"ZSwa1g-9iPtO5-80$Gva"
"maerta.bauduccio@edu.tbz.ch"|"gyOmXM-UP4xt8-27H28g"
"gaetane.glaisner@edu.tbz.ch"|"wjnW47-flLYKX-wI7iGO"
"naeva.pargeter@edu.tbz.ch"|"dwVZvi-d$08w1-1#NCh5"
"salome.venable@edu.tbz.ch"|"DbFMxe-pf5bun-Xo8ReV"
"boerje.thickett@edu.tbz.ch"|"$5YBEX-mqbVg&-eSVs$v"
"lucrece.prendergrass@edu.tbz.ch"|"3lEP39-PwhUbR-fHX@5z"
"laurene.ockleshaw@edu.tbz.ch"|"GM#u%8-Fkd0k%-rlV6@9"
"cecilia.pasticznyk@edu.tbz.ch"|"ly3K67-Tvqm83-rro2A2"
"stevina.mackey@edu.tbz.ch"|"ZcWyKy-LFnAmj-j#RUff"
"marie-noel.reven@edu.tbz.ch"|"ljpbuV-@y1S2&-dFcoj4"
"melina.quilkin@edu.tbz.ch"|"#&rxsA-S6z4Xe-qmwTqm"
"marie-noel.ferrie@edu.tbz.ch"|"&fxXzZ-Pq%#GX-IzV#c1"
"leone.alphege@edu.tbz.ch"|"bhfmxv-Vv2M9x-SisOA1"
"zoe.leverson@edu.tbz.ch"|"M2xHsa-pZPncC-8gjm1s"
"annotes.grayne@edu.tbz.ch"|"2jOf%K-0z39H3-#2gAvG"
"faites.lalley@edu.tbz.ch"|"DKDRsi-Yz@Uns-n#7s7m"
"adele.wallis@edu.tbz.ch"|"SSaQ#d-w4YoZm-MUO@Sw"
"severine.madill@edu.tbz.ch"|"u@Sw62-cmlR8E-eo47sD"
"valerie.tebb@edu.tbz.ch"|"zd4OoB-ZGkzM%-a#aCG2"
"kalliste.rasper@edu.tbz.ch"|"yJSgBf-UuvA8F-iUGR8B"
"audreanne.palomba@edu.tbz.ch"|"CHXjYU-6GJ&ix-h9$&xw"
"elea.adamik@edu.tbz.ch"|"WLTRSn-EqH0Am-GCaGaV"
"reserves.jakuszewski@edu.tbz.ch"|"j##UZe-BpG&@t-o&jVI8"
"athena.belhomme@edu.tbz.ch"|"uKn238-iIKJLa-&EhntY"
"rebecca.crippin@edu.tbz.ch"|"TtivRS-I4fAfl-vGA%6x"
"maiwenn.curman@edu.tbz.ch"|"6dWNFU-5$%mA$-jGAuE9"
"andree.bunner@edu.tbz.ch"|"gLdS$m-dA71hE-#@a@#h"
"ruo.winckles@edu.tbz.ch"|"dIM12q-LwPoyc-E2JUqo"
"naeva.buntine@edu.tbz.ch"|"vAy@gK-Edcudb-4U0&yt"
"boerje.dollard@edu.tbz.ch"|"dE&D3R-y4VfTq-Luc1vP"
"penelope.gorman@edu.tbz.ch"|"nW%7u6-oIOMZ1-zBWDBz"
"alois.robelin@edu.tbz.ch"|"3F6VDB-9liZSb-mzQxcg"
"anaelle.tindle@edu.tbz.ch"|"tg3x@O-UFm2Sg-kHUwza"
"ye.frears@edu.tbz.ch"|"ksATov-h0EdSK-XMBrwT"
"andree.ovid@edu.tbz.ch"|"hb7HB1-eLNsx8-lThyN3"
"hakan.peat@edu.tbz.ch"|"FZFJJ4-daCbbn-bengw%"
"andre.januszewski@edu.tbz.ch"|"CfWgy@-e1k$2f-IyKMVo"
"annotes.clemmett@edu.tbz.ch"|"jA87k8-rzD7TQ-yZ7sbA"
"pal.lambswood@edu.tbz.ch"|"g&EGEd-c#@AyR-XHJzsI"
"yao.lenton@edu.tbz.ch"|"lIzPgf-tu7XtD-SpSnUc"
"hakan.boyton@edu.tbz.ch"|"6zSS@O-bLV@Ux-V9FzdE"
"nelie.forsey@edu.tbz.ch"|"ArhwqS-Rxfsuv-9bRUeo"
"hakan.horche@edu.tbz.ch"|"KOn5HX-bAv6LP-x6saru"
"lorene.sinkings@edu.tbz.ch"|"LgB2xQ-4Zr#ne-RfBlKe"
"marie-therese.creddon@edu.tbz.ch"|"z1Cfrc-OygSFX-7QLrGl"
"berenice.tolworthy@edu.tbz.ch"|"YnO56B-eW6N6i-5R63lZ"
"theresa.land@edu.tbz.ch"|"Dw$II8-Ls61$m-Wrf1%@"
"marie-therese.gianilli@edu.tbz.ch"|"chqaTF-Z3$yvJ-7yPUeo"
"meryl.glew@edu.tbz.ch"|"jeKuXo-54RbL%-7ost#3"
"adele.debling@edu.tbz.ch"|"vB@QMZ-n6a5so-#riR1L"
"anae.metzke@edu.tbz.ch"|"5fEu9f-SZ7zud-%Bn4UX"
"gaetane.gooden@edu.tbz.ch"|"gu24J&-0&w7X8-y4driQ"
"laila.bootland@edu.tbz.ch"|"Aeo9lv-mvJuMu-HjjoVb"
"maite.helsdon@edu.tbz.ch"|"zkbaLk-yQitZA-PJNDir"
"andree.malley@edu.tbz.ch"|"3JjQnv-rAKlxC-S7NrRY"
"pal.simmens@edu.tbz.ch"|"aZEtHV-Tdo$G%-lkIjWC"
"maelys.nuccitelli@edu.tbz.ch"|"C@nl9X-SYNdPw-G04i&a"
"dafnee.sibary@edu.tbz.ch"|"Eknl5a-P4pK$J-LcbHtS"
"alois.harsnep@edu.tbz.ch"|"LsK8nj-H7xWcM-mKTAKg"
"marie-helene.lacky@edu.tbz.ch"|"Jtg4wx-GOf2n0-drzQsn"
"mylene.youthed@edu.tbz.ch"|"kN8hU1-BKaJuO-oSbXFV"
"marie-helene.dehmel@edu.tbz.ch"|"YJN1&z-wHArpt-jDvEq5"
"angele.batman@edu.tbz.ch"|"uIzMV7-KBkUL$-X3BRPC"
"melia.younghusband@edu.tbz.ch"|"oo8Brz-r57vdv-I4Rc&#"
"eloise.baldi@edu.tbz.ch"|"G$UHdY-G@FpjC-F5%g16"
"illustree.dun@edu.tbz.ch"|"&5Qh8E-@@qy9V-%GXfTN"
"genevieve.late@edu.tbz.ch"|"EEwwtE-oZisP4-7D8rUW"
"celestine.colville@edu.tbz.ch"|"K8&Lov-BNS37M-Ld85o&"
"gwenaelle.scarlon@edu.tbz.ch"|"6%SfNA-%Ml72m-smU%h5"
"regine.boddie@edu.tbz.ch"|"7G2GQ0-2p3JTB-hdnf#t"
"creez.gaughan@edu.tbz.ch"|"5tq@fB-T%Gl0A-wmE%Y3"
"gaia.longford@edu.tbz.ch"|"B#d%hF-d1J1c#-EMTSc3"
"mailis.buckby@edu.tbz.ch"|"8Fz1mP-4uqu8p-U6HDk5"
"song.parbrook@edu.tbz.ch"|"QOLg$#-Xy6HvI-OS00%1"
"frederique.heddan@edu.tbz.ch"|"eoN7ZQ-QeqTVp-hcs&$8"
"ake.kirtlan@edu.tbz.ch"|"6iJVun-YaQxb6-6fo9wD"
"nelie.runciman@edu.tbz.ch"|"QoUnvF-2Mxi51-Aj8374"
"mailis.cardnell@edu.tbz.ch"|"Hnlssz-t59EOp-G4AC8Q"
"irene.navarro@edu.tbz.ch"|"ct6Gzv-f%F@NV-rizn5i"
"maite.cough@edu.tbz.ch"|"FaYXkK-XhpbC4-%stWgP"
"anaelle.stocky@edu.tbz.ch"|"TfVprY-CMMF42-liRXOC"
"methode.moulder@edu.tbz.ch"|"fcVNcY-JAvTDb-iSFwEy"
"po.stafford@edu.tbz.ch"|"feeJy1-pO#6N0-YYIXOB"
"faites.scraggs@edu.tbz.ch"|"vStmOH-ibmnlJ-FWWN%Q"
"adelaide.dullard@edu.tbz.ch"|"U@2@4T-1YAH#m-&Qq$LO"
"desiree.leonard@edu.tbz.ch"|"pq4r&m-jpC6PW-v5JTaX"
"geraldine.badgers@edu.tbz.ch"|"tT%qIa-cq9Ela-Uu%y4w"
"ruo.masic@edu.tbz.ch"|"U8x%No-YwHtaY-MTsVga"
"aurelie.lieber@edu.tbz.ch"|"EtPP6u-hpnVB&-yR0z33"
"naelle.balcock@edu.tbz.ch"|"H$4466-mE1kpI-W9LVc1"
"camelia.elger@edu.tbz.ch"|"f&VGuO-@dBQTU-lB0EGi"
"publicite.oakeshott@edu.tbz.ch"|"MtpE0j-$uBbyH-N9kuVa"
"cleopatre.fawley@edu.tbz.ch"|"5PIQiy-fP$l@y-wsmuV@"
"laurene.bruckmann@edu.tbz.ch"|"7AQVD4-OXNJZW-0j2u53"
"rui.haughton@edu.tbz.ch"|"mi3fR5-K#M@W%-p4QbcL"
"asa.ladewig@edu.tbz.ch"|"I#&77z-h&WGng-6&Rzjd"
"gisele.janecek@edu.tbz.ch"|"GX&0hg-KrD0F1-0%grkF"
"maily.loveridge@edu.tbz.ch"|"Hw8LVL-@9RMn8-uIsK8i"
"marie-eve.yurkiewicz@edu.tbz.ch"|"LYPZiy-7#Axcz-t5mXTy"
"fei.roder@edu.tbz.ch"|"QOyCAv-ufbkKi-QtDNFN"
"edmee.chatburn@edu.tbz.ch"|"WF8S9%-dJm9vY-Mmf4W7"
"geraldine.darke@edu.tbz.ch"|"cl1p7B-C7ooBD-WebyvW"
"ye.jira@edu.tbz.ch"|"iChF9m-TjAQgD-3rV&H0"
"publicite.persent@edu.tbz.ch"|"NQ@WpS-0CSK44-lwoOKE"
"severine.wilcox@edu.tbz.ch"|"%2lmAj-i98q26-DivXDb"
"yao.mcclaren@edu.tbz.ch"|"NHLeZL-5X2oLg-iZ9U@n"
"theresa.foynes@edu.tbz.ch"|"sEd9Aa-6#0QHb-7KZ@1F"
"stephanie.isley@edu.tbz.ch"|"38wEow-Ncj&Dl-bDOqzP"
"torbjoern.growy@edu.tbz.ch"|"ycIBRN-qwtqqp-x8s$jo"
"eloise.tunnadine@edu.tbz.ch"|"DDPk4$-Unm38n-qRjhfg"
"maeline.cossentine@edu.tbz.ch"|"uoPtt@-nQ5Q6v-rfY5jN"
"nelie.desantos@edu.tbz.ch"|"L@1S0w-PxXYN8-mm6AWw"
"gaetane.axston@edu.tbz.ch"|"OA8wp3-DbNCP3-DGilke"
"aimee.merman@edu.tbz.ch"|"u9cwof-r%css7-1XWFQ9"
"oerjan.drivers@edu.tbz.ch"|"3z@&Sd-Rgxkvj-1ZKhEG"
"aimee.miroy@edu.tbz.ch"|"yhpU9V-J@8mx7-IjVLzf"
"nelie.glyde@edu.tbz.ch"|"I&gplo-d$ZMo7-Ql5AfW"
"hakan.kapelhof@edu.tbz.ch"|"ccHzSI-EzIzDj-X9pbva"
"maelyss.cauley@edu.tbz.ch"|"ws7Exj-selO81-uk57ap"
"elea.vaggs@edu.tbz.ch"|"$qmMIy-eQwMna-geNpuS"
"maelys.but@edu.tbz.ch"|"cX4#P7-FRHKwQ-$HS4I3"
"maella.arthurs@edu.tbz.ch"|"UW$2@n-BB7N$9-PGw4g&"
"adele.liebrecht@edu.tbz.ch"|"DrepPA-EBIfeu-wVB12o"
"meline.lomasny@edu.tbz.ch"|"IgJBLF-l7TgKu-UZfPoG"
"mediamass.schwant@edu.tbz.ch"|"GLLM4L-WZZPVP-v3TzpG"
"leone.saunt@edu.tbz.ch"|"239TLx-GzJ#VR-o0wgTu"
"annotes.gouch@edu.tbz.ch"|"ehDsG$-ni%W$B-4@fsik"
"gaetane.bowich@edu.tbz.ch"|"0XSi23-6s2A2@-OD%W$m"
"alizee.strelitzki@edu.tbz.ch"|"bLJhYl-EONbi0-&w5dyI"
"leone.poile@edu.tbz.ch"|"jiP9V8-w6#Hj7-U$W6zF"
"amelie.saban@edu.tbz.ch"|"O%ZSL$-iFQmfX-jMN9SM"
"marten.mcmenamin@edu.tbz.ch"|"2Rqyau-J@3n2U-0fU1$#"
"becassine.keets@edu.tbz.ch"|"aHkv5B-Lj#Tvq-0c93TN"
"celine.million@edu.tbz.ch"|"vg88o8-yacObB-Kg&$JS"
"geraldine.belitz@edu.tbz.ch"|"esNEcB-$jmknZ-czqU09"
"salome.mardling@edu.tbz.ch"|"FcIG2x-m9nlml-EaIk3m"
"melia.blakemore@edu.tbz.ch"|"CNvsVt-WDjf7%-J66yck"
"dafnee.mcaulay@edu.tbz.ch"|"VQOLqg-L$rCL&-4wod3O"
"garcon.dennett@edu.tbz.ch"|"3$DHg&-W1eAKl-CDro6z"
"interessant.lesor@edu.tbz.ch"|"nRS@3g-DFdSJe-HsNtka"
"annotee.wasbrough@edu.tbz.ch"|"J0CbhG-@zBq9%-lh208p"
"asa.ibbeson@edu.tbz.ch"|"CLEJhD-gZCD8j-OMJ2f6"
"maily.kennealy@edu.tbz.ch"|"IWr9cl-4chZYX-7Wm3FL"
"ye.seares@edu.tbz.ch"|"PT9OCr-W5Gl@C-gygys8"
"athena.harbron@edu.tbz.ch"|"SXCz7z-qONVYH-%dWzi&"
"andreanne.portail@edu.tbz.ch"|"2cZOo0-4qdEcE-vXYVSg"
"goeran.zannelli@edu.tbz.ch"|"d5grfP-CDJyzf-3BFskk"
"gerald.leathlay@edu.tbz.ch"|"NcqEo0-fRbQEG-AS@ahG"
"andreanne.chown@edu.tbz.ch"|"xdf0CJ-DPa0Sy-JnMaRF"
"esteve.clementel@edu.tbz.ch"|"buXuKX-parwSM-c%nQ6T"
"leone.legan@edu.tbz.ch"|"r#dgHa-x3XfcJ-CPUxe6"
"maena.pownall@edu.tbz.ch"|"xXhgmD-Lr1zMx-IaKmh0"
"andree.rettie@edu.tbz.ch"|"1UBN9E-1pQ5xJ-KpwCyU"
"ines.kenwrick@edu.tbz.ch"|"iqAu%r-RAxpdC-L2Oal%"
"marie-helene.yarnall@edu.tbz.ch"|"bXtWD6-rk56EP-F4l22o"
"po.martin@edu.tbz.ch"|"AgwY#8-S1NM0z-at&Uju"
"ruo.celiz@edu.tbz.ch"|"xw2A#H-mt2vXr-Al9jvW"
"po.bissett@edu.tbz.ch"|"PB%wV0-1FK3VU-34Qhtv"
"du.swindon@edu.tbz.ch"|"GF8N%E-#c7CEL-GOal$J"
"interessant.gouldthorp@edu.tbz.ch"|"rdqkci-xfpga1-Uksjyv"
"leandre.lilburn@edu.tbz.ch"|"vrw%8g-K%RltI-P2Nq4X"
"bjoern.whales@edu.tbz.ch"|"bB2van-P@9xkD-CkjsY2"
"interessant.dieton@edu.tbz.ch"|"b2uxsE-Fm1sAG-9ODAcT"
"celestine.redhills@edu.tbz.ch"|"8gG8f&-MkY@Qg-IREv@7"
"tan.yakovlev@edu.tbz.ch"|"wJ$OZV-4LCyjK-DQZ$u%"
"regine.mcdowell@edu.tbz.ch"|"&zJdVk-1mB@jw-WfRaJV"
"ju.coysh@edu.tbz.ch"|"@aC0Ar-OI20&e-hRnXJG"
"reserves.ofallon@edu.tbz.ch"|"UI4ZqL-s8jjkl-Lca5z6"
"frederique.sobey@edu.tbz.ch"|"dcFhN9-mig6m2-9ch31E"
"marie-eve.garstang@edu.tbz.ch"|"cIrKrZ-m@cPVo-$i9ppV"
"andre.tapin@edu.tbz.ch"|"vE&b1W-2eHEb@-hiT3bz"
"esbjoern.eynon@edu.tbz.ch"|"Ya1fC1-n@UkVw-Qaaay%"
"maella.duffy@edu.tbz.ch"|"1lByKP-LMrtX#-lR0DDa"
"leandre.twinning@edu.tbz.ch"|"ApqfNl-IMU8#5-mZx9j@"
"mai.whittingham@edu.tbz.ch"|"Y&dE8l-bqz@gZ-gqEMt%"
"rachele.shevelin@edu.tbz.ch"|"eLkEG1-GNB6yC-VmOD3s"
"cecile.mcure@edu.tbz.ch"|"Dc3sHN-nOYE5i-npIp06"
"marie-eve.yurkevich@edu.tbz.ch"|"cONK10-NTr3n7-t0kHTa"
"almerinda.paice@edu.tbz.ch"|"#XZ8vy-R8crsk-VSrYZm"
"rao.howkins@edu.tbz.ch"|"$dYaTJ-BkvTKK-ewiggv"
"serena.pack@edu.tbz.ch"|"9$5cKM-vQv2Nh-okyvwX"
"rebecca.mant@edu.tbz.ch"|"S84Ez2-h$iHEn-3hMaHb"
"reserves.spitell@edu.tbz.ch"|"at4$Up-#ifh#T-kiLmhG"
"garcon.hamfleet@edu.tbz.ch"|"6cRv5A-4J6I$A-bTaGdp"
"methode.kerkham@edu.tbz.ch"|"U4dLOE-4AK%dN-awKV0r"
"pelagie.camies@edu.tbz.ch"|"Dsdq#3-bPEItp-Fb3ZqO"
"josephine.macpharlain@edu.tbz.ch"|"NZDIz9-h#f8&j-H@FGbH"
"eugenie.mathet@edu.tbz.ch"|"c4KTkT-#oBuoI-AeYW5x"
"gaetane.brangan@edu.tbz.ch"|"OEWkDr-ubobs&-WcHPm3"
"michele.dewbury@edu.tbz.ch"|"T%LcQJ-35e5ak-DuD6MA"
"eugenie.elcott@edu.tbz.ch"|"zO7DW1-PcDUPv-OeYX1x"
"megane.harniman@edu.tbz.ch"|"AVZs7u-Fk0f4H-KIW0&A"
"agnes.cluney@edu.tbz.ch"|"Ip38vr-h3APiw-hmCtkg"
"marie-helene.angear@edu.tbz.ch"|"FPJ2vp-npT0qo-UrTc5P"
"melia.dolphin@edu.tbz.ch"|"Pwhttd-XX$tBq-bYsw7L"
"lois.ruseworth@edu.tbz.ch"|"yeb%nb-6azZhI-JWM2HE"
"mailys.ryding@edu.tbz.ch"|"LAx0GZ-Rbn&Bm-Caba9$"
"rachele.wulfinger@edu.tbz.ch"|"vJ&6oM-F4G6tX-CK4yTY"
"gwenaelle.talton@edu.tbz.ch"|"Q29bxt-5wU3@S-nC9T82"
"long.ronchetti@edu.tbz.ch"|"b47vfb-0aW7Ga-gjGSzr"
"styrbjoern.kloska@edu.tbz.ch"|"Eo1Az%-M&QCcM-3LqPhv"
"len.sudran@edu.tbz.ch"|"kJ&pew-WGWCJe-OLqi%A"
"maelle.andrysek@edu.tbz.ch"|"Wr94@D-XGc9NQ-&spl9y"
"selene.senior@edu.tbz.ch"|"%bfkpN-FHVB5M-DgGmIL"
"anais.joskovitch@edu.tbz.ch"|"XfVhib-EdptGv-dul&ix"
"marie-noel.dally@edu.tbz.ch"|"@zkJtN-cIH0qr-s9EW1G"
"marie-helene.laurence@edu.tbz.ch"|"9Imz%A-SLIWMo-ORa3i9"
"camelia.foxon@edu.tbz.ch"|"ygq1FP-d1hJhg-Kz$ggl"
"helene.cankett@edu.tbz.ch"|"zdlJfC-w1h%wf-NItqEG"
"marten.mitchelson@edu.tbz.ch"|"B7@goR-x#OG7d-SlO%Fw"
"helena.stirtle@edu.tbz.ch"|"&2LDms-TY@jHY-fqv8C@"
"leane.barmby@edu.tbz.ch"|"%zbUuo-JxWgRe-Hrra5W"
"goeran.ofinan@edu.tbz.ch"|"&usqVZ-fWzx%Q-nwUyjg"
"styrbjoern.proby@edu.tbz.ch"|"seMAmt-THOYM&-QNwGvx"
"zoe.halse@edu.tbz.ch"|"qkUG7o-L2SEw4-Qg$0xm"
"kui.drable@edu.tbz.ch"|"PSqoxp-De9RxG-HVGus8"
"desiree.bamford@edu.tbz.ch"|"TpQH%2-G8tygG-x6zZKe"
"zoe.suller@edu.tbz.ch"|"Dh0LgY-DGfX9R-zk1qwq"
"marylene.audiss@edu.tbz.ch"|"L98kf6-zIXqfy-fGp71z"
"adelaide.poznanski@edu.tbz.ch"|"FMPPON-L%I7Q1-1XLWDQ"
"maella.coleyshaw@edu.tbz.ch"|"FIO94U-dUdio2-$B@lSf"
"marie-francoise.gelder@edu.tbz.ch"|"sotN6b-W3PYqj-92mdqn"
"eleonore.chaffyn@edu.tbz.ch"|"GFH7P%-uOFG&U-NuMSEs"
"celestine.sikorsky@edu.tbz.ch"|"vPnqCF-mCfHny-@Sk9hE"
"stevina.londsdale@edu.tbz.ch"|"qj0b85-s#%MTY-7tQpe$"
"maiwenn.nevitt@edu.tbz.ch"|"SyuZEK-TrUR4R-9%CRbB"
"magdalene.gerrey@edu.tbz.ch"|"0byP0o-9jShI1-#v8ZD@"
"becassine.latimer@edu.tbz.ch"|"x6zLL9-20FjBY-2g6O#a"
"da.lethibridge@edu.tbz.ch"|"#LHN2I-MtI9Sp-0XnDWR"
"mailys.claige@edu.tbz.ch"|"aM%tZE-Sn52vQ-NsNaQF"
"maena.torbard@edu.tbz.ch"|"jfokv1-XBNwd@-xyIN6I"
"solene.lyvon@edu.tbz.ch"|"4Of@rf-X7o2$g-YFnNbf"
"marie-therese.benbrick@edu.tbz.ch"|"Mfbxhz-3z4$3v-x1Znwd"
"gerald.edmonson@edu.tbz.ch"|"#225X1-5nE5dF-%N3V1f"
"ake.messruther@edu.tbz.ch"|"hCzMC9-&pvfLc-PRHT78"
"men.gosneye@edu.tbz.ch"|"DvQyh&-yvbHhm-oBOsLx"
"anais.jefferys@edu.tbz.ch"|"eoxe$F-V$&aY7-$e1W8L"
"publicite.tregale@edu.tbz.ch"|"T2M%FK-BpYYOq-iKwdXi"
"maily.santorini@edu.tbz.ch"|"F9W&zi-m6sFyx-FJIhLd"
"ines.pioch@edu.tbz.ch"|"cJK8hR-2VqJNh-QHucsT"
"noemie.marklew@edu.tbz.ch"|"LCMaR1-U0FHDQ-t%oe93"
"meghane.maccaffrey@edu.tbz.ch"|"mnMZFA-82q87$-Q6Qde5"
"berangere.ambrogio@edu.tbz.ch"|"aieh%F-YfbSjZ-E6g9BA"
"mediamass.ryce@edu.tbz.ch"|"CPzawK-Vu5ID3-QJAlv&"
"oesten.ubank@edu.tbz.ch"|"Oq@e14-JKWLue-OFECIc"
"melina.mackee@edu.tbz.ch"|"FjnJKd-QI79P0-P0S5Do"
"theresa.livezey@edu.tbz.ch"|"6TYknt-#EuYd5-ipAIU8"
"clemence.weal@edu.tbz.ch"|"ajbZN5-EIEyBH-nDW73&"
"faites.overton@edu.tbz.ch"|"O#WAWY-N5STxY-nsLZ#H"
"clea.lindblad@edu.tbz.ch"|"LzLXjI-ETidK5-F3Svbn"
"josephine.roseaman@edu.tbz.ch"|"zuzXZB-aZntOo-i$mpix"
"oesten.lowbridge@edu.tbz.ch"|"&qVPtT-2fBpsm-t8MbOF"
"marie-josee.brion@edu.tbz.ch"|"$H@uLP-Bj@%Xi-$1ZFIR"
"therese.basili@edu.tbz.ch"|"wakxbS-5l8O#2-4@Kqxv"
"melia.vertigan@edu.tbz.ch"|"SheOxt-G705v9-SfgRNB"
"judicael.saull@edu.tbz.ch"|"2hOlh3-AHlC4l-GDtdNx"
"selene.valentine@edu.tbz.ch"|"i7pJv4-8NyyDm-w9e@7@"
"verane.dunlap@edu.tbz.ch"|"F6WxL5-yEIMUb-a9DRNE"
"meline.kinnear@edu.tbz.ch"|"wnOOSK-WmMfMC-08rDio"
"lei.luttgert@edu.tbz.ch"|"m$Ivts-8QcvPP-hsKTgZ"
"styrbjoern.lathleiffure@edu.tbz.ch"|"brRI@h-z#ANXD-mp%6GK"
"marlene.blasi@edu.tbz.ch"|"Lpe31z-a714Hd-70ZdM6"
"mai.begwell@edu.tbz.ch"|"dUtqrN-uZ9@hf-H0Fyzo"
"gwenaelle.kaines@edu.tbz.ch"|"T5UA4h-CwA&bH-3plHLZ"
"gerald.adamthwaite@edu.tbz.ch"|"zRKHVx-pXxrCZ-OC#m5N"
"kui.hartfield@edu.tbz.ch"|"fhphX@-IP4taf-aK1Q3H"
"salome.currao@edu.tbz.ch"|"auNZrM-dgIQTA-b8Pp3g"
"angelique.tixier@edu.tbz.ch"|"t548dZ-7mD&UI-tEAfeR"
"ju.mcgragh@edu.tbz.ch"|"%VTU&S-YHoFlg-XK5cmZ"
"dafnee.beachem@edu.tbz.ch"|"1jbT2V-Ec$SLS-qHAxrw"
"creez.terlinden@edu.tbz.ch"|"hpmtYv-K9CVor-VEZeHW"
"uo.mcskeagan@edu.tbz.ch"|"Y976oW-TOJc7n-Bo7RDR"
"edmee.mccaughren@edu.tbz.ch"|"CFg$by-#f#SVo-FCkpfH"
"asloeg.cozby@edu.tbz.ch"|"A8n$jn-Sz1WLh-I7n#zD"
"melodie.traite@edu.tbz.ch"|"Zmif0l-5UTt1G-nh4M&z"
"dorothee.aindriu@edu.tbz.ch"|"khs8t1-mN0uft-o89bvx"
"daniele.doley@edu.tbz.ch"|"&iz8jm-Z$uSQN-fgleWW"
"mediamass.fairclough@edu.tbz.ch"|"BLE8Rx-VlzoqY-KZHTi5"
"lorene.rainforth@edu.tbz.ch"|"Vwgt86-&ET$Im-nLMVV8"
"leonore.eyer@edu.tbz.ch"|"oY#R#t-aiTQ51-D%dfJ6"
"po.spillman@edu.tbz.ch"|"wlnVIt-haPaLG-#y0N2O"
"cecilia.plitz@edu.tbz.ch"|"@tpE4X-G4EqqM-g&aNHi"
"lorene.ludlow@edu.tbz.ch"|"ureJmb-6OVhQJ-IJUcbU"
"berangere.neligan@edu.tbz.ch"|"mE8Usn-yV%III-b4nKfD"
"simplifies.huggan@edu.tbz.ch"|"%zpxgI-9csJyn-5rFS&$"
"clelia.prandy@edu.tbz.ch"|"jGcghy-EqRPjV-B&JQRX"
"ake.osban@edu.tbz.ch"|"%lVEWF-z#Wzob-hb4ShZ"
"cunegonde.brunn@edu.tbz.ch"|"N4eA@t-Wr#o#M-ukSQCt"
"long.grizard@edu.tbz.ch"|"oHY5q0-VXeb2e-6k8H93"
"meghane.diss@edu.tbz.ch"|"dih@hc-AyEnRz-8liV2#"
"therese.oldman@edu.tbz.ch"|"P3Ii0W-w3&Lhj-HBUtos"
"boerje.scamerdine@edu.tbz.ch"|"&6sL%q-$qI&Ui-QTAFX2"
"du.saban@edu.tbz.ch"|"vKtwdM-dK5dem-hDtoDZ"
"hakan.clynmans@edu.tbz.ch"|"PmSVxw-YC%XLw-8kTh9k"
"wa.macdowal@edu.tbz.ch"|"PqlKK$-Rt@1M$-v7AX3n"
"venus.hatrey@edu.tbz.ch"|"p4QED4-azrVus-EoYfvN"
"anaelle.vispo@edu.tbz.ch"|"XEx1Up-g%Idm7-&crmxa"
"mahelie.ollcott@edu.tbz.ch"|"XdL4rq-z8ZYt3-QakJ9z"
"mediamass.whyman@edu.tbz.ch"|"#yROiH-RgWh@W-DCmAeG"
"esbjoern.basson@edu.tbz.ch"|"V5#T8S-UOoRSz-vcSaDp"
"andrea.morrill@edu.tbz.ch"|"I@Ma2R-oaY6F0-kK$Ysh"
"melys.grassi@edu.tbz.ch"|"By&#Yz-3YwH23-okhzRU"
"leone.poleye@edu.tbz.ch"|"HT4q%h-yHF&AI-uGs00n"
"francoise.penny@edu.tbz.ch"|"qDVEFf-UHGivy-2NWcLZ"
"rebecca.edney@edu.tbz.ch"|"Ml9kiZ-TNh9gc-KezOMR"
"adelaide.murtagh@edu.tbz.ch"|"0NENGG-OMUGQV-tNOdNm"
"stevina.winterbourne@edu.tbz.ch"|"Be9HVW-3Kjimi-h07WDj"
"ma.cottom@edu.tbz.ch"|"v%bmkT-tGxiAl-MBVLAQ"
"tan.harold@edu.tbz.ch"|"zOJDic-#uiuRg-q2&jv1"
"venus.forte@edu.tbz.ch"|"5Fe6aJ-l1twsL-Jnp9RG"
"almerinda.oluney@edu.tbz.ch"|"F@wLnG-&Y@HrC-YD$IP#"
"cleopatre.brehault@edu.tbz.ch"|"BR5LM@-BMYo@y-8vdQz&"
"interessant.lapides@edu.tbz.ch"|"50OZz8-tqRgQL-Hwyaj0"
"reserves.hallatt@edu.tbz.ch"|"XP#JRO-ALS9au-jbmTv%"
"annotes.birdwhistle@edu.tbz.ch"|"OqT2fc-zepEna-vCD@dV"
"ai.dredge@edu.tbz.ch"|"BD9F4d-O5l%hs-KCNTKc"
"megane.mussard@edu.tbz.ch"|"3Gi0S#-gWXlz6-pEQpRV"
"esbjoern.gowrich@edu.tbz.ch"|"QLYAT6-eXs#d8-m&p2pc"
"boerje.brislawn@edu.tbz.ch"|"YcbSsn-u&CK%t-zX9AQc"
"becassine.wilce@edu.tbz.ch"|"rVxVE1-GARMxo-eclq82"
"personnalisee.oels@edu.tbz.ch"|"y7RefR-naa4ZI-FaaFV3"
"verane.pett@edu.tbz.ch"|"vz@kNC-bmXkru-ohsqSu"
"marylene.glewe@edu.tbz.ch"|"2UFv#c-7h$3Rr-c#5SgU"
"lai.elson@edu.tbz.ch"|"N98$dl-vuF9cI-fmCQRv"
"serena.difranceschi@edu.tbz.ch"|"g1p8yq-UxyZ53-N$cT&o"
"lie.espinel@edu.tbz.ch"|"jbrFUO-jAV#Oh-es&tA9"
"marylene.fantini@edu.tbz.ch"|"yFqEJL-V0kxhi-PX1BRk"
"andre.archdeckne@edu.tbz.ch"|"6DHje2-U@e9Z5-YTof6E"
"goeran.bohlingolsen@edu.tbz.ch"|"AqdoNx-3Nesta-4RN%O4"
"cunegonde.heffer@edu.tbz.ch"|"rDOtSW-nZPMl#-wrDkM0"
"tan.fechnie@edu.tbz.ch"|"lNFKhQ-4H4fmN-WB4FUu"
"marie-noel.brammar@edu.tbz.ch"|"qV6GQe-OAxvDD-heCAkn"
"simplifies.aven@edu.tbz.ch"|"4jEowB-to0LBR-P1Fkt9"
"melys.pinchen@edu.tbz.ch"|"yBz58z-Sd9HeM-JPtnLK"
"edmee.joyner@edu.tbz.ch"|"fWZX53-IDdD9p-GdUQ4n"
"berengere.edess@edu.tbz.ch"|"hHnX%U-1M8wpW-m&pDcr"
"marie-noel.goward@edu.tbz.ch"|"JWjI$Y-retjjG-VqnAdE"
"ju.edmons@edu.tbz.ch"|"4oatNM-Pla#yM-OTZV#i"
"frederique.airds@edu.tbz.ch"|"ppuV08-RBLeHm-MAo5dB"
"reserves.dauby@edu.tbz.ch"|"N9#6vq-nUX8dW-DMqtjv"
"hakan.gynni@edu.tbz.ch"|"iRq345-f%dG##-LvxBbd"
"leonore.pinwill@edu.tbz.ch"|"bnM#JL-ElZufa-KGx0Rn"
"marie-eve.mcallan@edu.tbz.ch"|"5FS20l-s1qsKT-Pn8$FS"
"naelle.yeabsley@edu.tbz.ch"|"j12O@b-P62rP#-wX5VdP"
"nelie.jacobovitz@edu.tbz.ch"|"L#G0uk-jNt#B7-%X4u2m"
"adele.conelly@edu.tbz.ch"|"NryUSL-%pOGCe-cFJ5t0"
"clementine.dondon@edu.tbz.ch"|"YiJZXt-Q5a6yK-Fw3N3Y"
"zhi.willcot@edu.tbz.ch"|"SLU9J5-RmWggY-EYh1@d"
"chloe.janicki@edu.tbz.ch"|"9NSstQ-wnCXQW-OBZ14S"
"meng.linde@edu.tbz.ch"|"dMsh#4-vnh1KX-keEsSq"
"celine.janisson@edu.tbz.ch"|"alqhhs-UQshNj-xmqPeq"
"clelia.crow@edu.tbz.ch"|"QSWK9d-SFlE5M-OdjLge"
"cecile.pyott@edu.tbz.ch"|"P0L#aw-vPu$NN-hlmPOg"
"ma.fidelus@edu.tbz.ch"|"iDMbfe-#$$%TT-bYPPr@"
"marie-helene.poore@edu.tbz.ch"|"7Eshpi-66mtub-Rl@VjH"
"elies.blanket@edu.tbz.ch"|"RUtk%T-gegRBw-V1lqEn"
"yu.boyer@edu.tbz.ch"|"LJOxgs-oK7V88-tEJ$@7"
"celia.welds@edu.tbz.ch"|"TnsU9Z-13g#1Q-D@NE0U"
"du.gunney@edu.tbz.ch"|"Yu9yja-eYcIXh-apgrFb"
"goerel.crush@edu.tbz.ch"|"$LeN@K-Zi#sxQ-&NX%HD"
"marie-josee.brosius@edu.tbz.ch"|"YtOr1i-vYOuY@-I%8vw6"
"camelia.adds@edu.tbz.ch"|"ZEvhuE-D3qXK8-u56$qD"
"anae.irwin@edu.tbz.ch"|"uWu6Y4-U1%yMF-NUi@zm"
"cleopatre.skeffington@edu.tbz.ch"|"o9HSx7-ZM3vAj-%%k1O9"
"gerald.suggate@edu.tbz.ch"|"r6Ar3d-5m3kK8-B%OCz3"
"laurene.tailour@edu.tbz.ch"|"R%SlO2-88FE9S-GBiKa%"
"amelie.hoble@edu.tbz.ch"|"GEM&Xn-TaSG17-Vfu@cs"
"venus.getch@edu.tbz.ch"|"gtL3N%-l01UEI-QI#gLq"
"renee.treby@edu.tbz.ch"|"xyTy7M-VKqJHd-fgzkt1"
"almerinda.stait@edu.tbz.ch"|"boYtgk-RhFt2l-8u0Uyz"
"andree.reddecliffe@edu.tbz.ch"|"OzTxM9-Uy#rba-8Z9rj@"
"leone.wintle@edu.tbz.ch"|"Jg6kBt-Agi6SZ-zxoIMW"
"gerald.fellow@edu.tbz.ch"|"uhxk&r-#9fuR6-%NvS2h"
"ju.gudger@edu.tbz.ch"|"@NbWrC-XbHb$p-GSAsai"
"meng.ohaire@edu.tbz.ch"|"98fiuH-eaZIq&-la9r%4"
"cleopatre.missington@edu.tbz.ch"|"VmVM%5-2ZOGoI-tV5lx2"
"annotes.debruyn@edu.tbz.ch"|"8%zp9#-FA@%Xq-bxOrgY"
"gerald.sinisbury@edu.tbz.ch"|"U9AeaS-t#r41g-Q%89mI"
"creez.slora@edu.tbz.ch"|"Jc%IK5-k85mIE-S8Pb#U"
"gisele.benbow@edu.tbz.ch"|"v40$$b-y3LUqx-HDW7Uk"
"pal.dossit@edu.tbz.ch"|"j7XemF-UTzDuN-SmRQuO"
"nelie.stirrip@edu.tbz.ch"|"7A4Wc7-rwtDp9-CLoaRJ"
"alois.ocrigane@edu.tbz.ch"|"qV#%yV-Lbn4Fc-zS$MyV"
"kui.mcterry@edu.tbz.ch"|"AWATsY-vXmzc8-jNqKBX"
"long.willgoss@edu.tbz.ch"|"q3o6Nj-oAnvfJ-lZe4u1"
"francoise.sumpner@edu.tbz.ch"|"QAXz@9-BsVJIM-F%xVTq"
"maely.grinstead@edu.tbz.ch"|"nNEqvP-P113By-JKz2Lr"
"creez.langeren@edu.tbz.ch"|"k%eap8-SOTZ5s-DUU@cP"
"adele.dungate@edu.tbz.ch"|"Yy0cvX-dVRbsO-G26kRv"
"cleopatre.noirel@edu.tbz.ch"|"mrmpQ4-B0sO0G-@3Y%cF"
"interessant.daverin@edu.tbz.ch"|"pQhkL$-Gazf#a-HXVOpj"
"naeva.kalderon@edu.tbz.ch"|"Kz5kwy-mT4Ytg-3fyU6W"
"anais.oshesnan@edu.tbz.ch"|"r%io7@-CE&we$-3lMLeR"
"judicael.anelay@edu.tbz.ch"|"E8jEPd-BUd#nW-p##gQU"
"eloise.braxton@edu.tbz.ch"|"pj3d##-Mbnl2d-lyuGVl"
"desiree.greguol@edu.tbz.ch"|"n#ytI2-o8IuXW-lG@Fa@"
"maite.mcclenaghan@edu.tbz.ch"|"OCmK9q-#3PrnQ-LGUXZA"
"meng.doret@edu.tbz.ch"|"29wEaF-lE6BYo-06LGII"
"frederique.chippendale@edu.tbz.ch"|"7Px#ov-OkI6RS-4qcmCr"
"andreanne.lanney@edu.tbz.ch"|"CTY4L1-aJd7C%-9ZvQnC"
"aurelie.claus@edu.tbz.ch"|"PdXUSk-c8bwTF-5%nWII"
"renee.pabel@edu.tbz.ch"|"yzTewr-8XLOh8-0JaguD"
"maena.roust@edu.tbz.ch"|"Ovpzfv-Zb2xal-Es&bo7"
"nadege.carwithim@edu.tbz.ch"|"v&qO0Y-Wzchj@-##R%aY"
"solene.geyton@edu.tbz.ch"|"epG@mk-EAWeLr-8GaezM"
"dafnee.avraham@edu.tbz.ch"|"xXU70Q-WmNgDL-iderpm"
"leane.woolvin@edu.tbz.ch"|"@%Aw5M-zBEDNm-9o&ZlE"
"adele.macadie@edu.tbz.ch"|"u%nCnJ-QLFhbM-F72Yv5"
"meline.rubica@edu.tbz.ch"|"Wed#H%-5EhuZi-ibTru2"
"marie-noel.speeding@edu.tbz.ch"|"kQKAno-MlyjA@-jcr43K"
"nelie.mix@edu.tbz.ch"|"X#Rl1y-VFBfd3-24yiEY"
"clea.ollett@edu.tbz.ch"|"NJuJwu-&baACM-#ft%bi"
"leandre.mcgavin@edu.tbz.ch"|"yiKiYW-Fy4igI-vx70Zw"
"cecile.behne@edu.tbz.ch"|"94W@W1-3BVZYS-gow5dR"
"melanie.polle@edu.tbz.ch"|"Q&%gOJ-Me3gJi-EGH57G"
"marie-josee.titmuss@edu.tbz.ch"|"o$oBF3-4vEXDR-#lKt1I"
"helena.guest@edu.tbz.ch"|"wDFd7C-eY2lVT-z4ATyz"
"annotes.chicchetto@edu.tbz.ch"|"jKJbMS-04JhmS-InECO7"
"melia.tubb@edu.tbz.ch"|"WO0gZJ-zepR@k-B$6xdx"
"angelique.casetti@edu.tbz.ch"|"CNCadE-8jAow0-4S9gdr"
"cunegonde.cleall@edu.tbz.ch"|"WF5OZs-ZRvEv8-3GynAg"
"camelia.oaker@edu.tbz.ch"|"sOZJlI-Z%MO@q-Gllxio"
"you.searight@edu.tbz.ch"|"BwAviL-ovxZW6-o5njD%"
"kevina.dederick@edu.tbz.ch"|"jUybJh-SoJVD2-w6N2$b"
"milena.jeffrey@edu.tbz.ch"|"0efA32-7UCkf0-F3RP51"
"melodie.barkshire@edu.tbz.ch"|"HQiJW2-5L5f5j-UuhAGW"
"gaelle.kreutzer@edu.tbz.ch"|"R6uIsD-UaOQ1W-qBVVX1"
"kalliste.kleinpeltz@edu.tbz.ch"|"FZgs3j-@LZiTx-asH4rv"
"clementine.danat@edu.tbz.ch"|"yrGlyS-u&oA80-K1%odA"
"andrea.wabb@edu.tbz.ch"|"Hc45BO-tfQ9P2-M2N$Mt"
"geraldine.piesold@edu.tbz.ch"|"g0qHqn-YaeDfU-26ysUO"
"tan.fiveash@edu.tbz.ch"|"q&E3LA-286&hZ-ayWRD5"
"meline.yuranovev@edu.tbz.ch"|"YSkdFj-tp@3ur-QZHIsK"
"therese.holme@edu.tbz.ch"|"ps&B11-dYBqbe-TzTPPh"
"salome.vaney@edu.tbz.ch"|"YzmQiw-3qwhLm-Z22@E@"
"anae.abramson@edu.tbz.ch"|"pt7%Vb-xC826T-I3&HYh"
"kalliste.jimson@edu.tbz.ch"|"xXDi3G-N8xmCi-6plT7G"
"selene.yole@edu.tbz.ch"|"1UvJ3S-c6m$ph-X38dwk"
"agnes.defraine@edu.tbz.ch"|"ezN23t-qkKm1i-3Mu0j7"
"faites.mccluin@edu.tbz.ch"|"sj76Or-pBv8%N-rdFzBw"
"athena.deme@edu.tbz.ch"|"#GwyXU-0fo4eS-6ogyvd"
"daphnee.brigstock@edu.tbz.ch"|"uPTmuc-HPFO%a-utzmkk"
"goesta.skaif@edu.tbz.ch"|"YtUUzp-X#Zp4j-48ey6Z"
"oceane.jagoe@edu.tbz.ch"|"9QOVjF-PkD$c4-bYrjEp"
"annotes.broomhall@edu.tbz.ch"|"zPaem#-qg#k38-1r9@HS"
"marie-eve.ballendine@edu.tbz.ch"|"OJBeCa-TqJdJA-M6hNcx"
"melina.spykings@edu.tbz.ch"|"RxoLUT-AtZ7rX-#2OQjB"
"laurene.ticehurst@edu.tbz.ch"|"QTrI9r-6EEHpu-iWgAW4"
"fei.avramovic@edu.tbz.ch"|"hRUESs-gx&RaQ-onqTF$"
"publicite.strathearn@edu.tbz.ch"|"cY$iK4-fZO&Vu-T@EJKI"
"torbjoern.garrow@edu.tbz.ch"|"7XZwyv-vigobF-uR#Y$9"
"chloe.rubinsztein@edu.tbz.ch"|"dPQMQg-$VJRVP-13LKG6"
"mylene.demanche@edu.tbz.ch"|"Cu&b@#-4Py$1p-gHP6Aj"
"mediamass.godlonton@edu.tbz.ch"|"Df5Qfy-4Od%w#-scm2b&"
"renee.shurrocks@edu.tbz.ch"|"FKxhw#-4miwtJ-%@UaI9"
"maiwenn.jedras@edu.tbz.ch"|"IwGSR%-aNzmgK-mMpql3"
"genevieve.castells@edu.tbz.ch"|"8x%bm%-$K%vkt-$lpnJn"
"renee.sneden@edu.tbz.ch"|"gXlw9j-HI@AEq-BG%yRY"
"lai.mccallion@edu.tbz.ch"|"BAFaQ5-Qpwgkf-pnffLN"
"kevina.impleton@edu.tbz.ch"|"6UqDzK-ABSoXu-l757a5"
"oesten.fresson@edu.tbz.ch"|"h2i$Eo-Ubgha$-Ao@n7D"
"verane.shawley@edu.tbz.ch"|"nii6cm-1UehGz-3BuW#%"
"uo.sjostrom@edu.tbz.ch"|"oL4eI2-ioCk3N-mU6Li5"
"gisele.gothup@edu.tbz.ch"|"hNE$mS-pItya@-tBk2kx"
"renee.beauman@edu.tbz.ch"|"Ee6xo4-RjbPaN-$wPiN4"
"elies.loton@edu.tbz.ch"|"oO4bXF-RLs%ru-ZwKBaA"
"valerie.elsmore@edu.tbz.ch"|"r%NoqW-wEH5Pf-vRKZR0"
"berangere.delafeld@edu.tbz.ch"|"zRSWzO-qRcVhR-oaYEqu"
"bjoern.schimke@edu.tbz.ch"|"1DLxl6-hKcR4G-EMIoOK"
"loic.ericssen@edu.tbz.ch"|"H53G%0-GnGRdM-ffh7UJ"
"creez.richarz@edu.tbz.ch"|"4A1Azd-D5btfF-$@XmPW"
"athena.grocott@edu.tbz.ch"|"glRK9g-5abdGq-uVGgpC"
"naelle.piotr@edu.tbz.ch"|"Kv4itQ-LRVN@j-9x6r60"
"maella.paulson@edu.tbz.ch"|"SQjquz-T$Gj$K-dxS@z5"
"song.perot@edu.tbz.ch"|"WyLgtU-7Hi%2V-3bFzTl"
"kalliste.heckney@edu.tbz.ch"|"9mmAOo-REM@CB-8mt8gO"
"ake.vasyutkin@edu.tbz.ch"|"gJzrjp-r$2c4q-AR1OCw"
"ma.castles@edu.tbz.ch"|"sDQF9A-abhj&g-d%ky5G"
"maely.monget@edu.tbz.ch"|"55GRp#-GeeNSs-GLM1OF"
"tang.durbridge@edu.tbz.ch"|"0@eXji-Lgm0C8-gRLWns"
"laurene.andrew@edu.tbz.ch"|"95DxY&-5wZ&IL-rgZANk"
"lysea.beacon@edu.tbz.ch"|"sX&SUm-rY5j44-zhBf&5"
"leandre.peyntue@edu.tbz.ch"|"4FUaB5-gJV9kd-kfN3&r"
"rao.trever@edu.tbz.ch"|"#pp6E2-@qn5R3-$Sl4xR"
"mahelie.streader@edu.tbz.ch"|"vHidh0-xHaF9a-QjWCCJ"
"maerta.andrejevic@edu.tbz.ch"|"5skh%H-RZU8Fm-#dTns0"
"goesta.tompkins@edu.tbz.ch"|"KGR2Am-dxuEaU-KZPOR$"
"helena.agates@edu.tbz.ch"|"RRv3TI-5Am8WQ-JOHheN"
"therese.glass@edu.tbz.ch"|"C#5IyW-TM%&YW-gSYF51"
"alois.foan@edu.tbz.ch"|"g16IPZ-s#uwhu-ZRlU12"
"becassine.melchior@edu.tbz.ch"|"qSswty-cdYEFa-aI&z17"
"cloe.robart@edu.tbz.ch"|"y#i5xF-9%jTK8-hmM0Qg"
"daniele.puckinghorne@edu.tbz.ch"|"ETS5U%-g9rc#r-vqVrIV"
"selene.cammidge@edu.tbz.ch"|"mIxsbC-A&9ayR-EEyuae"
"regine.conochie@edu.tbz.ch"|"jbHqgr-2LhHXe-V33xpE"
"interessant.tuiller@edu.tbz.ch"|"2NeHFM-9Xydtq-%AwelS"
"long.tiebe@edu.tbz.ch"|"7#DEsd-rwP9at-VB67r#"
"mans.yele@edu.tbz.ch"|"sB25&h-9JDZaC-xduUDr"
"ai.giles@edu.tbz.ch"|"zBQmPa-es9Cu6-mahPBX"
"gaetane.hamberston@edu.tbz.ch"|"AX0t%O-VzchNe-k$fCsu"
"marylene.fenix@edu.tbz.ch"|"3bWsm3-b3@Owh-2Wve98"
"geraldine.graeme@edu.tbz.ch"|"AjzPoS-m3$uWF-i0W1Qe"
"tang.kinglake@edu.tbz.ch"|"SPQ2Y5-jJN&@z-uI&&n@"
"lai.challoner@edu.tbz.ch"|"E0a$5m-N1xcYR-bn&O3g"
"desiree.mattei@edu.tbz.ch"|"yA5H&U-Ob667s-DG%zVm"
"ake.erley@edu.tbz.ch"|"jOJF6T-t18yoY-4vsKFL"
"edmee.cavil@edu.tbz.ch"|"n#IXsi-UUEWy$-Jjn9MX"
"alois.moyes@edu.tbz.ch"|"%EfkgG-eNTsXd-n5Yz14"
"becassine.pitman@edu.tbz.ch"|"#kzE%5-OHs9cP-ixSn@L"
"ai.giacovelli@edu.tbz.ch"|"cnJM3d-10iZHh-7gKhjo"
"judicael.fruchter@edu.tbz.ch"|"q&%q$u-hunqj&-tIAXs#"
"mans.mogg@edu.tbz.ch"|"QmK$1C-9flt0z-hHCd@s"
"gerald.foyle@edu.tbz.ch"|"A0xW7s-kHrSVV-hy6w6I"
"wa.androletti@edu.tbz.ch"|"sc4Krb-GK12Jz-NHVUAL"
"meng.ollett@edu.tbz.ch"|"f9buZF-c8TIgG-Hx#UcR"
"naelle.macmenamy@edu.tbz.ch"|"NiZTZZ-p#Z7im-fcqsJY"
"gisele.mcramsey@edu.tbz.ch"|"31rFdt-7hwUKx-bivPas"
"meryl.scolts@edu.tbz.ch"|"XIz8N&-BaI5fj-AOlBK3"
"celia.bloxsome@edu.tbz.ch"|"lBYFVR-sA$89o-nurSYZ"
"styrbjoern.stuke@edu.tbz.ch"|"GBXOnu-r0#9O@-MnBusG"
"felicie.gwilliam@edu.tbz.ch"|"Ehj0P7-JOuuFH-pHkEU7"
"da.harms@edu.tbz.ch"|"byIrp&-rxXRb3-GfTvQZ"
"celestine.baulk@edu.tbz.ch"|"CPF721-%RZ&X%-BBwMy0"
"mahelie.blackledge@edu.tbz.ch"|"GCICx1-mV59hi-WW&8ZS"
"meghane.salt@edu.tbz.ch"|"oV%bE6-HUNET1-NLgyba"
"methode.paxeford@edu.tbz.ch"|"#womDr-TJC0n&-vjVYP@"
"asloeg.milligan@edu.tbz.ch"|"zRSxyL-$5GWlN-N6w4&X"
"you.pellman@edu.tbz.ch"|"6AO65O-2vTrLZ-LavgIE"
"loic.regenhardt@edu.tbz.ch"|"S5OzTy-6hz3ii-KbghBP"
"daniele.savill@edu.tbz.ch"|"%MJZhD-W&%j2I-lFzmI@"
"alois.cornu@edu.tbz.ch"|"bTuqcO-&qJU7P-#@nLbi"
"oesten.govey@edu.tbz.ch"|"YjNfm5-MgYuvQ-Vs7P@v"
"marie-eve.louch@edu.tbz.ch"|"SFEmB&-N1%GOb-8xr071"
"theresa.wenn@edu.tbz.ch"|"MaVoGZ-WHXNCs-c9XFUG"
"andree.eul@edu.tbz.ch"|"$dq$ZK-#exNFt-t0NCRt"
"lie.paynton@edu.tbz.ch"|"Br5U8k-@8sVR7-bWKa&j"
"marie-eve.girodier@edu.tbz.ch"|"AdLAuY-25mXH3-YKGL5v"
"marie-noel.smithe@edu.tbz.ch"|"KoHwKS-fAb2bN-mcf1TN"
"men.bootyman@edu.tbz.ch"|"2bSbHO-kRY9BL-$njsfd"
"ku.sugg@edu.tbz.ch"|"77uL0%-xFDbjX-NFXL5M"
"lucrece.roseman@edu.tbz.ch"|"wMEkJ1-F2LGlv-A&iYzs"
"zoe.annear@edu.tbz.ch"|"1SkIpd-3tqCQl-%QPf#l"
"marie-helene.rennebach@edu.tbz.ch"|"EQfSt&-%a5$EA-tv&09R"
"lea.djurdjevic@edu.tbz.ch"|"GgsAGW-dYfXB2-&2Yz7$"
"goerel.robert@edu.tbz.ch"|"KWjdDt-YIV2TP-l106EK"
"mylene.foldes@edu.tbz.ch"|"RZzVGD-Axc0@0-GGHEPC"
"faites.clegg@edu.tbz.ch"|"wPZpQL-y$QMaz-v7l$G2"
"marylene.crowcher@edu.tbz.ch"|"5D0gVa-YXtDnL-NJD%NM"
"aimee.wimpeney@edu.tbz.ch"|"@vTq%o-IYQBYs-LKpPGl"
"renee.atkins@edu.tbz.ch"|"TkyCT7-rTFN4$-9OKG#s"
"rejane.cainey@edu.tbz.ch"|"PenW7G-w18W@2-#%44Vp"
"solene.britney@edu.tbz.ch"|"QW&ZE1-KUtFt&-Zv7pMn"
"marten.shatliffe@edu.tbz.ch"|"YLscmZ-v6wJNM-w4DmIz"
"maite.issatt@edu.tbz.ch"|"MIQn4$-TDo@HW-b1VXRK"
"maelyss.edon@edu.tbz.ch"|"6F0mkR-mRiVEa-rOKE%Z"
"nuo.bamling@edu.tbz.ch"|"GaF$iy-e4ljiZ-th6%jK"
"anais.edards@edu.tbz.ch"|"SR$OKo-pp$&Bo-FIMF$&"
"mediamass.bromet@edu.tbz.ch"|"C#%fld-pUV7cN-Z3wfRl"
"beatrice.kimbrey@edu.tbz.ch"|"Ytjj$2-T%%cdg-dI5oYN"
"ines.lawranson@edu.tbz.ch"|"0tNiM4-fspr8x-0DRrlr"
"kalliste.scandroot@edu.tbz.ch"|"XQu9e1-rsFHn&-4#RwLd"
"mans.barrowcliffe@edu.tbz.ch"|"ApS&4M-&qWW#0-sT%HkP"
"irene.couves@edu.tbz.ch"|"F@T@7z-fHZpP0-FNu4#5"
"milena.mucci@edu.tbz.ch"|"bxammj-ZZgMcg-SDCI1e"
"naeva.cow@edu.tbz.ch"|"c9C&yb-8D2N4t-Pz@U7n"
"audreanne.mournian@edu.tbz.ch"|"7jt@45-5Q626s-dxyDbd"
"melia.sinnatt@edu.tbz.ch"|"fS%f$@-eO&Cwq-oBjRmD"
"nelie.burnard@edu.tbz.ch"|"ksYGbI-L#dg@P-8cUegC"
"clelia.ashfull@edu.tbz.ch"|"qYk7qC-X$GN2H-wxvlg2"
"lie.macard@edu.tbz.ch"|"qfrzvb-qDbRny-faBVsY"
"valerie.matoshin@edu.tbz.ch"|"Eb#VJI-o4oNtr-P99@Ia"
"anael.hatherleigh@edu.tbz.ch"|"Y9aisZ-yG#mLV-sf#aXE"
"interessant.warratt@edu.tbz.ch"|"%Io4f$-lKMWO4-JVHZE0"
"eleonore.volage@edu.tbz.ch"|"EKmRVm-z7x8bG-oRMq8I"
"zoe.stebbing@edu.tbz.ch"|"zf4&UY-jHeLMe-4%3mGB"
"alizee.nye@edu.tbz.ch"|"q3oA2h-T@xpSc-7s&&jm"
"celestine.bramley@edu.tbz.ch"|"Jp4H1x-i7cNQb-beZT8a"
"selene.philcott@edu.tbz.ch"|"Q$AVjf-2YI5jZ-NsqAYh"
"tang.newens@edu.tbz.ch"|"fQeD0m-e5&jQ#-v@VlSl"
"annotes.powys@edu.tbz.ch"|"w#%FJ2-1Hjtk5-9zYLzw"
"lea.matthesius@edu.tbz.ch"|"xh&5$l-1JJh6d-c7Mw61"
"illustree.garlett@edu.tbz.ch"|"tHbeo7-ztZT#C-1B8BtN"
"maiwenn.meachem@edu.tbz.ch"|"W%nu5@-3tNNIX-ejQKu$"
"marie-francoise.mcbrady@edu.tbz.ch"|"WD6ujP-eDhth#-ER8sc&"
"illustree.gimbart@edu.tbz.ch"|"EV#xzO-6XvZb5-gtR0vg"
"melys.lyosik@edu.tbz.ch"|"jC3nfu-u0Au1E-wPdsfY"
"marylene.mcnab@edu.tbz.ch"|"2xlTxY-IJTI3A-MnTcyU"
"gerald.blount@edu.tbz.ch"|"Z3w%fJ-yr04iV-Qsw2B$"
"clelia.shakelade@edu.tbz.ch"|"WVEugF-@uYmqe-7E1bFG"
"penelope.cridlin@edu.tbz.ch"|"yO9GEB-3&A2N0-P#YR7C"
"maena.okuddyhy@edu.tbz.ch"|"e#uVQb-XO$u1b-PP2FGi"
"athena.keynd@edu.tbz.ch"|"6#l9UN-t&ThO&-jHym2y"
"cloe.dwine@edu.tbz.ch"|"FikgM5-FioaCH-BqgmLH"
"josephine.browett@edu.tbz.ch"|"Quybk5-KLeTCC-2RvcEp"
"audreanne.oscanlon@edu.tbz.ch"|"8a%d@B-h0EK#k-M&ix7y"
"fei.jeanequin@edu.tbz.ch"|"Y9GJo$-7ueVly-JFNYUY"
"lois.gormally@edu.tbz.ch"|"ZNHS1E-hcoMAv-sakY3N"
"marie-francoise.finnigan@edu.tbz.ch"|"yo@i69-tNpTD%-W8bo4I"
"leonore.trussman@edu.tbz.ch"|"zwgt@$-MSR5yK-1ST%tH"
"anaelle.trumper@edu.tbz.ch"|"lXIAWY-OJgn$z-Lt0d&v"
"clemence.dionis@edu.tbz.ch"|"XjkrHb-4kp%fx-evyhj$"
"lois.tranmer@edu.tbz.ch"|"6eLnqz-jb35ka-kSXZ@v"
"interessant.volett@edu.tbz.ch"|"uSLHfE-DRp3Ct-%i#MZw"
"personnalisee.deackes@edu.tbz.ch"|"k2G0#r-DHAUhx-uC%uhr"
"lie.vasiliu@edu.tbz.ch"|"L6dmo$-Aokg5e-rNTcuJ"
"dafnee.lamputt@edu.tbz.ch"|"6$KMHE-xC@Erb-qE@URN"
"elies.bromige@edu.tbz.ch"|"XbWGvi-ifU8gx-86fOKo"
"helena.klosser@edu.tbz.ch"|"JIyi5b-iWH0Qb-a1DnXL"
"andree.grim@edu.tbz.ch"|"VfkZ&t-TVvZgl-USFyg3"
"verane.coldbath@edu.tbz.ch"|"Qk5Ioi-YuPFYK-CcIpes"
"helena.bethell@edu.tbz.ch"|"x8qZN2-eJVxfg-yZiI$#"
"kalliste.carefull@edu.tbz.ch"|"$3Vzd4-K9aYwx-AoOl5L"
"regine.odams@edu.tbz.ch"|"N@8FjT-Lk5r3k-ABO64v"
"len.stannus@edu.tbz.ch"|"sz%ilU-SV7cUD-IuVT@w"
"angelique.works@edu.tbz.ch"|"EHsrUw-QG5QCi-jVR#UU"
"goesta.rheaume@edu.tbz.ch"|"JzWIpI-X$6o@%-zx@Krm"
"maelys.tynnan@edu.tbz.ch"|"hoxfN1-jvKwW%-B9qbd4"
"maelle.carlesi@edu.tbz.ch"|"w0kXG3-pboHQH-gPPoQC"
"anael.spurden@edu.tbz.ch"|"8UF@5q-9tBLer-CWF#ub"
"helene.pumfrett@edu.tbz.ch"|"NAKBZY-F&P5hZ-yKWBES"
"goerel.pearn@edu.tbz.ch"|"23I7cp-OdQhco-S0O3#X"
"laurelie.dezamora@edu.tbz.ch"|"Ue349q-lhV$Ao-cdV8JB"
"yao.twidale@edu.tbz.ch"|"QXzr5o-wrvt4i-@GaRUd"
"berengere.sola@edu.tbz.ch"|"fnfe6o-i9#&#@-u39zFK"
"maelann.hardistry@edu.tbz.ch"|"gHocAl-HoJ#ca-4M99W2"
"severine.littlefield@edu.tbz.ch"|"wbjA5j-Bghoe4-OyN2hz"
"salome.heinl@edu.tbz.ch"|"E@sObP-tMRJOd-n24KTA"
"meryl.warbey@edu.tbz.ch"|"px#ieJ-20Pmmj-nCVGkH"
"da.hunstone@edu.tbz.ch"|"1RK@A$-OxP8Fx-X2Ff8h"
"venus.broadbury@edu.tbz.ch"|"1IYJ#L-dEV&pG-mQuV@C"
"meghane.rentelll@edu.tbz.ch"|"7KMKzw-x3UA7p-pGMhyH"
"marylene.drewitt@edu.tbz.ch"|"qnPBG$-&iFyd8-HaCNvJ"
"melinda.jacquemet@edu.tbz.ch"|"BCpaFg-6QPQvP-01ozAT"
"marie-josee.keyden@edu.tbz.ch"|"mGheaM-wR#JtK-vaknJn"
"asloeg.montacute@edu.tbz.ch"|"ZPg1Xz-l%qi95-9xOMBm"
"ku.andreou@edu.tbz.ch"|"Slk$1N-s$d&c%-6jyJUu"
"personnalisee.feaveer@edu.tbz.ch"|"VIABlv-C7%pCU-4438CF"
"laila.emptage@edu.tbz.ch"|"v183RM-yQuR5@-AE$Kkq"
"bjoern.dawdry@edu.tbz.ch"|"g%mQfq-SBSTlh-%14@zd"
"marie-eve.dinsell@edu.tbz.ch"|"@8BZ3E-5kP5PZ-erH8a%"
"helene.follett@edu.tbz.ch"|"LjZZLo-fB2eL3-9S@VH%"
"penelope.cordero@edu.tbz.ch"|"WbE3tK-PRg%Pn-P6ljCQ"
"boerje.beedell@edu.tbz.ch"|"&mjKhM-uBu1Xf-ip@@TL"
"nelie.ferne@edu.tbz.ch"|"4PgX#T-VFZ3ho-72lTz0"
"celine.ahmed@edu.tbz.ch"|"21SUWJ-M#R66m-HlZYPV"
"stevina.pimblett@edu.tbz.ch"|"ba@Q2&-2RM&uj-MYFX5E"
"chloe.langlands@edu.tbz.ch"|"#MijZK-7A@NQO-NzWorq"
"simplifies.maude@edu.tbz.ch"|"YW5w1J-4a4$Xk-rEIUls"
"genevieve.decarteret@edu.tbz.ch"|"wG$asw-L8&AyF-0#4B#B"
"marylene.mughal@edu.tbz.ch"|"y8rDty-6YGfe6-rLNaTM"
"goeran.guttridge@edu.tbz.ch"|"ZSOTNj-BPN1n7-Bo6gAN"
"michele.smurfitt@edu.tbz.ch"|"BDNa%L-imarsl-wI@GYg"
"methode.hadeke@edu.tbz.ch"|"z00j3q-3k56FL-9eiyqg"
"therese.rispine@edu.tbz.ch"|"%bSGxc-070EoX-IxPlCG"
"goerel.plumley@edu.tbz.ch"|"8@jEg&-2D1vtm-$wb#uC"
"oceane.friett@edu.tbz.ch"|"GBrJ9&-L4AzUq-G&yd#0"
"marie-noel.achromov@edu.tbz.ch"|"sYdT#F-qaIgZ5-KQo4pZ"
"dorothee.storek@edu.tbz.ch"|"iVBBBM-bvnNGR-A6C098"
"goesta.whittle@edu.tbz.ch"|"ILX4jT-&0PT7f-WEgnUr"
"desiree.casely@edu.tbz.ch"|"IQOLqy-4JfROr-LDkdZG"
"felicie.condon@edu.tbz.ch"|"jL@BjN-VpLXj$-zgb8ql"
"maelyss.frisdick@edu.tbz.ch"|"#igW1r-cG@vo&-@1JkHU"
"aimee.banke@edu.tbz.ch"|"VZ1hvM-%7i@gz-nE#9EI"
"naeva.hodcroft@edu.tbz.ch"|"rhK8S2-3AeflH-3slkLX"
"laila.gerrans@edu.tbz.ch"|"ioC36i-AE&WZ1-k32#Ds"
"daniele.scrimshire@edu.tbz.ch"|"ppcwlc-@KTOGc-IwVW3z"
"daphnee.sheerin@edu.tbz.ch"|"ycQYGy-Wnxaoh-jYrNkG"
"pal.vanyukov@edu.tbz.ch"|"cIM2lN-rvvQ6f-L#wliI"
"zoe.childs@edu.tbz.ch"|"giK&Y0-Xz&k01-Ah05@N"
"ai.corde@edu.tbz.ch"|"gGZ&#v-cD5c6f-R6C0Yk"
"maelys.berryann@edu.tbz.ch"|"sMB1S4-gQJ$kb-RSflpO"
"cloe.gladding@edu.tbz.ch"|"%EqAb1-gftd$P-1Rm7@9"
"wa.kinnaird@edu.tbz.ch"|"pe6x@2-FbUxo3-9rLXo7"
"publicite.brittoner@edu.tbz.ch"|"zuZkGl-qLd@IU-pBRX0$"
"rao.windress@edu.tbz.ch"|"0gqNdn-cLWKsB-u%nQ0b"
"uo.kollach@edu.tbz.ch"|"G%jbAO-pn$g$e-zOWBcG"
"josee.peskett@edu.tbz.ch"|"CHtXwh-t&zJDQ-@yCLB1"
"annotee.hasel@edu.tbz.ch"|"sbnuBg-6XF3Zj-J4jXkB"
"cinema.lee@edu.tbz.ch"|"DyXn6p-po2CH3-uh98xR"
"lai.vedeshkin@edu.tbz.ch"|"0N4fpf-lgPKte-uSCitH"
"renee.brisbane@edu.tbz.ch"|"$yWMkB-RHhkxr-6PCK0D"
"ophelie.blincoe@edu.tbz.ch"|"lCilex-%$eLXJ-l9%3ol"
"zhi.prazor@edu.tbz.ch"|"wbpV8D-SD#5nb-u6RZ2x"
"annotee.maddicks@edu.tbz.ch"|"j7tNVP-flQUJ3-Qg6JI%"
"maelyss.codd@edu.tbz.ch"|"ZqImNM-RT2A8c-NgB$o3"
"celia.peplay@edu.tbz.ch"|"ilpHHe-L7GU9N-Nai42B"
"interessant.skone@edu.tbz.ch"|"$SBAyf-WOXa9S-Q#5xE3"
"audreanne.hebdon@edu.tbz.ch"|"UBe1Hj-%@YbVV-Zz91vg"
"oceane.glen@edu.tbz.ch"|"DS4w@X-0O1bBc-1cLP61"
"daniele.vanyushkin@edu.tbz.ch"|"vWQ8qQ-m#O%No-uX6fiX"
"daphnee.ayce@edu.tbz.ch"|"77CqkN-vBnB9r-XBwNbz"
"andrea.attride@edu.tbz.ch"|"gYfX1l-keC4uT-Ixacko"
"penelope.bridgwood@edu.tbz.ch"|"Vh6OvN-ASXRkN-&G7kwd"
"mailis.drewitt@edu.tbz.ch"|"53A%HX-EAL9Uq-4sY74z"
"penelope.mollene@edu.tbz.ch"|"5ScMO4-hPfiDC-@xdhL7"
"illustree.keely@edu.tbz.ch"|"p&RURE-IXlgPA-7yRVSr"
"meng.brisseau@edu.tbz.ch"|"T2m9pr-swffN0-ecDwoO"
"ruo.cleiment@edu.tbz.ch"|"K#Bbz@-AS@ssH-@ecsx2"
"maite.krammer@edu.tbz.ch"|"Njksv1-#ZGJfo-%8kWwQ"
"genevieve.verry@edu.tbz.ch"|"Zqd85W-YZ4Dhc-62J0J3"
"lea.olochan@edu.tbz.ch"|"s$aI9n-WDBqUw-iPMsgl"
"naelle.brunnen@edu.tbz.ch"|"b%r$qZ-8s1OHM-SK$6tl"
"goesta.bragginton@edu.tbz.ch"|"k5gqIb-zd%&eE-LzcTVX"
"fei.danilyuk@edu.tbz.ch"|"3XdMgH-$OYE6C-1eE8i%"
"adelie.turbitt@edu.tbz.ch"|"MES86e-wZi8UY-ArbpDO"
"marylene.nutman@edu.tbz.ch"|"MaWQmb-dMwt7V-Jrmto0"
"therese.barbrick@edu.tbz.ch"|"9OYbe1-9eUQHa-TJMfy0"
"melys.kolodziej@edu.tbz.ch"|"KtMwO#-ef34Iy-jfuCEJ"
"melanie.runchman@edu.tbz.ch"|"2&&5l0-E5hC$n-TKSh8V"
"serena.lafond@edu.tbz.ch"|"Rn5h6q-CjbGMw-mta$MX"
"pelagie.desmond@edu.tbz.ch"|"Z%19%o-Nh@9Wl-tJV6Bm"
"wa.spickett@edu.tbz.ch"|"mkl%gf-Jln&CJ-uc7Z9i"
"po.shave@edu.tbz.ch"|"S9pX99-AuDJGj-X613cA"
"song.huikerby@edu.tbz.ch"|"E8gTaS-XKFMWp-Qn0F%M"
"melinda.bimson@edu.tbz.ch"|"xOcV@5-hJnVQ0-BNxQM%"
"personnalisee.toffanelli@edu.tbz.ch"|"kgSyAa-je84y0-VXnieF"
"leandre.hurn@edu.tbz.ch"|"ag9xGp-FkE0lV-VQzGYR"
"oesten.standell@edu.tbz.ch"|"3l7cpq-Fc5HDS-x83PkH"
"naelle.smaleman@edu.tbz.ch"|"6sGZtt-1lkoU1-7#oqOT"
"berenice.tayt@edu.tbz.ch"|"5LCUr0-1h0KYV-vRIrl%"
"kui.popplewell@edu.tbz.ch"|"Qx0TqZ-Jbt1V0-xjClNB"
"melodie.ferandez@edu.tbz.ch"|"JtJTrJ-QswuYI-IylWOA"
"josee.negal@edu.tbz.ch"|"Oz5guZ-%hcZEe-XY%bEL"
"melissandre.ferrelli@edu.tbz.ch"|"DsNWK6-4pqYSf-HCg2Rr"
"josephine.kemmer@edu.tbz.ch"|"ZcKlYD-b$VScV-NCq4sQ"
"maely.cayette@edu.tbz.ch"|"mYS98I-RGqk6r-$bkPPv"
"nelie.vela@edu.tbz.ch"|"7Mv5Dn-6fDagC-V5ye@7"
"melina.cortes@edu.tbz.ch"|"UPMo7P-CRDQTi-$Y0Mh#"
"megane.leyshon@edu.tbz.ch"|"LGfOSE-tDnbYo-N$wRdo"
"regine.harrie@edu.tbz.ch"|"kRJfWR-EQjD5T-Pr@fX%"
"mylene.widdison@edu.tbz.ch"|"hR4b&6-8X1kPP-%8MsjZ"
"pelagie.vivash@edu.tbz.ch"|"Y1mvrS-EpfQAu-htWEnv"
"styrbjoern.vicarey@edu.tbz.ch"|"%qP5i9-Mpov$l-NlR54A"
"long.kyles@edu.tbz.ch"|"58RaUA-2Tq#Ft-354Oe8"
"stephanie.gipps@edu.tbz.ch"|"D#5YiU-nsM%yT-Xpxra#"
"clea.constantine@edu.tbz.ch"|"UIu5Ck-d0vPJu-Ek5#Me"
"maella.cometto@edu.tbz.ch"|"BYAJVe-7f#X66-xSJKHh"
"laila.aubrun@edu.tbz.ch"|"xVl$tI-tpMWrO-x1##7O"
"yao.austins@edu.tbz.ch"|"dAZn$J-MtSCN&-rDGfA2"
"mailys.rylstone@edu.tbz.ch"|"TmDSZs-$Rk$&J-BitJXY"
"adelie.curuclis@edu.tbz.ch"|"I&hcov-mWi27J-D6hgGp"
"celine.longhurst@edu.tbz.ch"|"haWrez-&TTvZ0-6qCh8m"
"gisele.hazell@edu.tbz.ch"|"hGu@Zg-z&ZRnL-irwNlA"
"celestine.ciccone@edu.tbz.ch"|"Q8P0jz-xQSx%1-8yjsRo"
"maelyss.doole@edu.tbz.ch"|"zinRXy-ztAV#5-NBbZYK"
"helene.grimsdike@edu.tbz.ch"|"@ybFqw-LDPL6#-A&BEqz"
"lie.macer@edu.tbz.ch"|"W$WUB@-38H#hE-fdtsP%"
"maely.izard@edu.tbz.ch"|"ztplG8-#eZdxm-cP9ajf"
"erwei.breewood@edu.tbz.ch"|"gK@Wpj-mWNHfU-gqjOKm"
"chloe.woolford@edu.tbz.ch"|"oJSB@x-atmt6T-3I#uY6"
"cleopatre.turpin@edu.tbz.ch"|"Vq2IXF-gtX$Aa-@thNJt"
"melodie.surgison@edu.tbz.ch"|"httfQC-q1Z3A6-7s1xiJ"
"elies.leander@edu.tbz.ch"|"GnJM$m-niS@QY-j3#NJz"
"mediamass.reignould@edu.tbz.ch"|"Mi6GSY-BpqW$i-0AhkMp"
"celestine.wasmuth@edu.tbz.ch"|"nE$Ej0-solJ$O-Uq1tss"
"marten.jervis@edu.tbz.ch"|"CBZwdn-BYI#5G-Gb&J8e"
"daphnee.bour@edu.tbz.ch"|"8Z$FpH-hwinT2-pg$Bz9"
"regine.harlett@edu.tbz.ch"|"9Y9E%E-RY%oIL-hcqRUY"
"noemie.macaskie@edu.tbz.ch"|"7Xuk$v-4HvU1v-hcnK&T"
"loic.renfield@edu.tbz.ch"|"9hEarK-MEFMBn-6F$Yrh"
"venus.kleinert@edu.tbz.ch"|"rT65YY-KVEL25-1u95dy"
"marten.burlay@edu.tbz.ch"|"UVLtR7-1TciIU-vn@kdj"
"berengere.radsdale@edu.tbz.ch"|"pNReHZ-3pFJ8r-zyojs&"
"genevieve.duckit@edu.tbz.ch"|"YBwqvy-2oG2Kj-9v%sxY"
"maely.ligerton@edu.tbz.ch"|"VK#80j-5bd81T-S8d8b0"
"maeline.ricciardelli@edu.tbz.ch"|"TiLp8f-ZSTBJG-qAbB7#"
"personnalisee.yggo@edu.tbz.ch"|"Ral%Oq-%aZm3A-6TX5mr"
"alizee.pettinger@edu.tbz.ch"|"M8h%jS-CF4fUX-d#V$82"
"desiree.curnnokk@edu.tbz.ch"|"Zz%NBV-WSOpwF-Ec&y@x"
"dorothee.minors@edu.tbz.ch"|"BaVUFx-x5mbLd-zScl77"
"oceanne.kopmann@edu.tbz.ch"|"6UlG9e-vm6OcZ-DHXJWn"
"almerinda.brodbin@edu.tbz.ch"|"WPt#81-YPdHLa-r2U@rY"
"yenora.carsberg@edu.tbz.ch"|"UT1YaX-&jmdLm-2hFXDM"
"wa.beetles@edu.tbz.ch"|"J4sjwx-R%ARBR-zxoN5F"
"audreanne.abbot@edu.tbz.ch"|"98cElS-XOMND8-0PJ8Qv"
"noemie.capper@edu.tbz.ch"|"46TZ1B-#2w8&o-iOh%u&"
"mans.abramamov@edu.tbz.ch"|"N%ozDj-QdSX3N-2#kZ3%"
"audreanne.blakey@edu.tbz.ch"|"7t5ahK-#YViYD-5iT20W"
"leone.klimpke@edu.tbz.ch"|"hvAmuk-gILUWZ-siwkkI"
"lie.croston@edu.tbz.ch"|"3XOIuH-y5WaDr-$yUEkP"
"anaelle.baistow@edu.tbz.ch"|"ILcu4d-Aiasn#-KhdIpS"
"michele.garwood@edu.tbz.ch"|"i@5aLF-O0U87i-MRRtw$"
"interessant.albion@edu.tbz.ch"|"q&JFHz-fJJXEO-iJ8PTU"
"andre.brisco@edu.tbz.ch"|"H5mwVa-%UsEz4-A1AmQx"
"tang.totterdill@edu.tbz.ch"|"aTzaW3-IUEz9v-v%ZT$P"
"marie-josee.braundt@edu.tbz.ch"|"27SA2Y-1@jiAh-SbYgRA"
"lois.galer@edu.tbz.ch"|"i6n7E%-6qv$l%-ds$HvN"
"faites.pellamonuten@edu.tbz.ch"|"VxtVhr-UsFf$2-DSQzvj"
"mai.barfford@edu.tbz.ch"|"Ycn3sd-Y#g#BZ-F6P9TJ"
"laurene.macilory@edu.tbz.ch"|"qRKZB4-hje3Lj-koWxZv"
"elea.peak@edu.tbz.ch"|"9AQk99-FsgcDl-NFLDyh"
"rejane.doni@edu.tbz.ch"|"r&bDy0-NpYTL&-T&VS3S"
"mahelie.ector@edu.tbz.ch"|"1$a5ji-yXiCC6-ebQLpq"
"rachele.allum@edu.tbz.ch"|"XJ4eZ1-fF%tdx-YM7jmO"
"laila.gerretsen@edu.tbz.ch"|"TkPccf-$7Bn5L-RCEF75"
"ines.bowman@edu.tbz.ch"|"rYgwH&-1g5AAK-yNLmv2"
"publicite.barbary@edu.tbz.ch"|"Eo8&@I-6gkJ7k-GYZhS$"
"mailys.smooth@edu.tbz.ch"|"fk9Fci-nCBzN5-Q%wbzB"
"mailis.huguenet@edu.tbz.ch"|"jKjxxA-QDCkAa-6G266F"
"lea.ewer@edu.tbz.ch"|"Js1ikE-5DoZQ$-wh4@uf"
