"email"|"password"
"melodie.vandervlies@edu.tbz.ch"|"xp@Sz5-eM%Wq4-L$MKsF"
"angele.edgecumbe@edu.tbz.ch"|"lyz18B-7%ARED-ZWqWkG"
"zhi.andreasson@edu.tbz.ch"|"1uluat-RVydHd-my2c5S"
"judicael.koppeck@edu.tbz.ch"|"znn0ts-Fs3KwM-MYoxH9"
"berengere.capron@edu.tbz.ch"|"d8HqKy-Ces6B%-XvCSmx"
"leonie.brosini@edu.tbz.ch"|"n8uq7J-xe60pq-Hx7Efo"
"venus.garfit@edu.tbz.ch"|"wySm6h-mVlEeo-PlSAh8"
"melina.janota@edu.tbz.ch"|"#ZT%4U-2y&YSN-lhRF4h"
"laurene.bake@edu.tbz.ch"|"%lBBxh-G98&&D-i5ya7@"
"regine.dorkins@edu.tbz.ch"|"%%&LjY-S3vWLX-B69QfC"
"cecile.moffet@edu.tbz.ch"|"IbD@Ni-CAdGhE-yDTkiZ"
"maelann.labrone@edu.tbz.ch"|"D%0d7g-qk0IiP-CpdyL5"
"melinda.newbold@edu.tbz.ch"|"CGjE9%-uoOBUm-GaVRrL"
"mans.itzhak@edu.tbz.ch"|"2SogUk-7yOpEd-xAF&mU"
"melodie.pattlel@edu.tbz.ch"|"C2AMb@-owqgds-C1LcE#"
"celine.bonett@edu.tbz.ch"|"Jy#V$I-Cte8wV-YJ5kv0"
"adelie.mcgreal@edu.tbz.ch"|"CXOchp-5DQO%D-JveINO"
"helene.soldan@edu.tbz.ch"|"BUVQ37-#C8KKq-PL1Evz"
"michele.cluer@edu.tbz.ch"|"pGM%#y-CQhR@b-RNRcta"
"maeline.mueller@edu.tbz.ch"|"YaS#H9-L6Ogv2-ynYHpc"
"maelann.benedito@edu.tbz.ch"|"tduo5F-ir3ti#-G5Pyz3"
"nuo.gransden@edu.tbz.ch"|"ZfeBLL-Crt6zr-UwPJ3Y"
"berengere.stainton@edu.tbz.ch"|"UDFZvO-l#f#el-DcI9%W"
"wa.sabater@edu.tbz.ch"|"xLOeqT-dPr6IQ-xfYnea"
"anais.cochran@edu.tbz.ch"|"MzEvAU-2xBJBX-8z2ev&"
"gerald.bessant@edu.tbz.ch"|"ywA5pL-P1729k-LGvOrN"
"ruo.coffin@edu.tbz.ch"|"%$HamM-tePBZg-%DbArK"
"melodie.mustill@edu.tbz.ch"|"JgA$xn-cauxRM-a0Z7jv"
"ruo.stanesby@edu.tbz.ch"|"$A7wW0-8Fg50T-Cc#n4N"
"noemie.antognelli@edu.tbz.ch"|"nJ2eYW-VV9onV-gnIYOR"
"maelann.hughson@edu.tbz.ch"|"#sRLNx-9D5New-xU@vK3"
"milena.mieville@edu.tbz.ch"|"#HeVya-vUmTeX-Gyfgx8"
"mailys.chamberlin@edu.tbz.ch"|"Ru03RF-S9dARt-kqMU1M"
"nadege.tomalin@edu.tbz.ch"|"z2p5v0-IP0mX0-dLDqj4"
"oceane.omara@edu.tbz.ch"|"bAhRZ3-BCOeA2-zZjm7I"
"cecile.aguirrezabala@edu.tbz.ch"|"zVZnEM-8@ol1v-ojbtl$"
"maella.gwillim@edu.tbz.ch"|"ZkLgO0-nvq$5a-JAg4#6"
"lea.mcgahey@edu.tbz.ch"|"gFYYZR-i&6vMS-9XxXjb"
"laurene.hagerty@edu.tbz.ch"|"G6%AW5-TCoqft-64FVnq"
"dorothee.link@edu.tbz.ch"|"sMB9$w-UZ#0Q7-NIvuPI"
"clementine.kynsey@edu.tbz.ch"|"UyS#96-6IoZDp-r3XWuY"
"lorene.smitherman@edu.tbz.ch"|"o67zgy-Y1fQhz-idPVuh"
"cleopatre.klulicek@edu.tbz.ch"|"wKcqE0-2tJbVg-#fFwJF"
"laurene.castaneda@edu.tbz.ch"|"3i@UXS-arZeNZ-8B5AsL"
"melia.constant@edu.tbz.ch"|"Oa@qkB-dt2gJ&-#h@QW4"
"lucrece.clunie@edu.tbz.ch"|"lLS#ZN-nIRYy4-%05T#6"
"eleonore.mcmurthy@edu.tbz.ch"|"3P$mr%-S9jK4h-1eMy%v"
"melia.bevar@edu.tbz.ch"|"Nuq9Zt-QIWuD1-y7s8vd"
"camelia.bontine@edu.tbz.ch"|"ms01c3-UtkG$p-qAdPq#"
"methode.jozefczak@edu.tbz.ch"|"$EO2wj-zjqD4j-9bw%dE"
"audreanne.hinsche@edu.tbz.ch"|"XxQycT-YI2heS-tozpST"
"andree.varne@edu.tbz.ch"|"i9%%m#-LiBADF-$0woC@"
"marten.kinleyside@edu.tbz.ch"|"m#b4aG-BMCni@-FBXUIv"
"esteve.mcewan@edu.tbz.ch"|"w6KUy0-BMQ#MA-8GHvDd"
"leane.dibbert@edu.tbz.ch"|"&hKeL@-fwvrKK-LYTt&t"
"ma.thewlis@edu.tbz.ch"|"P%&e@F-5kP1RH-l#D157"
"clea.djurkovic@edu.tbz.ch"|"EqpQWa-2N3UiF-unB2#b"
"rachele.reburn@edu.tbz.ch"|"@zoz6H-H%uVO$-bcpmy&"
"gerald.gowling@edu.tbz.ch"|"#V3dWk-tqAJPj-nBL2dy"
"cleopatre.jackson@edu.tbz.ch"|"1h2Id$-0Cc@Ob-OA$aVu"
"desiree.haskins@edu.tbz.ch"|"Yfqh0Y-CQwg4c-SXvAkK"
"eleonore.longson@edu.tbz.ch"|"r5kuOL-ohVhbg-fcy26s"
"leane.dybell@edu.tbz.ch"|"7rirj&-j#QHJ6-YM#KFA"
"becassine.grzesiak@edu.tbz.ch"|"rFRKOY-Klw%ti-bO#h6z"
"marie-josee.pickin@edu.tbz.ch"|"&IrGZC-a2rB7%-28fmA5"
"marie-josee.roxby@edu.tbz.ch"|"&m9mEO-s37AA@-0WsIa5"
"leonie.feenan@edu.tbz.ch"|"r2gC4R-NxO$mm-BEPQZV"
"valerie.ellum@edu.tbz.ch"|"Wa1k@l-nxaGzr-UOJKgk"
"ju.caseri@edu.tbz.ch"|"w@n99o-HF%ux#-i7tFOl"
"boerje.strangman@edu.tbz.ch"|"KyB8iE-gJF4dr-5jk9ux"
"beatrice.ghidelli@edu.tbz.ch"|"D#wu1j-x@zx0W-c60Al$"
"da.jablonski@edu.tbz.ch"|"Rt8LS&-bToQ75-yCbCkc"
"uo.beveridge@edu.tbz.ch"|"8Ycw%v-@LGDQH-yBT9H#"
"valerie.bestman@edu.tbz.ch"|"b6&Q9G-XljhWL-d1R8HA"
"marlene.pohls@edu.tbz.ch"|"9j%Of1-2t#YP&-02eqa0"
"ma.nolda@edu.tbz.ch"|"2aPK5M-00YsAM-gXZONr"
"marlene.bisiker@edu.tbz.ch"|"j0mzBy-SOU$&3-RvFXQs"
"estee.babon@edu.tbz.ch"|"B59VPq-f46Tqy-le7Elf"
"simplifies.dmisek@edu.tbz.ch"|"XHHudh-uh4XqS-pSr3R6"
"selene.ganing@edu.tbz.ch"|"hmFd%@-NGx6qY-%rxUC@"
"meryl.penke@edu.tbz.ch"|"ze@Yb9-WXNCqt-0AP1@V"
"anais.rawcliff@edu.tbz.ch"|"K49bpg-Ubl7RH-nGRBM5"
"melina.andri@edu.tbz.ch"|"KiJ#I$-gikgO4-cBzkEo"
"audreanne.fodden@edu.tbz.ch"|"UDecAW-GIosvx-ArmwX4"
"bjoern.spellesy@edu.tbz.ch"|"t@NP1&-Yy1aDK-BQGipl"
"francoise.summerscales@edu.tbz.ch"|"XS@Voe-XBzCFv-s48o2i"
"laurene.ashtonhurst@edu.tbz.ch"|"KHwWEf-&hq09C-YOUkqB"
"valerie.petters@edu.tbz.ch"|"oaW1Rp-WXqrVp-YJ5b%M"
"anael.spenclay@edu.tbz.ch"|"lo15Wr-@q31ss-4Qm#pz"
"stephanie.keech@edu.tbz.ch"|"5m2KXw-3iamy#-p2IKZz"
"ines.deveril@edu.tbz.ch"|"&xm4s%-yJrW@d-AnFO#$"
"berenice.gelder@edu.tbz.ch"|"v&dm5c-WaE6m2-abC2Oa"
"melanie.ofogerty@edu.tbz.ch"|"P8Z$Oo-luCAy8-elo28r"
"frederique.canepe@edu.tbz.ch"|"mC6&pd-5xE9V&-CFiFFv"
"nuo.otton@edu.tbz.ch"|"iJADLq-3LGNCa-HpHloj"
"genevieve.trusler@edu.tbz.ch"|"49JTyD-u20PoO-C5gkEe"
"ju.boag@edu.tbz.ch"|"InoET1-JWslS#-umyzsH"
"josephine.dilucia@edu.tbz.ch"|"s9m%PM-ztzUfI-e&bN7H"
"laurene.armsden@edu.tbz.ch"|"sflOqa-EIc4xS-jERIfz"
"becassine.griffe@edu.tbz.ch"|"aRqyq9-IU9Yri-M7q1cf"
"alois.parres@edu.tbz.ch"|"iQkTVy-3MsJm7-TDJvZY"
"cleopatre.gaffey@edu.tbz.ch"|"J7PPhC-Qa3BXu-0uUkOl"
"andre.stiger@edu.tbz.ch"|"92QVFa-@Lutm8-5a&GFs"
"beatrice.godleman@edu.tbz.ch"|"7GvwxI-E61cdP-9oMoCv"
"hakan.harrhy@edu.tbz.ch"|"ku0GM9-c1s33%-uI@@0Q"
"celestine.dagnan@edu.tbz.ch"|"l1wbpG-@AIwM2-679QkL"
"clemence.haggart@edu.tbz.ch"|"wf5oz$-9@@og8-eVfNxS"
"long.caban@edu.tbz.ch"|"kI0FOl-ocg%MK-h3%8MU"
"gaetane.grimble@edu.tbz.ch"|"7hWm#2-uSYf&%-eVx2bd"
"maelann.piwall@edu.tbz.ch"|"Y%Fjwj-RW@hPR-HC#JLB"
"magdalene.loble@edu.tbz.ch"|"w&ZSXd-gnCgv9-TB1ylQ"
"veronique.domaschke@edu.tbz.ch"|"4F@HKO-GS&xyl-4c%uE3"
"clea.herity@edu.tbz.ch"|"5b6x%3-WZJI73-V3W@cu"
"maelann.bambrough@edu.tbz.ch"|"5wR7bV-BxDzUF-QpavEh"
"clea.goulstone@edu.tbz.ch"|"hYMBn4-@wJ2pw-o82vsI"
"renee.deleek@edu.tbz.ch"|"F0cs1%-055CCp-WM2aqC"
"boerje.rudderham@edu.tbz.ch"|"DrLulo-dmLIrr-ptzD39"
"marylene.broune@edu.tbz.ch"|"AZ1Tff-d8fMMe-%m8KD%"
"nadege.mccuish@edu.tbz.ch"|"9iw06o-TH7t&9-Ntm4Un"
"anael.littleover@edu.tbz.ch"|"V$#zC5-S2dXrF-m$e&9b"
"lie.baume@edu.tbz.ch"|"&iqchw-01j$v@-JXBjaZ"
"maella.murrow@edu.tbz.ch"|"5UBVL1-PY#ePB-Bb7mg#"
"cleopatre.pettifor@edu.tbz.ch"|"rnR2W0-1#vYsl-%xjCQj"
"geraldine.asker@edu.tbz.ch"|"BL9J6u-gY%V9Z-p%Mk8Y"
"gaetane.smedmore@edu.tbz.ch"|"oXToKv-3reH$c-fIujfO"
"meryl.blencoe@edu.tbz.ch"|"9BceyK-LisGXr-PM2YQl"
"aurelie.chastaing@edu.tbz.ch"|"9SXZ$1-DuHEqc-j$gTOf"
"oceanne.marthen@edu.tbz.ch"|"eJ1Bnn-80rOtS-n#VHub"
"dorothee.burrill@edu.tbz.ch"|"AiAjoo-OTiaYS-MgD8jr"
"hakan.belden@edu.tbz.ch"|"NsJfyC-7@7RUa-&vI37B"
"celine.brunning@edu.tbz.ch"|"aU0Qse-aLCK7A-@V&P3d"
"anael.lapides@edu.tbz.ch"|"&erO60-J@&ZK1-YgC$7E"
"ruo.saffran@edu.tbz.ch"|"BD%Bzk-Zj3Xcr-gz%HdI"
"loic.gerretsen@edu.tbz.ch"|"lVk1MX-O#uNsK-Vfj5ie"
"rui.fitzer@edu.tbz.ch"|"ng$HGa-bHhGg5-@d4&fc"
"annotee.ogers@edu.tbz.ch"|"ESw6%V-NNmWFl-eKnxUj"
"boerje.bindin@edu.tbz.ch"|"b5V@r9-NvkD$c-LO#utg"
"ma.cronchey@edu.tbz.ch"|"xANbOQ-jCLnji-M6SEOa"
"laurelie.baiyle@edu.tbz.ch"|"kJ@fd6-WbYuYO-VX45F#"
"dorothee.older@edu.tbz.ch"|"JFGlWZ-JnXtoH-zXy7#G"
"laurena.wile@edu.tbz.ch"|"C9crVs-Csc6dW-J8z94Q"
"clemence.brito@edu.tbz.ch"|"QRpTP2-h@CrT6-hyIixw"
"nadege.dallin@edu.tbz.ch"|"l@&cG9-T4uLpd-hk&UYo"
"mailis.matley@edu.tbz.ch"|"HHMsrb-Libjyy-f6hKUI"
"daniele.screaton@edu.tbz.ch"|"PDGzDJ-iDtoNv-$EuH#E"
"mediamass.godly@edu.tbz.ch"|"sZ3lyd-0Y9Hnv-iTWGQH"
"leone.kremer@edu.tbz.ch"|"GUdB4y-%so6vO-EECSfL"
"asa.adrian@edu.tbz.ch"|"FlRrsv-L2XTxD-SfkSKV"
"adele.doley@edu.tbz.ch"|"JcixvU-uqA7&2-OBPad@"
"fei.sidney@edu.tbz.ch"|"PXu0Lk-U8RGTs-WN9APr"
"marie-josee.walisiak@edu.tbz.ch"|"2Gyytp-$wHq1i-dChc0G"
"desiree.diplock@edu.tbz.ch"|"KLKTPs-K6FQgf-OhRyh#"
"gisele.schust@edu.tbz.ch"|"rGNLqk-6vQuTT-6jV3#s"
"ma.longshaw@edu.tbz.ch"|"tun5kV-vHuYAw-Jq@Sn&"
"da.boother@edu.tbz.ch"|"VJ#KVU-Kn@fUH-AYpY7B"
"simplifies.chaudhry@edu.tbz.ch"|"w%UOy6-kaP84U-3v8qq&"
"garcon.baniard@edu.tbz.ch"|"Mzzi&y-xdYVHq-MW1qIA"
"gaetane.elphee@edu.tbz.ch"|"Ov5mfy-bEcrfG-31oFLa"
"gisele.hassey@edu.tbz.ch"|"zl46s7-LaHv&z-E@6$tu"
"oceanne.booley@edu.tbz.ch"|"mh3#jY-Oc@IPS-ifBbjU"
"oerjan.dibden@edu.tbz.ch"|"S6o13#-eCorC0-5z2G&r"
"regine.ocleary@edu.tbz.ch"|"3gSfAC-l$MgMO-ahm78F"
"selene.persse@edu.tbz.ch"|"MwA7Os-MuZ@M8-fB40UB"
"helena.adenot@edu.tbz.ch"|"9%kh%x-LH1MGJ-XYtfwo"
"maelann.wassung@edu.tbz.ch"|"8Xnksh-mOuuWv-WdjTHn"
"frederique.ackermann@edu.tbz.ch"|"PyO4l4-fVDywv-oy4u&V"
"audreanne.kahen@edu.tbz.ch"|"7ykQDc-Hpe$%Z-UF7Ivx"
"maiwenn.lasty@edu.tbz.ch"|"T3p3%h-RZ2Omq-FCeDsO"
"yu.dictus@edu.tbz.ch"|"H6AW6t-hqdk4m-7mBi2j"
"anae.dukes@edu.tbz.ch"|"YD@Coy-F9@nps-$OCrtk"
"yenora.warr@edu.tbz.ch"|"aZWeK3-&ObsUD-kZbthV"
"esbjoern.archibold@edu.tbz.ch"|"ItQ0os-lDh6ym-vvH7ZX"
"milena.pardal@edu.tbz.ch"|"PDQ1d5-YScH9%-Ng&Mnq"
"celestine.graveston@edu.tbz.ch"|"%7Q6uY-UNQWWv-@IfOr#"
"maena.dallas@edu.tbz.ch"|"zHBf4y-ey6#zK-cTSS6p"
"andree.tuke@edu.tbz.ch"|"HsX6o5-1G#Py#-KnXe0i"
"methode.seldner@edu.tbz.ch"|"4l$B@o-mGBoXi-V6pe1y"
"venus.bullas@edu.tbz.ch"|"kBK@hV-ExVufu-5ya8Hy"
"mans.aguirrezabal@edu.tbz.ch"|"1%qeYq-0Lc#C$-0nuBI6"
"gaelle.eadington@edu.tbz.ch"|"S23hBp-TddoTD-42#k8&"
"anaelle.falkner@edu.tbz.ch"|"%sMGQL-RK7XYw-tUkDBh"
"ophelie.height@edu.tbz.ch"|"SxNx6X-1sCa&I-T8y86z"
"marten.bolding@edu.tbz.ch"|"HOXZ1d-HMxQ99-pesMz9"
"pelagie.guswell@edu.tbz.ch"|"BRGeL%-Vl0gyU-N01o$s"
"gwenaelle.lecount@edu.tbz.ch"|"F#@UAS-Vk%bep-8d&53Y"
"hakan.laden@edu.tbz.ch"|"UKAlMI-aZ4Plt-K@8vPz"
"marie-josee.hylands@edu.tbz.ch"|"EbLzTw-KTLjxq-dbqApM"
"zoe.kingshott@edu.tbz.ch"|"rFt#8n-ZMhgcb-$nqQ1F"
"josee.janous@edu.tbz.ch"|"h%yVB4-9x9Vgy-Bws7&0"
"laurene.gallally@edu.tbz.ch"|"GUp%W6-rBftlM-7&CZZA"
"anael.bickle@edu.tbz.ch"|"ZZ20U&-TAPJ&h-9c$8z&"
"mediamass.lebbern@edu.tbz.ch"|"nHvs51-#feeCx-ToKkk@"
"berengere.hovy@edu.tbz.ch"|"ch#znW-zWXlT8-1ALmRD"
"oerjan.kilmurray@edu.tbz.ch"|"IZXbrP-9SKwFA-FIWH$C"
"asloeg.venny@edu.tbz.ch"|"FYe&GX-p3%R45-8OvPT5"
"marie-noel.stoad@edu.tbz.ch"|"Jn8mI7-4wo&ww-n7iC8f"
"hakan.pettifor@edu.tbz.ch"|"6hyKr9-Cn7n#3-OyN60#"
"maella.willgrass@edu.tbz.ch"|"xmtVgv-#&h8vG-HCdiXL"
"therese.ludovici@edu.tbz.ch"|"yy@qVM-BX6gei-DtUbPi"
"stephanie.trewhitt@edu.tbz.ch"|"8h23#d-UXPf%e-xK4UkQ"
"maerta.bauduccio@edu.tbz.ch"|"jxRL$s-Kw$#8#-gd0Uf#"
"gaetane.glaisner@edu.tbz.ch"|"hhD$ga-$ng7wT-%FGMxE"
"naeva.pargeter@edu.tbz.ch"|"#iFbCZ-P%wR15-Z@6CtW"
"salome.venable@edu.tbz.ch"|"PUyLl2-qXdt$e-nw4b@v"
"boerje.thickett@edu.tbz.ch"|"z#AplF-wLcKoA-5cAa&2"
"lucrece.prendergrass@edu.tbz.ch"|"t1D2xj-JVrqIU-M8rDhs"
"laurene.ockleshaw@edu.tbz.ch"|"yuXlR0-C87OrT-20bKMr"
"cecilia.pasticznyk@edu.tbz.ch"|"vPMg1n-M#wgZM-iJ%Uhj"
"stevina.mackey@edu.tbz.ch"|"OgyjtS-&LnLFl-VRmP7e"
"marie-noel.reven@edu.tbz.ch"|"Z%w93L-wf2M8Q-SDkzzW"
"melina.quilkin@edu.tbz.ch"|"TUteFu-roVUNm-AnL2MJ"
"marie-noel.ferrie@edu.tbz.ch"|"JHD2QX-vEXe3Y-94gK0Y"
"leone.alphege@edu.tbz.ch"|"O3uuUx-uqZz#g-j2c7Fy"
"zoe.leverson@edu.tbz.ch"|"74DnAw-SEcXah-V5TgQA"
"annotes.grayne@edu.tbz.ch"|"MrEfuU-OiV3jH-1WvMQ%"
"faites.lalley@edu.tbz.ch"|"81kJaS-sWBxOp-$c5AQU"
"adele.wallis@edu.tbz.ch"|"SJRm57-d1&reb-y&BybM"
"severine.madill@edu.tbz.ch"|"EQufB2-1@Gb%m-pgqTnQ"
"valerie.tebb@edu.tbz.ch"|"68TmMb-HAAgdv-1YHFgU"
"kalliste.rasper@edu.tbz.ch"|"Ok&pSo-eWND6M-32519O"
"audreanne.palomba@edu.tbz.ch"|"ZcLhAs-zblbC@-Tr8SN&"
"elea.adamik@edu.tbz.ch"|"f#@xXf-nSPdKn-0wGs2I"
"reserves.jakuszewski@edu.tbz.ch"|"n#lwnx-QepRtF-XKT46C"
"athena.belhomme@edu.tbz.ch"|"w@&A$Y-NRYv45-V6aF&C"
"rebecca.crippin@edu.tbz.ch"|"keJ1OX-M7jDSs-J8MBC8"
"maiwenn.curman@edu.tbz.ch"|"43@@nm-m0lzGh-HUZ&P4"
"andree.bunner@edu.tbz.ch"|"Fkp%F#-IY5bO#-Dig9e0"
"ruo.winckles@edu.tbz.ch"|"Sd$wLO-p%TMak-l55ujb"
"naeva.buntine@edu.tbz.ch"|"uRlwv%-ksI1Ji-iK$L9b"
"boerje.dollard@edu.tbz.ch"|"fK#BjC-0nZtUR-UAvgrV"
"penelope.gorman@edu.tbz.ch"|"tCMk&r-vMFTSz-6RKuDG"
"alois.robelin@edu.tbz.ch"|"Lraf5U-PKZVFj-@uK0s6"
"anaelle.tindle@edu.tbz.ch"|"QcmRrT-Q2twF&-TBYHXY"
"ye.frears@edu.tbz.ch"|"QP3%QW-HzUj@d-$bvM3C"
"andree.ovid@edu.tbz.ch"|"6%xgJk-DS67#c-kQ4s8z"
"hakan.peat@edu.tbz.ch"|"$&Fxhh-abDKnP-zXMrj3"
"andre.januszewski@edu.tbz.ch"|"aSW@jf-Y1R%Zh-qvKQqS"
"annotes.clemmett@edu.tbz.ch"|"dpfoDe-3%dsxr-B2zVNz"
"pal.lambswood@edu.tbz.ch"|"ybayle-F0aWhr-DoZ48C"
"yao.lenton@edu.tbz.ch"|"V1UIif-LK$ySn-1Sbw8y"
"hakan.boyton@edu.tbz.ch"|"cuFDQz-VniDcz-SMJHvD"
"nelie.forsey@edu.tbz.ch"|"W9Ipf&-mF2J%Z-l4F$h7"
"hakan.horche@edu.tbz.ch"|"#xcHkV-6MaL2P-qxThMl"
"lorene.sinkings@edu.tbz.ch"|"bls%i8-yykg%n-wn3YYe"
"marie-therese.creddon@edu.tbz.ch"|"ooLzl#-VAjBDv-RtTnTG"
"berenice.tolworthy@edu.tbz.ch"|"6w4#k0-y@LQ@d-HWYywC"
"theresa.land@edu.tbz.ch"|"#dP6ZK-Hltk7c-#pZ@&E"
"marie-therese.gianilli@edu.tbz.ch"|"E4O6hW-@yUFIg-k5@4v7"
"meryl.glew@edu.tbz.ch"|"k2C%tm-rWJlkd-56Q8ck"
"adele.debling@edu.tbz.ch"|"@sFqz&-X8SG0c-ehzUry"
"anae.metzke@edu.tbz.ch"|"#0C%2@-gLJ$RD-hOn4sP"
"gaetane.gooden@edu.tbz.ch"|"DPMjRW-Ykv5$g-75NEaZ"
"laila.bootland@edu.tbz.ch"|"wmRyqE-Qw1HbG-M$64ij"
"maite.helsdon@edu.tbz.ch"|"k%wlX$-RgZ54w-Azx$V8"
"andree.malley@edu.tbz.ch"|"T4ElgV-Y$@%k&-7dj0UC"
"pal.simmens@edu.tbz.ch"|"XL$F5J-3#8hLw-yKKluj"
"maelys.nuccitelli@edu.tbz.ch"|"hSC@qh-nB0eNk-PGFlt&"
"dafnee.sibary@edu.tbz.ch"|"7JvY6s-agelN$-aq4fSm"
"alois.harsnep@edu.tbz.ch"|"$G@LJ7-Iix@zA-GRPfl8"
"marie-helene.lacky@edu.tbz.ch"|"qRPbf#-3$nyVL-5ixU45"
"mylene.youthed@edu.tbz.ch"|"S%Og#q-D6lJ#6-5Lz1AC"
"marie-helene.dehmel@edu.tbz.ch"|"L9gtLH-I@l#jl-fHDnWe"
"angele.batman@edu.tbz.ch"|"a5c6CJ-a$f9S#-1vXT1e"
"melia.younghusband@edu.tbz.ch"|"A1swGF-kN3bC3-JzSs5K"
"eloise.baldi@edu.tbz.ch"|"BYXAJc-EkxZFK-dde8af"
"illustree.dun@edu.tbz.ch"|"coAHUI-WAJoyw-6#tCq9"
"genevieve.late@edu.tbz.ch"|"ncU8$v-zbqvS#-z$l&7i"
"celestine.colville@edu.tbz.ch"|"rhFLmt-S2$&uW-eBTmwr"
"gwenaelle.scarlon@edu.tbz.ch"|"L1NHNs-c3hzAs-Fez$sn"
"regine.boddie@edu.tbz.ch"|"D3K8RF-Wt$j@n-mq&Rqp"
"creez.gaughan@edu.tbz.ch"|"B$@2Nc-B%A8#b-iQRGlr"
"gaia.longford@edu.tbz.ch"|"shkSl1-KOZIn3-TRqYLa"
"mailis.buckby@edu.tbz.ch"|"Jkprpm-I5qAQL-ryhD9h"
"song.parbrook@edu.tbz.ch"|"dwkYR&-i7Oj0M-3R5l3$"
"frederique.heddan@edu.tbz.ch"|"qORg9S-UpDqh&-j4Al9C"
"ake.kirtlan@edu.tbz.ch"|"Hw0ZHV-CfHWcN-rD62o8"
"nelie.runciman@edu.tbz.ch"|"0uxFe2-a0MPw0-%3VZrx"
"mailis.cardnell@edu.tbz.ch"|"Mdclmd-Bx%pz3-%1@qU8"
"irene.navarro@edu.tbz.ch"|"S9KCUd-YZY@9l-1EL9bw"
"maite.cough@edu.tbz.ch"|"6faPuX-VBsvVy-#zjeG9"
"anaelle.stocky@edu.tbz.ch"|"Igh81%-tjghpa-cxWxm0"
"methode.moulder@edu.tbz.ch"|"Hp2q&@-IrIzLQ-eKqYHm"
"po.stafford@edu.tbz.ch"|"5C@LS7-bBo0gy-Tbqu8O"
"faites.scraggs@edu.tbz.ch"|"lQMwaT-1imgMG-m5hx2f"
"adelaide.dullard@edu.tbz.ch"|"31$X%b-W2FHK9-s3EjI$"
"desiree.leonard@edu.tbz.ch"|"%63u4e-qzei3Y-i3vbW2"
"geraldine.badgers@edu.tbz.ch"|"04nRgE-p7&wz2-STa2vh"
"ruo.masic@edu.tbz.ch"|"gTbYxU-0B2egw-NvZfWu"
"aurelie.lieber@edu.tbz.ch"|"$VaF%Y-e%6U4@-gJq4R6"
"naelle.balcock@edu.tbz.ch"|"jeuz4C-3S0PvP-zaoupB"
"camelia.elger@edu.tbz.ch"|"e#0RK5-VXsRS9-&e5X@j"
"publicite.oakeshott@edu.tbz.ch"|"HLbXLZ-0#gRbA-4uwK9h"
"cleopatre.fawley@edu.tbz.ch"|"vgW0IM-lDAXsG-mcs8Wr"
"laurene.bruckmann@edu.tbz.ch"|"SFv2Xc-%ot#D%-180@Eq"
"rui.haughton@edu.tbz.ch"|"VW&Ado-L7wn69-5uhDKV"
"asa.ladewig@edu.tbz.ch"|"B7GhaV-UHyli2-SPp3DM"
"gisele.janecek@edu.tbz.ch"|"Q9SKzL-LFGs12-EQ4eBP"
"maily.loveridge@edu.tbz.ch"|"LJyKMN-Y8u$ZS-PwDl7f"
"marie-eve.yurkiewicz@edu.tbz.ch"|"RNJv$&-%lO8%R-2HiYd8"
"fei.roder@edu.tbz.ch"|"rn##sQ-lR4IjL-OimiSl"
"edmee.chatburn@edu.tbz.ch"|"A4ijDm-0tkult-zKXG6W"
"geraldine.darke@edu.tbz.ch"|"AJN#y0-jj$BZb-Dvjb#U"
"ye.jira@edu.tbz.ch"|"YI&Iti-TsPPfI-uH#ZAg"
"publicite.persent@edu.tbz.ch"|"JBpeAE-&TwWPW-IXAs5I"
"severine.wilcox@edu.tbz.ch"|"gO3cyN-IRJ1tM-#v$W1B"
"yao.mcclaren@edu.tbz.ch"|"KFRFe4-eAcMKK-fNQmBh"
"theresa.foynes@edu.tbz.ch"|"DzkXVX-#86%hE-Xc#U$B"
"stephanie.isley@edu.tbz.ch"|"6nbols-p#YLQR-eOfbhW"
"torbjoern.growy@edu.tbz.ch"|"&tvgRn-b9V@Lv-1naqvB"
"eloise.tunnadine@edu.tbz.ch"|"A1SLAc-qQG1b3-iFU3wO"
"maeline.cossentine@edu.tbz.ch"|"fO6jj&-ROzIu7-02vURH"
"nelie.desantos@edu.tbz.ch"|"mIADXL-Z1&GB2-0g9Hc2"
"gaetane.axston@edu.tbz.ch"|"VP4c2j-G09LEs-gBIFE#"
"aimee.merman@edu.tbz.ch"|"V8JuSg-AJ41Ht-bVpHg3"
"oerjan.drivers@edu.tbz.ch"|"IVNDkd-RXiJD$-KW35A%"
"aimee.miroy@edu.tbz.ch"|"Zp@oyU-vf9LXU-dqSnTl"
"nelie.glyde@edu.tbz.ch"|"hF0TCt-85&U%S-uKVjj1"
"hakan.kapelhof@edu.tbz.ch"|"NT%uJk-cDtYk5-fSlNBv"
"maelyss.cauley@edu.tbz.ch"|"rN@glK-fIi%R@-Yn2irK"
"elea.vaggs@edu.tbz.ch"|"2NK7fk-eTfj6n-R1MkBq"
"maelys.but@edu.tbz.ch"|"RiVxNT-cX&Ivi-iPBeHp"
"maella.arthurs@edu.tbz.ch"|"aGpwDB-Cz9008-whk6EA"
"adele.liebrecht@edu.tbz.ch"|"VPsRU&-CO#okR-4B6Qe%"
"meline.lomasny@edu.tbz.ch"|"xdi6g3-&WkaXF-HTwTH7"
"mediamass.schwant@edu.tbz.ch"|"tnEJKk-qk646K-K2Fpnx"
"leone.saunt@edu.tbz.ch"|"nu3RTz-JQbGhx-mjJnnU"
"annotes.gouch@edu.tbz.ch"|"GazyO3-owimk3-WfNUqo"
"gaetane.bowich@edu.tbz.ch"|"%Y$&QM-0CMaXe-@XXrLm"
"alizee.strelitzki@edu.tbz.ch"|"oq#sOu-86U#Pm-ZQh%v6"
"leone.poile@edu.tbz.ch"|"q&7mxJ-P3vT0s-E91kfy"
"amelie.saban@edu.tbz.ch"|"zF0kx2-ay7foh-k9gxCU"
"marten.mcmenamin@edu.tbz.ch"|"t#r9ed-p&2Xuh-rCGF9v"
"becassine.keets@edu.tbz.ch"|"@Xn%ju-vox7NT-clL#yS"
"celine.million@edu.tbz.ch"|"3EjkN5-efz#H$-rioHUF"
"geraldine.belitz@edu.tbz.ch"|"8UCa3n-i%a7bU-EzhbbA"
"salome.mardling@edu.tbz.ch"|"yXIOn6-zdAZ6$-5ae0Tk"
"melia.blakemore@edu.tbz.ch"|"rFwfm2-9JIo3d-2iO5Uf"
"dafnee.mcaulay@edu.tbz.ch"|"7WJWWv-eXdVR$-A4xRH@"
"garcon.dennett@edu.tbz.ch"|"hlr@g7-VU4#zh-xwIxjz"
"interessant.lesor@edu.tbz.ch"|"KcwFeo-G%kMr5-Hbzt4s"
"annotee.wasbrough@edu.tbz.ch"|"FXJ3mw-VRR5#X-oP1#P4"
"asa.ibbeson@edu.tbz.ch"|"wvEHfr-3i5dft-o8oO5O"
"maily.kennealy@edu.tbz.ch"|"b@V5g8-5rFfUY-rYfuhj"
"ye.seares@edu.tbz.ch"|"nQhziE-zZPeKC-AXmzAa"
"athena.harbron@edu.tbz.ch"|"AKgv#Q-nlW6rJ-%w9uJu"
"andreanne.portail@edu.tbz.ch"|"gkU&c7-QxlQOz-$Mjf7k"
"goeran.zannelli@edu.tbz.ch"|"gi$tu$-oBXJWz-kWg$o4"
"gerald.leathlay@edu.tbz.ch"|"ROX2SH-HSdzTG-E8&RMw"
"andreanne.chown@edu.tbz.ch"|"qTw0zB-qvHc0b-Q%JxlS"
"esteve.clementel@edu.tbz.ch"|"uAjg6c-l%wKi9-jVHHl0"
"leone.legan@edu.tbz.ch"|"1O1y8E-wtJweG-lfU67z"
"maena.pownall@edu.tbz.ch"|"EvKjL6-j5CSW%-LcQ3vS"
"andree.rettie@edu.tbz.ch"|"8CzoBx-QMQ0N8-S8W7JU"
"ines.kenwrick@edu.tbz.ch"|"xP6J1o-ViR7AG-MV6j3m"
"marie-helene.yarnall@edu.tbz.ch"|"gXSnxm-N$nBJC-XozTFf"
"po.martin@edu.tbz.ch"|"mOF#m#-bnxmNw-ulD$OQ"
"ruo.celiz@edu.tbz.ch"|"gqIZ@n-MyCIk9-wRM63B"
"po.bissett@edu.tbz.ch"|"3b6%f8-V9F4VA-@4mkkI"
"du.swindon@edu.tbz.ch"|"0I3KxW-gKor64-Q#b#EH"
"interessant.gouldthorp@edu.tbz.ch"|"45p@nV-8luLg@-$g@rK8"
"leandre.lilburn@edu.tbz.ch"|"X7AEMU-#gVl#s-&fEp25"
"bjoern.whales@edu.tbz.ch"|"jofrqk-AOLzE$-J71EtY"
"interessant.dieton@edu.tbz.ch"|"4kpYxj-gdEi3F-@3gTY&"
"celestine.redhills@edu.tbz.ch"|"%$hYXa-p1qZKS-9HEG5p"
"tan.yakovlev@edu.tbz.ch"|"SQcOhV-18m7x0-n676wz"
"regine.mcdowell@edu.tbz.ch"|"cGQTb#-VSJDoc-6&Fcja"
"ju.coysh@edu.tbz.ch"|"ra7Qc2-PXtcAz-%Kq7UA"
"reserves.ofallon@edu.tbz.ch"|"HYbQVx-TDWpYb-45r8qn"
"frederique.sobey@edu.tbz.ch"|"NO4MIK-XiG1L@-#CyfmW"
"marie-eve.garstang@edu.tbz.ch"|"n0P5Nr-oGWQLh-TyOpAF"
"andre.tapin@edu.tbz.ch"|"PK8iWN-qMlH@A-gA8m9b"
"esbjoern.eynon@edu.tbz.ch"|"YJQDcS-cm%Uk%-RpMiXJ"
"maella.duffy@edu.tbz.ch"|"mzzWLS-m5A3NG-h3aJ4u"
"leandre.twinning@edu.tbz.ch"|"iM1TuL-bW@TvM-#4CbJf"
"mai.whittingham@edu.tbz.ch"|"4$fvIk-lWGlU@-9lnO8l"
"rachele.shevelin@edu.tbz.ch"|"FP4eGd-&swG4T-oJJxer"
"cecile.mcure@edu.tbz.ch"|"klQJ%4-gG6bJZ-sKPkZL"
"marie-eve.yurkevich@edu.tbz.ch"|"0PQE3b-MZoAV5-yiHzdt"
"almerinda.paice@edu.tbz.ch"|"MWqqC9-wVtYB2-pr3Wwn"
"rao.howkins@edu.tbz.ch"|"oRIrQ3-$kxLHJ-BuXaVy"
"serena.pack@edu.tbz.ch"|"F0kID&-M#ZuRc-0z9o6#"
"rebecca.mant@edu.tbz.ch"|"%UNI&c-e1i4@9-%rv4bo"
"reserves.spitell@edu.tbz.ch"|"oiqCFa-JAEaQe-ZOttC$"
"garcon.hamfleet@edu.tbz.ch"|"7FlS3Y-hUaBT1-bxTJLn"
"methode.kerkham@edu.tbz.ch"|"ARkXVO-c7KBVK-llSkjT"
"pelagie.camies@edu.tbz.ch"|"eHZ6gN-Cee0uC-L5gnR#"
"josephine.macpharlain@edu.tbz.ch"|"SwGFsw-4ghpeC-t4%wLe"
"eugenie.mathet@edu.tbz.ch"|"sEFJ#G-nTmJ7t-kU@XIg"
"gaetane.brangan@edu.tbz.ch"|"yIgnp1-CijxhY-%azKq$"
"michele.dewbury@edu.tbz.ch"|"#DJfZJ-X@IGhv-29gwPI"
"eugenie.elcott@edu.tbz.ch"|"pYBStk-Ngjswb-sex%xr"
"megane.harniman@edu.tbz.ch"|"p$#xKm-sSKVya-q@G9ma"
"agnes.cluney@edu.tbz.ch"|"AZeUAo-NyBlmt-iws%3o"
"marie-helene.angear@edu.tbz.ch"|"ee7KDq-1@r6bN-&n9%&A"
"melia.dolphin@edu.tbz.ch"|"3teG0N-eYPZxU-#SuUn9"
"lois.ruseworth@edu.tbz.ch"|"g3v5ag-INzuAx-SQ2ZWz"
"mailys.ryding@edu.tbz.ch"|"8iGh3X-uyyGlx-EEVHfM"
"rachele.wulfinger@edu.tbz.ch"|"wVZKwZ-wytUZW-9%N%hc"
"gwenaelle.talton@edu.tbz.ch"|"Y56QFg-S5YjIh-%fyEEs"
"long.ronchetti@edu.tbz.ch"|"dj5MKH-#G4Aoi-eESETr"
"styrbjoern.kloska@edu.tbz.ch"|"Vsmd61-&VrHDV-BmCZQW"
"len.sudran@edu.tbz.ch"|"l0FOM6-d$@FdF-%&4Dx9"
"maelle.andrysek@edu.tbz.ch"|"tSMGkl-vZQDF3-e6bXoW"
"selene.senior@edu.tbz.ch"|"@mU6pu-jxZFON-wwlR5w"
"anais.joskovitch@edu.tbz.ch"|"Ym0l88-hIXE2@-O8WSCa"
"marie-noel.dally@edu.tbz.ch"|"U%IMwT-aBNvg5-7r#Un5"
"marie-helene.laurence@edu.tbz.ch"|"1IICP3-0cVIy1-r37Yq%"
"camelia.foxon@edu.tbz.ch"|"Swvh0C-PVLOl7-xH2#U#"
"helene.cankett@edu.tbz.ch"|"NOc2li-$nHmdM-BR40GY"
"marten.mitchelson@edu.tbz.ch"|"B%EB&W-Se63tT-973b7J"
"helena.stirtle@edu.tbz.ch"|"O$tIA7-C8ScoU-7gOpv3"
"leane.barmby@edu.tbz.ch"|"36Z$8s-jjl5Rc-oz1%7G"
"goeran.ofinan@edu.tbz.ch"|"Z@qn%C-Zr8m4a-wpCi6F"
"styrbjoern.proby@edu.tbz.ch"|"Gp@G#K-NEIy4k-r092fd"
"zoe.halse@edu.tbz.ch"|"N@s1GO-fb3I86-PBHE$m"
"kui.drable@edu.tbz.ch"|"IrVeMf-F5FHH0-RbqFUS"
"desiree.bamford@edu.tbz.ch"|"YK7uAf-oUrkup-V1%o$&"
"zoe.suller@edu.tbz.ch"|"5uviWA-HDmZ2U-uwtfe0"
"marylene.audiss@edu.tbz.ch"|"UBevd&-0GCs6&-ch0Rpx"
"adelaide.poznanski@edu.tbz.ch"|"PP9ia%-CdRt1o-9%abMe"
"maella.coleyshaw@edu.tbz.ch"|"ES5Vty-Kwu6i6-imVa1p"
"marie-francoise.gelder@edu.tbz.ch"|"XHW2Oh-Q8LknY-8APeC8"
"eleonore.chaffyn@edu.tbz.ch"|"ljWiyg-nJ6Rpn-m2mjl6"
"celestine.sikorsky@edu.tbz.ch"|"@tlYfF-BgDuyc-wzW6n0"
"stevina.londsdale@edu.tbz.ch"|"VtSh@S-NYl$N3-WgTd3w"
"maiwenn.nevitt@edu.tbz.ch"|"iqShBN-fnhaJU-E84kvw"
"magdalene.gerrey@edu.tbz.ch"|"Z&&SGD-RlRzOq-Ko%ozE"
"becassine.latimer@edu.tbz.ch"|"$hRw3D-n1yBRG-FXgXI7"
"da.lethibridge@edu.tbz.ch"|"vYJRjg-RFC7@w-DR3KxD"
"mailys.claige@edu.tbz.ch"|"hHDjx#-&XW%mS-ToImWY"
"maena.torbard@edu.tbz.ch"|"qUHp7g-An1&mh-Vxx@5J"
"solene.lyvon@edu.tbz.ch"|"EzhOTr-gG0xvv-faUTAx"
"marie-therese.benbrick@edu.tbz.ch"|"BkYO&I-Qqu5&A-4zdGao"
"gerald.edmonson@edu.tbz.ch"|"@dDJ@0-#IdO2m-&OZAQf"
"ake.messruther@edu.tbz.ch"|"TdSupn-kAYoO%-nwmb&0"
"men.gosneye@edu.tbz.ch"|"mz6gVF-IDT@Qs-jX3#I#"
"anais.jefferys@edu.tbz.ch"|"jJ6m$W-6YjX1F-THrzqQ"
"publicite.tregale@edu.tbz.ch"|"hJzfgT-qnVpyS-62bXyA"
"maily.santorini@edu.tbz.ch"|"$toDXw-%4A7R@-j68UBH"
"ines.pioch@edu.tbz.ch"|"Ev3#pW-Y12Dq0-Ya7q5&"
"noemie.marklew@edu.tbz.ch"|"XPoE2I-NUZh5S-NtYC1A"
"meghane.maccaffrey@edu.tbz.ch"|"X&$fUl-m1seir-s9oL6V"
"berangere.ambrogio@edu.tbz.ch"|"mXeGuT-6CTwsQ-E8Yzhx"
"mediamass.ryce@edu.tbz.ch"|"R7nvXc-wpd3jL-ebKa3f"
"oesten.ubank@edu.tbz.ch"|"ZvwY9H-ZAm1wm-Gz&t4A"
"melina.mackee@edu.tbz.ch"|"R8gp%b-9IDfZk-j9PSn1"
"theresa.livezey@edu.tbz.ch"|"DCEl4x-J&NkkS-CMO87b"
"clemence.weal@edu.tbz.ch"|"nva$mu-1r0hOo-MCapR5"
"faites.overton@edu.tbz.ch"|"2&JEXp-sGKitf-k1tpJj"
"clea.lindblad@edu.tbz.ch"|"zV$tGu-DWaIfW-YP9mQy"
"josephine.roseaman@edu.tbz.ch"|"O4rHQb-77R@C5-dDRfy%"
"oesten.lowbridge@edu.tbz.ch"|"PzhuUl-u6YThK-ifJiwv"
"marie-josee.brion@edu.tbz.ch"|"bHEQ4I-y%DPT0-ukOesm"
"therese.basili@edu.tbz.ch"|"XfeBwI-iH6jfT-nv0CKg"
"melia.vertigan@edu.tbz.ch"|"SK%6vw-BEFVcp-jj0LPf"
"judicael.saull@edu.tbz.ch"|"KxIXTy-i1#8QO-oJ7mIp"
"selene.valentine@edu.tbz.ch"|"$mejaF-EnKTfg-q7A$xK"
"verane.dunlap@edu.tbz.ch"|"PP#d8k-HPBpXR-yI3J7C"
"meline.kinnear@edu.tbz.ch"|"AdOjSt-XAkeFt-ED5NCo"
"lei.luttgert@edu.tbz.ch"|"6&e#j6-O5enK@-mU$$Ot"
"styrbjoern.lathleiffure@edu.tbz.ch"|"zlkEbq-@C$l62-EitTq4"
"marlene.blasi@edu.tbz.ch"|"jz74Oz-Q$b$Qw-NBabLr"
"mai.begwell@edu.tbz.ch"|"EWoe3S-z94@fM-C@FRA6"
"gwenaelle.kaines@edu.tbz.ch"|"yV0rg9-zU8iFF-jFA1bN"
"gerald.adamthwaite@edu.tbz.ch"|"oHpZ1F-ungJdl-LlmucK"
"kui.hartfield@edu.tbz.ch"|"u2q$AW-qwJeVX-LmL2OV"
"salome.currao@edu.tbz.ch"|"0g8eVS-LETPpd-gSW95A"
"angelique.tixier@edu.tbz.ch"|"pvN3zO-zEgODx-%R4Ev1"
"ju.mcgragh@edu.tbz.ch"|"XjEgLj-SuOmfc-S2LkKy"
"dafnee.beachem@edu.tbz.ch"|"bgvSNP-XMKjnT-9GP0lx"
"creez.terlinden@edu.tbz.ch"|"rWxw8E-uWhvjt-W$FZtO"
"uo.mcskeagan@edu.tbz.ch"|"N@3p@x-m2Cfx1-nFTIpz"
"edmee.mccaughren@edu.tbz.ch"|"Inw3Yy-Mk7fPa-YY%kG4"
"asloeg.cozby@edu.tbz.ch"|"JD$Tkc-Wxt9OL-CQ%X4M"
"melodie.traite@edu.tbz.ch"|"bnmv1R-gh3GEZ-nxpCi$"
"dorothee.aindriu@edu.tbz.ch"|"XG7@EM-x3lL7q-4r$TzY"
"daniele.doley@edu.tbz.ch"|"6pOVzG-wgwEm$-CQnLFj"
"mediamass.fairclough@edu.tbz.ch"|"S4I76L-5i7O5s-bOaUgC"
"lorene.rainforth@edu.tbz.ch"|"1dhpS6-YlDydh-BD7f9f"
"leonore.eyer@edu.tbz.ch"|"Zuq3C$-%549zI-jgQacx"
"po.spillman@edu.tbz.ch"|"CvdFf9-%XNcZ2-n#2AX6"
"cecilia.plitz@edu.tbz.ch"|"KgOMxb-psonvf-A%Qir7"
"lorene.ludlow@edu.tbz.ch"|"CY6XLd-Fp24X4-1UJ9fb"
"berangere.neligan@edu.tbz.ch"|"tolDbj-5HRbeH-clwecV"
"simplifies.huggan@edu.tbz.ch"|"rzzKwu-3Eh8i0-C8$hH6"
"clelia.prandy@edu.tbz.ch"|"jbRHtk-sT%Sy7-QnAzhr"
"ake.osban@edu.tbz.ch"|"ONXkjh-UM&n#d-MQWlT$"
"cunegonde.brunn@edu.tbz.ch"|"7J&m8K-%kG%QO-y#o0HB"
"long.grizard@edu.tbz.ch"|"BjHxc2-Wum1FL-XAFO3r"
"meghane.diss@edu.tbz.ch"|"1GXhgc-oul1Tn-WLdqph"
"therese.oldman@edu.tbz.ch"|"xEvq0I-&PJ$hg-MZOtVK"
"boerje.scamerdine@edu.tbz.ch"|"AowrMa-5Xfqol-Js8o9U"
"du.saban@edu.tbz.ch"|"#WM@v8-B$4Csv-iYp2NM"
"hakan.clynmans@edu.tbz.ch"|"aApNV%-LIXbNV-Rn6vEd"
"wa.macdowal@edu.tbz.ch"|"JvgCfI-$Tro4F-ReAVQ7"
"venus.hatrey@edu.tbz.ch"|"L39t9%-360Et8-HpDw69"
"anaelle.vispo@edu.tbz.ch"|"7686Ai-$6A%7u-0laINW"
"mahelie.ollcott@edu.tbz.ch"|"2h5VZU-mkD7%G-p4&Emv"
"mediamass.whyman@edu.tbz.ch"|"@GDa$e-Y%CRci-r$Nw22"
"esbjoern.basson@edu.tbz.ch"|"lgCLHA-zsyldz-Vqd6c&"
"andrea.morrill@edu.tbz.ch"|"9VjH#e-D9kxHG-RWFyhO"
"melys.grassi@edu.tbz.ch"|"QQgOXY-yW$wCq-wyRcR@"
"leone.poleye@edu.tbz.ch"|"x$#1aB-U5%kga-1vQ8Yg"
"francoise.penny@edu.tbz.ch"|"xufjjG-zICM%D-NCPrhy"
"rebecca.edney@edu.tbz.ch"|"gtU7Vd-8JZGwl-@Z1Lu3"
"adelaide.murtagh@edu.tbz.ch"|"mLzI7E-zBOu@o-WfaDR6"
"stevina.winterbourne@edu.tbz.ch"|"ycd%b3-wfhKPk-H%lCKy"
"ma.cottom@edu.tbz.ch"|"DVlmzE-ZfyXL0-UeegGz"
"tan.harold@edu.tbz.ch"|"egsCqe-GwLy%$-jRrnxw"
"venus.forte@edu.tbz.ch"|"o3%dpX-p7hfr6-TXRZ&m"
"almerinda.oluney@edu.tbz.ch"|"Fek2sK-irk&3X-6PKBbK"
"cleopatre.brehault@edu.tbz.ch"|"@dHSzp-5pYUyE-XFoucw"
"interessant.lapides@edu.tbz.ch"|"9@FtHY-PG4l2o-04rQm8"
"reserves.hallatt@edu.tbz.ch"|"OxWtiP-OXODMI-rfCPTA"
"annotes.birdwhistle@edu.tbz.ch"|"OhBtn0-O$C8xU-G3Kc#3"
"ai.dredge@edu.tbz.ch"|"nDqwRA-hjkHw2-yZmN7a"
"megane.mussard@edu.tbz.ch"|"URcvvh-hI4EnH-53b#yZ"
"esbjoern.gowrich@edu.tbz.ch"|"okNun&-khWDNH-aNw4QL"
"boerje.brislawn@edu.tbz.ch"|"3xL0op-09#g&a-aLWEsN"
"becassine.wilce@edu.tbz.ch"|"s4m1Db-gBJAC0-pZizZv"
"personnalisee.oels@edu.tbz.ch"|"sn166R-E5rd8Y-S9Zpak"
"verane.pett@edu.tbz.ch"|"akXG2I-Fblolr-lcKWvl"
"marylene.glewe@edu.tbz.ch"|"FJScwi-Ez@ndF-aROm5d"
"lai.elson@edu.tbz.ch"|"ccO9%W-vIP0tp-CRD9P2"
"serena.difranceschi@edu.tbz.ch"|"D5I8Fc-ihvhIM-KSXV3x"
"lie.espinel@edu.tbz.ch"|"Z5LVP0-4NdNjw-2$JMWL"
"marylene.fantini@edu.tbz.ch"|"VonRt5-bTg7@g-Fs7GAh"
"andre.archdeckne@edu.tbz.ch"|"Y&i2CW-6NbYyP-63KJRA"
"goeran.bohlingolsen@edu.tbz.ch"|"s7bQ9c-qNWjh7-$S8j#Z"
"cunegonde.heffer@edu.tbz.ch"|"2%1iM8-DUcJZU-&Itn6J"
"tan.fechnie@edu.tbz.ch"|"k4oSjU-VJ&jF$-Brziwa"
"marie-noel.brammar@edu.tbz.ch"|"gvbSza-KloI12-WtBOB2"
"simplifies.aven@edu.tbz.ch"|"Y3t3Xh-4rUaQK-DJqw82"
"melys.pinchen@edu.tbz.ch"|"DMwbuy-H$N2qv-wU3ulm"
"edmee.joyner@edu.tbz.ch"|"PD%AXE-UfRtJ$-CXuS9r"
"berengere.edess@edu.tbz.ch"|"v$LWVO-FJTkGV-tLw6Lj"
"marie-noel.goward@edu.tbz.ch"|"LtQZlj-Mljwjy-yIZzaR"
"ju.edmons@edu.tbz.ch"|"%zNaYy-9B8yN7-w5Grqs"
"frederique.airds@edu.tbz.ch"|"Xuop5p-mChlJ8-MDnz@9"
"reserves.dauby@edu.tbz.ch"|"ZELYB0-cWK7i6-DYn0se"
"hakan.gynni@edu.tbz.ch"|"q6ajK$-OkuuWw-0%k$RB"
"leonore.pinwill@edu.tbz.ch"|"ZONH8v-oVKSjf-SpN$lt"
"marie-eve.mcallan@edu.tbz.ch"|"KrbaY5-OCD@%a-$VAH0E"
"naelle.yeabsley@edu.tbz.ch"|"G9DEzk-aF$1hY-URE7sY"
"nelie.jacobovitz@edu.tbz.ch"|"P&X5@R-y278$r-$@e2IL"
"adele.conelly@edu.tbz.ch"|"yHNQ1v-M8UWne-1RVfN%"
"clementine.dondon@edu.tbz.ch"|"$zfOyG-@wyngE-z2BZYj"
"zhi.willcot@edu.tbz.ch"|"HlL6ml-$rfMVp-#qboN$"
"chloe.janicki@edu.tbz.ch"|"hyLty7-$fDJZ4-#rsYfo"
"meng.linde@edu.tbz.ch"|"4eCzg%-OWTZQj-@UJeBJ"
"celine.janisson@edu.tbz.ch"|"XtjcpL-&vyb5O-2nbC2w"
"clelia.crow@edu.tbz.ch"|"a@9l%v-xjkbPb-Bjelm1"
"cecile.pyott@edu.tbz.ch"|"HNlUBb-$%KJbJ-l4v%bq"
"ma.fidelus@edu.tbz.ch"|"HG2SDL-zk5L4S-qpIQt#"
"marie-helene.poore@edu.tbz.ch"|"u#n&2q-S8$wqn-s1nQTR"
"elies.blanket@edu.tbz.ch"|"kpZ8K#-3dY@SC-QPgLS#"
"yu.boyer@edu.tbz.ch"|"RnmJMn-ozM$P3-43&dLG"
"celia.welds@edu.tbz.ch"|"jtJoVs-Kh9jYn-Oyi$aE"
"du.gunney@edu.tbz.ch"|"Xtc7d8-1ft9%5-RI#8fz"
"goerel.crush@edu.tbz.ch"|"GIg9kp-XE8&@j-zZ%JOc"
"marie-josee.brosius@edu.tbz.ch"|"rPNfv3-YRvQNI-@L%duF"
"camelia.adds@edu.tbz.ch"|"6cpDpx-tVw3sB-4u#V@V"
"anae.irwin@edu.tbz.ch"|"4nyVAv-TgWl9M-nMDxrW"
"cleopatre.skeffington@edu.tbz.ch"|"l&gCMZ-LK&5E9-8lo&A%"
"gerald.suggate@edu.tbz.ch"|"OQhvSX-3DhDeO-keizhi"
"laurene.tailour@edu.tbz.ch"|"utFSht-epC%Ri-&JeEcK"
"amelie.hoble@edu.tbz.ch"|"h6Jy6G-u$4DFJ-tWDyjB"
"venus.getch@edu.tbz.ch"|"ffNCJT-%HqPDY-Oa6G@D"
"renee.treby@edu.tbz.ch"|"Ya2%cH-sHKivm-nLLZm8"
"almerinda.stait@edu.tbz.ch"|"rXtuQL-hRGEBA-K0mvp5"
"andree.reddecliffe@edu.tbz.ch"|"dq@O@1-#Y$ze&-5VjWVK"
"leone.wintle@edu.tbz.ch"|"M7ssG3-KkSh1C-D%x3Er"
"gerald.fellow@edu.tbz.ch"|"FBD#1V-a3yjXG-Bh@iSJ"
"ju.gudger@edu.tbz.ch"|"uKpLPN-tgJYaH-wICz4N"
"meng.ohaire@edu.tbz.ch"|"OINlK5-cB$Lbt-B4jN4D"
"cleopatre.missington@edu.tbz.ch"|"SPFEuT-45lGAy-ps6E#@"
"annotes.debruyn@edu.tbz.ch"|"J8Lhv7-MnGW$T-myHwhE"
"gerald.sinisbury@edu.tbz.ch"|"KM@251-AAbupx-fP6UaS"
"creez.slora@edu.tbz.ch"|"Ww34Nj-9&IWKY-sfvqoW"
"gisele.benbow@edu.tbz.ch"|"EjJTDY-eLZMr9-MFD1KR"
"pal.dossit@edu.tbz.ch"|"k#mb48-iP@@5J-hwXKpN"
"nelie.stirrip@edu.tbz.ch"|"%@zOvj-P47F9j-1D&TYg"
"alois.ocrigane@edu.tbz.ch"|"qB1W9C-lgj9y9-OBkHN1"
"kui.mcterry@edu.tbz.ch"|"5JoyRv-uRICUn-Vmw3E$"
"long.willgoss@edu.tbz.ch"|"nVp5%N-jA#yHR-2iEy1n"
"francoise.sumpner@edu.tbz.ch"|"bxb@pO-wMEand-mf8wYF"
"maely.grinstead@edu.tbz.ch"|"4LjQ@t-bgAh4q-fjzG#o"
"creez.langeren@edu.tbz.ch"|"Oe%rw8-fjwNbV-TYmQ18"
"adele.dungate@edu.tbz.ch"|"a#&v#s-DvT3Cz-qDRGaR"
"cleopatre.noirel@edu.tbz.ch"|"wMD41i-4az&Zf-hwFwQo"
"interessant.daverin@edu.tbz.ch"|"A7ff74-0Clfqi-NCnWmB"
"naeva.kalderon@edu.tbz.ch"|"SGZnhA-@Bp1uR-m@ir%v"
"anais.oshesnan@edu.tbz.ch"|"6lfVGW-ZhnOxK-bJJNus"
"judicael.anelay@edu.tbz.ch"|"BO8w4V-vKR%0V-T1apTT"
"eloise.braxton@edu.tbz.ch"|"vX8L@D-zew0Uk-Hid8O9"
"desiree.greguol@edu.tbz.ch"|"sgNRWw-3bp&@g-BA1nrZ"
"maite.mcclenaghan@edu.tbz.ch"|"QQFLFi-5cv%HL-T77#KR"
"meng.doret@edu.tbz.ch"|"7Ci2YV-hF3C8f-oVPepD"
"frederique.chippendale@edu.tbz.ch"|"#UohP9-cVniaX-TQn3Go"
"andreanne.lanney@edu.tbz.ch"|"NAwSr0-ixF#%8-XvzAe1"
"aurelie.claus@edu.tbz.ch"|"kt@8Py-%FfqYy-ID$siv"
"renee.pabel@edu.tbz.ch"|"QuIeTR-I$h@EG-Z6MHGT"
"maena.roust@edu.tbz.ch"|"@wtwZr-bFS@gs-shOmCP"
"nadege.carwithim@edu.tbz.ch"|"Vc@yo1-xbxhKG-$xM3QD"
"solene.geyton@edu.tbz.ch"|"WQ2mDE-ldK1dM-HjYz&h"
"dafnee.avraham@edu.tbz.ch"|"VWqy8h-%691bd-0QjuxY"
"leane.woolvin@edu.tbz.ch"|"Z4@tsx-Gm7tvt-mMOBT3"
"adele.macadie@edu.tbz.ch"|"l58a2B-&ej5Xb-9IDHtN"
"meline.rubica@edu.tbz.ch"|"j8xUFA-hgncTj-QwuYhE"
"marie-noel.speeding@edu.tbz.ch"|"DNGVns-AQWkbd-osJxwN"
"nelie.mix@edu.tbz.ch"|"Qyy3vz-@Tavy4-rUofsd"
"clea.ollett@edu.tbz.ch"|"&xoL5o-JN&I9c-lNkfHZ"
"leandre.mcgavin@edu.tbz.ch"|"3bFzZE-nm@SwJ-pM5g2D"
"cecile.behne@edu.tbz.ch"|"G5yTM0-$qxhYP-UZMt9W"
"melanie.polle@edu.tbz.ch"|"KiUsFS-Z$zlef-ZInG8O"
"marie-josee.titmuss@edu.tbz.ch"|"nTuCNV-dX&o17-n5ZcfT"
"helena.guest@edu.tbz.ch"|"&zJQhT-qQBkE@-%#&str"
"annotes.chicchetto@edu.tbz.ch"|"pXbXJ7-TZ&JJ0-e7bbpO"
"melia.tubb@edu.tbz.ch"|"#COPVD-1QYBKl-amZcT9"
"angelique.casetti@edu.tbz.ch"|"tI3tOS-Y5TGRk-BH%Rab"
"cunegonde.cleall@edu.tbz.ch"|"lj0C7Y-1wnnA2-Z931dY"
"camelia.oaker@edu.tbz.ch"|"I3Ui1d-5tx@9M-B@M%gK"
"you.searight@edu.tbz.ch"|"5Wr1sR-d2NNfa-Rt&Nsa"
"kevina.dederick@edu.tbz.ch"|"Y&wr5H-C%dLHy-mIazoF"
"milena.jeffrey@edu.tbz.ch"|"axEWo1-XoQ8pQ-4i6Z6y"
"melodie.barkshire@edu.tbz.ch"|"HcCktH-6PG3hi-51UISM"
"gaelle.kreutzer@edu.tbz.ch"|"#FRSN9-%vIyIN-A1r#Ga"
"kalliste.kleinpeltz@edu.tbz.ch"|"lcyOcg-jCMQDg-0&0PUq"
"clementine.danat@edu.tbz.ch"|"TZ$U9V-JhU2k3-RQVOW8"
"andrea.wabb@edu.tbz.ch"|"fhZgKs-fbKe0L-wU3%CY"
"geraldine.piesold@edu.tbz.ch"|"krl9ec-Pu$Oyb-brCAz2"
"tan.fiveash@edu.tbz.ch"|"dOfXpo-gdiWC%-3rLkcb"
"meline.yuranovev@edu.tbz.ch"|"djXl1P-q1$f0V-LSVkuE"
"therese.holme@edu.tbz.ch"|"it4575-FpcuX7-tQHlbi"
"salome.vaney@edu.tbz.ch"|"K1MEnG-qJTqu8-2guGTs"
"anae.abramson@edu.tbz.ch"|"S%yIs@-EKvDf4-q8psCI"
"kalliste.jimson@edu.tbz.ch"|"3QLep@-We0lYX-22TXrq"
"selene.yole@edu.tbz.ch"|"PMWixi-YfDP5I-7@Z&8g"
"agnes.defraine@edu.tbz.ch"|"$BUdF%-8rOrLm-9kUYFl"
"faites.mccluin@edu.tbz.ch"|"e1V3BC-Bl1Qae-I$jntD"
"athena.deme@edu.tbz.ch"|"KejSPS-YE534Z-QjI2CE"
"daphnee.brigstock@edu.tbz.ch"|"19JQbM-4@EIoA-KY6vq#"
"goesta.skaif@edu.tbz.ch"|"OTTJsI-gb3Ubn-12H22A"
"oceane.jagoe@edu.tbz.ch"|"kK0S03-Ymy6js-rkIP0w"
"annotes.broomhall@edu.tbz.ch"|"xMoNLK-%7m%dc-E6vqVa"
"marie-eve.ballendine@edu.tbz.ch"|"%8it3b-vLe0kb-Y9kq#L"
"melina.spykings@edu.tbz.ch"|"9cW3#U-Xv$U1E-at$Kbg"
"laurene.ticehurst@edu.tbz.ch"|"i1Cm84-Jw24d7-IZJ&u5"
"fei.avramovic@edu.tbz.ch"|"7VG0h$-n$ZpKW-kQeUKL"
"publicite.strathearn@edu.tbz.ch"|"2r5jGH-4v#xsF-DQFx8m"
"torbjoern.garrow@edu.tbz.ch"|"Xk38oK-hGOTT8-mduDQM"
"chloe.rubinsztein@edu.tbz.ch"|"OiNrn%-g#rmaQ-dV4TZg"
"mylene.demanche@edu.tbz.ch"|"PLpmgK-ixpPGY-rWynxS"
"mediamass.godlonton@edu.tbz.ch"|"V18nPx-wCEXYd-Za#2Lx"
"renee.shurrocks@edu.tbz.ch"|"8nRQ2k-%gUuBO-R5kYfw"
"maiwenn.jedras@edu.tbz.ch"|"udIvy&-JtGSOS-way5G3"
"genevieve.castells@edu.tbz.ch"|"04$$ZN-uhHSYy-jrGCG#"
"renee.sneden@edu.tbz.ch"|"KDx@pM-m@YU0D-hNysCN"
"lai.mccallion@edu.tbz.ch"|"5eVBXT-QJJo6Y-B8%#WC"
"kevina.impleton@edu.tbz.ch"|"J9w0uV-RItyVX-pr@RcE"
"oesten.fresson@edu.tbz.ch"|"IBOig2-CLrgo8-Wtz&iz"
"verane.shawley@edu.tbz.ch"|"SBacvy-wWcNPZ-o8M%7b"
"uo.sjostrom@edu.tbz.ch"|"g6X6FW-$T#FCx-gJ#XUH"
"gisele.gothup@edu.tbz.ch"|"k$b%LS-9m9QyV-x9qiG&"
"renee.beauman@edu.tbz.ch"|"yMr#Ls-GJL7ka-u$Iofv"
"elies.loton@edu.tbz.ch"|"YZSWJ3-UZMXQ@-kC&dt@"
"valerie.elsmore@edu.tbz.ch"|"kvECT1-eJnecG-dW41PV"
"berangere.delafeld@edu.tbz.ch"|"4sF#xc-eKEITb-Fp%shH"
"bjoern.schimke@edu.tbz.ch"|"6uIb%X-a1h##p-b$54KW"
"loic.ericssen@edu.tbz.ch"|"RzcTaI-SNnRrz-Gv2xoP"
"creez.richarz@edu.tbz.ch"|"lB@Zn3-LwgfCJ-a3y7rB"
"athena.grocott@edu.tbz.ch"|"YBNBNB-@dL0XN-jXDvFj"
"naelle.piotr@edu.tbz.ch"|"qDtgOU-czPWfL-dQxIKX"
"maella.paulson@edu.tbz.ch"|"AS@ukk-ffYJoU-ZxZQRh"
"song.perot@edu.tbz.ch"|"aTlM47-SZtJdD-6Yt7kV"
"kalliste.heckney@edu.tbz.ch"|"pLhNl4-JTkLwO-AGW97L"
"ake.vasyutkin@edu.tbz.ch"|"JKER@z-$IetVg-kwsPQX"
"ma.castles@edu.tbz.ch"|"9HSP@r-IOl@o@-oIqrKF"
"maely.monget@edu.tbz.ch"|"ZhUO93-i9iUKb-u0fAVm"
"tang.durbridge@edu.tbz.ch"|"7MjbUN-4rh1lK-bkcGru"
"laurene.andrew@edu.tbz.ch"|"Q0TZ3T-@r#oll-OlLEcq"
"lysea.beacon@edu.tbz.ch"|"vx%yvd-%q%Yq@-wK%zAv"
"leandre.peyntue@edu.tbz.ch"|"@Vq%Ua-@YFsIf-AYmt@b"
"rao.trever@edu.tbz.ch"|"rosP6&-8L&KWO-E3y5&Y"
"mahelie.streader@edu.tbz.ch"|"Zm#$eN-V&hv@%-7lM3yv"
"maerta.andrejevic@edu.tbz.ch"|"r3M2dN-J#YZY2-JJGrFK"
"goesta.tompkins@edu.tbz.ch"|"Rz7LhG-B#OFq8-2fafr1"
"helena.agates@edu.tbz.ch"|"T%ZuxT-iRTgqF-@@nKjP"
"therese.glass@edu.tbz.ch"|"&rw6mt-3nLF2N-M11o5j"
"alois.foan@edu.tbz.ch"|"49QZyN-7q0g1j-C2dSHu"
"becassine.melchior@edu.tbz.ch"|"5wFCuL-I@Dfop-4At23Z"
"cloe.robart@edu.tbz.ch"|"wrnWtq-jxjucV-LvCwS1"
"daniele.puckinghorne@edu.tbz.ch"|"rsj1Nv-mbf@%x-gHtsiZ"
"selene.cammidge@edu.tbz.ch"|"Ma2saE-@d&cxM-oZqS18"
"regine.conochie@edu.tbz.ch"|"CTdq2u-lca#Ib-RsLICc"
"interessant.tuiller@edu.tbz.ch"|"SMquO5-EdTBEJ-2bnVZY"
"long.tiebe@edu.tbz.ch"|"i1LYR8-o@e2So-4slxE1"
"mans.yele@edu.tbz.ch"|"YwW2mp-m&EbjV-w&qLjP"
"ai.giles@edu.tbz.ch"|"$tRXZ$-ohD@uf-0p561E"
"gaetane.hamberston@edu.tbz.ch"|"mNxwcO-#jKM%&-uAG8#8"
"marylene.fenix@edu.tbz.ch"|"2ahy#U-C&FlKt-LV1ztT"
"geraldine.graeme@edu.tbz.ch"|"86AWkj-#DNfel-HNfzDE"
"tang.kinglake@edu.tbz.ch"|"IXbmB$-pgeGE0-DJ%n&J"
"lai.challoner@edu.tbz.ch"|"DVZV2X-lQ6aRi-nuSFuf"
"desiree.mattei@edu.tbz.ch"|"Gp%e6M-hwzqKh-ObH$DS"
"ake.erley@edu.tbz.ch"|"FCq4Xs-EnREK#-JpyX8t"
"edmee.cavil@edu.tbz.ch"|"RFJaY@-F0jFLH-yQRHEd"
"alois.moyes@edu.tbz.ch"|"sKZf#B-TTjH0H-vrJr4g"
"becassine.pitman@edu.tbz.ch"|"RGJkoo-hFWiB#-zdH8tz"
"ai.giacovelli@edu.tbz.ch"|"Ee9I8#-t&7GpK-HRVJXA"
"judicael.fruchter@edu.tbz.ch"|"NvxX%y-EfLU0M-3rozLW"
"mans.mogg@edu.tbz.ch"|"$8MbS9-VCxMNd-0d8vTI"
"gerald.foyle@edu.tbz.ch"|"K4zqav-HJq%Af-Oa#k#j"
"wa.androletti@edu.tbz.ch"|"w9ZQtw-I#N$to-#DZ$3s"
"meng.ollett@edu.tbz.ch"|"dT2lPw-p8gPpL-DyDwX1"
"naelle.macmenamy@edu.tbz.ch"|"L8jQY2-0va1j#-Yb5JFs"
"gisele.mcramsey@edu.tbz.ch"|"VZJbrw-doEg7o-&zY7yo"
"meryl.scolts@edu.tbz.ch"|"$DC3oF-@pxFl7-@lI048"
"celia.bloxsome@edu.tbz.ch"|"$mUqEo-31jOf3-uxcY0M"
"styrbjoern.stuke@edu.tbz.ch"|"pV4mYL-uwyL$V-mGcN8S"
"felicie.gwilliam@edu.tbz.ch"|"YJgaCM-SRGmKk-Ghthh$"
"da.harms@edu.tbz.ch"|"fYlu4C-XM61QR-PLybxc"
"celestine.baulk@edu.tbz.ch"|"7IzYfS-ZAd4Qv-KKKgs2"
"mahelie.blackledge@edu.tbz.ch"|"A$hkl5-&3%VB4-#$mg2N"
"meghane.salt@edu.tbz.ch"|"YN9hgu-rjwEai-pL@RMK"
"methode.paxeford@edu.tbz.ch"|"iSi@zy-&INnLu-o$t8pQ"
"asloeg.milligan@edu.tbz.ch"|"G5ZvSB-Yh0Jxy-TbkOVm"
"you.pellman@edu.tbz.ch"|"ltrf%w-YWv@Zl-33@iTc"
"loic.regenhardt@edu.tbz.ch"|"&xOWW2-BSQVDT-j%vrkE"
"daniele.savill@edu.tbz.ch"|"oE98jC-aNYp6h-5oBWUk"
"alois.cornu@edu.tbz.ch"|"BfR&@1-PgIE%#-0rFj$P"
"oesten.govey@edu.tbz.ch"|"MajC9n-R4m&7h-NzXNnO"
"marie-eve.louch@edu.tbz.ch"|"mo4H6W-hweLB#-JsLA@0"
"theresa.wenn@edu.tbz.ch"|"AcVYi9-rda$KT-$WU8XB"
"andree.eul@edu.tbz.ch"|"5MiNQd-PK7$tb-#WKT2f"
"lie.paynton@edu.tbz.ch"|"b57HCa-j32YXz-2x1hv5"
"marie-eve.girodier@edu.tbz.ch"|"csCDUg-wPnjhp-RxBBF2"
"marie-noel.smithe@edu.tbz.ch"|"H@OYoi-&YS8AW-6#v6hj"
"men.bootyman@edu.tbz.ch"|"@gQuat-xA8O3E-gnmaWq"
"ku.sugg@edu.tbz.ch"|"oX#iUf-rghl@v-C4G%Qu"
"lucrece.roseman@edu.tbz.ch"|"rdnm#Z-G%pKyE-RfBd5c"
"zoe.annear@edu.tbz.ch"|"X3R&EB-NuxRzm-u%rT&o"
"marie-helene.rennebach@edu.tbz.ch"|"qCVsOL-7PoliX-p0%wlp"
"lea.djurdjevic@edu.tbz.ch"|"@MUme%-@0TVmL-&O52wD"
"goerel.robert@edu.tbz.ch"|"MC#yYg-8ya9ei-RVoBvA"
"mylene.foldes@edu.tbz.ch"|"sGJkpR-UQTZtM-KtY9oC"
"faites.clegg@edu.tbz.ch"|"IsQXOH-8Zd4ee-ctZ2hy"
"marylene.crowcher@edu.tbz.ch"|"2A8csF-9R9Yrp-p$Vp6P"
"aimee.wimpeney@edu.tbz.ch"|"VmJLFB-922S#3-fA5ori"
"renee.atkins@edu.tbz.ch"|"pq$56a-XqFMlY-SPc%72"
"rejane.cainey@edu.tbz.ch"|"7fH3zW-%pEbWk-hxNtAV"
"solene.britney@edu.tbz.ch"|"%5Hkvv-pUyIJ@-oTuIyk"
"marten.shatliffe@edu.tbz.ch"|"IwRIWP-otpQ1k-KWcy#d"
"maite.issatt@edu.tbz.ch"|"8jUPup-b$HsQt-O@h1i3"
"maelyss.edon@edu.tbz.ch"|"QYxZaT-z@Ii23-FKD1dx"
"nuo.bamling@edu.tbz.ch"|"s$tdCM-2KFD1Y-UU9qEN"
"anais.edards@edu.tbz.ch"|"9KcsRO-qQ&fq9-&VFo35"
"mediamass.bromet@edu.tbz.ch"|"a6O2UN-O##OVT-w%H2@O"
"beatrice.kimbrey@edu.tbz.ch"|"kQMEbd-E6dJV&-HV6RPx"
"ines.lawranson@edu.tbz.ch"|"zFdbPI-Lvu9Gw-dR$&DT"
"kalliste.scandroot@edu.tbz.ch"|"2tI3cZ-eSZ1@I-0yV5IB"
"mans.barrowcliffe@edu.tbz.ch"|"@yobgZ-ZLI6co-0mnGEe"
"irene.couves@edu.tbz.ch"|"@Moup@-1j9dck-y&m1bQ"
"milena.mucci@edu.tbz.ch"|"MeKOa4-oz6igu-o%RtSw"
"naeva.cow@edu.tbz.ch"|"fiihLy-&7xaME-paL#dH"
"audreanne.mournian@edu.tbz.ch"|"Fl6zbX-Cs&qud-wxzMAl"
"melia.sinnatt@edu.tbz.ch"|"TXjNd1-T5$sVU-M&%Iyl"
"nelie.burnard@edu.tbz.ch"|"4gDUCY-AWcUzq-iu#0L%"
"clelia.ashfull@edu.tbz.ch"|"pu79xA-izslfB-ghAgk#"
"lie.macard@edu.tbz.ch"|"vZKtjs-9u2N%k-#1xnmr"
"valerie.matoshin@edu.tbz.ch"|"&Mg#r&-9awtk3-Zz7c1t"
"anael.hatherleigh@edu.tbz.ch"|"D63lUi-mul9TH-H7AL&4"
"interessant.warratt@edu.tbz.ch"|"tnZ5FD-@2OTqN-vGgLUH"
"eleonore.volage@edu.tbz.ch"|"s$XBaC-KQDjfa-YPTmkb"
"zoe.stebbing@edu.tbz.ch"|"ohP@vl-kAXU1o-Qxzb#l"
"alizee.nye@edu.tbz.ch"|"Ba1aQy-GeYewG-eFan49"
"celestine.bramley@edu.tbz.ch"|"5&yxgv-IP0v%K-wNcaVB"
"selene.philcott@edu.tbz.ch"|"zHL0IX-B4LpKD-vVDAc8"
"tang.newens@edu.tbz.ch"|"k@wNYg-kp7#OE-RAbOgt"
"annotes.powys@edu.tbz.ch"|"3imjJk-ljhUBG-v1QD1N"
"lea.matthesius@edu.tbz.ch"|"8x3YAF-Q@SjRi-QdBy@M"
"illustree.garlett@edu.tbz.ch"|"C5JN&m-iKECnX-&sp3CC"
"maiwenn.meachem@edu.tbz.ch"|"$c$&QF-IBOLEo-3qvNVe"
"marie-francoise.mcbrady@edu.tbz.ch"|"@GPnSB-vcevH7-UW18i3"
"illustree.gimbart@edu.tbz.ch"|"B3aQyA-93r4Bq-MIxdQr"
"melys.lyosik@edu.tbz.ch"|"Q1WzKB-EG1bqt-SHc8bp"
"marylene.mcnab@edu.tbz.ch"|"0kIhWR-#DwtKI-vV0f08"
"gerald.blount@edu.tbz.ch"|"dN7nUb-&PB7VA-06oKDX"
"clelia.shakelade@edu.tbz.ch"|"63iAs8-Vnk$8h-rR9CHb"
"penelope.cridlin@edu.tbz.ch"|"4ky8ku-Kj5TTi-Xzw8qm"
"maena.okuddyhy@edu.tbz.ch"|"9e1nq9-eG#Gx5-u#OOkE"
"athena.keynd@edu.tbz.ch"|"aKTyqH-Dh&k1K-p0XoJS"
"cloe.dwine@edu.tbz.ch"|"oaTKbL-eVDezk-&3AOH7"
"josephine.browett@edu.tbz.ch"|"xLGJhq-5m1ABw-vUVwBg"
"audreanne.oscanlon@edu.tbz.ch"|"$hB#XI-hZN3Vz-uB77lb"
"fei.jeanequin@edu.tbz.ch"|"HRghN0-8F$gfT-wtNF6d"
"lois.gormally@edu.tbz.ch"|"ZdgbJi-Q$#GW&-7osSLm"
"marie-francoise.finnigan@edu.tbz.ch"|"d#mghV-ycpr22-qmwR7I"
"leonore.trussman@edu.tbz.ch"|"vp8MAm-&ImMjL-uX2dcT"
"anaelle.trumper@edu.tbz.ch"|"CpkQsB-uHTdMw-c&Sx7g"
"clemence.dionis@edu.tbz.ch"|"4C0gXq-B$NwzG-GN57UT"
"lois.tranmer@edu.tbz.ch"|"#bj7w2-&eSbB0-b4CB#$"
"interessant.volett@edu.tbz.ch"|"#TAoSf-RSAkiR-yXydiO"
"personnalisee.deackes@edu.tbz.ch"|"hZ&uH0-ybmx@v-0k8reg"
"lie.vasiliu@edu.tbz.ch"|"g2&lF1-CFnesr-l$Ft8E"
"dafnee.lamputt@edu.tbz.ch"|"B3yh9S-OG%45&-hL@bw%"
"elies.bromige@edu.tbz.ch"|"9ZSvW9-BPWjN8-wklLJo"
"helena.klosser@edu.tbz.ch"|"Tw9I56-nW156R-9ljB3O"
"andree.grim@edu.tbz.ch"|"a#WM7r-p2vQm7-%OmR$y"
"verane.coldbath@edu.tbz.ch"|"I&DRwV-aSBTuI-eVjn8s"
"helena.bethell@edu.tbz.ch"|"EyG0WV-x7Z6dz-Qrra1q"
"kalliste.carefull@edu.tbz.ch"|"HfxNEH-CeoTF#-ewdvVo"
"regine.odams@edu.tbz.ch"|"usZsgn-I6kaNv-hSmQc$"
"len.stannus@edu.tbz.ch"|"5ECAiO-OEprH&-ZFCVyW"
"angelique.works@edu.tbz.ch"|"sXZcRk-qSkRwz-jB86q4"
"goesta.rheaume@edu.tbz.ch"|"ttx$RT-CQNa4Y-kJ0nDf"
"maelys.tynnan@edu.tbz.ch"|"pLp18Z-KoL7Mw-z@ei9r"
"maelle.carlesi@edu.tbz.ch"|"jB28cR-xUM20v-IvZybA"
"anael.spurden@edu.tbz.ch"|"umxqIN-D1wH&&-gCJqXp"
"helene.pumfrett@edu.tbz.ch"|"F6UaNA-rNNIu@-d@2brx"
"goerel.pearn@edu.tbz.ch"|"zPS4gp-3h8Suv-Q5%QrQ"
"laurelie.dezamora@edu.tbz.ch"|"GXwPNr-D%O8b7-0VfR4q"
"yao.twidale@edu.tbz.ch"|"aWpi55-lPWhmG-vldz#D"
"berengere.sola@edu.tbz.ch"|"CAG@dQ-eNaNcC-arPYSD"
"maelann.hardistry@edu.tbz.ch"|"v8$qhy-%9VJ2c-7sF#&m"
"severine.littlefield@edu.tbz.ch"|"Fv5#Xi-7@dJ5&-4db%uI"
"salome.heinl@edu.tbz.ch"|"q7tYCf-d1HBmQ-z2sAEz"
"meryl.warbey@edu.tbz.ch"|"KFhvI7-$CYmdC-ZC1UzH"
"da.hunstone@edu.tbz.ch"|"uTZAlF-z$l@ZH-R%AJiH"
"venus.broadbury@edu.tbz.ch"|"tfCb20-06#sr4-k9tSaC"
"meghane.rentelll@edu.tbz.ch"|"Y$zoMr-7d5sui-Xws$6s"
"marylene.drewitt@edu.tbz.ch"|"a8RZ$K-f$GWDf-SFmZwY"
"melinda.jacquemet@edu.tbz.ch"|"x9Vf&B-o$tgT3-cRVgbv"
"marie-josee.keyden@edu.tbz.ch"|"Hbq%wI-OHS4Ee-irCUpg"
"asloeg.montacute@edu.tbz.ch"|"M8BhNJ-AKRhQn-DTjUHj"
"ku.andreou@edu.tbz.ch"|"IoMpxf-FXgidK-D#4M21"
"personnalisee.feaveer@edu.tbz.ch"|"Rh4zRu-cTaSxQ-G11%98"
"laila.emptage@edu.tbz.ch"|"okSu1i-zj5IaD-7I%xe1"
"bjoern.dawdry@edu.tbz.ch"|"2ueDZN-D%mtnC-9XmfC%"
"marie-eve.dinsell@edu.tbz.ch"|"LMWfeQ-F2pKII-ux13Tr"
"helene.follett@edu.tbz.ch"|"fEEhVc-w1bl1K-La6gXr"
"penelope.cordero@edu.tbz.ch"|"OC#aZy-&0aWM$-17@7YS"
"boerje.beedell@edu.tbz.ch"|"EUA@Wz-pjDyGF-k%@jqj"
"nelie.ferne@edu.tbz.ch"|"U@epcP-SmytgY-wokMUU"
"celine.ahmed@edu.tbz.ch"|"r3crXB-slR&%r-fMk7WN"
"stevina.pimblett@edu.tbz.ch"|"3FbBZJ-2c&vc$-zO09NA"
"chloe.langlands@edu.tbz.ch"|"2EuHr%-$uAyhC-SGbLRe"
"simplifies.maude@edu.tbz.ch"|"NQ&7Mr-WyIPM0-b3rSdX"
"genevieve.decarteret@edu.tbz.ch"|"jjtYEg-jzjgng-qmuI7B"
"marylene.mughal@edu.tbz.ch"|"EU%odJ-1lSnle-eJY9HD"
"goeran.guttridge@edu.tbz.ch"|"3gRvlc-Lg#FBD-30kWo4"
"michele.smurfitt@edu.tbz.ch"|"DEJu$0-78XWQi-$3RX0G"
"methode.hadeke@edu.tbz.ch"|"52EJPK-Y@gmeM-oAOrgi"
"therese.rispine@edu.tbz.ch"|"0yOUZr-mF5eNV-@4i9T9"
"goerel.plumley@edu.tbz.ch"|"gd$QJg-Hb1EW&-Gj@yK&"
"oceane.friett@edu.tbz.ch"|"zjCBPs-uPTw8f-pmE4$K"
"marie-noel.achromov@edu.tbz.ch"|"JmBQ7#-WN%ggW-TErLBh"
"dorothee.storek@edu.tbz.ch"|"QU%PfB-#VvaXe-StdGTy"
"goesta.whittle@edu.tbz.ch"|"Z$#1%e-Y6DWOF-veOzUI"
"desiree.casely@edu.tbz.ch"|"jZAGl3-wB&mw3-A4LYHq"
"felicie.condon@edu.tbz.ch"|"#SHn@M-W4@YyB-2vCJKX"
"maelyss.frisdick@edu.tbz.ch"|"nBDUBX-IabNpJ-lOzutL"
"aimee.banke@edu.tbz.ch"|"tf%H%&-PZOu6n-dGGmg8"
"naeva.hodcroft@edu.tbz.ch"|"%maNRD-wNsHlO-rwwm4F"
"laila.gerrans@edu.tbz.ch"|"N93mKL-3Yxqyc-W#r8j$"
"daniele.scrimshire@edu.tbz.ch"|"%6FM@p-OzL3EX-lZmq5L"
"daphnee.sheerin@edu.tbz.ch"|"k1WY%E-EyM&8H-yw353K"
"pal.vanyukov@edu.tbz.ch"|"zCdZf@-5Imkw2-B%EdM4"
"zoe.childs@edu.tbz.ch"|"pIk2H0-HNX#BR-RjGCj1"
"ai.corde@edu.tbz.ch"|"oK9lTK-eXy0lI-Aupts4"
"maelys.berryann@edu.tbz.ch"|"we7TlU-VKh71T-ORfBP@"
"cloe.gladding@edu.tbz.ch"|"L2&cfX-kqgNyC-jIT6tl"
"wa.kinnaird@edu.tbz.ch"|"CXKTv7-XHdBxK-UJrw&O"
"publicite.brittoner@edu.tbz.ch"|"zeSX&J-Kd5R2w-Tv4%IJ"
"rao.windress@edu.tbz.ch"|"4wDyco-4#IfnL-afs9b2"
"uo.kollach@edu.tbz.ch"|"z#5&YJ-94mYTi-aw8zUm"
"josee.peskett@edu.tbz.ch"|"AZeLkQ-uPYXC5-n@0H8y"
"annotee.hasel@edu.tbz.ch"|"42rIBq-FJiVpq-AIAce#"
"cinema.lee@edu.tbz.ch"|"IeaWKC-2PCpqq-SXtT0t"
"lai.vedeshkin@edu.tbz.ch"|"c&hrh@-sP@j$R-EDdKSu"
"renee.brisbane@edu.tbz.ch"|"ikiflv-8eyEsh-Y#0@j6"
"ophelie.blincoe@edu.tbz.ch"|"duJ4ci-JJ6yhQ-yocB$3"
"zhi.prazor@edu.tbz.ch"|"hG&osM-gLHlaP-&lvfid"
"annotee.maddicks@edu.tbz.ch"|"G&xSdu-NJPkS4-%zkHdv"
"maelyss.codd@edu.tbz.ch"|"VomvNl-CqG#lT-SQ#KRn"
"celia.peplay@edu.tbz.ch"|"lr6MDM-k8$$hh-Yy4@XR"
"interessant.skone@edu.tbz.ch"|"@bjKMF-nlgUaE-Ojoo$g"
"audreanne.hebdon@edu.tbz.ch"|"QzV6$G-CXjWlk-zXJrVT"
"oceane.glen@edu.tbz.ch"|"nqJK#b-R#Eta2-%BEnEh"
"daniele.vanyushkin@edu.tbz.ch"|"LUKYoA-u8yLQt-E$w@bo"
"daphnee.ayce@edu.tbz.ch"|"dUzIOj-qcKoVS-dp7NrN"
"andrea.attride@edu.tbz.ch"|"mslvTJ-T3xw8c-2LYCeS"
"penelope.bridgwood@edu.tbz.ch"|"x&N%gJ-yQAR#p-utvag4"
"mailis.drewitt@edu.tbz.ch"|"FThoYa-vMk3P&-QtRyh7"
"penelope.mollene@edu.tbz.ch"|"XJV#Fa-kzXBjb-Bad9ee"
"illustree.keely@edu.tbz.ch"|"#hD7ne-TXi2&W-dgwK$m"
"meng.brisseau@edu.tbz.ch"|"MvP%N1-rCBRU1-p$pSFR"
"ruo.cleiment@edu.tbz.ch"|"du7RNZ-WoICwG-P7QUkt"
"maite.krammer@edu.tbz.ch"|"0ECJsW-u7kmSE-PycE#i"
"genevieve.verry@edu.tbz.ch"|"cNXAwb-8Z99M8-wGvoWU"
"lea.olochan@edu.tbz.ch"|"JsL6fe-L3@IHn-uNZwF4"
"naelle.brunnen@edu.tbz.ch"|"iUZnVq-b9PbJt-soMy9z"
"goesta.bragginton@edu.tbz.ch"|"4LnJcH-DcpO#b-JMAW$e"
"fei.danilyuk@edu.tbz.ch"|"ErIkkK-ZoOGgr-j%6MEE"
"adelie.turbitt@edu.tbz.ch"|"XM623I-PODroA-ZT#JW&"
"marylene.nutman@edu.tbz.ch"|"PL6ld%-FpvCei-bAzFTq"
"therese.barbrick@edu.tbz.ch"|"5njNfB-E&9j@4-JnDh3U"
"melys.kolodziej@edu.tbz.ch"|"uAF9we-%nE39&-eugK#C"
"melanie.runchman@edu.tbz.ch"|"Xrxws9-V730gN-$XK39A"
"serena.lafond@edu.tbz.ch"|"Af@m14-0g%ZMq-CteTRX"
"pelagie.desmond@edu.tbz.ch"|"A0HNFS-ZCFq%x-g&bqzv"
"wa.spickett@edu.tbz.ch"|"4FCPjG-60fHOz-PiA5VG"
"po.shave@edu.tbz.ch"|"$JVQ7Y-81U%JN-RNeo28"
"song.huikerby@edu.tbz.ch"|"XrpH6@-Sx3Y&w-WogqI2"
"melinda.bimson@edu.tbz.ch"|"la1dph-prduR4-czWC5o"
"personnalisee.toffanelli@edu.tbz.ch"|"8J0Pu6-&rKQpq-i@y1Gz"
"leandre.hurn@edu.tbz.ch"|"DUj7NN-5EqO5&-yItKyR"
"oesten.standell@edu.tbz.ch"|"TNB5i2-N%%c&%-d2zXam"
"naelle.smaleman@edu.tbz.ch"|"u$3oq@-@REvuG-AY2FAH"
"berenice.tayt@edu.tbz.ch"|"gDdm9p-BrEcHd-mH8jiw"
"kui.popplewell@edu.tbz.ch"|"K1zqH2-XiKe67-eOQniR"
"melodie.ferandez@edu.tbz.ch"|"i9HP7f-PtA7v2-7jVJ3h"
"josee.negal@edu.tbz.ch"|"AFruC8-SVljL6-$W#IiC"
"melissandre.ferrelli@edu.tbz.ch"|"XC6Ip0-cnlC$y-5BbABp"
"josephine.kemmer@edu.tbz.ch"|"aZ0QlM-Osej&4-KMi3Fc"
"maely.cayette@edu.tbz.ch"|"ED3ZOs-e5faCl-njGLen"
"nelie.vela@edu.tbz.ch"|"NMbBTf-PqYu3@-wwl23w"
"melina.cortes@edu.tbz.ch"|"KFh3cI-PXA5nY-EnqAJC"
"megane.leyshon@edu.tbz.ch"|"A39bWB-ir@eWe-0Xix5T"
"regine.harrie@edu.tbz.ch"|"b#KG2I-g7A7dT-CmFBi$"
"mylene.widdison@edu.tbz.ch"|"kMyU8I-@%$NTe-O#uUR$"
"pelagie.vivash@edu.tbz.ch"|"#ZGq5v-uahgFI-m25Qen"
"styrbjoern.vicarey@edu.tbz.ch"|"QSi5&w-kDcHsr-DgD2bz"
"long.kyles@edu.tbz.ch"|"YVz1WJ-7mIMw7-%HXPAP"
"stephanie.gipps@edu.tbz.ch"|"$Tp@zP-yo8rPU-L0@40o"
"clea.constantine@edu.tbz.ch"|"de1wBq-toea%q-zBgDzy"
"maella.cometto@edu.tbz.ch"|"5QfKLd-sMrVJ5-dbs#&g"
"laila.aubrun@edu.tbz.ch"|"IRGd5w-1QtxT8-2NC04$"
"yao.austins@edu.tbz.ch"|"to1lLG-bFjM0s-PMkeW1"
"mailys.rylstone@edu.tbz.ch"|"3f88Fd-OdCyvN-wLN@k5"
"adelie.curuclis@edu.tbz.ch"|"1Dv4mt-@yFygU-jZid3Z"
"celine.longhurst@edu.tbz.ch"|"w@amot-Oe0fRI-MfQhMN"
"gisele.hazell@edu.tbz.ch"|"vTvNTG-sG1SXN-hSIZ#u"
"celestine.ciccone@edu.tbz.ch"|"eY2FoP-$KtDgd-6M4D7a"
"maelyss.doole@edu.tbz.ch"|"Yi6HXv-%m8Png-Nx8I4K"
"helene.grimsdike@edu.tbz.ch"|"kKd#Kv-Xwlt3&-@O8W&K"
"lie.macer@edu.tbz.ch"|"mRTs5s-shLKEq-MA7cld"
"maely.izard@edu.tbz.ch"|"k7eWR0-dHMI5N-hhMCYa"
"erwei.breewood@edu.tbz.ch"|"JKN0Fe-$LKtkC-bfxl9%"
"chloe.woolford@edu.tbz.ch"|"eLWjN&-OoK&Gp-Rtcl4H"
"cleopatre.turpin@edu.tbz.ch"|"vdHQAj-#%q#EH-RIJ5dE"
"melodie.surgison@edu.tbz.ch"|"ZR5%56-q0U7U%-RdIPOC"
"elies.leander@edu.tbz.ch"|"Ah7wqg-7v7RBz-VxFRH5"
"mediamass.reignould@edu.tbz.ch"|"fCdrEc-&kM0uM-ej9q3n"
"celestine.wasmuth@edu.tbz.ch"|"AwFBzE-GuSPMI-iuOtcf"
"marten.jervis@edu.tbz.ch"|"A03sid-G#CAVM-fg#t4U"
"daphnee.bour@edu.tbz.ch"|"6FVP75-nymT#e-Ht6Qo2"
"regine.harlett@edu.tbz.ch"|"0&xtIm-k#zsyB-99xe%R"
"noemie.macaskie@edu.tbz.ch"|"Kmap16-CgnfQ8-3$3n6X"
"loic.renfield@edu.tbz.ch"|"IgHnna-Eq%uas-a6j&wx"
"venus.kleinert@edu.tbz.ch"|"aB@7@c-BU$vw1-bdaFf3"
"marten.burlay@edu.tbz.ch"|"m0rbrD-c2NQj8-Tnxi9w"
"berengere.radsdale@edu.tbz.ch"|"dlHGof-oPdtWT-P8Q0Ma"
"genevieve.duckit@edu.tbz.ch"|"M8pDJU-HHGW#f-OHfcQ@"
"maely.ligerton@edu.tbz.ch"|"wGGTt3-dIz77a-PosNA&"
"maeline.ricciardelli@edu.tbz.ch"|"&JOmOF-vj2@8s-6iObNj"
"personnalisee.yggo@edu.tbz.ch"|"Mm4HQ#-slSt0a-KsgDXn"
"alizee.pettinger@edu.tbz.ch"|"y4$bsB-nMHrk9-L6ZWiY"
"desiree.curnnokk@edu.tbz.ch"|"0q9jNw-ZBecrJ-aC%PCU"
"dorothee.minors@edu.tbz.ch"|"AlgPej-iFiR2z-VLODl#"
"oceanne.kopmann@edu.tbz.ch"|"AHBopP-Dsha&j-Vz%Zn2"
"almerinda.brodbin@edu.tbz.ch"|"A9UJ91-Rm%s4o-4qjGS%"
"yenora.carsberg@edu.tbz.ch"|"SwK%of-ZBqKtk-UR6SDd"
"wa.beetles@edu.tbz.ch"|"Df65&7-x8GU1W-34$luY"
"audreanne.abbot@edu.tbz.ch"|"N8zsGx-HOAc4p-Zp@9CY"
"noemie.capper@edu.tbz.ch"|"yjyGRe-VCdh9Y-h&tbqT"
"mans.abramamov@edu.tbz.ch"|"u94yJm-g9Z3V0-wDOzJn"
"audreanne.blakey@edu.tbz.ch"|"jwUyKk-mcBbyD-Kl6kE4"
"leone.klimpke@edu.tbz.ch"|"1Oa9xc-#H@cFi-PwuIz0"
"lie.croston@edu.tbz.ch"|"AJ8sl7-rSQ550-qP8kR1"
"anaelle.baistow@edu.tbz.ch"|"fYIQ0X-YsHmCj-6sfdC9"
"michele.garwood@edu.tbz.ch"|"tCZ02V-k9j%w4-&H5qWU"
"interessant.albion@edu.tbz.ch"|"b4Z9An-gwKcdO-DxvjNs"
"andre.brisco@edu.tbz.ch"|"ph7ZoK-ysY@23-Jwyzhy"
"tang.totterdill@edu.tbz.ch"|"BBdslQ-P2sMDc-dUWZob"
"marie-josee.braundt@edu.tbz.ch"|"skAKU3-DvEtcs-mJ3OBr"
"lois.galer@edu.tbz.ch"|"JKCTb2-YAnX6c-plaaa@"
"faites.pellamonuten@edu.tbz.ch"|"ve&q#Q-HzOCb3-hE4fyc"
"mai.barfford@edu.tbz.ch"|"wkp1A5-ZqFKc#-5b@rUQ"
"laurene.macilory@edu.tbz.ch"|"MhRnh6-&2%VEX-jdZhI%"
"elea.peak@edu.tbz.ch"|"CxyK5U-o$XyRr-jR662Y"
"rejane.doni@edu.tbz.ch"|"trGdg&-aPgwG#-mQvpCM"
"mahelie.ector@edu.tbz.ch"|"xPOgiY-dmWzJ7-RevAGG"
"rachele.allum@edu.tbz.ch"|"y38DK#-Is#SN0-NNToZq"
"laila.gerretsen@edu.tbz.ch"|"XCORMT-WBZ2&a-RAScDM"
"ines.bowman@edu.tbz.ch"|"IaqQ4x-ByyZXk-x%V2aW"
"publicite.barbary@edu.tbz.ch"|"aT&Gb$-bGhUhX-MD9YtE"
"mailys.smooth@edu.tbz.ch"|"k#7ANx-AStioI-cMkOiQ"
"mailis.huguenet@edu.tbz.ch"|"CBrZjB-FfZ#x4-1#QtMP"
"lea.ewer@edu.tbz.ch"|"JyCSb7-c4BNWk-cuwIn7"
