"email"|"password"
"melodie.vandervlies@edu.tbz.ch"|"ZAMD0R-yaIbZm-wwpHZB"
"angele.edgecumbe@edu.tbz.ch"|"4WY&yJ-1&#lkO-nGofV3"
"zhi.andreasson@edu.tbz.ch"|"7Cmy4N-1aFYLN-rL9awd"
"judicael.koppeck@edu.tbz.ch"|"wj6yDc-zsEtAh-WRkteq"
"berengere.capron@edu.tbz.ch"|"P723R1-DwAWbb-#v6BL7"
"leonie.brosini@edu.tbz.ch"|"4ZP2bB-Cp4APa-n&bZVp"
"venus.garfit@edu.tbz.ch"|"gwyT&@-Idqmy5-y@SpRy"
"melina.janota@edu.tbz.ch"|"aGU7lp-F52ASN-EEf3E%"
"laurene.bake@edu.tbz.ch"|"r$7u#Z-h@@stG-MVjFIF"
"regine.dorkins@edu.tbz.ch"|"46$1av-X$bVXd-W2SQiQ"
"cecile.moffet@edu.tbz.ch"|"BWrdmu-eRpRCZ-jt194q"
"maelann.labrone@edu.tbz.ch"|"IXHh73-yAf%z8-rFS3jF"
"melinda.newbold@edu.tbz.ch"|"cOYeZ9-XLvshO-lBoq4Q"
"mans.itzhak@edu.tbz.ch"|"qsp@eJ-GkHazn-1NdqFe"
"melodie.pattlel@edu.tbz.ch"|"xcjcKm-JBdTj1-bRjaai"
"celine.bonett@edu.tbz.ch"|"D$bEzV-TcNYoM-Ew4rFk"
"adelie.mcgreal@edu.tbz.ch"|"MlEEoE-X09$F2-n#g5nV"
"helene.soldan@edu.tbz.ch"|"RYW7AQ-DHNHpC-l#YtMR"
"michele.cluer@edu.tbz.ch"|"goX8qy-dw0uPv-U@N9Rx"
"maeline.mueller@edu.tbz.ch"|"g1eHgp-WHRo62-uo0USn"
"maelann.benedito@edu.tbz.ch"|"dN@UBs-eu6802-cBbFUj"
"nuo.gransden@edu.tbz.ch"|"PZKy$3-Bzo7OX-869F$2"
"berengere.stainton@edu.tbz.ch"|"QVyEi%-FN6IQ&-IF8$c7"
"wa.sabater@edu.tbz.ch"|"sz#$KH-WtWBte-6K3VA7"
"anais.cochran@edu.tbz.ch"|"qzeUo2-pZWtCu-7mmI#V"
"gerald.bessant@edu.tbz.ch"|"cNwV8n-wPVSSe-xQ46Bn"
"ruo.coffin@edu.tbz.ch"|"hOGEak-UM%opb-IZbB7#"
"melodie.mustill@edu.tbz.ch"|"2M&Iyn-0lickX-03%yDB"
"ruo.stanesby@edu.tbz.ch"|"j2vD5U-cKi7jX-Bd9s6R"
"noemie.antognelli@edu.tbz.ch"|"ZMjcwO-KmIffs-qHw40o"
"maelann.hughson@edu.tbz.ch"|"bEEM0L-fdZ1m#-088Whb"
"milena.mieville@edu.tbz.ch"|"xzYxh@-jzEv6U-#OYs8J"
"mailys.chamberlin@edu.tbz.ch"|"&cePHK-5bgfBz-W#fgIF"
"nadege.tomalin@edu.tbz.ch"|"9kWjWH-NiKk@7-0I017x"
"oceane.omara@edu.tbz.ch"|"FTRGK$-dHaq3T-31o$HA"
"cecile.aguirrezabala@edu.tbz.ch"|"e&FisN-aEv70Q-XIPKD@"
"maella.gwillim@edu.tbz.ch"|"7&Yd7d-ETk8&l-Y3IQYD"
"lea.mcgahey@edu.tbz.ch"|"K&&ODJ-BIau&7-&6XGHR"
"laurene.hagerty@edu.tbz.ch"|"pTvbGP-eVQfr3-%xMV2R"
"dorothee.link@edu.tbz.ch"|"@ITP#I-96OE%v-MxEEbB"
"clementine.kynsey@edu.tbz.ch"|"VJ8W6q-#y83p0-khJ0Jf"
"lorene.smitherman@edu.tbz.ch"|"ZIThXr-D&Qtg1-5nR&YE"
"cleopatre.klulicek@edu.tbz.ch"|"VKSjRz-K1#ILW-PYQc&Q"
"laurene.castaneda@edu.tbz.ch"|"scjOnC-g0rbUb-GkWvR4"
"melia.constant@edu.tbz.ch"|"kK9D05-x4qme@-U$BUyy"
"lucrece.clunie@edu.tbz.ch"|"5tuHnn-LDXjmY-Zelme1"
"eleonore.mcmurthy@edu.tbz.ch"|"dyebgo-fov7t9-UpRSVp"
"melia.bevar@edu.tbz.ch"|"NAGqWL-JYZ4o3-RPheUF"
"camelia.bontine@edu.tbz.ch"|"BvLs77-4Q6$vT-QnfnZ2"
"methode.jozefczak@edu.tbz.ch"|"oMzhHi-pmMH0s-yg3Gl4"
"audreanne.hinsche@edu.tbz.ch"|"G7lR1K-t%ONzG-etmAH6"
"andree.varne@edu.tbz.ch"|"vW022i-RcAR8&-$dPen5"
"marten.kinleyside@edu.tbz.ch"|"RyJR8X-fMtZsW-VkV&Fa"
"esteve.mcewan@edu.tbz.ch"|"OolJmr-9&N2sS-oZxiAs"
"leane.dibbert@edu.tbz.ch"|"eoqxkL-K5b1Il-kLwAsm"
"ma.thewlis@edu.tbz.ch"|"OGifgy-PT&%1Y-Z@wBWF"
"clea.djurkovic@edu.tbz.ch"|"dpxw2$-f2SG$Q-n#NKQa"
"rachele.reburn@edu.tbz.ch"|"dp29dM-hBR@T0-r3k%z$"
"gerald.gowling@edu.tbz.ch"|"oO3UHQ-4WdrKM-PV8lZA"
"cleopatre.jackson@edu.tbz.ch"|"tGj74c-HyS8je-VxV6xP"
"desiree.haskins@edu.tbz.ch"|"ajTWh7-ren5jn-X%gEJx"
"eleonore.longson@edu.tbz.ch"|"3xzVLl-X8J$7U-qnjETo"
"leane.dybell@edu.tbz.ch"|"La@WkT-M$L7ll-kJ0DdA"
"becassine.grzesiak@edu.tbz.ch"|"#AlR4v-jEwkQp-2aI9hu"
"marie-josee.pickin@edu.tbz.ch"|"m5XCnl-bFwukt-YsT2Zt"
"marie-josee.roxby@edu.tbz.ch"|"fl1dPv-wq41eo-PPc9hN"
"leonie.feenan@edu.tbz.ch"|"m5x350-bm6DCM-@&RHaO"
"valerie.ellum@edu.tbz.ch"|"8r87%Y-C7#NvQ-3q992l"
"ju.caseri@edu.tbz.ch"|"rkOibL-Zdk77Y-uvEHxm"
"boerje.strangman@edu.tbz.ch"|"7OErRd-E3Xykp-LkHYZv"
"beatrice.ghidelli@edu.tbz.ch"|"aWt51w-YfIL8n-HC7$gP"
"da.jablonski@edu.tbz.ch"|"9q&lS7-mEtw@3-Fj2AC%"
"uo.beveridge@edu.tbz.ch"|"QBWpc#-E$yKMJ-icy%bn"
"valerie.bestman@edu.tbz.ch"|"nR9wpf-&SE&#R-QokRzv"
"marlene.pohls@edu.tbz.ch"|"wzAHY3-Rvavg0-%Gt7fQ"
"ma.nolda@edu.tbz.ch"|"843TPx-M@8VDG-QA9M2b"
"marlene.bisiker@edu.tbz.ch"|"e9Qlbr-OOHPvK-hU@3J%"
"estee.babon@edu.tbz.ch"|"L2PITp-D#waso-$&V@Ir"
"simplifies.dmisek@edu.tbz.ch"|"chDcHT-5aoTYE-3zK@gp"
"selene.ganing@edu.tbz.ch"|"n7bpuO-LvGqGW-9Svx&y"
"meryl.penke@edu.tbz.ch"|"ZTQtwK-Vj#nEW-sZgfHi"
"anais.rawcliff@edu.tbz.ch"|"cyNBEL-z06por-s2piaL"
"melina.andri@edu.tbz.ch"|"xzPRAM-W86Et5-B$&@hJ"
"audreanne.fodden@edu.tbz.ch"|"&iPsJb-$cxZ2d-zVsBFd"
"bjoern.spellesy@edu.tbz.ch"|"6uNZMK-YcK2l2-#obtLt"
"francoise.summerscales@edu.tbz.ch"|"nzMG8W-hqnshI-6TWD#U"
"laurene.ashtonhurst@edu.tbz.ch"|"Z2nWOg-&6LPjK-SLkCMw"
"valerie.petters@edu.tbz.ch"|"txbT9U-BJviQH-H4RhrX"
"anael.spenclay@edu.tbz.ch"|"S9WXOZ-JvEV94-0Oiy%0"
"stephanie.keech@edu.tbz.ch"|"BR4lQq-KyoIHL-i$TBcx"
"ines.deveril@edu.tbz.ch"|"cfXGfB-C0&gEq-pN#KtB"
"berenice.gelder@edu.tbz.ch"|"nbp9oA-jPzfQL-jnnrIP"
"melanie.ofogerty@edu.tbz.ch"|"C0Yyxy-zVbA16-gwH5m#"
"frederique.canepe@edu.tbz.ch"|"3glQoJ-IQJd43-yX5xY6"
"nuo.otton@edu.tbz.ch"|"G5HMyG-&gsCCE-5QQW@F"
"genevieve.trusler@edu.tbz.ch"|"eWB@yk-gqz@S2-%zk&ju"
"ju.boag@edu.tbz.ch"|"g6GCbu-bRyqPU-cK#Kug"
"josephine.dilucia@edu.tbz.ch"|"a62#WH-l0yZ4i-gklly8"
"laurene.armsden@edu.tbz.ch"|"3oRml6-cUJ$m3-yLudNj"
"becassine.griffe@edu.tbz.ch"|"ZzIRQb-YYS%o8-4IUyU6"
"alois.parres@edu.tbz.ch"|"HSeq#a-x%CRNW-Vt8eeK"
"cleopatre.gaffey@edu.tbz.ch"|"75wbtG-7ZfD73-mw%0VZ"
"andre.stiger@edu.tbz.ch"|"43nAt2-ebdNHl-FvB&BG"
"beatrice.godleman@edu.tbz.ch"|"oqNuFe-XWMcmS-JZLCzc"
"hakan.harrhy@edu.tbz.ch"|"TRF3Fb-PNygpn-S2Fh9U"
"celestine.dagnan@edu.tbz.ch"|"@QSpDk-p9XpnO-PEekuV"
"clemence.haggart@edu.tbz.ch"|"LxtPZj-Ghg5fG-&EFJvv"
"long.caban@edu.tbz.ch"|"OqcJVO-KW&$SI-wJFFIa"
"gaetane.grimble@edu.tbz.ch"|"9CVanz-u8&M6%-SDIdJ&"
"maelann.piwall@edu.tbz.ch"|"11blah-w%PwIY-Cswpvw"
"magdalene.loble@edu.tbz.ch"|"vNJni9-W6HhF5-ep$8RK"
"veronique.domaschke@edu.tbz.ch"|"4EczRY-Qc#n3W-EBOGsE"
"clea.herity@edu.tbz.ch"|"AwA2oI-d7U3ke-WAtSMV"
"maelann.bambrough@edu.tbz.ch"|"GMsT$q-Bqhtpm-@JvWP5"
"clea.goulstone@edu.tbz.ch"|"I#3Ry2-h77%rx-CAC4JZ"
"renee.deleek@edu.tbz.ch"|"SW7E4i-h&i8wH-P2xUg1"
"boerje.rudderham@edu.tbz.ch"|"OTEU$S-VP7leA-1rp2a$"
"marylene.broune@edu.tbz.ch"|"18pZpt-xa86lj-8LHy6t"
"nadege.mccuish@edu.tbz.ch"|"QTX&Rr-p6NZK3-Jnd67W"
"anael.littleover@edu.tbz.ch"|"Y1I4iu-h0iPWt-CrAVYs"
"lie.baume@edu.tbz.ch"|"M5s#rc-&&$1OA-DI6L8i"
"maella.murrow@edu.tbz.ch"|"cIcvCe-zb0fWR-n9q6ML"
"cleopatre.pettifor@edu.tbz.ch"|"a@S8pi-fmYf7T-%Rvnfx"
"geraldine.asker@edu.tbz.ch"|"wJuuAo-2Lib%F-h0lat7"
"gaetane.smedmore@edu.tbz.ch"|"ef#Bz$-#x5cbg-j3qUxA"
"meryl.blencoe@edu.tbz.ch"|"3%FPT&-dni$t2-A6G7ji"
"aurelie.chastaing@edu.tbz.ch"|"8MUGYL-mL%1Yt-fExse&"
"oceanne.marthen@edu.tbz.ch"|"WJ@gj1-%p1QL4-UNY$hF"
"dorothee.burrill@edu.tbz.ch"|"8dyHJY-Tr77yV-biH29F"
"hakan.belden@edu.tbz.ch"|"qyS9WE-3%&T2W-MvB@#Y"
"celine.brunning@edu.tbz.ch"|"Wn%$$2-$x$jtV-LLnvvP"
"anael.lapides@edu.tbz.ch"|"bPu6Y8-zYJDJW-t1l$gv"
"ruo.saffran@edu.tbz.ch"|"lNikO6-f90#H5-ZY&mWb"
"loic.gerretsen@edu.tbz.ch"|"&isVAr-ae7jfB-kjun20"
"rui.fitzer@edu.tbz.ch"|"qeWUzc-4mXbrA-gmL8bg"
"annotee.ogers@edu.tbz.ch"|"A6hsQN-i#AWAy-XmnQhc"
"boerje.bindin@edu.tbz.ch"|"L7rAx@-NqUVmD-Beg@vz"
"ma.cronchey@edu.tbz.ch"|"xFLIPy-L3zD84-d#@SGM"
"laurelie.baiyle@edu.tbz.ch"|"XMbaTj-F%CN@m-uXPDiv"
"dorothee.older@edu.tbz.ch"|"7xvOU1-C2ymvr-n$Ia&$"
"laurena.wile@edu.tbz.ch"|"xvpHuD-wSKHcw-x9YSoG"
"clemence.brito@edu.tbz.ch"|"RBF1QG-I2px7k-o6xvtp"
"nadege.dallin@edu.tbz.ch"|"YKlffA-A%8VTa-fvt7n7"
"mailis.matley@edu.tbz.ch"|"DtqoH%-97KqLg-i3#epP"
"daniele.screaton@edu.tbz.ch"|"v4Zl9x-$soByD-eYl2b9"
"mediamass.godly@edu.tbz.ch"|"YGS7Cw-wrPReX-Prmr#B"
"leone.kremer@edu.tbz.ch"|"YMe%nA-HNI$aD-D#r1zF"
"asa.adrian@edu.tbz.ch"|"HRRs&x-jra8xr-0OgJli"
"adele.doley@edu.tbz.ch"|"Srou@h-r2OLLC-p$pFNa"
"fei.sidney@edu.tbz.ch"|"k6E1Ss-g1bSGM-Ib6&XZ"
"marie-josee.walisiak@edu.tbz.ch"|"istLjD-S3&$Se-C#kY1W"
"desiree.diplock@edu.tbz.ch"|"rEivrn-#Jeg4L-DsJ&W3"
"gisele.schust@edu.tbz.ch"|"p1lOJh-jROh6x-kDjwxi"
"ma.longshaw@edu.tbz.ch"|"Wzsf6O-4zxYeE-iO$Sj0"
"da.boother@edu.tbz.ch"|"7#i4Ay-GJwBHq-vJ#TzL"
"simplifies.chaudhry@edu.tbz.ch"|"XCKPyR-pFHKUV-cbHprN"
"garcon.baniard@edu.tbz.ch"|"XvrsN7-rgiwMs-vqBtld"
"gaetane.elphee@edu.tbz.ch"|"RPDm4S-jM#jyX-oQrDuo"
"gisele.hassey@edu.tbz.ch"|"WwQvVt-x7VJ2F-M9y1RO"
"oceanne.booley@edu.tbz.ch"|"9Q6N5Z-VUdDC8-6esESh"
"oerjan.dibden@edu.tbz.ch"|"AJEiGV-HbQPUy-iW0r9V"
"regine.ocleary@edu.tbz.ch"|"Z64CN6-Djz6dK-iPz90U"
"selene.persse@edu.tbz.ch"|"4BXwIs-l&$aQN-vYnkhm"
"helena.adenot@edu.tbz.ch"|"JJyNk3-2BeAZy-MRs@9D"
"maelann.wassung@edu.tbz.ch"|"iEY9hr-RBtEI%-YWXRRe"
"frederique.ackermann@edu.tbz.ch"|"vT1@JU-&B7ZG8-tN9nP#"
"audreanne.kahen@edu.tbz.ch"|"U0i1Ms-3&gxWr-SS53mE"
"maiwenn.lasty@edu.tbz.ch"|"c$8MAB-xicUy2-ZV0N0e"
"yu.dictus@edu.tbz.ch"|"QhAn#k-5b0qE3-EE0DtP"
"anae.dukes@edu.tbz.ch"|"L2&%As-vF$L$C-oJhjfY"
"yenora.warr@edu.tbz.ch"|"YvV2Ce-OaVKwl-k$hEu&"
"esbjoern.archibold@edu.tbz.ch"|"g#6ifr-Ma%qWY-&xgfvX"
"milena.pardal@edu.tbz.ch"|"#uYCQl-&8TryH-sm$gGT"
"celestine.graveston@edu.tbz.ch"|"OKADtS-&iRs#c-CV6Gs7"
"maena.dallas@edu.tbz.ch"|"9kOyZO-xYdly6-PIqegl"
"andree.tuke@edu.tbz.ch"|"V0ZBVh-i6FjpM-7m9wDE"
"methode.seldner@edu.tbz.ch"|"jjCT65-6Z#UbV-bpEQ3n"
"venus.bullas@edu.tbz.ch"|"Jm&8CI-DEW0K1-F7@v9l"
"mans.aguirrezabal@edu.tbz.ch"|"xfhPeA-0GxR9O-yTQbNx"
"gaelle.eadington@edu.tbz.ch"|"qOq#Pz-yaAGYl-EnLYW1"
"anaelle.falkner@edu.tbz.ch"|"f2K#i0-LdJdLZ-VE%BLd"
"ophelie.height@edu.tbz.ch"|"@lRwrO-OZLn7C-yZzGpT"
"marten.bolding@edu.tbz.ch"|"Hnxr6l-eKA%wk-0GVyyB"
"pelagie.guswell@edu.tbz.ch"|"dRp$u2-6dCDyX-J8rcOC"
"gwenaelle.lecount@edu.tbz.ch"|"raxUfN-%zGj&O-0ZAl1h"
"hakan.laden@edu.tbz.ch"|"vE$A4M-qM8LDk-Jmqbou"
"marie-josee.hylands@edu.tbz.ch"|"tDGy&s-fzT69x-jYsnFl"
"zoe.kingshott@edu.tbz.ch"|"KTWWgQ-V&AZLw-G9yrmI"
"josee.janous@edu.tbz.ch"|"m9mf$t-PWTa8w-fNZfJf"
"laurene.gallally@edu.tbz.ch"|"6@l1#U-WRyrvx-InGlRH"
"anael.bickle@edu.tbz.ch"|"eB4Ap6-D#sbeB-ENZLEc"
"mediamass.lebbern@edu.tbz.ch"|"Bzi$Jj-vdzEM4-adZxI4"
"berengere.hovy@edu.tbz.ch"|"yzzYnl-70@h7n-4FdCA3"
"oerjan.kilmurray@edu.tbz.ch"|"ziLojm-5IuX%X-t#dEZF"
"asloeg.venny@edu.tbz.ch"|"YoIfA1-uiFW39-E%rXv5"
"marie-noel.stoad@edu.tbz.ch"|"FIqsFB-6SZ$r9-2OL6#W"
"hakan.pettifor@edu.tbz.ch"|"UrkXIy-2Ej4I&-7fJACP"
"maella.willgrass@edu.tbz.ch"|"DFq5AF-dKoUh8-pW43ps"
"therese.ludovici@edu.tbz.ch"|"&D$qhm-e#bW5D-ZhZ8Lc"
"stephanie.trewhitt@edu.tbz.ch"|"r9wzji-#1g3fU-E95Yvx"
"maerta.bauduccio@edu.tbz.ch"|"fIMGd9-FGhkD$-twEbPw"
"gaetane.glaisner@edu.tbz.ch"|"gMKTmY-o@6PLQ-PSm5ko"
"naeva.pargeter@edu.tbz.ch"|"L98457-l&aHIX-5%O#yO"
"salome.venable@edu.tbz.ch"|"kaFfJ7-OP36Sf-Dybwdu"
"boerje.thickett@edu.tbz.ch"|"jPzPu2-9uDeO$-0o&JPw"
"lucrece.prendergrass@edu.tbz.ch"|"TMemcR-U0d7Lo-FDvyTq"
"laurene.ockleshaw@edu.tbz.ch"|"aVDu1a-VMusd6-2nh&oe"
"cecilia.pasticznyk@edu.tbz.ch"|"4ulv@o-$JA24m-nbl%Q7"
"stevina.mackey@edu.tbz.ch"|"wGAES8-OSd7aB-sl95Z3"
"marie-noel.reven@edu.tbz.ch"|"j7$Obo-HHXAso-W8xAHW"
"melina.quilkin@edu.tbz.ch"|"uOkn9n-T6wzIE-UC0z&f"
"marie-noel.ferrie@edu.tbz.ch"|"e80@$g-RouB8h-5l3nRD"
"leone.alphege@edu.tbz.ch"|"DxDCKL-EnZvW#-DC4yrU"
"zoe.leverson@edu.tbz.ch"|"E@VwMG-wd9VcT-p05kwj"
"annotes.grayne@edu.tbz.ch"|"HBh12o-p8eDMQ-vAg$jg"
"faites.lalley@edu.tbz.ch"|"l5JJ%V-XmQb@N-BoeAZ9"
"adele.wallis@edu.tbz.ch"|"jA9sIT-Al0aSq-29BXHr"
"severine.madill@edu.tbz.ch"|"%jGJc9-DEw75c-U0Bw0R"
"valerie.tebb@edu.tbz.ch"|"5t#PEn-B1vjvZ-teNPUJ"
"kalliste.rasper@edu.tbz.ch"|"LVXbXO-wKC@1v-Mn0xZF"
"audreanne.palomba@edu.tbz.ch"|"cx#xTa-xUupgA-4I&h&K"
"elea.adamik@edu.tbz.ch"|"G6dO0f-81XnWz-Vh0zzm"
"reserves.jakuszewski@edu.tbz.ch"|"#u$Myt-J90lkM-dXLH7Q"
"athena.belhomme@edu.tbz.ch"|"yiZFy@-VK38Gt-v5jE&e"
"rebecca.crippin@edu.tbz.ch"|"0@IMaF-HL$alu-RZGSR8"
"maiwenn.curman@edu.tbz.ch"|"1wrG1u-AGXuCU-HIBILT"
"andree.bunner@edu.tbz.ch"|"k$NSGl-5ovE8Y-ztUNCC"
"ruo.winckles@edu.tbz.ch"|"3C3kui-tP6xuv-KJp#iI"
"naeva.buntine@edu.tbz.ch"|"JF#xP&-#fF0Vu-QNa@MK"
"boerje.dollard@edu.tbz.ch"|"3s4zAk-K0M1%0-ZS5ypI"
"penelope.gorman@edu.tbz.ch"|"ZW6l3L-jkPhKd-2km7F7"
"alois.robelin@edu.tbz.ch"|"o8uhuL-BDwvAU-Ny&j$0"
"anaelle.tindle@edu.tbz.ch"|"Vh@H&x-YbPXEa-UjC92v"
"ye.frears@edu.tbz.ch"|"auvZIw-9HePBB-C1k%%F"
"andree.ovid@edu.tbz.ch"|"W#jvw@-CkDAP9-o@VdK2"
"hakan.peat@edu.tbz.ch"|"bgxsaU-xbQGjY-6&Ck3@"
"andre.januszewski@edu.tbz.ch"|"baHN$%-GM3#z5-wQpNXP"
"annotes.clemmett@edu.tbz.ch"|"&OLt9T-f9HFRF-OO5dFS"
"pal.lambswood@edu.tbz.ch"|"CCcEM9-2QhG5D-N6osYK"
"yao.lenton@edu.tbz.ch"|"4rMPdK-fyoH@2-LpKHOY"
"hakan.boyton@edu.tbz.ch"|"esS8QI-2fDpZX-7lxfQf"
"nelie.forsey@edu.tbz.ch"|"2tsb9g-ZnsKq2-h7fRJl"
"hakan.horche@edu.tbz.ch"|"XvwDxa-$tj2$M-w2ep4P"
"lorene.sinkings@edu.tbz.ch"|"4xcZij-6C1&sm-mlvHff"
"marie-therese.creddon@edu.tbz.ch"|"Po1@hC-iv7VKd-O2nWpL"
"berenice.tolworthy@edu.tbz.ch"|"kXjeFH-UCjB7&-vTetWZ"
"theresa.land@edu.tbz.ch"|"y9$pjm-XS4HST-b$%3Eu"
"marie-therese.gianilli@edu.tbz.ch"|"e9Zl$J-CgWBJ7-Xl$yKO"
"meryl.glew@edu.tbz.ch"|"c01f%a-bHoDxm-RcPWty"
"adele.debling@edu.tbz.ch"|"7t@5B9-Pq$24h-S1xBKL"
"anae.metzke@edu.tbz.ch"|"6d0OUV-H7FrIT-Nx0%Nq"
"gaetane.gooden@edu.tbz.ch"|"QCQzC$-72auYG-@0NUIY"
"laila.bootland@edu.tbz.ch"|"MS5@8X-$xnl4U-LHgB1M"
"maite.helsdon@edu.tbz.ch"|"bOyyf6-V1tXqR-NKZXAX"
"andree.malley@edu.tbz.ch"|"rX1R94-PFZTPO-egDIaR"
"pal.simmens@edu.tbz.ch"|"1nr13w-kaaZlR-TZeJt9"
"maelys.nuccitelli@edu.tbz.ch"|"s2BoN6-26X%NS-gcjh5T"
"dafnee.sibary@edu.tbz.ch"|"Tqm5$f-%LF9Y%-s@4ULR"
"alois.harsnep@edu.tbz.ch"|"cAT8MU-R@tybT-e5&Mep"
"marie-helene.lacky@edu.tbz.ch"|"s%f4Oq-RcMkJD-LiH9X8"
"mylene.youthed@edu.tbz.ch"|"fGUODP-OEsjVS-nqVom%"
"marie-helene.dehmel@edu.tbz.ch"|"@d@fDC-i%z1c7-An%lOV"
"angele.batman@edu.tbz.ch"|"WQ94o9-QF3V6c-hoCElw"
"melia.younghusband@edu.tbz.ch"|"Euj#dc-U4BL9l-bR3&eL"
"eloise.baldi@edu.tbz.ch"|"UUp1mL-HdNSPF-8Zykxy"
"illustree.dun@edu.tbz.ch"|"fhkLnC-Dur%Tj-4d@ZNU"
"genevieve.late@edu.tbz.ch"|"MDmIdv-itF5eO-MeJe$H"
"celestine.colville@edu.tbz.ch"|"vVwsD9-Np@6#z-9sjWwc"
"gwenaelle.scarlon@edu.tbz.ch"|"VIiF%B-jt46Dr-gfYPOx"
"regine.boddie@edu.tbz.ch"|"&WTvJv-0#kTZn-vdna9Q"
"creez.gaughan@edu.tbz.ch"|"DB1&Np-DVuLV&-kQO8BA"
"gaia.longford@edu.tbz.ch"|"@R690a-g1i6KL-18Ij@j"
"mailis.buckby@edu.tbz.ch"|"n4FibY-JwdwaY-wT%%os"
"song.parbrook@edu.tbz.ch"|"%%SKfJ-ZNIKM0-77wu7e"
"frederique.heddan@edu.tbz.ch"|"nr556z-JdAoPE-c7#c$q"
"ake.kirtlan@edu.tbz.ch"|"vOx5t%-DZAjFG-Qeisr8"
"nelie.runciman@edu.tbz.ch"|"j0kKqd-NW4gW&-b#Gm30"
"mailis.cardnell@edu.tbz.ch"|"vLArH1-vdMHjC-xC&7de"
"irene.navarro@edu.tbz.ch"|"$q%91c-JyMyK4-9pPIsP"
"maite.cough@edu.tbz.ch"|"iXv#lx-fvcxWZ-EdcXW$"
"anaelle.stocky@edu.tbz.ch"|"zdY#eJ-ofmW%u-pxXX%5"
"methode.moulder@edu.tbz.ch"|"7c3jYF-JacX%r-penJeL"
"po.stafford@edu.tbz.ch"|"YeIKjE-OaFxFg-8wWdMA"
"faites.scraggs@edu.tbz.ch"|"Qy3qj6-DXZAcK-ESBkDK"
"adelaide.dullard@edu.tbz.ch"|"gl#q0K-UxoaRF-8Imkw1"
"desiree.leonard@edu.tbz.ch"|"1k%NZk-K5MCSR-9R4lny"
"geraldine.badgers@edu.tbz.ch"|"TrxGl$-q4grzl-HRRMvn"
"ruo.masic@edu.tbz.ch"|"6L18gd-ap@FZI-%6PBXF"
"aurelie.lieber@edu.tbz.ch"|"u6@5XO-kf6Q1h-zvq925"
"naelle.balcock@edu.tbz.ch"|"fYYSEu-4gCaRx-etfzD@"
"camelia.elger@edu.tbz.ch"|"YWZ6NF-2hgv@M-LQ9sPc"
"publicite.oakeshott@edu.tbz.ch"|"F$ZdVk-aerXR8-m6L@sm"
"cleopatre.fawley@edu.tbz.ch"|"m2%cOz-mcGW6D-J75FqV"
"laurene.bruckmann@edu.tbz.ch"|"wFJu4b-qcho%f-$pZ@Lw"
"rui.haughton@edu.tbz.ch"|"pHs15c-%7DAfl-0VA3mk"
"asa.ladewig@edu.tbz.ch"|"36VM9f-Nh1u4G-TLD1OV"
"gisele.janecek@edu.tbz.ch"|"CT0cyP-J%6yD%-1gd4C1"
"maily.loveridge@edu.tbz.ch"|"YlmZr%-6p%SUZ-ZCy@6T"
"marie-eve.yurkiewicz@edu.tbz.ch"|"3OAsfx-zwjeTw-dsFW%Y"
"fei.roder@edu.tbz.ch"|"o7OHwQ-KKuvQk-XpBgq4"
"edmee.chatburn@edu.tbz.ch"|"Ps6Jfa-YC&vga-C&A2WP"
"geraldine.darke@edu.tbz.ch"|"DQ8a5%-tV6%P#-%lFplC"
"ye.jira@edu.tbz.ch"|"1WZwtT-b@6dft-4gdC7q"
"publicite.persent@edu.tbz.ch"|"TTL%q0-&eqRDM-SSA3Br"
"severine.wilcox@edu.tbz.ch"|"sPn29Q-kH8EUp-VjMp$r"
"yao.mcclaren@edu.tbz.ch"|"AXOv3E-4gJDx&-jojN@K"
"theresa.foynes@edu.tbz.ch"|"9dWg$Q-DIJsGX-veC7Z5"
"stephanie.isley@edu.tbz.ch"|"znBwra-Zcr$Qg-52Q&hD"
"torbjoern.growy@edu.tbz.ch"|"WgBfAP-d5LTnl-koD$Cb"
"eloise.tunnadine@edu.tbz.ch"|"q5nkjr-QhgPi8-V9%Nr%"
"maeline.cossentine@edu.tbz.ch"|"yuaxAD-h2KpX5-&G7qq2"
"nelie.desantos@edu.tbz.ch"|"RcWOCX-jRQI0D-JpA44z"
"gaetane.axston@edu.tbz.ch"|"2T2s#r-ifqdbE-b4tPPM"
"aimee.merman@edu.tbz.ch"|"husI$n-kEYfOe-Y1Jgb2"
"oerjan.drivers@edu.tbz.ch"|"Zl4YqN-33BV#D-lyw9ep"
"aimee.miroy@edu.tbz.ch"|"1#qAXp-bhIBEP-Y$QM0p"
"nelie.glyde@edu.tbz.ch"|"19n5M2-1H@Kfs-fqKrmg"
"hakan.kapelhof@edu.tbz.ch"|"J8qcUS-vTsnHP-JYWCw3"
"maelyss.cauley@edu.tbz.ch"|"FCZoVQ-YprMFh-5yB7J5"
"elea.vaggs@edu.tbz.ch"|"QBnnvz-zkNYHb-rLlPbT"
"maelys.but@edu.tbz.ch"|"B&%NWb-nxUxkI-8@GqRq"
"maella.arthurs@edu.tbz.ch"|"@9H@pH-EKNXxg-9dmbL&"
"adele.liebrecht@edu.tbz.ch"|"YC8Etb-z&wQv&-RhPoz%"
"meline.lomasny@edu.tbz.ch"|"HGfbGi-eUmHCT-ZKtcr7"
"mediamass.schwant@edu.tbz.ch"|"zyTW8A-zRt6ax-uW70b3"
"leone.saunt@edu.tbz.ch"|"L%B40Z-5Kze&V-QbC6%K"
"annotes.gouch@edu.tbz.ch"|"97RCCy-2hNep6-7hkWT0"
"gaetane.bowich@edu.tbz.ch"|"zO6n1h-d71HTq-aUYR9c"
"alizee.strelitzki@edu.tbz.ch"|"MXxidH-rK5RdK-OJlgaN"
"leone.poile@edu.tbz.ch"|"uijUwK-WPZyTy-vi3K8e"
"amelie.saban@edu.tbz.ch"|"UaDxBq-0ASQin-jH2FtW"
"marten.mcmenamin@edu.tbz.ch"|"myDjha-xnU57F-Clq#xz"
"becassine.keets@edu.tbz.ch"|"wWmuKn-lLwwDe-j3@gCW"
"celine.million@edu.tbz.ch"|"jaHcT@-QHlMRJ-HucM$U"
"geraldine.belitz@edu.tbz.ch"|"@pJ7&z-y36Bfz-9XZUHt"
"salome.mardling@edu.tbz.ch"|"mhf2Xa-7d$$oT-GAWc9c"
"melia.blakemore@edu.tbz.ch"|"3IsSWH-&uX%9p-Nv0kTD"
"dafnee.mcaulay@edu.tbz.ch"|"pVgYlW-2m5xEp-bUQHec"
"garcon.dennett@edu.tbz.ch"|"m92ngC-HxfLcM-y2zQd$"
"interessant.lesor@edu.tbz.ch"|"q%056i-qAGmI$-QoFToW"
"annotee.wasbrough@edu.tbz.ch"|"bvACNY-3%1JxB-lz2kuB"
"asa.ibbeson@edu.tbz.ch"|"#tv3Yb-Fp1acE-OLwRzB"
"maily.kennealy@edu.tbz.ch"|"Z@JQlA-bSWzJa-6DPKDw"
"ye.seares@edu.tbz.ch"|"ViNNYp-XDMzR8-@LjGG#"
"athena.harbron@edu.tbz.ch"|"u1Ii8P-0wV$uB-zQTZSt"
"andreanne.portail@edu.tbz.ch"|"t0BKj8-3F6GUz-&8KTzr"
"goeran.zannelli@edu.tbz.ch"|"8FVy#N-DMYKzm-gvtAe&"
"gerald.leathlay@edu.tbz.ch"|"mrNViu-5R44Rj-jShgJs"
"andreanne.chown@edu.tbz.ch"|"z7%gpl-pzlpqX-H%X8E%"
"esteve.clementel@edu.tbz.ch"|"3FhKrW-MillCS-qmZt6R"
"leone.legan@edu.tbz.ch"|"NiUDNj-DpLs$P-4QRH9d"
"maena.pownall@edu.tbz.ch"|"5vSMa5-6CRYKa-2N$uhI"
"andree.rettie@edu.tbz.ch"|"jM4X@u-@gF#Of-v7H5HW"
"ines.kenwrick@edu.tbz.ch"|"S07DiK-MB9Ru%-GCMGW6"
"marie-helene.yarnall@edu.tbz.ch"|"N#nrjl-yLUImL-eYJnXA"
"po.martin@edu.tbz.ch"|"ODh@j4-pIJlSD-Q4oSPJ"
"ruo.celiz@edu.tbz.ch"|"JaLivC-WBjil3-r$HXqK"
"po.bissett@edu.tbz.ch"|"Tg6vm1-pJSfm3-Fq6M$c"
"du.swindon@edu.tbz.ch"|"SR8TXa-%5EbLC-c7rYHn"
"interessant.gouldthorp@edu.tbz.ch"|"KY$dZG-CZ&9O5-3ge7Ou"
"leandre.lilburn@edu.tbz.ch"|"jR@rtw-qHy8hk-RQsWSS"
"bjoern.whales@edu.tbz.ch"|"3H0C6q-e4INtP-C3NATz"
"interessant.dieton@edu.tbz.ch"|"oeH$HE-0JWOd8-lXCuz$"
"celestine.redhills@edu.tbz.ch"|"Wf@K&1-DNUH3f-O$34cJ"
"tan.yakovlev@edu.tbz.ch"|"qLUBbk-Yci843-0TATMV"
"regine.mcdowell@edu.tbz.ch"|"cXOi&@-RY@Wqg-3EJf0J"
"ju.coysh@edu.tbz.ch"|"fdBBQn-uN$s27-Txc1Q#"
"reserves.ofallon@edu.tbz.ch"|"gzwQT$-wyVZpD-M@DP#l"
"frederique.sobey@edu.tbz.ch"|"HZXXzN-zCQwGB-8qR5qD"
"marie-eve.garstang@edu.tbz.ch"|"ZObIS#-HZvKI0-#z1BrV"
"andre.tapin@edu.tbz.ch"|"lO1qM2-8kc#A5-yxzpd3"
"esbjoern.eynon@edu.tbz.ch"|"@58dTK-XsyF&y-C$kF%u"
"maella.duffy@edu.tbz.ch"|"kRs$FS-uq#UFR-9Q6MTj"
"leandre.twinning@edu.tbz.ch"|"8urvo4-97GWIx-aA41pD"
"mai.whittingham@edu.tbz.ch"|"UdtX9S-FcACcw-RaH$I7"
"rachele.shevelin@edu.tbz.ch"|"tr2CDM-ainsbJ-4SUqGR"
"cecile.mcure@edu.tbz.ch"|"z75cK6-SHbN8I-RYsB6#"
"marie-eve.yurkevich@edu.tbz.ch"|"6AsDw0-kbwpAm-rs1VrT"
"almerinda.paice@edu.tbz.ch"|"AI5DZ%-A1KOFy-#R$%sI"
"rao.howkins@edu.tbz.ch"|"3aY65g-mT3aPm-AV#TDl"
"serena.pack@edu.tbz.ch"|"QBIsMq-r%pwKr-nz&2%6"
"rebecca.mant@edu.tbz.ch"|"7O7@J%-ao0pWg-VxU8KH"
"reserves.spitell@edu.tbz.ch"|"hLO%YA-P3j@S3-Js65d9"
"garcon.hamfleet@edu.tbz.ch"|"8D34w3-vhaMfr-uIb%sI"
"methode.kerkham@edu.tbz.ch"|"fXn4C@-iJq84@-3lxkwq"
"pelagie.camies@edu.tbz.ch"|"qg04TB-q%mT@j-wnvk5U"
"josephine.macpharlain@edu.tbz.ch"|"Mi9oRh-6u#5At-g5qTQq"
"eugenie.mathet@edu.tbz.ch"|"bOvE49-f&rx9k-aqY#YD"
"gaetane.brangan@edu.tbz.ch"|"L9V$qN-B32qmW-X0Kqql"
"michele.dewbury@edu.tbz.ch"|"JT3Hp%-0VbQd6-Ck6NJs"
"eugenie.elcott@edu.tbz.ch"|"%8iT2z-V73OvW-SJbg7y"
"megane.harniman@edu.tbz.ch"|"s2Gxsi-WEsqT2-l&$YJV"
"agnes.cluney@edu.tbz.ch"|"MWoOsD-70QtY1-dVBICD"
"marie-helene.angear@edu.tbz.ch"|"ttorga-wFmJOk-EDWY1r"
"melia.dolphin@edu.tbz.ch"|"C3CnNF-REeAlv-#PHxj1"
"lois.ruseworth@edu.tbz.ch"|"KYb4Sk-BVNsZ5-VACkZh"
"mailys.ryding@edu.tbz.ch"|"Q46@56-HO6Uh2-EMKPgX"
"rachele.wulfinger@edu.tbz.ch"|"vxJD54-2WlKia-K0EGS3"
"gwenaelle.talton@edu.tbz.ch"|"dYIS#X-y6p9N8-z%fvjI"
"long.ronchetti@edu.tbz.ch"|"zOfcEI-gzO6Cu-2H23p4"
"styrbjoern.kloska@edu.tbz.ch"|"i4nEMq-aI5dTq-12lf65"
"len.sudran@edu.tbz.ch"|"4dNfU3-k##20w-9gb5tm"
"maelle.andrysek@edu.tbz.ch"|"SIT8Ey-C#gzB%-qdZf8j"
"selene.senior@edu.tbz.ch"|"CwyXcP-z55c$T-q%xE$Y"
"anais.joskovitch@edu.tbz.ch"|"dYpIVE-8mg8XV-m%lFEt"
"marie-noel.dally@edu.tbz.ch"|"Hi#d7E-Ksx5M5-GaE#Tv"
"marie-helene.laurence@edu.tbz.ch"|"zKF9np-RXPbF7-nqgYWH"
"camelia.foxon@edu.tbz.ch"|"7bD%xh-30BM3P-JjNUts"
"helene.cankett@edu.tbz.ch"|"XACQ4K-EsdcS7-GmhANi"
"marten.mitchelson@edu.tbz.ch"|"qgoXs3-EUfbA6-KdrQoc"
"helena.stirtle@edu.tbz.ch"|"b2#vBi-OfbRr5-m9t9wa"
"leane.barmby@edu.tbz.ch"|"aSdPBk-wgibFR-ynNTEX"
"goeran.ofinan@edu.tbz.ch"|"lYd1An-j#ZftR-#noxqs"
"styrbjoern.proby@edu.tbz.ch"|"q8hK2R-A&goWa-MLziuA"
"zoe.halse@edu.tbz.ch"|"kvUPNl-$%%4Vx-#UnUDk"
"kui.drable@edu.tbz.ch"|"RuLwIZ-FfSJ3t-0Kq4XX"
"desiree.bamford@edu.tbz.ch"|"R4cbzI-YPgxIj-%eKk3b"
"zoe.suller@edu.tbz.ch"|"A39f4Y-lgXxQX-eRHHgd"
"marylene.audiss@edu.tbz.ch"|"tlM45U-WG#Vph-qlf0WW"
"adelaide.poznanski@edu.tbz.ch"|"wWuVJf-HvfNhY-Ah1c4V"
"maella.coleyshaw@edu.tbz.ch"|"loVDSd-n80xva-IzuiNi"
"marie-francoise.gelder@edu.tbz.ch"|"uXBujw-AEnx8B-%AR&Nk"
"eleonore.chaffyn@edu.tbz.ch"|"Lqoti@-#r2iW8-EOZCyN"
"celestine.sikorsky@edu.tbz.ch"|"ON%mtf-mpVCTZ-&Jom5p"
"stevina.londsdale@edu.tbz.ch"|"d4PT05-ODxgXW-AAKF#W"
"maiwenn.nevitt@edu.tbz.ch"|"c$DVn2-oWP415-46LMFb"
"magdalene.gerrey@edu.tbz.ch"|"NZKVnG-k%zcgb-An9pB4"
"becassine.latimer@edu.tbz.ch"|"OgQPmC-9CZiWb-zWdxd3"
"da.lethibridge@edu.tbz.ch"|"SPIvAJ-tcl9QG-Ja0lmD"
"mailys.claige@edu.tbz.ch"|"Utb2D%-UWXvOL-XcH8je"
"maena.torbard@edu.tbz.ch"|"Z955%G-qp$RjS-DTIFAN"
"solene.lyvon@edu.tbz.ch"|"ao8vEV-DQyRAY-zXUjrn"
"marie-therese.benbrick@edu.tbz.ch"|"0#%sCq-TpAmDE-Xlu5eQ"
"gerald.edmonson@edu.tbz.ch"|"87L%Nh-4dkFlZ-bC4gvi"
"ake.messruther@edu.tbz.ch"|"2J%ddi-7bdj5v-2xOuaB"
"men.gosneye@edu.tbz.ch"|"ODwGRY-dziTLm-09a7y@"
"anais.jefferys@edu.tbz.ch"|"xlvm@9-z2QexV-KYC0@&"
"publicite.tregale@edu.tbz.ch"|"b7zIR$-7nlmZl-FsuA%N"
"maily.santorini@edu.tbz.ch"|"KcHsVf-n7N6Lx-HOkc3P"
"ines.pioch@edu.tbz.ch"|"L62gm$-vd6RoC-L57UGR"
"noemie.marklew@edu.tbz.ch"|"5tBK&A-oO$s0t-rcAFqE"
"meghane.maccaffrey@edu.tbz.ch"|"T$9cPs-fYb@ZQ-4wARCy"
"berangere.ambrogio@edu.tbz.ch"|"cek0cl-yu5pzF-45n@dd"
"mediamass.ryce@edu.tbz.ch"|"9rdLfj-3Ul#Wb-XxhTvn"
"oesten.ubank@edu.tbz.ch"|"eraZvQ-18XDTE-OZx7fr"
"melina.mackee@edu.tbz.ch"|"jgdsEM-0AryRr-ztnNgV"
"theresa.livezey@edu.tbz.ch"|"0%v&sj-Ir2%yq-w2Fhek"
"clemence.weal@edu.tbz.ch"|"%hf49s-o8GV1#-86IVe5"
"faites.overton@edu.tbz.ch"|"5baV0k-dcMWg@-#tPgRO"
"clea.lindblad@edu.tbz.ch"|"614seN-C&662%-2sFeOC"
"josephine.roseaman@edu.tbz.ch"|"smYvf9-zQcu2f-FmVMxd"
"oesten.lowbridge@edu.tbz.ch"|"mYKVy$-a2h9dF-PsC3q7"
"marie-josee.brion@edu.tbz.ch"|"qWTN2F-VI5C0I-lmNlmP"
"therese.basili@edu.tbz.ch"|"noejve-KUvaL&-QFS87p"
"melia.vertigan@edu.tbz.ch"|"pf@huf-h0AAoX-Al08aN"
"judicael.saull@edu.tbz.ch"|"BmPMH4-MM4I31-m7oILT"
"selene.valentine@edu.tbz.ch"|"XWOX3G-bmLoWz-8Kcutv"
"verane.dunlap@edu.tbz.ch"|"p#qMZr-82pQZs-THLtsU"
"meline.kinnear@edu.tbz.ch"|"yWdjyb-7$oqmY-nfHTlp"
"lei.luttgert@edu.tbz.ch"|"HQ4eLA-us%0uj-hvoTyG"
"styrbjoern.lathleiffure@edu.tbz.ch"|"DdLjkc-dxk9cV-gxEjIq"
"marlene.blasi@edu.tbz.ch"|"u1XYv2-knz79a-qp#lcl"
"mai.begwell@edu.tbz.ch"|"01@Cdj-rI9H0M-ScSe3k"
"gwenaelle.kaines@edu.tbz.ch"|"ER76jW-&sYI%l-CY$&0E"
"gerald.adamthwaite@edu.tbz.ch"|"eT6qZh-KPDknf-l17acl"
"kui.hartfield@edu.tbz.ch"|"MhTdIL-#3woMy-uPkqJv"
"salome.currao@edu.tbz.ch"|"JqWLhR-OAmvrl-0PUNnK"
"angelique.tixier@edu.tbz.ch"|"pxwlr7-wzaU0B-BPAstc"
"ju.mcgragh@edu.tbz.ch"|"O9&ZV0-bcs@vG-zLKOm4"
"dafnee.beachem@edu.tbz.ch"|"DxGEU3-quYaGw-r$r2tg"
"creez.terlinden@edu.tbz.ch"|"Sf&Dpn-wC%aSv-kiHCSX"
"uo.mcskeagan@edu.tbz.ch"|"a9IBY7-dKG3@H-KPLXBj"
"edmee.mccaughren@edu.tbz.ch"|"1akEdL-&aL2o8-wrQ4yP"
"asloeg.cozby@edu.tbz.ch"|"TOD1J%-6b9Adw-VsGIIS"
"melodie.traite@edu.tbz.ch"|"lHYdhJ-G%r@0N-Yafdzc"
"dorothee.aindriu@edu.tbz.ch"|"1JE6lV-I5#yrm-J2S3Jb"
"daniele.doley@edu.tbz.ch"|"V&pLVE-3wP01p-emfMZ#"
"mediamass.fairclough@edu.tbz.ch"|"0pai#&-%OVmZA-&7C64J"
"lorene.rainforth@edu.tbz.ch"|"lKNXjG-nSkL8i-oND5tL"
"leonore.eyer@edu.tbz.ch"|"idHiWD-5G4qEb-DG4HEg"
"po.spillman@edu.tbz.ch"|"O@LldV-h8ZGl6-&Fi4EM"
"cecilia.plitz@edu.tbz.ch"|"p0bucE-l$vpHO-Y56ngU"
"lorene.ludlow@edu.tbz.ch"|"Fbq%Jf-k%chqA-cXDr4I"
"berangere.neligan@edu.tbz.ch"|"lNrpYh-$7zLMs-nxrAES"
"simplifies.huggan@edu.tbz.ch"|"toAGm9-bN087$-OmfYY&"
"clelia.prandy@edu.tbz.ch"|"0dHz8H-tKJECv-tlSqlC"
"ake.osban@edu.tbz.ch"|"NCkyiX-oA6O#E-keMBN#"
"cunegonde.brunn@edu.tbz.ch"|"4ngFDT-y0#v17-zMh7u$"
"long.grizard@edu.tbz.ch"|"5HW6&R-l7sDGK-1lwz6h"
"meghane.diss@edu.tbz.ch"|"bqEhhl-K5SgaJ-&lwrgZ"
"therese.oldman@edu.tbz.ch"|"lugfqd-84W33h-gFv@bz"
"boerje.scamerdine@edu.tbz.ch"|"f4K&sv-rnEtKB-ChyxxK"
"du.saban@edu.tbz.ch"|"AvoGQD-lzXW&x-cj2C1g"
"hakan.clynmans@edu.tbz.ch"|"ycCm3n-ea7$kb-GAmffZ"
"wa.macdowal@edu.tbz.ch"|"Z62$mZ-I3y5Wo-MCMFOf"
"venus.hatrey@edu.tbz.ch"|"Y%G&tP-@6Z4rL-rz72x7"
"anaelle.vispo@edu.tbz.ch"|"QFiRqK-slhlzA-vUCX5V"
"mahelie.ollcott@edu.tbz.ch"|"YT4gm9-YrTlB&-0V#Y5q"
"mediamass.whyman@edu.tbz.ch"|"#5IN4V-tlZkGS-wa5RHU"
"esbjoern.basson@edu.tbz.ch"|"NdQGRT-4VRUkK-&iQ&&E"
"andrea.morrill@edu.tbz.ch"|"WoCM$r-zG9NHF-NUWd$U"
"melys.grassi@edu.tbz.ch"|"CwHzVm-JxR&%J-5Wtaio"
"leone.poleye@edu.tbz.ch"|"okPgPl-NqrxR&-s#e3xN"
"francoise.penny@edu.tbz.ch"|"Sgq#su-QsTR19-HLIZAv"
"rebecca.edney@edu.tbz.ch"|"6XKvIZ-LXJ$QP-i315%R"
"adelaide.murtagh@edu.tbz.ch"|"pehtyy-OrmykZ-bd%I%N"
"stevina.winterbourne@edu.tbz.ch"|"oEi0zx-QciN9L-d9sXUP"
"ma.cottom@edu.tbz.ch"|"d8y56M-uLZtH0-KfbENE"
"tan.harold@edu.tbz.ch"|"TpFcEg-KZWnl6-bkStKE"
"venus.forte@edu.tbz.ch"|"YKf734-#wntR%-LNuRj#"
"almerinda.oluney@edu.tbz.ch"|"cwB&C$-986Dxt-dUj$n#"
"cleopatre.brehault@edu.tbz.ch"|"Qw4zhZ-Wka&Hh-#JM&eg"
"interessant.lapides@edu.tbz.ch"|"Z1ZQbe-ffVXTx-6iMpwa"
"reserves.hallatt@edu.tbz.ch"|"NaO5Xk-2lsxk1-cw95YB"
"annotes.birdwhistle@edu.tbz.ch"|"wqV1x2-u#GFox-2FCL#7"
"ai.dredge@edu.tbz.ch"|"V3lUqW-T08sam-IzKV5Y"
"megane.mussard@edu.tbz.ch"|"XzyHK%-PV3Z5F-DtMwGZ"
"esbjoern.gowrich@edu.tbz.ch"|"L55IpS-2nt9f%-oG#LHm"
"boerje.brislawn@edu.tbz.ch"|"6&ISCV-PHUgw9-E@gJf8"
"becassine.wilce@edu.tbz.ch"|"1bdku4-U9k@6m-y%%LAj"
"personnalisee.oels@edu.tbz.ch"|"hG7KbC-9&IEAx-u0yno5"
"verane.pett@edu.tbz.ch"|"X0tWXz-J1Ixhr-XVU2dj"
"marylene.glewe@edu.tbz.ch"|"JLcD1B-&l7##r-%phXGo"
"lai.elson@edu.tbz.ch"|"faPV0n-TwqrOF-u9Ie#F"
"serena.difranceschi@edu.tbz.ch"|"Pjf1Fq-VXAgia-Jewf%0"
"lie.espinel@edu.tbz.ch"|"otmerZ-IwcoV3-sr@MWz"
"marylene.fantini@edu.tbz.ch"|"6ggxDt-fkf@Qq-jO2hur"
"andre.archdeckne@edu.tbz.ch"|"iJv49K-cH&x5M-LzVIAj"
"goeran.bohlingolsen@edu.tbz.ch"|"e8&ny%-lhjFyW-ye#TXo"
"cunegonde.heffer@edu.tbz.ch"|"rw$v#B-t1TFmN-d8@Gqv"
"tan.fechnie@edu.tbz.ch"|"MjOHNg-oF0yaM-V04My3"
"marie-noel.brammar@edu.tbz.ch"|"uetD4b-2k#2sr-JgsFZ2"
"simplifies.aven@edu.tbz.ch"|"D8#ke#-UTn8O8-6DbO8X"
"melys.pinchen@edu.tbz.ch"|"7VslV8-CamC0D-Ske9Uk"
"edmee.joyner@edu.tbz.ch"|"ozS6di-7CeUfQ-Zr9GqC"
"berengere.edess@edu.tbz.ch"|"CK48ox-TmknPB-oMSCjc"
"marie-noel.goward@edu.tbz.ch"|"Dv17cD-12Kuq6-v0d71Y"
"ju.edmons@edu.tbz.ch"|"@8GKR2-zjegvs-kU9q&1"
"frederique.airds@edu.tbz.ch"|"rWAvCU-e5HhFn-$$Als5"
"reserves.dauby@edu.tbz.ch"|"VgSsmD-9mm%bS-jrKtc%"
"hakan.gynni@edu.tbz.ch"|"kt9c76-V%sNuU-dkkSeC"
"leonore.pinwill@edu.tbz.ch"|"J#iVvy-BtQXnO-@lN&i&"
"marie-eve.mcallan@edu.tbz.ch"|"YYDQfp-h2QThz-2Dy2sZ"
"naelle.yeabsley@edu.tbz.ch"|"z%Riy@-7v7u@I-WF9KE1"
"nelie.jacobovitz@edu.tbz.ch"|"Y$d0cB-DsEcz&-jJV74m"
"adele.conelly@edu.tbz.ch"|"tQ6ZFb-py#SnC-zrTn09"
"clementine.dondon@edu.tbz.ch"|"OnbVk5-VKa8WQ-WtjFSb"
"zhi.willcot@edu.tbz.ch"|"Snd@5s-t2nQII-hZjoQ7"
"chloe.janicki@edu.tbz.ch"|"3gXKIE-Oap6y$-PnkA4B"
"meng.linde@edu.tbz.ch"|"t3Jhut-7Slt86-8JiuLs"
"celine.janisson@edu.tbz.ch"|"KJhXot-aieyUK-84&PYK"
"clelia.crow@edu.tbz.ch"|"9YEfM0-H014J#-IWCsnW"
"cecile.pyott@edu.tbz.ch"|"73NP7q-huiSK$-fNGPhx"
"ma.fidelus@edu.tbz.ch"|"HrJiP7-uyF#dh-v2CfxC"
"marie-helene.poore@edu.tbz.ch"|"FrmJMF-AJkBGW-k4r01c"
"elies.blanket@edu.tbz.ch"|"mmeW@X-KEbeI&-O##qV0"
"yu.boyer@edu.tbz.ch"|"rw4$OS-c2cFUZ-WLw0NN"
"celia.welds@edu.tbz.ch"|"NV2CEo-T#3ILQ-Z15r5&"
"du.gunney@edu.tbz.ch"|"6DCnMm-nOD0Rp-cbeKSg"
"goerel.crush@edu.tbz.ch"|"jQx$nU-C4tuQ0-W0lTT@"
"marie-josee.brosius@edu.tbz.ch"|"NSIFU&-ayQlu@-eB1KfR"
"camelia.adds@edu.tbz.ch"|"%JBwno-JmOC2s-RuDLFf"
"anae.irwin@edu.tbz.ch"|"#CXpPO-ouJx7j-S#nw3A"
"cleopatre.skeffington@edu.tbz.ch"|"lQ#&rt-lpKNkn-p&pAGb"
"gerald.suggate@edu.tbz.ch"|"3HlIJd-p@L9tD-MO9jqB"
"laurene.tailour@edu.tbz.ch"|"kh5nMI-D0vgEL-qxPX4%"
"amelie.hoble@edu.tbz.ch"|"S1$cpk-x2eO9x-enAxB6"
"venus.getch@edu.tbz.ch"|"0Ro42p-xHuc6P-cFE81r"
"renee.treby@edu.tbz.ch"|"WPbqVG-nLTPfo-u2Vy1U"
"almerinda.stait@edu.tbz.ch"|"h9&r2i-s@z8$D-ff0XMv"
"andree.reddecliffe@edu.tbz.ch"|"2k6DKN-URqxu2-@sQa6R"
"leone.wintle@edu.tbz.ch"|"VQd6&o-mPdL98-#wB@Py"
"gerald.fellow@edu.tbz.ch"|"qGld5p-@wx8TE-#&1%eJ"
"ju.gudger@edu.tbz.ch"|"J99Zbu-30YMfG-kf0jUJ"
"meng.ohaire@edu.tbz.ch"|"o@gZt6-tfYs0U-A4&79W"
"cleopatre.missington@edu.tbz.ch"|"wfOBZ7-CGqjuX-0WVY3T"
"annotes.debruyn@edu.tbz.ch"|"fMVppV-6fq%4B-dagosk"
"gerald.sinisbury@edu.tbz.ch"|"8DsD8e-ug3Jfs-WAJe3O"
"creez.slora@edu.tbz.ch"|"MqFk4o-nvltnm-Dse1zC"
"gisele.benbow@edu.tbz.ch"|"2ekU3t-ks$pOn-ddMspz"
"pal.dossit@edu.tbz.ch"|"CXWujd-AuDGiz-qpMLdA"
"nelie.stirrip@edu.tbz.ch"|"o@NP#j-7rti&G-E1@xIw"
"alois.ocrigane@edu.tbz.ch"|"$lOGnD-cOjzzl-XYl5tb"
"kui.mcterry@edu.tbz.ch"|"JkfhrD-N3H4ZV-&Roa&r"
"long.willgoss@edu.tbz.ch"|"o2xlcR-&RZvTp-AE8gYJ"
"francoise.sumpner@edu.tbz.ch"|"q$hNBr-iDT#Hj-3ClrVV"
"maely.grinstead@edu.tbz.ch"|"wPCuSJ-$mjjS5-4YkfWC"
"creez.langeren@edu.tbz.ch"|"9o3&yY-o&D4Ju-#Q1KjU"
"adele.dungate@edu.tbz.ch"|"nFMayB-Om77SA-lHFyIU"
"cleopatre.noirel@edu.tbz.ch"|"6qj$N4-rsfETr-$D9OaP"
"interessant.daverin@edu.tbz.ch"|"w7#Aiz-jCX7r&-qVT8Vf"
"naeva.kalderon@edu.tbz.ch"|"SSg4AM-eeSGXB-lbIxNL"
"anais.oshesnan@edu.tbz.ch"|"6P1#u9-$VGb1v-1RJkFy"
"judicael.anelay@edu.tbz.ch"|"Qw9DRd-mjxWcC-gzdGPp"
"eloise.braxton@edu.tbz.ch"|"EX@xa6-R8MLCj-ZnQENn"
"desiree.greguol@edu.tbz.ch"|"22Ep0Y-J5%B#l-8lPsw#"
"maite.mcclenaghan@edu.tbz.ch"|"F$W$4r-ESFfaZ-dE#Ogt"
"meng.doret@edu.tbz.ch"|"xY4W@z-I6w2z&-atO@eT"
"frederique.chippendale@edu.tbz.ch"|"EzWOAw-@4hhG7-9qv89j"
"andreanne.lanney@edu.tbz.ch"|"z1M71k-WwaNSM-H6tZwr"
"aurelie.claus@edu.tbz.ch"|"4HiC@#-Y#9@CE-cy#Vvw"
"renee.pabel@edu.tbz.ch"|"wsktgt-2$FyxP-tPtXko"
"maena.roust@edu.tbz.ch"|"L5jueP-Puzeij-ou5l7w"
"nadege.carwithim@edu.tbz.ch"|"@zZOoi-w12omc-57I0Se"
"solene.geyton@edu.tbz.ch"|"W3SQ%#-Af5q&t-vkkqZd"
"dafnee.avraham@edu.tbz.ch"|"VL8MD5-2HKPIS-FNxAe0"
"leane.woolvin@edu.tbz.ch"|"W2&pYz-xPDxqg-#Nsdej"
"adele.macadie@edu.tbz.ch"|"NJc@DB-ixFegz-fucUNk"
"meline.rubica@edu.tbz.ch"|"Bry0qv-Uebnva-mv9SOY"
"marie-noel.speeding@edu.tbz.ch"|"Q5%UR3-VOozOZ-UZf2vA"
"nelie.mix@edu.tbz.ch"|"$B4r7O-p0MmJk-$fe4ar"
"clea.ollett@edu.tbz.ch"|"QRfbXD-KP#C03-xH9hGi"
"leandre.mcgavin@edu.tbz.ch"|"R%r2nh-hDgp6#-MzsSCN"
"cecile.behne@edu.tbz.ch"|"l$73eh-sIKBDN-7FfMQV"
"melanie.polle@edu.tbz.ch"|"GT9AaN-uVUMQe-ep7&Ju"
"marie-josee.titmuss@edu.tbz.ch"|"Fuh5JU-28SpCi-DUcL8B"
"helena.guest@edu.tbz.ch"|"m&5O6H-uHTkLd-yi#A6Y"
"annotes.chicchetto@edu.tbz.ch"|"1RW3w$-we0$F4-l2Xl&E"
"melia.tubb@edu.tbz.ch"|"@F9EAv-FyOwNY-aU%NeF"
"angelique.casetti@edu.tbz.ch"|"Z0T1xd-oPUHkQ-bKZSZ2"
"cunegonde.cleall@edu.tbz.ch"|"Q#2DEh-NHr1Tx-wusWJA"
"camelia.oaker@edu.tbz.ch"|"bf66tD-&jBeLL-YcvLId"
"you.searight@edu.tbz.ch"|"u%cqiF-h809RG-pWDBW6"
"kevina.dederick@edu.tbz.ch"|"G91Owd-9dSVPP-KuRfB5"
"milena.jeffrey@edu.tbz.ch"|"xDAwW4-Mu7WgF-UbQF3E"
"melodie.barkshire@edu.tbz.ch"|"W%dE7G-3GrUFb-tbsn@P"
"gaelle.kreutzer@edu.tbz.ch"|"0TQvr&-eK39Ov-VHkj6o"
"kalliste.kleinpeltz@edu.tbz.ch"|"&e@idi-Vxw@eE-h72&7f"
"clementine.danat@edu.tbz.ch"|"tX3v52-zw@Mqq-elMCUb"
"andrea.wabb@edu.tbz.ch"|"GqtFwy-mWQsDv-NlzRmX"
"geraldine.piesold@edu.tbz.ch"|"LA%JZc-17D0PB-OGvW%c"
"tan.fiveash@edu.tbz.ch"|"BKHiTx-@NQW5A-NVVhyJ"
"meline.yuranovev@edu.tbz.ch"|"68Q#Er-5sXfta-1yxtc6"
"therese.holme@edu.tbz.ch"|"AGSVK$-LhiNFb-fcgW%p"
"salome.vaney@edu.tbz.ch"|"EwL&VQ-I&DEnm-$VqwKf"
"anae.abramson@edu.tbz.ch"|"JU3$zt-sXxSLe-aIsN7R"
"kalliste.jimson@edu.tbz.ch"|"vZUNWk-Y&BMrw-u3C&it"
"selene.yole@edu.tbz.ch"|"DL9B$T-ddPZ$n-xRZjOA"
"agnes.defraine@edu.tbz.ch"|"3LGOno-P$6DlQ-VizQBi"
"faites.mccluin@edu.tbz.ch"|"3V4TFS-nHTlDR-HJmqzT"
"athena.deme@edu.tbz.ch"|"wH2I#D-M46E6t-Z4o5NO"
"daphnee.brigstock@edu.tbz.ch"|"CXv&Lb-3xsx2w-798R78"
"goesta.skaif@edu.tbz.ch"|"@ny8fZ-H$3GQK-OKf&gy"
"oceane.jagoe@edu.tbz.ch"|"Nz8CXA-nbNrUp-fTm4cD"
"annotes.broomhall@edu.tbz.ch"|"t#XfR3-4tPk1S-LOpwoC"
"marie-eve.ballendine@edu.tbz.ch"|"JnpJeP-SyC62y-2KnI@P"
"melina.spykings@edu.tbz.ch"|"x@@WjG-UciFkd-j8wyR&"
"laurene.ticehurst@edu.tbz.ch"|"u3wkXB-G8TVDU-ZNdWrI"
"fei.avramovic@edu.tbz.ch"|"8paDC6-reKrB#-q4#5VG"
"publicite.strathearn@edu.tbz.ch"|"kGIMlB-Ni$%NQ-LhAR3g"
"torbjoern.garrow@edu.tbz.ch"|"y&mFGd-VYNvzv-2kCXvc"
"chloe.rubinsztein@edu.tbz.ch"|"dTWp7v-yK3js1-LyR&Bh"
"mylene.demanche@edu.tbz.ch"|"Irg#&Y-gTbuym-ZzmFJH"
"mediamass.godlonton@edu.tbz.ch"|"v1qBfs-$tgIYk-l8woPt"
"renee.shurrocks@edu.tbz.ch"|"DTGdLQ-&r&Uu6-KNVrGh"
"maiwenn.jedras@edu.tbz.ch"|"$vcavB-mAfhgn-JWQFVh"
"genevieve.castells@edu.tbz.ch"|"F@hlW%-CsiCnC-dTR2eJ"
"renee.sneden@edu.tbz.ch"|"H6Y43D-I3gq9q-GKD@4o"
"lai.mccallion@edu.tbz.ch"|"hG8#Kt-hBTj@E-ymmS4v"
"kevina.impleton@edu.tbz.ch"|"SW8qNB-#QJg@k-@FVoKH"
"oesten.fresson@edu.tbz.ch"|"$u20u4-bSa#Oa-Bi9K#0"
"verane.shawley@edu.tbz.ch"|"8OJeOB-v$pFP7-5iCoEr"
"uo.sjostrom@edu.tbz.ch"|"ZDKmdG-2fzi08-StR4aG"
"gisele.gothup@edu.tbz.ch"|"A82@xg-yp@6fH-znfR9n"
"renee.beauman@edu.tbz.ch"|"YkE717-Igob6a-ucYstz"
"elies.loton@edu.tbz.ch"|"6gTHGn-shCTS3-QIl8wF"
"valerie.elsmore@edu.tbz.ch"|"Ie$HMh-H6zeSq-tQbM8D"
"berangere.delafeld@edu.tbz.ch"|"LLRi1J-ViqgZA-BJUiHb"
"bjoern.schimke@edu.tbz.ch"|"tZpDm8-FImA6E-8ZbU1T"
"loic.ericssen@edu.tbz.ch"|"oRh@Kg-5eZx%v-p%HAn7"
"creez.richarz@edu.tbz.ch"|"tXxwnN-RZG0X0-S9iiGB"
"athena.grocott@edu.tbz.ch"|"jIxGbH-e74DDS-Bigxo6"
"naelle.piotr@edu.tbz.ch"|"ioDX7v-NvyaM6-WT3B1H"
"maella.paulson@edu.tbz.ch"|"Z@#C@H-li#A#%-Y$pRLT"
"song.perot@edu.tbz.ch"|"$MHx$5-Kaxf9u-jZksOv"
"kalliste.heckney@edu.tbz.ch"|"3OJomj-8oKMnm-iD6@Ew"
"ake.vasyutkin@edu.tbz.ch"|"yIusmX-WAcdY4-JUcC6Q"
"ma.castles@edu.tbz.ch"|"xqA2r@-DSjxD2-u&apCA"
"maely.monget@edu.tbz.ch"|"LkkL8i-#bmMv0-fXv7fc"
"tang.durbridge@edu.tbz.ch"|"OE56wN-PaOOqi-wzCd8w"
"laurene.andrew@edu.tbz.ch"|"w6qxs&-EDYAhF-qOPH@s"
"lysea.beacon@edu.tbz.ch"|"2CTt8f-3@gAct-JKaNTO"
"leandre.peyntue@edu.tbz.ch"|"ihMU0y-cXXpaL-8QTa&O"
"rao.trever@edu.tbz.ch"|"HATr2r-lbdD1k-a@hMd@"
"mahelie.streader@edu.tbz.ch"|"hlXewh-n7nAD@-3&q5Zj"
"maerta.andrejevic@edu.tbz.ch"|"o5XWoi-diqott-9cd1Be"
"goesta.tompkins@edu.tbz.ch"|"UZxyQ8-M$imkx-ERXcqF"
"helena.agates@edu.tbz.ch"|"uZ@lnM-tn%QnX-ra1qfD"
"therese.glass@edu.tbz.ch"|"qBsEXT-r#q$BO-Lzx5PA"
"alois.foan@edu.tbz.ch"|"ho$wf8-MaR7pi-Le5O9M"
"becassine.melchior@edu.tbz.ch"|"Q4uybZ-HoZ5lZ-fh7Zi0"
"cloe.robart@edu.tbz.ch"|"mtcTU2-AaHKoc-EvIoDO"
"daniele.puckinghorne@edu.tbz.ch"|"jiJCvX-K%pRPq-lCiqoT"
"selene.cammidge@edu.tbz.ch"|"c0EodR-q#o1&l-XxRB@P"
"regine.conochie@edu.tbz.ch"|"Bmeo1F-xGRd%J-#f152R"
"interessant.tuiller@edu.tbz.ch"|"9&d$b6-wdE#U0-$b&FHc"
"long.tiebe@edu.tbz.ch"|"XUeY2a-UyLjtM-s$A1Xc"
"mans.yele@edu.tbz.ch"|"6kqqCx-MkDb7T-yh&2SS"
"ai.giles@edu.tbz.ch"|"JdZGA3-Jzo4Tp-A6#5Bo"
"gaetane.hamberston@edu.tbz.ch"|"sK8msX-TgdUDp-W3%r$Q"
"marylene.fenix@edu.tbz.ch"|"C#PFuU-2Xl55J-%qdccK"
"geraldine.graeme@edu.tbz.ch"|"WD#QRE-PtB65R-E0DGoB"
"tang.kinglake@edu.tbz.ch"|"w&s6Cq-gKI2ob-CDKq#S"
"lai.challoner@edu.tbz.ch"|"bpsTfC-a54Lel-MXXjxr"
"desiree.mattei@edu.tbz.ch"|"RKR4w0-9T8L3S-R2Qrpy"
"ake.erley@edu.tbz.ch"|"YavTPr-#CPVZX-miszCG"
"edmee.cavil@edu.tbz.ch"|"rsT2#p-iua#SM-i$cN&6"
"alois.moyes@edu.tbz.ch"|"cKGquX-pWQFob-1rF9tq"
"becassine.pitman@edu.tbz.ch"|"y@$#eL-%LnKl#-HdpY9r"
"ai.giacovelli@edu.tbz.ch"|"LknhjE-JPQ2w7-v85P64"
"judicael.fruchter@edu.tbz.ch"|"JW%elx-S7kKnl-9Cxm3j"
"mans.mogg@edu.tbz.ch"|"0P1n2U-Zxf2b7-i&@bT5"
"gerald.foyle@edu.tbz.ch"|"ere88O-q8BhSc-grCAgb"
"wa.androletti@edu.tbz.ch"|"F9MsOy-hVrs@x-fHbuwA"
"meng.ollett@edu.tbz.ch"|"dnu8A7-rmaWTy-iuzjRt"
"naelle.macmenamy@edu.tbz.ch"|"7C9Dct-eZXd49-2sFHA%"
"gisele.mcramsey@edu.tbz.ch"|"$IbaKe-qcUmic-2Iw8@8"
"meryl.scolts@edu.tbz.ch"|"@b4xS@-0mK9Lm-yFHhWr"
"celia.bloxsome@edu.tbz.ch"|"aZmSqU-UDb2FJ-HpmF7v"
"styrbjoern.stuke@edu.tbz.ch"|"&D9biQ-ayo$ft-D#Al%T"
"felicie.gwilliam@edu.tbz.ch"|"GlRggU-h4OeTe-zvmXx9"
"da.harms@edu.tbz.ch"|"k47abr-ycuG#Q-&@1BE0"
"celestine.baulk@edu.tbz.ch"|"Ththl6-IA#4d3-B2B9vM"
"mahelie.blackledge@edu.tbz.ch"|"OBFArw-slvhlI-MtqugX"
"meghane.salt@edu.tbz.ch"|"gzm7r7-AiT1Ra-WVhA4b"
"methode.paxeford@edu.tbz.ch"|"lHQHIl-lqAWw5-6H4NC2"
"asloeg.milligan@edu.tbz.ch"|"0$7XFQ-FGsUq#-rr8Nid"
"you.pellman@edu.tbz.ch"|"mkKe&b-1Z%T#r-hJf#gF"
"loic.regenhardt@edu.tbz.ch"|"vw2mbk-Md6bNi-G0ZX2n"
"daniele.savill@edu.tbz.ch"|"R6ji$j-PE5kxa-6XJ5o@"
"alois.cornu@edu.tbz.ch"|"N@Z5ZS-Y&hSQO-1bMRUv"
"oesten.govey@edu.tbz.ch"|"ghME3y-EtLAV%-rMZMYw"
"marie-eve.louch@edu.tbz.ch"|"Hnxn2E-EYOi#O-FEV5GE"
"theresa.wenn@edu.tbz.ch"|"#0kWwg-77HGlu-gw6E1x"
"andree.eul@edu.tbz.ch"|"PgPVBV-xAmHMW-JBHvZd"
"lie.paynton@edu.tbz.ch"|"meW$xM-wsWuXv-zFSTfJ"
"marie-eve.girodier@edu.tbz.ch"|"7kP49b-%lsbUp-DQf4OK"
"marie-noel.smithe@edu.tbz.ch"|"yaEfNj-LF$HZ8-uI107S"
"men.bootyman@edu.tbz.ch"|"rrSYoq-CHtdwc-4Y@PUf"
"ku.sugg@edu.tbz.ch"|"&cNife-ojFHJo-0axVKH"
"lucrece.roseman@edu.tbz.ch"|"vhnyVL-JRSAc5-y89Z%d"
"zoe.annear@edu.tbz.ch"|"%O4Hlk-g3wi$#-qzJH2A"
"marie-helene.rennebach@edu.tbz.ch"|"cx5uTt-3M$ClJ-&9sH0s"
"lea.djurdjevic@edu.tbz.ch"|"%bhGno-gnytw3-14G3LI"
"goerel.robert@edu.tbz.ch"|"%fNX2C-Z#ZXHG-PYAbb#"
"mylene.foldes@edu.tbz.ch"|"2hs1Rj-TymxxY-kF@Bpl"
"faites.clegg@edu.tbz.ch"|"8MsLV0-XN17NB-0Q5KlX"
"marylene.crowcher@edu.tbz.ch"|"xXD7xs-nPKmU#-HubegJ"
"aimee.wimpeney@edu.tbz.ch"|"YF8KgQ-CMFWal-KsBg%T"
"renee.atkins@edu.tbz.ch"|"Efw170-0f%PDs-SjPDVD"
"rejane.cainey@edu.tbz.ch"|"Qh6Q#P-0#V%WQ-WHEgT1"
"solene.britney@edu.tbz.ch"|"gryzN#-DzSjb&-Yyrb5@"
"marten.shatliffe@edu.tbz.ch"|"CBNJmJ-DLokm#-aUOtzD"
"maite.issatt@edu.tbz.ch"|"sx0Zh4-XGuzQM-N&XoFT"
"maelyss.edon@edu.tbz.ch"|"rwi68R-98nONj-3$nCW9"
"nuo.bamling@edu.tbz.ch"|"tDYQQj-xA6Rpv-F6UVs7"
"anais.edards@edu.tbz.ch"|"&2p@06-udpjQi-TSXScU"
"mediamass.bromet@edu.tbz.ch"|"$8uN5w-BEowKX-5zJGl2"
"beatrice.kimbrey@edu.tbz.ch"|"Z00eV@-P@A9AS-yNrL2E"
"ines.lawranson@edu.tbz.ch"|"ywZjut-qhT421-6&W$lE"
"kalliste.scandroot@edu.tbz.ch"|"5qj%fz-bmSmbR-@T$aYy"
"mans.barrowcliffe@edu.tbz.ch"|"C3P7zM-QE5VmE-rlY2ku"
"irene.couves@edu.tbz.ch"|"v$2Yv&-w4f5WQ-csRiuP"
"milena.mucci@edu.tbz.ch"|"9dg3s7-AWWHOn-hN&qya"
"naeva.cow@edu.tbz.ch"|"x&ZNGQ-TV8RPW-urzb5$"
"audreanne.mournian@edu.tbz.ch"|"DBqfg6-dxgBmO-or5#0I"
"melia.sinnatt@edu.tbz.ch"|"U%kPmO-39C$H%-CzMIQD"
"nelie.burnard@edu.tbz.ch"|"uZnXMP-NCR2Gd-Q%3jhy"
"clelia.ashfull@edu.tbz.ch"|"cICHbp-pRc@BD-5GiEfP"
"lie.macard@edu.tbz.ch"|"Bx3dVz-kzj8tu-0uAOwL"
"valerie.matoshin@edu.tbz.ch"|"R0#gOa-C8Z4WV-47JKiM"
"anael.hatherleigh@edu.tbz.ch"|"Rw0nuN-IC261N-Rq6$IZ"
"interessant.warratt@edu.tbz.ch"|"9VYQ26-h1VA4d-wYzNgb"
"eleonore.volage@edu.tbz.ch"|"R%0UPt-vPCJZ0-Vu5v6g"
"zoe.stebbing@edu.tbz.ch"|"jMT2Po-HUv%AU-Ojq3mF"
"alizee.nye@edu.tbz.ch"|"p3AdqN-Rtkv1b-9b8lbl"
"celestine.bramley@edu.tbz.ch"|"lM#l#S-d23jeQ-#zWq&m"
"selene.philcott@edu.tbz.ch"|"FwWO43-wFSvlJ-Yjol#h"
"tang.newens@edu.tbz.ch"|"p7fVew-jlF6if-$DHtKv"
"annotes.powys@edu.tbz.ch"|"hYHSI@-Eqqp0U-QkV4Tg"
"lea.matthesius@edu.tbz.ch"|"T9ZVsG-pr%zYG-z$lqYf"
"illustree.garlett@edu.tbz.ch"|"Q5R8Th-TACyTp-OFBIuL"
"maiwenn.meachem@edu.tbz.ch"|"N&Q4H#-sQFNIX-Fr7Woi"
"marie-francoise.mcbrady@edu.tbz.ch"|"o4OzFS-8&Gfm9-z98B&Y"
"illustree.gimbart@edu.tbz.ch"|"tOy38I-%H&7s$-XWE0lY"
"melys.lyosik@edu.tbz.ch"|"Hl4RmS-qt734N-xdo9Qc"
"marylene.mcnab@edu.tbz.ch"|"8fTvce-rW3BC0-h94ACC"
"gerald.blount@edu.tbz.ch"|"IQeWU4-Y$ETXN-$FNgJy"
"clelia.shakelade@edu.tbz.ch"|"ue&8bW-Fzgjfd-RXKlIO"
"penelope.cridlin@edu.tbz.ch"|"EtAlNd-KgeJlk-qb%9x5"
"maena.okuddyhy@edu.tbz.ch"|"rzztSW-NnXw%5-56g8&0"
"athena.keynd@edu.tbz.ch"|"JAd%AG-tqPNfS-bkk5n5"
"cloe.dwine@edu.tbz.ch"|"o#EDEP-o5iEqJ-NLC2lY"
"josephine.browett@edu.tbz.ch"|"FI&CkS-M%HHpg-&fBU@m"
"audreanne.oscanlon@edu.tbz.ch"|"W@0U4$-hV2tWq-J9MxXf"
"fei.jeanequin@edu.tbz.ch"|"oyT3wo-ojvc32-zlTB8m"
"lois.gormally@edu.tbz.ch"|"SqbwFX-i7ZzYv-GpiGlW"
"marie-francoise.finnigan@edu.tbz.ch"|"Zl5iy1-3LMABd-4y1S6Q"
"leonore.trussman@edu.tbz.ch"|"CTeHq9-2g2Q&@-1Jn30r"
"anaelle.trumper@edu.tbz.ch"|"DDprP9-yu5#pS-V5zXiQ"
"clemence.dionis@edu.tbz.ch"|"AmiLOT-T&c&PK-V$hynd"
"lois.tranmer@edu.tbz.ch"|"dj76B1-hhOVpg-Zz1s3Y"
"interessant.volett@edu.tbz.ch"|"RCo@QI-TtUrb2-a8EjZo"
"personnalisee.deackes@edu.tbz.ch"|"riGnCK-gON0@N-vg2I7Z"
"lie.vasiliu@edu.tbz.ch"|"ygtjSX-BQ9uMk-&eY@$h"
"dafnee.lamputt@edu.tbz.ch"|"SM#sEu-mSxJsL-43Q@Ma"
"elies.bromige@edu.tbz.ch"|"m7%9c1-JHw4C3-LvxbuI"
"helena.klosser@edu.tbz.ch"|"yG&YnP-D%#1RF-arHOVn"
"andree.grim@edu.tbz.ch"|"tT@dgk-SG%yVs-&6$QTh"
"verane.coldbath@edu.tbz.ch"|"Es5%LA-gDZsM2-Y0$W3Z"
"helena.bethell@edu.tbz.ch"|"3xg$ZC-dWrkcF-CohUuB"
"kalliste.carefull@edu.tbz.ch"|"qFv66B-26LNik-QdeDG@"
"regine.odams@edu.tbz.ch"|"093Cr7-APUqWJ-ueVi5Y"
"len.stannus@edu.tbz.ch"|"yo9h6m-mN%CkH-rG%grB"
"angelique.works@edu.tbz.ch"|"P6rXMH-$v$SFG-1EGccP"
"goesta.rheaume@edu.tbz.ch"|"&IR32b-nxC%Q3-OrFlG&"
"maelys.tynnan@edu.tbz.ch"|"XsVNY0-Z0Tl@G-&XHN1t"
"maelle.carlesi@edu.tbz.ch"|"4B23q3-bMgHBL-fqge6E"
"anael.spurden@edu.tbz.ch"|"Chsh%I-F#nM7e-wU8aNX"
"helene.pumfrett@edu.tbz.ch"|"EVWNKQ-beavoY-N#S7nM"
"goerel.pearn@edu.tbz.ch"|"z95aIW-rrcB84-MFEL6%"
"laurelie.dezamora@edu.tbz.ch"|"noM8WU-t$gR$f-Rv#iCt"
"yao.twidale@edu.tbz.ch"|"T7ZtWF-etF@$z-mpYaG0"
"berengere.sola@edu.tbz.ch"|"yRltxc-UTK%uQ-RnI9Fl"
"maelann.hardistry@edu.tbz.ch"|"GcPhar-sQtlmc-p@Cgf4"
"severine.littlefield@edu.tbz.ch"|"xqfVoB-yn7DPx-rr312d"
"salome.heinl@edu.tbz.ch"|"FqakYq-mIkDxF-4Qi7hS"
"meryl.warbey@edu.tbz.ch"|"SoH3E4-oLzph6-rdCUnK"
"da.hunstone@edu.tbz.ch"|"oeb4W$-YtaB$x-OjFUY%"
"venus.broadbury@edu.tbz.ch"|"u4L65q-Qxe$dK-0gk6vT"
"meghane.rentelll@edu.tbz.ch"|"%OFSb0-hz7%30-jFumdL"
"marylene.drewitt@edu.tbz.ch"|"wUofuW-yBjBu4-OLXUmh"
"melinda.jacquemet@edu.tbz.ch"|"uIFVri-xU#ANX-bAXFu5"
"marie-josee.keyden@edu.tbz.ch"|"&U2eV1-yYmIp2-0@M2se"
"asloeg.montacute@edu.tbz.ch"|"t1#qnk-Pwa#s3-47nd9f"
"ku.andreou@edu.tbz.ch"|"%q$tj&-6iTbD7-#V&gOY"
"personnalisee.feaveer@edu.tbz.ch"|"I0mPKW-t4d0cN-zTw7KG"
"laila.emptage@edu.tbz.ch"|"3LsLbt-9b$Dtv-uixdzC"
"bjoern.dawdry@edu.tbz.ch"|"elaXCs-fm%tqc-Yf7Fh%"
"marie-eve.dinsell@edu.tbz.ch"|"oCTFH3-@zbYB5-MfIdwi"
"helene.follett@edu.tbz.ch"|"2wBZ9q-4$G4Bt-v69Kyw"
"penelope.cordero@edu.tbz.ch"|"ok0PC@-ZrLACC-BIyWZG"
"boerje.beedell@edu.tbz.ch"|"l5l8ij-paurmH-kv5mtI"
"nelie.ferne@edu.tbz.ch"|"5N5c8$-pIIONE-gmPPlE"
"celine.ahmed@edu.tbz.ch"|"xi8WaJ-oDkkXB-3m@k#h"
"stevina.pimblett@edu.tbz.ch"|"D@m9wa-54YssQ-%&AvGN"
"chloe.langlands@edu.tbz.ch"|"Rzr4A5-msmpwF-fmhEA4"
"simplifies.maude@edu.tbz.ch"|"eLS7uy-ehKS#$-RiPbRv"
"genevieve.decarteret@edu.tbz.ch"|"q@qPv9-soHTfZ-sbc2g$"
"marylene.mughal@edu.tbz.ch"|"p2kEez-JwFzfs-VrspBM"
"goeran.guttridge@edu.tbz.ch"|"TAG&Dl-DNAg1R-Q0cm6K"
"michele.smurfitt@edu.tbz.ch"|"h1TIMJ-bmz$3X-CblUG3"
"methode.hadeke@edu.tbz.ch"|"Qlm#@p-ToHKPA-K3@r0e"
"therese.rispine@edu.tbz.ch"|"AQ6Kgj-g4PAmT-m&u2Ur"
"goerel.plumley@edu.tbz.ch"|"@n62V7-n9JO4K-pz1p68"
"oceane.friett@edu.tbz.ch"|"i$HWeC-W&%711-pera6$"
"marie-noel.achromov@edu.tbz.ch"|"m4vyq%-6bDDZD-UrdVyL"
"dorothee.storek@edu.tbz.ch"|"97sH8X-LM#Gy$-GtGtef"
"goesta.whittle@edu.tbz.ch"|"e5JmqH-Y5s4dE-CiXucW"
"desiree.casely@edu.tbz.ch"|"2NeQ8t-as%6Dq-QmS2Tc"
"felicie.condon@edu.tbz.ch"|"YotJoA-mU&ynl-ffh&w&"
"maelyss.frisdick@edu.tbz.ch"|"#1ICYm-CrjPh9-yb6XDG"
"aimee.banke@edu.tbz.ch"|"2D4JwB-TCe6rb-tyPq#P"
"naeva.hodcroft@edu.tbz.ch"|"L25Sab-fk8yW4-nfH05U"
"laila.gerrans@edu.tbz.ch"|"hmHT2P-CH33gT-&eFnKd"
"daniele.scrimshire@edu.tbz.ch"|"aps9n&-5g9GrD-RSr1Vy"
"daphnee.sheerin@edu.tbz.ch"|"GbjV8H-u6cJC9-S2JO3F"
"pal.vanyukov@edu.tbz.ch"|"RsweT3-kGIop8-qZKWdF"
"zoe.childs@edu.tbz.ch"|"Uc74Pk-xtNViF-UFTbEv"
"ai.corde@edu.tbz.ch"|"wtd@V#-E4D2U#-Bng0tS"
"maelys.berryann@edu.tbz.ch"|"a7UcXu-HQK2G4-Kmy7wS"
"cloe.gladding@edu.tbz.ch"|"u1KZ9c-p7fL3N-1bPSqQ"
"wa.kinnaird@edu.tbz.ch"|"$62s4k-g$Ob%7-lAq#Ye"
"publicite.brittoner@edu.tbz.ch"|"iYJY&M-lYXr%s-fg%moQ"
"rao.windress@edu.tbz.ch"|"Jam$i0-yIXhP&-sm%C1S"
"uo.kollach@edu.tbz.ch"|"mZnV67-r8exlb-hxYkyy"
"josee.peskett@edu.tbz.ch"|"qlo@Zi-HnsbvO-UpsMPu"
"annotee.hasel@edu.tbz.ch"|"ZgXRJm-FqaFy%-yM96Eq"
"cinema.lee@edu.tbz.ch"|"hpEP4n-LmCm%&-nAdPmY"
"lai.vedeshkin@edu.tbz.ch"|"JG6tlC-zisyCp-e%n4JS"
"renee.brisbane@edu.tbz.ch"|"5H2bdO-PTLUy9-9@$wkn"
"ophelie.blincoe@edu.tbz.ch"|"MYJC9B-jL5GfA-RWufVT"
"zhi.prazor@edu.tbz.ch"|"zn&KKc-aFZTQg-JBN$F0"
"annotee.maddicks@edu.tbz.ch"|"SePHlD-ASSOT1-sTqz0o"
"maelyss.codd@edu.tbz.ch"|"h@RloC-vGSVkz-Yy9TWc"
"celia.peplay@edu.tbz.ch"|"9Ai$Vv-6Nk0Re-&o%X17"
"interessant.skone@edu.tbz.ch"|"J94BBz-SH#lrh-VRL&Yv"
"audreanne.hebdon@edu.tbz.ch"|"Ok85Rq-NUYv7P-TiNjAa"
"oceane.glen@edu.tbz.ch"|"3uYAG2-#OvWv1-%lNvmN"
"daniele.vanyushkin@edu.tbz.ch"|"jOOzg&-MUws$U-hXWAfL"
"daphnee.ayce@edu.tbz.ch"|"U2FA&T-HxiIlV-Z0DOfK"
"andrea.attride@edu.tbz.ch"|"RyLjGQ-CCqt08-TM@pbt"
"penelope.bridgwood@edu.tbz.ch"|"fkYuxH-LoPcvG-a4WY4G"
"mailis.drewitt@edu.tbz.ch"|"u7Ix&y-jpbYh1-uYTd5t"
"penelope.mollene@edu.tbz.ch"|"cLlwIJ-xdu4tb-qXJHGk"
"illustree.keely@edu.tbz.ch"|"lvmnu2-nLa4Vp-HQ$qC5"
"meng.brisseau@edu.tbz.ch"|"KGHYsi-r%to$O-q1syiv"
"ruo.cleiment@edu.tbz.ch"|"wfqgDp-#e9DP8-VS7o0s"
"maite.krammer@edu.tbz.ch"|"@PG3nE-k$rZjB-EgOqxh"
"genevieve.verry@edu.tbz.ch"|"H5S0PC-$&OhZn-Ao1tdS"
"lea.olochan@edu.tbz.ch"|"y#DpSM-pTjYbw-PuNJ$%"
"naelle.brunnen@edu.tbz.ch"|"IQ85Yf-NebOmR-56C#Y$"
"goesta.bragginton@edu.tbz.ch"|"G%c@V2-lRU0$G-#6EV5U"
"fei.danilyuk@edu.tbz.ch"|"#rZs4j-lI1ICT-EN6zF5"
"adelie.turbitt@edu.tbz.ch"|"lTAuae-$Zj&9i-pWTRio"
"marylene.nutman@edu.tbz.ch"|"5ip0KN-MndKC0-i6Q0i1"
"therese.barbrick@edu.tbz.ch"|"3XTJ%w-y38NLK-VmVtj3"
"melys.kolodziej@edu.tbz.ch"|"TQ29@3-j@Jrp0-Qy5VX0"
"melanie.runchman@edu.tbz.ch"|"s4NX5Z-kOHETQ-Jit&lS"
"serena.lafond@edu.tbz.ch"|"c6Sjrl-RZd7#w-q9e9gQ"
"pelagie.desmond@edu.tbz.ch"|"F2PR61-llVWgO-JdzLKz"
"wa.spickett@edu.tbz.ch"|"h@h1sU-eZkGBe-@5iFb#"
"po.shave@edu.tbz.ch"|"jnr4rA-MQ&kmb-pe6lb4"
"song.huikerby@edu.tbz.ch"|"2NeEOx-YCfBqG-TDVFsw"
"melinda.bimson@edu.tbz.ch"|"91Bx9e-RwI%Kf-1VKquh"
"personnalisee.toffanelli@edu.tbz.ch"|"%tJCNd-K%srcl-a61E@X"
"leandre.hurn@edu.tbz.ch"|"DXdGL1-fGA6Um-1S47y#"
"oesten.standell@edu.tbz.ch"|"pWlYDN-GUDmYH-PMKz%V"
"naelle.smaleman@edu.tbz.ch"|"lkqJF9-14wy3c-ZXTn5z"
"berenice.tayt@edu.tbz.ch"|"&pM94w-V2H5dM-btnE8R"
"kui.popplewell@edu.tbz.ch"|"cKvDM5-dcymOc-sqVtS&"
"melodie.ferandez@edu.tbz.ch"|"8DF7Oi-@Ci5qL-YTEL16"
"josee.negal@edu.tbz.ch"|"a$20jD-pq4ywB-zhLuDo"
"melissandre.ferrelli@edu.tbz.ch"|"3UtmAt-t8k%go-PI08nQ"
"josephine.kemmer@edu.tbz.ch"|"9lL0cb-zNKhAj-g#Jazi"
"maely.cayette@edu.tbz.ch"|"g05c2m-7frMai-P2GPat"
"nelie.vela@edu.tbz.ch"|"kUeMMV-D$J7#0-Ri7q3i"
"melina.cortes@edu.tbz.ch"|"edZlK7-R4dSoV-lkdocA"
"megane.leyshon@edu.tbz.ch"|"$KFqhM-KSrFgj-PXwtyO"
"regine.harrie@edu.tbz.ch"|"0R$T2Q-4Na7o0-2IHeFt"
"mylene.widdison@edu.tbz.ch"|"x6KVdR-tkIK%&-nZ4s0C"
"pelagie.vivash@edu.tbz.ch"|"Y%jFee-Yt8%0e-QJi5bS"
"styrbjoern.vicarey@edu.tbz.ch"|"z0CR2Z-Wuc8OL-BXG2OZ"
"long.kyles@edu.tbz.ch"|"%0xQ&R-$Ffay6-48cv3h"
"stephanie.gipps@edu.tbz.ch"|"EdRQI#-eVFiis-rbTOea"
"clea.constantine@edu.tbz.ch"|"jlFEA9-VqZmzC-fFGQkT"
"maella.cometto@edu.tbz.ch"|"Z1B#ub-cqYCZ5-7$UpHC"
"laila.aubrun@edu.tbz.ch"|"$aKXwV-oLZuP4-UuDMKi"
"yao.austins@edu.tbz.ch"|"xKr8Ap-Vm7GL7-SA49#a"
"mailys.rylstone@edu.tbz.ch"|"0Yq5xU-iKfiZf-ovaSTO"
"adelie.curuclis@edu.tbz.ch"|"lwrwUz-VB7hHh-kGJ%tM"
"celine.longhurst@edu.tbz.ch"|"UpBpEm-$UrJfO-Hk34b@"
"gisele.hazell@edu.tbz.ch"|"Oe2Oos-fzzwOZ-gn8JmT"
"celestine.ciccone@edu.tbz.ch"|"76YZFz-cdQrC3-9@527&"
"maelyss.doole@edu.tbz.ch"|"31MyWU-&xWxet-6os9%w"
"helene.grimsdike@edu.tbz.ch"|"3rZyhy-bfFasG-59axq#"
"lie.macer@edu.tbz.ch"|"8CmACO-UL8uhU-uem3QG"
"maely.izard@edu.tbz.ch"|"XPV241-OKTOsN-VSi@8B"
"erwei.breewood@edu.tbz.ch"|"mXPCBo-9tH%bU-odjUSy"
"chloe.woolford@edu.tbz.ch"|"SCRNqh-5#bJjR-GL@KPM"
"cleopatre.turpin@edu.tbz.ch"|"EPbs0W-Z@6ZCL-mw$YGK"
"melodie.surgison@edu.tbz.ch"|"AXAUWd-djY4oN-9BIczF"
"elies.leander@edu.tbz.ch"|"EQ8wyp-I0AL6e-73LS$P"
"mediamass.reignould@edu.tbz.ch"|"$M$ABZ-MiOTWS-yqkgqP"
"celestine.wasmuth@edu.tbz.ch"|"icGF@3-Tj7JMJ-YkIxy9"
"marten.jervis@edu.tbz.ch"|"kj#hfA-H1Ij%Y-4Q7das"
"daphnee.bour@edu.tbz.ch"|"&N6qWh-EtUxRs-&bRibl"
"regine.harlett@edu.tbz.ch"|"59zWcR-fZboP9-y6$qtu"
"noemie.macaskie@edu.tbz.ch"|"e9qniC-F%yO&8-t8i#hO"
"loic.renfield@edu.tbz.ch"|"XT4J71-fuGoAM-$#yVVV"
"venus.kleinert@edu.tbz.ch"|"HakB@#-ap9M8k-6MV%I&"
"marten.burlay@edu.tbz.ch"|"xtYFvb-ritP8L-7NxeR2"
"berengere.radsdale@edu.tbz.ch"|"qAMgQW-g2VdAW-B2lJoa"
"genevieve.duckit@edu.tbz.ch"|"cRay9y-IbU3QB-emf0aP"
"maely.ligerton@edu.tbz.ch"|"iCNBnC-CbOi%%-TaCjj2"
"maeline.ricciardelli@edu.tbz.ch"|"DClOKP-$a8mZR-lut8cy"
"personnalisee.yggo@edu.tbz.ch"|"ludwZd-9#D12y-BF#JiG"
"alizee.pettinger@edu.tbz.ch"|"ZmZzUQ-eyI#$6-vozuEC"
"desiree.curnnokk@edu.tbz.ch"|"mIRAyd-HSV5nf-iBPDhe"
"dorothee.minors@edu.tbz.ch"|"S8xr$u-I3@uuX-VDq#87"
"oceanne.kopmann@edu.tbz.ch"|"W7f7E2-xO2E&8-r@BZJR"
"almerinda.brodbin@edu.tbz.ch"|"u7gFc&-P$VP0&-GFHOS4"
"yenora.carsberg@edu.tbz.ch"|"Yhs#RN-UJZwwT-bu5urV"
"wa.beetles@edu.tbz.ch"|"&Sa62M-lOs39z-bzO7jX"
"audreanne.abbot@edu.tbz.ch"|"Ta$A#%-AWK84Q-v7H4jD"
"noemie.capper@edu.tbz.ch"|"I5q04r-g095Om-B7%ZQK"
"mans.abramamov@edu.tbz.ch"|"TvJhu8-XRIePx-rYJqRg"
"audreanne.blakey@edu.tbz.ch"|"Fdjyj#-vjjlf#-soiAlX"
"leone.klimpke@edu.tbz.ch"|"1PsVjd-#@A%nd-7ygBv%"
"lie.croston@edu.tbz.ch"|"HpEPsw-OCe&gQ-0Je#9k"
"anaelle.baistow@edu.tbz.ch"|"AvEH3W-hWDSOE-&BN6ef"
"michele.garwood@edu.tbz.ch"|"cjYdx%-5gqKOi-n3btpA"
"interessant.albion@edu.tbz.ch"|"WOjL#K-xI$DlT-KwWxr%"
"andre.brisco@edu.tbz.ch"|"DpEjO$-vHW6Jd-NdwLHR"
"tang.totterdill@edu.tbz.ch"|"IAwOmy-pAiX8d-u96l72"
"marie-josee.braundt@edu.tbz.ch"|"nLTCse-86Yljo-DbIXGL"
"lois.galer@edu.tbz.ch"|"ZS$B0I-cu7MiW-CePV7s"
"faites.pellamonuten@edu.tbz.ch"|"JIeVl8-En7xu1-VeRbTj"
"mai.barfford@edu.tbz.ch"|"socOW&-DrFnOD-9p&bKZ"
"laurene.macilory@edu.tbz.ch"|"#&VDNj-gs&mEA-EhWuxe"
"elea.peak@edu.tbz.ch"|"AAOfh5-DelX8M-GhpqO5"
"rejane.doni@edu.tbz.ch"|"KcLttv-A8EYlv-c1b%Bz"
"mahelie.ector@edu.tbz.ch"|"nLRFBq-1WhqEA-Ec2$nD"
"rachele.allum@edu.tbz.ch"|"RV1aUd-RrzguH-gvOQ9n"
"laila.gerretsen@edu.tbz.ch"|"Kg7CqY-A$qnN3-NDTp39"
"ines.bowman@edu.tbz.ch"|"GFdT9C-85g5Jn-vq6Axa"
"publicite.barbary@edu.tbz.ch"|"%Z1A2&-rqnzGB-4#zLaO"
"mailys.smooth@edu.tbz.ch"|"#N0eat-4t1&t5-pOnsqf"
"mailis.huguenet@edu.tbz.ch"|"E78oIT-5M@AI%-7sOcU1"
"lea.ewer@edu.tbz.ch"|"ZFbIgg-@gKknh-PxbLnr"
