"email"|"password"
"melodie.vandervlies@edu.tbz.ch"|"LAzNCY-h$ZR1S-K4Dn0r"
"angele.edgecumbe@edu.tbz.ch"|"8vG9e3-vFqX2G-8sc&8T"
"zhi.andreasson@edu.tbz.ch"|"0pPxq9-MTZXEG-xwHdWV"
"judicael.koppeck@edu.tbz.ch"|"PGEBQl-4fkEVJ-ckPOsD"
"berengere.capron@edu.tbz.ch"|"NaMdXj-3ceAY&-lKVD$r"
"leonie.brosini@edu.tbz.ch"|"&X&MzQ-RxEu%M-d%vMxD"
"venus.garfit@edu.tbz.ch"|"75ShB1-Go2IAY-NnJ6BM"
"melina.janota@edu.tbz.ch"|"4E%a6v-pnd0nD-ytkR7n"
"laurene.bake@edu.tbz.ch"|"&6Hh4g-P88oOS-cx$YGE"
"regine.dorkins@edu.tbz.ch"|"ooNXCi-dXRkgf-hIbkWt"
"cecile.moffet@edu.tbz.ch"|"4gxx3j-RjZ2DS-JwPTv1"
"maelann.labrone@edu.tbz.ch"|"xrTECE-VvZgVG-mnR%DH"
"melinda.newbold@edu.tbz.ch"|"YR&2@l-#Z19x&-%LNlV9"
"mans.itzhak@edu.tbz.ch"|"vpEXT&-m5IBTi-%y25dT"
"melodie.pattlel@edu.tbz.ch"|"M7gS8x-06MdmL-P964vr"
"celine.bonett@edu.tbz.ch"|"DLAM1v-Az3mUc-1zk#YA"
"adelie.mcgreal@edu.tbz.ch"|"N&X9tB-Cy2KGE-AceeSj"
"helene.soldan@edu.tbz.ch"|"1TCqkQ-muA@rq-Y&ef60"
"michele.cluer@edu.tbz.ch"|"bC1y&3-bHwtKl-r#P3XA"
"maeline.mueller@edu.tbz.ch"|"QjuMzN-7D3ig9-Ill@8Z"
"maelann.benedito@edu.tbz.ch"|"Wg4otb-AL5fOm-Czbwen"
"nuo.gransden@edu.tbz.ch"|"cREMCu-l$cp#9-Ico@7h"
"berengere.stainton@edu.tbz.ch"|"Nbkkq5-64FdKx-vd0pW%"
"wa.sabater@edu.tbz.ch"|"fq1GjQ-mNS%SA-qVH4Ek"
"anais.cochran@edu.tbz.ch"|"y1ivhH-OZZdDC-fD4GjS"
"gerald.bessant@edu.tbz.ch"|"Qfvyj$-4PyQs7-%avzTQ"
"ruo.coffin@edu.tbz.ch"|"pzYVU$-r26VE6-cHuSe@"
"melodie.mustill@edu.tbz.ch"|"ZZEVm0-BVPXpI-j3YfF2"
"ruo.stanesby@edu.tbz.ch"|"3S%cQ%-xJoyFf-A6Js4$"
"noemie.antognelli@edu.tbz.ch"|"paXsiI-XP1wYs-VJFfl%"
"maelann.hughson@edu.tbz.ch"|"%3xVX4-cfA3Td-jcaY$a"
"milena.mieville@edu.tbz.ch"|"8VEbdI-ODBF%H-wHBMcQ"
"mailys.chamberlin@edu.tbz.ch"|"C5NYCm-jvDLW9-gN6WXN"
"nadege.tomalin@edu.tbz.ch"|"PJOvkl-aHCAKG-vSgzjF"
"oceane.omara@edu.tbz.ch"|"s4wqw0-DOetPU-hNCz8H"
"cecile.aguirrezabala@edu.tbz.ch"|"K0NwLO-Wowccv-cSU$SD"
"maella.gwillim@edu.tbz.ch"|"5m0XKj-Si6aSk-tFQEjV"
"lea.mcgahey@edu.tbz.ch"|"sOhyo%-%VWTg0-8x&YCY"
"laurene.hagerty@edu.tbz.ch"|"00k5ce-a0eX7n-MW2TeU"
"dorothee.link@edu.tbz.ch"|"&m#jAK-9wOJWa-3q#8Dm"
"clementine.kynsey@edu.tbz.ch"|"xwfShH-&u%u@w-UGeedD"
"lorene.smitherman@edu.tbz.ch"|"SP%yCK-LcdG&E-#aOPkp"
"cleopatre.klulicek@edu.tbz.ch"|"l#J9#k-&qZAYy-mzN@%w"
"laurene.castaneda@edu.tbz.ch"|"3gis5i-SuRfWZ-8ZRi0b"
"melia.constant@edu.tbz.ch"|"mFWDbM-mwHLXT-ZGfGSs"
"lucrece.clunie@edu.tbz.ch"|"kBJeJY-bc0#GS-R#qAvb"
"eleonore.mcmurthy@edu.tbz.ch"|"nlmkGH-iPaph$-Jh2G&#"
"melia.bevar@edu.tbz.ch"|"EZht&i-pK7yYm-uDUbt%"
"camelia.bontine@edu.tbz.ch"|"iNUNk&-Ed2BZW-fcdfr4"
"methode.jozefczak@edu.tbz.ch"|"bzldwj-5dpKmF-pEI&DI"
"audreanne.hinsche@edu.tbz.ch"|"PJP$W$-p#ukeT-FR$E3H"
"andree.varne@edu.tbz.ch"|"4NnrKd-LOTYCe-Hek5DO"
"marten.kinleyside@edu.tbz.ch"|"%z9kxG-8UEtyR-kreVuT"
"esteve.mcewan@edu.tbz.ch"|"FBG@Vb-%b&fpZ-Q0Ue7X"
"leane.dibbert@edu.tbz.ch"|"tbJRG3-reTnXw-O7tXdE"
"ma.thewlis@edu.tbz.ch"|"yhUHff-W377Nr-671U#c"
"clea.djurkovic@edu.tbz.ch"|"sshz7b-L0Vsgk-flzx%S"
"rachele.reburn@edu.tbz.ch"|"CsgePG-hyzR6E-YB85lq"
"gerald.gowling@edu.tbz.ch"|"1FUiSw-v$Xt$H-cAT@fq"
"cleopatre.jackson@edu.tbz.ch"|"GqCtzE-BYyWzx-jqx@Zi"
"desiree.haskins@edu.tbz.ch"|"mrbvFh-POGGvL-nD76G2"
"eleonore.longson@edu.tbz.ch"|"#3E@qA-7sM1pl-IilgRk"
"leane.dybell@edu.tbz.ch"|"hDUzga-cyRwAT-KrdYim"
"becassine.grzesiak@edu.tbz.ch"|"@i7LRm-w0YN9a-Zcvt0Q"
"marie-josee.pickin@edu.tbz.ch"|"ntJxUg-sS62@x-I%T8n7"
"marie-josee.roxby@edu.tbz.ch"|"C9kxI4-ZYb5NZ-q&$lHT"
"leonie.feenan@edu.tbz.ch"|"&EB#gP-O$Ue46-ak$iTL"
"valerie.ellum@edu.tbz.ch"|"Y@D@7p-#1PpmX-ROR@w#"
"ju.caseri@edu.tbz.ch"|"PUkxMs-xIv19x-u89bg2"
"boerje.strangman@edu.tbz.ch"|"0CPQsE-uJkiwH-Wmudrz"
"beatrice.ghidelli@edu.tbz.ch"|"qI54VY-zdrF8w-jdMI4t"
"da.jablonski@edu.tbz.ch"|"BnAf3L-EY7mej-&VZuaS"
"uo.beveridge@edu.tbz.ch"|"xRYTGC-grJ8GO-BzbiTR"
"valerie.bestman@edu.tbz.ch"|"vr6d1n-G8WI#q-JsdHTL"
"marlene.pohls@edu.tbz.ch"|"@x$yjj-n$57oS-G0OEih"
"ma.nolda@edu.tbz.ch"|"Z4DP1u-RyFtH2-XZF5#V"
"marlene.bisiker@edu.tbz.ch"|"5Jyp3p-Xzp8DF-Vyanub"
"estee.babon@edu.tbz.ch"|"1J3MOH-r$xfYJ-bnyCO5"
"simplifies.dmisek@edu.tbz.ch"|"K&8H$z-MGDrv4-sQ0XOu"
"selene.ganing@edu.tbz.ch"|"m7kQ3G-GQoOH3-HDbh1F"
"meryl.penke@edu.tbz.ch"|"H3Y9fl-yjvTvF-mAmLGC"
"anais.rawcliff@edu.tbz.ch"|"HbfO1L-pQAYRO-iNGW&q"
"melina.andri@edu.tbz.ch"|"EjJVk@-v%cSw8-I$6ER0"
"audreanne.fodden@edu.tbz.ch"|"WO1FM9-S2Fn4F-0aX5EN"
"bjoern.spellesy@edu.tbz.ch"|"qkgVIe-%Z3&Kp-pkZUci"
"francoise.summerscales@edu.tbz.ch"|"1LBo#W-s#10@g-$ZCI&D"
"laurene.ashtonhurst@edu.tbz.ch"|"YdPBUZ-m1GtuV-iO3A6S"
"valerie.petters@edu.tbz.ch"|"8EPQt9-rSab$Y-#qJryD"
"anael.spenclay@edu.tbz.ch"|"M0pIZZ-eK8bnT-2Atg4F"
"stephanie.keech@edu.tbz.ch"|"OAXuYr-18JqkO-z2OHzy"
"ines.deveril@edu.tbz.ch"|"D$@KzU-0@J5ev-AAGZbI"
"berenice.gelder@edu.tbz.ch"|"4aIpjE-bZULYd-GuLMLf"
"melanie.ofogerty@edu.tbz.ch"|"0&d&i2-hSfJy1-Ilh%nj"
"frederique.canepe@edu.tbz.ch"|"Ca2EDo-JOJ0LI-j7dm7s"
"nuo.otton@edu.tbz.ch"|"jLAxge-OEvsoi-X&N4DS"
"genevieve.trusler@edu.tbz.ch"|"IgKR2r-ViRv@%-imTezK"
"ju.boag@edu.tbz.ch"|"t0tRUc-Pt7@3J-hN@g%m"
"josephine.dilucia@edu.tbz.ch"|"1k6mFz-tPJvT7-5B1ggK"
"laurene.armsden@edu.tbz.ch"|"5FEu8A-qdFPSr-ql9A0s"
"becassine.griffe@edu.tbz.ch"|"Af$gxT-hJ3RZC-hOVx5U"
"alois.parres@edu.tbz.ch"|"q&3yL$-1t%MOJ-w7Dqu$"
"cleopatre.gaffey@edu.tbz.ch"|"f5FxGb-vBl@pP-$$U$X2"
"andre.stiger@edu.tbz.ch"|"FCXjWX-kmHKGf-rZA%Zp"
"beatrice.godleman@edu.tbz.ch"|"W$%U@4-ojYx8S-COlbIq"
"hakan.harrhy@edu.tbz.ch"|"HLFPjB-QtD3ml-AaZJBM"
"celestine.dagnan@edu.tbz.ch"|"kIe3r@-r$L0Kb-nDJiFn"
"clemence.haggart@edu.tbz.ch"|"hGfXVV-qo%wol-JmtKsE"
"long.caban@edu.tbz.ch"|"XJjObu-rd4#9g-VJqFYQ"
"gaetane.grimble@edu.tbz.ch"|"9U$yLF-&oQ#$k-1BeNx%"
"maelann.piwall@edu.tbz.ch"|"soXP7n-oPsT1v-H%c$xg"
"magdalene.loble@edu.tbz.ch"|"JCQV2A-YQD@Ht-wLRPtV"
"veronique.domaschke@edu.tbz.ch"|"&BYI1k-$Ze4%S-tJQmwg"
"clea.herity@edu.tbz.ch"|"mbfRYl-@buQbq-Tm4HxX"
"maelann.bambrough@edu.tbz.ch"|"&1bR$j-GCExJl-VN#g@t"
"clea.goulstone@edu.tbz.ch"|"JCfL5o-KD6azF-$618D3"
"renee.deleek@edu.tbz.ch"|"&cawEi-uTGByy-pwYobR"
"boerje.rudderham@edu.tbz.ch"|"zcJX4X-IiSaEE-ZLX6Yq"
"marylene.broune@edu.tbz.ch"|"2$3T1E-uktKV@-efPonU"
"nadege.mccuish@edu.tbz.ch"|"WmL2kM-hmB5Il-Y6EfS8"
"anael.littleover@edu.tbz.ch"|"8lO%Qe-uI98Yb-s8fM@g"
"lie.baume@edu.tbz.ch"|"dVdVa8-L5CoVX-CT3PaF"
"maella.murrow@edu.tbz.ch"|"MDZ%XW-HekMaM-Ei5YdZ"
"cleopatre.pettifor@edu.tbz.ch"|"jr&$6o-Z8lyW6-u@U52W"
"geraldine.asker@edu.tbz.ch"|"xbGvwQ-095Qg#-vv5b9O"
"gaetane.smedmore@edu.tbz.ch"|"Xga9XK-Y2zPbW-UXhOO2"
"meryl.blencoe@edu.tbz.ch"|"9MzcSf-1jcfqU-%JV6@a"
"aurelie.chastaing@edu.tbz.ch"|"IKPoo#-iN1&E0-oAr$Rb"
"oceanne.marthen@edu.tbz.ch"|"Jvxo65-mkEd&H-#OizaB"
"dorothee.burrill@edu.tbz.ch"|"fPlFor-emVOdi-%CbcT4"
"hakan.belden@edu.tbz.ch"|"juRRs#-UDseke-O82czQ"
"celine.brunning@edu.tbz.ch"|"I6JOiG-zATD91-97thUq"
"anael.lapides@edu.tbz.ch"|"ZwmLm9-neINPc-%Avci4"
"ruo.saffran@edu.tbz.ch"|"giQEAY-$C9FMF-3BnSNb"
"loic.gerretsen@edu.tbz.ch"|"dRFMj#-a1IGSi-Gle3YK"
"rui.fitzer@edu.tbz.ch"|"FMEZYX-PCobYu-DuYrA$"
"annotee.ogers@edu.tbz.ch"|"no1EfA-SREDF4-8wkxXc"
"boerje.bindin@edu.tbz.ch"|"$UrSou-3UpwmF-3Wphqw"
"ma.cronchey@edu.tbz.ch"|"$iHuKy-@OxCfy-hCE&lF"
"laurelie.baiyle@edu.tbz.ch"|"dfr6$1-iW40zq-QDekiO"
"dorothee.older@edu.tbz.ch"|"YUQNVK-yzs600-6Vrh&V"
"laurena.wile@edu.tbz.ch"|"7gKq7H-yySRMw-Ri@4qc"
"clemence.brito@edu.tbz.ch"|"f#meni-hVHHPR-iLdzmo"
"nadege.dallin@edu.tbz.ch"|"$#YIMe-NUwopo-iHiz5o"
"mailis.matley@edu.tbz.ch"|"8@Zc2$-reDfTw-CK2@yS"
"daniele.screaton@edu.tbz.ch"|"uCux7K-yA0kcX-dmRjN5"
"mediamass.godly@edu.tbz.ch"|"OFpTri-B2TbKg-ZqTJWy"
"leone.kremer@edu.tbz.ch"|"jlPkvC-aXo4DH-sTqCSH"
"asa.adrian@edu.tbz.ch"|"sT0@wj-P@O&2i-yuOg3d"
"adele.doley@edu.tbz.ch"|"BK9gJZ-6NT8Fu-1cnLou"
"fei.sidney@edu.tbz.ch"|"QMjx3E-ikCYsL-Fp0IJi"
"marie-josee.walisiak@edu.tbz.ch"|"&zLZ#L-D1SSX5-22z1rb"
"desiree.diplock@edu.tbz.ch"|"FsINcW-lJe3bA-#RkKT3"
"gisele.schust@edu.tbz.ch"|"hRDBgN-URor#n-3V4Yb%"
"ma.longshaw@edu.tbz.ch"|"I6hmd9-QU6&TM-LggxSz"
"da.boother@edu.tbz.ch"|"MJ25OM-tb@NaG-mDB4OM"
"simplifies.chaudhry@edu.tbz.ch"|"i8Ylz2-ci6b#O-nPlZ65"
"garcon.baniard@edu.tbz.ch"|"hd&q#&-hYW&fP-v2Zq&P"
"gaetane.elphee@edu.tbz.ch"|"Em5YFQ-SuG7rc-6llsxn"
"gisele.hassey@edu.tbz.ch"|"4&4Xj$-m&XJ9Q-IiQqSV"
"oceanne.booley@edu.tbz.ch"|"2AU$KB-ViUwQR-w0teM5"
"oerjan.dibden@edu.tbz.ch"|"ukOBqz-r7851&-L5jLYY"
"regine.ocleary@edu.tbz.ch"|"Zv6oe3-fJ@zuZ-zxz$S$"
"selene.persse@edu.tbz.ch"|"KNkdJ0-QwGE1a-Xi&B6v"
"helena.adenot@edu.tbz.ch"|"rw&E5z-%jVMru-ezcoio"
"maelann.wassung@edu.tbz.ch"|"V#RZBa-tffuAj-LucVYm"
"frederique.ackermann@edu.tbz.ch"|"lAWF@U-dX$6Vu-BFd%WJ"
"audreanne.kahen@edu.tbz.ch"|"rLCW8h-ym#B4X-d4wU%&"
"maiwenn.lasty@edu.tbz.ch"|"zm&c1q-XrgI0A-dhB1fs"
"yu.dictus@edu.tbz.ch"|"ZJDg%@-YT07dU-cF$8ez"
"anae.dukes@edu.tbz.ch"|"n1UVrV-jtEOL4-IB3zH5"
"yenora.warr@edu.tbz.ch"|"DhhoX4-rjVnSJ-7223ja"
"esbjoern.archibold@edu.tbz.ch"|"8m%cV$-DPexjj-JVfE#D"
"milena.pardal@edu.tbz.ch"|"Pr4z3f-CdoHrh-q0bm1B"
"celestine.graveston@edu.tbz.ch"|"ePoYCL-74iFi5-B7y%V@"
"maena.dallas@edu.tbz.ch"|"EDDBWN-S7Zpn1-uDNMdX"
"andree.tuke@edu.tbz.ch"|"SbDLa9-JSzQq@-1zN&#2"
"methode.seldner@edu.tbz.ch"|"m6YsSQ-lkk3pB-D@97Zm"
"venus.bullas@edu.tbz.ch"|"3AKy6x-$a9oIQ-cyaOqD"
"mans.aguirrezabal@edu.tbz.ch"|"C5RUh$-QR7j6h-XhHM1e"
"gaelle.eadington@edu.tbz.ch"|"D1eK0m-R&@RST-6QminH"
"anaelle.falkner@edu.tbz.ch"|"%gz7qt-UOfcFb-j4eysR"
"ophelie.height@edu.tbz.ch"|"r7HVZL-Vim5xU-sxkQBH"
"marten.bolding@edu.tbz.ch"|"zBRXaS-p%YX#N-VJQVTu"
"pelagie.guswell@edu.tbz.ch"|"cw8$mX-UE64T0-49n4Gw"
"gwenaelle.lecount@edu.tbz.ch"|"n%m9s9-fKobB8-WM$J0W"
"hakan.laden@edu.tbz.ch"|"#JNjub-ub@NWH-oQaE6D"
"marie-josee.hylands@edu.tbz.ch"|"1YszgN-BcItde-24sW%h"
"zoe.kingshott@edu.tbz.ch"|"Q4@be%-WnvNBP-lAsWcl"
"josee.janous@edu.tbz.ch"|"gu0Xn2-dp5@4&-Gyznw$"
"laurene.gallally@edu.tbz.ch"|"Geni1&-@$8RUn-od%ctH"
"anael.bickle@edu.tbz.ch"|"lo4Wu5-FO@P8y-jhFDSX"
"mediamass.lebbern@edu.tbz.ch"|"4qs5@@-8FfRKA-WxzgQz"
"berengere.hovy@edu.tbz.ch"|"0SZxSN-eaC#6A-%1GSg8"
"oerjan.kilmurray@edu.tbz.ch"|"ZxnNxu-eEb5jE-EfgjLg"
"asloeg.venny@edu.tbz.ch"|"4#WCfx-qqZE4c-jDU#FY"
"marie-noel.stoad@edu.tbz.ch"|"yFxP0d-$UHcjZ-e572N&"
"hakan.pettifor@edu.tbz.ch"|"1WxDLJ-VJIDUF-QIurKR"
"maella.willgrass@edu.tbz.ch"|"KFA%wY-11m2PY-$ztWcx"
"therese.ludovici@edu.tbz.ch"|"hnbNdJ-PuKWYh-rU2TR%"
"stephanie.trewhitt@edu.tbz.ch"|"5tphrG-KJf&9s-LSNb27"
"maerta.bauduccio@edu.tbz.ch"|"YkLmNX-aNq0aA-Y5qc67"
"gaetane.glaisner@edu.tbz.ch"|"@Y7AJw-8UhNlN-&mgtac"
"naeva.pargeter@edu.tbz.ch"|"2YFilI-xcK9&r-sC$Iy8"
"salome.venable@edu.tbz.ch"|"HUvZdp-oKr9kv-YSs6fL"
"boerje.thickett@edu.tbz.ch"|"sc9xEG-Fs%f@J-0x&WaJ"
"lucrece.prendergrass@edu.tbz.ch"|"gQN9Cy-%R2IIU-tGLqv5"
"laurene.ockleshaw@edu.tbz.ch"|"W8XiJ%-Qo6egM-fGArjS"
"cecilia.pasticznyk@edu.tbz.ch"|"#IkR35-12IiPp-#5AO%K"
"stevina.mackey@edu.tbz.ch"|"&xHfy2-HhOIrx-7LH1&@"
"marie-noel.reven@edu.tbz.ch"|"7KxlCq-cl3dyw-iUd7XD"
"melina.quilkin@edu.tbz.ch"|"DNZb4i-#aVk3D-QTXW@q"
"marie-noel.ferrie@edu.tbz.ch"|"L06#bO-GgU3Z$-aE4Ha@"
"leone.alphege@edu.tbz.ch"|"GJGACT-m1ntEe-pMZQ#e"
"zoe.leverson@edu.tbz.ch"|"7xAvvt-x77fKR-YatU#R"
"annotes.grayne@edu.tbz.ch"|"0%rOGt-nUUa7n-wgs@ET"
"faites.lalley@edu.tbz.ch"|"zjk#2Q-9gR9Ay-GlY0VV"
"adele.wallis@edu.tbz.ch"|"y9gspF-fwypbS-G1vFWY"
"severine.madill@edu.tbz.ch"|"Kr8XPg-8K5@MD-Kc&E9d"
"valerie.tebb@edu.tbz.ch"|"qpuEYc-sVT96j-FEFM1L"
"kalliste.rasper@edu.tbz.ch"|"xS20&3-834J7A-4dVEb2"
"audreanne.palomba@edu.tbz.ch"|"6LXxkU-Nb&K4H-7u#mT$"
"elea.adamik@edu.tbz.ch"|"a665PQ-#sHBZ7-P&dv&3"
"reserves.jakuszewski@edu.tbz.ch"|"@6sRGY-6kx$nH-S$zkzX"
"athena.belhomme@edu.tbz.ch"|"GI13Ai-W6vuUQ-WMzIp6"
"rebecca.crippin@edu.tbz.ch"|"PI1FE1-M%bfK2-Y5hs@q"
"maiwenn.curman@edu.tbz.ch"|"iOR4h1-QSNZHv-I3$iH3"
"andree.bunner@edu.tbz.ch"|"X8XL3Z-bdq$l8-1tIa3l"
"ruo.winckles@edu.tbz.ch"|"r2VTBz-hL5atX-snRhPi"
"naeva.buntine@edu.tbz.ch"|"QKvG2%-012YmA-V9mJiW"
"boerje.dollard@edu.tbz.ch"|"I4RC4r-TApx4I-ZAIdL9"
"penelope.gorman@edu.tbz.ch"|"m@19n@-&H4WlM-rPB9Bb"
"alois.robelin@edu.tbz.ch"|"VWqD@Y-qe5haH-JVt0KR"
"anaelle.tindle@edu.tbz.ch"|"o30tt3-4M@Q2Q-afe5ms"
"ye.frears@edu.tbz.ch"|"8jnKL1-tQfFzi-%N1RVT"
"andree.ovid@edu.tbz.ch"|"6bPJu@-UVQP8b-ACd&@R"
"hakan.peat@edu.tbz.ch"|"ZQ0@WX-IAKADi-ibYJk8"
"andre.januszewski@edu.tbz.ch"|"5M%pnT-0U1Rjc-vDUPdR"
"annotes.clemmett@edu.tbz.ch"|"c4@AO$-FQ#acA-YxBPuk"
"pal.lambswood@edu.tbz.ch"|"Y03DMN-myI@In-dcDixn"
"yao.lenton@edu.tbz.ch"|"5H9tcn-PZdVA@-q%8cZL"
"hakan.boyton@edu.tbz.ch"|"x%Swbs-BNwdOk-jUY7Ul"
"nelie.forsey@edu.tbz.ch"|"5Ab5%Y-8CGcuh-PIvvx4"
"hakan.horche@edu.tbz.ch"|"&oAPwi-XWewqj-4emF8H"
"lorene.sinkings@edu.tbz.ch"|"g6kWu3-HmkOZq-m&5YLX"
"marie-therese.creddon@edu.tbz.ch"|"N0i9q&-UgUzx0-mVUw19"
"berenice.tolworthy@edu.tbz.ch"|"#jbBOk-vdzli9-KFKHGs"
"theresa.land@edu.tbz.ch"|"eRHHMm-epo&Y0-NeCRG#"
"marie-therese.gianilli@edu.tbz.ch"|"rPn63E-sG0DvF-D0PlJb"
"meryl.glew@edu.tbz.ch"|"tpk3Ok-DHXfef-kKTLRR"
"adele.debling@edu.tbz.ch"|"FXau3V-xv9gPv-pnp6vv"
"anae.metzke@edu.tbz.ch"|"iBTwyr-VpoTMD-D#2akz"
"gaetane.gooden@edu.tbz.ch"|"GAnXhv-ew6AAV-l5sT7o"
"laila.bootland@edu.tbz.ch"|"HMIMEi-%w4mda-hU2JsR"
"maite.helsdon@edu.tbz.ch"|"l%G%3V-bT9jFj-R$zM$%"
"andree.malley@edu.tbz.ch"|"zOxPFP-xfPGHo-KN@C6h"
"pal.simmens@edu.tbz.ch"|"Wby7Mz-Jz@lP7-ThnQtp"
"maelys.nuccitelli@edu.tbz.ch"|"vxSo2d-LrOqrO-xonfIN"
"dafnee.sibary@edu.tbz.ch"|"cmN#pa-RQSc1f-tLGQDS"
"alois.harsnep@edu.tbz.ch"|"2DRT0O-SI&fLN-PJ1xfq"
"marie-helene.lacky@edu.tbz.ch"|"sMDKjD-0ZNfLF-Rh$PCc"
"mylene.youthed@edu.tbz.ch"|"3Clttq-2wxXCl-hjG3gD"
"marie-helene.dehmel@edu.tbz.ch"|"OhSw%s-oUgw2Z-tntkS7"
"angele.batman@edu.tbz.ch"|"jQE3CD-cuQyaT-5mcwK7"
"melia.younghusband@edu.tbz.ch"|"RHpZF%-p54lGk-OaT0pI"
"eloise.baldi@edu.tbz.ch"|"aXauo&-Zmc9xM-QWZKN5"
"illustree.dun@edu.tbz.ch"|"5g41uG-yDz7sF-ORfWhv"
"genevieve.late@edu.tbz.ch"|"vIHBei-Z29ze&-CT4qyJ"
"celestine.colville@edu.tbz.ch"|"##yM@J-LiWGmE-aJRTlr"
"gwenaelle.scarlon@edu.tbz.ch"|"xK363E-ox$hSE-NTrD05"
"regine.boddie@edu.tbz.ch"|"&BVYe8-$TcA%M-myMHkl"
"creez.gaughan@edu.tbz.ch"|"azzJTl-YDdc7r-Grlq%Y"
"gaia.longford@edu.tbz.ch"|"1kEuLa-AmNnz$-%FxRij"
"mailis.buckby@edu.tbz.ch"|"RQuZY7-TCR$Ep-@IWjAc"
"song.parbrook@edu.tbz.ch"|"7TbHy7-P5qZrx-4yP8gM"
"frederique.heddan@edu.tbz.ch"|"CdSdRX-k2p66u-cMZTlQ"
"ake.kirtlan@edu.tbz.ch"|"$57#oB-Ws6ktJ-0RJg6A"
"nelie.runciman@edu.tbz.ch"|"JQYJZ7-xB8oaQ-OXlgxS"
"mailis.cardnell@edu.tbz.ch"|"G2f&Lf-2n1pPd-PEt9up"
"irene.navarro@edu.tbz.ch"|"i$hCPF-e7%b$O-lvsOjr"
"maite.cough@edu.tbz.ch"|"x3hPWg-Wq1Ph$-T@6RKd"
"anaelle.stocky@edu.tbz.ch"|"lwT4db-WAS@bs-jtg#zt"
"methode.moulder@edu.tbz.ch"|"9&XzFL-pXO2pq-HlnvOS"
"po.stafford@edu.tbz.ch"|"w0vXfa-cww8Gn-1rnGmT"
"faites.scraggs@edu.tbz.ch"|"%0bY@X-8nb%Mo-1As7lV"
"adelaide.dullard@edu.tbz.ch"|"KCkCIg-Z2N1rM-15euUH"
"desiree.leonard@edu.tbz.ch"|"8ATlME-VuDXxp-ybaS@W"
"geraldine.badgers@edu.tbz.ch"|"BUcntD-PRp8cA-DNFOUR"
"ruo.masic@edu.tbz.ch"|"n81PCe-xe@41@-U#LSIg"
"aurelie.lieber@edu.tbz.ch"|"mqpQDx-YgAoVD-j@1kL6"
"naelle.balcock@edu.tbz.ch"|"EpS7j%-xRpHXf-vSKKmP"
"camelia.elger@edu.tbz.ch"|"zU6IUM-yW#Z3$-GSNa#K"
"publicite.oakeshott@edu.tbz.ch"|"9GW$dX-YMmv1y-VL%69S"
"cleopatre.fawley@edu.tbz.ch"|"pzkOJu-3A8$ie-YTxu6u"
"laurene.bruckmann@edu.tbz.ch"|"H1#725-7rJ5ae-ujjZje"
"rui.haughton@edu.tbz.ch"|"g@HjFT-a$9eeh-h1ADEh"
"asa.ladewig@edu.tbz.ch"|"1BSTvn-5NUG5&-q&M#0G"
"gisele.janecek@edu.tbz.ch"|"eRFw%6-8sAArR-lVDTTu"
"maily.loveridge@edu.tbz.ch"|"rmWEvY-krLa5x-2DeW@X"
"marie-eve.yurkiewicz@edu.tbz.ch"|"v9mF9M-vH4GTk-VGhKK$"
"fei.roder@edu.tbz.ch"|"CCBSTI-dA02n8-zQgPsJ"
"edmee.chatburn@edu.tbz.ch"|"pEra28-K94vpP-OEk00$"
"geraldine.darke@edu.tbz.ch"|"kgrN9t-RlvfEa-SaUrTs"
"ye.jira@edu.tbz.ch"|"&4HGY1-89Tfr@-s&FVFc"
"publicite.persent@edu.tbz.ch"|"%g1Lhz-4vXNyZ-DNSKWJ"
"severine.wilcox@edu.tbz.ch"|"2jTzz%-kd0gsG-oHb5#u"
"yao.mcclaren@edu.tbz.ch"|"DB$dDG-Yb@EF#-@GBkMs"
"theresa.foynes@edu.tbz.ch"|"yPVJfo-m69o&z-BabFty"
"stephanie.isley@edu.tbz.ch"|"z9MEda-pwX8OR-eltFd1"
"torbjoern.growy@edu.tbz.ch"|"#0ejXx-Xg$2&P-Xtq%pv"
"eloise.tunnadine@edu.tbz.ch"|"23X798-obwRGy-88njpl"
"maeline.cossentine@edu.tbz.ch"|"uPUQDy-M7y8Fc-RsLXag"
"nelie.desantos@edu.tbz.ch"|"0vvQ3l-ccG$P3-%Yqbgl"
"gaetane.axston@edu.tbz.ch"|"NebCn8-KA%EW7-Ci0Za&"
"aimee.merman@edu.tbz.ch"|"4gZ##w-BFDDEn-%vPQw5"
"oerjan.drivers@edu.tbz.ch"|"mem2p&-0rXop4-t7u1N8"
"aimee.miroy@edu.tbz.ch"|"X45m0p-$oiTA@-7707&I"
"nelie.glyde@edu.tbz.ch"|"GmY855-@$x4fa-AbLUWe"
"hakan.kapelhof@edu.tbz.ch"|"km93pP-3@k29j-G70VRx"
"maelyss.cauley@edu.tbz.ch"|"shJ9ua-uEu@fW-$$a6Li"
"elea.vaggs@edu.tbz.ch"|"T5u0nB-Bfm#m2-4VMI2j"
"maelys.but@edu.tbz.ch"|"didrs8-BF0o#1-Pv4FRZ"
"maella.arthurs@edu.tbz.ch"|"aieoY#-@lCHDa-o3T4uy"
"adele.liebrecht@edu.tbz.ch"|"XsYqJn-75%hgK-dba@ku"
"meline.lomasny@edu.tbz.ch"|"Om0io4-dV63PG-wUvpov"
"mediamass.schwant@edu.tbz.ch"|"Bn3L@Q-UQCsYT-xx3CYz"
"leone.saunt@edu.tbz.ch"|"PiNvtL-pEN45x-Sk$I5H"
"annotes.gouch@edu.tbz.ch"|"#t7hYa-ul2hY$-oQsFrd"
"gaetane.bowich@edu.tbz.ch"|"JWgm4U-nMx&8m-L9NJq@"
"alizee.strelitzki@edu.tbz.ch"|"auA1rL-$%1ysb-zyp1Rz"
"leone.poile@edu.tbz.ch"|"GFRg$Y-4KSgaj-qp$f0J"
"amelie.saban@edu.tbz.ch"|"t2#GjV-Mw8UIf-FN2lHm"
"marten.mcmenamin@edu.tbz.ch"|"1mTotL-SvOV1H-Bx#Qgw"
"becassine.keets@edu.tbz.ch"|"mluLCY-UsRwcv-n2J%hJ"
"celine.million@edu.tbz.ch"|"Owa$Xk-lWTNkD-PogoWt"
"geraldine.belitz@edu.tbz.ch"|"sRnxgu-utJJ1P-Kg6ZJH"
"salome.mardling@edu.tbz.ch"|"KTEGcg-7DKjbn-p@s4Iw"
"melia.blakemore@edu.tbz.ch"|"D40zJY-&x9V7j-E5fZPZ"
"dafnee.mcaulay@edu.tbz.ch"|"1gurwu-OO6h2n-LGvjAH"
"garcon.dennett@edu.tbz.ch"|"4SNhum-7$Wb1y-Wr6bUO"
"interessant.lesor@edu.tbz.ch"|"25uYnd-HI@Nb8-OFMku0"
"annotee.wasbrough@edu.tbz.ch"|"1e6izb-5Jej&6-VEIEw4"
"asa.ibbeson@edu.tbz.ch"|"uTaJTV-Jg27Nq-AS9Wh&"
"maily.kennealy@edu.tbz.ch"|"u69vAm-91dBTT-I8cL#i"
"ye.seares@edu.tbz.ch"|"MUQs2w-j96OMm-kR4S#9"
"athena.harbron@edu.tbz.ch"|"44DPyC-2gP@Q6-Au$v6k"
"andreanne.portail@edu.tbz.ch"|"cL3bHm-vKxcWT-@tl0Yn"
"goeran.zannelli@edu.tbz.ch"|"DXHju#-LzB4HE-xEdqms"
"gerald.leathlay@edu.tbz.ch"|"l&#fJk-a1fFom-uQ4Em#"
"andreanne.chown@edu.tbz.ch"|"##KUhv-yXjd$P-zM&$tP"
"esteve.clementel@edu.tbz.ch"|"sxyzu6-hrosQn-9w1@tV"
"leone.legan@edu.tbz.ch"|"jYVpUG-KOd8id-Usw@Ge"
"maena.pownall@edu.tbz.ch"|"cD#WBc-VQL8Ep-3WnVfx"
"andree.rettie@edu.tbz.ch"|"tQmhWj-2&xfQ&-4mfw8M"
"ines.kenwrick@edu.tbz.ch"|"bZKLCL-H5W4$Q-bu0ZpG"
"marie-helene.yarnall@edu.tbz.ch"|"ZDaiZh-f5BHib-U$GLW8"
"po.martin@edu.tbz.ch"|"lCEfCK-5go8%g-mvT4Sh"
"ruo.celiz@edu.tbz.ch"|"0oHzK$-k3Zn%W-vLpv4g"
"po.bissett@edu.tbz.ch"|"pjus4J-&56Xgh-mQUS#a"
"du.swindon@edu.tbz.ch"|"rM5l8J-ik4n6A-CyDnMA"
"interessant.gouldthorp@edu.tbz.ch"|"oieGRR-@VHoKo-lVNF9N"
"leandre.lilburn@edu.tbz.ch"|"$1UoKu-TQe#8H-TwgYEv"
"bjoern.whales@edu.tbz.ch"|"ZjsmJ0-EED9&j-tyCeyp"
"interessant.dieton@edu.tbz.ch"|"eS970@-6rjeGB-4s#19l"
"celestine.redhills@edu.tbz.ch"|"SbHK8J-dnbQO3-S8xksn"
"tan.yakovlev@edu.tbz.ch"|"zxpxNS-13rIbi-pBk72y"
"regine.mcdowell@edu.tbz.ch"|"16ErjU-YordKD-idZtih"
"ju.coysh@edu.tbz.ch"|"o3r%tI-VmuO81-TPhIew"
"reserves.ofallon@edu.tbz.ch"|"lbrjfO-IANrAh-egVez&"
"frederique.sobey@edu.tbz.ch"|"464Xx7-Iz605X-QB9j2z"
"marie-eve.garstang@edu.tbz.ch"|"f%R4Y8-&w8Y12-EDYs&e"
"andre.tapin@edu.tbz.ch"|"xkymTR-OlZOHg-fjkNwz"
"esbjoern.eynon@edu.tbz.ch"|"V%&xse-h$euNt-BJcADT"
"maella.duffy@edu.tbz.ch"|"FVzKHX-dY$KI%-XDIvjd"
"leandre.twinning@edu.tbz.ch"|"I0Z#%@-WFoLZ1-rOg4fn"
"mai.whittingham@edu.tbz.ch"|"YEM9m7-b97wNc-WDgwSi"
"rachele.shevelin@edu.tbz.ch"|"vfVNHm-gzS5we-ZCH$bJ"
"cecile.mcure@edu.tbz.ch"|"6HHVt@-e2SY@2-o&tTb$"
"marie-eve.yurkevich@edu.tbz.ch"|"VcBzRf-uE#aMH-QB9DBD"
"almerinda.paice@edu.tbz.ch"|"Ht9Bv2-OMybpZ-vvmN6d"
"rao.howkins@edu.tbz.ch"|"A5oRPi-qcmg3f-jvO5zF"
"serena.pack@edu.tbz.ch"|"wgV#eD-iR2BGQ-fYnM4f"
"rebecca.mant@edu.tbz.ch"|"zvXPWO-C#NUlT-68nt2j"
"reserves.spitell@edu.tbz.ch"|"EyIQSC-WETEj@-EcsSE0"
"garcon.hamfleet@edu.tbz.ch"|"i@dux6-0hJDW&-GOTuRb"
"methode.kerkham@edu.tbz.ch"|"ytXBzo-r&IxNw-D69iIN"
"pelagie.camies@edu.tbz.ch"|"&wAD@B-5bKxwG-Cfpe9f"
"josephine.macpharlain@edu.tbz.ch"|"jQ#htf-D9%Ulo-F9Eh41"
"eugenie.mathet@edu.tbz.ch"|"aMAJL6-gP0qe%-rsQ6Kv"
"gaetane.brangan@edu.tbz.ch"|"j8uKwo-gZbr0D-uXgYik"
"michele.dewbury@edu.tbz.ch"|"sGIKip-obplpM-$BNBXq"
"eugenie.elcott@edu.tbz.ch"|"fwO0Xh-%J@c2o-jbNPhc"
"megane.harniman@edu.tbz.ch"|"M3dJNA-mR84pJ-w4GoDK"
"agnes.cluney@edu.tbz.ch"|"l%QZ5d-gsgxMt-3y&E5H"
"marie-helene.angear@edu.tbz.ch"|"gLIxsu-ZG%lLh-llUeZ%"
"melia.dolphin@edu.tbz.ch"|"@yOUZD-TBO&8T-##qEzZ"
"lois.ruseworth@edu.tbz.ch"|"d7J&UN-nIUmz4-udE%fu"
"mailys.ryding@edu.tbz.ch"|"Jk0$#@-L3ffmk-i#8tpE"
"rachele.wulfinger@edu.tbz.ch"|"ngeRa$-wk6To4-iLYZ@4"
"gwenaelle.talton@edu.tbz.ch"|"ZwTcdW-t4d0vg-eukdBO"
"long.ronchetti@edu.tbz.ch"|"3EOjc2-Yp1ta3-F8haYD"
"styrbjoern.kloska@edu.tbz.ch"|"C2#9AZ-Ykmff4-noamtJ"
"len.sudran@edu.tbz.ch"|"OI4Vtp-zJVeIB-&gfSCK"
"maelle.andrysek@edu.tbz.ch"|"yD577V-P2oKbm-dzBTtG"
"selene.senior@edu.tbz.ch"|"pKjWvy-%AgW5Z-anHKIP"
"anais.joskovitch@edu.tbz.ch"|"GqX77S-6DbynS-fv#&lP"
"marie-noel.dally@edu.tbz.ch"|"fQJF%v-uYJvd9-9T@pkn"
"marie-helene.laurence@edu.tbz.ch"|"DNoN59-nZnO3s-BQJq4k"
"camelia.foxon@edu.tbz.ch"|"ba$T1v-vWdREa-E@S#Z2"
"helene.cankett@edu.tbz.ch"|"q5ilVA-808F8X-Z1Lh$l"
"marten.mitchelson@edu.tbz.ch"|"#RMaUV-xFalJH-sQJuyG"
"helena.stirtle@edu.tbz.ch"|"W5eh&j-@Zgdt&-tQiH5i"
"leane.barmby@edu.tbz.ch"|"l@JI7I-w4biTF-yEQPNz"
"goeran.ofinan@edu.tbz.ch"|"#CNM%M-0wO1WV-7@cb44"
"styrbjoern.proby@edu.tbz.ch"|"DSWdeX-zA9pCZ-@j29ey"
"zoe.halse@edu.tbz.ch"|"qp&ftV-IPHwJ@-5ma#N5"
"kui.drable@edu.tbz.ch"|"z30zpR-Yu6uD0-aE8ZjP"
"desiree.bamford@edu.tbz.ch"|"VNqJ%J-c$zB%I-FRwr3p"
"zoe.suller@edu.tbz.ch"|"zxPOif-nroCou-3knc2a"
"marylene.audiss@edu.tbz.ch"|"aXx6y$-0mCPc$-mLc%Kj"
"adelaide.poznanski@edu.tbz.ch"|"WhWtUM-3fQe6v-V7WPFE"
"maella.coleyshaw@edu.tbz.ch"|"NDwnxm-#FdlK8-Omx7Aj"
"marie-francoise.gelder@edu.tbz.ch"|"vV@1fn-qIe3#e-pMRfnU"
"eleonore.chaffyn@edu.tbz.ch"|"#6@p2Z-VBGxpg-@%T#mA"
"celestine.sikorsky@edu.tbz.ch"|"3y#b$8-d5VOsc-jZo9%b"
"stevina.londsdale@edu.tbz.ch"|"phUMXI-cxcelR-FfxlX0"
"maiwenn.nevitt@edu.tbz.ch"|"sj%ymT-ahw2P5-QZZoLv"
"magdalene.gerrey@edu.tbz.ch"|"iJS9r2-ATLGPv-TQJGDT"
"becassine.latimer@edu.tbz.ch"|"gfJfQf-hC7uvs-z%EwnD"
"da.lethibridge@edu.tbz.ch"|"kMVNCL-0JhAv3-UpJoLq"
"mailys.claige@edu.tbz.ch"|"q@A8Oz-tBTF$Z-hA1P&V"
"maena.torbard@edu.tbz.ch"|"O5Y8N4-cR4JGu-t@WH6N"
"solene.lyvon@edu.tbz.ch"|"A8MfYt-v58T1Y-ptDDFm"
"marie-therese.benbrick@edu.tbz.ch"|"x$%EPM-kq%7cb-bIgMs#"
"gerald.edmonson@edu.tbz.ch"|"bIZYTf-tMWJsP-a&W96Y"
"ake.messruther@edu.tbz.ch"|"Dd7Uej-l9fnZ5-hw0hTH"
"men.gosneye@edu.tbz.ch"|"rf@vxw-@BRSkk-DH79I&"
"anais.jefferys@edu.tbz.ch"|"#3rVFG-zz6#kL-#vPVjA"
"publicite.tregale@edu.tbz.ch"|"4V$OtC-W#@as&-y8YI28"
"maily.santorini@edu.tbz.ch"|"VJba%y-oB8#4A-dI4aO9"
"ines.pioch@edu.tbz.ch"|"EWqk@J-jCH4lU-u73yop"
"noemie.marklew@edu.tbz.ch"|"lnLxnU-XMzdwA-6@yVy3"
"meghane.maccaffrey@edu.tbz.ch"|"tv0TNq-2phdhM-IpTBf$"
"berangere.ambrogio@edu.tbz.ch"|"gWCvha-aAdzPJ-NJ5rwK"
"mediamass.ryce@edu.tbz.ch"|"VynjHV-SrHYXP-Ey7jY3"
"oesten.ubank@edu.tbz.ch"|"z6Q75s-wC0k@Z-qzTnkQ"
"melina.mackee@edu.tbz.ch"|"k9i%a9-aM#UDm-JnF9Pb"
"theresa.livezey@edu.tbz.ch"|"jpXn1a-MlD4Ue-JRowYp"
"clemence.weal@edu.tbz.ch"|"TY@69b-hvszIE-hafAF6"
"faites.overton@edu.tbz.ch"|"hcyfpq-P0B76K-HDawK4"
"clea.lindblad@edu.tbz.ch"|"4QR&oL-zSrph&-LFW&J6"
"josephine.roseaman@edu.tbz.ch"|"bScHvn-q&PGW1-2tHte5"
"oesten.lowbridge@edu.tbz.ch"|"zoHfDF-SjeZ3I-K&FzLb"
"marie-josee.brion@edu.tbz.ch"|"ISWeee-WqIZBt-VRhnIa"
"therese.basili@edu.tbz.ch"|"YxWaF2-y8PHuG-Xh2y21"
"melia.vertigan@edu.tbz.ch"|"29lUUS-W8YJ09-X5CYjF"
"judicael.saull@edu.tbz.ch"|"L4nGrI-xwERLi-dENcq9"
"selene.valentine@edu.tbz.ch"|"HS@$7L-oyhY$T-V53Y#f"
"verane.dunlap@edu.tbz.ch"|"QXo7TV-XG#6dv-xy14gb"
"meline.kinnear@edu.tbz.ch"|"rkfyXf-D4Gkzc-WC8QZk"
"lei.luttgert@edu.tbz.ch"|"uUgLD3-7#ChCJ-@$0bsj"
"styrbjoern.lathleiffure@edu.tbz.ch"|"t$PLcf-LI8GWQ-pfPpET"
"marlene.blasi@edu.tbz.ch"|"slKtwA-z&kQ@k-Y1&PCq"
"mai.begwell@edu.tbz.ch"|"DBKXnH-KKb$m#-d#Awvv"
"gwenaelle.kaines@edu.tbz.ch"|"@cUkmi-#QjWoA-##OGcR"
"gerald.adamthwaite@edu.tbz.ch"|"FvTgMu-4HwwOA-wbql9t"
"kui.hartfield@edu.tbz.ch"|"fR@noo-Cq2NzW-XeIOzV"
"salome.currao@edu.tbz.ch"|"2uYcIS-Id6ETa-#@kbTY"
"angelique.tixier@edu.tbz.ch"|"%gupqm-mL8E@g-Z3U9T9"
"ju.mcgragh@edu.tbz.ch"|"9gxWL@-C2AIhN-ADZ9zg"
"dafnee.beachem@edu.tbz.ch"|"gR@YON-TATuTB-uOzBkD"
"creez.terlinden@edu.tbz.ch"|"%JF1an-Ow2Q1Y-z63YHJ"
"uo.mcskeagan@edu.tbz.ch"|"2BQbQ0-WiI%9j-vuVv@N"
"edmee.mccaughren@edu.tbz.ch"|"BXZJG1-2aP7S&-Bi$69W"
"asloeg.cozby@edu.tbz.ch"|"lsitNi-AJKWji-W@zZtc"
"melodie.traite@edu.tbz.ch"|"yuVc7q-lNBwKl-#9QF3@"
"dorothee.aindriu@edu.tbz.ch"|"U@vPQ8-xynxNG-Gr@MAf"
"daniele.doley@edu.tbz.ch"|"upUndT-e3#Z5k-waQ%Lz"
"mediamass.fairclough@edu.tbz.ch"|"dr&Hmz-0b6GXD-2WhWdh"
"lorene.rainforth@edu.tbz.ch"|"HrXYb6-LZ0MON-&Yb7#s"
"leonore.eyer@edu.tbz.ch"|"pdn2pW-mVBrzk-AzP9EI"
"po.spillman@edu.tbz.ch"|"&QkXmg-E$mPxV-AHf9FK"
"cecilia.plitz@edu.tbz.ch"|"9aVyCu-MuYL%X-J6ZHvB"
"lorene.ludlow@edu.tbz.ch"|"TpTDDW-l5YYh2-$7a%Yo"
"berangere.neligan@edu.tbz.ch"|"XnY1qI-3kDtI7-uotbHG"
"simplifies.huggan@edu.tbz.ch"|"JxCaze-Klf%XZ-5p6ZTX"
"clelia.prandy@edu.tbz.ch"|"L3%9bC-7cMkQj-z7q1KK"
"ake.osban@edu.tbz.ch"|"yMn$rQ-&CRq4x-JtHx&&"
"cunegonde.brunn@edu.tbz.ch"|"qhOckS-6BS05t-0T$AI%"
"long.grizard@edu.tbz.ch"|"SuDj87-DJpcwt-fgiWIZ"
"meghane.diss@edu.tbz.ch"|"t78hjs-q8UXaG-b2MJPO"
"therese.oldman@edu.tbz.ch"|"0v#4Y&-RU$YR5-AC7y3B"
"boerje.scamerdine@edu.tbz.ch"|"7r@a1O-b7JPeW-3pgpSt"
"du.saban@edu.tbz.ch"|"T3mt#B-rIIo@U-8FaLz9"
"hakan.clynmans@edu.tbz.ch"|"HHJy$T-bCm3L0-HZG&kv"
"wa.macdowal@edu.tbz.ch"|"gRb9JV-NmyAFW-$NCtL4"
"venus.hatrey@edu.tbz.ch"|"bMQ2A@-S$dHFy-za7YRT"
"anaelle.vispo@edu.tbz.ch"|"9hIB$T-GOwcoq-t9mnk1"
"mahelie.ollcott@edu.tbz.ch"|"TT2$yI-bRrAGK-WdYHIr"
"mediamass.whyman@edu.tbz.ch"|"OGdTg4-Jj61ES-Zdf@iJ"
"esbjoern.basson@edu.tbz.ch"|"kw#yzV-DPSDbI-em%if5"
"andrea.morrill@edu.tbz.ch"|"gYMNs2-qAylYS-@TwvpR"
"melys.grassi@edu.tbz.ch"|"1quRao-sWf6Ub-SDaft6"
"leone.poleye@edu.tbz.ch"|"UwAg@Q-fwdzHa-5qdmQI"
"francoise.penny@edu.tbz.ch"|"vgkQfo-wSLyda-5Nwvw&"
"rebecca.edney@edu.tbz.ch"|"vRaDc$-mGcYMe-2Ey3xy"
"adelaide.murtagh@edu.tbz.ch"|"fAap3m-ewf5l4-4P%9Io"
"stevina.winterbourne@edu.tbz.ch"|"5YA7IT-PNEtc0-spx&$0"
"ma.cottom@edu.tbz.ch"|"62hFLQ-cIG1HL-m0@AzL"
"tan.harold@edu.tbz.ch"|"T5n#Cc-vg$al4-t8VDBa"
"venus.forte@edu.tbz.ch"|"QXTzUU-QfkOKa-CPmtPX"
"almerinda.oluney@edu.tbz.ch"|"Tj0Mpl-kYxioi-GpqngV"
"cleopatre.brehault@edu.tbz.ch"|"Qv0Wi6-Q7Rvhw-Uuu$yj"
"interessant.lapides@edu.tbz.ch"|"gMkgQ8-SpWDuc-KV#Rgo"
"reserves.hallatt@edu.tbz.ch"|"rO5Wje-5fW&0e-TyD%ka"
"annotes.birdwhistle@edu.tbz.ch"|"Q0rVP5-AHzOGC-7@3tFG"
"ai.dredge@edu.tbz.ch"|"1M20Jp-m#LQ7O-1Gtt#@"
"megane.mussard@edu.tbz.ch"|"GgbfO8-uAdava-mjuwzj"
"esbjoern.gowrich@edu.tbz.ch"|"WA2dn$-$WOri@-j0O5ci"
"boerje.brislawn@edu.tbz.ch"|"LMF3LP-Lk9NMR-$SZDOc"
"becassine.wilce@edu.tbz.ch"|"yVBmMY-1$V6jr-h5OMQB"
"personnalisee.oels@edu.tbz.ch"|"x5xjx%-$S$WFW-clZAPP"
"verane.pett@edu.tbz.ch"|"EdFyir-K8L3Nj-xzMAyT"
"marylene.glewe@edu.tbz.ch"|"THkria-fB#ElY-yCWoOi"
"lai.elson@edu.tbz.ch"|"$rEl90-bTvrJl-WtL$xw"
"serena.difranceschi@edu.tbz.ch"|"uDXRJj-lP1$59-HwmtX$"
"lie.espinel@edu.tbz.ch"|"QqDIl$-wbCrER-bigG8G"
"marylene.fantini@edu.tbz.ch"|"yEpuSt-WNoaVy-ashqOY"
"andre.archdeckne@edu.tbz.ch"|"Tn6ZQ0-IguXzc-W$G$st"
"goeran.bohlingolsen@edu.tbz.ch"|"bzqENt-PQ%BK6-AG#iEz"
"cunegonde.heffer@edu.tbz.ch"|"rkiBP1-q6HVnP-%rHzY@"
"tan.fechnie@edu.tbz.ch"|"#g9ASC-Utma6W-2MVhSX"
"marie-noel.brammar@edu.tbz.ch"|"Zpcyr5-ronpLB-m&ynsy"
"simplifies.aven@edu.tbz.ch"|"BNd5E$-qgqzkX-WY$f@V"
"melys.pinchen@edu.tbz.ch"|"l$BelH-2rb$eg-wwOR3@"
"edmee.joyner@edu.tbz.ch"|"BTXFa$-pzMT5H-fqPZEh"
"berengere.edess@edu.tbz.ch"|"cGxbJ3-vLt6j8-b%B2D8"
"marie-noel.goward@edu.tbz.ch"|"&YHt&E-rL2JTT-MKBt55"
"ju.edmons@edu.tbz.ch"|"Wt7S7#-5nnTyI-fGpcm6"
"frederique.airds@edu.tbz.ch"|"54BO$q-0VqlPg-tgc$VD"
"reserves.dauby@edu.tbz.ch"|"bkLH5f-qRLTHj-G1MtAt"
"hakan.gynni@edu.tbz.ch"|"TQtFMF-dCX3XC-3#K024"
"leonore.pinwill@edu.tbz.ch"|"ii2fZ1-NvFGI9-zJds#7"
"marie-eve.mcallan@edu.tbz.ch"|"8kY4UO-HPj95P-NWJ@8&"
"naelle.yeabsley@edu.tbz.ch"|"pOvq1E-1O2hVr-mzgWrD"
"nelie.jacobovitz@edu.tbz.ch"|"cAP66p-BMkIgW-qVtXy6"
"adele.conelly@edu.tbz.ch"|"PXcg04-3Wnzk1-fjPdhC"
"clementine.dondon@edu.tbz.ch"|"xIpnkq-&HgM7W-W6h8vt"
"zhi.willcot@edu.tbz.ch"|"8FQ&C4-KMVXfo-@V4I#A"
"chloe.janicki@edu.tbz.ch"|"0Yq@4&-15bO1H-GDoQyY"
"meng.linde@edu.tbz.ch"|"XBpq9y-j8PrIB-OFfO$u"
"celine.janisson@edu.tbz.ch"|"4ltqTB-uz8O$U-A$cs$e"
"clelia.crow@edu.tbz.ch"|"XkKrKQ-nDpTbe-I#2bP&"
"cecile.pyott@edu.tbz.ch"|"zwXom9-&ScPCU-2%Z&OX"
"ma.fidelus@edu.tbz.ch"|"nbmNyo-iqdRiW-z@jq#2"
"marie-helene.poore@edu.tbz.ch"|"22Ujut-Q5OqQB-1I4w1N"
"elies.blanket@edu.tbz.ch"|"D@rp2s-$m8QMk-qjrWTN"
"yu.boyer@edu.tbz.ch"|"937X4y-tmTq5C-ZLcf&0"
"celia.welds@edu.tbz.ch"|"yPFTCl-947mRR-uXDq%x"
"du.gunney@edu.tbz.ch"|"&OfQAO-HuPeiK-DbLPTP"
"goerel.crush@edu.tbz.ch"|"l&PVlx-BzsxvD-d9Xt76"
"marie-josee.brosius@edu.tbz.ch"|"FumHoV-cjzAMY-yW@V3H"
"camelia.adds@edu.tbz.ch"|"wK%mWa-&sDUFO-FksDqO"
"anae.irwin@edu.tbz.ch"|"Nl@&Vm-vgf7kV-mY%Bds"
"cleopatre.skeffington@edu.tbz.ch"|"zbnc#x-okp2jV-ASpZRi"
"gerald.suggate@edu.tbz.ch"|"bHP#4p-qJsT1h-EqmGwn"
"laurene.tailour@edu.tbz.ch"|"9mMrNg-YmzNcz-ksNUXr"
"amelie.hoble@edu.tbz.ch"|"z1u36c-u@PScr-f$cXgW"
"venus.getch@edu.tbz.ch"|"AeP&8K-TVZvLq-7Gg2YG"
"renee.treby@edu.tbz.ch"|"SMDrBz-eMdRHY-6Mbxmb"
"almerinda.stait@edu.tbz.ch"|"3vf3YJ-UMAUOE-jpfKae"
"andree.reddecliffe@edu.tbz.ch"|"pCM0OY-2r0MQA-sCGbR&"
"leone.wintle@edu.tbz.ch"|"HK#g2Q-LwMNyc-thrWlF"
"gerald.fellow@edu.tbz.ch"|"OZsty0-tIu2Xy-Aj&Zjj"
"ju.gudger@edu.tbz.ch"|"%$Y#FI-6$u5ZT-Cg3gux"
"meng.ohaire@edu.tbz.ch"|"F@M9WB-tJJeGS-&#HD#I"
"cleopatre.missington@edu.tbz.ch"|"l6s3gr-jC3fiL-ML5Kk7"
"annotes.debruyn@edu.tbz.ch"|"T4t9YQ-QJiDr0-X441UE"
"gerald.sinisbury@edu.tbz.ch"|"r8gtM7-80GS9b-aVjD$J"
"creez.slora@edu.tbz.ch"|"P3Mem2-ca%PTw-bLdZsM"
"gisele.benbow@edu.tbz.ch"|"KJz$4I-E0xhdO-pZuEnj"
"pal.dossit@edu.tbz.ch"|"dMP6J9-57Y&oL-EIqI6I"
"nelie.stirrip@edu.tbz.ch"|"3t7gaE-fQjllN-a61v&Y"
"alois.ocrigane@edu.tbz.ch"|"5kgQ1F-fjMT1H-HXi1Mw"
"kui.mcterry@edu.tbz.ch"|"BzZVxC-&lDbrQ-dWtCrK"
"long.willgoss@edu.tbz.ch"|"ILGu8q-ys%fES-0QjtB1"
"francoise.sumpner@edu.tbz.ch"|"ieFUPO-Iwq2jR-bng9p2"
"maely.grinstead@edu.tbz.ch"|"CwlDx2-j3$Ce$-C737qG"
"creez.langeren@edu.tbz.ch"|"fKs8fM-&8A9To-xNiSDn"
"adele.dungate@edu.tbz.ch"|"L0$QES-hec6dp-HOkEZP"
"cleopatre.noirel@edu.tbz.ch"|"NnYL6N-Lrziyq-s7adkX"
"interessant.daverin@edu.tbz.ch"|"gWzJDF-b6LFMS-fQB4vs"
"naeva.kalderon@edu.tbz.ch"|"rFQuO$-M&4zlr-qIbNYE"
"anais.oshesnan@edu.tbz.ch"|"i0lU8L-z2KFd&-N37HqA"
"judicael.anelay@edu.tbz.ch"|"St10Ic-#w0&fS-$%g@r8"
"eloise.braxton@edu.tbz.ch"|"g#7vxU-5LZ#aT-sY4TQ9"
"desiree.greguol@edu.tbz.ch"|"dQQvf#-r3QHVo-nqg9yZ"
"maite.mcclenaghan@edu.tbz.ch"|"x7lJV&-GDaEXx-Vx01&w"
"meng.doret@edu.tbz.ch"|"f1CKgX-53aRA5-3OfgRQ"
"frederique.chippendale@edu.tbz.ch"|"jABUBl-Jj9nxz-oPKO$I"
"andreanne.lanney@edu.tbz.ch"|"TECLej-V4EbDR-b9h2yQ"
"aurelie.claus@edu.tbz.ch"|"tpyx4d-V$famR-RKcAHN"
"renee.pabel@edu.tbz.ch"|"%tScVh-y83H9k-mukCZy"
"maena.roust@edu.tbz.ch"|"vrD9&r-RZh4qn-JY8ZuA"
"nadege.carwithim@edu.tbz.ch"|"UELkw2-AaBt0K-67HdUK"
"solene.geyton@edu.tbz.ch"|"%gBlXC-Hl$pwP-bJUsQ&"
"dafnee.avraham@edu.tbz.ch"|"vuui13-pLR8B@-fCpYql"
"leane.woolvin@edu.tbz.ch"|"h&nL$q-cBIO05-tWXEE$"
"adele.macadie@edu.tbz.ch"|"Tc#sBn-mHe8QK-MvjLY$"
"meline.rubica@edu.tbz.ch"|"%nt1x4-C4JkJl-NXE56p"
"marie-noel.speeding@edu.tbz.ch"|"$%EPrp-@hf2Bt-co1qXS"
"nelie.mix@edu.tbz.ch"|"K%$Y%U-hy40T9-JloK31"
"clea.ollett@edu.tbz.ch"|"2pngIe-io30T$-Al@8gG"
"leandre.mcgavin@edu.tbz.ch"|"vU%Oqr-dyHX1A-uwDTn7"
"cecile.behne@edu.tbz.ch"|"rLPk8m-Xj5SvO-@B7bTz"
"melanie.polle@edu.tbz.ch"|"sz61Pv-i9o@q#-9wnZOH"
"marie-josee.titmuss@edu.tbz.ch"|"8KQM@W-Jpk0L1-f0bgsv"
"helena.guest@edu.tbz.ch"|"HAe3zA-nO$GJ9-3H1Mkh"
"annotes.chicchetto@edu.tbz.ch"|"ejk%29-Su8Zwt-08PH2Q"
"melia.tubb@edu.tbz.ch"|"@RH%U#-wjVWEy-%o#pWk"
"angelique.casetti@edu.tbz.ch"|"#uT15Z-Jvg$40-l8mzOp"
"cunegonde.cleall@edu.tbz.ch"|"3pebb3-xEUAVT-N70he8"
"camelia.oaker@edu.tbz.ch"|"dappU8-JcCRrQ-7CoNaY"
"you.searight@edu.tbz.ch"|"2zAFgn-Z&no@Y-5EXgKX"
"kevina.dederick@edu.tbz.ch"|"2q76Nv-1XciOK-ZiE$T7"
"milena.jeffrey@edu.tbz.ch"|"9R4Gy5-$prSts-uN6W@K"
"melodie.barkshire@edu.tbz.ch"|"nIJdSa-yq3rB9-l28OlB"
"gaelle.kreutzer@edu.tbz.ch"|"9u$#fn-rJpCGq-lV%Wk0"
"kalliste.kleinpeltz@edu.tbz.ch"|"Mk4GDm-o#FHBh-BOES#I"
"clementine.danat@edu.tbz.ch"|"Rv#Z7N-MOGyaG-58PYH#"
"andrea.wabb@edu.tbz.ch"|"SV0tu@-uwlI7f-uf%Sbg"
"geraldine.piesold@edu.tbz.ch"|"oGQHh7-f5D1CM-8W4wAP"
"tan.fiveash@edu.tbz.ch"|"RuJFKH-bPNyT4-1pe@6H"
"meline.yuranovev@edu.tbz.ch"|"hkFk5X-PKPuPw-wmY1LM"
"therese.holme@edu.tbz.ch"|"6oxd2Y-Ol1%nL-p@wlEt"
"salome.vaney@edu.tbz.ch"|"msO#jf-ZivpT&-UdjkfT"
"anae.abramson@edu.tbz.ch"|"c#npMi-h%2s7O-fgEWR@"
"kalliste.jimson@edu.tbz.ch"|"s4&K$f-#wCErr-XbQxbK"
"selene.yole@edu.tbz.ch"|"d0sa3J-TzaxIP-JbfOKQ"
"agnes.defraine@edu.tbz.ch"|"f5ixQ9-R6e1NP-8Zwmcf"
"faites.mccluin@edu.tbz.ch"|"yIEHZE-Afl6mS-vEJ&q4"
"athena.deme@edu.tbz.ch"|"PlTcIe-hRFWLT-gjEsn#"
"daphnee.brigstock@edu.tbz.ch"|"n4sM4B-IJBel%-UpWzVs"
"goesta.skaif@edu.tbz.ch"|"7Mb$nw-&2KrIi-AtP$ts"
"oceane.jagoe@edu.tbz.ch"|"3gFHdB-1#kEZx-jGwfLq"
"annotes.broomhall@edu.tbz.ch"|"ibtFsa-5UHLh3-pY7SZt"
"marie-eve.ballendine@edu.tbz.ch"|"qJ9KSv-VjNWbs-UcQF32"
"melina.spykings@edu.tbz.ch"|"E8NHVM-CLO4sV-jkFWsX"
"laurene.ticehurst@edu.tbz.ch"|"HVTBA2-eqEwA%-@a0zD0"
"fei.avramovic@edu.tbz.ch"|"gXI1S1-@bXCHm-766MY%"
"publicite.strathearn@edu.tbz.ch"|"kME4v@-vC@77O-I#J8bv"
"torbjoern.garrow@edu.tbz.ch"|"yCcOcZ-sWDGS9-qxoi@w"
"chloe.rubinsztein@edu.tbz.ch"|"K@F#@$-MYXm#5-1fLQ6B"
"mylene.demanche@edu.tbz.ch"|"Yhe#D%-jamoid-1GanI7"
"mediamass.godlonton@edu.tbz.ch"|"V5m7Ci-BF08j6-wVN&KP"
"renee.shurrocks@edu.tbz.ch"|"cRFyIQ-dOM#im-9FX0hX"
"maiwenn.jedras@edu.tbz.ch"|"tWsSje-wmU&6Q-AiAWq$"
"genevieve.castells@edu.tbz.ch"|"4Ux7mv-ZJMTRG-qHz7o8"
"renee.sneden@edu.tbz.ch"|"RNJi7n-XLvH@3-J1AHTY"
"lai.mccallion@edu.tbz.ch"|"cZQbQi-#WOsWY-ZZ&sd4"
"kevina.impleton@edu.tbz.ch"|"sByPEz-iiYe&a-kwDILg"
"oesten.fresson@edu.tbz.ch"|"&ZibAS-i6gbrL-z7yEUR"
"verane.shawley@edu.tbz.ch"|"nNyrfs-GKb%af-k7WBg0"
"uo.sjostrom@edu.tbz.ch"|"iDD&BL-9&TcxJ-7voXzi"
"gisele.gothup@edu.tbz.ch"|"lMxDAH-r4EjMM-XZUztX"
"renee.beauman@edu.tbz.ch"|"Fe&JA@-oV8ShY-GU1Wv4"
"elies.loton@edu.tbz.ch"|"#OToDT-9&z%4T-q37Hc3"
"valerie.elsmore@edu.tbz.ch"|"RMewkE-Y%23Fm-v@4npH"
"berangere.delafeld@edu.tbz.ch"|"QEY#%w-X&Qrhu-xWBEkq"
"bjoern.schimke@edu.tbz.ch"|"g@d@Kh-KVFNa#-TOkaWh"
"loic.ericssen@edu.tbz.ch"|"@oE8SW-Phh65i-67h1q7"
"creez.richarz@edu.tbz.ch"|"z%l1XD-TyJxi9-O93Z1s"
"athena.grocott@edu.tbz.ch"|"pG&Kuw-#AztzX-wYHjei"
"naelle.piotr@edu.tbz.ch"|"&6fkh9-kDjMy@-1EON6i"
"maella.paulson@edu.tbz.ch"|"h5cPay-rtFyei-yh%ztv"
"song.perot@edu.tbz.ch"|"uxOXiw-Hpgb#z-XrYmh6"
"kalliste.heckney@edu.tbz.ch"|"$jhTAs-ki$Yif-tMuDO6"
"ake.vasyutkin@edu.tbz.ch"|"Sq3#lS-4CjBH3-KeulnI"
"ma.castles@edu.tbz.ch"|"7%3z43-pzPWTa-P$U#hs"
"maely.monget@edu.tbz.ch"|"COZBS0-Gf7sqV-yIFFsL"
"tang.durbridge@edu.tbz.ch"|"5bWf2S-SF$VAP-RPQxo2"
"laurene.andrew@edu.tbz.ch"|"cwD4TT-3qfu2h-dULX&t"
"lysea.beacon@edu.tbz.ch"|"s6usaH-JLDQdW-x70%6i"
"leandre.peyntue@edu.tbz.ch"|"Uwe6Rp-rC7&CF-iQS1&&"
"rao.trever@edu.tbz.ch"|"0CnC7h-XaiTfC-7&1UJK"
"mahelie.streader@edu.tbz.ch"|"Ahw0Y1-EfLl5Y-o51lzE"
"maerta.andrejevic@edu.tbz.ch"|"UN9TVb-C4$hvO-uZk%6W"
"goesta.tompkins@edu.tbz.ch"|"9QCc0#-J#1L0h-49$qpa"
"helena.agates@edu.tbz.ch"|"@Mbv#t-6ij61e-T0mObf"
"therese.glass@edu.tbz.ch"|"FQ78I2-FU3Ml&-rULd@Q"
"alois.foan@edu.tbz.ch"|"1%qmOV-towCJC-wY7O%F"
"becassine.melchior@edu.tbz.ch"|"l5IPyW-fiEoYe-cmjfGh"
"cloe.robart@edu.tbz.ch"|"a1#BNX-HmT&Z%-%QQ4s#"
"daniele.puckinghorne@edu.tbz.ch"|"3tmBJ&-smui6e-uq4P4#"
"selene.cammidge@edu.tbz.ch"|"B%sG3R-jEjSCe-WZiw8K"
"regine.conochie@edu.tbz.ch"|"7r4Ky8-%zLFLE-Fm9ZEa"
"interessant.tuiller@edu.tbz.ch"|"SGwXwx-Qk3fje-U5k2Y$"
"long.tiebe@edu.tbz.ch"|"eGXyH0-xmik5z-gGyyk8"
"mans.yele@edu.tbz.ch"|"bMQwPU-Ge1dyk-BfjIwW"
"ai.giles@edu.tbz.ch"|"daf%3R-exDhvF-NJ&Tfg"
"gaetane.hamberston@edu.tbz.ch"|"T4hZas-CXwzSl-yzhrdn"
"marylene.fenix@edu.tbz.ch"|"WX2EQX-%3O2eQ-%Bj&71"
"geraldine.graeme@edu.tbz.ch"|"hqkWf8-1zc$$k-HCpdjr"
"tang.kinglake@edu.tbz.ch"|"jfx@wG-Z0qXTR-mpG3u9"
"lai.challoner@edu.tbz.ch"|"m#oRLK-KZSmLN-6sBQCZ"
"desiree.mattei@edu.tbz.ch"|"krE79F-rcGxxF-M&1OLC"
"ake.erley@edu.tbz.ch"|"VNoR@v-GViw%h-pbtdyP"
"edmee.cavil@edu.tbz.ch"|"cZVi@p-sbV$TH-9a3%xr"
"alois.moyes@edu.tbz.ch"|"Uv2hNC-hftLKk-Abuni$"
"becassine.pitman@edu.tbz.ch"|"emCvxs-mRpis7-nO0nxa"
"ai.giacovelli@edu.tbz.ch"|"%hmZjp-YsDJQm-y7KG#p"
"judicael.fruchter@edu.tbz.ch"|"RWr3U8-FMsoOa-oQbXmc"
"mans.mogg@edu.tbz.ch"|"qNwTuG-Lg41wT-QG4Mbn"
"gerald.foyle@edu.tbz.ch"|"Ipx3tT-mCPht9-RImjcI"
"wa.androletti@edu.tbz.ch"|"5JoKCG-4u&G5K-Jjj37l"
"meng.ollett@edu.tbz.ch"|"NExoys-GLeWaK-is9iu0"
"naelle.macmenamy@edu.tbz.ch"|"8YfgAA-&Jio2Y-sQ1weu"
"gisele.mcramsey@edu.tbz.ch"|"EXXkHS-vhCka$-Mxw3B8"
"meryl.scolts@edu.tbz.ch"|"H#O2RH-jjphcz-5TwJ#A"
"celia.bloxsome@edu.tbz.ch"|"AtWPBT-5LHAmC-IsY$EY"
"styrbjoern.stuke@edu.tbz.ch"|"QYDp0S-XLi0&u-AZTVke"
"felicie.gwilliam@edu.tbz.ch"|"smuYmF-hSlNy0-CRyIft"
"da.harms@edu.tbz.ch"|"p95V2I-kssoJM-AR74lS"
"celestine.baulk@edu.tbz.ch"|"lYli#v-cYEA9j-wBb0bH"
"mahelie.blackledge@edu.tbz.ch"|"MGpP$D-LNXPEJ-#iMhWl"
"meghane.salt@edu.tbz.ch"|"#gbpU4-3R8%gk-8jSbez"
"methode.paxeford@edu.tbz.ch"|"tzqfX1-#wK1CX-1bCLHt"
"asloeg.milligan@edu.tbz.ch"|"S5pg39-TPdKhr-C2ngpc"
"you.pellman@edu.tbz.ch"|"M2DlL3-QdVL%6-LYH&&t"
"loic.regenhardt@edu.tbz.ch"|"Hkc67V-K@NRqX-UN949C"
"daniele.savill@edu.tbz.ch"|"U7m@JO-1hhktg-o4WICZ"
"alois.cornu@edu.tbz.ch"|"L$gTKT-8ZYFL9-wLr8RG"
"oesten.govey@edu.tbz.ch"|"hu$#c9-S2rY&q-LQye@P"
"marie-eve.louch@edu.tbz.ch"|"ZDgaA5-nu@VS6-3ZKTlQ"
"theresa.wenn@edu.tbz.ch"|"xJd2&T-MftGms-yQ3I&j"
"andree.eul@edu.tbz.ch"|"dB3Qi0-L0BK9B-UGHe17"
"lie.paynton@edu.tbz.ch"|"kiV5@v-2zi%Sl-F3A%G&"
"marie-eve.girodier@edu.tbz.ch"|"lh0NUm-R9$TSq-nXi2Lw"
"marie-noel.smithe@edu.tbz.ch"|"#5PQKE-bkLGZi-NcG7YF"
"men.bootyman@edu.tbz.ch"|"%kkaJO-2a1QOZ-17vPkK"
"ku.sugg@edu.tbz.ch"|"Vs930U-0wfn4h-Aa&BRA"
"lucrece.roseman@edu.tbz.ch"|"7Vw4&p-sF&mgJ-4M@Qp7"
"zoe.annear@edu.tbz.ch"|"UT7tb7-XU#L$d-q5pxsV"
"marie-helene.rennebach@edu.tbz.ch"|"vi7jL#-HaD#D2-KWgbR9"
"lea.djurdjevic@edu.tbz.ch"|"$aWe62-2AOpmk-4mU2Ol"
"goerel.robert@edu.tbz.ch"|"cEPh%p-gvfkbw-n1FB7#"
"mylene.foldes@edu.tbz.ch"|"#v4F@c-xafCKG-ZNUgB6"
"faites.clegg@edu.tbz.ch"|"KLfSay-HqYH&X-UDI$5t"
"marylene.crowcher@edu.tbz.ch"|"45tNsl-DtCK%h-N@XSkf"
"aimee.wimpeney@edu.tbz.ch"|"Cjiirs-Swwe@C-o$j&Fd"
"renee.atkins@edu.tbz.ch"|"pRPW$u-tGHzzf-0Oe1Gc"
"rejane.cainey@edu.tbz.ch"|"aSR2T#-GeTDo6-1smnKy"
"solene.britney@edu.tbz.ch"|"n1SHFg-ehvznP-qWrwAq"
"marten.shatliffe@edu.tbz.ch"|"mCK6OP-&iMkWX-RQ&b8r"
"maite.issatt@edu.tbz.ch"|"Y$gCjr-TNZGCg-td8EUh"
"maelyss.edon@edu.tbz.ch"|"b%JYMo-0wn@a9-kGBrt3"
"nuo.bamling@edu.tbz.ch"|"mN0U1h-SboxHE-90UZQ7"
"anais.edards@edu.tbz.ch"|"&sufBv-ltJi3%-@9j1H6"
"mediamass.bromet@edu.tbz.ch"|"AYp2ne-I5p#Sg-geB@Uy"
"beatrice.kimbrey@edu.tbz.ch"|"pCb9gz-AcYMA8-IXoYRm"
"ines.lawranson@edu.tbz.ch"|"IKgv$R-oZECh1-bhu5fI"
"kalliste.scandroot@edu.tbz.ch"|"dL6B#i-jNsWhP-9aBoIJ"
"mans.barrowcliffe@edu.tbz.ch"|"78cuyN-%o@FCb-H8iT1b"
"irene.couves@edu.tbz.ch"|"nvgIYX-zmZzXu-rXmiae"
"milena.mucci@edu.tbz.ch"|"YY4aI4-@sLf2h-zU1zJw"
"naeva.cow@edu.tbz.ch"|"cMjMr3-Sd2YmD-TM499J"
"audreanne.mournian@edu.tbz.ch"|"pbDAkF-3KS4aI-MpKbki"
"melia.sinnatt@edu.tbz.ch"|"FgpZkK-zEVsBc-Qid4uN"
"nelie.burnard@edu.tbz.ch"|"hy6%K3-4UqNGW-dpByog"
"clelia.ashfull@edu.tbz.ch"|"U8DoO#-0Xywpd-jvzjDD"
"lie.macard@edu.tbz.ch"|"W8Yk&v-2HM5N5-T3@$7$"
"valerie.matoshin@edu.tbz.ch"|"Q2fONK-qFEO7#-Vp$h&V"
"anael.hatherleigh@edu.tbz.ch"|"0OVFk2-n&idf$-xmKIWj"
"interessant.warratt@edu.tbz.ch"|"kBksOv-q5Eia8-TbSeX7"
"eleonore.volage@edu.tbz.ch"|"Cq@eJU-rrMSj6-J$FeX%"
"zoe.stebbing@edu.tbz.ch"|"QUqU8B-3WCwAU-MkMuaC"
"alizee.nye@edu.tbz.ch"|"yERlqK-4W3tXB-mW7uoO"
"celestine.bramley@edu.tbz.ch"|"rX8KZG-fb2owu-0c7utQ"
"selene.philcott@edu.tbz.ch"|"VAQ2Ue-q$2nvE-wdDmJ8"
"tang.newens@edu.tbz.ch"|"UvfjHl-Y4LRZu-enOa$V"
"annotes.powys@edu.tbz.ch"|"EwTU#l-tJb44P-DID$7A"
"lea.matthesius@edu.tbz.ch"|"qf&o@&-0NA5UB-oPD#kx"
"illustree.garlett@edu.tbz.ch"|"P8O#CZ-R5&jh%-jEDQdg"
"maiwenn.meachem@edu.tbz.ch"|"yxGdD$-T6s3jw-OrLxA%"
"marie-francoise.mcbrady@edu.tbz.ch"|"6UKYpT-WwQx$d-7CIcAe"
"illustree.gimbart@edu.tbz.ch"|"aPaUYp-OF66D$-3CAVIy"
"melys.lyosik@edu.tbz.ch"|"j5Y69U-HswQi2-$s3&M3"
"marylene.mcnab@edu.tbz.ch"|"d9Zv$o-##WAIS-#aNMZC"
"gerald.blount@edu.tbz.ch"|"y4CISl-UZE9y3-whytrz"
"clelia.shakelade@edu.tbz.ch"|"Sg9k4w-67eW9V-nD2kn1"
"penelope.cridlin@edu.tbz.ch"|"3Qo@sh-#59sZH-0ATdKk"
"maena.okuddyhy@edu.tbz.ch"|"whsmws-hrH7ay-nr%1X3"
"athena.keynd@edu.tbz.ch"|"9IfwQT-8Q0JJz-Rla$LY"
"cloe.dwine@edu.tbz.ch"|"3twPk%-eE&I8u-53syak"
"josephine.browett@edu.tbz.ch"|"x#3w44-UZey%m-q7NIRc"
"audreanne.oscanlon@edu.tbz.ch"|"$dbT7H-$wr3Vo-UgL3qp"
"fei.jeanequin@edu.tbz.ch"|"#Xl2mm-U5poI&-Ppra6k"
"lois.gormally@edu.tbz.ch"|"hhJdb@-hJJ#JX-S6QvX4"
"marie-francoise.finnigan@edu.tbz.ch"|"GLmPiy-jzTbn0-m3qbQy"
"leonore.trussman@edu.tbz.ch"|"&$L&HI-tlV&E&-XQoRF4"
"anaelle.trumper@edu.tbz.ch"|"al@VgK-5FiqR3-#zth1$"
"clemence.dionis@edu.tbz.ch"|"F1KSo%-#papcH-pf@Sgt"
"lois.tranmer@edu.tbz.ch"|"5tMwXz-IR1rvQ-uB1vzb"
"interessant.volett@edu.tbz.ch"|"%4Nb4n-#sqava-B3mxcx"
"personnalisee.deackes@edu.tbz.ch"|"WL$1wd-D4udB$-7U64l4"
"lie.vasiliu@edu.tbz.ch"|"ioCt1j-NDtOat-agPDeJ"
"dafnee.lamputt@edu.tbz.ch"|"$6ec%U-&bFk%1-lBRBak"
"elies.bromige@edu.tbz.ch"|"&DPr5C-Ycl5Fb-bMuPJF"
"helena.klosser@edu.tbz.ch"|"WzopSo-Wz2m5R-zqIhdb"
"andree.grim@edu.tbz.ch"|"bkkyyN-iDa%Rd-Y6fucS"
"verane.coldbath@edu.tbz.ch"|"sxl6$2-$CsVmN-dSxYe2"
"helena.bethell@edu.tbz.ch"|"9ktICN-i85MzK-dKXCW1"
"kalliste.carefull@edu.tbz.ch"|"ftqDWn-vW$sCX-M7nXQh"
"regine.odams@edu.tbz.ch"|"DwpaeJ-lJGeDd-HxY8jc"
"len.stannus@edu.tbz.ch"|"2Yfvwn-pTwr@T-3qksf$"
"angelique.works@edu.tbz.ch"|"XsF$Qt-QVU%Z@-z#zW$P"
"goesta.rheaume@edu.tbz.ch"|"IwiJe8-Jpot8u-EU%6Dh"
"maelys.tynnan@edu.tbz.ch"|"8aiAEu-$&QX8x-Kkwz$x"
"maelle.carlesi@edu.tbz.ch"|"v&m8Zw-9qjHc7-osjOU5"
"anael.spurden@edu.tbz.ch"|"5pM@$$-pEc%RJ-cH#uoQ"
"helene.pumfrett@edu.tbz.ch"|"WGi&eu-4BMR5p-JOm#FW"
"goerel.pearn@edu.tbz.ch"|"H5#0Lw-&Lmrfn-oryQrt"
"laurelie.dezamora@edu.tbz.ch"|"H#&LHG-2YfENE-eH#FhW"
"yao.twidale@edu.tbz.ch"|"474J8B-ywGlhI-h1x4bz"
"berengere.sola@edu.tbz.ch"|"Qh$Ou@-57nT3@-9TaQ2s"
"maelann.hardistry@edu.tbz.ch"|"Cwi1OD-SH81v$-ZdLp7n"
"severine.littlefield@edu.tbz.ch"|"mWqIXB-yLRuIb-Hxr2WS"
"salome.heinl@edu.tbz.ch"|"%cfRz2-&tCVdq-nL7BUB"
"meryl.warbey@edu.tbz.ch"|"xB5RXe-Ydt38k-uCKSW2"
"da.hunstone@edu.tbz.ch"|"83jzxE-@3FMlH-M3Zvud"
"venus.broadbury@edu.tbz.ch"|"PKf4pv-yBIKas-tQu563"
"meghane.rentelll@edu.tbz.ch"|"hoRdKi-MR83RA-PtMNXW"
"marylene.drewitt@edu.tbz.ch"|"okgPo%-y%pn0G-AFhFX#"
"melinda.jacquemet@edu.tbz.ch"|"qUenNj-DjWbT3-aL1kn#"
"marie-josee.keyden@edu.tbz.ch"|"qjlCRp-6yMCMK-qF2r1g"
"asloeg.montacute@edu.tbz.ch"|"YLUa#8-2lRgD6-w1ZQVe"
"ku.andreou@edu.tbz.ch"|"Fkra0C-bpjppD-mvIIKZ"
"personnalisee.feaveer@edu.tbz.ch"|"AF0oU6-PXbRzM-3pe%$T"
"laila.emptage@edu.tbz.ch"|"EdEM#W-3eI&Ad-QLgv$H"
"bjoern.dawdry@edu.tbz.ch"|"uKpZP#-YUPa5$-DQMwAT"
"marie-eve.dinsell@edu.tbz.ch"|"j4X$FH-teZyC$-dTKQIy"
"helene.follett@edu.tbz.ch"|"w$JVCt-5E71R9-OmYF8P"
"penelope.cordero@edu.tbz.ch"|"UleqoU-rewAxr-9zYYM&"
"boerje.beedell@edu.tbz.ch"|"N5yqkZ-%t%GP8-euyRGE"
"nelie.ferne@edu.tbz.ch"|"38S9uY-#ozWF0-C%Loc#"
"celine.ahmed@edu.tbz.ch"|"ZxZxIm-J$l6H4-zamdcb"
"stevina.pimblett@edu.tbz.ch"|"fN2wR2-&D2e03-yk7xi2"
"chloe.langlands@edu.tbz.ch"|"FeuJEd-UONHRl-SvWJSs"
"simplifies.maude@edu.tbz.ch"|"P&fTdg-lsvQ5m-0qiOS6"
"genevieve.decarteret@edu.tbz.ch"|"JR&gSD-xRY#NI-ofF2$d"
"marylene.mughal@edu.tbz.ch"|"&B8Dce-WUWw%x-FKvjmX"
"goeran.guttridge@edu.tbz.ch"|"wttZ&2-nnQC#n-ix8y&6"
"michele.smurfitt@edu.tbz.ch"|"Iv#EsB-E$z&oi-6Dx%Vq"
"methode.hadeke@edu.tbz.ch"|"MPfBrV-Uew#tK-wStw@D"
"therese.rispine@edu.tbz.ch"|"AIjsUQ-#ys&sP-B&JIO2"
"goerel.plumley@edu.tbz.ch"|"d9jWpW-$6Sbir-UTzmk&"
"oceane.friett@edu.tbz.ch"|"Ku%JZm-y$ooCx-RJ1gzT"
"marie-noel.achromov@edu.tbz.ch"|"Uz8rxv-h%8D#B-Tgh@fh"
"dorothee.storek@edu.tbz.ch"|"zls2Kg-0@JltM-QH2c%O"
"goesta.whittle@edu.tbz.ch"|"FGXGiB-lTTMqi-$47oxZ"
"desiree.casely@edu.tbz.ch"|"XRziRM-qvWG&5-MipxE%"
"felicie.condon@edu.tbz.ch"|"C4jGKy-7VF0Ok-2PUoKR"
"maelyss.frisdick@edu.tbz.ch"|"vQKVCK-BMNrVG-fF8Aim"
"aimee.banke@edu.tbz.ch"|"@13y6s-YEllAC-$UDNpl"
"naeva.hodcroft@edu.tbz.ch"|"clBTh$-rwcblo-aZxwmY"
"laila.gerrans@edu.tbz.ch"|"HkOJr2-Bw3kgj-2XYkF&"
"daniele.scrimshire@edu.tbz.ch"|"Q65nR3-hzy0Ee-#rNa$K"
"daphnee.sheerin@edu.tbz.ch"|"Yp0oD#-f7cyh9-cyPMrV"
"pal.vanyukov@edu.tbz.ch"|"3D78om-07Nj%S-ASUqF0"
"zoe.childs@edu.tbz.ch"|"2yS5s@-nttsuP-h9Qek9"
"ai.corde@edu.tbz.ch"|"9Y@raZ-cAF20B-W8X$W8"
"maelys.berryann@edu.tbz.ch"|"@BGP%H-4#FAGt-BG1oF2"
"cloe.gladding@edu.tbz.ch"|"3De0z@-DPwT@u-NE&jiI"
"wa.kinnaird@edu.tbz.ch"|"pj3wii-lcMSOe-HD1g5T"
"publicite.brittoner@edu.tbz.ch"|"SzZgjp-Wd4elC-lQHKd4"
"rao.windress@edu.tbz.ch"|"EmwSTU-kGhONO-gROTRJ"
"uo.kollach@edu.tbz.ch"|"xgyRcQ-d1niLe-zj55hm"
"josee.peskett@edu.tbz.ch"|"QA8qqN-ZxnOFi-VCONLI"
"annotee.hasel@edu.tbz.ch"|"Bc5aNh-oxILKG-SPWFYP"
"cinema.lee@edu.tbz.ch"|"8cP2kq-#q@EOv-XmGwfg"
"lai.vedeshkin@edu.tbz.ch"|"mUaSzJ-kfmy4G-%$Ggp7"
"renee.brisbane@edu.tbz.ch"|"&CHq$W-0F@xnr-ndHWyu"
"ophelie.blincoe@edu.tbz.ch"|"fc2MMD-dZa%%c-XI$vZi"
"zhi.prazor@edu.tbz.ch"|"l8hKri-&qwUp7-37b$wG"
"annotee.maddicks@edu.tbz.ch"|"lCPz54-bVF#10-d2Pmt#"
"maelyss.codd@edu.tbz.ch"|"SaSqLR-e7drHv-1&i6$t"
"celia.peplay@edu.tbz.ch"|"UuFvUQ-aOX6BN-qD#UC8"
"interessant.skone@edu.tbz.ch"|"2hNL1l-FBwN6a-crquu6"
"audreanne.hebdon@edu.tbz.ch"|"4vW3u2-BTabLw-C6M%py"
"oceane.glen@edu.tbz.ch"|"P#XWK2-X7cRbc-gLFLmk"
"daniele.vanyushkin@edu.tbz.ch"|"w5$Im&-DwRqt0-5hi0$S"
"daphnee.ayce@edu.tbz.ch"|"JL4p4M-NKvIbE-IRzoUQ"
"andrea.attride@edu.tbz.ch"|"Kai0PP-@pkWh6-1LrqKb"
"penelope.bridgwood@edu.tbz.ch"|"a%@i9Q-Pay%2T-E54F9C"
"mailis.drewitt@edu.tbz.ch"|"L&O49g-Q$u2n4-fMNxna"
"penelope.mollene@edu.tbz.ch"|"19FYzM-zQX5p$-nOxuaP"
"illustree.keely@edu.tbz.ch"|"k0TyBg-WzodJL-BKBfrG"
"meng.brisseau@edu.tbz.ch"|"&V%BLQ-p%QY$v-canwRt"
"ruo.cleiment@edu.tbz.ch"|"mS%MFm-gDqNl1-Nqg#tf"
"maite.krammer@edu.tbz.ch"|"Y8gp8a-4jR#y9-jG9jeY"
"genevieve.verry@edu.tbz.ch"|"UVXFbm-gPh&HF-DLoxRk"
"lea.olochan@edu.tbz.ch"|"j@rOxt-7BvMz@-KmV6d9"
"naelle.brunnen@edu.tbz.ch"|"BdU$pw-G1ohCf-AU#9Ve"
"goesta.bragginton@edu.tbz.ch"|"Uue1ru-3JSeOo-3IWYqv"
"fei.danilyuk@edu.tbz.ch"|"3lD%Qx-dHAQLF-2we&#k"
"adelie.turbitt@edu.tbz.ch"|"AopLhb-Ez1FBl-VwNKqX"
"marylene.nutman@edu.tbz.ch"|"39$EY9-Av6hEr-tTZBEb"
"therese.barbrick@edu.tbz.ch"|"%Pf8t0-sb&rc@-qHEwe4"
"melys.kolodziej@edu.tbz.ch"|"76Kox@-h2STj9-cTixi@"
"melanie.runchman@edu.tbz.ch"|"ETpAGw-8YB5&D-HstntA"
"serena.lafond@edu.tbz.ch"|"ap$ge8-r5kFi0-2MVFV9"
"pelagie.desmond@edu.tbz.ch"|"WSXgvx-XjA2KQ-I7NLAL"
"wa.spickett@edu.tbz.ch"|"%3ni74-8pTMrR-Rud3vm"
"po.shave@edu.tbz.ch"|"5Q8JMp-z5LFek-qSjGjp"
"song.huikerby@edu.tbz.ch"|"RGck9o-C4TvZb-M0qx@h"
"melinda.bimson@edu.tbz.ch"|"tw&9m8-mKyYu7-HEpUPP"
"personnalisee.toffanelli@edu.tbz.ch"|"LiHd9@-2ZWsck-9oAXv7"
"leandre.hurn@edu.tbz.ch"|"VrlyOQ-nxTrDf-ig6Mpe"
"oesten.standell@edu.tbz.ch"|"mHf56E-A#isvZ-c7sNx@"
"naelle.smaleman@edu.tbz.ch"|"eyT$2B-xekxuU-PoH6Wk"
"berenice.tayt@edu.tbz.ch"|"3c4FbD-wVAiTb-kWWdB1"
"kui.popplewell@edu.tbz.ch"|"HJOuzJ-NIKOne-7qm5fq"
"melodie.ferandez@edu.tbz.ch"|"FfGP5n-A6kxd3-ol76SV"
"josee.negal@edu.tbz.ch"|"we3xH7-MYQJ4@-JzNt11"
"melissandre.ferrelli@edu.tbz.ch"|"N5#DFk-FvbZtX-&99239"
"josephine.kemmer@edu.tbz.ch"|"zNUCVZ-k0P3a%-0htayJ"
"maely.cayette@edu.tbz.ch"|"E%zR#w-ZP5sC2-j@q#8N"
"nelie.vela@edu.tbz.ch"|"g4mYqY-TyAJiv-fQ2f%j"
"melina.cortes@edu.tbz.ch"|"B@yEq0-2n73EE-uL80%z"
"megane.leyshon@edu.tbz.ch"|"jccG%0-97yuPW-X#H%n6"
"regine.harrie@edu.tbz.ch"|"SoSQ&X-%r05IU-@RMRt7"
"mylene.widdison@edu.tbz.ch"|"OK0@jT-syoKWd-p0zvYL"
"pelagie.vivash@edu.tbz.ch"|"BSucHt-P@gqd2-khwfSx"
"styrbjoern.vicarey@edu.tbz.ch"|"A0UAS8-x2bt0u-Hibchq"
"long.kyles@edu.tbz.ch"|"K$H#dx-uc5KZQ-r@eho6"
"stephanie.gipps@edu.tbz.ch"|"afZetN-vfjTZZ-HWfC8S"
"clea.constantine@edu.tbz.ch"|"pXbKg$-yrDnfc-WIfQak"
"maella.cometto@edu.tbz.ch"|"9HLKZ$-pN4m#E-r&sVYj"
"laila.aubrun@edu.tbz.ch"|"$uB7mx-vMv2zl-NEa25X"
"yao.austins@edu.tbz.ch"|"tUWFHz-8BSKGf-Jr7MeE"
"mailys.rylstone@edu.tbz.ch"|"MTcKIu-nIU%Bd-9FuUKb"
"adelie.curuclis@edu.tbz.ch"|"5P4ak7-#KvxNE-ArJCkv"
"celine.longhurst@edu.tbz.ch"|"VseOl8-28$Iu0-0K@tLj"
"gisele.hazell@edu.tbz.ch"|"7W#$k4-qux6MM-#FEp$m"
"celestine.ciccone@edu.tbz.ch"|"9A5Jlp-hvqNhs-cxyJMj"
"maelyss.doole@edu.tbz.ch"|"46xPbC-WVBR8$-gT#tYW"
"helene.grimsdike@edu.tbz.ch"|"bieIf#-VX&&Uk-Y7z$sE"
"lie.macer@edu.tbz.ch"|"fdpX#I-fPcKAP-8Mo1%l"
"maely.izard@edu.tbz.ch"|"AYPv$2-UG1rU2-Ma7ONI"
"erwei.breewood@edu.tbz.ch"|"voNl5W-@WhFMa-z@Mv0@"
"chloe.woolford@edu.tbz.ch"|"1ohx%0-qWdZwW-pVu1R0"
"cleopatre.turpin@edu.tbz.ch"|"RsRqK&-IFN3CI-AGdQ1p"
"melodie.surgison@edu.tbz.ch"|"jwcVyw-4OGn5s-&&xxZx"
"elies.leander@edu.tbz.ch"|"Lrf&Od-6Ja9bI-Hushyr"
"mediamass.reignould@edu.tbz.ch"|"nd6D%h-zR1MhW-79UaPT"
"celestine.wasmuth@edu.tbz.ch"|"LdyQSf-MLXaeo-FKy9ul"
"marten.jervis@edu.tbz.ch"|"49xGfL-x9p46I-j02SZ6"
"daphnee.bour@edu.tbz.ch"|"Y7OVi$-y4VJAE-PeM4hy"
"regine.harlett@edu.tbz.ch"|"jGP$D6-6KEk&i-w1W9XP"
"noemie.macaskie@edu.tbz.ch"|"yz4ApL-2jV8kc-G$0Usi"
"loic.renfield@edu.tbz.ch"|"FVTI9x-xrPD%r-6R##Bm"
"venus.kleinert@edu.tbz.ch"|"Yb8Oa3-nygaUF-OJbpT6"
"marten.burlay@edu.tbz.ch"|"F%n6k5-OUrY%T-b%rzGs"
"berengere.radsdale@edu.tbz.ch"|"Y7&TFE-d#OjL%-QXc@oU"
"genevieve.duckit@edu.tbz.ch"|"%BlHtY-E3M4bn-Yjvye@"
"maely.ligerton@edu.tbz.ch"|"chvNwm-dO4pN&-BejLEF"
"maeline.ricciardelli@edu.tbz.ch"|"6gXvHP-#9MxZC-r5nZ%Q"
"personnalisee.yggo@edu.tbz.ch"|"nlFIFL-FtkgZS-%8Padh"
"alizee.pettinger@edu.tbz.ch"|"zoYN$S-jns#d3-%6SHjE"
"desiree.curnnokk@edu.tbz.ch"|"mwxWdw-Vye@9s-oHMOzs"
"dorothee.minors@edu.tbz.ch"|"&XtXIv-Yzy3BU-0IG$0%"
"oceanne.kopmann@edu.tbz.ch"|"Rsf6ej-RLa1PQ-FScR7Q"
"almerinda.brodbin@edu.tbz.ch"|"elBEtb-oC2uhc-c556I0"
"yenora.carsberg@edu.tbz.ch"|"D1Ldqz-3WobNc-%S@RH&"
"wa.beetles@edu.tbz.ch"|"wlvIKm-jN6Bq6-sWEkse"
"audreanne.abbot@edu.tbz.ch"|"6pKu0o-gxb5TI-76SOUT"
"noemie.capper@edu.tbz.ch"|"vw55mr-po0@S7-nWt7I7"
"mans.abramamov@edu.tbz.ch"|"Gp9hyk-9HxgpH-4q8HgU"
"audreanne.blakey@edu.tbz.ch"|"5MdRGt-l7OH4V-dKpDo1"
"leone.klimpke@edu.tbz.ch"|"IGmf$Q-A81L$&-5h1aid"
"lie.croston@edu.tbz.ch"|"hl3JC4-LLyvhQ-&qkElh"
"anaelle.baistow@edu.tbz.ch"|"wD3DDw-qAf6VZ-S@h0Aj"
"michele.garwood@edu.tbz.ch"|"prIhlw-0@gUTR-Q7$otr"
"interessant.albion@edu.tbz.ch"|"pICYiS-Jw64d3-Mjla8F"
"andre.brisco@edu.tbz.ch"|"O2%sAO-XaU6aY-KBbKP1"
"tang.totterdill@edu.tbz.ch"|"kkOjwl-pOEXks-tTb@ZJ"
"marie-josee.braundt@edu.tbz.ch"|"oIEejv-vLsAep-9@z%Vw"
"lois.galer@edu.tbz.ch"|"Rh2Hws-b6jQBd-kjrTG3"
"faites.pellamonuten@edu.tbz.ch"|"$6hUfT-vRhL4X-9L42Kd"
"mai.barfford@edu.tbz.ch"|"sh1jVa-1jXteY-x241Y7"
"laurene.macilory@edu.tbz.ch"|"3#GWDw-o7j9l@-rcNPaO"
"elea.peak@edu.tbz.ch"|"FUj9Wr-qq8y9e-4&1S6d"
"rejane.doni@edu.tbz.ch"|"I&UQxl-d#iVn3-HhwKED"
"mahelie.ector@edu.tbz.ch"|"bpr302-yH55my-V4nZQG"
"rachele.allum@edu.tbz.ch"|"o@@OVb-KFY8fl-8raRNX"
"laila.gerretsen@edu.tbz.ch"|"Kr5OlB-YjtaV$-v7q0$g"
"ines.bowman@edu.tbz.ch"|"AFEW47-h@XjJE-j6vj8K"
"publicite.barbary@edu.tbz.ch"|"00ZhER-a5c9E5-HJ5e1o"
"mailys.smooth@edu.tbz.ch"|"GjJQRT-10AkSj-z3EiLZ"
"mailis.huguenet@edu.tbz.ch"|"XBm2$A-v8P6&H-ySOX2&"
"lea.ewer@edu.tbz.ch"|"7M3K1L-dfdJP2-glOJpW"
