"email"|"password"
"melodie.vandervlies@edu.tbz.ch"|"ytSL5B-tC@Lg%-0RUs1&"
"angele.edgecumbe@edu.tbz.ch"|"kF3f7r-2Y4vsw-bMW&Sr"
"zhi.andreasson@edu.tbz.ch"|"#S@1Yd-vRI3KD-CF06QX"
"judicael.koppeck@edu.tbz.ch"|"5Bk%S$-wir#aS-0F$DEY"
"berengere.capron@edu.tbz.ch"|"kGvE1i-&1MOcr-hUOvp$"
"leonie.brosini@edu.tbz.ch"|"0z5$9u-WdwNFx-S3hmkv"
"venus.garfit@edu.tbz.ch"|"8Kp1mo-05kkg%-i#tMvZ"
"melina.janota@edu.tbz.ch"|"#VLGBS-zCwA0r-Jw&h00"
"laurene.bake@edu.tbz.ch"|"mHZgcY-E4aAKD-NLWO9X"
"regine.dorkins@edu.tbz.ch"|"M9TQQK-7RYqaV-bMlzaL"
"cecile.moffet@edu.tbz.ch"|"M&hItA-vPJpyP-F%eysb"
"maelann.labrone@edu.tbz.ch"|"aEb0p3-DCjps3-QEJtMq"
"melinda.newbold@edu.tbz.ch"|"D8wc8Y-o1p5ZT-bUmDfG"
"mans.itzhak@edu.tbz.ch"|"TQCQ@e-ytjZXC-u#UaWc"
"melodie.pattlel@edu.tbz.ch"|"UK6ueu-sELZwZ-ON5YVR"
"celine.bonett@edu.tbz.ch"|"8qEH70-xt6l%3-V0nUKy"
"adelie.mcgreal@edu.tbz.ch"|"DTKWz$-VJg%&H-Doct%p"
"helene.soldan@edu.tbz.ch"|"n&4Nf9-tU3tsw-YlCN9V"
"michele.cluer@edu.tbz.ch"|"PbKeQq-$afe9m-6SNuj6"
"maeline.mueller@edu.tbz.ch"|"5gRlmU-XnsEYZ-fCXHSy"
"maelann.benedito@edu.tbz.ch"|"qzU71w-aHczu5-8pmIlw"
"nuo.gransden@edu.tbz.ch"|"8W3UXE-lA3bpZ-WldT#p"
"berengere.stainton@edu.tbz.ch"|"tGXcUc-@WsQf9-$gBZLP"
"wa.sabater@edu.tbz.ch"|"qxmO3r-CE3GaC-9zvNqt"
"anais.cochran@edu.tbz.ch"|"SSkm#G-47wpN#-oWGlK&"
"gerald.bessant@edu.tbz.ch"|"g5nAHY-1z3K6T-mEKRIt"
"ruo.coffin@edu.tbz.ch"|"pWyR@E-QRoQ9a-bHLcVM"
"melodie.mustill@edu.tbz.ch"|"UUQtPb-7S5S6U-0zSe9q"
"ruo.stanesby@edu.tbz.ch"|"GwXMF%-%TZVRn-b66&Pf"
"noemie.antognelli@edu.tbz.ch"|"A#9coX-$F#m9J-vI$ZpN"
"maelann.hughson@edu.tbz.ch"|"T7V7cT-#buxEa-IV0pCW"
"milena.mieville@edu.tbz.ch"|"ZnpaYn-8PV$#E-dTFwWc"
"mailys.chamberlin@edu.tbz.ch"|"bCnX7s-bYzgwH-957W4G"
"nadege.tomalin@edu.tbz.ch"|"JB0aP9-w#cp@U-Ftogtc"
"oceane.omara@edu.tbz.ch"|"%IvEuZ-GUFiSc-26SvwB"
"cecile.aguirrezabala@edu.tbz.ch"|"Je4125-qaFLOf-0sBfXf"
"maella.gwillim@edu.tbz.ch"|"#1qnI#-pdrv0T-ZJuoOb"
"lea.mcgahey@edu.tbz.ch"|"zNIq#E-E2Lupg-YHii3p"
"laurene.hagerty@edu.tbz.ch"|"uRyOvM-DMsL8Y-Q9XpWb"
"dorothee.link@edu.tbz.ch"|"Rt42DB-3iM6t6-$VbaS&"
"clementine.kynsey@edu.tbz.ch"|"gkQJpN-ubWRRJ-q%NfGm"
"lorene.smitherman@edu.tbz.ch"|"qB8i@g-BEwdY6-0SosF4"
"cleopatre.klulicek@edu.tbz.ch"|"hEmIFZ-Z0TYfQ-@qOqLW"
"laurene.castaneda@edu.tbz.ch"|"9#@VAg-tH5L9P-4XE0ns"
"melia.constant@edu.tbz.ch"|"$z0A3C-IzYKW%-Hg9cbu"
"lucrece.clunie@edu.tbz.ch"|"g3Y3ah-GhMjsd-@oChGK"
"eleonore.mcmurthy@edu.tbz.ch"|"nMt8Yt-v8R1aG-X#Cio$"
"melia.bevar@edu.tbz.ch"|"Bu#Z5l-voP6qk-QM2svy"
"camelia.bontine@edu.tbz.ch"|"eNHO9D-fGkbWR-fHE1FD"
"methode.jozefczak@edu.tbz.ch"|"e%ybwE-o3otGD-$ZVIpf"
"audreanne.hinsche@edu.tbz.ch"|"8ZCT4t-esQS59-AEAnBC"
"andree.varne@edu.tbz.ch"|"RzL0Ug-4lwm5X-@2ewvL"
"marten.kinleyside@edu.tbz.ch"|"D#OJEA-WKRe$V-kIu3kt"
"esteve.mcewan@edu.tbz.ch"|"4GaxVl-mhbPre-kb3fLW"
"leane.dibbert@edu.tbz.ch"|"$NyhV#-I0FqLC-@HKTYD"
"ma.thewlis@edu.tbz.ch"|"Ri08$K-oaB7&p-6r%a0s"
"clea.djurkovic@edu.tbz.ch"|"Ady0$M-dE%#Jh-P5Cro5"
"rachele.reburn@edu.tbz.ch"|"EyKC0S-$piphU-Ro&mn6"
"gerald.gowling@edu.tbz.ch"|"Jtjt5P-lPubYZ-aAYUKP"
"cleopatre.jackson@edu.tbz.ch"|"T2GUcY-Hodims-VkTs@q"
"desiree.haskins@edu.tbz.ch"|"rG49LU-m2xTQa-HBX&Yo"
"eleonore.longson@edu.tbz.ch"|"3FH#Kz-9EGBCT-7DMmUv"
"leane.dybell@edu.tbz.ch"|"5GZceo-f$I&vz-ST9KW#"
"becassine.grzesiak@edu.tbz.ch"|"H%5N1%-GLz4Wc-E1fpgD"
"marie-josee.pickin@edu.tbz.ch"|"ZHh9oW-pcw4@%-HW$wv6"
"marie-josee.roxby@edu.tbz.ch"|"1UIKZw-IWuanN-8EimVv"
"leonie.feenan@edu.tbz.ch"|"ikTDiD-$SBGSN-x&Z5h0"
"valerie.ellum@edu.tbz.ch"|"sfB4a%-D#A&fK-SdN3w#"
"ju.caseri@edu.tbz.ch"|"K%lkzP-Z&QVGZ-N1z3nZ"
"boerje.strangman@edu.tbz.ch"|"kWlbFv-O7@PNu-#s@&B4"
"beatrice.ghidelli@edu.tbz.ch"|"MM9uBS-D52gJf-S2ID@c"
"da.jablonski@edu.tbz.ch"|"F$G$ZL-Y3vxZa-FkeYY$"
"uo.beveridge@edu.tbz.ch"|"L6IWcc-SzJ59y-B33OUf"
"valerie.bestman@edu.tbz.ch"|"hB0&CV-pQCzw2-xPbEn%"
"marlene.pohls@edu.tbz.ch"|"GQTP@c-$2LUBf-&CsBfc"
"ma.nolda@edu.tbz.ch"|"08kl%Q-wtrBor-T5Lxzj"
"marlene.bisiker@edu.tbz.ch"|"HB1ndN-rYECGP-8AAcPj"
"estee.babon@edu.tbz.ch"|"#Icwiw-$isA#U-k6$Aqd"
"simplifies.dmisek@edu.tbz.ch"|"cwDY40-1TnAbO-S2FD$b"
"selene.ganing@edu.tbz.ch"|"aP85S&-3og4fV-eLIgx1"
"meryl.penke@edu.tbz.ch"|"qzCwZx-C%90R&-jhBlQY"
"anais.rawcliff@edu.tbz.ch"|"wI%YYO-#AKG3I-%xVyG0"
"melina.andri@edu.tbz.ch"|"D5D4Zh-TPEY$A-ehP6Fl"
"audreanne.fodden@edu.tbz.ch"|"Iaa5T6-i3FXGY-gWatCg"
"bjoern.spellesy@edu.tbz.ch"|"RT3#Y5-GlP&mV-hP&Da8"
"francoise.summerscales@edu.tbz.ch"|"clh&28-l@13Od-zXXAkN"
"laurene.ashtonhurst@edu.tbz.ch"|"NkDvvZ-sRiMmD-3$OuT3"
"valerie.petters@edu.tbz.ch"|"2TDT#h-zBxA7i-nmyvlm"
"anael.spenclay@edu.tbz.ch"|"v8de%p-4KVUHG-S8pwBx"
"stephanie.keech@edu.tbz.ch"|"uySZkr-%bGuUp-ICOVpt"
"ines.deveril@edu.tbz.ch"|"1zjq5D-DqbHWE-MOAzNm"
"berenice.gelder@edu.tbz.ch"|"1xQMqO-0Ibb&7-3ObLg2"
"melanie.ofogerty@edu.tbz.ch"|"ce4AWy-Y8R#Fd-rh2uzD"
"frederique.canepe@edu.tbz.ch"|"Ch1@1l-9Cdw$U-WCMJ9E"
"nuo.otton@edu.tbz.ch"|"kN$AF1-2BRixh-JHyMFx"
"genevieve.trusler@edu.tbz.ch"|"wQb2uf-@7rTXx-LpoVta"
"ju.boag@edu.tbz.ch"|"hj@d$0-1sa6@g-ZEMH7J"
"josephine.dilucia@edu.tbz.ch"|"LkKlVe-AD8#%u-$vmd#a"
"laurene.armsden@edu.tbz.ch"|"UgMiGr-yK$cU4-qHVvqV"
"becassine.griffe@edu.tbz.ch"|"rRTamN-kVx9&v-kL#LC8"
"alois.parres@edu.tbz.ch"|"1ZOEAM-nGHvyE-8fGjAZ"
"cleopatre.gaffey@edu.tbz.ch"|"yZxXaH-PDUiA4-JFknTh"
"andre.stiger@edu.tbz.ch"|"lPXmS1-8eNhh0-sKEQn9"
"beatrice.godleman@edu.tbz.ch"|"RRcRnO-RiRefL-kWrV9T"
"hakan.harrhy@edu.tbz.ch"|"apoq9n-0iU4KH-ZiqL9W"
"celestine.dagnan@edu.tbz.ch"|"Gp73ST-bSJFk$-ixX3iz"
"clemence.haggart@edu.tbz.ch"|"z2VsYB-#5&1wO-#tIufL"
"long.caban@edu.tbz.ch"|"6K6ic@-FCi@8F-y3W4pX"
"gaetane.grimble@edu.tbz.ch"|"Rno79m-37ADN3-KE13b7"
"maelann.piwall@edu.tbz.ch"|"C81u9g-#L02br-U277tH"
"magdalene.loble@edu.tbz.ch"|"9gkrDp-YLYBei-pnCa9e"
"veronique.domaschke@edu.tbz.ch"|"GyO5qv-COsXBz-MGAxt%"
"clea.herity@edu.tbz.ch"|"e7QYxN-iPJ8OS-0br0X2"
"maelann.bambrough@edu.tbz.ch"|"cIhpOO-zFTqhp-jpulJ$"
"clea.goulstone@edu.tbz.ch"|"7X9c9h-7#$&&t-jmOZoo"
"renee.deleek@edu.tbz.ch"|"haWqqy-#NyMJX-B#nwX%"
"boerje.rudderham@edu.tbz.ch"|"DnE27g-3MpAf4-lp#n4@"
"marylene.broune@edu.tbz.ch"|"FzvQh7-RZpx7m-NdAfR2"
"nadege.mccuish@edu.tbz.ch"|"T#B3Hm-4sOr%Q-2wMj4A"
"anael.littleover@edu.tbz.ch"|"ctYEJK-54lfM$-#dxPpg"
"lie.baume@edu.tbz.ch"|"7KtOmS-QDk@94-9EKxvh"
"maella.murrow@edu.tbz.ch"|"Z7H7Uf-lGK6wL-TAwJOl"
"cleopatre.pettifor@edu.tbz.ch"|"$SeqK%-$QQ9aF-Wkdw&8"
"geraldine.asker@edu.tbz.ch"|"sI2zer-4A8SIy-UkAa%Q"
"gaetane.smedmore@edu.tbz.ch"|"a52iKY-vxZAjJ-AuGi55"
"meryl.blencoe@edu.tbz.ch"|"bzLaR$-8UKerf-bltHzE"
"aurelie.chastaing@edu.tbz.ch"|"BWp8C4-mKxBo4-gr98G%"
"oceanne.marthen@edu.tbz.ch"|"8IDQSS-pkyVcd-Gu7F$V"
"dorothee.burrill@edu.tbz.ch"|"AKulyx-iioVZ8-BvGG8M"
"hakan.belden@edu.tbz.ch"|"D7gZjJ-V0nbIE-ObZMry"
"celine.brunning@edu.tbz.ch"|"fYD2Rp-u5qAez-2jo6Fy"
"anael.lapides@edu.tbz.ch"|"0eJrkw-iBCiBe-aNhQBW"
"ruo.saffran@edu.tbz.ch"|"MX4IMk-M7lT3$-uneXdN"
"loic.gerretsen@edu.tbz.ch"|"e0OPJm-2TMM8e-KGbV05"
"rui.fitzer@edu.tbz.ch"|"p6imE3-3uNuPD-EMh%RT"
"annotee.ogers@edu.tbz.ch"|"#jC44y-Ho6#yS-XbqLUe"
"boerje.bindin@edu.tbz.ch"|"ylDswB-KD$aD%-##gZFN"
"ma.cronchey@edu.tbz.ch"|"zOmOiE-Eb%DBZ-V5czA#"
"laurelie.baiyle@edu.tbz.ch"|"Yfcdsi-F49#Us-AneSrM"
"dorothee.older@edu.tbz.ch"|"9ffzdX-rJj0XE-&VF@Rf"
"laurena.wile@edu.tbz.ch"|"alUknW-FAd3hL-8Q&JNJ"
"clemence.brito@edu.tbz.ch"|"mCUEy8-dIskQL-pKK9Ka"
"nadege.dallin@edu.tbz.ch"|"cLTAW2-N&8Tnk-lG&n59"
"mailis.matley@edu.tbz.ch"|"ELhymK-bZsWVG-SS2rtY"
"daniele.screaton@edu.tbz.ch"|"%y&4vA-yWvkaB-UnsTCR"
"mediamass.godly@edu.tbz.ch"|"sg3AVN-Gdc%sS-9oV3Ac"
"leone.kremer@edu.tbz.ch"|"O3YnT4-wzc@#A-5DwLcN"
"asa.adrian@edu.tbz.ch"|"i9ZboE-Fq8JWM-V1f2Fx"
"adele.doley@edu.tbz.ch"|"Vk@%fl-a&mw6c-QUTp&8"
"fei.sidney@edu.tbz.ch"|"ikVrFS-L34Lax-R%ug7h"
"marie-josee.walisiak@edu.tbz.ch"|"0A%Q$I-1YSg1L-Z%Aeso"
"desiree.diplock@edu.tbz.ch"|"j3Xv3v-rH4YdE-2EEkRq"
"gisele.schust@edu.tbz.ch"|"dxQisB-NB@wk9-TwlEV&"
"ma.longshaw@edu.tbz.ch"|"CSJ0LT-%xsU@r-2GLB4x"
"da.boother@edu.tbz.ch"|"G&RDk5-mOcdY7-Kck%tW"
"simplifies.chaudhry@edu.tbz.ch"|"n0R4Hh-O8R%PU-I%RF1y"
"garcon.baniard@edu.tbz.ch"|"5JBw4K-#fmdtt-at5z9Q"
"gaetane.elphee@edu.tbz.ch"|"37bP&C-s%3q8K-K5sQFD"
"gisele.hassey@edu.tbz.ch"|"$ffy%H-YNuoN&-TTFUc$"
"oceanne.booley@edu.tbz.ch"|"9U1QkN-t@1#IM-uFqIM3"
"oerjan.dibden@edu.tbz.ch"|"JVozxQ-Au$9sz-jYWmlW"
"regine.ocleary@edu.tbz.ch"|"uNnS8V-iolq11-jU&6aQ"
"selene.persse@edu.tbz.ch"|"cKnu3J-ytCUn0-mQgNF#"
"helena.adenot@edu.tbz.ch"|"9gmWaw-lDsFJb-O6FgTX"
"maelann.wassung@edu.tbz.ch"|"YIJhr1-JlckwK-q&M#Nl"
"frederique.ackermann@edu.tbz.ch"|"l@us4V-mjZ7ea-J6d$H2"
"audreanne.kahen@edu.tbz.ch"|"GU4LDv-YemL$5-5pHu6P"
"maiwenn.lasty@edu.tbz.ch"|"cDTo1J-2hFI4Q-%C3o#S"
"yu.dictus@edu.tbz.ch"|"ALJQdW-lJiJuy-c#&OT6"
"anae.dukes@edu.tbz.ch"|"b35XKJ-8S56DQ-1A&@1n"
"yenora.warr@edu.tbz.ch"|"rLJGqk-4IUZCF-wEBZkj"
"esbjoern.archibold@edu.tbz.ch"|"CG$dP5-cKoKBU-hqJu&N"
"milena.pardal@edu.tbz.ch"|"$AmIk8-XzU#zb-S8kn54"
"celestine.graveston@edu.tbz.ch"|"Pzy76a-gk&IR@-8zAPaF"
"maena.dallas@edu.tbz.ch"|"2w8ylr-GJOYOT-HOcOd5"
"andree.tuke@edu.tbz.ch"|"NQsKaG-sXSc0R-XI9ugc"
"methode.seldner@edu.tbz.ch"|"LX1gh@-uUI@we-dRr@@C"
"venus.bullas@edu.tbz.ch"|"QZ1rjn-Ia&vEr-WT&O%@"
"mans.aguirrezabal@edu.tbz.ch"|"QnMY%F-@684UI-gBYdJ#"
"gaelle.eadington@edu.tbz.ch"|"RWqD98-#L$K0L-svBuDb"
"anaelle.falkner@edu.tbz.ch"|"W5PGS4-ZvIWfF-cMCTz1"
"ophelie.height@edu.tbz.ch"|"PwGPtX-ZknQql-On1Tzq"
"marten.bolding@edu.tbz.ch"|"EfgHA@-RMoaf@-Q8HlTu"
"pelagie.guswell@edu.tbz.ch"|"9DojHw-C@d6Ul-KxkryY"
"gwenaelle.lecount@edu.tbz.ch"|"Yqq6IC-phMdiH-1$M8IH"
"hakan.laden@edu.tbz.ch"|"D6Ulni-yHBNd9-RT4gb%"
"marie-josee.hylands@edu.tbz.ch"|"U8AaQ3-MYOuV#-kwCyyr"
"zoe.kingshott@edu.tbz.ch"|"ku@NyP-lMsT6j-XJ1Vi6"
"josee.janous@edu.tbz.ch"|"ScTdSG-xrqixh-UdyTv6"
"laurene.gallally@edu.tbz.ch"|"gs9Ts@-IoGGJ7-p@Sx5y"
"anael.bickle@edu.tbz.ch"|"j#iOG&-aNomdY-urSBXQ"
"mediamass.lebbern@edu.tbz.ch"|"YM2Ri3-QZfJBl-NZt4nn"
"berengere.hovy@edu.tbz.ch"|"kxy0Q#-sY9qkP-&71o%D"
"oerjan.kilmurray@edu.tbz.ch"|"s0Hha9-L0pSWt-fWEjm#"
"asloeg.venny@edu.tbz.ch"|"61h6tt-EqXGcU-tY#Cd9"
"marie-noel.stoad@edu.tbz.ch"|"oKer$E-Fs6g$U-g%4bKi"
"hakan.pettifor@edu.tbz.ch"|"dpnCP&-LEqt5y-8GJxdd"
"maella.willgrass@edu.tbz.ch"|"Wii4xc-Ylp42%-$9OeWM"
"therese.ludovici@edu.tbz.ch"|"#aKO1t-hzCDrr-o0C$sg"
"stephanie.trewhitt@edu.tbz.ch"|"HJ4Ru6-$RyuFp-frNbqs"
"maerta.bauduccio@edu.tbz.ch"|"zNg0b9-nBgfpu-3F6#2f"
"gaetane.glaisner@edu.tbz.ch"|"qSzv5e-xy6#hH-ygUu#4"
"naeva.pargeter@edu.tbz.ch"|"1$0gQ%-MH7BYe-HpRJIH"
"salome.venable@edu.tbz.ch"|"Lnr5kA-Wbl%RH-vZey9N"
"boerje.thickett@edu.tbz.ch"|"4TBjqs-x2kWLa-fE@$vT"
"lucrece.prendergrass@edu.tbz.ch"|"%mXwEQ-fD1jmT-u4yXBk"
"laurene.ockleshaw@edu.tbz.ch"|"xSwLqo-z1hOfq-9c77Q2"
"cecilia.pasticznyk@edu.tbz.ch"|"DpST39-Sy$FWv-CJvTtG"
"stevina.mackey@edu.tbz.ch"|"EiVTJi-ep2aZe-oKrOOF"
"marie-noel.reven@edu.tbz.ch"|"8mDxs0-HKW0pg-zl6MlX"
"melina.quilkin@edu.tbz.ch"|"E4HbXb-%R2Xxh-#9Fbcx"
"marie-noel.ferrie@edu.tbz.ch"|"nhx3sd-m4o6L%-CWLy9n"
"leone.alphege@edu.tbz.ch"|"pM90fr-9mc2LY-dhdA$t"
"zoe.leverson@edu.tbz.ch"|"9$mgsq-M4l8pK-WtnOUF"
"annotes.grayne@edu.tbz.ch"|"VmqmYM-W3gxd3-pcqDHj"
"faites.lalley@edu.tbz.ch"|"r5AkFm-nU6GCE-CR@gdw"
"adele.wallis@edu.tbz.ch"|"EXy@vT-Twx6@&-xLj6Ho"
"severine.madill@edu.tbz.ch"|"cj3eR&-lbAN%f-1@aSmX"
"valerie.tebb@edu.tbz.ch"|"hPI5As-rRO4Y5-x3S2Pv"
"kalliste.rasper@edu.tbz.ch"|"9gPQg5-EjjQPY-ETZXQy"
"audreanne.palomba@edu.tbz.ch"|"Im8SI3-e&%Wcm-uaoBfd"
"elea.adamik@edu.tbz.ch"|"%J3K3b-2#cy#e-oC6noZ"
"reserves.jakuszewski@edu.tbz.ch"|"$1XcAs-SI5VOU-FhO7pQ"
"athena.belhomme@edu.tbz.ch"|"HI3m@l-D8mfzm-Sr61Wi"
"rebecca.crippin@edu.tbz.ch"|"4EA@i@-gdoWkd-Gc&dNu"
"maiwenn.curman@edu.tbz.ch"|"C%wPtb-swQ6rI-2d$yyO"
"andree.bunner@edu.tbz.ch"|"Y6d6CZ-v#lV6a-LoISLp"
"ruo.winckles@edu.tbz.ch"|"bfxpgv-#fRW43-@F7FbI"
"naeva.buntine@edu.tbz.ch"|"8$qZ4N-0h28EZ-#2hd05"
"boerje.dollard@edu.tbz.ch"|"AboGC%-qD@fAi-rKf772"
"penelope.gorman@edu.tbz.ch"|"gfepmS-apc$Gw-tyHD88"
"alois.robelin@edu.tbz.ch"|"IBgofe-k0I801-wDrtU7"
"anaelle.tindle@edu.tbz.ch"|"8Vjseq-YeqRtK-hM3gdm"
"ye.frears@edu.tbz.ch"|"G8t7rk-SAI3cp-hLXN2n"
"andree.ovid@edu.tbz.ch"|"RdBncZ-bLObpU-c&Qo&H"
"hakan.peat@edu.tbz.ch"|"NTVF#p-mrLr12-RRVKIZ"
"andre.januszewski@edu.tbz.ch"|"QRZB4o-Yw7OIs-#aOuSs"
"annotes.clemmett@edu.tbz.ch"|"2B2$yK-aSKWai-ZDi9Wf"
"pal.lambswood@edu.tbz.ch"|"tPyUop-1HGIcJ-PJkINY"
"yao.lenton@edu.tbz.ch"|"yp3Gvn-2ILbps-Nst#dS"
"hakan.boyton@edu.tbz.ch"|"EajYlB-CO6@@h-tau1md"
"nelie.forsey@edu.tbz.ch"|"j10bMN-NHz$cV-#UVLdy"
"hakan.horche@edu.tbz.ch"|"qVKzrU-yZok$Q-Anj30S"
"lorene.sinkings@edu.tbz.ch"|"RhBWws-Sck3hO-6@dJFe"
"marie-therese.creddon@edu.tbz.ch"|"dULfiA-aPS3#M-4hkx5#"
"berenice.tolworthy@edu.tbz.ch"|"IQZKIk-4#z@zh-KRLGol"
"theresa.land@edu.tbz.ch"|"o11d%M-#b8Y@x-SxJgiT"
"marie-therese.gianilli@edu.tbz.ch"|"Aftzhw-qPcAt4-dh9cfR"
"meryl.glew@edu.tbz.ch"|"HXc@XW-ES#rYi-UVzrik"
"adele.debling@edu.tbz.ch"|"a0wKU3-3fss6E-xB4QlR"
"anae.metzke@edu.tbz.ch"|"JonYLS-h4cq@2-VT%6TV"
"gaetane.gooden@edu.tbz.ch"|"p#Mgv#-qYdgPG-b4FE1#"
"laila.bootland@edu.tbz.ch"|"AeAxkz-F8uaT3-o@oUr$"
"maite.helsdon@edu.tbz.ch"|"v5wmI@-@7cyZP-SK27VV"
"andree.malley@edu.tbz.ch"|"9wefQJ-j%F3zM-7lNBlg"
"pal.simmens@edu.tbz.ch"|"93c7#m-79I7ER-GTghEN"
"maelys.nuccitelli@edu.tbz.ch"|"&uOFpm-FW32E6-6#HysA"
"dafnee.sibary@edu.tbz.ch"|"Nrwy$c-t@SD@d-oxOZq7"
"alois.harsnep@edu.tbz.ch"|"OoV$X%-5Km@Pk-4kvQxg"
"marie-helene.lacky@edu.tbz.ch"|"2vSP0g-1vLiqX-V6BKWK"
"mylene.youthed@edu.tbz.ch"|"mD7xXZ-lm4uMn-A4&BBM"
"marie-helene.dehmel@edu.tbz.ch"|"ho#LCr-kJeOUY-NCQnHm"
"angele.batman@edu.tbz.ch"|"En4&Wb-qZr5$u-ToL%0L"
"melia.younghusband@edu.tbz.ch"|"KKr04Y-T6DgL6-2sfIIB"
"eloise.baldi@edu.tbz.ch"|"F6Ee4s-eEBK9&-%6cZAI"
"illustree.dun@edu.tbz.ch"|"Vv#3qo-Aj9m5x-5H3sUq"
"genevieve.late@edu.tbz.ch"|"$TDKM9-pKgz$g-hjkIOd"
"celestine.colville@edu.tbz.ch"|"B2B$Ev-makDP8-QA3m$#"
"gwenaelle.scarlon@edu.tbz.ch"|"8iN3kU-TlbgOL-x70rjt"
"regine.boddie@edu.tbz.ch"|"B%w5f@-%DNNxL-Fd48ge"
"creez.gaughan@edu.tbz.ch"|"tNQJ1D-Fpwrot-PvwpX@"
"gaia.longford@edu.tbz.ch"|"61DsRi-$8jkHp-BobVgM"
"mailis.buckby@edu.tbz.ch"|"eViteo-iWh&Pv-5$86y6"
"song.parbrook@edu.tbz.ch"|"Eho8My-WaTPzb-$CAOdP"
"frederique.heddan@edu.tbz.ch"|"Zx$3Sv-w1jY6q-eNG$0r"
"ake.kirtlan@edu.tbz.ch"|"1&6116-FkIbyQ-Zj0sie"
"nelie.runciman@edu.tbz.ch"|"gA4%vv-cWlEDl-8@%QGj"
"mailis.cardnell@edu.tbz.ch"|"LQMAX%-BAnnBt-T2D#s@"
"irene.navarro@edu.tbz.ch"|"Tc5pUX-lS8eqa-D0PIZH"
"maite.cough@edu.tbz.ch"|"Tg9A1@-ASo1KC-EFo6q8"
"anaelle.stocky@edu.tbz.ch"|"cJru$o-FMkT#a-XS53VT"
"methode.moulder@edu.tbz.ch"|"12Ds$B-1paY9N-HUZpX#"
"po.stafford@edu.tbz.ch"|"BH2rPi-RYXNI7-NLmiBE"
"faites.scraggs@edu.tbz.ch"|"UFdukm-R$nN96-WC5Xfi"
"adelaide.dullard@edu.tbz.ch"|"O%QLhy-XddcGr-GVl7Lk"
"desiree.leonard@edu.tbz.ch"|"EDoxcT-%OkI4$-knS5s#"
"geraldine.badgers@edu.tbz.ch"|"DQ@tGe-Mq4rot-J4mZ8u"
"ruo.masic@edu.tbz.ch"|"&8%DX0-JC0eBG-IUJ#W7"
"aurelie.lieber@edu.tbz.ch"|"Quyc2E-URRhme-VXu8Hd"
"naelle.balcock@edu.tbz.ch"|"W5fG3W-SCMRfn-$eKYpV"
"camelia.elger@edu.tbz.ch"|"fN&NBC-ahw%ba-NSVqA&"
"publicite.oakeshott@edu.tbz.ch"|"GUjzhl-bjK01g-I%P4xo"
"cleopatre.fawley@edu.tbz.ch"|"HAD7k5-@F5&1J-ndhjqM"
"laurene.bruckmann@edu.tbz.ch"|"Zl4l8@-9jIRm2-AqDLSp"
"rui.haughton@edu.tbz.ch"|"1Y1Q@R-%hyhFl-&q$VG1"
"asa.ladewig@edu.tbz.ch"|"vM0gI9-N8ex6I-ss1jTU"
"gisele.janecek@edu.tbz.ch"|"CG@Daw-XhC5Il-Os5aRM"
"maily.loveridge@edu.tbz.ch"|"JGa81V-%x9&nj-PdOdcM"
"marie-eve.yurkiewicz@edu.tbz.ch"|"Li@J2A-UJYEHB-e2Ops$"
"fei.roder@edu.tbz.ch"|"RDpPh4-IOd6sY-cc#Ovn"
"edmee.chatburn@edu.tbz.ch"|"ljyMRj-nkm117-gMGA4J"
"geraldine.darke@edu.tbz.ch"|"TvZdpA-YY0TJ1-Jzobja"
"ye.jira@edu.tbz.ch"|"&a@Ka@-byVwV0-UilNHl"
"publicite.persent@edu.tbz.ch"|"ZGuaBu-oFfp8@-DU5l#Y"
"severine.wilcox@edu.tbz.ch"|"Q7n9IH-FuJJAu-#43hyk"
"yao.mcclaren@edu.tbz.ch"|"g11%LW-$QJYvG-Im7xk0"
"theresa.foynes@edu.tbz.ch"|"7vTSYM-bS0lsq-LfUO90"
"stephanie.isley@edu.tbz.ch"|"n8vxrm-8eh&Yb-E#gDVE"
"torbjoern.growy@edu.tbz.ch"|"#Mxk#U-Y6Ia6P-A%ejpo"
"eloise.tunnadine@edu.tbz.ch"|"Gi$Wnq-25sMa8-CWHO1Q"
"maeline.cossentine@edu.tbz.ch"|"9x9@Xt-8Vyy1P-J34c22"
"nelie.desantos@edu.tbz.ch"|"wm3Q0d-k3uZ7B-PAwOpD"
"gaetane.axston@edu.tbz.ch"|"ppOqu&-ySAY7I-9WL50m"
"aimee.merman@edu.tbz.ch"|"VSoYeM-fSAYw1-PgohVX"
"oerjan.drivers@edu.tbz.ch"|"&3A8IS-BAsRau-e5c7kO"
"aimee.miroy@edu.tbz.ch"|"vpElEZ-$IC#zR-%58%9T"
"nelie.glyde@edu.tbz.ch"|"2ZHEpP-55yV@#-84vDlB"
"hakan.kapelhof@edu.tbz.ch"|"D$vFX#-YO3I1Q-smf&QF"
"maelyss.cauley@edu.tbz.ch"|"bsFaJ5-KXAmkC-3INwM7"
"elea.vaggs@edu.tbz.ch"|"q70pTE-XLkAjR-9ZIddF"
"maelys.but@edu.tbz.ch"|"ASigbN-hddFar-QYZc3L"
"maella.arthurs@edu.tbz.ch"|"4$f32p-C9@Jhk-yf9bZU"
"adele.liebrecht@edu.tbz.ch"|"@NmMvx-#rq1A7-6bub6c"
"meline.lomasny@edu.tbz.ch"|"%B@BdY-lyZ%DK-es#Wy8"
"mediamass.schwant@edu.tbz.ch"|"oxSsHC-HXxgDT-gzGro9"
"leone.saunt@edu.tbz.ch"|"Rp92y1-Edyln6-eTF%7M"
"annotes.gouch@edu.tbz.ch"|"E0wNeH-0jtWVz-t56oLb"
"gaetane.bowich@edu.tbz.ch"|"X%aSWK-RUgQ7N-nnKM0M"
"alizee.strelitzki@edu.tbz.ch"|"eTLcj1-&06MCV-UFa%Af"
"leone.poile@edu.tbz.ch"|"4H@dXy-K5EejV-DcAEio"
"amelie.saban@edu.tbz.ch"|"4Cb@PX-$xzML3-T6SVxn"
"marten.mcmenamin@edu.tbz.ch"|"r3&s1w-qHBsXJ-eL$KMU"
"becassine.keets@edu.tbz.ch"|"69IP5S-joA$iM-N4n9i4"
"celine.million@edu.tbz.ch"|"&A#$z8-xmo09V-#s7O2S"
"geraldine.belitz@edu.tbz.ch"|"hTw&5j-BgcjY0-xltqlf"
"salome.mardling@edu.tbz.ch"|"8oJXPF-CncjTk-zy$#o#"
"melia.blakemore@edu.tbz.ch"|"KlVW0L-iwUBx6-gBdXm2"
"dafnee.mcaulay@edu.tbz.ch"|"txvcZT-MyZfYn-7LpFIJ"
"garcon.dennett@edu.tbz.ch"|"%8J&e9-a8PDLA-8##kB3"
"interessant.lesor@edu.tbz.ch"|"N%ZRlk-9ZrEnm-hztoR0"
"annotee.wasbrough@edu.tbz.ch"|"NXzF2N-BIdT8L-FfSJ8C"
"asa.ibbeson@edu.tbz.ch"|"lsUMMq-XS&9pG-uzFLD&"
"maily.kennealy@edu.tbz.ch"|"o@%YYa-CQIwln-pEPjP@"
"ye.seares@edu.tbz.ch"|"cm%#zY-X$ITTp-6ffQ0G"
"athena.harbron@edu.tbz.ch"|"0zpX34-@talMO-6Q$VsB"
"andreanne.portail@edu.tbz.ch"|"OK$iKm-vvejT9-$LbPsf"
"goeran.zannelli@edu.tbz.ch"|"63BJHa-6wI1L4-xNx26N"
"gerald.leathlay@edu.tbz.ch"|"bRkCVs-@&RkuH-VKh6hc"
"andreanne.chown@edu.tbz.ch"|"%IzsX7-0FEb$g-ok@la#"
"esteve.clementel@edu.tbz.ch"|"glf%d$-arffQ7-pyqUCq"
"leone.legan@edu.tbz.ch"|"eZ8kfI-WxmoxX-lp1E0#"
"maena.pownall@edu.tbz.ch"|"vPpUc&-&4Jgfr-e$B%32"
"andree.rettie@edu.tbz.ch"|"SCVFLw-ERPYli-i9uY$N"
"ines.kenwrick@edu.tbz.ch"|"GeiyzR-0LJH9%-iLie5T"
"marie-helene.yarnall@edu.tbz.ch"|"K1gKlt-F5OrJB-$RTvth"
"po.martin@edu.tbz.ch"|"VCUsd8-qD&qhF-tr3jct"
"ruo.celiz@edu.tbz.ch"|"K5aB%x-GIpO16-QEiaCB"
"po.bissett@edu.tbz.ch"|"6mfr78-xjT0WT-mYn@c3"
"du.swindon@edu.tbz.ch"|"kmIOAi-Yo#i7@-11MkWt"
"interessant.gouldthorp@edu.tbz.ch"|"AaB8a0-blRVXQ-7dFwi@"
"leandre.lilburn@edu.tbz.ch"|"&wCMBW-CS1Jek-LzpG32"
"bjoern.whales@edu.tbz.ch"|"6SxbUX-6EUXEs-dZI$Ha"
"interessant.dieton@edu.tbz.ch"|"FeOopB-vbkLHn-Ff4Icv"
"celestine.redhills@edu.tbz.ch"|"dzYUQ#-6T#@z8-jS5sXF"
"tan.yakovlev@edu.tbz.ch"|"%jkLc5-gu$$x1-JFYlA#"
"regine.mcdowell@edu.tbz.ch"|"@ukns8-7MU3nA-nEA0F5"
"ju.coysh@edu.tbz.ch"|"MfQ6dn-2aMOKn-mvp4XS"
"reserves.ofallon@edu.tbz.ch"|"hp30eb-BaLOhF-d7hAnh"
"frederique.sobey@edu.tbz.ch"|"FpjC9&-iKOE5y-N$IS70"
"marie-eve.garstang@edu.tbz.ch"|"2wCYkt-pgM0pc-jwu6$u"
"andre.tapin@edu.tbz.ch"|"#LJqQJ-JgRI%3-qcPP#B"
"esbjoern.eynon@edu.tbz.ch"|"LOMwHQ-aFVB$f-QSvvK4"
"maella.duffy@edu.tbz.ch"|"$WfN@L-qRmut3-CCYt8v"
"leandre.twinning@edu.tbz.ch"|"YfUgbf-USCY1v-IpQGi2"
"mai.whittingham@edu.tbz.ch"|"RJVbfg-1Ijw8C-REVjlj"
"rachele.shevelin@edu.tbz.ch"|"eU@ol2-Bs2WAR-kuAWcx"
"cecile.mcure@edu.tbz.ch"|"O0nX#N-Q0i0Oc-nUV4fn"
"marie-eve.yurkevich@edu.tbz.ch"|"9mu7%c-$P8D5c-8w2IeK"
"almerinda.paice@edu.tbz.ch"|"25y6Zt-mF25Kk-CtxFyn"
"rao.howkins@edu.tbz.ch"|"dofNCV-MYq&OB-s$Gxe7"
"serena.pack@edu.tbz.ch"|"bziPDJ-I5MW@&-t61b8k"
"rebecca.mant@edu.tbz.ch"|"GlKJ5x-EtkKlH-@7ZwhI"
"reserves.spitell@edu.tbz.ch"|"4gqP69-dOXtO9-@kEy9n"
"garcon.hamfleet@edu.tbz.ch"|"slJoYJ-2K3azK-Hnm7Mj"
"methode.kerkham@edu.tbz.ch"|"ZraZJl-o#TUO8-IGne9c"
"pelagie.camies@edu.tbz.ch"|"R7UluJ-0SGRPL-rdg1lw"
"josephine.macpharlain@edu.tbz.ch"|"g1RPF@-eerlk2-#kwI%#"
"eugenie.mathet@edu.tbz.ch"|"oMyvGz-XQzOw9-smAIkD"
"gaetane.brangan@edu.tbz.ch"|"60AvMR-LrgaRI-@3HRaA"
"michele.dewbury@edu.tbz.ch"|"7RrDIv-qWnqoi-V#9Tmx"
"eugenie.elcott@edu.tbz.ch"|"7pZP6m-dhbggP-YqjmGi"
"megane.harniman@edu.tbz.ch"|"RJHivZ-UwHato-H#zmHP"
"agnes.cluney@edu.tbz.ch"|"vMBsdm-tv7Xux-z6g2rq"
"marie-helene.angear@edu.tbz.ch"|"#61S$m-p3kFQN-u2Rz8P"
"melia.dolphin@edu.tbz.ch"|"ArWl7K-BbTfsV-0A&e5H"
"lois.ruseworth@edu.tbz.ch"|"4zJrvC-MjRrhW-GJduKO"
"mailys.ryding@edu.tbz.ch"|"MQQaeQ-qm052m-onPaDC"
"rachele.wulfinger@edu.tbz.ch"|"vphkER-oSH1WG-xlffp%"
"gwenaelle.talton@edu.tbz.ch"|"sGWAcY-HMVC#8-&kCszH"
"long.ronchetti@edu.tbz.ch"|"maEk#F-n$PlPy-oue8t8"
"styrbjoern.kloska@edu.tbz.ch"|"Z@qFxf-EuyQ%C-YU8S86"
"len.sudran@edu.tbz.ch"|"3bkud2-bBT4oA-fNs3g1"
"maelle.andrysek@edu.tbz.ch"|"w@VbTd-vHm7x3-KmUTCr"
"selene.senior@edu.tbz.ch"|"rpXZGc-wqndWY-UVtaNz"
"anais.joskovitch@edu.tbz.ch"|"ubp5Mh-OMJLpF-I8JHl%"
"marie-noel.dally@edu.tbz.ch"|"B8GlUQ-H3Ulkp-yceQ#J"
"marie-helene.laurence@edu.tbz.ch"|"A4gJad-LiRG8G-WdL#Ap"
"camelia.foxon@edu.tbz.ch"|"A#EW#@-iyp7yb-h03VMM"
"helene.cankett@edu.tbz.ch"|"HTTuTs-ZTm7AG-S1BynT"
"marten.mitchelson@edu.tbz.ch"|"un6PAy-2JlTNN-gIJAVR"
"helena.stirtle@edu.tbz.ch"|"XBDIM&-gQPsO$-vJoGja"
"leane.barmby@edu.tbz.ch"|"f1eagN-n8oynM-r&DCqE"
"goeran.ofinan@edu.tbz.ch"|"TAVylV-&mkgs4-sVbZkh"
"styrbjoern.proby@edu.tbz.ch"|"g&tjT9-aWxS8M-5vmDVF"
"zoe.halse@edu.tbz.ch"|"k2w44q-Fxlno&-vj$OIG"
"kui.drable@edu.tbz.ch"|"h7tn3Z-4IQ089-Vdyb$9"
"desiree.bamford@edu.tbz.ch"|"sLys56-Nb7SVr-pn3kx$"
"zoe.suller@edu.tbz.ch"|"bUnCM%-OMgIeD-tosH8A"
"marylene.audiss@edu.tbz.ch"|"EyKkgi-f5pm2s-lo8BCT"
"adelaide.poznanski@edu.tbz.ch"|"DWicsk-m74@k0-OKh7@s"
"maella.coleyshaw@edu.tbz.ch"|"78TTKN-rSxou9-uUkhV9"
"marie-francoise.gelder@edu.tbz.ch"|"YLIz$D-smJOs%-ENTuLR"
"eleonore.chaffyn@edu.tbz.ch"|"p@I5ip-#40s7w-$0sa1k"
"celestine.sikorsky@edu.tbz.ch"|"il1rAQ-@Lp@21-@bk5hD"
"stevina.londsdale@edu.tbz.ch"|"LTMU8r-Y5IV1t-TAWzP2"
"maiwenn.nevitt@edu.tbz.ch"|"rmqYZx-0SstR8-ZwbBA4"
"magdalene.gerrey@edu.tbz.ch"|"D@KpOg-8V3D$P-tJo8fW"
"becassine.latimer@edu.tbz.ch"|"gaBvW$-dwcrt4-@H7qvP"
"da.lethibridge@edu.tbz.ch"|"5J%CuY-NdfYS5-QqU546"
"mailys.claige@edu.tbz.ch"|"1F7roL-SnvQy3-9x2mH$"
"maena.torbard@edu.tbz.ch"|"$7T#1u-J0dw#R-geUMfw"
"solene.lyvon@edu.tbz.ch"|"40N&gp-46AgSj-4AqKE5"
"marie-therese.benbrick@edu.tbz.ch"|"0ZSUZa-WeqHcU-K9$hbk"
"gerald.edmonson@edu.tbz.ch"|"GkESUJ-R8u#91-5Jzrnr"
"ake.messruther@edu.tbz.ch"|"6%A$26-mbBzj1-nGO@O%"
"men.gosneye@edu.tbz.ch"|"k2n0Nv-wJWDXg-f9ouW1"
"anais.jefferys@edu.tbz.ch"|"EGBuTu-YsCtzG-AF922M"
"publicite.tregale@edu.tbz.ch"|"EKp#zB-&cneim-Kvo7Z&"
"maily.santorini@edu.tbz.ch"|"P5uWPv-5Wv3fs-qrg&QY"
"ines.pioch@edu.tbz.ch"|"VFZrY3-eYcVlx-#SOP$3"
"noemie.marklew@edu.tbz.ch"|"NEjses-wez1lb-aSWcYc"
"meghane.maccaffrey@edu.tbz.ch"|"@RnxSI-XfGIrR-@fOECN"
"berangere.ambrogio@edu.tbz.ch"|"fwMS%N-jzfoJ8-uY$4yx"
"mediamass.ryce@edu.tbz.ch"|"&U$lLh-2v3YJ6-zWk2@l"
"oesten.ubank@edu.tbz.ch"|"D0fMFP-Zq0Eyv-QPC2iT"
"melina.mackee@edu.tbz.ch"|"StuNjt-NWn7U8-BWYO5X"
"theresa.livezey@edu.tbz.ch"|"ED1Olc-gmfCXS-mauVFF"
"clemence.weal@edu.tbz.ch"|"M5xC#h-auxEsi-WVs%lm"
"faites.overton@edu.tbz.ch"|"YHsM2O-0K8I1t-xDW1&A"
"clea.lindblad@edu.tbz.ch"|"G56Qp6-NItIWj-VNPQ4a"
"josephine.roseaman@edu.tbz.ch"|"xRb#L1-aalnbe-kVWl&3"
"oesten.lowbridge@edu.tbz.ch"|"3lJseU-@8iz1B-SttWER"
"marie-josee.brion@edu.tbz.ch"|"uYluAp-2huFT3-A2wFTX"
"therese.basili@edu.tbz.ch"|"wRMSTN-IoK855-y18gCI"
"melia.vertigan@edu.tbz.ch"|"uETLZP-&bi4es-IHatss"
"judicael.saull@edu.tbz.ch"|"s%As%L-Fbagqc-w3b&ir"
"selene.valentine@edu.tbz.ch"|"NmfSPx-N$XU9s-j&vuq&"
"verane.dunlap@edu.tbz.ch"|"9iNnFE-V&spdW-0@pOCA"
"meline.kinnear@edu.tbz.ch"|"ti$zDt-jcG2x$-Wcm99w"
"lei.luttgert@edu.tbz.ch"|"Ubn5x@-K4#n7H-d14YHz"
"styrbjoern.lathleiffure@edu.tbz.ch"|"vvhDn8-IWnujM-j9V5e4"
"marlene.blasi@edu.tbz.ch"|"9yi#D2-NrXGwa-Vp$lOl"
"mai.begwell@edu.tbz.ch"|"WJaQrg-hBDlNx-2a%z1a"
"gwenaelle.kaines@edu.tbz.ch"|"zBKC3d-XJwGor-skD1oy"
"gerald.adamthwaite@edu.tbz.ch"|"#Bm5Pl-onGpke-aERW&d"
"kui.hartfield@edu.tbz.ch"|"4h@pFC-rRJNle-Lj7Vx#"
"salome.currao@edu.tbz.ch"|"gB8peg-PIoieH-mw6u8v"
"angelique.tixier@edu.tbz.ch"|"BbFuNh-tu%Sdq-WUNmLw"
"ju.mcgragh@edu.tbz.ch"|"AoHnH4-V45Zhd-NA89fz"
"dafnee.beachem@edu.tbz.ch"|"I%iA26-LZDQJY-zGgR1Q"
"creez.terlinden@edu.tbz.ch"|"Y%xet0-7H7Ik&-LJJ7Or"
"uo.mcskeagan@edu.tbz.ch"|"u#eB3l-FLG5UH-ttGZ4o"
"edmee.mccaughren@edu.tbz.ch"|"QksG@L-#YN#9o-@TSfe4"
"asloeg.cozby@edu.tbz.ch"|"GGT1Eb-IOpP8t-J$CBwy"
"melodie.traite@edu.tbz.ch"|"oLVZ0H-UL9FRL-F5BCwR"
"dorothee.aindriu@edu.tbz.ch"|"aBYI7D-qdLcmN-xEQNa$"
"daniele.doley@edu.tbz.ch"|"Xdoit4-T59GN%-Zy%o$c"
"mediamass.fairclough@edu.tbz.ch"|"HQ1frR-7jg$NR-XXVwsZ"
"lorene.rainforth@edu.tbz.ch"|"1O&gB&-llPoCG-Xmvikk"
"leonore.eyer@edu.tbz.ch"|"hGcpS6-AgmOTB-LeBxMQ"
"po.spillman@edu.tbz.ch"|"zgktJj-5hKZka-l2ay@d"
"cecilia.plitz@edu.tbz.ch"|"lJ8TKI-cK%8Rg-lSMbAT"
"lorene.ludlow@edu.tbz.ch"|"nQ2$hY-iDs7Uv-y2Gwa3"
"berangere.neligan@edu.tbz.ch"|"a2RuPW-2VcN7N-Kw6E64"
"simplifies.huggan@edu.tbz.ch"|"my&$SK-%hTBQp-nJs&oY"
"clelia.prandy@edu.tbz.ch"|"68Z4RZ-015fmV-R3h2B7"
"ake.osban@edu.tbz.ch"|"ZkIEwC-g4BYt6-xhaRAF"
"cunegonde.brunn@edu.tbz.ch"|"CvOC1U-hRk0hO-z4$0nV"
"long.grizard@edu.tbz.ch"|"rtR#in-dQ##iq-iKaEL$"
"meghane.diss@edu.tbz.ch"|"HjERNC-jImHUC-Alm%LC"
"therese.oldman@edu.tbz.ch"|"qAJPtr-#@jTOD-53PLcg"
"boerje.scamerdine@edu.tbz.ch"|"BoB6HV-voeLJG-#CCrR#"
"du.saban@edu.tbz.ch"|"Rg7hPd-XZWjcE-P28C9o"
"hakan.clynmans@edu.tbz.ch"|"UHSr0q-4Cd%BK-kRN8$%"
"wa.macdowal@edu.tbz.ch"|"d5zm4p-v2Gzkc-kevtHY"
"venus.hatrey@edu.tbz.ch"|"gQGReY-KrhvzN-0#$7yr"
"anaelle.vispo@edu.tbz.ch"|"Dga7z%-7Em4$G-Idh$qy"
"mahelie.ollcott@edu.tbz.ch"|"Kb2s4B-D$1vQM-pPmp#Z"
"mediamass.whyman@edu.tbz.ch"|"#f51wl-78UG#%-LE9yUr"
"esbjoern.basson@edu.tbz.ch"|"p5sMW&-1idxQM-0PF&vP"
"andrea.morrill@edu.tbz.ch"|"MnVEfv-UO$wrd-JcZquu"
"melys.grassi@edu.tbz.ch"|"ruJRTD-9Ij0Mj-AkA0QY"
"leone.poleye@edu.tbz.ch"|"s5mvDY-U%RfYK-cK6Hsz"
"francoise.penny@edu.tbz.ch"|"c5vYAs-oLxcte-PObZ0W"
"rebecca.edney@edu.tbz.ch"|"mCSBWo-3#$$rn-B44wUG"
"adelaide.murtagh@edu.tbz.ch"|"aM9VgF-pDI5#8-x8dzpc"
"stevina.winterbourne@edu.tbz.ch"|"G0s8aW-EWowcl-EExSGp"
"ma.cottom@edu.tbz.ch"|"mAvfZV-P5PVlK-KZnWt$"
"tan.harold@edu.tbz.ch"|"ypgl1G-i6B3xl-ZBECp6"
"venus.forte@edu.tbz.ch"|"cjrAA$-XwL9w9-%B8fvl"
"almerinda.oluney@edu.tbz.ch"|"K9S@TE-m$Joub-cfrImA"
"cleopatre.brehault@edu.tbz.ch"|"PecQI3-ve0p05-twMjxp"
"interessant.lapides@edu.tbz.ch"|"TUfWdr-y##T5d-b9jaSC"
"reserves.hallatt@edu.tbz.ch"|"iCl6h&-yykuQ@-et713y"
"annotes.birdwhistle@edu.tbz.ch"|"ztB1wv-IZWE#8-P&%ju3"
"ai.dredge@edu.tbz.ch"|"xh5@96-nkmb%h-zODShC"
"megane.mussard@edu.tbz.ch"|"%Yi%ag-oEZNqd-3qqoGY"
"esbjoern.gowrich@edu.tbz.ch"|"9svsHj-eM8Yff-KlBL5s"
"boerje.brislawn@edu.tbz.ch"|"ABRTTF-iMo8g$-bap4H4"
"becassine.wilce@edu.tbz.ch"|"CT7ZNC-lypaHB-8JJAeN"
"personnalisee.oels@edu.tbz.ch"|"7QT@eW-yPKeCX-%FXm56"
"verane.pett@edu.tbz.ch"|"pw&bwY-@s$KMT-6#Xefr"
"marylene.glewe@edu.tbz.ch"|"3tN12e-3hozKK-FhRJnT"
"lai.elson@edu.tbz.ch"|"esbSso-QIsoNG-fnvSgN"
"serena.difranceschi@edu.tbz.ch"|"7WxVwb-aRU7Us-XQbzjH"
"lie.espinel@edu.tbz.ch"|"IF&kBP-6wfcqB-9esm3b"
"marylene.fantini@edu.tbz.ch"|"HVFZ9Z-5$bGND-p0B%gN"
"andre.archdeckne@edu.tbz.ch"|"&j0VOy-QEW@N0-0yEbtz"
"goeran.bohlingolsen@edu.tbz.ch"|"ZGvcIU-AiKLxL-VuzkaK"
"cunegonde.heffer@edu.tbz.ch"|"ENCHQj-2ci2ss-Iv0VkP"
"tan.fechnie@edu.tbz.ch"|"lMtcID-erwPk&-oYliiE"
"marie-noel.brammar@edu.tbz.ch"|"TFD29l-@0yTax-8O#UU4"
"simplifies.aven@edu.tbz.ch"|"bHF6%#-LoKE2K-Jz7xVK"
"melys.pinchen@edu.tbz.ch"|"0rV#ND-NViNpN-BDhq$J"
"edmee.joyner@edu.tbz.ch"|"a$xB8T-1UnL#&-czS#FX"
"berengere.edess@edu.tbz.ch"|"qyv30v-RD5@BQ-i8YJfL"
"marie-noel.goward@edu.tbz.ch"|"D4fWyI-#4pG81-e4JfjU"
"ju.edmons@edu.tbz.ch"|"Do4ktX-QBWiwf-qezVma"
"frederique.airds@edu.tbz.ch"|"zdS4&U-Alto36-#oiQ@#"
"reserves.dauby@edu.tbz.ch"|"P%GCah-jJY8en-NOUbEF"
"hakan.gynni@edu.tbz.ch"|"DlIawG-MQQ6Wu-U41WSu"
"leonore.pinwill@edu.tbz.ch"|"fz7V3W-YjMLjg-Iv0GSR"
"marie-eve.mcallan@edu.tbz.ch"|"5OEHZ%-FGUj6d-B8LKX6"
"naelle.yeabsley@edu.tbz.ch"|"yo9Gu&-DbbRe6-B#mWxv"
"nelie.jacobovitz@edu.tbz.ch"|"zvLJqp-4EXef6-tgW80H"
"adele.conelly@edu.tbz.ch"|"i3Yq6O-q@LmJ5-QdD4MP"
"clementine.dondon@edu.tbz.ch"|"kFjjzS-7KNrW1-ankA8c"
"zhi.willcot@edu.tbz.ch"|"fl4SNn-UzazKU-UCSEVq"
"chloe.janicki@edu.tbz.ch"|"SL7Rfu-Wb%mou-7wsPZI"
"meng.linde@edu.tbz.ch"|"WhXt8m-RcC8nG-vVvfsm"
"celine.janisson@edu.tbz.ch"|"ShoIx3-fFWK$x-eE4E8X"
"clelia.crow@edu.tbz.ch"|"mypJNW-Wbsv7u-naS1UK"
"cecile.pyott@edu.tbz.ch"|"cYphfJ-xv3m2T-agOAYk"
"ma.fidelus@edu.tbz.ch"|"zKQEYX-Qcw@9h-wbP4V1"
"marie-helene.poore@edu.tbz.ch"|"1Foe4P-yha#nj-U1nufe"
"elies.blanket@edu.tbz.ch"|"JevZE2-3#lr1W-n%ihFJ"
"yu.boyer@edu.tbz.ch"|"eVM21u-@6dCDB-npyZ6W"
"celia.welds@edu.tbz.ch"|"G4NyrQ-kRM8D&-TYzHMp"
"du.gunney@edu.tbz.ch"|"lm$Ame-lDA08W-%m44f2"
"goerel.crush@edu.tbz.ch"|"#v$jXD-jSRAMf-Xxs&gF"
"marie-josee.brosius@edu.tbz.ch"|"pTUx@X-Yu3VR#-zi15XW"
"camelia.adds@edu.tbz.ch"|"KM6nKT-N9%fZi-VwlkF$"
"anae.irwin@edu.tbz.ch"|"AO@9G8-Cl2rx&-Tiy3l8"
"cleopatre.skeffington@edu.tbz.ch"|"I1p3TL-2Mwign-E2996&"
"gerald.suggate@edu.tbz.ch"|"GA5dCM-cGSWnd-jCn6iL"
"laurene.tailour@edu.tbz.ch"|"MXIDWm-dDGJjz-h8SZmc"
"amelie.hoble@edu.tbz.ch"|"9iGcQN-Gpk1rq-GNsdZp"
"venus.getch@edu.tbz.ch"|"vkB4aL-ECyED2-3kkZP7"
"renee.treby@edu.tbz.ch"|"P7uiH4-7FH3gi-9pEiJZ"
"almerinda.stait@edu.tbz.ch"|"LaU3Yh-4aJUgV-Ayhd&D"
"andree.reddecliffe@edu.tbz.ch"|"@lVk8V-Fm&AKO-qEj9K8"
"leone.wintle@edu.tbz.ch"|"Z$Udd8-p&n$3@-4J3LUc"
"gerald.fellow@edu.tbz.ch"|"aOe%yd-JUNDVQ-oE#f5z"
"ju.gudger@edu.tbz.ch"|"8eYm9W-aWalre-#P90e@"
"meng.ohaire@edu.tbz.ch"|"kzGCIS-ekqqFB-$S2Jiu"
"cleopatre.missington@edu.tbz.ch"|"jOB3kN-l4eExq-mlXCWv"
"annotes.debruyn@edu.tbz.ch"|"ouxmye-b0j$Cv-r$uSpZ"
"gerald.sinisbury@edu.tbz.ch"|"46$wSI-a7VM5n-#TOTlo"
"creez.slora@edu.tbz.ch"|"@XQ$$k-MQr5A@-q6qHR0"
"gisele.benbow@edu.tbz.ch"|"RZvH$i-&a9BrJ-uutp3J"
"pal.dossit@edu.tbz.ch"|"mVtnh%-p5Ylqd-@eBM3X"
"nelie.stirrip@edu.tbz.ch"|"gVZ5zL-aSkvg%-J4H$7C"
"alois.ocrigane@edu.tbz.ch"|"nJYBsh-ZNcAJQ-$axOHK"
"kui.mcterry@edu.tbz.ch"|"YC&NPO-rI5D4V-aJUMox"
"long.willgoss@edu.tbz.ch"|"2CXzpq-Ub79$a-pS&jQr"
"francoise.sumpner@edu.tbz.ch"|"YMw&Dz-&npdgM-06PRxz"
"maely.grinstead@edu.tbz.ch"|"@86GHx-hOzbU8-TQS$w$"
"creez.langeren@edu.tbz.ch"|"WABV6Q-RQM$%4-1fF1g9"
"adele.dungate@edu.tbz.ch"|"astvVG-FE8a5&-jHJx#o"
"cleopatre.noirel@edu.tbz.ch"|"g#c1Qn-nxk@oR-3A4zv7"
"interessant.daverin@edu.tbz.ch"|"1NNoSG-uLfQN&-@x9rEw"
"naeva.kalderon@edu.tbz.ch"|"VuxpBq-h%oU&4-yk8mcq"
"anais.oshesnan@edu.tbz.ch"|"#L3@Ug-xRW2IF-73eRUE"
"judicael.anelay@edu.tbz.ch"|"EXWw3@-hxjkAb-fKPj6y"
"eloise.braxton@edu.tbz.ch"|"MoLvIb-$dL4dZ-yT0OaX"
"desiree.greguol@edu.tbz.ch"|"az@P7u-ABr%&&-Qx3Uas"
"maite.mcclenaghan@edu.tbz.ch"|"N1VQ5N-8AMDB6-S3S8E6"
"meng.doret@edu.tbz.ch"|"GXz1b4-ywP8uc-Gy83EE"
"frederique.chippendale@edu.tbz.ch"|"ujuKNx-GLQFzZ-9XHvmb"
"andreanne.lanney@edu.tbz.ch"|"lcetRr-@3j2JQ-HXeJos"
"aurelie.claus@edu.tbz.ch"|"QqyDxd-5@bjji-vbfoA2"
"renee.pabel@edu.tbz.ch"|"P&L8h0-#y#loU-gwHKvY"
"maena.roust@edu.tbz.ch"|"5Wiaov-B7cdAH-H7c%G3"
"nadege.carwithim@edu.tbz.ch"|"w0OLTu-b31Y2o-X5qbIv"
"solene.geyton@edu.tbz.ch"|"#DFCsl-lDEU%V-xIKwyK"
"dafnee.avraham@edu.tbz.ch"|"JIF3Kk-aG%Hj$-0aDGy$"
"leane.woolvin@edu.tbz.ch"|"BuLvmD-o2jcYI-pbVRXX"
"adele.macadie@edu.tbz.ch"|"5%P$Yz-6OmqjP-dIX3hL"
"meline.rubica@edu.tbz.ch"|"gU5pYs-s50ykK-NKe1Nj"
"marie-noel.speeding@edu.tbz.ch"|"$II&jD-KMNDZu-J&@HxY"
"nelie.mix@edu.tbz.ch"|"119VCn-6NQfRs-jhMxQn"
"clea.ollett@edu.tbz.ch"|"7Plo2y-3pmtYF-2Lm0@k"
"leandre.mcgavin@edu.tbz.ch"|"LFE9WV-RvoNBR-Eb7KaE"
"cecile.behne@edu.tbz.ch"|"FyDGbG-JjO8NO-1xTtpC"
"melanie.polle@edu.tbz.ch"|"Fyzzu5-dJlhwK-S7t4ZY"
"marie-josee.titmuss@edu.tbz.ch"|"pnN0VD-@@cIBz-5RR0BA"
"helena.guest@edu.tbz.ch"|"RKgkK%-6DOQ6t-GgxLVg"
"annotes.chicchetto@edu.tbz.ch"|"Lm0MMV-S&GlNb-O3@mnc"
"melia.tubb@edu.tbz.ch"|"Olncxm-4486Ma-wJghEB"
"angelique.casetti@edu.tbz.ch"|"6aG94w-6SQwoC-auu6VZ"
"cunegonde.cleall@edu.tbz.ch"|"EXrwR@-DqMvsP-Hq##zG"
"camelia.oaker@edu.tbz.ch"|"LOtJPD-a9y3xr-&eWXdg"
"you.searight@edu.tbz.ch"|"Q@en#n-rVp9gh-N1lXsd"
"kevina.dederick@edu.tbz.ch"|"XBaeWm-d65uq4-y2PTF5"
"milena.jeffrey@edu.tbz.ch"|"2kq@MB-@t%nk%-0SSknT"
"melodie.barkshire@edu.tbz.ch"|"LhFVN1-bHJCc1-ThDRTu"
"gaelle.kreutzer@edu.tbz.ch"|"3U2Zi$-YI1vBB-vyOfav"
"kalliste.kleinpeltz@edu.tbz.ch"|"s7T544-PH#NGZ-i22hZ&"
"clementine.danat@edu.tbz.ch"|"1x#X&u-R&Nz%T-6sZe%4"
"andrea.wabb@edu.tbz.ch"|"cA&M97-s50g6m-7s&V#1"
"geraldine.piesold@edu.tbz.ch"|"0CDHiK-9R@tdB-#t5mg@"
"tan.fiveash@edu.tbz.ch"|"Tvalxc-&5BBoT-Zx85$H"
"meline.yuranovev@edu.tbz.ch"|"TwMT%#-lNRSZv-BV34R3"
"therese.holme@edu.tbz.ch"|"ehonYh-gHSSbm-aRbiLi"
"salome.vaney@edu.tbz.ch"|"q3Os6f-m0x@Oy-$TiXeG"
"anae.abramson@edu.tbz.ch"|"hG7Kaf-r%lP%d-x$7YGD"
"kalliste.jimson@edu.tbz.ch"|"mQCEae-3ftLfJ-FB1dcL"
"selene.yole@edu.tbz.ch"|"W548jS-PJRztE-5qCvbl"
"agnes.defraine@edu.tbz.ch"|"sYs@sD-rYsM6p-x9aJI5"
"faites.mccluin@edu.tbz.ch"|"gKCtJU-ZoWXZh-luFM0@"
"athena.deme@edu.tbz.ch"|"rYw7tp-vvXxgK-$oSWNp"
"daphnee.brigstock@edu.tbz.ch"|"G5gmSs-stsxDp-fo9k4q"
"goesta.skaif@edu.tbz.ch"|"nGqfc1-lU3km4-60gseW"
"oceane.jagoe@edu.tbz.ch"|"$YkYy6-bsmgF3-WMYld%"
"annotes.broomhall@edu.tbz.ch"|"2yUq5F-s%vvAh-DJBTVf"
"marie-eve.ballendine@edu.tbz.ch"|"s3m#px-ShO9EC-Zxkq8f"
"melina.spykings@edu.tbz.ch"|"$$QoC@-B25Cph-ol#HLb"
"laurene.ticehurst@edu.tbz.ch"|"2VPbH$-D#YJe3-Qw&gdM"
"fei.avramovic@edu.tbz.ch"|"Nn8E9L-nuWTpV-I9jIra"
"publicite.strathearn@edu.tbz.ch"|"fRBraS-$6P$di-6vJsgE"
"torbjoern.garrow@edu.tbz.ch"|"6&R8v3-oTbpOC-bZPMqK"
"chloe.rubinsztein@edu.tbz.ch"|"FaYRvv-cfDjbL-xoUch0"
"mylene.demanche@edu.tbz.ch"|"WHl7QG-hOd9Sv-RWvdmm"
"mediamass.godlonton@edu.tbz.ch"|"MY&W4@-QQ7DJi-Pin6mk"
"renee.shurrocks@edu.tbz.ch"|"41wiAE-kw0rtM-qgiLPa"
"maiwenn.jedras@edu.tbz.ch"|"uyOeDX-IvG3$B-zRszF5"
"genevieve.castells@edu.tbz.ch"|"9t%OXf-u61DY2-8F8Qfm"
"renee.sneden@edu.tbz.ch"|"&3ApCa-6a0wh&-OqCZXQ"
"lai.mccallion@edu.tbz.ch"|"z0qp8l-or7OxU-7o2yk5"
"kevina.impleton@edu.tbz.ch"|"529cJ1-b3wagx-zpZ@3h"
"oesten.fresson@edu.tbz.ch"|"jF6G8G-1E6$hA-YJOYmR"
"verane.shawley@edu.tbz.ch"|"AXWK9Q-0#vRwJ-qVxs3c"
"uo.sjostrom@edu.tbz.ch"|"dO9mYM-L@1546-Jzm4mf"
"gisele.gothup@edu.tbz.ch"|"fAuQOJ-jxJ8dz-at1k#s"
"renee.beauman@edu.tbz.ch"|"z2B1&R-sBc7bj-xfMZqM"
"elies.loton@edu.tbz.ch"|"lhrzhV-xnCji&-eke8Ry"
"valerie.elsmore@edu.tbz.ch"|"CT%$eJ-p7HV6G-P1rOLb"
"berangere.delafeld@edu.tbz.ch"|"F#YM4%-IQwx$q-q6MB9F"
"bjoern.schimke@edu.tbz.ch"|"INT6a@-czb1#%-SuLAHh"
"loic.ericssen@edu.tbz.ch"|"f&&NnO-hsm$F7-ZLxvBo"
"creez.richarz@edu.tbz.ch"|"kdHTHd-GSyvt$-mMHEmx"
"athena.grocott@edu.tbz.ch"|"tTFzgl-@abVbL-@Bwcfv"
"naelle.piotr@edu.tbz.ch"|"pTtg3c-fahrGg-lectZq"
"maella.paulson@edu.tbz.ch"|"@TrBDE-ny71k2-vC@Lc3"
"song.perot@edu.tbz.ch"|"UUZ75c-8FnzP5-M3XG7l"
"kalliste.heckney@edu.tbz.ch"|"dIsQPt-$13PV7-3Q#yFi"
"ake.vasyutkin@edu.tbz.ch"|"f98oKu-xVpQh$-saQ6BG"
"ma.castles@edu.tbz.ch"|"cxfwKK-t8UC#3-e34oFr"
"maely.monget@edu.tbz.ch"|"XiV@lj-J@iV3k-Iam#$2"
"tang.durbridge@edu.tbz.ch"|"zzSzS$-1WXSTN-8ogPQL"
"laurene.andrew@edu.tbz.ch"|"VslsA1-ujrk#q-2hhrN3"
"lysea.beacon@edu.tbz.ch"|"w$f8sz-mM@yBG-D1xFwf"
"leandre.peyntue@edu.tbz.ch"|"AEWbm2-xOsI@g-a1ipws"
"rao.trever@edu.tbz.ch"|"JgDX4a-W1WY3p-0ttbKz"
"mahelie.streader@edu.tbz.ch"|"eRaA&n-nEvr4p-JLJpPg"
"maerta.andrejevic@edu.tbz.ch"|"Op4lXr-x@t5dm-RzdniY"
"goesta.tompkins@edu.tbz.ch"|"F2LcYS-RRsjKl-0BvCKw"
"helena.agates@edu.tbz.ch"|"ihfiQ2-8I61NY-xWj9&w"
"therese.glass@edu.tbz.ch"|"M6ywhp-G8bxot-cMQZLT"
"alois.foan@edu.tbz.ch"|"NxeS9J-zLBxaR-7BVlSb"
"becassine.melchior@edu.tbz.ch"|"qqkb5g-JVXyg8-NS5V0n"
"cloe.robart@edu.tbz.ch"|"iQcNUu-H%qKsI-9vcQKj"
"daniele.puckinghorne@edu.tbz.ch"|"PvVQ8N-RlGxz9-eWC0ds"
"selene.cammidge@edu.tbz.ch"|"ckXBMP-auVRgE-sDB#Hs"
"regine.conochie@edu.tbz.ch"|"jNAx1z-H&6DDi-FH9TvI"
"interessant.tuiller@edu.tbz.ch"|"07yVNK-tR9ZFp-w$xJJq"
"long.tiebe@edu.tbz.ch"|"XOWQ&0-iAEx3v-DRlQxk"
"mans.yele@edu.tbz.ch"|"TC1lix-CTT#K9-hVtrMZ"
"ai.giles@edu.tbz.ch"|"zn1n4#-aL1JOG-eQjOS$"
"gaetane.hamberston@edu.tbz.ch"|"LeGZUc-rznyVc-9Z8ydx"
"marylene.fenix@edu.tbz.ch"|"c7Xjr6-a63#1$-kQfJzv"
"geraldine.graeme@edu.tbz.ch"|"dx@EYu-IuePKe-31OC#D"
"tang.kinglake@edu.tbz.ch"|"nNDRNj-ddF#VM-05imNT"
"lai.challoner@edu.tbz.ch"|"3lYMHf-KessHG-Lqoiq%"
"desiree.mattei@edu.tbz.ch"|"Vf5GZP-0t88Yo-wFxrxj"
"ake.erley@edu.tbz.ch"|"K09c67-P17Y@y-dvHeN7"
"edmee.cavil@edu.tbz.ch"|"wHWuLL-Z0h54a-s0ryzF"
"alois.moyes@edu.tbz.ch"|"zPIaul-lMwQR9-$hxTji"
"becassine.pitman@edu.tbz.ch"|"@kKV@$-Pi1bul-%Wr@Bk"
"ai.giacovelli@edu.tbz.ch"|"Kt55Ki-BgVBrP-Wk$qqM"
"judicael.fruchter@edu.tbz.ch"|"IfhE$n-m70i84-3zRioo"
"mans.mogg@edu.tbz.ch"|"voWtwB-RC2FpU-CnLhrP"
"gerald.foyle@edu.tbz.ch"|"UCqT89-MSmoWO-YUvdXG"
"wa.androletti@edu.tbz.ch"|"j9%bS6-uMaf2R-Q7XWEK"
"meng.ollett@edu.tbz.ch"|"x7kktv-LbmZWV-dwHk0c"
"naelle.macmenamy@edu.tbz.ch"|"Mw#LAR-lgPCjw-R$E5g8"
"gisele.mcramsey@edu.tbz.ch"|"JfYgj%-OWTSw2-gEWWso"
"meryl.scolts@edu.tbz.ch"|"nI$vvk-ViFT39-Qd%cJQ"
"celia.bloxsome@edu.tbz.ch"|"H5&HGN-pmm7rN-lJI@4W"
"styrbjoern.stuke@edu.tbz.ch"|"&FtLft-rCysJN-&tQMHX"
"felicie.gwilliam@edu.tbz.ch"|"nhRCgH-$ojkx&-n%nB@4"
"da.harms@edu.tbz.ch"|"xWv4UY-&$lujO-FB14KG"
"celestine.baulk@edu.tbz.ch"|"6Ro9RW-7dkCvK-lfJubG"
"mahelie.blackledge@edu.tbz.ch"|"#VsFhP-3XY6yY-PkUuAo"
"meghane.salt@edu.tbz.ch"|"#t$clY-ck9XoI-FBWc6C"
"methode.paxeford@edu.tbz.ch"|"FfFRpP-%xSy6j-Jk7lia"
"asloeg.milligan@edu.tbz.ch"|"$b1T%d-iT&k5T-Dh24cE"
"you.pellman@edu.tbz.ch"|"bi2GDf-g$YCJA-0Y6jt4"
"loic.regenhardt@edu.tbz.ch"|"DiURm4-tJ1vVv-wqV6y5"
"daniele.savill@edu.tbz.ch"|"t78lDX-tGxkN9-%#v0sB"
"alois.cornu@edu.tbz.ch"|"J11esl-Tn49%0-6EDYNR"
"oesten.govey@edu.tbz.ch"|"OETe52-h@%wlc-dWqowf"
"marie-eve.louch@edu.tbz.ch"|"7WNIBv-Z&0Gt5-6W0iJB"
"theresa.wenn@edu.tbz.ch"|"PXwpi1-gstJ%d-RlUWIu"
"andree.eul@edu.tbz.ch"|"4Nhk&M-oB6BgS-q8cnQc"
"lie.paynton@edu.tbz.ch"|"iYr&9%-gGdrsN-ALQsN7"
"marie-eve.girodier@edu.tbz.ch"|"g@pm0J-w1Sqmg-4k9z8o"
"marie-noel.smithe@edu.tbz.ch"|"5U2Hwb-n7Dhch-w$k0d4"
"men.bootyman@edu.tbz.ch"|"AabnEE-Sjum$M-7VkEGE"
"ku.sugg@edu.tbz.ch"|"t3MiCz-sS@gbF-hYwf@E"
"lucrece.roseman@edu.tbz.ch"|"xaxE@G-DOyt24-iirKCS"
"zoe.annear@edu.tbz.ch"|"BIIN0B-kIGY%K-MUKy8T"
"marie-helene.rennebach@edu.tbz.ch"|"RR#9yp-Ryp0&@-CNN&5q"
"lea.djurdjevic@edu.tbz.ch"|"n#n@zQ-&E@4Ie-GH1Ebj"
"goerel.robert@edu.tbz.ch"|"#5UsDA-f0mwoT-SHoF8M"
"mylene.foldes@edu.tbz.ch"|"g$IoXE-7JzOMg-S@biy0"
"faites.clegg@edu.tbz.ch"|"O9Zt6m-nQ#ddT-oJDUiK"
"marylene.crowcher@edu.tbz.ch"|"FRVhmJ-4xnYhx-TzHvTc"
"aimee.wimpeney@edu.tbz.ch"|"4k5HC&-IY@EWR-s0eQ8F"
"renee.atkins@edu.tbz.ch"|"qNm7w&-Uy&H34-uOEa21"
"rejane.cainey@edu.tbz.ch"|"RdazKf-yP1CBJ-f#otSe"
"solene.britney@edu.tbz.ch"|"%3BS7t-Iy9wY@-%Njehn"
"marten.shatliffe@edu.tbz.ch"|"LChug7-JDEG%O-6BmBJ&"
"maite.issatt@edu.tbz.ch"|"47YTq0-Kq&pnL-#LPq2q"
"maelyss.edon@edu.tbz.ch"|"c9&%Uu-@t0sk#-Q@fI1f"
"nuo.bamling@edu.tbz.ch"|"#QnAxq-cfDTVg-TLnm4%"
"anais.edards@edu.tbz.ch"|"kbIx2Z-ZacoTo-WQ3oig"
"mediamass.bromet@edu.tbz.ch"|"GwnTMo-88fCqV-%V%BoW"
"beatrice.kimbrey@edu.tbz.ch"|"N&iydK-yruGxA-#wyyjH"
"ines.lawranson@edu.tbz.ch"|"V7#DCA-YzY4h@-g6AzaP"
"kalliste.scandroot@edu.tbz.ch"|"Z%6IIs-FSJjFF-g5#Qa3"
"mans.barrowcliffe@edu.tbz.ch"|"greFCj-ECf7Lp-Bhz6U5"
"irene.couves@edu.tbz.ch"|"G0&WUB-1blzf5-bz#A#c"
"milena.mucci@edu.tbz.ch"|"ow2NfH-6FUE12-7ZqPOH"
"naeva.cow@edu.tbz.ch"|"KK4&UV-8n#GYx-1lEIjU"
"audreanne.mournian@edu.tbz.ch"|"HCR#W@-t#ANZw-uUCMD6"
"melia.sinnatt@edu.tbz.ch"|"ndiuak-Ys6Uuf-3ryM8n"
"nelie.burnard@edu.tbz.ch"|"aSMH8c-WRluvK-@Wy255"
"clelia.ashfull@edu.tbz.ch"|"UToch4-1ejBxT-WNhbI#"
"lie.macard@edu.tbz.ch"|"yqBF6M-1d@Dwf-z0$PaG"
"valerie.matoshin@edu.tbz.ch"|"Fhs3zi-6vW$B5-nRWpU9"
"anael.hatherleigh@edu.tbz.ch"|"T4&u5%-O%nVcC-zt5YMU"
"interessant.warratt@edu.tbz.ch"|"oZ@JlZ-oBXIbv-0rJP7&"
"eleonore.volage@edu.tbz.ch"|"0v6Pwi-gFra8q-FVn9ft"
"zoe.stebbing@edu.tbz.ch"|"uYGj3C-gYARa&-tWLkt6"
"alizee.nye@edu.tbz.ch"|"yufYh6-t4SDAt-5SDwAE"
"celestine.bramley@edu.tbz.ch"|"Dp#$@U-3q@%Z%-rJJxGh"
"selene.philcott@edu.tbz.ch"|"GlCqsz-PRaggg-T#pxo6"
"tang.newens@edu.tbz.ch"|"Q%T&JV-2o4XiR-awbdaT"
"annotes.powys@edu.tbz.ch"|"MKpOcB-QCVJdw-aoYiFv"
"lea.matthesius@edu.tbz.ch"|"pT&Wda-w%NsJt-80wR6Z"
"illustree.garlett@edu.tbz.ch"|"E$7vGS-0L&%kU-jqths#"
"maiwenn.meachem@edu.tbz.ch"|"LakHyP-HepKnZ-eZcgMY"
"marie-francoise.mcbrady@edu.tbz.ch"|"RLh2yA-R2GVnF-Y7uwic"
"illustree.gimbart@edu.tbz.ch"|"F0Yot8-7YGG86-&hejl2"
"melys.lyosik@edu.tbz.ch"|"RzKop3-lHz9o1-sjg8N7"
"marylene.mcnab@edu.tbz.ch"|"2WYO5O-gfbysB-hrQpIv"
"gerald.blount@edu.tbz.ch"|"iorwTP-6YbIMZ-rQ6L93"
"clelia.shakelade@edu.tbz.ch"|"WGOLgi-CxF3qJ-yPR0hP"
"penelope.cridlin@edu.tbz.ch"|"yNBEBe-kGo81K-36oKfA"
"maena.okuddyhy@edu.tbz.ch"|"$@a501-cRBrpr-b@fWIh"
"athena.keynd@edu.tbz.ch"|"rbSCPs-qMIVk2-7t#Rnq"
"cloe.dwine@edu.tbz.ch"|"GkzrAF-q99s6Y-aW@wMN"
"josephine.browett@edu.tbz.ch"|"Xnl5gf-SNh6P2-Erfst3"
"audreanne.oscanlon@edu.tbz.ch"|"Cyypjp-rv14cl-ByCzXo"
"fei.jeanequin@edu.tbz.ch"|"@z5mGc-vsPTV8-It4Rkn"
"lois.gormally@edu.tbz.ch"|"Q1hl7H-x$hbEE-Nqj7g6"
"marie-francoise.finnigan@edu.tbz.ch"|"WFb2nI-CwBduJ-LQHSNh"
"leonore.trussman@edu.tbz.ch"|"XlP30H-QAXx&L-1Y59&o"
"anaelle.trumper@edu.tbz.ch"|"T#9Gia-aDqn3u-rgDSV&"
"clemence.dionis@edu.tbz.ch"|"&kqzwd-$h3%Ff-&abP6n"
"lois.tranmer@edu.tbz.ch"|"WzTAZr-2@d9tt-faO4F1"
"interessant.volett@edu.tbz.ch"|"0MwLkB-BLxM1z-N4@g&l"
"personnalisee.deackes@edu.tbz.ch"|"fVd#fS-K87jfv-SHZq7Y"
"lie.vasiliu@edu.tbz.ch"|"fHw%Kn-ReBUHY-3brG@D"
"dafnee.lamputt@edu.tbz.ch"|"2JjBGO-zOKo@&-mhbKNq"
"elies.bromige@edu.tbz.ch"|"0IqDZZ-rzw@18-z5uju9"
"helena.klosser@edu.tbz.ch"|"aMb%#O-ox3O19-NuZLLL"
"andree.grim@edu.tbz.ch"|"P#NU89-IaL7ek-8nw#W%"
"verane.coldbath@edu.tbz.ch"|"6DGqFj-#YTETP-t$KdZc"
"helena.bethell@edu.tbz.ch"|"PL04ue-J$2jqT-4c10na"
"kalliste.carefull@edu.tbz.ch"|"DND2vJ-rRtLTk-I5HpjA"
"regine.odams@edu.tbz.ch"|"5e12KR-nRZnC@-Ql3YoK"
"len.stannus@edu.tbz.ch"|"sBPVH6-MZQ6VJ-0SQ0GX"
"angelique.works@edu.tbz.ch"|"unJ17j-9CS26H-THMOF$"
"goesta.rheaume@edu.tbz.ch"|"TwsPgQ-8@bxap-pnGD93"
"maelys.tynnan@edu.tbz.ch"|"&4P4Q2-K0Uksa-KAct5E"
"maelle.carlesi@edu.tbz.ch"|"lCy16n-VdnHdW-ofaeD9"
"anael.spurden@edu.tbz.ch"|"8hkCfO-5gMGx8-dCq3Tv"
"helene.pumfrett@edu.tbz.ch"|"VP9kjT-ZcSHVN-hIVN9d"
"goerel.pearn@edu.tbz.ch"|"DNUgFo-b%uMlD-cjJBsr"
"laurelie.dezamora@edu.tbz.ch"|"TV2aTa-UuyDyv-lP%whv"
"yao.twidale@edu.tbz.ch"|"Sm9zn7-9UFDIb-dDFW4r"
"berengere.sola@edu.tbz.ch"|"&xh099-i1d%ur-kwow@#"
"maelann.hardistry@edu.tbz.ch"|"2Rk13o-vNp01A-ryeK9P"
"severine.littlefield@edu.tbz.ch"|"KEPoPF-VRVhn4-&Qg6ZZ"
"salome.heinl@edu.tbz.ch"|"&ooG%Y-gBYwl@-9Z@Bue"
"meryl.warbey@edu.tbz.ch"|"$$GBS$-U1naSf-1$7sDr"
"da.hunstone@edu.tbz.ch"|"JIT7ME-HWrOHX-3WrnJI"
"venus.broadbury@edu.tbz.ch"|"M7270G-1tiUpk-RY4bLY"
"meghane.rentelll@edu.tbz.ch"|"Y87d0l-nc@Xq$-CjBgV7"
"marylene.drewitt@edu.tbz.ch"|"MqPaC8-07$fBx-8Bd1jZ"
"melinda.jacquemet@edu.tbz.ch"|"dlwBad-&3MmnW-2KZxUH"
"marie-josee.keyden@edu.tbz.ch"|"Q96kH9-vun3&c-6wJ@jo"
"asloeg.montacute@edu.tbz.ch"|"Y5GCd2-4LRXUF-xMYUha"
"ku.andreou@edu.tbz.ch"|"7DJZi9-76qeNb-gPi1%z"
"personnalisee.feaveer@edu.tbz.ch"|"%1pO5n-dO8k%t-8E5HT9"
"laila.emptage@edu.tbz.ch"|"w7C1oJ-ZeTPHM-d%uOm9"
"bjoern.dawdry@edu.tbz.ch"|"vtHZxL-PsXta4-TOIbyY"
"marie-eve.dinsell@edu.tbz.ch"|"oj&kgG-LGwgL6-Gew#@c"
"helene.follett@edu.tbz.ch"|"%#Vc2F-luQdjy-74$&TO"
"penelope.cordero@edu.tbz.ch"|"1X$BjR-w6$&nd-sa%QA4"
"boerje.beedell@edu.tbz.ch"|"vxH$xJ-9DWuvB-MF7MmB"
"nelie.ferne@edu.tbz.ch"|"q2DvGE-nY2YYm-A4@IF5"
"celine.ahmed@edu.tbz.ch"|"8eOlrV-3ZOPA$-vJOfY5"
"stevina.pimblett@edu.tbz.ch"|"0MOul2-omuSdN-RGfAcT"
"chloe.langlands@edu.tbz.ch"|"duQLZR-5$lBIn-JDr9Ou"
"simplifies.maude@edu.tbz.ch"|"cQl%Cx-XhFHpG-TetkWP"
"genevieve.decarteret@edu.tbz.ch"|"SB6sKF-LclK$Q-XPlBQ@"
"marylene.mughal@edu.tbz.ch"|"2Kfs03-KSUJ8j-lT6cvL"
"goeran.guttridge@edu.tbz.ch"|"23Ezm6-uQm&am-%3qIL#"
"michele.smurfitt@edu.tbz.ch"|"bNb71e-vEtHiQ-mn9#e4"
"methode.hadeke@edu.tbz.ch"|"hSSQth-29Torq-e%o$8n"
"therese.rispine@edu.tbz.ch"|"MrRMtD-%mhyWb-p1d&r7"
"goerel.plumley@edu.tbz.ch"|"sF%3Cb-#P9iI6-DL#lmZ"
"oceane.friett@edu.tbz.ch"|"cHnet6-iXocn8-gGrJCL"
"marie-noel.achromov@edu.tbz.ch"|"2RGT$6-qFG@vW-YsyWjj"
"dorothee.storek@edu.tbz.ch"|"GyL0nE-q9t1K@-c9yZrl"
"goesta.whittle@edu.tbz.ch"|"p8oK#s-H7K$Rj-JXGVL@"
"desiree.casely@edu.tbz.ch"|"sN36Ay-F$RF3P-es#NnB"
"felicie.condon@edu.tbz.ch"|"Xhep4l-VpjlZ@-fx1xRx"
"maelyss.frisdick@edu.tbz.ch"|"2GtFUL-aBvUVL-6QAfWp"
"aimee.banke@edu.tbz.ch"|"b00zfG-lgg&pO-9Rlz%A"
"naeva.hodcroft@edu.tbz.ch"|"sTzl14-b%s$3K-$g1vui"
"laila.gerrans@edu.tbz.ch"|"7B6yVj-zNFSLo-pK6mAf"
"daniele.scrimshire@edu.tbz.ch"|"oKG8&q-JVdyxJ-EaS3Di"
"daphnee.sheerin@edu.tbz.ch"|"B6mC8i-bQmE7G-Rp#REV"
"pal.vanyukov@edu.tbz.ch"|"JRNQit-d0f&Ca-5J$Nl0"
"zoe.childs@edu.tbz.ch"|"zmHqgK-F56fpo-6#%gzh"
"ai.corde@edu.tbz.ch"|"1lsQzA-I6Ppn&-QCZQl3"
"maelys.berryann@edu.tbz.ch"|"cU$3dw-qpqT6p-PGJmD&"
"cloe.gladding@edu.tbz.ch"|"B2Rx2g-sIDHng-VXyy6q"
"wa.kinnaird@edu.tbz.ch"|"o6i4E&-OX2H$b-VBV$QX"
"publicite.brittoner@edu.tbz.ch"|"ifQnMM-QN3jH1-FtiCBG"
"rao.windress@edu.tbz.ch"|"sDu0by-K0ThrA-7KV@PQ"
"uo.kollach@edu.tbz.ch"|"6$dKsU-9LLotL-4RqIXk"
"josee.peskett@edu.tbz.ch"|"lE1sz5-us@na0-4WS$8#"
"annotee.hasel@edu.tbz.ch"|"YNKkaJ-nGfWTz-3Y6F8D"
"cinema.lee@edu.tbz.ch"|"7VO4e@-iV%f&7-r0YOib"
"lai.vedeshkin@edu.tbz.ch"|"$rXdC6-6UmzMv-8Wb9Tw"
"renee.brisbane@edu.tbz.ch"|"KkEhLn-ePyTdc-xejTWT"
"ophelie.blincoe@edu.tbz.ch"|"OhE6ux-Qrikzb-89UQmO"
"zhi.prazor@edu.tbz.ch"|"P00LZh-I&bpjq-5%oqOi"
"annotee.maddicks@edu.tbz.ch"|"ULI#th-tdt2Ad-JYLnYw"
"maelyss.codd@edu.tbz.ch"|"xSn6k#-$QF&L8-QW#p2J"
"celia.peplay@edu.tbz.ch"|"XvmGgH-zUtdzi-8Mhtq5"
"interessant.skone@edu.tbz.ch"|"NqXezm-uQNWHp-pUsoah"
"audreanne.hebdon@edu.tbz.ch"|"s1g8h$-H4N75h-#jgh%%"
"oceane.glen@edu.tbz.ch"|"3VM@B#-Vlt@AJ-pjvj%q"
"daniele.vanyushkin@edu.tbz.ch"|"aRvW@K-i@f8#i-HztYPz"
"daphnee.ayce@edu.tbz.ch"|"PKDmuH-kjxest-##MtCF"
"andrea.attride@edu.tbz.ch"|"KO1UAa-2uLffF-qxSEXU"
"penelope.bridgwood@edu.tbz.ch"|"acJx8I-kIT&Pq-$@aerM"
"mailis.drewitt@edu.tbz.ch"|"9M2z@b-a6U#TY-Pf81#N"
"penelope.mollene@edu.tbz.ch"|"0KSanv-&6Y7BC-XSZ#Ao"
"illustree.keely@edu.tbz.ch"|"LZvvEl-2NiiTu-@A&RGL"
"meng.brisseau@edu.tbz.ch"|"8AVTS%-yy#nsD-fty93a"
"ruo.cleiment@edu.tbz.ch"|"fzW&B&-7O6GcV-jEzsmk"
"maite.krammer@edu.tbz.ch"|"pIwFw#-uJJ6UC-S7r8gw"
"genevieve.verry@edu.tbz.ch"|"k2OGoY-sffdd0-CaW$xT"
"lea.olochan@edu.tbz.ch"|"Lah@CC-7xMHg@-%sNMV@"
"naelle.brunnen@edu.tbz.ch"|"H1SDkM-uUGcD%-altD3C"
"goesta.bragginton@edu.tbz.ch"|"qXNOre-NeqmiV-0r9niq"
"fei.danilyuk@edu.tbz.ch"|"zMLTlJ-sA9zwO-xj3pIO"
"adelie.turbitt@edu.tbz.ch"|"lejrF#-X2ec#h-#XrVFR"
"marylene.nutman@edu.tbz.ch"|"X04RUX-SNTqJk-d8D16U"
"therese.barbrick@edu.tbz.ch"|"aZVpzh-H5Q82J-ACmc%s"
"melys.kolodziej@edu.tbz.ch"|"1PlBal-Z0k#LX-eLCIpa"
"melanie.runchman@edu.tbz.ch"|"tXFUAE-wF$MeJ-t7a%bi"
"serena.lafond@edu.tbz.ch"|"qdeaao-SQSaQQ-3XdPpp"
"pelagie.desmond@edu.tbz.ch"|"7UnWvj-u4lKQY-zwrW8$"
"wa.spickett@edu.tbz.ch"|"U2ElOs-UMk8lS-@fZdXm"
"po.shave@edu.tbz.ch"|"wLHt0F-P@Zzx6-kfB7Sd"
"song.huikerby@edu.tbz.ch"|"gTcyNj-4mR12t-uIig5&"
"melinda.bimson@edu.tbz.ch"|"KM@Dez-DTaMYl-cbu%7W"
"personnalisee.toffanelli@edu.tbz.ch"|"3sPxQN-%kAsyJ-Rk7Zon"
"leandre.hurn@edu.tbz.ch"|"8paZc@-0rb6KC-Pi1Hlt"
"oesten.standell@edu.tbz.ch"|"ttm8iF-dJjP0o-5HHs@$"
"naelle.smaleman@edu.tbz.ch"|"ElfxI$-lhq&41-T3DODq"
"berenice.tayt@edu.tbz.ch"|"VlS3sE-eboGdL-JGh0z$"
"kui.popplewell@edu.tbz.ch"|"Ak5e2e-wle2KD-7DghNK"
"melodie.ferandez@edu.tbz.ch"|"LbXf3O-U@n6ZP-1H732J"
"josee.negal@edu.tbz.ch"|"Q@l6Cx-MVWa#$-pv3O2I"
"melissandre.ferrelli@edu.tbz.ch"|"n0hg%0-LR&LIz-BZ60PR"
"josephine.kemmer@edu.tbz.ch"|"Ol@DX7-&J2Q9P-ZW5pnN"
"maely.cayette@edu.tbz.ch"|"mWQl&j-Ubp63C-ECRZxe"
"nelie.vela@edu.tbz.ch"|"@GFOnU-N%XNBr-4bjvgQ"
"melina.cortes@edu.tbz.ch"|"pXGGrE-0q$7b#-K58aP&"
"megane.leyshon@edu.tbz.ch"|"d1UMlC-63#9Iu-kH0n9M"
"regine.harrie@edu.tbz.ch"|"6@i&J9-Gqu27A-sSteGx"
"mylene.widdison@edu.tbz.ch"|"RhilXF-LJEl2E-Y9e2vp"
"pelagie.vivash@edu.tbz.ch"|"fGvZwO-iLTz2a-CRjJEj"
"styrbjoern.vicarey@edu.tbz.ch"|"9RpoeO-QZqg5Q-1A66Lb"
"long.kyles@edu.tbz.ch"|"AsSwur-qB6gVA-4icO&V"
"stephanie.gipps@edu.tbz.ch"|"K4famc-ssaj1e-njYPPq"
"clea.constantine@edu.tbz.ch"|"$0a7T@-KA$RrE-2EZEYA"
"maella.cometto@edu.tbz.ch"|"0gExWY-LmItyw-LAmN6I"
"laila.aubrun@edu.tbz.ch"|"$$5rW5-yW#&Gu-zqDiKZ"
"yao.austins@edu.tbz.ch"|"lc&gQI-XNC@rT-8#o#2s"
"mailys.rylstone@edu.tbz.ch"|"I6gU7$-%BmQhw-mDN%aG"
"adelie.curuclis@edu.tbz.ch"|"h3ePlx-LfdPLR-E6fPP$"
"celine.longhurst@edu.tbz.ch"|"XuNAgj-#UhK05-syntFB"
"gisele.hazell@edu.tbz.ch"|"@yXAbk-PHrCUL-$hWSIy"
"celestine.ciccone@edu.tbz.ch"|"JbUsCe-ycp9zp-Narheh"
"maelyss.doole@edu.tbz.ch"|"8g7JqE-hW7uNp-jaRFjh"
"helene.grimsdike@edu.tbz.ch"|"fTpKsn-KzcanM-9%HIyd"
"lie.macer@edu.tbz.ch"|"a#CHH1-iQIvt2-COdGWy"
"maely.izard@edu.tbz.ch"|"7tI1NB-PYAqJc-S9C0iH"
"erwei.breewood@edu.tbz.ch"|"Zie33p-RbWBSA-ZaCKHz"
"chloe.woolford@edu.tbz.ch"|"zQWh$A-rYnrnN-22MSl8"
"cleopatre.turpin@edu.tbz.ch"|"AnzHV8-b@bWk#-qiq9DE"
"melodie.surgison@edu.tbz.ch"|"UFAUNG-445qJK-M3Nhg$"
"elies.leander@edu.tbz.ch"|"Lyqaus-hqUzN$-aIYlxH"
"mediamass.reignould@edu.tbz.ch"|"KK#3FG-jca55r-JRneeV"
"celestine.wasmuth@edu.tbz.ch"|"4E28D1-ezR2NT-Zamj9C"
"marten.jervis@edu.tbz.ch"|"EdZk8o-Qfd@IS-qIh8GV"
"daphnee.bour@edu.tbz.ch"|"#oVVDo-jatgmQ-XaM&tt"
"regine.harlett@edu.tbz.ch"|"A8@5AE-eWyjn2-#81QK&"
"noemie.macaskie@edu.tbz.ch"|"5GTsQA-BGO2FP-H$2ZX0"
"loic.renfield@edu.tbz.ch"|"UiV68D-T22#5i-Xu6nEk"
"venus.kleinert@edu.tbz.ch"|"jYFS1s-1ZnTwM-LUOEDL"
"marten.burlay@edu.tbz.ch"|"C$oSrB-G2H$ca-SQ3LO@"
"berengere.radsdale@edu.tbz.ch"|"gjdr&n-vu$pbF-JzmTg3"
"genevieve.duckit@edu.tbz.ch"|"16tjHx-c48iAs-@bHcDi"
"maely.ligerton@edu.tbz.ch"|"fmKSOi-LLmzvv-XX0UJO"
"maeline.ricciardelli@edu.tbz.ch"|"QP6%Sn-cV5@mp-rqLs$G"
"personnalisee.yggo@edu.tbz.ch"|"T0pzQE-DGyK1O-5ASeK9"
"alizee.pettinger@edu.tbz.ch"|"&20dpV-$LQgPj-lhFJ$7"
"desiree.curnnokk@edu.tbz.ch"|"qmgawZ-yA1%fP-hzTWUt"
"dorothee.minors@edu.tbz.ch"|"#l7#Pc-vvp8I8-P8MMG9"
"oceanne.kopmann@edu.tbz.ch"|"INL#sO-etUcDt-SwcHhm"
"almerinda.brodbin@edu.tbz.ch"|"iOaa99-C2Ffpy-#I5GGF"
"yenora.carsberg@edu.tbz.ch"|"J5CQPK-3CJCvI-vwzjCa"
"wa.beetles@edu.tbz.ch"|"X1pA#J-N17ymD-CjOTNL"
"audreanne.abbot@edu.tbz.ch"|"0QnryT-MwqdOS-fYc58L"
"noemie.capper@edu.tbz.ch"|"rmhsn%-AER1Vc-&24P9Z"
"mans.abramamov@edu.tbz.ch"|"IeR8k%-uGFjHq-QW@nvb"
"audreanne.blakey@edu.tbz.ch"|"EO3tjn-8lgsj4-R5P7yY"
"leone.klimpke@edu.tbz.ch"|"Up%E@Z-Wn1xdZ-JNkB4E"
"lie.croston@edu.tbz.ch"|"xmub7l-nuzMW$-ZQEDBE"
"anaelle.baistow@edu.tbz.ch"|"whY72N-gk5MXa-ISlxp4"
"michele.garwood@edu.tbz.ch"|"bslj9y-lm2NR$-93HqTD"
"interessant.albion@edu.tbz.ch"|"fEYIQP-$JCnYc-gP2dwD"
"andre.brisco@edu.tbz.ch"|"TMLoQ%-BKu5Ag-PjW3U1"
"tang.totterdill@edu.tbz.ch"|"Nt%7mx-i58Cgn-b15sjp"
"marie-josee.braundt@edu.tbz.ch"|"2pmQai-2sWf$f-WTYwRr"
"lois.galer@edu.tbz.ch"|"Vdg#sB-ouz5iU-LCA2Ct"
"faites.pellamonuten@edu.tbz.ch"|"aLpQuf-D0DEJh-tbHolY"
"mai.barfford@edu.tbz.ch"|"5Fd1fz-LKra5b-e@sQN1"
"laurene.macilory@edu.tbz.ch"|"fanny0-IgiSZe-ggC@GE"
"elea.peak@edu.tbz.ch"|"$hgaLj-n#lfSF-Aenghp"
"rejane.doni@edu.tbz.ch"|"xzlRGT-vXCcaH-nmroAY"
"mahelie.ector@edu.tbz.ch"|"sCNwO3-hyjsY6-uJ#sxR"
"rachele.allum@edu.tbz.ch"|"GGPs@7-e$0Mch-OtzYWq"
"laila.gerretsen@edu.tbz.ch"|"tn64e8-CNJiGz-WXbTNs"
"ines.bowman@edu.tbz.ch"|"%eXaSW-yhFxpC-ChIh3J"
"publicite.barbary@edu.tbz.ch"|"L19a3i-eyupSp-LuQDkl"
"mailys.smooth@edu.tbz.ch"|"VvRC2j-bto$PH-Oar5xj"
"mailis.huguenet@edu.tbz.ch"|"j07KnY-Vyd6$U-&Z%R$k"
"lea.ewer@edu.tbz.ch"|"K5yMDx-$PCruR-EZy%Me"
