"email"|"password"
"melodie.vandervlies@edu.tbz.ch"|"$73g$m-qPTb5T-3Xh&o5"
"angele.edgecumbe@edu.tbz.ch"|"S7SWHA-RMalQ5-fSNZ10"
"zhi.andreasson@edu.tbz.ch"|"dsQYiJ-YArWaQ-Irzydu"
"judicael.koppeck@edu.tbz.ch"|"ZS@ZXB-xeNb%W-l4yPXR"
"berengere.capron@edu.tbz.ch"|"pGl&80-@9oKN%-CXqIQ9"
"leonie.brosini@edu.tbz.ch"|"UIiiyW-IvtIf9-41lNda"
"venus.garfit@edu.tbz.ch"|"8qeVwI-g29tz3-PbrRM%"
"melina.janota@edu.tbz.ch"|"XlN3R8-i1WYwL-w@5bao"
"laurene.bake@edu.tbz.ch"|"z8FKdv-lVer7r-#rvtVB"
"regine.dorkins@edu.tbz.ch"|"rvK4da-cVwE4i-TWutC#"
"cecile.moffet@edu.tbz.ch"|"M1Wdr7-&fOkcS-F@w&$M"
"maelann.labrone@edu.tbz.ch"|"pW6TfA-6RFoJl-ZP#lD9"
"melinda.newbold@edu.tbz.ch"|"VWbiv$-Cry5vd-NKdCjU"
"mans.itzhak@edu.tbz.ch"|"aPe7NA-g$NaPQ-OP1$AU"
"melodie.pattlel@edu.tbz.ch"|"Dy0zWA-O1$0bd-R%PLM4"
"celine.bonett@edu.tbz.ch"|"Ts6Oy&-q83Un4-f6F%@r"
"adelie.mcgreal@edu.tbz.ch"|"%rcYKG-sOmIgV-I53rY3"
"helene.soldan@edu.tbz.ch"|"$p5AlG-tg&7Zy-Udwl$N"
"michele.cluer@edu.tbz.ch"|"KnjjSb-05WfxS-clo0He"
"maeline.mueller@edu.tbz.ch"|"IO6L3e-omqW9C-w0KfcE"
"maelann.benedito@edu.tbz.ch"|"ZUqq0B-O2XR%L-$Rf376"
"nuo.gransden@edu.tbz.ch"|"ws2Rbj-vs%u$j-ofJOE%"
"berengere.stainton@edu.tbz.ch"|"QogPsR-M&G0r0-AYxbO6"
"wa.sabater@edu.tbz.ch"|"ERNQ12-cu@orU-B8H#4#"
"anais.cochran@edu.tbz.ch"|"9Pm@5A-$yLIRI-ltLxxt"
"gerald.bessant@edu.tbz.ch"|"dStdVq-$fbfSd-LJYjcy"
"ruo.coffin@edu.tbz.ch"|"5JTd3h-wH#zUm-y9Kky3"
"melodie.mustill@edu.tbz.ch"|"$FySVz-C5i90O-e#imr1"
"ruo.stanesby@edu.tbz.ch"|"YNF&jC-J3A%WG-G5g5qj"
"noemie.antognelli@edu.tbz.ch"|"rqV6Cc-72abZb-5J12E%"
"maelann.hughson@edu.tbz.ch"|"AXIRO0-Wur$fD-20buOS"
"milena.mieville@edu.tbz.ch"|"xaioP6-ofrjh#-7rI1kM"
"mailys.chamberlin@edu.tbz.ch"|"SrOVWJ-#$li&Z-rKxojE"
"nadege.tomalin@edu.tbz.ch"|"TBwFFl-Y485KB-h3J6zu"
"oceane.omara@edu.tbz.ch"|"nDMXBo-SewlnJ-Jf7JfQ"
"cecile.aguirrezabala@edu.tbz.ch"|"MZVOWc-2VIc3x-1qnuKg"
"maella.gwillim@edu.tbz.ch"|"UGy5Cj-DeVmrC-C%9#eG"
"lea.mcgahey@edu.tbz.ch"|"amAQh4-vOyFLV-6Yw@nc"
"laurene.hagerty@edu.tbz.ch"|"yUoXnG-C1OBXm-@eDso2"
"dorothee.link@edu.tbz.ch"|"bJp&9V-$9rQZh-JhZPdN"
"clementine.kynsey@edu.tbz.ch"|"iD6&Fk-Z&433U-oorX9Q"
"lorene.smitherman@edu.tbz.ch"|"M2N@Kb-8RYw6D-%HbXZ3"
"cleopatre.klulicek@edu.tbz.ch"|"cbooj7-wxcU7o-WGuYdS"
"laurene.castaneda@edu.tbz.ch"|"q&gDWC-h4#ELF-PiGHxk"
"melia.constant@edu.tbz.ch"|"bWSHll-EBw0uR-SQH6Q@"
"lucrece.clunie@edu.tbz.ch"|"ow8kRJ-JBaki@-0oetsj"
"eleonore.mcmurthy@edu.tbz.ch"|"tZFSYP-#RKeYD-U6ontE"
"melia.bevar@edu.tbz.ch"|"SHeY5f-3OYm$f-iGJOdX"
"camelia.bontine@edu.tbz.ch"|"FqJsQ4-G4JA$&-qJXvUg"
"methode.jozefczak@edu.tbz.ch"|"2Ve9Qa-SpBuaC-7Yl0am"
"audreanne.hinsche@edu.tbz.ch"|"T1p5iW-V6RPRc-FHxJXV"
"andree.varne@edu.tbz.ch"|"NRlL%8-SlGdI1-Hxw5K#"
"marten.kinleyside@edu.tbz.ch"|"xT%99j-wfbdkP-f0lJ&h"
"esteve.mcewan@edu.tbz.ch"|"Fz7sTM-q2673p-tK%7Wf"
"leane.dibbert@edu.tbz.ch"|"PelgBr-MAWAf$-s4gkok"
"ma.thewlis@edu.tbz.ch"|"$X@WaQ-c1SW6d-%qatBR"
"clea.djurkovic@edu.tbz.ch"|"RHjCgR-d8jrsX-IWQUf8"
"rachele.reburn@edu.tbz.ch"|"qjFh0E-pXXLjJ-yGAyZ1"
"gerald.gowling@edu.tbz.ch"|"VWxLLm-eYFqdb-TiI1x%"
"cleopatre.jackson@edu.tbz.ch"|"tIz0@&-X1Jn6d-mSk6eE"
"desiree.haskins@edu.tbz.ch"|"kR7ei&-iGW8rH-O7q@tS"
"eleonore.longson@edu.tbz.ch"|"soh@oJ-tHmgB$-ZeF5ff"
"leane.dybell@edu.tbz.ch"|"Psi5c3-W0WtGP-lmKKFZ"
"becassine.grzesiak@edu.tbz.ch"|"U3gd32-pbd$BS-tipL6g"
"marie-josee.pickin@edu.tbz.ch"|"LGZEtP-Pz$9mA-HxEu2D"
"marie-josee.roxby@edu.tbz.ch"|"Vp&QAB-MV98$$-pbo4Al"
"leonie.feenan@edu.tbz.ch"|"ZepnEI-Ydek1I-85dndJ"
"valerie.ellum@edu.tbz.ch"|"FoxPZK-#8czlX-4@aSCJ"
"ju.caseri@edu.tbz.ch"|"wwX9dI-kkQzP9-VyYlxb"
"boerje.strangman@edu.tbz.ch"|"RvWYau-9ttcIE-vestm2"
"beatrice.ghidelli@edu.tbz.ch"|"hcjE%o-l4UWnI-kVekIf"
"da.jablonski@edu.tbz.ch"|"Jd$CuH-NX&qgo-sV@x#5"
"uo.beveridge@edu.tbz.ch"|"sti@xo-QstHO%-ypk$al"
"valerie.bestman@edu.tbz.ch"|"Yiryyq-Td@XOI-28nfyz"
"marlene.pohls@edu.tbz.ch"|"EAH6Jl-XGl@#Y-P8GhvK"
"ma.nolda@edu.tbz.ch"|"cylshO-gIwyj9-CyMuzX"
"marlene.bisiker@edu.tbz.ch"|"%q7AgX-2WnL#s-ZqkMjd"
"estee.babon@edu.tbz.ch"|"EpyMTA-UkQmAZ-@9SH7C"
"simplifies.dmisek@edu.tbz.ch"|"Af5d6H-wkz4XK-yKiju@"
"selene.ganing@edu.tbz.ch"|"iHivwE-NZp&sU-wDdcDC"
"meryl.penke@edu.tbz.ch"|"1ZlvPX-RbM5FW-ndjkih"
"anais.rawcliff@edu.tbz.ch"|"Nk#U40-Pl0C@B-I&X5o#"
"melina.andri@edu.tbz.ch"|"iQ4e#n-gZ0CoV-3FG&0R"
"audreanne.fodden@edu.tbz.ch"|"XLO3Xz-eKOIQB-GilvV5"
"bjoern.spellesy@edu.tbz.ch"|"MpNZz&-psP%Fk-SB838H"
"francoise.summerscales@edu.tbz.ch"|"SAxVg1-Hm#k3e-JGRxwl"
"laurene.ashtonhurst@edu.tbz.ch"|"qeZgre-uBa7ff-pc%@wE"
"valerie.petters@edu.tbz.ch"|"bzRpFv-@XRTf7-WHpxLv"
"anael.spenclay@edu.tbz.ch"|"%U6uol-nG0M0R-laEMOU"
"stephanie.keech@edu.tbz.ch"|"aF6xVk-APzxo8-ddn&%j"
"ines.deveril@edu.tbz.ch"|"Ubn%AL-ly5PDX-zZevIj"
"berenice.gelder@edu.tbz.ch"|"&QQhdC-i38HAL-yLL4zv"
"melanie.ofogerty@edu.tbz.ch"|"L1&9eY-OXIzTo-dO3rri"
"frederique.canepe@edu.tbz.ch"|"#MG5@o-Go@3%4-C4FGo0"
"nuo.otton@edu.tbz.ch"|"Jb9RfM-WSieFP-ARTN#A"
"genevieve.trusler@edu.tbz.ch"|"UF7#6f-@OPq0z-A$DNaz"
"ju.boag@edu.tbz.ch"|"ganmoA-LqNt$$-eQd#ZM"
"josephine.dilucia@edu.tbz.ch"|"K&dMK@-uSA&3b-1izhXb"
"laurene.armsden@edu.tbz.ch"|"RGYd35-x@j2KT-$XzjPm"
"becassine.griffe@edu.tbz.ch"|"TJ0$K2-%q3h#d-4OWY%i"
"alois.parres@edu.tbz.ch"|"nFBEfq-QCHQK0-XeLaIZ"
"cleopatre.gaffey@edu.tbz.ch"|"soWEgE-xLkaa&-sKs$xq"
"andre.stiger@edu.tbz.ch"|"s%AlJA-Fl#39A-zZgV6w"
"beatrice.godleman@edu.tbz.ch"|"SP6s$5-9jra9X-1ZIuo2"
"hakan.harrhy@edu.tbz.ch"|"UZTRkk-ORZkd1-5Q6od4"
"celestine.dagnan@edu.tbz.ch"|"H5j$6U-b59S#F-hYGvGT"
"clemence.haggart@edu.tbz.ch"|"M9UJt%-0EPIuD-K2HVAI"
"long.caban@edu.tbz.ch"|"rqHdpn-#tzge6-brmCRv"
"gaetane.grimble@edu.tbz.ch"|"SmpIEO-l1Sfuh-Pul#iA"
"maelann.piwall@edu.tbz.ch"|"0dKICV-h8l$Dy-6Lt3gL"
"magdalene.loble@edu.tbz.ch"|"WW5QmR-OrOTQp-KmN4QW"
"veronique.domaschke@edu.tbz.ch"|"jYGYZB-&R2GEg-iQnVT5"
"clea.herity@edu.tbz.ch"|"od@kHz-83H59$-MVpSLA"
"maelann.bambrough@edu.tbz.ch"|"0e&VRy-52idg8-lbfGf1"
"clea.goulstone@edu.tbz.ch"|"eZjzJm-U9CBCt-ItATy4"
"renee.deleek@edu.tbz.ch"|"TbBR6J-rrYHLi-Ol@h@0"
"boerje.rudderham@edu.tbz.ch"|"zCLz6L-O0$x2K-&Y&@$6"
"marylene.broune@edu.tbz.ch"|"p&1tt#-nQiuav-btNA1G"
"nadege.mccuish@edu.tbz.ch"|"s39&oU-mIEMM3-&FSxOF"
"anael.littleover@edu.tbz.ch"|"&xu@MB-Y&U$Lg-9tC1el"
"lie.baume@edu.tbz.ch"|"OwSdSn-tY3cxz-rz&F7x"
"maella.murrow@edu.tbz.ch"|"&v6NhU-PPejSw-2BHvXC"
"cleopatre.pettifor@edu.tbz.ch"|"1CK3d4-N3Mfyq-03quJ5"
"geraldine.asker@edu.tbz.ch"|"ug3gRS-exG3u9-jVOaO8"
"gaetane.smedmore@edu.tbz.ch"|"6Bc0@A-bRPKC2-&NpDbZ"
"meryl.blencoe@edu.tbz.ch"|"WXPOKV-KitYDO-$2k0EN"
"aurelie.chastaing@edu.tbz.ch"|"tElLov-XEodJX-UH&isx"
"oceanne.marthen@edu.tbz.ch"|"NL2hmc-a%K8HB-w59DzF"
"dorothee.burrill@edu.tbz.ch"|"t%ZqkE-3ft1KE-EoPq@X"
"hakan.belden@edu.tbz.ch"|"OiAP8I-60sy3v-LvazQk"
"celine.brunning@edu.tbz.ch"|"WXuj6B-xWG7PU-p2ny6c"
"anael.lapides@edu.tbz.ch"|"7keRVF-CZAlAo-bLi%3u"
"ruo.saffran@edu.tbz.ch"|"eJEQ$$-YiMA15-2S#3%3"
"loic.gerretsen@edu.tbz.ch"|"ArDsOq-WZOeDl-Nv2Gwh"
"rui.fitzer@edu.tbz.ch"|"YkMhrJ-3qfl3Y-bx1ETz"
"annotee.ogers@edu.tbz.ch"|"O5UHp3-nyh&cg-c3ZrzY"
"boerje.bindin@edu.tbz.ch"|"7apAFE-StN0Gz-wjObqc"
"ma.cronchey@edu.tbz.ch"|"&qlg4R-zX&YXo-8Gdqka"
"laurelie.baiyle@edu.tbz.ch"|"UPph0c-ubQ%GS-rB%MNx"
"dorothee.older@edu.tbz.ch"|"mGnZa6-MLI0%S-jFqNKm"
"laurena.wile@edu.tbz.ch"|"vBbkcJ-ovxmit-j$6AHa"
"clemence.brito@edu.tbz.ch"|"TwUaNC-iS0572-aTxeOn"
"nadege.dallin@edu.tbz.ch"|"3H@9Y$-Mnq1NO-%ABTvQ"
"mailis.matley@edu.tbz.ch"|"SSocHh-Jf%CM3-O4YHhY"
"daniele.screaton@edu.tbz.ch"|"Cb21ok-VwCd7R-pfvEff"
"mediamass.godly@edu.tbz.ch"|"SNMAo%-$FNN2X-QDlQ5e"
"leone.kremer@edu.tbz.ch"|"gSvJaE-zG%ty2-k4vCrH"
"asa.adrian@edu.tbz.ch"|"AeQLdg-L#MZB2-PeMA2b"
"adele.doley@edu.tbz.ch"|"F2RVt7-9ZAlHm-Y1mwHl"
"fei.sidney@edu.tbz.ch"|"QZV@8U-ho#57v-7SDJgU"
"marie-josee.walisiak@edu.tbz.ch"|"heUVKw-gX3c@2-coWCdG"
"desiree.diplock@edu.tbz.ch"|"YITC9w-CQmU4P-SKE6F%"
"gisele.schust@edu.tbz.ch"|"63vwhA-bA3S&X-ZhwEIG"
"ma.longshaw@edu.tbz.ch"|"pUhBvR-2ik%3#-IpXD9j"
"da.boother@edu.tbz.ch"|"$i&sgz-cmMxLx-cyzqWN"
"simplifies.chaudhry@edu.tbz.ch"|"RzFTTM-%SD$a7-XOx0%0"
"garcon.baniard@edu.tbz.ch"|"DZe2aq-78Y95G-GzfI8G"
"gaetane.elphee@edu.tbz.ch"|"6&cGsV-kgbEoa-%@CL6T"
"gisele.hassey@edu.tbz.ch"|"9J0K42-U4pkVG-FxgNtu"
"oceanne.booley@edu.tbz.ch"|"mfCMZG-qWL3Yt-P#THhT"
"oerjan.dibden@edu.tbz.ch"|"EpSjDp-0HQk%T-5EZRTw"
"regine.ocleary@edu.tbz.ch"|"NaFN9X-nrf62O-rXtYP@"
"selene.persse@edu.tbz.ch"|"2LestO-Y&6z3P-9zHh&A"
"helena.adenot@edu.tbz.ch"|"Pn5DKv-#qxVgu-tcyz7O"
"maelann.wassung@edu.tbz.ch"|"cwoH1k-QaHuxC-Zeo#rz"
"frederique.ackermann@edu.tbz.ch"|"w3hDr7-mzIJ7X-hBD1NT"
"audreanne.kahen@edu.tbz.ch"|"cw8xiP-WhOw7&-aJIlXL"
"maiwenn.lasty@edu.tbz.ch"|"lLoqhV-5Bcrng-fyo7@A"
"yu.dictus@edu.tbz.ch"|"KYs84R-m8%i6y-t9oMaX"
"anae.dukes@edu.tbz.ch"|"rXECO2-FHjVnR-b9ONDg"
"yenora.warr@edu.tbz.ch"|"0Bjo3k-x7sp9e-hGX3xZ"
"esbjoern.archibold@edu.tbz.ch"|"CKbG39-Rq5eHS-TnzfMT"
"milena.pardal@edu.tbz.ch"|"zD3j1l-T&9M@&-JyodmV"
"celestine.graveston@edu.tbz.ch"|"qQoF%k-DtMfJ&-b2oo$o"
"maena.dallas@edu.tbz.ch"|"WzjHhX-#4i4%0-DxCjp5"
"andree.tuke@edu.tbz.ch"|"CwcmXL-3E4DSj-1p9f$b"
"methode.seldner@edu.tbz.ch"|"x4KJHW-u#ZZ9Z-IOVIdw"
"venus.bullas@edu.tbz.ch"|"HU5Njp-OXNhCM-PPt9S%"
"mans.aguirrezabal@edu.tbz.ch"|"RhX6US-GyTeVI-lI@J%7"
"gaelle.eadington@edu.tbz.ch"|"YtOOFZ-eiWF9L-#V8$lH"
"anaelle.falkner@edu.tbz.ch"|"a2xA3P-MO5HDt-awqGGU"
"ophelie.height@edu.tbz.ch"|"c%frZR-paNcxQ-#lPQme"
"marten.bolding@edu.tbz.ch"|"ovdfU9-HwO8aQ-SL6gNK"
"pelagie.guswell@edu.tbz.ch"|"HOy650-svTeZ&-U2sAg7"
"gwenaelle.lecount@edu.tbz.ch"|"KV3c&l-IJM5RV-hITLa&"
"hakan.laden@edu.tbz.ch"|"SULlFS-7lK2KT-5%3sL$"
"marie-josee.hylands@edu.tbz.ch"|"Hn6FOQ-MTbo%h-jh7vZp"
"zoe.kingshott@edu.tbz.ch"|"zw475#-FmATr5-nx3qG7"
"josee.janous@edu.tbz.ch"|"kzVShP-3AP9m2-ImTaLF"
"laurene.gallally@edu.tbz.ch"|"Qj3NCP-8jds#N-@OYJnZ"
"anael.bickle@edu.tbz.ch"|"67HfUt-Q$PXqc-orvI00"
"mediamass.lebbern@edu.tbz.ch"|"moZAs2-4@sna#-m9d8Ua"
"berengere.hovy@edu.tbz.ch"|"0lFmrL-jHzSV6-1BryLx"
"oerjan.kilmurray@edu.tbz.ch"|"M#BmPF-I7uRJR-$P3pKu"
"asloeg.venny@edu.tbz.ch"|"2DaXql-GOeyE$-Nwd$J9"
"marie-noel.stoad@edu.tbz.ch"|"YBfQnT-oIB@C&-jPOeL6"
"hakan.pettifor@edu.tbz.ch"|"lWYMhK-4f1yxU-l%ebf@"
"maella.willgrass@edu.tbz.ch"|"Tw5@kH-7Q8gvx-ED7yGM"
"therese.ludovici@edu.tbz.ch"|"GisVQu-SY57o9-kpRukP"
"stephanie.trewhitt@edu.tbz.ch"|"x7dRUd-zplUgB-EKE93o"
"maerta.bauduccio@edu.tbz.ch"|"9JLc5K-7lge#U-o7$HfO"
"gaetane.glaisner@edu.tbz.ch"|"d4UhYP-GHt9Go-wrNLSv"
"naeva.pargeter@edu.tbz.ch"|"TPuEOT-nvfELU-B4$RLc"
"salome.venable@edu.tbz.ch"|"YKPKq@-F0uwC3-&mmKm6"
"boerje.thickett@edu.tbz.ch"|"@JGbwY-nt@$6N-%#JFdH"
"lucrece.prendergrass@edu.tbz.ch"|"nm%XlS-v1bcnu-tdzcaj"
"laurene.ockleshaw@edu.tbz.ch"|"iZyVL@-tK$PQe-2B#Xrv"
"cecilia.pasticznyk@edu.tbz.ch"|"BM2p0C-7%9tqF-12Udzy"
"stevina.mackey@edu.tbz.ch"|"M3#q%l-ZrXypb-kbG2Lf"
"marie-noel.reven@edu.tbz.ch"|"jg5hSf-K#mayd-$9N&2i"
"melina.quilkin@edu.tbz.ch"|"5o9y59-pOTxmr-2T1U21"
"marie-noel.ferrie@edu.tbz.ch"|"lMLnuN-G7pPqC-clvA6U"
"leone.alphege@edu.tbz.ch"|"7Yigza-2eY5t0-GOyA&x"
"zoe.leverson@edu.tbz.ch"|"ZYkP#2-ImEO2W-gdrtzw"
"annotes.grayne@edu.tbz.ch"|"Pti$RQ-aeKhKg-GiCsPC"
"faites.lalley@edu.tbz.ch"|"9KTJRa-hz499P-89iyiR"
"adele.wallis@edu.tbz.ch"|"nJdgQa-H1NgR9-d6upkx"
"severine.madill@edu.tbz.ch"|"veqQ1o-rV2&L6-K0ScLe"
"valerie.tebb@edu.tbz.ch"|"I6s4gP-KuYUCS-#0ia7h"
"kalliste.rasper@edu.tbz.ch"|"vs1k%2-xM%VAk-S5Gj7A"
"audreanne.palomba@edu.tbz.ch"|"vu30xc-@Ki1ZN-M49Ie1"
"elea.adamik@edu.tbz.ch"|"f$xB8a-SqJ3YF-CRoAps"
"reserves.jakuszewski@edu.tbz.ch"|"$pjMX4-fMVDq4-ZFiF9E"
"athena.belhomme@edu.tbz.ch"|"1edBvq-hMfq8X-FQ7a5I"
"rebecca.crippin@edu.tbz.ch"|"CFMusQ-Y79jwa-t&6ckV"
"maiwenn.curman@edu.tbz.ch"|"Hn5BDY-isC1mg-X6pijx"
"andree.bunner@edu.tbz.ch"|"7CUTJ6-mkr0wk-lC1ztX"
"ruo.winckles@edu.tbz.ch"|"LIX14F-D2GsAO-iMt2yv"
"naeva.buntine@edu.tbz.ch"|"ec#Rpk-nc1nzB-JPfwxX"
"boerje.dollard@edu.tbz.ch"|"Lb5Uux-zwRX8K-FCh4Jf"
"penelope.gorman@edu.tbz.ch"|"gUW6%%-eOOGS1-&&GG#K"
"alois.robelin@edu.tbz.ch"|"Fq5md5-K#x$Hw-BVFrxR"
"anaelle.tindle@edu.tbz.ch"|"wmJpQu-2oRW5g-YPVQ2U"
"ye.frears@edu.tbz.ch"|"EwPsUq-AwMzlT-v@zUcK"
"andree.ovid@edu.tbz.ch"|"wqV&fd-xqwFt#-wA2H5r"
"hakan.peat@edu.tbz.ch"|"26GaCq-&lTg%0-iev9nP"
"andre.januszewski@edu.tbz.ch"|"FmxSic-6yOCvL-W80V9y"
"annotes.clemmett@edu.tbz.ch"|"C&p0JG-pc#vOf-DKbeq9"
"pal.lambswood@edu.tbz.ch"|"0D3XEE-1ym$TD-MfIF2T"
"yao.lenton@edu.tbz.ch"|"ufaK8N-rQPqvf-$1IjR6"
"hakan.boyton@edu.tbz.ch"|"v&WmmK-gQPood-xNhL$e"
"nelie.forsey@edu.tbz.ch"|"vBe7bI-L9$HXm-7$KNLR"
"hakan.horche@edu.tbz.ch"|"NH4AXY-MWB%qU-41A&9U"
"lorene.sinkings@edu.tbz.ch"|"e$lMC9-WJ14P9-@ojUxB"
"marie-therese.creddon@edu.tbz.ch"|"%c7NI6-w1l6CV-#s6W23"
"berenice.tolworthy@edu.tbz.ch"|"kr$cqg-Y#%Ijk-jvLwl5"
"theresa.land@edu.tbz.ch"|"c2erVw-#@Eayp-$fvc@Z"
"marie-therese.gianilli@edu.tbz.ch"|"JL2Tro-wgGv6$-8NWEz#"
"meryl.glew@edu.tbz.ch"|"qlvzPc-g54I5W-p7Np&V"
"adele.debling@edu.tbz.ch"|"@LhrkR-SdiEBg-B3Aed8"
"anae.metzke@edu.tbz.ch"|"IlLPbZ-ErMN#Z-S#9Gc7"
"gaetane.gooden@edu.tbz.ch"|"xumFEU-jdtbEv-41yn#j"
"laila.bootland@edu.tbz.ch"|"k&OPG%-yLSLLc-XZlTL3"
"maite.helsdon@edu.tbz.ch"|"40acVD-$UtN4Z-I8%6N9"
"andree.malley@edu.tbz.ch"|"O2Z2AV-vMFL6Y-hc9L3R"
"pal.simmens@edu.tbz.ch"|"SA1M6x-ksr3xn-fBkHNp"
"maelys.nuccitelli@edu.tbz.ch"|"Ja@&l@-GyXM$E-XCVsyH"
"dafnee.sibary@edu.tbz.ch"|"XsxkTx-Jmq&Z&-9#vl$$"
"alois.harsnep@edu.tbz.ch"|"BMUdZ3-MKkxlC-v5OZrx"
"marie-helene.lacky@edu.tbz.ch"|"2USuoN-FS$A2Q-MEi#ZJ"
"mylene.youthed@edu.tbz.ch"|"U@dkX1-UdAJH@-WCqi2q"
"marie-helene.dehmel@edu.tbz.ch"|"IJki4z-pR0oXz-AhHQOg"
"angele.batman@edu.tbz.ch"|"usIhhY-C$uwi0-4ElOio"
"melia.younghusband@edu.tbz.ch"|"1QaH8L-SG8ASt-aw5C$5"
"eloise.baldi@edu.tbz.ch"|"J$fV9m-GNRkK9-XbiYkZ"
"illustree.dun@edu.tbz.ch"|"8ybaRt-eqe4YZ-RDSKf@"
"genevieve.late@edu.tbz.ch"|"syWmpB-G4yHNe-W7meKk"
"celestine.colville@edu.tbz.ch"|"Sv8sTj-n1vDv9-u5OsC5"
"gwenaelle.scarlon@edu.tbz.ch"|"6ZjKl0-hvmavb-I6b7Gk"
"regine.boddie@edu.tbz.ch"|"73oV9v-sKFyke-@%Ix6N"
"creez.gaughan@edu.tbz.ch"|"3I2HO4-Sx30tv-JXMyVN"
"gaia.longford@edu.tbz.ch"|"H#G$l0-dEbi9H-D45y6N"
"mailis.buckby@edu.tbz.ch"|"7T3Lay-YTUASX-No@Ghq"
"song.parbrook@edu.tbz.ch"|"VW4mRJ-S@Wv$#-1lHdRg"
"frederique.heddan@edu.tbz.ch"|"hW%Ql2-qjnnqa-%e%ZEK"
"ake.kirtlan@edu.tbz.ch"|"dUgEh8-E@c5##-IqW6Uk"
"nelie.runciman@edu.tbz.ch"|"3EJtCn-c&Nq&7-pYsFST"
"mailis.cardnell@edu.tbz.ch"|"sCHl$e-JT9t@b-QnoztI"
"irene.navarro@edu.tbz.ch"|"6f4tys-a0%tBi-B3u8xe"
"maite.cough@edu.tbz.ch"|"qzkBtb-w73R#3-Y8n0ze"
"anaelle.stocky@edu.tbz.ch"|"0fzcX2-91H40V-LCthXi"
"methode.moulder@edu.tbz.ch"|"sefWuf-8t7WaO-WoXPkB"
"po.stafford@edu.tbz.ch"|"N5tTHa-s$8tDI-t2EU%4"
"faites.scraggs@edu.tbz.ch"|"Bn4GeB-aKr#uZ-WPHhgj"
"adelaide.dullard@edu.tbz.ch"|"LG7pJt-dfjIOw-ki%y%W"
"desiree.leonard@edu.tbz.ch"|"o0h&jN-NyJC5q-rkow2O"
"geraldine.badgers@edu.tbz.ch"|"q9JrnY-uR4jal-i8cE3q"
"ruo.masic@edu.tbz.ch"|"luViu8-3UFMau-dL0U4h"
"aurelie.lieber@edu.tbz.ch"|"Ng9ijI-7DNsLD-YsTfvm"
"naelle.balcock@edu.tbz.ch"|"jmRqOT-X$8&hX-TpIBMu"
"camelia.elger@edu.tbz.ch"|"hZu7Pm-9GB&ve-y&#xk#"
"publicite.oakeshott@edu.tbz.ch"|"xK4&Af-O&QPpA-H56zpt"
"cleopatre.fawley@edu.tbz.ch"|"z@9%Wg-f2AYgV-uLHUcf"
"laurene.bruckmann@edu.tbz.ch"|"1fk335-qD2@ei-ORGoJf"
"rui.haughton@edu.tbz.ch"|"LnpylR-cSgro3-hlyCaG"
"asa.ladewig@edu.tbz.ch"|"EtSDrG-FqP&kF-x3mORL"
"gisele.janecek@edu.tbz.ch"|"NyHB4w-JA5ycF-8mIOwa"
"maily.loveridge@edu.tbz.ch"|"ysFqa@-AEKEJ@-OTk2gh"
"marie-eve.yurkiewicz@edu.tbz.ch"|"&Kzjqd-fttskV-@A3%Ha"
"fei.roder@edu.tbz.ch"|"knpLEH-mKT@jo-AZ16T3"
"edmee.chatburn@edu.tbz.ch"|"onzw2s-L@633s-pxkqbk"
"geraldine.darke@edu.tbz.ch"|"KsN%Dq-zXwibO-pwkWg8"
"ye.jira@edu.tbz.ch"|"Bq2pGH-0v4Q%0-xnuiAZ"
"publicite.persent@edu.tbz.ch"|"I2XV7N-21GFgB-ujJPKq"
"severine.wilcox@edu.tbz.ch"|"WhZpEh-7vjT13-9uUjWn"
"yao.mcclaren@edu.tbz.ch"|"uRy672-RKyAYw-JEvBuH"
"theresa.foynes@edu.tbz.ch"|"CcgILB-Xz$Zdy-$UHboq"
"stephanie.isley@edu.tbz.ch"|"Z67BIZ-GyvxuR-zna%3Z"
"torbjoern.growy@edu.tbz.ch"|"SAkQkE-lLxvfF-5#CPX9"
"eloise.tunnadine@edu.tbz.ch"|"4lPlX7-9#3xgB-xxFPk#"
"maeline.cossentine@edu.tbz.ch"|"k3ucut-tLugyS-n3fcAy"
"nelie.desantos@edu.tbz.ch"|"a218cl-G8Yo35-cHmq5F"
"gaetane.axston@edu.tbz.ch"|"mB6uoW-6JiV1Q-zd1Cp3"
"aimee.merman@edu.tbz.ch"|"#d$X%y-Ux31kl-u92m40"
"oerjan.drivers@edu.tbz.ch"|"PgD6lL-un&PEB-QwYHKB"
"aimee.miroy@edu.tbz.ch"|"$v&A4y-6K&o#R-RHjptp"
"nelie.glyde@edu.tbz.ch"|"oCwLQk-%MsgJT-AuG#7s"
"hakan.kapelhof@edu.tbz.ch"|"GpV&#F-fQ%P$J-vJ3Cuq"
"maelyss.cauley@edu.tbz.ch"|"nssMpo-HzeJ18-xoXQDY"
"elea.vaggs@edu.tbz.ch"|"7WhY5Z-9r#sti-tbz%w3"
"maelys.but@edu.tbz.ch"|"jnZCJI-UZ#YAI-1elUG4"
"maella.arthurs@edu.tbz.ch"|"GSqI&#-gZ82Sr-%T4tPj"
"adele.liebrecht@edu.tbz.ch"|"Z#eBcV-ZT3fuc-l70ICJ"
"meline.lomasny@edu.tbz.ch"|"xgM%6T-g%PYx@-LtXOK2"
"mediamass.schwant@edu.tbz.ch"|"FXvV7$-Q3ai6l-HxHSck"
"leone.saunt@edu.tbz.ch"|"QmPQeE-G0J64J-HuPKT#"
"annotes.gouch@edu.tbz.ch"|"11czZz-qLeolS-dVA&go"
"gaetane.bowich@edu.tbz.ch"|"X4bIhN-albRut-7CI3dz"
"alizee.strelitzki@edu.tbz.ch"|"uE6a2g-iqeT@0-4WkgZ&"
"leone.poile@edu.tbz.ch"|"avwYPA-iZpIJD-I356Ma"
"amelie.saban@edu.tbz.ch"|"MMow$u-BEbxgj-uv1O4H"
"marten.mcmenamin@edu.tbz.ch"|"JgWnk7-wh#4Kw-FBWgNI"
"becassine.keets@edu.tbz.ch"|"@g#iEx-JqdoUT-CxL3P6"
"celine.million@edu.tbz.ch"|"mu2JXR-cAocGH-wH&Wxg"
"geraldine.belitz@edu.tbz.ch"|"8XdA6B-C3N6do-9nIs0x"
"salome.mardling@edu.tbz.ch"|"DBC@7u-c6gBrN-0j3atD"
"melia.blakemore@edu.tbz.ch"|"BYxESz-Tyk4lO-S1I4tL"
"dafnee.mcaulay@edu.tbz.ch"|"joSsLU-Cv8eXt-HRpD1C"
"garcon.dennett@edu.tbz.ch"|"xm90Dn-&OxCtf-l1dpCt"
"interessant.lesor@edu.tbz.ch"|"JhW2#T-Q9NX6q-OZf4NT"
"annotee.wasbrough@edu.tbz.ch"|"zIr2pX-cAfqHk-r1$RjN"
"asa.ibbeson@edu.tbz.ch"|"vp#0KA-2wjWlQ-fdoUdx"
"maily.kennealy@edu.tbz.ch"|"EYuZvy-YJb1uB-k$h9t1"
"ye.seares@edu.tbz.ch"|"gV7xGJ-dqnyBA-#fUJvj"
"athena.harbron@edu.tbz.ch"|"Hwn09Y-XLqri1-$CpMOo"
"andreanne.portail@edu.tbz.ch"|"XBqk22-Actt4e-ZF%HH6"
"goeran.zannelli@edu.tbz.ch"|"fRE4I0-fdY99o-hw@L#x"
"gerald.leathlay@edu.tbz.ch"|"2GHjse-%%YG#m-6rkmSl"
"andreanne.chown@edu.tbz.ch"|"rxSIrf-bDd9&7-RU9Lia"
"esteve.clementel@edu.tbz.ch"|"KHYaCG-uPrre1-EvWsrY"
"leone.legan@edu.tbz.ch"|"7rPERA-ES7Iyu-oLKSg@"
"maena.pownall@edu.tbz.ch"|"SLJMpC-o3%s11-B%h2&K"
"andree.rettie@edu.tbz.ch"|"qK1FA@-52OfB4-HH5bzC"
"ines.kenwrick@edu.tbz.ch"|"&w9iNI-g5Xp7g-wqpXeT"
"marie-helene.yarnall@edu.tbz.ch"|"v1WTTT-U8$1nR-qVY8Z9"
"po.martin@edu.tbz.ch"|"TFnzC5-hkMJ5B-ZFf6X5"
"ruo.celiz@edu.tbz.ch"|"db%9bB-Y#jVMh-ZxIQZy"
"po.bissett@edu.tbz.ch"|"ivpW9D-38TYOa-$ppPPZ"
"du.swindon@edu.tbz.ch"|"ypwBMe-BYZB8t-l&DNqn"
"interessant.gouldthorp@edu.tbz.ch"|"emnM3f-GkWgp%-iuEzuM"
"leandre.lilburn@edu.tbz.ch"|"cy7k66-iruOGQ-Z@BFCj"
"bjoern.whales@edu.tbz.ch"|"@YBiGj-H#SwmQ-qLnIC2"
"interessant.dieton@edu.tbz.ch"|"0f@2X7-lmktz9-70sq6O"
"celestine.redhills@edu.tbz.ch"|"v9hcON-IkkgAP-j71Vu5"
"tan.yakovlev@edu.tbz.ch"|"3V@i7e-sXV$YS-Nv14uK"
"regine.mcdowell@edu.tbz.ch"|"V6e1FZ-&tTtxJ-XNYB0P"
"ju.coysh@edu.tbz.ch"|"tZBT0P-9JXQ&D-#ef1@&"
"reserves.ofallon@edu.tbz.ch"|"aVXqii-XInUXq-IkDLKY"
"frederique.sobey@edu.tbz.ch"|"3plQqf-vexmwP-4ENDJ#"
"marie-eve.garstang@edu.tbz.ch"|"JuYlLb-treyLy-jK@Lix"
"andre.tapin@edu.tbz.ch"|"K1uz@x-dUhPru-XBrdO7"
"esbjoern.eynon@edu.tbz.ch"|"K7gpQq-tL9SRf-nORRDA"
"maella.duffy@edu.tbz.ch"|"9atBCB-RzxQW7-dBInOz"
"leandre.twinning@edu.tbz.ch"|"$%pFp9-raGXYF-mIBSZn"
"mai.whittingham@edu.tbz.ch"|"51aC58-VKyCvt-5Y9YbQ"
"rachele.shevelin@edu.tbz.ch"|"2wjn72-S%rk7b-lxj2tu"
"cecile.mcure@edu.tbz.ch"|"Koy3nN-qfsmk%-OImf6h"
"marie-eve.yurkevich@edu.tbz.ch"|"Eh4ECd-yv9lor-y91W7q"
"almerinda.paice@edu.tbz.ch"|"iL69mT-lNK8wQ-$HiSJV"
"rao.howkins@edu.tbz.ch"|"D8YASK-yZ9pX$-vEGBO6"
"serena.pack@edu.tbz.ch"|"Styffl-USbKfK-rSL1LI"
"rebecca.mant@edu.tbz.ch"|"PaZgxN-mp5xjR-KxNKb&"
"reserves.spitell@edu.tbz.ch"|"zjuw61-T4COGS-TaSQjA"
"garcon.hamfleet@edu.tbz.ch"|"8&m0@%-I0JEhS-jJeNuF"
"methode.kerkham@edu.tbz.ch"|"QN@6Y$-z2i63b-V6Ye8E"
"pelagie.camies@edu.tbz.ch"|"wG09Fb-ZwAY&B-Bof5yZ"
"josephine.macpharlain@edu.tbz.ch"|"5CbIqj-$@CNrC-usqMaF"
"eugenie.mathet@edu.tbz.ch"|"VNaRKx-tuqvL3-XTX8ze"
"gaetane.brangan@edu.tbz.ch"|"0AK%Ib-%NOXII-LZfIpf"
"michele.dewbury@edu.tbz.ch"|"TtW96a-X1qe0i-%nsOO8"
"eugenie.elcott@edu.tbz.ch"|"6lh%BO-0&qR$8-@IJwqk"
"megane.harniman@edu.tbz.ch"|"WWQR#7-G4DM6C-FH8C5X"
"agnes.cluney@edu.tbz.ch"|"vbLSyQ-&AdtOo-F%Tu%T"
"marie-helene.angear@edu.tbz.ch"|"x8BZEB-FUES#e-vzJlks"
"melia.dolphin@edu.tbz.ch"|"p9NU0u-NvcmDt-52#m2Y"
"lois.ruseworth@edu.tbz.ch"|"VeY#ad-5Tn0fL-yNIMot"
"mailys.ryding@edu.tbz.ch"|"D&AB3o-zPuogO-WQxFwU"
"rachele.wulfinger@edu.tbz.ch"|"gQyzwS-DqNe#C-i3kELq"
"gwenaelle.talton@edu.tbz.ch"|"@YruGD-KkRkqA-Y941J5"
"long.ronchetti@edu.tbz.ch"|"FiMyH9-wtF&ih-OmQN1m"
"styrbjoern.kloska@edu.tbz.ch"|"qsYg30-M$FS%C-K5hhUC"
"len.sudran@edu.tbz.ch"|"BYQTWi-ArUx8l-ZL%GZ0"
"maelle.andrysek@edu.tbz.ch"|"JfQiYD-F5o6d@-##2$Ar"
"selene.senior@edu.tbz.ch"|"EusezB-%Bv$B&-V9CbtE"
"anais.joskovitch@edu.tbz.ch"|"OOFAxp-$oc&tT-B&Yzs6"
"marie-noel.dally@edu.tbz.ch"|"cyaed5-cJKYdL-mrYitg"
"marie-helene.laurence@edu.tbz.ch"|"Vg$mXG-fDVkdy-y65%$E"
"camelia.foxon@edu.tbz.ch"|"2TJaqo-Y17@wz-y011Oc"
"helene.cankett@edu.tbz.ch"|"8iu0Qe-J7xh$q-Yun7Vf"
"marten.mitchelson@edu.tbz.ch"|"PCGfl1-TBsAY8-doZ8F7"
"helena.stirtle@edu.tbz.ch"|"ElDsnq-Bhjj#K-v8AnuT"
"leane.barmby@edu.tbz.ch"|"U7uHEJ-oLPXLq-#KP$@m"
"goeran.ofinan@edu.tbz.ch"|"g&p4hk-juRKkY-n%OIyC"
"styrbjoern.proby@edu.tbz.ch"|"VxJsjy-P2uAPY-glK&dB"
"zoe.halse@edu.tbz.ch"|"NwnNC$-F@BkF%-xEqNDU"
"kui.drable@edu.tbz.ch"|"D3A0Pu-RorJ%Y-n$c9bY"
"desiree.bamford@edu.tbz.ch"|"PeA0%r-Qghbao-NiGCH$"
"zoe.suller@edu.tbz.ch"|"8RqH@i-0JzuwS-$Z3zOI"
"marylene.audiss@edu.tbz.ch"|"jRmuiQ-BaH0R4-KXQNl%"
"adelaide.poznanski@edu.tbz.ch"|"09@&5Q-qS6g0q-NmnBJe"
"maella.coleyshaw@edu.tbz.ch"|"dHRMx4-CX6pzV-Pta@eu"
"marie-francoise.gelder@edu.tbz.ch"|"1pn3qy-j7%Dro-AwIfsb"
"eleonore.chaffyn@edu.tbz.ch"|"e@khEM-1WON5Z-52khtP"
"celestine.sikorsky@edu.tbz.ch"|"%L52zS-vN3hcR-kH3hXt"
"stevina.londsdale@edu.tbz.ch"|"w3PL8$-kVX7eo-vM7a$k"
"maiwenn.nevitt@edu.tbz.ch"|"LbVjJ2-4FuC2i-R#SfDo"
"magdalene.gerrey@edu.tbz.ch"|"S3%v7E-c6nN$e-@Hk#66"
"becassine.latimer@edu.tbz.ch"|"094B&3-5iSfr3-RNuGKt"
"da.lethibridge@edu.tbz.ch"|"tR&b5#-CHdIju-n19W6q"
"mailys.claige@edu.tbz.ch"|"xcpmAX-JhZ6uD-o5NZye"
"maena.torbard@edu.tbz.ch"|"NEvyHh-fY74eD-mOeDaD"
"solene.lyvon@edu.tbz.ch"|"8oJsHh-I9mecV-75eVsk"
"marie-therese.benbrick@edu.tbz.ch"|"8ka5tk-cHwhS9-e2KSW6"
"gerald.edmonson@edu.tbz.ch"|"cVlEw1-qqFZ55-5$gzVm"
"ake.messruther@edu.tbz.ch"|"MclnYT-IWG1vH-BLYk6B"
"men.gosneye@edu.tbz.ch"|"S$kRr7-GMehRY-4Fsy2H"
"anais.jefferys@edu.tbz.ch"|"$ByOBD-URnOT6-FgBID@"
"publicite.tregale@edu.tbz.ch"|"sHtVcG-AGVdeg-6NiRw$"
"maily.santorini@edu.tbz.ch"|"W33$Af-abbOLh-n7#0vl"
"ines.pioch@edu.tbz.ch"|"kbLxG$-n7kuz7-yw70Bp"
"noemie.marklew@edu.tbz.ch"|"sN&s&e-ab@Hv$-7Gwdwt"
"meghane.maccaffrey@edu.tbz.ch"|"&U9POA-z5fL#v-Jip@CO"
"berangere.ambrogio@edu.tbz.ch"|"BrHJvy-Q6w@20-K602Qv"
"mediamass.ryce@edu.tbz.ch"|"a5bEz5-8N6SCy-xr1Lz8"
"oesten.ubank@edu.tbz.ch"|"x#3y5I-h@3KPu-&$$0dE"
"melina.mackee@edu.tbz.ch"|"XMIUhU-1chJ$H-DMk6D4"
"theresa.livezey@edu.tbz.ch"|"gO40JJ-Wi8RUj-HK3Z2g"
"clemence.weal@edu.tbz.ch"|"O1UTqk-MF70CT-kcmz1M"
"faites.overton@edu.tbz.ch"|"rKJQse-u7UxjO-elM6Zf"
"clea.lindblad@edu.tbz.ch"|"%wiREp-BCxe45-gVwIwy"
"josephine.roseaman@edu.tbz.ch"|"tSssCO-#qdPqj-ie1xeu"
"oesten.lowbridge@edu.tbz.ch"|"U%ESqt-KBuuEy-haAqmy"
"marie-josee.brion@edu.tbz.ch"|"$EjR2Q-ugJ7sr-MnIH1k"
"therese.basili@edu.tbz.ch"|"zit6vb-1i&zkV-Tz5nS1"
"melia.vertigan@edu.tbz.ch"|"%oRW0o-TFGTil-3Uy8G7"
"judicael.saull@edu.tbz.ch"|"673B%w-o8wPvh-N#Wh&j"
"selene.valentine@edu.tbz.ch"|"$7nne5-tkHdrd-soaL9p"
"verane.dunlap@edu.tbz.ch"|"O9zFDx-aWkO#T-Xo8UQH"
"meline.kinnear@edu.tbz.ch"|"pm%Z55-CmPdWc-412tiZ"
"lei.luttgert@edu.tbz.ch"|"D3Zq0W-v6e$Rz-4xjtkk"
"styrbjoern.lathleiffure@edu.tbz.ch"|"0EY0CG-FD1ChV-A@Yd5D"
"marlene.blasi@edu.tbz.ch"|"4FqUjp-dgq8cj-ZsVunK"
"mai.begwell@edu.tbz.ch"|"Nf%15U-rTpRNk-yEJuAc"
"gwenaelle.kaines@edu.tbz.ch"|"R7c$Ak-F@khoq-Mbfg2D"
"gerald.adamthwaite@edu.tbz.ch"|"4marXi-MA#3VJ-5YHGq7"
"kui.hartfield@edu.tbz.ch"|"y1y8&#-aKewwX-Yvr8sS"
"salome.currao@edu.tbz.ch"|"T%aYnJ-ctV9VP-hWSYMW"
"angelique.tixier@edu.tbz.ch"|"d77Nv$-KwxI9w-uArI#R"
"ju.mcgragh@edu.tbz.ch"|"cRw&Zj-RKrKAC-OTXDj8"
"dafnee.beachem@edu.tbz.ch"|"s2i0qj-M52Y4i-EgKwPp"
"creez.terlinden@edu.tbz.ch"|"0ebHAD-nPCIuF-pMp8$r"
"uo.mcskeagan@edu.tbz.ch"|"s&45yZ-w2Q1NF-d4ZPNA"
"edmee.mccaughren@edu.tbz.ch"|"75@t0Z-kH9i00-%eoyLX"
"asloeg.cozby@edu.tbz.ch"|"moAnMO-4V8$5r-s7f%Fd"
"melodie.traite@edu.tbz.ch"|"5v$ej@-CfFqoI-P0MfRb"
"dorothee.aindriu@edu.tbz.ch"|"MELuWv-SP5TG&-p98yXI"
"daniele.doley@edu.tbz.ch"|"ipYXBB-6NW&Zz-zdSt3n"
"mediamass.fairclough@edu.tbz.ch"|"@zgY68-mUzL%H-c#H#jX"
"lorene.rainforth@edu.tbz.ch"|"mAY2vm-UcYiON-ASHYmH"
"leonore.eyer@edu.tbz.ch"|"ZINRWp-Tyg92X-w&jgfI"
"po.spillman@edu.tbz.ch"|"BqqUro-Zs8OZi-CfQ&GW"
"cecilia.plitz@edu.tbz.ch"|"Kp9n0h-%wReJ4-xkq3Oz"
"lorene.ludlow@edu.tbz.ch"|"s$82Bc-v0TZh&-9gzHo#"
"berangere.neligan@edu.tbz.ch"|"8SquD%-Gsdbyq-#@wrZk"
"simplifies.huggan@edu.tbz.ch"|"esqQli-wgeC3D-UtzZkY"
"clelia.prandy@edu.tbz.ch"|"6pU7q9-%xhs1Z-nSPCTn"
"ake.osban@edu.tbz.ch"|"CqUxMZ-nciI#5-agC2TZ"
"cunegonde.brunn@edu.tbz.ch"|"6fkiTh-eagP1B-W&MxXO"
"long.grizard@edu.tbz.ch"|"d@rtHj-n8d0jb-qknHNH"
"meghane.diss@edu.tbz.ch"|"#&$WGX-HIlKOr-$h63sl"
"therese.oldman@edu.tbz.ch"|"tH@Dxf-dago#1-1y92C%"
"boerje.scamerdine@edu.tbz.ch"|"TzAOof-ZQJii8-%fLjql"
"du.saban@edu.tbz.ch"|"75n$Hp-aNSYzC-LBYZuK"
"hakan.clynmans@edu.tbz.ch"|"ntP7oq-#dG&3I-yjUPLh"
"wa.macdowal@edu.tbz.ch"|"HYkSXf-%7r07$-o%rcwM"
"venus.hatrey@edu.tbz.ch"|"EOF2N6-ww@@mt-n@y2TF"
"anaelle.vispo@edu.tbz.ch"|"pz&YGj-KFl95B-tMnNK@"
"mahelie.ollcott@edu.tbz.ch"|"hvMb@D-VadQGK-CZIH4B"
"mediamass.whyman@edu.tbz.ch"|"fcSHhx-mBd66H-&CDc6Q"
"esbjoern.basson@edu.tbz.ch"|"YDdOXO-B$DYmN-pIxAXv"
"andrea.morrill@edu.tbz.ch"|"9$OKw3-0aqRQF-WeSggZ"
"melys.grassi@edu.tbz.ch"|"PwdzqJ-Hwfb#z-hXI%35"
"leone.poleye@edu.tbz.ch"|"Xt0Cr$-a1x9ex-gzQ23Y"
"francoise.penny@edu.tbz.ch"|"TEML06-Clyd4N-tDumdH"
"rebecca.edney@edu.tbz.ch"|"Da##g%-GcreQX-CRC948"
"adelaide.murtagh@edu.tbz.ch"|"GsSg6s-rfovgQ-fWYFtd"
"stevina.winterbourne@edu.tbz.ch"|"K%FEBl-jCWmg1-yw0hLf"
"ma.cottom@edu.tbz.ch"|"n0hG3B-lJxmJ4-pvLo03"
"tan.harold@edu.tbz.ch"|"XNI1Jk-t@bV&m-PeyPpz"
"venus.forte@edu.tbz.ch"|"Z1gj1E-I1R@Du-bOk@J6"
"almerinda.oluney@edu.tbz.ch"|"H3ihSq-jCzzF7-@2$G1g"
"cleopatre.brehault@edu.tbz.ch"|"8yayk#-O0ynam-a5aPl7"
"interessant.lapides@edu.tbz.ch"|"Lp&7rk-r%p4py-hKsCqU"
"reserves.hallatt@edu.tbz.ch"|"c7VcB8-#tD%em-FO%WQw"
"annotes.birdwhistle@edu.tbz.ch"|"zivhln-9pqkAZ-082Hye"
"ai.dredge@edu.tbz.ch"|"T2zO0h-yitOTK-nxlMBS"
"megane.mussard@edu.tbz.ch"|"DVh#0q-drPLmL-qJHsn@"
"esbjoern.gowrich@edu.tbz.ch"|"MUpnM6-HQ2o$&-xrP5Ph"
"boerje.brislawn@edu.tbz.ch"|"DOhnMy-Qc87wm-eBcRqs"
"becassine.wilce@edu.tbz.ch"|"GsuxzA-0xFsPq-$nIOXi"
"personnalisee.oels@edu.tbz.ch"|"8RYBLQ-ykkA7k-IL9NK%"
"verane.pett@edu.tbz.ch"|"jxTLb&-OQFiq7-k4auYg"
"marylene.glewe@edu.tbz.ch"|"wVS3kJ-NhRXgd-6CAtIA"
"lai.elson@edu.tbz.ch"|"P#aAz2-Xmw8P6-vSm&5y"
"serena.difranceschi@edu.tbz.ch"|"S9Xo$i-7ISEqG-Y1en23"
"lie.espinel@edu.tbz.ch"|"3O5jvh-1axucv-Y8lMNb"
"marylene.fantini@edu.tbz.ch"|"@%&t6m-kRU0gc-wjzlzx"
"andre.archdeckne@edu.tbz.ch"|"52id89-pXTmZW-L@g@6X"
"goeran.bohlingolsen@edu.tbz.ch"|"hL05Xx-ZnV9Lr-hJ3Rys"
"cunegonde.heffer@edu.tbz.ch"|"@K%1ug-CTP6GT-RO7RS#"
"tan.fechnie@edu.tbz.ch"|"P@buwg-hmq20u-nrBalT"
"marie-noel.brammar@edu.tbz.ch"|"L2fpUc-lb8QsQ-1ospvF"
"simplifies.aven@edu.tbz.ch"|"B2anq$-uBmnen-n8jMo$"
"melys.pinchen@edu.tbz.ch"|"&B0oj5-lzcKHm-3LW%8B"
"edmee.joyner@edu.tbz.ch"|"apzFy5-yebf&m-2rOeit"
"berengere.edess@edu.tbz.ch"|"bpUqi@-XP#uO@-kDt8by"
"marie-noel.goward@edu.tbz.ch"|"#8VARb-e#bp$c-3tCv1C"
"ju.edmons@edu.tbz.ch"|"uhgPGi-j@6$4Z-F@yMT8"
"frederique.airds@edu.tbz.ch"|"qnyzCJ-m2zrMi-ZwpzxQ"
"reserves.dauby@edu.tbz.ch"|"lnYpqm-o6er#$-B@hl8q"
"hakan.gynni@edu.tbz.ch"|"k9AAH1-UmcxeV-YF9hMw"
"leonore.pinwill@edu.tbz.ch"|"aP4rog-9zWxmp-FsUlf$"
"marie-eve.mcallan@edu.tbz.ch"|"DzAY8G-T3zE&Q-pVieYv"
"naelle.yeabsley@edu.tbz.ch"|"ipfxwN-sPW6Iw-B88Ad%"
"nelie.jacobovitz@edu.tbz.ch"|"ASdkP0-YWfkRK-7Pdxy#"
"adele.conelly@edu.tbz.ch"|"cFQPLt-8bwf4t-EZ#f2s"
"clementine.dondon@edu.tbz.ch"|"WwXVfX-DlYgaP-DiLLGy"
"zhi.willcot@edu.tbz.ch"|"e3TLW3-OP6@pr-ylo9KE"
"chloe.janicki@edu.tbz.ch"|"Zitikd-7b7XVh-eveVx%"
"meng.linde@edu.tbz.ch"|"5K4&Ne-yw$#uG-xH3BuA"
"celine.janisson@edu.tbz.ch"|"CmGRX5-mTfX&x-b9OdC3"
"clelia.crow@edu.tbz.ch"|"iUotQ8-C29NbB-1yx64Z"
"cecile.pyott@edu.tbz.ch"|"cDRYi5-@A6EG8-4HstNk"
"ma.fidelus@edu.tbz.ch"|"x77@eY-%Q&@%p-ms7z2g"
"marie-helene.poore@edu.tbz.ch"|"jh3o%l-PgDByf-nwPQm4"
"elies.blanket@edu.tbz.ch"|"#XV@S7-Q5qnXv-FJMucc"
"yu.boyer@edu.tbz.ch"|"uug9sK-d6bksi-McJQtf"
"celia.welds@edu.tbz.ch"|"mIuGk7-XftXv%-d62J7m"
"du.gunney@edu.tbz.ch"|"@7k3Zi-FrF0tW-rbaxTO"
"goerel.crush@edu.tbz.ch"|"Tuw2$K-3xls&D-rE3czY"
"marie-josee.brosius@edu.tbz.ch"|"JM5HNh-w8VUq2-7Lx$ql"
"camelia.adds@edu.tbz.ch"|"1hGKRA-nJJr0D-A@nZym"
"anae.irwin@edu.tbz.ch"|"HEI2pO-P8nyup-@wLus8"
"cleopatre.skeffington@edu.tbz.ch"|"3chr6E-TEXon7-AkWzH5"
"gerald.suggate@edu.tbz.ch"|"K&xb5m-WFRQ39-ol$6Pa"
"laurene.tailour@edu.tbz.ch"|"fifa%D-ut3zkg-2%HnJv"
"amelie.hoble@edu.tbz.ch"|"I$aNKB-RVFQ&F-D1gXVo"
"venus.getch@edu.tbz.ch"|"5SNK4t-bhlKX3-EN6agN"
"renee.treby@edu.tbz.ch"|"9muisV-2MlaP%-iysmKQ"
"almerinda.stait@edu.tbz.ch"|"kiCVpr-SKJgJW-2RZ$&n"
"andree.reddecliffe@edu.tbz.ch"|"kHUUoi-4btbcD-zxq3Ya"
"leone.wintle@edu.tbz.ch"|"QlA6de-AmyqiJ-3ye3h9"
"gerald.fellow@edu.tbz.ch"|"rkwalW-3TNPEt-Aqc#&o"
"ju.gudger@edu.tbz.ch"|"d6lqsU-qEXPsB-t#WkUL"
"meng.ohaire@edu.tbz.ch"|"jBGkQv-bbtsG&-s7mImq"
"cleopatre.missington@edu.tbz.ch"|"4hGHZ2-1Fye3m-xdZYY%"
"annotes.debruyn@edu.tbz.ch"|"fFwTNb-w6%Idp-iqHN0n"
"gerald.sinisbury@edu.tbz.ch"|"H1imd#-$9mISq-ClzXB%"
"creez.slora@edu.tbz.ch"|"Okw1qv-skVBk8-m$KHyH"
"gisele.benbow@edu.tbz.ch"|"KvtO%u-%k2CuQ-6HpXS9"
"pal.dossit@edu.tbz.ch"|"S0bs9p-RihkQ8-6t6Zj7"
"nelie.stirrip@edu.tbz.ch"|"HJgY$A-LrQh9I-bDZ2t5"
"alois.ocrigane@edu.tbz.ch"|"3YnUxr-UHMUXZ-akYdzh"
"kui.mcterry@edu.tbz.ch"|"V8Mv%G-UA%kQC-qp4BcP"
"long.willgoss@edu.tbz.ch"|"DiJul9-09WlbJ-86pA##"
"francoise.sumpner@edu.tbz.ch"|"qZMdaV-GRiK9m-$S5&xN"
"maely.grinstead@edu.tbz.ch"|"sG$KkN-mKxACW-UE92M3"
"creez.langeren@edu.tbz.ch"|"ymguU7-0OIr0Z-wRRUK@"
"adele.dungate@edu.tbz.ch"|"3mgFXy-k39cFr-Yd1az4"
"cleopatre.noirel@edu.tbz.ch"|"roY0Zs-WCFMjI-bDQnOO"
"interessant.daverin@edu.tbz.ch"|"TEAUJF-ga30%w-TPjmxn"
"naeva.kalderon@edu.tbz.ch"|"EUixml-HpDwm0-fKm#1K"
"anais.oshesnan@edu.tbz.ch"|"&PK3nM-W4Qbca-DY@GZX"
"judicael.anelay@edu.tbz.ch"|"2Dy4MM-7Jw&%j-tbPLDy"
"eloise.braxton@edu.tbz.ch"|"vnPI28-VHAnP0-AAGEm&"
"desiree.greguol@edu.tbz.ch"|"w&mEFs-FlSD&M-54J#dx"
"maite.mcclenaghan@edu.tbz.ch"|"ez4ux7-oFxYLn-G2Qf&x"
"meng.doret@edu.tbz.ch"|"O3zQ#&-#mUKHp-dhD#to"
"frederique.chippendale@edu.tbz.ch"|"C4sj8i-w2Lv2U-nl0V%H"
"andreanne.lanney@edu.tbz.ch"|"YGzXlA-7i2row-0PwNGR"
"aurelie.claus@edu.tbz.ch"|"$ZBIb2-wO2VK$-wq7IC0"
"renee.pabel@edu.tbz.ch"|"vtEiQq-f8#GRW-UMRcHp"
"maena.roust@edu.tbz.ch"|"Xn75hU-Lo&g%q-4MWNAx"
"nadege.carwithim@edu.tbz.ch"|"GlHr0v-%wh6ez-uUENwi"
"solene.geyton@edu.tbz.ch"|"@jjWHk-HnNCLE-e0epDh"
"dafnee.avraham@edu.tbz.ch"|"Q4#iDu-ha0xRd-&qK8q@"
"leane.woolvin@edu.tbz.ch"|"EPDhcl-iiTeEn-SSn1tN"
"adele.macadie@edu.tbz.ch"|"NwyFTp-ZFuyfi-e9OI73"
"meline.rubica@edu.tbz.ch"|"9Oj$kM-1qT#bg-8PASwL"
"marie-noel.speeding@edu.tbz.ch"|"XyZ5&B-SURvxB-httFr3"
"nelie.mix@edu.tbz.ch"|"#6bUx#-CMCqTi-fLnSwy"
"clea.ollett@edu.tbz.ch"|"DmDPrH-#kvbwz-4o5gJR"
"leandre.mcgavin@edu.tbz.ch"|"0ibLaU-YHWnM5-4sFcVw"
"cecile.behne@edu.tbz.ch"|"#R5fr&-hVLV66-tm3yS7"
"melanie.polle@edu.tbz.ch"|"rEKEAc-kQp2LK-xOCniE"
"marie-josee.titmuss@edu.tbz.ch"|"@FcUmv-Oe6Jl7-sAD2@J"
"helena.guest@edu.tbz.ch"|"pjj8@k-PT$G6j-Bs554P"
"annotes.chicchetto@edu.tbz.ch"|"8%eTsu-fgk@1W-ydGCrN"
"melia.tubb@edu.tbz.ch"|"PVRJ9i-n6q8p7-KWLxdf"
"angelique.casetti@edu.tbz.ch"|"FEXb30-9H&gud-VOlgQ0"
"cunegonde.cleall@edu.tbz.ch"|"#wC&jL-%DSfCG-0%zWYS"
"camelia.oaker@edu.tbz.ch"|"qwLVta-vS1Y%x-tjixRA"
"you.searight@edu.tbz.ch"|"vP2fl5-lU7ph6-c&JK7y"
"kevina.dederick@edu.tbz.ch"|"7glVeD-&9YQUr-vmBXLJ"
"milena.jeffrey@edu.tbz.ch"|"aedtIE-TS8JrS-jYLzsD"
"melodie.barkshire@edu.tbz.ch"|"H0wssi-$473Md-FEuF6U"
"gaelle.kreutzer@edu.tbz.ch"|"8E193M-vF$N#k-fGCIAM"
"kalliste.kleinpeltz@edu.tbz.ch"|"ncu2sF-lpZD@h-C896YQ"
"clementine.danat@edu.tbz.ch"|"NwUf1i-b2dwvN-9wu#GY"
"andrea.wabb@edu.tbz.ch"|"BKIo#V-#@RSd@-VxTXyC"
"geraldine.piesold@edu.tbz.ch"|"@aGlZi-NNu9Ou-ZEKPmE"
"tan.fiveash@edu.tbz.ch"|"S5TEUf-TE9W&6-T5t@b7"
"meline.yuranovev@edu.tbz.ch"|"wsZzy1-P7TE6b-hEomH#"
"therese.holme@edu.tbz.ch"|"f6ewZZ-2c96qb-WxMBLM"
"salome.vaney@edu.tbz.ch"|"PiXV&Z-P@mW6p-%2pWG#"
"anae.abramson@edu.tbz.ch"|"yGbd&f-j2H64m-BNPdwv"
"kalliste.jimson@edu.tbz.ch"|"YRhsqi-I%bGiY-DQXVn4"
"selene.yole@edu.tbz.ch"|"umjtt7-9#7Tba-82wdBF"
"agnes.defraine@edu.tbz.ch"|"5D0tp9-wJnwEz-xB$0eE"
"faites.mccluin@edu.tbz.ch"|"AxaHF8-UrQzvn-6T91ev"
"athena.deme@edu.tbz.ch"|"Bcun3z-WbrRiK-J3kv&P"
"daphnee.brigstock@edu.tbz.ch"|"cOMdgD-GzjES@-DijkP$"
"goesta.skaif@edu.tbz.ch"|"KbD%$8-ZkhM4q-7xa4Ti"
"oceane.jagoe@edu.tbz.ch"|"El#FnK-ZeGCSk-EZmhdl"
"annotes.broomhall@edu.tbz.ch"|"IlHJjO-9%Ts$&-$o4Wif"
"marie-eve.ballendine@edu.tbz.ch"|"dYbB7w-a4ngm8-g@U9zP"
"melina.spykings@edu.tbz.ch"|"jq7N%%-fLMN2A-uTuV#n"
"laurene.ticehurst@edu.tbz.ch"|"XLYcsp-JPLSub-hLFv&c"
"fei.avramovic@edu.tbz.ch"|"eNQd@E-nzyC1H-NX7d&l"
"publicite.strathearn@edu.tbz.ch"|"pJ#DW7-wpGTwh-BTF7ky"
"torbjoern.garrow@edu.tbz.ch"|"Ro4VVl-Riwx5O-%D5PE%"
"chloe.rubinsztein@edu.tbz.ch"|"1JjBfi-ox4UOs-I%XOVb"
"mylene.demanche@edu.tbz.ch"|"dK%y@z-ZjjNaE-axos8f"
"mediamass.godlonton@edu.tbz.ch"|"uUf3xX-JwIZN#-QBE3RH"
"renee.shurrocks@edu.tbz.ch"|"564xHW-AfBi6D-ySGTz3"
"maiwenn.jedras@edu.tbz.ch"|"0E8a0J-tC7oNX-3z5Ipb"
"genevieve.castells@edu.tbz.ch"|"1JGg$Q-6gvOb$-Dr7U0v"
"renee.sneden@edu.tbz.ch"|"6b2gJl-J5bGoY-My#eeu"
"lai.mccallion@edu.tbz.ch"|"sDxAyc-N#6diY-1#w&nq"
"kevina.impleton@edu.tbz.ch"|"uOuxQv-EDTVFX-Rrm7SE"
"oesten.fresson@edu.tbz.ch"|"3UAI2r-AyEt4G-CBTlL%"
"verane.shawley@edu.tbz.ch"|"YmgsMV-wx8MhU-L91uul"
"uo.sjostrom@edu.tbz.ch"|"J$3$K6-tRjIqX-DuJyvW"
"gisele.gothup@edu.tbz.ch"|"l0K3WI-kWcdTh-M347qn"
"renee.beauman@edu.tbz.ch"|"%xuIZR-0DwQAG-guHCOZ"
"elies.loton@edu.tbz.ch"|"uo1pI3-FnAKub-tXtbm7"
"valerie.elsmore@edu.tbz.ch"|"FAt5J&-T1aCt6-Dt2v&O"
"berangere.delafeld@edu.tbz.ch"|"#8trpo-eY$Wdi-dX3AFW"
"bjoern.schimke@edu.tbz.ch"|"AXzszG-VfAMHi-L1NlIm"
"loic.ericssen@edu.tbz.ch"|"jL%phm-HiwATv-XhhAMg"
"creez.richarz@edu.tbz.ch"|"rQaVmm-7zGne&-zw@iNY"
"athena.grocott@edu.tbz.ch"|"r9arOs-hVsjY2-Vd4F7O"
"naelle.piotr@edu.tbz.ch"|"JOKAke-Y&TpE5-w7q7wK"
"maella.paulson@edu.tbz.ch"|"@x7ER%-iRPItd-O3h4wK"
"song.perot@edu.tbz.ch"|"a&ICwL-pr857W-&FNZxD"
"kalliste.heckney@edu.tbz.ch"|"RxQ73@-bdP3oe-8HBNLb"
"ake.vasyutkin@edu.tbz.ch"|"U1k4Xv-0FvzX3-V&1YYu"
"ma.castles@edu.tbz.ch"|"6d59hb-7J$uxM-bMcu&k"
"maely.monget@edu.tbz.ch"|"A@otd@-Ws6g6O-U8o3fR"
"tang.durbridge@edu.tbz.ch"|"x7WQ2k-1FL3er-c5iKk9"
"laurene.andrew@edu.tbz.ch"|"KA0pzi-ukBXDK-8XlXkc"
"lysea.beacon@edu.tbz.ch"|"98nqk0-I8BS3G-jeHZro"
"leandre.peyntue@edu.tbz.ch"|"Ga$xoK-SLWr&I-fba2UC"
"rao.trever@edu.tbz.ch"|"61#HJi-$dmxmT-IfEMNG"
"mahelie.streader@edu.tbz.ch"|"ujW#EA-HlqlTZ-%1IY@7"
"maerta.andrejevic@edu.tbz.ch"|"a2QpIK-Hs3$6N-0qrovQ"
"goesta.tompkins@edu.tbz.ch"|"6HMvsy-IHWlAq-S6fr$A"
"helena.agates@edu.tbz.ch"|"d9yKDC-@msbdv-fHw1zT"
"therese.glass@edu.tbz.ch"|"SaXXsR-qvwj2s-EnKk&0"
"alois.foan@edu.tbz.ch"|"jkBOHr-cTw%fp-hvXzYZ"
"becassine.melchior@edu.tbz.ch"|"ICdGku-LLe5q8-#llF&T"
"cloe.robart@edu.tbz.ch"|"PKUESe-K58sVH-Bt@ZGx"
"daniele.puckinghorne@edu.tbz.ch"|"cBkGwK-BUmiGL-QOzPf#"
"selene.cammidge@edu.tbz.ch"|"FrwKgH-FnC7yT-6@f%qU"
"regine.conochie@edu.tbz.ch"|"2HGzB@-mrXvY#-wxKx&8"
"interessant.tuiller@edu.tbz.ch"|"Ywy0BP-ihbtU&-UOKOWf"
"long.tiebe@edu.tbz.ch"|"fzlgsj-@pxZMB-KI5ekS"
"mans.yele@edu.tbz.ch"|"6NBUYB-FWQQdH-D@r2wO"
"ai.giles@edu.tbz.ch"|"Eg#gTW-k@vE4Y-RC6eD6"
"gaetane.hamberston@edu.tbz.ch"|"dCSnRQ-$@mnaG-V7QD75"
"marylene.fenix@edu.tbz.ch"|"nUlf%3-ceaWTc-%wrAqm"
"geraldine.graeme@edu.tbz.ch"|"65bYhy-gruWex-0dWq8B"
"tang.kinglake@edu.tbz.ch"|"2sTsF8-CdlIQG-izklLJ"
"lai.challoner@edu.tbz.ch"|"0xeHkB-Vu3KTQ-u&3OhD"
"desiree.mattei@edu.tbz.ch"|"X8hSBz-o9weLQ-Psa6Rk"
"ake.erley@edu.tbz.ch"|"hlXHJ4-T&Bi9L-aXhQ&B"
"edmee.cavil@edu.tbz.ch"|"2T8fOI-CrxRhe-YEppao"
"alois.moyes@edu.tbz.ch"|"pikq8z-JMei%K-4Y@yDL"
"becassine.pitman@edu.tbz.ch"|"ttvZ1S-EeObgi-rteLdL"
"ai.giacovelli@edu.tbz.ch"|"mqpobQ-beXWka-iCwPN$"
"judicael.fruchter@edu.tbz.ch"|"8eoJzK-QcVfzI-oI&FLF"
"mans.mogg@edu.tbz.ch"|"dcktp2-gKD3XB-KwtNd6"
"gerald.foyle@edu.tbz.ch"|"GL$Vvg-mvjY9m-AkeFT3"
"wa.androletti@edu.tbz.ch"|"PUvPtd-2BFtM6-H7bDKB"
"meng.ollett@edu.tbz.ch"|"c$lJ&N-$uQQgM-pxWnXs"
"naelle.macmenamy@edu.tbz.ch"|"OQigjI-@IWQUV-z0Yz6v"
"gisele.mcramsey@edu.tbz.ch"|"nPwjm4-e&hDLH-uqhpxn"
"meryl.scolts@edu.tbz.ch"|"9Cce1C-B5Zi9M-f8N1h6"
"celia.bloxsome@edu.tbz.ch"|"fawUU7-1lyXwb-B&tLJF"
"styrbjoern.stuke@edu.tbz.ch"|"r4$IFW-V0MbgQ-WZyTwa"
"felicie.gwilliam@edu.tbz.ch"|"BqI3w3-dQ7ERA-WdfOWu"
"da.harms@edu.tbz.ch"|"Yon7QE-@98bZF-Ak@jyQ"
"celestine.baulk@edu.tbz.ch"|"8myAtF-hjAZmc-Yi6rNf"
"mahelie.blackledge@edu.tbz.ch"|"OiS7mx-l&nvaV-R4#K78"
"meghane.salt@edu.tbz.ch"|"y8PE0M-Xm@4J3-K4TWS5"
"methode.paxeford@edu.tbz.ch"|"KTjxJB-@jcgEO-JnqQwJ"
"asloeg.milligan@edu.tbz.ch"|"SLN53N-x#bw9@-hnlIBe"
"you.pellman@edu.tbz.ch"|"uad1Yd-hW28XT-%C6Dp&"
"loic.regenhardt@edu.tbz.ch"|"gk0sNV-&u3ubq-Dxok0x"
"daniele.savill@edu.tbz.ch"|"wiZ1BF-OM0QNw-kR&Jd7"
"alois.cornu@edu.tbz.ch"|"57QheV-&%&4Fg-iUM@9j"
"oesten.govey@edu.tbz.ch"|"Bx04Gw-zBt%@B-uuAQE6"
"marie-eve.louch@edu.tbz.ch"|"M$se0m-Low5gX-92KwGE"
"theresa.wenn@edu.tbz.ch"|"FcAj@c-96AxYb-wl4y0L"
"andree.eul@edu.tbz.ch"|"oO8ZDd-7bYFu3-bc4543"
"lie.paynton@edu.tbz.ch"|"wFdVOM-lGudr7-Nfw%Ky"
"marie-eve.girodier@edu.tbz.ch"|"fUgc3O-HErvhg-ymoaK#"
"marie-noel.smithe@edu.tbz.ch"|"5uXWHZ-$6Q2Km-velRfF"
"men.bootyman@edu.tbz.ch"|"g5&hS3-R2IqqY-n0&2R&"
"ku.sugg@edu.tbz.ch"|"lpoDzl-OOd5YO-%E$U%p"
"lucrece.roseman@edu.tbz.ch"|"Btrho6-VOBgVK-RcYpLu"
"zoe.annear@edu.tbz.ch"|"swl9ZE-Z%4joH-%tPyBR"
"marie-helene.rennebach@edu.tbz.ch"|"w2f%#J-8N6$Y4-xz5NF3"
"lea.djurdjevic@edu.tbz.ch"|"qmm%Kp-INQhl4-SMMNMs"
"goerel.robert@edu.tbz.ch"|"S%AzFy-cabr0M-d2igX@"
"mylene.foldes@edu.tbz.ch"|"&$84YL-A0BxT2-u9U%JL"
"faites.clegg@edu.tbz.ch"|"a30zDP-9KW8EN-Px#XTh"
"marylene.crowcher@edu.tbz.ch"|"wWO&%Y-FZA#ha-7nszte"
"aimee.wimpeney@edu.tbz.ch"|"hm730h-#aEba#-hh$Uta"
"renee.atkins@edu.tbz.ch"|"z3D1D8-hNPo36-#QV6Bu"
"rejane.cainey@edu.tbz.ch"|"YqYoR#-ZE0K%e-EaSsx9"
"solene.britney@edu.tbz.ch"|"M98t#e-23H1IA-E6M0nL"
"marten.shatliffe@edu.tbz.ch"|"aOqmda-lFbjr4-#O#P7S"
"maite.issatt@edu.tbz.ch"|"7VQxvp-sVptM3-y0pQcS"
"maelyss.edon@edu.tbz.ch"|"wBif6V-MiTMGL-hRvXtl"
"nuo.bamling@edu.tbz.ch"|"biQOZ#-A@mkUc-uQSAsG"
"anais.edards@edu.tbz.ch"|"sc@B94-UYD@Xa-%Xd0CD"
"mediamass.bromet@edu.tbz.ch"|"f@YuGI-ueIyha-kAinht"
"beatrice.kimbrey@edu.tbz.ch"|"GDCnHh-UlAG8Y-JA32KR"
"ines.lawranson@edu.tbz.ch"|"WA5tM3-%JwJ@y-wpT5m6"
"kalliste.scandroot@edu.tbz.ch"|"ld9PKv-W@#bQr-qATLr1"
"mans.barrowcliffe@edu.tbz.ch"|"CaJtQW-cVDI#m-h4#jNx"
"irene.couves@edu.tbz.ch"|"qoAA86-ARUL#V-typY1X"
"milena.mucci@edu.tbz.ch"|"HV5lT&-JtQ7ga-JLZilX"
"naeva.cow@edu.tbz.ch"|"3btSbs-cCFF%q-tmbJL%"
"audreanne.mournian@edu.tbz.ch"|"w%NaaA-USczKF-EqP#qZ"
"melia.sinnatt@edu.tbz.ch"|"kv$ZZZ-wPrCMa-oKqkAV"
"nelie.burnard@edu.tbz.ch"|"XU1O6N-Und&cm-&rB3Yx"
"clelia.ashfull@edu.tbz.ch"|"08#8DY-I1cwES-siOakj"
"lie.macard@edu.tbz.ch"|"dsjSR#-9WaD$#-AvHoIW"
"valerie.matoshin@edu.tbz.ch"|"y$e7eD-gbbSiN-PfM&@t"
"anael.hatherleigh@edu.tbz.ch"|"NHeZOv-T2cfgv-SWSqWQ"
"interessant.warratt@edu.tbz.ch"|"79sP%Y-CEX1eC-RxCkvE"
"eleonore.volage@edu.tbz.ch"|"pyVo%p-KZ%o&%-df3V8j"
"zoe.stebbing@edu.tbz.ch"|"$pmWEO-A48NeA-DRXMrs"
"alizee.nye@edu.tbz.ch"|"Mfg9Sm-#pkbQ%-H1mm$n"
"celestine.bramley@edu.tbz.ch"|"5DrqmJ-&uArnb-26ZAH@"
"selene.philcott@edu.tbz.ch"|"1bde4J-O0EL&k-b03@xX"
"tang.newens@edu.tbz.ch"|"JujSUy-cg&sxa-gw56J&"
"annotes.powys@edu.tbz.ch"|"2oniYr-%%eD1l-W#IuKG"
"lea.matthesius@edu.tbz.ch"|"CKyNXn-ePxR26-OGd6wB"
"illustree.garlett@edu.tbz.ch"|"oO52lB-Sg3ygI-k%DDKi"
"maiwenn.meachem@edu.tbz.ch"|"zOM#22-Cw#cO8-4nKlLq"
"marie-francoise.mcbrady@edu.tbz.ch"|"QC#vfd-BvYPXo-M#5eg$"
"illustree.gimbart@edu.tbz.ch"|"3lqA#v-aKRhYY-w#D$mw"
"melys.lyosik@edu.tbz.ch"|"quc1wr-LsNZZy-X6tBQC"
"marylene.mcnab@edu.tbz.ch"|"LK9Pn2-pp8lXM-QXl9qQ"
"gerald.blount@edu.tbz.ch"|"v3GCpV-SP86#l-WZml5W"
"clelia.shakelade@edu.tbz.ch"|"@XtTta-j1mX2u-D8MqVb"
"penelope.cridlin@edu.tbz.ch"|"hb7SmW-BbBT29-mayQ%A"
"maena.okuddyhy@edu.tbz.ch"|"aKvu%i-vO4YEM-2&Rucs"
"athena.keynd@edu.tbz.ch"|"zJJOTL-Nxv8sm-&y7L$j"
"cloe.dwine@edu.tbz.ch"|"IK26pv-9K#2Hu-tldU5P"
"josephine.browett@edu.tbz.ch"|"ceu54N-%@g%CU-tDZEED"
"audreanne.oscanlon@edu.tbz.ch"|"jUg4YY-nz2b5w-Okq6eO"
"fei.jeanequin@edu.tbz.ch"|"39Dc2u-nlu$$S-RtN5tu"
"lois.gormally@edu.tbz.ch"|"8K4Tvp-EbvZ7s-Ahjywy"
"marie-francoise.finnigan@edu.tbz.ch"|"ChCglW-Z62qtX-mmrsB#"
"leonore.trussman@edu.tbz.ch"|"&$ar0D-zOkNqD-@SYEFe"
"anaelle.trumper@edu.tbz.ch"|"se6aeD-m49Ql6-47S#od"
"clemence.dionis@edu.tbz.ch"|"KM6#GB-E#&5IJ-MBkWJv"
"lois.tranmer@edu.tbz.ch"|"0Rfvcj-iCDYYK-XPe5os"
"interessant.volett@edu.tbz.ch"|"apHE5Q-iC%%0e-RPM64@"
"personnalisee.deackes@edu.tbz.ch"|"o2MxyR-5ClPcG-#f4ftz"
"lie.vasiliu@edu.tbz.ch"|"a#twLl-rc1m6p-qRoWZh"
"dafnee.lamputt@edu.tbz.ch"|"e5UDj9-NYJf1X-v33mpJ"
"elies.bromige@edu.tbz.ch"|"rrwq@F-Yk6ser-ilhKor"
"helena.klosser@edu.tbz.ch"|"1TA3b0-fYR@aD-onHUQ0"
"andree.grim@edu.tbz.ch"|"KeUWMz-Zl%6YP-LVLTOM"
"verane.coldbath@edu.tbz.ch"|"KzRkvZ-I6MGjv-O0ABKp"
"helena.bethell@edu.tbz.ch"|"K#z%7k-$bqxf6-kNxaTV"
"kalliste.carefull@edu.tbz.ch"|"UvDj3&-JIDxH@-1v7Qu2"
"regine.odams@edu.tbz.ch"|"Z@c@&u-c%L66K-YR#z%2"
"len.stannus@edu.tbz.ch"|"9PjwPG-Z7ZJZ#-049$vp"
"angelique.works@edu.tbz.ch"|"i9ULlw-MEgm$t-4lQwFp"
"goesta.rheaume@edu.tbz.ch"|"DIFX%r-Fdclly-K@nC5J"
"maelys.tynnan@edu.tbz.ch"|"GkQ6JX-ysDBMd-KtjMhv"
"maelle.carlesi@edu.tbz.ch"|"jW&Ku8-PUNdum-LE732T"
"anael.spurden@edu.tbz.ch"|"0yb9bT-RQAfGE-D%bS7W"
"helene.pumfrett@edu.tbz.ch"|"X2bZs5-p4S%&x-0hKyPf"
"goerel.pearn@edu.tbz.ch"|"AYu7UU-XZWdn8-rOWxyg"
"laurelie.dezamora@edu.tbz.ch"|"VgUi0C-%T9vNG-YG05x9"
"yao.twidale@edu.tbz.ch"|"az0%Np-9@1k$y-1NP53Y"
"berengere.sola@edu.tbz.ch"|"qvkBa3-UZUAEK-q90uHt"
"maelann.hardistry@edu.tbz.ch"|"5Z3oWP-#0jWRQ-z9si%F"
"severine.littlefield@edu.tbz.ch"|"wyG21j-Yy%p@a-IkHPxR"
"salome.heinl@edu.tbz.ch"|"g7zbe0-hXFxf6-Zqb54@"
"meryl.warbey@edu.tbz.ch"|"2Zqng5-gmf$NA-H#4Zwh"
"da.hunstone@edu.tbz.ch"|"GL5TVg-pJ$XKj-jr5Qx1"
"venus.broadbury@edu.tbz.ch"|"OwN$ef-b1kbxV-uxDzjt"
"meghane.rentelll@edu.tbz.ch"|"FF&G8T-&JrWQs-RMBKj$"
"marylene.drewitt@edu.tbz.ch"|"HO%2n7-MtQ67J-aIIxVy"
"melinda.jacquemet@edu.tbz.ch"|"FNQrv4-wWYf@X-lvqA4b"
"marie-josee.keyden@edu.tbz.ch"|"b7s@bX-71XMzh-3p#XTR"
"asloeg.montacute@edu.tbz.ch"|"UdK7gf-HZqSoX-iuK2Qm"
"ku.andreou@edu.tbz.ch"|"aToojj-BSO4HW-@omYue"
"personnalisee.feaveer@edu.tbz.ch"|"fU0nm5-UcCQT0-%dd6FP"
"laila.emptage@edu.tbz.ch"|"M4Kyy@-CYG1Y8-4s0#Y9"
"bjoern.dawdry@edu.tbz.ch"|"rqX9hn-ypx#7Z-&l7HzZ"
"marie-eve.dinsell@edu.tbz.ch"|"sZhDaX-zmN1cP-dviOmO"
"helene.follett@edu.tbz.ch"|"iV1v5s-dv4voC-vBPg$K"
"penelope.cordero@edu.tbz.ch"|"59twl3-8zz36Q-Gq%ugk"
"boerje.beedell@edu.tbz.ch"|"MCjl5W-aBw6Nu-pFyTId"
"nelie.ferne@edu.tbz.ch"|"Awyc4E-9exsOR-O&Ttod"
"celine.ahmed@edu.tbz.ch"|"$78p%j-%@5UN1-IGjzC3"
"stevina.pimblett@edu.tbz.ch"|"RXT96U-KbQ91P-cL3bXq"
"chloe.langlands@edu.tbz.ch"|"6ws$X5-KZ9LBW-KKnbK&"
"simplifies.maude@edu.tbz.ch"|"P5ReCq-aDut2$-7vXx7n"
"genevieve.decarteret@edu.tbz.ch"|"@u46eE-rUYKnd-B#pVtg"
"marylene.mughal@edu.tbz.ch"|"nnLKC9-fOt09q-1dKvEG"
"goeran.guttridge@edu.tbz.ch"|"25Vt2D-LVVTWu-V#okZv"
"michele.smurfitt@edu.tbz.ch"|"k4eLic-sU6gJG-IHXGvq"
"methode.hadeke@edu.tbz.ch"|"50f#9h-NMl$ni-MjyN@Y"
"therese.rispine@edu.tbz.ch"|"NRzGtV-EupYww-rBmQ4Q"
"goerel.plumley@edu.tbz.ch"|"ee@lQd-8wCaVr-MyBmMP"
"oceane.friett@edu.tbz.ch"|"Yb%8s6-xA9Ma&-GoTo8M"
"marie-noel.achromov@edu.tbz.ch"|"SCevtb-fCasrU-nv4u$A"
"dorothee.storek@edu.tbz.ch"|"%lX6tq-#15j0F-spigRi"
"goesta.whittle@edu.tbz.ch"|"dTs48d-h14Sik-XVVzOw"
"desiree.casely@edu.tbz.ch"|"aECk1M-J6lfBR-h3W10A"
"felicie.condon@edu.tbz.ch"|"Z1XV3E-AvQ&#W-YT6ZEV"
"maelyss.frisdick@edu.tbz.ch"|"b4B8HY-NH@WXq-SazRXu"
"aimee.banke@edu.tbz.ch"|"@7YENc-4jkAzT-2NtGAX"
"naeva.hodcroft@edu.tbz.ch"|"2GgHuz-qXqdOv-bq3YD%"
"laila.gerrans@edu.tbz.ch"|"Q&x3f8-Xzz6AD-pjBqqL"
"daniele.scrimshire@edu.tbz.ch"|"j0G7Zy-ipW5XD-15wTzZ"
"daphnee.sheerin@edu.tbz.ch"|"wSXI8C-OsLZHG-Mj#$ui"
"pal.vanyukov@edu.tbz.ch"|"raFOP8-zdqj0n-xGek9U"
"zoe.childs@edu.tbz.ch"|"ubJ5PA-kE#F@f-0w#Vpg"
"ai.corde@edu.tbz.ch"|"v@0gD$-9Ao7&$-mohdV6"
"maelys.berryann@edu.tbz.ch"|"@1WNL$-OvTPkz-g32B3w"
"cloe.gladding@edu.tbz.ch"|"PlzS8&-caPnU6-mYsd9Q"
"wa.kinnaird@edu.tbz.ch"|"UIkW%z-&TSoIO-$O@iKe"
"publicite.brittoner@edu.tbz.ch"|"7@Mp1K-uA&mWr-vzm%j0"
"rao.windress@edu.tbz.ch"|"TGN4H9-VCclvb-IXLhR0"
"uo.kollach@edu.tbz.ch"|"3dcU2d-mE5hyS-pOb$sp"
"josee.peskett@edu.tbz.ch"|"kSygBp-SzI%KQ-BC&q18"
"annotee.hasel@edu.tbz.ch"|"0eOsgk-GnK9i7-2&ty7T"
"cinema.lee@edu.tbz.ch"|"EPOWXy-E6JWtM-EePSbd"
"lai.vedeshkin@edu.tbz.ch"|"W#VazL-Oc$O$@-cZoivV"
"renee.brisbane@edu.tbz.ch"|"NC2wDP-IzaX5a-N@tRev"
"ophelie.blincoe@edu.tbz.ch"|"6Lo0wX-Z6Ug5%-dBP5qM"
"zhi.prazor@edu.tbz.ch"|"0Z9vSe-e@1@YW-oXYx1W"
"annotee.maddicks@edu.tbz.ch"|"xbd2MJ-PFnaJ7-bwRTUR"
"maelyss.codd@edu.tbz.ch"|"vQ9QWK-2I24K5-c8#LeO"
"celia.peplay@edu.tbz.ch"|"rNVdMK-0GxE%N-9C@Bwf"
"interessant.skone@edu.tbz.ch"|"9dBl0Z-7wWZZg-K$A94y"
"audreanne.hebdon@edu.tbz.ch"|"545i6C-zS#AWc-%J3VZr"
"oceane.glen@edu.tbz.ch"|"kcItpg-oe1ikz-V$ZjSm"
"daniele.vanyushkin@edu.tbz.ch"|"IAS6Lj-TeTuyg-sDUJuB"
"daphnee.ayce@edu.tbz.ch"|"LOxG6T-RiyZf7-2yurxU"
"andrea.attride@edu.tbz.ch"|"LArlaR-I9L0HC-VsES@7"
"penelope.bridgwood@edu.tbz.ch"|"icv&au-5JR$%B-wZ#FtG"
"mailis.drewitt@edu.tbz.ch"|"u8DCp$-iafJSz-Q#wsVG"
"penelope.mollene@edu.tbz.ch"|"xNr6Gk-44FocY-@pJ0fT"
"illustree.keely@edu.tbz.ch"|"Kd7bKB-eujxN@-cpfQ1F"
"meng.brisseau@edu.tbz.ch"|"AXodgK-CgMkKn-T$TU5p"
"ruo.cleiment@edu.tbz.ch"|"y&EooV-1qyag6-$nT$fl"
"maite.krammer@edu.tbz.ch"|"TIDeDa-dBKjua-vf4ZAg"
"genevieve.verry@edu.tbz.ch"|"o2uV2C-OviJV0-VZhLZD"
"lea.olochan@edu.tbz.ch"|"vU#h#v-4gOGU5-16DafC"
"naelle.brunnen@edu.tbz.ch"|"k%x$On-GkFEqQ-JrkkGb"
"goesta.bragginton@edu.tbz.ch"|"f7GS1X-iW1O%M-WdoOr8"
"fei.danilyuk@edu.tbz.ch"|"ELliWr-esllrt-$7H4KA"
"adelie.turbitt@edu.tbz.ch"|"67ee%G-#NrE#&-fmApy$"
"marylene.nutman@edu.tbz.ch"|"gI7RXr-$3SKsX-9#11IS"
"therese.barbrick@edu.tbz.ch"|"ECJoxq-86GYqE-8WeaRJ"
"melys.kolodziej@edu.tbz.ch"|"JKeQR1-&Es0TW-StF&wl"
"melanie.runchman@edu.tbz.ch"|"F3UlqK-#z0bv#-BSJjz8"
"serena.lafond@edu.tbz.ch"|"jCp5i#-ux%xuc-n&Zx@J"
"pelagie.desmond@edu.tbz.ch"|"BAMM69-uWDlsX-6uNRGt"
"wa.spickett@edu.tbz.ch"|"yWrB9l-tzTD$v-8w#y%X"
"po.shave@edu.tbz.ch"|"3E3&nB-g#5iXh-OEkzKP"
"song.huikerby@edu.tbz.ch"|"CVVf%3-3Oj&L6-9URQpx"
"melinda.bimson@edu.tbz.ch"|"HdA2GC-kZkpSN-aAr$jq"
"personnalisee.toffanelli@edu.tbz.ch"|"Y#$A&M-0BSUXU-9yyZb1"
"leandre.hurn@edu.tbz.ch"|"IbY7R3-3Rtyah-jK@kuE"
"oesten.standell@edu.tbz.ch"|"m3L2Ag-l9RVIX-s185Rz"
"naelle.smaleman@edu.tbz.ch"|"TaGOR4-RxSD1Y-iifWpz"
"berenice.tayt@edu.tbz.ch"|"ytAoNz-Slyh5H-WCJnHl"
"kui.popplewell@edu.tbz.ch"|"x7adkm-S#$8#B-c8ZCAx"
"melodie.ferandez@edu.tbz.ch"|"Nob2#2-grgg7@-nBcEY1"
"josee.negal@edu.tbz.ch"|"bKZDRa-#0Wdg8-GEWu#d"
"melissandre.ferrelli@edu.tbz.ch"|"rX#Krv-qxg%iJ-kLNeck"
"josephine.kemmer@edu.tbz.ch"|"C4nE11-nrF523-8ipdBB"
"maely.cayette@edu.tbz.ch"|"SRM232-T102Tv-TemiX&"
"nelie.vela@edu.tbz.ch"|"o%knnK-PrRzQH-bXT#I9"
"melina.cortes@edu.tbz.ch"|"F&1kL0-6rmo23-aN49ZE"
"megane.leyshon@edu.tbz.ch"|"#M6y&2-di%hFM-Az#M8B"
"regine.harrie@edu.tbz.ch"|"PqZjhy-wC5%xN-3y4d#L"
"mylene.widdison@edu.tbz.ch"|"ikuFyc-0Ax@nk-HSD#g&"
"pelagie.vivash@edu.tbz.ch"|"ijOH@#-lgwKJ%-PVe@El"
"styrbjoern.vicarey@edu.tbz.ch"|"p9q58j-eF9Y$m-tLRyTz"
"long.kyles@edu.tbz.ch"|"OhJd06-Rs&XIo-gdPDIL"
"stephanie.gipps@edu.tbz.ch"|"BPc7jc-bch3@q-HXf7pp"
"clea.constantine@edu.tbz.ch"|"%rWc4H-YIDyyT-O5mfPa"
"maella.cometto@edu.tbz.ch"|"U%ZlkA-UvtD5U-@#WEo&"
"laila.aubrun@edu.tbz.ch"|"ibYLyQ-BZ%cUI-Wr3Oq4"
"yao.austins@edu.tbz.ch"|"9cuNN1-gDX@7d-OEJ#t&"
"mailys.rylstone@edu.tbz.ch"|"3FST6#-%L&bzu-22Esp%"
"adelie.curuclis@edu.tbz.ch"|"l5GwUP-C$ZR4b-NZhYKQ"
"celine.longhurst@edu.tbz.ch"|"Swrbp5-toIXfn-wIL5Z4"
"gisele.hazell@edu.tbz.ch"|"#uZ6zV-k2y110-i9cBJz"
"celestine.ciccone@edu.tbz.ch"|"QiI3Gk-rfv%3V-l6yH@F"
"maelyss.doole@edu.tbz.ch"|"IIqAgW-b8vRbm-crZzob"
"helene.grimsdike@edu.tbz.ch"|"u5sg1y-3t1$d$-k7ZDXv"
"lie.macer@edu.tbz.ch"|"OlyCoT-VL02uC-TJUjGK"
"maely.izard@edu.tbz.ch"|"fbGAYU-7Q&Vy@-l4UPgk"
"erwei.breewood@edu.tbz.ch"|"dufzHB-X2KUN6-Xf43#n"
"chloe.woolford@edu.tbz.ch"|"Pcn2WS-THcaGy-0WlPRH"
"cleopatre.turpin@edu.tbz.ch"|"4YTKTe-5igkP8-BTGANY"
"melodie.surgison@edu.tbz.ch"|"nVQZEF-b5X$9w-4ZP0lw"
"elies.leander@edu.tbz.ch"|"%BB$Ii-vvaBi8-zFyLk5"
"mediamass.reignould@edu.tbz.ch"|"zAkTk4-etHG8z-@stLXP"
"celestine.wasmuth@edu.tbz.ch"|"UkZ7N3-GDIJ4I-#mY56q"
"marten.jervis@edu.tbz.ch"|"fI1gv9-zAr5Qy-J58djW"
"daphnee.bour@edu.tbz.ch"|"%qUVKe-kDRlSC-9Z$hTI"
"regine.harlett@edu.tbz.ch"|"zPYlp&-@$$p2&-nCtaBc"
"noemie.macaskie@edu.tbz.ch"|"CZSLLF-6eB3YK-IaHF6F"
"loic.renfield@edu.tbz.ch"|"iq5t%z-tV3z#i-$FiLH4"
"venus.kleinert@edu.tbz.ch"|"l4mfsZ-HW9zpV-qVsVjP"
"marten.burlay@edu.tbz.ch"|"hrQSp1-rkOkkV-4i$Eco"
"berengere.radsdale@edu.tbz.ch"|"Xl9f@g-ou0E9v-AL8p@R"
"genevieve.duckit@edu.tbz.ch"|"TmMsTQ-T0ENJD-wkb%DQ"
"maely.ligerton@edu.tbz.ch"|"OyKPGy-OqKelE-J8amOm"
"maeline.ricciardelli@edu.tbz.ch"|"UuxIO8-XFUxW#-AUxv7I"
"personnalisee.yggo@edu.tbz.ch"|"eVRql5-YcYcAI-Qenv57"
"alizee.pettinger@edu.tbz.ch"|"UQJlsT-o5$hSz-lhR&rg"
"desiree.curnnokk@edu.tbz.ch"|"Ws&bVq-zbF5bZ-OlXDFe"
"dorothee.minors@edu.tbz.ch"|"tMzAL1-AGmwO5-15pVe6"
"oceanne.kopmann@edu.tbz.ch"|"$zOxaZ-upB&j9-cCrcaU"
"almerinda.brodbin@edu.tbz.ch"|"MQVyAx-88B@lB-M8Q$BN"
"yenora.carsberg@edu.tbz.ch"|"te2qCX-ZZQhUn-FJlrZl"
"wa.beetles@edu.tbz.ch"|"b1G78N-O4CYvJ-MXNIaO"
"audreanne.abbot@edu.tbz.ch"|"Mm1Jib-t9qCSu-n&&hIX"
"noemie.capper@edu.tbz.ch"|"wV$#$9-dg0V46-MY6hYk"
"mans.abramamov@edu.tbz.ch"|"5W5OiG-6KFRWy-w1uNQq"
"audreanne.blakey@edu.tbz.ch"|"HizVUB-@jZt@e-VBUmjR"
"leone.klimpke@edu.tbz.ch"|"3kAGL3-8GbVkQ-pEoP%W"
"lie.croston@edu.tbz.ch"|"0G@tBQ-m&YCt3-&5aRLU"
"anaelle.baistow@edu.tbz.ch"|"aOT4hP-UT&f03-TY&r#q"
"michele.garwood@edu.tbz.ch"|"OB@7ZY-g6Kh5L-1g29P8"
"interessant.albion@edu.tbz.ch"|"vgTP4Q-RB2PWO-Fjwonp"
"andre.brisco@edu.tbz.ch"|"DXSrIq-1lUcx5-Dr9sng"
"tang.totterdill@edu.tbz.ch"|"zeQe86-DblP7F-slIJGD"
"marie-josee.braundt@edu.tbz.ch"|"uhLjKL-6Z5m4N-detbbH"
"lois.galer@edu.tbz.ch"|"EaIi%6-QjX8M6-D&3vpb"
"faites.pellamonuten@edu.tbz.ch"|"Tcmd1B-Xzhz@B-HlRFH5"
"mai.barfford@edu.tbz.ch"|"Uqo4sy-Lkk5ZJ-Wp@ZcK"
"laurene.macilory@edu.tbz.ch"|"3mcCNN-qIx54Y-u%zhJL"
"elea.peak@edu.tbz.ch"|"CLVO7j-0hHy3v-n9vIfe"
"rejane.doni@edu.tbz.ch"|"CB3jd%-&OUzo3-Ux8fSX"
"mahelie.ector@edu.tbz.ch"|"G$FU&x-dD&5P7-asQs7j"
"rachele.allum@edu.tbz.ch"|"4BDtMU-m#YAV6-ZkNmkA"
"laila.gerretsen@edu.tbz.ch"|"T1T99v-cIzZAE-KBcOqr"
"ines.bowman@edu.tbz.ch"|"VstUbW-G7$Vbp-o&t2rv"
"publicite.barbary@edu.tbz.ch"|"X&%zVu-EOm#E#-gmYFHY"
"mailys.smooth@edu.tbz.ch"|"y%z5NQ-r@DOg$-A1$vLf"
"mailis.huguenet@edu.tbz.ch"|"%jc9OS-5wBsgx-Yn@PO8"
"lea.ewer@edu.tbz.ch"|"HsmF52-oylwww-Wex$td"
