"email"|"password"
"melodie.vandervlies@edu.tbz.ch"|"2SsBl0-e4l4B7-wp$Dgt"
"angele.edgecumbe@edu.tbz.ch"|"y1ttsb-$tjStP-TGad7J"
"zhi.andreasson@edu.tbz.ch"|"PPpipM-vTHBSs-1KkjoL"
"judicael.koppeck@edu.tbz.ch"|"inHAA9-ltZJ&W-TzDmia"
"berengere.capron@edu.tbz.ch"|"3uFzrv-RY82SC-@XN8#1"
"leonie.brosini@edu.tbz.ch"|"yR5tm0-bbfY8t-qx#Nux"
"venus.garfit@edu.tbz.ch"|"qbUZjN-SnQsfg-CG1xu7"
"melina.janota@edu.tbz.ch"|"8sQTOg-eSFEkK-bLN$qR"
"laurene.bake@edu.tbz.ch"|"i#YiBo-@TQBYm-HTRBzp"
"regine.dorkins@edu.tbz.ch"|"apTMcu-jGKQkw-dAHZez"
"cecile.moffet@edu.tbz.ch"|"qGuZBV-UXdPC1-RLBjjW"
"maelann.labrone@edu.tbz.ch"|"xgsscN-Z5#ldX-nFCm2A"
"melinda.newbold@edu.tbz.ch"|"PB02Zm-8#UANV-d#6JBj"
"mans.itzhak@edu.tbz.ch"|"sFtl3p-n0$l0G-d5UFMd"
"melodie.pattlel@edu.tbz.ch"|"a14vi2-dqgc1p-Ssr6Ui"
"celine.bonett@edu.tbz.ch"|"bV3OM0-@pp3XT-@Z0gPj"
"adelie.mcgreal@edu.tbz.ch"|"BcTv4k-BE$Skj-LTV2zW"
"helene.soldan@edu.tbz.ch"|"OQ&Bgz-uqNJUx-XhHptw"
"michele.cluer@edu.tbz.ch"|"dTqkxk-naODtx-xKeUL9"
"maeline.mueller@edu.tbz.ch"|"xbE3AJ-L7YNqX-jvwK45"
"maelann.benedito@edu.tbz.ch"|"u5AfC5-uf0akJ-LlGdm3"
"nuo.gransden@edu.tbz.ch"|"ot3pqt-GRGIPo-ALKDgT"
"berengere.stainton@edu.tbz.ch"|"fKjERh-v7JROv-jpTH7T"
"wa.sabater@edu.tbz.ch"|"0Cjaw3-txC5aX-qwJIJi"
"anais.cochran@edu.tbz.ch"|"%o6a0o-YMg75r-tr00We"
"gerald.bessant@edu.tbz.ch"|"M2Lmyv-tDzN#4-7vyuj3"
"ruo.coffin@edu.tbz.ch"|"CSdYLo-@@HNZn-W6E1Vg"
"melodie.mustill@edu.tbz.ch"|"TXfRAU-cyT@FX-Zh4U3a"
"ruo.stanesby@edu.tbz.ch"|"ItH0qZ-RMJ%cT-dOKXCw"
"noemie.antognelli@edu.tbz.ch"|"zscXFG-cWzwv#-QJIASa"
"maelann.hughson@edu.tbz.ch"|"tvmXyi-ZawBkW-wwlHF8"
"milena.mieville@edu.tbz.ch"|"m8GRsO-%OVHLO-Ba9cTB"
"mailys.chamberlin@edu.tbz.ch"|"bNpt$6-YABqL3-pPuJm1"
"nadege.tomalin@edu.tbz.ch"|"jTi63h-4CuujK-$n6#Px"
"oceane.omara@edu.tbz.ch"|"@F5YXi-ocxlwe-hziKXL"
"cecile.aguirrezabala@edu.tbz.ch"|"@sXrnT-lAE5me-7wZtJX"
"maella.gwillim@edu.tbz.ch"|"kx0ZdC-IOP@$c-Y2tz2n"
"lea.mcgahey@edu.tbz.ch"|"ytrHh4-#WJc2e-W@xXqL"
"laurene.hagerty@edu.tbz.ch"|"AQfYAk-BIw%CM-Dcfeby"
"dorothee.link@edu.tbz.ch"|"T5q@CD-I$Q%bW-Bs%xxy"
"clementine.kynsey@edu.tbz.ch"|"McQ56d-ehJW9l-Jdix3w"
"lorene.smitherman@edu.tbz.ch"|"LllJRg-jmtxh9-HuXSJp"
"cleopatre.klulicek@edu.tbz.ch"|"jdwTat-&0fBQt-eNh1jz"
"laurene.castaneda@edu.tbz.ch"|"ZYrG5d-5aktI4-wAyqkz"
"melia.constant@edu.tbz.ch"|"qZVFZk-R8OFmo-UJCY28"
"lucrece.clunie@edu.tbz.ch"|"nasbG1-zNvs4v-pAqmuj"
"eleonore.mcmurthy@edu.tbz.ch"|"fmJvaQ-EcKFqH-87xn0&"
"melia.bevar@edu.tbz.ch"|"okpclf-QUKTEk-gnkPXf"
"camelia.bontine@edu.tbz.ch"|"vWlbU6-$h4QUF-nZEP$R"
"methode.jozefczak@edu.tbz.ch"|"E5CY8y-A8m1iZ-AUsx6R"
"audreanne.hinsche@edu.tbz.ch"|"sDeacx-wJLCW9-MREeZZ"
"andree.varne@edu.tbz.ch"|"GX4Cji-rmi6Vk-2ooJZl"
"marten.kinleyside@edu.tbz.ch"|"UlYH&N-WmtY&T-alwyv5"
"esteve.mcewan@edu.tbz.ch"|"tJtiRe-ZTbDG$-7oOi4q"
"leane.dibbert@edu.tbz.ch"|"qjklQV-JY2Dcq-KX8z6a"
"ma.thewlis@edu.tbz.ch"|"6xQ2KJ-x9$Vax-mDHHiC"
"clea.djurkovic@edu.tbz.ch"|"jX46eW-a8rI86-LlW0c@"
"rachele.reburn@edu.tbz.ch"|"$v8wlF-TYLIlz-N4&dC#"
"gerald.gowling@edu.tbz.ch"|"kA@vp9-q%LgBe-e6kTU&"
"cleopatre.jackson@edu.tbz.ch"|"tddUNC-L2SNJ0-mErqcA"
"desiree.haskins@edu.tbz.ch"|"aC4aGJ-dlFAvV-uFP9qt"
"eleonore.longson@edu.tbz.ch"|"MeQKA6-HJu@Bv-rz$1xU"
"leane.dybell@edu.tbz.ch"|"S1VSD8-JlQuS5-@8r#G@"
"becassine.grzesiak@edu.tbz.ch"|"kHXOZd-9K9Z4a-18VyCj"
"marie-josee.pickin@edu.tbz.ch"|"20XAL6-$urPwj-tHVl1M"
"marie-josee.roxby@edu.tbz.ch"|"8dWTw5-uzd@Ue-GT@Sq$"
"leonie.feenan@edu.tbz.ch"|"Y6iN5X-HayKGX-I&iWhf"
"valerie.ellum@edu.tbz.ch"|"9OvQk9-41mCe7-0Evfwe"
"ju.caseri@edu.tbz.ch"|"16TfEO-yMvzru-l8D2$%"
"boerje.strangman@edu.tbz.ch"|"sWNsor-89BScq-Baq%ZG"
"beatrice.ghidelli@edu.tbz.ch"|"vk2Mdu-xv9EI6-Omv%N%"
"da.jablonski@edu.tbz.ch"|"4$zxMP-JIesNN-q%8@jT"
"uo.beveridge@edu.tbz.ch"|"%DZL1u-oxMFr3-Wg@OXH"
"valerie.bestman@edu.tbz.ch"|"ByP#3G-KZpvGa-8xjCsE"
"marlene.pohls@edu.tbz.ch"|"f6Wbfn-&U2ZUW-3n@#6O"
"ma.nolda@edu.tbz.ch"|"9nXhLG-fo%4kZ-w2R%6D"
"marlene.bisiker@edu.tbz.ch"|"KwfYVp-n2o59F-TZ7xca"
"estee.babon@edu.tbz.ch"|"d2j1rj-3BSQeJ-VJnfkN"
"simplifies.dmisek@edu.tbz.ch"|"PauxoZ-RJx6RA-T7OOz$"
"selene.ganing@edu.tbz.ch"|"eDmaeT-QwZiCk-O4AE61"
"meryl.penke@edu.tbz.ch"|"&a%OF%-HpUUH4-fGs0EG"
"anais.rawcliff@edu.tbz.ch"|"s00I7J-4GBP&n-x&24dz"
"melina.andri@edu.tbz.ch"|"gmaVYu-QYcGfQ-UoDskA"
"audreanne.fodden@edu.tbz.ch"|"V@h3hO-%r7#$d-lcTF31"
"bjoern.spellesy@edu.tbz.ch"|"lgbeqJ-Jyr4U0-gpzdkb"
"francoise.summerscales@edu.tbz.ch"|"q@y7Nd-ycz%Wl-3lGR3a"
"laurene.ashtonhurst@edu.tbz.ch"|"tX#iXz-35tDNE-Fv2B6h"
"valerie.petters@edu.tbz.ch"|"%9C5H0-XY0nwT-hQSfbS"
"anael.spenclay@edu.tbz.ch"|"WpUEav-ds3H5U-I4K9V@"
"stephanie.keech@edu.tbz.ch"|"OUIhOB-7xGcyF-qBlDax"
"ines.deveril@edu.tbz.ch"|"JArbF2-f8mJpR-CNM66a"
"berenice.gelder@edu.tbz.ch"|"jRnGQx-8K@g0F-96QV2m"
"melanie.ofogerty@edu.tbz.ch"|"yhu&0K-MULF&T-FWpYD@"
"frederique.canepe@edu.tbz.ch"|"e#OZPl-z6S3#C-yG0kIq"
"nuo.otton@edu.tbz.ch"|"PwOys8-pRrxp&-5$YebC"
"genevieve.trusler@edu.tbz.ch"|"INFpbB-lOUJ@k-IfyWvx"
"ju.boag@edu.tbz.ch"|"6K2733-reF$dg-$8##AI"
"josephine.dilucia@edu.tbz.ch"|"vvst&Q-cApx3A-XUJ4o#"
"laurene.armsden@edu.tbz.ch"|"0Hiykd-xmKkGL-9$coty"
"becassine.griffe@edu.tbz.ch"|"d$mWPj-N&hirv-%xBsh&"
"alois.parres@edu.tbz.ch"|"27pma#-sBl3om-K@%UAu"
"cleopatre.gaffey@edu.tbz.ch"|"$7tQLh-d8OTfx-@qAx7v"
"andre.stiger@edu.tbz.ch"|"mg8Hmj-esRF0u-lCdz&b"
"beatrice.godleman@edu.tbz.ch"|"Q1@LZr-095%Av-w6OEJu"
"hakan.harrhy@edu.tbz.ch"|"utpvc9-jJR0UR-@x3h0L"
"celestine.dagnan@edu.tbz.ch"|"Q&hns&-yPJC96-2lXZPq"
"clemence.haggart@edu.tbz.ch"|"%DFgOr-FOvFMF-F%WihQ"
"long.caban@edu.tbz.ch"|"M$axgS-kB9b&2-fCdaBL"
"gaetane.grimble@edu.tbz.ch"|"83W02J-LbeNlV-l1wQQW"
"maelann.piwall@edu.tbz.ch"|"acb#lH-p@V6eh-icFcKe"
"magdalene.loble@edu.tbz.ch"|"DsZk%D-mEPBfl-t12g@B"
"veronique.domaschke@edu.tbz.ch"|"T$DA1Z-mLF$hM-MZ#Yp9"
"clea.herity@edu.tbz.ch"|"AhFHrb-Qzb#os-U%&9kQ"
"maelann.bambrough@edu.tbz.ch"|"@#dkVl-t6BE#L-V9RjQo"
"clea.goulstone@edu.tbz.ch"|"QTMeLh-Ms$vX5-lHshA3"
"renee.deleek@edu.tbz.ch"|"xEAhWI-R8$LeH-deT#bN"
"boerje.rudderham@edu.tbz.ch"|"0FqjSW-Z9Aj@X-KJ@cLJ"
"marylene.broune@edu.tbz.ch"|"x8iNw6-vr%law-Mhl3gx"
"nadege.mccuish@edu.tbz.ch"|"yr59%@-%LKg@%-D9Rbq6"
"anael.littleover@edu.tbz.ch"|"%yN1kT-4Evfwj-tu2TQ7"
"lie.baume@edu.tbz.ch"|"eARah&-a4eSrx-yfM5Ro"
"maella.murrow@edu.tbz.ch"|"wQ02Fk-gi9X6R-xGSFvl"
"cleopatre.pettifor@edu.tbz.ch"|"JIxsWp-cX&%rC-C&zdjY"
"geraldine.asker@edu.tbz.ch"|"CLgVvB-6N0PV3-@hzkg7"
"gaetane.smedmore@edu.tbz.ch"|"jALpra-#EUceD-$IMIzg"
"meryl.blencoe@edu.tbz.ch"|"6W&NeM-&jkc3n-&74hFJ"
"aurelie.chastaing@edu.tbz.ch"|"BY&bVv-SkdtNg-c9GEQY"
"oceanne.marthen@edu.tbz.ch"|"fMggj3-BTwidk-Ci9LQH"
"dorothee.burrill@edu.tbz.ch"|"bIu$uE-d%8BjO-aNEXcR"
"hakan.belden@edu.tbz.ch"|"coENQc-hpk@uu-eD5Yl3"
"celine.brunning@edu.tbz.ch"|"K7VsTg-EppXV&-NpiT9r"
"anael.lapides@edu.tbz.ch"|"NH@ozP-QJPZg%-Qek8Yk"
"ruo.saffran@edu.tbz.ch"|"w$22WU-kklq3M-UNK@5n"
"loic.gerretsen@edu.tbz.ch"|"QHce7H-GhLdPC-zSYdBm"
"rui.fitzer@edu.tbz.ch"|"@z8rnO-zYTxj1-rzL&nt"
"annotee.ogers@edu.tbz.ch"|"cJBsNe-Q42EAz-lwixqu"
"boerje.bindin@edu.tbz.ch"|"wRBS3@-$tqZiX-%fzTcO"
"ma.cronchey@edu.tbz.ch"|"X&BZw0-JcaVhl-zGYYyo"
"laurelie.baiyle@edu.tbz.ch"|"t7QyhG-iJIEOW-ZDvg29"
"dorothee.older@edu.tbz.ch"|"4d&ITK-$@2@15-@cu1fc"
"laurena.wile@edu.tbz.ch"|"dLB3Wc-93hk3n-9bXTXW"
"clemence.brito@edu.tbz.ch"|"Oj#DUL-5GBJb8-v7sIgc"
"nadege.dallin@edu.tbz.ch"|"lkTbEf-DZ03QE-Esm2oj"
"mailis.matley@edu.tbz.ch"|"1lH&a5-1zBDRT-G4tlhe"
"daniele.screaton@edu.tbz.ch"|"WW7hS3-&dcno5-4@xI4L"
"mediamass.godly@edu.tbz.ch"|"dxLw0l-hA6Rg3-zzRfd3"
"leone.kremer@edu.tbz.ch"|"9J7O#N-1NkX6m-GnXGX%"
"asa.adrian@edu.tbz.ch"|"7XC7&Y-dM6AB4-l8bhBo"
"adele.doley@edu.tbz.ch"|"OWAdLC-3G3@zS-k2H8Hy"
"fei.sidney@edu.tbz.ch"|"TqJSS7-6snFzU-jbxfQ@"
"marie-josee.walisiak@edu.tbz.ch"|"FTi3iv-2MQAFd-MEo2Dx"
"desiree.diplock@edu.tbz.ch"|"ohCEhO-LOo6Qb-rlfEgX"
"gisele.schust@edu.tbz.ch"|"u&N7wE-7e#ykJ-QcrH1A"
"ma.longshaw@edu.tbz.ch"|"JAObB$-kjchFI-bbh@GE"
"da.boother@edu.tbz.ch"|"%mIkDn-yh%48N-VEUnz4"
"simplifies.chaudhry@edu.tbz.ch"|"SwGkPV-su6SC%-fMekFL"
"garcon.baniard@edu.tbz.ch"|"70aB&D-QGQ0Js-3MIMxO"
"gaetane.elphee@edu.tbz.ch"|"LyY$u$-Owje$P-hiPea%"
"gisele.hassey@edu.tbz.ch"|"HQh47f-G5gkJw-1bc7wp"
"oceanne.booley@edu.tbz.ch"|"j3xxN#-NhKpZP-wE3K@d"
"oerjan.dibden@edu.tbz.ch"|"7JC#6e-@xiwYc-l6oQ&3"
"regine.ocleary@edu.tbz.ch"|"LTe%dQ-TIzAFm-RpBLxJ"
"selene.persse@edu.tbz.ch"|"9pEVss-f%WcVJ-4cnj@T"
"helena.adenot@edu.tbz.ch"|"enhB8U-j61CEX-Z9N9r7"
"maelann.wassung@edu.tbz.ch"|"hOmnIP-5W#@w@-Z%VzWF"
"frederique.ackermann@edu.tbz.ch"|"1bycTj-i7CGVI-4%bit8"
"audreanne.kahen@edu.tbz.ch"|"C&AssJ-2chRDd-DooU1c"
"maiwenn.lasty@edu.tbz.ch"|"AVPr%x-%#zLqu-glK0WM"
"yu.dictus@edu.tbz.ch"|"M18AO6-e#pyOT-NXA3c4"
"anae.dukes@edu.tbz.ch"|"1btX0%-1&Wn3D-UPf6i5"
"yenora.warr@edu.tbz.ch"|"%k471h-dk9Zb3-3alaHZ"
"esbjoern.archibold@edu.tbz.ch"|"EjrTon-AnIhr4-F5ytNO"
"milena.pardal@edu.tbz.ch"|"@Fe3cQ-xiTKk%-0oV99I"
"celestine.graveston@edu.tbz.ch"|"CAorg7-WaXvsq-qOmk&p"
"maena.dallas@edu.tbz.ch"|"D9%oks-lxMXUu-lhNlp5"
"andree.tuke@edu.tbz.ch"|"sQgJ1e-o0EII6-c#NQ%s"
"methode.seldner@edu.tbz.ch"|"ANgEBy-QUZFYL-p$QWIM"
"venus.bullas@edu.tbz.ch"|"Ro7rjY-s#yquK-vnKdBh"
"mans.aguirrezabal@edu.tbz.ch"|"npsSrp-%YJxfb-YGVY$M"
"gaelle.eadington@edu.tbz.ch"|"TuCBN6-o$RcXI-Vy0byA"
"anaelle.falkner@edu.tbz.ch"|"nJW2ub-WN&#pi-NHt#BK"
"ophelie.height@edu.tbz.ch"|"Imve@l-j#OzqB-pG9iMd"
"marten.bolding@edu.tbz.ch"|"V44ePC-OsO&8w-PNL2QB"
"pelagie.guswell@edu.tbz.ch"|"plkHyx-%dPv85-gQo7Z$"
"gwenaelle.lecount@edu.tbz.ch"|"mQOzqz-mpw1w1-mx2bHu"
"hakan.laden@edu.tbz.ch"|"6UUA5B-bHwUqE-CpCNGJ"
"marie-josee.hylands@edu.tbz.ch"|"RRpGP@-$ISuNZ-%vrpIS"
"zoe.kingshott@edu.tbz.ch"|"tCnTrF-RaNdYf-S&xAE7"
"josee.janous@edu.tbz.ch"|"XvlHO1-HfcSb&-iuI05L"
"laurene.gallally@edu.tbz.ch"|"BbUS$N-Nzmc&a-%g482q"
"anael.bickle@edu.tbz.ch"|"qB1Lym-xR%209-Khgu9r"
"mediamass.lebbern@edu.tbz.ch"|"KYVrI5-WTQqNF-ERZ&Nj"
"berengere.hovy@edu.tbz.ch"|"nLLMaO-5CCBmt-oO#1cl"
"oerjan.kilmurray@edu.tbz.ch"|"UOh2&g-g@Vjun-PJ%kd0"
"asloeg.venny@edu.tbz.ch"|"h9lA8E-pZ5KQc-vjRSXe"
"marie-noel.stoad@edu.tbz.ch"|"mG87FJ-Turv8p-p3lUJm"
"hakan.pettifor@edu.tbz.ch"|"StnFrB-BNYex$-XqDK6E"
"maella.willgrass@edu.tbz.ch"|"pLRM%7-B4nk2h-SqRkzX"
"therese.ludovici@edu.tbz.ch"|"Kxyl2X-Z5S1OX-potN8J"
"stephanie.trewhitt@edu.tbz.ch"|"QYhFSa-G$8nrV-d6@R@X"
"maerta.bauduccio@edu.tbz.ch"|"LYUsDL-kdZD7O-%v8e2m"
"gaetane.glaisner@edu.tbz.ch"|"&xTUCy-sTkq&a-fa3iIU"
"naeva.pargeter@edu.tbz.ch"|"0S8tbD-yNbz7A-GmIKmN"
"salome.venable@edu.tbz.ch"|"zPR#Mc-LBkcfn-%rWV3F"
"boerje.thickett@edu.tbz.ch"|"qqI@Pp-AYEPvS-IKxIz4"
"lucrece.prendergrass@edu.tbz.ch"|"2nY9w0-1z9x%#-hr3WpE"
"laurene.ockleshaw@edu.tbz.ch"|"1#eSRo-RH#ZLK-Exrsu7"
"cecilia.pasticznyk@edu.tbz.ch"|"VIh@Og-Ah$CA$-7fq#Q5"
"stevina.mackey@edu.tbz.ch"|"GuA#2Y-58j6Nc-Fspejp"
"marie-noel.reven@edu.tbz.ch"|"vkcNbj-MXmIr0-ft447Z"
"melina.quilkin@edu.tbz.ch"|"wpVhVo-zkb5mm-75gqfc"
"marie-noel.ferrie@edu.tbz.ch"|"0A$Zh0-WU1&nX-hXDR&u"
"leone.alphege@edu.tbz.ch"|"jNtr@A-irz@Cy-IAQlH$"
"zoe.leverson@edu.tbz.ch"|"NS%06&-6ZDz49-wNrdJt"
"annotes.grayne@edu.tbz.ch"|"UohvK8-vH$0s0-#8JT%k"
"faites.lalley@edu.tbz.ch"|"oA3C1W-H66WtR-##4exQ"
"adele.wallis@edu.tbz.ch"|"YC0KMQ-vBIwBF-%%TMw%"
"severine.madill@edu.tbz.ch"|"VrSjfB-s@Id3I-OZu3@1"
"valerie.tebb@edu.tbz.ch"|"qAPY$n-djX2Pv-ShnHxp"
"kalliste.rasper@edu.tbz.ch"|"WTkWMJ-NUluh8-WTrmKz"
"audreanne.palomba@edu.tbz.ch"|"4MPmPA-S%Qg$d-qQnHG1"
"elea.adamik@edu.tbz.ch"|"RHKBva-IWaxUh-JhW$IF"
"reserves.jakuszewski@edu.tbz.ch"|"&3eqmI-zNwQdW-wXxHhk"
"athena.belhomme@edu.tbz.ch"|"Q9FU1q-kZv7@I-D7LAAh"
"rebecca.crippin@edu.tbz.ch"|"nTIAAw-mACuC7-KSSBMQ"
"maiwenn.curman@edu.tbz.ch"|"RXC#UC-b1Yquz-mcvFQd"
"andree.bunner@edu.tbz.ch"|"m2tgWu-ppWz#7-VdFIut"
"ruo.winckles@edu.tbz.ch"|"jfcMu@-MT085q-%9&cN$"
"naeva.buntine@edu.tbz.ch"|"pwSRQU-d4ud8k-6%%rXK"
"boerje.dollard@edu.tbz.ch"|"hVv308-iP$wM&-7mm2lp"
"penelope.gorman@edu.tbz.ch"|"$ET#0K-$PSyiU-0NddaG"
"alois.robelin@edu.tbz.ch"|"51@E8U-W9uHg9-obxqSc"
"anaelle.tindle@edu.tbz.ch"|"xt95cp-Q@&iJP-3DShB1"
"ye.frears@edu.tbz.ch"|"bceYpN-SRLf&Y-metNg7"
"andree.ovid@edu.tbz.ch"|"$rn@Zc-x7k22E-uNXQKQ"
"hakan.peat@edu.tbz.ch"|"VzYpqG-ZoxNXn-Q&LLJo"
"andre.januszewski@edu.tbz.ch"|"CTF2fe-&bApcA-XXN6Mv"
"annotes.clemmett@edu.tbz.ch"|"jRj9Bp-Lmjd%C-oIoa&G"
"pal.lambswood@edu.tbz.ch"|"x7#G2V-Fs9o@x-X95uj#"
"yao.lenton@edu.tbz.ch"|"i6sy1t-NP16F1-3GTe@c"
"hakan.boyton@edu.tbz.ch"|"o0w1I5-0nO#A6-kNBUWN"
"nelie.forsey@edu.tbz.ch"|"9FwSt%-mhQANJ-@i0pF8"
"hakan.horche@edu.tbz.ch"|"jtKw2#-CidVnH-S#oLop"
"lorene.sinkings@edu.tbz.ch"|"jt7hS@-17QkS3-q&5RYQ"
"marie-therese.creddon@edu.tbz.ch"|"0$XiRS-%WngWW-bh2lzU"
"berenice.tolworthy@edu.tbz.ch"|"uMnjSf-czB87O-EHFd&0"
"theresa.land@edu.tbz.ch"|"0TiNEb-v@dyEb-TIuczy"
"marie-therese.gianilli@edu.tbz.ch"|"DDl%3O-ZWCf@7-RgrDhv"
"meryl.glew@edu.tbz.ch"|"dfgFA6-DE9ii1-8YPqz8"
"adele.debling@edu.tbz.ch"|"KguxT9-3xEGeg-3sf1SX"
"anae.metzke@edu.tbz.ch"|"CoTlKq-rN34fx-3IFbFN"
"gaetane.gooden@edu.tbz.ch"|"2Bv9wS-I%3Pck-L71It#"
"laila.bootland@edu.tbz.ch"|"97MjR4-khCQVh-4Yfwl7"
"maite.helsdon@edu.tbz.ch"|"SZizqW-ZowcYD-J7k78W"
"andree.malley@edu.tbz.ch"|"nsiq%4-Y%$F%#-aYAObM"
"pal.simmens@edu.tbz.ch"|"DM2%Ih-xcjIKf-$Y@Ts7"
"maelys.nuccitelli@edu.tbz.ch"|"0tsVzD-0PMOz2-zSo%wp"
"dafnee.sibary@edu.tbz.ch"|"6pU9ol-KEyOfc-e600SG"
"alois.harsnep@edu.tbz.ch"|"MJLUW%-jKNTOL-Z2gQK#"
"marie-helene.lacky@edu.tbz.ch"|"&NkdvK-Dh6m42-Aln&Kb"
"mylene.youthed@edu.tbz.ch"|"@ABPGF-lPloCx-FbEQ4Z"
"marie-helene.dehmel@edu.tbz.ch"|"xkd#Gy-T0GSSB-Bk7bsj"
"angele.batman@edu.tbz.ch"|"ZFig#p-RSQ4T%-m3DNm@"
"melia.younghusband@edu.tbz.ch"|"QtFJBB-KiMLUS-hpTKaA"
"eloise.baldi@edu.tbz.ch"|"PM0$s#-HUpG&R-#w9j8y"
"illustree.dun@edu.tbz.ch"|"dRTa$K-3Sz%7W-kT6sDg"
"genevieve.late@edu.tbz.ch"|"&fGPa%-#AoHLc-DOXcC@"
"celestine.colville@edu.tbz.ch"|"At43OO-6KMIct-lx#RF$"
"gwenaelle.scarlon@edu.tbz.ch"|"BGobCT-8AnQEy-hH14fl"
"regine.boddie@edu.tbz.ch"|"W1w1C@-LNnkpu-6TRzhk"
"creez.gaughan@edu.tbz.ch"|"@p13Uo-xZYVvL-EyealO"
"gaia.longford@edu.tbz.ch"|"5a64GL-Da5vVa-#@qs@9"
"mailis.buckby@edu.tbz.ch"|"D4BKdz-L&nH6P-F1hd&#"
"song.parbrook@edu.tbz.ch"|"p8RX2B-Oh5XKs-Yc@1Nc"
"frederique.heddan@edu.tbz.ch"|"5xj3Z6-UR5lRh-puQ@44"
"ake.kirtlan@edu.tbz.ch"|"4QgeaF-8jVVvG-3nzAJT"
"nelie.runciman@edu.tbz.ch"|"DmQXK&-PsDN1@-DGD3La"
"mailis.cardnell@edu.tbz.ch"|"xV5grp-&6QaHR-CyQhxr"
"irene.navarro@edu.tbz.ch"|"EUAjo9-Peb9Pj-BpqWit"
"maite.cough@edu.tbz.ch"|"zsM6UD-Zk7ds7-lo0d%Q"
"anaelle.stocky@edu.tbz.ch"|"Ul@Y@e-Z$ZAl9-MCij5z"
"methode.moulder@edu.tbz.ch"|"D&MdEA-FUXwIx-guTN1K"
"po.stafford@edu.tbz.ch"|"e@%@vx-N5p5zU-bGZ@gw"
"faites.scraggs@edu.tbz.ch"|"pq%FcH-YPhRrM-Ikfomj"
"adelaide.dullard@edu.tbz.ch"|"JKM1sx-qjfH4I-4YIJpv"
"desiree.leonard@edu.tbz.ch"|"sEYf01-WxstUC-szmOcR"
"geraldine.badgers@edu.tbz.ch"|"s8y@h@-U3ymVB-$62OTm"
"ruo.masic@edu.tbz.ch"|"45UpaX-QitWBv-nl9gya"
"aurelie.lieber@edu.tbz.ch"|"EHuVSY-HOQGiC-xfWI6Y"
"naelle.balcock@edu.tbz.ch"|"PymwlO-4oZBZA-feE#me"
"camelia.elger@edu.tbz.ch"|"17y2t4-3YgUsY-ugVAad"
"publicite.oakeshott@edu.tbz.ch"|"04H@#0-qhY#ON-mIH$wL"
"cleopatre.fawley@edu.tbz.ch"|"be4uDy-JhzjRR-i6x6Hv"
"laurene.bruckmann@edu.tbz.ch"|"VZW$9s-vhKPRx-uagfpp"
"rui.haughton@edu.tbz.ch"|"Asa8Mo-JXIBAZ-04cRHD"
"asa.ladewig@edu.tbz.ch"|"BX9Ctt-fpykqH-JlNHV4"
"gisele.janecek@edu.tbz.ch"|"zu%bq0-GpCwe7-dKqGI#"
"maily.loveridge@edu.tbz.ch"|"eVog0z-rO9MQm-hs2Z#O"
"marie-eve.yurkiewicz@edu.tbz.ch"|"DNuQI3-Lqy#D$-xqTsVi"
"fei.roder@edu.tbz.ch"|"EycP&A-W0Ma8a-O7SLO$"
"edmee.chatburn@edu.tbz.ch"|"3dJ8ch-wVpWeq-@EJNtW"
"geraldine.darke@edu.tbz.ch"|"&qkz63-e0lUHo-GXE7DM"
"ye.jira@edu.tbz.ch"|"4kZ4Mh-ZdRX3c-yrHt7u"
"publicite.persent@edu.tbz.ch"|"0YQ4gF-F4D&HF-0Xs02H"
"severine.wilcox@edu.tbz.ch"|"F2Uvol-PXFPxX-ryooHm"
"yao.mcclaren@edu.tbz.ch"|"4CbgUw-0cGxjC-XRYF5s"
"theresa.foynes@edu.tbz.ch"|"OMwBE2-PSLeP0-vpycxp"
"stephanie.isley@edu.tbz.ch"|"KsHWj0-BYYoj2-9i6hM2"
"torbjoern.growy@edu.tbz.ch"|"2hYNCA-OlptnT-TyBnBO"
"eloise.tunnadine@edu.tbz.ch"|"q3b1rf-pV3i6S-JBs7HM"
"maeline.cossentine@edu.tbz.ch"|"Z9p9UD-wDMm1Y-S4Vo%@"
"nelie.desantos@edu.tbz.ch"|"x&FNVc-UFfHOS-tl1ro3"
"gaetane.axston@edu.tbz.ch"|"BwgT9V-aWrm4i-v7D$#Q"
"aimee.merman@edu.tbz.ch"|"OmD#&a-oJq5zV-3KT$kr"
"oerjan.drivers@edu.tbz.ch"|"Rq2mFx-GABopi-fJHmbq"
"aimee.miroy@edu.tbz.ch"|"RjQDiF-W#bMnB-qiwN5J"
"nelie.glyde@edu.tbz.ch"|"KNMMMj-yMEPTe-bvO&j$"
"hakan.kapelhof@edu.tbz.ch"|"p$c&sl-1NMxu%-dasMDP"
"maelyss.cauley@edu.tbz.ch"|"pfXkow-EYcplK-Fz5o1q"
"elea.vaggs@edu.tbz.ch"|"@bUQ#2-fo8CIM-fJBdO5"
"maelys.but@edu.tbz.ch"|"xqSGS%-EnRTBj-HfAf4x"
"maella.arthurs@edu.tbz.ch"|"lhr3G$-IrmC#1-qYUAJJ"
"adele.liebrecht@edu.tbz.ch"|"60o#pR-LijKT4-pUz1Og"
"meline.lomasny@edu.tbz.ch"|"3jz7eT-3#yS2A-&lbwX@"
"mediamass.schwant@edu.tbz.ch"|"X4E9tF-X%sGoc-Yw3s#b"
"leone.saunt@edu.tbz.ch"|"QNG7#P-kazaRP-6UzJn2"
"annotes.gouch@edu.tbz.ch"|"B6mz7O-2knDvZ-vAao$S"
"gaetane.bowich@edu.tbz.ch"|"AH0ZZd-K$6jp1-EiX0n3"
"alizee.strelitzki@edu.tbz.ch"|"pL@sOz-WSLoGW-MNcmBv"
"leone.poile@edu.tbz.ch"|"D62w05-7GJr4n-Ow4M80"
"amelie.saban@edu.tbz.ch"|"@Ae2PW-LulDIA-v5lOz3"
"marten.mcmenamin@edu.tbz.ch"|"OEGw4Q-sOUpRQ-JEc42c"
"becassine.keets@edu.tbz.ch"|"9XuPyG-0av4kU-YcqDVH"
"celine.million@edu.tbz.ch"|"s@ktmp-GD8HVC-ME0m5F"
"geraldine.belitz@edu.tbz.ch"|"mj4waj-Vr7UxA-7QKQJB"
"salome.mardling@edu.tbz.ch"|"fCw1bR-zd@4Zm-kjvJfL"
"melia.blakemore@edu.tbz.ch"|"lpDVdQ-Ses8x2-hnTyZR"
"dafnee.mcaulay@edu.tbz.ch"|"4K$S$u-brcAWO-oto5GW"
"garcon.dennett@edu.tbz.ch"|"7Y1ub@-0TP47T-j5sDNi"
"interessant.lesor@edu.tbz.ch"|"uQ&&W3-BeUD5C-$4Q#oJ"
"annotee.wasbrough@edu.tbz.ch"|"Wm#zH#-jRKS@w-GV0YID"
"asa.ibbeson@edu.tbz.ch"|"GXRi8i-Jy@OVT-3k#lKe"
"maily.kennealy@edu.tbz.ch"|"Y$Wz9o-0EzQid-7sU4md"
"ye.seares@edu.tbz.ch"|"iq9bqh-7jrQmT-lp1Giu"
"athena.harbron@edu.tbz.ch"|"B5QN62-3&JR#V-2$TNC4"
"andreanne.portail@edu.tbz.ch"|"%Bxvul-pHN&M1-qXbXGX"
"goeran.zannelli@edu.tbz.ch"|"%hrTFG-c0A4e&-w7eKQL"
"gerald.leathlay@edu.tbz.ch"|"%jSOPo-VjZ5Qg-uy16hD"
"andreanne.chown@edu.tbz.ch"|"mn1Q39-t6#n7k-lPQqI4"
"esteve.clementel@edu.tbz.ch"|"tgsNCh-D54G1S-QbPjo#"
"leone.legan@edu.tbz.ch"|"atVB2@-vpmErW-EYGgZV"
"maena.pownall@edu.tbz.ch"|"bsTNYM-LCWBaw-$gwt16"
"andree.rettie@edu.tbz.ch"|"AXFeYu-z1AVa9-GcJFxJ"
"ines.kenwrick@edu.tbz.ch"|"oXzxx3-SX@Cr4-dPOQAS"
"marie-helene.yarnall@edu.tbz.ch"|"SAWgX5-rfIf#V-UTtxUO"
"po.martin@edu.tbz.ch"|"yFCDW6-MUe5Xi-9rm$cw"
"ruo.celiz@edu.tbz.ch"|"dqFxZw-mxTGrY-INDHcx"
"po.bissett@edu.tbz.ch"|"WE1Dsk-SnJ9pc-MiJdJi"
"du.swindon@edu.tbz.ch"|"KzWRvC-54DlW2-$cQWr%"
"interessant.gouldthorp@edu.tbz.ch"|"Rc22pp-#gwITS-$57bRy"
"leandre.lilburn@edu.tbz.ch"|"8vCXmr-tetdzx-Qh%3R7"
"bjoern.whales@edu.tbz.ch"|"dY8aK$-EC6A#x-jHwfi1"
"interessant.dieton@edu.tbz.ch"|"gVuo#t-tAnwoP-mx2QFm"
"celestine.redhills@edu.tbz.ch"|"nDTc2V-cj2sU3-0RFXBi"
"tan.yakovlev@edu.tbz.ch"|"G%aWb2-ENv2#i-F0CE%4"
"regine.mcdowell@edu.tbz.ch"|"%1a%5s-RL1fxz-Y3cSip"
"ju.coysh@edu.tbz.ch"|"CV0g3l-EwRF&$-5H7qi@"
"reserves.ofallon@edu.tbz.ch"|"QBy$Gy-KefpoI-GqMulS"
"frederique.sobey@edu.tbz.ch"|"oZotl1-PS0rr6-fByeDd"
"marie-eve.garstang@edu.tbz.ch"|"&@KMte-Gazup$-GTc%g9"
"andre.tapin@edu.tbz.ch"|"tK%r03-ab8Lqa-vK7h2b"
"esbjoern.eynon@edu.tbz.ch"|"25oTht-aakEZy-UnQ7Ul"
"maella.duffy@edu.tbz.ch"|"zswx14-99poZD-pSEEkq"
"leandre.twinning@edu.tbz.ch"|"hzQN1D-x&eBOM-BQ$xps"
"mai.whittingham@edu.tbz.ch"|"bR5SQp-SLBZvS-96766E"
"rachele.shevelin@edu.tbz.ch"|"T#Zxjm-85Hi9m-Lq%&k%"
"cecile.mcure@edu.tbz.ch"|"Mmfo9z-vjkcLO-nDbJgy"
"marie-eve.yurkevich@edu.tbz.ch"|"CO8@1r-Qi9XZL-pjHDDk"
"almerinda.paice@edu.tbz.ch"|"lGFr@q-FLEW7I-Mn&V6P"
"rao.howkins@edu.tbz.ch"|"y0CNBl-AN7NOI-52xJXN"
"serena.pack@edu.tbz.ch"|"jr5qSi-Ef%By1-BWtXMo"
"rebecca.mant@edu.tbz.ch"|"s@sD45-O@7dq8-1uyA7z"
"reserves.spitell@edu.tbz.ch"|"hTXmZ&-%%I$Rz-&&V#as"
"garcon.hamfleet@edu.tbz.ch"|"Xxi0E@-KrgyAH-VyHSZw"
"methode.kerkham@edu.tbz.ch"|"mnNoAS-oDuV90-dJwLro"
"pelagie.camies@edu.tbz.ch"|"8eu%rW-J4RtqY-p6fNX4"
"josephine.macpharlain@edu.tbz.ch"|"R2RCea-&pmpnH-Ntdyca"
"eugenie.mathet@edu.tbz.ch"|"4lLXee-#@sgi2-At9Afo"
"gaetane.brangan@edu.tbz.ch"|"X&Svtb-CdUFFp-Tj3URm"
"michele.dewbury@edu.tbz.ch"|"jH3ObL-qLK43e-MLCnYQ"
"eugenie.elcott@edu.tbz.ch"|"$mgTst-15KZ7h-5jgMvk"
"megane.harniman@edu.tbz.ch"|"zWmSH5-y4tLdX-ril14a"
"agnes.cluney@edu.tbz.ch"|"NfhvGj-HIqyJB-W#mhfG"
"marie-helene.angear@edu.tbz.ch"|"PanUrl-6p0Y35-IIYedL"
"melia.dolphin@edu.tbz.ch"|"QYd@Yd-Pi@Oo9-Pf9HB0"
"lois.ruseworth@edu.tbz.ch"|"CuUDPj-0ryDAZ-H95tDG"
"mailys.ryding@edu.tbz.ch"|"LWVvyB-DUCxjl-WbBG%#"
"rachele.wulfinger@edu.tbz.ch"|"7DUEQE-dqa4j2-jw%t97"
"gwenaelle.talton@edu.tbz.ch"|"hYmPMY-i0SAxp-GtV%Nw"
"long.ronchetti@edu.tbz.ch"|"HMFkfH-KBDqST-%11&SN"
"styrbjoern.kloska@edu.tbz.ch"|"ArEwJ#-UX0XNX-a&cqG0"
"len.sudran@edu.tbz.ch"|"96$#Cb-miZ0gy-R8J4FS"
"maelle.andrysek@edu.tbz.ch"|"cUFVsF-Z8uTf%-bVDdb3"
"selene.senior@edu.tbz.ch"|"xY5fS0-oiQnvs-tnCh9L"
"anais.joskovitch@edu.tbz.ch"|"O@&pn4-$YXasg-EClJJc"
"marie-noel.dally@edu.tbz.ch"|"i$R9V0-0eVg5e-V%0IAl"
"marie-helene.laurence@edu.tbz.ch"|"WuK2tL-2DaKb8-vZCKLY"
"camelia.foxon@edu.tbz.ch"|"&tGJFy-b3po&i-lkRVKc"
"helene.cankett@edu.tbz.ch"|"yyivKE-$U9Y8D-jRBuy7"
"marten.mitchelson@edu.tbz.ch"|"RM$phq-HO0f5d-KoMf&a"
"helena.stirtle@edu.tbz.ch"|"BF7%G9-FxAivL-KdZSUX"
"leane.barmby@edu.tbz.ch"|"UUwH0h-6e%QoB-uKVide"
"goeran.ofinan@edu.tbz.ch"|"Kii&Ji-Ov7g%p-WqVwiS"
"styrbjoern.proby@edu.tbz.ch"|"Tp#EtL-K#7A6i-gMtl&i"
"zoe.halse@edu.tbz.ch"|"6Yboms-iJCqqW-OUjS0E"
"kui.drable@edu.tbz.ch"|"fL1O$C-r0v##V-mgEw%r"
"desiree.bamford@edu.tbz.ch"|"4aeet@-LzhRK8-Qi@TYr"
"zoe.suller@edu.tbz.ch"|"CBlmp&-oeKs3I-g7hUTJ"
"marylene.audiss@edu.tbz.ch"|"&VYPiR-HC7iGd-u73Nbm"
"adelaide.poznanski@edu.tbz.ch"|"#CYxB$-3yXUjV-VMk92g"
"maella.coleyshaw@edu.tbz.ch"|"wQSPJP-g@rp$9-x32FOk"
"marie-francoise.gelder@edu.tbz.ch"|"Tx2&oM-Cb#lni-J6hrSg"
"eleonore.chaffyn@edu.tbz.ch"|"vcJ6nQ-kPRb2T-ct2KoT"
"celestine.sikorsky@edu.tbz.ch"|"Lc%Bl2-rSyuxZ-6GAsNU"
"stevina.londsdale@edu.tbz.ch"|"StUWiH-Ba6ZIB-SdCtWR"
"maiwenn.nevitt@edu.tbz.ch"|"A#2P9f-bhswsP-$c2n#q"
"magdalene.gerrey@edu.tbz.ch"|"ndjPph-3R4o@e-xCeYbW"
"becassine.latimer@edu.tbz.ch"|"Sdat#8-lmZRwI-Demwqg"
"da.lethibridge@edu.tbz.ch"|"5gbBE4-ZhXLZ#-3YBm$J"
"mailys.claige@edu.tbz.ch"|"s9&VU5-OGAo%g-#GlcZ0"
"maena.torbard@edu.tbz.ch"|"HPNFrc-$TevTp-%Ji92b"
"solene.lyvon@edu.tbz.ch"|"bp2LRN-wmOAlk-XSDjMF"
"marie-therese.benbrick@edu.tbz.ch"|"v1X8Gr-m71Q4w-dP1puj"
"gerald.edmonson@edu.tbz.ch"|"fi1Juf-0F0DB8-IfxlvC"
"ake.messruther@edu.tbz.ch"|"1hA@qt-EGdvW6-Cxs7Yb"
"men.gosneye@edu.tbz.ch"|"q$VCMr-edo8TU-8pj@Xm"
"anais.jefferys@edu.tbz.ch"|"#Ez#AP-U51yW&-c%$77u"
"publicite.tregale@edu.tbz.ch"|"opa40S-mcMh0e-61rDvq"
"maily.santorini@edu.tbz.ch"|"2Ta%K&-hu8YwP-olDz@g"
"ines.pioch@edu.tbz.ch"|"SSGhir-tGdLdx-APFP@5"
"noemie.marklew@edu.tbz.ch"|"SuX9MO-802PI5-XjqWBJ"
"meghane.maccaffrey@edu.tbz.ch"|"scj@8p-0n&h@X-%tTbqX"
"berangere.ambrogio@edu.tbz.ch"|"2ovurD-K&tg8A-TEqBUM"
"mediamass.ryce@edu.tbz.ch"|"m&Etfr-EH8PHf-6cAGE1"
"oesten.ubank@edu.tbz.ch"|"A$jkke-uhw0co-mzdD38"
"melina.mackee@edu.tbz.ch"|"whFbLH-8&n&sE-VaOy4&"
"theresa.livezey@edu.tbz.ch"|"HWsPjB-yyiLd1-9aBU1$"
"clemence.weal@edu.tbz.ch"|"pJLV4j-gD5xN3-pz4cL9"
"faites.overton@edu.tbz.ch"|"7@0WCH-GtptQf-eVibWb"
"clea.lindblad@edu.tbz.ch"|"PKeu2Z-nwY6m6-eAMG5y"
"josephine.roseaman@edu.tbz.ch"|"@EX6T6-ilsZev-pnAZgf"
"oesten.lowbridge@edu.tbz.ch"|"Z#ieWs-fDWsb4-%HnTzR"
"marie-josee.brion@edu.tbz.ch"|"MF%Zyg-Lu@tdT-4c5zRW"
"therese.basili@edu.tbz.ch"|"gDqQoR-M#bQmG-fKfUh$"
"melia.vertigan@edu.tbz.ch"|"atO6XP-r8nX&N-fD5znI"
"judicael.saull@edu.tbz.ch"|"L@I$Lb-#3ROeI-Atmp0a"
"selene.valentine@edu.tbz.ch"|"qMdMN$-#7wHpR-qIwQH2"
"verane.dunlap@edu.tbz.ch"|"2vnlGG-hAsd36-IeF9Ai"
"meline.kinnear@edu.tbz.ch"|"Aw2ueW-64Fy6X-Biiog7"
"lei.luttgert@edu.tbz.ch"|"E%oneO-ri3i6e-$DjsdG"
"styrbjoern.lathleiffure@edu.tbz.ch"|"MI3$qF-35sRC1-sWb&n5"
"marlene.blasi@edu.tbz.ch"|"jrU1@M-8@JQRI-okIpA%"
"mai.begwell@edu.tbz.ch"|"NDYbsk-wfH1dO-4TIsqN"
"gwenaelle.kaines@edu.tbz.ch"|"Di0o5d-#Y1HLc-dPqBcH"
"gerald.adamthwaite@edu.tbz.ch"|"vaHBzQ-0VcMNt-$1hXW1"
"kui.hartfield@edu.tbz.ch"|"ckNOYg-%0zyz#-PVcGt1"
"salome.currao@edu.tbz.ch"|"tUKDSR-GHnVom-ppYQNS"
"angelique.tixier@edu.tbz.ch"|"96Fe#8-SnuXNi-E2thqL"
"ju.mcgragh@edu.tbz.ch"|"xa3Grx-YhEESB-XfW2VD"
"dafnee.beachem@edu.tbz.ch"|"LMZP5Q-UdAKA#-s0gmom"
"creez.terlinden@edu.tbz.ch"|"aRCZM6-om7#vN-7bp%8H"
"uo.mcskeagan@edu.tbz.ch"|"mEVwRq-rnSyF4-OWAmLA"
"edmee.mccaughren@edu.tbz.ch"|"P8lrYm-0tC4k9-AEVDqq"
"asloeg.cozby@edu.tbz.ch"|"5682v8-r2&qAd-HosCpO"
"melodie.traite@edu.tbz.ch"|"3FKYon-HOh&o3-e%V4kr"
"dorothee.aindriu@edu.tbz.ch"|"X958oY-Z%%HaT-O&EZr&"
"daniele.doley@edu.tbz.ch"|"ZS6xaC-QanvuY-s&LV5Y"
"mediamass.fairclough@edu.tbz.ch"|"hdWIhK-yT1Q8Z-SKkWpj"
"lorene.rainforth@edu.tbz.ch"|"ENqY7X-MgRNa5-MhHw&p"
"leonore.eyer@edu.tbz.ch"|"N9XK6M-8bJ&So-FRx1kr"
"po.spillman@edu.tbz.ch"|"%QApAz-xf9hJv-WR4UeW"
"cecilia.plitz@edu.tbz.ch"|"9GTXra-tHyJtS-WScH2V"
"lorene.ludlow@edu.tbz.ch"|"gmtSoc-eUtg87-qwQ7j7"
"berangere.neligan@edu.tbz.ch"|"HChXHp-f$CVpM-$9nH#C"
"simplifies.huggan@edu.tbz.ch"|"9U864S-wja#ZG-xS$fua"
"clelia.prandy@edu.tbz.ch"|"qfMb2S-Ho3iMT-UFpiI9"
"ake.osban@edu.tbz.ch"|"oOZboX-523Q2v-XCSV5W"
"cunegonde.brunn@edu.tbz.ch"|"08Gm6Y-0Hl&2o-U1CoZZ"
"long.grizard@edu.tbz.ch"|"IfXnf3-sqFDOG-5JI&uF"
"meghane.diss@edu.tbz.ch"|"spQqXi-jPlzVk-bDXC#g"
"therese.oldman@edu.tbz.ch"|"4N3f6z-t&DlE8-d2NJf&"
"boerje.scamerdine@edu.tbz.ch"|"4MniuX-iGghOZ-ZNfKqd"
"du.saban@edu.tbz.ch"|"NMmX07-mSd4Fp-VV4oM2"
"hakan.clynmans@edu.tbz.ch"|"17JbS3-YwXfvY-BJ#dF0"
"wa.macdowal@edu.tbz.ch"|"Ud&YPv-r#ug06-Ca0Rhc"
"venus.hatrey@edu.tbz.ch"|"Jidf4t-rDC%H3-wGaBUI"
"anaelle.vispo@edu.tbz.ch"|"NxIikN-QU8tW1-4VX$bG"
"mahelie.ollcott@edu.tbz.ch"|"ovP41&-fs6vlJ-Upy98Y"
"mediamass.whyman@edu.tbz.ch"|"6#Zr@m-5Ca%13-1UsCFP"
"esbjoern.basson@edu.tbz.ch"|"ALe#UJ-BREb92-$Hj6%K"
"andrea.morrill@edu.tbz.ch"|"w9&8tT-o7pm#M-YRfF4E"
"melys.grassi@edu.tbz.ch"|"sT%JOt-O1aKDu-CS3HmA"
"leone.poleye@edu.tbz.ch"|"udawa7-v21use-bY8d8m"
"francoise.penny@edu.tbz.ch"|"IVV0oA-P8HYH6-&e0kAM"
"rebecca.edney@edu.tbz.ch"|"jakgUP-DJux@e-i&e5pG"
"adelaide.murtagh@edu.tbz.ch"|"wpZNWp-ZslFw&-j8bh5b"
"stevina.winterbourne@edu.tbz.ch"|"XaNcV%-H@mqGK-URa#2@"
"ma.cottom@edu.tbz.ch"|"TpfA7i-cubo0Q-yn8Q1S"
"tan.harold@edu.tbz.ch"|"if8z7#-Q$ahIe-@VsKpX"
"venus.forte@edu.tbz.ch"|"$QVv46-JghE3O-vGjrwo"
"almerinda.oluney@edu.tbz.ch"|"4ZnJB9-jjGGJ@-W856QH"
"cleopatre.brehault@edu.tbz.ch"|"$TNmiB-Zo00bZ-mruWrA"
"interessant.lapides@edu.tbz.ch"|"TlQQsu-LbnptI-vVBrpr"
"reserves.hallatt@edu.tbz.ch"|"@$pPHY-GkoqpQ-7NHBQ6"
"annotes.birdwhistle@edu.tbz.ch"|"P4FCmz-M7K5CR-pvvPaJ"
"ai.dredge@edu.tbz.ch"|"i%6J%U-U9xgUI-zpgBAy"
"megane.mussard@edu.tbz.ch"|"%wYfUc-3ico%3-tAAvWk"
"esbjoern.gowrich@edu.tbz.ch"|"Bx0Pco-9NyjhJ-D7%pZw"
"boerje.brislawn@edu.tbz.ch"|"zuND8a-OopA7J-8GWVSp"
"becassine.wilce@edu.tbz.ch"|"%3vspa-8VTbus-6xTKc9"
"personnalisee.oels@edu.tbz.ch"|"XMULSK-v8RZGl-7BLUZ2"
"verane.pett@edu.tbz.ch"|"fkjRzb-GTacHQ-ESUwuX"
"marylene.glewe@edu.tbz.ch"|"W#HGtZ-ly$%KA-yFTYii"
"lai.elson@edu.tbz.ch"|"orjUB2-SUOMjn-%dtU9D"
"serena.difranceschi@edu.tbz.ch"|"OtfFOl-yhpheY-tu$ouR"
"lie.espinel@edu.tbz.ch"|"ubjYqY-eeMKn4-Q5Ayvl"
"marylene.fantini@edu.tbz.ch"|"ilrcAR-MuTr3r-C28Jdb"
"andre.archdeckne@edu.tbz.ch"|"Pm1IRP-Y1jirT-VdGIjB"
"goeran.bohlingolsen@edu.tbz.ch"|"P9c9J4-V8RQie-hMqC8F"
"cunegonde.heffer@edu.tbz.ch"|"9Y6eDN-@igHw0-u@@B9M"
"tan.fechnie@edu.tbz.ch"|"ahvXFO-@bp5Ic-A94W4e"
"marie-noel.brammar@edu.tbz.ch"|"46RZuZ-GhqwN&-VOK3xk"
"simplifies.aven@edu.tbz.ch"|"kXugm2-o@8peR-Tv#mBd"
"melys.pinchen@edu.tbz.ch"|"EaRe&3-oNcZgE-yKP42u"
"edmee.joyner@edu.tbz.ch"|"GzXChi-R%7#S@-1a17bL"
"berengere.edess@edu.tbz.ch"|"aFbNTF-IkVa1&-sYX@Bu"
"marie-noel.goward@edu.tbz.ch"|"0&tq#v-hLe8q3-LAQD#S"
"ju.edmons@edu.tbz.ch"|"kxRmQB-qntEP0-10lzZ6"
"frederique.airds@edu.tbz.ch"|"el8Pp4-C%shJg-WWo##D"
"reserves.dauby@edu.tbz.ch"|"XoyaVV-@KqQeI-Iwl$BS"
"hakan.gynni@edu.tbz.ch"|"W9mW#S-8GRnKH-PengPB"
"leonore.pinwill@edu.tbz.ch"|"Dcjz9p-FRtbLy-onfUPN"
"marie-eve.mcallan@edu.tbz.ch"|"dc9ucU-#PVqrj-TP$CcT"
"naelle.yeabsley@edu.tbz.ch"|"HQIj0Z-IYiql2-VmM$7O"
"nelie.jacobovitz@edu.tbz.ch"|"ZgKcRY-fED%GS-m5S9i1"
"adele.conelly@edu.tbz.ch"|"TmRdZy-9eeyrV-G1w&bn"
"clementine.dondon@edu.tbz.ch"|"ioSZNh-hUfpDA-h%n5Eo"
"zhi.willcot@edu.tbz.ch"|"0xIW#K-58c&lL-JgXXsM"
"chloe.janicki@edu.tbz.ch"|"wek7Md-5Gh&yK-0o9E3W"
"meng.linde@edu.tbz.ch"|"E4#yLG-$$l4&I-d26agf"
"celine.janisson@edu.tbz.ch"|"Q07iQ4-dzyRu&-zIrXJX"
"clelia.crow@edu.tbz.ch"|"tAJaVN-@iUu%%-uJH1wu"
"cecile.pyott@edu.tbz.ch"|"l8wHE6-TFX%iQ-skjmCE"
"ma.fidelus@edu.tbz.ch"|"9xBjQw-aWvMM2-CgAXt3"
"marie-helene.poore@edu.tbz.ch"|"GdDJ3o-1Ea0FC-YAr$Cg"
"elies.blanket@edu.tbz.ch"|"3DDr@f-p3fneh-F9G1wu"
"yu.boyer@edu.tbz.ch"|"BfNqU7-WJM42z-ceXTUK"
"celia.welds@edu.tbz.ch"|"m9@1uT-@uorwo-des2Vk"
"du.gunney@edu.tbz.ch"|"gpI$W1-a7zp$i-w%gUz6"
"goerel.crush@edu.tbz.ch"|"#3lu#k-nzaoDp-KOEOwN"
"marie-josee.brosius@edu.tbz.ch"|"XsIrw1-tJNIQu-gqk%0B"
"camelia.adds@edu.tbz.ch"|"n97xBA-Xehx0$-l#82ym"
"anae.irwin@edu.tbz.ch"|"oUkaAo-UHq4X#-w05a3z"
"cleopatre.skeffington@edu.tbz.ch"|"XoRbBP-CL9Xbl-&JmFX2"
"gerald.suggate@edu.tbz.ch"|"mqwVfc-R8drq8-kmud$P"
"laurene.tailour@edu.tbz.ch"|"knTGfb-PTGTf1-T5gn1b"
"amelie.hoble@edu.tbz.ch"|"WHcCUj-bpAbaj-Doz64H"
"venus.getch@edu.tbz.ch"|"QqQUFt-86YZQr-LLzzLc"
"renee.treby@edu.tbz.ch"|"#azVG4-T@Q7jy-yscvKj"
"almerinda.stait@edu.tbz.ch"|"AhU#5K-uJslTT-BXjNvQ"
"andree.reddecliffe@edu.tbz.ch"|"GEw6Pe-0lo4Cb-9G3vI9"
"leone.wintle@edu.tbz.ch"|"%oHYzC-t$w4X0-OpV#0T"
"gerald.fellow@edu.tbz.ch"|"xO&I#h-%i#54C-2ScLbZ"
"ju.gudger@edu.tbz.ch"|"mcJaeA-hUvrEa-$ICp5X"
"meng.ohaire@edu.tbz.ch"|"eDoGzQ-AKQb4D-cz2FdM"
"cleopatre.missington@edu.tbz.ch"|"@pgtAM-5nADei-1&#7&5"
"annotes.debruyn@edu.tbz.ch"|"ti@OMz-YNnh4k-$%OXJU"
"gerald.sinisbury@edu.tbz.ch"|"ZkWD@%-6p6ACD-T499m$"
"creez.slora@edu.tbz.ch"|"1wwtDV-ZCjRaQ-#lbZcE"
"gisele.benbow@edu.tbz.ch"|"eKHP4f-$R3Ya6-B8&fPZ"
"pal.dossit@edu.tbz.ch"|"q0GkOH-bD$jsf-Gwdmx7"
"nelie.stirrip@edu.tbz.ch"|"RAESp&-8%A06g-48ai08"
"alois.ocrigane@edu.tbz.ch"|"rBBNs5-kJrzmf-np7sU0"
"kui.mcterry@edu.tbz.ch"|"86C5jm-t0%CYh-ULwu0X"
"long.willgoss@edu.tbz.ch"|"9yCQQL-YEPKoP-@j&Uqh"
"francoise.sumpner@edu.tbz.ch"|"oK6h1D-KnFKEe-q4PeY$"
"maely.grinstead@edu.tbz.ch"|"2sSoXc-UCHGx4-T#icc5"
"creez.langeren@edu.tbz.ch"|"e$R@jd-QS3WA%-IeybqE"
"adele.dungate@edu.tbz.ch"|"paoj3s-L2n7sW-C2G%Sz"
"cleopatre.noirel@edu.tbz.ch"|"ZjBuUQ-NGmXxr-1l4t5f"
"interessant.daverin@edu.tbz.ch"|"SIms4e-k4qtSl-d2IXUF"
"naeva.kalderon@edu.tbz.ch"|"fj3pt%-k@eQpP-tAvydE"
"anais.oshesnan@edu.tbz.ch"|"sOa8Qq-vHfUFW-pqmt$d"
"judicael.anelay@edu.tbz.ch"|"9xvl3i-Crc4#p-FJQIV1"
"eloise.braxton@edu.tbz.ch"|"8baVKl-i0v9m0-a6OiwK"
"desiree.greguol@edu.tbz.ch"|"boHNHo-YmdFlI-4hKnsi"
"maite.mcclenaghan@edu.tbz.ch"|"A&&t&2-AuooC@-rCI$Dl"
"meng.doret@edu.tbz.ch"|"B08Uk@-Vq87Yl-ryKXmD"
"frederique.chippendale@edu.tbz.ch"|"ChP5jE-c4d4dO-a3tlSB"
"andreanne.lanney@edu.tbz.ch"|"N8G7lf-YBlW@&-YYW69c"
"aurelie.claus@edu.tbz.ch"|"G#Q10g-bEN248-DULIQk"
"renee.pabel@edu.tbz.ch"|"LUV%hv-OP0aOd-NE&vJm"
"maena.roust@edu.tbz.ch"|"VRSM7g-KMoivy-7kSFrU"
"nadege.carwithim@edu.tbz.ch"|"ITR00m-Gw$FZy-gvmrQg"
"solene.geyton@edu.tbz.ch"|"KJECeE-QeUok8-OEzHiX"
"dafnee.avraham@edu.tbz.ch"|"f4f7%N-AGorJG-fGqqpJ"
"leane.woolvin@edu.tbz.ch"|"KGHueC-LTwgX9-n#$kpK"
"adele.macadie@edu.tbz.ch"|"iSzeMO-ws0eaz-jpQVFS"
"meline.rubica@edu.tbz.ch"|"8suc8P-P0El98-XCvpCH"
"marie-noel.speeding@edu.tbz.ch"|"@5Rhp&-&w#3@w-FdP$z0"
"nelie.mix@edu.tbz.ch"|"B&Qbyi-yvEzjl-2JB14G"
"clea.ollett@edu.tbz.ch"|"jwpBEg-ZMEFAm-aOrSwr"
"leandre.mcgavin@edu.tbz.ch"|"Vhc88i-x$I#Lt-gJu3n2"
"cecile.behne@edu.tbz.ch"|"fPeOnx-N8f5lf-humEH1"
"melanie.polle@edu.tbz.ch"|"4uw4rl-4IWEFe-y%#CRy"
"marie-josee.titmuss@edu.tbz.ch"|"Tt7lJa-QkScRl-7yFn6$"
"helena.guest@edu.tbz.ch"|"8UCoFd-dtsu2s-vtTefG"
"annotes.chicchetto@edu.tbz.ch"|"CzoZtI-#BNbY@-ici@Wb"
"melia.tubb@edu.tbz.ch"|"jsm7X3-vq2iq5-X$hHeQ"
"angelique.casetti@edu.tbz.ch"|"hJB@hF-cdEgFE-ilbwGu"
"cunegonde.cleall@edu.tbz.ch"|"PL9UHN-$olgWd-E9N&wI"
"camelia.oaker@edu.tbz.ch"|"AlOVZ%-VcWsT#-V5q1nu"
"you.searight@edu.tbz.ch"|"Xs@kUx-8a6rqn-YAn#b9"
"kevina.dederick@edu.tbz.ch"|"zqRH6p-edav19-l8cLVp"
"milena.jeffrey@edu.tbz.ch"|"VNiPY1-zwpFSl-#Emsq9"
"melodie.barkshire@edu.tbz.ch"|"CU3rcn-QA0NVw-$H%Aw6"
"gaelle.kreutzer@edu.tbz.ch"|"7LcLgk-a0ns2&-GPdMuc"
"kalliste.kleinpeltz@edu.tbz.ch"|"FZBDf@-tNI0x5-mIMo9p"
"clementine.danat@edu.tbz.ch"|"d&FirM-CJtft$-H$TBDe"
"andrea.wabb@edu.tbz.ch"|"&PBYD3-YcUIj2-xNwzn0"
"geraldine.piesold@edu.tbz.ch"|"vEsRC4-Au@DR6-Amf#9o"
"tan.fiveash@edu.tbz.ch"|"vZqFKb-751XPW-ww8VE0"
"meline.yuranovev@edu.tbz.ch"|"R83ax3-flnkRt-gcvjqj"
"therese.holme@edu.tbz.ch"|"QasB3P-8YfJiQ-8i#IqT"
"salome.vaney@edu.tbz.ch"|"1b3yN1-i3ndtu-SnDI@y"
"anae.abramson@edu.tbz.ch"|"5oa6Qe-q@RDA2-jodhJH"
"kalliste.jimson@edu.tbz.ch"|"yk@qOq-WdgXHK-W@oizs"
"selene.yole@edu.tbz.ch"|"Xg&vrV-Yeewss-IfUghY"
"agnes.defraine@edu.tbz.ch"|"XFB74F-ZzZ4AW-#l1trG"
"faites.mccluin@edu.tbz.ch"|"cz69af-@Kdwqr-KdAC4G"
"athena.deme@edu.tbz.ch"|"E9eP2H-&SQl@5-08jYrD"
"daphnee.brigstock@edu.tbz.ch"|"PucVNQ-zF7s62-CiOSXx"
"goesta.skaif@edu.tbz.ch"|"cgaBc5-ULIU3R-k4uteV"
"oceane.jagoe@edu.tbz.ch"|"hXb$SQ-7Qas46-qv8@ce"
"annotes.broomhall@edu.tbz.ch"|"VpvZkY-m6F7e4-GZcOUB"
"marie-eve.ballendine@edu.tbz.ch"|"JAiHbz-deBw#S-mQyaTg"
"melina.spykings@edu.tbz.ch"|"g93Xnj-gVVPw5-jhTH4v"
"laurene.ticehurst@edu.tbz.ch"|"$@5yAr-Y4rsgp-7tKuYR"
"fei.avramovic@edu.tbz.ch"|"sTB8%Z-lqag$e-yfglKN"
"publicite.strathearn@edu.tbz.ch"|"gX5n%$-Xdjd$w-54WCna"
"torbjoern.garrow@edu.tbz.ch"|"oKna6#-5LZQXW-x@MvDt"
"chloe.rubinsztein@edu.tbz.ch"|"yCsNhT-jTVNt&-&WDOlZ"
"mylene.demanche@edu.tbz.ch"|"lNz8W$-cewK9$-$wSL@y"
"mediamass.godlonton@edu.tbz.ch"|"7Me0WY-HxdTJ&-W%DnK#"
"renee.shurrocks@edu.tbz.ch"|"fHT88G-BpTpyg-X&i1bE"
"maiwenn.jedras@edu.tbz.ch"|"VVz9hR-Zam9Px-9LZBJq"
"genevieve.castells@edu.tbz.ch"|"vB#xt2-n$je$g-aJDnts"
"renee.sneden@edu.tbz.ch"|"bnaPve-KiBLe2-$pNxZ6"
"lai.mccallion@edu.tbz.ch"|"Z7tb6n-Eo8MQE-58T2nl"
"kevina.impleton@edu.tbz.ch"|"b$PPmG-yDI&FS-@JAHcJ"
"oesten.fresson@edu.tbz.ch"|"qU4baB-S7KIb%-uA7aVA"
"verane.shawley@edu.tbz.ch"|"zjq2ok-PKhI%x-#dpx1B"
"uo.sjostrom@edu.tbz.ch"|"@cZCwm-2bc6ED-jAb4Mn"
"gisele.gothup@edu.tbz.ch"|"FRRhRJ-wQnoLz-aMegaE"
"renee.beauman@edu.tbz.ch"|"UdR4MH-LZ$S0h-yY2A9#"
"elies.loton@edu.tbz.ch"|"VNqMH5-rKydDR-AB9R4K"
"valerie.elsmore@edu.tbz.ch"|"a7#QZ9-lplLa1-mqxnGL"
"berangere.delafeld@edu.tbz.ch"|"4PpsJA-#Mr@lL-l$TBei"
"bjoern.schimke@edu.tbz.ch"|"DDnjGj-Gtl&pA-KvY#bm"
"loic.ericssen@edu.tbz.ch"|"FrIB&c-KJbJyM-IlgtM6"
"creez.richarz@edu.tbz.ch"|"WbWA7i-L6KUN$-zteYjZ"
"athena.grocott@edu.tbz.ch"|"5I09li-Kf8kzB-eTchS$"
"naelle.piotr@edu.tbz.ch"|"GiAdNS-EOucJj-2IuFUD"
"maella.paulson@edu.tbz.ch"|"qJq$EL-DPq7v7-44HiKJ"
"song.perot@edu.tbz.ch"|"DAkRAZ-pu7pqc-0wR3DK"
"kalliste.heckney@edu.tbz.ch"|"C@MWd9-avdwbV-#FBQDf"
"ake.vasyutkin@edu.tbz.ch"|"v&900S-VtQPHq-OqA3@v"
"ma.castles@edu.tbz.ch"|"ilzDqm-MB&KAj-Hy&20U"
"maely.monget@edu.tbz.ch"|"H7zYBD-v%Pojp-Ey6gTL"
"tang.durbridge@edu.tbz.ch"|"vkvvV3-Dnnn8j-i%Kl49"
"laurene.andrew@edu.tbz.ch"|"3lI8h3-0CFHqt-NtI3uW"
"lysea.beacon@edu.tbz.ch"|"2cEy%l-oy0Kny-sPlJet"
"leandre.peyntue@edu.tbz.ch"|"tKHK$a-yasw%$-clrW6@"
"rao.trever@edu.tbz.ch"|"rxRpnF-yCpUIy-s6&2$v"
"mahelie.streader@edu.tbz.ch"|"Mdq%dX-udp&&B-j#7%G3"
"maerta.andrejevic@edu.tbz.ch"|"yLbQ5I-9F1L6x-9zg&7U"
"goesta.tompkins@edu.tbz.ch"|"&lMumc-M3vq9y-ZJj7xC"
"helena.agates@edu.tbz.ch"|"RK2&3k-GTFnoZ-j5dlgX"
"therese.glass@edu.tbz.ch"|"Xv&0e@-9XRNUd-3$LC8x"
"alois.foan@edu.tbz.ch"|"kAF4%I-B8p47i-KpFvLL"
"becassine.melchior@edu.tbz.ch"|"X7u$8$-uBTjaK-qPi@2O"
"cloe.robart@edu.tbz.ch"|"nodnpc-iMEjLx-$vAZIK"
"daniele.puckinghorne@edu.tbz.ch"|"4LBrJk-4lgN2Z-D%4e8B"
"selene.cammidge@edu.tbz.ch"|"qfvdJH-g5&7dH-2m5M8y"
"regine.conochie@edu.tbz.ch"|"2cPZPW-Zu#s7K-erbfd0"
"interessant.tuiller@edu.tbz.ch"|"JNQnBC-xZd#cw-803S8l"
"long.tiebe@edu.tbz.ch"|"sQoUrA-CLTS$#-Hh1dbn"
"mans.yele@edu.tbz.ch"|"%ikgh2-l$NtoI-mHG1cA"
"ai.giles@edu.tbz.ch"|"W&x45n-FVvoom-PB#Ip9"
"gaetane.hamberston@edu.tbz.ch"|"oGcfmX-I$WBqh-V2lJnW"
"marylene.fenix@edu.tbz.ch"|"Sy%Z80-mziyse-RIQe3Q"
"geraldine.graeme@edu.tbz.ch"|"w4u290-e33Af7-naeqY9"
"tang.kinglake@edu.tbz.ch"|"iV5GTq-e7qVyd-yRYver"
"lai.challoner@edu.tbz.ch"|"C3I7iq-2gXlbl-pget9M"
"desiree.mattei@edu.tbz.ch"|"WwRPlc-K9uBfY-un36np"
"ake.erley@edu.tbz.ch"|"2PyVtP-PYDWbd-w4CX22"
"edmee.cavil@edu.tbz.ch"|"M4$N2L-4Gjp9R-KpGXIh"
"alois.moyes@edu.tbz.ch"|"5j@1jD-PHY69F-4x2gjy"
"becassine.pitman@edu.tbz.ch"|"6XZrbG-%JzybO-5PMfnZ"
"ai.giacovelli@edu.tbz.ch"|"0vKoKB-CahORP-0CDC&C"
"judicael.fruchter@edu.tbz.ch"|"JyGjo5-Yc6#vp-U75tzj"
"mans.mogg@edu.tbz.ch"|"XChxFJ-0Zv#fV-@5FP1f"
"gerald.foyle@edu.tbz.ch"|"N#grEg-mzoeZN-YFLteg"
"wa.androletti@edu.tbz.ch"|"#uFnJl-gz2s0F-KhDm3H"
"meng.ollett@edu.tbz.ch"|"sV66aA-10wa#0-h6VLd9"
"naelle.macmenamy@edu.tbz.ch"|"rXHhMC-B$U9cd-HFaLN2"
"gisele.mcramsey@edu.tbz.ch"|"P2ztiN-$zVeW7-p3zx%S"
"meryl.scolts@edu.tbz.ch"|"MbX1@O-oww9Ip-QEO4KQ"
"celia.bloxsome@edu.tbz.ch"|"obFsNv-Q7h1AR-qUg5%e"
"styrbjoern.stuke@edu.tbz.ch"|"#Y3S&E-7QC1lo-@V1Mhw"
"felicie.gwilliam@edu.tbz.ch"|"6sEC1E-pHWIjf-dIk#Fe"
"da.harms@edu.tbz.ch"|"nlG0KX-dNC8fo-SIC%yT"
"celestine.baulk@edu.tbz.ch"|"VWPcSs-&B$V@f-RQVfRm"
"mahelie.blackledge@edu.tbz.ch"|"S234Gf-2bNbj&-vW30fV"
"meghane.salt@edu.tbz.ch"|"9&paRT-JussXX-Bn#JhP"
"methode.paxeford@edu.tbz.ch"|"51FoV7-fISqG$-Wdes@M"
"asloeg.milligan@edu.tbz.ch"|"vuc5GU-QftFZZ-A@E3Db"
"you.pellman@edu.tbz.ch"|"e0$EwM-epgOu1-wSM45E"
"loic.regenhardt@edu.tbz.ch"|"38CNy#-w6ow#f-O$oGS$"
"daniele.savill@edu.tbz.ch"|"Iyt@Bp-4$4t%n-u3uT%W"
"alois.cornu@edu.tbz.ch"|"w1oow$-BMuUVC-2Lh%0X"
"oesten.govey@edu.tbz.ch"|"jbC&vu-MhZXiQ-FJmg16"
"marie-eve.louch@edu.tbz.ch"|"svtXHA-k9$1&C-R%i91l"
"theresa.wenn@edu.tbz.ch"|"fY6$SC-RqtxFB-kq9JV#"
"andree.eul@edu.tbz.ch"|"dAYBDz-Y%GCTn-0GeOsc"
"lie.paynton@edu.tbz.ch"|"97WU91-Gjlr2L-66Wqjd"
"marie-eve.girodier@edu.tbz.ch"|"5674mt-XumJh5-WwpRtA"
"marie-noel.smithe@edu.tbz.ch"|"M%ijuR-$mot82-&SlaaM"
"men.bootyman@edu.tbz.ch"|"vcXFvK-zpC7z$-yxwLy@"
"ku.sugg@edu.tbz.ch"|"ZqRcmo-9APHmI-$U#fMj"
"lucrece.roseman@edu.tbz.ch"|"XNo9Uw-p0ubnS-Ds#Wa5"
"zoe.annear@edu.tbz.ch"|"rK4&kN-zIz6$U-nj&SFX"
"marie-helene.rennebach@edu.tbz.ch"|"V2s7Lb-EaXPE&-pTMp17"
"lea.djurdjevic@edu.tbz.ch"|"I@fVzc-7$5QGn-Y4mzyL"
"goerel.robert@edu.tbz.ch"|"ZPuzl$-0n8Yaw-eKrQK7"
"mylene.foldes@edu.tbz.ch"|"5RHwX@-Jgap4m-zqH@ut"
"faites.clegg@edu.tbz.ch"|"dVNeuy-CmcK52-HZ@C2i"
"marylene.crowcher@edu.tbz.ch"|"iZSSD#-NAHquY-Bu3q5W"
"aimee.wimpeney@edu.tbz.ch"|"S@xF$m-r5XiTd-zgWubv"
"renee.atkins@edu.tbz.ch"|"TlqVUw-W5rG&4-690ahi"
"rejane.cainey@edu.tbz.ch"|"&yFR9z-ulbhlg-v8n6Ne"
"solene.britney@edu.tbz.ch"|"8XwDsY-Wr0%6U-dL275q"
"marten.shatliffe@edu.tbz.ch"|"yQjLg5-UcroY5-MlS8M5"
"maite.issatt@edu.tbz.ch"|"vH@Fgy-gP#PWo-OCbYh0"
"maelyss.edon@edu.tbz.ch"|"TDEOyr-Mp34NM-t3LQMQ"
"nuo.bamling@edu.tbz.ch"|"#tejh0-ovm9m8-UeBBlI"
"anais.edards@edu.tbz.ch"|"73ysXc-M7AymW-a5gUkw"
"mediamass.bromet@edu.tbz.ch"|"8U83p5-2RBsfy-&uZ76o"
"beatrice.kimbrey@edu.tbz.ch"|"16i%sk-5Ktf#Y-tacGAv"
"ines.lawranson@edu.tbz.ch"|"ZJv5Yu-Obcufk-BqodsG"
"kalliste.scandroot@edu.tbz.ch"|"8bSJCF-n9NDN&-buLuxg"
"mans.barrowcliffe@edu.tbz.ch"|"0Alq4Y-Abl877-n0c#VS"
"irene.couves@edu.tbz.ch"|"fIZEVm-M$7ZeN-auOkyi"
"milena.mucci@edu.tbz.ch"|"NBej41-Nq3k80-IY9zxQ"
"naeva.cow@edu.tbz.ch"|"&ugKs@-e%BGlG-JhcX6D"
"audreanne.mournian@edu.tbz.ch"|"0lYR4Q-UvJcP4-$IjR4j"
"melia.sinnatt@edu.tbz.ch"|"bOb0IL-I5QWWZ-BbQm4Q"
"nelie.burnard@edu.tbz.ch"|"kdkqPS-hd&wpm-Fyi4TQ"
"clelia.ashfull@edu.tbz.ch"|"%CsVsX-@6oH3s-fnwOpV"
"lie.macard@edu.tbz.ch"|"H$F7x4-t$begh-FErwqg"
"valerie.matoshin@edu.tbz.ch"|"f04luM-qJTCUY-ZGE4Z1"
"anael.hatherleigh@edu.tbz.ch"|"lAW6UJ-185RQR-DOAHv9"
"interessant.warratt@edu.tbz.ch"|"%MRqyH-d3Lrm8-2&z&SY"
"eleonore.volage@edu.tbz.ch"|"oKQfK7-kyLwT2-Eu5uvI"
"zoe.stebbing@edu.tbz.ch"|"EuemQO-#6Tsve-Jj4cp3"
"alizee.nye@edu.tbz.ch"|"FJROnf-w9y2Tk-T@%yU&"
"celestine.bramley@edu.tbz.ch"|"K%KkoI-tKCm9F-NwjuMI"
"selene.philcott@edu.tbz.ch"|"BYaQQg-$kWhT6-1KJw&7"
"tang.newens@edu.tbz.ch"|"046lzO-deKrF&-8Gr%@0"
"annotes.powys@edu.tbz.ch"|"klGpBR-nsCxKd-DTzlhO"
"lea.matthesius@edu.tbz.ch"|"bih4s$-AIv&dp-y3$j@M"
"illustree.garlett@edu.tbz.ch"|"&nLA5u-Qt93ZS-aC1Z@4"
"maiwenn.meachem@edu.tbz.ch"|"6lTyTw-i%uCW0-DoYpqu"
"marie-francoise.mcbrady@edu.tbz.ch"|"SQjelD-q3fg%2-sSzTY&"
"illustree.gimbart@edu.tbz.ch"|"1LP5Re-k%i%TH-nQNRhz"
"melys.lyosik@edu.tbz.ch"|"fQDJZV-39IBI4-4AcuW6"
"marylene.mcnab@edu.tbz.ch"|"dZsxQd-AhwJy#-Cz0X6r"
"gerald.blount@edu.tbz.ch"|"eQRalK-%FoKeH-VsgzXK"
"clelia.shakelade@edu.tbz.ch"|"uNPtFG-K5bF%6-8ht6cF"
"penelope.cridlin@edu.tbz.ch"|"ttRD@Y-Yr2GQg-dl%Zz8"
"maena.okuddyhy@edu.tbz.ch"|"5yFmxM-e#3NRl-151IHW"
"athena.keynd@edu.tbz.ch"|"QBR%IB-RO#I5J-L6AAwF"
"cloe.dwine@edu.tbz.ch"|"xoo81q-yG@Fqw-s#NUX%"
"josephine.browett@edu.tbz.ch"|"9@Q#TV-JM65X%-cq1aoC"
"audreanne.oscanlon@edu.tbz.ch"|"0$YO10-HoBBox-GUm%tM"
"fei.jeanequin@edu.tbz.ch"|"QeE4V0-Gm4nrn-CpgAPZ"
"lois.gormally@edu.tbz.ch"|"&CZZVv-if4XE0-aSRxkL"
"marie-francoise.finnigan@edu.tbz.ch"|"3tFR4U-J4NELU-rKDfTA"
"leonore.trussman@edu.tbz.ch"|"tcDs7h-mUr2$I-@7lmmh"
"anaelle.trumper@edu.tbz.ch"|"Z$%x8n-hWi7rb-L#kV6T"
"clemence.dionis@edu.tbz.ch"|"Yk&gL6-y9quph-K8gJxh"
"lois.tranmer@edu.tbz.ch"|"nYXwwE-CkJM#x-MbVTp2"
"interessant.volett@edu.tbz.ch"|"OXUZ@o-RzJdt3-MuD7K8"
"personnalisee.deackes@edu.tbz.ch"|"rggoiH-Wm&LGl-$XECm1"
"lie.vasiliu@edu.tbz.ch"|"inh#ih-3@Djtg-NI4RxL"
"dafnee.lamputt@edu.tbz.ch"|"i39yC@-FRNdzQ-da9@od"
"elies.bromige@edu.tbz.ch"|"D1A6pU-yijY2N-8a4tDE"
"helena.klosser@edu.tbz.ch"|"PUE9vY-birbZS-NR5%6f"
"andree.grim@edu.tbz.ch"|"rxaKPJ-0A1nZ%-$uIsv8"
"verane.coldbath@edu.tbz.ch"|"vj8Wxy-sY68iZ-mhsmJE"
"helena.bethell@edu.tbz.ch"|"dLbdlj-PoT1#q-KkpsWC"
"kalliste.carefull@edu.tbz.ch"|"v5OdD3-44uQMF-zeDq@C"
"regine.odams@edu.tbz.ch"|"BYhtmR-xO4M8Z-t4qFBy"
"len.stannus@edu.tbz.ch"|"obeT8E-w$Ps4l-VDocoX"
"angelique.works@edu.tbz.ch"|"htHdgf-l8w6&E-cyKvgV"
"goesta.rheaume@edu.tbz.ch"|"w6n6Z4-Op80LL-0kmYll"
"maelys.tynnan@edu.tbz.ch"|"k3zwvR-J83K0M-@EqfJV"
"maelle.carlesi@edu.tbz.ch"|"uxIcas-vRKQoA-sZEl#o"
"anael.spurden@edu.tbz.ch"|"YWe7FA-QeP@A5-hTbe%J"
"helene.pumfrett@edu.tbz.ch"|"Hc#rq%-adC8cs-6$1%Zq"
"goerel.pearn@edu.tbz.ch"|"53%i2k-4eTDOw-ap0ysj"
"laurelie.dezamora@edu.tbz.ch"|"lP&6MF-XWux#8-W8IHjG"
"yao.twidale@edu.tbz.ch"|"$7LwsP-CmFsX%-FYpSfI"
"berengere.sola@edu.tbz.ch"|"ZngNiY-9F@l68-aWXI%&"
"maelann.hardistry@edu.tbz.ch"|"Drq&7E-&YzlTR-$2Szrx"
"severine.littlefield@edu.tbz.ch"|"4%euWJ-6vWxo%-E48eK7"
"salome.heinl@edu.tbz.ch"|"j@O$Oc-IgU%28-zMFYQn"
"meryl.warbey@edu.tbz.ch"|"BlZBOD-0JqM1J-BB0Kg$"
"da.hunstone@edu.tbz.ch"|"olwYQT-20Uxdh-FoPqiX"
"venus.broadbury@edu.tbz.ch"|"fRVo8i-LWOt%6-At1ilW"
"meghane.rentelll@edu.tbz.ch"|"PrD1w3-V%gxSK-6xcqFn"
"marylene.drewitt@edu.tbz.ch"|"eQX4%G-29coP@-g7g9sM"
"melinda.jacquemet@edu.tbz.ch"|"AVf3Xi-jCecaM-$i49Xp"
"marie-josee.keyden@edu.tbz.ch"|"$iSx$#-UUjf2T-ate05J"
"asloeg.montacute@edu.tbz.ch"|"#iATnr-fHqt6A-R4rXqy"
"ku.andreou@edu.tbz.ch"|"lov8a%-iIweZx-Ob0kT1"
"personnalisee.feaveer@edu.tbz.ch"|"FuPOBt-hVSYmU-q90&W&"
"laila.emptage@edu.tbz.ch"|"EZeA#z-Gbvn2f-qCyeRy"
"bjoern.dawdry@edu.tbz.ch"|"wHqCdq-t5W$Fn-dhL36Q"
"marie-eve.dinsell@edu.tbz.ch"|"uSMnor-U&GX1H-jddS#@"
"helene.follett@edu.tbz.ch"|"&qzAl2-@x#bj@-eEVYqX"
"penelope.cordero@edu.tbz.ch"|"7awK&1-tRNwL@-fPDWMQ"
"boerje.beedell@edu.tbz.ch"|"@16%Wp-$sTU3a-HO$fLK"
"nelie.ferne@edu.tbz.ch"|"GDa6B6-j4GCMa-pv69jt"
"celine.ahmed@edu.tbz.ch"|"Yh8Y0&-ncjiXH-TeitKd"
"stevina.pimblett@edu.tbz.ch"|"Ttqb7r-GyzWwC-v@@FeC"
"chloe.langlands@edu.tbz.ch"|"Ja@n%l-2#tIm3-42Y@dq"
"simplifies.maude@edu.tbz.ch"|"vgt4i2-4Q$xtZ-sembg9"
"genevieve.decarteret@edu.tbz.ch"|"XquGZF-QqaPOy-y@1YZd"
"marylene.mughal@edu.tbz.ch"|"&hNgH7-ekt521-iI&n%K"
"goeran.guttridge@edu.tbz.ch"|"JfWpG9-U&QCfQ-omWq9c"
"michele.smurfitt@edu.tbz.ch"|"zhgrKX-TrQLOV-usbLxt"
"methode.hadeke@edu.tbz.ch"|"QZXSzF-TgEZuV-kKgzJ&"
"therese.rispine@edu.tbz.ch"|"oc#29b-U3Qpe0-4bReCM"
"goerel.plumley@edu.tbz.ch"|"Yzow4U-l8lfHU-jsKRfC"
"oceane.friett@edu.tbz.ch"|"mNt78&-stGl44-s&4k&y"
"marie-noel.achromov@edu.tbz.ch"|"#bhdew-WtU#RS-Wl#2mm"
"dorothee.storek@edu.tbz.ch"|"9nLSdp-Kxx91T-XEJWcH"
"goesta.whittle@edu.tbz.ch"|"h4kMal-fff4mT-oG4&hq"
"desiree.casely@edu.tbz.ch"|"$MWMw9-Rjkqzz-P9wo#0"
"felicie.condon@edu.tbz.ch"|"GrlS6q-@hI3Zg-VrQQSY"
"maelyss.frisdick@edu.tbz.ch"|"zjU&Qf-x6Bsnn-4nK&a9"
"aimee.banke@edu.tbz.ch"|"WrVOy3-oxmUmP-5i45Vh"
"naeva.hodcroft@edu.tbz.ch"|"7iNfB3-IlWk6C-GTYJDz"
"laila.gerrans@edu.tbz.ch"|"hNdSji-fqLwgo-sincst"
"daniele.scrimshire@edu.tbz.ch"|"Rap6%j-nMHKky-ug0@GJ"
"daphnee.sheerin@edu.tbz.ch"|"9ibA5u-pwxFmN-KQye#5"
"pal.vanyukov@edu.tbz.ch"|"WJnNUn-Ey33Cs-vW93aS"
"zoe.childs@edu.tbz.ch"|"U7gd#7-ak5xfh-r5wsOG"
"ai.corde@edu.tbz.ch"|"qXjOS1-aiAT#S-l7PmRp"
"maelys.berryann@edu.tbz.ch"|"g78xl9-aC7L7L-wmuTsN"
"cloe.gladding@edu.tbz.ch"|"wwmk5L-7eQ6@8-t9TsBI"
"wa.kinnaird@edu.tbz.ch"|"@$%@IU-TsxiOS-JX0DvK"
"publicite.brittoner@edu.tbz.ch"|"2CvLab-Qy9xl6-1jqF90"
"rao.windress@edu.tbz.ch"|"NSmGo$-8Gbuvm-fbxD0f"
"uo.kollach@edu.tbz.ch"|"ArSTTF-WSX3R8-Q5dTU7"
"josee.peskett@edu.tbz.ch"|"BleoMA-NUxDM#-e@Q3RQ"
"annotee.hasel@edu.tbz.ch"|"g@f$A2-IJfCQh-QKBOwi"
"cinema.lee@edu.tbz.ch"|"9Fqw44-jcCw$N-piBBDe"
"lai.vedeshkin@edu.tbz.ch"|"Zn3I9X-yo7#uh-X7S&&w"
"renee.brisbane@edu.tbz.ch"|"xOXa2M-9@Wr7w-FP&VUn"
"ophelie.blincoe@edu.tbz.ch"|"NNK%jg-z%fMc2-VgG0xX"
"zhi.prazor@edu.tbz.ch"|"flyMBW-NfHwo@-ycf4BZ"
"annotee.maddicks@edu.tbz.ch"|"piCk%#-%$gQcP-XCRenh"
"maelyss.codd@edu.tbz.ch"|"98ktvf-Qf6uI#-creuhl"
"celia.peplay@edu.tbz.ch"|"#854Ur-NZPL6A-8RZ64b"
"interessant.skone@edu.tbz.ch"|"6Rv0f3-6ZE2T&-JfyiGd"
"audreanne.hebdon@edu.tbz.ch"|"40r#&n-a8ftp&-AE@%eb"
"oceane.glen@edu.tbz.ch"|"BUW%It-wlTM&r-IozetA"
"daniele.vanyushkin@edu.tbz.ch"|"68Gj0T-JiyMcf-UGGKTo"
"daphnee.ayce@edu.tbz.ch"|"DsEVa%-iNqk5d-i&UASq"
"andrea.attride@edu.tbz.ch"|"A8Ovm5-39qnLf-OO$Zb$"
"penelope.bridgwood@edu.tbz.ch"|"kHi$cR-Pd7L$b-AVKtF7"
"mailis.drewitt@edu.tbz.ch"|"HRN@pS-P15y@z-9AB@QM"
"penelope.mollene@edu.tbz.ch"|"2Cy1yv-dqOtvW-D3Ykfd"
"illustree.keely@edu.tbz.ch"|"pAhenW-kvZU8q-u%it8X"
"meng.brisseau@edu.tbz.ch"|"QJeRaO-ko0CG&-LwLEIU"
"ruo.cleiment@edu.tbz.ch"|"7Q#EnB-fK9%er-aXnLjY"
"maite.krammer@edu.tbz.ch"|"xxu#X#-bAwUhI-oSkN2T"
"genevieve.verry@edu.tbz.ch"|"YCLgh8-HBlHWE-lenGf%"
"lea.olochan@edu.tbz.ch"|"lbnMYQ-$Nj3UJ-kLRjfD"
"naelle.brunnen@edu.tbz.ch"|"2AnsnK-vPs1FW-7pf$QQ"
"goesta.bragginton@edu.tbz.ch"|"NfGHf4-&#$omP-m05ckl"
"fei.danilyuk@edu.tbz.ch"|"OWJ5f8-@dVDmS-TN24XU"
"adelie.turbitt@edu.tbz.ch"|"0vQje9-7p@y3G-iRz10$"
"marylene.nutman@edu.tbz.ch"|"Rscyav-twaW6u-5KTRB#"
"therese.barbrick@edu.tbz.ch"|"yb8SVd-t3K0Zf-JMIv9X"
"melys.kolodziej@edu.tbz.ch"|"2w8N1O-DVmT&z-3QjMHZ"
"melanie.runchman@edu.tbz.ch"|"Kk3MP6-FFF4yV-8aZYQz"
"serena.lafond@edu.tbz.ch"|"dz%ua#-64igT@-oMAr2S"
"pelagie.desmond@edu.tbz.ch"|"rY1mVl-bSIucV-EF7rLv"
"wa.spickett@edu.tbz.ch"|"ZilQ%V-R6paxc-1#fh6D"
"po.shave@edu.tbz.ch"|"ddZGoo-S$Du7r-mRb#Da"
"song.huikerby@edu.tbz.ch"|"txZdag-jqYJL@-OkQ4TP"
"melinda.bimson@edu.tbz.ch"|"d7rEHd-qe0Jg9-gsRvud"
"personnalisee.toffanelli@edu.tbz.ch"|"56JZhb-Q7P6jW-pVhr22"
"leandre.hurn@edu.tbz.ch"|"ZiUNB@-kf0VIe-kn@rLH"
"oesten.standell@edu.tbz.ch"|"KFkG0z-L$FSWz-$A7BaS"
"naelle.smaleman@edu.tbz.ch"|"q5ufLw-s#BlMR-Z%UPit"
"berenice.tayt@edu.tbz.ch"|"2Bc%9T-SvLF6W-jTCaFm"
"kui.popplewell@edu.tbz.ch"|"oU6N01-lyMgKW-cJWCai"
"melodie.ferandez@edu.tbz.ch"|"QOjY0e-nDe1LU-ScJ0%g"
"josee.negal@edu.tbz.ch"|"jcEzKt-R&OAmP-SCT#5M"
"melissandre.ferrelli@edu.tbz.ch"|"#bZtWK-EpAvdB-am&gyG"
"josephine.kemmer@edu.tbz.ch"|"0nlT53-xC7K4b-$Z3bny"
"maely.cayette@edu.tbz.ch"|"FUVNhy-QGW3#@-pR2rZM"
"nelie.vela@edu.tbz.ch"|"ggMHeB-dvUbrz-BCGloI"
"melina.cortes@edu.tbz.ch"|"6HWHVj-kJSMGx-RTUImg"
"megane.leyshon@edu.tbz.ch"|"wYBoKZ-Qkfy&Y-#A@78i"
"regine.harrie@edu.tbz.ch"|"dRlY3v-bHx0ED-jnWHhX"
"mylene.widdison@edu.tbz.ch"|"&j07#Y-ydHyhs-@179Mv"
"pelagie.vivash@edu.tbz.ch"|"CtR9k@-2ZtZvM-%xcWOf"
"styrbjoern.vicarey@edu.tbz.ch"|"gsVDKm-cRaOmJ-jJ#C28"
"long.kyles@edu.tbz.ch"|"Qqeu3r-vuago%-QSI@&F"
"stephanie.gipps@edu.tbz.ch"|"la7Nk3-TMz4Md-o0H&04"
"clea.constantine@edu.tbz.ch"|"rIzXiX-ZvM6s2-nnGHIY"
"maella.cometto@edu.tbz.ch"|"j@Cc9G-70aIjW-8dpLgg"
"laila.aubrun@edu.tbz.ch"|"dVH8gW-LnSH6k-dM9O4D"
"yao.austins@edu.tbz.ch"|"E$FCXV-A#lMZg-bPs%9@"
"mailys.rylstone@edu.tbz.ch"|"mS9son-bYH10%-KwZpy7"
"adelie.curuclis@edu.tbz.ch"|"5d&M&H-95PwP$-qMnDqh"
"celine.longhurst@edu.tbz.ch"|"ztV&IG-P0oxO0-R%G&M4"
"gisele.hazell@edu.tbz.ch"|"mpbwqz-8aJAoI-BJ58AG"
"celestine.ciccone@edu.tbz.ch"|"4BbReW-OzpRRe-Wi5u$l"
"maelyss.doole@edu.tbz.ch"|"Kn%CqH-iiT4Tw-mgJlQd"
"helene.grimsdike@edu.tbz.ch"|"Eb%oBz-4dZiE6-7kL%DY"
"lie.macer@edu.tbz.ch"|"bFwKWo-IL&ztf-cgebnU"
"maely.izard@edu.tbz.ch"|"ykxlLS-pjuDgK-8rFBjc"
"erwei.breewood@edu.tbz.ch"|"cKGUR7-BYvQ3q-bg#nIQ"
"chloe.woolford@edu.tbz.ch"|"mQjQMA-boevR%-AJQo6q"
"cleopatre.turpin@edu.tbz.ch"|"AVlcz6-LWzmdy-TXSO51"
"melodie.surgison@edu.tbz.ch"|"w#dVqR-VfKjiN-Xzoz$y"
"elies.leander@edu.tbz.ch"|"kXB%u@-bY5d3J-R2ZdyP"
"mediamass.reignould@edu.tbz.ch"|"cVNUSX-@7rYgB-xljeOP"
"celestine.wasmuth@edu.tbz.ch"|"m&xunc-H8P#AO-xwTizk"
"marten.jervis@edu.tbz.ch"|"SQk%KQ-of4x2n-i22FKG"
"daphnee.bour@edu.tbz.ch"|"UgEe2F-4pNV$q-CZS3C3"
"regine.harlett@edu.tbz.ch"|"wubJdS-z%7Whz-o7QNs9"
"noemie.macaskie@edu.tbz.ch"|"fN3&DF-XrJhgA-avA$TF"
"loic.renfield@edu.tbz.ch"|"9Oik7s-Ya6jxI-%Yi2bW"
"venus.kleinert@edu.tbz.ch"|"kt8FYG-NC$5w9-4vr9rk"
"marten.burlay@edu.tbz.ch"|"mc3$kK-dtWd3c-0Ek6dK"
"berengere.radsdale@edu.tbz.ch"|"LX9WxF-eOQr@5-aCJ5LK"
"genevieve.duckit@edu.tbz.ch"|"li4ai#-aL2igO-oY1oij"
"maely.ligerton@edu.tbz.ch"|"8dRnVZ-kC5UJX-AA7&Yg"
"maeline.ricciardelli@edu.tbz.ch"|"ErN2zs-k7dRK7-xAePIB"
"personnalisee.yggo@edu.tbz.ch"|"HGhKaw-PL4wlJ-Ia4TQG"
"alizee.pettinger@edu.tbz.ch"|"NSB$54-efGH9p-c3s54L"
"desiree.curnnokk@edu.tbz.ch"|"BPojMr-FZuQTl-lAX#k3"
"dorothee.minors@edu.tbz.ch"|"h63nl#-$5fJw#-@iJPuu"
"oceanne.kopmann@edu.tbz.ch"|"UHPYh#-vzgYtG-lQyX1x"
"almerinda.brodbin@edu.tbz.ch"|"Ju&D8e-cWAqUq-0YcFu7"
"yenora.carsberg@edu.tbz.ch"|"&O0kx$-NQShAY-GH1m6c"
"wa.beetles@edu.tbz.ch"|"MogC6X-AF2PH&-p8qlPQ"
"audreanne.abbot@edu.tbz.ch"|"HaWU&r-ljg41N-dVMpJV"
"noemie.capper@edu.tbz.ch"|"%xMi6j-OJ0atz-XkwdyA"
"mans.abramamov@edu.tbz.ch"|"Qd6JKy-5Dwmmr-BV8uil"
"audreanne.blakey@edu.tbz.ch"|"Cu&0Ad-8wO%I0-vKatEV"
"leone.klimpke@edu.tbz.ch"|"c7%N$e-MrXfbJ-a9V8IN"
"lie.croston@edu.tbz.ch"|"6aodaY-ze@m#i-vJOuv9"
"anaelle.baistow@edu.tbz.ch"|"2z4MHA-zckcp9-z4yitU"
"michele.garwood@edu.tbz.ch"|"qj6Kaj-&bOpSE-DAoCkz"
"interessant.albion@edu.tbz.ch"|"lraTSj-iqF&#c-NfRFDx"
"andre.brisco@edu.tbz.ch"|"fjx4TL-H5JH7x-tIUz1H"
"tang.totterdill@edu.tbz.ch"|"lrX5mS-kLg&r0-yL#vqZ"
"marie-josee.braundt@edu.tbz.ch"|"U$tWdJ-1HJI6i-TC1vqu"
"lois.galer@edu.tbz.ch"|"jO&SC$-LiSgPd-WBZA#5"
"faites.pellamonuten@edu.tbz.ch"|"pRkdbb-ArqgK4-0CBD7W"
"mai.barfford@edu.tbz.ch"|"CtT6Bd-Dz5CJ%-AHGXAB"
"laurene.macilory@edu.tbz.ch"|"CgL1ca-PpBt7N-LPM$Zh"
"elea.peak@edu.tbz.ch"|"yZcrRB-t6hatG-twBDZK"
"rejane.doni@edu.tbz.ch"|"LXlcfA-x#f4@5-U66LTc"
"mahelie.ector@edu.tbz.ch"|"#rOc$R-bpC%Nl-9kZHRI"
"rachele.allum@edu.tbz.ch"|"B3054C-mF6D1w-TaUqX9"
"laila.gerretsen@edu.tbz.ch"|"H%Ok3U-CJ15IU-#n%Nmd"
"ines.bowman@edu.tbz.ch"|"PAQvvg-e6d@P@-St53BW"
"publicite.barbary@edu.tbz.ch"|"ndWRoh-SmIHvt-7RSZcL"
"mailys.smooth@edu.tbz.ch"|"s6#yi%-sl%eJU-GG3JXl"
"mailis.huguenet@edu.tbz.ch"|"zaYyHj-ubUutL-1pcZgI"
"lea.ewer@edu.tbz.ch"|"gU5uiO-B$#2No-vJXr87"
