"email"|"password"
"melodie.vandervlies@edu.tbz.ch"|"2N7TDb-P%9Nie-y7Ocsq"
"angele.edgecumbe@edu.tbz.ch"|"NnIMx2-vL1aV%-GQaPzx"
"zhi.andreasson@edu.tbz.ch"|"uo61wE-HNc#GV-ads7bX"
"judicael.koppeck@edu.tbz.ch"|"4sjAY@-@z6Flz-6%JctL"
"berengere.capron@edu.tbz.ch"|"&75PNt-5JPh#L-zifu4v"
"leonie.brosini@edu.tbz.ch"|"9%43SS-1g&oei-gCont0"
"venus.garfit@edu.tbz.ch"|"W8vhkB-qbuXFG-Vku3R#"
"melina.janota@edu.tbz.ch"|"qYktJ%-cGFkHU-v#L38x"
"laurene.bake@edu.tbz.ch"|"xrLB0O-kcZPS6-&YqUe#"
"regine.dorkins@edu.tbz.ch"|"Cbc68b-Q&W5KD-SxNa3U"
"cecile.moffet@edu.tbz.ch"|"kO79n8-ZSNSGG-5nGfP5"
"maelann.labrone@edu.tbz.ch"|"9q#XhI-2J5fuL-Q0TXiX"
"melinda.newbold@edu.tbz.ch"|"SQarMO-Pw5TEm-dVR29U"
"mans.itzhak@edu.tbz.ch"|"N9Uz67-9hPZcF-A$oRZm"
"melodie.pattlel@edu.tbz.ch"|"YDTTXH-cJ05zi-fmluqu"
"celine.bonett@edu.tbz.ch"|"0vDoJd-kElvHD-Qz4wci"
"adelie.mcgreal@edu.tbz.ch"|"a95goB-3wjlaZ-%Dhhi5"
"helene.soldan@edu.tbz.ch"|"A5a5bV-doQ8mA-m0qL&D"
"michele.cluer@edu.tbz.ch"|"KDFpTd-JH94In-Kiy5V6"
"maeline.mueller@edu.tbz.ch"|"L$DZIK-NbUvU2-2TW%gm"
"maelann.benedito@edu.tbz.ch"|"xHqAHz-ij0Njl-3jYhD5"
"nuo.gransden@edu.tbz.ch"|"0MLmR$-n19PY8-DheMXD"
"berengere.stainton@edu.tbz.ch"|"qLLxTR-vwqFm3-bKw3dv"
"wa.sabater@edu.tbz.ch"|"VCkO8F-B%P7Dt-b#wJOl"
"anais.cochran@edu.tbz.ch"|"RgV#pp-9yswq@-VDI7bW"
"gerald.bessant@edu.tbz.ch"|"@X37u%-zJ625f-zR1m2h"
"ruo.coffin@edu.tbz.ch"|"KQ3CjM-SxKs$B-ugb#S0"
"melodie.mustill@edu.tbz.ch"|"bzckff-qkKvB%-pZ57Ar"
"ruo.stanesby@edu.tbz.ch"|"9V$P$A-BHTsSU-lD6oLy"
"noemie.antognelli@edu.tbz.ch"|"#74If0-y7@m9@-M6o9y5"
"maelann.hughson@edu.tbz.ch"|"5ZrYtL-1ExYvx-cWeYAf"
"milena.mieville@edu.tbz.ch"|"ev1lZd-z6fX7%-JmKpuQ"
"mailys.chamberlin@edu.tbz.ch"|"3LxxHS-1ihOkY-iGd&Q2"
"nadege.tomalin@edu.tbz.ch"|"U1dWjy-BbGfXj-EMmvlr"
"oceane.omara@edu.tbz.ch"|"pcqNdH-fLpOnx-CnUYQl"
"cecile.aguirrezabala@edu.tbz.ch"|"KW8GcW-m8qqJi-zfGP94"
"maella.gwillim@edu.tbz.ch"|"5MlVWY-jiekYG-IL4czK"
"lea.mcgahey@edu.tbz.ch"|"Qi5rvc-Q8@eeT-AUiTyn"
"laurene.hagerty@edu.tbz.ch"|"0jB3Cy-XE6iWC-IRYrQj"
"dorothee.link@edu.tbz.ch"|"ximMOF-N#Q1xT-HyE5HS"
"clementine.kynsey@edu.tbz.ch"|"a4N5Wp-E@3$XT-MoT1L3"
"lorene.smitherman@edu.tbz.ch"|"pdA2SR-trudUr-SqeTE7"
"cleopatre.klulicek@edu.tbz.ch"|"ied7B8-77cNp1-31uc0Q"
"laurene.castaneda@edu.tbz.ch"|"al$b0h-scyYgr-WTRCAC"
"melia.constant@edu.tbz.ch"|"Fw2qaO-Ppt$Vz-WxlM0A"
"lucrece.clunie@edu.tbz.ch"|"c$de6D-6W7u24-XM4wp5"
"eleonore.mcmurthy@edu.tbz.ch"|"xRoVY7-GXrhab-vkf9T#"
"melia.bevar@edu.tbz.ch"|"%Eeww3-%yFXpD-YZUazT"
"camelia.bontine@edu.tbz.ch"|"7O&jdQ-ZRqyr7-4wjmQQ"
"methode.jozefczak@edu.tbz.ch"|"Wf5R6u-Z6DvSx-rH8QSS"
"audreanne.hinsche@edu.tbz.ch"|"qW@#B#-jt&fUG-pWDuUn"
"andree.varne@edu.tbz.ch"|"SSp&7E-TVzvJ@-fjem%t"
"marten.kinleyside@edu.tbz.ch"|"tYNSWP-g03$9l-CzhlDY"
"esteve.mcewan@edu.tbz.ch"|"p0L$73-iA9Rec-ShNk7j"
"leane.dibbert@edu.tbz.ch"|"&QsnJe-aB7h47-3zCYZm"
"ma.thewlis@edu.tbz.ch"|"RSR%kF-d&bzZX-2Tg#bz"
"clea.djurkovic@edu.tbz.ch"|"Ngt2h1-FP@%$O-c@AA#g"
"rachele.reburn@edu.tbz.ch"|"zGflhg-&SnIe%-vWn%Zv"
"gerald.gowling@edu.tbz.ch"|"QSPdUL-qhd0fB-NTAbb3"
"cleopatre.jackson@edu.tbz.ch"|"7FMOY0-G0rCS6-853U&Y"
"desiree.haskins@edu.tbz.ch"|"bZQmI2-kSCC@Q-IWjr8x"
"eleonore.longson@edu.tbz.ch"|"xzsTGh-d8rPRz-&W3rsM"
"leane.dybell@edu.tbz.ch"|"heR8ZC-cB7x%t-DhnX%O"
"becassine.grzesiak@edu.tbz.ch"|"OELL6A-MWyZ@8-@xbk1F"
"marie-josee.pickin@edu.tbz.ch"|"mTjcY1-Mwezmw-#bq9fK"
"marie-josee.roxby@edu.tbz.ch"|"tk7nBf-HeghM&-0P$#9K"
"leonie.feenan@edu.tbz.ch"|"FQVSqd-RJc@$G-l%Nd6a"
"valerie.ellum@edu.tbz.ch"|"&&Xkj7-%jTUF#-HH3oFw"
"ju.caseri@edu.tbz.ch"|"0Vv4rO-OAO&K8-Zn44SU"
"boerje.strangman@edu.tbz.ch"|"LSoh@5-EqzXNS-Qu5wIc"
"beatrice.ghidelli@edu.tbz.ch"|"@&Pobl-Z6Kadz-VOpiMp"
"da.jablonski@edu.tbz.ch"|"vtQ5UC-j#5Iaw-d&M&%8"
"uo.beveridge@edu.tbz.ch"|"S6H2lZ-ZyvT8Y-mm$2ft"
"valerie.bestman@edu.tbz.ch"|"Q8HUn2-LaKllZ-bxuN9X"
"marlene.pohls@edu.tbz.ch"|"BlcBRZ-eijrQa-F@UI$z"
"ma.nolda@edu.tbz.ch"|"alaejj-xM7xsN-HTQBtg"
"marlene.bisiker@edu.tbz.ch"|"klEOTI-XQo2%s-M9huXo"
"estee.babon@edu.tbz.ch"|"ayCSki-1GuXgW-aXbudZ"
"simplifies.dmisek@edu.tbz.ch"|"ERUu#b-vahLmV-y%uRay"
"selene.ganing@edu.tbz.ch"|"66KdRV-@AGvF$-#SQPeC"
"meryl.penke@edu.tbz.ch"|"JPIVG1-eqWZiK-0Ed&Jd"
"anais.rawcliff@edu.tbz.ch"|"%tpUcM-cplA%d-4#EGgN"
"melina.andri@edu.tbz.ch"|"GD6xB7-4$yQTO-DN8$fe"
"audreanne.fodden@edu.tbz.ch"|"V0wycp-lVKOqu-DL$n&q"
"bjoern.spellesy@edu.tbz.ch"|"ouZ76m-nDaA$m-X5Rgb2"
"francoise.summerscales@edu.tbz.ch"|"gGW3MY-pTkb$x-UdrdzS"
"laurene.ashtonhurst@edu.tbz.ch"|"dyy1nQ-kE$qrd-0UXVNl"
"valerie.petters@edu.tbz.ch"|"lAcRBV-kz9bSj-M1zbmP"
"anael.spenclay@edu.tbz.ch"|"nHi8of-%XPn#4-%kzdrF"
"stephanie.keech@edu.tbz.ch"|"HZWeXf-qNMFGl-u$9epr"
"ines.deveril@edu.tbz.ch"|"91NDNQ-QUaGxH-Jy2$lU"
"berenice.gelder@edu.tbz.ch"|"ivGQ18-BokxXA-0@#qB5"
"melanie.ofogerty@edu.tbz.ch"|"Ou3FIT-1$D3vY-rVO6h5"
"frederique.canepe@edu.tbz.ch"|"FfRgeE-W#8WF5-@DC7gD"
"nuo.otton@edu.tbz.ch"|"84kLlf-d%KDZg-kJAals"
"genevieve.trusler@edu.tbz.ch"|"nkFaR6-$y7%Oi-ztErwy"
"ju.boag@edu.tbz.ch"|"JrWGBt-gcZ#qo-Y3aMog"
"josephine.dilucia@edu.tbz.ch"|"wfmYlX-y2LcF5-W@cA4z"
"laurene.armsden@edu.tbz.ch"|"qi4FFS-vAozd5-Q9dt65"
"becassine.griffe@edu.tbz.ch"|"qc6r0M-i7Rah6-4Lqvmf"
"alois.parres@edu.tbz.ch"|"BQGbom-MKCZv5-tYwrTa"
"cleopatre.gaffey@edu.tbz.ch"|"hGh%uU-YOC#B&-YtIer7"
"andre.stiger@edu.tbz.ch"|"Wl6sMs-h#ic6&-MIg3C6"
"beatrice.godleman@edu.tbz.ch"|"vVlynW-xJzpch-WPLaEf"
"hakan.harrhy@edu.tbz.ch"|"GYHo&&-mtsOZb-WC4UJB"
"celestine.dagnan@edu.tbz.ch"|"cWCU#i-@MCZkU-96@BhZ"
"clemence.haggart@edu.tbz.ch"|"BGqNjQ-OYIIc6-85Ynob"
"long.caban@edu.tbz.ch"|"KhVyTi-7IoYX0-3Qun6Z"
"gaetane.grimble@edu.tbz.ch"|"yGjzrc-ayZLKd-776jpR"
"maelann.piwall@edu.tbz.ch"|"4EvCiE-Gj9V2o-XoLjqh"
"magdalene.loble@edu.tbz.ch"|"x3ceI9-&QjtKO-tKGL2o"
"veronique.domaschke@edu.tbz.ch"|"fZR#6u-k%5Fit-lbAEQX"
"clea.herity@edu.tbz.ch"|"g9p#Cr-r6v8MM-DaQ@CK"
"maelann.bambrough@edu.tbz.ch"|"AUiLDZ-eVR&OW-yKYr%O"
"clea.goulstone@edu.tbz.ch"|"@V71FS-YRGuU#-&u65fb"
"renee.deleek@edu.tbz.ch"|"rbY0vH-9tDlZS-7QMAb%"
"boerje.rudderham@edu.tbz.ch"|"#aAKkJ-eLaMx$-BC#H5N"
"marylene.broune@edu.tbz.ch"|"iCwDkH-AUBA5h-%@ZrG@"
"nadege.mccuish@edu.tbz.ch"|"9OoCpJ-cjQf%0-ONU6k3"
"anael.littleover@edu.tbz.ch"|"jtk1n6-JIntkw-Me4pwr"
"lie.baume@edu.tbz.ch"|"1ed3W3-5GLgrU-EQnm@l"
"maella.murrow@edu.tbz.ch"|"BJ4$5P-M#RMO0-9KXh5V"
"cleopatre.pettifor@edu.tbz.ch"|"w$iywu-#S&#X$-s@jA7U"
"geraldine.asker@edu.tbz.ch"|"B4Yfy#-rtNUxl-SSFgrn"
"gaetane.smedmore@edu.tbz.ch"|"Gntanm-Wkrv94-VT20h7"
"meryl.blencoe@edu.tbz.ch"|"TDDRXm-uopFly-cfAl6x"
"aurelie.chastaing@edu.tbz.ch"|"#OP1%J-0l#Jl1-4xyHJx"
"oceanne.marthen@edu.tbz.ch"|"UxI&u%-zGYwcK-ObU1oE"
"dorothee.burrill@edu.tbz.ch"|"#NvNbH-4pD425-bNvYJo"
"hakan.belden@edu.tbz.ch"|"fnQ$FA-%6Hha2-zWaaJe"
"celine.brunning@edu.tbz.ch"|"aDZb6v-wyo5FN-uBPdFH"
"anael.lapides@edu.tbz.ch"|"mnGldk-usXSmI-lhYZEx"
"ruo.saffran@edu.tbz.ch"|"y$Eg8E-KHgay9-1Tnu#V"
"loic.gerretsen@edu.tbz.ch"|"Ndnyv#-xHl7f1-o$rAgz"
"rui.fitzer@edu.tbz.ch"|"kjfjbb-KHca0&-dQkXz8"
"annotee.ogers@edu.tbz.ch"|"@ccqxD-&a%#VI-jUBbt0"
"boerje.bindin@edu.tbz.ch"|"p69i5W-mUNAaU-2sEmS#"
"ma.cronchey@edu.tbz.ch"|"TQ%@P1-7sX6Zp-aqjeYq"
"laurelie.baiyle@edu.tbz.ch"|"9UxfS9-JAB0QZ-1ZHw8l"
"dorothee.older@edu.tbz.ch"|"YjROXl-ItrbEW-&GvrDd"
"laurena.wile@edu.tbz.ch"|"aX8Yjb-gwVscP-cUTiwB"
"clemence.brito@edu.tbz.ch"|"XTUbEU-9PTxEA-50N5tL"
"nadege.dallin@edu.tbz.ch"|"jufMms-cZr0vM-XD@MHd"
"mailis.matley@edu.tbz.ch"|"jbwHE2-M92xeT-qx8LpN"
"daniele.screaton@edu.tbz.ch"|"c5lTv7-z7ePTN-RAB70$"
"mediamass.godly@edu.tbz.ch"|"v3M7Am-oU8rkm-Cv7Qch"
"leone.kremer@edu.tbz.ch"|"JbOe$W-anBrs@-ihuKaB"
"asa.adrian@edu.tbz.ch"|"nK8jVs-mJPf67-ccZL4c"
"adele.doley@edu.tbz.ch"|"noT4Ug-YV9wBY-pWXmud"
"fei.sidney@edu.tbz.ch"|"kL94Bb-5KR@yJ-b@crxS"
"marie-josee.walisiak@edu.tbz.ch"|"3wGbJI-6fuc$9-lzQaA#"
"desiree.diplock@edu.tbz.ch"|"a7DsET-urD1PV-UJVgto"
"gisele.schust@edu.tbz.ch"|"WYak7O-yxRWNv-0pi7lL"
"ma.longshaw@edu.tbz.ch"|"n50Qz0-f4ENab-5%b#sY"
"da.boother@edu.tbz.ch"|"rlTJX3-2JIHVd-BhoGeP"
"simplifies.chaudhry@edu.tbz.ch"|"4L0wXe-3D7n0a-CLCyyu"
"garcon.baniard@edu.tbz.ch"|"1x%rGX-u%NNjX-#rhUoB"
"gaetane.elphee@edu.tbz.ch"|"yc0pTW-%&9r3U-Z8ILrU"
"gisele.hassey@edu.tbz.ch"|"Q6QfY5-7xJX1u-3rAglG"
"oceanne.booley@edu.tbz.ch"|"denRoC-L9EenF-BCVi6r"
"oerjan.dibden@edu.tbz.ch"|"I0ldh8-7SaC2&-SbP9vS"
"regine.ocleary@edu.tbz.ch"|"lc@wzw-$QIBDL-ZMlkJx"
"selene.persse@edu.tbz.ch"|"ymlN1i-CY05ub-et4r#r"
"helena.adenot@edu.tbz.ch"|"GYuA97-QE5nzt-@hZF4z"
"maelann.wassung@edu.tbz.ch"|"$p1d2Q-#lySaF-8SAasS"
"frederique.ackermann@edu.tbz.ch"|"2x4l%9-kv02Rp-eo2aZ#"
"audreanne.kahen@edu.tbz.ch"|"3UKfpL-TtlFzf-C%0XxL"
"maiwenn.lasty@edu.tbz.ch"|"%t2Y9Y-xtJm@P-3nWwAW"
"yu.dictus@edu.tbz.ch"|"UbR2TK-6GddVx-tf5awQ"
"anae.dukes@edu.tbz.ch"|"yMDY1Y-nKV&9K-pY%ljd"
"yenora.warr@edu.tbz.ch"|"UjAhlT-fB5AsU-NCwN1s"
"esbjoern.archibold@edu.tbz.ch"|"WsP317-FL2wc9-IhfrNb"
"milena.pardal@edu.tbz.ch"|"H6%tSP-3q3Bd6-S1gEUP"
"celestine.graveston@edu.tbz.ch"|"4s8iDm-Q18Y&q-8Cj&vF"
"maena.dallas@edu.tbz.ch"|"P5uyca-qkKqKO-NUqpw0"
"andree.tuke@edu.tbz.ch"|"KeeDDq-Zmh3qP-&qhqIF"
"methode.seldner@edu.tbz.ch"|"YAmQa2-o4HhYg-6cbQ6a"
"venus.bullas@edu.tbz.ch"|"Xn%o4b-2jEUPh-vE&WZF"
"mans.aguirrezabal@edu.tbz.ch"|"zrRaqz-uASX2W-LEAJEB"
"gaelle.eadington@edu.tbz.ch"|"banEmG-m0THnV-vP3Oeh"
"anaelle.falkner@edu.tbz.ch"|"S0ikio-SHd1Wi-NACF$a"
"ophelie.height@edu.tbz.ch"|"Fl6#o$-EqJdFJ-KfMyQo"
"marten.bolding@edu.tbz.ch"|"Mq%Gv3-3CNylh-rJNQpk"
"pelagie.guswell@edu.tbz.ch"|"81VJme-vuqaM&-faJHHN"
"gwenaelle.lecount@edu.tbz.ch"|"Z2W9H#-Gy@2rV-u6aWrm"
"hakan.laden@edu.tbz.ch"|"TcL%Za-NHl8#p-VjOx7J"
"marie-josee.hylands@edu.tbz.ch"|"2qCzy&-A52dz8-%qXDvV"
"zoe.kingshott@edu.tbz.ch"|"5tlLl6-ks#fzJ-bETgvt"
"josee.janous@edu.tbz.ch"|"CV6NEt-$W46lc-atWwp6"
"laurene.gallally@edu.tbz.ch"|"P9DwXe-APSKLm-jcM9pi"
"anael.bickle@edu.tbz.ch"|"ymw75y-nmArgz-NwlGLV"
"mediamass.lebbern@edu.tbz.ch"|"tH6ShC-GfkWFm-AywPDy"
"berengere.hovy@edu.tbz.ch"|"yd1w3h-QPYFLt-%SMZcA"
"oerjan.kilmurray@edu.tbz.ch"|"LbuYBP-kN4NxJ-NEkF$P"
"asloeg.venny@edu.tbz.ch"|"x9UscB-Q$%CnY-jkaFIO"
"marie-noel.stoad@edu.tbz.ch"|"$EFhqy-k&vl52-GpDp9c"
"hakan.pettifor@edu.tbz.ch"|"oAgY42-#hjC&d-5FsG1v"
"maella.willgrass@edu.tbz.ch"|"5Fp2$o-yaXv78-7O@cQ$"
"therese.ludovici@edu.tbz.ch"|"N9MqzA-y5CO3d-2S$%0i"
"stephanie.trewhitt@edu.tbz.ch"|"l3ZGCz-C5WCHX-98f7rz"
"maerta.bauduccio@edu.tbz.ch"|"DA8vFd-Scw&g0-R1HxL$"
"gaetane.glaisner@edu.tbz.ch"|"EYduVz-mjrC#&-R7lhnf"
"naeva.pargeter@edu.tbz.ch"|"WYA@Ki-AuFBG1-4vFgpK"
"salome.venable@edu.tbz.ch"|"EtoWIZ-CFhhYP-CgN7w@"
"boerje.thickett@edu.tbz.ch"|"HFz5Bp-7He1zX-zHUfxr"
"lucrece.prendergrass@edu.tbz.ch"|"Ov7&ww-R5NgBB-GoDNNq"
"laurene.ockleshaw@edu.tbz.ch"|"iEsw@J-GlpMLH-fzqiMO"
"cecilia.pasticznyk@edu.tbz.ch"|"R$rdsQ-pYCXFo-a5ZZkJ"
"stevina.mackey@edu.tbz.ch"|"4wAiL%-NJ2WC7-QPc%b9"
"marie-noel.reven@edu.tbz.ch"|"7n0aMY-kAVE2K-u0nFCU"
"melina.quilkin@edu.tbz.ch"|"LxciKK-pMOQAe-sj%AUW"
"marie-noel.ferrie@edu.tbz.ch"|"0bKkW@-7FYpzN-0wx6BW"
"leone.alphege@edu.tbz.ch"|"lpvxYT-52lTkx-Y3ZxWg"
"zoe.leverson@edu.tbz.ch"|"Roi7Oj-xSQR%$-v24joG"
"annotes.grayne@edu.tbz.ch"|"kP4ZQZ-WSrVbh-#0R6Kq"
"faites.lalley@edu.tbz.ch"|"%wfx%r-HB7m1J-o2rxd1"
"adele.wallis@edu.tbz.ch"|"WGwQrG-daHuDs-thF9sf"
"severine.madill@edu.tbz.ch"|"DauCgg-oTqMkm-tZ$z4j"
"valerie.tebb@edu.tbz.ch"|"OrswK%-7dlobv-IcWp&w"
"kalliste.rasper@edu.tbz.ch"|"ylNZF7-vqd#k9-DnIZ2s"
"audreanne.palomba@edu.tbz.ch"|"Nlb2ZF-Wn7FFv-Hm$C0C"
"elea.adamik@edu.tbz.ch"|"@oIVJQ-wm4FV5-hHxFnT"
"reserves.jakuszewski@edu.tbz.ch"|"EUo2ao-XCMknX-W3OXA9"
"athena.belhomme@edu.tbz.ch"|"Hq8uRS-3hbKHX-iZsLc9"
"rebecca.crippin@edu.tbz.ch"|"gEGeTX-dM1yT4-%K12kM"
"maiwenn.curman@edu.tbz.ch"|"DHfdW&-nXeczF-dZxqkw"
"andree.bunner@edu.tbz.ch"|"#mr8&y-SJK59h-&BrZeb"
"ruo.winckles@edu.tbz.ch"|"L@GECT-6gWyIG-vpVq7P"
"naeva.buntine@edu.tbz.ch"|"jCsMf0-wgyRkS-WCIqYb"
"boerje.dollard@edu.tbz.ch"|"sY@tDG-xMQQWP-mgx33G"
"penelope.gorman@edu.tbz.ch"|"&hlllq-Ahzguz-MP5ADP"
"alois.robelin@edu.tbz.ch"|"Au9Xk5-gHuXtH-qqaBRc"
"anaelle.tindle@edu.tbz.ch"|"#rq#oA-6PLZWe-ORLV49"
"ye.frears@edu.tbz.ch"|"OQ260w-xo@qBy-DmNm1N"
"andree.ovid@edu.tbz.ch"|"oEqZ5p-yUfQh&-GLzVhT"
"hakan.peat@edu.tbz.ch"|"Wa3r&q-vaKrwv-j%P6iz"
"andre.januszewski@edu.tbz.ch"|"o9%5ID-20Rikq-LnyUq2"
"annotes.clemmett@edu.tbz.ch"|"3mwe59-4qGzEY-eTwutj"
"pal.lambswood@edu.tbz.ch"|"ERC8q5-zRN1K3-TZ#Z$K"
"yao.lenton@edu.tbz.ch"|"Xts0YE-7GEBX6-voM$ZA"
"hakan.boyton@edu.tbz.ch"|"fQKkox-l%WfYh-UZ1ptn"
"nelie.forsey@edu.tbz.ch"|"O0n%&4-YF8@YA-FpaVQX"
"hakan.horche@edu.tbz.ch"|"QwsIWw-#JRmkK-NI$WBK"
"lorene.sinkings@edu.tbz.ch"|"%G@Enr-QD@jwp-NjnJti"
"marie-therese.creddon@edu.tbz.ch"|"uFK%Pk-1lnD8E-FZ0E7l"
"berenice.tolworthy@edu.tbz.ch"|"cYIa%1-ZGABaY-WL6nqx"
"theresa.land@edu.tbz.ch"|"IgS8fB-gHy7b7-j0oYjH"
"marie-therese.gianilli@edu.tbz.ch"|"N0gpEe-PafMRV-dJgM53"
"meryl.glew@edu.tbz.ch"|"vUx#h2-SwjJwO-zmcTe$"
"adele.debling@edu.tbz.ch"|"%Iz$pg-pY$5@c-5jFzsK"
"anae.metzke@edu.tbz.ch"|"dBXRfa-u24O##-3pNIFe"
"gaetane.gooden@edu.tbz.ch"|"76ULBw-VEu47@-C#4Tsv"
"laila.bootland@edu.tbz.ch"|"NR9zPN-JjR3K3-xkho$r"
"maite.helsdon@edu.tbz.ch"|"aCuVUy-0ww$sQ-stolx%"
"andree.malley@edu.tbz.ch"|"XW9lvG-3m9kxJ-qhN&BS"
"pal.simmens@edu.tbz.ch"|"5k9p@A-RA06O2-lQzK71"
"maelys.nuccitelli@edu.tbz.ch"|"BHdc2@-0xK&hN-#Z@0Rf"
"dafnee.sibary@edu.tbz.ch"|"$6E27N-CsdJFw-c&1%qZ"
"alois.harsnep@edu.tbz.ch"|"Mm&nuw-XxNRmv-aGx0RA"
"marie-helene.lacky@edu.tbz.ch"|"KM@ZR&-@go%os-GadZGh"
"mylene.youthed@edu.tbz.ch"|"ibA3CP-AK2SEq-xs%75H"
"marie-helene.dehmel@edu.tbz.ch"|"QPzrDZ-#zDN%8-38&MOE"
"angele.batman@edu.tbz.ch"|"VNCcKh-ae3wDx-eAFan$"
"melia.younghusband@edu.tbz.ch"|"WOVf5B-QhlB%Z-oBuoKh"
"eloise.baldi@edu.tbz.ch"|"@XjbSO-RJV0Zv-xWknJy"
"illustree.dun@edu.tbz.ch"|"tg92Sx-3oJ2RM-Q$yjU1"
"genevieve.late@edu.tbz.ch"|"Yz7Wuy-wGf%HJ-N6pcNa"
"celestine.colville@edu.tbz.ch"|"004gzQ-0RD#Df-KqyAmT"
"gwenaelle.scarlon@edu.tbz.ch"|"4mMAX6-eWBejS-EIrirh"
"regine.boddie@edu.tbz.ch"|"GW1bq4-0KSm89-yaTXd$"
"creez.gaughan@edu.tbz.ch"|"@IF99b-GCbKnX-@TNjsW"
"gaia.longford@edu.tbz.ch"|"TAbDUf-ywLXVf-8r#T1$"
"mailis.buckby@edu.tbz.ch"|"QKcpxP-KqNZau-4lqUDD"
"song.parbrook@edu.tbz.ch"|"xMn9RT-zng6@O-%AStFE"
"frederique.heddan@edu.tbz.ch"|"aCM7m#-yIXOHE-AeNEEv"
"ake.kirtlan@edu.tbz.ch"|"SZnY5l-DsJ%YC-KRhUHQ"
"nelie.runciman@edu.tbz.ch"|"Z3YyXC-Er86op-%oyhL1"
"mailis.cardnell@edu.tbz.ch"|"8nmsUE-s&07ao-h#cgFA"
"irene.navarro@edu.tbz.ch"|"p@fZI3-h2iyjF-PMMomm"
"maite.cough@edu.tbz.ch"|"YwZVF4-aORmR8-IJxMP4"
"anaelle.stocky@edu.tbz.ch"|"P8JirQ-e6QhvF-3vj9ho"
"methode.moulder@edu.tbz.ch"|"rGVl00-ZsnaDS-mRH5W#"
"po.stafford@edu.tbz.ch"|"1qRo&Y-8kRXsk-P35Tm4"
"faites.scraggs@edu.tbz.ch"|"W1%vdE-kwo5Dk-1laKEF"
"adelaide.dullard@edu.tbz.ch"|"OlqeF1-n%dGgw-NWvwR7"
"desiree.leonard@edu.tbz.ch"|"VjxYjC-FveBBu-zv&q9V"
"geraldine.badgers@edu.tbz.ch"|"$&rjMR-Vtf&$V-zLeKM&"
"ruo.masic@edu.tbz.ch"|"jnbbVD-Ikty8r-ZKIGno"
"aurelie.lieber@edu.tbz.ch"|"MYu7Sj-YCPIbV-m#Ubgv"
"naelle.balcock@edu.tbz.ch"|"Ie%Y3j-0FyX3w-73Tksz"
"camelia.elger@edu.tbz.ch"|"lJ9BLk-45Mdb@-aDrn1F"
"publicite.oakeshott@edu.tbz.ch"|"tEJwYX-#8MTTk-Y2uWT8"
"cleopatre.fawley@edu.tbz.ch"|"421jgc-m2UTDx-3x5TYO"
"laurene.bruckmann@edu.tbz.ch"|"wSorFs-n$yGc0-m%3dI7"
"rui.haughton@edu.tbz.ch"|"6zIFsr-oHx7iL-wi3W4L"
"asa.ladewig@edu.tbz.ch"|"GKw4M9-tivGNh-daOxMH"
"gisele.janecek@edu.tbz.ch"|"e6KKjF-CTO7Vd-8R4u8p"
"maily.loveridge@edu.tbz.ch"|"JFlVMS-QRtHQ2-N51wYy"
"marie-eve.yurkiewicz@edu.tbz.ch"|"D6esmB-#tYYZe-qV43IW"
"fei.roder@edu.tbz.ch"|"46H2ud-EbqrU3-Awn6dq"
"edmee.chatburn@edu.tbz.ch"|"u9JBye-b&1S$9-OW8NGt"
"geraldine.darke@edu.tbz.ch"|"P$HKAf-7g3j#R-PnMSHJ"
"ye.jira@edu.tbz.ch"|"U7ZG%e-mCo$kq-R4Ib1S"
"publicite.persent@edu.tbz.ch"|"JH3O5v-ldYBRp-Ldf%#I"
"severine.wilcox@edu.tbz.ch"|"7%a8M8-Q0WmjC-uTbhyu"
"yao.mcclaren@edu.tbz.ch"|"r&AiIk-aR0wY1-A@EnM$"
"theresa.foynes@edu.tbz.ch"|"@cEWyw-1Y$Zw#-8A93wf"
"stephanie.isley@edu.tbz.ch"|"0%I9P@-T9FmL&-ZwjaP2"
"torbjoern.growy@edu.tbz.ch"|"MgKyAj-GSBb4y-UhpN%b"
"eloise.tunnadine@edu.tbz.ch"|"bGsZ1z-aUzl%f-6T4WUF"
"maeline.cossentine@edu.tbz.ch"|"Jyp5NT-we@MHz-eJ9L78"
"nelie.desantos@edu.tbz.ch"|"y&3VLj-Ml#%ew-IG5bn3"
"gaetane.axston@edu.tbz.ch"|"DmYFYA-VzoOSR-sYqz0E"
"aimee.merman@edu.tbz.ch"|"1V3Usk-YmHNVj-okrVli"
"oerjan.drivers@edu.tbz.ch"|"oTHlLJ-ZoDa%P-eD#q8i"
"aimee.miroy@edu.tbz.ch"|"$kVDRH-BMlwy#-nbe8Bm"
"nelie.glyde@edu.tbz.ch"|"GmpLWT-WF5Fut-KTruiK"
"hakan.kapelhof@edu.tbz.ch"|"RleObX-t@&dYA-c36y9C"
"maelyss.cauley@edu.tbz.ch"|"eqq&0B-c6qm04-xYHS1O"
"elea.vaggs@edu.tbz.ch"|"eWB1R@-XxOkE7-6u4ZxE"
"maelys.but@edu.tbz.ch"|"cJIAEi-5kafEQ-7h2J8o"
"maella.arthurs@edu.tbz.ch"|"CqQFb$-A1nD#R-eTe7HQ"
"adele.liebrecht@edu.tbz.ch"|"%O@4Bv-Kl1Kdk-iJBtOT"
"meline.lomasny@edu.tbz.ch"|"HlL6&b-LurD9B-n#XDE%"
"mediamass.schwant@edu.tbz.ch"|"39HctF-3rd0#7-cUD6Ib"
"leone.saunt@edu.tbz.ch"|"ZZDF@K-W@ANbl-gwp%Y1"
"annotes.gouch@edu.tbz.ch"|"CJavYA-1NfNaH-LCV9fi"
"gaetane.bowich@edu.tbz.ch"|"Dd1a3C-HJ1Vyv-Qjk0St"
"alizee.strelitzki@edu.tbz.ch"|"UA1TNK-eCDA8b-ApZkE%"
"leone.poile@edu.tbz.ch"|"FPZFaV-Cp9w6G-EiWD$J"
"amelie.saban@edu.tbz.ch"|"W1@DSs-1DJLLQ-%woW2x"
"marten.mcmenamin@edu.tbz.ch"|"49YrWk-2af23N-db%A5K"
"becassine.keets@edu.tbz.ch"|"bq9yKa-HJ7GrN-ytxlPz"
"celine.million@edu.tbz.ch"|"&Xxm67-Zq&6pr-N%uR4R"
"geraldine.belitz@edu.tbz.ch"|"igplVW-5Ljdp3-VZythF"
"salome.mardling@edu.tbz.ch"|"CIV$N@-YMesw9-a@B$7w"
"melia.blakemore@edu.tbz.ch"|"KJQ25R-uJ48@5-mfFc34"
"dafnee.mcaulay@edu.tbz.ch"|"awUGm8-evP7$V-$zQ4@z"
"garcon.dennett@edu.tbz.ch"|"ndgTQx-DqJbI9-zjCB2#"
"interessant.lesor@edu.tbz.ch"|"AHJ9Gf-Ox0pM8-uJAkAf"
"annotee.wasbrough@edu.tbz.ch"|"kCK8$$-M&oFVQ-$C6dH8"
"asa.ibbeson@edu.tbz.ch"|"oxkvcU-$2JXn5-b7rZ95"
"maily.kennealy@edu.tbz.ch"|"QGzpLl-4sv1z9-oANj30"
"ye.seares@edu.tbz.ch"|"MN4g%n-hvaWqO-ESP1Sw"
"athena.harbron@edu.tbz.ch"|"bSWoPT-PRJLPB-nk39pS"
"andreanne.portail@edu.tbz.ch"|"9ciJy3-b7kNXw-JM@SA4"
"goeran.zannelli@edu.tbz.ch"|"$#Sv2W-v2IWdg-oU7V5$"
"gerald.leathlay@edu.tbz.ch"|"twIeYy-eREhcm-XtXPqe"
"andreanne.chown@edu.tbz.ch"|"ZwmHgt-nYDwrA-3R71Wn"
"esteve.clementel@edu.tbz.ch"|"fysa2U-jpq&R4-gerkCl"
"leone.legan@edu.tbz.ch"|"16QDC%-KM6F7U-6EcKOF"
"maena.pownall@edu.tbz.ch"|"3N$DCm-W55sB6-aWrrs%"
"andree.rettie@edu.tbz.ch"|"Nh31qu-gqTkJ7-0dZ4@d"
"ines.kenwrick@edu.tbz.ch"|"TT5z3S-H%aunC-Log@o@"
"marie-helene.yarnall@edu.tbz.ch"|"H%3$Up-u%SemN-sZEefj"
"po.martin@edu.tbz.ch"|"qzOyfj-ioxWDM-nsmGfZ"
"ruo.celiz@edu.tbz.ch"|"pn%%I6-GX3QDa-XjRnG%"
"po.bissett@edu.tbz.ch"|"H#i2kP-Vj43s9-6vjFrR"
"du.swindon@edu.tbz.ch"|"SaTHy3-frxL6Z-yTS#vs"
"interessant.gouldthorp@edu.tbz.ch"|"hmZkrl-nCEY0V-65kyLu"
"leandre.lilburn@edu.tbz.ch"|"ud0Vai-1miYzJ-5%z@rU"
"bjoern.whales@edu.tbz.ch"|"IKhh$l-#Q%cI8-v&#aSA"
"interessant.dieton@edu.tbz.ch"|"T3udvi-&I%eL&-ZtYVKI"
"celestine.redhills@edu.tbz.ch"|"PJcoq%-SNs#XK-ejy7gX"
"tan.yakovlev@edu.tbz.ch"|"dqt0B0-6ujKPS-D&4krY"
"regine.mcdowell@edu.tbz.ch"|"Up2G@A-oeuMgv-dZq2BT"
"ju.coysh@edu.tbz.ch"|"%&O6Cn-#cjDsi-AIdXG%"
"reserves.ofallon@edu.tbz.ch"|"Wu8&kl-wZwQEF-FSR#3g"
"frederique.sobey@edu.tbz.ch"|"8d5z2R-CFTZG4-8mAife"
"marie-eve.garstang@edu.tbz.ch"|"cTBksF-arXPNW-xpQLDw"
"andre.tapin@edu.tbz.ch"|"svTm0U-R4z2I#-5QqboT"
"esbjoern.eynon@edu.tbz.ch"|"Ba5BIQ-k9jz2d-WWl$$%"
"maella.duffy@edu.tbz.ch"|"WN02gL-YBYXZ2-73DIcy"
"leandre.twinning@edu.tbz.ch"|"woKO1%-&tTTFM-pD6EjO"
"mai.whittingham@edu.tbz.ch"|"v@1xi%-mjv68r-dwCWc3"
"rachele.shevelin@edu.tbz.ch"|"#jkYor-5OXpFw-Ut9tSx"
"cecile.mcure@edu.tbz.ch"|"W9XRkt-iSE$X1-237Gpi"
"marie-eve.yurkevich@edu.tbz.ch"|"SXN9ni-khP$ZE-EEBv%4"
"almerinda.paice@edu.tbz.ch"|"rCXedo-6eQBx4-k1I&Kx"
"rao.howkins@edu.tbz.ch"|"XQZups-9GwS#Y-Cx7wF%"
"serena.pack@edu.tbz.ch"|"vBcrau-YJZqw7-YuhMq2"
"rebecca.mant@edu.tbz.ch"|"vBXK8Q-nFSRUK-c3HVAY"
"reserves.spitell@edu.tbz.ch"|"mriDiP-4$ZI6u-R6RbtX"
"garcon.hamfleet@edu.tbz.ch"|"%dOakI-nN#Xjl-vVMnXN"
"methode.kerkham@edu.tbz.ch"|"b53DbH-xrWQay-mX5t5%"
"pelagie.camies@edu.tbz.ch"|"UvHPBD-E8ZlKv-Swm#D9"
"josephine.macpharlain@edu.tbz.ch"|"&lp0bB-P3sIr$-Y#i7dg"
"eugenie.mathet@edu.tbz.ch"|"IpXA9U-tIQIgU-5Q%0s%"
"gaetane.brangan@edu.tbz.ch"|"v@sC6A-hfBSZH-uJG40x"
"michele.dewbury@edu.tbz.ch"|"YTGCjW-#ZNS#n-UpRFli"
"eugenie.elcott@edu.tbz.ch"|"RWjNMj-RrnKlC-6RmS4$"
"megane.harniman@edu.tbz.ch"|"FtqXif-TV%YuP-aIaiLQ"
"agnes.cluney@edu.tbz.ch"|"xkUcN2-I&@Rku-8vQgtt"
"marie-helene.angear@edu.tbz.ch"|"65LVdD-GU9QyS-%QfKpH"
"melia.dolphin@edu.tbz.ch"|"vlCG08-o&@qAA-cU#7wR"
"lois.ruseworth@edu.tbz.ch"|"AY%wVp-V&E5eg-e$PV3X"
"mailys.ryding@edu.tbz.ch"|"Um$ztC-uExNq9-As9is$"
"rachele.wulfinger@edu.tbz.ch"|"mFkKRh-ul&4qX-3e2X#2"
"gwenaelle.talton@edu.tbz.ch"|"rVVc%s-%5xYsr-Q#Mv3N"
"long.ronchetti@edu.tbz.ch"|"&QHyNj-vlZkX#-BGY%f&"
"styrbjoern.kloska@edu.tbz.ch"|"3wm0%N-p@m9GN-LUW@RD"
"len.sudran@edu.tbz.ch"|"L&wPzi-SbtFxk-g6n%VE"
"maelle.andrysek@edu.tbz.ch"|"WzadrW-MRqKjR-1gXELC"
"selene.senior@edu.tbz.ch"|"XH5Brb-n4DrG1-%cq0QN"
"anais.joskovitch@edu.tbz.ch"|"jiZqt@-kjwd#%-6HaDWH"
"marie-noel.dally@edu.tbz.ch"|"BFJ%0G-um8S9f-#AFH1X"
"marie-helene.laurence@edu.tbz.ch"|"%GCXU4-e830Q#-3ocFxp"
"camelia.foxon@edu.tbz.ch"|"Af7az9-%6yz@F-6bVl$o"
"helene.cankett@edu.tbz.ch"|"50fKW%-#qzxMX-Yk$SRY"
"marten.mitchelson@edu.tbz.ch"|"FbjOR8-9UZHcK-w2BdiR"
"helena.stirtle@edu.tbz.ch"|"DX$CBy-H1NQ&e-KWI6GG"
"leane.barmby@edu.tbz.ch"|"zlwmEZ-Ronyz4-OEN3kQ"
"goeran.ofinan@edu.tbz.ch"|"zL5atW-3&Ui%x-Jq%PX@"
"styrbjoern.proby@edu.tbz.ch"|"mBDWq7-bC1tvx-P7vOFZ"
"zoe.halse@edu.tbz.ch"|"V7CJGx-nA7wmR-Ssu5so"
"kui.drable@edu.tbz.ch"|"Vpc4TG-674pA6-T4fYPd"
"desiree.bamford@edu.tbz.ch"|"cS3V0I-#EmV9P-fTtw3#"
"zoe.suller@edu.tbz.ch"|"d02pfa-Lq$2iC-4yMPO6"
"marylene.audiss@edu.tbz.ch"|"2XiK%j-#Imihz-hgJ2MG"
"adelaide.poznanski@edu.tbz.ch"|"OhA1q0-%UJX8g-E$c&dY"
"maella.coleyshaw@edu.tbz.ch"|"3SDhbq-tO9060-cg8ks8"
"marie-francoise.gelder@edu.tbz.ch"|"g$l5o9-0qw1P6-qPGhzb"
"eleonore.chaffyn@edu.tbz.ch"|"ksbIfD-lQSjyj-yBc2oE"
"celestine.sikorsky@edu.tbz.ch"|"gvln@e-pTeNin-0el1MR"
"stevina.londsdale@edu.tbz.ch"|"Byw#iH-%p#K@T-D6%svg"
"maiwenn.nevitt@edu.tbz.ch"|"ESPVQV-yQQYiy-7J9fuS"
"magdalene.gerrey@edu.tbz.ch"|"ntlFN3-Fj0MMd-QokygI"
"becassine.latimer@edu.tbz.ch"|"oFd6F@-2xc2EB-6XINrk"
"da.lethibridge@edu.tbz.ch"|"yy#BYn-HKFa89-$DwMKt"
"mailys.claige@edu.tbz.ch"|"pJv8uN-4AWZYn-HmZUVF"
"maena.torbard@edu.tbz.ch"|"kMQAwZ-WHGuNi-V1buiJ"
"solene.lyvon@edu.tbz.ch"|"kjSUh7-1Svis$-aKGp0d"
"marie-therese.benbrick@edu.tbz.ch"|"FAdsfN-dYt$um-f8EIlD"
"gerald.edmonson@edu.tbz.ch"|"nSuBEo-nK%WXf-&M4H&9"
"ake.messruther@edu.tbz.ch"|"UbDewE-7yASNw-HbAhB1"
"men.gosneye@edu.tbz.ch"|"&LlHPC-ph85Pd-LVM6A3"
"anais.jefferys@edu.tbz.ch"|"lRsB@D-1$pDBk-4Lal&H"
"publicite.tregale@edu.tbz.ch"|"WUdo$e-MLFxSS-dMhkZc"
"maily.santorini@edu.tbz.ch"|"vHocl9-YBjsPj-$4X$Xz"
"ines.pioch@edu.tbz.ch"|"kpRT&U-bIVPA6-KJ@NO2"
"noemie.marklew@edu.tbz.ch"|"Z69o@Q-flujw%-No$arM"
"meghane.maccaffrey@edu.tbz.ch"|"RooIDw-9i6PjE-OM8fSM"
"berangere.ambrogio@edu.tbz.ch"|"I2CHN2-gAG0C@-0HdyZB"
"mediamass.ryce@edu.tbz.ch"|"ispYV8-DhwkZ6-PWVgTM"
"oesten.ubank@edu.tbz.ch"|"%tXv65-8SQKBP-JOR4mV"
"melina.mackee@edu.tbz.ch"|"K&i#zB-JZlakG-lI0via"
"theresa.livezey@edu.tbz.ch"|"SM2gxQ-DM2TUQ-plRwpP"
"clemence.weal@edu.tbz.ch"|"wR3HGq-khnYQJ-bpDaol"
"faites.overton@edu.tbz.ch"|"%#d1PO-#KyV0r-yjF&x4"
"clea.lindblad@edu.tbz.ch"|"8$A2iT-Agi07V-49gUuG"
"josephine.roseaman@edu.tbz.ch"|"G&#1$0-5x3Gbm-OkQFNq"
"oesten.lowbridge@edu.tbz.ch"|"Zo4I%D-SiUZ4q-Ju&Qf0"
"marie-josee.brion@edu.tbz.ch"|"vLR3ma-VV9BMD-brV8qU"
"therese.basili@edu.tbz.ch"|"gH2jz#-4ohNMt-h6VZqW"
"melia.vertigan@edu.tbz.ch"|"Q&7SFa-7rsUuO-AQZkGc"
"judicael.saull@edu.tbz.ch"|"q1Y8D%-QLGoAW-DfOQ3e"
"selene.valentine@edu.tbz.ch"|"yRa5f%-MlpHgo-3rRdrK"
"verane.dunlap@edu.tbz.ch"|"E@2eiU-2D3wed-amUZbM"
"meline.kinnear@edu.tbz.ch"|"7jZYrS-f1hmdn-VHc8JQ"
"lei.luttgert@edu.tbz.ch"|"&SxuIH-sqai8d-e4wvv7"
"styrbjoern.lathleiffure@edu.tbz.ch"|"%Y5d20-JU8RmB-SThVjY"
"marlene.blasi@edu.tbz.ch"|"wcps7m-pQwQ4#-L&VRTT"
"mai.begwell@edu.tbz.ch"|"6G6r&Y-h$IONJ-y3xjOj"
"gwenaelle.kaines@edu.tbz.ch"|"Cd$LKy-jMw8yi-dmqT79"
"gerald.adamthwaite@edu.tbz.ch"|"LNfUUp-0r2gr4-79eAr#"
"kui.hartfield@edu.tbz.ch"|"O1KbF$-zAW3BJ-l6#QRw"
"salome.currao@edu.tbz.ch"|"yZPWg1-Ou2clR-$NHJDI"
"angelique.tixier@edu.tbz.ch"|"i10L#N-CD@Rei-U0D$1d"
"ju.mcgragh@edu.tbz.ch"|"tLJHmQ-YhNXYX-8Mv0Vn"
"dafnee.beachem@edu.tbz.ch"|"$e3juC-7KmtM9-j8GrGo"
"creez.terlinden@edu.tbz.ch"|"nSGwXm-S8nqdu-obeoA0"
"uo.mcskeagan@edu.tbz.ch"|"wgXzJU-#V&7NH-dMiURn"
"edmee.mccaughren@edu.tbz.ch"|"%r@%j7-joOva8-1aHtYZ"
"asloeg.cozby@edu.tbz.ch"|"WjZGqs-2Gf4ar-URq71s"
"melodie.traite@edu.tbz.ch"|"ew8OA4-AFpLPE-pe1j01"
"dorothee.aindriu@edu.tbz.ch"|"npnPz2-xegzr2-XDrPM#"
"daniele.doley@edu.tbz.ch"|"L7kGDR-WCqMhy-PAfjrR"
"mediamass.fairclough@edu.tbz.ch"|"WOx9Co-h$gK4M-0r42lT"
"lorene.rainforth@edu.tbz.ch"|"QAiFyw-%D08Hy-Oq%qJD"
"leonore.eyer@edu.tbz.ch"|"uw$Pld-uH5HVt-AUDsAG"
"po.spillman@edu.tbz.ch"|"kHQv3W-AXfsdU-&GqOv$"
"cecilia.plitz@edu.tbz.ch"|"Ba$D$$-D%cCBQ-KrNueT"
"lorene.ludlow@edu.tbz.ch"|"ph3jd7-L9$hoS-bbKKcT"
"berangere.neligan@edu.tbz.ch"|"rku4lu-RokXon-%CkECD"
"simplifies.huggan@edu.tbz.ch"|"i1ISKH-UHUfys-B0f9At"
"clelia.prandy@edu.tbz.ch"|"HFCxhS-jabPFD-$Mqxxv"
"ake.osban@edu.tbz.ch"|"0i8o@s-7oguUQ-meYNvq"
"cunegonde.brunn@edu.tbz.ch"|"%03gR4-JhjA4O-pTadzq"
"long.grizard@edu.tbz.ch"|"twWd0H-JkC0al-JtOi8r"
"meghane.diss@edu.tbz.ch"|"oPl%7Z-kma4LF-&vOKR4"
"therese.oldman@edu.tbz.ch"|"C&kcID-XzVMY0-mrH6rg"
"boerje.scamerdine@edu.tbz.ch"|"2kAeLA-mH2mao-SUanco"
"du.saban@edu.tbz.ch"|"d9g6UC-kL3#T1-uBgphP"
"hakan.clynmans@edu.tbz.ch"|"jY$Gd6-46Fq2$-Gp@ixz"
"wa.macdowal@edu.tbz.ch"|"NTkeEz-#a9IS2-rV@h%h"
"venus.hatrey@edu.tbz.ch"|"M8$dm8-vbduhn-ZSzJAi"
"anaelle.vispo@edu.tbz.ch"|"gRXHZ#-#aiH12-X0dKpH"
"mahelie.ollcott@edu.tbz.ch"|"1nFkcm-grOByX-K46A6Y"
"mediamass.whyman@edu.tbz.ch"|"ifND&m-mLGHpI-Xd%vCg"
"esbjoern.basson@edu.tbz.ch"|"Ou838u-0G%ear-&KLNQG"
"andrea.morrill@edu.tbz.ch"|"oPsbLi-jh#m9A-KYmYzD"
"melys.grassi@edu.tbz.ch"|"nbnpAE-s0ToLJ-o7IA2m"
"leone.poleye@edu.tbz.ch"|"vO69k3-BN8MCo-KF@ii8"
"francoise.penny@edu.tbz.ch"|"TjSs8%-n#01T9-vrtJKg"
"rebecca.edney@edu.tbz.ch"|"UOdLNU-BCOGJS-CtOEG0"
"adelaide.murtagh@edu.tbz.ch"|"w852AD-YehI2S-QOUs$E"
"stevina.winterbourne@edu.tbz.ch"|"hJDuru-RPxuVk-&oTUL6"
"ma.cottom@edu.tbz.ch"|"Vx66%O-9Npux#-lBoctL"
"tan.harold@edu.tbz.ch"|"Pgs@bd-JoDEiZ-iuZ$56"
"venus.forte@edu.tbz.ch"|"4tWMFt-EzJ8qm-3s2d60"
"almerinda.oluney@edu.tbz.ch"|"zLz&cK-B5jzCc-440#xQ"
"cleopatre.brehault@edu.tbz.ch"|"dbugL3-1#j705-B6IOgw"
"interessant.lapides@edu.tbz.ch"|"pddGH&-0LqDRE-lGE&Fi"
"reserves.hallatt@edu.tbz.ch"|"Kx6dpV-qf#PsS-oI1&Bg"
"annotes.birdwhistle@edu.tbz.ch"|"FWMcfl-MLSXft-d#7b7G"
"ai.dredge@edu.tbz.ch"|"bZwaHK-l@YI@Q-Dt$R3h"
"megane.mussard@edu.tbz.ch"|"SDh5&v-qPITki-lJz#fT"
"esbjoern.gowrich@edu.tbz.ch"|"RW$%wr-H3B#V@-RExzDh"
"boerje.brislawn@edu.tbz.ch"|"D4HDy#-$k1Qv%-gh@g4E"
"becassine.wilce@edu.tbz.ch"|"go$1ar-tQg6x0-gfLO$G"
"personnalisee.oels@edu.tbz.ch"|"bR@bpo-fRDIRj-hpBIn5"
"verane.pett@edu.tbz.ch"|"aUD$hY-bWixeV-K7NTF%"
"marylene.glewe@edu.tbz.ch"|"iH7TbO-TwGYaL-BL60AB"
"lai.elson@edu.tbz.ch"|"Rl%wl3-0jiSf6-&iPYze"
"serena.difranceschi@edu.tbz.ch"|"r1cWE1-RZEAP&-86odDh"
"lie.espinel@edu.tbz.ch"|"UkIemh-b8MLwn-6JZ$xe"
"marylene.fantini@edu.tbz.ch"|"IimfcL-AUO2jH-Lgu#R#"
"andre.archdeckne@edu.tbz.ch"|"WD2XZ6-AsZ833-CYOCjB"
"goeran.bohlingolsen@edu.tbz.ch"|"45$dIc-zvmVfc-R2T428"
"cunegonde.heffer@edu.tbz.ch"|"ccN4KW-n#ypEK-tR1qlS"
"tan.fechnie@edu.tbz.ch"|"#c38kp-93@dmx-Y8g#sH"
"marie-noel.brammar@edu.tbz.ch"|"5K&OLx-yYPQdN-Xnk1L6"
"simplifies.aven@edu.tbz.ch"|"esS#Wc-JQFFmD-dQZRCB"
"melys.pinchen@edu.tbz.ch"|"#ajucR-kQ9l4I-Rj8wvC"
"edmee.joyner@edu.tbz.ch"|"$#6CHO-NMLqOT-Boy8D3"
"berengere.edess@edu.tbz.ch"|"ZcMKAc-ZCWd&L-3$689%"
"marie-noel.goward@edu.tbz.ch"|"cVzPhr-8Gy9w%-tZciv0"
"ju.edmons@edu.tbz.ch"|"jytFEA-Rjtp44-eeJmPC"
"frederique.airds@edu.tbz.ch"|"@HMC0s-YFAmb3-7l#@KB"
"reserves.dauby@edu.tbz.ch"|"8LcnvD-laV&cQ-ER96V2"
"hakan.gynni@edu.tbz.ch"|"@vyP#x-Q9&@P5-nQmgwM"
"leonore.pinwill@edu.tbz.ch"|"qZ0VNc-8TKO0h-JuisIi"
"marie-eve.mcallan@edu.tbz.ch"|"Tll4#a-&rWtMv-EAU@zq"
"naelle.yeabsley@edu.tbz.ch"|"OXO9aW-hnsNYw-PULCnj"
"nelie.jacobovitz@edu.tbz.ch"|"scWWOU-18G6ee-gaEARm"
"adele.conelly@edu.tbz.ch"|"w0V67c-W5U2PQ-IkOcmP"
"clementine.dondon@edu.tbz.ch"|"i%xvju-@ipqQe-OfDZj8"
"zhi.willcot@edu.tbz.ch"|"VbENvG-2VvkLT-Yumu2%"
"chloe.janicki@edu.tbz.ch"|"t80FCi-Rg6SjX-6FDb7H"
"meng.linde@edu.tbz.ch"|"qmqYdZ-0smML%-nnYXVO"
"celine.janisson@edu.tbz.ch"|"YQgiwA-1VW2pv-TBhU1T"
"clelia.crow@edu.tbz.ch"|"ppOV%e-%W2QNJ-fwo6Ns"
"cecile.pyott@edu.tbz.ch"|"510xui-yeDbDr-yYS2fV"
"ma.fidelus@edu.tbz.ch"|"2vez#i-TfGqrZ-i$t$Sm"
"marie-helene.poore@edu.tbz.ch"|"WlQFTX-yoIOOL-8NV@nw"
"elies.blanket@edu.tbz.ch"|"9ejIpF-RUD1Tp-FiYfDK"
"yu.boyer@edu.tbz.ch"|"gKP8Mt-Pklzt#-9sl@ej"
"celia.welds@edu.tbz.ch"|"#UlNnv-38dzbZ-rQLTyF"
"du.gunney@edu.tbz.ch"|"T&4lCl-e&j&i5-2E63sv"
"goerel.crush@edu.tbz.ch"|"t1P4%o-$V#H5x-7p0lgM"
"marie-josee.brosius@edu.tbz.ch"|"Mw&IEw-mQzWW8-%BFlMq"
"camelia.adds@edu.tbz.ch"|"hEnJlM-VdeT4%-N#V0wB"
"anae.irwin@edu.tbz.ch"|"51XM09-o$JF@0-VUijR7"
"cleopatre.skeffington@edu.tbz.ch"|"I7ZA6x-y2ZyOP-ciCRHi"
"gerald.suggate@edu.tbz.ch"|"W3S@%a-TV5WxL-1d0HnC"
"laurene.tailour@edu.tbz.ch"|"DY0Cp$-qNx6a6-ZQi9Mu"
"amelie.hoble@edu.tbz.ch"|"4a2@dq-W6W38O-gjSSpc"
"venus.getch@edu.tbz.ch"|"2XWv6H-FM1ma2-ne0%X1"
"renee.treby@edu.tbz.ch"|"l$fjZe-2xk0tB-jX%GWY"
"almerinda.stait@edu.tbz.ch"|"bzKDO6-$VrHk5-0k1ee1"
"andree.reddecliffe@edu.tbz.ch"|"yj&R3a-esstJw-U@O2mZ"
"leone.wintle@edu.tbz.ch"|"#9Yhd6-T@&p6C-8i&$YJ"
"gerald.fellow@edu.tbz.ch"|"Cj$ntu-lxQL8C-DcPVOh"
"ju.gudger@edu.tbz.ch"|"@Xi3qH-srqo%&-qCNg6W"
"meng.ohaire@edu.tbz.ch"|"K#OfGx-Ana@5x-fN$MKZ"
"cleopatre.missington@edu.tbz.ch"|"TMxBsg-7zusEQ-sO4QDV"
"annotes.debruyn@edu.tbz.ch"|"PIMNx7-lyewfq-4PNwM#"
"gerald.sinisbury@edu.tbz.ch"|"YbvSBQ-bgdrdb-6AMKs1"
"creez.slora@edu.tbz.ch"|"@u5r87-HKon2B-pEmibJ"
"gisele.benbow@edu.tbz.ch"|"ALFb$C-4dWNtA-2$s4sQ"
"pal.dossit@edu.tbz.ch"|"Bc0ndv-S5ALgh-b5@iYs"
"nelie.stirrip@edu.tbz.ch"|"1KNuCb-nWoQ%k-Ih2hls"
"alois.ocrigane@edu.tbz.ch"|"kKx5d&-%#049m-dZjpMc"
"kui.mcterry@edu.tbz.ch"|"gcjYQ9-elpg05-5TL00#"
"long.willgoss@edu.tbz.ch"|"jqMl4E-FmOPkT-fXL9xj"
"francoise.sumpner@edu.tbz.ch"|"UuDWlp-fdiyCO-PLzB&5"
"maely.grinstead@edu.tbz.ch"|"cC#tQm-39qLMJ-L4jxkx"
"creez.langeren@edu.tbz.ch"|"AamVst-yypDNv-n@sLNo"
"adele.dungate@edu.tbz.ch"|"@zBDin-MckCE0-ZKWp2w"
"cleopatre.noirel@edu.tbz.ch"|"MdAFOa-6OVuIl-Qhv%NI"
"interessant.daverin@edu.tbz.ch"|"3BBb@H-nJxren-@Pp2q9"
"naeva.kalderon@edu.tbz.ch"|"hzZ5ZG-0WY@%n-GW9IJr"
"anais.oshesnan@edu.tbz.ch"|"0z41H0-KSyG6O-KCBohr"
"judicael.anelay@edu.tbz.ch"|"ukySp%-SC$t@l-A2CA86"
"eloise.braxton@edu.tbz.ch"|"ZW1bBi-0wzkDx-Ixe1Ji"
"desiree.greguol@edu.tbz.ch"|"QpWYJS-ZVUloa-eR4WZ2"
"maite.mcclenaghan@edu.tbz.ch"|"BYoOOo-NmV$&B-zX1D7g"
"meng.doret@edu.tbz.ch"|"JL7yJ7-z%Z2qj-u1R6aH"
"frederique.chippendale@edu.tbz.ch"|"27I1$i-iqjJBN-9YnQSH"
"andreanne.lanney@edu.tbz.ch"|"5y5Yvt-uu5WOU-SF6M0K"
"aurelie.claus@edu.tbz.ch"|"6kwBN&-4XPNmT-Q6KR2Q"
"renee.pabel@edu.tbz.ch"|"GZ57rY-mn1OXQ-DWVTsL"
"maena.roust@edu.tbz.ch"|"s8dcDE-CP1%dm-R3IVin"
"nadege.carwithim@edu.tbz.ch"|"xF5BDU-jzcqii-SZkj3v"
"solene.geyton@edu.tbz.ch"|"e@KjPt-xUEcr2-9hWX9C"
"dafnee.avraham@edu.tbz.ch"|"4CLQeA-hOKpxU-5#PxYz"
"leane.woolvin@edu.tbz.ch"|"JchClX-cIzTUG-8yDa$j"
"adele.macadie@edu.tbz.ch"|"RM9KOz-2N$Qsd-vO2$Pu"
"meline.rubica@edu.tbz.ch"|"liJ4sm-@p3QW2-xntjTC"
"marie-noel.speeding@edu.tbz.ch"|"092hsf-Muw&t7-4Fk1m0"
"nelie.mix@edu.tbz.ch"|"76FV$$-#wDh$x-BVnvJv"
"clea.ollett@edu.tbz.ch"|"#Ijmi7-I9sT%q-lxsmUU"
"leandre.mcgavin@edu.tbz.ch"|"owM38$-Ig01Z6-6rRb8b"
"cecile.behne@edu.tbz.ch"|"JyuxFF-nTsa7s-T#LH6m"
"melanie.polle@edu.tbz.ch"|"2o$8qA-JTP0Y5-OZ7$O#"
"marie-josee.titmuss@edu.tbz.ch"|"yrmnzP-RoOJ#Z-In0gNz"
"helena.guest@edu.tbz.ch"|"Z1BCQ&-SG5s%F-cm7FVb"
"annotes.chicchetto@edu.tbz.ch"|"BgVNVV-RBhnrz-Mw2JWu"
"melia.tubb@edu.tbz.ch"|"b0S&DH-Gx#Y5f-$dI%#m"
"angelique.casetti@edu.tbz.ch"|"aG8K0p-cTEBMK-CDxmkM"
"cunegonde.cleall@edu.tbz.ch"|"aMX@qH-qcnKIY-UpoHN8"
"camelia.oaker@edu.tbz.ch"|"Nm2eIJ-Y7dEMB-raRqcP"
"you.searight@edu.tbz.ch"|"MVNhSr-2UslLa-kEVOME"
"kevina.dederick@edu.tbz.ch"|"9%TP%E-8P6rRI-ADdCn4"
"milena.jeffrey@edu.tbz.ch"|"2IcANU-#nJWwp-9CPZ7E"
"melodie.barkshire@edu.tbz.ch"|"qY2$p8-zfSRVU-ChlI4e"
"gaelle.kreutzer@edu.tbz.ch"|"ohlcf$-ctQGMQ-BYN$St"
"kalliste.kleinpeltz@edu.tbz.ch"|"B8$p%G-7rENhg-&kPOd6"
"clementine.danat@edu.tbz.ch"|"#$3lQs-udK4Qq-LcXS9r"
"andrea.wabb@edu.tbz.ch"|"pdAfb4-GJn7rZ-p36W6u"
"geraldine.piesold@edu.tbz.ch"|"nrC&Gw-cqmiuT-PwW7QM"
"tan.fiveash@edu.tbz.ch"|"MfGbpz-Or6X0R-Tcl4RH"
"meline.yuranovev@edu.tbz.ch"|"afDCuy-Bt7yfM-7URP3K"
"therese.holme@edu.tbz.ch"|"R0wbig-z&LKIX-aHp9Cu"
"salome.vaney@edu.tbz.ch"|"oXiCG7-eOPdbH-Zuc#jX"
"anae.abramson@edu.tbz.ch"|"%5z23Z-RHFeiQ-TbUzmH"
"kalliste.jimson@edu.tbz.ch"|"fcmc$%-3sEuUw-onMEJ4"
"selene.yole@edu.tbz.ch"|"B17JWw-q%x08o-ca4WH6"
"agnes.defraine@edu.tbz.ch"|"@FL7Oz-ag#bR9-6NF1rM"
"faites.mccluin@edu.tbz.ch"|"y94s7e-UQpO6K-XIirtc"
"athena.deme@edu.tbz.ch"|"o0SmB2-Fp6gwW-PC5$1R"
"daphnee.brigstock@edu.tbz.ch"|"1xaj%J-eEhXgn-Z8DqI7"
"goesta.skaif@edu.tbz.ch"|"NpEkgy-4x5nLo-85HoPL"
"oceane.jagoe@edu.tbz.ch"|"m#8Hd1-rANZ#D-N73ezE"
"annotes.broomhall@edu.tbz.ch"|"J8uzlh-Q1Kjg5-SpuvyR"
"marie-eve.ballendine@edu.tbz.ch"|"Xio9L4-AWi9WI-3kHllw"
"melina.spykings@edu.tbz.ch"|"p49%kP-l7l6&W-x&b3xR"
"laurene.ticehurst@edu.tbz.ch"|"RI5sxG-eF31qc-M7nksi"
"fei.avramovic@edu.tbz.ch"|"1esg84-orm2Jz-g3KwBK"
"publicite.strathearn@edu.tbz.ch"|"WrHkYt-O3t8kr-8gVHbq"
"torbjoern.garrow@edu.tbz.ch"|"%DzRTc-Z$5iCn-XdXBKG"
"chloe.rubinsztein@edu.tbz.ch"|"oNmaD5-7uW#i4-1Udcpr"
"mylene.demanche@edu.tbz.ch"|"6Fs5hV-bPw7Zf-SXr%Ql"
"mediamass.godlonton@edu.tbz.ch"|"zVWH7L-VLxD1R-KhXSU8"
"renee.shurrocks@edu.tbz.ch"|"D2Oei1-oCDqNq-HUhvev"
"maiwenn.jedras@edu.tbz.ch"|"KYbHTq-JZIS5s-cZ2CKC"
"genevieve.castells@edu.tbz.ch"|"Kw4RfN-twyIYr-LAqHF&"
"renee.sneden@edu.tbz.ch"|"SZzZf0-Mh3IuD-C1CQXV"
"lai.mccallion@edu.tbz.ch"|"T9K#wV-K$LGvr-5#z8mz"
"kevina.impleton@edu.tbz.ch"|"2KZuW@-h4f642-t$d6qU"
"oesten.fresson@edu.tbz.ch"|"vNYrWB-6GWgzb-HIRVxx"
"verane.shawley@edu.tbz.ch"|"ygCrpg-N&43yQ-VT$X06"
"uo.sjostrom@edu.tbz.ch"|"k4@Y0K-jXL0#O-SK2xxA"
"gisele.gothup@edu.tbz.ch"|"NHq9gt-WWVI&%-rqhOPQ"
"renee.beauman@edu.tbz.ch"|"sILAOC-Sooqo6-kquB0Q"
"elies.loton@edu.tbz.ch"|"0jC1mL-DV3swo-98tqsr"
"valerie.elsmore@edu.tbz.ch"|"y4s8QR-&MzdM2-QeUUrz"
"berangere.delafeld@edu.tbz.ch"|"dNd&vH-eItC0R-vwuE%n"
"bjoern.schimke@edu.tbz.ch"|"uO5Dfl-aktu0m-6SrPFe"
"loic.ericssen@edu.tbz.ch"|"UyW4g5-0BSy4N-Dt3i4T"
"creez.richarz@edu.tbz.ch"|"qJS&Hk-BopT99-OmHJta"
"athena.grocott@edu.tbz.ch"|"qqFcN#-SYv$GG-dN6uGj"
"naelle.piotr@edu.tbz.ch"|"48jKIo-Z9Sai#-fw1fPd"
"maella.paulson@edu.tbz.ch"|"3FhDS$-0I1FzH-&e8eUg"
"song.perot@edu.tbz.ch"|"xXAcQg-dYoYDc-UrLGbE"
"kalliste.heckney@edu.tbz.ch"|"bgkBR8-qymEG7-%NnWIu"
"ake.vasyutkin@edu.tbz.ch"|"RC3lkX-Zs%QRh-LZy6Qd"
"ma.castles@edu.tbz.ch"|"5a4ioe-l8wpLE-s&13hw"
"maely.monget@edu.tbz.ch"|"BDpp1R-9gziln-KjhfLW"
"tang.durbridge@edu.tbz.ch"|"7O39Hr-A1Xlc#-s24zBA"
"laurene.andrew@edu.tbz.ch"|"9x2WoY-UDs%Jr-lj7&bx"
"lysea.beacon@edu.tbz.ch"|"Osx@b5-hd753B-aLeBnZ"
"leandre.peyntue@edu.tbz.ch"|"6HM&HM-&y@Aqz-jQS#Hg"
"rao.trever@edu.tbz.ch"|"xywOfA-NfcRUu-neo%w$"
"mahelie.streader@edu.tbz.ch"|"DXG5YR-KjYK0s-fKT8lj"
"maerta.andrejevic@edu.tbz.ch"|"g7E4ab-%3C&fJ-o8RtbK"
"goesta.tompkins@edu.tbz.ch"|"ovLIdG-rXU06t-AXLN9C"
"helena.agates@edu.tbz.ch"|"idHT$7-YXJ3tu-OwUYAZ"
"therese.glass@edu.tbz.ch"|"Mv%QXf-xDTw%H-Ja2gi0"
"alois.foan@edu.tbz.ch"|"lDc1%9-od2HEh-84nO3d"
"becassine.melchior@edu.tbz.ch"|"um7xMk-dVo#30-R&yKEz"
"cloe.robart@edu.tbz.ch"|"cSmCWj-j&uLzF-xzpHia"
"daniele.puckinghorne@edu.tbz.ch"|"oFqIac-hwiWlI-c@NqxV"
"selene.cammidge@edu.tbz.ch"|"dg3%Z1-xZ@mkt-&kG%y#"
"regine.conochie@edu.tbz.ch"|"7YDPlT-egscIi-3CF3Mi"
"interessant.tuiller@edu.tbz.ch"|"1vicfQ-RzCrFS-Vi374X"
"long.tiebe@edu.tbz.ch"|"RHE9vC-Scwr93-AB3sCp"
"mans.yele@edu.tbz.ch"|"6Z1ExS-7uOSIw-@77EJQ"
"ai.giles@edu.tbz.ch"|"WhY6d4-vFu6aD-3ClbS@"
"gaetane.hamberston@edu.tbz.ch"|"6&Wdf#-YMJOJL-CPpbGB"
"marylene.fenix@edu.tbz.ch"|"ISZif1-XsiZjS-Ehokin"
"geraldine.graeme@edu.tbz.ch"|"IcTW$t-tQtljE-hJmgIB"
"tang.kinglake@edu.tbz.ch"|"VzvU&@-JxuXif-sx8FQB"
"lai.challoner@edu.tbz.ch"|"loOVZM-%voBuG-NYpmWy"
"desiree.mattei@edu.tbz.ch"|"GQRnc#-LdIivg-m%6@jV"
"ake.erley@edu.tbz.ch"|"oMOgRm-IARhQn-yJotfU"
"edmee.cavil@edu.tbz.ch"|"tVWv&v-g@lyfF-MDHAU2"
"alois.moyes@edu.tbz.ch"|"biC2&p-CBN2JM-$LIiaY"
"becassine.pitman@edu.tbz.ch"|"yT5JZg-MCOqMs-%SG2W@"
"ai.giacovelli@edu.tbz.ch"|"duGHSm-D5$ccN-DCQaSB"
"judicael.fruchter@edu.tbz.ch"|"P1kjhJ-VwTO04-V$c0aM"
"mans.mogg@edu.tbz.ch"|"Z7vsV4-td9Hme-iDbPsu"
"gerald.foyle@edu.tbz.ch"|"KL$yzY-Bhhxi9-jM@Y3S"
"wa.androletti@edu.tbz.ch"|"crS$u3-eOyFMM-UfQv3B"
"meng.ollett@edu.tbz.ch"|"IgSk26-C&&NpL-1OUV%q"
"naelle.macmenamy@edu.tbz.ch"|"cmQz3e-5z9kL5-l8s8Fb"
"gisele.mcramsey@edu.tbz.ch"|"wYyCfH-4KZWLX-6FPCb4"
"meryl.scolts@edu.tbz.ch"|"8#rOzX-Hp1Ifu-gEixQ8"
"celia.bloxsome@edu.tbz.ch"|"0LYdOx-FPPocG-8F7ncu"
"styrbjoern.stuke@edu.tbz.ch"|"vwxInM-itmR3M-fiF&Y5"
"felicie.gwilliam@edu.tbz.ch"|"N4nXQ&-yoo9Sa-#gTJSv"
"da.harms@edu.tbz.ch"|"nGCoUq-eP0tC#-3vKg6t"
"celestine.baulk@edu.tbz.ch"|"ul6l5N-rMsZU4-1VSbRu"
"mahelie.blackledge@edu.tbz.ch"|"fSKvP$-nAsihX-7eMN%B"
"meghane.salt@edu.tbz.ch"|"7f4KCO-#$XJz1-jgAxkN"
"methode.paxeford@edu.tbz.ch"|"rbhE7Z-Oebo58-G1Tz@&"
"asloeg.milligan@edu.tbz.ch"|"9yo1hR-B%KQ$t-W5F6GR"
"you.pellman@edu.tbz.ch"|"N1pa7L-Y87DB&-zGLa#Q"
"loic.regenhardt@edu.tbz.ch"|"Ed$nju-tS46p9-5tDlEi"
"daniele.savill@edu.tbz.ch"|"VRnQtL-eL$r2c-AV@R@R"
"alois.cornu@edu.tbz.ch"|"Ao4Z7w-fjP2Ax-CFsp@d"
"oesten.govey@edu.tbz.ch"|"6GAUSV-apnVI4-Mx2PfB"
"marie-eve.louch@edu.tbz.ch"|"UkKJfN-XfHnJq-QlYC%P"
"theresa.wenn@edu.tbz.ch"|"gu52u9-@u#Klo-aArD#S"
"andree.eul@edu.tbz.ch"|"92zwms-gWBzzc-xInQum"
"lie.paynton@edu.tbz.ch"|"vsDq%M-vVf5rz-zT0mQe"
"marie-eve.girodier@edu.tbz.ch"|"ioQVzb-F%b%JC-t3vr@Z"
"marie-noel.smithe@edu.tbz.ch"|"uHxDRN-mulHAU-y6xF%s"
"men.bootyman@edu.tbz.ch"|"3MayRi-63tNol-@Bnkae"
"ku.sugg@edu.tbz.ch"|"YzR&NQ-AvGKwj-g&zJ0G"
"lucrece.roseman@edu.tbz.ch"|"G1ofc$-e21OIK-SAgv7#"
"zoe.annear@edu.tbz.ch"|"1Uk00x-wE3f4O-6GcOa3"
"marie-helene.rennebach@edu.tbz.ch"|"mF2J7K-I#W9h@-mPJfrj"
"lea.djurdjevic@edu.tbz.ch"|"FOPsYD-slKx0o-IhntF6"
"goerel.robert@edu.tbz.ch"|"RtRgAk-uNEsXG-wOkP3n"
"mylene.foldes@edu.tbz.ch"|"tZUP3#-VFmBbi-wS5H6T"
"faites.clegg@edu.tbz.ch"|"VkXED$-dD&K2L-fM$#tl"
"marylene.crowcher@edu.tbz.ch"|"&Mx4to-n2FHG4-vXThgV"
"aimee.wimpeney@edu.tbz.ch"|"pbrmPH-O6PzZm-ODKqYg"
"renee.atkins@edu.tbz.ch"|"jPL%md-#e3m$z-yLTqLz"
"rejane.cainey@edu.tbz.ch"|"efNfzD-@j2IF5-pbYddl"
"solene.britney@edu.tbz.ch"|"3J#V6q-tYlLZA-CTAEJT"
"marten.shatliffe@edu.tbz.ch"|"FPSeUA-i6DgCi-H06rD8"
"maite.issatt@edu.tbz.ch"|"Mzmipi-KTLNxR-kzwO@b"
"maelyss.edon@edu.tbz.ch"|"p3Q@Lh-mwS7Wm-n9MDKW"
"nuo.bamling@edu.tbz.ch"|"hl2DC@-uKyR0a-JjdTDF"
"anais.edards@edu.tbz.ch"|"4slisg-q34oIQ-QhCfIu"
"mediamass.bromet@edu.tbz.ch"|"wYr08f-9Hclf6-qjLpHo"
"beatrice.kimbrey@edu.tbz.ch"|"@IV8em-vW%Ocd-XfMSdE"
"ines.lawranson@edu.tbz.ch"|"yG6zCp-jx67Rx-c#nF73"
"kalliste.scandroot@edu.tbz.ch"|"sg%l#e-aV@zg&-AV#@vX"
"mans.barrowcliffe@edu.tbz.ch"|"KXd&&i-hcnf0s-6Wlv&1"
"irene.couves@edu.tbz.ch"|"OIhGVu-IN5omc-1KdZWk"
"milena.mucci@edu.tbz.ch"|"LY#%PR-xdZwgI-Gvu9kR"
"naeva.cow@edu.tbz.ch"|"cTa8yA-k9jbis-BipT2r"
"audreanne.mournian@edu.tbz.ch"|"1Smjq#-k#QW6W-fYNjis"
"melia.sinnatt@edu.tbz.ch"|"FboR9e-UsqzN4-mFZLKc"
"nelie.burnard@edu.tbz.ch"|"ARyqxl-E0KyGE-Q9Yepo"
"clelia.ashfull@edu.tbz.ch"|"A8tRDg-XMkrP%-VH5zsc"
"lie.macard@edu.tbz.ch"|"QWJR&K-eHqhqu-X$ZISa"
"valerie.matoshin@edu.tbz.ch"|"7vEDkQ-VknJJj-enU5Zx"
"anael.hatherleigh@edu.tbz.ch"|"IkkO%M-ywfxdb-qZURdJ"
"interessant.warratt@edu.tbz.ch"|"7COuJa-VQjshJ-4VRmy$"
"eleonore.volage@edu.tbz.ch"|"1yOEQN-eNUXDD-IRG&DH"
"zoe.stebbing@edu.tbz.ch"|"REqBv&-KmUcBh-3qdRCq"
"alizee.nye@edu.tbz.ch"|"2FbEq$-yrRAKU-Mg#7i1"
"celestine.bramley@edu.tbz.ch"|"AW5#e4-mpWCUj-lmlItw"
"selene.philcott@edu.tbz.ch"|"Ozhuzy-HHPwUS-yAYAWE"
"tang.newens@edu.tbz.ch"|"YYBoKi-O$WrAA-4Abi$3"
"annotes.powys@edu.tbz.ch"|"h2OAP&-U$6BKh-X%faKv"
"lea.matthesius@edu.tbz.ch"|"puD&6H-2teP8#-2Y3L42"
"illustree.garlett@edu.tbz.ch"|"3#NZZO-OSAS#m-imWbVe"
"maiwenn.meachem@edu.tbz.ch"|"FIYffY-UZoBhJ-ZS#4D@"
"marie-francoise.mcbrady@edu.tbz.ch"|"@1zH3L-tfBudG-5uUD4N"
"illustree.gimbart@edu.tbz.ch"|"e7h21U-tUS7#l-w#GfI%"
"melys.lyosik@edu.tbz.ch"|"9V@zl1-bVbqhN-a73Oyf"
"marylene.mcnab@edu.tbz.ch"|"%4xB#K-MMuyZH-PxWV0p"
"gerald.blount@edu.tbz.ch"|"As8#vh-Fe&&kv-GaX4Er"
"clelia.shakelade@edu.tbz.ch"|"2N7&vu-OSUZ6p-2GmE2o"
"penelope.cridlin@edu.tbz.ch"|"WXIGnD-Ze6wJZ-kV%uqS"
"maena.okuddyhy@edu.tbz.ch"|"QnMhno-oUxBbO-dpGbZG"
"athena.keynd@edu.tbz.ch"|"yfHiCv-uQzEZR-2uCXr2"
"cloe.dwine@edu.tbz.ch"|"TAZ%2D-e9d30n-7BbdXh"
"josephine.browett@edu.tbz.ch"|"6SJ2cp-GxFAP6-eSxIru"
"audreanne.oscanlon@edu.tbz.ch"|"Z3h@$B-j$G@Yd-bPU0i@"
"fei.jeanequin@edu.tbz.ch"|"igcKbp-eCDBdP-2uG6D0"
"lois.gormally@edu.tbz.ch"|"J6pjo9-kKZ&gm-JdCd1B"
"marie-francoise.finnigan@edu.tbz.ch"|"aI4LVm-VB%LTi-r1%03q"
"leonore.trussman@edu.tbz.ch"|"fnMnL7-JJOBG2-EotglX"
"anaelle.trumper@edu.tbz.ch"|"namlyY-QHID8H-woIuBv"
"clemence.dionis@edu.tbz.ch"|"4p#mz#-jnbgwO-LvdwgA"
"lois.tranmer@edu.tbz.ch"|"3IzmZi-kwRlpH-wDg2do"
"interessant.volett@edu.tbz.ch"|"dL$@#w-hMSXw#-O9k1xm"
"personnalisee.deackes@edu.tbz.ch"|"ricn8S-h6VQsP-g4PxIa"
"lie.vasiliu@edu.tbz.ch"|"dWOCvh-x0epcr-wFLmm4"
"dafnee.lamputt@edu.tbz.ch"|"W1i5ko-uAEp1B-H3QCIa"
"elies.bromige@edu.tbz.ch"|"nhoOp8-ijRvPD-ayWUAB"
"helena.klosser@edu.tbz.ch"|"2MyW7w-510nt@-sM5nEv"
"andree.grim@edu.tbz.ch"|"6Capxg-Al4k#I-NcQAiu"
"verane.coldbath@edu.tbz.ch"|"FPHe@W-&Xpw96-BGlAF%"
"helena.bethell@edu.tbz.ch"|"3F&AsJ-#c1BVG-uJssU5"
"kalliste.carefull@edu.tbz.ch"|"pn#mjZ-hHDMan-ZoaFVg"
"regine.odams@edu.tbz.ch"|"%SVE&e-Eabo6X-6QIJf@"
"len.stannus@edu.tbz.ch"|"%GZRA4-Gb5cRq-$PtGdK"
"angelique.works@edu.tbz.ch"|"eSFe2M-V2zHhH-ar&H2V"
"goesta.rheaume@edu.tbz.ch"|"YrAvVj-HfPFdy-mOLK8O"
"maelys.tynnan@edu.tbz.ch"|"xVoJ8f-7hskaq-L5Q3@b"
"maelle.carlesi@edu.tbz.ch"|"PaED%Y-A6Mrd$-mtK@IX"
"anael.spurden@edu.tbz.ch"|"wOIb6z-bgx86l-7xGna3"
"helene.pumfrett@edu.tbz.ch"|"jgwSKR-KervyC-Pk$%0B"
"goerel.pearn@edu.tbz.ch"|"qDGSrm-jdN7P6-@fYBSb"
"laurelie.dezamora@edu.tbz.ch"|"Y3MCY3-P3%lO4-YGiBSk"
"yao.twidale@edu.tbz.ch"|"IDKz87-x%z3Ly-RsxfPt"
"berengere.sola@edu.tbz.ch"|"Amf5mi-dvHUvJ-UMgkz0"
"maelann.hardistry@edu.tbz.ch"|"hVgB5k-cP%j@c-yFTP6d"
"severine.littlefield@edu.tbz.ch"|"@VyPjE-t%uT6t-QgJBLN"
"salome.heinl@edu.tbz.ch"|"b4f%Tk-foQHpN-RMN2m$"
"meryl.warbey@edu.tbz.ch"|"sE#m01-oi5qdt-t5A53N"
"da.hunstone@edu.tbz.ch"|"yDcfcT-Y&Bk@l-hQvk$g"
"venus.broadbury@edu.tbz.ch"|"pmDVjY-Dc4FKi-QCKJgm"
"meghane.rentelll@edu.tbz.ch"|"TGf6bn-SpeBR7-@@Asce"
"marylene.drewitt@edu.tbz.ch"|"KmslX1-nX7zpq-YN%mlD"
"melinda.jacquemet@edu.tbz.ch"|"00gB6w-Sx3Sym-iSdy$4"
"marie-josee.keyden@edu.tbz.ch"|"i%LaK9-QeIzKO-$Z4k0$"
"asloeg.montacute@edu.tbz.ch"|"vWS%#n-mKHWPr-GNee4z"
"ku.andreou@edu.tbz.ch"|"F0DXDc-DwLhv2-J6P5t3"
"personnalisee.feaveer@edu.tbz.ch"|"4M4AZu-iFsf46-a4I4hh"
"laila.emptage@edu.tbz.ch"|"ERnvkp-JhA3YR-3&Q%2q"
"bjoern.dawdry@edu.tbz.ch"|"d$LPfI-Wkqu&5-1iR$m&"
"marie-eve.dinsell@edu.tbz.ch"|"4ZAjOr-ZJFwJM-e4lVCa"
"helene.follett@edu.tbz.ch"|"2xlJ#i-dum%En-ZeUK7e"
"penelope.cordero@edu.tbz.ch"|"P&EMSM-ZbeMyG-H&XUA%"
"boerje.beedell@edu.tbz.ch"|"JrkGCV-79Yb4g-qUZTx5"
"nelie.ferne@edu.tbz.ch"|"FELaZv-l0iR5b-Q0DKlE"
"celine.ahmed@edu.tbz.ch"|"Vewpg5-NKsknO-Yhpm4O"
"stevina.pimblett@edu.tbz.ch"|"e2zB8D-&ms%Tw-0pFuL8"
"chloe.langlands@edu.tbz.ch"|"YqnGwi-5Er7wJ-@TqyNG"
"simplifies.maude@edu.tbz.ch"|"2vC#0Y-35%Jp4-YQ9&kj"
"genevieve.decarteret@edu.tbz.ch"|"yW&tuF-qFfNPv-QCTeer"
"marylene.mughal@edu.tbz.ch"|"buaAhp-xKfUnM-NJFkjB"
"goeran.guttridge@edu.tbz.ch"|"hL4OBu-pvEdn$-uH9Tuw"
"michele.smurfitt@edu.tbz.ch"|"4x4TWE-uK43FY-x%udNY"
"methode.hadeke@edu.tbz.ch"|"HabQZh-bfEsrg-4VlWt#"
"therese.rispine@edu.tbz.ch"|"oX%KQT-9CM6@W-uU&dRA"
"goerel.plumley@edu.tbz.ch"|"hcBByE-8b&IZo-9NEcjQ"
"oceane.friett@edu.tbz.ch"|"l2Q%Qh-56QAuf-ws%LYm"
"marie-noel.achromov@edu.tbz.ch"|"nmP@AT-$KijKW-vxP5Kz"
"dorothee.storek@edu.tbz.ch"|"0gWluV-N9fAJv-vA0Hny"
"goesta.whittle@edu.tbz.ch"|"u3g8xn-HhQku0-n2&cdb"
"desiree.casely@edu.tbz.ch"|"cypaEc-FLPaLt-Ogeurs"
"felicie.condon@edu.tbz.ch"|"i6N$Fc-VOLuuE-XdRIAh"
"maelyss.frisdick@edu.tbz.ch"|"mWO69T-fX@rHw-JnP%8z"
"aimee.banke@edu.tbz.ch"|"axHbs@-z6UiEL-Uqwe1T"
"naeva.hodcroft@edu.tbz.ch"|"HSNm76-b4ZgpH-pFpo19"
"laila.gerrans@edu.tbz.ch"|"9QN4VS-Lp90GH-b0NNb4"
"daniele.scrimshire@edu.tbz.ch"|"u2mhui-qGULme-@Yc#Ld"
"daphnee.sheerin@edu.tbz.ch"|"16HKC4-63sbXt-YRXbIj"
"pal.vanyukov@edu.tbz.ch"|"9wuBMX-DOlYyQ-8UqyKi"
"zoe.childs@edu.tbz.ch"|"47nkB1-v63jQp-dM6%of"
"ai.corde@edu.tbz.ch"|"Cn$RFy-C9gV0m-9yX&4#"
"maelys.berryann@edu.tbz.ch"|"uHprEX-iC$NkX-eP7ytg"
"cloe.gladding@edu.tbz.ch"|"5J%IhT-&V@Cq3-fVEFp@"
"wa.kinnaird@edu.tbz.ch"|"w2zI1v-OZwKQW-MNWDpj"
"publicite.brittoner@edu.tbz.ch"|"f767c2-wBYgAV-fGDfDE"
"rao.windress@edu.tbz.ch"|"v#8RFd-kAqGxG-9pmppO"
"uo.kollach@edu.tbz.ch"|"oY0H1S-p@aMCo-4sL0Eg"
"josee.peskett@edu.tbz.ch"|"ESXBmF-OF8Yfq-Kv947R"
"annotee.hasel@edu.tbz.ch"|"XRlFVG-#eYYke-If4UD6"
"cinema.lee@edu.tbz.ch"|"e9ar&v-YZpY0N-J@ozgZ"
"lai.vedeshkin@edu.tbz.ch"|"AgXN6#-S3@p9q-b2aRww"
"renee.brisbane@edu.tbz.ch"|"ZP5M3i-jMF1JE-4DT19o"
"ophelie.blincoe@edu.tbz.ch"|"zKWF2B-oM&7cw-Ut2XaL"
"zhi.prazor@edu.tbz.ch"|"&jdzSj-2VCY8$-nMSZcF"
"annotee.maddicks@edu.tbz.ch"|"x5SHFd-f@7IAf-HIMbh9"
"maelyss.codd@edu.tbz.ch"|"YohsLA-6zzi%k-4EH5TJ"
"celia.peplay@edu.tbz.ch"|"gaOjBW-1Sb2Ag-ULkE09"
"interessant.skone@edu.tbz.ch"|"FoNX&#-2xn5Bx-puJ%jT"
"audreanne.hebdon@edu.tbz.ch"|"zs9E9G-wm$qbw-m$FUpQ"
"oceane.glen@edu.tbz.ch"|"Hdnsi%-brkFJK-Dwi7cB"
"daniele.vanyushkin@edu.tbz.ch"|"&3t29c-rxusEf-QnAfyj"
"daphnee.ayce@edu.tbz.ch"|"GMEx8d-dSbvvM-UaMVbY"
"andrea.attride@edu.tbz.ch"|"%OO6dv-7O8zc2-ByDuN&"
"penelope.bridgwood@edu.tbz.ch"|"XDwIhX-G5#qGo-OByRB@"
"mailis.drewitt@edu.tbz.ch"|"1TrpFE-dYTQj$-cWduqO"
"penelope.mollene@edu.tbz.ch"|"T@nY0N-KO2Plp-gYVmp5"
"illustree.keely@edu.tbz.ch"|"f&46oz-qcWEO2-eWPbhw"
"meng.brisseau@edu.tbz.ch"|"68G@O5-jPDt6t-W3Ddo4"
"ruo.cleiment@edu.tbz.ch"|"YdTJ$5-PEf5BB-TtPVw#"
"maite.krammer@edu.tbz.ch"|"qTEGi#-kz9a&8-mcVN43"
"genevieve.verry@edu.tbz.ch"|"9I72#c-DCZrYa-EiBFC$"
"lea.olochan@edu.tbz.ch"|"e&2v%d-FKJnoA-BzUIbJ"
"naelle.brunnen@edu.tbz.ch"|"TxjK2Q-5r62IR-YPYdrx"
"goesta.bragginton@edu.tbz.ch"|"%rjHY2-M&rQT9-Nkvui5"
"fei.danilyuk@edu.tbz.ch"|"Hpt%MV-KQW99q-7lhunk"
"adelie.turbitt@edu.tbz.ch"|"P$Q23V-ub$tOT-8fyT4w"
"marylene.nutman@edu.tbz.ch"|"bfDc8M-$8GUC3-YAs2v0"
"therese.barbrick@edu.tbz.ch"|"jN1bfH-OfrEv%-wak4dW"
"melys.kolodziej@edu.tbz.ch"|"WUWEMB-nnsqfN-PZ$E3n"
"melanie.runchman@edu.tbz.ch"|"SPjZGF-JaQdjI-XvoRHF"
"serena.lafond@edu.tbz.ch"|"FLw8b7-9biHlU-vrW7YC"
"pelagie.desmond@edu.tbz.ch"|"ZztjjT-bt@sF2-ofn4hy"
"wa.spickett@edu.tbz.ch"|"kctEXj-&2&bD2-kpI#Ed"
"po.shave@edu.tbz.ch"|"x2mqGY-oSQUBs-&#84eb"
"song.huikerby@edu.tbz.ch"|"Uc&xGh-%Y&7rM-#CiJy9"
"melinda.bimson@edu.tbz.ch"|"2gidp6-7rbJQH-Jy3aZg"
"personnalisee.toffanelli@edu.tbz.ch"|"JidVRn-RraPb@-c&6II0"
"leandre.hurn@edu.tbz.ch"|"ImHU1r-##RF2q-w9EdgN"
"oesten.standell@edu.tbz.ch"|"ReMJfU-zw%QUt-WsLMxh"
"naelle.smaleman@edu.tbz.ch"|"&F&hHo-JtVfVQ-JaFGyy"
"berenice.tayt@edu.tbz.ch"|"ditS&T-cKH#6D-8VB5a7"
"kui.popplewell@edu.tbz.ch"|"woqC9q-QoYuZ3-98j6DJ"
"melodie.ferandez@edu.tbz.ch"|"jC6gEf-ZMq#00-NrDEty"
"josee.negal@edu.tbz.ch"|"zY3T%Q-V9ahug-6LTACA"
"melissandre.ferrelli@edu.tbz.ch"|"iQT&@l-o$wSzV-#ne1kj"
"josephine.kemmer@edu.tbz.ch"|"hPNFR4-6#0nxX-&aDzj6"
"maely.cayette@edu.tbz.ch"|"ibU#@g-88Lkbe-OLTX8e"
"nelie.vela@edu.tbz.ch"|"YB7nUx-$HYPZe-sJ3rTQ"
"melina.cortes@edu.tbz.ch"|"l@@bfB-7R9my5-r4T2u%"
"megane.leyshon@edu.tbz.ch"|"nI7%CK-YUX3Qh-Q3hOr0"
"regine.harrie@edu.tbz.ch"|"IkE#2R-MtqER2-k%in%x"
"mylene.widdison@edu.tbz.ch"|"QDP%Oi-dZaWDt-y8OcUH"
"pelagie.vivash@edu.tbz.ch"|"KJVvPS-c@CMbs-6P7obf"
"styrbjoern.vicarey@edu.tbz.ch"|"X6MA%Z-OimGIU-ZF7#r3"
"long.kyles@edu.tbz.ch"|"fkKnXL-KGZZrs-XB3ydf"
"stephanie.gipps@edu.tbz.ch"|"BQtVfX-vlgJ1A-wO2f5c"
"clea.constantine@edu.tbz.ch"|"d%I1qU-QABfSA-1ezDP6"
"maella.cometto@edu.tbz.ch"|"P8SGfo-OUhmHt-JUzyoh"
"laila.aubrun@edu.tbz.ch"|"0d2GiC-V&0MKi-gcl7pE"
"yao.austins@edu.tbz.ch"|"Y$RqGN-Uyt$H8-baBIiN"
"mailys.rylstone@edu.tbz.ch"|"xlwEga-G5py6e-Tv1Bcu"
"adelie.curuclis@edu.tbz.ch"|"djgrvv-e2OhJM-#Y1yeT"
"celine.longhurst@edu.tbz.ch"|"nq0Rsj-xtC72S-Lg%40q"
"gisele.hazell@edu.tbz.ch"|"Z7e46$-%$8xIK-SLqCpk"
"celestine.ciccone@edu.tbz.ch"|"faNupE-qorMXo-VjtCld"
"maelyss.doole@edu.tbz.ch"|"mMgTBM-F0exy4-o$WhUp"
"helene.grimsdike@edu.tbz.ch"|"wZ&12S-3O9O9@-HSJDJ1"
"lie.macer@edu.tbz.ch"|"6q4nmv-Rs&vRU-44&ntO"
"maely.izard@edu.tbz.ch"|"#d&C4x-7neqo1-DrcDGe"
"erwei.breewood@edu.tbz.ch"|"F5GqEI-uysxgP-@nqUQo"
"chloe.woolford@edu.tbz.ch"|"d4wf1y-WS%Qrn-sja3p@"
"cleopatre.turpin@edu.tbz.ch"|"uSR6sC-9vMU1s-8WVT9g"
"melodie.surgison@edu.tbz.ch"|"lUb7BK-yY%##J-EVlesg"
"elies.leander@edu.tbz.ch"|"02NQzE-XkGFFA-SPu4TX"
"mediamass.reignould@edu.tbz.ch"|"WpJG%l-SCemlo-r%ealu"
"celestine.wasmuth@edu.tbz.ch"|"azwQYe-rUsxCF-NOhkTw"
"marten.jervis@edu.tbz.ch"|"0B&g14-$9KBb0-3OC#w7"
"daphnee.bour@edu.tbz.ch"|"cJ&igV-AqUdix-p0OE5&"
"regine.harlett@edu.tbz.ch"|"%OccKG-HXkFwu-AK#NTG"
"noemie.macaskie@edu.tbz.ch"|"taTq@Q-2@PeoA-5An3@D"
"loic.renfield@edu.tbz.ch"|"NABjwU-uLECRU-3adV5C"
"venus.kleinert@edu.tbz.ch"|"xQYe9R-epKW6r-AR5k4F"
"marten.burlay@edu.tbz.ch"|"Hk$iMn-N2@UY2-gmRmU4"
"berengere.radsdale@edu.tbz.ch"|"Ab7%iI-63d&ih-xYPTU6"
"genevieve.duckit@edu.tbz.ch"|"sg46%Q-1b@F1G-agZpe$"
"maely.ligerton@edu.tbz.ch"|"Tg4IYj-NjEW9T-0$cEPY"
"maeline.ricciardelli@edu.tbz.ch"|"5dt6T#-DGPSNd-uwgdvr"
"personnalisee.yggo@edu.tbz.ch"|"bBX#%u-X@E@uE-Zz3@eI"
"alizee.pettinger@edu.tbz.ch"|"uuJbLH-&YCXqt-X55esz"
"desiree.curnnokk@edu.tbz.ch"|"8VEkug-9coG37-ZSUAu&"
"dorothee.minors@edu.tbz.ch"|"yp3MQ0-DDJ&Td-Esipm&"
"oceanne.kopmann@edu.tbz.ch"|"fUr6lD-rQO72m-uaHUBJ"
"almerinda.brodbin@edu.tbz.ch"|"9h2T#k-WRzhh0-k2Jlp5"
"yenora.carsberg@edu.tbz.ch"|"esMaFQ-9PKlVz-az9H1y"
"wa.beetles@edu.tbz.ch"|"3MA#28-RvHrO8-bJkCIZ"
"audreanne.abbot@edu.tbz.ch"|"efVatN-ZzYp&h-OGkyNj"
"noemie.capper@edu.tbz.ch"|"@H0vX&-ueAbaw-9B9Rz%"
"mans.abramamov@edu.tbz.ch"|"o8%RW9-9Rdxkv-E8$XyR"
"audreanne.blakey@edu.tbz.ch"|"54uAN#-pX5T01-QgLH1l"
"leone.klimpke@edu.tbz.ch"|"q%e&@%-UuvO2q-phJOpt"
"lie.croston@edu.tbz.ch"|"Im&G53-ODZu34-qPtjWw"
"anaelle.baistow@edu.tbz.ch"|"zLnlWd-sXOrAZ-Lv3wTm"
"michele.garwood@edu.tbz.ch"|"NnMbcL-$Kc$qe-yNpURf"
"interessant.albion@edu.tbz.ch"|"u7nSti-ZQP6ty-67Er9v"
"andre.brisco@edu.tbz.ch"|"4FzjMV-CV6J%M-lPqtWb"
"tang.totterdill@edu.tbz.ch"|"TH2hMp-rEPRN#-%lVhNo"
"marie-josee.braundt@edu.tbz.ch"|"NG%iuB-faSuv#-eRnWQK"
"lois.galer@edu.tbz.ch"|"vOt7nO-ER%2#d-AtxdQL"
"faites.pellamonuten@edu.tbz.ch"|"Y0dJ3G-C4R0Eo-r9GX5P"
"mai.barfford@edu.tbz.ch"|"XmTYZw-uVKjOM-qAdrxL"
"laurene.macilory@edu.tbz.ch"|"dXfm3z-xUUzSb-EAqaYh"
"elea.peak@edu.tbz.ch"|"OOUX6P-vOjb9$-sY36rn"
"rejane.doni@edu.tbz.ch"|"c%PVAf-VLCSD9-NYm9sF"
"mahelie.ector@edu.tbz.ch"|"x$06Xp-UaRSS9-vZBQmd"
"rachele.allum@edu.tbz.ch"|"aJ&d27-CNrDHl-TZgHIN"
"laila.gerretsen@edu.tbz.ch"|"6nCsbQ-QDl5rT-A$e@Yj"
"ines.bowman@edu.tbz.ch"|"7yFAJR-aSbBSJ-stA2sM"
"publicite.barbary@edu.tbz.ch"|"841Q4T-I#VoYT-wkGfCh"
"mailys.smooth@edu.tbz.ch"|"7yFI6O-TyUXdQ-lJHZw0"
"mailis.huguenet@edu.tbz.ch"|"Zz8wZY-v7hkYT-HyfY%T"
"lea.ewer@edu.tbz.ch"|"jezmV%-aEWBT2-r23GNJ"
