"mail"|"password"
"melodie.vandervlies@edu.tbz.ch"|"42a81z-QZNGOq-hH8beZ"
"angele.edgecumbe@edu.tbz.ch"|"iNPt2u-dYXoDN-RGirLb"
"zhi.andreasson@edu.tbz.ch"|"BHMYbm-wAk9RW-CV&wgC"
"judicael.koppeck@edu.tbz.ch"|"OUJ74c-uPW9Ay-CuTC7X"
"berengere.capron@edu.tbz.ch"|"iUNVV@-LCqz3p-hBhZ7p"
"leonie.brosini@edu.tbz.ch"|"LpMMGf-keOeZN-bZYlCe"
"venus.garfit@edu.tbz.ch"|"E6AQ44-euinjC-9i$ljN"
"melina.janota@edu.tbz.ch"|"#rZkv8-EN2GY@-a1rqQr"
"laurene.bake@edu.tbz.ch"|"IHhgHY-2fcaCj-U4NSL1"
"regine.dorkins@edu.tbz.ch"|"ZYbDZU-1moUXC-azKR@$"
"cecile.moffet@edu.tbz.ch"|"tBDh&d-yXQHEp-33eHpL"
"maelann.labrone@edu.tbz.ch"|"gZ8EB%-YObVU@-tO#dTx"
"melinda.newbold@edu.tbz.ch"|"Gvmu4B-&qfd$M-ZXUitN"
"mans.itzhak@edu.tbz.ch"|"pPrSsp-crB%2%-ypumFQ"
"melodie.pattlel@edu.tbz.ch"|"p@kSt7-NAYw4z-WQxav6"
"celine.bonett@edu.tbz.ch"|"Mz4Ipo-LMOJWV-jnLFUw"
"adelie.mcgreal@edu.tbz.ch"|"kBIfF6-80vQ6e-Pnf2%L"
"helene.soldan@edu.tbz.ch"|"iMkEqP-82mvSv-orCytR"
"michele.cluer@edu.tbz.ch"|"@WyWbT-0iGXeJ-hh8qdj"
"maeline.mueller@edu.tbz.ch"|"9LCZ@4-QfyiMn-Cl7cJ6"
"maelann.benedito@edu.tbz.ch"|"pRR3HC-OUKkaC-AODVe$"
"nuo.gransden@edu.tbz.ch"|"Aff%s3-KKErx#-0VO4ur"
"berengere.stainton@edu.tbz.ch"|"aYhHc9-6WrLce-Kia2DG"
"wa.sabater@edu.tbz.ch"|"PMwosp-dtYkMD-rY5LEg"
"anais.cochran@edu.tbz.ch"|"VIpFZ4-vZEzZu-uEokp5"
"gerald.bessant@edu.tbz.ch"|"7P@Q0z-4zEHf$-HAYa4t"
"ruo.coffin@edu.tbz.ch"|"qk1xzJ-#Kgq3q-fs$Zyx"
"melodie.mustill@edu.tbz.ch"|"PRDN1U-ri7gJD-$0WQzH"
"ruo.stanesby@edu.tbz.ch"|"bq55C6-a9OjT6-gjIbo2"
"noemie.antognelli@edu.tbz.ch"|"$q1mie-%Ruyi#-#dOgSf"
"maelann.hughson@edu.tbz.ch"|"Ni9SUy-b0w9uT-FMMjih"
"milena.mieville@edu.tbz.ch"|"LA@5Am-$%@P%E-tAGqwd"
"mailys.chamberlin@edu.tbz.ch"|"xh&xmg-R@@lVT-%gIul%"
"nadege.tomalin@edu.tbz.ch"|"VFTvIQ-hnTlVa-H35sDN"
"oceane.omara@edu.tbz.ch"|"QfSbH5-rVat%V-bBQ4K6"
"cecile.aguirrezabala@edu.tbz.ch"|"U77A1E-7DTm77-w7I4c6"
"maella.gwillim@edu.tbz.ch"|"CDHxZx-m6yyAH-$3M7QO"
"lea.mcgahey@edu.tbz.ch"|"Uv&ViC-qQiJuc-lrsUJ0"
"laurene.hagerty@edu.tbz.ch"|"3y3ZgL-m%q%gM-E%yTVH"
"dorothee.link@edu.tbz.ch"|"XskdIh-0HAvpz-JiLaSY"
"clementine.kynsey@edu.tbz.ch"|"Pg6GWB-c6D3bF-6zfl$v"
"lorene.smitherman@edu.tbz.ch"|"d8j$&X-3CTpHr-YtEiNO"
"cleopatre.klulicek@edu.tbz.ch"|"xLjjoG-9MUF$D-@nScU6"
"laurene.castaneda@edu.tbz.ch"|"N@vT@T-#u#AXs-J#g#94"
"melia.constant@edu.tbz.ch"|"bLux3a-CsbTW6-4sYTag"
"lucrece.clunie@edu.tbz.ch"|"zSh6kx-7RmvCT-ua2Rt1"
"eleonore.mcmurthy@edu.tbz.ch"|"LPXVn1-9uAyj3-%jqEI0"
"melia.bevar@edu.tbz.ch"|"fUqrlc-JihHTA-4O&Kqu"
"camelia.bontine@edu.tbz.ch"|"B$AYWa-vy%fHF-@mbFA8"
"methode.jozefczak@edu.tbz.ch"|"A4S31e-f%iNFS-X658JN"
"audreanne.hinsche@edu.tbz.ch"|"&gzTLJ-M5JI$R-$Ts1H@"
"andree.varne@edu.tbz.ch"|"EyxoLs-YMKCc7-eaEKFs"
"marten.kinleyside@edu.tbz.ch"|"%OZqih-idjKN7-uz&Nxv"
"esteve.mcewan@edu.tbz.ch"|"rd3sZ4-VR$oS0-BvtFcw"
"leane.dibbert@edu.tbz.ch"|"r1oK8i-bEguzv-Hknq1b"
"ma.thewlis@edu.tbz.ch"|"OQZ#Kj-OEtFRL-jU#l@g"
"clea.djurkovic@edu.tbz.ch"|"kpNxOj-FA2e9@-X%tBGJ"
"rachele.reburn@edu.tbz.ch"|"WnfqeM-ZXKWnj-ipYXZ#"
"gerald.gowling@edu.tbz.ch"|"5WyYxr-fROwrl-lEDgXM"
"cleopatre.jackson@edu.tbz.ch"|"ZC9%QR-Lyxe0u-xZjHOu"
"desiree.haskins@edu.tbz.ch"|"Xx&C7H-pWfKV@-R0ixqk"
"eleonore.longson@edu.tbz.ch"|"Jj#7pw-VtxGjb-G9hy&J"
"leane.dybell@edu.tbz.ch"|"bqh0kS-EB@b60-py8cNh"
"becassine.grzesiak@edu.tbz.ch"|"Pv72Nu-p1VTTk-CspMdr"
"marie-josee.pickin@edu.tbz.ch"|"C5$ikX-kLLRs6-%Z&Xi5"
"marie-josee.roxby@edu.tbz.ch"|"Tb215n-1FSDl7-ZSJvBa"
"leonie.feenan@edu.tbz.ch"|"WRGWVk-EnexOy-YW$x$@"
"valerie.ellum@edu.tbz.ch"|"mGWCI%-2eqY8N-c5K2wX"
"ju.caseri@edu.tbz.ch"|"aQ4Xz&-SZLwr%-GFDhBo"
"boerje.strangman@edu.tbz.ch"|"QO0m#A-UQZm1t-&%7syv"
"beatrice.ghidelli@edu.tbz.ch"|"IJEMK9-FbCNBs-vwOs7E"
"da.jablonski@edu.tbz.ch"|"&fiHl2-PXbPZ2-KioKjD"
"uo.beveridge@edu.tbz.ch"|"2nZcIt-sjYO%F-OqhimG"
"valerie.bestman@edu.tbz.ch"|"xr%Sg2-bHF9aM-9Zyzn8"
"marlene.pohls@edu.tbz.ch"|"&x2kWy-m4WA5c-KaW#jM"
"ma.nolda@edu.tbz.ch"|"cs5QTc-mNg%AT-FxzN3f"
"marlene.bisiker@edu.tbz.ch"|"PeMlfF-k418W@-k@hU$6"
"estee.babon@edu.tbz.ch"|"QMI0b4-bHqNsw-o5A5q2"
"simplifies.dmisek@edu.tbz.ch"|"TPmvHt-$5hFp7-MKXXsy"
"selene.ganing@edu.tbz.ch"|"dQAIAn-TaZ310-gmfFM#"
"meryl.penke@edu.tbz.ch"|"HFvSkl-qFi&UN-qOq%zU"
"anais.rawcliff@edu.tbz.ch"|"285gFv-adcUC%-CBEuH@"
"melina.andri@edu.tbz.ch"|"UkNUdM-4iNCFB-#I@W9C"
"audreanne.fodden@edu.tbz.ch"|"#XkkI6-iIeNi8-r#Pn1@"
"bjoern.spellesy@edu.tbz.ch"|"u@EgGK-1p8uYI-mLVWBq"
"francoise.summerscales@edu.tbz.ch"|"vKy&wt-2B%5Xd-k8FrvH"
"laurene.ashtonhurst@edu.tbz.ch"|"tiuqHP-ElaQ9C-4i##54"
"valerie.petters@edu.tbz.ch"|"03fY1D-MQoTfr-@qZazH"
"anael.spenclay@edu.tbz.ch"|"&S8%sg-$wn8V0-tnZg&6"
"stephanie.keech@edu.tbz.ch"|"@l#PYb-ULcQwM-zGHJj%"
"ines.deveril@edu.tbz.ch"|"RQnRLS-pvjojn-Afhm%u"
"berenice.gelder@edu.tbz.ch"|"YesQEI-Xz8%cb-SyFWOX"
"melanie.ofogerty@edu.tbz.ch"|"jlmbFw-zL02EX-YcnTv$"
"frederique.canepe@edu.tbz.ch"|"Bc#Fd@-klvsQ2-fs3kLh"
"nuo.otton@edu.tbz.ch"|"hPtUfg-x9x5HO-2ycDgf"
"genevieve.trusler@edu.tbz.ch"|"NXLrlz-XYeD6D-3a0dDr"
"ju.boag@edu.tbz.ch"|"be5Exb-0bZsJY-p5edh&"
"josephine.dilucia@edu.tbz.ch"|"Ibj@S6-83VGi3-izthtH"
"laurene.armsden@edu.tbz.ch"|"Oqb#Mf-V2v@n7-iTlUBO"
"becassine.griffe@edu.tbz.ch"|"MI218m-gf2YU1-%Vf2#0"
"alois.parres@edu.tbz.ch"|"vF#Sms-7R3LXw-07qKl@"
"cleopatre.gaffey@edu.tbz.ch"|"M9Svz9-JDDfPk-UQleHp"
"andre.stiger@edu.tbz.ch"|"uQxM%L-KXdUzj-QGpZ66"
"beatrice.godleman@edu.tbz.ch"|"co2RxR-vvVy29-g6HM7y"
"hakan.harrhy@edu.tbz.ch"|"@4IbYc-1l7w@R-PkQxy1"
"celestine.dagnan@edu.tbz.ch"|"BPuzjq-SGSAV%-FHJlTL"
"clemence.haggart@edu.tbz.ch"|"M#@#R#-4&rNkV-2olw3$"
"long.caban@edu.tbz.ch"|"HCGC$0-OBckBg-yyA4T3"
"gaetane.grimble@edu.tbz.ch"|"BQKEQ3-W$LbAo-Pd7TIM"
"maelann.piwall@edu.tbz.ch"|"Mr#yHz-hQD9Jj-lnXezs"
"magdalene.loble@edu.tbz.ch"|"JsvqWN-Gx6xzh-iwggR8"
"veronique.domaschke@edu.tbz.ch"|"%#DT#M-g$lHRs-0a#8SE"
"clea.herity@edu.tbz.ch"|"vvh3u1-lSY7JD-%5%1F5"
"maelann.bambrough@edu.tbz.ch"|"$rGk4Z-ubmTbp-e5rgku"
"clea.goulstone@edu.tbz.ch"|"UyekvP-m5Hvft-AZvCpB"
"renee.deleek@edu.tbz.ch"|"8&C0#6-f1Ykn&-AdduKD"
"boerje.rudderham@edu.tbz.ch"|"Eid0r9-gn976I-LiDdMU"
"marylene.broune@edu.tbz.ch"|"D27Rce-7nvgJ2-gC3o8N"
"nadege.mccuish@edu.tbz.ch"|"afYHAj-f7Mn9@-@BLQXu"
"anael.littleover@edu.tbz.ch"|"PrMb7w-YvyEnq-5BGsdU"
"lie.baume@edu.tbz.ch"|"7faIi9-IG1P1g-VFMR41"
"maella.murrow@edu.tbz.ch"|"eu1&wK-ZwlnZt-@3TrDF"
"cleopatre.pettifor@edu.tbz.ch"|"4L%xAo-fRV7FH-tBiAls"
"geraldine.asker@edu.tbz.ch"|"8UHRgf-jUo4jm-6VoKPw"
"gaetane.smedmore@edu.tbz.ch"|"ty4t5r-LEP43V-JSffO2"
"meryl.blencoe@edu.tbz.ch"|"SyXJei-4ijROm-jnHJdO"
"aurelie.chastaing@edu.tbz.ch"|"wvzjCH-NtT2Lq-d99&e2"
"oceanne.marthen@edu.tbz.ch"|"bDqG31-Ad7nj4-o1lpgU"
"dorothee.burrill@edu.tbz.ch"|"gD#1v1-3MUWnP-3vt3M9"
"hakan.belden@edu.tbz.ch"|"wP0vul-tGJxuy-b2Xg3H"
"celine.brunning@edu.tbz.ch"|"YgCXZl-4Da0kX-AS6AxZ"
"anael.lapides@edu.tbz.ch"|"BIlE@P-t7yuxV-gYeE@Z"
"ruo.saffran@edu.tbz.ch"|"zgwCeM-yKwplT-6Htc2c"
"loic.gerretsen@edu.tbz.ch"|"YFt@@c-X2Mow3-CYBnXt"
"rui.fitzer@edu.tbz.ch"|"UU2TSC-WEMD4u-5i9$rQ"
"annotee.ogers@edu.tbz.ch"|"%S4VM@-NVV91q-Uw8m3e"
"boerje.bindin@edu.tbz.ch"|"k084R8-FfSHgu-RepPZv"
"ma.cronchey@edu.tbz.ch"|"O2z7eL-flkMaH-aYK0&s"
"laurelie.baiyle@edu.tbz.ch"|"09Nq3J-yahEFq-GW2aqX"
"dorothee.older@edu.tbz.ch"|"B9W4yg-KqEU&x-2$cHD9"
"laurena.wile@edu.tbz.ch"|"I1lg&i-dMK#Wr-U#LgLP"
"clemence.brito@edu.tbz.ch"|"ilhESS-IFpjwr-a%jNk4"
"nadege.dallin@edu.tbz.ch"|"GBk4@m-blAHJk-8u2@Z8"
"mailis.matley@edu.tbz.ch"|"2YGwhX-Ozkd6R-JB2iH9"
"daniele.screaton@edu.tbz.ch"|"d3kaUa-#s15%B-o8X1N8"
"mediamass.godly@edu.tbz.ch"|"xMa5Kz-IjTMmm-m&IZJX"
"leone.kremer@edu.tbz.ch"|"uN3Blm-jJ2pMJ-MFLxc4"
"asa.adrian@edu.tbz.ch"|"RJ&cu&-OPTqNT-v$&og3"
"adele.doley@edu.tbz.ch"|"862j1@-7CI5S5-#17RuE"
"fei.sidney@edu.tbz.ch"|"TF9UA8-I9W5iu-mA7aYf"
"marie-josee.walisiak@edu.tbz.ch"|"Lx0AcB-GSbTxP-1YVnIZ"
"desiree.diplock@edu.tbz.ch"|"ne&pma-Gg@Atf-vnFW@Y"
"gisele.schust@edu.tbz.ch"|"HOHlht-RQLsb7-p#Ka8c"
"ma.longshaw@edu.tbz.ch"|"$03ArZ-7%DStz-6dVXT%"
"da.boother@edu.tbz.ch"|"Q8UdgF-InDRAV-R6A8Es"
"simplifies.chaudhry@edu.tbz.ch"|"jx4cLA-zKKDGT-Qdehnt"
"garcon.baniard@edu.tbz.ch"|"P&8TS5-UdkVLs-t0kPDk"
"gaetane.elphee@edu.tbz.ch"|"MSBxlU-Ycn$j1-mkZ%Sz"
"gisele.hassey@edu.tbz.ch"|"Ju3no3-z2f4yj-aaJUMs"
"oceanne.booley@edu.tbz.ch"|"GFxaIP-ZVwwZc-41w4V0"
"oerjan.dibden@edu.tbz.ch"|"#ROIJM-z@Hf$x-qzLVLv"
"regine.ocleary@edu.tbz.ch"|"zl9ywW-SR0p@0-&&MTf#"
"selene.persse@edu.tbz.ch"|"IAd1oR-PMO@ln-DgQE8o"
"helena.adenot@edu.tbz.ch"|"oEJ&vv-IHquMQ-ZSfH15"
"maelann.wassung@edu.tbz.ch"|"yyn$$3-&ylEf6-Q5UO#u"
"frederique.ackermann@edu.tbz.ch"|"#ghgky-5g8rUn-Ao2G&B"
"audreanne.kahen@edu.tbz.ch"|"IR4lhM-FRwmm5-qC3ZAb"
"maiwenn.lasty@edu.tbz.ch"|"4LJ$tw-peoTmt-ecZUkd"
"yu.dictus@edu.tbz.ch"|"0R7UwX-YDD7Kt-S@cNTY"
"anae.dukes@edu.tbz.ch"|"t6Uho5-6R1q2%-woI#4&"
"yenora.warr@edu.tbz.ch"|"%y&$48-yvJ&Xp-uDEVBo"
"esbjoern.archibold@edu.tbz.ch"|"L6rXuz-eqjVOD-l3@0wy"
"milena.pardal@edu.tbz.ch"|"200NC@-qKBXPu-4NJfVE"
"celestine.graveston@edu.tbz.ch"|"9e0#Vv-qJkc2s-tOR#sy"
"maena.dallas@edu.tbz.ch"|"rOC7Ts-vSs$vh-@ww24S"
"andree.tuke@edu.tbz.ch"|"GICY4V-0lyiWq-HJEC6M"
"methode.seldner@edu.tbz.ch"|"r&$LEP-8VYQc@-G9FGX0"
"venus.bullas@edu.tbz.ch"|"P0idFc-kd4R$Q-4rq9xd"
"mans.aguirrezabal@edu.tbz.ch"|"VHLNz@-vc&WMu-PIF6n0"
"gaelle.eadington@edu.tbz.ch"|"SDeHrF-ly5aqZ-hStsd$"
"anaelle.falkner@edu.tbz.ch"|"EZSQXv-BvzASQ-LKihYn"
"ophelie.height@edu.tbz.ch"|"fylT4G-Ca&8bc-6whrZB"
"marten.bolding@edu.tbz.ch"|"C%WfUU-5LYy#G-Thh@Pp"
"pelagie.guswell@edu.tbz.ch"|"9z6Ua0-TYG$a%-aqU9Mb"
"gwenaelle.lecount@edu.tbz.ch"|"zU&yZX-5Jq2YK-Gw7N3C"
"hakan.laden@edu.tbz.ch"|"Qvy@R3-ZhckeH-JdZ3CV"
"marie-josee.hylands@edu.tbz.ch"|"h0Bm&S-NxeIz%-Vg4Y7%"
"zoe.kingshott@edu.tbz.ch"|"xpRGNF-KY%BBf-PxQJwA"
"josee.janous@edu.tbz.ch"|"ocK4Ki-FT7O2A-iomgs%"
"laurene.gallally@edu.tbz.ch"|"hTjAC$-Lbin4e-qvH%EE"
"anael.bickle@edu.tbz.ch"|"shrHsK-sdBCFF-gKC$Cm"
"mediamass.lebbern@edu.tbz.ch"|"0orj4H-vphtw5-sKTXlp"
"berengere.hovy@edu.tbz.ch"|"NF1YFO-T8tgad-apqiDc"
"oerjan.kilmurray@edu.tbz.ch"|"%y9uXi-rmRI5g-jdPLuy"
"asloeg.venny@edu.tbz.ch"|"Td0pfm-yQmrHd-V5UsLB"
"marie-noel.stoad@edu.tbz.ch"|"1Ra7x7-Kcf5Fg-8Ad$1D"
"hakan.pettifor@edu.tbz.ch"|"Xbv5ss-09FG5x-S3wnc6"
"maella.willgrass@edu.tbz.ch"|"L7WXBb-QeW4Bk-pqK6tX"
"therese.ludovici@edu.tbz.ch"|"00M9#c-uVkuz5-Pkgl70"
"stephanie.trewhitt@edu.tbz.ch"|"b4NA#v-iBO0Xq-VTDcSq"
"maerta.bauduccio@edu.tbz.ch"|"983K8F-ImAf1V-&mJ10L"
"gaetane.glaisner@edu.tbz.ch"|"rKeqCv-v@K92p-&DyHi5"
"naeva.pargeter@edu.tbz.ch"|"ARiVhu-uuT&6o-jrF$0b"
"salome.venable@edu.tbz.ch"|"CdlxHj-NHKh@r-Gj03@S"
"boerje.thickett@edu.tbz.ch"|"#u5$XD-E#WXOg-tMGNkL"
"lucrece.prendergrass@edu.tbz.ch"|"%jmC09-GhgAwK-S32iOG"
"laurene.ockleshaw@edu.tbz.ch"|"TslJGz-9EyUML-yK7cb9"
"cecilia.pasticznyk@edu.tbz.ch"|"b1mc48-yMV@PM-%saDRM"
"stevina.mackey@edu.tbz.ch"|"B40#dS-p0sciF-s2YESG"
"marie-noel.reven@edu.tbz.ch"|"nYAW%n-Uf&VL%-OKKlq8"
"melina.quilkin@edu.tbz.ch"|"DdUJUt-3Sd#iN-3EKyAq"
"marie-noel.ferrie@edu.tbz.ch"|"8RovzB-NvJ0Z9-P0qZRR"
"leone.alphege@edu.tbz.ch"|"m6Ms5I-FQBv$u-y3IWuS"
"zoe.leverson@edu.tbz.ch"|"Q&#@nO-HSF9xf-DrFC6B"
"annotes.grayne@edu.tbz.ch"|"tcZ4Nc-beUjQu-g5Y2YZ"
"faites.lalley@edu.tbz.ch"|"w$IzT6-L%my1F-IIgJTw"
"adele.wallis@edu.tbz.ch"|"SUm$S$-EoV%ou-j3WwEt"
"severine.madill@edu.tbz.ch"|"LX6PB9-hUuV#B-P7H7Nj"
"valerie.tebb@edu.tbz.ch"|"YIvjp1-bRlS4g-bzzAm&"
"kalliste.rasper@edu.tbz.ch"|"hX7ZgX-RwDyE$-Sqow2b"
"audreanne.palomba@edu.tbz.ch"|"FzqDZx-sjcIs0-#bBlMe"
"elea.adamik@edu.tbz.ch"|"vTRWDl-ya&ULM-lBH7Xz"
"reserves.jakuszewski@edu.tbz.ch"|"DkaH0x-VEiGDD-bQ5v@F"
"athena.belhomme@edu.tbz.ch"|"iD0GUi-trut$G-l%FUO7"
"rebecca.crippin@edu.tbz.ch"|"YLmhao-2ngJGG-26u#yn"
"maiwenn.curman@edu.tbz.ch"|"@ApJsz-g#xHvL-rbSQBQ"
"andree.bunner@edu.tbz.ch"|"raarax-%7dwdI-4Vy5l@"
"ruo.winckles@edu.tbz.ch"|"Wasz4#-@k7jne-1hQim9"
"naeva.buntine@edu.tbz.ch"|"HDrMko-4hNpXo-PLqzSS"
"boerje.dollard@edu.tbz.ch"|"BfNc&u-7&4HRI-RHTPq%"
"penelope.gorman@edu.tbz.ch"|"9ExEb2-kdiONR-XhtymF"
"alois.robelin@edu.tbz.ch"|"Mf5yMX-0d77%H-3iJPJt"
"anaelle.tindle@edu.tbz.ch"|"cKZ%MO-LZSl%6-8njqiM"
"ye.frears@edu.tbz.ch"|"1HQrXk-BsZ%gQ-e77j4U"
"andree.ovid@edu.tbz.ch"|"TbDWgx-rsW7vh-U@hTsQ"
"hakan.peat@edu.tbz.ch"|"prARqz-6J$dNd-vJA2uP"
"andre.januszewski@edu.tbz.ch"|"mC$7yZ-XgZoQ$-S7mKQq"
"annotes.clemmett@edu.tbz.ch"|"wtHGKP-tDZ63R-Pon#R4"
"pal.lambswood@edu.tbz.ch"|"#2Q9Ij-vMvnz&-deS996"
"yao.lenton@edu.tbz.ch"|"zQhavs-&&6XSU-E&&Gux"
"hakan.boyton@edu.tbz.ch"|"LWgZb$-a4D@@#-gxj$31"
"nelie.forsey@edu.tbz.ch"|"Js&1lO-5$jx7L-oOdEKS"
"hakan.horche@edu.tbz.ch"|"@TwcZ$-6CGK$@-zET#H2"
"lorene.sinkings@edu.tbz.ch"|"Pf@wft-NnjFfv-UYTzfM"
"marie-therese.creddon@edu.tbz.ch"|"42O8PX-X51Y@6-RT0fJD"
"berenice.tolworthy@edu.tbz.ch"|"40Ou1$-VZ1wiY-L2iAkE"
"theresa.land@edu.tbz.ch"|"xND@cq-s0ReMh-K7EfzA"
"marie-therese.gianilli@edu.tbz.ch"|"SNxSfq-V4YOb0-lF1qXG"
"meryl.glew@edu.tbz.ch"|"Oca@@V-Y2PCrY-DELQS1"
"adele.debling@edu.tbz.ch"|"p$ukW6-$SOliC-Cn97Uy"
"anae.metzke@edu.tbz.ch"|"FTappi-mlkX3C-f8ypOd"
"gaetane.gooden@edu.tbz.ch"|"i@1Emn-g@e5Ix-#KvnzK"
"laila.bootland@edu.tbz.ch"|"fi7G@3-AxGbBs-EG13ku"
"maite.helsdon@edu.tbz.ch"|"&l%qsu-ZJB9hi-joKt3d"
"andree.malley@edu.tbz.ch"|"pqasib-UZD$oQ-mlbJlL"
"pal.simmens@edu.tbz.ch"|"Oo@Epq-94t@zm-att9YM"
"maelys.nuccitelli@edu.tbz.ch"|"faJ#ZG-Hf3bDi-gqBb0X"
"dafnee.sibary@edu.tbz.ch"|"d@UUM@-uWpkXL-Rscpwu"
"alois.harsnep@edu.tbz.ch"|"XeeVWU-@Gr8uU-zK4nYG"
"marie-helene.lacky@edu.tbz.ch"|"@rFnrC-hr7tzx-K$x5BW"
"mylene.youthed@edu.tbz.ch"|"%LImYa-m7KVD2-J3Zr1d"
"marie-helene.dehmel@edu.tbz.ch"|"BxQ0%R-$WjM9O-#EKNC6"
"angele.batman@edu.tbz.ch"|"qFaI1Z-6$Hu%Y-#sY4EJ"
"melia.younghusband@edu.tbz.ch"|"x3AnxY-v8DCBX-fM20cw"
"eloise.baldi@edu.tbz.ch"|"v#d&$5-Y5Fapy-4$fzmK"
"illustree.dun@edu.tbz.ch"|"HXaeMw-P7atAU-k6QPU&"
"genevieve.late@edu.tbz.ch"|"lkoD9o-xHTK$D-wM%1zt"
"celestine.colville@edu.tbz.ch"|"mwj3b9-GWFaRH-%1fVjy"
"gwenaelle.scarlon@edu.tbz.ch"|"OYUYK@-OCMZhY-4P$7eA"
"regine.boddie@edu.tbz.ch"|"1NeC7q-&fyas1-4686rx"
"creez.gaughan@edu.tbz.ch"|"qEbr6B-BM7xV5-2oeBKK"
"gaia.longford@edu.tbz.ch"|"3cP6mc-N9dJUy-pPW1Zt"
"mailis.buckby@edu.tbz.ch"|"35&exw-MO6yBH-8wx1oa"
"song.parbrook@edu.tbz.ch"|"ztLAfE-mYLyiA-7Rp&i2"
"frederique.heddan@edu.tbz.ch"|"7$n1wU-Ci4zyR-58ccek"
"ake.kirtlan@edu.tbz.ch"|"ovDLdh-Ddlj@5-l#iXp&"
"nelie.runciman@edu.tbz.ch"|"2JyhDz-K4jO2u-OgUyW%"
"mailis.cardnell@edu.tbz.ch"|"Yz32eH-@@Y#T4-RVCFaJ"
"irene.navarro@edu.tbz.ch"|"BT7QTF-ESa8hQ-$Z27HK"
"maite.cough@edu.tbz.ch"|"5E$DSf-Zbo5IJ-Q2cODV"
"anaelle.stocky@edu.tbz.ch"|"qgmYfj-3K%FPV-6Iv@LP"
"methode.moulder@edu.tbz.ch"|"V7KWPy-llOq04-bLQEt3"
"po.stafford@edu.tbz.ch"|"6Dl2T%-CDAYL5-AfuDT4"
"faites.scraggs@edu.tbz.ch"|"2Vaz3%-EfPx8@-FF$u16"
"adelaide.dullard@edu.tbz.ch"|"rVu32r-B9ooUO-onj81K"
"desiree.leonard@edu.tbz.ch"|"6%jVQd-wYWt8K-tIpwpK"
"geraldine.badgers@edu.tbz.ch"|"xVyVmy-f4aHbQ-kCjsbn"
"ruo.masic@edu.tbz.ch"|"xA8sN8-LlMgSL-ri5gcu"
"aurelie.lieber@edu.tbz.ch"|"LNmS$X-BeQnZD-3sTV%Q"
"naelle.balcock@edu.tbz.ch"|"pEtop5-7cGF%t-KrThiF"
"camelia.elger@edu.tbz.ch"|"X63Ry0-RmwNIl-ggbdfx"
"publicite.oakeshott@edu.tbz.ch"|"CLDoGw-Gj3P%r-fs&Get"
"cleopatre.fawley@edu.tbz.ch"|"7gOOgG-YPiOtu-LksUg6"
"laurene.bruckmann@edu.tbz.ch"|"J5VEI5-0D%xf6-23LiqR"
"rui.haughton@edu.tbz.ch"|"5rnohZ-yBeno3-RPZ8oF"
"asa.ladewig@edu.tbz.ch"|"$bREH2-gviN0A-eetPpf"
"gisele.janecek@edu.tbz.ch"|"aTznCc-OAFKS&-STULqT"
"maily.loveridge@edu.tbz.ch"|"84blgY-sOLFra-LedCD#"
"marie-eve.yurkiewicz@edu.tbz.ch"|"aV3QoY-KfL80G-7dA#Vp"
"fei.roder@edu.tbz.ch"|"@2WeRR-ml8u#A-bgKwRz"
"edmee.chatburn@edu.tbz.ch"|"REdDwW-nXeaOi-wFQfAF"
"geraldine.darke@edu.tbz.ch"|"gp8xTU-nkA4Bd-#LbkHW"
"ye.jira@edu.tbz.ch"|"WAAjEq-IsUVz7-46K7qe"
"publicite.persent@edu.tbz.ch"|"lhACS5-3o8v3P-4I6z8s"
"severine.wilcox@edu.tbz.ch"|"cJEPhG-KhxXcX-9AqpO1"
"yao.mcclaren@edu.tbz.ch"|"ZReT4t-CrURyE-fr#49G"
"theresa.foynes@edu.tbz.ch"|"ppYiod-$vpSwK-ld&OnV"
"stephanie.isley@edu.tbz.ch"|"X4kCf9-6$xEbD-6Oyz2E"
"torbjoern.growy@edu.tbz.ch"|"jUujcx-oMQT69-Lo7OdG"
"eloise.tunnadine@edu.tbz.ch"|"aCDgV@-P4z4s%-putMz9"
"maeline.cossentine@edu.tbz.ch"|"V2RSTQ-5biOpf-x8IQr2"
"nelie.desantos@edu.tbz.ch"|"xOWG2x-4HSjn8-Ge4wyu"
"gaetane.axston@edu.tbz.ch"|"Uim1SU-k%V8ox-DxoU%l"
"aimee.merman@edu.tbz.ch"|"0UfGL5-FNmCs7-UjQmrP"
"oerjan.drivers@edu.tbz.ch"|"qX@1ht-yS2dwe-H%XHN0"
"aimee.miroy@edu.tbz.ch"|"w@FR7G-KEx6Bw-nMjQy&"
"nelie.glyde@edu.tbz.ch"|"zKHBhT-j6sJL2-Uy6w72"
"hakan.kapelhof@edu.tbz.ch"|"eGwETs-t&bIwc-ZH3C&b"
"maelyss.cauley@edu.tbz.ch"|"U3FgXy-D#wqW#-dRX$V2"
"elea.vaggs@edu.tbz.ch"|"timwOT-hfhtZ3-SV@EpT"
"maelys.but@edu.tbz.ch"|"#26tXU-E$YKQ8-7HUiI&"
"maella.arthurs@edu.tbz.ch"|"T#ZUJy-iUM@&7-wODOrK"
"adele.liebrecht@edu.tbz.ch"|"dWbcN2-yK4gFJ-L4&&03"
"meline.lomasny@edu.tbz.ch"|"cYMtsE-988Tod-coUiPi"
"mediamass.schwant@edu.tbz.ch"|"CNCsn3-b@hg#a-&#Exu&"
"leone.saunt@edu.tbz.ch"|"0EvZ0y-Ak$ECs-JBCJ3I"
"annotes.gouch@edu.tbz.ch"|"J0C&v8-7vZAlY-rY%JvS"
"gaetane.bowich@edu.tbz.ch"|"zhqCx5-xj4D#X-xKnQdE"
"alizee.strelitzki@edu.tbz.ch"|"GFqGXP-sZnrmA-k1BnQ0"
"leone.poile@edu.tbz.ch"|"I8vS88-3b4F$d-bP5Sha"
"amelie.saban@edu.tbz.ch"|"CQVsDj-DDMve@-cO%tSS"
"marten.mcmenamin@edu.tbz.ch"|"iMvi$Q-cGpQKX-Fl@0Na"
"becassine.keets@edu.tbz.ch"|"eAJMgH-t2nSF4-iDstFM"
"celine.million@edu.tbz.ch"|"fh$sOQ-2FfKKt-HV#YMm"
"geraldine.belitz@edu.tbz.ch"|"dE6pHf-KYmX0$-1WQQMy"
"salome.mardling@edu.tbz.ch"|"RqO%d%-bCxYNO-X2vqFk"
"melia.blakemore@edu.tbz.ch"|"jNugBm-T@1Ol%-jF5zNx"
"dafnee.mcaulay@edu.tbz.ch"|"vV8kAp-$8S%0p-SuIrHf"
"garcon.dennett@edu.tbz.ch"|"Njzlox-VPLIHh-QlvxV1"
"interessant.lesor@edu.tbz.ch"|"dwDpsr-2Tr#&Q-3lxZZZ"
"annotee.wasbrough@edu.tbz.ch"|"Oq3vVf-pHLjVP-4W7oxT"
"asa.ibbeson@edu.tbz.ch"|"surAsb-v&@0Na-Ug7NPE"
"maily.kennealy@edu.tbz.ch"|"5mGr2i-Lgv7mR-$xZSZh"
"ye.seares@edu.tbz.ch"|"xUh5P8-h0weXD-xDocyl"
"athena.harbron@edu.tbz.ch"|"GuCvYS-%uiqmG-m2wxmI"
"andreanne.portail@edu.tbz.ch"|"c#boGN-8Bl&FK-ICAcYD"
"goeran.zannelli@edu.tbz.ch"|"Sv#2Xn-7JfcJd-WrtfUH"
"gerald.leathlay@edu.tbz.ch"|"znuoI5-CM6#%c-1Eph#m"
"andreanne.chown@edu.tbz.ch"|"ihJjvi-hY&Vl8-FalfR3"
"esteve.clementel@edu.tbz.ch"|"RRP@8h-1$Eoom-u@AJTx"
"leone.legan@edu.tbz.ch"|"ITLO39-WEkXPg-yP#tbG"
"maena.pownall@edu.tbz.ch"|"&L2G7F-h78%3X-qQlpaS"
"andree.rettie@edu.tbz.ch"|"m%BELW-aD4Qvc-&#MXOw"
"ines.kenwrick@edu.tbz.ch"|"prJ759-%A8fG6-$Qie2V"
"marie-helene.yarnall@edu.tbz.ch"|"%@5Q4j-rPSCSk-Ye4YLm"
"po.martin@edu.tbz.ch"|"gQ@pX3-#ca60S-OdFXNo"
"ruo.celiz@edu.tbz.ch"|"Fkydl%-cRqvr9-FQrikj"
"po.bissett@edu.tbz.ch"|"OYd3Fm-%R$Pwj-XBQPQX"
"du.swindon@edu.tbz.ch"|"@oBxrd-ChTrL7-kXNe&w"
"interessant.gouldthorp@edu.tbz.ch"|"TVJ9cl-GSWDX9-dE2liU"
"leandre.lilburn@edu.tbz.ch"|"JJ7z1I-t20h&c-4hECFv"
"bjoern.whales@edu.tbz.ch"|"JG04tV-XFW36#-yuBzrb"
"interessant.dieton@edu.tbz.ch"|"WwZjRL-OnMa$S-gCicWq"
"celestine.redhills@edu.tbz.ch"|"o1oNKW-6rL$My-m&yiF7"
"tan.yakovlev@edu.tbz.ch"|"YhdoDe-brX4Eb-A6zsWV"
"regine.mcdowell@edu.tbz.ch"|"9LpuMP-U0Y&Bc-m0s5Bq"
"ju.coysh@edu.tbz.ch"|"%WbX2n-SCV4SG-hvDOtM"
"reserves.ofallon@edu.tbz.ch"|"nwcqAd-2PYuZW-MWhxMA"
"frederique.sobey@edu.tbz.ch"|"#6MOVa-MtDB$b-yAX2WY"
"marie-eve.garstang@edu.tbz.ch"|"s7Zedx-U4fB9m-%XHaEV"
"andre.tapin@edu.tbz.ch"|"#wQmlm-$Ah9b$-I3fPFN"
"esbjoern.eynon@edu.tbz.ch"|"Lcp@Ic-t10M#n-ptq4ff"
"maella.duffy@edu.tbz.ch"|"fJH&yJ-l9cPSS-uHWtOK"
"leandre.twinning@edu.tbz.ch"|"sYKl3F-1ocB3@-IMleM$"
"mai.whittingham@edu.tbz.ch"|"%XMwFU-ymC4H$-ky@TVq"
"rachele.shevelin@edu.tbz.ch"|"&aB@m4-IpTzRA-p9A1@s"
"cecile.mcure@edu.tbz.ch"|"bbrgdB-y#UeN5-1#H@7W"
"marie-eve.yurkevich@edu.tbz.ch"|"tTOoYc-sd#bjo-DZNh21"
"almerinda.paice@edu.tbz.ch"|"4j$#ee-$$r%uS-wgxu&q"
"rao.howkins@edu.tbz.ch"|"K5W@PQ-CjGBIZ-$4JadV"
"serena.pack@edu.tbz.ch"|"b3LWj$-5j#3#O-o7ikz@"
"rebecca.mant@edu.tbz.ch"|"8yDfpz-0l6$KG-g$9#dh"
"reserves.spitell@edu.tbz.ch"|"wpRnrX-T3YjeO-RFMwj4"
"garcon.hamfleet@edu.tbz.ch"|"lPaini-e8aAs2-0pIL2u"
"methode.kerkham@edu.tbz.ch"|"Lpq66p-@TnLB0-cNNB0O"
"pelagie.camies@edu.tbz.ch"|"Hd2yYh-D2%sgu-hvBOey"
"josephine.macpharlain@edu.tbz.ch"|"4N&cMV-a1qKvE-Dwt3QM"
"eugenie.mathet@edu.tbz.ch"|"zYyhJr-Gi1e%l-RKIvwj"
"gaetane.brangan@edu.tbz.ch"|"i2sUER-zQcCbn-NtEa$F"
"michele.dewbury@edu.tbz.ch"|"OdQwf$-0BJeHw-qhte2@"
"eugenie.elcott@edu.tbz.ch"|"w4nSAa-H9Owxp-#848oT"
"megane.harniman@edu.tbz.ch"|"@0%ZAk-Vmw1ae-dI5CBM"
"agnes.cluney@edu.tbz.ch"|"QgLs@u-vLNudr-Antirx"
"marie-helene.angear@edu.tbz.ch"|"DjHQA9-5##31Y-KjyYPJ"
"melia.dolphin@edu.tbz.ch"|"Y&9fzv-@p%WWG-KIldtJ"
"lois.ruseworth@edu.tbz.ch"|"u4FvV8-qf@In1-EIxfXB"
"mailys.ryding@edu.tbz.ch"|"D1usGa-&q7CfT-vSQ@H#"
"rachele.wulfinger@edu.tbz.ch"|"jLc$dV-voRfzN-gU72f@"
"gwenaelle.talton@edu.tbz.ch"|"A%&gN1-WLu$#n-H8qOTU"
"long.ronchetti@edu.tbz.ch"|"N3H7yV-nawxyN-iEOjPQ"
"styrbjoern.kloska@edu.tbz.ch"|"YBlrMQ-pqDYLs-NSLnmN"
"len.sudran@edu.tbz.ch"|"y%J3CZ-6&oaXY-qM%cvA"
"maelle.andrysek@edu.tbz.ch"|"CZRcHH-F0wuyu-3diMos"
"selene.senior@edu.tbz.ch"|"qhmp81-3cu@yu-buGLJl"
"anais.joskovitch@edu.tbz.ch"|"JJxo9E-Sucmw6-YsgWUh"
"marie-noel.dally@edu.tbz.ch"|"ouSO59-BMZTIj-F2e52y"
"marie-helene.laurence@edu.tbz.ch"|"CPRtls-la9UV8-B714jj"
"camelia.foxon@edu.tbz.ch"|"9H%zB@-0OM%v%-N@2zFn"
"helene.cankett@edu.tbz.ch"|"LUqPar-aICR61-QRxkKr"
"marten.mitchelson@edu.tbz.ch"|"aXbGvt-7CfaKp-fles9$"
"helena.stirtle@edu.tbz.ch"|"ywBP0#-Y8wB9K-lrCZqG"
"leane.barmby@edu.tbz.ch"|"c2JOtk-$57lm&-toJTje"
"goeran.ofinan@edu.tbz.ch"|"Y8qW8D-aZHUPE-SHkjX8"
"styrbjoern.proby@edu.tbz.ch"|"ieyM56-uDy@$r-%l#n&K"
"zoe.halse@edu.tbz.ch"|"g1PDq$-XGNM4m-wx#G%c"
"kui.drable@edu.tbz.ch"|"zZ2co4-qHhxmU-f@zSVH"
"desiree.bamford@edu.tbz.ch"|"3bImiU-1y3mTA-LW5p1Y"
"zoe.suller@edu.tbz.ch"|"ju@Njg-1&691v-fVD98b"
"marylene.audiss@edu.tbz.ch"|"5bTKVx-nLxv8P-lco5td"
"adelaide.poznanski@edu.tbz.ch"|"Nxp%9G-YEUQ#r-Sd5X#G"
"maella.coleyshaw@edu.tbz.ch"|"2S67NJ-sTqAOe-MX3O@y"
"marie-francoise.gelder@edu.tbz.ch"|"6nrd&0-NpzJRW-@hLaQz"
"eleonore.chaffyn@edu.tbz.ch"|"BXerf3-6owMub-YJQXa3"
"celestine.sikorsky@edu.tbz.ch"|"SOi&2q-bR02Ms-ybEQ&Q"
"stevina.londsdale@edu.tbz.ch"|"PU4j$m-&lZnIe-U2LvkX"
"maiwenn.nevitt@edu.tbz.ch"|"z0t5MS-rgZz&7-A%8geG"
"magdalene.gerrey@edu.tbz.ch"|"g@4Ygq-cHyJa&-mJtCwv"
"becassine.latimer@edu.tbz.ch"|"1HJJcG-57MB6P-pTRngq"
"da.lethibridge@edu.tbz.ch"|"g&JQ7L-kAZ7dl-pucatV"
"mailys.claige@edu.tbz.ch"|"u6x&Uf-0Nt51o-pJoiAx"
"maena.torbard@edu.tbz.ch"|"bBhmxf-eGtPK$-SZSP49"
"solene.lyvon@edu.tbz.ch"|"SEx2Fd-d#bkLf-VM6KPj"
"marie-therese.benbrick@edu.tbz.ch"|"4PQfRP-o7E%@R-rhMlpC"
"gerald.edmonson@edu.tbz.ch"|"9OfFb#-t@Df@Y-LWG3MN"
"ake.messruther@edu.tbz.ch"|"4zjEv1-M0Advy-@0SHow"
"men.gosneye@edu.tbz.ch"|"vdYtgX-tCYY50-lDPKN#"
"anais.jefferys@edu.tbz.ch"|"KhjAk1-rOTjpl-222%jQ"
"publicite.tregale@edu.tbz.ch"|"Z9ZsPL-tyDvOF-G2R&Bg"
"maily.santorini@edu.tbz.ch"|"GHO%84-E#YrF7-xujvTU"
"ines.pioch@edu.tbz.ch"|"2sNkaY-R@xQRX-t1brUr"
"noemie.marklew@edu.tbz.ch"|"&8g7dW-jvgpDG-R6vjJj"
"meghane.maccaffrey@edu.tbz.ch"|"OJDLz%-nDxJ5B-2gLB1&"
"berangere.ambrogio@edu.tbz.ch"|"gfgwLA-5x2Rj4-aDr320"
"mediamass.ryce@edu.tbz.ch"|"jXbujK-G4cssk-$Pj2Q2"
"oesten.ubank@edu.tbz.ch"|"RCxAgY-%C55MI-MxDjcf"
"melina.mackee@edu.tbz.ch"|"9uNLPh-HyTtDs-hz@0wP"
"theresa.livezey@edu.tbz.ch"|"SVxBH7-$VR150-%uZKnx"
"clemence.weal@edu.tbz.ch"|"4itiZd-hSA4xJ-YGL&$I"
"faites.overton@edu.tbz.ch"|"TUMxTR-RUxKx9-ybNY$&"
"clea.lindblad@edu.tbz.ch"|"pLQloQ-fZat4x-4X&rBy"
"josephine.roseaman@edu.tbz.ch"|"FyPSZO-1ULy$P-5ewiby"
"oesten.lowbridge@edu.tbz.ch"|"1x&GM6-lAP4DF-iZM0KF"
"marie-josee.brion@edu.tbz.ch"|"SxfMQC-dKNuwD-QSIWRX"
"therese.basili@edu.tbz.ch"|"ww2AZ%-$Gf7KN-IF$Acz"
"melia.vertigan@edu.tbz.ch"|"s0Gp%K-$l%QOT-8#uI6X"
"judicael.saull@edu.tbz.ch"|"Ts06bC-Tp9kfj-wKi2t0"
"selene.valentine@edu.tbz.ch"|"g0ZrdE-LNHmSy-7$To$#"
"verane.dunlap@edu.tbz.ch"|"#vehIV-c21zM4-T5@okD"
"meline.kinnear@edu.tbz.ch"|"qiPX$f-ZR9@Nx-ShQ%WX"
"lei.luttgert@edu.tbz.ch"|"0OaRnS-lfdK1A-dhgdn3"
"styrbjoern.lathleiffure@edu.tbz.ch"|"8aXUhT-JT6P7a-l60wpJ"
"marlene.blasi@edu.tbz.ch"|"ALiFJE-yHel59-nUzMNc"
"mai.begwell@edu.tbz.ch"|"oACApF-@ax&N3-NeU7yV"
"gwenaelle.kaines@edu.tbz.ch"|"3Wr1h0-DHqCdK-ZOx7#0"
"gerald.adamthwaite@edu.tbz.ch"|"7x81uz-g@7ccv-1PdhLi"
"kui.hartfield@edu.tbz.ch"|"Onkbbd-$e@4PM-mC23$D"
"salome.currao@edu.tbz.ch"|"sxwajv-6nsb4@-gUqUJI"
"angelique.tixier@edu.tbz.ch"|"J3EVM4-WvXfTl-@bF&ON"
"ju.mcgragh@edu.tbz.ch"|"8Pr#Jp-kehD%O-TmARON"
"dafnee.beachem@edu.tbz.ch"|"xyIEej-4hQ06l-$xadoe"
"creez.terlinden@edu.tbz.ch"|"RHUNcs-epQq5$-faNgh1"
"uo.mcskeagan@edu.tbz.ch"|"cahyOg-nBKBZP-JGhTcV"
"edmee.mccaughren@edu.tbz.ch"|"0j9PKP-62vMa#-PZhgDq"
"asloeg.cozby@edu.tbz.ch"|"x7Oe2l-ccI%BB-5KVn61"
"melodie.traite@edu.tbz.ch"|"iBt8yf-yAqRVK-$Kj1NA"
"dorothee.aindriu@edu.tbz.ch"|"Z#6%Pm-#2XPQ%-4Dqhfb"
"daniele.doley@edu.tbz.ch"|"$5Cvdp-36zO$H-pn6BQH"
"mediamass.fairclough@edu.tbz.ch"|"R@%SUU-4MRajB-j#1HFE"
"lorene.rainforth@edu.tbz.ch"|"mqg9UR-j0FytD-@p%taP"
"leonore.eyer@edu.tbz.ch"|"@atnSr-OHUg8S-&SbzU7"
"po.spillman@edu.tbz.ch"|"QSMUFe-D8wpGp-bbHe52"
"cecilia.plitz@edu.tbz.ch"|"J3M#V4-1A6vnN-Kfl1Gj"
"lorene.ludlow@edu.tbz.ch"|"eql1tZ-spZtdV-TWmluw"
"berangere.neligan@edu.tbz.ch"|"QO9jKU-P0%EEK-9TO9NZ"
"simplifies.huggan@edu.tbz.ch"|"IMv8wS-O4MmN6-l@Zeyh"
"clelia.prandy@edu.tbz.ch"|"Ka3qEQ-n6UkB0-m0qAZd"
"ake.osban@edu.tbz.ch"|"HYwgdw-5uDhF@-P%SGyO"
"cunegonde.brunn@edu.tbz.ch"|"IG@AK%-h6hqzT-g@%4wj"
"long.grizard@edu.tbz.ch"|"lT9QJl-PJCj3H-@9z0EF"
"meghane.diss@edu.tbz.ch"|"Cd6xNJ-o$cUKg-ioi3OT"
"therese.oldman@edu.tbz.ch"|"6Tmr4X-KhUvWr-qB2dH8"
"boerje.scamerdine@edu.tbz.ch"|"9jyato-ZaPXi6-kG4ykU"
"du.saban@edu.tbz.ch"|"1fdNyz-HfOxY9-zbfMJn"
"hakan.clynmans@edu.tbz.ch"|"czudrb-@$9uiu-UZxhTf"
"wa.macdowal@edu.tbz.ch"|"FqN0Ra-bFN$Pe-LPLJgM"
"venus.hatrey@edu.tbz.ch"|"q#5zdq-9AXPRW-j$MG2I"
"anaelle.vispo@edu.tbz.ch"|"oBMtGx-vE4tS7-tbGGsw"
"mahelie.ollcott@edu.tbz.ch"|"%641XT-O4Or@B-SJmJcj"
"mediamass.whyman@edu.tbz.ch"|"X2l6hG-eTfe3Q-soqwx6"
"esbjoern.basson@edu.tbz.ch"|"frqq3F-PCJ97E-npGsm$"
"andrea.morrill@edu.tbz.ch"|"%mxc3E-3Tarqs-RCUCvY"
"melys.grassi@edu.tbz.ch"|"$7$BB&-1%0TWi-Gst6pX"
"leone.poleye@edu.tbz.ch"|"axVZZ%-VPANvx-4@ovPR"
"francoise.penny@edu.tbz.ch"|"CAP4JG-Sxfhq3-cJ7BWO"
"rebecca.edney@edu.tbz.ch"|"QiUhxR-qERqpj-4Lz0T9"
"adelaide.murtagh@edu.tbz.ch"|"ZlY2Dl-k7#gH2-ECsn@K"
"stevina.winterbourne@edu.tbz.ch"|"G3H#pz-NYkzIf-PH66$E"
"ma.cottom@edu.tbz.ch"|"0KJ9mC-YRN1NK-zUEGEI"
"tan.harold@edu.tbz.ch"|"75aVTI-aA14Cy-wS&R0t"
"venus.forte@edu.tbz.ch"|"bh$QeU-5SjTa&-cWI@WJ"
"almerinda.oluney@edu.tbz.ch"|"mNnH3d-YWkN4P-@TkE%O"
"cleopatre.brehault@edu.tbz.ch"|"rWyPXm-joQqph-ckrK$s"
"interessant.lapides@edu.tbz.ch"|"oLc9E@-YQTPo0-&wTk3X"
"reserves.hallatt@edu.tbz.ch"|"HWqb@o-Wj$y7R-LgkuOt"
"annotes.birdwhistle@edu.tbz.ch"|"N6$POx-CgMyuu-qXUr4I"
"ai.dredge@edu.tbz.ch"|"Yy%UlL-IHzizs-F7EVDN"
"megane.mussard@edu.tbz.ch"|"%Z#xdl-mH47ix-AydaA$"
"esbjoern.gowrich@edu.tbz.ch"|"7G5LU@-NtAbeB-kpqIsM"
"boerje.brislawn@edu.tbz.ch"|"NXK#n2-VgKnrd-AFzxaI"
"becassine.wilce@edu.tbz.ch"|"MTevnv-Z3LQ5C-1cBKZY"
"personnalisee.oels@edu.tbz.ch"|"g$4jNL-9Pn3gf-b%6Q58"
"verane.pett@edu.tbz.ch"|"HT&YD#-sAAYha-a1ZDjP"
"marylene.glewe@edu.tbz.ch"|"oI&zlm-6LAl0h-%2YauI"
"lai.elson@edu.tbz.ch"|"rHjOBs-v$wYdl-&7WJ6X"
"serena.difranceschi@edu.tbz.ch"|"FBuTGQ-XkgJbg-VwYvbU"
"lie.espinel@edu.tbz.ch"|"2MtvrI-&jZ0Yd-qv%Cot"
"marylene.fantini@edu.tbz.ch"|"dLEudU-oh&YN9-th57fs"
"andre.archdeckne@edu.tbz.ch"|"%E8OAY-obabzh-#oqI5k"
"goeran.bohlingolsen@edu.tbz.ch"|"7Iq%Z0-hv@dTC-jXGp7E"
"cunegonde.heffer@edu.tbz.ch"|"w%8jPy-EfjwmT-QFMZu9"
"tan.fechnie@edu.tbz.ch"|"uPzZsU-okpD3#-NH$Urx"
"marie-noel.brammar@edu.tbz.ch"|"6OOJ6g-UbnT@T-6t6Nv7"
"simplifies.aven@edu.tbz.ch"|"&UBqa6-AxCxWF-2r3j15"
"melys.pinchen@edu.tbz.ch"|"uFguEH-yWwXbG-aXw$Q4"
"edmee.joyner@edu.tbz.ch"|"z92LGa-1S21lC-xxa4Hj"
"berengere.edess@edu.tbz.ch"|"4@nmFa-CXtGdF-&Ofm44"
"marie-noel.goward@edu.tbz.ch"|"jbHyTw-H@EI4n-5r#1nX"
"ju.edmons@edu.tbz.ch"|"JdOa2b-97ykqK-uIfqDV"
"frederique.airds@edu.tbz.ch"|"gv2Cxk-8kyW2z-W07&ee"
"reserves.dauby@edu.tbz.ch"|"Qq6glN-A9g6sC-Qtg1wp"
"hakan.gynni@edu.tbz.ch"|"J@fPX6-g@xqhy-mb#Pui"
"leonore.pinwill@edu.tbz.ch"|"nhdJCw-8mCqsM-F7dB4C"
"marie-eve.mcallan@edu.tbz.ch"|"iwgN7u-Q1AydG-SBJO24"
"naelle.yeabsley@edu.tbz.ch"|"DX2x3&-M0ZAEL-2GAbVB"
"nelie.jacobovitz@edu.tbz.ch"|"Zwjlhj-O1cfTY-Q3li92"
"adele.conelly@edu.tbz.ch"|"W2qZZV-TNC6ni-O3dbmM"
"clementine.dondon@edu.tbz.ch"|"qcs9RH-Wn2ze&-L&Jc6w"
"zhi.willcot@edu.tbz.ch"|"7$OeBs-aFrw&v-W62Muw"
"chloe.janicki@edu.tbz.ch"|"6a7R9N-57Jf8E-9Ll%EA"
"meng.linde@edu.tbz.ch"|"D%Wu7x-cdSxZ3-AD9yiu"
"celine.janisson@edu.tbz.ch"|"Pa2lOV-Ahp4xZ-Kl7wYZ"
"clelia.crow@edu.tbz.ch"|"ur5hhi-JW63lg-YPF3U6"
"cecile.pyott@edu.tbz.ch"|"VxYK@j-Dc8xjW-gQsQrx"
"ma.fidelus@edu.tbz.ch"|"Dw&Url-Je#YLi-Qkdh85"
"marie-helene.poore@edu.tbz.ch"|"iw9y0#-5SFCo8-c9IKHO"
"elies.blanket@edu.tbz.ch"|"F%rP8b-SL#&wS-48Zj7z"
"yu.boyer@edu.tbz.ch"|"$FGZ1y-gGp944-0x7%ct"
"celia.welds@edu.tbz.ch"|"hMlZ5X-YFPbYt-KUNWPk"
"du.gunney@edu.tbz.ch"|"lT#$mq-KkKid$-vt@M3B"
"goerel.crush@edu.tbz.ch"|"58$9M$-1WuLsF-r2uzW4"
"marie-josee.brosius@edu.tbz.ch"|"rspGLk-Nm801K-d3aIAN"
"camelia.adds@edu.tbz.ch"|"5PPJha-qN6CDb-I@B2N9"
"anae.irwin@edu.tbz.ch"|"GochoG-Pa@GuV-EIKTHv"
"cleopatre.skeffington@edu.tbz.ch"|"wNOZLR-YUpi0Z-mcxcwz"
"gerald.suggate@edu.tbz.ch"|"earKHf-Ers5ud-hu71&g"
"laurene.tailour@edu.tbz.ch"|"c&9@MY-9Gz71j-ZDXQ&Z"
"amelie.hoble@edu.tbz.ch"|"zvr5Nd-nWt@xE-4cefkn"
"venus.getch@edu.tbz.ch"|"ar%Xja-cjHYbt-N3L1oM"
"renee.treby@edu.tbz.ch"|"f&VSyb-LA%zx@-akqmL#"
"almerinda.stait@edu.tbz.ch"|"OouN7A-I%7ibG-bA5ka2"
"andree.reddecliffe@edu.tbz.ch"|"wgbBxo-2XMBI&-3HoRqh"
"leone.wintle@edu.tbz.ch"|"XjATUu-QcwnUs-n6$xkL"
"gerald.fellow@edu.tbz.ch"|"VCi1cu-kjCa3J-XGTstu"
"ju.gudger@edu.tbz.ch"|"h@Bdw2-dEHqEZ-uF4kSM"
"meng.ohaire@edu.tbz.ch"|"cb5UxG-T4VIvX-EiJr2t"
"cleopatre.missington@edu.tbz.ch"|"puZn5B-U$ppd8-6olcRQ"
"annotes.debruyn@edu.tbz.ch"|"7i$Wzu-GgZhq#-1dZzE@"
"gerald.sinisbury@edu.tbz.ch"|"%OaFpi-xvRTN6-MFAudg"
"creez.slora@edu.tbz.ch"|"bOnX9S-EMZNF3-a4DBnp"
"gisele.benbow@edu.tbz.ch"|"wSiOOV-TQ%9ee-1LiBrV"
"pal.dossit@edu.tbz.ch"|"sOvOCy-whnHXZ-T5h#0S"
"nelie.stirrip@edu.tbz.ch"|"HKNaqz-w&VWUT-1beeF$"
"alois.ocrigane@edu.tbz.ch"|"K5ea3n-gVsFLl-KU33je"
"kui.mcterry@edu.tbz.ch"|"JVOv$X-X3DqGC-xODQ01"
"long.willgoss@edu.tbz.ch"|"f4uT5a-FdiqdR-FF8ti%"
"francoise.sumpner@edu.tbz.ch"|"Wt3F14-tPnInA-xY8ef%"
"maely.grinstead@edu.tbz.ch"|"YkjTim-L3KH8o-&ZSHNh"
"creez.langeren@edu.tbz.ch"|"xO4vbG-NU1pRl-ehrMGT"
"adele.dungate@edu.tbz.ch"|"o4Uukk-OW&NAL-5sMy&k"
"cleopatre.noirel@edu.tbz.ch"|"nPzhnV-AQi&pf-$TGpyT"
"interessant.daverin@edu.tbz.ch"|"2znRsY-L&B2rr-&1AG2J"
"naeva.kalderon@edu.tbz.ch"|"zhuhpt-$Wumf@-SGxQrg"
"anais.oshesnan@edu.tbz.ch"|"&bbxMv-XZ7U6I-XFI%Td"
"judicael.anelay@edu.tbz.ch"|"DOAH76-uD2e57-nY6bF6"
"eloise.braxton@edu.tbz.ch"|"dvP8At-LqdPXs-RSJh$w"
"desiree.greguol@edu.tbz.ch"|"tV71Dw-snP#&w-OTGO9H"
"maite.mcclenaghan@edu.tbz.ch"|"IxHXO$-U7%Z1W-vwOtf9"
"meng.doret@edu.tbz.ch"|"dNgE3o-25Zzni-b2@IPe"
"frederique.chippendale@edu.tbz.ch"|"NQU3m&-oXmAUI-E304y$"
"andreanne.lanney@edu.tbz.ch"|"zr9GkV-86bXMF-WiBQcF"
"aurelie.claus@edu.tbz.ch"|"c3waD5-SZtwIC-6cP3QY"
"renee.pabel@edu.tbz.ch"|"Be1qCV-D1Nyp$-2fh9x6"
"maena.roust@edu.tbz.ch"|"YrsPBn-1tLTJ9-&xVbmV"
"nadege.carwithim@edu.tbz.ch"|"gBxfli-dPi@#Z-#8Ghco"
"solene.geyton@edu.tbz.ch"|"oaP4za-ZRt2nL-c5hFg4"
"dafnee.avraham@edu.tbz.ch"|"Thv2Kq-XnKSZI-CLp$LJ"
"leane.woolvin@edu.tbz.ch"|"vd1g7x-ggX1Uc-CdQo96"
"adele.macadie@edu.tbz.ch"|"eS74PO-C$KZIZ-lkmi@r"
"meline.rubica@edu.tbz.ch"|"Orbdk#-9lCkak-wD%e6f"
"marie-noel.speeding@edu.tbz.ch"|"bWQ6oy-Psb$hd-JvVLrP"
"nelie.mix@edu.tbz.ch"|"odbfbH-MZsdoh-@JdXVS"
"clea.ollett@edu.tbz.ch"|"PRKM6F-tGMnsr-Jj0%dj"
"leandre.mcgavin@edu.tbz.ch"|"0X6gl4-gdamU9-vsyiYu"
"cecile.behne@edu.tbz.ch"|"ywIYHC-nTYSpH-RJFsho"
"melanie.polle@edu.tbz.ch"|"xvGBwm-p%tWzA-BG8gqn"
"marie-josee.titmuss@edu.tbz.ch"|"q2PYkG-kXm2ny-TqdO8c"
"helena.guest@edu.tbz.ch"|"dERDH5-IvH9Qo-BOhPgN"
"annotes.chicchetto@edu.tbz.ch"|"3p9Vfh-lVKY38-Ikrr3D"
"melia.tubb@edu.tbz.ch"|"Bwxvs0-kZct#K-K46byC"
"angelique.casetti@edu.tbz.ch"|"K#$Ype-50%Q73-vt#lln"
"cunegonde.cleall@edu.tbz.ch"|"GftODR-QpAntf-oaG#LR"
"camelia.oaker@edu.tbz.ch"|"8bqchJ-RP%xq1-X2G0b&"
"you.searight@edu.tbz.ch"|"sP$9JV-QSbff8-Mf5dzQ"
"kevina.dederick@edu.tbz.ch"|"zLADea-X6SZLw-$8Ap1V"
"milena.jeffrey@edu.tbz.ch"|"E8vMi8-9HP%Ii-ZEffgW"
"melodie.barkshire@edu.tbz.ch"|"1klJrL-fO7b$K-I5Df#d"
"gaelle.kreutzer@edu.tbz.ch"|"Iv3&n3-$yf32L-RpYy5z"
"kalliste.kleinpeltz@edu.tbz.ch"|"nZA&cb-AV9OE6-Y3xN@Z"
"clementine.danat@edu.tbz.ch"|"k02c$2-Z&CDpW-SJydgq"
"andrea.wabb@edu.tbz.ch"|"RjMaxP-ICC1Aq-TvpGLc"
"geraldine.piesold@edu.tbz.ch"|"kG$RRP-6KNEx2-Ihubxw"
"tan.fiveash@edu.tbz.ch"|"qCngdv-LAP4QY-Q8jx#E"
"meline.yuranovev@edu.tbz.ch"|"tAStno-S4OsEW-48W&z1"
"therese.holme@edu.tbz.ch"|"OIza65-jFm95g-1Z0&71"
"salome.vaney@edu.tbz.ch"|"N0U8Ga-N2s#s$-1QOuwp"
"anae.abramson@edu.tbz.ch"|"2Qoaor-bpXNF@-jbvhnK"
"kalliste.jimson@edu.tbz.ch"|"3hCTYz-hdINST-aL0Gui"
"selene.yole@edu.tbz.ch"|"FqRLX6-yLr$VZ-MwBb0b"
"agnes.defraine@edu.tbz.ch"|"neq0ab-aZEG0#-iJq0nJ"
"faites.mccluin@edu.tbz.ch"|"fqlKmY-qEOMU7-Wa0mjR"
"athena.deme@edu.tbz.ch"|"Bv1e3d-$miDoe-Jjpwi&"
"daphnee.brigstock@edu.tbz.ch"|"WQfXZb-itHpqb-E4URbJ"
"goesta.skaif@edu.tbz.ch"|"YYbkCF-xYeETi-badf5#"
"oceane.jagoe@edu.tbz.ch"|"0W43qn-kwQYaA-2XULRx"
"annotes.broomhall@edu.tbz.ch"|"eB2YZk-aaDKhv-qHutvE"
"marie-eve.ballendine@edu.tbz.ch"|"OQh2X1-pTHf3c-ZzQha3"
"melina.spykings@edu.tbz.ch"|"8gCtPR-jyOTPQ-yieudU"
"laurene.ticehurst@edu.tbz.ch"|"E77il6-tYUWV0-3%YIG#"
"fei.avramovic@edu.tbz.ch"|"41Drq@-lwzHtp-sc@M$y"
"publicite.strathearn@edu.tbz.ch"|"KwhSLm-EkpUcR-0Pp1p6"
"torbjoern.garrow@edu.tbz.ch"|"jAdYb8-92tRKs-UWszDd"
"chloe.rubinsztein@edu.tbz.ch"|"aP2LF0-UqYEOY-qLmGCG"
"mylene.demanche@edu.tbz.ch"|"2WknH4-Kx69gY-Z$5wfd"
"mediamass.godlonton@edu.tbz.ch"|"anbz8J-VF%hYR-kSC02n"
"renee.shurrocks@edu.tbz.ch"|"s14j9a-jbBtba-lKcr4e"
"maiwenn.jedras@edu.tbz.ch"|"uQXuqO-$hlwJ&-EHfsEb"
"genevieve.castells@edu.tbz.ch"|"kJQli%-y9gveY-Qi3sT#"
"renee.sneden@edu.tbz.ch"|"T8pyfc-U0f1Cw-9TvH@l"
"lai.mccallion@edu.tbz.ch"|"XO6G&$-&GdL&7-87cVGr"
"kevina.impleton@edu.tbz.ch"|"F7TYPi-hEgmvP-oc3ok9"
"oesten.fresson@edu.tbz.ch"|"I9Fc0o-fCZMYM-UjzBdg"
"verane.shawley@edu.tbz.ch"|"j08txR-Eu6jvN-khmfUW"
"uo.sjostrom@edu.tbz.ch"|"gCNUqA-nNgii5-0fhcIL"
"gisele.gothup@edu.tbz.ch"|"&PVtQL-Y7wZ&i-rt8jkF"
"renee.beauman@edu.tbz.ch"|"G3atTd-FZGMqa-vqNECs"
"elies.loton@edu.tbz.ch"|"0ux%3n-#ngDzo-&Tn4BK"
"valerie.elsmore@edu.tbz.ch"|"QtcxaU-6VZ6XX-yARG0Y"
"berangere.delafeld@edu.tbz.ch"|"CR@HLn-7i2gna-UcUcc4"
"bjoern.schimke@edu.tbz.ch"|"w5s@Ka-V$xxF@-Xw&DPA"
"loic.ericssen@edu.tbz.ch"|"sFyZRa-OMLKAO-CdLLOt"
"creez.richarz@edu.tbz.ch"|"xL0Saf-VC7Wow-GJWK#B"
"athena.grocott@edu.tbz.ch"|"#wNWV5-%fLeQ7-pdCfKs"
"naelle.piotr@edu.tbz.ch"|"KzzC5V-G0K8MU-gV&1Yn"
"maella.paulson@edu.tbz.ch"|"#C%A@H-EVHE6n-%0ZnRo"
"song.perot@edu.tbz.ch"|"epx5M7-89jZpR-A3YpE5"
"kalliste.heckney@edu.tbz.ch"|"T#agkX-E4LTQF-28IUNK"
"ake.vasyutkin@edu.tbz.ch"|"#K#gK8-aiFlIN-iCYXcg"
"ma.castles@edu.tbz.ch"|"B#asAe-DrWr%7-tp%dVh"
"maely.monget@edu.tbz.ch"|"vPWmKE-VW@A6H-8@fUV3"
"tang.durbridge@edu.tbz.ch"|"ttxasD-p&q7%E-MzMibN"
"laurene.andrew@edu.tbz.ch"|"Y8aYOL-6KMYiB-MXMkTw"
"lysea.beacon@edu.tbz.ch"|"U1abFw-PmVLzn-qodVDV"
"leandre.peyntue@edu.tbz.ch"|"Y2nT21-#wSOG%-igCS@D"
"rao.trever@edu.tbz.ch"|"n#0qNz-AcIOXd-m54ka4"
"mahelie.streader@edu.tbz.ch"|"4lBI0O-NC4gar-1%8V6l"
"maerta.andrejevic@edu.tbz.ch"|"TQ1xqt-FEsmtZ-W6d0R4"
"goesta.tompkins@edu.tbz.ch"|"PfmU6C-A7bVaP-&EGgBc"
"helena.agates@edu.tbz.ch"|"WJ%K&d-Mr1$&K-XLbFiE"
"therese.glass@edu.tbz.ch"|"KPcVwV-oCu8EZ-jxH9eD"
"alois.foan@edu.tbz.ch"|"miMw%B-7l%Mpp-EnLEs0"
"becassine.melchior@edu.tbz.ch"|"wJD$hM-P4fnl#-oEZKDf"
"cloe.robart@edu.tbz.ch"|"cyk8pD-%zwrc6-CHYVWi"
"daniele.puckinghorne@edu.tbz.ch"|"nb9&L3-HSWZ%%-e4K76W"
"selene.cammidge@edu.tbz.ch"|"c&zJGX-#ZU1jw-D@%IHN"
"regine.conochie@edu.tbz.ch"|"aJeLsu-iPq7nK-MZmq2U"
"interessant.tuiller@edu.tbz.ch"|"DQm@DO-P4%hpU-aJI186"
"long.tiebe@edu.tbz.ch"|"cREvca-bOAXAY-rsrDhE"
"mans.yele@edu.tbz.ch"|"fJ%QVv-jHnsGn-fP9PSy"
"ai.giles@edu.tbz.ch"|"t4aMx#-6W1PUA-LJQzlG"
"gaetane.hamberston@edu.tbz.ch"|"WKQZnU-VzmcMr-@sGBwZ"
"marylene.fenix@edu.tbz.ch"|"dvlJEd-LHf%$x-8V14Hy"
"geraldine.graeme@edu.tbz.ch"|"%%UVkI-6OTlHt-&sLD8c"
"tang.kinglake@edu.tbz.ch"|"s$D7IH-V1lbCy-ERFpA7"
"lai.challoner@edu.tbz.ch"|"wHcil#-J9HJom-LDzUb5"
"desiree.mattei@edu.tbz.ch"|"ovszL#-4jUlwu-M0t200"
"ake.erley@edu.tbz.ch"|"flYZzX-29xfFx-WFwPme"
"edmee.cavil@edu.tbz.ch"|"I9&aVg-WkXy1@-aCsF6I"
"alois.moyes@edu.tbz.ch"|"iKvC8c-5Jl%p@-&cD8eV"
"becassine.pitman@edu.tbz.ch"|"P8jthq-ClFxYN-EyEgU7"
"ai.giacovelli@edu.tbz.ch"|"vp4NLG-#hnO#F-QaWYkW"
"judicael.fruchter@edu.tbz.ch"|"VNKkaW-Ru9DKw-5Ff06r"
"mans.mogg@edu.tbz.ch"|"2I9dxi-xN3tAW-gDSBiq"
"gerald.foyle@edu.tbz.ch"|"fn$Mas-20Bxr8-x#AKul"
"wa.androletti@edu.tbz.ch"|"hT55Th-0LWBjk-NDsxlf"
"meng.ollett@edu.tbz.ch"|"vn&ETy-m$tN62-MR82eo"
"naelle.macmenamy@edu.tbz.ch"|"WDHKOu-F%KJ$h-S%IkSQ"
"gisele.mcramsey@edu.tbz.ch"|"2Op#ac-Eic4b5-kom39j"
"meryl.scolts@edu.tbz.ch"|"bmMXq@-NEJ43G-WOjy4H"
"celia.bloxsome@edu.tbz.ch"|"@KRK%k-Fjqh08-3NavvX"
"styrbjoern.stuke@edu.tbz.ch"|"T$i3QB-gKTcAk-g%U0a6"
"felicie.gwilliam@edu.tbz.ch"|"zjMJiz-5pifDT-dW29n7"
"da.harms@edu.tbz.ch"|"mtl8o$-pJ8gKH-01IkdG"
"celestine.baulk@edu.tbz.ch"|"OrrvRv-keqjEJ-utp5pX"
"mahelie.blackledge@edu.tbz.ch"|"PdVKap-$Jk&L0-scTgU4"
"meghane.salt@edu.tbz.ch"|"PZHUhW-&vP&tT-6jJ5bV"
"methode.paxeford@edu.tbz.ch"|"EWy@A2-&jxj1m-BjCYou"
"asloeg.milligan@edu.tbz.ch"|"dqzdM@-e7NHw@-neY%4V"
"you.pellman@edu.tbz.ch"|"UqlOqB-&2F40h-4yQllJ"
"loic.regenhardt@edu.tbz.ch"|"L@6Ay8-VH0K5j-pMNUTd"
"daniele.savill@edu.tbz.ch"|"s4Bd20-k#e4du-%cbUkQ"
"alois.cornu@edu.tbz.ch"|"GluQeF-c29ag7-TixFCY"
"oesten.govey@edu.tbz.ch"|"nsh5e$-YXfEw$-HW90rg"
"marie-eve.louch@edu.tbz.ch"|"eS2UPk-0CkE&4-mHwTQV"
"theresa.wenn@edu.tbz.ch"|"o2GMlV-5ga9yf-jqvshW"
"andree.eul@edu.tbz.ch"|"tzSMTY-YFwVpm-8FhyDv"
"lie.paynton@edu.tbz.ch"|"nt6hkZ-drH8zb-$KBkwg"
"marie-eve.girodier@edu.tbz.ch"|"@@oe6z-iDWsd7-jZxHo&"
"marie-noel.smithe@edu.tbz.ch"|"ONqCVH-ZPgP@L-8bbx8C"
"men.bootyman@edu.tbz.ch"|"AWcsoK-iyeipR-LrPWrl"
"ku.sugg@edu.tbz.ch"|"NjGaD4-JUlhfg-xmCubx"
"lucrece.roseman@edu.tbz.ch"|"T@lyaV-qbiATW-U$Rvl7"
"zoe.annear@edu.tbz.ch"|"BTDnHJ-0Zqs&R-yYl7QE"
"marie-helene.rennebach@edu.tbz.ch"|"e3WJU9-H4FEoc-t0qEMf"
"lea.djurdjevic@edu.tbz.ch"|"6Fb0Sa-b%PgS2-PPbaU0"
"goerel.robert@edu.tbz.ch"|"sI8ZN0-wUVMng-D%hyzf"
"mylene.foldes@edu.tbz.ch"|"TQOYip-v2IENW-9UjZ5I"
"faites.clegg@edu.tbz.ch"|"75s9v8-#D12WU-4lJkm$"
"marylene.crowcher@edu.tbz.ch"|"T1dyEg-4Sfqy$-dYb3Vj"
"aimee.wimpeney@edu.tbz.ch"|"xV#G%O-R4KOSw-2w31cN"
"renee.atkins@edu.tbz.ch"|"MTiG8D-kcsmIJ-eafQa%"
"rejane.cainey@edu.tbz.ch"|"2B9r1b-zMVBAh-8aa8lj"
"solene.britney@edu.tbz.ch"|"%Mtqpb-Ji4nR0-Ae43g3"
"marten.shatliffe@edu.tbz.ch"|"bbtfFb-a%KJg4-k547iR"
"maite.issatt@edu.tbz.ch"|"FlMS&d-1PylwZ-fLwdsO"
"maelyss.edon@edu.tbz.ch"|"GU&Mh%-yH&nA0-LMSBHT"
"nuo.bamling@edu.tbz.ch"|"x7ospz-vUKeQ@-jZklCH"
"anais.edards@edu.tbz.ch"|"Nc#zum-y2jJWU-L3RwC3"
"mediamass.bromet@edu.tbz.ch"|"a9WL9@-XFPxIu-ez$iWL"
"beatrice.kimbrey@edu.tbz.ch"|"6D22Y@-EuEuLE-7HLR#h"
"ines.lawranson@edu.tbz.ch"|"I8H4y8-%ZCe65-oF&NKr"
"kalliste.scandroot@edu.tbz.ch"|"Vz@Hq2-mfS2St-gDVIPy"
"mans.barrowcliffe@edu.tbz.ch"|"hpc9GD-KLbCmS-PpS2N2"
"irene.couves@edu.tbz.ch"|"8pHnlE-KBkvlb-F%7BNy"
"milena.mucci@edu.tbz.ch"|"fk2mhG-3JdfDa-Fz%I4w"
"naeva.cow@edu.tbz.ch"|"5@QO36-b1Vu4&-EY#95g"
"audreanne.mournian@edu.tbz.ch"|"V40ON5-xID$Vo-lrgxsF"
"melia.sinnatt@edu.tbz.ch"|"wgkPSL-%IgTcH-i3vc7j"
"nelie.burnard@edu.tbz.ch"|"7tWztl-0pUxbV-0H%BNj"
"clelia.ashfull@edu.tbz.ch"|"9faX0r-ysKSdd-o729#4"
"lie.macard@edu.tbz.ch"|"GsLz7W-hKc@#4-W@u&du"
"valerie.matoshin@edu.tbz.ch"|"LuN2ur-kHNuMR-sNqtfW"
"anael.hatherleigh@edu.tbz.ch"|"Xd6sN&-o9H3MG-$8YSt4"
"interessant.warratt@edu.tbz.ch"|"8MbH48-GouufN-SNe7zu"
"eleonore.volage@edu.tbz.ch"|"#ZdXP3-Ic@Qou-w$md%i"
"zoe.stebbing@edu.tbz.ch"|"IKCy$Q-W6ReET-P&TPKo"
"alizee.nye@edu.tbz.ch"|"oLDJua-Pij43D-dM#nDS"
"celestine.bramley@edu.tbz.ch"|"CXO2ul-j0wCnF-W4Aemu"
"selene.philcott@edu.tbz.ch"|"eH26g&-fSLrcJ-PB7sj1"
"tang.newens@edu.tbz.ch"|"t5wm@G-O&HHy&-v&OHU1"
"annotes.powys@edu.tbz.ch"|"lyNjdt-MmznRY-DqwbSZ"
"lea.matthesius@edu.tbz.ch"|"uncPsK-3Q2clw-aB&PIO"
"illustree.garlett@edu.tbz.ch"|"U&k2h1-qGBTW@-no$1Fr"
"maiwenn.meachem@edu.tbz.ch"|"Jxe&#t-zZl55j-kghTPv"
"marie-francoise.mcbrady@edu.tbz.ch"|"0XyEkn-mk1uQ7-uCkmVD"
"illustree.gimbart@edu.tbz.ch"|"9gSd$X-wSyZXC-xA5LNT"
"melys.lyosik@edu.tbz.ch"|"k5ZIf$-BHPwRa-lNIRmo"
"marylene.mcnab@edu.tbz.ch"|"eO$Luo-eO&KdC-Vn8K@M"
"gerald.blount@edu.tbz.ch"|"KCPU3L-6N%oDJ-Xa1HtT"
"clelia.shakelade@edu.tbz.ch"|"9PzGX5-fQQK@A-fnr7ct"
"penelope.cridlin@edu.tbz.ch"|"bTIMMe-9PV@qT-meOoPw"
"maena.okuddyhy@edu.tbz.ch"|"kmm1lN-T7OXhM-pRRhev"
"athena.keynd@edu.tbz.ch"|"sKDf@I-8uyILN-hVvgsa"
"cloe.dwine@edu.tbz.ch"|"1V6w#e-Nvpctj-k#OFYr"
"josephine.browett@edu.tbz.ch"|"&iGcpk-&P&1A9-66Uplm"
"audreanne.oscanlon@edu.tbz.ch"|"T#K&hl-FKTb9Q-1s#Y&K"
"fei.jeanequin@edu.tbz.ch"|"GK@SgY-ugpv8B-mbosd7"
"lois.gormally@edu.tbz.ch"|"TzVoJr-9M@&ZV-F0bCXE"
"marie-francoise.finnigan@edu.tbz.ch"|"pJKtTA-8Gp%Pf-MyuR$r"
"leonore.trussman@edu.tbz.ch"|"lirW5A-tw@geD-WQ5RFX"
"anaelle.trumper@edu.tbz.ch"|"$Y9jQD-aAbR1L-0SxdEf"
"clemence.dionis@edu.tbz.ch"|"VmaJBy-wZ&DuC-sfSw#o"
"lois.tranmer@edu.tbz.ch"|"f70l1S-YpNyBY-eGWL3F"
"interessant.volett@edu.tbz.ch"|"awXzJg-T@Pjli-YlL53f"
"personnalisee.deackes@edu.tbz.ch"|"$@%h7Y-5D9s7X-Q@Vgyr"
"lie.vasiliu@edu.tbz.ch"|"R#MRJt-hHk%oy-JJv5fJ"
"dafnee.lamputt@edu.tbz.ch"|"Y6w1PN-zB0W3E-LOkWTb"
"elies.bromige@edu.tbz.ch"|"H4y$%L-DJM5lA-fp52J#"
"helena.klosser@edu.tbz.ch"|"Lf7%%$-IbiVGZ-$rJHir"
"andree.grim@edu.tbz.ch"|"vhHD$&-rn%uiV-ITTAua"
"verane.coldbath@edu.tbz.ch"|"sizjN$-8xkM$e-JJAdma"
"helena.bethell@edu.tbz.ch"|"5YYkc5-pXGJzO-Ss$RiT"
"kalliste.carefull@edu.tbz.ch"|"Zs@$k0-eLfgFL-MM50Zl"
"regine.odams@edu.tbz.ch"|"Qiveyb-h@5bTK-Af#YPk"
"len.stannus@edu.tbz.ch"|"TUliZ1-SLg4iN-upKboO"
"angelique.works@edu.tbz.ch"|"N6HW%S-z5fw8c-&lhF9U"
"goesta.rheaume@edu.tbz.ch"|"TPsW5L-JemXZH-VpbQyE"
"maelys.tynnan@edu.tbz.ch"|"Kn$cC%-g65q4b-VXs2a0"
"maelle.carlesi@edu.tbz.ch"|"hJz6Ic-BSGlpu-tGbO3b"
"anael.spurden@edu.tbz.ch"|"iVtWyy-lxDnv9-Y$RZ6h"
"helene.pumfrett@edu.tbz.ch"|"%6oQ07-9prAEr-sVZ58Z"
"goerel.pearn@edu.tbz.ch"|"jyM6SB-GDDhRp-zeY@y%"
"laurelie.dezamora@edu.tbz.ch"|"gVIDuB-PHT@1A-MogMgp"
"yao.twidale@edu.tbz.ch"|"fpfk4i-KE$aC9-fY%Qzg"
"berengere.sola@edu.tbz.ch"|"anZ1t6-i5l65y-TfPE7&"
"maelann.hardistry@edu.tbz.ch"|"dGPWci-xlM#2n-G#Peah"
"severine.littlefield@edu.tbz.ch"|"gqidx9-bWZ3hf-#xmwWe"
"salome.heinl@edu.tbz.ch"|"@txDEP-PzGbLK-QxvkZ%"
"meryl.warbey@edu.tbz.ch"|"#Bd4EC-bFpqk6-CkX&12"
"da.hunstone@edu.tbz.ch"|"JreLfp-gzPqgd-v4vSyH"
"venus.broadbury@edu.tbz.ch"|"&vzX#a-MG%8tL-hu#FM&"
"meghane.rentelll@edu.tbz.ch"|"RLf8m3-nxg&G&-&S@uz8"
"marylene.drewitt@edu.tbz.ch"|"2@qP4y-g@i%y7-C7Xz0V"
"melinda.jacquemet@edu.tbz.ch"|"oIKNGA-zPvadi-fKraTe"
"marie-josee.keyden@edu.tbz.ch"|"I4umty-t8v&hO-0RX6Pj"
"asloeg.montacute@edu.tbz.ch"|"zRe7ck-81&bS9-mWfS5g"
"ku.andreou@edu.tbz.ch"|"v&dOYq-lM54Jt-6vdhus"
"personnalisee.feaveer@edu.tbz.ch"|"2BhRoE-TQagvB-Ay%Pyd"
"laila.emptage@edu.tbz.ch"|"E86B&S-DrEZ48-4BvnS3"
"bjoern.dawdry@edu.tbz.ch"|"LpWB4D-F8ijbS-If76lA"
"marie-eve.dinsell@edu.tbz.ch"|"58ORAp-UNz@Hh-6xYyrI"
"helene.follett@edu.tbz.ch"|"KBDf1I-3pC$hX-%qYg#T"
"penelope.cordero@edu.tbz.ch"|"$sNFH2-regpk6-7numlR"
"boerje.beedell@edu.tbz.ch"|"gIFEQj-akskoB-mqTpQk"
"nelie.ferne@edu.tbz.ch"|"0r7sFQ-y#uMjz-eX7Ruu"
"celine.ahmed@edu.tbz.ch"|"lPGmHK-Hz%1EY-oSHp$p"
"stevina.pimblett@edu.tbz.ch"|"8IeC&j-awVX7Q-BvBMKP"
"chloe.langlands@edu.tbz.ch"|"Q6QMZV-s1QkSV-f30v9g"
"simplifies.maude@edu.tbz.ch"|"5Okwcx-#91BpZ-kTmMY5"
"genevieve.decarteret@edu.tbz.ch"|"KxBuxr-b@HFyh-jlcfyo"
"marylene.mughal@edu.tbz.ch"|"tewAzC-AFEB&t-Cr7ooL"
"goeran.guttridge@edu.tbz.ch"|"wot#Md-e@KUT$-cDmJxZ"
"michele.smurfitt@edu.tbz.ch"|"ikhlZu-ATA3lS-laxZAW"
"methode.hadeke@edu.tbz.ch"|"qHPT0$-5s#H77-TyLiiJ"
"therese.rispine@edu.tbz.ch"|"3BX0PN-43Mggl-f%w@eY"
"goerel.plumley@edu.tbz.ch"|"dbyac1-HoxhFi-xVMwPY"
"oceane.friett@edu.tbz.ch"|"yCHvf%-tMqarR-Mgqt3q"
"marie-noel.achromov@edu.tbz.ch"|"#71pTa-a@l8d%-gE3ODM"
"dorothee.storek@edu.tbz.ch"|"i5#KpF-7zNens-iPo&@m"
"goesta.whittle@edu.tbz.ch"|"1o5ILa-geMitd-Lk15GV"
"desiree.casely@edu.tbz.ch"|"McvASQ-kqM6pE-EwRNUP"
"felicie.condon@edu.tbz.ch"|"nNEbe1-284&@b-jb4$$%"
"maelyss.frisdick@edu.tbz.ch"|"667XFq-sEtAS3-L31qdn"
"aimee.banke@edu.tbz.ch"|"B9gBzx-VoLEKI-4gp6bS"
"naeva.hodcroft@edu.tbz.ch"|"#0m2&%-2OZPs3-cYuM6C"
"laila.gerrans@edu.tbz.ch"|"ash5Ar-$hcQut-Pju@yl"
"daniele.scrimshire@edu.tbz.ch"|"yTuRah-jIq%4I-iZDN2b"
"daphnee.sheerin@edu.tbz.ch"|"Cp8rEo-MIVpMe-UhlnWw"
"pal.vanyukov@edu.tbz.ch"|"F9pHjt-Np$kLS-wwlkYW"
"zoe.childs@edu.tbz.ch"|"JyU38E-Z8Ubc5-NrhwCb"
"ai.corde@edu.tbz.ch"|"HEU5PK-rVBimP-q#aCh3"
"maelys.berryann@edu.tbz.ch"|"8LmUEY-3NIkCQ-R%Zu#p"
"cloe.gladding@edu.tbz.ch"|"deHINC-LCgvOo-l0j5aE"
"wa.kinnaird@edu.tbz.ch"|"6xogmk-ENVgVK-%UBDZq"
"publicite.brittoner@edu.tbz.ch"|"D@oVEv-pwgZHv-GQxKSc"
"rao.windress@edu.tbz.ch"|"zt3OWD-jXVqvi-A@6wwX"
"uo.kollach@edu.tbz.ch"|"DnkhG7-HEFp7d-s3r9Ny"
"josee.peskett@edu.tbz.ch"|"ONzme7-VSgauF-2cat4E"
"annotee.hasel@edu.tbz.ch"|"$qRVpJ-rixeuH-8mkWjx"
"cinema.lee@edu.tbz.ch"|"f&gNtu-Vxg4U6-Fz2sJJ"
"lai.vedeshkin@edu.tbz.ch"|"wTkBXl-iy6bz3-GI9woy"
"renee.brisbane@edu.tbz.ch"|"xJWHoO-sMNl8q-onEaY1"
"ophelie.blincoe@edu.tbz.ch"|"P20TUM-pPq3az-XXosVQ"
"zhi.prazor@edu.tbz.ch"|"OvzrrM-&KAcI&-LL@AQ&"
"annotee.maddicks@edu.tbz.ch"|"RQc#ab-6v1Mnz-Njnr1V"
"maelyss.codd@edu.tbz.ch"|"DspfqH-pnNIpa-Zz$LCk"
"celia.peplay@edu.tbz.ch"|"aSoXW%-3UC6t1-1jhmtg"
"interessant.skone@edu.tbz.ch"|"iz2#z3-GhSmDm-aU@mxu"
"audreanne.hebdon@edu.tbz.ch"|"WQQ&Ff-Lu6fdz-8O9DDa"
"oceane.glen@edu.tbz.ch"|"yIlR7k-galLZl-vsILEL"
"daniele.vanyushkin@edu.tbz.ch"|"&O8oN0-wdqoVL-cOM6MS"
"daphnee.ayce@edu.tbz.ch"|"@t1hPY-HmZeEt-Bn8V%Q"
"andrea.attride@edu.tbz.ch"|"GmFqh5-BXhcli-%05fu&"
"penelope.bridgwood@edu.tbz.ch"|"tHeF#Z-E%N7$C-h4vc#6"
"mailis.drewitt@edu.tbz.ch"|"$Yj5sj-2P&WZ4-dQnGKk"
"penelope.mollene@edu.tbz.ch"|"$CM0BZ-cH44IS-UYfQk7"
"illustree.keely@edu.tbz.ch"|"4u6qaD-dfT9KD-BhTUPs"
"meng.brisseau@edu.tbz.ch"|"z%FkzC-&vuI7g-%fHA65"
"ruo.cleiment@edu.tbz.ch"|"tTE7d#-xGmh%C-dOtelq"
"maite.krammer@edu.tbz.ch"|"h3SR%Q-Mq7gYb-JDO@wI"
"genevieve.verry@edu.tbz.ch"|"9o5@7A-rv0S3u-LQ2xfy"
"lea.olochan@edu.tbz.ch"|"ipDvDh-q6nFAr-zdijgN"
"naelle.brunnen@edu.tbz.ch"|"rujYq6-iefY2C-cfdo$8"
"goesta.bragginton@edu.tbz.ch"|"ICqvgW-oetsyZ-XxmG%e"
"fei.danilyuk@edu.tbz.ch"|"3GlO6m-vfWqCl-jixS%R"
"adelie.turbitt@edu.tbz.ch"|"43TJPB-ksVMzO-J8Kw4r"
"marylene.nutman@edu.tbz.ch"|"WkEBRp-@mkK9&-I3iC4b"
"therese.barbrick@edu.tbz.ch"|"xLS$It-$N6mmO-4Jmaom"
"melys.kolodziej@edu.tbz.ch"|"JcARht-E$uqYu-$lQXzn"
"melanie.runchman@edu.tbz.ch"|"x0AkrE-HXsLTp-4VVvNK"
"serena.lafond@edu.tbz.ch"|"jo6J2Y-4Q%zFm-HTDjAw"
"pelagie.desmond@edu.tbz.ch"|"4e5kiL-qYvmGo-lf&0LA"
"wa.spickett@edu.tbz.ch"|"fidxoT-EQseqz-Q$aLE@"
"po.shave@edu.tbz.ch"|"wmXHyl-FLOnB3-YdQCTT"
"song.huikerby@edu.tbz.ch"|"KGzNOf-8I0HSO-RxtdeE"
"melinda.bimson@edu.tbz.ch"|"XdUSwu-U1wG&S-nhaLsa"
"personnalisee.toffanelli@edu.tbz.ch"|"Z$3Bhj-SuiyEM-hV62MW"
"leandre.hurn@edu.tbz.ch"|"Jl#N#1-Qlojcy-1uY$YJ"
"oesten.standell@edu.tbz.ch"|"J7Ewed-i7orpA-Ak%kK0"
"naelle.smaleman@edu.tbz.ch"|"P&4YzK-eXDw4G-q8nGxn"
"berenice.tayt@edu.tbz.ch"|"3NABE3-#5JonL-$1C2fI"
"kui.popplewell@edu.tbz.ch"|"ZMmKjm-giG1AV-w5vWb@"
"melodie.ferandez@edu.tbz.ch"|"d73b6l-6n2mtX-GyKQtt"
"josee.negal@edu.tbz.ch"|"b1W6Ug-umhHVS-p@8fJk"
"melissandre.ferrelli@edu.tbz.ch"|"N3t7BW-3$rf3n-oVWlW3"
"josephine.kemmer@edu.tbz.ch"|"sYmfJA-OUTFiT-0LYFj4"
"maely.cayette@edu.tbz.ch"|"UZYl9l-OQNLoC-r$7M%8"
"nelie.vela@edu.tbz.ch"|"7#9GOq-I2Xr8f-uH4xVg"
"melina.cortes@edu.tbz.ch"|"QlQ%2W-eCX88k-DCqRD3"
"megane.leyshon@edu.tbz.ch"|"DWxf5V-d%KThL-GgwS4c"
"regine.harrie@edu.tbz.ch"|"S@4HZ1-qZ3uSs-#ROHO9"
"mylene.widdison@edu.tbz.ch"|"CRUmMi-g4uLGI-cF3deI"
"pelagie.vivash@edu.tbz.ch"|"2ft#Mk-Lpl8xJ-nyj4U8"
"styrbjoern.vicarey@edu.tbz.ch"|"79YYVZ-p9hNAc-n0u3v$"
"long.kyles@edu.tbz.ch"|"p5ib1o-17AtYe-#cmzQB"
"stephanie.gipps@edu.tbz.ch"|"L0rzkT-N@Ie$u-Z2sJRc"
"clea.constantine@edu.tbz.ch"|"sBq%p0-siwA0N-3Es7Er"
"maella.cometto@edu.tbz.ch"|"@oVJJq-KXVtVl-Wz2@%y"
"laila.aubrun@edu.tbz.ch"|"@oeaea-N4KagK-ETVs3z"
"yao.austins@edu.tbz.ch"|"&a47X6-yxLqnO-$yhEyc"
"mailys.rylstone@edu.tbz.ch"|"qu65ac-KbH#uT-EYaZwA"
"adelie.curuclis@edu.tbz.ch"|"JR3X17-g4@5qP-J0MW5g"
"celine.longhurst@edu.tbz.ch"|"n%TA6s-JWJWrm-TCm&qx"
"gisele.hazell@edu.tbz.ch"|"MJouwy-zcoV6b-xuqC81"
"celestine.ciccone@edu.tbz.ch"|"p9ftif-q8Kxx&-CzPAP5"
"maelyss.doole@edu.tbz.ch"|"hvd9m5-$5D1D@-$isKvB"
"helene.grimsdike@edu.tbz.ch"|"xmAURK-8PwNs6-S6V$QS"
"lie.macer@edu.tbz.ch"|"9Qu&Pa-$82F0B-wihlsG"
"maely.izard@edu.tbz.ch"|"ZlveSM-bbZcsX-g9@WT$"
"erwei.breewood@edu.tbz.ch"|"s&BPBG-sVWuT0-5RH3eo"
"chloe.woolford@edu.tbz.ch"|"cQZRci-X0ezf0-2%Q#eA"
"cleopatre.turpin@edu.tbz.ch"|"xMYF3T-zWt77u-QEE0Mw"
"melodie.surgison@edu.tbz.ch"|"BZqCBQ-F2CfN5-rj5se5"
"elies.leander@edu.tbz.ch"|"RDPncD-i63uhs-x$Acty"
"mediamass.reignould@edu.tbz.ch"|"hit3Sz-jm71e8-MfQadb"
"celestine.wasmuth@edu.tbz.ch"|"WoqT@S-Lr0qw%-RVF$Ap"
"marten.jervis@edu.tbz.ch"|"G#jk4W-@8@Vss-ICmKk8"
"daphnee.bour@edu.tbz.ch"|"EEG9#a-Qcf3IC-ztiKfe"
"regine.harlett@edu.tbz.ch"|"viqaFK-QR5RJ$-6c6KqO"
"noemie.macaskie@edu.tbz.ch"|"3HcHV3-2LcQLj-#%TM&d"
"loic.renfield@edu.tbz.ch"|"BfYlbP-VJUvWb-8fx9XB"
"venus.kleinert@edu.tbz.ch"|"MOLdKE-YPizND-&asK#O"
"marten.burlay@edu.tbz.ch"|"PEzG#1-Obgyu%-A28WT&"
"berengere.radsdale@edu.tbz.ch"|"@CWJCY-9$SWKJ-ghEeJV"
"genevieve.duckit@edu.tbz.ch"|"GgkgK9-%qZRIy-VcdzVC"
"maely.ligerton@edu.tbz.ch"|"AM@6TY-FWTwzn-hkw1uU"
"maeline.ricciardelli@edu.tbz.ch"|"6mH$#Y-1JkKqy-q2Y3HA"
"personnalisee.yggo@edu.tbz.ch"|"AZH#t@-Zw6byl-@SUeej"
"alizee.pettinger@edu.tbz.ch"|"pLvdsi-kTw7Iu-A$q80u"
"desiree.curnnokk@edu.tbz.ch"|"Q0dkt5-$XNORa-k3fzkG"
"dorothee.minors@edu.tbz.ch"|"ADk37j-8jLpyd-WwkXJf"
"oceanne.kopmann@edu.tbz.ch"|"K6JHLa-o890mC-dlvF3D"
"almerinda.brodbin@edu.tbz.ch"|"tC9CXV-QMm3Qd-nv&wAR"
"yenora.carsberg@edu.tbz.ch"|"22W2Oy-j12SRS-0sYV5j"
"wa.beetles@edu.tbz.ch"|"0UfLeH-OKKBP@-dFTwPx"
"audreanne.abbot@edu.tbz.ch"|"KLb@XC-RSqkSL-Pa49mZ"
"noemie.capper@edu.tbz.ch"|"f09zaA-RammdS-lVEqj1"
"mans.abramamov@edu.tbz.ch"|"bjKf02-0cGOfF-RZACTc"
"audreanne.blakey@edu.tbz.ch"|"sp8n$s-nEzy4A-9VfZfK"
"leone.klimpke@edu.tbz.ch"|"npAMu&-$kpWN9-Jqnpru"
"lie.croston@edu.tbz.ch"|"VfmfIq-Yj0d0R-fsy7rq"
"anaelle.baistow@edu.tbz.ch"|"VO02bV-R8CtO8-dnRVIv"
"michele.garwood@edu.tbz.ch"|"LmdT5$-IVPy3u-aZSFuf"
"interessant.albion@edu.tbz.ch"|"x8b3&x-qWpwrv-b71X48"
"andre.brisco@edu.tbz.ch"|"9zHac2-TGZEKo-a0TXtD"
"tang.totterdill@edu.tbz.ch"|"R0xc6K-yW3J1o-IT1dj%"
"marie-josee.braundt@edu.tbz.ch"|"TL8z3%-sWi8TO-J3LEJM"
"lois.galer@edu.tbz.ch"|"U6y8Ix-nXOX7U-kLaOKp"
"faites.pellamonuten@edu.tbz.ch"|"w1YDge-pE5yzr-by@hxl"
"mai.barfford@edu.tbz.ch"|"jaB4FM-bbomSK-2I%buO"
"laurene.macilory@edu.tbz.ch"|"Gb3tfF-IsLDIk-Dl8L9s"
"elea.peak@edu.tbz.ch"|"4CIFR9-k$py56-hXLbZc"
"rejane.doni@edu.tbz.ch"|"9RZ2OO-hkA9os-eOLu3d"
"mahelie.ector@edu.tbz.ch"|"%D#F3o-Dbrf$Y-TbV&5A"
"rachele.allum@edu.tbz.ch"|"k6%i7x-kiHR0R-O6pVkz"
"laila.gerretsen@edu.tbz.ch"|"s330qR-8eGlNg-r2q7hY"
"ines.bowman@edu.tbz.ch"|"gbecmb-Na#hia-Q84heo"
"publicite.barbary@edu.tbz.ch"|"#x%x6D-ca$&iI-UUQWU$"
"mailys.smooth@edu.tbz.ch"|"jzGjfq-0VNw40-t@&Nsc"
"mailis.huguenet@edu.tbz.ch"|"T2GkZU-4Nsf%G-s2Y5Vg"
"lea.ewer@edu.tbz.ch"|"HIfflz-eMLU4T-3x3iii"
