"email"|"password"
"melodie.vandervlies@edu.tbz.ch"|"eN4cqa-WtCybf-@4b%4I"
"angele.edgecumbe@edu.tbz.ch"|"ID8TFw-S44uy8-KBa$OD"
"zhi.andreasson@edu.tbz.ch"|"4mXVgR-&ckB7H-MOcOvt"
"judicael.koppeck@edu.tbz.ch"|"XWsXis-SHRQWd-oEt@Vo"
"berengere.capron@edu.tbz.ch"|"O60gsV-F5EQj7-n2Neih"
"leonie.brosini@edu.tbz.ch"|"THpIki-&l9Dh$-LBFyPE"
"venus.garfit@edu.tbz.ch"|"qi1c@K-DsjE$z-nd#w&d"
"melina.janota@edu.tbz.ch"|"iMAGiI-Jd53qT-3v0bKQ"
"laurene.bake@edu.tbz.ch"|"TFP&gg-CyroHw-A&k@EA"
"regine.dorkins@edu.tbz.ch"|"NKQWoJ-LLfpYJ-nT2Xqy"
"cecile.moffet@edu.tbz.ch"|"Ct9zA9-CmDRp8-Ohmzmc"
"maelann.labrone@edu.tbz.ch"|"%82JGw-fjolPM-89qAos"
"melinda.newbold@edu.tbz.ch"|"PmO0AB-YCjQQq-A4#aRM"
"mans.itzhak@edu.tbz.ch"|"xmggnN-lqUFbX-ltE1Z@"
"melodie.pattlel@edu.tbz.ch"|"bCXnMs-ydKm0b-08PTLw"
"celine.bonett@edu.tbz.ch"|"f8FuHO-F%F2ZR-o&Qm@R"
"adelie.mcgreal@edu.tbz.ch"|"8vsM$w-D6tygu-&p8aD&"
"helene.soldan@edu.tbz.ch"|"YFjGSq-#&@rGA-$rWlMi"
"michele.cluer@edu.tbz.ch"|"hBKMeJ-4$MAK6-GCxwF9"
"maeline.mueller@edu.tbz.ch"|"sBa4T6-123mku-Z@n5IX"
"maelann.benedito@edu.tbz.ch"|"8MXa3i-Ieq@3i-s9HmAc"
"nuo.gransden@edu.tbz.ch"|"YxOGnY-VsN@IC-thrmbr"
"berengere.stainton@edu.tbz.ch"|"fIzPdf-w5t4JL-KquFJo"
"wa.sabater@edu.tbz.ch"|"4WgaL5-bD80HQ-3SEA#8"
"anais.cochran@edu.tbz.ch"|"SE80OA-OF7jhe-Bk7OHZ"
"gerald.bessant@edu.tbz.ch"|"LdRHq4-P3QkIb-tkeV#T"
"ruo.coffin@edu.tbz.ch"|"B$vkIw-lMBQmR-INTR75"
"melodie.mustill@edu.tbz.ch"|"bEblaa-MnAdOs-%qsblL"
"ruo.stanesby@edu.tbz.ch"|"Cd3vLm-je204I-DHMCJB"
"noemie.antognelli@edu.tbz.ch"|"6Pik$S-i2n2w#-#2DcBI"
"maelann.hughson@edu.tbz.ch"|"Dlp79W-Pweuz#-UDzc&S"
"milena.mieville@edu.tbz.ch"|"frVESu-QrvN$p-ZZfBOp"
"mailys.chamberlin@edu.tbz.ch"|"bCTiXW-hyrbKk-Ht$l9g"
"nadege.tomalin@edu.tbz.ch"|"DdOxgh-GsvO7i-$ngN@1"
"oceane.omara@edu.tbz.ch"|"UUJDAw-GNzzOI-9wCYul"
"cecile.aguirrezabala@edu.tbz.ch"|"nj1OU0-lR@xw5-D8aMF2"
"maella.gwillim@edu.tbz.ch"|"ST@hJg-#s9#h5-K0Flyk"
"lea.mcgahey@edu.tbz.ch"|"c6#0yG-Gs8UBd-d7o@k7"
"laurene.hagerty@edu.tbz.ch"|"S6lO0y-i4iDxg-wr0i6d"
"dorothee.link@edu.tbz.ch"|"gGeLcW-eZh4pG-6WoDxv"
"clementine.kynsey@edu.tbz.ch"|"ZCBdIt-2mMDIL-aT4myh"
"lorene.smitherman@edu.tbz.ch"|"3zz6ay-Ak0MAf-O#Uv6V"
"cleopatre.klulicek@edu.tbz.ch"|"#4ZX86-hQrz9W-8Ed5Sy"
"laurene.castaneda@edu.tbz.ch"|"8QP%ax-czPcoH-67hOFP"
"melia.constant@edu.tbz.ch"|"ZbBeY&-ESFFpd-WmJKk5"
"lucrece.clunie@edu.tbz.ch"|"UDreNS-llaFb4-wGITph"
"eleonore.mcmurthy@edu.tbz.ch"|"YfHgdU-09@vIg-o8K6Q7"
"melia.bevar@edu.tbz.ch"|"bIkVDB-HVSM4b-YCtt3b"
"camelia.bontine@edu.tbz.ch"|"Ur7Co@-Od6%rV-inetHJ"
"methode.jozefczak@edu.tbz.ch"|"O2ZN0j-Q9fagP-UiWboz"
"audreanne.hinsche@edu.tbz.ch"|"u2&p@N-e&IeYj-JeLZyp"
"andree.varne@edu.tbz.ch"|"UBPNT$-V9rpAY-jaR1gk"
"marten.kinleyside@edu.tbz.ch"|"n$SJsF-NQ49zj-$ZVeD7"
"esteve.mcewan@edu.tbz.ch"|"uHPhGu-6vHXYK-nFxRl&"
"leane.dibbert@edu.tbz.ch"|"XKX%yB-5fQ0We-NQFPCh"
"ma.thewlis@edu.tbz.ch"|"86stL9-a1uBhX-6qkhTC"
"clea.djurkovic@edu.tbz.ch"|"2RXYdf-YLh8Uv-Tacz8A"
"rachele.reburn@edu.tbz.ch"|"25vK8P-bGtG6K-fiRM0r"
"gerald.gowling@edu.tbz.ch"|"6aeNC3-OpjkSA-kMxYLg"
"cleopatre.jackson@edu.tbz.ch"|"lBXMdE-th$@vj-tKAA6I"
"desiree.haskins@edu.tbz.ch"|"jj8w&P-&hDkJS-rwwAZW"
"eleonore.longson@edu.tbz.ch"|"su3FXB-I#$DWL-9rhlhn"
"leane.dybell@edu.tbz.ch"|"KESJhm-d@FQUv-5LZKgN"
"becassine.grzesiak@edu.tbz.ch"|"yS2h#N-aKvlfu-P8Y$2S"
"marie-josee.pickin@edu.tbz.ch"|"Lct3a1-eqj4X4-P0AOEf"
"marie-josee.roxby@edu.tbz.ch"|"w8w&OJ-EU2A7S-5dk5J4"
"leonie.feenan@edu.tbz.ch"|"Ha#YVQ-9NL498-AWWmAZ"
"valerie.ellum@edu.tbz.ch"|"&WhSvW-%G4YMC-#@3$HA"
"ju.caseri@edu.tbz.ch"|"pBvJ7o-5LVRn@-hFW7G8"
"boerje.strangman@edu.tbz.ch"|"D7Fpf1-E5Om5h-IeeKic"
"beatrice.ghidelli@edu.tbz.ch"|"sb$kvf-XKjDIB-7gCMrT"
"da.jablonski@edu.tbz.ch"|"%RfShW-mbSdsL-&ckW5K"
"uo.beveridge@edu.tbz.ch"|"c2c$bJ-e%i6Og-2@TAiA"
"valerie.bestman@edu.tbz.ch"|"hdn9EB-wUmaxy-tNHZ6S"
"marlene.pohls@edu.tbz.ch"|"eArrDt-N#jYHD-TFBJge"
"ma.nolda@edu.tbz.ch"|"ooCddJ-%u3d6O-KlPdul"
"marlene.bisiker@edu.tbz.ch"|"#@8qnD-wvFas3-x8kjjk"
"estee.babon@edu.tbz.ch"|"Np6C9v-DqhDWv-ik9cLf"
"simplifies.dmisek@edu.tbz.ch"|"uvUY9L-Az@1Tq-lecEOC"
"selene.ganing@edu.tbz.ch"|"5@9@bh-tEBv4$-mfw1xW"
"meryl.penke@edu.tbz.ch"|"bFs4Bi-#EYapj-ujCKKw"
"anais.rawcliff@edu.tbz.ch"|"5drFsa-F&etmC-4f&o86"
"melina.andri@edu.tbz.ch"|"eflg8o-1kcZmn-CTpblQ"
"audreanne.fodden@edu.tbz.ch"|"t5xL1K-&CZsm9-oFFVs#"
"bjoern.spellesy@edu.tbz.ch"|"MJgta0-NUjWZ9-7YFfyO"
"francoise.summerscales@edu.tbz.ch"|"AMkd@g-HOn$13-LZ45PU"
"laurene.ashtonhurst@edu.tbz.ch"|"RwzYwW-BJYk9L-zQLWBx"
"valerie.petters@edu.tbz.ch"|"ZqqRqL-Kj1Yp@-1zIoPk"
"anael.spenclay@edu.tbz.ch"|"mK@#Lu-7$YFNK-pyLr$B"
"stephanie.keech@edu.tbz.ch"|"hIzJu4-UBKEjy-n1mwXx"
"ines.deveril@edu.tbz.ch"|"PEDl0Q-vR%b&e-e&xjSJ"
"berenice.gelder@edu.tbz.ch"|"nmh%eF-T1rdOZ-%r8d4c"
"melanie.ofogerty@edu.tbz.ch"|"CiOfW%-iW&rZg-MdFfEc"
"frederique.canepe@edu.tbz.ch"|"sHf$L4-ZUXM#$-53Ixo@"
"nuo.otton@edu.tbz.ch"|"mmH%yv-XXGphg-YbcN$i"
"genevieve.trusler@edu.tbz.ch"|"W$GC1d-4OzEyG-VdeiWC"
"ju.boag@edu.tbz.ch"|"Bl&lyX-$knQ@0-nAmP%A"
"josephine.dilucia@edu.tbz.ch"|"t1HvfC-VAf$OC-7iMXVx"
"laurene.armsden@edu.tbz.ch"|"uIiuus-mGga0a-xRMi&p"
"becassine.griffe@edu.tbz.ch"|"tw1G4H-7HdzZF-&Mj#MI"
"alois.parres@edu.tbz.ch"|"Iuhsah-HXwlBe-0$FaT4"
"cleopatre.gaffey@edu.tbz.ch"|"ZoxS0g-OthVg7-y%bmM4"
"andre.stiger@edu.tbz.ch"|"oInCaj-1Z$yFd-HP#iqr"
"beatrice.godleman@edu.tbz.ch"|"e2VoiA-ijOcO2-cC1#wc"
"hakan.harrhy@edu.tbz.ch"|"RcPhOa-Xg3CC$-0SZHN$"
"celestine.dagnan@edu.tbz.ch"|"f2XWMl-J6UscX-makxtF"
"clemence.haggart@edu.tbz.ch"|"xFd00p-Q3mJ75-P%ST9&"
"long.caban@edu.tbz.ch"|"sf1xhs-j#Eyyi-MKleO5"
"gaetane.grimble@edu.tbz.ch"|"JFuXew-NNOya#-7izhxD"
"maelann.piwall@edu.tbz.ch"|"NPXg$R-Z$Y7hK-8#a2##"
"magdalene.loble@edu.tbz.ch"|"nT&MDn-J8EQ8j-AkZ%@v"
"veronique.domaschke@edu.tbz.ch"|"I0%2mB-tJlais-EOk%f4"
"clea.herity@edu.tbz.ch"|"szLNyW-bk9J9y-V3dWUC"
"maelann.bambrough@edu.tbz.ch"|"XmB4&s-d3yx#J-tNXwAT"
"clea.goulstone@edu.tbz.ch"|"4R4t@u-g1jECI-XkPETd"
"renee.deleek@edu.tbz.ch"|"yr83Z1-LCJpPr-dncsaI"
"boerje.rudderham@edu.tbz.ch"|"mj2u%&-0x#bCu-BlgFPq"
"marylene.broune@edu.tbz.ch"|"M3J6wX-SrhonQ-&etI1E"
"nadege.mccuish@edu.tbz.ch"|"miNAW%-fIN5&w-GO8dIJ"
"anael.littleover@edu.tbz.ch"|"mRKwMq-WxQNsC-q@vF9j"
"lie.baume@edu.tbz.ch"|"wJYdAp-2yR4YF-@Iq79F"
"maella.murrow@edu.tbz.ch"|"RN8qsy-Fb@L5V-6a9FP&"
"cleopatre.pettifor@edu.tbz.ch"|"IStVa#-&wMNco-veA5V2"
"geraldine.asker@edu.tbz.ch"|"VYV9&D-A58SQ8-a5D2%Z"
"gaetane.smedmore@edu.tbz.ch"|"t@CChf-hOrLFY-FQqMKL"
"meryl.blencoe@edu.tbz.ch"|"M2K&mc-Tf5SL0-D4ySja"
"aurelie.chastaing@edu.tbz.ch"|"Pvbow7-JyDBMe-N4cOif"
"oceanne.marthen@edu.tbz.ch"|"NM9%tE-#fnMAE-M3xQPo"
"dorothee.burrill@edu.tbz.ch"|"fE%wK%-XdEgIV-Op9n6z"
"hakan.belden@edu.tbz.ch"|"DsbWdL-6hxl6m-aMT1Dl"
"celine.brunning@edu.tbz.ch"|"DwQOLg-nvVd%y-%Bp9Qo"
"anael.lapides@edu.tbz.ch"|"lzsVfv-Em%JzV-4eilA4"
"ruo.saffran@edu.tbz.ch"|"WhCPp5-nPcSEf-Q%kgXm"
"loic.gerretsen@edu.tbz.ch"|"TYNcyf-@RSA66-F0O37H"
"rui.fitzer@edu.tbz.ch"|"v6hgKr-d@RQ60-aHtniH"
"annotee.ogers@edu.tbz.ch"|"Gbv9we-cKY8zX-owWmOw"
"boerje.bindin@edu.tbz.ch"|"95DZw#-UGylxa-6WZReF"
"ma.cronchey@edu.tbz.ch"|"uRG0#$-#dTb@b-3$wryL"
"laurelie.baiyle@edu.tbz.ch"|"mCRX1h-esTkxT-tf%Imv"
"dorothee.older@edu.tbz.ch"|"FR76Fm-UjOMgr-8UaTcL"
"laurena.wile@edu.tbz.ch"|"9FN$tJ-kGC0pL-$VBQzK"
"clemence.brito@edu.tbz.ch"|"kiy&IW-SiUFZl-j%Ah69"
"nadege.dallin@edu.tbz.ch"|"C0BD61-ozIFHi-FGZUpI"
"mailis.matley@edu.tbz.ch"|"JBk%$U-g5G14y-8PnOQY"
"daniele.screaton@edu.tbz.ch"|"Hk&4WQ-uShJw%-BTyjZx"
"mediamass.godly@edu.tbz.ch"|"x6X6Zx-rXxVk#-Ekt2#c"
"leone.kremer@edu.tbz.ch"|"hL5GsU-B38zCF-gQrdXG"
"asa.adrian@edu.tbz.ch"|"dxFEmf-01NzkI-kQVIF4"
"adele.doley@edu.tbz.ch"|"zEB4$p-1@kcr$-BDuUi@"
"fei.sidney@edu.tbz.ch"|"Eh80CS-aA%JTA-i$xJ5f"
"marie-josee.walisiak@edu.tbz.ch"|"xezHAa-XVHrkL-oRB%Rl"
"desiree.diplock@edu.tbz.ch"|"pp4b6M-19yN2U-By1xA5"
"gisele.schust@edu.tbz.ch"|"Bc1Z3i-EQx4oy-1EnLV7"
"ma.longshaw@edu.tbz.ch"|"fKrYux-BBuY#c-7jki6Q"
"da.boother@edu.tbz.ch"|"&I1XLU-K#tJcX-lZZj4H"
"simplifies.chaudhry@edu.tbz.ch"|"u2&&Lk-spnjoA-7Naxug"
"garcon.baniard@edu.tbz.ch"|"aQLWYC-xCzSo2-0bDV$d"
"gaetane.elphee@edu.tbz.ch"|"Sb3Z2f-A9m@Bj-B6MP5N"
"gisele.hassey@edu.tbz.ch"|"1gQi35-Lv$H%X-iL6OId"
"oceanne.booley@edu.tbz.ch"|"xnSA@5-S%E81a-qgPbj0"
"oerjan.dibden@edu.tbz.ch"|"Dj3Ddn-%ORrhT-Ui@Cq#"
"regine.ocleary@edu.tbz.ch"|"zkwHIS-Q60MzI-T&bIc@"
"selene.persse@edu.tbz.ch"|"QNHvu4-iqF$e3-9rTA19"
"helena.adenot@edu.tbz.ch"|"QIzmie-%yo7Gu-n7dV0S"
"maelann.wassung@edu.tbz.ch"|"QbkBJk-5mK@Xx-Kg&HAe"
"frederique.ackermann@edu.tbz.ch"|"ZAbsvQ-StsTt#-PdGrSi"
"audreanne.kahen@edu.tbz.ch"|"WZA&T9-UQyOrT-YF1sqz"
"maiwenn.lasty@edu.tbz.ch"|"lgMTm3-q@luFi-sckffv"
"yu.dictus@edu.tbz.ch"|"3NIwN#-cwT7Mo-3$mFR0"
"anae.dukes@edu.tbz.ch"|"S435uH-LnKUQJ-3Qk#2#"
"yenora.warr@edu.tbz.ch"|"p6cQFW-4RNAtV-WC5hdK"
"esbjoern.archibold@edu.tbz.ch"|"bDhcLn-CZVEMA-z8&89@"
"milena.pardal@edu.tbz.ch"|"YJjRDS-w6krUQ-6FJ%cM"
"celestine.graveston@edu.tbz.ch"|"KYV&8d-Plp1Cb-j&$25P"
"maena.dallas@edu.tbz.ch"|"bbdB$f-Se5&@V-jdu03c"
"andree.tuke@edu.tbz.ch"|"WuYFnc-2P1CIe-WyVGKA"
"methode.seldner@edu.tbz.ch"|"9FYnXl-Ap6qWS-67tj8D"
"venus.bullas@edu.tbz.ch"|"qyW0h&-kwuuut-0dEV35"
"mans.aguirrezabal@edu.tbz.ch"|"A&b8Tr-2PKuMd-Io&iYF"
"gaelle.eadington@edu.tbz.ch"|"jG5$9l-09aeSz-Z@tb9M"
"anaelle.falkner@edu.tbz.ch"|"$l1ppt-OsbkX3-G5UZ0@"
"ophelie.height@edu.tbz.ch"|"p&c2mu-DBC%9r-dkZ$IC"
"marten.bolding@edu.tbz.ch"|"g76zo4-KJ0Evd-$A7EDg"
"pelagie.guswell@edu.tbz.ch"|"CaXQpD-oti$cO-0BDkbu"
"gwenaelle.lecount@edu.tbz.ch"|"TKWJN1-D0%orU-4qxXRq"
"hakan.laden@edu.tbz.ch"|"E3azX#-2L4E04-1#vnkw"
"marie-josee.hylands@edu.tbz.ch"|"LHE&PT-eXHFgo-I3iqrM"
"zoe.kingshott@edu.tbz.ch"|"YFU$so-$xJlnH-#VsH3S"
"josee.janous@edu.tbz.ch"|"H3fys&-bI%TRp-42FtD%"
"laurene.gallally@edu.tbz.ch"|"dGBqk#-aZSZ3w-0%hNhA"
"anael.bickle@edu.tbz.ch"|"hvpHWe-ZkV2Ln-Ek73WR"
"mediamass.lebbern@edu.tbz.ch"|"YH1K9k-Sq1xxc-ncjq77"
"berengere.hovy@edu.tbz.ch"|"Y6vHT@-OJVjDx-57p0FO"
"oerjan.kilmurray@edu.tbz.ch"|"1EqF%7-#7nQQq-qTlAtB"
"asloeg.venny@edu.tbz.ch"|"cT4jQ&-wITBom-ks@yDA"
"marie-noel.stoad@edu.tbz.ch"|"9m2FQr-T6R2w3-BJHeur"
"hakan.pettifor@edu.tbz.ch"|"D$xEJq-ISvNPW-ZKH$mN"
"maella.willgrass@edu.tbz.ch"|"i88LrK-lRu8XO-Ue$qR@"
"therese.ludovici@edu.tbz.ch"|"ZajmTD-VVa5X@-yGmzbR"
"stephanie.trewhitt@edu.tbz.ch"|"TVHwJa-gb&a7E-MDxSHs"
"maerta.bauduccio@edu.tbz.ch"|"5%%675-1ViAJ6-kOvEP3"
"gaetane.glaisner@edu.tbz.ch"|"6P4Hc#-33wVF6-j7VBsN"
"naeva.pargeter@edu.tbz.ch"|"dUxOQH-zqOKA$-YcdX52"
"salome.venable@edu.tbz.ch"|"i8V1t5-44LwNF-3qjVbD"
"boerje.thickett@edu.tbz.ch"|"nZktZF-HF#TyT-RMRwoK"
"lucrece.prendergrass@edu.tbz.ch"|"f3e3Ov-QBXFoL-6ZBx6o"
"laurene.ockleshaw@edu.tbz.ch"|"%ETk%t-W3RkY&-G2Oxmq"
"cecilia.pasticznyk@edu.tbz.ch"|"VisszX-uUgj3L-2c52Qt"
"stevina.mackey@edu.tbz.ch"|"8E6gED-#HZ%dP-W04kVE"
"marie-noel.reven@edu.tbz.ch"|"Adta4o-Ah9iCY-tEYHIe"
"melina.quilkin@edu.tbz.ch"|"$SN@U6-g#bj8c-mjrpCN"
"marie-noel.ferrie@edu.tbz.ch"|"jpI8JI-bKbkc9-advdop"
"leone.alphege@edu.tbz.ch"|"9fHvcP-3sxX@R-8KbcL9"
"zoe.leverson@edu.tbz.ch"|"DR68la-BU8G5J-$nF1Hg"
"annotes.grayne@edu.tbz.ch"|"5z6j#j-8NU4kJ-xMOhQb"
"faites.lalley@edu.tbz.ch"|"ZOq26P-nsR71U-3TGdNq"
"adele.wallis@edu.tbz.ch"|"st0OL$-#Uh0mo-t&wJmw"
"severine.madill@edu.tbz.ch"|"loRcwY-Olrfc8-o3QgIC"
"valerie.tebb@edu.tbz.ch"|"fsM53S-6oIb0G-r#fweE"
"kalliste.rasper@edu.tbz.ch"|"xRhx9O-PMaXRQ-GypZDA"
"audreanne.palomba@edu.tbz.ch"|"SXvgRs-%&kfrh-HbuCVh"
"elea.adamik@edu.tbz.ch"|"p@e00R-rBzslc-fZqyyV"
"reserves.jakuszewski@edu.tbz.ch"|"H$Brgg-ZZAiXk-3yyaz8"
"athena.belhomme@edu.tbz.ch"|"idabmD-%%OOG0-DzBXt5"
"rebecca.crippin@edu.tbz.ch"|"fz%chh-E@EExe-BoTrzk"
"maiwenn.curman@edu.tbz.ch"|"9k$d3p-bKE98@-UrblgU"
"andree.bunner@edu.tbz.ch"|"muT6Lm-99Rvyv-A6qII6"
"ruo.winckles@edu.tbz.ch"|"F9uRyS-y7ambC-ckM4Jz"
"naeva.buntine@edu.tbz.ch"|"MW7ALE-uS10xk-X1gqzg"
"boerje.dollard@edu.tbz.ch"|"arDBLV-s5f5RL-@k4#qd"
"penelope.gorman@edu.tbz.ch"|"b3z3i5-gFk0%1-QSW@NZ"
"alois.robelin@edu.tbz.ch"|"t3pGDb-y3qWHT-VTrnGp"
"anaelle.tindle@edu.tbz.ch"|"zmqzvk-22zLwG-jC&P1n"
"ye.frears@edu.tbz.ch"|"UwXkN@-IH5DoM-kz0s#S"
"andree.ovid@edu.tbz.ch"|"Ks1uS%-hmvRmR-9SngRK"
"hakan.peat@edu.tbz.ch"|"nJYe3s-9jK3bH-#FMgRm"
"andre.januszewski@edu.tbz.ch"|"lk9V%#-05eNhj-dRCXUe"
"annotes.clemmett@edu.tbz.ch"|"&0nrbs-52garJ-BfbBo&"
"pal.lambswood@edu.tbz.ch"|"FD4V0i-5Db1$c-3ZEfi6"
"yao.lenton@edu.tbz.ch"|"8Hh&AN-z&5FG5-m483h1"
"hakan.boyton@edu.tbz.ch"|"DIcA8b-Vh2ts@-xOsS0A"
"nelie.forsey@edu.tbz.ch"|"2qvCfA-XcR96m-yCou7z"
"hakan.horche@edu.tbz.ch"|"pc@u%G-B96mXQ-xwki7F"
"lorene.sinkings@edu.tbz.ch"|"YgZ@t#-7tDQZ8-OlYM9N"
"marie-therese.creddon@edu.tbz.ch"|"qARdZM-79JJ9k-LaxL48"
"berenice.tolworthy@edu.tbz.ch"|"DLHRYc-o9Vixs-Xq$Uc4"
"theresa.land@edu.tbz.ch"|"1B1kro-rrNQYr-tS9qGT"
"marie-therese.gianilli@edu.tbz.ch"|"rYn8Az-6ae&Db-bb%2gS"
"meryl.glew@edu.tbz.ch"|"rng0Nl-CDf%cf-y$Gr#z"
"adele.debling@edu.tbz.ch"|"HPKVAB-sGknul-&5QHzL"
"anae.metzke@edu.tbz.ch"|"cwVo&L-IRAZHk-rc@z4i"
"gaetane.gooden@edu.tbz.ch"|"O6DaZr-@cbWAU-myml6S"
"laila.bootland@edu.tbz.ch"|"Erq@$&-HG&cjI-DcXS@G"
"maite.helsdon@edu.tbz.ch"|"uXZ%A7-&LgOfV-0kkE7i"
"andree.malley@edu.tbz.ch"|"Y1Ku8I-Gq@4%7-nJ%R8K"
"pal.simmens@edu.tbz.ch"|"JdRMR%-y92NFd-&GNAQa"
"maelys.nuccitelli@edu.tbz.ch"|"BMyrvC-e@4CNM-3L5D1m"
"dafnee.sibary@edu.tbz.ch"|"dt%&$J-S4IAAY-1MId#P"
"alois.harsnep@edu.tbz.ch"|"9Fp1Yo-4Vq5E9-nnOwTj"
"marie-helene.lacky@edu.tbz.ch"|"SuUTYy-DVi@V1-ru4&ru"
"mylene.youthed@edu.tbz.ch"|"QyUVb6-Eslw@H-jvyb6Y"
"marie-helene.dehmel@edu.tbz.ch"|"ryiZjY-nhTN9G-Quer19"
"angele.batman@edu.tbz.ch"|"GDVC9I-hXWY#q-0Q7nO2"
"melia.younghusband@edu.tbz.ch"|"ufaFbn-JRdGyl-h$4aTi"
"eloise.baldi@edu.tbz.ch"|"jiiByc-@X7xJI-WpJIh#"
"illustree.dun@edu.tbz.ch"|"SGKcQX-fifhxn-YTZc@s"
"genevieve.late@edu.tbz.ch"|"oM0UhY-zdUtbi-z&0&Vx"
"celestine.colville@edu.tbz.ch"|"g@IhZ8-PbFH6f-X&Sh7&"
"gwenaelle.scarlon@edu.tbz.ch"|"I@2V48-9@paL0-80tpBv"
"regine.boddie@edu.tbz.ch"|"EM8vx8-OfA%pS-mRxLd#"
"creez.gaughan@edu.tbz.ch"|"14JYXf-ZZ9TSg-@t&K%Y"
"gaia.longford@edu.tbz.ch"|"vxsOnz-LQqSRo-hbgiTj"
"mailis.buckby@edu.tbz.ch"|"0RMfW2-&MZa#I-QNBE1T"
"song.parbrook@edu.tbz.ch"|"aXwmoL-RJv#pf-zIcU$K"
"frederique.heddan@edu.tbz.ch"|"YlpxGk-2L8$Mz-WzYjAN"
"ake.kirtlan@edu.tbz.ch"|"LyruN2-nvx3t1-@RK1xR"
"nelie.runciman@edu.tbz.ch"|"iAvmTj-AWFv4Q-dSRM74"
"mailis.cardnell@edu.tbz.ch"|"A2EmHZ-c60jm3-GrXYKK"
"irene.navarro@edu.tbz.ch"|"UIDEFf-tdj&rs-Stme#a"
"maite.cough@edu.tbz.ch"|"Tahldk-P%wfkS-FCBuZb"
"anaelle.stocky@edu.tbz.ch"|"PN5ZI0-3HnhDB-PlfsEw"
"methode.moulder@edu.tbz.ch"|"nYtq87-4akbwD-TKyfwJ"
"po.stafford@edu.tbz.ch"|"YkOmxD-k3pdSU-uXWiMm"
"faites.scraggs@edu.tbz.ch"|"6iV%99-m1nHwk-5Xbfv9"
"adelaide.dullard@edu.tbz.ch"|"K&8p&L-ae8V#7-INEGDW"
"desiree.leonard@edu.tbz.ch"|"jEKGCv-&3SY@T-oZ&r$7"
"geraldine.badgers@edu.tbz.ch"|"&WXV&%-6oENxB-6DD$kC"
"ruo.masic@edu.tbz.ch"|"e#RL4w-aXQCp9-wfyh8K"
"aurelie.lieber@edu.tbz.ch"|"aB2aIO-7Dw&uV-DjF0yz"
"naelle.balcock@edu.tbz.ch"|"3UVa7h-RlWmwo-eGBL@o"
"camelia.elger@edu.tbz.ch"|"2jm@Fk-c2ofI7-xIXuK2"
"publicite.oakeshott@edu.tbz.ch"|"nPcMaN-&ZhJwK-pPF8JR"
"cleopatre.fawley@edu.tbz.ch"|"EToAVt-OrH7J4-r06hn6"
"laurene.bruckmann@edu.tbz.ch"|"eu5H$%-8SSjzS-oCNjY#"
"rui.haughton@edu.tbz.ch"|"qBj8@K-RSNh08-FPh$t6"
"asa.ladewig@edu.tbz.ch"|"P5OF3o-LbCtLl-bUtwLp"
"gisele.janecek@edu.tbz.ch"|"r&@yR7-crDTEX-AbwVX#"
"maily.loveridge@edu.tbz.ch"|"onIa4o-kg%hMO-8FjnJ6"
"marie-eve.yurkiewicz@edu.tbz.ch"|"JwC15Q-KMVkxi-GP&cdI"
"fei.roder@edu.tbz.ch"|"uPcGPZ-ed%Z9N-NpvQhf"
"edmee.chatburn@edu.tbz.ch"|"zK%0RC-5JnrXd-6Oo&mP"
"geraldine.darke@edu.tbz.ch"|"p%sMXn-duzBqX-xRkTzY"
"ye.jira@edu.tbz.ch"|"f$bU5X-X7jjGp-Iv@zie"
"publicite.persent@edu.tbz.ch"|"UQ3i0C-$wSksk-&gQ@1v"
"severine.wilcox@edu.tbz.ch"|"5M0K%1-VTMU5y-k&P$60"
"yao.mcclaren@edu.tbz.ch"|"5crP%g-0mHhdv-sfPNew"
"theresa.foynes@edu.tbz.ch"|"tU#ROp-qgeWKd-Yl@nVG"
"stephanie.isley@edu.tbz.ch"|"N6HwCq-B$s0b&-&VPBMt"
"torbjoern.growy@edu.tbz.ch"|"%R#Y5i-4y3tCw-trMVDX"
"eloise.tunnadine@edu.tbz.ch"|"f1FNoi-DR5mTY-&yuz8B"
"maeline.cossentine@edu.tbz.ch"|"7BKLGm-PE2GAR-2CHWVG"
"nelie.desantos@edu.tbz.ch"|"oUUoiy-uL6I#d-ahgGhH"
"gaetane.axston@edu.tbz.ch"|"&PxsLm-8BPawO-AF3XLh"
"aimee.merman@edu.tbz.ch"|"XuOgm&-aVIDIh-in5kZe"
"oerjan.drivers@edu.tbz.ch"|"dEdRvW-hClpe@-TlfwDK"
"aimee.miroy@edu.tbz.ch"|"xg90hw-OlFrIe-&%w1by"
"nelie.glyde@edu.tbz.ch"|"LKiTxN-7UZqjY-sYND0S"
"hakan.kapelhof@edu.tbz.ch"|"mu%WEO-JaWcK&-i8U0DC"
"maelyss.cauley@edu.tbz.ch"|"d2v@kT-Fu#ZNr-mQ3Wg7"
"elea.vaggs@edu.tbz.ch"|"SI#1Y5-O6Ah$%-YCaS%j"
"maelys.but@edu.tbz.ch"|"pG&8Jv-kC8kzf-84UaEz"
"maella.arthurs@edu.tbz.ch"|"r9bYsa-X5jyzI-5l&Wtt"
"adele.liebrecht@edu.tbz.ch"|"@iQR&7-O0Ne0P-5e#$4M"
"meline.lomasny@edu.tbz.ch"|"&zMXxf-W3m1TT-R2nF3W"
"mediamass.schwant@edu.tbz.ch"|"uku2x3-fH@3Us-6AxF5q"
"leone.saunt@edu.tbz.ch"|"s4%JcL-QvuBV$-gUQ9g%"
"annotes.gouch@edu.tbz.ch"|"mxshfV-dRxyXk-Tcp$xI"
"gaetane.bowich@edu.tbz.ch"|"U4CNEf-q1WVSP-SJpJb2"
"alizee.strelitzki@edu.tbz.ch"|"A24dir-qTxIyq-#EdJyd"
"leone.poile@edu.tbz.ch"|"YqQFjE-RtR#id-pfxJ6o"
"amelie.saban@edu.tbz.ch"|"fVZ%@0-CxCIVQ-YrA1&f"
"marten.mcmenamin@edu.tbz.ch"|"9@LLDW-pa$2LN-tXcGCq"
"becassine.keets@edu.tbz.ch"|"bCDQzx-FSq6RM-wHUhpc"
"celine.million@edu.tbz.ch"|"Z5r@Ez-364eDY-bAeFzc"
"geraldine.belitz@edu.tbz.ch"|"5Qk7Uf-G#rBIw-1oh@vL"
"salome.mardling@edu.tbz.ch"|"45@q59-KEDtnD-&RC20r"
"melia.blakemore@edu.tbz.ch"|"YeW@9D-3pz#%P-snWHsi"
"dafnee.mcaulay@edu.tbz.ch"|"cuGtbW-qcJ$s$-aSNlMW"
"garcon.dennett@edu.tbz.ch"|"3PyH&E-GLM15g-6pDAFK"
"interessant.lesor@edu.tbz.ch"|"EOZRZN-dTDJv6-3XT3FM"
"annotee.wasbrough@edu.tbz.ch"|"jJ#7s8-TMdMrt-RJWNE5"
"asa.ibbeson@edu.tbz.ch"|"UG1qyB-AHFQb9-kUA0IK"
"maily.kennealy@edu.tbz.ch"|"ZJy7su-l0FXCm-UU1In1"
"ye.seares@edu.tbz.ch"|"#uOUyo-ww4Y9e-4s445E"
"athena.harbron@edu.tbz.ch"|"ssbtqI-r5cxPy-m1i$T5"
"andreanne.portail@edu.tbz.ch"|"rL6Z4m-07Zr9g-5F@fQa"
"goeran.zannelli@edu.tbz.ch"|"2ZQCgJ-9W7HUe-oxbgB6"
"gerald.leathlay@edu.tbz.ch"|"3NEF4p-nFPOex-$JshJP"
"andreanne.chown@edu.tbz.ch"|"aOSfy8-FTdZbL-iil1KV"
"esteve.clementel@edu.tbz.ch"|"%0bSPu-4xHBhy-LApPRf"
"leone.legan@edu.tbz.ch"|"xW4%hr-La@T58-C26om5"
"maena.pownall@edu.tbz.ch"|"40ZYj#-Uyzb2G-kHzkj&"
"andree.rettie@edu.tbz.ch"|"0qLTGK-iRfdvD-N2p0eC"
"ines.kenwrick@edu.tbz.ch"|"$ogeG#-p6jxSB-WPuLDp"
"marie-helene.yarnall@edu.tbz.ch"|"rQDUgN-MFjaRG-Rz3biV"
"po.martin@edu.tbz.ch"|"DB7vOn-BWVznF-yEF9Sj"
"ruo.celiz@edu.tbz.ch"|"9%cfBY-5d9%vc-dhNgPz"
"po.bissett@edu.tbz.ch"|"w5X&OA-tJYA9O-X2usCm"
"du.swindon@edu.tbz.ch"|"%1mMF#-4lh8x1-#rf9$q"
"interessant.gouldthorp@edu.tbz.ch"|"IDB&Pe-v&k$9O-&z6FC9"
"leandre.lilburn@edu.tbz.ch"|"lvz9WV-d6P5iK-fjPVhr"
"bjoern.whales@edu.tbz.ch"|"DSogSQ-qz9t9E-wwIYMY"
"interessant.dieton@edu.tbz.ch"|"Dk9Mbc-qBFXb@-ZOM8n@"
"celestine.redhills@edu.tbz.ch"|"6CAA$T-tdRCHO-zMR4e@"
"tan.yakovlev@edu.tbz.ch"|"w&Egfm-tznuqA-3azWRq"
"regine.mcdowell@edu.tbz.ch"|"wHMwuq-sTv4hP-@VPl$j"
"ju.coysh@edu.tbz.ch"|"u6v56A-ix8gKm-dsrWC0"
"reserves.ofallon@edu.tbz.ch"|"RHeDlf-c7OZam-#5k1TC"
"frederique.sobey@edu.tbz.ch"|"X&N7nt-P2oeIy-zT0ipe"
"marie-eve.garstang@edu.tbz.ch"|"zmHEuq-cl4BIB-UqvXKj"
"andre.tapin@edu.tbz.ch"|"FadT4n-N39YXa-UbPqLo"
"esbjoern.eynon@edu.tbz.ch"|"e$BWA0-G8ag4V-Mlrajj"
"maella.duffy@edu.tbz.ch"|"X0aTM6-uh$a%R-%FKhC3"
"leandre.twinning@edu.tbz.ch"|"#7smsR-B@Hse$-iqVGNt"
"mai.whittingham@edu.tbz.ch"|"JAL01g-OV8rYg-Mrpiy%"
"rachele.shevelin@edu.tbz.ch"|"YPonnP-N9hHfO-vRMgbX"
"cecile.mcure@edu.tbz.ch"|"NAW5cR-7SVOD3-gkMe1P"
"marie-eve.yurkevich@edu.tbz.ch"|"yNX5%%-AMcC9l-VhIKZZ"
"almerinda.paice@edu.tbz.ch"|"75KvvG-0YY0m5-RAmwTP"
"rao.howkins@edu.tbz.ch"|"sEkUg0-xkX1@U-Hf8TMI"
"serena.pack@edu.tbz.ch"|"3H6Q8o-cG@9yZ-v$USzY"
"rebecca.mant@edu.tbz.ch"|"Y5x&oy-Zm&ID9-yFGK#c"
"reserves.spitell@edu.tbz.ch"|"G21Ceu-7mzI8a-#Kv03I"
"garcon.hamfleet@edu.tbz.ch"|"q4Af5d-jX2JeD-aO2QUu"
"methode.kerkham@edu.tbz.ch"|"h7RQV2-THdZ2t-9kovGa"
"pelagie.camies@edu.tbz.ch"|"U%CQu6-nsgHT9-4%DY58"
"josephine.macpharlain@edu.tbz.ch"|"9SDwqL-leGz72-K@Gr6t"
"eugenie.mathet@edu.tbz.ch"|"5A@1W&-$f2kFX-uoZoLL"
"gaetane.brangan@edu.tbz.ch"|"DgSuap-KmjkQ7-HphexN"
"michele.dewbury@edu.tbz.ch"|"ubxZt%-a4zqvb-gL@wLY"
"eugenie.elcott@edu.tbz.ch"|"I3dQVv-IFRif9-epoR5&"
"megane.harniman@edu.tbz.ch"|"HBaQUT-gDGzTy-fiymJ4"
"agnes.cluney@edu.tbz.ch"|"@B74D3-Tja%zm-&9mTpL"
"marie-helene.angear@edu.tbz.ch"|"bbhkR9-gI9%Vz-r1pge4"
"melia.dolphin@edu.tbz.ch"|"d#m5UY-6Y5vDc-I%Y2Ne"
"lois.ruseworth@edu.tbz.ch"|"jiJgVS-1@Lzv&-$F0zx%"
"mailys.ryding@edu.tbz.ch"|"YRRaz@-Usro#x-vG$@HY"
"rachele.wulfinger@edu.tbz.ch"|"jf%Zle-sTtEKo-zdC5VJ"
"gwenaelle.talton@edu.tbz.ch"|"T2ojcV-S5Q%@y-vRQhxT"
"long.ronchetti@edu.tbz.ch"|"OD4blR-v2l6cU-FR&Zmu"
"styrbjoern.kloska@edu.tbz.ch"|"uUVnn&-O78wza-Wys4yH"
"len.sudran@edu.tbz.ch"|"fS5vXs-o5zhiX-zcrqdK"
"maelle.andrysek@edu.tbz.ch"|"&61FAU-H@Knr&-aNxtaF"
"selene.senior@edu.tbz.ch"|"4QDwqv-Locw6G-$l2$rL"
"anais.joskovitch@edu.tbz.ch"|"mJpmlo-dz&Icj-LGwqUg"
"marie-noel.dally@edu.tbz.ch"|"5fa7H6-keGWRF-Jclv8L"
"marie-helene.laurence@edu.tbz.ch"|"oOxL8T-4QDe&a-C$PKSf"
"camelia.foxon@edu.tbz.ch"|"8WxaSx-BCrJ#h-Qh1$2l"
"helene.cankett@edu.tbz.ch"|"CAq11l-0Fd#P&-@#%uRV"
"marten.mitchelson@edu.tbz.ch"|"grKiiO-c0nM$I-w5TkO6"
"helena.stirtle@edu.tbz.ch"|"syYom7-Vg3aU4-c9T7tN"
"leane.barmby@edu.tbz.ch"|"M46sOR-tXUyns-oa73cS"
"goeran.ofinan@edu.tbz.ch"|"2W12c0-1LBUjv-s3Luml"
"styrbjoern.proby@edu.tbz.ch"|"Neky18-RXzU#G-jCldMs"
"zoe.halse@edu.tbz.ch"|"$d9d3R-j@ruuo-0uX2oV"
"kui.drable@edu.tbz.ch"|"YTjtzc-cJ$biQ-jzQ7Dr"
"desiree.bamford@edu.tbz.ch"|"QqhrOx-y2j7@N-4CyT&G"
"zoe.suller@edu.tbz.ch"|"9OJR#m-xDFTf5-zRZELt"
"marylene.audiss@edu.tbz.ch"|"nXsjMw-L2N#eo-hm8S@s"
"adelaide.poznanski@edu.tbz.ch"|"$i%YA8-1Yma61-F@vMoa"
"maella.coleyshaw@edu.tbz.ch"|"&HVdvJ-B2oPr&-hdK3ET"
"marie-francoise.gelder@edu.tbz.ch"|"7YzkF$-Iw$F4h-si4e79"
"eleonore.chaffyn@edu.tbz.ch"|"8COgJ#-RoMacC-2o&PVW"
"celestine.sikorsky@edu.tbz.ch"|"R703Si-sI2q$n-03bY3T"
"stevina.londsdale@edu.tbz.ch"|"KzX&Xa-jBB#C#-mk5gKg"
"maiwenn.nevitt@edu.tbz.ch"|"#K&vLb-oIMyIP-4jmoM9"
"magdalene.gerrey@edu.tbz.ch"|"A&GR1Z-$sCxR4-FHaGgb"
"becassine.latimer@edu.tbz.ch"|"XCqYfU-SmUd5g-7f$QU&"
"da.lethibridge@edu.tbz.ch"|"ND@l$b-&kITaZ-TVvZyx"
"mailys.claige@edu.tbz.ch"|"1vbXBT-DNb7vc-XoR1Gs"
"maena.torbard@edu.tbz.ch"|"KYrcmw-f744pV-85a9Tv"
"solene.lyvon@edu.tbz.ch"|"mfOzZh-fkHByk-UlnMqT"
"marie-therese.benbrick@edu.tbz.ch"|"#IZ03Z-FAI1k@-T$0uJ$"
"gerald.edmonson@edu.tbz.ch"|"tXAGcI-piBBDy-z2q$CN"
"ake.messruther@edu.tbz.ch"|"ro63q2-KDHexL-rw$CoP"
"men.gosneye@edu.tbz.ch"|"$#ORFu-ESYe6Z-E%UOLh"
"anais.jefferys@edu.tbz.ch"|"Rb&GhB-3LAQBf-zsbsvv"
"publicite.tregale@edu.tbz.ch"|"i0iJCU-3ajjiS-BOMvsv"
"maily.santorini@edu.tbz.ch"|"49FqlD-696&o$-76vqbI"
"ines.pioch@edu.tbz.ch"|"m2gBzE-TIwIqF-%mA2aX"
"noemie.marklew@edu.tbz.ch"|"JjzKmi-sG#$Is-C#0kR6"
"meghane.maccaffrey@edu.tbz.ch"|"opdHv4-Zo2L#9-l@GIDe"
"berangere.ambrogio@edu.tbz.ch"|"TU5hRL-%Uc5YP-IRgHS0"
"mediamass.ryce@edu.tbz.ch"|"SFX7kZ-NEaxUE-hdGKlu"
"oesten.ubank@edu.tbz.ch"|"Eo&T@F-TKJNo9-d5#xwu"
"melina.mackee@edu.tbz.ch"|"RNuRsZ-91h#Jp-@3dR33"
"theresa.livezey@edu.tbz.ch"|"iV31Yi-qldpWm-B1Lt#r"
"clemence.weal@edu.tbz.ch"|"@C23ol-H2ZhLF-&X7346"
"faites.overton@edu.tbz.ch"|"vcVcr9-jOYo0i-jr#xe@"
"clea.lindblad@edu.tbz.ch"|"37t7Or-2Nfynt-MOEH3C"
"josephine.roseaman@edu.tbz.ch"|"qY%4hV-Tzj#lp-Vt4qE9"
"oesten.lowbridge@edu.tbz.ch"|"ywZ2k8-2eFpA8-ptdEhK"
"marie-josee.brion@edu.tbz.ch"|"1g2yY#-g3go2&-8uI@Cx"
"therese.basili@edu.tbz.ch"|"%HKNyi-o0ulCY-OLuvtk"
"melia.vertigan@edu.tbz.ch"|"qez4Tu-ZKqzyY-7CAkAo"
"judicael.saull@edu.tbz.ch"|"rgRmnA-1lL6jg-F4g%Pv"
"selene.valentine@edu.tbz.ch"|"Fyd9#4-SHXldC-Xh9YG$"
"verane.dunlap@edu.tbz.ch"|"UR#8h2-Yxy7bF-I3WKmo"
"meline.kinnear@edu.tbz.ch"|"2YWsc9-JDPx5B-qH$klo"
"lei.luttgert@edu.tbz.ch"|"QyGFj0-YSGKYq-H8#e03"
"styrbjoern.lathleiffure@edu.tbz.ch"|"Waq4cj-9NgKWT-bF$qWZ"
"marlene.blasi@edu.tbz.ch"|"oxJneO-P8K61C-1O$cZV"
"mai.begwell@edu.tbz.ch"|"xrSnch-SS1s4r-yW#OmK"
"gwenaelle.kaines@edu.tbz.ch"|"Ikvl%8-3&rskT-10qzr&"
"gerald.adamthwaite@edu.tbz.ch"|"g3inpE-GORWsU-8jxwFO"
"kui.hartfield@edu.tbz.ch"|"lT#E28-qLEwUe-TEswqU"
"salome.currao@edu.tbz.ch"|"%NVsOp-FEIHGg-q&Lc2W"
"angelique.tixier@edu.tbz.ch"|"iFV5BW-ynmnjY-Vco@P6"
"ju.mcgragh@edu.tbz.ch"|"Bq4hYl-jpepFY-tHWs0Q"
"dafnee.beachem@edu.tbz.ch"|"45T3T4-N0x32g-DYeu0l"
"creez.terlinden@edu.tbz.ch"|"i@gt2v-Ucbawz-WHp$dw"
"uo.mcskeagan@edu.tbz.ch"|"m$LTFe-8JsJ5N-zGLb0s"
"edmee.mccaughren@edu.tbz.ch"|"qoPvEo-FRMeo1-p6IdzL"
"asloeg.cozby@edu.tbz.ch"|"@k2L@U-yuylVk-iTsG@T"
"melodie.traite@edu.tbz.ch"|"Gv0mjN-1nexBf-e1FPSf"
"dorothee.aindriu@edu.tbz.ch"|"oJJDp6-6s45pv-A179a8"
"daniele.doley@edu.tbz.ch"|"oonUzR-NdFDhS-BID8&Y"
"mediamass.fairclough@edu.tbz.ch"|"1QY8#@-XQS9Sb-w1al3u"
"lorene.rainforth@edu.tbz.ch"|"hLU9ui-JKIu59-rbc4Mt"
"leonore.eyer@edu.tbz.ch"|"2$hG3C-MaACyI-#HrPZm"
"po.spillman@edu.tbz.ch"|"9CKvxk-sdE$Pd-53@wsL"
"cecilia.plitz@edu.tbz.ch"|"BYx4CT-6c#f@&-qEF4MM"
"lorene.ludlow@edu.tbz.ch"|"Hx4Gn3-607%wU-SPP48m"
"berangere.neligan@edu.tbz.ch"|"QE6&u7-wmdfWX-CpF#G5"
"simplifies.huggan@edu.tbz.ch"|"pb&OkJ-F2oL2J-o2Q&W$"
"clelia.prandy@edu.tbz.ch"|"goOCaL-fFFWm9-PvfeoE"
"ake.osban@edu.tbz.ch"|"zxr98H-@NqVPe-5MT1eE"
"cunegonde.brunn@edu.tbz.ch"|"7DAaGk-uQ@anE-NzR4jQ"
"long.grizard@edu.tbz.ch"|"v9C@Gv-GZFtTh-f1poOj"
"meghane.diss@edu.tbz.ch"|"gRd6He-Blx9oR-%IHwu%"
"therese.oldman@edu.tbz.ch"|"NoU7On-rgHkDx-TbwMCX"
"boerje.scamerdine@edu.tbz.ch"|"dWYYZD-5M3yyG-9KuySC"
"du.saban@edu.tbz.ch"|"t8tml4-hklPDr-lPD2RW"
"hakan.clynmans@edu.tbz.ch"|"ZuUdji-Z0JtOl-f$sFJC"
"wa.macdowal@edu.tbz.ch"|"FZiwdC-aHbKCC-$tRasG"
"venus.hatrey@edu.tbz.ch"|"sCcDpr-6XBXOc-K5mFuC"
"anaelle.vispo@edu.tbz.ch"|"BK$tXA-VGAQAu-G&n2Bo"
"mahelie.ollcott@edu.tbz.ch"|"XHCxor-jvq&rT-awDHWi"
"mediamass.whyman@edu.tbz.ch"|"g&ZufX-@vTX3v-1DnaVH"
"esbjoern.basson@edu.tbz.ch"|"XBQv70-2pUPVx-bXDN$W"
"andrea.morrill@edu.tbz.ch"|"IU1th8-vRhhN1-9muYXO"
"melys.grassi@edu.tbz.ch"|"&W&lwf-jaK$cH-IsZvRP"
"leone.poleye@edu.tbz.ch"|"rYC9lZ-j1LkWv-F1hFE#"
"francoise.penny@edu.tbz.ch"|"A@CNcs-Kp8YYG-N@j1h5"
"rebecca.edney@edu.tbz.ch"|"vpz5cF-NPFAAO-p2IAen"
"adelaide.murtagh@edu.tbz.ch"|"uQ19Di-CXZIz9-IzcOys"
"stevina.winterbourne@edu.tbz.ch"|"GEZseu-ZKY5BZ-tkQ7DL"
"ma.cottom@edu.tbz.ch"|"iDVoL4-qA0z9h-&93YLA"
"tan.harold@edu.tbz.ch"|"jQjQzC-c&5ahf-uuL$bZ"
"venus.forte@edu.tbz.ch"|"K&zWb8-P9t3#J-dWh7aQ"
"almerinda.oluney@edu.tbz.ch"|"OYXuEa-@QyN@L-0kSlhe"
"cleopatre.brehault@edu.tbz.ch"|"$x86m3-CoR9jp-IeioxA"
"interessant.lapides@edu.tbz.ch"|"i@QQ3$-QqYE5t-MIwvsn"
"reserves.hallatt@edu.tbz.ch"|"rVEtnW-Q1H0KN-9Zc2P6"
"annotes.birdwhistle@edu.tbz.ch"|"tbe%gw-E8R#ZU-kt3S$5"
"ai.dredge@edu.tbz.ch"|"qOOYA$-68z4Jq-%vGPzW"
"megane.mussard@edu.tbz.ch"|"Jo$kiK-UGZzKH-@BzQEt"
"esbjoern.gowrich@edu.tbz.ch"|"S9P3q@-0tst1T-LAPtWu"
"boerje.brislawn@edu.tbz.ch"|"lk4xdA-D#FQ@&-qy&TYy"
"becassine.wilce@edu.tbz.ch"|"q5#MDa-Zwp#lG-omGm33"
"personnalisee.oels@edu.tbz.ch"|"$C#euj-CnB3mI-jGg1oY"
"verane.pett@edu.tbz.ch"|"yQvS0X-doRcGf-j5rt$Q"
"marylene.glewe@edu.tbz.ch"|"qMi&42-@nbm2S-&9L9&0"
"lai.elson@edu.tbz.ch"|"sq%D9E-L7%@8Q-NVBgcT"
"serena.difranceschi@edu.tbz.ch"|"Z64Oig-4Jbgkt-e&5jZz"
"lie.espinel@edu.tbz.ch"|"$7llEm-VMkN5#-jbfBfj"
"marylene.fantini@edu.tbz.ch"|"yis%gT-jCVtCn-yxNE6U"
"andre.archdeckne@edu.tbz.ch"|"pOcY7r-XVz4lb-B8&mCR"
"goeran.bohlingolsen@edu.tbz.ch"|"RZ1S%1-@T@PoB-nYfxP2"
"cunegonde.heffer@edu.tbz.ch"|"u1oU4&-X9ROjs-kCLB1k"
"tan.fechnie@edu.tbz.ch"|"&Ay&Xe-OOMRvr-KYeqWL"
"marie-noel.brammar@edu.tbz.ch"|"lYfazP-O7pD6F-Z2J4RS"
"simplifies.aven@edu.tbz.ch"|"o4q1#4-MESATX-cQJn4Y"
"melys.pinchen@edu.tbz.ch"|"$WOvEQ-b0sElb-Uzx3Um"
"edmee.joyner@edu.tbz.ch"|"C%JE%K-kqJkFa-AHbxPB"
"berengere.edess@edu.tbz.ch"|"Rsz4mz-xnVAar-l6r82U"
"marie-noel.goward@edu.tbz.ch"|"FNJVIu-kY2X$m-JiIovZ"
"ju.edmons@edu.tbz.ch"|"RzvkMZ-IxhoXK-NKZd5N"
"frederique.airds@edu.tbz.ch"|"Mrj4m8-KLDLaf-WRnC%B"
"reserves.dauby@edu.tbz.ch"|"Mqo4MF-oEGAd3-FnG@kF"
"hakan.gynni@edu.tbz.ch"|"7Duv&y-dFdFVr-roqZaT"
"leonore.pinwill@edu.tbz.ch"|"VgBItt-KDl&a5-$#%%zi"
"marie-eve.mcallan@edu.tbz.ch"|"ekeI%@-NiaVAN-$Nzw@G"
"naelle.yeabsley@edu.tbz.ch"|"NmCqIJ-ActkPV-N89grs"
"nelie.jacobovitz@edu.tbz.ch"|"&#LwiX-1s3wwp-hhdSFM"
"adele.conelly@edu.tbz.ch"|"LqXt5B-FSrRRF-Kw09sc"
"clementine.dondon@edu.tbz.ch"|"LrMs1E-baZBXG-%Bun%J"
"zhi.willcot@edu.tbz.ch"|"GPeoIu-FT5MRJ-sXEDU%"
"chloe.janicki@edu.tbz.ch"|"ktpFh$-toF3Tz-Jgmd5m"
"meng.linde@edu.tbz.ch"|"@B21sv-1cnN8m-UlcH1P"
"celine.janisson@edu.tbz.ch"|"D%R4@H-CeApLS-ssuI6g"
"clelia.crow@edu.tbz.ch"|"pEMcMl-P#E@RV-Oc8#R8"
"cecile.pyott@edu.tbz.ch"|"4NBwRR-tvuTyX-wFey8V"
"ma.fidelus@edu.tbz.ch"|"3K2fz%-mqzbr0-q4rai9"
"marie-helene.poore@edu.tbz.ch"|"#MVpnP-16a37k-3%p7Bb"
"elies.blanket@edu.tbz.ch"|"x27Hxd-9lAOw%-p8G9QD"
"yu.boyer@edu.tbz.ch"|"zd45Yg-P9EKoN-mrlbhy"
"celia.welds@edu.tbz.ch"|"zWORKP-f%CP8n-vsEtKH"
"du.gunney@edu.tbz.ch"|"48Du0r-wPU4VW-8s%lxh"
"goerel.crush@edu.tbz.ch"|"T6GEL5-CV7yp6-%uhYs1"
"marie-josee.brosius@edu.tbz.ch"|"zmsQR%-t244$r-lytjcM"
"camelia.adds@edu.tbz.ch"|"CygzoV-GT053i-h$59Ki"
"anae.irwin@edu.tbz.ch"|"ebFwAf-in&SYC-m1d3AS"
"cleopatre.skeffington@edu.tbz.ch"|"Yq#i7p-cwtjd5-YT0e1z"
"gerald.suggate@edu.tbz.ch"|"vgFQTQ-cBnC7c-9UNZ8I"
"laurene.tailour@edu.tbz.ch"|"7YpO5I-wFDRo@-yM%Hjt"
"amelie.hoble@edu.tbz.ch"|"2PpwL6-HagRF6-Myzupe"
"venus.getch@edu.tbz.ch"|"gX4qBy-2uMraJ-Cmotm#"
"renee.treby@edu.tbz.ch"|"$wbzAb-Fq#cDk-RKvyNK"
"almerinda.stait@edu.tbz.ch"|"9KyMt4-gYh39N-1a8cBv"
"andree.reddecliffe@edu.tbz.ch"|"gx6XcL-7WHR5F-vx0WNI"
"leone.wintle@edu.tbz.ch"|"&brBE&-aRB5dn-##22xZ"
"gerald.fellow@edu.tbz.ch"|"wQGdUq-R4UO7X-V&l73g"
"ju.gudger@edu.tbz.ch"|"QpI@Ht-xfmq6X-&ceCnz"
"meng.ohaire@edu.tbz.ch"|"x4No%e-hK7V1E-OyhCAi"
"cleopatre.missington@edu.tbz.ch"|"9X88Xi-e3qttF-OBQhui"
"annotes.debruyn@edu.tbz.ch"|"baa#ZH-pgjppn-BYyn$L"
"gerald.sinisbury@edu.tbz.ch"|"BCpkyu-x#lcln-boUUP8"
"creez.slora@edu.tbz.ch"|"2h3TwG-I6bFEA-@sIx$T"
"gisele.benbow@edu.tbz.ch"|"9fB4aE-#m7Tm#-tWr2$U"
"pal.dossit@edu.tbz.ch"|"NPHM2M-9rpQbU-G1iXnR"
"nelie.stirrip@edu.tbz.ch"|"bEvBfB-ghC046-fICaL8"
"alois.ocrigane@edu.tbz.ch"|"G1RicD-i02IIn-53YQhv"
"kui.mcterry@edu.tbz.ch"|"@25K0X-7CycEt-bCGUiI"
"long.willgoss@edu.tbz.ch"|"vYVeM0-5exf@x-sQMmiK"
"francoise.sumpner@edu.tbz.ch"|"zZ88PP-yoCbVK-iJ$TCD"
"maely.grinstead@edu.tbz.ch"|"sj0faj-5fiJBw-yQ0shZ"
"creez.langeren@edu.tbz.ch"|"NvWkp8-@odI&I-ZeKLgm"
"adele.dungate@edu.tbz.ch"|"M@z@dA-SSlq52-TNdETy"
"cleopatre.noirel@edu.tbz.ch"|"nDhsuf-%RUNJV-YY0t0Y"
"interessant.daverin@edu.tbz.ch"|"cOUE@&-t0Oj$k-3iB@wh"
"naeva.kalderon@edu.tbz.ch"|"PsDO4W-cKznn%-wfsv5U"
"anais.oshesnan@edu.tbz.ch"|"a0BpbR-6G$vsc-lyTYAY"
"judicael.anelay@edu.tbz.ch"|"J9H3lV-QQloSr-Rs$1qS"
"eloise.braxton@edu.tbz.ch"|"wODD69-cP9#s3-lfl6#w"
"desiree.greguol@edu.tbz.ch"|"8dS45n-vgrX5s-eXRFZa"
"maite.mcclenaghan@edu.tbz.ch"|"N39WKb-moO5lA-I3SlvE"
"meng.doret@edu.tbz.ch"|"kqADx&-hB#pnQ-gsiDQE"
"frederique.chippendale@edu.tbz.ch"|"6srAy7-bdMFmB-91q&c4"
"andreanne.lanney@edu.tbz.ch"|"c4YENm-RP7EdB-rc$rm$"
"aurelie.claus@edu.tbz.ch"|"Y&kOlR-NW&s17-pV@YfV"
"renee.pabel@edu.tbz.ch"|"$jd7vg-p7HqBW-JsJ46X"
"maena.roust@edu.tbz.ch"|"QSKEl7-DsvjR3-HdLmMP"
"nadege.carwithim@edu.tbz.ch"|"$1l2%7-lj@SFa-m68nzw"
"solene.geyton@edu.tbz.ch"|"tXGN3z-4x10Dz-GLVkNR"
"dafnee.avraham@edu.tbz.ch"|"9eSmDq-iQItJm-tzJy2N"
"leane.woolvin@edu.tbz.ch"|"6Z3pRS-$WGEv5-$&Zv9P"
"adele.macadie@edu.tbz.ch"|"LfY0af-tWb52E-EjwDuy"
"meline.rubica@edu.tbz.ch"|"pnFjZG-3Ldln$-FRJkjt"
"marie-noel.speeding@edu.tbz.ch"|"c@bs9P-U6Ylfm-oUHnlZ"
"nelie.mix@edu.tbz.ch"|"#tE8a9-JEjGAc-NFa3ja"
"clea.ollett@edu.tbz.ch"|"ARntNX-@oris8-NkDjfP"
"leandre.mcgavin@edu.tbz.ch"|"cgk967-t7rQ%Z-n6uuoy"
"cecile.behne@edu.tbz.ch"|"XY0QmM-FWAnga-#$3u$w"
"melanie.polle@edu.tbz.ch"|"U3H@k#-9iLCnO-ecjIjH"
"marie-josee.titmuss@edu.tbz.ch"|"Je1kVk-Wp1mx4-w@CldX"
"helena.guest@edu.tbz.ch"|"ZxKPxf-u96trM-4OGqUk"
"annotes.chicchetto@edu.tbz.ch"|"tF7$o1-i&j3#f-zdWw2X"
"melia.tubb@edu.tbz.ch"|"OQVC64-bRaUSf-SF#bO&"
"angelique.casetti@edu.tbz.ch"|"aUB1jc-Aq7R1l-%Ot8RS"
"cunegonde.cleall@edu.tbz.ch"|"gUi&o%-awRbcR-KXTXSj"
"camelia.oaker@edu.tbz.ch"|"Drobu0-g&uV4S-H$jV71"
"you.searight@edu.tbz.ch"|"fVWS8#-7xnEse-fGXm&s"
"kevina.dederick@edu.tbz.ch"|"kv1HrZ-&vlITk-DnVc5%"
"milena.jeffrey@edu.tbz.ch"|"6EZngp-w%GP@f-0IKzrT"
"melodie.barkshire@edu.tbz.ch"|"TehVQK-9Mm3TN-#Xs0ob"
"gaelle.kreutzer@edu.tbz.ch"|"s02G9z-vzvaGj-XKHM%B"
"kalliste.kleinpeltz@edu.tbz.ch"|"5yuLSq-$0BrUZ-l3Oexj"
"clementine.danat@edu.tbz.ch"|"UdDing-3CO49c-UfC3RE"
"andrea.wabb@edu.tbz.ch"|"ny3yGR-6YNZ5s-1yfWv5"
"geraldine.piesold@edu.tbz.ch"|"kQe2o2-PBMWni-u4rrmz"
"tan.fiveash@edu.tbz.ch"|"&lpEuT-7PVSSu-Jx9pWA"
"meline.yuranovev@edu.tbz.ch"|"aVB6gE-c8rrsQ-qt@6P6"
"therese.holme@edu.tbz.ch"|"#wTxyS-OZ$vMW-rK@0xv"
"salome.vaney@edu.tbz.ch"|"q3kwt&-RGSF@i-B4r5bY"
"anae.abramson@edu.tbz.ch"|"Kkj8za-P5KWtl-Xdtuuo"
"kalliste.jimson@edu.tbz.ch"|"CxV4dd-pV40F8-YBf&er"
"selene.yole@edu.tbz.ch"|"WvMqtd-GvIkjD-R@al6r"
"agnes.defraine@edu.tbz.ch"|"&5S@dV-ClOMk&-WXGT7O"
"faites.mccluin@edu.tbz.ch"|"d8le1a-iRyUKW-X&w1kC"
"athena.deme@edu.tbz.ch"|"CFYMx6-Ot%rjb-6HqWvf"
"daphnee.brigstock@edu.tbz.ch"|"OsiUlf-YYDvj5-fUKFQw"
"goesta.skaif@edu.tbz.ch"|"yyIMYQ-mOYJ2@-KKOEbz"
"oceane.jagoe@edu.tbz.ch"|"mIYMTq-BVD44C-7esFT8"
"annotes.broomhall@edu.tbz.ch"|"Gw18T3-HdTtib-2%R2ZG"
"marie-eve.ballendine@edu.tbz.ch"|"hKp5V5-4bU$9R-FVjneX"
"melina.spykings@edu.tbz.ch"|"Apw1OJ-Kj%1RB-PuoM3k"
"laurene.ticehurst@edu.tbz.ch"|"CyeTVA-qtmvVP-CP$p8c"
"fei.avramovic@edu.tbz.ch"|"GC#mEM-o$6$OQ-luXn70"
"publicite.strathearn@edu.tbz.ch"|"7hOehs-@Jni2X-158NGf"
"torbjoern.garrow@edu.tbz.ch"|"BbJDnA-amwlje-PdjalN"
"chloe.rubinsztein@edu.tbz.ch"|"LcQ$0e-vQ0rjf-I%fKaH"
"mylene.demanche@edu.tbz.ch"|"b7BUnc-6nFiCG-&sU03o"
"mediamass.godlonton@edu.tbz.ch"|"U4v9&C-Qe8Uup-lOmfeO"
"renee.shurrocks@edu.tbz.ch"|"hhAiIv-5VH87C-jRERuo"
"maiwenn.jedras@edu.tbz.ch"|"i&jXIk-WLyQOe-CrVVbn"
"genevieve.castells@edu.tbz.ch"|"KNWL6F-QcbI8%-wjQwj&"
"renee.sneden@edu.tbz.ch"|"wu@O0T-jVTQEA-vTqxRY"
"lai.mccallion@edu.tbz.ch"|"F&zXpq-@fNbQM-cTszdK"
"kevina.impleton@edu.tbz.ch"|"pKm4Aq-uPvkDG-X6DLSk"
"oesten.fresson@edu.tbz.ch"|"V%LphG-AWxE27-ALeq5L"
"verane.shawley@edu.tbz.ch"|"ewapQ$-bTr7V%-24ZC4J"
"uo.sjostrom@edu.tbz.ch"|"@A#5d5-qkxepz-$WID0S"
"gisele.gothup@edu.tbz.ch"|"Hnfthq-$tNbB2-pjBXxC"
"renee.beauman@edu.tbz.ch"|"V00swS-eLGngd-0ULwJF"
"elies.loton@edu.tbz.ch"|"LI38to-8wNbIn-5ECTEM"
"valerie.elsmore@edu.tbz.ch"|"R$7lTc-YbKUga-qT%kvl"
"berangere.delafeld@edu.tbz.ch"|"%kNm9K-dlsbGq-LuyL0v"
"bjoern.schimke@edu.tbz.ch"|"UKctjE-w4zMmK-Wh1#Ua"
"loic.ericssen@edu.tbz.ch"|"75fPv3-iJ9Voq-ay60VF"
"creez.richarz@edu.tbz.ch"|"pGAH2q-AYEyWc-SOP7VU"
"athena.grocott@edu.tbz.ch"|"oQ3oCB-$xrAK5-FVZJy6"
"naelle.piotr@edu.tbz.ch"|"kZcqHA-fOq9tp-nwEd#%"
"maella.paulson@edu.tbz.ch"|"ynmpY7-1P2FKm-1%8htT"
"song.perot@edu.tbz.ch"|"FutyR&-CS2jUE-bdyWdI"
"kalliste.heckney@edu.tbz.ch"|"fj9i4R-Xkk@nj-Cme8YG"
"ake.vasyutkin@edu.tbz.ch"|"dl@kxR-1FD0We-VZ&uCw"
"ma.castles@edu.tbz.ch"|"uOCiEY-sUgUAO-sV$4GE"
"maely.monget@edu.tbz.ch"|"dSZVr@-PVs9JP-Jsx9j@"
"tang.durbridge@edu.tbz.ch"|"2Q$gfo-XBjPuO-$T8VtW"
"laurene.andrew@edu.tbz.ch"|"qzgpGZ-LmfAFb-9l8QhR"
"lysea.beacon@edu.tbz.ch"|"m%#mm4-08PRp$-hGLEMl"
"leandre.peyntue@edu.tbz.ch"|"y4st8s-cRlkgq-HM4wdY"
"rao.trever@edu.tbz.ch"|"bFI&MV-Okdz0Z-y24yX$"
"mahelie.streader@edu.tbz.ch"|"j1P5UL-%&TAlL-ghGxq@"
"maerta.andrejevic@edu.tbz.ch"|"k4azwV-wcwRoQ-wsRBtQ"
"goesta.tompkins@edu.tbz.ch"|"gk0aN1-8bSrO4-syAs25"
"helena.agates@edu.tbz.ch"|"nCHU92-YJ$u8v-SCzcpd"
"therese.glass@edu.tbz.ch"|"lij4%n-Gk5sIe-pN@FXM"
"alois.foan@edu.tbz.ch"|"GZlINQ-M0ETKC-lQKH8n"
"becassine.melchior@edu.tbz.ch"|"rV@Z$2-ms2DFZ-CAnkNG"
"cloe.robart@edu.tbz.ch"|"ngjKOL-S1Jxbv-X&piYB"
"daniele.puckinghorne@edu.tbz.ch"|"IBrirw-Rc0vDS-qLVaO3"
"selene.cammidge@edu.tbz.ch"|"yNz@km-1ij3RV-8KVbKW"
"regine.conochie@edu.tbz.ch"|"Vazsf5-tyAdax-i@EJww"
"interessant.tuiller@edu.tbz.ch"|"QD1Gc&-p6i6Or-#5Pwb2"
"long.tiebe@edu.tbz.ch"|"iZrPpd-BlC9U6-3#@S2n"
"mans.yele@edu.tbz.ch"|"HWskg@-N8N#wj-P4nyxY"
"ai.giles@edu.tbz.ch"|"c6@gA1-Nk4hZR-MpO#2i"
"gaetane.hamberston@edu.tbz.ch"|"oSJF7j-xY8#@O-YfZJNN"
"marylene.fenix@edu.tbz.ch"|"mOY2RO-fCxuq8-WVzoVr"
"geraldine.graeme@edu.tbz.ch"|"oBT$Pi-Ht#1AS-O$oLs&"
"tang.kinglake@edu.tbz.ch"|"Ysl6NP-6eVK7o-MpfQAS"
"lai.challoner@edu.tbz.ch"|"PlCCzf-IXcJTH-v3Aluz"
"desiree.mattei@edu.tbz.ch"|"gRsPhf-$cvz%@-m9V8i&"
"ake.erley@edu.tbz.ch"|"$$Bg5t-qmYX1A-jI5kpW"
"edmee.cavil@edu.tbz.ch"|"TCHuyn-z5TDUF-9I&GSF"
"alois.moyes@edu.tbz.ch"|"5@HKaX-AUl3oI-%PTecE"
"becassine.pitman@edu.tbz.ch"|"BWeAm2-8#ZTOA-y0QvaA"
"ai.giacovelli@edu.tbz.ch"|"ZxlBY@-Bx2%Jg-3@ba6C"
"judicael.fruchter@edu.tbz.ch"|"eWI8KY-IgNLFj-eHCGH$"
"mans.mogg@edu.tbz.ch"|"bL9Bj7-5IyNCJ-MpL5ou"
"gerald.foyle@edu.tbz.ch"|"@PWV3x-JQ0VfV-PBPer9"
"wa.androletti@edu.tbz.ch"|"Egzr7M-jvil%Q-@#$OwF"
"meng.ollett@edu.tbz.ch"|"2o5xFa-gySnhR-ydeeNI"
"naelle.macmenamy@edu.tbz.ch"|"nf#gN0-xCxF@A-STieAL"
"gisele.mcramsey@edu.tbz.ch"|"JvhTR#-epTaN8-9FiBfB"
"meryl.scolts@edu.tbz.ch"|"kZivH2-&T7IZU-Vgd981"
"celia.bloxsome@edu.tbz.ch"|"PZRQZo-QYJddv-a7WzHZ"
"styrbjoern.stuke@edu.tbz.ch"|"1uO7%5-HzxSNW-Pdya84"
"felicie.gwilliam@edu.tbz.ch"|"eecrGt-fDK6nF-Zw6IRd"
"da.harms@edu.tbz.ch"|"QL#lZb-rhC#Mz-qQlU3C"
"celestine.baulk@edu.tbz.ch"|"dXf#y7-o1Hg$1-VEjqSj"
"mahelie.blackledge@edu.tbz.ch"|"dUDWRU-ToUQfH-hdkekE"
"meghane.salt@edu.tbz.ch"|"FAM9%n-SeVoa%-Ss&iPS"
"methode.paxeford@edu.tbz.ch"|"Oxo@E0-wN4JtW-h9lOrs"
"asloeg.milligan@edu.tbz.ch"|"JXIvdR-6EL14B-JaaTTH"
"you.pellman@edu.tbz.ch"|"hnkv4y-HyN6UW-ZlgF#5"
"loic.regenhardt@edu.tbz.ch"|"i&PfmI-54xRv%-QlDfiO"
"daniele.savill@edu.tbz.ch"|"dJYaAV-QkdUrd-n%gxyC"
"alois.cornu@edu.tbz.ch"|"s888wr-XL7j$4-Npafpy"
"oesten.govey@edu.tbz.ch"|"Wjw2b2-KjH$iU-WzJT1t"
"marie-eve.louch@edu.tbz.ch"|"2l8Aw3-qXRcDu-WHtE7E"
"theresa.wenn@edu.tbz.ch"|"z$NHO6-eN87Gv-@oH7y6"
"andree.eul@edu.tbz.ch"|"&Qyn$4-%qI0Kz-VoaXRx"
"lie.paynton@edu.tbz.ch"|"N#EAsz-1jo&rQ-0qge%H"
"marie-eve.girodier@edu.tbz.ch"|"VKAUOu-57fioW-%9#zug"
"marie-noel.smithe@edu.tbz.ch"|"Emtof$-VhVQ2x-@L1i9B"
"men.bootyman@edu.tbz.ch"|"Bjl04O-vCT0W%-4RoTxS"
"ku.sugg@edu.tbz.ch"|"#ZpTgX-S&E0u2-ulp2DB"
"lucrece.roseman@edu.tbz.ch"|"Nm0AGK-vBcYnj-7I$Bgb"
"zoe.annear@edu.tbz.ch"|"iYCkwX-ypK7CW-c9HqvG"
"marie-helene.rennebach@edu.tbz.ch"|"d6#g7D-HkX%xf-jJ7oR$"
"lea.djurdjevic@edu.tbz.ch"|"wSbWcy-IBhdva-BSpbLN"
"goerel.robert@edu.tbz.ch"|"FPAD4d-#AgaIp-GbqQJW"
"mylene.foldes@edu.tbz.ch"|"I48xz6-33rEBA-d&6Htt"
"faites.clegg@edu.tbz.ch"|"GLG6rz-o00#mZ-5Q0x4e"
"marylene.crowcher@edu.tbz.ch"|"wnGorw-BLFvKD-gk#a@d"
"aimee.wimpeney@edu.tbz.ch"|"F$wUXR-YOGobC-h4i2qY"
"renee.atkins@edu.tbz.ch"|"lMCyQu-UHfPG3-E3mu6I"
"rejane.cainey@edu.tbz.ch"|"T&NVHH-rTktsk-gAgzoh"
"solene.britney@edu.tbz.ch"|"egH5C7-IQ&Voi-$404m7"
"marten.shatliffe@edu.tbz.ch"|"IzF%zD-jO&IqQ-#TwZke"
"maite.issatt@edu.tbz.ch"|"pTqD5C-CfpDMr-03#%bH"
"maelyss.edon@edu.tbz.ch"|"YQu6gU-U5ed$E-&KcxDe"
"nuo.bamling@edu.tbz.ch"|"8QMUHQ-ZN9E1C-X#tfZ@"
"anais.edards@edu.tbz.ch"|"s334kE-iPFQ54-FzOxTn"
"mediamass.bromet@edu.tbz.ch"|"7Pxm@d-Q#TYT8-kLxEVe"
"beatrice.kimbrey@edu.tbz.ch"|"0G6Y&t-uY%P53-T@ImRI"
"ines.lawranson@edu.tbz.ch"|"8b3Yf#-JKRhFZ-PcaZu#"
"kalliste.scandroot@edu.tbz.ch"|"Qq%lk5-vVjfZU-jbvoGL"
"mans.barrowcliffe@edu.tbz.ch"|"$@9aM2-82Ja3k-FmTCDJ"
"irene.couves@edu.tbz.ch"|"#cUxCg-9mKmIJ-wd#MDH"
"milena.mucci@edu.tbz.ch"|"LdOaC$-u3$WSV-sZTWJQ"
"naeva.cow@edu.tbz.ch"|"LbtRnj-RyIDVI-KSpkoY"
"audreanne.mournian@edu.tbz.ch"|"b8$9SC-b6aSo4-MbkJ4u"
"melia.sinnatt@edu.tbz.ch"|"sbFMgB-%kdn9M-rqzuyx"
"nelie.burnard@edu.tbz.ch"|"4cbTLn-tIfH$M-JItlIR"
"clelia.ashfull@edu.tbz.ch"|"kb8oZs-JcVBp5-jsMoNf"
"lie.macard@edu.tbz.ch"|"klGzL7-x5WJnD-sw$40o"
"valerie.matoshin@edu.tbz.ch"|"mfaUu$-JbQex6-rOaaIZ"
"anael.hatherleigh@edu.tbz.ch"|"Rp5MI9-HtpT5W-7WPwWy"
"interessant.warratt@edu.tbz.ch"|"OL@bv$-rdBKaf-Bjg6RM"
"eleonore.volage@edu.tbz.ch"|"8%MbZ0-bhZyzz-69andi"
"zoe.stebbing@edu.tbz.ch"|"%ejPCs-&@jk3@-wn7aBB"
"alizee.nye@edu.tbz.ch"|"2oA@YV-#CU8br-QBjeY7"
"celestine.bramley@edu.tbz.ch"|"o&ik@R-Ext618-MORwvi"
"selene.philcott@edu.tbz.ch"|"gwVZ0X-cWiBSL-errS#v"
"tang.newens@edu.tbz.ch"|"Oo2@sh-wNYMIE-q5CO2V"
"annotes.powys@edu.tbz.ch"|"%WX#Hr-dNlI0H-NWVZEt"
"lea.matthesius@edu.tbz.ch"|"xJ@lJh-3#PAX8-MWz4H9"
"illustree.garlett@edu.tbz.ch"|"XrE&RM-PVPe8T-TQwSsH"
"maiwenn.meachem@edu.tbz.ch"|"e@@&mH-xNMAvv-sk5jLr"
"marie-francoise.mcbrady@edu.tbz.ch"|"5652ks-FxpuRC-NQHgfV"
"illustree.gimbart@edu.tbz.ch"|"oEmRJJ-hU4Tuy-VmmXNw"
"melys.lyosik@edu.tbz.ch"|"3AdoDt-zyg7Vm-cPYy5g"
"marylene.mcnab@edu.tbz.ch"|"HagWhV-BOnFjX-a$S2to"
"gerald.blount@edu.tbz.ch"|"agBnNJ-llwezc-TkeXmL"
"clelia.shakelade@edu.tbz.ch"|"iFENGQ-X%&OpU-WQf3$$"
"penelope.cridlin@edu.tbz.ch"|"SVjT7o-yJxV9V-%ZFQOi"
"maena.okuddyhy@edu.tbz.ch"|"qoCLrx-6RNKV3-kOMoUh"
"athena.keynd@edu.tbz.ch"|"kyZ9fe-#23iSC-ZdKGM6"
"cloe.dwine@edu.tbz.ch"|"iB7rHK-2tItIP-DDr6PX"
"josephine.browett@edu.tbz.ch"|"#VRsVs-dxri&V-x17VYA"
"audreanne.oscanlon@edu.tbz.ch"|"3YQnd@-pgtfHR-vm2tU&"
"fei.jeanequin@edu.tbz.ch"|"MKqupP-rGfOYM-seg&QI"
"lois.gormally@edu.tbz.ch"|"BDBH1S-KD82J7-jX42x5"
"marie-francoise.finnigan@edu.tbz.ch"|"oGaHqo-gzuokU-g55iA&"
"leonore.trussman@edu.tbz.ch"|"Y#K8yB-J&EdMt-e8W0Zi"
"anaelle.trumper@edu.tbz.ch"|"QwgcaN-p&%tFs-xH1STK"
"clemence.dionis@edu.tbz.ch"|"AuO14@-4HpbMI-3H&M$Y"
"lois.tranmer@edu.tbz.ch"|"LQv#Q8-fBtRbz-DWzgX@"
"interessant.volett@edu.tbz.ch"|"AFO7&s-1qYdVg-wVoBZC"
"personnalisee.deackes@edu.tbz.ch"|"okuTcZ-lPMC&z-ZkGCn2"
"lie.vasiliu@edu.tbz.ch"|"SbaipK-J7Q0&B-evwr8C"
"dafnee.lamputt@edu.tbz.ch"|"wot5iA-oIHRGk-Dgah94"
"elies.bromige@edu.tbz.ch"|"@MrU$@-ZYwa%e-@Z%FXU"
"helena.klosser@edu.tbz.ch"|"evjFll-79nMAW-QvWYxq"
"andree.grim@edu.tbz.ch"|"zJ$DRU-Opoevk-TTwXn1"
"verane.coldbath@edu.tbz.ch"|"AoXcwY-CU$ECH-gi6q%R"
"helena.bethell@edu.tbz.ch"|"92WVj4-klG7Gt-W@gG8g"
"kalliste.carefull@edu.tbz.ch"|"6c0Meb-OxYjTr-zi%hJ6"
"regine.odams@edu.tbz.ch"|"mO7w%P-#Ylyuz-32&i5%"
"len.stannus@edu.tbz.ch"|"YBDnQN-dU6@kJ-l%Y0P&"
"angelique.works@edu.tbz.ch"|"8uYxTp-NdA44v-KsH$Po"
"goesta.rheaume@edu.tbz.ch"|"3Hc9$i-XziH#Y-wToR$z"
"maelys.tynnan@edu.tbz.ch"|"4@j@G@-eX6U02-H&wF5Z"
"maelle.carlesi@edu.tbz.ch"|"ix#1GH-yjkYw6-n0v%ok"
"anael.spurden@edu.tbz.ch"|"Iw8Dkn-yY1PjN-RZ1DnS"
"helene.pumfrett@edu.tbz.ch"|"31oQPA-%vy4EK-#awtHj"
"goerel.pearn@edu.tbz.ch"|"5mxtQR-T3&Pts-S5LWvA"
"laurelie.dezamora@edu.tbz.ch"|"wxAzph-T&7mBO-t5oVU7"
"yao.twidale@edu.tbz.ch"|"m@beiD-KzrDnL-CiXpjg"
"berengere.sola@edu.tbz.ch"|"Jg7lkz-S3C3h$-#Ja#V9"
"maelann.hardistry@edu.tbz.ch"|"edGW&9-AjFxoQ-qhrdbG"
"severine.littlefield@edu.tbz.ch"|"A8fffQ-@8TUru-e##20i"
"salome.heinl@edu.tbz.ch"|"OcC&lu-4YsGuJ-athg59"
"meryl.warbey@edu.tbz.ch"|"uT1hjn-xNMQQg-Ja4Ntm"
"da.hunstone@edu.tbz.ch"|"SsO3eb-mftiRO-xELA&Q"
"venus.broadbury@edu.tbz.ch"|"fp$#Ex-TPhydd-peFswz"
"meghane.rentelll@edu.tbz.ch"|"&uHYY1-QJToXg-jtAcKL"
"marylene.drewitt@edu.tbz.ch"|"VJe0eS-ji1Edf-4AUOnV"
"melinda.jacquemet@edu.tbz.ch"|"GjFGp@-nUsWX6-nsPq&o"
"marie-josee.keyden@edu.tbz.ch"|"4Iq%$c-ZyQix4-c2QTNb"
"asloeg.montacute@edu.tbz.ch"|"geiF5C-u@nebJ-9nB80V"
"ku.andreou@edu.tbz.ch"|"ldgyiq-1Xrh4O-taSPZd"
"personnalisee.feaveer@edu.tbz.ch"|"cXQ4Kl-3tx#OV-X9BBXi"
"laila.emptage@edu.tbz.ch"|"t&HBih-AeIOgm-HLtpWX"
"bjoern.dawdry@edu.tbz.ch"|"aDVkPq-qRFPuj-Uu%#ls"
"marie-eve.dinsell@edu.tbz.ch"|"&3xmpX-pip0OJ-#qFCg#"
"helene.follett@edu.tbz.ch"|"a3yb&s-j$H5Q1-U$ppVn"
"penelope.cordero@edu.tbz.ch"|"INKsxO-g1df4F-%@YbHO"
"boerje.beedell@edu.tbz.ch"|"RE6S6V-N@X32z-MrXJFD"
"nelie.ferne@edu.tbz.ch"|"UNbCOx-FsEkW&-cCOm9c"
"celine.ahmed@edu.tbz.ch"|"2qpAp0-Hg1SLJ-i$nnvc"
"stevina.pimblett@edu.tbz.ch"|"#Qkvkb-j$yL5U-IG38A%"
"chloe.langlands@edu.tbz.ch"|"uTKq4S-kLgT0J-jNYm3s"
"simplifies.maude@edu.tbz.ch"|"T02mok-$jU5K3-o7B1@O"
"genevieve.decarteret@edu.tbz.ch"|"UGRola-%mPpm2-L5kmiZ"
"marylene.mughal@edu.tbz.ch"|"eXARMg-adnodS-YHU#Sp"
"goeran.guttridge@edu.tbz.ch"|"U0qpey-szQTKj-sGwV49"
"michele.smurfitt@edu.tbz.ch"|"kMOFf4-96y8ol-SIv&xy"
"methode.hadeke@edu.tbz.ch"|"1idxOj-kQ@H4I-SCaKmA"
"therese.rispine@edu.tbz.ch"|"NXI5f%-7%uyhg-W8BKGg"
"goerel.plumley@edu.tbz.ch"|"HhOCPe-nP5eE&-e8cnfz"
"oceane.friett@edu.tbz.ch"|"Nx@KyX-gEsJri-fmUrmw"
"marie-noel.achromov@edu.tbz.ch"|"WMx4I0-KH0W5H-ex4SLk"
"dorothee.storek@edu.tbz.ch"|"oN0@OU-9Bee3E-nxzYwS"
"goesta.whittle@edu.tbz.ch"|"tTFv4@-HOm0mJ-WYc%55"
"desiree.casely@edu.tbz.ch"|"x&WNF1-qfUBBe-rgqNom"
"felicie.condon@edu.tbz.ch"|"Nad5qR-MFZO%l-pgR3Lg"
"maelyss.frisdick@edu.tbz.ch"|"k9IqQN-jqy2K0-U6@5Ue"
"aimee.banke@edu.tbz.ch"|"zVrRPD-ShRm7I-v4xlj6"
"naeva.hodcroft@edu.tbz.ch"|"8$GxwY-pp4Zzh-9PKUbN"
"laila.gerrans@edu.tbz.ch"|"ngzLJX-9mqvEw-tt6UQt"
"daniele.scrimshire@edu.tbz.ch"|"ydDVMT-6wk@mR-P@3sSi"
"daphnee.sheerin@edu.tbz.ch"|"10OMsM-gKM&d5-Tk3WJz"
"pal.vanyukov@edu.tbz.ch"|"yxFYeH-0TkQ%a-TxobQu"
"zoe.childs@edu.tbz.ch"|"f8qu5m-#CScvJ-0MJ$8#"
"ai.corde@edu.tbz.ch"|"F%Av$e-aQL62C-QKm&xJ"
"maelys.berryann@edu.tbz.ch"|"XSzsbc-8jG&Ej-DweBV#"
"cloe.gladding@edu.tbz.ch"|"IJDSOO-v6Iq#S-dBC&Pf"
"wa.kinnaird@edu.tbz.ch"|"SE5oJT-H4VVMj-ReflWL"
"publicite.brittoner@edu.tbz.ch"|"s7xiXG-99OfxH-FTu$VF"
"rao.windress@edu.tbz.ch"|"eZX56A-$@55di-wWkdAl"
"uo.kollach@edu.tbz.ch"|"rFwCdL-53IvfF-lLXM%M"
"josee.peskett@edu.tbz.ch"|"ZN2rA8-E3S$tZ-xI#L$w"
"annotee.hasel@edu.tbz.ch"|"udX07g-J973nj-a&yCos"
"cinema.lee@edu.tbz.ch"|"n%hMl5-3opJ6I-wFsyhm"
"lai.vedeshkin@edu.tbz.ch"|"DOjxbO-891mq1-M$BvoO"
"renee.brisbane@edu.tbz.ch"|"Hmxl9V-joFveE-Cqzh%w"
"ophelie.blincoe@edu.tbz.ch"|"v4Ie2k-jgka4#-hasUw$"
"zhi.prazor@edu.tbz.ch"|"z4wCT$-SIWJSq-uBkWfS"
"annotee.maddicks@edu.tbz.ch"|"Rl%COn-o$9fzM-WhzmUN"
"maelyss.codd@edu.tbz.ch"|"lPb@YZ-@TZuSz-@RmsCM"
"celia.peplay@edu.tbz.ch"|"@WyRQA-s@&jVm-n@F3r&"
"interessant.skone@edu.tbz.ch"|"0Yd1uf-1o%uV5-$u4f#b"
"audreanne.hebdon@edu.tbz.ch"|"9YQpaI-esh9s4-fCBb&m"
"oceane.glen@edu.tbz.ch"|"nLaZW1-%KLO$n-IT03qf"
"daniele.vanyushkin@edu.tbz.ch"|"m&fQi$-@poq%n-a&onzu"
"daphnee.ayce@edu.tbz.ch"|"SjFv4g-CXUG2r-xge1D&"
"andrea.attride@edu.tbz.ch"|"Lepk$U-n2oBw8-qlRu1G"
"penelope.bridgwood@edu.tbz.ch"|"Mlb2T3-ql%z0Y-yf2#qa"
"mailis.drewitt@edu.tbz.ch"|"7zdqfF-sJ8v2F-UHPrYm"
"penelope.mollene@edu.tbz.ch"|"D%bQt9-hC4Bz6-zoCL9k"
"illustree.keely@edu.tbz.ch"|"oFvP@y-0P6aO%-&yznf1"
"meng.brisseau@edu.tbz.ch"|"&xsLLS-GUXnfo-xGyDlM"
"ruo.cleiment@edu.tbz.ch"|"un6kZ&-ovwKsI-2NomhN"
"maite.krammer@edu.tbz.ch"|"akgt&0-%d$#yV-K9KYKe"
"genevieve.verry@edu.tbz.ch"|"LkXMK2-Ed00Xk-kw&Fbw"
"lea.olochan@edu.tbz.ch"|"5m0zxB-dxI5dQ-UUd6jk"
"naelle.brunnen@edu.tbz.ch"|"Zo9jPj-Cz%c5P-nYuJsH"
"goesta.bragginton@edu.tbz.ch"|"V74uEI-zJJ7OZ-2IJ$T@"
"fei.danilyuk@edu.tbz.ch"|"5J6bLK-tM2mu#-4#aNGl"
"adelie.turbitt@edu.tbz.ch"|"B4MP5n-W9LFa@-%YK9ai"
"marylene.nutman@edu.tbz.ch"|"aI&bUU-QiaptA-%h3MRW"
"therese.barbrick@edu.tbz.ch"|"Op8cQJ-1AhYpu-ZQd674"
"melys.kolodziej@edu.tbz.ch"|"t8vzo6-q1bn3&-6zUQuB"
"melanie.runchman@edu.tbz.ch"|"btmoUF-4Lx7gj-9Sl2en"
"serena.lafond@edu.tbz.ch"|"EmcOn#-67@tt&-PJLBoZ"
"pelagie.desmond@edu.tbz.ch"|"8D7lZw-4diqYj-kheR4C"
"wa.spickett@edu.tbz.ch"|"SyAOg7-LK0jv9-K%7aeM"
"po.shave@edu.tbz.ch"|"tlQ5W3-6yOVjV-Zdc6k0"
"song.huikerby@edu.tbz.ch"|"8qq7BB-TckCyQ-uSycHG"
"melinda.bimson@edu.tbz.ch"|"Aka#&i-EKas1L-b@NoMc"
"personnalisee.toffanelli@edu.tbz.ch"|"lAYCY0-e1ajrv-vi8H2W"
"leandre.hurn@edu.tbz.ch"|"Q%FlTx-Ht%nt0-vxaSA7"
"oesten.standell@edu.tbz.ch"|"LhSwf$-uGSxPG-go4OqK"
"naelle.smaleman@edu.tbz.ch"|"0mQTBT-KjW5RE-&vhz#A"
"berenice.tayt@edu.tbz.ch"|"Dbz@zx-l4%VTr-vJnkiJ"
"kui.popplewell@edu.tbz.ch"|"DZ34%a-$yjHay-gIwwAB"
"melodie.ferandez@edu.tbz.ch"|"dBbeV1-ak@pmw-k5fT38"
"josee.negal@edu.tbz.ch"|"pe@37B-jT&Ylj-B&RDRd"
"melissandre.ferrelli@edu.tbz.ch"|"9qnO8R-uFpmsp-l5SuVW"
"josephine.kemmer@edu.tbz.ch"|"#b$o0r-b2DpOZ-Ikwx67"
"maely.cayette@edu.tbz.ch"|"$zjsKX-FYsmeJ-j@g&4n"
"nelie.vela@edu.tbz.ch"|"lKD5Wn-6gsxeT-tJaM%c"
"melina.cortes@edu.tbz.ch"|"$50C0N-%93TWc-WZqjxi"
"megane.leyshon@edu.tbz.ch"|"sP#E5N-f@9k&L-D3gGJb"
"regine.harrie@edu.tbz.ch"|"$lVac8-%AG2pr-@2SDqb"
"mylene.widdison@edu.tbz.ch"|"1vRlAJ-i1oQTK-%a5TBX"
"pelagie.vivash@edu.tbz.ch"|"NOdMPZ-3n@U5I-sdBcKo"
"styrbjoern.vicarey@edu.tbz.ch"|"Hvcq9w-81KlaT-Pm$p7Z"
"long.kyles@edu.tbz.ch"|"rb79jP-Pid@8D-5x&t4I"
"stephanie.gipps@edu.tbz.ch"|"XGCq$2-59L&Vj-lM6z3m"
"clea.constantine@edu.tbz.ch"|"7yMYfE-Trz@%f-tbWDJE"
"maella.cometto@edu.tbz.ch"|"v&a0cp-6W8OBk-R#kx0l"
"laila.aubrun@edu.tbz.ch"|"0DBPLk-%dw$2v-lRwSjI"
"yao.austins@edu.tbz.ch"|"$ol$et-ow6tiz-V8&hod"
"mailys.rylstone@edu.tbz.ch"|"T9erSh-5QC2NY-8Q@7S4"
"adelie.curuclis@edu.tbz.ch"|"@YHt0%-uViKxN-%EJ$RN"
"celine.longhurst@edu.tbz.ch"|"bMkx1t-u1xr2T-6NKqne"
"gisele.hazell@edu.tbz.ch"|"fX6KGa-v3HNJv-HMiV31"
"celestine.ciccone@edu.tbz.ch"|"zC0Vp%-bQwm$1-E$B#pD"
"maelyss.doole@edu.tbz.ch"|"S54OQE-@sqgvl-c3BliU"
"helene.grimsdike@edu.tbz.ch"|"yDOScw-%&8Xwk-Y396qT"
"lie.macer@edu.tbz.ch"|"nEC2OC-BEfr8u-oG#sQk"
"maely.izard@edu.tbz.ch"|"qEbHDQ-nqMTOF-ycDv#j"
"erwei.breewood@edu.tbz.ch"|"Bvmo%Q-LOYTdV-clQknq"
"chloe.woolford@edu.tbz.ch"|"cbryLO-An3PG7-tg6mxs"
"cleopatre.turpin@edu.tbz.ch"|"BZ12&2-Ilz4vw-HJU5a8"
"melodie.surgison@edu.tbz.ch"|"d%d98V-wuYYi9-7F3Ugp"
"elies.leander@edu.tbz.ch"|"S8R1P&-Puc8yD-P%%%o&"
"mediamass.reignould@edu.tbz.ch"|"Id8ZV3-9iV8IQ-XtPixE"
"celestine.wasmuth@edu.tbz.ch"|"6&2g@g-DAjEVz-OtYeCc"
"marten.jervis@edu.tbz.ch"|"tuFM%I-F7K60@-JaZzCv"
"daphnee.bour@edu.tbz.ch"|"rSPuO4-qxfF2E-E9P1I1"
"regine.harlett@edu.tbz.ch"|"OW4P1l-%eeu%y-qWvPgF"
"noemie.macaskie@edu.tbz.ch"|"3f8#2l-1D2uFX-Dr3yGx"
"loic.renfield@edu.tbz.ch"|"5g1%p5-C3$vT$-UR&zl3"
"venus.kleinert@edu.tbz.ch"|"M@oIED-ugnEHY-5E@6NS"
"marten.burlay@edu.tbz.ch"|"P$e1zm-fRJuCL-qj1bca"
"berengere.radsdale@edu.tbz.ch"|"WqXFtW-@tolM#-woK470"
"genevieve.duckit@edu.tbz.ch"|"vzX4iL-Et6gEI-CF216z"
"maely.ligerton@edu.tbz.ch"|"nZ$Th5-UBbZoK-8C2egt"
"maeline.ricciardelli@edu.tbz.ch"|"1tnw1K-5I5g3w-P9YJDf"
"personnalisee.yggo@edu.tbz.ch"|"1fbGCN-%vZlFn-4X3$WU"
"alizee.pettinger@edu.tbz.ch"|"9r7KXj-qg&42D-POsWVn"
"desiree.curnnokk@edu.tbz.ch"|"H3e3wb-5RE&&E-4fJL&L"
"dorothee.minors@edu.tbz.ch"|"mQt#Bu-1aqD&m-f&Mdth"
"oceanne.kopmann@edu.tbz.ch"|"JL&Dra-y$nYbj-e&Ltqy"
"almerinda.brodbin@edu.tbz.ch"|"17gm%k-w3ZKxC-Af#yig"
"yenora.carsberg@edu.tbz.ch"|"c2nofN-c1aARZ-Av#K6a"
"wa.beetles@edu.tbz.ch"|"f%Vqqb-RvwB5L-aXXInH"
"audreanne.abbot@edu.tbz.ch"|"@OFPNF-YK80V5-HWomoo"
"noemie.capper@edu.tbz.ch"|"TozFlP-EAwyvQ-w6Uc@P"
"mans.abramamov@edu.tbz.ch"|"R$10#f-5@KB@Z-L9BsTQ"
"audreanne.blakey@edu.tbz.ch"|"AvQKWW-9Etmt9-5wYHro"
"leone.klimpke@edu.tbz.ch"|"u3qrdV-D4PTYy-g1l@bC"
"lie.croston@edu.tbz.ch"|"0g#Vfv-iEas0d-kK$xD@"
"anaelle.baistow@edu.tbz.ch"|"4Ufiw6-$kACVQ-dxOqSz"
"michele.garwood@edu.tbz.ch"|"4YcKvW-DT7sV6-cYM7a6"
"interessant.albion@edu.tbz.ch"|"NtF#Yv-yKev5%-phqEYQ"
"andre.brisco@edu.tbz.ch"|"oKvDi5-5dOEKq-SWAgqw"
"tang.totterdill@edu.tbz.ch"|"m4#7xm-2rklRu-rwZJih"
"marie-josee.braundt@edu.tbz.ch"|"SOCD8H-kzCfXV-H0Vdj$"
"lois.galer@edu.tbz.ch"|"GUYnR&-qsX1Xp-6Xb5t3"
"faites.pellamonuten@edu.tbz.ch"|"kQsBq7-g$JawX-tDpSQ$"
"mai.barfford@edu.tbz.ch"|"1PKsQE-MMOF##-$Wt@LB"
"laurene.macilory@edu.tbz.ch"|"@mxrZt-wqvWcH-FcfUcE"
"elea.peak@edu.tbz.ch"|"g3P62D-l%h4oR-vbhoNL"
"rejane.doni@edu.tbz.ch"|"AmROj#-fYhMUb-tGhGnh"
"mahelie.ector@edu.tbz.ch"|"8&1aQM-uxTMka-briTK2"
"rachele.allum@edu.tbz.ch"|"o3eqVJ-Ku3bej-hVW5Rc"
"laila.gerretsen@edu.tbz.ch"|"MV3135-BPp9DT-zdibIy"
"ines.bowman@edu.tbz.ch"|"2kPag1-C9In&5-y$cqBD"
"publicite.barbary@edu.tbz.ch"|"#oY4k@-4z&Qsi-344ahf"
"mailys.smooth@edu.tbz.ch"|"ZKOULU-ZTiibI-muMn0W"
"mailis.huguenet@edu.tbz.ch"|"hzFumx-6unewv-FbE80U"
"lea.ewer@edu.tbz.ch"|"WJ4gH2-Nkk&ng-YO6B0y"
