"email"|"password"
"melodie.vandervlies@edu.tbz.ch"|"lCsoXw-cpLwGG-n5Y$UF"
"angele.edgecumbe@edu.tbz.ch"|"QD4nUn-MMiNKX-DZxRBd"
"zhi.andreasson@edu.tbz.ch"|"IjnZSL-sDXtsc-IRqX#&"
"judicael.koppeck@edu.tbz.ch"|"0CnHAJ-5ZNTTX-i5sNwm"
"berengere.capron@edu.tbz.ch"|"kzdOEk-aS3ITp-HKnM7#"
"leonie.brosini@edu.tbz.ch"|"I#NcWo-9vLRWP-AkMXbs"
"venus.garfit@edu.tbz.ch"|"2oflY%-0nSHCC-BpbNed"
"melina.janota@edu.tbz.ch"|"AbiWAr-#jKuO2-qiBUcs"
"laurene.bake@edu.tbz.ch"|"P6S$8A-sw#@J4-hIl$T0"
"regine.dorkins@edu.tbz.ch"|"&kt@PI-bb#Ltm-kHU@hR"
"cecile.moffet@edu.tbz.ch"|"&fT&CG-4jgqZN-CTvKkq"
"maelann.labrone@edu.tbz.ch"|"AW@uz$-GoJvgT-5TvwRz"
"melinda.newbold@edu.tbz.ch"|"D7bD1X-8WgGiV-i6GS4$"
"mans.itzhak@edu.tbz.ch"|"kZ&qLI-lYuU&9-%CI5kp"
"melodie.pattlel@edu.tbz.ch"|"#cxqxa-zeTBG0-0ddPw@"
"celine.bonett@edu.tbz.ch"|"Xu0zWE-KAik$H-AxOeLS"
"adelie.mcgreal@edu.tbz.ch"|"ExD%Jo-Ddbkrj-Z4qYY8"
"helene.soldan@edu.tbz.ch"|"mfS&Uy-iLmdqm-hVI@b@"
"michele.cluer@edu.tbz.ch"|"sj#ELY-vX&NRa-UF6Duz"
"maeline.mueller@edu.tbz.ch"|"wnHV8g-#3daIp-$UVeBF"
"maelann.benedito@edu.tbz.ch"|"0Z$O7o-uoSF3u-zzj2OL"
"nuo.gransden@edu.tbz.ch"|"BXI#pc-izILr9-gTMYM@"
"berengere.stainton@edu.tbz.ch"|"$$MLpv-mwI@$O-tf70dm"
"wa.sabater@edu.tbz.ch"|"VDqHpt-5c7jkP-gu1hA#"
"anais.cochran@edu.tbz.ch"|"DG%QT%-w@gOhE-Pyqk2L"
"gerald.bessant@edu.tbz.ch"|"egulGh-FIRTuQ-ka1nqs"
"ruo.coffin@edu.tbz.ch"|"bNQS1U-uJtJi7-UNhkXT"
"melodie.mustill@edu.tbz.ch"|"DVQPcT-af2Adp-7zUg3#"
"ruo.stanesby@edu.tbz.ch"|"faRKSY-oYygfo-LGoeGw"
"noemie.antognelli@edu.tbz.ch"|"lQ62fk-Xp0WUI-LXP3E7"
"maelann.hughson@edu.tbz.ch"|"HDBsP7-bonExO-dtsQBF"
"milena.mieville@edu.tbz.ch"|"8fk%aK-X19&@g-vEG9Kp"
"mailys.chamberlin@edu.tbz.ch"|"c#&PQK-Rv7OFW-TKss#1"
"nadege.tomalin@edu.tbz.ch"|"U$Pkg#-ak5vuS-ZOaQ54"
"oceane.omara@edu.tbz.ch"|"F#b&uw-w3zwVr-1zEkfR"
"cecile.aguirrezabala@edu.tbz.ch"|"@#i&Us-6VLMR3-w$Hh@Q"
"maella.gwillim@edu.tbz.ch"|"vKfPP%-khS%Q3-C02gaN"
"lea.mcgahey@edu.tbz.ch"|"8YUZan-Y0y4BF-ZDQ#eL"
"laurene.hagerty@edu.tbz.ch"|"3gi4wN-eNnJ0d-nURnYL"
"dorothee.link@edu.tbz.ch"|"jL7aSf-l6Xpsq-r8lc8b"
"clementine.kynsey@edu.tbz.ch"|"T0lfRE-ghRzac-%mNm$T"
"lorene.smitherman@edu.tbz.ch"|"Ko&Tp3-64&9zY-u81DN0"
"cleopatre.klulicek@edu.tbz.ch"|"gf4u1L-BUDLaE-X2a58C"
"laurene.castaneda@edu.tbz.ch"|"QpGe1d-YkM1p9-eWhPgN"
"melia.constant@edu.tbz.ch"|"PhoQ4n-&3geIi-r4DXFJ"
"lucrece.clunie@edu.tbz.ch"|"TJzeuo-WR@bfh-hM9deK"
"eleonore.mcmurthy@edu.tbz.ch"|"RO6G52-5UKJYW-QT4vTq"
"melia.bevar@edu.tbz.ch"|"#00sFD-cU4Jtf-v7Uttg"
"camelia.bontine@edu.tbz.ch"|"NCVpIA-pWxIz5-oByLkY"
"methode.jozefczak@edu.tbz.ch"|"Q2YDW$-bVHcgc-OhdbuE"
"audreanne.hinsche@edu.tbz.ch"|"w5JWKM-1ijPZ#-neLiWu"
"andree.varne@edu.tbz.ch"|"%q5L33-#Jprak-ox6wq6"
"marten.kinleyside@edu.tbz.ch"|"R%Tf0F-D3e942-JYU#%8"
"esteve.mcewan@edu.tbz.ch"|"$7w&@0-iK@1Tj-3M30eE"
"leane.dibbert@edu.tbz.ch"|"yJ7gn8-CJyy9#-vPFQig"
"ma.thewlis@edu.tbz.ch"|"du$l%w-yKRS$O-IeAvID"
"clea.djurkovic@edu.tbz.ch"|"Bxfeva-jVcrBr-t8v8yS"
"rachele.reburn@edu.tbz.ch"|"ZqOCyP-iJrMsj-orHD8i"
"gerald.gowling@edu.tbz.ch"|"ik4I3w-F&zQq2-v$4O2S"
"cleopatre.jackson@edu.tbz.ch"|"gNM8He-%sj76Z-eKyqRo"
"desiree.haskins@edu.tbz.ch"|"l6Zj28-VHtaAb-J59@2N"
"eleonore.longson@edu.tbz.ch"|"NSmhWN-A&35yW-wa8o7%"
"leane.dybell@edu.tbz.ch"|"tOzEgJ-y8In8Q-9gXH28"
"becassine.grzesiak@edu.tbz.ch"|"7kYnbw-zUkNgh-8Rz#zn"
"marie-josee.pickin@edu.tbz.ch"|"o9mwUo-kGcTRp-C$btyp"
"marie-josee.roxby@edu.tbz.ch"|"5A7hrM-wroexF-UVnY2x"
"leonie.feenan@edu.tbz.ch"|"oORZLw-P0DfA2-FK3h#8"
"valerie.ellum@edu.tbz.ch"|"IB$prP-9P#ljh-VACC$&"
"ju.caseri@edu.tbz.ch"|"VL2Xfu-OM4P82-krw497"
"boerje.strangman@edu.tbz.ch"|"ulQDIZ-k&MCnz-YtKT$L"
"beatrice.ghidelli@edu.tbz.ch"|"ODVUO1-iAsHGO-G9A02P"
"da.jablonski@edu.tbz.ch"|"DPAuMi-7S@DxD-94cYPy"
"uo.beveridge@edu.tbz.ch"|"SQizoJ-YNhe@W-bsbX@4"
"valerie.bestman@edu.tbz.ch"|"h6RUB4-R@KHgN-MVk2zg"
"marlene.pohls@edu.tbz.ch"|"wl7HMc-ol4nY8-qoMQCO"
"ma.nolda@edu.tbz.ch"|"Qsnn&r-Zd1hAm-RBAsw2"
"marlene.bisiker@edu.tbz.ch"|"RDPLmb-CB88IV-rg#oly"
"estee.babon@edu.tbz.ch"|"Ah1I8$-baRDoE-V@WRS5"
"simplifies.dmisek@edu.tbz.ch"|"8DwvZL-84%vIZ-wWelBO"
"selene.ganing@edu.tbz.ch"|"qc9cpH-397hxe-qUWsUL"
"meryl.penke@edu.tbz.ch"|"KEOq6p-w&DeTg-FoPbEv"
"anais.rawcliff@edu.tbz.ch"|"jBB3FF-96nG$Y-DuxOGe"
"melina.andri@edu.tbz.ch"|"SH1qj3-HjD05F-SSeTnz"
"audreanne.fodden@edu.tbz.ch"|"60l5rG-LyO6o&-u5mtrC"
"bjoern.spellesy@edu.tbz.ch"|"O$beEt-4NsfXQ-PAICP0"
"francoise.summerscales@edu.tbz.ch"|"lbeByV-kakNjG-fVC@Vc"
"laurene.ashtonhurst@edu.tbz.ch"|"yjDEwX-hMGV$O-0uVQSN"
"valerie.petters@edu.tbz.ch"|"XU&@H1-nS9cab-un#O7C"
"anael.spenclay@edu.tbz.ch"|"uJVFB%-7xF81t-nEURrm"
"stephanie.keech@edu.tbz.ch"|"K8J#h@-@5r&2p-iExMm0"
"ines.deveril@edu.tbz.ch"|"Dumy1g-ycRLpw-p8ERyv"
"berenice.gelder@edu.tbz.ch"|"DJ2hM&-IO0U@g-OiEg0g"
"melanie.ofogerty@edu.tbz.ch"|"poXXVW-KM&P1z-2PxZc1"
"frederique.canepe@edu.tbz.ch"|"144a8q-2OPbcn-W4CB3g"
"nuo.otton@edu.tbz.ch"|"VB%X5$-WJ@@cc-vkhaVH"
"genevieve.trusler@edu.tbz.ch"|"C68gub-1wIS0x-jtS07M"
"ju.boag@edu.tbz.ch"|"f#GYe2-HSpUbE-rLCRNV"
"josephine.dilucia@edu.tbz.ch"|"UgxZbW-IjqiI0-9j$n%B"
"laurene.armsden@edu.tbz.ch"|"OlaD6V-Pm24D#-5BW%SD"
"becassine.griffe@edu.tbz.ch"|"4nzgdd-tCTn8w-p6X97t"
"alois.parres@edu.tbz.ch"|"LXfFT4-0fCDY@-QGInYm"
"cleopatre.gaffey@edu.tbz.ch"|"lLTH&$-yLfckj-&9#9JN"
"andre.stiger@edu.tbz.ch"|"XmnVlP-KYQNMM-iT9Ll$"
"beatrice.godleman@edu.tbz.ch"|"GkI7mx-XbSEzL-WGDp$F"
"hakan.harrhy@edu.tbz.ch"|"xtJRlI-B6AMvh-JLQYC1"
"celestine.dagnan@edu.tbz.ch"|"EL8#sS-BCy%D0-c6bHFn"
"clemence.haggart@edu.tbz.ch"|"WPbLq%-n0SeaF-#VUPbE"
"long.caban@edu.tbz.ch"|"%%9#yi-5Q42%W-1w$W&k"
"gaetane.grimble@edu.tbz.ch"|"zYrKgN-cFNrBz-0uaaF4"
"maelann.piwall@edu.tbz.ch"|"@6bG9N-WI5uPW-7mx0JZ"
"magdalene.loble@edu.tbz.ch"|"TDrMeE-loV5On-pKqX3i"
"veronique.domaschke@edu.tbz.ch"|"MqU$Mo-iS&#8J-Rsdyr$"
"clea.herity@edu.tbz.ch"|"rHZ3eY-uP7xu0-Rt%Z3R"
"maelann.bambrough@edu.tbz.ch"|"p0ohdp-3Ujcjg-#NDpwz"
"clea.goulstone@edu.tbz.ch"|"n$$rWG-82Osmw-&eo83z"
"renee.deleek@edu.tbz.ch"|"RreyS%-PLv8N2-Ie%Kcq"
"boerje.rudderham@edu.tbz.ch"|"I#mlti-uJJPnR-6PxwsY"
"marylene.broune@edu.tbz.ch"|"&zlF96-B#t2MG-Tp&d16"
"nadege.mccuish@edu.tbz.ch"|"%w0lhM-USQqce-B2z&mI"
"anael.littleover@edu.tbz.ch"|"kM$hdA-2O9Nch-fKavQl"
"lie.baume@edu.tbz.ch"|"wWO8sE-vcUneV-ID#c1j"
"maella.murrow@edu.tbz.ch"|"y82oWG-mMf6Jf-QTvTPU"
"cleopatre.pettifor@edu.tbz.ch"|"$Q6wtg-c$p&%a-OWVWUk"
"geraldine.asker@edu.tbz.ch"|"2KcfU%-h4eiVY-yfvEeC"
"gaetane.smedmore@edu.tbz.ch"|"n9hgKI-AAGu2x-V0ggv9"
"meryl.blencoe@edu.tbz.ch"|"pSeJ&k-JPdOvw-BKONmW"
"aurelie.chastaing@edu.tbz.ch"|"nxC9SV-98y55p-r8##Ok"
"oceanne.marthen@edu.tbz.ch"|"CbYpel-y0iwq1-4$#f3w"
"dorothee.burrill@edu.tbz.ch"|"IBh4e3-7usKm$-HSoyk8"
"hakan.belden@edu.tbz.ch"|"#0smY@-xcsl&T-lt4uaR"
"celine.brunning@edu.tbz.ch"|"FmY@TX-%lCmA6-3tze#n"
"anael.lapides@edu.tbz.ch"|"GSKaHr-Sh6aV&-RPHvWE"
"ruo.saffran@edu.tbz.ch"|"$RZ4jC-d6cLyt-PP9Lco"
"loic.gerretsen@edu.tbz.ch"|"qS8jKc-btJfGS-bkV#hF"
"rui.fitzer@edu.tbz.ch"|"sVDnqJ-Wlg8oq-W%xZjZ"
"annotee.ogers@edu.tbz.ch"|"ABbF8O-2hMtU6-N35RbK"
"boerje.bindin@edu.tbz.ch"|"Z1SmjI-zsHBzZ-TbHdK@"
"ma.cronchey@edu.tbz.ch"|"OM2OlW-fimN5W-7ZeC3&"
"laurelie.baiyle@edu.tbz.ch"|"ays6W8-kzrTl@-o7CXNJ"
"dorothee.older@edu.tbz.ch"|"ijyCo7-TX%4C&-B29jX7"
"laurena.wile@edu.tbz.ch"|"n%l7Xn-w@TO#f-hUwW5X"
"clemence.brito@edu.tbz.ch"|"z6mziq-lNei5U-U7&gLo"
"nadege.dallin@edu.tbz.ch"|"POc&z3-QRb02C-t3taxc"
"mailis.matley@edu.tbz.ch"|"gzW6gX-wC&siA-z8HUUt"
"daniele.screaton@edu.tbz.ch"|"PfDt4s-s&GO&m-OOvaAo"
"mediamass.godly@edu.tbz.ch"|"WWt2Lh-LhtaMI-MrrZfB"
"leone.kremer@edu.tbz.ch"|"pL4j$D-@VS@tc-3@gURf"
"asa.adrian@edu.tbz.ch"|"7EKBqo-xVt5vB-VBbbiE"
"adele.doley@edu.tbz.ch"|"0U&CPX-$7pqmI-uxN3uZ"
"fei.sidney@edu.tbz.ch"|"3Fzs2h-iRccZc-Y$tJ5B"
"marie-josee.walisiak@edu.tbz.ch"|"D20Ss3-THDjxg-oHbUHl"
"desiree.diplock@edu.tbz.ch"|"GvG4hU-7%mo9l-nJRmKQ"
"gisele.schust@edu.tbz.ch"|"Ld&98D-&koJJ%-UESb69"
"ma.longshaw@edu.tbz.ch"|"GpPbpw-ZOd9L2-rqrw9j"
"da.boother@edu.tbz.ch"|"RZ96Z4-yb801q-bscLWQ"
"simplifies.chaudhry@edu.tbz.ch"|"wO5H$x-I6&D7V-BOsjB%"
"garcon.baniard@edu.tbz.ch"|"WqM$V4-GzCB&Z-%6N$Qh"
"gaetane.elphee@edu.tbz.ch"|"Bf26tk-$#k0PW-AIVE$x"
"gisele.hassey@edu.tbz.ch"|"V##3NO-E&SYZd-t7YNCB"
"oceanne.booley@edu.tbz.ch"|"u%2%&v-Bm9uLk-j@qe4e"
"oerjan.dibden@edu.tbz.ch"|"aDhaAh-OquQk5-Ma@h6%"
"regine.ocleary@edu.tbz.ch"|"rMn$gI-aPGD6$-&d5%2h"
"selene.persse@edu.tbz.ch"|"56CxKs-sxhe5s-MtIG8L"
"helena.adenot@edu.tbz.ch"|"YiR@OX-H&IHg4-RYx5e&"
"maelann.wassung@edu.tbz.ch"|"IG6NwN-wyWgoC-OicK4Z"
"frederique.ackermann@edu.tbz.ch"|"ix4fY$-&I@1Ux-oxMIrr"
"audreanne.kahen@edu.tbz.ch"|"Hye6wJ-ph%9RB-BB$X57"
"maiwenn.lasty@edu.tbz.ch"|"7@sLDF-HJEPH#-BuiOyt"
"yu.dictus@edu.tbz.ch"|"KdciwH-C48Kfx-Y0UsRa"
"anae.dukes@edu.tbz.ch"|"fVcK49-VUMK2F-BXprJR"
"yenora.warr@edu.tbz.ch"|"c6me86-TZACCv-joNj#%"
"esbjoern.archibold@edu.tbz.ch"|"45Z3A0-$9KKk5-DAaCoM"
"milena.pardal@edu.tbz.ch"|"WD4RmF-8ufvLt-%tMvu&"
"celestine.graveston@edu.tbz.ch"|"xwdiAF-y@Iz#U-eEtEKv"
"maena.dallas@edu.tbz.ch"|"q#iVse-L#P@QM-TEA9Nv"
"andree.tuke@edu.tbz.ch"|"&v0$79-5qZ%R6-&ZYEgQ"
"methode.seldner@edu.tbz.ch"|"q@iTMF-XKvrpg-#UfvTJ"
"venus.bullas@edu.tbz.ch"|"hgaYGS-nI0rml-PC#$C8"
"mans.aguirrezabal@edu.tbz.ch"|"32#SSG-krogya-xaO#2c"
"gaelle.eadington@edu.tbz.ch"|"Wh1LJU-ynfRAz-#qMV$0"
"anaelle.falkner@edu.tbz.ch"|"e92M3L-ZDCbHK-dG@zOX"
"ophelie.height@edu.tbz.ch"|"PCu009-xrv0$Q-h9gHUd"
"marten.bolding@edu.tbz.ch"|"dWcl0U-tmCwA2-xlKKVh"
"pelagie.guswell@edu.tbz.ch"|"yaIW5K-d60U36-EniH2M"
"gwenaelle.lecount@edu.tbz.ch"|"fQVLtn-zRPQTq-N07R%j"
"hakan.laden@edu.tbz.ch"|"HSB2&4-W#Xml8-OaNEWP"
"marie-josee.hylands@edu.tbz.ch"|"fsn14v-puR2nT-5FT@qN"
"zoe.kingshott@edu.tbz.ch"|"iaB6v4-1BI8sO-$GSK9f"
"josee.janous@edu.tbz.ch"|"P46Tvq-$kbPVR-nl6ZjF"
"laurene.gallally@edu.tbz.ch"|"HCxqeO-Eh6zqd-0XJmc8"
"anael.bickle@edu.tbz.ch"|"tiqNA%-vBznks-VP6QMD"
"mediamass.lebbern@edu.tbz.ch"|"@4thp7-09%v0I-6ScEKV"
"berengere.hovy@edu.tbz.ch"|"BZt&mY-hlNLaP-hYo1Pz"
"oerjan.kilmurray@edu.tbz.ch"|"zL7ta%-wCeLPJ-unF9Ht"
"asloeg.venny@edu.tbz.ch"|"q#Kutq-p7CB%t-msRNsW"
"marie-noel.stoad@edu.tbz.ch"|"wCTJJx-pEzDi6-MQYX&E"
"hakan.pettifor@edu.tbz.ch"|"Xlb9se-Sh7EYy-HwiRaa"
"maella.willgrass@edu.tbz.ch"|"7qVg4F-Bri2&8-iN&W8K"
"therese.ludovici@edu.tbz.ch"|"lsjDZu-al%d8t-Wz$B#y"
"stephanie.trewhitt@edu.tbz.ch"|"H@Yc3&-kOfT5i-fq$JW4"
"maerta.bauduccio@edu.tbz.ch"|"5aC#UT-iUbPHr-e8IAcO"
"gaetane.glaisner@edu.tbz.ch"|"zn42xJ-agZ%qQ-flMg8n"
"naeva.pargeter@edu.tbz.ch"|"DZ70Pk-8Fef8k-z0snic"
"salome.venable@edu.tbz.ch"|"KomKOw-KP#624-GrO0Ju"
"boerje.thickett@edu.tbz.ch"|"zQlUru-8wF@#1-dW&sJz"
"lucrece.prendergrass@edu.tbz.ch"|"YJm0Qh-BtZfU2-dFjlCi"
"laurene.ockleshaw@edu.tbz.ch"|"csM03u-ugktdt-mwF3Bl"
"cecilia.pasticznyk@edu.tbz.ch"|"E7jI2k-RWC7$o-phu7DU"
"stevina.mackey@edu.tbz.ch"|"ostl6O-rRru0D-W%Ty7d"
"marie-noel.reven@edu.tbz.ch"|"4Sr1Ai-gzE%$y-tnsDbG"
"melina.quilkin@edu.tbz.ch"|"HbPaV7-2h5TuA-g5oHTO"
"marie-noel.ferrie@edu.tbz.ch"|"6XXZbt-wsZ&c&-g3JgiE"
"leone.alphege@edu.tbz.ch"|"Fh58eZ-KLCQ9a-SRte@t"
"zoe.leverson@edu.tbz.ch"|"o0dQB0-V2t6ws-5Q5IcU"
"annotes.grayne@edu.tbz.ch"|"MI$O#$-GW4eoe-UvhWq&"
"faites.lalley@edu.tbz.ch"|"dsdIF7-33ZVvT-ewh5aJ"
"adele.wallis@edu.tbz.ch"|"m8NE&x-jZ1j&V-1rSEkj"
"severine.madill@edu.tbz.ch"|"VH8$Mn-#$WC&p-F9rf82"
"valerie.tebb@edu.tbz.ch"|"h4B99$-Tq%$Io-BjRQ%0"
"kalliste.rasper@edu.tbz.ch"|"Ii4LCi-rwcdGq-#JiOgt"
"audreanne.palomba@edu.tbz.ch"|"&Jy4Ad-VD&Jpn-zItKhh"
"elea.adamik@edu.tbz.ch"|"TrxsQl-l726Nj-bIXFAS"
"reserves.jakuszewski@edu.tbz.ch"|"ESF00g-XHzQ2A-ueBlmW"
"athena.belhomme@edu.tbz.ch"|"ZVPfYp-e78KHV-XV90%x"
"rebecca.crippin@edu.tbz.ch"|"ME1KKr-vAfQUr-c0FDeA"
"maiwenn.curman@edu.tbz.ch"|"mkf#st-9Dx%Rj-@YKvc0"
"andree.bunner@edu.tbz.ch"|"8W$UAf-AUo$gL-%Sr529"
"ruo.winckles@edu.tbz.ch"|"uh5u3e-O$2nqq-PVl06h"
"naeva.buntine@edu.tbz.ch"|"Vk%Z9y-P1TVoL-N%34uD"
"boerje.dollard@edu.tbz.ch"|"aJYoIO-Snl#I1-FnY$nU"
"penelope.gorman@edu.tbz.ch"|"segwW2-anW5Gw-n@GwKc"
"alois.robelin@edu.tbz.ch"|"pY8#zk-eyszcX-AaB9AB"
"anaelle.tindle@edu.tbz.ch"|"eC1hWZ-@DqtR9-dpw76q"
"ye.frears@edu.tbz.ch"|"gIzFQh-AkWPDH-d%x3Qc"
"andree.ovid@edu.tbz.ch"|"NxAq1J-JA8qwA-bamOvs"
"hakan.peat@edu.tbz.ch"|"UJWj%$-cTTVpU-Tm2kx5"
"andre.januszewski@edu.tbz.ch"|"XVgd7u-8ZUKeu-JuieGi"
"annotes.clemmett@edu.tbz.ch"|"XF5AHN-DHjQ@h-x4@89k"
"pal.lambswood@edu.tbz.ch"|"WrzcyL-YODUVf-0pIBpk"
"yao.lenton@edu.tbz.ch"|"rFokGg-TTnT6z-E$P#F#"
"hakan.boyton@edu.tbz.ch"|"5jDzKV-VvB3wN-gbc2B8"
"nelie.forsey@edu.tbz.ch"|"UzdnZl-sTi1b9-MT6373"
"hakan.horche@edu.tbz.ch"|"UzPubF-mEc4st-Fn&o@%"
"lorene.sinkings@edu.tbz.ch"|"7Jho#Q-LP4La9-BlZ2lc"
"marie-therese.creddon@edu.tbz.ch"|"UQGt9$-uqV@6F-LWtzWK"
"berenice.tolworthy@edu.tbz.ch"|"%$odPJ-%FXnst-Q&Mn4%"
"theresa.land@edu.tbz.ch"|"OsZ$Pu-Qpd2mY-@wUMlH"
"marie-therese.gianilli@edu.tbz.ch"|"@LDSfy-fhaWqL-bKi&gA"
"meryl.glew@edu.tbz.ch"|"&Awz3G-4eefO9-S3d7Ui"
"adele.debling@edu.tbz.ch"|"8G4jA#-Q28j76-vrAj9%"
"anae.metzke@edu.tbz.ch"|"t3GM#%-VjPJA6-mL8Rvj"
"gaetane.gooden@edu.tbz.ch"|"CmMqgI-&kS%MP-EGKb06"
"laila.bootland@edu.tbz.ch"|"L94xXg-donOkF-6YHkj2"
"maite.helsdon@edu.tbz.ch"|"WuTfb3-i7&16X-5#ZQuq"
"andree.malley@edu.tbz.ch"|"Wn4vhD-$bSx2Y-nv#gQ$"
"pal.simmens@edu.tbz.ch"|"NPTzvh-Mvxv@K-ha6MI&"
"maelys.nuccitelli@edu.tbz.ch"|"OIvRUM-@sfU9l-El8HwF"
"dafnee.sibary@edu.tbz.ch"|"i5n%0X-XyxqlO-SQcyqe"
"alois.harsnep@edu.tbz.ch"|"hvEw7X-bkclSm-uJNsR4"
"marie-helene.lacky@edu.tbz.ch"|"G#6n1c-EOCqEz-fwU$2V"
"mylene.youthed@edu.tbz.ch"|"3xV5%5-zQ4hjK-&#SpvY"
"marie-helene.dehmel@edu.tbz.ch"|"ML6UIx-c$zE1$-Wm%y9m"
"angele.batman@edu.tbz.ch"|"qy2jBa-@CBYvu-MeT85H"
"melia.younghusband@edu.tbz.ch"|"0N%I%l-d6gqhb-r3trf9"
"eloise.baldi@edu.tbz.ch"|"7qCMqT-hhoMX6-Uqh9cA"
"illustree.dun@edu.tbz.ch"|"QMedyw-M4qYdH-1PVSWu"
"genevieve.late@edu.tbz.ch"|"&f44$K-kZtJ8m-PK$$aZ"
"celestine.colville@edu.tbz.ch"|"R1NiNj-q4H7hA-G$A1$0"
"gwenaelle.scarlon@edu.tbz.ch"|"RG0SiA-#Boks1-WxxvSB"
"regine.boddie@edu.tbz.ch"|"nsbiTw-2gR44R-$hVKaT"
"creez.gaughan@edu.tbz.ch"|"1HClIX-cFqY%J-#bhP$B"
"gaia.longford@edu.tbz.ch"|"vUIZ08-uHl7Sd-nj#ZUG"
"mailis.buckby@edu.tbz.ch"|"eKKyIb-HlKsaa-@0EpN1"
"song.parbrook@edu.tbz.ch"|"EAH8SQ-wEBofQ-CNrC#8"
"frederique.heddan@edu.tbz.ch"|"1nw&x$-dZz@Cf-l#HHMJ"
"ake.kirtlan@edu.tbz.ch"|"2e147U-01BYtc-F%lHJU"
"nelie.runciman@edu.tbz.ch"|"MHaHzW-94It96-Ub2RVR"
"mailis.cardnell@edu.tbz.ch"|"NMA2yO-ylp$v7-k3NHWI"
"irene.navarro@edu.tbz.ch"|"GvVVDA-Bvknlr-0oyvnH"
"maite.cough@edu.tbz.ch"|"v2t8rL-9ZRgKv-wJoEYr"
"anaelle.stocky@edu.tbz.ch"|"82Msb8-e#$T5P-WXMODL"
"methode.moulder@edu.tbz.ch"|"X3jQZz-NAmqmN-8QXaJ$"
"po.stafford@edu.tbz.ch"|"@osD6X-BT$qxM-aUKuWY"
"faites.scraggs@edu.tbz.ch"|"lzZOPW-WS%MHz-sw6xr2"
"adelaide.dullard@edu.tbz.ch"|"fQs63z-c2K$rZ-6I1Ou$"
"desiree.leonard@edu.tbz.ch"|"Pb#8qD-uJdb&z-@8j7TI"
"geraldine.badgers@edu.tbz.ch"|"zT9NVK-w6X&U1-OrXsVJ"
"ruo.masic@edu.tbz.ch"|"dizDl$-3w%Kk4-CGHXcQ"
"aurelie.lieber@edu.tbz.ch"|"hLQ8GV-HCjRjV-7GlYP1"
"naelle.balcock@edu.tbz.ch"|"DM@eyJ-b0DX3Z-F72IWj"
"camelia.elger@edu.tbz.ch"|"eN%biG-U5gKZE-Xjhsum"
"publicite.oakeshott@edu.tbz.ch"|"da0ccY-kGMvJI-d%NxMX"
"cleopatre.fawley@edu.tbz.ch"|"QEJhW4-nC#kxC-rwjNi0"
"laurene.bruckmann@edu.tbz.ch"|"zluLtU-QzTq5v-VFmY2w"
"rui.haughton@edu.tbz.ch"|"uKy69d-AwWDv&-QDdW&M"
"asa.ladewig@edu.tbz.ch"|"Uhbt7&-%$uEbS-ODwHsr"
"gisele.janecek@edu.tbz.ch"|"9eG2c4-pyIeuX-DV#c$s"
"maily.loveridge@edu.tbz.ch"|"RPOuT4-50j#r0-4Qfhrg"
"marie-eve.yurkiewicz@edu.tbz.ch"|"QDBPYH-W3h4bs-@rA6%p"
"fei.roder@edu.tbz.ch"|"ys9EFC-UE@MSF-YdkQ#N"
"edmee.chatburn@edu.tbz.ch"|"9JbaaP-MrxILR-MBrBp5"
"geraldine.darke@edu.tbz.ch"|"bhukyP-nqyNKO-Qn%xnI"
"ye.jira@edu.tbz.ch"|"nTL%Y%-Wgh8pL-5&VC8Q"
"publicite.persent@edu.tbz.ch"|"krVHbs-4@2xZ@-RwKV9D"
"severine.wilcox@edu.tbz.ch"|"UPG2OI-EvA7YI-SomCGQ"
"yao.mcclaren@edu.tbz.ch"|"CRH1bW-UPj4ZH-dprrU1"
"theresa.foynes@edu.tbz.ch"|"Cb#lLE-ti9MYt-2xojaG"
"stephanie.isley@edu.tbz.ch"|"P2Ki&e-mBROeG-7QXTE7"
"torbjoern.growy@edu.tbz.ch"|"#p@X%U-@&vQ5o-fTFk7D"
"eloise.tunnadine@edu.tbz.ch"|"ab0Kb9-Z#sdXf-1aaZec"
"maeline.cossentine@edu.tbz.ch"|"yaQEac-uY5Pa1-SqJmfn"
"nelie.desantos@edu.tbz.ch"|"Y1OXon-4Y#wjq-J4V7H9"
"gaetane.axston@edu.tbz.ch"|"Qe0tKL-fnEAVv-7JaLJp"
"aimee.merman@edu.tbz.ch"|"zEuIBZ-fDIy8P-eNuYL1"
"oerjan.drivers@edu.tbz.ch"|"NP@c6T-g$owuz-2QvibR"
"aimee.miroy@edu.tbz.ch"|"mc6h52-rp9Gn%-3zZAtZ"
"nelie.glyde@edu.tbz.ch"|"DPalcd-8yOwVO-dPTTAS"
"hakan.kapelhof@edu.tbz.ch"|"XMnE4f-xRhuwo-E2HrAl"
"maelyss.cauley@edu.tbz.ch"|"d4lsNC-7yN4yM-@$XP$$"
"elea.vaggs@edu.tbz.ch"|"Hzv4b3-K3xOQH-GHLMN0"
"maelys.but@edu.tbz.ch"|"2Yshqs-6wHr0g-hFdk4A"
"maella.arthurs@edu.tbz.ch"|"zBXbfN-uG0&Yh-FG11#e"
"adele.liebrecht@edu.tbz.ch"|"VPsO8v-giFO11-3Ld3M1"
"meline.lomasny@edu.tbz.ch"|"AV4VdB-N0bSGG-e2AfFS"
"mediamass.schwant@edu.tbz.ch"|"74j%Mb-m49v8K-T%9$gE"
"leone.saunt@edu.tbz.ch"|"5MhvCU-mC$Cca-lv%Ugt"
"annotes.gouch@edu.tbz.ch"|"M626IU-%ye9$l-n%GcK$"
"gaetane.bowich@edu.tbz.ch"|"gPfFej-mLvhVY-7SkxCG"
"alizee.strelitzki@edu.tbz.ch"|"bAVK7b-5hFLih-qbNRRz"
"leone.poile@edu.tbz.ch"|"nKqgL&-6gxKK&-V1Snvf"
"amelie.saban@edu.tbz.ch"|"mgPPaE-3Ru4pN-C1mfbX"
"marten.mcmenamin@edu.tbz.ch"|"n68$N3-YTbK%s-Ej1dS8"
"becassine.keets@edu.tbz.ch"|"V%tbQ4-L&cPJ8-KUTL@0"
"celine.million@edu.tbz.ch"|"QP2WNd-BI3sGR-D#gIiA"
"geraldine.belitz@edu.tbz.ch"|"os%CG&-u651X9-YkmPuR"
"salome.mardling@edu.tbz.ch"|"rW%i7X-7&@sJV-fe96ja"
"melia.blakemore@edu.tbz.ch"|"lsbgQi-b4pFwM-2yJg3n"
"dafnee.mcaulay@edu.tbz.ch"|"6Sc6xp-cAu7jw-6njV#L"
"garcon.dennett@edu.tbz.ch"|"QNzzYX-&Ilan@-uwmpNv"
"interessant.lesor@edu.tbz.ch"|"c0KjaE-NNL5&M-u&OH06"
"annotee.wasbrough@edu.tbz.ch"|"uKcQQd-fS$Ql$-IUdrWa"
"asa.ibbeson@edu.tbz.ch"|"BtimGG-%%&9Sc-WGIKbq"
"maily.kennealy@edu.tbz.ch"|"U@v3ZY-KfPI3n-AY8@67"
"ye.seares@edu.tbz.ch"|"wzpEt5-UR%K4g-kj3wiZ"
"athena.harbron@edu.tbz.ch"|"fpWbLu-$$@%Ov-QSsrlz"
"andreanne.portail@edu.tbz.ch"|"Mu1foO-xRXb#c-cMG3G$"
"goeran.zannelli@edu.tbz.ch"|"eD#LTo-wOTXLF-g%sPSm"
"gerald.leathlay@edu.tbz.ch"|"%flVs6-oAfPl8-JyANik"
"andreanne.chown@edu.tbz.ch"|"0jbaIo-h%gIlD-mW6#uz"
"esteve.clementel@edu.tbz.ch"|"NyxSrE-$Koxi%-zWhJ&I"
"leone.legan@edu.tbz.ch"|"Gri$@&-tQFTsj-RcsUkL"
"maena.pownall@edu.tbz.ch"|"@bfkdS-p$h6sO-45bQs8"
"andree.rettie@edu.tbz.ch"|"ZY7eZL-tEFHZs-W&Lftw"
"ines.kenwrick@edu.tbz.ch"|"ecUakg-f3@14s-tpG7YP"
"marie-helene.yarnall@edu.tbz.ch"|"SraK6N-rVJtS&-cJmERn"
"po.martin@edu.tbz.ch"|"JHEML9-WNzVl@-F6Lagu"
"ruo.celiz@edu.tbz.ch"|"%3cGX@-ynQkKy-6%8HV5"
"po.bissett@edu.tbz.ch"|"YZdXJJ-Q&N6h&-IWmKQz"
"du.swindon@edu.tbz.ch"|"W8A4ch-fUcoEt-4EIdg3"
"interessant.gouldthorp@edu.tbz.ch"|"OSwTx6-3kjDGT-XTNLK@"
"leandre.lilburn@edu.tbz.ch"|"alN2z6-ML#2iy-gnZFcM"
"bjoern.whales@edu.tbz.ch"|"b0G1QZ-pRntw8-ljqetX"
"interessant.dieton@edu.tbz.ch"|"6OPYXV-bi1o$G-uJ1bit"
"celestine.redhills@edu.tbz.ch"|"RJmG&P-T2Px2s-nJ0GKa"
"tan.yakovlev@edu.tbz.ch"|"l%Y1hY-iFtTjp-1eqNdp"
"regine.mcdowell@edu.tbz.ch"|"6oE6#k-Uu4xgz-eCizQb"
"ju.coysh@edu.tbz.ch"|"cm&Eal-gqg2Ec-#zIdf@"
"reserves.ofallon@edu.tbz.ch"|"A44r@G-Ihjlq9-NW5A0y"
"frederique.sobey@edu.tbz.ch"|"F6gabw-RVUDJv-wM#I0n"
"marie-eve.garstang@edu.tbz.ch"|"pTD6Lm-8FmkkG-iDS4X@"
"andre.tapin@edu.tbz.ch"|"WuJ#Qd-qWTdXk-OE5gk6"
"esbjoern.eynon@edu.tbz.ch"|"X6ocqp-7lMFZx-Qf47u@"
"maella.duffy@edu.tbz.ch"|"13VK%d-hr7G@t-&PndfJ"
"leandre.twinning@edu.tbz.ch"|"1760#5-J#pait-bqpHNZ"
"mai.whittingham@edu.tbz.ch"|"WFoVuH-CnPg$N-YbpNCb"
"rachele.shevelin@edu.tbz.ch"|"CCnQJ4-P&PGj2-L4rGWZ"
"cecile.mcure@edu.tbz.ch"|"J2H7xu-SnMvMZ-56Z3yR"
"marie-eve.yurkevich@edu.tbz.ch"|"EEEff%-2wqtgH-xv8PB9"
"almerinda.paice@edu.tbz.ch"|"%bauq8-EHJSpk-6lbkIB"
"rao.howkins@edu.tbz.ch"|"KvipzY-3S#R8z-2avXgC"
"serena.pack@edu.tbz.ch"|"n2xtaw-RkJvdJ-lQiAhB"
"rebecca.mant@edu.tbz.ch"|"WTA&gW-#2M$rS-fU8POD"
"reserves.spitell@edu.tbz.ch"|"7h5HqI-XXEs69-kwdfGy"
"garcon.hamfleet@edu.tbz.ch"|"9$dkc0-LHQgTx-WihDU3"
"methode.kerkham@edu.tbz.ch"|"RlZCUd-694SP1-ViRrvw"
"pelagie.camies@edu.tbz.ch"|"yU%uaQ-RuuaL@-rCKJyn"
"josephine.macpharlain@edu.tbz.ch"|"PlcF6D-1bhrCq-2dXn9i"
"eugenie.mathet@edu.tbz.ch"|"%Z42GF-7mWwag-83r$kB"
"gaetane.brangan@edu.tbz.ch"|"eIGr#i-HbKnxu-f@2Ia9"
"michele.dewbury@edu.tbz.ch"|"%nDVsO-5OnCl6-8bLt@v"
"eugenie.elcott@edu.tbz.ch"|"t$xlyN-1CqO63-#jTYNB"
"megane.harniman@edu.tbz.ch"|"NgEAiQ-TfZc72-w2lQ@R"
"agnes.cluney@edu.tbz.ch"|"81lk5V-Q&659x-YzzUwW"
"marie-helene.angear@edu.tbz.ch"|"itWFYu-tZofAn-nkYH1r"
"melia.dolphin@edu.tbz.ch"|"B35CNr-NBLuHM-FdgLWd"
"lois.ruseworth@edu.tbz.ch"|"w@12zB-sgMpzM-K8YAcy"
"mailys.ryding@edu.tbz.ch"|"P5LSXg-#o$RMS-Ok9msf"
"rachele.wulfinger@edu.tbz.ch"|"Fl%e@B-w6&rMS-Gm3leG"
"gwenaelle.talton@edu.tbz.ch"|"yktwqE-ljiSX9-uun#G1"
"long.ronchetti@edu.tbz.ch"|"530nVN-u75NZR-IWb@Ci"
"styrbjoern.kloska@edu.tbz.ch"|"H$7YE$-DD0Fi3-r2TrCF"
"len.sudran@edu.tbz.ch"|"PQBInB-v6rx6t-NlcqnJ"
"maelle.andrysek@edu.tbz.ch"|"fVz@9#-osDD50-ecBClz"
"selene.senior@edu.tbz.ch"|"fkY3&O-Nx#EfY-CVEldi"
"anais.joskovitch@edu.tbz.ch"|"Ib328Q-#gZ5pN-&gH#R$"
"marie-noel.dally@edu.tbz.ch"|"ATu4gt-yZCqQS-wm6EOq"
"marie-helene.laurence@edu.tbz.ch"|"ekbNOT-9eEL2J-TmO$1l"
"camelia.foxon@edu.tbz.ch"|"k9tfPj-E3scDk-0w1hAq"
"helene.cankett@edu.tbz.ch"|"V37pOI-@tFE7o-KJc0jK"
"marten.mitchelson@edu.tbz.ch"|"O7joQ%-HXocki-0ikipq"
"helena.stirtle@edu.tbz.ch"|"tq87YN-Fg@ivt-#j3UpP"
"leane.barmby@edu.tbz.ch"|"q#VZlP-5Amfvy-%8Ouic"
"goeran.ofinan@edu.tbz.ch"|"WMfKMN-UtAGaK-Xxs7&P"
"styrbjoern.proby@edu.tbz.ch"|"8bTqut-kvY2Kk-9gg9Nr"
"zoe.halse@edu.tbz.ch"|"%@44Iv-AZGf##-CumkR#"
"kui.drable@edu.tbz.ch"|"HGZnx&-yS9@&M-GdAXsn"
"desiree.bamford@edu.tbz.ch"|"OQ1lMZ-lZ7uNe-jV$D%5"
"zoe.suller@edu.tbz.ch"|"42%T@3-&p@$cs-9WLA0p"
"marylene.audiss@edu.tbz.ch"|"1Ib@ts-9w4iy1-r4HrOn"
"adelaide.poznanski@edu.tbz.ch"|"%MQ98b-Z%YA$n-061$tP"
"maella.coleyshaw@edu.tbz.ch"|"cn2J5v-ghVAN4-bSGIx9"
"marie-francoise.gelder@edu.tbz.ch"|"c@9wfG-G2C#V4-viqPER"
"eleonore.chaffyn@edu.tbz.ch"|"AECPfD-4VmeXw-aRhy4U"
"celestine.sikorsky@edu.tbz.ch"|"l%KPQ@-MJReRJ-5XxQ8P"
"stevina.londsdale@edu.tbz.ch"|"cCtkXu-FLmu2O-iMLUKL"
"maiwenn.nevitt@edu.tbz.ch"|"@Jk#zm-zdgsFK-uNFAsP"
"magdalene.gerrey@edu.tbz.ch"|"XM&8lf-h$vNT3-UfD2gQ"
"becassine.latimer@edu.tbz.ch"|"NHHur#-91@bd8-z34l$t"
"da.lethibridge@edu.tbz.ch"|"eZ2rmX-%S58UT-aB5$qr"
"mailys.claige@edu.tbz.ch"|"%EvEVG-NUzLIZ-Y9GlxU"
"maena.torbard@edu.tbz.ch"|"lzTcGq-6W@92&-K#$jMm"
"solene.lyvon@edu.tbz.ch"|"HIg83u-uE09SM-LERtcV"
"marie-therese.benbrick@edu.tbz.ch"|"dXOFx9-R75weU-qOtdyj"
"gerald.edmonson@edu.tbz.ch"|"xJ%#Gb-24G85h-J6l6qq"
"ake.messruther@edu.tbz.ch"|"iE9101-nvr6gt-jdlhEL"
"men.gosneye@edu.tbz.ch"|"TYw1o6-jEAsYF-#Io7QS"
"anais.jefferys@edu.tbz.ch"|"YmtTYZ-#UK#mp-8tHWXQ"
"publicite.tregale@edu.tbz.ch"|"fIbhZ%-HgKPeR-XZkrq%"
"maily.santorini@edu.tbz.ch"|"icTnvi-3x5n0i-061BZm"
"ines.pioch@edu.tbz.ch"|"9m@F4g-Nm@6%g-PGY7DI"
"noemie.marklew@edu.tbz.ch"|"t@z5&h-#O6yii-ekoWFt"
"meghane.maccaffrey@edu.tbz.ch"|"bTbTHl-v6HGhP-oo$ufY"
"berangere.ambrogio@edu.tbz.ch"|"M0bjYd-1trkk8-69#b&m"
"mediamass.ryce@edu.tbz.ch"|"mf217z-eWnYUb-3pyhPG"
"oesten.ubank@edu.tbz.ch"|"aisCaG-SPXtRI-0g$L56"
"melina.mackee@edu.tbz.ch"|"l&VeyD-R8N66i-Ni%@GD"
"theresa.livezey@edu.tbz.ch"|"3G9S63-itzX3V-IWIKM#"
"clemence.weal@edu.tbz.ch"|"0G4SWu-%kioIg-AbPWHy"
"faites.overton@edu.tbz.ch"|"N5sfT2-xDdQYY-bmCIdG"
"clea.lindblad@edu.tbz.ch"|"dBV#RY-xsyhoy-qjTaVh"
"josephine.roseaman@edu.tbz.ch"|"IoMijk-0wxNB2-BqgqI5"
"oesten.lowbridge@edu.tbz.ch"|"medSsq-gP0Fyf-YxDj7o"
"marie-josee.brion@edu.tbz.ch"|"%8cAmv-&e1cn9-UI8DwB"
"therese.basili@edu.tbz.ch"|"aQYe3p-mTq487-Cqoq8I"
"melia.vertigan@edu.tbz.ch"|"ZzhujH-NM7rXx-wEMr@E"
"judicael.saull@edu.tbz.ch"|"xCcMyY-Zh1iIT-PQLBio"
"selene.valentine@edu.tbz.ch"|"DaRuJw-tDUAZ1-zgm9Gy"
"verane.dunlap@edu.tbz.ch"|"tcdwe8-1u9M5W-yp03pD"
"meline.kinnear@edu.tbz.ch"|"#CNUQ2-uYIeGG-bNGapf"
"lei.luttgert@edu.tbz.ch"|"CIXF0u-cC$Zu7-aXjfeR"
"styrbjoern.lathleiffure@edu.tbz.ch"|"Vr4mwY-QS#PXi-r9jEzi"
"marlene.blasi@edu.tbz.ch"|"gcVu8j-s1N0%q-3d&xzf"
"mai.begwell@edu.tbz.ch"|"&@HCe2-1th8ST-s5tBeW"
"gwenaelle.kaines@edu.tbz.ch"|"w1rm37-EHVuY%-y7Fj2c"
"gerald.adamthwaite@edu.tbz.ch"|"BBYfXS-DKoZwd-XECsVO"
"kui.hartfield@edu.tbz.ch"|"@3Akyg-6us3oX-&J009j"
"salome.currao@edu.tbz.ch"|"AZ3bRi-2MKdp@-uH4z2U"
"angelique.tixier@edu.tbz.ch"|"o$9bWo-CjEGeT-zW4CGZ"
"ju.mcgragh@edu.tbz.ch"|"xIU61f-WeD1Dr-@kRGjV"
"dafnee.beachem@edu.tbz.ch"|"%gygE9-vlECvr-QS@YdJ"
"creez.terlinden@edu.tbz.ch"|"pMgP5J-v$Wwc7-IA#3CO"
"uo.mcskeagan@edu.tbz.ch"|"95dIPp-ytAuy6-5yv5m5"
"edmee.mccaughren@edu.tbz.ch"|"#D@f5H-7YeUbW-BwHXjv"
"asloeg.cozby@edu.tbz.ch"|"ryIoOC-ghjmOr-NICmXz"
"melodie.traite@edu.tbz.ch"|"8ExjzC-ZjVw#0-7tgGIr"
"dorothee.aindriu@edu.tbz.ch"|"Yg6QYE-ZEPV&o-MoecSa"
"daniele.doley@edu.tbz.ch"|"hTu6G&-#d$v1p-n5o$@n"
"mediamass.fairclough@edu.tbz.ch"|"Mgvy#y-oNMCpm-SDOwhp"
"lorene.rainforth@edu.tbz.ch"|"Ao9@uV-u3YF&S-C4r475"
"leonore.eyer@edu.tbz.ch"|"l&vpZw-PuiP3R-jN%#%q"
"po.spillman@edu.tbz.ch"|"1oOj1N-TRuttZ-4ve&iS"
"cecilia.plitz@edu.tbz.ch"|"t2&h&l-pbaVK1-B%$HCp"
"lorene.ludlow@edu.tbz.ch"|"zGMdBl-DlM2KI-uz5pnO"
"berangere.neligan@edu.tbz.ch"|"L2tm&#-Xd$&C#-gX427l"
"simplifies.huggan@edu.tbz.ch"|"2V605I-0D%NWu-85GnY8"
"clelia.prandy@edu.tbz.ch"|"qEIb@v-$%zwwf-qngv50"
"ake.osban@edu.tbz.ch"|"IyWTIc-fLymia-5SUlLr"
"cunegonde.brunn@edu.tbz.ch"|"3u8NhQ-ME%KoM-#sQ$g9"
"long.grizard@edu.tbz.ch"|"gIC&A1-ns8glI-QN$g&d"
"meghane.diss@edu.tbz.ch"|"hN%FQB-qE$4ND-DH9vGF"
"therese.oldman@edu.tbz.ch"|"g@BoB3-uHh1n#-2emSVB"
"boerje.scamerdine@edu.tbz.ch"|"43AJPv-0J4NML-idT69A"
"du.saban@edu.tbz.ch"|"uv2$cV-FaSC5C-@16R%R"
"hakan.clynmans@edu.tbz.ch"|"Bt5LU6-SoMtV@-8qZZDD"
"wa.macdowal@edu.tbz.ch"|"U#cYav-npUzbL-wr6lcs"
"venus.hatrey@edu.tbz.ch"|"D&ad5Q-AWTCfB-&Oldi2"
"anaelle.vispo@edu.tbz.ch"|"bHlzaX-6W0S1b-aA7&R%"
"mahelie.ollcott@edu.tbz.ch"|"zHgQNI-Ufqj2V-ezxLb9"
"mediamass.whyman@edu.tbz.ch"|"%Ke1zo-#I74m8-mYKOzs"
"esbjoern.basson@edu.tbz.ch"|"@J6JQ8-LFc04#-4beaj7"
"andrea.morrill@edu.tbz.ch"|"c&kFYX-SsSqS#-IY#QNM"
"melys.grassi@edu.tbz.ch"|"T%ffa6-#@%W1E-tlCA@5"
"leone.poleye@edu.tbz.ch"|"@XFBYl-Yb8#MY-1LoKy0"
"francoise.penny@edu.tbz.ch"|"lRq6bJ-2bXJA1-cDTkK$"
"rebecca.edney@edu.tbz.ch"|"n8p&8M-eLn9Er-i&swst"
"adelaide.murtagh@edu.tbz.ch"|"oqawLX-QfuJGg-#eShgl"
"stevina.winterbourne@edu.tbz.ch"|"%XfxAg-#8vtqc-NgpoTT"
"ma.cottom@edu.tbz.ch"|"sCBRXy-wuJjfF-y4LXMd"
"tan.harold@edu.tbz.ch"|"&DAee1-0K8yvf-IbiX%t"
"venus.forte@edu.tbz.ch"|"g7AHMv-3JfmCL-cg9Xtz"
"almerinda.oluney@edu.tbz.ch"|"#HG4Rm-l4U&Ys-CFeqjf"
"cleopatre.brehault@edu.tbz.ch"|"q$GdJO-BZMrig-DozflA"
"interessant.lapides@edu.tbz.ch"|"D$Pi9T-UFej$@-5XjQJ4"
"reserves.hallatt@edu.tbz.ch"|"&tY8zW-GbOK1N-YdCo1#"
"annotes.birdwhistle@edu.tbz.ch"|"fEe60Z-AxukJk-kf#CW%"
"ai.dredge@edu.tbz.ch"|"VNiRlS-5ZIHw0-DnYpOg"
"megane.mussard@edu.tbz.ch"|"jz0&N9-8QuXJX-tZUw6G"
"esbjoern.gowrich@edu.tbz.ch"|"GT%wUZ-BjWNKX-2t$UyR"
"boerje.brislawn@edu.tbz.ch"|"sZuE&R-mcEWSf-2hAZTw"
"becassine.wilce@edu.tbz.ch"|"IY7Sw&-d&f4bs-%Xy2U%"
"personnalisee.oels@edu.tbz.ch"|"04Jcvh-fhOgc4-qPkWme"
"verane.pett@edu.tbz.ch"|"qiPSHB-ESHxvC-$j7GWl"
"marylene.glewe@edu.tbz.ch"|"5UiAkL-YB68sv-LeMGes"
"lai.elson@edu.tbz.ch"|"Hhgm05-X5cct%-hE7104"
"serena.difranceschi@edu.tbz.ch"|"VHTHsM-TaJ2#W-ifxz4C"
"lie.espinel@edu.tbz.ch"|"JXehUR-03WMQ%-D3Ub2h"
"marylene.fantini@edu.tbz.ch"|"@va4gm-8RbnWa-oXMB9#"
"andre.archdeckne@edu.tbz.ch"|"N8WnEX-MH&IZm-v0iGnj"
"goeran.bohlingolsen@edu.tbz.ch"|"RrOV5r-S3tT26-kd3ThK"
"cunegonde.heffer@edu.tbz.ch"|"7XKlLM-4S$I9#-0DXDnT"
"tan.fechnie@edu.tbz.ch"|"C0odGL-JWNdaM-X8YBc&"
"marie-noel.brammar@edu.tbz.ch"|"YTatg4-yy%Hjx-18jVP7"
"simplifies.aven@edu.tbz.ch"|"4qvCj7-gy1khQ-YcbUGd"
"melys.pinchen@edu.tbz.ch"|"%Fmaj@-wVE3&i-sfSHBz"
"edmee.joyner@edu.tbz.ch"|"QnAbWR-hVeHth-O@Jh9o"
"berengere.edess@edu.tbz.ch"|"wjrE3a-cZGYCj-X9fadk"
"marie-noel.goward@edu.tbz.ch"|"Q%ZdPO-YSPumR-l37CyP"
"ju.edmons@edu.tbz.ch"|"kXhSww-RkplEC-8qfsV1"
"frederique.airds@edu.tbz.ch"|"d#NfKe-w6o5%L-MluIel"
"reserves.dauby@edu.tbz.ch"|"NumSid-DfNXh6-mvqh&j"
"hakan.gynni@edu.tbz.ch"|"ds6AiZ-GzPmRR-d21OiH"
"leonore.pinwill@edu.tbz.ch"|"mr3Rqa-njsxyL-Kwrbep"
"marie-eve.mcallan@edu.tbz.ch"|"zbqMYg-@gD$pN-VXsgcf"
"naelle.yeabsley@edu.tbz.ch"|"He#Jpe-mWNoR8-lsjVWj"
"nelie.jacobovitz@edu.tbz.ch"|"UvwX%@-4G@ja#-DLNpAA"
"adele.conelly@edu.tbz.ch"|"FYL0fX-6$@Vua-$3pjcv"
"clementine.dondon@edu.tbz.ch"|"C8l&5g-ljBv06-PIPfwA"
"zhi.willcot@edu.tbz.ch"|"bcrmZD-uq4NkX-ppYX1D"
"chloe.janicki@edu.tbz.ch"|"@cVCR9-Ne8uyS-QF25FU"
"meng.linde@edu.tbz.ch"|"wA$ujA-5l0kCj-5rLzrI"
"celine.janisson@edu.tbz.ch"|"9m68#C-QsLGi5-WPa@25"
"clelia.crow@edu.tbz.ch"|"oZVwOR-A5ZTY#-3MmBDJ"
"cecile.pyott@edu.tbz.ch"|"ZtjuK7-ZigL$w-Y%%&Je"
"ma.fidelus@edu.tbz.ch"|"s@RgvY-I0c#SI-DPHQkG"
"marie-helene.poore@edu.tbz.ch"|"BF8Lbz-bkD5Rp-wUSDoL"
"elies.blanket@edu.tbz.ch"|"Zc3YJt-8#Wa9t-y2v9gX"
"yu.boyer@edu.tbz.ch"|"qzC4LW-mPUA$p-OLVAWe"
"celia.welds@edu.tbz.ch"|"WoGa59-%sVG1$-$a8eZd"
"du.gunney@edu.tbz.ch"|"7Lgdxu-#LArQU-uuCDwI"
"goerel.crush@edu.tbz.ch"|"PnKQUf-HC6Av0-4hTgzM"
"marie-josee.brosius@edu.tbz.ch"|"v8GGxm-kIrq8f-FZGTR5"
"camelia.adds@edu.tbz.ch"|"iHJB0T-%sDcYA-abgwrz"
"anae.irwin@edu.tbz.ch"|"aAi2mc-vvsRTa-YhtEO&"
"cleopatre.skeffington@edu.tbz.ch"|"jlDe6Y-y1wVQA-pgvGwN"
"gerald.suggate@edu.tbz.ch"|"bhNnHG-wd3Xp1-vQ9CKS"
"laurene.tailour@edu.tbz.ch"|"#m0VqK-L7DUzZ-Ra@DCa"
"amelie.hoble@edu.tbz.ch"|"ibNP6p-2i$Fvu-y#m9A3"
"venus.getch@edu.tbz.ch"|"8rm$zZ-Ll9nSj-TjCBZ4"
"renee.treby@edu.tbz.ch"|"qGqaHy-YI3LxG-RWwB4$"
"almerinda.stait@edu.tbz.ch"|"EmjdzK-$5UMQV-lUcsxO"
"andree.reddecliffe@edu.tbz.ch"|"415JF%-UmFHLd-&AI@hz"
"leone.wintle@edu.tbz.ch"|"@y5AF3-pvE&q8-rC#2Jx"
"gerald.fellow@edu.tbz.ch"|"ywk1U8-%O3GKq-XN5ohJ"
"ju.gudger@edu.tbz.ch"|"khRSVq-GmI6sW-@1#&Ch"
"meng.ohaire@edu.tbz.ch"|"sv4ePa-qqMtZd-16T$Ja"
"cleopatre.missington@edu.tbz.ch"|"Jk%Pom-I5sw0e-SQgIV4"
"annotes.debruyn@edu.tbz.ch"|"hvXTHv-J8rb@d-HNb5EJ"
"gerald.sinisbury@edu.tbz.ch"|"zZ118i-I0Qz6j-eO8LUv"
"creez.slora@edu.tbz.ch"|"L$o8VT-%vX%vN-SGu@bF"
"gisele.benbow@edu.tbz.ch"|"kS0aG4-yQkiRn-fIwT3m"
"pal.dossit@edu.tbz.ch"|"zCDul$-m14xAO-UC#3Cb"
"nelie.stirrip@edu.tbz.ch"|"XO8xoU-wN$Cr3-qVjt$j"
"alois.ocrigane@edu.tbz.ch"|"v7yyjQ-VgXc3Z-voxu0Q"
"kui.mcterry@edu.tbz.ch"|"r0YqKu-Gyr4ir-3wP$GL"
"long.willgoss@edu.tbz.ch"|"%ywQ$5-M1u6Sf-bfiSc@"
"francoise.sumpner@edu.tbz.ch"|"EyENUj-&aRg6m-gWknFk"
"maely.grinstead@edu.tbz.ch"|"bGmtmz-ryxmZy-044rjy"
"creez.langeren@edu.tbz.ch"|"0MVOUh-XZ&WZo-RWfzXc"
"adele.dungate@edu.tbz.ch"|"CvE8k0-69n#Kd-WPetMu"
"cleopatre.noirel@edu.tbz.ch"|"L%fru%-jQb1S3-lxeuWX"
"interessant.daverin@edu.tbz.ch"|"Wk49b8-uKUj0L-@ayj23"
"naeva.kalderon@edu.tbz.ch"|"cVUARM-UU8zAP-iWXkxQ"
"anais.oshesnan@edu.tbz.ch"|"gDsy0b-A3w#2l-LOnrH9"
"judicael.anelay@edu.tbz.ch"|"Jq##T#-fOz751-BIeBR$"
"eloise.braxton@edu.tbz.ch"|"FTkeWA-IuhL7i-a9aumS"
"desiree.greguol@edu.tbz.ch"|"$tomj7-nyDRKw-OnebSC"
"maite.mcclenaghan@edu.tbz.ch"|"z6twM%-9NataB-A2bqHw"
"meng.doret@edu.tbz.ch"|"t%inxx-YNSjhL-NZl0Td"
"frederique.chippendale@edu.tbz.ch"|"TQonmT-qOmycr-xgt95f"
"andreanne.lanney@edu.tbz.ch"|"s$FG%8-fDm#s@-yjMsn@"
"aurelie.claus@edu.tbz.ch"|"wV3tfS-suYCEi-nx0USU"
"renee.pabel@edu.tbz.ch"|"nuv&IU-S62RD@-Vo#J2#"
"maena.roust@edu.tbz.ch"|"L&fmCI-&eUaAe-EwPYXl"
"nadege.carwithim@edu.tbz.ch"|"kBofnf-KvftlD-Bk701l"
"solene.geyton@edu.tbz.ch"|"%YCiMk-0$7M&k-41re7w"
"dafnee.avraham@edu.tbz.ch"|"j#tASG-YTit3I-tM00Zq"
"leane.woolvin@edu.tbz.ch"|"YT4AQV-tDeaS6-3nDJTD"
"adele.macadie@edu.tbz.ch"|"bcPy0C-ykORdz-8bo&L9"
"meline.rubica@edu.tbz.ch"|"7N$mEx-JKLOan-w88ymE"
"marie-noel.speeding@edu.tbz.ch"|"%6DcH0-Fyqr@m-iGG0vw"
"nelie.mix@edu.tbz.ch"|"7@2ot3-gOZD3f-0QkE9x"
"clea.ollett@edu.tbz.ch"|"6iP4$n-2%#Sxc-FhQQbd"
"leandre.mcgavin@edu.tbz.ch"|"zTR57O-s0MWiP-e&f5DI"
"cecile.behne@edu.tbz.ch"|"d%fXK9-tuG%e8-0lnxx$"
"melanie.polle@edu.tbz.ch"|"M$zIlm-qdTVKw-wO##Qp"
"marie-josee.titmuss@edu.tbz.ch"|"1DVrwD-gsK#RI-v$06iW"
"helena.guest@edu.tbz.ch"|"FGoYrL-TumR5G-PxWWbf"
"annotes.chicchetto@edu.tbz.ch"|"KA8CXj-U$KG1E-Ukr3rs"
"melia.tubb@edu.tbz.ch"|"UsYNVU-saMIuV-juRCKS"
"angelique.casetti@edu.tbz.ch"|"T28371-hsU5SO-O@NnQO"
"cunegonde.cleall@edu.tbz.ch"|"PY#7rg-sx7rhY-V1C9kC"
"camelia.oaker@edu.tbz.ch"|"npV2Mt-dmayJm-UOXzCq"
"you.searight@edu.tbz.ch"|"BufC0%-Mwd@d1-FmgZKL"
"kevina.dederick@edu.tbz.ch"|"HaaU5x-VFoaXg-drrv3y"
"milena.jeffrey@edu.tbz.ch"|"dDYh#m-18BIsn-mTnL8p"
"melodie.barkshire@edu.tbz.ch"|"AJr09F-IhWmhM-%xBVz#"
"gaelle.kreutzer@edu.tbz.ch"|"1ibj@F-D$1eYM-pcq5ja"
"kalliste.kleinpeltz@edu.tbz.ch"|"gLuBCj-&QrnCH-SG$349"
"clementine.danat@edu.tbz.ch"|"4ZsnyD-YTQbJx-iLrSdX"
"andrea.wabb@edu.tbz.ch"|"&$Vsyu-MEgFzf-uUV94L"
"geraldine.piesold@edu.tbz.ch"|"7AOASV-5YLlOr-JM7B7x"
"tan.fiveash@edu.tbz.ch"|"%sDO3G-5cmjjF-Ct13hG"
"meline.yuranovev@edu.tbz.ch"|"&m&Czi-ptAs&s-IopUwj"
"therese.holme@edu.tbz.ch"|"l8BYC%-BLj0LQ-DU%$6T"
"salome.vaney@edu.tbz.ch"|"A8nCvf-IUz6l3-#PGYj$"
"anae.abramson@edu.tbz.ch"|"mt1xuK-WsgChE-s6&Y8e"
"kalliste.jimson@edu.tbz.ch"|"$vIBav-Nd7Er7-B9UCZU"
"selene.yole@edu.tbz.ch"|"TLxGxU-tRxZ7l-1GweK6"
"agnes.defraine@edu.tbz.ch"|"qUW01I-IM7srZ-7ZY4Cz"
"faites.mccluin@edu.tbz.ch"|"TPaVq3-zd1Mks-LvJm9Z"
"athena.deme@edu.tbz.ch"|"MlDjlF-W1KmnA-ncGqP%"
"daphnee.brigstock@edu.tbz.ch"|"k467u1-J9bdPK-VNGf&9"
"goesta.skaif@edu.tbz.ch"|"LBS8ER-9wKaVm-6FeDdR"
"oceane.jagoe@edu.tbz.ch"|"DuLXjh-VNuVpS-du9sR9"
"annotes.broomhall@edu.tbz.ch"|"8oosSD-A%IFOy-lyt2vJ"
"marie-eve.ballendine@edu.tbz.ch"|"KPDJnU-c4yZC5-%tnGSA"
"melina.spykings@edu.tbz.ch"|"pBfMbS-EwMW2U-r6c#Tu"
"laurene.ticehurst@edu.tbz.ch"|"cur1LA-4HrADt-HI@afU"
"fei.avramovic@edu.tbz.ch"|"zVr8h&-e$9uen-oZvtpq"
"publicite.strathearn@edu.tbz.ch"|"XZVY2O-FZDCn8-xNwlHt"
"torbjoern.garrow@edu.tbz.ch"|"x$UISv-fiX3DN-2#hDr3"
"chloe.rubinsztein@edu.tbz.ch"|"M9tarP-oys4WD-P4Qf$i"
"mylene.demanche@edu.tbz.ch"|"HKpEY%-Wkny&u-XBFOxj"
"mediamass.godlonton@edu.tbz.ch"|"A$k4T@-H0TU2N-Pb&#JG"
"renee.shurrocks@edu.tbz.ch"|"4xW1zp-#iG9b#-vZgkRj"
"maiwenn.jedras@edu.tbz.ch"|"&7wrmx-V&gLyX-0hp%q3"
"genevieve.castells@edu.tbz.ch"|"NbewAD-oyYo0E-@Z@AVR"
"renee.sneden@edu.tbz.ch"|"CjqsHf-#UO$CY-vH$sMU"
"lai.mccallion@edu.tbz.ch"|"DRSM3b-k6TkMu-8xnaUN"
"kevina.impleton@edu.tbz.ch"|"9cc3Fv-P&JrDC-laOBv3"
"oesten.fresson@edu.tbz.ch"|"#oXdK9-ohL0Gu-IFnO9q"
"verane.shawley@edu.tbz.ch"|"4QoglD-3I3T0u-3SDT4Z"
"uo.sjostrom@edu.tbz.ch"|"H$nPXo-oxS8&9-C#UNSm"
"gisele.gothup@edu.tbz.ch"|"2mE5uT-N5EKM5-su4M%x"
"renee.beauman@edu.tbz.ch"|"f$bZLl-zGcnT1-3IczeT"
"elies.loton@edu.tbz.ch"|"RWhBiT-zrNkCc-n96I90"
"valerie.elsmore@edu.tbz.ch"|"&1$f@r-JFE4ec-6%&ti4"
"berangere.delafeld@edu.tbz.ch"|"U0pSx&-kNeP4U-4b6FU%"
"bjoern.schimke@edu.tbz.ch"|"CqSpyZ-kIPnjr-Zq6Y8K"
"loic.ericssen@edu.tbz.ch"|"sT6U3F-fvv#jx-W9v0bU"
"creez.richarz@edu.tbz.ch"|"J$mCoL-$EqrsG-KEJ@kD"
"athena.grocott@edu.tbz.ch"|"hmMr6n-AD1L9c-lPLyOZ"
"naelle.piotr@edu.tbz.ch"|"m4rLQO-9gtsDq-3TvP8O"
"maella.paulson@edu.tbz.ch"|"MHrO5@-kVE69G-WjtmeY"
"song.perot@edu.tbz.ch"|"c#SnqN-#NZaBA-R8q0IY"
"kalliste.heckney@edu.tbz.ch"|"8Sz166-mB$fJt-e#u674"
"ake.vasyutkin@edu.tbz.ch"|"szNRw3-uwniQZ-Rlcbit"
"ma.castles@edu.tbz.ch"|"xHolsj-ym8cI$-J9lq3R"
"maely.monget@edu.tbz.ch"|"3fPIow-23@GLv-pMjhqA"
"tang.durbridge@edu.tbz.ch"|"SzX$9e-XKqZgE-r@i8Jy"
"laurene.andrew@edu.tbz.ch"|"T0orm@-Q4AK93-6KC6cx"
"lysea.beacon@edu.tbz.ch"|"pR$rzU-Bebyfu-eev2xH"
"leandre.peyntue@edu.tbz.ch"|"6InXfK-Q3k3Hr-RiSM0l"
"rao.trever@edu.tbz.ch"|"T3F2yf-Dqy$3e-Q%lkYw"
"mahelie.streader@edu.tbz.ch"|"TTz8ld-g3RtNA-J30%CC"
"maerta.andrejevic@edu.tbz.ch"|"Po@elB-p2wzqY-qrncTk"
"goesta.tompkins@edu.tbz.ch"|"1sG%Cb-9$VRxn-lgp3Uy"
"helena.agates@edu.tbz.ch"|"XwBJKW-Q4kki5-1xFN6m"
"therese.glass@edu.tbz.ch"|"W2S%5v-wR%4yK-XEgoif"
"alois.foan@edu.tbz.ch"|"v$LYXB-JDib2N-g58tqy"
"becassine.melchior@edu.tbz.ch"|"ho#Svp-TEPdmD-wjSXfZ"
"cloe.robart@edu.tbz.ch"|"ll%Ae$-5mNGGY-@xriO$"
"daniele.puckinghorne@edu.tbz.ch"|"FE9t6#-UxMEil-jXT9k0"
"selene.cammidge@edu.tbz.ch"|"VMT1h3-3z3O6Q-nvWEzD"
"regine.conochie@edu.tbz.ch"|"m1Pzw4-YawrD8-x14i1D"
"interessant.tuiller@edu.tbz.ch"|"ve%rV$-EXEQZV-98R#YP"
"long.tiebe@edu.tbz.ch"|"kQEUcF-SpTeuR-IEFlk$"
"mans.yele@edu.tbz.ch"|"bhmEzr-1x0mwX-ldf0nE"
"ai.giles@edu.tbz.ch"|"JCsggc-SlLmSZ-tY1F&5"
"gaetane.hamberston@edu.tbz.ch"|"gTGuOa-tlwz@c-spAhCf"
"marylene.fenix@edu.tbz.ch"|"zCvzlR-Ad37Tv-183BG5"
"geraldine.graeme@edu.tbz.ch"|"MovlDR-0SuclJ-OckoGi"
"tang.kinglake@edu.tbz.ch"|"Y0gmOc-jXo9Re-CHqZwh"
"lai.challoner@edu.tbz.ch"|"KdzYMu-@KiyVZ-yW2bJB"
"desiree.mattei@edu.tbz.ch"|"%0OxAU-4pYJva-ysC4JK"
"ake.erley@edu.tbz.ch"|"sHXy3B-c@t8Su-c1QPPp"
"edmee.cavil@edu.tbz.ch"|"ZfRtO2-Qi$Ukd-VOwCKu"
"alois.moyes@edu.tbz.ch"|"D47J2c-Nkma0Q-UlO2A1"
"becassine.pitman@edu.tbz.ch"|"@shF6S-iNAi&F-9eRM0S"
"ai.giacovelli@edu.tbz.ch"|"iU0fVk-UUL7o1-N9J8&l"
"judicael.fruchter@edu.tbz.ch"|"nYOVre-I2D8Gw-eYtAza"
"mans.mogg@edu.tbz.ch"|"6J8zJM-xK&qEM-aZuAjm"
"gerald.foyle@edu.tbz.ch"|"zSxDAa-iW99mt-bxFeyb"
"wa.androletti@edu.tbz.ch"|"16cNaG-PWF#DG-bX85pL"
"meng.ollett@edu.tbz.ch"|"x7jySg-ffXLfg-tp5W@S"
"naelle.macmenamy@edu.tbz.ch"|"hh0$44-kHPFiD-eOoJ5d"
"gisele.mcramsey@edu.tbz.ch"|"UToYXG-nnATIQ-7fEgbz"
"meryl.scolts@edu.tbz.ch"|"dfqF1B-2C5ZEH-kB%lpT"
"celia.bloxsome@edu.tbz.ch"|"X&FM76-nJNhfk-6nbLp4"
"styrbjoern.stuke@edu.tbz.ch"|"7ayex@-u8ABwY-BxHLGM"
"felicie.gwilliam@edu.tbz.ch"|"u&9yV6-4BP1fE-7Ce2z#"
"da.harms@edu.tbz.ch"|"1mnBut-#U2iPI-PSU21P"
"celestine.baulk@edu.tbz.ch"|"p4PxCX-$bENYM-h#sbya"
"mahelie.blackledge@edu.tbz.ch"|"csX#C@-Yy4vD7-DDKI0R"
"meghane.salt@edu.tbz.ch"|"lFa3M8-lqm3Q@-H9@nXo"
"methode.paxeford@edu.tbz.ch"|"3GpcCa-Kwj2lj-idATrX"
"asloeg.milligan@edu.tbz.ch"|"LFZOOJ-2wfiY2-kGCr1Y"
"you.pellman@edu.tbz.ch"|"9wA4EL-@IFO35-76S1ya"
"loic.regenhardt@edu.tbz.ch"|"uf2NBZ-1JV%hS-E%yN1K"
"daniele.savill@edu.tbz.ch"|"5MMpNn-&4yy1A-wVxXRG"
"alois.cornu@edu.tbz.ch"|"AoNDAw-0TZ&td-x5lrCq"
"oesten.govey@edu.tbz.ch"|"rDlKIl-ZacSDX-4hBkeJ"
"marie-eve.louch@edu.tbz.ch"|"jJNwTE-BGKcr5-lsN99K"
"theresa.wenn@edu.tbz.ch"|"C#Klzo-Z4XoJ&-8Qq#IY"
"andree.eul@edu.tbz.ch"|"@miBf#-9rD5Z3-LET#X@"
"lie.paynton@edu.tbz.ch"|"@61HTO-Ss&06M-vZXp4A"
"marie-eve.girodier@edu.tbz.ch"|"gl8lCB-zM05$d-YYU&Tb"
"marie-noel.smithe@edu.tbz.ch"|"Wm#z9G-9@G%1T-xICa2I"
"men.bootyman@edu.tbz.ch"|"2T@T3l-BBOKKx-giEnZr"
"ku.sugg@edu.tbz.ch"|"y5byjt-WkVBDG-hk#QMk"
"lucrece.roseman@edu.tbz.ch"|"reWa$X-z@Lsts-gPJBfV"
"zoe.annear@edu.tbz.ch"|"wN%zEE-fXlIws-5L2keK"
"marie-helene.rennebach@edu.tbz.ch"|"2d&WRD-smGWPG-j2SGUY"
"lea.djurdjevic@edu.tbz.ch"|"C#sjJN-Y%YRz@-XptJlr"
"goerel.robert@edu.tbz.ch"|"PGmzC1-@j$0o#-X3NjIW"
"mylene.foldes@edu.tbz.ch"|"4TcYxI-nSh@ml-6Ylav8"
"faites.clegg@edu.tbz.ch"|"NkuCyZ-gqoFsP-2H%rCK"
"marylene.crowcher@edu.tbz.ch"|"1CldK8-kc15uo-BPLpXl"
"aimee.wimpeney@edu.tbz.ch"|"elk#lf-HqLZcw-Dhlzs&"
"renee.atkins@edu.tbz.ch"|"CEoO3y-w9L4S2-Cwr2k1"
"rejane.cainey@edu.tbz.ch"|"1khRhL-BM%mDI-52BTk4"
"solene.britney@edu.tbz.ch"|"$Cj9g1-ohAfz#-wiRDR5"
"marten.shatliffe@edu.tbz.ch"|"s$3WIv-SaoFOc-66SUtb"
"maite.issatt@edu.tbz.ch"|"fVH43F-ICt2D3-wr%Sm9"
"maelyss.edon@edu.tbz.ch"|"pBz8Y0-&cI%Pe-zEDpJv"
"nuo.bamling@edu.tbz.ch"|"uiR9co-Rf0U2c-516fTJ"
"anais.edards@edu.tbz.ch"|"wrm4YU-gtblmp-I%LoYd"
"mediamass.bromet@edu.tbz.ch"|"fLex#a-Jga1xG-%96bF7"
"beatrice.kimbrey@edu.tbz.ch"|"Z2$3th-5F4akY-4OBE2k"
"ines.lawranson@edu.tbz.ch"|"20TYJr-gBP&sv-gqxehz"
"kalliste.scandroot@edu.tbz.ch"|"AInENK-OkfRLg-X9cuki"
"mans.barrowcliffe@edu.tbz.ch"|"xEdKzp-%Z%n0v-w$kK7T"
"irene.couves@edu.tbz.ch"|"g9Cgbg-VPGOrH-9i0@pw"
"milena.mucci@edu.tbz.ch"|"awp@vH-&DPlMm-tXZOdh"
"naeva.cow@edu.tbz.ch"|"8vhM64-pM7S&J-89y7tY"
"audreanne.mournian@edu.tbz.ch"|"B@ZU&A-ROl&A4-pg$l$x"
"melia.sinnatt@edu.tbz.ch"|"Ou8Aq$-%%pqm5-N@Kc&M"
"nelie.burnard@edu.tbz.ch"|"0v94w&-p8U2Z5-%QA#&d"
"clelia.ashfull@edu.tbz.ch"|"hRpB@$-6fKjNZ-B2FFQZ"
"lie.macard@edu.tbz.ch"|"fxfUoA-3TkfRw-5g70%F"
"valerie.matoshin@edu.tbz.ch"|"twrqhn-hJMt6$-m08Fue"
"anael.hatherleigh@edu.tbz.ch"|"3MD83I-nQ9VIw-FuLprU"
"interessant.warratt@edu.tbz.ch"|"YSaKa#-ph$sPx-hOWeAW"
"eleonore.volage@edu.tbz.ch"|"A8j1X#-5vmO8r-3OYCQm"
"zoe.stebbing@edu.tbz.ch"|"A%q6l%-x@6uUe-mp%lFt"
"alizee.nye@edu.tbz.ch"|"eh&iwN-%oRwF5-t3qIpY"
"celestine.bramley@edu.tbz.ch"|"9oEvRw-sIt2UU-&@ePUb"
"selene.philcott@edu.tbz.ch"|"hEGUBU-Gr9J1T-pqSwFq"
"tang.newens@edu.tbz.ch"|"&ehK#%-uqPk2d-9VCl9Z"
"annotes.powys@edu.tbz.ch"|"mZuJUQ-OIr%fr-7R4jki"
"lea.matthesius@edu.tbz.ch"|"rlLs#c-&FFfJT-H4JM51"
"illustree.garlett@edu.tbz.ch"|"8TUxQz-h70yIO-ivcq4U"
"maiwenn.meachem@edu.tbz.ch"|"eGhROz-lXYDv7-U@E0%s"
"marie-francoise.mcbrady@edu.tbz.ch"|"9wcLU4-a9jRNg-nR4E1h"
"illustree.gimbart@edu.tbz.ch"|"hwqEa9-xAxfe#-htp@K9"
"melys.lyosik@edu.tbz.ch"|"rb74P9-1nYPvi-PEB2e1"
"marylene.mcnab@edu.tbz.ch"|"6dSjdC-Va%YJQ-M89twI"
"gerald.blount@edu.tbz.ch"|"0N%l5W-#X2OIC-pWavMB"
"clelia.shakelade@edu.tbz.ch"|"EkWlme-21Ykt5-n2DHNb"
"penelope.cridlin@edu.tbz.ch"|"O&h2YT-G&u7UK-UA47@i"
"maena.okuddyhy@edu.tbz.ch"|"D8HDJ2-0suZCf-rKpPKA"
"athena.keynd@edu.tbz.ch"|"Dg3amM-4v5l3J-J9n2Ob"
"cloe.dwine@edu.tbz.ch"|"BEry8o-SRGnQn-Dw63ty"
"josephine.browett@edu.tbz.ch"|"jz#JO7-dVfVw7-WP&P%l"
"audreanne.oscanlon@edu.tbz.ch"|"Y2IUM0-uPYx5x-4qLawx"
"fei.jeanequin@edu.tbz.ch"|"QIwh3@-WOEEaG-khU%S$"
"lois.gormally@edu.tbz.ch"|"aD%IUi-wN#vK$-RkGv9t"
"marie-francoise.finnigan@edu.tbz.ch"|"4VLx0k-s1cxf3-dATLih"
"leonore.trussman@edu.tbz.ch"|"z#JHvO-HYr6mR-JU9C&8"
"anaelle.trumper@edu.tbz.ch"|"vQZkZK-mPWQmN-uOtFy%"
"clemence.dionis@edu.tbz.ch"|"YimU31-c3216H-%Xemlq"
"lois.tranmer@edu.tbz.ch"|"lpXdwE-wXb48z-NvDUJQ"
"interessant.volett@edu.tbz.ch"|"5Mtew@-Ez$Qrl-AIkesl"
"personnalisee.deackes@edu.tbz.ch"|"%YZqnq-f#ZEBM-i27JyN"
"lie.vasiliu@edu.tbz.ch"|"g#MBeN-haTmmy-ePrFmk"
"dafnee.lamputt@edu.tbz.ch"|"Ou&k2f-iO$P1p-vfQFey"
"elies.bromige@edu.tbz.ch"|"bnZ1S&-fxJu$5-Fz33k2"
"helena.klosser@edu.tbz.ch"|"g&yQFA-@rLim0-M8vWjo"
"andree.grim@edu.tbz.ch"|"S#IkkV-kuTyfZ-0NnOhC"
"verane.coldbath@edu.tbz.ch"|"83ehnF-dK4Wrh-BYtkrb"
"helena.bethell@edu.tbz.ch"|"xxt8jN-0Oh1e6-y#U8%b"
"kalliste.carefull@edu.tbz.ch"|"OsNJ2d-XNZ&yF-sEnr2T"
"regine.odams@edu.tbz.ch"|"nbhM4#-3lVk0j-Z#YVag"
"len.stannus@edu.tbz.ch"|"TEoC74-PTv4q%-%l2sR4"
"angelique.works@edu.tbz.ch"|"EJPvI6-iUkYyp-A#kMoZ"
"goesta.rheaume@edu.tbz.ch"|"xm#fCb-zcsGgH-bvYG1J"
"maelys.tynnan@edu.tbz.ch"|"Dz6Lq@-3Fvk7Q-9tUGK9"
"maelle.carlesi@edu.tbz.ch"|"OjKrJc-CXroo7-GTKqFE"
"anael.spurden@edu.tbz.ch"|"ou5Iak-%ZaXCx-sIRIrx"
"helene.pumfrett@edu.tbz.ch"|"b8W14a-r1$e8b-sUtiX1"
"goerel.pearn@edu.tbz.ch"|"zRhg0d-r0wC#f-6HAty3"
"laurelie.dezamora@edu.tbz.ch"|"fkhhH6-7L1c3#-FxIiaO"
"yao.twidale@edu.tbz.ch"|"Ems6AD-vVC6hT-xMdutP"
"berengere.sola@edu.tbz.ch"|"uW5ZGM-yaboqY-xs6@Vs"
"maelann.hardistry@edu.tbz.ch"|"w1zsuS-7fdjNS-q@EcoE"
"severine.littlefield@edu.tbz.ch"|"@KUMzX-9g&gTP-$O259r"
"salome.heinl@edu.tbz.ch"|"67vVj#-q44%4B-Bq#KSy"
"meryl.warbey@edu.tbz.ch"|"1YBJdq-b2yt1p-hL3i4E"
"da.hunstone@edu.tbz.ch"|"fV9362-dhSyMN-crYVaU"
"venus.broadbury@edu.tbz.ch"|"xjoVmE-jHkheA-YyPWMv"
"meghane.rentelll@edu.tbz.ch"|"z$Nc5%-8inOzk-P7KQ82"
"marylene.drewitt@edu.tbz.ch"|"BwY@6c-CZu4rT-C#r8RA"
"melinda.jacquemet@edu.tbz.ch"|"RfhNLQ-tH7Ygb-2K85cC"
"marie-josee.keyden@edu.tbz.ch"|"t2%Utw-SQBmk1-L8P%Wv"
"asloeg.montacute@edu.tbz.ch"|"X0M8P$-B9oOlu-x9HlBX"
"ku.andreou@edu.tbz.ch"|"5F@l#C-Y#Fu7J-n#UmSc"
"personnalisee.feaveer@edu.tbz.ch"|"Kd29@z-2lK0il-j&5bU9"
"laila.emptage@edu.tbz.ch"|"9ZEYW3-Hd87YG-g4W@zV"
"bjoern.dawdry@edu.tbz.ch"|"jD4g%v-BLf4Wu-DuL$iU"
"marie-eve.dinsell@edu.tbz.ch"|"s%STHL-04$J8M-uHv7ej"
"helene.follett@edu.tbz.ch"|"Ar47OV-E$h&iJ-3Crge%"
"penelope.cordero@edu.tbz.ch"|"KGx43j-pWagKk-Pkf%20"
"boerje.beedell@edu.tbz.ch"|"66y&Nk-FjM@z1-y6NOT7"
"nelie.ferne@edu.tbz.ch"|"%xYwS6-65APcl-yLkoDi"
"celine.ahmed@edu.tbz.ch"|"hGy7eF-Q6@ms2-rL2%R6"
"stevina.pimblett@edu.tbz.ch"|"yoNGp@-41Is2J-fYGmQl"
"chloe.langlands@edu.tbz.ch"|"SdI5#5-mBpQPG-XnfY@U"
"simplifies.maude@edu.tbz.ch"|"idK6Fn-zJ6diP-g2931l"
"genevieve.decarteret@edu.tbz.ch"|"j3ClaX-TUSYL#-fSk2tp"
"marylene.mughal@edu.tbz.ch"|"ZL2x9K-A%PNdb-uV#BoS"
"goeran.guttridge@edu.tbz.ch"|"zDCqDI-66be8F-2BlANz"
"michele.smurfitt@edu.tbz.ch"|"&x1bZw-xP$HRi-V7xuoT"
"methode.hadeke@edu.tbz.ch"|"dAYZX2-d55wph-IeS@V%"
"therese.rispine@edu.tbz.ch"|"MwifOi-VdpNWm-bTna1@"
"goerel.plumley@edu.tbz.ch"|"0IVWW3-en1TI8-5A0SVe"
"oceane.friett@edu.tbz.ch"|"nc689$-peEvE%-7EIMak"
"marie-noel.achromov@edu.tbz.ch"|"vqcix5-jyf2Yk-da4%le"
"dorothee.storek@edu.tbz.ch"|"DinX6x-zmWXoh-85IF4J"
"goesta.whittle@edu.tbz.ch"|"#QyyHm-nTBDDF-oIFAaZ"
"desiree.casely@edu.tbz.ch"|"5OlZ&s-fsvGj@-DigHs2"
"felicie.condon@edu.tbz.ch"|"hoNu1h-AuapfJ-3jZs&k"
"maelyss.frisdick@edu.tbz.ch"|"%tP0u&-E0I02S-ycpT#t"
"aimee.banke@edu.tbz.ch"|"c1Sxws-WVsIEj-SBL@CD"
"naeva.hodcroft@edu.tbz.ch"|"MJs99k-Kgs1D8-ef8pXA"
"laila.gerrans@edu.tbz.ch"|"PgjOpx-QQVWgY-g9TwhQ"
"daniele.scrimshire@edu.tbz.ch"|"tnegQX-du1wZR-7BQidb"
"daphnee.sheerin@edu.tbz.ch"|"y#DIBP-xOtcjJ-V6EVU7"
"pal.vanyukov@edu.tbz.ch"|"$vh0Ly-@3@0W0-P$NSVy"
"zoe.childs@edu.tbz.ch"|"NC10Uz-ghBGqY-aVyClt"
"ai.corde@edu.tbz.ch"|"ml6ZHY-x4QY3p-egC08w"
"maelys.berryann@edu.tbz.ch"|"x#3eiZ-kCAADa-mSpyi@"
"cloe.gladding@edu.tbz.ch"|"s$SuJ7-8WGbUt-3if0iR"
"wa.kinnaird@edu.tbz.ch"|"JxcBxp-jb7AR8-qy2Bry"
"publicite.brittoner@edu.tbz.ch"|"zevGoc-jZ#@@$-uJcy#S"
"rao.windress@edu.tbz.ch"|"ZkEJ9M-0cVq2a-0Ez0uG"
"uo.kollach@edu.tbz.ch"|"FgwNTr-5AW0xl-HB1zxy"
"josee.peskett@edu.tbz.ch"|"WCg7pB-uU3G6t-QEHRxh"
"annotee.hasel@edu.tbz.ch"|"1GBbOd-qdl@AL-l&#sNo"
"cinema.lee@edu.tbz.ch"|"N$HiF0-LebUuF-1oa2MN"
"lai.vedeshkin@edu.tbz.ch"|"qZvGwk-b2%alq-hyE7jz"
"renee.brisbane@edu.tbz.ch"|"#x4$Zd-mmpa72-OhPvg$"
"ophelie.blincoe@edu.tbz.ch"|"rTzoc5-&%&LLF-7&K10h"
"zhi.prazor@edu.tbz.ch"|"cS3&fP-17M&Mx-BZMag#"
"annotee.maddicks@edu.tbz.ch"|"CDgOMW-71olay-iU5qVo"
"maelyss.codd@edu.tbz.ch"|"@C#X6a-D9@Ulq-P@LZOb"
"celia.peplay@edu.tbz.ch"|"$j0F0F-@&%itX-K6jQWV"
"interessant.skone@edu.tbz.ch"|"lGaNCz-E$uI19-yMoab0"
"audreanne.hebdon@edu.tbz.ch"|"nKIzOk-eTtHKU-9YYx43"
"oceane.glen@edu.tbz.ch"|"f3MGYN-TvwnEt-EXGljH"
"daniele.vanyushkin@edu.tbz.ch"|"6Bfa4w-ATVm28-4G75vI"
"daphnee.ayce@edu.tbz.ch"|"pwbB0s-7oPQx3-glZWxf"
"andrea.attride@edu.tbz.ch"|"UWoBrB-9M%n0f-fAAn@%"
"penelope.bridgwood@edu.tbz.ch"|"b0P2$y-iHe&g1-OSK1Gv"
"mailis.drewitt@edu.tbz.ch"|"Yr0&cO-qtM5P9-ACQZZW"
"penelope.mollene@edu.tbz.ch"|"7eLk@&-tLY%G@-IHhvoM"
"illustree.keely@edu.tbz.ch"|"VpQSlP-9NSl%N-B3s8Of"
"meng.brisseau@edu.tbz.ch"|"l8z$l4-tdwx9k-5f%0qY"
"ruo.cleiment@edu.tbz.ch"|"6Q5HXm-%dCjsU-py61dM"
"maite.krammer@edu.tbz.ch"|"y5ty7o-Tt9xHY-VUu6fq"
"genevieve.verry@edu.tbz.ch"|"IU2wI&-%xY7lA-Ly8oKG"
"lea.olochan@edu.tbz.ch"|"J5SJgf-#H5Raw-u#6$u%"
"naelle.brunnen@edu.tbz.ch"|"F%6RNR-SXg#98-nO#28N"
"goesta.bragginton@edu.tbz.ch"|"$SPBgp-uVxjy7-oaeTw8"
"fei.danilyuk@edu.tbz.ch"|"ZzGprU-f43mYy-2tetAq"
"adelie.turbitt@edu.tbz.ch"|"EukUpO-&J0Mfq-zhBY7k"
"marylene.nutman@edu.tbz.ch"|"4gkiEC-LnT8Cu-EtGtyA"
"therese.barbrick@edu.tbz.ch"|"FadRZJ-VMB9af-iTjIZF"
"melys.kolodziej@edu.tbz.ch"|"pGc1UB-ryS0MZ-0NORTV"
"melanie.runchman@edu.tbz.ch"|"yG&l67-rkXWkq-Oz0Jk4"
"serena.lafond@edu.tbz.ch"|"YfL#jS-K5HD@y-icTevD"
"pelagie.desmond@edu.tbz.ch"|"rnhFUn-aqnGg&-JkMh0q"
"wa.spickett@edu.tbz.ch"|"KR%RVq-PP##S6-@3X435"
"po.shave@edu.tbz.ch"|"d$IfR8-uyJT6V-A@bIeQ"
"song.huikerby@edu.tbz.ch"|"71SQCM-#tdGl$-ycU5cp"
"melinda.bimson@edu.tbz.ch"|"&OQdY7-Bf#weB-0ui&Yp"
"personnalisee.toffanelli@edu.tbz.ch"|"9EYxBV-FWuGc#-SaBZcl"
"leandre.hurn@edu.tbz.ch"|"C3ulzB-JK%LVC-u7ZzIw"
"oesten.standell@edu.tbz.ch"|"Z7EAVp-VmhBG0-XfGJ2k"
"naelle.smaleman@edu.tbz.ch"|"x5fD4X-Z58BAB-5n8m$Q"
"berenice.tayt@edu.tbz.ch"|"u$J8g0-GqtJOf-9jm1Ej"
"kui.popplewell@edu.tbz.ch"|"0IDpx5-1rQAt2-auCqsV"
"melodie.ferandez@edu.tbz.ch"|"0fT3kb-VwB75b-NxW%Dh"
"josee.negal@edu.tbz.ch"|"@9NeUJ-E@Y#YS-v10r5T"
"melissandre.ferrelli@edu.tbz.ch"|"labo81-ITEpOl-R6alW3"
"josephine.kemmer@edu.tbz.ch"|"8#L2ua-m#3LLn-b6JEtm"
"maely.cayette@edu.tbz.ch"|"MPScIq-S5gk7d-W47HSl"
"nelie.vela@edu.tbz.ch"|"r0w86m-L2mOVE-#qqc&B"
"melina.cortes@edu.tbz.ch"|"lHNGhW-Qizp9Z-E@eJIB"
"megane.leyshon@edu.tbz.ch"|"$ecbsp-j1yFAC-X9LWey"
"regine.harrie@edu.tbz.ch"|"DHnpNS-0Gx49E-pkoo%T"
"mylene.widdison@edu.tbz.ch"|"CUcJ66-4yQ5jH-h2nA9k"
"pelagie.vivash@edu.tbz.ch"|"VGbXOr-vAYV0b-AhUUcg"
"styrbjoern.vicarey@edu.tbz.ch"|"CoAkg1-a#xEBy-dV@xOD"
"long.kyles@edu.tbz.ch"|"Wdndsg-d2gUiZ-5Ta@zW"
"stephanie.gipps@edu.tbz.ch"|"h24zs#-gg6E9B-OriD$j"
"clea.constantine@edu.tbz.ch"|"$$bBgN-&ZxO8I-UrSw9w"
"maella.cometto@edu.tbz.ch"|"Fxweq#-ODaG4d-LgULPJ"
"laila.aubrun@edu.tbz.ch"|"M6WpCR-UoalWQ-UNsEUE"
"yao.austins@edu.tbz.ch"|"zK8$7E-mvo5UM-LLI&7j"
"mailys.rylstone@edu.tbz.ch"|"L$Ksoj-gpluKA-UJ&xm%"
"adelie.curuclis@edu.tbz.ch"|"8i3SFA-PgwD1s-7zfnJ@"
"celine.longhurst@edu.tbz.ch"|"XfzcfG-8zOpQ2-8Inau0"
"gisele.hazell@edu.tbz.ch"|"@RnwAg-ctzTd$-ROaSFU"
"celestine.ciccone@edu.tbz.ch"|"6%mM&7-vLjb0b-7J#Vyy"
"maelyss.doole@edu.tbz.ch"|"%a5Cmg-gmPJfH-0&miN%"
"helene.grimsdike@edu.tbz.ch"|"R@YRGz-JtplnM-oR6pA1"
"lie.macer@edu.tbz.ch"|"fMSiAL-WAEcGc-BW3Bjl"
"maely.izard@edu.tbz.ch"|"E@f0qi-Q4efIJ-EgEel6"
"erwei.breewood@edu.tbz.ch"|"vZ&Zri-FoUhKs-ZOj8t5"
"chloe.woolford@edu.tbz.ch"|"HYEnjH-$QN$a4-r%Mahv"
"cleopatre.turpin@edu.tbz.ch"|"DxnFqj-UM0y0o-i93oBo"
"melodie.surgison@edu.tbz.ch"|"IUzvZY-RhzwcW-#04%HN"
"elies.leander@edu.tbz.ch"|"6dfvV@-&&#l3x-$KQ$U9"
"mediamass.reignould@edu.tbz.ch"|"MZfAX$-kJuNUm-a2i5wY"
"celestine.wasmuth@edu.tbz.ch"|"a@GR8d-A2w7Tx-HMG@JJ"
"marten.jervis@edu.tbz.ch"|"d0ljWb-An8RPT-mphhZm"
"daphnee.bour@edu.tbz.ch"|"PnfBYS-G3a7b$-WuRKSx"
"regine.harlett@edu.tbz.ch"|"PpLZ7h-b$L6Vi-8VdqKK"
"noemie.macaskie@edu.tbz.ch"|"Y3oBZ3-n7enqo-Vtah#k"
"loic.renfield@edu.tbz.ch"|"@XbY0L-afpoa7-2vXCmg"
"venus.kleinert@edu.tbz.ch"|"L9kyxK-C9#8lv-2i2JtT"
"marten.burlay@edu.tbz.ch"|"Cve%Ov-mbFd5&-k2lMnF"
"berengere.radsdale@edu.tbz.ch"|"HloPeJ-zai49j-oxaa2O"
"genevieve.duckit@edu.tbz.ch"|"ymeerW-z#fBGK-CtunYV"
"maely.ligerton@edu.tbz.ch"|"A4IWv6-R5&1R@-aJNSp%"
"maeline.ricciardelli@edu.tbz.ch"|"xar1GY-oZDR9g-dJ$2eG"
"personnalisee.yggo@edu.tbz.ch"|"G$PRoq-wqIJ42-OVVm29"
"alizee.pettinger@edu.tbz.ch"|"VFFOW%-cIIm$o-q1SCIo"
"desiree.curnnokk@edu.tbz.ch"|"oZV5#C-w4Vv0b-XZxLZw"
"dorothee.minors@edu.tbz.ch"|"NsLjsg-LTe5LG-#qDA7O"
"oceanne.kopmann@edu.tbz.ch"|"M7p$xC-@w$SBv-Zt0uye"
"almerinda.brodbin@edu.tbz.ch"|"aFgyhb-4O%aLC-N744J0"
"yenora.carsberg@edu.tbz.ch"|"hSISkn-BPgLPa-$KaHEb"
"wa.beetles@edu.tbz.ch"|"icZ5c0-mrupAO-jjmhR@"
"audreanne.abbot@edu.tbz.ch"|"W2wy@d-$AHLh@-p#8cxD"
"noemie.capper@edu.tbz.ch"|"d&g&9W-uPEP@x-&whwZw"
"mans.abramamov@edu.tbz.ch"|"5oLnAq-gZ41fM-Ge3K#M"
"audreanne.blakey@edu.tbz.ch"|"FYFM3x-l&ezU%-Gx3KcN"
"leone.klimpke@edu.tbz.ch"|"3nux5B-dcn7zL-lLFeyN"
"lie.croston@edu.tbz.ch"|"npQKuS-#%SzAQ-&uJZRy"
"anaelle.baistow@edu.tbz.ch"|"CeqlOa-SbcZxO-NC$AA9"
"michele.garwood@edu.tbz.ch"|"HqS1A7-tGz3hs-yUT$Na"
"interessant.albion@edu.tbz.ch"|"M@NXIP-3@8tha-KcM5Rn"
"andre.brisco@edu.tbz.ch"|"BtHN%8-KS02xL-kVCwB4"
"tang.totterdill@edu.tbz.ch"|"esKi9s-xwiiCp-r5@Swb"
"marie-josee.braundt@edu.tbz.ch"|"qnSuu&-&tmUNQ-3XQTxe"
"lois.galer@edu.tbz.ch"|"WhLMS@-sik@PJ-#MF15f"
"faites.pellamonuten@edu.tbz.ch"|"ywp0pw-o7ui%6-FvVwdQ"
"mai.barfford@edu.tbz.ch"|"8&wvIx-p&3qee-6Mx%1z"
"laurene.macilory@edu.tbz.ch"|"fi%lVM-vm&jj$-sdwVIl"
"elea.peak@edu.tbz.ch"|"j55Txa-zH1JAY-iCWOXh"
"rejane.doni@edu.tbz.ch"|"HlguF8-pYCPv&-Cpg2Wd"
"mahelie.ector@edu.tbz.ch"|"bR%0Sq-z4BoHl-HK2n0t"
"rachele.allum@edu.tbz.ch"|"lPR3ib-lOxHDC-N5mwGy"
"laila.gerretsen@edu.tbz.ch"|"mq#g#y-OKss8H-KXK3w5"
"ines.bowman@edu.tbz.ch"|"krG5tU-CDuV0a-MxCcya"
"publicite.barbary@edu.tbz.ch"|"UvfLCE-ub#AK%-rD8HLG"
"mailys.smooth@edu.tbz.ch"|"IuuNk$-XHAS@#-edK572"
"mailis.huguenet@edu.tbz.ch"|"iy0dSp-E1IxgK-wSS0$a"
"lea.ewer@edu.tbz.ch"|"IDyPg6-c5cEaO-VxUoPU"
