"email"|"password"
"melodie.vandervlies@edu.tbz.ch"|"3@aUOn-4zJNHf-@MBGS0"
"angele.edgecumbe@edu.tbz.ch"|"8UPNMm-Lyl7vs-VHBdf5"
"zhi.andreasson@edu.tbz.ch"|"awuwYV-d6n0Jt-TNuWP1"
"judicael.koppeck@edu.tbz.ch"|"sNDh$S-s$M$mr-Sy#PHo"
"berengere.capron@edu.tbz.ch"|"HIGXRW-aCpOYS-3mtNsi"
"leonie.brosini@edu.tbz.ch"|"GqZQK5-C7mQtb-gGkMNt"
"venus.garfit@edu.tbz.ch"|"AU9OKg-nBh483-zmEqbu"
"melina.janota@edu.tbz.ch"|"KsJz9R-kvoIQL-@yGxMo"
"laurene.bake@edu.tbz.ch"|"DQOA3%-fXKLLG-YzejeJ"
"regine.dorkins@edu.tbz.ch"|"%mO&@i-jSATD3-N79YkZ"
"cecile.moffet@edu.tbz.ch"|"8CeWnT-6c0e6H-Feoffh"
"maelann.labrone@edu.tbz.ch"|"#HoJ5W-@gb&%T-A1S2CJ"
"melinda.newbold@edu.tbz.ch"|"h6rv@r-BNcow@-j$@sNj"
"mans.itzhak@edu.tbz.ch"|"e#$JQj-pq2KM4-u6&kDU"
"melodie.pattlel@edu.tbz.ch"|"eLd72j-8gRPlJ-Apz0eH"
"celine.bonett@edu.tbz.ch"|"0QW0ZT-L7sfOn-U&DB0y"
"adelie.mcgreal@edu.tbz.ch"|"3Oxj49-mR2nY%-EMgB0a"
"helene.soldan@edu.tbz.ch"|"Zwj5pL-VO0Wkd-3HoOQJ"
"michele.cluer@edu.tbz.ch"|"lAj01d-rlJzEs-t@hXJ5"
"maeline.mueller@edu.tbz.ch"|"$i9LxJ-cwIEJR-fNsPr#"
"maelann.benedito@edu.tbz.ch"|"0$MkrA-L4ONio-NfK%8s"
"nuo.gransden@edu.tbz.ch"|"#Ae14S-V9f5lS-hpL0ca"
"berengere.stainton@edu.tbz.ch"|"BGT98T-2TA%PB-5dTKZ1"
"wa.sabater@edu.tbz.ch"|"PIoDiE-f2e6a5-iuu8LZ"
"anais.cochran@edu.tbz.ch"|"zKUuPM-IPQ%Cs-yopNFi"
"gerald.bessant@edu.tbz.ch"|"Lg9gGu-Aa1USJ-CYNwNv"
"ruo.coffin@edu.tbz.ch"|"N06wTq-G0DONH-ZLn2cL"
"melodie.mustill@edu.tbz.ch"|"2oBMsk-#fK0s$-WKEPYd"
"ruo.stanesby@edu.tbz.ch"|"Pl2DGh-UeL7Yn-l0mjSD"
"noemie.antognelli@edu.tbz.ch"|"4S3sk@-jlBU9&-Q9KinL"
"maelann.hughson@edu.tbz.ch"|"mzV5ul-drEnb3-g0Ipts"
"milena.mieville@edu.tbz.ch"|"OrzNY#-XyUm58-RECoKs"
"mailys.chamberlin@edu.tbz.ch"|"O2$pW5-P6bIJn-j9Jy$N"
"nadege.tomalin@edu.tbz.ch"|"m4Khxq-7RysmZ-MFNe45"
"oceane.omara@edu.tbz.ch"|"z$hRZq-3bDrnn-LxpXuZ"
"cecile.aguirrezabala@edu.tbz.ch"|"C18u1C-KjOWf9-ITB2WG"
"maella.gwillim@edu.tbz.ch"|"vH5Xsi-M@ybRd-Bp%rxq"
"lea.mcgahey@edu.tbz.ch"|"nqsOTm-r6oci4-3lsmGR"
"laurene.hagerty@edu.tbz.ch"|"efC26t-aewX1f-wTpmqa"
"dorothee.link@edu.tbz.ch"|"hH0Z6q-AAPDgI-E2ACD$"
"clementine.kynsey@edu.tbz.ch"|"bDY3#A-z10oqV-VJ6FKN"
"lorene.smitherman@edu.tbz.ch"|"nvCwYq-eB9x9U-VcCv@K"
"cleopatre.klulicek@edu.tbz.ch"|"JVaDzz-kZiwnT-tPYc70"
"laurene.castaneda@edu.tbz.ch"|"1BamI&-4sAiey-@3AVbN"
"melia.constant@edu.tbz.ch"|"LpY9aE-t0vtiH-conTmA"
"lucrece.clunie@edu.tbz.ch"|"1ljpmN-k3OFnr-dIF$18"
"eleonore.mcmurthy@edu.tbz.ch"|"ZrFvkh-slaC@6-twty%6"
"melia.bevar@edu.tbz.ch"|"O4l&Rk-gn8RZY-9prBhh"
"camelia.bontine@edu.tbz.ch"|"acSjha-ux#ska-68wQLp"
"methode.jozefczak@edu.tbz.ch"|"P8YIb2-7KoKaD-4DeQND"
"audreanne.hinsche@edu.tbz.ch"|"EzjkZr-QB5hPi-61NSVW"
"andree.varne@edu.tbz.ch"|"lrwtRQ-YCYgdh-06dLvk"
"marten.kinleyside@edu.tbz.ch"|"PCnMWM-EyNyZA-n6bTBz"
"esteve.mcewan@edu.tbz.ch"|"4TB12a-#5b7ns-hKeAt@"
"leane.dibbert@edu.tbz.ch"|"XCaCs1-j7BvmM-09S@SK"
"ma.thewlis@edu.tbz.ch"|"K30bjb-XcoTPX-%WFqu6"
"clea.djurkovic@edu.tbz.ch"|"YoMcfC-zd7t7d-x$GE2a"
"rachele.reburn@edu.tbz.ch"|"rF$hN5-jEbL&v-225#8E"
"gerald.gowling@edu.tbz.ch"|"EzW8pp-UosxEX-gGfFye"
"cleopatre.jackson@edu.tbz.ch"|"1DKJNh-DFMdh$-sxtAuw"
"desiree.haskins@edu.tbz.ch"|"Qfb#S7-9Z$eyQ-4z$@gs"
"eleonore.longson@edu.tbz.ch"|"Zy2NGt-mN10Ct-MbTEjo"
"leane.dybell@edu.tbz.ch"|"3WZRsd-e$8pnT-5ronGP"
"becassine.grzesiak@edu.tbz.ch"|"5PGUEA-ys4z$b-ypvegi"
"marie-josee.pickin@edu.tbz.ch"|"9ey8HL-ZBb%TD-G#G0P0"
"marie-josee.roxby@edu.tbz.ch"|"%2fN8r-1o4JTS-e5vWwC"
"leonie.feenan@edu.tbz.ch"|"LC#eH2-2GzB44-H@EQf4"
"valerie.ellum@edu.tbz.ch"|"I%FcKL-yJwOXA-I4L7Gp"
"ju.caseri@edu.tbz.ch"|"rF52pR-oIGDT3-@TRi%V"
"boerje.strangman@edu.tbz.ch"|"arGp%G-vIFOMq-5AQ3Iv"
"beatrice.ghidelli@edu.tbz.ch"|"IamIi8-lkpvKP-eKb2#@"
"da.jablonski@edu.tbz.ch"|"XyEgxs-TrB7Uv-8$TqVd"
"uo.beveridge@edu.tbz.ch"|"7rlhre-YsB0mX-ANrphv"
"valerie.bestman@edu.tbz.ch"|"a5zBXg-r3Oh41-Vhi935"
"marlene.pohls@edu.tbz.ch"|"ryPty&-O8bR07-%8B&za"
"ma.nolda@edu.tbz.ch"|"jx6sHj-ldG$T5-Lv3ZVJ"
"marlene.bisiker@edu.tbz.ch"|"TiY@hN-gAWWYq-o$rzcV"
"estee.babon@edu.tbz.ch"|"N&y7fX-yKsgw6-RwmfWQ"
"simplifies.dmisek@edu.tbz.ch"|"fEKQ@U-eCcQpU-makQkc"
"selene.ganing@edu.tbz.ch"|"Oet@bg-yWYy42-QUyWmu"
"meryl.penke@edu.tbz.ch"|"grSmBW-G1R$hS-4d6S9R"
"anais.rawcliff@edu.tbz.ch"|"vWaBgq-cTFu3W-jbEvz$"
"melina.andri@edu.tbz.ch"|"6h7owp-OquRiz-CztnzR"
"audreanne.fodden@edu.tbz.ch"|"OWnAtT-Bp35nN-fA1ID1"
"bjoern.spellesy@edu.tbz.ch"|"RaE$Oz-Hiv9GY-8@3P7o"
"francoise.summerscales@edu.tbz.ch"|"z1Y2Ri-DVg0m7-thluRw"
"laurene.ashtonhurst@edu.tbz.ch"|"N7O8CN-rB&NYP-ejDmTO"
"valerie.petters@edu.tbz.ch"|"oYcEXr-8GqhjS-QTcdzw"
"anael.spenclay@edu.tbz.ch"|"KnUf$T-T4u2vl-5J5iNV"
"stephanie.keech@edu.tbz.ch"|"DP3tLS-O#0nbk-bYuixf"
"ines.deveril@edu.tbz.ch"|"Grckpa-yiH4GC-tFWsJc"
"berenice.gelder@edu.tbz.ch"|"2QMgGx-TAa4#G-xZmj%I"
"melanie.ofogerty@edu.tbz.ch"|"AHRFD0-bVp$0P-k1w9iY"
"frederique.canepe@edu.tbz.ch"|"MRR4%q-210Jc2-Vdl@vA"
"nuo.otton@edu.tbz.ch"|"Bp@J42-cMSa3#-@1A&a@"
"genevieve.trusler@edu.tbz.ch"|"8lZh$U-p@280P-1P%smt"
"ju.boag@edu.tbz.ch"|"ASo&@q-lQ8dEt-vyl#cc"
"josephine.dilucia@edu.tbz.ch"|"3SsbWg-Oxf0gx-&nZ%SK"
"laurene.armsden@edu.tbz.ch"|"8AW@$4-%7h7g#-z1HSAh"
"becassine.griffe@edu.tbz.ch"|"tFs3y1-4T1EhY-Eu3oqy"
"alois.parres@edu.tbz.ch"|"#L7rMn-xouqtW-qWPgwR"
"cleopatre.gaffey@edu.tbz.ch"|"ATZ0Vc-OaB56H-36Hwbp"
"andre.stiger@edu.tbz.ch"|"HdgVo4-smIu8i-nL9llX"
"beatrice.godleman@edu.tbz.ch"|"89hSfc-94RdBC-O63EPC"
"hakan.harrhy@edu.tbz.ch"|"&6&Qqz-5B1JHy-Xr#yFv"
"celestine.dagnan@edu.tbz.ch"|"&yrjVs-$o57PU-mdz1%x"
"clemence.haggart@edu.tbz.ch"|"fY%uQ8-f6MSLp-NDx9CV"
"long.caban@edu.tbz.ch"|"kqu&Z4-yA9zcJ-m%7akI"
"gaetane.grimble@edu.tbz.ch"|"j$34z&-ur98pH-rsqH%H"
"maelann.piwall@edu.tbz.ch"|"wrmWwi-#HiR3c-Trn9Qz"
"magdalene.loble@edu.tbz.ch"|"BqjD0p-kw$A95-jGyqL8"
"veronique.domaschke@edu.tbz.ch"|"IQnaJP-DmYoNW-jrEVa9"
"clea.herity@edu.tbz.ch"|"kBx5ZT-02HVSa-TfVUpX"
"maelann.bambrough@edu.tbz.ch"|"S%K%5B-RYxe2K-1bb$9B"
"clea.goulstone@edu.tbz.ch"|"%vMxfQ-jAOXd5-7&lCae"
"renee.deleek@edu.tbz.ch"|"g%KEoY-FbQJqk-cm%m@n"
"boerje.rudderham@edu.tbz.ch"|"TEM6fn-H7VxbJ-OHC9wy"
"marylene.broune@edu.tbz.ch"|"5h06p2-TANPhw-Do##E6"
"nadege.mccuish@edu.tbz.ch"|"UM2w8E-oCNDki-mZJ$cz"
"anael.littleover@edu.tbz.ch"|"bNNj2V-w2nNW1-t8%nn&"
"lie.baume@edu.tbz.ch"|"EJLO@#-0qzqYT-xDgfP&"
"maella.murrow@edu.tbz.ch"|"D2Vixz-j6RFZB-DOk73$"
"cleopatre.pettifor@edu.tbz.ch"|"3S2KIR-63rEUC-%4$w$v"
"geraldine.asker@edu.tbz.ch"|"FHSAG#-KoXJ9E-WgCjM&"
"gaetane.smedmore@edu.tbz.ch"|"kSRTCT-Xx7QsS-mn1x%7"
"meryl.blencoe@edu.tbz.ch"|"O&5p2x-W1F5va-LfQeHE"
"aurelie.chastaing@edu.tbz.ch"|"%KQxU%-TC5oxU-aFxVcx"
"oceanne.marthen@edu.tbz.ch"|"hpkUdo-EOHo2%-D93M1b"
"dorothee.burrill@edu.tbz.ch"|"@CeTB2-9671AU-SpoZ@K"
"hakan.belden@edu.tbz.ch"|"7WG9i&-XWIrMl-iAbSVg"
"celine.brunning@edu.tbz.ch"|"SOUIf8-gzg1Xh-Qy0U#a"
"anael.lapides@edu.tbz.ch"|"xBlr&E-tg#70l-117#a7"
"ruo.saffran@edu.tbz.ch"|"pElcfw-nkjTmc-7nEyoX"
"loic.gerretsen@edu.tbz.ch"|"UxmDHP-p%Bsvb-E9dsFa"
"rui.fitzer@edu.tbz.ch"|"ewooh0-zYCHLN-4HBX1Y"
"annotee.ogers@edu.tbz.ch"|"M4CACe-HVl6mO-UhnxuN"
"boerje.bindin@edu.tbz.ch"|"z%hurQ-CFqQ6a-kp53IQ"
"ma.cronchey@edu.tbz.ch"|"9ReQ67-GkK9AR-HNYimr"
"laurelie.baiyle@edu.tbz.ch"|"e76@Vi-gGO0q9-5Sxo3B"
"dorothee.older@edu.tbz.ch"|"qV8@33-9Ta@H#-uQvDef"
"laurena.wile@edu.tbz.ch"|"1DjpsU-No4qP#-dvCFkC"
"clemence.brito@edu.tbz.ch"|"4WUZEM-lrxPQC-wEtYIT"
"nadege.dallin@edu.tbz.ch"|"x7Y6@U-uI78jz-TuzsOi"
"mailis.matley@edu.tbz.ch"|"dAh6qh-rrZ7@8-hSngKt"
"daniele.screaton@edu.tbz.ch"|"Y#E8OJ-9bhhzK-&sg88T"
"mediamass.godly@edu.tbz.ch"|"c4EAV7-2J5vBn-oW8BAK"
"leone.kremer@edu.tbz.ch"|"YE@&Ei-bBKgv#-@ce6%f"
"asa.adrian@edu.tbz.ch"|"Xc@xlD-wf2Y36-5updD1"
"adele.doley@edu.tbz.ch"|"8%pJZn-@4OsHE-@jYDiv"
"fei.sidney@edu.tbz.ch"|"$23$$H-BKui@5-lzjRlA"
"marie-josee.walisiak@edu.tbz.ch"|"TJ9ibL-t0n$W$-WeIRm8"
"desiree.diplock@edu.tbz.ch"|"GYxk9$-CBBrNY-mePyec"
"gisele.schust@edu.tbz.ch"|"PJncdi-4&sAx6-hfx1Jj"
"ma.longshaw@edu.tbz.ch"|"qw@lDu-xW87N%-S2%v4J"
"da.boother@edu.tbz.ch"|"JvJ&qd-Gbg4&C-%9S$IV"
"simplifies.chaudhry@edu.tbz.ch"|"lolH7r-aKkABR-xuwEKm"
"garcon.baniard@edu.tbz.ch"|"WUM@ie-6tqOv3-mwBNne"
"gaetane.elphee@edu.tbz.ch"|"m7cgqw-anQdnn-h9oR4E"
"gisele.hassey@edu.tbz.ch"|"UiMUuL-#itqDp-4SfAbi"
"oceanne.booley@edu.tbz.ch"|"2J0U#7-Pqt5X6-DTRsbJ"
"oerjan.dibden@edu.tbz.ch"|"b4C024-AFgVez-NnnU#U"
"regine.ocleary@edu.tbz.ch"|"XK7#xz-@AxdiM-dWqD1a"
"selene.persse@edu.tbz.ch"|"ol3Z&p-dD7T23-s&j5&e"
"helena.adenot@edu.tbz.ch"|"67TRmm-#oEKKU-EJBYqJ"
"maelann.wassung@edu.tbz.ch"|"E$LUoq-HisGf@-$oT5$c"
"frederique.ackermann@edu.tbz.ch"|"3XZp7a-Z3kYjy-rw6mNR"
"audreanne.kahen@edu.tbz.ch"|"5yxLVG-MDqyYr-vraw1w"
"maiwenn.lasty@edu.tbz.ch"|"VNMmhg-4qy9RR-k9n1&3"
"yu.dictus@edu.tbz.ch"|"YyFoEY-MpO6Kz-PDXiHE"
"anae.dukes@edu.tbz.ch"|"e5qArR-H7ekSS-qdHhZ0"
"yenora.warr@edu.tbz.ch"|"V2dfB$-LGX%Lq-hl7uoL"
"esbjoern.archibold@edu.tbz.ch"|"7H80Va-rEB1mj-eAejbs"
"milena.pardal@edu.tbz.ch"|"5yd&OP-obnIJi-p@NHzk"
"celestine.graveston@edu.tbz.ch"|"O7t8HS-F2PNor-oiA$0J"
"maena.dallas@edu.tbz.ch"|"qL7lrG-GfGPnv-pHMm4q"
"andree.tuke@edu.tbz.ch"|"ao%SKs-&BZuj6-tPRWUL"
"methode.seldner@edu.tbz.ch"|"AH#ki$-pnbIEB-h%G$YK"
"venus.bullas@edu.tbz.ch"|"WL33o3-PBqmGw-w$dd7b"
"mans.aguirrezabal@edu.tbz.ch"|"amsH&Y-RxTYD2-2DSdT%"
"gaelle.eadington@edu.tbz.ch"|"KfA7gg-j1TUUw-vOb7RD"
"anaelle.falkner@edu.tbz.ch"|"q5tFay-4Ufwcg-M3Y42v"
"ophelie.height@edu.tbz.ch"|"jwWtYJ-VOQpQ8-z@1eLq"
"marten.bolding@edu.tbz.ch"|"fW4JfH-YLwsEQ-m061J7"
"pelagie.guswell@edu.tbz.ch"|"QydlLv-tpcpl#-JYdgSB"
"gwenaelle.lecount@edu.tbz.ch"|"WXqh#G-iGU79n-l77KOo"
"hakan.laden@edu.tbz.ch"|"bfS263-#ierd$-zEZAB7"
"marie-josee.hylands@edu.tbz.ch"|"b9YAXd-OrB7yu-2azV@g"
"zoe.kingshott@edu.tbz.ch"|"%5SvIN-Z&oEfW-jqNocl"
"josee.janous@edu.tbz.ch"|"t9gjmn-EzO6S9-Qj8a9k"
"laurene.gallally@edu.tbz.ch"|"@B6LCk-ycPxNC-M3sVp%"
"anael.bickle@edu.tbz.ch"|"v%6Le7-0q#cJN-#36PN%"
"mediamass.lebbern@edu.tbz.ch"|"QNgRwC-uZe%Ih-XuxNOO"
"berengere.hovy@edu.tbz.ch"|"hXuqrk-FPPD9e-XUfB#O"
"oerjan.kilmurray@edu.tbz.ch"|"zwyZ2A-V4Tosr-2lROfW"
"asloeg.venny@edu.tbz.ch"|"3eM%Sv-UYO&sI-C0Eji8"
"marie-noel.stoad@edu.tbz.ch"|"6Efwyy-RI&&@H-l#MzXd"
"hakan.pettifor@edu.tbz.ch"|"3IjGQS-W2MFEM-383CcF"
"maella.willgrass@edu.tbz.ch"|"DM#J2L-kowApx-cd1T7z"
"therese.ludovici@edu.tbz.ch"|"fNQ%U%-iIZetf-SKQNH%"
"stephanie.trewhitt@edu.tbz.ch"|"z$P@NR-xUbkiu-7UAWRW"
"maerta.bauduccio@edu.tbz.ch"|"fo4dy8-7$ZgY3-GjMoMl"
"gaetane.glaisner@edu.tbz.ch"|"en85BE-X&Jo&f-C9DS9E"
"naeva.pargeter@edu.tbz.ch"|"2XEOAv-#G@XAG-4xjZ1r"
"salome.venable@edu.tbz.ch"|"hz$yJ5-oyoXG$-MsKYeS"
"boerje.thickett@edu.tbz.ch"|"rAB6$j-4YHVTG-Ol9JPr"
"lucrece.prendergrass@edu.tbz.ch"|"bZGK1X-V%@g4o-zXgHF3"
"laurene.ockleshaw@edu.tbz.ch"|"R61jvz-Xm7%Vv-6FZ7FR"
"cecilia.pasticznyk@edu.tbz.ch"|"n#Vzim-weKoL%-67b2CO"
"stevina.mackey@edu.tbz.ch"|"#&@OZ1-bA2JSy-K04f$v"
"marie-noel.reven@edu.tbz.ch"|"4uaxt4-iv2@Ho-FLoV6O"
"melina.quilkin@edu.tbz.ch"|"qd7m16-6XIes4-cK%8rv"
"marie-noel.ferrie@edu.tbz.ch"|"CoitpR-K1bOFk-28sI2g"
"leone.alphege@edu.tbz.ch"|"5N4Qnu-IxNZgC-b&W0Fw"
"zoe.leverson@edu.tbz.ch"|"Aux$R8-i66Tyq-VzAPu2"
"annotes.grayne@edu.tbz.ch"|"k9MlkW-feIlBA-NjS1Hl"
"faites.lalley@edu.tbz.ch"|"qNx04B-q29HsS-cqijHk"
"adele.wallis@edu.tbz.ch"|"JUXT&w-&Kk8kL-1jEtXB"
"severine.madill@edu.tbz.ch"|"W$50YR-J4E$Rk-S2yyF6"
"valerie.tebb@edu.tbz.ch"|"285St8-SdavsS-TVcKXQ"
"kalliste.rasper@edu.tbz.ch"|"qBbP22-cnley9-WzXewu"
"audreanne.palomba@edu.tbz.ch"|"S$R71E-QCVC@C-oUzctY"
"elea.adamik@edu.tbz.ch"|"1VM5yQ-Wq20so-XmPpdG"
"reserves.jakuszewski@edu.tbz.ch"|"XmH6es-yrjQBs-jW0fWf"
"athena.belhomme@edu.tbz.ch"|"mHsb98-xdfjUK-fdiFqi"
"rebecca.crippin@edu.tbz.ch"|"W54irc-PLHnJ%-kB9n$J"
"maiwenn.curman@edu.tbz.ch"|"RUdWVa-mWCg9w-Iqw84H"
"andree.bunner@edu.tbz.ch"|"Yph#MW-u#lw$m-3qztV7"
"ruo.winckles@edu.tbz.ch"|"3OU%%J-l1WXEd-iLIYrO"
"naeva.buntine@edu.tbz.ch"|"1y%nPX-9kXe#7-un#8nI"
"boerje.dollard@edu.tbz.ch"|"NW8cd5-6lVU6P-K32aDn"
"penelope.gorman@edu.tbz.ch"|"6%w&AQ-GdXS5f-kXgmam"
"alois.robelin@edu.tbz.ch"|"AzMSJX-y0a7Po-XU7N0C"
"anaelle.tindle@edu.tbz.ch"|"gYOqWV-1bUJ5A-cs3SnR"
"ye.frears@edu.tbz.ch"|"d#JK2a-wmn#aI-v5BoC%"
"andree.ovid@edu.tbz.ch"|"&MQXDG-KpG&%p-BtHeh2"
"hakan.peat@edu.tbz.ch"|"V#yMU#-TJd&o4-cG2FyP"
"andre.januszewski@edu.tbz.ch"|"mcLLwc-&lq2YP-Y4RMcW"
"annotes.clemmett@edu.tbz.ch"|"pVyj76-cO$hMv-IBCik$"
"pal.lambswood@edu.tbz.ch"|"pIGB3w-yXCzEb-a3%9Lr"
"yao.lenton@edu.tbz.ch"|"HyS5e#-Lw6uvG-Z$o5##"
"hakan.boyton@edu.tbz.ch"|"5v9lf8-ol94p5-W$JRc@"
"nelie.forsey@edu.tbz.ch"|"F%Cgp3-vqMKVX-&n8lAf"
"hakan.horche@edu.tbz.ch"|"DT3Kmf-PDN6w2-EN3r0m"
"lorene.sinkings@edu.tbz.ch"|"e%q7tE-TI6N4%-Te25$z"
"marie-therese.creddon@edu.tbz.ch"|"TayXpb-hn@Ds$-ws@Tea"
"berenice.tolworthy@edu.tbz.ch"|"Q0q6qJ-Jm%oah-gI@Q%&"
"theresa.land@edu.tbz.ch"|"1%n97N-i8SU%f-nHK2nP"
"marie-therese.gianilli@edu.tbz.ch"|"0jIOAz-CuqmCJ-Ud5UZz"
"meryl.glew@edu.tbz.ch"|"CbSLEP-w&CwRl-K%#5TH"
"adele.debling@edu.tbz.ch"|"wTeDE7-q$3x1W-&p#oFE"
"anae.metzke@edu.tbz.ch"|"#sc$A7-nV3FjG-#HAIFp"
"gaetane.gooden@edu.tbz.ch"|"l5oFVc-5KeVKo-RXwWKa"
"laila.bootland@edu.tbz.ch"|"71xy%#-tUg074-pXAcZb"
"maite.helsdon@edu.tbz.ch"|"iS&$$k-FzTx3C-qlIkPd"
"andree.malley@edu.tbz.ch"|"9X1jkm-0jqVZu-@Lon@O"
"pal.simmens@edu.tbz.ch"|"5V4bAL-e6PjLW-livDr1"
"maelys.nuccitelli@edu.tbz.ch"|"M$TmTU-7YvNl#-XPK#zz"
"dafnee.sibary@edu.tbz.ch"|"ahKP@s-KKhc%r-C@S$S%"
"alois.harsnep@edu.tbz.ch"|"bKe$5#-e&CN%C-1r4E%o"
"marie-helene.lacky@edu.tbz.ch"|"bnGrwg-7Yr51R-z@mt3r"
"mylene.youthed@edu.tbz.ch"|"cA8VqI-@#UtY2-HzZVtE"
"marie-helene.dehmel@edu.tbz.ch"|"MYZkgp-KSHA2t-Rn@Ize"
"angele.batman@edu.tbz.ch"|"Iy#jY7-cY@ZSa-4xRUQt"
"melia.younghusband@edu.tbz.ch"|"5o$PA5-ncfEnD-mvVZ2h"
"eloise.baldi@edu.tbz.ch"|"nneVpr-Cd77%f-x2Pe%s"
"illustree.dun@edu.tbz.ch"|"5hxNW@-xOOXg1-Xi0n@c"
"genevieve.late@edu.tbz.ch"|"pWvhc&-d2sSSE-z1@5B5"
"celestine.colville@edu.tbz.ch"|"VM6D3r-T6tipk-LTHMcr"
"gwenaelle.scarlon@edu.tbz.ch"|"xYEJ%a-G9fI2g-hfGu@C"
"regine.boddie@edu.tbz.ch"|"PV@U@S-1z2T&R-GLKgWx"
"creez.gaughan@edu.tbz.ch"|"#a4RVe-HGCU&s-BMdoRp"
"gaia.longford@edu.tbz.ch"|"twg%mq-dwy54w-xtVqlt"
"mailis.buckby@edu.tbz.ch"|"McO0iS-L5FsOQ-vIPQiv"
"song.parbrook@edu.tbz.ch"|"rlP7&D-UP$h&Y-#R6NnY"
"frederique.heddan@edu.tbz.ch"|"2MkIrO-SbSL&S-bMcgN$"
"ake.kirtlan@edu.tbz.ch"|"hlLYaI-oOdv&1-L$#K#a"
"nelie.runciman@edu.tbz.ch"|"DM3xy&-jiQ6Vl-sG1DH2"
"mailis.cardnell@edu.tbz.ch"|"IB$q#r-AqLrRU-VdAi%&"
"irene.navarro@edu.tbz.ch"|"EaRi1O-dDRzWV-Cfinlb"
"maite.cough@edu.tbz.ch"|"MYYdFZ-k@MhlE-zVAnuM"
"anaelle.stocky@edu.tbz.ch"|"ftp4br-aKx#cW-GWheco"
"methode.moulder@edu.tbz.ch"|"geOhC6-yMZYY&-ILVfrU"
"po.stafford@edu.tbz.ch"|"UfAG9o-AAJKtZ-Rq5UyA"
"faites.scraggs@edu.tbz.ch"|"A%Yvno-I2JhsT-&Ji#j0"
"adelaide.dullard@edu.tbz.ch"|"X7Ub$M-hZgAPr-IClufm"
"desiree.leonard@edu.tbz.ch"|"g&$&3R-kD7MBr-og%YzG"
"geraldine.badgers@edu.tbz.ch"|"45Ayy5-EEVkfB-fU114Z"
"ruo.masic@edu.tbz.ch"|"rCw5Ze-XoVSAc-wk9$Ps"
"aurelie.lieber@edu.tbz.ch"|"V2SyqW-sYhoN1-866JTh"
"naelle.balcock@edu.tbz.ch"|"euUYcC-w1Rn03-YeoIR1"
"camelia.elger@edu.tbz.ch"|"m6&Up#-qTbqVl-xaYNMs"
"publicite.oakeshott@edu.tbz.ch"|"gvCowl-3rUJdv-&4#4WH"
"cleopatre.fawley@edu.tbz.ch"|"rlQmuh-caUbIe-iJ$RCC"
"laurene.bruckmann@edu.tbz.ch"|"iQE$7G-f3m6eT-PbyNv%"
"rui.haughton@edu.tbz.ch"|"%PbZ@2-vMC0c#-$WWW8l"
"asa.ladewig@edu.tbz.ch"|"n2GhMN-02$Qqy-hQouKS"
"gisele.janecek@edu.tbz.ch"|"CBkDia-8fOH&e-q@v8vq"
"maily.loveridge@edu.tbz.ch"|"4MP%SJ-AzNvO%-WgCCnY"
"marie-eve.yurkiewicz@edu.tbz.ch"|"yGDo@m-p#e#D9-Rjhn$j"
"fei.roder@edu.tbz.ch"|"tMQ&LC-01EM#w-iesjs%"
"edmee.chatburn@edu.tbz.ch"|"%wURFN-$kLAxr-ERWOjK"
"geraldine.darke@edu.tbz.ch"|"YE9yib-wCGY5X-nFOEd@"
"ye.jira@edu.tbz.ch"|"pwlrN2-AJ@Fnb-h8tlhV"
"publicite.persent@edu.tbz.ch"|"bf7GQi-AK4&2M-FhBovb"
"severine.wilcox@edu.tbz.ch"|"g3yufH-ABHQYG-i@qoQl"
"yao.mcclaren@edu.tbz.ch"|"fwXpUE-R0b4Og-D%dCVT"
"theresa.foynes@edu.tbz.ch"|"zcjo1r-JxVVxd-6mFYtz"
"stephanie.isley@edu.tbz.ch"|"2TZvew-tGA2Kh-D7cysM"
"torbjoern.growy@edu.tbz.ch"|"VXeCCc-A529ud-5k$uPJ"
"eloise.tunnadine@edu.tbz.ch"|"DEvfXQ-7wYTRh-sUFj04"
"maeline.cossentine@edu.tbz.ch"|"Bw547o-Qs4%2L-u%T#wm"
"nelie.desantos@edu.tbz.ch"|"dmGN8@-@e#2pA-iUvnzS"
"gaetane.axston@edu.tbz.ch"|"PnEEXi-ce$O7N-kP8QM4"
"aimee.merman@edu.tbz.ch"|"ayZ2HU-uIR03t-7Xk3ly"
"oerjan.drivers@edu.tbz.ch"|"a0qi0P-psfsny-MXmcQO"
"aimee.miroy@edu.tbz.ch"|"8&Ni#N-Ygfpeh-aK6jBd"
"nelie.glyde@edu.tbz.ch"|"Vcm0g3-$fM25f-UU4lS$"
"hakan.kapelhof@edu.tbz.ch"|"EZWcg#-D69#d2-fH93EN"
"maelyss.cauley@edu.tbz.ch"|"dpR2BZ-#&8QPe-uPVlt5"
"elea.vaggs@edu.tbz.ch"|"KCfC7h-tYVjrU-ACqSxy"
"maelys.but@edu.tbz.ch"|"tMYXw0-5mj@Pk-LCGqM$"
"maella.arthurs@edu.tbz.ch"|"ASJUMQ-#DUgt6-X&V&Gi"
"adele.liebrecht@edu.tbz.ch"|"Ay2cr$-@yATCc-VOoqc&"
"meline.lomasny@edu.tbz.ch"|"I&jlv7-fqj99A-TuvBPl"
"mediamass.schwant@edu.tbz.ch"|"@a%ANL-vsgc5R-mH4m1v"
"leone.saunt@edu.tbz.ch"|"U5Er%@-&32H$q-PUjzVu"
"annotes.gouch@edu.tbz.ch"|"55Luj$-yqLvS4-3k2&DO"
"gaetane.bowich@edu.tbz.ch"|"fVziJg-IPVVea-FfExAl"
"alizee.strelitzki@edu.tbz.ch"|"u46bgh-KELF2g-Gv3Dno"
"leone.poile@edu.tbz.ch"|"H8RSjJ-BeWFIo-zJ3WZJ"
"amelie.saban@edu.tbz.ch"|"yP6LaG-XsgpXH-P%cy&2"
"marten.mcmenamin@edu.tbz.ch"|"taRD1f-8sFE1o-F5%qkm"
"becassine.keets@edu.tbz.ch"|"FlWQrI-D&4OUl-jQzTlL"
"celine.million@edu.tbz.ch"|"MislaW-5imAnY-BFxyDX"
"geraldine.belitz@edu.tbz.ch"|"NAdV3B-cXZvd6-zAW&Gn"
"salome.mardling@edu.tbz.ch"|"RMfuOU-%80RBg-17TFjr"
"melia.blakemore@edu.tbz.ch"|"a@dkM&-2cTwiT-LjH2hQ"
"dafnee.mcaulay@edu.tbz.ch"|"mdnW4r-Zc7Rlf-43nRKw"
"garcon.dennett@edu.tbz.ch"|"fmDTU4-DNf6iW-W5X5K8"
"interessant.lesor@edu.tbz.ch"|"decFlZ-ptYO38-xYizzK"
"annotee.wasbrough@edu.tbz.ch"|"PbTNPJ-y6Zugv-CAP3AX"
"asa.ibbeson@edu.tbz.ch"|"T9&M%w-fpNhGo-lg45N3"
"maily.kennealy@edu.tbz.ch"|"074oq5-G$q7Sg-5cCtxi"
"ye.seares@edu.tbz.ch"|"FM@VPK-$%Wu3#-8o#lkK"
"athena.harbron@edu.tbz.ch"|"GFnzCk-Wh3DY@-C&Xmr&"
"andreanne.portail@edu.tbz.ch"|"FZIu6P-81AW&B-IeM6xw"
"goeran.zannelli@edu.tbz.ch"|"6hs9tn-dog5vT-Oj5w#p"
"gerald.leathlay@edu.tbz.ch"|"PmEvN6-F$%yOG-jzCyE#"
"andreanne.chown@edu.tbz.ch"|"3FsaA8-m@SBrY-R7%KE4"
"esteve.clementel@edu.tbz.ch"|"eimIuV-CbGnaV-1nMqzl"
"leone.legan@edu.tbz.ch"|"3ujpWz-xpisGC-A2l&X$"
"maena.pownall@edu.tbz.ch"|"t03jo3-H8ThxL-ibZn%A"
"andree.rettie@edu.tbz.ch"|"rScmEc-hCq5eY-uOWxmw"
"ines.kenwrick@edu.tbz.ch"|"NmduIZ-VeHtWf-YTQlGb"
"marie-helene.yarnall@edu.tbz.ch"|"XunQWa-HctdYh-yKepwH"
"po.martin@edu.tbz.ch"|"Ml51oD-&lavZm-ZCmKQQ"
"ruo.celiz@edu.tbz.ch"|"RDB7wF-41&iT$-23XtZj"
"po.bissett@edu.tbz.ch"|"6eUrh4-r6MbEm-Xomuf%"
"du.swindon@edu.tbz.ch"|"ffBg&s-fRLxqC-OBrASi"
"interessant.gouldthorp@edu.tbz.ch"|"DfBe9$-ICT@iF-TcQ2$K"
"leandre.lilburn@edu.tbz.ch"|"KjhGvQ-H2ayOL-IX51gl"
"bjoern.whales@edu.tbz.ch"|"XOAUKj-rUoEuF-MwT6cC"
"interessant.dieton@edu.tbz.ch"|"D%LehP-j&Y37Y-9P3nb3"
"celestine.redhills@edu.tbz.ch"|"S#M%Ka-8&iiUS-AwgsBu"
"tan.yakovlev@edu.tbz.ch"|"NVCE0K-7EsE#V-@H@8gD"
"regine.mcdowell@edu.tbz.ch"|"j7BwBg-V#IhjU-NM97%O"
"ju.coysh@edu.tbz.ch"|"dgmKZh-BD%f2G-EhMKWk"
"reserves.ofallon@edu.tbz.ch"|"tSYZ9p-evoi5N-ROfkq&"
"frederique.sobey@edu.tbz.ch"|"bd@n$u-oC9bYc-0PxPks"
"marie-eve.garstang@edu.tbz.ch"|"yxfZt8-4KommR-WhJqXg"
"andre.tapin@edu.tbz.ch"|"hdxqs&-iRHTJt-KMx3CM"
"esbjoern.eynon@edu.tbz.ch"|"NKtTZO-JxDc4y-NQ8xXL"
"maella.duffy@edu.tbz.ch"|"0KBOxn-FH2Neg-GvoM@u"
"leandre.twinning@edu.tbz.ch"|"TZFwWB-@jhMr&-PQQOJx"
"mai.whittingham@edu.tbz.ch"|"#E8Ifw-#W$G@#-y6M#jO"
"rachele.shevelin@edu.tbz.ch"|"fBMowN-J&DGxv-eD2M%O"
"cecile.mcure@edu.tbz.ch"|"9j2MDe-@vdf0%-qTABiU"
"marie-eve.yurkevich@edu.tbz.ch"|"Aau6pg-XeYxLY-a$4oZM"
"almerinda.paice@edu.tbz.ch"|"Usv@dn-8E5h1N-nh72lw"
"rao.howkins@edu.tbz.ch"|"s9zUB%-0BU#CT-VMfPHi"
"serena.pack@edu.tbz.ch"|"u8Eax7-V2bkeq-BCNti&"
"rebecca.mant@edu.tbz.ch"|"l1Qp0r-DFnNdg-bA2GK5"
"reserves.spitell@edu.tbz.ch"|"Xt4Ii7-jJfMMD-khB0om"
"garcon.hamfleet@edu.tbz.ch"|"J@9n%T-daDubO-rqzCi3"
"methode.kerkham@edu.tbz.ch"|"C$7$ZG-y4a3$X-R@$kUL"
"pelagie.camies@edu.tbz.ch"|"guEaEq-rcL4qe-YUvhtG"
"josephine.macpharlain@edu.tbz.ch"|"&uGwcc-owX#rg-$6sY0M"
"eugenie.mathet@edu.tbz.ch"|"8lmnV9-OB5ZcW-8gBZFl"
"gaetane.brangan@edu.tbz.ch"|"TqsGLQ-LXHP1I-pwL5$E"
"michele.dewbury@edu.tbz.ch"|"M&sRyT-SyaG6y-Zghh8o"
"eugenie.elcott@edu.tbz.ch"|"8K92Hy-7eELK5-Cfm5ub"
"megane.harniman@edu.tbz.ch"|"qxgA2Z-$kZq4L-vP$DlD"
"agnes.cluney@edu.tbz.ch"|"Pc$Pob-#Wgtwr-c#5IHV"
"marie-helene.angear@edu.tbz.ch"|"Ty1G%R-D3t9Po-KJm37O"
"melia.dolphin@edu.tbz.ch"|"7dtAY#-0gH@W9-ary#JY"
"lois.ruseworth@edu.tbz.ch"|"q1eonc-0016su-%g6g%N"
"mailys.ryding@edu.tbz.ch"|"PT7nvE-e1xCzc-Hvo0po"
"rachele.wulfinger@edu.tbz.ch"|"q5Cdrm-PL4uCA-gfsV1K"
"gwenaelle.talton@edu.tbz.ch"|"YPe5Yw-JX9Ocn-kTgXij"
"long.ronchetti@edu.tbz.ch"|"J$wtHY-Ke$kbt-ayFSJK"
"styrbjoern.kloska@edu.tbz.ch"|"MmQ8%G-zEXjTN-7MKDh2"
"len.sudran@edu.tbz.ch"|"&I38$H-igTMfP-1b5i%Y"
"maelle.andrysek@edu.tbz.ch"|"AqeM6@-11Fhqu-SKK3b@"
"selene.senior@edu.tbz.ch"|"oO7131-Z&B8ap-PvY0S3"
"anais.joskovitch@edu.tbz.ch"|"VY03YX-zyuErz-@0Z&cX"
"marie-noel.dally@edu.tbz.ch"|"WazCu7-xTynPO-M213sn"
"marie-helene.laurence@edu.tbz.ch"|"PI%tNx-hY4ZOz-lmxgH@"
"camelia.foxon@edu.tbz.ch"|"azo%I&-kVMBiJ-18hLIU"
"helene.cankett@edu.tbz.ch"|"tieLxV-9ADvpW-s0tWDk"
"marten.mitchelson@edu.tbz.ch"|"dxeQ0T-TvD36O-m%F#D9"
"helena.stirtle@edu.tbz.ch"|"fFkh&S-M0TN3B-E5sML8"
"leane.barmby@edu.tbz.ch"|"KnrAeA-jrUDXQ-ult8BO"
"goeran.ofinan@edu.tbz.ch"|"y7ge&y-lNC8qe-G@6a87"
"styrbjoern.proby@edu.tbz.ch"|"$zgCo9-Sf6DeE-fOgp9f"
"zoe.halse@edu.tbz.ch"|"FrjaZI-QC8G3U-DfQYMI"
"kui.drable@edu.tbz.ch"|"%iSYsM-kMkcuN-7Y%ngi"
"desiree.bamford@edu.tbz.ch"|"oUdkMp-jV6bIk-pQ$QQy"
"zoe.suller@edu.tbz.ch"|"spW7fW-tVv$zg-gcLetw"
"marylene.audiss@edu.tbz.ch"|"vfNUUm-E9@WpH-o9#Cgo"
"adelaide.poznanski@edu.tbz.ch"|"7dy$yt-RRl6@o-2V6gcJ"
"maella.coleyshaw@edu.tbz.ch"|"Fhnfx8-FBF4Z0-nQ2tll"
"marie-francoise.gelder@edu.tbz.ch"|"z&WgLJ-YWSxOW-8MEA#T"
"eleonore.chaffyn@edu.tbz.ch"|"B8usm3-THr#ac-P4&U1U"
"celestine.sikorsky@edu.tbz.ch"|"J5KKIh-z7xmp5-dsdP&@"
"stevina.londsdale@edu.tbz.ch"|"Tj8NeS-OAoFfX-JLFwNj"
"maiwenn.nevitt@edu.tbz.ch"|"ug6iq4-hGcWs1-b2IAWZ"
"magdalene.gerrey@edu.tbz.ch"|"zH5t%p-uDicMg-gpNzf5"
"becassine.latimer@edu.tbz.ch"|"AC6PdB-kU7eZa-NwSZbn"
"da.lethibridge@edu.tbz.ch"|"JmUd5N-zGegUD-TGgM4B"
"mailys.claige@edu.tbz.ch"|"TcOdbX-LY%q$R-ml3J05"
"maena.torbard@edu.tbz.ch"|"3HrByE-cD8QWu-faseN0"
"solene.lyvon@edu.tbz.ch"|"n6Sk3W-xaByI@-olowkI"
"marie-therese.benbrick@edu.tbz.ch"|"wEKlen-FRTeE7-0OrGEq"
"gerald.edmonson@edu.tbz.ch"|"TggueF-J%9pFM-CX2&dz"
"ake.messruther@edu.tbz.ch"|"xE@sZS-xu@&tT-Vt2FEh"
"men.gosneye@edu.tbz.ch"|"CjS6MN-tmXQxF-o%%anW"
"anais.jefferys@edu.tbz.ch"|"AMan1V-rADD@Y-lwfSBP"
"publicite.tregale@edu.tbz.ch"|"gDqHvL-pERJEt-cR@I%Q"
"maily.santorini@edu.tbz.ch"|"4m4%KP-dbwci8-eBJoK#"
"ines.pioch@edu.tbz.ch"|"jU2eEN-y6Yg8c-FBf10M"
"noemie.marklew@edu.tbz.ch"|"IItnqq-GGVryI-1A%JoT"
"meghane.maccaffrey@edu.tbz.ch"|"rNZuxg-i2PU4K-obxj$#"
"berangere.ambrogio@edu.tbz.ch"|"ObgGc#-jf#rkB-lZUci2"
"mediamass.ryce@edu.tbz.ch"|"eKOSZe-rW%gO0-csnl33"
"oesten.ubank@edu.tbz.ch"|"wC$vZH-6AU%EP-7GLAee"
"melina.mackee@edu.tbz.ch"|"PvfHn#-&RzEp#-FZy7qf"
"theresa.livezey@edu.tbz.ch"|"PQOV03-v%v1ed-27uFtJ"
"clemence.weal@edu.tbz.ch"|"$zXCYH-%dPdvN-cR@lrR"
"faites.overton@edu.tbz.ch"|"cn2Th$-O4W$V6-xXmMXT"
"clea.lindblad@edu.tbz.ch"|"SRhdZx-7RDGxg-mZBfe7"
"josephine.roseaman@edu.tbz.ch"|"FnDh@K-eXvEPW-Nl#b%X"
"oesten.lowbridge@edu.tbz.ch"|"Cyk5GN-SRtwbV-wEuze0"
"marie-josee.brion@edu.tbz.ch"|"cfQBrx-80QVhm-UNR4Bv"
"therese.basili@edu.tbz.ch"|"Cd$0uG-eUHv@3-wJ@GgU"
"melia.vertigan@edu.tbz.ch"|"JS&CQt-ZtbAre-0q0vg0"
"judicael.saull@edu.tbz.ch"|"c@zko#-gPM$q3-aoZezz"
"selene.valentine@edu.tbz.ch"|"8bk#eg-Dyb2pm-Qe#p3h"
"verane.dunlap@edu.tbz.ch"|"GR3dae-YyRqh0-@mHJnH"
"meline.kinnear@edu.tbz.ch"|"IEhA8r-Mb8jek-k$6zd2"
"lei.luttgert@edu.tbz.ch"|"9X3SDX-rIWM5f-Tfii5E"
"styrbjoern.lathleiffure@edu.tbz.ch"|"NF9f3o-wJgio3-joNCgl"
"marlene.blasi@edu.tbz.ch"|"%E%yDt-K9o%2q-qaKtox"
"mai.begwell@edu.tbz.ch"|"qtJ8pq-$j4Sru-IFVF20"
"gwenaelle.kaines@edu.tbz.ch"|"aeDh7T-nlatIa-iPSR9r"
"gerald.adamthwaite@edu.tbz.ch"|"ZS1#VM-j0y%PY-M%j8Y8"
"kui.hartfield@edu.tbz.ch"|"0EudVP-Rf#cVw-g3y69h"
"salome.currao@edu.tbz.ch"|"IkFrRc-Oj5n%$-I@8x7m"
"angelique.tixier@edu.tbz.ch"|"i3@zM@-1Yhw#R-@UFP3D"
"ju.mcgragh@edu.tbz.ch"|"ahWj@K-xneTuo-gFeb8w"
"dafnee.beachem@edu.tbz.ch"|"w$QRE5-Kxfc32-mEpPgn"
"creez.terlinden@edu.tbz.ch"|"PPF@7#-@cF#L3-bStwl#"
"uo.mcskeagan@edu.tbz.ch"|"2HUPRR-#z1owL-vNOer3"
"edmee.mccaughren@edu.tbz.ch"|"Zwm%iZ-qLhDPb-HfZ6Uj"
"asloeg.cozby@edu.tbz.ch"|"jt4cEh-@bb6on-fNQ$0h"
"melodie.traite@edu.tbz.ch"|"UfPMl%-ROpHlg-uuQ6Yh"
"dorothee.aindriu@edu.tbz.ch"|"SngRMm-KrvsTz-oyQ6pe"
"daniele.doley@edu.tbz.ch"|"QCa&fe-uGCtnV-aNqpTZ"
"mediamass.fairclough@edu.tbz.ch"|"B@TJUT-2d1WNt-1KQIQ6"
"lorene.rainforth@edu.tbz.ch"|"BIqAEa-#Ekqit-8&pGtO"
"leonore.eyer@edu.tbz.ch"|"ee5YI1-XfESyR-aIB%m8"
"po.spillman@edu.tbz.ch"|"@bh1QK-&U5$sA-%WxBFj"
"cecilia.plitz@edu.tbz.ch"|"ZXrFFT-cY%r3N-rZEmH8"
"lorene.ludlow@edu.tbz.ch"|"eDF7Af-0ooNPX-U@MrS5"
"berangere.neligan@edu.tbz.ch"|"a62GV7-kuKKX7-@DNWNy"
"simplifies.huggan@edu.tbz.ch"|"rxwzXt-n2&22X-ehj7bk"
"clelia.prandy@edu.tbz.ch"|"DPFvCT-uPEDpa-ONrI8V"
"ake.osban@edu.tbz.ch"|"1ExqnG-6&$ofG-MkpK0m"
"cunegonde.brunn@edu.tbz.ch"|"Qn#ajI-JpT7d7-mo@PwG"
"long.grizard@edu.tbz.ch"|"ll2ikK-sH6xrW-6ble%V"
"meghane.diss@edu.tbz.ch"|"LZhYx4-RMaaei-Awn#&l"
"therese.oldman@edu.tbz.ch"|"8Zkhlt-ZAPZHV-82E&$Z"
"boerje.scamerdine@edu.tbz.ch"|"k1z1o%-xrdTqJ-883uk$"
"du.saban@edu.tbz.ch"|"Nl2UbA-HuLiIZ-zM3gvc"
"hakan.clynmans@edu.tbz.ch"|"rj4srp-PA%7Z4-&3n&zp"
"wa.macdowal@edu.tbz.ch"|"I06GCi-pP$NN8-yaS#Rp"
"venus.hatrey@edu.tbz.ch"|"#8MyKE-oCP&JW-LFbGNy"
"anaelle.vispo@edu.tbz.ch"|"LksKnu-ZBs1cT-MehPGw"
"mahelie.ollcott@edu.tbz.ch"|"qwrh%5-Ywjphc-JtL6gF"
"mediamass.whyman@edu.tbz.ch"|"qXkNCU-v3VAov-MafHvY"
"esbjoern.basson@edu.tbz.ch"|"PZS5FY-xSegwg-S@A1##"
"andrea.morrill@edu.tbz.ch"|"pxv7vW-OlZqsU-JNK8zq"
"melys.grassi@edu.tbz.ch"|"qpLNVm-xffoiW-TGKhPO"
"leone.poleye@edu.tbz.ch"|"H$P@b4-&Z8Zwq-NPlH6C"
"francoise.penny@edu.tbz.ch"|"ukecxd-V#KgCX-hd6uyv"
"rebecca.edney@edu.tbz.ch"|"Yy7oR5-$Y5oyU-JvTBv7"
"adelaide.murtagh@edu.tbz.ch"|"cJwB6F-44gy4K-B5n0B5"
"stevina.winterbourne@edu.tbz.ch"|"i5dBsq-Vpzn7y-5V4eW@"
"ma.cottom@edu.tbz.ch"|"uH3E91-D%qY@M-PfsvV9"
"tan.harold@edu.tbz.ch"|"erPqIy-#jy$wl-xwo9rK"
"venus.forte@edu.tbz.ch"|"lefJsj-pN37&s-pbxmc6"
"almerinda.oluney@edu.tbz.ch"|"znHTZv-tARE2w-s8m3@F"
"cleopatre.brehault@edu.tbz.ch"|"Hztqf%-Qs0JgE-x#VLRR"
"interessant.lapides@edu.tbz.ch"|"kqnl5s-D3Abce-i5ikGs"
"reserves.hallatt@edu.tbz.ch"|"m4915Q-sLU6jG-7E2gGT"
"annotes.birdwhistle@edu.tbz.ch"|"54coAS-AJWfl%-QgFAW8"
"ai.dredge@edu.tbz.ch"|"644krp-n2Vfpc-RMG&gv"
"megane.mussard@edu.tbz.ch"|"MBEYdQ-AuL$LY-v&w5qU"
"esbjoern.gowrich@edu.tbz.ch"|"7hcwip-o7yP6v-hRm3tQ"
"boerje.brislawn@edu.tbz.ch"|"tvncvO-N4Gq0F-gU4KQ1"
"becassine.wilce@edu.tbz.ch"|"D9VCUw-h@29P%-9x#2m3"
"personnalisee.oels@edu.tbz.ch"|"sOll2m-X9qJbW-EPSYW1"
"verane.pett@edu.tbz.ch"|"nDF4uv-0Y0y40-2ikpFn"
"marylene.glewe@edu.tbz.ch"|"BTXSke-kSfyc&-jd5uBR"
"lai.elson@edu.tbz.ch"|"2nNt%U-quZA&&-6FdIi#"
"serena.difranceschi@edu.tbz.ch"|"cUonTG-MkdOqQ-AvpI#1"
"lie.espinel@edu.tbz.ch"|"Ahdb7$-yKjFoI-jMfBfU"
"marylene.fantini@edu.tbz.ch"|"MV2yNx-JrxT6L-JzRynb"
"andre.archdeckne@edu.tbz.ch"|"QSXyqt-3Uz#Dl-fW5t%M"
"goeran.bohlingolsen@edu.tbz.ch"|"EYs1fw-&7icFy-z$FOBd"
"cunegonde.heffer@edu.tbz.ch"|"GJRu6K-TCSoOQ-Pr0O9W"
"tan.fechnie@edu.tbz.ch"|"J#ymh%-z1QLYo-J#IFxI"
"marie-noel.brammar@edu.tbz.ch"|"#9eU72-yez7Lx-zUCfW7"
"simplifies.aven@edu.tbz.ch"|"uGoSSr-ouGS99-w%tUqe"
"melys.pinchen@edu.tbz.ch"|"8PB&qR-lxm$#8-U#8SLj"
"edmee.joyner@edu.tbz.ch"|"6h$yY&-bjaj2u-P1t0sz"
"berengere.edess@edu.tbz.ch"|"@Sqh1B-rRgdiv-3HT&tP"
"marie-noel.goward@edu.tbz.ch"|"O5fvnI-I#RC9U-JWZcr4"
"ju.edmons@edu.tbz.ch"|"s@@z$b-ujITd1-nToH4w"
"frederique.airds@edu.tbz.ch"|"jMf%g$-#UF72N-CONW4Q"
"reserves.dauby@edu.tbz.ch"|"deOb6Z-JhhTuC-C4frTe"
"hakan.gynni@edu.tbz.ch"|"&VkVzn-$0X1Cx-EzR9mj"
"leonore.pinwill@edu.tbz.ch"|"Mllr9X-Ok$oCv-EpP71j"
"marie-eve.mcallan@edu.tbz.ch"|"wlpnjn-fOLDkX-N41&c7"
"naelle.yeabsley@edu.tbz.ch"|"81Div%-FU00fo-VqA$J5"
"nelie.jacobovitz@edu.tbz.ch"|"MGUiy5-KsT$6$-byDsH&"
"adele.conelly@edu.tbz.ch"|"8EGIEn-&rbgWY-mtj1Y9"
"clementine.dondon@edu.tbz.ch"|"Pw48$f-85DVUX-05ovsU"
"zhi.willcot@edu.tbz.ch"|"PJEnzv-oC#p8u-%vl7IY"
"chloe.janicki@edu.tbz.ch"|"p1PyQg-1m1u8P-CEphwE"
"meng.linde@edu.tbz.ch"|"fOf2iu-pV@9vr-J2DG&g"
"celine.janisson@edu.tbz.ch"|"GiWilk-HXM3J9-x#Ei5P"
"clelia.crow@edu.tbz.ch"|"BufKyW-VzBkHs-1FJW%Q"
"cecile.pyott@edu.tbz.ch"|"@gSPby-XUgN#r-n7Fi62"
"ma.fidelus@edu.tbz.ch"|"J%@LLH-7VforB-lUD5JJ"
"marie-helene.poore@edu.tbz.ch"|"G3e5dB-8LdT$1-aIM5df"
"elies.blanket@edu.tbz.ch"|"wlpOCs-Ra9BVq-gKiJM%"
"yu.boyer@edu.tbz.ch"|"U7vutC-beNM8m-fadciw"
"celia.welds@edu.tbz.ch"|"kMVNgm-HQjKXu-4ZuJ&8"
"du.gunney@edu.tbz.ch"|"fF5Ymt-AKAONC-ZQSsem"
"goerel.crush@edu.tbz.ch"|"Xu6iI#-T1rWfW-%G07W%"
"marie-josee.brosius@edu.tbz.ch"|"riZhHP-Ls&u3P-hQMy0C"
"camelia.adds@edu.tbz.ch"|"p3O8JI-6JLa2d-%%xGWo"
"anae.irwin@edu.tbz.ch"|"xdfYhS-lWEWpO-xpc%rD"
"cleopatre.skeffington@edu.tbz.ch"|"og9r&l-iKJBrh-NBDPII"
"gerald.suggate@edu.tbz.ch"|"xZX9MN-XIJgBG-LzW5I8"
"laurene.tailour@edu.tbz.ch"|"ZUaI6L-&JUCKB-ud0Bpb"
"amelie.hoble@edu.tbz.ch"|"SA&dZK-qxoyHQ-PsduUP"
"venus.getch@edu.tbz.ch"|"&OYGEH-dW@ikX-5mI##A"
"renee.treby@edu.tbz.ch"|"68SPw#-vFP&pC-ODTD7U"
"almerinda.stait@edu.tbz.ch"|"kLyK#f-bJVqaQ-npG1xy"
"andree.reddecliffe@edu.tbz.ch"|"dCowpq-U&Gn1#-eSWhwy"
"leone.wintle@edu.tbz.ch"|"EiK0mx-CnPbJt-zzl5KT"
"gerald.fellow@edu.tbz.ch"|"5n1hEg-#E%DUx-#oLw5p"
"ju.gudger@edu.tbz.ch"|"&C4ZMy-xiouhr-kekWxK"
"meng.ohaire@edu.tbz.ch"|"6c6mby-UMap&7-7NA9Jc"
"cleopatre.missington@edu.tbz.ch"|"Ls$oYn-&Ep8BZ-nWVGWf"
"annotes.debruyn@edu.tbz.ch"|"QRgCFV-grlccV-Cbo$En"
"gerald.sinisbury@edu.tbz.ch"|"ZHb0rn-Rb@fOp-6cj4O$"
"creez.slora@edu.tbz.ch"|"vHEiN0-mXaxLy-x9gVa@"
"gisele.benbow@edu.tbz.ch"|"cl7pAk-Sef#Yh-YCbU%p"
"pal.dossit@edu.tbz.ch"|"wHqzdj-@8p5TV-hr@d@N"
"nelie.stirrip@edu.tbz.ch"|"YXh2eZ-3LzsW1-YqOBfb"
"alois.ocrigane@edu.tbz.ch"|"jWZA2w-vKJNM4-2awN92"
"kui.mcterry@edu.tbz.ch"|"Ba7a@s-z%fEPj-X72fwx"
"long.willgoss@edu.tbz.ch"|"@2e55b-rOAHht-JgTx6Z"
"francoise.sumpner@edu.tbz.ch"|"UucBD4-Xqwi6a-@3n%Le"
"maely.grinstead@edu.tbz.ch"|"GbuO6w-es8Zlt-1X&x0v"
"creez.langeren@edu.tbz.ch"|"CBLFfp-8Gogys-9Mwlop"
"adele.dungate@edu.tbz.ch"|"ni4Rn%-kwQtag-i&sfJ6"
"cleopatre.noirel@edu.tbz.ch"|"VdRPMl-&kpi%V-7$y3EK"
"interessant.daverin@edu.tbz.ch"|"C70@yP-lTidLc-PCK6e4"
"naeva.kalderon@edu.tbz.ch"|"q%4nY#-bKs7wd-%#LI$Y"
"anais.oshesnan@edu.tbz.ch"|"9rWm8%-6H@dF5-uCDiom"
"judicael.anelay@edu.tbz.ch"|"e4S#6a-xsZd%W-xeZWeG"
"eloise.braxton@edu.tbz.ch"|"ru054$-9dSkuB-8gX4gP"
"desiree.greguol@edu.tbz.ch"|"RWAp#T-gf#u3R-aYjRUL"
"maite.mcclenaghan@edu.tbz.ch"|"u$s#g$-EPfKwU-htqkTY"
"meng.doret@edu.tbz.ch"|"Ze@9DI-Z#ZTx7-Rm817t"
"frederique.chippendale@edu.tbz.ch"|"wG7&F7-3zEopk-VBsu@J"
"andreanne.lanney@edu.tbz.ch"|"SImrx6-Dyumlo-6Q61U0"
"aurelie.claus@edu.tbz.ch"|"&ElB16-O&xztU-16Gak5"
"renee.pabel@edu.tbz.ch"|"wFHzpc-aPV97r-M0SqMd"
"maena.roust@edu.tbz.ch"|"lJ7cPI-JL3OpS-4LfPvR"
"nadege.carwithim@edu.tbz.ch"|"pDnwLO-yPm5%V-AFf3vj"
"solene.geyton@edu.tbz.ch"|"dWQQLf-bUvQd6-DIsbkm"
"dafnee.avraham@edu.tbz.ch"|"SviTjz-DPyVCd-4$oBO%"
"leane.woolvin@edu.tbz.ch"|"1J@UKU-EwK7P8-fc7P7f"
"adele.macadie@edu.tbz.ch"|"@yL2Be-&nSt8A-34R7mm"
"meline.rubica@edu.tbz.ch"|"%$u$cu-&LiSw$-DBVrw7"
"marie-noel.speeding@edu.tbz.ch"|"BOdQnB-IGzZ&S-Mh78zz"
"nelie.mix@edu.tbz.ch"|"1SADyd-I5Z3Nf-qpaPxk"
"clea.ollett@edu.tbz.ch"|"tfzjhO-dzrebj-2SfB5#"
"leandre.mcgavin@edu.tbz.ch"|"4LGwkb-oMvmYw-IONQeK"
"cecile.behne@edu.tbz.ch"|"ng6$4e-@ReAHK-WW9oM9"
"melanie.polle@edu.tbz.ch"|"Wn3DEt-BBu49r-oaQ7#R"
"marie-josee.titmuss@edu.tbz.ch"|"bLsEay-1oJhqt-B%sSUs"
"helena.guest@edu.tbz.ch"|"l8a%I%-oSC#L3-7DJ3&#"
"annotes.chicchetto@edu.tbz.ch"|"YoSmWn-xfk1@O-RszPz7"
"melia.tubb@edu.tbz.ch"|"HxfLNu-PYajDI-NONqdx"
"angelique.casetti@edu.tbz.ch"|"aUz89A-w93gzA-W52II9"
"cunegonde.cleall@edu.tbz.ch"|"drJjNA-1BQydp-9X8$XB"
"camelia.oaker@edu.tbz.ch"|"TY#ZRL-uJ%@$i-3ndRk#"
"you.searight@edu.tbz.ch"|"QsHpVw-i8wJn3-A7wnq1"
"kevina.dederick@edu.tbz.ch"|"33Z3W2-qviXQ%-aPy5cO"
"milena.jeffrey@edu.tbz.ch"|"85dlnA-v92YO5-Q@aZSN"
"melodie.barkshire@edu.tbz.ch"|"GdSv4J-p6DYi3-A8#Jzu"
"gaelle.kreutzer@edu.tbz.ch"|"Uf185l-Sdu5zR-KN9&B2"
"kalliste.kleinpeltz@edu.tbz.ch"|"vLajZ%-D1LJ&Z-rLu5bh"
"clementine.danat@edu.tbz.ch"|"#d3dGm-whv9q8-Ci0Qe9"
"andrea.wabb@edu.tbz.ch"|"lU3ZJ#-zfKt8r-$cTKL2"
"geraldine.piesold@edu.tbz.ch"|"f0P06p-GDphsy-$hzF$0"
"tan.fiveash@edu.tbz.ch"|"r@w4aM-nh7urc-5qW9R1"
"meline.yuranovev@edu.tbz.ch"|"9HPE6o-7FY9hZ-yu3gxb"
"therese.holme@edu.tbz.ch"|"PMZ0Bd-#PQCPa-H4VsAE"
"salome.vaney@edu.tbz.ch"|"5#kyxb-%qUxEV-HZDn4Q"
"anae.abramson@edu.tbz.ch"|"cpSfJ1-fX9%JG-aUQVYY"
"kalliste.jimson@edu.tbz.ch"|"lwPjDw-KfZJRA-VIjByQ"
"selene.yole@edu.tbz.ch"|"pZ7#3R-V2Bb3X-877LU$"
"agnes.defraine@edu.tbz.ch"|"3jUGJ3-oD8hnU-@j9kwo"
"faites.mccluin@edu.tbz.ch"|"4AZ4z#-$O#EpS-nFtpjm"
"athena.deme@edu.tbz.ch"|"IzOWs0-5#W57K-T2cj02"
"daphnee.brigstock@edu.tbz.ch"|"JR6u#o-%hS#Dh-bKD&Cv"
"goesta.skaif@edu.tbz.ch"|"F0xKHw-5aYost-FZAwJz"
"oceane.jagoe@edu.tbz.ch"|"rojabQ-5M8FB$-tk1vXQ"
"annotes.broomhall@edu.tbz.ch"|"sVQ2Pj-j&zcmE-k4byd5"
"marie-eve.ballendine@edu.tbz.ch"|"Nhhphq-qV1ZY6-XQUrsY"
"melina.spykings@edu.tbz.ch"|"r4D2kg-&fJ4fW-giXwFp"
"laurene.ticehurst@edu.tbz.ch"|"$DiEOk-4vdqmT-knOGac"
"fei.avramovic@edu.tbz.ch"|"Xxcul5-G#Tw2J-ImYdqp"
"publicite.strathearn@edu.tbz.ch"|"ABh@oB-SnU8IU-IOWMfI"
"torbjoern.garrow@edu.tbz.ch"|"o&qv7o-Cx#tfF-K0ct8Q"
"chloe.rubinsztein@edu.tbz.ch"|"tM7BhJ-Ry466i-lGNDnZ"
"mylene.demanche@edu.tbz.ch"|"cTYY9J-omWSbE-COr$wN"
"mediamass.godlonton@edu.tbz.ch"|"8s9BSP-qRzS9b-iQj6jM"
"renee.shurrocks@edu.tbz.ch"|"%od8Ar-wI0nzi-1N0LeZ"
"maiwenn.jedras@edu.tbz.ch"|"9w%SnF-ooOOdi-5e0VX9"
"genevieve.castells@edu.tbz.ch"|"RFCBaa-#yNI6w-@2IpUs"
"renee.sneden@edu.tbz.ch"|"lqWUQy-yzGQ8z-FsWxt1"
"lai.mccallion@edu.tbz.ch"|"$ZBf53-tgjIBs-8H5ekB"
"kevina.impleton@edu.tbz.ch"|"A3nkJW-wE%6tc-S7iCqp"
"oesten.fresson@edu.tbz.ch"|"4pxMrc-OmIQfo-SNPm0n"
"verane.shawley@edu.tbz.ch"|"dgwE4o-@F0jVK-bTdt#2"
"uo.sjostrom@edu.tbz.ch"|"R%f6OI-hq%8dW-3tYc0t"
"gisele.gothup@edu.tbz.ch"|"Nrk@OC-QUbk9t-MlM2S2"
"renee.beauman@edu.tbz.ch"|"rF9r9L-w6WVj4-RN3$AB"
"elies.loton@edu.tbz.ch"|"$v5ZZz-wFqwrJ-fZ9WNN"
"valerie.elsmore@edu.tbz.ch"|"XCxLGo-74&KS$-w%kB$e"
"berangere.delafeld@edu.tbz.ch"|"AaOxPK-qYrZCQ-IK3@Kd"
"bjoern.schimke@edu.tbz.ch"|"FK1i$c-HH3cvL-Gj1YDP"
"loic.ericssen@edu.tbz.ch"|"GpDWY@-UHMe5a-cRZMec"
"creez.richarz@edu.tbz.ch"|"PXepmL-fSkLyp-IVYNiR"
"athena.grocott@edu.tbz.ch"|"QYx16B-jWb&Th-pit&4@"
"naelle.piotr@edu.tbz.ch"|"wUEC6Z-icLnmf-oedpmu"
"maella.paulson@edu.tbz.ch"|"CuRPDT-jYGK#A-AQtjp9"
"song.perot@edu.tbz.ch"|"lLO5UY-rDfDlq-Q%PCb9"
"kalliste.heckney@edu.tbz.ch"|"rd6UU5-EzAsRy-OV&cZT"
"ake.vasyutkin@edu.tbz.ch"|"XG%oh$-jNir@8-&kmozl"
"ma.castles@edu.tbz.ch"|"7PiK&N-kFv#Iv-zna8Zd"
"maely.monget@edu.tbz.ch"|"pVv7Vc-s$lhoO-sm36YI"
"tang.durbridge@edu.tbz.ch"|"yTvtbB-04zU5s-YklPhO"
"laurene.andrew@edu.tbz.ch"|"ke3VHn-c6wtJ8-l%6CJL"
"lysea.beacon@edu.tbz.ch"|"U4go$d-#kDX#j-0BOy5T"
"leandre.peyntue@edu.tbz.ch"|"&g1BMy-1orQsO-U1s6U0"
"rao.trever@edu.tbz.ch"|"iq2E6G-WZTq0L-v5sXs&"
"mahelie.streader@edu.tbz.ch"|"e5b5c8-2fF9hG-LjP9L#"
"maerta.andrejevic@edu.tbz.ch"|"kd7jjg-Hx8$Pf-o#hUBg"
"goesta.tompkins@edu.tbz.ch"|"XIf6pT-q5nbbP-0ug94P"
"helena.agates@edu.tbz.ch"|"TtqFi4-eH4Y%H-lB9Dn5"
"therese.glass@edu.tbz.ch"|"5Wckf7-ljxgXg-@64@2W"
"alois.foan@edu.tbz.ch"|"#IxQB5-kWvFD2-2bsqAz"
"becassine.melchior@edu.tbz.ch"|"g$#2xY-2vGhcv-#oLdrB"
"cloe.robart@edu.tbz.ch"|"w9&U@U-@uIyHF-Mo6h@g"
"daniele.puckinghorne@edu.tbz.ch"|"&W$&0B-pcS&tJ-8EL&n%"
"selene.cammidge@edu.tbz.ch"|"U1mn@6-6Od@9D-7aKL5Z"
"regine.conochie@edu.tbz.ch"|"FqiEAC-36dn$2-IGFfnv"
"interessant.tuiller@edu.tbz.ch"|"IRWaQd-PcSACj-fPy3VE"
"long.tiebe@edu.tbz.ch"|"QhS3Jz-ZltEY2-hYQYfB"
"mans.yele@edu.tbz.ch"|"@2J&JG-bv@Xa6-rWbHF4"
"ai.giles@edu.tbz.ch"|"7BcT&2-KR2uL%-txIx%P"
"gaetane.hamberston@edu.tbz.ch"|"nOusjF-GhqTRm-T$OgNY"
"marylene.fenix@edu.tbz.ch"|"6vJCEE-YGS$bo-vo1#bb"
"geraldine.graeme@edu.tbz.ch"|"C#k7dW-Y9&YXJ-0u5dGV"
"tang.kinglake@edu.tbz.ch"|"LQ4TCq-C@q6UP-dtG76z"
"lai.challoner@edu.tbz.ch"|"#V7rSJ-OU8Yoh-p#FAMa"
"desiree.mattei@edu.tbz.ch"|"qxOR8y-mJPQG@-KEsPYR"
"ake.erley@edu.tbz.ch"|"ZdSYgP-g2d&8Z-6f5x87"
"edmee.cavil@edu.tbz.ch"|"e9KFtQ-olYsXE-3nJ1LU"
"alois.moyes@edu.tbz.ch"|"35yS@i-z4GHbi-gEnAm#"
"becassine.pitman@edu.tbz.ch"|"Muer@c-X2vTA3-64oWX3"
"ai.giacovelli@edu.tbz.ch"|"PrEv3Y-lK1yJ2-WKIwxy"
"judicael.fruchter@edu.tbz.ch"|"zgZFDX-YA$KFo-m@r9bE"
"mans.mogg@edu.tbz.ch"|"6XMXNp-24a6QH-LiD%iy"
"gerald.foyle@edu.tbz.ch"|"jtObJT-$Rj#7S-GbMO6a"
"wa.androletti@edu.tbz.ch"|"RoRvfY-KRTrH@-G%zEUp"
"meng.ollett@edu.tbz.ch"|"e#WM%J-f@E3K$-M1jkLU"
"naelle.macmenamy@edu.tbz.ch"|"BpFOb$-in8LJY-rrB&fA"
"gisele.mcramsey@edu.tbz.ch"|"XE7Cmv-OeJtc$-JGqafb"
"meryl.scolts@edu.tbz.ch"|"how#%0-76&2vY-XTm#HW"
"celia.bloxsome@edu.tbz.ch"|"RZP0Ls-j#ULnA-8uOVl6"
"styrbjoern.stuke@edu.tbz.ch"|"M7pi@#-lQkhgx-Z6FWWm"
"felicie.gwilliam@edu.tbz.ch"|"L3S0kw-bEhc0F-61LLNK"
"da.harms@edu.tbz.ch"|"7I4qQh-ttg1Ss-gq6696"
"celestine.baulk@edu.tbz.ch"|"pfbzhf-vYJPMa-c5O#9p"
"mahelie.blackledge@edu.tbz.ch"|"W453nA-1WHh7e-Woionb"
"meghane.salt@edu.tbz.ch"|"F2@Axr-MjNFYW-wTTJNO"
"methode.paxeford@edu.tbz.ch"|"cLK$ks-Zkt66y-NietWJ"
"asloeg.milligan@edu.tbz.ch"|"4GCt9e-QhzTZU-qnTrAu"
"you.pellman@edu.tbz.ch"|"7@D0&U-JosTNX-XogReB"
"loic.regenhardt@edu.tbz.ch"|"f#lu1Q-q850eP-0SNmby"
"daniele.savill@edu.tbz.ch"|"YLZXx1-VCTwq7-T#CcjK"
"alois.cornu@edu.tbz.ch"|"C##ROn-CWQKNU-5Dg90q"
"oesten.govey@edu.tbz.ch"|"RVL25t-6ym4n6-IzJ3&r"
"marie-eve.louch@edu.tbz.ch"|"A&Dh3a-Eb$H4S-s1nW9Y"
"theresa.wenn@edu.tbz.ch"|"mri3Nf-pXTDaL-GhJiAJ"
"andree.eul@edu.tbz.ch"|"Eg4$Nx-md21n1-FTz7rk"
"lie.paynton@edu.tbz.ch"|"X7If5g-Jvn8YQ-o$Scez"
"marie-eve.girodier@edu.tbz.ch"|"IindlA-XRd7Fm-I&4Ro7"
"marie-noel.smithe@edu.tbz.ch"|"1#JhQa-%Y4LfI-WnfMDd"
"men.bootyman@edu.tbz.ch"|"QwKTxh-a#wuH8-PBhsfW"
"ku.sugg@edu.tbz.ch"|"o4&KUp-K0GjNa-nhQte9"
"lucrece.roseman@edu.tbz.ch"|"pzb1v$-vqlH#K-dvXo%x"
"zoe.annear@edu.tbz.ch"|"veqNYz-4gCgdz-m2sD5L"
"marie-helene.rennebach@edu.tbz.ch"|"EaBjt#-Kefg@G-S@vseq"
"lea.djurdjevic@edu.tbz.ch"|"kZ9jpq-sKooRm-%p3Cn%"
"goerel.robert@edu.tbz.ch"|"xfcpVY-KazK3%-VzW&yo"
"mylene.foldes@edu.tbz.ch"|"p3mMSf-8jO1&7-#epAF&"
"faites.clegg@edu.tbz.ch"|"1udVig-lARCvU-U%TZ&O"
"marylene.crowcher@edu.tbz.ch"|"urLOBl-e%v3rf-gYk%Kk"
"aimee.wimpeney@edu.tbz.ch"|"UaxOIN-BiQ8S7-f8PWPH"
"renee.atkins@edu.tbz.ch"|"%FLrbi-f$T&rk-Ys4ULJ"
"rejane.cainey@edu.tbz.ch"|"1rytAx-lLIsvz-mnsC2Z"
"solene.britney@edu.tbz.ch"|"s6flJv-7AB1Hk-Ge@kZv"
"marten.shatliffe@edu.tbz.ch"|"DQRb84-p9qcQh-YArnoA"
"maite.issatt@edu.tbz.ch"|"nF%NdZ-Ca%zrY-a$%BkY"
"maelyss.edon@edu.tbz.ch"|"VILHCW-@6z5LM-6Bw#uA"
"nuo.bamling@edu.tbz.ch"|"Kj%KNc-O6JExE-FUoltg"
"anais.edards@edu.tbz.ch"|"i0ZR8W-Rr&CSU-62PsyQ"
"mediamass.bromet@edu.tbz.ch"|"t$j6SX-vzwL7z-@9TjGb"
"beatrice.kimbrey@edu.tbz.ch"|"XU546L-wQJbgy-DTe@#i"
"ines.lawranson@edu.tbz.ch"|"IXEV0B-Uche5F-Oepotj"
"kalliste.scandroot@edu.tbz.ch"|"z2cnZO-6xZ97P-l1bW&C"
"mans.barrowcliffe@edu.tbz.ch"|"2YPFAF-9ojSfR-s8$pVM"
"irene.couves@edu.tbz.ch"|"$tmanj-q5h0P2-3Z6Xxg"
"milena.mucci@edu.tbz.ch"|"gYtu$W-moPLzH-fJtR8Q"
"naeva.cow@edu.tbz.ch"|"xiJYMF-ZvBEYQ-4WV5Uf"
"audreanne.mournian@edu.tbz.ch"|"qnEy0h-&#DAdg-7NgrVP"
"melia.sinnatt@edu.tbz.ch"|"S#OyVj-bvdQ2L-xzO@Co"
"nelie.burnard@edu.tbz.ch"|"BHRs31-gncmah-Pa$6%j"
"clelia.ashfull@edu.tbz.ch"|"#sc2Vs-#QUZV0-Pckljk"
"lie.macard@edu.tbz.ch"|"79AXl&-4Yef6L-%5RatE"
"valerie.matoshin@edu.tbz.ch"|"C2jRrQ-KsvCfM-O1sDUi"
"anael.hatherleigh@edu.tbz.ch"|"Myjm%P-z9Ey6o-UUwdwk"
"interessant.warratt@edu.tbz.ch"|"S7ZUph-FItts6-Qtcan#"
"eleonore.volage@edu.tbz.ch"|"f8fp6h-fOtwf@-rpwgSd"
"zoe.stebbing@edu.tbz.ch"|"lLJdCv-4z&IDb-sBKeHl"
"alizee.nye@edu.tbz.ch"|"yO3AnL-cxLKs9-9GtufD"
"celestine.bramley@edu.tbz.ch"|"XPzgDp-O7ra7P-y56@MI"
"selene.philcott@edu.tbz.ch"|"#RWwYo-x4CNQ2-oQmlxE"
"tang.newens@edu.tbz.ch"|"3axMsI-YNy6Uy-7udl1Y"
"annotes.powys@edu.tbz.ch"|"qQlLkq-Tn#saU-c1n2NO"
"lea.matthesius@edu.tbz.ch"|"7sdElZ-r%9ppj-#oPHye"
"illustree.garlett@edu.tbz.ch"|"$dynTf-0gpCGz-i%j@Gl"
"maiwenn.meachem@edu.tbz.ch"|"hwsue8-Qk0HWs-YwYGOE"
"marie-francoise.mcbrady@edu.tbz.ch"|"qNhQbu-yomZWE-3GFBWy"
"illustree.gimbart@edu.tbz.ch"|"%yV@0%-sSj$$9-b0ezD2"
"melys.lyosik@edu.tbz.ch"|"KCgE36-Q4jaq5-xH$5K2"
"marylene.mcnab@edu.tbz.ch"|"EWmhg&-bToSun-WHCrS&"
"gerald.blount@edu.tbz.ch"|"M2%T9#-OnxKgl-KkPPJf"
"clelia.shakelade@edu.tbz.ch"|"E@VydV-C#qiIU-fX@R9b"
"penelope.cridlin@edu.tbz.ch"|"o6rBdE-C@&o1d-4v64MN"
"maena.okuddyhy@edu.tbz.ch"|"V0YtWd-IiU8X3-Q9xfxS"
"athena.keynd@edu.tbz.ch"|"iyI#MB-OA8MGX-gmD7wG"
"cloe.dwine@edu.tbz.ch"|"PbE48r-bFEjnB-Gle$VC"
"josephine.browett@edu.tbz.ch"|"viBEYJ-Mw0fMM-j2Yam%"
"audreanne.oscanlon@edu.tbz.ch"|"UuINfW-cS67tT-OSS2tc"
"fei.jeanequin@edu.tbz.ch"|"9$R0xd-nxukHP-NS9vEC"
"lois.gormally@edu.tbz.ch"|"GbO&ZG-ZNdzpn-XRCusg"
"marie-francoise.finnigan@edu.tbz.ch"|"KkaUfO-A@@Ymf-L5V5Jw"
"leonore.trussman@edu.tbz.ch"|"Ku6gCy-icG&R5-t54NPL"
"anaelle.trumper@edu.tbz.ch"|"t&%TVC-T21$qH-8JKvDq"
"clemence.dionis@edu.tbz.ch"|"E0Udgr-GNIl7G-8$kyya"
"lois.tranmer@edu.tbz.ch"|"D&JHYY-nbM8XW-UJJvSs"
"interessant.volett@edu.tbz.ch"|"IUw9Pg-64K@Iu-&kNaiN"
"personnalisee.deackes@edu.tbz.ch"|"SlCmgh-SZ0%%F-XLF9XI"
"lie.vasiliu@edu.tbz.ch"|"7lnnb8-V7id8H-05sWf4"
"dafnee.lamputt@edu.tbz.ch"|"Fp1irV-Eref2%-m2upgi"
"elies.bromige@edu.tbz.ch"|"UhSt@T-PNa&PE-ieW$H2"
"helena.klosser@edu.tbz.ch"|"alA&qH-YD&y0r-re%c$w"
"andree.grim@edu.tbz.ch"|"gKuPM1-uoSifu-hbB7mG"
"verane.coldbath@edu.tbz.ch"|"gih@aI-5JAVfB-7XugPS"
"helena.bethell@edu.tbz.ch"|"toCwV1-2x0FzA-1tx3JR"
"kalliste.carefull@edu.tbz.ch"|"AdiWpc-G&KBR@-GW1lwG"
"regine.odams@edu.tbz.ch"|"cAow2S-eznR2H-Z5T4T1"
"len.stannus@edu.tbz.ch"|"yeMN1@-XQmd@C-6sok@y"
"angelique.works@edu.tbz.ch"|"rEdWZ9-m#flvT-MMd#Pz"
"goesta.rheaume@edu.tbz.ch"|"2HVJN1-6%9Eou-Yxk8t1"
"maelys.tynnan@edu.tbz.ch"|"CUE$tA-rH#gty-r4m2gM"
"maelle.carlesi@edu.tbz.ch"|"3Kmo7Z-l0ajHG-3kj1KM"
"anael.spurden@edu.tbz.ch"|"BMnQnh-%%Nmwk-P4LrPq"
"helene.pumfrett@edu.tbz.ch"|"saf@CF-elwtwl-3$MqSA"
"goerel.pearn@edu.tbz.ch"|"lef%mR-rpn8rb-MR$cxX"
"laurelie.dezamora@edu.tbz.ch"|"k#Pfhb-zNQ6aJ-4eh$3L"
"yao.twidale@edu.tbz.ch"|"9egahZ-iVPsML-97jvo5"
"berengere.sola@edu.tbz.ch"|"C@swxj-3cUa$P-G@3T%w"
"maelann.hardistry@edu.tbz.ch"|"HHsTay-V7eh3R-KhX02A"
"severine.littlefield@edu.tbz.ch"|"P8H5el-GQgH6Y-pRsbBO"
"salome.heinl@edu.tbz.ch"|"DKCd31-wfkwt5-zSTx23"
"meryl.warbey@edu.tbz.ch"|"X&gFny-o$1ly3-nhJQCM"
"da.hunstone@edu.tbz.ch"|"lGo$P9-mbAo$n-#dFC7h"
"venus.broadbury@edu.tbz.ch"|"iRI649-CRDXCu-LS1nHt"
"meghane.rentelll@edu.tbz.ch"|"K8vwHU-zpKV6R-2dtfjj"
"marylene.drewitt@edu.tbz.ch"|"ScdbB4-#v9hjT-1NGnG8"
"melinda.jacquemet@edu.tbz.ch"|"afuM&L-9XXChl-YMyH8h"
"marie-josee.keyden@edu.tbz.ch"|"diFVsi-kubW#Z-0qpAkd"
"asloeg.montacute@edu.tbz.ch"|"$&hUba-xRRCwZ-exa1TT"
"ku.andreou@edu.tbz.ch"|"AnM$cd-@VHsbR-upLSk@"
"personnalisee.feaveer@edu.tbz.ch"|"w5QdV9-HjK8fg-Zgvm$e"
"laila.emptage@edu.tbz.ch"|"&pePfz-y2SPuB-mZ#k1t"
"bjoern.dawdry@edu.tbz.ch"|"I8fyy1-mPOfL5-sgR&0Q"
"marie-eve.dinsell@edu.tbz.ch"|"bSTx58-&RJ6cn-Ctb#p@"
"helene.follett@edu.tbz.ch"|"ovy7rX-fz4pzz-9Kf5eo"
"penelope.cordero@edu.tbz.ch"|"ZGAAxG-yT08DW-qBEL2t"
"boerje.beedell@edu.tbz.ch"|"DT1REn-P4ytYQ-Lcdcni"
"nelie.ferne@edu.tbz.ch"|"Uo#LAR-h#xyhg-ZkKUa%"
"celine.ahmed@edu.tbz.ch"|"Dz$HJT-U7LXfw-$1ai#A"
"stevina.pimblett@edu.tbz.ch"|"dcdWWD-GQROoP-C@JOLP"
"chloe.langlands@edu.tbz.ch"|"wffKKR-HDju1i-JwBv%a"
"simplifies.maude@edu.tbz.ch"|"MF3wLV-36pOFg-O1Bfc3"
"genevieve.decarteret@edu.tbz.ch"|"s3C7JY-v%8Vnk-EzHC78"
"marylene.mughal@edu.tbz.ch"|"wH6tNs-v5BIGn-GBdT3O"
"goeran.guttridge@edu.tbz.ch"|"ecdM0S-FtDy%M-X#3yUu"
"michele.smurfitt@edu.tbz.ch"|"J7C7oD-Iwg3Qr-zEWW#m"
"methode.hadeke@edu.tbz.ch"|"Ubc4RI-5VsAYb-UwgQPf"
"therese.rispine@edu.tbz.ch"|"5cNDc$-@biTLK-xyPmqf"
"goerel.plumley@edu.tbz.ch"|"ERc9fb-vOerJR-Pkayzv"
"oceane.friett@edu.tbz.ch"|"FnYJbi-9c$lDX-ZVVUwQ"
"marie-noel.achromov@edu.tbz.ch"|"#1jnKA-vY&zrG-h@ICZu"
"dorothee.storek@edu.tbz.ch"|"MOfqK6-X$JiiZ-b0eMp7"
"goesta.whittle@edu.tbz.ch"|"8R#j$$-qBN@1M-@abqJl"
"desiree.casely@edu.tbz.ch"|"jYN56H-s$ckhL-QbFTSB"
"felicie.condon@edu.tbz.ch"|"klyOCP-40@$G#-yG7UzA"
"maelyss.frisdick@edu.tbz.ch"|"hI1KmW-no1ewu-jWOf8$"
"aimee.banke@edu.tbz.ch"|"Arqfn8-Pa5bS4-Dl73Mq"
"naeva.hodcroft@edu.tbz.ch"|"dLds$2-en@L6X-JCmUGW"
"laila.gerrans@edu.tbz.ch"|"S53zAv-MiOqcF-21slM$"
"daniele.scrimshire@edu.tbz.ch"|"o7Ri%F-HFnl8E-DTHTMS"
"daphnee.sheerin@edu.tbz.ch"|"NosAP9-5jovyh-z&y$iR"
"pal.vanyukov@edu.tbz.ch"|"KEN7Y@-PQg5BZ-WaiRc7"
"zoe.childs@edu.tbz.ch"|"5&97N@-LB2BEU-QrQjLx"
"ai.corde@edu.tbz.ch"|"cicq$Y-W2flaY-wE#a3M"
"maelys.berryann@edu.tbz.ch"|"CG5Tbm-4e&XA&-MJFyyc"
"cloe.gladding@edu.tbz.ch"|"9lxVzy-4OmjsU-pYnsoJ"
"wa.kinnaird@edu.tbz.ch"|"JwbCxZ-N9Hj%#-5i6fvu"
"publicite.brittoner@edu.tbz.ch"|"RNbTJa-wyzolP-VkTU6Q"
"rao.windress@edu.tbz.ch"|"5KAfDK-zQZdCZ-JCzh@7"
"uo.kollach@edu.tbz.ch"|"GzlXVr-4TQlXi-k$l6xl"
"josee.peskett@edu.tbz.ch"|"B8RQDJ-fNmuWA-RILf7u"
"annotee.hasel@edu.tbz.ch"|"BtyjGd-GOh3rk-By0XUG"
"cinema.lee@edu.tbz.ch"|"J6ZGV@-$bou6@-oEOPs&"
"lai.vedeshkin@edu.tbz.ch"|"n4rUh6-IawUN8-AmgO0g"
"renee.brisbane@edu.tbz.ch"|"S#DuJJ-0Vq3c3-0VNeHJ"
"ophelie.blincoe@edu.tbz.ch"|"JzTSw2-qE@F4t-I5oid9"
"zhi.prazor@edu.tbz.ch"|"VLIjJg-bTzmjQ-fuumJY"
"annotee.maddicks@edu.tbz.ch"|"FfV0wS-FmmfR6-XIj&i%"
"maelyss.codd@edu.tbz.ch"|"Fa@7xN-MqzhHB-kZupmq"
"celia.peplay@edu.tbz.ch"|"oERHLj-iB1oZq-K7r&I5"
"interessant.skone@edu.tbz.ch"|"hbh6xc-iMCifn-lDVhoI"
"audreanne.hebdon@edu.tbz.ch"|"ki#7Ze-WBlGfI-VdBwWf"
"oceane.glen@edu.tbz.ch"|"J8r%h3-O#cr3V-4CLYUJ"
"daniele.vanyushkin@edu.tbz.ch"|"rW18ma-yqFVAy-lBiQES"
"daphnee.ayce@edu.tbz.ch"|"PatHhy-cdzPXt-naqaFn"
"andrea.attride@edu.tbz.ch"|"b6JMNk-X@aamc-v@$4bs"
"penelope.bridgwood@edu.tbz.ch"|"0sW3ZG-uxeCcS-IcJusD"
"mailis.drewitt@edu.tbz.ch"|"9t#I0M-Y2RHLy-vNN8cu"
"penelope.mollene@edu.tbz.ch"|"ANmK2f-Nh5RZK-blyy7v"
"illustree.keely@edu.tbz.ch"|"z@ivrC-d$#N0o-IZ78ml"
"meng.brisseau@edu.tbz.ch"|"@yb4&w-G9EuDC-nBC#Xm"
"ruo.cleiment@edu.tbz.ch"|"ihWtHm-yssohA-qz9tcY"
"maite.krammer@edu.tbz.ch"|"on6yLe-CCyE4#-Q6&F7I"
"genevieve.verry@edu.tbz.ch"|"JnN3fo-8nnO0#-S2LkEL"
"lea.olochan@edu.tbz.ch"|"at6k9q-ejyqgN-smcaSl"
"naelle.brunnen@edu.tbz.ch"|"13&5qN-kWy$LM-0YZM8J"
"goesta.bragginton@edu.tbz.ch"|"wwClaO-GMyfjN-rOBsyh"
"fei.danilyuk@edu.tbz.ch"|"jIjF9z-6JLX%l-Ze7N9r"
"adelie.turbitt@edu.tbz.ch"|"NOCsuR-d3ZXfa-FA$NiU"
"marylene.nutman@edu.tbz.ch"|"aIOkSs-gEa@CH-OIfXoa"
"therese.barbrick@edu.tbz.ch"|"TeWMC5-o59v8m-aD3xXY"
"melys.kolodziej@edu.tbz.ch"|"laTuO@-sAX%fU-nC0R2r"
"melanie.runchman@edu.tbz.ch"|"$AfpHe-pVDdU@-qB$%iQ"
"serena.lafond@edu.tbz.ch"|"XWCBl5-s5MVYH-2Ozw$q"
"pelagie.desmond@edu.tbz.ch"|"rDAviZ-ThySnJ-$4q%ww"
"wa.spickett@edu.tbz.ch"|"G4lI@b-DTGK0w-2p6G1r"
"po.shave@edu.tbz.ch"|"7eO$0u-m3$kmN-ZLk2z4"
"song.huikerby@edu.tbz.ch"|"OV9AHu-Mi@Ch3-%TgZrJ"
"melinda.bimson@edu.tbz.ch"|"6Vx0R4-L6Oyga-Qxrf1v"
"personnalisee.toffanelli@edu.tbz.ch"|"u&zVod-qnOxLU-jCZ&Iw"
"leandre.hurn@edu.tbz.ch"|"BXSXLe-XMgvNo-1ct#6l"
"oesten.standell@edu.tbz.ch"|"VS6cil-qwLMR0-OVCA4q"
"naelle.smaleman@edu.tbz.ch"|"hpRG1H-h&HLBz-yLGGGe"
"berenice.tayt@edu.tbz.ch"|"K$Qggi-psjpyz-q&C@mJ"
"kui.popplewell@edu.tbz.ch"|"BAq#a7-KKVpdI-m0fjYN"
"melodie.ferandez@edu.tbz.ch"|"R4GE&q-0TRGRQ-ZGD@wv"
"josee.negal@edu.tbz.ch"|"xFaZBs-KPwlXI-H#1bRp"
"melissandre.ferrelli@edu.tbz.ch"|"5$jznD-D8w93&-bXtvJP"
"josephine.kemmer@edu.tbz.ch"|"fOYxv1-Fie&L8-YZiRDf"
"maely.cayette@edu.tbz.ch"|"H6%e@j-Drmupi-YEwzk#"
"nelie.vela@edu.tbz.ch"|"JVg1m6-skJQYF-3ScjkE"
"melina.cortes@edu.tbz.ch"|"MF1Cej-tTo$7T-CLhndF"
"megane.leyshon@edu.tbz.ch"|"0XYirj-%e8@IL-ywqXxE"
"regine.harrie@edu.tbz.ch"|"V8PV0o-egaOAj-n&gabW"
"mylene.widdison@edu.tbz.ch"|"DWpJdA-gG@%UX-I2FR5f"
"pelagie.vivash@edu.tbz.ch"|"YqYCI5-%k9#RF-VXI5fV"
"styrbjoern.vicarey@edu.tbz.ch"|"x&sWkp-iQTIsD-4019Ly"
"long.kyles@edu.tbz.ch"|"3LQg64-pt@YOv-x4eSzq"
"stephanie.gipps@edu.tbz.ch"|"Tse8nF-gcYlw@-%YEIsH"
"clea.constantine@edu.tbz.ch"|"gUc519-#A0HTh-oc2KLj"
"maella.cometto@edu.tbz.ch"|"p%0bVp-Y%6msO-cJWhd@"
"laila.aubrun@edu.tbz.ch"|"PiYK9#-G6pqEI-zU&l8A"
"yao.austins@edu.tbz.ch"|"uDf71g-FsBK3F-2I$pUu"
"mailys.rylstone@edu.tbz.ch"|"wcOBuD-1E2uHZ-tbVxRW"
"adelie.curuclis@edu.tbz.ch"|"uK1It9-izRgM8-WJyHPP"
"celine.longhurst@edu.tbz.ch"|"tVePT2-UIZzgw-XehMKf"
"gisele.hazell@edu.tbz.ch"|"s8%Pud-wa51ph-Gpdsfa"
"celestine.ciccone@edu.tbz.ch"|"ZYae4I-Zuq8J1-xC1lny"
"maelyss.doole@edu.tbz.ch"|"uL7hZI-egA5T@-YZIdPk"
"helene.grimsdike@edu.tbz.ch"|"UqlOgC-Wb@@7&-TUu1rT"
"lie.macer@edu.tbz.ch"|"dsMIVW-NHKjh@-oFPrcS"
"maely.izard@edu.tbz.ch"|"Z06ZK3-OCzmV#-5egpix"
"erwei.breewood@edu.tbz.ch"|"0&x&3#-8Vf2ql-s0Ivc4"
"chloe.woolford@edu.tbz.ch"|"pjc0ow-eEJDft-C3K785"
"cleopatre.turpin@edu.tbz.ch"|"xrnRen-#xWkOZ-WDiJ%D"
"melodie.surgison@edu.tbz.ch"|"Im3nu4-SBLvx$-DP1xO2"
"elies.leander@edu.tbz.ch"|"2M@b9y-hM37Z5-U&5ADq"
"mediamass.reignould@edu.tbz.ch"|"EPwskb-LqlJ4L-NI#716"
"celestine.wasmuth@edu.tbz.ch"|"QTdVXI-wSlj1c-JD%mkD"
"marten.jervis@edu.tbz.ch"|"ali8h0-3PA&Wg-qKaSA%"
"daphnee.bour@edu.tbz.ch"|"q8hEk5-xfaXBw-Il%wZe"
"regine.harlett@edu.tbz.ch"|"qWhuxl-22kX29-rS$kN4"
"noemie.macaskie@edu.tbz.ch"|"XYjKIC-&cwmdW-Fnjf1o"
"loic.renfield@edu.tbz.ch"|"b4@oRB-mEod#%-MPEvw7"
"venus.kleinert@edu.tbz.ch"|"yuuSCb-c3dWpe-rKZNim"
"marten.burlay@edu.tbz.ch"|"8L$Rg9-34l2i1-&Zx%u$"
"berengere.radsdale@edu.tbz.ch"|"fnBzey-&apdND-t7qk6N"
"genevieve.duckit@edu.tbz.ch"|"skObnO-A1wDcv-aGgEql"
"maely.ligerton@edu.tbz.ch"|"CFV@Z%-5K4QHR-d1R1NS"
"maeline.ricciardelli@edu.tbz.ch"|"H71iG8-A0RJC5-ZuZTjE"
"personnalisee.yggo@edu.tbz.ch"|"hTsmAf-H8xhC5-wG1@rE"
"alizee.pettinger@edu.tbz.ch"|"ia96Gy-ZF#dXS-%uR0nD"
"desiree.curnnokk@edu.tbz.ch"|"nbAXzx-9$0Y&Q-vGbFvC"
"dorothee.minors@edu.tbz.ch"|"jDeFNF-7m2$oN-lIODsF"
"oceanne.kopmann@edu.tbz.ch"|"7dVLnP-dHN$XC-Co@w8a"
"almerinda.brodbin@edu.tbz.ch"|"MYQEtV-dMXcUA-$6SDYx"
"yenora.carsberg@edu.tbz.ch"|"kjG@8b-fQgDAd-CH1tT2"
"wa.beetles@edu.tbz.ch"|"u1ET$L-6&DS9C-VaYl%x"
"audreanne.abbot@edu.tbz.ch"|"RjgUL#-zzs3Uw-wENVeL"
"noemie.capper@edu.tbz.ch"|"hmBUYG-W1zx%R-G&okqK"
"mans.abramamov@edu.tbz.ch"|"842b5w-N@Lsxr-ilN18l"
"audreanne.blakey@edu.tbz.ch"|"6$YIVd-q6PdtR-&8FXf$"
"leone.klimpke@edu.tbz.ch"|"H#WDNm-AiT12e-wEH%vb"
"lie.croston@edu.tbz.ch"|"A6EtP$-1%nQ0L-Y2ybGj"
"anaelle.baistow@edu.tbz.ch"|"SM5ujn-18i@y8-%CJnlm"
"michele.garwood@edu.tbz.ch"|"q%n%Yc-gV@kRQ-c5p&Dm"
"interessant.albion@edu.tbz.ch"|"qih#Gb-r9qAgp-g@Nl7u"
"andre.brisco@edu.tbz.ch"|"n16uDL-d4cvVd-JDVBaR"
"tang.totterdill@edu.tbz.ch"|"3xb9Bp-zhYF%a-p#v9Zc"
"marie-josee.braundt@edu.tbz.ch"|"Nv4USV-tc$c7O-I#WfeV"
"lois.galer@edu.tbz.ch"|"W7cTBA-C&ux3Y-htTUZo"
"faites.pellamonuten@edu.tbz.ch"|"Q2DZ7R-Lfi9lz-lsMbH#"
"mai.barfford@edu.tbz.ch"|"u$jgAM-XdmEMy-aTBxTC"
"laurene.macilory@edu.tbz.ch"|"pzYS$t-ZDarrv-LI0M3A"
"elea.peak@edu.tbz.ch"|"2s@5gC-J7N%&w-vMwEmJ"
"rejane.doni@edu.tbz.ch"|"TnZckc-I@ZL3P-es3$j9"
"mahelie.ector@edu.tbz.ch"|"$AUtOl-NlQrSF-8doiRk"
"rachele.allum@edu.tbz.ch"|"$tL5zf-QewSxa-ZZ4wf@"
"laila.gerretsen@edu.tbz.ch"|"kvuEWr-BBOdDb-UkS2re"
"ines.bowman@edu.tbz.ch"|"qd29Ib-ZBrOGO-xAl#I6"
"publicite.barbary@edu.tbz.ch"|"5DSpxx-Me3ooq-xEr$hk"
"mailys.smooth@edu.tbz.ch"|"41nMZi-MZhGHz-MfODwU"
"mailis.huguenet@edu.tbz.ch"|"JJkBYr-PbU%NM-VeW7@9"
"lea.ewer@edu.tbz.ch"|"vO%3$E-Fh6&NG-U&lSrl"
