"email"|"password"
"melodie.vandervlies@edu.tbz.ch"|"O#iCcG-V8rSZ0-b6Glhg"
"angele.edgecumbe@edu.tbz.ch"|"3A6P$a-zpqVu1-&hejs@"
"zhi.andreasson@edu.tbz.ch"|"xLCz1Y-QLTpO7-JHCBV@"
"judicael.koppeck@edu.tbz.ch"|"udrWTA-rq49vR-G7ohU3"
"berengere.capron@edu.tbz.ch"|"bejX7s-k@6&7c-p@HIfc"
"leonie.brosini@edu.tbz.ch"|"BbpDNs-3AkTib-2yj661"
"venus.garfit@edu.tbz.ch"|"8z1Quq-K15NKe-oaieO3"
"melina.janota@edu.tbz.ch"|"Yo$vRy-@a7y3z-ZN&rI#"
"laurene.bake@edu.tbz.ch"|"JKdhtV-5&u%wD-uJz7u#"
"regine.dorkins@edu.tbz.ch"|"5XD@&M-0Z$l$O-9#&bwp"
"cecile.moffet@edu.tbz.ch"|"KOt1xa-iWv%kH-g28ukr"
"maelann.labrone@edu.tbz.ch"|"xEy3%S-eDc474-DNfzkG"
"melinda.newbold@edu.tbz.ch"|"gkbnV2-wyHOtM-2EO#ao"
"mans.itzhak@edu.tbz.ch"|"U93t2%-W3ALfm-k2rO#Q"
"melodie.pattlel@edu.tbz.ch"|"G4YXqG-vh8Cai-JGp%5A"
"celine.bonett@edu.tbz.ch"|"f02sea-7@LjD$-7J#I36"
"adelie.mcgreal@edu.tbz.ch"|"7G&AZd-VOj0gY-7LgOCU"
"helene.soldan@edu.tbz.ch"|"6dhueh-%iReTD-0rjxwZ"
"michele.cluer@edu.tbz.ch"|"3dc1t7-UYGr9l-@XlhUQ"
"maeline.mueller@edu.tbz.ch"|"Jg5wr9-Uxww1#-df&WI&"
"maelann.benedito@edu.tbz.ch"|"fT8LVL-k8TUJJ-er64hm"
"nuo.gransden@edu.tbz.ch"|"mEQ4JP-249Tbx-y1wzhN"
"berengere.stainton@edu.tbz.ch"|"$8FUas-ktI5#E-38REo5"
"wa.sabater@edu.tbz.ch"|"nszKeJ-y7zFZl-wy90Im"
"anais.cochran@edu.tbz.ch"|"kGrDN9-O7KvN1-kJ%ZyB"
"gerald.bessant@edu.tbz.ch"|"Xx$I0S-BUqiSq-nCPYuR"
"ruo.coffin@edu.tbz.ch"|"I$CmvJ-LLQ$to-MJx9h3"
"melodie.mustill@edu.tbz.ch"|"mCy6q1-m3Xw%E-bHcykL"
"ruo.stanesby@edu.tbz.ch"|"dvcmuU-tY53Te-EMYWsm"
"noemie.antognelli@edu.tbz.ch"|"ep8$Lo-BtNhe4-bOakor"
"maelann.hughson@edu.tbz.ch"|"RnSmu@-CcRy1s-rU0PWw"
"milena.mieville@edu.tbz.ch"|"1371HD-Dlat2k-vLRAi6"
"mailys.chamberlin@edu.tbz.ch"|"2EEQYm-K45XzQ-9Vs&R5"
"nadege.tomalin@edu.tbz.ch"|"Tf%BZp-%1r2BC-vvrx4&"
"oceane.omara@edu.tbz.ch"|"ec%HvA-7xzaUr-Cvt%%5"
"cecile.aguirrezabala@edu.tbz.ch"|"Mu9#7j-HzGatF-Pq5wAs"
"maella.gwillim@edu.tbz.ch"|"2oWH#z-cWBkNa-t&oM$c"
"lea.mcgahey@edu.tbz.ch"|"GIKD2o-K&6PiY-UhZr#A"
"laurene.hagerty@edu.tbz.ch"|"n4e#YD-gZCF#$-0urNuw"
"dorothee.link@edu.tbz.ch"|"xtw#uE-jf#4Dp-gEJP#k"
"clementine.kynsey@edu.tbz.ch"|"lHfcHR-cAr4c8-mQWxvj"
"lorene.smitherman@edu.tbz.ch"|"flaNXN-m0HdHy-O@XKll"
"cleopatre.klulicek@edu.tbz.ch"|"1@d$y@-QnuBxy-d@ZGDo"
"laurene.castaneda@edu.tbz.ch"|"i5mBIu-FOONUG-46AXtY"
"melia.constant@edu.tbz.ch"|"XUoU6k-OWceyj-2rBVMf"
"lucrece.clunie@edu.tbz.ch"|"maqKyv-wAKYbR-WwL26j"
"eleonore.mcmurthy@edu.tbz.ch"|"73O6pd-1O0I9L-VC9@%A"
"melia.bevar@edu.tbz.ch"|"#$9bwg-sCEuuy-UwJdSu"
"camelia.bontine@edu.tbz.ch"|"KzX2bh-nMO218-a@X#hA"
"methode.jozefczak@edu.tbz.ch"|"Vwyrag-IGSlt&-grsAtl"
"audreanne.hinsche@edu.tbz.ch"|"72LDV9-4rX#W5-ytei7$"
"andree.varne@edu.tbz.ch"|"s$w1o8-yDCR%&-UpaOTt"
"marten.kinleyside@edu.tbz.ch"|"lwjxmm-YxKEP0-3CqfvA"
"esteve.mcewan@edu.tbz.ch"|"kDN6YD-IUCNRp-1JZyv0"
"leane.dibbert@edu.tbz.ch"|"1d2D&a-wtBTHQ-aurRAQ"
"ma.thewlis@edu.tbz.ch"|"Nn5m9i-avuvgX-JrAHlB"
"clea.djurkovic@edu.tbz.ch"|"0RRlYY-Bs#rxw-jaUPuB"
"rachele.reburn@edu.tbz.ch"|"aDNn0x-s4ntcN-PXpRFS"
"gerald.gowling@edu.tbz.ch"|"%DkL@U-trY5BG-LMu7o1"
"cleopatre.jackson@edu.tbz.ch"|"QQ%t$g-dBC&%i-K0h7zn"
"desiree.haskins@edu.tbz.ch"|"VdU09W-#AjIO1-UZOT4E"
"eleonore.longson@edu.tbz.ch"|"6V1pZK-I95Kyk-MuNHfA"
"leane.dybell@edu.tbz.ch"|"sAzt8a-#urZYs-NG5%pH"
"becassine.grzesiak@edu.tbz.ch"|"Zi2vCR-e3ZDCd-K772$%"
"marie-josee.pickin@edu.tbz.ch"|"GVbtah-ot81Zk-jkF6oq"
"marie-josee.roxby@edu.tbz.ch"|"&jT9pP-HGB3Pi-emBTz$"
"leonie.feenan@edu.tbz.ch"|"qUyGB9-9AvhWV-MAIhqI"
"valerie.ellum@edu.tbz.ch"|"VKoxXL-UL4#mH-ucgzgn"
"ju.caseri@edu.tbz.ch"|"9d7OVk-0TSWnj-gg2as&"
"boerje.strangman@edu.tbz.ch"|"NpDRVQ-t4T&&i-HZThO2"
"beatrice.ghidelli@edu.tbz.ch"|"XTv7BU-0Q0FqQ-x&&eqF"
"da.jablonski@edu.tbz.ch"|"gX56@Z-c6pxvz-cWhKkn"
"uo.beveridge@edu.tbz.ch"|"&ZISr#-mQrFiG-PEZFYA"
"valerie.bestman@edu.tbz.ch"|"Tn4am6-2#mg#l-2&wTCe"
"marlene.pohls@edu.tbz.ch"|"ap&$Oh-vtF$vx-1NTn70"
"ma.nolda@edu.tbz.ch"|"eUjFd&-LCXsik-voNrur"
"marlene.bisiker@edu.tbz.ch"|"11yEAs-5vde1#-1oXT48"
"estee.babon@edu.tbz.ch"|"zj2ipT-5KM@1d-Z$E@zF"
"simplifies.dmisek@edu.tbz.ch"|"QxrojQ-2onmmD-YdfDtE"
"selene.ganing@edu.tbz.ch"|"$AosMj-K5wzXT-bZokqt"
"meryl.penke@edu.tbz.ch"|"h8gYCz-oHaQMB-gvJ&7C"
"anais.rawcliff@edu.tbz.ch"|"4uYlOV-sfKOK3-nbhHyb"
"melina.andri@edu.tbz.ch"|"uCG#Yc-eh%p76-DKRFJG"
"audreanne.fodden@edu.tbz.ch"|"7C0u16-TGNj@o-uPZbvu"
"bjoern.spellesy@edu.tbz.ch"|"9itQwV-Wgz9zb-3$Hor8"
"francoise.summerscales@edu.tbz.ch"|"glKNjo-$1GDr7-BbtPl0"
"laurene.ashtonhurst@edu.tbz.ch"|"fQd7w%-bHwYsC-yqQ$Uc"
"valerie.petters@edu.tbz.ch"|"ksauJR-rVcviE-3hUlkX"
"anael.spenclay@edu.tbz.ch"|"5Qx9Xr-KFX8vh-Dxn5Gp"
"stephanie.keech@edu.tbz.ch"|"dtdIhS-sTDHN9-TLh2Vg"
"ines.deveril@edu.tbz.ch"|"L3OJC&-EpZqaN-PrI3HA"
"berenice.gelder@edu.tbz.ch"|"sGoSDJ-T7&XT%-%e9mpU"
"melanie.ofogerty@edu.tbz.ch"|"OGi3c6-Mwasxo-p9CAg9"
"frederique.canepe@edu.tbz.ch"|"TPlDoe-y49#dR-dOBcZn"
"nuo.otton@edu.tbz.ch"|"gTsORT-lnLS4W-2XPMdU"
"genevieve.trusler@edu.tbz.ch"|"fUPdpD-SMzAwJ-Bl4Y7D"
"ju.boag@edu.tbz.ch"|"P%VUX1-KcIoXs-tLcD@7"
"josephine.dilucia@edu.tbz.ch"|"ngut91-Hv5QoA-Kf9eb9"
"laurene.armsden@edu.tbz.ch"|"Ss1I1N-$&xBtG-aSwVgE"
"becassine.griffe@edu.tbz.ch"|"OUi4DL-O##Y93-Yyel2y"
"alois.parres@edu.tbz.ch"|"lI5vNY-oXXMO5-&aMJCm"
"cleopatre.gaffey@edu.tbz.ch"|"C3SOpj-97K%GP-ZCI3w1"
"andre.stiger@edu.tbz.ch"|"OqfYp$-s0Od7k-lCUS#M"
"beatrice.godleman@edu.tbz.ch"|"dy43um-evwT$e-utIvkh"
"hakan.harrhy@edu.tbz.ch"|"IDfCqf-CTVPUm-GvgzV2"
"celestine.dagnan@edu.tbz.ch"|"ZBSFlp-%jl4%h-NkG9cK"
"clemence.haggart@edu.tbz.ch"|"es1&rl-0YxUUB-CVsD4r"
"long.caban@edu.tbz.ch"|"i5wV#h-6Ify1a-ZAL3Qh"
"gaetane.grimble@edu.tbz.ch"|"Azr34O-CDSkv4-l2F7XJ"
"maelann.piwall@edu.tbz.ch"|"p4pEMh-lGjKJp-&Tk4tM"
"magdalene.loble@edu.tbz.ch"|"SeLQbK-9F8pbs-NtuSq9"
"veronique.domaschke@edu.tbz.ch"|"z2GS4C-yXZg3K-Sg&h4L"
"clea.herity@edu.tbz.ch"|"&AaIwD-rZsq%p-%IX9Th"
"maelann.bambrough@edu.tbz.ch"|"vzKcom-d$GmIq-m@Dz%X"
"clea.goulstone@edu.tbz.ch"|"U9Q$Cm-ZOsR8H-Vjilwq"
"renee.deleek@edu.tbz.ch"|"pBmdKw-qao58s-&OlZPR"
"boerje.rudderham@edu.tbz.ch"|"KZQwU&-Dd8en$-C@CMnw"
"marylene.broune@edu.tbz.ch"|"TF@0g7-$s36eK-XrVFyJ"
"nadege.mccuish@edu.tbz.ch"|"NDKWgE-kwgOnf-WqtP6S"
"anael.littleover@edu.tbz.ch"|"FICD65-vkxMLH-baVq6s"
"lie.baume@edu.tbz.ch"|"&rc2AF-W7Bbtz-B$av7%"
"maella.murrow@edu.tbz.ch"|"TAB7Zo-FhsJN7-yWW3rw"
"cleopatre.pettifor@edu.tbz.ch"|"asSVq@-2A#aP&-X7FOlK"
"geraldine.asker@edu.tbz.ch"|"Rik5vU-C70URB-a@nL4z"
"gaetane.smedmore@edu.tbz.ch"|"3uiY%r-uiS4vK-n1FGO5"
"meryl.blencoe@edu.tbz.ch"|"$BuXpz-aMUaxX-458aJF"
"aurelie.chastaing@edu.tbz.ch"|"m6J6wF-X2TO3Q-%ny4L$"
"oceanne.marthen@edu.tbz.ch"|"TXsdns-htSEdy-uXbiu@"
"dorothee.burrill@edu.tbz.ch"|"pKyuL$-uerwJc-RgUZ68"
"hakan.belden@edu.tbz.ch"|"oBY%fT-CqUkBk-d@UHa#"
"celine.brunning@edu.tbz.ch"|"8NVqu&-apo8Cc-uTI@f1"
"anael.lapides@edu.tbz.ch"|"BmaF@h-9rT&%e-lUCwo4"
"ruo.saffran@edu.tbz.ch"|"5uZAV3-Ng47ED-TCHFNT"
"loic.gerretsen@edu.tbz.ch"|"$%4B5e-#0cAF#-giBjIb"
"rui.fitzer@edu.tbz.ch"|"eat1Va-V4ff31-KF0KEr"
"annotee.ogers@edu.tbz.ch"|"GOEw2Q-0$61ww-c@7KFI"
"boerje.bindin@edu.tbz.ch"|"vkbEL9-QNK8Mt-JI2N00"
"ma.cronchey@edu.tbz.ch"|"y8JLmG-vxk$PQ-cNgyUu"
"laurelie.baiyle@edu.tbz.ch"|"Ku#5vY-rR4uMo-TCYA2Q"
"dorothee.older@edu.tbz.ch"|"#vErh@-gX@k3d-RaLPQl"
"laurena.wile@edu.tbz.ch"|"TuVv9Y-jQa#MV-mkFSGu"
"clemence.brito@edu.tbz.ch"|"bvjyiC-ix#91@-6MCmYL"
"nadege.dallin@edu.tbz.ch"|"fwv1qj-T095ou-PKnt1v"
"mailis.matley@edu.tbz.ch"|"e6DUfn-v@6LLX-&CnsK1"
"daniele.screaton@edu.tbz.ch"|"3qwV@s-@3rPhZ-&OneIA"
"mediamass.godly@edu.tbz.ch"|"Kd1zxL-4GsgX2-bTE7mO"
"leone.kremer@edu.tbz.ch"|"v6qwiB-kHEE09-0ZC#dX"
"asa.adrian@edu.tbz.ch"|"Jf&2w6-25fJnF-eS7dD3"
"adele.doley@edu.tbz.ch"|"Kdgvyv-$u2sa%-KwUdqe"
"fei.sidney@edu.tbz.ch"|"NPRwi2-$q7QlS-4jFIjX"
"marie-josee.walisiak@edu.tbz.ch"|"WLkqV%-SdOwH3-Fl8x79"
"desiree.diplock@edu.tbz.ch"|"bOLeXT-fIvIep-MYf0GK"
"gisele.schust@edu.tbz.ch"|"N#CVIn-rFykM#-@dBjG8"
"ma.longshaw@edu.tbz.ch"|"%g@c67-%v84&n-98UBU7"
"da.boother@edu.tbz.ch"|"Z&O36$-EO$Mu1-G5zq$O"
"simplifies.chaudhry@edu.tbz.ch"|"mMqInM-qSv&q@-a0EJWp"
"garcon.baniard@edu.tbz.ch"|"6uy85I-%RA&s6-KgCbmQ"
"gaetane.elphee@edu.tbz.ch"|"HH%kZA-%7uhUW-Fiq&xK"
"gisele.hassey@edu.tbz.ch"|"nQ9Vv@-zmVqpx-NccPO0"
"oceanne.booley@edu.tbz.ch"|"r6ZqDh-jJdVCE-kvySKC"
"oerjan.dibden@edu.tbz.ch"|"hhCeXa-xi8xT%-TbaHqg"
"regine.ocleary@edu.tbz.ch"|"uiY&mc-9BDjVn-amCtEa"
"selene.persse@edu.tbz.ch"|"ZCccZB-@KctSl-m4u2uO"
"helena.adenot@edu.tbz.ch"|"fPyFzV-mrcheF-Y%gReG"
"maelann.wassung@edu.tbz.ch"|"lx6S6r-uW@fQ4-MT9QSz"
"frederique.ackermann@edu.tbz.ch"|"o8e#n8-#tU3zh-VmATfw"
"audreanne.kahen@edu.tbz.ch"|"TQGsSD-QOHdGY-@xBXZx"
"maiwenn.lasty@edu.tbz.ch"|"ErQWar-aZFNzC-Cn0K6k"
"yu.dictus@edu.tbz.ch"|"5Hl5GJ-CtAsia-u0qDOb"
"anae.dukes@edu.tbz.ch"|"FgmxYE-1fgjjf-40rv62"
"yenora.warr@edu.tbz.ch"|"t@f215-Y3$M$3-TKNnWY"
"esbjoern.archibold@edu.tbz.ch"|"PfK%4I-cP1#Lf-0$X42#"
"milena.pardal@edu.tbz.ch"|"kpK@zR-Go1Xcg-R%3HsF"
"celestine.graveston@edu.tbz.ch"|"x&tYQt-4hPbcC-n%fqg7"
"maena.dallas@edu.tbz.ch"|"funp#e-GYXK@e-FU$39%"
"andree.tuke@edu.tbz.ch"|"I3gxxN-3rGmVN-3&QfGX"
"methode.seldner@edu.tbz.ch"|"EdxICb-CQ%DwJ-7NfP54"
"venus.bullas@edu.tbz.ch"|"MOSAe1-4NrlQD-GGpcYW"
"mans.aguirrezabal@edu.tbz.ch"|"0Eo5Fr-LuvRgo-hU6OYp"
"gaelle.eadington@edu.tbz.ch"|"4CEfM0-m@zejd-u8tKvE"
"anaelle.falkner@edu.tbz.ch"|"vWdQCg-lWuU51-LEvOD6"
"ophelie.height@edu.tbz.ch"|"db$m5T-l5FQY8-SV56d3"
"marten.bolding@edu.tbz.ch"|"m1yf0O-ReVA3%-@9nUs7"
"pelagie.guswell@edu.tbz.ch"|"w4&BIo-mOJCcr-$oI$8w"
"gwenaelle.lecount@edu.tbz.ch"|"6gt2PG-FyE&34-1iafLr"
"hakan.laden@edu.tbz.ch"|"vHAEtt-k63Wbr-ZmfU0B"
"marie-josee.hylands@edu.tbz.ch"|"CuM7$h-bLEM1G-Api95l"
"zoe.kingshott@edu.tbz.ch"|"CE$1cW-K5smk7-2@DlnE"
"josee.janous@edu.tbz.ch"|"cI9JUP-0fOkxF-1#P5Ec"
"laurene.gallally@edu.tbz.ch"|"zo1gNE-yFp2dZ-$lOQWQ"
"anael.bickle@edu.tbz.ch"|"0MqEjL-QYj3i%-M05JJl"
"mediamass.lebbern@edu.tbz.ch"|"tHVow2-h8lBB7-$@S2X4"
"berengere.hovy@edu.tbz.ch"|"TNYpLC-pcF61B-FU52Kc"
"oerjan.kilmurray@edu.tbz.ch"|"M$5Bda-PE2OBQ-K8mEze"
"asloeg.venny@edu.tbz.ch"|"ZVYcrd-vKa1t&-vLV%$L"
"marie-noel.stoad@edu.tbz.ch"|"pt0#sF-ykaQ&O-xt1$Z&"
"hakan.pettifor@edu.tbz.ch"|"7unW4Z-IpyVIa-KFsCgz"
"maella.willgrass@edu.tbz.ch"|"B&3Ayb-6I87Y4-LsT2d$"
"therese.ludovici@edu.tbz.ch"|"lVbSp7-DnLEH2-1vKOmE"
"stephanie.trewhitt@edu.tbz.ch"|"L0Ftff-&EVRHI-OP0DAs"
"maerta.bauduccio@edu.tbz.ch"|"VcYmut-c8g@ed-ICskbK"
"gaetane.glaisner@edu.tbz.ch"|"ci3Q9A-LbzjEC-$ngFg1"
"naeva.pargeter@edu.tbz.ch"|"YiGqRm-WhCNmN-WJE$Vp"
"salome.venable@edu.tbz.ch"|"PCDLA$-yVRtG9-Vh9dOi"
"boerje.thickett@edu.tbz.ch"|"RGnr@m-x6AoTq-WlP3xe"
"lucrece.prendergrass@edu.tbz.ch"|"mDkYSm-RMFxsp-Tvh&r5"
"laurene.ockleshaw@edu.tbz.ch"|"hqQ$3T-#Si8dh-UV#Nj3"
"cecilia.pasticznyk@edu.tbz.ch"|"hovKg1-wsNOGV-VcGHay"
"stevina.mackey@edu.tbz.ch"|"4Py#xW-5FRv1M-2pITGV"
"marie-noel.reven@edu.tbz.ch"|"d99$Pb-hHU0xE-ENlUJO"
"melina.quilkin@edu.tbz.ch"|"v@hTmG-Cdbw8t-CLskEE"
"marie-noel.ferrie@edu.tbz.ch"|"%UpB&y-8ka79H-45A#vA"
"leone.alphege@edu.tbz.ch"|"JYZTHE-qqp44#-QTO8M0"
"zoe.leverson@edu.tbz.ch"|"jk#3@y-ek0BsD-6Hfc1t"
"annotes.grayne@edu.tbz.ch"|"p$7nG@-YRTapS-U5qQze"
"faites.lalley@edu.tbz.ch"|"pk555@-uXGY3k-w6qzXq"
"adele.wallis@edu.tbz.ch"|"88MNNM-dE2%rA-%DYEh9"
"severine.madill@edu.tbz.ch"|"tXtdru-c%Lbw#-f5Erof"
"valerie.tebb@edu.tbz.ch"|"DxgN%2-0D6JxM-x8@vp7"
"kalliste.rasper@edu.tbz.ch"|"MRE0pR-uKuYVZ-yzb0Yc"
"audreanne.palomba@edu.tbz.ch"|"LbeMip-TXsO03-j#RQN4"
"elea.adamik@edu.tbz.ch"|"8xt@iY-1pSpd7-603GYi"
"reserves.jakuszewski@edu.tbz.ch"|"Ozdiyb-4pfsin-mPVliN"
"athena.belhomme@edu.tbz.ch"|"jwPL7c-#vpi4x-chOZ7Q"
"rebecca.crippin@edu.tbz.ch"|"h%R&nu-78rJrB-QC4oV3"
"maiwenn.curman@edu.tbz.ch"|"7ZuuXQ-6DkuK$-jaOMCL"
"andree.bunner@edu.tbz.ch"|"uMdGJx-vuXgh&-gJHib0"
"ruo.winckles@edu.tbz.ch"|"YkLvzR-mIBe8x-UxSnCI"
"naeva.buntine@edu.tbz.ch"|"7H6#J3-QrBF8p-UqyF#Z"
"boerje.dollard@edu.tbz.ch"|"C9wwx0-x7oaMC-SC@Z8f"
"penelope.gorman@edu.tbz.ch"|"1gkR0r-EQ$OW5-jzqzIh"
"alois.robelin@edu.tbz.ch"|"8Ng6VK-ozzZOa-bdKjto"
"anaelle.tindle@edu.tbz.ch"|"O$&Aad-QgT847-TAkVZ8"
"ye.frears@edu.tbz.ch"|"C8e8gh-Y2ktAt-AzquWt"
"andree.ovid@edu.tbz.ch"|"hwMt9d-B&c#wL-Ow942X"
"hakan.peat@edu.tbz.ch"|"blRckQ-aBBx5V-Sm1wrT"
"andre.januszewski@edu.tbz.ch"|"sLQGq0-6w$QZF-%o6LlH"
"annotes.clemmett@edu.tbz.ch"|"y8uAGJ-LMJcCV-m8l1Cz"
"pal.lambswood@edu.tbz.ch"|"j4ls9X-9G5$I@-3%kpCV"
"yao.lenton@edu.tbz.ch"|"5V0tR9-ib8OOD-Z1$Vc%"
"hakan.boyton@edu.tbz.ch"|"Dn0B#I-3DG$%t-cCgFNc"
"nelie.forsey@edu.tbz.ch"|"A8dYga-AKN&lp-wT4w8U"
"hakan.horche@edu.tbz.ch"|"Eg#Rei-i%EWqa-Ay%F2t"
"lorene.sinkings@edu.tbz.ch"|"jc83oi-358N6X-yaNPsD"
"marie-therese.creddon@edu.tbz.ch"|"xBU#9x-u1iui2-moDrmn"
"berenice.tolworthy@edu.tbz.ch"|"MoqfRI-39kgUV-Q64c1v"
"theresa.land@edu.tbz.ch"|"7R4rGg-#hKLPx-d4xqeU"
"marie-therese.gianilli@edu.tbz.ch"|"#&XGQ8-#VOhfM-n6kYRd"
"meryl.glew@edu.tbz.ch"|"FWiW3s-LICMMk-4SDSb0"
"adele.debling@edu.tbz.ch"|"oezVc2-ZaJn&M-n4xU6v"
"anae.metzke@edu.tbz.ch"|"0fv1kZ-3F44zw-gERlJr"
"gaetane.gooden@edu.tbz.ch"|"AqB1C0-Dndvho-6v3VhI"
"laila.bootland@edu.tbz.ch"|"OJIGEj-Lu8mXi-bRKAPD"
"maite.helsdon@edu.tbz.ch"|"kB#6bo-BNnGyZ-49&otM"
"andree.malley@edu.tbz.ch"|"&ImvEO-ACAgh%-0sg6n#"
"pal.simmens@edu.tbz.ch"|"2ZqVqA-0wJpxO-wUET9a"
"maelys.nuccitelli@edu.tbz.ch"|"FwxmYt-19Kg38-#P%4#o"
"dafnee.sibary@edu.tbz.ch"|"zxLa1X-LanQFn-#Qxh4R"
"alois.harsnep@edu.tbz.ch"|"7v@IqF-XXEjTW-Mk@7QK"
"marie-helene.lacky@edu.tbz.ch"|"7Ptzu6-qO#W&O-OFiGnB"
"mylene.youthed@edu.tbz.ch"|"@z4tIc-TY4KUv-a9UweY"
"marie-helene.dehmel@edu.tbz.ch"|"Szcbeh-3Dm0Le-wDp9oX"
"angele.batman@edu.tbz.ch"|"p8R05k-ut$YtY-9V9WLI"
"melia.younghusband@edu.tbz.ch"|"Ei2k@v-HPA2Ov-CCFc0D"
"eloise.baldi@edu.tbz.ch"|"I42LMY-p796gK-joaA5a"
"illustree.dun@edu.tbz.ch"|"%2PLOL-ak@XAP-5xJnVq"
"genevieve.late@edu.tbz.ch"|"XpPEXL-BqvZwM-aWJ77T"
"celestine.colville@edu.tbz.ch"|"QGn1Nq-On#6HL-FnwOFQ"
"gwenaelle.scarlon@edu.tbz.ch"|"VJYS1G-IPu&gR-TdYgS3"
"regine.boddie@edu.tbz.ch"|"XZ5h0$-wPKFq7-jO$tTa"
"creez.gaughan@edu.tbz.ch"|"U5B7Px-16JEY0-SfzoXf"
"gaia.longford@edu.tbz.ch"|"QLzz@G-1NiM#Z-@EnEMy"
"mailis.buckby@edu.tbz.ch"|"zhzqKm-GMIsvn-HVbWNk"
"song.parbrook@edu.tbz.ch"|"U4hv#U-$hlZvp-OXnWZj"
"frederique.heddan@edu.tbz.ch"|"4vSD8D-MF9m0R-COL6LH"
"ake.kirtlan@edu.tbz.ch"|"HtmN5I-@ZGO18-23UeAe"
"nelie.runciman@edu.tbz.ch"|"pPiCPK-Cx9UYh-by7dvv"
"mailis.cardnell@edu.tbz.ch"|"pwb8qY-5eY@G7-R0u$oX"
"irene.navarro@edu.tbz.ch"|"eaDqkM-6G4bYe-2KwnnT"
"maite.cough@edu.tbz.ch"|"E7JlCA-B5YTAD-wS$B@z"
"anaelle.stocky@edu.tbz.ch"|"@c@mOv-xX5FZD-H40$Pc"
"methode.moulder@edu.tbz.ch"|"C0mbTe-%A#gU#-gL0ldO"
"po.stafford@edu.tbz.ch"|"9SPiJB-DhpZUH-mI7E3&"
"faites.scraggs@edu.tbz.ch"|"pqLPhz-f3h#MG-u0Sa#I"
"adelaide.dullard@edu.tbz.ch"|"$JIzYF-yPtr7t-G@uEFz"
"desiree.leonard@edu.tbz.ch"|"0IwChO-dkx%rE-XjRpB1"
"geraldine.badgers@edu.tbz.ch"|"ijMktp-ZArnFV-6&9fX7"
"ruo.masic@edu.tbz.ch"|"Wcvdow-bzJz53-2OAbVm"
"aurelie.lieber@edu.tbz.ch"|"1gFO0K-HSOkwZ-VyGvom"
"naelle.balcock@edu.tbz.ch"|"Sv6pLi-1TGvNr-l3wwWS"
"camelia.elger@edu.tbz.ch"|"ZXl9Rc-5zTsOz-XFhh#c"
"publicite.oakeshott@edu.tbz.ch"|"IcXVyl-C3EUT#-#Lg1Pu"
"cleopatre.fawley@edu.tbz.ch"|"Tw4ypf-rLh9uZ-nC37tt"
"laurene.bruckmann@edu.tbz.ch"|"k7t8Jw-Om88Rn-&e6P@u"
"rui.haughton@edu.tbz.ch"|"EJgODZ-u3VbPz-4D0O4V"
"asa.ladewig@edu.tbz.ch"|"rPmcwW-ns2Mzf-e#r@dX"
"gisele.janecek@edu.tbz.ch"|"M9C&Yo-Vg$Flp-98oUuK"
"maily.loveridge@edu.tbz.ch"|"vFBw3a-#HajOF-XgEf6J"
"marie-eve.yurkiewicz@edu.tbz.ch"|"qsMurK-Aq0GjS-7uwS62"
"fei.roder@edu.tbz.ch"|"$t8x1B-a686gK-pJyLOL"
"edmee.chatburn@edu.tbz.ch"|"adcICq-IXF5dB-xHjwnq"
"geraldine.darke@edu.tbz.ch"|"17@m0R-%xW7NK-YnHrYr"
"ye.jira@edu.tbz.ch"|"%uBOZc-&rstj5-Rq5RfA"
"publicite.persent@edu.tbz.ch"|"a@hnsT-rLM0tU-kvAV9d"
"severine.wilcox@edu.tbz.ch"|"y85FnP-f9W9pu-kv&hmD"
"yao.mcclaren@edu.tbz.ch"|"4dl6y6-JghUET-X#ZLDo"
"theresa.foynes@edu.tbz.ch"|"$jYR3U-IsSNRu-S48X6J"
"stephanie.isley@edu.tbz.ch"|"nwAZyz-nI&Bgz-s#qQyH"
"torbjoern.growy@edu.tbz.ch"|"VfSOXr-VOd58E-MWDQC6"
"eloise.tunnadine@edu.tbz.ch"|"5l7bZ8-8ZMbxs-w4OQTB"
"maeline.cossentine@edu.tbz.ch"|"lf1KRa-R#%#AE-N@rVII"
"nelie.desantos@edu.tbz.ch"|"uq@X7M-jbiTmG-$5p&hS"
"gaetane.axston@edu.tbz.ch"|"Ml%d5P-YExXtn-e@p5O#"
"aimee.merman@edu.tbz.ch"|"mYIbFx-#Ung50-uA1APM"
"oerjan.drivers@edu.tbz.ch"|"2EtSAD-3GELiZ-3Fv3p4"
"aimee.miroy@edu.tbz.ch"|"26Fo$O-rDkTDh-XbqIs0"
"nelie.glyde@edu.tbz.ch"|"UoEkD$-4EegDW-xwnR3m"
"hakan.kapelhof@edu.tbz.ch"|"iPEFT$-JxYOTt-KzJsom"
"maelyss.cauley@edu.tbz.ch"|"ZAAyHK-4M2xqt-H4MPYP"
"elea.vaggs@edu.tbz.ch"|"MWjoZh-7anrq%-2URjY9"
"maelys.but@edu.tbz.ch"|"ti6j19-911jFV-6@6E@e"
"maella.arthurs@edu.tbz.ch"|"MRAN%u-8H@1Mh-NHRSmg"
"adele.liebrecht@edu.tbz.ch"|"nuDn&s-KT0IKh-%fQMaH"
"meline.lomasny@edu.tbz.ch"|"Jls4oz-@AGxax-#cvhkn"
"mediamass.schwant@edu.tbz.ch"|"iei%J#-#W63Ep-%h8Bsr"
"leone.saunt@edu.tbz.ch"|"NdqBjV-RxLF2j-JHkSaG"
"annotes.gouch@edu.tbz.ch"|"STaY6F-M#sAw5-FIaFDz"
"gaetane.bowich@edu.tbz.ch"|"1znjfV-KszAVz-wDyPJl"
"alizee.strelitzki@edu.tbz.ch"|"qxH5i1-v0jLqO-uREZu$"
"leone.poile@edu.tbz.ch"|"CT6P8t-Ltnroi-0q9y0N"
"amelie.saban@edu.tbz.ch"|"glwWts-SPKMmJ-&FZBQj"
"marten.mcmenamin@edu.tbz.ch"|"Qepcgr-aJFaIE-rFpjBW"
"becassine.keets@edu.tbz.ch"|"uU$bmz-27s8aq-qycFPE"
"celine.million@edu.tbz.ch"|"4mw17S-NhLs%u-@Rs@Az"
"geraldine.belitz@edu.tbz.ch"|"v4KaO$-o6xrE8-8ETbtt"
"salome.mardling@edu.tbz.ch"|"tPezvE-z56Qzi-6e7TgX"
"melia.blakemore@edu.tbz.ch"|"EGFnQA-gVLjYz-DUd5Ag"
"dafnee.mcaulay@edu.tbz.ch"|"vTarS4-nK3DNt-sFaP6s"
"garcon.dennett@edu.tbz.ch"|"xVes8T-akTmX$-ltgKev"
"interessant.lesor@edu.tbz.ch"|"Jx5Ktt-5%zzg7-&$@BKD"
"annotee.wasbrough@edu.tbz.ch"|"HhOYC1-NBvAxm-3YwLWi"
"asa.ibbeson@edu.tbz.ch"|"ZlYztx-HIg5EN-U8hIdp"
"maily.kennealy@edu.tbz.ch"|"#xIZWw-Watwr1-6RvWTT"
"ye.seares@edu.tbz.ch"|"0cakj@-PhAX9p-27l&3w"
"athena.harbron@edu.tbz.ch"|"RlK3&y-&v$dO9-u%@DkR"
"andreanne.portail@edu.tbz.ch"|"veANs$-i1KFYH-JC6D%X"
"goeran.zannelli@edu.tbz.ch"|"juzDNO-fyTF7S-VKPwCt"
"gerald.leathlay@edu.tbz.ch"|"6cx@C4-X4xnX5-451Daf"
"andreanne.chown@edu.tbz.ch"|"Q@R09#-$qAGJI-ImLkgT"
"esteve.clementel@edu.tbz.ch"|"YR9cOY-TJ5mE7-84EAJl"
"leone.legan@edu.tbz.ch"|"yz26RA-9@%kpy-zQvXOP"
"maena.pownall@edu.tbz.ch"|"C$qh4Y-DZ7lub-qb$gbB"
"andree.rettie@edu.tbz.ch"|"E$4tKX-otM1yZ-QEepbL"
"ines.kenwrick@edu.tbz.ch"|"aiWLth-i@xlLp-kemnaJ"
"marie-helene.yarnall@edu.tbz.ch"|"XEmHfZ-uPAt0p-QzSYaY"
"po.martin@edu.tbz.ch"|"UiHld5-&z74UA-lhvkyA"
"ruo.celiz@edu.tbz.ch"|"Q2fJE0-p7SO@g-jOcR49"
"po.bissett@edu.tbz.ch"|"QHJHPc-Lr7tKR-sK%6Vl"
"du.swindon@edu.tbz.ch"|"gBeFWr-KKv5zm-hMoWCe"
"interessant.gouldthorp@edu.tbz.ch"|"dsBLks-oLLX0K-tLBmTf"
"leandre.lilburn@edu.tbz.ch"|"9lJ$LZ-587$Gf-BXB@d6"
"bjoern.whales@edu.tbz.ch"|"W%Cdza-Qxu%X5-@Qbavq"
"interessant.dieton@edu.tbz.ch"|"n7bFLi-ED0ELc-vUQ0kr"
"celestine.redhills@edu.tbz.ch"|"zeuMXV-ylpeuS-e%0Dk9"
"tan.yakovlev@edu.tbz.ch"|"uC8@A0-&ru#Ka-RjNDD9"
"regine.mcdowell@edu.tbz.ch"|"HN@0Av-Qz9HUE-iIlR9#"
"ju.coysh@edu.tbz.ch"|"xCc2bd-XTCLfY-iQ$Sui"
"reserves.ofallon@edu.tbz.ch"|"RPu%Lc-#istqT-nRJFMT"
"frederique.sobey@edu.tbz.ch"|"N&ga&o-9xcDsw-dSTwAE"
"marie-eve.garstang@edu.tbz.ch"|"Ii7@kB-z&HOpF-j5j%Sh"
"andre.tapin@edu.tbz.ch"|"UxsRp5-pJu7ik-W&BmN&"
"esbjoern.eynon@edu.tbz.ch"|"Sfqb7i-7eD299-lDWA3T"
"maella.duffy@edu.tbz.ch"|"R7UPlY-5UJP@6-rGHaS#"
"leandre.twinning@edu.tbz.ch"|"HzUg$s-lgIuaR-SCIDcB"
"mai.whittingham@edu.tbz.ch"|"wuW87S-bkQWuf-yNN##5"
"rachele.shevelin@edu.tbz.ch"|"vnFC&8-KzmYfu-ObkVp6"
"cecile.mcure@edu.tbz.ch"|"s8#xp1-pli&qp-BNTlNt"
"marie-eve.yurkevich@edu.tbz.ch"|"UGChCf-ehpT&X-kADyEV"
"almerinda.paice@edu.tbz.ch"|"noBy2q-miX&Qa-yY&zCu"
"rao.howkins@edu.tbz.ch"|"T1CzpL-G%SDo&-cEnsi0"
"serena.pack@edu.tbz.ch"|"7UbRNv-L4X2Ys-vHz8#j"
"rebecca.mant@edu.tbz.ch"|"T97KUc-qsk6bW-ii@R2P"
"reserves.spitell@edu.tbz.ch"|"hrRhY@-zOHmZk-4BRNOc"
"garcon.hamfleet@edu.tbz.ch"|"O#VsLr-RMYp3T-3kuFqJ"
"methode.kerkham@edu.tbz.ch"|"7mj1#p-yuEp7j-R7ohzr"
"pelagie.camies@edu.tbz.ch"|"RmsCwZ-pVjuRY-fqO&dT"
"josephine.macpharlain@edu.tbz.ch"|"6$HPMf-tgS$3x-IAv@&x"
"eugenie.mathet@edu.tbz.ch"|"J9Oq9W-TiC@bj-OMoXe$"
"gaetane.brangan@edu.tbz.ch"|"$i##mG-MLF6Sr-M7BW4p"
"michele.dewbury@edu.tbz.ch"|"gmiFO7-Sqc6QM-W@dECx"
"eugenie.elcott@edu.tbz.ch"|"H7cJPB-JqLnnC-SEoEye"
"megane.harniman@edu.tbz.ch"|"c6qoVW-rnZTlJ-dUrEv&"
"agnes.cluney@edu.tbz.ch"|"&YVEFY-oT&KOH-Ar$Nn@"
"marie-helene.angear@edu.tbz.ch"|"sBGskj-4xU32O-rh0DjI"
"melia.dolphin@edu.tbz.ch"|"2RN@gD-M&ryRi-04N7TK"
"lois.ruseworth@edu.tbz.ch"|"mA4gw%-r26nbY-6e7kL9"
"mailys.ryding@edu.tbz.ch"|"XZp@dF-n1CVOz-jENNS4"
"rachele.wulfinger@edu.tbz.ch"|"RJt9oS-GdfeDf-IsQ7YG"
"gwenaelle.talton@edu.tbz.ch"|"QpjAyn-fGc&e@-A#aoCk"
"long.ronchetti@edu.tbz.ch"|"EL9NES-EEtats-iCff$X"
"styrbjoern.kloska@edu.tbz.ch"|"Hunciw-JS$pVn-WYB39f"
"len.sudran@edu.tbz.ch"|"&Q8VTY-Kd4eky-fvWxgN"
"maelle.andrysek@edu.tbz.ch"|"MvUAmB-AE%vO4-9IoYuM"
"selene.senior@edu.tbz.ch"|"fY6awY-UiCHO#-X9bQqb"
"anais.joskovitch@edu.tbz.ch"|"$7Od##-T#TXJH-KHDhGr"
"marie-noel.dally@edu.tbz.ch"|"qWvRR&-nYnxZc-r836D&"
"marie-helene.laurence@edu.tbz.ch"|"#b$8oC-OW3xze-Bj2sXJ"
"camelia.foxon@edu.tbz.ch"|"ZIxT5r-##pKr#-bdQ8pM"
"helene.cankett@edu.tbz.ch"|"F@ffm#-Fs5%rt-3TSm7B"
"marten.mitchelson@edu.tbz.ch"|"u8YI$m-cG7n00-Z7wx$s"
"helena.stirtle@edu.tbz.ch"|"sdG1n5-4PQsGb-9B0tf2"
"leane.barmby@edu.tbz.ch"|"0$gdPx-sf7JUO-VApMVk"
"goeran.ofinan@edu.tbz.ch"|"MrF#tQ-Hzedgs-Wt9x1#"
"styrbjoern.proby@edu.tbz.ch"|"uUBgyf-YVsGc5-D0cqQD"
"zoe.halse@edu.tbz.ch"|"XY%VZo-GK1UZV-GCvUzo"
"kui.drable@edu.tbz.ch"|"PaMedR-XAXPRH-2cB8AP"
"desiree.bamford@edu.tbz.ch"|"qp9Yq0-rzoOsT-kMPtqL"
"zoe.suller@edu.tbz.ch"|"oz@Q7p-LUqSDp-a$#5pp"
"marylene.audiss@edu.tbz.ch"|"0u8DL8-%51pm&-g4YX#6"
"adelaide.poznanski@edu.tbz.ch"|"bWkzr$-LzsVAX-gz4bfp"
"maella.coleyshaw@edu.tbz.ch"|"sWom@X-ScxBAi-FVjSLd"
"marie-francoise.gelder@edu.tbz.ch"|"$t80Zx-j5bo&P-79$Rf%"
"eleonore.chaffyn@edu.tbz.ch"|"v#wqQ0-o95l2a-v%g@ge"
"celestine.sikorsky@edu.tbz.ch"|"SZH4MP-9ZEVRD-VJ2mdv"
"stevina.londsdale@edu.tbz.ch"|"7zq#Fo-X$DiKR-fTjzav"
"maiwenn.nevitt@edu.tbz.ch"|"m13jvm-hmmZ%K-pOaLe&"
"magdalene.gerrey@edu.tbz.ch"|"p7@1DO-1lGa%2-Y%p98n"
"becassine.latimer@edu.tbz.ch"|"7oqIJ8-u#t0Zs-VfIFxW"
"da.lethibridge@edu.tbz.ch"|"IA1JZM-VfJPgi-mfLAtY"
"mailys.claige@edu.tbz.ch"|"E8@nZb-LM@56D-5E#fWQ"
"maena.torbard@edu.tbz.ch"|"BixZ5V-iItXM9-%bm94B"
"solene.lyvon@edu.tbz.ch"|"QBGovE-wsNJZ&-Iydq5U"
"marie-therese.benbrick@edu.tbz.ch"|"ey5V7w-Yzt3F1-iy%TOt"
"gerald.edmonson@edu.tbz.ch"|"DKnInT-gfai4W-BKL5ER"
"ake.messruther@edu.tbz.ch"|"Vdjfrz-mEX0o9-XnlbUy"
"men.gosneye@edu.tbz.ch"|"C9n8ZQ-Dg1qR6-1kMcFh"
"anais.jefferys@edu.tbz.ch"|"LOx6&B-H7$hc3-vvkHd#"
"publicite.tregale@edu.tbz.ch"|"qy&2&A-S42J1P-mkVkGW"
"maily.santorini@edu.tbz.ch"|"%8ulVO-YrU1lK-WhL$yf"
"ines.pioch@edu.tbz.ch"|"5cDM#4-2LD&9A-FX1tZ@"
"noemie.marklew@edu.tbz.ch"|"4RbZmP-CdaMSq-QoF8En"
"meghane.maccaffrey@edu.tbz.ch"|"P5x#ha-VG5sVg-GDij$K"
"berangere.ambrogio@edu.tbz.ch"|"t4qWEs-NA3oA9-o8XwII"
"mediamass.ryce@edu.tbz.ch"|"qVwZbV-yz@ccW-q@XtRz"
"oesten.ubank@edu.tbz.ch"|"aB9aH4-bXLvLU-5lxP%Z"
"melina.mackee@edu.tbz.ch"|"2owyRC-tvZeZz-@5KK8y"
"theresa.livezey@edu.tbz.ch"|"$0miE$-eOIGYi-@&D&PK"
"clemence.weal@edu.tbz.ch"|"&im268-ozwWGo-evpbgg"
"faites.overton@edu.tbz.ch"|"qS&SS&-nSz&Qc-4ftylQ"
"clea.lindblad@edu.tbz.ch"|"jdAsU#-MuKzp6-UKs7tE"
"josephine.roseaman@edu.tbz.ch"|"Ws%6Vp-JfFynR-Bvltza"
"oesten.lowbridge@edu.tbz.ch"|"6zQAFF-8@aTzU-ykV#U8"
"marie-josee.brion@edu.tbz.ch"|"PGDOr&-yYN7YL-IINgCP"
"therese.basili@edu.tbz.ch"|"GbN%Pk-kkWr4G-&vTQqD"
"melia.vertigan@edu.tbz.ch"|"CDClZy-$OCDJO-VO859H"
"judicael.saull@edu.tbz.ch"|"3Dib7U-806x@#-i%EyWL"
"selene.valentine@edu.tbz.ch"|"35$kEH-lB3609-#icqae"
"verane.dunlap@edu.tbz.ch"|"z%%yP9-3WAZiE-&4hJ8e"
"meline.kinnear@edu.tbz.ch"|"#V293R-EsmdhJ-zYa$1e"
"lei.luttgert@edu.tbz.ch"|"q17t7E-4o1#Qd-GYFyHo"
"styrbjoern.lathleiffure@edu.tbz.ch"|"8fLTB%-62Ffma-aVqhkH"
"marlene.blasi@edu.tbz.ch"|"5ltlgz-TrxZK0-yeZks5"
"mai.begwell@edu.tbz.ch"|"f6y&H&-MW8%zi-8VLYHZ"
"gwenaelle.kaines@edu.tbz.ch"|"qWTuXd-a$qyXE-gtLmu6"
"gerald.adamthwaite@edu.tbz.ch"|"$vMkfH-6yU$q8-EmJApV"
"kui.hartfield@edu.tbz.ch"|"89mKlx-5UEuFI-mO%syq"
"salome.currao@edu.tbz.ch"|"fCfeSX-ISVBRm-J4GtzG"
"angelique.tixier@edu.tbz.ch"|"p5duaL-ne5#gK-W8mU7e"
"ju.mcgragh@edu.tbz.ch"|"fF2xlv-l4xLMP-WQdt5e"
"dafnee.beachem@edu.tbz.ch"|"9jtxIT-KaLZ%&-8PE0qt"
"creez.terlinden@edu.tbz.ch"|"q#e$kY-PLAc0a-UxgVlZ"
"uo.mcskeagan@edu.tbz.ch"|"&wtOgl-kFoqs3-juMlKG"
"edmee.mccaughren@edu.tbz.ch"|"SkVr#u-viY2a#-pQRoPY"
"asloeg.cozby@edu.tbz.ch"|"JLPAPD-4PIuSN-EN4y1#"
"melodie.traite@edu.tbz.ch"|"JVXCUY-%mRNit-cRWJev"
"dorothee.aindriu@edu.tbz.ch"|"2auLb%-kmuzeY-9U6Uj7"
"daniele.doley@edu.tbz.ch"|"RtUq5d-bYD2Ju-BX@#X%"
"mediamass.fairclough@edu.tbz.ch"|"6gtvwh-mCRYNd-Gdxrf0"
"lorene.rainforth@edu.tbz.ch"|"PVop6q-7A0r@O-$@E$mq"
"leonore.eyer@edu.tbz.ch"|"7ja7GN-A8H5nt-&teLL%"
"po.spillman@edu.tbz.ch"|"%CNoO%-Rv0F0x-51m91%"
"cecilia.plitz@edu.tbz.ch"|"cb&NLo-mrNXC#-SDT59S"
"lorene.ludlow@edu.tbz.ch"|"JvXKbh-rfAVB5-Wb7Pno"
"berangere.neligan@edu.tbz.ch"|"QG#lGx-JP6iLG-aY94Ns"
"simplifies.huggan@edu.tbz.ch"|"SDhFQ9-$GTo3o-#dnGu%"
"clelia.prandy@edu.tbz.ch"|"%c7EEf-vkJ%Jq-Iw6U3O"
"ake.osban@edu.tbz.ch"|"64h%n$-Xow0M4-5Cy5wp"
"cunegonde.brunn@edu.tbz.ch"|"QtLwR2-n7us0R-tRkNog"
"long.grizard@edu.tbz.ch"|"ZzsNG1-Y7AYgu-dk@aQ7"
"meghane.diss@edu.tbz.ch"|"Ca%D0H-hCLa$f-39vE87"
"therese.oldman@edu.tbz.ch"|"9Rqd1s-6kjYHQ-ryFIK1"
"boerje.scamerdine@edu.tbz.ch"|"R2e8jH-KI@1X9-TVwdCO"
"du.saban@edu.tbz.ch"|"QnDtJ8-@iK%tl-sveAqQ"
"hakan.clynmans@edu.tbz.ch"|"YkHvu6-cBWfg&-vKS@Wk"
"wa.macdowal@edu.tbz.ch"|"u6PNyL-3q9H4T-JHLYDT"
"venus.hatrey@edu.tbz.ch"|"7zwE2P-hzU1P0-NE17Xi"
"anaelle.vispo@edu.tbz.ch"|"RKynZj-OoEiWH-@oJJLr"
"mahelie.ollcott@edu.tbz.ch"|"#RdWPJ-0i4kc&-vKCDef"
"mediamass.whyman@edu.tbz.ch"|"RW6ykp-E3NyZO-LwhjiN"
"esbjoern.basson@edu.tbz.ch"|"U%#dsZ-gmrD9d-cvM$YY"
"andrea.morrill@edu.tbz.ch"|"9uMubK-WAxBzG-zCbgCv"
"melys.grassi@edu.tbz.ch"|"&p4s4s-PK5Lwx-zMICtO"
"leone.poleye@edu.tbz.ch"|"@rOSm0-rRDWmr-%s12kr"
"francoise.penny@edu.tbz.ch"|"vV1UeN-zDmRT0-Rdl3wv"
"rebecca.edney@edu.tbz.ch"|"HH1KKo-2@5$OC-q#YFVC"
"adelaide.murtagh@edu.tbz.ch"|"$s03hb-D3z2tn-SWuwZ@"
"stevina.winterbourne@edu.tbz.ch"|"UjtABj-PRjY%@-FbukaE"
"ma.cottom@edu.tbz.ch"|"bxsWVv-6reiY2-zN2e4L"
"tan.harold@edu.tbz.ch"|"QY$&lv-tSfWHq-ft2%%F"
"venus.forte@edu.tbz.ch"|"4nTQvJ-ezF689-h2Sjbs"
"almerinda.oluney@edu.tbz.ch"|"t@Sx4g-GdW@Tq-Ff9QbS"
"cleopatre.brehault@edu.tbz.ch"|"%&aEgd-PUvKbp-YN7fb2"
"interessant.lapides@edu.tbz.ch"|"H$p$rt-WCwsTG-UBxcKc"
"reserves.hallatt@edu.tbz.ch"|"vdyWsV-iPsrMa-Q0lAtC"
"annotes.birdwhistle@edu.tbz.ch"|"p0xDxc-uF9WPp-fO2D1p"
"ai.dredge@edu.tbz.ch"|"fMs1Xj-Ei%Td7-YN00SO"
"megane.mussard@edu.tbz.ch"|"9Xl5Dm-BFg8oN-iIIuGu"
"esbjoern.gowrich@edu.tbz.ch"|"fOIcQl-meh0yE-EUCJut"
"boerje.brislawn@edu.tbz.ch"|"v&h#nG-atQEEp-cQD0jW"
"becassine.wilce@edu.tbz.ch"|"m9RkuB-fun%k1-9izgPw"
"personnalisee.oels@edu.tbz.ch"|"Tt5I63-y8YNMQ-TaQAex"
"verane.pett@edu.tbz.ch"|"HCuP3h-lbto0B-POejyq"
"marylene.glewe@edu.tbz.ch"|"SFnmRH-4VAnKv-o9qDVY"
"lai.elson@edu.tbz.ch"|"rPUGid-w%Uq6h-ZUWtIa"
"serena.difranceschi@edu.tbz.ch"|"Y$TY0u-6u8M90-LtdZ%2"
"lie.espinel@edu.tbz.ch"|"Psu3ED-2o$TRA-mQpUK0"
"marylene.fantini@edu.tbz.ch"|"i4DJrC-7APG7O-DJ7cK2"
"andre.archdeckne@edu.tbz.ch"|"mpyvSk-GBrEpL-K6LHZg"
"goeran.bohlingolsen@edu.tbz.ch"|"D4sXtI-M2zGh0-lCE7gY"
"cunegonde.heffer@edu.tbz.ch"|"#Jw7tp-gQuarL-GPrhbD"
"tan.fechnie@edu.tbz.ch"|"E2fdYG-GGtizR-Kw93XO"
"marie-noel.brammar@edu.tbz.ch"|"X0zqsu-bR@0@p-baRBhU"
"simplifies.aven@edu.tbz.ch"|"KsHw3P-p&ajQJ-jF@j99"
"melys.pinchen@edu.tbz.ch"|"3@Havv-TLLqAv-2Y%XM9"
"edmee.joyner@edu.tbz.ch"|"Ekv#h@-N3BAZd-XZs4KY"
"berengere.edess@edu.tbz.ch"|"SHygrp-qzkveS-cyAUll"
"marie-noel.goward@edu.tbz.ch"|"sDe0&P-ZuWU11-IthUxZ"
"ju.edmons@edu.tbz.ch"|"Jyn%Kt-B3gTzp-1@cBjk"
"frederique.airds@edu.tbz.ch"|"ps4x$E-d7huNK-gSpv3I"
"reserves.dauby@edu.tbz.ch"|"5biIwn-wKiK2f-qEz8Kr"
"hakan.gynni@edu.tbz.ch"|"Rys$E4-@zCe1X-7dp8J9"
"leonore.pinwill@edu.tbz.ch"|"ZWOMt#-yyHihc-rXr@&w"
"marie-eve.mcallan@edu.tbz.ch"|"g3$RDa-T9urZr-8uhZce"
"naelle.yeabsley@edu.tbz.ch"|"0S6h%#-@jCDZk-qit1iZ"
"nelie.jacobovitz@edu.tbz.ch"|"JHXjkB-iJuJ#t-U0guAH"
"adele.conelly@edu.tbz.ch"|"#NbZdG-CjvJVM-cwyVNb"
"clementine.dondon@edu.tbz.ch"|"K&PXm3-lA6WJn-rl5z26"
"zhi.willcot@edu.tbz.ch"|"5LHlWB-8khQ4x-cw0g4y"
"chloe.janicki@edu.tbz.ch"|"05%pQn-LrI@DH-ak1a#n"
"meng.linde@edu.tbz.ch"|"0y8TqV-CvySf#-ZTQd0E"
"celine.janisson@edu.tbz.ch"|"Lb5Go5-gVtSjS-ZtLFYu"
"clelia.crow@edu.tbz.ch"|"DgT@Yb-#ZCWaA-Q$%loo"
"cecile.pyott@edu.tbz.ch"|"#4Ahzi-PLew#8-986i@O"
"ma.fidelus@edu.tbz.ch"|"vWho%Q-73siRf-pXdysF"
"marie-helene.poore@edu.tbz.ch"|"u&s@0i-C8&%e$-0@RtKX"
"elies.blanket@edu.tbz.ch"|"3ga2rw-YTZ5Hi-7Mtk0B"
"yu.boyer@edu.tbz.ch"|"TFfMz2-aN@88#-&&FtVo"
"celia.welds@edu.tbz.ch"|"KAqBYv-9kA5TM-Y#agIy"
"du.gunney@edu.tbz.ch"|"r98X42-4MO78#-%8dFfS"
"goerel.crush@edu.tbz.ch"|"Saw23x-kSL2YQ-CH@lsh"
"marie-josee.brosius@edu.tbz.ch"|"hO5dXm-@WFt0g-kig1Z3"
"camelia.adds@edu.tbz.ch"|"rQl5nA-MObCsP-Q16B6e"
"anae.irwin@edu.tbz.ch"|"&bu6Sq-o1uj8x-c#zPDB"
"cleopatre.skeffington@edu.tbz.ch"|"%#kdB9-%cgIJ4-z1VyXa"
"gerald.suggate@edu.tbz.ch"|"rkPKyN-$IccVj-MM$upa"
"laurene.tailour@edu.tbz.ch"|"eqX$IK-GdN@l%-M90xLl"
"amelie.hoble@edu.tbz.ch"|"bYCTRa-#76dIl-ciuTQU"
"venus.getch@edu.tbz.ch"|"@JjWfS-F%rc1E-n2yFkw"
"renee.treby@edu.tbz.ch"|"UxPOrW-M4ThnC-B6$68h"
"almerinda.stait@edu.tbz.ch"|"LsgS8T-%2xRqJ-8BETOQ"
"andree.reddecliffe@edu.tbz.ch"|"NLRZRB-$pGN#y-fj@qvO"
"leone.wintle@edu.tbz.ch"|"EXinoO-sVTrNa-lkaefx"
"gerald.fellow@edu.tbz.ch"|"XF#Wqv-DLHc#z-Jr0I8F"
"ju.gudger@edu.tbz.ch"|"bQnx9J-c27&zG-uVGdeW"
"meng.ohaire@edu.tbz.ch"|"Vm9y7z-BYK&uK-B7Arhr"
"cleopatre.missington@edu.tbz.ch"|"75tbJi-Je7INv-UI3VFQ"
"annotes.debruyn@edu.tbz.ch"|"57PVbC-%zStpN-HFSFxA"
"gerald.sinisbury@edu.tbz.ch"|"L%UO8E-qxthmw-DwFXMi"
"creez.slora@edu.tbz.ch"|"bzaSZe-PaX$pG-uhFoA3"
"gisele.benbow@edu.tbz.ch"|"o@fjSb-jl&z35-kiF7SY"
"pal.dossit@edu.tbz.ch"|"EgnPmI-&&R$1h-TklS14"
"nelie.stirrip@edu.tbz.ch"|"1dllkL-4o@in6-IzCZQi"
"alois.ocrigane@edu.tbz.ch"|"uAfQA0-NZdf8i-GvHT5#"
"kui.mcterry@edu.tbz.ch"|"b%OIaE-PaUUPC-Ogp4q0"
"long.willgoss@edu.tbz.ch"|"JxYLi7-PSFS%9-Gn@K4Q"
"francoise.sumpner@edu.tbz.ch"|"AP6ZWp-vz3SJa-oygAtG"
"maely.grinstead@edu.tbz.ch"|"0WHGEW-L9gmFL-qcoUgY"
"creez.langeren@edu.tbz.ch"|"OyaFYL-mQs@6a-SNsj8e"
"adele.dungate@edu.tbz.ch"|"h%NYLn-CRXAaR-CTtHm$"
"cleopatre.noirel@edu.tbz.ch"|"rRoijo-FrgBS1-qN&1E&"
"interessant.daverin@edu.tbz.ch"|"Z7oJHo-%IHqjS-tCnCXO"
"naeva.kalderon@edu.tbz.ch"|"ivGhDa-%2qDoh-9%F#IL"
"anais.oshesnan@edu.tbz.ch"|"rh8V7i-SQ781k-tFIV8F"
"judicael.anelay@edu.tbz.ch"|"EozSrv-&hrjDY-&4S$2%"
"eloise.braxton@edu.tbz.ch"|"5OTwK5-J1$BGW-VPoM6M"
"desiree.greguol@edu.tbz.ch"|"XWS5Ww-l1oOLG-tjLEnH"
"maite.mcclenaghan@edu.tbz.ch"|"k&BX$r-#$w7$O-hXmwJp"
"meng.doret@edu.tbz.ch"|"$n3R5m-ru1Zpv-E6p@&C"
"frederique.chippendale@edu.tbz.ch"|"ym8tmr-kvfOBN-gy#FIV"
"andreanne.lanney@edu.tbz.ch"|"mS2dgR-hJfSpr-O1NHsg"
"aurelie.claus@edu.tbz.ch"|"6Vawoy-im73Mz-sOzbGX"
"renee.pabel@edu.tbz.ch"|"4xijHq-nUvvif-N9uQ%c"
"maena.roust@edu.tbz.ch"|"fby8qt-eGUC#W-we2Mr%"
"nadege.carwithim@edu.tbz.ch"|"LS&LvX-iDEJpF-lgW7BL"
"solene.geyton@edu.tbz.ch"|"Vj8CE9-1SqEKL-4%cUHb"
"dafnee.avraham@edu.tbz.ch"|"tsBu4L-q6XDEV-pfsTeg"
"leane.woolvin@edu.tbz.ch"|"eaS@06-mmiM55-u9VKXY"
"adele.macadie@edu.tbz.ch"|"vFLEsB-brW6L%-9qqE6p"
"meline.rubica@edu.tbz.ch"|"zv4VPG-u0eJaX-uHYWdA"
"marie-noel.speeding@edu.tbz.ch"|"Tj2Q7L-0xBiJK-hjKUbH"
"nelie.mix@edu.tbz.ch"|"RvIO&1-FMXj1L-&uO81a"
"clea.ollett@edu.tbz.ch"|"VVGbEU-vG8&M6-hKKzOH"
"leandre.mcgavin@edu.tbz.ch"|"oJ%inB-RDur54-fw0R4A"
"cecile.behne@edu.tbz.ch"|"6pZ6y5-uwySbM-0wPa@B"
"melanie.polle@edu.tbz.ch"|"Ll11S6-OU2zch-tFgdIc"
"marie-josee.titmuss@edu.tbz.ch"|"HZQBrL-OofHKW-zcyguW"
"helena.guest@edu.tbz.ch"|"P$ull4-$NbV&l-bSDQR#"
"annotes.chicchetto@edu.tbz.ch"|"R3eps&-ZfPeRy-Ps42lm"
"melia.tubb@edu.tbz.ch"|"BPc4&g-ZuODv0-EGStrT"
"angelique.casetti@edu.tbz.ch"|"u9yRzj-jhTFY5-RGLcw2"
"cunegonde.cleall@edu.tbz.ch"|"BKBxLQ-94S1%t-LFsi9P"
"camelia.oaker@edu.tbz.ch"|"PfgiDg-hJqyNV-Ch@@4X"
"you.searight@edu.tbz.ch"|"Ycn6Df-@9xKPj-qD9eaM"
"kevina.dederick@edu.tbz.ch"|"9OhXls-WIVhji-2MDSLO"
"milena.jeffrey@edu.tbz.ch"|"F3Z8e@-$Vx7n@-mQ&w#N"
"melodie.barkshire@edu.tbz.ch"|"IgQdAD-Xd6#h2-stnT4m"
"gaelle.kreutzer@edu.tbz.ch"|"CTU6fZ-oFIxdU-TL04YZ"
"kalliste.kleinpeltz@edu.tbz.ch"|"WNAT7i-#op6iq-Ik%DqE"
"clementine.danat@edu.tbz.ch"|"@YrE2Q-@jo#lu-6TgVCZ"
"andrea.wabb@edu.tbz.ch"|"ugae8F-lCggHK-h@IqYX"
"geraldine.piesold@edu.tbz.ch"|"l$o9r2-K6Jx0Q-S%qSc5"
"tan.fiveash@edu.tbz.ch"|"Cc@7VB-P2p14$-@nc5Jq"
"meline.yuranovev@edu.tbz.ch"|"KWAMDK-FxZzLO-NOawDd"
"therese.holme@edu.tbz.ch"|"M4hfPi-D2s5$g-xsofpl"
"salome.vaney@edu.tbz.ch"|"iOBEUm-P3m1Z$-vZhQFE"
"anae.abramson@edu.tbz.ch"|"&i0PLA-2It6&N-$kC9oR"
"kalliste.jimson@edu.tbz.ch"|"EQ@elp-ZflF&q-T@zMU4"
"selene.yole@edu.tbz.ch"|"#DLSJo-zW#h$5-Tc1fNV"
"agnes.defraine@edu.tbz.ch"|"zHL#Z3-JnH%E#-NbF$bK"
"faites.mccluin@edu.tbz.ch"|"S#h0X@-ykStwS-LeOyj3"
"athena.deme@edu.tbz.ch"|"NYVYRl-8JNoWX-fwOWat"
"daphnee.brigstock@edu.tbz.ch"|"ZrTa#p-O456VE-yhdsUa"
"goesta.skaif@edu.tbz.ch"|"tD@M#$-pZlm#J-w4ojGo"
"oceane.jagoe@edu.tbz.ch"|"asKrII-FIvz0I-AnVCHM"
"annotes.broomhall@edu.tbz.ch"|"jI5hQY-#L$#MX-oMW5uX"
"marie-eve.ballendine@edu.tbz.ch"|"rwkC&0-rxBeuw-H8cWuq"
"melina.spykings@edu.tbz.ch"|"Pfn$p@-HE2dWe-t3kVXs"
"laurene.ticehurst@edu.tbz.ch"|"3dYwtu-v9CVyz-i0ekY8"
"fei.avramovic@edu.tbz.ch"|"wsRHn$-$tykTR-#KttZM"
"publicite.strathearn@edu.tbz.ch"|"EoyRYr-0I0Y$%-uBeqkW"
"torbjoern.garrow@edu.tbz.ch"|"TWlQ7k-IRVybF-&3XywZ"
"chloe.rubinsztein@edu.tbz.ch"|"y5D%zV-6vTjCq-GN2zxL"
"mylene.demanche@edu.tbz.ch"|"Bislb8-nepUq4-@oUQU&"
"mediamass.godlonton@edu.tbz.ch"|"TfaIsg-QdASxh-Yi4$Ag"
"renee.shurrocks@edu.tbz.ch"|"CABof6-r#aUmB-c1w@3i"
"maiwenn.jedras@edu.tbz.ch"|"7vjgk4-YSsZWw-WnNJng"
"genevieve.castells@edu.tbz.ch"|"#kd$@x-OymTq4-bVpP3x"
"renee.sneden@edu.tbz.ch"|"LO5AOg-l0mLDD-@GUIVD"
"lai.mccallion@edu.tbz.ch"|"qko5nc-jZVTN7-qQX7NV"
"kevina.impleton@edu.tbz.ch"|"Ks5vhV-tGoPGL-TX&MpM"
"oesten.fresson@edu.tbz.ch"|"7p0bZy-Jpu$g9-@vS8LA"
"verane.shawley@edu.tbz.ch"|"SvkQoB-2Rfx1&-d1S@1q"
"uo.sjostrom@edu.tbz.ch"|"6$srh7-27IrWs-d9Km8y"
"gisele.gothup@edu.tbz.ch"|"4UjGC%-n1h@YA-TmMHe@"
"renee.beauman@edu.tbz.ch"|"9PaVfI-7o0Wzn-Vgd&I4"
"elies.loton@edu.tbz.ch"|"LXlDpx-%8#fWI-xKrE5M"
"valerie.elsmore@edu.tbz.ch"|"D6NpGF-NzdRdB-Xvzv#E"
"berangere.delafeld@edu.tbz.ch"|"%yD3ci-J231@j-5tLH46"
"bjoern.schimke@edu.tbz.ch"|"kZQ&Lv-OjJkJn-FZzLqI"
"loic.ericssen@edu.tbz.ch"|"QWScly-P&T6C4-fh4IfI"
"creez.richarz@edu.tbz.ch"|"56nWKb-Lc0yTH-7@u8&9"
"athena.grocott@edu.tbz.ch"|"V46O%k-J4#AVz-b5wrbc"
"naelle.piotr@edu.tbz.ch"|"d4BOOl-OcmEZu-lQAno4"
"maella.paulson@edu.tbz.ch"|"9d5ptY-FganHy-6o@Sd5"
"song.perot@edu.tbz.ch"|"NXlbqM-s7VoAG-ih887M"
"kalliste.heckney@edu.tbz.ch"|"#GpI6@-gs$ub#-e77nHP"
"ake.vasyutkin@edu.tbz.ch"|"FoniP6-3XFDbe-XQkFZP"
"ma.castles@edu.tbz.ch"|"16KfK9-8hLfl9-y47hLQ"
"maely.monget@edu.tbz.ch"|"UfeNit-4kHbrt-4qpAcG"
"tang.durbridge@edu.tbz.ch"|"mJVSqR-apoQtr-s2hIE7"
"laurene.andrew@edu.tbz.ch"|"ASjucD-zS%1cS-FqHQxq"
"lysea.beacon@edu.tbz.ch"|"%AfmU&-7tpWra-rFXNSc"
"leandre.peyntue@edu.tbz.ch"|"uf#QHu-EtOnA3-qNwEZ0"
"rao.trever@edu.tbz.ch"|"b5UJ@Y-ILv5Om-4VMhmT"
"mahelie.streader@edu.tbz.ch"|"Mc4mox-p2Z17e-2t&Fui"
"maerta.andrejevic@edu.tbz.ch"|"2C$oM%-Xjf0JP-J3@U3j"
"goesta.tompkins@edu.tbz.ch"|"lLg&Hr-Ojw3lm-AzMWHk"
"helena.agates@edu.tbz.ch"|"AaGE%O-gwEYoV-Bqg4h5"
"therese.glass@edu.tbz.ch"|"v8pqiM-P3q%nC-$j1kcl"
"alois.foan@edu.tbz.ch"|"Tm6MBo-Qdoek8-I000EV"
"becassine.melchior@edu.tbz.ch"|"qGK@T9-WZJn3c-Wf%Lg8"
"cloe.robart@edu.tbz.ch"|"yHKrEp-u&Glef-Vc6EXm"
"daniele.puckinghorne@edu.tbz.ch"|"mHaPJ0-RfKBT$-179Kmb"
"selene.cammidge@edu.tbz.ch"|"4u4ZS2-7heI$U-JW$k7z"
"regine.conochie@edu.tbz.ch"|"B%4OL@-5dsKy#-w3K$kW"
"interessant.tuiller@edu.tbz.ch"|"SkLcjk-eJlrVK-yNdfZ7"
"long.tiebe@edu.tbz.ch"|"Sg7Rp1-1ABk8#-E7wFd$"
"mans.yele@edu.tbz.ch"|"N8lFIU-VTyuug-smokj7"
"ai.giles@edu.tbz.ch"|"FqCi1V-P6ETEY-KIY7x$"
"gaetane.hamberston@edu.tbz.ch"|"Grsksv-wmBq$F-9YOR6m"
"marylene.fenix@edu.tbz.ch"|"NvGaHs-NxggiZ-8eAVVQ"
"geraldine.graeme@edu.tbz.ch"|"b10AWv-6UDo@y-vvAcDY"
"tang.kinglake@edu.tbz.ch"|"nPvA9J-pey1z&-Hqeslc"
"lai.challoner@edu.tbz.ch"|"zW2#E6-e6X4H$-4eGGkT"
"desiree.mattei@edu.tbz.ch"|"wA4OuW-XWUZ$u-fmaJ#G"
"ake.erley@edu.tbz.ch"|"gn203#-JWfrLf-W9FnH%"
"edmee.cavil@edu.tbz.ch"|"rNJ2x5-YUZgmL-#PKk3v"
"alois.moyes@edu.tbz.ch"|"0KaRMo-xkSF2#-9koUXX"
"becassine.pitman@edu.tbz.ch"|"DANE9m-kmqgac-zy33QF"
"ai.giacovelli@edu.tbz.ch"|"407lrE-XDM&mH-FFo8h3"
"judicael.fruchter@edu.tbz.ch"|"B&9nyg-yAsG7s-RE$yNB"
"mans.mogg@edu.tbz.ch"|"8KmoBl-zYG%ha-7jqJfB"
"gerald.foyle@edu.tbz.ch"|"yQnt%O-y79hOm-COsWbd"
"wa.androletti@edu.tbz.ch"|"cutBjV-IVO4tE-WtWH%9"
"meng.ollett@edu.tbz.ch"|"4M8wl&-2TAQ$k-S@lAUZ"
"naelle.macmenamy@edu.tbz.ch"|"jyl9V5-bpdMJF-W4q35m"
"gisele.mcramsey@edu.tbz.ch"|"dH&Vgm-JuoEtJ-ao9hZ&"
"meryl.scolts@edu.tbz.ch"|"VTaOb&-vnSzEG-N$0vZO"
"celia.bloxsome@edu.tbz.ch"|"PHSYhv-7bteQT-yYB&F7"
"styrbjoern.stuke@edu.tbz.ch"|"LxCTxK-3GxFbq-ty%pDL"
"felicie.gwilliam@edu.tbz.ch"|"Hgw$W0-3npYrw-O9e$TT"
"da.harms@edu.tbz.ch"|"B@$C6D-wUkXAW-BqgM%o"
"celestine.baulk@edu.tbz.ch"|"49gFPO-Q&U$KK-etaa37"
"mahelie.blackledge@edu.tbz.ch"|"XVQQZS-ExUkhI-xfwwey"
"meghane.salt@edu.tbz.ch"|"kaqQhi-dv24Nk-ellLZV"
"methode.paxeford@edu.tbz.ch"|"AnuU1k-Pwf0zL-n1gJ9%"
"asloeg.milligan@edu.tbz.ch"|"jaSq81-19yLCo-O7t$7A"
"you.pellman@edu.tbz.ch"|"DXgajU-LAgRAK-LjEhoF"
"loic.regenhardt@edu.tbz.ch"|"m%WaK7-pv&LFG-vqMyiy"
"daniele.savill@edu.tbz.ch"|"f%M8N5-u7AYM6-EoDrj3"
"alois.cornu@edu.tbz.ch"|"TC9fh4-@ZfijR-t9LI8x"
"oesten.govey@edu.tbz.ch"|"oaClGK-j0HdO8-760PY6"
"marie-eve.louch@edu.tbz.ch"|"Dq3CNF-lMRwDZ-RU8WIV"
"theresa.wenn@edu.tbz.ch"|"avRxlE-5SylK4-AcgWf8"
"andree.eul@edu.tbz.ch"|"MwYYgn-dxc1Bf-1SQUOn"
"lie.paynton@edu.tbz.ch"|"KtMKAo-h0g@HP-8WJ6C4"
"marie-eve.girodier@edu.tbz.ch"|"SKG%EH-jFJEb3-LNNsF0"
"marie-noel.smithe@edu.tbz.ch"|"21#grz-83VXOm-n4HiR7"
"men.bootyman@edu.tbz.ch"|"tbB%xr-uJVLwk-ZMnqLB"
"ku.sugg@edu.tbz.ch"|"a1wyLJ-qH&aJN-M04@aU"
"lucrece.roseman@edu.tbz.ch"|"fnK&UL-10rWeM-LZyHye"
"zoe.annear@edu.tbz.ch"|"iVc2oE-JSr2SO-fM22@#"
"marie-helene.rennebach@edu.tbz.ch"|"RHHqdi-&rAkbE-bfDKG2"
"lea.djurdjevic@edu.tbz.ch"|"vXFlRU-#G$vTX-NpS#Tf"
"goerel.robert@edu.tbz.ch"|"Vldo25-h8#waL-lh2TBt"
"mylene.foldes@edu.tbz.ch"|"C0CKKx-y@T6Qj-YFx&5B"
"faites.clegg@edu.tbz.ch"|"0GA9Ip-a9pjLL-Pr7Pl7"
"marylene.crowcher@edu.tbz.ch"|"$yDmFb-UlASQM-T6BHyU"
"aimee.wimpeney@edu.tbz.ch"|"F2cmVp-G&1Tba-KWZ6rt"
"renee.atkins@edu.tbz.ch"|"@gdxK7-WyjBuQ-F2bxa1"
"rejane.cainey@edu.tbz.ch"|"BvFKVq-kTUXB1-$H8VBI"
"solene.britney@edu.tbz.ch"|"IqkNCd-%B3z%V-rsPZ&S"
"marten.shatliffe@edu.tbz.ch"|"BYfebQ-qlYpzF-12YxZd"
"maite.issatt@edu.tbz.ch"|"SWF$Yp-GJ6im$-7ygUad"
"maelyss.edon@edu.tbz.ch"|"Ktwu27-PnirFA-wS#6Wk"
"nuo.bamling@edu.tbz.ch"|"U5is41-1E17LK-a$QJJ2"
"anais.edards@edu.tbz.ch"|"3$KSCC-Jl4lYp-Ph35RD"
"mediamass.bromet@edu.tbz.ch"|"pTcRPe-VJ@t0z-f@c8C#"
"beatrice.kimbrey@edu.tbz.ch"|"tl$kRh-DXvFTg-Z9Qu7G"
"ines.lawranson@edu.tbz.ch"|"Rm&&jj-LUElkW-VAecR3"
"kalliste.scandroot@edu.tbz.ch"|"xVTSQI-#1gNTl-hsTh1X"
"mans.barrowcliffe@edu.tbz.ch"|"x8#r7@-NEWEF&-m2AqP%"
"irene.couves@edu.tbz.ch"|"jt0jNE-vdbiGd-7q5Wnb"
"milena.mucci@edu.tbz.ch"|"yeB1gF-cKOWJF-&lU3H4"
"naeva.cow@edu.tbz.ch"|"wmtr5k-Qbj2qK-fDRoBn"
"audreanne.mournian@edu.tbz.ch"|"XsqLSo-Rp6QkE-HPEyAG"
"melia.sinnatt@edu.tbz.ch"|"&PnaXz-YBtw1r-nGxhxq"
"nelie.burnard@edu.tbz.ch"|"8Z66B9-9jHkOy-dRm0TL"
"clelia.ashfull@edu.tbz.ch"|"B3zTzp-W#X8$7-Ws57rI"
"lie.macard@edu.tbz.ch"|"vCtyBK-P7NhJD-cFzRRR"
"valerie.matoshin@edu.tbz.ch"|"lTfJQs-TOL4Hi-sfit7l"
"anael.hatherleigh@edu.tbz.ch"|"Ess8Qv-w2Uqv0-UIt$tN"
"interessant.warratt@edu.tbz.ch"|"sbew@$-VKtyLS-PWdiHb"
"eleonore.volage@edu.tbz.ch"|"97Q9n1-AWx#eV-GbH@g#"
"zoe.stebbing@edu.tbz.ch"|"XGOfa9-axwFbU-5qcst@"
"alizee.nye@edu.tbz.ch"|"7PrgKE-N4TydV-VHITMD"
"celestine.bramley@edu.tbz.ch"|"KqtHSP-#fD5VJ-747q%0"
"selene.philcott@edu.tbz.ch"|"hDuu#o-yUG2f1-9bnzyw"
"tang.newens@edu.tbz.ch"|"FBllhJ-EXfV3Y-GB1RtX"
"annotes.powys@edu.tbz.ch"|"aE0j%r-dKIE&B-gD7Xj0"
"lea.matthesius@edu.tbz.ch"|"KOzNG1-C1xH54-rYKD7b"
"illustree.garlett@edu.tbz.ch"|"8ETXMJ-WnS6gw-d2hVNf"
"maiwenn.meachem@edu.tbz.ch"|"LEkCX$-safxps-lFfRUf"
"marie-francoise.mcbrady@edu.tbz.ch"|"@J3Bse-3tN64B-k8qfN7"
"illustree.gimbart@edu.tbz.ch"|"#tvvqc-fKd26#-UNM$Wy"
"melys.lyosik@edu.tbz.ch"|"99I@m4-gnMf3u-mEQAp$"
"marylene.mcnab@edu.tbz.ch"|"rxR&aO-ovSeVp-uyJAej"
"gerald.blount@edu.tbz.ch"|"jqK5TS-77y#vU-ILIKSl"
"clelia.shakelade@edu.tbz.ch"|"Ym4ocY-jh&99R-5j@K51"
"penelope.cridlin@edu.tbz.ch"|"mk@iYD-N5xfiQ-jMa1L9"
"maena.okuddyhy@edu.tbz.ch"|"8N91K#-ncHvRz-ryYNoe"
"athena.keynd@edu.tbz.ch"|"pjQmD1-1$wgBz-oERo4A"
"cloe.dwine@edu.tbz.ch"|"ALG4oR-hrfG9V-@RvW@x"
"josephine.browett@edu.tbz.ch"|"hnQBD0-blx7wn-&rc9e6"
"audreanne.oscanlon@edu.tbz.ch"|"mP@aE2-JY5U%G-SjSfo#"
"fei.jeanequin@edu.tbz.ch"|"FXop&x-hPkq%#-Os2APt"
"lois.gormally@edu.tbz.ch"|"JvI$wq-Mt#wiw-Bpln3x"
"marie-francoise.finnigan@edu.tbz.ch"|"Dj014M-Z7Nck9-UE#8hE"
"leonore.trussman@edu.tbz.ch"|"ssHnhv-pKVGEl-kXR7tw"
"anaelle.trumper@edu.tbz.ch"|"H3GlY3-zumTjv-rctdHn"
"clemence.dionis@edu.tbz.ch"|"6lrJBs-3fHYFJ-&K%k6y"
"lois.tranmer@edu.tbz.ch"|"r#OxpG-Qj1#OB-mHTJz7"
"interessant.volett@edu.tbz.ch"|"xEhI5n-8CLx3O-LNyyAP"
"personnalisee.deackes@edu.tbz.ch"|"kIqGuT-zNjjP2-nRTn2T"
"lie.vasiliu@edu.tbz.ch"|"9E@5x$-hiC&jR-EU%4yg"
"dafnee.lamputt@edu.tbz.ch"|"zWHI#U-QOm08h-9Ul#LN"
"elies.bromige@edu.tbz.ch"|"0h@d@v-#ITgE&-WeVUD4"
"helena.klosser@edu.tbz.ch"|"itGcIs-upPS0T-E2XMQP"
"andree.grim@edu.tbz.ch"|"BlAGy3-55pAY0-tszAn%"
"verane.coldbath@edu.tbz.ch"|"CjeNxD-&2w&qY-xbOns0"
"helena.bethell@edu.tbz.ch"|"nj1fXD-@GY&#H-9OUrc7"
"kalliste.carefull@edu.tbz.ch"|"D#NrYW-RrJH2K-zG88Jl"
"regine.odams@edu.tbz.ch"|"O$#L2M-s2FrI2-nTt&o2"
"len.stannus@edu.tbz.ch"|"jwJasg-Crd5rz-LDfdGr"
"angelique.works@edu.tbz.ch"|"bKKHOu-0Nv0rQ-xZFTT9"
"goesta.rheaume@edu.tbz.ch"|"5mGLH3-t93owY-dM2jSp"
"maelys.tynnan@edu.tbz.ch"|"B&51cs-S6ng5x-zn@c#Z"
"maelle.carlesi@edu.tbz.ch"|"WrxkI3-FaiI%H-I$I@eV"
"anael.spurden@edu.tbz.ch"|"jiKlji-9R33G5-qp@EJQ"
"helene.pumfrett@edu.tbz.ch"|"z38FaU-$5tWQU-aJdRsC"
"goerel.pearn@edu.tbz.ch"|"huj7xp-ivf2Gu-GNwcu$"
"laurelie.dezamora@edu.tbz.ch"|"v3&eG1-7AGwv4-DF%dW#"
"yao.twidale@edu.tbz.ch"|"zhdlWx-qQ#o4W-9f9Cju"
"berengere.sola@edu.tbz.ch"|"9@%u@c-qEBPRr-uiKH6z"
"maelann.hardistry@edu.tbz.ch"|"i3NAXc-hra%8C-zj$YCB"
"severine.littlefield@edu.tbz.ch"|"BYTiBB-xfXjot-sol%3i"
"salome.heinl@edu.tbz.ch"|"S9O3y3-UsMouK-GZeWCY"
"meryl.warbey@edu.tbz.ch"|"rxb4Js-AAUyrj-gV@7#a"
"da.hunstone@edu.tbz.ch"|"zrHdnP-pN4kRv-moE7Ih"
"venus.broadbury@edu.tbz.ch"|"j6itsg-V%87ve-tP#34z"
"meghane.rentelll@edu.tbz.ch"|"YtPwZi-9yDsZ6-mcxwxC"
"marylene.drewitt@edu.tbz.ch"|"s%c@K$-i1XuW4-EXJEZO"
"melinda.jacquemet@edu.tbz.ch"|"XnxgKL-Ou#2Pd-7edNos"
"marie-josee.keyden@edu.tbz.ch"|"JQhH&R-ZsvVPm-dK7aL9"
"asloeg.montacute@edu.tbz.ch"|"vOnwe4-&Jf310-dZ9OQp"
"ku.andreou@edu.tbz.ch"|"oJ6Bny-C0QPQO-T#GFzt"
"personnalisee.feaveer@edu.tbz.ch"|"Qr2QAP-BRJ3oN-tbYR8f"
"laila.emptage@edu.tbz.ch"|"c3$2Xo-mPWV4y-entfSt"
"bjoern.dawdry@edu.tbz.ch"|"vjnkGE-KN2XiW-xuZvLX"
"marie-eve.dinsell@edu.tbz.ch"|"Bg#T6%-YqcAaI-xZ#Ze@"
"helene.follett@edu.tbz.ch"|"$QTeQS-#oYhEq-I4Ui%p"
"penelope.cordero@edu.tbz.ch"|"IUWk1c-TNpoK$-QxKBdH"
"boerje.beedell@edu.tbz.ch"|"3Z0okh-G%ImIl-NBya&N"
"nelie.ferne@edu.tbz.ch"|"bwbDfz-WEh1pe-l8yXkZ"
"celine.ahmed@edu.tbz.ch"|"jJEpKC-G@XdD%-JvOTPi"
"stevina.pimblett@edu.tbz.ch"|"@Zw3CN-FIwXe8-boIGWG"
"chloe.langlands@edu.tbz.ch"|"fBpTvc-n7EYwy-d@nTRr"
"simplifies.maude@edu.tbz.ch"|"EmYpZm-UYNyfO-n55CA&"
"genevieve.decarteret@edu.tbz.ch"|"bePpNr-sgbA6l-qjclwv"
"marylene.mughal@edu.tbz.ch"|"DRkJfF-tQmHmL-bGaT&f"
"goeran.guttridge@edu.tbz.ch"|"O%92De-WFdXEJ-nTYsCg"
"michele.smurfitt@edu.tbz.ch"|"vc4v%w-mH0wQ1-70MYT$"
"methode.hadeke@edu.tbz.ch"|"pNBhPr-6w$XpR-iGfuYy"
"therese.rispine@edu.tbz.ch"|"M2wToi-OKvRFw-RmIP39"
"goerel.plumley@edu.tbz.ch"|"1pPV#6-i8G%fJ-xW117Z"
"oceane.friett@edu.tbz.ch"|"#QgE8d-AncZoL-kXYtSp"
"marie-noel.achromov@edu.tbz.ch"|"UuB$M0-OTQpAU-b1yJmQ"
"dorothee.storek@edu.tbz.ch"|"pddsSX-Ofuxnr-W99I1%"
"goesta.whittle@edu.tbz.ch"|"#Ixtvk-sgmN@Q-MueagL"
"desiree.casely@edu.tbz.ch"|"1LpFiS-k2yTDq-bEx1G%"
"felicie.condon@edu.tbz.ch"|"%e6orT-pmP9Z3-&W17uW"
"maelyss.frisdick@edu.tbz.ch"|"GAU$Ws-Zhm&aS-UvinMI"
"aimee.banke@edu.tbz.ch"|"uJRQAc-qg3X93-VSRPAP"
"naeva.hodcroft@edu.tbz.ch"|"n$zF9c-DCFuuV-LRB%#9"
"laila.gerrans@edu.tbz.ch"|"HqSU4t-K1ZxkF-&Gjeci"
"daniele.scrimshire@edu.tbz.ch"|"Ezgs3#-CAAeWs-K8LfSF"
"daphnee.sheerin@edu.tbz.ch"|"&2Iqir-A&EIHb-6cFtJZ"
"pal.vanyukov@edu.tbz.ch"|"L%W2gD-9kav&w-0hvTtt"
"zoe.childs@edu.tbz.ch"|"To1Wzk-nOAYTY-cDKQ%j"
"ai.corde@edu.tbz.ch"|"KSv@au-&xNVl3-uPKd&M"
"maelys.berryann@edu.tbz.ch"|"mwpY@3-QeUHZH-OUYvI#"
"cloe.gladding@edu.tbz.ch"|"ga#Pw%-gD6uX@-2gkEWe"
"wa.kinnaird@edu.tbz.ch"|"#4N#&D-rPnTIW-bmJrRW"
"publicite.brittoner@edu.tbz.ch"|"0ixtvr-gHH9kt-e0ZtPE"
"rao.windress@edu.tbz.ch"|"ikGzxi-&mkygD-XbAHTr"
"uo.kollach@edu.tbz.ch"|"%YM#k2-CvraOA-rdZE%z"
"josee.peskett@edu.tbz.ch"|"C&SWgE-zSIqZg-QFdLEu"
"annotee.hasel@edu.tbz.ch"|"5d$Hy4-b56wKG-vY@Kqa"
"cinema.lee@edu.tbz.ch"|"2EQLtU-f6kgGH-K@UA0U"
"lai.vedeshkin@edu.tbz.ch"|"IP6hn3-yxCyeb-WE3H3%"
"renee.brisbane@edu.tbz.ch"|"ZVKA%8-HqX$Ap-iW07qG"
"ophelie.blincoe@edu.tbz.ch"|"rsaYJp-H%rs9J-c$eOZ$"
"zhi.prazor@edu.tbz.ch"|"Scxk&j-@u2x8U-9pBW#@"
"annotee.maddicks@edu.tbz.ch"|"XzjBr8-rbGpZV-xks7tP"
"maelyss.codd@edu.tbz.ch"|"S#aQgH-2CNOzV-8lpnr8"
"celia.peplay@edu.tbz.ch"|"HikTF0-63qUfZ-bpMgbS"
"interessant.skone@edu.tbz.ch"|"N6s38r-txq1Go-Ls&h9F"
"audreanne.hebdon@edu.tbz.ch"|"rYY6wM-xTSt6J-eGB%kT"
"oceane.glen@edu.tbz.ch"|"Sjtxw0-L04cJf-iRzep$"
"daniele.vanyushkin@edu.tbz.ch"|"Q05j6%-4BI$dO-Tstjgo"
"daphnee.ayce@edu.tbz.ch"|"Hl9wDq-$b8ElB-dn5@Z$"
"andrea.attride@edu.tbz.ch"|"CWUtg@-DE&MTa-wPhijU"
"penelope.bridgwood@edu.tbz.ch"|"rNlzki-%AfeDx-Kt$&rG"
"mailis.drewitt@edu.tbz.ch"|"0IGdGO-vuu1Im-WlZ6dj"
"penelope.mollene@edu.tbz.ch"|"GLZtaI-0MpgCV-K7AR5X"
"illustree.keely@edu.tbz.ch"|"F7x&Yg-396&9x-eIFTeM"
"meng.brisseau@edu.tbz.ch"|"bgt5jt-CoALtr-RmB7Q0"
"ruo.cleiment@edu.tbz.ch"|"v0S8uR-D@ywE1-u#xTJi"
"maite.krammer@edu.tbz.ch"|"UFKYll-UHZ%9G-98Jt7v"
"genevieve.verry@edu.tbz.ch"|"&o5XU8-pBnQqd-m&skD$"
"lea.olochan@edu.tbz.ch"|"r0x3bE-d2towj-KwVH7b"
"naelle.brunnen@edu.tbz.ch"|"P6OEeb-R4#9Rg-hkf@Z@"
"goesta.bragginton@edu.tbz.ch"|"iaZZAF-Zdz5XB-W&GJ4B"
"fei.danilyuk@edu.tbz.ch"|"uR%J6P-hPDjUw-Zb$SX&"
"adelie.turbitt@edu.tbz.ch"|"iFni0d-%uBxN0-BPhYDg"
"marylene.nutman@edu.tbz.ch"|"BMoTLu-8XnEvr-D#C1&6"
"therese.barbrick@edu.tbz.ch"|"s5hQLl-mPTtLx-6dvslP"
"melys.kolodziej@edu.tbz.ch"|"a3hM@8-%Vs$3O-wBekik"
"melanie.runchman@edu.tbz.ch"|"FB5AQ8-1@RQ%8-GSRQXK"
"serena.lafond@edu.tbz.ch"|"$Kg8q3-AK9LhZ-kEWqKI"
"pelagie.desmond@edu.tbz.ch"|"i#OJGF-u0UuoU-nuzYP8"
"wa.spickett@edu.tbz.ch"|"0BQArx-CN@xCl-e#Axgm"
"po.shave@edu.tbz.ch"|"P1MnhA-@62qaf-Z%NgEl"
"song.huikerby@edu.tbz.ch"|"%2w&2B-Do7puO-lxdGUg"
"melinda.bimson@edu.tbz.ch"|"nsOOPF-YQ6SSX-A8qnI6"
"personnalisee.toffanelli@edu.tbz.ch"|"ac5UkL-q#yL6D-Ilm&BM"
"leandre.hurn@edu.tbz.ch"|"5W%pmm-g7y$eH-Nx6ejy"
"oesten.standell@edu.tbz.ch"|"JS0KFA-XM950x-WFlu7k"
"naelle.smaleman@edu.tbz.ch"|"qc86DF-i0PHrH-d#ybs$"
"berenice.tayt@edu.tbz.ch"|"d7C%qp-lpipF%-QpvFWR"
"kui.popplewell@edu.tbz.ch"|"J$PpXj-35B87A-d3&g$e"
"melodie.ferandez@edu.tbz.ch"|"SdyLKD-aTpOMj-9CynaC"
"josee.negal@edu.tbz.ch"|"x8mbbt-$YIrnS-0cdV%j"
"melissandre.ferrelli@edu.tbz.ch"|"hi5UJJ-e7y1&c-yYQC@F"
"josephine.kemmer@edu.tbz.ch"|"2LiMZ6-EE2xtS-tWhNYp"
"maely.cayette@edu.tbz.ch"|"S#RRrq-2Mv5jp-FU0Wh1"
"nelie.vela@edu.tbz.ch"|"QkU7Cn-we&YRi-hI4ZHR"
"melina.cortes@edu.tbz.ch"|"kQPc&V-mA3Uvq-5RNwuH"
"megane.leyshon@edu.tbz.ch"|"XZ1KKR-zfANS&-w26VLt"
"regine.harrie@edu.tbz.ch"|"3F5WQp-Su7#Bl-3t$yqc"
"mylene.widdison@edu.tbz.ch"|"hjv73N-4hJGPp-#0BxFM"
"pelagie.vivash@edu.tbz.ch"|"Ag4cI9-M&iZNB-@bWdTK"
"styrbjoern.vicarey@edu.tbz.ch"|"InokuJ-TFSe33-tqO28%"
"long.kyles@edu.tbz.ch"|"uJd9NG-HN9zA6-qPjc2T"
"stephanie.gipps@edu.tbz.ch"|"@WeEG0-Ou0YWM-RfaFlO"
"clea.constantine@edu.tbz.ch"|"r95d%n-nVsX@I-K$hG$h"
"maella.cometto@edu.tbz.ch"|"vJ5zr3-OIvJf9-kQ$0Rl"
"laila.aubrun@edu.tbz.ch"|"hJLG1Z-sMd%ff-#RTgT1"
"yao.austins@edu.tbz.ch"|"K$OEZj-ybrew7-3x6yFh"
"mailys.rylstone@edu.tbz.ch"|"zCAUXH-jNzxPD-aA4Lw$"
"adelie.curuclis@edu.tbz.ch"|"VolBf&-&u93@J-VqLjnk"
"celine.longhurst@edu.tbz.ch"|"QGCIJ7-k#QP1d-&yQ3%W"
"gisele.hazell@edu.tbz.ch"|"BoLVGN-nq&r4m-qdK51@"
"celestine.ciccone@edu.tbz.ch"|"4N1GzG-mNWLrO-t4DnCz"
"maelyss.doole@edu.tbz.ch"|"yww%g4-CA0PT2-#55OBI"
"helene.grimsdike@edu.tbz.ch"|"PYC%RN-whY8GT-#t#cPm"
"lie.macer@edu.tbz.ch"|"9t8AOu-qwXzv#-I3Vpxg"
"maely.izard@edu.tbz.ch"|"QH@#X2-mMsW7b-dwfgwm"
"erwei.breewood@edu.tbz.ch"|"fB&k@j-D@uTQ2-8yqOIl"
"chloe.woolford@edu.tbz.ch"|"kpoe7c-CxpIry-1tkotn"
"cleopatre.turpin@edu.tbz.ch"|"mvqfTR-G#gDYF-LTrAs2"
"melodie.surgison@edu.tbz.ch"|"WkM0Ua-W3XjOL-bmSmp#"
"elies.leander@edu.tbz.ch"|"XKF@kF-et2pt7-C#o2rk"
"mediamass.reignould@edu.tbz.ch"|"eO0jL%-dLaCEl-y7yzFC"
"celestine.wasmuth@edu.tbz.ch"|"PFIOsk-jbTd4f-WIyXAl"
"marten.jervis@edu.tbz.ch"|"poFNM1-Fxu9Ug-WYg52c"
"daphnee.bour@edu.tbz.ch"|"6nmZa#-V26jjc-aYug%n"
"regine.harlett@edu.tbz.ch"|"ZJwg4b-L27pEC-aYRq8O"
"noemie.macaskie@edu.tbz.ch"|"RKmD@%-GI0Ga@-STDF$V"
"loic.renfield@edu.tbz.ch"|"siMgxP-K6Igji-u670&n"
"venus.kleinert@edu.tbz.ch"|"ka5hF#-4mG8bR-EaRHjK"
"marten.burlay@edu.tbz.ch"|"@$qP$L-Ltku8x-m6sk1Y"
"berengere.radsdale@edu.tbz.ch"|"5pl0Lb-8@35TG-jtdFze"
"genevieve.duckit@edu.tbz.ch"|"RuuGcg-Ksf2cs-UjLhUO"
"maely.ligerton@edu.tbz.ch"|"zf%doP-3LhrG3-opMPFt"
"maeline.ricciardelli@edu.tbz.ch"|"xXEDQk-WX&XpY-n0ANeL"
"personnalisee.yggo@edu.tbz.ch"|"bubgLx-Q&PvHp-h39Q4V"
"alizee.pettinger@edu.tbz.ch"|"ObuL&C-M&s4#Q-gdXN9J"
"desiree.curnnokk@edu.tbz.ch"|"%Smw$2-Otd%OM-MBXGsw"
"dorothee.minors@edu.tbz.ch"|"dpEHdd-NedhMw-si2Vb3"
"oceanne.kopmann@edu.tbz.ch"|"NUVtuv-isZVx3-B6l$t2"
"almerinda.brodbin@edu.tbz.ch"|"OG5G$X-Z1CD5b-cx49Ze"
"yenora.carsberg@edu.tbz.ch"|"MoY74O-%czDEP-raXl7V"
"wa.beetles@edu.tbz.ch"|"hmqv96-PKaqVy-l1PBAu"
"audreanne.abbot@edu.tbz.ch"|"9IgiMV-u@1vtm-QT7Qbd"
"noemie.capper@edu.tbz.ch"|"xifWB0-PlbyIw-cIIcVa"
"mans.abramamov@edu.tbz.ch"|"KGhJdT-YBNYxi-PjBfY6"
"audreanne.blakey@edu.tbz.ch"|"4YnEsq-@WTj7B-$UevB&"
"leone.klimpke@edu.tbz.ch"|"0ECPvY-UJ0wVL-@PhVuE"
"lie.croston@edu.tbz.ch"|"@HEay2-hGqVcF-$@BKmn"
"anaelle.baistow@edu.tbz.ch"|"A5wD@W-h5S62V-XCWPNt"
"michele.garwood@edu.tbz.ch"|"&Pwz@#-bry3#B-maXGW4"
"interessant.albion@edu.tbz.ch"|"0Tb#I3-prjMGH-eqq@48"
"andre.brisco@edu.tbz.ch"|"captMF-NLVmyB-gw%pMT"
"tang.totterdill@edu.tbz.ch"|"f5ZGRW-EbN6bw-4K&$k0"
"marie-josee.braundt@edu.tbz.ch"|"sGVio4-sw2ITF-$b9@BC"
"lois.galer@edu.tbz.ch"|"a0hGrx-RuJ&EG-cq25Jc"
"faites.pellamonuten@edu.tbz.ch"|"TmU71%-2MrRAF-HLBKl1"
"mai.barfford@edu.tbz.ch"|"ZKuV$v-d8ats#-EKY3%T"
"laurene.macilory@edu.tbz.ch"|"CM4&Gu-9nR$ch-0QXj#i"
"elea.peak@edu.tbz.ch"|"PNoYjG-6O2Mvi-gy%zH1"
"rejane.doni@edu.tbz.ch"|"VtvQo3-vIsrji-d&tH%4"
"mahelie.ector@edu.tbz.ch"|"fZ0z#y-x9k16V-NpKnB8"
"rachele.allum@edu.tbz.ch"|"#pnG4v-kSh#Le-#h72mv"
"laila.gerretsen@edu.tbz.ch"|"&Wa5nz-SWHO2S-2aC$pq"
"ines.bowman@edu.tbz.ch"|"$58o8O-2lB%Mi-A0HQsM"
"publicite.barbary@edu.tbz.ch"|"CadFp$-0LQl2q-jfHYTR"
"mailys.smooth@edu.tbz.ch"|"amDdOz-MSDY8J-h3ic13"
"mailis.huguenet@edu.tbz.ch"|"CyKhZr-hAxzzE-Z9xraX"
"lea.ewer@edu.tbz.ch"|"#vCK#o-64WJAJ-hRdScp"
