"email"|"password"
"melodie.vandervlies@edu.tbz.ch"|"ZN&@Ug-uBQZ3b-GsxiVu"
"angele.edgecumbe@edu.tbz.ch"|"2aAhYw-e8L%BW-DbTCio"
"zhi.andreasson@edu.tbz.ch"|"eQmiQL-RIMQIm-qbLcQ8"
"judicael.koppeck@edu.tbz.ch"|"@zBWrN-gOHwgK-P$MxH#"
"berengere.capron@edu.tbz.ch"|"146RmT-siQn8A-pyLIXq"
"leonie.brosini@edu.tbz.ch"|"agQHLX-7HXoQE-heuKEN"
"venus.garfit@edu.tbz.ch"|"K%rVaI-nNEYs%-%L&$0X"
"melina.janota@edu.tbz.ch"|"gySTId-p8D&eW-#eC6Fa"
"laurene.bake@edu.tbz.ch"|"@@963T-9Ps#bU-oC0tDE"
"regine.dorkins@edu.tbz.ch"|"lQbERz-tbrimT-PnEi%x"
"cecile.moffet@edu.tbz.ch"|"NHHeRg-sO5CZk-$0kaBW"
"maelann.labrone@edu.tbz.ch"|"BkSDKr-nNYdWz-1OWrHI"
"melinda.newbold@edu.tbz.ch"|"tDzrYv-6GGAEr-ih7A0Y"
"mans.itzhak@edu.tbz.ch"|"T8TGWe-zIPQ&T-m@ST$v"
"melodie.pattlel@edu.tbz.ch"|"VOEFzY-1BEYWT-AsTbH1"
"celine.bonett@edu.tbz.ch"|"IGDRlW-lrEgms-2Yb0Gd"
"adelie.mcgreal@edu.tbz.ch"|"S6ro0N-ek#Acu-srNpWy"
"helene.soldan@edu.tbz.ch"|"IPUuUB-UdkboR-MkmuF$"
"michele.cluer@edu.tbz.ch"|"GQX@1$-EIaE1P-NRiash"
"maeline.mueller@edu.tbz.ch"|"Fjuro7-bIBbOH-rKT@Tx"
"maelann.benedito@edu.tbz.ch"|"W5mm#o-FPq8e@-CcAyqt"
"nuo.gransden@edu.tbz.ch"|"qvEDq6-$fB1ZY-Wgx4vi"
"berengere.stainton@edu.tbz.ch"|"RMMmM%-fsHPlT-EA54Y6"
"wa.sabater@edu.tbz.ch"|"&2Cr5&-pLoziR-jH4#cI"
"anais.cochran@edu.tbz.ch"|"P4sGZl-VcrNM1-UAq&3n"
"gerald.bessant@edu.tbz.ch"|"##4pND-AZd0UD-ZBp5Va"
"ruo.coffin@edu.tbz.ch"|"KcqtxE-PT7tvz-ZeXsFo"
"melodie.mustill@edu.tbz.ch"|"RU@R3u-Jhhpm%-3WnliI"
"ruo.stanesby@edu.tbz.ch"|"lZlodO-Hx8EV2-67bOai"
"noemie.antognelli@edu.tbz.ch"|"b%4AN0-leJLOt-l#PQrz"
"maelann.hughson@edu.tbz.ch"|"yvYznQ-sbytlH-um1hCN"
"milena.mieville@edu.tbz.ch"|"r$yA4h-sybQng-PovQ1U"
"mailys.chamberlin@edu.tbz.ch"|"aiM3hN-1%LBS5-8@q1r&"
"nadege.tomalin@edu.tbz.ch"|"8QJpy2-#Ty$Hd-@M9CPp"
"oceane.omara@edu.tbz.ch"|"d6jb8k-x0hRkU-eLBb9G"
"cecile.aguirrezabala@edu.tbz.ch"|"iPND2b-OY%Siq-LicSUD"
"maella.gwillim@edu.tbz.ch"|"LRcVul-SaEM1p-KdZLDI"
"lea.mcgahey@edu.tbz.ch"|"8iP3qw-TA3qPH-DZbo3@"
"laurene.hagerty@edu.tbz.ch"|"xaSUh%-7LIP@a-SK%S6H"
"dorothee.link@edu.tbz.ch"|"vm4uFg-K2f2qG-1$6PA8"
"clementine.kynsey@edu.tbz.ch"|"YFy4aD-U13hCW-l39yJR"
"lorene.smitherman@edu.tbz.ch"|"V#jvtj-xNk$aW-9exo@h"
"cleopatre.klulicek@edu.tbz.ch"|"r16YSR-j0lqQp-nfzDUW"
"laurene.castaneda@edu.tbz.ch"|"ZJv%IF-F&&nDK-t6K527"
"melia.constant@edu.tbz.ch"|"UIBpyM-rwKvj2-eSd8IT"
"lucrece.clunie@edu.tbz.ch"|"FjlO&R-cmx7XM-H8$FCA"
"eleonore.mcmurthy@edu.tbz.ch"|"2FZzgt-97@1CX-54yoX#"
"melia.bevar@edu.tbz.ch"|"fBsUn0-keB2gF-uVJc97"
"camelia.bontine@edu.tbz.ch"|"gd4cx0-J$gjTR-9bX3qO"
"methode.jozefczak@edu.tbz.ch"|"X4#S90-kolLgp-b43vjR"
"audreanne.hinsche@edu.tbz.ch"|"RKJeY6-Ve8heS-TVeP2l"
"andree.varne@edu.tbz.ch"|"qY3GWv-vTO%qH-LQ0nV&"
"marten.kinleyside@edu.tbz.ch"|"giyRX0-ZqG%E$-pn0THY"
"esteve.mcewan@edu.tbz.ch"|"roNVg0-73uozO-JRCAQX"
"leane.dibbert@edu.tbz.ch"|"ii&OAs-qUqnNt-o15Kmv"
"ma.thewlis@edu.tbz.ch"|"6HFyI8-3O1N7R-s$h5uF"
"clea.djurkovic@edu.tbz.ch"|"u$e7@t-qAK89$-m28NNX"
"rachele.reburn@edu.tbz.ch"|"6&enex-yR9MzT-@75R@q"
"gerald.gowling@edu.tbz.ch"|"L2UMru-dnDE5b-$Ez9Ld"
"cleopatre.jackson@edu.tbz.ch"|"h3mPFJ-&D7Dvp-fmFeLY"
"desiree.haskins@edu.tbz.ch"|"kOoR1Y-n@yMYJ-TDuqFF"
"eleonore.longson@edu.tbz.ch"|"rNK2uS-hUuaTJ-&1&GF#"
"leane.dybell@edu.tbz.ch"|"JXYcUw-gmv2Ja-m@GQsm"
"becassine.grzesiak@edu.tbz.ch"|"E@OhM@-8%cPWq-pciSry"
"marie-josee.pickin@edu.tbz.ch"|"teYFZD-gQ5NBR-t52Xzx"
"marie-josee.roxby@edu.tbz.ch"|"4hXgJP-0@vF9H-ZeMC6P"
"leonie.feenan@edu.tbz.ch"|"aj1t#2-9cC$sq-gagIuL"
"valerie.ellum@edu.tbz.ch"|"61jsEm-gJTMgQ-$wiQ1q"
"ju.caseri@edu.tbz.ch"|"BN2BYa-aehzkE-MNMIaw"
"boerje.strangman@edu.tbz.ch"|"mu$zuq-BKkAP4-0&GuXX"
"beatrice.ghidelli@edu.tbz.ch"|"&NQsiV-rW3iKL-nK5pM2"
"da.jablonski@edu.tbz.ch"|"6JM@TN-9x1Opc-@5hr$X"
"uo.beveridge@edu.tbz.ch"|"vMwFnh-D2F2kC-j1Tw$H"
"valerie.bestman@edu.tbz.ch"|"i#CAeF-p@EbP#-Xi9PT6"
"marlene.pohls@edu.tbz.ch"|"h7be%1-Fz3F5X-KP#hM5"
"ma.nolda@edu.tbz.ch"|"zBa$kg-BTac2O-rcsDVg"
"marlene.bisiker@edu.tbz.ch"|"0ldP&p-nSYVSq-J7zx&b"
"estee.babon@edu.tbz.ch"|"93QJDO-#bteVi-rL7EBM"
"simplifies.dmisek@edu.tbz.ch"|"vgg5QP-BwnYH%-DsJb2n"
"selene.ganing@edu.tbz.ch"|"W5PVPB-iF$rgu-DSD7nq"
"meryl.penke@edu.tbz.ch"|"wAx6Rv-jfqOLI-8Wy5kw"
"anais.rawcliff@edu.tbz.ch"|"BHr3fv-Q7jZ0R-#%31jx"
"melina.andri@edu.tbz.ch"|"LxV7Fj-XR6X3g-QKxlC4"
"audreanne.fodden@edu.tbz.ch"|"#hB#ky-memGuC-5pCVAY"
"bjoern.spellesy@edu.tbz.ch"|"ADsl7f-rw34YK-yNcWqb"
"francoise.summerscales@edu.tbz.ch"|"qDrVGh-&k6c8&-xxxYZp"
"laurene.ashtonhurst@edu.tbz.ch"|"lC0DzL-e6@vkz-NarHfE"
"valerie.petters@edu.tbz.ch"|"ZZRk@E-WGZWBr-MLqoQY"
"anael.spenclay@edu.tbz.ch"|"a%V&$&-L@Whpv-3c$2B$"
"stephanie.keech@edu.tbz.ch"|"BLE&L%-LQvKoi-Rh93kg"
"ines.deveril@edu.tbz.ch"|"VTuViE-xX0yhz-SkzUvj"
"berenice.gelder@edu.tbz.ch"|"07RnxQ-5f71Nh-Rmtu3z"
"melanie.ofogerty@edu.tbz.ch"|"XRy@Jg-hg&JpW-cID@8A"
"frederique.canepe@edu.tbz.ch"|"gj5SAB-D5rRgr-tGP&P9"
"nuo.otton@edu.tbz.ch"|"4FLbDY-T4PKzZ-@USOlj"
"genevieve.trusler@edu.tbz.ch"|"jHuqpS-DgPqnE-SYFVyX"
"ju.boag@edu.tbz.ch"|"C8P3&0-P@6Bqx-3QWVsw"
"josephine.dilucia@edu.tbz.ch"|"CANvb6-@Iq@XU-ID7t6B"
"laurene.armsden@edu.tbz.ch"|"cECul&-cBbpMZ-k7EF55"
"becassine.griffe@edu.tbz.ch"|"s1UaY6-9gC$Fy-HU0EQf"
"alois.parres@edu.tbz.ch"|"I4#lQZ-5YQdrN-VgZtr3"
"cleopatre.gaffey@edu.tbz.ch"|"UqEfNH-J6JZxU-UQCe$3"
"andre.stiger@edu.tbz.ch"|"ed1lNU-fII#sl-%MX&Fx"
"beatrice.godleman@edu.tbz.ch"|"plfRLx-jdvU3w-5%4nOS"
"hakan.harrhy@edu.tbz.ch"|"QQISKA-kd8Cjc-UZtm&p"
"celestine.dagnan@edu.tbz.ch"|"Sxl41Y-vbZv7c-i%S2FI"
"clemence.haggart@edu.tbz.ch"|"mj%1k7-5wbzhu-sDCH0F"
"long.caban@edu.tbz.ch"|"bagNUT-PEtmy2-$FLCXX"
"gaetane.grimble@edu.tbz.ch"|"aCEBW1-9fGNEM-q8N3o4"
"maelann.piwall@edu.tbz.ch"|"S2$&uK-g1Qmk0-S5FUjy"
"magdalene.loble@edu.tbz.ch"|"j$7g5&-IiLt1K-$YP@T7"
"veronique.domaschke@edu.tbz.ch"|"1JWkrP-bIV60M-%lVeUo"
"clea.herity@edu.tbz.ch"|"wZEFhN-@fz2Cd-d$f$Hz"
"maelann.bambrough@edu.tbz.ch"|"jidy8R-h%4tah-%x2Hs6"
"clea.goulstone@edu.tbz.ch"|"R&j8v3-d&0fFc-IlWLi4"
"renee.deleek@edu.tbz.ch"|"KjUkwa-ILoxN7-Z7%hnk"
"boerje.rudderham@edu.tbz.ch"|"h4X32M-1lsVAo-c6sB#g"
"marylene.broune@edu.tbz.ch"|"7z$H#%-1970Es-QRu91m"
"nadege.mccuish@edu.tbz.ch"|"KQkLHt-rOHFak-4HCDo7"
"anael.littleover@edu.tbz.ch"|"tNiO&y-D4yxBU-bl%r%#"
"lie.baume@edu.tbz.ch"|"H9brZe-cooc&9-NI5Tl%"
"maella.murrow@edu.tbz.ch"|"TS#cMq-8gIAD%-hVIes0"
"cleopatre.pettifor@edu.tbz.ch"|"A&t5s%-NWL%Ph-pFS@hb"
"geraldine.asker@edu.tbz.ch"|"QaYMAO-0ZRN55-JLGg9Y"
"gaetane.smedmore@edu.tbz.ch"|"j3KR8O-absVcC-SSG4C8"
"meryl.blencoe@edu.tbz.ch"|"HcwlMu-&L@&fw-2XVA&0"
"aurelie.chastaing@edu.tbz.ch"|"ee%aYh-aBVOJ4-BcYXAG"
"oceanne.marthen@edu.tbz.ch"|"TZQHun-TvIb&a-JjXwg1"
"dorothee.burrill@edu.tbz.ch"|"RXQ7Pk-A#em61-fRKuTJ"
"hakan.belden@edu.tbz.ch"|"Y26fqg-8Q%lz8-cT%pm@"
"celine.brunning@edu.tbz.ch"|"flxv3l-8FMvH4-55dQcF"
"anael.lapides@edu.tbz.ch"|"wxiUSF-Ujr6ZL-BAx0OJ"
"ruo.saffran@edu.tbz.ch"|"xe%7BM-9HTg4A-Yv#Kcx"
"loic.gerretsen@edu.tbz.ch"|"XgqEy9-s1wXOv-sK6@Ex"
"rui.fitzer@edu.tbz.ch"|"EF@OSc-ZazQ0Z-O%xUUq"
"annotee.ogers@edu.tbz.ch"|"neBpZF-&ihb&G-N3JD24"
"boerje.bindin@edu.tbz.ch"|"hyIXuR-7s25ob-5sUrJx"
"ma.cronchey@edu.tbz.ch"|"7zCIcN-HhY2HF-24%Aa5"
"laurelie.baiyle@edu.tbz.ch"|"MralkQ-BM98yQ-Lp@UKS"
"dorothee.older@edu.tbz.ch"|"9Wy&YO-SR6FGV-O$Q1Nt"
"laurena.wile@edu.tbz.ch"|"s3Tem&-lRAD57-$UV6aP"
"clemence.brito@edu.tbz.ch"|"UCT0P$-$H&H3j-UfZPlL"
"nadege.dallin@edu.tbz.ch"|"v0TsyL-%#DdzX-JsFt1K"
"mailis.matley@edu.tbz.ch"|"dXoGha-TJ9llj-dE3i$S"
"daniele.screaton@edu.tbz.ch"|"Iy1QyO-rm3yVf-beJAKU"
"mediamass.godly@edu.tbz.ch"|"c3ZlYV-0Ki&Ep-C&terW"
"leone.kremer@edu.tbz.ch"|"H4#9iB-Oq49Ik-H5MxRI"
"asa.adrian@edu.tbz.ch"|"XbWxkD-8s8xsH-xx$OLm"
"adele.doley@edu.tbz.ch"|"$gTuOV-h0k3gF-iiqmmp"
"fei.sidney@edu.tbz.ch"|"nz7e0H-d8lueZ-H#exAS"
"marie-josee.walisiak@edu.tbz.ch"|"JkBnP4-Pi3DyX-dZHZmk"
"desiree.diplock@edu.tbz.ch"|"#JEYO4-5V8KI5-$0vRQD"
"gisele.schust@edu.tbz.ch"|"M8kC4g-uoPBnh-WLVDmj"
"ma.longshaw@edu.tbz.ch"|"g@pkSb-iiJ17e-dEUm9l"
"da.boother@edu.tbz.ch"|"NX3Tgk-obIzG8-l5SZcs"
"simplifies.chaudhry@edu.tbz.ch"|"ppJRVt-DlfpkK-LMNyH7"
"garcon.baniard@edu.tbz.ch"|"r2iGTD-zYgm$T-N52FrO"
"gaetane.elphee@edu.tbz.ch"|"4ATlVm-HE7Qn3-N$nGWJ"
"gisele.hassey@edu.tbz.ch"|"lABCgn-o0al8g-s7INnF"
"oceanne.booley@edu.tbz.ch"|"GweVsf-#&ygKk-KJ78x1"
"oerjan.dibden@edu.tbz.ch"|"HjR2wr-cJF5OA-cO1DDQ"
"regine.ocleary@edu.tbz.ch"|"uH6@K4-HOHBo7-qdwFmo"
"selene.persse@edu.tbz.ch"|"YsHcE0-LdUi2P-FNQ7Mg"
"helena.adenot@edu.tbz.ch"|"BoFwaI-qsjTs1-jN&BfD"
"maelann.wassung@edu.tbz.ch"|"Sf@47R-OYVbc#-b%3F9d"
"frederique.ackermann@edu.tbz.ch"|"$L$hsC-uBaWvE-hlSBLo"
"audreanne.kahen@edu.tbz.ch"|"Lg8dLh-F&Dkow-ucuO4Y"
"maiwenn.lasty@edu.tbz.ch"|"7MRbGe-sW7LUe-9b@%0Z"
"yu.dictus@edu.tbz.ch"|"7xZju2-4HQbDS-zE0BAl"
"anae.dukes@edu.tbz.ch"|"bMytKW-qgDodb-LJSHMR"
"yenora.warr@edu.tbz.ch"|"v@f3kL-6ljI@H-IsI#Fg"
"esbjoern.archibold@edu.tbz.ch"|"PnMTX2-g9oNhF-HK%plD"
"milena.pardal@edu.tbz.ch"|"LCn#BV-w3J4Ne-$$2lp5"
"celestine.graveston@edu.tbz.ch"|"D5SYj0-SWVFxZ-X2NnPs"
"maena.dallas@edu.tbz.ch"|"Cq7lYj-xY2Vol-9U%$6K"
"andree.tuke@edu.tbz.ch"|"XxR387-kD6EW$-oGm2%J"
"methode.seldner@edu.tbz.ch"|"$2D@uc-zH0KmO-PEtBXx"
"venus.bullas@edu.tbz.ch"|"&fgVxY-YBu@FF-1eL0eW"
"mans.aguirrezabal@edu.tbz.ch"|"LFuk91-KqIVdm-wAsN%l"
"gaelle.eadington@edu.tbz.ch"|"&WTlrr-JiTeX%-yC5qOM"
"anaelle.falkner@edu.tbz.ch"|"H%fZNw-PSh5G5-Rul3%k"
"ophelie.height@edu.tbz.ch"|"Zc95yi-UIdbN1-X9oP1v"
"marten.bolding@edu.tbz.ch"|"5lMFc3-hjGf7Y-n5mw@L"
"pelagie.guswell@edu.tbz.ch"|"tCiAc0-U7G$5j-DXxWPx"
"gwenaelle.lecount@edu.tbz.ch"|"b$d$FF-PzCtV1-s&@Lo1"
"hakan.laden@edu.tbz.ch"|"RW1qsU-7TKbj6-hvycX9"
"marie-josee.hylands@edu.tbz.ch"|"rgaav2-&qjoU0-HPMdPf"
"zoe.kingshott@edu.tbz.ch"|"0isGFF-2H3Nbv-O3Wy6T"
"josee.janous@edu.tbz.ch"|"0VI&Xq-B#ToFZ-W$6J6#"
"laurene.gallally@edu.tbz.ch"|"eAlAW@-Ez$&jc-eijxjY"
"anael.bickle@edu.tbz.ch"|"NhOnnO-Avberi-dBO%7y"
"mediamass.lebbern@edu.tbz.ch"|"6B8l$o-jiyEGE-HyrATv"
"berengere.hovy@edu.tbz.ch"|"MXBcTy-kySamz-@70UQK"
"oerjan.kilmurray@edu.tbz.ch"|"8Wsm3c-d9CMlq-U4w8of"
"asloeg.venny@edu.tbz.ch"|"28jSfq-BNxR0t-w0nFiq"
"marie-noel.stoad@edu.tbz.ch"|"%WwcLg-WxN8$9-kJ#12s"
"hakan.pettifor@edu.tbz.ch"|"tCC$zz-k0yWXB-EXu@gG"
"maella.willgrass@edu.tbz.ch"|"$SPx4h-@4q%Jq-G8pJsg"
"therese.ludovici@edu.tbz.ch"|"LFlmFy-fZMnHZ-mrUspF"
"stephanie.trewhitt@edu.tbz.ch"|"X&q5Zu-0&2g0o-OiCGOG"
"maerta.bauduccio@edu.tbz.ch"|"vu9fBH-&qFynO-U$2tsp"
"gaetane.glaisner@edu.tbz.ch"|"Er&R8l-rOionH-3CIq0i"
"naeva.pargeter@edu.tbz.ch"|"FMQ9#u-&a1LN$-xqT8@9"
"salome.venable@edu.tbz.ch"|"5paqYR-ESu8Ht-PhDJUC"
"boerje.thickett@edu.tbz.ch"|"hQ7ssA-kW&faf-dySTFu"
"lucrece.prendergrass@edu.tbz.ch"|"2hrhxo-XnEa7F-xkLwhx"
"laurene.ockleshaw@edu.tbz.ch"|"jBbxVN-0ovVj@-77d5Cs"
"cecilia.pasticznyk@edu.tbz.ch"|"lrEbzi-4KfxV7-9I&8Si"
"stevina.mackey@edu.tbz.ch"|"QvxQby-yNvo%U-n666uy"
"marie-noel.reven@edu.tbz.ch"|"vQuSod-y0rtmB-YLKo9n"
"melina.quilkin@edu.tbz.ch"|"x16FYj-h%RZKX-O$PWxr"
"marie-noel.ferrie@edu.tbz.ch"|"h6KM2x-PqPptr-3EkEW0"
"leone.alphege@edu.tbz.ch"|"2kh5&o-uMB@Ak-B@NSQj"
"zoe.leverson@edu.tbz.ch"|"IJZ0EV-04E9i3-q1PK$0"
"annotes.grayne@edu.tbz.ch"|"hT2G9X-I#0Mp%-BNgihj"
"faites.lalley@edu.tbz.ch"|"FjovHt-m9fuJM-whTPcR"
"adele.wallis@edu.tbz.ch"|"bntd@q-Cu78&2-xsXvrb"
"severine.madill@edu.tbz.ch"|"ne%EV0-80Tper-fs@ESj"
"valerie.tebb@edu.tbz.ch"|"LKYHaV-4FQt#6-#UTvcp"
"kalliste.rasper@edu.tbz.ch"|"VN5Qn$-kZzcV8-usLBot"
"audreanne.palomba@edu.tbz.ch"|"@ddkI8-TgNUqQ-HfEyeR"
"elea.adamik@edu.tbz.ch"|"slO7Ww-cKye@E-gc%xG5"
"reserves.jakuszewski@edu.tbz.ch"|"uyoq3O-JUucU1-$d9uzK"
"athena.belhomme@edu.tbz.ch"|"ENxFsX-HpzDa%-dnjBIS"
"rebecca.crippin@edu.tbz.ch"|"tbKidi-BK1c$f-JZ2GT2"
"maiwenn.curman@edu.tbz.ch"|"p3bQhm-$Rbyby-d1Swby"
"andree.bunner@edu.tbz.ch"|"iewmh&-%WBzVU-FVwnC1"
"ruo.winckles@edu.tbz.ch"|"P87D&p-3dMQ%z-NBhwfs"
"naeva.buntine@edu.tbz.ch"|"%gCpau-Pz86lX-fpaBQn"
"boerje.dollard@edu.tbz.ch"|"oqCyOp-JBsq@s-ET%k%i"
"penelope.gorman@edu.tbz.ch"|"i37aqB-vqk&ng-GYI%L6"
"alois.robelin@edu.tbz.ch"|"nBQ5Fn-lJHqy4-bWmUBS"
"anaelle.tindle@edu.tbz.ch"|"9pfaD8-yk$MGY-jFBdt%"
"ye.frears@edu.tbz.ch"|"zlqzkd-FR2KQf-VVSh9z"
"andree.ovid@edu.tbz.ch"|"LTEmW3-rPq9gX-GGMNCf"
"hakan.peat@edu.tbz.ch"|"&Bp@38-TO$MPv-THKzBd"
"andre.januszewski@edu.tbz.ch"|"RVska0-GO3pPu-kVm@w8"
"annotes.clemmett@edu.tbz.ch"|"SxNfsk-2FbLUb-7md7HB"
"pal.lambswood@edu.tbz.ch"|"gNP0Rh-CdL9XP-HKiUnw"
"yao.lenton@edu.tbz.ch"|"c1wqQ9-3#SUDi-tK0l8z"
"hakan.boyton@edu.tbz.ch"|"qSlruK-ZBIRbW-yrTTUh"
"nelie.forsey@edu.tbz.ch"|"RM%apO-0UWC7G-BHrAmB"
"hakan.horche@edu.tbz.ch"|"7SPBAo-4kvzmo-2ad$hY"
"lorene.sinkings@edu.tbz.ch"|"ZtoGwj-EO8sh4-9s4o%b"
"marie-therese.creddon@edu.tbz.ch"|"rF99lM-sy#jVg-$v4rIe"
"berenice.tolworthy@edu.tbz.ch"|"Gaezwo-XTzZgW-cJsarU"
"theresa.land@edu.tbz.ch"|"ITI1tj-91IGX5-%LGR5j"
"marie-therese.gianilli@edu.tbz.ch"|"xA856T-ogyy66-QWg56w"
"meryl.glew@edu.tbz.ch"|"Rxrx82-JPcTUH-&uaUEp"
"adele.debling@edu.tbz.ch"|"iNZ&Kv-6bppHH-3s@0Jm"
"anae.metzke@edu.tbz.ch"|"%3jW2r-9$RpgP-DO4QoA"
"gaetane.gooden@edu.tbz.ch"|"0G0lPr-zh$4Qw-ASkExS"
"laila.bootland@edu.tbz.ch"|"UYKlE%-sS5tYN-tmF8w4"
"maite.helsdon@edu.tbz.ch"|"ZPvSoy-vN9orb-oZeqFO"
"andree.malley@edu.tbz.ch"|"APVH2b-WR8Lxc-LI9Znw"
"pal.simmens@edu.tbz.ch"|"Zf&HhI-p#7eeE-MVVetV"
"maelys.nuccitelli@edu.tbz.ch"|"4trmn4-NmhPD3-GU%78h"
"dafnee.sibary@edu.tbz.ch"|"sfz4FJ-jGTEdA-0ZlioI"
"alois.harsnep@edu.tbz.ch"|"onpaY&-22H7pi-VgHeVu"
"marie-helene.lacky@edu.tbz.ch"|"vLVazp-pCkuVo-EqYwGG"
"mylene.youthed@edu.tbz.ch"|"jv8CLO-Fc5ma6-7Y7q@B"
"marie-helene.dehmel@edu.tbz.ch"|"Wn8i5z-vVpEYl-wPu#ki"
"angele.batman@edu.tbz.ch"|"OqGHZP-vJ@pLS-b5XjZU"
"melia.younghusband@edu.tbz.ch"|"9g2BFS-OsfjMJ-xq5t4o"
"eloise.baldi@edu.tbz.ch"|"vrfegP-CE#MBY-f1oZDj"
"illustree.dun@edu.tbz.ch"|"NVaX$r-65A0KP-mzrfSc"
"genevieve.late@edu.tbz.ch"|"UD1BGs-iXo76v-xADAPR"
"celestine.colville@edu.tbz.ch"|"mnupqj-%14QGB-o6gMqi"
"gwenaelle.scarlon@edu.tbz.ch"|"wE$iAd-Vn#Yli-ii@GFX"
"regine.boddie@edu.tbz.ch"|"&iRR@9-@4SXTY-SuDGk4"
"creez.gaughan@edu.tbz.ch"|"soHmwf-eo28wb-1%Ff%y"
"gaia.longford@edu.tbz.ch"|"j@&G0e-EE#v3e-J52rrU"
"mailis.buckby@edu.tbz.ch"|"8SweLS-ASqmC#-tuFhXk"
"song.parbrook@edu.tbz.ch"|"HHnTlw-FHcM9%-KNuJ7W"
"frederique.heddan@edu.tbz.ch"|"zRRDFx-ZYW$nq-&7@Yn7"
"ake.kirtlan@edu.tbz.ch"|"AUlZ9I-XQxnIY-H9qIRH"
"nelie.runciman@edu.tbz.ch"|"p9%8ao-pzSEuZ-dv0VWe"
"mailis.cardnell@edu.tbz.ch"|"#7o&X1-E%MepM-enDA$#"
"irene.navarro@edu.tbz.ch"|"fdU@%o-HFxmw&-xvE$gE"
"maite.cough@edu.tbz.ch"|"#EZ8PJ-HMXE7T-rF8uT@"
"anaelle.stocky@edu.tbz.ch"|"gdCM@M-ope5Ji-h42XNt"
"methode.moulder@edu.tbz.ch"|"wzuIus-Nf%3py-3#9c@Y"
"po.stafford@edu.tbz.ch"|"ZLLWyt-kf4HQj-$mGLea"
"faites.scraggs@edu.tbz.ch"|"Su#H&6-CrWG6p-YDHSe&"
"adelaide.dullard@edu.tbz.ch"|"6Gj6C5-nRIvCc-TbuARc"
"desiree.leonard@edu.tbz.ch"|"EE2Tsc-udo7TU-Yu7vDi"
"geraldine.badgers@edu.tbz.ch"|"f6TZl$-Xj0rVU-2mPahp"
"ruo.masic@edu.tbz.ch"|"GBvGlk-DulCWa-cEja6$"
"aurelie.lieber@edu.tbz.ch"|"QTT0DK-TgMdSl-I6k4ER"
"naelle.balcock@edu.tbz.ch"|"w0z2oX-3GNRSg-Ps3bFT"
"camelia.elger@edu.tbz.ch"|"NLK0NL-kJjC4c-qSIt#R"
"publicite.oakeshott@edu.tbz.ch"|"6Akp&y-LvwUeZ-7ZYrrX"
"cleopatre.fawley@edu.tbz.ch"|"Aw38mH-2ThQEx-l2tTkU"
"laurene.bruckmann@edu.tbz.ch"|"9luSXM-itq2#Y-AydoPH"
"rui.haughton@edu.tbz.ch"|"PnaiIQ-SgUrKH-RVHP&4"
"asa.ladewig@edu.tbz.ch"|"iOc$hr-5Dk%V@-PE$b%J"
"gisele.janecek@edu.tbz.ch"|"SdCEsO-AtQ8#$-$KE7uY"
"maily.loveridge@edu.tbz.ch"|"kV8Iey-Mw2VnU-BXc7Eh"
"marie-eve.yurkiewicz@edu.tbz.ch"|"0O&Xv7-JP9KmQ-up7ql0"
"fei.roder@edu.tbz.ch"|"@Hp3X6-ESL&V&-IupW9P"
"edmee.chatburn@edu.tbz.ch"|"unDfJe-GJ3G$#-UmRnW4"
"geraldine.darke@edu.tbz.ch"|"iL%QvK-rjp38V-RA9Txb"
"ye.jira@edu.tbz.ch"|"SJXxL%-cIirn$-HmdhOe"
"publicite.persent@edu.tbz.ch"|"l25pe3-Z9hGtG-ZzjAgs"
"severine.wilcox@edu.tbz.ch"|"rhe4@6-YpNq6Q-$MW&1Y"
"yao.mcclaren@edu.tbz.ch"|"Ah2w9J-QZEOX7-#0b0Ke"
"theresa.foynes@edu.tbz.ch"|"S4U%W2-kzIMXl-mC3dmW"
"stephanie.isley@edu.tbz.ch"|"daCKgA-yzMFfH-S#FeD&"
"torbjoern.growy@edu.tbz.ch"|"U%4yac-cfujmd-nw&bLp"
"eloise.tunnadine@edu.tbz.ch"|"rfahbH-hxuW9Y-vUgEHA"
"maeline.cossentine@edu.tbz.ch"|"g$oGYJ-0#Y3lt-sMOP9i"
"nelie.desantos@edu.tbz.ch"|"pZkE7H-LVk6&N-IQEenm"
"gaetane.axston@edu.tbz.ch"|"&OVqUk-n8RsoJ-qqYvxo"
"aimee.merman@edu.tbz.ch"|"lRSZ$n-GpZcs5-wO9VLW"
"oerjan.drivers@edu.tbz.ch"|"eXyW7M-Bna#h0-jnajZ4"
"aimee.miroy@edu.tbz.ch"|"PmtSIy-dNFsnK-Kmvwv1"
"nelie.glyde@edu.tbz.ch"|"$qRtdY-9UHA@q-Q1SZu@"
"hakan.kapelhof@edu.tbz.ch"|"otuhv7-qdKtWp-9D%ld&"
"maelyss.cauley@edu.tbz.ch"|"82$VwX-xj5NoO-ONmmfu"
"elea.vaggs@edu.tbz.ch"|"3dHgBz-we9O8X-u2%Lsm"
"maelys.but@edu.tbz.ch"|"Pb@$k7-v0#FbF-Q9bT#Z"
"maella.arthurs@edu.tbz.ch"|"G7kpsi-hzOoZr-sbc7b7"
"adele.liebrecht@edu.tbz.ch"|"rRq2dG-JbF92e-5bXknL"
"meline.lomasny@edu.tbz.ch"|"2xLZpx-@Ar0bu-QqI3Vb"
"mediamass.schwant@edu.tbz.ch"|"fdzvUz-HCZXbT-btAmI@"
"leone.saunt@edu.tbz.ch"|"aN1k4y-Za%4HZ-%EdByf"
"annotes.gouch@edu.tbz.ch"|"f69h3A-BWQ5J1-%jZNSW"
"gaetane.bowich@edu.tbz.ch"|"%$hAHR-yvvUe2-y0pxpo"
"alizee.strelitzki@edu.tbz.ch"|"ye6l4@-aks2wC-vHEL0M"
"leone.poile@edu.tbz.ch"|"fmjb1A-IkMKaF-vf6oX#"
"amelie.saban@edu.tbz.ch"|"Whkaoq-JJPg#e-aUbens"
"marten.mcmenamin@edu.tbz.ch"|"QmT60b-E4Atms-ODs72I"
"becassine.keets@edu.tbz.ch"|"JuI$ky-rAdvVY-7yC0Vs"
"celine.million@edu.tbz.ch"|"uYUKhQ-uyM#8c-fFGDxK"
"geraldine.belitz@edu.tbz.ch"|"QqIiFW-pb1jju-vwjAq3"
"salome.mardling@edu.tbz.ch"|"KTStFA-$PyqeT-Rw73s6"
"melia.blakemore@edu.tbz.ch"|"o4DiH1-64&Egk-aqBdUl"
"dafnee.mcaulay@edu.tbz.ch"|"VF8EKn-YeAqvR-A20xB7"
"garcon.dennett@edu.tbz.ch"|"HEsRTQ-o53lXf-zNaPru"
"interessant.lesor@edu.tbz.ch"|"qgAoaw-hW@y9U-5tGULv"
"annotee.wasbrough@edu.tbz.ch"|"nA2A70-GPERKc-c#EnvD"
"asa.ibbeson@edu.tbz.ch"|"#UCs@e-6i7CIa-nitjqD"
"maily.kennealy@edu.tbz.ch"|"y4m4SU-Kn6Dua-kPCahf"
"ye.seares@edu.tbz.ch"|"JLyl0l-dEigEF-gkeHG2"
"athena.harbron@edu.tbz.ch"|"jVKMgv-mR5Psm-TZBDl6"
"andreanne.portail@edu.tbz.ch"|"&i&GuN-un6ub0-gSYzXk"
"goeran.zannelli@edu.tbz.ch"|"0BaaEu-u70ifF-qGvSpa"
"gerald.leathlay@edu.tbz.ch"|"9g#q#W-pSHWlS-dd2h3G"
"andreanne.chown@edu.tbz.ch"|"e$qY1x-aEJoUT-Y2QN&5"
"esteve.clementel@edu.tbz.ch"|"hhFgvF-RGaJNJ-hHXuW#"
"leone.legan@edu.tbz.ch"|"Lj#Br4-HawFjH-41LcZu"
"maena.pownall@edu.tbz.ch"|"3BQkKK-7rPNZu-SFIfkf"
"andree.rettie@edu.tbz.ch"|"os9bcw-Firsc4-g7izLN"
"ines.kenwrick@edu.tbz.ch"|"7#XvDR-wW$Glv-Hy%nVx"
"marie-helene.yarnall@edu.tbz.ch"|"dQApLv-T0cev4-i0kzh#"
"po.martin@edu.tbz.ch"|"yWXEGX-ZXulCk-7ThPGm"
"ruo.celiz@edu.tbz.ch"|"f@&#ZA-ed6All-Y&YbYr"
"po.bissett@edu.tbz.ch"|"Aca%4$-AyTRpd-G&Aqr%"
"du.swindon@edu.tbz.ch"|"4VDdNI-x7fQ&D-HXkG3K"
"interessant.gouldthorp@edu.tbz.ch"|"xalN4L-uBPFdX-m#p#mn"
"leandre.lilburn@edu.tbz.ch"|"&WAtoX-1BtOEs-2&A8PE"
"bjoern.whales@edu.tbz.ch"|"saZ&p4-eE3Y1i-Qs4mG4"
"interessant.dieton@edu.tbz.ch"|"FZOwq9-i6EV4I-vGwGO&"
"celestine.redhills@edu.tbz.ch"|"n82z$3-p&q29I-SEUd%u"
"tan.yakovlev@edu.tbz.ch"|"%jH3#$-XZEJ@$-y71NWS"
"regine.mcdowell@edu.tbz.ch"|"I4aoDI-a9#m4C-F9SGIH"
"ju.coysh@edu.tbz.ch"|"HbmXNN-3fr9Fk-0CdAZa"
"reserves.ofallon@edu.tbz.ch"|"jLrne0-pSjVat-pxy9lR"
"frederique.sobey@edu.tbz.ch"|"Sds%Am-#JQlGi-4fT@Px"
"marie-eve.garstang@edu.tbz.ch"|"aqeMKt-oir24B-iAVWW$"
"andre.tapin@edu.tbz.ch"|"JjF$RV-1ZHaGa-C0zkPp"
"esbjoern.eynon@edu.tbz.ch"|"4D4qmo-hr8GvQ-Hsixhf"
"maella.duffy@edu.tbz.ch"|"Y%eKM7-$WTQ4b-@ONhO@"
"leandre.twinning@edu.tbz.ch"|"5cg9@o-7Znigq-RKX1wJ"
"mai.whittingham@edu.tbz.ch"|"J2DVey-2Pw4MO-&tz&Xo"
"rachele.shevelin@edu.tbz.ch"|"CyM1Ay-q@745@-8&Sesq"
"cecile.mcure@edu.tbz.ch"|"KE$&Oy-t%lKLe-kBdbn%"
"marie-eve.yurkevich@edu.tbz.ch"|"IRZchw-pH8ceA-uIedfn"
"almerinda.paice@edu.tbz.ch"|"gsMXL0-RPQEM7-bNCHa#"
"rao.howkins@edu.tbz.ch"|"Ti&4My-vFUv@9-cZ6HDn"
"serena.pack@edu.tbz.ch"|"gzAcSK-EPJLN6-zXJSh$"
"rebecca.mant@edu.tbz.ch"|"uYT#N2-UkYERe-f8823#"
"reserves.spitell@edu.tbz.ch"|"X#uo@T-W6&8zM-Wf5iMP"
"garcon.hamfleet@edu.tbz.ch"|"@ygA@k-uxHmu$-$xlhgD"
"methode.kerkham@edu.tbz.ch"|"rFbi@o-5o7iA1-hyzXcF"
"pelagie.camies@edu.tbz.ch"|"X@Un7W-9zF1Zc-3G5NKP"
"josephine.macpharlain@edu.tbz.ch"|"8m0jl5-EXQ2YJ-gbvaBt"
"eugenie.mathet@edu.tbz.ch"|"YHJ4Ar-9oX%00-TC&TEx"
"gaetane.brangan@edu.tbz.ch"|"daIOsY-FYkWXU-T2pcWp"
"michele.dewbury@edu.tbz.ch"|"kEVg9L-dPiqv$-C#D267"
"eugenie.elcott@edu.tbz.ch"|"hk@yV0-f#%azW-4M8Tyz"
"megane.harniman@edu.tbz.ch"|"l8aLn&-Bm4nhN-R94tJj"
"agnes.cluney@edu.tbz.ch"|"BzeEMx-GqTThH-Bzd#%9"
"marie-helene.angear@edu.tbz.ch"|"6IIcE3-kEB2CL-AeJnv7"
"melia.dolphin@edu.tbz.ch"|"TlR#@w-xomO6I-Ngd7@P"
"lois.ruseworth@edu.tbz.ch"|"JVuyR1-8wzR7&-SQxSbh"
"mailys.ryding@edu.tbz.ch"|"yqdNMr-Mr7lqF-xZqyO0"
"rachele.wulfinger@edu.tbz.ch"|"AHUvNN-wrF4&8-eqHoKL"
"gwenaelle.talton@edu.tbz.ch"|"n07p6R-Xgm8&B-8EG4m6"
"long.ronchetti@edu.tbz.ch"|"jGzRFp-LQIX#s-wC&Y1B"
"styrbjoern.kloska@edu.tbz.ch"|"j8lq%H-t@Dy1q-gd$K8J"
"len.sudran@edu.tbz.ch"|"LBO5@#-ILga@&-P$fJpa"
"maelle.andrysek@edu.tbz.ch"|"wwlMwv-f$o91S-Kes6%x"
"selene.senior@edu.tbz.ch"|"O$acUA-dOKdrZ-$EoMc3"
"anais.joskovitch@edu.tbz.ch"|"H65ArS-iqO1sK-bUdJCm"
"marie-noel.dally@edu.tbz.ch"|"huaX1V-d%@tgv-uh#Qmp"
"marie-helene.laurence@edu.tbz.ch"|"y48zv$-s@TsFU-G8Vs@O"
"camelia.foxon@edu.tbz.ch"|"&Rm1kV-n8vVwZ-IihOTT"
"helene.cankett@edu.tbz.ch"|"YjilI5-ZPnVP1-mcEstr"
"marten.mitchelson@edu.tbz.ch"|"vNtzWo-Bp6Qyi-eJ%Ony"
"helena.stirtle@edu.tbz.ch"|"Hn746a-lvjTjB-LBhzqh"
"leane.barmby@edu.tbz.ch"|"3Uf6Vm-0U$66e-6yB$jF"
"goeran.ofinan@edu.tbz.ch"|"T3ER8M-7UaF9E-m4w#hx"
"styrbjoern.proby@edu.tbz.ch"|"rYgtbI-$3xVX@-wdsI9S"
"zoe.halse@edu.tbz.ch"|"rsKhNr-j#RKR&-HnbfD4"
"kui.drable@edu.tbz.ch"|"A$Kq0j-j1niNm-ESb3Ap"
"desiree.bamford@edu.tbz.ch"|"8Y%daC-sM63UH-npYqri"
"zoe.suller@edu.tbz.ch"|"aNTVQh-MysvIc-tzOFaz"
"marylene.audiss@edu.tbz.ch"|"ZuPsol-De2JSX-FxV6%u"
"adelaide.poznanski@edu.tbz.ch"|"i2xukr-W1iaxS-g6v31#"
"maella.coleyshaw@edu.tbz.ch"|"l0J9oB-ZyI62F-$G6gfV"
"marie-francoise.gelder@edu.tbz.ch"|"jJccl5-Bb6JP0-q&wAfq"
"eleonore.chaffyn@edu.tbz.ch"|"FYUfa#-&6Hahw-viB@PM"
"celestine.sikorsky@edu.tbz.ch"|"eM2ldQ-Z342VV-Xbya4e"
"stevina.londsdale@edu.tbz.ch"|"IXJzID-O3$3lu-CvasWr"
"maiwenn.nevitt@edu.tbz.ch"|"$YQKQN-G2c@PD-@DpPC8"
"magdalene.gerrey@edu.tbz.ch"|"a#XOsm-V4JYBb-9USfQ1"
"becassine.latimer@edu.tbz.ch"|"X5QID3-vM3dmy-JUZWBd"
"da.lethibridge@edu.tbz.ch"|"C%se1x-8NcA#N-w&eaJn"
"mailys.claige@edu.tbz.ch"|"58I62P-DM0oPX-Xy@jXj"
"maena.torbard@edu.tbz.ch"|"BJi4M4-y2ZSxN-I@Jizq"
"solene.lyvon@edu.tbz.ch"|"xnVODb-WX0oJV-6Oiw5m"
"marie-therese.benbrick@edu.tbz.ch"|"WKfS&0-aYvzhz-gqviTE"
"gerald.edmonson@edu.tbz.ch"|"2kpW3N-LcwWd3-5IKkL$"
"ake.messruther@edu.tbz.ch"|"rMUNDi-3U6bVC-vke32B"
"men.gosneye@edu.tbz.ch"|"eSWKNN-qlfkKA-@FMaYG"
"anais.jefferys@edu.tbz.ch"|"JzqttL-OHX9EG-GLpXqi"
"publicite.tregale@edu.tbz.ch"|"JH2ZRZ-v##Eh&-be&rCE"
"maily.santorini@edu.tbz.ch"|"8UEFqs-0voK1#-y7Mvee"
"ines.pioch@edu.tbz.ch"|"kvumkc-ruPkkI-ffHPd9"
"noemie.marklew@edu.tbz.ch"|"%bp0iI-EuYt$#-ZT0U3D"
"meghane.maccaffrey@edu.tbz.ch"|"WC@nza-rUQ%t7-mq6&Kh"
"berangere.ambrogio@edu.tbz.ch"|"8uB3#p-xelQjS-8EglG6"
"mediamass.ryce@edu.tbz.ch"|"xtfeut-HX8gtp-JEFoRo"
"oesten.ubank@edu.tbz.ch"|"hPPABH-YWlqHc-FXI4$s"
"melina.mackee@edu.tbz.ch"|"yL#@5W-hDp4mr-GQG9WR"
"theresa.livezey@edu.tbz.ch"|"xtsVsj-56fVG8-k#WSv$"
"clemence.weal@edu.tbz.ch"|"Kx6GH2-z0@0vf-$vGADw"
"faites.overton@edu.tbz.ch"|"OOXdzE-@lW3e3-NOWKri"
"clea.lindblad@edu.tbz.ch"|"uzwvOW-aRJ110-Ns#cWk"
"josephine.roseaman@edu.tbz.ch"|"6DVicy-E9VKYm-58r9%b"
"oesten.lowbridge@edu.tbz.ch"|"h8c5i1-0U451X-V5RW5F"
"marie-josee.brion@edu.tbz.ch"|"9&9YkQ-Y%AOEs-Z3vNkh"
"therese.basili@edu.tbz.ch"|"JyBLcT-WfT&R@-Jim5gJ"
"melia.vertigan@edu.tbz.ch"|"o4yPAQ-d@Z4BB-VA8PKZ"
"judicael.saull@edu.tbz.ch"|"c1J$wW-iPHZU6-sTT8#g"
"selene.valentine@edu.tbz.ch"|"rjhGyh-wu@uRH-R@6#QZ"
"verane.dunlap@edu.tbz.ch"|"xL%PdU-ksDWH$-NTY0m3"
"meline.kinnear@edu.tbz.ch"|"K4mlUE-t$Uv8f-vGc5NO"
"lei.luttgert@edu.tbz.ch"|"RP$QY3-zZ0d&3-g4l1TM"
"styrbjoern.lathleiffure@edu.tbz.ch"|"hEwS%h-PFhgIl-BeBLvz"
"marlene.blasi@edu.tbz.ch"|"7%#c3v-1&l2eb-6aBUsv"
"mai.begwell@edu.tbz.ch"|"kZjI87-lLZzCQ-rPW64g"
"gwenaelle.kaines@edu.tbz.ch"|"OESWYe-D3XgxM-K%SPVr"
"gerald.adamthwaite@edu.tbz.ch"|"0OTUq#-XXqFlU-MnF8xa"
"kui.hartfield@edu.tbz.ch"|"kqG7HW-V5MIxG-wY4CQo"
"salome.currao@edu.tbz.ch"|"KfzCN4-%cw%@p-M3EyqL"
"angelique.tixier@edu.tbz.ch"|"ZfBnJN-yDdUmW-CsDxJD"
"ju.mcgragh@edu.tbz.ch"|"urG5cM-VnL0dn-zpJhn2"
"dafnee.beachem@edu.tbz.ch"|"U0tbDr-NXIGcS-GPA2aG"
"creez.terlinden@edu.tbz.ch"|"BvOhI8-ODHdu&-YV2pH8"
"uo.mcskeagan@edu.tbz.ch"|"CYxliO-1joLke-Qp95hs"
"edmee.mccaughren@edu.tbz.ch"|"W41SCR-63FBAh-xc3XCQ"
"asloeg.cozby@edu.tbz.ch"|"nzZ%xm-%Axd9E-rQJJJu"
"melodie.traite@edu.tbz.ch"|"6y2eNT-s@uHhW-8AlR03"
"dorothee.aindriu@edu.tbz.ch"|"d@XyQC-rT9z7M-@YqRQD"
"daniele.doley@edu.tbz.ch"|"uRDiAa-cY8cG$-KC1%a3"
"mediamass.fairclough@edu.tbz.ch"|"YIzVGH-%keiSF-zEeYiJ"
"lorene.rainforth@edu.tbz.ch"|"nPQmaJ-YR5fs7-vkF2Gv"
"leonore.eyer@edu.tbz.ch"|"AMnpTk-25g8T1-$An&1@"
"po.spillman@edu.tbz.ch"|"YuhnKM-L2nTCZ-EVJLRr"
"cecilia.plitz@edu.tbz.ch"|"U6HPjm-SGufeJ-doee1&"
"lorene.ludlow@edu.tbz.ch"|"%5oAbV-E2CSlA-oC4D9T"
"berangere.neligan@edu.tbz.ch"|"iapWF3-QJTUjJ-kOZv9y"
"simplifies.huggan@edu.tbz.ch"|"cjX5hn-y7TlG8-tTbOXi"
"clelia.prandy@edu.tbz.ch"|"zNjNkW-2P2417-Fw6ySr"
"ake.osban@edu.tbz.ch"|"W0uf4O-o6mvL6-e1eSDe"
"cunegonde.brunn@edu.tbz.ch"|"8%$YOk-pEh7ug-PwRd7t"
"long.grizard@edu.tbz.ch"|"BQDacQ-P#PgVm-CIGYbQ"
"meghane.diss@edu.tbz.ch"|"AHgPm8-5VNyGH-LhPBS6"
"therese.oldman@edu.tbz.ch"|"P1db@d-&nMH%2-YY&PbB"
"boerje.scamerdine@edu.tbz.ch"|"cRgi0U-VSjnBU-A6K43S"
"du.saban@edu.tbz.ch"|"v4NKIb-Ulce9u-GxEo5O"
"hakan.clynmans@edu.tbz.ch"|"&blcFO-xSNuhi-sE#qt1"
"wa.macdowal@edu.tbz.ch"|"oUmY77-C1oO6f-W@LFPn"
"venus.hatrey@edu.tbz.ch"|"JH7Q1$-ySeJAe-W9ydZN"
"anaelle.vispo@edu.tbz.ch"|"$$WW#p-L%YLIO-Dmakf@"
"mahelie.ollcott@edu.tbz.ch"|"blpQzc-c1STq#-5ovmez"
"mediamass.whyman@edu.tbz.ch"|"cQNCaA-L1ycos-UiVzav"
"esbjoern.basson@edu.tbz.ch"|"3dcykb-c%0&rn-HFjUzd"
"andrea.morrill@edu.tbz.ch"|"lEZpJl-MA0bjs-4#GMu4"
"melys.grassi@edu.tbz.ch"|"f2u9B7-&2Gr%p-5nTumP"
"leone.poleye@edu.tbz.ch"|"%8WKW2-JPesGa-$5zwAG"
"francoise.penny@edu.tbz.ch"|"e4if0O-63gb9y-5JQyIq"
"rebecca.edney@edu.tbz.ch"|"d0dPMR-ULP2JH-pGAaTH"
"adelaide.murtagh@edu.tbz.ch"|"n&ELdY-Y1X5eH-TKU%Vm"
"stevina.winterbourne@edu.tbz.ch"|"Du#6pl-O7912r-6cea2d"
"ma.cottom@edu.tbz.ch"|"LnxbKE-2C0&eW-iW#Io3"
"tan.harold@edu.tbz.ch"|"nZpwgL-4EyN$@-dWoDtt"
"venus.forte@edu.tbz.ch"|"&2vzWQ-BReXoR-D2rye@"
"almerinda.oluney@edu.tbz.ch"|"PHmc4H-De6GGb-ZGk5mH"
"cleopatre.brehault@edu.tbz.ch"|"UeNexS-8eZeu0-&QmCrJ"
"interessant.lapides@edu.tbz.ch"|"I98YJA-EBj8#h-ulW0Kv"
"reserves.hallatt@edu.tbz.ch"|"IQAETb-WW@Pkh-fpBsUa"
"annotes.birdwhistle@edu.tbz.ch"|"XLztM6-okzvlX-h61@4u"
"ai.dredge@edu.tbz.ch"|"LYBxdl-ULlmcy-@PTA3z"
"megane.mussard@edu.tbz.ch"|"B3#mmK-$BdW6v-mf2h58"
"esbjoern.gowrich@edu.tbz.ch"|"RZfCu9-osnIpf-V7acmc"
"boerje.brislawn@edu.tbz.ch"|"9Zto2K-OhiVI6-1Il%r7"
"becassine.wilce@edu.tbz.ch"|"TgLHyB-cFDk95-p2Ajve"
"personnalisee.oels@edu.tbz.ch"|"GNoYhW-pcjWd4-F656tY"
"verane.pett@edu.tbz.ch"|"YfSf3Y-MjozDy-%mBNMF"
"marylene.glewe@edu.tbz.ch"|"QCg42B-qevPuF-3kTDmB"
"lai.elson@edu.tbz.ch"|"ZEUPhQ-VoWHjo-sH21KC"
"serena.difranceschi@edu.tbz.ch"|"LxWRNz-w9OGKk-xdu2vA"
"lie.espinel@edu.tbz.ch"|"lb88Eq-JUhx7l-qS%vni"
"marylene.fantini@edu.tbz.ch"|"&#MHhP-zjLBrB-FY2hcm"
"andre.archdeckne@edu.tbz.ch"|"WuYzuy-T98#En-A8NC4h"
"goeran.bohlingolsen@edu.tbz.ch"|"QK6Suy-dY56Y2-qM0Gni"
"cunegonde.heffer@edu.tbz.ch"|"8U1uDF-7k%6ML-VGGgkE"
"tan.fechnie@edu.tbz.ch"|"9KPH44-OdAjbq-qyzYlo"
"marie-noel.brammar@edu.tbz.ch"|"2VRqt#-ePRY&v-Uqy#IP"
"simplifies.aven@edu.tbz.ch"|"jDGds1-x#Fj@N-w2pNNr"
"melys.pinchen@edu.tbz.ch"|"35A6#c-MPCmTc-6n0Ui7"
"edmee.joyner@edu.tbz.ch"|"ocZ4Kw-1W9R4$-DbPm$L"
"berengere.edess@edu.tbz.ch"|"E6hjfR-y42ZP@-MSLS06"
"marie-noel.goward@edu.tbz.ch"|"WpjKYN-e%cyy4-fbsyxy"
"ju.edmons@edu.tbz.ch"|"63B83#-#PG@W6-M9nQnI"
"frederique.airds@edu.tbz.ch"|"yvXPMr-itx9rN-29w#rB"
"reserves.dauby@edu.tbz.ch"|"HtHfNb-V%LMuc-1ClSfV"
"hakan.gynni@edu.tbz.ch"|"ZQ$84k-E@7S6Y-OJsfGy"
"leonore.pinwill@edu.tbz.ch"|"O3$oWv-IVC6sT-%SC2SA"
"marie-eve.mcallan@edu.tbz.ch"|"sgXBE$-c3b0H0-vAjtEy"
"naelle.yeabsley@edu.tbz.ch"|"1o3Pz#-y#21%s-bF5abR"
"nelie.jacobovitz@edu.tbz.ch"|"TnO8C8-a&XNt&-t4BEtS"
"adele.conelly@edu.tbz.ch"|"R9b8mp-6A#CBU-2w&WKl"
"clementine.dondon@edu.tbz.ch"|"%IHicb-&k#BQN-wOOMDN"
"zhi.willcot@edu.tbz.ch"|"gXA00t-heAEzz-HkurGY"
"chloe.janicki@edu.tbz.ch"|"k8E@7I-5CNl2k-yfJiPv"
"meng.linde@edu.tbz.ch"|"@sFwMH-mp&hAm-WFra02"
"celine.janisson@edu.tbz.ch"|"9Co4II-XFSTEN-g5bwm8"
"clelia.crow@edu.tbz.ch"|"xE$JNz-tk3&4o-cAZh&M"
"cecile.pyott@edu.tbz.ch"|"n$tVq0-tjoJn6-7Im4p8"
"ma.fidelus@edu.tbz.ch"|"McyZ4&-TLUNN#-xsHAOf"
"marie-helene.poore@edu.tbz.ch"|"9oqz6X-cvfsj6-RUu6$M"
"elies.blanket@edu.tbz.ch"|"wJEeUo-Mlqi7j-aK9Jw#"
"yu.boyer@edu.tbz.ch"|"vBCqrK-O$g8CD-l%PtiN"
"celia.welds@edu.tbz.ch"|"IRxdmc-oPjGXn-Lqx&xC"
"du.gunney@edu.tbz.ch"|"$%yDn1-87Pnxq-T6US%F"
"goerel.crush@edu.tbz.ch"|"sWJWKR-TFAtHS-#kFB#G"
"marie-josee.brosius@edu.tbz.ch"|"G8W1WP-&oOnMI-&lPNSb"
"camelia.adds@edu.tbz.ch"|"nSzu42-GTDvny-0Ieene"
"anae.irwin@edu.tbz.ch"|"vRE4Z4-QBz$Iy-iNcOad"
"cleopatre.skeffington@edu.tbz.ch"|"oSVm0X-WCHQr7-oY#qLB"
"gerald.suggate@edu.tbz.ch"|"QIgv2C-lg5dSO-kkmn7h"
"laurene.tailour@edu.tbz.ch"|"9pwQyz-MAG%l8-OmEnp9"
"amelie.hoble@edu.tbz.ch"|"trrEcr-2wuOu6-@T8pUx"
"venus.getch@edu.tbz.ch"|"oZVl4n-b7LvFQ-mUP4E1"
"renee.treby@edu.tbz.ch"|"GWfwBx-mclgrZ-800mP7"
"almerinda.stait@edu.tbz.ch"|"kupq#L-9%v@0A-MCnXu3"
"andree.reddecliffe@edu.tbz.ch"|"NBOEfC-bxcKx2-LkiGwW"
"leone.wintle@edu.tbz.ch"|"AR85n0-89#nnr-hxNqam"
"gerald.fellow@edu.tbz.ch"|"tgqdqD-6pZHiy-PJVwIG"
"ju.gudger@edu.tbz.ch"|"ZhRF4S-ZLcf%$-GEr5k#"
"meng.ohaire@edu.tbz.ch"|"nC3Njt-RvA4FA-R8H540"
"cleopatre.missington@edu.tbz.ch"|"CrBHyZ-PWdG&g-nEkKn0"
"annotes.debruyn@edu.tbz.ch"|"8Xdg#h-XhLM1s-t2A#zk"
"gerald.sinisbury@edu.tbz.ch"|"uE@hFg-EzTm5e-Yp@rBp"
"creez.slora@edu.tbz.ch"|"Idsp3D-3SjJs0-XW0NJL"
"gisele.benbow@edu.tbz.ch"|"uly7zJ-D0cnoR-AueUxl"
"pal.dossit@edu.tbz.ch"|"GWDXNS-mFVr5Q-N3dHK3"
"nelie.stirrip@edu.tbz.ch"|"WW@f$M-xLlnY2-KK8zJq"
"alois.ocrigane@edu.tbz.ch"|"r2dP1h-U&hQb2-LR&bF5"
"kui.mcterry@edu.tbz.ch"|"ZjKJh2-TiwrPi-&&Gymz"
"long.willgoss@edu.tbz.ch"|"t6RrWX-gPU@zJ-IfjhPO"
"francoise.sumpner@edu.tbz.ch"|"aaWnP3-O9y6I3-%h8zhR"
"maely.grinstead@edu.tbz.ch"|"7vVJbt-W0iUI5-I&svWE"
"creez.langeren@edu.tbz.ch"|"60#uod-2yw%vs-#PfwRj"
"adele.dungate@edu.tbz.ch"|"mtok4S-Aj6NYp-syDXt8"
"cleopatre.noirel@edu.tbz.ch"|"$5mEu7-a1qMgF-KN2@C0"
"interessant.daverin@edu.tbz.ch"|"#VZ&zr-O5WdiT-O9GuE4"
"naeva.kalderon@edu.tbz.ch"|"1rEVxO-aLn@Gk-BIvgyq"
"anais.oshesnan@edu.tbz.ch"|"3d0KWX-FwGVcP-tf&ZHZ"
"judicael.anelay@edu.tbz.ch"|"SI#PfR-nmH&Tm-FjOsjx"
"eloise.braxton@edu.tbz.ch"|"iTg#ki-D8K#ew-dgoS8n"
"desiree.greguol@edu.tbz.ch"|"rV1sjl-yEDV0H-liXqtJ"
"maite.mcclenaghan@edu.tbz.ch"|"qGd%ua-V@K#8l-BkO1xi"
"meng.doret@edu.tbz.ch"|"EJ6mKP-Ou%N#f-%0%jDX"
"frederique.chippendale@edu.tbz.ch"|"b#Wxlw-xX4V2F-VrZ2nF"
"andreanne.lanney@edu.tbz.ch"|"q2Y@TG-IN$GJe-RguuzK"
"aurelie.claus@edu.tbz.ch"|"aEKhBB-tFhNxB-IKuSvn"
"renee.pabel@edu.tbz.ch"|"jJTzzV-o6wOm1-r%EedS"
"maena.roust@edu.tbz.ch"|"i5ndOI-BhsX99-#2j%hY"
"nadege.carwithim@edu.tbz.ch"|"xUy2DF-&XRk&h-@3F66S"
"solene.geyton@edu.tbz.ch"|"%&fWdw-zw7lL9-MjwOEx"
"dafnee.avraham@edu.tbz.ch"|"Pvdevf-@BZbNz-H70#zK"
"leane.woolvin@edu.tbz.ch"|"8r$cvK-&mcX5A-wyIY5Z"
"adele.macadie@edu.tbz.ch"|"m7Tk#H-%biNo7-r3SZ8y"
"meline.rubica@edu.tbz.ch"|"i8m%mP-CDpzR$-w#3uwO"
"marie-noel.speeding@edu.tbz.ch"|"57JSu7-kegdRS-7MAC&5"
"nelie.mix@edu.tbz.ch"|"elA72g-s9q#nP-ieJ@PU"
"clea.ollett@edu.tbz.ch"|"&e33fq-q047Wa-Gobc@b"
"leandre.mcgavin@edu.tbz.ch"|"2VWH11-RsE#fJ-x&%uay"
"cecile.behne@edu.tbz.ch"|"6#tR2a-Qww&lG-FHQ2Hq"
"melanie.polle@edu.tbz.ch"|"kChMPK-vOF3W3-QNW&JB"
"marie-josee.titmuss@edu.tbz.ch"|"Wh5twI-9fb&&3-EQF9Vp"
"helena.guest@edu.tbz.ch"|"D$F0Lt-WCVD7j-BFMQr0"
"annotes.chicchetto@edu.tbz.ch"|"1bw0%c-19YQ4n-oeX1uR"
"melia.tubb@edu.tbz.ch"|"yfzQkS-7F1F&M-pHj7sl"
"angelique.casetti@edu.tbz.ch"|"w@4FAP-wrYNxf-kABPlF"
"cunegonde.cleall@edu.tbz.ch"|"&eI0e%-Bd4ZZ$-7A$B5J"
"camelia.oaker@edu.tbz.ch"|"E8uxNe-Y4AecP-#bTht8"
"you.searight@edu.tbz.ch"|"Kk1a&x-eVSzmk-r2x3Lw"
"kevina.dederick@edu.tbz.ch"|"o8#7mk-oqDgh%-viOGb2"
"milena.jeffrey@edu.tbz.ch"|"zQSnRa-N8@oE1-&qb1pj"
"melodie.barkshire@edu.tbz.ch"|"IAczHN-xwwQNR-0tr#2W"
"gaelle.kreutzer@edu.tbz.ch"|"T2w@Pr-lM5Cgq-jjnEkz"
"kalliste.kleinpeltz@edu.tbz.ch"|"RAq4dr-mt$usu-Zvdhaj"
"clementine.danat@edu.tbz.ch"|"s$WuG5-D$YUCp-D0n79M"
"andrea.wabb@edu.tbz.ch"|"QiYFPW-bhzZIe-HsYTYh"
"geraldine.piesold@edu.tbz.ch"|"FHo03a-lMTV$D-$jhUKp"
"tan.fiveash@edu.tbz.ch"|"C0#TqO-dk6yWz-#ggprf"
"meline.yuranovev@edu.tbz.ch"|"dWp8tQ-qRAbRq-&$Rx0M"
"therese.holme@edu.tbz.ch"|"NjkdI0-@4&SkA-x#GHtk"
"salome.vaney@edu.tbz.ch"|"A#3uy2-d@B6q%-&WUq9T"
"anae.abramson@edu.tbz.ch"|"SsWOaY-BmEMdu-e8h4TK"
"kalliste.jimson@edu.tbz.ch"|"5vWY&k-PxTaSr-tT9la2"
"selene.yole@edu.tbz.ch"|"mLMxr@-Kj$sBv-6TeZRR"
"agnes.defraine@edu.tbz.ch"|"PDtaa@-YjwD5W-8ZrwCN"
"faites.mccluin@edu.tbz.ch"|"@0c5hL-PAVai7-svtAHY"
"athena.deme@edu.tbz.ch"|"LE6$Ga-d4LXC&-&l0&kb"
"daphnee.brigstock@edu.tbz.ch"|"@IvXdl-097F4P-FRppj4"
"goesta.skaif@edu.tbz.ch"|"URIZ$1-%BVlRS-zYR64k"
"oceane.jagoe@edu.tbz.ch"|"s1aU4B-wQaSsS-&ZS$DB"
"annotes.broomhall@edu.tbz.ch"|"uj7LqL-gwQH1a-WDzr7@"
"marie-eve.ballendine@edu.tbz.ch"|"K9gHZU-qZmtWm-iax0ok"
"melina.spykings@edu.tbz.ch"|"LLJH44-jBGacT-X00UFz"
"laurene.ticehurst@edu.tbz.ch"|"4x@tcg-$X&idl-FFmEyM"
"fei.avramovic@edu.tbz.ch"|"sG6@G&-p&m7Lw-FeoJaX"
"publicite.strathearn@edu.tbz.ch"|"ETyQQM-zf&%8@-WLoA&X"
"torbjoern.garrow@edu.tbz.ch"|"2UhRgj-r&aVxI-V@Crwp"
"chloe.rubinsztein@edu.tbz.ch"|"7uby4r-JK9$4Q-Eqq2iT"
"mylene.demanche@edu.tbz.ch"|"n@YRN6-v7CPmA-dCMLra"
"mediamass.godlonton@edu.tbz.ch"|"zZA12a-7JQU5E-chd0fD"
"renee.shurrocks@edu.tbz.ch"|"$aFJ3#-39%Eb0-ws0Ji#"
"maiwenn.jedras@edu.tbz.ch"|"6%kYCX-c2oWD8-&6I6zo"
"genevieve.castells@edu.tbz.ch"|"HBduc2-1A1nQw-&fjqGZ"
"renee.sneden@edu.tbz.ch"|"YGocBL-Jg1F3V-6nWnO1"
"lai.mccallion@edu.tbz.ch"|"WA#r#j-AsKZkZ-53CUM9"
"kevina.impleton@edu.tbz.ch"|"G#Xx%2-4oU9Zg-YrqRwT"
"oesten.fresson@edu.tbz.ch"|"bdF#L4-q5CKMz-$JrwCr"
"verane.shawley@edu.tbz.ch"|"cdXaaf-0Hj4xR-u%hrOn"
"uo.sjostrom@edu.tbz.ch"|"rgn8W%-lyXuFW-4K4&BF"
"gisele.gothup@edu.tbz.ch"|"d@8ow6-X5zuiY-%9mgR$"
"renee.beauman@edu.tbz.ch"|"eY8qlS-N@@qHI-7g6RZz"
"elies.loton@edu.tbz.ch"|"oWURbN-mAMn@w-lL&R1L"
"valerie.elsmore@edu.tbz.ch"|"5#MoWu-YHgmmg-OfM$UT"
"berangere.delafeld@edu.tbz.ch"|"0qiiDT-eH61b6-HzRqnN"
"bjoern.schimke@edu.tbz.ch"|"FkPupb-6PF0q8-3iaC%x"
"loic.ericssen@edu.tbz.ch"|"zeZc3r-YRkG@c-tWMU1R"
"creez.richarz@edu.tbz.ch"|"%k%d1X-QA078m-ssxskc"
"athena.grocott@edu.tbz.ch"|"Ny1$CY-1o3ClP-ABPeDN"
"naelle.piotr@edu.tbz.ch"|"kZvL4A-uWU2mq-vsolkC"
"maella.paulson@edu.tbz.ch"|"a7cG6G-QXj2BY-rid9Fi"
"song.perot@edu.tbz.ch"|"kkzPnT-X39KUY-fmRuG3"
"kalliste.heckney@edu.tbz.ch"|"A0xvbW-yXPhDz-Use$xB"
"ake.vasyutkin@edu.tbz.ch"|"D@70g8-f%BPEa-ndE&5M"
"ma.castles@edu.tbz.ch"|"7zSxBW-c7zN@&-tRcQ61"
"maely.monget@edu.tbz.ch"|"T86VWU-Kc7b9E-tMD8cD"
"tang.durbridge@edu.tbz.ch"|"OPphzG-bcY4nr-3RJxdL"
"laurene.andrew@edu.tbz.ch"|"DSk$yn-N03RiR-h9$5X#"
"lysea.beacon@edu.tbz.ch"|"irB8B2-QRVZYC-rIQypW"
"leandre.peyntue@edu.tbz.ch"|"GTjAFf-Kr2cRj-PFEgz9"
"rao.trever@edu.tbz.ch"|"$rFwO$-YZYdMy-pOx$c2"
"mahelie.streader@edu.tbz.ch"|"nDqLG6-K&6S3K-chu3AE"
"maerta.andrejevic@edu.tbz.ch"|"%hd@eg-kbq%N5-dTAnuh"
"goesta.tompkins@edu.tbz.ch"|"qkV%mq-ZGP1@B-ZJ8vNm"
"helena.agates@edu.tbz.ch"|"HGFuCd-nEfA79-hWHsPW"
"therese.glass@edu.tbz.ch"|"CHXIBe-4B67mQ-pHJi#c"
"alois.foan@edu.tbz.ch"|"NB&M83-DjanXi-hT@g6b"
"becassine.melchior@edu.tbz.ch"|"L&&TWQ-1gADhV-NL1AGb"
"cloe.robart@edu.tbz.ch"|"im$e3B-UHiTL3-qBlZ6w"
"daniele.puckinghorne@edu.tbz.ch"|"%YJUqV-IJOp2f-fCPJ34"
"selene.cammidge@edu.tbz.ch"|"#w#M1v-Fyfo&$-NEAeOC"
"regine.conochie@edu.tbz.ch"|"SKafYk-bQ%Kxr-PcDPgX"
"interessant.tuiller@edu.tbz.ch"|"z671%8-JD9OE&-7IvFuP"
"long.tiebe@edu.tbz.ch"|"F87apX-lYa3QL-t%50q6"
"mans.yele@edu.tbz.ch"|"fH3UYI-ZzKd5Q-KV6Yng"
"ai.giles@edu.tbz.ch"|"mYcmft-mycpQc-LeUjWQ"
"gaetane.hamberston@edu.tbz.ch"|"p0tQiJ-WIaWhe-nHd4h2"
"marylene.fenix@edu.tbz.ch"|"A2V95d-q5hsJI-JZ$hwJ"
"geraldine.graeme@edu.tbz.ch"|"NmGyMw-LcYBMM-mkpJRH"
"tang.kinglake@edu.tbz.ch"|"kbOeV9-lZcd7N-@@yQJ6"
"lai.challoner@edu.tbz.ch"|"SiloM3-eX&%QP-%Gh%Vh"
"desiree.mattei@edu.tbz.ch"|"eSDCBp-WvlD32-oCqzTb"
"ake.erley@edu.tbz.ch"|"$1&0N%-AselIj-t@JLLD"
"edmee.cavil@edu.tbz.ch"|"$KR@nJ-AYMDGc-u3YRWj"
"alois.moyes@edu.tbz.ch"|"RO@qGc-hFyDH7-Hl51S6"
"becassine.pitman@edu.tbz.ch"|"P3aUII-tKxr5s-p@H#oF"
"ai.giacovelli@edu.tbz.ch"|"1cSZYZ-Pg8Gy6-Wm56rR"
"judicael.fruchter@edu.tbz.ch"|"3b%6ID-67F9lT-4kBk%I"
"mans.mogg@edu.tbz.ch"|"vd9jas-3#sUkG-0RePOg"
"gerald.foyle@edu.tbz.ch"|"8ayMad-LxKbGz-UtWVH2"
"wa.androletti@edu.tbz.ch"|"rmb$Oe-LgqAWl-64snJv"
"meng.ollett@edu.tbz.ch"|"ynY4sG-ut##1&-K2VwkM"
"naelle.macmenamy@edu.tbz.ch"|"DVR5nW-dn$Di7-a50hYC"
"gisele.mcramsey@edu.tbz.ch"|"VEHOZx-ZJs&r8-jKLW2m"
"meryl.scolts@edu.tbz.ch"|"nOmRTi-Ecedjj-CCGzc5"
"celia.bloxsome@edu.tbz.ch"|"AhLP&B-jdXnfR-54tZc%"
"styrbjoern.stuke@edu.tbz.ch"|"oyq1Wx-bpivs8-p4A3Jj"
"felicie.gwilliam@edu.tbz.ch"|"eNTxav-s#PLXE-c%mUya"
"da.harms@edu.tbz.ch"|"&%IVpY-gcVB34-ZzbNq1"
"celestine.baulk@edu.tbz.ch"|"DozM9r-bQc9&q-Nw4KBi"
"mahelie.blackledge@edu.tbz.ch"|"a&J1uu-T$Qg40-ZerZaP"
"meghane.salt@edu.tbz.ch"|"p6ybEb-leU3iE-baxOKe"
"methode.paxeford@edu.tbz.ch"|"Xr#DR7-vbBO&H-Iq%6oh"
"asloeg.milligan@edu.tbz.ch"|"glEia#-&zCrP6-dTOQWJ"
"you.pellman@edu.tbz.ch"|"gcJ8gE-pxpdlz-CkvZut"
"loic.regenhardt@edu.tbz.ch"|"$bYAo2-CDR$C7-O@Jg39"
"daniele.savill@edu.tbz.ch"|"s4lIM&-yZsUoM-A5w1d#"
"alois.cornu@edu.tbz.ch"|"NJVKdu-8G&iXM-lWfaj3"
"oesten.govey@edu.tbz.ch"|"c8ykrv-UueO6A-mSd1ic"
"marie-eve.louch@edu.tbz.ch"|"gBE9De-6d3S3a-ijvsoY"
"theresa.wenn@edu.tbz.ch"|"d4OJ6Z-WzzxIm-tIi@9P"
"andree.eul@edu.tbz.ch"|"hNMCfq-QDq6yU-l@E@LR"
"lie.paynton@edu.tbz.ch"|"wFcBy9-P70Bp3-OUH0%Q"
"marie-eve.girodier@edu.tbz.ch"|"CHkjKl-WFFx3D-o3NL5O"
"marie-noel.smithe@edu.tbz.ch"|"tOjfD5-WfQjxe-DF7x7D"
"men.bootyman@edu.tbz.ch"|"87NWsJ-eXda93-yRFbrZ"
"ku.sugg@edu.tbz.ch"|"IN9WNi-zOjDLM-K1RpK9"
"lucrece.roseman@edu.tbz.ch"|"IeQmPx-OT1@ts-#a4jvi"
"zoe.annear@edu.tbz.ch"|"4#dXfZ-%Q8B#2-VWYDbU"
"marie-helene.rennebach@edu.tbz.ch"|"xJskWv-Oq7@gP-jZLLsW"
"lea.djurdjevic@edu.tbz.ch"|"Ql22e9-wK66&b-$ZFQbk"
"goerel.robert@edu.tbz.ch"|"0ZkXjm-wfH9yR-bM8c4k"
"mylene.foldes@edu.tbz.ch"|"GSkCnQ-p@bfpK-3lPpY5"
"faites.clegg@edu.tbz.ch"|"91bZB5-5l0MUe-JOfFKu"
"marylene.crowcher@edu.tbz.ch"|"WU5ezt-FfxLxM-Vc6Pyn"
"aimee.wimpeney@edu.tbz.ch"|"yyqRUD-6xV8OQ-JMTxdk"
"renee.atkins@edu.tbz.ch"|"MsKK@e-C0f3@#-yDYL90"
"rejane.cainey@edu.tbz.ch"|"ndMyrf-iJ227W-J4D9xh"
"solene.britney@edu.tbz.ch"|"TaRa2n-mrnYc7-xhhx8C"
"marten.shatliffe@edu.tbz.ch"|"Z5C#FW-ww@&Rl-lPgh4F"
"maite.issatt@edu.tbz.ch"|"Z&VmCT-I7#f5N-R#SM6J"
"maelyss.edon@edu.tbz.ch"|"Qz&DAY-d$e3Ix-DfBCMr"
"nuo.bamling@edu.tbz.ch"|"AIIS2#-0ml%ec-RWljto"
"anais.edards@edu.tbz.ch"|"ASHqD2-UF@1Vu-zbUJMo"
"mediamass.bromet@edu.tbz.ch"|"4DU&tX-DyipJx-6EJ8i2"
"beatrice.kimbrey@edu.tbz.ch"|"9QfYG6-7SDhz$-RpiyJA"
"ines.lawranson@edu.tbz.ch"|"%ebDOb-IrnaJY-fKZbG4"
"kalliste.scandroot@edu.tbz.ch"|"M&ShcT-TmTMHY-ge$1w2"
"mans.barrowcliffe@edu.tbz.ch"|"sK4LBT-$n4uoS-WLfAso"
"irene.couves@edu.tbz.ch"|"0y2zlN-TTyH@a-rpaXLw"
"milena.mucci@edu.tbz.ch"|"Nh4tt9-WSGnDQ-@fX7Wy"
"naeva.cow@edu.tbz.ch"|"qKey#l-isB3e5-SnG8zB"
"audreanne.mournian@edu.tbz.ch"|"jRTefA-w4#7oO-HEwMmw"
"melia.sinnatt@edu.tbz.ch"|"Zn1X9c-sFaTuF-mJmq2X"
"nelie.burnard@edu.tbz.ch"|"w3OLYb-xzwgig-We@ZFz"
"clelia.ashfull@edu.tbz.ch"|"$glay7-VRe1$c-nMTaIV"
"lie.macard@edu.tbz.ch"|"Y0gtyf-Awis$Q-%64C5W"
"valerie.matoshin@edu.tbz.ch"|"@MK47O-&q6cwl-UeM&Ss"
"anael.hatherleigh@edu.tbz.ch"|"3DRBUw-oSRBd&-zYM49i"
"interessant.warratt@edu.tbz.ch"|"PRHTNw-S4OtKU-V%E52#"
"eleonore.volage@edu.tbz.ch"|"Tl4anz-X%CGZ3-mFO1jZ"
"zoe.stebbing@edu.tbz.ch"|"6wGXSU-w700s2-ugYWWF"
"alizee.nye@edu.tbz.ch"|"SwxjrE-VuLg7B-UralVf"
"celestine.bramley@edu.tbz.ch"|"$AfFSv-l6x$SE-B6ygJM"
"selene.philcott@edu.tbz.ch"|"xkJinM-#YhY8o-$#H&kO"
"tang.newens@edu.tbz.ch"|"ctV9dU-Ut3Jgv-dF1h@Z"
"annotes.powys@edu.tbz.ch"|"@epU%r-mvF2uB-Deu4c9"
"lea.matthesius@edu.tbz.ch"|"l0u1Oa-20V&yf-DUoy%U"
"illustree.garlett@edu.tbz.ch"|"UV3d9j-Uv31MK-tvE6SN"
"maiwenn.meachem@edu.tbz.ch"|"qQuABH-eV&NFe-60fIsU"
"marie-francoise.mcbrady@edu.tbz.ch"|"vqaY&m-KKrx7J-DJtr1s"
"illustree.gimbart@edu.tbz.ch"|"YBBX@n-hqy22@-BaO8EO"
"melys.lyosik@edu.tbz.ch"|"OR0scy-qqksgM-&#Hvnf"
"marylene.mcnab@edu.tbz.ch"|"txwzfa-I9MTX@-CfCgoX"
"gerald.blount@edu.tbz.ch"|"mwL4Lf-CkYzti-s9nnHr"
"clelia.shakelade@edu.tbz.ch"|"DM9P#z-&pjlcJ-trvN9H"
"penelope.cridlin@edu.tbz.ch"|"xktDp@-kwON3i-waJFs3"
"maena.okuddyhy@edu.tbz.ch"|"Oba&Gr-kUjvON-sFe7bZ"
"athena.keynd@edu.tbz.ch"|"fngW69-kIobWV-Ne9paK"
"cloe.dwine@edu.tbz.ch"|"etZRwI-P&mPzP-6ciSR7"
"josephine.browett@edu.tbz.ch"|"lZ8ypr-YSZFF8-Lh#aj#"
"audreanne.oscanlon@edu.tbz.ch"|"ZxEo94-1GIQvV-57zdYQ"
"fei.jeanequin@edu.tbz.ch"|"KWN28O-1sctLS-lJdZFF"
"lois.gormally@edu.tbz.ch"|"h#mkqn-FAMY&5-KvWsxS"
"marie-francoise.finnigan@edu.tbz.ch"|"Or&t9e-8ml%V5-SVa1Bv"
"leonore.trussman@edu.tbz.ch"|"CWsKbo-I0hlGI-Ygc@sF"
"anaelle.trumper@edu.tbz.ch"|"QKepkI-XNQ0Z#-gQJLbK"
"clemence.dionis@edu.tbz.ch"|"XTmr%&-wmLt38-MB44j5"
"lois.tranmer@edu.tbz.ch"|"hwQx7$-QiHt&V-Ls5lxe"
"interessant.volett@edu.tbz.ch"|"z4ABOw-No#mB8-UNONH#"
"personnalisee.deackes@edu.tbz.ch"|"%x@qxs-HFtH75-06L15x"
"lie.vasiliu@edu.tbz.ch"|"w9Uv6s-ONW#zE-DOsNcj"
"dafnee.lamputt@edu.tbz.ch"|"$@9O8%-zj4lJ9-$fYssK"
"elies.bromige@edu.tbz.ch"|"0%eviT-R8ygp&-d1fBQA"
"helena.klosser@edu.tbz.ch"|"t8lgEB-35cBsF-pyEhQw"
"andree.grim@edu.tbz.ch"|"rpnG2E-lxQ9ST-0vY9Tx"
"verane.coldbath@edu.tbz.ch"|"Q$&Xq$-zwVM6u-7N8rzj"
"helena.bethell@edu.tbz.ch"|"Q30wdv-54vTRc-hjVSh&"
"kalliste.carefull@edu.tbz.ch"|"Efh$nB-pY5&jl-Pb50No"
"regine.odams@edu.tbz.ch"|"DkMDrf-9NV2iS-4wW6iz"
"len.stannus@edu.tbz.ch"|"k@8lOY-UFAYDH-kKcuzn"
"angelique.works@edu.tbz.ch"|"I7ID$J-OrKEqC-tI7o@m"
"goesta.rheaume@edu.tbz.ch"|"wFK15S-MASvlK-nEZAfP"
"maelys.tynnan@edu.tbz.ch"|"kx9vg7-Hf8rz0-AaFuTs"
"maelle.carlesi@edu.tbz.ch"|"k1VUTn-XpdZ9N-spm64f"
"anael.spurden@edu.tbz.ch"|"0A0WNR-KH9&Nb-66QuYt"
"helene.pumfrett@edu.tbz.ch"|"bQhZ#1-z@H#IK-mJnhdN"
"goerel.pearn@edu.tbz.ch"|"BNH@zd-9tqrCI-S1d&Go"
"laurelie.dezamora@edu.tbz.ch"|"NEib9m-Don46l-vQWSkT"
"yao.twidale@edu.tbz.ch"|"&P@GIj-4jY#5y-Q8kM5f"
"berengere.sola@edu.tbz.ch"|"cDc7au-f08cIL-5DJv#6"
"maelann.hardistry@edu.tbz.ch"|"vOsjIn-UarHNG-I$XUHu"
"severine.littlefield@edu.tbz.ch"|"F1js$x-J@@0ky-7iqyOH"
"salome.heinl@edu.tbz.ch"|"%u6X0n-%qUwGd-Tc29ok"
"meryl.warbey@edu.tbz.ch"|"XKJ454-n@Dm8h-e$CdAS"
"da.hunstone@edu.tbz.ch"|"D6scOL-KFTRHa-qjKj0a"
"venus.broadbury@edu.tbz.ch"|"gYZ#ss-@V4AAg-$7pjN0"
"meghane.rentelll@edu.tbz.ch"|"BDRPPh-ZLUNo1-Zzp@8%"
"marylene.drewitt@edu.tbz.ch"|"flIoj#-#gK9gx-u#8zfP"
"melinda.jacquemet@edu.tbz.ch"|"bZS23&-45RVZo-8H4R3R"
"marie-josee.keyden@edu.tbz.ch"|"&gc%5o-gohobT-WZ&V9S"
"asloeg.montacute@edu.tbz.ch"|"YYJrxp-iajF4S-3HgSn1"
"ku.andreou@edu.tbz.ch"|"SFQxy%-62kyR@-aQc%g7"
"personnalisee.feaveer@edu.tbz.ch"|"q8tHq4-fWH3j#-Irx28m"
"laila.emptage@edu.tbz.ch"|"p@hQ$I-069c7&-w&cnmf"
"bjoern.dawdry@edu.tbz.ch"|"al2C@8-tDDcG9-JRUwda"
"marie-eve.dinsell@edu.tbz.ch"|"Qr2Q#E-JuuCWt-R6tZ7x"
"helene.follett@edu.tbz.ch"|"&v&YfE-53yjm1-izyV0c"
"penelope.cordero@edu.tbz.ch"|"M8TDHy-2SF64n-bd4B0W"
"boerje.beedell@edu.tbz.ch"|"vtf24k-bA#Vw$-jSYqKB"
"nelie.ferne@edu.tbz.ch"|"CmS$BU-xPGGy7-Bml$r3"
"celine.ahmed@edu.tbz.ch"|"Bjnb4l-HSaCdU-nhns#l"
"stevina.pimblett@edu.tbz.ch"|"&z5xtA-L31Xn2-9GBa%0"
"chloe.langlands@edu.tbz.ch"|"#KVQtQ-gQQ11%-1PcKXO"
"simplifies.maude@edu.tbz.ch"|"omGSEi-psY32J-knaFbr"
"genevieve.decarteret@edu.tbz.ch"|"nUNBpR-ZBQPCy-a7lC#C"
"marylene.mughal@edu.tbz.ch"|"h53sNc-ZytgDn-DKWgq%"
"goeran.guttridge@edu.tbz.ch"|"nAvncD-8k$uvq-jUHI7T"
"michele.smurfitt@edu.tbz.ch"|"p&QF27-Y0&xk7-ETZz1d"
"methode.hadeke@edu.tbz.ch"|"mVIESy-Oxssps-hFG$DN"
"therese.rispine@edu.tbz.ch"|"b%3$MK-j1WhC7-QM2bd8"
"goerel.plumley@edu.tbz.ch"|"sYfo1I-c6bxLx-RwIX8R"
"oceane.friett@edu.tbz.ch"|"kHDyF5-07$Tc0-Tf$eod"
"marie-noel.achromov@edu.tbz.ch"|"En%vYl-g#rr3#-udL8Gd"
"dorothee.storek@edu.tbz.ch"|"GW@Vhn-DSS7X7-#Tkz4#"
"goesta.whittle@edu.tbz.ch"|"i6i9Ol-hcsT5J-2PD1Ej"
"desiree.casely@edu.tbz.ch"|"Hc$iTB-om5T&4-prLl&C"
"felicie.condon@edu.tbz.ch"|"TKoIOz-iZgNf6-$kjpSc"
"maelyss.frisdick@edu.tbz.ch"|"eN5TG2-z%Ba&j-ZEtxwN"
"aimee.banke@edu.tbz.ch"|"Z&hrfK-b22zu#-6PXBe@"
"naeva.hodcroft@edu.tbz.ch"|"cnjI3k-Op8yDN-@p6CMK"
"laila.gerrans@edu.tbz.ch"|"kKmfPy-ecfchC-&7WCRq"
"daniele.scrimshire@edu.tbz.ch"|"bevoM4-%4#0By-$@gwYF"
"daphnee.sheerin@edu.tbz.ch"|"X2&$8o-3p7QHf-wlyuaT"
"pal.vanyukov@edu.tbz.ch"|"VHmBP6-VHYMFg-4H8zU4"
"zoe.childs@edu.tbz.ch"|"ImJF#Y-FLoKp3-NeSjWU"
"ai.corde@edu.tbz.ch"|"4w2PNF-CXmBXJ-ylqDgV"
"maelys.berryann@edu.tbz.ch"|"7G9aX9-cTfosW-E4J03K"
"cloe.gladding@edu.tbz.ch"|"gfEfvg-odebIU-1$UVFx"
"wa.kinnaird@edu.tbz.ch"|"aLKBLq-u9E4eB-opoRm5"
"publicite.brittoner@edu.tbz.ch"|"RGuVvM-DhowrR-NCMVft"
"rao.windress@edu.tbz.ch"|"dJmz70-yxGBIe-H7eH8Y"
"uo.kollach@edu.tbz.ch"|"jVnSL4-bLOOn6-eFGj9D"
"josee.peskett@edu.tbz.ch"|"HS2sFJ-sZCIZm-q7tZmw"
"annotee.hasel@edu.tbz.ch"|"$d9m90-Hi7DvT-oZlm9n"
"cinema.lee@edu.tbz.ch"|"1qBPeU-q2gd$0-G%C2$w"
"lai.vedeshkin@edu.tbz.ch"|"C3imoh-HsQ&Hb-j5VkHj"
"renee.brisbane@edu.tbz.ch"|"U8aelc-O4JE4s-YpnkmA"
"ophelie.blincoe@edu.tbz.ch"|"IHAAiT-KB2wqA-2uTwk%"
"zhi.prazor@edu.tbz.ch"|"fBBsN1-f2tT%%-64#5uV"
"annotee.maddicks@edu.tbz.ch"|"$RJ0UA-%E$BWL-$D2SNS"
"maelyss.codd@edu.tbz.ch"|"sxUG&d-PdyD#y-s#cDLU"
"celia.peplay@edu.tbz.ch"|"8oIbPc-bHLhQo-cPRmPb"
"interessant.skone@edu.tbz.ch"|"3vICJX-IuN9Vj-j#NaLa"
"audreanne.hebdon@edu.tbz.ch"|"xS%tBS-gFeisj-aMBNJv"
"oceane.glen@edu.tbz.ch"|"W7@2aO-WgaZU@-9@ynOT"
"daniele.vanyushkin@edu.tbz.ch"|"2an0u6-ue5@#1-qjYib4"
"daphnee.ayce@edu.tbz.ch"|"qop8Cr-@wA$%T-faUkZ$"
"andrea.attride@edu.tbz.ch"|"dCvYzq-jdxNkV-2efnV%"
"penelope.bridgwood@edu.tbz.ch"|"QT0q#3-VvN2Ca-UfNFJ$"
"mailis.drewitt@edu.tbz.ch"|"b&vmjw-A4ciwh-1&&w%P"
"penelope.mollene@edu.tbz.ch"|"9pSvHE-dp#2%V-z5$S43"
"illustree.keely@edu.tbz.ch"|"CZG&5@-Q9Z1uK-Q#M0Bu"
"meng.brisseau@edu.tbz.ch"|"%x7vDL-NKFwt4-WYltd%"
"ruo.cleiment@edu.tbz.ch"|"Du%yr$-Z@OkKu-5svzqS"
"maite.krammer@edu.tbz.ch"|"wUmypE-ktZr7K-mBExA4"
"genevieve.verry@edu.tbz.ch"|"hQv$&I-qHko0e-53n0cP"
"lea.olochan@edu.tbz.ch"|"J%AJK%-uq$69l-stEz3r"
"naelle.brunnen@edu.tbz.ch"|"z9i8rW-d$pyMf-h#67n#"
"goesta.bragginton@edu.tbz.ch"|"qo1YeB-KJ2Br7-Xu%6G4"
"fei.danilyuk@edu.tbz.ch"|"mWd1Vd-IcWxV7-2mD%zC"
"adelie.turbitt@edu.tbz.ch"|"ta104q-Zc59B&-qtSNQe"
"marylene.nutman@edu.tbz.ch"|"LdWUdG-cs2Mft-Qti8Ya"
"therese.barbrick@edu.tbz.ch"|"0a@Hpt-Vc@rHS-Z4jeGv"
"melys.kolodziej@edu.tbz.ch"|"rnGWdb-NIe7gu-4LocTx"
"melanie.runchman@edu.tbz.ch"|"RmAYL7-@RfUKB-vEayik"
"serena.lafond@edu.tbz.ch"|"eXE0kb-tfj2ti-bF0H2j"
"pelagie.desmond@edu.tbz.ch"|"jObsyB-Ju8RI#-#Ez#vI"
"wa.spickett@edu.tbz.ch"|"4&4N#a-4cATqz-n6tJf3"
"po.shave@edu.tbz.ch"|"7WWsXU-IDjm0c-C7o%Ev"
"song.huikerby@edu.tbz.ch"|"QHT2Ma-AuPSQg-#reXwd"
"melinda.bimson@edu.tbz.ch"|"#0nuX2-e&sekR-rnn6Cu"
"personnalisee.toffanelli@edu.tbz.ch"|"AvwsBq-641PI2-HD74Dl"
"leandre.hurn@edu.tbz.ch"|"8cOexn-f5bTKE-2xwcRh"
"oesten.standell@edu.tbz.ch"|"U%XTZ#-&dI&3Z-Kg6z3H"
"naelle.smaleman@edu.tbz.ch"|"ySpsGo-ytsWM6-d$Os&0"
"berenice.tayt@edu.tbz.ch"|"fuF#i2-D5DsbU-LQmlej"
"kui.popplewell@edu.tbz.ch"|"2smFeM-ytkUnk-CPdfu2"
"melodie.ferandez@edu.tbz.ch"|"UHQ&p&-mF9zO8-TTuoyb"
"josee.negal@edu.tbz.ch"|"oEI$h&-2ZtD5W-WEbfji"
"melissandre.ferrelli@edu.tbz.ch"|"71WCvw-ZNK7L@-eQ#XHu"
"josephine.kemmer@edu.tbz.ch"|"O9$g8X-wZ57XT-6KRYoU"
"maely.cayette@edu.tbz.ch"|"h75OBd-ko9XPq-yBhnZT"
"nelie.vela@edu.tbz.ch"|"QP@y0V-gbRwTY-%SHs&G"
"melina.cortes@edu.tbz.ch"|"efmwoz-&oJDM$-@QxHMj"
"megane.leyshon@edu.tbz.ch"|"szlblv-iaplZj-DqzbU3"
"regine.harrie@edu.tbz.ch"|"nxYfT2-@qJrED-IroAKP"
"mylene.widdison@edu.tbz.ch"|"0AcO$7-cUP6AX-aG9QhT"
"pelagie.vivash@edu.tbz.ch"|"yqdHDJ-ypX@m&-fzavqZ"
"styrbjoern.vicarey@edu.tbz.ch"|"wj&8Sr-wiMGaG-3JH3qp"
"long.kyles@edu.tbz.ch"|"o6Vz8n-WRX2BO-yVfCZB"
"stephanie.gipps@edu.tbz.ch"|"6K$j48-e1tT6%-yIMYPW"
"clea.constantine@edu.tbz.ch"|"A06Q0D-dC#Atb-n5$COy"
"maella.cometto@edu.tbz.ch"|"4EFUjP-fwaTIB-fZYYUq"
"laila.aubrun@edu.tbz.ch"|"5hDXlR-106vHq-781cxg"
"yao.austins@edu.tbz.ch"|"fWGAU1-JZ0YKh-JtcwYl"
"mailys.rylstone@edu.tbz.ch"|"HEb7EM-DzNor1-0uWE8C"
"adelie.curuclis@edu.tbz.ch"|"slq&l2-ubq8vd-7YoNzu"
"celine.longhurst@edu.tbz.ch"|"kOOS2A-P3u6XB-M5QWBX"
"gisele.hazell@edu.tbz.ch"|"ngxD&j-s2u8cX-KXMT8k"
"celestine.ciccone@edu.tbz.ch"|"0sbJLb-se3NlF-LlxLJq"
"maelyss.doole@edu.tbz.ch"|"cqfXaN-kbA$hO-ZfZs9T"
"helene.grimsdike@edu.tbz.ch"|"oj@QXB-r@HOx6-oxqUEm"
"lie.macer@edu.tbz.ch"|"Mqiwsw-sBL#7X-%AV9c5"
"maely.izard@edu.tbz.ch"|"kU1gaI-@&uGPZ-lX@GHG"
"erwei.breewood@edu.tbz.ch"|"$wlL6Y-KyIxgc-Q2IhY1"
"chloe.woolford@edu.tbz.ch"|"j$1r6a-NFYd9v-jWF48i"
"cleopatre.turpin@edu.tbz.ch"|"8u3gS8-w%V9#J-Bknox9"
"melodie.surgison@edu.tbz.ch"|"NxB5n8-LtIGbx-pBx13J"
"elies.leander@edu.tbz.ch"|"sgfh@6-IV1HfZ-KkQO0a"
"mediamass.reignould@edu.tbz.ch"|"rMnKHZ-aEA&5w-PNUKtP"
"celestine.wasmuth@edu.tbz.ch"|"AkCh3Z-l3GiFI-J&oO21"
"marten.jervis@edu.tbz.ch"|"z%Qpz0-UXZ&CK-TtG4P&"
"daphnee.bour@edu.tbz.ch"|"O#S8Vf-tuui1v-9%KSzO"
"regine.harlett@edu.tbz.ch"|"kUYrzb-w5%uvN-QJynxm"
"noemie.macaskie@edu.tbz.ch"|"we%z&T-PifByg-0xppBy"
"loic.renfield@edu.tbz.ch"|"a73P%v-ASSlKi-qyQakc"
"venus.kleinert@edu.tbz.ch"|"%qVba3-s#kyEe-RjEPfD"
"marten.burlay@edu.tbz.ch"|"Y3ot&h-UHWTuv-HE&O4N"
"berengere.radsdale@edu.tbz.ch"|"ocB6Mu-C18R4M-v$F9o$"
"genevieve.duckit@edu.tbz.ch"|"VKszhU-1yG%2r-StKo82"
"maely.ligerton@edu.tbz.ch"|"S51HsA-I8Kydi-HnKNlZ"
"maeline.ricciardelli@edu.tbz.ch"|"vhZboN-yS&Qwf-hgIWwo"
"personnalisee.yggo@edu.tbz.ch"|"76OPH1-0pROs8-8nzA0o"
"alizee.pettinger@edu.tbz.ch"|"E1nkXP-ApoIpX-f3D@dK"
"desiree.curnnokk@edu.tbz.ch"|"Vzcu@1-JXuz%o-nKQZWg"
"dorothee.minors@edu.tbz.ch"|"tpB#PS-7UmvfG-DwmKc$"
"oceanne.kopmann@edu.tbz.ch"|"Q7cILU-OxvWdo-W@Wdq$"
"almerinda.brodbin@edu.tbz.ch"|"oGGwbK-duj7ab-TWrzuh"
"yenora.carsberg@edu.tbz.ch"|"2nB57X-0wSxGr-kUXaWK"
"wa.beetles@edu.tbz.ch"|"aAr6k9-YBaala-r$vZK%"
"audreanne.abbot@edu.tbz.ch"|"1szf0E-SC@7#j-bj%bsy"
"noemie.capper@edu.tbz.ch"|"WR0#fb-5$gM87-y&zVit"
"mans.abramamov@edu.tbz.ch"|"tGoIR2-bX7zfi-MttDO%"
"audreanne.blakey@edu.tbz.ch"|"GyWW9y-%CA4xI-z%rYrv"
"leone.klimpke@edu.tbz.ch"|"12J&Wb-CjuGeF-iHkpqS"
"lie.croston@edu.tbz.ch"|"V3WxjX-JFUmq8-7g%vQM"
"anaelle.baistow@edu.tbz.ch"|"Qsq6et-ZXkdqX-&NU#0J"
"michele.garwood@edu.tbz.ch"|"MoVeXY-lIrUv$-naEVea"
"interessant.albion@edu.tbz.ch"|"AfiwM1-Fa%zEh-twrRJd"
"andre.brisco@edu.tbz.ch"|"5MO1um-vKTxEq-N3WZnu"
"tang.totterdill@edu.tbz.ch"|"cZLMKQ-TeVm2L-sP0oLQ"
"marie-josee.braundt@edu.tbz.ch"|"m8cFOj-fnoSI8-uq5q8%"
"lois.galer@edu.tbz.ch"|"pf#q7$-$pbC49-f2sqdL"
"faites.pellamonuten@edu.tbz.ch"|"iy$tzt-Bbiptn-Yo3b&I"
"mai.barfford@edu.tbz.ch"|"sUIAiP-MbbnAJ-aujxkb"
"laurene.macilory@edu.tbz.ch"|"%%&5gF-L&@o4V-Vb6et5"
"elea.peak@edu.tbz.ch"|"fBqLvV-Ra&E%5-SFMldc"
"rejane.doni@edu.tbz.ch"|"WhExDo-3T2Lrq-L5ZGIX"
"mahelie.ector@edu.tbz.ch"|"l&Ty@l-h#EW64-b00DMY"
"rachele.allum@edu.tbz.ch"|"f9q4&i-VMnyP8-peYaO0"
"laila.gerretsen@edu.tbz.ch"|"UHzz1h-0@LwjT-Qbtwjf"
"ines.bowman@edu.tbz.ch"|"UpOh9Q-Op&0WG-ch4KR9"
"publicite.barbary@edu.tbz.ch"|"x&vKZF-jsT6zC-sxRU4O"
"mailys.smooth@edu.tbz.ch"|"U5qc8T-UmQ7fD-Yr2wMK"
"mailis.huguenet@edu.tbz.ch"|"#%A#04-Vc5$5Z-hGssMm"
"lea.ewer@edu.tbz.ch"|"Me3UpL-2feYF9-DlVEF#"
